tree
version=v4
num_class=1
num_tree_per_iteration=1
label_index=0
max_feature_idx=18
objective=quantile
feature_names=wind_speed_10m wind_speed_100m wind_gusts_10m wind_dir_sin wind_dir_cos air_density temperature_2m surface_pressure hour_sin hour_cos month_sin month_cos day_of_year_sin day_of_year_cos wind_speed_rolling_3h wind_speed_rolling_6h power_curve_estimate wind_speed_lag_1h wind_speed_lag_6h
feature_infos=[0:41.399999999999999] [0:57.147908554559429] [0:53.82] [-1:1] [-1:1] [1.0517791527130496:1.236908453160398] [6.2999999999999998:48.299999999999997] [964:996.60000000000002] [-1:1] [-1:1] [-0.86599999999999999:1] [-1:0.86599999999999999] [-0.78390000000000004:1] [-1:0.99990000000000001] [1.03:41] [2.48:39.579999999999998] [0:100] [0:41.399999999999999] [0:41.399999999999999]
tree_sizes=1378 1440 1427 1431 1462 1452 1458 1454 1454 1443 1453 1462 1462 1440 1449 1455 1455 1450 1459 1458 1453 1460 1455 1462 1455 1457 1452 1442 1451 1448 1460 1462 1471 1462 1456 1457 1455 1457 1451 1463 1464 1468 1456 1456 1463 1459 1465 1466 1451 1470 1476 1464 1476 1469 1475 1478 1470 1470 1471 1469 1469 1473 1469 1478 1471 1470 1461 1469 1456 1471 1472 1468 1473 1478 1475 1472 1466 1479 1470 1460 1475 1469 1452 1454 1468 1457 1460 1469 1463 1451 1472 1477 1472 1467 1468 1472 1473 1469 1460 1474 1467 1472 1472 1471 1480 1473 1472 1475 1468 1473 1472 1463 1480 1482 1474 1475 1468 1475 1463 1473 1473 1447 1468 1455 1473 1469 1471 1474 1468 1471 1471 1476 1477 1475 1474 1469 1466 1474 1474 1470 1474 1477 1470 1471 1472 1461 1473 1476 1473 1477 1465 1466 1474 1478 1478 1479 1478 1479 1481 1471 1468 1476 1479 1477 1484 1478 1465 1480 1479 1465 1475 1477 1483 1483 1460 1472 1468 1475 1478 1473 1471 1473 1478 1478 1478 1465 1475 1478 1472 1479 1469 1470 1457 1473 1476 1477 1471 1471 1480 1470 1480 1472 1453 1474 1477 1478 1471 1485 1471 1470 1471 1476 1474 1477 1471 1471 1477 1471 1442 1457 1457 1469 1471 1471 1468 1471 1471 1464 1469 1471 1479 1472 1477 1462 1473 1464 1477 1470 1451 1471 1478 1463 1458 1471 1456 1471 1445 1471 1464 1471 1478 1477 1474 1469 1476 1464 1473 1473 1469

Tree=0
num_leaves=15
num_cat=0
split_feature=16 16 16 18 7 4 6 13 3 3 4 6 14 17
split_gain=261.174 3.13043 3.08329 1.22855 1.53592 1.17622 1.71998 2.16071 1.45973 0.898865 1.84573 1.26393 1.00221 0.792921
threshold=0.73696844993141308 1.5648148148148149 0.20980795610425237 8.1500000000000004 979.6500000000002 -0.16504132135358066 35.350000000000001 -0.92269999999999996 -0.73724926354828224 -0.53727914962411594 -0.94828754594723497 29.650000000000002 29.385000000000002 6.1500000000000012
decision_type=2 2 2 2 2 2 2 2 2 2 2 2 2 2
left_child=2 -2 3 -1 5 6 8 -8 -5 11 -11 -10 -12 -6
right_child=1 -3 -4 4 13 -7 7 -9 9 10 12 -13 -14 -15
leaf_value=0.22648710384964943 0.22648710384964943 1.0202343916300856 0.22648710384964943 0.22648710384964943 0.22648710384964943 0.22648710384964943 0.22648710384964943 0.22648710384964943 0.22648710384964943 0.22648710384964943 0.22648710384964943 0.22648710384964943 0.22648710384964943 0.22648710384964943
leaf_weight=81 53 4631 79 62 54 67 96 72 82 55 91 72 60 68
leaf_count=81 53 4631 79 62 54 67 96 72 82 55 91 72 60 68
internal_value=0.238401 0.243226 0.214334 0.213466 0.214075 0.213118 0.213831 0.21811 0.212128 0.210907 0.213068 0.208018 0.215924 0.219227
internal_weight=5623 4684 939 860 779 657 590 168 422 360 206 154 151 122
internal_count=5623 4684 939 860 779 657 590 168 422 360 206 154 151 122
is_linear=0
shrinkage=1


Tree=1
num_leaves=15
num_cat=0
split_feature=0 0 0 0 15 4 3 15 15 17 8 13 6 12
split_gain=175.541 82.4056 4.11688 3.96215 1.4238 1.60233 1.52775 1.57094 1.59984 1.48606 1.46152 1.43475 1.2019 0.929381
threshold=25.050000000000004 4.7500000000000009 3.8500000000000001 5.6500000000000012 23.390000000000004 -0.94828754594723497 -0.4539904997395468 30.740000000000006 26.525000000000002 29.550000000000004 1.0000000180025095e-35 -0.95999999999999985 25.250000000000004 0.6392000000000001
decision_type=2 2 2 2 2 2 2 2 2 2 2 2 2 2
left_child=1 2 12 -3 10 -6 7 8 -7 -10 -2 -8 -1 -4
right_child=4 3 13 -5 5 6 11 -9 9 -11 -12 -13 -14 -15
leaf_value=-0.011324355192482472 -0.011324355192482472 -0.011324355192482472 -0.011324355192482472 0.81409953812059532 -0.011324355192482472 -0.011324355192482472 -0.011324355192482472 -0.011324355192482472 -0.011324355192482472 -0.011324355192482472 -0.011324355192482472 -0.011324355192482472 -0.011324355192482472 -0.011324355192482472
leaf_weight=51 87 98 58 4586 56 92 59 116 82 61 60 52 106 59
leaf_count=51 87 98 58 4586 56 92 59 116 82 61 60 52 106 59
internal_value=-5.06845e-05 0.00318475 -0.0234672 0.00474381 -0.0241729 -0.0254054 -0.0244372 -0.0260541 -0.0284043 -0.0317133 -0.0198299 -0.0193243 -0.028758 -0.0163675
internal_weight=5623 4958 274 4684 665 518 462 351 235 143 147 111 157 117
internal_count=5623 4958 274 4684 665 518 462 351 235 143 147 111 157 117
is_linear=0
shrinkage=0.05


Tree=2
num_leaves=15
num_cat=0
split_feature=16 16 16 18 7 3 0 5 13 5 8 5 17 5
split_gain=251.066 4.19359 3.61775 1.4051 1.27972 1.27724 1.10789 1.3789 1.18777 1.18556 1.101 1.06896 1.58681 0.958353
threshold=0.73696844993141308 2.8556241426611808 0.20980795610425237 8.1500000000000004 979.6500000000002 -0.21643137258081238 25.350000000000005 1.1022139688588408 -0.90529999999999988 1.1071210431169931 -0.60354999999999992 1.118509522668149 30.750000000000004 1.1144919234709187
decision_type=2 2 2 2 2 2 2 2 2 2 2 2 2 2
left_child=2 5 3 -1 6 -2 -5 8 10 -9 -8 13 -13 -11
right_child=1 -3 -4 4 -6 -7 7 9 -10 11 -12 12 -14 -15
leaf_value=-0.010758137432858347 -0.010758137432858347 0.77682108609434364 -0.010758137432858347 -0.010758137432858347 -0.010758137432858347 0.0011863983364766299 -0.010758137432858347 -0.010758137432858347 -0.010758137432858347 -0.010758137432858347 -0.010758137432858347 -0.010758137432858347 -0.010758137432858347 -0.010758137432858347
leaf_weight=81 50 4582 79 84 122 52 64 53 83 98 61 104 56 54
leaf_count=81 50 4582 79 84 122 52 64 53 83 98 61 104 56 54
internal_value=2.6678e-06 0.00473313 -0.0235942 -0.0245349 -0.0238832 -0.00529412 -0.0247565 -0.0239703 -0.0207212 -0.0258219 -0.0238 -0.0246474 -0.0275 -0.0216447
internal_weight=5623 4684 939 860 779 102 657 573 208 365 125 312 160 152
internal_count=5623 4684 939 860 779 102 657 573 208 365 125 312 160 152
is_linear=0
shrinkage=0.05


Tree=3
num_leaves=15
num_cat=0
split_feature=16 0 16 9 3 3 13 15 15 6 17 3 3 18
split_gain=242.824 6.66885 3.35917 1.2392 1.35653 1.388 1.23529 0.981357 2.26724 1.51619 1.36979 1.16008 0.959596 1.60608
threshold=0.73696844993141308 5.9500000000000011 0.20980795610425237 -0.98294999999999988 -0.3090169943749474 -0.4539904997395468 -0.92269999999999996 26.525000000000002 30.740000000000006 35.95000000000001 29.550000000000004 -0.6883283652607477 -0.0087262032186419397 8.1500000000000004
decision_type=2 2 2 2 2 2 2 2 2 2 2 2 2 2
left_child=2 -2 3 -1 5 7 -7 9 10 11 -9 -5 -6 -14
right_child=1 -3 -4 4 12 6 -8 8 -10 -11 -12 -13 13 -15
leaf_value=-0.01022023056121543 -0.01081745734968218 0.82430164002806894 -0.01022023056121543 -0.01022023056121543 -0.01022023056121543 -0.01022023056121543 -0.01022023056121543 -0.01022023056121543 -0.01022023056121543 -0.01022023056121543 -0.01022023056121543 -0.01022023056121543 -0.01022023056121543 -0.01022023056121543
leaf_weight=51 139 4545 79 110 76 68 51 79 110 52 60 59 55 89
leaf_count=51 139 4545 79 110 76 68 51 79 110 52 60 59 55 89
internal_value=-1.51163e-05 0.00463706 -0.0232215 -0.0241279 -0.0246044 -0.0233531 -0.0185294 -0.0245745 -0.0267269 -0.0221493 -0.0309712 -0.0198521 -0.0279545 -0.0255556
internal_weight=5623 4684 939 860 809 589 119 470 249 221 139 169 220 144
internal_count=5623 4684 939 860 809 589 119 470 249 221 139 169 220 144
is_linear=0
shrinkage=0.05


Tree=4
num_leaves=15
num_cat=0
split_feature=16 0 16 3 13 9 3 3 13 3 18 15 15 6
split_gain=238.017 9.38916 3.25128 1.47996 1.25873 1.18267 1.32285 1.29202 1.23529 1.05795 1.77642 0.992295 2.48684 1.60947
threshold=0.73696844993141308 6.1500000000000012 0.20980795610425237 -0.50751903745502724 -0.17434999999999998 -0.98294999999999988 -0.3090169943749474 -0.4539904997395468 -0.92269999999999996 -0.0087262032186419397 8.1500000000000004 26.525000000000002 30.740000000000006 35.95000000000001
decision_type=2 2 2 2 2 2 2 2 2 2 2 2 2 2
left_child=2 3 5 -2 -5 -1 7 11 -9 -8 -11 13 -13 -7
right_child=1 -3 -4 4 -6 6 9 8 -10 10 -12 12 -14 -15
leaf_value=-0.0097092190331546577 -0.015533081839178082 0.8294559968876607 -0.0097092190331546577 0.00080287204807757474 -0.023240457858861138 -0.0097092190331546577 -0.0097092190331546577 -0.0097092190331546577 -0.0097092190331546577 -0.0097092190331546577 -0.0097092190331546577 -0.0097092190331546577 -0.0097092190331546577 -0.0097092190331546577
leaf_weight=51 52 4521 79 55 56 169 76 68 51 55 89 139 110 52
leaf_count=51 52 4521 79 55 56 169 76 68 51 55 89 139 110 52
internal_value=-8.62527e-05 0.00451964 -0.0230618 -0.00726994 -0.00400901 -0.0239535 -0.024419 -0.0231834 -0.0185294 -0.0277273 -0.0252083 -0.0243617 -0.0265261 -0.0219231
internal_weight=5623 4684 939 163 111 860 809 589 119 220 144 470 249 221
internal_count=5623 4684 939 163 111 860 809 589 119 220 144 470 249 221
is_linear=0
shrinkage=0.05


Tree=5
num_leaves=15
num_cat=0
split_feature=16 16 9 17 4 4 13 3 6 5 6 17 5 5
split_gain=229.471 14.5289 1.71024 1.64131 1.11884 1.46948 1.33273 1.02994 1.18419 1.15852 0.904213 1.10767 0.668335 0.673894
threshold=4.7122770919067225 0.20980795610425237 -0.98294999999999988 8.0500000000000025 -0.94828754594723497 -0.88697705852364728 -0.92269999999999996 -0.74892720285008318 38.550000000000004 1.1071210431169931 21.250000000000004 4.5500000000000007 1.1068889325835343 1.118509522668149
decision_type=2 2 2 2 2 2 2 2 2 2 2 2 2 2
left_child=1 2 -1 10 -4 6 -6 9 12 -7 -3 -12 -9 -14
right_child=-2 3 4 -5 5 7 -8 8 -10 -11 11 -13 13 -15
leaf_value=-0.0092237580814969241 0.81234017878322229 -0.0092237580814969241 -0.0092237580814969241 -0.031440703588162519 -0.0092237580814969241 -0.0092237580814969241 -0.0092237580814969241 -0.0092237580814969241 -0.0092237580814969241 -0.0092237580814969241 -0.0092237580814969241 -0.0086714822660544765 -0.0092237580814969241 -0.0092237580814969241
leaf_weight=51 4503 51 92 58 68 61 52 98 62 90 54 97 103 183
leaf_count=51 4503 51 92 58 68 61 52 98 62 90 54 97 103 183
internal_value=-0.000104037 -0.0203571 -0.0234884 -0.01 -0.0240482 -0.0233821 -0.0183333 -0.024397 -0.0256054 -0.0208278 -0.00787129 -0.00592715 -0.0266406 -0.0254196
internal_weight=5623 1120 860 260 809 717 120 597 446 151 202 151 384 286
internal_count=5623 1120 860 260 809 717 120 597 446 151 202 151 384 286
is_linear=0
shrinkage=0.05


Tree=6
num_leaves=15
num_cat=0
split_feature=16 16 17 9 5 3 3 5 14 0 5 12 17 12
split_gain=224.347 15.8979 2.11739 1.57852 1.11676 1.58849 1.02306 0.717402 0.675885 2.33349 1.308 1.51839 1.13588 0.957925
threshold=6.1406721536351165 0.20980795610425237 7.8500000000000005 -0.98294999999999988 1.0790229024003757 -0.74892720285008318 -0.50751903745502724 1.1127119187358427 29.150000000000002 28.550000000000004 1.1134244595159626 0.29345000000000004 34.250000000000007 0.42180000000000006
decision_type=2 2 2 2 2 2 2 2 2 2 2 2 2 2
left_child=1 3 6 -1 -5 7 -3 -6 9 10 -7 -12 13 -10
right_child=-2 2 -4 4 5 8 -8 -9 12 -11 11 -13 -14 -15
leaf_value=-0.0087625701774220795 0.91554061300507916 -0.015931901598169217 -0.025964997095570819 -0.0087625701774220795 -0.0087625701774220795 -0.0087625701774220795 -0.008781899824666959 -0.0087625701774220795 -0.0087625701774220795 -0.0087625701774220795 -0.0087625701774220795 -0.0087625701774220795 -0.0087625701774220795 -0.0087625701774220795
leaf_weight=51 4457 69 83 57 56 143 154 78 107 89 71 103 55 50
leaf_count=51 4457 69 83 57 56 143 154 78 107 89 71 103 55 50
internal_value=-0.000130713 -0.0196569 -0.00986928 -0.0231395 -0.0236774 -0.0241888 -0.00733184 -0.0192537 -0.0252589 -0.024064 -0.0260726 -0.0231609 -0.0275472 -0.0297134
internal_weight=5623 1166 306 860 809 752 223 134 618 406 317 174 212 157
internal_count=5623 1166 306 860 809 752 223 134 618 406 317 174 212 157
is_linear=0
shrinkage=0.05


Tree=7
num_leaves=15
num_cat=0
split_feature=16 16 17 9 5 3 3 5 9 6 17 12 0 14
split_gain=220.365 17.566 2.22696 1.55708 1.09639 1.54598 0.924376 0.717402 0.679577 0.835071 1.38543 1.82681 1.73202 0.673758
threshold=6.6741426611797001 0.20980795610425237 8.2500000000000018 -0.98294999999999988 1.0790229024003757 -0.74892720285008318 -0.47714059151611382 1.1127119187358427 0.91595000000000015 35.850000000000001 30.350000000000005 0.17650000000000002 27.950000000000003 27.450000000000003
decision_type=2 2 2 2 2 2 2 2 2 2 2 2 2 2
left_child=1 3 6 -1 -5 7 -3 -6 9 10 12 -12 -7 -11
right_child=-2 2 -4 4 5 8 -8 -9 -10 13 11 -13 -14 -15
leaf_value=-0.0083244416685509751 0.9244918688232272 -0.014482607222210224 -0.029720943061979616 -0.0083244416685509751 -0.0083244416685509751 -0.0083244416685509751 -0.00901402883428409 -0.0083244416685509751 -0.0083244416685509751 -0.0083244416685509751 -0.0083244416685509751 -0.0083244416685509751 -0.0083244416685509751 -0.0083244416685509751
leaf_weight=51 4435 84 69 57 56 210 175 78 97 52 54 69 85 51
leaf_count=51 4435 84 69 57 56 210 175 78 97 52 54 69 85 51
internal_value=-0.000201849 -0.0193266 -0.00948171 -0.0230814 -0.0236156 -0.0241223 -0.00735521 -0.0192537 -0.025178 -0.0244626 -0.0234689 -0.0279268 -0.0216102 -0.0284951
internal_weight=5623 1188 328 860 809 752 259 134 618 521 418 123 295 103
internal_count=5623 1188 328 860 809 752 259 134 618 521 418 123 295 103
is_linear=0
shrinkage=0.05


Tree=8
num_leaves=15
num_cat=0
split_feature=16 16 17 9 5 3 3 3 5 8 5 1 17 3
split_gain=216.37 19.1644 1.50831 1.49364 1.03642 1.4219 0.996744 1.68865 0.717402 0.667249 2.6788 1.49152 1.66201 1.40183
threshold=7.8320301783264759 0.20980795610425237 8.7500000000000018 -0.98294999999999988 1.0790229024003757 -0.74892720285008318 -0.47714059151611382 0.84335933205092517 1.1127119187358427 0.60355000000000014 1.118509522668149 4.6242872864196647 28.250000000000004 -0.53727914962411594
decision_type=2 2 2 2 2 2 2 2 2 2 2 2 2 2
left_child=1 3 6 -1 -5 8 -3 -8 -6 11 -11 -7 -13 -12
right_child=-2 2 -4 4 5 9 7 -9 -10 10 13 12 -14 -15
leaf_value=-0.0079082195851234265 0.93377270314541327 -0.017395776453551705 -0.035078870719313926 -0.0079082195851234265 -0.0079082195851234265 -0.0079082195851234265 -0.0078727737444745267 -0.021452913600886525 -0.0079082195851234265 -0.0079082195851234265 -0.0079082195851234265 -0.0079082195851234265 -0.0079082195851234265 -0.0079082195851234265
leaf_weight=51 4403 94 58 57 56 57 138 70 78 67 65 181 177 71
leaf_count=51 4403 94 58 57 56 57 138 70 78 67 65 181 177 71
internal_value=-0.000219633 -0.0188525 -0.00916667 -0.022907 -0.0234302 -0.0239229 -0.00774834 -0.00581731 -0.0192537 -0.0249353 -0.0225862 -0.0260843 -0.0248883 -0.0266176
internal_weight=5623 1220 360 860 809 752 302 208 134 618 203 415 358 136
internal_count=5623 1220 360 860 809 752 302 208 134 618 203 415 358 136
is_linear=0
shrinkage=0.05


Tree=9
num_leaves=15
num_cat=0
split_feature=16 16 3 9 3 5 3 7 5 0 14 0 3 3
split_gain=211.921 21.8554 1.63005 1.45208 1.26592 0.997381 1.34206 0.898608 0.717402 0.671353 1.10159 1.31333 2.01518 2.19211
threshold=9.1166666666666654 0.20980795610425237 -0.4539904997395468 -0.98294999999999988 0.84335933205092517 1.0790229024003757 -0.74892720285008318 981.35000000000002 1.1127119187358427 3.3500000000000001 29.385000000000002 28.550000000000004 -0.52247866957162958 -0.3090169943749474
decision_type=2 2 2 2 2 2 2 2 2 2 2 2 2 2
left_child=1 3 7 -1 -4 -5 8 -3 -7 -8 11 12 -11 -14
right_child=-2 2 4 5 -6 6 9 -9 -10 10 -12 -13 13 -15
leaf_value=-0.007512808605867255 0.98191909759558982 -0.016551375380418003 -0.014757139941516171 -0.007512808605867255 -0.021927536787008262 -0.007512808605867255 -0.007512808605867255 -0.033291800408777453 -0.007512808605867255 -0.007512808605867255 -0.007512808605867255 -0.007512808605867255 -0.007512808605867255 -0.007512808605867255
leaf_weight=51 4358 84 178 57 89 56 84 54 78 91 203 94 64 82
leaf_count=51 4358 84 178 57 89 56 84 54 78 91 203 94 64 82
internal_value=-0.000264094 -0.0182806 -0.0087037 -0.0227907 -0.00642322 -0.0233066 -0.0237899 -0.0131159 -0.0192537 -0.0247735 -0.0241198 -0.0223414 -0.0243249 -0.0206849
internal_weight=5623 1265 405 860 267 809 752 138 134 618 534 331 237 146
internal_count=5623 1265 405 860 267 809 752 138 134 618 534 331 237 146
is_linear=0
shrinkage=0.05


Tree=10
num_leaves=15
num_cat=0
split_feature=16 16 17 9 5 3 6 12 3 4 3 17 5 0
split_gain=206.46 23.4612 1.54835 1.4111 0.959088 1.26453 0.945873 1.05361 1.3191 0.735351 2.19403 1.00792 0.717402 0.678507
threshold=9.8085733882030191 0.20980795610425237 8.7500000000000018 -0.98294999999999988 1.0790229024003757 -0.74892720285008318 21.050000000000004 0.9669000000000002 -0.4539904997395468 -0.88697705852364728 -0.3090169943749474 28.250000000000004 1.1127119187358427 7.3500000000000005
decision_type=2 2 2 2 2 2 2 2 2 2 2 2 2 2
left_child=1 3 6 -1 -5 12 -3 8 -8 10 11 -7 -6 -2
right_child=13 2 -4 4 5 9 7 -9 -10 -11 -12 -13 -14 -15
leaf_value=-0.0071371681755738924 -0.0088358016131172331 -0.025360870946414545 -0.029857130861298809 -0.0071371681755738924 -0.0071371681755738924 -0.0071371681755738924 -0.01146103268747784 -0.026699171259899512 0.0010436594417931792 -0.0071371681755738924 -0.0071371681755738924 -0.0071371681755738924 -0.0071371681755738924 1.088442146794099
leaf_weight=51 52 89 73 57 56 50 74 71 112 424 90 54 78 4292
leaf_count=51 52 89 73 57 56 50 74 71 112 424 90 54 78 4292
internal_value=-0.00029077 -0.0179476 -0.00824582 -0.0226744 -0.0231829 -0.0236569 -0.00684971 -0.00531128 -0.00333333 -0.0246116 -0.0220619 -0.0171154 -0.0192537 0.00490792
internal_weight=5623 1279 419 860 809 752 346 257 186 618 194 104 134 4344
internal_count=5623 1279 419 860 809 752 346 257 186 618 194 104 134 4344
is_linear=0
shrinkage=0.05


Tree=11
num_leaves=15
num_cat=0
split_feature=16 16 9 13 3 15 12 9 5 3 14 1 4 3
split_gain=203.438 23.8609 1.37071 1.30463 1.07487 0.995919 1.00154 1.43086 0.921545 1.1893 0.798578 1.66491 2.12055 2.17282
threshold=9.8085733882030191 0.20980795610425237 -0.98294999999999988 -0.17434999999999998 -0.78257835753184624 6.6750000000000007 0.6968000000000002 -0.60354999999999992 1.0790229024003757 -0.74892720285008318 29.385000000000002 39.409970754412363 -0.85260769842926898 -0.3090169943749474
decision_type=2 2 2 2 2 2 2 2 2 2 2 2 2 2
left_child=1 2 -1 4 -3 -5 -7 -8 -4 -10 11 12 13 -11
right_child=-2 3 8 5 -6 6 7 -9 9 10 -12 -13 -14 -15
leaf_value=-0.0067803097667951985 0.92134440557696851 -0.027437983387467193 -0.0067803097667951985 -0.0054263939952016432 -0.0037100723345658707 -0.033915216325136596 -0.0180906660424743 -0.030917624261198803 -0.0067803097667951985 -0.0067803097667951985 -0.0067803097667951985 -0.0067803097667951985 -0.0067803097667951985 -0.0067803097667951985
leaf_weight=51 4344 50 57 68 129 61 50 61 134 67 203 94 203 51
leaf_count=51 4344 50 57 68 129 61 50 61 134 67 203 94 203 51
internal_value=-0.000264094 -0.0177912 -0.0225581 -0.00800716 -0.00477654 -0.0104167 -0.0124419 -0.0152703 -0.0230593 -0.0235239 -0.0244498 -0.0231928 -0.0249065 -0.0195763
internal_weight=5623 1279 860 419 179 240 172 111 809 752 618 415 321 118
internal_count=5623 1279 860 419 179 240 172 111 809 752 618 415 321 118
is_linear=0
shrinkage=0.05


Tree=12
num_leaves=15
num_cat=0
split_feature=16 16 9 13 3 13 16 9 3 3 17 13 0 15
split_gain=202.226 24.8176 1.33091 1.29126 1.56884 1.22637 0.980571 1.12338 0.91148 1.52807 1.23072 0.924151 1.29446 1.66398
threshold=11.29567901234568 0.20980795610425237 -0.98294999999999988 -0.17434999999999998 -0.43049470426488828 -0.96234999999999993 2.8556241426611808 -1.0000000180025095e-35 -0.3090169943749474 -0.4539904997395468 28.250000000000004 0.13400000000000004 3.8500000000000001 23.560000000000006
decision_type=2 2 2 2 2 2 2 2 2 2 2 2 2 2
left_child=1 2 -1 5 -5 -3 -6 -8 9 -4 -11 12 -10 -14
right_child=-2 3 8 4 6 -7 7 -9 11 10 -12 -13 13 -15
leaf_value=-0.0064412942784554386 0.98795281917554567 -0.011154200269442915 -0.0064412942784554386 -0.03310388358290136 -0.0031911025521269691 -0.0061802949188420157 -0.033418736487141762 -0.049176640173472709 -0.0064412942784554386 -0.0064412942784554386 -0.0064412942784554386 -0.0064412942784554386 -0.0064412942784554386 -0.0064412942784554386
leaf_weight=51 4292 54 470 71 75 152 65 54 54 55 64 54 54 58
leaf_count=51 4292 54 470 71 75 152 65 54 54 55 64 54 54 58
internal_value=-0.000361906 -0.0173892 -0.0224419 -0.00816348 -0.0104717 -0.00519417 -0.00814433 -0.0109664 -0.0229357 -0.02191 -0.0168487 -0.0256818 -0.0275301 -0.0244643
internal_weight=5623 1331 860 471 265 206 194 119 809 589 119 220 166 112
internal_count=5623 1331 860 471 265 206 194 119 809 589 119 220 166 112
is_linear=0
shrinkage=0.05


Tree=13
num_leaves=15
num_cat=0
split_feature=16 16 16 12 6 9 18 18 7 4 4 3 4 3
split_gain=199.803 24.9862 1.97582 1.73695 1.75744 1.25307 0.903956 0.864542 1.47648 1.15791 1.22617 1.50192 1.13647 0.899419
threshold=12.925994513031549 0.20980795610425237 3.8951303155006847 0.96235000000000015 19.850000000000005 -0.98294999999999988 10.15 8.1500000000000004 979.6500000000002 -0.1564344650402309 -0.95368063612909437 -0.4539904997395468 -0.91702515554752051 -0.80382625221112003
decision_type=2 2 2 2 2 2 2 2 2 2 2 2 2 2
left_child=1 5 -3 4 -4 -1 -6 -7 9 10 -9 13 -13 -12
right_child=-2 2 3 -5 6 7 -8 8 -10 -11 11 12 -14 -15
leaf_value=-0.0061192295645326666 1.0202738345812865 -0.0040048328503926294 -0.056847016868031834 -0.038774530783237414 -0.021410084829502518 -0.0061192295645326666 -0.01119152720670584 -0.0061192295645326666 -0.0061192295645326666 -0.0061192295645326666 -0.0061192295645326666 -0.0061192295645326666 -0.0061192295645326666 -0.0061192295645326666
leaf_weight=51 4256 226 67 54 89 78 71 65 106 59 54 68 64 315
leaf_count=51 4256 226 67 54 89 78 71 65 106 59 54 68 64 315
internal_value=-0.000388582 -0.017019 -0.00821499 -0.0110142 -0.00909692 -0.0222093 -0.00625 -0.0226885 -0.0221546 -0.02308 -0.0223852 -0.0215469 -0.0169697 -0.0231843
internal_weight=5623 1367 507 281 227 860 160 809 731 625 566 501 132 369
internal_count=5623 1367 507 281 227 860 160 809 731 625 566 501 132 369
is_linear=0
shrinkage=0.05


Tree=14
num_leaves=15
num_cat=0
split_feature=16 16 0 12 5 0 18 13 7 8 4 5 5 3
split_gain=194.354 25.9895 1.78598 1.84414 2.23293 1.36907 1.0071 1.03173 1.68646 1.28894 0.923932 1.68732 1.45892 2.04031
threshold=12.925994513031549 0.20980795610425237 5.9500000000000011 0.96235000000000015 1.1781514085428801 7.7500000000000009 7.6500000000000012 -0.90529999999999988 969.75000000000011 -0.3793999999999999 -0.82409480842201666 1.1096629056404665 1.0966022375979643 -0.77159520228797429
decision_type=2 2 2 2 2 2 2 2 2 2 2 2 2 2
left_child=1 6 -3 4 -4 -2 -1 8 9 -8 11 -9 -12 -14
right_child=5 2 3 -5 -6 -7 7 10 -10 -11 12 -13 13 -15
leaf_value=-0.0058132680863060334 -0.015030260680009278 -0.003457313505902582 -0.016082415570381769 -0.036714581989938287 -0.053316142782260628 1.0821021770710526 -0.0058132680863060334 -0.0058132680863060334 -0.0058132680863060334 -0.0058132680863060334 -0.0058132680863060334 -0.0058132680863060334 -0.0058132680863060334 -0.0058132680863060334
leaf_weight=65 58 218 165 55 69 4198 67 59 208 63 56 92 79 171
leaf_count=65 58 218 165 55 69 4198 67 59 208 63 56 92 79 171
internal_value=-0.000397474 -0.0167996 -0.00782051 -0.0103979 -0.00846154 0.00487077 -0.022093 -0.0216038 -0.0236982 -0.0192308 -0.0200547 -0.0168543 -0.021634 -0.02
internal_weight=5623 1367 507 289 234 4256 860 795 338 130 457 151 306 250
internal_count=5623 1367 507 289 234 4256 860 795 338 130 457 151 306 250
is_linear=0
shrinkage=0.05


Tree=15
num_leaves=15
num_cat=0
split_feature=16 16 0 12 5 0 18 13 7 4 4 6 5 3
split_gain=192.414 26.1372 1.92527 1.84414 2.23293 1.50738 1.02677 1.09463 1.68646 1.2705 0.861841 2.3442 1.52501 2.06199
threshold=12.925994513031549 0.20980795610425237 5.9500000000000011 0.96235000000000015 1.1781514085428801 7.8500000000000005 7.6500000000000012 -0.90529999999999988 969.75000000000011 -0.91702515554752051 -0.82409480842201666 33.45000000000001 1.0966022375979643 -0.71322329076259938
decision_type=2 2 2 2 2 2 2 2 2 2 2 2 2 2
left_child=1 6 -3 4 -4 -2 -1 8 9 -8 11 -9 -12 -14
right_child=5 2 3 -5 -6 -7 7 10 -10 -11 12 -13 13 -15
leaf_value=-0.0055226046819907317 -0.011681059574162711 -0.0032844478306074524 -0.015278294791862674 -0.034878852890441368 -0.050650335643147595 1.0647000499485895 -0.0055226046819907317 -0.0055226046819907317 -0.0055226046819907317 -0.0055226046819907317 -0.0055226046819907317 -0.0055226046819907317 -0.0055226046819907317 -0.0055226046819907317
leaf_weight=65 78 218 165 55 69 4178 53 101 208 77 56 50 99 151
leaf_count=65 78 218 165 55 69 4178 53 101 208 77 56 50 99 151
internal_value=-0.000406367 -0.0167264 -0.00772189 -0.0103979 -0.00846154 0.00483553 -0.0220349 -0.0215409 -0.0236982 -0.0192308 -0.0199453 -0.0168543 -0.0214706 -0.0198
internal_weight=5623 1367 507 289 234 4256 860 795 338 130 457 151 306 250
internal_count=5623 1367 507 289 234 4256 860 795 338 130 457 151 306 250
is_linear=0
shrinkage=0.05


Tree=16
num_leaves=15
num_cat=0
split_feature=16 0 7 16 12 9 3 3 17 7 5 17 5 15
split_gain=188.094 28.1176 1.66057 1.52665 1.91341 1.15906 0.98024 1.19033 1.23072 1.05386 0.956909 1.00595 0.944375 0.997754
threshold=0.20980795610425237 7.9500000000000011 976.85000000000002 2.8556241426611808 0.95755000000000001 -0.98294999999999988 -0.3090169943749474 -0.4539904997395468 28.250000000000004 979.35000000000002 1.1781514085428801 7.8500000000000005 1.1293649088692421 30.740000000000006
decision_type=2 2 2 2 2 2 2 2 2 2 2 2 2 2
left_child=5 2 -2 -4 10 -1 7 9 -9 12 11 -5 13 -7
right_child=1 -3 3 4 -6 6 -8 8 -10 -11 -12 -13 -14 -15
leaf_value=-0.0052464744478911956 -0.0058047008884459664 1.0718880253124803 -0.0016651637596170135 -0.003227269724032047 -0.033619799208277672 -0.0052464744478911956 -0.0052464744478911956 -0.0052464744478911956 -0.0052464744478911956 -0.0052464744478911956 -0.028753409807325277 -0.039680073891393379 -0.0052464744478911956 -0.0052464744478911956
leaf_weight=51 182 4142 129 70 81 255 220 55 64 69 109 50 50 96
leaf_count=51 182 4142 129 70 81 255 220 55 64 69 109 50 50 96
internal_value=-0.000397474 0.00348835 -0.00643317 -0.00809795 -0.01 -0.0219186 -0.0223795 -0.0213158 -0.0168487 -0.0224468 -0.00766376 -0.00458333 -0.0234289 -0.0243447
internal_weight=5623 4763 621 439 310 860 809 589 119 470 229 120 401 351
internal_count=5623 4763 621 439 310 860 809 589 119 470 229 120 401 351
is_linear=0
shrinkage=0.05


Tree=17
num_leaves=15
num_cat=0
split_feature=16 0 13 16 5 5 7 0 17 4 3 5 10 5
split_gain=182.27 27.2709 1.77649 1.49552 2.41603 1.04672 1.03629 2.48891 1.30489 1.53659 1.17377 1.04226 1.1315 0.94418
threshold=0.20980795610425237 7.9500000000000011 -0.34029999999999994 2.8556241426611808 1.13637092476528 1.1781514085428801 985.1500000000002 3.8500000000000001 28.550000000000004 -0.92384435400961373 -0.47714059151611382 1.1176818925211178 -1.0000000180025095e-35 1.1954663640489187
decision_type=2 2 2 2 2 2 2 2 2 2 2 2 2 2
left_child=6 2 -2 -4 -5 -6 7 -1 -9 -10 11 12 -11 -7
right_child=1 -3 3 4 5 13 -8 8 9 10 -12 -13 -14 -15
leaf_value=-0.0049841507254966355 -0.0072175841628371639 1.0182936240468563 -0.0017516409516850164 -0.049238047585851138 -0.013586519982427861 -0.029285232572146394 -0.0049841507254966355 -0.0049841507254966355 -0.0049841507254966355 -0.0049841507254966355 -0.0049841507254966355 -0.0049841507254966355 -0.0049841507254966355 -0.026533737120427604
leaf_weight=107 245 4142 111 65 91 59 68 353 56 51 63 84 78 50
leaf_count=107 245 4142 111 65 91 59 68 353 56 51 63 84 78 50
internal_value=-0.000326338 0.00349885 -0.00627214 -0.00843085 -0.0104717 -0.00775 -0.0215116 -0.0220202 -0.0209124 -0.0231626 -0.0216304 -0.0234038 -0.0205814 -0.011055
internal_weight=5623 4763 621 376 265 200 860 792 685 332 276 213 129 109
internal_count=5623 4763 621 376 265 200 860 792 685 332 276 213 129 109
is_linear=0
shrinkage=0.05


Tree=18
num_leaves=15
num_cat=0
split_feature=16 0 5 16 12 0 7 17 4 6 8 6 4 12
split_gain=177.685 28.1534 1.38421 1.47196 1.77579 1.02756 2.69797 1.35285 1.41054 1.80132 1.0128 0.967236 0.89362 1.2018
threshold=0.20980795610425237 8.1500000000000004 1.0960842341687187 2.8556241426611808 0.95755000000000001 3.8500000000000001 984.85000000000002 28.550000000000004 -0.64942331933852315 36.750000000000007 0.60355000000000014 24.150000000000002 -0.88697705852364728 -0.18594999999999998
decision_type=2 2 2 2 2 2 2 2 2 2 2 2 2 2
left_child=5 2 -2 11 -5 6 -1 12 9 10 -9 -4 -7 -14
right_child=1 -3 3 4 -6 7 -8 8 -10 -11 -12 -13 13 -15
leaf_value=-0.0047349431892218033 -0.0010220911988060401 1.0538308057663417 -0.0029493853217940039 -0.023492609448308222 -0.029648013096197356 -0.0047349431892218033 -0.0047349431892218033 -0.0047349431892218033 -0.0047349431892218033 -0.0047349431892218033 -0.0047349431892218033 0.0012084761093692871 -0.0047349431892218033 -0.0047349431892218033
leaf_weight=104 92 4098 58 332 88 103 53 127 52 68 88 95 70 195
leaf_count=104 92 4098 58 332 88 103 53 127 52 68 88 95 70 195
internal_value=-0.000361906 0.00341486 -0.00612782 -0.00704188 -0.00857143 -0.0212791 -0.0249363 -0.0204623 -0.0227612 -0.0241519 -0.0263953 -0.00284314 -0.0183696 -0.0199057
internal_weight=5623 4763 665 573 420 860 157 703 335 283 215 153 368 265
internal_count=5623 4763 665 573 420 860 157 703 335 283 215 153 368 265
is_linear=0
shrinkage=0.05


Tree=19
num_leaves=15
num_cat=0
split_feature=16 0 9 0 7 17 4 6 8 7 4 12 7 6
split_gain=177.534 27.6647 1.11179 1.02756 2.69797 1.35285 1.41054 1.80132 1.0128 0.943931 0.89362 1.2018 1.46868 0.897015
threshold=0.20980795610425237 8.2500000000000018 0.78655000000000008 3.8500000000000001 984.85000000000002 28.550000000000004 -0.64942331933852315 36.750000000000007 0.60355000000000014 976.75000000000011 -0.88697705852364728 -0.18594999999999998 978.85000000000002 33.050000000000004
decision_type=2 2 2 2 2 2 2 2 2 2 2 2 2 2
left_child=3 2 9 4 -1 10 7 8 -7 -2 13 -12 -13 -5
right_child=1 -3 -4 5 -6 6 -8 -9 -10 -11 11 12 -14 -15
leaf_value=-0.0044981960297607133 -0.0041032941375356135 1.1014711024282087 -0.026732688821781092 -0.0044981960297607133 -0.0044981960297607133 -0.0044981960297607133 -0.0044981960297607133 -0.0044981960297607133 -0.0044981960297607133 -0.015107337795103115 -0.0044981960297607133 -0.0044981960297607133 -0.0044981960297607133 -0.0044981960297607133
leaf_weight=104 169 4071 114 52 53 127 52 68 88 409 70 140 55 51
leaf_count=104 169 4071 114 52 53 127 52 68 88 409 70 140 55 51
internal_value=-0.000370798 0.00340437 -0.00583815 -0.0212791 -0.0249363 -0.0204623 -0.0227612 -0.0241519 -0.0263953 -0.0049481 -0.0183696 -0.0199057 -0.0219231 -0.0144175
internal_weight=5623 4763 692 860 157 703 335 283 215 578 368 265 195 103
internal_count=5623 4763 692 860 157 703 335 283 215 578 368 265 195 103
is_linear=0
shrinkage=0.05


Tree=20
num_leaves=15
num_cat=0
split_feature=16 0 16 12 5 0 7 7 5 5 5 5 9 9
split_gain=177.302 25.4671 1.30683 1.91293 1.07264 1.06049 2.69797 1.21277 1.05001 2.43289 2.02215 2.00049 1.51766 1.38135
threshold=0.20980795610425237 8.3500000000000032 2.8556241426611808 0.95755000000000001 1.0935894397434567 3.8500000000000001 984.85000000000002 980.05000000000007 1.118509522668149 1.112108596518439 1.1293649088692421 1.1025598179712317 -1.0000000180025095e-35 0.78655000000000008
decision_type=2 2 2 2 2 2 2 2 2 2 2 2 2 2
left_child=5 2 -2 4 -4 6 -1 8 9 11 -10 12 -7 -13
right_child=1 -3 3 -5 -6 7 -8 -9 10 -11 -12 13 -14 -15
leaf_value=-0.0042732862282726779 -0.0009693856331407909 1.0891783095238201 0.0039383048476424667 -0.023857861920423006 -0.019752832107483301 -0.0042732862282726779 -0.0042732862282726779 -0.0042732862282726779 -0.0042732862282726779 -0.0042732862282726779 -0.0042732862282726779 -0.0042732862282726779 -0.0042732862282726779 -0.0042732862282726779
leaf_weight=104 181 4054 62 98 368 157 53 66 114 96 67 56 77 70
leaf_count=104 181 4054 62 98 368 157 53 66 114 96 67 56 77 70
internal_value=-0.000326338 0.00344636 -0.00529619 -0.00655303 -0.00511628 -0.0212209 -0.0249363 -0.0203912 -0.0210597 -0.0197807 -0.0242818 -0.0216667 -0.0189316 -0.026746
internal_weight=5623 4763 709 528 430 860 157 703 637 456 181 360 234 126
internal_count=5623 4763 709 528 430 860 157 703 637 456 181 360 234 126
is_linear=0
shrinkage=0.05


Tree=21
num_leaves=15
num_cat=0
split_feature=16 0 16 6 12 0 7 17 4 3 5 17 17 18
split_gain=176.016 25.2965 1.15173 1.92803 1.8678 1.09394 2.69797 1.34461 1.39797 1.44662 1.15821 1.2201 0.966242 1.36047
threshold=0.20980795610425237 8.4500000000000011 2.8556241426611808 34.850000000000001 0.95755000000000001 3.8500000000000001 984.85000000000002 28.550000000000004 -0.92384435400961373 -0.47714059151611382 1.1176818925211178 32.050000000000004 25.950000000000003 24.150000000000002
decision_type=2 2 2 2 2 2 2 2 2 2 2 2 2 2
left_child=5 2 -2 4 -4 6 -1 12 -9 10 11 -10 13 -7
right_child=1 -3 3 -5 -6 7 -8 8 9 -11 -12 -13 -14 -15
leaf_value=-0.0040596219168590438 -0.00092091635148375142 1.083919581441845 -0.021307549402623648 -0.00077832607475247437 -0.025553851645780203 -0.0040596219168590438 -0.0040596219168590438 -0.0040596219168590438 -0.0040596219168590438 -0.0040596219168590438 -0.0040596219168590438 -0.0040596219168590438 -0.0040596219168590438 -0.0040596219168590438
leaf_weight=104 181 4025 363 112 82 152 53 56 61 66 84 68 160 56
leaf_count=104 181 4025 363 112 82 152 53 56 61 66 84 68 160 56
internal_value=-0.000344122 0.00341486 -0.00509485 -0.00622083 -0.00769663 -0.0211628 -0.0249363 -0.0203201 -0.0226119 -0.0211649 -0.023169 -0.0201938 -0.0182337 -0.0204808
internal_weight=5623 4763 738 557 445 860 157 703 335 279 213 129 368 208
internal_count=5623 4763 738 557 445 860 157 703 335 279 213 129 368 208
is_linear=0
shrinkage=0.05


Tree=22
num_leaves=15
num_cat=0
split_feature=16 0 0 7 17 4 3 5 17 0 6 9 17 18
split_gain=176.618 23.563 1.09394 2.69797 1.34461 1.39797 1.44662 1.15821 1.2201 1.02319 1.40192 0.97855 0.966242 1.36047
threshold=0.20980795610425237 8.4500000000000011 3.8500000000000001 984.85000000000002 28.550000000000004 -0.92384435400961373 -0.47714059151611382 1.1176818925211178 32.050000000000004 5.9500000000000011 34.850000000000001 0.78655000000000008 25.950000000000003 24.150000000000002
decision_type=2 2 2 2 2 2 2 2 2 2 2 2 2 2
left_child=2 9 3 -1 12 -6 7 8 -7 -2 11 -11 13 -4
right_child=1 -3 4 -5 5 6 -8 -9 -10 10 -12 -13 -14 -15
leaf_value=-0.0038566408210160916 -0.0014398930744226155 1.0297236023697527 -0.0038566408210160916 -0.0038566408210160916 -0.0038566408210160916 -0.0038566408210160916 -0.0038566408210160916 -0.0038566408210160916 -0.0038566408210160916 -0.019869288785668706 -0.002631090528906717 -0.040280326377717147 -0.0038566408210160916 -0.0038566408210160916
leaf_weight=104 218 4025 152 53 56 61 66 84 68 338 104 78 160 56
leaf_count=104 218 4025 152 53 56 61 66 84 68 338 104 78 160 56
internal_value=-0.000308554 0.00345686 -0.0211628 -0.0249363 -0.0203201 -0.0226119 -0.0211649 -0.023169 -0.0201938 -0.0047561 -0.00596154 -0.00725962 -0.0182337 -0.0204808
internal_weight=5623 4763 860 157 703 335 279 213 129 738 520 416 368 208
internal_count=5623 4763 860 157 703 335 279 213 129 738 520 416 368 208
is_linear=0
shrinkage=0.05


Tree=23
num_leaves=15
num_cat=0
split_feature=16 0 7 0 17 4 15 12 17 12 12 17 0 6
split_gain=174.953 23.0032 1.13299 2.80876 1.37438 1.36235 1.38978 1.62082 0.995999 1.05903 1.90837 0.993044 0.882181 1.08131
threshold=0.20980795610425237 8.5500000000000025 985.1500000000002 3.8500000000000001 28.550000000000004 -0.92384435400961373 30.740000000000006 -0.049399999999999993 25.950000000000003 0.12545000000000003 0.6523500000000001 27.050000000000004 5.9500000000000011 34.850000000000001
decision_type=2 2 2 2 2 2 2 2 2 2 2 2 2 2
left_child=2 12 3 -1 8 -6 -7 -8 9 -5 -11 -10 -2 -14
right_child=1 -3 -4 4 5 6 7 -9 11 10 -12 -13 13 -15
leaf_value=-0.0036638087799652865 -0.0013678984207014845 1.0194153202146345 -0.0036638087799652865 -0.0036638087799652865 -0.0036638087799652865 -0.0036638087799652865 -0.0036638087799652865 -0.0036638087799652865 -0.0036638087799652865 -0.0036638087799652865 -0.0036638087799652865 -0.0036638087799652865 -0.019869041574915407 -0.0033852130154381228
leaf_weight=107 218 4010 68 84 56 147 51 78 67 55 54 93 429 106
leaf_count=107 218 4010 68 84 56 147 51 78 67 55 54 93 429 106
internal_value=-0.00029077 0.00345686 -0.0210465 -0.0215783 -0.0204015 -0.0227108 -0.0212681 -0.0174806 -0.0182295 -0.0206477 -0.0238991 -0.0153125 -0.00456175 -0.00565421
internal_weight=5623 4763 860 792 685 332 276 129 353 193 109 160 753 535
internal_count=5623 4763 860 792 685 332 276 129 353 193 109 160 753 535
is_linear=0
shrinkage=0.05


Tree=24
num_leaves=15
num_cat=0
split_feature=16 0 7 0 17 4 15 12 17 18 8 18 16 6
split_gain=173.446 22.1186 1.68264 2.80876 1.37438 1.36235 1.38978 1.62082 0.995999 1.33128 1.38446 1.15057 0.906277 0.92492
threshold=0.20980795610425237 8.6500000000000004 985.1500000000002 3.8500000000000001 28.550000000000004 -0.92384435400961373 30.740000000000006 -0.049399999999999993 25.950000000000003 24.150000000000002 1.0000000180025095e-35 23.250000000000004 3.8951303155006847 34.850000000000001
decision_type=2 2 2 2 2 2 2 2 2 2 2 2 2 2
left_child=2 12 3 -1 8 -6 -7 -8 9 10 -5 -10 -2 -14
right_child=1 -3 -4 4 5 6 7 -9 11 -11 -12 -13 13 -15
leaf_value=-0.003480618340967022 -0.0013789751795472099 0.99908040211810212 -0.003480618340967022 -0.003480618340967022 -0.003480618340967022 -0.003480618340967022 -0.003480618340967022 -0.003480618340967022 -0.003480618340967022 -0.003480618340967022 -0.003480618340967022 -0.003480618340967022 -0.019488856285668099 -0.0032650943399416704
leaf_weight=107 226 3994 68 80 56 147 51 78 72 56 57 88 438 105
leaf_count=107 226 3994 68 80 56 147 51 78 72 56 57 88 438 105
internal_value=-0.000264094 0.00346735 -0.0209302 -0.0215783 -0.0204015 -0.0227108 -0.0212681 -0.0174806 -0.0182295 -0.0206477 -0.0179927 -0.0153125 -0.00429779 -0.00540516
internal_weight=5623 4763 860 792 685 332 276 129 353 193 137 160 769 543
internal_count=5623 4763 860 792 685 332 276 129 353 193 137 160 769 543
is_linear=0
shrinkage=0.05


Tree=25
num_leaves=15
num_cat=0
split_feature=16 0 7 0 17 4 15 12 17 18 8 18 16 12
split_gain=171.203 22.2193 1.6312 2.90369 1.55363 1.36235 1.38978 1.62082 1.01605 1.43959 1.55937 1.30909 0.903411 1.19851
threshold=0.20980795610425237 8.7500000000000018 985.1500000000002 3.8500000000000001 28.550000000000004 -0.92384435400961373 30.740000000000006 -0.049399999999999993 25.950000000000003 24.150000000000002 1.0000000180025095e-35 23.250000000000004 3.8951303155006847 0.78860000000000008
decision_type=2 2 2 2 2 2 2 2 2 2 2 2 2 2
left_child=2 12 3 -1 8 -6 -7 -8 9 10 -5 -10 -2 -14
right_child=1 -3 -4 4 5 6 7 -9 11 -11 -12 -13 13 -15
leaf_value=-0.0033065874239186707 -0.0013100264205698495 1.0490159970684967 -0.0033065874239186707 -0.0033065874239186707 -0.0033065874239186707 -0.0033065874239186707 -0.0033065874239186707 -0.0033065874239186707 -0.0033065874239186707 -0.0033065874239186707 -0.0033065874239186707 -0.0033065874239186707 -0.014763936064627298 -0.02170404754543645
leaf_weight=107 226 3950 68 80 56 147 51 78 72 56 57 88 355 232
leaf_count=107 226 3950 68 80 56 147 51 78 72 56 57 88 355 232
internal_value=-0.000281878 0.00342536 -0.020814 -0.021452 -0.0202555 -0.0227108 -0.0212681 -0.0174806 -0.0179462 -0.0203886 -0.0176277 -0.015 -0.00410209 -0.00513629
internal_weight=5623 4763 860 792 685 332 276 129 353 193 137 160 813 587
internal_count=5623 4763 860 792 685 332 276 129 353 193 137 160 813 587
is_linear=0
shrinkage=0.05


Tree=26
num_leaves=15
num_cat=0
split_feature=16 0 7 0 17 6 17 5 9 5 12 17 18 8
split_gain=170.383 21.604 1.60578 2.60537 1.55363 1.1363 2.27048 1.21957 1.04865 1.3283 1.15139 1.01605 1.43959 1.55937
threshold=0.20980795610425237 8.8500000000000032 985.1500000000002 3.8500000000000001 28.550000000000004 24.150000000000002 9.9500000000000011 1.13637092476528 0.78655000000000008 1.1176818925211178 0.42180000000000006 25.950000000000003 24.150000000000002 1.0000000180025095e-35
decision_type=2 2 2 2 2 2 2 2 2 2 2 2 2 2
left_child=2 5 3 -1 11 6 -2 -7 9 10 -6 12 13 -5
right_child=1 -3 -4 4 8 7 -8 -9 -10 -11 -12 -13 -14 -15
leaf_value=-0.0031412580527227368 -0.011095155506944576 1.0437653481822589 -0.0031412580527227368 -0.0031412580527227368 -0.0031412580527227368 -0.0092842982736975922 -0.038611076151760348 0.0094027288964048106 -0.0031412580527227368 -0.0031412580527227368 -0.0031412580527227368 -0.0031412580527227368 -0.0031412580527227368 -0.0031412580527227368
leaf_weight=107 276 3931 68 80 101 424 50 82 71 99 61 160 56 57
leaf_count=107 276 3931 68 80 101 424 50 82 71 99 61 160 56 57
internal_value=-0.000272986 0.00342536 -0.0207558 -0.0213889 -0.0202555 -0.00389423 -0.00619632 -0.00241107 -0.0227108 -0.0212452 -0.0184568 -0.0179462 -0.0203886 -0.0176277
internal_weight=5623 4763 860 792 685 832 326 506 332 261 162 353 193 137
internal_count=5623 4763 860 792 685 832 326 506 332 261 162 353 193 137
is_linear=0
shrinkage=0.05


Tree=27
num_leaves=15
num_cat=0
split_feature=16 0 7 0 17 4 3 6 17 5 17 18 6 18
split_gain=169.269 21.1619 1.58055 2.6509 1.45697 1.42067 1.27377 1.08381 1.50977 1.2653 1.01605 1.43959 1.37929 1.30909
threshold=0.20980795610425237 8.9500000000000011 985.1500000000002 3.8500000000000001 28.550000000000004 -0.92384435400961373 -0.47714059151611382 24.150000000000002 9.9500000000000011 1.13637092476528 25.950000000000003 24.150000000000002 32.95000000000001 23.250000000000004
decision_type=2 2 2 2 2 2 2 2 2 2 2 2 2 2
left_child=2 7 3 -1 10 -6 -7 8 -2 -9 11 12 -5 -12
right_child=1 -3 -4 4 5 6 -8 9 -10 -11 13 -13 -14 -15
leaf_value=-0.0029841951500866001 -0.010825324256085053 1.0437193897082151 -0.0029841951500866001 -0.0029841951500866001 -0.0029841951500866001 -0.0029841951500866001 -0.0029841951500866001 -0.008895942620898014 -0.033913450059305204 0.0093668324336378291 -0.0029841951500866001 -0.0029841951500866001 -0.0029841951500866001 -0.0029841951500866001
leaf_weight=107 292 3898 68 71 56 213 63 432 54 87 72 56 66 88
leaf_count=107 292 3898 68 71 56 213 63 432 54 87 72 56 66 88
internal_value=-0.000281878 0.00340437 -0.0206977 -0.0213258 -0.0201825 -0.0225602 -0.021087 -0.00367052 -0.00583815 -0.00222543 -0.0179462 -0.0203886 -0.0176277 -0.015
internal_weight=5623 4763 860 792 685 332 276 865 346 519 353 193 137 160
internal_count=5623 4763 860 792 685 332 276 865 346 519 353 193 137 160
is_linear=0
shrinkage=0.05


Tree=28
num_leaves=15
num_cat=0
split_feature=16 0 5 5 0 9 18 17 5 16 15 6 15 5
split_gain=170.155 19.4979 1.44483 2.09497 2.85001 2.19717 1.92007 1.26179 1.24031 1.20484 1.19958 1.14588 1.0313 0.871978
threshold=0.20980795610425237 8.9500000000000011 1.1281336744899015 1.118509522668149 4.0500000000000007 0.78655000000000008 20.050000000000004 27.550000000000004 1.1115166567205212 2.8556241426611808 23.560000000000006 34.850000000000001 28.400000000000002 1.1335267554782447
decision_type=2 2 2 2 2 2 2 2 2 2 2 2 2 2
left_child=2 9 3 4 -1 6 -6 -5 12 -2 -7 -11 -8 -4
right_child=1 -3 13 7 5 10 8 -9 -10 11 -12 -13 -14 -15
leaf_value=-0.0028349853925822704 0.00030925094943667702 0.99153342022280422 -0.0028349853925822704 -0.0028349853925822704 -0.0028349853925822704 -0.0028349853925822704 -0.0028349853925822704 -0.0028349853925822704 -0.0028349853925822704 -0.015881152916800548 -0.0028349853925822704 0.00082440430105288622 -0.0028349853925822704 -0.0028349853925822704
leaf_weight=84 181 3898 52 57 67 53 94 67 51 555 78 129 117 140
leaf_count=84 181 3898 52 57 67 53 94 67 51 555 78 129 117 140
internal_value=-0.000228526 0.00346735 -0.0206977 -0.0217964 -0.0204596 -0.018913 -0.0167325 -0.0276613 -0.0186641 -0.0033237 -0.0243893 -0.00428363 -0.0203554 -0.016875
internal_weight=5623 4763 860 668 544 460 329 124 262 865 131 684 211 192
internal_count=5623 4763 860 668 544 460 329 124 262 865 131 684 211 192
is_linear=0
shrinkage=0.05


Tree=29
num_leaves=15
num_cat=0
split_feature=16 0 5 5 0 9 9 12 17 6 17 15 18 5
split_gain=169.338 18.5913 1.40122 2.14879 2.9122 2.28525 1.92316 1.46075 1.26179 1.21115 1.21045 1.19958 1.11502 1.0336
threshold=0.20980795610425237 9.0500000000000025 1.1281336744899015 1.118509522668149 4.0500000000000007 0.78655000000000008 -1.0000000180025095e-35 0.40615000000000007 27.550000000000004 24.150000000000002 28.750000000000004 23.560000000000006 12.550000000000002 1.13637092476528
decision_type=2 2 2 2 2 2 2 2 2 2 2 2 2 2
left_child=2 9 3 4 -1 6 7 10 -5 12 -6 -7 -2 -11
right_child=1 -3 -4 8 5 11 -8 -9 -10 13 -12 -13 -14 -15
leaf_value=-0.0026932361229531567 -0.010086398325545247 1.0155083719438152 -0.0026932361229531567 -0.0026932361229531567 -0.0026932361229531567 -0.0026932361229531567 -0.0026932361229531567 -0.0026932361229531567 -0.0026932361229531567 -0.0083970331513451759 -0.0026932361229531567 -0.0026932361229531567 -0.023729409456675486 0.009230420713625398
leaf_weight=84 304 3864 192 57 59 53 96 98 67 447 76 78 57 91
leaf_count=84 304 3864 192 57 59 53 96 98 67 447 76 78 57 91
internal_value=-0.000219633 0.00346735 -0.0206395 -0.0217216 -0.0203676 -0.0188043 -0.0165805 -0.0190343 -0.0276613 -0.0030089 -0.0224074 -0.0243893 -0.00524931 -0.00150558
internal_weight=5623 4763 860 668 544 460 329 233 124 899 135 131 361 538
internal_count=5623 4763 860 668 544 460 329 233 124 899 135 131 361 538
is_linear=0
shrinkage=0.05


Tree=30
num_leaves=15
num_cat=0
split_feature=16 0 5 5 0 9 18 16 17 12 5 8 13 14
split_gain=169.406 16.7649 1.35827 2.20328 2.97507 2.37507 2.15152 1.27626 1.26179 1.17418 1.17358 1.00013 1.03069 0.882283
threshold=0.20980795610425237 9.0500000000000025 1.1281336744899015 1.118509522668149 4.0500000000000007 0.78655000000000008 20.050000000000004 2.8556241426611808 27.550000000000004 0.77790000000000015 1.1115166567205212 1.0000000180025095e-35 -0.037599999999999995 8.7850000000000019
decision_type=2 2 2 2 2 2 2 2 2 2 2 2 2 2
left_child=2 7 3 4 -1 6 -6 -2 -5 -9 -8 13 -13 -11
right_child=1 -3 -4 8 5 -7 10 9 -10 11 -12 12 -14 -15
leaf_value=-0.002558574316805499 0.00073867075754318863 0.96473295334662434 -0.002558574316805499 -0.002558574316805499 -0.002558574316805499 -0.002558574316805499 -0.002558574316805499 -0.0095215062306184747 -0.002558574316805499 -0.0011202374590658843 -0.002558574316805499 -0.0070744219352334064 -0.034316507354029913 -0.024010253410135227
leaf_weight=84 181 3864 192 57 67 131 211 422 67 101 51 57 86 52
leaf_count=84 181 3864 192 57 67 131 211 422 67 101 51 57 86 52
internal_value=-0.000157389 0.00353034 -0.0205814 -0.0216467 -0.0202757 -0.0186957 -0.0164286 -0.00261958 -0.0276613 -0.00356546 -0.0184733 -0.00597973 -0.00898601 -0.00316993
internal_weight=5623 4763 860 668 544 460 329 899 124 718 262 296 143 153
internal_count=5623 4763 860 668 544 460 329 899 124 718 262 296 143 153
is_linear=0
shrinkage=0.05


Tree=31
num_leaves=15
num_cat=0
split_feature=16 1 7 1 17 4 16 12 3 8 7 5 17 17
split_gain=168.816 16.6769 1.53071 2.74316 1.45131 1.48021 1.23102 1.28488 1.20095 1.12193 1.20188 1.09533 1.02338 0.9207
threshold=0.20980795610425237 12.630516021116398 985.1500000000002 5.3144794187211071 28.550000000000004 -0.92384435400961373 2.8556241426611808 0.77790000000000015 -0.47714059151611382 1.0000000180025095e-35 983.1500000000002 1.1176818925211178 32.050000000000004 25.950000000000003
decision_type=2 2 2 2 2 2 2 2 2 2 2 2 2 2
left_child=2 6 3 -1 13 -6 -2 -8 11 -9 -11 12 -7 -5
right_child=1 -3 -4 4 5 8 7 9 -10 10 -12 -13 -14 -15
leaf_value=-0.0024306456009652241 0.0007017372196660292 0.96459642451552874 -0.0024306456009652241 -0.0024306456009652241 -0.0024306456009652241 -0.0024306456009652241 -0.0089465950666382764 -0.010244941248415162 -0.0024306456009652241 -0.0092855201192719172 -0.030574349048126961 -0.0024306456009652241 -0.0024306456009652241 -0.0024306456009652241
leaf_weight=107 181 3844 68 193 56 61 432 161 63 62 83 84 68 160
leaf_count=107 181 3844 68 193 56 61 432 161 63 62 83 84 68 160
internal_value=-0.000192957 0.00348835 -0.0205814 -0.0211995 -0.0200365 -0.0224096 -0.00256257 -0.00346883 -0.0209058 -0.00594771 -0.00913793 -0.0226995 -0.0198062 -0.0178045
internal_weight=5623 4763 860 792 685 332 919 738 276 306 145 213 129 353
internal_count=5623 4763 860 792 685 332 919 738 276 306 145 213 129 353
is_linear=0
shrinkage=0.05


Tree=32
num_leaves=15
num_cat=0
split_feature=16 0 7 0 17 4 16 13 3 15 3 0 17 18
split_gain=167.414 17.4229 1.83221 2.74316 1.45131 1.48021 1.20198 1.26524 1.20095 1.11071 1.27063 1.00995 0.9207 1.55215
threshold=0.20980795610425237 9.2500000000000018 985.1500000000002 3.8500000000000001 28.550000000000004 -0.92384435400961373 2.8556241426611808 -0.63919999999999988 -0.47714059151611382 10.090000000000002 -0.55191596924288666 7.4500000000000011 25.950000000000003 24.150000000000002
decision_type=2 2 2 2 2 2 2 2 2 2 2 2 2 2
left_child=2 6 3 -1 12 -6 -2 -8 -7 11 -11 -9 13 -5
right_child=1 -3 -4 4 5 8 7 9 -10 10 -12 -13 -14 -15
leaf_value=-0.0023091133209169625 0.00066665035868272769 1.0150304635349046 -0.0023091133209169625 -0.0023091133209169625 -0.0023091133209169625 -0.0023091133209169625 -0.00015259418705605512 -0.014502494324135598 -0.0023091133209169625 -0.0020292287969021299 -0.026451162811584911 -0.0052646338033083655 -0.0023091133209169625 -0.0023091133209169625
leaf_weight=107 181 3795 68 137 56 213 215 177 63 53 116 226 160 56
leaf_count=107 181 3795 68 137 56 213 215 177 63 53 116 226 160 56
internal_value=-0.000219633 0.00344636 -0.0205233 -0.0211995 -0.0200365 -0.0224096 -0.00254132 -0.00338628 -0.0209058 -0.00461538 -0.00801775 -0.00318859 -0.0178045 -0.0201295
internal_weight=5623 4763 860 792 685 332 968 787 276 572 169 403 353 193
internal_count=5623 4763 860 792 685 332 968 787 276 572 169 403 353 193
is_linear=0
shrinkage=0.05


Tree=33
num_leaves=15
num_cat=0
split_feature=16 0 7 0 17 4 16 15 12 17 18 8 18 13
split_gain=165.132 16.5173 1.75196 2.22152 1.35794 1.54097 1.29885 1.27774 1.80717 0.9207 1.55215 1.74468 1.30909 0.897356
threshold=0.20980795610425237 9.3500000000000032 985.1500000000002 3.8500000000000001 28.550000000000004 -0.92384435400961373 3.8951303155006847 30.740000000000006 -0.049399999999999993 25.950000000000003 24.150000000000002 1.0000000180025095e-35 23.250000000000004 -0.63919999999999988
decision_type=2 2 2 2 2 2 2 2 2 2 2 2 2 2
left_child=2 6 3 -1 9 -6 -2 -7 -9 10 11 -5 -11 -8
right_child=1 -3 -4 4 5 7 13 8 -10 12 -12 -13 -14 -15
leaf_value=-0.0021936576548711147 0.00062080244207587411 0.99587278682113589 -0.0021936576548711147 -0.0021936576548711147 -0.0021936576548711147 -0.0021936576548711147 -0.00054705896563642423 -0.0021936576548711147 -0.0021936576548711147 -0.0021936576548711147 -0.0021936576548711147 -0.0021936576548711147 -0.0021936576548711147 -0.013724684776613977
leaf_weight=107 226 3778 68 80 56 147 202 51 78 72 56 57 88 557
leaf_count=107 226 3778 68 80 56 147 202 51 78 72 56 57 88 557
internal_value=-0.000184065 0.00345686 -0.0203488 -0.0210101 -0.0199635 -0.022259 -0.00230964 -0.0207246 -0.017093 -0.0178045 -0.0201295 -0.0172628 -0.015 -0.00330039
internal_weight=5623 4763 860 792 685 332 985 276 129 353 193 137 160 759
internal_count=5623 4763 860 792 685 332 985 276 129 353 193 137 160 759
is_linear=0
shrinkage=0.05


Tree=34
num_leaves=15
num_cat=0
split_feature=16 1 7 1 17 4 16 15 12 17 18 8 18 5
split_gain=164.618 15.8403 1.72561 2.26359 1.26767 1.60296 1.24499 1.15344 1.80717 0.9207 1.55215 1.74468 1.30909 0.888744
threshold=0.20980795610425237 12.768554447576685 985.1500000000002 5.3144794187211071 28.550000000000004 -0.92384435400961373 3.8951303155006847 30.740000000000006 -0.049399999999999993 25.950000000000003 24.150000000000002 1.0000000180025095e-35 23.250000000000004 1.1781514085428801
decision_type=2 2 2 2 2 2 2 2 2 2 2 2 2 2
left_child=2 6 3 -1 9 -6 -2 -7 -9 10 11 -5 -11 -8
right_child=1 -3 -4 4 5 7 13 8 -10 12 -12 -13 -14 -15
leaf_value=-0.0020839747721275587 0.00058976231997208038 0.91448530101710235 -0.0020839747721275587 -0.0020839747721275587 -0.0020839747721275587 -0.0020839747721275587 -0.010876628486710949 -0.0020839747721275587 -0.0020839747721275587 -0.0020839747721275587 -0.0020839747721275587 -0.0020839747721275587 -0.0020839747721275587 -0.023056629165748525
leaf_weight=107 226 3795 68 80 56 147 527 51 78 72 56 57 88 215
leaf_count=107 226 3795 68 80 56 147 527 51 78 72 56 57 88 215
internal_value=-0.000157389 0.00347785 -0.0202907 -0.020947 -0.0198905 -0.0221084 -0.0022314 -0.0205435 -0.017093 -0.0178045 -0.0201295 -0.0172628 -0.015 -0.00322102
internal_weight=5623 4763 860 792 685 332 968 276 129 353 193 137 160 742
internal_count=5623 4763 860 792 685 332 968 276 129 353 193 137 160 742
is_linear=0
shrinkage=0.05


Tree=35
num_leaves=15
num_cat=0
split_feature=16 0 7 0 17 4 0 3 5 13 0 4 17 17
split_gain=164.036 16.0382 1.72561 2.26359 1.26767 1.60296 1.06559 1.06174 1.03421 0.990919 1.29218 1.29481 1.05687 0.9207
threshold=0.20980795610425237 9.4500000000000011 985.1500000000002 3.8500000000000001 28.550000000000004 -0.92384435400961373 6.1500000000000012 -0.47714059151611382 1.1176818925211178 -0.63919999999999988 7.4500000000000011 0.53727914962411594 10.450000000000001 25.950000000000003
decision_type=2 2 2 2 2 2 2 2 2 2 2 2 2 2
left_child=2 6 3 -1 13 -6 -2 8 -7 -8 11 -11 -12 -5
right_child=1 -3 -4 4 5 7 9 -9 -10 10 12 -13 -14 -15
leaf_value=-0.001979776033521181 0.00059209357794579812 1.0868673565218387 -0.001979776033521181 -0.001979776033521181 -0.001979776033521181 -0.001979776033521181 1.2891321044651918e-06 -0.001979776033521181 -0.001979776033521181 -0.033072894304564601 -0.0043216435799140187 -0.0077040896745358819 -0.028297967656307588 -0.001979776033521181
leaf_weight=107 242 3719 68 193 56 129 211 63 84 106 337 64 84 160
leaf_count=107 242 3719 68 193 56 129 211 63 84 106 337 64 84 160
internal_value=-0.000192957 0.00343586 -0.0202907 -0.020947 -0.0198905 -0.0221084 -0.00204023 -0.0205435 -0.02223 -0.00291771 -0.00396785 -0.00764706 -0.00248219 -0.0178045
internal_weight=5623 4763 860 792 685 332 1044 276 213 802 591 170 421 353
internal_count=5623 4763 860 792 685 332 1044 276 213 802 591 170 421 353
is_linear=0
shrinkage=0.05


Tree=36
num_leaves=15
num_cat=0
split_feature=16 1 7 1 17 4 15 12 17 18 8 18 6 17
split_gain=164.763 14.4222 1.72561 2.26359 1.26767 1.60296 1.15344 1.80717 0.9207 1.55215 1.74468 1.30909 0.856203 1.48602
threshold=0.20980795610425237 13.182669726957551 985.1500000000002 5.3144794187211071 28.550000000000004 -0.92384435400961373 30.740000000000006 -0.049399999999999993 25.950000000000003 24.150000000000002 1.0000000180025095e-35 23.250000000000004 20.050000000000004 9.9500000000000011
decision_type=2 2 2 2 2 2 2 2 2 2 2 2 2 2
left_child=2 12 3 -1 8 -6 -7 -8 9 10 -5 -10 13 -2
right_child=1 -3 -4 4 5 6 7 -9 11 -11 -12 -13 -14 -15
leaf_value=-0.0018807872318451217 -0.005679439731153502 1.0957759309616371 -0.0018807872318451217 -0.0018807872318451217 -0.0018807872318451217 -0.0018807872318451217 -0.0018807872318451217 -0.0018807872318451217 -0.0018807872318451217 -0.0018807872318451217 -0.0018807872318451217 -0.0018807872318451217 -0.0024861712203001138 -0.031119847264176881
leaf_weight=107 241 3689 68 80 56 147 51 78 72 56 57 88 769 64
leaf_count=107 241 3689 68 80 56 147 51 78 72 56 57 88 769 64
internal_value=-0.000148497 0.00348835 -0.0202907 -0.020947 -0.0198905 -0.0221084 -0.0205435 -0.017093 -0.0178045 -0.0201295 -0.0172628 -0.015 -0.0016108 -0.00385246
internal_weight=5623 4763 860 792 685 332 276 129 353 193 137 160 1074 305
internal_count=5623 4763 860 792 685 332 276 129 353 193 137 160 1074 305
is_linear=0
shrinkage=0.05


Tree=37
num_leaves=15
num_cat=0
split_feature=0 0 0 7 17 4 3 5 12 4 4 5 17 17
split_gain=116.07 47.4548 13.9587 3.42408 1.40137 1.63909 1.14373 1.03421 1.02843 1.07164 0.973191 0.899718 1.50176 0.843937
threshold=25.050000000000004 4.1500000000000012 9.5500000000000025 985.1500000000002 28.550000000000004 -0.92384435400961373 -0.47714059151611382 1.1176818925211178 -0.18594999999999998 -0.88697705852364728 0.18222858652173771 1.1787644771402512 9.9500000000000011 32.050000000000004
decision_type=2 2 2 2 2 2 2 2 2 2 2 2 2 2
left_child=1 3 11 10 8 -6 7 13 -2 -10 -1 -3 -13 -7
right_child=4 2 -4 -5 5 6 -8 -9 9 -11 -12 12 -14 -15
leaf_value=-0.0017867478702528656 -0.0017867478702528656 -0.0021244415068199713 1.0409871344135553 -0.0017867478702528656 -0.0017867478702528656 -0.0017867478702528656 -0.0017867478702528656 -0.0017867478702528656 -0.0017867478702528656 -0.0017867478702528656 -0.0017867478702528656 -0.0057688457265241255 -0.034355003851751692 -0.0017867478702528656
leaf_weight=76 92 795 3689 64 56 61 66 84 71 167 55 224 55 68
leaf_count=76 92 795 3689 64 56 61 66 84 71 167 55 224 55 68
internal_value=-0.000121821 0.00250908 0.00349885 -0.0216667 -0.0197368 -0.0220149 -0.020448 -0.02223 -0.0174242 -0.0191597 -0.0262977 -0.00151769 -0.00396057 -0.0194186
internal_weight=5623 4958 4763 195 665 335 279 213 330 238 131 1074 279 129
internal_count=5623 4958 4763 195 665 335 279 213 330 238 131 1074 279 129
is_linear=0
shrinkage=0.05


Tree=38
num_leaves=15
num_cat=0
split_feature=0 0 0 7 17 12 6 12 9 0 5 3 3 0
split_gain=116.386 47.5737 13.0909 3.42408 1.40137 1.02843 0.972124 1.36667 1.13604 1.3759 0.938562 1.05483 1.17717 0.688724
threshold=25.050000000000004 4.1500000000000012 9.6500000000000004 985.1500000000002 28.550000000000004 -0.18594999999999998 36.750000000000007 0.48310000000000003 -0.60354999999999992 30.150000000000002 1.118509522668149 -0.4539904997395468 -0.6883283652607477 6.1500000000000012
decision_type=2 2 2 2 2 2 2 2 2 2 2 2 2 2
left_child=1 3 13 -1 5 -2 7 8 -6 -10 11 12 -7 -3
right_child=4 2 -4 -5 6 10 -8 -9 9 -11 -12 -13 -14 -15
leaf_value=-0.0016974104767402223 -0.0016974104767402223 0.0010198952803711237 1.0177011106240934 -0.0016974104767402223 -0.0016974104767402223 -0.0016974104767402223 -0.0016974104767402223 -0.0016974104767402223 -0.0016974104767402223 -0.0016974104767402223 -0.0016974104767402223 -0.0016974104767402223 -0.0016974104767402223 -0.010781562204602082
leaf_weight=131 92 242 3672 64 51 59 75 84 52 73 61 64 54 849
leaf_count=131 92 242 3672 64 51 59 75 84 52 73 61 64 54 849
internal_value=-9.51448e-05 0.00253933 0.00353034 -0.0216667 -0.0197368 -0.0174242 -0.0220149 -0.0234615 -0.0259659 -0.0234 -0.0191597 -0.0173164 -0.0202212 -0.00127864
internal_weight=5623 4958 4763 195 665 330 335 260 176 125 238 177 113 1091
internal_count=5623 4958 4763 195 665 330 335 260 176 125 238 177 113 1091
is_linear=0
shrinkage=0.05


Tree=39
num_leaves=15
num_cat=0
split_feature=16 0 7 0 17 6 10 9 0 17 18 8 18 0
split_gain=163.445 12.8855 1.67351 2.34889 1.44004 1.01135 1.06734 0.990363 1.56535 0.939982 1.28429 1.74468 1.11673 0.587564
threshold=0.20980795610425237 9.7500000000000018 985.1500000000002 3.8500000000000001 28.550000000000004 36.750000000000007 1.0000000180025095e-35 -0.60354999999999992 30.150000000000002 25.950000000000003 24.150000000000002 1.0000000180025095e-35 23.250000000000004 6.1500000000000012
decision_type=2 2 2 2 2 2 2 2 2 2 2 2 2 2
left_child=2 13 3 -1 9 6 7 -6 -9 10 11 -5 -11 -2
right_child=1 -3 -4 4 5 -7 -8 8 -10 12 -12 -13 -14 -15
leaf_value=-0.0016125399529032113 0.00096890051635256766 1.1000432549975667 -0.0016125399529032113 -0.0016125399529032113 -0.0016125399529032113 -0.0016125399529032113 -0.0016125399529032113 -0.0016125399529032113 -0.0016125399529032113 -0.0016125399529032113 -0.0016125399529032113 -0.0016125399529032113 -0.0016125399529032113 -0.0099083485560565211
leaf_weight=107 242 3618 68 80 52 75 78 53 74 72 56 57 88 903
leaf_count=107 242 3618 68 80 52 75 78 53 74 72 56 57 88 903
internal_value=-0.000112929 0.00350934 -0.0201744 -0.0208207 -0.0197445 -0.0221084 -0.0235992 -0.0257263 -0.0233465 -0.0175212 -0.0198705 -0.0172628 -0.0146875 -0.00111354
internal_weight=5623 4763 860 792 685 332 257 179 127 353 193 137 160 1145
internal_count=5623 4763 860 792 685 332 257 179 127 353 193 137 160 1145
is_linear=0
shrinkage=0.05


Tree=40
num_leaves=15
num_cat=0
split_feature=16 0 7 0 17 4 12 3 3 15 12 7 11 0
split_gain=162.933 12.5184 1.64776 2.39214 1.53035 1.60296 1.19356 1.21695 1.40358 1.15344 1.80717 0.936524 0.708333 0.541592
threshold=0.20980795610425237 9.7500000000000018 985.1500000000002 3.8500000000000001 28.550000000000004 -0.92384435400961373 -0.49159999999999993 -0.4539904997395468 -0.29237170472273694 30.740000000000006 -0.049399999999999993 975.75000000000011 -0.93299999999999994 6.1500000000000012
decision_type=2 2 2 2 2 2 2 2 2 2 2 2 2 2
left_child=2 13 3 -1 6 -6 -5 11 -9 12 -11 -8 -7 -2
right_child=1 -3 -4 4 5 9 7 8 -10 10 -12 -13 -14 -15
leaf_value=-0.0015319129552580507 0.00092045549053493931 1.0450410922476885 -0.0015319129552580507 -0.0015319129552580507 -0.0015319129552580507 -0.0015319129552580507 -0.0015319129552580507 -0.0015319129552580507 -0.0015319129552580507 -0.0015319129552580507 -0.0015319129552580507 -0.0015319129552580507 -0.0015319129552580507 -0.0094129311282537074
leaf_weight=107 242 3618 68 52 56 51 108 57 69 51 78 67 96 903
leaf_count=107 242 3618 68 52 56 51 108 57 69 51 78 67 96 903
internal_value=-8.62527e-05 0.00353034 -0.0201163 -0.0207576 -0.0196715 -0.0221084 -0.0173796 -0.018588 -0.0148413 -0.0205435 -0.017093 -0.0212857 -0.0235714 -0.0010262
internal_weight=5623 4763 860 792 685 332 353 301 126 276 129 175 147 1145
internal_count=5623 4763 860 792 685 332 353 301 126 276 129 175 147 1145
is_linear=0
shrinkage=0.05


Tree=41
num_leaves=15
num_cat=0
split_feature=16 1 7 1 17 4 12 3 3 15 12 7 11 8
split_gain=163.078 12.0997 1.64776 2.39214 1.53035 1.60296 1.19356 1.21695 1.40358 1.15344 1.80717 0.936524 0.708333 0.532757
threshold=0.20980795610425237 13.458746579878129 985.1500000000002 5.3144794187211071 28.550000000000004 -0.92384435400961373 -0.49159999999999993 -0.4539904997395468 -0.29237170472273694 30.740000000000006 -0.049399999999999993 975.75000000000011 -0.93299999999999994 0.91595000000000015
decision_type=2 2 2 2 2 2 2 2 2 2 2 2 2 2
left_child=2 13 3 -1 6 -6 -5 11 -9 12 -11 -8 -7 -2
right_child=1 -3 -4 4 5 9 7 8 -10 10 -12 -13 -14 -15
leaf_value=-0.0014553173074951483 -0.002020127688940341 0.99278903763530413 -0.0014553173074951483 -0.0014553173074951483 -0.0014553173074951483 -0.0014553173074951483 -0.0014553173074951483 -0.0014553173074951483 -0.0014553173074951483 -0.0014553173074951483 -0.0014553173074951483 -0.0014553173074951483 -0.0014553173074951483 -0.019943758455581957
leaf_weight=107 1010 3618 68 52 56 51 108 57 69 51 78 67 96 135
leaf_count=107 1010 3618 68 52 56 51 108 57 69 51 78 67 96 135
internal_value=-7.73607e-05 0.00354084 -0.0201163 -0.0207576 -0.0196715 -0.0221084 -0.0173796 -0.018588 -0.0148413 -0.0205435 -0.017093 -0.0212857 -0.0235714 -0.000938864
internal_weight=5623 4763 860 792 685 332 353 301 126 276 129 175 147 1145
internal_count=5623 4763 860 792 685 332 353 301 126 276 129 175 147 1145
is_linear=0
shrinkage=0.05


Tree=42
num_leaves=15
num_cat=0
split_feature=16 0 7 0 14 4 3 12 5 7 14 12 5 0
split_gain=162.788 12.2286 1.64776 2.39214 1.1737 1.44058 1.29954 1.18879 1.08651 1.02287 1.67539 0.89878 0.795479 0.579409
threshold=0.20980795610425237 9.8500000000000032 985.1500000000002 3.8500000000000001 28.315000000000001 -0.92384435400961373 -0.47714059151611382 0.12545000000000003 1.1176818925211178 978.45000000000016 26.085000000000004 0.26040000000000002 1.1134244595159626 6.1500000000000012
decision_type=2 2 2 2 2 2 2 2 2 2 2 2 2 2
left_child=2 13 3 -1 7 -6 8 12 11 10 -9 -7 -5 -2
right_child=1 -3 -4 4 5 6 -8 9 -10 -11 -12 -13 -14 -15
leaf_value=-0.0013825514421203907 0.00097543910045520951 1.0311415067309675 -0.0013825514421203907 -0.0013825514421203907 -0.0013825514421203907 -0.0013825514421203907 -0.0013825514421203907 -0.0013825514421203907 -0.0013825514421203907 -0.0013825514421203907 -0.0013825514421203907 -0.0013825514421203907 -0.0013825514421203907 -0.0088739686966316095
leaf_weight=107 242 3585 68 94 59 76 61 77 84 52 69 50 63 936
leaf_count=107 242 3585 68 94 59 76 61 77 84 52 69 50 63 936
internal_value=-9.51448e-05 0.00351984 -0.0201163 -0.0207576 -0.0196715 -0.0218182 -0.0202768 -0.0176761 -0.0221429 -0.0202525 -0.0223973 -0.0192063 -0.0144268 -0.00089983
internal_weight=5623 4763 860 792 685 330 271 355 210 198 146 126 157 1178
internal_count=5623 4763 860 792 685 330 271 355 210 198 146 126 157 1178
is_linear=0
shrinkage=0.05


Tree=43
num_leaves=15
num_cat=0
split_feature=16 0 7 0 17 4 10 3 3 3 5 7 17 7
split_gain=163.222 11.4753 1.64776 2.39214 1.53035 1.60296 1.06827 1.16397 1.40358 1.06174 1.03421 0.874174 0.843937 0.572311
threshold=0.20980795610425237 9.8500000000000032 985.1500000000002 3.8500000000000001 28.550000000000004 -0.92384435400961373 -0.68299999999999994 -0.4539904997395468 -0.29237170472273694 -0.47714059151611382 1.1176818925211178 975.75000000000011 32.050000000000004 972.45000000000016
decision_type=2 2 2 2 2 2 2 2 2 2 2 2 2 2
left_child=2 -2 3 -1 6 -6 -5 11 -9 10 12 13 -7 -8
right_child=1 -3 -4 4 5 9 7 8 -10 -11 -12 -13 -14 -15
leaf_value=-0.0013134238700143713 -0.0031052392295334327 0.97958443139441909 -0.0013134238700143713 -0.0013134238700143713 -0.0013134238700143713 -0.0013134238700143713 -0.0013134238700143713 -0.0013134238700143713 -0.0013134238700143713 -0.0013134238700143713 -0.0013134238700143713 -0.0013134238700143713 -0.0013134238700143713 -0.0013134238700143713
leaf_weight=107 1178 3585 68 51 56 61 57 57 69 63 84 67 68 52
leaf_count=107 1178 3585 68 51 56 61 57 57 69 63 84 67 68 52
internal_value=-6.84686e-05 0.00355133 -0.0201163 -0.0207576 -0.0196715 -0.0221084 -0.0173796 -0.0185099 -0.0148413 -0.0205435 -0.02223 -0.0211364 -0.0194186 -0.0238991
internal_weight=5623 4763 860 792 685 332 353 302 126 276 213 176 129 109
internal_count=5623 4763 860 792 685 332 353 302 126 276 213 176 129 109
is_linear=0
shrinkage=0.05


Tree=44
num_leaves=15
num_cat=0
split_feature=16 0 7 0 17 4 12 3 3 15 12 7 17 6
split_gain=161.556 12.0119 1.6222 2.12211 1.53035 1.60296 1.19356 1.21695 1.40358 1.15344 1.80717 0.936524 0.623887 1.00003
threshold=0.20980795610425237 9.9500000000000011 985.1500000000002 3.8500000000000001 28.550000000000004 -0.92384435400961373 -0.49159999999999993 -0.4539904997395468 -0.29237170472273694 30.740000000000006 -0.049399999999999993 975.75000000000011 5.1500000000000012 28.850000000000005
decision_type=2 2 2 2 2 2 2 2 2 2 2 2 2 2
left_child=2 12 3 -1 6 -6 -5 11 -9 -7 -11 -8 13 -2
right_child=1 -3 -4 4 5 9 7 8 -10 10 -12 -13 -14 -15
leaf_value=-0.0012477526765136528 0.0014170243489417679 1.0377108256971994 -0.0012477526765136528 -0.0012477526765136528 -0.0012477526765136528 -0.0012477526765136528 -0.0012477526765136528 -0.0012477526765136528 -0.0012477526765136528 -0.0012477526765136528 -0.0012477526765136528 -0.0012477526765136528 -0.0027882314341804164 -0.010807344764842941
leaf_weight=107 78 3548 68 52 56 147 108 57 69 51 78 67 1047 90
leaf_count=107 78 3548 68 52 56 147 108 57 69 51 78 67 1047 90
internal_value=-0.000112929 0.00348835 -0.0200581 -0.0206944 -0.0196715 -0.0221084 -0.0173796 -0.018588 -0.0148413 -0.0205435 -0.017093 -0.0212857 -0.000802469 -0.00363095
internal_weight=5623 4763 860 792 685 332 353 301 126 276 129 175 1215 168
internal_count=5623 4763 860 792 685 332 353 301 126 276 129 175 1215 168
is_linear=0
shrinkage=0.05


Tree=45
num_leaves=15
num_cat=0
split_feature=16 0 7 0 17 4 12 15 12 4 8 11 7 4
split_gain=160.759 11.7826 1.59685 1.86825 1.53035 1.60296 1.19356 1.15344 1.80717 1.05087 0.759073 0.708333 0.692032 0.612669
threshold=0.20980795610425237 9.9500000000000011 985.1500000000002 3.8500000000000001 28.550000000000004 -0.92384435400961373 -0.49159999999999993 30.740000000000006 -0.049399999999999993 -0.88697705852364728 -0.60354999999999992 -0.93299999999999994 975.75000000000011 1.0000000180025095e-35
decision_type=2 2 2 2 2 2 2 2 2 2 2 2 2 2
left_child=2 -2 3 13 6 -6 -5 11 -9 -8 -11 -7 -12 -1
right_child=1 -3 -4 4 5 7 9 8 -10 10 12 -13 -14 -15
leaf_value=-0.0011853650426879702 -0.003431679338388761 0.98582528441233963 -0.0011853650426879702 -0.0011853650426879702 -0.0011853650426879702 -0.0011853650426879702 -0.0011853650426879702 -0.0011853650426879702 -0.0011853650426879702 -0.0011853650426879702 -0.0011853650426879702 -0.0011853650426879702 -0.0011853650426879702 -0.0011853650426879702
leaf_weight=52 1215 3548 68 52 56 51 96 51 78 64 89 96 52 55
leaf_count=52 1215 3548 68 52 56 51 96 51 78 64 89 96 52 55
internal_value=-0.000104037 0.00348835 -0.02 -0.0206313 -0.0196715 -0.0221084 -0.0173796 -0.0205435 -0.017093 -0.018588 -0.0206098 -0.0235714 -0.0226596 -0.0267757
internal_weight=5623 4763 860 792 685 332 353 276 129 301 205 147 141 107
internal_count=5623 4763 860 792 685 332 353 276 129 301 205 147 141 107
is_linear=0
shrinkage=0.05


Tree=46
num_leaves=15
num_cat=0
split_feature=16 0 5 5 5 4 10 17 8 9 5 15 0 17
split_gain=158.677 12.9025 1.46413 2.05378 1.93902 1.52646 2.51659 1.29465 1.22132 1.01669 0.929773 1.01657 0.704659 0.5963
threshold=0.20980795610425237 10.050000000000002 1.1281336744899015 1.118509522668149 1.112108596518439 -0.39873388578253688 1.0000000180025095e-35 27.550000000000004 -0.3793999999999999 -1.0000000180025095e-35 1.1335267554782447 9.7900000000000009 6.1500000000000012 4.1500000000000012
decision_type=2 2 2 2 2 2 2 2 2 2 2 2 2 2
left_child=2 12 3 4 5 6 8 -5 9 -1 -4 -12 13 -2
right_child=1 -3 10 7 -6 -7 -8 -9 -10 -11 11 -13 -14 -15
leaf_value=-0.0011260967905535716 -0.00073892028473134972 1.0561293994617689 -0.0011260967905535716 -0.0011260967905535716 -0.0011260967905535716 -0.0011260967905535716 -0.0011260967905535716 -0.0011260967905535716 -0.0011260967905535716 -0.0011260967905535716 -0.0011260967905535716 -0.0011260967905535716 -0.0099670338407039198 0.0021293570462720102
leaf_weight=63 56 3500 52 57 107 96 80 67 139 59 71 69 1021 186
leaf_count=63 56 3500 52 57 107 96 80 67 139 59 71 69 1021 186
internal_value=-0.000175173 0.00339387 -0.0199419 -0.0210479 -0.0197243 -0.0212014 -0.0196334 -0.0268548 -0.0220115 -0.0183607 -0.0160937 -0.0182143 -0.000938242 0.0014876
internal_weight=5623 4763 860 668 544 437 341 124 261 122 192 140 1263 242
internal_count=5623 4763 860 668 544 437 341 124 261 122 192 140 1263 242
is_linear=0
shrinkage=0.05


Tree=47
num_leaves=15
num_cat=0
split_feature=16 0 7 0 17 4 12 3 3 15 12 7 11 0
split_gain=158.534 12.8401 1.5717 1.63056 1.53035 1.60296 1.19356 1.21695 1.40358 1.15344 1.80717 0.936524 0.708333 0.704659
threshold=0.20980795610425237 10.050000000000002 985.1500000000002 3.8500000000000001 28.550000000000004 -0.92384435400961373 -0.49159999999999993 -0.4539904997395468 -0.29237170472273694 30.740000000000006 -0.049399999999999993 975.75000000000011 -0.93299999999999994 6.1500000000000012
decision_type=2 2 2 2 2 2 2 2 2 2 2 2 2 2
left_child=2 13 3 -1 6 -6 -5 11 -9 12 -11 -8 -7 -2
right_child=1 -3 -4 4 5 9 7 8 -10 10 -12 -13 -14 -15
leaf_value=-0.0010697919510258931 0.0012900037966097711 1.0033229294886805 -0.0010697919510258931 -0.0010697919510258931 -0.0010697919510258931 -0.0010697919510258931 -0.0010697919510258931 -0.0010697919510258931 -0.0010697919510258931 -0.0010697919510258931 -0.0010697919510258931 -0.0010697919510258931 -0.0010697919510258931 -0.0094686821486688055
leaf_weight=107 242 3500 68 52 56 51 108 57 69 51 78 67 96 1021
leaf_count=107 242 3500 68 52 56 51 108 57 69 51 78 67 96 1021
internal_value=-0.000184065 0.00338337 -0.0199419 -0.0205682 -0.0196715 -0.0221084 -0.0173796 -0.018588 -0.0148413 -0.0205435 -0.017093 -0.0212857 -0.0235714 -0.000938242
internal_weight=5623 4763 860 792 685 332 353 301 126 276 129 175 147 1263
internal_count=5623 4763 860 792 685 332 353 301 126 276 129 175 147 1263
is_linear=0
shrinkage=0.05


Tree=48
num_leaves=15
num_cat=0
split_feature=16 0 7 0 17 4 12 3 3 15 12 7 0 11
split_gain=157.537 13.7193 1.5717 1.63056 1.53035 1.60296 1.19356 1.21695 1.40358 1.15344 1.80717 0.936524 0.857265 0.708333
threshold=0.20980795610425237 10.15 985.1500000000002 3.8500000000000001 28.550000000000004 -0.92384435400961373 -0.49159999999999993 -0.4539904997395468 -0.29237170472273694 30.740000000000006 -0.049399999999999993 975.75000000000011 9.8500000000000032 -0.93299999999999994
decision_type=2 2 2 2 2 2 2 2 2 2 2 2 2 2
left_child=2 12 3 -1 6 -6 -5 11 -9 13 -11 -8 -2 -7
right_child=1 -3 -4 4 5 9 7 8 -10 10 -12 -13 -14 -15
leaf_value=-0.0010163023534745985 -0.0019902237786485013 1.0631105511901624 -0.0010163023534745985 -0.0010163023534745985 -0.0010163023534745985 -0.0010163023534745985 -0.0010163023534745985 -0.0010163023534745985 -0.0010163023534745985 -0.0010163023534745985 -0.0010163023534745985 -0.0010163023534745985 -0.023563130489656817 -0.0010163023534745985
leaf_weight=107 1178 3460 68 52 56 51 108 57 69 51 78 67 125 96
leaf_count=107 1178 3460 68 52 56 51 108 57 69 51 78 67 125 96
internal_value=-0.00024631 0.00330989 -0.0199419 -0.0205682 -0.0196715 -0.0221084 -0.0173796 -0.018588 -0.0148413 -0.0205435 -0.017093 -0.0212857 -0.00106293 -0.0235714
internal_weight=5623 4763 860 792 685 332 353 301 126 276 129 175 1303 147
internal_count=5623 4763 860 792 685 332 353 301 126 276 129 175 1303 147
is_linear=0
shrinkage=0.05


Tree=49
num_leaves=15
num_cat=0
split_feature=16 0 7 0 17 4 12 3 3 15 12 7 11 0
split_gain=155.9 14.0909 1.54675 1.66662 1.43442 1.66617 1.19356 1.21695 1.40358 1.0355 1.80717 0.936524 0.813138 0.754057
threshold=0.20980795610425237 10.250000000000002 985.1500000000002 3.8500000000000001 28.550000000000004 -0.92384435400961373 -0.49159999999999993 -0.4539904997395468 -0.29237170472273694 30.740000000000006 -0.049399999999999993 975.75000000000011 -0.93299999999999994 6.1500000000000012
decision_type=2 2 2 2 2 2 2 2 2 2 2 2 2 2
left_child=2 13 3 -1 6 -6 -5 11 -9 12 -11 -8 -7 -2
right_child=1 -3 -4 4 5 9 7 8 -10 10 -12 -13 -14 -15
leaf_value=-0.00096548723580086853 0.0013250147957117077 1.207354013458253 -0.00096548723580086853 -0.00096548723580086853 -0.00096548723580086853 -0.00096548723580086853 -0.00096548723580086853 -0.00096548723580086853 -0.00096548723580086853 -0.00096548723580086853 -0.00096548723580086853 -0.00096548723580086853 -0.00096548723580086853 -0.009108444886078872
leaf_weight=107 242 3398 68 52 56 51 108 57 69 51 78 67 96 1123
leaf_count=107 242 3398 68 52 56 51 108 57 69 51 78 67 96 1123
internal_value=-0.00029077 0.0032469 -0.0198837 -0.020505 -0.0195985 -0.0219578 -0.0173796 -0.018588 -0.0148413 -0.0203623 -0.017093 -0.0212857 -0.0232313 -0.00104396
internal_weight=5623 4763 860 792 685 332 353 301 126 276 129 175 147 1365
internal_count=5623 4763 860 792 685 332 353 301 126 276 129 175 147 1365
is_linear=0
shrinkage=0.05


Tree=50
num_leaves=15
num_cat=0
split_feature=0 0 0 7 17 4 12 3 4 4 5 17 0 3
split_gain=112.529 43.7577 13.7497 2.8909 1.40275 1.70236 1.21584 1.07356 1.07164 1.06596 0.868716 0.843937 0.711046 0.826175
threshold=25.050000000000004 4.1500000000000012 10.250000000000002 985.1500000000002 28.550000000000004 -0.92384435400961373 -0.18594999999999998 -0.47714059151611382 -0.88697705852364728 0.18222858652173771 1.1176818925211178 32.050000000000004 6.1500000000000012 -0.98321746822993583
decision_type=2 2 2 2 2 2 2 2 2 2 2 2 2 2
left_child=1 3 12 9 6 -6 -2 10 -8 -1 11 -7 -3 -14
right_child=4 2 -4 -5 5 7 8 -9 -10 -11 -12 -13 13 -15
leaf_value=-0.00091721287401082513 -0.00091721287401082513 0.0012587640559261221 1.1469863127853406 -0.00091721287401082513 -0.00091721287401082513 -0.00091721287401082513 -0.00091721287401082513 -0.00091721287401082513 -0.00091721287401082513 -0.00091721287401082513 -0.00091721287401082513 -0.00091721287401082513 -0.017305366979207714 -0.0070052024315419128
leaf_weight=76 92 242 3398 64 56 61 71 66 167 55 84 68 73 1050
leaf_count=76 92 242 3398 64 56 61 71 66 167 55 84 68 73 1050
internal_value=-0.000272986 0.00231747 0.0032679 -0.0208974 -0.0195865 -0.0218657 -0.0172727 -0.0202688 -0.0191597 -0.0251527 -0.0219953 -0.0194186 -0.000970696 -0.00150045
internal_weight=5623 4958 4763 195 665 335 330 279 238 131 213 129 1365 1123
internal_count=5623 4958 4763 195 665 335 330 279 238 131 213 129 1365 1123
is_linear=0
shrinkage=0.05


Tree=51
num_leaves=15
num_cat=0
split_feature=16 0 7 0 17 4 12 3 3 15 12 7 11 0
split_gain=155.541 13.5807 1.84975 1.66662 1.43442 1.66617 1.19356 1.21695 1.40358 1.0355 1.80717 0.936524 0.813138 0.690014
threshold=0.20980795610425237 10.250000000000002 985.1500000000002 3.8500000000000001 28.550000000000004 -0.92384435400961373 -0.49159999999999993 -0.4539904997395468 -0.29237170472273694 30.740000000000006 -0.049399999999999993 975.75000000000011 -0.93299999999999994 6.1500000000000012
decision_type=2 2 2 2 2 2 2 2 2 2 2 2 2 2
left_child=2 13 3 -1 6 -6 -5 11 -9 12 -11 -8 -7 -2
right_child=1 -3 -4 4 5 9 7 8 -10 10 -12 -13 -14 -15
leaf_value=-0.0008713522303102838 0.0011958258531298161 1.0896369971460735 -0.0008713522303102838 -0.0008713522303102838 -0.0008713522303102838 -0.0008713522303102838 -0.0008713522303102838 -0.0008713522303102838 -0.0008713522303102838 -0.0008713522303102838 -0.0008713522303102838 -0.0008713522303102838 -0.0008713522303102838 -0.0081250860712580864
leaf_weight=107 242 3398 68 52 56 51 108 57 69 51 78 67 96 1123
leaf_count=107 242 3398 68 52 56 51 108 57 69 51 78 67 96 1123
internal_value=-0.000255202 0.0032784 -0.0198256 -0.020505 -0.0195985 -0.0219578 -0.0173796 -0.018588 -0.0148413 -0.0203623 -0.017093 -0.0212857 -0.0232313 -0.000934066
internal_weight=5623 4763 860 792 685 332 353 301 126 276 129 175 147 1365
internal_count=5623 4763 860 792 685 332 353 301 126 276 129 175 147 1365
is_linear=0
shrinkage=0.05


Tree=52
num_leaves=15
num_cat=0
split_feature=16 0 7 0 17 4 12 4 15 12 11 0 8 7
split_gain=154.976 13.6633 1.84975 1.66662 1.43442 1.66617 1.19356 1.05087 1.0355 1.80717 0.813138 0.779535 0.759073 0.692032
threshold=0.20980795610425237 10.350000000000003 985.1500000000002 3.8500000000000001 28.550000000000004 -0.92384435400961373 -0.49159999999999993 -0.88697705852364728 30.740000000000006 -0.049399999999999993 -0.93299999999999994 9.8500000000000032 -0.60354999999999992 975.75000000000011
decision_type=2 2 2 2 2 2 2 2 2 2 2 2 2 2
left_child=2 11 3 -1 6 -6 -5 -8 10 -10 -7 -2 -9 -14
right_child=1 -3 -4 4 5 8 7 12 9 -11 -12 -13 13 -15
leaf_value=-0.00082778461879476958 -0.0012352600317799608 1.1197722601342741 -0.00082778461879476958 -0.00082778461879476958 -0.00082778461879476958 -0.00082778461879476958 -0.00082778461879476958 -0.00082778461879476958 -0.00082778461879476958 -0.00082778461879476958 -0.00082778461879476958 -0.017674890369556488 -0.00082778461879476958 -0.00082778461879476958
leaf_weight=107 1178 3373 68 52 56 51 96 64 51 78 96 212 89 52
leaf_count=107 1178 3373 68 52 56 51 96 64 51 78 96 212 89 52
internal_value=-0.00029077 0.00323641 -0.0198256 -0.020505 -0.0195985 -0.0219578 -0.0173796 -0.018588 -0.0203623 -0.017093 -0.0232313 -0.000935252 -0.0206098 -0.0226596
internal_weight=5623 4763 860 792 685 332 353 301 276 129 147 1390 205 141
internal_count=5623 4763 860 792 685 332 353 301 276 129 147 1390 205 141
is_linear=0
shrinkage=0.05


Tree=53
num_leaves=15
num_cat=0
split_feature=16 0 7 0 17 4 12 7 15 13 4 8 7 0
split_gain=154.055 13.6587 1.82268 1.70308 1.3416 1.7306 1.19356 1.16063 1.3107 1.15535 1.05087 0.759073 0.692032 0.656631
threshold=0.20980795610425237 10.450000000000001 985.1500000000002 3.8500000000000001 28.550000000000004 -0.92384435400961373 -0.49159999999999993 969.6500000000002 30.740000000000006 -0.87394999999999989 -0.88697705852364728 -0.60354999999999992 975.75000000000011 6.1500000000000012
decision_type=2 2 2 2 2 2 2 2 2 2 2 2 2 2
left_child=2 13 3 -1 6 -6 -5 -7 9 -9 -8 -12 -13 -2
right_child=1 -3 -4 4 5 7 10 8 -10 -11 11 12 -14 -15
leaf_value=-0.00078639538785503114 0.0011977975620623236 1.144278277045812 -0.00078639538785503114 -0.00078639538785503114 -0.00078639538785503114 -0.00078639538785503114 -0.00078639538785503114 -0.00078639538785503114 -0.00078639538785503114 -0.00078639538785503114 -0.00078639538785503114 -0.00078639538785503114 -0.00078639538785503114 -0.0075103964572333206
leaf_weight=107 242 3344 68 52 56 69 96 56 89 62 64 89 52 1177
leaf_count=107 242 3344 68 52 56 69 96 56 89 62 64 89 52 1177
internal_value=-0.00029077 0.00322591 -0.0197674 -0.0204419 -0.0195255 -0.0218072 -0.0173796 -0.0201812 -0.0220531 -0.0255085 -0.018588 -0.0206098 -0.0226596 -0.000884425
internal_weight=5623 4763 860 792 685 332 353 276 207 118 301 205 141 1419
internal_count=5623 4763 860 792 685 332 353 276 207 118 301 205 141 1419
is_linear=0
shrinkage=0.05


Tree=54
num_leaves=15
num_cat=0
split_feature=16 0 7 0 17 12 3 3 12 13 3 7 5 16
split_gain=154.196 13.2631 1.82268 1.70308 1.3416 1.19356 1.21695 1.40358 1.13781 1.56189 2.04976 0.936524 0.90592 0.619284
threshold=0.20980795610425237 10.450000000000001 985.1500000000002 3.8500000000000001 28.550000000000004 -0.49159999999999993 -0.4539904997395468 -0.29237170472273694 0.42180000000000006 -0.97314999999999985 -0.39073112848927366 975.75000000000011 1.1171711757301654 1.7826474622770923
decision_type=2 2 2 2 2 2 2 2 2 2 2 2 2 2
left_child=2 13 3 -1 5 -5 11 -8 9 10 -6 -7 -10 -2
right_child=1 -3 -4 4 8 6 7 -9 12 -11 -12 -13 -14 -15
leaf_value=-0.00074707561846227948 0.0011485486502475315 1.0870643631935213 -0.00074707561846227948 -0.00074707561846227948 -0.00074707561846227948 -0.00074707561846227948 -0.00074707561846227948 -0.00074707561846227948 -0.00074707561846227948 -0.00074707561846227948 -0.00074707561846227948 -0.00074707561846227948 -0.00074707561846227948 -0.005713602009194148
leaf_weight=107 135 3344 68 52 89 108 57 69 68 73 50 67 52 1284
leaf_count=107 135 3344 68 52 89 108 57 69 68 73 50 67 52 1284
internal_value=-0.000281878 0.00323641 -0.0197674 -0.0204419 -0.0195255 -0.0173796 -0.018588 -0.0148413 -0.0218072 -0.0240094 -0.0208993 -0.0212857 -0.0179167 -0.000813953
internal_weight=5623 4763 860 792 685 353 301 126 332 212 139 175 120 1419
internal_count=5623 4763 860 792 685 353 301 126 332 212 139 175 120 1419
is_linear=0
shrinkage=0.05


Tree=55
num_leaves=15
num_cat=0
split_feature=16 0 7 0 17 4 7 10 18 10 3 3 7 16
split_gain=153.493 13.4085 1.82268 1.70308 1.3416 1.7306 1.16063 1.21027 1.71671 1.06827 1.16397 1.40358 0.874174 0.595017
threshold=0.20980795610425237 10.550000000000002 985.1500000000002 3.8500000000000001 28.550000000000004 -0.92384435400961373 969.6500000000002 -1.0000000180025095e-35 22.350000000000005 -0.68299999999999994 -0.4539904997395468 -0.29237170472273694 975.75000000000011 1.7826474622770923
decision_type=2 2 2 2 2 2 2 2 2 2 2 2 2 2
left_child=2 13 3 -1 9 -6 -7 -8 -9 -5 12 -12 -11 -2
right_child=1 -3 -4 4 5 6 7 8 -10 10 11 -13 -14 -15
leaf_value=-0.00070972183753916559 0.001091121217735155 1.2710274279039728 -0.00070972183753916559 -0.00070972183753916559 -0.00070972183753916559 -0.00070972183753916559 -0.00070972183753916559 -0.00070972183753916559 -0.00070972183753916559 -0.00070972183753916559 -0.00070972183753916559 -0.00070972183753916559 -0.00070972183753916559 -0.0053725118321490276
leaf_weight=107 135 3278 68 51 56 69 52 51 104 109 57 69 67 1350
leaf_count=107 135 3278 68 51 56 69 52 51 104 109 57 69 67 1350
internal_value=-0.000326338 0.00318392 -0.0197674 -0.0204419 -0.0195255 -0.0218072 -0.0201812 -0.0220531 -0.0198387 -0.0173796 -0.0185099 -0.0148413 -0.0211364 -0.000757576
internal_weight=5623 4763 860 792 685 332 276 207 155 353 302 126 176 1485
internal_count=5623 4763 860 792 685 332 276 207 155 353 302 126 176 1485
is_linear=0
shrinkage=0.05


Tree=56
num_leaves=15
num_cat=0
split_feature=16 0 7 0 17 4 12 3 3 7 15 13 7 15
split_gain=153.633 13.2513 1.82268 1.70308 1.3416 1.7306 1.19356 1.21695 1.40358 1.16063 1.3107 1.15535 0.936524 0.606076
threshold=0.20980795610425237 10.550000000000002 985.1500000000002 3.8500000000000001 28.550000000000004 -0.92384435400961373 -0.49159999999999993 -0.4539904997395468 -0.29237170472273694 969.6500000000002 30.740000000000006 -0.87394999999999989 975.75000000000011 10.090000000000002
decision_type=2 2 2 2 2 2 2 2 2 2 2 2 2 2
left_child=2 13 3 -1 6 -6 -5 12 -9 -7 11 -11 -8 -2
right_child=1 -3 -4 4 5 9 7 8 -10 10 -12 -13 -14 -15
leaf_value=-0.00067423574566220735 0.00029377713582233385 1.2074760565087741 -0.00067423574566220735 -0.00067423574566220735 -0.00067423574566220735 -0.00067423574566220735 -0.00067423574566220735 -0.00067423574566220735 -0.00067423574566220735 -0.00067423574566220735 -0.00067423574566220735 -0.00067423574566220735 -0.00067423574566220735 -0.010024706775777714
leaf_weight=107 880 3278 68 52 56 69 108 57 69 56 89 62 67 605
leaf_count=107 880 3278 68 52 56 69 108 57 69 56 89 62 67 605
internal_value=-0.000317446 0.00319442 -0.0197674 -0.0204419 -0.0195255 -0.0218072 -0.0173796 -0.018588 -0.0148413 -0.0201812 -0.0220531 -0.0255085 -0.0212857 -0.000723906
internal_weight=5623 4763 860 792 685 332 353 301 126 276 207 118 175 1485
internal_count=5623 4763 860 792 685 332 353 301 126 276 207 118 175 1485
is_linear=0
shrinkage=0.05


Tree=57
num_leaves=15
num_cat=0
split_feature=16 2 7 2 17 4 12 3 3 7 15 13 7 2
split_gain=153.774 12.8394 1.82268 1.70308 1.3416 1.7306 1.19356 1.21695 1.40358 1.16063 1.3107 1.15535 0.936524 0.614884
threshold=0.20980795610425237 13.845000000000001 985.1500000000002 5.0050000000000008 28.550000000000004 -0.92384435400961373 -0.49159999999999993 -0.4539904997395468 -0.29237170472273694 969.6500000000002 30.740000000000006 -0.87394999999999989 975.75000000000011 7.995000000000001
decision_type=2 2 2 2 2 2 2 2 2 2 2 2 2 2
left_child=2 13 3 -1 6 -6 -5 12 -9 -7 11 -11 -8 -2
right_child=1 -3 -4 4 5 9 7 8 -10 10 -12 -13 -14 -15
leaf_value=-0.00064052395837909694 0.0010721897836242394 1.1959848938236157 -0.00064052395837909694 -0.00064052395837909694 -0.00064052395837909694 -0.00064052395837909694 -0.00064052395837909694 -0.00064052395837909694 -0.00064052395837909694 -0.00064052395837909694 -0.00064052395837909694 -0.00064052395837909694 -0.00064052395837909694 -0.0058009624221194035
leaf_weight=107 242 3258 68 52 56 69 108 57 69 56 89 62 67 1263
leaf_count=107 242 3258 68 52 56 69 108 57 69 56 89 62 67 1263
internal_value=-0.000308554 0.00320491 -0.0197674 -0.0204419 -0.0195255 -0.0218072 -0.0173796 -0.018588 -0.0148413 -0.0201812 -0.0220531 -0.0255085 -0.0212857 -0.000614618
internal_weight=5623 4763 860 792 685 332 353 301 126 276 207 118 175 1505
internal_count=5623 4763 860 792 685 332 353 301 126 276 207 118 175 1505
is_linear=0
shrinkage=0.05


Tree=58
num_leaves=15
num_cat=0
split_feature=16 1 7 1 17 4 12 7 15 13 4 8 7 1
split_gain=153.352 12.5121 1.82268 1.70308 1.3416 1.7306 1.19356 1.16063 1.3107 1.15535 1.05087 0.759073 0.692032 0.611929
threshold=0.20980795610425237 14.839130844481014 985.1500000000002 5.3144794187211071 28.550000000000004 -0.92384435400961373 -0.49159999999999993 969.6500000000002 30.740000000000006 -0.87394999999999989 -0.88697705852364728 -0.60354999999999992 975.75000000000011 8.6274016537680307
decision_type=2 2 2 2 2 2 2 2 2 2 2 2 2 2
left_child=2 13 3 -1 6 -6 -5 -7 9 -9 -8 -12 -13 -2
right_child=1 -3 -4 4 5 7 10 8 -10 -11 11 12 -14 -15
leaf_value=-0.00060849776046014207 0.00098600177072240692 1.3709157100155072 -0.00060849776046014207 -0.00060849776046014207 -0.00060849776046014207 -0.00060849776046014207 -0.00060849776046014207 -0.00060849776046014207 -0.00060849776046014207 -0.00060849776046014207 -0.00060849776046014207 -0.00060849776046014207 -0.00060849776046014207 -0.0054441874775417063
leaf_weight=107 260 3195 68 52 56 69 96 56 89 62 64 89 52 1308
leaf_count=107 260 3195 68 52 56 69 96 56 89 62 64 89 52 1308
internal_value=-0.00033523 0.00317342 -0.0197674 -0.0204419 -0.0195255 -0.0218072 -0.0173796 -0.0201812 -0.0220531 -0.0255085 -0.018588 -0.0206098 -0.0226596 -0.000484694
internal_weight=5623 4763 860 792 685 332 353 276 207 118 301 205 141 1568
internal_count=5623 4763 860 792 685 332 353 276 207 118 301 205 141 1568
is_linear=0
shrinkage=0.05


Tree=59
num_leaves=15
num_cat=0
split_feature=16 1 7 1 17 4 12 3 3 7 15 12 7 1
split_gain=153.352 12.5121 1.82268 1.70308 1.3416 1.7306 1.19356 1.21695 1.40358 1.16063 1.3107 1.1284 0.936524 0.611929
threshold=0.20980795610425237 14.839130844481014 985.1500000000002 5.3144794187211071 28.550000000000004 -0.92384435400961373 -0.49159999999999993 -0.4539904997395468 -0.29237170472273694 969.6500000000002 30.740000000000006 0.42180000000000006 975.75000000000011 8.6274016537680307
decision_type=2 2 2 2 2 2 2 2 2 2 2 2 2 2
left_child=2 13 3 -1 6 -6 -5 12 -9 -7 11 -11 -8 -2
right_child=1 -3 -4 4 5 9 7 8 -10 10 -12 -13 -14 -15
leaf_value=-0.00057807287243713491 0.00093670168218628648 1.3023699245147318 -0.00057807287243713491 -0.00057807287243713491 -0.00057807287243713491 -0.00057807287243713491 -0.00057807287243713491 -0.00057807287243713491 -0.00057807287243713491 -0.00057807287243713491 -0.00057807287243713491 -0.00057807287243713491 -0.00057807287243713491 -0.0051719781036645316
leaf_weight=107 260 3195 68 52 56 69 108 57 69 66 89 52 67 1308
leaf_count=107 260 3195 68 52 56 69 108 57 69 66 89 52 67 1308
internal_value=-0.00033523 0.00317342 -0.0197674 -0.0204419 -0.0195255 -0.0218072 -0.0173796 -0.018588 -0.0148413 -0.0201812 -0.0220531 -0.0255085 -0.0212857 -0.000484694
internal_weight=5623 4763 860 792 685 332 353 301 126 276 207 118 175 1568
internal_count=5623 4763 860 792 685 332 353 301 126 276 207 118 175 1568
is_linear=0
shrinkage=0.05


Tree=60
num_leaves=15
num_cat=0
split_feature=16 0 7 0 17 4 12 3 3 7 15 12 7 0
split_gain=153.212 12.4404 1.82268 1.70308 1.3416 1.7306 1.19356 1.21695 1.40358 1.16063 1.3107 1.1284 0.936524 0.611929
threshold=0.20980795610425237 10.750000000000002 985.1500000000002 3.8500000000000001 28.550000000000004 -0.92384435400961373 -0.49159999999999993 -0.4539904997395468 -0.29237170472273694 969.6500000000002 30.740000000000006 0.42180000000000006 975.75000000000011 6.2500000000000009
decision_type=2 2 2 2 2 2 2 2 2 2 2 2 2 2
left_child=2 13 3 -1 6 -6 -5 12 -9 -7 11 -11 -8 -2
right_child=1 -3 -4 4 5 9 7 8 -10 10 -12 -13 -14 -15
leaf_value=-0.00054916922881527821 0.00088986659807697229 1.2372514282889953 -0.00054916922881527821 -0.00054916922881527821 -0.00054916922881527821 -0.00054916922881527821 -0.00054916922881527821 -0.00054916922881527821 -0.00054916922881527821 -0.00054916922881527821 -0.00054916922881527821 -0.00054916922881527821 -0.00054916922881527821 -0.004913379198481482
leaf_weight=107 260 3195 68 52 56 69 108 57 69 66 89 52 67 1308
leaf_count=107 260 3195 68 52 56 69 108 57 69 66 89 52 67 1308
internal_value=-0.000344122 0.00316292 -0.0197674 -0.0204419 -0.0195255 -0.0218072 -0.0173796 -0.018588 -0.0148413 -0.0201812 -0.0220531 -0.0255085 -0.0212857 -0.000484694
internal_weight=5623 4763 860 792 685 332 353 301 126 276 207 118 175 1568
internal_count=5623 4763 860 792 685 332 353 301 126 276 207 118 175 1568
is_linear=0
shrinkage=0.05


Tree=61
num_leaves=15
num_cat=0
split_feature=16 0 7 0 17 4 12 3 3 7 15 13 7 17
split_gain=152.791 12.6248 1.82268 1.70308 1.3416 1.7306 1.19356 1.21695 1.40358 1.16063 1.3107 1.15535 0.936524 0.697236
threshold=0.20980795610425237 10.850000000000003 985.1500000000002 3.8500000000000001 28.550000000000004 -0.92384435400961373 -0.49159999999999993 -0.4539904997395468 -0.29237170472273694 969.6500000000002 30.740000000000006 -0.87394999999999989 975.75000000000011 5.1500000000000012
decision_type=2 2 2 2 2 2 2 2 2 2 2 2 2 2
left_child=2 13 3 -1 6 -6 -5 12 -9 -7 11 -11 -8 -2
right_child=1 -3 -4 4 5 9 7 8 -10 10 -12 -13 -14 -15
leaf_value=-0.00052171076737451429 -0.0023341838248844959 1.2921901875427015 -0.00052171076737451429 -0.00052171076737451429 -0.00052171076737451429 -0.00052171076737451429 -0.00052171076737451429 -0.00052171076737451429 -0.00052171076737451429 -0.00052171076737451429 -0.00052171076737451429 -0.00052171076737451429 -0.00052171076737451429 -0.0018306130863339964
leaf_weight=107 178 3156 68 52 56 69 108 57 69 56 89 62 67 1429
leaf_count=107 178 3156 68 52 56 69 108 57 69 56 89 62 67 1429
internal_value=-0.000370798 0.00313143 -0.0197674 -0.0204419 -0.0195255 -0.0218072 -0.0173796 -0.018588 -0.0148413 -0.0201812 -0.0220531 -0.0255085 -0.0212857 -0.000476042
internal_weight=5623 4763 860 792 685 332 353 301 126 276 207 118 175 1607
internal_count=5623 4763 860 792 685 332 353 301 126 276 207 118 175 1607
is_linear=0
shrinkage=0.05


Tree=62
num_leaves=15
num_cat=0
split_feature=16 0 7 0 17 4 12 3 3 7 15 13 7 0
split_gain=153.072 12.1235 1.82268 1.70308 1.3416 1.7306 1.19356 1.21695 1.40358 1.16063 1.3107 1.15535 0.936524 0.554209
threshold=0.20980795610425237 10.850000000000003 985.1500000000002 3.8500000000000001 28.550000000000004 -0.92384435400961373 -0.49159999999999993 -0.4539904997395468 -0.29237170472273694 969.6500000000002 30.740000000000006 -0.87394999999999989 975.75000000000011 6.2500000000000009
decision_type=2 2 2 2 2 2 2 2 2 2 2 2 2 2
left_child=2 13 3 -1 6 -6 -5 12 -9 -7 11 -11 -8 -2
right_child=1 -3 -4 4 5 9 7 8 -10 10 -12 -13 -14 -15
leaf_value=-0.00049562522900578859 0.00095956461544200236 1.227580678165566 -0.00049562522900578859 -0.00049562522900578859 -0.00049562522900578859 -0.00049562522900578859 -0.00049562522900578859 -0.00049562522900578859 -0.00049562522900578859 -0.00049562522900578859 -0.00049562522900578859 -0.00049562522900578859 -0.00049562522900578859 -0.0045093694922889891
leaf_weight=107 260 3156 68 52 56 69 108 57 69 56 89 62 67 1347
leaf_count=107 260 3156 68 52 56 69 108 57 69 56 89 62 67 1347
internal_value=-0.000353014 0.00315243 -0.0197674 -0.0204419 -0.0195255 -0.0218072 -0.0173796 -0.018588 -0.0148413 -0.0201812 -0.0220531 -0.0255085 -0.0212857 -0.0003827
internal_weight=5623 4763 860 792 685 332 353 301 126 276 207 118 175 1607
internal_count=5623 4763 860 792 685 332 353 301 126 276 207 118 175 1607
is_linear=0
shrinkage=0.05


Tree=63
num_leaves=15
num_cat=0
split_feature=16 0 7 0 17 4 7 10 18 10 3 3 7 17
split_gain=152.371 12.5301 1.82268 1.70308 1.3416 1.7306 1.16063 1.21027 1.71671 1.06827 1.16397 1.40358 0.874174 0.594576
threshold=0.20980795610425237 10.950000000000001 985.1500000000002 3.8500000000000001 28.550000000000004 -0.92384435400961373 969.6500000000002 -1.0000000180025095e-35 22.350000000000005 -0.68299999999999994 -0.4539904997395468 -0.29237170472273694 975.75000000000011 8.9500000000000011
decision_type=2 2 2 2 2 2 2 2 2 2 2 2 2 2
left_child=2 13 3 -1 9 -6 -7 -8 -9 -5 12 -12 -11 -2
right_child=1 -3 -4 4 5 6 7 8 -10 10 11 -13 -14 -15
leaf_value=-0.00047084396755549913 0.00083836538715608604 1.3096731916149111 -0.00047084396755549913 -0.00047084396755549913 -0.00047084396755549913 -0.00047084396755549913 -0.00047084396755549913 -0.00047084396755549913 -0.00047084396755549913 -0.00047084396755549913 -0.00047084396755549913 -0.00047084396755549913 -0.00047084396755549913 -0.0081663151846052932
leaf_weight=107 790 3112 68 51 56 69 52 51 104 109 57 69 67 861
leaf_count=107 790 3112 68 51 56 69 52 51 104 109 57 69 67 861
internal_value=-0.000397474 0.00309994 -0.0197674 -0.0204419 -0.0195255 -0.0218072 -0.0201812 -0.0220531 -0.0198387 -0.0173796 -0.0185099 -0.0148413 -0.0211364 -0.000420957
internal_weight=5623 4763 860 792 685 332 276 207 155 353 302 126 176 1651
internal_count=5623 4763 860 792 685 332 276 207 155 353 302 126 176 1651
is_linear=0
shrinkage=0.05


Tree=64
num_leaves=15
num_cat=0
split_feature=1 1 1 7 17 4 12 7 12 4 4 7 17 17
split_gain=110.214 41.29 12.4555 3.07183 1.31306 1.76683 1.21584 1.11908 1.37619 1.07164 0.864429 0.70934 0.594576 0.742581
threshold=34.578625828302272 5.7285946981019729 15.115207697401591 985.1500000000002 28.550000000000004 -0.92384435400961373 -0.18594999999999998 969.6500000000002 0.42180000000000006 -0.88697705852364728 0.18222858652173771 975.75000000000011 8.9500000000000011 5.1500000000000012
decision_type=2 2 2 2 2 2 2 2 2 2 2 2 2 2
left_child=1 3 12 10 6 -6 -2 -7 -9 -8 -1 -11 13 -3
right_child=4 2 -4 -5 5 7 9 8 -10 11 -12 -13 -14 -15
leaf_value=-0.00044730176917772416 -0.00044730176917772416 -0.0020969704641825996 1.2441895320341658 -0.00044730176917772416 -0.00044730176917772416 -0.00044730176917772416 -0.00044730176917772416 -0.00044730176917772416 -0.00044730176917772416 -0.00044730176917772416 -0.00044730176917772416 -0.00044730176917772416 -0.0077579994253751438 0.0027153018481741354
leaf_weight=76 92 179 3112 64 56 69 71 105 105 98 55 69 861 611
leaf_count=76 92 179 3112 64 56 69 71 105 105 98 55 69 861 611
internal_value=-0.000397474 0.0021662 0.00308944 -0.0203846 -0.0195113 -0.0217164 -0.0172727 -0.0200896 -0.0219048 -0.0191597 -0.024771 -0.0213473 -0.000420957 0.00056962
internal_weight=5623 4958 4763 195 665 335 330 279 210 238 131 167 1651 790
internal_count=5623 4958 4763 195 665 335 330 279 210 238 131 167 1651 790
is_linear=0
shrinkage=0.05


Tree=65
num_leaves=15
num_cat=0
split_feature=16 0 7 16 3 14 14 13 0 13 17 17 6 11
split_gain=150.901 12.8543 1.7958 1.49174 1.18197 1.18682 1.69226 1.55178 1.11061 1.28829 1.38254 1.05788 0.783826 0.630577
threshold=0.20980795610425237 11.050000000000002 985.1500000000002 0.00061728395061728556 -0.77159520228797429 29.385000000000002 31.900000000000002 -0.87394999999999989 25.350000000000005 -0.86549999999999983 25.950000000000003 27.750000000000004 33.650000000000013 -0.93299999999999994
decision_type=2 2 2 2 2 2 2 2 2 2 2 2 2 2
left_child=2 -2 3 4 12 8 7 -7 -6 10 -10 -12 -1 -8
right_child=1 -3 -4 -5 5 6 13 -9 9 -11 11 -13 -14 -15
leaf_value=-0.00042493668071883796 -0.001927742993601956 1.2519086783195932 -0.00042493668071883796 -0.00042493668071883796 -0.00042493668071883796 -0.00042493668071883796 -0.00042493668071883796 -0.00042493668071883796 -0.00042493668071883796 -0.00042493668071883796 -0.00042493668071883796 -0.00042493668071883796 -0.00042493668071883796 -0.00042493668071883796
leaf_weight=64 1683 3080 68 66 79 60 52 51 73 89 60 70 55 73
leaf_count=64 1683 3080 68 66 79 60 52 51 73 89 60 70 55 73
internal_value=-0.000433043 0.00304745 -0.0197093 -0.0203788 -0.0197245 -0.0206178 -0.0233898 -0.0278829 -0.0188544 -0.0174315 -0.0196305 -0.0165385 -0.0151681 -0.0194
internal_weight=5623 4763 860 792 726 607 236 111 371 292 203 130 119 125
internal_count=5623 4763 860 792 726 607 236 111 371 292 203 130 119 125
is_linear=0
shrinkage=0.05


Tree=66
num_leaves=15
num_cat=0
split_feature=0 0 0 7 17 4 12 7 12 4 4 7 0 17
split_gain=109.702 41.1056 12.6624 3.07183 1.31306 1.76683 1.21584 1.11908 1.37619 1.07164 0.864429 0.70934 0.560029 0.624785
threshold=25.050000000000004 4.1500000000000012 11.15 985.1500000000002 28.550000000000004 -0.92384435400961373 -0.18594999999999998 969.6500000000002 0.42180000000000006 -0.88697705852364728 0.18222858652173771 975.75000000000011 6.2500000000000009 4.1500000000000012
decision_type=2 2 2 2 2 2 2 2 2 2 2 2 2 2
left_child=1 3 12 10 6 -6 -2 -7 -9 -8 -1 -11 13 -3
right_child=4 2 -4 -5 5 7 9 8 -10 11 -12 -13 -14 -15
leaf_value=-0.00040368984668289609 -0.00040368984668289609 -0.00074843025218536462 1.2392704671736519 -0.00040368984668289609 -0.00040368984668289609 -0.00040368984668289609 -0.00040368984668289609 -0.00040368984668289609 -0.00040368984668289609 -0.00040368984668289609 -0.00040368984668289609 -0.00040368984668289609 -0.0038138003807906802 0.0021240598888399151
leaf_weight=76 92 57 3052 64 56 69 71 105 105 98 55 69 1451 203
leaf_count=76 92 57 3052 64 56 69 71 105 105 98 55 69 1451 203
internal_value=-0.000441935 0.00211577 0.00303695 -0.0203846 -0.0195113 -0.0217164 -0.0172727 -0.0200896 -0.0219048 -0.0191597 -0.024771 -0.0213473 -0.000406195 0.00173077
internal_weight=5623 4958 4763 195 665 335 330 279 210 238 131 167 1711 260
internal_count=5623 4958 4763 195 665 335 330 279 210 238 131 167 1711 260
is_linear=0
shrinkage=0.05


Tree=67
num_leaves=15
num_cat=0
split_feature=16 1 7 16 3 14 14 4 1 12 11 14 6 11
split_gain=150.483 12.723 1.7958 1.49174 1.18197 1.18682 1.69226 1.31724 2.45106 1.21785 0.892763 1.3182 0.783826 0.630577
threshold=0.20980795610425237 15.391284550322167 985.1500000000002 0.00061728395061728556 -0.77159520228797429 29.385000000000002 31.900000000000002 -0.77159520228797429 37.339394357508041 0.19335000000000002 -0.93299999999999994 26.615000000000006 33.650000000000013 -0.93299999999999994
decision_type=2 2 2 2 2 2 2 2 2 2 2 2 2 2
left_child=2 -2 3 4 12 7 9 10 -9 -7 -6 -12 -1 -8
right_child=1 -3 -4 -5 5 6 13 8 -10 -11 11 -13 -14 -15
leaf_value=-0.00038350535434875126 -0.0016536980365996212 1.177306943814969 -0.00038350535434875126 -0.00038350535434875126 -0.00038350535434875126 -0.00038350535434875126 -0.00038350535434875126 -0.00038350535434875126 -0.00038350535434875126 -0.00038350535434875126 -0.00038350535434875126 -0.00038350535434875126 -0.00038350535434875126 -0.00038350535434875126
leaf_weight=64 1711 3052 68 66 75 52 52 81 60 59 83 72 55 73
leaf_count=64 1711 3052 68 66 75 52 52 81 60 59 83 72 55 73
internal_value=-0.000459719 0.00301596 -0.0197093 -0.0203788 -0.0197245 -0.0206178 -0.0233898 -0.0188544 -0.0226596 -0.0278829 -0.0165217 -0.0143548 -0.0151681 -0.0194
internal_weight=5623 4763 860 792 726 607 236 371 141 111 230 155 119 125
internal_count=5623 4763 860 792 726 607 236 371 141 111 230 155 119 125
is_linear=0
shrinkage=0.05


Tree=68
num_leaves=15
num_cat=0
split_feature=16 1 5 5 8 1 15 9 17 15 5 15 9 1
split_gain=150.483 12.5085 1.4854 1.92933 2.05286 1.37211 1.75611 1.24335 1.11302 0.889024 0.846886 1.19152 0.822913 0.784194
threshold=0.20980795610425237 15.391284550322167 1.1281336744899015 1.118509522668149 0.60355000000000014 5.5905562716416837 23.560000000000006 0.78655000000000008 27.550000000000004 28.185000000000006 1.1335267554782447 9.7900000000000009 0.78655000000000008 41.894662430697558
decision_type=2 2 2 2 2 2 2 2 2 2 2 2 2 2
left_child=2 -2 3 4 5 -1 12 9 -5 -8 -4 -12 -7 -11
right_child=1 -3 10 8 -6 6 7 -9 -10 13 11 -13 -14 -15
leaf_value=-0.00036433008663131373 -0.0015710131347697 1.1184415966242207 -0.00036433008663131373 -0.00036433008663131373 -0.00036433008663131373 -0.00036433008663131373 -0.00036433008663131373 -0.00036433008663131373 -0.00036433008663131373 -0.00036433008663131373 -0.00036433008663131373 -0.00036433008663131373 -0.00036433008663131373 -0.00036433008663131373
leaf_weight=75 1711 3052 52 57 79 54 80 78 67 52 71 69 53 73
leaf_count=75 1711 3052 52 57 79 54 80 78 67 52 71 69 53 73
internal_value=-0.000459719 0.00301596 -0.0197093 -0.0208234 -0.0195404 -0.0208065 -0.0196154 -0.0216784 -0.0264516 -0.0196341 -0.0158333 -0.0178571 -0.0141589 -0.017
internal_weight=5623 4763 860 668 544 465 390 283 124 205 192 140 107 125
internal_count=5623 4763 860 668 544 465 390 283 124 205 192 140 107 125
is_linear=0
shrinkage=0.05


Tree=69
num_leaves=15
num_cat=0
split_feature=16 0 7 16 3 14 14 13 0 13 17 17 6 11
split_gain=149.928 12.8617 1.7958 1.49174 1.18197 1.18682 1.69226 1.55178 1.11061 1.28829 1.38254 1.05788 0.783826 0.630577
threshold=0.20980795610425237 11.250000000000002 985.1500000000002 0.00061728395061728556 -0.77159520228797429 29.385000000000002 31.900000000000002 -0.87394999999999989 25.350000000000005 -0.86549999999999983 25.950000000000003 27.750000000000004 33.650000000000013 -0.93299999999999994
decision_type=2 2 2 2 2 2 2 2 2 2 2 2 2 2
left_child=2 -2 3 4 12 8 7 -7 -6 10 -10 -12 -1 -8
right_child=1 -3 -4 -5 5 6 13 -9 9 -11 11 -13 -14 -15
leaf_value=-0.00034611358229974802 -0.0015724950738378895 1.1045775862116081 -0.00034611358229974802 -0.00034611358229974802 -0.00034611358229974802 -0.00034611358229974802 -0.00034611358229974802 -0.00034611358229974802 -0.00034611358229974802 -0.00034611358229974802 -0.00034611358229974802 -0.00034611358229974802 -0.00034611358229974802 -0.00034611358229974802
leaf_weight=64 1764 2999 68 66 79 60 52 51 73 89 60 70 55 73
leaf_count=64 1764 2999 68 66 79 60 52 51 73 89 60 70 55 73
internal_value=-0.000495287 0.00297397 -0.0197093 -0.0203788 -0.0197245 -0.0206178 -0.0233898 -0.0278829 -0.0188544 -0.0174315 -0.0196305 -0.0165385 -0.0151681 -0.0194
internal_weight=5623 4763 860 792 726 607 236 111 371 292 203 130 119 125
internal_count=5623 4763 860 792 726 607 236 111 371 292 203 130 119 125
is_linear=0
shrinkage=0.05


Tree=70
num_leaves=15
num_cat=0
split_feature=0 0 0 7 17 4 12 7 12 4 4 7 17 17
split_gain=109.191 40.9215 12.7265 3.07183 1.31306 1.76683 1.21584 1.11908 1.37619 1.07164 0.864429 0.70934 0.585387 0.978639
threshold=25.050000000000004 4.1500000000000012 11.250000000000002 985.1500000000002 28.550000000000004 -0.92384435400961373 -0.18594999999999998 969.6500000000002 0.42180000000000006 -0.88697705852364728 0.18222858652173771 975.75000000000011 9.0500000000000025 9.4500000000000011
decision_type=2 2 2 2 2 2 2 2 2 2 2 2 2 2
left_child=1 3 12 10 6 -6 -2 -7 -9 -8 -1 -11 -3 -14
right_child=4 2 -4 -5 5 7 9 8 -10 11 -12 -13 13 -15
leaf_value=-0.00032880790318476068 -0.00032880790318476068 0.00089380293719345638 1.0493487069010279 -0.00032880790318476068 -0.00032880790318476068 -0.00032880790318476068 -0.00032880790318476068 -0.00032880790318476068 -0.00032880790318476068 -0.00032880790318476068 -0.00032880790318476068 -0.00032880790318476068 -0.026789104960377699 -0.0051247078129202338
leaf_weight=76 92 836 2999 64 56 69 71 105 105 98 55 69 107 821
leaf_count=76 92 836 2999 64 56 69 71 105 105 98 55 69 107 821
internal_value=-0.000486395 0.00206535 0.00298446 -0.0203846 -0.0195113 -0.0217164 -0.0172727 -0.0200896 -0.0219048 -0.0191597 -0.024771 -0.0213473 -0.000385487 -0.00125
internal_weight=5623 4958 4763 195 665 335 330 279 210 238 131 167 1764 928
internal_count=5623 4958 4763 195 665 335 330 279 210 238 131 167 1764 928
is_linear=0
shrinkage=0.05


Tree=71
num_leaves=15
num_cat=0
split_feature=16 0 7 16 17 4 17 11 4 7 15 13 0 17
split_gain=149.928 12.4348 1.7958 1.49174 1.06144 1.7306 1.16078 1.90507 1.45728 1.16063 1.3107 1.15535 1.10291 1.04562
threshold=0.20980795610425237 11.250000000000002 985.1500000000002 0.00061728395061728556 28.550000000000004 -0.92384435400961373 25.950000000000003 -0.93299999999999994 -0.77159520228797429 969.6500000000002 30.740000000000006 -0.87394999999999989 25.350000000000005 27.050000000000004
decision_type=2 2 2 2 2 2 2 2 2 2 2 2 2 2
left_child=2 -2 3 4 6 -6 7 -1 -9 -7 11 -11 -10 -8
right_child=1 -3 -4 -5 5 9 13 8 12 10 -12 -13 -14 -15
leaf_value=-0.00031236750802552261 -0.0011963564205931985 0.9968812715559765 -0.00031236750802552261 -0.00031236750802552261 -0.00031236750802552261 -0.00031236750802552261 -0.00031236750802552261 -0.00031236750802552261 -0.00031236750802552261 -0.00031236750802552261 -0.00031236750802552261 -0.00031236750802552261 -0.00031236750802552261 -0.00031236750802552261
leaf_weight=52 1764 2999 68 66 56 69 67 70 54 56 89 62 58 93
leaf_count=52 1764 2999 68 66 56 69 67 70 54 56 89 62 58 93
internal_value=-0.000495287 0.00297397 -0.0197093 -0.0203788 -0.0197245 -0.0218072 -0.0179695 -0.0202137 -0.0178022 -0.0201812 -0.0220531 -0.0255085 -0.0213393 -0.0146875
internal_weight=5623 4763 860 792 726 332 394 234 182 276 207 118 112 160
internal_count=5623 4763 860 792 726 332 394 234 182 276 207 118 112 160
is_linear=0
shrinkage=0.05


Tree=72
num_leaves=15
num_cat=0
split_feature=0 0 0 7 17 4 12 7 12 4 4 7 0 17
split_gain=108.987 40.848 12.5455 3.07183 1.31306 1.76683 1.21584 1.11908 1.37619 1.07164 0.864429 0.70934 0.580133 0.791839
threshold=25.050000000000004 4.1500000000000012 11.350000000000003 985.1500000000002 28.550000000000004 -0.92384435400961373 -0.18594999999999998 969.6500000000002 0.42180000000000006 -0.88697705852364728 0.18222858652173771 975.75000000000011 6.4500000000000011 4.0500000000000007
decision_type=2 2 2 2 2 2 2 2 2 2 2 2 2 2
left_child=1 3 12 10 6 -6 -2 -7 -9 -8 -1 -11 13 -3
right_child=4 2 -4 -5 5 7 9 8 -10 11 -12 -13 -14 -15
leaf_value=-0.00029674913262424645 -0.00029674913262424645 -0.00049572115244105031 0.9674052455048745 -0.00029674913262424645 -0.00029674913262424645 -0.00029674913262424645 -0.00029674913262424645 -0.00029674913262424645 -0.00029674913262424645 -0.00029674913262424645 -0.00029674913262424645 -0.00029674913262424645 -0.0047694922336447019 0.0021964643133779225
leaf_weight=76 92 50 2960 64 56 69 71 105 105 98 55 69 1513 240
leaf_count=76 92 50 2960 64 56 69 71 105 105 98 55 69 1513 240
internal_value=-0.000504179 0.00204518 0.00296347 -0.0203846 -0.0195113 -0.0217164 -0.0172727 -0.0200896 -0.0219048 -0.0191597 -0.024771 -0.0213473 -0.000324459 0.00172414
internal_weight=5623 4958 4763 195 665 335 330 279 210 238 131 167 1803 290
internal_count=5623 4958 4763 195 665 335 330 279 210 238 131 167 1803 290
is_linear=0
shrinkage=0.05


Tree=73
num_leaves=15
num_cat=0
split_feature=16 0 7 16 17 17 11 17 12 13 18 17 5 10
split_gain=149.928 12.4144 1.7958 1.49174 1.06144 1.16078 1.90507 1.44538 1.13781 1.56189 1.11673 0.917088 0.90592 0.608973
threshold=0.20980795610425237 11.350000000000003 985.1500000000002 0.00061728395061728556 28.550000000000004 25.950000000000003 -0.93299999999999994 21.850000000000005 0.42180000000000006 -0.97314999999999985 23.250000000000004 24.750000000000004 1.1171711757301654 -1.0000000180025095e-35
decision_type=2 2 2 2 2 2 2 2 2 2 2 2 2 2
left_child=2 -2 3 4 5 6 -1 -8 9 13 -7 -9 -10 -6
right_child=1 -3 -4 -5 8 10 7 11 12 -11 -12 -13 -14 -15
leaf_value=-0.00028191167599303415 -0.001122460459900179 0.91903498322963062 -0.00028191167599303415 -0.00028191167599303415 -0.00028191167599303415 -0.00028191167599303415 -0.00028191167599303415 -0.00028191167599303415 -0.00028191167599303415 -0.00028191167599303415 -0.00028191167599303415 -0.00028191167599303415 -0.00028191167599303415 -0.00028191167599303415
leaf_weight=52 1803 2960 68 66 82 72 81 50 68 73 88 51 52 57
leaf_count=52 1803 2960 68 66 82 72 81 50 68 73 88 51 52 57
internal_value=-0.000495287 0.00297397 -0.0197093 -0.0203788 -0.0197245 -0.0179695 -0.0202137 -0.0178022 -0.0218072 -0.0240094 -0.0146875 -0.0138119 -0.0179167 -0.0208993
internal_weight=5623 4763 860 792 726 394 234 182 332 212 160 101 120 139
internal_count=5623 4763 860 792 726 394 234 182 332 212 160 101 120 139
is_linear=0
shrinkage=0.05


Tree=74
num_leaves=15
num_cat=0
split_feature=16 0 7 16 3 14 14 13 4 0 13 7 6 11
split_gain=149.928 12.4144 1.7958 1.49174 1.18197 1.18682 1.69226 1.55178 1.31724 2.45106 1.64545 0.831604 0.783826 0.630577
threshold=0.20980795610425237 11.350000000000003 985.1500000000002 0.00061728395061728556 -0.77159520228797429 29.385000000000002 31.900000000000002 -0.87394999999999989 -0.77159520228797429 27.050000000000004 -0.86974999999999991 970.05000000000007 33.650000000000013 -0.93299999999999994
decision_type=2 2 2 2 2 2 2 2 2 2 2 2 2 2
left_child=2 -2 3 4 12 8 7 -7 10 -10 11 -6 -1 -8
right_child=1 -3 -4 -5 5 6 13 -9 9 -11 -12 -13 -14 -15
leaf_value=-0.00026781609219338242 -0.0010663374369051749 0.87308323406814881 -0.00026781609219338242 -0.00026781609219338242 -0.00026781609219338242 -0.00026781609219338242 -0.00026781609219338242 -0.00026781609219338242 -0.00026781609219338242 -0.00026781609219338242 -0.00026781609219338242 -0.00026781609219338242 -0.00026781609219338242 -0.00026781609219338242
leaf_weight=64 1803 2960 68 66 59 60 52 51 81 60 67 104 55 73
leaf_count=64 1803 2960 68 66 59 60 52 51 81 60 67 104 55 73
internal_value=-0.000495287 0.00297397 -0.0197093 -0.0203788 -0.0197245 -0.0206178 -0.0233898 -0.0278829 -0.0188544 -0.0226596 -0.0165217 -0.0192331 -0.0151681 -0.0194
internal_weight=5623 4763 860 792 726 607 236 111 371 141 230 163 119 125
internal_count=5623 4763 860 792 726 607 236 111 371 141 230 163 119 125
is_linear=0
shrinkage=0.05


Tree=75
num_leaves=15
num_cat=0
split_feature=16 0 7 16 3 14 14 4 0 12 11 14 6 11
split_gain=149.512 12.4795 1.7958 1.49174 1.18197 1.18682 1.69226 1.31724 2.45106 1.21785 0.892763 1.3182 0.783826 0.630577
threshold=0.20980795610425237 11.450000000000001 985.1500000000002 0.00061728395061728556 -0.77159520228797429 29.385000000000002 31.900000000000002 -0.77159520228797429 27.050000000000004 0.19335000000000002 -0.93299999999999994 26.615000000000006 33.650000000000013 -0.93299999999999994
decision_type=2 2 2 2 2 2 2 2 2 2 2 2 2 2
left_child=2 -2 3 4 12 7 9 10 -9 -7 -6 -12 -1 -8
right_child=1 -3 -4 -5 5 6 13 8 -10 -11 11 -13 -14 -15
leaf_value=-0.00025442528758371332 -0.0010319078756297589 0.84197469642341582 -0.00025442528758371332 -0.00025442528758371332 -0.00025442528758371332 -0.00025442528758371332 -0.00025442528758371332 -0.00025442528758371332 -0.00025442528758371332 -0.00025442528758371332 -0.00025442528758371332 -0.00025442528758371332 -0.00025442528758371332 -0.00025442528758371332
leaf_weight=64 1832 2931 68 66 75 52 52 81 60 59 83 72 55 73
leaf_count=64 1832 2931 68 66 75 52 52 81 60 59 83 72 55 73
internal_value=-0.000521963 0.00294247 -0.0197093 -0.0203788 -0.0197245 -0.0206178 -0.0233898 -0.0188544 -0.0226596 -0.0278829 -0.0165217 -0.0143548 -0.0151681 -0.0194
internal_weight=5623 4763 860 792 726 607 236 371 141 111 230 155 119 125
internal_count=5623 4763 860 792 726 607 236 371 141 111 230 155 119 125
is_linear=0
shrinkage=0.05


Tree=76
num_leaves=15
num_cat=0
split_feature=16 0 7 16 3 17 4 0 13 6 4 12 0 6
split_gain=149.512 12.4795 1.7958 1.49174 1.18197 1.18357 1.68454 1.66934 1.57487 1.5476 1.00265 0.855802 1.14078 0.783826
threshold=0.20980795610425237 11.450000000000001 985.1500000000002 0.00061728395061728556 -0.77159520228797429 28.550000000000004 -0.77159520228797429 26.650000000000002 -0.86109999999999987 36.750000000000007 -0.88697705852364728 0.48310000000000003 31.850000000000005 33.650000000000013
decision_type=2 2 2 2 2 2 2 2 2 2 2 2 2 2
left_child=2 -2 3 4 13 6 8 -8 10 11 -6 12 -7 -1
right_child=1 -3 -4 -5 5 9 7 -9 -10 -11 -12 -13 -14 -15
leaf_value=-0.00024170402320452768 -0.00098031248184833955 0.79987596160224472 -0.00024170402320452768 -0.00024170402320452768 -0.00024170402320452768 -0.00024170402320452768 -0.00024170402320452768 -0.00024170402320452768 -0.00024170402320452768 -0.00024170402320452768 -0.00024170402320452768 -0.00024170402320452768 -0.00024170402320452768 -0.00024170402320452768
leaf_weight=64 1832 2931 68 66 87 98 73 52 53 70 50 55 69 55
leaf_count=64 1832 2931 68 66 87 98 73 52 53 70 50 55 69 55
internal_value=-0.000521963 0.00294247 -0.0197093 -0.0203788 -0.0197245 -0.0206178 -0.0184921 -0.023 -0.0155263 -0.022911 -0.0183577 -0.024955 -0.0267365 -0.0151681
internal_weight=5623 4763 860 792 726 607 315 125 190 292 137 222 167 119
internal_count=5623 4763 860 792 726 607 315 125 190 292 137 222 167 119
is_linear=0
shrinkage=0.05


Tree=77
num_leaves=15
num_cat=0
split_feature=16 0 7 16 3 14 14 13 4 0 13 7 5 0
split_gain=149.512 12.27 1.7958 1.49174 1.18197 1.18682 1.69226 1.55178 1.31724 2.45106 1.64545 0.831604 0.775123 0.645388
threshold=0.20980795610425237 11.450000000000001 985.1500000000002 0.00061728395061728556 -0.77159520228797429 29.385000000000002 31.900000000000002 -0.87394999999999989 -0.77159520228797429 27.050000000000004 -0.86974999999999991 970.05000000000007 1.1127119187358427 6.4500000000000011
decision_type=2 2 2 2 2 2 2 2 2 2 2 2 2 2
left_child=2 13 3 4 12 8 7 -7 10 -10 11 -6 -1 -2
right_child=1 -3 -4 -5 5 6 -8 -9 9 -11 -12 -13 -14 -15
leaf_value=-0.00022961882204430132 0.0013179252778161353 0.75988216352213278 -0.00022961882204430132 -0.00022961882204430132 -0.00022961882204430132 -0.00022961882204430132 -0.00022961882204430132 -0.00022961882204430132 -0.00022961882204430132 -0.00022961882204430132 -0.00022961882204430132 -0.00022961882204430132 -0.00022961882204430132 -0.0043285338334240232
leaf_weight=65 290 2931 68 66 59 60 125 51 81 60 67 104 54 1542
leaf_count=65 290 2931 68 66 59 60 125 51 81 60 67 104 54 1542
internal_value=-0.000521963 0.00294247 -0.0197093 -0.0203788 -0.0197245 -0.0206178 -0.0233898 -0.0278829 -0.0188544 -0.0226596 -0.0165217 -0.0192331 -0.0151681 -0.000267467
internal_weight=5623 4763 860 792 726 607 236 111 371 141 230 163 119 1832
internal_count=5623 4763 860 792 726 607 236 111 371 141 230 163 119 1832
is_linear=0
shrinkage=0.05


Tree=78
num_leaves=15
num_cat=0
split_feature=16 0 7 16 17 4 17 11 4 7 15 13 18 0
split_gain=149.373 12.1985 1.7958 1.49174 1.06144 1.7306 1.16078 1.90507 1.45728 1.16063 1.3107 1.15535 1.11673 1.10291
threshold=0.20980795610425237 11.550000000000002 985.1500000000002 0.00061728395061728556 28.550000000000004 -0.92384435400961373 25.950000000000003 -0.93299999999999994 -0.77159520228797429 969.6500000000002 30.740000000000006 -0.87394999999999989 23.250000000000004 25.350000000000005
decision_type=2 2 2 2 2 2 2 2 2 2 2 2 2 2
left_child=2 -2 3 4 6 -6 7 -1 -9 -7 11 -11 -8 -10
right_child=1 -3 -4 -5 5 9 12 8 13 10 -12 -13 -14 -15
leaf_value=-0.00021813788094208624 -0.00069401892538225565 0.73757756207497849 -0.00021813788094208624 -0.00021813788094208624 -0.00021813788094208624 -0.00021813788094208624 -0.00021813788094208624 -0.00021813788094208624 -0.00021813788094208624 -0.00021813788094208624 -0.00021813788094208624 -0.00021813788094208624 -0.00021813788094208624 -0.00021813788094208624
leaf_weight=52 1869 2894 68 66 56 69 72 70 54 56 89 62 88 58
leaf_count=52 1869 2894 68 66 56 69 72 70 54 56 89 62 88 58
internal_value=-0.000530855 0.00293198 -0.0197093 -0.0203788 -0.0197245 -0.0218072 -0.0179695 -0.0202137 -0.0178022 -0.0201812 -0.0220531 -0.0255085 -0.0146875 -0.0213393
internal_weight=5623 4763 860 792 726 332 394 234 182 276 207 118 160 112
internal_count=5623 4763 860 792 726 332 394 234 182 276 207 118 160 112
is_linear=0
shrinkage=0.05


Tree=79
num_leaves=15
num_cat=0
split_feature=16 1 5 5 8 1 15 9 17 15 5 15 9 1
split_gain=149.373 12.1985 1.4854 1.92933 2.05286 1.37211 1.75611 1.24335 1.11302 0.889024 0.846886 1.19152 0.822913 0.784194
threshold=0.20980795610425237 15.94343825616332 1.1281336744899015 1.118509522668149 0.60355000000000014 5.5905562716416837 23.560000000000006 0.78655000000000008 27.550000000000004 28.185000000000006 1.1335267554782447 9.7900000000000009 0.78655000000000008 41.894662430697558
decision_type=2 2 2 2 2 2 2 2 2 2 2 2 2 2
left_child=2 -2 3 4 5 -1 12 9 -5 -8 -4 -12 -7 -11
right_child=1 -3 10 8 -6 6 7 -9 -10 13 11 -13 -14 -15
leaf_value=-0.00020723098689498195 -0.00065931797911313299 0.70069868397122981 -0.00020723098689498195 -0.00020723098689498195 -0.00020723098689498195 -0.00020723098689498195 -0.00020723098689498195 -0.00020723098689498195 -0.00020723098689498195 -0.00020723098689498195 -0.00020723098689498195 -0.00020723098689498195 -0.00020723098689498195 -0.00020723098689498195
leaf_weight=75 1869 2894 52 57 79 54 80 78 67 52 71 69 53 73
leaf_count=75 1869 2894 52 57 79 54 80 78 67 52 71 69 53 73
internal_value=-0.000530855 0.00293198 -0.0197093 -0.0208234 -0.0195404 -0.0208065 -0.0196154 -0.0216784 -0.0264516 -0.0196341 -0.0158333 -0.0178571 -0.0141589 -0.017
internal_weight=5623 4763 860 668 544 465 390 283 124 205 192 140 107 125
internal_count=5623 4763 860 668 544 465 390 283 124 205 192 140 107 125
is_linear=0
shrinkage=0.05


Tree=80
num_leaves=15
num_cat=0
split_feature=16 0 7 16 3 14 14 13 4 0 13 7 6 11
split_gain=149.65 11.9479 1.7958 1.49174 1.18197 1.18682 1.69226 1.55178 1.31724 2.45106 1.64545 0.831604 0.783826 0.630577
threshold=0.20980795610425237 11.550000000000002 985.1500000000002 0.00061728395061728556 -0.77159520228797429 29.385000000000002 31.900000000000002 -0.87394999999999989 -0.77159520228797429 27.050000000000004 -0.86974999999999991 970.05000000000007 33.650000000000013 -0.93299999999999994
decision_type=2 2 2 2 2 2 2 2 2 2 2 2 2 2
left_child=2 -2 3 4 12 8 7 -7 10 -10 11 -6 -1 -8
right_child=1 -3 -4 -5 5 6 13 -9 9 -11 -12 -13 -14 -15
leaf_value=-0.00019686943755023285 -0.00062635208015746882 0.66566374977266851 -0.00019686943755023285 -0.00019686943755023285 -0.00019686943755023285 -0.00019686943755023285 -0.00019686943755023285 -0.00019686943755023285 -0.00019686943755023285 -0.00019686943755023285 -0.00019686943755023285 -0.00019686943755023285 -0.00019686943755023285 -0.00019686943755023285
leaf_weight=64 1869 2894 68 66 59 60 52 51 81 60 67 104 55 73
leaf_count=64 1869 2894 68 66 59 60 52 51 81 60 67 104 55 73
internal_value=-0.000513071 0.00295297 -0.0197093 -0.0203788 -0.0197245 -0.0206178 -0.0233898 -0.0278829 -0.0188544 -0.0226596 -0.0165217 -0.0192331 -0.0151681 -0.0194
internal_weight=5623 4763 860 792 726 607 236 111 371 141 230 163 119 125
internal_count=5623 4763 860 792 726 607 236 111 371 141 230 163 119 125
is_linear=0
shrinkage=0.05


Tree=81
num_leaves=15
num_cat=0
split_feature=16 0 7 16 3 14 14 13 4 0 13 7 6 12
split_gain=149.373 11.7202 1.7958 1.49174 1.18197 1.18682 1.69226 1.55178 1.31724 2.45106 1.64545 0.831604 0.783826 0.566139
threshold=0.20980795610425237 11.65 985.1500000000002 0.00061728395061728556 -0.77159520228797429 29.385000000000002 31.900000000000002 -0.87394999999999989 -0.77159520228797429 27.050000000000004 -0.86974999999999991 970.05000000000007 33.650000000000013 0.99275000000000013
decision_type=2 2 2 2 2 2 2 2 2 2 2 2 2 2
left_child=2 13 3 4 12 8 7 -7 10 -10 11 -6 -1 -2
right_child=1 -3 -4 -5 5 6 -8 -9 9 -11 -12 -13 -14 -15
leaf_value=-0.00018702596567272121 0.00036299670165607187 0.64844764965146739 -0.00018702596567272121 -0.00018702596567272121 -0.00018702596567272121 -0.00018702596567272121 -0.00018702596567272121 -0.00018702596567272121 -0.00018702596567272121 -0.00018702596567272121 -0.00018702596567272121 -0.00018702596567272121 -0.00018702596567272121 -0.00886119361753826
leaf_weight=64 1765 2849 68 66 59 60 125 51 81 60 67 104 55 149
leaf_count=64 1765 2849 68 66 59 60 125 51 81 60 67 104 55 149
internal_value=-0.000530855 0.00293198 -0.0197093 -0.0203788 -0.0197245 -0.0206178 -0.0233898 -0.0278829 -0.0188544 -0.0226596 -0.0165217 -0.0192331 -0.0151681 -9.40437e-05
internal_weight=5623 4763 860 792 726 607 236 111 371 141 230 163 119 1914
internal_count=5623 4763 860 792 726 607 236 111 371 141 230 163 119 1914
is_linear=0
shrinkage=0.05


Tree=82
num_leaves=15
num_cat=0
split_feature=16 0 7 16 3 5 17 9 5 9 12 17 6 0
split_gain=148.607 11.7202 1.76912 1.51802 1.14651 1.12859 2.02577 2.01458 1.68118 1.3143 1.62989 1.20821 0.783826 0.77642
threshold=0.20980795610425237 11.65 985.1500000000002 0.00061728395061728556 -0.77159520228797429 1.118509522668149 30.750000000000004 0.78655000000000008 1.1281336744899015 -1.0000000180025095e-35 0.40615000000000007 28.750000000000004 33.650000000000013 28.950000000000003
decision_type=2 2 2 2 2 2 2 2 2 2 2 2 2 2
left_child=2 -2 3 4 12 7 8 9 -7 10 11 -6 -1 -9
right_child=1 -3 -4 -5 5 6 -8 13 -10 -11 -12 -13 -14 -15
leaf_value=-0.00017767466738908517 -0.000244248510658576 0.61602526716889372 -0.00017767466738908517 -0.00017767466738908517 -0.00017767466738908517 -0.00017767466738908517 -0.00017767466738908517 -0.00017767466738908517 -0.00017767466738908517 -0.00017767466738908517 -0.00017767466738908517 -0.00017767466738908517 -0.00017767466738908517 -0.00017767466738908517
leaf_weight=64 1914 2849 68 66 61 63 59 56 62 89 79 76 55 62
leaf_count=64 1914 2849 68 66 61 63 59 56 62 89 79 76 55 62
internal_value=-0.000521963 0.00293198 -0.0196512 -0.0203157 -0.0196556 -0.0205354 -0.0238043 -0.0191135 -0.0202 -0.0169672 -0.0190741 -0.0223723 -0.0151681 -0.024661
internal_weight=5623 4763 860 792 726 607 184 423 125 305 216 137 119 118
internal_count=5623 4763 860 792 726 607 184 423 125 305 216 137 119 118
is_linear=0
shrinkage=0.05


Tree=83
num_leaves=15
num_cat=0
split_feature=16 0 7 16 3 5 17 9 5 9 12 17 0 5
split_gain=148.607 11.7202 1.76912 1.51802 1.14651 1.12859 2.02577 2.01458 1.68118 1.3143 1.62989 1.20821 0.77642 0.775123
threshold=0.20980795610425237 11.65 985.1500000000002 0.00061728395061728556 -0.77159520228797429 1.118509522668149 30.750000000000004 0.78655000000000008 1.1281336744899015 -1.0000000180025095e-35 0.40615000000000007 28.750000000000004 28.950000000000003 1.1127119187358427
decision_type=2 2 2 2 2 2 2 2 2 2 2 2 2 2
left_child=2 -2 3 4 13 7 8 9 -7 10 11 -6 -9 -1
right_child=1 -3 -4 -5 5 6 -8 12 -10 -11 -12 -13 -14 -15
leaf_value=-0.00016879093401963091 -0.00023203608512580078 0.58522400381044903 -0.00016879093401963091 -0.00016879093401963091 -0.00016879093401963091 -0.00016879093401963091 -0.00016879093401963091 -0.00016879093401963091 -0.00016879093401963091 -0.00016879093401963091 -0.00016879093401963091 -0.00016879093401963091 -0.00016879093401963091 -0.00016879093401963091
leaf_weight=65 1914 2849 68 66 61 63 59 56 62 89 79 76 62 54
leaf_count=65 1914 2849 68 66 61 63 59 56 62 89 79 76 62 54
internal_value=-0.000521963 0.00293198 -0.0196512 -0.0203157 -0.0196556 -0.0205354 -0.0238043 -0.0191135 -0.0202 -0.0169672 -0.0190741 -0.0223723 -0.024661 -0.0151681
internal_weight=5623 4763 860 792 726 607 184 423 125 305 216 137 118 119
internal_count=5623 4763 860 792 726 607 184 423 125 305 216 137 118 119
is_linear=0
shrinkage=0.05


Tree=84
num_leaves=15
num_cat=0
split_feature=16 1 7 16 3 5 17 9 5 9 10 17 6 1
split_gain=148.607 11.7202 1.76912 1.51802 1.14651 1.12859 2.02577 2.01458 1.68118 1.3143 1.58025 1.08763 0.783826 0.77642
threshold=0.20980795610425237 16.081476682623613 985.1500000000002 0.00061728395061728556 -0.77159520228797429 1.118509522668149 30.750000000000004 0.78655000000000008 1.1281336744899015 -1.0000000180025095e-35 1.0000000180025095e-35 28.250000000000004 33.650000000000013 39.96212446025352
decision_type=2 2 2 2 2 2 2 2 2 2 2 2 2 2
left_child=2 -2 3 4 12 7 8 9 -7 10 11 -6 -1 -9
right_child=1 -3 -4 -5 5 6 -8 13 -10 -11 -12 -13 -14 -15
leaf_value=-0.00016035138731864936 -0.0002204342808696123 0.55596280361992645 -0.00016035138731864936 -0.00016035138731864936 -0.00016035138731864936 -0.00016035138731864936 -0.00016035138731864936 -0.00016035138731864936 -0.00016035138731864936 -0.00016035138731864936 -0.00016035138731864936 -0.00016035138731864936 -0.00016035138731864936 -0.00016035138731864936
leaf_weight=64 1914 2849 68 66 65 63 59 56 62 89 54 97 55 62
leaf_count=64 1914 2849 68 66 65 63 59 56 62 89 54 97 55 62
internal_value=-0.000521963 0.00293198 -0.0196512 -0.0203157 -0.0196556 -0.0205354 -0.0238043 -0.0191135 -0.0202 -0.0169672 -0.0190741 -0.0215432 -0.0151681 -0.024661
internal_weight=5623 4763 860 792 726 607 184 423 125 305 216 162 119 118
internal_count=5623 4763 860 792 726 607 184 423 125 305 216 162 119 118
is_linear=0
shrinkage=0.05


Tree=85
num_leaves=15
num_cat=0
split_feature=16 0 7 0 17 10 3 3 10 5 15 7 7 7
split_gain=147.843 11.7202 1.74264 1.54555 1.33618 1.35278 1.16397 1.40358 1.10107 1.16906 1.80432 0.874174 0.850675 0.572311
threshold=0.20980795610425237 11.65 985.1500000000002 3.8500000000000001 28.550000000000004 -0.68299999999999994 -0.4539904997395468 -0.29237170472273694 -1.0000000180025095e-35 1.1191601491576135 29.655000000000005 975.75000000000011 969.6500000000002 972.45000000000016
decision_type=2 2 2 2 2 2 2 2 2 2 2 2 2 2
left_child=2 -2 3 -1 5 -5 11 -8 12 10 -10 13 -6 -7
right_child=1 -3 -4 4 8 6 7 -9 9 -11 -12 -13 -14 -15
leaf_value=-0.00015233381795271689 -0.00020941256682588351 0.52816466343893043 -0.00015233381795271689 -0.00015233381795271689 -0.00015233381795271689 -0.00015233381795271689 -0.00015233381795271689 -0.00015233381795271689 -0.00015233381795271689 -0.00015233381795271689 -0.00015233381795271689 -0.00015233381795271689 -0.00015233381795271689 -0.00015233381795271689
leaf_weight=107 1914 2849 68 51 63 57 57 69 54 71 80 67 64 52
leaf_count=107 1914 2849 68 51 63 57 57 69 54 71 80 67 64 52
internal_value=-0.000513071 0.00293198 -0.019593 -0.0202525 -0.0193796 -0.017238 -0.0185099 -0.0148413 -0.0216566 -0.0193902 -0.0166418 -0.0211364 -0.025315 -0.0238991
internal_weight=5623 4763 860 792 685 353 302 126 332 205 134 176 127 109
internal_count=5623 4763 860 792 685 353 302 126 332 205 134 176 127 109
is_linear=0
shrinkage=0.05


Tree=86
num_leaves=15
num_cat=0
split_feature=16 0 7 0 17 4 12 3 3 3 5 7 12 12
split_gain=147.843 11.7202 1.74264 1.54555 1.33618 1.79626 1.48976 1.21695 1.40358 1.15694 0.974841 0.936524 0.802949 0.566139
threshold=0.20980795610425237 11.65 985.1500000000002 3.8500000000000001 28.550000000000004 -0.92384435400961373 -0.49159999999999993 -0.4539904997395468 -0.29237170472273694 -0.47714059151611382 1.1176818925211178 975.75000000000011 0.27695000000000008 0.99275000000000013
decision_type=2 2 2 2 2 2 2 2 2 2 2 2 2 2
left_child=2 13 3 -1 6 -6 -5 11 -9 10 12 -8 -7 -2
right_child=1 -3 -4 4 5 9 7 8 -10 -11 -12 -13 -14 -15
leaf_value=-0.00014471712705508105 0.00039015343874725464 0.50175643026698402 -0.00014471712705508105 -0.00014471712705508105 -0.00014471712705508105 -0.00014471712705508105 -0.00014471712705508105 -0.00014471712705508105 -0.00014471712705508105 -0.00014471712705508105 -0.00014471712705508105 -0.00014471712705508105 -0.00014471712705508105 -0.0083728273644874049
leaf_weight=107 1765 2849 68 52 56 77 108 57 69 63 84 67 52 149
leaf_count=107 1765 2849 68 52 56 77 108 57 69 63 84 67 52 149
internal_value=-0.000513071 0.00293198 -0.019593 -0.0202525 -0.0193796 -0.0216566 -0.017238 -0.018588 -0.0148413 -0.02 -0.0217606 -0.0212857 -0.019031 -9.40437e-05
internal_weight=5623 4763 860 792 685 332 353 301 126 276 213 175 129 1914
internal_count=5623 4763 860 792 685 332 353 301 126 276 213 175 129 1914
is_linear=0
shrinkage=0.05


Tree=87
num_leaves=15
num_cat=0
split_feature=16 0 7 0 17 4 12 3 3 3 5 7 12 0
split_gain=147.843 11.3534 1.74264 1.54555 1.33618 1.79626 1.48976 1.21695 1.40358 1.15694 0.974841 0.936524 0.802949 0.583299
threshold=0.20980795610425237 11.750000000000002 985.1500000000002 3.8500000000000001 28.550000000000004 -0.92384435400961373 -0.49159999999999993 -0.4539904997395468 -0.29237170472273694 -0.47714059151611382 1.1176818925211178 975.75000000000011 0.27695000000000008 6.4500000000000011
decision_type=2 2 2 2 2 2 2 2 2 2 2 2 2 2
left_child=2 13 3 -1 6 -6 -5 11 -9 10 12 -8 -7 -2
right_child=1 -3 -4 4 5 9 7 8 -10 -11 -12 -13 -14 -15
leaf_value=-0.00013748127070232699 0.0015527561730999185 0.48838392316721913 -0.00013748127070232699 -0.00013748127070232699 -0.00013748127070232699 -0.00013748127070232699 -0.00013748127070232699 -0.00013748127070232699 -0.00013748127070232699 -0.00013748127070232699 -0.00013748127070232699 -0.00013748127070232699 -0.00013748127070232699 -0.0018983876104713749
leaf_weight=107 290 2813 68 52 56 77 108 57 69 63 84 67 52 1660
leaf_count=107 290 2813 68 52 56 77 108 57 69 63 84 67 52 1660
internal_value=-0.000513071 0.00293198 -0.019593 -0.0202525 -0.0193796 -0.0216566 -0.017238 -0.018588 -0.0148413 -0.02 -0.0217606 -0.0212857 -0.019031 1.86265e-10
internal_weight=5623 4763 860 792 685 332 353 301 126 276 213 175 129 1950
internal_count=5623 4763 860 792 685 332 353 301 126 276 213 175 129 1950
is_linear=0
shrinkage=0.05


Tree=88
num_leaves=15
num_cat=0
split_feature=16 0 7 0 17 4 10 3 3 3 5 7 17 7
split_gain=147.705 11.471 1.74264 1.54555 1.33618 1.79626 1.35278 1.16397 1.40358 1.15694 0.974841 0.874174 0.681782 0.572311
threshold=0.20980795610425237 11.750000000000002 985.1500000000002 3.8500000000000001 28.550000000000004 -0.92384435400961373 -0.68299999999999994 -0.4539904997395468 -0.29237170472273694 -0.47714059151611382 1.1176818925211178 975.75000000000011 32.050000000000004 972.45000000000016
decision_type=2 2 2 2 2 2 2 2 2 2 2 2 2 2
left_child=2 -2 3 -1 6 -6 -5 11 -9 10 12 13 -7 -8
right_child=1 -3 -4 4 5 9 7 8 -10 -11 -12 -13 -14 -15
leaf_value=-0.00013060720716721064 -2.2292497821014767e-05 0.4639647270088581 -0.00013060720716721064 -0.00013060720716721064 -0.00013060720716721064 -0.00013060720716721064 -0.00013060720716721064 -0.00013060720716721064 -0.00013060720716721064 -0.00013060720716721064 -0.00013060720716721064 -0.00013060720716721064 -0.00013060720716721064 -0.00013060720716721064
leaf_weight=107 1950 2813 68 51 56 61 57 57 69 63 84 67 68 52
leaf_count=107 1950 2813 68 51 56 61 57 57 69 63 84 67 68 52
internal_value=-0.000521963 0.00292148 -0.019593 -0.0202525 -0.0193796 -0.0216566 -0.017238 -0.0185099 -0.0148413 -0.02 -0.0217606 -0.0211364 -0.019031 -0.0238991
internal_weight=5623 4763 860 792 685 332 353 302 126 276 213 176 129 109
internal_count=5623 4763 860 792 685 332 353 302 126 276 213 176 129 109
is_linear=0
shrinkage=0.05


Tree=89
num_leaves=15
num_cat=0
split_feature=16 0 7 0 17 4 12 3 3 3 5 7 12 18
split_gain=147.705 11.471 1.74264 1.54555 1.33618 1.79626 1.48976 1.21695 1.40358 1.15694 0.974841 0.936524 0.802949 0.547241
threshold=0.20980795610425237 11.750000000000002 985.1500000000002 3.8500000000000001 28.550000000000004 -0.92384435400961373 -0.49159999999999993 -0.4539904997395468 -0.29237170472273694 -0.47714059151611382 1.1176818925211178 975.75000000000011 0.27695000000000008 23.650000000000002
decision_type=2 2 2 2 2 2 2 2 2 2 2 2 2 2
left_child=2 -2 3 -1 6 -6 -5 11 -9 10 12 13 -7 -8
right_child=1 -3 -4 4 5 9 7 8 -10 -11 -12 -13 -14 -15
leaf_value=-0.0001240768468088501 -2.117787292998166e-05 0.44076649065841522 -0.0001240768468088501 -0.0001240768468088501 -0.0001240768468088501 -0.0001240768468088501 -0.0001240768468088501 -0.0001240768468088501 -0.0001240768468088501 -0.0001240768468088501 -0.0001240768468088501 -0.0001240768468088501 -0.0001240768468088501 -0.0001240768468088501
leaf_weight=107 1950 2813 68 52 56 77 50 57 69 63 84 67 52 58
leaf_count=107 1950 2813 68 52 56 77 50 57 69 63 84 67 52 58
internal_value=-0.000521963 0.00292148 -0.019593 -0.0202525 -0.0193796 -0.0216566 -0.017238 -0.018588 -0.0148413 -0.02 -0.0217606 -0.0212857 -0.019031 -0.0241667
internal_weight=5623 4763 860 792 685 332 353 301 126 276 213 175 129 108
internal_count=5623 4763 860 792 685 332 353 301 126 276 213 175 129 108
is_linear=0
shrinkage=0.05


Tree=90
num_leaves=15
num_cat=0
split_feature=0 0 0 7 17 4 12 3 4 5 4 12 7 0
split_gain=106.966 40.6646 11.3894 3.07183 1.3144 1.83251 1.41894 1.23289 1.07164 0.974841 0.864429 0.802949 0.70934 0.503476
threshold=25.050000000000004 4.1500000000000012 11.750000000000002 985.1500000000002 28.550000000000004 -0.92384435400961373 -0.18594999999999998 -0.47714059151611382 -0.88697705852364728 1.1176818925211178 0.18222858652173771 0.27695000000000008 975.75000000000011 6.4500000000000011
decision_type=2 2 2 2 2 2 2 2 2 2 2 2 2 2
left_child=1 3 13 10 6 -6 -2 9 -8 11 -1 -7 -10 -3
right_child=4 2 -4 -5 5 7 8 -9 12 -11 -12 -13 -14 -15
leaf_value=-0.00011787300446840762 -0.00011787300446840762 0.0014772918829824742 0.41872816612549429 -0.00011787300446840762 -0.00011787300446840762 -0.00011787300446840762 -0.00011787300446840762 -0.00011787300446840762 -0.00011787300446840762 -0.00011787300446840762 -0.00011787300446840762 -0.00011787300446840762 -0.00011787300446840762 -0.0018012947114102507
leaf_weight=76 92 290 2813 64 56 77 71 66 98 84 55 52 69 1660
leaf_count=76 92 290 2813 64 56 77 71 66 98 84 55 52 69 1660
internal_value=-0.000530855 0.00199476 0.00291098 -0.0203846 -0.0193609 -0.0215672 -0.0171212 -0.0199104 -0.0191597 -0.0217606 -0.024771 -0.019031 -0.0213473 -2.56408e-05
internal_weight=5623 4958 4763 195 665 335 330 279 238 213 131 129 167 1950
internal_count=5623 4958 4763 195 665 335 330 279 238 213 131 129 167 1950
is_linear=0
shrinkage=0.05


Tree=91
num_leaves=15
num_cat=0
split_feature=16 0 7 0 17 4 12 7 12 3 3 7 0 17
split_gain=146.669 11.3081 1.71636 1.58067 1.24665 1.86313 1.48976 1.31522 1.46145 1.21695 1.40358 0.936524 0.503476 0.579425
threshold=0.20980795610425237 11.750000000000002 985.1500000000002 3.8500000000000001 28.550000000000004 -0.92384435400961373 -0.49159999999999993 969.6500000000002 0.42180000000000006 -0.4539904997395468 -0.29237170472273694 975.75000000000011 6.4500000000000011 4.0500000000000007
decision_type=2 2 2 2 2 2 2 2 2 2 2 2 2 2
left_child=2 12 3 -1 6 -6 -5 -7 -9 11 -11 -8 13 -2
right_child=1 -3 -4 4 5 7 9 8 -10 10 -12 -13 -14 -15
leaf_value=-0.00011197935424498725 -0.00032977541658043007 0.39779175781921983 -0.00011197935424498725 -0.00011197935424498725 -0.00011197935424498725 -0.00011197935424498725 -0.00011197935424498725 -0.00011197935424498725 -0.00011197935424498725 -0.00011197935424498725 -0.00011197935424498725 -0.00011197935424498725 -0.0017112299758397208 0.0022063823999546495
leaf_weight=107 50 2813 68 52 56 69 108 105 102 57 69 67 1660 240
leaf_count=107 50 2813 68 52 56 69 108 105 102 57 69 67 1660 240
internal_value=-0.000530855 0.00290048 -0.0195349 -0.0201894 -0.0193066 -0.021506 -0.017238 -0.0198188 -0.0218116 -0.018588 -0.0148413 -0.0212857 -2.56408e-05 0.00189655
internal_weight=5623 4763 860 792 685 332 353 276 207 301 126 175 1950 290
internal_count=5623 4763 860 792 685 332 353 276 207 301 126 175 1950 290
is_linear=0
shrinkage=0.05


Tree=92
num_leaves=15
num_cat=0
split_feature=16 0 7 0 17 12 3 3 12 13 3 5 7 0
split_gain=146.806 11.2268 1.71636 1.58067 1.24665 1.48976 1.21695 1.40358 1.20634 1.68878 2.23584 1.06425 0.936524 0.552649
threshold=0.20980795610425237 11.550000000000002 985.1500000000002 3.8500000000000001 28.550000000000004 -0.49159999999999993 -0.4539904997395468 -0.29237170472273694 0.42180000000000006 -0.97314999999999985 -0.39073112848927366 1.1171711757301654 975.75000000000011 6.4500000000000011
decision_type=2 2 2 2 2 2 2 2 2 2 2 2 2 2
left_child=2 13 3 -1 5 -5 12 -8 9 10 -6 -10 -7 -2
right_child=1 -3 -4 4 8 6 7 -9 11 -11 -12 -13 -14 -15
leaf_value=-0.00010638038653273787 0.0012931081688356172 0.35043124091704031 -0.00010638038653273787 -0.00010638038653273787 -0.00010638038653273787 -0.00010638038653273787 -0.00010638038653273787 -0.00010638038653273787 -0.00010638038653273787 -0.00010638038653273787 -0.00010638038653273787 -0.00010638038653273787 -0.00010638038653273787 -0.0032400408807315116
leaf_weight=107 290 2894 68 52 89 108 57 69 68 73 50 52 67 1579
leaf_count=107 290 2894 68 52 89 108 57 69 68 73 50 52 67 1579
internal_value=-0.000521963 0.00291098 -0.0195349 -0.0201894 -0.0193066 -0.017238 -0.018588 -0.0148413 -0.021506 -0.0237736 -0.0205396 -0.0175 -0.0212857 -0.000109684
internal_weight=5623 4763 860 792 685 353 301 126 332 212 139 120 175 1869
internal_count=5623 4763 860 792 685 353 301 126 332 212 139 120 175 1869
is_linear=0
shrinkage=0.05


Tree=93
num_leaves=15
num_cat=0
split_feature=16 0 5 5 8 0 15 9 17 12 15 18 9 17
split_gain=146.257 11.662 1.55205 2.03333 1.95283 1.46905 1.59494 1.41227 1.11302 0.833263 0.830744 0.925521 0.822913 0.559661
threshold=0.20980795610425237 11.750000000000002 1.1281336744899015 1.118509522668149 0.60355000000000014 4.0500000000000007 23.560000000000006 0.78655000000000008 27.550000000000004 0.68435000000000012 28.185000000000006 31.050000000000004 0.78655000000000008 3.6500000000000008
decision_type=2 2 2 2 2 2 2 2 2 2 2 2 2 2
left_child=2 13 3 4 5 -1 12 10 -5 -4 -8 -12 -7 -2
right_child=1 -3 9 8 -6 6 7 -9 -10 -11 11 -13 -14 -15
leaf_value=-0.00010106136720610098 -0.0018469163624823676 0.36038060788240645 -0.00010106136720610098 -0.00010106136720610098 -0.00010106136720610098 -0.00010106136720610098 -0.00010106136720610098 -0.00010106136720610098 -0.00010106136720610098 -0.00010106136720610098 -0.00010106136720610098 -0.00010106136720610098 -0.00010106136720610098 8.9722428983417913e-05
leaf_weight=75 68 2813 98 57 79 54 80 78 67 94 54 71 53 1882
leaf_count=75 68 2813 98 57 79 54 80 78 67 94 54 71 53 1882
internal_value=-0.000557531 0.00286899 -0.0195349 -0.0206737 -0.0193566 -0.0205914 -0.019359 -0.0213251 -0.0264516 -0.0155729 -0.0191463 -0.0166 -0.0141589 -0.000102564
internal_weight=5623 4763 860 668 544 465 390 283 124 192 205 125 107 1950
internal_count=5623 4763 860 668 544 465 390 283 124 192 205 125 107 1950
is_linear=0
shrinkage=0.05


Tree=94
num_leaves=15
num_cat=0
split_feature=16 0 7 0 17 12 3 3 12 13 3 5 7 18
split_gain=146.394 11.5434 1.71636 1.58067 1.24665 1.48976 1.21695 1.40358 1.20634 1.68878 2.23584 1.06425 0.936524 0.547241
threshold=0.20980795610425237 11.750000000000002 985.1500000000002 3.8500000000000001 28.550000000000004 -0.49159999999999993 -0.4539904997395468 -0.29237170472273694 0.42180000000000006 -0.97314999999999985 -0.39073112848927366 1.1171711757301654 975.75000000000011 23.650000000000002
decision_type=2 2 2 2 2 2 2 2 2 2 2 2 2 2
left_child=2 -2 3 -1 5 -5 12 -8 9 10 -6 -10 13 -7
right_child=1 -3 -4 4 8 6 7 -9 11 -11 -12 -13 -14 -15
leaf_value=-9.6008298845795935e-05 -0.00019811348646385247 0.34236157748828622 -9.6008298845795935e-05 -9.6008298845795935e-05 -9.6008298845795935e-05 -9.6008298845795935e-05 -9.6008298845795935e-05 -9.6008298845795935e-05 -9.6008298845795935e-05 -9.6008298845795935e-05 -9.6008298845795935e-05 -9.6008298845795935e-05 -9.6008298845795935e-05 -9.6008298845795935e-05
leaf_weight=107 1950 2813 68 52 89 50 57 69 68 73 50 52 67 58
leaf_count=107 1950 2813 68 52 89 50 57 69 68 73 50 52 67 58
internal_value=-0.000548639 0.00287949 -0.0195349 -0.0201894 -0.0193066 -0.017238 -0.018588 -0.0148413 -0.021506 -0.0237736 -0.0205396 -0.0175 -0.0212857 -0.0241667
internal_weight=5623 4763 860 792 685 353 301 126 332 212 139 120 175 108
internal_count=5623 4763 860 792 685 353 301 126 332 212 139 120 175 108
is_linear=0
shrinkage=0.05


Tree=95
num_leaves=15
num_cat=0
split_feature=0 0 0 7 17 4 12 7 12 4 4 7 9 0
split_gain=105.711 40.4815 11.6051 3.07183 1.22763 1.89938 1.41894 1.27237 1.54286 1.07164 0.864429 0.70934 0.500087 0.419585
threshold=25.050000000000004 4.1500000000000012 11.850000000000003 985.1500000000002 28.550000000000004 -0.92384435400961373 -0.18594999999999998 969.6500000000002 0.42180000000000006 -0.88697705852364728 0.18222858652173771 975.75000000000011 -0.3793999999999999 6.4500000000000011
decision_type=2 2 2 2 2 2 2 2 2 2 2 2 2 2
left_child=1 3 13 10 6 -6 -2 -7 -9 -8 -1 -11 -10 -3
right_child=4 2 -4 -5 5 7 9 8 12 11 -12 -13 -14 -15
leaf_value=-9.1207883903506143e-05 -9.1207883903506143e-05 0.0012338723132678546 0.33469944837548771 -9.1207883903506143e-05 -9.1207883903506143e-05 -9.1207883903506143e-05 -9.1207883903506143e-05 -9.1207883903506143e-05 -9.1207883903506143e-05 -9.1207883903506143e-05 -9.1207883903506143e-05 -9.1207883903506143e-05 -9.1207883903506143e-05 -0.0018346037518057183
leaf_weight=76 92 290 2757 64 56 69 71 105 55 98 55 69 50 1716
leaf_count=76 92 290 2757 64 56 69 71 105 55 98 55 69 50 1716
internal_value=-0.000566423 0.00194433 0.00285849 -0.0203846 -0.0192857 -0.0214179 -0.0171212 -0.0197312 -0.0216667 -0.0191597 -0.024771 -0.0213473 -0.017381 -3.48951e-05
internal_weight=5623 4958 4763 195 665 335 330 279 210 238 131 167 105 2006
internal_count=5623 4958 4763 195 665 335 330 279 210 238 131 167 105 2006
is_linear=0
shrinkage=0.05


Tree=96
num_leaves=15
num_cat=0
split_feature=16 0 7 0 17 4 12 7 12 3 3 7 18 16
split_gain=145.983 11.7211 1.71636 1.58067 1.24665 1.86313 1.48976 1.31522 1.46145 1.21695 1.40358 0.936524 0.547241 0.409216
threshold=0.20980795610425237 11.850000000000003 985.1500000000002 3.8500000000000001 28.550000000000004 -0.92384435400961373 -0.49159999999999993 969.6500000000002 0.42180000000000006 -0.4539904997395468 -0.29237170472273694 975.75000000000011 23.650000000000002 1.0000000180025095e-35
decision_type=2 2 2 2 2 2 2 2 2 2 2 2 2 2
left_child=2 -2 3 13 6 -6 -5 -7 -9 11 -11 12 -8 -1
right_child=1 -3 -4 4 5 7 9 8 -10 10 -12 -13 -14 -15
leaf_value=-8.6647489708330824e-05 -8.2442976142028368e-05 0.31796447595671329 -8.6647489708330824e-05 -8.6647489708330824e-05 -8.6647489708330824e-05 -8.6647489708330824e-05 -8.6647489708330824e-05 -8.6647489708330824e-05 -8.6647489708330824e-05 -8.6647489708330824e-05 -8.6647489708330824e-05 -8.6647489708330824e-05 -8.6647489708330824e-05 -8.6647489708330824e-05
leaf_weight=54 2006 2757 68 52 56 69 50 105 102 57 69 67 58 53
leaf_count=54 2006 2757 68 52 56 69 50 105 102 57 69 67 58 53
internal_value=-0.000575315 0.002848 -0.0195349 -0.0201894 -0.0193066 -0.021506 -0.017238 -0.0198188 -0.0218116 -0.018588 -0.0148413 -0.0212857 -0.0241667 -0.0258411
internal_weight=5623 4763 860 792 685 332 353 276 207 301 126 175 108 107
internal_count=5623 4763 860 792 685 332 353 276 207 301 126 175 108 107
is_linear=0
shrinkage=0.05


Tree=97
num_leaves=15
num_cat=0
split_feature=16 0 7 0 17 4 10 7 10 15 3 3 7 7
split_gain=145.983 11.7211 1.71636 1.58067 1.24665 1.86313 1.35278 1.31522 1.30047 2.19472 1.16397 1.40358 0.874174 0.572311
threshold=0.20980795610425237 11.850000000000003 985.1500000000002 3.8500000000000001 28.550000000000004 -0.92384435400961373 -0.68299999999999994 969.6500000000002 -1.0000000180025095e-35 29.655000000000005 -0.4539904997395468 -0.29237170472273694 975.75000000000011 972.45000000000016
decision_type=2 2 2 2 2 2 2 2 2 2 2 2 2 2
left_child=2 -2 3 -1 6 -6 -5 -7 -9 -10 12 -12 13 -8
right_child=1 -3 -4 4 5 7 10 8 9 -11 11 -13 -14 -15
leaf_value=-8.2315115222914286e-05 -7.832082733488869e-05 0.30206625215887756 -8.2315115222914286e-05 -8.2315115222914286e-05 -8.2315115222914286e-05 -8.2315115222914286e-05 -8.2315115222914286e-05 -8.2315115222914286e-05 -8.2315115222914286e-05 -8.2315115222914286e-05 -8.2315115222914286e-05 -8.2315115222914286e-05 -8.2315115222914286e-05 -8.2315115222914286e-05
leaf_weight=107 2006 2757 68 51 56 69 57 52 73 82 57 69 67 52
leaf_count=107 2006 2757 68 51 56 69 57 52 73 82 57 69 67 52
internal_value=-0.000575315 0.002848 -0.0195349 -0.0201894 -0.0193066 -0.021506 -0.017238 -0.0198188 -0.0218116 -0.0195161 -0.0185099 -0.0148413 -0.0211364 -0.0238991
internal_weight=5623 4763 860 792 685 332 353 276 207 155 302 126 176 109
internal_count=5623 4763 860 792 685 332 353 276 207 155 302 126 176 109
is_linear=0
shrinkage=0.05


Tree=98
num_leaves=15
num_cat=0
split_feature=16 0 7 0 4 3 4 3 13 18 18 15 4 14
split_gain=145.846 11.6366 1.71636 1.58067 1.11102 1.13929 1.52005 1.184 0.861946 1.51634 0.88422 0.718596 0.60189 0.563623
threshold=0.20980795610425237 11.850000000000003 985.1500000000002 3.8500000000000001 -0.95368063612909437 -0.4539904997395468 -0.90992662233962529 -0.74892720285008318 -0.85669999999999991 22.350000000000005 26.350000000000005 30.740000000000006 -0.33379414889141251 28.085000000000004
decision_type=2 2 2 2 2 2 2 2 2 2 2 2 2 2
left_child=2 -2 3 -1 -5 7 -7 12 9 -9 -11 -12 -6 -10
right_child=1 -3 -4 4 5 6 -8 8 13 10 11 -13 -14 -15
leaf_value=-7.819935946176858e-05 -7.4404785968152623e-05 0.28696293955093355 -7.819935946176858e-05 -7.819935946176858e-05 -7.819935946176858e-05 -7.819935946176858e-05 -7.819935946176858e-05 -7.819935946176858e-05 -7.819935946176858e-05 -7.819935946176858e-05 -7.819935946176858e-05 -7.819935946176858e-05 -7.819935946176858e-05 -7.819935946176858e-05
leaf_weight=107 2006 2757 68 73 75 92 77 50 50 51 50 64 52 51
leaf_count=107 2006 2757 68 73 75 92 77 50 50 51 50 64 52 51
internal_value=-0.000584208 0.0028375 -0.0195349 -0.0201894 -0.0193066 -0.0186111 -0.0151183 -0.0199436 -0.0215823 -0.0233721 -0.0210606 -0.0235088 -0.0158661 -0.0177723
internal_weight=5623 4763 860 792 685 612 169 443 316 215 165 114 127 101
internal_count=5623 4763 860 792 685 612 169 443 316 215 165 114 127 101
is_linear=0
shrinkage=0.05


Tree=99
num_leaves=15
num_cat=0
split_feature=16 0 7 0 17 4 12 7 12 3 3 7 18 16
split_gain=145.846 11.6366 1.71636 1.58067 1.24665 1.86313 1.48976 1.31522 1.46145 1.21695 1.40358 0.936524 0.547241 0.409216
threshold=0.20980795610425237 11.850000000000003 985.1500000000002 3.8500000000000001 28.550000000000004 -0.92384435400961373 -0.49159999999999993 969.6500000000002 0.42180000000000006 -0.4539904997395468 -0.29237170472273694 975.75000000000011 23.650000000000002 1.0000000180025095e-35
decision_type=2 2 2 2 2 2 2 2 2 2 2 2 2 2
left_child=2 -2 3 13 6 -6 -5 -7 -9 11 -11 12 -8 -1
right_child=1 -3 -4 4 5 7 9 8 -10 10 -12 -13 -14 -15
leaf_value=-7.4289391488680144e-05 -7.0684546669708947e-05 0.27261479257338694 -7.4289391488680144e-05 -7.4289391488680144e-05 -7.4289391488680144e-05 -7.4289391488680144e-05 -7.4289391488680144e-05 -7.4289391488680144e-05 -7.4289391488680144e-05 -7.4289391488680144e-05 -7.4289391488680144e-05 -7.4289391488680144e-05 -7.4289391488680144e-05 -7.4289391488680144e-05
leaf_weight=54 2006 2757 68 52 56 69 50 105 102 57 69 67 58 53
leaf_count=54 2006 2757 68 52 56 69 50 105 102 57 69 67 58 53
internal_value=-0.000584208 0.0028375 -0.0195349 -0.0201894 -0.0193066 -0.021506 -0.017238 -0.0198188 -0.0218116 -0.018588 -0.0148413 -0.0212857 -0.0241667 -0.0258411
internal_weight=5623 4763 860 792 685 332 353 276 207 301 126 175 108 107
internal_count=5623 4763 860 792 685 332 353 276 207 301 126 175 108 107
is_linear=0
shrinkage=0.05


Tree=100
num_leaves=15
num_cat=0
split_feature=16 1 7 1 17 12 3 3 12 13 3 5 7 18
split_gain=145.846 11.6366 1.71636 1.58067 1.24665 1.48976 1.21695 1.40358 1.20634 1.68878 2.23584 1.06425 0.936524 0.547241
threshold=0.20980795610425237 16.357553535544188 985.1500000000002 5.3144794187211071 28.550000000000004 -0.49159999999999993 -0.4539904997395468 -0.29237170472273694 0.42180000000000006 -0.97314999999999985 -0.39073112848927366 1.1171711757301654 975.75000000000011 23.650000000000002
decision_type=2 2 2 2 2 2 2 2 2 2 2 2 2 2
left_child=2 -2 3 -1 5 -5 12 -8 9 10 -6 -10 13 -7
right_child=1 -3 -4 4 8 6 7 -9 11 -11 -12 -13 -14 -15
leaf_value=-7.0574921914246135e-05 -6.715031933619634e-05 0.25898405294471732 -7.0574921914246135e-05 -7.0574921914246135e-05 -7.0574921914246135e-05 -7.0574921914246135e-05 -7.0574921914246135e-05 -7.0574921914246135e-05 -7.0574921914246135e-05 -7.0574921914246135e-05 -7.0574921914246135e-05 -7.0574921914246135e-05 -7.0574921914246135e-05 -7.0574921914246135e-05
leaf_weight=107 2006 2757 68 52 89 50 57 69 68 73 50 52 67 58
leaf_count=107 2006 2757 68 52 89 50 57 69 68 73 50 52 67 58
internal_value=-0.000584208 0.0028375 -0.0195349 -0.0201894 -0.0193066 -0.017238 -0.018588 -0.0148413 -0.021506 -0.0237736 -0.0205396 -0.0175 -0.0212857 -0.0241667
internal_weight=5623 4763 860 792 685 353 301 126 332 212 139 120 175 108
internal_count=5623 4763 860 792 685 353 301 126 332 212 139 120 175 108
is_linear=0
shrinkage=0.05


Tree=101
num_leaves=15
num_cat=0
split_feature=16 0 7 0 17 4 12 7 12 3 3 7 18 16
split_gain=145.709 11.5525 1.71636 1.58067 1.24665 1.86313 1.48976 1.31522 1.46145 1.21695 1.40358 0.936524 0.547241 0.409216
threshold=0.20980795610425237 11.850000000000003 985.1500000000002 3.8500000000000001 28.550000000000004 -0.92384435400961373 -0.49159999999999993 969.6500000000002 0.42180000000000006 -0.4539904997395468 -0.29237170472273694 975.75000000000011 23.650000000000002 1.0000000180025095e-35
decision_type=2 2 2 2 2 2 2 2 2 2 2 2 2 2
left_child=2 -2 3 13 6 -6 -5 -7 -9 11 -11 12 -8 -1
right_child=1 -3 -4 4 5 7 9 8 -10 10 -12 -13 -14 -15
leaf_value=-6.7046175818533826e-05 -6.3792803369412093e-05 0.24603485029748173 -6.7046175818533826e-05 -6.7046175818533826e-05 -6.7046175818533826e-05 -6.7046175818533826e-05 -6.7046175818533826e-05 -6.7046175818533826e-05 -6.7046175818533826e-05 -6.7046175818533826e-05 -6.7046175818533826e-05 -6.7046175818533826e-05 -6.7046175818533826e-05 -6.7046175818533826e-05
leaf_weight=54 2006 2757 68 52 56 69 50 105 102 57 69 67 58 53
leaf_count=54 2006 2757 68 52 56 69 50 105 102 57 69 67 58 53
internal_value=-0.0005931 0.002827 -0.0195349 -0.0201894 -0.0193066 -0.021506 -0.017238 -0.0198188 -0.0218116 -0.018588 -0.0148413 -0.0212857 -0.0241667 -0.0258411
internal_weight=5623 4763 860 792 685 332 353 276 207 301 126 175 108 107
internal_count=5623 4763 860 792 685 332 353 276 207 301 126 175 108 107
is_linear=0
shrinkage=0.05


Tree=102
num_leaves=15
num_cat=0
split_feature=16 0 7 0 17 4 12 7 12 3 3 7 18 16
split_gain=145.709 11.5525 1.71636 1.58067 1.24665 1.86313 1.48976 1.31522 1.46145 1.21695 1.40358 0.936524 0.547241 0.409216
threshold=0.20980795610425237 11.850000000000003 985.1500000000002 3.8500000000000001 28.550000000000004 -0.92384435400961373 -0.49159999999999993 969.6500000000002 0.42180000000000006 -0.4539904997395468 -0.29237170472273694 975.75000000000011 23.650000000000002 1.0000000180025095e-35
decision_type=2 2 2 2 2 2 2 2 2 2 2 2 2 2
left_child=2 -2 3 13 6 -6 -5 -7 -9 11 -11 12 -8 -1
right_child=1 -3 -4 4 5 7 9 8 -10 10 -12 -13 -14 -15
leaf_value=-6.3693867027607128e-05 -6.0603163200912666e-05 0.23373310778260789 -6.3693867027607128e-05 -6.3693867027607128e-05 -6.3693867027607128e-05 -6.3693867027607128e-05 -6.3693867027607128e-05 -6.3693867027607128e-05 -6.3693867027607128e-05 -6.3693867027607128e-05 -6.3693867027607128e-05 -6.3693867027607128e-05 -6.3693867027607128e-05 -6.3693867027607128e-05
leaf_weight=54 2006 2757 68 52 56 69 50 105 102 57 69 67 58 53
leaf_count=54 2006 2757 68 52 56 69 50 105 102 57 69 67 58 53
internal_value=-0.0005931 0.002827 -0.0195349 -0.0201894 -0.0193066 -0.021506 -0.017238 -0.0198188 -0.0218116 -0.018588 -0.0148413 -0.0212857 -0.0241667 -0.0258411
internal_weight=5623 4763 860 792 685 332 353 276 207 301 126 175 108 107
internal_count=5623 4763 860 792 685 332 353 276 207 301 126 175 108 107
is_linear=0
shrinkage=0.05


Tree=103
num_leaves=15
num_cat=0
split_feature=16 0 7 0 17 4 12 7 12 3 3 7 7 16
split_gain=145.709 11.5525 1.71636 1.58067 1.24665 1.86313 1.48976 1.31522 1.46145 1.21695 1.40358 0.936524 0.498626 0.409216
threshold=0.20980795610425237 11.850000000000003 985.1500000000002 3.8500000000000001 28.550000000000004 -0.92384435400961373 -0.49159999999999993 969.6500000000002 0.42180000000000006 -0.4539904997395468 -0.29237170472273694 975.75000000000011 972.45000000000016 1.0000000180025095e-35
decision_type=2 2 2 2 2 2 2 2 2 2 2 2 2 2
left_child=2 -2 3 13 6 -6 -5 -7 -9 11 -11 12 -8 -1
right_child=1 -3 -4 4 5 7 9 8 -10 10 -12 -13 -14 -15
leaf_value=-6.0509173676226774e-05 -5.7573005040823769e-05 0.22204645239347728 -6.0509173676226774e-05 -6.0509173676226774e-05 -6.0509173676226774e-05 -6.0509173676226774e-05 -6.0509173676226774e-05 -6.0509173676226774e-05 -6.0509173676226774e-05 -6.0509173676226774e-05 -6.0509173676226774e-05 -6.0509173676226774e-05 -6.0509173676226774e-05 -6.0509173676226774e-05
leaf_weight=54 2006 2757 68 52 56 69 56 105 102 57 69 67 52 53
leaf_count=54 2006 2757 68 52 56 69 56 105 102 57 69 67 52 53
internal_value=-0.0005931 0.002827 -0.0195349 -0.0201894 -0.0193066 -0.021506 -0.017238 -0.0198188 -0.0218116 -0.018588 -0.0148413 -0.0212857 -0.0241667 -0.0258411
internal_weight=5623 4763 860 792 685 332 353 276 207 301 126 175 108 107
internal_count=5623 4763 860 792 685 332 353 276 207 301 126 175 108 107
is_linear=0
shrinkage=0.05


Tree=104
num_leaves=15
num_cat=0
split_feature=16 0 7 0 17 4 12 7 12 4 8 7 16 17
split_gain=145.163 11.2188 1.71636 1.58067 1.24665 1.86313 1.48976 1.31522 1.46145 1.05087 0.759073 0.692032 0.409216 0.398821
threshold=0.20980795610425237 11.850000000000003 985.1500000000002 3.8500000000000001 28.550000000000004 -0.92384435400961373 -0.49159999999999993 969.6500000000002 0.42180000000000006 -0.88697705852364728 -0.60354999999999992 975.75000000000011 1.0000000180025095e-35 3.6500000000000008
decision_type=2 2 2 2 2 2 2 2 2 2 2 2 2 2
left_child=2 13 3 12 6 -6 -5 -7 -9 -8 -11 -12 -1 -2
right_child=1 -3 -4 4 5 7 9 8 -10 10 11 -13 -14 -15
leaf_value=-5.7483714992415431e-05 -0.0017786098643453427 0.21094412977380372 -5.7483714992415431e-05 -5.7483714992415431e-05 -5.7483714992415431e-05 -5.7483714992415431e-05 -5.7483714992415431e-05 -5.7483714992415431e-05 -5.7483714992415431e-05 -5.7483714992415431e-05 -5.7483714992415431e-05 -5.7483714992415431e-05 -5.7483714992415431e-05 0.00041280004474892424
leaf_weight=54 68 2757 68 52 56 69 96 105 102 64 89 52 53 1938
leaf_count=54 68 2757 68 52 56 69 96 105 102 64 89 52 53 1938
internal_value=-0.000628668 0.00278501 -0.0195349 -0.0201894 -0.0193066 -0.021506 -0.017238 -0.0198188 -0.0218116 -0.018588 -0.0206098 -0.0226596 -0.0258411 -5.98204e-05
internal_weight=5623 4763 860 792 685 332 353 276 207 301 205 141 107 2006
internal_count=5623 4763 860 792 685 332 353 276 207 301 205 141 107 2006
is_linear=0
shrinkage=0.05


Tree=105
num_leaves=15
num_cat=0
split_feature=16 0 7 0 4 3 4 3 13 18 18 6 15 5
split_gain=145.163 11.2188 1.71636 1.58067 1.11102 1.13929 1.52005 1.184 0.861946 1.51634 0.88422 0.771742 0.718596 0.412642
threshold=0.20980795610425237 11.850000000000003 985.1500000000002 3.8500000000000001 -0.95368063612909437 -0.4539904997395468 -0.90992662233962529 -0.74892720285008318 -0.85669999999999991 22.350000000000005 26.350000000000005 33.650000000000013 30.740000000000006 1.1259911885817842
decision_type=2 2 2 2 2 2 2 2 2 2 2 2 2 2
left_child=2 -2 3 -1 -5 7 -7 11 9 -9 -11 -6 -12 -10
right_child=1 -3 -4 4 5 6 -8 8 13 10 12 -13 -14 -15
leaf_value=-5.4609529242794661e-05 -7.5334357026247387e-05 0.20039692328511338 -5.4609529242794661e-05 -5.4609529242794661e-05 -5.4609529242794661e-05 -5.4609529242794661e-05 -5.4609529242794661e-05 -5.4609529242794661e-05 -5.4609529242794661e-05 -5.4609529242794661e-05 -5.4609529242794661e-05 -5.4609529242794661e-05 -5.4609529242794661e-05 -5.4609529242794661e-05
leaf_weight=107 2006 2757 68 73 74 92 77 50 51 51 50 53 64 50
leaf_count=107 2006 2757 68 73 74 92 77 50 51 51 50 53 64 50
internal_value=-0.000628668 0.00278501 -0.0195349 -0.0201894 -0.0193066 -0.0186111 -0.0151183 -0.0199436 -0.0215823 -0.0233721 -0.0210606 -0.0158661 -0.0235088 -0.0177723
internal_weight=5623 4763 860 792 685 612 169 443 316 215 165 127 114 101
internal_count=5623 4763 860 792 685 612 169 443 316 215 165 127 114 101
is_linear=0
shrinkage=0.05


Tree=106
num_leaves=15
num_cat=0
split_feature=0 0 0 7 17 4 12 7 12 4 4 7 9 17
split_gain=104.71 40.1167 10.9718 3.07183 1.22763 1.89938 1.41894 1.27237 1.54286 1.07164 0.864429 0.70934 0.500087 0.398821
threshold=25.050000000000004 4.1500000000000012 11.850000000000003 985.1500000000002 28.550000000000004 -0.92384435400961373 -0.18594999999999998 969.6500000000002 0.42180000000000006 -0.88697705852364728 0.18222858652173771 975.75000000000011 -0.3793999999999999 3.6500000000000008
decision_type=2 2 2 2 2 2 2 2 2 2 2 2 2 2
left_child=1 3 13 10 6 -6 -2 -7 -9 -8 -1 -11 -10 -3
right_child=4 2 -4 -5 5 7 9 8 12 11 -12 -13 -14 -15
leaf_value=-5.1879052780654924e-05 -5.1879052780654924e-05 -0.0016859126532767631 0.19037707712085777 -5.1879052780654924e-05 -5.1879052780654924e-05 -5.1879052780654924e-05 -5.1879052780654924e-05 -5.1879052780654924e-05 -5.1879052780654924e-05 -5.1879052780654924e-05 -5.1879052780654924e-05 -5.1879052780654924e-05 -5.1879052780654924e-05 0.00039592676036279037
leaf_weight=76 92 68 2757 64 56 69 71 105 55 98 55 69 50 1938
leaf_count=76 92 68 2757 64 56 69 71 105 55 98 55 69 50 1938
internal_value=-0.000655344 0.00184349 0.00275352 -0.0203846 -0.0192857 -0.0214179 -0.0171212 -0.0197312 -0.0216667 -0.0191597 -0.024771 -0.0213473 -0.017381 -5.98204e-05
internal_weight=5623 4958 4763 195 665 335 330 279 210 238 131 167 105 2006
internal_count=5623 4958 4763 195 665 335 330 279 210 238 131 167 105 2006
is_linear=0
shrinkage=0.05


Tree=107
num_leaves=15
num_cat=0
split_feature=16 0 7 0 17 4 12 7 12 3 3 7 18 17
split_gain=144.481 10.8415 1.71636 1.58067 1.24665 1.86313 1.48976 1.31522 1.46145 1.21695 1.40358 0.936524 0.547241 0.411221
threshold=0.20980795610425237 11.950000000000001 985.1500000000002 3.8500000000000001 28.550000000000004 -0.92384435400961373 -0.49159999999999993 969.6500000000002 0.42180000000000006 -0.4539904997395468 -0.29237170472273694 975.75000000000011 23.650000000000002 3.6500000000000008
decision_type=2 2 2 2 2 2 2 2 2 2 2 2 2 2
left_child=2 13 3 -1 6 -6 -5 -7 -9 11 -11 12 -8 -2
right_child=1 -3 -4 4 5 7 9 8 -10 10 -12 -13 -14 -15
leaf_value=-4.9285100141622174e-05 -0.0016016170206129251 0.18711081633062179 -4.9285100141622174e-05 -4.9285100141622174e-05 -4.9285100141622174e-05 -4.9285100141622174e-05 -4.9285100141622174e-05 -4.9285100141622174e-05 -4.9285100141622174e-05 -4.9285100141622174e-05 -4.9285100141622174e-05 -4.9285100141622174e-05 -4.9285100141622174e-05 0.00057024791858002126
leaf_weight=107 68 2703 68 52 56 69 50 105 102 57 69 67 58 1992
leaf_count=107 68 2703 68 52 56 69 50 105 102 57 69 67 58 1992
internal_value=-0.000673128 0.00273252 -0.0195349 -0.0201894 -0.0193066 -0.021506 -0.017238 -0.0198188 -0.0218116 -0.018588 -0.0148413 -0.0212857 -0.0241667 1.86265e-10
internal_weight=5623 4763 860 792 685 332 353 276 207 301 126 175 108 2060
internal_count=5623 4763 860 792 685 332 353 276 207 301 126 175 108 2060
is_linear=0
shrinkage=0.05


Tree=108
num_leaves=15
num_cat=0
split_feature=16 0 7 0 17 12 3 3 12 13 3 5 7 7
split_gain=144.208 10.8675 1.71636 1.58067 1.24665 1.48976 1.21695 1.40358 1.20634 1.68878 2.23584 1.06425 0.936524 0.498626
threshold=0.20980795610425237 11.950000000000001 985.1500000000002 3.8500000000000001 28.550000000000004 -0.49159999999999993 -0.4539904997395468 -0.29237170472273694 0.42180000000000006 -0.97314999999999985 -0.39073112848927366 1.1171711757301654 975.75000000000011 972.45000000000016
decision_type=2 2 2 2 2 2 2 2 2 2 2 2 2 2
left_child=2 -2 3 -1 5 -5 12 -8 9 10 -6 -10 13 -7
right_child=1 -3 -4 4 8 6 7 -9 11 -11 -12 -13 -14 -15
leaf_value=-4.6820845134541067e-05 -1.7478321525026775e-05 0.17775527551409098 -4.6820845134541067e-05 -4.6820845134541067e-05 -4.6820845134541067e-05 -4.6820845134541067e-05 -4.6820845134541067e-05 -4.6820845134541067e-05 -4.6820845134541067e-05 -4.6820845134541067e-05 -4.6820845134541067e-05 -4.6820845134541067e-05 -4.6820845134541067e-05 -4.6820845134541067e-05
leaf_weight=107 2060 2703 68 52 89 56 57 69 68 73 50 52 67 52
leaf_count=107 2060 2703 68 52 89 56 57 69 68 73 50 52 67 52
internal_value=-0.000690912 0.00271153 -0.0195349 -0.0201894 -0.0193066 -0.017238 -0.018588 -0.0148413 -0.021506 -0.0237736 -0.0205396 -0.0175 -0.0212857 -0.0241667
internal_weight=5623 4763 860 792 685 353 301 126 332 212 139 120 175 108
internal_count=5623 4763 860 792 685 353 301 126 332 212 139 120 175 108
is_linear=0
shrinkage=0.05


Tree=109
num_leaves=15
num_cat=0
split_feature=16 0 7 0 4 3 4 3 13 18 18 6 14 7
split_gain=144.072 10.7843 1.71636 1.58067 1.11102 1.13929 1.52005 1.184 0.861946 1.51634 0.88422 0.771742 0.563623 0.438596
threshold=0.20980795610425237 11.950000000000001 985.1500000000002 3.8500000000000001 -0.95368063612909437 -0.4539904997395468 -0.90992662233962529 -0.74892720285008318 -0.85669999999999991 22.350000000000005 26.350000000000005 33.650000000000013 28.085000000000004 970.55000000000007
decision_type=2 2 2 2 2 2 2 2 2 2 2 2 2 2
left_child=2 -2 3 -1 -5 7 -7 11 9 -9 -11 -6 -10 -12
right_child=1 -3 -4 4 5 6 -8 8 12 10 13 -13 -14 -15
leaf_value=-4.4479802877814016e-05 -1.6604405448766248e-05 0.16886751173838663 -4.4479802877814016e-05 -4.4479802877814016e-05 -4.4479802877814016e-05 -4.4479802877814016e-05 -4.4479802877814016e-05 -4.4479802877814016e-05 -4.4479802877814016e-05 -4.4479802877814016e-05 -4.4479802877814016e-05 -4.4479802877814016e-05 -4.4479802877814016e-05 -4.4479802877814016e-05
leaf_weight=107 2060 2703 68 73 74 92 77 50 50 51 50 53 51 64
leaf_count=107 2060 2703 68 73 74 92 77 50 50 51 50 53 51 64
internal_value=-0.000699804 0.00270103 -0.0195349 -0.0201894 -0.0193066 -0.0186111 -0.0151183 -0.0199436 -0.0215823 -0.0233721 -0.0210606 -0.0158661 -0.0177723 -0.0235088
internal_weight=5623 4763 860 792 685 612 169 443 316 215 165 127 101 114
internal_count=5623 4763 860 792 685 612 169 443 316 215 165 127 101 114
is_linear=0
shrinkage=0.05


Tree=110
num_leaves=15
num_cat=0
split_feature=16 0 7 0 4 3 4 3 13 18 18 6 15 14
split_gain=143.8 10.6187 1.71636 1.58067 1.11102 1.13929 1.52005 1.184 0.861946 1.51634 0.88422 0.771742 0.718596 0.563623
threshold=0.20980795610425237 11.950000000000001 985.1500000000002 3.8500000000000001 -0.95368063612909437 -0.4539904997395468 -0.90992662233962529 -0.74892720285008318 -0.85669999999999991 22.350000000000005 26.350000000000005 33.650000000000013 30.740000000000006 28.085000000000004
decision_type=2 2 2 2 2 2 2 2 2 2 2 2 2 2
left_child=2 -2 3 -1 -5 7 -7 11 9 -9 -11 -6 -12 -10
right_child=1 -3 -4 4 5 6 -8 8 13 10 12 -13 -14 -15
leaf_value=-4.2255812733923314e-05 -1.5774185176325406e-05 0.16042413615146744 -4.2255812733923314e-05 -4.2255812733923314e-05 -4.2255812733923314e-05 -4.2255812733923314e-05 -4.2255812733923314e-05 -4.2255812733923314e-05 -4.2255812733923314e-05 -4.2255812733923314e-05 -4.2255812733923314e-05 -4.2255812733923314e-05 -4.2255812733923314e-05 -4.2255812733923314e-05
leaf_weight=107 2060 2703 68 73 74 92 77 50 50 51 50 53 64 51
leaf_count=107 2060 2703 68 73 74 92 77 50 50 51 50 53 64 51
internal_value=-0.000717588 0.00268003 -0.0195349 -0.0201894 -0.0193066 -0.0186111 -0.0151183 -0.0199436 -0.0215823 -0.0233721 -0.0210606 -0.0158661 -0.0235088 -0.0177723
internal_weight=5623 4763 860 792 685 612 169 443 316 215 165 127 114 101
internal_count=5623 4763 860 792 685 612 169 443 316 215 165 127 114 101
is_linear=0
shrinkage=0.05


Tree=111
num_leaves=15
num_cat=0
split_feature=16 0 7 0 17 4 12 7 12 3 3 7 18 16
split_gain=143.529 10.4545 1.71636 1.58067 1.24665 1.86313 1.48976 1.31522 1.46145 1.21695 1.40358 0.936524 0.547241 0.409216
threshold=0.20980795610425237 11.950000000000001 985.1500000000002 3.8500000000000001 28.550000000000004 -0.92384435400961373 -0.49159999999999993 969.6500000000002 0.42180000000000006 -0.4539904997395468 -0.29237170472273694 975.75000000000011 23.650000000000002 1.0000000180025095e-35
decision_type=2 2 2 2 2 2 2 2 2 2 2 2 2 2
left_child=2 -2 3 13 6 -6 -5 -7 -9 11 -11 12 -8 -1
right_child=1 -3 -4 4 5 7 9 8 -10 10 -12 -13 -14 -15
leaf_value=-4.014302209722715e-05 -1.4985475917491065e-05 0.15240292934389432 -4.014302209722715e-05 -4.014302209722715e-05 -4.014302209722715e-05 -4.014302209722715e-05 -4.014302209722715e-05 -4.014302209722715e-05 -4.014302209722715e-05 -4.014302209722715e-05 -4.014302209722715e-05 -4.014302209722715e-05 -4.014302209722715e-05 -4.014302209722715e-05
leaf_weight=54 2060 2703 68 52 56 69 50 105 102 57 69 67 58 53
leaf_count=54 2060 2703 68 52 56 69 50 105 102 57 69 67 58 53
internal_value=-0.000735372 0.00265904 -0.0195349 -0.0201894 -0.0193066 -0.021506 -0.017238 -0.0198188 -0.0218116 -0.018588 -0.0148413 -0.0212857 -0.0241667 -0.0258411
internal_weight=5623 4763 860 792 685 332 353 276 207 301 126 175 108 107
internal_count=5623 4763 860 792 685 332 353 276 207 301 126 175 108 107
is_linear=0
shrinkage=0.05


Tree=112
num_leaves=15
num_cat=0
split_feature=16 0 7 0 17 4 12 7 12 4 8 7 16 17
split_gain=143.393 10.3729 1.71636 1.58067 1.24665 1.86313 1.48976 1.31522 1.46145 1.05087 0.759073 0.692032 0.409216 0.406017
threshold=0.20980795610425237 11.950000000000001 985.1500000000002 3.8500000000000001 28.550000000000004 -0.92384435400961373 -0.49159999999999993 969.6500000000002 0.42180000000000006 -0.88697705852364728 -0.60354999999999992 975.75000000000011 1.0000000180025095e-35 3.6500000000000008
decision_type=2 2 2 2 2 2 2 2 2 2 2 2 2 2
left_child=2 13 3 12 6 -6 -5 -7 -9 -8 -11 -12 -1 -2
right_child=1 -3 -4 4 5 7 9 8 -10 10 11 -13 -14 -15
leaf_value=-3.8135870992365796e-05 -0.0015182940501788983 0.14478278287669966 -3.8135870992365796e-05 -3.8135870992365796e-05 -3.8135870992365796e-05 -3.8135870992365796e-05 -3.8135870992365796e-05 -3.8135870992365796e-05 -3.8135870992365796e-05 -3.8135870992365796e-05 -3.8135870992365796e-05 -3.8135870992365796e-05 -3.8135870992365796e-05 0.00054497764205430619
leaf_weight=54 68 2703 68 52 56 69 96 105 102 64 89 52 53 1992
leaf_count=54 68 2703 68 52 56 69 96 105 102 64 89 52 53 1992
internal_value=-0.000744264 0.00264854 -0.0195349 -0.0201894 -0.0193066 -0.021506 -0.017238 -0.0198188 -0.0218116 -0.018588 -0.0206098 -0.0226596 -0.0258411 -2.42717e-05
internal_weight=5623 4763 860 792 685 332 353 276 207 301 205 141 107 2060
internal_count=5623 4763 860 792 685 332 353 276 207 301 205 141 107 2060
is_linear=0
shrinkage=0.05


Tree=113
num_leaves=15
num_cat=0
split_feature=16 0 7 0 17 4 12 7 12 3 3 7 0 12
split_gain=143.122 9.65751 1.71636 1.58067 1.24665 1.86313 1.48976 1.31522 1.46145 1.21695 1.40358 0.936524 0.588248 0.652697
threshold=0.20980795610425237 11.950000000000001 985.1500000000002 3.8500000000000001 28.550000000000004 -0.92384435400961373 -0.49159999999999993 969.6500000000002 0.42180000000000006 -0.4539904997395468 -0.29237170472273694 975.75000000000011 5.1500000000000012 0.99275000000000013
decision_type=2 2 2 2 2 2 2 2 2 2 2 2 2 2
left_child=2 12 3 -1 6 -6 -5 -7 -9 11 -11 -8 -2 -14
right_child=1 -3 -4 4 5 7 9 8 -10 10 -12 -13 13 -15
leaf_value=-3.6229077442747502e-05 0.0011223433466467164 0.13754364373286451 -3.6229077442747502e-05 -3.6229077442747502e-05 -3.6229077442747502e-05 -3.6229077442747502e-05 -3.6229077442747502e-05 -3.6229077442747502e-05 -3.6229077442747502e-05 -3.6229077442747502e-05 -3.6229077442747502e-05 -3.6229077442747502e-05 0.00051541706078370587 -0.010060293121441214
leaf_weight=107 124 2703 68 52 56 69 108 105 102 57 69 67 1801 135
leaf_count=107 124 2703 68 52 56 69 108 105 102 57 69 67 1801 135
internal_value=-0.000762049 0.00262755 -0.0195349 -0.0201894 -0.0193066 -0.021506 -0.017238 -0.0198188 -0.0218116 -0.018588 -0.0148413 -0.0212857 4.85439e-05 -0.000165289
internal_weight=5623 4763 860 792 685 332 353 276 207 301 126 175 2060 1936
internal_count=5623 4763 860 792 685 332 353 276 207 301 126 175 2060 1936
is_linear=0
shrinkage=0.05


Tree=114
num_leaves=15
num_cat=0
split_feature=16 0 7 0 4 3 4 3 13 18 18 6 15 14
split_gain=142.445 9.62799 1.71636 1.58067 1.11102 1.13929 1.52005 1.184 0.861946 1.51634 0.88422 0.771742 0.718596 0.563623
threshold=0.20980795610425237 11.950000000000001 985.1500000000002 3.8500000000000001 -0.95368063612909437 -0.4539904997395468 -0.90992662233962529 -0.74892720285008318 -0.85669999999999991 22.350000000000005 26.350000000000005 33.650000000000013 30.740000000000006 28.085000000000004
decision_type=2 2 2 2 2 2 2 2 2 2 2 2 2 2
left_child=2 -2 3 -1 -5 7 -7 11 9 -9 -11 -6 -12 -10
right_child=1 -3 -4 4 5 6 -8 8 13 10 12 -13 -14 -15
leaf_value=-3.4417623570610132e-05 -1.7385098101167779e-06 0.13066646154622105 -3.4417623570610132e-05 -3.4417623570610132e-05 -3.4417623570610132e-05 -3.4417623570610132e-05 -3.4417623570610132e-05 -3.4417623570610132e-05 -3.4417623570610132e-05 -3.4417623570610132e-05 -3.4417623570610132e-05 -3.4417623570610132e-05 -3.4417623570610132e-05 -3.4417623570610132e-05
leaf_weight=107 2060 2703 68 73 74 92 77 50 50 51 50 53 64 51
leaf_count=107 2060 2703 68 73 74 92 77 50 50 51 50 53 64 51
internal_value=-0.000806509 0.00257506 -0.0195349 -0.0201894 -0.0193066 -0.0186111 -0.0151183 -0.0199436 -0.0215823 -0.0233721 -0.0210606 -0.0158661 -0.0235088 -0.0177723
internal_weight=5623 4763 860 792 685 612 169 443 316 215 165 127 114 101
internal_count=5623 4763 860 792 685 612 169 443 316 215 165 127 114 101
is_linear=0
shrinkage=0.05


Tree=115
num_leaves=15
num_cat=0
split_feature=16 0 7 0 17 4 12 7 12 3 3 7 7 0
split_gain=142.039 9.39532 1.71636 1.58067 1.24665 1.86313 1.48976 1.31522 1.46145 1.21695 1.40358 0.936524 0.498626 0.423162
threshold=0.20980795610425237 11.850000000000003 985.1500000000002 3.8500000000000001 28.550000000000004 -0.92384435400961373 -0.49159999999999993 969.6500000000002 0.42180000000000006 -0.4539904997395468 -0.29237170472273694 975.75000000000011 972.45000000000016 6.1500000000000012
decision_type=2 2 2 2 2 2 2 2 2 2 2 2 2 2
left_child=2 13 3 -1 6 -6 -5 -7 -9 11 -11 12 -8 -2
right_child=1 -3 -4 4 5 7 9 8 -10 10 -12 -13 -14 -15
leaf_value=-3.2696742392079628e-05 0.0011926750113280438 0.12054922919030631 -3.2696742392079628e-05 -3.2696742392079628e-05 -3.2696742392079628e-05 -3.2696742392079628e-05 -3.2696742392079628e-05 -3.2696742392079628e-05 -3.2696742392079628e-05 -3.2696742392079628e-05 -3.2696742392079628e-05 -3.2696742392079628e-05 -3.2696742392079628e-05 -0.0014405859203359813
leaf_weight=107 242 2757 68 52 56 69 56 105 102 57 69 67 52 1764
leaf_count=107 242 2757 68 52 56 69 56 105 102 57 69 67 52 1764
internal_value=-0.000833185 0.00254357 -0.0195349 -0.0201894 -0.0193066 -0.021506 -0.017238 -0.0198188 -0.0218116 -0.018588 -0.0148413 -0.0212857 -0.0241667 -5.98204e-05
internal_weight=5623 4763 860 792 685 332 353 276 207 301 126 175 108 2006
internal_count=5623 4763 860 792 685 332 353 276 207 301 126 175 108 2006
is_linear=0
shrinkage=0.05


Tree=116
num_leaves=15
num_cat=0
split_feature=16 0 7 0 17 12 3 3 12 13 3 5 7 18
split_gain=141.23 9.12262 1.71636 1.58067 1.24665 1.48976 1.21695 1.40358 1.20634 1.68878 2.23584 1.06425 0.936524 0.547241
threshold=0.20980795610425237 11.850000000000003 985.1500000000002 3.8500000000000001 28.550000000000004 -0.49159999999999993 -0.4539904997395468 -0.29237170472273694 0.42180000000000006 -0.97314999999999985 -0.39073112848927366 1.1171711757301654 975.75000000000011 23.650000000000002
decision_type=2 2 2 2 2 2 2 2 2 2 2 2 2 2
left_child=2 -2 3 -1 5 -5 12 -8 9 10 -6 -10 13 -7
right_child=1 -3 -4 4 8 6 7 -9 11 -11 -12 -13 -14 -15
leaf_value=-3.1061905272475647e-05 -8.6571935516994351e-05 0.11452176773079117 -3.1061905272475647e-05 -3.1061905272475647e-05 -3.1061905272475647e-05 -3.1061905272475647e-05 -3.1061905272475647e-05 -3.1061905272475647e-05 -3.1061905272475647e-05 -3.1061905272475647e-05 -3.1061905272475647e-05 -3.1061905272475647e-05 -3.1061905272475647e-05 -3.1061905272475647e-05
leaf_weight=107 2006 2757 68 52 89 50 57 69 68 73 50 52 67 58
leaf_count=107 2006 2757 68 52 89 50 57 69 68 73 50 52 67 58
internal_value=-0.000886537 0.00248058 -0.0195349 -0.0201894 -0.0193066 -0.017238 -0.018588 -0.0148413 -0.021506 -0.0237736 -0.0205396 -0.0175 -0.0212857 -0.0241667
internal_weight=5623 4763 860 792 685 353 301 126 332 212 139 120 175 108
internal_count=5623 4763 860 792 685 353 301 126 332 212 139 120 175 108
is_linear=0
shrinkage=0.05


Tree=117
num_leaves=15
num_cat=0
split_feature=16 1 7 1 17 4 12 7 12 3 3 7 18 16
split_gain=140.289 8.60748 1.71636 1.58067 1.24665 1.86313 1.48976 1.31522 1.46145 1.21695 1.40358 0.936524 0.547241 0.409216
threshold=0.20980795610425237 16.357553535544188 985.1500000000002 5.3144794187211071 28.550000000000004 -0.92384435400961373 -0.49159999999999993 969.6500000000002 0.42180000000000006 -0.4539904997395468 -0.29237170472273694 975.75000000000011 23.650000000000002 1.0000000180025095e-35
decision_type=2 2 2 2 2 2 2 2 2 2 2 2 2 2
left_child=2 -2 3 13 6 -6 -5 -7 -9 11 -11 12 -8 -1
right_child=1 -3 -4 4 5 7 9 8 -10 10 -12 -13 -14 -15
leaf_value=-2.9508810008851865e-05 -8.2243338741089993e-05 0.10879567934425155 -2.9508810008851865e-05 -2.9508810008851865e-05 -2.9508810008851865e-05 -2.9508810008851865e-05 -2.9508810008851865e-05 -2.9508810008851865e-05 -2.9508810008851865e-05 -2.9508810008851865e-05 -2.9508810008851865e-05 -2.9508810008851865e-05 -2.9508810008851865e-05 -2.9508810008851865e-05
leaf_weight=54 2006 2757 68 52 56 69 50 105 102 57 69 67 58 53
leaf_count=54 2006 2757 68 52 56 69 50 105 102 57 69 67 58 53
internal_value=-0.000948782 0.0024071 -0.0195349 -0.0201894 -0.0193066 -0.021506 -0.017238 -0.0198188 -0.0218116 -0.018588 -0.0148413 -0.0212857 -0.0241667 -0.0258411
internal_weight=5623 4763 860 792 685 332 353 276 207 301 126 175 108 107
internal_count=5623 4763 860 792 685 332 353 276 207 301 126 175 108 107
is_linear=0
shrinkage=0.05


Tree=118
num_leaves=15
num_cat=0
split_feature=16 0 7 0 17 4 12 7 12 3 3 7 18 3
split_gain=139.484 8.31231 1.71636 1.58067 1.24665 1.86313 1.48976 1.31522 1.46145 1.21695 1.40358 0.936524 0.547241 0.425682
threshold=0.20980795610425237 11.950000000000001 985.1500000000002 3.8500000000000001 28.550000000000004 -0.92384435400961373 -0.49159999999999993 969.6500000000002 0.42180000000000006 -0.4539904997395468 -0.29237170472273694 975.75000000000011 23.650000000000002 0.82409480842201688
decision_type=2 2 2 2 2 2 2 2 2 2 2 2 2 2
left_child=2 13 3 -1 6 -6 -5 -7 -9 11 -11 12 -8 -2
right_child=1 -3 -4 4 5 7 9 8 -10 10 -12 -13 -14 -15
leaf_value=-2.803336950840927e-05 0.0012157054816327262 0.10693980465564223 -2.803336950840927e-05 -2.803336950840927e-05 -2.803336950840927e-05 -2.803336950840927e-05 -2.803336950840927e-05 -2.803336950840927e-05 -2.803336950840927e-05 -2.803336950840927e-05 -2.803336950840927e-05 -2.803336950840927e-05 -2.803336950840927e-05 -0.004983227101250637
leaf_weight=107 1598 2703 68 52 56 69 50 105 102 57 69 67 58 462
leaf_count=107 1598 2703 68 52 56 69 50 105 102 57 69 67 58 462
internal_value=-0.00100213 0.00234411 -0.0195349 -0.0201894 -0.0193066 -0.021506 -0.017238 -0.0198188 -0.0218116 -0.018588 -0.0148413 -0.0212857 -0.0241667 -4.85435e-05
internal_weight=5623 4763 860 792 685 332 353 276 207 301 126 175 108 2060
internal_count=5623 4763 860 792 685 332 353 276 207 301 126 175 108 2060
is_linear=0
shrinkage=0.05


Tree=119
num_leaves=15
num_cat=0
split_feature=16 0 7 0 17 4 12 7 12 3 3 7 7 17
split_gain=139.217 7.83616 1.71636 1.58067 1.24665 1.86313 1.48976 1.31522 1.46145 1.21695 1.40358 0.936524 0.498626 0.411221
threshold=0.20980795610425237 11.950000000000001 985.1500000000002 3.8500000000000001 28.550000000000004 -0.92384435400961373 -0.49159999999999993 969.6500000000002 0.42180000000000006 -0.4539904997395468 -0.29237170472273694 975.75000000000011 972.45000000000016 3.6500000000000008
decision_type=2 2 2 2 2 2 2 2 2 2 2 2 2 2
left_child=2 13 3 -1 6 -6 -5 -7 -9 11 -11 12 -8 -2
right_child=1 -3 -4 4 5 7 9 8 -10 10 -12 -13 -14 -15
leaf_value=-2.6631701032988807e-05 -0.0015174038926480504 0.10159281442286031 -2.6631701032988807e-05 -2.6631701032988807e-05 -2.6631701032988807e-05 -2.6631701032988807e-05 -2.6631701032988807e-05 -2.6631701032988807e-05 -2.6631701032988807e-05 -2.6631701032988807e-05 -2.6631701032988807e-05 -2.6631701032988807e-05 -2.6631701032988807e-05 0.00051637586130887959
leaf_weight=107 68 2703 68 52 56 69 56 105 102 57 69 67 52 1992
leaf_count=107 68 2703 68 52 56 69 56 105 102 57 69 67 52 1992
internal_value=-0.00101992 0.00232312 -0.0195349 -0.0201894 -0.0193066 -0.021506 -0.017238 -0.0198188 -0.0218116 -0.018588 -0.0148413 -0.0212857 -0.0241667 1.86265e-10
internal_weight=5623 4763 860 792 685 332 353 276 207 301 126 175 108 2060
internal_count=5623 4763 860 792 685 332 353 276 207 301 126 175 108 2060
is_linear=0
shrinkage=0.05


Tree=120
num_leaves=15
num_cat=0
split_feature=16 1 7 1 17 4 12 7 12 3 3 7 18 17
split_gain=138.549 7.48607 1.71636 1.58067 1.24665 1.86313 1.48976 1.31522 1.46145 1.21695 1.40358 0.936524 0.547241 0.411221
threshold=0.20980795610425237 16.495591962004479 985.1500000000002 5.3144794187211071 28.550000000000004 -0.92384435400961373 -0.49159999999999993 969.6500000000002 0.42180000000000006 -0.4539904997395468 -0.29237170472273694 975.75000000000011 23.650000000000002 3.6500000000000008
decision_type=2 2 2 2 2 2 2 2 2 2 2 2 2 2
left_child=2 13 3 -1 6 -6 -5 -7 -9 11 -11 12 -8 -2
right_child=1 -3 -4 4 5 7 9 8 -10 10 -12 -13 -14 -15
leaf_value=-2.5300115981339368e-05 -0.0014415336980156479 0.0965131737017174 -2.5300115981339368e-05 -2.5300115981339368e-05 -2.5300115981339368e-05 -2.5300115981339368e-05 -2.5300115981339368e-05 -2.5300115981339368e-05 -2.5300115981339368e-05 -2.5300115981339368e-05 -2.5300115981339368e-05 -2.5300115981339368e-05 -2.5300115981339368e-05 0.00049055706824341361
leaf_weight=107 68 2703 68 52 56 69 50 105 102 57 69 67 58 1992
leaf_count=107 68 2703 68 52 56 69 50 105 102 57 69 67 58 1992
internal_value=-0.00106438 0.00227063 -0.0195349 -0.0201894 -0.0193066 -0.021506 -0.017238 -0.0198188 -0.0218116 -0.018588 -0.0148413 -0.0212857 -0.0241667 1.86265e-10
internal_weight=5623 4763 860 792 685 332 353 276 207 301 126 175 108 2060
internal_count=5623 4763 860 792 685 332 353 276 207 301 126 175 108 2060
is_linear=0
shrinkage=0.05


Tree=121
num_leaves=15
num_cat=0
split_feature=16 0 7 0 17 12 3 3 12 13 3 5 7 0
split_gain=138.149 6.96762 1.71636 1.58067 1.24665 1.48976 1.21695 1.40358 1.20634 1.68878 2.23584 1.06425 0.936524 0.60746
threshold=0.20980795610425237 11.950000000000001 985.1500000000002 3.8500000000000001 28.550000000000004 -0.49159999999999993 -0.4539904997395468 -0.29237170472273694 0.42180000000000006 -0.97314999999999985 -0.39073112848927366 1.1171711757301654 975.75000000000011 6.2500000000000009
decision_type=2 2 2 2 2 2 2 2 2 2 2 2 2 2
left_child=2 13 3 -1 5 -5 12 -8 9 10 -6 -10 -7 -2
right_child=1 -3 -4 4 8 6 7 -9 11 -11 -12 -13 -14 -15
leaf_value=-2.40351101822724e-05 0.0010226528793996043 0.091687515016631249 -2.40351101822724e-05 -2.40351101822724e-05 -2.40351101822724e-05 -2.40351101822724e-05 -2.40351101822724e-05 -2.40351101822724e-05 -2.40351101822724e-05 -2.40351101822724e-05 -2.40351101822724e-05 -2.40351101822724e-05 -2.40351101822724e-05 -0.0014454706136374253
leaf_weight=107 260 2703 68 52 89 108 57 69 68 73 50 52 67 1800
leaf_count=107 260 2703 68 52 89 108 57 69 68 73 50 52 67 1800
internal_value=-0.00109105 0.00223914 -0.0195349 -0.0201894 -0.0193066 -0.017238 -0.018588 -0.0148413 -0.021506 -0.0237736 -0.0205396 -0.0175 -0.0212857 4.85439e-05
internal_weight=5623 4763 860 792 685 353 301 126 332 212 139 120 175 2060
internal_count=5623 4763 860 792 685 353 301 126 332 212 139 120 175 2060
is_linear=0
shrinkage=0.05


Tree=122
num_leaves=15
num_cat=0
split_feature=16 0 7 0 17 12 3 3 12 13 3 5 7 18
split_gain=137.484 6.94255 1.71636 1.58067 1.24665 1.48976 1.21695 1.40358 1.20634 1.68878 2.23584 1.06425 0.936524 0.547241
threshold=0.20980795610425237 11.950000000000001 985.1500000000002 3.8500000000000001 28.550000000000004 -0.49159999999999993 -0.4539904997395468 -0.29237170472273694 0.42180000000000006 -0.97314999999999985 -0.39073112848927366 1.1171711757301654 975.75000000000011 23.650000000000002
decision_type=2 2 2 2 2 2 2 2 2 2 2 2 2 2
left_child=2 -2 3 -1 5 -5 12 -8 9 10 -6 -10 13 -7
right_child=1 -3 -4 4 8 6 7 -9 11 -11 -12 -13 -14 -15
leaf_value=-2.2833354673158779e-05 5.3741280450998632e-05 0.087103139265799712 -2.2833354673158779e-05 -2.2833354673158779e-05 -2.2833354673158779e-05 -2.2833354673158779e-05 -2.2833354673158779e-05 -2.2833354673158779e-05 -2.2833354673158779e-05 -2.2833354673158779e-05 -2.2833354673158779e-05 -2.2833354673158779e-05 -2.2833354673158779e-05 -2.2833354673158779e-05
leaf_weight=107 2060 2703 68 52 89 50 57 69 68 73 50 52 67 58
leaf_count=107 2060 2703 68 52 89 50 57 69 68 73 50 52 67 58
internal_value=-0.00113551 0.00218665 -0.0195349 -0.0201894 -0.0193066 -0.017238 -0.018588 -0.0148413 -0.021506 -0.0237736 -0.0205396 -0.0175 -0.0212857 -0.0241667
internal_weight=5623 4763 860 792 685 353 301 126 332 212 139 120 175 108
internal_count=5623 4763 860 792 685 353 301 126 332 212 139 120 175 108
is_linear=0
shrinkage=0.05


Tree=123
num_leaves=15
num_cat=0
split_feature=16 0 7 0 17 12 3 3 12 13 3 5 7 18
split_gain=136.953 6.67847 1.71636 1.58067 1.24665 1.48976 1.21695 1.40358 1.20634 1.68878 2.23584 1.06425 0.936524 0.547241
threshold=0.20980795610425237 11.950000000000001 985.1500000000002 3.8500000000000001 28.550000000000004 -0.49159999999999993 -0.4539904997395468 -0.29237170472273694 0.42180000000000006 -0.97314999999999985 -0.39073112848927366 1.1171711757301654 975.75000000000011 23.650000000000002
decision_type=2 2 2 2 2 2 2 2 2 2 2 2 2 2
left_child=2 -2 3 -1 5 -5 12 -8 9 10 -6 -10 13 -7
right_child=1 -3 -4 4 8 6 7 -9 11 -11 -12 -13 -14 -15
leaf_value=-2.169168693950084e-05 5.1054216428503452e-05 0.082747982302510084 -2.169168693950084e-05 -2.169168693950084e-05 -2.169168693950084e-05 -2.169168693950084e-05 -2.169168693950084e-05 -2.169168693950084e-05 -2.169168693950084e-05 -2.169168693950084e-05 -2.169168693950084e-05 -2.169168693950084e-05 -2.169168693950084e-05 -2.169168693950084e-05
leaf_weight=107 2060 2703 68 52 89 50 57 69 68 73 50 52 67 58
leaf_count=107 2060 2703 68 52 89 50 57 69 68 73 50 52 67 58
internal_value=-0.00117108 0.00214466 -0.0195349 -0.0201894 -0.0193066 -0.017238 -0.018588 -0.0148413 -0.021506 -0.0237736 -0.0205396 -0.0175 -0.0212857 -0.0241667
internal_weight=5623 4763 860 792 685 353 301 126 332 212 139 120 175 108
internal_count=5623 4763 860 792 685 353 301 126 332 212 139 120 175 108
is_linear=0
shrinkage=0.05


Tree=124
num_leaves=15
num_cat=0
split_feature=16 0 7 0 17 4 12 7 12 3 3 7 7 17
split_gain=136.026 6.22866 1.71636 1.58067 1.24665 1.86313 1.48976 1.31522 1.46145 1.21695 1.40358 0.936524 0.498626 0.411221
threshold=0.20980795610425237 11.950000000000001 985.1500000000002 3.8500000000000001 28.550000000000004 -0.92384435400961373 -0.49159999999999993 969.6500000000002 0.42180000000000006 -0.4539904997395468 -0.29237170472273694 975.75000000000011 972.45000000000016 3.6500000000000008
decision_type=2 2 2 2 2 2 2 2 2 2 2 2 2 2
left_child=2 13 3 -1 6 -6 -5 -7 -9 11 -11 12 -8 -2
right_child=1 -3 -4 4 5 7 9 8 -10 10 -12 -13 -14 -15
leaf_value=-2.0607102592525798e-05 -0.0014258294319288208 0.07861058318738473 -2.0607102592525798e-05 -2.0607102592525798e-05 -2.0607102592525798e-05 -2.0607102592525798e-05 -2.0607102592525798e-05 -2.0607102592525798e-05 -2.0607102592525798e-05 -2.0607102592525798e-05 -2.0607102592525798e-05 -2.0607102592525798e-05 -2.0607102592525798e-05 0.00051195063754104074
leaf_weight=107 68 2703 68 52 56 69 56 105 102 57 69 67 52 1992
leaf_count=107 68 2703 68 52 56 69 56 105 102 57 69 67 52 1992
internal_value=-0.00123333 0.00207117 -0.0195349 -0.0201894 -0.0193066 -0.021506 -0.017238 -0.0198188 -0.0218116 -0.018588 -0.0148413 -0.0212857 -0.0241667 1.86265e-10
internal_weight=5623 4763 860 792 685 332 353 276 207 301 126 175 108 2060
internal_count=5623 4763 860 792 685 332 353 276 207 301 126 175 108 2060
is_linear=0
shrinkage=0.05


Tree=125
num_leaves=15
num_cat=0
split_feature=16 0 7 0 17 12 3 3 12 13 3 5 7 0
split_gain=135.63 5.61708 1.71636 1.58067 1.24665 1.48976 1.21695 1.40358 1.20634 1.68878 2.23584 1.06425 0.936524 0.594477
threshold=0.20980795610425237 11.950000000000001 985.1500000000002 3.8500000000000001 28.550000000000004 -0.49159999999999993 -0.4539904997395468 -0.29237170472273694 0.42180000000000006 -0.97314999999999985 -0.39073112848927366 1.1171711757301654 975.75000000000011 6.2500000000000009
decision_type=2 2 2 2 2 2 2 2 2 2 2 2 2 2
left_child=2 13 3 -1 5 -5 12 -8 9 10 -6 -10 -7 -2
right_child=1 -3 -4 4 8 6 7 -9 11 -11 -12 -13 -14 -15
leaf_value=-1.9576747462899508e-05 0.00094068292870859698 0.074680054028015516 -1.9576747462899508e-05 -1.9576747462899508e-05 -1.9576747462899508e-05 -1.9576747462899508e-05 -1.9576747462899508e-05 -1.9576747462899508e-05 -1.9576747462899508e-05 -1.9576747462899508e-05 -1.9576747462899508e-05 -1.9576747462899508e-05 -1.9576747462899508e-05 -0.0014040343896764387
leaf_weight=107 260 2703 68 52 89 108 57 69 68 73 50 52 67 1800
leaf_count=107 260 2703 68 52 89 108 57 69 68 73 50 52 67 1800
internal_value=-0.00126 0.00203968 -0.0195349 -0.0201894 -0.0193066 -0.017238 -0.018588 -0.0148413 -0.021506 -0.0237736 -0.0205396 -0.0175 -0.0212857 7.28157e-05
internal_weight=5623 4763 860 792 685 353 301 126 332 212 139 120 175 2060
internal_count=5623 4763 860 792 685 353 301 126 332 212 139 120 175 2060
is_linear=0
shrinkage=0.05


Tree=126
num_leaves=15
num_cat=0
split_feature=1 1 1 7 17 4 12 7 12 4 4 7 9 3
split_gain=96.9621 37.2925 5.24131 3.07183 1.22763 1.89938 1.41894 1.27237 1.54286 1.07164 0.864429 0.70934 0.500087 0.408618
threshold=34.578625828302272 5.7285946981019729 16.495591962004479 985.1500000000002 28.550000000000004 -0.92384435400961373 -0.18594999999999998 969.6500000000002 0.42180000000000006 -0.88697705852364728 0.18222858652173771 975.75000000000011 -0.3793999999999999 0.46173103126271881
decision_type=2 2 2 2 2 2 2 2 2 2 2 2 2 2
left_child=1 3 -3 10 6 -6 -2 -7 -9 -8 -1 -11 -10 -4
right_child=4 2 13 -5 5 7 9 8 12 11 -12 -13 -14 -15
leaf_value=-1.8597910089754533e-05 -1.8597910089754533e-05 1.6411093638601175e-05 0.065791173431727398 -1.8597910089754533e-05 -1.8597910089754533e-05 -1.8597910089754533e-05 -1.8597910089754533e-05 -1.8597910089754533e-05 -1.8597910089754533e-05 -1.8597910089754533e-05 -1.8597910089754533e-05 -1.8597910089754533e-05 -1.8597910089754533e-05 0.092331702447443584
leaf_weight=76 92 2060 2133 64 56 69 71 105 55 98 55 69 50 570
leaf_count=76 92 2060 2133 64 56 69 71 105 55 98 55 69 50 570
internal_value=-0.00135782 0.00104679 0.00192421 -0.0203846 -0.0192857 -0.0214179 -0.0171212 -0.0197312 -0.0216667 -0.0191597 -0.024771 -0.0213473 -0.017381 0.00337218
internal_weight=5623 4958 4763 195 665 335 330 279 210 238 131 167 105 2703
internal_count=5623 4958 4763 195 665 335 330 279 210 238 131 167 105 2703
is_linear=0
shrinkage=0.05


Tree=127
num_leaves=15
num_cat=0
split_feature=16 0 7 0 17 4 12 7 12 3 3 7 18 3
split_gain=133.526 4.95571 1.71636 1.58067 1.24665 1.86313 1.48976 1.31522 1.46145 1.21695 1.40358 0.936524 0.547241 0.474649
threshold=0.20980795610425237 11.950000000000001 985.1500000000002 3.8500000000000001 28.550000000000004 -0.92384435400961373 -0.49159999999999993 969.6500000000002 0.42180000000000006 -0.4539904997395468 -0.29237170472273694 975.75000000000011 23.650000000000002 0.46173103126271881
decision_type=2 2 2 2 2 2 2 2 2 2 2 2 2 2
left_child=2 -2 3 -1 6 -6 -5 -7 -9 11 -11 12 -8 -3
right_child=1 13 -4 4 5 7 9 8 -10 10 -12 -13 -14 -15
leaf_value=-1.7668014585266809e-05 1.5590538956666082e-05 0.062501614760140711 -1.7668014585266809e-05 -1.7668014585266809e-05 -1.7668014585266809e-05 -1.7668014585266809e-05 -1.7668014585266809e-05 -1.7668014585266809e-05 -1.7668014585266809e-05 -1.7668014585266809e-05 -1.7668014585266809e-05 -1.7668014585266809e-05 -1.7668014585266809e-05 0.087715117325071645
leaf_weight=107 2060 2133 68 52 56 69 50 105 102 57 69 67 58 570
leaf_count=107 2060 2133 68 52 56 69 50 105 102 57 69 67 58 570
internal_value=-0.00140228 0.00187172 -0.0195349 -0.0201894 -0.0193066 -0.021506 -0.017238 -0.0198188 -0.0218116 -0.018588 -0.0148413 -0.0212857 -0.0241667 0.00327969
internal_weight=5623 4763 860 792 685 332 353 276 207 301 126 175 108 2703
internal_count=5623 4763 860 792 685 332 353 276 207 301 126 175 108 2703
is_linear=0
shrinkage=0.05


Tree=128
num_leaves=15
num_cat=0
split_feature=0 0 0 7 17 4 12 7 12 4 4 7 9 6
split_gain=96.0984 36.9773 4.733 3.07183 1.22763 1.89938 1.41894 1.27237 1.54286 1.07164 0.864429 0.70934 0.500087 0.469095
threshold=25.050000000000004 4.1500000000000012 11.950000000000001 985.1500000000002 28.550000000000004 -0.92384435400961373 -0.18594999999999998 969.6500000000002 0.42180000000000006 -0.88697705852364728 0.18222858652173771 975.75000000000011 -0.3793999999999999 17.850000000000005
decision_type=2 2 2 2 2 2 2 2 2 2 2 2 2 2
left_child=1 3 -3 10 6 -6 -2 -7 -9 -8 -1 -11 -10 -4
right_child=4 2 13 -5 5 7 9 8 12 11 -12 -13 -14 -15
leaf_value=-1.6784613856003467e-05 -1.6784613856003467e-05 1.4811012008829965e-05 0.095923125480614255 -1.6784613856003467e-05 -1.6784613856003467e-05 -1.6784613856003467e-05 -1.6784613856003467e-05 -1.6784613856003467e-05 -1.6784613856003467e-05 -1.6784613856003467e-05 -1.6784613856003467e-05 -1.6784613856003467e-05 -1.6784613856003467e-05 0.059375427764031485
leaf_weight=76 92 2060 321 64 56 69 71 105 55 98 55 69 50 2382
leaf_count=76 92 2060 321 64 56 69 71 105 55 98 55 69 50 2382
internal_value=-0.00143784 0.000956031 0.00182973 -0.0203846 -0.0192857 -0.0214179 -0.0171212 -0.0197312 -0.0216667 -0.0191597 -0.024771 -0.0213473 -0.017381 0.0032057
internal_weight=5623 4958 4763 195 665 335 330 279 210 238 131 167 105 2703
internal_count=5623 4958 4763 195 665 335 330 279 210 238 131 167 105 2703
is_linear=0
shrinkage=0.05


Tree=129
num_leaves=15
num_cat=0
split_feature=16 0 7 0 13 8 0 18 3 14 14 14 5 6
split_gain=132.09 4.35557 1.71636 1.58067 1.08955 2.00832 1.95334 1.08655 1.47627 1.04769 1.2634 1.09033 0.680549 0.455456
threshold=0.20980795610425237 11.950000000000001 985.1500000000002 3.8500000000000001 -0.86974999999999991 -0.60354999999999992 32.750000000000007 19.950000000000003 -0.55191596924288666 31.900000000000002 29.385000000000002 26.085000000000004 1.1136732000027216 17.850000000000005
decision_type=2 2 2 2 2 2 2 2 2 2 2 2 2 2
left_child=2 -2 3 -1 5 -5 7 -6 -9 10 11 -7 -13 -3
right_child=1 13 -4 4 6 9 -8 8 -10 -11 -12 12 -14 -15
leaf_value=-1.5945383163203295e-05 1.4070461408387874e-05 0.091126969206583752 -1.5945383163203295e-05 -1.5945383163203295e-05 -1.5945383163203295e-05 -1.5945383163203295e-05 -1.5945383163203295e-05 -1.5945383163203295e-05 -1.5945383163203295e-05 -1.5945383163203295e-05 -1.5945383163203295e-05 -1.5945383163203295e-05 -1.5945383163203295e-05 0.056406656375830269
leaf_weight=107 2060 321 68 90 79 73 56 100 54 65 57 61 50 2382
leaf_count=107 2060 321 68 90 79 73 56 100 54 65 57 61 50 2382
internal_value=-0.00150009 0.00175625 -0.0195349 -0.0201894 -0.0193066 -0.0210101 -0.0169723 -0.0149571 -0.0174026 -0.0229412 -0.0244606 -0.0224457 -0.0193243 0.00307621
internal_weight=5623 4763 860 792 685 396 289 233 154 306 241 184 111 2703
internal_count=5623 4763 860 792 685 396 289 233 154 306 241 184 111 2703
is_linear=0
shrinkage=0.05


Tree=130
num_leaves=15
num_cat=0
split_feature=16 0 7 0 17 4 12 7 12 3 3 7 7 0
split_gain=130.79 3.84358 1.71636 1.58067 1.24665 1.86313 1.48976 1.31522 1.46145 1.21695 1.40358 0.936524 0.498626 0.447359
threshold=0.20980795610425237 11.950000000000001 985.1500000000002 3.8500000000000001 28.550000000000004 -0.92384435400961373 -0.49159999999999993 969.6500000000002 0.42180000000000006 -0.4539904997395468 -0.29237170472273694 975.75000000000011 972.45000000000016 13.350000000000003
decision_type=2 2 2 2 2 2 2 2 2 2 2 2 2 2
left_child=2 -2 3 -1 6 -6 -5 -7 -9 11 -11 12 -8 -3
right_child=1 13 -4 4 5 7 9 8 -10 10 -12 -13 -14 -15
leaf_value=-1.5148114005043132e-05 1.3366938337965666e-05 0.071446165306966236 -1.5148114005043132e-05 -1.5148114005043132e-05 -1.5148114005043132e-05 -1.5148114005043132e-05 -1.5148114005043132e-05 -1.5148114005043132e-05 -1.5148114005043132e-05 -1.5148114005043132e-05 -1.5148114005043132e-05 -1.5148114005043132e-05 -1.5148114005043132e-05 0.054069417049521465
leaf_weight=107 2060 513 68 52 56 69 56 105 102 57 69 67 52 2190
leaf_count=107 2060 513 68 52 56 69 56 105 102 57 69 67 52 2190
internal_value=-0.00158901 0.00165127 -0.0195349 -0.0201894 -0.0193066 -0.021506 -0.017238 -0.0198188 -0.0218116 -0.018588 -0.0148413 -0.0212857 -0.0241667 0.00289123
internal_weight=5623 4763 860 792 685 332 353 276 207 301 126 175 108 2703
internal_count=5623 4763 860 792 685 332 353 276 207 301 126 175 108 2703
is_linear=0
shrinkage=0.05


Tree=131
num_leaves=15
num_cat=0
split_feature=16 0 7 0 17 4 12 7 12 3 3 7 18 17
split_gain=130.272 3.64775 1.71636 1.58067 1.24665 1.86313 1.48976 1.31522 1.46145 1.21695 1.40358 0.936524 0.547241 0.503179
threshold=0.20980795610425237 11.950000000000001 985.1500000000002 3.8500000000000001 28.550000000000004 -0.92384435400961373 -0.49159999999999993 969.6500000000002 0.42180000000000006 -0.4539904997395468 -0.29237170472273694 975.75000000000011 23.650000000000002 17.750000000000004
decision_type=2 2 2 2 2 2 2 2 2 2 2 2 2 2
left_child=2 -2 3 -1 6 -6 -5 -7 -9 11 -11 12 -8 -3
right_child=1 13 -4 4 5 7 9 8 -10 10 -12 -13 -14 -15
leaf_value=-1.4390708304790975e-05 1.2698591421086774e-05 0.057375508224121075 -1.4390708304790975e-05 -1.4390708304790975e-05 -1.4390708304790975e-05 -1.4390708304790975e-05 -1.4390708304790975e-05 -1.4390708304790975e-05 -1.4390708304790975e-05 -1.4390708304790975e-05 -1.4390708304790975e-05 -1.4390708304790975e-05 -1.4390708304790975e-05 0.048886660660954109
leaf_weight=107 2060 1649 68 52 56 69 50 105 102 57 69 67 58 1054
leaf_count=107 2060 1649 68 52 56 69 50 105 102 57 69 67 58 1054
internal_value=-0.00162458 0.00160928 -0.0195349 -0.0201894 -0.0193066 -0.021506 -0.017238 -0.0198188 -0.0218116 -0.018588 -0.0148413 -0.0212857 -0.0241667 0.00281724
internal_weight=5623 4763 860 792 685 332 353 276 207 301 126 175 108 2703
internal_count=5623 4763 860 792 685 332 353 276 207 301 126 175 108 2703
is_linear=0
shrinkage=0.05


Tree=132
num_leaves=15
num_cat=0
split_feature=16 0 7 0 17 4 12 7 12 3 3 7 18 17
split_gain=129.884 3.50497 1.71636 1.58067 1.24665 1.86313 1.48976 1.31522 1.46145 1.21695 1.40358 0.936524 0.547241 0.525804
threshold=0.20980795610425237 11.750000000000002 985.1500000000002 3.8500000000000001 28.550000000000004 -0.92384435400961373 -0.49159999999999993 969.6500000000002 0.42180000000000006 -0.4539904997395468 -0.29237170472273694 975.75000000000011 23.650000000000002 17.750000000000004
decision_type=2 2 2 2 2 2 2 2 2 2 2 2 2 2
left_child=2 -2 3 -1 6 -6 -5 -7 -9 11 -11 12 -8 -3
right_child=1 13 -4 4 5 7 9 8 -10 10 -12 -13 -14 -15
leaf_value=-1.3671172889551427e-05 -2.9929188066075938e-05 0.052685844233252711 -1.3671172889551427e-05 -1.3671172889551427e-05 -1.3671172889551427e-05 -1.3671172889551427e-05 -1.3671172889551427e-05 -1.3671172889551427e-05 -1.3671172889551427e-05 -1.3671172889551427e-05 -1.3671172889551427e-05 -1.3671172889551427e-05 -1.3671172889551427e-05 0.046501455436404632
leaf_weight=107 1950 1758 68 52 56 69 50 105 102 57 69 67 58 1055
leaf_count=107 1950 1758 68 52 56 69 50 105 102 57 69 67 58 1055
internal_value=-0.00165125 0.00157779 -0.0195349 -0.0201894 -0.0193066 -0.021506 -0.017238 -0.0198188 -0.0218116 -0.018588 -0.0148413 -0.0212857 -0.0241667 0.00270707
internal_weight=5623 4763 860 792 685 332 353 276 207 301 126 175 108 2813
internal_count=5623 4763 860 792 685 332 353 276 207 301 126 175 108 2813
is_linear=0
shrinkage=0.05


Tree=133
num_leaves=15
num_cat=0
split_feature=16 0 7 0 17 4 12 7 12 4 8 7 17 17
split_gain=128.982 3.1959 1.71636 1.58067 1.24665 1.86313 1.48976 1.31522 1.46145 1.05087 0.759073 0.692032 0.491079 0.53959
threshold=0.20980795610425237 11.750000000000002 985.1500000000002 3.8500000000000001 28.550000000000004 -0.92384435400961373 -0.49159999999999993 969.6500000000002 0.42180000000000006 -0.88697705852364728 -0.60354999999999992 975.75000000000011 17.750000000000004 19.150000000000002
decision_type=2 2 2 2 2 2 2 2 2 2 2 2 2 2
left_child=2 -2 3 -1 6 -6 -5 -7 -9 -8 -11 -12 -3 -14
right_child=1 12 -4 4 5 7 9 8 -10 10 11 -13 13 -15
leaf_value=-1.2987614245073856e-05 -2.8432728662772144e-05 0.05005155202159009 -1.2987614245073856e-05 -1.2987614245073856e-05 -1.2987614245073856e-05 -1.2987614245073856e-05 -1.2987614245073856e-05 -1.2987614245073856e-05 -1.2987614245073856e-05 -1.2987614245073856e-05 -1.2987614245073856e-05 -1.2987614245073856e-05 -0.0024735497591912292 0.052738282819924369
leaf_weight=107 1950 1758 68 52 56 69 96 105 102 64 89 52 219 836
leaf_count=107 1950 1758 68 52 56 69 96 105 102 64 89 52 219 836
internal_value=-0.0017135 0.0015043 -0.0195349 -0.0201894 -0.0193066 -0.021506 -0.017238 -0.0198188 -0.0218116 -0.018588 -0.0206098 -0.0226596 0.00258265 0.00172986
internal_weight=5623 4763 860 792 685 332 353 276 207 301 205 141 2813 1055
internal_count=5623 4763 860 792 685 332 353 276 207 301 205 141 2813 1055
is_linear=0
shrinkage=0.05


Tree=134
num_leaves=15
num_cat=0
split_feature=16 0 7 0 17 4 12 7 12 3 3 7 18 17
split_gain=128.982 3.1959 1.71636 1.58067 1.24665 1.86313 1.48976 1.31522 1.46145 1.21695 1.40358 0.936524 0.547241 0.438013
threshold=0.20980795610425237 11.750000000000002 985.1500000000002 3.8500000000000001 28.550000000000004 -0.92384435400961373 -0.49159999999999993 969.6500000000002 0.42180000000000006 -0.4539904997395468 -0.29237170472273694 975.75000000000011 23.650000000000002 17.750000000000004
decision_type=2 2 2 2 2 2 2 2 2 2 2 2 2 2
left_child=2 -2 3 -1 6 -6 -5 -7 -9 11 -11 12 -8 -3
right_child=1 13 -4 4 5 7 9 8 -10 10 -12 -13 -14 -15
leaf_value=-1.2338233532820163e-05 -2.7011092229633533e-05 0.047548974420510808 -1.2338233532820163e-05 -1.2338233532820163e-05 -1.2338233532820163e-05 -1.2338233532820163e-05 -1.2338233532820163e-05 -1.2338233532820163e-05 -1.2338233532820163e-05 -1.2338233532820163e-05 -1.2338233532820163e-05 -1.2338233532820163e-05 -1.2338233532820163e-05 0.042711890711836425
leaf_weight=107 1950 1758 68 52 56 69 50 105 102 57 69 67 58 1055
leaf_count=107 1950 1758 68 52 56 69 50 105 102 57 69 67 58 1055
internal_value=-0.0017135 0.0015043 -0.0195349 -0.0201894 -0.0193066 -0.021506 -0.017238 -0.0198188 -0.0218116 -0.018588 -0.0148413 -0.0212857 -0.0241667 0.00258265
internal_weight=5623 4763 860 792 685 332 353 276 207 301 126 175 108 2813
internal_count=5623 4763 860 792 685 332 353 276 207 301 126 175 108 2813
is_linear=0
shrinkage=0.05


Tree=135
num_leaves=15
num_cat=0
split_feature=16 1 7 1 17 12 3 3 12 13 3 5 7 18
split_gain=128.083 2.90479 1.71636 1.58067 1.24665 1.48976 1.21695 1.40358 1.20634 1.68878 2.23584 1.06425 0.936524 0.547241
threshold=0.20980795610425237 15.805399829703033 985.1500000000002 5.3144794187211071 28.550000000000004 -0.49159999999999993 -0.4539904997395468 -0.29237170472273694 0.42180000000000006 -0.97314999999999985 -0.39073112848927366 1.1171711757301654 975.75000000000011 23.650000000000002
decision_type=2 2 2 2 2 2 2 2 2 2 2 2 2 2
left_child=2 -2 3 -1 5 -5 12 -8 9 10 -6 -10 13 -7
right_child=1 -3 -4 4 8 6 7 -9 11 -11 -12 -13 -14 -15
leaf_value=-1.1721321856179155e-05 -0.00011249715083977961 0.041032425967834407 -1.1721321856179155e-05 -1.1721321856179155e-05 -1.1721321856179155e-05 -1.1721321856179155e-05 -1.1721321856179155e-05 -1.1721321856179155e-05 -1.1721321856179155e-05 -1.1721321856179155e-05 -1.1721321856179155e-05 -1.1721321856179155e-05 -1.1721321856179155e-05 -1.1721321856179155e-05
leaf_weight=107 1832 2931 68 52 89 50 57 69 68 73 50 52 67 58
leaf_count=107 1832 2931 68 52 89 50 57 69 68 73 50 52 67 58
internal_value=-0.00177574 0.00143082 -0.0195349 -0.0201894 -0.0193066 -0.017238 -0.018588 -0.0148413 -0.021506 -0.0237736 -0.0205396 -0.0175 -0.0212857 -0.0241667
internal_weight=5623 4763 860 792 685 353 301 126 332 212 139 120 175 108
internal_count=5623 4763 860 792 685 353 301 126 332 212 139 120 175 108
is_linear=0
shrinkage=0.05


Tree=136
num_leaves=15
num_cat=0
split_feature=16 0 5 5 8 0 15 9 17 12 15 18 9 0
split_gain=127.442 2.71283 1.55205 2.03333 1.95283 1.46905 1.59494 1.41227 1.11302 0.833263 0.830744 0.925521 0.822913 0.4743
threshold=0.20980795610425237 11.450000000000001 1.1281336744899015 1.118509522668149 0.60355000000000014 4.0500000000000007 23.560000000000006 0.78655000000000008 27.550000000000004 0.68435000000000012 28.185000000000006 31.050000000000004 0.78655000000000008 6.4500000000000011
decision_type=2 2 2 2 2 2 2 2 2 2 2 2 2 2
left_child=2 13 3 4 5 -1 12 10 -5 -4 -8 -12 -7 -2
right_child=1 -3 9 8 -6 6 7 -9 -10 -11 11 -13 -14 -15
leaf_value=-1.1135255763370197e-05 0.00089919486320366488 0.03898080466944303 -1.1135255763370197e-05 -1.1135255763370197e-05 -1.1135255763370197e-05 -1.1135255763370197e-05 -1.1135255763370197e-05 -1.1135255763370197e-05 -1.1135255763370197e-05 -1.1135255763370197e-05 -1.1135255763370197e-05 -1.1135255763370197e-05 -1.1135255763370197e-05 -0.0034014033932693866
leaf_weight=75 290 2931 98 57 79 54 80 78 67 94 54 71 53 1542
leaf_count=75 290 2931 98 57 79 54 80 78 67 94 54 71 53 1542
internal_value=-0.0018202 0.00137833 -0.0195349 -0.0206737 -0.0193566 -0.0205914 -0.019359 -0.0213251 -0.0264516 -0.0155729 -0.0191463 -0.0166 -0.0141589 -0.000131004
internal_weight=5623 4763 860 668 544 465 390 283 124 192 205 125 107 1832
internal_count=5623 4763 860 668 544 465 390 283 124 192 205 125 107 1832
is_linear=0
shrinkage=0.05


Tree=137
num_leaves=15
num_cat=0
split_feature=16 0 7 0 17 4 12 7 12 3 3 7 18 5
split_gain=126.931 2.73445 1.71636 1.58067 1.24665 1.86313 1.48976 1.31522 1.46145 1.21695 1.40358 0.936524 0.547241 0.524288
threshold=0.20980795610425237 11.750000000000002 985.1500000000002 3.8500000000000001 28.550000000000004 -0.92384435400961373 -0.49159999999999993 969.6500000000002 0.42180000000000006 -0.4539904997395468 -0.29237170472273694 975.75000000000011 23.650000000000002 1.1894230878111614
decision_type=2 2 2 2 2 2 2 2 2 2 2 2 2 2
left_child=2 -2 3 -1 6 -6 -5 -7 -9 11 -11 12 -8 -3
right_child=1 13 -4 4 5 7 9 8 -10 10 -12 -13 -14 -15
leaf_value=-1.0578492975201687e-05 -4.2805092642232028e-05 0.036464395478926541 -1.0578492975201687e-05 -1.0578492975201687e-05 -1.0578492975201687e-05 -1.0578492975201687e-05 -1.0578492975201687e-05 -1.0578492975201687e-05 -1.0578492975201687e-05 -1.0578492975201687e-05 -1.0578492975201687e-05 -1.0578492975201687e-05 -1.0578492975201687e-05 0.061511971849355973
leaf_weight=107 1950 2517 68 52 56 69 50 105 102 57 69 67 58 296
leaf_count=107 1950 2517 68 52 56 69 50 105 102 57 69 67 58 296
internal_value=-0.00185577 0.00133634 -0.0195349 -0.0201894 -0.0193066 -0.021506 -0.017238 -0.0198188 -0.0218116 -0.018588 -0.0148413 -0.0212857 -0.0241667 0.00233381
internal_weight=5623 4763 860 792 685 332 353 276 207 301 126 175 108 2813
internal_count=5623 4763 860 792 685 332 353 276 207 301 126 175 108 2813
is_linear=0
shrinkage=0.05


Tree=138
num_leaves=15
num_cat=0
split_feature=16 0 7 0 4 3 4 3 13 18 18 6 15 14
split_gain=126.548 2.61607 1.71636 1.58067 1.11102 1.13929 1.52005 1.184 0.861946 1.51634 0.88422 0.771742 0.718596 0.563623
threshold=0.20980795610425237 11.750000000000002 985.1500000000002 3.8500000000000001 -0.95368063612909437 -0.4539904997395468 -0.90992662233962529 -0.74892720285008318 -0.85669999999999991 22.350000000000005 26.350000000000005 33.650000000000013 30.740000000000006 28.085000000000004
decision_type=2 2 2 2 2 2 2 2 2 2 2 2 2 2
left_child=2 -2 3 -1 -5 7 -7 11 9 -9 -11 -6 -12 -10
right_child=1 -3 -4 4 5 6 -8 8 13 10 12 -13 -14 -15
leaf_value=-1.0049568326441602e-05 -4.0664838010210529e-05 0.036912099705218769 -1.0049568326441602e-05 -1.0049568326441602e-05 -1.0049568326441602e-05 -1.0049568326441602e-05 -1.0049568326441602e-05 -1.0049568326441602e-05 -1.0049568326441602e-05 -1.0049568326441602e-05 -1.0049568326441602e-05 -1.0049568326441602e-05 -1.0049568326441602e-05 -1.0049568326441602e-05
leaf_weight=107 1950 2813 68 73 74 92 77 50 50 51 50 53 64 51
leaf_count=107 1950 2813 68 73 74 92 77 50 50 51 50 53 64 51
internal_value=-0.00188245 0.00130485 -0.0195349 -0.0201894 -0.0193066 -0.0186111 -0.0151183 -0.0199436 -0.0215823 -0.0233721 -0.0210606 -0.0158661 -0.0235088 -0.0177723
internal_weight=5623 4763 860 792 685 612 169 443 316 215 165 127 114 101
internal_count=5623 4763 860 792 685 612 169 443 316 215 165 127 114 101
is_linear=0
shrinkage=0.05


Tree=139
num_leaves=15
num_cat=0
split_feature=16 1 7 1 17 4 12 7 12 3 3 7 5 18
split_gain=126.293 2.5386 1.71636 1.58067 1.24665 1.86313 1.48976 1.31522 1.46145 1.21695 1.40358 0.936524 0.57215 0.547241
threshold=0.20980795610425237 16.2195151090839 985.1500000000002 5.3144794187211071 28.550000000000004 -0.92384435400961373 -0.49159999999999993 969.6500000000002 0.42180000000000006 -0.4539904997395468 -0.29237170472273694 975.75000000000011 1.1894230878111614 23.650000000000002
decision_type=2 2 2 2 2 2 2 2 2 2 2 2 2 2
left_child=2 -2 3 -1 6 -6 -5 -7 -9 11 -11 13 -3 -8
right_child=1 12 -4 4 5 7 9 8 -10 10 -12 -13 -14 -15
leaf_value=-9.5470899101195211e-06 -3.8631596109678536e-05 0.032795570719719079 -9.5470899101195211e-06 -9.5470899101195211e-06 -9.5470899101195211e-06 -9.5470899101195211e-06 -9.5470899101195211e-06 -9.5470899101195211e-06 -9.5470899101195211e-06 -9.5470899101195211e-06 -9.5470899101195211e-06 -9.5470899101195211e-06 0.056590768271627213 -9.5470899101195211e-06
leaf_weight=107 1950 2517 68 52 56 69 50 105 102 57 69 67 296 58
leaf_count=107 1950 2517 68 52 56 69 50 105 102 57 69 67 296 58
internal_value=-0.00190023 0.00128385 -0.0195349 -0.0201894 -0.0193066 -0.021506 -0.017238 -0.0198188 -0.0218116 -0.018588 -0.0148413 -0.0212857 0.00224493 -0.0241667
internal_weight=5623 4763 860 792 685 332 353 276 207 301 126 175 2813 108
internal_count=5623 4763 860 792 685 332 353 276 207 301 126 175 2813 108
is_linear=0
shrinkage=0.05


Tree=140
num_leaves=15
num_cat=0
split_feature=16 1 7 1 17 4 10 7 10 15 3 3 7 5
split_gain=125.403 2.27663 1.71636 1.58067 1.24665 1.86313 1.35278 1.31522 1.30047 2.19472 1.16397 1.40358 0.874174 0.642669
threshold=0.20980795610425237 16.2195151090839 985.1500000000002 5.3144794187211071 28.550000000000004 -0.92384435400961373 -0.68299999999999994 969.6500000000002 -1.0000000180025095e-35 29.655000000000005 -0.4539904997395468 -0.29237170472273694 975.75000000000011 1.1894230878111614
decision_type=2 2 2 2 2 2 2 2 2 2 2 2 2 2
left_child=2 -2 3 -1 6 -6 -5 -7 -9 -10 12 -12 -8 -3
right_child=1 13 -4 4 5 7 10 8 9 -11 11 -13 -14 -15
leaf_value=-9.0697354146135454e-06 -3.6700016304077762e-05 0.031155792183733405 -9.0697354146135454e-06 -9.0697354146135454e-06 -9.0697354146135454e-06 -9.0697354146135454e-06 -9.0697354146135454e-06 -9.0697354146135454e-06 -9.0697354146135454e-06 -9.0697354146135454e-06 -9.0697354146135454e-06 -9.0697354146135454e-06 -9.0697354146135454e-06 0.053761229858045573
leaf_weight=107 1950 2517 68 51 56 69 109 52 73 82 57 69 67 296
leaf_count=107 1950 2517 68 51 56 69 109 52 73 82 57 69 67 296
internal_value=-0.00196248 0.00121037 -0.0195349 -0.0201894 -0.0193066 -0.021506 -0.017238 -0.0198188 -0.0218116 -0.0195161 -0.0185099 -0.0148413 -0.0211364 0.00212051
internal_weight=5623 4763 860 792 685 332 353 276 207 155 302 126 176 2813
internal_count=5623 4763 860 792 685 332 353 276 207 155 302 126 176 2813
is_linear=0
shrinkage=0.05


Tree=141
num_leaves=15
num_cat=0
split_feature=16 0 7 0 4 3 4 3 13 18 18 15 5 4
split_gain=124.769 2.11331 1.71636 1.58067 1.11102 1.13929 1.52005 1.184 0.861946 1.51634 0.88422 0.718596 0.640965 0.60189
threshold=0.20980795610425237 11.950000000000001 985.1500000000002 3.8500000000000001 -0.95368063612909437 -0.4539904997395468 -0.90992662233962529 -0.74892720285008318 -0.85669999999999991 22.350000000000005 26.350000000000005 30.740000000000006 1.1894230878111614 -0.33379414889141251
decision_type=2 2 2 2 2 2 2 2 2 2 2 2 2 2
left_child=2 -2 3 -1 -5 7 -7 13 9 -9 -11 -12 -3 -6
right_child=1 12 -4 4 5 6 -8 8 -10 10 11 -13 -14 -15
leaf_value=-8.6162486438828677e-06 -1.5062496166931767e-05 0.029869253961265316 -8.6162486438828677e-06 -8.6162486438828677e-06 -8.6162486438828677e-06 -8.6162486438828677e-06 -8.6162486438828677e-06 -8.6162486438828677e-06 -8.6162486438828677e-06 -8.6162486438828677e-06 -8.6162486438828677e-06 -8.6162486438828677e-06 0.060328143402655722 -8.6162486438828677e-06
leaf_weight=107 2060 2441 68 73 75 92 77 50 101 51 50 64 262 52
leaf_count=107 2060 2441 68 73 75 92 77 50 101 51 50 64 262 52
internal_value=-0.00200694 0.00115788 -0.0195349 -0.0201894 -0.0193066 -0.0186111 -0.0151183 -0.0199436 -0.0215823 -0.0233721 -0.0210606 -0.0235088 0.00207732 -0.0158661
internal_weight=5623 4763 860 792 685 612 169 443 316 215 165 114 2703 127
internal_count=5623 4763 860 792 685 612 169 443 316 215 165 114 2703 127
is_linear=0
shrinkage=0.05


Tree=142
num_leaves=15
num_cat=0
split_feature=0 0 7 0 17 4 12 7 12 4 4 7 5 9
split_gain=89.6973 34.6391 3.07183 1.96876 1.22763 1.89938 1.41894 1.27237 1.54286 1.07164 0.864429 0.70934 0.578813 0.500087
threshold=25.050000000000004 4.1500000000000012 985.1500000000002 11.950000000000001 28.550000000000004 -0.92384435400961373 -0.18594999999999998 969.6500000000002 0.42180000000000006 -0.88697705852364728 0.18222858652173771 975.75000000000011 1.1894230878111614 -0.3793999999999999
decision_type=2 2 2 2 2 2 2 2 2 2 2 2 2 2
left_child=1 2 10 -3 6 -6 -2 -7 -9 -8 -1 -11 -5 -10
right_child=4 3 -4 12 5 7 9 8 13 11 -12 -13 -14 -15
leaf_value=-8.1854362116887256e-06 -8.1854362116887256e-06 -1.4309371358592545e-05 -8.1854362116887256e-06 0.028375791263202017 -8.1854362116887256e-06 -8.1854362116887256e-06 -8.1854362116887256e-06 -8.1854362116887256e-06 -8.1854362116887256e-06 -8.1854362116887256e-06 -8.1854362116887256e-06 -8.1854362116887256e-06 0.057311736232522871 -8.1854362116887256e-06
leaf_weight=76 92 2060 64 2441 56 69 71 105 55 98 55 69 262 50
leaf_count=76 92 2060 64 2441 56 69 71 105 55 98 55 69 262 50
internal_value=-0.0020425 0.00027027 -0.0203846 0.00111589 -0.0192857 -0.0214179 -0.0171212 -0.0197312 -0.0216667 -0.0191597 -0.024771 -0.0213473 0.00200333 -0.017381
internal_weight=5623 4958 195 4763 665 335 330 279 210 238 131 167 2703 105
internal_count=5623 4958 195 4763 665 335 330 279 210 238 131 167 2703 105
is_linear=0
shrinkage=0.05


Tree=143
num_leaves=15
num_cat=0
split_feature=16 1 7 1 17 4 12 7 12 3 3 7 7 6
split_gain=124.137 1.93343 1.71636 1.58067 1.24665 1.86313 1.48976 1.31522 1.46145 1.21695 1.40358 0.936524 0.498626 0.494541
threshold=0.20980795610425237 16.495591962004479 985.1500000000002 5.3144794187211071 28.550000000000004 -0.92384435400961373 -0.49159999999999993 969.6500000000002 0.42180000000000006 -0.4539904997395468 -0.29237170472273694 975.75000000000011 972.45000000000016 17.650000000000002
decision_type=2 2 2 2 2 2 2 2 2 2 2 2 2 2
left_child=2 -2 3 -1 6 -6 -5 -7 -9 11 -11 12 -8 -3
right_child=1 13 -4 4 5 7 9 8 -10 10 -12 -13 -14 -15
leaf_value=-7.7761644011042885e-06 -1.3593902790648077e-05 0.054101501355697648 -7.7761644011042885e-06 -7.7761644011042885e-06 -7.7761644011042885e-06 -7.7761644011042885e-06 -7.7761644011042885e-06 -7.7761644011042885e-06 -7.7761644011042885e-06 -7.7761644011042885e-06 -7.7761644011042885e-06 -7.7761644011042885e-06 -7.7761644011042885e-06 0.026803193590075127
leaf_weight=107 2060 309 68 52 56 69 56 105 102 57 69 67 52 2394
leaf_count=107 2060 309 68 52 56 69 56 105 102 57 69 67 52 2394
internal_value=-0.0020514 0.0011054 -0.0195349 -0.0201894 -0.0193066 -0.021506 -0.017238 -0.0198188 -0.0218116 -0.018588 -0.0148413 -0.0212857 -0.0241667 0.00198483
internal_weight=5623 4763 860 792 685 332 353 276 207 301 126 175 108 2703
internal_count=5623 4763 860 792 685 332 353 276 207 301 126 175 108 2703
is_linear=0
shrinkage=0.05


Tree=144
num_leaves=15
num_cat=0
split_feature=16 0 7 0 17 4 10 7 10 15 3 3 7 7
split_gain=123.885 1.86371 1.71636 1.58067 1.24665 1.86313 1.35278 1.31522 1.30047 2.19472 1.16397 1.40358 0.874174 0.572311
threshold=0.20980795610425237 11.950000000000001 985.1500000000002 3.8500000000000001 28.550000000000004 -0.92384435400961373 -0.68299999999999994 969.6500000000002 -1.0000000180025095e-35 29.655000000000005 -0.4539904997395468 -0.29237170472273694 975.75000000000011 972.45000000000016
decision_type=2 2 2 2 2 2 2 2 2 2 2 2 2 2
left_child=2 -2 3 -1 6 -6 -5 -7 -9 -10 12 -12 13 -8
right_child=1 -3 -4 4 5 7 10 8 9 -11 11 -13 -14 -15
leaf_value=-7.3873561810490754e-06 -1.2914207651100948e-05 0.028020051842803109 -7.3873561810490754e-06 -7.3873561810490754e-06 -7.3873561810490754e-06 -7.3873561810490754e-06 -7.3873561810490754e-06 -7.3873561810490754e-06 -7.3873561810490754e-06 -7.3873561810490754e-06 -7.3873561810490754e-06 -7.3873561810490754e-06 -7.3873561810490754e-06 -7.3873561810490754e-06
leaf_weight=107 2060 2703 68 51 56 69 57 52 73 82 57 69 67 52
leaf_count=107 2060 2703 68 51 56 69 57 52 73 82 57 69 67 52
internal_value=-0.00206918 0.0010844 -0.0195349 -0.0201894 -0.0193066 -0.021506 -0.017238 -0.0198188 -0.0218116 -0.0195161 -0.0185099 -0.0148413 -0.0211364 -0.0238991
internal_weight=5623 4763 860 792 685 332 353 276 207 155 302 126 176 109
internal_count=5623 4763 860 792 685 332 353 276 207 155 302 126 176 109
is_linear=0
shrinkage=0.05


Tree=145
num_leaves=15
num_cat=0
split_feature=16 7 0 0 17 4 12 7 12 3 3 7 18 5
split_gain=122.878 1.71636 1.60724 1.58067 1.24665 1.86313 1.48976 1.31522 1.46145 1.21695 1.40358 0.936524 0.547241 0.424777
threshold=0.20980795610425237 985.1500000000002 11.65 3.8500000000000001 28.550000000000004 -0.92384435400961373 -0.49159999999999993 969.6500000000002 0.42180000000000006 -0.4539904997395468 -0.29237170472273694 975.75000000000011 23.650000000000002 1.1894230878111614
decision_type=2 2 2 2 2 2 2 2 2 2 2 2 2 2
left_child=1 3 -2 -1 6 -6 -5 -7 -9 11 -11 12 -8 -4
right_child=2 -3 13 4 5 7 9 8 -10 10 -12 -13 -14 -15
leaf_value=-7.0179883719966222e-06 -3.4127362077183076e-05 -7.0179883719966222e-06 0.023991992719152935 -7.0179883719966222e-06 -7.0179883719966222e-06 -7.0179883719966222e-06 -7.0179883719966222e-06 -7.0179883719966222e-06 -7.0179883719966222e-06 -7.0179883719966222e-06 -7.0179883719966222e-06 -7.0179883719966222e-06 -7.0179883719966222e-06 0.040741926511334729
leaf_weight=107 1914 68 2545 52 56 69 50 105 102 57 69 67 58 304
leaf_count=107 1914 68 2545 52 56 69 50 105 102 57 69 67 58 304
internal_value=-0.00214032 -0.0195349 0.00100042 -0.0201894 -0.0193066 -0.021506 -0.017238 -0.0198188 -0.0218116 -0.018588 -0.0148413 -0.0212857 -0.0241667 0.00175325
internal_weight=5623 860 4763 792 685 332 353 276 207 301 126 175 108 2849
internal_count=5623 860 4763 792 685 332 353 276 207 301 126 175 108 2849
is_linear=0
shrinkage=0.05


Tree=146
num_leaves=15
num_cat=0
split_feature=16 7 0 0 17 4 12 7 12 3 3 7 5 7
split_gain=122.25 1.71636 1.58067 1.51286 1.24665 1.86313 1.48976 1.31522 1.46145 1.21695 1.40358 0.936524 0.526056 0.498626
threshold=0.20980795610425237 985.1500000000002 3.8500000000000001 11.950000000000001 28.550000000000004 -0.92384435400961373 -0.49159999999999993 969.6500000000002 0.42180000000000006 -0.4539904997395468 -0.29237170472273694 975.75000000000011 1.1894230878111614 972.45000000000016
decision_type=2 2 2 2 2 2 2 2 2 2 2 2 2 2
left_child=1 2 -1 -2 6 -6 -4 -7 -9 11 -11 13 -5 -8
right_child=3 -3 4 12 5 7 9 8 -10 10 -12 -13 -14 -15
leaf_value=-6.6670889533967919e-06 -2.2518046826810174e-05 -6.6670889533967919e-06 -6.6670889533967919e-06 0.023016239792441065 -6.6670889533967919e-06 -6.6670889533967919e-06 -6.6670889533967919e-06 -6.6670889533967919e-06 -6.6670889533967919e-06 -6.6670889533967919e-06 -6.6670889533967919e-06 -6.6670889533967919e-06 0.048302975435405085 -6.6670889533967919e-06
leaf_weight=107 2060 68 52 2441 56 69 56 105 102 57 69 67 262 52
leaf_count=107 2060 68 52 2441 56 69 56 105 102 57 69 67 262 52
internal_value=-0.00218478 -0.0195349 -0.0201894 0.000947932 -0.0193066 -0.021506 -0.017238 -0.0198188 -0.0218116 -0.018588 -0.0148413 -0.0212857 0.00172586 -0.0241667
internal_weight=5623 860 792 4763 685 332 353 276 207 301 126 175 2703 108
internal_count=5623 860 792 4763 685 332 353 276 207 301 126 175 2703 108
is_linear=0
shrinkage=0.05


Tree=147
num_leaves=15
num_cat=0
split_feature=16 7 0 0 17 4 12 7 12 4 8 7 5 6
split_gain=122.125 1.71636 1.58067 1.4819 1.24665 1.86313 1.48976 1.31522 1.46145 1.05087 0.759073 0.692032 0.535237 0.553917
threshold=0.20980795610425237 985.1500000000002 3.8500000000000001 11.950000000000001 28.550000000000004 -0.92384435400961373 -0.49159999999999993 969.6500000000002 0.42180000000000006 -0.88697705852364728 -0.60354999999999992 975.75000000000011 1.1894230878111614 25.850000000000005
decision_type=2 2 2 2 2 2 2 2 2 2 2 2 2 2
left_child=1 2 -1 -2 6 -6 -4 -7 -9 -8 -11 -12 13 -5
right_child=3 -3 4 12 5 7 9 8 -10 10 11 -13 -14 -15
leaf_value=-6.3337345057269526e-06 -2.139214448547559e-05 -6.3337345057269526e-06 -6.3337345057269526e-06 0.0015273691125834432 -6.3337345057269526e-06 -6.3337345057269526e-06 -6.3337345057269526e-06 -6.3337345057269526e-06 -6.3337345057269526e-06 -6.3337345057269526e-06 -6.3337345057269526e-06 -6.3337345057269526e-06 0.045887826663634834 0.026382637006944567
leaf_weight=107 2060 68 52 561 56 69 96 105 102 64 89 52 262 1880
leaf_count=107 2060 68 52 561 56 69 96 105 102 64 89 52 262 1880
internal_value=-0.00219367 -0.0195349 -0.0201894 0.000937435 -0.0193066 -0.021506 -0.017238 -0.0198188 -0.0218116 -0.018588 -0.0206098 -0.0226596 0.00170736 0.00147685
internal_weight=5623 860 792 4763 685 332 353 276 207 301 205 141 2703 2441
internal_count=5623 860 792 4763 685 332 353 276 207 301 205 141 2703 2441
is_linear=0
shrinkage=0.05


Tree=148
num_leaves=15
num_cat=0
split_feature=16 7 1 1 17 4 12 7 12 3 3 7 18 6
split_gain=121.75 1.71636 1.58067 1.39095 1.24665 1.86313 1.48976 1.31522 1.46145 1.21695 1.40358 0.936524 0.547241 0.456823
threshold=0.20980795610425237 985.1500000000002 5.3144794187211071 16.495591962004479 28.550000000000004 -0.92384435400961373 -0.49159999999999993 969.6500000000002 0.42180000000000006 -0.4539904997395468 -0.29237170472273694 975.75000000000011 23.650000000000002 17.450000000000003
decision_type=2 2 2 2 2 2 2 2 2 2 2 2 2 2
left_child=1 2 -1 -2 6 -6 -4 -7 -9 11 -11 12 -8 -5
right_child=3 -3 4 13 5 7 9 8 -10 10 -12 -13 -14 -15
leaf_value=-6.0170477804406048e-06 -2.0322537261211177e-05 -6.0170477804406048e-06 -6.0170477804406048e-06 0.04324878726175195 -6.0170477804406048e-06 -6.0170477804406048e-06 -6.0170477804406048e-06 -6.0170477804406048e-06 -6.0170477804406048e-06 -6.0170477804406048e-06 -6.0170477804406048e-06 -6.0170477804406048e-06 -6.0170477804406048e-06 0.020667557571246276
leaf_weight=107 2060 68 52 299 56 69 50 105 102 57 69 67 58 2404
leaf_count=107 2060 68 52 299 56 69 50 105 102 57 69 67 58 2404
internal_value=-0.00222034 -0.0195349 -0.0201894 0.000905942 -0.0193066 -0.021506 -0.017238 -0.0198188 -0.0218116 -0.018588 -0.0148413 -0.0212857 -0.0241667 0.00165187
internal_weight=5623 860 792 4763 685 332 353 276 207 301 126 175 108 2703
internal_count=5623 860 792 4763 685 332 353 276 207 301 126 175 108 2703
is_linear=0
shrinkage=0.05


Tree=149
num_leaves=15
num_cat=0
split_feature=16 7 0 17 17 4 12 7 12 3 3 7 5 6
split_gain=121.625 1.71636 1.58067 1.4097 1.24665 1.86313 1.48976 1.31522 1.46145 1.21695 1.40358 0.936524 0.772892 0.833194
threshold=0.20980795610425237 985.1500000000002 3.8500000000000001 12.050000000000002 28.550000000000004 -0.92384435400961373 -0.49159999999999993 969.6500000000002 0.42180000000000006 -0.4539904997395468 -0.29237170472273694 975.75000000000011 1.1857229289947273 26.350000000000005
decision_type=2 2 2 2 2 2 2 2 2 2 2 2 2 2
left_child=1 2 -1 -2 6 -6 -4 -7 -9 11 -11 -8 13 -5
right_child=3 -3 4 12 5 7 9 8 -10 10 -12 -13 -14 -15
leaf_value=-5.7161953914185744e-06 -1.8472634700180748e-05 -5.7161953914185744e-06 -5.7161953914185744e-06 -0.003300855262075934 -5.7161953914185744e-06 -5.7161953914185744e-06 -5.7161953914185744e-06 -5.7161953914185744e-06 -5.7161953914185744e-06 -5.7161953914185744e-06 -5.7161953914185744e-06 -5.7161953914185744e-06 0.039507186730984703 0.020756319788098665
leaf_weight=107 2111 68 52 589 56 69 108 105 102 57 69 67 285 1778
leaf_count=107 2111 68 52 589 56 69 108 105 102 57 69 67 285 1778
internal_value=-0.00222924 -0.0195349 -0.0201894 0.000895444 -0.0193066 -0.021506 -0.017238 -0.0198188 -0.0218116 -0.018588 -0.0148413 -0.0212857 0.0016629 0.00136671
internal_weight=5623 860 792 4763 685 332 353 276 207 301 126 175 2652 2367
internal_count=5623 860 792 4763 685 332 353 276 207 301 126 175 2652 2367
is_linear=0
shrinkage=0.05


Tree=150
num_leaves=15
num_cat=0
split_feature=16 7 1 1 17 4 12 7 12 3 3 7 18 17
split_gain=121.125 1.71636 1.58067 1.37976 1.24665 1.86313 1.48976 1.31522 1.46145 1.21695 1.40358 0.936524 0.547241 0.497202
threshold=0.20980795610425237 985.1500000000002 5.3144794187211071 16.495591962004479 28.550000000000004 -0.92384435400961373 -0.49159999999999993 969.6500000000002 0.42180000000000006 -0.4539904997395468 -0.29237170472273694 975.75000000000011 23.650000000000002 11.15
decision_type=2 2 2 2 2 2 2 2 2 2 2 2 2 2
left_child=1 2 -1 -2 6 -6 -4 -7 -9 11 -11 12 -8 -5
right_child=3 -3 4 13 5 7 9 8 -10 10 -12 -13 -14 -15
leaf_value=-5.4303856218476462e-06 -3.1224429879961087e-05 -5.4303856218476462e-06 -5.4303856218476462e-06 -0.0061558481596009802 -5.4303856218476462e-06 -5.4303856218476462e-06 -5.4303856218476462e-06 -5.4303856218476462e-06 -5.4303856218476462e-06 -5.4303856218476462e-06 -5.4303856218476462e-06 -5.4303856218476462e-06 -5.4303856218476462e-06 0.024164043905171243
leaf_weight=107 2060 68 52 220 56 69 50 105 102 57 69 67 58 2483
leaf_count=107 2060 68 52 220 56 69 50 105 102 57 69 67 58 2483
internal_value=-0.00226481 -0.0195349 -0.0201894 0.000853454 -0.0193066 -0.021506 -0.017238 -0.0198188 -0.0218116 -0.018588 -0.0148413 -0.0212857 -0.0241667 0.00159637
internal_weight=5623 860 792 4763 685 332 353 276 207 301 126 175 108 2703
internal_count=5623 860 792 4763 685 332 353 276 207 301 126 175 108 2703
is_linear=0
shrinkage=0.05


Tree=151
num_leaves=15
num_cat=0
split_feature=16 7 0 17 4 12 7 12 0 4 8 7 5 6
split_gain=120.751 1.71636 1.58067 1.24665 1.86313 1.48976 1.31522 1.46145 1.22642 1.05087 0.759073 0.692032 0.53232 0.549028
threshold=0.20980795610425237 985.1500000000002 3.8500000000000001 28.550000000000004 -0.92384435400961373 -0.49159999999999993 969.6500000000002 0.42180000000000006 11.950000000000001 -0.88697705852364728 -0.60354999999999992 975.75000000000011 1.1894230878111614 25.850000000000005
decision_type=2 2 2 2 2 2 2 2 2 2 2 2 2 2
left_child=1 2 -1 5 -5 -4 -6 -8 -2 -7 -11 -12 13 -10
right_child=8 -3 3 4 6 9 7 -9 12 10 11 -13 -14 -15
leaf_value=-5.158866340755263e-06 -2.966320838596552e-05 -5.158866340755263e-06 -5.158866340755263e-06 -5.158866340755263e-06 -5.158866340755263e-06 -5.158866340755263e-06 -5.158866340755263e-06 -5.158866340755263e-06 -0.00011579501117317207 -5.158866340755263e-06 -5.158866340755263e-06 -5.158866340755263e-06 0.038596663550928063 0.021927645754694525
leaf_weight=107 2060 68 52 56 69 96 105 102 561 64 89 52 262 1880
leaf_count=107 2060 68 52 56 69 96 105 102 561 64 89 52 262 1880
internal_value=-0.00229148 -0.0195349 -0.0201894 -0.0193066 -0.021506 -0.017238 -0.0198188 -0.0218116 0.000821961 -0.018588 -0.0206098 -0.0226596 0.00152238 0.0012925
internal_weight=5623 860 792 685 332 353 276 207 4763 301 205 141 2703 2441
internal_count=5623 860 792 685 332 353 276 207 4763 301 205 141 2703 2441
is_linear=0
shrinkage=0.05


Tree=152
num_leaves=15
num_cat=0
split_feature=16 7 0 0 4 3 4 3 13 18 18 6 15 14
split_gain=120.627 1.71636 1.58067 1.19856 1.11102 1.13929 1.52005 1.184 0.861946 1.51634 0.88422 0.771742 0.718596 0.563623
threshold=0.20980795610425237 985.1500000000002 3.8500000000000001 11.950000000000001 -0.95368063612909437 -0.4539904997395468 -0.90992662233962529 -0.74892720285008318 -0.85669999999999991 22.350000000000005 26.350000000000005 33.650000000000013 30.740000000000006 28.085000000000004
decision_type=2 2 2 2 2 2 2 2 2 2 2 2 2 2
left_child=1 2 -1 -2 -4 7 -7 11 9 -9 -11 -6 -12 -10
right_child=3 -3 4 -5 5 6 -8 8 13 10 12 -13 -14 -15
leaf_value=-4.9009230237175006e-06 -2.8180047966663723e-05 -4.9009230237175006e-06 -4.9009230237175006e-06 0.01873786575336097 -4.9009230237175006e-06 -4.9009230237175006e-06 -4.9009230237175006e-06 -4.9009230237175006e-06 -4.9009230237175006e-06 -4.9009230237175006e-06 -4.9009230237175006e-06 -4.9009230237175006e-06 -4.9009230237175006e-06 -4.9009230237175006e-06
leaf_weight=107 2060 68 73 2703 74 92 77 50 50 51 50 53 64 51
leaf_count=107 2060 68 73 2703 74 92 77 50 50 51 50 53 64 51
internal_value=-0.00230037 -0.0195349 -0.0201894 0.000811464 -0.0193066 -0.0186111 -0.0151183 -0.0199436 -0.0215823 -0.0233721 -0.0210606 -0.0158661 -0.0235088 -0.0177723
internal_weight=5623 860 792 4763 685 612 169 443 316 215 165 127 114 101
internal_count=5623 860 792 4763 685 612 169 443 316 215 165 127 114 101
is_linear=0
shrinkage=0.05


Tree=153
num_leaves=15
num_cat=0
split_feature=16 7 0 17 4 12 7 12 3 3 17 7 6 6
split_gain=120.502 1.71636 1.58067 1.24665 1.86313 1.48976 1.31522 1.46145 1.21695 1.40358 1.21029 0.936524 0.73945 0.721792
threshold=0.20980795610425237 985.1500000000002 3.8500000000000001 28.550000000000004 -0.92384435400961373 -0.49159999999999993 969.6500000000002 0.42180000000000006 -0.4539904997395468 -0.29237170472273694 12.050000000000002 975.75000000000011 17.650000000000002 26.350000000000005
decision_type=2 2 2 2 2 2 2 2 2 2 2 2 2 2
left_child=1 2 -1 5 -5 -4 -6 -8 11 -10 -2 -7 -12 -14
right_child=10 -3 3 4 6 8 7 -9 9 -11 12 -13 13 -15
leaf_value=-4.6558768725316255e-06 -2.4860513143399353e-05 -4.6558768725316255e-06 -4.6558768725316255e-06 -4.6558768725316255e-06 -4.6558768725316255e-06 -4.6558768725316255e-06 -4.6558768725316255e-06 -4.6558768725316255e-06 -4.6558768725316255e-06 -4.6558768725316255e-06 0.03338853721938264 -4.6558768725316255e-06 -0.0049006249091744251 0.017336312794000351
leaf_weight=107 2111 68 52 56 69 108 105 102 57 69 302 67 572 1778
leaf_count=107 2111 68 52 56 69 108 105 102 57 69 302 67 572 1778
internal_value=-0.00230927 -0.0195349 -0.0201894 -0.0193066 -0.021506 -0.017238 -0.0198188 -0.0218116 -0.018588 -0.0148413 0.000800966 -0.0212857 0.00151207 0.00121277
internal_weight=5623 860 792 685 332 353 276 207 301 126 4763 175 2652 2350
internal_count=5623 860 792 685 332 353 276 207 301 126 4763 175 2652 2350
is_linear=0
shrinkage=0.05


Tree=154
num_leaves=15
num_cat=0
split_feature=16 7 0 17 4 12 7 12 4 17 8 4 7 5
split_gain=120.005 1.71636 1.58067 1.24665 1.86313 1.48976 1.31522 1.46145 1.05087 1.04075 0.759073 0.734584 0.692032 0.608854
threshold=0.20980795610425237 985.1500000000002 3.8500000000000001 28.550000000000004 -0.92384435400961373 -0.49159999999999993 969.6500000000002 0.42180000000000006 -0.88697705852364728 11.850000000000003 -0.60354999999999992 -0.98321746822993583 975.75000000000011 1.1894230878111614
decision_type=2 2 2 2 2 2 2 2 2 2 2 2 2 2
left_child=1 2 -1 5 -5 -4 -6 -8 -7 11 -10 -2 -12 -11
right_child=9 -3 3 4 6 8 7 -9 10 13 12 -13 -14 -15
leaf_value=-4.4230830289050436e-06 -0.016801435988750564 -4.4230830289050436e-06 -4.4230830289050436e-06 -4.4230830289050436e-06 -4.4230830289050436e-06 -4.4230830289050436e-06 -4.4230830289050436e-06 -4.4230830289050436e-06 -4.4230830289050436e-06 0.01419102793379139 -4.4230830289050436e-06 0.00029849051463092826 -4.4230830289050436e-06 0.027516800784562801
leaf_weight=107 96 68 52 56 69 96 105 102 64 2473 89 1911 52 283
leaf_count=107 96 68 52 56 69 96 105 102 64 2473 89 1911 52 283
internal_value=-0.00234483 -0.0195349 -0.0201894 -0.0193066 -0.021506 -0.017238 -0.0198188 -0.0218116 -0.018588 0.000758976 -0.0206098 -0.000107125 -0.0226596 0.0013897
internal_weight=5623 860 792 685 332 353 276 207 301 4763 205 2007 141 2756
internal_count=5623 860 792 685 332 353 276 207 301 4763 205 2007 141 2756
is_linear=0
shrinkage=0.05


Tree=155
num_leaves=15
num_cat=0
split_feature=16 7 0 17 4 12 7 12 3 3 17 7 5 5
split_gain=119.509 1.71636 1.58067 1.24665 1.86313 1.48976 1.31522 1.46145 1.21695 1.40358 1.00011 0.936524 0.639396 0.871767
threshold=0.20980795610425237 985.1500000000002 3.8500000000000001 28.550000000000004 -0.92384435400961373 -0.49159999999999993 969.6500000000002 0.42180000000000006 -0.4539904997395468 -0.29237170472273694 11.850000000000003 975.75000000000011 1.1894230878111614 1.1314819417525268
decision_type=2 2 2 2 2 2 2 2 2 2 2 2 2 2
left_child=1 2 -1 5 -5 -4 -6 -8 11 -10 -2 -7 13 -12
right_child=10 -3 3 4 6 8 7 -9 9 -11 12 -13 -14 -15
leaf_value=-4.2019288774597906e-06 -5.7647826679876435e-05 -4.2019288774597906e-06 -4.2019288774597906e-06 -4.2019288774597906e-06 -4.2019288774597906e-06 -4.2019288774597906e-06 -4.2019288774597906e-06 -4.2019288774597906e-06 -4.2019288774597906e-06 -4.2019288774597906e-06 0.017971676397780228 -4.2019288774597906e-06 0.026140960745334448 -0.0026769245337419974
leaf_weight=107 2007 68 52 56 69 108 105 102 57 69 1608 67 283 865
leaf_count=107 2007 68 52 56 69 108 105 102 57 69 1608 67 283 865
internal_value=-0.0023804 -0.0195349 -0.0201894 -0.0193066 -0.021506 -0.017238 -0.0198188 -0.0218116 -0.018588 -0.0148413 0.000716985 -0.0212857 0.00133527 0.00107764
internal_weight=5623 860 792 685 332 353 276 207 301 126 4763 175 2756 2473
internal_count=5623 860 792 685 332 353 276 207 301 126 4763 175 2756 2473
is_linear=0
shrinkage=0.05


Tree=156
num_leaves=15
num_cat=0
split_feature=16 7 0 17 4 12 7 12 3 3 17 7 5 5
split_gain=119.261 1.71636 1.58067 1.24665 1.86313 1.48976 1.31522 1.46145 1.21695 1.40358 0.951258 0.936524 0.660172 0.817555
threshold=0.20980795610425237 985.1500000000002 3.8500000000000001 28.550000000000004 -0.92384435400961373 -0.49159999999999993 969.6500000000002 0.42180000000000006 -0.4539904997395468 -0.29237170472273694 11.850000000000003 975.75000000000011 1.1894230878111614 1.1314819417525268
decision_type=2 2 2 2 2 2 2 2 2 2 2 2 2 2
left_child=1 2 -1 5 -5 -4 -6 -8 11 -10 -2 -7 13 -12
right_child=10 -3 3 4 6 8 7 -9 9 -11 12 -13 -14 -15
leaf_value=-3.9918324335868014e-06 -5.4765435345882609e-05 -3.9918324335868014e-06 -3.9918324335868014e-06 -3.9918324335868014e-06 -3.9918324335868014e-06 -3.9918324335868014e-06 -3.9918324335868014e-06 -3.9918324335868014e-06 -3.9918324335868014e-06 -3.9918324335868014e-06 0.01707309257789133 -3.9918324335868014e-06 0.024833912708067615 -0.0025430783070547573
leaf_weight=107 2007 68 52 56 69 108 105 102 57 69 1608 67 283 865
leaf_count=107 2007 68 52 56 69 108 105 102 57 69 1608 67 283 865
internal_value=-0.00239819 -0.0195349 -0.0201894 -0.0193066 -0.021506 -0.017238 -0.0198188 -0.0218116 -0.018588 -0.0148413 0.00069599 -0.0212857 0.00129898 0.0010372
internal_weight=5623 860 792 685 332 353 276 207 301 126 4763 175 2756 2473
internal_count=5623 860 792 685 332 353 276 207 301 126 4763 175 2756 2473
is_linear=0
shrinkage=0.05


Tree=157
num_leaves=15
num_cat=0
split_feature=16 7 0 17 4 12 7 12 3 3 17 7 5 5
split_gain=119.261 1.71636 1.58067 1.24665 1.86313 1.48976 1.31522 1.46145 1.21695 1.40358 0.951258 0.936524 0.660172 0.817555
threshold=0.20980795610425237 985.1500000000002 3.8500000000000001 28.550000000000004 -0.92384435400961373 -0.49159999999999993 969.6500000000002 0.42180000000000006 -0.4539904997395468 -0.29237170472273694 11.850000000000003 975.75000000000011 1.1894230878111614 1.1314819417525268
decision_type=2 2 2 2 2 2 2 2 2 2 2 2 2 2
left_child=1 2 -1 5 -5 -4 -6 -8 11 -10 -2 -7 13 -12
right_child=10 -3 3 4 6 8 7 -9 9 -11 12 -13 -14 -15
leaf_value=-3.7922408119074609e-06 -5.2027163578588482e-05 -3.7922408119074609e-06 -3.7922408119074609e-06 -3.7922408119074609e-06 -3.7922408119074609e-06 -3.7922408119074609e-06 -3.7922408119074609e-06 -3.7922408119074609e-06 -3.7922408119074609e-06 -3.7922408119074609e-06 0.016219437948996912 -3.7922408119074609e-06 0.023592217072664484 -0.0024159243917019507
leaf_weight=107 2007 68 52 56 69 108 105 102 57 69 1608 67 283 865
leaf_count=107 2007 68 52 56 69 108 105 102 57 69 1608 67 283 865
internal_value=-0.00239819 -0.0195349 -0.0201894 -0.0193066 -0.021506 -0.017238 -0.0198188 -0.0218116 -0.018588 -0.0148413 0.00069599 -0.0212857 0.00129898 0.0010372
internal_weight=5623 860 792 685 332 353 276 207 301 126 4763 175 2756 2473
internal_count=5623 860 792 685 332 353 276 207 301 126 4763 175 2756 2473
is_linear=0
shrinkage=0.05


Tree=158
num_leaves=15
num_cat=0
split_feature=16 7 0 17 4 12 7 12 4 14 15 8 7 7
split_gain=118.89 1.71636 1.58067 1.24665 1.86313 1.48976 1.31522 1.46145 1.05087 0.931085 0.807625 0.759073 0.692032 0.651484
threshold=0.20980795610425237 985.1500000000002 3.8500000000000001 28.550000000000004 -0.92384435400961373 -0.49159999999999993 969.6500000000002 0.42180000000000006 -0.88697705852364728 11.615000000000002 10.475000000000003 -0.60354999999999992 975.75000000000011 989.95000000000016
decision_type=2 2 2 2 2 2 2 2 2 2 2 2 2 2
left_child=1 2 -1 5 -5 -4 -6 -8 -7 10 -2 -10 -13 -12
right_child=9 -3 3 4 6 8 7 -9 11 -11 13 12 -14 -15
leaf_value=-3.6026287713120879e-06 0.0014092470199160529 -3.6026287713120879e-06 -3.6026287713120879e-06 -3.6026287713120879e-06 -3.6026287713120879e-06 -3.6026287713120879e-06 -3.6026287713120879e-06 -3.6026287713120879e-06 -3.6026287713120879e-06 0.013649702788517107 -0.0033990406506405504 -3.6026287713120879e-06 -3.6026287713120879e-06 -0.026025697052540337
leaf_weight=107 1247 68 52 56 69 96 105 102 64 2867 547 89 52 102
leaf_count=107 1247 68 52 56 69 96 105 102 64 2867 547 89 52 102
internal_value=-0.00242486 -0.0195349 -0.0201894 -0.0193066 -0.021506 -0.017238 -0.0198188 -0.0218116 -0.018588 0.000664497 -0.000195147 -0.0206098 -0.0226596 -0.00162558
internal_weight=5623 860 792 685 332 353 276 207 301 4763 1896 205 141 649
internal_count=5623 860 792 685 332 353 276 207 301 4763 1896 205 141 649
is_linear=0
shrinkage=0.05


Tree=159
num_leaves=15
num_cat=0
split_feature=16 5 5 8 0 15 9 17 0 12 15 12 9 17
split_gain=118.643 1.55205 2.03333 1.95283 1.46905 1.59494 1.41227 1.11302 0.873348 0.833263 0.830744 0.870669 0.822913 0.480415
threshold=0.20980795610425237 1.1281336744899015 1.118509522668149 0.60355000000000014 4.0500000000000007 23.560000000000006 0.78655000000000008 27.550000000000004 11.450000000000001 0.68435000000000012 28.185000000000006 0.21025000000000002 0.78655000000000008 9.0500000000000025
decision_type=2 2 2 2 2 2 2 2 2 2 2 2 2 2
left_child=1 2 3 4 -1 12 10 -4 13 -3 -7 -12 -6 -2
right_child=8 9 7 -5 5 6 -8 -9 -10 -11 11 -13 -14 -15
leaf_value=-3.4224973327464833e-06 0.0014209307324589953 -3.4224973327464833e-06 -3.4224973327464833e-06 -3.4224973327464833e-06 -3.4224973327464833e-06 -3.4224973327464833e-06 -3.4224973327464833e-06 -3.4224973327464833e-06 0.014473689064975032 -3.4224973327464833e-06 -3.4224973327464833e-06 -3.4224973327464833e-06 -3.4224973327464833e-06 -0.0051091015088070664
leaf_weight=75 842 98 57 79 54 80 78 67 2931 94 62 63 53 990
leaf_count=75 842 98 57 79 54 80 78 67 2931 94 62 63 53 990
internal_value=-0.00244265 -0.0195349 -0.0206737 -0.0193566 -0.0205914 -0.019359 -0.0213251 -0.0264516 0.000643502 -0.0155729 -0.0191463 -0.0166 -0.0141589 -0.000212882
internal_weight=5623 860 668 544 465 390 283 124 4763 192 205 125 107 1832
internal_count=5623 860 668 544 465 390 283 124 4763 192 205 125 107 1832
is_linear=0
shrinkage=0.05


Tree=160
num_leaves=15
num_cat=0
split_feature=16 7 0 17 4 12 7 12 3 3 7 0 18 3
split_gain=118.273 1.71636 1.58067 1.24665 1.86313 1.48976 1.31522 1.46145 1.21695 1.40358 0.936524 0.833466 0.547241 0.433746
threshold=0.20980795610425237 985.1500000000002 3.8500000000000001 28.550000000000004 -0.92384435400961373 -0.49159999999999993 969.6500000000002 0.42180000000000006 -0.4539904997395468 -0.29237170472273694 975.75000000000011 11.950000000000001 23.650000000000002 0.83385407025023295
decision_type=2 2 2 2 2 2 2 2 2 2 2 2 2 2
left_child=1 2 -1 5 -5 -4 -6 -8 10 -10 12 13 -7 -2
right_child=11 -3 3 4 6 8 7 -9 9 -11 -12 -13 -14 -15
leaf_value=-3.251372466109159e-06 0.00070829001390066608 -3.251372466109159e-06 -3.251372466109159e-06 -3.251372466109159e-06 -3.251372466109159e-06 -3.251372466109159e-06 -3.251372466109159e-06 -3.251372466109159e-06 -3.251372466109159e-06 -3.251372466109159e-06 -3.251372466109159e-06 0.014295155045530319 -3.251372466109159e-06 -0.0048754558711257018
leaf_weight=107 1607 68 52 56 69 50 105 102 57 69 67 2703 58 453
leaf_count=107 1607 68 52 56 69 50 105 102 57 69 67 2703 58 453
internal_value=-0.00246932 -0.0195349 -0.0201894 -0.0193066 -0.021506 -0.017238 -0.0198188 -0.0218116 -0.018588 -0.0148413 -0.0212857 0.000612009 -0.0241667 -0.000145631
internal_weight=5623 860 792 685 332 353 276 207 301 126 175 4763 108 2060
internal_count=5623 860 792 685 332 353 276 207 301 126 175 4763 108 2060
is_linear=0
shrinkage=0.05


Tree=161
num_leaves=15
num_cat=0
split_feature=0 0 7 17 4 12 7 12 4 4 7 0 9 15
split_gain=85.2215 33.0015 3.07183 1.22763 1.89938 1.41894 1.27237 1.54286 1.07164 0.864429 0.70934 0.708627 0.500087 0.41638
threshold=25.050000000000004 4.1500000000000012 985.1500000000002 28.550000000000004 -0.92384435400961373 -0.18594999999999998 969.6500000000002 0.42180000000000006 -0.88697705852364728 0.18222858652173771 975.75000000000011 11.950000000000001 -0.3793999999999999 10.540000000000001
decision_type=2 2 2 2 2 2 2 2 2 2 2 2 2 2
left_child=1 2 9 5 -5 -2 -6 -8 -7 -1 -10 13 -9 -3
right_child=3 11 -4 4 6 8 7 12 10 -11 -12 -13 -14 -15
leaf_value=-3.0888038428037014e-06 -3.0888038428037014e-06 0.00075610304644628404 -3.0888038428037014e-06 -3.0888038428037014e-06 -3.0888038428037014e-06 -3.0888038428037014e-06 -3.0888038428037014e-06 -3.0888038428037014e-06 -3.0888038428037014e-06 -3.0888038428037014e-06 -3.0888038428037014e-06 0.01358039729325378 -3.0888038428037014e-06 -0.0045808037970011123
leaf_weight=76 92 1153 64 56 69 71 105 55 98 55 69 2703 50 907
leaf_count=76 92 1153 64 56 69 71 105 55 98 55 69 2703 50 907
internal_value=-0.00247821 -0.00022388 -0.0203846 -0.0192857 -0.0214179 -0.0171212 -0.0197312 -0.0216667 -0.0191597 -0.024771 -0.0213473 0.000601512 -0.017381 -9.70872e-05
internal_weight=5623 4958 195 665 335 330 279 210 238 131 167 4763 105 2060
internal_count=5623 4958 195 665 335 330 279 210 238 131 167 4763 105 2060
is_linear=0
shrinkage=0.05


Tree=162
num_leaves=15
num_cat=0
split_feature=16 7 1 4 3 4 3 13 18 18 6 15 14 15
split_gain=118.15 1.71636 1.58067 1.11102 1.13929 1.52005 1.184 0.861946 1.51634 0.88422 0.771742 0.718596 0.697268 0.86828
threshold=0.20980795610425237 985.1500000000002 5.3144794187211071 -0.95368063612909437 -0.4539904997395468 -0.90992662233962529 -0.74892720285008318 -0.85669999999999991 22.350000000000005 26.350000000000005 33.650000000000013 30.740000000000006 11.615000000000002 10.475000000000003
decision_type=2 2 2 2 2 2 2 2 2 2 2 2 2 2
left_child=1 2 -1 -4 6 -6 10 8 -8 -10 -5 -11 13 -2
right_child=12 -3 3 4 5 -7 7 -9 9 11 -12 -13 -14 -15
leaf_value=-2.9343636506635159e-06 0.0014150520650382541 -2.9343636506635159e-06 -2.9343636506635159e-06 -2.9343636506635159e-06 -2.9343636506635159e-06 -2.9343636506635159e-06 -2.9343636506635159e-06 -2.9343636506635159e-06 -2.9343636506635159e-06 -2.9343636506635159e-06 -2.9343636506635159e-06 -2.9343636506635159e-06 0.011991737058388654 -0.008459627197507643
leaf_weight=107 1247 68 73 74 92 77 50 101 51 50 53 64 2867 649
leaf_count=107 1247 68 73 74 92 77 50 101 51 50 53 64 2867 649
internal_value=-0.00247821 -0.0195349 -0.0201894 -0.0193066 -0.0186111 -0.0151183 -0.0199436 -0.0215823 -0.0233721 -0.0210606 -0.0158661 -0.0235088 0.000601512 -0.000142405
internal_weight=5623 860 792 685 612 169 443 316 215 165 127 114 4763 1896
internal_count=5623 860 792 685 612 169 443 316 215 165 127 114 4763 1896
is_linear=0
shrinkage=0.05


Tree=163
num_leaves=15
num_cat=0
split_feature=0 0 7 17 4 7 10 15 10 3 3 7 4 0
split_gain=84.9512 32.9025 3.07183 1.22763 1.89938 1.27237 1.35136 1.66617 1.19535 1.21584 1.14266 0.994432 0.864429 0.679898
threshold=25.050000000000004 4.1500000000000012 985.1500000000002 28.550000000000004 -0.92384435400961373 969.6500000000002 1.0000000180025095e-35 30.740000000000006 -0.68299999999999994 -0.4539904997395468 -0.29237170472273694 975.95000000000016 0.18222858652173771 11.450000000000001
decision_type=2 2 2 2 2 2 2 2 2 2 2 2 2 2
left_child=1 2 12 8 -5 -6 7 -7 -2 11 -11 -10 -1 -3
right_child=3 13 -4 4 5 6 -8 -9 9 10 -12 -13 -14 -15
leaf_value=-2.7876454681303401e-06 -2.7876454681303401e-06 -0.00033285190219478795 -2.7876454681303401e-06 -2.7876454681303401e-06 -2.7876454681303401e-06 -2.7876454681303401e-06 -2.7876454681303401e-06 -2.7876454681303401e-06 -2.7876454681303401e-06 -2.7876454681303401e-06 -2.7876454681303401e-06 -2.7876454681303401e-06 -2.7876454681303401e-06 0.011779312975791458
leaf_weight=76 50 1832 64 56 69 75 81 54 109 56 53 62 55 2931
leaf_count=76 50 1832 64 56 69 75 81 54 109 56 53 62 55 2931
internal_value=-0.00250489 -0.000254135 -0.0203846 -0.0192857 -0.0214179 -0.0197312 -0.0216667 -0.024845 -0.0171212 -0.0183929 -0.0142661 -0.0210234 -0.024771 0.000570019
internal_weight=5623 4958 195 665 335 279 210 129 330 280 109 171 131 4763
internal_count=5623 4958 195 665 335 279 210 129 330 280 109 171 131 4763
is_linear=0
shrinkage=0.05


Tree=164
num_leaves=15
num_cat=0
split_feature=16 7 0 17 4 12 7 12 4 8 7 0 16 0
split_gain=117.412 1.71636 1.58067 1.24665 1.86313 1.48976 1.31522 1.46145 1.05087 0.759073 0.692032 0.586608 0.409216 0.378423
threshold=0.20980795610425237 985.1500000000002 3.8500000000000001 28.550000000000004 -0.92384435400961373 -0.49159999999999993 969.6500000000002 0.42180000000000006 -0.88697705852364728 -0.60354999999999992 975.75000000000011 11.950000000000001 1.0000000180025095e-35 5.1500000000000012
decision_type=2 2 2 2 2 2 2 2 2 2 2 2 2 2
left_child=1 2 12 5 -5 -4 -6 -8 -7 -10 -11 13 -1 -2
right_child=11 -3 3 4 6 8 7 -9 9 10 -12 -13 -14 -15
leaf_value=-2.6482631947238233e-06 0.00071001526614198295 -2.6482631947238233e-06 -2.6482631947238233e-06 -2.6482631947238233e-06 -2.6482631947238233e-06 -2.6482631947238233e-06 -2.6482631947238233e-06 -2.6482631947238233e-06 -2.6482631947238233e-06 -2.6482631947238233e-06 -2.6482631947238233e-06 0.011868001067555018 -2.6482631947238233e-06 -0.00068931279494250622
leaf_weight=54 124 68 52 56 69 96 105 102 64 89 52 2703 53 1936
leaf_count=54 124 68 52 56 69 96 105 102 64 89 52 2703 53 1936
internal_value=-0.00253157 -0.0195349 -0.0201894 -0.0193066 -0.021506 -0.017238 -0.0198188 -0.0218116 -0.018588 -0.0206098 -0.0226596 0.000538526 -0.0258411 -9.70872e-05
internal_weight=5623 860 792 685 332 353 276 207 301 205 141 4763 107 2060
internal_count=5623 860 792 685 332 353 276 207 301 205 141 4763 107 2060
is_linear=0
shrinkage=0.05


Tree=165
num_leaves=15
num_cat=0
split_feature=16 7 0 17 4 12 7 12 3 3 7 0 18 16
split_gain=117.412 1.71636 1.58067 1.24665 1.86313 1.48976 1.31522 1.46145 1.21695 1.40358 0.936524 0.586608 0.547241 0.409216
threshold=0.20980795610425237 985.1500000000002 3.8500000000000001 28.550000000000004 -0.92384435400961373 -0.49159999999999993 969.6500000000002 0.42180000000000006 -0.4539904997395468 -0.29237170472273694 975.75000000000011 11.950000000000001 23.650000000000002 1.0000000180025095e-35
decision_type=2 2 2 2 2 2 2 2 2 2 2 2 2 2
left_child=1 2 13 5 -5 -4 -6 -8 10 -10 12 -2 -7 -1
right_child=11 -3 3 4 6 8 7 -9 9 -11 -12 -13 -14 -15
leaf_value=-2.5158500349876317e-06 -0.00026796723189516743 -2.5158500349876317e-06 -2.5158500349876317e-06 -2.5158500349876317e-06 -2.5158500349876317e-06 -2.5158500349876317e-06 -2.5158500349876317e-06 -2.5158500349876317e-06 -2.5158500349876317e-06 -2.5158500349876317e-06 -2.5158500349876317e-06 0.011274601014177283 -2.5158500349876317e-06 -2.5158500349876317e-06
leaf_weight=54 2060 68 52 56 69 50 105 102 57 69 67 2703 58 53
leaf_count=54 2060 68 52 56 69 50 105 102 57 69 67 2703 58 53
internal_value=-0.00253157 -0.0195349 -0.0201894 -0.0193066 -0.021506 -0.017238 -0.0198188 -0.0218116 -0.018588 -0.0148413 -0.0212857 0.000538526 -0.0241667 -0.0258411
internal_weight=5623 860 792 685 332 353 276 207 301 126 175 4763 108 107
internal_count=5623 860 792 685 332 353 276 207 301 126 175 4763 108 107
is_linear=0
shrinkage=0.05


Tree=166
num_leaves=15
num_cat=0
split_feature=16 7 0 17 4 12 7 12 3 3 7 17 18 0
split_gain=117.167 1.71636 1.58067 1.24665 1.86313 1.48976 1.31522 1.46145 1.21695 1.40358 0.936524 0.553094 0.690551 0.704738
threshold=0.20980795610425237 985.1500000000002 3.8500000000000001 28.550000000000004 -0.92384435400961373 -0.49159999999999993 969.6500000000002 0.42180000000000006 -0.4539904997395468 -0.29237170472273694 975.75000000000011 12.850000000000003 20.250000000000004 11.15
decision_type=2 2 2 2 2 2 2 2 2 2 2 2 2 2
left_child=1 2 -1 5 -5 -4 -6 -8 10 -10 -7 12 -2 -14
right_child=11 -3 3 4 6 8 7 -9 9 -11 -12 -13 13 -15
leaf_value=-2.3900575332382503e-06 0.00046568771957846474 -2.3900575332382503e-06 -2.3900575332382503e-06 -2.3900575332382503e-06 -2.3900575332382503e-06 -2.3900575332382503e-06 -2.3900575332382503e-06 -2.3900575332382503e-06 -2.3900575332382503e-06 -2.3900575332382503e-06 -2.3900575332382503e-06 0.010641911911775513 0.0083438714383954251 -0.021390722366621685
leaf_weight=107 2296 68 52 56 69 108 105 102 57 69 67 2361 52 54
leaf_count=107 2296 68 52 56 69 108 105 102 57 69 67 2361 52 54
internal_value=-0.00254935 -0.0195349 -0.0201894 -0.0193066 -0.021506 -0.017238 -0.0198188 -0.0218116 -0.018588 -0.0148413 -0.0212857 0.000517531 -1.66526e-05 -0.00396226
internal_weight=5623 860 792 685 332 353 276 207 301 126 175 4763 2402 106
internal_count=5623 860 792 685 332 353 276 207 301 126 175 4763 2402 106
is_linear=0
shrinkage=0.05


Tree=167
num_leaves=15
num_cat=0
split_feature=16 7 0 17 4 12 7 12 4 8 7 0 12 12
split_gain=116.922 1.71636 1.58067 1.24665 1.86313 1.48976 1.31522 1.46145 1.05087 0.759073 0.692032 0.554088 0.444735 1.23469
threshold=0.20980795610425237 985.1500000000002 3.8500000000000001 28.550000000000004 -0.92384435400961373 -0.49159999999999993 969.6500000000002 0.42180000000000006 -0.88697705852364728 -0.60354999999999992 975.75000000000011 11.450000000000001 0.99275000000000013 0.99700000000000011
decision_type=2 2 2 2 2 2 2 2 2 2 2 2 2 2
left_child=1 2 -1 5 -5 -4 -6 -8 -7 -10 -11 12 -2 -14
right_child=11 -3 3 4 6 8 7 -9 9 10 -12 -13 13 -15
leaf_value=-2.2705546565763379e-06 9.9226271390344972e-05 -2.2705546565763379e-06 -2.2705546565763379e-06 -2.2705546565763379e-06 -2.2705546565763379e-06 -2.2705546565763379e-06 -2.2705546565763379e-06 -2.2705546565763379e-06 -2.2705546565763379e-06 -2.2705546565763379e-06 -2.2705546565763379e-06 0.0097054664828116026 -0.033555692694013844 0.0045398333889719918
leaf_weight=107 1685 68 52 56 69 96 105 102 64 89 52 2931 72 75
leaf_count=107 1685 68 52 56 69 96 105 102 64 89 52 2931 72 75
internal_value=-0.00256713 -0.0195349 -0.0201894 -0.0193066 -0.021506 -0.017238 -0.0198188 -0.0218116 -0.018588 -0.0206098 -0.0226596 0.000496536 -0.000185589 -0.00282313
internal_weight=5623 860 792 685 332 353 276 207 301 205 141 4763 1832 147
internal_count=5623 860 792 685 332 353 276 207 301 205 141 4763 1832 147
is_linear=0
shrinkage=0.05


Tree=168
num_leaves=15
num_cat=0
split_feature=0 0 5 17 4 12 3 5 4 12 15 3 15 3
split_gain=84.4119 32.705 2.58899 1.22763 1.89938 1.41894 1.15999 1.08708 1.07164 0.678515 0.587211 0.499801 0.604959 0.517607
threshold=25.050000000000004 4.1500000000000012 1.1259911885817842 28.550000000000004 -0.92384435400961373 -0.18594999999999998 -0.47714059151611382 1.1176818925211178 -0.88697705852364728 0.27695000000000008 23.010000000000002 -0.99535829673000931 14.175000000000002 0.99140711019144634
decision_type=2 2 2 2 2 2 2 2 2 2 2 2 2 2
left_child=1 2 -1 5 -5 -2 7 9 -7 -6 -10 12 -3 -13
right_child=3 11 -4 4 6 8 -8 -9 10 -11 -12 13 -14 -15
leaf_value=-2.1570269237475208e-06 -2.1570269237475208e-06 -0.013676761408474021 -2.1570269237475208e-06 -2.1570269237475208e-06 -2.1570269237475208e-06 -2.1570269237475208e-06 -2.1570269237475208e-06 -2.1570269237475208e-06 -2.1570269237475208e-06 -2.1570269237475208e-06 -2.1570269237475208e-06 0.0035239559409251213 0.030480250579586966 -0.015603615969508398
leaf_weight=100 92 91 95 56 77 71 66 84 70 52 97 4479 59 134
leaf_count=100 92 91 95 56 77 71 66 84 70 52 97 4479 59 134
internal_value=-0.00255824 -0.000314643 -0.0203846 -0.0192857 -0.0214179 -0.0171212 -0.0197312 -0.0215258 -0.0191597 -0.0186434 -0.0213473 0.000507034 -0.00233333 0.000599393
internal_weight=5623 4958 195 665 335 330 279 213 238 129 167 4763 150 4613
internal_count=5623 4958 195 665 335 330 279 213 238 129 167 4763 150 4613
is_linear=0
shrinkage=0.05


Tree=169
num_leaves=15
num_cat=0
split_feature=16 7 0 17 4 12 7 12 3 3 7 18 3 0
split_gain=116.799 1.71636 1.58067 1.24665 1.86313 1.48976 1.31522 1.46145 1.21695 1.40358 0.936524 0.547241 0.491963 0.494805
threshold=0.20980795610425237 985.1500000000002 3.8500000000000001 28.550000000000004 -0.92384435400961373 -0.49159999999999993 969.6500000000002 0.42180000000000006 -0.4539904997395468 -0.29237170472273694 975.75000000000011 23.650000000000002 0.99809679250719918 11.450000000000001
decision_type=2 2 2 2 2 2 2 2 2 2 2 2 2 2
left_child=1 2 -1 5 -5 -4 -6 -8 10 -10 11 -7 13 -2
right_child=12 -3 3 4 6 8 7 -9 9 -11 -12 -13 -14 -15
leaf_value=-2.049175577560145e-06 -0.00011510650541870338 -2.049175577560145e-06 -2.049175577560145e-06 -2.049175577560145e-06 -2.049175577560145e-06 -2.049175577560145e-06 -2.049175577560145e-06 -2.049175577560145e-06 -2.049175577560145e-06 -2.049175577560145e-06 -2.049175577560145e-06 -2.049175577560145e-06 -0.018549524165408022 0.010079233133379342
leaf_weight=107 1800 68 52 56 69 50 105 102 57 69 67 58 54 2909
leaf_count=107 1800 68 52 56 69 50 105 102 57 69 67 58 54 2909
internal_value=-0.00257603 -0.0195349 -0.0201894 -0.0193066 -0.021506 -0.017238 -0.0198188 -0.0218116 -0.018588 -0.0148413 -0.0212857 -0.0241667 0.000486038 0.000540455
internal_weight=5623 860 792 685 332 353 276 207 301 126 175 108 4763 4709
internal_count=5623 860 792 685 332 353 276 207 301 126 175 108 4763 4709
is_linear=0
shrinkage=0.05


Tree=170
num_leaves=15
num_cat=0
split_feature=16 5 5 8 0 17 9 17 5 12 3 9 18 8
split_gain=116.677 1.55205 2.03333 1.95283 1.46905 1.52674 1.26811 1.11302 1.09923 0.833263 0.48688 0.627571 0.490719 0.509437
threshold=0.20980795610425237 1.1281336744899015 1.118509522668149 0.60355000000000014 4.0500000000000007 23.750000000000004 0.78655000000000008 27.550000000000004 1.1090459222236639 0.68435000000000012 -0.93663652364155492 -0.91594999999999993 6.6500000000000012 1.0000000180025095e-35
decision_type=2 2 2 2 2 2 2 2 2 2 2 2 2 2
left_child=1 2 3 4 -1 -6 -7 -4 -8 -3 11 -2 -13 -14
right_child=10 9 7 -5 5 6 8 -9 -10 -11 -12 12 13 -15
leaf_value=-1.9467167986821377e-06 0.018859732448890974 -1.9467167986821377e-06 -1.9467167986821377e-06 -1.9467167986821377e-06 -1.9467167986821377e-06 -1.9467167986821377e-06 -1.9467167986821377e-06 -1.9467167986821377e-06 -1.9467167986821377e-06 -1.9467167986821377e-06 0.0033198056157613524 -0.0096346112456356936 0.0043350479840616072 -0.011924059633740637
leaf_weight=75 68 98 57 79 59 225 54 67 52 94 4234 60 250 151
leaf_count=75 68 98 57 79 59 225 54 67 52 94 4234 60 250 151
internal_value=-0.00258492 -0.0195349 -0.0206737 -0.0193566 -0.0205914 -0.019359 -0.0206798 -0.0264516 -0.0251887 -0.0155729 0.000475541 -0.000954631 -0.00161605 -0.000985037
internal_weight=5623 860 668 544 465 390 331 124 106 192 4763 529 461 401
internal_count=5623 860 668 544 465 390 331 124 106 192 4763 529 461 401
is_linear=0
shrinkage=0.05


Tree=171
num_leaves=15
num_cat=0
split_feature=16 7 0 4 3 4 3 13 18 18 6 15 14 0
split_gain=116.677 1.71636 1.58067 1.11102 1.13929 1.52005 1.184 0.861946 1.51634 0.88422 0.771742 0.718596 0.563623 0.438103
threshold=0.20980795610425237 985.1500000000002 3.8500000000000001 -0.95368063612909437 -0.4539904997395468 -0.90992662233962529 -0.74892720285008318 -0.85669999999999991 22.350000000000005 26.350000000000005 33.650000000000013 30.740000000000006 28.085000000000004 11.450000000000001
decision_type=2 2 2 2 2 2 2 2 2 2 2 2 2 2
left_child=1 2 -1 -4 6 -6 10 8 -8 -10 -5 -11 -9 -2
right_child=13 -3 3 4 5 -7 7 12 9 11 -12 -13 -14 -15
leaf_value=-1.8493809587480309e-06 -0.00032892283148228769 -1.8493809587480309e-06 -1.8493809587480309e-06 -1.8493809587480309e-06 -1.8493809587480309e-06 -1.8493809587480309e-06 -1.8493809587480309e-06 -1.8493809587480309e-06 -1.8493809587480309e-06 -1.8493809587480309e-06 -1.8493809587480309e-06 -1.8493809587480309e-06 -1.8493809587480309e-06 0.0083740434241677802
leaf_weight=107 1832 68 73 74 92 77 50 50 51 50 53 64 51 2931
leaf_count=107 1832 68 73 74 92 77 50 50 51 50 53 64 51 2931
internal_value=-0.00258492 -0.0195349 -0.0201894 -0.0193066 -0.0186111 -0.0151183 -0.0199436 -0.0215823 -0.0233721 -0.0210606 -0.0158661 -0.0235088 -0.0177723 0.000475541
internal_weight=5623 860 792 685 612 169 443 316 215 165 127 114 101 4763
internal_count=5623 860 792 685 612 169 443 316 215 165 127 114 101 4763
is_linear=0
shrinkage=0.05


Tree=172
num_leaves=15
num_cat=0
split_feature=16 7 0 17 4 12 7 12 4 8 7 17 17 18
split_gain=116.554 1.71636 1.58067 1.24665 1.86313 1.48976 1.31522 1.46145 1.05087 0.759073 0.692032 0.411712 0.721391 0.697856
threshold=0.20980795610425237 985.1500000000002 3.8500000000000001 28.550000000000004 -0.92384435400961373 -0.49159999999999993 969.6500000000002 0.42180000000000006 -0.88697705852364728 -0.60354999999999992 975.75000000000011 12.850000000000003 13.350000000000003 20.250000000000004
decision_type=2 2 2 2 2 2 2 2 2 2 2 2 2 2
left_child=1 2 -1 5 -5 -4 -6 -8 -7 -10 -11 13 -13 -2
right_child=11 -3 3 4 6 8 7 -9 9 10 -12 12 -14 -15
leaf_value=-1.7569119108106295e-06 0.00051170785840034584 -1.7569119108106295e-06 -1.7569119108106295e-06 -1.7569119108106295e-06 -1.7569119108106295e-06 -1.7569119108106295e-06 -1.7569119108106295e-06 -1.7569119108106295e-06 -1.7569119108106295e-06 -1.7569119108106295e-06 -1.7569119108106295e-06 0.027958427926241036 0.0058350427378570657 -0.02097545088496057
leaf_weight=107 2296 68 52 56 69 96 105 102 64 89 52 167 2194 106
leaf_count=107 2296 68 52 56 69 96 105 102 64 89 52 167 2194 106
internal_value=-0.00259381 -0.0195349 -0.0201894 -0.0193066 -0.021506 -0.017238 -0.0198188 -0.0218116 -0.018588 -0.0206098 -0.0226596 0.000465043 0.000933926 4.16338e-06
internal_weight=5623 860 792 685 332 353 276 207 301 205 141 4763 2361 2402
internal_count=5623 860 792 685 332 353 276 207 301 205 141 4763 2361 2402
is_linear=0
shrinkage=0.05


Tree=173
num_leaves=15
num_cat=0
split_feature=16 7 0 17 4 12 7 12 4 8 7 16 6 0
split_gain=115.821 1.71636 1.58067 1.24665 1.86313 1.48976 1.31522 1.46145 1.05087 0.759073 0.692032 0.409216 0.394984 0.586082
threshold=0.20980795610425237 985.1500000000002 3.8500000000000001 28.550000000000004 -0.92384435400961373 -0.49159999999999993 969.6500000000002 0.42180000000000006 -0.88697705852364728 -0.60354999999999992 975.75000000000011 1.0000000180025095e-35 37.850000000000001 11.750000000000002
decision_type=2 2 2 2 2 2 2 2 2 2 2 2 2 2
left_child=1 2 11 5 -5 -4 -6 -8 -7 -10 -11 -1 13 -2
right_child=12 -3 3 4 6 8 7 -9 9 10 -12 -13 -14 -15
leaf_value=-1.6690663152700978e-06 -0.00033019942656628012 -1.6690663152700978e-06 -1.6690663152700978e-06 -1.6690663152700978e-06 -1.6690663152700978e-06 -1.6690663152700978e-06 -1.6690663152700978e-06 -1.6690663152700978e-06 -1.6690663152700978e-06 -1.6690663152700978e-06 -1.6690663152700978e-06 -1.6690663152700978e-06 -0.0025911095029639555 0.010799161660869692
leaf_weight=54 1783 68 52 56 69 96 105 102 64 89 52 53 507 2473
leaf_count=54 1783 68 52 56 69 96 105 102 64 89 52 53 507 2473
internal_value=-0.00264716 -0.0195349 -0.0201894 -0.0193066 -0.021506 -0.017238 -0.0198188 -0.0218116 -0.018588 -0.0206098 -0.0226596 -0.0258411 0.000402058 0.000559211
internal_weight=5623 860 792 685 332 353 276 207 301 205 141 107 4763 4256
internal_count=5623 860 792 685 332 353 276 207 301 205 141 107 4763 4256
is_linear=0
shrinkage=0.05


Tree=174
num_leaves=15
num_cat=0
split_feature=16 7 0 17 4 10 7 10 15 3 3 7 7 3
split_gain=115.699 1.71636 1.58067 1.24665 1.86313 1.35278 1.31522 1.30047 2.19472 1.16397 1.40358 0.874174 0.572311 0.494081
threshold=0.20980795610425237 985.1500000000002 3.8500000000000001 28.550000000000004 -0.92384435400961373 -0.68299999999999994 969.6500000000002 -1.0000000180025095e-35 29.655000000000005 -0.4539904997395468 -0.29237170472273694 975.75000000000011 972.45000000000016 -0.93663652364155492
decision_type=2 2 2 2 2 2 2 2 2 2 2 2 2 2
left_child=1 2 -1 5 -5 -4 -6 -8 -9 11 -11 12 -7 -2
right_child=13 -3 3 4 6 9 7 8 -10 10 -12 -13 -14 -15
leaf_value=-1.585612999506593e-06 -0.003351741178969807 -1.585612999506593e-06 -1.585612999506593e-06 -1.585612999506593e-06 -1.585612999506593e-06 -1.585612999506593e-06 -1.585612999506593e-06 -1.585612999506593e-06 -1.585612999506593e-06 -1.585612999506593e-06 -1.585612999506593e-06 -1.585612999506593e-06 -1.585612999506593e-06 0.0027296112840619162
leaf_weight=107 529 68 51 56 69 57 52 73 82 57 69 67 52 4234
leaf_count=107 529 68 51 56 69 57 52 73 82 57 69 67 52 4234
internal_value=-0.00265606 -0.0195349 -0.0201894 -0.0193066 -0.021506 -0.017238 -0.0198188 -0.0218116 -0.0195161 -0.0185099 -0.0148413 -0.0211364 -0.0238991 0.00039156
internal_weight=5623 860 792 685 332 353 276 207 155 302 126 176 109 4763
internal_count=5623 860 792 685 332 353 276 207 155 302 126 176 109 4763
is_linear=0
shrinkage=0.05


Tree=175
num_leaves=15
num_cat=0
split_feature=16 7 0 17 4 12 7 12 3 3 7 18 3 16
split_gain=115.456 1.71636 1.58067 1.24665 1.86313 1.48976 1.31522 1.46145 1.21695 1.40358 0.936524 0.547241 0.468311 0.409216
threshold=0.20980795610425237 985.1500000000002 3.8500000000000001 28.550000000000004 -0.92384435400961373 -0.49159999999999993 969.6500000000002 0.42180000000000006 -0.4539904997395468 -0.29237170472273694 975.75000000000011 23.650000000000002 0.99809679250719918 1.0000000180025095e-35
decision_type=2 2 2 2 2 2 2 2 2 2 2 2 2 2
left_child=1 2 13 5 -5 -4 -6 -8 10 -10 11 -7 -2 -1
right_child=12 -3 3 4 6 8 7 -9 9 -11 -12 -13 -14 -15
leaf_value=-1.5063323495312633e-06 0.00217087546477357 -1.5063323495312633e-06 -1.5063323495312633e-06 -1.5063323495312633e-06 -1.5063323495312633e-06 -1.5063323495312633e-06 -1.5063323495312633e-06 -1.5063323495312633e-06 -1.5063323495312633e-06 -1.5063323495312633e-06 -1.5063323495312633e-06 -1.5063323495312633e-06 -0.018214633070606567 -1.5063323495312633e-06
leaf_weight=54 4709 68 52 56 69 50 105 102 57 69 67 58 54 53
leaf_count=54 4709 68 52 56 69 50 105 102 57 69 67 58 54 53
internal_value=-0.00267384 -0.0195349 -0.0201894 -0.0193066 -0.021506 -0.017238 -0.0198188 -0.0218116 -0.018588 -0.0148413 -0.0212857 -0.0241667 0.000370565 -0.0258411
internal_weight=5623 860 792 685 332 353 276 207 301 126 175 108 4763 107
internal_count=5623 860 792 685 332 353 276 207 301 126 175 108 4763 107
is_linear=0
shrinkage=0.05


Tree=176
num_leaves=15
num_cat=0
split_feature=16 7 0 17 4 12 7 12 3 3 7 18 17 4
split_gain=115.334 1.71636 1.58067 1.24665 1.86313 1.48976 1.31522 1.46145 1.21695 1.40358 0.936524 0.547241 0.435027 0.684597
threshold=0.20980795610425237 985.1500000000002 3.8500000000000001 28.550000000000004 -0.92384435400961373 -0.49159999999999993 969.6500000000002 0.42180000000000006 -0.4539904997395468 -0.29237170472273694 975.75000000000011 23.650000000000002 11.15 -0.99140711019144601
decision_type=2 2 2 2 2 2 2 2 2 2 2 2 2 2
left_child=1 2 -1 5 -5 -4 -6 -8 10 -10 11 -7 13 -2
right_child=12 -3 3 4 6 8 7 -9 9 -11 -12 -13 -14 -15
leaf_value=-1.4310157320547002e-06 -0.028460572496399075 -1.4310157320547002e-06 -1.4310157320547002e-06 -1.4310157320547002e-06 -1.4310157320547002e-06 -1.4310157320547002e-06 -1.4310157320547002e-06 -1.4310157320547002e-06 -1.4310157320547002e-06 -1.4310157320547002e-06 -1.4310157320547002e-06 -1.4310157320547002e-06 0.0058649780034399166 -8.5948717910114451e-05
leaf_weight=107 56 68 52 56 69 50 105 102 57 69 67 58 3048 1659
leaf_count=107 56 68 52 56 69 50 105 102 57 69 67 58 3048 1659
internal_value=-0.00268273 -0.0195349 -0.0201894 -0.0193066 -0.021506 -0.017238 -0.0198188 -0.0218116 -0.018588 -0.0148413 -0.0212857 -0.0241667 0.000360067 -0.000276968
internal_weight=5623 860 792 685 332 353 276 207 301 126 175 108 4763 1715
internal_count=5623 860 792 685 332 353 276 207 301 126 175 108 4763 1715
is_linear=0
shrinkage=0.05


Tree=177
num_leaves=15
num_cat=0
split_feature=16 7 0 17 4 12 7 12 3 3 7 18 3 9
split_gain=114.726 1.71636 1.58067 1.24665 1.86313 1.48976 1.31522 1.46145 1.21695 1.40358 0.936524 0.547241 0.438159 0.461025
threshold=0.20980795610425237 985.1500000000002 3.8500000000000001 28.550000000000004 -0.92384435400961373 -0.49159999999999993 969.6500000000002 0.42180000000000006 -0.4539904997395468 -0.29237170472273694 975.75000000000011 23.650000000000002 -0.93663652364155492 -0.91594999999999993
decision_type=2 2 2 2 2 2 2 2 2 2 2 2 2 2
left_child=1 2 -1 5 -5 -4 -6 -8 10 -10 11 -7 13 -2
right_child=12 -3 3 4 6 8 7 -9 9 -11 -12 -13 -14 -15
leaf_value=-1.3594649454519652e-06 0.017061328381150907 -1.3594649454519652e-06 -1.3594649454519652e-06 -1.3594649454519652e-06 -1.3594649454519652e-06 -1.3594649454519652e-06 -1.3594649454519652e-06 -1.3594649454519652e-06 -1.3594649454519652e-06 -1.3594649454519652e-06 -1.3594649454519652e-06 -1.3594649454519652e-06 0.0024284319665425348 -0.0045126564000885954
leaf_weight=107 68 68 52 56 69 50 105 102 57 69 67 58 4234 461
leaf_count=107 68 68 52 56 69 50 105 102 57 69 67 58 4234 461
internal_value=-0.00272719 -0.0195349 -0.0201894 -0.0193066 -0.021506 -0.017238 -0.0198188 -0.0218116 -0.018588 -0.0148413 -0.0212857 -0.0241667 0.000307579 -0.00104915
internal_weight=5623 860 792 685 332 353 276 207 301 126 175 108 4763 529
internal_count=5623 860 792 685 332 353 276 207 301 126 175 108 4763 529
is_linear=0
shrinkage=0.05


Tree=178
num_leaves=15
num_cat=0
split_feature=16 7 0 17 4 12 7 12 3 3 7 18 16 0
split_gain=114.847 1.71636 1.58067 1.24665 1.86313 1.48976 1.31522 1.46145 1.21695 1.40358 0.936524 0.547241 0.409216 0.371116
threshold=0.20980795610425237 985.1500000000002 3.8500000000000001 28.550000000000004 -0.92384435400961373 -0.49159999999999993 969.6500000000002 0.42180000000000006 -0.4539904997395468 -0.29237170472273694 975.75000000000011 23.650000000000002 1.0000000180025095e-35 11.450000000000001
decision_type=2 2 2 2 2 2 2 2 2 2 2 2 2 2
left_child=1 2 12 5 -5 -4 -6 -8 10 -10 11 -7 -1 -2
right_child=13 -3 3 4 6 8 7 -9 9 -11 -12 -13 -14 -15
leaf_value=-1.2914916981793668e-06 -0.00053255317769534028 -1.2914916981793668e-06 -1.2914916981793668e-06 -1.2914916981793668e-06 -1.2914916981793668e-06 -1.2914916981793668e-06 -1.2914916981793668e-06 -1.2914916981793668e-06 -1.2914916981793668e-06 -1.2914916981793668e-06 -1.2914916981793668e-06 -1.2914916981793668e-06 -1.2914916981793668e-06 0.0068479458780140098
leaf_weight=54 1832 68 52 56 69 50 105 102 57 69 67 58 53 2931
leaf_count=54 1832 68 52 56 69 50 105 102 57 69 67 58 53 2931
internal_value=-0.0027183 -0.0195349 -0.0201894 -0.0193066 -0.021506 -0.017238 -0.0198188 -0.0218116 -0.018588 -0.0148413 -0.0212857 -0.0241667 -0.0258411 0.000318077
internal_weight=5623 860 792 685 332 353 276 207 301 126 175 108 107 4763
internal_count=5623 860 792 685 332 353 276 207 301 126 175 108 107 4763
is_linear=0
shrinkage=0.05


Tree=179
num_leaves=15
num_cat=0
split_feature=16 7 0 17 4 12 7 12 3 3 7 18 16 18
split_gain=114.362 1.71636 1.58067 1.24665 1.86313 1.48976 1.31522 1.46145 1.21695 1.40358 0.936524 0.547241 0.409216 0.376757
threshold=0.20980795610425237 985.1500000000002 3.8500000000000001 28.550000000000004 -0.92384435400961373 -0.49159999999999993 969.6500000000002 0.42180000000000006 -0.4539904997395468 -0.29237170472273694 975.75000000000011 23.650000000000002 1.0000000180025095e-35 31.050000000000004
decision_type=2 2 2 2 2 2 2 2 2 2 2 2 2 2
left_child=1 2 12 5 -5 -4 -6 -8 10 -10 11 -7 -1 -2
right_child=13 -3 3 4 6 8 7 -9 9 -11 -12 -13 -14 -15
leaf_value=-1.2269171132703985e-06 0.0013737011020470845 -1.2269171132703985e-06 -1.2269171132703985e-06 -1.2269171132703985e-06 -1.2269171132703985e-06 -1.2269171132703985e-06 -1.2269171132703985e-06 -1.2269171132703985e-06 -1.2269171132703985e-06 -1.2269171132703985e-06 -1.2269171132703985e-06 -1.2269171132703985e-06 -1.2269171132703985e-06 0.028230909493634618
leaf_weight=54 4702 68 52 56 69 50 105 102 57 69 67 58 53 61
leaf_count=54 4702 68 52 56 69 50 105 102 57 69 67 58 53 61
internal_value=-0.00275387 -0.0195349 -0.0201894 -0.0193066 -0.021506 -0.017238 -0.0198188 -0.0218116 -0.018588 -0.0148413 -0.0212857 -0.0241667 -0.0258411 0.000276087
internal_weight=5623 860 792 685 332 353 276 207 301 126 175 108 107 4763
internal_count=5623 860 792 685 332 353 276 207 301 126 175 108 107 4763
is_linear=0
shrinkage=0.05


Tree=180
num_leaves=15
num_cat=0
split_feature=16 7 0 17 4 10 7 10 15 3 3 7 7 16
split_gain=114.12 1.71636 1.58067 1.24665 1.86313 1.35278 1.31522 1.30047 2.19472 1.16397 1.40358 0.874174 0.572311 0.409216
threshold=0.20980795610425237 985.1500000000002 3.8500000000000001 28.550000000000004 -0.92384435400961373 -0.68299999999999994 969.6500000000002 -1.0000000180025095e-35 29.655000000000005 -0.4539904997395468 -0.29237170472273694 975.75000000000011 972.45000000000016 1.0000000180025095e-35
decision_type=2 2 2 2 2 2 2 2 2 2 2 2 2 2
left_child=1 2 13 5 -5 -4 -6 -8 -9 11 -11 12 -7 -1
right_child=-2 -3 3 4 6 9 7 8 -10 10 -12 -13 -14 -15
leaf_value=-1.1655712576068785e-06 0.0014480986701725504 -1.1655712576068785e-06 -1.1655712576068785e-06 -1.1655712576068785e-06 -1.1655712576068785e-06 -1.1655712576068785e-06 -1.1655712576068785e-06 -1.1655712576068785e-06 -1.1655712576068785e-06 -1.1655712576068785e-06 -1.1655712576068785e-06 -1.1655712576068785e-06 -1.1655712576068785e-06 -1.1655712576068785e-06
leaf_weight=54 4763 68 51 56 69 57 52 73 82 57 69 67 52 53
leaf_count=54 4763 68 51 56 69 57 52 73 82 57 69 67 52 53
internal_value=-0.00277165 -0.0195349 -0.0201894 -0.0193066 -0.021506 -0.017238 -0.0198188 -0.0218116 -0.0195161 -0.0185099 -0.0148413 -0.0211364 -0.0238991 -0.0258411
internal_weight=5623 860 792 685 332 353 276 207 155 302 126 176 109 107
internal_count=5623 860 792 685 332 353 276 207 155 302 126 176 109 107
is_linear=0
shrinkage=0.05


Tree=181
num_leaves=15
num_cat=0
split_feature=16 7 0 4 3 4 3 13 18 18 6 15 14 16
split_gain=113.999 1.71636 1.58067 1.11102 1.13929 1.52005 1.184 0.861946 1.51634 0.88422 0.771742 0.718596 0.563623 0.409216
threshold=0.20980795610425237 985.1500000000002 3.8500000000000001 -0.95368063612909437 -0.4539904997395468 -0.90992662233962529 -0.74892720285008318 -0.85669999999999991 22.350000000000005 26.350000000000005 33.650000000000013 30.740000000000006 28.085000000000004 1.0000000180025095e-35
decision_type=2 2 2 2 2 2 2 2 2 2 2 2 2 2
left_child=1 2 13 -4 6 -6 10 8 -8 -10 -5 -11 -9 -1
right_child=-2 -3 3 4 5 -7 7 12 9 11 -12 -13 -14 -15
leaf_value=-1.1072926947265346e-06 0.0013756937366641451 -1.1072926947265346e-06 -1.1072926947265346e-06 -1.1072926947265346e-06 -1.1072926947265346e-06 -1.1072926947265346e-06 -1.1072926947265346e-06 -1.1072926947265346e-06 -1.1072926947265346e-06 -1.1072926947265346e-06 -1.1072926947265346e-06 -1.1072926947265346e-06 -1.1072926947265346e-06 -1.1072926947265346e-06
leaf_weight=54 4763 68 73 74 92 77 50 50 51 50 53 64 51 53
leaf_count=54 4763 68 73 74 92 77 50 50 51 50 53 64 51 53
internal_value=-0.00278054 -0.0195349 -0.0201894 -0.0193066 -0.0186111 -0.0151183 -0.0199436 -0.0215823 -0.0233721 -0.0210606 -0.0158661 -0.0235088 -0.0177723 -0.0258411
internal_weight=5623 860 792 685 612 169 443 316 215 165 127 114 101 107
internal_count=5623 860 792 685 612 169 443 316 215 165 127 114 101 107
is_linear=0
shrinkage=0.05


Tree=182
num_leaves=15
num_cat=0
split_feature=16 7 1 17 4 12 7 12 3 3 7 18 16 4
split_gain=113.999 1.71636 1.58067 1.24665 1.86313 1.48976 1.31522 1.46145 1.21695 1.40358 0.936524 0.547241 0.409216 0.402496
threshold=0.20980795610425237 985.1500000000002 5.3144794187211071 28.550000000000004 -0.92384435400961373 -0.49159999999999993 969.6500000000002 0.42180000000000006 -0.4539904997395468 -0.29237170472273694 975.75000000000011 23.650000000000002 1.0000000180025095e-35 0.58068084432175959
decision_type=2 2 2 2 2 2 2 2 2 2 2 2 2 2
left_child=1 2 12 5 -5 -4 -6 -8 10 -10 11 -7 -1 -2
right_child=13 -3 3 4 6 8 7 -9 9 -11 -12 -13 -14 -15
leaf_value=-1.0519280599902078e-06 -0.000145061663105267 -1.0519280599902078e-06 -1.0519280599902078e-06 -1.0519280599902078e-06 -1.0519280599902078e-06 -1.0519280599902078e-06 -1.0519280599902078e-06 -1.0519280599902078e-06 -1.0519280599902078e-06 -1.0519280599902078e-06 -1.0519280599902078e-06 -1.0519280599902078e-06 -1.0519280599902078e-06 0.0053999662723670907
leaf_weight=54 3531 68 52 56 69 50 105 102 57 69 67 58 53 1232
leaf_count=54 3531 68 52 56 69 50 105 102 57 69 67 58 53 1232
internal_value=-0.00278054 -0.0195349 -0.0201894 -0.0193066 -0.021506 -0.017238 -0.0198188 -0.0218116 -0.018588 -0.0148413 -0.0212857 -0.0241667 -0.0258411 0.000244594
internal_weight=5623 860 792 685 332 353 276 207 301 126 175 108 107 4763
internal_count=5623 860 792 685 332 353 276 207 301 126 175 108 107 4763
is_linear=0
shrinkage=0.05


Tree=183
num_leaves=15
num_cat=0
split_feature=16 7 0 17 4 12 7 12 3 3 7 18 16 3
split_gain=113.636 1.71636 1.58067 1.24665 1.86313 1.48976 1.31522 1.46145 1.21695 1.40358 0.936524 0.547241 0.409216 0.379259
threshold=0.20980795610425237 985.1500000000002 3.8500000000000001 28.550000000000004 -0.92384435400961373 -0.49159999999999993 969.6500000000002 0.42180000000000006 -0.4539904997395468 -0.29237170472273694 975.75000000000011 23.650000000000002 1.0000000180025095e-35 -0.93663652364155492
decision_type=2 2 2 2 2 2 2 2 2 2 2 2 2 2
left_child=1 2 12 5 -5 -4 -6 -8 10 -10 11 -7 -1 -2
right_child=13 -3 3 4 6 8 7 -9 9 -11 -12 -13 -14 -15
leaf_value=-9.9933165699069753e-07 -0.0033720753040889467 -9.9933165699069753e-07 -9.9933165699069753e-07 -9.9933165699069753e-07 -9.9933165699069753e-07 -9.9933165699069753e-07 -9.9933165699069753e-07 -9.9933165699069753e-07 -9.9933165699069753e-07 -9.9933165699069753e-07 -9.9933165699069753e-07 -9.9933165699069753e-07 -9.9933165699069753e-07 0.0018687452578643228
leaf_weight=54 529 68 52 56 69 50 105 102 57 69 67 58 53 4234
leaf_count=54 529 68 52 56 69 50 105 102 57 69 67 58 53 4234
internal_value=-0.00280722 -0.0195349 -0.0201894 -0.0193066 -0.021506 -0.017238 -0.0198188 -0.0218116 -0.018588 -0.0148413 -0.0212857 -0.0241667 -0.0258411 0.000213101
internal_weight=5623 860 792 685 332 353 276 207 301 126 175 108 107 4763
internal_count=5623 860 792 685 332 353 276 207 301 126 175 108 107 4763
is_linear=0
shrinkage=0.05


Tree=184
num_leaves=15
num_cat=0
split_feature=16 7 0 17 4 12 7 12 3 3 7 18 16 14
split_gain=113.515 1.71636 1.58067 1.24665 1.86313 1.48976 1.31522 1.46145 1.21695 1.40358 0.936524 0.547241 0.409216 0.370262
threshold=0.20980795610425237 985.1500000000002 3.8500000000000001 28.550000000000004 -0.92384435400961373 -0.49159999999999993 969.6500000000002 0.42180000000000006 -0.4539904997395468 -0.29237170472273694 975.75000000000011 23.650000000000002 1.0000000180025095e-35 11.015000000000002
decision_type=2 2 2 2 2 2 2 2 2 2 2 2 2 2
left_child=1 2 12 5 -5 -4 -6 -8 10 -10 11 -7 -1 -2
right_child=13 -3 3 4 6 8 7 -9 9 -11 -12 -13 -14 -15
leaf_value=-9.4936507414116271e-07 -0.00090037221617875359 -9.4936507414116271e-07 -9.4936507414116271e-07 -9.4936507414116271e-07 -9.4936507414116271e-07 -9.4936507414116271e-07 -9.4936507414116271e-07 -9.4936507414116271e-07 -9.4936507414116271e-07 -9.4936507414116271e-07 -9.4936507414116271e-07 -9.4936507414116271e-07 -9.4936507414116271e-07 0.00478627969814506
leaf_weight=54 1647 68 52 56 69 50 105 102 57 69 67 58 53 3116
leaf_count=54 1647 68 52 56 69 50 105 102 57 69 67 58 53 3116
internal_value=-0.00281611 -0.0195349 -0.0201894 -0.0193066 -0.021506 -0.017238 -0.0198188 -0.0218116 -0.018588 -0.0148413 -0.0212857 -0.0241667 -0.0258411 0.000202604
internal_weight=5623 860 792 685 332 353 276 207 301 126 175 108 107 4763
internal_count=5623 860 792 685 332 353 276 207 301 126 175 108 107 4763
is_linear=0
shrinkage=0.05


Tree=185
num_leaves=15
num_cat=0
split_feature=16 7 0 17 4 12 7 12 3 3 7 18 16 14
split_gain=113.395 1.71636 1.58067 1.24665 1.86313 1.48976 1.31522 1.46145 1.21695 1.40358 0.936524 0.547241 0.409216 0.374896
threshold=0.20980795610425237 985.1500000000002 3.8500000000000001 28.550000000000004 -0.92384435400961373 -0.49159999999999993 969.6500000000002 0.42180000000000006 -0.4539904997395468 -0.29237170472273694 975.75000000000011 23.650000000000002 1.0000000180025095e-35 11.615000000000002
decision_type=2 2 2 2 2 2 2 2 2 2 2 2 2 2
left_child=1 2 12 5 -5 -4 -6 -8 10 -10 11 -7 -1 -2
right_child=13 -3 3 4 6 8 7 -9 9 -11 -12 -13 -14 -15
leaf_value=-9.018968204341046e-07 -0.00074909025810040498 -9.018968204341046e-07 -9.018968204341046e-07 -9.018968204341046e-07 -9.018968204341046e-07 -9.018968204341046e-07 -9.018968204341046e-07 -9.018968204341046e-07 -9.018968204341046e-07 -9.018968204341046e-07 -9.018968204341046e-07 -9.018968204341046e-07 -9.018968204341046e-07 0.0050299785650409377
leaf_weight=54 1896 68 52 56 69 50 105 102 57 69 67 58 53 2867
leaf_count=54 1896 68 52 56 69 50 105 102 57 69 67 58 53 2867
internal_value=-0.002825 -0.0195349 -0.0201894 -0.0193066 -0.021506 -0.017238 -0.0198188 -0.0218116 -0.018588 -0.0148413 -0.0212857 -0.0241667 -0.0258411 0.000192106
internal_weight=5623 860 792 685 332 353 276 207 301 126 175 108 107 4763
internal_count=5623 860 792 685 332 353 276 207 301 126 175 108 107 4763
is_linear=0
shrinkage=0.05


Tree=186
num_leaves=15
num_cat=0
split_feature=16 7 0 17 4 12 7 12 4 8 7 16 18 6
split_gain=113.636 1.71636 1.58067 1.24665 1.86313 1.48976 1.31522 1.46145 1.05087 0.759073 0.692032 0.409216 0.352941 0.342741
threshold=0.20980795610425237 985.1500000000002 3.8500000000000001 28.550000000000004 -0.92384435400961373 -0.49159999999999993 969.6500000000002 0.42180000000000006 -0.88697705852364728 -0.60354999999999992 975.75000000000011 1.0000000180025095e-35 27.150000000000002 37.850000000000001
decision_type=2 2 2 2 2 2 2 2 2 2 2 2 2 2
left_child=1 2 11 5 -5 -4 -6 -8 -7 -10 -11 -1 -9 -2
right_child=13 -3 3 4 6 8 7 12 9 10 -12 -13 -14 -15
leaf_value=-8.5680197941239935e-07 0.0017712865368408983 -8.5680197941239935e-07 -8.5680197941239935e-07 -8.5680197941239935e-07 -8.5680197941239935e-07 -8.5680197941239935e-07 -8.5680197941239935e-07 -8.5680197941239935e-07 -8.5680197941239935e-07 -8.5680197941239935e-07 -8.5680197941239935e-07 -8.5680197941239935e-07 -8.5680197941239935e-07 -0.0032217736978255212
leaf_weight=54 4256 68 52 56 69 96 105 51 64 89 52 53 51 507
leaf_count=54 4256 68 52 56 69 96 105 51 64 89 52 53 51 507
internal_value=-0.00280722 -0.0195349 -0.0201894 -0.0193066 -0.021506 -0.017238 -0.0198188 -0.0218116 -0.018588 -0.0206098 -0.0226596 -0.0258411 -0.017549 0.000213101
internal_weight=5623 860 792 685 332 353 276 207 301 205 141 107 102 4763
internal_count=5623 860 792 685 332 353 276 207 301 205 141 107 102 4763
is_linear=0
shrinkage=0.05


Tree=187
num_leaves=15
num_cat=0
split_feature=16 7 0 17 4 12 7 12 3 3 7 18 16 14
split_gain=113.395 1.71636 1.58067 1.24665 1.86313 1.48976 1.31522 1.46145 1.21695 1.40358 0.936524 0.547241 0.409216 0.374896
threshold=0.20980795610425237 985.1500000000002 3.8500000000000001 28.550000000000004 -0.92384435400961373 -0.49159999999999993 969.6500000000002 0.42180000000000006 -0.4539904997395468 -0.29237170472273694 975.75000000000011 23.650000000000002 1.0000000180025095e-35 11.615000000000002
decision_type=2 2 2 2 2 2 2 2 2 2 2 2 2 2
left_child=1 2 12 5 -5 -4 -6 -8 10 -10 11 -7 -1 -2
right_child=13 -3 3 4 6 8 7 -9 9 -11 -12 -13 -14 -15
leaf_value=-8.1396188044177931e-07 -0.00080020007203757181 -8.1396188044177931e-07 -8.1396188044177931e-07 -8.1396188044177931e-07 -8.1396188044177931e-07 -8.1396188044177931e-07 -8.1396188044177931e-07 -8.1396188044177931e-07 -8.1396188044177931e-07 -8.1396188044177931e-07 -8.1396188044177931e-07 -8.1396188044177931e-07 -8.1396188044177931e-07 0.0046899153099474117
leaf_weight=54 1896 68 52 56 69 50 105 102 57 69 67 58 53 2867
leaf_count=54 1896 68 52 56 69 50 105 102 57 69 67 58 53 2867
internal_value=-0.002825 -0.0195349 -0.0201894 -0.0193066 -0.021506 -0.017238 -0.0198188 -0.0218116 -0.018588 -0.0148413 -0.0212857 -0.0241667 -0.0258411 0.000192106
internal_weight=5623 860 792 685 332 353 276 207 301 126 175 108 107 4763
internal_count=5623 860 792 685 332 353 276 207 301 126 175 108 107 4763
is_linear=0
shrinkage=0.05


Tree=188
num_leaves=15
num_cat=0
split_feature=16 7 0 4 3 4 3 13 18 18 6 15 14 16
split_gain=113.395 1.71636 1.58067 1.11102 1.13929 1.52005 1.184 0.861946 1.51634 0.88422 0.771742 0.718596 0.563623 0.409216
threshold=0.20980795610425237 985.1500000000002 3.8500000000000001 -0.95368063612909437 -0.4539904997395468 -0.90992662233962529 -0.74892720285008318 -0.85669999999999991 22.350000000000005 26.350000000000005 33.650000000000013 30.740000000000006 28.085000000000004 1.0000000180025095e-35
decision_type=2 2 2 2 2 2 2 2 2 2 2 2 2 2
left_child=1 2 13 -4 6 -6 10 8 -8 -10 -5 -11 -9 -1
right_child=-2 -3 3 4 5 -7 7 12 9 11 -12 -13 -14 -15
leaf_value=-7.7326378641969043e-07 0.00089751076480168294 -7.7326378641969043e-07 -7.7326378641969043e-07 -7.7326378641969043e-07 -7.7326378641969043e-07 -7.7326378641969043e-07 -7.7326378641969043e-07 -7.7326378641969043e-07 -7.7326378641969043e-07 -7.7326378641969043e-07 -7.7326378641969043e-07 -7.7326378641969043e-07 -7.7326378641969043e-07 -7.7326378641969043e-07
leaf_weight=54 4763 68 73 74 92 77 50 50 51 50 53 64 51 53
leaf_count=54 4763 68 73 74 92 77 50 50 51 50 53 64 51 53
internal_value=-0.002825 -0.0195349 -0.0201894 -0.0193066 -0.0186111 -0.0151183 -0.0199436 -0.0215823 -0.0233721 -0.0210606 -0.0158661 -0.0235088 -0.0177723 -0.0258411
internal_weight=5623 860 792 685 612 169 443 316 215 165 127 114 101 107
internal_count=5623 860 792 685 612 169 443 316 215 165 127 114 101 107
is_linear=0
shrinkage=0.05


Tree=189
num_leaves=15
num_cat=0
split_feature=0 0 7 17 4 12 7 12 4 4 7 9 14 15
split_gain=81.6528 31.694 3.07183 1.22763 1.89938 1.41894 1.27237 1.54286 1.07164 0.864429 0.70934 0.500087 0.360606 0.718551
threshold=25.050000000000004 4.1500000000000012 985.1500000000002 28.550000000000004 -0.92384435400961373 -0.18594999999999998 969.6500000000002 0.42180000000000006 -0.88697705852364728 0.18222858652173771 975.75000000000011 -0.3793999999999999 11.615000000000002 10.475000000000003
decision_type=2 2 2 2 2 2 2 2 2 2 2 2 2 2
left_child=1 2 9 5 -5 -2 -6 -8 -7 -1 -10 -9 13 -3
right_child=3 12 -4 4 6 8 7 11 10 -11 -12 -13 -14 -15
leaf_value=-7.3460059709870588e-07 -7.3460059709870588e-07 0.00090371700855494176 -7.3460059709870588e-07 -7.3460059709870588e-07 -7.3460059709870588e-07 -7.3460059709870588e-07 -7.3460059709870588e-07 -7.3460059709870588e-07 -7.3460059709870588e-07 -7.3460059709870588e-07 -7.3460059709870588e-07 -7.3460059709870588e-07 0.0044105440062096931 -0.0085865730473778483
leaf_weight=76 92 1247 64 56 69 71 105 55 98 55 69 50 2867 649
leaf_count=76 92 1247 64 56 69 71 105 55 98 55 69 50 2867 649
internal_value=-0.0028339 -0.000627269 -0.0203846 -0.0192857 -0.0214179 -0.0171212 -0.0197312 -0.0216667 -0.0191597 -0.024771 -0.0213473 -0.017381 0.000181608 -0.000353375
internal_weight=5623 4958 195 665 335 330 279 210 238 131 167 105 4763 1896
internal_count=5623 4958 195 665 335 330 279 210 238 131 167 105 4763 1896
is_linear=0
shrinkage=0.05


Tree=190
num_leaves=15
num_cat=0
split_feature=16 7 1 17 12 3 3 12 13 3 5 7 18 16
split_gain=113.515 1.71636 1.58067 1.24665 1.48976 1.21695 1.40358 1.20634 1.68878 2.23584 1.06425 0.936524 0.547241 0.409216
threshold=0.20980795610425237 985.1500000000002 5.3144794187211071 28.550000000000004 -0.49159999999999993 -0.4539904997395468 -0.29237170472273694 0.42180000000000006 -0.97314999999999985 -0.39073112848927366 1.1171711757301654 975.75000000000011 23.650000000000002 1.0000000180025095e-35
decision_type=2 2 2 2 2 2 2 2 2 2 2 2 2 2
left_child=1 2 13 4 -4 11 -7 8 9 -5 -9 12 -6 -1
right_child=-2 -3 3 7 5 6 -8 10 -10 -11 -12 -13 -14 -15
leaf_value=-6.9787056724377056e-07 0.00072712345211471512 -6.9787056724377056e-07 -6.9787056724377056e-07 -6.9787056724377056e-07 -6.9787056724377056e-07 -6.9787056724377056e-07 -6.9787056724377056e-07 -6.9787056724377056e-07 -6.9787056724377056e-07 -6.9787056724377056e-07 -6.9787056724377056e-07 -6.9787056724377056e-07 -6.9787056724377056e-07 -6.9787056724377056e-07
leaf_weight=54 4763 68 52 89 50 57 69 68 73 50 52 67 58 53
leaf_count=54 4763 68 52 89 50 57 69 68 73 50 52 67 58 53
internal_value=-0.00281611 -0.0195349 -0.0201894 -0.0193066 -0.017238 -0.018588 -0.0148413 -0.021506 -0.0237736 -0.0205396 -0.0175 -0.0212857 -0.0241667 -0.0258411
internal_weight=5623 860 792 685 353 301 126 332 212 139 120 175 108 107
internal_count=5623 860 792 685 353 301 126 332 212 139 120 175 108 107
is_linear=0
shrinkage=0.05


Tree=191
num_leaves=15
num_cat=0
split_feature=16 7 0 17 4 12 7 12 3 3 7 18 16 18
split_gain=113.515 1.71636 1.58067 1.24665 1.86313 1.48976 1.31522 1.46145 1.21695 1.40358 0.936524 0.547241 0.409216 0.352941
threshold=0.20980795610425237 985.1500000000002 3.8500000000000001 28.550000000000004 -0.92384435400961373 -0.49159999999999993 969.6500000000002 0.42180000000000006 -0.4539904997395468 -0.29237170472273694 975.75000000000011 23.650000000000002 1.0000000180025095e-35 27.150000000000002
decision_type=2 2 2 2 2 2 2 2 2 2 2 2 2 2
left_child=1 2 12 5 -5 -4 -6 -8 10 -10 11 -7 -1 -9
right_child=-2 -3 3 4 6 8 7 13 9 -11 -12 -13 -14 -15
leaf_value=-6.6297703888158202e-07 0.0006907672795089814 -6.6297703888158202e-07 -6.6297703888158202e-07 -6.6297703888158202e-07 -6.6297703888158202e-07 -6.6297703888158202e-07 -6.6297703888158202e-07 -6.6297703888158202e-07 -6.6297703888158202e-07 -6.6297703888158202e-07 -6.6297703888158202e-07 -6.6297703888158202e-07 -6.6297703888158202e-07 -6.6297703888158202e-07
leaf_weight=54 4763 68 52 56 69 50 105 51 57 69 67 58 53 51
leaf_count=54 4763 68 52 56 69 50 105 51 57 69 67 58 53 51
internal_value=-0.00281611 -0.0195349 -0.0201894 -0.0193066 -0.021506 -0.017238 -0.0198188 -0.0218116 -0.018588 -0.0148413 -0.0212857 -0.0241667 -0.0258411 -0.017549
internal_weight=5623 860 792 685 332 353 276 207 301 126 175 108 107 102
internal_count=5623 860 792 685 332 353 276 207 301 126 175 108 107 102
is_linear=0
shrinkage=0.05


Tree=192
num_leaves=15
num_cat=0
split_feature=16 7 0 17 4 12 7 12 3 3 7 18 16 18
split_gain=113.515 1.71636 1.58067 1.24665 1.86313 1.48976 1.31522 1.46145 1.21695 1.40358 0.936524 0.547241 0.409216 0.352941
threshold=0.20980795610425237 985.1500000000002 3.8500000000000001 28.550000000000004 -0.92384435400961373 -0.49159999999999993 969.6500000000002 0.42180000000000006 -0.4539904997395468 -0.29237170472273694 975.75000000000011 23.650000000000002 1.0000000180025095e-35 27.150000000000002
decision_type=2 2 2 2 2 2 2 2 2 2 2 2 2 2
left_child=1 2 12 5 -5 -4 -6 -8 10 -10 11 -7 -1 -9
right_child=-2 -3 3 4 6 8 7 13 9 -11 -12 -13 -14 -15
leaf_value=-6.298281869375029e-07 0.00065622891553353659 -6.298281869375029e-07 -6.298281869375029e-07 -6.298281869375029e-07 -6.298281869375029e-07 -6.298281869375029e-07 -6.298281869375029e-07 -6.298281869375029e-07 -6.298281869375029e-07 -6.298281869375029e-07 -6.298281869375029e-07 -6.298281869375029e-07 -6.298281869375029e-07 -6.298281869375029e-07
leaf_weight=54 4763 68 52 56 69 50 105 51 57 69 67 58 53 51
leaf_count=54 4763 68 52 56 69 50 105 51 57 69 67 58 53 51
internal_value=-0.00281611 -0.0195349 -0.0201894 -0.0193066 -0.021506 -0.017238 -0.0198188 -0.0218116 -0.018588 -0.0148413 -0.0212857 -0.0241667 -0.0258411 -0.017549
internal_weight=5623 860 792 685 332 353 276 207 301 126 175 108 107 102
internal_count=5623 860 792 685 332 353 276 207 301 126 175 108 107 102
is_linear=0
shrinkage=0.05


Tree=193
num_leaves=15
num_cat=0
split_feature=16 7 0 4 3 4 3 13 18 18 6 14 7 16
split_gain=113.515 1.71636 1.58067 1.11102 1.13929 1.52005 1.184 0.861946 1.51634 0.88422 0.771742 0.563623 0.438596 0.409216
threshold=0.20980795610425237 985.1500000000002 3.8500000000000001 -0.95368063612909437 -0.4539904997395468 -0.90992662233962529 -0.74892720285008318 -0.85669999999999991 22.350000000000005 26.350000000000005 33.650000000000013 28.085000000000004 970.55000000000007 1.0000000180025095e-35
decision_type=2 2 2 2 2 2 2 2 2 2 2 2 2 2
left_child=1 2 13 -4 6 -6 10 8 -8 -10 -5 -9 -11 -1
right_child=-2 -3 3 4 5 -7 7 11 9 12 -12 -13 -14 -15
leaf_value=-5.9833677759062777e-07 0.00062341746975684391 -5.9833677759062777e-07 -5.9833677759062777e-07 -5.9833677759062777e-07 -5.9833677759062777e-07 -5.9833677759062777e-07 -5.9833677759062777e-07 -5.9833677759062777e-07 -5.9833677759062777e-07 -5.9833677759062777e-07 -5.9833677759062777e-07 -5.9833677759062777e-07 -5.9833677759062777e-07 -5.9833677759062777e-07
leaf_weight=54 4763 68 73 74 92 77 50 50 51 50 53 51 64 53
leaf_count=54 4763 68 73 74 92 77 50 50 51 50 53 51 64 53
internal_value=-0.00281611 -0.0195349 -0.0201894 -0.0193066 -0.0186111 -0.0151183 -0.0199436 -0.0215823 -0.0233721 -0.0210606 -0.0158661 -0.0177723 -0.0235088 -0.0258411
internal_weight=5623 860 792 685 612 169 443 316 215 165 127 101 114 107
internal_count=5623 860 792 685 612 169 443 316 215 165 127 101 114 107
is_linear=0
shrinkage=0.05


Tree=194
num_leaves=15
num_cat=0
split_feature=0 0 7 17 4 12 7 12 4 4 7 9 0 6
split_gain=81.7411 31.7264 3.07183 1.22763 1.89938 1.41894 1.27237 1.54286 1.07164 0.864429 0.70934 0.500087 0.349115 0.582261
threshold=25.050000000000004 4.1500000000000012 985.1500000000002 28.550000000000004 -0.92384435400961373 -0.18594999999999998 969.6500000000002 0.42180000000000006 -0.88697705852364728 0.18222858652173771 975.75000000000011 -0.3793999999999999 11.450000000000001 37.850000000000001
decision_type=2 2 2 2 2 2 2 2 2 2 2 2 2 2
left_child=1 2 9 5 -5 -2 -6 -8 -7 -1 -10 -9 -3 -14
right_child=3 12 -4 4 6 8 7 11 10 -11 -12 -13 13 -15
leaf_value=-5.6841993871109638e-07 -5.6841993871109638e-07 -0.0010390755422467477 -5.6841993871109638e-07 -5.6841993871109638e-07 -5.6841993871109638e-07 -5.6841993871109638e-07 -5.6841993871109638e-07 -5.6841993871109638e-07 -5.6841993871109638e-07 -5.6841993871109638e-07 -5.6841993871109638e-07 -5.6841993871109638e-07 0.0074817102883274721 -0.0086495439132378994
leaf_weight=76 92 1832 64 56 69 71 105 55 98 55 69 50 2578 353
leaf_count=76 92 1832 64 56 69 71 105 55 98 55 69 50 2578 353
internal_value=-0.002825 -0.000617184 -0.0203846 -0.0192857 -0.0214179 -0.0171212 -0.0197312 -0.0216667 -0.0191597 -0.024771 -0.0213473 -0.017381 0.000192106 0.000530536
internal_weight=5623 4958 195 665 335 330 279 210 238 131 167 105 4763 2931
internal_count=5623 4958 195 665 335 330 279 210 238 131 167 105 4763 2931
is_linear=0
shrinkage=0.05


Tree=195
num_leaves=15
num_cat=0
split_feature=16 7 0 17 4 12 7 12 4 8 7 16 18 12
split_gain=113.153 1.71636 1.58067 1.24665 1.86313 1.48976 1.31522 1.46145 1.05087 0.759073 0.692032 0.409216 0.352941 0.341326
threshold=0.20980795610425237 985.1500000000002 3.8500000000000001 28.550000000000004 -0.92384435400961373 -0.49159999999999993 969.6500000000002 0.42180000000000006 -0.88697705852364728 -0.60354999999999992 975.75000000000011 1.0000000180025095e-35 27.150000000000002 0.99760000000000015
decision_type=2 2 2 2 2 2 2 2 2 2 2 2 2 2
left_child=1 2 11 5 -5 -4 -6 -8 -7 -10 -11 -1 -9 -2
right_child=13 -3 3 4 6 8 7 12 9 10 -12 -13 -14 -15
leaf_value=-5.3999894177554155e-07 0.00021721792975363461 -5.3999894177554155e-07 -5.3999894177554155e-07 -5.3999894177554155e-07 -5.3999894177554155e-07 -5.3999894177554155e-07 -5.3999894177554155e-07 -5.3999894177554155e-07 -5.3999894177554155e-07 -5.3999894177554155e-07 -5.3999894177554155e-07 -5.3999894177554155e-07 -5.3999894177554155e-07 0.0099544725531571128
leaf_weight=54 4579 68 52 56 69 96 105 51 64 89 52 53 51 184
leaf_count=54 4579 68 52 56 69 96 105 51 64 89 52 53 51 184
internal_value=-0.00284279 -0.0195349 -0.0201894 -0.0193066 -0.021506 -0.017238 -0.0198188 -0.0218116 -0.018588 -0.0206098 -0.0226596 -0.0258411 -0.017549 0.000171111
internal_weight=5623 860 792 685 332 353 276 207 301 205 141 107 102 4763
internal_count=5623 860 792 685 332 353 276 207 301 205 141 107 102 4763
is_linear=0
shrinkage=0.05


Tree=196
num_leaves=15
num_cat=0
split_feature=16 7 0 17 4 12 7 12 3 3 7 18 16 18
split_gain=113.033 1.71636 1.58067 1.24665 1.86313 1.48976 1.31522 1.46145 1.21695 1.40358 0.936524 0.547241 0.409216 0.352941
threshold=0.20980795610425237 985.1500000000002 3.8500000000000001 28.550000000000004 -0.92384435400961373 -0.49159999999999993 969.6500000000002 0.42180000000000006 -0.4539904997395468 -0.29237170472273694 975.75000000000011 23.650000000000002 1.0000000180025095e-35 27.150000000000002
decision_type=2 2 2 2 2 2 2 2 2 2 2 2 2 2
left_child=1 2 12 5 -5 -4 -6 -8 10 -10 11 -7 -1 -9
right_child=-2 -3 3 4 6 8 7 13 9 -11 -12 -13 -14 -15
leaf_value=-5.1299899468676442e-07 0.00049258197335886515 -5.1299899468676442e-07 -5.1299899468676442e-07 -5.1299899468676442e-07 -5.1299899468676442e-07 -5.1299899468676442e-07 -5.1299899468676442e-07 -5.1299899468676442e-07 -5.1299899468676442e-07 -5.1299899468676442e-07 -5.1299899468676442e-07 -5.1299899468676442e-07 -5.1299899468676442e-07 -5.1299899468676442e-07
leaf_weight=54 4763 68 52 56 69 50 105 51 57 69 67 58 53 51
leaf_count=54 4763 68 52 56 69 50 105 51 57 69 67 58 53 51
internal_value=-0.00285168 -0.0195349 -0.0201894 -0.0193066 -0.021506 -0.017238 -0.0198188 -0.0218116 -0.018588 -0.0148413 -0.0212857 -0.0241667 -0.0258411 -0.017549
internal_weight=5623 860 792 685 332 353 276 207 301 126 175 108 107 102
internal_count=5623 860 792 685 332 353 276 207 301 126 175 108 107 102
is_linear=0
shrinkage=0.05


Tree=197
num_leaves=15
num_cat=0
split_feature=16 7 0 17 4 12 7 12 3 3 7 18 16 18
split_gain=112.792 1.71636 1.58067 1.24665 1.86313 1.48976 1.31522 1.46145 1.21695 1.40358 0.936524 0.547241 0.409216 0.352941
threshold=0.20980795610425237 985.1500000000002 3.8500000000000001 28.550000000000004 -0.92384435400961373 -0.49159999999999993 969.6500000000002 0.42180000000000006 -0.4539904997395468 -0.29237170472273694 975.75000000000011 23.650000000000002 1.0000000180025095e-35 27.150000000000002
decision_type=2 2 2 2 2 2 2 2 2 2 2 2 2 2
left_child=1 2 12 5 -5 -4 -6 -8 10 -10 11 -7 -1 -9
right_child=-2 -3 3 4 6 8 7 13 9 -11 -12 -13 -14 -15
leaf_value=-4.8734904495242619e-07 0.00046795287469096202 -4.8734904495242619e-07 -4.8734904495242619e-07 -4.8734904495242619e-07 -4.8734904495242619e-07 -4.8734904495242619e-07 -4.8734904495242619e-07 -4.8734904495242619e-07 -4.8734904495242619e-07 -4.8734904495242619e-07 -4.8734904495242619e-07 -4.8734904495242619e-07 -4.8734904495242619e-07 -4.8734904495242619e-07
leaf_weight=54 4763 68 52 56 69 50 105 51 57 69 67 58 53 51
leaf_count=54 4763 68 52 56 69 50 105 51 57 69 67 58 53 51
internal_value=-0.00286946 -0.0195349 -0.0201894 -0.0193066 -0.021506 -0.017238 -0.0198188 -0.0218116 -0.018588 -0.0148413 -0.0212857 -0.0241667 -0.0258411 -0.017549
internal_weight=5623 860 792 685 332 353 276 207 301 126 175 108 107 102
internal_count=5623 860 792 685 332 353 276 207 301 126 175 108 107 102
is_linear=0
shrinkage=0.05


Tree=198
num_leaves=15
num_cat=0
split_feature=0 0 7 17 4 12 7 12 4 4 7 9 14 15
split_gain=81.3001 31.5648 3.07183 1.22763 1.89938 1.41894 1.27237 1.54286 1.07164 0.864429 0.70934 0.500087 0.331488 0.761307
threshold=25.050000000000004 4.1500000000000012 985.1500000000002 28.550000000000004 -0.92384435400961373 -0.18594999999999998 969.6500000000002 0.42180000000000006 -0.88697705852364728 0.18222858652173771 975.75000000000011 -0.3793999999999999 11.015000000000002 10.475000000000003
decision_type=2 2 2 2 2 2 2 2 2 2 2 2 2 2
left_child=1 2 9 5 -5 -2 -6 -8 -7 -1 -10 -9 13 -3
right_child=3 12 -4 4 6 8 7 11 10 -11 -12 -13 -14 -15
leaf_value=-4.6298159270480488e-07 -4.6298159270480488e-07 0.00041268229797843895 -4.6298159270480488e-07 -4.6298159270480488e-07 -4.6298159270480488e-07 -4.6298159270480488e-07 -4.6298159270480488e-07 -4.6298159270480488e-07 -4.6298159270480488e-07 -4.6298159270480488e-07 -4.6298159270480488e-07 -4.6298159270480488e-07 0.0035615531349558541 -0.013677480540708747
leaf_weight=76 92 1186 64 56 69 71 105 55 98 55 69 50 3116 461
leaf_count=76 92 1186 64 56 69 71 105 55 98 55 69 50 3116 461
internal_value=-0.00286946 -0.000667608 -0.0203846 -0.0192857 -0.0214179 -0.0171212 -0.0197312 -0.0216667 -0.0191597 -0.024771 -0.0213473 -0.017381 0.000139618 -0.000434122
internal_weight=5623 4958 195 665 335 330 279 210 238 131 167 105 4763 1647
internal_count=5623 4958 195 665 335 330 279 210 238 131 167 105 4763 1647
is_linear=0
shrinkage=0.05


Tree=199
num_leaves=15
num_cat=0
split_feature=16 7 0 17 12 12 13 5 17 18 6 17 8 16
split_gain=112.311 1.71636 1.58067 1.24665 1.48976 1.20634 1.68878 1.06425 0.907947 1.80519 2.16792 1.09891 0.633985 0.409216
threshold=0.20980795610425237 985.1500000000002 3.8500000000000001 28.550000000000004 -0.49159999999999993 0.42180000000000006 -0.97314999999999985 1.1171711757301654 25.950000000000003 24.150000000000002 32.95000000000001 27.050000000000004 -1.0000000180025095e-35 1.0000000180025095e-35
decision_type=2 2 2 2 2 2 2 2 2 2 2 2 2 2
left_child=1 2 13 4 -4 6 12 -7 9 10 -6 -10 -5 -1
right_child=-2 -3 3 5 8 7 -8 -9 11 -11 -12 -13 -14 -15
leaf_value=-4.3983251306956464e-07 0.00056771982927713422 -4.3983251306956464e-07 -4.3983251306956464e-07 -4.3983251306956464e-07 -4.3983251306956464e-07 -4.3983251306956464e-07 -4.3983251306956464e-07 -4.3983251306956464e-07 -4.3983251306956464e-07 -4.3983251306956464e-07 -4.3983251306956464e-07 -4.3983251306956464e-07 -4.3983251306956464e-07 -4.3983251306956464e-07
leaf_weight=54 4763 68 52 56 51 68 73 52 56 50 66 78 83 53
leaf_count=54 4763 68 52 56 51 68 73 52 56 50 66 78 83 53
internal_value=-0.00290503 -0.0195349 -0.0201894 -0.0193066 -0.017238 -0.021506 -0.0237736 -0.0175 -0.018588 -0.0210479 -0.0176496 -0.0155224 -0.0205396 -0.0258411
internal_weight=5623 860 792 685 353 332 212 120 301 167 117 134 139 107
internal_count=5623 860 792 685 353 332 212 120 301 167 117 134 139 107
is_linear=0
shrinkage=0.05


Tree=200
num_leaves=15
num_cat=0
split_feature=16 7 0 17 4 12 7 12 3 3 7 18 16 9
split_gain=112.311 1.71636 1.58067 1.24665 1.86313 1.48976 1.31522 1.46145 1.21695 1.40358 0.936524 0.547241 0.409216 0.376552
threshold=0.20980795610425237 985.1500000000002 3.8500000000000001 28.550000000000004 -0.92384435400961373 -0.49159999999999993 969.6500000000002 0.42180000000000006 -0.4539904997395468 -0.29237170472273694 975.75000000000011 23.650000000000002 1.0000000180025095e-35 0.60355000000000014
decision_type=2 2 2 2 2 2 2 2 2 2 2 2 2 2
left_child=1 2 12 5 -5 -4 -6 -8 10 -10 11 -7 -1 -2
right_child=13 -3 3 4 6 8 7 -9 9 -11 -12 -13 -14 -15
leaf_value=-4.1784088741608638e-07 -0.00052720752358195548 -4.1784088741608638e-07 -4.1784088741608638e-07 -4.1784088741608638e-07 -4.1784088741608638e-07 -4.1784088741608638e-07 -4.1784088741608638e-07 -4.1784088741608638e-07 -4.1784088741608638e-07 -4.1784088741608638e-07 -4.1784088741608638e-07 -4.1784088741608638e-07 -4.1784088741608638e-07 0.0032153439617430045
leaf_weight=54 3384 68 52 56 69 50 105 102 57 69 67 58 53 1379
leaf_count=54 3384 68 52 56 69 50 105 102 57 69 67 58 53 1379
internal_value=-0.00290503 -0.0195349 -0.0201894 -0.0193066 -0.021506 -0.017238 -0.0198188 -0.0218116 -0.018588 -0.0148413 -0.0212857 -0.0241667 -0.0258411 9.76277e-05
internal_weight=5623 860 792 685 332 353 276 207 301 126 175 108 107 4763
internal_count=5623 860 792 685 332 353 276 207 301 126 175 108 107 4763
is_linear=0
shrinkage=0.05


Tree=201
num_leaves=15
num_cat=0
split_feature=16 7 0 17 4 10 7 10 15 3 3 7 7 3
split_gain=112.071 1.71636 1.58067 1.24665 1.86313 1.35278 1.31522 1.30047 2.19472 1.16397 1.40358 0.874174 0.572311 0.410736
threshold=0.20980795610425237 985.1500000000002 3.8500000000000001 28.550000000000004 -0.92384435400961373 -0.68299999999999994 969.6500000000002 -1.0000000180025095e-35 29.655000000000005 -0.4539904997395468 -0.29237170472273694 975.75000000000011 972.45000000000016 0.99809679250719918
decision_type=2 2 2 2 2 2 2 2 2 2 2 2 2 2
left_child=1 2 -1 5 -5 -4 -6 -8 -9 11 -11 12 -7 -2
right_child=13 -3 3 4 6 9 7 8 -10 10 -12 -13 -14 -15
leaf_value=-3.9694884304528212e-07 0.00076844737651538854 -3.9694884304528212e-07 -3.9694884304528212e-07 -3.9694884304528212e-07 -3.9694884304528212e-07 -3.9694884304528212e-07 -3.9694884304528212e-07 -3.9694884304528212e-07 -3.9694884304528212e-07 -3.9694884304528212e-07 -3.9694884304528212e-07 -3.9694884304528212e-07 -3.9694884304528212e-07 -0.017314451877540049
leaf_weight=107 4709 68 51 56 69 57 52 73 82 57 69 67 52 54
leaf_count=107 4709 68 51 56 69 57 52 73 82 57 69 67 52 54
internal_value=-0.00292282 -0.0195349 -0.0201894 -0.0193066 -0.021506 -0.017238 -0.0198188 -0.0218116 -0.0195161 -0.0185099 -0.0148413 -0.0211364 -0.0238991 7.66326e-05
internal_weight=5623 860 792 685 332 353 276 207 155 302 126 176 109 4763
internal_count=5623 860 792 685 332 353 276 207 155 302 126 176 109 4763
is_linear=0
shrinkage=0.05


Tree=202
num_leaves=15
num_cat=0
split_feature=16 7 0 17 4 12 7 12 3 3 7 18 16 9
split_gain=111.951 1.71636 1.58067 1.24665 1.86313 1.48976 1.31522 1.46145 1.21695 1.40358 0.936524 0.547241 0.409216 0.371416
threshold=0.20980795610425237 985.1500000000002 3.8500000000000001 28.550000000000004 -0.92384435400961373 -0.49159999999999993 969.6500000000002 0.42180000000000006 -0.4539904997395468 -0.29237170472273694 975.75000000000011 23.650000000000002 1.0000000180025095e-35 0.60355000000000014
decision_type=2 2 2 2 2 2 2 2 2 2 2 2 2 2
left_child=1 2 12 5 -5 -4 -6 -8 10 -10 11 -7 -1 -2
right_child=13 -3 3 4 6 8 7 -9 9 -11 -12 -13 -14 -15
leaf_value=-3.77101400893018e-07 -0.00053926951622886097 -3.77101400893018e-07 -3.77101400893018e-07 -3.77101400893018e-07 -3.77101400893018e-07 -3.77101400893018e-07 -3.77101400893018e-07 -3.77101400893018e-07 -3.77101400893018e-07 -3.77101400893018e-07 -3.77101400893018e-07 -3.77101400893018e-07 -3.77101400893018e-07 0.0030161543948301413
leaf_weight=54 3384 68 52 56 69 50 105 102 57 69 67 58 53 1379
leaf_count=54 3384 68 52 56 69 50 105 102 57 69 67 58 53 1379
internal_value=-0.00293171 -0.0195349 -0.0201894 -0.0193066 -0.021506 -0.017238 -0.0198188 -0.0218116 -0.018588 -0.0148413 -0.0212857 -0.0241667 -0.0258411 6.6135e-05
internal_weight=5623 860 792 685 332 353 276 207 301 126 175 108 107 4763
internal_count=5623 860 792 685 332 353 276 207 301 126 175 108 107 4763
is_linear=0
shrinkage=0.05


Tree=203
num_leaves=15
num_cat=0
split_feature=16 5 5 8 0 15 9 17 12 15 18 9 0 18
split_gain=112.191 1.55205 2.03333 1.95283 1.46905 1.59494 1.41227 1.11302 0.833263 0.830744 0.925521 0.822913 0.354545 0.624499
threshold=0.20980795610425237 1.1281336744899015 1.118509522668149 0.60355000000000014 4.0500000000000007 23.560000000000006 0.78655000000000008 27.550000000000004 0.68435000000000012 28.185000000000006 31.050000000000004 0.78655000000000008 11.450000000000001 16.950000000000003
decision_type=2 2 2 2 2 2 2 2 2 2 2 2 2 2
left_child=1 2 3 4 -1 11 9 -4 -3 -7 -11 -6 -2 -14
right_child=12 8 7 -5 5 6 -8 -9 -10 10 -12 -13 13 -15
leaf_value=-3.5824633084836713e-07 -0.0011013822796561142 -3.5824633084836713e-07 -3.5824633084836713e-07 -3.5824633084836713e-07 -3.5824633084836713e-07 -3.5824633084836713e-07 -3.5824633084836713e-07 -3.5824633084836713e-07 -3.5824633084836713e-07 -3.5824633084836713e-07 -3.5824633084836713e-07 -3.5824633084836713e-07 0.011179545540753235 -0.0028409782723820124
leaf_weight=75 1832 98 57 79 54 80 78 67 94 54 71 53 1792 1139
leaf_count=75 1832 98 57 79 54 80 78 67 94 54 71 53 1792 1139
internal_value=-0.00291392 -0.0195349 -0.0206737 -0.0193566 -0.0205914 -0.019359 -0.0213251 -0.0264516 -0.0155729 -0.0191463 -0.0166 -0.0141589 8.71301e-05 0.000428182
internal_weight=5623 860 668 544 465 390 283 124 192 205 125 107 4763 2931
internal_count=5623 860 668 544 465 390 283 124 192 205 125 107 4763 2931
is_linear=0
shrinkage=0.05


Tree=204
num_leaves=15
num_cat=0
split_feature=16 7 0 17 4 12 7 12 3 3 7 18 16 3
split_gain=112.071 1.71636 1.58067 1.24665 1.86313 1.48976 1.31522 1.46145 1.21695 1.40358 0.936524 0.547241 0.409216 0.359807
threshold=0.20980795610425237 985.1500000000002 3.8500000000000001 28.550000000000004 -0.92384435400961373 -0.49159999999999993 969.6500000000002 0.42180000000000006 -0.4539904997395468 -0.29237170472273694 975.75000000000011 23.650000000000002 1.0000000180025095e-35 -0.99535829673000931
decision_type=2 2 2 2 2 2 2 2 2 2 2 2 2 2
left_child=1 2 12 5 -5 -4 -6 -8 10 -10 11 -7 -1 -2
right_child=13 -3 3 4 6 8 7 -9 9 -11 -12 -13 -14 -15
leaf_value=-3.4033401430594876e-07 -0.00942677439558888 -3.4033401430594876e-07 -3.4033401430594876e-07 -3.4033401430594876e-07 -3.4033401430594876e-07 -3.4033401430594876e-07 -3.4033401430594876e-07 -3.4033401430594876e-07 -3.4033401430594876e-07 -3.4033401430594876e-07 -3.4033401430594876e-07 -3.4033401430594876e-07 -3.4033401430594876e-07 0.00080193436210158333
leaf_weight=54 150 68 52 56 69 50 105 102 57 69 67 58 53 4613
leaf_count=54 150 68 52 56 69 50 105 102 57 69 67 58 53 4613
internal_value=-0.00292282 -0.0195349 -0.0201894 -0.0193066 -0.021506 -0.017238 -0.0198188 -0.0218116 -0.018588 -0.0148413 -0.0212857 -0.0241667 -0.0258411 7.66326e-05
internal_weight=5623 860 792 685 332 353 276 207 301 126 175 108 107 4763
internal_count=5623 860 792 685 332 353 276 207 301 126 175 108 107 4763
is_linear=0
shrinkage=0.05


Tree=205
num_leaves=15
num_cat=0
split_feature=16 7 0 13 8 0 18 3 14 14 14 5 16 9
split_gain=112.071 1.71636 1.58067 1.08955 2.00832 1.95334 1.08655 1.47627 1.04769 1.2634 1.09033 0.680549 0.409216 0.360227
threshold=0.20980795610425237 985.1500000000002 3.8500000000000001 -0.86974999999999991 -0.60354999999999992 32.750000000000007 19.950000000000003 -0.55191596924288666 31.900000000000002 29.385000000000002 26.085000000000004 1.1136732000027216 1.0000000180025095e-35 0.60355000000000014
decision_type=2 2 2 2 2 2 2 2 2 2 2 2 2 2
left_child=1 2 12 4 -4 6 -5 -8 9 10 -6 -12 -1 -2
right_child=13 -3 3 5 8 -7 7 -9 -10 -11 11 -13 -14 -15
leaf_value=-3.2331731359065127e-07 -0.00055320774691646542 -3.2331731359065127e-07 -3.2331731359065127e-07 -3.2331731359065127e-07 -3.2331731359065127e-07 -3.2331731359065127e-07 -3.2331731359065127e-07 -3.2331731359065127e-07 -3.2331731359065127e-07 -3.2331731359065127e-07 -3.2331731359065127e-07 -3.2331731359065127e-07 -3.2331731359065127e-07 0.002714100564517553
leaf_weight=54 3384 68 90 79 73 56 100 54 65 57 61 50 53 1379
leaf_count=54 3384 68 90 79 73 56 100 54 65 57 61 50 53 1379
internal_value=-0.00292282 -0.0195349 -0.0201894 -0.0193066 -0.0210101 -0.0169723 -0.0149571 -0.0174026 -0.0229412 -0.0244606 -0.0224457 -0.0193243 -0.0258411 7.66326e-05
internal_weight=5623 860 792 685 396 289 233 154 306 241 184 111 107 4763
internal_count=5623 860 792 685 396 289 233 154 306 241 184 111 107 4763
is_linear=0
shrinkage=0.05


Tree=206
num_leaves=15
num_cat=0
split_feature=16 7 0 17 4 12 7 12 3 3 7 18 16 18
split_gain=112.191 1.71636 1.58067 1.24665 1.86313 1.48976 1.31522 1.46145 1.21695 1.40358 0.936524 0.547241 0.409216 0.352941
threshold=0.20980795610425237 985.1500000000002 3.8500000000000001 28.550000000000004 -0.92384435400961373 -0.49159999999999993 969.6500000000002 0.42180000000000006 -0.4539904997395468 -0.29237170472273694 975.75000000000011 23.650000000000002 1.0000000180025095e-35 27.150000000000002
decision_type=2 2 2 2 2 2 2 2 2 2 2 2 2 2
left_child=1 2 12 5 -5 -4 -6 -8 10 -10 11 -7 -1 -9
right_child=-2 -3 3 4 6 8 7 13 9 -11 -12 -13 -14 -15
leaf_value=-3.0715144791111877e-07 0.00033216130020128406 -3.0715144791111877e-07 -3.0715144791111877e-07 -3.0715144791111877e-07 -3.0715144791111877e-07 -3.0715144791111877e-07 -3.0715144791111877e-07 -3.0715144791111877e-07 -3.0715144791111877e-07 -3.0715144791111877e-07 -3.0715144791111877e-07 -3.0715144791111877e-07 -3.0715144791111877e-07 -3.0715144791111877e-07
leaf_weight=54 4763 68 52 56 69 50 105 51 57 69 67 58 53 51
leaf_count=54 4763 68 52 56 69 50 105 51 57 69 67 58 53 51
internal_value=-0.00291392 -0.0195349 -0.0201894 -0.0193066 -0.021506 -0.017238 -0.0198188 -0.0218116 -0.018588 -0.0148413 -0.0212857 -0.0241667 -0.0258411 -0.017549
internal_weight=5623 860 792 685 332 353 276 207 301 126 175 108 107 102
internal_count=5623 860 792 685 332 353 276 207 301 126 175 108 107 102
is_linear=0
shrinkage=0.05


Tree=207
num_leaves=15
num_cat=0
split_feature=16 7 0 17 4 12 7 12 4 8 7 16 9 12
split_gain=112.071 1.71636 1.58067 1.24665 1.86313 1.48976 1.31522 1.46145 1.05087 0.759073 0.692032 0.409216 0.360227 0.471603
threshold=0.20980795610425237 985.1500000000002 3.8500000000000001 28.550000000000004 -0.92384435400961373 -0.49159999999999993 969.6500000000002 0.42180000000000006 -0.88697705852364728 -0.60354999999999992 975.75000000000011 1.0000000180025095e-35 0.60355000000000014 0.85675000000000012
decision_type=2 2 2 2 2 2 2 2 2 2 2 2 2 2
left_child=1 2 11 5 -5 -4 -6 -8 -7 -10 -11 -1 -2 -14
right_child=12 -3 3 4 6 8 7 -9 9 10 -12 -13 13 -15
leaf_value=-2.9179387551556282e-07 -0.00054215542458070653 -2.9179387551556282e-07 -2.9179387551556282e-07 -2.9179387551556282e-07 -2.9179387551556282e-07 -2.9179387551556282e-07 -2.9179387551556282e-07 -2.9179387551556282e-07 -2.9179387551556282e-07 -2.9179387551556282e-07 -2.9179387551556282e-07 -2.9179387551556282e-07 0.0056835120189094417 -0.0075822717702266305
leaf_weight=54 3384 68 52 56 69 96 105 102 64 89 52 53 963 416
leaf_count=54 3384 68 52 56 69 96 105 102 64 89 52 53 963 416
internal_value=-0.00292282 -0.0195349 -0.0201894 -0.0193066 -0.021506 -0.017238 -0.0198188 -0.0218116 -0.018588 -0.0206098 -0.0226596 -0.0258411 7.66326e-05 0.000757796
internal_weight=5623 860 792 685 332 353 276 207 301 205 141 107 4763 1379
internal_count=5623 860 792 685 332 353 276 207 301 205 141 107 4763 1379
is_linear=0
shrinkage=0.05


Tree=208
num_leaves=15
num_cat=0
split_feature=16 7 0 17 4 12 7 12 3 3 7 18 16 18
split_gain=112.071 1.71636 1.58067 1.24665 1.86313 1.48976 1.31522 1.46145 1.21695 1.40358 0.936524 0.547241 0.409216 0.352941
threshold=0.20980795610425237 985.1500000000002 3.8500000000000001 28.550000000000004 -0.92384435400961373 -0.49159999999999993 969.6500000000002 0.42180000000000006 -0.4539904997395468 -0.29237170472273694 975.75000000000011 23.650000000000002 1.0000000180025095e-35 27.150000000000002
decision_type=2 2 2 2 2 2 2 2 2 2 2 2 2 2
left_child=1 2 12 5 -5 -4 -6 -8 10 -10 11 -7 -1 -9
right_child=-2 -3 3 4 6 8 7 13 9 -11 -12 -13 -14 -15
leaf_value=-2.7720418173978465e-07 0.00026176092894783737 -2.7720418173978465e-07 -2.7720418173978465e-07 -2.7720418173978465e-07 -2.7720418173978465e-07 -2.7720418173978465e-07 -2.7720418173978465e-07 -2.7720418173978465e-07 -2.7720418173978465e-07 -2.7720418173978465e-07 -2.7720418173978465e-07 -2.7720418173978465e-07 -2.7720418173978465e-07 -2.7720418173978465e-07
leaf_weight=54 4763 68 52 56 69 50 105 51 57 69 67 58 53 51
leaf_count=54 4763 68 52 56 69 50 105 51 57 69 67 58 53 51
internal_value=-0.00292282 -0.0195349 -0.0201894 -0.0193066 -0.021506 -0.017238 -0.0198188 -0.0218116 -0.018588 -0.0148413 -0.0212857 -0.0241667 -0.0258411 -0.017549
internal_weight=5623 860 792 685 332 353 276 207 301 126 175 108 107 102
internal_count=5623 860 792 685 332 353 276 207 301 126 175 108 107 102
is_linear=0
shrinkage=0.05


Tree=209
num_leaves=15
num_cat=0
split_feature=16 7 0 17 4 12 7 12 3 3 7 18 16 18
split_gain=112.071 1.71636 1.58067 1.24665 1.86313 1.48976 1.31522 1.46145 1.21695 1.40358 0.936524 0.547241 0.409216 0.352941
threshold=0.20980795610425237 985.1500000000002 3.8500000000000001 28.550000000000004 -0.92384435400961373 -0.49159999999999993 969.6500000000002 0.42180000000000006 -0.4539904997395468 -0.29237170472273694 975.75000000000011 23.650000000000002 1.0000000180025095e-35 27.150000000000002
decision_type=2 2 2 2 2 2 2 2 2 2 2 2 2 2
left_child=1 2 12 5 -5 -4 -6 -8 10 -10 11 -7 -1 -9
right_child=-2 -3 3 4 6 8 7 13 9 -11 -12 -13 -14 -15
leaf_value=-2.6334397265279546e-07 0.0002486728825004402 -2.6334397265279546e-07 -2.6334397265279546e-07 -2.6334397265279546e-07 -2.6334397265279546e-07 -2.6334397265279546e-07 -2.6334397265279546e-07 -2.6334397265279546e-07 -2.6334397265279546e-07 -2.6334397265279546e-07 -2.6334397265279546e-07 -2.6334397265279546e-07 -2.6334397265279546e-07 -2.6334397265279546e-07
leaf_weight=54 4763 68 52 56 69 50 105 51 57 69 67 58 53 51
leaf_count=54 4763 68 52 56 69 50 105 51 57 69 67 58 53 51
internal_value=-0.00292282 -0.0195349 -0.0201894 -0.0193066 -0.021506 -0.017238 -0.0198188 -0.0218116 -0.018588 -0.0148413 -0.0212857 -0.0241667 -0.0258411 -0.017549
internal_weight=5623 860 792 685 332 353 276 207 301 126 175 108 107 102
internal_count=5623 860 792 685 332 353 276 207 301 126 175 108 107 102
is_linear=0
shrinkage=0.05


Tree=210
num_leaves=15
num_cat=0
split_feature=16 7 0 17 4 12 7 12 3 3 7 18 16 18
split_gain=111.951 1.71636 1.58067 1.24665 1.86313 1.48976 1.31522 1.46145 1.21695 1.40358 0.936524 0.547241 0.409216 0.352941
threshold=0.20980795610425237 985.1500000000002 3.8500000000000001 28.550000000000004 -0.92384435400961373 -0.49159999999999993 969.6500000000002 0.42180000000000006 -0.4539904997395468 -0.29237170472273694 975.75000000000011 23.650000000000002 1.0000000180025095e-35 27.150000000000002
decision_type=2 2 2 2 2 2 2 2 2 2 2 2 2 2
left_child=1 2 12 5 -5 -4 -6 -8 10 -10 11 -7 -1 -9
right_child=-2 -3 3 4 6 8 7 13 9 -11 -12 -13 -14 -15
leaf_value=-2.5017677402015571e-07 0.00023623923837541409 -2.5017677402015571e-07 -2.5017677402015571e-07 -2.5017677402015571e-07 -2.5017677402015571e-07 -2.5017677402015571e-07 -2.5017677402015571e-07 -2.5017677402015571e-07 -2.5017677402015571e-07 -2.5017677402015571e-07 -2.5017677402015571e-07 -2.5017677402015571e-07 -2.5017677402015571e-07 -2.5017677402015571e-07
leaf_weight=54 4763 68 52 56 69 50 105 51 57 69 67 58 53 51
leaf_count=54 4763 68 52 56 69 50 105 51 57 69 67 58 53 51
internal_value=-0.00293171 -0.0195349 -0.0201894 -0.0193066 -0.021506 -0.017238 -0.0198188 -0.0218116 -0.018588 -0.0148413 -0.0212857 -0.0241667 -0.0258411 -0.017549
internal_weight=5623 860 792 685 332 353 276 207 301 126 175 108 107 102
internal_count=5623 860 792 685 332 353 276 207 301 126 175 108 107 102
is_linear=0
shrinkage=0.05


Tree=211
num_leaves=15
num_cat=0
split_feature=16 7 0 17 4 12 7 12 3 3 7 18 16 6
split_gain=111.831 1.71636 1.58067 1.24665 1.86313 1.48976 1.31522 1.46145 1.21695 1.40358 0.936524 0.547241 0.409216 0.365287
threshold=0.20980795610425237 985.1500000000002 3.8500000000000001 28.550000000000004 -0.92384435400961373 -0.49159999999999993 969.6500000000002 0.42180000000000006 -0.4539904997395468 -0.29237170472273694 975.75000000000011 23.650000000000002 1.0000000180025095e-35 37.850000000000001
decision_type=2 2 2 2 2 2 2 2 2 2 2 2 2 2
left_child=1 2 12 5 -5 -4 -6 -8 10 -10 11 -7 -1 -2
right_child=13 -3 3 4 6 8 7 -9 9 -11 -12 -13 -14 -15
leaf_value=-2.3766793531914792e-07 0.00082134265967999268 -2.3766793531914792e-07 -2.3766793531914792e-07 -2.3766793531914792e-07 -2.3766793531914792e-07 -2.3766793531914792e-07 -2.3766793531914792e-07 -2.3766793531914792e-07 -2.3766793531914792e-07 -2.3766793531914792e-07 -2.3766793531914792e-07 -2.3766793531914792e-07 -2.3766793531914792e-07 -0.0028321105014917276
leaf_weight=54 4256 68 52 56 69 50 105 102 57 69 67 58 53 507
leaf_count=54 4256 68 52 56 69 50 105 102 57 69 67 58 53 507
internal_value=-0.0029406 -0.0195349 -0.0201894 -0.0193066 -0.021506 -0.017238 -0.0198188 -0.0218116 -0.018588 -0.0148413 -0.0212857 -0.0241667 -0.0258411 5.56374e-05
internal_weight=5623 860 792 685 332 353 276 207 301 126 175 108 107 4763
internal_count=5623 860 792 685 332 353 276 207 301 126 175 108 107 4763
is_linear=0
shrinkage=0.05


Tree=212
num_leaves=15
num_cat=0
split_feature=16 7 0 4 3 4 3 13 18 18 6 15 14 16
split_gain=112.191 1.71636 1.58067 1.11102 1.13929 1.52005 1.184 0.861946 1.51634 0.88422 0.771742 0.718596 0.563623 0.409216
threshold=0.20980795610425237 985.1500000000002 3.8500000000000001 -0.95368063612909437 -0.4539904997395468 -0.90992662233962529 -0.74892720285008318 -0.85669999999999991 22.350000000000005 26.350000000000005 33.650000000000013 30.740000000000006 28.085000000000004 1.0000000180025095e-35
decision_type=2 2 2 2 2 2 2 2 2 2 2 2 2 2
left_child=1 2 13 -4 6 -6 10 8 -8 -10 -5 -11 -9 -1
right_child=-2 -3 3 4 5 -7 7 12 9 11 -12 -13 -14 -15
leaf_value=-2.2578453855319049e-07 0.00018336014347263512 -2.2578453855319049e-07 -2.2578453855319049e-07 -2.2578453855319049e-07 -2.2578453855319049e-07 -2.2578453855319049e-07 -2.2578453855319049e-07 -2.2578453855319049e-07 -2.2578453855319049e-07 -2.2578453855319049e-07 -2.2578453855319049e-07 -2.2578453855319049e-07 -2.2578453855319049e-07 -2.2578453855319049e-07
leaf_weight=54 4763 68 73 74 92 77 50 50 51 50 53 64 51 53
leaf_count=54 4763 68 73 74 92 77 50 50 51 50 53 64 51 53
internal_value=-0.00291392 -0.0195349 -0.0201894 -0.0193066 -0.0186111 -0.0151183 -0.0199436 -0.0215823 -0.0233721 -0.0210606 -0.0158661 -0.0235088 -0.0177723 -0.0258411
internal_weight=5623 860 792 685 612 169 443 316 215 165 127 114 101 107
internal_count=5623 860 792 685 612 169 443 316 215 165 127 114 101 107
is_linear=0
shrinkage=0.05


Tree=213
num_leaves=15
num_cat=0
split_feature=0 0 7 17 4 12 7 12 4 4 7 9 9 4
split_gain=80.7725 31.3713 3.07183 1.22763 1.89938 1.41894 1.27237 1.54286 1.07164 0.864429 0.70934 0.500087 0.322898 0.461423
threshold=25.050000000000004 4.1500000000000012 985.1500000000002 28.550000000000004 -0.92384435400961373 -0.18594999999999998 969.6500000000002 0.42180000000000006 -0.88697705852364728 0.18222858652173771 975.75000000000011 -0.3793999999999999 0.60355000000000014 -0.99535829673000931
decision_type=2 2 2 2 2 2 2 2 2 2 2 2 2 2
left_child=1 2 9 5 -5 -2 -6 -8 -7 -1 -10 -9 13 -3
right_child=3 12 -4 4 6 8 7 11 10 -11 -12 -13 -14 -15
leaf_value=-2.1449531162553098e-07 -2.1449531162553098e-07 -0.016301960067534055 -2.1449531162553098e-07 -2.1449531162553098e-07 -2.1449531162553098e-07 -2.1449531162553098e-07 -2.1449531162553098e-07 -2.1449531162553098e-07 -2.1449531162553098e-07 -2.1449531162553098e-07 -2.1449531162553098e-07 -2.1449531162553098e-07 0.002237448750757176 -0.0002250074032614226
leaf_weight=76 92 85 64 56 69 71 105 55 98 55 69 50 1379 3299
leaf_count=76 92 85 64 56 69 71 105 55 98 55 69 50 1379 3299
internal_value=-0.00292282 -0.000728116 -0.0203846 -0.0192857 -0.0214179 -0.0171212 -0.0197312 -0.0216667 -0.0191597 -0.024771 -0.0213473 -0.017381 7.66326e-05 -0.00018617
internal_weight=5623 4958 195 665 335 330 279 210 238 131 167 105 4763 3384
internal_count=5623 4958 195 665 335 330 279 210 238 131 167 105 4763 3384
is_linear=0
shrinkage=0.05


Tree=214
num_leaves=15
num_cat=0
split_feature=16 7 0 17 4 12 7 12 3 3 7 18 16 18
split_gain=112.311 1.71636 1.58067 1.24665 1.86313 1.48976 1.31522 1.46145 1.21695 1.40358 0.936524 0.547241 0.409216 0.352941
threshold=0.20980795610425237 985.1500000000002 3.8500000000000001 28.550000000000004 -0.92384435400961373 -0.49159999999999993 969.6500000000002 0.42180000000000006 -0.4539904997395468 -0.29237170472273694 975.75000000000011 23.650000000000002 1.0000000180025095e-35 27.150000000000002
decision_type=2 2 2 2 2 2 2 2 2 2 2 2 2 2
left_child=1 2 12 5 -5 -4 -6 -8 10 -10 11 -7 -1 -9
right_child=-2 -3 3 4 6 8 7 13 9 -11 -12 -13 -14 -15
leaf_value=-2.0377054604425443e-07 0.00014196085873494332 -2.0377054604425443e-07 -2.0377054604425443e-07 -2.0377054604425443e-07 -2.0377054604425443e-07 -2.0377054604425443e-07 -2.0377054604425443e-07 -2.0377054604425443e-07 -2.0377054604425443e-07 -2.0377054604425443e-07 -2.0377054604425443e-07 -2.0377054604425443e-07 -2.0377054604425443e-07 -2.0377054604425443e-07
leaf_weight=54 4763 68 52 56 69 50 105 51 57 69 67 58 53 51
leaf_count=54 4763 68 52 56 69 50 105 51 57 69 67 58 53 51
internal_value=-0.00290503 -0.0195349 -0.0201894 -0.0193066 -0.021506 -0.017238 -0.0198188 -0.0218116 -0.018588 -0.0148413 -0.0212857 -0.0241667 -0.0258411 -0.017549
internal_weight=5623 860 792 685 332 353 276 207 301 126 175 108 107 102
internal_count=5623 860 792 685 332 353 276 207 301 126 175 108 107 102
is_linear=0
shrinkage=0.05


Tree=215
num_leaves=15
num_cat=0
split_feature=16 7 0 17 4 12 7 12 3 3 7 18 16 18
split_gain=112.071 1.71636 1.58067 1.24665 1.86313 1.48976 1.31522 1.46145 1.21695 1.40358 0.936524 0.547241 0.409216 0.352941
threshold=0.20980795610425237 985.1500000000002 3.8500000000000001 28.550000000000004 -0.92384435400961373 -0.49159999999999993 969.6500000000002 0.42180000000000006 -0.4539904997395468 -0.29237170472273694 975.75000000000011 23.650000000000002 1.0000000180025095e-35 27.150000000000002
decision_type=2 2 2 2 2 2 2 2 2 2 2 2 2 2
left_child=1 2 12 5 -5 -4 -6 -8 10 -10 11 -7 -1 -9
right_child=-2 -3 3 4 6 8 7 13 9 -11 -12 -13 -14 -15
leaf_value=-1.9358201874204171e-07 0.00013486281579823067 -1.9358201874204171e-07 -1.9358201874204171e-07 -1.9358201874204171e-07 -1.9358201874204171e-07 -1.9358201874204171e-07 -1.9358201874204171e-07 -1.9358201874204171e-07 -1.9358201874204171e-07 -1.9358201874204171e-07 -1.9358201874204171e-07 -1.9358201874204171e-07 -1.9358201874204171e-07 -1.9358201874204171e-07
leaf_weight=54 4763 68 52 56 69 50 105 51 57 69 67 58 53 51
leaf_count=54 4763 68 52 56 69 50 105 51 57 69 67 58 53 51
internal_value=-0.00292282 -0.0195349 -0.0201894 -0.0193066 -0.021506 -0.017238 -0.0198188 -0.0218116 -0.018588 -0.0148413 -0.0212857 -0.0241667 -0.0258411 -0.017549
internal_weight=5623 860 792 685 332 353 276 207 301 126 175 108 107 102
internal_count=5623 860 792 685 332 353 276 207 301 126 175 108 107 102
is_linear=0
shrinkage=0.05


Tree=216
num_leaves=15
num_cat=0
split_feature=16 7 0 17 4 12 7 12 3 3 7 7 16 0
split_gain=112.071 1.71636 1.58067 1.24665 1.86313 1.48976 1.31522 1.46145 1.21695 1.40358 0.936524 0.498626 0.409216 0.313931
threshold=0.20980795610425237 985.1500000000002 3.8500000000000001 28.550000000000004 -0.92384435400961373 -0.49159999999999993 969.6500000000002 0.42180000000000006 -0.4539904997395468 -0.29237170472273694 975.75000000000011 972.45000000000016 1.0000000180025095e-35 11.950000000000001
decision_type=2 2 2 2 2 2 2 2 2 2 2 2 2 2
left_child=1 2 12 5 -5 -4 -6 -8 10 -10 11 -7 -1 -2
right_child=13 -3 3 4 6 8 7 -9 9 -11 -12 -13 -14 -15
leaf_value=-1.8390291780493961e-07 -0.0010143380521217156 -1.8390291780493961e-07 -1.8390291780493961e-07 -1.8390291780493961e-07 -1.8390291780493961e-07 -1.8390291780493961e-07 -1.8390291780493961e-07 -1.8390291780493961e-07 -1.8390291780493961e-07 -1.8390291780493961e-07 -1.8390291780493961e-07 -1.8390291780493961e-07 -1.8390291780493961e-07 0.0042005407653606958
leaf_weight=54 2060 68 52 56 69 56 105 102 57 69 67 52 53 2703
leaf_count=54 2060 68 52 56 69 56 105 102 57 69 67 52 53 2703
internal_value=-0.00292282 -0.0195349 -0.0201894 -0.0193066 -0.021506 -0.017238 -0.0198188 -0.0218116 -0.018588 -0.0148413 -0.0212857 -0.0241667 -0.0258411 7.66326e-05
internal_weight=5623 860 792 685 332 353 276 207 301 126 175 108 107 4763
internal_count=5623 860 792 685 332 353 276 207 301 126 175 108 107 4763
is_linear=0
shrinkage=0.05


Tree=217
num_leaves=15
num_cat=0
split_feature=16 7 2 17 4 12 7 12 3 3 7 18 16 18
split_gain=112.071 1.71636 1.58067 1.24665 1.86313 1.48976 1.31522 1.46145 1.21695 1.40358 0.936524 0.547241 0.409216 0.352941
threshold=0.20980795610425237 985.1500000000002 5.0050000000000008 28.550000000000004 -0.92384435400961373 -0.49159999999999993 969.6500000000002 0.42180000000000006 -0.4539904997395468 -0.29237170472273694 975.75000000000011 23.650000000000002 1.0000000180025095e-35 27.150000000000002
decision_type=2 2 2 2 2 2 2 2 2 2 2 2 2 2
left_child=1 2 12 5 -5 -4 -6 -8 10 -10 11 -7 -1 -9
right_child=-2 -3 3 4 6 8 7 13 9 -11 -12 -13 -14 -15
leaf_value=-1.7470777191469264e-07 0.00013623051281309753 -1.7470777191469264e-07 -1.7470777191469264e-07 -1.7470777191469264e-07 -1.7470777191469264e-07 -1.7470777191469264e-07 -1.7470777191469264e-07 -1.7470777191469264e-07 -1.7470777191469264e-07 -1.7470777191469264e-07 -1.7470777191469264e-07 -1.7470777191469264e-07 -1.7470777191469264e-07 -1.7470777191469264e-07
leaf_weight=54 4763 68 52 56 69 50 105 51 57 69 67 58 53 51
leaf_count=54 4763 68 52 56 69 50 105 51 57 69 67 58 53 51
internal_value=-0.00292282 -0.0195349 -0.0201894 -0.0193066 -0.021506 -0.017238 -0.0198188 -0.0218116 -0.018588 -0.0148413 -0.0212857 -0.0241667 -0.0258411 -0.017549
internal_weight=5623 860 792 685 332 353 276 207 301 126 175 108 107 102
internal_count=5623 860 792 685 332 353 276 207 301 126 175 108 107 102
is_linear=0
shrinkage=0.05


Tree=218
num_leaves=15
num_cat=0
split_feature=16 7 0 4 3 4 3 13 7 15 0 6 14 16
split_gain=112.071 1.71636 1.58067 1.11102 1.13929 1.52005 1.184 0.861946 1.25323 1.24321 0.83745 0.771742 0.563623 0.409216
threshold=0.20980795610425237 985.1500000000002 3.8500000000000001 -0.95368063612909437 -0.4539904997395468 -0.90992662233962529 -0.74892720285008318 -0.85669999999999991 969.6500000000002 30.740000000000006 28.050000000000004 33.650000000000013 28.085000000000004 1.0000000180025095e-35
decision_type=2 2 2 2 2 2 2 2 2 2 2 2 2 2
left_child=1 2 13 -4 6 -6 11 8 -8 10 -10 -5 -9 -1
right_child=-2 -3 3 4 5 -7 7 12 9 -11 -12 -13 -14 -15
leaf_value=-1.65972383318958e-07 0.00012941898717249548 -1.65972383318958e-07 -1.65972383318958e-07 -1.65972383318958e-07 -1.65972383318958e-07 -1.65972383318958e-07 -1.65972383318958e-07 -1.65972383318958e-07 -1.65972383318958e-07 -1.65972383318958e-07 -1.65972383318958e-07 -1.65972383318958e-07 -1.65972383318958e-07 -1.65972383318958e-07
leaf_weight=54 4763 68 73 74 92 77 53 50 58 50 54 53 51 53
leaf_count=54 4763 68 73 74 92 77 53 50 58 50 54 53 51 53
internal_value=-0.00292282 -0.0195349 -0.0201894 -0.0193066 -0.0186111 -0.0151183 -0.0199436 -0.0215823 -0.0233721 -0.0255556 -0.0284821 -0.0158661 -0.0177723 -0.0258411
internal_weight=5623 860 792 685 612 169 443 316 215 162 112 127 101 107
internal_count=5623 860 792 685 612 169 443 316 215 162 112 127 101 107
is_linear=0
shrinkage=0.05


Tree=219
num_leaves=15
num_cat=0
split_feature=16 7 0 17 4 12 7 12 3 3 7 18 16 18
split_gain=112.071 1.71636 1.58067 1.24665 1.86313 1.48976 1.31522 1.46145 1.21695 1.40358 0.936524 0.547241 0.409216 0.352941
threshold=0.20980795610425237 985.1500000000002 3.8500000000000001 28.550000000000004 -0.92384435400961373 -0.49159999999999993 969.6500000000002 0.42180000000000006 -0.4539904997395468 -0.29237170472273694 975.75000000000011 23.650000000000002 1.0000000180025095e-35 27.150000000000002
decision_type=2 2 2 2 2 2 2 2 2 2 2 2 2 2
left_child=1 2 12 5 -5 -4 -6 -8 10 -10 11 -7 -1 -9
right_child=-2 -3 3 4 6 8 7 13 9 -11 -12 -13 -14 -15
leaf_value=-1.576737641530101e-07 0.00012294803781391419 -1.576737641530101e-07 -1.576737641530101e-07 -1.576737641530101e-07 -1.576737641530101e-07 -1.576737641530101e-07 -1.576737641530101e-07 -1.576737641530101e-07 -1.576737641530101e-07 -1.576737641530101e-07 -1.576737641530101e-07 -1.576737641530101e-07 -1.576737641530101e-07 -1.576737641530101e-07
leaf_weight=54 4763 68 52 56 69 50 105 51 57 69 67 58 53 51
leaf_count=54 4763 68 52 56 69 50 105 51 57 69 67 58 53 51
internal_value=-0.00292282 -0.0195349 -0.0201894 -0.0193066 -0.021506 -0.017238 -0.0198188 -0.0218116 -0.018588 -0.0148413 -0.0212857 -0.0241667 -0.0258411 -0.017549
internal_weight=5623 860 792 685 332 353 276 207 301 126 175 108 107 102
internal_count=5623 860 792 685 332 353 276 207 301 126 175 108 107 102
is_linear=0
shrinkage=0.05


Tree=220
num_leaves=15
num_cat=0
split_feature=16 7 1 17 4 12 7 12 3 3 7 18 16 18
split_gain=112.071 1.71636 1.58067 1.24665 1.86313 1.48976 1.31522 1.46145 1.21695 1.40358 0.936524 0.547241 0.409216 0.352941
threshold=0.20980795610425237 985.1500000000002 5.3144794187211071 28.550000000000004 -0.92384435400961373 -0.49159999999999993 969.6500000000002 0.42180000000000006 -0.4539904997395468 -0.29237170472273694 975.75000000000011 23.650000000000002 1.0000000180025095e-35 27.150000000000002
decision_type=2 2 2 2 2 2 2 2 2 2 2 2 2 2
left_child=1 2 12 5 -5 -4 -6 -8 10 -10 11 -7 -1 -9
right_child=-2 -3 3 4 6 8 7 13 9 -11 -12 -13 -14 -15
leaf_value=-1.497900759453596e-07 0.00011680063592326154 -1.497900759453596e-07 -1.497900759453596e-07 -1.497900759453596e-07 -1.497900759453596e-07 -1.497900759453596e-07 -1.497900759453596e-07 -1.497900759453596e-07 -1.497900759453596e-07 -1.497900759453596e-07 -1.497900759453596e-07 -1.497900759453596e-07 -1.497900759453596e-07 -1.497900759453596e-07
leaf_weight=54 4763 68 52 56 69 50 105 51 57 69 67 58 53 51
leaf_count=54 4763 68 52 56 69 50 105 51 57 69 67 58 53 51
internal_value=-0.00292282 -0.0195349 -0.0201894 -0.0193066 -0.021506 -0.017238 -0.0198188 -0.0218116 -0.018588 -0.0148413 -0.0212857 -0.0241667 -0.0258411 -0.017549
internal_weight=5623 860 792 685 332 353 276 207 301 126 175 108 107 102
internal_count=5623 860 792 685 332 353 276 207 301 126 175 108 107 102
is_linear=0
shrinkage=0.05


Tree=221
num_leaves=15
num_cat=0
split_feature=16 7 0 17 12 3 3 12 13 3 5 7 18 16
split_gain=112.071 1.71636 1.58067 1.24665 1.48976 1.21695 1.40358 1.20634 1.68878 2.23584 1.06425 0.936524 0.547241 0.409216
threshold=0.20980795610425237 985.1500000000002 3.8500000000000001 28.550000000000004 -0.49159999999999993 -0.4539904997395468 -0.29237170472273694 0.42180000000000006 -0.97314999999999985 -0.39073112848927366 1.1171711757301654 975.75000000000011 23.650000000000002 1.0000000180025095e-35
decision_type=2 2 2 2 2 2 2 2 2 2 2 2 2 2
left_child=1 2 13 4 -4 11 -7 8 9 -5 -9 12 -6 -1
right_child=-2 -3 3 7 5 6 -8 10 -10 -11 -12 -13 -14 -15
leaf_value=-1.4230057214809162e-07 0.00011096060412714106 -1.4230057214809162e-07 -1.4230057214809162e-07 -1.4230057214809162e-07 -1.4230057214809162e-07 -1.4230057214809162e-07 -1.4230057214809162e-07 -1.4230057214809162e-07 -1.4230057214809162e-07 -1.4230057214809162e-07 -1.4230057214809162e-07 -1.4230057214809162e-07 -1.4230057214809162e-07 -1.4230057214809162e-07
leaf_weight=54 4763 68 52 89 50 57 69 68 73 50 52 67 58 53
leaf_count=54 4763 68 52 89 50 57 69 68 73 50 52 67 58 53
internal_value=-0.00292282 -0.0195349 -0.0201894 -0.0193066 -0.017238 -0.018588 -0.0148413 -0.021506 -0.0237736 -0.0205396 -0.0175 -0.0212857 -0.0241667 -0.0258411
internal_weight=5623 860 792 685 353 301 126 332 212 139 120 175 108 107
internal_count=5623 860 792 685 353 301 126 332 212 139 120 175 108 107
is_linear=0
shrinkage=0.05


Tree=222
num_leaves=15
num_cat=0
split_feature=16 7 0 17 4 12 7 12 3 3 7 18 16 18
split_gain=112.071 1.71636 1.58067 1.24665 1.86313 1.48976 1.31522 1.46145 1.21695 1.40358 0.936524 0.547241 0.409216 0.352941
threshold=0.20980795610425237 985.1500000000002 3.8500000000000001 28.550000000000004 -0.92384435400961373 -0.49159999999999993 969.6500000000002 0.42180000000000006 -0.4539904997395468 -0.29237170472273694 975.75000000000011 23.650000000000002 1.0000000180025095e-35 27.150000000000002
decision_type=2 2 2 2 2 2 2 2 2 2 2 2 2 2
left_child=1 2 12 5 -5 -4 -6 -8 10 -10 11 -7 -1 -9
right_child=-2 -3 3 4 6 8 7 13 9 -11 -12 -13 -14 -15
leaf_value=-1.3518554354068703e-07 0.00010541257392085282 -1.3518554354068703e-07 -1.3518554354068703e-07 -1.3518554354068703e-07 -1.3518554354068703e-07 -1.3518554354068703e-07 -1.3518554354068703e-07 -1.3518554354068703e-07 -1.3518554354068703e-07 -1.3518554354068703e-07 -1.3518554354068703e-07 -1.3518554354068703e-07 -1.3518554354068703e-07 -1.3518554354068703e-07
leaf_weight=54 4763 68 52 56 69 50 105 51 57 69 67 58 53 51
leaf_count=54 4763 68 52 56 69 50 105 51 57 69 67 58 53 51
internal_value=-0.00292282 -0.0195349 -0.0201894 -0.0193066 -0.021506 -0.017238 -0.0198188 -0.0218116 -0.018588 -0.0148413 -0.0212857 -0.0241667 -0.0258411 -0.017549
internal_weight=5623 860 792 685 332 353 276 207 301 126 175 108 107 102
internal_count=5623 860 792 685 332 353 276 207 301 126 175 108 107 102
is_linear=0
shrinkage=0.05


Tree=223
num_leaves=15
num_cat=0
split_feature=16 7 0 17 4 12 7 12 3 3 7 18 16 18
split_gain=112.071 1.71636 1.58067 1.24665 1.86313 1.48976 1.31522 1.46145 1.21695 1.40358 0.936524 0.547241 0.409216 0.352941
threshold=0.20980795610425237 985.1500000000002 3.8500000000000001 28.550000000000004 -0.92384435400961373 -0.49159999999999993 969.6500000000002 0.42180000000000006 -0.4539904997395468 -0.29237170472273694 975.75000000000011 23.650000000000002 1.0000000180025095e-35 27.150000000000002
decision_type=2 2 2 2 2 2 2 2 2 2 2 2 2 2
left_child=1 2 12 5 -5 -4 -6 -8 10 -10 11 -7 -1 -9
right_child=-2 -3 3 4 6 8 7 13 9 -11 -12 -13 -14 -15
leaf_value=-1.2842626636365268e-07 0.00010014194522486034 -1.2842626636365268e-07 -1.2842626636365268e-07 -1.2842626636365268e-07 -1.2842626636365268e-07 -1.2842626636365268e-07 -1.2842626636365268e-07 -1.2842626636365268e-07 -1.2842626636365268e-07 -1.2842626636365268e-07 -1.2842626636365268e-07 -1.2842626636365268e-07 -1.2842626636365268e-07 -1.2842626636365268e-07
leaf_weight=54 4763 68 52 56 69 50 105 51 57 69 67 58 53 51
leaf_count=54 4763 68 52 56 69 50 105 51 57 69 67 58 53 51
internal_value=-0.00292282 -0.0195349 -0.0201894 -0.0193066 -0.021506 -0.017238 -0.0198188 -0.0218116 -0.018588 -0.0148413 -0.0212857 -0.0241667 -0.0258411 -0.017549
internal_weight=5623 860 792 685 332 353 276 207 301 126 175 108 107 102
internal_count=5623 860 792 685 332 353 276 207 301 126 175 108 107 102
is_linear=0
shrinkage=0.05


Tree=224
num_leaves=15
num_cat=0
split_feature=16 7 0 17 10 3 3 3 7 10 15 7 7 16
split_gain=111.951 1.71636 1.58067 1.24665 1.35278 1.16397 1.40358 1.07789 1.60716 1.19586 1.48542 0.874174 0.572311 0.409216
threshold=0.20980795610425237 985.1500000000002 3.8500000000000001 28.550000000000004 -0.68299999999999994 -0.4539904997395468 -0.29237170472273694 -0.41467745240824966 969.6500000000002 1.0000000180025095e-35 30.740000000000006 975.75000000000011 972.45000000000016 1.0000000180025095e-35
decision_type=2 2 2 2 2 2 2 2 2 2 2 2 2 2
left_child=1 2 13 4 -4 11 -7 8 -5 10 -10 12 -6 -1
right_child=-2 -3 3 7 5 6 -8 -9 9 -11 -12 -13 -14 -15
leaf_value=-1.2200495304547005e-07 9.5134847963604418e-05 -1.2200495304547005e-07 -1.2200495304547005e-07 -1.2200495304547005e-07 -1.2200495304547005e-07 -1.2200495304547005e-07 -1.2200495304547005e-07 -1.2200495304547005e-07 -1.2200495304547005e-07 -1.2200495304547005e-07 -1.2200495304547005e-07 -1.2200495304547005e-07 -1.2200495304547005e-07 -1.2200495304547005e-07
leaf_weight=54 4763 68 51 55 57 57 69 88 69 69 51 67 52 53
leaf_count=54 4763 68 51 55 57 57 69 88 69 69 51 67 52 53
internal_value=-0.00293171 -0.0195349 -0.0201894 -0.0193066 -0.017238 -0.0185099 -0.0148413 -0.021506 -0.0197951 -0.0219841 -0.025 -0.0211364 -0.0238991 -0.0258411
internal_weight=5623 860 792 685 353 302 126 332 244 189 120 176 109 107
internal_count=5623 860 792 685 353 302 126 332 244 189 120 176 109 107
is_linear=0
shrinkage=0.05


Tree=225
num_leaves=15
num_cat=0
split_feature=16 7 0 17 4 12 7 12 3 3 7 18 16 18
split_gain=111.951 1.71636 1.58067 1.24665 1.86313 1.48976 1.31522 1.46145 1.21695 1.40358 0.936524 0.547241 0.409216 0.352941
threshold=0.20980795610425237 985.1500000000002 3.8500000000000001 28.550000000000004 -0.92384435400961373 -0.49159999999999993 969.6500000000002 0.42180000000000006 -0.4539904997395468 -0.29237170472273694 975.75000000000011 23.650000000000002 1.0000000180025095e-35 27.150000000000002
decision_type=2 2 2 2 2 2 2 2 2 2 2 2 2 2
left_child=1 2 12 5 -5 -4 -6 -8 10 -10 11 -7 -1 -9
right_child=-2 -3 3 4 6 8 7 13 9 -11 -12 -13 -14 -15
leaf_value=-1.1590470539319655e-07 9.0378105565411292e-05 -1.1590470539319655e-07 -1.1590470539319655e-07 -1.1590470539319655e-07 -1.1590470539319655e-07 -1.1590470539319655e-07 -1.1590470539319655e-07 -1.1590470539319655e-07 -1.1590470539319655e-07 -1.1590470539319655e-07 -1.1590470539319655e-07 -1.1590470539319655e-07 -1.1590470539319655e-07 -1.1590470539319655e-07
leaf_weight=54 4763 68 52 56 69 50 105 51 57 69 67 58 53 51
leaf_count=54 4763 68 52 56 69 50 105 51 57 69 67 58 53 51
internal_value=-0.00293171 -0.0195349 -0.0201894 -0.0193066 -0.021506 -0.017238 -0.0198188 -0.0218116 -0.018588 -0.0148413 -0.0212857 -0.0241667 -0.0258411 -0.017549
internal_weight=5623 860 792 685 332 353 276 207 301 126 175 108 107 102
internal_count=5623 860 792 685 332 353 276 207 301 126 175 108 107 102
is_linear=0
shrinkage=0.05


Tree=226
num_leaves=15
num_cat=0
split_feature=16 7 0 17 4 12 7 12 3 3 7 18 16 18
split_gain=111.951 1.71636 1.58067 1.24665 1.86313 1.48976 1.31522 1.46145 1.21695 1.40358 0.936524 0.547241 0.409216 0.352941
threshold=0.20980795610425237 985.1500000000002 3.8500000000000001 28.550000000000004 -0.92384435400961373 -0.49159999999999993 969.6500000000002 0.42180000000000006 -0.4539904997395468 -0.29237170472273694 975.75000000000011 23.650000000000002 1.0000000180025095e-35 27.150000000000002
decision_type=2 2 2 2 2 2 2 2 2 2 2 2 2 2
left_child=1 2 12 5 -5 -4 -6 -8 10 -10 11 -7 -1 -9
right_child=-2 -3 3 4 6 8 7 13 9 -11 -12 -13 -14 -15
leaf_value=-1.1010947012353673e-07 8.5859200287163352e-05 -1.1010947012353673e-07 -1.1010947012353673e-07 -1.1010947012353673e-07 -1.1010947012353673e-07 -1.1010947012353673e-07 -1.1010947012353673e-07 -1.1010947012353673e-07 -1.1010947012353673e-07 -1.1010947012353673e-07 -1.1010947012353673e-07 -1.1010947012353673e-07 -1.1010947012353673e-07 -1.1010947012353673e-07
leaf_weight=54 4763 68 52 56 69 50 105 51 57 69 67 58 53 51
leaf_count=54 4763 68 52 56 69 50 105 51 57 69 67 58 53 51
internal_value=-0.00293171 -0.0195349 -0.0201894 -0.0193066 -0.021506 -0.017238 -0.0198188 -0.0218116 -0.018588 -0.0148413 -0.0212857 -0.0241667 -0.0258411 -0.017549
internal_weight=5623 860 792 685 332 353 276 207 301 126 175 108 107 102
internal_count=5623 860 792 685 332 353 276 207 301 126 175 108 107 102
is_linear=0
shrinkage=0.05


Tree=227
num_leaves=15
num_cat=0
split_feature=16 7 0 4 14 10 5 12 4 7 7 14 16 5
split_gain=111.951 1.71636 1.58067 1.11102 1.01785 1.95247 1.60998 1.47393 1.81087 1.36603 0.538946 0.483133 0.409216 0.318766
threshold=0.20980795610425237 985.1500000000002 3.8500000000000001 -0.95368063612909437 29.385000000000002 -1.0000000180025095e-35 1.1191601491576135 0.12545000000000003 -0.85260769842926898 977.6500000000002 970.25000000000011 26.085000000000004 1.0000000180025095e-35 1.1010158157171224
decision_type=2 2 2 2 2 2 2 2 2 2 2 2 2 2
left_child=1 2 12 -4 7 -6 -7 10 -9 11 -5 -10 -1 -2
right_child=13 -3 3 4 5 6 -8 8 9 -11 -12 -13 -14 -15
leaf_value=-1.046039966173599e-07 -0.0023562026243614518 -1.046039966173599e-07 -1.046039966173599e-07 -1.046039966173599e-07 -1.046039966173599e-07 -1.046039966173599e-07 -1.046039966173599e-07 -1.046039966173599e-07 -1.046039966173599e-07 -1.046039966173599e-07 -1.046039966173599e-07 -1.046039966173599e-07 -1.046039966173599e-07 0.00081708715838376919
leaf_weight=54 833 68 73 59 89 98 54 61 53 53 90 55 53 3930
leaf_count=54 833 68 73 59 89 98 54 61 53 53 90 55 53 3930
internal_value=-0.00293171 -0.0195349 -0.0201894 -0.0193066 -0.0186111 -0.0211411 -0.0176974 -0.0169677 -0.0195495 -0.0223292 -0.0131208 -0.0255556 -0.0258411 6.6135e-05
internal_weight=5623 860 792 685 612 241 152 371 222 161 149 108 107 4763
internal_count=5623 860 792 685 612 241 152 371 222 161 149 108 107 4763
is_linear=0
shrinkage=0.05


Tree=228
num_leaves=15
num_cat=0
split_feature=16 7 0 17 12 3 3 12 13 3 5 7 18 16
split_gain=111.592 1.71636 1.58067 1.24665 1.48976 1.21695 1.40358 1.20634 1.68878 2.23584 1.06425 0.936524 0.547241 0.409216
threshold=0.20980795610425237 985.1500000000002 3.8500000000000001 28.550000000000004 -0.49159999999999993 -0.4539904997395468 -0.29237170472273694 0.42180000000000006 -0.97314999999999985 -0.39073112848927366 1.1171711757301654 975.75000000000011 23.650000000000002 1.0000000180025095e-35
decision_type=2 2 2 2 2 2 2 2 2 2 2 2 2 2
left_child=1 2 13 4 -4 11 -7 8 9 -5 -9 12 -6 -1
right_child=-2 -3 3 7 5 6 -8 10 -10 -11 -12 -13 -14 -15
leaf_value=-9.9373796786491904e-08 0.00010683700456234323 -9.9373796786491904e-08 -9.9373796786491904e-08 -9.9373796786491904e-08 -9.9373796786491904e-08 -9.9373796786491904e-08 -9.9373796786491904e-08 -9.9373796786491904e-08 -9.9373796786491904e-08 -9.9373796786491904e-08 -9.9373796786491904e-08 -9.9373796786491904e-08 -9.9373796786491904e-08 -9.9373796786491904e-08
leaf_weight=54 4763 68 52 89 50 57 69 68 73 50 52 67 58 53
leaf_count=54 4763 68 52 89 50 57 69 68 73 50 52 67 58 53
internal_value=-0.00295838 -0.0195349 -0.0201894 -0.0193066 -0.017238 -0.018588 -0.0148413 -0.021506 -0.0237736 -0.0205396 -0.0175 -0.0212857 -0.0241667 -0.0258411
internal_weight=5623 860 792 685 353 301 126 332 212 139 120 175 108 107
internal_count=5623 860 792 685 353 301 126 332 212 139 120 175 108 107
is_linear=0
shrinkage=0.05


Tree=229
num_leaves=15
num_cat=0
split_feature=16 7 0 17 4 12 7 12 3 3 7 18 16 18
split_gain=111.592 1.71636 1.58067 1.24665 1.86313 1.48976 1.31522 1.46145 1.21695 1.40358 0.936524 0.547241 0.409216 0.352941
threshold=0.20980795610425237 985.1500000000002 3.8500000000000001 28.550000000000004 -0.92384435400961373 -0.49159999999999993 969.6500000000002 0.42180000000000006 -0.4539904997395468 -0.29237170472273694 975.75000000000011 23.650000000000002 1.0000000180025095e-35 27.150000000000002
decision_type=2 2 2 2 2 2 2 2 2 2 2 2 2 2
left_child=1 2 12 5 -5 -4 -6 -8 10 -10 11 -7 -1 -9
right_child=-2 -3 3 4 6 8 7 13 9 -11 -12 -13 -14 -15
leaf_value=-9.4405106947167308e-08 0.00010149515433422585 -9.4405106947167308e-08 -9.4405106947167308e-08 -9.4405106947167308e-08 -9.4405106947167308e-08 -9.4405106947167308e-08 -9.4405106947167308e-08 -9.4405106947167308e-08 -9.4405106947167308e-08 -9.4405106947167308e-08 -9.4405106947167308e-08 -9.4405106947167308e-08 -9.4405106947167308e-08 -9.4405106947167308e-08
leaf_weight=54 4763 68 52 56 69 50 105 51 57 69 67 58 53 51
leaf_count=54 4763 68 52 56 69 50 105 51 57 69 67 58 53 51
internal_value=-0.00295838 -0.0195349 -0.0201894 -0.0193066 -0.021506 -0.017238 -0.0198188 -0.0218116 -0.018588 -0.0148413 -0.0212857 -0.0241667 -0.0258411 -0.017549
internal_weight=5623 860 792 685 332 353 276 207 301 126 175 108 107 102
internal_count=5623 860 792 685 332 353 276 207 301 126 175 108 107 102
is_linear=0
shrinkage=0.05


Tree=230
num_leaves=15
num_cat=0
split_feature=16 7 0 17 4 12 7 12 3 3 7 7 16 4
split_gain=111.592 1.71636 1.58067 1.24665 1.86313 1.48976 1.31522 1.46145 1.21695 1.40358 0.936524 0.498626 0.409216 0.329452
threshold=0.20980795610425237 985.1500000000002 3.8500000000000001 28.550000000000004 -0.92384435400961373 -0.49159999999999993 969.6500000000002 0.42180000000000006 -0.4539904997395468 -0.29237170472273694 975.75000000000011 972.45000000000016 1.0000000180025095e-35 0.58068084432175959
decision_type=2 2 2 2 2 2 2 2 2 2 2 2 2 2
left_child=1 2 12 5 -5 -4 -6 -8 10 -10 11 -7 -1 -2
right_child=13 -3 3 4 6 8 7 -9 9 -11 -12 -13 -14 -15
leaf_value=-8.9684851599808939e-08 -0.00076277580268496129 -8.9684851599808939e-08 -8.9684851599808939e-08 -8.9684851599808939e-08 -8.9684851599808939e-08 -8.9684851599808939e-08 -8.9684851599808939e-08 -8.9684851599808939e-08 -8.9684851599808939e-08 -8.9684851599808939e-08 -8.9684851599808939e-08 -8.9684851599808939e-08 -8.9684851599808939e-08 0.0027381910127249132
leaf_weight=54 3531 68 52 56 69 56 105 102 57 69 67 52 53 1232
leaf_count=54 3531 68 52 56 69 56 105 102 57 69 67 52 53 1232
internal_value=-0.00295838 -0.0195349 -0.0201894 -0.0193066 -0.021506 -0.017238 -0.0198188 -0.0218116 -0.018588 -0.0148413 -0.0212857 -0.0241667 -0.0258411 3.46422e-05
internal_weight=5623 860 792 685 332 353 276 207 301 126 175 108 107 4763
internal_count=5623 860 792 685 332 353 276 207 301 126 175 108 107 4763
is_linear=0
shrinkage=0.05


Tree=231
num_leaves=15
num_cat=0
split_feature=16 5 5 8 0 15 9 14 12 15 18 9 0 6
split_gain=111.472 1.55205 2.03333 1.95283 1.46905 1.59494 1.41227 1.07971 0.833263 0.830744 0.925521 0.822913 0.379521 0.575014
threshold=0.20980795610425237 1.1281336744899015 1.118509522668149 0.60355000000000014 4.0500000000000007 23.560000000000006 0.78655000000000008 26.815000000000001 0.68435000000000012 28.185000000000006 31.050000000000004 0.78655000000000008 11.450000000000001 37.850000000000001
decision_type=2 2 2 2 2 2 2 2 2 2 2 2 2 2
left_child=1 2 3 4 -1 11 9 -4 -3 -7 -11 -6 -2 -14
right_child=12 8 7 -5 5 6 -8 -9 -10 10 -12 -13 13 -15
leaf_value=-8.5200609019818487e-08 -0.0011439993271122203 -8.5200609019818487e-08 -8.5200609019818487e-08 -8.5200609019818487e-08 -8.5200609019818487e-08 -8.5200609019818487e-08 -8.5200609019818487e-08 -8.5200609019818487e-08 -8.5200609019818487e-08 -8.5200609019818487e-08 -8.5200609019818487e-08 -8.5200609019818487e-08 0.0051995498029202246 -0.0088481286942369893
leaf_weight=75 1832 98 52 79 54 80 78 72 94 54 71 53 2578 353
leaf_count=75 1832 98 52 79 54 80 78 72 94 54 71 53 2578 353
internal_value=-0.00296728 -0.0195349 -0.0206737 -0.0193566 -0.0205914 -0.019359 -0.0213251 -0.0264516 -0.0155729 -0.0191463 -0.0166 -0.0141589 2.41446e-05 0.000377005
internal_weight=5623 860 668 544 465 390 283 124 192 205 125 107 4763 2931
internal_count=5623 860 668 544 465 390 283 124 192 205 125 107 4763 2931
is_linear=0
shrinkage=0.05


Tree=232
num_leaves=15
num_cat=0
split_feature=16 7 1 17 4 12 7 12 3 3 7 7 16 12
split_gain=111.951 1.71636 1.58067 1.24665 1.86313 1.48976 1.31522 1.46145 1.21695 1.40358 0.936524 0.498626 0.409216 0.304912
threshold=0.20980795610425237 985.1500000000002 5.3144794187211071 28.550000000000004 -0.92384435400961373 -0.49159999999999993 969.6500000000002 0.42180000000000006 -0.4539904997395468 -0.29237170472273694 975.75000000000011 972.45000000000016 1.0000000180025095e-35 0.99820000000000009
decision_type=2 2 2 2 2 2 2 2 2 2 2 2 2 2
left_child=1 2 12 5 -5 -4 -6 -8 10 -10 11 -7 -1 -2
right_child=13 -3 3 4 6 8 7 -9 9 -11 -12 -13 -14 -15
leaf_value=-8.0940578568827571e-08 -4.1371136172765955e-05 -8.0940578568827571e-08 -8.0940578568827571e-08 -8.0940578568827571e-08 -8.0940578568827571e-08 -8.0940578568827571e-08 -8.0940578568827571e-08 -8.0940578568827571e-08 -8.0940578568827571e-08 -8.0940578568827571e-08 -8.0940578568827571e-08 -8.0940578568827571e-08 -8.0940578568827571e-08 0.0095003292159734805
leaf_weight=54 4602 68 52 56 69 56 105 102 57 69 67 52 53 161
leaf_count=54 4602 68 52 56 69 56 105 102 57 69 67 52 53 161
internal_value=-0.00293171 -0.0195349 -0.0201894 -0.0193066 -0.021506 -0.017238 -0.0198188 -0.0218116 -0.018588 -0.0148413 -0.0212857 -0.0241667 -0.0258411 6.6135e-05
internal_weight=5623 860 792 685 332 353 276 207 301 126 175 108 107 4763
internal_count=5623 860 792 685 332 353 276 207 301 126 175 108 107 4763
is_linear=0
shrinkage=0.05


Tree=233
num_leaves=15
num_cat=0
split_feature=16 5 5 8 0 15 9 17 12 15 18 9 3 15
split_gain=111.831 1.55205 2.03333 1.95283 1.46905 1.59494 1.41227 1.11302 0.833263 0.830744 0.925521 0.822913 0.353566 0.604959
threshold=0.20980795610425237 1.1281336744899015 1.118509522668149 0.60355000000000014 4.0500000000000007 23.560000000000006 0.78655000000000008 27.550000000000004 0.68435000000000012 28.185000000000006 31.050000000000004 0.78655000000000008 -0.99535829673000931 14.175000000000002
decision_type=2 2 2 2 2 2 2 2 2 2 2 2 2 2
left_child=1 2 3 4 -1 11 9 -4 -3 -7 -11 -6 13 -2
right_child=12 8 7 -5 5 6 -8 -9 -10 10 -12 -13 -14 -15
leaf_value=-7.6893549640386189e-08 -0.012710868046738967 -7.6893549640386189e-08 -7.6893549640386189e-08 -7.6893549640386189e-08 -7.6893549640386189e-08 -7.6893549640386189e-08 -7.6893549640386189e-08 -7.6893549640386189e-08 -7.6893549640386189e-08 -7.6893549640386189e-08 -7.6893549640386189e-08 -7.6893549640386189e-08 0.0003179786729940585 0.02605465257459836
leaf_weight=75 91 98 57 79 54 80 78 67 94 54 71 53 4613 59
leaf_count=75 91 98 57 79 54 80 78 67 94 54 71 53 4613 59
internal_value=-0.0029406 -0.0195349 -0.0206737 -0.0193566 -0.0205914 -0.019359 -0.0213251 -0.0264516 -0.0155729 -0.0191463 -0.0166 -0.0141589 5.56374e-05 -0.00233333
internal_weight=5623 860 668 544 465 390 283 124 192 205 125 107 4763 150
internal_count=5623 860 668 544 465 390 283 124 192 205 125 107 4763 150
is_linear=0
shrinkage=0.05


Tree=234
num_leaves=15
num_cat=0
split_feature=16 5 5 8 0 15 9 17 12 15 18 9 0 18
split_gain=111.831 1.55205 2.03333 1.95283 1.46905 1.59494 1.41227 1.11302 0.833263 0.830744 0.925521 0.822913 0.318371 0.621134
threshold=0.20980795610425237 1.1281336744899015 1.118509522668149 0.60355000000000014 4.0500000000000007 23.560000000000006 0.78655000000000008 27.550000000000004 0.68435000000000012 28.185000000000006 31.050000000000004 0.78655000000000008 11.950000000000001 16.950000000000003
decision_type=2 2 2 2 2 2 2 2 2 2 2 2 2 2
left_child=1 2 3 4 -1 11 9 -4 -3 -7 -11 -6 -2 -14
right_child=12 8 7 -5 5 6 -8 -9 -10 10 -12 -13 13 -15
leaf_value=-7.3048872158366885e-08 -0.0010117020108603573 -7.3048872158366885e-08 -7.3048872158366885e-08 -7.3048872158366885e-08 -7.3048872158366885e-08 -7.3048872158366885e-08 -7.3048872158366885e-08 -7.3048872158366885e-08 -7.3048872158366885e-08 -7.3048872158366885e-08 -7.3048872158366885e-08 -7.3048872158366885e-08 0.011294811507987525 -0.0028435863564242382
leaf_weight=75 2060 98 57 79 54 80 78 67 94 54 71 53 1593 1110
leaf_count=75 2060 98 57 79 54 80 78 67 94 54 71 53 1593 1110
internal_value=-0.0029406 -0.0195349 -0.0206737 -0.0193566 -0.0205914 -0.019359 -0.0213251 -0.0264516 -0.0155729 -0.0191463 -0.0166 -0.0141589 5.56374e-05 0.000412505
internal_weight=5623 860 668 544 465 390 283 124 192 205 125 107 4763 2703
internal_count=5623 860 668 544 465 390 283 124 192 205 125 107 4763 2703
is_linear=0
shrinkage=0.05


Tree=235
num_leaves=15
num_cat=0
split_feature=16 7 0 17 4 12 7 12 4 8 7 16 18 17
split_gain=111.831 1.71636 1.58067 1.24665 1.86313 1.48976 1.31522 1.46145 1.05087 0.759073 0.692032 0.409216 0.352941 0.308767
threshold=0.20980795610425237 985.1500000000002 3.8500000000000001 28.550000000000004 -0.92384435400961373 -0.49159999999999993 969.6500000000002 0.42180000000000006 -0.88697705852364728 -0.60354999999999992 975.75000000000011 1.0000000180025095e-35 27.150000000000002 11.15
decision_type=2 2 2 2 2 2 2 2 2 2 2 2 2 2
left_child=1 2 11 5 -5 -4 -6 -8 -7 -10 -11 -1 -9 -2
right_child=13 -3 3 4 6 8 7 12 9 10 -12 -13 -14 -15
leaf_value=-6.9396428550448542e-08 -0.0010923566301226781 -6.9396428550448542e-08 -6.9396428550448542e-08 -6.9396428550448542e-08 -6.9396428550448542e-08 -6.9396428550448542e-08 -6.9396428550448542e-08 -6.9396428550448542e-08 -6.9396428550448542e-08 -6.9396428550448542e-08 -6.9396428550448542e-08 -6.9396428550448542e-08 -6.9396428550448542e-08 0.0022141929471951841
leaf_weight=54 1715 68 52 56 69 96 105 51 64 89 52 53 51 3048
leaf_count=54 1715 68 52 56 69 96 105 51 64 89 52 53 51 3048
internal_value=-0.0029406 -0.0195349 -0.0201894 -0.0193066 -0.021506 -0.017238 -0.0198188 -0.0218116 -0.018588 -0.0206098 -0.0226596 -0.0258411 -0.017549 5.56374e-05
internal_weight=5623 860 792 685 332 353 276 207 301 205 141 107 102 4763
internal_count=5623 860 792 685 332 353 276 207 301 205 141 107 102 4763
is_linear=0
shrinkage=0.05


Tree=236
num_leaves=15
num_cat=0
split_feature=16 7 0 17 4 12 7 12 3 3 7 7 16 12
split_gain=111.831 1.71636 1.58067 1.24665 1.86313 1.48976 1.31522 1.46145 1.21695 1.40358 0.936524 0.498626 0.409216 0.307912
threshold=0.20980795610425237 985.1500000000002 3.8500000000000001 28.550000000000004 -0.92384435400961373 -0.49159999999999993 969.6500000000002 0.42180000000000006 -0.4539904997395468 -0.29237170472273694 975.75000000000011 972.45000000000016 1.0000000180025095e-35 0.99820000000000009
decision_type=2 2 2 2 2 2 2 2 2 2 2 2 2 2
left_child=1 2 12 5 -5 -4 -6 -8 10 -10 11 -7 -1 -2
right_child=13 -3 3 4 6 8 7 -9 9 -11 -12 -13 -14 -15
leaf_value=-6.5926607122926116e-08 -2.8812124490017797e-05 -6.5926607122926116e-08 -6.5926607122926116e-08 -6.5926607122926116e-08 -6.5926607122926116e-08 -6.5926607122926116e-08 -6.5926607122926116e-08 -6.5926607122926116e-08 -6.5926607122926116e-08 -6.5926607122926116e-08 -6.5926607122926116e-08 -6.5926607122926116e-08 -6.5926607122926116e-08 0.0097660587481227246
leaf_weight=54 4602 68 52 56 69 56 105 102 57 69 67 52 53 161
leaf_count=54 4602 68 52 56 69 56 105 102 57 69 67 52 53 161
internal_value=-0.0029406 -0.0195349 -0.0201894 -0.0193066 -0.021506 -0.017238 -0.0198188 -0.0218116 -0.018588 -0.0148413 -0.0212857 -0.0241667 -0.0258411 5.56374e-05
internal_weight=5623 860 792 685 332 353 276 207 301 126 175 108 107 4763
internal_count=5623 860 792 685 332 353 276 207 301 126 175 108 107 4763
is_linear=0
shrinkage=0.05


Tree=237
num_leaves=15
num_cat=0
split_feature=16 7 0 17 4 12 7 12 3 3 7 18 16 18
split_gain=111.831 1.71636 1.58067 1.24665 1.86313 1.48976 1.31522 1.46145 1.21695 1.40358 0.936524 0.547241 0.409216 0.352941
threshold=0.20980795610425237 985.1500000000002 3.8500000000000001 28.550000000000004 -0.92384435400961373 -0.49159999999999993 969.6500000000002 0.42180000000000006 -0.4539904997395468 -0.29237170472273694 975.75000000000011 23.650000000000002 1.0000000180025095e-35 27.150000000000002
decision_type=2 2 2 2 2 2 2 2 2 2 2 2 2 2
left_child=1 2 12 5 -5 -4 -6 -8 10 -10 11 -7 -1 -9
right_child=-2 -3 3 4 6 8 7 13 9 -11 -12 -13 -14 -15
leaf_value=-6.2630276766779812e-08 0.00010952397376946793 -6.2630276766779812e-08 -6.2630276766779812e-08 -6.2630276766779812e-08 -6.2630276766779812e-08 -6.2630276766779812e-08 -6.2630276766779812e-08 -6.2630276766779812e-08 -6.2630276766779812e-08 -6.2630276766779812e-08 -6.2630276766779812e-08 -6.2630276766779812e-08 -6.2630276766779812e-08 -6.2630276766779812e-08
leaf_weight=54 4763 68 52 56 69 50 105 51 57 69 67 58 53 51
leaf_count=54 4763 68 52 56 69 50 105 51 57 69 67 58 53 51
internal_value=-0.0029406 -0.0195349 -0.0201894 -0.0193066 -0.021506 -0.017238 -0.0198188 -0.0218116 -0.018588 -0.0148413 -0.0212857 -0.0241667 -0.0258411 -0.017549
internal_weight=5623 860 792 685 332 353 276 207 301 126 175 108 107 102
internal_count=5623 860 792 685 332 353 276 207 301 126 175 108 107 102
is_linear=0
shrinkage=0.05


Tree=238
num_leaves=15
num_cat=0
split_feature=0 0 7 14 12 14 5 12 4 7 15 3 4 9
split_gain=80.5094 31.2748 3.07183 1.10735 1.66181 2.11732 1.41853 1.10306 1.02667 1.11074 0.961034 1.01734 0.864429 0.318144
threshold=25.050000000000004 4.1500000000000012 985.1500000000002 29.385000000000002 0.42180000000000006 31.900000000000002 1.1179786912237708 0.15950000000000003 -0.85260769842926898 975.95000000000016 23.560000000000006 -0.53727914962411594 0.18222858652173771 0.60355000000000014
decision_type=2 2 2 2 2 2 2 2 2 2 2 2 2 2
left_child=1 2 12 7 5 -5 -6 10 -9 -10 -2 -12 -1 -3
right_child=3 13 -4 4 6 -7 -8 8 9 -11 11 -13 -14 -15
leaf_value=-5.949876292844082e-08 -5.949876292844082e-08 -0.00061009074831206171 -5.949876292844082e-08 -5.949876292844082e-08 -5.949876292844082e-08 -5.949876292844082e-08 -5.949876292844082e-08 -5.949876292844082e-08 -5.949876292844082e-08 -5.949876292844082e-08 -5.949876292844082e-08 -5.949876292844082e-08 -5.949876292844082e-08 0.0021727223090907788
leaf_weight=76 56 3384 64 78 55 82 50 70 76 74 60 64 55 1379
leaf_count=76 56 3384 64 78 55 82 50 70 76 74 60 64 55 1379
internal_value=-0.00294949 -0.00075837 -0.0203846 -0.0192857 -0.0217925 -0.025 -0.0169048 -0.017625 -0.02 -0.0223333 -0.0147222 -0.0171774 -0.024771 4.51398e-05
internal_weight=5623 4958 195 665 265 160 105 400 220 150 180 124 131 4763
internal_count=5623 4958 195 665 265 160 105 400 220 150 180 124 131 4763
is_linear=0
shrinkage=0.05


Tree=239
num_leaves=15
num_cat=0
split_feature=16 7 0 17 4 12 7 12 3 3 7 18 16 18
split_gain=111.711 1.71636 1.58067 1.24665 1.86313 1.48976 1.31522 1.46145 1.21695 1.40358 0.936524 0.547241 0.409216 0.352941
threshold=0.20980795610425237 985.1500000000002 3.8500000000000001 28.550000000000004 -0.92384435400961373 -0.49159999999999993 969.6500000000002 0.42180000000000006 -0.4539904997395468 -0.29237170472273694 975.75000000000011 23.650000000000002 1.0000000180025095e-35 27.150000000000002
decision_type=2 2 2 2 2 2 2 2 2 2 2 2 2 2
left_child=1 2 12 5 -5 -4 -6 -8 10 -10 11 -7 -1 -9
right_child=-2 -3 3 4 6 8 7 13 9 -11 -12 -13 -14 -15
leaf_value=-5.6523824782018782e-08 9.5914600468473044e-05 -5.6523824782018782e-08 -5.6523824782018782e-08 -5.6523824782018782e-08 -5.6523824782018782e-08 -5.6523824782018782e-08 -5.6523824782018782e-08 -5.6523824782018782e-08 -5.6523824782018782e-08 -5.6523824782018782e-08 -5.6523824782018782e-08 -5.6523824782018782e-08 -5.6523824782018782e-08 -5.6523824782018782e-08
leaf_weight=54 4763 68 52 56 69 50 105 51 57 69 67 58 53 51
leaf_count=54 4763 68 52 56 69 50 105 51 57 69 67 58 53 51
internal_value=-0.00294949 -0.0195349 -0.0201894 -0.0193066 -0.021506 -0.017238 -0.0198188 -0.0218116 -0.018588 -0.0148413 -0.0212857 -0.0241667 -0.0258411 -0.017549
internal_weight=5623 860 792 685 332 353 276 207 301 126 175 108 107 102
internal_count=5623 860 792 685 332 353 276 207 301 126 175 108 107 102
is_linear=0
shrinkage=0.05


Tree=240
num_leaves=15
num_cat=0
split_feature=16 7 0 17 4 12 7 12 3 3 7 7 16 3
split_gain=111.711 1.71636 1.58067 1.24665 1.86313 1.48976 1.31522 1.46145 1.21695 1.40358 0.936524 0.498626 0.409216 0.350465
threshold=0.20980795610425237 985.1500000000002 3.8500000000000001 28.550000000000004 -0.92384435400961373 -0.49159999999999993 969.6500000000002 0.42180000000000006 -0.4539904997395468 -0.29237170472273694 975.75000000000011 972.45000000000016 1.0000000180025095e-35 -0.99535829673000931
decision_type=2 2 2 2 2 2 2 2 2 2 2 2 2 2
left_child=1 2 12 5 -5 -4 -6 -8 10 -10 11 -7 -1 -2
right_child=13 -3 3 4 6 8 7 -9 9 -11 -12 -13 -14 -15
leaf_value=-5.3697633542917839e-08 -0.0082028266616427647 -5.3697633542917839e-08 -5.3697633542917839e-08 -5.3697633542917839e-08 -5.3697633542917839e-08 -5.3697633542917839e-08 -5.3697633542917839e-08 -5.3697633542917839e-08 -5.3697633542917839e-08 -5.3697633542917839e-08 -5.3697633542917839e-08 -5.3697633542917839e-08 -5.3697633542917839e-08 0.00022765952165348103
leaf_weight=54 150 68 52 56 69 56 105 102 57 69 67 52 53 4613
leaf_count=54 150 68 52 56 69 56 105 102 57 69 67 52 53 4613
internal_value=-0.00294949 -0.0195349 -0.0201894 -0.0193066 -0.021506 -0.017238 -0.0198188 -0.0218116 -0.018588 -0.0148413 -0.0212857 -0.0241667 -0.0258411 4.51398e-05
internal_weight=5623 860 792 685 332 353 276 207 301 126 175 108 107 4763
internal_count=5623 860 792 685 332 353 276 207 301 126 175 108 107 4763
is_linear=0
shrinkage=0.05


Tree=241
num_leaves=15
num_cat=0
split_feature=16 7 0 17 12 3 3 12 7 5 7 18 16 0
split_gain=111.831 1.71636 1.58067 1.24665 1.48976 1.21695 1.40358 1.20634 1.23034 1.06425 0.936524 0.547241 0.409216 0.344367
threshold=0.20980795610425237 985.1500000000002 3.8500000000000001 28.550000000000004 -0.49159999999999993 -0.4539904997395468 -0.29237170472273694 0.42180000000000006 969.6500000000002 1.1171711757301654 975.75000000000011 23.650000000000002 1.0000000180025095e-35 30.550000000000004
decision_type=2 2 2 2 2 2 2 2 2 2 2 2 2 2
left_child=1 2 12 4 -4 10 -7 8 -5 -9 11 -6 -1 -10
right_child=-2 -3 3 7 5 6 -8 9 13 -11 -12 -13 -14 -15
leaf_value=-5.1012751865771948e-08 0.00011312419269288095 -5.1012751865771948e-08 -5.1012751865771948e-08 -5.1012751865771948e-08 -5.1012751865771948e-08 -5.1012751865771948e-08 -5.1012751865771948e-08 -5.1012751865771948e-08 -5.1012751865771948e-08 -5.1012751865771948e-08 -5.1012751865771948e-08 -5.1012751865771948e-08 -5.1012751865771948e-08 -5.1012751865771948e-08
leaf_weight=54 4763 68 52 85 50 57 69 68 56 52 67 58 53 71
leaf_count=54 4763 68 52 85 50 57 69 68 56 52 67 58 53 71
internal_value=-0.0029406 -0.0195349 -0.0201894 -0.0193066 -0.017238 -0.018588 -0.0148413 -0.021506 -0.0237736 -0.0175 -0.0212857 -0.0241667 -0.0258411 -0.0268898
internal_weight=5623 860 792 685 353 301 126 332 212 120 175 108 107 127
internal_count=5623 860 792 685 353 301 126 332 212 120 175 108 107 127
is_linear=0
shrinkage=0.05


Tree=242
num_leaves=15
num_cat=0
split_feature=16 5 5 8 0 15 9 17 15 18 9 5 15 14
split_gain=111.831 1.55205 2.03333 1.95283 1.46905 1.59494 1.41227 1.11302 0.830744 0.925521 0.822913 0.767869 1.01171 0.289373
threshold=0.20980795610425237 1.1281336744899015 1.118509522668149 0.60355000000000014 4.0500000000000007 23.560000000000006 0.78655000000000008 27.550000000000004 28.185000000000006 31.050000000000004 0.78655000000000008 1.1335267554782447 9.7900000000000009 25.615000000000006
decision_type=2 2 2 2 2 2 2 2 2 2 2 2 2 2
left_child=1 2 3 4 -1 10 8 -4 -7 -10 -6 -3 -13 -2
right_child=13 11 7 -5 5 6 -8 -9 9 -11 -12 12 -14 -15
leaf_value=-4.8462114272483356e-08 0.00018889720674895979 -4.8462114272483356e-08 -4.8462114272483356e-08 -4.8462114272483356e-08 -4.8462114272483356e-08 -4.8462114272483356e-08 -4.8462114272483356e-08 -4.8462114272483356e-08 -4.8462114272483356e-08 -4.8462114272483356e-08 -4.8462114272483356e-08 -4.8462114272483356e-08 -4.8462114272483356e-08 -0.02168981308253129
leaf_weight=75 4711 52 57 79 54 80 78 67 54 71 53 71 69 52
leaf_count=75 4711 52 57 79 54 80 78 67 54 71 53 71 69 52
internal_value=-0.0029406 -0.0195349 -0.0206737 -0.0193566 -0.0205914 -0.019359 -0.0213251 -0.0264516 -0.0191463 -0.0166 -0.0141589 -0.0155729 -0.0175 5.56374e-05
internal_weight=5623 860 668 544 465 390 283 124 205 125 107 192 140 4763
internal_count=5623 860 668 544 465 390 283 124 205 125 107 192 140 4763
is_linear=0
shrinkage=0.05


Tree=243
num_leaves=15
num_cat=0
split_feature=16 7 0 17 4 12 7 12 3 3 7 18 16 18
split_gain=111.711 1.71636 1.58067 1.24665 1.86313 1.48976 1.31522 1.46145 1.21695 1.40358 0.936524 0.547241 0.409216 0.352941
threshold=0.20980795610425237 985.1500000000002 3.8500000000000001 28.550000000000004 -0.92384435400961373 -0.49159999999999993 969.6500000000002 0.42180000000000006 -0.4539904997395468 -0.29237170472273694 975.75000000000011 23.650000000000002 1.0000000180025095e-35 27.150000000000002
decision_type=2 2 2 2 2 2 2 2 2 2 2 2 2 2
left_child=1 2 12 5 -5 -4 -6 -8 10 -10 11 -7 -1 -9
right_child=-2 -3 3 4 6 8 7 13 9 -11 -12 -13 -14 -15
leaf_value=-4.6039008558859192e-08 9.8023122720506385e-05 -4.6039008558859192e-08 -4.6039008558859192e-08 -4.6039008558859192e-08 -4.6039008558859192e-08 -4.6039008558859192e-08 -4.6039008558859192e-08 -4.6039008558859192e-08 -4.6039008558859192e-08 -4.6039008558859192e-08 -4.6039008558859192e-08 -4.6039008558859192e-08 -4.6039008558859192e-08 -4.6039008558859192e-08
leaf_weight=54 4763 68 52 56 69 50 105 51 57 69 67 58 53 51
leaf_count=54 4763 68 52 56 69 50 105 51 57 69 67 58 53 51
internal_value=-0.00294949 -0.0195349 -0.0201894 -0.0193066 -0.021506 -0.017238 -0.0198188 -0.0218116 -0.018588 -0.0148413 -0.0212857 -0.0241667 -0.0258411 -0.017549
internal_weight=5623 860 792 685 332 353 276 207 301 126 175 108 107 102
internal_count=5623 860 792 685 332 353 276 207 301 126 175 108 107 102
is_linear=0
shrinkage=0.05


Tree=244
num_leaves=15
num_cat=0
split_feature=16 7 0 17 4 12 7 12 3 3 7 18 16 18
split_gain=111.592 1.71636 1.58067 1.24665 1.86313 1.48976 1.31522 1.46145 1.21695 1.40358 0.936524 0.547241 0.409216 0.352941
threshold=0.20980795610425237 985.1500000000002 3.8500000000000001 28.550000000000004 -0.92384435400961373 -0.49159999999999993 969.6500000000002 0.42180000000000006 -0.4539904997395468 -0.29237170472273694 975.75000000000011 23.650000000000002 1.0000000180025095e-35 27.150000000000002
decision_type=2 2 2 2 2 2 2 2 2 2 2 2 2 2
left_child=1 2 12 5 -5 -4 -6 -8 10 -10 11 -7 -1 -9
right_child=-2 -3 3 4 6 8 7 13 9 -11 -12 -13 -14 -15
leaf_value=-4.373705813091623e-08 9.312196658460335e-05 -4.373705813091623e-08 -4.373705813091623e-08 -4.373705813091623e-08 -4.373705813091623e-08 -4.373705813091623e-08 -4.373705813091623e-08 -4.373705813091623e-08 -4.373705813091623e-08 -4.373705813091623e-08 -4.373705813091623e-08 -4.373705813091623e-08 -4.373705813091623e-08 -4.373705813091623e-08
leaf_weight=54 4763 68 52 56 69 50 105 51 57 69 67 58 53 51
leaf_count=54 4763 68 52 56 69 50 105 51 57 69 67 58 53 51
internal_value=-0.00295838 -0.0195349 -0.0201894 -0.0193066 -0.021506 -0.017238 -0.0198188 -0.0218116 -0.018588 -0.0148413 -0.0212857 -0.0241667 -0.0258411 -0.017549
internal_weight=5623 860 792 685 332 353 276 207 301 126 175 108 107 102
internal_count=5623 860 792 685 332 353 276 207 301 126 175 108 107 102
is_linear=0
shrinkage=0.05


Tree=245
num_leaves=15
num_cat=0
split_feature=16 7 1 17 4 12 7 12 3 3 7 18 16 18
split_gain=111.592 1.71636 1.58067 1.24665 1.86313 1.48976 1.31522 1.46145 1.21695 1.40358 0.936524 0.547241 0.409216 0.352941
threshold=0.20980795610425237 985.1500000000002 5.3144794187211071 28.550000000000004 -0.92384435400961373 -0.49159999999999993 969.6500000000002 0.42180000000000006 -0.4539904997395468 -0.29237170472273694 975.75000000000011 23.650000000000002 1.0000000180025095e-35 27.150000000000002
decision_type=2 2 2 2 2 2 2 2 2 2 2 2 2 2
left_child=1 2 12 5 -5 -4 -6 -8 10 -10 11 -7 -1 -9
right_child=-2 -3 3 4 6 8 7 13 9 -11 -12 -13 -14 -15
leaf_value=-4.1550205224370419e-08 8.8465868255323664e-05 -4.1550205224370419e-08 -4.1550205224370419e-08 -4.1550205224370419e-08 -4.1550205224370419e-08 -4.1550205224370419e-08 -4.1550205224370419e-08 -4.1550205224370419e-08 -4.1550205224370419e-08 -4.1550205224370419e-08 -4.1550205224370419e-08 -4.1550205224370419e-08 -4.1550205224370419e-08 -4.1550205224370419e-08
leaf_weight=54 4763 68 52 56 69 50 105 51 57 69 67 58 53 51
leaf_count=54 4763 68 52 56 69 50 105 51 57 69 67 58 53 51
internal_value=-0.00295838 -0.0195349 -0.0201894 -0.0193066 -0.021506 -0.017238 -0.0198188 -0.0218116 -0.018588 -0.0148413 -0.0212857 -0.0241667 -0.0258411 -0.017549
internal_weight=5623 860 792 685 332 353 276 207 301 126 175 108 107 102
internal_count=5623 860 792 685 332 353 276 207 301 126 175 108 107 102
is_linear=0
shrinkage=0.05


Tree=246
num_leaves=15
num_cat=0
split_feature=16 7 1 17 4 10 7 10 15 3 3 7 7 16
split_gain=111.592 1.71636 1.58067 1.24665 1.86313 1.35278 1.31522 1.30047 2.19472 1.16397 1.40358 0.874174 0.572311 0.409216
threshold=0.20980795610425237 985.1500000000002 5.3144794187211071 28.550000000000004 -0.92384435400961373 -0.68299999999999994 969.6500000000002 -1.0000000180025095e-35 29.655000000000005 -0.4539904997395468 -0.29237170472273694 975.75000000000011 972.45000000000016 1.0000000180025095e-35
decision_type=2 2 2 2 2 2 2 2 2 2 2 2 2 2
left_child=1 2 13 5 -5 -4 -6 -8 -9 11 -11 12 -7 -1
right_child=-2 -3 3 4 6 9 7 8 -10 10 -12 -13 -14 -15
leaf_value=-3.94726949631519e-08 8.4042574842394787e-05 -3.94726949631519e-08 -3.94726949631519e-08 -3.94726949631519e-08 -3.94726949631519e-08 -3.94726949631519e-08 -3.94726949631519e-08 -3.94726949631519e-08 -3.94726949631519e-08 -3.94726949631519e-08 -3.94726949631519e-08 -3.94726949631519e-08 -3.94726949631519e-08 -3.94726949631519e-08
leaf_weight=54 4763 68 51 56 69 57 52 73 82 57 69 67 52 53
leaf_count=54 4763 68 51 56 69 57 52 73 82 57 69 67 52 53
internal_value=-0.00295838 -0.0195349 -0.0201894 -0.0193066 -0.021506 -0.017238 -0.0198188 -0.0218116 -0.0195161 -0.0185099 -0.0148413 -0.0211364 -0.0238991 -0.0258411
internal_weight=5623 860 792 685 332 353 276 207 155 302 126 176 109 107
internal_count=5623 860 792 685 332 353 276 207 155 302 126 176 109 107
is_linear=0
shrinkage=0.05


Tree=247
num_leaves=15
num_cat=0
split_feature=16 7 0 17 4 12 7 12 3 3 7 18 16 18
split_gain=111.472 1.71636 1.58067 1.24665 1.86313 1.48976 1.31522 1.46145 1.21695 1.40358 0.936524 0.547241 0.409216 0.352941
threshold=0.20980795610425237 985.1500000000002 3.8500000000000001 28.550000000000004 -0.92384435400961373 -0.49159999999999993 969.6500000000002 0.42180000000000006 -0.4539904997395468 -0.29237170472273694 975.75000000000011 23.650000000000002 1.0000000180025095e-35 27.150000000000002
decision_type=2 2 2 2 2 2 2 2 2 2 2 2 2 2
left_child=1 2 12 5 -5 -4 -6 -8 10 -10 11 -7 -1 -9
right_child=-2 -3 3 4 6 8 7 13 9 -11 -12 -13 -14 -15
leaf_value=-3.7499060214994303e-08 7.9840446100341422e-05 -3.7499060214994303e-08 -3.7499060214994303e-08 -3.7499060214994303e-08 -3.7499060214994303e-08 -3.7499060214994303e-08 -3.7499060214994303e-08 -3.7499060214994303e-08 -3.7499060214994303e-08 -3.7499060214994303e-08 -3.7499060214994303e-08 -3.7499060214994303e-08 -3.7499060214994303e-08 -3.7499060214994303e-08
leaf_weight=54 4763 68 52 56 69 50 105 51 57 69 67 58 53 51
leaf_count=54 4763 68 52 56 69 50 105 51 57 69 67 58 53 51
internal_value=-0.00296728 -0.0195349 -0.0201894 -0.0193066 -0.021506 -0.017238 -0.0198188 -0.0218116 -0.018588 -0.0148413 -0.0212857 -0.0241667 -0.0258411 -0.017549
internal_weight=5623 860 792 685 332 353 276 207 301 126 175 108 107 102
internal_count=5623 860 792 685 332 353 276 207 301 126 175 108 107 102
is_linear=0
shrinkage=0.05


Tree=248
num_leaves=15
num_cat=0
split_feature=16 7 0 13 8 0 18 3 14 14 14 5 16 3
split_gain=111.472 1.71636 1.58067 1.08955 2.00832 1.95334 1.08655 1.47627 1.04769 1.2634 1.09033 0.680549 0.409216 0.36
threshold=0.20980795610425237 985.1500000000002 3.8500000000000001 -0.86974999999999991 -0.60354999999999992 32.750000000000007 19.950000000000003 -0.55191596924288666 31.900000000000002 29.385000000000002 26.085000000000004 1.1136732000027216 1.0000000180025095e-35 -0.72534675097891066
decision_type=2 2 2 2 2 2 2 2 2 2 2 2 2 2
left_child=1 2 12 4 -4 6 -5 13 9 10 -6 -12 -1 -8
right_child=-2 -3 3 5 8 -7 7 -9 -10 -11 11 -13 -14 -15
leaf_value=-3.5624107204244591e-08 7.5848423795134276e-05 -3.5624107204244591e-08 -3.5624107204244591e-08 -3.5624107204244591e-08 -3.5624107204244591e-08 -3.5624107204244591e-08 -3.5624107204244591e-08 -3.5624107204244591e-08 -3.5624107204244591e-08 -3.5624107204244591e-08 -3.5624107204244591e-08 -3.5624107204244591e-08 -3.5624107204244591e-08 -3.5624107204244591e-08
leaf_weight=54 4763 68 90 79 73 56 50 54 65 57 61 50 53 50
leaf_count=54 4763 68 90 79 73 56 50 54 65 57 61 50 53 50
internal_value=-0.00296728 -0.0195349 -0.0201894 -0.0193066 -0.0210101 -0.0169723 -0.0149571 -0.0174026 -0.0229412 -0.0244606 -0.0224457 -0.0193243 -0.0258411 -0.021
internal_weight=5623 860 792 685 396 289 233 154 306 241 184 111 107 100
internal_count=5623 860 792 685 396 289 233 154 306 241 184 111 107 100
is_linear=0
shrinkage=0.05


Tree=249
num_leaves=15
num_cat=0
split_feature=16 7 1 17 4 12 7 12 3 3 7 18 16 18
split_gain=111.472 1.71636 1.58067 1.24665 1.86313 1.48976 1.31522 1.46145 1.21695 1.40358 0.936524 0.547241 0.409216 0.352941
threshold=0.20980795610425237 985.1500000000002 5.3144794187211071 28.550000000000004 -0.92384435400961373 -0.49159999999999993 969.6500000000002 0.42180000000000006 -0.4539904997395468 -0.29237170472273694 975.75000000000011 23.650000000000002 1.0000000180025095e-35 27.150000000000002
decision_type=2 2 2 2 2 2 2 2 2 2 2 2 2 2
left_child=1 2 12 5 -5 -4 -6 -8 10 -10 11 -7 -1 -9
right_child=-2 -3 3 4 6 8 7 13 9 -11 -12 -13 -14 -15
leaf_value=-3.3842901844032358e-08 7.2056002605558865e-05 -3.3842901844032358e-08 -3.3842901844032358e-08 -3.3842901844032358e-08 -3.3842901844032358e-08 -3.3842901844032358e-08 -3.3842901844032358e-08 -3.3842901844032358e-08 -3.3842901844032358e-08 -3.3842901844032358e-08 -3.3842901844032358e-08 -3.3842901844032358e-08 -3.3842901844032358e-08 -3.3842901844032358e-08
leaf_weight=54 4763 68 52 56 69 50 105 51 57 69 67 58 53 51
leaf_count=54 4763 68 52 56 69 50 105 51 57 69 67 58 53 51
internal_value=-0.00296728 -0.0195349 -0.0201894 -0.0193066 -0.021506 -0.017238 -0.0198188 -0.0218116 -0.018588 -0.0148413 -0.0212857 -0.0241667 -0.0258411 -0.017549
internal_weight=5623 860 792 685 332 353 276 207 301 126 175 108 107 102
internal_count=5623 860 792 685 332 353 276 207 301 126 175 108 107 102
is_linear=0
shrinkage=0.05


Tree=250
num_leaves=15
num_cat=0
split_feature=16 7 0 17 4 12 7 12 4 8 7 16 18 12
split_gain=111.472 1.71636 1.58067 1.24665 1.86313 1.48976 1.31522 1.46145 1.05087 0.759073 0.692032 0.409216 0.352941 0.317001
threshold=0.20980795610425237 985.1500000000002 3.8500000000000001 28.550000000000004 -0.92384435400961373 -0.49159999999999993 969.6500000000002 0.42180000000000006 -0.88697705852364728 -0.60354999999999992 975.75000000000011 1.0000000180025095e-35 27.150000000000002 0.99820000000000009
decision_type=2 2 2 2 2 2 2 2 2 2 2 2 2 2
left_child=1 2 11 5 -5 -4 -6 -8 -7 -10 -11 -1 -9 -2
right_child=13 -3 3 4 6 8 7 12 9 10 -12 -13 -14 -15
leaf_value=-3.2150756751830748e-08 -6.3192875862866705e-05 -3.2150756751830748e-08 -3.2150756751830748e-08 -3.2150756751830748e-08 -3.2150756751830748e-08 -3.2150756751830748e-08 -3.2150756751830748e-08 -3.2150756751830748e-08 -3.2150756751830748e-08 -3.2150756751830748e-08 -3.2150756751830748e-08 -3.2150756751830748e-08 -3.2150756751830748e-08 0.0096634586617859279
leaf_weight=54 4602 68 52 56 69 96 105 51 64 89 52 53 51 161
leaf_count=54 4602 68 52 56 69 96 105 51 64 89 52 53 51 161
internal_value=-0.00296728 -0.0195349 -0.0201894 -0.0193066 -0.021506 -0.017238 -0.0198188 -0.0218116 -0.018588 -0.0206098 -0.0226596 -0.0258411 -0.017549 2.41446e-05
internal_weight=5623 860 792 685 332 353 276 207 301 205 141 107 102 4763
internal_count=5623 860 792 685 332 353 276 207 301 205 141 107 102 4763
is_linear=0
shrinkage=0.05


Tree=251
num_leaves=15
num_cat=0
split_feature=16 7 0 17 4 12 7 12 4 15 15 16 18 0
split_gain=111.233 1.71636 1.58067 1.24665 1.86313 1.48976 1.31522 1.46145 1.05087 0.628125 0.715921 0.409216 0.352941 0.317373
threshold=0.20980795610425237 985.1500000000002 3.8500000000000001 28.550000000000004 -0.92384435400961373 -0.49159999999999993 969.6500000000002 0.42180000000000006 -0.88697705852364728 23.010000000000002 26.685000000000006 1.0000000180025095e-35 27.150000000000002 11.450000000000001
decision_type=2 2 2 2 2 2 2 2 2 2 2 2 2 2
left_child=1 2 11 5 -5 -4 -6 -8 -7 -10 -11 -1 -9 -2
right_child=13 -3 3 4 6 8 7 12 9 10 -12 -13 -14 -15
leaf_value=-3.0543218914239209e-08 -0.0010200556963881116 -3.0543218914239209e-08 -3.0543218914239209e-08 -3.0543218914239209e-08 -3.0543218914239209e-08 -3.0543218914239209e-08 -3.0543218914239209e-08 -3.0543218914239209e-08 -3.0543218914239209e-08 -3.0543218914239209e-08 -3.0543218914239209e-08 -3.0543218914239209e-08 -3.0543218914239209e-08 0.0024514993951293947
leaf_weight=54 1832 68 52 56 69 96 105 51 95 56 54 53 51 2931
leaf_count=54 1832 68 52 56 69 96 105 51 95 56 54 53 51 2931
internal_value=-0.00298506 -0.0195349 -0.0201894 -0.0193066 -0.021506 -0.017238 -0.0198188 -0.0218116 -0.018588 -0.0206098 -0.0231818 -0.0258411 -0.017549 3.14946e-06
internal_weight=5623 860 792 685 332 353 276 207 301 205 110 107 102 4763
internal_count=5623 860 792 685 332 353 276 207 301 205 110 107 102 4763
is_linear=0
shrinkage=0.05


Tree=252
num_leaves=15
num_cat=0
split_feature=16 7 0 4 3 4 3 13 18 18 6 15 14 16
split_gain=111.233 1.71636 1.58067 1.11102 1.13929 1.52005 1.184 0.861946 1.51634 0.88422 0.771742 0.718596 0.563623 0.409216
threshold=0.20980795610425237 985.1500000000002 3.8500000000000001 -0.95368063612909437 -0.4539904997395468 -0.90992662233962529 -0.74892720285008318 -0.85669999999999991 22.350000000000005 26.350000000000005 33.650000000000013 30.740000000000006 28.085000000000004 1.0000000180025095e-35
decision_type=2 2 2 2 2 2 2 2 2 2 2 2 2 2
left_child=1 2 13 -4 6 -6 10 8 -8 -10 -5 -11 -9 -1
right_child=-2 -3 3 4 5 -7 7 12 9 11 -12 -13 -14 -15
leaf_value=-2.9016057968527245e-08 2.6276562848528815e-05 -2.9016057968527245e-08 -2.9016057968527245e-08 -2.9016057968527245e-08 -2.9016057968527245e-08 -2.9016057968527245e-08 -2.9016057968527245e-08 -2.9016057968527245e-08 -2.9016057968527245e-08 -2.9016057968527245e-08 -2.9016057968527245e-08 -2.9016057968527245e-08 -2.9016057968527245e-08 -2.9016057968527245e-08
leaf_weight=54 4763 68 73 74 92 77 50 50 51 50 53 64 51 53
leaf_count=54 4763 68 73 74 92 77 50 50 51 50 53 64 51 53
internal_value=-0.00298506 -0.0195349 -0.0201894 -0.0193066 -0.0186111 -0.0151183 -0.0199436 -0.0215823 -0.0233721 -0.0210606 -0.0158661 -0.0235088 -0.0177723 -0.0258411
internal_weight=5623 860 792 685 612 169 443 316 215 165 127 114 101 107
internal_count=5623 860 792 685 612 169 443 316 215 165 127 114 101 107
is_linear=0
shrinkage=0.05


Tree=253
num_leaves=15
num_cat=0
split_feature=16 7 0 17 12 3 3 12 13 3 5 7 18 16
split_gain=111.233 1.71636 1.58067 1.24665 1.48976 1.21695 1.40358 1.20634 1.68878 2.23584 1.06425 0.936524 0.547241 0.409216
threshold=0.20980795610425237 985.1500000000002 3.8500000000000001 28.550000000000004 -0.49159999999999993 -0.4539904997395468 -0.29237170472273694 0.42180000000000006 -0.97314999999999985 -0.39073112848927366 1.1171711757301654 975.75000000000011 23.650000000000002 1.0000000180025095e-35
decision_type=2 2 2 2 2 2 2 2 2 2 2 2 2 2
left_child=1 2 13 4 -4 11 -7 8 9 -5 -9 12 -6 -1
right_child=-2 -3 3 7 5 6 -8 10 -10 -11 -12 -13 -14 -15
leaf_value=-2.7565255070100881e-08 2.4962734706071422e-05 -2.7565255070100881e-08 -2.7565255070100881e-08 -2.7565255070100881e-08 -2.7565255070100881e-08 -2.7565255070100881e-08 -2.7565255070100881e-08 -2.7565255070100881e-08 -2.7565255070100881e-08 -2.7565255070100881e-08 -2.7565255070100881e-08 -2.7565255070100881e-08 -2.7565255070100881e-08 -2.7565255070100881e-08
leaf_weight=54 4763 68 52 89 50 57 69 68 73 50 52 67 58 53
leaf_count=54 4763 68 52 89 50 57 69 68 73 50 52 67 58 53
internal_value=-0.00298506 -0.0195349 -0.0201894 -0.0193066 -0.017238 -0.018588 -0.0148413 -0.021506 -0.0237736 -0.0205396 -0.0175 -0.0212857 -0.0241667 -0.0258411
internal_weight=5623 860 792 685 353 301 126 332 212 139 120 175 108 107
internal_count=5623 860 792 685 353 301 126 332 212 139 120 175 108 107
is_linear=0
shrinkage=0.05


Tree=254
num_leaves=15
num_cat=0
split_feature=16 7 0 17 4 12 7 12 4 8 7 16 18 10
split_gain=111.233 1.71636 1.58067 1.24665 1.86313 1.48976 1.31522 1.46145 1.05087 0.759073 0.692032 0.409216 0.352941 0.300729
threshold=0.20980795610425237 985.1500000000002 3.8500000000000001 28.550000000000004 -0.92384435400961373 -0.49159999999999993 969.6500000000002 0.42180000000000006 -0.88697705852364728 -0.60354999999999992 975.75000000000011 1.0000000180025095e-35 27.150000000000002 -1.0000000180025095e-35
decision_type=2 2 2 2 2 2 2 2 2 2 2 2 2 2
left_child=1 2 11 5 -5 -4 -6 13 -7 -10 -11 -1 -9 -8
right_child=-2 -3 3 4 6 8 7 12 9 10 -12 -13 -14 -15
leaf_value=-2.6186992316595838e-08 2.3714597970701367e-05 -2.6186992316595838e-08 -2.6186992316595838e-08 -2.6186992316595838e-08 -2.6186992316595838e-08 -2.6186992316595838e-08 -2.6186992316595838e-08 -2.6186992316595838e-08 -2.6186992316595838e-08 -2.6186992316595838e-08 -2.6186992316595838e-08 -2.6186992316595838e-08 -2.6186992316595838e-08 -2.6186992316595838e-08
leaf_weight=54 4763 68 52 56 69 96 52 51 64 89 52 53 51 53
leaf_count=54 4763 68 52 56 69 96 52 51 64 89 52 53 51 53
internal_value=-0.00298506 -0.0195349 -0.0201894 -0.0193066 -0.021506 -0.017238 -0.0198188 -0.0218116 -0.018588 -0.0206098 -0.0226596 -0.0258411 -0.017549 -0.0259524
internal_weight=5623 860 792 685 332 353 276 207 301 205 141 107 102 105
internal_count=5623 860 792 685 332 353 276 207 301 205 141 107 102 105
is_linear=0
shrinkage=0.05


Tree=255
num_leaves=15
num_cat=0
split_feature=16 7 0 13 8 0 18 3 14 14 14 5 16 3
split_gain=111.233 1.71636 1.58067 1.08955 2.00832 1.95334 1.08655 1.47627 1.04769 1.2634 1.09033 0.680549 0.409216 0.36
threshold=0.20980795610425237 985.1500000000002 3.8500000000000001 -0.86974999999999991 -0.60354999999999992 32.750000000000007 19.950000000000003 -0.55191596924288666 31.900000000000002 29.385000000000002 26.085000000000004 1.1136732000027216 1.0000000180025095e-35 -0.72534675097891066
decision_type=2 2 2 2 2 2 2 2 2 2 2 2 2 2
left_child=1 2 12 4 -4 6 -5 13 9 10 -6 -12 -1 -8
right_child=-2 -3 3 5 8 -7 7 -9 -10 -11 11 -13 -14 -15
leaf_value=-2.4877642700766045e-08 2.2528868072149551e-05 -2.4877642700766045e-08 -2.4877642700766045e-08 -2.4877642700766045e-08 -2.4877642700766045e-08 -2.4877642700766045e-08 -2.4877642700766045e-08 -2.4877642700766045e-08 -2.4877642700766045e-08 -2.4877642700766045e-08 -2.4877642700766045e-08 -2.4877642700766045e-08 -2.4877642700766045e-08 -2.4877642700766045e-08
leaf_weight=54 4763 68 90 79 73 56 50 54 65 57 61 50 53 50
leaf_count=54 4763 68 90 79 73 56 50 54 65 57 61 50 53 50
internal_value=-0.00298506 -0.0195349 -0.0201894 -0.0193066 -0.0210101 -0.0169723 -0.0149571 -0.0174026 -0.0229412 -0.0244606 -0.0224457 -0.0193243 -0.0258411 -0.021
internal_weight=5623 860 792 685 396 289 233 154 306 241 184 111 107 100
internal_count=5623 860 792 685 396 289 233 154 306 241 184 111 107 100
is_linear=0
shrinkage=0.05


Tree=256
num_leaves=15
num_cat=0
split_feature=16 7 0 4 3 4 3 13 18 18 6 14 7 16
split_gain=111.233 1.71636 1.58067 1.11102 1.13929 1.52005 1.184 0.861946 1.51634 0.88422 0.771742 0.563623 0.438596 0.409216
threshold=0.20980795610425237 985.1500000000002 3.8500000000000001 -0.95368063612909437 -0.4539904997395468 -0.90992662233962529 -0.74892720285008318 -0.85669999999999991 22.350000000000005 26.350000000000005 33.650000000000013 28.085000000000004 970.55000000000007 1.0000000180025095e-35
decision_type=2 2 2 2 2 2 2 2 2 2 2 2 2 2
left_child=1 2 13 -4 6 -6 10 8 -8 -10 -5 -9 -11 -1
right_child=-2 -3 3 4 5 -7 7 11 9 12 -12 -13 -14 -15
leaf_value=-2.3633760565727745e-08 2.1402424668528881e-05 -2.3633760565727745e-08 -2.3633760565727745e-08 -2.3633760565727745e-08 -2.3633760565727745e-08 -2.3633760565727745e-08 -2.3633760565727745e-08 -2.3633760565727745e-08 -2.3633760565727745e-08 -2.3633760565727745e-08 -2.3633760565727745e-08 -2.3633760565727745e-08 -2.3633760565727745e-08 -2.3633760565727745e-08
leaf_weight=54 4763 68 73 74 92 77 50 50 51 50 53 51 64 53
leaf_count=54 4763 68 73 74 92 77 50 50 51 50 53 51 64 53
internal_value=-0.00298506 -0.0195349 -0.0201894 -0.0193066 -0.0186111 -0.0151183 -0.0199436 -0.0215823 -0.0233721 -0.0210606 -0.0158661 -0.0177723 -0.0235088 -0.0258411
internal_weight=5623 860 792 685 612 169 443 316 215 165 127 101 114 107
internal_count=5623 860 792 685 612 169 443 316 215 165 127 101 114 107
is_linear=0
shrinkage=0.05


Tree=257
num_leaves=15
num_cat=0
split_feature=16 7 0 17 4 10 7 10 15 3 3 7 7 16
split_gain=111.233 1.71636 1.58067 1.24665 1.86313 1.35278 1.31522 1.30047 2.19472 1.16397 1.40358 0.874174 0.572311 0.409216
threshold=0.20980795610425237 985.1500000000002 3.8500000000000001 28.550000000000004 -0.92384435400961373 -0.68299999999999994 969.6500000000002 -1.0000000180025095e-35 29.655000000000005 -0.4539904997395468 -0.29237170472273694 975.75000000000011 972.45000000000016 1.0000000180025095e-35
decision_type=2 2 2 2 2 2 2 2 2 2 2 2 2 2
left_child=1 2 13 5 -5 -4 -6 -8 -9 11 -11 12 -7 -1
right_child=-2 -3 3 4 6 9 7 8 -10 10 -12 -13 -14 -15
leaf_value=-2.2452072537441357e-08 2.0332303435160304e-05 -2.2452072537441357e-08 -2.2452072537441357e-08 -2.2452072537441357e-08 -2.2452072537441357e-08 -2.2452072537441357e-08 -2.2452072537441357e-08 -2.2452072537441357e-08 -2.2452072537441357e-08 -2.2452072537441357e-08 -2.2452072537441357e-08 -2.2452072537441357e-08 -2.2452072537441357e-08 -2.2452072537441357e-08
leaf_weight=54 4763 68 51 56 69 57 52 73 82 57 69 67 52 53
leaf_count=54 4763 68 51 56 69 57 52 73 82 57 69 67 52 53
internal_value=-0.00298506 -0.0195349 -0.0201894 -0.0193066 -0.021506 -0.017238 -0.0198188 -0.0218116 -0.0195161 -0.0185099 -0.0148413 -0.0211364 -0.0238991 -0.0258411
internal_weight=5623 860 792 685 332 353 276 207 155 302 126 176 109 107
internal_count=5623 860 792 685 332 353 276 207 155 302 126 176 109 107
is_linear=0
shrinkage=0.05


Tree=258
num_leaves=15
num_cat=0
split_feature=16 7 0 17 12 3 3 12 13 3 5 7 18 16
split_gain=111.233 1.71636 1.58067 1.24665 1.48976 1.21695 1.40358 1.20634 1.68878 2.23584 1.06425 0.936524 0.547241 0.409216
threshold=0.20980795610425237 985.1500000000002 3.8500000000000001 28.550000000000004 -0.49159999999999993 -0.4539904997395468 -0.29237170472273694 0.42180000000000006 -0.97314999999999985 -0.39073112848927366 1.1171711757301654 975.75000000000011 23.650000000000002 1.0000000180025095e-35
decision_type=2 2 2 2 2 2 2 2 2 2 2 2 2 2
left_child=1 2 13 4 -4 11 -7 8 9 -5 -9 12 -6 -1
right_child=-2 -3 3 7 5 6 -8 10 -10 -11 -12 -13 -14 -15
leaf_value=-2.1329468910569291e-08 1.9315688263381991e-05 -2.1329468910569291e-08 -2.1329468910569291e-08 -2.1329468910569291e-08 -2.1329468910569291e-08 -2.1329468910569291e-08 -2.1329468910569291e-08 -2.1329468910569291e-08 -2.1329468910569291e-08 -2.1329468910569291e-08 -2.1329468910569291e-08 -2.1329468910569291e-08 -2.1329468910569291e-08 -2.1329468910569291e-08
leaf_weight=54 4763 68 52 89 50 57 69 68 73 50 52 67 58 53
leaf_count=54 4763 68 52 89 50 57 69 68 73 50 52 67 58 53
internal_value=-0.00298506 -0.0195349 -0.0201894 -0.0193066 -0.017238 -0.018588 -0.0148413 -0.021506 -0.0237736 -0.0205396 -0.0175 -0.0212857 -0.0241667 -0.0258411
internal_weight=5623 860 792 685 353 301 126 332 212 139 120 175 108 107
internal_count=5623 860 792 685 353 301 126 332 212 139 120 175 108 107
is_linear=0
shrinkage=0.05


end of trees

feature_importances:
surface_pressure=575
wind_speed_10m=420
wind_dir_sin=404
power_curve_estimate=369
day_of_year_sin=360
wind_speed_lag_1h=306
wind_dir_cos=298
wind_speed_lag_6h=187
air_density=152
wind_speed_rolling_6h=100
day_of_year_cos=78
hour_cos=72
temperature_2m=69
wind_speed_rolling_3h=65
wind_speed_100m=58
hour_sin=55
month_sin=35
month_cos=19
wind_gusts_10m=4

parameters:
[boosting: gbdt]
[objective: quantile]
[metric: quantile]
[tree_learner: serial]
[device_type: cpu]
[data_sample_strategy: bagging]
[data: ]
[valid: ]
[num_iterations: 1000]
[learning_rate: 0.05]
[num_leaves: 15]
[num_threads: 20]
[seed: 42]
[deterministic: 0]
[force_col_wise: 0]
[force_row_wise: 0]
[histogram_pool_size: -1]
[max_depth: -1]
[min_data_in_leaf: 50]
[min_sum_hessian_in_leaf: 0.001]
[bagging_fraction: 0.85]
[pos_bagging_fraction: 1]
[neg_bagging_fraction: 1]
[bagging_freq: 0]
[bagging_seed: 400]
[bagging_by_query: 0]
[feature_fraction: 0.9]
[feature_fraction_bynode: 1]
[feature_fraction_seed: 30056]
[extra_trees: 0]
[extra_seed: 12879]
[early_stopping_round: 0]
[early_stopping_min_delta: 0]
[first_metric_only: 0]
[max_delta_step: 0]
[lambda_l1: 0]
[lambda_l2: 0]
[linear_lambda: 0]
[min_gain_to_split: 0]
[drop_rate: 0.1]
[max_drop: 50]
[skip_drop: 0.5]
[xgboost_dart_mode: 0]
[uniform_drop: 0]
[drop_seed: 17869]
[top_rate: 0.2]
[other_rate: 0.1]
[min_data_per_group: 100]
[max_cat_threshold: 32]
[cat_l2: 10]
[cat_smooth: 10]
[max_cat_to_onehot: 4]
[top_k: 20]
[monotone_constraints: ]
[monotone_constraints_method: basic]
[monotone_penalty: 0]
[feature_contri: ]
[forcedsplits_filename: ]
[refit_decay_rate: 0.9]
[cegb_tradeoff: 1]
[cegb_penalty_split: 0]
[cegb_penalty_feature_lazy: ]
[cegb_penalty_feature_coupled: ]
[path_smooth: 0]
[interaction_constraints: ]
[verbosity: -1]
[saved_feature_importance_type: 0]
[use_quantized_grad: 0]
[num_grad_quant_bins: 4]
[quant_train_renew_leaf: 0]
[stochastic_rounding: 1]
[linear_tree: 0]
[max_bin: 255]
[max_bin_by_feature: ]
[min_data_in_bin: 3]
[bin_construct_sample_cnt: 200000]
[data_random_seed: 175]
[is_enable_sparse: 1]
[enable_bundle: 1]
[use_missing: 1]
[zero_as_missing: 0]
[feature_pre_filter: 1]
[pre_partition: 0]
[two_round: 0]
[header: 0]
[label_column: ]
[weight_column: ]
[group_column: ]
[ignore_column: ]
[categorical_feature: ]
[forcedbins_filename: ]
[precise_float_parser: 0]
[parser_config_file: ]
[objective_seed: 16083]
[num_class: 1]
[is_unbalance: 0]
[scale_pos_weight: 1]
[sigmoid: 1]
[boost_from_average: 1]
[reg_sqrt: 0]
[alpha: 0.1]
[fair_c: 1]
[poisson_max_delta_step: 0.7]
[tweedie_variance_power: 1.5]
[lambdarank_truncation_level: 30]
[lambdarank_norm: 1]
[label_gain: ]
[lambdarank_position_bias_regularization: 0]
[eval_at: ]
[multi_error_top_k: 1]
[auc_mu_weights: ]
[num_machines: 1]
[local_listen_port: 12400]
[time_out: 120]
[machine_list_filename: ]
[machines: ]
[gpu_platform_id: -1]
[gpu_device_id: -1]
[gpu_device_id_list: ]
[gpu_use_dp: 0]
[num_gpu: 1]

end of parameters

pandas_categorical:[]
