tree
version=v4
num_class=1
num_tree_per_iteration=1
label_index=0
max_feature_idx=18
objective=quantile
feature_names=ghi dni dhi temp_air wind_speed humidity cloud_cover_pct hour_sin hour_cos doy_sin doy_cos solar_elevation solar_azimuth clearsky_index lag_1h_generation lag_24h_generation rolling_mean_24h rolling_std_24h physics_estimate_kw
feature_infos=[0:938] [0:788.39999999999998] [0:457] [4.5:49.299999999999997] [0:47.399999999999999] [3:99] [0:100] [-1:1] [-1:1] [-0.99999073973619013:0.99999073973619013] [-0.99996295911626554:0.99985183920911624] [-82.247286723775701:82.808884083144434] [9.8787960934865851:355.2603799118466] [0:1] [0:94.014188613361881] [0:94.014188613361881] [0:26.725384680195802] [0:35.898931027556529] [0:93.952423930367132]
tree_sizes=931 1049 1535 1318 1707 1707 1878 1792 2128 2047 2050 2219 2203 2487 2563 2642 2489 2582 2652 2732 2743 2724 2741 2730 2726 2407 2754 2671 2657 2674 2772 2776 2763 2745 2754 2765 2771 2797 2776 2779 2793 2789 2784 2773 2759 2783 2736 2751 2744 2799 2787 2782 2768 2804 2787 2802 2788 2798 2806 2821 2813 2800 2808 2819 2813 2824 2809 2815 2824 2793 2808 2822 2821 2788 2791 2835 2798 2827 2825 2817 2806 2826 2807 2792 2805 2819 2807 2803 2795 2819 2841 2801 2828 2793 2827 2813 2821 2830 2804 2832 2842 2836 2808 2808 2832 2830 2817 2823 2811 2804 2831 2812 2783 2792 2819 2802 2817 2830 2822 2803 2816 2804 2813 2792 2799 2815 2798 2812 2788 2815 2802 2816 2797 2806 2805 2799 2821 2807 2815 2822 2808 2804 2793 2807 2797 2820 2784 2789 2822 2815 2815 2809 2811 2823 2811 2789 2804 2796 2785 2807 2822 2818 2781 2805 2797 2823 2806 2811 2815 2846 2800 2817 2807 2815 2790 2807 2809 2811 2770 2814 2798 2829 2764 2835 2791 2827 2810 2815 2814 2806 2830 2836 2820 2813 2822 2818 2828 2810 2815 2809 2807 2782 2828 2814 2805 2833 2818 2813 2824 2811 2815 2810 2811 2798 2807 2798 2811 2796 2812 2816 2824 2824 2841 2833 2828 2817 2825 2845 2823 2818 2823 2851 2823 2835 2842 2839 2837 2839 2818 2821 2818 2809 2851 2848 2835 2820 2803 2830 2816 2839 2822 2831 2865 2808 2805 2840 2825 2831 2830 2844 2846 2820 2843 2832 2806 2807 2843 2872 2833 2820 2832 2846 2830 2830 2818 2815 2804 2834 2787 2820 2842 2827 2846 2855 2804 2844 2843 2795 2836 2809 2840 2844 2839 2843 2829 2845 2809 2814 2830 2813

Tree=0
num_leaves=10
num_cat=0
split_feature=18 10 4 9 11 0 0 3 0
split_gain=1750.81 0.012178 0.037013 0.00567499 0.0395022 9.09495e-13 7.10543e-15 7.10543e-15 2.22045e-16
threshold=1.0000000180025095e-35 0.99164058729498161 13.65 -0.99273952934267318 56.05731918080911 3.5000000000000004 851.50000000000011 30.750000000000004 695.50000000000011
decision_type=2 2 2 2 2 2 2 2 2
left_child=5 3 -3 4 8 -1 -5 -7 -2
right_child=1 2 -4 6 -6 7 -8 -9 -10
leaf_value=0 0.12953759433528803 0.27293433335575229 0.022352853882783897 0.15456795127742595 3.456271248918259 0 3.4399177584546807 0 3.3550128585420311
leaf_weight=3293 116 57 20 3326 22 32 111 20 30
leaf_count=3293 116 57 20 3326 22 32 111 20 30
internal_value=-0.0188153 0.00497284 0.00435065 0.00498613 0.00470238 -0.045 0.005 -0.045 0.005
internal_weight=7027 3682 77 3605 168 3345 3437 52 146
internal_count=7027 3682 77 3605 168 3345 3437 52 146
is_linear=0
shrinkage=0.05


Tree=1
num_leaves=11
num_cat=0
split_feature=18 0 10 4 9 11 0 4 0 0
split_gain=1748.26 0.791244 0.013264 0.0359155 0.00567156 0.0395022 4.54747e-13 4.54747e-13 2.22045e-16 1.11022e-16
threshold=0.14633312961828854 9.5000000000000018 0.99164058729498161 13.350000000000003 -0.99273952934267318 56.05731918080911 6.5000000000000009 28.150000000000002 695.50000000000011 510.50000000000006
decision_type=2 2 2 2 2 2 2 2 2 2
left_child=6 -2 4 9 5 8 7 -1 -3 -4
right_child=1 2 3 -5 -6 -7 -8 -9 -10 -11
leaf_value=0 -0.0004849432492205319 0.12306071461852362 0.26888880067248738 0.74041227069386817 0.20038578132560844 3.2834576864723459 -0.0057071084915197613 0 3.1872622156149295 3.5148616614794066
leaf_weight=3264 20 116 30 20 3393 22 31 80 30 21
leaf_count=3264 20 116 30 20 3393 22 31 80 30 21
internal_value=-0.0190572 0.00491785 0.00497247 0.00429577 0.00498596 0.00470238 -0.045 -0.045 0.005 0.005
internal_weight=7027 3652 3632 71 3561 168 3375 3344 146 51
internal_count=7027 3652 3632 71 3561 168 3375 3344 146 51
is_linear=0
shrinkage=0.05


Tree=2
num_leaves=17
num_cat=0
split_feature=18 18 0 13 14 10 4 9 11 0 4 0 0 0 0 0
split_gain=1732.24 5.59534 7.11111 0.32752 0.158815 0.0134533 0.0357143 0.00566748 0.0395022 4.54747e-13 4.54747e-13 7.10543e-15 7.10543e-15 7.10543e-15 2.22045e-16 1.11022e-16
threshold=0.34929047467215518 0.14633312961828854 9.5000000000000018 0.016418838862559248 8.5026160070816434 0.99164058729498161 13.15 -0.99273952934267318 56.05731918080911 4.5000000000000009 3.4500000000000006 898.50000000000011 400.50000000000006 6.5000000000000009 695.50000000000011 510.50000000000006
decision_type=2 2 2 2 2 2 2 2 2 2 2 2 2 2 2 2
left_child=1 4 -3 -2 9 7 15 8 14 10 -1 12 -9 -11 -5 -7
right_child=3 2 -4 5 -6 6 -8 11 -10 13 -12 -13 -14 -15 -16 -17
leaf_value=0 0.001096210724474539 -0.00046069608675950585 -0.0063914434321521944 0.11690767888759744 -0.0034794968563093501 0.25515614833522138 0.80938621816934175 0.086021118686718356 3.1192848021487287 0 0 3.5353450156873807 1.9113254579397179 -0.0054246566916692392 3.0278991048341832 3.339118578405436
leaf_weight=66 27 20 25 116 25 29 20 1476 22 30 3232 24 1842 22 30 21
leaf_count=66 27 20 25 116 25 29 20 1476 22 30 3232 24 1842 22 30 21
internal_value=-0.0192422 -0.0447368 -0.0272222 0.00493069 -0.0449704 0.00497207 0.00428571 0.00498576 0.00470238 -0.045 -0.045 0.005 0.005 -0.045 0.005 0.005
internal_weight=7027 3420 45 3607 3375 3580 70 3510 168 3350 3298 3342 3318 52 146 50
internal_count=7027 3420 45 3607 3375 3580 70 3510 168 3350 3298 3342 3318 52 146 50
is_linear=0
shrinkage=0.05


Tree=3
num_leaves=14
num_cat=0
split_feature=18 14 2 0 18 10 4 9 11 0 0 0 0
split_gain=1709.98 14.7585 5.16609 4.55005 0.820867 0.0134526 0.0357143 0.00566724 0.0395022 4.54747e-13 7.10543e-15 2.22045e-16 1.11022e-16
threshold=0.34929047467215518 8.5026160070816434 7.5000000000000009 9.5000000000000018 0.58164303268527673 0.99164058729498161 13.15 -0.99273952934267318 56.05731918080911 3.5000000000000004 898.50000000000011 695.50000000000011 510.50000000000006
decision_type=2 2 2 2 2 2 2 2 2 2 2 2 2
left_child=1 2 9 -4 -2 7 12 8 11 -1 -9 -6 -7
right_child=4 -3 3 -5 5 6 -8 10 -10 -11 -12 -13 -14
leaf_value=0 -0.00091848725059026637 -0.0046880429304414278 -0.00040845600655942777 -0.0058854758404664337 0.11106229494321758 0.24239834091846035 0.76891690726087469 0.23741099116090605 2.9633205620412921 -0.0046167188466431771 3.3585777649030115 2.8765041495924741 3.1721626494851645
leaf_weight=3283 30 35 23 20 116 29 20 3315 22 59 24 30 21
leaf_count=3283 30 35 23 20 116 29 20 3315 22 59 24 30 21
internal_value=-0.0191141 -0.0444444 -0.0447784 -0.0275581 0.00490297 0.00497204 0.00428571 0.00498574 0.00470238 -0.045 0.005 0.005 0.005
internal_weight=7027 3420 3385 43 3607 3577 70 3507 168 3342 3339 146 50
internal_count=7027 3420 3385 43 3607 3577 70 3507 168 3342 3339 146 50
is_linear=0
shrinkage=0.05


Tree=4
num_leaves=19
num_cat=0
split_feature=0 18 18 14 3 18 5 6 13 10 4 9 11 3 0 0 0 3
split_gain=1662.53 32.3822 13.1828 4.51509 2.24403 2.03346 1.02935 0.582882 0.042076 0.0134402 0.0357143 0.00566286 0.0395022 4.54747e-13 7.10543e-15 2.22045e-16 1.11022e-16 1.11022e-16
threshold=3.5000000000000004 0.68754958640011699 1.0000000180025095e-35 6.3656501350523191 31.750000000000004 0.34929047467215518 59.500000000000007 4.5000000000000009 0.022816176579953298 0.99164058729498161 13.15 -0.99273952934267318 56.05731918080911 39.550000000000004 898.50000000000011 695.50000000000011 510.50000000000006 30.350000000000005
decision_type=2 2 2 2 2 2 2 2 2 2 2 2 2 2 2 2 2 2
left_child=3 2 17 13 5 7 -7 -4 -3 11 16 12 15 -1 -13 -10 -11 -2
right_child=1 8 4 -5 -6 6 -8 -9 9 10 -12 14 -14 -15 -16 -17 -18 -19
leaf_value=0 0.00023083594233215887 0.00077461181049073293 -0.0039117925965769587 0 -0.0051266073276593251 -0.00084884547350657529 -0.0036366647722915315 -0.0044188464482848664 0.10550918019605669 0.23027842387253733 0.73047106189783095 0.25308322612984108 2.8151545339392277 0 3.1906488766578613 2.7326789421128503 3.0135545170109062 0.00023083594233215887
leaf_weight=3244 29 23 23 22 39 21 22 30 116 29 20 3262 22 27 24 30 21 23
leaf_count=3244 29 23 23 22 39 21 22 30 116 29 20 3262 22 27 24 30 21 23
internal_value=-0.0189505 0.00388859 -0.0163904 -0.0448482 -0.0246296 -0.0205208 -0.0124419 -0.0270755 0.00495771 0.00497162 0.00428571 0.00498552 0.00470238 -0.045 0.005 0.005 0.005 0.005
internal_weight=7027 3734 187 3293 135 96 43 53 3547 3524 70 3454 168 3271 3286 146 50 52
internal_count=7027 3734 187 3293 135 96 43 53 3547 3524 70 3454 168 3271 3286 146 50 52
is_linear=0
shrinkage=0.05


Tree=5
num_leaves=19
num_cat=0
split_feature=0 18 18 14 3 18 5 6 0 10 4 9 11 3 0 0 0 3
split_gain=1665.27 28.3733 11.5865 4.51509 2.50401 1.59646 1.37043 0.462127 0.315517 0.013439 0.0357143 0.00566244 0.0395022 4.54747e-13 7.10543e-15 2.22045e-16 1.11022e-16 1.11022e-16
threshold=3.5000000000000004 0.68754958640011699 1.0000000180025095e-35 6.3656501350523191 31.750000000000004 0.34929047467215518 59.500000000000007 4.5000000000000009 18.500000000000004 0.99164058729498161 13.15 -0.99273952934267318 56.05731918080911 39.550000000000004 542.50000000000011 695.50000000000011 510.50000000000006 30.350000000000005
decision_type=2 2 2 2 2 2 2 2 2 2 2 2 2 2 2 2 2 2
left_child=3 2 17 13 5 7 -7 -4 -3 11 16 12 15 -1 -13 -10 -11 -2
right_child=1 8 4 -5 -6 6 -8 -9 9 10 -12 14 -14 -15 -16 -17 -18 -19
leaf_value=0 0.00021929414521555093 -0.00081738352505482674 -0.0037162029667481113 0 -0.0048702769612763578 -0.00080640319983124478 -0.0034548315336769553 -0.0041979041258706235 0.10023372118625384 0.21876450267891046 0.69394750880293943 0.12760029032181411 2.6743968072422661 0 2.4335128848523948 2.5960449950072078 2.8628767911603608 0.00021929414521555093
leaf_weight=3244 29 28 23 22 39 21 22 30 116 29 20 1908 22 27 1373 30 21 23
leaf_count=3244 29 28 23 22 39 21 22 30 116 29 20 1908 22 27 1373 30 21 23
internal_value=-0.0189291 0.00392876 -0.0150535 -0.0448482 -0.0227778 -0.0184375 -0.0112791 -0.0242453 0.00492952 0.00497158 0.00428571 0.0049855 0.00470238 -0.045 0.005 0.005 0.005 0.005
internal_weight=7027 3734 187 3293 135 96 43 53 3547 3519 70 3449 168 3271 3281 146 50 52
internal_count=7027 3734 187 3293 135 96 43 53 3547 3519 70 3449 168 3271 3281 146 50 52
is_linear=0
shrinkage=0.05


Tree=6
num_leaves=21
num_cat=0
split_feature=0 18 18 14 2 0 18 18 13 18 10 4 9 11 3 0 0 0 0 3
split_gain=1668.02 23.1623 9.52458 4.51509 3.40503 4.8833 4.77176 4.26667 0.952701 0.0420613 0.0134313 0.0357143 0.00565973 0.0395022 4.54747e-13 7.10543e-15 7.10543e-15 2.22045e-16 1.11022e-16 1.11022e-16
threshold=3.5000000000000004 0.68754958640011699 1.0000000180025095e-35 6.3656501350523191 7.5000000000000009 9.5000000000000018 0.34929047467215518 0.58164303268527673 0.02505707762557078 1.4041755510523894 0.99164058729498161 13.15 -0.99273952934267318 56.05731918080911 39.550000000000004 898.50000000000011 818.50000000000011 695.50000000000011 510.50000000000006 30.350000000000005
decision_type=2 2 2 2 2 2 2 2 2 2 2 2 2 2 2 2 2 2 2 2
left_child=3 2 19 14 -4 -6 -7 -8 -3 -10 12 18 13 17 -1 16 -14 -11 -12 -2
right_child=1 8 4 -5 5 6 7 -9 9 10 11 -13 15 -15 -16 -17 -18 -19 -20 -21
leaf_value=0 0.0002083294379547734 -0.0021955912738189534 -0.0045080450455440083 0 5.9230450681838949e-05 -0.0053181692895731946 -0.00051798807276232648 -0.0037437401802870441 0.0036401027813017018 0.095222035126941162 0.20782627754496491 0.65925013336279248 0.24294100403426239 2.5406769668801528 0 2.9094407885823483 3.0175095032813015 2.4662427452568476 2.7197329516023427 0.0002083294379547734
leaf_weight=3244 29 37 22 22 28 25 30 30 23 116 29 20 3019 22 27 24 206 30 21 23
leaf_count=3244 29 37 22 22 28 25 30 30 23 116 29 20 3019 22 27 24 206 30 21 23
internal_value=-0.0189078 0.00396893 -0.0131818 -0.0448482 -0.0201852 -0.0166814 -0.0226471 -0.015 0.00487313 0.00495727 0.00497132 0.00428571 0.00498537 0.00470238 -0.045 0.005 0.005 0.005 0.005 0.005
internal_weight=7027 3734 187 3293 135 113 85 60 3547 3510 3487 70 3417 168 3271 3249 3225 146 50 52
internal_count=7027 3734 187 3293 135 113 85 60 3547 3510 3487 70 3417 168 3271 3249 3225 146 50 52
is_linear=0
shrinkage=0.05


Tree=7
num_leaves=20
num_cat=0
split_feature=0 18 18 14 2 0 18 18 2 11 10 4 9 11 3 0 0 0 3
split_gain=1670.76 20.4654 8.437 4.51509 3.9887 3.97544 3.95373 3.26667 1.1805 0.788167 0.0134329 0.0357143 0.00566032 0.0395022 4.54747e-13 7.10543e-15 2.22045e-16 1.11022e-16 1.11022e-16
threshold=3.5000000000000004 0.68754958640011699 1.0000000180025095e-35 6.3656501350523191 7.5000000000000009 9.5000000000000018 0.34929047467215518 0.58164303268527673 19.500000000000004 -1.8237865023002413 0.99164058729498161 13.15 -0.99273952934267318 56.05731918080911 39.550000000000004 542.50000000000011 695.50000000000011 510.50000000000006 30.350000000000005
decision_type=2 2 2 2 2 2 2 2 2 2 2 2 2 2 2 2 2 2 2
left_child=3 2 18 14 -4 -6 -7 -8 9 -3 12 17 13 16 -1 -14 -10 -12 -2
right_child=1 8 4 -5 5 6 7 -9 10 -11 11 -13 15 -15 -16 -17 -18 -19 -20
leaf_value=0 0.00019791296605703473 0.0013030732677136612 -0.0042826427932668087 0 5.6268928147746625e-05 -0.0050522608250945355 -0.00049208866912421048 -0.003556553171272694 0.090460933370594118 -0.0039801602935742343 0.19743496366771668 0.62628762669465277 0.12730603206072494 2.4136431185361453 0 2.2996901904080622 2.3429306079940049 2.5837463040222257 0.00019791296605703473
leaf_weight=3244 29 28 22 22 28 25 30 30 116 25 29 20 1883 22 27 1373 30 21 23
leaf_count=3244 29 28 22 22 28 25 30 30 116 25 29 20 1883 22 27 1373 30 21 23
internal_value=-0.0188864 0.00400911 -0.0121123 -0.0448482 -0.0187037 -0.0149115 -0.0202941 -0.0133333 0.00485904 -0.00254717 0.00497138 0.00428571 0.0049854 0.00470238 -0.045 0.005 0.005 0.005 0.005
internal_weight=7027 3734 187 3293 135 113 85 60 3547 53 3494 70 3424 168 3271 3256 146 50 52
internal_count=7027 3734 187 3293 135 113 85 60 3547 53 3494 70 3424 168 3271 3256 146 50 52
is_linear=0
shrinkage=0.05


Tree=8
num_leaves=24
num_cat=0
split_feature=0 18 18 2 14 12 0 0 18 5 13 3 13 10 4 9 11 3 0 0 1 0 3
split_gain=1670.76 17.7765 4.7643 6.78731 4.51509 2.393 1.33472 2.77778 1.12678 1.07188 0.686525 0.241071 0.046186 0.0134224 0.0357143 0.00565661 0.0395022 4.54747e-13 7.10543e-15 2.22045e-16 2.22045e-16 1.11022e-16 1.11022e-16
threshold=3.5000000000000004 1.6444520525020312 1.0000000180025095e-35 7.5000000000000009 6.3656501350523191 280.24522673836947 14.500000000000002 9.5000000000000018 0.47702471635287869 51.500000000000007 0.022816176579953298 28.650000000000002 0.036811201445347795 0.99164058729498161 13.15 -0.99273952934267318 56.05731918080911 39.550000000000004 841.00000000000011 695.50000000000011 645.70000000000016 510.50000000000006 30.350000000000005
decision_type=2 2 2 2 2 2 2 2 2 2 2 2 2 2 2 2 2 2 2 2 2 2 2
left_child=4 2 22 -4 17 6 7 -5 -7 -9 -10 -8 -3 15 21 16 19 -1 -17 -14 -20 -15 -2
right_child=1 12 3 5 -6 8 11 9 10 -11 -12 -13 13 14 -16 18 -18 -19 20 -21 -22 -23 -24
leaf_value=0 0.00018801731775418298 0.0072560969312188695 -0.0040685106536034682 9.7400513156147006e-05 0 -0.0048348332389213542 -0.0016131563420106376 -0.0041578758220357712 -0.00049316531268229211 -0.003290177736210511 -0.0026974719020103179 0.00038545597194977174 0.085937886702064398 0.18756321548433086 0.59497324535992013 0.26176633351263662 2.2929609626093379 0 2.665190168521455 2.2257840775943047 2.8162817014069366 2.4545589888211143 0.00018801731775418298
leaf_weight=3244 29 21 22 24 22 21 21 23 20 25 27 27 116 29 20 3069 22 27 58 30 86 21 23
leaf_count=3244 29 21 22 24 22 21 21 23 20 25 27 27 116 29 20 3069 22 27 58 30 86 21 23
internal_value=-0.0188864 0.00400911 -0.00854962 -0.0119048 -0.0448482 -0.00882979 -0.00458333 -0.00888889 -0.0163235 -0.0158333 -0.0120213 0.001875 0.0049568 0.00497102 0.00428571 0.00498521 0.00470238 -0.045 0.005 0.005 0.005 0.005 0.005
internal_weight=7027 3734 262 210 3293 188 120 72 68 48 47 48 3472 3451 70 3381 168 3271 3213 146 144 50 52
internal_count=7027 3734 262 210 3293 188 120 72 68 48 47 48 3472 3451 70 3381 168 3271 3213 146 144 50 52
is_linear=0
shrinkage=0.05


Tree=9
num_leaves=23
num_cat=0
split_feature=0 18 14 18 2 12 15 15 4 2 7 13 10 4 9 11 3 0 0 1 0 3
split_gain=1676.26 14.8902 4.51509 3.99309 7.54536 2.01919 1.03154 2.58069 0.796323 0.693619 0.183529 0.046186 0.0134224 0.0357143 0.00565661 0.0395022 4.54747e-13 7.10543e-15 2.22045e-16 2.22045e-16 1.11022e-16 1.11022e-16
threshold=3.5000000000000004 1.6444520525020312 6.3656501350523191 1.0000000180025095e-35 7.5000000000000009 280.24522673836947 0.66663509656356035 0.31915975886824305 10.450000000000001 14.500000000000002 0.91597561503675362 0.036811201445347795 0.99164058729498161 13.15 -0.99273952934267318 56.05731918080911 39.550000000000004 841.00000000000011 695.50000000000011 645.70000000000016 510.50000000000006 30.350000000000005
decision_type=2 2 2 2 2 2 2 2 2 2 2 2 2 2 2 2 2 2 2 2 2 2
left_child=2 3 16 21 -5 6 7 -6 -7 -10 -8 -3 14 20 15 18 -1 -16 -13 -19 -14 -2
right_child=1 11 -4 4 5 8 10 -9 9 -11 -12 12 13 -15 17 -17 -18 19 -20 -21 -22 -23
leaf_value=0 0.00017861645186647383 0.0068932920846579209 0 -0.0038650851209232947 5.7041516655965099e-05 -0.0044950661276162845 0.0018152103037002703 -0.0038367778378923956 -0.003610908617012948 -0.00048182362356035248 -0.00090521965242377524 0.081640992366961193 0.17818505471011431 0.56522458309192414 0.24867801683700477 2.1783129144788709 0 2.5319306600953819 2.1144948737145892 2.67546761633659 2.331831039380059 0.00017861645186647383
leaf_weight=3244 29 21 22 22 31 20 26 38 26 22 25 116 29 20 3069 22 27 58 30 86 21 23
leaf_count=3244 29 21 22 22 31 20 26 38 26 22 25 116 29 20 3069 22 27 58 30 86 21 23
internal_value=-0.0188437 0.00408945 -0.0448482 -0.00740458 -0.0104762 -0.00723404 -0.00333333 -0.00731884 -0.0141176 -0.010625 0.00205882 0.0049568 0.00497102 0.00428571 0.00498521 0.00470238 -0.045 0.005 0.005 0.005 0.005 0.005
internal_weight=7027 3734 3293 262 210 188 120 69 68 48 51 3472 3451 70 3381 168 3271 3213 146 144 50 52
internal_count=7027 3734 3293 262 210 188 120 69 68 48 51 3472 3451 70 3381 168 3271 3213 146 144 50 52
is_linear=0
shrinkage=0.05


Tree=10
num_leaves=23
num_cat=0
split_feature=0 18 14 18 2 12 17 9 15 15 17 13 1 10 4 9 11 3 0 0 0 3
split_gain=1667.1 16.6279 4.51509 3.95417 5.31752 2.92744 2.8668 1.20144 1.23117 2.35475 0.991605 0.422477 0.121385 0.0134149 0.0357143 0.00572568 0.0394304 4.54747e-13 3.55271e-15 2.22045e-16 1.11022e-16 1.11022e-16
threshold=3.5000000000000004 2.0138292979816659 6.3656501350523191 1.0000000180025095e-35 7.5000000000000009 280.24522673836947 24.728933597324602 0.03872192231363817 0.66663509656356035 0.31915975886824305 26.847232540836242 0.042175009727436485 23.950000000000003 0.99164058729498161 13.15 -0.99273952934267318 56.05731918080911 39.550000000000004 676.50000000000011 554.50000000000011 510.50000000000006 30.350000000000005
decision_type=2 2 2 2 2 2 2 2 2 2 2 2 2 2 2 2 2 2 2 2 2 2
left_child=2 3 17 21 -5 7 -7 -6 9 -9 -8 -3 -10 15 20 16 19 -1 -17 -13 -15 -2
right_child=1 11 -4 4 5 6 10 8 12 -11 -12 13 -14 14 -16 18 -18 -19 -20 -21 -22 -23
leaf_value=0 0.00016968562927315012 -0.00016308126860475891 0 -0.00367183086487713 0.00024111686053085595 -0.0097379881372362531 -5.8294420947349834e-05 7.7700018623680009e-05 0.00013074479213017701 -0.0036654840090376258 -0.0043861570535027178 0.07742535682319443 -0.0016132326014479865 0.16927580197460859 0.53696335393732786 0.1927275727621191 2.0693972687549276 0 2.4677611467860361 2.0785860684595474 2.2152394874110555 0.00016968562927315012
leaf_weight=3244 29 21 22 22 34 29 25 20 23 33 34 86 20 29 20 2312 22 27 873 58 21 23
leaf_count=3244 29 21 22 22 34 29 25 20 23 33 34 86 20 29 20 2312 22 27 873 58 21 23
internal_value=-0.0189149 0.00395554 -0.0448482 -0.0075 -0.0102083 -0.00784404 -0.0148864 -0.00307692 -0.0059375 -0.0110377 -0.00855932 0.00492737 0.000348837 0.00497077 0.00428571 0.00498508 0.0046988 -0.045 0.005 0.005 0.005 0.005
internal_weight=7027 3734 3293 292 240 218 88 130 96 53 59 3442 43 3421 70 3351 166 3271 3185 144 50 52
internal_count=7027 3734 3293 292 240 218 88 130 96 53 59 3442 43 3421 70 3351 166 3271 3185 144 50 52
is_linear=0
shrinkage=0.05


Tree=11
num_leaves=25
num_cat=0
split_feature=0 18 14 18 2 12 9 16 14 1 18 9 5 0 10 4 9 11 3 1 0 2 0 3
split_gain=1668.02 15.1047 4.51509 3.04545 6.1904 1.6542 1.93333 1.24851 0.871978 1.33636 1.02083 0.799138 0.161538 0.0341759 0.0134088 0.0357143 0.00587227 0.0392817 4.54747e-13 3.55271e-15 2.22045e-16 2.22045e-16 1.11022e-16 1.11022e-16
threshold=3.5000000000000004 2.4277964040312034 6.3656501350523191 1.0000000180025095e-35 7.5000000000000009 284.91521471611526 -0.20509690261668603 23.08948345406899 6.630797340928706 11.050000000000002 0.58164303268527673 0.57023701209772126 39.500000000000007 14.500000000000002 0.99164058729498161 13.15 -0.99273952934267318 56.05731918080911 39.550000000000004 720.25000000000011 709.50000000000011 164.50000000000003 510.50000000000006 30.350000000000005
decision_type=2 2 2 2 2 2 2 2 2 2 2 2 2 2 2 2 2 2 2 2 2 2 2 2
left_child=2 3 18 23 -5 7 -7 8 9 13 -11 -8 -10 -6 16 22 17 20 -1 -18 -3 -21 -16 -2
right_child=1 14 -4 4 5 6 11 -9 12 10 -12 -13 -14 -15 15 -17 19 -19 -20 21 -22 -23 -24 -25
leaf_value=0 0.00016120134780949261 0.084428902859367355 0 -0.0034882393216332736 2.8971820325704792e-05 -0.0071023328236224483 0.00029886174028787618 -0.0042558701657824591 0.00035064944397844393 -0.0038665873919631307 -0.0034781007965900635 -0.0021202680218991039 -5.9837792002549742e-05 -7.5354850493492592e-05 0.16081201187587815 0.51011518624046148 0.25489020098242782 1.9659274053171811 0 3.268066212618983 1.979672824662648 2.9672737770179816 2.1044775130405031 0.00016120134780949261
leaf_weight=3244 29 116 22 22 23 27 23 20 35 24 24 37 30 20 29 20 3019 22 27 30 24 116 21 23
leaf_count=3244 29 116 22 22 23 27 23 20 35 24 24 37 30 20 29 20 3019 22 27 30 24 116 21 23
internal_value=-0.0189078 0.00396893 -0.0448482 -0.0061276 -0.00815789 -0.00602662 -0.0116667 -0.00323864 -0.00173077 -0.00489011 -0.010625 -0.00666667 0.00269231 0.00151163 0.00497056 0.00428571 0.00498497 0.00469136 -0.045 0.005 0.005 0.005 0.005 0.005
internal_weight=7027 3734 3293 337 285 263 87 176 156 91 48 60 65 43 3397 70 3327 162 3271 3165 140 146 50 52
internal_count=7027 3734 3293 337 285 263 87 176 156 91 48 60 65 43 3397 70 3327 162 3271 3165 140 146 50 52
is_linear=0
shrinkage=0.05


Tree=12
num_leaves=25
num_cat=0
split_feature=0 0 14 18 2 12 9 16 14 5 9 4 6 5 6 10 4 9 9 3 0 0 3 1
split_gain=1661.62 15.7136 4.51509 2.77366 5.40346 1.81088 2.14293 1.11958 1.03309 1.48997 2.16 0.982987 0.88082 0.145967 0.106977 0.0140365 0.0350746 0.00623153 0.0389186 4.54747e-13 3.55271e-15 2.22045e-16 1.11022e-16 5.55112e-17
threshold=3.5000000000000004 40.500000000000007 6.3656501350523191 1.0000000180025095e-35 7.5000000000000009 284.91521471611526 -0.20509690261668603 23.08948345406899 6.630797340928706 65.500000000000014 0.27609441636666071 14.350000000000003 14.500000000000002 39.500000000000007 90.500000000000014 0.99164058729498161 13.15 -0.99273952934267318 -0.99466160899732459 39.550000000000004 684.50000000000011 422.50000000000006 30.350000000000005 655.6500000000002
decision_type=2 2 2 2 2 2 2 2 2 2 2 2 2 2 2 2 2 2 2 2 2 2 2 2
left_child=2 3 19 22 -5 7 -7 8 9 10 -6 -12 -8 -10 -11 17 23 18 21 -1 -19 -3 -2 -17
right_child=1 15 -4 4 5 6 12 -9 13 14 11 -13 -14 -15 -16 16 -18 20 -20 -21 -22 -23 -24 -25
leaf_value=0 0.00015314128041901798 0.088109032751395422 0 -0.0033138273555516095 -0.005990250889581961 -0.0053370918382434933 -0.001961388885577751 -0.004018960787470752 0.00033576618123818698 0.00078683700722563586 -0.004068307749666507 0.00014469073229419482 6.909392734845898e-05 0.00012263391216638941 1.0671441821433409e-05 0.16549874139191398 0.4846094269284385 0.21591149766191731 0.21478255885800676 0 2.3534789544048107 1.8995720943077741 0.00015314128041901798 2.0064476987749749
leaf_weight=3244 29 58 22 22 25 34 38 21 38 23 22 28 26 33 20 24 20 2287 22 27 845 73 23 23
leaf_count=3244 29 58 22 22 25 34 38 21 38 23 22 28 26 33 20 24 20 2287 22 27 845 73 23 23
internal_value=-0.0189576 0.0038752 -0.0448482 -0.00573298 -0.00742424 -0.00571429 -0.0113265 -0.00309524 -0.00187831 -0.00474576 -0.009 -0.003 -0.0059375 0.00288732 0.00267442 0.00497017 0.00425373 0.00498478 0.0046732 -0.045 0.005 0.005 0.005 0.005
internal_weight=7027 3734 3293 382 330 308 98 210 189 118 75 50 64 71 43 3352 67 3285 153 3271 3132 131 52 47
internal_count=7027 3734 3293 382 330 308 98 210 189 118 75 50 64 71 43 3352 67 3285 153 3271 3132 131 52 47
is_linear=0
shrinkage=0.05


Tree=13
num_leaves=28
num_cat=0
split_feature=0 18 14 18 2 13 14 2 0 0 13 18 2 13 10 13 10 4 9 9 3 0 0 0 0 0 3
split_gain=1657.05 16.7971 4.51509 2.98033 5.20022 2.07444 2.50857 3.05103 0.892049 1.49982 0.864069 1.24761 1.55018 1.19009 0.72803 0.196427 0.0133918 0.0357143 0.0064502 0.0386978 4.54747e-13 3.55271e-15 3.55271e-15 2.22045e-16 2.22045e-16 1.11022e-16 1.11022e-16
threshold=3.5000000000000004 2.9228783268234895 6.3656501350523191 1.0000000180025095e-35 7.5000000000000009 0.036811201445347795 10.628146254213755 29.500000000000004 9.5000000000000018 10.500000000000002 0.031081443713940698 0.58164303268527673 13.500000000000002 0.022816176579953298 -0.91583036384466876 0.051787452841669718 0.99164058729498161 13.15 -0.99273952934267318 -0.99466160899732459 39.550000000000004 891.00000000000011 656.50000000000011 758.50000000000011 554.50000000000011 510.50000000000006 30.350000000000005
decision_type=2 2 2 2 2 2 2 2 2 2 2 2 2 2 2 2 2 2 2 2 2 2 2 2 2 2 2
left_child=2 3 20 26 -5 8 7 -7 -6 -10 11 -11 -13 -14 -8 -3 18 25 19 23 -1 22 -20 24 -17 -18 -2
right_child=1 15 -4 4 5 6 14 -9 9 10 -12 12 13 -15 -16 16 17 -19 21 -21 -22 -23 -24 -25 -26 -27 -28
leaf_value=0 0.00014548421639806706 0.0053338574066646993 0 -0.0031481359877740291 9.5116460648855339e-05 -0.0093011640279518359 -0.0037637992358067239 -0.0010122015363702966 -0.0038421286181197986 0.00010087030781057213 0.0036837488891311812 -0.0025547484693370765 0.0002425335529141648 -0.0026947580665246727 0.001375315462049204 0.5804517423524389 0.14601993548348674 0.46037895558201658 0.20620081459364237 0.20404343091510643 0 2.1260094608415447 2.205623811162698 1.8180601106969883 1.8065025864330544 1.898931252449729 0.00014548421639806706
leaf_weight=3244 29 20 22 22 28 26 20 33 20 34 28 20 36 39 24 58 29 20 2153 22 27 32 929 22 46 21 23
leaf_count=3244 29 20 22 22 28 26 20 33 20 34 28 20 36 39 24 58 29 20 2153 22 27 32 929 22 46 21 23
internal_value=-0.0189932 0.00380825 -0.0448482 -0.00612565 -0.00787879 -0.0062013 -0.0119903 -0.0187288 -0.00329268 -0.00460452 -0.00296178 -0.00468992 -0.00763158 -0.00433333 -0.00295455 0.00494033 0.00496999 0.00428571 0.00498467 0.00466216 -0.045 0.005 0.005 0.005 0.005 0.005 0.005
internal_weight=7027 3734 3293 382 330 308 103 59 205 177 157 129 95 75 44 3352 3332 70 3262 148 3271 3114 3082 126 104 50 52
internal_count=7027 3734 3293 382 330 308 103 59 205 177 157 129 95 75 44 3352 3332 70 3262 148 3271 3114 3082 126 104 50 52
is_linear=0
shrinkage=0.05


Tree=14
num_leaves=29
num_cat=0
split_feature=0 18 14 18 2 13 14 2 1 13 11 12 10 9 9 2 13 10 4 9 9 3 0 0 0 0 0 3
split_gain=1658.88 16.0118 4.51509 2.84173 5.33528 1.96082 2.24627 2.56015 0.864308 1.32746 1.3119 0.746791 0.72803 0.711886 0.576376 0.361416 0.196427 0.0133918 0.0357143 0.0064502 0.0386978 4.54747e-13 3.55271e-15 3.55271e-15 2.22045e-16 2.22045e-16 1.11022e-16 1.11022e-16
threshold=3.5000000000000004 2.9228783268234895 6.3656501350523191 1.0000000180025095e-35 7.5000000000000009 0.036811201445347795 10.628146254213755 29.500000000000004 11.050000000000002 0.031081443713940698 6.2420705122950979 280.24522673836947 -0.91583036384466876 0.823915376013162 0.67760851415498091 12.500000000000002 0.051787452841669718 0.99164058729498161 13.15 -0.99273952934267318 -0.99466160899732459 39.550000000000004 891.00000000000011 656.50000000000011 758.50000000000011 554.50000000000011 510.50000000000006 30.350000000000005
decision_type=2 2 2 2 2 2 2 2 2 2 2 2 2 2 2 2 2 2 2 2 2 2 2 2 2 2 2 2
left_child=2 3 21 27 -5 8 7 -7 15 10 11 14 -8 -13 -10 -6 -3 19 26 20 24 -1 23 -21 25 -18 -19 -2
right_child=1 16 -4 4 5 6 12 -9 9 -11 -12 13 -14 -15 -16 -17 17 18 -20 22 -22 -23 -24 -25 -26 -27 -28 -29
leaf_value=0 0.00013821000557816371 0.0050671645363314704 0 -0.0029907291883853283 0.00015671409775400494 -0.0088361058265542421 -0.0035756092740163933 -0.00096159145955177188 0.00080380628956239512 0.005587242888991352 -0.002889272812555905 -0.0034203262811566462 0.0013065496889467403 -0.00035338085879387877 -0.003057301049126064 -0.0007198114538813354 0.55142915523481695 0.1387189387093124 0.43736000780291573 0.19589077386396025 0.19384125936935109 0 2.0197089877994676 2.0953426206045633 1.7271571051621386 1.7161774571114017 1.8039846898272427 0.00013821000557816371
leaf_weight=3244 29 20 22 22 37 26 20 33 31 26 21 21 24 23 20 26 58 29 20 2153 22 27 32 929 22 46 21 23
leaf_count=3244 29 20 22 22 37 26 20 33 31 26 21 21 24 23 20 26 58 29 20 2153 22 27 32 929 22 46 21 23
internal_value=-0.0189789 0.00383503 -0.0448482 -0.00586387 -0.00757576 -0.00587662 -0.0115049 -0.0178814 -0.00304878 -0.00521127 -0.0075 -0.005 -0.00295455 -0.00977273 -0.000882353 0.0018254 0.00494033 0.00496999 0.00428571 0.00498467 0.00466216 -0.045 0.005 0.005 0.005 0.005 0.005 0.005
internal_weight=7027 3734 3293 382 330 308 103 59 205 142 116 95 44 44 51 63 3352 3332 70 3262 148 3271 3114 3082 126 104 50 52
internal_count=7027 3734 3293 382 330 308 103 59 205 142 116 95 44 44 51 63 3352 3332 70 3262 148 3271 3114 3082 126 104 50 52
is_linear=0
shrinkage=0.05


Tree=15
num_leaves=30
num_cat=0
split_feature=0 18 14 18 2 7 1 10 10 17 10 12 17 4 16 9 9 3 10 4 9 9 3 0 2 2 0 1 3
split_gain=1652.5 17.4569 4.51509 2.74865 5.4283 2.03493 2.65455 1.31824 3.89953 1.60009 1.46176 0.750329 0.656364 0.560882 0.302459 0.290514 0.03 0.025 0.0133851 0.0357143 0.00683393 0.0428571 4.54747e-13 3.55271e-15 3.55271e-15 1.77636e-15 1.11022e-16 1.11022e-16 1.11022e-16
threshold=3.5000000000000004 3.7649290988009247 6.3656501350523191 1.0000000180025095e-35 7.5000000000000009 -0.98296291314453399 11.050000000000002 -0.98518361333263327 -0.94128245028753155 24.535032685910583 -0.70862667826445969 96.763477727683451 21.765376512263217 10.050000000000002 20.242755102980919 0.823915376013162 0.43664718845046319 36.95000000000001 0.99164058729498161 13.15 -0.99273952934267318 -0.99466160899732459 39.550000000000004 870.50000000000011 170.50000000000003 167.50000000000003 510.50000000000006 698.40000000000009 30.350000000000005
decision_type=2 2 2 2 2 2 2 2 2 2 2 2 2 2 2 2 2 2 2 2 2 2 2 2 2 2 2 2 2
left_child=2 3 22 28 -5 14 12 -8 -9 -10 17 -12 -7 -13 -6 -15 -14 -11 20 26 21 -3 -1 24 25 -22 -20 -25 -2
right_child=1 18 -4 4 5 6 7 8 9 10 11 13 16 15 -16 -17 -18 -19 19 -21 23 -23 -24 27 -26 -27 -28 -29 -30
leaf_value=0 0.00013129950529925554 0.80988818294402865 0 -0.0028411927289660618 -0.0013218804940172265 -0.0013156384243178814 0.00070993065817302531 -0.0028744302374592362 -0.0074964093020587295 0.00057168283398228569 -0.0036211843965277823 -0.0036795100019072846 0.0002812733030650943 -0.0036580717301584638 0.014339090040782269 3.5233383858592102e-05 9.7622106572862766e-05 0.00038317715654448235 0.13178299177384678 0.41549200741276993 0.12429784714944057 0.81912952699638475 0 1.9437840755550297 1.3207457866939132 0.82983245817117135 1.7137854553358804 1.974292283046529 0.00013129950529925554
leaf_weight=3244 29 120 22 22 20 22 24 26 23 20 36 25 30 24 41 22 20 20 29 20 1117 20 27 43 1867 48 21 22 23
leaf_count=3244 29 120 22 22 20 22 24 26 23 20 36 25 30 24 41 22 20 20 29 20 1117 20 27 43 1867 48 21 22 23
internal_value=-0.0190287 0.0037413 -0.0448482 -0.00577283 -0.00726667 -0.00576487 -0.0075 -0.0102273 -0.0115816 -0.00882353 -0.00690476 -0.00995327 0.000833334 -0.00697183 0.00254098 -0.00369565 0.004 0.00125 0.00496976 0.00428571 0.00498455 0.00464286 -0.045 0.005 0.005 0.005 0.005 0.005 0.005
internal_weight=7027 3734 3293 427 375 353 292 220 196 170 147 107 72 71 61 46 50 40 3307 70 3237 140 3271 3097 3032 1165 50 65 52
internal_count=7027 3734 3293 427 375 353 292 220 196 170 147 107 72 71 61 46 50 40 3307 70 3237 140 3271 3097 3032 1165 50 65 52
is_linear=0
shrinkage=0.05


Tree=16
num_leaves=28
num_cat=0
split_feature=0 13 14 18 2 13 9 9 16 10 10 11 6 6 2 5 3 18 10 4 9 9 3 0 0 0 3
split_gain=1652.5 17.353 4.51509 2.78605 5.39087 1.85137 2.55602 2.10051 0.833256 0.793825 1.05724 1.39455 1.36312 0.648826 0.563333 0.245354 0.128571 0.0401667 0.0133805 0.0357143 0.0068323 0.0428571 4.54747e-13 3.55271e-15 3.55271e-15 1.11022e-16 1.11022e-16
threshold=3.5000000000000004 0.06102963559853166 6.3656501350523191 1.0000000180025095e-35 7.5000000000000009 0.036811201445347795 -0.99273952934267318 -0.17128679933203927 23.625828645450586 -0.35768498937424864 -0.70862667826445969 6.2420705122950979 7.5000000000000009 9.5000000000000018 29.500000000000004 39.500000000000007 21.250000000000004 4.1843482044542855 0.99164058729498161 13.15 -0.99273952934267318 -0.99466160899732459 39.550000000000004 891.00000000000011 855.50000000000011 510.50000000000006 30.350000000000005
decision_type=2 2 2 2 2 2 2 2 2 2 2 2 2 2 2 2 2 2 2 2 2 2 2 2 2 2 2
left_child=2 3 22 26 -5 8 -7 14 9 10 11 -6 -12 -9 -8 -15 -11 -3 20 25 21 -19 -1 24 -22 -20 -2
right_child=1 17 -4 4 5 6 7 13 -10 16 12 -13 -14 15 -16 -17 -18 18 19 -21 23 -23 -24 -25 -26 -27 -28
leaf_value=0 0.00012473453003429276 0.0029820135498333715 0 -0.0026991330925177585 0.00025046606862331257 0.048264258967528624 -0.0073093646539867385 -0.0038102159114132396 -0.003610420700827917 0.0010163454878498574 -0.00017237180706082696 -0.0023237360577564436 -0.0031462575571731322 0.00045683848309278815 -0.0034081823496278814 -0.0043886871579945806 0.00018006985099836638 0.76939377379682727 0.12519384218515445 0.39471740704213154 0.28418697063243881 0.7781730506465655 0 1.820161465365089 1.9243758856300321 1.6280961825690863 0.00012473453003429276
leaf_weight=3244 29 24 22 22 48 23 20 27 20 20 20 34 27 21 30 20 36 120 29 20 2977 20 27 32 71 21 23
leaf_count=3244 29 24 22 22 48 23 20 27 20 20 20 34 27 21 30 20 36 120 29 20 2977 20 27 32 71 21 23
internal_value=-0.0190287 0.0037413 -0.0448482 -0.00583333 -0.00736413 -0.00583815 -0.0102482 -0.0132203 -0.00280488 -0.00175676 -0.00391473 -0.000487805 -0.00989362 -0.0075 -0.021 -0.00353659 0.00321429 0.00495474 0.0049696 0.00428571 0.00498447 0.00464286 -0.045 0.005 0.005 0.005 0.005
internal_weight=7027 3734 3293 420 368 346 141 118 205 185 129 82 47 68 50 41 56 3314 3290 70 3220 140 3271 3080 3048 50 52
internal_count=7027 3734 3293 420 368 346 141 118 205 185 129 82 47 68 50 41 56 3314 3290 70 3220 140 3271 3080 3048 50 52
is_linear=0
shrinkage=0.05


Tree=17
num_leaves=29
num_cat=0
split_feature=0 13 14 18 2 13 9 9 16 10 1 4 9 2 10 2 16 3 18 10 4 9 9 3 1 2 0 3
split_gain=1654.32 16.1762 4.51509 2.60538 5.57554 1.91822 2.43851 2.33555 0.919216 0.818787 1.25071 0.893237 0.768627 0.75 0.667063 0.563333 0.280189 0.136508 0.0989575 0.0133764 0.0357143 0.00683084 0.0428571 4.54747e-13 7.10543e-15 2.22045e-16 1.11022e-16 1.11022e-16
threshold=3.5000000000000004 0.06102963559853166 6.3656501350523191 1.0000000180025095e-35 7.5000000000000009 0.036811201445347795 -0.99273952934267318 -0.17128679933203927 23.625828645450586 -0.49749486057528974 11.050000000000002 16.850000000000005 0.54883787585413535 34.500000000000007 -0.70862667826445969 29.500000000000004 18.317493928459584 21.250000000000004 4.3732017446696894 0.99164058729498161 13.15 -0.99273952934267318 -0.99466160899732459 39.550000000000004 720.25000000000011 164.50000000000003 510.50000000000006 30.350000000000005
decision_type=2 2 2 2 2 2 2 2 2 2 2 2 2 2 2 2 2 2 2 2 2 2 2 2 2 2 2 2
left_child=2 3 23 27 -5 8 -7 15 9 10 16 14 13 -9 -12 -8 -6 -11 -3 21 26 22 -20 -1 -23 -26 -21 -2
right_child=1 18 -4 4 5 6 7 12 -10 17 11 -13 -14 -15 -16 -17 -18 -19 19 20 -22 24 -24 -25 25 -27 -28 -29
leaf_value=0 0.00011849780353257811 0.0026195843149544799 0 -0.0025641764378918704 -0.0012765977631925773 0.045851046019152193 -0.0069438964212873988 0.00048432937095727562 -0.0034298996657865228 0.00096552821345736225 0.00060569857866770143 -0.0023308135990542287 -0.0061119047876331354 -0.0011246151733515825 -0.0027144423006331513 -0.0032377732321464967 0.00021016572286866703 0.00010562352997546343 0.73092408510698592 0.11893415007589672 0.37498153669002493 0.27413864411417599 0.73926439811423728 0 3.0195624533235406 2.3395015771585403 1.546691373440632 0.00011849780353257811
leaf_weight=3244 29 39 22 22 20 23 20 24 20 20 21 24 20 24 24 30 33 43 120 29 20 2919 20 27 30 116 21 23
leaf_count=3244 29 39 22 22 20 23 20 24 20 20 21 24 20 24 24 30 33 43 120 29 20 2919 20 27 30 116 21 23
internal_value=-0.0190145 0.00376808 -0.0448482 -0.00547619 -0.00695652 -0.00540462 -0.00989362 -0.0127966 -0.00231707 -0.00121622 -0.00360656 -0.00804348 -0.00676471 -0.00333333 -0.00388889 -0.021 0.00216981 0.0034127 0.00493965 0.00496947 0.00428571 0.0049844 0.00464286 -0.045 0.005 0.005 0.005 0.005
internal_weight=7027 3734 3293 420 368 346 141 118 205 185 122 69 68 48 45 50 53 63 3314 3275 70 3205 140 3271 3065 146 50 52
internal_count=7027 3734 3293 420 368 346 141 118 205 185 122 69 68 48 45 50 53 63 3314 3275 70 3205 140 3271 3065 146 50 52
is_linear=0
shrinkage=0.05


Tree=18
num_leaves=30
num_cat=0
split_feature=0 18 14 7 18 0 1 5 18 10 10 3 16 6 16 16 9 16 10 4 9 9 3 0 1 1 0 3 3
split_gain=1652.5 15.5671 4.51509 2.28724 2.98923 2.96702 2.08893 1.08742 1.3488 1.57573 2.88866 0.890909 1.33636 0.700358 0.501044 0.49961 0.471382 0.334615 0.0133728 0.0357143 0.00682957 0.0428571 4.54747e-13 3.55271e-15 3.55271e-15 1.77636e-15 1.11022e-16 1.11022e-16 1.11022e-16
threshold=3.5000000000000004 4.62122155208215 6.3656501350523191 -0.98296291314453399 1.0000000180025095e-35 8.5000000000000018 11.050000000000002 28.500000000000004 3.7649290988009247 -0.98518361333263327 -0.94128245028753155 28.750000000000004 22.511062294384303 17.500000000000004 20.190675367835301 17.267590966577099 0.7025209685794126 18.948776504104153 0.99164058729498161 13.15 -0.99273952934267318 -0.99466160899732459 39.550000000000004 879.50000000000011 337.15000000000003 318.25000000000006 510.50000000000006 30.450000000000003 36.45000000000001
decision_type=2 2 2 2 2 2 2 2 2 2 2 2 2 2 2 2 2 2 2 2 2 2 2 2 2 2 2 2 2
left_child=2 3 22 17 27 -6 15 14 9 -9 -11 12 -12 -13 -8 -7 -16 -2 20 26 21 -3 -1 24 25 -22 -20 -5 -27
right_child=1 18 -4 4 5 6 7 8 -10 10 11 13 -14 -15 16 -17 -18 -19 19 -21 23 -23 -24 -25 -26 28 -28 -29 -30
leaf_value=0 -0.0013269691246726775 0.69437788085163654 0 0.00011257291335594921 -0.0024030466341845372 -0.00097662066828269794 -0.0020127436642716867 0.0004223977129736728 -0.0015520915598751463 -0.0029129333578345904 -0.005483881487956096 0.00070776148303483121 -0.0013775817930400981 -0.0029526736170872696 0.00052572358252097413 0.00024593828471454633 -0.0016951739082645308 0.006622372965255279 0.11298744257210187 0.35623245985552365 0.11517961651223801 0.70230117820852545 0 1.7148220274799095 1.5349182454426469 0.79012764969412463 1.4693568047686005 0.00011257291335594921 0.91837451997980724
leaf_weight=3244 20 120 22 31 28 21 23 20 31 20 33 21 22 23 28 40 33 58 29 20 1082 20 27 48 1842 58 21 20 22
leaf_count=3244 20 120 22 31 28 21 23 20 31 20 33 21 22 23 28 40 33 58 29 20 1082 20 27 48 1842 58 21 20 22
internal_value=-0.0190287 0.0037413 -0.0448482 -0.00474576 -0.00629442 -0.00797376 -0.0065873 -0.00858268 -0.0108824 -0.0129856 -0.0151681 -0.0116667 -0.0159091 -0.00636364 -0.00392857 0.00172131 -0.00155738 0.00307692 0.00496934 0.00428571 0.00498434 0.00464286 -0.045 0.005 0.005 0.005 0.005 0.005 0.005
internal_weight=7027 3734 3293 472 394 343 315 254 170 139 119 99 55 44 84 61 61 78 3262 70 3192 140 3271 3052 3004 1162 50 51 80
internal_count=7027 3734 3293 472 394 343 315 254 170 139 119 99 55 44 84 61 61 78 3262 70 3192 140 3271 3052 3004 1162 50 51 80
is_linear=0
shrinkage=0.05


Tree=19
num_leaves=31
num_cat=0
split_feature=0 18 14 18 2 14 1 10 10 3 15 1 13 17 1 4 17 2 10 4 9 9 3 0 1 1 0 0 3 3
split_gain=1654.32 14.8955 4.51509 2.1247 6.10944 1.53096 2.1139 1.02152 4.06205 1.41229 1.13899 2.20234 1.16584 0.605413 0.527472 0.71651 0.462561 0.0295918 0.0133728 0.0357143 0.00682957 0.0428571 4.54747e-13 3.55271e-15 3.55271e-15 1.77636e-15 1.11022e-16 1.11022e-16 1.11022e-16 1.11022e-16
threshold=3.5000000000000004 4.62122155208215 6.3656501350523191 1.0000000180025095e-35 7.5000000000000009 16.453987043309144 11.050000000000002 -0.94128245028753155 -0.98518361333263327 30.050000000000004 2.3520095956920186 78.65000000000002 0.036811201445347795 21.765376512263217 38.750000000000007 16.850000000000005 26.216152394423652 19.500000000000004 0.99164058729498161 13.15 -0.99273952934267318 -0.99466160899732459 39.550000000000004 879.50000000000011 337.15000000000003 318.25000000000006 14.500000000000002 510.50000000000006 30.350000000000005 36.45000000000001
decision_type=2 2 2 2 2 2 2 2 2 2 2 2 2 2 2 2 2 2 2 2 2 2 2 2 2 2 2 2 2 2
left_child=2 3 22 28 -5 6 13 8 -8 10 12 -12 -9 -6 15 16 -11 -7 20 27 21 -3 -1 24 25 -22 -15 -20 -2 -27
right_child=1 18 -4 4 5 17 7 9 -10 14 11 -13 -14 26 -16 -17 -18 -19 19 -21 23 -23 -24 -25 -26 29 -28 -29 -30 -31
leaf_value=0 0.00010694426768815175 0.65965898680905477 0 -0.0023158152842880494 -0.0018653716646008234 0.0087847469111843515 0.00065455369494907094 -0.0022649414721347635 -0.0023453275396772221 0.00012805078404222423 0.0032866697501390974 -0.0035591290728327093 -0.0054540244168176863 0.00019132154111530783 0.00055127007458248838 -0.0044181717749328516 -0.0019230863551904468 0.023445978285088272 0.10733807044349677 0.33842083686274749 0.10942063568662611 0.66718611929809912 0 1.6290809261059138 1.4581723331705145 0.75062126720941835 0.00031001442596966249 1.3958889645301704 0.00010694426768815175 0.87245579398081685
leaf_weight=3244 29 120 22 22 27 20 24 31 26 31 32 26 20 28 21 25 35 29 29 20 1082 20 27 48 1842 58 23 21 23 22
leaf_count=3244 29 120 22 22 27 20 24 31 26 31 32 26 20 28 21 25 35 29 29 20 1082 20 27 48 1842 58 23 21 23 22
internal_value=-0.0190145 0.00376808 -0.0448482 -0.0045339 -0.00571429 -0.00429648 -0.00545845 -0.00754613 -0.014 -0.00608597 -0.0101376 -0.00534483 -0.0155882 0.00179487 -0.00214286 -0.00379121 -0.00106061 0.00397959 0.00496934 0.00428571 0.00498434 0.00464286 -0.045 0.005 0.005 0.005 0.005 0.005 0.005 0.005
internal_weight=7027 3734 3293 472 420 398 349 271 50 221 109 58 51 78 112 91 66 49 3262 70 3192 140 3271 3052 3004 1162 51 50 52 80
internal_count=7027 3734 3293 472 420 398 349 271 50 221 109 58 51 78 112 91 66 49 3262 70 3192 140 3271 3052 3004 1162 51 50 52 80
is_linear=0
shrinkage=0.05


Tree=20
num_leaves=31
num_cat=0
split_feature=0 18 14 18 2 14 1 9 5 15 10 10 3 16 6 17 3 1 2 2 10 4 9 9 3 0 1 1 0 0
split_gain=1657.05 13.9159 4.51509 1.98541 6.28076 1.39469 1.8708 0.953618 1.18568 0.924614 0.999301 2.29025 1.06624 1.76333 0.643752 0.605413 0.569767 0.740192 0.106977 0.0295918 0.0133728 0.0357143 0.00682957 0.0428571 4.54747e-13 3.55271e-15 3.55271e-15 1.77636e-15 1.11022e-16 1.11022e-16
threshold=3.5000000000000004 4.62122155208215 6.3656501350523191 1.0000000180025095e-35 7.5000000000000009 16.453987043309144 11.050000000000002 0.99052327954040398 28.500000000000004 3.4742645479362539 -0.98518361333263327 -0.94128245028753155 28.750000000000004 22.256567690477947 15.500000000000002 21.765376512263217 37.850000000000001 33.350000000000001 14.500000000000002 19.500000000000004 0.99164058729498161 13.15 -0.99273952934267318 -0.99466160899732459 39.550000000000004 879.50000000000011 337.15000000000003 318.25000000000006 14.500000000000002 510.50000000000006
decision_type=2 2 2 2 2 2 2 2 2 2 2 2 2 2 2 2 2 2 2 2 2 2 2 2 2 2 2 2 2 2
left_child=2 3 24 -2 -5 6 15 8 16 10 -10 -12 13 -13 -14 -6 18 -18 -8 -7 22 29 23 -3 -1 26 27 -24 -17 -22
right_child=1 20 -4 4 5 19 7 -9 9 -11 11 12 14 -15 -16 28 17 -19 -20 -21 21 -23 25 -25 -26 -27 -28 -29 -30 -31
leaf_value=0 0.00010159705430374416 0.62667603746860201 0 -0.002200024520073647 -0.0017721030813707796 0.0083455095656251345 0.00015070409747534169 -0.0032384463507640314 0.00036855014257753673 8.8646140154432376e-05 -0.0026500203129590115 -0.004490305104345802 0.0010884629219314471 -0.00069204777621820494 -0.0029175726354071325 0.00018175546405954255 -0.00081796308476502974 4.6565090736391076e-05 0.00060021077501362175 0.022273679370833861 0.10197116692132194 0.32149979501961012 0.1039496039022948 0.63382681333319413 0 1.5476268798006183 1.3852637165119888 0.71949814202431683 0.00029451370467117877 1.3260945163036617
leaf_weight=3244 52 120 22 22 27 20 20 20 20 28 20 30 22 20 25 28 20 23 23 29 29 20 1082 20 27 48 1842 80 23 21
leaf_count=3244 52 120 22 22 27 20 20 20 20 28 20 30 22 20 25 28 20 23 23 29 29 20 1082 20 27 48 1842 80 23 21
internal_value=-0.0189932 0.00380825 -0.0448482 -0.0042161 -0.00535714 -0.0039196 -0.00502865 -0.00699262 -0.00615538 -0.00863636 -0.0103285 -0.012094 -0.00891753 -0.014 -0.00351064 0.00179487 -0.00139535 -0.00546512 0.00267442 0.00397959 0.00496934 0.00428571 0.00498434 0.00464286 -0.045 0.005 0.005 0.005 0.005 0.005
internal_weight=7027 3734 3293 472 420 398 349 271 251 165 137 117 97 50 47 78 86 43 43 49 3262 70 3192 140 3271 3052 3004 1162 51 50
internal_count=7027 3734 3293 472 420 398 349 271 251 165 137 117 97 50 47 78 86 43 43 49 3262 70 3192 140 3271 3052 3004 1162 51 50
is_linear=0
shrinkage=0.05


Tree=21
num_leaves=31
num_cat=0
split_feature=0 18 14 18 2 14 1 9 5 5 0 1 15 17 16 4 11 2 10 4 9 9 3 0 1 1 0 0 3 3
split_gain=1658.88 13.2814 4.51509 1.89518 6.39629 1.30738 1.71699 1.02177 1.27859 0.942857 0.903582 0.806932 0.702671 0.605413 0.595274 0.277778 0.226784 0.0295918 0.0133728 0.0357143 0.00682957 0.0428571 4.54747e-13 3.55271e-15 3.55271e-15 1.77636e-15 1.11022e-16 1.11022e-16 1.11022e-16 1.11022e-16
threshold=3.5000000000000004 4.62122155208215 6.3656501350523191 1.0000000180025095e-35 7.5000000000000009 16.453987043309144 11.050000000000002 0.99052327954040398 28.500000000000004 65.500000000000014 14.500000000000002 35.95000000000001 2.482239539860871 21.765376512263217 20.190675367835301 10.15 1.1403805686558013 19.500000000000004 0.99164058729498161 13.15 -0.99273952934267318 -0.99466160899732459 39.550000000000004 879.50000000000011 337.15000000000003 318.25000000000006 14.500000000000002 510.50000000000006 30.350000000000005 36.45000000000001
decision_type=2 2 2 2 2 2 2 2 2 2 2 2 2 2 2 2 2 2 2 2 2 2 2 2 2 2 2 2 2 2
left_child=2 3 22 28 -5 6 13 8 14 10 -10 -12 -13 -6 -8 -11 -16 -7 20 27 21 -3 -1 24 25 -22 -15 -20 -2 -27
right_child=1 18 -4 4 5 17 7 -9 9 15 11 12 -14 26 16 -17 -18 -19 19 -21 23 -23 -24 -25 -26 29 -28 -29 -30 -31
leaf_value=0 9.6517201588556948e-05 0.59534223559517185 0 -0.0020900232940699644 -0.001683497927302241 0.0079282340873438797 -0.001702878759899907 -0.0030765240332258303 -0.002101489938581788 -0.0032475664178875209 -0.0007976413839921499 -0.0043282759326339027 -0.0024049785488093538 0.00017266769085656569 -9.5103157607893913e-05 0.0001439569276250512 0.00048782300661242097 0.021159995402292173 0.096872608575255842 0.30542480526862964 0.098752123707180062 0.60213547266653444 0 1.4702455358105873 1.3160005306863893 0.67711529674773174 0.00027978801943762122 1.2597897904884787 9.6517201588556948e-05 0.79285809718056011
leaf_weight=3244 29 120 22 22 27 20 24 20 27 24 37 20 21 28 33 36 29 29 29 20 1082 20 27 48 1842 58 23 21 23 22
leaf_count=3244 29 120 22 22 27 20 24 20 27 24 37 20 21 28 33 36 29 29 29 20 1082 20 27 48 1842 58 23 21 23 22
internal_value=-0.0189789 0.00383503 -0.0448482 -0.00400424 -0.00511905 -0.00366834 -0.00474212 -0.00662362 -0.00575697 -0.00833333 -0.0111905 -0.00846154 -0.0132927 0.00179487 -0.000813953 -0.00333333 0.00177419 0.00397959 0.00496934 0.00428571 0.00498434 0.00464286 -0.045 0.005 0.005 0.005 0.005 0.005 0.005 0.005
internal_weight=7027 3734 3293 472 420 398 349 271 251 165 105 78 41 78 86 60 62 49 3262 70 3192 140 3271 3052 3004 1162 51 50 52 80
internal_count=7027 3734 3293 472 420 398 349 271 251 165 105 78 41 78 86 60 62 49 3262 70 3192 140 3271 3052 3004 1162 51 50 52 80
is_linear=0
shrinkage=0.05


Tree=22
num_leaves=31
num_cat=0
split_feature=0 18 14 18 2 14 1 9 5 5 0 1 15 13 3 1 5 2 18 2 10 4 9 9 3 0 0 1 1 0
split_gain=1657.96 13.236 4.51509 1.89518 5.33645 1.35068 1.46546 1.02177 0.995507 1.15346 0.903582 0.806932 0.702671 0.629371 0.569767 0.740192 0.379665 0.106977 0.0318119 0.0295918 0.0133643 0.0357143 0.0068266 0.0428571 4.54747e-13 3.55271e-15 3.55271e-15 1.77636e-15 2.22045e-16 1.11022e-16
threshold=3.5000000000000004 4.62122155208215 6.3656501350523191 1.0000000180025095e-35 7.5000000000000009 16.453987043309144 11.050000000000002 0.99052327954040398 28.500000000000004 65.500000000000014 14.500000000000002 35.95000000000001 2.482239539860871 0.018359880627067459 37.850000000000001 33.350000000000001 73.500000000000014 14.500000000000002 5.2118986363581756 19.500000000000004 0.99164058729498161 13.15 -0.99273952934267318 -0.99466160899732459 39.550000000000004 858.50000000000011 611.50000000000011 678.90000000000009 689.95000000000016 510.50000000000006
decision_type=2 2 2 2 2 2 2 2 2 2 2 2 2 2 2 2 2 2 2 2 2 2 2 2 2 2 2 2 2 2
left_child=2 3 24 -2 -5 6 13 8 14 10 -10 -12 -13 -6 17 -16 -11 -8 -3 -7 22 29 23 -20 -1 26 -24 -28 -27 -22
right_child=1 18 -4 4 5 19 7 -9 9 16 11 12 -14 -15 15 -17 -18 -19 20 -21 21 -23 25 -25 -26 28 27 -29 -30 -31
leaf_value=0 9.1691341509129109e-05 0.00097015610650204038 0 -0.0019855221293664667 0.00019255195239378185 0.0075318223829766856 0.00014792405048196918 -0.0029226978315645387 -0.0019964154416526989 0.0033621263290520551 -0.00075775931479254619 -0.0041118621360022155 -0.002284729621368884 -0.00065108623519918158 -0.00077230977264637569 4.5282185712927436e-05 -0.0027885811688392083 0.00063926641559966491 0.56557512381541331 0.020101995632177558 0.092028978146493051 0.29015356500519818 0.17306331042104231 0.57202869903320774 0 1.4047058701686985 1.5970733007949549 2.2294307908505169 1.443655110981662 1.1968003009640549
leaf_weight=3244 52 30 22 22 45 20 20 20 27 22 37 20 21 33 20 23 38 23 120 29 29 20 1867 20 27 58 830 232 35 21
leaf_count=3244 52 30 22 22 45 20 20 20 27 22 37 20 21 33 20 23 38 23 120 29 29 20 1867 20 27 58 830 232 35 21
internal_value=-0.0189861 0.00382164 -0.0448482 -0.00400424 -0.00511905 -0.00379397 -0.00488539 -0.00662362 -0.00575697 -0.0080303 -0.0111905 -0.00846154 -0.0132927 0.00115385 -0.00139535 -0.00546512 -0.0025 0.00267442 0.00495402 0.00397959 0.00496906 0.00428571 0.00498419 0.00464286 -0.045 0.005 0.005 0.005 0.005 0.005
internal_weight=7027 3734 3293 472 420 398 349 271 251 165 105 78 41 78 86 43 60 43 3262 49 3232 70 3162 140 3271 3022 2929 1062 93 50
internal_count=7027 3734 3293 472 420 398 349 271 251 165 105 78 41 78 86 43 60 43 3262 49 3232 70 3162 140 3271 3022 2929 1062 93 50
is_linear=0
shrinkage=0.05


Tree=23
num_leaves=31
num_cat=0
split_feature=0 18 14 9 0 18 14 1 5 5 0 13 15 17 6 10 13 4 18 1 10 4 9 9 3 0 0 1 1 0
split_gain=1659.79 12.6174 4.51509 1.90112 1.40842 2.38945 1.21199 1.13044 1.27859 0.942857 1.07275 0.832336 0.907441 0.604396 0.476554 0.433275 0.625 0.277778 0.0318119 0.0307692 0.0133643 0.0357143 0.0068266 0.0428571 4.54747e-13 3.55271e-15 3.55271e-15 1.77636e-15 2.22045e-16 1.11022e-16
threshold=3.5000000000000004 4.62122155208215 6.3656501350523191 0.9927395293426734 6.5000000000000009 0.14633312961828854 16.453987043309144 11.050000000000002 28.500000000000004 65.500000000000014 14.500000000000002 0.036811201445347795 2.3520095956920186 21.765376512263217 14.500000000000002 -0.82389248692129191 0.02505707762557078 10.15 5.2118986363581756 47.350000000000009 0.99164058729498161 13.15 -0.99273952934267318 -0.99466160899732459 39.550000000000004 858.50000000000011 611.50000000000011 678.90000000000009 689.95000000000016 510.50000000000006
decision_type=2 2 2 2 2 2 2 2 2 2 2 2 2 2 2 2 2 2 2 2 2 2 2 2 2 2 2 2 2 2
left_child=2 3 24 4 -2 -6 7 13 14 10 -10 -12 -13 -7 15 -9 -17 -11 -3 -8 22 29 23 -20 -1 26 -24 -28 -27 -22
right_child=1 18 -4 -5 5 6 19 8 9 17 11 12 -14 -15 -16 16 -18 -19 20 -21 21 -23 25 -25 -26 28 27 -29 -30 -31
leaf_value=0 8.7106774433672656e-05 0.00092164830117695833 0 -0.0026318128854030732 -0.0018009446776609678 -0.0018011642524090557 0.0025433205965212022 0.00012594017598217271 -0.0019260350041684811 -0.0029457590385511823 0.00045817782600483716 -0.0045568547922699302 -0.0020397300737591498 0.00014520724095925679 0.00024776407933781007 0.00016447342543510747 -0.0017915340226438332 0.00027618813968575978 0.53729636762464261 0.023462392027226237 0.087427529239168397 0.27564588675493823 0.16441014489999017 0.5434272640815474 0 1.3344705766602636 1.5172196357552072 2.1179592513079912 1.3714723554325792 1.1369602859158519
leaf_weight=3244 49 30 22 28 22 26 20 21 26 24 21 20 38 44 25 20 20 36 120 32 29 20 1867 20 27 58 830 232 35 21
leaf_count=3244 49 30 22 28 22 26 20 21 26 24 21 20 38 44 25 20 20 36 120 32 29 20 1867 20 27 58 830 232 35 21
internal_value=-0.0189718 0.00384842 -0.0448482 -0.00379237 -0.0029955 -0.00398734 -0.0030429 -0.00419003 -0.00575697 -0.00833333 -0.0111905 -0.00829114 -0.0113793 0.00142857 -0.000813953 -0.00319672 -0.00625 -0.00333333 0.00495402 0.00403846 0.00496906 0.00428571 0.00498419 0.00464286 -0.045 0.005 0.005 0.005 0.005 0.005
internal_weight=7027 3734 3293 472 444 395 373 321 251 165 105 79 58 70 86 61 40 60 3262 52 3232 70 3162 140 3271 3022 2929 1062 93 50
internal_count=7027 3734 3293 472 444 395 373 321 251 165 105 79 58 70 86 61 40 60 3262 52 3232 70 3162 140 3271 3022 2929 1062 93 50
is_linear=0
shrinkage=0.05


Tree=24
num_leaves=31
num_cat=0
split_feature=0 18 14 18 2 4 14 1 5 18 4 16 1 17 6 11 17 4 1 18 10 4 9 9 3 0 0 1 1 0
split_gain=1662.53 11.7171 4.51509 1.67877 5.60475 1.40667 1.01071 1.18785 1.06698 1.16742 1.30994 1.01747 0.979592 0.678788 0.557692 0.535079 0.467081 0.378671 0.135484 0.0318119 0.0133643 0.0357143 0.0068266 0.0428571 4.54747e-13 3.55271e-15 3.55271e-15 1.77636e-15 2.22045e-16 1.11022e-16
threshold=3.5000000000000004 4.62122155208215 6.3656501350523191 1.0000000180025095e-35 7.5000000000000009 5.0500000000000007 12.233689732794824 11.050000000000002 28.500000000000004 3.160508234285329 12.15 19.604600880707427 83.600000000000009 27.462822971875305 8.5000000000000018 6.2420705122950979 21.765376512263217 16.350000000000005 38.750000000000007 5.2118986363581756 0.99164058729498161 13.15 -0.99273952934267318 -0.99466160899732459 39.550000000000004 858.50000000000011 611.50000000000011 678.90000000000009 689.95000000000016 510.50000000000006
decision_type=2 2 2 2 2 2 2 2 2 2 2 2 2 2 2 2 2 2 2 2 2 2 2 2 2 2 2 2 2 2
left_child=2 3 24 -2 -5 -6 7 16 14 10 13 -12 -11 -10 17 -13 -7 -9 -8 -3 22 29 23 -21 -1 26 -24 -28 -27 -22
right_child=1 19 -4 4 5 6 18 8 9 12 11 15 -14 -15 -16 -17 -18 -19 -20 20 21 -23 25 -25 -26 28 27 -29 -30 -31
leaf_value=0 8.2751435711989025e-05 0.00087556588611810155 0 -0.0017588097209666948 -0.0015712096405905128 -0.0024142926394842626 -5.9217632596302075e-05 6.7868409497752257e-05 0.00016690819358353625 0.0060626888394451628 -0.0039765179003661442 -0.002519486016690694 -0.0044696968229319184 -0.0013509466654216867 0.00019155668428240998 -0.0035760306287988953 0.00016286009993595548 -0.0013281973478302172 0.017165008023745487 0.5104315492434105 0.083056152777209971 0.26186359241719132 0.15618963765499069 0.51625590087746998 0 1.2677470478272503 1.4413586539674468 2.0120612887425913 1.30289873766095 1.0801122716200593
leaf_weight=3244 52 30 22 22 22 23 20 30 22 28 26 24 21 20 29 22 47 22 42 120 29 20 1867 20 27 58 830 232 35 21
leaf_count=3244 52 30 22 22 22 23 20 30 22 28 26 24 21 20 29 22 47 22 42 120 29 20 1867 20 27 58 830 232 35 21
internal_value=-0.0189505 0.00388859 -0.0448482 -0.00347458 -0.00452381 -0.00316583 -0.00244681 -0.00359873 -0.0052459 -0.00757669 -0.0103509 -0.0144444 -0.00112245 -0.00333333 -0.000555555 -0.018913 0.00214286 -0.00365385 0.0033871 0.00495402 0.00496906 0.00428571 0.00498419 0.00464286 -0.045 0.005 0.005 0.005 0.005 0.005
internal_weight=7027 3734 3293 472 420 398 376 314 244 163 114 72 49 42 81 46 70 52 62 3262 3232 70 3162 140 3271 3022 2929 1062 93 50
internal_count=7027 3734 3293 472 420 398 376 314 244 163 114 72 49 42 81 46 70 52 62 3262 3232 70 3162 140 3271 3022 2929 1062 93 50
is_linear=0
shrinkage=0.05


Tree=25
num_leaves=27
num_cat=0
split_feature=0 15 14 9 0 18 14 1 5 5 16 9 0 6 16 9 16 18 9 4 4 10 4 9 9 3
split_gain=1659.79 11.7206 4.51509 1.94477 1.32484 2.44662 0.998106 1.25482 0.913975 1.10181 1.34312 1.52805 1.07333 0.705764 0.460909 0.324475 0.3 0.287509 0.280191 0.505561 0.129825 0.0157337 0.0333333 0.00687526 0.0428058 4.54747e-13
threshold=3.5000000000000004 3.6704877887549352 6.3656501350523191 0.9927395293426734 6.5000000000000009 0.14633312961828854 16.453987043309144 11.050000000000002 25.500000000000004 65.500000000000014 19.604600880707427 0.40542197401079721 33.500000000000007 3.5000000000000004 20.304822226906147 0.7025209685794126 17.267590966577099 5.4574946968981326 -0.68702731818199647 12.550000000000002 13.850000000000003 0.99164058729498161 12.550000000000002 -0.99273952934267318 -0.99466160899732459 39.550000000000004
decision_type=2 2 2 2 2 2 2 2 2 2 2 2 2 2 2 2 2 2 2 2 2 2 2 2 2 2
left_child=2 3 25 4 -2 -6 7 16 14 10 -10 12 -12 -11 -9 -16 -7 18 -3 -20 -8 23 -23 24 -19 -1
right_child=1 17 -4 -5 5 6 20 8 9 13 11 -13 -14 -15 15 -17 -18 21 19 -21 -22 22 -24 -25 -26 -27
leaf_value=0 7.8613863926389575e-05 0.0023487576802516739 0 -0.0024684163841131625 -0.0016229569577295849 -0.0011190866815971323 0.0065178333504094799 -0.002460207573747509 -0.0012274726935462819 0.0032774184811845686 -0.003194375432053094 -0.00082618805799964876 -0.0030624165876755836 -0.0039400769168021254 0.00045564263877927901 -0.00042001482879496519 0.00010482326909665016 0.48461167198736627 -0.0020063539944808841 0.0045432358936421573 0.014377815938435363 0.085495611550577388 0.25883386869953362 0.26925411503946067 0.49044310583359652 0
leaf_weight=3244 48 40 22 28 22 20 37 20 34 22 21 29 25 35 29 26 40 119 23 20 20 40 20 2996 20 27
leaf_count=3244 48 40 22 28 22 20 37 20 34 22 21 29 25 35 29 26 40 119 23 20 20 40 20 2996 20 27
internal_value=-0.0189718 0.00384842 -0.0448482 -0.00366228 -0.0028271 -0.00381579 -0.00282123 -0.0039701 -0.00558091 -0.0076506 -0.0105963 -0.0143333 -0.02 -0.00201754 -0.001 0.00136364 0.0025 0.00489323 0.00198795 -0.000813953 0.00324561 0.0049687 0.00416667 0.00498405 0.00464029 -0.045
internal_weight=7027 3734 3293 456 428 380 358 301 241 166 109 75 46 57 75 55 60 3278 83 43 57 3195 60 3135 139 3271
internal_count=7027 3734 3293 456 428 380 358 301 241 166 109 75 46 57 75 55 60 3278 83 43 57 3195 60 3135 139 3271
is_linear=0
shrinkage=0.05


Tree=26
num_leaves=31
num_cat=0
split_feature=0 18 14 9 7 0 18 1 4 4 3 6 12 5 16 18 10 9 4 6 14 3 1 3 10 4 9 9 3 0
split_gain=1657.96 11.5097 4.51509 2.13544 1.22697 1.21367 2.0333 0.87335 0.617065 1.08671 0.849246 1.24514 0.520833 0.459988 0.324673 0.298736 0.29458 0.537802 0.625 0.26018 0.0628571 0.0460658 0.0366667 0.0291667 0.0149363 0.034127 0.00682214 0.0428571 4.54747e-13 3.55271e-15
threshold=3.5000000000000004 5.8081195090771276 6.3656501350523191 0.9927395293426734 -0.98296291314453399 6.5000000000000009 0.14633312961828854 81.050000000000011 22.150000000000002 24.250000000000004 28.750000000000004 42.500000000000007 88.323431052878433 52.500000000000007 19.395020252743631 2.5816207301134657 -0.98208922706762081 0.34156760613242348 13.350000000000003 11.500000000000002 9.4923173644238883 8.1500000000000004 99.300000000000026 28.950000000000003 0.99164058729498161 13.15 -0.99273952934267318 -0.99466160899732459 39.550000000000004 874.50000000000011
decision_type=2 2 2 2 2 2 2 2 2 2 2 2 2 2 2 2 2 2 2 2 2 2 2 2 2 2 2 2 2 2
left_child=2 3 28 4 14 23 -7 8 10 -10 11 13 -13 -8 -2 16 -12 18 -18 20 -19 -3 -16 -6 26 -26 27 -23 -1 -28
right_child=1 21 -4 -5 5 6 7 -9 9 -11 15 12 -14 -15 22 -17 17 19 -20 -21 -22 24 -24 -25 25 -27 29 -29 -30 -31
leaf_value=0 -0.00059505107835481968 0.020216995643304481 0 -0.0023449955649075043 7.4683170730070086e-05 -0.0016375305095813406 -0.0030708185215100495 -0.0043582381460771187 -0.0016026071299201868 -0.0021536712921551046 0.00017432176993317054 0.0012332960370969094 -0.001381762898358586 -0.0039260090008174878 0.0054100489052250908 0.0010827428909466427 -0.00013068390124833284 0.00016851608518590091 -0.0023257634189568278 -0.00029273626891517456 0.00029042197923994273 0.46067938818187165 0.030836591409080197 7.4683170730070086e-05 1.0601133559945868 0.23705099927910611 0.26763282507786301 0.46592095054191668 0 1.1978051265490344
leaf_weight=3244 29 21 22 28 20 20 20 34 21 25 20 24 24 21 55 29 20 28 20 24 22 120 20 28 43 20 2921 20 27 57
leaf_count=3244 29 21 22 28 20 20 20 34 21 25 20 24 24 21 55 29 20 28 20 24 22 120 20 28 43 20 2921 20 27 57
internal_value=-0.0189861 0.00382164 -0.0448482 -0.00298872 -0.00224206 -0.0035 -0.00451705 -0.00358434 -0.00271812 -0.00804348 -0.00174603 -0.00567416 -0.000208333 -0.0120732 0.00259615 0.000398773 -0.000597015 -0.00157895 -0.00625 0.000945946 0.003 0.00495315 0.00433333 0.00395833 0.00496856 0.00420635 0.00498396 0.00464286 -0.045 0.005
internal_weight=7027 3734 3293 532 504 400 352 332 298 46 252 89 48 41 104 163 134 114 40 74 50 3202 75 48 3181 63 3118 140 3271 2978
internal_count=7027 3734 3293 532 504 400 352 332 298 46 252 89 48 41 104 163 134 114 40 74 50 3202 75 48 3181 63 3118 140 3271 2978
is_linear=0
shrinkage=0.05


Tree=27
num_leaves=30
num_cat=0
split_feature=0 18 14 9 4 10 10 3 18 15 0 10 4 16 1 9 1 10 10 11 0 0 10 4 9 9 3 0 0
split_gain=1656.14 11.6709 4.51509 1.61323 1.11221 1.02221 1.95126 0.968735 1.11478 0.790427 0.858413 0.923382 0.735294 0.564706 0.393401 0.559077 0.779445 0.371661 0.259259 0.0974026 0.0460585 0.0277778 0.0149319 0.034127 0.00682059 0.0428571 4.54747e-13 7.10543e-15 1.11022e-16
threshold=3.5000000000000004 6.0593996921965543 6.3656501350523191 0.9927395293426734 5.0500000000000007 -0.9523422988233432 -0.98518361333263327 30.050000000000004 5.2118986363581756 3.6704877887549352 6.5000000000000009 0.88999460902669758 14.15 20.264778613651444 38.750000000000007 -0.79091635943066485 27.850000000000005 -0.99626127116974506 0.1500498401600889 4.8568673843510597 43.500000000000007 53.500000000000007 0.99164058729498161 13.15 -0.99273952934267318 -0.99466160899732459 39.550000000000004 621.50000000000011 65.500000000000014
decision_type=2 2 2 2 2 2 2 2 2 2 2 2 2 2 2 2 2 2 2 2 2 2 2 2 2 2 2 2 2
left_child=2 3 26 4 -2 6 17 8 9 10 -7 12 13 -12 15 -9 19 -6 -15 -17 -3 -11 24 -24 25 -22 -1 -26 -16
right_child=1 20 -4 -5 5 7 -8 14 -10 21 11 -13 -14 18 28 16 -18 -19 -20 -21 22 -23 23 -25 27 -27 -28 -29 -30
leaf_value=0 -0.001488146857606178 0.014170673865560835 0 -0.002227745786662128 -0.00079558539433041545 7.0949012193566579e-05 -0.0012025236634010993 -0.0015037625803959891 -0.0060628278137656796 0.0042465557151752749 -0.0071411702307838916 0.0018794208784717074 -0.00044922586035102028 -0.00038794153028133397 0.0050280919617913117 7.0949012193566579e-05 -0.0025796887365825204 0.0011838585095528618 -0.0022846090540245777 0.00033290147634759036 0.43764541877277807 0.00075403180799944465 1.0071076881948575 0.22519844931515084 0.18617454892895871 0.44262490301482088 0 1.3477546392365141 0.013407529296255084
leaf_weight=3244 30 21 22 28 21 24 33 20 21 20 20 26 32 27 42 60 28 20 21 28 120 25 43 20 1856 20 27 1107 21
leaf_count=3244 30 21 22 28 21 24 33 20 21 20 20 26 32 27 42 60 28 20 21 28 120 25 43 20 1856 20 27 1107 21
internal_value=-0.0190003 0.00379486 -0.0448482 -0.00295247 -0.00232177 -0.00174847 -0.00716216 -0.000783132 -0.00310185 -0.00192308 -0.00366667 -0.00531746 -0.0075 -0.0104412 0.00173367 0.000220588 0.00155172 0.000121951 -0.0075 0.00386364 0.00495293 0.00388889 0.00496841 0.00420635 0.00498389 0.00464286 -0.045 0.005 0.005
internal_weight=7027 3734 3293 547 519 489 74 415 216 195 150 126 100 68 199 136 116 41 48 88 3187 45 3166 63 3103 140 3271 2963 63
internal_count=7027 3734 3293 547 519 489 74 415 216 195 150 126 100 68 199 136 116 41 48 88 3187 45 3166 63 3103 140 3271 2963 63
is_linear=0
shrinkage=0.05


Tree=28
num_leaves=30
num_cat=0
split_feature=0 2 14 9 4 7 1 6 10 10 9 4 15 16 14 11 6 0 4 16 3 10 10 4 9 9 3 0 0
split_gain=1653.41 11.7923 4.51509 1.66312 1.14708 1.04351 1.81165 1.55423 1.08978 1.01925 0.913445 1.05232 0.936541 0.736038 0.674022 0.639404 0.243153 0.139394 0.12396 0.114894 0.0388889 0.0378049 0.0149262 0.034127 0.0068186 0.0428571 4.54747e-13 1.11022e-16 1.11022e-16
threshold=3.5000000000000004 60.500000000000007 6.3656501350523191 0.9927395293426734 5.0500000000000007 0.91597561503675362 89.250000000000014 35.500000000000007 -0.9523422988233432 0.1159303052754759 0.6583954877256819 13.65 2.1223980291267348 20.264778613651444 10.856994964956696 8.3798494190755601 99.500000000000014 8.5000000000000018 11.850000000000003 21.130859891507416 35.350000000000001 -0.42108527284769387 0.99164058729498161 13.15 -0.99273952934267318 -0.99466160899732459 39.550000000000004 18.500000000000004 38.500000000000007
decision_type=2 2 2 2 2 2 2 2 2 2 2 2 2 2 2 2 2 2 2 2 2 2 2 2 2 2 2 2 2
left_child=2 3 26 4 -2 10 7 8 -7 13 11 15 -13 -10 -14 16 18 -9 21 -15 27 -6 24 -24 25 -3 -1 -12 -23
right_child=1 22 -4 -5 5 6 -8 17 9 -11 20 12 14 19 -16 -17 -18 -19 -20 -21 -22 28 23 -25 -26 -27 -28 -29 -30
leaf_value=0 -0.0014137395147258689 0.4157631478341392 0 -0.0021163584973290218 6.2897827044634781e-05 -0.00070023416850918338 -0.0052351940042116955 3.5172818112024199e-05 -0.0031589185456430851 -0.0023472179088249358 6.7401561583888252e-05 -0.0053686525522210551 0.00024857519069742444 -0.00014046727265314363 -0.0031155657426599928 -0.0046443348295271336 -0.0013061377471257751 0.00075929550455108093 1.2024619342218286e-05 6.7401561583888252e-05 3.6763865950031686e-05 0.00017861170947055478 0.95675230378511467 0.2139385268493933 0.28214855199187194 0.42049365786407988 0 0.015119694091601488 0.019567863276201455
leaf_weight=3244 30 120 22 28 20 21 25 20 23 26 24 35 30 20 23 21 20 46 20 27 20 33 43 20 2944 20 27 46 29
leaf_count=3244 30 120 22 28 20 21 25 20 23 26 24 35 30 20 23 21 20 46 20 27 20 33 43 20 2944 20 27 46 29
internal_value=-0.0190216 0.00375469 -0.0448482 -0.00275128 -0.00215563 -0.00161626 -0.004375 -0.00265027 -0.00611111 -0.00385417 0.00017134 -0.00149351 -0.00579545 -0.000714286 -0.00160377 0.00115385 0.00254098 0.00348485 0.00352941 0.00287234 0.00444444 0.00439024 0.00496822 0.00420635 0.00498379 0.00464286 -0.045 0.005 0.005
internal_weight=7027 3734 3293 587 559 529 208 183 117 96 321 231 88 70 53 143 122 66 102 47 90 82 3147 63 3084 140 3271 70 62
internal_count=7027 3734 3293 587 559 529 208 183 117 96 321 231 88 70 53 143 122 66 102 47 90 82 3147 63 3084 140 3271 70 62
is_linear=0
shrinkage=0.05


Tree=29
num_leaves=30
num_cat=0
split_feature=0 18 14 18 14 9 10 10 4 5 2 1 15 16 13 12 4 6 6 11 2 1 10 4 9 9 3 0 0
split_gain=1648.85 13.0721 4.51509 3.2025 4.81667 1.90376 1.27366 1.45265 1.0719 0.573394 0.631673 0.625982 0.821267 0.647887 0.444098 0.840572 0.31984 0.240698 0.237863 0.147036 0.0484243 0.03 0.0149232 0.034127 0.00681755 0.0428571 4.54747e-13 7.10543e-15 2.22045e-16
threshold=3.5000000000000004 6.3425238804615178 6.3656501350523191 5.4574946968981326 0.078308753106609466 0.9927395293426734 -0.9523422988233432 -0.98518361333263327 5.0500000000000007 34.500000000000007 43.500000000000007 11.350000000000003 0.47292095754029562 17.781630812348553 0.042175009727436485 101.04884081438483 17.950000000000003 23.500000000000004 74.500000000000014 5.6372934956126679 34.500000000000007 73.950000000000017 0.99164058729498161 13.15 -0.99273952934267318 -0.99466160899732459 39.550000000000004 874.50000000000011 26.500000000000004
decision_type=2 2 2 2 2 2 2 2 2 2 2 2 2 2 2 2 2 2 2 2 2 2 2 2 2 2 2 2 2
left_child=2 3 26 5 -5 6 7 18 -8 16 11 13 -13 -11 17 -16 19 -14 -2 28 -3 -12 24 -24 25 -22 -1 -26 -10
right_child=1 20 -4 4 -6 -7 8 -9 9 10 21 12 14 -15 15 -17 -18 -19 -20 -21 22 -23 23 -25 27 -27 -28 -29 -30
leaf_value=0 0.0011721546256533346 0.016161215036241162 0 -0.0078147058339868257 0.00067210033896448497 -0.0020105405724625716 -0.00030289599311572753 -0.0011326731610726149 6.403148350469384e-05 -0.00074621286796895312 0.0084242177506629653 -0.0021763283252110651 -0.00052360253732248085 6.5642920678287046e-05 0.00014698097614309065 -0.0031838377533849843 -0.0012176546236325177 0.00073308925752453634 -0.00091783853172350488 0.00012944079666641161 0.39497499044243223 0.00084208604378585008 0.90891468859585878 0.20324160050692364 0.27031255043594127 0.39946897497087586 0 1.0564197106601634 0.00089886281753717929
leaf_weight=3244 21 20 22 30 30 28 22 32 58 25 30 26 20 46 32 27 30 23 20 22 120 20 43 20 2877 20 27 57 35
leaf_count=3244 21 20 22 30 30 28 22 32 58 25 30 26 20 46 32 27 30 23 20 22 120 20 43 20 2877 20 27 57 35
internal_value=-0.0190572 0.00368773 -0.0448482 -0.00323224 -0.0141667 -0.00196325 -0.00123722 -0.00732877 -0.000168269 0.000431472 -0.0010241 -0.00228643 -0.004375 0.00147887 -0.00235294 -0.00516949 0.00293103 0.00151163 -0.00109756 0.00413043 0.00495249 0.004 0.00496812 0.00420635 0.00498373 0.00464286 -0.045 0.005 0.005
internal_weight=7027 3734 3293 577 60 517 489 73 416 394 249 199 128 71 102 59 145 43 41 115 3157 50 3137 63 3074 140 3271 2934 93
internal_count=7027 3734 3293 577 60 517 489 73 416 394 249 199 128 71 102 59 145 43 41 115 3157 50 3137 63 3074 140 3271 2934 93
is_linear=0
shrinkage=0.05


Tree=30
num_leaves=31
num_cat=0
split_feature=0 18 14 18 14 9 10 10 4 2 5 1 15 16 13 12 10 10 6 4 13 0 3 5 10 4 9 9 3 0
split_gain=1646.13 12.8436 4.51509 2.13951 4.47576 1.90376 1.00334 1.71259 1.04805 0.515547 0.636497 0.625982 0.821267 0.647887 0.444098 0.840572 0.371661 0.319814 0.240698 0.232692 0.218333 0.225 0.0366667 0.0352941 0.0146647 0.034375 0.00681369 0.0428571 4.54747e-13 3.55271e-15
threshold=3.5000000000000004 6.5200250492240439 6.3656501350523191 5.4574946968981326 0.078308753106609466 0.9927395293426734 -0.9523422988233432 -0.98518361333263327 5.0500000000000007 43.500000000000007 34.500000000000007 11.350000000000003 0.47292095754029562 17.781630812348553 0.042175009727436485 101.04884081438483 -0.99626127116974506 -0.57729161655172734 23.500000000000004 17.550000000000004 0.10757411856454636 73.500000000000014 27.550000000000004 82.500000000000014 0.99164058729498161 13.15 -0.99273952934267318 -0.99466160899732459 39.550000000000004 498.50000000000006
decision_type=2 2 2 2 2 2 2 2 2 2 2 2 2 2 2 2 2 2 2 2 2 2 2 2 2 2 2 2 2 2
left_child=2 3 28 5 -5 6 7 16 -8 10 17 13 -13 -12 18 -16 -2 19 -14 -10 21 -3 -19 -11 26 -26 27 -22 -1 -28
right_child=1 20 -4 4 -6 -7 8 -9 9 23 11 12 14 -15 15 -17 -18 22 -20 -21 24 -23 -24 -25 25 -27 29 -29 -30 -31
leaf_value=0 -0.00071167283735268675 0.023867174496645074 0 -0.0075042739286624045 0.0011749824191984567 -0.0019100135438394426 -0.00028775119345994125 -0.001076039503018986 3.7904727524621555e-05 0.0076768046926697451 -0.00070890222457050528 -0.002067511908950511 -0.00049742241045635431 6.2360774644372688e-05 0.0001396319273359425 -0.0030246458657157433 0.0010757908436926443 6.2280202831316379e-05 0.00069643479464830745 -0.0021727139423716791 0.37522624092031065 -0.0047628188003242316 6.0829909329459153e-05 0.0011044641020323542 0.8359785687847503 0.19307952048157739 0.16132892157901027 0.37949552622233207 0 1.2593380257222391
leaf_weight=3244 21 20 22 37 38 28 22 32 32 48 25 26 20 46 32 27 20 20 23 20 120 20 55 20 44 20 1376 20 27 1522
leaf_count=3244 21 20 22 37 38 28 22 32 32 48 25 26 20 46 32 27 20 20 23 20 120 20 55 20 44 20 1376 20 27 1522
internal_value=-0.0190786 0.00364756 -0.0448482 -0.00310811 -0.011 -0.00196325 -0.00123722 -0.00664384 -0.000288461 0.000304569 -0.000521472 -0.00228643 -0.004375 0.00147887 -0.00235294 -0.00516949 0.000121951 0.00224409 0.00151163 -0.000769231 0.00492043 0.00125 0.00433333 0.00426471 0.00496776 0.00421875 0.00498354 0.00464286 -0.045 0.005
internal_weight=7027 3734 3293 592 75 517 489 73 416 394 326 199 128 71 102 59 41 127 43 52 3142 40 75 68 3102 64 3038 140 3271 2898
internal_count=7027 3734 3293 592 75 517 489 73 416 394 326 199 128 71 102 59 41 127 43 52 3142 40 75 68 3102 64 3038 140 3271 2898
is_linear=0
shrinkage=0.05


Tree=31
num_leaves=31
num_cat=0
split_feature=0 18 14 12 1 18 14 10 13 0 4 5 9 10 12 4 1 13 16 10 10 10 3 3 10 4 9 9 3 0
split_gain=1642.49 13.7033 4.51509 2.00117 6.18699 1.19871 1.8087 1.45066 1.16698 0.94838 0.888517 0.702437 0.679256 0.986787 0.94525 0.648214 0.534249 0.487625 0.169057 0.251429 0.168591 0.121385 0.0361111 0.0256098 0.0146631 0.034375 0.00681315 0.0428571 4.54747e-13 3.55271e-15
threshold=3.5000000000000004 6.9911626293997502 6.3656501350523191 118.30215732964264 96.800000000000026 5.2118986363581756 0.078308753106609466 -0.9523422988233432 0.067472974506085817 43.500000000000007 7.4500000000000011 41.500000000000007 0.98521098335796142 -0.45973273945210419 290.10641893568339 12.350000000000003 31.250000000000004 0.02505707762557078 20.901314366683639 0.30080866500414788 -0.14153505243942446 0.24284972209593572 26.550000000000004 37.95000000000001 0.99164058729498161 13.15 -0.99273952934267318 -0.99466160899732459 39.550000000000004 891.00000000000011
decision_type=2 2 2 2 2 2 2 2 2 2 2 2 2 2 2 2 2 2 2 2 2 2 2 2 2 2 2 2 2 2
left_child=2 3 28 4 5 7 -7 -2 9 12 -9 15 13 14 17 -12 23 -5 19 -15 22 -22 -13 -16 26 -26 27 -3 -1 -28
right_child=1 24 -4 8 -6 6 -8 10 -10 -11 11 20 -14 18 16 -17 -18 -19 -20 -21 21 -23 -24 -25 25 -27 29 -29 -30 -31
leaf_value=0 -0.00060161760185181051 0.35646492887429509 0 -0.00097959030455227751 -0.0082960131101796012 -0.0059042552544707177 0.0010861103493179387 -0.0018602113179130059 0.018907554846136914 -0.0034734001527286654 5.6623054724844505e-05 5.7631298738560857e-05 -0.0010971236677075056 6.5090211858968047e-05 0.0007240341067193079 -0.001972336854367119 -0.0041342244817275178 -0.0047168124288944693 0.00020164376017631127 -0.00095015974963957796 -0.0036822432697184038 5.9242735912154057e-05 6.8024740450412449e-05 0.00010890177550578606 0.79417964034551258 0.18342554445749856 0.37977820109428717 0.36052074991121547 0 0.89202659313955701
leaf_weight=3244 36 120 22 26 24 26 20 29 76 20 20 20 20 22 21 28 30 20 56 28 20 23 52 20 44 20 2861 20 27 32
leaf_count=3244 36 120 22 26 24 26 20 29 76 20 20 20 20 22 21 28 30 20 56 28 20 23 52 20 44 20 2861 20 27 32
internal_value=-0.019107 0.003594 -0.0448482 -0.00308477 -0.00607383 -0.00394161 -0.0113043 -0.00245614 -0.000457227 -0.00203422 -0.000729166 0.000705522 -0.00117284 -0.000381166 -0.00354701 -0.004375 7.04227e-05 -0.00913043 0.00311321 0.001 0.00282609 0.000348837 0.00430556 0.00378049 0.00496771 0.00421875 0.00498351 0.00464286 -0.045 0.005
internal_weight=7027 3734 3293 637 298 274 46 228 339 263 192 163 243 223 117 48 71 46 106 50 115 43 72 41 3097 64 3033 140 3271 2893
internal_count=7027 3734 3293 637 298 274 46 228 339 263 192 163 243 223 117 48 71 46 106 50 115 43 72 41 3097 64 3033 140 3271 2893
is_linear=0
shrinkage=0.05


Tree=32
num_leaves=31
num_cat=0
split_feature=0 15 14 12 1 18 16 13 1 10 4 2 12 6 16 4 16 1 9 2 0 18 3 1 10 4 9 9 3 0
split_gain=1645.22 12.9992 4.51509 1.65349 2.95708 1.12758 1.67203 1.47411 1.08253 1.34075 0.84419 1.24995 1.00613 1.312 0.516215 0.486111 0.419756 0.578704 0.166504 0.136538 0.109524 0.0460216 0.0402913 0.0295918 0.017554 0.0314815 0.00686508 0.0428058 4.54747e-13 3.55271e-15
threshold=3.5000000000000004 6.3743735143443683 6.3656501350523191 118.30215732964264 96.800000000000026 5.2118986363581756 18.990032605897131 0.048112742854989538 47.350000000000009 -0.9523422988233432 13.65 9.5000000000000018 287.23965081703597 41.500000000000007 21.823300973071337 18.250000000000004 19.514544174834274 11.850000000000003 0.45972848220565493 10.500000000000002 45.500000000000007 5.4574946968981326 9.7500000000000018 96.800000000000026 0.99164058729498161 12.550000000000002 -0.99273952934267318 -0.99466160899732459 39.550000000000004 891.00000000000011
decision_type=2 2 2 2 2 2 2 2 2 2 2 2 2 2 2 2 2 2 2 2 2 2 2 2 2 2 2 2 2 2
left_child=2 3 28 4 5 7 -7 8 9 -2 14 -12 23 15 18 -14 -11 -18 19 -5 -9 -3 -21 -13 26 -26 27 -23 -1 -28
right_child=1 21 -4 10 -6 6 -8 20 -10 16 11 12 13 -15 -16 -17 17 -19 -20 22 -22 24 -24 -25 25 -27 29 -29 -30 -31
leaf_value=0 -0.00057153672175921965 0.0046131783633735456 0 2.1209439263473844e-05 -0.0082452193219811152 0.0010066769819177552 -0.00543843087870363 0.00016022093604060384 -0.0026612940509263129 -0.00069642955546913925 -0.0010509682073352612 0.00080838944292234991 0.00023804405699189978 -0.0046920479942302159 -0.0013016022940884116 -0.00093319503103826001 5.6280599116546355e-05 -0.0016286958572702655 -6.0764647161748171e-05 0.016744453212143219 0.0015485309677272534 0.3383433826367066 0.00088028890664921741 0.047037248427571371 0.75447065779223765 0.18309544322007443 0.30365070526085719 0.34249471241565471 0 0.84742526348257918
leaf_weight=3244 36 21 22 20 32 20 27 24 22 22 20 29 21 22 34 24 45 27 27 20 46 119 83 20 34 20 2867 20 27 32
leaf_count=3244 36 21 22 20 32 20 27 24 22 22 20 29 21 22 34 24 45 27 27 20 46 119 83 20 34 20 2867 20 27 32
internal_value=-0.0190857 0.00363417 -0.0448482 -0.00297101 -0.00563123 -0.00392193 -0.0109574 -0.00243243 -0.00519737 -0.00346154 -0.00046875 -0.00345588 -0.00146552 -0.00544776 0.00173913 -0.000555555 -0.000319149 0.00152778 0.003 0.00378049 0.00357143 0.00495182 0.00451456 0.00397959 0.00496766 0.00407407 0.00498354 0.00464029 -0.045 0.005
internal_weight=7027 3734 3293 621 301 269 47 222 152 130 320 136 116 67 184 45 94 72 150 123 70 3113 103 49 3092 54 3038 139 3271 2899
internal_count=7027 3734 3293 621 301 269 47 222 152 130 320 136 116 67 184 45 94 72 150 123 70 3113 103 49 3092 54 3038 139 3271 2899
is_linear=0
shrinkage=0.05


Tree=33
num_leaves=31
num_cat=0
split_feature=0 0 14 11 2 18 1 15 9 0 6 12 10 4 1 0 17 4 16 9 9 2 12 11 3 10 4 9 9 3
split_gain=1632.52 14.5739 4.51509 3.91479 1.68307 1.66112 3.02842 1.62329 1.27702 1.57519 1.99086 0.933583 1.37143 0.921951 0.403908 3.00038 0.48615 0.692682 0.395604 0.328017 0.673238 0.265152 0.164912 0.151894 0.152015 0.0148864 0.034127 0.00680456 0.0428571 4.54747e-13
threshold=3.5000000000000004 106.50000000000001 6.3656501350523191 14.180751959250115 43.500000000000007 7.688021354821065 69.65000000000002 6.3743735143443683 0.99628894895067466 43.500000000000007 9.5000000000000018 68.402288834582905 -0.98518361333263327 13.65 11.050000000000002 10.500000000000002 24.971709499323918 13.450000000000001 17.781630812348553 -0.38564912093021547 -0.99273952934267318 38.500000000000007 86.885001028975879 6.64720263669148 39.95000000000001 0.99164058729498161 13.15 -0.99273952934267318 -0.99466160899732459 39.550000000000004
decision_type=2 2 2 2 2 2 2 2 2 2 2 2 2 2 2 2 2 2 2 2 2 2 2 2 2 2 2 2 2 2
left_child=2 3 29 4 8 6 7 13 9 11 21 12 -2 -5 18 -16 17 -17 -13 20 -18 -11 -6 24 -21 27 -27 28 -3 -1
right_child=1 25 -4 5 22 -7 -8 -9 -10 10 -12 14 -14 -15 15 16 19 -19 -20 23 -22 -23 -24 -25 -26 26 -28 -29 -30 -31
leaf_value=0 0.00021057696499622355 0.32172451329874496 0 0.0013134693259846209 0.00013169801016545967 0.0012857135126862484 -0.0072219558957623319 -0.0036722293005245067 -0.0010732225396548386 -0.0065539502603472301 -0.0070732874272651375 -0.00015589423860518621 -0.00063365145922429113 -0.0011277766532019839 -0.0017513514895047145 0.00024863724030580478 0.037483227753146255 -0.0042727539276456363 5.3466569160719029e-05 0.00038574866994122445 -0.0018645905657679596 0.00013188023872950924 0.017246850151426667 -0.00013010109494545591 0.00048501461521615713 0.74423751081994072 0.16577978585497702 0.4700655416803774 0.32536997679487201 0
leaf_weight=3244 20 120 22 21 20 23 29 23 20 20 20 28 28 20 24 23 23 29 63 83 31 22 94 30 21 43 20 2816 20 27
leaf_count=3244 20 120 22 21 20 23 29 23 20 20 20 28 28 20 24 23 23 29 63 83 31 22 94 30 21 43 20 2816 20 27
internal_value=-0.0191853 0.00344671 -0.0448482 -0.00297203 -0.00134391 -0.0113793 -0.0143548 -0.00828125 -0.00262887 -0.00209677 -0.00951613 -0.000955335 -0.0075 -0.00231707 -7.04223e-05 -0.00106061 0.000625 -0.00365385 0.0028022 0.00180851 -0.00148148 -0.00333333 0.00412281 0.00313433 0.00403846 0.00496688 0.00420635 0.00498309 0.00464286 -0.045
internal_weight=7027 3734 3293 715 599 116 93 64 485 465 62 403 48 41 355 264 240 52 91 188 54 42 114 134 104 3019 63 2956 140 3271
internal_count=7027 3734 3293 715 599 116 93 64 485 465 62 403 48 41 355 264 240 52 91 188 54 42 114 134 104 3019 63 2956 140 3271
is_linear=0
shrinkage=0.05


Tree=34
num_leaves=31
num_cat=0
split_feature=0 0 14 12 1 18 18 10 0 0 9 4 2 17 9 10 17 3 4 2 17 2 5 3 1 10 4 9 9 3
split_gain=1633.42 13.5304 4.51509 3.26951 2.83138 1.43695 2.88061 1.12401 1.10669 1.35205 1.11364 0.918004 1.0526 0.701036 0.612005 0.380233 0.341354 0.301615 0.230968 0.237863 0.211446 0.317949 0.310256 0.037013 0.0333333 0.0148755 0.034127 0.00680074 0.0428571 4.54747e-13
threshold=3.5000000000000004 112.50000000000001 6.3656501350523191 91.628144612383139 93.950000000000017 5.4574946968981326 6.6674494000639131 -0.9523422988233432 53.500000000000007 43.500000000000007 0.17552986495352002 13.65 9.5000000000000018 24.971709499323918 0.7025209685794126 -0.54160775828284857 23.837100266060062 9.0500000000000025 18.550000000000004 23.500000000000004 28.039348816420901 25.500000000000004 39.500000000000007 31.750000000000004 59.150000000000013 0.99164058729498161 13.15 -0.99273952934267318 -0.99466160899732459 39.550000000000004
decision_type=2 2 2 2 2 2 2 2 2 2 2 2 2 2 2 2 2 2 2 2 2 2 2 2 2 2 2 2 2 2
left_child=2 3 29 4 5 7 -7 -2 9 11 -11 17 -13 -14 16 -10 -9 -5 19 -15 21 22 -19 -22 -18 27 -27 28 -3 -1
right_child=1 25 -4 8 -6 6 -8 14 15 10 -12 12 13 18 -16 -17 24 20 -20 -21 23 -23 -24 -25 -26 26 -28 -29 -30 -31
leaf_value=0 -0.00051127731271004382 0.30563828763380774 0 -0.0016174426784359018 -0.0065155086276638356 -0.0066626066182365606 -0.00082100699870797384 -0.00086791187316596181 -0.00026993734375519666 9.5207464286110363e-07 -0.0070671199777025771 -0.00085723248550617257 -0.0042701924180438252 -0.00081865293118200955 -0.00071522517185301033 0.027837523740971943 8.7989648205054439e-05 5.9989872206681538e-05 0.0011265307312452657 0.0011199607017760959 9.1582128085150361e-05 0.00019219847359242098 -0.0019795750871195016 0.00016855754819387558 0.00096182821101358233 0.70702563527894358 0.1574907965622282 0.4782270329519861 0.30910147795512838 0
leaf_weight=3244 36 120 22 23 33 31 37 26 20 22 22 21 31 20 38 109 40 26 25 21 57 31 39 20 20 43 20 2783 20 27
leaf_count=3244 36 120 22 23 33 31 37 26 20 22 22 21 31 20 38 109 40 26 25 21 57 31 39 20 20 43 20 2783 20 27
internal_value=-0.0191782 0.0034601 -0.0448482 -0.00255348 -0.00706897 -0.00508772 -0.0111765 -0.0025 -0.00013347 -0.00156425 -0.00977273 -0.000414013 -0.0038983 -0.00170103 -0.000241935 0.00383721 0.00209302 0.00168367 0.00121212 -0.00109756 0.00239884 0.000833334 -0.00115385 0.00435065 0.00416667 0.00496651 0.00420635 0.00498289 0.00464286 -0.045
internal_weight=7027 3734 3293 748 261 228 68 160 487 358 44 314 118 97 124 129 86 196 66 41 173 96 65 77 60 2986 63 2923 140 3271
internal_count=7027 3734 3293 748 261 228 68 160 487 358 44 314 118 97 124 129 86 196 66 41 173 96 65 77 60 2986 63 2923 140 3271
is_linear=0
shrinkage=0.05


Tree=35
num_leaves=31
num_cat=0
split_feature=0 0 14 11 1 2 18 18 4 18 2 0 6 4 17 2 11 12 3 4 10 5 5 3 13 10 4 9 9 3
split_gain=1631.61 13.6682 4.51509 4.14168 2.26875 1.94498 1.63807 2.20909 2.25515 1.14018 5.30266 1.00132 1.4442 0.531048 0.859524 0.62249 0.496124 0.593713 0.4 0.398721 0.264336 0.415773 0.242381 0.168313 0.0884252 0.0151264 0.033871 0.0067991 0.0428571 4.54747e-13
threshold=3.5000000000000004 115.50000000000001 6.3656501350523191 13.584800565826358 91.950000000000017 43.500000000000007 7.571178911601625 5.4574946968981326 17.350000000000005 1.0000000180025095e-35 7.5000000000000009 43.500000000000007 9.5000000000000018 20.550000000000004 25.932404427046809 9.5000000000000018 6.2420705122950979 91.062815062292501 29.450000000000003 10.050000000000002 0.1500498401600889 72.500000000000014 74.500000000000014 38.45000000000001 0.042175009727436485 0.99164058729498161 13.050000000000002 -0.99273952934267318 -0.99466160899732459 39.550000000000004
decision_type=2 2 2 2 2 2 2 2 2 2 2 2 2 2 2 2 2 2 2 2 2 2 2 2 2 2 2 2 2 2
left_child=2 3 29 5 6 9 7 -5 -9 -2 -11 13 19 15 -15 -12 22 -18 -6 -13 -19 -22 23 24 -17 27 -27 28 -3 -1
right_child=1 25 -4 4 18 -7 -8 8 -10 10 11 12 -14 14 -16 16 17 20 -20 -21 21 -23 -24 -25 -26 26 -28 -29 -30 -31
leaf_value=0 5.1899313771154159e-05 0.29035637325211727 0 0.00027022770836672975 -0.0060209720424042462 0.00871133986740159 0.0030179110548308689 -0.0036146876666898948 -0.0053866890644928937 -0.00080980482855561714 -0.00155691986742757 0.00037418679152577373 -0.0059456215698687502 -0.0035511394872109513 0.00033810071887021426 0.00033949419125811446 -0.0024447609241523478 0.0010153455452296921 -0.011855817503817256 -0.0061243306995135667 -0.0022824351780951261 0.0087683028927417594 -0.00051592603631028962 7.6440017268756513e-06 0.00056976949597233875 0.67051876725510096 0.15777714193821049 0.4639098947490945 0.29364640405737197 0
leaf_weight=3244 51 120 22 33 20 122 32 30 25 22 37 22 22 28 20 89 21 21 20 21 21 23 20 30 33 42 20 2769 20 27
leaf_count=3244 51 120 22 33 20 122 32 30 25 22 37 22 22 28 20 89 21 21 20 21 21 23 20 30 33 42 20 2769 20 27
internal_value=-0.0191924 0.00343332 -0.0448482 -0.00253604 -0.0096875 -0.000638474 -0.00625 -0.00977273 -0.0159091 -0.00206861 -0.00290698 -0.00161765 -0.00730769 -0.000539358 -0.00541667 0.000254237 0.00112403 -0.00197674 -0.02 -0.00197674 0.000384616 -0.00181818 0.00267442 0.00335526 0.00418033 0.00496634 0.00419355 0.00498281 0.00464286 -0.045
internal_weight=7027 3734 3293 763 160 603 120 88 55 481 430 408 65 343 48 295 258 86 40 43 65 44 172 152 122 2971 62 2909 140 3271
internal_count=7027 3734 3293 763 160 603 120 88 55 481 430 408 65 343 48 295 258 86 40 43 65 44 172 152 122 2971 62 2909 140 3271
is_linear=0
shrinkage=0.05


Tree=36
num_leaves=31
num_cat=0
split_feature=0 15 14 12 1 0 18 0 4 2 13 6 2 15 18 1 1 3 3 17 9 6 4 4 16 6 0 4 10 4
split_gain=1633.42 12.8352 4.51509 3.15416 4.92225 1.29249 1.10032 2.94 0.860535 0.906416 0.901419 1.87627 0.770906 0.761252 0.871527 0.940608 0.604758 0.510388 0.478139 0.446282 0.403994 0.375894 0.603144 0.480681 0.145532 0.111111 0.0314815 0.0277778 0.0175187 0.0314815
threshold=3.5000000000000004 8.1201165864714167 6.3656501350523191 91.628144612383139 96.800000000000026 53.500000000000007 5.4574946968981326 85.500000000000014 13.65 9.5000000000000018 0.036811201445347795 41.500000000000007 38.500000000000007 1.0000000180025095e-35 0.230728433994417 11.050000000000002 1.0000000180025095e-35 10.050000000000002 30.450000000000003 24.971709499323918 0.17552986495352002 18.500000000000004 7.5500000000000007 12.250000000000002 17.674923987927588 10.500000000000002 21.500000000000004 12.450000000000001 0.99164058729498161 12.550000000000002
decision_type=2 2 2 2 2 2 2 2 2 2 2 2 2 2 2 2 2 2 2 2 2 2 2 2 2 2 2 2 2 2
left_child=2 3 -1 4 6 8 12 -8 17 -10 25 20 13 -2 -15 -16 -3 -5 -17 -9 -12 22 -19 26 -23 -11 -24 -14 -18 -30
right_child=1 16 -4 5 -6 -7 7 19 9 10 11 -13 27 14 15 18 28 21 -20 -21 -22 24 23 -25 -26 -27 -28 -29 29 -31
leaf_value=0 5.2141696915218122e-05 -0.00089123773885705 0 -0.0031087825342353552 -0.015238997869525407 0.027412825819894002 -0.006248520539095425 -0.0012143083788047568 -0.00077388061868979515 -3.3101032660056809e-05 0.00097489176352874042 -0.0057295706893698535 0.00054475890079482903 -0.00056954126226962823 0.00027303870731821037 -0.0021705030156127956 0.3949179838183714 -0.0011482336980579611 -0.00015410190355878429 0.0006985531010426703 -0.0052338016767332317 0.00023687594503623866 0.0001148562257606047 -0.0021794333398800192 0.00010178430909036193 0.00058886432494592491 0.00047092533496559857 0.0034092048821494862 0.61065802923492607 0.14988828484129998
leaf_weight=3271 20 26 22 28 39 102 25 26 21 20 27 21 25 20 31 22 2928 24 20 24 23 21 20 20 68 25 34 20 34 20
leaf_count=3271 20 26 22 28 39 102 25 26 21 20 27 21 25 20 31 22 2928 24 20 24 23 21 20 20 68 25 34 20 34 20
internal_value=-0.0191782 0.0034601 -0.0448482 -0.00250689 -0.00676471 4.4053e-05 -0.00401288 -0.009 -0.00139205 -0.00448905 -0.00275862 -0.00626761 -0.00164557 -0.00384956 -0.00575269 -0.00321918 0.00490027 0.000581396 -0.00809524 -0.002 -0.001 0.00152406 -0.000612245 0.00162162 0.0038764 0.00277778 0.00407407 0.00388889 0.00496647 0.00407407
internal_weight=7027 3734 3293 726 272 454 233 75 352 137 116 71 158 113 93 73 3008 215 42 50 50 187 98 74 89 45 54 45 2982 54
internal_count=7027 3734 3293 726 272 454 233 75 352 137 116 71 158 113 93 73 3008 215 42 50 50 187 98 74 89 45 54 45 2982 54
is_linear=0
shrinkage=0.05


Tree=37
num_leaves=31
num_cat=0
split_feature=0 0 14 11 1 18 15 1 1 15 2 18 2 3 18 18 4 17 11 15 17 1 12 12 3 10 10 14 9 9
split_gain=1629.8 13.4278 4.51509 3.55182 1.32632 1.56486 2.12765 1.68411 1.13826 1.39267 0.869046 3.613 2.61569 0.653667 0.639579 1.44643 0.573188 1.06018 0.35832 0.668182 0.313636 0.204545 0.141083 0.251553 0.233333 0.0395833 0.016843 0.0321429 0.006796 0.0428571
threshold=3.5000000000000004 127.50000000000001 6.3656501350523191 13.584800565826358 91.950000000000017 7.571178911601625 6.3743735143443683 59.150000000000013 136.25000000000003 8.7747063781931871 9.5000000000000018 1.0000000180025095e-35 7.5000000000000009 29.950000000000003 5.2118986363581756 6.5200250492240439 20.450000000000003 25.396807650766007 6.2420705122950979 2.482239539860871 26.934772981737925 38.750000000000007 284.91521471611526 292.17415692297942 36.250000000000007 0.87377473702374975 0.99164058729498161 71.285307961374045 -0.99273952934267318 -0.99466160899732459
decision_type=2 2 2 2 2 2 2 2 2 2 2 2 2 2 2 2 2 2 2 2 2 2 2 2 2 2 2 2 2 2
left_child=2 3 -1 8 5 6 7 -5 9 10 11 -2 -13 -6 16 -16 18 -18 22 21 -21 -20 25 24 -24 -12 28 -28 29 -3
right_child=1 26 -4 4 13 -7 -8 -9 -10 -11 14 12 -14 -15 15 -17 17 -19 19 20 -22 -23 23 -25 -26 -27 27 -29 -30 -31
leaf_value=0 4.4215132813011493e-05 0.25609265539859288 0 0.00089960120826814186 -0.0044854627175356264 0.0015668401752457429 -0.0063226217542550938 -0.0040473985067698941 0.028117311699393622 -0.0091556390256896016 0.00048850430993716281 -0.00073957634638391724 -0.0014344775117931634 -0.017261455188835574 -0.0066232549503864348 0.016220856125680801 -0.0032326537012648919 6.0364435903789877e-05 -7.5549951106003435e-05 -0.0016991718206128611 0.00045579836635946039 -0.0022036881500645117 9.291909782787637e-05 0.00043792729689883777 -0.00034140125524159573 0.0014691243932910812 0.72120363050808722 0.61210758737192528 0.43770713248254911 0.25921818466358476
leaf_weight=3271 51 120 22 32 23 38 29 27 79 21 76 22 39 22 28 28 24 34 22 20 46 22 35 36 21 20 36 20 2743 20
leaf_count=3271 51 120 22 32 23 38 29 27 79 21 76 22 39 22 28 28 24 34 22 20 46 22 35 36 21 20 36 20 2743 20
internal_value=-0.0192066 0.00340653 -0.0448482 -0.00235849 -0.00874269 -0.00611111 -0.00977273 -0.00432203 -0.000608974 -0.00142202 -0.00091603 -0.00482143 -0.0130328 -0.0161111 0.000145631 -0.00482143 0.000926966 -0.00362069 0.00181208 -0.000454545 0.00272727 -0.00522727 0.0031383 0.00173913 -0.000357143 0.00447917 0.00496597 0.00410714 0.00498266 0.00464286
internal_weight=7027 3734 3293 795 171 126 88 59 624 545 524 112 61 45 412 56 356 58 298 110 66 44 188 92 56 96 2939 56 2883 140
internal_count=7027 3734 3293 795 171 126 88 59 624 545 524 112 61 45 412 56 356 58 298 110 66 44 188 92 56 96 2939 56 2883 140
is_linear=0
shrinkage=0.05


Tree=38
num_leaves=31
num_cat=0
split_feature=0 18 14 11 1 1 18 18 2 18 2 11 10 0 18 17 4 17 1 6 11 15 12 11 13 5 6 10 4 9
split_gain=1627.99 13.7746 4.51509 3.66796 2.09074 0.882209 2.06442 1.85256 1.19222 3.613 2.61569 1.05521 0.863012 0.773203 1.16667 0.422775 0.472051 0.694033 0.512253 0.293648 0.205458 0.669108 0.155556 0.144499 0.0417923 0.0393617 0.0307692 0.0148546 0.034127 0.00679333
threshold=3.5000000000000004 8.7523200402321208 6.3656501350523191 13.584800565826358 91.950000000000017 140.00000000000003 5.2118986363581756 6.3425238804615178 9.5000000000000018 1.0000000180025095e-35 7.5000000000000009 8.3798494190755601 -0.98208922706762081 85.500000000000014 5.4574946968981326 27.00678948410761 19.550000000000004 26.216152394423652 15.150000000000002 96.500000000000014 6.64720263669148 2.482239539860871 71.263667047985521 10.347694026713762 0.13904003539040038 47.500000000000007 31.500000000000004 0.99164058729498161 13.15 -0.99273952934267318
decision_type=2 2 2 2 2 2 2 2 2 2 2 2 2 2 2 2 2 2 2 2 2 2 2 2 2 2 2 2 2 2
left_child=2 3 -1 5 12 6 8 -8 9 -2 -11 -9 -5 14 -14 16 17 19 -18 22 25 -22 -10 -7 -3 -17 -23 29 -29 -26
right_child=1 24 -4 4 -6 23 7 11 15 10 -12 -13 13 -15 -16 20 18 -19 -20 -21 21 26 -24 -25 27 -27 -28 28 -30 -31
leaf_value=0 4.200437617236092e-05 0.061347124980695424 0 -0.0038128960480128165 -0.014220705209931774 0.016918425284847684 -0.0080445689448947772 0.01643222098426296 0.00020014999810752496 -0.0007025975290647213 -0.0013627536362035056 -0.006907801960848137 -7.1385367491652325e-05 0.0012586166702435459 -0.0053573083204646287 0.00063710627093289691 6.8206496979147445e-06 -0.0009541560419602937 -0.0031030704678124965 -0.0034385637293076381 -0.0020935037425612786 0.00040994509659519527 0.00041254229562894484 0.0081360357898519805 0.24328802271756347 0.00029281514995055374 0.00073800248829792962 0.57264629293784031 0.13573326801207128 0.43977144262416862
leaf_weight=3271 51 23 22 26 36 66 26 21 20 22 39 31 32 34 24 74 22 26 23 29 22 32 70 21 140 20 20 43 20 2721
leaf_count=3271 51 23 22 26 36 66 26 21 20 22 39 31 32 34 24 74 22 26 23 29 22 32 70 21 140 20 20 43 20 2721
internal_value=-0.0192209 0.00337975 -0.0448482 -0.00249682 -0.00947368 -0.000826771 -0.00156934 -0.00910256 -0.000319149 -0.00482143 -0.0130328 -0.00365385 -0.0062069 -0.00388889 -0.0075 0.00108939 -0.000526316 0.000862069 -0.005 0.00247899 0.00291667 0.000945946 0.00388889 0.00385057 0.0049491 0.00446809 0.00403846 0.0049658 0.00420635 0.00498252
internal_weight=7027 3734 3293 787 152 635 548 78 470 112 61 52 116 90 56 358 190 145 45 119 168 74 90 87 2947 94 52 2924 63 2861
internal_count=7027 3734 3293 787 152 635 548 78 470 112 61 52 116 90 56 358 190 145 45 119 168 74 90 87 2947 94 52 2924 63 2861
is_linear=0
shrinkage=0.05


Tree=39
num_leaves=31
num_cat=0
split_feature=0 18 14 11 0 18 1 15 1 18 18 11 2 18 2 17 17 4 17 4 6 11 15 11 12 3 5 6 13 6
split_gain=1627.09 13.6741 4.51509 3.66408 2.1448 1.61939 2.48449 2.40109 0.870805 2.34917 1.73935 1.18224 1.07169 3.29201 2.09334 0.360617 0.468266 0.550669 0.485541 0.235714 0.20891 0.205458 0.669108 0.128969 0.109253 0.04 0.0393617 0.0364865 0.0327911 0.0307692
threshold=3.5000000000000004 8.9875434930812759 6.3656501350523191 13.584800565826358 112.50000000000001 7.571178911601625 69.65000000000002 6.3743735143443683 140.00000000000003 5.2118986363581756 6.3425238804615178 9.7074194676674868 9.5000000000000018 1.0000000180025095e-35 7.5000000000000009 27.00678948410761 26.552353388212232 19.550000000000004 24.971709499323918 11.950000000000001 96.500000000000014 6.64720263669148 2.482239539860871 10.347694026713762 71.263667047985521 30.850000000000005 47.500000000000007 43.500000000000007 0.16107804324354255 31.500000000000004
decision_type=2 2 2 2 2 2 2 2 2 2 2 2 2 2 2 2 2 2 2 2 2 2 2 2 2 2 2 2 2 2
left_child=2 3 -1 8 5 6 7 25 9 12 -11 -12 13 -2 -15 16 17 20 -19 -7 24 26 -23 -10 -14 -5 -17 -26 -3 -24
right_child=1 28 -4 4 -6 19 -8 -9 23 10 11 -13 15 14 -16 21 -18 18 -20 -21 -22 22 29 -25 27 -27 -28 -29 -30 -31
leaf_value=0 3.9904157363742869e-05 0.056761013023707396 0 0.00054907915037037832 -0.015557740443180547 -0.0011910466045780383 -0.0053370415261271911 -0.0065927002736599185 0.016072504020605293 -0.0076423404976500428 0.0086581773513299959 -0.0064990422233283281 0.00036955394477478543 -0.00066746765261148518 -0.0012946159543933296 0.00060525095738626097 -0.0012247945709277436 -0.0030384003731708472 6.5754288607135692e-06 0.0021216274209825393 -0.0026206059627513181 -0.0019888285554332114 0.00038944784176544078 0.0084461300681708991 0.0004406251072675954 0.00022262182130052934 0.00027817439245302885 0.0001081385358723918 0.41804585171497133 0.00070110236388302484
leaf_weight=3271 51 29 22 25 23 20 29 24 66 26 32 22 21 22 39 74 20 20 23 22 32 22 32 23 54 20 20 20 2903 20
leaf_count=3271 51 29 22 25 23 20 29 24 66 26 32 22 21 22 39 74 20 20 23 22 32 22 32 23 54 20 20 20 2903 20
internal_value=-0.019228 0.00336636 -0.0448482 -0.00241895 -0.00911043 -0.00678571 -0.0103061 -0.00514493 -0.00071205 -0.00145455 -0.009375 -0.00425926 -0.000106383 -0.004375 -0.0122131 0.00122905 -0.000263158 0.000588235 -0.00430233 0.00142857 0.00224409 0.00291667 0.000945946 0.0038764 0.00342105 0.00166667 0.00446809 0.00432432 0.00494884 0.00403846
internal_weight=7027 3734 3293 802 163 140 98 69 639 550 80 54 470 112 61 358 190 170 43 42 127 168 74 89 95 45 94 74 2932 52
internal_count=7027 3734 3293 802 163 140 98 69 639 550 80 54 470 112 61 358 190 170 43 42 127 168 74 89 95 45 94 74 2932 52
is_linear=0
shrinkage=0.05


Tree=40
num_leaves=31
num_cat=0
split_feature=0 18 14 11 0 18 9 1 15 9 1 2 0 0 18 17 2 18 7 3 16 4 4 13 6 11 18 3 10 4
split_gain=1624.38 14.0364 4.51509 3.09758 1.94133 1.71631 2.90279 1.00419 2.37169 0.782514 0.638929 1.70641 0.524666 0.628876 1.93547 0.4224 0.386079 0.421459 0.449094 0.439545 0.40611 0.325962 0.258511 0.197499 0.323239 0.110835 0.0316335 0.0291667 0.0148416 0.034127
threshold=3.5000000000000004 9.2504185900504137 6.3656501350523191 13.584800565826358 112.50000000000001 7.3979599529612505 -0.051617755185161547 136.25000000000003 8.1201165864714167 0.9927395293426734 96.800000000000026 29.500000000000004 45.500000000000007 6.5000000000000009 0.14633312961828854 23.837100266060062 9.5000000000000018 0.58164303268527673 -0.98296291314453399 30.150000000000002 20.600010415395687 22.950000000000003 11.550000000000002 0.028901772731160725 52.500000000000007 10.347694026713762 9.7366163776564072 21.850000000000005 0.99164058729498161 13.15
decision_type=2 2 2 2 2 2 2 2 2 2 2 2 2 2 2 2 2 2 2 2 2 2 2 2 2 2 2 2 2 2
left_child=2 3 -1 7 5 6 15 8 9 10 12 -12 13 -2 -15 -5 -16 -18 27 20 -20 23 -7 -21 -25 -9 -3 -19 -28 -30
right_child=1 26 -4 4 -6 22 -8 25 -10 -11 11 -13 -14 14 16 -17 17 18 19 21 -22 -23 -24 24 -26 -27 28 -29 29 -31
leaf_value=0 3.6870191876078954e-05 0.014134067396561574 0 -0.0026228121132024617 -0.015154690299515709 -0.0011314942743491203 -0.0050889820686982924 0.014059867685675798 -0.0080131558014867581 -0.0012689255332427743 0.020414984886768635 -0.0056876206461033184 0.00044498307101340396 -0.00062346543711588659 -0.00070857976849953179 0.0002644666049556788 0.00049849368895483765 0.0017855998493589258 -0.0050925071348125817 -2.5509159248375543e-05 -0.00056190122840621144 -0.0021064862224513758 0.0016769105897032337 0.00038536380411369469 -0.00049266583138161295 0.0077929683503573143 0.41448897623722036 0.0036694780217271881 0.52311168570519972 0.10804431202571914
leaf_weight=3271 48 30 22 37 30 20 31 67 37 29 22 30 52 22 28 26 43 20 23 38 37 25 27 51 20 26 2824 28 43 20
leaf_count=3271 48 30 22 37 30 20 31 67 37 29 22 30 52 22 28 26 43 20 23 38 37 25 27 51 20 26 2824 28 43 20
internal_value=-0.0192493 0.00332619 -0.0448482 -0.00246634 -0.00845029 -0.00599291 -0.00989362 -0.000882353 -0.00169078 -0.000813953 -0.000338809 -0.00557692 0.000287357 -0.00035248 -0.0011194 -0.00373016 -0.000111821 0.000438597 -0.000371901 -0.0014433 -0.005 0.000149254 0.00180851 0.00133028 0.00288732 0.00392473 0.00494858 0.00395833 0.00496536 0.00420635
internal_weight=7027 3734 3293 817 171 141 94 646 553 516 487 52 435 383 335 63 313 285 242 194 60 134 47 109 71 93 2917 48 2887 63
internal_count=7027 3734 3293 817 171 141 94 646 553 516 487 52 435 383 335 63 313 285 242 194 60 134 47 109 71 93 2917 48 2887 63
is_linear=0
shrinkage=0.05


Tree=41
num_leaves=31
num_cat=0
split_feature=0 18 14 11 0 18 9 1 18 3 13 10 2 18 3 1 4 2 15 13 3 4 17 9 16 12 9 4 3 11
split_gain=1623.48 14.2691 4.51509 2.74231 2.04087 1.56383 3.15456 1.05151 2.54853 1.75 1.78571 1.35087 0.721744 2.98595 2.38085 0.507936 0.419048 0.415642 0.638235 0.503325 0.403095 0.258511 0.247561 0.467656 0.480237 0.215052 0.412857 0.375652 0.116667 0.110368
threshold=3.5000000000000004 9.2504185900504137 6.3656501350523191 13.584800565826358 112.50000000000001 7.3979599529612505 -0.051617755185161547 140.00000000000003 5.2118986363581756 8.1500000000000004 0.092337212024575607 -0.52705818521824699 9.5000000000000018 1.0000000180025095e-35 31.050000000000004 59.150000000000013 11.850000000000003 12.500000000000002 2.3520095956920186 0.043850027340466342 37.850000000000001 11.550000000000002 27.817878421766128 -0.017212718557910196 19.621524953143865 262.14961027018933 0.24284747324344283 14.250000000000002 32.250000000000007 10.347694026713762
decision_type=2 2 2 2 2 2 2 2 2 2 2 2 2 2 2 2 2 2 2 2 2 2 2 2 2 2 2 2 2 2
left_child=2 3 -1 7 5 6 15 8 12 -10 -11 -12 13 -2 -15 16 -5 -14 19 20 25 -7 23 24 -20 26 -19 -28 -27 -9
right_child=1 -3 -4 4 -6 21 -8 29 9 10 11 -13 17 14 -16 -17 -18 18 22 -21 -22 -23 -24 -25 -26 28 27 -29 -30 -31
leaf_value=0 3.6065439901751772e-05 0.3649904534327354 0 -0.002751951459108286 -0.014396955784539903 -0.0010749195606316482 -0.0048345329652633856 0.014565885435291205 0.014156951950188271 -0.0075128538083135028 -0.0085149818639527163 0.008625926186881943 0.00038556508758752782 -0.00043525354324444756 -0.0012022647286872223 -0.0030099693516701231 0.00078980029345806786 -0.00019875584614333813 0.00012582299306944123 -0.0028120436175670337 -0.00030329446273348409 0.0015930650602180845 0.0016096103882808175 0.00050624408568821899 -0.0020600736790476995 0.00026426075021864599 -0.0014264213306372309 0.00034125966345401829 0.0005257952409420169 0.0074033199328394847
leaf_weight=3271 51 2917 22 20 30 20 31 66 21 21 20 22 48 39 22 21 22 20 22 26 26 27 58 36 24 20 23 27 28 26
leaf_count=3271 51 2917 22 20 30 20 31 66 21 21 20 22 48 39 22 21 22 20 22 26 26 27 58 36 24 20 23 27 28 26
internal_value=-0.0192564 0.0033128 -0.0448482 -0.00252754 -0.00815789 -0.0056383 -0.0093617 -0.00103715 -0.00185921 -0.00988095 -0.0140476 -0.00809524 -0.000425532 -0.00392857 -0.0113934 -0.00293651 0.000238095 0.000670391 1.86265e-10 -0.00205882 -0.000902778 0.00180851 0.0025 0.000731707 -0.0026087 0.000338983 -0.00142857 0.001 0.00291667 0.00391304
internal_weight=7027 3734 3293 817 171 141 94 646 554 84 63 42 470 112 61 63 42 358 310 170 144 47 140 82 46 118 70 50 48 92
internal_count=7027 3734 3293 817 171 141 94 646 554 84 63 42 470 112 61 63 42 358 310 170 144 47 140 82 46 118 70 50 48 92
is_linear=0
shrinkage=0.05


Tree=42
num_leaves=31
num_cat=0
split_feature=0 18 14 11 0 3 18 9 1 18 5 18 0 2 18 3 0 2 15 13 15 13 6 4 4 16 9 0 1 11
split_gain=1621.67 13.4554 4.51509 3.20878 1.78676 2.81104 1.64334 2.93188 1.07819 2.08681 1.98901 2.4063 0.74695 0.648658 2.72334 1.88383 0.543478 0.375664 0.441525 0.571846 0.283364 0.49782 0.276787 0.367816 0.266327 0.254348 0.121569 0.0958414 0.1 0.0692732
threshold=3.5000000000000004 9.9355854023393793 6.3656501350523191 14.777337057572906 112.50000000000001 38.650000000000013 7.3979599529612505 -0.051617755185161547 140.00000000000003 5.2118986363581756 87.500000000000014 6.5200250492240439 112.50000000000001 9.5000000000000018 1.0000000180025095e-35 31.050000000000004 78.500000000000014 12.500000000000002 2.3520095956920186 0.042175009727436485 1.4104676152337541 0.022816176579953298 52.500000000000007 14.750000000000002 10.850000000000003 21.098488460222459 -0.56668076515725019 136.50000000000003 220.90000000000003 10.347694026713762
decision_type=2 2 2 2 2 2 2 2 2 2 2 2 2 2 2 2 2 2 2 2 2 2 2 2 2 2 2 2 2 2
left_child=2 3 -1 8 6 -6 7 16 9 13 11 -11 -13 14 -2 -16 -5 -15 19 20 21 25 -20 -24 -8 -19 -22 28 -3 -10
right_child=1 27 -4 4 5 -7 24 -9 29 10 -12 12 -14 17 15 -17 -18 18 22 -21 26 -23 23 -25 -26 -27 -28 -29 -30 -31
leaf_value=0 3.4794115879868607e-05 0.00061801510180066487 0 0.00028044878827613017 -0.015193087367541431 -0.00088172878201627078 -0.0010211735826000873 -0.0045999788165498236 0.013837591163526675 -0.0072866879335226177 0.0072487281769823527 0.0083058351114384619 -0.0056955989711767012 0.0003719527063002874 -0.00041349086608222528 -0.0011421514922528608 -0.0036359601173263064 -0.00017009253155870165 0.00031370917529741023 -0.0026485325968723921 0.00081013368685832964 -0.00090577762940875078 0.00060044611652662985 -0.0018558436560538267 0.0015186344146749433 0.00046539776716007276 0.0017678915269668709 0.40930855291531981 0.089840865971595185 0.0063742237388121877
leaf_weight=3271 52 20 22 23 26 23 20 24 66 31 24 26 29 49 39 22 23 20 94 38 20 36 29 25 29 26 31 2832 20 37
leaf_count=3271 52 20 22 23 26 23 20 24 66 31 24 26 29 49 39 22 23 20 94 38 20 36 29 25 29 26 31 2832 20 37
internal_value=-0.0192707 0.00328602 -0.0448482 -0.00219258 -0.00839286 -0.0164286 -0.00508403 -0.01 -0.000691642 -0.00151438 -0.00772727 -0.0112791 -0.005 -9.35549e-05 -0.00340708 -0.0105738 -0.0026087 0.000923913 0.000297806 -0.00143275 0.000112782 -0.00170732 0.0022973 -0.000555555 0.00193878 0.00173913 0.00303922 0.00493036 0.0025 0.00402913
internal_weight=7027 3734 3293 862 168 49 119 70 694 591 110 86 55 481 113 61 46 368 319 171 133 82 148 54 49 46 51 2872 40 103
internal_count=7027 3734 3293 862 168 49 119 70 694 591 110 86 55 481 113 61 46 368 319 171 133 82 148 54 49 46 51 2872 40 103
is_linear=0
shrinkage=0.05


Tree=43
num_leaves=31
num_cat=0
split_feature=0 18 14 11 0 1 18 9 1 18 1 16 18 2 0 0 2 14 4 18 15 3 6 16 3 6 4 4 2 1
split_gain=1620.77 13.6492 4.51509 3.0146 1.56129 3.38261 1.48595 2.3926 1.15769 1.97435 1.53779 1.54831 0.630001 2.64915 0.625 0.543478 0.49243 0.407422 0.4 0.30201 0.468179 0.659824 0.721702 0.351351 0.366597 0.294701 0.410406 0.27 0.132275 0.100513
threshold=3.5000000000000004 10.263212050477939 6.3656501350523191 14.777337057572906 112.50000000000001 111.65000000000002 7.3979599529612505 -0.051617755185161547 136.25000000000003 5.2118986363581756 118.2 20.572933230414282 1.0000000180025095e-35 7.5000000000000009 85.500000000000014 78.500000000000014 9.5000000000000018 16.453987043309144 10.950000000000001 0.58164303268527673 2.3520095956920186 30.450000000000003 42.500000000000007 21.368602838745883 38.45000000000001 52.500000000000007 14.750000000000002 9.8500000000000032 14.500000000000002 83.600000000000009
decision_type=2 2 2 2 2 2 2 2 2 2 2 2 2 2 2 2 2 2 2 2 2 2 2 2 2 2 2 2 2 2
left_child=2 3 -1 8 6 -6 7 15 9 12 11 14 -2 -14 -11 -5 -15 19 -12 -18 21 22 -21 24 28 29 -27 -8 -23 -22
right_child=1 -3 -4 4 5 -7 27 -9 -10 10 18 -13 13 16 -16 -17 17 -19 -20 20 25 23 -24 -25 -26 26 -28 -29 -30 -31
leaf_value=0 3.3054410085875176e-05 0.37115335055741583 0 0.0002664263488623335 -0.014002196705682316 -0.00093791970319359846 -0.00097011490347006461 -0.0043699798757223544 0.0090291629599146186 -0.0040638076951125006 0.0027254963396554431 -0.0077177282107566969 -0.00048247288558757708 -0.0010716319011407104 -0.0001632621377616877 -0.0034541621114599994 0.00044062140905582348 0.0087915781945407286 -0.0053649260982982817 -0.0025403650366248179 0.00029658667834379823 -0.00011227187965287128 -0.0011071210932076766 0.00029590276092462259 -0.0013796094632334513 0.00033704073209515927 -0.0020667304903756313 0.0014453139976750612 0.00054309251494874663 0.00012605699856262521
leaf_weight=3271 52 2857 22 23 33 29 20 24 108 20 20 26 22 39 20 23 44 47 20 29 49 21 26 26 26 25 22 30 27 26
leaf_count=3271 52 2857 22 23 33 29 20 24 108 20 20 26 22 39 20 23 44 47 20 29 49 21 26 26 26 25 22 30 27 26
internal_value=-0.0192778 0.00327263 -0.0448482 -0.00218358 -0.00791209 -0.0143548 -0.00458333 -0.00928571 -0.000683453 -0.00155877 -0.00773585 -0.0124242 -0.000197505 -0.000827506 -0.00625 -0.0026087 8.59953e-05 0.000652174 1.86265e-10 1.55765e-05 -0.000595668 -0.00241935 -0.00681818 1.86265e-10 -0.00175676 0.00172131 -0.00138298 0.002 0.000833334 0.00366667
internal_weight=7027 3734 3293 877 182 62 120 70 695 587 106 66 481 429 40 46 407 368 40 321 277 155 55 100 74 122 47 50 48 75
internal_count=7027 3734 3293 877 182 62 120 70 695 587 106 66 481 429 40 46 407 368 40 321 277 155 55 100 74 122 47 50 48 75
is_linear=0
shrinkage=0.05


Tree=44
num_leaves=31
num_cat=0
split_feature=0 18 14 11 0 1 18 9 1 18 18 6 6 18 2 2 15 4 4 0 4 1 17 4 14 4 4 16 9 17
split_gain=1618.97 13.7528 4.51509 3.44877 1.46243 1.84083 1.25684 2.3772 1.14293 2.20202 1.76425 0.907397 1.20333 0.556669 2.08055 0.538766 0.492821 0.457229 0.82473 0.347826 0.347005 0.345574 0.332327 0.846749 0.29632 0.2625 0.257703 0.207011 0.18362 0.237037
threshold=3.5000000000000004 12.85657016783575 6.3656501350523191 14.777337057572906 112.50000000000001 118.2 7.571178911601625 -0.051617755185161547 140.00000000000003 5.2118986363581756 6.3425238804615178 12.500000000000002 99.500000000000014 1.0000000180025095e-35 7.5000000000000009 9.5000000000000018 10.307568942499255 12.15 13.850000000000003 78.500000000000014 15.850000000000003 11.050000000000002 25.932404427046809 19.550000000000004 6.1094132345479641 11.550000000000002 20.550000000000004 17.191465796720639 -0.75827772016127548 27.966614433232717
decision_type=2 2 2 2 2 2 2 2 2 2 2 2 2 2 2 2 2 2 2 2 2 2 2 2 2 2 2 2 2 2
left_child=2 3 -1 8 6 16 7 19 9 13 -11 -12 -13 -2 -15 -16 -6 27 24 -5 -20 -22 23 -23 -19 -8 -24 -17 29 -29
right_child=1 -3 -4 4 5 -7 25 -9 -10 10 11 12 -14 14 15 17 -18 18 20 -21 21 22 26 -25 -26 -27 -28 28 -30 -31
leaf_value=0 3.1401689581581412e-05 0.37555790989218019 0 0.00025310503141919558 -0.013296570360411201 -0.0020552844500637923 -0.00092160915829654307 -0.0041473823111687815 0.01009949749801424 -0.0057044263971395949 0.013321871438875027 -0.0052097822051504631 0.0015474215533426744 -0.00045834924130819807 -0.001018050306083674 -0.0020897712854281505 -0.012338496171488576 -0.0022950620412295038 0.00051248379106800938 -0.0032814540058870053 0.00034248173632443583 0.00078917168325599992 -0.00071334802389061219 -0.0023686432591997807 -0.00048855173623209703 0.0015622961725884708 0.00073592914200096456 -0.000175068253290043 0.00028619940514867031 0.00086028969604592465
leaf_weight=3271 52 2827 22 23 24 30 20 28 114 37 23 30 20 22 39 23 26 22 40 23 24 21 28 25 20 28 23 30 88 24
leaf_count=3271 52 2827 22 23 24 30 20 28 114 37 23 30 20 22 39 23 26 22 40 23 24 21 28 25 20 28 23 30 88 24
internal_value=-0.019292 0.00324585 -0.0448482 -0.00211136 -0.00787129 -0.013125 -0.00442623 -0.00851351 -0.000460993 -0.00134518 -0.00772727 -0.00321918 -0.007 0.000114345 -0.000477855 0.000331696 -0.019 0.000923913 -0.000665024 -0.00152174 0.000962733 -0.000371901 -0.00170103 -0.00478261 -0.00690476 0.001875 0.00107843 0.00287879 0.00359155 0.0012963
internal_weight=7027 3734 3293 907 202 80 122 74 705 591 110 73 50 481 429 407 50 368 203 46 161 121 97 46 42 48 51 165 142 54
internal_count=7027 3734 3293 907 202 80 122 74 705 591 110 73 50 481 429 407 50 368 203 46 161 121 97 46 42 48 51 165 142 54
is_linear=0
shrinkage=0.05


Tree=45
num_leaves=31
num_cat=0
split_feature=0 18 14 11 0 0 1 18 5 18 18 1 5 15 0 18 2 2 13 15 14 6 17 5 4 4 11 3 10 6
split_gain=1627.99 11.6934 4.51509 2.67583 1.45554 1.72841 1.02824 1.4856 1.59043 2.03931 1.02296 1.85143 0.666337 0.622254 0.621971 0.533233 2.11305 0.562715 0.427109 0.630124 0.642857 0.571498 0.42643 0.4 0.361374 0.276923 0.153757 0.0958258 0.0636627 0.102439
threshold=3.5000000000000004 12.85657016783575 6.3656501350523191 14.777337057572906 112.50000000000001 141.50000000000003 136.25000000000003 5.2118986363581756 87.500000000000014 6.6674494000639131 7.3979599529612505 66.700000000000003 30.500000000000004 6.1210693541199941 112.50000000000001 1.0000000180025095e-35 7.5000000000000009 9.5000000000000018 0.022816176579953298 2.3520095956920186 9.737565236803631 9.5000000000000018 25.192669749271449 52.500000000000007 20.450000000000003 9.8500000000000032 11.681078596062505 31.750000000000004 -0.38961601727460732 4.5000000000000009
decision_type=2 2 2 2 2 2 2 2 2 2 2 2 2 2 2 2 2 2 2 2 2 2 2 2 2 2 2 2 2 2
left_child=2 3 -1 6 10 -6 7 15 9 -9 11 13 -7 -5 -11 -2 -17 -18 27 20 21 -20 -22 -23 26 -12 -21 -19 29 -8
right_child=1 -3 -4 4 5 12 28 8 -10 14 25 -13 -14 -15 -16 16 17 18 19 24 22 23 -24 -25 -26 -27 -28 -29 -30 -31
leaf_value=0 2.9831605102502345e-05 0.35678001439757118 0 0.0007543321563968122 -0.012620708819950581 0.00083610626855187039 0.011855928598696747 -0.0062778212066333123 0.0073747034727458562 0.014069764796431745 -0.00087552870038173306 -0.0042752827641185428 -0.015059093104573516 -0.0055705292760945494 -0.0052500827573744129 -0.00043543177924278815 -0.00096714779077949117 0.00032540736557503704 -0.0013470637628124618 0.00030049654215236172 -0.0027441613586496787 4.0197197550045192e-05 0.00069913269061027414 -0.0029460308389602442 -0.0006610086437020264 0.0013242071699737933 0.00011666874855763374 7.8111908326935922e-05 0.013771426798161845 0.003451898949210433
leaf_weight=3271 52 2827 22 27 36 23 21 33 24 23 20 20 21 23 26 22 39 66 23 90 20 20 43 20 24 32 33 29 77 20
leaf_count=3271 52 2827 22 27 36 23 21 33 24 23 20 20 21 23 26 22 39 66 23 90 20 20 43 20 24 32 33 29 77 20
internal_value=-0.0192209 0.00337975 -0.0448482 -0.00156009 -0.00663366 -0.011875 -0.000106383 -0.000962521 -0.00632075 -0.00963415 -0.00319672 -0.00714286 -0.00522727 -0.002 -0.00316327 0.000218295 -0.000361305 0.000454546 0.00105978 5.49452e-05 -0.00253968 -0.00611111 0.00103175 -0.0025 0.00227891 0.00211538 0.00337398 0.00394737 0.00415254 0.00256098
internal_weight=7027 3734 3293 907 202 80 705 587 106 82 122 70 44 50 49 481 429 407 368 273 126 63 63 40 147 52 123 95 118 41
internal_count=7027 3734 3293 907 202 80 705 587 106 82 122 70 44 50 49 481 429 407 368 273 126 63 63 40 147 52 123 95 118 41
is_linear=0
shrinkage=0.05


Tree=46
num_leaves=31
num_cat=0
split_feature=0 18 14 11 1 4 1 4 1 18 18 4 12 11 13 18 2 4 4 5 4 6 1 6 9 9 18 4 17 6
split_gain=1633.42 10.5379 4.51509 1.80475 1.19593 2.09643 1.92857 1.2675 0.940571 1.39051 1.00979 1.19565 0.787815 0.778846 0.625 0.510301 2.14581 0.359361 0.733219 0.551566 0.434419 0.349796 0.320743 0.507933 0.520833 0.315716 0.220588 0.142347 0.169966 0.249674
threshold=3.5000000000000004 12.85657016783575 6.3656501350523191 14.777337057572906 69.65000000000002 18.750000000000004 91.950000000000017 13.15 140.00000000000003 5.2118986363581756 6.5200250492240439 12.450000000000001 262.14961027018933 9.7074194676674868 0.16638225255972697 1.0000000180025095e-35 7.5000000000000009 12.15 14.15 29.500000000000004 5.0500000000000007 10.500000000000002 11.050000000000002 29.500000000000004 0.073094453017891456 0.57023701209772126 6.5200250492240439 10.15 27.966614433232717 17.500000000000004
decision_type=2 2 2 2 2 2 2 2 2 2 2 2 2 2 2 2 2 2 2 2 2 2 2 2 2 2 2 2 2 2
left_child=2 3 -1 8 12 7 -7 21 9 15 11 -11 26 -12 -15 -2 -17 20 19 -19 -18 -6 -20 25 -25 -24 -5 28 29 -22
right_child=1 -3 -4 4 5 6 -8 -9 -10 10 13 -13 -14 14 -16 16 17 18 22 -21 27 -23 23 24 -26 -27 -28 -29 -30 -31
leaf_value=0 2.8340024847377228e-05 0.33894101367769258 0 -0.0014620366551912423 -0.008849101373976714 -0.0027533114542083147 -0.014432773727357115 0.001523793622418533 0.00898379946491565 -0.0022334327047643702 0.013836764939973807 -0.0058285785842604673 -0.0035628258285242973 -0.0055561821420268423 0.0010426784045053387 -0.00041366019028064871 -0.00025849927144001947 0.00013104313846966427 0.00030916185531117634 -0.0039096623640508281 -0.00063233547034221085 -0.0078753384374116199 0.0002661161719133496 -0.0021164157761788269 0.00053122679429957369 -0.00071359248278362502 0.0010434838853450674 0.00075563422294002227 0.00067869390486835881 0.00018207792649865999
leaf_weight=3271 52 2827 22 34 22 21 21 27 114 23 25 22 21 20 20 22 21 22 37 34 33 26 58 24 24 27 30 62 31 34
leaf_count=3271 52 2827 22 34 22 21 21 27 114 23 25 22 21 20 20 22 21 22 37 34 33 26 58 24 24 27 30 62 31 34
internal_value=-0.0191782 0.0034601 -0.0448482 -0.00122933 -0.00539604 -0.00867521 -0.017619 -0.00366667 -3.54608e-05 -0.000837563 -0.00590909 -0.0116667 -0.000882353 -0.00192308 -0.00625 0.000322246 -0.000244755 0.000577396 -0.000752212 -0.00571429 0.00223757 -0.00854167 0.000882353 -0.000263158 -0.004375 0.00205882 0.001875 0.003125 0.00193878 0.000522388
internal_weight=7027 3734 3293 907 202 117 42 75 705 591 110 45 85 65 40 481 429 407 226 56 181 48 170 133 48 85 64 160 98 67
internal_count=7027 3734 3293 907 202 117 42 75 705 591 110 45 85 65 40 481 429 407 226 56 181 48 170 133 48 85 64 160 98 67
is_linear=0
shrinkage=0.05


Tree=47
num_leaves=31
num_cat=0
split_feature=0 18 14 11 4 1 4 1 15 4 1 4 11 0 0 12 3 4 4 4 12 16 5 5 4 12 9 0 5 0
split_gain=1635.24 9.73119 4.51509 1.50894 1.08655 3.39674 0.85761 0.635717 1.30837 0.558665 1.0587 0.707768 0.672061 0.470006 1.1388 0.710194 0.428094 0.410406 0.397926 0.371886 0.75 0.725926 0.280144 0.383997 0.361842 0.233333 0.22917 0.225 0.125926 0.123077
threshold=3.5000000000000004 15.339071760111681 6.3656501350523191 14.777337057572906 18.750000000000004 91.950000000000017 13.050000000000002 140.00000000000003 8.7747063781931871 12.15 99.300000000000026 14.15 5.6372934956126679 136.50000000000003 103.50000000000001 81.354268766784898 30.850000000000005 13.450000000000001 4.1500000000000012 17.950000000000003 275.50409068864644 20.10298157753639 47.500000000000007 60.500000000000007 9.3500000000000032 91.062815062292501 -0.78026694822287734 41.500000000000007 59.500000000000007 103.50000000000001
decision_type=2 2 2 2 2 2 2 2 2 2 2 2 2 2 2 2 2 2 2 2 2 2 2 2 2 2 2 2 2 2
left_child=2 3 -1 7 6 16 13 8 9 18 11 12 17 14 15 -5 -6 -11 -2 25 28 -22 -20 -24 -25 -13 -9 -26 -21 -8
right_child=1 -3 -4 4 5 -7 29 26 -10 10 -12 19 -14 -15 -16 -17 -18 -19 22 20 21 -23 23 24 27 -27 -28 -29 -30 -31
leaf_value=0 -0.0002003038783317045 0.33927929230167303 0 0.001301408329434102 -0.0028205506704603585 -0.012985751551930415 8.0581666869691555e-06 0.0032735960929723071 -0.0055397119792934867 0.00012204630514616969 -0.0054565182373847391 8.408933136332662e-06 -0.0017908523620006967 0.00081736186936796559 -0.011592333033805378 -0.005522259041519326 0.00055570569055973156 -0.0019987194982801627 6.205153134783626e-05 0.00015152318490277916 -0.0021254542407427982 0.00010972326372889166 -0.00070888491335977346 0.0002006982437301263 0.00030902072284299533 0.0002339920202740932 0.0091344998553141068 -0.00296572021169343 0.00013431037588276909 0.0015611839406172721
leaf_weight=3271 20 2797 22 26 26 23 20 26 38 25 20 27 24 25 24 21 23 22 115 20 24 30 34 55 20 63 100 20 34 32
leaf_count=3271 20 2797 22 26 26 23 20 26 38 25 20 27 24 25 24 21 23 22 115 20 24 30 34 55 20 63 100 20 34 32
internal_value=-0.0191639 0.00348688 -0.0448482 -0.000923159 -0.00454545 -0.00958333 -0.00209459 0.000188285 -0.000499154 0.000117541 -0.00140138 -0.000576208 -0.00485915 -0.00489583 -0.00697183 -0.00244681 -0.00214286 -0.00138298 0.0017803 0.000959596 -0.00101852 -0.00518518 0.00233607 0.000736434 0.00236842 0.00333333 0.0034127 -0.00125 0.00314815 0.00307692
internal_weight=7027 3734 3293 937 220 72 148 717 591 553 289 269 71 96 71 47 49 47 264 198 108 54 244 129 95 90 126 40 54 52
internal_count=7027 3734 3293 937 220 72 148 717 591 553 289 269 71 96 71 47 49 47 264 198 108 54 244 129 95 90 126 40 54 52
is_linear=0
shrinkage=0.05


Tree=48
num_leaves=31
num_cat=0
split_feature=0 18 14 11 18 0 13 18 1 18 2 4 10 1 15 4 3 4 1 16 2 1 15 4 4 4 6 6 5 4
split_gain=1632.52 9.40268 4.51509 0.873757 1.20274 1.41999 1.77086 0.922356 1.55571 0.535469 2.09834 0.455319 1.68338 0.517323 0.614138 0.60982 0.707143 0.658194 0.662553 1.01104 0.501998 0.601579 0.403994 0.325099 0.15873 0.347222 0.69 0.145946 0.127273 0.123077
threshold=3.5000000000000004 16.925164077768795 6.3656501350523191 14.777337057572906 11.65507556490194 112.50000000000001 0.19256210093588735 7.3979599529612505 66.700000000000003 1.0000000180025095e-35 7.5000000000000009 12.15 0.7440763776038376 136.25000000000003 8.9079150724814919 14.15 30.150000000000002 17.950000000000003 11.350000000000003 20.10298157753639 67.500000000000014 165.90000000000003 6.1210693541199941 5.0500000000000007 10.15 8.9500000000000011 5.5000000000000009 17.500000000000004 63.500000000000007 9.8500000000000032
decision_type=2 2 2 2 2 2 2 2 2 2 2 2 2 2 2 2 2 2 2 2 2 2 2 2 2 2 2 2 2 2
left_child=2 3 -1 9 5 7 -7 8 22 -2 -11 20 13 14 15 16 -13 -17 -19 -20 23 -22 -5 -12 25 -25 -27 -15 -6 -9
right_child=1 -3 -4 4 28 6 -8 29 -10 10 11 12 -14 27 -16 17 -18 18 19 -21 21 -23 -24 24 -26 26 -28 -29 -30 -31
leaf_value=0 3.354595305115221e-05 0.36523604108148261 0 0.00084046604224306289 0.025064466653544226 -0.010991945729438811 -0.0015398518452051666 0.00019031945502644474 -0.0034307574176620295 -0.00036464989417104302 -0.00016002570744012214 -0.0045555033031968442 -0.0063869517748967181 0.011011481131429584 -0.0052029693115323216 0.00046694369969619247 -0.00048022413583304139 0.00018710224147649854 -0.0020112557908399074 0.00042909374256373128 -0.0086421630142222792 0.0065838505702394403 -0.0049269931488588464 0.00033232177988569178 0.00081592872622657936 0.0014407773016476026 -0.0024625479178588361 0.00031138370289783616 -0.00069335769116710046 0.0015131881856600068
leaf_weight=3271 52 2752 22 27 35 36 33 20 20 22 26 20 24 54 21 81 35 38 26 42 27 24 23 96 80 23 25 20 20 32
leaf_count=3271 52 2752 22 27 35 36 33 20 20 22 26 20 24 54 21 81 35 38 26 42 27 24 23 96 80 23 25 20 20 32
internal_value=-0.0191853 0.00344671 -0.0448482 -0.000753564 -0.00333333 -0.00520942 -0.010942 -0.00196721 -0.00571429 0.000108696 -0.000263158 0.000241692 -0.000955678 -4.45102e-05 -0.00108365 -0.000371901 -0.005 0.000989305 -0.00160377 -0.00455882 0.00167774 -0.00284314 -0.001 0.0026 0.00321429 0.00222222 -0.00125 0.00364865 0.00318182 0.00307692
internal_weight=7027 3734 3293 982 246 191 69 122 70 736 684 662 361 337 263 242 55 187 106 68 301 51 50 250 224 144 48 74 55 52
internal_count=7027 3734 3293 982 246 191 69 122 70 736 684 662 361 337 263 242 55 187 106 68 301 51 50 250 224 144 48 74 55 52
is_linear=0
shrinkage=0.05


Tree=49
num_leaves=31
num_cat=0
split_feature=0 18 14 11 18 0 13 18 1 18 2 1 1 15 15 1 15 9 4 3 6 17 4 9 17 0 6 5 4 14
split_gain=1633.42 9.01088 4.51509 0.944099 1.20274 1.41999 1.77086 0.922356 1.55571 0.506134 2.13892 0.415518 0.636409 1.23612 0.403994 0.347884 0.689861 0.347826 0.345407 1.02739 0.527782 0.378364 0.592717 0.293255 0.351906 0.16648 0.138005 0.127273 0.123077 0.0909002
threshold=3.5000000000000004 16.925164077768795 6.3656501350523191 14.777337057572906 11.65507556490194 112.50000000000001 0.19256210093588735 7.3979599529612505 66.700000000000003 1.0000000180025095e-35 7.5000000000000009 265.30000000000001 136.25000000000003 9.3593102307811442 6.1210693541199941 10.450000000000001 0.47292095754029562 0.77214943412548942 12.15 25.350000000000005 96.500000000000014 24.971709499323918 18.250000000000004 -0.75827772016127548 27.966614433232717 43.500000000000007 35.500000000000007 63.500000000000007 9.8500000000000032 2.6876011572969776
decision_type=2 2 2 2 2 2 2 2 2 2 2 2 2 2 2 2 2 2 2 2 2 2 2 2 2 2 2 2 2 2
left_child=2 3 -1 9 5 7 -7 8 14 -2 -11 12 13 15 -5 -12 17 -17 20 -20 23 22 -21 24 -18 -23 -14 -6 -9 -3
right_child=1 29 -4 4 27 6 -8 28 -10 10 11 -13 26 -15 -16 16 18 -19 19 21 -22 25 -24 -25 -26 -27 -28 -29 -30 -31
leaf_value=0 3.1868655398594602e-05 0.060459553537263157 0 0.00079844274013090319 0.023811243320866995 -0.010442348442966886 -0.0014628592529449056 0.00018080348227510532 -0.0032592195467789423 -0.00034641739946249077 0.00054193260627097999 -0.0080882859505131965 0.009537745628308553 -0.0050623349516827057 -0.0046806434914159227 -0.0015511305437814964 -0.0004848080279536247 3.5012402671687772e-05 -0.0035217409042389361 0.00019378785533509055 -0.0032493660927813391 0.00013228790952604709 -0.0019305073408563051 0.00026856642848084665 0.00083780879500849198 0.00016328308817312883 0.00029581451775298809 -0.00065868980660873017 0.0014375287763770048 0.37930083657257296
leaf_weight=3271 52 42 22 27 35 36 33 20 20 22 56 22 106 25 23 23 31 23 32 30 36 76 21 100 24 37 20 20 32 2710
leaf_count=3271 52 42 22 27 35 36 33 20 20 22 56 22 106 25 23 23 31 23 32 30 36 76 21 100 24 37 20 20 32 2710
internal_value=-0.0191782 0.0034601 -0.0448482 -0.000651731 -0.00333333 -0.00520942 -0.010942 -0.00196721 -0.00571429 0.000244565 -0.000116959 0.000392749 0.000625 -0.000155642 -0.001 0.000398773 -8.08312e-05 -0.00586956 0.000607235 -0.000867347 0.00212042 0.000731707 -0.00284314 0.0033871 0.000454546 0.00234513 0.00380952 0.00318182 0.00307692 0.00492733
internal_weight=7027 3734 3293 982 246 191 69 122 70 736 684 662 640 514 50 489 433 46 387 196 191 164 51 155 55 113 126 55 52 2752
internal_count=7027 3734 3293 982 246 191 69 122 70 736 684 662 640 514 50 489 433 46 387 196 191 164 51 155 55 113 126 55 52 2752
is_linear=0
shrinkage=0.05


Tree=50
num_leaves=31
num_cat=0
split_feature=0 18 14 11 18 0 13 18 1 18 2 15 1 1 15 18 1 4 13 16 18 4 12 12 17 0 17 1 4 5
split_gain=1632.52 9.1761 4.51509 0.908587 1.20274 1.41999 1.77086 0.922356 1.55571 0.520698 1.53468 0.403994 0.397145 0.646646 0.899041 0.9 0.357743 0.61308 0.687537 0.625 0.352535 0.804762 0.240509 0.40814 0.423208 0.164914 0.266062 0.159046 0.190398 0.127273
threshold=3.5000000000000004 16.925164077768795 6.3656501350523191 14.777337057572906 11.65507556490194 112.50000000000001 0.19256210093588735 7.3979599529612505 66.700000000000003 1.0000000180025095e-35 7.5000000000000009 6.1210693541199941 265.30000000000001 140.00000000000003 8.7747063781931871 8.0413689877169379 11.850000000000003 20.450000000000003 0.016418838862559248 20.495431898555399 5.2118986363581756 10.850000000000003 104.12839838725431 88.323431052878433 29.951983373998925 13.500000000000002 25.476709167500847 37.050000000000004 9.9500000000000011 63.500000000000007
decision_type=2 2 2 2 2 2 2 2 2 2 2 2 2 2 2 2 2 2 2 2 2 2 2 2 2 2 2 2 2 2
left_child=2 3 -1 9 5 7 -7 8 11 -2 -11 -5 13 14 16 -16 25 18 -18 -19 22 -22 23 -20 -25 -12 -27 28 -24 -6
right_child=1 -3 -4 4 29 6 -8 -9 -10 10 12 -13 -14 -15 15 -17 17 19 20 -21 21 -23 27 24 -26 26 -28 -29 -30 -31
leaf_value=0 3.027522262866487e-05 0.3280091971987798 0 0.00075852060312435162 0.022620681154823609 -0.0099202310208185481 -0.0013897162902976844 0.0013348337189934053 -0.0030962585694399984 -0.00032909652948936617 0.000355479157275618 -0.0044466113168451149 -0.0076838716529875062 0.0077502952940815897 -0.0051259616522187391 0.0017807952964055366 -0.00087070419174631103 -0.0018153881155195256 0.00064896024289986317 0.00034249054521286702 0.00047898753729955939 -0.0035906091651990665 -1.1854849344407492e-05 -0.0012984590723096594 0.00028946911656011984 -0.00068626984065406631 9.7577188167280156e-05 0.0042560745232895249 0.0005050976040087287 -0.00062575531627833607
leaf_weight=3271 52 2752 22 27 35 36 33 52 20 22 50 23 22 121 20 20 29 20 26 20 40 30 31 37 23 27 22 63 61 20
leaf_count=3271 52 2752 22 27 35 36 33 52 20 22 50 23 22 121 20 20 29 20 26 20 40 30 31 37 23 27 22 63 61 20
internal_value=-0.0191853 0.00344671 -0.0448482 -0.000702647 -0.00333333 -0.00520942 -0.010942 -0.00196721 -0.00571429 0.000176631 -0.000190058 -0.001 0.000241692 0.00046875 -0.000298651 -0.0075 0.000302714 -0.000394737 0.000294118 -0.00625 0.000980708 -0.00214286 0.00188797 -0.000232558 -0.0025 0.0029798 0.000918368 0.00306452 0.00173913 0.00318182
internal_weight=7027 3734 3293 982 246 191 69 122 70 736 684 50 662 640 519 40 479 380 340 40 311 70 241 86 60 99 49 155 92 55
internal_count=7027 3734 3293 982 246 191 69 122 70 736 684 50 662 640 519 40 479 380 340 40 311 70 241 86 60 99 49 155 92 55
is_linear=0
shrinkage=0.05


Tree=51
num_leaves=31
num_cat=0
split_feature=0 18 14 4 1 17 11 17 18 2 0 0 16 4 1 15 13 3 15 2 12 17 6 5 12 0 3 4 4 10
split_gain=1633.42 9.01088 4.51509 0.896937 1.3705 1.68362 0.730695 0.876587 0.500261 1.51243 0.443009 2.0096 0.613636 0.735225 0.514005 0.592034 0.4 0.344603 0.731071 0.432366 0.389378 0.230474 0.339093 0.525932 0.350328 0.20771 0.188556 0.179348 0.10855 0.0998066
threshold=3.5000000000000004 16.925164077768795 6.3656501350523191 19.750000000000004 15.150000000000002 24.971709499323918 13.584800565826358 25.959126420921944 1.0000000180025095e-35 7.5000000000000009 141.50000000000003 112.50000000000001 21.62943343299418 13.15 140.00000000000003 8.7747063781931871 0.12995949596150133 30.250000000000004 5.6978966220976872 9.5000000000000018 251.86542133066112 29.951983373998925 7.5000000000000009 64.500000000000014 88.323431052878433 172.50000000000003 38.45000000000001 22.650000000000002 6.0500000000000007 -0.8140159405215136
decision_type=2 2 2 2 2 2 2 2 2 2 2 2 2 2 2 2 2 2 2 2 2 2 2 2 2 2 2 2 2 2
left_child=2 3 -1 8 -5 16 27 -8 -2 -10 11 14 13 -13 15 17 -6 18 20 -19 21 22 23 -11 -24 -12 28 -7 -21 -30
right_child=1 -3 -4 4 5 6 7 -9 9 10 25 12 -14 -15 -16 -17 -18 19 -20 26 -22 -23 24 -25 -26 -27 -28 -29 29 -31
leaf_value=0 4.2725762513722331e-05 0.31160873733884081 0 0.00015696816562464242 -0.0020262875569410318 7.0662483957086668e-05 0.0012676828062738598 -0.0038898828872942631 -0.00031264170301489804 -0.0015528368822000076 0.0028402165206606392 -0.010267864556485824 6.0670782715448526e-06 -0.0018740325434364984 0.030153773579840577 -0.0045880149600204239 -0.012974225916714427 -0.00082438274956511063 -0.0043081839857014399 2.0417072373586336e-05 -0.0022993553708304739 0.00099819509435586633 0.00047318273969749851 0.00027845993968515429 -0.0021441551717115712 0.0025181194021666022 2.3178027169777161e-05 0.0047031596171140961 0.00013887536581408107 0.00056908828037598256
leaf_weight=3271 48 2752 22 43 20 24 21 24 22 33 80 21 22 23 59 36 20 20 31 20 23 49 47 32 39 26 36 22 55 86
leaf_count=3271 48 2752 22 43 20 24 21 24 22 33 80 21 22 23 59 36 20 20 31 20 23 49 47 32 39 26 36 22 55 86
internal_value=-0.0191782 0.0034601 -0.0448482 -0.000651731 -0.00390805 -0.00645038 -0.00269231 -0.00722222 4.95051e-05 -0.000263158 0.000121951 -0.000379747 -0.00863636 -0.0120455 0.000583039 6.90337e-05 -0.015 0.000541401 -0.000708661 0.00200461 0.00029148 0.001 3.31128e-05 -0.00269231 0.00209302 0.00311321 0.00271574 0.00173913 0.00344721 0.00393617
internal_weight=7027 3734 3293 982 174 131 91 45 808 760 738 632 66 44 566 507 40 471 254 217 223 200 151 65 86 106 197 46 161 141
internal_count=7027 3734 3293 982 174 131 91 45 808 760 738 632 66 44 566 507 40 471 254 217 223 200 151 65 86 106 197 46 161 141
is_linear=0
shrinkage=0.05


Tree=52
num_leaves=31
num_cat=0
split_feature=0 13 14 3 11 1 6 13 0 0 1 18 2 9 9 6 10 3 1 4 4 1 4 4 16 2 4 5 1 3
split_gain=1629.8 9.3969 4.51509 0.866386 1.62638 2.71515 1.22187 1.70537 1.11701 0.826123 0.601181 0.653572 1.34579 0.840635 0.52743 0.607293 0.491497 0.467047 0.515376 0.645333 0.653185 0.820755 0.622241 0.438208 0.314006 0.344729 0.259286 0.323077 0.144048 0.111111
threshold=3.5000000000000004 0.2557677537516248 6.3656501350523191 31.350000000000005 18.625284776990629 91.950000000000017 34.500000000000007 0.13904003539040038 14.500000000000002 141.50000000000003 1.0000000180025095e-35 7.3979599529612505 64.500000000000014 0.12447811117596704 0.021515898191483886 79.500000000000014 -0.43663505800854857 30.150000000000002 21.600000000000005 12.15 14.050000000000002 81.050000000000011 12.15 22.450000000000003 20.901314366683639 31.500000000000004 10.450000000000001 20.500000000000004 29.750000000000004 35.150000000000013
decision_type=2 2 2 2 2 2 2 2 2 2 2 2 2 2 2 2 2 2 2 2 2 2 2 2 2 2 2 2 2 2
left_child=2 3 -1 10 6 -6 8 14 -5 -9 -2 12 17 16 15 -8 -13 18 22 24 -21 -22 -12 26 25 -20 27 -10 -28 -16
right_child=1 -3 -4 4 5 -7 7 9 23 -11 11 13 -14 -15 29 -17 -18 -19 19 20 21 -23 -24 -25 -26 -27 28 -29 -30 -31
leaf_value=0 4.9314246579597678e-05 0.33725883832591463 0 -0.00078316361167167373 0.0010486583820488956 -0.010690447778228303 7.423537223495824e-05 -0.011360678986278246 6.5124312581773123e-05 -0.011909287013293985 -0.0028257834903272446 0.0078590385687188399 -0.0045011066538966282 0.0075593618560229232 0.00027440998111355588 -0.0018536185134593092 -0.011094177777259007 0.00017243841770915884 0.0015272834160289859 -0.0030265434987735516 0.001028271954229135 -0.0033880413495354861 -0.000771706191390377 -0.0015525264301680037 0.00029582219815704421 -0.0022676150408673106 0.00017704179357972032 -0.0001257317364190194 0.0018624153535791721 8.608356827256251e-06
leaf_weight=3271 105 2696 22 30 22 20 25 25 21 23 20 21 35 122 25 27 28 36 27 22 29 24 26 28 73 25 20 39 120 20
leaf_count=3271 105 2696 22 30 22 20 25 25 21 23 20 21 35 122 25 27 28 36 27 22 29 24 26 28 73 25 20 39 120 20
internal_value=-0.0192066 0.00340653 -0.0448482 -0.000635838 -0.00230337 -0.0116667 -0.00132754 -0.005 0.000736434 -0.0127083 0.000615515 -0.000122951 -0.00146688 0.00236842 -0.00118557 -0.00461538 -0.00316327 -0.000319149 -0.00109756 1.86265e-10 -0.00366667 -0.000660377 -0.00586956 0.00192982 0.0022 -0.000769231 0.00275 1.86265e-10 0.00392857 0.00277778
internal_weight=7027 3734 3293 1038 445 42 403 145 258 48 593 488 317 171 97 52 49 282 246 200 75 53 46 228 125 52 200 60 140 45
internal_count=7027 3734 3293 1038 445 42 403 145 258 48 593 488 317 171 97 52 49 282 246 200 75 53 46 228 125 52 200 60 140 45
is_linear=0
shrinkage=0.05


Tree=53
num_leaves=31
num_cat=0
split_feature=0 13 14 17 11 2 0 3 11 0 2 15 0 12 8 5 16 6 15 1 5 5 4 9 6 17 17 16 16 9
split_gain=1629.8 8.60812 4.51509 0.823772 1.19256 1.32127 1.63798 2.0349 2.72727 0.743912 0.696591 0.430588 1.71965 0.816807 0.423314 0.758616 0.705473 0.55102 0.365775 0.463289 0.408342 0.563302 0.388114 0.35225 0.345682 0.888961 0.333213 0.295656 0.254669 0.220848
threshold=3.5000000000000004 0.26738389479373087 6.3656501350523191 28.965316760359652 15.747718155297029 126.50000000000001 112.50000000000001 31.350000000000005 18.625284776990629 85.500000000000014 69.500000000000014 8.1201165864714167 141.50000000000003 277.08748157180645 -0.12940952255126037 72.500000000000014 22.59644525644368 8.5000000000000018 3.6704877887549352 11.850000000000003 36.500000000000007 45.500000000000007 15.850000000000003 0.22611359161738889 1.0000000180025095e-35 26.216152394423652 24.322168630696982 16.907469128418853 19.539191340334892 0.97692944606901266
decision_type=2 2 2 2 2 2 2 2 2 2 2 2 2 2 2 2 2 2 2 2 2 2 2 2 2 2 2 2 2 2
left_child=2 3 -1 4 11 6 9 -8 -9 -6 14 18 13 -13 15 16 -5 -18 19 26 22 -22 -21 -14 -23 -26 27 -2 -11 -16
right_child=1 -3 -4 10 5 -7 7 8 -10 28 -12 12 23 -15 29 -17 17 -19 -20 20 21 24 -24 -25 25 -27 -28 -29 -30 -31
leaf_value=0 0.00028270598732442405 0.34769534529022739 0 -0.0044421416086172566 -0.005085103532771155 0.0090130681132225554 -0.0055340482095665045 -0.0086657775415034891 -0.014689078091750235 0.0020283946014798544 0.011387332389369618 -0.00082325896804928743 -0.002332982654587409 -0.01215865324334953 0.00023888361147309602 0.0033984497575311225 -0.00068432226382594049 8.2168604110925008e-06 0.00048731131609614149 0.00022355088874271903 -0.001816532502918018 0.00036710591308908162 -0.0005513776562535794 0.0023205925989344899 0.00025030883381624828 -0.00236608535380725 4.3336068855833985e-05 -0.00018047824416754979 -5.5309068716226199e-05 -0.0003381416229749329
leaf_weight=3271 25 2667 22 28 34 39 25 24 20 24 108 21 28 30 89 27 28 21 95 58 22 25 36 45 35 20 76 26 38 20
leaf_count=3271 25 2667 22 28 34 39 25 24 20 24 108 21 28 30 89 27 28 21 95 58 22 25 36 45 35 20 76 26 38 20
internal_value=-0.0192066 0.00340653 -0.0448482 -0.000388941 -0.00130027 -0.00455882 -0.00651515 -0.0123913 -0.0188636 -0.00229167 0.00172897 -7.38006e-05 -0.00266129 -0.00970588 7.04227e-05 -0.00221154 -0.00474026 -0.00112245 0.00069378 -0.000108359 -0.00163265 -0.00382353 0.000744681 0.00226027 -0.001875 -0.00409091 0.00224409 -0.000882353 0.000967742 0.00224771
internal_weight=7027 3734 3293 1067 746 204 165 69 44 96 321 542 124 51 213 104 77 49 418 323 196 102 94 73 80 55 127 51 62 109
internal_count=7027 3734 3293 1067 746 204 165 69 44 96 321 542 124 51 213 104 77 49 418 323 196 102 94 73 80 55 127 51 62 109
is_linear=0
shrinkage=0.05


Tree=54
num_leaves=31
num_cat=0
split_feature=0 18 14 0 0 4 14 2 9 17 16 15 6 9 10 13 11 3 9 3 5 15 0 3 5 1 5 17 16 12
split_gain=1628.9 8.1045 4.51509 1.01607 1.7415 1.09695 1.00429 1.40745 0.910539 0.626324 1.02897 0.647064 0.509422 0.722135 0.506674 0.412312 0.818976 0.4 0.335445 0.342149 0.54 0.310201 0.45217 0.258511 0.230481 0.199928 0.202443 0.444503 0.24662 0.15
threshold=3.5000000000000004 17.254734173883783 6.3656501350523191 112.50000000000001 131.50000000000003 23.050000000000004 2.8487798459573459 102.50000000000001 0.89001933454452098 24.971709499323918 19.514544174834274 8.1201165864714167 6.5000000000000009 -0.68702731818199647 -0.96227343267549392 0.10261641511641513 13.584800565826358 31.750000000000004 0.9927395293426734 15.350000000000003 72.500000000000014 2.1223980291267348 13.500000000000002 30.950000000000003 69.500000000000014 11.050000000000002 47.500000000000007 27.048635318204788 23.625828645450586 101.69097151102746
decision_type=2 2 2 2 2 2 2 2 2 2 2 2 2 2 2 2 2 2 2 2 2 2 2 2 2 2 2 2 2 2
left_child=2 3 -1 9 8 12 7 -3 17 10 11 21 -6 -14 -15 16 18 -5 19 20 -11 22 23 -2 -23 -21 28 -28 -27 -29
right_child=1 6 -4 4 5 -7 -8 -9 -10 15 -12 -13 13 14 -16 -17 -18 -19 -20 25 -22 24 -24 -25 -26 26 27 29 -30 -31
leaf_value=0 0.00012348728964938386 0.034072499932487357 0 -0.0073247279351977895 0.01036194628349711 -0.0074314961785429071 0.30368882841740036 -0.017129124440183753 -5.9885115807252649e-05 -0.0030002569404458234 -0.0013918306594516688 -0.0062344300604383219 -0.012159845656398591 -0.0072550644235076719 0.0020651549009777534 0.0032612844341172176 -0.0022194590650451338 -0.0078566571204110175 -0.00070813531700975171 3.7108136733149947e-05 0.00079464084029431676 0.00119096743412621 -0.0024853418815257199 -3.8785156558899236e-05 -0.00031296021333347479 0.00025005981322185462 -0.00030118381380136999 0.00022473739230550508 -0.00042204932997989071 -0.00051438433367379042
leaf_weight=3271 27 27 22 20 48 26 2690 20 21 24 29 28 26 25 63 92 28 20 28 58 25 50 38 20 39 156 22 40 20 24
leaf_count=3271 27 27 22 20 48 26 2690 20 21 24 29 28 26 25 63 92 28 20 28 58 25 50 38 20 39 156 22 40 20 24
internal_value=-0.0192137 0.00339314 -0.0448482 -0.000466399 -0.00323293 -0.000851064 0.00479905 -0.00244681 -0.0105738 0.000454546 -0.00170996 -0.000445544 0.000679013 -0.00114035 0.00102273 0.00142166 0.000764706 -0.015 0.00134761 0.00174797 -0.00214286 0.000689655 -0.00147059 0.00180851 0.00275281 0.00234375 0.00175573 -0.000232558 0.00272727 0.001875
internal_weight=7027 3734 3293 997 249 188 2737 47 61 748 231 202 162 114 88 517 425 40 397 369 49 174 85 47 89 320 262 86 176 64
internal_count=7027 3734 3293 997 249 188 2737 47 61 748 231 202 162 114 88 517 425 40 397 369 49 174 85 47 89 320 262 86 176 64
is_linear=0
shrinkage=0.05


Tree=55
num_leaves=31
num_cat=0
split_feature=0 18 14 14 3 13 1 18 17 4 6 14 16 12 3 18 16 13 1 1 1 1 4 11 0 5 14 14 6 16
split_gain=1625.28 8.30198 4.51509 1.04056 1.47786 0.87604 0.486187 0.929362 0.854341 1.64143 1.24783 0.915719 0.64 0.560616 0.481827 0.404372 0.50327 0.652273 0.720538 0.749362 0.547584 0.504666 0.400758 0.340005 0.977023 0.323239 0.194118 0.179944 0.179739 0.288288
threshold=3.5000000000000004 17.254734173883783 6.3656501350523191 4.2526681500937569 29.550000000000004 0.2557677537516248 1.0000000180025095e-35 0.230728433994417 24.971709499323918 19.750000000000004 96.500000000000014 18.03371149134092 19.345148003870403 75.719171964578763 32.250000000000007 2.4277964040312034 22.54037586692699 0.050286918463284168 83.600000000000009 111.65000000000002 96.800000000000026 203.95000000000002 11.65 9.7074194676674868 136.50000000000003 38.500000000000007 1.0000000180025095e-35 18.336630149162563 16.500000000000004 20.641970707962482
decision_type=2 2 2 2 2 2 2 2 2 2 2 2 2 2 2 2 2 2 2 2 2 2 2 2 2 2 2 2 2 2
left_child=2 5 -1 4 25 6 14 -8 9 10 13 -12 -11 -9 -2 28 17 -17 26 20 -20 23 -22 -21 -25 -3 -19 -15 29 -10
right_child=1 3 -4 -5 -6 -7 7 8 15 12 11 -13 -14 27 -16 16 -18 18 19 21 22 -23 -24 24 -26 -27 -28 -29 -30 -31
leaf_value=0 4.1941091620512836e-05 -0.0044546931628820733 0 0.32618242334708403 -0.016272668218174503 -0.014931907875530871 -0.00069558775364827769 -0.0016365609318196581 -6.9541715521215483e-05 -0.0015036955614264793 -0.0062896664336439942 0.00012440869445950022 -0.0077008546214488958 0.00041815353846461046 -0.00018996361426875443 -0.00080148641195670997 0.0015062003973561342 -0.00012738761301975244 -0.00015951061379504758 0.011334779680000573 -0.00037801489792736796 -0.001397114933485042 -0.0057260785996526104 -0.0040697312465475142 0.0015575756593903664 0.060768358743284567 0.000939807619185148 0.0023503716291969371 0.00035038977919047749 7.8961999516030237e-05
leaf_weight=3271 116 20 22 2646 20 28 22 33 24 20 26 20 25 64 21 20 108 30 38 43 24 27 20 20 51 51 55 33 55 74
leaf_count=3271 116 20 22 2646 20 28 22 33 24 20 26 20 25 64 21 20 108 30 38 43 24 27 20 20 51 51 55 33 55 74
internal_value=-0.0192422 0.00333958 -0.0448482 0.00476251 -0.000494505 -0.0005667 -0.000314757 -0.000769231 -0.000493827 -0.0031448 -0.000965909 -0.00804348 -0.0116667 0.00153846 0.00244526 0.000500849 -0.000275229 -0.00125 -0.000681818 -0.00217489 -0.00597561 3.54612e-05 -0.00977273 0.00149123 -0.000633803 0.00288732 0.00323529 0.00345361 0.00271242 0.00142857
internal_weight=7027 3734 3293 2737 91 997 969 832 810 221 176 46 45 130 137 589 436 328 308 223 82 141 44 114 71 71 85 97 153 98
internal_count=7027 3734 3293 2737 91 997 969 832 810 221 176 46 45 130 137 589 436 328 308 223 82 141 44 114 71 71 85 97 153 98
is_linear=0
shrinkage=0.05


Tree=56
num_leaves=31
num_cat=0
split_feature=0 0 14 17 15 15 9 0 1 15 6 9 12 18 18 9 4 14 4 4 4 3 15 4 5 17 1 14 12 6
split_gain=1625.28 8.05677 4.51509 0.949516 0.690026 0.574352 2.13348 1.19255 0.949398 0.934932 0.582512 1.36467 1.15346 1.47871 0.917397 0.734376 0.500356 0.380907 0.374171 0.323472 0.618757 0.446604 0.583825 0.534028 0.371136 0.408459 0.362621 0.358743 0.265637 0.506993
threshold=3.5000000000000004 221.50000000000003 6.3656501350523191 16.336118482280501 19.832521593855706 16.828496977471108 -0.99273952934267318 165.50000000000003 140.00000000000003 4.8190810540232869 58.500000000000007 0.51236666743397874 277.08748157180645 6.5200250492240439 5.8081195090771276 0.67125374152323958 4.5500000000000007 4.8068066522688966 20.450000000000003 12.15 14.15 31.750000000000004 1.9840114329365497 17.950000000000003 47.500000000000007 27.638710369513579 73.950000000000017 8.5026160070816434 273.4060019381904 6.5000000000000009
decision_type=2 2 2 2 2 2 2 2 2 2 2 2 2 2 2 2 2 2 2 2 2 2 2 2 2 2 2 2 2 2
left_child=2 3 -1 -2 5 8 -7 -8 9 16 11 18 13 14 -12 -13 -5 -3 -11 24 27 26 23 -23 -18 -26 -22 -21 -10 -30
right_child=1 17 -4 4 -6 6 7 -9 28 10 12 15 -14 -15 -16 -17 19 -19 -20 20 21 22 -24 -25 25 -27 -28 -29 29 -31
leaf_value=0 -0.01304398067928801 0.0081255609247210536 0 -9.2024640736919941e-05 0.0099293983184663426 -0.013901703386439118 -0.0040937323171351117 0.059896378243274401 0.022817164550926184 0.0015434791721803355 -0.00060411277943950921 -0.0053660028571238076 -0.01122962276916401 0.0015637551347085705 -0.0052703813443117295 -0.0010203403390655131 6.6465993670896143e-05 0.3637993279480119 -0.00085023834891306349 -0.0008665170912387825 0.00014991459395793867 2.0635781512327869e-05 0.00034306459259137871 -0.00085592371303092106 0.00014492127717479028 -0.00034167765080316925 -0.00078839068423300026 6.4752912232558148e-05 0.0078510078382839649 -0.00091325833045655862
leaf_weight=3271 39 23 22 21 86 26 21 48 128 72 22 20 28 34 21 37 106 2566 26 41 83 21 44 22 62 32 20 30 29 26
leaf_count=3271 39 23 22 21 86 26 21 48 128 72 22 20 28 34 21 37 106 2566 26 41 83 21 44 22 62 32 20 30 29 26
internal_value=-0.0192422 0.00333958 -0.0448482 -0.000152838 0.000117541 -0.000245098 -0.00394737 0.000652174 0.000135135 -0.000660377 -0.00307692 -0.00112903 -0.00595238 -0.00279221 -0.00895349 -0.0072807 0.000643154 0.00488413 0.00244898 0.000986985 -0.000172414 0.00131579 -0.00132184 -0.00546512 0.0025 0.000212766 0.00354369 -0.00415493 0.00336066 0.000454546
internal_weight=7027 3734 3293 1145 1106 1020 95 69 925 742 260 155 105 77 43 57 482 2589 98 461 261 190 87 43 200 94 103 71 183 55
internal_count=7027 3734 3293 1145 1106 1020 95 69 925 742 260 155 105 77 43 57 482 2589 98 461 261 190 87 43 200 94 103 71 183 55
is_linear=0
shrinkage=0.05


Tree=57
num_leaves=31
num_cat=0
split_feature=0 18 14 14 13 10 13 16 11 18 4 4 3 13 5 3 15 10 4 18 1 15 0 3 4 1 9 3 14 11
split_gain=1622.58 8.18621 4.51509 1.71506 1.21573 1.53146 0.833313 0.808595 0.510831 0.639628 0.529348 0.771834 0.486057 2.87537 0.965073 0.415306 0.593666 0.614159 0.364741 0.353107 1.12873 0.834009 0.455047 0.329221 0.281808 0.398748 0.521783 0.237216 0.236014 0.228154
threshold=3.5000000000000004 18.27923973132707 6.3656501350523191 39.551293351105578 0.26738389479373087 0.0043035382962440553 0.2557677537516248 17.191465796720639 8.3798494190755601 15.339071760111681 13.250000000000002 14.050000000000002 33.850000000000001 0.16107804324354255 30.500000000000004 31.750000000000004 1.9840114329365497 -0.57022117041332276 5.2500000000000009 7.3979599529612505 96.800000000000026 6.3743735143443683 115.50000000000001 31.350000000000005 12.15 59.150000000000013 -0.68702731818199647 9.0500000000000025 11.179730910671216 -1.198049777575469
decision_type=2 2 2 2 2 2 2 2 2 2 2 2 2 2 2 2 2 2 2 2 2 2 2 2 2 2 2 2 2 2
left_child=2 3 -1 6 5 -3 8 -8 10 12 27 -12 18 -14 -15 -13 17 -17 -10 20 21 24 -21 -24 -20 -26 -27 -2 -18 -29
right_child=1 4 -4 -5 -6 -7 7 -9 9 -11 11 15 13 14 -16 16 28 -19 19 22 -22 -23 23 -25 25 26 -28 29 -30 -31
leaf_value=0 -0.00039088726065763672 -0.0111742525232651 0 -0.00632893401711175 0.31436619862061493 0.035256806809635166 -0.014799663935770719 0.0056586132601662044 -0.0018228253846948547 0.022761850918153848 -0.0012143178122853888 0.0001196953979002773 -0.0072616197415137614 0.0013985360777845131 -0.006629771281003189 -0.00076756503716130073 0.0004469162343245462 2.2473411308175862e-05 0.00036578275522175735 0.0014172225254571898 -0.0034649452954139941 -0.0023306799096414277 0.006300972439622507 -0.0044655551652478349 0.0018864685416007381 0.0043473155902790375 -0.0014626421288453976 4.9117463279366906e-05 4.3873110580319991e-05 8.1346777058036924e-05
leaf_weight=3271 20 29 22 20 2629 49 21 20 21 40 31 84 35 68 28 25 30 22 49 76 29 28 20 22 26 22 23 71 22 174
leaf_count=3271 20 29 22 20 2629 49 21 20 21 40 31 84 35 68 28 25 30 22 49 76 29 28 20 22 26 22 23 71 22 174
internal_value=-0.0192636 0.00329941 -0.0448482 -0.00050146 0.00474141 -0.00141026 -0.000213505 -0.00719512 8.28159e-05 -0.00105749 0.00124217 -0.000607476 -0.00159955 -0.00416031 0.0003125 0.000628415 -0.00156566 -0.0056383 -0.000537974 -8.47456e-05 -0.00149717 0.00027027 0.0020339 -0.00214286 0.00208333 7.04227e-05 -0.00277778 0.00273585 0.00211538 0.00316327
internal_weight=7027 3734 3293 1027 2707 78 1007 41 966 487 479 214 447 131 96 183 99 47 316 295 177 148 118 42 120 71 45 265 52 245
internal_count=7027 3734 3293 1027 2707 78 1007 41 966 487 479 214 447 131 96 183 99 47 316 295 177 148 118 42 120 71 45 265 52 245
is_linear=0
shrinkage=0.05


Tree=58
num_leaves=31
num_cat=0
split_feature=0 0 14 17 9 2 0 0 10 0 1 3 13 14 18 2 5 6 5 10 4 12 12 3 9 1 0 1 1 2
split_gain=1626.19 7.64022 4.51509 0.860708 0.872497 2.95798 1.2723 0.981093 1.23461 0.823529 0.630678 0.589687 0.478139 0.463768 0.430242 1.6423 1.82166 0.432102 0.677583 0.367318 0.595238 0.339014 0.674402 0.569777 0.540346 0.728139 0.332627 0.328474 0.604696 0.655968
threshold=3.5000000000000004 248.50000000000003 6.3656501350523191 16.336118482280501 -0.99273952934267318 101.50000000000001 148.50000000000003 112.50000000000001 -0.70250145193066593 136.50000000000003 133.95000000000002 34.350000000000001 0.2557677537516248 25.048422152172336 5.2118986363581756 71.500000000000014 87.500000000000014 23.500000000000004 66.500000000000014 -0.96227343267549392 18.750000000000004 88.323431052878433 112.65631636397849 31.550000000000004 0.89773508019357628 69.65000000000002 235.50000000000003 38.750000000000007 27.850000000000005 36.500000000000007
decision_type=2 2 2 2 2 2 2 2 2 2 2 2 2 2 2 2 2 2 2 2 2 2 2 2 2 2 2 2 2 2
left_child=2 3 -1 12 5 -5 7 10 11 13 14 -9 -2 -10 21 16 17 -16 -19 20 -8 23 24 -6 25 -23 -21 28 -24 -30
right_child=1 -3 -4 4 6 -7 19 8 9 -11 -12 -13 -14 -15 15 -17 -18 18 -20 26 -22 22 27 -25 -26 -27 -28 -29 29 -31
leaf_value=0 -0.00053750600208642043 0.37932675646376363 0 0.017659941888928606 4.8290451728906763e-05 -0.014766254001349167 0.0056644702581400801 -0.0036999960187316704 -0.00053986267431972712 0.010312302596846261 0.026781052698340468 -0.0070367579318533387 -0.014069473477906061 -0.0038308478602998002 -0.0027946389113791773 0.00050178922548207809 0.0076409801072392716 -0.00093160512442089997 -0.0041160941381256687 0.013662092525218203 -0.010042965085312721 -0.0022268972226930669 4.6969340561685349e-05 -0.00025746207797230008 2.5793891166004064e-05 -1.6075240996966604e-06 0.0028476080680397533 0.0046409584483735611 -0.00086266978594410704 0.00021287205554927532
leaf_weight=3271 22 2502 22 34 116 22 21 20 27 35 67 23 20 23 20 86 23 21 23 248 21 20 137 20 33 22 22 44 39 23
leaf_count=3271 22 2502 22 34 116 22 21 20 27 35 67 23 20 23 20 86 23 21 23 248 21 20 137 20 33 22 22 44 39 23
internal_value=-0.0192351 0.00335297 -0.0448482 0.00012987 0.000378151 -0.00571429 0.000679013 -0.000352798 -0.004375 -0.000882353 0.000389049 -0.0112791 -0.00690476 -0.005 -0.000103668 -0.00222543 -0.00706897 -0.0114062 -0.00863636 0.00339744 -0.000952381 0.000704846 -0.000188679 0.00279412 -0.00433333 -0.00809524 0.00407407 0.00109054 0.000226131 -0.00387097
internal_weight=7027 3734 3293 1232 1190 56 1134 822 128 85 694 43 42 50 627 173 87 64 44 312 42 454 318 136 75 42 270 243 199 62
internal_count=7027 3734 3293 1232 1190 56 1134 822 128 85 694 43 42 50 627 173 87 64 44 312 42 454 318 136 75 42 270 243 199 62
is_linear=0
shrinkage=0.05


Tree=59
num_leaves=31
num_cat=0
split_feature=0 0 14 9 2 1 18 18 4 10 10 10 15 10 0 10 4 6 9 10 10 2 9 13 16 9 4 3 3 17
split_gain=1623.48 7.83582 4.51509 0.779375 2.95798 1.19012 0.648881 1.14755 0.662162 0.626443 0.54645 0.517882 0.500192 0.489517 0.660837 0.960317 0.54131 0.519697 0.444542 0.358697 0.505004 0.341629 0.395623 0.425037 0.436868 0.36329 0.333333 0.25485 0.260207 0.255871
threshold=3.5000000000000004 248.50000000000003 6.3656501350523191 -0.99273952934267318 101.50000000000001 142.90000000000003 5.2118986363581756 6.5200250492240439 12.450000000000001 -0.2511900638848194 -0.52705818521824699 0.98367285631203072 6.6433579000110505 -0.8140159405215136 157.50000000000003 -0.90146829171281539 14.450000000000001 24.500000000000004 0.9821165111257959 -0.98518361333263327 -0.9523422988233432 40.500000000000007 -0.40147311773604372 0.043850027340466342 20.63128492321837 0.97692944606901266 17.550000000000004 39.650000000000013 15.65 24.389356109514875
decision_type=2 2 2 2 2 2 2 2 2 2 2 2 2 2 2 2 2 2 2 2 2 2 2 2 2 2 2 2 2 2
left_child=2 3 -1 4 -2 6 19 8 -8 10 12 18 -9 14 15 17 -15 -14 -7 -5 -21 22 23 24 -22 27 -16 28 -24 -30
right_child=1 -3 -4 5 -6 11 7 9 -10 -11 -12 -13 13 16 26 -17 -18 -19 -20 20 21 -23 25 -25 -26 -27 -28 -29 29 -31
leaf_value=0 0.016776944794482156 0.36036041864057533 0 0.00031187086789861567 -0.014027941301281778 0.015216462100466573 -0.0015461840401770081 0.00164651414453423 -0.0032156206297107022 0.0091973246793956836 -0.0044911067144720795 -0.0019381834633596701 0.00076905356643521862 -0.004494545009522938 0.0012994556291897981 -0.0086706216637335541 0.00047768093909794174 -0.0099619376896530696 -0.00049811020378779693 -8.486501534225471e-05 4.8023651968853007e-05 0.00099228798846546606 -0.00025999803649010185 -0.0020025901127571038 -0.00019308848862193662 -0.00014048691123879636 -0.0048655719942199754 -0.00020102850555204336 -0.00042606077898968674 7.824880594186049e-05
leaf_weight=3271 34 2502 22 41 22 286 37 27 37 65 20 20 20 27 30 21 38 22 36 32 51 58 20 27 28 44 20 27 25 117
leaf_count=3271 34 2502 22 41 22 286 37 27 37 65 20 20 20 27 30 21 38 22 36 32 51 58 20 27 28 44 20 27 25 117
internal_value=-0.0192564 0.0033128 -0.0448482 4.87015e-05 -0.00571429 0.000323129 -0.000695443 -0.00228022 -0.00783784 -0.000862069 -0.00211111 0.00280702 -0.00134146 -0.00230337 -0.00429204 -0.00769841 0.00115385 -0.00333333 0.00329193 0.000531915 0.000104895 0.00059194 -1.47491e-05 -0.00254717 -0.000696202 0.00113734 1.86265e-10 0.00208995 0.00283951 0.00359155
internal_weight=7027 3734 3293 1232 56 1176 834 364 74 290 225 342 205 178 113 63 65 42 322 470 429 397 339 106 79 233 50 189 162 142
internal_count=7027 3734 3293 1232 56 1176 834 364 74 290 225 342 205 178 113 63 65 42 322 470 429 397 339 106 79 233 50 189 162 142
is_linear=0
shrinkage=0.05


Tree=60
num_leaves=31
num_cat=0
split_feature=0 13 14 1 3 14 0 4 18 15 18 15 18 1 6 16 16 3 9 0 12 9 4 10 6 11 18 9 16 4
split_gain=1623.48 7.7251 4.51509 0.815963 0.75167 0.847723 1.86859 0.664067 0.777847 0.654762 0.629536 1.07231 0.621377 0.593472 0.506668 0.527095 0.49629 0.744698 0.677352 0.38147 0.386847 0.319165 0.299514 0.294554 0.260143 0.277175 0.812698 0.252613 0.227873 0.285431
threshold=3.5000000000000004 0.30584636840520457 6.3656501350523191 333.15000000000003 31.350000000000005 5.5760615035434951 115.50000000000001 21.750000000000004 9.2504185900504137 2.8589336441309938 7.3979599529612505 6.3743735143443683 18.8915876476247 14.050000000000002 95.500000000000014 19.480638345519537 21.823300973071337 25.250000000000004 0.94417876540878176 14.500000000000002 74.891342591732737 0.99052327954040398 18.850000000000005 0.88201535311751311 3.5000000000000004 9.0148382226535997 8.2073838487936044 1.0000000180025095e-35 20.901314366683639 14.050000000000002
decision_type=2 2 2 2 2 2 2 2 2 2 2 2 2 2 2 2 2 2 2 2 2 2 2 2 2 2 2 2 2 2
left_child=2 3 -1 4 10 6 19 14 9 -9 11 13 -3 -2 21 -16 22 18 -18 -6 -21 24 28 -12 -7 -26 -27 -28 29 -15
right_child=1 12 -4 -5 5 7 -8 8 -10 -11 23 -13 -14 16 15 -17 17 -19 -20 20 -22 -23 -24 -25 25 26 27 -29 -30 -31
leaf_value=0 4.1557101716657865e-05 -0.0086441810203171359 0 -0.010796591779823592 -0.00024116129218208985 0.0012772192526346177 -0.0045635149958205444 -0.00078166832062974412 -0.003505298618709659 0.00045739269279566777 0.0076747810940355904 -0.0033639838860769558 0.32949058821178123 -0.0001681226789160253 -0.0058484969085788544 0.00042723591711243638 -0.0026802582198470772 0.00066463786293970736 -2.3408463850668425e-06 0.00067581879869452232 -0.00093214924187440544 -0.000613646302239547 -0.0013935797256241405 -0.0018412742901917118 3.9100084728712241e-05 -0.0091397960039473758 -0.00098716827444582356 0.001179621928892651 0.00025280275878471263 0.003745521715925933
leaf_weight=3271 136 25 22 25 20 76 21 20 23 22 216 39 2544 79 30 27 20 23 21 25 22 21 20 20 91 20 41 29 55 23
leaf_count=3271 136 25 22 25 20 76 21 20 23 22 216 39 2544 79 30 27 20 23 21 25 22 21 20 20 91 20 41 29 55 23
internal_value=-0.0192564 0.0033128 -0.0448482 -6.43775e-05 0.000131579 -0.00135246 -0.00579545 -0.000375 -0.005 -0.000952381 0.00124233 7.21156e-05 0.0048443 0.000888594 0.000522388 -0.00377193 -0.00060166 -0.004375 -0.00841463 -0.00171642 0.000744681 0.00140288 0.000762712 0.00330508 0.00188716 0.000856354 -0.00111111 0.00142857 0.00149682 9.80394e-05
internal_weight=7027 3734 3293 1165 1140 488 88 400 65 42 652 416 2569 377 335 57 241 64 41 67 47 278 177 236 257 181 90 70 157 102
internal_count=7027 3734 3293 1165 1140 488 88 400 65 42 652 416 2569 377 335 57 241 64 41 67 47 278 177 236 257 181 90 70 157 102
is_linear=0
shrinkage=0.05


Tree=61
num_leaves=31
num_cat=0
split_feature=0 13 14 1 18 17 4 1 10 6 1 17 9 2 18 12 9 11 16 12 15 1 0 1 0 4 1 17 13 0
split_gain=1623.48 7.7251 4.51509 0.815963 0.621377 0.547607 0.930514 1.19907 0.781417 0.691456 0.73999 0.864286 0.601686 2.22756 0.930454 0.559672 0.72803 0.533188 0.754074 0.332308 0.299433 0.249406 0.877843 0.247534 0.497207 0.623599 2.08243 0.507967 0.40718 0.830523
threshold=3.5000000000000004 0.30584636840520457 6.3656501350523191 333.15000000000003 18.8915876476247 24.971709499323918 19.750000000000004 21.600000000000005 -0.9668120007078248 87.500000000000014 1.0000000180025095e-35 22.12649268062636 -0.99273952934267318 101.50000000000001 11.65507556490194 75.719171964578763 0.073094453017891456 13.584800565826358 21.565835419591156 262.14961027018933 7.0357458216971365 11.850000000000003 10.500000000000002 27.850000000000005 57.500000000000007 12.15 61.70000000000001 28.233838397671466 0.13904003539040038 136.50000000000003
decision_type=2 2 2 2 2 2 2 2 2 2 2 2 2 2 2 2 2 2 2 2 2 2 2 2 2 2 2 2 2 2
left_child=2 3 -1 5 -3 6 9 -8 -9 15 19 -12 13 -7 17 16 -2 21 20 -11 -19 -14 -23 -24 25 27 -27 -25 -26 -30
right_child=1 4 -4 -5 -6 12 7 8 -10 10 11 -13 14 -15 -16 -17 -18 18 -20 -21 -22 22 23 24 28 26 -28 -29 29 -31
leaf_value=0 0.00019280759047407287 -0.0082119719693012714 0 -0.010256762190832467 0.31301605880119227 0.015958789374650548 7.9376498355284483e-06 -0.0016842827241516465 -0.0086208295590876911 7.3282223054137586e-05 -0.0074185400835663834 0.00093210235964133979 1.8320685984386822e-05 -0.016517722461237335 0.030930788877701905 0.00044675940887818708 -0.0017083375435348867 -0.00011057745501596704 -0.0013941022416802612 -0.0022677382832111282 0.00018105690818635148 -0.00060000354173544523 0.0001745389404147166 -3.1047591971657311e-05 0.0052531436400533029 0.0001509830630337052 -0.0041548333666854677 0.0009629694712943352 -0.0069070318614424132 0.005215042176908824
leaf_weight=3271 24 25 22 25 2544 34 21 20 21 27 35 28 90 20 173 114 20 26 31 25 50 26 56 35 96 41 22 56 23 26
leaf_count=3271 24 25 22 25 2544 34 21 20 21 27 35 28 90 20 173 114 20 26 31 25 50 26 56 35 96 41 22 56 23 26
internal_value=-0.0192564 0.0033128 -0.0448482 -6.43775e-05 0.0048443 0.000131579 -0.00156716 -0.00709677 -0.0120732 -0.000311355 -0.00326087 -0.00690476 0.000838509 -0.00425926 0.00120506 0.00183544 -0.00295455 0.000242215 -0.00294392 0.00115385 -0.000263158 0.00096603 0.000406824 0.00105634 0.00048495 -0.00149351 -0.00531746 0.00115385 0.00258621 -0.00112245
internal_weight=7027 3734 3293 1165 2569 1140 335 62 41 273 115 63 805 54 751 158 44 578 107 52 76 471 381 355 299 154 63 91 145 49
internal_count=7027 3734 3293 1165 2569 1140 335 62 41 273 115 63 805 54 751 158 44 578 107 52 76 471 381 355 299 154 63 91 145 49
is_linear=0
shrinkage=0.05


Tree=62
num_leaves=31
num_cat=0
split_feature=0 18 14 13 10 10 10 13 3 0 15 14 6 1 6 3 6 13 5 0 18 9 5 14 9 9 12 5 9 12
split_gain=1624.38 7.4573 4.51509 0.897286 1.09936 0.718291 0.558639 0.69949 0.877137 0.794107 0.748467 1.08221 0.724025 0.660007 0.576178 0.519858 0.743341 0.527233 0.499376 0.48094 0.729352 0.402941 0.35497 0.385689 0.703943 0.283247 0.258673 0.28 0.396812 0.239359
threshold=3.5000000000000004 19.707186428447081 6.3656501350523191 0.26738389479373087 0.0043035382962440553 0.99164058729498161 -0.38168922026665864 0.022816176579953298 31.750000000000004 148.50000000000003 7.6875909590065286 18.665176201013569 93.500000000000014 311.75000000000006 74.500000000000014 30.850000000000005 74.500000000000014 0.10261641511641513 41.500000000000007 57.500000000000007 4.62122155208215 0.9927395293426734 29.500000000000004 10.282960876418951 0.67760851415498091 -0.98211651112579568 104.12839838725431 69.500000000000014 0.89773508019357628 285.74967736295599
decision_type=2 2 2 2 2 2 2 2 2 2 2 2 2 2 2 2 2 2 2 2 2 2 2 2 2 2 2 2 2 2
left_child=2 5 -1 4 -3 6 7 8 -2 10 15 -12 29 19 -13 16 17 -9 22 20 21 26 23 24 -17 -21 27 28 -8 -11
right_child=1 3 -4 -5 -6 -7 13 9 -10 12 11 14 -14 -15 -16 18 -18 -19 -20 25 -22 -23 -24 -25 -26 -27 -28 -29 -30 -31
leaf_value=0 4.2075110549705721e-05 -0.0073499247232272722 0 0.27489223348880859 0.033381420000696979 -0.0048909573701066949 -0.00043042573262239652 -0.0030906558980184325 -0.00024890291299170753 0.012014983433354368 -0.01095665568678577 0.00075520104891020493 -0.008704688904957153 -0.012277566908137061 -0.0087515984068779595 -0.0030964885471689596 1.3059728639280908e-06 -0.00017684453082459132 0.0008555877420218012 -0.0013442381599017882 -0.002008935186518436 -0.00046359868148699337 -0.00045037901636838347 0.00037413016343629951 2.6242934970827062e-05 0.0050745694775799054 0.00014579943409388489 0.0038642345756760032 0.00014822562854701629 7.2672870048323682e-05
leaf_weight=3271 102 24 22 2580 28 21 27 27 29 71 38 32 35 20 22 20 49 24 65 22 35 27 24 22 23 184 98 20 23 42
leaf_count=3271 102 24 22 2580 28 21 27 27 29 71 38 32 35 20 22 20 49 24 65 22 35 27 24 22 23 184 98 20 23 42
internal_value=-0.0192493 0.00332619 -0.0448482 0.00477204 -0.00173077 -0.000127042 5.0879e-05 -0.00092 0.00232824 -0.00178138 -0.00309249 -0.00695652 0.00128378 0.00138158 -0.00240741 -0.00169291 -0.0045 -0.00872549 0.00012987 0.00178899 0.000217391 0.00141026 -0.00230337 -0.000384615 -0.00313953 0.00354369 0.00232143 1.86265e-10 -0.002 0.00323009
internal_weight=7027 3734 3293 2632 52 1102 1081 625 131 494 346 92 148 456 54 254 100 51 154 436 230 195 89 65 43 206 168 70 50 113
internal_count=7027 3734 3293 2632 52 1102 1081 625 131 494 346 92 148 456 54 254 100 51 154 436 230 195 89 65 43 206 168 70 50 113
is_linear=0
shrinkage=0.05


Tree=63
num_leaves=31
num_cat=0
split_feature=0 18 14 1 0 14 17 4 1 6 6 4 4 14 9 18 9 15 5 10 6 12 10 14 12 0 2 17 6 13
split_gain=1620.77 7.55004 4.51509 0.821317 0.875343 0.781739 0.52797 1.00045 1.32326 0.886793 0.727381 0.501843 0.858516 0.47087 0.903136 0.61872 0.544309 1.23326 0.51349 0.477273 0.463517 0.41363 0.834815 0.413419 0.269184 0.333952 0.309289 0.416016 0.255024 0.366449
threshold=3.5000000000000004 21.45104410784576 6.3656501350523191 327.75000000000006 231.50000000000003 40.051975395449624 24.971709499323918 19.750000000000004 21.600000000000005 96.500000000000014 99.500000000000014 14.750000000000002 8.9500000000000011 2.8487798459573459 -0.9852109833579612 8.7523200402321208 0.51236666743397874 4.2823945947084141 29.500000000000004 0.021516097436222247 31.500000000000004 75.719171964578763 -0.96227343267549392 4.2526681500937569 251.86542133066112 165.50000000000003 36.500000000000007 30.208180745478284 34.500000000000007 0.13904003539040038
decision_type=2 2 2 2 2 2 2 2 2 2 2 2 2 2 2 2 2 2 2 2 2 2 2 2 2 2 2 2 2 2
left_child=2 3 -1 4 5 6 7 9 -9 21 -11 12 -12 14 -8 16 20 19 -19 -18 -16 22 -2 -3 -15 26 27 -26 -28 -30
right_child=1 23 -4 -5 -6 -7 13 8 -10 10 11 -13 -14 24 15 -17 17 18 -20 -21 -22 -23 -24 -25 25 -27 28 -29 29 -31
leaf_value=0 0.0014214731803582016 0.00038068718031158966 0 -0.011005791517917512 0.026607921107225613 -0.0028987820468710764 -0.0081448958380392362 0.00017604257522667736 -0.0078267550781314036 -0.0047896989323348033 0.00081149726420319415 0.0010064226224837589 -0.0094263035730396336 0.0054967413026912465 0.00010779133158102021 0.025912255545929852 3.9454780223436388e-05 -0.0013461752034241842 -0.0026461620486217165 -2.9670751562899729e-05 -0.00057066490282083732 0.00042886060158889972 -0.00086468891707166509 0.3497656468148691 2.2306436880865516e-05 -0.0017149869647773029 0.0018978747885021914 -0.00054447474443562467 0.010229927054691655 -0.0017107575442024481
leaf_weight=3271 23 37 22 20 107 20 28 21 39 20 24 30 39 83 77 53 44 21 22 33 37 124 27 2475 99 36 112 29 34 20
leaf_count=3271 23 37 22 20 107 20 28 21 39 20 24 30 39 83 77 53 44 21 22 33 37 124 27 2475 99 36 112 29 34 20
internal_value=-0.0192778 0.00327263 -0.0448482 4.91e-05 0.000216306 -0.000205479 -2.32556e-05 -0.00162824 -0.0075 -0.000400697 -0.00384956 -0.00198925 -0.00452381 0.000741758 -0.000714286 0.000121951 -0.000982906 -0.00333333 -0.0101163 0.000454546 0.00149123 0.00183908 -0.002 0.00484076 0.0018523 0.00121212 0.00176871 -7.81248e-05 0.00319277 0.000370371
internal_weight=7027 3734 3293 1222 1202 1095 1075 347 60 287 113 93 63 728 315 287 234 120 43 77 114 174 50 2512 413 330 294 128 166 54
internal_count=7027 3734 3293 1222 1202 1095 1075 347 60 287 113 93 63 728 315 287 234 120 43 77 114 174 50 2512 413 330 294 128 166 54
is_linear=0
shrinkage=0.05


Tree=64
num_leaves=31
num_cat=0
split_feature=0 13 14 1 18 14 17 4 10 1 15 4 9 2 1 16 11 16 4 16 9 2 16 10 16 3 3 5 4 14
split_gain=1622.58 7.46964 4.51509 0.82382 0.646624 0.634262 0.537393 1.12709 1.09247 0.758858 1.46935 0.678004 0.467232 1.50827 1.04744 0.838269 0.535676 0.644572 0.636025 0.664655 0.548605 0.31536 0.243936 0.316887 0.309772 0.357897 0.221463 0.531818 0.595055 0.219254
threshold=3.5000000000000004 0.30584636840520457 6.3656501350523191 333.15000000000003 19.51194158707246 40.051975395449624 24.761729021645891 20.450000000000003 -0.94695267581281539 99.300000000000026 6.3743735143443683 10.950000000000001 -0.99052327954040364 101.50000000000001 172.25000000000003 21.215562330192437 9.0148382226535997 23.797817032416749 9.1500000000000004 21.653746448942876 0.823915376013162 9.5000000000000018 14.351409786394994 -0.97502841500522164 17.191465796720639 32.95000000000001 34.350000000000001 16.500000000000004 18.750000000000004 0.35294841394985871
decision_type=2 2 2 2 2 2 2 2 2 2 2 2 2 2 2 2 2 2 2 2 2 2 2 2 2 2 2 2 2 2
left_child=2 3 -1 5 -3 6 7 9 -9 10 22 -12 13 -8 15 21 17 -17 -18 -20 -21 -14 -2 -24 -25 -26 29 -28 -29 -23
right_child=1 4 -4 -5 -6 -7 12 8 -10 -11 11 -13 14 -15 -16 16 18 -19 19 20 -22 26 23 24 25 -27 27 28 -30 -31
leaf_value=0 0.00064887169477407039 -0.0053905221660359923 0 -0.00857975615998827 0.27955175513273806 -0.0021715906388187389 0.010446974137695198 8.1519998853736745e-05 -0.0027733554928334224 0.0033589770230128008 -0.0091958793005142495 -0.0032503950820308154 -4.3421075168936647e-06 -0.012176053703406213 0.018985324358085559 9.8239548577330648e-05 6.8128937597516237e-05 -0.00037181947341257868 -0.0065078871408733698 0.0013438470637585622 -0.0033030785177026326 9.684608650137647e-05 0.0011166831208238393 -0.0013617204377181259 0.00019871880789415041 -2.7008260833494634e-05 0.00025906787933781944 4.8932790499076325e-05 -0.0026818166478109625 0.0009054331923389722
leaf_weight=3271 32 37 22 25 2532 23 40 23 20 55 26 35 32 21 177 110 21 37 20 25 24 108 25 28 37 21 39 39 21 101
leaf_count=3271 32 37 22 25 2532 23 40 23 20 55 26 35 32 21 177 110 21 37 20 25 24 108 25 28 37 21 39 39 21 101
internal_value=-0.0192636 0.00329941 -0.0448482 -2.1459e-05 0.00480537 0.000175439 0.000344673 -0.00145695 -0.00895349 -0.000212355 -0.00161765 -0.00811475 0.00101227 -0.00319672 0.00135279 0.000320624 -0.00196203 -0.000102041 -0.005 -0.00731884 -0.00418367 0.00191176 0.00115385 4.50452e-05 -0.00139535 0.000689655 0.0024026 0.000454546 -0.0025 0.00332536
internal_weight=7027 3734 3293 1165 2569 1140 1117 302 43 259 204 61 815 61 754 577 237 147 90 69 49 340 143 111 86 58 308 99 60 209
internal_count=7027 3734 3293 1165 2569 1140 1117 302 43 259 204 61 815 61 754 577 237 147 90 69 49 340 143 111 86 58 308 99 60 209
is_linear=0
shrinkage=0.05


Tree=65
num_leaves=31
num_cat=0
split_feature=0 18 14 1 10 14 17 16 6 16 18 17 13 18 0 2 18 1 4 15 2 0 18 18 10 14 1 4 13 4
split_gain=1621.67 7.42165 4.51509 1.28917 0.785484 0.643632 0.667725 0.828803 0.881639 0.832115 0.705564 0.546852 0.507936 0.386653 0.483942 0.998632 0.912606 0.379409 0.394984 0.439204 0.890909 1.09156 0.365866 0.642857 0.353878 0.336563 0.444444 0.298889 0.28561 0.342
threshold=3.5000000000000004 21.45104410784576 6.3656501350523191 327.75000000000006 0.99164058729498161 33.339010850670356 24.674807525114343 19.273926743371891 69.500000000000014 14.930233054352412 20.903840180340211 22.12649268062636 0.2557677537516248 15.339071760111681 115.50000000000001 93.500000000000014 9.9355854023393793 140.00000000000003 20.550000000000004 4.8190810540232869 71.500000000000014 45.500000000000007 0.230728433994417 0.095469533323326569 -0.88603780069526494 5.2034004289910127 314.55000000000001 17.750000000000004 0.022816176579953298 14.450000000000001
decision_type=2 2 2 2 2 2 2 2 2 2 2 2 2 2 2 2 2 2 2 2 2 2 2 2 2 2 2 2 2 2
left_child=2 3 -1 4 5 6 7 8 27 12 13 -11 -10 14 17 -16 -17 18 19 22 21 -21 23 -8 -13 26 -3 -2 -24 -30
right_child=1 25 -4 -5 -6 -7 10 -9 9 11 -12 24 -14 -15 15 16 -18 -19 -20 20 -22 -23 28 -25 -26 -27 -28 -29 29 -31
leaf_value=0 0.00023704056265274947 0.024503239067711898 0 -0.013636190904163912 -0.0043983264232170128 0.025375009013765812 1.4899551193340516e-05 -0.0021372142035143002 0.0016964214360673082 -0.0033113448981138406 -0.0072079747924099396 -0.0020168342019301426 -0.010345941981307788 0.016477602530148832 -0.0022041269368086045 0.00065203363912766203 -0.0050955524409987442 0.025068378884754456 0.00013254211730564117 0.001312485446122096 0.00035954353553702308 -0.0032927324710104221 0.00015532303265742512 -0.00048530831238910774 0.0003724476321514051 0.33059916041174864 -0.0045269532232235397 -0.00018905412593296029 8.1217610867685976e-05 -1.5312655105463239e-05
leaf_weight=3271 101 25 22 20 21 93 42 41 45 37 24 24 25 84 30 57 24 65 73 20 44 35 64 21 25 2467 20 27 134 46
leaf_count=3271 101 25 22 20 21 93 42 41 45 37 24 24 25 84 30 57 24 65 73 20 44 35 64 21 25 2467 20 27 134 46
internal_value=-0.0192707 0.00328602 -0.0448482 9.00166e-05 0.000299501 0.000469941 0.000128677 -0.00176923 -0.000809859 -0.00333333 0.000937091 -0.00662791 0.000714286 0.0012111 0.000801527 -0.00220721 0.000679013 0.00141544 0.000929019 0.000320197 -0.00257576 -0.00681818 0.00125407 -0.00214286 -0.00316327 0.00484076 0.000555556 0.00226563 0.00213115 0.00111111
internal_weight=7027 3734 3293 1222 1202 1181 1088 325 284 156 763 86 70 739 655 111 81 544 479 406 99 55 307 63 49 2512 45 128 244 180
internal_count=7027 3734 3293 1222 1202 1181 1088 325 284 156 763 86 70 739 655 111 81 544 479 406 99 55 307 63 49 2512 45 128 244 180
is_linear=0
shrinkage=0.05


Tree=66
num_leaves=31
num_cat=0
split_feature=0 0 14 17 3 1 11 15 1 10 10 11 3 10 4 10 1 2 0 1 1 18 18 8 3 9 9 5 16 5
split_gain=1624.38 6.68559 4.51509 0.591945 0.709307 1.612 0.990947 0.625646 0.544851 0.434863 0.541429 0.481678 0.452376 0.878738 0.871491 1.11539 0.406349 0.398528 0.5251 1.59402 0.706235 0.562284 0.611958 0.528013 0.393701 0.587057 0.307545 0.332308 0.307692 0.264681
threshold=3.5000000000000004 273.50000000000006 6.3656501350523191 16.336118482280501 31.750000000000004 293.15000000000003 31.480340920393171 20.413626351964634 323.25000000000006 -0.94695267581281539 -0.90146829171281539 26.819483663903579 26.350000000000005 -0.35768498937424864 13.250000000000002 0.75546532993267179 85.800000000000026 128.50000000000003 112.50000000000001 115.7 41.150000000000013 7.8152561656557316 9.9355854023393793 0.1294095225512602 29.150000000000002 -0.94970904815366253 -0.17128679933203927 16.500000000000004 21.363353549605943 84.500000000000014
decision_type=2 2 2 2 2 2 2 2 2 2 2 2 2 2 2 2 2 2 2 2 2 2 2 2 2 2 2 2 2 2
left_child=2 3 -1 29 7 6 17 8 9 -5 -11 12 13 -12 -15 16 -16 18 20 -20 23 -21 -23 -6 -14 -26 -25 28 -28 -2
right_child=1 -3 -4 4 5 -7 -8 -9 -10 10 11 -13 24 14 15 -17 -18 -19 19 21 -22 22 -24 26 25 -27 27 -29 -30 -31
leaf_value=0 -0.010742777698644653 0.37972137459875965 0 0.00013580048406932119 -0.00024146208221686069 -0.013061897443523644 -0.0089232518285935515 0.036236199579321303 -0.0037721752123329928 -0.000369099672105892 -0.0026067242917204333 -0.0064559786660876098 0.00039355215027854002 0.00020692279853335704 -0.00021343889182515348 -0.0021365654022709392 0.0047047420070420506 0.0070703327100648476 -0.0057290982454435372 -0.0014819460969436428 0.0034139410136942924 0.0024264318819906591 -0.0028561483519260558 -4.463317238707413e-05 -0.0066379746135228502 0.00014405086626896577 8.0083270668825351e-05 9.9580136587932308e-05 -0.00021668466215941031 2.9620243179369864e-05
leaf_weight=3271 21 2408 22 70 30 29 23 116 21 34 20 23 127 177 21 22 24 61 36 21 83 61 28 28 22 105 26 48 26 23
leaf_count=3271 21 2408 22 70 30 29 23 116 21 34 20 23 127 177 21 22 24 61 36 21 83 61 28 28 22 105 26 48 26 23
internal_value=-0.0192493 0.00332619 -0.0448482 0.000475113 0.000670827 -0.0008 -9.55412e-05 0.00161125 0.00102102 0.00127907 0.000826087 0.00121072 0.0015251 7.57578e-05 0.00090164 -0.00395522 0.000555556 0.000424107 -0.000167958 -0.00253425 0.00126556 0.000454546 0.00219101 -0.000696202 0.0030315 0.00106299 0.000703125 0.002 -0.000769231 -0.00522727
internal_weight=7027 3734 3293 1326 1282 500 471 782 666 645 575 541 518 264 244 67 45 448 387 146 241 110 89 158 254 127 128 100 52 44
internal_count=7027 3734 3293 1326 1282 500 471 782 666 645 575 541 518 264 244 67 45 448 387 146 241 110 89 158 254 127 128 100 52 44
is_linear=0
shrinkage=0.05


Tree=67
num_leaves=31
num_cat=0
split_feature=0 18 14 1 11 9 10 0 11 6 9 15 18 1 11 0 6 13 2 15 5 18 0 11 11 12 17 0 12 4
split_gain=1618.07 7.17884 4.51509 2.38964 1.80979 3.50933 0.90126 0.737934 0.6473 1.1946 0.567796 1.58622 0.806764 0.561283 0.485551 0.426221 0.474969 0.833498 0.817135 1.13744 0.64 0.575355 0.856969 0.376444 0.640839 0.322689 0.254348 0.225 0.215853 0.441636
threshold=3.5000000000000004 22.83045952974452 6.3656501350523191 337.15000000000003 31.480340920393171 0.30901413279605805 0.99164058729498161 231.50000000000003 26.819483663903579 93.500000000000014 -0.99052327954040364 17.107428884324772 12.85657016783575 1.0000000180025095e-35 18.625284776990629 10.500000000000002 34.500000000000007 0.042175009727436485 40.500000000000007 8.1201165864714167 58.500000000000007 7.571178911601625 127.50000000000001 1.7279419081428748 1.0000000180025095e-35 76.575065836691962 28.180766647674027 203.50000000000003 115.10957683589019 7.6500000000000012
decision_type=2 2 2 2 2 2 2 2 2 2 2 2 2 2 2 2 2 2 2 2 2 2 2 2 2 2 2 2 2 2
left_child=2 3 -1 4 6 27 7 8 10 -10 11 -2 13 -12 15 -15 23 -18 20 25 -19 -21 -23 24 26 -20 -17 -6 29 -25
right_child=1 -3 -4 -5 5 -7 -8 -9 9 -11 12 -13 -14 14 -16 16 17 18 19 21 -22 22 -24 28 -26 -27 -28 -29 -30 -31
leaf_value=0 0.01014435401583111 0.38628631295021021 0 -0.013268931376060587 -0.0018914984525370019 -0.0093075461422516929 -0.0041798911109872704 0.035914548174520597 0.0092566443389471755 -0.0097155006959354865 0.00010834106299750157 -0.0076965988322727219 0.035688038818770348 -0.00045781706723840892 -0.0018456433299389706 -6.1834966318176712e-05 0.00045270297631708211 -6.7053448631629523e-05 -0.00035345217952896545 -0.0070512552637640421 -0.003743469012423126 0.003232240934600665 -0.0082228249439779671 -0.00052534219815787806 -0.00050888038732927626 0.0029127004475355952 0.0024224866513097186 0.012405652499604366 0.00045193892816867672 7.7161685462417813e-05
leaf_weight=3271 35 2392 22 21 20 23 21 157 25 26 125 29 126 22 39 20 47 25 21 20 20 22 31 25 22 64 26 20 182 128
leaf_count=3271 35 2392 22 21 20 23 21 157 25 26 125 29 126 22 39 20 47 25 21 20 20 22 31 25 22 64 26 20 182 128
internal_value=-0.0192991 0.00323246 -0.0448482 0.000305514 0.000571537 -0.00769841 0.000985692 0.00116006 0.000694445 -0.00480392 0.000966958 -0.00359375 0.00126943 0.000709178 0.000168067 0.000481482 0.000712098 -0.001 -0.00238916 -0.000696202 -0.00833333 -0.00527397 -0.00254717 0.00177419 -0.00161765 0.00323529 0.00173913 0.00125 0.00246269 0.00107843
internal_weight=7027 3734 3293 1342 1321 63 1258 1237 1080 51 1029 64 965 839 714 675 653 250 203 158 45 73 53 403 68 85 46 40 335 153
internal_count=7027 3734 3293 1342 1321 63 1258 1237 1080 51 1029 64 965 839 714 675 653 250 203 158 45 73 53 403 68 85 46 40 335 153
is_linear=0
shrinkage=0.05


Tree=68
num_leaves=31
num_cat=0
split_feature=0 18 14 1 0 11 9 10 15 6 16 5 3 6 5 15 18 5 16 10 14 5 1 9 18 9 12 6 3 10
split_gain=1614.46 7.29769 4.51509 1.56407 1.67202 1.54549 2.67379 0.912609 0.784468 0.443909 0.491558 0.53157 0.633497 0.714667 0.52457 1.12111 0.509327 0.403214 0.595238 0.399395 0.524261 0.970274 0.341291 0.706961 0.776444 0.339688 0.334528 0.326299 0.315496 0.286508
threshold=3.5000000000000004 24.407514054846292 6.3656501350523191 333.15000000000003 299.50000000000006 31.480340920393171 0.30901413279605805 0.99164058729498161 21.571631065455893 6.5000000000000009 20.304822226906147 27.500000000000004 33.750000000000007 34.500000000000007 77.500000000000014 6.3743735143443683 0.230728433994417 48.500000000000007 21.387519851196689 -0.88603780069526494 10.628146254213755 36.500000000000007 140.00000000000003 0.54162280503947546 5.2118986363581756 -0.9852109833579612 88.323431052878433 98.500000000000014 32.350000000000001 -0.93533330245768853
decision_type=2 2 2 2 2 2 2 2 2 2 2 2 2 2 2 2 2 2 2 2 2 2 2 2 2 2 2 2 2 2
left_child=2 3 -1 5 -5 7 -7 8 9 22 14 12 -12 -14 19 26 -13 27 -19 20 29 -22 23 -2 28 -24 -16 -18 -25 -11
right_child=1 -3 -4 4 -6 6 -8 -9 -10 10 11 16 13 -15 15 -17 17 18 -20 -21 21 -23 25 24 -26 -27 -28 -29 -30 -31
leaf_value=0 0.00012422289852655034 0.40912536064640098 0 -0.021470169962112928 0.01184090808429838 0.0043857193312297907 -0.008960437636712797 -0.0039708965554379012 0.063081925964788219 0.00019362598458960636 6.7094385725108367e-05 -5.9672510332837953e-05 -0.00052570894212496924 -0.0026207085916989171 0.00020167636849366584 -0.0088376151358022115 0.0023989888130179606 0.00061081663388468988 -0.0040943708942732847 0.00039446975761476128 0.0014396782302411638 -0.0076231077641533617 -0.0012540647567542481 0.00010588457592302201 -0.0016928437340002125 0.011319540534012896 -0.00039107599217659311 -8.7706487935937047e-05 -0.00043252665024317823 -0.00026020846744313655
leaf_weight=3271 169 2332 22 28 20 44 31 21 124 70 37 20 43 27 35 30 67 56 28 134 27 26 20 49 33 166 27 21 29 20
leaf_count=3271 169 2332 22 28 20 44 31 21 124 70 37 20 43 27 35 30 67 56 28 134 27 26 20 49 33 166 27 21 29 20
internal_value=-0.0193276 0.0031789 -0.0448482 0.000328103 -0.00854167 0.000642541 -0.00633333 0.0010516 0.00122417 0.000811288 -1.49699e-05 -0.00152174 -0.00434579 -0.00714286 0.00120596 -0.00206522 5.20835e-05 0.000930233 -0.00154762 0.00229242 0.000454546 -0.00349057 0.00199571 0.000892857 -0.00220721 0.00365591 0.00177419 0.00329545 0.000512821 0.00277778
internal_weight=7027 3734 3293 1402 48 1354 75 1279 1258 1134 668 299 107 70 369 92 192 172 84 277 143 53 466 280 111 186 62 88 78 90
internal_count=7027 3734 3293 1402 48 1354 75 1279 1258 1134 668 299 107 70 369 92 192 172 84 277 143 53 466 280 111 186 62 88 78 90
is_linear=0
shrinkage=0.05


Tree=69
num_leaves=31
num_cat=0
split_feature=0 18 14 1 11 2 9 13 10 2 11 1 0 6 18 13 10 0 1 18 0 16 16 17 11 6 10 15 2 4
split_gain=1622.58 6.30749 4.51509 1.38786 1.11351 2 2.56 1.10592 0.95104 0.633713 1.66369 0.36108 0.480268 0.375153 0.446833 1.66668 0.501186 0.490198 1.11362 0.591312 0.561795 0.384464 0.419045 0.362427 0.320792 0.4 0.275433 0.285714 0.267727 0.496149
threshold=3.5000000000000004 24.407514054846292 6.3656501350523191 337.15000000000003 31.480340920393171 172.50000000000003 0.30901413279605805 0.34492460234133032 0.99164058729498161 144.50000000000003 26.819483663903579 1.0000000180025095e-35 10.500000000000002 6.5000000000000009 5.4574946968981326 0.092337212024575607 0.1159303052754759 218.50000000000003 195.40000000000003 9.9355854023393793 85.500000000000014 21.368602838745883 17.191465796720639 29.884874899740943 29.785044068163554 12.500000000000002 0.99164058729498161 58.357686170585559 87.500000000000014 12.950000000000001
decision_type=2 2 2 2 2 2 2 2 2 2 2 2 2 2 2 2 2 2 2 2 2 2 2 2 2 2 2 2 2 2
left_child=2 3 -1 4 8 6 -6 -5 9 10 11 -2 -13 -14 21 -16 17 18 19 20 -17 22 -15 -23 -11 -26 -3 -28 -22 -30
right_child=1 26 -4 7 5 -7 -8 -9 -10 24 -12 12 13 14 15 16 -18 -19 -20 -21 28 23 -24 -25 25 -27 27 -29 29 -31
leaf_value=0 9.9219167930064223e-05 0.40192565217938603 0 -0.02001143847304428 -0.00014074748184723964 0.018832698362198499 -0.011599106673462416 0.0024402571287780368 -0.0037723517276660166 0.037253369149643112 -0.0085312877274932655 -0.00043007831707691889 0.00016949526664995589 -0.00046749304948460888 -0.003375102948068422 -0.0020615701109322161 0.020644146675171331 0.056581845585515447 -0.010384994311947933 -0.005911010291719105 0.0014221878884414568 -0.0016881765628936171 0.00015364821914800792 0.00071183175520133789 0.0063469346032443107 -0.0044421876882793756 0.2466966841479625 -0.072040154062561174 -0.0074305282621264998 0.0005627540646407596
leaf_weight=3271 125 2276 22 21 25 30 20 20 21 162 28 22 400 26 20 21 57 28 23 23 45 21 133 20 20 20 28 28 31 40
leaf_count=3271 125 2276 22 21 25 30 20 20 21 162 28 22 400 26 20 21 57 28 23 23 45 21 133 20 20 20 28 28 31 40
internal_value=-0.0192636 0.00329941 -0.0448482 0.000649073 0.000922116 -0.005 -0.0116667 -0.00841463 0.0012675 0.00144269 0.000954845 0.00128019 0.000934066 0.00111487 0.000184426 -0.00107639 -3.73132e-05 -0.00116114 -0.00210382 -0.000625 0.000620438 0.002 0.00311321 -0.00231707 0.0040099 1.86265e-10 0.0048928 0.00142857 0.00198276 7.04227e-05
internal_weight=7027 3734 3293 1402 1361 75 45 41 1286 1265 1063 1035 910 888 488 288 268 211 183 160 137 200 159 41 202 40 2332 56 116 71
internal_count=7027 3734 3293 1402 1361 75 45 41 1286 1265 1063 1035 910 888 488 288 268 211 183 160 137 200 159 41 202 40 2332 56 116 71
is_linear=0
shrinkage=0.05


Tree=70
num_leaves=31
num_cat=0
split_feature=0 18 14 1 11 9 13 17 13 9 15 1 15 0 11 3 9 16 16 5 1 4 9 9 12 16 10 15 17 1
split_gain=1618.97 6.73867 4.51509 1.34452 1.31752 2.24283 1.10592 0.703562 0.615777 0.394029 1.25917 0.339873 0.602416 0.814948 0.503189 0.848077 0.43834 0.427004 0.475969 0.39412 0.589334 0.85403 0.390523 0.409483 0.303147 0.296296 0.275433 0.285714 0.265598 0.260685
threshold=3.5000000000000004 24.407514054846292 6.3656501350523191 337.15000000000003 31.480340920393171 0.30901413279605805 0.34492460234133032 16.336118482280501 0.34492460234133032 -0.99052327954040364 17.107428884324772 133.95000000000002 9.3593102307811442 141.50000000000003 26.819483663903579 29.850000000000005 0.073094453017891456 19.480638345519537 19.702244142682023 77.500000000000014 99.300000000000026 12.850000000000003 0.9927395293426734 -0.20509690261668603 276.65347890977108 20.93738955029368 0.99164058729498161 58.357686170585559 31.579345589969101 43.750000000000007
decision_type=2 2 2 2 2 2 2 2 2 2 2 2 2 2 2 2 2 2 2 2 2 2 2 2 2 2 2 2 2 2
left_child=2 3 -1 4 7 -6 -5 -2 9 10 -9 12 17 29 24 -16 -15 -11 -19 20 22 -22 23 25 -13 -20 -3 -28 -25 -14
right_child=1 26 -4 6 5 -7 -8 8 -10 11 -12 14 13 16 15 -17 -18 18 19 -21 21 -23 -24 28 -26 -27 27 -29 -30 -31
leaf_value=0 -0.0038821483010189847 0.38182936957041674 0 -0.019010866549392044 0.0041734707387606354 -0.0079324604212040843 0.002318244272339101 0.0099491680860255421 0.064537238170769895 0.00015907013514330779 -0.0071592790990131668 0.020625638602042761 -0.0019395435678172754 -0.0067698238330541564 -0.0060720646338639347 0.0053415947653036831 0.0029045446488734023 -0.00053888951112903154 -6.5688315450819747e-05 0.00022133662155621178 2.7775103468879173e-05 -0.0027841045811807155 -0.00031786666420805882 9.986815315164962e-05 9.6865889006006738e-05 6.4456809525487681e-05 0.23436184994056433 -0.068438146359433016 -5.2941194670379262e-06 -0.0079655829941146783
leaf_weight=3271 31 2276 22 21 44 31 20 35 105 190 29 220 20 29 20 52 30 27 27 48 27 24 25 205 66 27 28 28 28 21
leaf_count=3271 31 2276 22 21 44 31 20 35 105 190 29 220 20 29 20 52 30 27 27 48 27 24 25 205 66 27 28 28 28 21
internal_value=-0.019292 0.00324585 -0.0448482 0.00050642 0.000775165 -0.00566667 -0.00841463 0.00115086 0.00133466 0.001 -0.0028125 0.00122468 0.000604396 -0.003 0.00248603 -0.00125 0.000762712 0.00117834 0.000319635 0.000742093 0.000179064 -0.00480392 0.00099359 0.00151568 0.00342657 -0.00240741 0.0048928 0.00142857 0.00242489 -0.00841463
internal_weight=7027 3734 3293 1402 1361 75 41 1286 1255 1150 64 1086 728 100 358 72 59 628 438 411 363 51 312 287 286 54 2332 56 233 41
internal_count=7027 3734 3293 1402 1361 75 41 1286 1255 1150 64 1086 728 100 358 72 59 628 438 411 363 51 312 287 286 54 2332 56 233 41
is_linear=0
shrinkage=0.05


Tree=71
num_leaves=31
num_cat=0
split_feature=0 18 14 11 9 10 1 15 3 9 15 11 6 18 15 14 2 11 16 18 13 1 5 1 3 18 15 9 17 15
split_gain=1616.26 7.07141 4.51509 0.924047 1.84971 0.851854 0.792349 0.692068 0.664866 0.499597 1.01676 0.431556 1.7693 0.865982 0.758091 0.560023 0.496729 0.424347 0.449556 0.432454 0.578961 0.473804 0.498418 0.781604 1.2058 0.347037 1.10006 0.413885 0.296127 0.340359
threshold=3.5000000000000004 24.407514054846292 6.3656501350523191 31.480340920393171 0.30901413279605805 0.99164058729498161 337.15000000000003 21.571631065455893 33.850000000000001 -0.99052327954040364 17.107428884324772 26.819483663903579 93.500000000000014 12.85657016783575 10.659161368285444 23.974700135607073 145.50000000000003 18.625284776990629 20.177621803237198 7.8152561656557316 0.12834508843384107 140.00000000000003 77.500000000000014 61.70000000000001 26.350000000000005 0.34929047467215518 0.078308753106609466 0.22611359161738889 24.359223861871126 9.3593102307811442
decision_type=2 2 2 2 2 2 2 2 2 2 2 2 2 2 2 2 2 2 2 2 2 2 2 2 2 2 2 2 2 2
left_child=2 3 -1 5 -5 6 7 9 -8 10 -2 13 16 14 17 -16 -13 18 28 20 21 22 23 25 -25 26 -20 -27 29 -11
right_child=1 -3 -4 4 -6 -7 8 -9 -10 11 -12 12 -14 -15 15 -17 -18 -19 19 -21 -22 -23 -24 24 -26 27 -28 -29 -30 -31
leaf_value=0 0.0094517096817243098 0.350477834948553 0 0.0039647972018225916 -0.0075358374001438123 -0.0033896267627511836 0.00010450386631435682 0.055799257405138608 -0.0099028113673531176 9.2303533007388281e-05 -0.006801315144062476 -0.0057684614021708174 -0.0080391090098246454 0.03326472013280362 -0.0047845763109663859 0.00015024564339143716 0.0076046456328688616 -0.0014616331544940733 3.8234758211248879e-05 0.0030684492706198781 -0.0012985025160431292 0.02503081338101143 0.00019928871105006306 -0.0017744167137763241 4.6948743328306871e-06 -2.2738175739108577e-05 -0.00039167109387592213 9.9858226449421909e-05 0.00022701678459027399 -0.0067205105805163041
leaf_weight=3271 35 2332 22 44 31 21 21 126 20 163 29 20 28 135 26 22 58 31 39 61 23 44 36 39 30 38 25 109 127 21
leaf_count=3271 35 2332 22 44 31 21 21 126 20 163 29 20 28 135 26 22 58 31 39 61 23 44 36 39 30 38 25 109 127 21
internal_value=-0.0193134 0.00320568 -0.0448482 0.00039943 -0.005 0.000704597 0.000865238 0.00108696 -0.00597561 0.000697981 -0.00359375 0.000953489 -0.00207547 0.00128483 0.000683453 -0.00541667 0.00179487 0.00105598 0.00129139 0.00027027 -0.00035248 0.000138889 -0.000537974 -0.00125 -0.00586956 0.000260664 -0.0028125 0.00159864 0.0027492 0.00146739
internal_weight=7027 3734 3293 1402 75 1327 1306 1265 41 1139 64 1075 106 969 834 48 78 786 755 444 383 360 316 280 69 211 64 147 311 184
internal_count=7027 3734 3293 1402 75 1327 1306 1265 41 1139 64 1075 106 969 834 48 78 786 755 444 383 360 316 280 69 211 64 147 311 184
is_linear=0
shrinkage=0.05


Tree=72
num_leaves=31
num_cat=0
split_feature=0 18 14 10 11 2 1 10 14 6 11 9 3 3 18 10 15 6 3 9 4 5 12 3 16 1 12 14 3 15
split_gain=1620.77 6.2357 4.51509 0.843378 0.750658 1.91611 0.637328 1.71958 0.65768 0.62538 1.81968 0.528577 0.436927 0.502349 0.472924 0.431334 0.446429 0.415763 0.486195 0.311946 0.622254 0.414843 0.711412 0.952747 0.748473 0.212459 0.189336 0.218696 0.182059 0.351397
threshold=3.5000000000000004 25.006750894002469 6.3656501350523191 0.99164058729498161 31.794833518443955 172.50000000000003 333.15000000000003 -0.12447465306484827 33.339010850670356 87.500000000000014 26.819483663903579 0.99052327954040398 36.250000000000007 26.350000000000005 4.62122155208215 0.99164058729498161 58.357686170585559 99.500000000000014 29.150000000000002 -0.99052327954040364 12.550000000000002 33.500000000000007 254.77728527129878 34.350000000000001 23.059388910053148 78.65000000000002 67.591300834537421 7.2227625521420391 33.95000000000001 1.6557141638366093
decision_type=2 2 2 2 2 2 2 2 2 2 2 2 2 2 2 2 2 2 2 2 2 2 2 2 2 2 2 2 2 2
left_child=2 3 -1 4 6 -6 8 -8 9 11 12 19 13 14 -11 -3 -17 18 -15 20 -2 22 23 24 25 -21 -23 -28 -24 -30
right_child=1 15 -4 -5 5 -7 7 -9 -10 10 -12 -13 -14 17 -16 16 -18 -19 -20 21 -22 26 28 -25 -26 -27 27 -29 29 -31
leaf_value=0 -0.0052523230186821571 0.35283961017506837 0 -0.0032201454246136166 -0.0088968096871300442 0.025145513511309094 -0.018300661697827247 0.0063621350756691598 0.044203870821095004 9.3603615037584628e-05 -0.0067014794181326984 -0.00046189694010156918 -0.0034960761675546688 0.0011106932617311067 -0.0022635685397216147 0.20511986569610841 -0.082540130788889166 0.00040382352510406221 -0.0016445280606529251 -0.00020199632859491991 0.0013427588427831515 -4.1910275933087044e-06 0.00023447292500134638 -0.0046267373945806543 -0.0011954360926177841 0.00044372835760092094 0.00015328704969628685 0.00014385152728125803 -1.8840388709146745e-05 0.00021546447926434821
leaf_weight=3271 23 2261 22 21 29 34 28 26 154 31 36 38 22 23 34 28 28 100 38 25 27 24 50 20 23 36 304 112 30 129
leaf_count=3271 23 2261 22 21 29 34 28 26 154 31 36 38 22 23 34 28 28 100 38 25 27 24 50 20 23 36 304 112 30 129
internal_value=-0.0192778 0.00327263 -0.0448482 0.000659845 0.000809456 -0.00452381 0.00106152 -0.00425926 0.00128616 0.000866667 -0.00116197 0.00155172 0.000362903 0.0010177 -0.00269231 0.00487052 0.000535714 0.00251553 -0.000737705 0.00182441 -0.002 0.00207835 0.000686901 -0.00269231 -0.000357143 0.00254098 0.00306818 0.00331731 0.00236842 0.00154088
internal_weight=7027 3734 3293 1417 1396 63 1333 54 1279 1125 284 841 248 226 65 2317 56 161 61 803 50 753 313 104 84 61 440 416 209 159
internal_count=7027 3734 3293 1417 1396 63 1333 54 1279 1125 284 841 248 226 65 2317 56 161 61 803 50 753 313 104 84 61 440 416 209 159
is_linear=0
shrinkage=0.05


Tree=73
num_leaves=31
num_cat=0
split_feature=0 18 14 1 14 2 11 6 2 17 1 9 15 0 13 14 10 14 18 3 1 15 1 4 15 2 0 1 10 15
split_gain=1618.97 6.44648 4.51509 1.03378 2.4672 0.721225 1.71823 1.05743 1.45385 0.819493 0.660513 0.514433 1.01676 0.982179 1.86067 1.17872 1.04683 0.814801 0.503296 0.496729 0.420232 0.525402 0.622953 0.96 0.389812 0.32 0.301776 0.652407 0.271946 0.285714
threshold=3.5000000000000004 25.006750894002469 6.3656501350523191 337.15000000000003 44.106058865047878 177.50000000000003 26.819483663903579 93.500000000000014 167.50000000000003 21.67340197924333 1.0000000180025095e-35 -0.99052327954040364 17.107428884324772 141.50000000000003 0.13904003539040038 26.78785378154301 -0.96227343267549392 18.03371149134092 0.230728433994417 29.850000000000005 140.00000000000003 8.7747063781931871 99.300000000000026 12.450000000000001 8.9079150724814919 32.500000000000007 49.500000000000007 61.70000000000001 0.99164058729498161 58.357686170585559
decision_type=2 2 2 2 2 2 2 2 2 2 2 2 2 2 2 2 2 2 2 2 2 2 2 2 2 2 2 2 2 2
left_child=2 3 -1 5 -5 6 10 8 19 -9 -2 12 -12 14 18 17 -15 -16 -13 -8 21 22 26 25 -19 -24 27 -20 -3 -30
right_child=1 28 -4 4 -6 -7 7 9 -10 -11 11 13 -14 16 15 -17 -18 24 20 -21 -22 -23 23 -25 -26 -27 -28 -29 29 -31
leaf_value=0 8.1752583192486991e-05 0.335197629666315 0 -0.015422418047056755 0.029580943661493653 0.050970929071026107 -0.0054809590707447942 -0.008024893784284207 -0.0079252523193249925 -0.0040447664253748473 0.0076261530047252168 -0.00038860937169776739 -0.0069569983593663056 -0.0061270018068394355 -0.0043127810952317191 -0.0026217357229349346 0.010660485526107037 0.0027436436611512557 5.6107512842678111e-05 0.0073598786273433598 0.018987773471202018 -0.00066614415067918801 0.0054186239955756792 -0.0022442657046207156 -0.0070469687702167747 -0.00033704935144361517 0.00032830827612509959 -0.00019767421271838349 0.19486387241130299 -0.078413124249444896
leaf_weight=3271 125 2261 22 24 23 118 20 26 27 22 35 22 29 21 21 20 222 22 235 58 69 21 25 25 21 25 135 26 28 28
leaf_count=3271 125 2261 22 24 23 118 20 26 27 22 35 22 29 21 21 20 222 22 235 58 69 21 25 25 21 25 135 26 28 28
internal_value=-0.019292 0.00324585 -0.0448482 0.000589273 -0.00670213 0.000839416 0.000487221 -0.00447712 -0.00166667 -0.010625 0.00117834 0.00073922 -0.00359375 0.00104396 5.24739e-05 -0.00690476 0.00376543 -0.00359375 0.00105489 0.00179487 0.00134581 0.000833334 0.00117834 -0.003 0.000348837 0.001 0.0019697 0.000977012 0.00487052 0.00142857
internal_weight=7027 3734 3293 1417 47 1370 1252 153 105 48 1099 974 64 910 667 84 243 64 583 78 561 492 471 75 43 50 396 261 2317 56
internal_count=7027 3734 3293 1417 47 1370 1252 153 105 48 1099 974 64 910 667 84 243 64 583 78 561 492 471 75 43 50 396 261 2317 56
is_linear=0
shrinkage=0.05


Tree=74
num_leaves=31
num_cat=0
split_feature=0 0 14 11 2 2 6 11 3 12 10 3 9 0 13 14 16 16 9 6 1 1 9 10 3 5 10 4 6 13
split_gain=1618.97 6.24569 4.51509 1.21244 1.06298 0.942969 1.32779 0.654183 0.648207 1.35251 2.7 0.605469 0.491459 0.698581 1.47619 0.4 0.384157 0.729621 0.379724 0.369501 0.364996 0.51236 0.528492 1.11805 0.484922 0.37374 0.343211 0.324596 0.33032 0.30303
threshold=3.5000000000000004 295.50000000000006 6.3656501350523191 26.819483663903579 177.50000000000003 167.50000000000003 93.500000000000014 29.785044068163554 34.350000000000001 264.64565685154167 -0.073092422389869308 28.850000000000005 -0.99052327954040364 141.50000000000003 0.17327051640834293 33.702165167264049 20.712985043877342 20.917875680437216 0.98521098335796142 96.500000000000014 11.350000000000003 165.90000000000003 0.53436760985011655 0.45971571054515331 23.150000000000002 28.500000000000004 0.99164058729498161 22.450000000000003 34.500000000000007 0.91989825116152757
decision_type=2 2 2 2 2 2 2 2 2 2 2 2 2 2 2 2 2 2 2 2 2 2 2 2 2 2 2 2 2 2
left_child=2 3 -1 8 5 6 11 -8 12 10 -10 -5 -2 14 16 -12 -14 -18 19 27 -19 22 -22 24 -24 -26 -3 28 -11 -28
right_child=1 26 -4 4 -6 -7 7 -9 9 18 15 -13 13 -15 -16 -17 17 20 -20 -21 21 -23 23 -25 25 -27 29 -29 -30 -31
leaf_value=0 -0.0050517079885859075 0.30025530465070949 0 -0.0074442341072422612 0.035984260172767235 -0.0093455607319260069 -0.0052944304983408531 -0.0070639102911056037 -0.0079012952921148315 0.0002575854324733448 -0.00028938921850895938 0.0074099949469409706 0.00014078447310901171 0.031201160500520464 -0.0052223571418868386 0.017430789995652115 -0.00030368053954107736 0.0001030434310555027 -0.00047838392466591429 -0.002676266711137167 0.00023870420436754669 0.0198074751514913 6.7559434623903336e-05 -0.0011678030581292677 0.00025839885958441045 -0.0005253818549531661 -0.13957783225235557 -0.00032531511824290924 -3.6790883597771697e-05 0.084054367655644321
leaf_weight=3271 33 2291 22 22 44 31 21 22 20 131 20 60 305 221 26 20 23 52 25 20 75 47 27 22 32 23 24 34 43 20
leaf_count=3271 33 2291 22 22 44 31 21 22 20 131 20 60 305 221 26 20 23 52 25 20 75 47 27 22 32 23 24 34 43 20
internal_value=-0.019292 0.00324585 -0.0448482 0.000604003 -0.003 -0.0049359 -0.003 -0.0101163 0.00120517 -0.000750799 -0.0075 0.000731707 0.00189616 0.00212778 0.00128165 1.86265e-10 0.00178218 0.00051495 0.000849803 0.00149123 0.00122302 0.000353982 -0.000865922 -0.00317308 -0.000487805 -0.00318182 0.00482869 0.00211538 0.00298851 0.000454546
internal_weight=7027 3734 3293 1399 200 156 125 43 1199 313 60 82 886 853 632 40 606 301 253 228 278 226 179 104 82 55 2335 208 174 44
internal_count=7027 3734 3293 1399 200 156 125 43 1199 313 60 82 886 853 632 40 606 301 253 228 278 226 179 104 82 55 2335 208 174 44
is_linear=0
shrinkage=0.05


Tree=75
num_leaves=31
num_cat=0
split_feature=0 18 14 1 14 2 11 13 5 6 10 16 9 18 15 16 15 14 1 0 9 10 11 6 10 10 13 3 0 15
split_gain=1615.36 6.5818 4.51509 1.18771 3.74214 0.760641 2.13935 0.963814 1.7042 1.32823 0.566303 0.557576 0.479611 0.955658 0.905284 0.818452 1.00087 0.676751 0.441788 0.476309 0.326583 0.909477 0.537371 0.365781 0.510504 1.11547 0.324384 0.323366 0.464335 0.593713
threshold=3.5000000000000004 25.824720088530508 6.3656501350523191 337.15000000000003 44.106058865047878 177.50000000000003 26.819483663903579 0.31823425778586051 40.500000000000007 93.500000000000014 0.99164058729498161 20.849976533401897 -0.99052327954040364 12.85657016783575 10.659161368285444 21.70023506392695 17.107428884324772 23.974700135607073 1.0000000180025095e-35 10.500000000000002 0.44437406304545285 0.7440763776038376 14.777337057572906 58.500000000000007 -0.88603780069526494 -0.97502841500522164 0.02505707762557078 32.350000000000001 136.50000000000003 8.5214468966070402
decision_type=2 2 2 2 2 2 2 2 2 2 2 2 2 2 2 2 2 2 2 2 2 2 2 2 2 2 2 2 2 2
left_child=2 3 -1 5 -5 6 10 9 -9 11 12 -8 15 14 18 16 -2 -16 -14 -20 23 22 27 26 25 -25 -21 -22 29 -29
right_child=1 -3 -4 4 -6 -7 7 8 -10 -11 -12 -13 13 -15 17 -17 -18 -19 19 20 21 -23 -24 24 -26 -27 -28 28 -30 -31
leaf_value=0 0.0054154791922520996 0.29943859647604065 0 -0.017470887629865307 0.022580399158074277 0.046478080689415724 0.0081738995741353609 0.001315077759349137 -0.0096581600338224022 -0.0041944871677953299 -0.0025823812440468837 -0.0054685570660628607 6.5476696244444241e-05 0.036366652624507022 -0.0038732767672217104 0.017721092663394496 -0.014416643104246524 0.00038087326320317182 -0.00035071979554126864 -3.1201470953069689e-05 0.00032714267128265082 -0.00091236166547856384 -0.00071134393905673322 0.00091365746363635762 0.00025066361774264977 -0.0035828415058539106 0.00035304249886245002 1.4604594933847234e-05 0.0066902600333441937 -0.0070358682706597956
leaf_weight=3271 22 2302 22 25 31 122 46 21 30 37 21 20 120 176 29 22 20 24 22 32 114 30 43 27 68 24 187 65 33 21
leaf_count=3271 22 2302 22 25 31 122 46 21 30 37 21 20 120 176 29 22 20 24 22 32 114 30 43 27 68 24 187 65 33 21
internal_value=-0.0193205 0.00319229 -0.0448482 0.000530726 -0.00660714 0.000821221 0.000454546 -0.00506493 -0.0106863 -0.00228155 0.00122727 0.0019697 0.00138554 0.00165025 0.000947557 -0.0028125 -0.00690476 -0.00537736 0.00137405 0.000870871 0.00111801 -6.53593e-05 0.000833334 0.00218935 -4.20166e-05 -0.00382353 0.00340183 0.00178112 -4.20166e-05 -0.00197674
internal_weight=7027 3734 3293 1432 56 1376 1254 154 51 103 1100 66 1079 1015 839 64 42 53 786 666 644 306 276 338 119 51 219 233 119 86
internal_count=7027 3734 3293 1432 56 1376 1254 154 51 103 1100 66 1079 1015 839 64 42 53 786 666 644 306 276 338 119 51 219 233 119 86
is_linear=0
shrinkage=0.05


Tree=76
num_leaves=31
num_cat=0
split_feature=0 18 14 1 14 2 11 13 5 6 10 16 3 3 16 1 9 3 2 13 18 0 10 10 15 6 4 4 17 9
split_gain=1612.66 6.72932 4.51509 1.47739 3.29226 0.775379 2.10855 0.963814 1.7042 1.32823 0.55999 0.557576 0.434363 1.76552 0.656625 0.483519 0.554752 0.543392 0.791289 0.758045 1.15714 0.489131 0.769231 0.422634 0.446429 0.281395 0.312418 0.953117 0.477788 0.230415
threshold=3.5000000000000004 25.824720088530508 6.3656501350523191 337.15000000000003 44.106058865047878 177.50000000000003 26.819483663903579 0.31823425778586051 40.500000000000007 93.500000000000014 0.99164058729498161 20.849976533401897 38.350000000000001 38.95000000000001 21.169088340669816 140.00000000000003 -0.99052327954040364 26.350000000000005 28.500000000000004 0.10757411856454636 5.2118986363581756 112.50000000000001 -0.69014782361074123 0.99164058729498161 58.357686170585559 99.500000000000014 14.15 12.250000000000002 27.889037661340694 0.99052327954040398
decision_type=2 2 2 2 2 2 2 2 2 2 2 2 2 2 2 2 2 2 2 2 2 2 2 2 2 2 2 2 2 2
left_child=2 3 -1 5 -5 6 10 9 -9 11 12 -8 15 -14 -15 17 -17 18 -2 20 -20 25 -23 -3 -25 26 27 28 -19 -18
right_child=1 23 -4 4 -6 -7 7 8 -10 -11 -12 -13 13 14 -16 16 29 21 19 -21 -22 22 -24 24 -26 -27 -28 -29 -30 -31
leaf_value=0 0.00010103330532671544 0.29903809410258875 0 -0.016597343248372011 0.021451379200170609 0.044154176654944984 0.0077652045954285922 0.0012493238713815913 -0.0091752520321312717 -0.0039847628094055341 -0.0024532621818445185 -0.0051951292127597063 -0.0058199347847864864 0.00072256760177469423 -0.00054855109824021098 -0.0041310474594651106 0.016865497189527286 0.00010151191705827185 2.853488602806301e-05 0.00013994147080991987 -0.0020280441630096467 -0.003619182000881837 0.0030078933953508612 0.16858869094190984 -0.082485506248156343 0.00029200549675063425 9.3589697536050609e-05 -0.00030890553415774353 -2.520079980760261e-05 0.0040360542419854775
leaf_weight=3271 87 2246 22 25 31 122 46 21 30 37 21 20 29 85 31 22 217 105 35 25 35 32 20 28 28 86 159 39 41 31
leaf_count=3271 87 2246 22 25 31 122 46 21 30 37 21 20 29 85 31 22 217 105 35 25 35 32 20 28 28 86 159 39 41 31
internal_value=-0.0193418 0.00315212 -0.0448482 0.000460894 -0.0075 0.000784884 0.000414673 -0.00506493 -0.0106863 -0.00228155 0.00118182 0.0019697 0.0013392 -0.0012069 0.00155172 0.00173448 0.00351852 0.00100904 -0.00131868 -0.00447368 -0.00714286 0.00188797 -0.00269231 0.00482624 0.000535714 0.00244186 0.00180233 0.000405406 0.00226027 0.00419355
internal_weight=7027 3734 3293 1432 56 1376 1254 154 51 103 1100 66 1079 145 116 934 270 664 182 95 70 482 52 2302 56 430 344 185 146 248
internal_count=7027 3734 3293 1432 56 1376 1254 154 51 103 1100 66 1079 145 116 934 270 664 182 95 70 482 52 2302 56 430 344 185 146 248
is_linear=0
shrinkage=0.05


Tree=77
num_leaves=31
num_cat=0
split_feature=0 18 14 1 14 2 11 15 6 9 5 10 1 18 9 15 0 0 13 3 10 15 2 0 0 18 17 16 6 6
split_gain=1617.16 6.03534 4.51509 0.950277 2.30083 0.717276 1.98334 1.02607 1.60447 1.26101 1.15566 0.579035 0.418937 0.512961 1.80609 1.02822 0.481922 0.477673 1.1284 1.46765 0.418366 0.446429 0.40683 0.926163 0.368326 0.353017 0.316298 0.398393 0.269411 0.270052
threshold=3.5000000000000004 25.824720088530508 6.3656501350523191 337.15000000000003 44.106058865047878 177.50000000000003 26.819483663903579 15.275117733282331 93.500000000000014 0.30901413279605805 37.500000000000007 0.99164058729498161 1.0000000180025095e-35 12.85657016783575 -0.99466160899732459 10.869060987546026 10.500000000000002 112.50000000000001 0.16107804324354255 34.350000000000001 0.99164058729498161 58.357686170585559 38.500000000000007 43.500000000000007 898.50000000000011 9.2504185900504137 29.951983373998925 21.823300973071337 7.5000000000000009 98.500000000000014
decision_type=2 2 2 2 2 2 2 2 2 2 2 2 2 2 2 2 2 2 2 2 2 2 2 2 2 2 2 2 2 2
left_child=2 3 -1 5 -5 6 11 -8 9 -9 -11 12 -2 15 -15 16 -14 22 19 -19 24 -22 23 26 -3 -20 27 28 -18 -30
right_child=1 20 -4 4 -6 -7 7 8 -10 10 -12 -13 13 14 -16 -17 17 18 25 -21 21 -23 -24 -25 -26 -27 -28 -29 29 -31
leaf_value=0 6.3040693141078232e-05 0.29204020399421055 0 -0.015767476085953459 0.020378810240162165 0.041946467822197707 0.0094849553624964337 0.0043133338440335279 -0.006581108105420991 -0.0016110780859142628 -0.0087164895467354373 -0.0023305990727523047 -0.00032382400752594342 -0.0090846471256459706 0.029070483025653928 -0.0026525697205503074 -4.3835104462323238e-06 0.0013373343675629023 0.0054370213913961006 -0.0038573989506240657 0.16015925639481435 -0.078361230935748261 0.00036485552098421419 -0.0011034988447355622 -0.00043010194819053662 -0.00061281716425618101 0.00072230305215325414 -0.00025148791965839777 0.00011834623228229428 -0.00074437581995564952
leaf_weight=3271 125 2222 22 25 31 122 23 40 37 34 20 21 22 24 184 35 89 20 44 27 28 28 257 32 24 38 52 24 84 22
leaf_count=3271 125 2222 22 25 31 122 23 40 37 34 20 21 22 24 184 35 89 20 44 27 28 28 257 32 24 38 52 24 84 22
internal_value=-0.0193062 0.00321907 -0.0448482 0.000670391 -0.00571429 0.000930233 0.000574163 -0.00474026 -0.00645038 -0.00297872 -0.00796296 0.00131818 0.00147822 0.00112159 0.00331731 0.000509384 0.000921238 0.00115385 -0.00158915 -0.00776596 0.00480452 0.000535714 0.00178571 0.000544555 0.00491095 0.00195122 0.00149447 0.000662101 0.00141026 0.00311321
internal_weight=7027 3734 3293 1432 56 1376 1254 154 131 94 54 1100 1079 954 208 746 711 689 129 47 2302 56 560 303 2246 82 271 219 195 106
internal_count=7027 3734 3293 1432 56 1376 1254 154 131 94 54 1100 1079 954 208 746 711 689 129 47 2302 56 560 303 2246 82 271 219 195 106
is_linear=0
shrinkage=0.05


Tree=78
num_leaves=31
num_cat=0
split_feature=0 0 14 15 11 1 11 10 11 9 4 17 18 15 12 6 10 5 5 3 3 18 13 0 13 5 18 4 10 16
split_gain=1613.56 6.13585 4.51509 0.802297 1.73539 1.65568 3.06051 0.558652 0.530338 0.712303 1.11371 0.534365 0.533402 1.03507 0.945312 0.7225 0.501214 0.536222 0.724553 0.457093 1.1544 0.436739 0.410227 0.363112 0.354361 0.350649 0.332016 0.305012 0.295761 0.271995
threshold=3.5000000000000004 304.50000000000006 6.3656501350523191 26.878073325202632 31.794833518443955 333.15000000000003 17.389158475866676 0.99164058729498161 4.8568673843510597 -0.99052327954040364 13.750000000000002 16.336118482280501 12.85657016783575 10.869060987546026 90.6375348117882 91.500000000000014 -0.98208922706762081 73.500000000000014 67.500000000000014 34.350000000000001 35.45000000000001 3.160508234285329 0.31370912961388087 898.50000000000011 0.022816176579953298 11.500000000000002 0.661223890837769 10.550000000000002 -0.37370587188196386 23.059388910053148
decision_type=2 2 2 2 2 2 2 2 2 2 2 2 2 2 2 2 2 2 2 2 2 2 2 2 2 2 2 2 2 2
left_child=2 3 -1 4 5 8 -7 23 29 10 -10 -11 13 16 15 22 -13 18 19 21 -21 24 -14 -3 26 -22 -18 28 -23 -2
right_child=1 7 -4 -5 -6 6 -8 -9 9 11 -12 12 14 -15 -16 -17 17 -19 -20 20 25 27 -24 -25 -26 -27 -28 -29 -30 -31
leaf_value=0 8.7572475446209618e-05 0.26258980743654142 0 0.025370050889660285 -0.0075007876598101797 0.024307603302875 -0.014510537240704375 -0.003476030076705933 -0.0086202326747290368 -0.0034443632531417851 0.0029107446335585561 0.00029282652025162319 0.0038114078164236198 -0.0035762059491535204 0.024180438614678293 -0.0018814223310662341 -0.00017151528091344974 0.00038548480769070009 -0.0031056879513562384 -0.00082600993039523151 -0.00040807983404105507 -0.00046211254601043476 -0.0030166069634588312 -0.0004085968507806792 -0.00021360326047068683 0.00097612531953624414 0.00011088851732522789 0.0012995977113917695 0.00029615148232497654 1.7501031011505113e-06
leaf_weight=3271 274 2239 22 135 21 24 29 42 25 26 21 53 44 38 194 20 23 89 35 22 33 28 36 24 25 44 21 88 29 52
leaf_count=3271 274 2239 22 135 21 24 29 42 25 26 21 53 44 38 194 20 23 89 35 22 33 28 36 24 25 44 21 88 29 52
internal_value=-0.0193347 0.00316551 -0.0448482 0.000591323 0.000208656 0.000443834 -0.00820755 0.00476139 0.000819672 0.000190157 -0.00586956 0.000518868 0.000742093 -0.000208333 0.00244898 -0.0015 0.000408163 -0.000148741 -0.00103448 -0.000271565 -0.00308081 0.00102804 0.000625 0.00486743 -0.00224638 -0.000194805 0.000454546 0.00258621 -0.000263158 0.00254601
internal_weight=7027 3734 3293 1429 1294 1273 53 2305 1220 894 46 848 822 528 294 100 490 437 348 313 99 214 80 2263 69 77 44 145 57 326
internal_count=7027 3734 3293 1429 1294 1273 53 2305 1220 894 46 848 822 528 294 100 490 437 348 313 99 214 80 2263 69 77 44 145 57 326
is_linear=0
shrinkage=0.05


Tree=79
num_leaves=31
num_cat=0
split_feature=0 18 14 1 10 11 12 10 18 15 9 12 3 0 13 3 4 10 15 14 1 18 16 6 1 5 16 16 0 1
split_gain=1611.76 6.31956 4.51509 1.16283 2.74589 0.788673 1.23475 0.557619 0.602795 1.58395 0.842212 0.535296 0.856601 0.530367 0.901554 1.58816 0.846168 0.409894 0.446429 0.367029 0.467378 0.439402 0.541385 0.629749 0.761552 0.612946 0.415003 0.4021 0.363022 0.332054
threshold=3.5000000000000004 25.824720088530508 6.3656501350523191 333.15000000000003 -0.11593459959550052 30.97460389582076 81.354268766784898 0.99164058729498161 15.339071760111681 16.828496977471108 -0.99466160899732459 90.6375348117882 29.650000000000002 112.50000000000001 0.16107804324354255 34.350000000000001 20.350000000000005 0.99164058729498161 58.357686170585559 0.35294841394985871 61.70000000000001 8.0413689877169379 19.690295878715236 4.5000000000000009 83.600000000000009 54.500000000000007 16.22426607643262 23.797817032416749 898.50000000000011 37.050000000000004
decision_type=2 2 2 2 2 2 2 2 2 2 2 2 2 2 2 2 2 2 2 2 2 2 2 2 2 2 2 2 2 2
left_child=2 3 -1 5 -5 7 -7 8 9 13 -10 12 -12 19 15 -15 -16 28 -19 20 26 22 -22 25 -25 -24 -2 29 -3 -21
right_child=1 17 -4 4 -6 6 -8 -9 10 -11 11 -13 -14 14 16 -17 -18 18 -20 27 21 -23 23 24 -26 -27 -28 -29 -30 -31
leaf_value=0 -0.001841695093783093 0.26430870342267293 0 -0.021166930965531232 0.0034157968586666964 -0.0056566207532563282 0.0010041974904566001 -0.0024248173476962452 -0.0097163138493362115 -0.0031997504263525573 -0.0032774026811745781 0.03619513490850268 0.0030362920806241422 0.001360808030861394 0.001177728141985999 -0.0036232285065731251 -0.0023147136806435237 0.15088279103059074 -0.074269367885124907 8.0114120666079571e-05 0.00025568548253530562 0.021324672583309001 -0.00028570230202355074 -0.00058486348626026862 -0.0032963990811876718 0.00039311646998142405 6.6015509857801727e-05 -0.00030932150780509858 -0.00038816700824191868 0.0023189833939120811
leaf_weight=3271 21 2222 22 29 34 34 67 21 22 28 23 253 44 22 78 27 32 28 28 189 30 22 24 21 22 41 169 33 24 146
leaf_count=3271 21 2222 22 29 34 34 67 21 22 28 23 253 44 22 78 27 32 28 28 189 30 22 24 21 22 41 169 33 24 146
internal_value=-0.0193489 0.00313873 -0.0448482 0.000530726 -0.00611111 0.000836377 -0.00341584 0.00117508 0.00131115 0.000635359 0.00309942 0.00375 -0.00022388 0.00100912 -0.00160377 -0.0072449 0.000909091 0.00476108 0.000535714 0.00158774 0.000428572 -0.0015625 -0.0026087 -0.00425926 -0.00895349 -0.00115385 0.00210526 0.00269022 0.00486643 0.00320896
internal_weight=7027 3734 3293 1432 63 1369 101 1268 1247 905 342 320 67 877 159 49 110 2302 56 718 350 160 138 108 43 65 190 368 2246 335
internal_count=7027 3734 3293 1432 63 1369 101 1268 1247 905 342 320 67 877 159 49 110 2302 56 718 350 160 138 108 43 65 190 368 2246 335
is_linear=0
shrinkage=0.05


Tree=80
num_leaves=31
num_cat=0
split_feature=0 18 14 1 17 17 13 2 7 5 10 10 10 10 15 11 15 1 3 14 11 0 1 1 9 16 15 0 4 1
split_gain=1607.27 6.28955 4.51509 0.718948 2.7225 0.771715 0.731845 0.824232 2.09814 0.714286 0.692445 0.457677 0.683611 0.42934 0.429894 0.374798 0.771113 0.476982 0.460853 1.38171 0.375412 0.36529 0.359029 0.396025 0.378506 0.662946 0.703247 0.449671 0.824025 1.17993
threshold=3.5000000000000004 31.496572723707356 6.3656501350523191 337.15000000000003 28.406877283459043 17.357580921423718 0.34492460234133032 167.50000000000003 0.78656609248549325 84.500000000000014 0.20088311396693925 -0.97870382656940669 -0.69014782361074123 0.99164058729498161 58.357686170585559 29.785044068163554 15.736710028536377 33.350000000000001 34.350000000000001 19.545413623655406 16.060944367205355 898.50000000000011 1.0000000180025095e-35 23.950000000000003 -0.99052327954040364 21.70023506392695 17.107428884324772 53.500000000000007 12.15 61.70000000000001
decision_type=2 2 2 2 2 2 2 2 2 2 2 2 2 2 2 2 2 2 2 2 2 2 2 2 2 2 2 2 2 2
left_child=2 3 -1 5 -5 9 7 11 -9 -2 -6 -7 15 21 -15 16 17 -13 20 -20 -19 -3 -14 -24 25 26 -25 28 -26 -30
right_child=1 13 -4 4 10 6 -8 8 -10 -11 -12 12 22 14 -16 -17 -18 18 19 -21 -22 -23 23 24 27 -27 -28 -29 29 -31
leaf_value=0 -0.0051949380721803941 0.28265972231948017 0 -0.021879290392519974 -0.0045256377246970791 0.00024462514578710959 0.04694691945430738 0.02568169799428939 -0.0062481927534963058 0.00018422180783174565 0.024121163818621089 2.1815888832973298e-05 0.00010462156019393459 0.15705813939147373 -0.070555899490868781 0.0054493667078597732 -0.002582744735828531 -0.00037707499739763196 -0.0019174885022361652 5.1184654034376696e-05 0.00039653333714976565 -0.00036875865782995398 -0.00021466675919468983 0.0050847198082138089 0.00018754867471688962 0.017818188732857877 -0.012279411234901786 0.0012282357557864975 0.00034641871887078373 -0.0021483825841159781
leaf_weight=3271 35 2134 22 20 28 109 156 30 23 28 52 105 67 26 28 22 27 26 33 50 47 24 76 22 93 22 20 385 26 20
leaf_count=3271 35 2134 22 20 28 109 156 30 23 28 52 105 67 26 28 22 27 26 33 50 47 24 76 22 93 22 20 385 26 20
internal_value=-0.0193845 0.00307177 -0.0448482 0.000597898 -0.0035 0.000886076 0.00113687 0.000719036 -0.00537736 -0.00452381 0.000625 0.001 0.000677234 0.00477396 0.000370371 -0.00129032 -0.00177083 -0.000938697 -0.00269231 -0.00524096 0.00020548 0.00488415 0.00151163 0.00115964 0.00159864 -0.00203125 -0.00571429 0.00204198 -0.000395683 -0.00586956
internal_weight=7027 3734 3293 1522 100 1422 1359 1203 53 63 80 1150 1041 2212 54 310 288 261 156 83 73 2158 731 664 588 64 42 524 139 46
internal_count=7027 3734 3293 1522 100 1422 1359 1203 53 63 80 1150 1041 2212 54 310 288 261 156 83 73 2158 731 664 588 64 42 524 139 46
is_linear=0
shrinkage=0.05


Tree=81
num_leaves=31
num_cat=0
split_feature=0 18 14 1 17 17 12 15 2 2 15 13 0 0 4 9 2 3 9 14 16 11 3 2 0 12 0 17 10 15
split_gain=1614.46 5.68046 4.51509 1.06646 1.98021 0.852536 0.797414 0.719528 0.631677 1.07474 1.24616 0.417571 0.606189 0.880859 0.891266 0.86104 0.876306 0.845812 0.734043 0.455929 0.433242 0.383283 0.537778 0.402261 0.696117 0.380033 0.354835 0.297063 0.281717 0.275132
threshold=3.5000000000000004 31.496572723707356 6.3656501350523191 311.75000000000006 27.955203777088894 16.336118482280501 126.92129392765953 14.570925942695149 177.50000000000003 167.50000000000003 20.413626351964634 0.2557677537516248 112.50000000000001 136.50000000000003 23.050000000000004 -0.22191329283520392 102.50000000000001 34.350000000000001 0.12447811117596704 1.0000000180025095e-35 23.797817032416749 14.180751959250115 26.950000000000003 40.500000000000007 43.500000000000007 259.43503142954705 898.50000000000011 22.263575389143835 0.99164058729498161 58.357686170585559
decision_type=2 2 2 2 2 2 2 2 2 2 2 2 2 2 2 2 2 2 2 2 2 2 2 2 2 2 2 2 2 2
left_child=2 3 -1 5 -5 7 -6 -2 9 11 -11 12 19 17 15 16 -15 18 -14 21 -21 23 -23 24 -7 -8 28 -13 -3 -30
right_child=1 26 -4 4 6 8 25 -9 -10 10 -12 27 13 14 -16 -17 -18 -19 -20 20 -22 22 -24 -25 -26 -27 -28 -29 29 -31
leaf_value=0 -0.00012822921399647651 0.26852673620350614 0 -0.018171191842710124 -0.010815629878682349 2.1143802864926218e-05 0.030575375014909541 -0.0075571013696003391 0.046528360428804059 -0.0059357831158215017 0.004439018069904304 -0.00080285230271382498 -0.0061756997839956659 0.015281735252578338 -0.0025054627281145213 0.0036763257754124853 -0.0025373578908859961 -0.0031602686681564706 0.0015019003109465639 0.00016943260469519622 -0.00028312209445510928 -0.0010985413543962205 0.00030950018425427372 0.00031884708318960704 -0.0018044249236901571 -0.0018187376446288546 -0.00035032072493855205 0.0094331598233811254 0.14920523242189987 -0.067028104516325279
leaf_weight=3271 29 2134 22 35 22 187 63 20 143 23 20 25 24 26 22 101 43 29 23 375 33 20 25 53 29 34 24 118 26 28
leaf_count=3271 29 2134 22 35 22 187 63 20 143 23 20 25 24 26 22 101 43 29 23 375 33 20 25 53 29 34 24 118 26 28
internal_value=-0.0193276 0.0031789 -0.0448482 0.000827858 -0.00311688 0.00127193 -4.20166e-05 -0.00520408 0.00151251 0.00113095 -0.00662791 0.00142542 0.00106061 -0.000970149 0.000833334 0.00205882 -0.00224638 -0.00552632 -0.00138298 0.0018144 0.00291667 0.000382166 -0.00388889 0.00109665 0.000138889 0.00190722 0.00479656 0.00395105 0.00486289 0.0012963
internal_weight=7027 3734 3293 1522 154 1368 119 49 1319 1176 43 1133 990 268 192 170 69 76 47 722 408 314 45 269 216 97 2212 143 2188 54
internal_count=7027 3734 3293 1522 154 1368 119 49 1319 1176 43 1133 990 268 192 170 69 76 47 722 408 314 45 269 216 97 2212 143 2188 54
is_linear=0
shrinkage=0.05


Tree=82
num_leaves=31
num_cat=0
split_feature=0 18 14 1 14 17 15 12 13 12 18 14 9 0 14 6 12 0 14 3 10 5 17 16 15 16 5 18 12 5
split_gain=1613.56 5.77489 4.51509 0.984359 2.82621 0.814995 0.719528 0.602695 1.1323 0.895853 0.814596 0.826266 0.637747 0.39435 0.495687 0.617589 0.378057 0.354835 0.329221 0.304839 0.281717 0.275436 0.66362 0.381935 0.275132 0.266082 0.264479 0.385714 0.342144 0.321035
threshold=3.5000000000000004 31.496572723707356 6.3656501350523191 337.15000000000003 44.106058865047878 16.336118482280501 14.570925942695149 106.9849235260141 0.31370912961388087 80.673104253298064 17.685032753126457 38.803685037687721 -0.9852109833579612 127.50000000000001 23.974700135607073 34.500000000000007 277.73016259139132 898.50000000000011 7.2227625521420391 33.650000000000013 0.99164058729498161 33.500000000000007 26.36323305391053 23.059388910053148 58.357686170585559 15.936846065274656 16.500000000000004 6.3425238804615178 286.50129019879785 70.500000000000014
decision_type=2 2 2 2 2 2 2 2 2 2 2 2 2 2 2 2 2 2 2 2 2 2 2 2 2 2 2 2 2 2
left_child=2 3 -1 5 -5 6 -2 8 12 -10 11 13 -7 26 15 -15 -16 20 -11 -6 -3 22 -14 -24 -22 -23 27 28 -9 -28
right_child=1 17 -4 4 19 7 -8 10 9 18 -12 -13 21 14 16 -17 -18 -19 -20 -21 24 25 23 -25 -26 -27 29 -29 -30 -31
leaf_value=0 -0.00012181775329664982 0.2551003993933309 0 -0.016866094114641638 0.029349386746935126 -0.0023314908920954425 -0.0071792463011202991 -0.00028654800736884221 -0.0035574582988970962 -0.0031599812883793925 0.049038462515068895 -0.0071470043327307164 -0.00045207637428211646 0.00024321358059083164 -0.00026464803415768512 -0.005699296710689414 0.0030616406081770721 -0.00033280468869186235 0.0029996137531763858 -0.0025460590809627589 0.14174497080080475 -0.0038938257026197524 0.00038108457302234383 -3.2532541882673891e-05 -0.063676699290509037 9.3095098923452589e-05 0.00022597553473047767 0.0075436586511762188 4.2050048595513951e-05 6.5108545427167258e-05
leaf_weight=3271 29 2134 22 38 42 32 20 26 20 22 225 23 28 36 37 33 47 24 20 20 26 25 37 25 28 339 263 27 37 71
leaf_count=3271 29 2134 22 38 42 32 20 26 20 22 225 23 28 36 37 33 47 24 20 20 26 25 37 25 28 339 263 27 37 71
internal_value=-0.0193347 0.00316551 -0.0448482 0.000795007 -0.004 0.00113221 -0.00520408 0.00135834 7.29929e-05 -0.00629032 0.00221212 0.00125 0.000884774 0.00162045 -0.000555555 -0.00369565 0.00202381 0.00479656 -0.00214286 0.00258065 0.00486289 0.00136564 -0.00111111 0.00177419 0.0012963 0.00197802 0.00240566 1.86265e-10 -0.00214286 0.00305389
internal_weight=7027 3734 3293 1522 100 1422 49 1373 548 62 825 600 486 577 153 69 84 2212 42 62 2188 454 90 62 54 364 424 90 63 334
internal_count=7027 3734 3293 1522 100 1422 49 1373 548 62 825 600 486 577 153 69 84 2212 42 62 2188 454 90 62 54 364 424 90 63 334
is_linear=0
shrinkage=0.05


Tree=83
num_leaves=31
num_cat=0
split_feature=0 18 14 1 14 17 1 12 2 0 2 9 4 4 12 10 10 17 16 0 15 11 0 0 3 2 0 10 15 4
split_gain=1610.86 6.01017 4.51509 1.18284 3.41762 0.872173 0.655674 0.620756 1.55144 0.873915 0.728279 1.04319 1.36674 0.5047 0.473605 0.379894 0.598755 0.800593 0.499083 0.352339 0.323049 0.309399 0.360294 0.597429 0.304839 0.304006 0.578186 0.267664 0.285714 0.25361
threshold=3.5000000000000004 30.59281575553609 6.3656501350523191 333.15000000000003 44.106058865047878 16.336118482280501 31.250000000000004 91.628144612383139 167.50000000000003 203.50000000000003 102.50000000000001 -0.64860553522282427 20.350000000000005 7.5500000000000007 78.442847959195731 -0.91583036384466876 -0.69014782361074123 26.478115463962919 22.49974786182614 898.50000000000011 5.384331108919489 12.975113603288596 115.50000000000001 136.50000000000003 33.350000000000001 36.500000000000007 43.500000000000007 0.99164058729498161 58.357686170585559 14.15
decision_type=2 2 2 2 2 2 2 2 2 2 2 2 2 2 2 2 2 2 2 2 2 2 2 2 2 2 2 2 2 2
left_child=2 3 -1 5 -5 6 -2 8 13 10 21 -12 -13 14 -7 -15 17 20 -18 27 -17 22 25 -24 -6 26 29 -3 -29 -9
right_child=1 19 -4 4 24 7 -8 9 -10 -11 11 12 -14 15 -16 16 18 -19 -20 -21 -22 -23 23 -25 -26 -27 -28 28 -30 -31
leaf_value=0 -0.0020102721678450014 0.23902968084006249 0 -0.017336794028697141 0.0278819174095883 0.00013883651659391978 -0.0031688298729778195 3.0275208931838689e-05 -0.0060558454880449064 0.041429120136794652 -0.0038742031611101804 0.0010664737614540863 -0.0040568397376847393 0.00012371877036146346 -0.0011002456159823956 -8.268173124131785e-06 0.00035033557419682064 0.00026674734834933317 -0.0022892132856415412 -0.00031616445425704525 -0.0029903891175718151 0.0043254727275877621 -0.0051943698525861257 0.0058448072565079542 -0.0024187561269146114 0.0014878427842880064 -0.00054363289613057789 0.12289855979570286 -0.060492864325983491 0.00015181011830853614
leaf_weight=3271 27 2147 22 37 42 24 20 197 31 240 29 88 33 110 25 35 82 24 22 24 36 71 35 29 20 139 21 28 28 90
leaf_count=3271 27 2147 22 37 42 24 20 197 31 240 29 88 33 110 25 35 82 24 22 24 36 71 35 29 20 139 21 28 28 90
internal_value=-0.0193561 0.00312533 -0.0448482 0.000686795 -0.00459596 0.00105824 -0.0056383 0.00128949 -0.000398457 0.00196502 0.00110656 -0.002 4.13225e-05 0.000530726 -0.00418367 0.00127832 -2.51254e-05 -0.00289474 0.00259615 0.00477548 -0.00556338 0.00190722 0.0014775 -0.00203125 0.00258065 0.00197987 0.0011039 0.00484113 0.00142857 0.0016899
internal_weight=7027 3734 3293 1507 99 1408 47 1361 389 972 732 150 121 358 49 309 199 95 104 2227 71 582 511 64 62 447 308 2203 56 287
internal_count=7027 3734 3293 1507 99 1408 47 1361 389 972 732 150 121 358 49 309 199 95 104 2227 71 582 511 64 62 447 308 2203 56 287
is_linear=0
shrinkage=0.05


Tree=84
num_leaves=31
num_cat=0
split_feature=0 13 14 15 18 6 12 13 1 16 10 4 15 0 10 12 6 0 4 4 4 17 15 1 16 0 10 16 1 15
split_gain=1610.86 5.7037 4.51509 0.739737 1.07522 0.845029 0.844271 1.45455 0.86668 1.5283 0.92612 0.752198 0.64 0.628205 0.44042 0.421797 0.424825 0.354925 0.324612 0.400721 0.720483 0.727912 0.543821 0.433483 0.331915 0.284444 0.277069 0.225417 0.2253 0.301472
threshold=3.5000000000000004 0.4065429704115836 6.3656501350523191 10.659161368285444 15.339071760111681 77.500000000000014 80.673104253298064 0.31370912961388087 293.15000000000003 20.357998365372307 0.030119189164198128 15.050000000000002 20.642084309029503 127.50000000000001 0.99164058729498161 86.885001028975879 14.500000000000002 898.50000000000011 18.350000000000005 11.750000000000002 13.850000000000003 24.004577073388067 0.35294841394985871 61.70000000000001 22.59644525644368 165.50000000000003 -0.94695267581281539 20.810019170304464 10.450000000000001 1.104857663302558
decision_type=2 2 2 2 2 2 2 2 2 2 2 2 2 2 2 2 2 2 2 2 2 2 2 2 2 2 2 2 2 2
left_child=2 3 -1 18 5 25 7 -6 15 -10 11 12 -11 -7 17 16 -8 -3 19 28 21 -21 -22 27 -25 -5 -24 -23 -2 -30
right_child=1 14 -4 4 6 13 8 -9 9 10 -12 -13 -14 -15 -16 -17 -18 -19 -20 20 22 23 26 24 -26 -27 -28 -29 29 -31
leaf_value=0 7.825160680944745e-05 0.20652816594559709 0 0.00015113037434061344 0.0036742849665984179 -0.0026191437362370323 0.0040000242112767561 -0.0046551538361917534 -0.016135611271832887 -0.01057326888980285 0.021611526072544317 0.003979024759916263 -0.0051722116659531003 -0.0045373861645853653 0.010679691122761348 0.019447741549507666 -0.00095872604556036963 -0.000300356231543969 0.00013097420901245685 -0.00264420797953671 -0.00013361926009286456 0.00016556111262766603 -2.1003160874460189e-05 -0.0024253242197028783 0.00017027926437518661 -0.00012309182362154835 0.00020314425225498962 9.7569055610709228e-06 -7.0907073534714441e-05 0.00020236405225744275
leaf_weight=3271 61 2198 22 25 22 26 26 22 25 20 120 39 25 24 51 196 22 24 193 21 25 27 20 31 21 20 128 22 41 259
leaf_count=3271 61 2198 22 25 22 26 26 22 25 20 120 39 25 24 51 196 22 24 193 21 25 27 20 31 21 20 128 22 41 259
internal_value=-0.0193561 0.00312533 -0.0448482 0.000687885 -0.000637255 -0.00552632 0.000261122 -0.00636364 0.000877379 -0.00133188 9.80394e-05 -0.00392857 -0.00833333 -0.01 0.00469204 0.00295082 -0.00125 0.00479748 0.00164311 0.00111281 -0.000254237 -0.00319672 0.00182081 -0.00143564 -0.00461538 -0.000555555 0.00297297 0.00193878 0.00222992 0.00166667
internal_weight=7027 3734 3293 1461 612 95 517 44 473 229 204 84 45 50 2273 244 48 2222 849 656 295 122 173 101 52 45 148 49 361 300
internal_count=7027 3734 3293 1461 612 95 517 44 473 229 204 84 45 50 2273 244 48 2222 849 656 295 122 173 101 52 45 148 49 361 300
is_linear=0
shrinkage=0.05


Tree=85
num_leaves=31
num_cat=0
split_feature=0 18 14 1 12 17 12 15 2 2 3 18 16 10 12 0 4 4 9 4 3 10 4 11 0 16 9 1 10 10
split_gain=1615.36 5.17815 4.51509 0.940083 3.90028 0.837537 0.773082 0.75 0.749436 1.71187 0.352621 1.04004 0.543517 0.355064 0.487725 0.349377 0.334821 0.325844 0.320965 0.710062 0.385662 0.578351 0.434278 0.569691 0.944977 0.312695 0.311818 0.290813 0.285784 0.282912
threshold=3.5000000000000004 32.120214874507454 6.3656501350523191 320.45000000000005 128.98347140998789 16.336118482280501 259.43503142954705 15.736710028536377 172.50000000000003 167.50000000000003 38.45000000000001 9.9355854023393793 21.215562330192437 -0.98208922706762081 71.263667047985521 898.50000000000011 17.950000000000003 4.3500000000000005 -0.99052327954040364 12.550000000000002 26.250000000000004 -0.35768498937424864 8.9500000000000011 10.347694026713762 45.500000000000007 21.503357666677086 0.86958133671945947 37.050000000000004 0.99164058729498161 -0.69637622559687229
decision_type=2 2 2 2 2 2 2 2 2 2 2 2 2 2 2 2 2 2 2 2 2 2 2 2 2 2 2 2 2 2
left_child=2 3 -1 5 -5 7 -6 -2 9 10 13 12 27 -7 16 28 -15 -16 19 -19 21 -20 -23 24 25 -24 -8 -12 -3 -22
right_child=1 15 -4 4 6 8 26 -9 -10 -11 11 -13 -14 14 17 -17 -18 18 20 -21 29 22 23 -25 -26 -27 -28 -29 -30 -31
leaf_value=0 9.6603111165762789e-05 0.22338787080680567 0 -0.018444423232569403 0.025356398300576108 0.00018895737296431811 -0.0092657001317261508 -0.01109201637570445 0.03312458458516529 -0.0072824855188006275 -1.3809773376368047e-05 -0.0040806151346135149 -0.00023971273464603107 3.522195034424108e-06 -0.00049604982872598587 -0.00028533841996654651 -2.0062836945138887e-05 -0.004231413798960402 -0.0013747619789466325 0.0045170576438221905 7.8416284660819753e-05 0.002745788678077953 0.00064986369508229335 0.0019469854935252871 -0.0012064464492701321 -3.558287488836288e-05 0.0050045847553993475 0.0011423271981613008 0.039621361684452891 0.00019542466991071818
leaf_weight=3271 30 2121 22 22 66 78 28 20 169 28 34 22 23 32 39 24 24 22 20 29 181 61 52 72 31 30 22 55 52 347
leaf_count=3271 30 2121 22 22 66 78 28 20 169 28 34 22 23 32 39 24 24 22 20 29 181 61 52 72 31 30 22 55 52 347
internal_value=-0.0193205 0.00319229 -0.0448482 0.000966168 -0.00297101 0.00135454 0.000689655 -0.005 0.00159007 0.00114407 0.00144097 -0.000970149 0.000982143 0.00175835 0.00148936 0.00474966 -0.00303571 0.00177602 0.00198225 -0.00186274 0.00222922 0.000676692 0.00134146 0.000135135 -0.00207965 0.000731707 -0.004 0.00275281 0.00481592 0.00301136
internal_weight=7027 3734 3293 1537 138 1399 116 50 1349 1180 1152 134 112 1018 940 2197 56 884 845 51 794 266 246 185 113 82 50 89 2173 528
internal_count=7027 3734 3293 1537 138 1399 116 50 1349 1180 1152 134 112 1018 940 2197 56 884 845 51 794 266 246 185 113 82 50 89 2173 528
is_linear=0
shrinkage=0.05


Tree=86
num_leaves=31
num_cat=0
split_feature=0 0 14 12 12 2 12 1 15 3 2 17 9 3 16 6 12 9 12 5 0 10 13 13 14 4 4 1 3 15
split_gain=1612.66 5.42658 4.51509 0.855919 1.09221 0.883568 1.78302 0.584573 2.49703 0.469378 0.468721 0.474091 0.461053 0.391768 0.523861 0.367845 0.723514 0.934045 0.77498 0.369614 0.338027 0.343039 0.34632 0.295899 0.38961 0.265298 0.31693 0.448718 0.280969 0.221817
threshold=3.5000000000000004 304.50000000000006 6.3656501350523191 240.93171984514979 236.15277394565598 167.50000000000003 101.04884081438483 323.25000000000006 27.451052753051083 38.45000000000001 6.5000000000000009 17.668908546063204 -0.99052327954040364 38.95000000000001 21.169088340669816 90.500000000000014 82.126329620321897 0.90880922144842613 110.37300667543541 30.500000000000004 898.50000000000011 0.99164058729498161 0.91989825116152757 0.4065429704115836 41.716238353717685 16.050000000000004 13.250000000000002 15.150000000000002 34.45000000000001 2.2298997810904004
decision_type=2 2 2 2 2 2 2 2 2 2 2 2 2 2 2 2 2 2 2 2 2 2 2 2 2 2 2 2 2 2
left_child=2 3 -1 4 5 7 -7 10 -9 25 -2 -12 -13 -11 -15 19 -17 18 -18 -14 21 23 -23 24 -3 26 -5 -28 -29 -21
right_child=1 20 -4 9 -6 6 -8 8 -10 13 11 12 15 14 -16 16 17 -19 -20 29 -22 22 -24 -25 -26 -27 27 28 -30 -31
leaf_value=0 -5.6811917571723106e-06 0.064993404169632951 0 0.00017843722546969477 -0.0058134618190986273 -0.010902868508255541 0.038223624506228106 -0.01654525714540327 0.030304066046122836 -0.0043236193517820834 -0.0023574218205515756 -0.0016938682188552441 -7.1081133071072315e-05 0.0006869425704726 -0.0011025988420505827 0.00022589635854124431 -0.001899573801552489 0.004016905691310222 0.0013936974742390933 1.634703695401292e-05 -0.00027107149896799524 -0.15761132007312006 0.087381951947171646 0.2021906739232546 -0.0086556212819877826 0.00063895000405253272 -0.0015832151165489452 0.00043655799597267598 -9.7465510762412009e-05 0.00052322007688879136
leaf_weight=3271 29 42 22 285 21 32 21 26 40 28 23 32 69 101 30 40 33 25 28 70 24 22 20 2162 35 138 21 44 26 267
leaf_count=3271 29 42 22 285 21 32 21 26 40 28 23 32 69 101 30 40 33 25 28 70 24 22 20 2162 35 138 21 44 26 267
internal_value=-0.0193418 0.00315212 -0.0448482 0.000731281 -0.00042328 -0.000102041 -0.00632075 0.000381232 -0.00409091 0.00202823 0.00086039 0.00116695 0.0014539 -0.000345912 0.000801527 0.00180451 -0.000555555 -0.00313953 -0.00647541 0.00253695 0.00465293 0.00471504 0.000238095 0.00479902 0.00175325 0.00276265 0.00207447 -0.000494505 0.00142857 0.00321958
internal_weight=7027 3734 3293 1429 756 735 53 682 66 673 616 587 564 159 131 532 126 86 61 406 2305 2281 42 2239 77 514 376 91 70 337
internal_count=7027 3734 3293 1429 756 735 53 682 66 673 616 587 564 159 131 532 126 86 61 406 2305 2281 42 2239 77 514 376 91 70 337
is_linear=0
shrinkage=0.05


Tree=87
num_leaves=31
num_cat=0
split_feature=0 18 14 12 1 17 1 15 10 14 15 2 6 5 16 3 13 13 2 1 10 17 0 12 2 10 15 17 14 3
split_gain=1614.46 4.96672 4.51509 0.919198 1.96736 0.883157 0.474419 0.84458 0.465699 0.661748 0.960304 0.567546 0.726614 1.27484 1.55769 0.4329 0.753463 0.406849 0.4 0.388495 0.498459 0.348445 0.344096 0.317987 0.509956 0.296287 0.280825 0.38047 0.725366 0.27056
threshold=3.5000000000000004 32.120214874507454 6.3656501350523191 240.93171984514979 333.15000000000003 16.336118482280501 37.050000000000004 19.027374291754185 -0.9523422988233432 4.6607666665367633 20.165809888225965 40.500000000000007 4.5000000000000009 57.500000000000007 19.435788584920697 32.750000000000007 0.28277136941733222 0.32046165541034416 159.50000000000003 69.65000000000002 -0.42889193791248376 32.494283209014007 898.50000000000011 90.6375348117882 226.50000000000003 0.99164058729498161 0.14690278490434797 26.934772981737925 9.737565236803631 38.050000000000004
decision_type=2 2 2 2 2 2 2 2 2 2 2 2 2 2 2 2 2 2 2 2 2 2 2 2 2 2 2 2 2 2
left_child=2 3 -1 4 5 -2 7 26 -7 11 15 12 19 -14 -15 16 -11 18 -12 20 -10 -8 23 24 -3 -25 -5 29 -29 -28
right_child=1 22 -4 6 -6 8 21 -9 9 10 17 -13 13 14 -16 -17 -18 -19 -20 -21 -22 -23 -24 25 -26 -27 27 28 -30 -31
leaf_value=0 -0.0048970084106160078 -0.011940528237871463 0 8.5127611225437776e-05 -0.01547375805674873 0.0001497925197875495 0.0023223790455281969 -0.0020319313645369768 0.0002177655322736115 -0.00081394724659618898 0.0055957275437445416 0.00020493576055660861 0.00013821564799667587 -0.00065303887825989525 -0.0028387536518443969 -5.6062136254080345e-05 -0.0039630436725824102 0.029517953454709964 -0.002274674435480256 0.00095112602549583597 -0.00010795891879825011 -0.00048063514616008022 -0.00025751792401940702 0.22754494685672097 0.099133752899918173 0.044295892312860123 0.00017231742818234742 -0.00022613298600809669 0.00071167498377326091 -2.628311564592614e-05
leaf_weight=3271 25 29 22 40 27 107 538 21 37 22 20 257 31 26 26 22 20 33 20 47 20 26 24 2050 42 52 77 30 26 39
leaf_count=3271 25 29 22 40 27 107 538 21 37 22 20 257 31 26 26 22 20 33 20 47 20 26 24 2050 42 52 77 30 26 39
internal_value=-0.0193276 0.0031789 -0.0448482 0.000998699 -0.00027027 0.000231417 0.00217691 0.00027897 0.000566861 8.60604e-06 -0.0030292 0.000945946 -0.00114973 -0.00463855 -0.00942308 -0.0075 -0.0104762 0.000890411 -0.0025 0.00163462 -0.00114035 0.00296099 0.00470414 0.0047699 0.00147887 0.00488107 0.00122642 0.000348837 -0.00303571 0.00198276
internal_weight=7027 3734 3293 1537 740 713 797 233 688 581 137 444 187 83 52 64 42 73 40 104 57 564 2197 2173 71 2102 212 172 56 116
internal_count=7027 3734 3293 1537 740 713 797 233 688 581 137 444 187 83 52 64 42 73 40 104 57 564 2197 2173 71 2102 212 172 56 116
is_linear=0
shrinkage=0.05


Tree=88
num_leaves=31
num_cat=0
split_feature=0 0 14 17 1 1 17 15 18 1 17 1 0 15 2 2 0 10 13 3 18 16 3 10 4 11 1 6 9 6
split_gain=1607.27 5.38021 4.51509 0.733933 0.779918 1.16573 0.825 0.75 0.505502 0.435497 2.13841 0.586755 0.72803 0.385971 0.703219 0.989319 0.328163 0.329734 0.34632 0.324721 0.675793 0.846135 0.388074 1.20536 0.580031 1.22483 0.841154 0.534783 0.362268 0.433955
threshold=3.5000000000000004 304.50000000000006 6.3656501350523191 16.336118482280501 1.0000000180025095e-35 11.350000000000003 25.959126420921944 6.3743735143443683 0.230728433994417 333.15000000000003 28.567643104378678 407.05000000000007 203.50000000000003 22.265533624089866 167.50000000000003 172.50000000000003 898.50000000000011 0.99164058729498161 0.91989825116152757 38.45000000000001 9.9355854023393793 21.215562330192437 27.250000000000004 -0.38168922026665864 12.15 10.347694026713762 81.050000000000011 99.500000000000014 -0.20509690261668603 3.5000000000000004
decision_type=2 2 2 2 2 2 2 2 2 2 2 2 2 2 2 2 2 2 2 2 2 2 2 2 2 2 2 2 2 2
left_child=2 3 -1 7 -5 6 -6 -2 -7 13 -11 12 -12 14 19 -16 17 -3 -19 22 21 -21 23 -10 27 26 -26 -25 29 -24
right_child=1 16 -4 4 5 8 -8 -9 9 10 11 -13 -14 -15 15 -17 -18 18 -20 20 -22 -23 28 24 25 -27 -28 -29 -30 -31
leaf_value=0 0.00071168952427888533 0.15250097914375546 0 7.4677700035375591e-05 -0.0057051271016040567 -0.00023557979248658111 3.6414419759427382e-06 -0.0078605938714786227 -0.0020015914805166421 -0.016165487542217714 0.027118590294450386 0.027900569742656752 -0.0043620853494597787 0.03355818872319432 -0.0092683284332397697 0.004528183840906112 -0.00024464202781878107 -0.15194554868510726 0.080798059734170383 0.00032751366742626918 -0.0039983254247146095 -0.00018677563100350634 0.0028557423702498014 0.0018355079432600377 0.00018659129963992296 0.0018695049235803157 -0.00078862683260582744 -0.00080599337479928207 0.00026178215091935601 3.6131102307993253e-06
leaf_weight=3271 24 2239 22 127 24 21 20 24 38 21 24 49 20 87 23 21 24 22 20 88 21 23 77 141 26 37 24 22 250 197
leaf_count=3271 24 2239 22 127 24 21 20 24 38 21 24 49 20 87 23 21 24 22 20 88 21 23 77 141 26 37 24 22 250 197
internal_value=-0.0193845 0.00307177 -0.0448482 0.000661302 0.000872556 0.000494418 -0.0075 -0.00541667 0.000785124 0.000920942 -0.00201754 0.00123656 -0.00295455 0.00123256 0.000951417 -0.00522727 0.00456616 0.00462736 0.000238095 0.00123941 -0.00106061 0.000495496 0.0016133 0.000138889 0.0014 -0.00189655 -0.007 0.00315951 0.00242366 0.00116788
internal_weight=7027 3734 3293 1429 1381 1254 44 48 1210 1189 114 93 44 1075 988 44 2305 2281 42 944 132 111 812 288 250 87 50 163 524 274
internal_count=7027 3734 3293 1429 1381 1254 44 48 1210 1189 114 93 44 1075 988 44 2305 2281 42 944 132 111 812 288 250 87 50 163 524 274
is_linear=0
shrinkage=0.05


Tree=89
num_leaves=31
num_cat=0
split_feature=0 13 14 1 17 11 11 17 1 1 15 2 10 14 13 18 12 12 3 10 1 5 11 4 9 6 12 4 9 12
split_gain=1601.88 5.87918 4.51509 0.779552 3.25525 0.886776 0.997463 0.700518 0.70763 0.888185 0.587958 0.623596 0.597604 0.543301 0.473897 0.439953 0.355388 0.350732 0.596488 1.12308 0.559559 0.63 0.546707 0.576262 0.669643 0.610702 0.548571 0.413304 0.533749 0.971645
threshold=3.5000000000000004 0.4065429704115836 6.3656501350523191 333.15000000000003 28.233838397671466 19.088914978457193 22.237202983197971 16.336118482280501 1.0000000180025095e-35 11.050000000000002 20.413626351964634 167.50000000000003 -0.97870382656940669 17.065732872120929 0.51762392900856802 0.230728433994417 91.062815062292501 284.91521471611526 26.350000000000005 -0.26781430516217447 33.350000000000001 25.500000000000004 10.347694026713762 12.15 0.67125374152323958 93.500000000000014 116.73198190700471 15.050000000000002 -0.99052327954040364 256.72996899572246
decision_type=2 2 2 2 2 2 2 2 2 2 2 2 2 2 2 2 2 2 2 2 2 2 2 2 2 2 2 2 2 2
left_child=2 3 -1 7 -5 -6 -7 -2 -9 -10 11 12 -11 14 -3 -14 -12 18 19 -17 -19 -22 23 25 -25 26 -21 28 29 -20
right_child=1 13 -4 4 5 6 -8 8 9 10 16 -13 15 -15 -16 17 -18 20 27 22 21 -23 -24 24 -26 -27 -28 -29 -30 -31
leaf_value=0 -0.0033799872124279716 0.038494113929824131 0 -0.022667696454684968 0.016832870782459236 -0.006195743558570937 0.0074426838273142521 7.0943815033606497e-05 -0.0051550689722354385 0.00025298573284412762 -0.00069416621680898729 -0.0014781741685988975 -0.00022380080286225161 0.17415017830465129 -0.0088040307744024979 -0.0059724797059070821 0.026553523142093138 5.9505956227482105e-05 -0.0069487209430524931 -3.4722756166493387e-06 -1.752411097478529e-05 -0.0039586289049081619 0.0038744103538841165 -0.00072306863410125707 2.0065556175653941e-05 -0.001080244997391971 0.0088956966591937862 0.00061468268346774949 0.00012570181005028516 0.0012093334576781267
leaf_weight=3271 30 65 22 21 63 23 29 127 26 93 20 30 21 2174 34 20 137 59 20 21 50 20 81 27 21 20 54 191 235 22
leaf_count=3271 30 65 22 21 63 23 29 127 26 93 20 30 21 2174 34 20 137 59 20 21 50 20 81 27 21 20 54 191 235 22
internal_value=-0.0194272 0.00299143 -0.0448482 0.00051677 -0.00308824 0.000217391 -0.00461538 0.000886793 0.00106178 0.00067637 0.000884413 0.000431472 0.00065445 0.00458205 0.000959596 0.00024362 0.00372611 0.000422117 0.000856742 -0.00114754 -0.00197674 -0.005 -0.000133928 -0.00199301 -0.00645833 0.000263158 0.00233333 0.00190171 0.00066787 -0.00452381
internal_weight=7027 3734 3293 1461 136 115 52 1325 1295 1168 1142 985 955 2273 99 862 157 841 712 244 129 70 224 143 48 95 75 468 277 42
internal_count=7027 3734 3293 1461 136 115 52 1325 1295 1168 1142 985 955 2273 99 862 157 841 712 244 129 70 224 143 48 95 75 468 277 42
is_linear=0
shrinkage=0.05


Tree=90
num_leaves=31
num_cat=0
split_feature=0 13 14 1 17 10 10 0 11 14 14 12 1 1 4 17 12 15 1 10 14 16 10 4 6 11 9 10 18 3
split_gain=1600.99 5.65512 4.51509 0.964018 2.55208 1.15238 0.613126 0.620457 0.506499 1.30812 0.462978 0.454193 0.399815 0.469856 0.8462 0.664633 0.703247 0.649454 0.907357 0.684263 0.456618 0.698328 0.592101 0.466454 0.672315 0.557557 0.431828 0.468754 0.466566 0.429501
threshold=3.5000000000000004 0.4065429704115836 6.3656501350523191 337.15000000000003 28.406877283459043 0.23448270380211197 0.99164058729498161 898.50000000000011 31.794833518443955 13.534481367246661 17.065732872120929 93.022231945316278 1.0000000180025095e-35 140.00000000000003 4.1500000000000012 31.254695393367452 106.9849235260141 9.7492377029305768 51.100000000000009 -0.88603780069526494 10.282960876418951 19.502642845175668 0.1159303052754759 12.950000000000001 21.500000000000004 12.975113603288596 -0.99273952934267318 0.88201535311751311 22.83045952974452 39.050000000000004
decision_type=2 2 2 2 2 2 2 2 2 2 2 2 2 2 2 2 2 2 2 2 2 2 2 2 2 2 2 2 2 2
left_child=2 3 -1 8 -5 -6 7 10 12 -10 11 -3 -2 14 -14 17 -17 20 -19 29 21 -16 23 24 25 -23 -15 28 -28 -20
right_child=1 6 -4 4 5 -7 -8 -9 9 -11 -12 -13 13 26 15 16 -18 18 19 -21 -22 22 -24 -25 -26 -27 27 -29 -30 -31
leaf_value=0 5.6139485791315383e-05 -0.010397371283161518 0 -0.023076043412387323 -0.0070392194924515025 0.014772367050730801 -0.001530351161372684 -0.0089399188416604825 -0.0042116940829288957 0.0093622626940950467 0.17417563843670658 0.049427197697110688 -0.0010813355182515134 -0.0038696657762349916 0.00035227907946538988 1.5626204852240137e-05 -0.00076443114030949394 -0.0021502812683118428 -0.0046259157955535557 0.0058149481763558721 0.00063418013017719479 -5.2994514119671255e-05 -9.7049406598321498e-05 8.171536531637459e-05 0.00015244796822055858 -0.0026360417431885801 0.0058335718645668652 -0.00078546166803602287 -0.0035990986352082465 0.00052097700551084238
leaf_weight=3271 127 38 22 20 28 80 51 24 27 31 2102 58 25 28 102 22 20 20 20 32 157 41 39 134 31 20 385 20 31 21
leaf_count=3271 127 38 22 20 28 80 51 24 27 31 2102 58 25 28 102 22 20 20 20 32 157 41 39 134 31 20 385 20 31 21
internal_value=-0.0194343 0.00297804 -0.0448482 0.000550993 -0.00359375 -0.000555555 0.00453806 0.00466247 0.000948987 -0.00362069 0.00474977 0.00135417 0.00115686 0.00086237 2.924e-05 0.000371776 -0.00571429 0.000786062 -0.00306452 -0.000479452 0.00146947 0.000504087 -0.000849056 0.000132744 -0.0026087 -0.00565574 0.00209052 0.00247706 0.00283654 -0.0047561
internal_weight=7027 3734 3293 1461 128 108 2273 2222 1333 58 2198 96 1275 1148 684 659 42 617 93 73 524 367 265 226 92 61 464 436 416 41
internal_count=7027 3734 3293 1461 128 108 2273 2222 1333 58 2198 96 1275 1148 684 659 42 617 93 73 524 367 265 226 92 61 464 436 416 41
is_linear=0
shrinkage=0.05


Tree=91
num_leaves=31
num_cat=0
split_feature=0 13 14 15 1 1 15 1 11 14 14 3 9 9 6 10 0 0 4 14 12 6 0 0 2 0 4 14 1 15
split_gain=1594.72 6.3551 4.51509 0.864658 1.66707 1.61413 0.73606 2.30714 1.84676 0.767494 1.05105 1.11313 0.72973 0.91182 0.683518 0.613126 0.620457 0.555597 0.513674 0.462978 0.454193 0.4 0.389603 0.716708 0.693132 0.514084 0.570744 0.585971 0.382734 0.505805
threshold=3.5000000000000004 0.4065429704115836 6.3656501350523191 9.7492377029305768 23.950000000000003 1.0000000180025095e-35 27.451052753051083 337.15000000000003 18.866066188581147 25.048422152172336 4.8068066522688966 29.650000000000002 0.63874350706337069 0.30901413279605805 89.500000000000014 0.99164058729498161 898.50000000000011 148.50000000000003 9.9500000000000011 17.065732872120929 93.022231945316278 5.5000000000000009 53.500000000000007 43.500000000000007 38.500000000000007 106.50000000000001 17.050000000000004 20.602707377003725 11.850000000000003 2.3520095956920186
decision_type=2 2 2 2 2 2 2 2 2 2 2 2 2 2 2 2 2 2 2 2 2 2 2 2 2 2 2 2 2 2
left_child=2 3 -1 22 5 -5 7 9 -9 10 18 -12 13 14 -13 16 19 -11 21 20 -3 -6 23 28 -25 -24 27 -27 -2 -30
right_child=1 15 -4 4 6 -7 -8 8 -10 17 11 12 -14 -15 -16 -17 -18 -19 -20 -21 -22 -23 25 24 -26 26 -28 -29 29 -31
leaf_value=0 5.4647010479474636e-05 -0.0098775027190034295 0 0.00044075972496835996 0.01006522428090729 -0.0044675718590855545 0.022549446854940283 0.00088453018227695819 -0.015446838157728371 -0.00069989582296926529 -0.0039899649243015619 0.00094180202036438655 0.018293207512776376 -0.0013279095305715213 -0.003936889895016598 -0.00145383360330405 -0.0084929228995773761 0.014552244455775302 0.0069771446926632039 0.1654668565148712 0.046955837812255194 -0.011304670800065156 0.00046498381790150805 -0.00063486981867630961 0.00033756470467406627 -0.0035361320210298649 0.00021807603126797493 0.0010058293126794485 -2.2458559755873483e-05 0.00020276910916655231
leaf_weight=3271 160 38 22 24 20 22 102 24 39 21 20 60 27 39 22 51 24 131 83 2102 58 20 205 30 26 20 54 51 177 84
leaf_count=3271 160 38 22 24 20 22 102 24 39 21 20 60 27 39 22 51 24 131 83 2102 58 20 205 30 26 20 54 51 177 84
internal_value=-0.0194841 0.00288431 -0.0448482 0.000311431 -0.00103976 -0.0102174 -0.000345395 -0.00112648 -0.0100794 0.000146727 -0.00135739 -0.00392857 -0.00243243 -0.00409091 -0.00109756 0.00453806 0.00466247 0.00302632 0.00215447 0.00474977 0.00135417 -0.0025 0.00140644 0.000492663 -0.00482143 0.00272727 0.0002 -0.00274648 0.00119953 1.91573e-05
internal_weight=7027 3734 3293 1461 654 46 608 506 63 443 291 168 148 121 82 2273 2222 152 123 2198 96 40 807 477 56 330 125 71 421 261
internal_count=7027 3734 3293 1461 654 46 608 506 63 443 291 168 148 121 82 2273 2222 152 123 2198 96 40 807 477 56 330 125 71 421 261
is_linear=0
shrinkage=0.05


Tree=92
num_leaves=31
num_cat=0
split_feature=0 13 14 0 1 2 1 17 12 12 2 17 10 9 10 0 18 0 14 12 13 12 17 12 2 17 6 14 1 18
split_gain=1597.4 5.72469 4.51509 0.820688 2.43728 0.791992 0.630063 3.58449 0.917499 0.949564 0.944646 0.846561 0.792244 0.636777 0.603213 0.613492 0.578047 0.542295 0.533199 0.531379 0.4992 0.477513 0.467705 0.520762 0.701063 0.575532 0.502811 0.345997 0.448861 0.722704
threshold=3.5000000000000004 0.4065429704115836 6.3656501350523191 112.50000000000001 23.950000000000003 76.500000000000014 333.15000000000003 28.233838397671466 88.323431052878433 284.91521471611526 167.50000000000003 23.816073240064274 0.23448270380211197 -0.99273952934267318 0.99164058729498161 898.50000000000011 7.8152561656557316 57.500000000000007 17.325652384954012 94.526791770722539 0.50686710197541229 287.87956400137597 26.813109187210383 90.6375348117882 31.500000000000004 27.966614433232717 4.5000000000000009 9.4923173644238883 12.550000000000002 2.9228783268234895
decision_type=2 2 2 2 2 2 2 2 2 2 2 2 2 2 2 2 2 2 2 2 2 2 2 2 2 2 2 2 2 2
left_child=2 3 -1 17 -5 -6 8 -8 10 13 11 -7 -9 -10 15 18 -15 22 19 20 -3 -11 -2 -24 25 -25 -26 28 -27 -30
right_child=1 14 -4 4 5 6 7 12 9 21 -12 -13 -14 16 -16 -17 -18 -19 -20 -21 -22 -23 23 24 26 27 -28 -29 29 -31
leaf_value=0 6.81121938674285e-05 0.021037048157424101 0 -0.003794117687580359 -0.0016105324381762238 -0.0019725856529980877 -0.021149899333881481 -0.0071644775789954963 -0.0057610532633151114 -0.0037749815809608729 -0.0054285539687206228 0.00097020248748912359 0.018088546914544933 -0.00047031028427227135 -0.0013811419231388345 -0.0080682767545984975 0.010528364536540375 0.00037486889828063688 0.16068786925087095 0.042428343498730682 -0.013425879470778621 0.00027979773981621911 0.00023951146752252165 -2.5702692011333875e-05 -8.1481251624841187e-06 6.4230923238676224e-05 -0.0028558843365620265 0.0026848379662611191 -7.8700855409095461e-05 0.0091065060407271147
leaf_weight=3271 240 21 22 23 20 27 20 31 26 36 28 63 80 21 51 24 314 245 2091 63 23 27 34 37 22 28 23 42 43 31
leaf_count=3271 240 21 22 23 20 27 20 31 26 36 28 63 80 21 51 24 314 245 2091 63 23 27 34 37 22 28 23 42 43 31
internal_value=-0.0194628 0.00292448 -0.0448482 0.000482546 -0.000726257 -0.000194805 9.65827e-05 -0.00301527 0.000848709 0.00193396 -0.00305085 -0.000555555 0.000495496 0.00292244 0.00449406 0.00461746 0.00350746 0.0016443 0.00470428 0.00126168 -0.00295455 -0.00373016 0.0007 -0.000769231 -0.00163717 -0.000248619 -0.00722222 0.00118056 -0.000392157 -0.00243243
internal_weight=7027 3734 3293 1461 716 693 673 131 542 424 118 90 111 361 2273 2222 335 745 2198 107 44 63 500 260 226 181 45 144 102 74
internal_count=7027 3734 3293 1461 716 693 673 131 542 424 118 90 111 361 2273 2222 335 745 2198 107 44 63 500 260 226 181 45 144 102 74
is_linear=0
shrinkage=0.05


Tree=93
num_leaves=31
num_cat=0
split_feature=0 18 14 17 1 12 11 17 0 11 15 13 0 10 2 15 18 0 1 2 0 12 3 1 4 4 14 9 18 3
split_gain=1592.03 6.0926 4.51509 1.43584 1.57057 4.00063 1.34386 0.734504 0.680977 0.668427 1.2527 1.26208 0.60507 0.452967 0.4 0.382653 0.361644 0.777219 0.813375 0.837139 0.648774 0.49 0.49 0.467973 0.439547 0.433092 0.775544 0.378571 0.37718 0.51311
threshold=3.5000000000000004 33.027183196335947 6.3656501350523191 14.305202200404251 320.45000000000005 126.92129392765953 18.866066188581147 27.906700533238844 310.50000000000006 30.97460389582076 33.391968182246622 0.31504661761273606 898.50000000000011 0.99164058729498161 147.50000000000003 58.357686170585559 17.254734173883783 112.50000000000001 76.350000000000009 89.500000000000014 53.500000000000007 88.323431052878433 31.450000000000003 1.0000000180025095e-35 12.65 19.750000000000004 23.974700135607073 -0.9852109833579612 0.230728433994417 30.150000000000002
decision_type=2 2 2 2 2 2 2 2 2 2 2 2 2 2 2 2 2 2 2 2 2 2 2 2 2 2 2 2 2 2
left_child=2 3 -1 -2 8 -6 -7 -8 9 16 11 -11 13 -3 -9 -15 17 20 -19 24 23 22 -18 -5 -20 -21 -27 -23 -25 -30
right_child=1 12 -4 4 5 6 7 14 -10 10 -12 -13 -14 15 -16 -17 21 18 19 25 -22 27 -24 28 -26 26 -28 -29 29 -31
leaf_value=0 -0.0036645168413023815 0.16133208707366561 0 4.6434656783776497e-05 -0.014012249403843722 0.007008109371664361 -0.01855067236148665 -0.0050363893061654702 0.054079776768330035 0.0055424483049452931 0.0057515505334180678 -0.0075527608305789159 -0.0076648629168685261 0.55692815756900582 0.0066763021769979738 -0.058396532536189288 -0.0011399868985998809 -0.0013353252887546244 -0.0021347472866802379 0.00041086431963362441 0.00035022810365677387 -0.0014170332584245951 0.00088475166354486264 -0.00015348601768291523 -0.0008481819962232695 -0.002775297303941385 0.0025131609662177629 0.025128495900310278 -9.0269862446439324e-05 6.4111981844388992e-05
leaf_weight=3271 24 2094 22 115 20 72 21 20 108 20 40 39 24 21 20 28 20 22 21 117 253 21 25 21 20 24 25 159 164 176
leaf_count=3271 24 2094 22 115 20 72 21 20 108 20 40 39 24 21 20 28 20 22 21 117 253 21 25 21 20 24 25 159 164 176
internal_value=-0.0195055 0.00284414 -0.0448482 0.000469049 0.00065781 -0.00415033 -0.00101504 -0.00647541 0.00118705 0.000865835 -0.00308081 -0.00771186 0.00456161 0.00465002 -0.0025 -0.000102041 0.00119611 0.000772443 -0.00176856 -0.000797101 0.00157064 0.003 -0.00166667 0.000483193 -0.00719512 0.000783133 -0.00316327 0.00416667 -0.000401662 1.86265e-10
internal_weight=7027 3734 3293 1567 1543 153 133 61 1390 1282 99 59 2167 2143 40 49 1183 958 229 207 729 225 45 476 41 166 49 180 361 340
internal_count=7027 3734 3293 1567 1543 153 133 61 1390 1282 99 59 2167 2143 40 49 1183 958 229 207 729 225 45 476 41 166 49 180 361 340
is_linear=0
shrinkage=0.05


Tree=94
num_leaves=31
num_cat=0
split_feature=0 18 14 17 15 1 12 12 17 13 0 14 10 15 2 12 12 17 4 15 14 2 13 12 4 9 12 2 4 1
split_gain=1592.03 5.7696 4.51509 1.74046 1.73077 1.18836 2.21121 0.954689 0.650348 0.615548 0.598017 0.529322 0.444114 0.382653 0.364312 1.49631 0.43569 0.397289 0.629432 0.590278 0.754148 0.328455 0.637634 0.65097 0.555581 0.35846 0.323065 0.494422 0.287941 0.31933
threshold=3.5000000000000004 33.027183196335947 6.3656501350523191 16.336118482280501 15.736710028536377 311.75000000000006 126.92129392765953 257.75010651592771 27.955203777088894 0.3603861298369308 898.50000000000011 40.661933374908294 0.99164058729498161 58.357686170585559 167.50000000000003 101.69097151102746 276.65347890977108 26.847232540836242 12.350000000000003 9.7492377029305768 23.974700135607073 38.500000000000007 0.022816176579953298 96.037469610964578 13.250000000000002 -0.99273952934267318 90.6375348117882 226.50000000000003 9.7500000000000018 93.950000000000017
decision_type=2 2 2 2 2 2 2 2 2 2 2 2 2 2 2 2 2 2 2 2 2 2 2 2 2 2 2 2 2 2
left_child=2 3 -1 4 -2 9 -7 -8 -9 11 12 14 26 -14 16 -16 21 19 -19 -18 -21 22 -5 -24 28 -23 27 -3 29 -25
right_child=1 10 -4 5 -6 6 7 8 -10 -11 -12 -13 13 -15 15 -17 17 18 -20 20 -22 25 23 24 -26 -27 -28 -29 -30 -31
leaf_value=0 2.0747189017448391e-05 -0.0281803589883457 0 4.3694164224604448e-05 -0.0074230161792593931 -0.01024568653974132 0.019940444528944324 -0.017733465683145773 -0.00049550707318267624 0.024230845793552003 -0.0072816197710250889 -0.00070437148923621358 0.52908174969055555 -0.055476705909379635 -0.0047794882287557402 0.018427483655970696 9.3482528587181875e-05 -0.0013571836533330236 3.1529452339857061e-05 -0.0026365324162820336 0.00057927964004204316 -0.0010791588934868164 -0.0023183517804777481 -7.9749990139054675e-05 -9.4542091262456499e-05 0.00050801151248395409 0.17211136081759165 0.042479522202949843 0.0026855383294058961 0.0011044069712875455
leaf_weight=3271 32 29 22 144 20 33 82 20 39 152 24 21 21 28 28 30 144 33 52 34 26 24 30 26 26 505 2026 39 39 27
leaf_count=3271 32 29 22 144 20 33 82 20 39 152 24 21 21 28 28 30 144 33 52 34 26 24 30 26 26 505 2026 39 39 27
internal_value=-0.0195055 0.00284414 -0.0448482 0.000532866 -0.00846154 0.000841584 -0.00304598 -0.000319149 -0.00516949 0.00134601 0.00451546 0.000962994 0.00460336 -0.000102041 0.00110445 -0.00275862 0.00130631 -0.000363322 -0.00323529 0.000833334 -0.00333333 0.00189403 0.000547945 -0.00175676 -8.47456e-05 0.00263705 0.00471347 0.00132353 0.00173913 -0.000660377
internal_weight=7027 3734 3293 1567 52 1515 174 141 59 1341 2167 1189 2143 49 1168 58 1110 289 85 204 60 821 292 148 118 529 2094 68 92 53
internal_count=7027 3734 3293 1567 52 1515 174 141 59 1341 2167 1189 2143 49 1168 58 1110 289 85 204 60 821 292 148 118 529 2094 68 92 53
is_linear=0
shrinkage=0.05


Tree=95
num_leaves=31
num_cat=0
split_feature=0 18 14 17 15 1 11 9 12 0 3 9 0 11 6 12 10 14 14 1 18 15 1 0 11 14 18 0 18 3
split_gain=1592.93 4.91487 4.51509 1.81534 1.73077 1.13437 1.80632 1.50813 1.61823 0.69836 0.725856 0.59282 0.555234 0.655625 1.27553 0.462454 0.441971 0.422282 1.16847 0.397209 0.533261 0.382653 0.331579 0.25399 0.442457 0.249745 0.211424 0.254781 0.570034 0.48257
threshold=3.5000000000000004 33.027183196335947 6.3656501350523191 16.336118482280501 15.736710028536377 311.75000000000006 18.866066188581147 -0.81150899888343009 126.92129392765953 858.50000000000011 38.350000000000001 0.86958133671945947 231.50000000000003 26.819483663903579 98.500000000000014 81.354268766784898 0.99164058729498161 17.325652384954012 16.772821369998631 1.0000000180025095e-35 0.230728433994417 58.357686170585559 349.85000000000008 203.50000000000003 22.237202983197971 36.063908309358915 0.58164303268527673 53.500000000000007 5.2118986363581756 34.350000000000001
decision_type=2 2 2 2 2 2 2 2 2 2 2 2 2 2 2 2 2 2 2 2 2 2 2 2 2 2 2 2 2 2
left_child=2 3 -1 4 -2 12 22 -8 -9 16 -11 -10 13 19 -15 -14 17 18 -3 -5 -21 -18 -7 24 25 26 -22 28 -28 -29
right_child=1 9 -4 5 -6 6 7 8 11 10 -12 -13 15 14 -16 -17 21 -19 -20 20 23 -23 -24 -25 -26 -27 27 29 -30 -31
leaf_value=0 1.9709829566575593e-05 0.072578295069736398 0 5.9960659146119856e-05 -0.0070518653702963986 -0.0009944715450915726 0.033585149760798509 -0.011423083253252884 -0.015896877567003777 0.083549643701863976 -0.0096932901858181215 -0.00037377450003280005 -0.00092761971306853084 0.001927254864452688 -0.0016912468138566132 0.020695848889428294 0.50262766220602784 0.16600242115213204 -0.019951137897184459 -0.00012886898333187231 0.00024604658831523066 -0.052702870613910394 0.016950350193460053 0.032788259031169532 -0.0074637557013335024 -0.00046524294019919247 1.2176750514913943e-05 0.00036575755722219566 -0.00028498814385551736 -1.3870711780772117e-05
leaf_weight=3271 32 80 22 113 20 20 26 22 24 61 32 26 38 30 31 236 21 1923 22 21 37 28 56 41 23 22 263 303 37 146
leaf_count=3271 32 80 22 113 20 20 26 22 24 61 32 26 38 30 31 236 21 1923 22 21 37 28 56 41 23 22 263 303 37 146
internal_value=-0.0194984 0.00285753 -0.0448482 0.000724314 -0.00846154 0.0010396 -0.00275862 -0.0072449 -0.0109722 0.00440009 0.000161291 -0.006 0.00153244 0.00101687 -0.00401639 0.00354015 0.00459016 0.0047037 0.00156863 0.00132207 0.000968645 -0.000102041 0.00302632 0.00115826 0.000968713 0.00116337 0.00131043 0.00112817 1.86265e-10 0.00188196
internal_weight=7027 3734 3293 1567 52 1515 174 98 72 2167 93 50 1341 1067 61 274 2074 2025 102 1006 893 49 76 872 831 808 786 749 300 449
internal_count=7027 3734 3293 1567 52 1515 174 98 72 2167 93 50 1341 1067 61 274 2074 2025 102 1006 893 49 76 872 831 808 786 749 300 449
is_linear=0
shrinkage=0.05


Tree=96
num_leaves=31
num_cat=0
split_feature=0 15 14 0 0 3 18 1 17 17 15 1 1 18 10 13 2 3 1 11 11 11 11 3 18 1 9 16 9 4
split_gain=1591.14 5.1468 4.51509 0.733645 0.756431 0.717482 0.676797 1.7493 4.41337 1.45608 1.37143 1.04449 0.396953 0.547256 0.352957 0.290239 0.540975 0.93487 0.291149 0.28032 0.592885 0.259983 0.506593 0.601579 0.381377 0.547486 0.338778 0.242509 0.376756 0.262636
threshold=3.5000000000000004 33.391968182246622 6.3656501350523191 858.50000000000011 235.50000000000003 38.350000000000001 38.533256976938823 333.15000000000003 27.473619175717189 16.336118482280501 10.307568942499255 366.65000000000003 1.0000000180025095e-35 0.230728433994417 0.99164058729498161 0.3603861298369308 167.50000000000003 33.45000000000001 314.55000000000001 19.088914978457193 22.237202983197971 29.785044068163554 26.819483663903579 28.850000000000005 17.254734173883783 269.35000000000008 -0.9852109833579612 22.511062294384303 0.9821165111257959 4.3500000000000005
decision_type=2 2 2 2 2 2 2 2 2 2 2 2 2 2 2 2 2 2 2 2 2 2 2 2 2 2 2 2 2 2
left_child=2 6 -1 4 -3 -5 7 9 -9 10 -2 -10 -11 -14 -6 16 21 -18 -17 -13 -21 22 24 -24 25 27 -26 28 29 -15
right_child=1 3 -4 5 14 -7 -8 8 11 12 -12 19 13 15 -16 18 17 -19 -20 20 -22 -23 23 -25 26 -27 -28 -29 -30 -31
leaf_value=0 0.00019079988618551003 -0.00043940523171208618 0 0.078278973655984518 0.14239418724496483 -0.0092086256765269991 0.13686461586705265 -0.03849184787647076 -0.0051604295046651918 5.7123076634411661e-05 -0.0066992721017815537 0.019534566234601095 -0.00012242553416527872 -0.00067581757168640102 0.0055806702045153034 0.027142286149387618 -0.0034324467619975792 0.0038154175051067999 -0.0010725296207008421 -0.0064408624324981435 0.043085886305622011 0.0063370089771297823 -0.0026261319841515097 0.0005144952654962938 -0.00077621746905512249 -0.0014356932701452343 0.039328899382619749 0.00031924974045435757 -0.00047786653757438282 5.2886717982224213e-05
leaf_weight=3271 28 20 22 60 1939 32 88 33 30 117 20 49 21 21 42 127 20 29 21 22 24 43 24 27 22 27 106 131 24 587
leaf_count=3271 28 20 22 60 1939 32 88 33 30 117 20 49 21 21 42 127 20 29 21 22 24 43 24 27 22 27 106 131 24 587
internal_value=-0.0195126 0.00283074 -0.0448482 0.00447444 0.00467516 0.000108696 0.000734309 0.000492595 -0.00449367 0.00105735 -0.0075 -0.0002 0.00136229 0.00109756 0.00477284 0.00123656 0.00094722 -0.00418367 0.00331081 0.00236842 -0.000434782 0.00119565 0.00102683 -0.00382353 0.0012963 0.000886076 0.00382813 0.00113368 0.000727848 0.000970395
internal_weight=7027 3734 3293 2093 2001 92 1641 1553 158 1395 48 125 1347 1230 1981 1209 1061 49 148 95 46 1012 969 51 918 790 128 763 632 608
internal_count=7027 3734 3293 2093 2001 92 1641 1553 158 1395 48 125 1347 1230 1981 1209 1061 49 148 95 46 1012 969 51 918 790 128 763 632 608
is_linear=0
shrinkage=0.05


Tree=97
num_leaves=31
num_cat=0
split_feature=0 18 14 17 15 15 1 12 15 4 0 17 2 0 1 1 15 18 18 17 2 14 16 10 16 1 0 18 14 10
split_gain=1580.43 5.2239 4.51509 1.41033 1.47024 0.894197 1.50468 4.71244 0.882916 1.14532 0.818122 1.0219 0.494118 0.473896 0.457623 0.541722 0.640436 0.485409 0.457912 0.429501 0.3603 0.722704 0.416843 0.30586 0.326241 0.23614 0.314324 0.500761 0.39981 0.426163
threshold=3.5000000000000004 38.533256976938823 6.3656501350523191 16.336118482280501 15.736710028536377 36.972401833790038 337.15000000000003 118.30215732964264 27.451052753051083 9.5500000000000025 855.50000000000011 26.956081834571798 126.50000000000001 898.50000000000011 1.0000000180025095e-35 11.350000000000003 23.229882021321124 0.230728433994417 23.841377755647496 25.667907572438232 167.50000000000003 36.063908309358915 20.087402144586878 0.99164058729498161 20.429694124348426 15.150000000000002 53.500000000000007 5.2118986363581756 16.453987043309144 0.021516097436222247
decision_type=2 2 2 2 2 2 2 2 2 2 2 2 2 2 2 2 2 2 2 2 2 2 2 2 2 2 2 2 2 2
left_child=2 3 -1 4 -2 6 14 -8 9 -9 23 -12 -11 -13 -5 19 17 -17 20 -16 25 22 -22 -3 -25 -19 27 28 29 -27
right_child=1 10 -4 5 -6 -7 7 8 -10 12 11 13 -14 -15 15 16 -18 18 -20 -21 21 -23 -24 24 -26 26 -28 -29 -30 -31
leaf_value=0 0.00012390137869283904 0.17627641152840134 0 5.4307035414090463e-05 -0.0067961066763430325 0.038899272410879926 -0.044501021479240559 -0.0103877988422587 0.015126104421003459 0.0030085497046969975 -0.013758618170066229 0.11444767280572035 -0.0042207859478027871 -0.0093034719782819734 -0.0037278522634732179 -0.00011630425745701471 0.021995278350966534 9.7337592546630882e-05 -0.0017497056989208074 4.0928292580867993e-05 -0.0024925269487124308 0.01891623614763234 -0.00093811858432421157 0.050512074040763459 -0.11361094487060529 3.4713941869283776e-05 0.00025305378193671372 -0.00027871033229684975 0.0037479386241369007 -4.0518493820596577e-05
leaf_weight=3271 36 1777 22 118 23 172 21 20 86 21 20 59 30 24 20 21 177 39 22 21 21 31 22 23 24 137 638 37 40 54
leaf_count=3271 36 1777 22 118 23 172 21 20 86 21 20 59 30 24 20 21 177 39 22 21 21 31 22 23 24 137 638 37 40 54
internal_value=-0.019598 0.00267006 -0.0448482 0.000738794 -0.00686441 0.000995424 0.000621828 -0.00370786 -0.000732484 -0.00485915 0.00448106 0.000145631 -0.000882353 0.00259036 0.0011731 0.000898438 0.00108555 0.000621469 0.000773295 -0.0047561 0.00092738 -0.00243243 -0.00662791 0.00472588 0.000744681 0.00119048 0.00102649 -0.000410448 0.000454546 -0.000497382
internal_weight=7027 3734 3293 1807 59 1748 1576 178 157 71 1927 103 51 83 1398 1280 1239 1062 1041 41 1019 74 43 1824 47 945 906 268 231 191
internal_count=7027 3734 3293 1807 59 1748 1576 178 157 71 1927 103 51 83 1398 1280 1239 1062 1041 41 1019 74 43 1824 47 945 906 268 231 191
is_linear=0
shrinkage=0.05


Tree=98
num_leaves=31
num_cat=0
split_feature=0 18 14 17 13 1 14 0 17 3 5 14 14 0 0 18 12 4 14 11 6 10 9 10 3 2 10 9 13 9
split_gain=1580.43 5.11078 4.51509 2.06469 1.77161 0.790108 2.73573 0.707192 1.0219 0.67698 0.851264 0.551181 1.56618 0.473896 0.355267 0.39663 0.820548 1.14361 0.724929 0.590639 1.41026 0.380952 0.329093 0.366981 0.296632 0.530538 0.296488 0.289546 0.238095 0.220446
threshold=3.5000000000000004 30.59281575553609 6.3656501350523191 16.336118482280501 0.2557677537516248 320.45000000000005 39.551293351105578 855.50000000000011 26.956081834571798 32.45000000000001 13.500000000000002 17.325652384954012 16.772821369998631 898.50000000000011 9.5000000000000018 18.582461195566793 88.323431052878433 11.450000000000001 38.803685037687721 26.350400448070072 93.500000000000014 -0.86955717898714324 -0.9852109833579612 -0.98518361333263327 43.850000000000001 287.50000000000006 0.99164058729498161 0.9927395293426734 0.91989825116152757 0.7086201161944764
decision_type=2 2 2 2 2 2 2 2 2 2 2 2 2 2 2 2 2 2 2 2 2 2 2 2 2 2 2 2 2 2
left_child=2 3 -1 4 -2 14 -7 11 -9 -8 -11 12 -3 -10 -5 18 17 -17 19 27 -21 -19 -18 -24 26 -26 -13 29 -28 -16
right_child=1 7 -4 5 -6 6 9 8 13 10 -12 24 -14 -15 15 16 22 21 -20 20 -22 -23 23 -25 25 -27 28 -29 -30 -31
leaf_value=0 0.00044513452565506686 0.020146144440491464 0 5.089116932959477e-05 -0.0061692329892016565 -0.010172930311743791 0.018045380303086177 -0.013070687261562597 0.10872528916543414 -0.016237802029246694 0.00041683402174887358 0.15360440211981036 -0.015323515787557971 -0.0088382983793677244 3.2541188724011007e-05 -0.0025168491285444961 -0.0037923783744658983 0.00087873002102126197 -0.007762049350637768 0.0081361202094051687 -0.0021050549044598263 -0.0021002854231816134 -6.7023623465034196e-05 0.024765074681805697 -0.011832570885124219 0.075707762409944646 -0.047223454314397 -6.6596089240628814e-05 0.034129501811049102 0.00012621862356565676
leaf_weight=3271 22 113 22 99 25 20 54 20 59 21 29 1872 22 24 575 20 20 32 22 22 30 24 21 221 28 41 28 35 20 215
leaf_count=3271 22 113 22 99 25 20 54 20 59 21 29 1872 22 24 575 20 20 32 22 22 30 24 21 221 28 41 28 35 20 215
internal_value=-0.019598 0.00267006 -0.0448482 0.000421367 -0.00989362 0.000753425 -0.00306452 0.00419174 0.000145631 0.000192308 -0.004 0.00438795 0.0012963 0.00259036 0.00110778 0.000877122 0.00233728 -0.00223684 0.000328143 0.000553022 -0.00461538 0.00142857 0.00366412 0.00417355 0.00459779 0.00137681 0.00471354 0.000878788 0.000833334 0.00107595
internal_weight=7027 3734 3293 1507 47 1460 124 2227 103 104 50 2124 135 83 1336 1237 338 76 899 877 52 56 262 242 1989 69 1920 825 48 790
internal_count=7027 3734 3293 1507 47 1460 124 2227 103 104 50 2124 135 83 1336 1237 338 76 899 877 52 56 262 242 1989 69 1920 825 48 790
is_linear=0
shrinkage=0.05


Tree=99
num_leaves=31
num_cat=0
split_feature=0 15 14 1 0 18 14 1 12 1 9 17 1 18 10 0 3 11 13 10 10 17 5 1 16 5 3 4 6 15
split_gain=1579.54 4.78254 4.51509 1.11601 0.782797 1.01473 0.731099 1.99134 3.48623 1.25552 0.952405 0.827889 0.525964 0.499251 0.496953 0.471545 0.378094 1.19127 1.12922 0.561474 0.89777 0.568778 0.527526 0.519298 0.314597 0.29632 0.29042 0.535714 0.282491 0.411184
threshold=3.5000000000000004 33.819010176970927 6.3656501350523191 15.150000000000002 855.50000000000011 71.454311638622698 44.106058865047878 333.15000000000003 102.4061476566044 407.05000000000007 0.24284747324344283 15.829891493726066 1.0000000180025095e-35 0.230728433994417 -0.99862982478704421 898.50000000000011 30.150000000000002 26.819483663903579 0.092337212024575607 0.88999460902669758 0.7440763776038376 30.067846226283365 70.500000000000014 61.70000000000001 23.797817032416749 78.500000000000014 43.850000000000001 15.850000000000003 77.500000000000014 24.681704087476106
decision_type=2 2 2 2 2 2 2 2 2 2 2 2 2 2 2 2 2 2 2 2 2 2 2 2 2 2 2 2 2 2
left_child=2 6 -1 -3 26 -6 7 11 -9 10 -10 -2 -13 -14 -15 -7 17 18 19 20 21 22 23 -16 -8 -19 -5 -28 -18 -30
right_child=1 3 -4 4 5 15 24 8 9 -11 -12 12 13 14 16 -17 28 25 -20 -21 -22 -23 -24 -25 -26 -27 27 -29 29 -31
leaf_value=0 -0.0019653756780824614 -0.0029070203829029821 0 0.13323530826562471 -0.012417152898484574 0.17444511358661197 0.03353981024380507 -0.047109543623610597 0.0002351517560145646 0.02755077049643494 -0.0077814763403349467 4.9350619435526141e-05 -0.00011303360287557412 -0.00051121583562596651 -3.0761712479529739e-05 -0.0083963834603990473 0.00016706366597498161 -0.0029357454444135849 0.0024430196345648267 0.0011183435071657377 -0.00048696843588498398 0.00033284295717798062 0.00010727220950942565 -0.0011575695222994663 -0.0041979398686024638 -0.0009814638954128139 -0.011240942340867924 0.056134032561140738 -5.7384217578540347e-05 0.022972078650231098
leaf_weight=3271 40 20 22 1886 20 58 125 20 28 38 27 122 21 35 27 24 568 20 210 48 23 46 42 26 24 22 28 42 114 30
leaf_count=3271 40 20 22 1886 20 58 125 20 28 38 27 122 21 35 27 24 568 20 210 48 23 46 42 26 24 22 28 42 114 30
internal_value=-0.0196051 0.00265667 -0.0448482 0.00425409 0.00436832 9.80394e-05 0.000652174 0.000321832 -0.00606195 -0.00198925 -0.00681818 0.000839312 0.00104874 0.000738637 0.000871181 0.00256098 0.00104592 -6.4655e-05 0.000734597 -0.00183962 -0.00323171 -0.00173759 -0.00394737 -0.00726415 0.00399329 -0.00809524 0.004591 0.00142857 0.00176966 -0.000208333
internal_weight=7027 3734 3293 2078 2058 102 1656 1507 113 93 55 1394 1354 1232 1211 82 1176 464 422 212 164 141 95 53 149 42 1956 70 712 144
internal_count=7027 3734 3293 2078 2058 102 1656 1507 113 93 55 1394 1354 1232 1211 82 1176 464 422 212 164 141 95 53 149 42 1956 70 712 144
is_linear=0
shrinkage=0.05


Tree=100
num_leaves=31
num_cat=0
split_feature=0 14 18 17 14 1 17 14 0 17 18 18 11 1 8 0 10 1 18 1 11 9 2 13 15 4 4 9 4 11
split_gain=1580.43 4.51509 4.40365 1.11006 0.790515 2.25255 2.21631 3.49898 0.768369 1.0219 0.559664 1.25308 0.552459 0.515085 0.485541 0.473896 0.46429 0.382566 0.559611 0.367901 0.877106 0.465426 0.45889 0.303198 0.522855 0.283183 0.79808 0.576563 0.268137 0.314685
threshold=3.5000000000000004 6.3656501350523191 38.920826800968911 14.305202200404251 50.303189625999103 337.15000000000003 27.473619175717189 19.545413623655406 855.50000000000011 26.956081834571798 28.613117394034933 23.841377755647496 31.794833518443955 366.65000000000003 -0.60355339059327384 898.50000000000011 0.99164058729498161 1.0000000180025095e-35 0.230728433994417 133.95000000000002 26.350400448070072 -0.99273952934267318 192.50000000000003 0.042175009727436485 2.2298997810904004 23.750000000000004 20.150000000000002 0.19244979981841034 17.250000000000004 18.625284776990629
decision_type=2 2 2 2 2 2 2 2 2 2 2 2 2 2 2 2 2 2 2 2 2 2 2 2 2 2 2 2 2 2
left_child=1 -1 3 -2 5 10 7 -7 16 -10 11 12 17 -8 -14 -11 -4 -5 -19 20 23 -21 -23 -20 -25 26 28 -28 29 -26
right_child=2 -3 8 4 -6 6 13 -9 9 15 -12 -13 14 -15 -16 -17 -18 18 19 21 -22 22 -24 24 25 -27 27 -29 -30 -31
leaf_value=0 -0.0023865907022207165 0 0.16011719551353412 4.661970681652917e-05 0.053516551592537265 -0.044754066442429963 -0.004804002374211914 -0.0073165194238620475 -0.011796295253560629 0.098640507775246342 0.059083536157692088 -0.004696528685054044 0.00098397387027276896 0.0015805562870705827 -0.003856036758709928 -0.0079765642873793723 0.0084281465946384644 -0.0001073819227317954 9.9771599099599009e-05 -0.0029503981762907306 -0.00091387691651397267 0.0042582530164869828 -0.0011596527822413532 -0.00022534947970023528 4.6513552614072863e-05 0.00032495959665761502 -0.0038374924027126641 0.00062200392195198957 0.00027428412384219953 -0.0011057126278170284
leaf_weight=3271 29 22 1762 119 142 20 25 27 20 59 143 39 23 69 20 24 47 21 173 28 26 458 21 32 260 35 25 21 40 26
leaf_count=3271 29 22 1762 119 142 20 25 27 20 59 143 39 23 69 20 24 47 21 173 28 26 458 21 32 260 35 25 21 40 26
internal_value=-0.019598 -0.0448482 0.00267006 0.000911087 0.00106804 0.000760146 -0.00528369 -0.0141489 0.00434623 0.000145631 0.0013245 0.00101317 0.00127259 -0.000851064 -0.00430233 0.00259036 0.00458541 0.00145914 0.00118353 0.00133188 0.000532916 0.00233728 0.00270355 0.000915033 0.000216401 0.000700246 0.000295699 -0.00586956 0.00116564 0.000629371
internal_weight=7027 3293 3734 1822 1793 1651 141 47 1912 103 1510 1367 1328 94 43 83 1809 1285 1166 1145 638 507 479 612 439 407 372 46 326 286
internal_count=7027 3293 3734 1822 1793 1651 141 47 1912 103 1510 1367 1328 94 43 83 1809 1285 1166 1145 638 507 479 612 439 407 372 46 326 286
is_linear=0
shrinkage=0.05


Tree=101
num_leaves=31
num_cat=0
split_feature=0 18 14 14 1 12 17 0 17 18 18 1 11 17 10 0 5 0 11 6 16 17 6 1 16 3 13 16 14 10
split_gain=1575.09 4.52598 4.51509 1.04761 1.24227 2.28491 0.867303 0.763663 1.0219 0.705694 1.17144 0.68323 0.63672 0.938303 0.51195 0.473896 0.466225 0.392171 0.450337 1.72941 0.309501 0.395118 0.504779 0.387288 0.315 0.857733 0.684845 0.406846 0.772832 0.451411
threshold=3.5000000000000004 39.765142305465723 6.3656501350523191 50.303189625999103 337.15000000000003 103.31622603671424 14.305202200404251 855.50000000000011 26.956081834571798 28.613117394034933 23.841377755647496 366.65000000000003 30.97460389582076 24.971709499323918 0.99164058729498161 898.50000000000011 8.5000000000000018 254.50000000000003 27.365552403583987 92.500000000000014 14.351409786394994 22.12649268062636 80.500000000000014 11.850000000000003 20.685615849372859 39.550000000000004 0.01752281746793273 21.088000487616952 0.5796620427138518 -0.0387208465846701
decision_type=2 2 2 2 2 2 2 2 2 2 2 2 2 2 2 2 2 2 2 2 2 2 2 2 2 2 2 2 2 2
left_child=2 3 -1 4 6 -6 -2 14 -9 10 12 -7 16 -14 -3 -10 -8 18 20 -20 -18 22 -22 -23 -25 26 -26 28 -28 -30
right_child=1 7 -4 -5 5 11 9 8 15 -11 -12 -13 13 -15 -16 -17 17 -19 19 -21 21 23 -24 24 25 -27 27 -29 29 -31
leaf_value=0 -0.0022841699089586587 0.1609822193878882 0 0.05521089762577637 -0.019978301679528798 -0.0086559991689565945 -0.00021895111926534369 -0.011206480490882598 0.09370848238648416 0.061351355559183668 -0.0044617022508012553 0.0016266020279482017 -0.0024534956854879624 0.00075408455178174435 -0.0010599416160178483 -0.0075777360730106096 0.00052814362042035681 0.017873888639761255 0.0024375882349211772 -0.00099917040080974777 0.00013089605868262395 4.2498778973185745e-05 -0.0024462724926646189 9.1499228146032217e-05 -9.7402649367044701e-05 -0.00048506891784867934 -0.00093772005273700873 0.00025951903659630481 0.00169911079478457 -0.00018465159758405069
leaf_weight=3271 27 1721 22 162 39 36 38 20 59 150 39 86 40 37 43 24 55 118 34 20 23 134 34 333 24 31 30 319 36 22
leaf_count=3271 27 1721 22 162 39 36 38 20 59 150 39 86 40 37 43 24 55 118 34 20 23 134 34 333 24 31 30 319 36 22
internal_value=-0.0196407 0.00258972 -0.0448482 0.000848956 0.000483871 -0.00369565 0.000919689 0.00433048 0.000145631 0.00107779 0.000720556 -0.000327869 0.000971386 -0.00344156 0.00457483 0.00259036 0.00124301 0.00141385 0.00111872 -0.00333333 0.00134966 0.00114604 -0.00289474 0.00139397 0.000974843 0.00012987 0.000707657 0.00119165 -0.00181818 0.00155172
internal_weight=7027 3734 3293 1867 1705 161 1544 1867 103 1517 1367 122 1328 77 1764 83 1251 1213 1095 54 1041 986 57 929 795 462 431 407 88 58
internal_count=7027 3734 3293 1867 1705 161 1544 1867 103 1517 1367 122 1328 77 1764 83 1251 1213 1095 54 1041 986 57 929 795 462 431 407 88 58
is_linear=0
shrinkage=0.05


Tree=102
num_leaves=31
num_cat=0
split_feature=0 14 18 14 1 1 3 4 1 9 10 18 17 8 14 3 0 10 10 13 5 5 17 15 16 12 16 3 2 12
split_gain=1574.21 4.51509 4.45661 1.02399 1.51546 1.99836 0.923925 0.9 0.868382 0.827895 1.07589 0.738896 1.29734 0.845455 0.621114 1.02096 0.60109 0.523006 0.512384 0.434258 0.899144 0.440367 0.42668 0.711111 0.431313 0.56933 0.390963 0.411056 0.360122 0.460369
threshold=3.5000000000000004 6.3656501350523191 39.765142305465723 28.979146595494644 333.15000000000003 356.45000000000005 43.650000000000013 15.850000000000003 37.050000000000004 0.6254047815183511 0.91925191855388755 5.8081195090771276 16.336118482280501 -0.60355339059327384 4.6607666665367633 29.350000000000005 898.50000000000011 0.99164058729498161 0.96457844552971317 0.10261641511641513 76.500000000000014 27.500000000000004 23.837100266060062 15.736710028536377 21.387519851196689 272.66343242860182 20.976160318833745 32.45000000000001 167.50000000000003 284.91521471611526
decision_type=2 2 2 2 2 2 2 2 2 2 2 2 2 2 2 2 2 2 2 2 2 2 2 2 2 2 2 2 2 2
left_child=1 -1 3 4 11 -6 16 -8 -5 10 -7 -2 -13 -14 19 -16 17 -4 26 20 -15 -21 23 -17 28 -26 -10 -28 29 -24
right_child=2 -3 6 8 5 9 7 -9 18 -11 -12 12 13 14 15 22 -18 -19 -20 21 -22 -23 24 -25 25 -27 27 -29 -30 -31
leaf_value=0 4.2427165293252331e-05 0 0.1602707661080571 -0.0038053061042388238 -0.041517448036332019 -0.0092219617407007463 -0.021694766620854684 0.033938919145342437 0.029733550925292382 0.040375531194129483 0.0015965787518489455 -0.0044448752071069983 0.011617251108442715 -0.0019583244861443015 -0.0011322491710231981 0.00034665810985860514 -0.0071988492693597517 -0.0010069445352168277 -0.00065757027820779253 -0.00029089680939169658 0.0016902679189143791 0.00086938263457726002 0.0019728769427445171 -0.00053823063756041083 0.003226659530557981 -0.00050087605025392096 0.017973966556549512 0.00046903008106757133 -0.0026238227198261761 -0.00021405331873196982
leaf_weight=3271 532 22 1728 20 20 29 32 40 284 26 21 33 122 28 36 36 24 43 21 20 29 183 83 24 27 29 66 135 20 43
leaf_count=3271 532 22 1728 20 20 29 32 40 284 26 21 33 122 28 36 36 24 43 21 20 29 183 83 24 27 29 66 135 20 43
internal_value=-0.0196478 -0.0448482 0.00257633 0.000848956 0.000115586 -0.0059375 0.0043037 -0.00125 0.00271863 -0.00223684 -0.006 0.000582329 -0.000469846 1.86265e-10 -0.000824373 -0.00238255 0.00452646 0.00463298 0.00312253 0.000961539 -0.00289474 0.00204434 -0.00129771 -0.005 -0.00019802 -0.00392857 0.00345361 0.00176617 0.00123288 0.00222222
internal_weight=7027 3293 3734 1867 1341 96 1867 72 526 76 50 1245 713 680 558 298 1795 1771 506 260 57 203 262 60 202 56 485 201 146 126
internal_count=7027 3293 3734 1867 1341 96 1867 72 526 76 50 1245 713 680 558 298 1795 1771 506 260 57 203 262 60 202 56 485 201 146 126
is_linear=0
shrinkage=0.05


Tree=103
num_leaves=31
num_cat=0
split_feature=0 14 18 17 3 0 12 16 18 12 4 1 18 9 6 15 3 5 0 6 4 18 0 1 0 5 10 15 0 2
split_gain=1566.21 4.51509 4.46064 1.13309 0.933603 0.871541 1.05067 1.51587 0.914893 0.864724 0.864058 0.832659 0.827649 0.797527 1.34497 0.776018 0.950401 0.562843 0.56209 0.484034 0.481379 0.467698 0.464404 0.759625 0.458146 0.425757 0.406697 0.392857 0.338249 0.319646
threshold=3.5000000000000004 6.3656501350523191 30.59281575553609 14.305202200404251 43.650000000000013 106.50000000000001 96.037469610964578 19.621524953143865 22.396111405465437 90.6375348117882 15.850000000000003 337.15000000000003 15.339071760111681 0.03872192231363817 83.500000000000014 10.659161368285444 38.550000000000004 63.500000000000007 898.50000000000011 4.5000000000000009 17.050000000000004 8.3957515510129301 127.50000000000001 145.80000000000004 348.50000000000006 80.500000000000014 0.99164058729498161 58.357686170585559 151.50000000000003 38.500000000000007
decision_type=2 2 2 2 2 2 2 2 2 2 2 2 2 2 2 2 2 2 2 2 2 2 2 2 2 2 2 2 2 2
left_child=1 -1 3 -2 9 29 7 13 21 11 -6 -4 15 14 -7 19 -17 24 25 -8 -19 -9 -21 -24 28 26 -11 -28 -14 -5
right_child=2 -3 4 5 10 6 12 8 -10 18 -12 -13 17 -15 -16 16 -18 20 -20 22 -22 -23 23 -25 -26 -27 27 -29 -30 -31
leaf_value=0 -0.0019899895077778525 0 0.023170483534557709 1.9583129914997805e-05 -0.02564912738846253 0.010050471290313973 0.0051002679996293493 -4.6962016644029622e-05 -0.0079475690185364396 0.12422039116529043 0.046385873689642837 -0.022154118954956271 -0.0017659483305216669 -0.0032590315356304037 -0.0074396030795042872 -0.00011710335825893906 -0.0013080762475880131 -0.0043158678819626142 -0.0068389068058918633 0.0011669347135222796 0.016275029465714172 0.0015118979058310843 3.7477906284793258e-05 -0.0015977797939975718 -0.011626539042991537 -0.0060700312346634137 0.16857992942054101 -0.05213222269768647 0.0049855491714903971 0.00024215608043400791
leaf_weight=3271 22 22 45 450 38 22 34 20 25 1961 52 26 26 22 23 37 26 34 24 28 22 73 37 20 20 31 22 28 313 253
leaf_count=3271 22 22 45 450 38 22 34 20 25 1961 52 26 26 22 23 37 26 34 24 28 22 73 37 20 20 31 22 28 313 253
internal_value=-0.0197118 -0.0448482 0.00245581 0.00035501 0.00387741 0.000521886 -0.000626598 -0.00391892 -0.000508474 0.00408751 -0.00111111 -0.00133803 0.000393635 -0.00992537 -0.00611111 -0.00241758 -0.00690476 0.00162651 0.00427396 -4.20166e-05 -0.00303571 0.00177419 -0.00205882 -0.00464912 0.00235376 0.00436337 0.00445301 1.86265e-10 0.00278761 0.00179943
internal_weight=7027 3293 3734 1507 2227 1485 782 185 118 2137 90 71 597 67 45 182 63 415 2066 119 56 93 85 57 359 2042 2011 50 339 703
internal_count=7027 3293 3734 1507 2227 1485 782 185 118 2137 90 71 597 67 45 182 63 415 2066 119 56 93 85 57 359 2042 2011 50 339 703
is_linear=0
shrinkage=0.05


Tree=104
num_leaves=31
num_cat=0
split_feature=0 14 18 3 4 15 14 1 17 15 17 18 11 15 0 10 5 16 16 4 15 13 18 4 3 15 17 15 17 6
split_gain=1568.88 4.51509 3.921 1.18074 1.22279 0.952381 0.87847 1.83448 1.60286 2.2567 0.889293 0.61723 0.905183 0.922343 0.586727 0.505272 0.450573 0.390311 0.480201 0.588814 0.408357 0.512543 0.595913 0.507285 0.577327 1.06147 0.79017 0.390163 0.382293 0.436364
threshold=3.5000000000000004 6.3656501350523191 39.765142305465723 42.350000000000001 9.5500000000000025 54.244483422251108 49.227130918056098 337.15000000000003 28.233838397671466 33.391968182246622 14.305202200404251 28.613117394034933 31.794833518443955 34.801355441565107 898.50000000000011 0.99164058729498161 8.5000000000000018 14.351409786394994 17.191465796720639 9.1500000000000004 20.413626351964634 0.12834508843384107 15.339071760111681 9.9500000000000011 35.45000000000001 10.659161368285444 26.333702922013938 19.585850803770843 20.974846503015574 87.500000000000014
decision_type=2 2 2 2 2 2 2 2 2 2 2 2 2 2 2 2 2 2 2 2 2 2 2 2 2 2 2 2 2 2
left_child=1 -1 6 14 -5 -6 7 10 9 -9 -2 12 16 -14 15 -4 -12 -18 19 -19 21 -20 23 -23 26 -26 -25 -24 -21 -30
right_child=2 -3 3 4 5 -7 -8 8 -10 -11 11 -13 13 -15 -16 -17 17 18 20 28 -22 22 27 24 25 -27 -28 -29 29 -31
leaf_value=0 -0.0018482181777665287 0 0.15629355103988263 -0.031518635214881942 -0.019181924246093888 0.087710579732663441 0.044628018351864307 -0.02707386076250462 2.1484425052655467e-05 0.00034367660983987191 -7.2430788613958799e-05 0.051546783893815298 -0.0041477837542248158 0.0012984340980111333 -0.0064969614655970495 -0.00055710838541568196 0.00036129949587872679 -0.0012750389326663442 4.2343337301767827e-05 0.0023978086957408963 0.017124569289791468 0.00034671842617811345 0.00052973034853481512 -0.0013653710106600984 0.0031235542192923757 -0.0009674910715505423 -0.00016646927480094365 -0.0012184484632145362 0.00011605042458943394 -0.0030581019604395778
leaf_weight=3271 27 22 1690 26 20 64 182 35 80 33 38 144 31 35 24 43 68 20 601 23 139 29 178 26 44 30 33 27 20 24
leaf_count=3271 27 22 1690 26 20 64 182 35 80 33 38 144 31 35 24 43 68 20 601 23 139 29 178 26 44 30 33 27 20 24
internal_value=-0.0196905 -0.0448482 0.00249598 0.00411623 -0.000909091 0.00202381 0.000875737 0.000519288 -0.0047973 -0.0104412 0.00103123 0.00119205 0.000863836 -0.00484848 0.00443085 0.00453837 0.00115385 0.00131537 0.00110553 -0.00247126 0.00138663 0.00102273 -0.000449591 -0.00271605 -0.00402256 -0.00108108 -0.00771186 0.00134146 -0.00022388 -0.00295455
internal_weight=7027 3293 3734 1867 110 84 1867 1685 148 68 1537 1510 1366 66 1757 1733 1300 1262 1194 87 1107 968 367 162 133 74 59 205 67 44
internal_count=7027 3293 3734 1867 110 84 1867 1685 148 68 1537 1510 1366 66 1757 1733 1300 1262 1194 87 1107 968 367 162 133 74 59 205 67 44
is_linear=0
shrinkage=0.05


Tree=105
num_leaves=31
num_cat=0
split_feature=0 14 18 17 1 12 1 0 11 3 2 5 2 0 2 0 4 14 12 3 2 13 10 10 3 5 9 15 16 9
split_gain=1567.1 4.51509 3.81755 0.822627 0.8368 2.25591 0.876155 0.77131 0.814578 0.740858 0.710855 0.678906 0.622294 0.549529 0.542392 1.702 0.730057 0.494933 1.60486 0.461866 0.449411 1.16282 0.853535 0.431334 0.374952 0.430622 0.406582 0.372024 0.365163 0.449218
threshold=3.5000000000000004 6.3656501350523191 35.847224358483835 14.305202200404251 318.25000000000006 128.98347140998789 333.15000000000003 321.50000000000006 31.794833518443955 41.850000000000001 172.50000000000003 72.500000000000014 202.50000000000003 898.50000000000011 287.50000000000006 646.50000000000011 9.5500000000000025 18.472330748196544 103.31622603671424 34.350000000000001 74.500000000000014 0.16107804324354255 -0.97106408147883394 0.99164058729498161 26.850000000000005 18.500000000000004 -0.27194808396361159 58.357686170585559 16.907469128418853 -0.68702731818199647
decision_type=2 2 2 2 2 2 2 2 2 2 2 2 2 2 2 2 2 2 2 2 2 2 2 2 2 2 2 2 2 2
left_child=1 -1 3 -2 7 6 -6 8 19 13 -7 12 -10 17 15 -11 -16 18 -4 24 -21 -22 -23 -19 25 -5 28 -25 -26 -30
right_child=2 -3 9 4 5 10 -8 -9 11 14 -12 -13 -14 -15 16 -17 -18 23 -20 20 21 22 -24 27 26 -27 -28 -29 29 -31
leaf_value=0 -0.0017558072688782103 0 -0.0081042626803246656 -0.00046581629596115524 -0.00044908913729635024 0.0022225744882063878 -0.016312134347117181 0.049635005966517889 -0.0030271677428128294 0.04604240480317174 -0.010508737074239907 -0.0036796399050509051 0.011327616726591092 -0.0061721133923170121 -0.01278809363062991 -0.033297448167391067 0.069231761021421603 0.13357422709263964 0.051777124720264738 8.2040998878610583e-05 -0.0022859883445539024 -0.0031717430708532407 0.00091509177803838495 0.42200076622417981 0.00058930472108408211 4.5065393928681426e-05 0.00012619704044114627 -0.049497756143530698 6.1766464576118235e-05 -6.2293837687710357e-05
leaf_weight=3271 27 22 28 22 23 123 30 149 21 33 26 25 23 24 26 20 82 1735 66 130 37 32 144 20 50 292 296 28 136 86
leaf_count=3271 27 22 28 22 23 123 30 149 21 33 26 25 23 24 26 20 82 1735 66 130 37 32 144 20 50 292 296 28 136 86
internal_value=-0.0197047 -0.0448482 0.0024692 0.00069378 0.000835866 -0.00217822 -0.0110377 0.0012578 0.000865533 0.00390883 0.000973155 -0.00442029 -0.000681818 0.00418464 0.000652174 -0.00349057 0.00268519 0.00428077 0.000744681 0.00116327 -0.000393586 -0.00180751 -0.000113636 0.00446719 0.00176871 0.000382166 0.00253521 -0.000208333 0.00113971 0.00027027
internal_weight=7027 3293 3734 1672 1645 202 53 1443 1294 2062 149 69 44 1901 161 53 108 1877 94 1225 343 213 176 1783 882 314 568 48 272 222
internal_count=7027 3293 3734 1672 1645 202 53 1443 1294 2062 149 69 44 1901 161 53 108 1877 94 1225 343 213 176 1783 882 314 568 48 272 222
is_linear=0
shrinkage=0.05


Tree=106
num_leaves=31
num_cat=0
split_feature=0 14 15 1 3 1 12 1 14 5 0 2 0 10 1 15 0 0 17 16 16 4 4 3 3 11 2 4 10 4
split_gain=1561.78 4.51509 3.84397 1.45773 0.693234 0.597465 3.28538 2.29206 0.914715 0.997356 0.607487 1.39923 0.55641 0.479358 0.447297 2.14635 0.558852 0.4 0.396617 0.501327 0.674821 0.627087 0.384553 0.488079 0.543882 0.52032 1.20005 0.476027 0.38364 1.43081
threshold=3.5000000000000004 6.3656501350523191 33.819010176970927 16.850000000000005 41.850000000000001 318.25000000000006 104.12839838725431 333.15000000000003 6.3656501350523191 13.500000000000002 321.50000000000006 188.50000000000003 898.50000000000011 0.99164058729498161 424.30000000000001 54.244483422251108 858.50000000000011 331.50000000000006 15.829891493726066 20.685615849372859 20.829348266019995 4.3500000000000005 8.8500000000000032 26.250000000000004 38.550000000000004 9.7074194676674868 28.500000000000004 10.050000000000002 -0.92910699518418138 6.5500000000000007
decision_type=2 2 2 2 2 2 2 2 2 2 2 2 2 2 2 2 2 2 2 2 2 2 2 2 2 2 2 2 2 2
left_child=1 -1 5 -4 12 10 7 -7 -8 17 11 18 13 28 -6 -16 -17 -10 -2 21 -21 -20 -22 25 27 26 -24 -25 29 -5
right_child=2 -3 3 4 14 6 8 -9 9 -11 -12 -13 -14 -15 15 16 -18 -19 19 20 22 -23 23 24 -26 -27 -28 -29 -30 -31
leaf_value=0 -0.00084996956741590398 0 -0.00188130162693645 -0.04793512827075759 0.060872794350100394 -0.00038486882496954452 -0.0031664876015613458 -0.030975214523529637 0.0015710904961248953 0.009769128924820538 0.043719111096537561 -0.0036217784926603686 -0.0058635077227015102 0.0028599666047133213 -0.032038252837583853 0.081579331794397802 -0.016592798280848298 -0.01631762450942234 -0.0011058777539208139 -0.00012160598607300503 9.6025351404011077e-05 9.9822374836239718e-05 8.4904674556416169e-06 -0.00076797108598688373 -0.00033866322213479505 0.0001463030265287995 -0.0017021779222777919 0.00017655928381712547 0.12478984875079198 0.061423506343312263
leaf_weight=3271 24 22 21 26 48 24 34 21 20 166 112 25 24 42 28 73 22 20 30 40 122 598 44 26 43 58 26 223 1564 230
leaf_count=3271 24 22 21 26 48 24 34 21 20 166 112 25 24 42 28 73 22 20 30 40 122 598 44 26 43 58 26 223 1564 230
internal_value=-0.0197474 -0.0448482 0.00238886 0.00382098 0.00395479 0.000591788 -0.00149123 -0.0138889 0.000833334 0.00208738 0.0010248 0.000710882 0.00423118 0.00432868 0.000906433 -0.000691057 0.00289474 -0.005 0.000948136 0.00107438 1.71823e-05 0.00205414 0.000479705 -0.000238095 0.000890411 -0.0028125 -0.00571429 0.00178715 0.00445055 0.00265625
internal_weight=7027 3293 3734 2078 2057 1656 285 45 240 206 1371 1259 1886 1862 171 123 95 40 1234 1210 582 628 542 420 292 128 70 249 1820 256
internal_count=7027 3293 3734 2078 2057 1656 285 45 240 206 1371 1259 1886 1862 171 123 95 40 1234 1210 582 628 542 420 292 128 70 249 1820 256
is_linear=0
shrinkage=0.05


Tree=107
num_leaves=31
num_cat=0
split_feature=0 14 18 14 1 12 9 18 11 10 3 4 0 11 10 3 2 0 16 6 11 1 3 16 2 4 11 18 2 3
split_gain=1557.36 4.51509 4.11784 0.996236 3.40821 2.54818 2.49161 0.994373 1.52384 1.43027 0.824929 1.11908 0.751354 1.52904 0.715631 0.7 0.697468 0.591379 0.370915 0.730406 1.19344 0.728763 0.561422 0.440494 0.870136 0.851801 0.485253 0.404198 0.559239 0.486968
threshold=3.5000000000000004 6.3656501350523191 39.765142305465723 49.227130918056098 333.15000000000003 104.12839838725431 0.40542197401079721 33.027183196335947 18.866066188581147 0.1500498401600889 41.250000000000007 8.8500000000000032 321.50000000000006 34.685640458452077 0.99548449742306455 28.350000000000005 287.50000000000006 898.50000000000011 20.685615849372859 96.500000000000014 24.366276592681828 89.250000000000014 39.550000000000004 21.044538079412337 104.50000000000001 12.250000000000002 27.796915182077331 7.8152561656557316 74.500000000000014 24.950000000000003
decision_type=2 2 2 2 2 2 2 2 2 2 2 2 2 2 2 2 2 2 2 2 2 2 2 2 2 2 2 2 2 2
left_child=1 -1 3 4 12 6 -6 8 -7 -10 14 -12 13 18 17 -15 -13 -4 19 -2 -21 -22 23 24 25 -20 27 28 29 -25
right_child=2 -3 10 -5 5 7 -8 -9 9 -11 11 16 -14 15 -16 -17 -18 -19 22 20 21 -23 -24 26 -26 -27 -28 -29 -30 -31
leaf_value=0 9.8027828385075896e-05 0 0.15992998183749893 0.041747281553383468 -0.034985163441734655 0.0018079713594249284 -0.01106393695232212 0.037898582909195878 -0.0037013621036327618 -0.0066620165986339634 -0.028024034932548954 -0.010449953324417569 0.030605750277946972 0.00077147394044524181 -0.0021255135278494975 -0.0079507323225289639 0.054365394041625152 -0.0055703323365661073 1.5975200007667775e-05 9.4865095286672454e-05 -0.0018006439403886521 -0.0013164212438984278 -0.00032173006102807701 -2.4642584743365899e-05 0.0029762775243450759 -0.00034686694689415752 -0.00068173393460373556 0.0041958000870065543 -0.00065686299120009555 9.0620081477785398e-05
leaf_weight=3271 478 22 1638 182 20 36 23 30 28 21 31 35 190 20 30 36 109 24 40 151 20 27 43 88 29 39 30 150 26 160
leaf_count=3271 478 22 1638 182 20 36 23 30 28 21 31 35 190 20 30 36 109 24 40 151 20 27 43 88 29 39 30 150 26 160
internal_value=-0.019783 -0.0448482 0.00232191 0.000661489 0.000281899 -0.00670886 -0.017093 -0.00282609 -0.00558823 -0.0113265 0.00398232 0.000714286 0.00100524 0.000587136 0.00432033 -0.0075 0.00256944 0.00445848 0.000940672 0.00174556 -0.000808081 -0.00776596 4.13225e-05 0.000462634 -0.00240741 -0.00512658 0.00114537 0.00158019 0.000437956 0.00116935
internal_weight=7027 3293 3734 1867 1685 158 43 115 85 49 1867 175 1527 1337 1692 56 144 1662 1281 676 198 47 605 562 108 79 454 424 274 248
internal_count=7027 3293 3734 1867 1685 158 43 115 85 49 1867 175 1527 1337 1692 56 144 1662 1281 676 198 47 605 562 108 79 454 424 274 248
is_linear=0
shrinkage=0.05


Tree=108
num_leaves=31
num_cat=0
split_feature=0 14 15 1 1 12 2 5 14 14 0 11 3 4 0 18 10 10 4 2 0 2 12 3 6 4 4 18 17 10
split_gain=1553.83 4.51509 4.00659 1.54515 0.845215 2.36901 1.69749 0.970517 1.18546 0.742205 0.690049 1.21894 0.641058 0.594658 0.558369 0.500827 0.483017 0.501363 1.53339 0.45874 1.42593 0.432353 0.339479 0.444179 0.709168 0.48887 0.445323 0.354602 0.68432 0.473853
threshold=3.5000000000000004 6.3656501350523191 36.972401833790038 23.950000000000003 318.25000000000006 104.12839838725431 210.50000000000003 13.500000000000002 6.3656501350523191 50.303189625999103 321.50000000000006 39.011725196499995 41.850000000000001 8.4500000000000011 898.50000000000011 22.396111405465437 0.99164058729498161 -0.92260537345622995 7.5500000000000007 288.50000000000006 646.50000000000011 230.50000000000003 293.1050434683292 38.45000000000001 34.500000000000007 18.250000000000004 16.450000000000003 0.230728433994417 30.892276554206578 -0.70250145193066593
decision_type=2 2 2 2 2 2 2 2 2 2 2 2 2 2 2 2 2 2 2 2 2 2 2 2 2 2 2 2 2 2
left_child=1 -1 4 -4 10 6 -6 9 -9 -7 11 22 14 -14 16 -10 17 18 -5 20 -15 -8 23 27 25 -25 -26 28 29 -2
right_child=2 -3 3 12 5 7 21 8 15 -11 -12 -13 13 19 -16 -17 -18 -19 -20 -21 -22 -23 -24 24 26 -27 -28 -29 -30 -31
leaf_value=0 -1.3709271463293132e-05 0 -0.0020753451828671942 -0.033509487873025066 -0.021515019051530998 -0.015256015638314791 -0.012374004874838316 -0.0026750623915516797 -0.0004623277275185439 0.0091432209561253721 0.04412565798867063 -0.0093573056797540688 -0.015472983953115978 0.085819628139617743 -0.0052918157197380791 0.025398139251649583 0.0020129659790058792 0.16023131433037374 0.060508668944637328 0.06879240413899311 -0.014597398954292636 0.012346611777704401 0.00011217406001026892 0.00040456880518775426 -0.0041476470497807498 -0.00015936930463761057 -3.2689241904980034e-05 7.155450641475033e-05 -4.3485716913505992e-05 3.101792612428523e-05
leaf_weight=3271 24 22 20 38 33 23 34 34 35 22 128 22 21 33 24 172 42 1463 213 85 21 20 50 49 24 34 22 976 20 52
leaf_count=3271 24 22 20 38 33 23 34 34 35 22 128 22 21 33 24 172 42 1463 213 85 21 20 50 49 24 34 22 976 20 52
internal_value=-0.0198114 -0.0448482 0.00226835 0.00382653 0.000546787 -0.00156836 -0.0087931 0.000629371 0.00188797 -0.00611111 0.00110992 0.000758052 0.00396907 0.0009375 0.00424157 0.00330918 0.0043451 0.00447491 0.00241036 0.0021223 -0.00148148 -0.00333333 0.00096323 0.000795171 -0.00197674 0.000783133 -0.00695652 0.00112873 -0.00177083 0.000394737
internal_weight=7027 3293 3734 1960 1774 373 87 286 241 45 1401 1273 1940 160 1780 207 1756 1714 251 139 54 54 1251 1201 129 83 46 1072 96 76
internal_count=7027 3293 3734 1960 1774 373 87 286 241 45 1401 1273 1940 160 1780 207 1756 1714 251 139 54 54 1251 1201 129 83 46 1072 96 76
is_linear=0
shrinkage=0.05


Tree=109
num_leaves=31
num_cat=0
split_feature=0 14 18 12 3 14 1 17 14 10 0 11 3 0 5 4 12 0 12 3 6 16 15 0 4 1 10 10 4 1
split_gain=1553.83 4.51509 3.50275 1.31063 1.16959 1.01278 3.06408 1.94552 2.13833 0.673854 0.643554 1.55035 1.24444 0.591759 0.535714 0.519298 0.419832 0.713403 0.333193 0.529196 0.701876 0.455019 0.406383 0.58296 0.406349 0.350141 0.346486 0.325503 1.50697 0.322529
threshold=3.5000000000000004 6.3656501350523191 40.121445064532828 263.68520860740017 42.550000000000004 49.227130918056098 337.15000000000003 28.233838397671466 19.545413623655406 0.99548449742306455 321.50000000000006 34.685640458452077 28.350000000000005 879.50000000000011 10.500000000000002 13.750000000000002 122.75675273136339 203.50000000000003 293.1050434683292 38.45000000000001 34.500000000000007 21.169088340669816 22.265533624089866 280.50000000000006 17.150000000000002 300.00000000000006 -0.98518361333263327 -0.93533330245768853 6.5500000000000007 318.25000000000006
decision_type=2 2 2 2 2 2 2 2 2 2 2 2 2 2 2 2 2 2 2 2 2 2 2 2 2 2 2 2 2 2
left_child=1 -1 5 9 15 6 10 8 -8 13 11 18 -13 27 -15 -5 -9 -18 19 22 21 -21 23 25 -22 26 -2 28 -4 -12
right_child=2 -3 3 4 -6 -7 7 16 -10 -11 29 12 -14 14 -16 -17 17 -19 -20 20 24 -23 -24 -25 -26 -27 -28 -29 -30 -31
leaf_value=0 0.00010131544028759527 0 -0.053421189039575746 -0.028682737991122576 -0.013812911126682648 0.04003612858790509 -0.024157435076848227 0.029889589637096571 -0.0051260931601449389 -0.0022368119662432144 0.04244705809995792 0.0007764668056853964 -0.010451823830361216 -0.055340072675594099 0.048686780589060799 0.039823668179379629 0.015309282753615936 -0.0037225895709338654 0.00010656535700976526 0.0004598014508699208 -0.0039402646972917224 -0.00028313276074677326 0.0235312081945693 -0.0065984396977496907 -4.5783192702111109e-05 0.0067296924925530762 1.7483408524332688e-05 0.17688134363894303 0.075421267540275325 -0.0023583087238503203
leaf_weight=3271 70 22 25 20 24 190 34 21 38 30 159 20 36 20 28 37 26 35 50 64 24 24 66 20 21 55 893 1495 173 36
leaf_count=3271 70 22 25 20 24 190 34 21 38 30 159 20 36 20 28 37 26 35 50 64 24 24 66 20 21 55 893 1495 173 36
internal_value=-0.0198114 -0.0448482 0.00226835 0.0038121 -0.00240741 0.000749203 0.00036052 -0.00636364 -0.0123611 0.00409656 0.00103381 0.000644081 -0.0075 0.00422458 -0.00125 0.00149123 -0.00109756 -0.00319672 0.000998446 0.000836702 -0.00214286 0.000454546 0.00119565 0.000953757 -0.00722222 0.00111984 0.000898235 0.0043798 0.00247475 0.00371795
internal_weight=7027 3293 3734 1852 81 1882 1692 154 72 1771 1538 1343 56 1741 48 57 82 61 1287 1237 133 88 1104 1038 45 1018 963 1693 198 195
internal_count=7027 3293 3734 1852 81 1882 1692 154 72 1771 1538 1343 56 1741 48 57 82 61 1287 1237 133 88 1104 1038 45 1018 963 1693 198 195
is_linear=0
shrinkage=0.05


Tree=110
num_leaves=31
num_cat=0
split_feature=0 14 18 3 4 15 14 1 17 14 3 1 13 17 10 0 10 4 18 11 2 11 15 0 13 9 6 0 2 14
split_gain=1544.13 4.51509 3.68338 1.69206 1.42627 1.73743 1.10717 2.12715 1.25447 2.33766 0.723508 0.686738 2.99092 1.01993 0.67141 0.554301 0.468748 1.27316 0.455958 1.3696 0.445323 0.421978 0.375424 0.360582 1.09977 0.978116 0.612465 0.694231 0.537281 0.689508
threshold=3.5000000000000004 6.3656501350523191 40.121445064532828 42.350000000000001 8.8500000000000032 54.244483422251108 50.303189625999103 337.15000000000003 27.117595147965766 18.953793107244671 29.450000000000003 29.750000000000004 0.17327051640834293 31.023932121514495 0.99548449742306455 898.50000000000011 -0.92910699518418138 6.5500000000000007 29.855418934228577 40.722444412494873 152.50000000000003 54.921879638779934 22.265533624089866 112.50000000000001 0.19632589955022492 -0.99273952934267318 98.500000000000014 221.50000000000003 90.500000000000014 23.974700135607073
decision_type=2 2 2 2 2 2 2 2 2 2 2 2 2 2 2 2 2 2 2 2 2 2 2 2 2 2 2 2 2 2
left_child=1 -1 6 14 -5 -6 7 11 9 -9 -10 12 13 -2 15 16 17 -4 19 22 -12 -19 23 -13 28 -26 -27 -28 -25 -30
right_child=2 -3 3 4 5 -7 -8 8 10 -11 20 18 -14 -15 -16 -17 -18 21 -20 -21 -22 -23 -24 24 25 26 27 -29 29 -31
leaf_value=0 2.7454332969598611e-05 0 -0.042845772237611039 -0.023543401914904394 -0.013013029813270708 0.066681696516812633 0.042534620720464746 -0.030952282563228746 0.0012096587645872214 -0.0019430724823380691 -0.0042084057910767849 7.1454109160635254e-05 -0.001787841504412982 -3.7193737268533883e-05 -0.0021249713679311294 -0.0059011609859704016 0.17775672172132043 -0.01984848037130188 0.044670902764023301 -0.0090534624183650787 0.00017210443108887712 0.066696135043985513 0.012331100815002792 -0.0018043494246098206 -0.0027901043277016521 0.0017074756695431446 0.00072401090925043599 -0.0026955825739645718 -0.00013028474431182345 0.0021707584509294184
leaf_weight=3271 288 22 27 21 20 68 170 20 66 35 24 424 39 30 30 24 1452 28 145 21 22 182 125 40 28 258 32 20 59 36
leaf_count=3271 288 22 27 21 20 68 170 20 66 35 24 424 39 30 30 24 1452 28 145 21 22 182 125 40 28 258 32 20 59 36
internal_value=-0.0198897 -0.0448482 0.00212105 0.0037041 -0.00233945 0.000454546 0.000563231 0.000181075 -0.00517964 -0.0113636 -0.00214286 0.000760518 -0.00116246 0.000440252 0.00408204 0.00421191 0.00431912 0.00225738 0.00133838 0.000973155 -0.00695652 0.00357143 0.00123288 0.00087514 -7.39956e-05 0.0014497 0.00225806 -0.00269231 -0.00388889 -0.00184211
internal_weight=7027 3293 3734 1852 109 88 1882 1712 167 55 112 1545 357 318 1743 1713 1689 237 1188 1043 46 210 1022 897 473 338 310 52 135 95
internal_count=7027 3293 3734 1852 109 88 1882 1712 167 55 112 1545 357 318 1743 1713 1689 237 1188 1043 46 210 1022 897 473 338 310 52 135 95
is_linear=0
shrinkage=0.05


Tree=111
num_leaves=31
num_cat=0
split_feature=0 14 18 11 13 10 4 11 0 3 3 7 15 0 1 11 0 10 0 0 6 11 9 4 18 15 4 10 16 4
split_gain=1547.65 4.51509 3.72254 1.35153 1.03243 0.980752 1.43631 1.18743 1.08854 1.04185 0.970274 0.910609 1.57091 0.560082 0.555724 1.50509 0.81542 0.520758 0.598522 0.404891 0.34974 1.33069 0.633427 0.689954 0.421383 0.730425 0.558826 0.775544 0.372909 0.471331
threshold=3.5000000000000004 6.3656501350523191 30.59281575553609 41.419475026871275 0.4065429704115836 -0.62538740722492581 8.5500000000000025 54.689586713636793 656.50000000000011 41.45000000000001 37.650000000000013 0.60355339059327384 35.745019733436891 898.50000000000011 333.15000000000003 19.088914978457193 316.50000000000006 0.99164058729498161 457.50000000000006 254.50000000000003 94.500000000000014 26.819483663903579 -0.53798524335129183 14.250000000000002 15.339071760111681 9.7492377029305768 9.7500000000000018 -0.43663505800854857 20.685615849372859 25.850000000000005
decision_type=2 2 2 2 2 2 2 2 2 2 2 2 2 2 2 2 2 2 2 2 2 2 2 2 2 2 2 2 2 2
left_child=1 -1 3 14 -5 6 9 8 11 10 -4 -8 -13 17 20 -16 -17 19 -19 -7 28 24 -23 -24 25 26 27 -22 -2 -30
right_child=2 -3 5 4 -6 13 7 -9 -10 -11 -12 12 -14 -15 15 16 -18 18 -20 -21 21 22 23 -25 -26 -27 -28 -29 29 -31
leaf_value=0 9.2293303699255962e-05 0 -0.066667626056864382 0.0018401331799537412 -0.00360289664253122 -0.0028416561670626421 0.088266331152666647 0.069488855794272539 -0.012471614076971869 -0.033046076573267781 0.032531018328211987 0.00083840451141690281 -0.012377338088090618 -0.0056061029366718555 0.0019342567204909762 -0.011104083954823585 -0.0064315995139836366 0.099586736413085977 -0.041968150984862354 0.14873682035235727 0.00045554202100197476 -0.00019228802085744556 -0.0021524983788964078 -0.0025440266549314177 0.013935951655292288 -0.0012960636532208915 0.00011774092596653146 -0.00065117954791384536 2.5311503088834049e-05 -0.00085650200676670978
leaf_weight=3271 503 22 32 26 25 20 134 435 34 22 45 55 20 24 56 20 23 27 29 1350 25 20 20 21 51 34 113 24 519 27
leaf_count=3271 503 22 32 26 25 20 134 435 34 22 45 55 20 24 56 20 23 27 29 1350 25 20 20 21 51 34 113 24 519 27
internal_value=-0.0198612 -0.0448482 0.00217461 0.000255475 -0.0077451 0.00347328 0.0020399 0.00286136 6.17286e-05 -0.00358586 -0.000844156 0.00141148 -0.003 0.00424138 0.000535714 -0.00308081 -0.0101163 0.00436886 -0.000357143 0.00456204 0.000799558 -0.000681818 -0.00729508 -0.0108537 0.000951417 -0.000102041 0.0012963 -0.00316327 0.00123451 0.000329671
internal_weight=7027 3293 3734 1507 51 2227 777 678 243 99 77 209 75 1450 1456 99 43 1426 56 1370 1357 308 61 41 247 196 162 49 1049 546
internal_count=7027 3293 3734 1507 51 2227 777 678 243 99 77 209 75 1450 1456 99 43 1426 56 1370 1357 308 61 41 247 196 162 49 1049 546
is_linear=0
shrinkage=0.05


Tree=112
num_leaves=31
num_cat=0
split_feature=0 14 1 3 4 14 0 2 1 15 0 4 18 12 1 3 7 10 0 15 10 3 15 1 18 12 9 15 3 4
split_gain=1542.37 4.51509 3.82543 1.08477 1.92326 0.778135 1.32062 2.37202 1.31677 1.6162 2.08567 1.70419 0.964351 0.802777 0.728807 1.12644 0.592208 0.587455 0.563909 0.498537 0.430456 0.721725 0.516968 1.25382 0.995096 1.13751 1.09618 0.699746 0.552792 0.525863
threshold=3.5000000000000004 6.3656501350523191 439.7000000000001 42.350000000000001 10.15 28.979146595494644 656.50000000000011 322.50000000000006 337.15000000000003 37.395282774685796 207.50000000000003 13.450000000000001 28.613117394034933 240.08098772759664 311.75000000000006 36.250000000000007 -0.5 -0.98518361333263327 898.50000000000011 41.109572661233443 -0.42108527284769387 26.350000000000005 6.8002822819359752 124.25000000000001 9.2504185900504137 267.50248209955811 0.51236666743397874 0.078308753106609466 30.650000000000002 7.8500000000000005
decision_type=2 2 2 2 2 2 2 2 2 2 2 2 2 2 2 2 2 2 2 2 2 2 2 2 2 2 2 2 2 2
left_child=1 -1 5 18 -5 8 12 -8 19 10 -10 -12 13 -7 17 -16 -6 -15 -4 20 21 -2 27 24 26 -26 28 -23 -24 -25
right_child=2 -3 3 4 16 6 7 -9 9 -11 11 -13 -14 14 15 -17 -18 -19 -20 -21 -22 22 23 29 25 -27 -28 -29 -30 -31
leaf_value=0 -0.0053663343593675214 0 0.12455324127099413 -0.036080296145509783 -0.011738797618758472 -0.0083507093083675862 -0.043847736032483972 0.022151183715907647 0.0012732894156857358 0.0057563028760441171 -0.031077271280204377 -0.0091319306606636851 0.086884424875627309 -0.0024336021125198498 0.0023297057056950372 -0.0087415611819167734 0.079183644800441766 0.013186327911205227 -0.0053257977898384847 -0.0013826123043809734 4.5668634150406629e-05 -2.0140382051904419e-05 -0.00030216655590308271 -0.00096207948542276689 -0.00038954180927993281 -0.0041773972375672673 -0.0023306662624420433 9.1532925635123214e-05 0.0012360111066415554 0.00081835485111288902
leaf_weight=3271 21 22 1482 20 20 22 34 50 26 29 24 34 387 20 58 29 57 163 24 33 494 27 27 29 23 20 25 296 40 220
leaf_count=3271 21 22 1482 20 20 22 34 50 26 29 24 34 387 20 58 29 57 163 24 33 494 27 27 29 23 20 25 296 40 220
internal_value=-0.0199039 -0.0448482 0.00209427 0.00393949 -0.00118557 0.000706241 0.00198558 -0.00392857 -7.30976e-06 -0.00517699 -0.00869048 -0.0139655 0.00271723 0.000547945 0.0012963 -0.00247126 0.0024026 0.00308743 0.00426959 0.000458168 0.000621931 -0.000151099 0.000120226 -0.00111979 -0.005 -0.0112791 -0.00206522 0.00159443 0.00126866 0.000983936
internal_weight=7027 3293 3734 1603 97 2131 763 84 1368 113 84 58 679 292 270 87 77 183 1506 1255 1222 728 707 384 135 43 92 323 67 249
internal_count=7027 3293 3734 1603 97 2131 763 84 1368 113 84 58 679 292 270 87 77 183 1506 1255 1222 728 707 384 135 43 92 323 67 249
is_linear=0
shrinkage=0.05


Tree=113
num_leaves=31
num_cat=0
split_feature=0 14 1 1 0 3 4 10 0 4 1 12 0 0 12 9 12 12 15 6 0 0 14 2 18 4 8 9 3 17
split_gain=1552.94 4.51509 3.04541 0.759793 2.33611 0.61201 0.822821 0.611227 0.61089 0.580104 1.07407 1.29211 3.08859 0.967378 0.958696 0.656735 0.723508 0.626024 1.01838 0.611457 0.581669 0.506685 0.480401 0.851477 1.68362 0.465011 0.821034 0.697066 0.428317 0.381406
threshold=3.5000000000000004 6.3656501350523191 467.85000000000008 29.750000000000004 112.50000000000001 41.850000000000001 10.15 0.99164058729498161 898.50000000000011 15.050000000000002 337.15000000000003 110.37300667543541 442.50000000000006 628.50000000000011 269.58768850348935 -0.99052327954040364 258.69843327617042 284.91521471611526 10.307568942499255 1.0000000180025095e-35 207.50000000000003 457.50000000000006 28.979146595494644 165.50000000000003 29.855418934228577 11.750000000000002 -0.37940952255126015 0.57023701209772126 40.150000000000013 31.023932121514495
decision_type=2 2 2 2 2 2 2 2 2 2 2 2 2 2 2 2 2 2 2 2 2 2 2 2 2 2 2 2 2 2
left_child=1 -1 3 4 29 7 -7 8 -4 10 15 12 -12 -14 19 16 -5 -11 -19 20 -13 -9 23 25 -25 -17 -27 -28 -21 -2
right_child=2 -3 5 9 -6 6 -8 21 -10 17 11 14 13 -15 -16 22 -18 18 -20 28 -22 -23 -24 24 -26 26 27 -29 -30 -31
leaf_value=0 2.2119130003971465e-05 0 0.19920911742573091 -0.0030068650527699261 -0.0018425654358074741 -0.02840310850055465 0.01641029774946259 0.48438838317875715 -0.0050595079003466405 0.0016040034077867236 -0.034744921719833996 0.0048271814683559407 0.014129374243886831 -0.020022144801337266 -0.022467713233194055 0.00024131402346183936 0.0036130241875789158 7.0219840708801986e-05 -0.0024879197893210069 0.011181535433667907 -0.0042394884824941024 -0.046097405499168881 0.023692493839103931 -0.0019560869121425183 0.028973912020006428 0.002228454036062465 4.6262012291641079e-05 -0.0014071123374788106 -0.022131486521555593 -3.8883057267071416e-05
leaf_weight=3271 294 22 1250 23 36 23 70 20 24 773 21 22 37 20 36 312 21 50 22 154 31 29 203 27 41 47 53 32 33 30
leaf_count=3271 294 22 1250 23 36 23 70 20 24 773 21 22 37 20 36 312 21 50 22 154 31 29 203 27 41 47 53 32 33 30
internal_value=-0.0198186 -0.0448482 0.00225495 0.00113891 -0.000972222 0.00408192 0.000161291 0.00435752 0.00456829 0.00152707 0.000777179 -0.00149717 -0.00717949 -0.00114035 0.000108696 0.00183794 -0.00409091 0.00251479 -0.00194444 0.00125 -0.00349057 -0.00112245 0.0022028 0.00138672 -0.00382353 0.00218468 -0.00030303 -0.00323529 0.00259358 0.000370371
internal_weight=7027 3293 3734 2318 360 1416 93 1323 1274 1958 1113 354 78 57 276 759 44 845 72 240 53 49 715 512 68 444 132 85 187 324
internal_count=7027 3293 3734 2318 360 1416 93 1323 1274 1958 1113 354 78 57 276 759 44 845 72 240 53 49 715 512 68 444 132 85 187 324
is_linear=0
shrinkage=0.05


Tree=114
num_leaves=31
num_cat=0
split_feature=0 14 18 12 2 4 14 1 12 9 18 17 1 15 12 10 2 18 9 10 0 18 0 0 3 17 17 4 10 10
split_gain=1541.49 4.51509 3.60364 0.844663 0.828958 0.821616 0.657667 1.52626 1.68791 1.16667 0.991837 1.17593 0.691837 1.02589 2.09978 0.762303 0.739404 1.50983 0.707445 0.630591 0.642476 1.0219 0.473896 0.473611 0.874744 0.440162 0.762795 0.485133 0.72797 1.14683
threshold=3.5000000000000004 6.3656501350523191 39.765142305465723 264.64565685154167 284.50000000000006 16.350000000000005 51.753992821228927 337.15000000000003 105.97532364483261 0.42109697129093554 33.027183196335947 31.377959158067679 142.90000000000003 11.229541520966139 271.94074614720762 0.26780438508363441 280.50000000000006 22.396111405465437 -0.99273952934267318 0.99548449742306455 855.50000000000011 71.454311638622698 898.50000000000011 203.50000000000003 33.750000000000007 23.715358878738893 24.004577073388067 8.8500000000000032 0.21771516573566849 0.89771014032557062
decision_type=2 2 2 2 2 2 2 2 2 2 2 2 2 2 2 2 2 2 2 2 2 2 2 2 2 2 2 2 2 2
left_child=1 -1 6 19 -5 -6 7 12 9 -9 11 23 13 25 15 16 17 -15 -14 20 -4 -22 -23 -10 -25 -2 -27 -28 -29 -30
right_child=2 -3 3 4 5 -7 -8 8 10 -11 -12 -13 18 14 -16 -17 -18 -19 -20 -21 21 22 -24 24 -26 26 27 28 29 -31
leaf_value=0 0.0001308296110898145 0 0.11665820173528037 0.022762932527740282 -0.028241483373160528 0.0010799915997839451 0.035253621332889722 -0.02351148274492882 0.013114178584651326 -0.0099786984461324359 0.031205806417253287 -0.0046877673947545136 -0.0028849697292666013 -0.00040906688803370617 -0.0020558950296497647 0.017112235715989649 0.045367440885956893 -0.008901408092055944 0.0032293924370435305 -0.0038431070388825553 -0.022176280805414089 0.10400000029661022 -0.004806532505329566 -0.0053365125658452134 0.00026660033663101828 -0.00063461729447751255 7.2276239940118566e-05 8.0344258903283356e-06 -0.00011662909662245942 0.0017900365722625683
leaf_weight=3271 155 22 1657 30 23 24 135 21 31 21 42 20 28 66 25 36 21 20 600 30 20 59 24 20 27 21 117 377 48 36
leaf_count=3271 155 22 1657 30 23 24 135 21 31 21 42 20 28 66 25 36 21 20 600 30 20 59 24 20 27 21 117 377 48 36
internal_value=-0.0199111 -0.0448482 0.00208088 0.00363417 -0.00149351 -0.0056383 0.000527585 0.000265589 -0.00406593 -0.0128571 -0.00142857 -0.00418367 0.000774194 -9.76137e-05 -0.00363095 -0.00129371 -0.00341121 -0.00546512 0.00205414 0.00385475 0.00397727 0.000145631 0.00259036 -0.00141026 -0.00457447 0.000689655 7.51254e-05 0.000415225 -0.000314533 -0.00452381
internal_weight=7027 3293 3734 1867 77 47 1867 1732 182 42 140 98 1550 922 168 143 107 86 628 1790 1760 103 83 78 47 754 599 578 461 84
internal_count=7027 3293 3734 1867 77 47 1867 1732 182 42 140 98 1550 922 168 143 107 86 628 1790 1760 103 83 78 47 754 599 578 461 84
is_linear=0
shrinkage=0.05


Tree=115
num_leaves=31
num_cat=0
split_feature=0 14 1 12 10 0 4 2 14 13 18 1 1 1 0 18 18 11 13 1 5 0 3 0 5 9 9 16 14 14
split_gain=1530.95 4.51509 3.72474 0.900035 0.792399 0.781374 1.35471 1.04833 0.759984 1.83631 1.19589 1.18125 1.61482 1.13598 1.14905 4.87182 0.972248 1.19113 0.879919 0.833726 1.13491 0.800433 1.45541 0.689655 0.686849 0.525717 1.47786 0.524363 0.426817 0.460475
threshold=3.5000000000000004 6.3656501350523191 467.85000000000008 262.79509629855994 0.99164058729498161 855.50000000000011 9.6500000000000004 272.50000000000006 28.60768735483401 0.31504661761273606 20.167398129506392 337.15000000000003 418.05000000000007 37.050000000000004 680.50000000000011 58.984086898776248 28.613117394034933 31.794833518443955 0.42917335473515256 327.75000000000006 15.500000000000002 452.50000000000006 28.850000000000005 457.50000000000006 13.500000000000002 0.10738035228456499 -0.17128679933203927 22.291253097935467 21.853369959338455 0.70748362666980424
decision_type=2 2 2 2 2 2 2 2 2 2 2 2 2 2 2 2 2 2 2 2 2 2 2 2 2 2 2 2 2 2
left_child=1 -1 8 4 5 -4 7 -7 9 24 -11 16 21 -10 18 -16 17 -12 19 25 -21 22 -13 -6 27 26 -15 -2 29 -26
right_child=2 -3 3 -5 23 6 -8 -9 13 10 11 12 -14 14 15 -17 -18 -19 -20 20 -22 -23 -24 -25 28 -27 -28 -29 -30 -31
leaf_value=0 -9.1885531853232806e-06 0 0.18680693285024152 -0.019818823563586829 0.45840628295317487 0.036897100651425589 0.074370512679751227 -0.051619163672912485 -0.0033990581084675287 -0.0019749672430387968 0.00095162007462808661 -0.0037391440877900632 0.0045741196743334473 0.0093263002688119927 -0.044936794707677308 0.047894566971557938 0.027139376091242409 -0.0063481957733540588 0.056848361760432724 -0.0050767268343910356 0.0004164127782516965 -0.0037110866771049248 -0.027265616857254888 -0.043600379872265997 1.7120600583796124e-05 0.016662052858541977 -0.0042923412424298278 -0.0001760494640530229 -0.00025320025816157288 0.00010603056489848439
leaf_weight=3271 67 22 1241 23 20 23 60 20 20 27 38 22 43 71 38 92 97 25 487 36 53 35 20 29 406 117 20 24 114 466
leaf_count=3271 67 22 1241 23 20 23 60 20 20 27 38 22 43 71 38 92 97 25 487 36 53 35 20 29 406 117 20 24 114 466
internal_value=-0.0199964 -0.0448482 0.00192019 0.00394068 0.00410266 0.00433036 0.000145631 -0.00662791 0.000685936 -5.78033e-05 -0.00346906 -0.0025 -0.00625 0.00178801 0.00204595 -0.00230769 0.0003125 -0.00452381 0.00276786 0.000622896 -0.00342697 -0.0105844 -0.0152381 -0.00214286 0.000914578 0.00235577 -0.000494505 -0.00324176 0.00129817 0.00167431
internal_weight=7027 3293 3734 1416 1393 1344 103 43 2318 1384 307 280 120 934 914 130 160 63 784 297 89 77 42 49 1077 208 91 91 986 872
internal_count=7027 3293 3734 1416 1393 1344 103 43 2318 1384 307 280 120 934 914 130 160 63 784 297 89 77 42 49 1077 208 91 91 986 872
is_linear=0
shrinkage=0.05


Tree=116
num_leaves=31
num_cat=0
split_feature=0 14 1 0 18 0 0 13 1 12 0 18 13 3 4 18 18 5 3 12 4 18 13 6 17 10 0 17 13 2
split_gain=1528.32 4.51509 3.97612 0.845949 0.685127 3.31998 2.91379 1.18605 1.01647 1.56066 1.25556 0.813287 0.701851 1.00294 0.771499 0.641848 1.22477 0.627842 0.603835 0.503406 0.468043 0.571032 1.04113 1.39148 0.682182 0.56727 0.673924 0.546613 0.53489 1.49384
threshold=3.5000000000000004 6.3656501350523191 466.4500000000001 874.50000000000011 59.991993913261091 676.50000000000011 711.50000000000011 0.58490307482359505 337.15000000000003 105.97532364483261 442.50000000000006 35.572925614118411 0.31504661761273606 36.850000000000001 9.0500000000000025 27.254796689256114 24.407514054846292 10.500000000000002 27.750000000000004 262.79509629855994 8.9500000000000011 18.582461195566793 0.24199609149572429 93.500000000000014 23.715358878738893 -0.88603780069526494 106.50000000000001 24.004577073388067 0.13904003539040038 91.500000000000014
decision_type=2 2 2 2 2 2 2 2 2 2 2 2 2 2 2 2 2 2 2 2 2 2 2 2 2 2 2 2 2 2
left_child=1 -1 4 19 5 7 -7 8 15 10 -10 12 -11 14 -14 16 20 -5 -16 -4 25 22 24 -24 -22 26 -2 -23 -26 -30
right_child=2 -3 3 17 -6 6 -8 -9 9 11 -12 -13 13 -15 18 -17 -18 -19 -20 -21 21 27 23 -25 28 -27 -28 -29 29 -31
leaf_value=0 6.5794478641245793e-05 0 0.1581473827349873 -0.043327548663398441 0.095744555635045331 -0.049992417458390524 0.0018706998373061699 0.043940744647403905 -0.035437731990641104 0.0010256257760195189 -0.0045718166297480335 0.025960429644939033 -0.0099519053144637021 0.022053237915312225 0.0013265685731229256 0.03241264007918724 -0.0078894179332607665 0.035733868652766246 -0.0068456249366893708 -0.015349108042956687 0.0001367628307274734 -0.00068197501414143252 0.0029057529213372553 -0.0043848034928330648 2.1392912663272884e-07 9.3362185132200414e-05 -0.00072128760956087187 0.0037396795913808931 -0.0028301505729677271 -0.00011024109845193124
leaf_weight=3271 38 22 1347 22 85 29 29 394 26 34 35 49 22 20 20 155 21 35 29 26 118 54 25 27 470 241 27 201 34 121
leaf_count=3271 38 22 1347 22 85 29 29 394 26 34 35 49 22 20 20 155 21 35 29 26 118 54 25 27 470 241 27 201 34 121
internal_value=-0.0200178 -0.0448482 0.00188002 0.00395105 0.000594618 0.000425868 -0.0113793 0.000742712 0.000189587 -0.00287234 -0.0097541 -0.00045977 -0.0026 -0.00489011 -0.00767606 0.000659269 0.000315904 -0.00201754 -0.00418367 0.00419883 0.000501475 1.86265e-10 -0.000660377 -0.0075 -0.000181696 0.00222222 -0.00192308 0.00205882 -0.00084 -0.0033871
internal_weight=7027 3293 3734 1430 2304 2219 58 2161 1767 235 61 174 125 91 71 1532 1377 57 49 1373 1356 1050 795 52 743 306 65 255 625 155
internal_count=7027 3293 3734 1430 2304 2219 58 2161 1767 235 61 174 125 91 71 1532 1377 57 49 1373 1356 1050 795 52 743 306 65 255 625 155
is_linear=0
shrinkage=0.05


Tree=117
num_leaves=31
num_cat=0
split_feature=0 14 1 0 18 10 0 2 0 18 15 18 1 12 0 5 12 10 1 9 13 18 5 4 16 0 4 11 16 16
split_gain=1524.82 4.51509 3.15514 1.10197 1.24296 0.782534 0.689655 0.617767 1.87737 1.84091 0.741574 1.00392 0.818348 1.25918 0.901365 0.85345 0.518413 0.483849 0.4961 0.88562 0.794747 1.15657 1.49436 1.07836 0.380069 0.645448 0.363052 0.49627 0.465909 1.20183
threshold=3.5000000000000004 6.3656501350523191 466.4500000000001 855.50000000000011 71.454311638622698 0.99164058729498161 457.50000000000006 312.50000000000006 680.50000000000011 59.245073550190774 36.972401833790038 27.254796689256114 337.15000000000003 106.9849235260141 452.50000000000006 13.500000000000002 262.79509629855994 0.99164058729498161 245.00000000000003 -0.99273952934267318 0.31823425778586051 28.613117394034933 34.500000000000007 16.850000000000005 21.921539966464639 259.50000000000006 8.8500000000000032 21.480751873014494 20.659977793529368 20.829348266019995
decision_type=2 2 2 2 2 2 2 2 2 2 2 2 2 2 2 2 2 2 2 2 2 2 2 2 2 2 2 2 2 2
left_child=1 -1 7 5 -5 16 -7 8 10 -10 12 -12 17 14 -14 -15 -4 18 20 -20 26 22 -22 -24 -21 -26 27 -2 -28 -30
right_child=2 -3 3 4 -6 6 -8 -9 9 -11 11 -13 13 15 -16 -17 -18 -19 19 24 21 -23 23 -25 25 -27 28 -29 29 -31
leaf_value=0 6.2208891504020886e-05 0 0.16722066600382335 -0.025386503346465167 0.036428009104594664 0.42757859966876677 -0.049327730015402076 0.065882280168410051 -0.043651242941366991 0.0095198648184506799 -0.0022380566555767071 0.037096614878566046 -0.030760597620163574 -0.0096442286772659529 -0.0054987470131795209 0.00054729322995006747 -0.014581652640808955 -0.0006551270772808147 -0.00086475790481210151 0.024977211319877433 0.0032401595677169618 0.099701137826893979 -0.005553056286471094 -0.0024558664299260784 0.014027072448466005 -0.0013373170198441751 7.3417901512943159e-05 -0.0011719830657242838 -0.00023250851426665872 -7.0115116994428912e-07
leaf_weight=3271 201 22 1252 20 83 20 29 173 22 22 32 379 30 31 27 135 26 21 27 220 34 30 28 31 37 20 403 20 38 343
leaf_count=3271 201 22 1252 20 83 20 29 173 22 22 32 379 30 31 27 135 26 21 27 220 34 30 28 31 37 20 403 20 38 343
internal_value=-0.0200462 -0.0448482 0.00182646 0.00367133 -0.00131068 0.00405803 -0.00214286 0.000681424 0.000448147 -0.00977273 0.000663632 0.00256691 0.000196898 -0.00262332 -0.00903509 -0.000421687 0.00429577 0.000629732 0.000740224 0.00253289 0.000257092 -0.00353659 -0.00629032 -0.0111017 0.00337545 -0.000263158 0.000721393 0.00251131 0.000216837 -0.00103675
internal_weight=7027 3293 3734 1430 103 1327 49 2304 2131 44 2087 411 1676 223 57 166 1278 1453 1432 304 1128 123 93 59 277 57 1005 221 784 381
internal_count=7027 3293 3734 1430 103 1327 49 2304 2131 44 2087 411 1676 223 57 166 1278 1453 1432 304 1128 123 93 59 277 57 1005 221 784 381
is_linear=0
shrinkage=0.05


Tree=118
num_leaves=31
num_cat=0
split_feature=0 14 1 0 18 15 0 18 14 0 1 10 0 0 11 2 0 18 1 15 11 4 1 11 0 13 2 0 11 15
split_gain=1515.21 4.51509 3.44512 1.17592 1.24296 0.982748 3.39591 2.46098 3.675 1.16368 1.02806 0.840334 0.727513 0.689655 0.578751 1.13225 0.991472 0.922083 1.04977 0.644377 0.653613 1.07961 0.563429 1.31382 0.664999 0.785291 0.60957 0.761008 0.592132 0.54073
threshold=3.5000000000000004 6.3656501350523191 491.00000000000006 855.50000000000011 71.454311638622698 58.539052000567821 656.50000000000011 58.984086898776248 60.203705761359963 489.50000000000006 456.25000000000006 0.99164058729498161 724.50000000000011 457.50000000000006 41.419475026871275 220.50000000000003 407.50000000000006 30.59281575553609 337.15000000000003 29.085434379315945 31.480340920393171 15.850000000000003 311.75000000000006 24.366276592681828 203.50000000000003 0.13904003539040038 38.500000000000007 43.500000000000007 9.7074194676674868 8.9079150724814919
decision_type=2 2 2 2 2 2 2 2 2 2 2 2 2 2 2 2 2 2 2 2 2 2 2 2 2 2 2 2 2 2
left_child=1 -1 5 11 -5 6 9 8 -8 14 -10 -4 -9 -13 19 16 -16 -17 -19 20 22 -22 24 -24 25 26 27 -2 -27 -30
right_child=2 -3 3 4 -6 -7 7 12 10 -11 -12 13 -14 -15 15 17 -18 18 -20 -21 21 -23 23 -25 -26 28 -28 -29 29 -31
leaf_value=0 5.5978764153963961e-06 0 0.21515300972373549 -0.024117178179141781 0.034606608649364816 0.05511050268841429 -0.059886284890054223 -0.0080159263976217667 0.021996186442671158 0.072524685988883328 -0.017331344351219271 0.40619966968532845 0.068857759760394668 -0.046861343514631761 -0.0004262854931958998 -0.0058268400682689146 -0.019093339429092145 0.048598218924023565 -0.0087906811507328913 0.0052777063552905687 -0.011282077215005546 0.00079230843291744942 -0.00034749954625820271 -0.005601890868892497 0.0060787965745793017 -0.00067194215116577491 0.00017408415088535309 -0.00029676121993729276 0.0012944212910890552 -0.00028654843609838757
leaf_weight=3271 422 22 1107 20 83 231 27 21 22 246 23 20 33 29 26 20 20 87 31 247 21 33 134 21 226 24 284 32 42 202
leaf_count=3271 422 22 1107 20 83 231 27 21 22 246 23 20 33 29 26 20 20 87 31 247 21 33 134 21 226 24 284 32 42 202
internal_value=-0.0201245 -0.0448482 0.00167916 0.00380858 -0.00131068 0.00059596 0.000276293 -0.00769841 -0.01375 0.000750708 -0.005 0.00426471 0.000370371 -0.00214286 0.000325855 -0.00233696 -0.00913043 -7.24636e-05 0.00161017 0.000616114 0.000211659 -0.00518518 0.000421774 -0.00241935 0.000779221 0.000228628 0.00107046 -6.60791e-05 -0.00208955 -0.00135246
internal_weight=7027 3293 3734 1259 103 2475 2244 126 72 2118 45 1156 54 49 1872 184 46 138 118 1688 1441 54 1387 155 1232 1006 738 454 268 244
internal_count=7027 3293 3734 1259 103 2475 2244 126 72 2118 45 1156 54 49 1872 184 46 138 118 1688 1441 54 1387 155 1232 1006 738 454 268 244
is_linear=0
shrinkage=0.05


Tree=119
num_leaves=31
num_cat=0
split_feature=0 14 18 11 12 17 3 4 0 9 11 0 0 10 0 4 12 10 0 2 2 1 18 18 0 10 11 6 4 1
split_gain=1510.85 4.51509 3.12478 1.6676 1.59859 1.53359 1.2387 0.950743 0.929339 0.857143 0.802029 2.7484 3.04393 2.53463 1.13965 1.13543 0.967274 0.748382 0.814655 0.725202 0.626591 0.818605 0.655039 0.790229 0.871753 0.437775 0.396682 1.13763 0.585242 0.415754
threshold=3.5000000000000004 6.3656501350523191 29.855418934228577 31.794833518443955 107.9481807936529 25.150511923839712 35.650000000000013 6.1500000000000012 290.50000000000006 -0.53798524335129183 49.011557188515063 724.50000000000011 684.50000000000011 -0.46734190575957718 855.50000000000011 9.6500000000000004 270.18895606253255 0.99164058729498161 457.50000000000006 102.50000000000001 263.50000000000006 318.25000000000006 42.381428702075894 39.765142305465723 425.50000000000006 0.99164058729498161 28.465057462023129 93.500000000000014 9.0500000000000025 320.45000000000005
decision_type=2 2 2 2 2 2 2 2 2 2 2 2 2 2 2 2 2 2 2 2 2 2 2 2 2 2 2 2 2 2
left_child=1 -1 3 25 7 8 17 -4 9 -5 -8 12 16 -14 -13 -16 -12 19 -19 -6 21 -9 23 24 -23 26 29 28 -28 -2
right_child=2 -3 4 5 6 -7 10 20 -10 -11 11 14 13 -15 15 -17 -18 18 -20 -21 -22 22 -24 -25 -26 -27 27 -29 -30 -31
leaf_value=0 3.651619856619286e-05 0 -0.035346706567765111 0.001194963800739017 -0.0034227248567023517 0.00079711234084720375 0.070492313978004262 0.053401211461473724 -0.010036977377304898 -0.0050366307000768136 0.0049442121964125615 0.11635410131478341 -0.044477875719477832 -0.0096236526984156967 -0.053956065423578059 0.05607823156339347 -0.022955792624086684 0.093517665392356342 -0.044518276338900001 0.16446752733425252 0.042619680504752289 -0.018325312389748081 0.051494633990686045 -0.013314602825050299 0.00418594640747712 -0.00058877361585856196 -0.00029971923269259251 -0.0024327607103374824 0.0030562488530153499 -0.00083058219139645322
leaf_weight=3271 1150 22 28 21 21 27 224 36 20 21 82 330 32 31 24 37 22 27 29 1064 126 27 43 24 35 21 20 23 71 118
leaf_count=3271 1150 22 28 21 21 27 224 36 20 21 82 330 32 31 24 37 22 27 29 1064 126 27 43 24 35 21 20 23 71 118
internal_value=-0.0201601 -0.0448482 0.00161221 -0.000160858 0.00279215 -0.00679775 0.00333593 -0.000485893 -0.011129 -0.00690476 0.00180307 0.000788531 -0.00458084 -0.013254 0.00308184 -0.00319672 0.000673077 0.0043865 -0.00125 0.00467742 0.000360825 -0.00166667 -0.00352713 -0.00604651 -0.00306452 0.000260157 0.000369031 -0.00245614 5.49452e-05 0.000623029
internal_weight=7027 3293 3734 1492 2242 89 1923 319 62 42 782 558 167 63 391 61 104 1141 56 1085 291 165 129 86 62 1403 1382 114 91 1268
internal_count=7027 3293 3734 1492 2242 89 1923 319 62 42 782 558 167 63 391 61 104 1141 56 1085 291 165 129 86 62 1403 1382 114 91 1268
is_linear=0
shrinkage=0.05


Tree=120
num_leaves=31
num_cat=0
split_feature=0 14 1 18 0 0 18 2 14 12 10 13 5 17 10 11 0 10 1 11 1 16 17 15 4 4 18 4 1 16
split_gain=1515.21 4.51509 2.95028 0.860625 3.12455 4.48531 1.34073 1.15751 1.0571 0.991673 1.84329 0.912632 0.843999 0.822304 0.792109 0.738679 0.689655 0.497159 0.4933 1.04869 0.761552 0.491642 0.599964 0.810551 1.10607 0.837722 0.69573 0.960429 1.34972 0.519618
threshold=3.5000000000000004 6.3656501350523191 491.00000000000006 61.602137314521649 684.50000000000011 714.50000000000011 30.59281575553609 246.50000000000003 55.007237797653566 95.297039883544457 -0.90878397393106225 0.54348485220968457 11.500000000000002 15.829891493726066 0.99164058729498161 67.738542753456969 457.50000000000006 -0.38961601727460732 333.15000000000003 19.088914978457193 366.65000000000003 13.521782310682594 24.359223861871126 16.504519093973894 8.6500000000000004 14.65 18.27923973132707 8.8500000000000032 245.00000000000003 19.273926743371891
decision_type=2 2 2 2 2 2 2 2 2 2 2 2 2 2 2 2 2 2 2 2 2 2 2 2 2 2 2 2 2 2
left_child=1 -1 3 4 6 -6 7 13 -7 10 -8 -12 15 -2 -14 17 -16 -4 21 -20 -21 -15 23 29 -25 -26 27 -24 -29 -23
right_child=2 -3 12 -5 5 8 9 -9 -10 -11 11 -13 14 18 16 -17 -18 -19 19 20 -22 22 26 24 25 -27 -28 28 -30 -31
leaf_value=0 -0.00094320901014578534 0 -0.0062139529072468827 0.139815488596259 -0.052664908362498777 -0.0036408756305203248 0.019673355138436599 -0.004784799226976685 0.033767713303852386 0.022042938298894536 -0.0035939515978353474 -0.010538821878967994 0.19319019542754806 0.00045354775368778026 0.38121380293144425 -0.014932643898969139 -0.042292362521954723 0.15612656006973744 0.00039700961659694774 -0.0092729380315528052 -0.0012254980966949311 3.3672713878814493e-05 6.3353778686312616e-05 -0.00074067007948504086 0.0017749538888393772 -0.0033533004371342407 0.0030368622235081317 -3.3674260528185686e-06 -0.002085397438356749 -0.0013837920340846394
leaf_weight=3271 31 22 32 110 34 20 90 21 44 613 25 32 1087 60 20 35 29 56 56 22 21 164 153 22 31 30 266 583 27 20
leaf_count=3271 31 22 32 110 34 20 90 21 44 613 25 32 1087 60 20 35 29 56 56 22 21 164 153 22 31 30 266 583 27 20
internal_value=-0.0201245 -0.0448482 0.00167916 0.000676768 0.000475687 -0.00826531 0.000853551 -9.95336e-06 -0.00046875 0.00256579 -0.00112245 -0.00815789 0.00364972 0.000154778 0.0040757 -0.000284553 -0.00214286 0.00215909 0.000326461 -0.00308081 -0.00895349 0.000575221 0.000370371 -0.00174157 -0.00584337 -0.00237705 0.000918368 0.000150721 -0.000737705 0.000108696
internal_weight=7027 3293 3734 2475 2365 98 2267 1507 64 760 147 57 1259 1486 1136 123 49 88 1455 99 43 1356 1296 267 83 61 1029 763 610 184
internal_count=7027 3293 3734 2475 2365 98 2267 1507 64 760 147 57 1259 1486 1136 123 49 88 1455 99 43 1356 1296 267 83 61 1029 763 610 184
is_linear=0
shrinkage=0.05


Tree=121
num_leaves=31
num_cat=0
split_feature=0 14 1 3 0 11 0 18 0 0 4 2 15 18 1 12 0 18 11 6 18 13 10 12 0 10 15 13 9 0
split_gain=1511.72 4.51509 2.99189 1.27777 1.23858 3.23077 1.20215 0.884924 3.1814 2.45597 2.83742 2.88 1.47961 0.804942 0.61272 1.17622 0.882283 0.649438 1.02901 1.05525 0.546958 1.30874 0.478974 0.366008 1.23229 0.363418 0.357649 0.374441 0.643512 0.782609
threshold=3.5000000000000004 6.3656501350523191 491.00000000000006 38.350000000000001 733.00000000000011 48.27472279958851 855.50000000000011 61.602137314521649 656.50000000000011 742.50000000000011 13.550000000000002 306.50000000000006 36.972401833790038 27.254796689256114 333.15000000000003 106.9849235260141 442.50000000000006 33.027183196335947 18.866066188581147 6.5000000000000009 28.613117394034933 0.42408226221079698 -0.90878397393106225 98.600147997429573 489.50000000000006 0.998148560797531 21.94122831812216 0.13381097591557917 -0.99273952934267318 136.50000000000003
decision_type=2 2 2 2 2 2 2 2 2 2 2 2 2 2 2 2 2 2 2 2 2 2 2 2 2 2 2 2 2 2
left_child=1 -1 7 25 5 -5 -6 8 12 10 11 -10 14 -14 20 16 -16 18 -17 -20 21 26 -12 24 -15 -4 27 -2 -29 -30
right_child=2 -3 3 4 6 -7 -8 -9 9 -11 22 -13 13 23 15 17 -18 -19 19 -21 -22 -23 -24 -25 -26 -27 -28 28 29 -31
leaf_value=0 3.0928914974689852e-05 0 0.19569519230876531 0.1676922653734754 0.14822983234713283 -0.032854643098906455 -0.010610351799143292 0.13282471416644623 -0.044995595551749812 0.05359820601027937 0.0022008566463359819 -0.023392191335600901 -0.0016286568841143104 -0.0035870205620089392 -0.031127096995843186 0.00055328071943812232 -0.0038643326726657407 0.037051354937571772 -0.007178338601600812 9.9624003410659322e-05 0.028353557674180824 -0.0035028327949393531 -0.011003634597172584 0.057426633900887085 0.066710590830353286 -0.011968006513042185 0.0068772962700487912 -0.004423794555580389 -0.00049630150369039169 9.8645085678305544e-05
leaf_weight=3271 725 22 1006 28 143 24 37 110 25 36 35 25 32 20 28 65 33 72 29 28 106 30 36 383 64 21 129 26 89 349
leaf_count=3271 725 22 1006 28 143 24 37 110 25 36 35 25 32 20 28 65 33 72 29 28 106 30 36 383 64 21 129 26 89 349
internal_value=-0.020153 -0.0448482 0.0016256 0.00361001 0.000258621 -0.00653846 0.00222222 0.000616162 0.000412262 -0.00646497 -0.00987603 -0.019 0.000901268 0.00329659 0.000201873 -0.00205882 -0.00811475 -0.000154639 -0.00237705 -0.0072807 0.00059835 0.00032641 -0.0034507 0.00382227 0.000833334 0.00436709 0.000561457 0.00029016 -0.000818965 -0.000365297
internal_weight=7027 3293 3734 1259 232 52 180 2475 2365 157 121 50 2208 499 1709 255 61 194 122 57 1454 1348 71 467 84 1027 1318 1189 464 438
internal_count=7027 3293 3734 1259 232 52 180 2475 2365 157 121 50 2208 499 1709 255 61 194 122 57 1454 1348 71 467 84 1027 1318 1189 464 438
is_linear=0
shrinkage=0.05


Tree=122
num_leaves=31
num_cat=0
split_feature=0 14 1 0 6 12 10 3 14 9 2 15 0 18 14 1 0 11 12 0 5 18 0 6 11 6 4 0 13 4
split_gain=1508.24 4.51509 2.72553 1.24039 1.13536 1.09149 0.719746 0.711762 1.25496 0.983661 1.28524 0.694083 1.0921 1.96274 2.41025 0.854523 0.842941 1.65181 0.831227 1.59911 0.978866 0.794652 0.689655 0.551161 0.460349 1.50006 0.963721 0.717629 0.505417 0.464043
threshold=3.5000000000000004 6.3656501350523191 466.4500000000001 870.50000000000011 4.5000000000000009 262.79509629855994 0.99164058729498161 35.650000000000013 47.593982546932629 -0.99273952934267318 201.50000000000003 36.972401833790038 656.50000000000011 58.27033266585677 61.087352090251343 318.25000000000006 337.50000000000006 39.011725196499995 95.297039883544457 425.50000000000006 13.500000000000002 27.254796689256114 457.50000000000006 96.500000000000014 28.465057462023129 98.500000000000014 8.3500000000000032 231.50000000000003 0.29239616631462434 8.8500000000000032
decision_type=2 2 2 2 2 2 2 2 2 2 2 2 2 2 2 2 2 2 2 2 2 2 2 2 2 2 2 2 2 2
left_child=1 -1 11 5 -5 6 7 -4 -9 10 -10 15 21 14 -14 16 17 24 19 -17 -20 -13 -8 -22 27 26 -26 28 29 -2
right_child=2 -3 3 4 -6 -7 22 8 9 -11 -12 12 13 -15 -16 18 -18 -19 20 -21 23 -23 -24 -25 25 -27 -28 -29 -30 -31
leaf_value=0 5.1945454692040744e-05 0 0.1882197125484342 0.019039204006379009 -0.027481221489107463 -0.010927833908565008 0.36262854997787591 -0.033204644345947561 0.10616725975511319 0.1151061398855588 -0.061717672005197656 -0.0015472240399085552 -0.041168551464350001 0.01904482617867484 0.0036100508792626263 -0.022236294561032176 0.055185238269001152 -0.0079341337252897878 -0.012366884779223895 -0.003671116028872678 0.00052561582866610611 0.046746842898442581 -0.039579344070205115 -0.010943122201524184 -0.0016949688340570338 -0.0025652283980296714 0.00061158620108162087 0.019596440556717745 -0.0018441209896635797 -1.3950078153042558e-06
leaf_weight=3271 237 22 808 42 23 26 20 27 31 388 36 32 29 102 28 21 97 26 37 43 174 417 29 20 20 20 88 91 20 802
leaf_count=3271 237 22 808 42 23 26 20 27 31 388 36 32 29 102 28 21 97 26 37 43 174 417 29 20 20 20 88 91 20 802
internal_value=-0.0201814 -0.0448482 0.00157204 0.00328671 -0.00346154 0.00360806 0.00380508 0.00403101 0.00251037 0.00313187 -0.00246269 0.000507813 0.00195724 -0.00160377 -0.00903509 -1.17923e-05 0.000503212 0.000168712 -0.00245763 -0.0075 -0.00106061 0.00321826 -0.00214286 0.000360825 0.000422535 -0.00242187 -9.25924e-05 0.000739131 0.000372994 0.000524543
internal_weight=7027 3293 3734 1430 65 1365 1339 1290 482 455 67 2304 608 159 57 1696 1401 1304 295 64 231 449 49 194 1278 128 108 1150 1059 1039
internal_count=7027 3293 3734 1430 65 1365 1339 1290 482 455 67 2304 608 159 57 1696 1401 1304 295 64 231 449 49 194 1278 128 108 1150 1059 1039
is_linear=0
shrinkage=0.05


Tree=123
num_leaves=31
num_cat=0
split_feature=0 14 18 3 7 0 18 0 6 0 4 9 1 14 18 14 0 15 14 17 15 10 12 16 0 18 14 0 2 0
split_gain=1521.32 4.51509 2.32724 1.75948 1.53231 1.07526 5.24072 2.26683 2.30103 1.36958 2.16022 1.19394 1.58694 1.29941 1.05747 1.23582 0.998138 1.3241 0.921951 0.760801 0.728455 0.724396 0.676477 0.504125 0.456269 0.334989 0.909343 0.406188 0.473518 0.579375
threshold=3.5000000000000004 6.3656501350523191 30.59281575553609 35.050000000000004 0.60355339059327384 656.50000000000011 58.052380890461961 676.50000000000011 13.500000000000002 855.50000000000011 9.6500000000000004 -0.99273952934267318 661.75000000000011 47.593982546932629 25.006750894002469 51.753992821228927 286.50000000000006 35.745019733436891 61.864762210261127 14.305202200404251 29.085434379315945 0.99164058729498161 128.98347140998789 13.521782310682594 510.50000000000006 18.27923973132707 38.803685037687721 127.50000000000001 38.500000000000007 43.500000000000007
decision_type=2 2 2 2 2 2 2 2 2 2 2 2 2 2 2 2 2 2 2 2 2 2 2 2 2 2 2 2 2 2
left_child=1 -1 14 20 5 -5 7 18 -9 11 -11 12 -8 -13 19 16 -16 -18 -7 -2 22 -22 -4 -21 -23 26 27 28 29 -25
right_child=2 -3 3 4 -6 6 9 8 -10 10 -12 13 -14 -15 15 -17 17 -19 -20 23 21 24 -24 25 -26 -27 -28 -29 -30 -31
leaf_value=0 -0.001593220304872927 0 -0.0064862837881718071 0.053446434156659423 -0.011351132143200734 -0.028603252106169919 -0.078936624394922314 -0.01042972032367296 -0.081895905658333226 -0.046539452338915724 0.048870056862828262 -0.0083507509679967406 0.11784225097747197 0.11715801470035694 -0.0014110367087119319 0.013415417844221464 -0.0092918603734654815 -0.0015512637687256831 0.021614406121907348 0.0003008615023761456 0.083364263005549721 0.27999679336504796 0.070911526629153815 1.598977430311304e-06 -0.021100659976179131 0.00061790285591481258 -0.005674065154362383 -0.0001150474895261577 0.00010875521055747551 -0.00040284347756730358
leaf_weight=3271 22 22 39 329 36 20 25 26 21 27 43 25 24 400 26 23 20 21 21 66 1105 23 43 400 20 374 24 201 301 29
leaf_count=3271 22 22 39 329 36 20 25 26 21 27 43 25 24 400 26 23 20 21 21 66 1105 23 43 400 20 374 24 201 301 29
internal_value=-0.0200747 -0.0448482 0.0017729 0.00279973 0.00123872 0.00161811 0.000411393 -0.0109091 -0.0184043 0.00224265 -0.00428571 0.00320675 -0.00418367 0.00405882 0.000255475 -0.005 -0.00843284 -0.0132927 -0.00231707 0.000589273 0.00406504 0.00439024 -0.000487805 0.000734767 -0.00197674 0.00052295 2.61782e-05 0.000273899 0.000821918 -0.000244755
internal_weight=7027 3293 3734 2227 997 961 632 88 47 544 70 474 49 425 1507 90 67 41 41 1417 1230 1148 82 1395 43 1329 955 931 730 429
internal_count=7027 3293 3734 2227 997 961 632 88 47 544 70 474 49 425 1507 90 67 41 41 1417 1230 1148 82 1395 43 1329 955 931 730 429
is_linear=0
shrinkage=0.05


Tree=124
num_leaves=31
num_cat=0
split_feature=0 14 1 0 6 14 1 18 10 0 0 0 16 10 3 4 0 11 1 2 0 18 18 16 12 9 3 14 14 14
split_gain=1523.07 4.51509 2.4275 1.24719 1.13536 0.979411 1.91607 1.17165 1.27457 0.885394 1.98354 0.844828 0.732792 0.672016 0.776082 1.11274 0.742409 1.93556 1.56064 1.57563 0.689655 0.639003 1.01061 0.467237 0.384369 0.400507 0.524088 0.568049 0.353322 0.668182
threshold=3.5000000000000004 6.3656501350523191 448.75000000000006 870.50000000000011 4.5000000000000009 28.979146595494644 337.15000000000003 41.964922141061898 -0.15855351192338588 684.50000000000011 717.50000000000011 452.50000000000006 10.665749534970438 0.99164058729498161 35.650000000000013 3.0500000000000003 724.50000000000011 49.658275175566231 478.15000000000003 258.50000000000006 457.50000000000006 28.613117394034933 25.824720088530508 14.351409786394994 240.93171984514979 0.10738035228456499 36.250000000000007 36.649703553568443 57.749306848010526 60.421538932929742
decision_type=2 2 2 2 2 2 2 2 2 2 2 2 2 2 2 2 2 2 2 2 2 2 2 2 2 2 2 2 2 2
left_child=1 -1 5 13 -5 6 12 8 11 21 -11 -8 -2 14 -4 -16 17 -17 -19 -20 -15 22 24 -14 -7 26 -26 -28 -23 -30
right_child=2 -3 3 4 -6 9 7 -9 -10 10 -12 -13 23 20 15 16 -18 18 19 -21 -22 28 -24 -25 25 -27 27 -29 29 -31
leaf_value=0 -0.00094291540723268064 0 0.13034183367037652 0.01992263649679071 -0.025079225164079396 -0.0040004964031501366 -0.021218048467958758 0.075582193999529576 -0.00054871224125569568 -0.047481541916268612 0.030708331524167617 -0.0052835121016286844 0.00037663769611386813 0.33049728281072954 -0.075974740717374131 0.1296956008976079 0.09351486262739124 0.0008125697371292568 -0.01482263278265028 -0.032384851807787704 -0.040225831524051819 0.055457889358938223 -0.0088272673547921832 1.1176116786452467e-05 0.0039967744522176139 0.0093401016753538527 -0.0017373096634151521 0.00016610078247199231 -0.01926419923337919 0.063154726631360777
leaf_weight=3271 28 22 856 42 23 28 29 20 44 26 48 29 80 20 22 112 342 48 30 21 29 348 20 1147 47 145 20 42 40 48
leaf_count=3271 28 22 856 42 23 28 29 20 44 26 48 29 80 20 22 112 342 48 30 21 29 348 20 1147 47 145 20 42 40 48
internal_value=-0.0200605 -0.0448482 0.00179968 0.00331715 -0.00346154 0.000728643 -8.35147e-05 -0.00606557 -0.00823529 0.00210591 -0.00310811 -0.0131034 0.000498008 0.00361486 0.00381202 0.0023913 0.00283002 0.000497631 -0.00459596 -0.0106863 -0.00214286 0.00262873 0.000860927 0.000680522 0.00163121 0.00224409 -4.58714e-05 -0.00306452 0.00385321 0.00102273
internal_weight=7027 3293 3734 1545 65 2189 1377 122 102 812 74 58 1255 1480 1431 575 553 211 99 51 49 738 302 1227 282 254 109 62 436 88
internal_count=7027 3293 3734 1545 65 2189 1377 122 102 812 74 58 1255 1480 1431 575 553 211 99 51 49 738 302 1227 282 254 109 62 436 88
is_linear=0
shrinkage=0.05


Tree=125
num_leaves=31
num_cat=0
split_feature=0 14 15 3 0 0 0 18 4 14 10 18 15 1 1 12 5 13 0 13 11 3 10 0 6 4 10 12 13 6
split_gain=1509.98 4.51509 2.30472 1.74567 1.73909 1.78243 2.84063 2.18731 1.46667 1.03211 0.637853 0.528413 0.492308 0.483284 1.11791 0.967932 1.19392 1.30956 0.815618 0.81616 0.788642 1.42768 0.771964 0.438312 0.419318 0.55082 0.409756 0.393472 0.858822 0.43138
threshold=3.5000000000000004 6.3656501350523191 36.972401833790038 36.45000000000001 851.50000000000011 742.50000000000011 689.50000000000011 58.27033266585677 9.6500000000000004 56.584255833494076 0.99164058729498161 29.855418934228577 64.162089717336457 469.60000000000008 318.25000000000006 128.98347140998789 15.500000000000002 0.35634674870039701 334.50000000000006 0.4065429704115836 44.415451016784033 30.150000000000002 0.75546532993267179 510.50000000000006 1.0000000180025095e-35 25.250000000000004 -0.16705162550211936 276.11380416146932 0.013652122847930796 98.500000000000014
decision_type=2 2 2 2 2 2 2 2 2 2 2 2 2 2 2 2 2 2 2 2 2 2 2 2 2 2 2 2 2 2
left_child=1 -1 13 10 5 6 24 -8 -6 -9 11 -4 -11 14 18 20 17 -17 19 27 21 22 26 -12 25 -5 -16 -2 -29 -30
right_child=2 -3 3 4 8 -7 7 9 -10 12 23 -13 -14 -15 15 16 -18 -19 -20 -21 -22 -23 -24 -25 -26 -27 -28 28 29 -31
leaf_value=0 4.3453679525454229e-05 0 -0.0010356843209482825 -0.021787975413812097 -0.046404516720635954 0.12024585474974535 -0.036214590939911306 -0.0083001945906021786 0.0046374755491442043 -0.0060416126243717626 0.30644159187264536 0.10792698014330551 0.090354554574333001 0.048481486230438089 -0.012197314407744674 0.00021595803273105515 0.002470946688669793 -0.017477525405714928 0.045424278788294609 -0.0023395900264564758 0.0023219162205644086 -0.029818608968799312 -0.0044983443311189669 -0.018034335401167181 0.01767767221678538 0.0051466130123535517 0.0088653260133474618 -1.0412271421733179e-05 4.2925178168835696e-05 -0.00059217025229945481
leaf_weight=3271 908 22 37 40 22 272 29 33 33 20 22 1164 32 72 20 22 121 30 103 38 34 32 21 20 215 21 21 39 257 56
leaf_count=3271 908 22 37 40 22 272 29 33 33 20 22 1164 32 72 20 22 121 30 103 38 34 32 21 20 215 21 21 39 257 56
internal_value=-0.0201672 -0.0448482 0.00159882 0.00278061 0.0008159 0.00152568 -0.000641025 -0.0072807 -0.00772727 -0.00323529 0.00391392 0.00412573 0.00115385 0.000293123 0.000123384 -0.0026412 -0.000202312 -0.00653846 0.000717345 0.000377504 -0.0059375 -0.00829787 -0.00387097 -0.00214286 0.00210145 -0.00155738 0.000121951 0.000595238 -0.000823863 4.79235e-05
internal_weight=7027 3293 3734 1960 717 662 390 114 55 85 1243 1201 52 1774 1702 301 173 52 1401 1298 128 94 62 42 276 61 41 1260 352 313
internal_count=7027 3293 3734 1960 717 662 390 114 55 85 1243 1201 52 1774 1702 301 173 52 1401 1298 128 94 62 42 276 61 41 1260 352 313
is_linear=0
shrinkage=0.05


Tree=126
num_leaves=31
num_cat=0
split_feature=0 14 1 0 14 14 1 4 11 10 11 2 10 16 0 3 11 11 4 16 0 13 16 17 8 2 12 0 4 13
split_gain=1509.11 4.51509 2.6188 1.71688 1.72973 1.01677 1.65215 1.12351 2.21177 1.00065 1.73613 0.733963 0.726005 0.712495 0.689655 0.655604 1.49798 1.48977 1.52381 0.625 0.519161 0.830018 0.496938 0.544357 0.510447 0.831866 0.453901 0.544997 1.2977 0.586658
threshold=3.5000000000000004 6.3656501350523191 471.45000000000005 851.50000000000011 69.251969219295248 28.979146595494644 318.25000000000006 6.4500000000000011 60.891890370624644 -0.54160775828284857 44.415451016784033 188.50000000000003 0.99164058729498161 10.665749534970438 457.50000000000006 38.350000000000001 58.75606700420277 48.27472279958851 14.350000000000003 20.10298157753639 203.50000000000003 0.50027382256297936 14.351409786394994 19.74084454406945 -0.60355339059327384 167.50000000000003 251.86542133066112 611.50000000000011 11.750000000000002 0.48195166691331093
decision_type=2 2 2 2 2 2 2 2 2 2 2 2 2 2 2 2 2 2 2 2 2 2 2 2 2 2 2 2 2 2
left_child=1 -1 5 12 -5 6 13 8 11 10 19 -7 15 -2 -14 -4 17 -17 -19 -8 -11 -22 -15 -24 -25 -26 -9 29 -29 -28
right_child=2 -3 3 4 -6 7 9 26 -10 20 -12 -13 14 22 -16 16 -18 18 -20 -21 21 -23 23 24 25 -27 27 28 -30 -31
leaf_value=0 -0.00082442683786401435 0 0.15259097580185174 -0.02477289738526681 0.037610636234015622 -0.0097702318042521656 -0.032298460391683097 0.032381641242601115 -0.032911969344808278 0.010044824630086801 -0.0044316163491789117 0.031384020794587963 0.29865033907656047 0.00036457567943519426 -0.039973456181817961 0.15347949342001635 0.1411255884431751 -0.031535416134043377 -0.012745507853179655 -0.014759345386271678 -0.0063964638222440478 0.0036031242132270481 -0.0018373495345557754 0.021310651823338887 1.1688906380552244e-05 -0.0089483460993433038 0.0003594683549417773 -0.039452208152552522 0.0021378478241991664 0.056969370637592193
leaf_weight=3271 28 22 981 36 75 37 20 386 23 23 34 46 20 80 29 33 158 24 32 20 52 37 25 78 971 31 227 23 59 146
leaf_count=3271 28 22 981 36 75 37 20 386 23 23 34 46 20 80 29 33 158 24 32 20 52 37 25 78 971 31 227 23 59 146
internal_value=-0.0201743 -0.0448482 0.00158543 0.00330692 -0.00265766 0.000566923 -0.000289492 0.0018321 -0.00301887 -0.00467742 -0.00918919 0.000783133 0.00382537 0.000383347 -0.00214286 0.00406352 0.00176113 -0.00342697 -0.00839286 -0.01625 -0.00169643 -0.00342697 0.00056962 0.000294118 0.000462963 0.000159681 0.00244352 0.00137363 -0.00231707 0.00218499
internal_weight=7027 3293 3734 1388 111 2346 1399 947 106 186 74 83 1277 1213 49 1228 247 89 56 40 112 89 1185 1105 1080 1002 841 455 82 373
internal_count=7027 3293 3734 1388 111 2346 1399 947 106 186 74 83 1277 1213 49 1228 247 89 56 40 112 89 1185 1105 1080 1002 841 455 82 373
is_linear=0
shrinkage=0.05


Tree=127
num_leaves=31
num_cat=0
split_feature=0 14 13 3 0 0 0 10 4 2 4 10 16 0 1 6 9 13 0 18 7 9 9 18 18 10 14 16 17 18
split_gain=1503.02 4.51509 2.84511 1.60121 1.52409 1.49222 2.54143 2.04192 2.40587 1.53409 1.23133 1.21745 0.746109 0.790207 0.917779 1.09581 0.933838 0.85109 0.698182 0.98394 0.512601 0.50505 0.419491 0.398716 1.39254 2.09491 0.652142 0.419184 0.751022 0.484284
threshold=3.5000000000000004 6.3656501350523191 0.55002596295035422 36.050000000000004 851.50000000000011 742.50000000000011 656.50000000000011 -0.44437817810461328 12.950000000000001 300.50000000000006 9.6500000000000004 0.99164058729498161 10.665749534970438 411.50000000000006 318.25000000000006 5.5000000000000009 0.46735488928835739 0.48195166691331093 717.50000000000011 52.743345725762822 0.60355339059327384 -0.99273952934267318 -0.99466160899732459 25.006750894002469 27.254796689256114 0.33345642693991789 8.5026160070816434 13.31223909657855 19.247278054568465 18.27923973132707
decision_type=2 2 2 2 2 2 2 2 2 2 2 2 2 2 2 2 2 2 2 2 2 2 2 2 2 2 2 2 2 2
left_child=1 -1 12 11 5 6 -5 8 9 -8 -6 20 -2 17 -15 16 -16 23 19 -10 -4 -9 -7 27 25 -25 -26 -14 -29 -30
right_child=2 -3 3 4 10 22 7 21 18 -11 -12 -13 13 14 15 -17 -18 -19 -20 -21 -22 -23 -24 24 26 -27 -28 28 29 -31
leaf_value=0 -0.00051744217264574103 0 0.16061557954074257 0.032506948467425557 -0.042025717845154825 -0.028941176560102214 -0.037471399212170645 -0.0067304817522870408 0.0011415881320236112 -0.011419946413064104 0.014085772639590682 -0.0012112194212238819 0.00031469951684194347 0.088112763903786764 0.0076033414226733256 -0.0217028194603202 -0.0069393334260197635 0.030020258257887546 0.029484729840829612 -0.024697107309753205 -0.0079342870230208872 0.11445734962597948 0.12235681930528207 -0.012292137279903977 -0.0033939301142906896 0.00023682985882200991 0.030524415286663303 -0.0023820256121802482 -1.3200126645854688e-06 0.00077302351857846735
leaf_weight=3271 21 22 1047 238 25 20 24 22 26 20 36 44 49 25 36 37 30 118 20 29 27 50 275 21 33 23 100 27 944 367
leaf_count=3271 21 22 1047 238 25 20 24 22 26 20 36 44 49 25 36 37 30 118 20 29 27 50 275 21 33 23 100 27 944 367
internal_value=-0.0202241 -0.0448482 0.0014917 0.00284551 0.00111465 0.00175414 -0.000128205 -0.00442408 -0.00844538 -0.0177273 -0.00647541 0.00406082 8.46534e-05 0.00019337 -0.00359375 -0.00567961 -0.00181818 0.00048157 -0.003 -0.00590909 0.00439479 0.00222222 0.00449153 0.000172634 -0.00206215 -0.00977273 0.000488722 0.000457823 0.00029148 0.00046148
internal_weight=7027 3293 3734 1903 785 724 429 191 119 44 61 1118 1831 1810 128 103 66 1682 75 55 1074 72 295 1564 177 44 133 1387 1338 1311
internal_count=7027 3293 3734 1903 785 724 429 191 119 44 61 1118 1831 1810 128 103 66 1682 75 55 1074 72 295 1564 177 44 133 1387 1338 1311
is_linear=0
shrinkage=0.05


Tree=128
num_leaves=31
num_cat=0
split_feature=0 14 1 0 14 12 4 2 18 0 18 16 1 12 18 16 16 11 15 6 15 12 9 10 9 2 18 13 0 3
split_gain=1495.22 4.51509 3.13021 1.6285 1.72973 0.655547 1.17391 0.638788 1.6011 1.43759 1.85315 1.48823 1.24476 1.71137 1.31136 1.30176 1.0801 0.929765 0.655825 0.630815 0.806565 0.545497 0.661943 0.586593 0.644878 1.07676 1.84091 0.509646 0.506685 0.447917
threshold=3.5000000000000004 6.3656501350523191 460.55000000000007 851.50000000000011 69.251969219295248 109.12481569082722 11.450000000000001 234.50000000000003 29.855418934228577 656.50000000000011 58.27033266585677 19.801162998961491 337.15000000000003 111.49503458054748 36.2272902543301 10.665749534970438 21.098488460222459 18.054958134915562 26.432611640008229 18.500000000000004 35.745019733436891 255.80449031193589 0.7025209685794126 0.99164058729498161 -0.99273952934267318 201.50000000000003 73.023598307963354 0.87413559111494055 457.50000000000006 36.250000000000007
decision_type=2 2 2 2 2 2 2 2 2 2 2 2 2 2 2 2 2 2 2 2 2 2 2 2 2 2 2 2 2 2
left_child=1 -1 7 5 -5 6 -4 12 -9 -10 11 -11 15 19 16 -2 -15 -18 -19 20 -14 23 -23 24 25 -7 -27 -12 -25 -6
right_child=2 -3 3 4 29 21 -8 8 9 10 27 -13 13 14 -16 -17 17 18 -20 -21 -22 22 -24 28 -26 26 -28 -29 -30 -31
leaf_value=0 -0.0012018385428993639 0 -0.018284146572408899 -0.026498998529965286 0.15019261433921002 0.11073564139456643 0.014371324263978986 -0.0085764385684690414 0.061065581833640373 -0.021385674777286957 -0.0069640006553996136 0.0047261241461935347 0.00018492151604553665 0.0018550980951744884 0.050080859077552678 2.3273539719740301e-05 5.5789432924098321e-05 -0.0003371624115335232 -0.012421341104496298 -0.027048048047777593 -0.0087357398966568418 0.0037567746380106782 -0.011591158000587333 0.28221428842540813 0.18411960283163853 -0.083311614918752927 0.13513864187591129 0.042975042604553725 -0.037914222401666246 -0.0084379772564257723
leaf_weight=3271 25 22 23 36 43 62 69 26 361 30 21 22 22 50 63 1436 29 21 31 23 29 62 34 20 1018 22 22 73 29 32
leaf_count=3271 25 22 23 36 43 62 69 26 361 30 21 22 22 50 63 1436 29 21 31 23 29 62 34 20 1018 22 22 73 29 32
internal_value=-0.0202882 -0.0448482 0.00137118 0.00316576 -0.00265766 0.00364071 -0.000434782 0.00020336 0.0017167 0.00233728 -0.00184931 -0.00942308 -0.000263158 -0.00339552 -0.000927835 0.000311431 -0.00377863 -0.00734568 -0.0113462 -0.00986486 -0.00676471 0.00393617 0.0003125 0.00423274 0.00446619 0.000754717 -0.00522727 0.00234043 -0.00112245 0.00166667
internal_weight=7027 3293 3734 1472 111 1361 92 2262 533 507 146 52 1729 268 194 1461 131 81 52 74 51 1269 96 1173 1124 106 44 94 49 75
internal_count=7027 3293 3734 1472 111 1361 92 2262 533 507 146 52 1729 268 194 1461 131 81 52 74 51 1269 96 1173 1124 106 44 94 49 75
is_linear=0
shrinkage=0.05


Tree=129
num_leaves=31
num_cat=0
split_feature=0 14 1 0 14 18 0 2 4 8 16 13 1 12 8 4 1 6 18 0 18 2 16 3 1 3 2 16 18 15
split_gain=1502.15 4.51509 3.45253 1.64777 1.38814 0.847562 2.04368 2.71063 2.44833 1.30845 1.26258 1.2622 0.571136 0.596508 0.481971 1.2285 0.873632 1.2715 0.714286 0.654183 0.646867 1.08296 0.483089 0.447917 0.43906 1.11695 0.688144 0.4173 0.41671 0.785038
threshold=3.5000000000000004 6.3656501350523191 491.00000000000006 851.50000000000011 69.251969219295248 62.044039571228758 676.50000000000011 304.50000000000006 15.450000000000001 -0.70710678118654757 10.665749534970438 0.91750426536523444 37.050000000000004 270.18895606253255 -0.60355339059327384 25.650000000000002 318.25000000000006 18.500000000000004 36.2272902543301 411.50000000000006 28.613117394034933 197.50000000000003 13.521782310682594 36.250000000000007 337.15000000000003 27.750000000000004 138.50000000000003 20.976160318833745 18.27923973132707 10.659161368285444
decision_type=2 2 2 2 2 2 2 2 2 2 2 2 2 2 2 2 2 2 2 2 2 2 2 2 2 2 2 2 2 2
left_child=1 -1 5 -4 -5 6 9 8 -8 12 -11 -9 -2 -14 15 16 -12 18 -18 -19 21 22 -16 -6 28 -26 -27 -22 29 -24
right_child=2 -3 3 4 23 -7 7 11 -10 10 14 -13 13 -15 20 -17 17 19 -20 -21 27 -23 24 -25 25 26 -28 -29 -30 -31
leaf_value=0 -0.0026989640334056032 0 0.14161348843451108 -0.025174048603467322 0.14268298362224982 0.13268864661960181 -0.039327010998195286 -0.021057652560627027 -0.00092446054310717511 -0.0019185391330895541 0.023278760856418425 0.034860362884477178 0.051064371347651349 -0.015453070336921821 0.00013886715281897886 -0.010171100627530133 -0.0044037048727945767 -0.0012467310337484897 0.0042523386515816936 -0.016610893906621793 0.046776830120424932 -0.0026764426793291192 1.7818101853970348e-05 -0.0080160783936047472 0.0062096641779314943 -0.0060214450795791248 -0.0060201172588991818 0.0075936195667075162 0.0008430716972540591 -0.00035675975823233315
leaf_weight=3271 29 22 1148 36 43 96 26 36 20 20 63 46 353 21 52 22 36 22 90 21 119 22 798 32 34 23 26 58 296 146
leaf_count=3271 29 22 1148 36 43 96 26 36 20 20 63 46 353 21 52 22 36 22 90 21 119 22 798 32 34 23 26 58 296 146
internal_value=-0.0202313 -0.0448482 0.00147831 0.00361001 -0.00220721 0.00039394 0.000208071 -0.0059375 -0.0156522 0.00055753 -5.41107e-06 -0.000487805 0.00313896 0.0036631 0.000131291 -0.00188976 -0.000818965 -0.00269231 -0.00015873 -0.0101163 0.000457433 9.66358e-05 0.000272727 0.00166667 8.69238e-05 -0.00343373 -0.00826531 0.00330508 0.000322581 -0.000190678
internal_weight=7027 3293 3734 1259 111 2475 2379 128 46 2251 1848 82 403 374 1828 254 232 169 126 43 1574 1397 1375 75 1323 83 49 177 1240 944
internal_count=7027 3293 3734 1259 111 2475 2379 128 46 2251 1848 82 403 374 1828 254 232 169 126 43 1574 1397 1375 75 1323 83 49 177 1240 944
is_linear=0
shrinkage=0.05


Tree=130
num_leaves=31
num_cat=0
split_feature=0 14 1 0 6 3 0 0 10 18 0 0 4 18 2 0 12 2 17 13 1 12 0 18 10 0 0 18 16 4
split_gain=1495.22 4.51509 2.577 1.22129 1.13536 0.948334 1.78531 3.00926 0.839151 0.832757 1.59158 1.62618 2.25763 1.39539 0.75 0.689655 0.581842 0.577258 0.563425 0.619613 0.862106 1.36316 0.720795 1.88478 2.08333 0.719793 0.533622 0.49944 0.494507 0.812356
threshold=3.5000000000000004 6.3656501350523191 491.00000000000006 870.50000000000011 4.5000000000000009 38.350000000000001 733.00000000000011 659.50000000000011 0.99164058729498161 62.044039571228758 656.50000000000011 742.50000000000011 12.950000000000001 42.381428702075894 305.50000000000006 457.50000000000006 266.00235120199642 287.50000000000006 14.305202200404251 0.62233454123612719 337.15000000000003 103.31622603671424 340.50000000000006 24.407514054846292 0.12447926388678894 457.50000000000006 851.50000000000011 20.167398129506392 20.874797953484293 6.3500000000000005
decision_type=2 2 2 2 2 2 2 2 2 2 2 2 2 2 2 2 2 2 2 2 2 2 2 2 2 2 2 2 2 2
left_child=1 -1 9 5 -5 8 7 -7 -4 10 13 12 14 18 -12 -10 -15 -14 -2 20 22 25 23 27 -25 -22 -8 -20 -23 -30
right_child=2 -3 3 4 -6 6 26 -9 15 -11 11 -13 17 16 -16 -17 -18 -19 19 -21 21 28 -24 24 -26 -27 -28 -29 29 -31
leaf_value=0 -0.0018226120816827519 0 0.17612356347806488 0.017619769027711566 -0.031842041609162645 0.18703327574810699 0.11382638376471643 -0.030790761561588172 0.26102289958241232 0.12605421428862187 -0.039754879326939628 0.022952854799623092 -0.0046303622130614147 0.065870342789391384 -0.024637886255963089 -0.043099185703308646 -0.010695607754409907 0.00077675237987626068 4.7261956146099655e-06 0.039397903467208478 -0.018704936171564549 0.0023344554562759758 0.025340114325490583 -0.0080065646901137464 0.019186952232615576 -0.0065914845667949962 -0.0030364703693666695 0.0021890148824521409 -0.011148051180116464 -0.0012858083774852751
leaf_weight=3271 30 22 931 42 23 25 140 27 20 96 24 44 27 255 24 29 23 51 1106 85 27 68 157 24 24 28 22 217 26 139
leaf_count=3271 30 22 931 42 23 25 140 27 20 96 24 44 27 255 24 29 23 51 1106 85 27 68 157 24 24 28 22 217 26 139
internal_value=-0.0202882 -0.0448482 0.00137118 0.00321287 -0.00346154 0.00357621 0.000560748 -0.0075 0.00423469 0.000434344 0.000250105 -0.00441176 -0.00730159 0.000608873 -0.0158333 -0.00214286 0.00392086 -0.00205128 0.000132056 0.000239348 4.4053e-05 -0.00246528 0.000517016 0.000149526 -0.00958333 -0.00954545 0.00314815 0.000502646 -0.000793991 -0.00227273
internal_weight=7027 3293 3734 1259 65 1194 214 52 980 2475 2379 170 126 2209 48 49 278 78 1931 1901 1816 288 1528 1371 48 55 162 1323 233 165
internal_count=7027 3293 3734 1259 65 1194 214 52 980 2475 2379 170 126 2209 48 49 278 78 1931 1901 1816 288 1528 1371 48 55 162 1323 233 165
is_linear=0
shrinkage=0.05


Tree=131
num_leaves=31
num_cat=0
split_feature=0 14 18 0 18 0 4 10 2 5 9 10 4 14 2 1 18 18 18 15 18 12 6 5 4 10 14 5 12 13
split_gain=1498.68 4.51509 2.55695 3.38316 2.15783 1.30125 1.29956 1.28598 1.21188 1.05741 0.973105 1.20844 0.966256 0.823614 1.98986 1.13443 2.07737 1.10147 1.03407 0.886364 0.810407 1.14532 0.728139 0.727555 0.70075 0.634387 0.738867 1.08553 0.574881 0.381852
threshold=3.5000000000000004 6.3656501350523191 59.548657184400589 656.50000000000011 43.880278097219168 851.50000000000011 6.4500000000000011 0.99370977118463066 288.50000000000006 16.500000000000004 -0.99273952934267318 1.0000000180025095e-35 11.550000000000002 28.979146595494644 168.50000000000003 318.25000000000006 29.855418934228577 36.624599482033751 39.765142305465723 35.745019733436891 28.613117394034933 240.08098772759664 29.500000000000004 11.500000000000002 16.450000000000003 -0.97502841500522164 41.716238353717685 13.500000000000002 266.00235120199642 0.013652122847930796
decision_type=2 2 2 2 2 2 2 2 2 2 2 2 2 2 2 2 2 2 2 2 2 2 2 2 2 2 2 2 2 2
left_child=1 -1 3 4 13 7 -7 10 9 -5 11 -4 22 14 29 16 24 -17 19 -19 21 -15 -10 -8 -16 -23 -27 -28 -6 -2
right_child=2 -3 5 8 28 6 23 -9 12 -11 -12 -13 -14 20 15 17 -18 18 -20 -21 -22 25 -24 -25 -26 26 27 -29 -30 -31
leaf_value=0 -6.7675437599433203e-06 0 -0.081275692515146547 -0.033650005581613296 0.090766452490895211 -0.032358554408418914 -0.0031003245796052338 -0.01114356724465315 -0.00087706799902327712 -0.012603049727640789 0.14454625734804621 0.072090131515974543 0.0033403519842412897 -0.0099920720173116186 -0.0090781873741036141 -0.027677586016588786 0.056548468556487597 0.004030970415236694 -0.011678332040576771 -0.0053581518838199185 0.044685294171312784 -0.0020089838740232984 -0.060432416582752828 0.065421807134312324 -0.0027288406203187089 0.0096012192776353898 -0.010520418436760151 0.00049279016969418557 -0.0093552528108818075 3.6044864377416637e-05
leaf_weight=3271 125 22 34 23 406 28 31 24 22 33 944 35 32 22 22 21 60 26 34 22 285 26 20 52 29 162 37 69 24 1086
leaf_count=3271 125 22 34 23 406 28 31 24 22 33 944 35 32 22 22 21 60 26 34 22 285 26 20 52 29 162 37 69 24 1086
internal_value=-0.0202597 -0.0448482 0.00142475 0.000552978 0.000969056 0.0033885 -0.00175676 0.00393925 -0.00730769 -0.0128571 0.00421027 -0.00152174 -0.00310811 0.000286279 -0.000368421 -0.00481308 -0.00130631 -0.00859223 -0.00597561 -0.00125 0.0018386 9.49369e-05 -0.00809524 0.00138554 -0.00872549 0.000918368 0.00164179 -0.00160377 0.00418605 0.000417011
internal_weight=7027 3293 3734 2586 2456 1148 111 1037 130 56 1013 69 74 2026 1425 214 111 103 82 48 601 316 42 83 51 294 268 106 430 1211
internal_count=7027 3293 3734 2586 2456 1148 111 1037 130 56 1013 69 74 2026 1425 214 111 103 82 48 601 316 42 83 51 294 268 106 430 1211
is_linear=0
shrinkage=0.05


Tree=132
num_leaves=31
num_cat=0
split_feature=0 14 1 0 12 11 4 4 10 9 0 14 1 18 16 16 10 3 13 0 10 16 1 12 12 4 1 13 18 17
split_gain=1503.02 4.51509 2.59135 1.12352 1.20598 1.10492 1.26389 0.918029 0.732868 0.705786 0.689655 0.498764 0.887988 0.806095 0.832275 1.35417 0.644018 0.850224 0.771288 1.35 1.40833 0.872393 0.730687 0.636497 0.496461 0.726825 0.437292 0.552751 1.09104 0.917518
threshold=3.5000000000000004 6.3656501350523191 454.05000000000007 851.50000000000011 107.9481807936529 67.738542753456969 17.550000000000004 11.450000000000001 0.99164058729498161 -0.99939814596352028 457.50000000000006 28.979146595494644 337.15000000000003 41.964922141061898 20.036316817196202 21.380689891532377 0.94968266440323645 33.45000000000001 0.81239733004311254 717.50000000000011 -0.88603780069526494 20.917875680437216 311.75000000000006 274.15322248266278 254.77728527129878 11.450000000000001 249.75000000000003 0.31823425778586051 29.855418934228577 17.357580921423718
decision_type=2 2 2 2 2 2 2 2 2 2 2 2 2 2 2 2 2 2 2 2 2 2 2 2 2 2 2 2 2 2
left_child=1 -1 11 4 7 -5 -7 -4 9 -6 -10 12 26 14 -14 -16 17 -13 21 20 -20 -19 -23 -24 -11 -26 27 -2 29 -29
right_child=2 -3 3 5 8 6 -8 -9 10 24 -12 16 13 -15 15 -17 -18 18 19 -21 -22 22 23 -25 25 -27 -28 28 -30 -31
leaf_value=0 6.2124776033686757e-06 0 -0.027055475487936 0.077496502209755805 -0.019991794054988837 -0.034322963799109006 0.03685628899090107 0.0059811123661315177 0.24573748989472577 0.12538569972542177 -0.040387048055910091 0.021866989760161461 -0.017502708847561377 0.07246428763285416 0.0004265970795441064 -0.006794409211054394 -0.001664829417460093 0.0097125529526411163 -0.014881603210776272 0.019925842744588796 0.045658480426337307 0.014902475617525935 -0.0035978817034817397 -0.01549415187824538 -0.012077237030122546 0.0048311314672428874 0.002906171382921853 -0.0066879336242244196 0.070643726593290393 -0.0020004445014042169
leaf_weight=3271 978 22 27 48 29 39 24 65 20 1116 29 269 27 20 48 30 20 305 40 48 20 49 68 20 20 98 180 22 26 49
leaf_count=3271 978 22 27 48 29 39 24 65 20 1116 29 269 27 20 48 30 20 305 40 48 20 49 68 20 20 98 180 22 26 49
internal_value=-0.0202241 -0.0448482 0.0014917 0.00308581 0.00346866 -0.00175676 -0.00611111 -0.00206522 0.00385671 0.00408947 -0.00214286 0.000403335 -0.000181159 -0.0042 -0.00595238 -0.00333333 0.00136472 0.0015812 0.000454546 -0.00333333 -0.00833333 0.00138009 -0.00193431 -0.00465909 0.00427066 0.00118644 0.000219124 -0.000162791 -0.00376289 -0.00697183
internal_weight=7027 3293 3734 1515 1404 111 63 92 1312 1263 49 2219 1380 125 105 78 839 819 550 108 60 442 137 88 1234 118 1255 1075 97 71
internal_count=7027 3293 3734 1515 1404 111 63 92 1312 1263 49 2219 1380 125 105 78 839 819 550 108 60 442 137 88 1234 118 1255 1075 97 71
is_linear=0
shrinkage=0.05


Tree=133
num_leaves=31
num_cat=0
split_feature=0 14 1 12 3 1 0 10 0 18 0 6 15 7 9 6 3 17 17 16 16 1 1 17 10 0 16 1 4 10
split_gain=1501.29 4.51509 2.60396 1.32783 0.826325 1.24082 1.53061 0.80878 0.689655 0.678881 1.82571 3.48756 0.931685 0.656768 0.620936 0.670749 0.611538 0.863636 0.930757 0.604142 0.722241 0.58638 0.882041 0.763077 0.771074 0.84096 0.708646 1.22651 0.540902 0.607136
threshold=3.5000000000000004 6.3656501350523191 484.35000000000008 106.9849235260141 38.350000000000001 591.95000000000016 777.50000000000011 0.99164058729498161 457.50000000000006 62.044039571228758 684.50000000000011 81.500000000000014 42.940738739521016 0.25881904510252091 0.59817537509284302 6.5000000000000009 38.750000000000007 25.213452694331927 24.389356109514875 20.659977793529368 20.131208268767264 342.05000000000001 454.05000000000007 31.533577015076339 -0.29258949745833546 452.50000000000006 20.829348266019995 151.60000000000002 8.1500000000000004 -0.10737736916418625
decision_type=2 2 2 2 2 2 2 2 2 2 2 2 2 2 2 2 2 2 2 2 2 2 2 2 2 2 2 2 2 2
left_child=1 -1 9 -4 7 14 -7 -5 -9 10 12 13 19 -12 -6 -16 -14 18 -18 20 -2 26 23 24 25 -23 27 -21 -28 -30
right_child=2 -3 3 4 5 6 -8 8 -10 -11 11 -13 16 -15 15 -17 17 -19 -20 21 -22 22 -24 -25 -26 -27 28 -29 29 -31
leaf_value=0 1.4323529680120321e-05 0 -0.016587857190903887 0.14724672903964101 0.079305175326426919 -0.034687325868548349 0.038038736777763371 0.23345061539998962 -0.038367695653114847 0.098279052732017369 0.016519209093321375 -0.055168313849713116 0.044680321407710021 -0.018859007477963846 -0.0085093522304904422 0.050048722776280266 0.0016593232942548536 0.016368155972592766 -0.04148397141364206 -0.00028417558682522498 0.00061084342193130133 -0.010810114255971249 0.013929576164885367 -0.0043053340993621236 0.00084673412234434063 -0.0063721909106750022 0.00011203350831835371 0.0059347063480880693 7.1511620093910505e-05 -3.9587224857037143e-05
leaf_weight=3271 782 22 28 981 116 21 28 20 29 81 49 29 278 25 38 40 27 38 23 38 215 30 56 25 59 41 111 27 275 224
leaf_count=3271 782 22 28 981 116 21 28 20 29 81 49 29 278 25 38 40 27 38 23 38 215 30 56 25 59 41 111 27 275 224
internal_value=-0.0202384 -0.0448482 0.00146492 0.00327056 0.00350746 0.000884774 -0.00622449 0.00412621 -0.00214286 0.000499384 0.000344388 -0.00616505 0.000642508 -0.000405405 0.00268041 -0.000769231 0.00295082 -0.000681818 -0.005 0.00019384 0.00103811 -0.000756207 -0.00305687 -0.005 -0.00346154 -0.00697183 -3.70368e-05 -0.005 0.000491803 -0.000210421
internal_weight=7027 3293 3734 1301 1273 243 49 1030 49 2433 2352 103 2249 74 194 78 366 88 50 1883 997 886 211 155 130 71 675 65 610 499
internal_count=7027 3293 3734 1301 1273 243 49 1030 49 2433 2352 103 2249 74 194 78 366 88 50 1883 997 886 211 155 130 71 675 65 610 499
is_linear=0
shrinkage=0.05


Tree=134
num_leaves=31
num_cat=0
split_feature=0 14 18 10 11 4 0 0 0 9 18 11 18 1 15 1 7 16 18 14 3 0 0 15 10 14 9 18 6 13
split_gain=1497.82 4.51509 2.54619 1.82022 1.81282 1.27192 1.35844 1.33042 1.89857 2.34626 3.01402 1.21432 1.00605 1.26279 0.864469 1.08 0.853189 0.930756 0.596047 0.667063 0.555847 0.685375 1.81159 0.509492 0.714794 1.71522 0.488297 0.583132 0.461075 0.421203
threshold=3.5000000000000004 6.3656501350523191 30.59281575553609 0.012909817866233263 34.685640458452077 13.550000000000002 851.50000000000011 777.50000000000011 656.50000000000011 -0.99273952934267318 57.567869488508471 70.447334236935475 62.39958509789053 471.45000000000005 37.7674427782324 373.75000000000006 0.60355339059327384 21.380689891532377 25.006750894002469 51.526896859582202 38.550000000000004 726.50000000000011 676.50000000000011 0.66663509656356035 -0.42889193791248376 6.7868331772906005 -0.59470465775869796 27.254796689256114 1.0000000180025095e-35 0.41666528959762045
decision_type=2 2 2 2 2 2 2 2 2 2 2 2 2 2 2 2 2 2 2 2 2 2 2 2 2 2 2 2 2 2
left_child=1 -1 4 5 18 6 7 8 14 -10 -11 -8 13 -12 15 -4 20 -18 23 -20 -7 22 28 24 -2 -26 -6 -28 -22 -5
right_child=2 -3 3 29 26 16 11 -9 9 10 12 -13 -14 -15 -16 -17 17 -19 19 -21 21 -23 -24 -25 25 -27 27 -29 -30 -31
leaf_value=0 8.1927844734853614e-06 0 0.0067035201279512365 -0.0001030774298746701 -0.0035418575706022901 0.073801196627654525 0.014453209028435677 0.11194021468529487 -0.09013558779014065 -0.031146930200473367 0.0020437358341546456 -0.036245250516712874 0.11938251017416551 -0.041969124407697192 0.023913347779854315 -0.014007434485239762 0.00041302285577082945 -0.0078894814485802427 -0.0050781881670294892 0.0046577174295960398 -0.0082130937423351667 0.077063167435431901 -0.01151924644328642 4.1393156016558012e-05 -7.195975663269883e-05 1.0034210278837251e-07 -0.0063687283576009173 0.00063283651987458599 0.034424019733521265 0.15838679675841708
leaf_weight=3271 103 22 50 48 21 391 22 124 22 33 44 27 67 26 191 30 71 28 36 20 32 132 30 1194 26 48 35 24 76 783
leaf_count=3271 103 22 50 48 21 391 22 124 22 33 44 27 67 26 191 30 71 28 36 20 32 132 30 1194 26 48 35 24 76 783
internal_value=-0.0202668 -0.0448482 0.00141136 0.00248541 -0.000175846 0.00138252 -0.000267295 0.000400341 -0.000831533 -0.00463542 -0.00264706 -0.00826531 0.000620438 -0.00357143 0.00186347 -0.0025 0.00276316 -0.00156566 0.000234758 -0.00482143 0.0034115 0.00166667 -0.000797101 0.000441284 -0.00206215 -0.00581081 -0.0075 -0.00516949 0.00222222 0.00433815
internal_weight=7027 3293 3734 2227 1507 1396 636 587 463 192 170 49 137 70 271 80 760 99 1427 56 661 270 138 1371 177 74 80 59 108 831
internal_count=7027 3293 3734 2227 1507 1396 636 587 463 192 170 49 137 70 271 80 760 99 1427 56 661 270 138 1371 177 74 80 59 108 831
is_linear=0
shrinkage=0.05


Tree=135
num_leaves=31
num_cat=0
split_feature=0 14 1 0 4 12 6 9 12 10 11 13 9 11 0 5 4 16 2 18 16 10 16 0 1 0 12 0 13 11
split_gain=1496.08 4.51509 2.40655 1.25987 1.69886 0.990945 0.816855 0.719333 0.715672 0.806482 0.789794 2.10568 0.69338 1 0.689655 0.583506 0.485541 0.481122 0.753857 1.04 1.13809 1.18843 0.876625 1.58844 0.692575 2.23748 0.981417 0.778844 1.87992 0.589687
threshold=3.5000000000000004 6.3656501350523191 454.05000000000007 851.50000000000011 6.4500000000000011 112.65631636397849 32.500000000000007 0.78297285307474518 255.80449031193589 0.99164058729498161 54.324827162468722 0.79706739290429829 -0.99865756837029884 49.658275175566231 457.50000000000006 10.500000000000002 11.950000000000001 20.685615849372859 250.50000000000003 25.006750894002469 22.068514518161475 0.36570897681179731 20.901314366683639 172.50000000000003 37.050000000000004 112.50000000000001 236.15277394565598 684.50000000000011 0.91750426536523444 7.9994447856515247
decision_type=2 2 2 2 2 2 2 2 2 2 2 2 2 2 2 2 2 2 2 2 2 2 2 2 2 2 2 2 2 2
left_child=1 -1 17 5 -5 6 7 -4 9 12 11 -10 13 -7 -11 -6 -9 24 19 22 -21 -22 23 29 25 -2 -27 -26 -29 -19
right_child=2 -3 3 4 15 8 -8 16 10 14 -12 -13 -14 -15 -16 -17 -18 18 -20 20 21 -23 -24 -25 27 26 -28 28 -30 -31
leaf_value=0 1.1424862281746009e-05 0 0.0076778933048602368 -0.036627126953674899 -0.0065490336492291124 0.1208799711618147 -0.032624991449484733 -0.015026175416542093 0.0099854969371531901 0.21385874479206951 0.033930783798064225 -0.019949173468933303 0.13435165118044526 -0.070022245683962744 -0.044368650708379809 0.039850700701186674 0.010849717693077784 -1.5477119853690968e-05 0.03643527534912757 -0.0031316244481586898 -0.0084767906755682191 -0.00084808002397662339 2.6439662485946325e-05 0.0044684183389129923 0.00047632059753191335 -0.00015432669074741533 -0.0067315105904676613 -0.02568823283658199 0.031425235305389668 -0.0028424869467042931
leaf_weight=3271 228 22 79 28 25 25 20 20 38 20 44 25 1061 20 29 58 23 20 73 100 29 26 606 23 980 21 20 26 44 23
leaf_count=3271 228 22 79 28 25 25 20 20 38 20 44 25 1061 20 29 58 23 20 73 100 29 26 606 23 980 21 20 26 44 23
internal_value=-0.0202811 -0.0448482 0.00138457 0.00292079 -0.00220721 0.00332621 -0.000633803 0.00090164 0.00377179 0.0041342 -0.000140187 -0.00373016 0.0044123 -0.00166667 -0.00214286 0.00138554 -0.00430233 0.000335737 -0.000555555 -0.00098549 -0.00467742 -0.0104545 -0.000133928 -0.00560606 0.000943897 -0.0013197 -0.0120732 0.00152381 -0.00357143 -0.0112791
internal_weight=7027 3293 3734 1515 111 1404 142 122 1262 1155 107 63 1106 45 49 83 43 2219 900 827 155 55 672 66 1319 269 41 1050 70 43
internal_count=7027 3293 3734 1515 111 1404 142 122 1262 1155 107 63 1106 45 49 83 43 2219 900 827 155 55 672 66 1319 269 41 1050 70 43
is_linear=0
shrinkage=0.05


Tree=136
num_leaves=31
num_cat=0
split_feature=0 14 1 0 14 12 9 2 18 10 0 12 4 15 0 10 15 4 1 18 0 6 13 1 10 9 0 11 18 1
split_gain=1494.35 4.51509 2.19898 1.24072 1.38814 0.900457 0.721141 1.59762 2.75 0.798574 0.689655 0.675264 0.63435 0.595046 0.822884 0.781385 0.503194 0.572221 0.517598 0.448892 1.78953 1.99597 0.763406 0.720344 1.19784 0.782903 0.703251 1.82998 1.72204 0.466297
threshold=3.5000000000000004 6.3656501350523191 462.40000000000003 851.50000000000011 69.251969219295248 113.70623384080967 -0.99273952934267318 201.50000000000003 73.023598307963354 0.99164058729498161 457.50000000000006 254.77728527129878 12.050000000000002 56.524021905538639 654.50000000000011 -0.19244445339415753 0.47292095754029562 12.550000000000002 10.450000000000001 61.416689742835629 684.50000000000011 81.500000000000014 0.62233454123612719 337.15000000000003 -0.78295110140207591 0.97109105924028427 340.50000000000006 34.685640458452077 24.407514054846292 366.65000000000003
decision_type=2 2 2 2 2 2 2 2 2 2 2 2 2 2 2 2 2 2 2 2 2 2 2 2 2 2 2 2 2 2
left_child=1 -1 16 5 -5 13 7 -7 -9 11 -11 -8 -13 14 15 -4 17 18 -2 20 22 -22 23 26 -25 29 27 -18 -29 -26
right_child=2 -3 3 4 -6 6 9 8 -10 10 -12 12 -14 -15 -16 -17 19 -19 -20 -21 21 -23 -24 24 25 -27 -28 28 -30 -31
leaf_value=0 -5.0183592964009014e-06 0 0.036557683787112202 -0.021244494125589684 0.014498868016861045 0.071727292468291015 0.16777979700895207 -0.082127696116435556 0.11605366493841832 0.20316580755246602 -0.042150218172960899 -0.012023007832236143 0.0032363965027990445 0.039386037310621617 -0.052106187069913636 -0.0066714426750139749 3.7584865542088392e-05 4.8030239789750365e-06 -0.00015942430465161659 0.086930762330903522 -0.0024654601741057229 -0.024025111712364006 0.025649680119385201 -0.0088503481176628283 -0.003850943132791339 -0.020046750296159349 0.024193030989318565 -8.8708836428777753e-05 -0.0063983844401931701 0.0003839539921128273
leaf_weight=3271 46 22 42 36 75 61 960 22 22 20 29 20 79 47 21 24 1181 78 24 56 40 22 334 35 43 30 166 38 23 160
leaf_count=3271 46 22 42 36 75 61 960 22 22 20 29 20 79 47 21 24 1181 78 24 56 40 22 334 35 43 30 166 38 23 160
internal_value=-0.0202953 -0.0448482 0.00135779 0.0028738 -0.00220721 0.0032925 0.00372218 -0.000238095 -0.0075 0.00409747 -0.00214286 0.00438621 0.000454546 -0.000597015 -0.00304598 -0.00030303 0.000386643 -0.00243243 -0.00571429 0.000582707 0.000463321 -0.00790323 0.000721393 0.000286396 -0.00208955 -0.000793991 0.000738637 0.000330113 -0.00811475 0.000320197
internal_weight=7027 3293 3734 1458 111 1347 1213 105 44 1108 49 1059 99 134 87 66 2276 148 70 2128 2072 62 2010 1676 268 233 1408 1242 61 203
internal_count=7027 3293 3734 1458 111 1347 1213 105 44 1108 49 1059 99 134 87 66 2276 148 70 2128 2072 62 2010 1676 268 233 1408 1242 61 203
is_linear=0
shrinkage=0.05


Tree=137
num_leaves=31
num_cat=0
split_feature=0 14 1 12 0 6 9 2 10 18 0 18 6 2 2 0 2 0 11 0 1 18 3 0 0 15 10 14 5 16
split_gain=1485.7 4.51509 2.52384 1.26233 1.22776 1.13536 0.799767 1.1734 0.748938 0.748792 1.22052 1.26854 0.982541 1.04921 0.850604 0.820726 0.825112 0.689655 0.598004 0.612881 1.37472 1.67707 0.531288 0.984676 0.634921 0.51646 0.841988 1.37815 0.535714 0.485541
threshold=3.5000000000000004 6.3656501350523191 484.35000000000008 106.9849235260141 870.50000000000011 4.5000000000000009 -0.99628894895067444 197.50000000000003 0.99164058729498161 62.044039571228758 656.50000000000011 48.768035209784166 29.500000000000004 306.50000000000006 287.50000000000006 598.50000000000011 289.50000000000006 457.50000000000006 41.690312308066318 340.50000000000006 318.25000000000006 36.906415671766375 39.150000000000013 763.50000000000011 848.50000000000011 0.66663509656356035 -0.42889193791248376 6.7868331772906005 16.500000000000004 19.040278924963783
decision_type=2 2 2 2 2 2 2 2 2 2 2 2 2 2 2 2 2 2 2 2 2 2 2 2 2 2 2 2 2 2
left_child=1 -1 9 -4 6 -6 7 -5 22 10 11 15 14 -14 -12 16 18 -10 25 -20 -21 -22 -8 -24 -25 26 -2 -28 -29 -15
right_child=2 -3 3 4 5 -7 8 -9 17 -11 12 -13 13 29 -16 -17 -18 -19 19 20 21 -23 23 24 -26 -27 27 28 -30 -31
leaf_value=0 6.9717509367743963e-06 0 -0.014361825682306418 0.073744109057142446 0.01303023020958761 -0.030804801182629873 0.15111281153737943 -0.016689539433719584 0.19300751717484271 0.075437263713417996 -0.013933761845504739 0.071931932254338943 -0.043533727060478367 0.0043393806295801626 0.0024359133087702278 -0.01425743919841737 0.066345998227203939 -0.040042707264312721 -0.0083638716194559676 0.054393493554603246 -0.025819423755757367 -0.00044307631859957807 -0.024871803120748256 0.092500427307963984 -0.0065002756659524848 4.3554050184063045e-05 -6.1256892748702693e-05 -5.6001325521906598e-06 4.9628057612168867e-05 -0.027039023480044506
leaf_weight=3271 103 22 28 33 42 23 936 34 20 81 20 161 22 23 74 20 85 29 37 54 23 66 30 105 21 1569 27 20 28 20
leaf_count=3271 103 22 28 33 42 23 936 34 20 81 20 161 22 23 74 20 85 29 37 54 23 66 30 105 21 1569 27 20 28 20
internal_value=-0.0203664 -0.0448482 0.00122389 0.00300154 0.00323252 -0.00346154 0.00359272 -0.00171642 0.00390447 0.000273325 0.000110544 0.000417237 -0.0041195 -0.00884615 -0.000851064 7.87403e-05 0.000178927 -0.00214286 -3.3731e-05 -0.00277778 -0.00129371 -0.00511236 0.00417582 0.00147436 0.0034127 0.000248998 -0.00230337 -0.00633333 -0.00125 -0.00430233
internal_weight=7027 3293 3734 1301 1273 65 1208 67 1141 2433 2352 2193 159 65 94 2032 2012 49 1927 180 143 89 1092 156 126 1747 178 75 48 43
internal_count=7027 3293 3734 1301 1273 65 1208 67 1141 2433 2352 2193 159 65 94 2032 2012 49 1927 180 143 89 1092 156 126 1747 178 75 48 43
is_linear=0
shrinkage=0.05


Tree=138
num_leaves=31
num_cat=0
split_feature=0 14 18 0 6 18 0 9 1 0 10 4 3 11 3 14 1 12 16 16 5 18 2 13 5 18 9 0 2 18
split_gain=1490.02 4.51509 2.24428 3.30145 3.68001 1.68935 1.5003 1.41679 1.88656 1.52346 1.4157 1.29956 1.11384 0.812027 0.83225 0.697783 1.01642 1.10328 1.06321 1.03083 0.886355 0.825682 1.51673 0.672128 0.583506 0.551365 0.512121 0.501663 0.860196 0.539887
threshold=3.5000000000000004 6.3656501350523191 61.602137314521649 684.50000000000011 81.500000000000014 43.880278097219168 709.50000000000011 -0.99273952934267318 661.75000000000011 851.50000000000011 0.99370977118463066 6.4500000000000011 38.750000000000007 53.479638893258674 41.350000000000001 51.753992821228927 337.15000000000003 110.37300667543541 20.036316817196202 21.380689891532377 13.500000000000002 30.59281575553609 195.50000000000003 0.38700020802995633 10.500000000000002 19.707186428447081 -0.12020359228713753 112.50000000000001 38.500000000000007 5.2118986363581756
decision_type=2 2 2 2 2 2 2 2 2 2 2 2 2 2 2 2 2 2 2 2 2 2 2 2 2 2 2 2 2 2
left_child=1 -1 3 5 6 15 -5 8 -4 10 -9 -11 -7 -14 -15 16 21 18 -18 -20 -19 22 25 -24 -13 27 -25 28 29 -2
right_child=2 -3 7 4 -6 12 -8 9 -10 11 -12 24 13 14 -16 -17 17 20 19 -21 -22 -23 23 26 -26 -27 -28 -29 -30 -31
leaf_value=0 -8.2882535923106952e-07 0 -0.065597178824792365 -0.027922209919248965 -0.053033649703928182 0.078973287198096417 0.0039263116824392137 0.14318669492208771 0.057661786799032472 -0.033045574977247021 -0.0082399127276068431 -0.0046914180017157171 0.026421516779860529 -0.01911823131819421 0.0014788297562000014 0.01824345563818796 -0.021244093508502218 -0.0095669127973813592 0.00052956366434926672 -0.0098617977009899174 0.00026132547124042794 0.026818968910075382 -0.00041744309321831987 -0.0098524818462587364 0.036991042868529632 0.0018013325794547939 -0.00043961336637226238 -0.00011125579347329486 0.00014001512141730501 -0.0007755787019767149
leaf_weight=3271 416 22 31 21 31 466 67 827 29 28 24 25 33 38 30 188 23 24 33 32 153 164 26 24 58 245 20 346 292 40
leaf_count=3271 416 22 31 21 31 466 67 827 29 28 24 25 33 38 30 188 23 24 33 32 153 164 26 24 58 245 20 346 292 40
internal_value=-0.0203309 -0.0448482 0.00129084 0.000538348 -0.00760504 0.000912071 -0.00238636 0.00328767 -0.00416667 0.0037526 0.00447121 -0.00175676 0.00332452 -0.00143564 -0.00455882 0.00023692 -5.98475e-05 -0.00292453 -0.0075 -0.00423077 -0.000649717 0.000422759 3.19377e-05 -0.00714286 0.00138554 0.00040702 -0.0109091 -7.3126e-05 0.00065508 -0.000701754
internal_weight=7027 3293 3734 2712 119 2593 88 1022 60 962 851 111 567 101 68 2026 1838 265 88 65 177 1573 1409 70 83 1339 44 1094 748 456
internal_count=7027 3293 3734 2712 119 2593 88 1022 60 962 851 111 567 101 68 2026 1838 265 88 65 177 1573 1409 70 83 1339 44 1094 748 456
is_linear=0
shrinkage=0.05


Tree=139
num_leaves=31
num_cat=0
split_feature=0 14 1 0 11 4 12 14 1 13 18 10 3 16 13 0 6 0 16 16 10 3 5 2 0 3 10 2 5 6
split_gain=1498.68 4.51509 2.39179 1.39586 1.28596 1.5013 1.00697 0.569986 0.906762 0.732452 1.0589 0.680023 0.733628 0.571418 0.56641 0.989765 0.912742 1.06374 0.770583 0.744719 0.7 0.554201 0.564614 0.529757 0.632267 1.13426 0.523834 0.50456 0.491331 0.486111
threshold=3.5000000000000004 6.3656501350523191 484.35000000000008 851.50000000000011 67.738542753456969 11.750000000000002 106.9849235260141 28.979146595494644 38.750000000000007 0.31370912961388087 20.167398129506392 0.94968266440323645 34.250000000000007 14.351409786394994 0.74970265243924017 736.50000000000011 24.500000000000004 676.50000000000011 20.917875680437216 21.227543542754443 -0.92910699518418138 35.050000000000004 26.500000000000004 223.50000000000003 400.50000000000006 32.050000000000004 0.99548449742306455 109.50000000000001 15.500000000000002 7.5000000000000009
decision_type=2 2 2 2 2 2 2 2 2 2 2 2 2 2 2 2 2 2 2 2 2 2 2 2 2 2 2 2 2 2
left_child=1 -1 7 6 -5 -6 -4 9 -9 13 -11 12 28 -2 18 16 -16 20 -14 -20 -18 23 -23 24 27 29 -8 -12 -10 -26
right_child=2 -3 3 4 5 -7 26 8 11 10 21 -13 14 -15 15 -17 17 -19 19 -21 -22 22 -24 -25 25 -27 -28 -29 -30 -31
leaf_value=0 0.00020301531711921711 0 -0.01301179802750415 0.072472373036849461 -0.034165630331565291 0.013501208697915141 0.096671522903235385 -0.00066831773554341088 -0.0021745590425459103 -0.0022054272287942702 -0.0017871913212444111 -0.0015540016301875481 0.016020753400749842 5.2868904273605237e-06 0.00042342453824120935 0.018463509602211142 -0.012385244336008834 -0.042823002762758682 -0.0078558750974002164 0.00098229639035866067 0.01479937617709281 -0.00026563936825731171 -0.014444360010747406 0.011567104342929561 0.0020346376550654331 -0.012640671798777212 -0.00025099904750763478 0.0008300884574380888 0.033550962419497836 -0.0092152105060341171
leaf_weight=3271 66 22 28 48 30 33 1127 22 38 27 22 20 244 1010 87 89 24 39 38 108 21 31 24 66 21 27 35 100 285 24
leaf_count=3271 66 22 28 48 30 33 1127 22 38 27 22 20 244 1010 87 89 24 39 38 108 21 31 24 66 21 27 35 100 285 24
internal_value=-0.0202597 -0.0448482 0.00142475 0.00315527 -0.00220721 -0.00690476 0.00365546 0.000499384 0.00140394 -0.000148096 -0.00216374 0.00162638 0.00181398 0.000492565 0.000846154 -0.000961538 -0.00318713 -0.00690476 0.00205128 -0.000821918 -0.00166667 -0.00134921 -0.00590909 -0.000384615 -0.00170103 -0.00541667 0.00388124 0.000491803 0.00376161 -0.000555555
internal_weight=7027 3293 3734 1301 111 63 1190 2433 1015 1418 342 993 973 1076 650 260 171 84 390 146 45 315 55 260 194 72 1162 122 323 45
internal_count=7027 3293 3734 1301 111 63 1190 2433 1015 1418 342 993 973 1076 650 260 171 84 390 146 45 315 55 260 194 72 1162 122 323 45
is_linear=0
shrinkage=0.05


Tree=140
num_leaves=31
num_cat=0
split_feature=0 14 13 10 4 9 9 13 0 0 2 0 10 15 9 1 1 15 3 12 12 0 6 14 13 3 0 0 14 10
split_gain=1488.29 4.51509 2.19364 1.54173 1.57529 1.12793 1.24096 1.2042 2.903 1.59954 1.55497 1.4876 0.986126 0.915719 0.902994 1.68176 0.723221 0.967736 0.780032 0.81166 0.706522 0.56167 0.84379 1.225 0.644114 0.509182 0.726205 1.81215 0.556964 0.461823
threshold=3.5000000000000004 6.3656501350523191 0.54682486631016058 -0.012910296075008829 13.850000000000003 -0.99466160899732459 -0.67441863684527448 0.74970265243924017 736.50000000000011 656.50000000000011 290.50000000000006 851.50000000000011 0.99164058729498161 73.844402789482189 0.92263100495486405 446.00000000000006 27.850000000000005 0.35294841394985871 26.850000000000005 101.04884081438483 91.062815062292501 411.50000000000006 5.5000000000000009 19.763052436788708 0.47342953426077944 38.550000000000004 719.50000000000011 676.50000000000011 23.101302634556074 -0.78295110140207591
decision_type=2 2 2 2 2 2 2 2 2 2 2 2 2 2 2 2 2 2 2 2 2 2 2 2 2 2 2 2 2 2
left_child=1 -1 14 4 5 -4 -7 -8 9 -9 -11 -10 -5 -13 21 16 17 -16 19 20 -18 24 29 -24 -2 28 27 -27 -6 -23
right_child=2 -3 3 12 25 6 7 8 11 10 -12 13 -14 -15 15 -17 18 -19 -20 -21 -22 22 23 -25 -26 26 -28 -29 -30 -31
leaf_value=0 1.5567391161909465e-05 0 -0.063133988759672729 0.25333939835650243 -0.0019948850885106325 0.090754679557608575 0.017070053459699974 -0.0029250002698248062 0.027472725075333739 -0.042218951176751257 -0.017777359218110574 -0.001276349420333088 -0.0033429316119922129 -0.027768596035509293 4.96670521385493e-07 -0.014578988751712478 -0.00018909352716845243 -7.7174326225650894e-05 0.0024269420962890393 -0.0048442869506441629 0.0013397565697674211 -0.0036722583554789621 -0.016707159302439038 0.010069589628303701 0.014990985954181902 0.016628543802742278 0.051459018432895104 -0.0068457144122952415 0.066914221376166677 0.0086595746772342771
leaf_weight=3271 1311 22 30 665 25 143 105 39 132 31 40 26 44 20 35 33 20 24 126 20 26 28 20 20 124 101 135 24 357 30
leaf_count=3271 1311 22 30 665 25 143 105 39 132 31 40 26 44 20 35 33 20 24 126 20 26 28 20 20 124 101 135 24 357 30
internal_value=-0.0203451 -0.0448482 0.00126406 0.00244392 0.00135762 -0.000565371 -3.73132e-05 -0.00148855 -0.00315972 -0.00954545 -0.0140141 0.000786517 0.00429478 -0.00695652 1.92627e-05 -0.00257042 -0.0011753 -0.00601695 0.0003125 -0.00409091 -0.000434782 0.000499022 -0.00316327 -0.00875 0.000749129 0.00305296 0.00134615 -0.0014 0.00421466 0.000689655
internal_weight=7027 3293 3734 1917 1208 566 536 393 288 110 71 178 709 46 1817 284 251 59 192 66 46 1533 98 40 1435 642 260 125 382 58
internal_count=7027 3293 3734 1917 1208 566 536 393 288 110 71 178 709 46 1817 284 251 59 192 66 46 1533 98 40 1435 642 260 125 382 58
is_linear=0
shrinkage=0.05


Tree=141
num_leaves=31
num_cat=0
split_feature=0 14 1 5 6 10 9 2 18 12 4 13 12 10 0 4 18 0 6 2 2 17 0 3 7 15 17 16 3 3
split_gain=1489.16 4.51509 2.37404 1.14155 1.02397 1.92857 0.706624 1.32705 2.26553 0.752925 0.750183 0.593469 1.37302 0.559238 0.514444 1.17312 0.507552 1.0382 1.77043 0.812571 0.64568 0.604973 0.506685 0.463621 0.843192 1.2024 1.02565 0.51192 0.53731 0.762116
threshold=3.5000000000000004 6.3656501350523191 484.35000000000008 10.500000000000002 2.5000000000000004 -0.16705162550211936 -0.99273952934267318 197.50000000000003 73.023598307963354 111.49503458054748 12.750000000000002 0.013652122847930796 280.24522673836947 0.99164058729498161 851.50000000000011 7.2500000000000009 62.855630508983396 684.50000000000011 81.500000000000014 289.50000000000006 304.50000000000006 14.305202200404251 457.50000000000006 32.45000000000001 0.60355339059327384 36.972401833790038 23.587619580276556 23.833647840148647 38.45000000000001 39.050000000000004
decision_type=2 2 2 2 2 2 2 2 2 2 2 2 2 2 2 2 2 2 2 2 2 2 2 2 2 2 2 2 2 2
left_child=1 -1 11 4 -4 -6 7 -5 -9 10 -8 12 -2 14 -11 -16 17 19 20 21 -19 -13 -15 -23 27 26 -26 28 -25 -30
right_child=2 -3 3 6 5 -7 9 8 -10 13 -12 16 -14 22 15 -17 -18 18 -20 -21 -22 23 -24 24 25 -27 -28 -29 29 -31
leaf_value=0 -7.6231782464394775e-07 0 0.010671786581191174 0.051067215995682452 -0.024605890698435971 0.062320642741336398 -0.012193252493946571 -0.07172063347477424 0.11207214587627151 0.14877575003622814 0.021163118612842327 -0.0050312067799308004 -3.6531408767679725e-05 0.17734645556386955 -0.043533593442399335 0.030619313685063446 0.10008990582594229 -0.014293635766013236 -0.02879544332256552 0.048469504144321107 0.013080400583592239 7.5150589128216124e-05 -0.03744887973174129 0.00045284148528079379 -0.0048934481810975249 -0.0094964832559505646 -0.00014523100805662051 -0.0012908340037910775 -0.0032336662564485547 3.5666580673265792e-05
leaf_weight=3271 101 22 55 50 21 21 21 25 22 922 39 24 24 20 20 56 62 25 35 162 61 986 29 388 20 20 131 20 47 327
leaf_count=3271 101 22 55 50 21 21 21 25 22 922 39 24 24 20 20 56 62 25 35 162 61 986 29 388 20 20 131 20 47 327
internal_value=-0.020338 -0.0448482 0.00127745 0.00300154 -0.00221649 -0.00809524 0.00342193 -0.000670103 -0.00670213 0.00378049 -0.00166667 0.000355528 -0.003 0.00409265 0.0043487 0.000394737 0.000537262 0.00041407 -0.00409091 0.000670588 -0.000232558 0.00038971 -0.00112245 0.000487365 -0.000299055 -0.00347953 -0.00195364 0.00039642 0.000603675 -0.000748663
internal_weight=7027 3293 3734 1301 97 42 1204 97 47 1107 60 2433 125 1047 998 76 2308 2246 121 2125 86 1963 49 1939 953 171 151 782 762 374
internal_count=7027 3293 3734 1301 97 42 1204 97 47 1107 60 2433 125 1047 998 76 2308 2246 121 2125 86 1963 49 1939 953 171 151 782 762 374
is_linear=0
shrinkage=0.05


Tree=142
num_leaves=31
num_cat=0
split_feature=0 14 18 0 18 2 4 6 0 9 1 11 6 12 18 13 2 10 17 18 0 14 1 16 12 0 2 13 2 11
split_gain=1490.02 4.51509 2.54151 2.39164 2.35493 1.84268 1.50218 1.42558 1.38567 1.22314 1.4718 1.10492 1.46581 0.942773 1.39797 0.794538 0.693619 0.63663 0.59955 0.688923 0.551935 0.768779 0.755832 2.13041 0.967834 0.714092 1.93228 1.43098 0.414275 0.651029
threshold=3.5000000000000004 6.3656501350523191 62.39958509789053 656.50000000000011 48.768035209784166 304.50000000000006 13.15 19.500000000000004 851.50000000000011 -0.99273952934267318 661.75000000000011 67.738542753456969 4.5000000000000009 280.24522673836947 0.31370223637746403 0.91750426536523444 319.50000000000006 0.99370977118463066 26.934772981737925 52.743345725762822 598.50000000000011 52.21991853860677 337.15000000000003 24.174850187917965 94.526791770722539 340.50000000000006 192.50000000000003 0.41666528959762045 113.50000000000001 27.365552403583987
decision_type=2 2 2 2 2 2 2 2 2 2 2 2 2 2 2 2 2 2 2 2 2 2 2 2 2 2 2 2 2 2
left_child=1 -1 3 4 13 6 7 -5 9 10 -4 -10 -13 20 -15 16 -7 -11 19 -8 21 22 25 24 -24 26 28 -28 -2 -30
right_child=2 -3 8 5 -6 15 18 -9 11 17 -12 12 -14 14 -16 -17 -18 -19 -20 -21 -22 -23 23 -25 -26 -27 27 -29 29 -31
leaf_value=0 1.0706950853192352e-05 0 -0.064271383170942983 -0.021195258493441269 0.1155409599316226 0.0011955813185518327 0.00024069964392726129 -0.054705248688321217 0.067245619033160967 0.14146333575252049 0.03782092391361469 0.0018814780792878044 -0.019814548296626138 -3.9187133158120587e-05 -2.4873884023026376e-05 0.017179321997142984 -0.014833731965238225 -0.0070069822519684055 0.0029240545100087203 -0.0071703427368162631 -0.018418568002348729 0.036908360620255036 -0.0042755651260846456 -0.017203488860565601 0.00032058610546589815 0.02888855859655098 -0.0028896658905389534 -0.0081327899104538248 0.01577837399863969 4.1237507741322218e-05
leaf_weight=3271 741 22 28 31 379 26 23 22 48 774 29 39 24 20 292 62 22 24 30 21 20 219 44 20 257 183 33 28 146 149
leaf_count=3271 741 22 28 31 379 26 23 22 48 774 29 39 24 20 292 62 22 24 30 21 20 219 44 20 257 183 33 28 146 149
internal_value=-0.0203309 -0.0448482 0.00129084 0.000520231 0.000969973 -0.0042827 -0.00838583 -0.0148113 0.00349896 0.00418129 -0.00289474 -0.00175676 -0.00611111 0.000329926 -0.00221154 0.000454546 -0.004375 0.00468672 -0.00378378 -0.0075 0.00076087 0.000851649 0.00047158 -0.00169782 -0.00064784 0.00101563 0.000533273 -0.00811475 0.00104247 0.00262712
internal_weight=7027 3293 3734 2768 2531 237 127 53 966 855 57 111 63 2152 312 110 48 798 74 44 1840 1820 1601 321 301 1280 1097 61 1036 295
internal_count=7027 3293 3734 2768 2531 237 127 53 966 855 57 111 63 2152 312 110 48 798 74 44 1840 1820 1601 321 301 1280 1097 61 1036 295
is_linear=0
shrinkage=0.05


Tree=143
num_leaves=31
num_cat=0
split_feature=0 14 18 0 13 2 2 4 0 0 18 1 9 5 0 1 13 12 18 10 10 0 10 10 0 2 0 16 11 12
split_gain=1491.75 4.51509 2.59934 1.8185 2.27028 1.72757 1.67045 3.24664 1.46014 1.27869 1.09766 1.03371 0.985595 0.760628 0.754699 1.3 1.35367 0.972402 1.39797 0.792168 0.653158 0.630362 0.637121 0.617922 0.530097 0.525067 0.433903 0.576253 0.400886 0.989891
threshold=3.5000000000000004 6.3656501350523191 62.39958509789053 656.50000000000011 0.54682486631016058 288.50000000000006 248.50000000000003 13.350000000000003 344.50000000000006 848.50000000000011 71.243211811742199 480.20000000000005 -0.99762106698677366 45.500000000000007 400.50000000000006 318.25000000000006 0.50027382256297936 280.24522673836947 0.31370223637746403 -0.78295110140207591 -0.83352489619613901 611.50000000000011 -0.91583036384466876 0.99370977118463066 360.50000000000006 186.50000000000003 874.50000000000011 23.13369436423816 34.685640458452077 236.15277394565598
decision_type=2 2 2 2 2 2 2 2 2 2 2 2 2 2 2 2 2 2 2 2 2 2 2 2 2 2 2 2 2 2
left_child=1 -1 3 4 14 6 -5 -8 -6 12 -11 -9 -4 -7 17 -16 -17 24 -19 -18 21 -10 -23 -14 28 -21 -12 -28 -2 -30
right_child=2 -3 9 5 8 13 7 11 20 10 26 -13 23 -15 15 16 19 18 -20 25 -22 22 -24 -25 -26 -27 27 -29 29 -31
leaf_value=0 4.2464990509159833e-05 0 -0.011409556086677049 0.034333077764711388 -0.011680593467041424 0.0012057386144963512 -0.069924929045554376 0.0017059423943757261 0.024595033967191912 -0.017381778010738185 0.074370955122855451 -0.027031753122034732 0.12393478049982405 -0.0072278187175488619 0.039686335403192247 -0.020970392511217129 -0.0045273675290917947 -3.7227776500214613e-05 -2.3630189821888475e-05 -0.0073812808971209848 0.076442473807699612 -0.012546878054495822 0.038752022502143796 -0.0066566331393701252 0.03391950110946048 0.013114929663224735 0.014233358459219865 -0.034901691619193098 0.00014525819098431511 -0.0053712275739142808
leaf_weight=3271 1207 22 32 22 20 122 20 25 136 26 42 21 791 27 36 23 30 20 292 39 514 24 20 24 74 28 27 24 43 25
leaf_count=3271 1207 22 32 22 20 122 20 25 136 26 42 21 791 27 36 23 30 20 292 39 514 24 20 24 74 28 27 24 43 25
internal_value=-0.0203166 -0.0448482 0.00131762 0.000538295 0.000930462 -0.00364979 -0.00920455 -0.0131818 0.00331933 0.00355072 -0.00130252 -0.00586956 0.00423259 -0.000369127 -8.25518e-06 -0.00333333 -0.00583333 0.000304034 -0.00221154 -0.00324742 0.00370317 0.00111111 -0.00409091 0.00457055 0.000885842 -0.00022388 0.00123656 -0.00186274 0.000647059 -0.00308824
internal_weight=7027 3293 3734 2768 2531 237 88 66 714 966 119 46 847 149 1817 156 120 1661 312 97 694 180 44 815 1349 67 93 51 1275 68
internal_count=7027 3293 3734 2768 2531 237 88 66 714 966 119 46 847 149 1817 156 120 1661 312 97 694 180 44 815 1349 67 93 51 1275 68
is_linear=0
shrinkage=0.05


Tree=144
num_leaves=31
num_cat=0
split_feature=0 14 1 3 18 0 2 1 14 0 1 18 1 9 1 1 6 5 13 3 0 0 13 13 15 0 5 17 13 13
split_gain=1483.97 4.51509 2.73348 1.42642 1.2633 1.46939 2.11603 1.92 1.4004 1.5771 1.34444 1.20023 1.02757 1.00104 0.960626 1.01964 0.952435 0.642362 0.592565 0.545791 0.727715 1.26019 0.5464 0.537216 1.15871 0.521145 0.489709 0.524865 0.576314 0.760351
threshold=3.5000000000000004 6.3656501350523191 523.75000000000011 38.350000000000001 62.222568649603481 656.50000000000011 288.50000000000006 478.15000000000003 28.979146595494644 400.50000000000006 318.25000000000006 43.880278097219168 38.750000000000007 0.71466676797886841 589.55000000000007 645.70000000000016 5.5000000000000009 45.500000000000007 0.48195166691331093 36.350000000000001 542.50000000000011 624.50000000000011 0.73899553102786364 0.91750426536523444 59.523968073383372 851.50000000000011 87.500000000000014 15.829891493726066 0.41666528959762045 0.37873634302205733
decision_type=2 2 2 2 2 2 2 2 2 2 2 2 2 2 2 2 2 2 2 2 2 2 2 2 2 2 2 2 2 2
left_child=1 -1 4 -4 5 8 7 -7 9 26 -11 13 -10 16 25 -16 -12 23 -14 -20 -21 22 -22 24 -8 -5 27 -2 29 -29
right_child=2 -3 3 14 -6 6 17 -9 12 10 11 -13 18 -15 15 -17 -18 -19 19 20 21 -23 -24 -25 -26 -27 -28 28 -30 -31
leaf_value=0 -0.00446598021701268 0 0.11934991929656816 0.065812776252675245 0.073996274646888224 -0.0013182281864574756 0.0020060794769138786 -0.029401161686376881 -0.010914244666535998 0.026467120653253535 -0.0025988626939081505 0.021110976946542404 0.0002153403450459913 -0.014295120746768773 -0.015441839923936593 0.018242262079097068 -0.016965657269390991 -0.0068664277816715804 0.068082962554375903 0.032477819756873492 -0.0038526102294608984 0.023061692719122912 -0.038092609395940592 0.0053884903792142825 -0.030514266438173683 -0.0043683731982644856 0.00031795314561685847 -1.7099065406135207e-06 0.0091048098293322055 -0.0051118896031612914
leaf_weight=3271 24 22 899 65 195 30 38 20 22 27 53 24 321 32 23 28 26 27 285 129 20 43 21 56 20 28 66 1104 88 20
leaf_count=3271 24 22 899 65 195 30 38 20 22 27 53 24 321 32 23 28 26 27 285 129 20 43 21 56 20 28 66 1104 88 20
internal_value=-0.0203807 -0.0448482 0.00119711 0.00337009 0.000354887 5.20835e-05 -0.0041623 -0.013 0.000401302 -0.000532787 -0.00518518 -0.00722222 0.00202735 -0.00941441 -0.00125 -0.00676471 -0.0063924 -0.00102837 0.0023138 0.00339357 0.00147887 -0.00214286 -0.00841463 0.000614035 -0.00275862 0.00177419 4.60831e-05 -0.000177993 -3.30031e-05 -0.000338078
internal_weight=7027 3293 3734 1043 2691 2496 191 50 2305 1464 162 135 841 111 144 51 79 141 819 498 213 84 41 114 58 93 1302 1236 1212 1124
internal_count=7027 3293 3734 1043 2691 2496 191 50 2305 1464 162 135 841 111 144 51 79 141 819 498 213 84 41 114 58 93 1302 1236 1212 1124
is_linear=0
shrinkage=0.05


Tree=145
num_leaves=31
num_cat=0
split_feature=0 14 18 3 4 0 0 0 15 4 1 10 1 17 14 1 12 4 12 17 9 13 5 2 10 17 9 1 9 12
split_gain=1482.25 4.51509 2.26563 1.91412 1.38448 1.07972 1.23623 1.1212 0.915495 1.13772 1.4651 0.910996 0.800457 0.957118 0.693765 1.28986 1.5807 0.853108 0.766907 0.956162 0.761971 1.29719 0.692355 0.887545 0.668507 0.6 0.524138 0.510024 1.03662 0.544031
threshold=3.5000000000000004 6.3656501350523191 43.880278097219168 36.050000000000004 2.8500000000000001 746.50000000000011 874.50000000000011 656.50000000000011 63.202394096285055 25.650000000000002 478.15000000000003 0.99164058729498161 437.05000000000007 25.026140892531917 45.506873342843548 337.15000000000003 111.49503458054748 5.5500000000000007 280.24522673836947 26.847232540836242 0.96900085243778578 0.54348485220968457 30.500000000000004 117.50000000000001 -0.88603780069526494 27.966614433232717 -0.99052327954040364 140.00000000000003 -0.99273952934267318 86.885001028975879
decision_type=2 2 2 2 2 2 2 2 2 2 2 2 2 2 2 2 2 2 2 2 2 2 2 2 2 2 2 2 2 2
left_child=1 -1 14 11 -5 7 -7 24 9 10 12 -4 -9 -14 15 18 20 -16 27 22 21 -17 -20 -24 -6 -21 -10 -2 -29 -30
right_child=2 -3 3 4 5 6 -8 8 26 -11 -12 -13 13 -15 17 16 -18 -19 19 25 -22 -23 23 -25 -26 -27 -28 28 29 -31
leaf_value=0 -2.758931660254536e-06 0 0.097164830662473861 -0.058863366965394841 -0.0032902166338876909 0.040231227663899825 -0.02280785734782572 -0.013509294554442755 -0.014605526883442067 0.0053153944423890449 -0.02988749518960962 -0.0073425687677773719 0.0026658116714241686 -0.0016865706615935524 -0.0076814850811784616 -0.0018159226653918581 -3.9752017924989734e-05 0.012301119964648655 4.1799050983674447e-05 -0.00029097527518093588 -0.013169859814697971 -0.012671352445392171 -2.8924251277712369e-06 -0.0029301851517717446 0.068007108120598153 0.00011746805198572159 0.0486784133300487 -0.0031563822615865282 -5.2386432660577066e-05 0.0062113538700820179
leaf_weight=3271 685 22 983 20 47 313 29 24 20 20 35 42 31 22 27 43 110 255 120 40 23 28 100 28 84 24 38 28 115 400
leaf_count=3271 685 22 983 20 47 313 29 24 20 20 35 42 31 22 27 43 110 255 120 40 23 28 100 28 84 24 38 28 115 400
internal_value=-0.0203949 -0.0448482 0.00117033 0.00251171 0.000461201 0.000852187 0.00280702 -0.00123053 -0.00368421 -0.00598485 -0.00794643 0.00387805 -0.00409091 -0.000660377 3.94869e-05 -0.000332569 -0.00406863 0.00234043 0.000162338 -0.00205128 -0.00882979 -0.00626761 -0.000645161 -0.00320312 0.00232824 -0.0075 0.00155172 0.000724756 0.00186925 0.00237864
internal_weight=7027 3293 3734 1708 683 663 342 321 190 132 112 1025 77 53 2026 1744 204 282 1540 312 94 71 248 128 131 64 58 1228 543 515
internal_count=7027 3293 3734 1708 683 663 342 321 190 132 112 1025 77 53 2026 1744 204 282 1540 312 94 71 248 128 131 64 58 1228 543 515
is_linear=0
shrinkage=0.05


Tree=146
num_leaves=31
num_cat=0
split_feature=0 14 18 3 4 0 4 0 13 10 2 9 12 0 9 1 4 18 0 2 17 0 13 14 18 13 6 3 6 12
split_gain=1471.91 4.51509 2.21538 1.96318 1.13219 1.20573 1.28021 1.00783 1.95594 0.943122 0.9 0.84583 0.827788 0.877076 0.768588 1.1157 0.935488 0.751478 1.05316 1.57341 0.664855 0.656517 1.47808 0.555707 0.530704 0.516996 0.506377 0.569767 0.429501 0.407732
threshold=3.5000000000000004 6.3656501350523191 43.880278097219168 34.850000000000001 10.65 844.50000000000011 9.8500000000000032 746.50000000000011 0.85067190593316944 0.99164058729498161 272.50000000000006 -0.99273952934267318 147.7585125690716 714.50000000000011 0.91236630913977501 446.00000000000006 12.050000000000002 60.973719242436857 659.50000000000011 305.50000000000006 26.333702922013938 160.50000000000003 0.13904003539040038 55.562957785498142 34.399880583149859 0.018359880627067459 5.5000000000000009 38.45000000000001 32.500000000000007 265.28202921755457
decision_type=2 2 2 2 2 2 2 2 2 2 2 2 2 2 2 2 2 2 2 2 2 2 2 2 2 2 2 2 2 2
left_child=1 -1 14 9 5 6 11 8 26 -4 -7 -5 -10 -14 23 20 -17 18 -13 -20 -16 22 25 -2 -23 28 27 -6 -22 -29
right_child=2 -3 3 4 7 10 -8 -9 12 -11 -12 17 13 -15 15 16 -18 -19 19 -21 21 24 -24 -25 -26 -27 -28 29 -30 -31
leaf_value=0 7.4140793827666019e-06 0 0.12373864594168327 -0.055178868896820436 0.075034141625284476 -0.0065753485346221833 -0.019186221521450095 0.078674115131783462 -0.0082643725859833355 -0.0069754403293882418 -0.030616745829493659 0.0052967144482797286 -0.0036873046265911203 0.015811406086372916 -0.00062421866533374378 -0.012705825040487968 -0.00021527583484713816 0.077758117076914157 -0.058711055013994179 0.0022944370046695337 -4.1686702380361779e-05 0.016795316571858461 -0.0014064170760293099 0.071208844762253268 -0.0039323218836123533 0.00041441285015122255 0.030507396258983688 -0.029958233752530108 8.2717897876396806e-06 0.00032370701509105846
leaf_weight=3271 1635 22 839 22 43 20 29 272 38 42 20 44 21 22 36 23 21 107 20 26 20 74 20 80 23 73 100 21 21 22
leaf_count=3271 1635 22 839 22 43 20 29 272 38 42 20 44 21 22 36 23 21 107 20 26 20 74 20 80 23 73 100 21 21 22
internal_value=-0.0204803 -0.0448482 0.00100964 0.00233607 0.000586457 -0.00194444 -0.000645161 0.00193878 -0.000243446 0.00397843 -0.01 0.000662101 -0.00672839 -0.00197674 -0.000108588 -0.0023955 -0.00977273 0.00170051 -0.00166667 -0.00695652 -0.00117978 -0.000194805 -0.00246269 0.000306123 0.00293814 -0.000263158 0.00258065 -0.000232558 -0.0047561 -0.00430233
internal_weight=7027 3293 3734 1708 827 288 248 539 267 881 40 219 81 43 2026 311 44 197 90 46 267 231 134 1715 97 114 186 86 41 43
internal_count=7027 3293 3734 1708 827 288 248 539 267 881 40 219 81 43 2026 311 44 197 90 46 267 231 134 1715 97 114 186 86 41 43
is_linear=0
shrinkage=0.05


Tree=147
num_leaves=31
num_cat=0
split_feature=0 14 1 12 4 0 4 9 18 18 10 0 18 0 8 14 11 4 9 18 3 10 13 3 0 18 12 9 16 0
split_gain=1473.63 4.51509 2.29757 1.47723 1.84514 1.49889 1.49228 1.05909 1.32353 3.17647 0.841988 0.689655 0.603691 0.905163 1.05675 0.81351 0.843467 1.55574 0.666667 0.656514 0.632148 0.79739 0.581649 0.551471 0.520833 0.48838 1.19487 1.17071 0.503711 1.07713
threshold=3.5000000000000004 6.3656501350523191 484.35000000000008 115.10957683589019 12.350000000000003 848.50000000000011 5.2500000000000009 -0.99273952934267318 65.305404507008191 73.023598307963354 0.99164058729498161 457.50000000000006 62.855630508983396 656.50000000000011 -0.70710678118654757 63.990592441690957 70.447334236935475 12.950000000000001 -0.034420336615831361 30.59281575553609 36.350000000000001 -0.88603780069526494 0.99043557303666285 38.050000000000004 611.50000000000011 39.765142305465723 113.70623384080967 0.84293373149377093 23.740307131660245 273.50000000000006
decision_type=2 2 2 2 2 2 2 2 2 2 2 2 2 2 2 2 2 2 2 2 2 2 2 2 2 2 2 2 2 2
left_child=1 -1 12 4 -4 7 -7 8 -5 -10 -9 -12 13 14 19 16 17 -15 -19 -2 -21 24 -8 -18 -22 28 27 -27 -16 -30
right_child=2 -3 3 5 -6 6 22 10 9 -11 11 -13 -14 15 25 -17 23 18 -20 20 21 -23 -24 -25 -26 26 -28 -29 29 -31
leaf_value=0 -0.0076401123765775921 0 -0.011175647360833004 0.15458806104974399 0.012115217270691748 -0.038790381447467548 -0.006497325349490185 0.11171110667996594 -0.071827900619192794 0.038101128724259525 0.15939128315604667 -0.04014485048555741 0.073594450954227578 -0.036055528413059763 1.2987994084593894e-05 0.0060575895544405858 -0.0010565048099557288 0.0027549564288686687 -0.0085983501524270374 0.070204482290845249 0.041073283933871906 0.044745051578211993 0.0082482542383976454 0.010099820099021595 -0.028907367144005536 -0.0081110509105300436 0.098082710803675588 -8.73888626100077e-05 -2.3969014692357493e-05 -0.0045763539821222056
leaf_weight=3271 44 22 34 45 54 25 30 949 24 27 20 29 62 39 1612 34 24 27 27 223 24 43 64 27 24 26 33 25 108 31
leaf_count=3271 44 22 34 45 54 25 30 949 24 27 20 29 62 39 1612 34 24 27 27 223 24 43 64 27 24 26 33 25 108 31
internal_value=-0.0204661 -0.0448482 0.00103642 0.00273251 -0.00352273 0.00318632 -0.00214286 0.003766 -0.00125 -0.00676471 0.0042485 -0.00214286 0.00012947 2.109e-06 0.000280438 -0.00342697 -0.00506944 -0.00790323 -0.00240741 0.00276536 0.00356688 5.49452e-05 0.000744681 9.80394e-05 -0.004375 -0.000204359 -0.00392857 -0.00872549 -2.56994e-05 -0.00291367
internal_weight=7027 3293 3734 1301 88 1213 119 1094 96 51 998 49 2433 2371 2193 178 144 93 54 358 314 91 94 51 48 1835 84 51 1751 139
internal_count=7027 3293 3734 1301 88 1213 119 1094 96 51 998 49 2433 2371 2193 178 144 93 54 358 314 91 94 51 48 1835 84 51 1751 139
is_linear=0
shrinkage=0.05


Tree=148
num_leaves=31
num_cat=0
split_feature=0 14 1 3 5 4 18 0 2 15 12 6 10 18 0 16 0 15 3 9 10 4 9 10 14 9 14 1 12 10
split_gain=1470.2 4.51509 2.43677 1.22673 1.1897 1.15034 1.0464 1.19815 3.21643 1.24951 1.05631 0.904301 0.876952 0.74611 0.711916 0.704818 1.38934 0.858773 0.694623 0.55102 0.506588 0.803571 0.58633 0.487599 0.512877 0.504167 0.479463 0.905101 1.34243 0.731818
threshold=3.5000000000000004 6.3656501350523191 523.75000000000011 38.350000000000001 6.5000000000000009 7.4500000000000011 64.091854213877156 659.50000000000011 278.50000000000006 41.553946077206227 132.96272516224579 13.500000000000002 0.99164058729498161 60.20646328327836 689.50000000000011 23.740307131660245 273.50000000000006 0.078308753106609466 41.250000000000007 0.94130860066615818 -0.012910296075008829 4.2500000000000009 -0.99052327954040364 -0.87792756428346708 31.352755148109484 0.30901413279605805 44.106058865047878 337.15000000000003 110.37300667543541 -0.34155811708470757
decision_type=2 2 2 2 2 2 2 2 2 2 2 2 2 2 2 2 2 2 2 2 2 2 2 2 2 2 2 2 2 2
left_child=1 -1 4 12 -2 -5 7 9 -9 15 11 -10 20 14 -12 17 -17 -6 -16 -18 21 -4 -23 24 -11 -26 27 -19 29 -29
right_child=2 -3 3 5 6 -7 -8 8 10 23 13 -13 -14 -15 18 16 19 26 -20 -21 -22 22 -24 -25 25 -27 -28 28 -30 -31
leaf_value=0 -0.015825005912582103 0 -0.026425006422360432 -0.016935908630645518 -8.6160562799711367e-06 0.0019207221251440112 0.093432252394430981 -0.03495430420982356 -0.00074892691790712305 -0.0037700650603209873 0.00088223820723033481 -0.02645706476622868 -0.0046194257886409875 0.040121334734621761 0.00028025846626019752 -1.436947116268131e-06 -0.003647290214588875 3.2462883472356973e-05 -0.0058353445595946034 -0.008726731637154329 0.23321495783152515 -0.012984914678440797 0.064521695618834959 0.041983049893354191 0.012551666045948186 -0.0068857143608337251 0.013128593287643868 -0.0030349051555139633 0.0002440808059691592 -0.014582009643319217
leaf_weight=3271 21 22 28 25 61 119 132 20 32 21 39 30 42 73 25 107 21 1292 22 28 577 20 232 279 60 20 210 70 106 22
leaf_count=3271 21 22 28 25 61 119 132 20 32 21 39 30 42 73 25 107 21 1292 22 28 577 20 232 279 60 20 210 70 106 22
internal_value=-0.0204945 -0.0448482 0.00098286 0.00303452 0.000187663 -0.00125 0.000280899 5.51617e-05 -0.00329875 0.000407053 -0.00156109 -0.00709677 0.0037208 0.000597484 -0.00255814 -0.000112154 -0.00333333 0.000173197 -0.00670213 -0.0103061 0.00406651 0.00232143 0.00321429 0.00302632 4.95051e-05 0.001875 0.000382353 6.71143e-05 -0.00308081 -0.0075
internal_weight=7027 3293 3734 1043 2691 144 2670 2538 241 2297 221 62 899 159 86 1917 156 1761 47 49 857 280 252 380 101 80 1700 1490 198 92
internal_count=7027 3293 3734 1043 2691 144 2670 2538 241 2297 221 62 899 159 86 1917 156 1761 47 49 857 280 252 380 101 80 1700 1490 198 92
is_linear=0
shrinkage=0.05


Tree=149
num_leaves=31
num_cat=0
split_feature=0 14 1 0 4 12 12 4 10 18 0 6 18 2 14 9 4 1 12 0 11 12 17 0 3 18 17 18 14 11
split_gain=1471.91 4.51509 2.26707 1.44534 1.55819 0.978319 0.894561 0.875826 0.777494 0.756448 0.998667 1.25552 1.00417 0.995806 0.879485 0.74071 0.978307 0.70394 1.64906 1.25356 1.85243 1.47059 1.03278 0.689655 0.664631 0.652497 0.526863 0.51186 0.917392 0.608501
threshold=3.5000000000000004 6.3656501350523191 497.00000000000006 851.50000000000011 6.4500000000000011 115.10957683589019 255.80449031193589 12.050000000000002 0.99164058729498161 63.083970723714408 684.50000000000011 81.500000000000014 49.155500928146814 309.50000000000006 48.494534078851459 -0.99273952934267318 10.250000000000002 337.15000000000003 94.526791770722539 340.50000000000006 34.685640458452077 166.51046839015399 31.468587345967631 457.50000000000006 42.550000000000004 58.27033266585677 32.018303349300645 17.685032753126457 38.803685037687721 28.465057462023129
decision_type=2 2 2 2 2 2 2 2 2 2 2 2 2 2 2 2 2 2 2 2 2 2 2 2 2 2 2 2 2 2
left_child=1 -1 9 5 -5 7 8 -4 15 10 12 13 17 14 -12 16 -7 19 -19 20 27 -22 -20 -10 -6 -8 -24 28 -2 -29
right_child=2 -3 3 4 24 6 25 -9 23 -11 11 -13 -14 -15 -16 -17 -18 18 22 -21 21 -23 26 -25 -26 -27 -28 29 -30 -31
leaf_value=0 -2.9330959221413602e-06 0 -0.0070213949437309773 -0.03404426888226398 0.03444371960121706 -0.048055154925206151 -0.032933351052072395 0.035951026004140255 0.15076528933386199 0.077022598354266447 0.00077088353070817086 -0.023812338494193817 0.012611427740805752 0.021721283458560409 -0.0069690969577805009 0.14274859270471102 0.0030289977820431749 -0.0031857296302778382 0.00036462821277569852 0.027542890369595532 -0.0012839865011174921 -0.0095850536672256546 -0.0051978267861196893 -0.037906636671847016 -0.0062067311750214653 0.08440352265203134 -0.0011771817324557076 0.0061655301626325765 -0.0011934445334652016 -0.00035979017176587715
leaf_weight=3271 968 22 28 28 62 27 20 38 20 78 27 39 224 50 35 860 63 48 327 238 34 34 22 29 21 21 31 223 23 116
leaf_count=3271 968 22 28 28 62 27 20 38 20 78 27 39 224 50 35 860 63 48 327 238 34 34 22 29 21 21 31 223 23 116
internal_value=-0.0204803 -0.0448482 0.00100964 0.00278143 -0.00265766 0.00332731 0.00370192 -0.00257576 0.003999 0.00015296 -2.04983e-06 -0.0039404 0.000257867 -0.00125 -0.00548387 0.00431579 1.86265e-10 -8.72091e-05 -0.00189252 0.000385086 -0.00018598 -0.00823529 -0.000789473 -0.00214286 0.000783133 -0.00353659 -0.00726415 0.000225564 -0.000348133 0.00190266
internal_weight=7027 3293 3734 1217 111 1106 1040 66 999 2517 2439 151 2288 112 62 950 90 2064 428 1636 1398 68 380 49 83 41 53 1330 991 339
internal_count=7027 3293 3734 1217 111 1106 1040 66 999 2517 2439 151 2288 112 62 950 90 2064 428 1636 1398 68 380 49 83 41 53 1330 991 339
is_linear=0
shrinkage=0.05


Tree=150
num_leaves=31
num_cat=0
split_feature=0 14 1 0 3 14 0 12 4 2 0 4 18 1 12 17 9 0 11 12 0 6 9 4 14 3 10 15 4 12
split_gain=1465.9 4.51509 2.51742 1.32956 0.929855 0.961098 1.1584 1.00997 1.98428 1.11466 0.934709 1.3633 0.937534 0.919838 1.50006 1.7162 1.71443 1.48346 1.63468 1.47605 1.10567 0.862854 0.766931 1.23556 0.753667 0.5917 0.585114 0.44542 0.470042 0.442031
threshold=3.5000000000000004 6.3656501350523191 566.10000000000014 874.50000000000011 46.250000000000007 51.753992821228927 844.50000000000011 253.90928565780555 11.750000000000002 284.50000000000006 684.50000000000011 15.950000000000001 49.155500928146814 318.25000000000006 93.022231945316278 31.377959158067679 0.17552986495352002 337.50000000000006 34.685640458452077 166.51046839015399 310.50000000000006 2.5000000000000004 -0.99273952934267318 10.250000000000002 19.763052436788708 38.45000000000001 0.99164058729498161 19.832521593855706 21.750000000000004 280.24522673836947
decision_type=2 2 2 2 2 2 2 2 2 2 2 2 2 2 2 2 2 2 2 2 2 2 2 2 2 2 2 2 2 2
left_child=1 -1 4 22 5 10 7 -7 9 -9 12 -12 13 17 16 27 -15 18 29 -20 -17 -5 23 -4 -18 -14 -24 -16 -29 -2
right_child=2 -3 3 21 -6 6 -8 8 -10 -11 11 -13 25 14 15 20 24 -19 19 -21 -22 -23 26 -25 -26 -27 -28 28 -30 -31
leaf_value=0 2.449677176908395e-05 0 -0.046329307577419016 0.0048574288765876224 -0.012057320271622613 0.041628691502916475 -0.014608743768945645 -0.0091268851601204719 0.0058165842157876044 -0.037574773417100166 -0.034493520693995541 0.001384298737795121 0.060702214257672776 -0.02800304906511783 -0.0019586328309504891 -0.00014792826091019381 0.00049947627903912351 0.044192794014171297 -0.0012197871760615897 -0.0099076817066847608 -0.014564528887343603 -0.017773732150121554 0.18933774629044886 0.0014219602093322682 -0.0019739523746623642 -0.021873417908770201 -0.0054968540176041558 0.00082763504933396352 -0.0076962271020858068 -2.3096488570202216e-05
leaf_weight=3271 990 22 22 34 24 436 26 29 192 26 37 44 164 21 29 27 22 164 34 31 25 20 671 54 23 21 37 214 24 293
leaf_count=3271 990 22 22 34 24 436 26 29 192 26 37 44 164 21 29 27 22 164 34 31 25 20 671 54 23 21 37 214 24 293
internal_value=-0.0205301 -0.0448482 0.000915908 0.00332936 0.000217542 0.000299443 0.00189704 0.00229136 -0.000263158 -0.00863636 -0.000224225 -0.00549383 -1.92121e-05 -0.000350553 -0.00253247 -0.00111285 -0.00939394 0.000205027 -0.000341246 -0.00807692 -0.00942308 -0.00425926 0.00385204 -0.000921052 -0.00388889 0.00337838 0.00436441 0.000505618 0.00121849 5.06627e-05
internal_weight=7027 3293 3734 838 2896 2872 709 683 247 55 2163 81 2082 1897 385 319 66 1512 1348 65 52 54 784 76 45 185 708 267 238 1283
internal_count=7027 3293 3734 838 2896 2872 709 683 247 55 2163 81 2082 1897 385 319 66 1512 1348 65 52 54 784 76 45 185 708 267 238 1283
is_linear=0
shrinkage=0.05


Tree=151
num_leaves=31
num_cat=0
split_feature=0 14 13 10 4 16 4 3 12 5 5 11 4 17 1 17 4 2 2 17 10 0 4 2 13 15 4 11 0 0
split_gain=1462.47 4.51509 2.53596 2.24684 1.72858 1.67594 1.05279 1.3478 0.829029 1.26899 0.823666 0.817818 0.790728 0.772411 1.30498 0.819493 0.662129 0.833585 0.6875 0.612947 0.477997 0.450214 0.786332 0.762487 0.616722 0.664725 0.445637 0.433929 0.418249 1.44921
threshold=3.5000000000000004 6.3656501350523191 0.54682486631016058 -0.012910296075008829 10.65 23.08948345406899 9.0500000000000025 39.350000000000001 95.297039883544457 37.500000000000007 7.5000000000000009 56.682365683407362 2.8500000000000001 31.377959158067679 439.7000000000001 32.018303349300645 9.0500000000000025 38.500000000000007 67.500000000000014 30.067846226283365 0.99164058729498161 420.50000000000006 19.550000000000004 196.50000000000003 0.48195166691331093 36.095545913490035 14.450000000000001 19.088914978457193 746.50000000000011 659.50000000000011
decision_type=2 2 2 2 2 2 2 2 2 2 2 2 2 2 2 2 2 2 2 2 2 2 2 2 2 2 2 2 2 2
left_child=1 -1 13 4 5 6 12 11 9 -6 -10 -8 -4 19 16 -16 -15 -18 -19 21 -5 24 23 -23 25 -2 -27 -20 29 -12
right_child=2 -3 3 20 8 -7 7 -9 10 -11 28 -13 -14 14 15 -17 17 18 27 -21 -22 22 -24 -25 -26 26 -28 -29 -30 -31
leaf_value=0 -5.9367162363262274e-06 0 -0.041626877006163444 0.19407639027439913 -0.0093736825786277112 -0.026833251715686103 -0.044514829760397112 -0.029330765727488974 -0.0057432874848768857 0.016791613818960584 0.039764612323916343 0.049868757419813448 0.0030432180987680401 0.00020370543051398903 -0.0061712593867791592 -0.0030941953902444228 -7.2588553060948008e-05 0.011173902121376155 -0.0021507248301782917 0.00055947658567996378 -0.0017318045318322291 -0.016789746085698023 -0.0053209124384841679 0.017409113183978354 0.0026047458929763729 -0.0045551354074825799 -0.00071450023215291101 0.001031334318820773 0.08643555651430046 -0.0022184057816996726
leaf_weight=3271 1197 22 29 665 22 34 20 24 27 35 313 39 214 34 22 26 25 33 20 173 44 23 24 36 115 30 31 28 284 167
leaf_count=3271 1197 22 29 665 22 34 20 24 27 35 313 39 214 34 22 26 25 33 20 173 44 23 24 36 115 30 31 28 284 167
internal_value=-0.0205586 -0.0448482 0.000862346 0.00213093 0.000819537 -0.00208333 -0.000981595 -0.00584337 0.00205189 -0.00377193 0.00247156 -0.00177966 0.000679013 -0.000476059 -0.00351064 -0.010625 -0.00107143 -0.00301887 -0.000555555 -0.000125844 0.0043653 -0.000460165 -0.00403614 -0.000932203 -0.000243991 -0.000564388 -0.00565574 -0.004375 0.00277487 0.001875
internal_weight=7027 3293 3734 1917 1208 360 326 83 848 57 791 59 243 1817 188 48 140 106 81 1629 709 1456 83 59 1373 1258 61 48 764 480
internal_count=7027 3293 3734 1917 1208 360 326 83 848 57 791 59 243 1817 188 48 140 106 81 1629 709 1456 83 59 1373 1258 61 48 764 480
is_linear=0
shrinkage=0.05


Tree=152
num_leaves=31
num_cat=0
split_feature=0 14 13 10 4 3 7 0 0 0 4 15 3 12 0 4 2 13 15 16 10 0 0 16 10 14 18 6 12 6
split_gain=1462.47 4.51509 2.43275 1.95957 1.50847 0.874409 0.842538 1.04379 3.02562 0.804909 0.79888 1.1511 0.78254 0.738404 0.694812 0.963333 0.822092 0.781942 0.889304 0.682141 0.902687 0.532838 1.01331 0.50643 0.47114 0.462345 0.604492 0.441045 0.357693 0.578298
threshold=3.5000000000000004 6.3656501350523191 0.54682486631016058 0.055916990100603255 2.8500000000000001 46.250000000000007 0.60355339059327384 656.50000000000011 726.50000000000011 844.50000000000011 13.050000000000002 56.762627578150052 34.650000000000013 224.88757814396817 420.50000000000006 19.550000000000004 196.50000000000003 0.48195166691331093 36.095545913490035 23.257114184083296 -0.60505606964884906 344.50000000000006 295.50000000000006 21.054447911324178 0.99164058729498161 52.455645900048559 59.991993913261091 5.5000000000000009 264.64565685154167 48.500000000000007
decision_type=2 2 2 2 2 2 2 2 2 2 2 2 2 2 2 2 2 2 2 2 2 2 2 2 2 2 2 2 2 2
left_child=1 -1 14 4 -4 6 7 28 10 25 11 -9 -12 -14 17 16 -16 18 -2 20 -11 22 -20 -13 -5 -10 -27 -15 -6 -30
right_child=2 -3 3 24 5 -7 -8 8 9 19 12 23 13 27 15 -17 -18 -19 21 -21 -22 -23 -24 -25 -26 26 -28 -29 29 -31
leaf_value=0 -3.665308041486568e-06 0 -0.040129296380187883 0.22115193210227671 0.047687711399068237 -0.0131637344196432 -0.0058529726763690212 -0.032051866400412438 -0.00081860777712733878 -0.0091724494185701135 0.038493418559008341 0.0023644076085110517 -0.017590901186299347 -0.0011623436085557452 -0.017997763629615186 -0.0045762392403048274 0.012487874304160762 0.0047527073085439743 -0.00082909497486093444 -0.015549608018828482 0.040786418975159687 -0.0064864356788084422 -0.0035400912980497086 -0.041922482626662455 -0.0016452143052407217 -0.0017416695802079407 0.075742210955191458 0.0008311202427253617 0.020637430361976031 -0.0062856657534570426
leaf_weight=3271 1499 22 35 614 330 22 36 34 48 25 29 26 37 23 31 25 44 132 31 20 42 35 20 21 44 22 361 30 87 31
leaf_count=3271 1499 22 35 614 330 22 36 34 48 25 29 26 37 23 31 25 44 132 31 20 42 35 20 21 44 22 361 30 87 31
internal_value=-0.0205586 -0.0448482 0.000862346 0.00210485 0.000949166 0.00124183 0.00142263 0.00165523 0.000473538 0.00249035 -0.00475 -0.00858025 -0.00214286 -0.00444444 -0.000448541 -0.0045 -0.00166667 -0.00021258 -0.000520505 -0.00189655 0.000522388 -0.00546512 -0.00872549 -0.00351064 0.00431611 0.00337587 0.00395561 -0.000660377 0.00354911 0.00118644
internal_weight=7027 3293 3734 1917 1259 1224 1202 1166 718 518 200 81 119 90 1817 100 75 1717 1585 87 67 86 51 47 658 431 383 53 448 118
internal_count=7027 3293 3734 1917 1259 1224 1202 1166 718 518 200 81 119 90 1817 100 75 1717 1585 87 67 86 51 47 658 431 383 53 448 118
is_linear=0
shrinkage=0.05


Tree=153
num_leaves=31
num_cat=0
split_feature=0 14 1 3 4 13 0 18 0 14 1 2 5 15 6 17 3 16 10 6 9 4 11 3 4 4 4 4 6 0
split_gain=1458.19 4.51509 2.42704 1.52616 1.17867 0.834951 1.46902 1.37248 1.139 0.866049 1.33341 0.948642 0.797954 1.10791 0.873123 0.703512 0.948805 0.646503 0.597152 0.662053 0.622222 0.590625 0.863704 0.654762 0.534314 0.552357 0.843283 0.508998 0.717693 0.507702
threshold=3.5000000000000004 6.3656501350523191 528.75000000000011 38.350000000000001 7.4500000000000011 0.91750426536523444 689.50000000000011 62.044039571228758 721.50000000000011 28.979146595494644 83.600000000000009 165.50000000000003 36.500000000000007 29.085434379315945 18.500000000000004 32.494283209014007 19.250000000000004 21.368602838745883 -0.98208922706762081 14.500000000000002 -0.10309787846944686 17.850000000000005 37.667460987063379 33.850000000000001 5.4500000000000011 12.850000000000003 13.550000000000002 13.950000000000001 81.500000000000014 879.50000000000011
decision_type=2 2 2 2 2 2 2 2 2 2 2 2 2 2 2 2 2 2 2 2 2 2 2 2 2 2 2 2 2 2
left_child=1 -1 5 29 -5 6 9 8 -8 11 -11 15 21 14 -14 -2 -17 -15 20 24 -12 22 -13 -24 -20 -26 -27 28 -7 -4
right_child=2 -3 3 4 -6 27 7 -9 -10 10 18 12 13 17 -16 16 -18 -19 19 -21 -22 -23 23 -25 25 26 -28 -29 -30 -31
leaf_value=0 1.8535163931227708e-06 0 0.10587847447071821 -0.027264972141699158 0.00088362975145057487 0.0024720209516949886 -0.039729103420230782 0.00026330533569702278 -0.0013912587478022965 -0.0057894678183403646 -0.0053948995242106574 -0.0031495621129313776 -1.4342562564792386e-05 0.0014109578657011523 -0.016120003111120763 8.6179814794131148e-05 -0.003435848519833801 -0.0051474873357581835 -0.0057684142367125891 0.014139192883908414 0.00020118493052336895 -0.005710103125201144 0.011218161504920974 -0.0047723070125315018 0.0093234025210037676 -0.0091588393226949266 0.00059850790511548177 0.069079022717499966 -0.013506983508810992 -0.010338325499979898
leaf_weight=3271 1158 22 847 23 111 77 34 51 25 39 20 22 23 110 22 23 21 20 20 432 70 20 22 20 84 25 210 147 24 34
leaf_count=3271 1158 22 847 23 111 77 34 51 25 39 20 22 23 110 22 23 21 20 20 432 70 20 22 20 84 25 210 147 24 34
internal_value=-0.0205941 -0.0448482 0.000795394 0.00288177 -0.00208955 1.65504e-05 -0.000261028 -0.00590909 -0.0111017 2.11793e-06 0.00122222 -0.000749486 -0.00349421 -0.00157143 -0.00833333 -0.00015807 -0.00636364 0.000769231 0.00163182 0.00208171 -0.00222222 -0.0075 -0.00515625 -0.000952381 0.000427729 0.000924765 -0.000319149 0.00278226 4.95051e-05 0.00363791
internal_weight=7027 3293 3734 1015 134 2719 2471 110 59 2361 900 1461 259 175 45 1202 44 130 861 771 90 84 64 42 339 319 235 248 101 881
internal_count=7027 3293 3734 1015 134 2719 2471 110 59 2361 900 1461 259 175 45 1202 44 130 861 771 90 84 64 42 339 319 235 248 101 881
is_linear=0
shrinkage=0.05


Tree=154
num_leaves=31
num_cat=0
split_feature=0 14 14 3 18 4 12 3 18 0 0 0 9 18 1 16 11 15 16 16 10 17 9 5 14 10 15 10 0 1
split_gain=1459.05 4.51509 1.88323 1.33379 1.59133 1.4179 1.41093 0.886429 0.883928 0.883175 0.853409 1.53406 1.71236 1.87355 0.956955 1.21212 0.815018 1.13642 0.901263 0.98289 0.810832 0.762624 0.664866 0.631431 0.627049 0.641156 0.625 0.616034 0.584384 0.567154
threshold=3.5000000000000004 6.3656501350523191 23.974700135607073 33.45000000000001 32.120214874507454 2.8500000000000001 240.08098772759664 46.750000000000007 25.006750894002469 874.50000000000011 761.50000000000011 659.50000000000011 -0.99273952934267318 62.39958509789053 478.15000000000003 21.313206764098577 35.259535005345832 29.085434379315945 21.313206764098577 22.462869584423611 0.99164058729498161 23.715358878738893 -0.36971084796686599 17.500000000000004 34.69321795870389 -0.98518361333263327 73.096374558757802 -0.26781430516217447 510.50000000000006 178.80000000000004
decision_type=2 2 2 2 2 2 2 2 2 2 2 2 2 2 2 2 2 2 2 2 2 2 2 2 2 2 2 2 2 2
left_child=1 -1 16 4 6 -5 -4 9 -8 10 11 24 -13 14 -14 -16 -2 -18 21 -20 -6 22 -19 -10 25 -7 -11 -27 -22 -26
right_child=2 -3 3 5 20 7 8 -9 23 26 -12 12 13 -15 15 -17 17 18 19 -21 28 -23 -24 -25 29 27 -28 -29 -30 -31
leaf_value=0 -2.8652812604977489e-06 0 -0.011482717957827264 -0.037891998517876911 0.13869995916523528 -0.0029695493146585806 0.0029483197276982849 -0.013533695362264586 -0.0040231323336866465 0.0281545971504716 0.050100108621963083 -0.064205165327366531 -0.0011645919414406633 0.05149380794769181 -0.027926321322720334 -0.026096543991390914 -0.015174197449857346 0.00023872944455176036 -0.0052615082954711482 0.00028035200911466843 0.14041520659424708 0.0014557805899737843 -0.010411982752706158 0.00021424078656322428 -0.0018070916168108704 0.0021163589809637343 -0.020826519627809362 -0.0012001253840191557 -0.012940413836155679 0.011373330936156395
leaf_weight=3271 1127 22 27 35 761 33 119 21 21 20 347 25 123 102 20 24 24 21 29 21 25 103 20 22 36 90 20 28 23 467
leaf_count=3271 1127 22 27 35 761 33 119 21 21 20 347 25 123 102 20 24 24 21 29 21 25 103 20 22 36 90 20 28 23 467
internal_value=-0.020587 -0.0448482 0.000808784 0.00165132 0.00304609 0.000650611 -0.00108466 0.00090708 0.000679013 0.00106742 0.00129344 0.000516878 -0.00248299 -0.0013197 -0.00458084 -0.0109091 -0.000687732 -0.00348624 -0.00221649 -0.008 0.00401112 -0.000208333 -0.00597561 -0.00546512 0.00186544 -0.000960265 -0.00625 0.000762712 -0.00229167 0.00271372
internal_weight=7027 3293 3734 2389 998 1391 189 1356 162 1335 1295 948 294 269 167 44 1345 218 194 50 809 144 41 43 654 151 40 118 48 503
internal_count=7027 3293 3734 2389 998 1391 189 1356 162 1335 1295 948 294 269 167 44 1345 218 194 50 809 144 41 43 654 151 40 118 48 503
is_linear=0
shrinkage=0.05


Tree=155
num_leaves=31
num_cat=0
split_feature=0 14 1 9 0 0 18 10 18 0 0 2 18 4 1 4 6 1 0 18 12 11 17 2 15 0 0 2 14 11
split_gain=1461.62 4.51509 1.7341 1.37137 1.39633 1.27876 1.17503 1.13927 1.09004 2.31961 0.925293 1.56259 1.31373 1.06061 0.928958 0.876587 0.862854 0.55945 1.58764 1.43062 1.3106 1.2758 1.05072 0.904762 0.75 0.619369 0.740647 1.75874 1.27811 0.942857
threshold=3.5000000000000004 6.3656501350523191 566.10000000000014 -0.99273952934267318 874.50000000000011 841.00000000000011 64.091854213877156 0.99164058729498161 65.305404507008191 777.50000000000011 676.50000000000011 288.50000000000006 49.155500928146814 15.050000000000002 427.55000000000001 14.450000000000001 2.5000000000000004 318.25000000000006 344.50000000000006 24.407514054846292 94.526791770722539 34.685640458452077 31.533577015076339 226.50000000000003 36.095545913490035 542.50000000000011 457.50000000000006 168.50000000000003 17.683143624006785 31.794833518443955
decision_type=2 2 2 2 2 2 2 2 2 2 2 2 2 2 2 2 2 2 2 2 2 2 2 2 2 2 2 2 2 2
left_child=1 -1 5 8 7 6 10 -5 -4 -10 12 13 17 -12 15 -13 -6 18 19 -2 23 -21 25 -19 -25 26 27 -22 -29 -30
right_child=2 -3 3 4 16 -7 -8 -9 9 -11 11 14 -14 -15 -16 -17 -18 20 -20 21 22 -23 -24 24 -26 -27 -28 28 29 -31
leaf_value=0 8.050273142180424e-06 0 0.5513441841717055 0.16337320500988647 0.0072751128914696431 -0.014162499349757288 0.074397132770143343 -0.0097000634065978128 -0.045617124576362016 0.079115453732067326 -0.053346126157133189 -0.03500849450050704 0.030724865494191796 -0.002207791677200133 0.00067672684255000264 0.00081890977367937072 -0.01350811737251973 -0.018334473978438012 0.049042978555306281 0.00329005123700665 0.0010288426135978712 -0.0088694814557216273 -0.0039007229493065866 0.0053888671862282007 -0.0015929021671982975 -0.011393650234308789 0.025229312309083859 0.0012854086457642869 -0.0021737927262290369 -0.020446236716045129
leaf_weight=3271 1315 22 25 671 34 30 205 37 30 21 20 24 298 22 139 21 20 28 189 23 222 30 60 24 24 37 123 20 20 22
leaf_count=3271 1315 22 25 671 34 30 205 37 30 21 20 24 298 22 139 21 20 28 189 23 222 30 60 24 24 37 123 20 20 22
internal_value=-0.0205657 -0.0448482 0.000848956 0.00285203 0.00349081 0.000269337 0.000376832 0.00408192 -0.00355263 -0.0077451 9.58288e-05 -0.0029646 0.000379877 -0.0116667 -0.000978261 -0.00722222 -0.00425926 -5.38136e-05 0.000439949 -0.000153509 -0.00137931 -0.00820755 -0.000456349 -0.0075 -0.00333333 0.000382883 0.000945946 -0.000457746 -0.00790323 -0.0128571
internal_weight=7027 3293 3734 838 762 2896 2866 708 76 51 2661 226 2435 42 184 45 54 2137 1557 1368 580 53 504 76 48 444 407 284 62 42
internal_count=7027 3293 3734 838 762 2896 2866 708 76 51 2661 226 2435 42 184 45 54 2137 1557 1368 580 53 504 76 48 444 407 284 62 42
is_linear=0
shrinkage=0.05


Tree=156
num_leaves=31
num_cat=0
split_feature=0 14 1 0 18 4 12 16 9 18 0 10 0 12 14 0 11 4 18 12 6 3 14 1 12 0 18 4 16 4
split_gain=1463.33 4.51509 1.73163 1.75001 1.76602 1.53482 0.916549 0.874653 0.709696 1.11213 1.66078 0.722664 0.689655 0.594978 0.587875 0.784348 1.37525 1.232 0.865918 0.773727 0.779857 0.571429 0.537778 0.509635 1.31697 1.13717 1.50926 1.13575 0.544133 1.13933
threshold=3.5000000000000004 6.3656501350523191 484.35000000000008 844.50000000000011 76.140408329375774 9.6500000000000004 116.73198190700471 23.471172218481456 -0.99273952934267318 65.305404507008191 777.50000000000011 0.99164058729498161 457.50000000000006 255.80449031193589 63.841016419850583 656.50000000000011 68.023085469739826 11.750000000000002 49.155500928146814 136.10842358441033 16.500000000000004 35.95000000000001 61.864762210261127 337.15000000000003 93.022231945316278 344.50000000000006 24.407514054846292 10.750000000000002 20.976160318833745 6.3500000000000005
decision_type=2 2 2 2 2 2 2 2 2 2 2 2 2 2 2 2 2 2 2 2 2 2 2 2 2 2 2 2 2 2
left_child=1 -1 14 6 5 -5 7 -4 9 -8 -11 13 -13 -10 15 18 17 -17 23 20 -18 -6 -19 25 -25 26 -2 -28 -26 -30
right_child=2 -3 3 4 21 -7 8 -9 11 10 -12 12 -14 -15 -16 16 19 22 -20 -21 -22 -23 -24 24 28 -27 27 -29 29 -31
leaf_value=0 7.697987656806128e-06 0 0.0037624662848883342 -0.029217397545085996 0.050737024585097913 -0.010499620456500795 0.14563506053812636 -0.016182171940938097 0.11765765722875053 -0.043336268347543665 0.075159681045463722 0.13372009500574136 -0.039729511056918333 -0.0013984300563365569 0.02075462026832459 -0.022820465261271294 0.0047624871238922733 -0.0066510294456264551 0.03962594531195926 0.03318332667020072 -0.019831594970762367 -0.013017851320266539 0.0009728491142527388 -0.0034994819039923086 0.00057392936336090336 0.034542848557969692 -0.0035004949778329841 -0.002791838002692349 -0.0084810296876987601 -0.00079041184450791041
leaf_weight=3271 1350 22 74 25 50 33 45 23 869 30 21 20 29 62 78 24 34 20 144 59 21 20 25 39 175 223 23 34 26 158
leaf_count=3271 1350 22 74 25 50 33 45 23 869 30 21 20 29 62 78 24 34 20 144 59 21 20 25 39 175 223 23 34 26 158
internal_value=-0.0205514 -0.0448482 0.000875737 0.00234819 -0.00320312 -0.00965517 0.00295396 -0.00170103 0.00337361 -0.000729166 -0.00578431 0.00377551 -0.00214286 0.004087 8.83685e-05 -5.30784e-05 -0.00319672 -0.00876812 0.000211787 0.000175439 -0.00409091 0.00214286 -0.00388889 -5.42404e-05 -0.00165829 0.000337423 -0.000188344 -0.00815789 -0.000710306 -0.0026087
internal_weight=7027 3293 3734 1301 128 58 1173 97 1076 96 51 980 49 931 2433 2355 183 69 2172 114 55 70 45 2028 398 1630 1407 57 359 184
internal_count=7027 3293 3734 1301 128 58 1173 97 1076 96 51 980 49 931 2433 2355 183 69 2172 114 55 70 45 2028 398 1630 1407 57 359 184
is_linear=0
shrinkage=0.05


Tree=157
num_leaves=31
num_cat=0
split_feature=0 14 1 0 4 9 12 16 10 0 3 6 0 14 0 0 6 4 17 18 1 2 0 1 15 10 6 12 18 0
split_gain=1463.33 4.51509 1.83556 1.52826 1.56017 2.11852 1.02852 0.829119 0.628034 0.689655 0.639336 1.08977 0.604747 0.625 0.590831 0.786516 0.862795 1.00136 0.976385 0.672463 1.0721 1.92501 2.9298 0.805378 0.78378 0.630891 0.698533 0.587778 0.579963 0.56069
threshold=3.5000000000000004 6.3656501350523191 480.20000000000005 844.50000000000011 7.7500000000000009 0.94417876540878176 116.73198190700471 23.471172218481456 0.99164058729498161 457.50000000000006 33.650000000000013 95.500000000000014 659.50000000000011 49.93173721722011 753.50000000000011 676.50000000000011 81.500000000000014 14.450000000000001 24.925402572296026 36.2272902543301 318.25000000000006 172.50000000000003 425.50000000000006 337.15000000000003 56.166383372201864 -0.04732138832243208 85.500000000000014 116.73198190700471 73.023598307963354 344.50000000000006
decision_type=2 2 2 2 2 2 2 2 2 2 2 2 2 2 2 2 2 2 2 2 2 2 2 2 2 2 2 2 2 2
left_child=1 -1 14 6 5 -5 7 12 10 -10 -8 -12 -4 -14 15 19 18 -18 -17 20 24 -22 -23 -21 29 26 -25 -28 -6 -2
right_child=2 -3 3 4 28 -7 8 -9 9 -11 11 -13 13 -15 -16 16 17 -19 -20 23 21 22 -24 25 -26 -27 27 -29 -30 -31
leaf_value=0 1.1756382702596627e-06 0 0.015746669934556631 -0.032262208090009951 -0.012008553602050826 0.0047160646621479899 0.17781297987549669 -0.015373063343891082 0.12703409025545426 -0.037743035504072389 0.027193981427699757 -0.018851983147218178 -0.020986055519395655 0.074133030661481733 0.040667399090990874 0.0047215868890332314 -0.032642571897809385 6.9881855867617518e-05 -0.0031029587683910585 0.088437490018206236 -0.00045845065453169344 -0.029681114558092317 0.002635585166728069 0.00055604839402641259 -0.0069862579941175774 0.023362160650707321 -0.013721841201594165 0.0049623104924132371 0.073885222902561762 0.038096581302203225
leaf_weight=3271 1349 22 39 20 32 21 550 23 20 29 458 29 20 20 59 47 23 22 38 137 165 26 23 294 26 67 20 25 55 97
leaf_count=3271 1349 22 39 20 32 21 550 23 20 29 458 29 20 20 59 47 23 22 38 137 165 26 23 294 26 67 20 25 55 97
internal_value=-0.0205514 -0.0448482 0.000875737 0.00237842 -0.0028125 -0.0108537 0.00293771 -0.00186274 0.00338858 -0.00214286 0.00364995 0.0023306 0.00056962 -0.00375 5.78993e-05 -6.57056e-05 -0.00384615 -0.00944444 -0.000882353 0.000154778 -0.000338078 -0.00364486 -0.0123469 0.00168508 0.000142663 0.000566503 -0.000309734 -0.00611111 0.000977012 0.000297372
internal_weight=7027 3293 3734 1316 128 41 1188 102 1086 49 1037 487 79 40 2418 2359 130 45 85 2229 1686 214 49 543 1472 406 339 45 87 1446
internal_count=7027 3293 3734 1316 128 41 1188 102 1086 49 1037 487 79 40 2418 2359 130 45 85 2229 1686 214 49 543 1472 406 339 45 87 1446
is_linear=0
shrinkage=0.05


Tree=158
num_leaves=31
num_cat=0
split_feature=0 14 1 0 18 6 9 18 0 18 0 2 13 0 12 1 12 14 4 7 12 0 0 10 6 3 1 2 18 1
split_gain=1466.76 4.51509 1.81592 1.36859 1.15714 1.71905 0.969611 0.878722 1.66078 0.702762 1.17723 2.12796 1.4464 1.27233 0.840685 1.73233 0.770117 0.642857 0.630857 0.739496 0.515655 0.846168 0.461839 0.425554 0.453238 0.909836 0.424564 1.24725 1.12595 0.976635
threshold=3.5000000000000004 6.3656501350523191 528.75000000000011 844.50000000000011 76.140408329375774 4.5000000000000009 -0.99273952934267318 65.305404507008191 777.50000000000011 64.091854213877156 656.50000000000011 288.50000000000006 0.83393499742959964 457.50000000000006 147.7585125690716 430.75000000000006 94.526791770722539 48.494534078851459 12.950000000000001 -0.25881904510252113 265.28202921755457 542.50000000000011 820.50000000000011 0.99164058729498161 95.500000000000014 33.650000000000013 318.25000000000006 168.50000000000003 36.2272902543301 408.75000000000006
decision_type=2 2 2 2 2 2 2 2 2 2 2 2 2 2 2 2 2 2 2 2 2 2 2 2 2 2 2 2 2 2
left_child=1 -1 9 6 5 -5 7 -4 -9 10 13 12 -12 26 15 -13 -15 -17 19 -16 -18 -22 -11 24 -8 -26 -2 -28 -29 -30
right_child=2 -3 3 4 -6 -7 23 8 -10 22 11 14 -14 16 18 17 20 -19 -20 -21 21 -23 -24 -25 25 -27 27 28 29 -31
leaf_value=0 9.5277837287236617e-06 0 0.46726781364676145 -0.0070912417687311637 0.024294122354461555 -0.02106037695859006 0.13357777037249227 -0.042529154001551432 0.070041997921805543 0.086488844403688203 -0.0090348657576353256 -0.019497004507816544 -0.030857151762434355 -0.00063398807536901988 -0.0022741847074218336 0.0070578027210902164 0.048336507901676498 -0.0034445219370523197 0.023059502118253347 0.027998434273526385 0.02391404697778067 -0.012011839939768133 -0.012391705620900972 -0.0023377015562300782 0.21080611121569126 -0.032763522656201749 9.3323166290721265e-05 -0.028667054299196124 0.00086567890381424257 -0.013756420672194986
leaf_weight=3271 1499 22 30 35 70 21 705 30 21 118 37 20 20 73 34 28 257 28 69 22 78 32 28 42 37 24 269 35 46 26
leaf_count=3271 1499 22 30 35 70 21 705 30 21 118 37 20 20 73 34 28 257 28 69 22 78 32 28 42 37 24 269 35 46 26
internal_value=-0.020523 -0.0448482 0.000929299 0.00273399 -0.00214286 -0.0075 0.0034252 -0.00179012 -0.00578431 0.000255609 6.41277e-05 -0.00313953 -0.0116667 0.000421166 -0.000721393 -0.00486842 0.00284091 -0.000357143 0.0018 -0.00214286 0.00377384 0.000909091 0.00363014 0.00394802 0.00421671 8.19674e-05 -0.000146666 -0.00164894 -0.00621495 -0.00263889
internal_weight=7027 3293 3734 1015 126 56 889 81 51 2719 2573 258 57 2315 201 76 440 56 125 56 367 110 146 808 766 61 1875 376 107 72
internal_count=7027 3293 3734 1015 126 56 889 81 51 2719 2573 258 57 2315 201 76 440 56 125 56 367 110 146 808 766 61 1875 376 107 72
is_linear=0
shrinkage=0.05


Tree=159
num_leaves=31
num_cat=0
split_feature=0 14 10 13 4 1 4 12 12 5 0 13 0 0 6 0 3 15 4 1 10 16 0 9 13 3 5 1 4 10
split_gain=1471.05 4.51509 1.63075 2.06703 1.18486 1.37143 0.675531 0.78539 0.987672 0.842046 0.56237 0.98009 0.784526 1.05169 1.63864 0.961454 0.856126 0.832492 0.470781 0.941933 0.929708 0.650966 0.472009 0.412117 0.409633 1.42215 0.392023 0.539194 0.971645 0.384593
threshold=3.5000000000000004 6.3656501350523191 0.064506059999340642 0.47342953426077944 2.5500000000000003 467.85000000000008 16.750000000000004 282.19802610782676 104.12839838725431 30.500000000000004 844.50000000000011 0.99043557303666285 770.50000000000011 656.50000000000011 88.500000000000014 711.50000000000011 35.95000000000001 51.64897845122865 13.050000000000002 448.75000000000006 0.53435276464917691 21.227543542754443 33.500000000000007 0.99466160899732492 0.053817355889724312 39.750000000000007 39.500000000000007 471.45000000000005 10.15 0.99164058729498161
decision_type=2 2 2 2 2 2 2 2 2 2 2 2 2 2 2 2 2 2 2 2 2 2 2 2 2 2 2 2 2 2
left_child=1 -1 4 18 5 -2 10 8 9 -8 12 -12 13 17 15 16 -15 -6 19 -4 22 -22 -20 -10 -9 -26 27 -17 -29 -5
right_child=2 -3 3 29 6 -7 7 24 23 -11 11 -13 -14 14 -16 26 -18 -19 20 -21 21 -23 -24 -25 25 -27 -28 28 -30 -31
leaf_value=0 -1.3580498352823705e-05 0 0.00016695255138864787 0.14076070071484398 -1.0257278589801698e-05 -0.034533336106960737 -0.016804909857223039 3.0143404908185539e-05 0.013469445406080749 4.556346201456499e-05 -0.012842407402409382 0.0011686857759203694 0.057053116832074473 -0.048306070415925384 -0.041622115575194775 0.00049263023366463905 -0.00060395022085536168 0.039099708184135842 -3.664078696679139e-05 -0.0041570932583772013 -0.00023973832903835047 -0.0023247420722038018 0.0010395338896606831 -0.0033777452582840709 -0.0023426836514255332 0.00018461158949612907 0.025938351896600671 -0.034340031474035207 0.012163610168495419 0.00010136004096245369
leaf_weight=3271 28 22 310 663 909 20 30 49 577 287 26 34 165 20 39 23 46 117 20 27 36 33 52 24 22 42 43 20 22 50
leaf_count=3271 28 22 310 663 909 20 30 49 577 287 26 34 165 20 39 23 46 117 20 27 36 33 52 24 22 42 43 20 22 50
internal_value=-0.0204874 -0.0448482 0.000996251 0.00252309 0.000281164 -0.0075 0.000430862 0.00141125 0.00189542 -0.000362776 -0.000259563 -0.005 -5.69799e-05 -0.000488297 -0.00368545 -0.0016092 -0.00636364 0.000175439 -2.09203e-05 0.000994065 -0.00244681 -0.0065942 0.00152778 0.00308652 -0.00252212 -0.00515625 0.0012963 -0.00115385 -0.00452381 0.00422861
internal_weight=7027 3293 3734 1191 2543 48 2495 1031 918 317 1464 60 1404 1239 213 174 66 1026 478 337 141 69 72 601 113 64 108 65 42 713
internal_count=7027 3293 3734 1191 2543 48 2495 1031 918 317 1464 60 1404 1239 213 174 66 1026 478 337 141 69 72 601 113 64 108 65 42 713
is_linear=0
shrinkage=0.05


Tree=160
num_leaves=31
num_cat=0
split_feature=0 14 1 0 13 9 15 0 0 0 0 18 18 1 13 0 0 5 18 10 15 6 3 12 4 6 1 17 17 6
split_gain=1467.62 4.51509 1.67561 1.21603 1.8413 0.904185 0.644995 1.37255 0.600895 0.854591 1.91569 1.50129 0.89698 1.48327 1.19706 0.721796 1.03771 0.553342 0.592755 0.55159 0.486111 0.438959 0.430165 0.937551 0.99149 0.818437 0.461423 0.417655 1.06341 0.361559
threshold=3.5000000000000004 6.3656501350523191 566.10000000000014 848.50000000000011 0.99939540507859748 -0.99273952934267318 63.962514483605197 777.50000000000011 841.00000000000011 746.50000000000011 656.50000000000011 49.155500928146814 63.083970723714408 463.85000000000008 0.85605578073730959 542.50000000000011 457.50000000000006 24.500000000000004 56.793568258124687 0.99164058729498161 55.740996584561479 53.500000000000007 33.95000000000001 113.70623384080967 4.1500000000000012 6.5000000000000009 16.850000000000005 31.377959158067679 31.803827825722895 8.5000000000000018
decision_type=2 2 2 2 2 2 2 2 2 2 2 2 2 2 2 2 2 2 2 2 2 2 2 2 2 2 2 2 2 2
left_child=1 -1 8 5 -5 6 -4 -8 9 10 11 15 13 17 20 16 22 -12 -19 -7 -15 -17 27 25 -25 -24 -26 -2 -29 -28
right_child=2 -3 3 4 -6 19 7 -9 -10 -11 12 -13 -14 14 -16 21 -18 18 -20 -21 -22 -23 23 24 26 -27 29 28 -30 -31
leaf_value=0 3.8874294931077377e-05 0 0.17901370626246021 -0.015324891793454807 0.034211918197868278 0.16037081303148648 -0.044004150507277323 0.063687242184111287 -0.011947981791076413 0.034912105595086923 -0.017679819234570526 0.062739441253265471 0.023006931174739585 -0.012410592224804874 -0.024506810534634327 -0.004723884731094502 0.014693218974059752 -0.006431119975175037 0.00089283798582910255 -0.0052296158324544907 -0.036994892767026596 -0.003017724375888149 -0.00096269201341809239 -0.0031591649108673697 -0.00015122540355778057 -0.011727025188956323 0.00038996893063795014 -0.0038012531820068316 6.8144405275942028e-05 -4.3550055399367305e-05
leaf_weight=3271 1131 22 25 32 62 631 30 21 30 253 21 255 40 24 29 36 199 26 60 37 21 22 34 22 20 23 183 39 137 291
leaf_count=3271 1131 22 25 32 62 631 30 21 30 253 21 255 40 24 29 36 199 26 60 37 21 22 34 22 20 23 183 39 137 291
internal_value=-0.0205159 -0.0448482 0.000942689 0.00291169 -0.00244681 0.00358871 -0.00157895 -0.00480392 0.000372928 0.000446616 0.000177957 0.000589465 -0.00427602 -0.00577348 -0.0112162 0.000156762 0.000310245 -0.00200935 -0.000232558 0.00417665 -0.00611111 -0.00534483 -5.31913e-05 -0.00119546 -0.000523256 -0.0072807 -6.07286e-05 0.00044759 -0.00181818 0.000253165
internal_weight=7027 3293 3734 838 94 744 76 51 2896 2866 2613 2392 221 181 74 2137 2079 107 86 668 45 58 1880 573 516 57 494 1307 176 474
internal_count=7027 3293 3734 838 94 744 76 51 2896 2866 2613 2392 221 181 74 2137 2079 107 86 668 45 58 1880 573 516 57 494 1307 176 474
is_linear=0
shrinkage=0.05


Tree=161
num_leaves=31
num_cat=0
split_feature=0 14 10 18 4 0 16 14 1 0 0 15 1 6 9 6 1 4 10 16 3 2 6 4 16 4 10 13 1 4
split_gain=1471.91 4.51509 1.78498 1.53479 1.26029 0.962054 1.564 0.908945 0.896773 0.787358 1.33059 1.30197 2.06459 1.16264 0.743819 0.767876 0.725279 0.654271 0.632656 0.671329 0.595233 0.760025 0.67315 0.800619 0.726073 0.666747 0.564644 0.515369 0.509807 1.13422
threshold=3.5000000000000004 6.3656501350523191 0.064506059999340642 36.2272902543301 13.950000000000001 844.50000000000011 23.08948345406899 37.382322533017664 448.75000000000006 788.50000000000011 663.50000000000011 62.965990499303985 466.4500000000001 9.5000000000000018 -0.99273952934267318 91.500000000000014 467.85000000000008 13.050000000000002 0.53435276464917691 21.227543542754443 34.850000000000001 275.50000000000006 25.500000000000004 21.750000000000004 19.539191340334892 25.250000000000004 0.021516097436222247 0.3603861298369308 309.45000000000005 13.65
decision_type=2 2 2 2 2 2 2 2 2 2 2 2 2 2 2 2 2 2 2 2 2 2 2 2 2 2 2 2 2 2
left_child=1 -1 4 8 5 9 -7 20 17 10 16 12 -12 -14 -13 -16 28 -4 -19 -20 -6 22 25 24 -24 -22 27 -9 29 -2
right_child=2 -3 3 -5 7 6 -8 26 -10 -11 11 14 13 -15 15 -17 -18 18 19 -21 21 -23 23 -25 -26 -27 -28 -29 -30 -31
leaf_value=0 1.2411638358382908e-05 0 0.00018111651460862908 0.090534451457539813 5.892258178082633e-05 -0.0028997028822280815 -0.030110336369491248 -0.00065569928214281501 -0.0030039721049260233 0.050860324556801312 -0.0004952380000758864 -0.067388052558517861 -0.018648786203731504 -0.038577056280312508 0.028351995746160388 -0.025084848361894181 0.033453499338901009 0.00015411891908424796 -0.00049670959622699108 -0.0028448336071888532 0.00037953016820493543 -0.015351022732412451 -0.0023925469772352703 0.00078238579635439651 -0.00050422978202290696 -0.0014951382371333061 -0.0042915996560926387 0.015926509713457899 -0.0034419380994549133 -0.0027919517057359822
leaf_weight=3271 499 22 319 728 479 35 22 20 20 103 45 21 28 30 71 20 81 58 39 27 115 22 25 22 22 20 26 623 192 22
leaf_count=3271 499 22 319 728 479 35 22 20 20 103 45 21 28 30 71 20 81 58 39 27 115 22 25 22 22 20 26 623 192 22
internal_value=-0.0204803 -0.0448482 0.00100964 0.00260705 0.000261502 -0.000945252 -0.0072807 0.00128821 0.000356372 -0.000620503 -0.00104559 -0.00453488 -0.00859223 -0.0148276 -0.000803571 0.00115385 -0.000100755 0.000823928 -0.00225806 -0.00560606 3.54612e-05 -0.00207965 -0.00112745 -0.00514493 -0.00882979 0.000925926 0.00260837 0.00290047 -0.000610098 0.000201536
internal_weight=7027 3293 3734 1191 2543 1169 57 1374 463 1112 1009 215 103 58 112 91 794 443 124 66 705 226 204 69 47 135 669 643 713 521
internal_count=7027 3293 3734 1191 2543 1169 57 1374 463 1112 1009 215 103 58 112 91 794 443 124 66 705 226 204 69 47 135 669 643 713 521
is_linear=0
shrinkage=0.05


Tree=162
num_leaves=31
num_cat=0
split_feature=0 14 1 4 10 0 13 9 5 2 13 14 1 0 1 9 17 2 0 0 4 12 6 13 4 6 12 14 17 12
split_gain=1462.47 4.51509 1.51191 1.04832 0.881546 0.93878 1.37619 0.920506 0.809475 0.659155 1.88182 0.56409 0.919866 1.0371 0.900749 1.2524 1.03997 1.23938 1.16455 0.808131 0.745877 0.862147 2.29368 0.718085 0.707247 0.923328 0.907786 0.710178 0.848485 0.67056
threshold=3.5000000000000004 6.3656501350523191 566.10000000000014 2.8500000000000001 0.99164058729498161 851.50000000000011 0.99043557303666285 -0.99273952934267318 6.5000000000000009 195.50000000000003 0.98259053276556207 58.89713035714562 337.15000000000003 425.50000000000006 353.05000000000007 0.14153898451656996 31.27657349735799 274.50000000000006 631.50000000000011 844.50000000000011 15.950000000000001 126.92129392765953 13.500000000000002 0.98675438596491238 6.1500000000000012 35.500000000000007 124.74909930445283 20.388247613539264 26.027847350331562 251.86542133066112
decision_type=2 2 2 2 2 2 2 2 2 2 2 2 2 2 2 2 2 2 2 2 2 2 2 2 2 2 2 2 2 2
left_child=1 -1 8 -4 5 7 -7 9 -2 -5 -11 12 13 -10 15 -14 17 24 -19 29 21 22 -20 -23 25 26 -16 28 -26 -13
right_child=2 -3 3 4 -6 6 -8 -9 11 10 -12 19 14 -15 16 -17 -18 18 20 -21 -22 23 -24 -25 27 -27 -28 -29 -30 -31
leaf_value=0 -0.011965302914016263 0 -0.029595213100695683 0.017515805161314617 -0.009494857613709249 -0.011393988581233479 0.035701531298060966 0.15179296404670717 1.4233123242546833e-05 -0.061965584014773513 0.031642661456322101 0.05584847764779674 -0.019493942000873336 0.058559903211900091 0.0010894825489774951 -0.00096146471516478545 -0.0034853159243463288 -0.0085672116875491044 0.0011356846802752904 -0.012880857531543805 0.0083539291546119027 0.0029698401389062225 -0.034229421303937434 -0.001941190722871868 -0.0068364798651265575 0.02350317621863553 -0.010595373353963168 0.011926035561079892 0.0012719160671817978 9.1431786500524063e-05
leaf_weight=3271 26 22 31 26 37 24 60 615 1509 22 23 268 20 133 20 31 74 32 23 26 86 27 20 20 24 21 23 266 88 159
leaf_count=3271 26 22 31 26 37 24 60 615 1509 22 23 268 20 133 20 31 74 32 23 26 86 27 20 20 24 21 23 266 88 159
internal_value=-0.0205586 -0.0448482 0.000862346 0.0027327 0.00307931 0.00344156 -0.00154762 0.00405248 0.000321133 -0.00133803 -0.005 0.000400697 9.72282e-05 0.000767357 -0.00132258 -0.0077451 -0.000870166 -0.000230769 -0.00341346 0.00201987 -0.00181818 -0.005 -0.0101163 -0.000319149 0.00126697 -0.00359375 -0.0077907 0.00208995 -0.00125 0.00254098
internal_weight=7027 3293 3734 838 807 770 84 686 2896 71 45 2870 2417 1642 775 51 724 650 208 453 176 90 43 47 442 64 43 378 112 427
internal_count=7027 3293 3734 838 807 770 84 686 2896 71 45 2870 2417 1642 775 51 724 650 208 453 176 90 43 47 442 64 43 378 112 427
is_linear=0
shrinkage=0.05


Tree=163
num_leaves=31
num_cat=0
split_feature=0 14 10 18 4 0 10 0 0 14 12 10 2 0 3 12 6 4 4 4 1 10 1 0 2 1 4 0 4 10
split_gain=1457.34 4.51509 1.4651 1.5926 0.97754 1.53615 0.958668 0.943652 1.35434 1.2289 0.880038 1.56336 0.800014 1.14556 0.675606 0.864497 0.806906 0.815043 0.883469 1.02083 0.673497 0.821368 0.642857 0.741859 0.616702 0.598164 0.577974 0.553521 0.527609 0.501931
threshold=3.5000000000000004 6.3656501350523191 0.064506059999340642 44.760889355684235 6.3500000000000005 844.50000000000011 0.99164058729498161 746.50000000000011 659.50000000000011 37.382322533017664 122.75675273136339 -0.92260537345622995 267.50000000000006 714.50000000000011 34.350000000000001 93.022231945316278 25.500000000000004 10.15 16.450000000000003 13.250000000000002 346.25000000000006 0.91925191855388755 493.35000000000008 263.50000000000006 143.50000000000003 115.7 18.550000000000004 832.00000000000011 9.5500000000000025 -0.92260537345622995
decision_type=2 2 2 2 2 2 2 2 2 2 2 2 2 2 2 2 2 2 2 2 2 2 2 2 2 2 2 2 2 2
left_child=1 -1 4 20 5 -2 -5 8 9 14 11 -10 13 -12 -6 26 -17 -18 19 -19 25 22 23 -22 -11 -4 -16 -9 -25 -20
right_child=2 -3 3 6 7 -7 -8 27 10 24 12 -13 -14 -15 15 16 17 18 29 -21 21 -23 -24 28 -26 -27 -28 -29 -30 -31
leaf_value=0 -0.0010634098183973089 0 -4.0886904130467503e-05 0.19345585456462511 1.8853602937051676e-05 -0.020005745582177891 -0.0060163833810361412 0.054232382781291291 -0.00035982587667423573 -0.00036552258396801854 -0.028472574052636125 -0.02780426189826285 0.00031638389917318724 -0.00052983305918884486 -0.0068523771182186378 9.0493782970822145e-05 0.0032477582971803527 -0.0070242785404353225 -0.0022794875158777088 -0.0026913177062876741 -0.0024884503000751771 0.010228232619938431 -0.008286167992794323 -0.0021330213390393878 0.020230987930653185 0.006162686296075956 -0.00041546882628790095 -0.0043519954917005596 0.00079713184422095158 0.00042200992679294267
leaf_weight=3271 262 22 177 585 760 26 42 321 31 25 30 26 100 38 50 169 22 24 25 24 33 52 28 24 441 207 37 96 43 36
leaf_count=3271 262 22 177 585 760 26 42 321 31 25 30 26 100 38 50 169 22 24 25 24 33 52 28 24 441 207 37 96 43 36
internal_value=-0.0206013 -0.0448482 0.000782003 0.00222922 0.000104208 -0.00263889 0.00396332 0.000454546 -3.2644e-05 0.000474272 -0.00366667 -0.00903509 -0.00184524 -0.00602941 -0.000405405 -0.00210594 -0.000833333 -0.00377863 -0.00555046 -0.010625 0.000301419 -0.00222222 -0.004375 -0.0025 0.00263949 0.00148438 -0.00649425 0.00260192 0.000522388 -0.00155738
internal_weight=7027 3293 3734 1191 2543 288 627 2255 1838 1613 225 57 168 68 1147 387 300 131 109 48 564 180 128 100 466 384 87 417 67 61
internal_count=7027 3293 3734 1191 2543 288 627 2255 1838 1613 225 57 168 68 1147 387 300 131 109 48 564 180 128 100 466 384 87 417 67 61
is_linear=0
shrinkage=0.05


Tree=164
num_leaves=31
num_cat=0
split_feature=0 14 1 0 4 9 18 18 10 12 6 1 4 13 12 12 18 18 6 1 15 4 6 1 15 12 2 16 1 12
split_gain=1455.63 4.51509 1.4092 1.55774 1.48428 0.827483 0.878722 1.83115 0.826739 0.693154 1.52671 0.604919 1.43055 1.43421 1.2796 1.36816 1.17994 1.0775 1.03211 1.98933 1.1382 0.85842 0.945813 1.03052 0.704233 0.64372 0.679053 0.69076 0.639452 0.562542
threshold=3.5000000000000004 6.3656501350523191 523.75000000000011 844.50000000000011 6.4500000000000011 -0.99273952934267318 65.305404507008191 73.023598307963354 0.99164058729498161 244.33563455410859 26.500000000000004 337.15000000000003 12.250000000000002 0.33761941724385008 126.92129392765953 232.83416410264837 58.052380890461961 36.624599482033751 64.500000000000014 493.35000000000008 33.391968182246622 4.5500000000000007 20.500000000000004 411.15000000000003 56.166383372201864 102.4061476566044 275.50000000000006 21.215562330192437 366.65000000000003 263.68520860740017
decision_type=2 2 2 2 2 2 2 2 2 2 2 2 2 2 2 2 2 2 2 2 2 2 2 2 2 2 2 2 2 2
left_child=1 -1 11 5 -5 6 -4 -8 9 -7 -11 17 14 -14 18 -16 21 24 19 20 -13 -17 -23 -24 -2 26 27 -15 29 -27
right_child=2 -3 3 4 -6 8 7 -9 -10 10 -12 12 13 25 15 16 -18 -19 -20 -21 -22 22 23 -25 -26 28 -28 -29 -30 -31
leaf_value=0 2.2956755081992241e-05 0 0.43294610945247769 -0.023737520746815496 0.0016000824694455712 0.13523526508367173 -0.054622458765462345 0.0077212611277969502 -0.0057155642119842498 0.025145767586799518 -0.04588928363557615 -0.0090392844944749053 -0.0027801846799276287 0.0036186961968907531 0.014849631022070582 -0.0074065257604071901 -0.011478778582576834 0.089406142249477558 -0.018021782626145792 -0.0095598068117579375 0.0012108188124508633 0.0010556369696097764 -0.02751637721614102 0.0054045874010847095 -0.0092079807501141211 0.0038897132743120986 -0.0065978950117097082 -0.0031370050486542048 0.0057205999064211203 -0.004854459555077812
leaf_weight=3271 1512 22 30 32 95 711 24 27 42 62 20 25 20 58 100 22 27 136 20 27 70 58 22 20 28 26 40 20 440 20
leaf_count=3271 1512 22 30 32 95 711 24 27 42 62 20 25 20 58 100 22 27 136 20 27 70 58 22 20 28 26 40 20 440 20
internal_value=-0.0206155 -0.0448482 0.000755222 0.00231544 -0.00287402 0.00303493 -0.00179012 -0.00578431 0.00350299 0.00386507 -0.000487805 0.000150502 -0.000812808 0.000673077 -0.00318414 -0.0010241 -0.0040604 0.00073389 -0.00697183 -0.0052459 -0.00184211 -0.00196721 1.86265e-10 -0.00571429 0.000357143 0.00110927 -0.00220339 0.000512821 0.00191358 -0.00369565
internal_weight=7027 3293 3734 1043 127 916 81 51 835 793 82 2691 1015 624 391 249 149 1676 142 122 95 122 100 42 1540 604 118 78 486 46
internal_count=7027 3293 3734 1043 127 916 81 51 835 793 82 2691 1015 624 391 249 149 1676 142 122 95 122 100 42 1540 604 118 78 486 46
is_linear=0
shrinkage=0.05


Tree=165
num_leaves=31
num_cat=0
split_feature=0 14 1 4 10 0 13 0 18 0 6 14 1 1 13 17 2 16 15 6 2 3 4 14 15 13 2 3 1 1
split_gain=1455.63 4.51509 1.49276 1.35504 0.859622 1.00231 1.69377 0.672595 0.776744 1.49904 1.57038 0.904804 1.9452 0.853777 1.70672 0.794345 0.723885 0.82477 1.25274 1.18627 1.10946 1.09257 0.595238 0.580386 1.47692 0.547658 0.842961 0.747103 0.638556 0.613307
threshold=3.5000000000000004 6.3656501350523191 563.45000000000016 2.8500000000000001 0.99164058729498161 848.50000000000011 0.98489928961908391 841.00000000000011 63.083970723714408 684.50000000000011 81.500000000000014 23.974700135607073 493.35000000000008 85.800000000000026 0.38700020802995633 26.216152394423652 165.50000000000003 21.313206764098577 29.68263639145399 14.500000000000002 186.50000000000003 35.350000000000001 12.550000000000002 21.853369959338455 8.7747063781931871 0.42917335473515256 193.50000000000003 35.050000000000004 337.15000000000003 349.85000000000008
decision_type=2 2 2 2 2 2 2 2 2 2 2 2 2 2 2 2 2 2 2 2 2 2 2 2 2 2 2 2 2 2
left_child=1 -1 7 -4 5 -5 -7 8 9 11 15 12 16 14 -13 -11 23 18 19 -18 -19 -20 -12 -2 -25 26 28 -27 -15 -29
right_child=2 -3 3 4 -6 6 -8 -9 -10 10 22 13 -14 25 -16 -17 17 20 21 -21 -22 -23 -24 24 -26 27 -28 29 -30 -31
leaf_value=0 2.9330967269304446e-05 0 -0.025128036477468713 0.090109701624034408 -0.0084335173533730962 -0.0055575734776653167 0.020331967485117772 -0.011928618160467475 0.044367678353584739 0.00022701029795554165 -0.042962196331074808 0.00023455819891269767 -0.0075667681421053394 0.0012581612406581679 -0.012313507304329663 -0.026469210629801922 5.5488176990624842e-05 -0.010129586619060604 0.0015242296455458292 -0.011954379836851622 -0.00022815275290958442 -0.01090469356129874 -0.0014592361516125214 0.013433714276046208 -0.0017450026244572394 0.054575194426981256 -0.0032900355581581687 0.039847421395927451 -0.00092893381959393098 -3.2095795782870674e-05
leaf_weight=3271 1010 22 32 692 37 21 70 28 232 110 21 36 35 270 22 23 27 20 107 24 33 22 21 26 39 317 26 76 81 276
leaf_count=3271 1010 22 32 692 37 21 70 28 232 110 21 36 35 270 22 23 27 20 107 24 33 22 21 26 39 317 26 76 81 276
internal_value=-0.0206155 -0.0448482 0.000755222 0.0025939 0.0029878 0.00333972 -0.00159341 0.000211659 0.000287316 4.19529e-05 -0.00442857 0.000361668 -0.000510052 0.0014221 -0.00448276 -0.00176692 -0.000198777 -0.00272532 -0.00111111 -0.0077451 -0.00820755 0.00151163 -0.0128571 0.000348837 -0.00423077 0.00174952 0.000225464 0.00260837 0.000868946 0.00102273
internal_weight=7027 3293 3734 852 820 783 91 2882 2854 2622 175 2447 1343 1104 58 133 1308 233 180 51 53 129 42 1075 65 1046 377 669 351 352
internal_count=7027 3293 3734 852 820 783 91 2882 2854 2622 175 2447 1343 1104 58 133 1308 233 180 51 53 129 42 1075 65 1046 377 669 351 352
is_linear=0
shrinkage=0.05


Tree=166
num_leaves=31
num_cat=0
split_feature=0 14 18 0 0 2 15 0 13 4 1 12 10 12 3 9 4 6 1 10 1 12 10 0 10 14 18 4 13 15
split_gain=1455.63 4.51509 1.24412 1.1201 0.99916 0.825 0.673957 1.46768 2.0157 1.46745 1.17232 1.12072 1.48616 1.2196 1.3913 1.06667 1.00504 1.01642 0.988313 0.877745 0.79505 1.72142 0.847339 2.30201 0.667708 0.616315 0.611095 0.53451 0.529914 0.836486
threshold=3.5000000000000004 6.3656501350523191 72.46854156041698 841.00000000000011 874.50000000000011 320.50000000000006 41.553946077206227 656.50000000000011 0.92268313412340774 14.250000000000002 337.15000000000003 237.6535967907231 -0.59815875725621337 130.80481722504734 35.95000000000001 -0.99052327954040364 15.250000000000002 96.500000000000014 83.600000000000009 0.99164058729498161 493.35000000000008 155.36504239855961 -0.24284072672761489 442.50000000000006 -0.82389248692129191 75.479305012781609 60.20646328327836 7.0500000000000007 0.20866728854958086 10.659161368285444
decision_type=2 2 2 2 2 2 2 2 2 2 2 2 2 2 2 2 2 2 2 2 2 2 2 2 2 2 2 2 2 2
left_child=1 -1 3 6 -4 -5 10 18 9 11 27 13 -13 14 -9 -15 17 20 -8 24 22 -22 23 -12 -20 -6 -10 -2 29 -29
right_child=2 -3 4 5 25 -7 7 8 26 -11 16 12 -14 15 -16 -17 -18 -19 19 -21 21 -23 -24 -25 -26 -27 -28 28 -30 -31
leaf_value=0 0.00014831076118266485 0 0.1242595541781823 -0.023989932760932309 -0.0052645220555656829 -0.0045487264312658168 -0.0065636637532653468 -0.041016551807514783 -0.0033918291458052067 0.00014110796625310923 -0.019619287883896917 -0.00296377490600222 -0.052796000910951296 -0.041462555165917833 -0.0062390514492848331 0.025096392581417992 0.00053228358145457821 -0.012060624112638989 0.0005044064993807504 -0.13106357677335273 -0.010400863639124003 0.039111408132183348 0.00042452523932177987 8.122162904065081e-06 0.084719148685869605 0.036700008312765091 0.027959174304649559 1.1641044900457843e-07 0.00038574836394255919 -0.00075939169479551495
leaf_weight=3271 187 22 388 20 25 24 34 23 26 139 26 26 22 20 23 60 183 20 102 22 34 21 120 58 522 21 255 728 529 76
leaf_count=3271 187 22 388 20 25 24 34 23 26 139 26 26 22 20 23 60 183 20 102 22 34 21 120 58 522 21 255 728 529 76
internal_value=-0.0206155 -0.0448482 0.000755222 0.000424243 0.00327189 -0.0075 0.000531327 0.00142857 -0.000387205 -0.00314696 -4.54085e-05 -0.0062069 -0.0127083 -0.00373016 -0.0102174 1.86265e-10 -0.00225108 -0.00413978 0.00301471 0.00345201 -0.00330116 -0.00863636 -0.00186274 -0.00571429 0.00379808 -0.00369565 0.00268683 0.000625 0.000273819 -0.000534826
internal_weight=7027 3293 3734 3300 434 44 3256 1274 594 313 1982 174 48 126 46 80 462 279 680 646 259 55 204 84 624 46 281 1520 1333 804
internal_count=7027 3293 3734 3300 434 44 3256 1274 594 313 1982 174 48 126 46 80 462 279 680 646 259 55 204 84 624 46 281 1520 1333 804
is_linear=0
shrinkage=0.05


Tree=167
num_leaves=31
num_cat=0
split_feature=0 14 10 0 4 0 2 0 1 14 18 16 16 9 3 4 4 4 10 17 6 7 3 18 1 9 0 4 17 4
split_gain=1459.05 4.51509 1.19843 1.74131 0.925545 1.14561 1.5625 1.0686 1.15201 0.936055 1.2398 0.721122 0.815695 0.693894 0.720434 0.600161 0.588827 1.31055 0.733016 0.765042 0.675556 1.27727 0.61817 0.560912 0.750863 1.40303 1.68713 1.27773 0.75338 1.53068
threshold=3.5000000000000004 6.3656501350523191 0.25118075958286767 360.50000000000006 10.65 832.00000000000011 267.50000000000006 733.00000000000011 622.75000000000011 70.252800063637878 66.703049552382708 20.131208268767264 20.066732893185421 0.24284747324344283 10.750000000000002 8.2500000000000018 16.750000000000004 16.250000000000004 -0.97870382656940669 25.268654498422432 97.500000000000014 1.0000000180025095e-35 39.550000000000004 67.813711894215615 309.45000000000005 -0.81150899888343009 457.50000000000006 9.8500000000000032 26.115579434684069 7.1500000000000012
decision_type=2 2 2 2 2 2 2 2 2 2 2 2 2 2 2 2 2 2 2 2 2 2 2 2 2 2 2 2 2 2
left_child=1 -1 4 13 5 9 -7 8 11 23 -11 12 16 -4 -15 -16 17 18 -6 20 22 -22 -20 24 -2 -26 -27 28 -28 -30
right_child=2 -3 3 -5 7 6 -8 -9 -10 10 -12 -13 -14 14 15 -17 -18 -19 19 -21 21 -23 -24 -25 25 26 27 -29 29 -31
leaf_value=0 3.8247535940973392e-05 0 0.001303713417292935 0.2023149445206332 0.0014682256052204817 0.00046734376198905286 -0.023062036134568392 0.03783902333743161 -0.019870283797531862 -0.041175010654040139 0.010870183608663007 0.00020393317883318665 -0.0076490066113393098 -0.00075664058938421195 0.0013539325848765755 -0.00020758192741121993 0.00010303147930350757 -0.0025738004164956893 1.1059430987462299e-05 0.0013669332264906295 -0.0037714664727779307 6.0099808062939852e-05 -0.0027786503982572329 0.082898369665075022 0.0058134017373399609 -0.011058224629251854 0.00067587585797542187 -0.026712443517054318 -0.014357236289921686 0.014730096618466054
leaf_weight=3271 364 22 101 512 66 32 32 379 32 21 28 855 34 24 68 211 375 21 85 28 33 23 21 67 102 36 104 29 31 20
leaf_count=3271 364 22 101 512 66 32 32 379 32 21 28 855 34 24 68 211 375 21 85 28 33 23 21 67 102 36 104 29 31 20
internal_value=-0.020587 -0.0448482 0.000808784 0.00237991 0.000298084 -0.00106236 -0.0075 0.00090164 0.0003274 -0.000548628 -0.0072449 0.000522388 -0.000685131 -7.42572e-05 -0.00127063 -0.000555555 -0.000291411 -0.00203971 -0.00105469 -0.00263158 -0.00395062 -0.00839286 -0.00160377 -0.000112882 -0.000539358 -0.00229814 -0.00454545 -0.0026087 -0.000806451 -0.00578431
internal_weight=7027 3293 3734 916 2818 866 64 1952 1573 802 49 1541 686 404 303 279 652 277 256 190 162 56 106 753 686 322 220 184 155 51
internal_count=7027 3293 3734 916 2818 866 64 1952 1573 802 49 1541 686 404 303 279 652 277 256 190 162 56 106 753 686 322 220 184 155 51
is_linear=0
shrinkage=0.05


Tree=168
num_leaves=31
num_cat=0
split_feature=0 14 18 0 14 18 0 0 4 5 17 17 1 17 0 1 12 4 0 13 10 10 1 6 18 15 9 10 4 0
split_gain=1456.48 4.51509 1.23091 1.12439 0.962215 0.736777 1.79694 1.80232 1.16422 1.56299 0.870532 0.928959 0.770902 1.45578 1.47692 1.08279 0.820254 0.727865 0.711733 0.70656 0.696767 0.74852 0.603522 0.592829 0.552282 0.686881 0.545674 0.534066 0.491801 0.578676
threshold=3.5000000000000004 6.3656501350523191 72.46854156041698 841.00000000000011 67.019290782075657 43.531758511666247 656.50000000000011 755.50000000000011 13.950000000000001 14.500000000000002 27.048635318204788 24.22558966417655 337.15000000000003 31.27657349735799 310.50000000000006 353.05000000000007 128.98347140998789 6.1500000000000012 874.50000000000011 0.54348485220968457 0.99164058729498161 -0.86092912513210462 395.90000000000003 3.5000000000000004 36.624599482033751 56.166383372201864 -0.99466160899732459 -0.98208922706762081 10.250000000000002 788.50000000000011
decision_type=2 2 2 2 2 2 2 2 2 2 2 2 2 2 2 2 2 2 2 2 2 2 2 2 2 2 2 2 2 2
left_child=1 -1 3 5 -5 12 20 8 9 -8 11 -11 24 15 -15 -14 19 -18 26 -17 21 22 -7 -12 25 -2 -4 -10 29 -9
right_child=2 -3 18 4 -6 6 7 28 27 10 23 -13 13 14 -16 16 17 -19 -20 -21 -22 -23 -24 -25 -26 -27 -28 -29 -30 -31
leaf_value=0 2.7993235106676692e-05 0 -0.0067678092872913917 0.00080950651696454559 -0.019878183653960834 -0.003606977903987901 -0.041742747508881843 -0.010797297347091228 -0.0032786696403678504 -0.0012346303328979666 -0.034491960365317341 -0.01342921861553931 -0.010776412345489473 -0.00035852870979829164 -0.0084590384529522732 -0.00059394668728121732 -0.0085205543617718812 0.0112375970040037 -0.0052547573303596013 -0.0052278212179365765 -0.078783891479289811 0.082584698268035717 0.0055628323500093689 0.0077336693583059781 0.042579952118272008 -0.0078042155332182436 0.15041601231305779 0.00037657507081708395 0.076774610431089879 0.035537818313343794
leaf_weight=3271 1512 22 24 21 23 32 39 33 21 44 22 37 36 39 26 84 22 175 46 26 26 505 61 58 64 28 364 135 182 49
leaf_count=3271 1512 22 24 21 23 32 39 33 21 44 22 37 36 39 26 84 22 175 46 26 26 505 61 58 64 28 364 135 182 49
internal_value=-0.0206084 -0.0448482 0.000768613 0.000439394 -0.0075 0.000546683 0.00150322 -0.000403226 -0.00272472 -0.00525 -0.00307453 -0.00672839 -4.47314e-05 -0.00198529 -0.00884615 -0.000685131 0.000276873 0.00220812 0.00327189 -0.00318182 0.00339744 0.00374582 -0.000376344 0.000625 0.000448878 0.00025974 0.00396907 0.000512821 0.00272727 -0.000487805
internal_weight=7027 3293 3734 3300 44 3256 1244 620 356 200 161 81 2012 408 65 343 307 197 434 110 624 598 93 80 1604 1540 388 156 264 82
internal_count=7027 3293 3734 3300 44 3256 1244 620 356 200 161 81 2012 408 65 343 307 197 434 110 624 598 93 80 1604 1540 388 156 264 82
is_linear=0
shrinkage=0.05


Tree=169
num_leaves=31
num_cat=0
split_feature=0 14 18 4 0 13 9 18 18 13 17 11 18 11 3 4 1 16 9 12 6 1 0 1 10 16 10 3 6 4
split_gain=1458.19 4.51509 1.31941 0.750769 1.60533 1.97035 2.07664 1.52497 1.04514 0.792388 1.01328 1.06202 0.733623 0.770688 0.720203 0.622775 0.744326 1.13872 0.895952 0.717777 0.960784 0.655053 0.579882 0.577361 0.576728 0.576314 0.572634 0.55793 0.888975 0.695388
threshold=3.5000000000000004 6.3656501350523191 72.46854156041698 13.950000000000001 684.50000000000011 0.80782637822954984 -0.99052327954040364 48.768035209784166 66.703049552382708 0.54682486631016058 31.377959158067679 13.584800565826358 65.305404507008191 70.447334236935475 19.250000000000004 12.850000000000003 337.15000000000003 18.164872097093063 0.85206963063867758 102.4061476566044 34.500000000000007 172.25000000000003 848.50000000000011 450.65000000000003 -0.97502841500522164 19.980030443901093 0.99164058729498161 29.250000000000004 36.500000000000007 25.850000000000005
decision_type=2 2 2 2 2 2 2 2 2 2 2 2 2 2 2 2 2 2 2 2 2 2 2 2 2 2 2 2 2 2
left_child=1 -1 3 4 7 -6 -7 15 12 10 14 -12 13 25 -5 16 21 -18 -19 -17 -21 24 -10 -20 -2 -8 -9 -16 29 -29
right_child=2 -3 -4 9 5 6 8 26 22 -11 11 -13 -14 -15 27 19 17 18 23 20 -22 -23 -24 -25 -26 -27 -28 28 -30 -31
leaf_value=0 0.0012114047593766322 0 0.065498399738105381 -0.00095826806278714578 -0.044006111173493567 -0.05186491733637523 -0.013822031946986042 0.052131346195269095 0.079224350710400571 0.012866385681902199 0.00060309271851005479 -0.0022129992711638919 -0.033553990476121641 0.011262120729375123 0.00063286516052656516 0.00036599755552024684 -0.010550382281843728 0.00026681053449800589 0.0010615434940268427 -0.00016407159015000792 -0.0022412113074271765 0.0062913204990350767 -0.011133805312700921 -0.0063186233062265829 -1.7052530448764786e-05 0.00025792148676152609 -0.0050418859097389928 0.00015776809883582911 -0.00030049300356320695 -0.00036191008464836103
leaf_weight=3271 48 22 434 23 25 23 37 304 88 701 20 32 28 55 150 46 22 170 21 68 34 244 20 40 451 28 21 329 220 52
leaf_count=3271 48 22 434 23 25 23 37 304 88 701 20 32 28 55 150 46 22 170 21 68 34 244 20 40 451 28 21 329 220 52
internal_value=-0.0205941 -0.0448482 0.000795394 0.000454546 -0.000245347 -0.00355263 -0.00234767 0.000439074 -0.00105469 0.00126719 0.000217918 -0.00653846 -0.00378378 -0.00208333 0.000671835 -0.00041958 3.01207e-05 -0.00231225 -0.00127706 -0.00344595 -0.00578431 0.000827726 0.00268519 -0.00647541 -0.000210421 -0.00576923 0.00346154 0.000938749 0.000257904 0.00171916
internal_weight=7027 3293 3734 3300 1773 304 279 1469 256 1527 826 52 148 120 774 1144 996 253 231 148 102 743 108 61 499 65 325 751 601 381
internal_count=7027 3293 3734 3300 1773 304 279 1469 256 1527 826 52 148 120 774 1144 996 253 231 148 102 743 108 61 499 65 325 751 601 381
is_linear=0
shrinkage=0.05


Tree=170
num_leaves=31
num_cat=0
split_feature=0 14 1 0 9 16 15 10 0 18 0 0 18 1 1 17 17 1 15 0 18 15 18 4 14 18 14 6 5 2
split_gain=1439.43 4.51509 1.61583 1.34042 1.15359 1.13719 1.05997 1.01122 0.982401 0.949469 2.51226 1.54432 1.30362 1.19481 0.723438 1.38108 1.14885 1.11502 1.0651 1.0304 0.868803 0.658442 0.628639 0.718237 0.612745 1.4945 0.957706 0.669643 0.564621 0.551351
threshold=3.5000000000000004 6.3656501350523191 566.10000000000014 874.50000000000011 -0.99273952934267318 23.08948345406899 70.548486108421613 0.99164058729498161 836.50000000000011 63.083970723714408 656.50000000000011 755.50000000000011 49.155500928146814 493.35000000000008 337.15000000000003 31.27657349735799 27.817878421766128 466.4500000000001 29.68263639145399 310.50000000000006 36.624599482033751 56.166383372201864 37.199530931578501 24.150000000000002 61.087352090251343 56.356832226219304 48.494534078851459 24.500000000000004 14.500000000000002 193.50000000000003
decision_type=2 2 2 2 2 2 2 2 2 2 2 2 2 2 2 2 2 2 2 2 2 2 2 2 2 2 2 2 2 2
left_child=1 -1 8 4 6 -5 -4 28 9 10 12 13 14 24 20 16 17 18 -16 -17 21 -2 -20 -24 25 -12 27 -27 29 -6
right_child=2 -3 3 5 7 -7 -8 -9 -10 -11 11 -13 -14 -15 15 19 -18 -19 22 -21 -22 -23 23 -25 -26 26 -28 -29 -30 -31
leaf_value=0 1.477416270089495e-05 0 0.0016847583031923262 0.025114304058039029 0.14717202402662816 -0.020135491735864045 -0.027640375681616869 -0.032673875723750294 -0.010864381246687581 0.041423847722056657 -0.0081010008809778017 0.016938114592834175 0.050387561544747828 -0.026052614427430284 -0.0089473724181528044 -0.00029007493926565557 0.0014148742494088874 -0.01026401559629477 -0.016250192149449415 -0.0090082526710857282 0.055736509133396728 -0.0074032317129055772 0.0016485876590553628 -0.0037518904757643523 -0.00054600753816036191 0.0094166978913007866 -0.0046967593391474168 -0.01531812104583663 0.14538702330331185 -0.012107381004633218
leaf_weight=3271 1512 22 41 29 51 25 35 37 33 235 20 49 241 31 28 39 193 21 34 33 96 28 128 25 68 27 34 21 546 74
leaf_count=3271 1512 22 41 29 51 25 35 37 33 235 20 49 241 31 28 39 193 21 34 33 96 28 128 25 68 27 34 21 546 74
internal_value=-0.0207507 -0.0448482 0.000500804 0.00243437 0.00295918 -0.00518518 -0.00289474 0.00358757 -5.87015e-05 4.01678e-05 -0.000232115 -0.005 0.000269134 -0.0069403 -0.000124005 -0.00178643 -0.000710956 -0.00305085 -0.00197674 -0.00819444 0.000385086 9.74028e-05 -0.000614973 0.000751634 -0.00529412 -0.0077451 -0.0047561 -0.000208333 0.0040313 0.001
internal_weight=7027 3293 3734 838 784 54 76 708 2896 2863 2628 250 2378 201 2137 501 429 236 215 72 1636 1540 187 153 170 102 82 48 671 125
internal_count=7027 3293 3734 838 784 54 76 708 2896 2863 2628 250 2378 201 2137 501 429 236 215 72 1636 1540 187 153 170 102 82 48 671 125
is_linear=0
shrinkage=0.05


Tree=171
num_leaves=31
num_cat=0
split_feature=0 14 1 0 4 9 15 4 0 18 1 17 11 3 0 12 10 2 9 18 0 13 2 11 0 18 16 15 14 4
split_gain=1449.65 4.51509 1.49314 1.52909 1.48428 1.03174 1.16632 0.616155 0.924348 0.791659 1.26211 0.750237 0.64799 0.713246 0.608439 0.590348 0.637415 0.581151 0.954931 0.540252 0.495423 0.48583 0.477148 0.573446 1.18303 1.02347 0.656671 0.599581 0.515559 0.446684
threshold=3.5000000000000004 6.3656501350523191 523.75000000000011 844.50000000000011 6.4500000000000011 -0.99273952934267318 70.548486108421613 13.950000000000001 621.50000000000011 48.768035209784166 493.35000000000008 31.254695393367452 70.447334236935475 35.95000000000001 248.50000000000003 249.27822369949533 0.99164058729498161 306.50000000000006 0.021515898191483886 63.083970723714408 804.50000000000011 0.99043557303666285 286.50000000000006 29.15301971557663 344.50000000000006 24.407514054846292 18.382174141969674 33.819010176970927 54.115995644160165 13.350000000000003
decision_type=2 2 2 2 2 2 2 2 2 2 2 2 2 2 2 2 2 2 2 2 2 2 2 2 2 2 2 2 2 2
left_child=1 -1 7 5 -5 6 -4 8 9 10 22 19 13 -10 -13 16 -7 18 -15 -9 -14 -6 23 -2 25 26 -25 -26 -29 -17
right_child=2 -3 3 4 21 15 -8 11 12 -11 -12 14 20 17 -16 29 -18 -19 -20 -21 -22 -23 -24 24 27 -27 -28 28 -30 -31
leaf_value=0 2.1665301909259718e-05 0 0.0018783181001932985 -0.025287074000671234 -0.0091362830984410368 0.10727633545224063 -0.026258356897536184 7.1426854076298254e-05 -0.031395286977140877 0.088088306045972523 -0.008557840037531364 7.7382836919687617e-05 0.009679802828369017 0.000284326507695901 -0.0017093811204655996 -0.025592325233682919 -0.02444032931656925 0.0003863532830543396 -0.009383124498717527 0.075405321913728909 -0.01884499494945098 0.022923916829940345 0.060431915365659977 -0.00061833221164481374 -0.012040101952369152 -0.0075700929550080792 6.4592244024703176e-05 0.0050222160695709162 -0.019447978107050644 0.018384391306485993
leaf_weight=3271 793 22 46 32 30 740 35 1167 20 69 33 32 53 26 31 20 42 34 29 104 21 65 42 22 37 20 32 101 25 33
leaf_count=3271 793 22 46 32 30 740 35 1167 20 69 33 32 53 26 31 20 42 34 29 104 21 65 42 22 37 20 32 101 25 33
internal_value=-0.0206653 -0.0448482 0.000661489 0.0022675 -0.00287402 0.00298035 -0.00240741 3.90191e-05 -0.000711127 -0.000195911 -0.000520362 0.000802099 -0.00401639 -0.00646789 -0.00452381 0.00350299 0.0038491 -0.00455056 -0.00772727 0.00106609 -0.000405405 0.000263158 -0.00022388 -0.000436893 -0.00259494 -0.00783784 -0.00425926 -0.000214724 0.00142857 -0.00160377
internal_weight=7027 3293 3734 1043 127 916 81 2691 1357 1174 1105 1334 183 109 63 835 782 89 55 1271 74 95 1072 1030 237 74 54 163 126 53
internal_count=7027 3293 3734 1043 127 916 81 2691 1357 1174 1105 1334 183 109 63 835 782 89 55 1271 74 95 1072 1030 237 74 54 163 126 53
is_linear=0
shrinkage=0.05


Tree=172
num_leaves=31
num_cat=0
split_feature=0 14 1 10 16 0 0 0 10 0 0 18 4 14 18 6 6 9 4 9 15 0 18 4 1 0 2 12 17 6
split_gain=1449.65 4.51509 1.35843 1.03557 1.49482 1.24261 1.31602 0.872331 0.818494 0.79828 1.181 1.35349 0.919951 0.824646 0.996806 0.877635 0.717715 0.700606 0.687237 0.637029 0.644995 0.786835 0.614695 0.653069 0.579375 1.11317 1.80795 1.03312 1.15215 0.709051
threshold=3.5000000000000004 6.3656501350523191 566.10000000000014 0.16704543776228128 23.08948345406899 851.50000000000011 733.00000000000011 841.00000000000011 0.99164058729498161 770.50000000000011 656.50000000000011 49.155500928146814 15.750000000000002 52.455645900048559 62.39958509789053 15.500000000000002 81.500000000000014 0.073094453017891456 19.650000000000002 -0.99273952934267318 63.962514483605197 777.50000000000011 63.083970723714408 23.650000000000002 318.25000000000006 340.50000000000006 222.50000000000003 126.92129392765953 23.587619580276556 40.500000000000007
decision_type=2 2 2 2 2 2 2 2 2 2 2 2 2 2 2 2 2 2 2 2 2 2 2 2 2 2 2 2 2 2
left_child=1 -1 7 4 19 6 -6 9 -5 10 11 24 13 15 16 -12 17 -15 -14 20 -4 -22 23 -20 25 26 -2 28 -26 -30
right_child=2 -3 3 8 5 -7 -8 -9 -10 -11 12 -13 18 14 -16 -17 -18 -19 22 -21 21 -23 -24 -25 27 -27 -28 -29 29 -31
leaf_value=0 1.6611300798195343e-05 0 0.15814059222769533 0.19412575502638285 -0.010640882834574409 -0.025247538486053545 0.039144694413046022 -0.011664816642116186 -0.029818165471734239 0.03910891077010991 -0.0013765813149037162 0.048838510203927904 0.0096871198131769504 0.0012057383219689752 0.023927518845273648 -0.035347695399870899 -0.0357055729484703 -0.0018147471444762955 -0.0090575287128605575 0.048588423948105551 -0.052114024666031114 0.040693720054325977 0.071924623687045455 0.002417094390510242 -0.0094729152443437832 0.038265894852955271 -0.0064302695090053394 0.00038525720271816047 -0.0012969897073820801 -0.010496222457379106
leaf_weight=3271 1322 22 25 424 28 30 38 30 37 187 22 255 45 25 27 24 21 30 39 205 30 21 21 33 23 197 38 345 177 35
leaf_count=3271 1322 22 25 424 28 30 38 30 37 187 22 255 45 25 27 24 21 30 39 205 30 21 21 33 23 197 38 345 177 35
internal_value=-0.0206653 -0.0448482 0.000661489 0.00243437 0.000490716 -0.00489583 -0.00106061 0.000148481 0.00402386 0.000237265 1.67975e-05 0.000380435 -0.00301394 -0.00573825 -0.00325243 -0.0113043 -0.00618421 -0.00318182 -7.24636e-05 0.00233096 -0.00157895 -0.00480392 -0.00252688 -0.00472222 -3.04163e-05 0.000472062 -3.67645e-05 -0.00137931 -0.00393617 -0.00278302
internal_weight=7027 3293 3734 838 377 96 66 2896 461 2866 2679 2392 287 149 103 46 76 55 138 281 76 51 93 72 2137 1557 1360 580 235 212
internal_count=7027 3293 3734 838 377 96 66 2896 461 2866 2679 2392 287 149 103 46 76 55 138 281 76 51 93 72 2137 1557 1360 580 235 212
is_linear=0
shrinkage=0.05


Tree=173
num_leaves=31
num_cat=0
split_feature=0 14 1 0 9 5 18 0 14 2 0 10 12 4 0 16 0 15 18 1 0 12 3 18 0 1 16 0 4 1
split_gain=1453.06 4.51509 1.3678 1.04262 0.970827 1.04703 0.928793 1.33361 0.911335 0.905127 1.8544 0.796629 0.684867 0.935109 0.638192 1.04291 0.597644 1.12593 0.887132 1.04094 0.758199 0.558308 1.30679 0.502768 0.437776 1.19692 0.827546 0.902699 1.15714 0.473424
threshold=3.5000000000000004 6.3656501350523191 566.10000000000014 836.50000000000011 -0.99273952934267318 14.500000000000002 65.305404507008191 726.50000000000011 58.89713035714562 193.50000000000003 733.00000000000011 0.99164058729498161 256.72996899572246 13.350000000000003 848.50000000000011 23.451541165934717 656.50000000000011 53.316690557036331 52.418041017714494 508.80000000000001 611.50000000000011 128.98347140998789 35.95000000000001 45.511762128286534 112.50000000000001 16.850000000000005 24.504505257165054 136.50000000000003 15.050000000000002 140.00000000000003
decision_type=2 2 2 2 2 2 2 2 2 2 2 2 2 2 2 2 2 2 2 2 2 2 2 2 2 2 2 2 2 2
left_child=1 -1 3 8 6 9 -4 -8 16 -6 -11 -7 -10 -14 -12 -16 18 -18 19 20 23 22 -19 24 29 -26 27 28 -27 -2
right_child=2 -3 4 -5 5 11 7 -9 12 10 14 -13 13 -15 15 -17 17 21 -20 -21 -22 -23 -24 -25 25 26 -28 -29 -30 -31
leaf_value=0 2.210290946367423e-05 0 0.42917433380472814 -0.010328384552125605 0.13314492290374436 0.1205336567943852 -0.048585980812851259 0.0012234374471782651 0.031267871109615222 -0.045352353614426362 0.034931138799966809 -0.028327257198147326 -0.021817024794297809 0.001338097885979702 0.0016465155264599512 -0.026309346101595535 -0.021253112614042415 -0.03029575555940138 0.066179255848733617 -0.0045930277257331528 -0.015974281807486609 0.0012616693244492301 -0.00032157344769379541 0.021726549335261112 -0.004070023740894534 -0.0069592399679560303 -0.0035769613934559102 7.3129123293328059e-05 6.6665961363389367e-05 0.013828188706565403
leaf_weight=3271 683 22 25 33 51 562 21 30 306 21 38 37 24 98 33 20 30 20 127 22 26 71 65 87 24 35 24 1121 35 65
leaf_count=3271 683 22 25 33 51 562 21 30 306 21 38 37 24 98 33 20 30 20 127 22 26 71 65 87 24 35 24 1121 35 65
internal_value=-0.0206368 -0.0448482 0.000715051 0.000200276 0.00249403 0.0030315 -0.00289474 -0.00676471 0.000302131 -0.000521472 -0.00303571 0.00399833 0.00242991 -0.000737705 5.49452e-05 -0.00349057 -7.18684e-05 -0.0027957 0.000153402 -8.9538e-05 2.38097e-05 -0.00108974 -0.00382353 0.000130183 -3.27124e-05 -0.000609362 -0.000390946 -0.000205709 -0.00571429 0.00092246
internal_weight=7027 3293 3734 2896 838 762 76 51 2863 163 112 599 428 122 91 53 2435 186 2249 2122 2100 156 85 2074 1987 1239 1215 1191 70 748
internal_count=7027 3293 3734 2896 838 762 76 51 2863 163 112 599 428 122 91 53 2435 186 2249 2122 2100 156 85 2074 1987 1239 1215 1191 70 748
is_linear=0
shrinkage=0.05


Tree=174
num_leaves=31
num_cat=0
split_feature=0 14 10 18 4 9 1 0 0 11 0 0 6 14 11 0 13 5 9 4 9 7 4 4 16 4 17 17 1 11
split_gain=1449.65 4.51509 1.43367 1.73769 1.62092 1.72919 1.81891 1.71934 2.10516 1.20739 0.954758 1.17976 0.966857 1.20376 1.18519 0.935645 0.8926 0.81542 0.808094 0.708399 0.704578 1.24754 0.728967 0.613946 0.579767 0.543187 0.542584 0.625993 0.649324 0.705303
threshold=3.5000000000000004 6.3656501350523191 0.25118075958286767 43.531758511666247 10.65 0.34156760613242348 383.45000000000005 750.50000000000011 654.50000000000011 69.711898203935974 755.50000000000011 659.50000000000011 5.5000000000000009 63.052656702654843 57.225135800768676 483.00000000000006 0.57876588263498585 14.500000000000002 0.38962684145003695 14.450000000000001 -0.99273952934267318 -0.5 10.250000000000002 12.750000000000002 23.65825529827951 11.450000000000001 24.22558966417655 20.974846503015574 10.450000000000001 15.292876761204198
decision_type=2 2 2 2 2 2 2 2 2 2 2 2 2 2 2 2 2 2 2 2 2 2 2 2 2 2 2 2 2 2
left_child=1 -1 4 -4 5 20 18 8 16 24 11 15 13 14 -13 25 -8 -11 -7 23 21 -2 -22 -14 -9 -6 27 -27 -29 -30
right_child=2 -3 3 -5 10 6 7 9 -10 17 -12 12 19 -15 -16 -17 -18 -19 -20 -21 22 -23 -24 -25 -26 26 -28 28 29 -31
leaf_value=0 0.017664509419240089 0 1.0095123175615199e-05 0.18720827770708398 0.0010840264606807469 -0.00059536623572508957 -0.0087105221118257709 0.023911741011509991 -0.042546678440164992 -0.0058815768469277366 0.053654296949352837 -0.034990894009859323 0.00019153515372467497 0.00085810663384087299 -0.0014934590830829337 0.0208019853824618 -0.0058524141656639264 -0.030506554636255064 4.2556977682936648e-05 0.0012744521433867683 9.2501407135044198e-05 -0.034548646740051099 -0.003818706525119047 -0.0034155306340620355 -0.033805284986984034 7.2603233079841515e-05 4.0307221516207204e-05 -0.002858852779233033 0.00011001203293842185 -0.0021599963342465883
leaf_weight=3271 25 22 422 494 57 20 20 45 32 23 316 27 28 33 27 325 31 20 151 91 417 29 30 21 23 109 770 20 33 95
leaf_count=3271 25 22 422 494 57 20 20 45 32 23 316 27 28 33 27 325 31 20 151 91 417 29 30 21 23 109 770 20 33 95
internal_value=-0.0206653 -0.0448482 0.000661489 0.00237991 0.00010291 -0.00169746 -0.00431507 -0.00762887 -0.0130723 -0.00355856 0.00090164 0.000415648 -0.00292952 -0.00706897 -0.0116667 0.000954578 -0.00676471 -0.0101163 -0.000555555 -0.000357143 0.000209581 -0.00518518 0.000861298 -0.00520408 0.000588235 0.000249078 -1.46055e-05 -0.00200389 -0.00412162 -0.0028125
internal_weight=7027 3293 3734 916 2818 866 365 194 83 111 1952 1636 227 87 54 1409 51 43 171 140 501 54 447 49 68 1084 1027 257 148 128
internal_count=7027 3293 3734 916 2818 866 365 194 83 111 1952 1636 227 87 54 1409 51 43 171 140 501 54 447 49 68 1084 1027 257 148 128
is_linear=0
shrinkage=0.05


Tree=175
num_leaves=31
num_cat=0
split_feature=0 14 10 4 16 9 18 4 9 0 0 6 14 0 12 14 6 1 18 0 0 0 10 4 1 15 7 1 4 12
split_gain=1453.06 4.51509 1.11552 1.40729 1.44749 2.31081 1.33648 1.15112 0.862707 0.817567 0.971104 0.854111 1.18379 0.817807 0.740972 1.58758 1.45861 0.738816 0.703492 0.689655 0.665793 0.823449 0.635313 0.634078 0.611569 0.555344 0.595615 0.762624 0.550758 1.3195
threshold=3.5000000000000004 6.3656501350523191 0.38167508216062856 10.65 22.986046761215718 0.94417876540878176 38.056245951747449 7.6500000000000012 0.12447811117596704 755.50000000000011 656.50000000000011 2.5000000000000004 64.548633676675948 498.50000000000006 128.98347140998789 2.4779778214078374 81.500000000000014 497.00000000000006 62.222568649603481 457.50000000000006 207.50000000000003 263.50000000000006 0.12447926388678894 17.750000000000004 245.00000000000003 37.566963794938736 0.60355339059327384 472.45000000000005 8.2500000000000018 220.82723270856613
decision_type=2 2 2 2 2 2 2 2 2 2 2 2 2 2 2 2 2 2 2 2 2 2 2 2 2 2 2 2 2 2
left_child=1 -1 3 4 14 7 20 -6 19 10 13 12 23 25 15 -2 17 24 -13 -8 -4 -22 -7 -12 -17 -5 -27 -28 29 -24
right_child=2 -3 6 9 5 22 8 -9 -10 -11 11 18 -14 -15 -16 16 -18 -19 -20 -21 21 -23 28 -25 -26 26 27 -29 -30 -31
leaf_value=0 4.2840521671642844e-05 0 0.00010957154132347443 7.150715019691898e-05 -0.027913268460539049 0.0029407779774597328 0.11065215613313342 -0.0046964838276238969 0.20789420284189175 0.052649324942127332 -0.040685207906312582 -0.00050319078791059531 0.0032429812102674339 0.024908082918236551 0.00010336141435722182 -0.00079826402253264928 -0.024620832461083663 -0.0097837221766664522 0.018414288678539118 -0.063697538297733447 -0.0029298486568572648 0.00062916858415740999 0.0047819609516441394 -0.0027592605735223766 0.00068308857418233882 -5.4906325360748183e-05 -0.0065314228102960926 0.0044131641302249348 0.00012448327153058414 -0.01692844449692504
leaf_weight=3271 109 22 224 986 21 37 20 27 409 327 23 93 24 307 514 21 29 29 70 29 33 43 27 36 93 98 25 26 34 20
leaf_count=3271 109 22 224 986 21 37 20 27 409 327 23 93 24 307 514 21 29 29 70 29 33 43 27 36 93 98 25 26 34 20
internal_value=-0.0206368 -0.0448482 0.000715051 0.000278898 -0.00129553 -0.00554217 0.00242744 -0.0147917 0.00412664 0.00102978 0.000586493 -0.00231707 -0.00644578 0.00108183 -0.000408805 -0.00247331 -0.00546512 -0.00339161 -0.000214724 -0.00214286 -0.000166666 -0.00421053 -0.00177966 -0.0102542 -0.00157895 0.000462555 -0.00238255 -0.00676471 -0.00425926 -0.00776596
internal_weight=7027 3293 3734 2976 961 166 758 48 458 2015 1688 246 83 1442 795 281 172 143 163 49 300 76 118 59 114 1135 149 51 81 47
internal_count=7027 3293 3734 2976 961 166 758 48 458 2015 1688 246 83 1442 795 281 172 143 163 49 300 76 118 59 114 1135 149 51 81 47
is_linear=0
shrinkage=0.05


Tree=176
num_leaves=31
num_cat=0
split_feature=0 14 18 0 9 0 2 18 9 10 4 13 16 0 18 0 0 18 12 2 1 15 12 1 12 1 4 0 13 15
split_gain=1459.05 4.51509 0.984801 1.50113 1.61766 1.4906 2.27116 2.02207 1.41648 1.39163 1.14099 0.955041 1.32964 0.89966 0.818182 0.816635 0.829827 0.804911 0.61534 1.36481 0.609742 1.13038 0.987662 0.590667 1.44581 1.84666 1.07218 0.809249 0.722612 0.636742
threshold=3.5000000000000004 6.3656501350523191 66.703049552382708 844.50000000000011 -0.99273952934267318 659.50000000000011 277.50000000000006 49.155500928146814 -0.67441863684527448 0.99370977118463066 10.950000000000001 0.99365302300695568 23.13369436423816 777.50000000000011 64.999952126305075 815.50000000000011 770.50000000000011 74.811412097399256 105.97532364483261 275.50000000000006 463.85000000000008 55.740996584561479 245.82318366523478 318.25000000000006 126.92129392765953 493.35000000000008 23.150000000000002 407.50000000000006 0.60619802878730333 33.819010176970927
decision_type=2 2 2 2 2 2 2 2 2 2 2 2 2 2 2 2 2 2 2 2 2 2 2 2 2 2 2 2 2 2
left_child=1 -1 5 4 13 7 8 23 14 -6 -10 12 -5 -4 -7 16 20 -13 19 -9 -8 -22 -23 27 25 26 29 28 -2 -25
right_child=2 -3 3 11 9 6 15 18 10 -11 -12 17 -14 -15 -16 -17 -18 -19 -20 -21 21 22 -24 24 -26 -27 -28 -29 -30 -31
leaf_value=0 3.0705089363610016e-05 0 -0.045139903985313014 0.0015853406395911135 0.11707768135442004 0.019355944216741489 0.00025633883346576082 0.013959977004627137 -0.042198200178225065 -0.036262634255321925 -0.020949465510351192 -0.011606305533916936 -0.031103587712733617 0.040320126235803111 -0.026182853678038406 -0.024546456240356906 0.035442670032263084 0.019786186745910154 0.11380567584787415 -0.020761952440855876 0.00073899034528608762 -0.003327808747386936 -0.0028165505955691319 -0.0032643002063340088 0.00048971378843901537 -0.0096355385654657809 -0.0057269635979841985 0.065642173481701996 -0.0078008636544001451 0.00046218473449170474
leaf_weight=3271 1424 22 28 22 528 22 130 41 24 24 38 26 23 21 22 20 90 56 354 23 21 35 20 66 374 32 27 105 28 110
leaf_count=3271 1424 22 28 22 528 22 130 41 24 24 38 26 23 21 22 20 90 56 354 23 21 35 20 66 374 32 27 105 28 110
internal_value=-0.020587 -0.0448482 0.000808784 0.00245879 0.0035025 0.000409182 -0.00234597 0.000859133 -0.00867924 0.00427536 -0.0135484 -0.00248031 -0.00833333 -0.00520408 -0.00181818 -0.000221519 0.000439189 0.000731707 0.00404306 -0.00046875 -0.00131068 -0.00486842 -0.00863636 0.000244691 -0.00107553 -0.00414894 -0.00238916 0.000761079 0.000454546 -0.000965909
internal_weight=7027 3293 3734 728 601 3006 422 2584 106 552 62 127 45 49 44 316 296 82 418 64 206 76 55 2166 609 235 203 1557 1452 176
internal_count=7027 3293 3734 728 601 3006 422 2584 106 552 62 127 45 49 44 316 296 82 418 64 206 76 55 2166 609 235 203 1557 1452 176
is_linear=0
shrinkage=0.05


Tree=177
num_leaves=31
num_cat=0
split_feature=0 14 18 0 11 18 4 0 4 3 4 9 10 13 16 1 1 12 1 4 0 15 4 11 18 0 14 4 17 12
split_gain=1464.19 4.51509 1.32385 1.36401 2.21452 2.0029 1.47669 1.24337 1.06376 1.56822 1.05 1.02051 0.960474 0.852323 1.01467 0.827105 0.611503 1.44581 1.84666 1.07218 0.797034 0.636742 1.37387 0.582323 0.562518 1.02004 0.715789 0.753931 0.55102 0.523794
threshold=3.5000000000000004 6.3656501350523191 66.703049552382708 654.50000000000011 52.005368904640719 49.155500928146814 13.050000000000002 844.50000000000011 11.350000000000003 35.550000000000004 9.8500000000000032 -0.99273952934267318 0.99370977118463066 0.99365302300695568 23.13369436423816 577.70000000000016 318.25000000000006 126.92129392765953 493.35000000000008 23.150000000000002 407.50000000000006 33.819010176970927 9.9500000000000011 54.689586713636793 37.199530931578501 542.50000000000011 54.115995644160165 22.050000000000004 28.463231662002215 102.4061476566044
decision_type=2 2 2 2 2 2 2 2 2 2 2 2 2 2 2 2 2 2 2 2 2 2 2 2 2 2 2 2 2 2
left_child=1 -1 3 5 6 16 -5 11 9 -6 -11 28 -13 14 -9 -15 20 18 19 21 23 22 -18 -2 26 -26 27 -19 -4 -10
right_child=2 -3 7 4 8 -7 -8 13 29 10 -12 12 -14 15 -16 -17 17 24 -20 -21 -22 -23 -24 -25 25 -27 -28 -29 -30 -31
leaf_value=0 3.1779807316487006e-05 0 -0.040115881376499359 -0.039205697187428473 -0.042469243569118298 0.066203732658529288 -0.0021350867389083538 0.001506073607611445 -0.0057064385941934985 0.00096936596862352311 -0.0046621769423745322 0.11122379728669921 -0.034449502542555792 -0.01686148714110678 -0.029548408327096855 0.018770801333884774 -0.0090871595258004197 0.0003494067430341491 -0.0091537616371923335 -0.0054406154180848786 0.062360064807616883 0.00043907549776695491 0.00059595132229607302 -0.0089329970270276959 0.055743772173635256 -0.012767099973341032 -0.014861951603384382 -0.013177684166409324 0.0055382670855209431 0.0016727132877305381
leaf_weight=3271 1421 22 21 39 24 399 29 22 23 84 21 528 24 20 23 62 27 148 32 27 105 110 39 31 148 36 20 22 28 221
leaf_count=3271 1421 22 21 39 24 399 29 22 23 84 21 528 24 20 23 62 27 148 32 27 105 110 39 31 148 36 20 22 28 221
internal_value=-0.0205443 -0.0448482 0.000889127 0.000425815 -0.00214286 0.000867447 -0.0104412 0.0028022 -0.000630027 -0.00430233 -0.00166667 0.00375208 0.00436594 -0.00169291 -0.00722222 0.00134146 0.000267775 -0.00107553 -0.00414894 -0.00238916 0.000793192 -0.000965909 -0.00484848 0.000488981 0.000855615 0.00282609 -0.00105263 1.86265e-10 -0.00316327 0.00131148
internal_weight=7027 3293 3734 3006 441 2565 68 728 373 129 105 601 552 127 45 82 2166 609 235 203 1557 176 66 1452 374 184 190 170 49 244
internal_count=7027 3293 3734 3006 441 2565 68 728 373 129 105 601 552 127 45 82 2166 609 235 203 1557 176 66 1452 374 184 190 170 49 244
is_linear=0
shrinkage=0.05


Tree=178
num_leaves=31
num_cat=0
split_feature=0 14 18 0 18 4 11 0 1 7 10 9 15 0 1 13 12 4 12 5 11 13 5 5 4 6 3 5 4 16
split_gain=1471.05 4.51509 1.27118 1.15771 2.29764 2.01183 1.32715 1.07007 0.8936 3.12082 0.840601 0.843735 0.768831 1.43888 1.76 1.25714 0.687369 0.641934 0.641219 0.466667 0.37519 0.562388 0.370361 0.393206 0.36 0.359542 0.333333 0.332679 0.386858 0.377783
threshold=3.5000000000000004 6.3656501350523191 66.703049552382708 611.50000000000011 45.511762128286534 11.65 70.447334236935475 844.50000000000011 493.35000000000008 0.60355339059327384 0.99370977118463066 -0.99273952934267318 52.935868900557828 684.50000000000011 471.45000000000005 0.91246301775147931 102.4061476566044 5.0500000000000007 222.68469882099899 11.500000000000002 54.921879638779934 0.80334052715155468 87.500000000000014 85.500000000000014 23.050000000000004 3.5000000000000004 37.250000000000007 73.500000000000014 15.050000000000002 18.317493928459584
decision_type=2 2 2 2 2 2 2 2 2 2 2 2 2 2 2 2 2 2 2 2 2 2 2 2 2 2 2 2 2 2
left_child=1 -1 3 4 8 6 12 10 22 -10 11 26 -5 -14 -15 -16 24 -9 19 -19 21 -18 23 27 -7 -23 -4 29 -29 -2
right_child=2 -3 7 5 -6 16 -8 17 9 -11 -12 -13 13 14 15 -17 20 18 -20 -21 -22 25 -24 -25 -26 -27 -28 28 -30 -31
leaf_value=0 -2.9570816002411722e-05 0 -0.038110087307674678 -0.033648949617153756 0.10486051889704065 -0.020536311777693651 0.0014600413439720854 -0.029217483472485713 0.038093982276773637 -0.01027779287832057 -0.032727027415427927 0.10566260742236432 0.0003009226320308611 0.00081705868286764238 -0.048600407138494436 -0.00037485639572630309 0.014592365377712541 -0.011260721185583189 -0.017675601979310545 0.01781074896795648 0.0087417663328017668 0.0011909450990767541 0.0004339935595273372 -0.00092244953369003757 -9.0175009348969417e-05 -0.010014536243788008 0.0023956680444212359 6.4453400166853919e-05 0.00024446225893200331 4.9617267544443058e-05
leaf_weight=3271 236 22 21 30 377 25 54 21 47 28 24 528 42 25 35 20 62 24 26 56 195 22 66 29 20 31 28 126 85 1451
leaf_count=3271 236 22 21 30 377 25 54 21 47 28 24 528 42 25 35 20 62 24 26 56 195 22 66 29 20 31 28 126 85 1451
internal_value=-0.0204874 -0.0448482 0.000996251 0.000542249 0.00101227 -0.00150624 -0.00543689 0.00287088 0.000357834 -0.005 0.00375208 0.00413345 -0.00782895 -0.00606557 -0.01 -0.015 0.000774648 -0.00129921 0.000283019 0.0025 0.0016129 -0.000652174 0.000559458 0.000433316 -0.005 -0.00443396 -0.00214286 0.000521602 0.00239337 0.000287493
internal_weight=7027 3293 3734 3006 2445 561 206 728 2068 75 601 577 152 122 80 55 355 127 106 80 310 115 1993 1927 45 53 49 1898 211 1687
internal_count=7027 3293 3734 3006 2445 561 206 728 2068 75 601 577 152 122 80 55 355 127 106 80 310 115 1993 1927 45 53 49 1898 211 1687
is_linear=0
shrinkage=0.05


Tree=179
num_leaves=31
num_cat=0
split_feature=0 14 18 3 15 4 12 1 1 10 6 1 5 12 1 5 16 9 9 16 3 3 10 9 0 13 16 3 2 5
split_gain=1468.48 4.51509 1.20305 0.825147 1.04992 1.03381 1.01378 0.951087 0.94901 1.65079 0.879366 0.964967 0.80518 0.72052 0.650559 0.982765 0.649278 0.766615 0.766405 0.617505 0.793905 1.1837 0.616726 0.522813 0.451443 1.07591 0.446413 0.390149 0.650729 0.389078
threshold=3.5000000000000004 6.3656501350523191 71.454311638622698 32.750000000000007 41.553946077206227 4.5500000000000007 102.4061476566044 471.45000000000005 493.35000000000008 0.4749334794596104 77.500000000000014 525.85000000000014 17.500000000000004 255.80449031193589 31.250000000000004 23.500000000000004 16.907469128418853 0.35769492645306972 0.43664718845046319 18.457582981146334 35.050000000000004 35.750000000000007 0.99164058729498161 0.98930504265984687 848.50000000000011 0.99939540507859748 22.986046761215718 36.45000000000001 318.50000000000006 53.500000000000007
decision_type=2 2 2 2 2 2 2 2 2 2 2 2 2 2 2 2 2 2 2 2 2 2 2 2 2 2 2 2 2 2
left_child=1 -1 3 4 8 7 12 13 -2 -10 16 14 -7 -5 -12 -16 -8 -18 -19 -14 29 -22 -6 -20 -4 -26 -25 -17 -29 -21
right_child=2 -3 24 5 22 6 10 -9 9 -11 11 -13 19 -15 15 27 17 18 23 20 21 -23 -24 26 25 -27 -28 28 -30 -31
leaf_value=0 5.294027951483158e-05 0 0.090123825538635405 0.0044722133356893739 0.04977109167643947 -0.0074144390825607214 -0.0018009774141403093 -0.018258185310093739 -0.0092526920214892321 0.10338864520652712 -6.5953526786345268e-05 -0.040652523157828038 -0.0042532808670108458 -0.0039804082055899612 0.011959704699500084 0.00042826992039953166 0.0019858533172948676 -0.023795714603773745 0.00028352213783547391 0.00079672260710000181 -0.0061275240992772935 -0.00045729543478261934 -0.14823709303008245 0.00044864728409325125 -0.02147744594177832 0.017882747903892101 -0.006993780456811898 -0.0013303613286804307 -0.0095907197818406297 -0.0017927703253019388
leaf_weight=3271 1110 22 398 33 399 20 33 36 39 24 37 20 29 23 67 58 588 32 366 55 20 72 20 23 33 59 25 57 20 38
leaf_count=3271 1110 22 398 33 399 20 33 36 39 24 37 20 29 23 67 58 588 32 366 55 20 72 20 23 33 59 25 57 20 38
internal_value=-0.0205088 -0.0448482 0.000956079 0.000607275 0.0014196 -0.000175545 0.000128205 -0.00532609 0.000652174 -0.00531746 0.00066365 -0.00194981 -0.00290598 -0.00125 -0.00106695 4.95051e-05 0.00129803 0.00151838 -4.48429e-05 -0.00200935 -0.000945946 -0.00423913 0.00356802 0.000531401 0.00326531 0.000108696 -0.004375 -0.00240741 -0.00474026 0.00231183
internal_weight=7027 3293 3734 3244 1592 1652 1560 92 1173 63 1326 259 234 56 239 202 1067 1034 446 214 185 92 419 414 490 92 48 135 77 93
internal_count=7027 3293 3734 3244 1592 1652 1560 92 1173 63 1326 259 234 56 239 202 1067 1034 446 214 185 92 419 414 490 92 48 135 77 93
is_linear=0
shrinkage=0.05


Tree=180
num_leaves=31
num_cat=0
split_feature=0 14 18 9 0 0 2 18 7 0 4 3 12 14 1 0 10 11 16 9 0 11 11 0 12 5 12 4 4 6
split_gain=1465.9 4.51509 1.12423 1.08972 1.18757 0.915962 2.24811 1.79104 1.70415 1.17752 0.837126 1.56345 1.14872 0.826995 1.01254 0.785753 0.750706 0.702994 1.37143 0.689241 0.562908 0.520482 0.513037 0.95405 1.56207 0.850241 0.661127 0.661563 0.599897 0.864082
threshold=3.5000000000000004 6.3656501350523191 67.813711894215615 -0.99273952934267318 841.00000000000011 654.50000000000011 210.50000000000003 53.791578479700185 0.37940952255126054 611.50000000000011 11.15 35.550000000000004 253.90928565780555 45.506873342843548 493.35000000000008 777.50000000000011 0.99548449742306455 67.284130123786298 21.730711020853843 0.38962684145003695 628.50000000000011 52.005368904640719 31.480340920393171 344.50000000000006 166.51046839015399 58.500000000000007 113.70623384080967 23.150000000000002 16.950000000000003 91.500000000000014
decision_type=2 2 2 2 2 2 2 2 2 2 2 2 2 2 2 2 2 2 2 2 2 2 2 2 2 2 2 2 2 2
left_child=1 -1 5 15 16 7 -7 9 10 13 11 -8 19 14 22 -4 -5 -6 -19 -13 -11 -12 -2 24 25 -24 27 28 29 -25
right_child=2 -3 3 4 17 6 8 -9 -10 20 21 12 -14 -15 -16 -17 -18 18 -20 -21 -22 -23 23 26 -26 -27 -28 -29 -30 -31
leaf_value=0 4.5426873259299096e-05 0 -0.046463839944318068 0.12046973563277844 0.0059354178142622706 -0.019857786667518765 -0.037184099512056056 0.10194807275196145 -0.030427829899455767 -0.023565537647925114 -0.0074811832423227866 0.0069444469715169614 -0.012455113211052891 0.00986974347986108 -0.0073829464717135931 0.035426519665860155 -0.048118177397060924 0.008253946551141025 -0.018203390791098572 -0.017315746543473173 -0.0010873019785670507 0.0012163914032081093 -0.0027303432061219451 -0.00024751705501079664 -0.0090206520378838997 0.00080436116493843516 0.040253483522003926 -0.0037261031750624425 0.0036649533308660645 -0.0063746483137703709
leaf_weight=3271 1389 22 26 466 69 23 22 282 20 22 31 66 21 389 39 21 20 42 28 38 27 265 36 109 38 33 88 42 60 22
leaf_count=3271 1389 22 26 466 69 23 22 282 20 22 31 66 21 389 39 21 20 42 28 38 27 265 36 109 38 33 88 42 60 22
internal_value=-0.0205301 -0.0448482 0.000915908 0.00276786 0.00332 0.000509471 -0.00148148 0.000885093 -0.000723542 0.000422842 -7.90066e-05 -0.00316327 -0.001 0.000590201 0.000150862 -0.00457447 0.0044856 -0.000755395 -0.00428571 0.00115385 -0.0072449 0.0014527 0.000321959 -0.00119159 -0.00528037 -0.000797101 0.00017134 -0.00122318 2.61782e-05 -0.00187023
internal_weight=7027 3293 3734 672 625 3062 486 2576 463 2294 443 147 125 2245 1856 47 486 139 70 104 49 296 1817 428 107 69 321 233 191 131
internal_count=7027 3293 3734 672 625 3062 486 2576 463 2294 443 147 125 2245 1856 47 486 139 70 104 49 296 1817 428 107 69 321 233 191 131
is_linear=0
shrinkage=0.05


Tree=181
num_leaves=31
num_cat=0
split_feature=0 14 18 0 0 9 5 7 16 17 17 13 0 4 10 0 3 3 11 4 11 16 16 16 10 1 0 15 5 0
split_gain=1467.62 4.51509 1.34486 0.883805 0.711806 0.714442 0.708953 2.34361 0.780205 1.24685 0.745102 0.815119 0.832551 0.916352 0.697705 0.626308 0.622019 0.781259 1.61059 0.582543 0.560996 1.07399 0.558922 0.553846 0.60035 0.494286 0.486429 1.13826 0.449977 0.744048
threshold=3.5000000000000004 6.3656501350523191 66.703049552382708 815.50000000000011 841.00000000000011 -0.99273952934267318 16.500000000000004 0.37940952255126054 21.215562330192437 27.117595147965766 25.213452694331927 0.55618408585317625 659.50000000000011 6.8500000000000005 0.99548449742306455 706.50000000000011 34.45000000000001 35.650000000000013 48.27472279958851 18.650000000000002 67.284130123786298 21.730711020853843 22.185983031688661 19.539191340334892 -0.98798606843101155 118.2 425.50000000000006 40.551502909482295 32.500000000000007 733.00000000000011
decision_type=2 2 2 2 2 2 2 2 2 2 2 2 2 2 2 2 2 2 2 2 2 2 2 2 2 2 2 2 2 2
left_child=1 -1 3 6 5 -4 7 8 25 -10 16 -12 -13 -14 -7 19 26 18 -18 -11 -6 -22 -21 28 -25 -2 27 -8 -19 -30
right_child=2 -3 4 -5 20 14 10 -9 9 15 11 12 13 -15 -16 -17 17 23 -20 22 21 -23 -24 24 -26 -27 -28 -29 29 -31
leaf_value=0 -5.9761316034949877e-05 0 -0.0110022936593464 -0.023568068440272018 0.0058616604583049958 0.098976568263813958 3.501427142362064e-05 -0.021770089278920442 -0.0080787329813952306 0.00022480298366757092 5.9133329310347198e-05 0.057345643453011665 -0.014187394518116065 0.00058452044123468859 -0.045712268527208048 -0.037080691971972141 -4.9159931895228419e-05 0.002829853289069002 -0.0069506528813823064 0.00072393757100888136 0.0080211116151443808 -0.017293221251543544 -0.0061542016351628873 0.0025049603013180162 -0.012261818481908677 0.0045144514570345708 0.040856530106763031 -0.0072633279465714132 -0.0014993148906885037 0.0043278046970496092
leaf_weight=3271 39 22 49 20 70 518 402 39 26 162 1027 368 20 117 20 27 36 76 22 25 43 28 28 38 63 147 118 38 128 40
leaf_count=3271 39 22 49 20 70 518 402 39 26 162 1027 368 20 117 20 27 36 76 22 25 43 28 28 38 63 147 118 38 128 40
internal_value=-0.0205159 -0.0448482 0.000942689 0.000475715 0.00287088 0.00363714 0.000545881 -0.00118661 -0.000176211 -0.00190298 0.000888488 0.00157311 0.00321782 -0.000109489 0.00416357 -0.000785124 -0.000202913 -0.00169975 -0.00706897 0.000116279 -0.000319149 -0.0034507 -0.00443396 -0.000797101 -0.00391089 0.00231183 0.000878136 0.000113637 0.000491803 -0.000952381
internal_weight=7027 3293 3734 3006 728 587 2986 493 454 268 2493 1532 505 137 538 242 961 403 58 215 141 71 53 345 101 186 558 440 244 168
internal_count=7027 3293 3734 3006 728 587 2986 493 454 268 2493 1532 505 137 538 242 961 403 58 215 141 71 53 345 101 186 558 440 244 168
is_linear=0
shrinkage=0.05


Tree=182
num_leaves=31
num_cat=0
split_feature=0 14 1 4 0 0 14 1 5 3 12 0 4 16 12 6 1 12 10 5 9 4 12 4 9 15 0 9 12 3
split_gain=1474.49 4.51509 1.22402 0.707826 0.839189 0.633755 0.75215 1.13616 1.21075 1.45078 0.925735 0.789804 0.647916 1.49268 0.8279 1.08417 1.24629 1.225 0.605896 0.674547 0.660706 0.617394 0.592183 0.927073 1.07575 0.588886 1.23743 0.571156 0.493287 0.491862
threshold=3.5000000000000004 6.3656501350523191 566.10000000000014 3.6500000000000008 663.50000000000011 841.00000000000011 58.89713035714562 337.15000000000003 15.500000000000002 36.45000000000001 130.80481722504734 437.50000000000006 11.65 16.62392011133856 124.74909930445283 44.500000000000007 471.45000000000005 113.70623384080967 0.99164058729498161 11.500000000000002 0.9993981459635205 13.15 234.49400325887072 11.750000000000002 0.35769492645306972 40.870437462102544 340.50000000000006 -0.99273952934267318 255.80449031193589 32.750000000000007
decision_type=2 2 2 2 2 2 2 2 2 2 2 2 2 2 2 2 2 2 2 2 2 2 2 2 2 2 2 2 2 2
left_child=1 -1 5 4 -4 6 7 11 9 -9 -11 25 13 -10 15 16 -15 -18 19 21 27 -5 -8 24 -24 -2 -27 -21 -16 -14
right_child=2 -3 3 18 -6 -7 22 8 12 10 -12 -13 29 14 28 -17 17 -19 -20 20 -22 -23 23 -25 -26 26 -28 -29 -30 -31
leaf_value=0 5.0407696025700936e-05 0 0.12803956625866583 -0.020399143104707029 -0.021468419628987635 -0.011613608076973489 0.04767753615137596 -0.007802819525264142 -0.0077034354920372874 -0.0096747449521408339 0.0070597185796069609 0.065672837561429206 0.003612833260514581 0.0025810286962543428 0.0026349434845186911 -0.022712035187999254 0.00075039398602409421 -0.012665255290136974 -0.02772914207876085 0.00048997929090086425 -0.0065408401201821204 0.018419102427036073 0.00029248900611158308 0.0060312132535706399 -0.025339637228134551 -0.0056337918629729596 0.025479787345517126 0.095651353013905649 -0.0043701445251008988 -9.8932924619059683e-05
leaf_weight=3271 1461 22 23 38 37 30 158 40 23 24 43 117 152 51 112 20 20 20 37 69 20 36 40 206 27 36 40 578 25 251
leaf_count=3271 1461 22 23 38 37 30 158 40 23 24 43 117 152 51 112 20 20 20 37 69 20 36 40 206 27 36 40 578 25 251
internal_value=-0.0204589 -0.0448482 0.00104981 0.0027327 -0.0025 0.000562845 0.000638521 0.000297741 -0.00127401 -0.00621495 -0.00171642 0.0010399 -0.000489614 -0.00238007 -0.00125 -0.00445946 -0.00214286 -0.00875 0.00313625 0.00344804 0.00395052 -0.00108108 0.00256381 0.00115385 -0.00395522 0.000738452 -0.00355263 0.0042272 0.00135037 0.000781638
internal_weight=7027 3293 3734 838 60 2896 2866 2435 781 107 67 1654 674 271 248 111 91 40 778 741 667 74 431 273 67 1537 76 647 137 403
internal_count=7027 3293 3734 838 60 2896 2866 2435 781 107 67 1654 674 271 248 111 91 40 778 741 667 74 431 273 67 1537 76 647 137 403
is_linear=0
shrinkage=0.05


Tree=183
num_leaves=31
num_cat=0
split_feature=0 14 18 0 16 12 5 3 3 3 3 12 12 1 9 0 1 4 12 10 17 12 5 10 9 13 1 2 10 0
split_gain=1459.9 4.51509 1.03791 1.70492 1.13001 0.802725 1.8645 1.07502 0.749176 1.68574 0.751467 0.900238 0.722246 0.868546 0.849656 0.976801 0.754775 0.555042 0.52018 0.780081 0.595038 0.484385 0.451492 0.640244 0.396192 0.536972 0.595385 0.785526 0.740807 0.658176
threshold=3.5000000000000004 6.3656501350523191 76.140408329375774 841.00000000000011 21.730711020853843 116.73198190700471 17.500000000000004 35.350000000000001 35.050000000000004 35.550000000000004 19.450000000000003 112.65631636397849 232.83416410264837 91.950000000000017 -0.99273952934267318 695.50000000000011 641.50000000000011 10.950000000000001 147.7585125690716 0.99164058729498161 23.816073240064274 93.814183692289689 13.500000000000002 0.1500498401600889 -0.72361723388122445 0.036811201445347795 120.90000000000002 106.50000000000001 -0.70250145193066593 542.50000000000011
decision_type=2 2 2 2 2 2 2 2 2 2 2 2 2 2 2 2 2 2 2 2 2 2 2 2 2 2 2 2 2 2
left_child=1 -1 3 5 -5 6 7 -2 10 -10 11 17 13 -7 15 -15 24 -8 20 -20 -16 -11 23 -4 -14 -26 27 -27 -29 -28
right_child=2 -3 22 4 -6 12 8 -9 9 21 -12 -13 16 14 18 -17 -18 -19 19 -21 -22 -23 -24 -25 25 26 29 28 -30 -31
leaf_value=0 -0.026640952479536718 0 -0.024622093665289946 -0.0084119453217566913 -0.013409675859483933 -0.0065959055105943637 -0.00012403608106152352 -0.0041862608778548364 -0.0070789995850372616 -0.010531177135099497 4.3315483040313268e-05 -0.0066533373837141295 0.00037100025917197996 0.11211484901223651 -0.0013533422207506723 -0.017149708234950409 -0.011295378495411394 0.00024084227918105364 0.084202157492329829 -0.042915431941406339 0.0073723641315022294 0.0018711937333695562 0.093913429230123774 0.083471711256100048 0.00015692406089236886 -6.407666454159798e-06 0.00097767203082426584 -0.0026761031275420997 -0.0034864617440530671 -0.00065243703244662662
leaf_weight=3271 25 22 20 33 31 33 23 31 25 45 774 23 298 24 47 39 22 24 397 29 339 84 239 21 108 140 523 47 20 270
leaf_count=3271 25 22 20 33 31 33 23 31 25 45 774 23 298 24 47 39 22 24 397 29 339 84 239 21 108 140 523 47 20 270
internal_value=-0.0205799 -0.0448482 0.000822175 0.000584829 -0.0075 0.000737463 -0.000407969 -0.00928571 9.01805e-05 -0.00311688 0.000675356 -0.00428571 0.00125428 0.00235683 0.00265714 -0.00293651 0.000553221 -0.000319149 0.00309113 0.00429577 0.00176166 -0.000813953 0.00375 -0.00109756 0.000697013 0.000261733 -9.99998e-05 -0.00248792 -0.0069403 0.000523329
internal_weight=7027 3293 3734 3454 64 3390 1054 56 998 154 844 70 2336 908 875 63 1428 47 812 426 386 129 280 41 1406 1108 1000 207 67 793
internal_count=7027 3293 3734 3454 64 3390 1054 56 998 154 844 70 2336 908 875 63 1428 47 812 426 386 129 280 41 1406 1108 1000 207 67 793
is_linear=0
shrinkage=0.05


Tree=184
num_leaves=31
num_cat=0
split_feature=0 14 18 0 16 13 0 14 18 4 12 8 1 1 10 1 12 6 0 14 10 9 12 5 15 0 4 13 3 5
split_gain=1463.33 4.51509 0.879854 1.15185 0.998132 0.840948 2.14363 1.46944 1.44877 1.25584 1.80692 0.934935 1.46909 0.81034 1.19739 0.777602 1.00762 0.648468 0.60673 0.602248 0.588814 0.603763 0.548218 0.995133 0.495887 0.66 0.437178 0.423744 0.55102 0.418842
threshold=3.5000000000000004 6.3656501350523191 76.140408329375774 832.00000000000011 22.229893217449085 0.91989825116152757 656.50000000000011 44.670456630634995 49.155500928146814 11.65 234.49400325887072 -0.60355339059327384 493.35000000000008 318.25000000000006 -0.92910699518418138 83.600000000000009 166.51046839015399 19.500000000000004 726.50000000000011 68.180615616146184 -0.57729161655172734 -0.98211651112579568 106.9849235260141 30.500000000000004 32.445112889720043 207.50000000000003 14.250000000000002 0.85067190593316944 40.650000000000013 13.500000000000002
decision_type=2 2 2 2 2 2 2 2 2 2 2 2 2 2 2 2 2 2 2 2 2 2 2 2 2 2 2 2 2 2
left_child=1 -1 3 5 -5 6 8 -8 11 10 20 12 13 15 17 16 -2 -15 19 27 -9 -22 23 -10 25 -16 -26 28 -11 -4
right_child=2 -3 29 4 -6 -7 7 9 22 18 -12 -13 -14 14 24 -17 -18 -19 -20 -21 21 -23 -24 -25 26 -27 -28 -29 -30 -31
leaf_value=0 0.00098757791817359478 0 -0.0024989493406187874 -0.010236111108760333 -0.01320842524138653 0.016803101879121957 -0.023943229050051459 -0.019897054120048371 -0.018150187831219841 0.015564875391145774 -0.028134688853347578 6.3610969195856718e-05 -0.0070198599468007106 -0.0025004260852824643 0.0024401652788841616 0.027146155248216858 -0.010863763969824202 -0.009905584983190871 0.025213208305475823 0.0057900674377674381 -0.010039162721256309 0.013028485746207536 0.12082964360782145 0.0069258049121913579 0.0026158493974405631 -0.0038607858662531623 -0.0015014080511732716 -0.0072536698187878283 -0.00058520709268572934 0.089217757768617401
leaf_weight=3271 35 22 41 57 20 424 29 20 20 21 33 1667 33 26 25 154 25 21 77 35 20 47 393 39 67 30 70 38 28 239
leaf_count=3271 35 22 41 57 20 424 29 20 20 21 33 1667 33 26 25 154 25 21 77 35 20 47 393 39 67 30 70 38 28 239
internal_value=-0.0205514 -0.0448482 0.000875737 0.000657209 -0.00538961 0.000795085 0.000496106 -0.00318965 0.000988484 -0.00221003 -0.00625 0.000448212 -0.00148148 -0.000739514 -0.00274059 0.00149533 -0.00333333 -0.00989362 0.000226131 -0.00196721 -0.00247126 -0.00022388 0.00356195 -0.000932203 -0.000989583 -0.005 0.000620438 -0.0041954 -0.00112245 0.00357143
internal_weight=7027 3293 3734 3454 77 3377 2953 348 2605 319 120 2153 486 453 239 214 60 47 199 122 87 67 452 59 192 55 137 87 49 280
internal_count=7027 3293 3734 3454 77 3377 2953 348 2605 319 120 2153 486 453 239 214 60 47 199 122 87 67 452 59 192 55 137 87 49 280
is_linear=0
shrinkage=0.05


Tree=185
num_leaves=31
num_cat=0
split_feature=0 14 12 4 13 2 12 0 9 4 5 6 1 0 4 3 0 13 12 5 5 0 4 9 12 12 6 10 15 10
split_gain=1457.34 4.51509 0.980229 1.12853 2.09671 1.4417 0.99308 1.34272 0.98176 0.980136 0.925714 1.12417 0.897648 0.774947 2.35511 1.05758 0.807975 0.761261 0.741782 0.695748 0.662607 0.797697 0.630244 0.620546 0.622852 0.559265 1.11163 0.51948 0.914037 0.518839
threshold=3.5000000000000004 6.3656501350523191 128.98347140998789 11.750000000000002 0.31504661761273606 143.50000000000003 232.83416410264837 844.50000000000011 -0.99273952934267318 10.250000000000002 17.500000000000004 88.500000000000014 83.600000000000009 676.50000000000011 11.250000000000002 37.550000000000004 691.50000000000011 0.99365302300695568 85.495933417996255 30.500000000000004 45.500000000000007 21.500000000000004 15.550000000000002 -0.33751039744763167 240.08098772759664 249.27822369949533 12.500000000000002 -0.86955717898714324 60.341651155675514 0.99164058729498161
decision_type=2 2 2 2 2 2 2 2 2 2 2 2 2 2 2 2 2 2 2 2 2 2 2 2 2 2 2 2 2 2
left_child=1 -1 3 4 20 -6 7 8 9 -4 -7 18 -10 19 15 -15 -16 -9 -12 -8 -2 -22 -5 -21 -25 -26 -27 28 -14 -29
right_child=2 -3 6 22 5 10 13 17 12 -11 11 -13 27 14 16 -17 -18 -19 -20 23 21 -23 -24 24 25 26 -28 29 -30 -31
leaf_value=0 0.00021562564283966781 0 -0.010612201745986025 0.00039332173672925819 -0.0049900535891346963 -0.024060980482403883 0.00024657214940407122 -0.016912098001589333 -0.0080510913729825977 0.0021365205647355828 -0.00097948097579410721 -0.014624642036670122 -0.0016383000305946463 -0.040481761079222828 -0.00098086388164723114 -0.00086307048010154713 0.0083547571634727431 0.0013457253497638274 0.0010052303167352025 9.4697550902940987e-05 -0.00011789061722059387 5.2845987557376488e-06 -4.8435603402141446e-06 -0.0032324915468773894 0.0081159363295758256 -0.0014838235926377574 -0.0001445996618583335 0.08929400442321285 0.018450516061480574 0.0049960566245960038
leaf_weight=3271 87 22 21 258 35 25 706 37 22 43 20 26 22 20 24 41 137 74 129 305 30 148 492 23 40 26 126 702 59 56
leaf_count=3271 87 22 21 258 35 25 706 37 22 43 20 26 22 20 24 41 137 74 129 305 30 148 492 23 40 26 126 702 59 56
internal_value=-0.0206013 -0.0448482 0.000782003 -0.00036 -0.0022 -0.0056383 0.00135668 0.00253861 0.00316216 -0.0028125 -0.004 -0.00271429 0.00360627 0.00051105 -0.00220721 -0.0105738 0.000962733 -0.00265766 -0.00104027 0.00100326 0.000849057 -0.000898876 0.000866667 -0.000384615 -0.00244186 -0.00151042 -0.00289474 0.0038677 6.17286e-05 0.00427441
internal_weight=7027 3293 3734 1250 500 235 2484 1036 925 64 200 175 861 1448 222 61 161 111 149 1226 265 178 750 520 215 192 152 839 81 758
internal_count=7027 3293 3734 1250 500 235 2484 1036 925 64 200 175 861 1448 222 61 161 111 149 1226 265 178 750 520 215 192 152 839 81 758
is_linear=0
shrinkage=0.05


Tree=186
num_leaves=31
num_cat=0
split_feature=0 14 12 13 2 10 18 4 14 6 4 5 15 12 0 1 5 4 17 10 10 3 6 4 0 6 0 0 2 5
split_gain=1465.9 4.51509 0.806557 0.939121 1.88103 0.902731 1.14251 1.14006 1.24238 1.01524 0.939203 0.863646 0.769925 1.00087 0.765306 0.642756 0.63205 0.624743 0.620566 0.636284 0.556293 0.519771 0.56289 1.21405 0.559009 0.512282 0.990043 1.225 0.50711 0.529154
threshold=3.5000000000000004 6.3656501350523191 128.98347140998789 0.35634674870039701 139.50000000000003 0.1500498401600889 36.906415671766375 6.3500000000000005 68.180615616146184 17.500000000000004 13.050000000000002 15.500000000000002 29.68263639145399 93.022231945316278 299.50000000000006 518.45000000000016 45.500000000000007 14.950000000000001 31.403328308308176 -0.69637622559687229 0.99164058729498161 32.750000000000007 24.500000000000004 10.65 468.50000000000006 48.500000000000007 695.50000000000011 767.50000000000011 111.50000000000001 87.500000000000014
decision_type=2 2 2 2 2 2 2 2 2 2 2 2 2 2 2 2 2 2 2 2 2 2 2 2 2 2 2 2 2 2
left_child=1 -1 3 16 -5 7 10 8 -4 -10 14 15 13 -13 -7 -6 -2 -12 19 25 -8 -14 24 -24 -23 -9 -27 -28 29 -18
right_child=2 -3 5 4 11 6 20 18 9 -11 17 12 21 -15 -16 -17 28 -19 -20 -21 -22 22 23 -25 -26 26 27 -29 -30 -31
leaf_value=0 0.00018160781604673577 0 -1.6797691072805865e-05 -0.0060823785233118126 -0.0016253998217188115 0.00084312687736180076 0.12150218805244542 0.00028492798609868028 -0.005890471296146566 -0.026748026827343271 -0.0028218962520519843 -0.0068064145513692014 0.0018471531066470274 0.001518061648421092 -0.00043607114310111657 -0.015524508251614512 -6.1027955650297812e-05 -0.00014756549282425805 -0.013469884298732429 0.00043258547501071905 -0.0051292486654059988 -0.0031781281519932137 -0.027033507267314197 -0.00043203822445927797 0.0027155920243555442 -3.2088213815847103e-06 -0.0030968189575133614 0.04058754782423285 0.00042770829883419215 0.00038641637534380909
leaf_weight=3271 201 22 152 25 22 147 538 457 25 22 34 20 215 22 21 21 294 44 20 731 49 47 23 52 138 204 20 20 121 49
leaf_count=3271 201 22 152 25 22 147 538 457 25 22 34 20 215 22 21 21 294 44 20 731 49 47 23 52 138 204 20 20 121 49
internal_value=-0.0205301 -0.0448482 0.000915908 -0.00012 -0.0015812 0.0014372 0.00277911 0.000760146 -0.00278894 -0.00989362 -8.13006e-05 -0.000982143 -0.000415861 -0.00690476 0.00202381 -0.0077907 0.00116541 -0.00461538 0.00124656 0.00136872 0.00397785 0.000157895 -0.00134615 -0.005 0.000135135 0.00029244 -0.00155738 -0.00875 0.000150862 -0.000830904
internal_weight=7027 3293 3734 1250 585 2484 833 1651 199 47 246 560 517 42 168 43 665 78 1452 1432 587 475 260 75 185 701 244 40 464 343
internal_count=7027 3293 3734 1250 585 2484 833 1651 199 47 246 560 517 42 168 43 665 78 1452 1432 587 475 260 75 185 701 244 40 464 343
is_linear=0
shrinkage=0.05


Tree=187
num_leaves=31
num_cat=0
split_feature=0 14 10 18 4 1 0 3 1 0 18 17 10 9 0 2 14 1 17 3 5 0 0 0 17 15 5 5 10 17
split_gain=1465.9 4.51509 0.947467 1.17078 1.15711 1.77113 1.13592 0.870888 0.781187 0.691025 1.65116 1.10973 0.637541 0.572807 0.535497 0.523709 0.518191 0.933933 0.61035 0.573697 0.552989 1.27638 1.0816 0.545791 0.526094 0.568182 0.474254 0.490528 0.527273 0.471174
threshold=3.5000000000000004 6.3656501350523191 0.4749334794596104 32.611937711068613 5.4500000000000011 466.4500000000001 207.50000000000003 17.550000000000004 513.35000000000002 663.50000000000011 67.813711894215615 28.30392132003605 -0.69637622559687229 0.12447811117596704 457.50000000000006 232.50000000000003 28.09591547843193 493.35000000000008 22.847587163759652 29.950000000000003 15.500000000000002 663.50000000000011 709.50000000000011 221.50000000000003 30.187488372002033 77.740831887334039 46.500000000000007 69.500000000000014 -0.59815875725621337 23.051063572897608
decision_type=2 2 2 2 2 2 2 2 2 2 2 2 2 2 2 2 2 2 2 2 2 2 2 2 2 2 2 2 2 2
left_child=1 -1 4 6 5 29 -4 -6 -7 -10 -11 -12 -9 14 -5 -13 17 18 19 -14 21 -18 -23 -22 -24 -26 -20 -28 -29 -2
right_child=2 -3 3 13 7 8 -8 12 9 10 11 15 16 -15 -16 -17 20 -19 26 -21 23 22 24 -25 25 -27 27 28 -30 -31
leaf_value=0 -0.0027369308747236822 0 0.00012138929219484032 0.095579441953590222 -0.0041301996109883192 -0.005974189335976595 -0.0034056896427391813 2.1820255916937278e-06 0.018780427586833327 -0.042773565768553561 0.063350462272809729 -0.044475342399186213 9.7520377434858624e-05 0.11484601652040667 -0.059483036574607344 -0.0021999018098109381 0.0027495258213924689 -0.0057257986826201868 0.00015955739302830977 -0.00057093786410244963 -0.0016964223923506595 -0.021677908442371982 0.0060240044746921809 0.017751311573458814 -0.011906940415134291 0.0081047955588186456 -0.000348853374879634 -4.0340817096342196e-05 0.0010700830803187231 0.00024870986624420344
leaf_weight=3271 34 22 201 22 21 26 38 1221 24 24 28 22 24 396 29 21 116 25 312 23 29 22 64 652 22 22 119 22 58 117
leaf_count=3271 34 22 201 22 21 26 38 1221 24 24 28 22 24 396 29 21 116 25 312 23 29 22 64 652 22 22 119 22 58 117
internal_value=-0.0205301 -0.0448482 0.000915908 0.00259475 0.000538058 -0.00243243 -0.000230125 0.000857558 -0.00637931 -0.00466387 -0.00657895 -0.00274648 0.000935555 0.00410515 -0.000882353 -0.0077907 0.00162252 0.000454546 0.000878136 -0.00457447 0.00235707 0.000325203 -0.00307692 0.00309104 -0.00101852 -0.00522727 0.00137965 -0.000527638 0.0025 0.00135762
internal_weight=7027 3293 3734 686 3048 296 239 2752 145 119 95 71 2731 447 51 43 1510 583 558 47 927 246 130 681 108 44 511 199 80 151
internal_count=7027 3293 3734 686 3048 296 239 2752 145 119 95 71 2731 447 51 43 1510 583 558 47 927 246 130 681 108 44 511 199 80 151
is_linear=0
shrinkage=0.05


Tree=188
num_leaves=31
num_cat=0
split_feature=0 14 18 0 4 6 18 0 0 10 1 18 12 10 2 3 15 0 9 6 0 13 1 15 10 14 3 18 14 1
split_gain=1454.77 4.51509 0.902546 1.66097 1.9935 1.63831 1.63282 1.19567 1.48294 1.03997 0.94223 1.46811 1.32825 1.84472 1.31972 1.05268 2.52424 0.887577 0.878505 0.778615 0.717679 0.964682 0.702782 0.68061 0.646096 0.625739 0.609549 1.53641 0.865385 0.896166
threshold=3.5000000000000004 6.3656501350523191 66.703049552382708 656.50000000000011 5.4500000000000011 30.500000000000004 53.791578479700185 844.50000000000011 855.50000000000011 -0.04732138832243208 337.15000000000003 36.906415671766375 124.74909930445283 0.18399153619612912 274.50000000000006 37.250000000000007 29.68263639145399 542.50000000000011 -0.99273952934267318 13.500000000000002 6.5000000000000009 0.0063211226185909738 401.90000000000003 51.64897845122865 0.99548449742306455 42.414992503432856 41.95000000000001 55.70233618850957 64.548633676675948 466.4500000000001
decision_type=2 2 2 2 2 2 2 2 2 2 2 2 2 2 2 2 2 2 2 2 2 2 2 2 2 2 2 2 2 2
left_child=1 -1 3 6 5 -5 10 18 -9 26 20 15 13 14 -13 16 19 -14 -4 22 21 -2 -12 -19 -20 -22 27 -6 29 -29
right_child=2 -3 7 4 9 -7 -8 8 -10 -11 11 12 17 -15 -16 -17 -18 23 24 -21 25 -23 -24 -25 -26 -27 -28 28 -30 -31
leaf_value=0 2.1191040051934236e-05 0 -0.0095819132608097237 -0.02757155132467844 -0.014940053975703872 -0.01718637965504621 0.086717878720639283 -0.018130005214988667 0.00016227056708168616 -0.01258905866234461 0.00037430243079563817 0.00038347763333749683 0.048980783456804199 -0.0063194892328784199 -0.015816152718145498 0.0047603918091559541 -0.012072133625968788 -0.0098105514107633858 0.075218803249444077 -0.006537003286866243 5.9380106896185734e-05 -5.7293508949345432e-05 -0.0026840114007572833 0.032121751468867941 -0.047689861188360522 0.036372668042868331 0.00052612478357546286 0.0035399653034985166 0.027453741701266438 -0.0084223295490812398
leaf_weight=3271 28 22 49 22 32 20 278 25 102 20 40 159 186 32 24 37 33 39 532 25 1475 23 37 31 20 126 79 89 80 91
leaf_count=3271 28 22 49 22 32 20 278 25 102 20 40 159 186 32 24 37 33 39 532 25 1475 23 37 31 20 126 79 89 80 91
internal_value=-0.0206226 -0.0448482 0.000741832 0.000359282 -0.00250577 -0.0128571 0.00084143 0.00232143 -0.00208661 -0.00139386 0.00040305 -0.00122084 0.00022293 -0.00267442 -0.000737705 -0.00517442 -0.00722222 0.00265625 0.00325291 -0.00333333 0.00103511 -0.00480392 -0.000844156 -0.00214286 0.00382246 0.00122111 -0.000795148 -0.00184931 -0.000576923 -0.0025
internal_weight=7027 3293 3734 3006 433 42 2573 728 127 391 2295 643 471 215 183 172 135 256 601 102 1652 51 77 70 552 1601 371 292 260 180
internal_count=7027 3293 3734 3006 433 42 2573 728 127 391 2295 643 471 215 183 172 135 256 601 102 1652 51 77 70 552 1601 371 292 260 180
is_linear=0
shrinkage=0.05


Tree=189
num_leaves=31
num_cat=0
split_feature=0 14 14 9 4 9 0 18 18 3 9 2 5 0 1 9 1 1 14 1 4 15 1 3 1 0 0 11 0 13
split_gain=1461.62 4.51509 0.938253 1.22196 1.49967 0.678981 0.522508 1.43158 0.950564 0.899899 0.865716 0.817377 0.912998 1.05585 0.835997 1.34156 0.92803 0.708646 1.01951 1.46912 0.852102 0.984979 1.08197 1.52013 0.677252 0.627112 0.615956 0.949976 0.998352 1.21667
threshold=3.5000000000000004 6.3656501350523191 65.837664182325213 0.92263100495486405 6.9500000000000011 0.9821165111257959 611.50000000000011 45.511762128286534 64.091854213877156 41.95000000000001 -0.9852109833579612 321.50000000000006 20.500000000000004 628.50000000000011 466.4500000000001 0.29259762607704992 475.15000000000003 318.25000000000006 44.106058865047878 493.35000000000008 23.150000000000002 33.819010176970927 404.55000000000007 34.45000000000001 665.1500000000002 818.50000000000011 407.50000000000006 31.794833518443955 344.50000000000006 0.31370912961388087
decision_type=2 2 2 2 2 2 2 2 2 2 2 2 2 2 2 2 2 2 2 2 2 2 2 2 2 2 2 2 2 2
left_child=1 -1 6 -4 5 -5 7 17 9 11 -10 12 -8 -14 -15 16 -16 26 19 20 21 22 23 -19 -9 -12 27 -2 29 -29
right_child=2 -3 3 4 -6 -7 8 24 10 -11 25 -13 13 14 15 -17 -18 18 -20 -21 -22 -23 -24 -25 -26 -27 -28 28 -30 -31
leaf_value=0 5.0778326284293672e-05 0 0.034727231447466318 -0.032263393449704435 0.0068019777403189215 -0.012350256884935082 -0.025839761260099067 0.073240480863155488 -0.032826736946493067 0.000614673813289425 0.048121961118521177 0.0039295319949935788 -0.022367016530164471 0.00066111436221430507 -0.015873029293796855 0.00067471630807892447 -0.0036305317279317893 0.00028791746888822838 0.0006856794153445589 -0.0068972967608721463 -0.0080808614935143856 0.00070270628276999957 -0.0053896571078274474 -0.0068031614509354828 -0.045305368128942536 -0.010090153795831773 0.044368392251944 5.4264168308428759e-05 0.025169165539965163 -0.003195687218167328
leaf_weight=3271 1287 22 546 26 121 21 30 301 23 65 222 57 24 92 20 30 24 63 244 29 30 94 33 34 20 50 85 25 71 67
leaf_count=3271 1287 22 546 26 121 21 30 301 23 65 222 57 24 92 20 30 24 63 244 29 30 94 33 34 20 50 85 25 71 67
internal_value=-0.0205657 -0.0448482 0.000848956 0.00247899 -0.00125 -0.00882979 0.000463576 0.000803609 -0.000808477 -0.00260234 0.00127119 -0.00384477 -0.00522727 -0.00394737 -0.00253012 -0.00648649 -0.0120455 0.000320078 -0.00126186 -0.00330389 -0.00208661 -0.00102679 -0.00384615 -0.00118557 0.00390966 0.00205882 0.000863192 0.00062069 -0.00297546 -0.00641304
internal_weight=7027 3293 3734 714 168 47 3020 2383 637 342 295 277 220 190 166 74 44 2062 527 283 254 224 130 97 321 272 1535 1450 163 92
internal_count=7027 3293 3734 714 168 47 3020 2383 637 342 295 277 220 190 166 74 44 2062 527 283 254 224 130 97 321 272 1535 1450 163 92
is_linear=0
shrinkage=0.05


Tree=190
num_leaves=31
num_cat=0
split_feature=0 14 0 18 0 2 18 18 1 4 5 0 10 9 12 11 6 14 1 17 1 18 2 0 13 3 11 17 15 13
split_gain=1461.62 4.51509 0.889046 1.28656 1.02 2.23696 1.53922 1.0435 1.64464 1.00083 0.777557 0.8347 0.745175 0.75158 0.684224 0.656808 0.632816 0.598698 0.817686 1.03528 0.926613 0.633129 0.966628 1.29744 0.98 0.618936 0.623021 0.595422 0.703247 0.506316
threshold=3.5000000000000004 6.3656501350523191 848.50000000000011 67.813711894215615 654.50000000000011 210.50000000000003 53.791578479700185 60.440830328860848 497.00000000000006 6.4500000000000011 26.500000000000004 611.50000000000011 0.99370977118463066 -0.99273952934267318 147.7585125690716 -3.8830881846831673 89.500000000000014 56.584255833494076 337.15000000000003 31.468587345967631 353.05000000000007 36.906415671766375 197.50000000000003 340.50000000000006 0.41666528959762045 32.750000000000007 43.501792446014029 24.22558966417655 38.712889201876969 0.99043557303666285
decision_type=2 2 2 2 2 2 2 2 2 2 2 2 2 2 2 2 2 2 2 2 2 2 2 2 2 2 2 2 2 2
left_child=1 -1 3 4 6 -6 10 8 -7 -4 -2 15 13 -5 16 -12 -9 18 21 20 -20 22 -17 24 -24 -25 -27 28 -22 -11
right_child=2 -3 9 12 5 7 -8 14 -10 29 11 -13 -14 -15 -16 17 -18 -19 19 -21 27 -23 23 25 -26 26 -28 -29 -30 -31
leaf_value=0 0.00016721882020274571 0 -0.013915922757643301 -0.0092211262921747424 -0.011162260989130705 -0.00058341674970600541 0.087872365112394171 -0.00053804179929390912 -0.022254528327378818 -0.01153461549658609 -0.00012140935632122838 -0.010940395673593874 -0.027906221260256239 0.08130336172969739 0.013731463638384409 4.1262235662887397e-05 -0.0059068335982273672 0.07650212507968529 -0.013073371768382722 -0.0052187774516147326 1.6694975431232246e-05 0.061667251185676134 -0.0015375839634113556 0.030320829309930838 -0.0069151997339752663 0.0050210819439818477 -0.0082547103152613311 0.00061877086905852744 -0.0049383789513254266 0.017191195335238548
leaf_weight=3271 727 22 31 47 23 130 282 104 31 26 28 30 24 485 175 928 20 63 31 27 22 77 25 37 25 31 30 193 20 62
leaf_count=3271 727 22 31 47 23 130 282 104 31 26 28 30 24 485 175 928 20 63 31 27 22 77 25 37 25 31 30 193 20 62
internal_value=-0.0205657 -0.0448482 0.000848956 0.000988935 0.000586793 -0.00152174 0.000982143 -0.000760869 -0.00400621 -0.00340336 0.000553618 -7.33885e-05 0.00320144 0.00359023 0.000986622 8.78336e-05 -0.00185484 0.000228628 2.07471e-05 -0.00233788 -0.00139098 0.000620122 0.000306692 -0.00344595 -0.01 -0.000102041 -0.00319672 -0.000319149 -0.00571429 -0.000681818
internal_weight=7027 3293 3734 3615 3059 483 2576 460 161 119 2294 1567 556 532 299 1537 124 1509 1446 293 266 1153 1076 148 50 98 61 235 42 88
internal_count=7027 3293 3734 3615 3059 483 2576 460 161 119 2294 1567 556 532 299 1537 124 1509 1446 293 266 1153 1076 148 50 98 61 235 42 88
is_linear=0
shrinkage=0.05


Tree=191
num_leaves=31
num_cat=0
split_feature=0 14 0 18 1 16 0 11 18 10 9 5 0 14 1 17 1 1 9 13 4 4 3 4 17 15 4 1 4 1
split_gain=1460.76 4.51509 1.04123 1.36904 1.20736 1.45433 1.09098 1.68566 1.46919 0.745096 0.702881 0.700432 0.841162 0.625679 0.740321 1.03528 0.926613 0.622891 1.14945 1.03889 0.815236 0.612724 1.3143 0.763405 0.595422 0.703247 0.578886 0.552105 0.501035 0.497614
threshold=3.5000000000000004 6.3656501350523191 841.00000000000011 66.703049552382708 632.05000000000007 21.565835419591156 654.50000000000011 52.005368904640719 53.791578479700185 0.99370977118463066 -0.99273952934267318 26.500000000000004 611.50000000000011 56.584255833494076 337.15000000000003 31.468587345967631 353.05000000000007 124.25000000000001 -0.99273952934267318 0.31370912961388087 18.450000000000003 11.350000000000003 35.550000000000004 9.8500000000000032 24.22558966417655 38.712889201876969 13.050000000000002 720.25000000000011 11.950000000000001 96.800000000000026
decision_type=2 2 2 2 2 2 2 2 2 2 2 2 2 2 2 2 2 2 2 2 2 2 2 2 2 2 2 2 2 2
left_child=1 -1 3 6 5 -4 8 26 11 10 -5 -2 13 14 17 16 -16 19 -19 29 28 22 -9 -24 25 -18 -8 -6 -21 -13
right_child=2 -3 4 9 27 -7 7 21 -10 -11 -12 12 -14 -15 15 -17 24 18 -20 20 -22 -23 23 -25 -26 -27 -28 -29 -30 -31
leaf_value=0 0.00015885787919262453 0 -0.004837316009819171 -0.0078798623968080687 0.0081893796376547555 -0.014899240212977324 -0.021303128245719873 -0.038613808092389762 0.079025091808854211 -0.026510910197243609 0.075319927208685758 1.1582521443411858e-05 -0.010393375889914215 0.072677018825701031 -0.012419703179963458 -0.0049578385790338816 1.5860226659615756e-05 -0.009492976922774175 0.0012093550221828609 -0.0018371208391699872 0.0095841984492514402 0.0004413781457850311 0.0024165677325106399 -0.00084674340763511756 0.00058783232560550896 -0.0046914600037592825 -0.0014901853788210895 -0.0088876677057078742 -0.0076025651960478658 -0.00061456033766015764
leaf_weight=3271 727 22 32 49 56 20 39 24 271 24 514 511 30 63 31 27 22 20 504 21 25 242 83 21 193 20 29 36 25 75
leaf_count=3271 727 22 32 49 56 20 39 24 271 24 514 511 30 63 31 27 22 20 504 21 25 242 83 21 193 20 29 36 25 75
internal_value=-0.0205728 -0.0448482 0.000835565 0.00100279 -0.00333333 -0.00942308 0.000571096 -0.00173516 0.000964912 0.00321124 0.00357904 0.000553618 -4.14803e-05 0.000120365 -8.81952e-05 -0.00233788 -0.00139098 0.000469941 0.00175573 -0.000555555 -0.00626761 -0.000405405 -0.00320312 -0.000769231 -0.000319149 -0.00571429 -0.00897059 0.000108696 -0.0102174 0.000136519
internal_weight=7027 3293 3734 3590 144 52 3003 438 2565 587 563 2294 1567 1537 1474 293 266 1181 524 657 71 370 128 104 235 42 68 92 46 586
internal_count=7027 3293 3734 3590 144 52 3003 438 2565 587 563 2294 1567 1537 1474 293 266 1181 524 657 71 370 128 104 235 42 68 92 46 586
is_linear=0
shrinkage=0.05


Tree=192
num_leaves=31
num_cat=0
split_feature=0 14 0 18 0 1 2 10 9 4 5 0 18 4 16 0 14 5 1 17 17 1 12 16 18 3 3 1 11 6
split_gain=1459.9 4.51509 1.03455 1.27792 1.00332 0.856187 1.21259 0.760334 0.783018 0.710145 0.647468 0.600718 1.75686 1.54024 1.35718 0.788951 0.753846 0.699422 0.793372 1.0571 1.1 0.781282 0.693502 1.01348 0.828819 0.665273 1.00353 0.983344 0.679545 0.890512
threshold=3.5000000000000004 6.3656501350523191 841.00000000000011 68.121864188312614 818.50000000000011 632.05000000000007 321.50000000000006 0.99370977118463066 -0.99273952934267318 5.7500000000000009 6.5000000000000009 611.50000000000011 49.155500928146814 7.1500000000000012 20.988534263095353 763.50000000000011 53.489269247574462 30.500000000000004 337.15000000000003 24.22558966417655 31.669255773338811 353.05000000000007 280.24522673836947 20.219473845828855 9.2504185900504137 41.95000000000001 37.95000000000001 437.05000000000007 67.738542753456969 5.5000000000000009
decision_type=2 2 2 2 2 2 2 2 2 2 2 2 2 2 2 2 2 2 2 2 2 2 2 2 2 2 2 2 2 2
left_child=1 -1 3 4 10 6 -4 8 -5 -7 -2 12 17 14 16 25 -13 -12 22 -20 21 -21 -19 24 -24 26 -15 -28 29 -29
right_child=2 -3 5 7 -6 9 -8 -9 -10 -11 11 13 -14 15 -16 -17 -18 18 19 20 -22 -23 23 -25 -26 -27 27 28 -30 -31
leaf_value=0 -0.012102717108696884 0 -0.014418643962609676 -0.0083660768577257134 -0.022108702250630791 -0.011596664533685297 0.0016921030211926925 -0.025185364687381331 0.0989105323422588 0.020052077035947892 0.00016016660122740187 -0.021242008707209908 0.12553679493443815 0.00050636762348134281 -0.029873679317118942 0.036243660604582999 0.0040733046629966956 4.2746689769579785e-05 -0.0072122395492416717 -0.0039459144894624246 -0.0056406973655911581 0.00054848431981859502 0.00017446320801696691 -0.00021739191316120528 -0.0025073081894106102 0.00068488502027279959 -0.015419926524106821 -0.0049780413254279388 0.010255514458951683 0.00062782890351118198
leaf_weight=3271 24 22 30 47 24 23 22 24 451 69 789 20 301 208 37 114 45 952 35 21 20 172 76 32 33 46 31 31 23 34
leaf_count=3271 24 22 30 47 24 23 22 24 451 69 789 20 301 208 37 114 45 952 35 21 20 172 76 32 33 46 31 31 23 34
internal_value=-0.0205799 -0.0448482 0.000822175 0.000988858 0.000599739 -0.00333333 -0.00846154 0.00327586 0.00369478 -0.000434782 0.000680026 0.000745033 0.00109214 -0.000687606 -0.00627451 0.000482546 -0.00192308 0.000586855 -0.000108128 -0.00266129 -0.00133803 -0.000181347 0.00047118 -0.00280142 -0.000504587 -0.000630027 -0.00142202 -0.00508403 -0.00238636 -0.005
internal_weight=7027 3293 3734 3590 3068 144 52 522 498 92 3044 3020 2431 589 102 487 65 2130 1341 248 213 193 1093 141 109 373 327 119 88 65
internal_count=7027 3293 3734 3590 3068 144 52 522 498 92 3044 3020 2431 589 102 487 65 2130 1341 248 213 193 1093 141 109 373 327 119 88 65
is_linear=0
shrinkage=0.05


Tree=193
num_leaves=31
num_cat=0
split_feature=0 14 10 0 0 4 1 11 5 10 10 17 3 16 4 6 9 1 0 6 1 12 1 18 16 3 14 14 14 4
split_gain=1459.05 4.51509 1.02011 1.46583 1.03267 0.856309 1.65584 0.825241 1.57507 0.724829 0.721127 0.879765 0.75 0.645347 0.536012 0.542949 0.535856 0.494841 1.17141 1.01512 1.23093 1.09716 0.53207 1.22072 0.478113 0.625515 0.766747 0.428776 0.540158 0.604523
threshold=3.5000000000000004 6.3656501350523191 0.41326329957804353 344.50000000000006 7.5000000000000009 5.1500000000000012 472.45000000000005 21.480751873014494 37.500000000000007 -0.82389248692129191 -0.40541071103273035 28.856081198836659 33.350000000000001 20.901314366683639 16.950000000000003 14.500000000000002 0.12447811117596704 318.25000000000006 452.50000000000006 53.500000000000007 430.75000000000006 147.7585125690716 420.85000000000008 53.200842819941009 24.140466430948774 30.350000000000005 17.325652384954012 37.382322533017664 33.702165167264049 20.150000000000002
decision_type=2 2 2 2 2 2 2 2 2 2 2 2 2 2 2 2 2 2 2 2 2 2 2 2 2 2 2 2 2 2
left_child=1 -1 4 7 13 6 -6 -4 -9 17 -8 -12 -13 -2 15 24 -5 27 -19 22 21 -21 -20 -24 -11 26 -26 28 29 -7
right_child=2 -3 3 16 5 9 10 8 -10 14 11 12 -14 -15 -16 -17 -18 18 19 20 -22 -23 23 -25 25 -27 -28 -29 -30 -31
leaf_value=0 -5.4251645040901124e-05 0 0.00010263794670797161 -0.0082158044719467787 7.3662367662076836e-05 0.00015973589978297031 -0.037287812912134413 -0.0053651877125524957 0.00030300974898431427 0.0004560050880417069 0.00039753682085617685 -0.0089574717948153731 -0.02532387441778185 9.0790079102935608e-07 0.0011696875882198181 -2.116999237166401e-05 0.18730065900537485 -0.011346405120482317 0.0086896857606510898 -0.0067160984695971678 0.0016326806246759415 -0.014711497492664039 -0.0066667467541737654 0.00041712898546168703 -0.0039938657630655848 -0.011642873903706231 0.017561937367726318 0.026907780849834646 -0.0021782935356276499 -2.8793183167016721e-05
leaf_weight=3271 31 22 263 42 131 242 23 21 29 598 44 28 21 27 541 561 379 27 97 26 37 20 34 192 21 21 38 72 25 143
leaf_count=3271 31 22 263 42 131 242 23 21 29 598 44 28 21 27 541 561 379 27 97 26 37 20 34 192 21 21 38 72 25 143
internal_value=-0.020587 -0.0448482 0.000808784 0.00247956 0.0004 0.000530252 -0.00228745 -0.000111821 -0.006 0.000788497 -0.00663793 -0.00467742 -0.00928571 -0.0062069 0.0013764 0.000803067 0.00440618 -0.000355191 -0.00158199 -0.00091133 -0.00584337 -0.0113043 0.000356037 -0.000973451 0.00175516 -0.001875 0.000762712 0.000746888 0.000121951 0.000584416
internal_weight=7027 3293 3734 734 3000 2942 247 313 50 2695 116 93 49 58 1780 1239 421 915 433 406 83 46 323 226 678 80 59 482 410 385
internal_count=7027 3293 3734 734 3000 2942 247 313 50 2695 116 93 49 58 1780 1239 421 915 433 406 83 46 323 226 678 80 59 482 410 385
is_linear=0
shrinkage=0.05


Tree=194
num_leaves=31
num_cat=0
split_feature=0 14 1 3 1 12 4 13 1 0 14 9 6 15 1 10 10 3 18 0 12 3 17 6 10 10 13 4 10 0
split_gain=1456.48 4.51509 1.13335 1.59748 1.20193 1.05389 1.08926 0.93821 1.50732 1.12745 0.912117 0.719302 0.648973 0.713861 1.28907 0.650919 0.849123 0.64423 0.625 0.587626 0.97507 0.522925 0.632674 0.616203 1.15492 0.536156 0.524454 0.512735 0.654843 0.67413
threshold=3.5000000000000004 6.3656501350523191 118.2 32.550000000000004 720.25000000000011 160.51367205108411 4.6500000000000012 0.50353533838595943 398.60000000000008 263.50000000000006 40.051975395449624 0.88203985695844977 13.500000000000002 45.360454904193055 309.45000000000005 -0.41327860778290426 -0.71464691390916035 46.250000000000007 41.454449052722978 6.5000000000000009 272.66343242860182 30.350000000000005 29.684328340084551 34.500000000000007 -0.57729161655172734 0.81898454963288614 0.070415698109857941 14.250000000000002 -0.98798606843101155 468.50000000000006
decision_type=2 2 2 2 2 2 2 2 2 2 2 2 2 2 2 2 2 2 2 2 2 2 2 2 2 2 2 2 2 2
left_child=1 -1 10 7 5 6 -5 8 -4 -10 19 -11 -8 14 -14 16 -15 27 -13 20 -2 22 23 24 -21 -25 -24 -7 29 -29
right_child=2 -3 3 4 -6 17 12 -9 9 11 -12 18 13 15 -16 -17 -18 -19 -20 21 -22 -23 26 25 -26 -27 -28 28 -30 -31
leaf_value=0 1.0039279335416812e-05 0 0.00073355593568044664 -0.021106041616431152 -0.02450837679741364 0.00030578567465046238 0.0001809821594460142 0.039904826891851382 -0.0032984468616002699 0.0014533494696604967 -0.0071849188580664358 0.00023807410181587502 7.5895468551478633e-06 -0.00037613869219942911 -0.010562868903585862 0.029264872051944585 -0.022059207477589896 -0.015426224707404929 -0.0096177320498255087 -8.4667336185079742e-05 -5.1539062219750913e-05 2.7859544103183474e-05 0.0001053832904806256 3.3597244506693713e-06 -3.7428088327203239e-05 -0.0015281375740384103 -0.0026557745151454446 -0.0021096399226625175 0.0062800659181333198 0.00074817288378924152
leaf_weight=3271 30 22 369 28 21 562 317 760 28 47 22 20 27 76 26 31 20 26 20 28 21 400 66 151 61 28 20 20 478 31
leaf_count=3271 30 22 369 28 21 562 317 760 28 47 22 20 27 76 26 31 20 26 20 28 21 400 66 151 61 28 20 20 478 31
internal_value=-0.0206084 -0.0448482 0.000768613 0.00123323 0.000219483 0.000371498 -0.00147619 0.00258842 0.000867769 -0.00413043 -0.000864571 -0.00132184 -0.000935613 -0.00333333 -0.00820755 -0.00129921 -0.00333333 0.00123993 -0.00625 -0.000590062 -0.00578431 -0.000238727 -0.00163842 -0.00283582 -0.00623595 -0.00114525 0.00209302 0.0014253 0.00254253 -0.00284314
internal_weight=7027 3293 3734 2907 1663 1642 525 1244 484 115 827 87 497 180 53 127 96 1117 40 805 51 754 354 268 89 179 86 1091 529 51
internal_count=7027 3293 3734 2907 1663 1642 525 1244 484 115 827 87 497 180 53 127 96 1117 40 805 51 754 354 268 89 179 86 1091 529 51
is_linear=0
shrinkage=0.05


Tree=195
num_leaves=31
num_cat=0
split_feature=0 14 14 3 1 4 1 4 13 12 10 4 16 12 6 5 2 0 9 4 12 1 15 16 16 0 18 12 1 3
split_gain=1444.54 4.51509 1.43437 1.55319 1.27135 1.30343 1.19766 1.08613 1.38352 1.57726 0.972073 0.878247 1.25859 1.11874 1.10709 0.835014 0.833824 0.684968 0.613433 0.567347 0.551828 0.516466 1.22304 0.505927 0.675558 0.532174 0.918029 0.508242 0.468153 0.457733
threshold=3.5000000000000004 6.3656501350523191 23.974700135607073 32.850000000000001 493.35000000000008 19.950000000000003 83.600000000000009 28.550000000000004 0.51762392900856802 284.91521471611526 0.99164058729498161 6.1500000000000012 21.098488460222459 101.69097151102746 60.500000000000007 23.500000000000004 274.50000000000006 6.5000000000000009 0.99906486341235867 3.4500000000000006 272.66343242860182 393.2000000000001 32.445112889720043 16.998327878183314 15.262446988291961 841.00000000000011 71.454311638622698 165.34189146355621 145.80000000000004 36.45000000000001
decision_type=2 2 2 2 2 2 2 2 2 2 2 2 2 2 2 2 2 2 2 2 2 2 2 2 2 2 2 2 2 2
left_child=1 -1 4 6 5 17 -4 8 9 28 -8 12 19 14 16 29 -13 20 23 -5 -2 -19 -23 24 -15 -25 -27 -28 -7 -14
right_child=2 -3 3 11 -6 7 10 -9 -10 -11 -12 13 15 18 -16 -17 -18 21 -20 -21 -22 22 -24 25 -26 26 27 -29 -30 -31
leaf_value=0 3.3798634552753108e-06 0 -0.0051786710097669816 -0.0056113730010961078 -0.0054708868176304229 -6.0329711265125645e-05 0.031336338510904053 0.00027587392660559856 -0.0059473934877659462 -0.0012312054024124601 -0.005946187676280172 0.017341363031186215 -0.026754864115318702 0.00038583592705216318 -0.0038593655587385494 -0.023911318275326308 -0.0078082084534490843 7.4506855347123338e-05 -0.012952594425154016 0.0050762463792144719 -4.8962109108763362e-05 -0.004982430690436853 0.00044071562372469635 0.0015247224162915664 -0.0031138638554781516 -0.013473045824220245 -0.008140467229599449 0.049213640250320788 0.00055466432207672799 0.0012715755560455629
leaf_weight=3271 26 22 29 35 37 87 834 30 23 36 55 28 29 26 20 21 40 928 20 83 21 31 71 1018 36 27 28 37 55 23
leaf_count=3271 26 22 29 35 37 87 834 30 23 36 55 28 29 26 20 21 40 928 20 83 21 31 71 1018 36 27 28 37 55 23
internal_value=-0.020708 -0.0448482 0.000581146 0.00131645 -0.000724907 -0.000466361 0.00293028 -0.00387446 -0.005199 -0.00370786 0.00325647 0.000309314 -0.0028534 0.00078125 -0.00465909 -0.0080137 -0.00161765 0.000264624 0.00118289 0.000338983 -0.0056383 0.000533981 -0.00284314 0.00133106 -0.00306452 0.00157658 -0.00206522 0.00115385 -0.00133803 -0.00461538
internal_weight=7027 3293 3734 2389 1345 1308 918 231 201 178 889 1471 191 1280 88 73 68 1077 1192 118 47 1030 102 1172 62 1110 92 65 142 52
internal_count=7027 3293 3734 2389 1345 1308 918 231 201 178 889 1471 191 1280 88 73 68 1077 1192 118 47 1030 102 1172 62 1110 92 65 142 52
is_linear=0
shrinkage=0.05


Tree=196
num_leaves=31
num_cat=0
split_feature=0 14 14 4 14 0 0 4 0 3 3 2 11 8 8 1 17 4 18 13 1 7 6 0 4 3 1 3 13 11
split_gain=1442.83 4.51509 1.40495 0.835308 0.926244 0.752463 0.703734 0.654675 0.622558 0.868116 0.622902 0.526383 0.602583 1.06969 1.12232 1.28757 2.10974 1.00534 0.743671 1.31008 1.09884 0.602759 1.09578 1.25357 0.956643 0.574465 0.567679 0.76225 0.730097 0.918815
threshold=3.5000000000000004 6.3656501350523191 65.837664182325213 3.6500000000000008 68.917765224499036 818.50000000000011 793.50000000000011 18.250000000000004 7.5000000000000009 28.650000000000002 31.450000000000003 321.50000000000006 54.689586713636793 -0.78656609248549325 -0.60355339059327384 493.35000000000008 27.715266127371958 24.250000000000004 38.270594769242109 0.53097657059921222 404.55000000000007 0.37940952255126054 60.500000000000007 611.50000000000011 5.4500000000000011 30.450000000000003 140.00000000000003 29.650000000000002 0.036811201445347795 1.7279419081428748
decision_type=2 2 2 2 2 2 2 2 2 2 2 2 2 2 2 2 2 2 2 2 2 2 2 2 2 2 2 2 2 2
left_child=1 -1 5 4 -4 6 8 -7 9 -2 -11 12 13 -10 15 18 -17 21 19 20 -15 24 23 -23 -14 26 28 -28 -16 -30
right_child=2 -3 3 -5 -6 7 -8 -9 11 10 -12 -13 17 14 25 16 -18 -19 -20 -21 -22 22 -24 -25 -26 -27 27 -29 29 -31
leaf_value=0 7.393579317521449e-05 0 0.017252901065506417 0.021630301727078083 -0.012558421749091164 -0.013523207232774571 0.061498405978631425 0.0016018675389584611 0.035729275121211858 -4.1802066143762644e-05 -2.7879229208642042e-05 0.032312436206246464 -0.023099813186578944 0.00013136508344424686 0.00012375269147435974 -0.0078843918836507387 -0.0037246141740616954 0.013192835472045708 0.00020840202304687599 -0.0021551235448178398 -0.0047333091744201448 0.036519413375435905 -0.0093694687307895545 -0.020862580424015658 -0.0002336377779318331 0.00010484509935154484 0.001243124787108617 -0.0019591585034616312 -0.0017317009712448754 -4.3461119035059603e-05
leaf_weight=3271 24 22 20 661 33 28 74 22 338 23 20 123 30 108 93 20 35 47 191 43 21 26 21 30 219 952 252 24 26 230
leaf_count=3271 24 22 20 661 33 28 74 22 338 23 20 123 30 108 93 20 35 47 191 43 21 26 21 30 219 952 252 24 26 230
internal_value=-0.0207222 -0.0448482 0.000554365 0.00254902 -0.00349057 8.27816e-05 0.000185185 -0.006 6.21549e-05 -0.00470149 -0.00895349 0.000174974 2.95641e-05 0.000327904 -0.000112782 -0.00241627 -0.00954545 -0.00183646 -0.00133609 -0.00372093 -0.00120155 -0.00282209 -0.00668831 -0.00303571 -0.00162651 0.000497781 -0.00068 0.00101449 -0.00202006 -0.00339844
internal_weight=7027 3293 3734 714 53 3020 2970 50 2896 67 43 2829 2706 2333 1995 418 55 373 363 172 129 326 77 56 249 1577 625 276 349 256
internal_count=7027 3293 3734 714 53 3020 2970 50 2896 67 43 2829 2706 2333 1995 418 55 373 363 172 129 326 77 56 249 1577 625 276 349 256
is_linear=0
shrinkage=0.05


Tree=197
num_leaves=31
num_cat=0
split_feature=0 14 18 0 6 0 12 0 15 18 0 11 1 1 18 17 7 10 4 11 2 17 14 0 5 5 1 1 13 16
split_gain=1436.88 4.51509 0.982954 1.03054 0.93913 0.762869 0.680763 1.11855 1.34088 0.881761 1.85751 1.90851 1.67996 1.26932 1.2096 1.10893 1.08425 1.13549 0.954762 1.19146 0.81025 1.06522 0.793609 0.781843 0.763455 0.756793 0.948389 0.744728 0.825335 0.515455
threshold=3.5000000000000004 6.3656501350523191 73.023598307963354 826.50000000000011 5.5000000000000009 870.50000000000011 105.97532364483261 280.50000000000006 29.68263639145399 37.199530931578501 659.50000000000011 52.005368904640719 342.05000000000001 356.45000000000005 67.51101656786885 31.533577015076339 0.60355339059327384 0.18399153619612912 6.0500000000000007 63.718750677909505 210.50000000000003 28.504165138946732 64.548633676675948 157.50000000000003 17.500000000000004 45.500000000000007 89.250000000000014 175.75000000000003 0.56546986341837824 23.08948345406899
decision_type=2 2 2 2 2 2 2 2 2 2 2 2 2 2 2 2 2 2 2 2 2 2 2 2 2 2 2 2 2 2
left_child=1 -1 3 6 -5 -4 7 23 -9 12 16 14 27 -14 20 -15 -11 -18 19 -13 -12 -22 -20 25 -10 -2 -27 28 -8 -7
right_child=2 -3 5 4 -6 29 9 8 24 10 11 18 13 15 -16 -17 17 -19 22 -21 21 -23 -24 -25 -26 26 -28 -29 -30 -31
leaf_value=0 4.0784081843363407e-05 0 0.061448330165886925 -0.001939281728726236 -0.013705237795244308 0.024500572551968781 -4.4458712430505357e-06 -0.0071083303367077081 -0.016286680346860854 0.054255650660914215 -0.01224788090632313 -0.021470360438157976 -0.0071228972488427914 -0.00042043165696615723 0.0040547274059173563 -0.002178620003936363 0.00093208251352638449 -0.0052484816301522109 1.2228994294709343e-05 0.0036960615124077053 -0.020252124325678932 0.013913567616290654 0.03046891225985204 0.00068957006530514847 -0.0010949978308869412 -9.17620269432356e-06 -0.0014298158827067578 0.0017188518135408842 -0.006757558941827755 -0.006709917635975577
leaf_weight=3271 106 22 356 49 20 22 595 30 26 671 21 24 21 111 29 34 43 30 260 35 23 23 142 185 258 222 28 318 24 28
leaf_count=3271 106 22 356 49 20 22 595 30 26 671 21 24 21 111 29 34 43 30 260 35 23 23 142 185 258 222 28 318 24 28
internal_value=-0.020772 -0.0448482 0.000460632 0.000177284 -0.00586956 0.00278325 0.000305309 -0.000906433 -0.00328025 0.000736273 0.00161799 -0.000565529 -0.000303717 -0.00493976 -0.00697917 -0.00327586 0.00325269 -0.00253425 0.000770065 -0.00516949 -0.0106716 -0.00695652 0.00164179 0.00047135 -0.00221831 -0.000898876 -0.0024 0.00051761 -0.00049273 -0.003
internal_weight=7027 3293 3734 3328 69 406 3259 855 314 2404 1301 557 1103 166 96 145 744 73 461 59 67 46 402 541 284 356 250 937 619 50
internal_count=7027 3293 3734 3328 69 406 3259 855 314 2404 1301 557 1103 166 96 145 744 73 461 59 67 46 402 541 284 356 250 937 619 50
is_linear=0
shrinkage=0.05


Tree=198
num_leaves=31
num_cat=0
split_feature=0 14 10 18 0 6 14 0 18 11 1 17 16 12 4 1 0 9 0 1 9 4 0 16 17 13 0 4 2 0
split_gain=1436.03 4.51509 0.939613 0.774149 1.08843 0.93913 0.646886 0.84813 1.6527 1.21271 1.15622 1.7535 1.19337 1.50893 1.33561 0.803571 0.777391 1.37376 0.759109 0.716653 1.03978 0.715534 0.920183 1.76418 0.696677 0.63962 0.632661 1.07315 0.626724 1.26749
threshold=3.5000000000000004 6.3656501350523191 -0.99626127116974506 73.023598307963354 826.50000000000011 5.5000000000000009 60.762895483759443 611.50000000000011 49.932353608097806 58.75606700420277 337.15000000000003 31.377959158067679 20.10298157753639 124.74909930445283 12.450000000000001 363.80000000000001 656.50000000000011 0.15855791680139919 635.50000000000011 140.00000000000003 -0.99273952934267318 6.9500000000000011 684.50000000000011 20.988534263095353 32.180017565320156 0.33761941724385008 832.00000000000011 5.7500000000000009 188.50000000000003 340.50000000000006
decision_type=2 2 2 2 2 2 2 2 2 2 2 2 2 2 2 2 2 2 2 2 2 2 2 2 2 2 2 2 2 2
left_child=1 -1 -2 4 6 -6 7 8 10 16 19 12 13 14 -12 -15 18 -18 -9 28 -21 22 -8 -24 -13 -14 -5 -28 -4 -30
right_child=2 -3 3 26 5 -7 21 9 -10 -11 11 24 25 15 -16 -17 17 -19 -20 20 -22 -23 23 -25 -26 -27 27 -29 29 -31
leaf_value=0 -0.00053276709539640374 0 2.1934405368340294e-06 0.090868554720494044 -0.0018423176422900341 -0.013019975905481807 0.062521450324795058 -0.021963056191574876 0.12097492186950541 4.3941993516902989e-05 -0.0062698408266340239 -0.0037175584313985884 -0.0015396182770189889 -0.0055250118473063881 -0.0030182609578864403 0.0083994627484616606 -0.011094110130194682 -0.019817483315854562 0.010234966594456298 -0.0045808610765331837 0.0013330543322946575 0.010837736466657625 0.0026195242081487168 -0.039116118597747399 -0.0018848574423895603 0.00064282303551057196 -0.023899913915178522 0.017363729357995749 -0.0040376681977334263 0.032884037174174999
leaf_weight=3271 140 22 788 300 49 20 63 40 226 217 27 36 40 20 29 36 27 28 38 28 640 439 30 23 28 237 23 83 48 31
leaf_count=3271 140 22 788 300 49 20 63 40 226 217 27 36 40 20 29 36 27 28 38 28 640 439 30 23 28 237 23 83 48 31
internal_value=-0.0207791 -0.0448482 0.000447242 0.000603784 0.000341907 -0.00586956 0.00047932 0.000144306 0.000505872 -0.00214286 4.52718e-05 -0.00217439 -0.000912596 -0.00526786 -0.0110714 0.000535714 -0.00590226 -0.0104545 -0.00269231 0.000700326 0.00193114 0.00202703 -0.00146552 -0.00632075 -0.00984375 0.000848376 0.0026601 -0.000660377 -0.000247981 -0.00449367
internal_weight=7027 3293 3734 3594 3188 69 3119 2564 2214 350 1988 453 389 112 56 56 133 55 78 1535 668 555 116 53 64 277 406 106 867 79
internal_count=7027 3293 3734 3594 3188 69 3119 2564 2214 350 1988 453 389 112 56 56 133 55 78 1535 668 555 116 53 64 277 406 106 867 79
is_linear=0
shrinkage=0.05


Tree=199
num_leaves=31
num_cat=0
split_feature=0 14 1 4 0 3 16 10 15 1 17 0 11 0 18 4 16 15 17 16 14 5 10 0 15 1 4 5 5 0
split_gain=1437.73 4.51509 0.950545 1.1113 1.35 0.811231 1.29129 0.805968 0.618986 0.773536 1.20697 1.0279 0.915141 1.14776 1.12389 0.83627 2.19174 0.772722 0.755912 3.25389 1.81938 0.955401 0.735345 0.762498 0.976619 0.678788 0.63083 0.647843 0.594426 0.70983
threshold=3.5000000000000004 6.3656501350523191 566.10000000000014 3.8500000000000001 663.50000000000011 32.650000000000013 23.342973442004695 0.99164058729498161 68.88392025455309 318.25000000000006 31.27657349735799 407.50000000000006 34.685640458452077 344.50000000000006 24.407514054846292 11.65 17.01523627686905 32.445112889720043 27.656462721095597 21.121786912540429 19.763052436788708 20.500000000000004 -0.54160775828284857 468.50000000000006 35.237453461000868 446.00000000000006 25.650000000000002 58.500000000000007 27.500000000000004 763.50000000000011
decision_type=2 2 2 2 2 2 2 2 2 2 2 2 2 2 2 2 2 2 2 2 2 2 2 2 2 2 2 2 2 2
left_child=1 -1 8 4 -4 7 -7 -5 9 11 15 12 -2 14 -14 16 -11 25 19 20 -18 -20 23 24 -17 -12 27 28 -25 -30
right_child=2 -3 3 5 -6 6 -8 -9 -10 10 17 -13 13 -15 -16 22 18 -19 21 -21 -22 -23 -24 26 -26 -27 -28 -29 29 -31
leaf_value=0 1.7861917190361025e-05 0 0.098675705797838811 0.13155777237533714 -0.018484736718907529 0.014526022616440277 -0.012285905561128407 -0.028300690285375497 0.02338991921333939 -0.0052674803230665229 -0.0011161786711087862 0.057356812713409394 -0.00043929990848283278 0.017066203998129106 -0.0043035773857360597 -0.00015447759622965051 -0.0024481469108995012 -0.0030225083395031471 -0.035491922933338131 -0.024549474379922141 0.00042684058658841852 0.0023903329028085877 0.0044273108450836622 0.00037243378277360031 -0.0065582501893370147 -0.0053589582506477409 0.010322566123631265 0.0077975045322461918 -0.0025516815289889859 0.040229281678372142
leaf_weight=3271 1312 22 24 389 40 282 66 37 113 29 20 124 39 64 29 39 27 37 23 20 184 127 224 137 20 22 87 55 120 44
leaf_count=3271 1312 22 24 389 40 282 66 37 113 29 20 124 39 64 29 39 27 37 23 20 184 127 224 137 20 22 87 55 120 44
internal_value=-0.0207649 -0.0448482 0.000474023 0.00195704 -0.004375 0.00248062 0.000689655 0.00394366 4.48897e-05 -0.000102407 -0.00104938 0.000631378 0.000256233 -0.00371212 -0.00823529 -0.000633803 -0.00243902 -0.00702532 -0.00143045 -0.00322511 -0.0013981 0.00133333 0.000385675 -0.000677291 -0.00601695 -0.0116667 3.38602e-05 -0.000898876 -0.00181063 -0.00384146
internal_weight=7027 3293 3734 838 64 774 348 426 2896 2783 1215 1568 1444 132 68 1136 410 79 381 231 211 150 726 502 59 42 443 356 301 164
internal_count=7027 3293 3734 838 64 774 348 426 2896 2783 1215 1568 1444 132 68 1136 410 79 381 231 211 150 726 502 59 42 443 356 301 164
is_linear=0
shrinkage=0.05


Tree=200
num_leaves=31
num_cat=0
split_feature=0 14 10 0 0 13 4 17 14 15 10 9 9 12 3 2 14 17 16 9 3 15 4 3 9 5 6 15 1 0
split_gain=1434.34 4.51509 0.83247 2.38882 1.06522 1.63943 0.866125 1.22394 0.953331 1.7689 0.871797 0.774574 0.683278 0.667302 0.665138 0.629667 0.920212 0.854157 0.671329 0.937545 0.950722 1.07135 0.892877 0.856637 0.626087 0.7 0.623886 0.67413 0.615895 0.978056
threshold=3.5000000000000004 6.3656501350523191 0.38167508216062856 344.50000000000006 207.50000000000003 0.34492460234133032 10.65 31.27657349735799 38.432405100977789 78.802865643448854 -0.69014782361074123 0.12447811117596704 0.99906486341235867 274.84015360999092 27.950000000000003 175.50000000000003 19.763052436788708 21.129379814467637 21.188289925895575 0.99052327954040398 33.550000000000004 65.79379496324637 3.8500000000000001 35.550000000000004 0.4749466738948262 36.500000000000007 52.500000000000007 52.386460151817936 318.25000000000006 763.50000000000011
decision_type=2 2 2 2 2 2 2 2 2 2 2 2 2 2 2 2 2 2 2 2 2 2 2 2 2 2 2 2 2 2
left_child=1 -1 6 4 -4 -6 7 15 -9 -10 14 -5 13 -12 -8 -2 -17 -18 22 20 -20 -22 -19 -23 -7 -26 -24 -28 -16 -30
right_child=2 -3 3 11 5 24 10 8 9 -11 12 -13 -14 -15 28 16 17 18 19 -21 21 23 26 -25 25 -27 27 -29 29 -31
leaf_value=0 3.2438778713024087e-05 0 8.6957808046304267e-05 -0.016983607029960861 -0.0037509489412519866 0.039365322291608038 -0.00050662299035706705 -0.00022735202713569026 -0.036734257801844493 0.0047494284747530849 0.0011487787422439597 0.15233254144950925 -0.0092769248334880934 -3.7627011138732973e-05 2.2676581520893885e-05 -0.0032873749207084366 -0.0019896362302190911 -0.0051038505263588082 0.0045907659996383245 0.021218438297044895 -0.022290307988772858 -0.016791783082750904 0.0031080013819483211 2.3168363157929572e-06 -0.0045349568973609908 0.00024981801547271308 -0.0030048781174468963 0.0082861071124603163 -0.0016198507309557663 0.022242301093038569
leaf_weight=3271 371 22 224 42 29 24 32 42 32 21 872 394 34 101 524 34 32 48 26 27 29 20 187 41 21 24 20 31 308 144
leaf_count=3271 371 22 224 42 29 24 32 42 32 21 872 394 34 101 524 34 32 48 26 27 29 20 187 41 21 24 20 31 308 144
internal_value=-0.0207934 -0.0448482 0.000420461 0.00189974 -0.00136646 -0.00571429 4.3683e-05 -0.00119147 -0.00657895 -0.0110377 0.000632755 0.00431193 0.00167329 0.00191675 -0.000406746 -0.000600462 -0.00176768 -0.00118221 -0.000594405 -0.00339161 -0.00534483 -0.00777778 0.000804196 -0.00401639 -0.00152174 -0.005 0.00205882 -0.00284314 -0.00017418 -0.00152655
internal_weight=7027 3293 3734 758 322 98 2976 961 95 53 2015 436 1007 973 1008 866 495 461 429 143 116 90 286 61 69 45 238 51 976 452
internal_count=7027 3293 3734 758 322 98 2976 961 95 53 2015 436 1007 973 1008 866 495 461 429 143 116 90 286 61 69 45 238 51 976 452
is_linear=0
shrinkage=0.05


Tree=201
num_leaves=31
num_cat=0
split_feature=0 14 1 4 10 0 0 5 10 15 0 18 0 0 18 4 4 3 3 3 0 4 15 9 11 0 16 0 1 14
split_gain=1433.49 4.51509 1.11979 1.10887 1.62163 0.965128 0.7 0.660296 0.657116 0.654842 0.85151 0.800041 0.637436 0.762205 1.24015 1.12849 2.95539 0.828572 0.778093 0.857148 0.820964 0.704823 1.21572 0.612566 0.57636 0.936643 0.571429 0.761905 0.549555 1.16962
threshold=3.5000000000000004 6.3656501350523191 566.10000000000014 5.4500000000000011 0.30080866500414788 777.50000000000011 848.50000000000011 12.500000000000002 0.20088311396693925 68.88392025455309 818.50000000000011 68.121864188312614 793.50000000000011 611.50000000000011 49.932353608097806 11.65 9.8500000000000032 37.650000000000013 34.650000000000013 41.95000000000001 763.50000000000011 14.950000000000001 51.64897845122865 -0.99273952934267318 48.27472279958851 746.50000000000011 19.690295878715236 676.50000000000011 318.25000000000006 44.106058865047878
decision_type=2 2 2 2 2 2 2 2 2 2 2 2 2 2 2 2 2 2 2 2 2 2 2 2 2 2 2 2 2 2
left_child=1 -1 9 4 5 -4 -7 8 -5 10 12 -12 13 14 28 16 17 -15 -17 20 21 -20 -23 24 -9 -26 -24 -28 -2 -30
right_child=2 -3 3 7 -6 6 -8 23 -10 -11 11 -13 -14 15 -16 18 -18 -19 19 -21 -22 22 26 -25 25 -27 27 -29 29 -31
leaf_value=0 1.621454624717833e-05 0 -0.018959332245509879 -0.0092784066769068616 0.15572912915834639 0.02739508880344348 -0.0085099813986975192 0.036884862889392737 0.11791485757481426 0.022148037982487448 -0.020588309365422799 0.012731032969549434 0.03562508348515555 -0.01945666740417621 0.093508696089147317 0.0097501835964377958 -0.019485548744990103 0.0013715234815059913 0.00030902090664006149 0.00096781875597135014 0.049895638597201614 -0.016962248465892532 0.0028461707746001348 0.072231569215073468 -0.036886561985584147 0.013683986728881976 0.0059652005175075181 -0.004358372725968316 -0.0018437380283937391 0.00091156016572029291
leaf_weight=3271 1543 22 37 60 61 21 24 24 29 113 25 21 60 37 125 68 37 58 36 50 43 22 21 541 20 21 27 36 319 255
leaf_count=3271 1543 22 37 60 61 21 24 24 29 113 25 21 60 37 125 68 37 58 36 50 43 22 21 541 20 21 27 36 319 255
internal_value=-0.0208005 -0.0448482 0.00040707 0.00201671 -0.00199301 -0.00658537 -0.00166667 0.00284173 -0.00117978 -5.87015e-05 -0.000210205 -0.00695652 -9.68211e-05 -0.000211057 0.000160571 -0.00212644 -0.00598485 -0.00131579 -0.000445544 -0.00180851 -0.00337838 -0.00521127 -0.00726415 0.00343234 -0.00115385 -0.0047561 -0.00452381 -0.00690476 -0.000125177 -0.00144599
internal_weight=7027 3293 3734 838 143 82 45 695 89 2896 2783 46 2737 2677 2242 435 132 95 303 235 185 142 106 606 65 41 84 63 2117 574
internal_count=7027 3293 3734 838 143 82 45 695 89 2896 2783 46 2737 2677 2242 435 132 95 303 235 185 142 106 606 65 41 84 63 2117 574
is_linear=0
shrinkage=0.05


Tree=202
num_leaves=31
num_cat=0
split_feature=0 14 14 0 13 12 1 0 18 8 4 1 17 18 0 4 0 11 1 11 4 9 13 9 3 1 18 4 5 13
split_gain=1438.58 4.51509 0.93819 1.22481 1.22092 0.949845 1.41324 0.6551 1.4317 1.23291 0.865801 0.817976 0.857333 0.707218 0.661547 1.30812 0.746868 0.636861 0.632325 0.621915 0.607917 0.723164 0.604071 0.587502 0.566893 0.537453 1.34716 0.625 0.507352 0.516033
threshold=3.5000000000000004 6.3656501350523191 59.594188945555075 844.50000000000011 0.99365302300695568 234.49400325887072 637.80000000000007 656.50000000000011 49.932353608097806 -0.9159756150367534 5.4500000000000011 337.15000000000003 23.051063572897608 37.199530931578501 295.50000000000006 13.350000000000003 542.50000000000011 41.930302315728589 404.55000000000007 67.738542753456969 15.250000000000002 -0.085961614525331256 0.52172247240588365 -0.99273952934267318 38.45000000000001 245.00000000000003 17.685032753126457 11.850000000000003 23.500000000000004 0.61768869724180819
decision_type=2 2 2 2 2 2 2 2 2 2 2 2 2 2 2 2 2 2 2 2 2 2 2 2 2 2 2 2 2 2
left_child=1 -1 7 5 19 23 -7 8 11 10 -9 13 -13 17 15 18 28 25 -14 -5 22 -22 -19 -4 -10 -2 27 -27 -16 -30
right_child=2 -3 3 4 -6 6 -8 9 24 -11 -12 12 14 -15 16 -17 -18 20 -20 -21 21 -23 -24 -25 -26 26 -28 -29 29 -31
leaf_value=0 -1.2628599477229145e-06 0 -0.00087133421049961435 -0.0023494446947120058 0.00053814946269040425 0.00091099772007894545 -0.019016594991068388 -0.017042919144129479 0.05190528413818174 -0.012307314937534231 1.5389017282444645e-05 -0.0043325240703060196 0.00087576635624619112 0.11056767162304987 0.0012446554885461609 -0.0012942791219772436 -0.012139315786595726 -0.00047409484885203217 -0.0024390988517025971 -0.0085998504765613798 0.015793050651876535 -0.0048679645489034459 -0.008955801159210559 0.056809288023590657 -0.0038587229090159313 0.0048524843481203605 0.0065477694523974174 -0.0013896925957309096 -0.0019090452962074397 0.012279718745226875
leaf_weight=3271 1143 22 44 23 83 340 20 33 294 34 231 34 32 77 107 25 37 31 30 22 32 27 21 504 21 20 254 20 166 29
leaf_count=3271 1143 22 44 23 83 340 20 33 294 34 231 34 32 77 107 25 37 31 30 22 32 27 21 504 21 20 254 20 166 29
internal_value=-0.0207578 -0.0448482 0.000487413 0.00176641 -0.0028125 0.00241189 0.000416667 -3.70626e-06 0.000270834 -0.00221476 -0.00106061 -0.000203837 -0.00206522 0.000323077 -0.0014554 -0.00534483 -0.000457227 9.04395e-05 -0.00145161 -0.00944444 -0.00355856 -8.47456e-05 -0.0075 0.00372263 0.0034127 0.000372304 0.00227891 -0.00625 0.000364239 -0.00115385
internal_weight=7027 3293 3734 1036 128 908 360 2698 2400 298 264 2085 460 1625 426 87 339 1548 62 45 111 59 52 548 315 1437 294 40 302 195
internal_count=7027 3293 3734 1036 128 908 360 2698 2400 298 264 2085 460 1625 426 87 339 1548 62 45 111 59 52 548 315 1437 294 40 302 195
is_linear=0
shrinkage=0.05


Tree=203
num_leaves=31
num_cat=0
split_feature=0 14 14 0 18 9 0 0 0 0 4 18 3 10 0 13 13 6 5 16 0 9 0 1 14 1 17 6 11 0
split_gain=1441.98 4.51509 0.959358 1.12349 0.760795 0.698273 0.72803 0.696642 0.710152 0.576416 1.16371 1.08891 0.966376 0.91074 0.645751 0.849593 0.643966 0.818182 0.647689 0.648543 0.600421 0.810422 0.55 0.459574 0.457045 1.04921 1.55973 1.07068 1.27162 0.889969
threshold=3.5000000000000004 6.3656501350523191 66.246348736709834 844.50000000000011 76.140408329375774 0.98046008095854986 726.50000000000011 818.50000000000011 793.50000000000011 659.50000000000011 5.4500000000000011 49.932353608097806 35.550000000000004 0.98927755889796032 611.50000000000011 0.79706739290429829 0.81881597012293439 2.5000000000000004 32.500000000000007 19.092542169704419 746.50000000000011 -0.38564912093021547 635.50000000000011 484.35000000000008 44.106058865047878 342.05000000000001 23.526699221044129 81.500000000000014 32.384355395341437 263.50000000000006
decision_type=2 2 2 2 2 2 2 2 2 2 2 2 2 2 2 2 2 2 2 2 2 2 2 2 2 2 2 2 2 2
left_child=1 -1 7 5 -5 -4 -7 8 9 11 12 24 -11 14 -13 22 17 -12 -18 -20 21 -21 -16 -22 25 -2 -27 28 -28 -26
right_child=2 -3 3 4 -6 6 -8 -9 -10 10 16 13 -14 -15 15 -17 18 -19 19 20 23 -23 -24 -25 29 26 27 -29 -30 -31
leaf_value=0 8.2777055900462333e-06 0 0.040258166675560286 -0.0065281439949201299 0.00019377141877319161 -0.01659100287109861 0.041812249333206625 -0.0081698578969846419 0.0499473877931884 -0.021744069228328909 -0.0085352810577669948 0.11114967152140387 -0.0037548585643816393 -0.054027301042277709 -0.021617398759045142 0.024643607852580122 0.0012463937230576304 7.8550047340903535e-05 0.0065929005772495984 -0.021684832891511678 -0.0051437422681714744 -3.0315019192697538e-05 0.00056822857051383967 0.047757588941475707 -0.0020228657403907032 -0.0057201310725116736 -0.0020522035250239144 -0.0086599957875165331 0.00035450792598169291 0.0025406343170214039
leaf_weight=3271 1549 22 535 38 69 20 24 52 77 20 22 235 21 20 30 57 121 22 50 44 20 35 36 27 30 21 77 23 123 336
leaf_count=3271 1549 22 535 38 69 20 24 52 77 20 22 235 21 20 30 57 121 22 50 44 20 35 36 27 30 21 77 23 123 336
internal_value=-0.0207293 -0.0448482 0.000540975 0.00223032 -0.00247664 0.00310017 -0.00295455 0.000160761 0.000260347 0.00013532 -0.00167539 0.000407962 -0.00963415 0.0028836 0.00346369 0.000528455 -0.000718475 -0.00636364 0.000117845 -0.00181818 -0.00373016 -0.0063924 -0.00333333 0.000744681 -2.54746e-05 -0.000354155 -0.00340164 -0.00217489 -0.001 0.0015847
internal_weight=7027 3293 3734 686 107 579 44 3048 2996 2919 382 2537 41 378 358 123 341 44 297 176 126 79 66 47 2159 1793 244 223 200 366
internal_count=7027 3293 3734 686 107 579 44 3048 2996 2919 382 2537 41 378 358 123 341 44 297 176 126 79 66 47 2159 1793 244 223 200 366
is_linear=0
shrinkage=0.05


Tree=204
num_leaves=31
num_cat=0
split_feature=0 14 18 0 16 6 18 0 0 14 10 4 16 1 9 18 3 5 14 10 18 2 14 10 1 1 14 5 12 6
split_gain=1439.43 4.51509 1.0127 1.30904 1.48135 0.817818 0.643631 1.41801 1.43763 1.34029 1.02575 1.25983 2.46053 0.816429 0.783107 0.836515 0.850694 0.952381 1.04531 1.50613 1.83449 0.867189 0.73892 0.710817 0.630629 0.788817 0.902369 0.571371 0.543035 0.57726
threshold=3.5000000000000004 6.3656501350523191 76.140408329375774 829.50000000000011 22.203956883543508 4.5000000000000009 37.199530931578501 618.50000000000011 763.50000000000011 18.953793107244671 0.36570897681179731 7.1500000000000012 21.121786912540429 493.35000000000008 -0.99273952934267318 63.553354942377659 41.95000000000001 16.500000000000004 49.227130918056098 -0.72658061058372014 59.840242753896526 289.50000000000006 53.489269247574462 0.99164058729498161 337.15000000000003 450.65000000000003 52.455645900048559 30.500000000000004 104.12839838725431 81.500000000000014
decision_type=2 2 2 2 2 2 2 2 2 2 2 2 2 2 2 2 2 2 2 2 2 2 2 2 2 2 2 2 2 2
left_child=1 -1 3 6 5 -5 24 9 10 13 11 12 22 -8 -13 16 17 -16 27 20 21 -20 -9 28 -2 26 -26 -19 29 -11
right_child=2 -3 -4 4 -6 -7 7 8 -10 23 -12 14 -14 -15 15 -17 -18 18 19 -21 -22 -23 -24 -25 25 -27 -28 -29 -30 -31
leaf_value=0 7.6913163719569166e-06 0 0.044045853765380102 0.0085062573164661516 -0.01163352726039993 -0.0094974514554953954 -0.00048491370335268123 -0.014930558087458752 0.020581659615646827 0.00027631904128232052 0.1361350321164215 -0.026293342214453272 -0.034949206509214639 -0.0037778572580850489 -0.018393884632009624 0.018435165611623928 0.00080989486114376873 -0.0034917978014894799 -0.0042652298704196163 0.018178281856111641 -0.0032775612823462185 0.0011410596311186528 0.0015275509536146884 -0.019829015918348004 -0.0010972807210254884 0.0015823868810747256 -0.02132660526936148 0.0041432678888844356 0.054979671524645092 -0.0072431783066211237
leaf_weight=3271 1552 22 280 39 23 20 73 20 276 92 51 23 31 21 30 105 48 29 31 42 26 25 44 35 133 26 21 57 560 21
leaf_count=3271 1552 22 280 39 23 20 73 20 276 92 51 23 31 21 30 105 48 29 31 42 26 25 44 35 133 26 21 57 560 21
internal_value=-0.0207507 -0.0448482 0.000500804 0.000266358 -0.00597561 -0.00177966 0.00041815 0.00112805 -0.000310262 0.00263092 -0.00176157 -0.0024364 -0.00763158 -0.00297872 -0.00125 -0.000725191 -0.00211806 -0.00333333 -0.00214286 -0.00508064 -0.00902439 -0.00392857 -0.00203125 0.00337571 -0.000254041 -0.00305556 -0.00441558 0.00209302 0.003737 0.000575221
internal_weight=7027 3293 3734 3454 82 59 3372 1640 838 802 562 511 95 94 416 393 288 240 210 124 82 56 64 708 1732 180 154 86 673 113
internal_count=7027 3293 3734 3454 82 59 3372 1640 838 802 562 511 95 94 416 393 288 240 210 124 82 56 64 708 1732 180 154 86 673 113
is_linear=0
shrinkage=0.05


Tree=205
num_leaves=31
num_cat=0
split_feature=0 14 10 0 9 4 15 6 3 3 10 0 6 18 12 1 1 14 0 14 5 9 11 2 17 16 12 9 1 5
split_gain=1438.58 4.51509 0.907205 1.92535 1.05428 0.907675 1.40821 1.32847 0.811524 0.825708 0.645055 0.743881 0.734303 0.740355 0.720604 0.656252 1.10743 0.86631 0.607365 1.29713 1.18347 0.557811 0.700492 2.37639 0.551623 0.631165 0.517663 0.850441 0.748362 0.694668
threshold=3.5000000000000004 6.3656501350523191 0.38167508216062856 344.50000000000006 0.12447811117596704 7.6500000000000012 70.548486108421613 17.500000000000004 46.750000000000007 20.650000000000002 -0.84291031405530259 818.50000000000011 77.500000000000014 9.2504185900504137 274.84015360999092 434.65000000000003 346.25000000000006 37.787467266055152 207.50000000000003 49.707586054855874 36.500000000000007 0.67125374152323958 7.2105124014547171 23.500000000000004 19.74084454406945 19.333464546393678 160.51367205108411 0.99817629101047833 26.150000000000002 14.500000000000002
decision_type=2 2 2 2 2 2 2 2 2 2 2 2 2 2 2 2 2 2 2 2 2 2 2 2 2 2 2 2 2 2
left_child=1 -1 5 18 -5 6 -2 -8 9 -7 11 12 -11 -14 26 16 17 24 21 20 -20 22 23 -4 -15 -26 29 28 -28 -12
right_child=2 -3 3 4 -6 8 7 -9 -10 10 14 -13 13 15 -16 -17 -18 -19 19 -21 -22 -23 -24 -25 25 -27 27 -29 -30 -31
leaf_value=0 -2.3787316339034457e-05 0 0.0018793716694762035 -0.023122471261355242 0.13218577587447308 -0.0002428594349351723 -0.0018111886891128389 -0.02957677347145515 -0.015038148853511846 4.1232461425871024e-05 -0.0079007934083117574 -0.018910924146483005 2.6645976338911997e-05 0.00028274194498269825 -5.0646990354432952e-05 0.0036954299188733993 -0.0070931490885718946 0.026111709175327305 -0.0036069225931019779 0.00017873689690860395 -0.00098055538240707989 0.00050487017838472239 0.00053757898152028186 -0.001858005270711071 -0.0032286237132944403 -1.9247199957499913e-05 -0.0014543721802294928 -0.013621713103277311 0.0056577611012004134 0.00015306459636394348
leaf_weight=3271 449 22 29 42 394 21 51 31 21 552 50 36 57 24 188 26 32 25 21 47 30 69 105 21 34 27 23 35 650 644
leaf_count=3271 449 22 29 42 394 21 51 31 21 552 50 36 57 24 188 26 32 25 21 47 30 69 105 21 34 27 23 35 650 644
internal_value=-0.0207578 -0.0448482 0.000487413 0.00203166 0.00419725 9.40862e-05 -0.00177966 -0.00780488 0.000501023 0.000585809 0.000672077 -0.000473555 -0.000148005 -0.00255556 0.00125786 -0.00422619 -0.00556338 -0.00318182 -0.000900621 -0.00418367 -0.00970588 0.000535714 -0.00112903 -0.006 -0.00558823 -0.00811475 0.00164765 0.00259887 0.00299406 0.000677234
internal_weight=7027 3293 3734 758 436 2976 531 82 2445 2424 2403 813 777 225 1590 168 142 110 322 98 51 224 155 50 85 61 1402 708 673 694
internal_count=7027 3293 3734 758 436 2976 531 82 2445 2424 2403 813 777 225 1590 168 142 110 322 98 51 224 155 50 85 61 1402 708 673 694
is_linear=0
shrinkage=0.05


Tree=206
num_leaves=31
num_cat=0
split_feature=0 14 0 18 0 12 18 0 11 5 4 9 15 12 10 10 16 2 6 16 3 12 12 14 4 13 4 4 15 1
split_gain=1432.64 4.51509 0.842955 1.27616 1.09953 0.640036 0.991709 1.58946 1.1853 1.16477 0.895699 1.17857 0.806876 1.04684 0.64876 0.644454 0.638192 0.625 0.618589 0.968478 0.554779 0.534558 1.02424 0.672142 0.510411 0.644128 0.504615 1.25042 0.812962 0.546774
threshold=3.5000000000000004 6.3656501350523191 844.50000000000011 77.402859657611643 855.50000000000011 124.74909930445283 37.199530931578501 656.50000000000011 57.699301007771361 40.500000000000007 9.1500000000000004 0.37371625404731906 60.093421069865663 110.37300667543541 0.99164058729498161 -0.8038981836306559 23.08948345406899 239.50000000000003 27.500000000000004 19.132205199484385 39.95000000000001 240.08098772759664 166.51046839015399 6.630797340928706 13.950000000000001 0.98675438596491238 12.950000000000001 14.050000000000002 9.7492377029305768 337.15000000000003
decision_type=2 2 2 2 2 2 2 2 2 2 2 2 2 2 2 2 2 2 2 2 2 2 2 2 2 2 2 2 2 2
left_child=1 -1 3 5 -4 12 21 14 9 10 11 -9 -2 -14 20 18 -6 -18 24 -20 -8 22 -7 -23 25 -10 -25 28 -28 -29
right_child=2 -3 4 -5 16 6 7 8 15 -11 -12 -13 13 -15 -16 -17 17 -19 19 -21 -22 23 -24 26 -26 -27 27 29 -30 -31
leaf_value=0 -6.5251895214240622e-06 0 -0.019889205369632665 0.13681229300447459 0.0087195486532909098 0.00062595943738784463 0.071822276742243993 0.00069816546830339774 0.0011468998901892041 -0.015500112146898053 7.3148969025622139e-05 -0.030389019852755057 0.0064090888099660771 -0.017823578048626623 -0.011968233090351742 0.022157417649110164 0.0059916583258396317 -0.0025467420512472871 0.00052834336245492601 -0.0076176774773100532 -4.8721792731714395e-05 -3.9714230298754052e-05 -0.0061080613691131642 0.00014465064982072993 0.038310922531522525 -0.018575712632180642 -0.00025537097146086525 9.4252528708870838e-05 -0.0036790591970573419 -0.0012307551413615902
leaf_weight=3271 1143 22 25 174 63 48 517 44 23 21 139 33 24 27 39 224 20 20 23 32 65 22 40 380 80 21 31 363 34 59
leaf_count=3271 1143 22 25 174 63 48 517 44 23 21 139 33 24 27 39 224 20 20 23 32 65 22 40 380 80 21 31 363 34 59
internal_value=-0.0208076 -0.0448482 0.00039368 0.000535219 -0.00359375 0.000323427 0.000822163 0.00174861 1.86265e-10 -0.00280591 -0.00171296 -0.00603896 -0.00061139 -0.00676471 0.00355072 0.00165012 -0.00131068 -0.00625 -0.000586592 -0.005 0.00396907 -0.000373592 -0.00409091 -5.62411e-06 0.00137097 -0.00295455 0.00021338 -0.000852156 -0.00730769 0.00014218
internal_weight=7027 3293 3734 3606 128 3432 2238 1261 640 237 216 77 1194 51 621 403 103 40 179 55 582 977 88 889 124 44 867 487 65 422
internal_count=7027 3293 3734 3606 128 3432 2238 1261 640 237 216 77 1194 51 621 403 103 40 179 55 582 977 88 889 124 44 867 487 65 422
is_linear=0
shrinkage=0.05


Tree=207
num_leaves=31
num_cat=0
split_feature=0 14 8 0 3 4 1 14 10 12 4 11 2 4 0 6 2 0 1 14 14 1 1 0 15 2 18 5 3 3
split_gain=1436.88 4.51509 0.759565 1.72883 1.48377 0.967427 0.81377 0.80343 0.675119 0.507181 0.667484 0.599853 0.698096 0.54423 0.477222 0.437273 0.870777 0.809908 0.415674 0.825434 0.72932 0.728792 0.635758 0.550381 0.901597 0.599174 0.544815 0.486043 0.46844 0.526376
threshold=3.5000000000000004 6.3656501350523191 -0.78656609248549325 680.50000000000011 33.050000000000004 11.850000000000003 720.25000000000011 66.791579478483754 0.99164058729498161 153.11171548419034 26.750000000000004 77.134341572344184 328.50000000000006 4.6500000000000012 316.50000000000006 81.500000000000014 289.50000000000006 611.50000000000011 318.25000000000006 44.106058865047878 40.952303898370694 493.35000000000008 472.45000000000005 542.50000000000011 51.64897845122865 267.50000000000006 37.199530931578501 31.500000000000004 32.750000000000007 30.350000000000005
decision_type=2 2 2 2 2 2 2 2 2 2 2 2 2 2 2 2 2 2 2 2 2 2 2 2 2 2 2 2 2 2
left_child=1 -1 4 7 8 -5 9 18 14 10 13 -11 -13 -6 -2 17 -17 -15 20 21 -4 22 28 26 25 -25 -21 -26 29 -20
right_child=2 -3 3 5 6 -7 -8 -9 -10 11 -12 12 -14 15 -16 16 -18 -19 19 23 -22 -23 -24 24 27 -27 -28 -29 -30 -31
leaf_value=0 -0.0046153843402605664 0 7.1931217566000148e-06 -0.029515531977052662 -0.011251578054898136 -0.0014934791029770451 -0.03150190831050402 0.09875830133777555 -0.017083029904844806 0.0047154419340416963 0.016587254686753063 -0.0047649286295589352 0.037552894167038199 0.032100348049809789 0.047060074091010734 -0.0067381653781797019 2.3079920568913735e-05 -0.0038609997217720691 -0.0010999192192356429 -0.00013432112713404666 0.02383847927236742 -0.0034812967357477536 0.0080673668510973413 -0.012150402167820304 0.023745736047851424 -0.0018563675220259848 0.02391173963091996 -0.00089927071406603653 -0.003120538619577787 0.00036119137622299928
leaf_weight=3271 24 22 1364 20 20 39 20 117 35 383 38 64 23 52 572 22 36 176 109 122 80 33 27 21 37 26 134 21 92 27
leaf_count=3271 24 22 1364 20 20 39 20 117 35 383 38 64 23 52 572 22 36 176 109 122 80 33 27 21 37 26 134 21 92 27
internal_value=-0.020772 -0.0448482 0.000460632 -0.000112384 0.00134812 -0.00855932 -3.5971e-05 0.000113122 0.0031775 0.000208845 -0.00125 0.0012766 -0.00247126 -0.00202614 0.00357383 -0.00146853 -0.00534483 -0.000482456 -0.000112279 -0.00116333 0.000360111 -0.00315972 -0.0022549 0.000429363 -0.00261905 -0.00776596 0.00167969 0.00155172 -0.00311403 -0.00125
internal_weight=7027 3293 3734 2269 1465 59 834 2210 631 814 344 470 87 306 596 286 58 228 2093 649 1444 288 255 361 105 47 256 58 228 136
internal_count=7027 3293 3734 2269 1465 59 834 2210 631 814 344 470 87 306 596 286 58 228 2093 649 1444 288 255 361 105 47 256 58 228 136
is_linear=0
shrinkage=0.05


Tree=208
num_leaves=31
num_cat=0
split_feature=0 14 10 18 10 16 14 1 11 4 4 1 0 9 0 15 18 0 4 0 0 4 9 9 2 9 4 1 16 14
split_gain=1435.18 4.51509 0.827482 1.82496 0.803771 0.792288 1.44367 0.7834 1.58762 0.66677 1.14954 1.02472 1.21114 0.628517 0.563957 0.593511 0.8 1.23583 0.526542 0.533333 0.522762 1.03604 1.78143 0.522035 0.564208 0.509266 0.49581 0.432134 0.410705 0.401111
threshold=3.5000000000000004 6.3656501350523191 0.047319635496388741 45.511762128286534 0.99164058729498161 24.03758372816802 28.09591547843193 493.35000000000008 27.796915182077331 6.1500000000000012 5.8500000000000005 472.45000000000005 791.50000000000011 -0.91409412807680468 331.50000000000006 28.194911884347487 6.8248233501713296 45.500000000000007 8.0500000000000025 259.50000000000006 684.50000000000011 7.1500000000000012 0.93228057993045244 -0.81150899888343009 328.50000000000006 -0.99052327954040364 26.850000000000005 47.350000000000009 21.653746448942876 36.262863010170612
decision_type=2 2 2 2 2 2 2 2 2 2 2 2 2 2 2 2 2 2 2 2 2 2 2 2 2 2 2 2 2 2
left_child=1 -1 5 7 20 9 -7 14 -9 10 11 -2 13 -13 15 16 17 -4 -17 -20 -5 22 -22 25 26 -11 -25 -27 -28 -21
right_child=2 -3 3 4 -6 6 -8 8 -10 23 -12 12 -14 -15 -16 18 -18 -19 19 29 21 -23 -24 24 -26 27 28 -29 -30 -31
leaf_value=0 0.0001149960134112966 0 1.1463373874755462e-05 0.13552393517728181 -0.020513784548527453 3.8991174550175007e-05 -0.01050460742714583 0.0091919326280527746 -0.0052259669447250415 -0.00047558723535766237 -0.0042315448578778897 -0.0034925527953532272 0.003781277028894098 -0.023440045488291119 0.012115930417923689 0.0015152308330898063 0.00063025702241282394 -0.00068715970833925152 -0.0020781352331107109 0.0014063666785705453 0.0086369595970300535 0.033297181463290387 -0.04250043550483374 -3.847462040302611e-05 0.031307020767707576 -0.00014872145722578275 0.0015093164398618554 0.0046621622681706793 -0.0066467355096726652 -0.0019755151422052751
leaf_weight=3271 155 22 146 365 42 28 39 29 24 110 26 21 31 26 52 22 203 31 27 20 43 164 23 1546 104 24 109 264 35 25
leaf_count=3271 155 22 146 365 42 28 39 29 24 110 26 21 31 26 52 22 203 31 27 20 43 164 23 1546 104 24 109 264 35 25
internal_value=-0.0207863 -0.0448482 0.000433851 0.00150493 0.00335165 -8.33993e-05 -0.00544776 -0.00052677 -0.00632075 6.32397e-05 -0.00233591 -0.00122318 -0.00589744 -0.0109574 5.70344e-05 -0.000485232 0.000394737 -0.00206215 -0.00404255 -0.00611111 0.00382353 0.00195652 -0.00333333 0.000346716 -1.67222e-05 0.00198492 -0.000236686 0.00309028 0.00256944 -0.00277778
internal_weight=7027 3293 3734 1216 637 2518 67 579 53 2451 259 233 78 47 526 474 380 177 94 72 595 230 66 2192 1794 398 1690 288 144 45
internal_count=7027 3293 3734 1216 637 2518 67 579 53 2451 259 233 78 47 526 474 380 177 94 72 595 230 66 2192 1794 398 1690 288 144 45
is_linear=0
shrinkage=0.05


Tree=209
num_leaves=31
num_cat=0
split_feature=0 14 10 0 9 4 1 8 11 0 2 16 4 12 15 3 6 10 6 1 17 15 0 0 0 2 14 18 17 10
split_gain=1435.18 4.51509 0.836861 1.51725 1.00946 0.61276 0.688016 1.30422 1.78571 1.28333 0.896296 0.713861 0.865523 0.715435 0.527321 0.520622 0.683107 0.536248 0.704213 0.798149 1.24076 0.623159 0.575913 0.521954 1.07319 0.884077 0.886958 0.518636 0.469083 0.742424
threshold=3.5000000000000004 6.3656501350523191 0.4749334794596104 331.50000000000006 0.12447811117596704 10.350000000000003 497.00000000000006 -0.78656609248549325 41.930302315728589 502.50000000000006 211.50000000000003 22.807548914874378 6.4500000000000011 144.88819994908604 74.146017005802889 26.450000000000003 73.500000000000014 -0.98208922706762081 96.500000000000014 118.2 24.70824745632007 52.935868900557828 841.00000000000011 740.50000000000011 659.50000000000011 265.50000000000006 68.917765224499036 53.791578479700185 25.268654498422432 -0.87792756428346708
decision_type=2 2 2 2 2 2 2 2 2 2 2 2 2 2 2 2 2 2 2 2 2 2 2 2 2 2 2 2 2 2
left_child=1 -1 5 -4 -5 6 -2 10 9 -9 -8 13 -13 -12 15 16 -7 18 21 -20 -21 -17 23 24 27 26 -26 -19 29 -25
right_child=2 -3 3 4 -6 14 7 8 -10 -11 11 12 -14 -15 -16 17 -18 22 19 20 -22 -23 -24 28 25 -27 -28 -29 -30 -31
leaf_value=0 2.9749278906395669e-06 0 -0.00022704616475146172 -0.019488095321101111 0.11709570438322106 -0.00032635030842099067 0.030163620454866088 -0.0031109114238997149 -0.025841541445838268 0.065683327922155296 -0.031832619722371121 -0.0056197640963150455 0.0089053847406396595 0.00077777445699822763 0.074938311066566884 0.00011820269524499876 0.00042640611227281712 4.8087085544925109e-05 3.1946726850714052e-05 -0.0064229032444034001 -0.00080910094196235273 -0.0015348085444900858 -0.01226351347589884 -0.0040911542292180842 -0.023354651847526168 0.00014710406789530725 -0.0002591809887166001 0.035813237705334372 0.045569573591483975 0.051501147003856766
leaf_weight=3271 612 22 286 42 358 69 90 20 21 22 31 33 20 96 85 118 29 1118 32 21 22 39 47 33 41 93 33 127 163 33
leaf_count=3271 612 22 286 42 358 69 90 20 21 22 31 33 20 96 85 118 29 1118 32 21 22 39 47 33 41 93 33 127 163 33
internal_value=-0.0207863 -0.0448482 0.000433851 0.00201166 0.004 7.87403e-05 -0.000978836 -0.00280781 -0.00928571 -0.00333333 -0.0012963 -0.00333333 -0.00820755 -0.00129921 0.000553971 0.000391477 -0.00316327 0.000572917 -0.00168103 -0.00566667 -0.0101163 0.00022293 0.000882702 0.001039 0.000679887 -0.00308383 -0.00716216 0.00118474 0.00325328 -0.00030303
internal_weight=7027 3293 3734 686 400 3048 945 333 63 42 270 180 53 127 2103 2018 98 1920 232 75 43 157 1688 1641 1412 167 74 1245 229 66
internal_count=7027 3293 3734 686 400 3048 945 333 63 42 270 180 53 127 2103 2018 98 1920 232 75 43 157 1688 1641 1412 167 74 1245 229 66
is_linear=0
shrinkage=0.05


Tree=210
num_leaves=31
num_cat=0
split_feature=0 14 10 0 9 4 15 13 2 0 15 0 16 12 4 17 3 1 10 5 5 10 16 0 1 15 1 14 4 17
split_gain=1430.1 4.51509 1.0073 1.23028 0.97534 0.62371 0.542104 0.585205 1.75512 0.519526 1.48313 1.4711 0.910673 1.01363 0.881933 1.40641 0.799656 0.781333 1.87778 0.837434 1.11694 1.03214 0.815217 0.662828 0.762698 0.595238 0.507105 1.26093 0.459988 0.450973
threshold=3.5000000000000004 6.3656501350523191 0.4749334794596104 331.50000000000006 0.12447811117596704 26.850000000000005 28.194911884347487 0.072857000049982509 29.500000000000004 611.50000000000011 49.792504345941325 746.50000000000011 19.539191340334892 105.97532364483261 5.4500000000000011 28.180766647674027 36.650000000000013 497.00000000000006 -0.51235243343851777 14.500000000000002 32.500000000000007 -0.17552498857989965 19.87928794425029 818.50000000000011 523.75000000000011 76.562521165297639 493.35000000000008 18.953793107244671 16.250000000000004 31.612034358888234
decision_type=2 2 2 2 2 2 2 2 2 2 2 2 2 2 2 2 2 2 2 2 2 2 2 2 2 2 2 2 2 2
left_child=1 -1 5 6 -5 9 7 8 -4 10 26 12 -11 28 15 -13 -16 22 -19 -20 -21 -22 -15 -18 -25 -17 -2 -28 -14 -8
right_child=2 -3 3 4 -6 -7 29 -9 -10 11 -12 14 13 17 16 25 23 18 19 20 21 -23 -24 24 -26 -27 27 -29 -30 -31
leaf_value=0 -1.0458424577560194e-06 0 0.0003700902947234659 -0.018513690555046407 0.11124091916406008 0.0012672531591565407 -0.0029190539961743661 0.00050985346720912729 -0.001598980552834577 0.00045185446108202967 0.047238271556010632 0.0037252486935519958 -0.018758102477292322 -0.011757204024736775 0.041480598644953862 -0.030968880439467494 0.0066295795020612797 -0.023629507352885121 -0.010383945347823177 0.0010677968867597169 0.0032792145986270229 -0.035645332112791785 0.00099999685715914353 -0.019199852490188962 -0.0028143927615210248 -0.0045474201692660993 -0.0034191375076695371 0.00042908226229393365 -0.0051685665846831989 0.00048436805485994427
leaf_weight=3271 1616 22 57 42 358 182 58 127 24 127 206 32 21 23 203 21 168 20 31 84 24 21 69 20 70 21 20 49 20 20
leaf_count=3271 1616 22 57 42 358 182 58 127 24 127 206 32 21 23 203 21 168 20 31 84 24 21 69 20 70 21 20 49 20 20
internal_value=-0.0208289 -0.0448482 0.000353508 0.00208455 0.003875 -3.60891e-05 -0.00041958 0.000913462 -0.00240741 -0.000216329 0.000267055 -0.00115385 -0.00329545 -0.00474441 0.000607477 -0.00445946 0.00142082 -0.00363971 -0.00555556 -0.00375 -0.00197674 -0.00833333 0.000108696 -0.000426356 -0.00388889 -0.0104762 -0.000222552 -0.00442029 -0.0120732 -0.00397436
internal_weight=7027 3293 3734 686 400 3048 286 208 81 2866 1891 975 440 313 535 74 461 272 180 160 129 45 92 258 90 42 1685 69 41 78
internal_count=7027 3293 3734 686 400 3048 286 208 81 2866 1891 975 440 313 535 74 461 272 180 160 129 45 92 258 90 42 1685 69 41 78
is_linear=0
shrinkage=0.05


Tree=211
num_leaves=31
num_cat=0
split_feature=0 14 10 0 9 0 0 0 4 16 10 14 3 0 9 15 0 16 18 0 2 2 15 9 9 11 0 1 1 2
split_gain=1433.49 4.51509 0.865511 1.39272 0.704535 0.564179 1.00095 0.9097 0.843574 1.19885 0.764277 1.85607 1.68758 0.895139 1.13337 0.76358 0.755464 0.638192 0.636497 0.645691 0.625 0.591438 1.38528 0.546033 0.694231 1.59498 1.02497 0.564769 0.540677 0.87447
threshold=3.5000000000000004 6.3656501350523191 0.4749334794596104 348.50000000000006 0.12447811117596704 844.50000000000011 763.50000000000011 680.50000000000011 7.1500000000000012 20.988534263095353 -0.89388548498445497 48.494534078851459 38.650000000000013 695.50000000000011 -0.99273952934267318 51.64897845122865 855.50000000000011 23.08948345406899 35.315619997584982 621.50000000000011 239.50000000000003 237.50000000000003 60.67242346964273 0.67125374152323958 0.44437406304545285 9.7074194676674868 213.50000000000003 404.55000000000007 337.15000000000003 144.50000000000003
decision_type=2 2 2 2 2 2 2 2 2 2 2 2 2 2 2 2 2 2 2 2 2 2 2 2 2 2 2 2 2 2
left_child=1 -1 5 23 -5 6 7 15 9 -9 11 -10 -13 -12 -15 28 -7 -18 -17 -20 -19 22 -21 24 27 -26 -27 -4 -2 -30
right_child=2 -3 3 4 -6 16 -8 8 10 -11 13 12 -14 14 -16 18 17 20 19 21 -22 -23 -24 -25 25 26 -28 -29 29 -31
leaf_value=0 1.0360239254898888e-05 0 0.00077130491614254681 -0.017588006027294437 0.11610080076254539 -0.018376887643261754 0.018332413430355351 -0.0041864159635433273 0.0051395402125053004 -0.027908989580331101 -0.0093487774635824302 -0.0020253752882506402 -0.0015359911988467962 -0.025096782520197543 0.0046140324522464891 -0.0084368706551090061 0.0088893826229911859 0.005972452693517448 0.085385709390176034 -0.0085302644767751134 -0.0038618364693370748 0.0010998881128125076 0.080503725966744377 0.00031567525343649772 -0.0011361396400092745 0.0086881454889849198 -0.0028126127535208481 -0.00090159686588436308 -0.0019613893431569265 -0.0011846650499921477
leaf_weight=3271 1388 22 101 42 348 25 375 43 27 30 33 20 29 22 140 24 63 20 177 22 20 87 20 88 23 31 26 27 56 427
leaf_count=3271 1388 22 101 42 348 25 375 43 27 30 33 20 29 22 140 24 63 20 177 22 20 87 20 88 23 31 26 27 56 427
internal_value=-0.0208005 -0.0448482 0.00040707 0.00201166 0.00397436 4.59319e-05 0.000188356 -0.000166994 -0.00255814 -0.00732877 -0.00127306 -0.00552632 -0.0113265 0.000384616 0.00191358 0.000206724 -0.00320312 -0.00131068 0.00242424 0.00303922 -0.00625 0.000348837 -0.00452381 -0.000574324 -0.00197115 -0.005625 -0.00114035 0.0003125 -0.000184393 -0.00162526
internal_weight=7027 3293 3734 686 390 3048 2920 2545 344 73 271 76 49 195 162 2201 128 103 330 306 40 129 42 296 208 80 57 128 1871 483
internal_count=7027 3293 3734 686 390 3048 2920 2545 344 73 271 76 49 195 162 2201 128 103 330 306 40 129 42 296 208 80 57 128 1871 483
is_linear=0
shrinkage=0.05


Tree=212
num_leaves=31
num_cat=0
split_feature=0 14 18 0 3 0 0 18 3 11 3 4 16 12 10 15 16 9 9 3 14 17 4 9 4 6 4 6 0 14
split_gain=1436.03 4.51509 0.811255 1.277 1.4431 0.698097 1.1307 1.06496 1.40807 0.801003 0.758893 0.819248 1.47284 1.41818 0.753937 0.863196 0.731347 0.783402 0.661765 0.62242 0.831446 0.614876 1.10003 1.13108 1.84091 0.598344 0.589474 0.530508 0.525 0.49409
threshold=3.5000000000000004 6.3656501350523191 76.140408329375774 826.50000000000011 37.150000000000013 425.50000000000006 611.50000000000011 62.044039571228758 41.95000000000001 31.480340920393171 41.350000000000001 12.950000000000001 19.345148003870403 244.33563455410859 0.99164058729498161 49.792504345941325 23.909110300627756 -0.99273952934267318 0.98664879617890844 34.650000000000013 60.421538932929742 23.837100266060062 17.050000000000004 -0.12020359228713753 11.450000000000001 5.5000000000000009 8.0500000000000025 16.500000000000004 844.50000000000011 55.562957785498142
decision_type=2 2 2 2 2 2 2 2 2 2 2 2 2 2 2 2 2 2 2 2 2 2 2 2 2 2 2 2 2 2
left_child=1 -1 3 5 -5 9 14 8 10 -2 11 12 -8 -14 15 18 17 -9 -7 -13 27 22 23 24 -11 -6 -23 -21 -4 -19
right_child=2 -3 28 4 25 6 7 16 -10 21 -12 19 13 -15 -16 -17 -18 29 -20 20 -22 26 -24 -25 -26 -27 -28 -29 -30 -31
leaf_value=0 7.779953679089109e-06 0 0.08759124456834963 -0.0059412167453960574 0.0043870250372342184 0.0017589142539027687 0.0005251991652642507 -0.025158594411441929 0.00085888220488838018 -0.0029496154216478499 -0.003372166912755676 0.015353825105943634 -0.010034064677890737 -0.015020391582688714 -0.11350574010476336 0.097615825062665126 -0.0034939107636112439 -0.0013572097870086074 -0.0083885997972588579 -0.0017880171590606475 0.0033610800278977117 -0.0017190315244445449 5.9443404511747347e-05 -0.0011686760444122423 -0.0070889539678306267 -0.0069025419744436021 0.00010454539368735067 -0.0030834024614708176 -0.0012231927474322356 0.030502536300864875
leaf_weight=3271 1550 22 210 20 48 320 53 41 56 22 23 40 40 26 22 301 32 110 20 28 43 28 45 25 22 21 152 23 70 343
leaf_count=3271 1550 22 210 20 48 320 53 41 56 22 23 40 40 26 22 301 32 110 20 28 43 28 45 25 22 21 152 23 70 343
internal_value=-0.0207791 -0.0448482 0.000447242 0.000237406 -0.00567416 0.000393759 0.00118672 -1.16548e-05 -0.00222892 -0.000260303 -0.00369565 -0.00290514 -0.00592437 -0.0109091 0.00273756 0.00304992 0.00138783 0.00186235 0.00132353 -0.00022388 -0.00244681 -0.00265306 -0.00552632 -0.00949275 -0.0143182 -0.00224638 -0.000833333 -0.00676471 0.00303571 0.00246137
internal_weight=7027 3293 3734 3454 89 3365 1521 858 332 1844 276 253 119 66 663 641 526 494 340 134 94 294 114 69 44 69 180 51 280 453
internal_count=7027 3293 3734 3454 89 3365 1521 858 332 1844 276 253 119 66 663 641 526 494 340 134 94 294 114 69 44 69 180 51 280 453
is_linear=0
shrinkage=0.05


Tree=213
num_leaves=31
num_cat=0
split_feature=0 14 14 9 4 0 2 15 9 0 18 3 5 4 12 3 1 3 18 17 13 17 0 0 18 4 15 1 12 3
split_gain=1434.34 4.51509 0.818588 0.938325 1.07421 0.86268 0.640152 0.594819 0.823177 0.465594 1.59226 1.08508 1.11786 0.861348 1.18531 0.836834 1.20626 0.771868 0.594206 0.854477 0.614577 0.525 0.514208 0.800858 0.799126 0.967609 0.899352 0.667063 0.576938 0.4591
threshold=3.5000000000000004 6.3656501350523191 70.937652777047859 0.94130860066615818 7.0500000000000007 841.00000000000011 320.50000000000006 66.993463912288505 -0.99466160899732459 611.50000000000011 49.932353608097806 41.95000000000001 14.500000000000002 12.950000000000001 244.33563455410859 34.650000000000013 434.65000000000003 36.350000000000001 70.680680839630142 25.213452694331927 0.88705569184195421 24.004577073388067 542.50000000000011 457.50000000000006 41.454449052722978 10.15 47.743168517582781 369.75000000000006 116.73198190700471 39.550000000000004
decision_type=2 2 2 2 2 2 2 2 2 2 2 2 2 2 2 2 2 2 2 2 2 2 2 2 2 2 2 2 2 2
left_child=1 -1 5 -4 -5 7 -7 9 -9 10 22 12 -11 14 18 -15 -17 -18 19 21 -21 -14 23 24 26 -26 -2 -24 -27 -19
right_child=2 -3 3 4 -6 6 -8 8 -10 11 -12 -13 13 15 -16 16 17 29 -20 20 -22 -23 27 -25 25 28 -28 -29 -30 -31
leaf_value=0 6.9969793835940585e-06 0 0.028819293789748564 -0.023134129373048137 0.011237254933968849 -0.011449385042058235 0.0048517329272125109 -0.024054692503263642 0.032803272478112482 -0.020987227259006546 0.086616529502858031 0.0009262329516255669 -0.0050072614702922173 0.024091233878356121 -0.0079342452738372839 -0.0029539305071810719 -0.0034611950303024656 0.015851614799877217 0.075839991261889006 -0.005717865210414526 -0.030022470371587114 0.0044178179658566777 0.0077047376677740979 0.009309223177374891 -0.004395478792831347 -0.0053732859347174686 -0.0066040415518789633 -0.0061529136585059324 0.042712827435734603 -0.00133391883550018
leaf_weight=3271 1734 22 313 26 81 32 22 20 297 26 243 87 40 68 38 33 23 62 24 29 23 30 20 216 33 32 46 36 33 67
leaf_count=3271 1734 22 313 26 81 32 22 20 297 26 243 87 40 68 38 33 23 62 24 29 23 30 20 216 33 32 46 36 33 67
internal_value=-0.0207934 -0.0448482 0.000420461 0.0025 -0.00154206 0.00015691 -0.00611111 0.000260736 0.00231861 3.9076e-05 0.000340577 -0.00127273 -0.00223542 -0.00163616 -0.00423913 0.000256917 -0.00148649 0.000394737 -0.00219178 -0.00360656 -0.00846154 1.86265e-10 -9.30231e-05 3.3429e-05 -0.000298189 -0.00469388 -5.61796e-05 -0.00482143 -0.00115385 0.00189922
internal_weight=7027 3293 3734 420 107 3314 54 3260 317 2943 2393 550 463 437 184 253 185 152 146 122 52 70 2150 2094 1878 98 1780 56 65 129
internal_count=7027 3293 3734 420 107 3314 54 3260 317 2943 2393 550 463 437 184 253 185 152 146 122 52 70 2150 2094 1878 98 1780 56 65 129
is_linear=0
shrinkage=0.05


Tree=214
num_leaves=31
num_cat=0
split_feature=0 14 18 0 16 0 6 0 0 18 6 2 3 18 10 12 5 9 10 0 0 18 4 12 6 11 15 12 1 12
split_gain=1427.55 4.51509 0.811765 1.02214 1.15029 0.674074 0.621878 0.590879 1.08956 1.51004 1.06685 1.89421 1.13004 0.925786 0.894475 0.843624 0.893129 0.7366 0.667594 0.651532 0.62973 0.733949 1.03359 0.617851 0.599913 1.03547 0.50352 0.813154 0.462963 0.452802
threshold=3.5000000000000004 6.3656501350523191 78.42636782997441 826.50000000000011 23.08948345406899 848.50000000000011 5.5000000000000009 777.50000000000011 676.50000000000011 49.932353608097806 81.500000000000014 289.50000000000006 31.450000000000003 62.222568649603481 0.99164058729498161 116.73198190700471 30.500000000000004 -0.99273952934267318 -0.98208922706762081 542.50000000000011 457.50000000000006 41.454449052722978 10.15 116.73198190700471 53.500000000000007 53.912270451876722 47.743168517582781 208.48142957228484 720.25000000000011 94.526791770722539
decision_type=2 2 2 2 2 2 2 2 2 2 2 2 2 2 2 2 2 2 2 2 2 2 2 2 2 2 2 2 2 2
left_child=1 -1 3 7 6 -4 -5 8 9 19 12 -12 -10 -13 15 16 -11 -14 -19 20 21 26 -23 -24 25 -21 -2 -28 -7 -22
right_child=2 -3 5 4 -6 28 -8 -9 10 14 11 13 17 -15 -16 -17 -18 18 -20 24 29 22 23 -25 -26 -27 27 -29 -30 -31
leaf_value=0 6.6471304144195869e-06 0 0.11957059135427446 0.0070395837968947944 -0.0055392381407417413 0.050393912877066398 -0.0034207779450942249 0.01644827090413602 -0.022742628784232607 -0.0035566989019475727 -0.029202220710757461 -0.0013420453810852764 -0.02119212566296852 0.031965825333298031 -0.038253536594680164 0.061061639018318827 0.012830067611550203 -0.0013129056139916475 0.00085130527651507181 -0.014604080137539711 -8.0111841820925582e-05 -0.0041757048531898483 -0.0051046216379816477 0.039709850922429173 -0.0058497670407836088 0.0088498215786182808 0.010907145316366202 -0.010788788581880589 -0.027973831828021118 0.017905612831693968
leaf_weight=3271 1734 22 156 54 23 27 32 224 39 45 22 30 33 23 35 439 58 25 248 25 31 33 32 36 25 28 28 29 27 193
leaf_count=3271 1734 22 156 54 23 27 32 224 39 45 22 30 33 23 35 439 58 25 248 25 31 33 32 36 25 28 28 29 27 193
internal_value=-0.0208503 -0.0448482 0.000313337 0.000133371 -0.00463303 0.00333333 -0.00197674 0.000285505 0.000111251 0.000470949 -0.0022619 -0.00766667 -0.00108696 -0.00254717 0.00274697 0.00324723 -0.000825243 -6.53593e-05 0.000787546 -0.000127621 3.78074e-05 -0.000258985 -0.00440594 -0.000882353 -0.00461538 -0.00160377 -2.51254e-05 -0.00464912 -0.00148148 0.00254464
internal_weight=7027 3293 3734 3524 109 210 86 3415 3191 2771 420 75 345 53 577 542 103 306 273 2194 2116 1892 101 68 78 53 1791 57 54 224
internal_count=7027 3293 3734 3524 109 210 86 3415 3191 2771 420 75 345 53 577 542 103 306 273 2194 2116 1892 101 68 78 53 1791 57 54 224
is_linear=0
shrinkage=0.05


Tree=215
num_leaves=31
num_cat=0
split_feature=0 14 10 18 1 4 0 16 14 9 4 2 10 18 0 0 1 4 6 0 17 3 14 4 1 3 14 15 12 13
split_gain=1428.4 4.51509 0.92481 1.33842 0.802945 1.16455 0.80093 1.05599 1.0077 0.757432 1.25185 0.73373 0.627957 0.619908 0.915381 0.732936 1.04895 1.22791 1.32137 0.962379 0.941738 0.892467 0.92841 0.694623 0.658412 0.61635 0.997649 1.2524 0.6 0.585469
threshold=3.5000000000000004 6.3656501350523191 -0.098820138732871751 46.300531869669946 493.35000000000008 10.15 841.00000000000011 21.730711020853843 73.85281763651237 0.93228057993045244 7.1500000000000012 217.50000000000003 0.99164058729498161 68.886760837600093 818.50000000000011 793.50000000000011 318.25000000000006 11.65 78.500000000000014 414.50000000000006 27.656462721095597 36.95000000000001 55.860123693482208 8.6500000000000004 245.00000000000003 32.750000000000007 30.579620215691588 36.75677334688406 237.6535967907231 0.52660391948775531
decision_type=2 2 2 2 2 2 2 2 2 2 2 2 2 2 2 2 2 2 2 2 2 2 2 2 2 2 2 2 2 2
left_child=1 -1 6 4 -4 -6 13 -8 -9 12 11 -11 -5 14 15 16 19 18 20 24 21 -18 -23 -24 29 -19 27 -27 -12 -2
right_child=2 -3 3 9 5 -7 7 8 -10 10 28 -13 -14 -15 -16 -17 17 25 -20 -21 -22 22 23 -25 -26 26 -28 -29 -30 -31
leaf_value=0 -3.3438743744669403e-06 0 3.6318729150094036e-05 0.067563527779480673 -0.0039669196501607041 0.0011342131648880407 0.0025410619508663551 -0.013538557935033783 -0.0010165906172614392 -0.021642550378094521 0.030076144354624319 0.0015487806219272337 -0.011206929502125706 0.047650562114663439 -0.019737697183116694 0.022318280464497353 -0.0095536446853734039 0.00083511940162435492 -0.019700901037952492 0.083432242525410219 0.0014661396593950117 0.0042575017183529738 0.00060815261587947452 -0.0071270488134015861 0.0099580008427955433 -0.0013672147554034165 -0.00023764803069236943 -0.0060468863058511322 -0.003460350671453935 -0.0047513069687952518
leaf_weight=3271 835 22 629 511 23 44 45 25 21 21 108 24 42 122 28 66 80 105 39 114 59 51 25 22 159 31 430 20 27 28
leaf_count=3271 835 22 629 511 23 44 45 25 21 21 108 24 42 122 28 66 80 105 39 114 59 51 25 22 159 31 430 20 27 28
internal_value=-0.0208432 -0.0448482 0.000326728 0.0013261 -0.000244253 -0.00544776 -0.000292841 -0.00489011 -0.0102174 0.00281719 1.86265e-10 -0.00722222 0.00373418 -0.000103884 -0.000305927 -0.000184108 -0.000355355 -0.00167053 -0.00442029 0.000642606 -0.00301688 -0.00483146 -0.00163265 -0.00670213 0.000156556 -0.000375426 -0.00113306 -0.0077451 0.00240741 -0.000388181
internal_weight=7027 3293 3734 1429 696 67 2305 91 46 733 180 45 553 2214 2092 2064 1998 862 276 1136 237 178 98 47 1022 586 481 51 135 863
internal_count=7027 3293 3734 1429 696 67 2305 91 46 733 180 45 553 2214 2092 2064 1998 862 276 1136 237 178 98 47 1022 586 481 51 135 863
is_linear=0
shrinkage=0.05


Tree=216
num_leaves=31
num_cat=0
split_feature=0 14 10 0 9 0 4 0 2 12 13 9 9 4 6 16 3 14 6 0 11 9 9 1 4 6 0 0 0 18
split_gain=1428.4 4.51509 0.873573 1.31532 0.675313 0.552825 1.88791 1.43268 1.39353 1.47569 1.22865 0.868198 0.89045 0.931041 1.4511 0.808081 0.76039 0.757825 0.730878 0.596766 0.582286 0.546033 1.02014 0.557432 0.581619 0.635241 0.512121 0.494339 0.674774 0.657498
threshold=3.5000000000000004 6.3656501350523191 0.4749334794596104 348.50000000000006 0.12447811117596704 611.50000000000011 5.4500000000000011 740.50000000000011 288.50000000000006 164.11731283514527 0.63812056149200258 -0.99273952934267318 -0.81150899888343009 11.65 41.500000000000007 21.45465236956024 32.95000000000001 31.014597451219423 97.500000000000014 537.50000000000011 66.709517352209176 0.67125374152323958 0.59125596962661842 404.55000000000007 13.050000000000002 97.500000000000014 699.50000000000011 818.50000000000011 750.50000000000011 68.412689000051472
decision_type=2 2 2 2 2 2 2 2 2 2 2 2 2 2 2 2 2 2 2 2 2 2 2 2 2 2 2 2 2 2
left_child=1 -1 5 21 -5 10 8 11 9 -7 19 -8 -13 14 26 -11 -15 -12 -18 -2 -9 22 23 24 25 -4 -14 28 -22 -29
right_child=2 -3 3 4 -6 6 7 20 -10 15 17 12 13 16 -16 -17 18 -19 -20 -21 27 -23 -24 -25 -26 -27 -28 29 -30 -31
leaf_value=0 5.8097164154365171e-06 0 0.0021808466427982276 -0.010646583027019563 0.10034251341275097 -0.013757902149643064 -0.022757793236383259 0.031775716341510524 0.00087190398470529229 0.0013742717988679436 -0.0047069380615301472 0.029783424074256215 -0.0025251175826040036 0.013432277057567775 -0.037889338647724244 -0.039275121444452762 -0.0012746588388540885 0.041318638136582465 -0.0016269211218632798 -0.0085530778017054807 -0.00098159326077086086 0.00029700435113326593 -0.0014042462088078448 -0.0015096503172437584 -0.00048877771654560022 -0.0013026178992525833 0.004634578171369458 -0.022515786883041778 0.013863515610902107 -0.0025627470962063179
leaf_weight=3271 1692 22 86 42 348 29 24 241 34 36 37 65 33 51 24 30 156 239 21 23 21 88 24 29 34 35 22 23 167 80
leaf_count=3271 1692 22 86 42 348 29 24 241 34 36 37 65 33 51 24 30 156 239 21 23 21 88 24 29 34 35 22 23 167 80
internal_value=-0.0208432 -0.0448482 0.000326728 0.00193878 0.00384615 -3.60891e-05 -0.000960265 -0.000172414 -0.00662791 -0.00973684 0.000454546 -0.00244949 -0.00185484 -0.00298046 -0.00765823 -0.00560606 -0.00135965 0.00355072 -0.0029096 -4.37316e-05 0.00152256 -0.000574324 -0.00197115 -0.000706522 0.000483871 0.00210744 -0.00318182 1.71823e-05 0.00154255 -0.00276699
internal_weight=7027 3293 3734 686 390 3048 1057 928 129 95 1991 396 372 307 79 66 228 276 177 1715 532 296 208 184 155 121 55 291 188 103
internal_count=7027 3293 3734 686 390 3048 1057 928 129 95 1991 396 372 307 79 66 228 276 177 1715 532 296 208 184 155 121 55 291 188 103
is_linear=0
shrinkage=0.05


Tree=217
num_leaves=31
num_cat=0
split_feature=0 14 15 0 18 17 4 14 0 9 12 4 4 16 10 18 14 0 5 6 0 0 0 13 14 13 15 0 4 0
split_gain=1425.86 4.51509 1.04603 0.739625 1.874 1.16302 1.31237 0.849671 1.22584 0.979428 0.82544 0.750436 0.741868 0.670013 0.608303 0.581873 0.851991 1.02424 0.630303 0.9 0.546933 1.30403 0.597263 0.857779 1.09551 0.74552 0.512121 0.490593 0.841154 0.481586
threshold=3.5000000000000004 6.3656501350523191 74.683225856047514 656.50000000000011 54.000943227609852 30.739631480813625 11.450000000000001 58.677961166754038 699.50000000000011 -0.99273952934267318 229.85809713751632 11.850000000000003 13.550000000000002 21.62943343299418 0.99164058729498161 70.680680839630142 48.494534078851459 750.50000000000011 34.500000000000007 1.0000000180025095e-35 611.50000000000011 628.50000000000011 442.50000000000006 0.55002596295035422 23.101302634556074 0.60619802878730333 62.169725855505227 761.50000000000011 9.0500000000000025 829.50000000000011
decision_type=2 2 2 2 2 2 2 2 2 2 2 2 2 2 2 2 2 2 2 2 2 2 2 2 2 2 2 2 2 2
left_child=1 -1 3 4 20 7 -7 8 11 -9 29 -5 27 -14 -6 16 -10 26 19 -19 22 -22 23 -2 -25 -26 -18 28 -12 -11
right_child=2 -3 -4 5 14 6 -8 9 15 10 12 -13 13 -15 -16 -17 17 18 -20 -21 21 -23 -24 24 25 -27 -28 -29 -30 -31
leaf_value=0 -2.8667576072831215e-06 0 0.020832687364692373 -0.0073661412748875213 0.065538817806864991 -0.03133221473144434 -0.0022651698775404084 -0.0052292968211667366 0.0046352216016937097 0.036261250148947509 -0.00058224324304685909 -0.0012841570163919977 0.00089832525599424116 -0.0082596974468056566 -0.046341882143898755 0.032945707560440227 -0.0026545142537709103 0.043417045739203644 0.025289640578377418 -0.018328712084398829 -0.017447496892497485 0.0033460979103723896 0.0030876374439918891 -0.017580410347590787 0.046576110307035345 -0.0043923005065335955 -0.023891437114390388 0.00058465527814521477 -0.0071293718794375495 -0.00044840159088737377
leaf_weight=3271 1771 22 266 20 335 22 35 30 38 174 24 34 124 27 32 43 24 20 26 20 24 31 381 27 26 36 20 37 26 61
leaf_count=3271 1771 22 266 20 335 22 35 30 38 174 24 34 124 27 32 43 24 20 26 20 24 31 381 27 26 36 20 37 26 61
internal_value=-0.0208645 -0.0448482 0.000286556 5.47868e-05 0.000456253 -0.00127329 -0.00815789 -0.000748663 -0.00316327 0.000427436 0.000983087 -0.00981481 -0.00109244 0.00102649 0.00377384 -0.00128272 -0.00277027 -0.005 -0.00106061 -0.005 -7.40416e-05 -0.005 4.68543e-05 -0.00032258 -0.00511236 -0.00145161 -0.0109091 -0.00477011 -0.008 0.00308511
internal_weight=7027 3293 3734 3468 2663 805 57 748 245 503 473 54 238 151 367 191 148 110 66 40 2296 55 2241 1860 89 62 44 87 50 235
internal_count=7027 3293 3734 3468 2663 805 57 748 245 503 473 54 238 151 367 191 148 110 66 40 2296 55 2241 1860 89 62 44 87 50 235
is_linear=0
shrinkage=0.05


Tree=218
num_leaves=31
num_cat=0
split_feature=0 14 18 0 6 14 0 0 18 4 4 0 12 14 0 4 1 6 18 15 12 3 4 16 0 16 9 1 1 14
split_gain=1427.55 4.51509 0.811765 0.751463 0.928798 0.695986 0.954086 1.41255 1.22836 1.14198 0.719043 0.692652 0.967602 0.762281 0.674074 0.607496 0.566234 0.804924 0.784595 0.892949 0.604071 0.571802 1.57507 0.783041 0.518775 0.507936 0.505031 0.491103 0.462963 0.407732
threshold=3.5000000000000004 6.3656501350523191 78.42636782997441 829.50000000000011 5.5000000000000009 59.943741985843658 656.50000000000011 699.50000000000011 53.791578479700185 11.850000000000003 6.6500000000000012 695.50000000000011 224.88757814396817 65.083101121541063 848.50000000000011 5.1500000000000012 337.15000000000003 91.500000000000014 37.455573811416436 51.390156959385415 136.10842358441033 19.650000000000002 9.1500000000000004 16.387632351452886 777.50000000000011 22.203956883543508 0.99466160899732492 346.25000000000006 720.25000000000011 47.104354536635242
decision_type=2 2 2 2 2 2 2 2 2 2 2 2 2 2 2 2 2 2 2 2 2 2 2 2 2 2 2 2 2 2
left_child=1 -1 3 5 25 6 8 9 16 -8 11 13 24 -7 -4 -9 18 21 19 -2 -19 22 -18 -23 -13 -5 -12 -25 -16 -11
right_child=2 -3 14 4 -6 10 7 15 -10 29 26 12 -14 -15 28 -17 17 20 -20 -21 -22 23 -24 27 -26 -27 -28 -29 -30 -31
leaf_value=0 7.2192582701035948e-06 0 0.10733850805363164 0.0097958039170373025 -0.0040253647159208842 -0.0086910006730062713 -0.012263659142322541 -0.0050553673922069595 0.046472751694500693 -0.0019533044662542994 0.005120876203775721 -0.025680769155016461 -0.015032066634786663 0.066072093944171656 0.049357332615996258 2.8979025945167657e-05 3.4632484476501861e-05 -0.014517313222173032 0.09236823684873402 -0.0066565602961159267 -0.002556755422436446 -0.0049347236211200523 -0.0045207907387820436 -0.012450491013474089 0.041986108979011671 -0.0086823292391729947 -0.0037295714971360867 0.00011905133021291517 -0.027561041465099911 0.0020396842478654117
leaf_weight=3271 1517 22 156 42 35 23 24 27 245 21 554 23 25 54 27 201 29 21 84 35 31 20 21 20 21 21 27 381 27 22
leaf_count=3271 1517 22 156 42 35 23 24 27 245 21 554 23 25 54 27 201 29 21 84 35 31 20 21 20 21 21 27 381 27 22
internal_value=-0.0208503 -0.0448482 0.000313337 0.000133371 -0.00418367 0.000256859 -0.000113005 -0.00279661 0.000216306 -0.0091791 0.00162999 -0.00150685 -0.00514493 0.00175325 0.00333333 -0.000921052 -0.000164428 -0.00159656 0.000293399 3.866e-05 -0.0075 -0.000944798 -0.006 -0.000344418 -0.000681818 -0.000555555 0.00241824 0.000137157 -0.00148148 -0.00430233
internal_weight=7027 3293 3734 3524 98 3426 2699 295 2404 67 727 146 69 77 210 228 2159 523 1636 1552 52 471 50 421 44 63 581 401 54 43
internal_count=7027 3293 3734 3524 98 3426 2699 295 2404 67 727 146 69 77 210 228 2159 523 1636 1552 52 471 50 421 44 63 581 401 54 43
is_linear=0
shrinkage=0.05


Tree=219
num_leaves=31
num_cat=0
split_feature=0 14 14 0 0 4 6 4 12 2 0 0 18 4 10 4 11 10 12 4 10 0 3 14 16 0 0 0 13 9
split_gain=1427.55 4.51509 0.789017 1.06078 0.748657 1.03201 1.57699 0.726331 0.724036 0.625 0.611817 1.45392 1.25311 0.76265 0.772284 0.663179 0.594294 0.593946 0.536405 0.495773 0.533473 0.485541 0.463284 0.575388 0.689562 0.453861 0.773858 0.556355 0.802084 0.815923
threshold=3.5000000000000004 6.3656501350523191 68.6338793735937 818.50000000000011 689.50000000000011 7.6500000000000012 5.5000000000000009 22.450000000000003 160.51367205108411 237.50000000000003 763.50000000000011 656.50000000000011 54.273357355367807 5.4500000000000011 0.090251610031040944 8.8500000000000032 53.011021670109862 0.98927755889796032 229.85809713751632 11.350000000000003 -0.57729161655172734 842.50000000000011 41.550000000000004 48.494534078851459 19.539191340334892 611.50000000000011 628.50000000000011 442.50000000000006 0.55002596295035422 -0.63540876391619894
decision_type=2 2 2 2 2 2 2 2 2 2 2 2 2 2 2 2 2 2 2 2 2 2 2 2 2 2 2 2 2 2
left_child=1 -1 3 10 -4 6 -6 8 -5 -8 11 12 25 -13 15 -15 -17 -14 -7 -18 22 -10 23 -21 -25 27 -27 28 -2 -30
right_child=2 -3 4 7 5 18 9 -9 21 -11 -12 13 17 14 -16 16 19 -19 -20 20 -22 -23 -24 24 -26 26 -28 -29 29 -31
leaf_value=0 7.4706750578523785e-07 0 0.10779797757107133 -0.0079824577620403025 0.00090859238489047166 0.04031458667934712 -0.034619250738962215 0.017209036338239236 0.0025578003716590601 -0.00085710543854203335 0.015886332320018827 -0.0061875452166786395 0.052644657104961107 0.0088423494207936874 0.093988831056790012 -0.011433875350691959 -0.0095148493099278652 -0.04928830364131951 -0.0031940740026753858 0.00025836067257515026 0.0037637774100203547 -0.02050160582063109 0.0016245637590787745 -0.00026310392235657474 -0.0027886819461365804 -0.016366988539415355 0.0020965649046780464 0.0028583651967150781 -0.0042378920318163595 -0.0014533894864746646
leaf_weight=3271 1772 22 179 22 59 197 20 21 23 20 191 37 257 32 44 28 37 21 71 37 43 20 22 27 33 25 34 370 22 70
leaf_count=3271 1772 22 179 22 59 197 20 21 23 20 191 37 257 32 44 28 37 21 71 37 43 20 22 27 33 25 34 370 22 70
internal_value=-0.0208503 -0.0448482 0.000313337 1.25472e-05 0.0020696 0.000776567 -0.00358586 -0.00546512 -0.00807692 -0.01125 0.00016441 -1.54584e-05 0.000390899 -0.00308824 -0.00226073 -0.00330116 -0.0042511 0.00356115 0.00238806 -0.00329146 -0.00209877 -0.00430233 -0.00382353 -0.00530928 -0.00833333 6.54183e-06 -0.00432203 0.00012086 -0.000230687 -0.00478261
internal_weight=7027 3293 3734 3188 546 367 99 86 65 40 3102 2911 2571 340 303 259 227 278 268 199 162 43 119 97 60 2293 59 2234 1864 92
internal_count=7027 3293 3734 3188 546 367 99 86 65 40 3102 2911 2571 340 303 259 227 278 268 199 162 43 119 97 60 2293 59 2234 1864 92
is_linear=0
shrinkage=0.05


Tree=220
num_leaves=31
num_cat=0
split_feature=0 14 10 18 0 0 18 16 4 13 0 14 2 13 10 9 11 9 14 9 5 2 1 4 3 3 1 10 0 13
split_gain=1425.02 4.51509 0.703893 1.3635 0.575362 1.21248 1.06771 0.989094 2.18077 1.28676 0.707014 0.680556 0.771429 0.72803 0.636541 0.691888 0.551928 0.520945 0.556438 0.505206 0.972656 0.513759 1.07775 0.495117 0.502472 0.990635 0.492845 0.715504 0.449346 0.510145
threshold=3.5000000000000004 6.3656501350523191 0.49001051533419965 43.174417201818464 618.50000000000011 740.50000000000011 49.932353608097806 21.121786912540429 7.1500000000000012 0.8848305238903712 841.00000000000011 69.896791293120344 320.50000000000006 0.99043557303666285 -0.73829900574246976 -0.41717814939258746 82.276335428949935 -0.99466160899732459 64.763780896192955 0.68391308835034159 24.500000000000004 29.500000000000004 133.95000000000002 5.1500000000000012 39.350000000000001 40.45000000000001 506.60000000000008 0.012909817866233263 695.50000000000011 0.79187399562431027
decision_type=2 2 2 2 2 2 2 2 2 2 2 2 2 2 2 2 2 2 2 2 2 2 2 2 2 2 2 2 2 2
left_child=1 -1 4 19 6 7 -2 14 -9 28 16 12 -12 -13 15 -6 17 -7 23 20 -4 -22 -23 -19 -25 -26 -16 -28 29 -10
right_child=2 -3 3 -5 5 10 -8 8 9 -11 11 13 -14 -15 26 -17 -18 18 -20 -21 21 22 -24 24 25 -27 27 -29 -30 -31
leaf_value=0 5.6182006523993304e-06 0 -0.0026294757319293184 0.090457147337443283 -0.00095202730864409144 -0.0028546784265847656 0.040398713034878089 -0.018238062145366146 -1.1466061689225683e-05 -0.024390928792250466 -0.011347127352079645 -0.018777260612458005 0.004336193095612899 0.0059912277770265872 0.012068950342910957 -0.00043444333480768756 -0.00099227681447982522 -0.0029446471127503823 0.044687554461851728 0.00034165291114049483 0.001501471653631182 -0.0011500049701650965 2.9886548408470686e-05 0.021318859002880483 -0.01741751718077808 0.0014655657332178615 -0.0072339385333283022 0.040031757899752302 0.0013823747438107183 -0.006157237431348328
leaf_weight=3271 1842 22 20 369 34 24 177 30 46 24 28 30 20 66 54 114 22 21 205 83 55 37 110 116 22 58 35 36 36 20
leaf_count=3271 1842 22 20 369 34 24 177 30 46 24 28 30 20 66 54 114 22 21 205 83 55 37 110 116 22 58 35 36 36 20
internal_value=-0.0208716 -0.0448482 0.000273166 0.00173591 -4.90194e-05 -0.00100384 0.000443289 -0.00304196 -0.00621795 -0.00333333 0.000424837 -0.00263889 -0.0075 -0.000208333 -0.00122711 -0.00344595 0.00136752 0.00174888 0.0021564 -0.000737705 -0.00198198 -0.000940594 -0.00248299 0.000391705 0.00117347 -0.001875 0.0014 -0.00133803 -0.000882353 -0.00333333
internal_weight=7027 3293 3734 674 3060 1041 2019 429 156 126 612 144 48 96 273 148 468 446 422 305 222 202 147 217 196 80 125 71 102 66
internal_count=7027 3293 3734 674 3060 1041 2019 429 156 126 612 144 48 96 273 148 468 446 422 305 222 202 147 217 196 80 125 71 102 66
is_linear=0
shrinkage=0.05


Tree=221
num_leaves=31
num_cat=0
split_feature=0 14 10 18 9 0 18 0 12 4 12 18 0 10 11 13 6 0 6 9 18 4 17 17 17 17 18 16 1 15
split_gain=1426.71 4.51509 0.545951 1.28234 0.892762 0.45131 1.03627 1.02146 0.797332 0.944053 0.928087 0.941847 0.793887 1.42271 0.769364 0.660211 0.787955 0.796628 0.968864 0.571662 0.545004 0.744048 1.38926 0.517377 0.76932 0.487013 0.472269 0.533129 0.591512 0.41725
threshold=3.5000000000000004 6.3656501350523191 0.4749334794596104 43.174417201818464 0.12447811117596704 618.50000000000011 49.932353608097806 746.50000000000011 153.11171548419034 7.1500000000000012 222.68469882099899 64.091854213877156 818.50000000000011 -0.88603780069526494 70.447334236935475 0.93854165289037617 5.5000000000000009 832.00000000000011 67.500000000000014 -0.99466160899732459 59.991993913261091 12.950000000000001 24.389356109514875 24.925402572296026 26.115579434684069 27.230775154359865 65.305404507008191 19.87928794425029 466.4500000000001 44.980540423069137
decision_type=2 2 2 2 2 2 2 2 2 2 2 2 2 2 2 2 2 2 2 2 2 2 2 2 2 2 2 2 2 2
left_child=1 -1 5 29 -5 6 -2 8 9 -7 -10 20 19 -14 23 -15 -17 -18 -19 -9 21 22 -12 -11 -25 -26 27 28 -21 -4
right_child=2 -3 3 4 -6 7 -8 12 10 14 11 -13 13 15 -16 16 17 18 -20 26 -22 -23 -24 24 25 -27 -28 -29 -30 -31
leaf_value=0 5.480590183842089e-06 0 -3.3262852311033602e-06 -0.012832354761935389 0.10078885851940254 -0.01298765113393653 0.038119384256978646 -0.0027119445052554134 0.033432261876264711 0.0024854457588180858 0.0011654870803991188 -0.0033923897934451117 -0.016986465603192211 -0.0072161227304924393 -0.00099538357131999269 0.0092358986087388243 0.029814966001947475 -0.019261459810083072 0.0011364602207842125 0.011372264362293209 0.0052196392791755549 0.00037350442689956163 -0.0086067248963577776 -0.015120077742650754 0.0091145602273707323 -0.019953380198201962 0.050607757489716722 0.016196425802671784 -0.0055800954900115662 -0.002419762478018209
leaf_weight=3271 1837 22 285 42 334 34 174 24 54 33 23 38 25 28 24 104 21 28 24 24 33 84 33 20 21 56 207 62 37 25
leaf_count=3271 1837 22 285 42 334 34 174 24 54 33 23 38 25 28 24 104 21 28 24 24 33 84 33 20 21 56 207 62 37 25
internal_value=-0.0208574 -0.0448482 0.000299947 0.00157434 0.00353723 1.31235e-05 0.000450025 -0.000834137 -0.00261589 -0.00510638 -0.000849056 -0.00234597 0.000547945 -0.00173913 -0.00344156 -0.000365853 0.000762712 -0.00321918 -0.00653846 0.0020339 -0.000780347 -0.00214286 -0.00660714 -0.00192308 -0.00376289 -0.00149351 0.00257576 0.000121951 -0.00319672 -0.000806451
internal_weight=7027 3293 3734 686 376 3048 2011 1037 453 188 265 211 584 230 154 205 177 73 52 354 173 140 56 130 97 77 330 123 61 310
internal_count=7027 3293 3734 686 376 3048 2011 1037 453 188 265 211 584 230 154 205 177 73 52 354 173 140 56 130 97 77 330 123 61 310
is_linear=0
shrinkage=0.05


Tree=222
num_leaves=31
num_cat=0
split_feature=0 14 1 9 9 0 15 16 10 0 4 13 0 13 1 18 9 15 18 0 6 16 17 6 9 17 16 1 16 10
split_gain=1427.55 4.51509 0.649667 0.866845 1.10805 1.02632 1.39148 0.885095 0.8369 0.615775 1.00445 0.504709 0.470992 0.964682 0.521992 0.989391 0.661715 0.639209 0.619947 0.901458 0.728036 0.897436 4.02381 0.933707 0.707702 1.2964 0.685022 0.81542 0.611084 0.628787
threshold=3.5000000000000004 6.3656501350523191 566.10000000000014 -0.99273952934267318 0.98046008095854986 695.50000000000011 72.442416780131438 23.508331148435122 0.99164058729498161 684.50000000000011 3.8500000000000001 0.8443474041727318 6.5000000000000009 0.0063211226185909738 337.15000000000003 37.455573811416436 -0.97109105924028405 56.166383372201864 67.813711894215615 818.50000000000011 81.500000000000014 21.313206764098577 30.251845657199656 99.500000000000014 -0.89194830668220082 27.489694726562046 19.132205199484385 411.15000000000003 20.931331364933232 -0.66483077113278999
decision_type=2 2 2 2 2 2 2 2 2 2 2 2 2 2 2 2 2 2 2 2 2 2 2 2 2 2 2 2 2 2
left_child=1 -1 12 5 8 -4 -7 -6 9 -5 -11 -12 13 -2 15 17 -16 -14 19 20 24 23 -23 26 25 -18 -22 -28 29 -26
right_child=2 -3 3 4 7 6 -8 -9 -10 10 11 -13 14 -15 16 -17 18 -19 -20 -21 21 22 -24 -25 28 -27 27 -29 -30 -31
leaf_value=0 4.0992681194647169e-06 0 0.29466895910718777 0.098009626821215431 0.0030869287812512998 -0.026430697006630723 0.00068633635830765585 -0.0072204607194476609 -0.028154254650023598 -0.0071034406020507139 -0.0032688109817777243 0.028187785409869784 2.7548660645432472e-05 -5.7909001038052352e-05 0.0095397340747523183 0.097443623757224485 -0.014561827771243305 -0.0046209873899009301 0.013887172491006029 -0.017089709347722842 -2.3317535584680945e-05 -0.033067101828560271 0.010491747636667726 0.0014183594161724588 -0.00010420383222316628 0.0001867888773944974 -0.0070284307849046105 -0.0018107746136906821 -0.00092143072080803868 0.0037566191702809257
leaf_weight=3271 28 22 24 282 66 27 25 47 37 29 20 281 1476 23 78 120 22 29 105 21 29 21 21 68 356 32 20 23 293 131
leaf_count=3271 28 22 24 282 66 27 25 47 37 29 20 281 1476 23 78 120 22 29 105 21 29 21 21 68 356 32 20 23 293 131
internal_value=-0.0208503 -0.0448482 0.000313337 0.00153938 0.00204724 -0.00355263 -0.0075 -0.00252212 0.00284284 0.00328431 0.00181818 0.00267442 -4.14363e-05 -0.00480392 4.39369e-05 0.000630769 -0.000737705 0.000282392 -0.00104203 -0.00141273 -0.00120079 -0.00406593 -0.0104762 -0.00214286 -0.000575539 -0.00611111 -0.00611111 -0.0101163 -0.000192308 0.000893224
internal_weight=7027 3293 3734 838 762 76 52 113 649 612 330 301 2896 51 2845 1625 1220 1505 1142 1037 1016 182 42 140 834 54 72 43 780 487
internal_count=7027 3293 3734 838 762 76 52 113 649 612 330 301 2896 51 2845 1625 1220 1505 1142 1037 1016 182 42 140 834 54 72 43 780 487
is_linear=0
shrinkage=0.05


Tree=223
num_leaves=31
num_cat=0
split_feature=0 14 0 14 0 6 6 0 6 12 9 9 2 0 4 15 18 0 10 0 2 13 0 13 0 12 1 17 18 4
split_gain=1430.94 4.51509 0.673553 1.21988 0.928964 0.800138 0.954931 0.5193 0.702119 0.515658 0.509794 0.486907 0.456269 0.406128 1.27991 1.30956 1.05027 0.742358 0.625077 0.397231 0.784147 0.565759 0.533432 0.759625 0.404977 0.390726 1.12424 0.733032 0.67921 0.451702
threshold=3.5000000000000004 6.3656501350523191 841.00000000000011 66.791579478483754 818.50000000000011 3.5000000000000004 67.500000000000014 6.5000000000000009 29.500000000000004 224.88757814396817 0.98046008095854986 -0.99466160899732459 206.50000000000003 659.50000000000011 5.4500000000000011 63.495425161852957 54.273357355367807 767.50000000000011 0.98662138620987927 611.50000000000011 276.50000000000006 0.73064950001901086 542.50000000000011 0.68399223954901534 518.50000000000011 153.11171548419034 430.75000000000006 24.925402572296026 63.553354942377659 10.950000000000001
decision_type=2 2 2 2 2 2 2 2 2 2 2 2 2 2 2 2 2 2 2 2 2 2 2 2 2 2 2 2 2 2
left_child=1 -1 3 4 7 9 -7 8 -2 -4 11 12 -5 16 15 -15 19 25 -18 21 -21 22 24 -24 -9 26 -16 -28 -29 -30
right_child=2 -3 5 10 -6 6 -8 13 -10 -11 -12 -13 -14 14 17 -17 18 -19 -20 20 -22 -23 23 -25 -26 -27 27 28 29 -31
leaf_value=0 3.2255252800685681e-05 0 0.0010169149483080645 0.00081504538957346607 -0.014991991506367229 -0.0071048535531692937 0.00059124837594406923 8.8619036298181484e-06 -4.1462102890781612e-05 -0.014309140392366831 -0.0017250457126331328 0.037292857636904736 -0.004181833212568895 -0.014271564258628661 -0.00091777548977894398 -0.0020918739940587994 0.045815017533904989 0.017175645065547973 -0.056344485114689064 -0.0071157568172107574 0.00011051127981788192 0.024181485087325507 -0.017667734134678367 -0.00069604891580606607 0.052235199789955403 3.6065796148301292e-05 0.0062623831068746322 -0.0047675562011311751 -0.027793402872156731 0.010018565052396435
leaf_weight=3271 20 22 68 23 29 29 26 1969 31 21 38 460 20 22 21 30 247 139 20 26 37 99 20 37 44 122 32 30 20 54
leaf_count=3271 20 22 68 23 29 29 26 1969 31 21 38 460 20 22 21 30 247 139 20 26 37 99 20 37 44 122 32 30 20 54
internal_value=-0.0208218 -0.0448482 0.000366899 0.000501393 0.000113152 -0.00298611 -0.00772727 0.000198676 -0.00480392 -5.61796e-05 0.00268946 0.00311133 -0.00197674 0.000284608 -0.00106383 -0.00846154 0.000538215 -0.00014354 0.00350187 0.000183692 -0.00373016 0.000297372 0.000120773 -0.00464912 0.000255837 -0.00163082 -0.00328025 -0.00161765 -0.00365385 -0.00108108
internal_weight=7027 3293 3734 3590 3049 144 55 3020 51 89 541 503 43 2969 470 52 2499 418 267 2232 63 2169 2070 57 2013 279 157 136 104 74
internal_count=7027 3293 3734 3590 3049 144 55 3020 51 89 541 503 43 2969 470 52 2499 418 267 2232 63 2169 2070 57 2013 279 157 136 104 74
is_linear=0
shrinkage=0.05


Tree=224
num_leaves=31
num_cat=0
split_feature=0 14 0 18 9 0 3 1 4 6 6 10 15 15 18 15 3 12 1 3 2 8 2 6 1 10 6 11 9 9
split_gain=1426.71 4.51509 0.646923 0.943859 1.06461 1.05953 1.82211 1.41092 1.40661 0.800138 0.954931 0.749643 0.688386 0.717449 0.667614 0.599649 0.583845 0.515658 0.482114 0.482112 0.625 0.564978 0.389065 0.357985 1.58801 1.28252 1.19252 0.726039 0.5464 0.536485
threshold=3.5000000000000004 6.3656501350523191 841.00000000000011 67.813711894215615 -0.9852109833579612 656.50000000000011 36.45000000000001 545.05000000000007 7.0500000000000007 3.5000000000000004 67.500000000000014 0.99370977118463066 58.357686170585559 56.166383372201864 64.663986163741143 72.442416780131438 42.750000000000007 224.88757814396817 460.55000000000007 41.350000000000001 306.50000000000006 -0.98296291314453399 289.50000000000006 33.500000000000007 337.15000000000003 -0.83352489619613901 36.500000000000007 34.065981005994111 0.44437406304545285 -0.8995975465297964
decision_type=2 2 2 2 2 2 2 2 2 2 2 2 2 2 2 2 2 2 2 2 2 2 2 2 2 2 2 2 2 2
left_child=1 -1 3 5 15 7 8 12 -7 17 -11 -6 13 22 18 -5 19 -4 -10 21 -21 -8 23 -2 26 -26 -25 28 -27 -28
right_child=2 -3 9 4 11 6 16 -9 14 10 -12 -13 -14 -15 -16 -17 -18 -19 -20 20 -22 -23 -24 24 25 27 29 -29 -30 -31
leaf_value=0 3.4432372121709943e-05 0 0.00096606920089261348 -0.020295287713662083 0.054515841622673269 -0.01753764871234963 -0.001388953416547532 0.055093390498740069 -0.00025250132744012777 -0.0067496108755106428 0.00056168595714705587 -0.035204754660819133 0.028482500297424135 -0.012329557817100406 0.021820063415823789 0.00077516099707630574 0.0011857514263025617 -0.013593683372748307 -0.0086263024101755747 -0.014041871120867947 0.0048956896712314332 7.5964573798615223e-05 0.025468124874723219 -0.0041434821290680622 -0.015131392139853353 -0.00023168982586195725 -0.0020095441055450547 0.00031618545676988209 -0.023190982919134507 3.3583294352330433e-05
leaf_weight=3271 1313 22 68 34 446 30 36 238 28 29 26 24 106 32 31 29 62 21 38 20 20 208 73 21 30 20 39 62 21 629
leaf_count=3271 1313 22 68 34 446 30 36 238 28 29 26 24 106 32 31 29 62 21 38 20 20 208 73 21 30 20 39 62 21 629
internal_value=-0.0208574 -0.0448482 0.000299947 0.000431755 0.00237336 9.32288e-05 -0.00208245 0.000491486 -0.00720472 -0.00298611 -0.00772727 0.00319149 0.000119352 -6.69641e-05 -0.00427835 -0.00373016 -0.000202312 -5.61796e-05 -0.00712121 -0.00116197 -0.00625 -0.000327869 4.07611e-05 -8.1967e-05 -0.000900243 -0.00590226 6.53122e-05 -0.00325243 -0.00841463 0.000434132
internal_weight=7027 3293 3734 3590 533 3057 473 2584 127 144 55 470 2346 2240 97 63 346 89 66 284 40 244 2208 2135 822 133 689 103 41 668
internal_count=7027 3293 3734 3590 533 3057 473 2584 127 144 55 470 2346 2240 97 63 346 89 66 284 40 244 2208 2135 822 133 689 103 41 668
is_linear=0
shrinkage=0.05


Tree=225
num_leaves=31
num_cat=0
split_feature=0 14 12 0 1 4 10 1 10 12 0 0 5 0 9 9 14 3 3 14 1 10 6 17 17 0 15 14 4 11
split_gain=1433.49 4.51509 0.609245 1.1598 1.98497 1.79141 2.11233 1.04771 0.76272 0.802369 1.33136 0.946766 1.00087 0.9044 0.802086 0.707834 0.693132 0.631169 0.586446 0.448945 0.457965 1.27682 1.0396 0.433092 0.54 0.518741 0.421197 1.04548 1.15298 0.855022
threshold=3.5000000000000004 6.3656501350523191 150.52620124561747 656.50000000000011 427.55000000000001 11.450000000000001 -0.94128245028753155 545.05000000000007 0.99164058729498161 222.68469882099899 386.50000000000006 832.00000000000011 11.500000000000002 874.50000000000011 -0.99466160899732459 0.92913280730858816 65.675240928024024 35.350000000000001 36.250000000000007 36.915140853652638 388.65000000000003 0.75546532993267179 85.500000000000014 32.172648404205525 33.050814352047908 6.5000000000000009 8.1201165864714167 23.974700135607073 19.050000000000004 12.975113603288596
decision_type=2 2 2 2 2 2 2 2 2 2 2 2 2 2 2 2 2 2 2 2 2 2 2 2 2 2 2 2 2 2
left_child=1 -1 3 7 -5 6 -6 19 9 10 -4 23 -13 14 -12 17 -10 -8 -15 20 -2 22 -22 25 -25 -11 -27 28 29 -28
right_child=2 -3 8 4 5 -7 15 -9 16 11 13 12 -14 18 -16 -17 -18 -19 -20 -21 21 -23 -24 24 -26 26 27 -29 -30 -31
leaf_value=0 1.6644134320344396e-06 0 -0.0038871926620083295 -0.0013609733717701753 0.013299108724192717 0.00092786000860069478 -0.029780575135788148 0.062251538932939811 -0.012351711082082198 -4.111061649429045e-05 -0.016994462465513897 0.017232197182516448 -0.017915664379950718 0.00026217479911833081 0.039343137615748633 -0.004856255819024791 0.0047894400936716788 -0.010397774555103725 -0.010324127413506072 0.060451110652675791 1.3532377923792985e-05 -0.0038148961268413759 -0.0075088332637871878 -0.0034294423895377922 0.00587324534067378 0.00014439485015155346 -0.0023530114676533686 0.0002737580501864961 -0.0012939860077041693 0.0004390717270134608
leaf_weight=3271 847 22 20 22 23 163 22 126 30 21 25 22 20 27 489 20 26 20 20 40 201 25 21 50 25 286 24 1040 20 59
leaf_count=3271 847 22 20 22 23 163 22 126 30 21 25 22 20 27 489 20 26 20 20 40 201 25 21 50 25 286 24 1040 20 59
internal_value=-0.0208005 -0.0448482 0.00040707 -0.000359477 -0.00333333 -0.00205645 -0.00794118 0.000277778 0.000939202 0.00108939 0.00267642 0.000500957 -0.00690476 0.00312834 0.00373541 -0.0127419 -0.00482143 -0.0164286 -0.00351064 -0.000202822 -0.000393053 -0.00228745 -0.00108108 0.000704918 -0.003 0.000896552 0.0010112 0.000581802 -0.0042233 -0.00162651
internal_weight=7027 3293 3734 1530 270 248 85 1260 2204 2148 581 1567 42 561 514 62 56 42 47 1134 1094 247 222 1525 75 1450 1429 1143 103 83
internal_count=7027 3293 3734 1530 270 248 85 1260 2204 2148 581 1567 42 561 514 62 56 42 47 1134 1094 247 222 1525 75 1450 1429 1143 103 83
is_linear=0
shrinkage=0.05


Tree=226
num_leaves=31
num_cat=0
split_feature=0 14 0 0 5 14 0 9 11 6 12 0 17 12 12 0 1 3 6 12 9 9 2 4 15 9 0 10 4 1
split_gain=1432.64 4.51509 0.994476 1.17973 1.08995 0.966401 0.949603 0.63988 1.00474 0.45409 0.425221 0.598708 1.11429 0.898069 0.512112 0.49394 0.428375 0.460555 0.63124 0.428038 0.420574 0.535714 0.39119 0.385914 0.783673 0.524619 0.372037 0.472472 0.571087 1.59921
threshold=3.5000000000000004 6.3656501350523191 841.00000000000011 855.50000000000011 17.500000000000004 66.791579478483754 818.50000000000011 0.94130860066615818 46.728649850371404 25.500000000000004 122.75675273136339 611.50000000000011 28.357935012623404 112.65631636397849 103.31622603671424 588.50000000000011 493.35000000000008 34.45000000000001 36.500000000000007 87.619732157597056 -0.99273952934267318 -0.99762106698677366 43.500000000000007 23.150000000000002 20.642084309029503 -0.99052327954040364 6.5000000000000009 -0.41327860778290426 7.1500000000000012 466.4500000000001
decision_type=2 2 2 2 2 2 2 2 2 2 2 2 2 2 2 2 2 2 2 2 2 2 2 2 2 2 2 2 2 2
left_child=1 -1 5 4 -4 6 10 20 -9 -5 11 15 13 14 -13 16 17 22 19 -19 21 -7 -2 25 -25 -24 -12 28 29 -28
right_child=2 -3 3 9 -6 7 -8 8 -10 -11 26 12 -14 -15 -16 -17 -18 18 -20 -21 -22 -23 23 24 -26 -27 27 -29 -30 -31
leaf_value=0 -2.2139784488082069e-05 0 -0.016875803035946459 0.00030880130508573298 -0.0007786262631911241 0.0012844232934146223 -0.013960191046527263 -0.0051834657918719967 0.027858555176841111 -0.012082869753697096 -5.0882884849167474e-05 -0.0013013164850680442 -0.048400514192375642 -0.0073729566321259132 0.0023027529716476494 0.039039557172265149 -0.0056435136613003775 -0.00049326642333472179 -0.003448861699287758 0.0010436869382021532 0.041393318087867399 -0.0038391250760312096 -0.0035437807588915705 0.00017168951498992586 -0.0048972979450782883 0.00031823578295391139 0.00010027269874379522 0.0003927299650519165 7.4805071349954753e-05 -0.026901103089070233
leaf_weight=3271 234 22 21 77 20 28 29 28 45 26 24 64 21 22 49 47 32 37 27 32 420 20 23 49 35 493 70 924 815 22
leaf_count=3271 234 22 21 77 20 28 29 28 45 26 24 64 21 22 49 47 32 37 27 32 420 20 23 49 35 493 70 924 815 22
internal_value=-0.0208076 -0.0448482 0.00039368 -0.00368056 -0.0108537 0.000557103 0.000211545 0.00250462 -0.00184931 -0.000825243 0.000298013 -0.000450644 -0.00333333 -0.00166667 0.000132744 -4.95522e-06 -0.00024948 -5.37633e-05 -0.00333333 -0.000797101 0.00318376 -0.00125 0.000323741 0.001 -0.00214286 0.00151163 0.000768194 0.000849263 3.85889e-05 -0.00369565
internal_weight=7027 3293 3734 144 41 3590 3049 541 73 103 3020 1165 156 135 113 1009 962 930 96 69 468 48 834 600 84 516 1855 1831 907 92
internal_count=7027 3293 3734 144 41 3590 3049 541 73 103 3020 1165 156 135 113 1009 962 930 96 69 468 48 834 600 84 516 1855 1831 907 92
is_linear=0
shrinkage=0.05


Tree=227
num_leaves=31
num_cat=0
split_feature=0 14 10 0 9 0 0 0 0 6 3 2 9 10 18 2 0 2 12 11 14 1 16 18 4 15 18 3 3 0
split_gain=1436.88 4.51509 0.869021 0.776926 0.803686 0.764426 1.4345 0.668589 1.28802 1.0396 1.11854 0.912519 0.885536 0.857143 0.758946 0.591391 0.5475 1.32044 0.443312 0.486219 0.437345 0.65043 0.732573 0.4293 0.517301 0.428118 0.425103 0.587778 0.397861 0.375022
threshold=3.5000000000000004 6.3656501350523191 0.41326329957804353 403.50000000000006 0.12447811117596704 841.00000000000011 855.50000000000011 763.50000000000011 676.50000000000011 81.500000000000014 31.450000000000003 298.50000000000006 -0.99273952934267318 -0.86092912513210462 56.356832226219304 158.50000000000003 643.50000000000011 278.50000000000006 124.74909930445283 82.276335428949935 1.104857663302558 89.250000000000014 21.436378000446354 2.9228783268234895 8.1500000000000004 6.6433579000110505 58.27033266585677 42.050000000000004 44.150000000000013 6.5000000000000009
decision_type=2 2 2 2 2 2 2 2 2 2 2 2 2 2 2 2 2 2 2 2 2 2 2 2 2 2 2 2 2 2
left_child=1 -1 5 15 -5 7 -7 8 14 10 -10 -11 -12 -13 16 -4 20 -18 -9 -20 21 23 -23 24 -2 -25 27 -14 29 -22
right_child=2 -3 3 4 -6 6 -8 18 9 11 12 13 26 -15 -16 -17 17 -19 19 -21 28 22 -24 25 -26 -27 -28 -29 -30 -31
leaf_value=0 -0.000123187655759338 0 5.4122940313824778e-05 -0.029088088498878607 0.10974699562719675 -0.01255500820408518 -4.8113186720136338e-06 -0.0018497286710641655 -0.018897812767683583 -0.015354532320803145 -0.027516486665084203 -0.00064272018180097754 -0.0047894671725781657 0.0093221739343314347 0.015509578008399891 -0.0029619930643622768 -0.0079880019645426417 0.00018454218929772853 0.016016662006065576 -0.0021373287364409902 -4.8338740606709108e-05 -0.00020369662981397014 -1.9550564371929799e-05 0.00020530424073721381 -5.7733753198433606e-06 -2.3345976243598701e-05 0.0015066440965368776 0.00032718869342863478 -0.00078017497255169186 0.00012321724701619565
leaf_weight=3271 26 22 330 35 331 39 102 29 28 20 29 21 25 21 143 38 20 37 302 21 24 35 36 99 115 30 187 20 37 1554
leaf_count=3271 26 22 330 35 331 39 102 29 28 20 29 21 25 21 143 38 20 37 302 21 24 35 36 99 115 30 187 20 37 1554
internal_value=-0.020772 -0.0448482 0.000460632 0.00200272 0.00363388 8.33335e-05 -0.00351064 0.000260581 -2.59272e-05 -0.00283476 -0.00157439 -0.00870968 -0.000555555 -0.00452381 0.000431355 0.000380435 0.000181322 -0.00464912 0.00230114 0.00283282 0.000322086 -0.00130499 -0.00556338 -0.000185185 -0.0020922 0.00189922 0.000474138 -0.00388889 0.000665635 0.000785805
internal_weight=7027 3293 3734 734 366 3000 141 2859 2507 351 289 62 261 42 2156 368 2013 57 352 323 1956 341 71 270 141 129 232 45 1615 1578
internal_count=7027 3293 3734 734 366 3000 141 2859 2507 351 289 62 261 42 2156 368 2013 57 352 323 1956 341 71 270 141 129 232 45 1615 1578
is_linear=0
shrinkage=0.05


Tree=228
num_leaves=31
num_cat=0
split_feature=0 14 10 0 1 4 0 6 0 12 0 9 17 0 4 17 10 0 2 2 9 18 1 12 9 1 3 16 6 13
split_gain=1436.03 4.51509 0.953337 0.989989 0.811007 1.35293 0.980277 1.3072 0.85277 0.796088 0.615469 0.971205 1.24663 0.865641 1.25139 1.05941 0.951318 0.916122 0.85783 1.30632 0.829621 0.457434 0.45171 0.446006 0.734679 0.487508 0.56501 0.82396 0.484236 0.417993
threshold=3.5000000000000004 6.3656501350523191 -0.41327860778290426 6.5000000000000009 318.25000000000006 16.450000000000003 452.50000000000006 88.500000000000014 414.50000000000006 160.51367205108411 431.50000000000006 0.97873101657557349 31.178353161118228 684.50000000000011 7.1500000000000012 28.882185783662447 0.99164058729498161 772.50000000000011 183.50000000000003 227.50000000000003 -0.99273952934267318 73.528219932940772 235.90000000000001 102.4061476566044 0.51236666743397874 363.80000000000001 39.550000000000004 21.653746448942876 27.500000000000004 0.60619802878730333
decision_type=2 2 2 2 2 2 2 2 2 2 2 2 2 2 2 2 2 2 2 2 2 2 2 2 2 2 2 2 2 2
left_child=1 -1 4 -4 8 6 -6 -8 22 -9 18 13 -13 16 15 -15 -12 -17 -5 -20 -16 -14 29 24 -7 -25 -27 28 -28 -2
right_child=2 -3 3 10 5 23 7 9 -10 -11 11 12 21 14 20 17 -18 -19 19 -21 -22 -23 -24 25 -26 26 27 -29 -30 -31
leaf_value=0 -3.0002147776777943e-06 0 -5.8476433149030831e-05 8.5157105456823827e-05 -0.0061006533403008736 0.00015904499462403404 -0.001415133373454119 -0.02057076211543481 0.062304540232093766 -0.0010870781362640597 0.066875837943338165 0.0022847085159437073 -0.0091361162901019023 0.00075083910364871656 -0.010410088816826063 -0.039451089657524689 -0.027633684073934562 -0.00053104936812447482 -0.019894951011862588 0.00039756634336218783 0.041819403615624196 -0.004442041626900645 0.0058809562666957346 -0.0074115835816198003 -0.0025956057713788011 0.023356342457014231 0.01160400784593482 -0.014230151923141697 -0.0020684863912415752 -0.0037028614829270252
leaf_weight=3271 706 22 26 843 37 79 344 26 100 32 431 118 22 46 41 24 35 27 27 37 203 29 135 24 23 141 103 21 34 20
leaf_count=3271 706 22 26 843 37 79 344 26 100 32 431 118 22 46 41 24 35 27 27 37 203 29 135 24 23 141 103 21 34 20
internal_value=-0.0207791 -0.0448482 0.000447242 0.00122839 -0.000369863 -0.00148148 -0.00342825 -0.00271144 0.000629553 -0.00965517 0.00136219 0.00223361 -0.00121302 0.00295539 0.00104106 -0.00376289 0.00435622 -0.00872549 0.000424476 -0.00515625 0.00295082 -0.0077451 0.000121951 0.000529412 -0.00235294 0.00143963 0.00198997 -6.3291e-05 0.00135037 -0.000371901
internal_weight=7027 3293 3734 1909 1825 864 439 402 961 58 1883 976 169 807 341 97 466 51 907 64 244 51 861 425 102 323 299 158 137 726
internal_count=7027 3293 3734 1909 1825 864 439 402 961 58 1883 976 169 807 341 97 466 51 907 64 244 51 861 425 102 323 299 158 137 726
is_linear=0
shrinkage=0.05


Tree=229
num_leaves=31
num_cat=0
split_feature=0 14 10 0 9 11 16 0 0 4 12 0 18 14 0 15 9 18 3 17 16 1 3 16 13 0 4 16 16 6
split_gain=1436.88 4.51509 0.938944 0.770888 0.807232 0.708447 0.688339 0.632944 1.40847 0.66174 0.515456 0.997434 0.86759 0.853612 0.834135 0.782286 0.691189 0.634944 0.631579 0.613636 0.739353 0.612556 1.28883 1.0828 0.59067 1.05344 0.597813 0.496643 0.538252 1.0111
threshold=3.5000000000000004 6.3656501350523191 0.38167508216062856 422.50000000000006 0.12447811117596704 31.794833518443955 24.877873949468917 841.00000000000011 855.50000000000011 26.750000000000004 153.11171548419034 621.50000000000011 65.82833955246268 31.014597451219423 711.50000000000011 59.908329373762051 -0.95747632178960107 44.320988712914783 31.950000000000003 24.359223861871126 20.677423308932365 493.35000000000008 36.95000000000001 21.921539966464639 0.8821427710612767 746.50000000000011 11.65 13.521782310682594 20.177621803237198 1.5000000000000002
decision_type=2 2 2 2 2 2 2 2 2 2 2 2 2 2 2 2 2 2 2 2 2 2 2 2 2 2 2 2 2 2
left_child=1 -1 6 5 -5 -4 7 9 -9 10 11 13 16 17 18 -16 -12 27 -13 -20 -21 -18 23 -23 -17 -26 -27 -2 29 -29
right_child=2 -3 3 4 -6 -7 -8 8 -10 -11 12 14 -14 -15 15 24 21 -19 19 20 -22 22 -24 -25 25 26 -28 28 -30 -31
leaf_value=0 0.00067426076023518881 0 5.4169338726787459e-05 -0.026251999870237897 0.10624655706490571 -0.018025198823585695 -0.0030897020311544507 -0.012079335480110878 -0.00011494021745234309 0.0013938622939833004 0.002295470118402294 -0.048263025770045917 0.015813587358538134 0.019047352945713608 0.00075619934653720544 0.023490914870098519 7.3803715343269377e-06 -0.0039268891826626205 0.0050631413128326315 -0.005895390590615464 -0.00051135290278082445 -0.0085215337465762205 0.0013669687813733025 -0.0038294541867658783 -0.024773384123149444 -0.0063749383400252217 0.010374101157242252 -0.00021057783076536011 3.2829492831485921e-05 -3.5244375117040266e-06
leaf_weight=3271 43 22 363 35 337 23 39 36 98 175 152 20 236 146 50 27 942 38 20 23 32 22 58 35 23 26 49 79 410 197
leaf_count=3271 43 22 363 35 337 23 39 36 98 175 152 20 236 146 50 27 942 38 20 23 32 22 58 35 23 26 49 79 410 197
internal_value=-0.020772 -0.0448482 0.000460632 0.00203166 0.00365591 0.000466321 6.04841e-05 0.00014811 -0.00320895 0.000308598 0.00011035 -0.000663567 0.000743945 0.000125959 -0.00333333 -0.00128571 0.000202647 -0.000541069 -0.00710526 -0.005 -0.00772727 -0.000250709 -0.00369565 -0.00903509 -0.0034 -0.00520408 -0.00233333 -0.00021262 -0.000539358 -0.00224638
internal_weight=7027 3293 3734 758 372 386 2976 2937 134 2803 2628 1183 1445 913 270 175 1209 767 95 75 55 1057 115 57 125 98 75 729 686 276
internal_count=7027 3293 3734 758 372 386 2976 2937 134 2803 2628 1183 1445 913 270 175 1209 767 95 75 55 1057 115 57 125 98 75 729 686 276
is_linear=0
shrinkage=0.05


Tree=230
num_leaves=31
num_cat=0
split_feature=0 14 2 10 0 9 4 2 0 18 18 2 5 0 11 5 4 1 3 6 1 16 4 4 4 14 1 4 1 0
split_gain=1438.58 4.51509 0.768304 0.864805 0.639466 0.764412 0.553545 0.480221 0.702365 0.915719 0.625192 0.504766 0.583505 1.25849 1.17845 1.10454 0.923161 0.9 0.712635 0.679878 0.885336 0.872987 1.24132 0.932197 1.59376 0.653532 0.703257 0.587357 0.573409 0.622191
threshold=3.5000000000000004 6.3656501350523191 340.50000000000006 0.41326329957804353 422.50000000000006 0.12447811117596704 26.850000000000005 314.50000000000006 818.50000000000011 68.579638533343214 59.245073550190774 289.50000000000006 14.500000000000002 542.50000000000011 46.728649850371404 11.500000000000002 23.150000000000002 675.55000000000007 36.95000000000001 34.500000000000007 296.4500000000001 19.621524953143865 19.050000000000004 11.850000000000003 6.3500000000000005 0.47292095754029562 101.25000000000001 12.350000000000003 111.65000000000002 33.500000000000007
decision_type=2 2 2 2 2 2 2 2 2 2 2 2 2 2 2 2 2 2 2 2 2 2 2 2 2 2 2 2 2 2
left_child=1 -1 3 6 -5 -6 7 11 10 -10 -9 12 13 16 -15 18 28 -17 -16 25 -21 27 23 24 -23 26 -14 -22 29 -2
right_child=2 -3 -4 4 5 -7 -8 8 9 -11 -12 -13 19 14 15 17 -18 -19 -20 20 21 22 -24 -25 -26 -27 -28 -29 -30 -31
leaf_value=0 2.3310912050833165e-05 0 0.011055871961860449 3.3969051919756871e-05 -0.024939399876725887 0.11603162610789178 0.0013241691792841217 -0.0052153164842273329 -0.017230472455004441 0.0063506621974142767 0.0023632573907714591 0.0012392572314410954 -1.1086413122983761e-05 -0.012443982862191179 -0.053608337750148873 -0.01270148916995654 -0.00077309283529684468 -0.017169746709176897 0.0013690129499962227 2.7905462077434211e-06 -0.0098816829711812128 0.00044948796950099895 -0.0096226770480052105 0.0015806467820729355 -0.020214192831980629 0.00018703040740413531 -0.00051014852042360447 0.0020332294861627313 0.0011930923719433431 -0.0012870536606628803
leaf_weight=3271 37 22 92 376 35 318 175 42 26 20 79 220 154 27 22 20 20 20 37 491 28 25 26 50 31 1133 23 55 132 20
leaf_count=3271 37 22 92 376 35 318 175 42 26 20 79 220 154 27 22 20 20 20 37 491 28 25 26 50 31 1133 23 55 132 20
internal_value=-0.0207578 -0.0448482 0.000487413 0.000373421 0.00191358 0.00344193 -1.20149e-05 -0.000186267 -0.00278443 -0.00804348 -0.000785124 -1.75027e-05 -0.000231816 -0.00216418 -0.00611111 -0.00358586 0.000215311 -0.01 0.000762712 8.92859e-05 -0.00116147 -0.00383721 -0.00636364 -0.00396226 -0.00839286 0.000763359 -0.00206215 0.000180723 0.0012963 -0.00289474
internal_weight=7027 3293 3734 3642 729 353 2913 2738 167 46 121 2571 2351 335 126 99 209 40 59 2016 706 215 132 106 56 1310 177 83 189 57
internal_count=7027 3293 3734 3642 729 353 2913 2738 167 46 121 2571 2351 335 126 99 209 40 59 2016 706 215 132 106 56 1310 177 83 189 57
is_linear=0
shrinkage=0.05


Tree=231
num_leaves=31
num_cat=0
split_feature=0 14 10 0 9 2 11 0 0 0 11 3 3 0 6 16 18 10 5 3 17 4 0 4 4 10 9 0 5 11
split_gain=1438.58 4.51509 0.839099 0.716195 0.512355 0.408599 0.394925 0.393521 0.590673 0.432163 0.476062 0.456827 1.03855 0.55563 0.973107 1.91455 0.970374 0.810414 0.804975 0.757305 0.759403 0.709817 1.00919 0.704605 0.536789 0.755809 0.58222 0.522137 0.484699 0.798559
threshold=3.5000000000000004 6.3656501350523191 0.41326329957804353 422.50000000000006 0.12447811117596704 328.50000000000006 31.794833518443955 841.00000000000011 855.50000000000011 791.50000000000011 82.276335428949935 36.95000000000001 38.050000000000004 611.50000000000011 88.500000000000014 20.600010415395687 49.932353608097806 -0.91583036384466876 15.500000000000002 36.250000000000007 28.436570201585443 7.1500000000000012 706.50000000000011 5.7500000000000009 8.4500000000000011 -0.8520459593969173 -0.8995975465297964 542.50000000000011 40.500000000000007 56.682365683407362
decision_type=2 2 2 2 2 2 2 2 2 2 2 2 2 2 2 2 2 2 2 2 2 2 2 2 2 2 2 2 2 2
left_child=1 -1 5 6 -5 7 -4 9 -9 11 -11 13 -13 16 17 -16 19 -15 -19 23 -21 22 -20 -2 25 -25 -27 -26 -23 -30
right_child=2 -3 3 4 -6 -7 -8 8 -10 10 -12 12 -14 14 15 -17 -18 18 21 20 -22 28 -24 24 27 26 -28 -29 29 -31
leaf_value=0 0.00029713125738268695 0 4.976241870808699e-05 -0.023692429882889443 0.10864977423528013 0.012935240207068228 -0.017125637335002351 -0.010677991882682288 -0.00021295219934452296 0.016979720733164626 -0.0038073803443616511 0.0021458886943396664 6.3208410518445201e-07 -0.0090134285994535185 0.00030839811493181752 -0.034861939300802842 0.0331512095679702 -0.0035095123207146989 -0.021192247267697983 -0.0068638051256029696 0.00019211390635406875 0.016251146483922653 0.0008100083354971332 -0.00017983155372004167 -3.0696455484084716e-07 -0.00018388983485994484 0.00018907256748249097 -0.0029126567769980917 -0.0086172674410995333 0.0082097390479326099
leaf_weight=3271 123 22 353 35 323 122 23 39 99 186 20 170 609 23 20 26 122 20 23 35 24 79 37 33 983 34 67 24 22 60
leaf_count=3271 123 22 353 35 323 122 23 39 99 186 20 170 609 23 20 26 122 20 23 35 24 79 37 33 983 34 67 24 22 60
internal_value=-0.0207578 -0.0448482 0.000487413 0.00200272 0.00360335 0.000116667 0.000478724 -3.47445e-06 -0.0026087 0.000127737 0.0023301 -5.13021e-05 0.000956354 -0.000498575 -0.00241935 -0.00913043 -8.6505e-05 -0.00125 -0.000394191 -0.00047997 -0.00601695 0.000475113 -0.00416667 -0.000221519 -0.000609115 -0.00358209 -0.00143564 -0.000213505 0.00220497 -0.000487805
internal_weight=7027 3293 3734 734 358 3000 376 2878 138 2740 206 2534 779 1755 310 46 1445 264 241 1323 59 221 60 1264 1141 134 101 1007 161 82
internal_count=7027 3293 3734 734 358 3000 376 2878 138 2740 206 2534 779 1755 310 46 1445 264 241 1323 59 221 60 1264 1141 134 101 1007 161 82
is_linear=0
shrinkage=0.05


Tree=232
num_leaves=31
num_cat=0
split_feature=0 14 10 18 0 13 1 4 1 9 0 14 0 0 1 7 4 2 0 10 0 14 15 4 4 18 3 9 3 4
split_gain=1436.03 4.51509 0.917965 0.900841 0.799563 1.01143 0.740242 0.734261 0.779221 0.738105 0.728392 1.11304 1.0077 0.689426 0.596529 0.76603 0.587778 0.573081 0.812947 0.554995 0.535822 0.413395 0.565815 0.402367 0.94 1.07302 0.404352 0.358975 0.35798 0.478881
threshold=3.5000000000000004 6.3656501350523191 -0.38961601727460732 48.004898941830156 680.50000000000011 0.81239733004311254 518.45000000000016 6.5500000000000007 720.25000000000011 -0.99273952934267318 818.50000000000011 66.246348736709834 842.50000000000011 793.50000000000011 532.45000000000016 0.25881904510252091 11.15 36.500000000000007 43.500000000000007 -0.10737736916418625 841.00000000000011 8.0831056965918897 2.482239539860871 9.0500000000000025 10.050000000000002 32.611937711068613 38.750000000000007 0.97873101657557349 42.050000000000004 26.250000000000004
decision_type=2 2 2 2 2 2 2 2 2 2 2 2 2 2 2 2 2 2 2 2 2 2 2 2 2 2 2 2 2 2
left_child=1 -1 10 6 27 -6 17 8 -7 -9 13 12 -12 14 28 -16 -8 18 19 -4 -13 22 -21 -19 25 -25 -26 -5 29 -2
right_child=2 -3 3 4 5 7 16 9 -10 -11 11 20 -14 -15 15 -17 -18 23 -20 21 -22 -23 -24 24 26 -27 -28 -29 -30 -31
leaf_value=0 -2.9703417408694323e-05 0 -3.9521217234338662e-05 0.067705464090106901 -0.011358106313295374 0.00031072554698573793 -0.0041330279640065613 -0.008229403439101177 -0.041780297199702887 0.038988455767251323 -0.013285484885519179 0.0204701730109993 -0.00020521404420983935 0.024180879745630636 0.009355746019303177 -0.024476377009550764 -3.2055758284357808e-05 0.00079313252594915391 -0.0012263498793747395 -3.3324803485316707e-05 -0.0060738964763626269 0.00016620292624910441 0.0073286056982735329 -0.0016757847104609787 0.0004110773655612979 -0.0028737277841755786 -0.00057260617120015293 -0.0019786309852789083 0.00045801245533753411 0.00076676874825093238
leaf_weight=3271 1323 22 23 450 31 77 20 41 28 264 25 29 21 82 29 23 25 203 22 53 39 75 40 36 406 20 25 31 169 124
leaf_count=3271 1323 22 23 450 31 77 20 41 28 264 25 29 21 82 29 23 25 203 22 53 39 75 40 36 406 20 25 31 169 124
internal_value=-0.0207791 -0.0448482 0.000447242 0.00122995 0.00234273 0.000804989 0.00014768 0.00146341 -0.00214286 0.00270492 -0.000337983 -0.00421053 -0.0102174 -8.57141e-05 -0.000305755 -0.00557692 -0.00611111 0.000459579 -0.00180751 -0.000759162 -0.000147059 0.000238095 -0.00198925 0.00115942 0.000379877 -0.00571429 0.00117169 0.0037526 -0.000136138 -0.000390463
internal_weight=7027 3293 3734 1870 922 441 948 410 105 305 1864 114 46 1750 1668 52 45 903 213 191 68 168 93 690 487 56 431 481 1616 1447
internal_count=7027 3293 3734 1870 922 441 948 410 105 305 1864 114 46 1750 1668 52 45 903 213 191 68 168 93 690 487 56 431 481 1616 1447
is_linear=0
shrinkage=0.05


Tree=233
num_leaves=31
num_cat=0
split_feature=0 14 10 14 1 9 18 16 13 3 2 10 10 6 2 17 5 3 6 2 4 17 10 9 17 9 14 6 6 3
split_gain=1434.34 4.51509 0.862828 0.865074 0.977326 0.857143 0.75223 0.645134 0.625874 0.904301 0.624015 0.54366 0.455664 0.495918 0.375923 0.371053 0.337458 0.35 0.43552 0.947334 0.337164 0.386189 0.383424 0.339568 0.593591 0.550372 0.535926 0.568049 0.522539 0.375734
threshold=3.5000000000000004 6.3656501350523191 0.1500498401600889 23.523869584928665 404.55000000000007 0.6583954877256819 7.3979599529612505 23.760951161420284 0.30584636840520457 33.850000000000001 31.500000000000004 0.99164058729498161 0.93225468035816139 67.500000000000014 346.00000000000006 32.204070570066257 22.500000000000004 34.45000000000001 5.5000000000000009 201.50000000000003 26.450000000000003 26.956081834571798 -0.83352489619613901 -0.81150899888343009 18.486405453977486 -0.76938632707879162 3.034599929001347 4.5000000000000009 17.500000000000004 31.750000000000004
decision_type=2 2 2 2 2 2 2 2 2 2 2 2 2 2 2 2 2 2 2 2 2 2 2 2 2 2 2 2 2 2
left_child=1 -1 7 4 6 -6 10 14 -9 -10 12 16 13 -4 20 -8 17 18 -5 -20 23 -22 -23 24 -2 28 27 -26 -25 -28
right_child=2 -3 3 11 5 -7 15 8 9 -11 -12 -13 -14 -15 -16 -17 -18 -19 19 -21 21 22 -24 25 26 -27 29 -29 -30 -31
leaf_value=0 -0.0040516040494885395 0 2.2029688106647954e-05 0.0012897698638813194 -0.0048371219211937877 -0.00025730075895825585 0.0021783138671472783 9.8806798674463549e-05 -0.0055873803230580702 -0.0010991466692596625 -0.00067634344080849467 -0.0026593762731375696 0.003878761378273447 -0.00023209706573821339 0.026015687053467164 -0.00058954492221670004 0.03986701583848163 0.0048555367206202411 -0.0052697577209370391 0.059754910649261563 0.0012282534961881716 -0.0039911632129387619 0.0016437244946455147 -4.3078036205621099e-05 0.0006774550863187412 -1.3500847208523873e-05 0.00097318043373852831 -0.0076380949482079269 -0.0015417532029148575 0.00070276745636507114
leaf_weight=3271 20 22 49 187 24 32 94 38 30 32 20 55 41 21 73 20 395 63 33 32 120 37 41 31 42 1727 80 20 21 356
leaf_count=3271 20 22 49 187 24 32 94 38 30 32 20 55 41 21 73 20 395 63 33 32 120 37 41 31 42 1727 80 20 21 356
internal_value=-0.0207934 -0.0448482 0.000420461 0.00162289 -0.00064784 -0.00660714 0.000714286 -5.99698e-05 -0.004 -0.00709677 -0.00187023 0.00251634 -0.000405405 -0.00285714 9.34581e-05 0.00368421 0.00288732 0.00166667 0.000833334 -0.00269231 -1.00199e-05 0.0019697 -0.000769231 -0.00018067 0.000945946 -0.000508713 0.00128514 -0.00306452 -0.00557692 0.00190367
internal_weight=7027 3293 3734 1066 301 56 245 2668 100 62 131 765 111 70 2568 114 710 315 252 65 2495 198 78 2297 518 1779 498 62 52 436
internal_count=7027 3293 3734 1066 301 56 245 2668 100 62 131 765 111 70 2568 114 710 315 252 65 2495 198 78 2297 518 1779 498 62 52 436
is_linear=0
shrinkage=0.05


Tree=234
num_leaves=31
num_cat=0
split_feature=0 14 1 2 10 4 14 17 6 10 9 9 3 2 0 18 0 0 0 16 0 0 18 1 2 1 13 1 1 9
split_gain=1432.64 4.51509 0.644432 0.689172 0.851997 0.781268 0.856557 0.955876 0.911455 0.45152 0.477277 0.441186 0.447867 0.429768 0.348178 0.660549 0.480554 0.474558 0.366001 1.35656 1.32234 1.20379 0.637688 0.612783 0.482707 0.406843 0.896897 1.03795 0.81625 1.90462
threshold=3.5000000000000004 6.3656501350523191 577.70000000000016 181.50000000000003 0.99164058729498161 7.9500000000000011 57.065418262902234 28.30392132003605 5.5000000000000009 -0.47495107206705001 0.99817629101047833 -0.99273952934267318 37.250000000000007 346.00000000000006 841.00000000000011 68.579638533343214 818.50000000000011 793.50000000000011 611.50000000000011 21.62943343299418 672.50000000000011 624.50000000000011 49.932353608097806 518.45000000000016 254.50000000000003 140.00000000000003 0.42408226221079698 83.600000000000009 337.15000000000003 -0.99273952934267318
decision_type=2 2 2 2 2 2 2 2 2 2 2 2 2 2 2 2 2 2 2 2 2 2 2 2 2 2 2 2 2 2
left_child=1 -1 13 4 -4 6 -5 -8 -9 -7 11 12 -11 14 15 16 17 18 22 21 -21 -20 23 25 -23 26 -2 -28 29 -27
right_child=2 -3 3 5 -6 9 7 8 -10 10 -12 -13 -14 -15 -16 -17 -18 -19 19 20 -22 24 -24 -25 -26 28 27 -29 -30 -31
leaf_value=0 -7.409372046572403e-06 0 0.085155429374992764 -0.0050571964419491707 -0.025760112779593516 -0.0018450202970303918 0.028871609117545299 0.00026479411230978853 -0.032284015350417909 -0.019867087084585934 -0.0049044498225840295 0.029466145915948806 0.0024696519866692634 0.018057227782250863 -0.0061075277811100297 0.035940500957128516 -0.012620535598883304 0.013600977531575626 -0.017720718675537424 0.00023161354425846664 -0.02335200156539731 -0.0044782492085982924 0.03706597402034275 -0.001603988362501009 0.00035721960688787837 -0.0048229159984050207 -0.0038761646754054118 9.4431003017457978e-05 -0.00040822364301280407 0.00087193273391047543
leaf_weight=3271 862 22 236 21 35 27 47 61 37 21 20 251 25 78 35 65 25 64 25 26 28 34 147 34 311 28 26 28 467 670
leaf_count=3271 862 22 236 21 35 27 47 61 37 21 20 251 25 78 35 65 25 64 25 26 28 34 147 34 311 28 26 28 467 670
internal_value=-0.0208076 -0.0448482 0.00039368 0.00167093 0.00370849 0.000588235 -0.00222892 -0.000862069 -0.00367347 0.00194767 0.00247634 0.0029798 -0.00152174 5.58756e-05 -4.34781e-05 1.76058e-05 -9.90989e-05 -3.63634e-05 -0.000137751 -0.00148585 -0.00888889 -0.000405405 0.000114943 -0.000106383 0.000362319 2.40288e-06 -0.000786026 -0.00703704 0.000622318 0.00170487
internal_weight=7027 3293 3734 781 271 510 166 145 98 344 317 297 46 2953 2875 2840 2775 2750 2686 424 54 370 2262 2115 345 2081 916 54 1165 698
internal_count=7027 3293 3734 781 271 510 166 145 98 344 317 297 46 2953 2875 2840 2775 2750 2686 424 54 370 2262 2115 345 2081 916 54 1165 698
is_linear=0
shrinkage=0.05


Tree=235
num_leaves=31
num_cat=0
split_feature=0 14 10 18 1 17 1 1 0 12 4 9 6 2 2 12 1 3 4 12 11 2 5 1 1 12 10 0 13 1
split_gain=1430.1 4.51509 0.670506 0.982961 0.722157 0.809478 0.61888 0.89004 0.714148 0.607284 0.493401 0.610219 0.521983 0.906267 0.918406 0.818182 0.746047 0.964543 0.724176 1.32234 0.731428 0.754379 0.721754 0.718016 0.602277 0.584077 0.478481 0.534258 1.02041 0.451928
threshold=3.5000000000000004 6.3656501350523191 0.20088311396693925 46.888193249632643 717.10000000000014 32.494283209014007 395.90000000000003 142.90000000000003 266.50000000000006 251.86542133066112 10.450000000000001 -0.72361723388122445 65.500000000000014 25.500000000000004 319.50000000000006 101.04884081438483 296.4500000000001 35.550000000000004 9.9500000000000011 240.08098772759664 61.876994135349982 197.50000000000003 53.500000000000007 574.1500000000002 658.45000000000016 80.673104253298064 0.99164058729498161 691.50000000000011 0.89034288597218125 493.35000000000008
decision_type=2 2 2 2 2 2 2 2 2 2 2 2 2 2 2 2 2 2 2 2 2 2 2 2 2 2 2 2 2 2
left_child=1 -1 4 6 5 10 7 9 -8 -4 12 -12 13 15 18 -2 -14 -18 20 -20 21 25 23 -23 -25 -15 27 -5 -29 -10
right_child=2 -3 3 26 -6 -7 8 -9 29 -11 11 -13 16 14 -16 -17 17 -19 19 -21 -22 22 -24 24 -26 -27 -28 28 -30 -31
leaf_value=0 -1.7121906303486175e-05 0 -2.1897304118625503e-05 0.075572498502828156 -0.023813303503281164 -0.0044593289737450189 -0.0016676511838227036 0.0023159980449269919 0.00079044428949804398 -0.0018582798865970111 0.0018901555247335647 1.0455899621750699e-06 0.00032147845000136954 -3.0602134198081022e-05 -0.0053580725152317567 -0.00015927913886461419 -0.010378078621850926 0.0033909084543932012 0.00033748344617191552 -0.005903536144372945 0.0021760159159845286 0.0013202190066257493 -0.014196772906731742 -0.0029223941487602836 0.00079802734167928879 0.00036109953915704771 -0.0017505277623419584 -0.022733176403189753 0.022272324491852524 -0.0041734315692636892
leaf_weight=3271 22 22 153 329 21 20 35 168 44 31 440 1492 130 28 31 22 31 38 28 26 94 74 24 31 20 171 42 21 126 42
leaf_count=3271 22 22 153 329 21 20 35 168 44 31 440 1492 130 28 31 22 31 38 28 26 94 74 24 31 20 171 42 21 126 42
internal_value=-0.0208289 -0.0448482 0.000353508 0.00146821 -4.9216e-05 2.20428e-05 -0.000179704 0.000880682 -0.00326446 -0.00152174 9.62252e-05 0.000522775 -0.000974026 -0.00174256 -0.00116698 -0.00863636 0.00123116 -0.00297101 -0.000645161 -0.00611111 2.26246e-05 -0.00103448 -0.00372483 -0.0022 -0.00676471 0.0009799 0.00297297 0.00342437 0.000918368 -0.000813953
internal_weight=7027 3293 3734 991 2743 2722 473 352 121 184 2702 1932 770 571 527 44 199 69 496 54 442 348 149 125 51 199 518 476 147 86
internal_count=7027 3293 3734 991 2743 2722 473 352 121 184 2702 1932 770 571 527 44 199 69 496 54 442 348 149 125 51 199 518 476 147 86
is_linear=0
shrinkage=0.05


Tree=236
num_leaves=31
num_cat=0
split_feature=0 14 14 14 3 1 0 10 13 0 12 12 6 13 17 6 12 3 3 4 13 2 2 15 1 9 9 7 16 9
split_gain=1431.79 4.51509 0.548715 0.767135 0.763308 0.844467 0.777912 0.707776 0.615182 0.732601 0.574981 1.07955 0.63832 0.88205 0.508467 0.580246 0.720236 0.834041 1.03706 0.689504 0.846283 0.564374 0.538798 0.477051 1.11442 0.455158 0.924748 0.933335 0.512884 0.930174
threshold=3.5000000000000004 6.3656501350523191 23.974700135607073 23.101302634556074 30.350000000000005 720.25000000000011 372.50000000000006 0.99164058729498161 0.55002596295035422 442.50000000000006 254.77728527129878 250.61276513246273 43.500000000000007 0.42917335473515256 32.038223293423115 5.5000000000000009 147.7585125690716 39.150000000000013 35.550000000000004 11.550000000000002 0.71293851168443745 320.50000000000006 340.50000000000006 72.012730532392112 641.50000000000011 0.38962684145003695 0.43664718845046319 0.37940952255126054 21.900215453740028 0.86958133671945947
decision_type=2 2 2 2 2 2 2 2 2 2 2 2 2 2 2 2 2 2 2 2 2 2 2 2 2 2 2 2 2 2
left_child=1 -1 3 8 6 14 10 -8 -2 -10 11 12 -4 -14 15 25 17 18 19 -17 -21 -20 23 24 -18 -6 -27 28 -28 -30
right_child=2 -3 4 -5 5 -7 7 -9 9 -11 -12 -13 13 -15 -16 16 22 -19 21 20 -22 -23 -24 -25 -26 26 27 -29 29 -31
leaf_value=0 -1.4548068687533155e-07 0 0.00057980881698202166 -0.00092126458345975499 0.0034643272935676196 -0.032833984238490398 0.064027733001633766 -0.024384580752496832 -0.025178450924424764 0.00055636483034940485 0.0074574180850637099 -0.001758360131916244 0.013636451854007149 -0.0034743499802964667 -0.0035748827171037407 -0.01705835906775886 0.00010236427463109258 -0.010969610371171896 0.0060723630560938699 -0.003462981585023295 0.0017580697192058924 -0.0011882983261892084 0.024777442687473703 0.0045472157203560667 -0.001395305185875899 -0.019899180401409325 0.010718975357898562 -0.0013842562402510241 -0.010156684575980655 0.0013867566288271503
leaf_weight=3271 1263 22 72 30 298 31 460 35 28 24 37 24 22 25 20 44 704 20 60 25 42 21 61 65 31 20 123 42 33 74
leaf_count=3271 1263 22 72 30 298 31 460 35 28 24 37 24 22 25 20 44 704 20 60 25 42 21 61 65 31 20 123 42 33 74
internal_value=-0.0208147 -0.0448482 0.000380289 -0.000427509 0.000835078 0.000274213 0.00225926 0.00328283 -0.000247148 -0.00557692 -0.000555555 -0.00199301 -4.20166e-05 -0.00457447 0.000424837 0.000520144 -0.000172414 -0.00278302 -0.00177083 -0.00490991 -0.00171642 0.00253086 0.000470383 0.000125 -0.000238095 0.00177966 0.000376713 0.00113971 0.0023913 -0.000140187
internal_weight=7027 3293 3734 1345 2389 1714 675 495 1315 52 180 143 119 47 1683 1663 1073 212 192 111 67 81 861 800 735 590 292 272 230 107
internal_count=7027 3293 3734 1345 2389 1714 675 495 1315 52 180 143 119 47 1683 1663 1073 212 192 111 67 81 861 800 735 590 292 272 230 107
is_linear=0
shrinkage=0.05


Tree=237
num_leaves=31
num_cat=0
split_feature=0 14 0 14 0 13 5 0 0 13 15 4 13 11 15 9 5 4 4 9 17 17 3 0 7 12 4 18 8 1
split_gain=1429.25 4.51509 0.531674 0.881655 0.606868 0.631962 0.552028 0.918075 0.52568 1.33668 0.807548 0.643507 0.741026 0.454113 0.595238 0.365854 0.363814 0.412098 0.49785 0.658223 0.658651 1.28394 0.616742 0.605034 1.1776 0.783764 1.65859 0.752784 0.783947 1.24616
threshold=3.5000000000000004 6.3656501350523191 841.00000000000011 66.791579478483754 818.50000000000011 0.99043557303666285 17.500000000000004 855.50000000000011 646.50000000000011 0.81881597012293439 64.717575982976157 6.5500000000000007 0.94811029568700855 67.738542753456969 68.568879458913685 -0.99052327954040364 6.5000000000000009 26.850000000000005 20.350000000000005 -0.47871610739127701 26.333702922013938 25.886778583209672 41.850000000000001 611.50000000000011 0.37940952255126054 255.80449031193589 13.350000000000003 50.779402747586907 -0.9159756150367534 105.80000000000003
decision_type=2 2 2 2 2 2 2 2 2 2 2 2 2 2 2 2 2 2 2 2 2 2 2 2 2 2 2 2 2 2
left_child=1 -1 3 4 5 16 7 -4 -5 10 -10 12 -11 -9 -15 -13 -2 18 22 -20 21 -21 23 27 25 -25 -27 28 29 -18
right_child=2 -3 6 8 -6 -7 -8 13 9 11 -12 15 -14 14 -16 -17 17 -19 19 20 -22 -23 -24 24 -26 26 -28 -29 -30 -31
leaf_value=0 -0.01161241395482342 0 -0.013497748829299312 0.066113961786750206 -0.010564063275313168 0.0073239467190508532 0.0024070905157688636 0.015307245480893548 -2.938645810603262e-05 -0.032528276380494506 -0.010280563140841898 -0.0004963652003705972 0.015512964517463335 0.013505536266372279 -0.0013255399371476318 0.037428767662943403 -0.0035656037790143496 0.0014250848831375319 0.00048069883524281908 -0.00022340990364239975 8.8120163569180339e-05 -0.0012857005900876149 0.0023326534785950521 0.00055362753426955113 -0.0035780771061855927 -0.014825726450314098 0.00074362041013327929 0.049531468611572468 1.0884064854639935e-05 0.05726135659334082
leaf_weight=3271 22 22 21 163 29 136 47 34 29 26 26 31 39 21 21 227 23 149 88 201 87 29 119 234 40 20 21 202 1629 20
leaf_count=3271 22 22 21 163 29 136 47 34 29 26 26 31 39 21 21 227 23 149 88 201 87 29 119 234 40 20 21 202 1629 20
internal_value=-0.0208361 -0.0448482 0.000340118 0.00045961 0.000129551 0.000198676 -0.00263889 -0.00479381 0.00231978 0.0012963 -0.00590909 0.00252322 -0.00192308 -0.00223684 -0.00571429 0.00364341 4.16091e-05 9.08457e-05 -4.97602e-05 -0.00166667 -0.00272871 -0.00413043 0.000233969 4.3399e-05 -0.00198413 -0.000818182 -0.00719512 0.000384205 3.58854e-05 -0.00662791
internal_weight=7027 3293 3734 3590 3049 3020 144 97 541 378 55 323 65 76 42 258 2884 2862 2713 405 317 230 2308 2189 315 275 41 1874 1672 43
internal_count=7027 3293 3734 3590 3049 3020 144 97 541 378 55 323 65 76 42 258 2884 2862 2713 405 317 230 2308 2189 315 275 41 1874 1672 43
is_linear=0
shrinkage=0.05


Tree=238
num_leaves=31
num_cat=0
split_feature=0 14 0 3 0 14 9 11 5 0 11 15 0 0 1 6 13 4 4 0 8 4 0 0 14 15 12 13 18 14
split_gain=1431.79 4.51509 0.555863 0.576833 0.451264 0.779361 0.619545 1.21114 0.469196 0.585232 0.454113 0.595238 0.438395 0.494421 0.363489 1.01982 1.53788 1.68582 0.997253 0.929435 0.901016 0.900113 1.09394 1.13805 0.979643 0.655594 0.608388 1.38313 0.593554 0.521148
threshold=3.5000000000000004 6.3656501350523191 6.5000000000000009 30.350000000000005 841.00000000000011 65.837664182325213 0.94130860066615818 44.75741238010621 17.500000000000004 855.50000000000011 67.738542753456969 68.568879458913685 818.50000000000011 793.50000000000011 337.15000000000003 35.500000000000007 0.71293851168443745 19.750000000000004 9.8500000000000032 431.50000000000006 -0.9159756150367534 6.8500000000000005 618.50000000000011 706.50000000000011 18.336630149162563 46.819344971606732 150.52620124561747 0.88705569184195421 40.586893964310576 53.489269247574462
decision_type=2 2 2 2 2 2 2 2 2 2 2 2 2 2 2 2 2 2 2 2 2 2 2 2 2 2 2 2 2 2
left_child=1 -1 3 -2 5 12 -7 -8 9 -6 -11 -12 13 14 19 21 17 18 -17 20 -4 22 29 -24 28 -20 27 -18 -23 -16
right_child=2 -3 4 -5 8 6 7 -9 -10 10 11 -13 -14 -15 15 16 26 -19 25 -21 -22 24 23 -25 -26 -27 -28 -29 -30 -31
leaf_value=0 6.131459963184124e-06 0 -0.0030885211468576197 -4.535938738341795e-05 -0.012822861387834578 0.01607245321816041 -0.0025956139837846667 0.018215517042573723 0.0022867359899801506 0.014541883206848658 0.012830259453053321 -0.0012592629402905474 -0.010260038454573898 0.024430796047095412 0.00043833161284240435 -0.0061156422601995122 0.00047976502811149344 -0.0084148829449847296 0.0022355172819394156 0.05000945574903104 3.4862542668052021e-05 -6.9511603317470492e-05 -0.011912925682976958 -0.0015579077417895958 0.00071993551772346186 -0.01664258936121393 0.00072178977359921292 -0.0054453861743660563 -0.004280793628910237 -0.0063230717491476662
leaf_weight=3271 29 22 36 22 21 513 25 55 47 34 21 21 27 74 85 39 54 25 30 136 1447 46 22 27 697 22 109 29 21 20
leaf_count=3271 29 22 36 22 21 513 25 55 47 34 21 21 27 74 85 39 54 25 30 136 1447 46 22 27 697 22 109 29 21 20
internal_value=-0.0208147 -0.0448482 0.000380289 -0.00480392 0.000452077 0.000563719 0.00221754 -0.001875 -0.00229167 -0.00427835 -0.00223684 -0.00571429 0.000230822 0.000289483 0.000184534 -0.000464926 -0.00295455 -0.0075 -0.00434066 0.000676344 0.000313554 0.000370371 -0.00311688 -0.00928571 0.0010733 0.000192308 -0.000208333 -0.00343373 -0.00470149 -0.000238095
internal_weight=7027 3293 3734 51 3683 3539 593 80 144 97 76 42 2946 2919 2845 1226 308 116 91 1619 1483 918 154 49 764 52 192 83 67 105
internal_count=7027 3293 3734 51 3683 3539 593 80 144 97 76 42 2946 2919 2845 1226 308 116 91 1619 1483 918 154 49 764 52 192 83 67 105
is_linear=0
shrinkage=0.05


Tree=239
num_leaves=31
num_cat=0
split_feature=0 14 10 4 1 1 14 10 1 9 16 2 10 16 4 4 14 15 6 12 2 17 4 11 5 5 2 2 3 13
split_gain=1430.1 4.51509 0.580752 0.587061 0.773822 1.11364 0.756636 1.15236 1.04692 1.07903 0.957507 0.706299 0.967125 1.1383 0.807876 0.833649 0.72036 0.599835 0.809887 0.598721 0.661034 1.35436 0.779312 0.60467 0.564739 1.13778 0.867548 0.732224 0.456269 0.452637
threshold=3.5000000000000004 6.3656501350523191 0.88999460902669758 8.4500000000000011 720.25000000000011 747.75000000000011 37.382322533017664 0.7440763776038376 111.65000000000002 0.99906486341235867 20.357998365372307 126.50000000000001 -0.47495107206705001 21.730711020853843 13.250000000000002 12.65 65.675240928024024 51.390156959385415 52.500000000000007 84.368508535739394 190.50000000000003 31.27657349735799 8.0500000000000025 18.866066188581147 53.500000000000007 63.500000000000007 318.50000000000006 238.50000000000003 30.750000000000004 0.048112742854989538
decision_type=2 2 2 2 2 2 2 2 2 2 2 2 2 2 2 2 2 2 2 2 2 2 2 2 2 2 2 2 2 2
left_child=1 -1 3 4 19 -6 7 -5 -8 11 -9 -10 13 14 15 17 -15 -13 -19 23 22 24 29 28 26 -26 27 -22 -2 -21
right_child=2 -3 -4 6 5 -7 8 10 9 -11 -12 12 -14 16 -16 -17 -18 18 -20 20 21 -23 -24 -25 25 -27 -28 -29 -30 -31
leaf_value=0 -3.8151272541669755e-05 0 0.0021857447805868836 4.6637121794557044e-08 -0.063843799595069306 0.012322464693715288 -0.0025974446097421847 -0.00038511650144848106 -0.0012962745968136263 -0.011002376186009456 -0.0027676354837806471 0.020495208658389091 0.015388532650326497 -0.0050977738366385465 0.0019452728623416287 -0.005677791648837284 -0.0078267387739717718 0.00014327006074549704 -0.019374974411672723 -1.1962897054240011e-05 -0.0011028691155770428 -0.011724103475954038 -0.00021773282947933653 -0.00012283628792207057 -0.020164037838452584 0.00044864262742207373 -0.0023486182419335234 0.0026559857494946582 0.00024066612155373437 0.00090528651741704513
leaf_weight=3271 20 22 297 1286 22 22 20 35 41 20 22 37 590 37 462 22 22 71 22 39 97 21 32 20 20 25 37 133 23 239
leaf_count=3271 20 22 297 1286 22 22 20 35 41 20 22 37 590 37 462 22 22 71 22 39 97 21 32 20 20 25 37 133 23 239
internal_value=-0.0208289 -0.0448482 0.000353508 0.000170207 -0.00106667 -0.0075 0.000515445 -0.000323902 0.00135417 0.00152568 -0.0072807 0.00170245 0.00191211 0.000616642 0.00125407 -0.00190789 -0.00601695 -0.000384615 -0.00252688 -0.000665722 -0.000209953 -0.00175676 0.00145161 -0.00531746 -0.000929487 -0.00611111 -5.61796e-05 0.00108696 -0.00197674 0.00230216
internal_weight=7027 3293 3734 3437 750 44 2687 1343 1344 1324 57 1304 1263 673 614 152 59 130 93 706 643 333 310 63 312 45 267 230 43 278
internal_count=7027 3293 3734 3437 750 44 2687 1343 1344 1324 57 1304 1263 673 614 152 59 130 93 706 643 333 310 63 312 45 267 230 43 278
is_linear=0
shrinkage=0.05


Tree=240
num_leaves=31
num_cat=0
split_feature=0 14 10 18 0 11 3 0 17 9 4 9 11 16 16 9 11 3 3 17 9 9 4 1 18 4 3 0 6 16
split_gain=1419.95 4.51509 0.653981 0.975903 1.15681 0.708653 0.746085 0.640708 0.690506 1.19438 0.874454 0.858605 0.904615 0.625084 0.606723 0.574811 0.568421 0.751111 0.424098 0.418593 0.684966 1.07479 1.00833 0.689666 0.81741 0.627651 0.70586 0.625 0.60162 0.613914
threshold=3.5000000000000004 6.3656501350523191 0.38167508216062856 53.200842819941009 203.50000000000003 22.237202983197971 19.650000000000002 7.5000000000000009 31.27657349735799 0.99166813670569354 10.15 0.94970904815366264 32.384355395341437 21.287228689081797 21.044538079412337 0.12447811117596704 1.7279419081428748 19.650000000000002 46.750000000000007 26.305874254906211 0.34156760613242348 0.43664718845046319 8.3500000000000032 551.25000000000011 19.707186428447081 19.750000000000004 32.050000000000004 447.50000000000006 4.5000000000000009 20.917875680437216
decision_type=2 2 2 2 2 2 2 2 2 2 2 2 2 2 2 2 2 2 2 2 2 2 2 2 2 2 2 2 2 2
left_child=1 -1 7 4 16 14 -7 13 18 10 11 -10 -13 -2 -6 -5 17 -4 19 20 -9 22 -22 24 25 26 -23 -24 -21 -30
right_child=2 -3 3 15 5 6 -8 8 9 -11 -12 12 -14 -15 -16 -17 -18 -19 -20 28 21 23 27 -25 -26 -27 -28 -29 29 -31
leaf_value=0 -4.1556777066379748e-05 0 0.0017598413321637447 -0.0031018212346234746 -5.0861963687434112e-05 -0.014256127390210661 0.0024296608669587636 3.9272605477350521e-05 -0.0052556947483156282 -0.013043031903388409 0.00082722634115698463 0.0040434330601409971 -0.0040280653791470505 4.1190400732486267e-05 -0.0015251067404489106 0.090489973335165119 0.00020940528878575783 -0.0015999670529474035 -0.012024490170264496 0.0005751188294964636 -0.0029866382084686987 -7.0175947554158304e-05 0.0010625902890642905 -0.010118143107252967 0.00064113662715378208 -0.00080594570280701915 7.5032616674296896e-05 -0.018672202975412767 0.0013347060658524758 -0.0004302601237606536
leaf_weight=3271 34 22 25 42 34 34 72 1021 21 29 104 24 26 24 36 324 171 20 21 568 20 27 20 25 198 25 40 20 190 539
leaf_count=3271 34 22 25 42 34 34 72 1021 21 29 104 24 26 24 36 324 171 20 21 568 20 27 20 25 198 25 40 20 190 539
internal_value=-0.0209143 -0.0448482 0.000192823 0.00150396 -0.000229592 -0.00323864 -0.000660377 -0.000141129 -3.76969e-05 -0.00284314 -0.00128571 -0.00556338 -0.002 -0.00534483 -0.00714286 0.00336066 0.00222222 -0.00277778 0.000173176 0.00022837 -0.000372493 -0.0022 -0.00833333 -0.00103175 -0.000344827 -0.00423913 -0.00171642 -0.00375 0.000875097 -7.54456e-05
internal_weight=7027 3293 3734 758 392 176 106 2976 2918 204 175 71 50 58 70 366 216 45 2714 2693 1396 375 60 315 290 92 67 40 1297 729
internal_count=7027 3293 3734 758 392 176 106 2976 2918 204 175 71 50 58 70 366 216 45 2714 2693 1396 375 60 315 290 92 67 40 1297 729
is_linear=0
shrinkage=0.05


Tree=241
num_leaves=31
num_cat=0
split_feature=0 14 10 18 9 0 10 1 0 6 17 9 4 2 10 16 15 4 9 0 6 10 17 16 5 3 3 3 4 0
split_gain=1430.1 4.51509 0.639588 0.681542 0.624299 0.49058 0.576253 0.446834 0.947254 0.916968 0.937143 1.60406 1.12279 1.72639 0.870462 0.810842 1.17467 0.82236 1.04004 0.790438 1.2475 0.765306 0.665879 0.652949 0.659022 0.769781 0.884163 0.485187 0.41957 0.368412
threshold=3.5000000000000004 6.3656501350523191 0.5488226286565131 53.200842819941009 0.12447811117596704 6.5000000000000009 -0.42108527284769387 318.25000000000006 414.50000000000006 87.500000000000014 31.178353161118228 0.98930504265984687 7.1500000000000012 147.50000000000003 -0.40541071103273035 19.132205199484385 69.201996090812358 13.65 -0.10309787846944686 457.50000000000006 15.500000000000002 -0.83352489619613901 27.715266127371958 16.62392011133856 15.500000000000002 42.750000000000007 41.350000000000001 46.250000000000007 13.65 400.50000000000006
decision_type=2 2 2 2 2 2 2 2 2 2 2 2 2 2 2 2 2 2 2 2 2 2 2 2 2 2 2 2 2 2
left_child=1 -1 5 -4 -5 6 -2 8 29 10 14 12 -12 -14 19 -11 17 22 -19 20 21 -9 -17 -21 25 26 28 -27 -25 -7
right_child=2 -3 3 4 -6 7 -8 9 -10 15 11 -13 13 -15 -16 16 -18 18 -20 23 -22 -23 -24 24 -26 27 -28 -29 -30 -31
leaf_value=0 1.1699404421849648e-05 0 6.1797271694102707e-06 -0.0029467301728923474 0.098903522122160303 2.9572830830767273e-05 -5.3060080956424748e-05 -0.0087749823667200525 0.067658439159509823 0.00052225932924805543 -0.026120265507113639 -0.01662517812059491 -0.001307617308706473 0.010258235962268644 0.0013327373063261956 -0.014259938169617657 0.0030320289336681124 -0.0031972706093760014 0.00055531278732989765 -0.0062198112001215101 -0.007448658477763305 0.00079561026021092874 -0.0055216291060829368 -0.0049469933773914829 0.00060838120947935342 0.0026937540454650983 -0.012302202672098105 -0.012711299292857714 0.021894590862511099 -0.0033110268080485923
leaf_weight=3271 24 22 324 42 261 1216 27 24 123 50 30 33 24 124 520 20 44 22 42 28 22 25 27 20 490 83 23 22 21 23
leaf_count=3271 24 22 324 42 261 1216 27 24 123 50 30 33 24 124 520 20 44 22 42 28 22 25 27 20 490 83 23 22 21 23
internal_value=-0.0208289 -0.0448482 0.000353508 0.00181021 0.00351485 5.95432e-05 -0.00480392 0.000140707 0.000814978 -0.000401417 3.02218e-05 -0.00305687 -0.00117978 0.000608108 0.000539906 -0.00353659 -0.00532258 -0.00806306 -0.004375 -0.000540897 -0.00556338 -0.00112245 -0.0130851 -2.18339e-05 0.000295903 -0.00239645 -0.00671875 0.000238095 -0.00231707 0.000399516
internal_weight=7027 3293 3734 627 303 3107 51 3056 1362 1694 1489 211 178 148 1278 205 155 111 64 758 71 49 47 687 659 169 64 105 41 1239
internal_count=7027 3293 3734 627 303 3107 51 3056 1362 1694 1489 211 178 148 1278 205 155 111 64 758 71 49 47 687 659 169 64 105 41 1239
is_linear=0
shrinkage=0.05


Tree=242
num_leaves=31
num_cat=0
split_feature=0 14 10 18 9 0 4 11 5 13 13 2 0 16 5 1 10 4 2 12 12 4 3 3 9 3 10 15 11 2
split_gain=1435.18 4.51509 0.620983 0.728064 0.609668 0.543373 0.688066 0.587618 0.97572 0.576938 0.498291 1.25007 0.427643 0.546894 0.487185 0.77165 0.495711 0.430031 0.575553 0.418062 0.611599 0.982093 0.652366 0.851311 1.00294 0.704996 0.496323 0.363651 1.14168 0.789955
threshold=3.5000000000000004 6.3656501350523191 0.4749334794596104 53.200842819941009 0.12447811117596704 203.50000000000003 14.950000000000001 22.237202983197971 33.500000000000007 0.57208783055207879 0.077261354399512303 29.500000000000004 7.5000000000000009 21.287228689081797 14.500000000000002 700.95000000000016 0.18399153619612912 5.2500000000000009 321.50000000000006 153.11171548419034 137.93070257448517 9.3500000000000032 36.550000000000004 35.050000000000004 -0.30490993010465833 35.550000000000004 -0.86955717898714324 8.1201165864714167 19.850591622734637 122.50000000000001
decision_type=2 2 2 2 2 2 2 2 2 2 2 2 2 2 2 2 2 2 2 2 2 2 2 2 2 2 2 2 2 2
left_child=1 -1 12 5 -5 10 7 8 -7 -9 11 -4 13 -2 15 16 17 -14 -19 20 22 -22 23 -16 -25 -26 -23 -21 29 -29
right_child=2 -3 3 4 -6 6 -8 9 -10 -11 -12 -13 14 -15 19 -17 -18 18 -20 27 21 26 -24 24 25 -27 -28 28 -30 -31
leaf_value=0 -3.6825934165239522e-05 0 0.00030760630154119071 -0.0027993936642476342 0.093747555795140894 -0.00096893974391489229 0.01461548192811957 0.00050202625327981903 -0.0024524530900162191 -0.0057412640808729406 0.00066102818584852377 -0.0015913652893071589 -0.0018411905454145895 1.9120979313718474e-05 1.0533423491706327e-05 -0.015724225684691305 0.013672624323617006 -0.00018905003949540691 0.014074836189184318 0.00019652042648631929 -0.022821911097951023 -0.003517395680464633 0.0024953124560009557 0.007869746795200484 -0.0068160684923147087 -0.0019185444875682916 0.0082739990098507962 -0.00040679783952364193 0.00070010153818533349 -0.00061418565029772339
leaf_weight=3271 34 22 57 42 288 23 49 33 21 32 114 27 29 27 923 33 35 335 39 189 26 20 131 20 26 45 48 119 945 24
leaf_count=3271 34 22 57 42 288 23 49 33 21 32 114 27 29 27 923 33 35 335 39 189 26 20 131 20 26 45 48 119 945 24
internal_value=-0.0207863 -0.0448482 0.000433851 0.001793 0.00348485 0.000224719 -0.00196203 -0.00417431 -0.00863636 -0.00115385 0.0019697 -0.000952381 0.000127953 -0.00401639 0.000212588 -0.00126327 -0.000707762 -0.00120347 -0.000748663 0.000488871 -0.000165456 -0.00404255 0.000152839 -0.000276134 -0.00489011 -0.00767606 -0.000882353 0.00112373 0.000772059 -0.00339161
internal_weight=7027 3293 3734 686 330 356 158 109 44 65 198 84 3048 61 2987 471 438 403 374 2516 1239 94 1145 1014 91 71 68 1277 1088 143
internal_count=7027 3293 3734 686 330 356 158 109 44 65 198 84 3048 61 2987 471 438 403 374 2516 1239 94 1145 1014 91 71 68 1277 1088 143
is_linear=0
shrinkage=0.05


Tree=243
num_leaves=31
num_cat=0
split_feature=0 14 10 17 14 18 0 0 4 10 0 6 3 4 12 6 1 4 2 10 2 16 1 16 0 4 1 13 3 5
split_gain=1432.64 4.51509 0.698706 0.717396 0.593939 0.592588 0.589429 0.527953 1.22209 0.683843 0.613946 0.490093 0.402251 0.566761 0.412684 0.524274 0.648608 0.720521 1.91325 0.970532 0.834055 0.773244 0.764732 0.915719 0.631345 0.518162 0.501997 0.90032 0.916071 0.498959
threshold=3.5000000000000004 6.3656501350523191 0.16704543776228128 31.468587345967631 40.406759991892741 50.779402747586907 7.5000000000000009 691.50000000000011 7.1500000000000012 0.99164058729498161 772.50000000000011 32.500000000000007 43.850000000000001 24.450000000000003 113.70623384080967 4.5000000000000009 337.15000000000003 7.9500000000000011 229.50000000000003 -0.58427653070765284 320.50000000000006 20.988534263095353 398.60000000000008 19.132205199484385 407.50000000000006 9.7500000000000018 467.85000000000008 0.93530996345416839 38.850000000000001 16.500000000000004
decision_type=2 2 2 2 2 2 2 2 2 2 2 2 2 2 2 2 2 2 2 2 2 2 2 2 2 2 2 2 2 2
left_child=1 -1 3 6 -5 -4 11 9 10 -7 -9 -2 14 -14 29 -16 24 18 21 22 -20 -18 23 -19 25 -17 -24 -28 -29 -8
right_child=2 -3 5 4 -6 7 12 8 -10 -11 -12 -13 13 -15 15 16 17 19 20 -21 -22 -23 26 -25 -26 -27 27 28 -30 -31
leaf_value=0 -2.9376992242458348e-05 0 3.2466589854360231e-05 0.00036451762621333072 -0.0056205626126541453 0.084354991605338978 -0.0060961268641243471 -0.041574117143086009 0.026270690945471648 -0.0026594239810352632 0.0016849432664245781 3.1213813758363334e-07 -1.8147343024629993e-05 -0.0058533530986455834 0.0012182604896601393 0.00045938125320146915 -0.00086659377957481402 0.00041917369888446365 0.0013623165415453475 0.0070301473625636705 -0.0022439119545257027 -0.022095397797569555 0.00072634577756060096 -0.0099573939562378772 0.062711403219445239 -9.5461990941451565e-06 -0.011125564591041736 0.0083192421467886413 -0.010777274836629614 -1.2206858711189014e-05
leaf_weight=3271 22 22 536 20 24 301 35 28 113 42 21 26 85 24 437 111 20 20 77 251 22 26 84 26 103 351 24 38 42 825
leaf_count=3271 22 22 536 20 24 301 35 28 113 42 21 26 85 24 437 111 20 20 77 251 22 26 84 26 103 351 24 38 42 825
internal_value=-0.0208076 -0.0448482 0.00039368 -3.15631e-05 -0.00636364 0.00149376 7.36129e-05 0.00272277 0.000370371 0.00383382 -0.00622449 -0.00541667 0.000174933 -0.00279816 0.000304976 0.000772059 0.000230126 -0.000873016 -0.00396552 5.15466e-05 -5.05049e-05 -0.0123913 -0.00226496 -0.00804348 0.00146018 0.000670996 -0.000851064 -0.00317308 -0.000625 -0.000581395
internal_weight=7027 3293 3734 2693 44 1041 2649 505 162 343 49 48 2601 109 2492 1632 1195 630 145 485 99 46 234 46 565 462 188 104 80 860
internal_count=7027 3293 3734 2693 44 1041 2649 505 162 343 49 48 2601 109 2492 1632 1195 630 145 485 99 46 234 46 565 462 188 104 80 860
is_linear=0
shrinkage=0.05


Tree=244
num_leaves=31
num_cat=0
split_feature=0 14 0 10 10 17 14 18 1 1 0 18 0 0 4 2 10 0 0 1 18 16 11 0 0 2 0 0 1 1
split_gain=1436.88 4.51509 0.573226 0.576253 0.526211 0.953999 0.745921 0.525388 0.492266 0.575904 1.26412 0.522931 0.583361 0.472174 1.16317 0.97507 0.675459 0.360044 1.63429 0.739049 0.793156 0.967218 0.936209 0.548772 0.544425 0.51721 0.505295 0.845948 0.647858 0.622329
threshold=3.5000000000000004 6.3656501350523191 6.5000000000000009 -0.42108527284769387 0.18399153619612912 31.468587345967631 38.432405100977789 50.779402747586907 346.25000000000006 424.30000000000001 207.50000000000003 6.5200250492240439 41.500000000000007 684.50000000000011 7.1500000000000012 194.50000000000003 0.99164058729498161 719.50000000000011 676.50000000000011 622.75000000000011 62.39958509789053 19.435788584920697 54.324827162468722 870.50000000000011 883.50000000000011 325.50000000000006 618.50000000000011 631.50000000000011 475.15000000000003 480.20000000000005
decision_type=2 2 2 2 2 2 2 2 2 2 2 2 2 2 2 2 2 2 2 2 2 2 2 2 2 2 2 2 2 2
left_child=1 -1 3 -2 5 17 -7 8 11 10 -10 12 -6 16 15 -15 -9 18 25 20 21 -20 -23 -19 -25 26 28 -28 -4 -29
right_child=2 -3 4 -5 7 6 -8 13 9 -11 -12 -13 -14 14 -16 -17 -18 23 19 -21 -22 22 -24 24 -26 -27 27 29 -30 -31
leaf_value=0 1.3385461008716881e-05 0 4.148952098816722e-06 -4.7987604557132206e-05 4.0995704891508766e-05 0.00075439769607406847 -0.0073853014691966853 0.093513725405567072 0.00012651221934673425 8.535407286454515e-05 -0.0030071995504753709 0.00071994586603132038 -0.0015145233810646922 -0.033866823177433857 0.026103048173245727 0.00073323692792006995 -0.0025264527819837952 0.0011598256652922052 0.00034531689031828478 -0.010365679746641068 0.0053733067343462925 -0.00076310699373834611 -0.0061567332480543515 -0.018843144964592187 0.0028127419386703005 0.067649416822008951 -0.0073849475314565621 0.00068681966980142773 0.014573702304684044 -0.0013445839270889643
leaf_weight=3271 24 22 1545 27 81 22 30 285 37 130 31 195 35 21 116 30 42 553 32 21 29 26 21 20 33 58 25 70 146 49
leaf_count=3271 24 22 1545 27 81 22 30 285 37 130 31 195 35 21 116 30 42 553 32 21 29 26 21 20 33 58 25 70 146 49
internal_value=-0.020772 -0.0448482 0.000460632 -0.00480392 0.000533533 0.000167911 -0.00653846 0.00151047 0.000383104 -0.00156566 -0.00529412 0.00162379 -0.00103448 0.00267206 0.000508982 -0.00578431 0.00377676 0.000300609 -1.97822e-05 -0.00546512 -0.0037963 -0.0063924 -0.0109574 0.00136964 -0.00349057 0.000351294 0.00020436 -0.00263889 0.000446482 -0.000882353
internal_weight=7027 3293 3734 51 3683 2680 52 1003 509 198 68 311 116 494 167 51 327 2628 2022 129 108 79 47 606 53 1893 1835 144 1691 119
internal_count=7027 3293 3734 51 3683 2680 52 1003 509 198 68 311 116 494 167 51 327 2628 2022 129 108 79 47 606 53 1893 1835 144 1691 119
is_linear=0
shrinkage=0.05


Tree=245
num_leaves=31
num_cat=0
split_feature=0 14 15 0 0 0 9 13 4 1 11 10 15 13 5 0 10 14 1 6 17 4 2 6 17 10 0 16 5 0
split_gain=1438.58 4.51509 0.74398 0.891633 0.946314 0.963688 0.811224 0.810519 0.677561 1.24648 0.735293 0.545147 0.498701 0.494624 0.477494 0.509597 0.511372 0.386669 0.532873 0.936132 0.922119 1.02093 1.0006 0.659784 0.631964 0.604452 0.55668 0.456963 0.520689 0.695544
threshold=3.5000000000000004 6.3656501350523191 53.316690557036331 669.50000000000011 703.50000000000011 684.50000000000011 -0.99466160899732459 0.8848305238903712 6.8500000000000005 720.25000000000011 70.98026745294753 0.99164058729498161 72.442416780131438 0.89737130288061595 87.500000000000014 6.5000000000000009 -0.42108527284769387 68.180615616146184 337.15000000000003 35.500000000000007 31.377959158067679 5.1500000000000012 175.50000000000003 46.500000000000007 32.018303349300645 -0.9523422988233432 447.50000000000006 16.424408596926373 12.500000000000002 542.50000000000011
decision_type=2 2 2 2 2 2 2 2 2 2 2 2 2 2 2 2 2 2 2 2 2 2 2 2 2 2 2 2 2 2
left_child=1 -1 14 11 5 -5 12 -7 9 10 13 -4 -6 -8 15 16 -2 18 26 20 21 22 -20 -21 -22 -25 -17 -23 29 -29
right_child=2 -3 3 4 6 7 8 -9 -10 -11 -12 -13 -14 -15 -16 17 -18 -19 19 23 24 27 -24 25 -26 -27 -28 28 -30 -31
leaf_value=0 5.3881711134318302e-06 0 0.022043573343813041 0.0003422533234094367 -0.018829222033970056 -0.026810062778268692 -0.003709811403938037 -0.0011912922273405778 0.0023037095209955932 -0.038797622611178778 -0.0010596872651136909 -0.013240889910997143 -7.8002613497348995e-05 0.0038201578414373744 0.00048692209129238352 1.4514324502086591e-05 -4.5588224329275592e-05 0.052185572745784829 0.00044977641692161842 -0.014524967188592176 -0.0032420499093421817 -0.0047813020453426093 -0.019120696447889447 -0.0020269688068179433 -0.0001992679703460342 -0.0010816458321242705 0.06649825727309143 0.0091100119691928938 0.0012484298825740528 -0.006735212402077681
leaf_weight=3271 22 22 439 41 22 28 24 22 589 28 32 30 20 69 64 1405 27 55 28 23 41 39 20 22 36 123 63 24 373 25
leaf_count=3271 22 22 439 41 22 28 24 22 589 28 32 30 20 69 64 1405 27 55 28 23 41 39 20 22 36 123 63 24 373 25
internal_value=-0.0207578 -0.0448482 0.000487413 0.00142857 0.000485714 -0.00434066 0.00104592 -0.009 0.00142857 -0.00153595 0.0006 0.00318763 -0.00571429 0.00284946 -4.18408e-05 -0.000159071 -0.00520408 -5.05049e-05 -0.000153015 -0.00123342 -0.000290102 0.000481336 -0.00645833 -0.00452381 -0.00538961 -0.00327586 0.000401908 0.0012039 0.00168246 -0.00316327
internal_weight=7027 3293 3734 1344 875 91 784 50 742 153 125 469 42 93 2390 2326 49 2277 2222 754 586 509 48 168 77 145 1468 461 422 49
internal_count=7027 3293 3734 1344 875 91 784 50 742 153 125 469 42 93 2390 2326 49 2277 2222 754 586 509 48 168 77 145 1468 461 422 49
is_linear=0
shrinkage=0.05


Tree=246
num_leaves=31
num_cat=0
split_feature=0 14 2 18 0 0 13 0 0 12 4 10 1 16 9 9 4 16 0 11 3 6 17 2 0 15 1 2 12 4
split_gain=1432.64 4.51509 0.759955 0.486042 0.75154 1.03593 0.980514 1.25432 1.67451 0.90167 0.758055 1.41204 0.71307 0.715639 0.712856 0.75013 0.644432 0.768874 0.597521 0.816463 0.951636 0.761552 0.643235 0.58991 0.507699 0.490001 0.876878 0.550781 0.738509 0.473853
threshold=3.5000000000000004 6.3656501350523191 32.500000000000007 66.558203935670903 646.50000000000011 706.50000000000011 0.71293851168443745 542.50000000000011 560.50000000000011 119.75765688221237 11.65 -0.25950218452349683 456.25000000000006 20.810019170304464 -0.99273952934267318 -0.99762106698677366 6.5500000000000007 22.095374903039648 457.50000000000006 31.480340920393171 27.450000000000003 92.500000000000014 23.837100266060062 217.50000000000003 400.50000000000006 64.162089717336457 504.65000000000003 315.50000000000006 227.24025154902557 17.050000000000004
decision_type=2 2 2 2 2 2 2 2 2 2 2 2 2 2 2 2 2 2 2 2 2 2 2 2 2 2 2 2 2 2
left_child=1 -1 -2 4 6 10 7 18 -9 -10 11 -6 -12 -14 15 -5 17 -16 19 -4 21 -21 29 -19 -24 27 -27 -7 -29 -22
right_child=2 -3 3 14 5 25 -8 8 9 -11 12 -13 13 -15 16 -17 -18 23 -20 20 22 -23 24 -25 -26 26 -28 28 -30 -31
leaf_value=0 -1.9357326598164204e-05 0 0.00011456734678891795 0.00047140301820250115 -0.00889563480035503 0.00087376036852483967 0.011720282774999306 -0.016516094230311487 -0.0065017320242064724 0.033276895136786278 0.0016359204786075593 0.00032514067110220974 -0.0046260009636638543 -0.00011920983926914376 0.010784649686473219 -0.040453693292079242 0.016562661801567898 -0.021203993568170151 0.0064914111757529347 -0.00018399541500034312 -0.0034284273073652591 -0.002471367233857877 0.00069299857787017143 -5.0339369027591932e-05 -0.0021577558020923738 0.0087254256152167857 -0.0088195173295890199 -0.0050268587333475116 0.0049249977082358141 0.0010059032334922655
leaf_weight=3271 388 22 1172 28 30 144 333 22 22 27 51 21 22 48 89 22 544 25 234 21 57 22 103 34 101 28 37 31 39 39
leaf_count=3271 388 22 1172 28 30 144 333 22 22 27 51 21 22 48 89 22 544 25 234 21 57 22 103 34 101 28 37 31 39 39
internal_value=-0.0208076 -0.0448482 0.00039368 0.000636581 0.0003149 -0.00154102 0.000703669 0.000247253 -0.00626761 -0.00112245 -0.00459302 -0.00970588 -0.00243802 -0.00571429 0.0017655 -0.004 0.00218208 -0.000743243 0.000511721 0.000148515 -0.00199708 -0.00895349 -0.001 -0.00516949 0.000588235 0.000340502 -0.00346154 0.00149533 -0.00214286 -0.004375
internal_weight=7027 3293 3734 3346 2604 451 2153 1820 71 49 172 51 121 70 742 50 692 148 1749 1515 343 43 300 59 204 279 65 214 70 96
internal_count=7027 3293 3734 3346 2604 451 2153 1820 71 49 172 51 121 70 742 50 692 148 1749 1515 343 43 300 59 204 279 65 214 70 96
is_linear=0
shrinkage=0.05


Tree=247
num_leaves=31
num_cat=0
split_feature=0 14 1 0 10 0 9 11 9 0 10 9 9 1 4 0 18 3 0 18 18 18 16 13 0 16 0 14 11 14
split_gain=1430.94 4.51509 0.750201 0.677759 0.757733 0.740676 0.688095 0.488482 0.562542 0.478759 0.576253 0.449735 1.2197 0.63046 1.63831 0.366169 0.677147 0.570594 0.591811 1.44264 0.700379 0.710227 0.667532 0.617363 0.593939 0.58379 0.544095 0.488372 0.47888 0.868931
threshold=3.5000000000000004 6.3656501350523191 574.1500000000002 684.50000000000011 0.99164058729498161 711.50000000000011 0.63209755774300602 67.738542753456969 0.90149333598846393 6.5000000000000009 -0.42108527284769387 -0.99273952934267318 -0.99762106698677366 720.25000000000011 6.6500000000000012 841.00000000000011 67.813711894215615 42.050000000000004 611.50000000000011 56.356832226219304 54.940866386044739 52.743345725762822 21.730711020853843 0.71293851168443745 635.50000000000011 20.976160318833745 804.50000000000011 61.464514837065686 41.690312308066318 51.911517300262119
decision_type=2 2 2 2 2 2 2 2 2 2 2 2 2 2 2 2 2 2 2 2 2 2 2 2 2 2 2 2 2 2
left_child=1 -1 9 4 -4 6 -5 11 -9 10 -2 12 -7 -13 -15 16 17 18 23 20 21 24 26 28 -20 -19 -21 -27 -11 -30
right_child=2 -3 3 5 -6 7 -8 8 -10 15 -12 13 -14 14 -16 -17 -18 25 19 22 -22 -23 -24 -25 -26 27 -28 -29 29 -31
leaf_value=0 1.3414645732517657e-05 0 0.046525794320092136 0.000611867216285098 -0.0241950343947329 0.0023698012862026149 -0.008752653456789208 0.0071422812108949173 -0.0067694501398335577 2.1828146848448147e-05 -4.2340946782903601e-05 0.018528674650309229 -0.040183650352585545 -0.036917144380473735 0.019995194561025519 -0.0048207618241982927 0.018882225170653185 0.0011554968587750652 -0.019504106531737328 0.0003597077911578059 -0.010342712557749621 2.3963852326603288e-05 -0.006843435007624259 0.020058693576659493 -0.00057489277713197587 -0.0047531349398497111 -0.0079783621932256986 0.0078553414431746568 -0.0016312030879222111 0.015007046324661114
leaf_weight=3271 24 22 309 28 35 23 20 26 20 1717 27 208 21 28 77 35 89 127 20 260 30 36 40 175 24 43 27 21 208 36
leaf_count=3271 24 22 309 28 35 23 20 26 20 1717 27 208 21 28 77 35 89 127 20 260 30 36 40 175 24 43 27 21 208 36
internal_value=-0.0208218 -0.0448482 0.000366899 0.00172956 0.00340116 0.000454546 -0.00541667 0.00115385 -0.00369565 -1.70107e-06 -0.00480392 0.00177871 -0.00295455 0.00244409 -0.000714286 8.31027e-05 0.000145461 7.23608e-06 -0.000188496 -0.00186499 -0.00681818 -0.004375 -0.000198777 0.000154495 -0.00863636 0.00264398 0.000644599 -0.00125 -9.94389e-05 -0.00217213
internal_weight=7027 3293 3734 795 344 451 48 403 46 2939 51 357 44 313 105 2888 2853 2764 2573 437 110 80 327 2136 44 191 287 64 1961 244
internal_count=7027 3293 3734 795 344 451 48 403 46 2939 51 357 44 313 105 2888 2853 2764 2573 437 110 80 327 2136 44 191 287 64 1961 244
is_linear=0
shrinkage=0.05


Tree=248
num_leaves=31
num_cat=0
split_feature=0 14 2 14 5 9 5 10 0 4 4 13 3 2 1 13 1 18 4 3 10 6 12 2 14 0 14 9 1 3
split_gain=1427.55 4.51509 0.795571 0.523412 0.713624 0.674822 0.668809 0.625 0.569729 0.53831 0.960317 0.507688 0.499588 0.608074 0.937487 1.45915 1.05854 1.18654 0.687958 0.697816 1.06615 1.06437 1.00097 0.874664 0.965063 1.75123 0.710065 0.658088 0.6402 0.596373
threshold=3.5000000000000004 6.3656501350523191 32.500000000000007 68.6338793735937 14.500000000000002 0.88203985695844977 11.500000000000002 0.1500498401600889 818.50000000000011 21.550000000000004 8.0500000000000025 0.99939540507859748 42.050000000000004 179.50000000000003 83.600000000000009 0.42917335473515256 318.25000000000006 37.199530931578501 13.550000000000002 37.250000000000007 -0.47495107206705001 8.5000000000000018 153.11171548419034 237.50000000000003 56.264724248707168 654.50000000000011 58.159801668203194 -0.30490993010465833 466.4500000000001 34.550000000000004
decision_type=2 2 2 2 2 2 2 2 2 2 2 2 2 2 2 2 2 2 2 2 2 2 2 2 2 2 2 2 2 2
left_child=1 -1 -2 8 5 -5 -7 -8 11 10 -10 12 13 -4 15 -15 -16 -18 19 20 21 -19 23 24 25 -22 -21 -28 -23 -20
right_child=2 -3 3 4 -6 6 7 -9 9 -11 -12 -13 -14 14 16 -17 17 18 29 26 22 28 -24 -25 -26 -27 27 -29 -30 -31
leaf_value=0 -1.8480511914885139e-05 0 0.00011052238824830067 0.01915927874465316 0.011657724426242447 0.0012997543994809979 -0.010468711521894611 -0.0030477056509645977 0.00044799016083966326 0.0057177744891702964 -0.0092735977595061799 0.017881144799327633 0.00061193040607290079 3.8305984952576949e-06 0.0061330132181636951 -0.0028830991265862212 -0.015355244132511254 0.00097352537889699986 0.0048012118197512691 0.0022187884118176405 -0.018465479782995519 -0.0022051622990746085 0.012620606416235745 0.009268041122479866 0.011329475322840002 -0.022396631105808779 0.006012272916416643 -0.0022890163737611783 -0.010776318012617865 -0.00042840124197914779
leaf_weight=3271 388 22 1291 64 407 35 20 20 21 23 42 130 167 30 261 23 51 22 153 54 42 31 62 28 26 20 25 31 23 244
leaf_count=3271 388 22 1291 64 407 35 20 20 21 23 42 130 167 30 261 23 51 22 153 54 42 31 62 28 26 20 25 31 23 244
internal_value=-0.0208503 -0.0448482 0.000313337 0.000561865 0.00197802 -0.00111511 -0.00433333 -0.00875 0.000285714 -0.00372093 -0.00611111 0.000412675 0.000259288 7.65414e-05 -0.000772646 -0.00726415 -0.000452004 -0.00134236 -0.000847569 -0.00241758 -0.00385827 -0.00881579 -0.00174157 -0.00448276 -0.00693182 -0.0103226 0.000909091 -0.00303571 -0.0125926 0.00059194
internal_weight=7027 3293 3734 3346 546 139 75 40 2800 86 63 2714 2584 2417 1126 53 1073 812 761 364 254 76 178 116 88 62 110 56 54 397
internal_count=7027 3293 3734 3346 546 139 75 40 2800 86 63 2714 2584 2417 1126 53 1073 812 761 364 254 76 178 116 88 62 110 56 54 397
is_linear=0
shrinkage=0.05


Tree=249
num_leaves=31
num_cat=0
split_feature=0 14 2 6 15 5 12 18 16 1 14 1 12 10 17 3 15 4 2 16 0 9 12 11 12 16 16 18 13 0
split_gain=1419.95 4.51509 0.621202 0.50589 0.73989 0.900771 0.716043 0.974445 0.775356 1.28817 1.44906 1.12309 2.0975 1.08476 1.65511 0.93802 0.710265 0.658304 1.00126 0.881965 1.81933 0.886364 0.647977 0.5291 0.523308 1.01941 0.514765 0.51272 0.75 0.485449
threshold=3.5000000000000004 6.3656501350523191 32.500000000000007 34.500000000000007 8.1201165864714167 85.500000000000014 280.97610309906594 9.2504185900504137 19.092542169704419 83.600000000000009 30.579620215691588 318.25000000000006 113.70623384080967 -0.58427653070765284 25.755537984696499 32.750000000000007 54.624302378532597 7.4500000000000011 183.50000000000003 20.93738955029368 775.50000000000011 0.58429276287313725 84.368508535739394 31.794833518443955 124.74909930445283 24.159557779510425 20.342785861643737 15.339071760111681 0.13904003539040038 695.50000000000011
decision_type=2 2 2 2 2 2 2 2 2 2 2 2 2 2 2 2 2 2 2 2 2 2 2 2 2 2 2 2 2 2
left_child=1 -1 -2 17 -5 6 8 -8 9 10 -6 27 15 14 -14 -13 23 18 22 26 21 -21 -4 -15 25 -19 -20 28 -10 -18
right_child=2 -3 3 4 5 -7 7 -9 11 -11 -12 12 13 16 -16 -17 29 24 19 20 -22 -23 -24 -25 -26 -27 -28 -29 -30 -31
leaf_value=0 -1.7556486319142521e-05 0 -6.7095659384323653e-05 0.00045007945458967595 0.00027809255187194009 -0.0009050364926393422 0.00014125456173597428 -0.0026098898031772502 0.00089567630760268376 0.0020243155501846132 -0.010603294438821928 -0.00085296968674073109 -0.0010051908114752049 -0.00041668362556153453 -0.0074563657078810857 -0.0053897065630214673 0.033590078779322186 7.4556076585731174e-05 -0.00050737805275758818 -0.0044109816911230438 -0.00012527414993954589 -0.031004241445491271 0.001696985405561842 -0.020232888789721504 0.00099856892914631352 -0.0042357036690994715 0.0063629155896269612 0.0065917295472718539 -0.00063195430029387495 -0.00055141176916121033
leaf_weight=3271 388 22 21 131 36 22 23 24 24 296 22 23 60 36 21 24 67 523 74 22 61 26 205 27 1213 28 34 179 24 100
leaf_count=3271 388 22 21 131 36 22 23 24 24 296 22 23 60 36 21 24 67 523 74 22 61 26 205 27 1213 28 34 179 24 100
internal_value=-0.0209143 -0.0448482 0.000192823 0.000412433 -0.000443371 -0.000902778 -0.000679513 -0.00670213 -0.000378062 0.00146893 -0.00534483 -0.00149573 -0.00324022 -0.00175241 -0.00672839 -0.0130851 1.86265e-10 0.000854101 -0.000869074 -0.00329493 -0.00646789 -0.01375 0.00146018 -0.00452381 0.00128685 9.0746e-06 -9.25924e-05 0.00125551 -0.00333333 0.00170659
internal_weight=7027 3293 3734 3346 1139 1008 986 47 939 354 58 585 358 311 81 47 230 2207 443 217 109 48 226 63 1764 551 108 227 48 167
internal_count=7027 3293 3734 3346 1139 1008 986 47 939 354 58 585 358 311 81 47 230 2207 443 217 109 48 226 63 1764 551 108 227 48 167
is_linear=0
shrinkage=0.05


Tree=250
num_leaves=31
num_cat=0
split_feature=0 14 18 15 3 1 14 14 17 0 17 0 3 5 10 16 0 4 2 12 9 3 14 9 6 10 5 16 10 4
split_gain=1425.02 4.51509 0.742733 0.79163 0.659065 1.1977 0.672913 0.972222 1.23857 0.767736 0.690454 0.622017 0.72862 1.41026 0.594994 0.609872 0.584028 0.544253 1.05526 0.996191 0.524691 0.53613 0.542561 0.513443 0.586423 0.608023 0.851833 1.02716 0.803571 0.762566
threshold=3.5000000000000004 6.3656501350523191 37.199530931578501 47.743168517582781 29.450000000000003 720.25000000000011 32.289283646814717 20.388247613539264 23.940370457556281 611.50000000000011 31.178353161118228 719.50000000000011 41.95000000000001 14.500000000000002 -0.34155811708470757 21.730711020853843 841.00000000000011 15.850000000000003 318.50000000000006 227.24025154902557 0.12447811117596704 28.450000000000003 65.675240928024024 -0.9852109833579612 2.5000000000000004 -0.18399835165767994 42.500000000000007 19.273926743371891 -0.46734190575957718 13.050000000000002
decision_type=2 2 2 2 2 2 2 2 2 2 2 2 2 2 2 2 2 2 2 2 2 2 2 2 2 2 2 2 2 2
left_child=1 -1 3 -2 20 6 7 -6 -9 10 -8 12 13 -11 15 17 -17 18 -13 -20 21 22 -4 -15 -25 26 27 -26 -29 -28
right_child=2 -3 4 -5 5 -7 9 8 -10 11 -12 14 -14 23 -16 16 -18 -19 19 -21 -22 -23 -24 24 25 -27 29 28 -30 -31
leaf_value=0 -8.6817891539974783e-06 0 -0.011105416908674432 -0.005250145673951101 0.00018378560727964541 -0.024430864621954086 0.023392774601879582 0.0010036326074459431 -0.0019533463722057379 -0.0098167584961116831 -0.0040240381759105159 0.0004080373465332784 0.00024578824812860294 -0.0026775193945443648 0.012082790595293382 0.002342551438789323 -0.0034731997570430413 0.0039382668230591149 -0.0048662146969211872 -0.00021781658355599358 0.017923469203791027 0.01581151128472005 0.0087534846953023684 0.00050522942039058665 0.00044171892851924116 0.016540969254203008 -0.0041893464388100404 -0.014820691421762356 -0.0043916202807619473 0.0052848230018769432
leaf_weight=3271 1686 22 29 46 84 37 275 25 35 32 26 121 39 28 198 40 32 175 27 29 478 23 26 69 31 27 20 24 21 51
leaf_count=3271 1686 22 29 46 84 37 275 25 35 32 26 121 39 28 198 40 32 175 27 29 478 23 26 69 31 27 20 24 21 51
internal_value=-0.0208716 -0.0448482 0.000273166 -0.000484988 0.000929071 0.000366529 0.000599716 -0.00263889 -0.0075 0.00096838 0.00317276 0.000280083 -0.00143275 -0.00226073 0.00122187 0.000165095 -0.00402778 0.00102273 -0.000932203 -0.00660714 0.00239209 -0.00141026 -0.00409091 -0.00108856 -0.000349794 -0.00189655 -0.00316327 -0.0068421 -0.0116667 0.000774648
internal_weight=7027 3293 3734 1732 2002 1446 1409 144 60 1265 301 964 342 303 622 424 72 352 177 56 556 78 55 271 243 174 147 76 45 71
internal_count=7027 3293 3734 1732 2002 1446 1409 144 60 1265 301 964 342 303 622 424 72 352 177 56 556 78 55 271 243 174 147 76 45 71
is_linear=0
shrinkage=0.05


Tree=251
num_leaves=31
num_cat=0
split_feature=0 14 18 0 0 16 0 0 15 5 3 0 9 6 10 18 1 1 14 9 4 1 15 4 14 6 16 9 0 1
split_gain=1423.33 4.51509 0.830382 1.01662 1.26964 1.27447 0.7698 1.08314 0.689954 0.571136 0.513428 0.520761 0.432628 0.430373 0.425823 0.630426 0.424326 0.820221 0.875758 0.797609 0.526281 0.778047 0.752198 0.725674 0.624046 0.609081 0.491594 0.539359 1.06123 0.599702
threshold=3.5000000000000004 6.3656501350523191 49.932353608097806 676.50000000000011 721.50000000000011 22.807548914874378 542.50000000000011 581.50000000000011 45.360454904193055 50.500000000000007 40.850000000000001 489.50000000000006 0.8140385552266387 34.500000000000007 0.99164058729498161 55.70233618850957 337.15000000000003 363.80000000000001 43.009981997311336 0.19244979981841034 10.15 450.65000000000003 37.395282774685796 18.050000000000004 18.336630149162563 1.0000000180025095e-35 22.511062294384303 -0.99052327954040364 172.50000000000003 245.00000000000003
decision_type=2 2 2 2 2 2 2 2 2 2 2 2 2 2 2 2 2 2 2 2 2 2 2 2 2 2 2 2 2 2
left_child=1 -1 6 14 5 9 10 8 -8 12 11 16 -5 -12 15 -4 26 18 -18 -19 22 23 24 25 -21 -22 27 28 -2 -29
right_child=2 -3 3 4 -6 -7 7 -9 -10 -11 13 -13 -14 -15 -16 -17 17 19 -20 20 21 -23 -24 -25 -26 -27 -28 29 -30 -31
leaf_value=0 0.0065181160848719931 0 0.00030078965800608282 0.00023625837246387139 0.00045759181698622978 -0.030131733479527495 -0.0034855581519950018 0.0004305549200338277 -0.0017277515388082242 -0.0028558318552829435 0.0029900266095687516 0.03977802842979785 -0.0035723196565475334 -0.001249047954657402 -0.0022445273123537298 0.044313458099154573 -0.00049846209549339506 0.0008056945368332632 -0.0066037722769667134 -0.0003635026289672712 -0.0011489205475345293 0.0030467031883577717 -0.0054898944928836041 -0.00164282397633693 0.00047059453623692706 0.0012272567744562397 0.00014299381916518068 -2.2403880146468638e-05 -0.0057545766541044737 0.0025739648466958482
leaf_weight=3271 27 22 205 111 733 35 20 37 21 21 128 89 27 33 42 366 33 130 22 27 21 57 28 24 25 22 216 992 25 217
leaf_count=3271 27 22 205 111 733 35 20 37 21 21 128 89 27 33 42 366 33 130 22 27 21 57 28 24 25 22 216 992 25 217
internal_value=-0.0208859 -0.0448482 0.000246385 0.00113636 9.16938e-05 -0.00350515 -0.000378304 -0.00525641 -0.0108537 -0.00160377 -0.000198488 -0.000421995 -0.000434782 0.00251553 0.00271615 0.00307356 -0.000600214 -0.00206941 -0.00772727 -0.00113772 -0.00308824 -0.00104839 -0.00625 -0.00470149 -0.00269231 -0.000813953 -0.00021327 -0.000590801 -0.00557692 -0.000376344
internal_weight=7027 3293 3734 1540 927 194 2194 78 41 159 2116 1955 138 161 613 571 1866 389 55 334 204 124 80 67 52 43 1477 1261 52 1209
internal_count=7027 3293 3734 1540 927 194 2194 78 41 159 2116 1955 138 161 613 571 1866 389 55 334 204 124 80 67 52 43 1477 1261 52 1209
is_linear=0
shrinkage=0.05


Tree=252
num_leaves=31
num_cat=0
split_feature=0 14 12 1 6 16 0 13 17 2 18 9 0 4 10 16 16 12 0 1 1 0 17 6 15 17 4 13 9 2
split_gain=1424.17 4.51509 0.884539 0.913808 1.25652 1.21792 0.913772 0.890632 1.44048 1.02188 0.708176 0.7024 0.567321 0.543471 0.698096 0.608297 1.11483 0.589666 0.492427 0.471892 0.461381 0.457699 0.43609 0.705321 0.524098 0.645175 0.487759 0.457226 0.565714 0.422782
threshold=3.5000000000000004 6.3656501350523191 124.74909930445283 318.25000000000006 77.500000000000014 24.086954932704355 290.50000000000006 0.31370912961388087 29.468024619372983 175.50000000000003 49.932353608097806 0.99865756837029906 6.5000000000000009 7.1500000000000012 -0.83352489619613901 22.807548914874378 23.740307131660245 258.69843327617042 818.50000000000011 120.90000000000002 245.00000000000003 874.50000000000011 29.583309244010277 1.0000000180025095e-35 8.1201165864714167 28.233838397671466 17.250000000000004 0.088858980110662497 0.60505046667002438 32.500000000000007
decision_type=2 2 2 2 2 2 2 2 2 2 2 2 2 2 2 2 2 2 2 2 2 2 2 2 2 2 2 2 2 2
left_child=1 -1 3 20 5 -5 7 12 9 -9 -6 13 -4 15 18 17 -17 -8 -15 -16 -2 -21 23 29 -25 26 -26 28 -24 -14
right_child=2 -3 6 4 10 -7 11 8 -10 -11 -12 -13 22 14 19 16 -18 -19 -20 21 -22 -23 27 24 25 -27 -28 -29 -30 -31
leaf_value=0 -8.8780381447431933e-06 0 -2.5231311112282871e-05 -0.00027440141068563444 -0.0024920667392072065 -0.0055903889864082866 0.00091348390037428217 0.00078662617096243519 -0.0011106299340694729 -0.00096230925829242527 -0.0010462458562279476 -0.0044151195145204422 -0.00031468525839907252 0.00018153931180091423 -0.0042501420464586877 -0.049757100575272606 0.00011620761489489155 -0.0022358562462485416 -0.0083871755364711368 0.0098421230199484261 0.0023951805443726045 -0.0048335647827449611 0.0077543986246620122 0.00015594607302739022 0.00018757197560185688 -0.0031072231498105686 -0.00071428530892867371 0.0044399310680260833 -0.00096012065526014157 -7.9839511292184324e-05
leaf_weight=3271 574 22 24 378 27 31 277 50 28 34 32 39 22 314 20 30 39 20 39 1016 152 30 22 196 111 20 53 87 28 41
leaf_count=3271 574 22 24 378 27 31 277 50 28 34 32 39 22 314 20 30 39 20 39 1016 152 30 22 196 111 20 53 87 28 41
internal_value=-0.0208788 -0.0448482 0.000259775 -0.000862646 -0.00258547 -0.00160147 0.000787402 -0.000726257 -0.00482143 -0.00154762 -0.00940678 0.00138158 3.31128e-05 0.00152661 0.0019697 -0.000191257 -0.00442029 0.000791246 4.24931e-05 0.00260788 0.000247934 0.00275335 0.000344828 -0.000417607 0.000394737 -0.00152174 -0.000487805 0.00281022 -0.001 -0.00531746
internal_weight=7027 3293 3734 1194 468 409 2540 716 112 84 59 1824 604 1785 1419 366 69 297 353 1066 726 1046 580 443 380 184 164 137 50 63
internal_count=7027 3293 3734 1194 468 409 2540 716 112 84 59 1824 604 1785 1419 366 69 297 353 1066 726 1046 580 443 380 184 164 137 50 63
is_linear=0
shrinkage=0.05


Tree=253
num_leaves=31
num_cat=0
split_feature=0 14 14 2 3 4 17 17 16 10 10 0 1 4 3 5 6 12 2 16 1 4 6 14 4 3 10 3 3 2
split_gain=1411.52 4.51509 0.783513 0.597555 0.589541 0.961188 0.662994 0.62632 0.730307 0.494746 0.548576 0.836665 0.673536 1.63833 1.58496 1.48709 1.56553 1.48328 1.28761 1.19806 0.876293 0.837137 0.75 0.596221 0.81 0.592661 0.523108 0.417393 0.498105 0.429206
threshold=3.5000000000000004 6.3656501350523191 69.896791293120344 328.50000000000006 27.650000000000002 10.450000000000001 27.966614433232717 28.567643104378678 23.276997123008936 0.998148560797531 -0.41327860778290426 6.5000000000000009 318.25000000000006 16.450000000000003 36.850000000000001 24.500000000000004 12.500000000000002 155.36504239855961 316.50000000000006 19.801162998961491 245.00000000000003 13.050000000000002 9.5000000000000018 30.579620215691588 23.150000000000002 41.95000000000001 -0.73829900574246976 38.750000000000007 39.95000000000001 282.50000000000006
decision_type=2 2 2 2 2 2 2 2 2 2 2 2 2 2 2 2 2 2 2 2 2 2 2 2 2 2 2 2 2 2
left_child=1 -1 3 9 -4 6 -6 -8 -9 10 12 -12 20 14 15 -14 26 19 21 -18 -2 -16 -23 24 -15 -20 -17 -25 -29 -30
right_child=2 -3 4 -5 5 -7 7 8 -10 -11 11 -13 13 23 18 16 17 -19 25 -21 -22 22 -24 27 -26 -27 -28 28 29 -31
leaf_value=0 -2.0839254897603399e-05 0 0.06371977334886797 0.0072644513881075234 0.0091206122263848954 0.0080325307051032965 -0.0014164098659067447 0.0029460492915696322 -0.011514147844960299 -0.02929810427651084 -3.8276676013760931e-05 7.3325770890873089e-05 -0.039305059027653383 0.00078220676579508243 0.0010227394043053487 -0.01377544882120847 -0.019178366593368686 -0.00031791661632442011 -0.0080671616596784575 -0.0026204021213616143 0.010246387719732231 3.7765743126964839e-05 -0.0020424524743686916 0.0034594704694503237 -0.0011641993569710767 -0.00019951952629090796 0.00094439800525789584 -0.0085862273169579843 -0.0039320176499624887 0.0044835483893651802
leaf_weight=3271 764 22 183 117 22 172 20 31 48 24 26 1406 22 25 127 23 29 38 23 21 157 30 20 153 20 24 38 31 50 90
leaf_count=3271 764 22 183 117 22 172 20 31 48 24 26 1406 22 25 127 23 29 38 23 21 157 30 20 153 20 24 38 31 50 90
internal_value=-0.0209855 -0.0448482 5.89182e-05 -0.000217925 0.00195378 0.00056314 -0.00285124 -0.00459596 -0.00259494 -0.000348615 -0.000293551 0.000425978 -0.000905044 -0.00200262 -0.00424051 -0.0078655 -0.00607383 -0.0103409 -0.00147321 -0.016 5.42907e-06 0.000480226 -0.005 0.000392954 -0.005 -0.00882979 8.19674e-05 0.00114198 -0.000555555 0.000714286
internal_weight=7027 3293 3734 3258 476 293 121 99 79 3141 3117 1432 1685 764 395 171 149 88 224 50 921 177 50 369 45 47 61 324 171 140
internal_count=7027 3293 3734 3258 476 293 121 99 79 3141 3117 1432 1685 764 395 171 149 88 224 50 921 177 50 369 45 47 61 324 171 140
is_linear=0
shrinkage=0.05


Tree=254
num_leaves=31
num_cat=0
split_feature=0 14 1 9 2 18 0 3 11 10 13 0 15 11 0 9 16 9 10 2 4 14 1 1 4 3 6 0 0 0
split_gain=1420.79 4.51509 0.639804 0.828587 1.00919 0.48725 0.53654 1.31589 1.56801 1.17968 0.693051 1.47499 0.618767 0.53185 1.02101 1.01362 0.709962 0.464868 0.490082 0.557166 0.629562 1.75405 0.697303 1.17722 0.771429 0.461385 0.473377 0.429945 0.623015 0.714581
threshold=3.5000000000000004 6.3656501350523191 577.70000000000016 -0.99466160899732459 204.50000000000003 66.558203935670903 656.50000000000011 36.45000000000001 62.845875594400852 -0.91583036384466876 0.71293851168443745 542.50000000000011 52.935868900557828 75.660353653502625 691.50000000000011 0.55601228778889811 19.195432386273641 0.99906486341235867 0.99164058729498161 180.50000000000003 13.15 56.264724248707168 720.25000000000011 751.50000000000011 7.0500000000000007 39.650000000000013 5.5000000000000009 457.50000000000006 400.50000000000006 377.50000000000006
decision_type=2 2 2 2 2 2 2 2 2 2 2 2 2 2 2 2 2 2 2 2 2 2 2 2 2 2 2 2 2 2
left_child=1 -1 5 4 -4 6 10 8 -8 -10 11 27 -13 14 15 -9 -15 18 19 -5 21 -21 -23 24 -24 -7 -27 28 29 -2
right_child=2 -3 3 17 -6 25 7 13 9 -11 -12 12 -14 16 -16 -17 -18 -19 -20 20 -22 22 23 -25 -26 26 -28 -29 -30 -31
leaf_value=0 -1.1004091455404075e-05 0 0.002396503470764727 0.06384442992804247 -0.001471787659682343 0.014853769958135485 -0.0070730729289049422 2.3707861394230341e-06 -0.0030327166697448316 0.0016401006871241105 0.0027102266029101008 -0.0037387229359219683 -0.0079931147253883283 -0.004459441494067619 0.0017683376214216323 -0.0035374514273637074 0.00021734134684187664 -0.0058414734189163806 -0.024422039534839922 -0.019681335062782249 0.069495986994062231 0.0024013416960012566 -0.047834146650093362 0.021812916533166297 -0.0025370200470657572 0.0075286840360333498 -0.017030998107891427 0.0027298583202574572 -0.0025989743578013567 0.028369744558662618
leaf_weight=3271 1642 22 37 221 23 120 30 41 20 39 280 30 21 30 153 22 41 26 35 26 155 179 20 31 28 35 20 192 170 67
leaf_count=3271 1642 22 37 221 23 120 30 41 20 39 280 30 21 30 153 22 41 26 35 26 155 179 20 31 28 35 20 192 170 67
internal_value=-0.0209072 -0.0448482 0.000206213 0.00147887 -0.00416667 -0.000130376 -0.000291576 -0.00204787 -0.00735955 -0.00262712 -1.66526e-05 -0.000325165 -0.00872549 -0.000400697 0.000833334 -0.00452381 -0.00415493 0.00194868 0.00219424 0.0025 0.00146925 7.04227e-05 0.00131783 -0.00259494 -0.0075 0.00242857 -0.00136364 -0.0001183 -0.000348589 -6.14393e-05
internal_weight=7027 3293 3734 781 60 2953 2778 376 89 59 2402 2122 51 287 216 63 71 721 695 660 439 284 258 79 48 175 55 2071 1879 1709
internal_count=7027 3293 3734 781 60 2953 2778 376 89 59 2402 2122 51 287 216 63 71 721 695 660 439 284 258 79 48 175 55 2071 1879 1709
is_linear=0
shrinkage=0.05


Tree=255
num_leaves=31
num_cat=0
split_feature=0 14 1 0 9 1 4 3 14 17 12 10 16 18 13 12 3 3 0 13 6 13 17 6 16 4 5 4 4 4
split_gain=1419.1 4.51509 0.602909 0.709125 0.84159 0.601329 1.25965 0.746483 0.639035 0.552273 0.514391 0.474535 0.428483 1.06632 1.21463 0.863177 0.678534 1.07776 0.973068 0.592337 0.698583 0.588621 0.523767 0.515309 0.723443 0.476632 0.575172 0.969829 0.456215 0.731242
threshold=3.5000000000000004 6.3656501350523191 577.70000000000016 654.50000000000011 -0.99466160899732459 720.25000000000011 6.6500000000000012 30.650000000000002 56.264724248707168 28.504165138946732 234.49400325887072 0.99164058729498161 21.313206764098577 24.407514054846292 0.32831134439873272 287.23965081703597 36.550000000000004 35.750000000000007 656.50000000000011 0.70179381372983674 84.500000000000014 0.0093422258425822236 26.305874254906211 1.0000000180025095e-35 21.730711020853843 8.0500000000000025 44.500000000000007 11.65 26.750000000000004 20.150000000000002
decision_type=2 2 2 2 2 2 2 2 2 2 2 2 2 2 2 2 2 2 2 2 2 2 2 2 2 2 2 2 2 2
left_child=1 -1 12 11 9 8 -7 -8 -6 -5 -10 -4 21 15 -15 25 17 18 19 20 -16 -2 28 24 -18 -14 -27 -28 29 -23
right_child=2 -3 3 4 5 6 7 -9 10 -11 -12 -13 13 14 16 -17 23 -19 -20 -21 -22 22 -24 -25 -26 26 27 -29 -30 -31
leaf_value=0 -2.0852747948398051e-05 0 0.051099342399337791 -0.0189111353685773 -0.0021862449908458107 -0.025037432983642471 0.024952123118370719 -0.0078244944654124442 0.018591217784594216 -0.00022943436307495469 -0.0008775768584639755 -0.023200937558097889 0.00080359222729051378 -0.0018855610230333547 -0.00039785603869189337 -0.00011183450929785388 0.0014952430316952528 -0.018761676778884254 -0.004531672369788165 0.029902895172136325 -0.0055715102603468188 2.4821137223662909e-05 0.00046019247215086344 0.011393127641208832 -0.0062589434147842377 0.00015403445026908078 -0.0039621915060476486 1.1169687141667265e-05 0.0021489632970041967 -0.00027532677156507821
leaf_weight=3271 36 22 264 20 39 32 67 20 239 24 41 35 66 20 137 21 23 20 31 29 31 1043 635 79 24 242 29 74 102 311
leaf_count=3271 36 22 264 20 39 32 67 20 239 24 41 35 66 20 137 21 23 20 31 29 31 1043 635 79 24 242 29 74 102 311
internal_value=-0.0209214 -0.0448482 0.000179432 0.00141485 0.000228216 0.000890411 -0.00214286 0.000977012 0.00202194 -0.00636364 0.00285714 0.00332776 -0.000147308 -0.0011138 -0.00299492 0.000601852 -0.00235294 -0.00387097 -0.00289474 -0.00159898 -0.00273809 0.000228021 0.000337159 0.000634921 -0.00351064 0.00110706 0.000362319 -0.00276699 -0.000185439 -0.00042836
internal_weight=7027 3293 3734 781 482 438 119 87 319 44 280 299 2953 826 394 432 374 248 228 197 168 2127 2091 126 47 411 345 103 1456 1354
internal_count=7027 3293 3734 781 482 438 119 87 319 44 280 299 2953 826 394 432 374 248 228 197 168 2127 2091 126 47 411 345 103 1456 1354
is_linear=0
shrinkage=0.05


Tree=256
num_leaves=31
num_cat=0
split_feature=0 14 1 9 0 0 10 14 17 9 2 6 4 10 0 5 18 12 0 0 1 9 4 15 15 5 11 1 3 14
split_gain=1424.17 4.51509 0.650363 0.702596 0.636747 0.543252 0.531348 0.517857 0.496004 0.426938 0.386717 0.386552 0.53713 0.936643 0.519522 0.355707 0.354716 0.626087 0.487639 0.367616 0.420874 1.75192 1.05284 0.534361 0.337035 0.332838 0.883205 0.471622 0.774107 0.677637
threshold=3.5000000000000004 6.3656501350523191 577.70000000000016 0.99906486341235867 654.50000000000011 742.50000000000011 0.99164058729498161 56.264724248707168 30.9501498886452 -0.99052327954040364 374.50000000000006 1.5000000000000002 7.9500000000000011 -0.10737736916418625 842.50000000000011 87.500000000000014 68.579638533343214 215.99201746317308 818.50000000000011 793.50000000000011 518.45000000000016 0.69016699705532247 12.050000000000002 46.007977412024609 72.815203738611658 53.500000000000007 -1.8237865023002413 460.55000000000007 31.850000000000005 41.209016008013016
decision_type=2 2 2 2 2 2 2 2 2 2 2 2 2 2 2 2 2 2 2 2 2 2 2 2 2 2 2 2 2 2
left_child=1 -1 10 4 6 7 -4 -6 9 -9 15 -7 13 -13 -14 16 18 -18 19 20 25 23 -23 -22 -10 -2 -27 29 -29 -28
right_child=2 -3 3 -5 5 11 -8 8 24 -11 -12 12 14 -15 -16 -17 17 -19 -20 -21 21 22 -24 -25 -26 26 27 28 -30 -31
leaf_value=0 2.113721252126428e-05 0 0.056728330369103679 -0.0057851530885721153 -0.019531448468522727 0.016145709667612793 -0.022040890680192812 -0.00058356110365962778 -0.00032404590839590604 0.014132548695444808 0.10032834842676606 0.0022430316912597 0.034071745249171254 -0.039773236052066223 -0.0060753996676947593 0.00038717169253677951 0.013427393259092847 -0.0012061922758444745 -0.0081951838084474409 0.010193245385379003 -0.00085888400952830271 -0.018593996377884392 -0.003613362201097689 0.0087976706918117455 -0.043027678141801334 -0.00031321447476404538 -4.0925748419140544e-05 0.0056064011612581514 -0.0035900107943365152 0.011900455751055479
leaf_weight=3271 1703 22 259 26 27 153 35 21 26 71 37 21 72 20 29 66 72 20 36 65 30 21 36 88 21 22 627 32 28 70
leaf_count=3271 1703 22 259 26 27 153 35 21 26 71 37 21 72 20 29 66 72 20 36 65 30 21 36 88 21 22 627 32 28 70
internal_value=-0.0208788 -0.0448482 0.000259775 0.00154289 0.00182119 0.000661605 0.00363946 -0.00162651 -0.000395683 0.00173913 -7.95799e-05 0.00194915 7.04227e-05 -0.0047561 0.0020297 -0.000144033 -0.00022807 0.00282609 -0.000329949 -0.00025349 -0.000344373 -0.00271429 -0.00991228 0.000762712 -0.00457447 -0.000177276 -0.00103338 -0.000746367 -0.005 -0.000380201
internal_weight=7027 3293 3734 781 755 461 294 166 139 92 2953 295 142 41 101 2916 2850 92 2758 2722 2657 175 57 118 47 2482 779 757 60 697
internal_count=7027 3293 3734 781 755 461 294 166 139 92 2953 295 142 41 101 2916 2850 92 2758 2722 2657 175 57 118 47 2482 779 757 60 697
is_linear=0
shrinkage=0.05


Tree=257
num_leaves=31
num_cat=0
split_feature=0 14 1 18 0 9 9 13 18 0 4 17 10 0 2 12 4 10 16 0 18 1 4 9 1 2 0 8 4 16
split_gain=1428.4 4.51509 0.635554 0.614345 0.805055 0.51282 0.977517 0.608605 0.822358 0.601963 0.490552 0.850241 0.486486 0.439309 0.378421 0.341416 0.678271 0.620606 0.444604 0.310266 0.516553 0.377909 0.66857 0.706223 0.572756 1 0.557227 0.665534 0.664866 0.451165
threshold=3.5000000000000004 6.3656501350523191 566.10000000000014 48.360499163939224 672.50000000000011 -0.99273952934267318 -0.99762106698677366 0.8443474041727318 64.091854213877156 842.50000000000011 6.5500000000000007 28.436570201585443 0.99164058729498161 855.50000000000011 374.50000000000006 284.91521471611526 20.350000000000005 -0.9668120007078248 21.215562330192437 841.00000000000011 68.579638533343214 337.15000000000003 26.750000000000004 -0.98211651112579568 356.45000000000005 227.50000000000003 447.50000000000006 -0.9159756150367534 14.750000000000002 21.313206764098577
decision_type=2 2 2 2 2 2 2 2 2 2 2 2 2 2 2 2 2 2 2 2 2 2 2 2 2 2 2 2 2 2
left_child=1 -1 14 -4 12 6 -6 8 -7 10 11 -9 -5 -11 15 19 18 -18 -17 20 21 26 23 -23 25 -25 27 28 -2 -26
right_child=2 -3 3 4 5 7 -8 9 -10 13 -12 -13 -14 -15 -16 16 17 -19 -20 -21 -22 22 -24 24 29 -27 -28 -29 -30 -31
leaf_value=0 -0.0025083158596017068 0 -0.0035365223305544417 0.05168031790411845 0.0010316308317033199 0.00084127573161106107 -0.031025681790152599 0.013031893094743507 -0.0076352676611437425 -0.0054810295926486993 0.032477963082117457 -0.0031754003551565202 -0.014803834305865717 0.0004949564669925674 0.095311931005427855 0.00011427129760271404 8.9034931545027573e-05 -0.00088532828966472179 -0.00012219991401981524 -0.0012038710194425387 0.031287912402081834 0.022373597584339211 0.001370577972892494 -0.0079699612235382515 -0.00011310899467397563 0.0013568481824883221 0.074574882559297881 2.0695508097406892e-05 0.001914291923307581 -0.0013548917870317074
leaf_weight=3271 20 22 21 296 31 20 24 33 21 24 212 36 37 83 37 113 25 30 21 30 53 61 93 32 662 32 87 1331 21 248
leaf_count=3271 20 22 21 296 31 20 24 33 21 24 212 36 37 83 37 113 25 30 21 30 53 61 93 32 662 32 87 1331 21 248
internal_value=-0.0208432 -0.0448482 0.000326728 0.00153938 0.00175643 0.000454546 -0.00409091 0.0010373 -0.0047561 0.00164948 0.00286477 -0.000797101 0.00364865 -0.00154206 -2.41711e-05 -8.91918e-05 -0.00214286 -0.00681818 -0.00022388 5.618e-05 0.000113637 1.35294e-05 -0.000673759 -0.00103865 -0.0013655 -0.0059375 0.000544894 0.000298834 -0.00597561 -0.00104396
internal_weight=7027 3293 3734 838 817 484 55 429 41 388 281 69 333 107 2896 2859 189 55 134 2670 2640 2587 1128 1035 974 64 1459 1372 41 910
internal_count=7027 3293 3734 838 817 484 55 429 41 388 281 69 333 107 2896 2859 189 55 134 2670 2640 2587 1128 1035 974 64 1459 1372 41 910
is_linear=0
shrinkage=0.05


Tree=258
num_leaves=31
num_cat=0
split_feature=0 14 14 0 15 14 0 13 10 5 2 0 2 10 18 8 16 5 4 18 13 17 4 17 0 11 4 6 16 18
split_gain=1433.49 4.51509 0.756439 0.439678 0.533929 0.454416 0.432354 0.463268 0.400742 0.503185 0.370337 0.378054 1.3663 2.00379 0.69875 0.665758 0.511628 0.451731 0.446714 0.407808 0.46659 0.515803 0.512253 0.484432 1.01357 0.518006 0.326008 0.794061 1.24898 1.66408
threshold=3.5000000000000004 6.3656501350523191 69.896791293120344 818.50000000000011 65.79379496324637 68.180615616146184 841.00000000000011 0.96151377505677904 -0.90146829171281539 11.500000000000002 327.50000000000006 618.50000000000011 237.50000000000003 -0.11593459959550052 53.791578479700185 -0.9159756150367534 21.436378000446354 87.500000000000014 19.950000000000003 65.82833955246268 0.9642828667258454 24.22558966417655 11.350000000000003 25.632034200284426 695.50000000000011 68.865990354291583 20.150000000000002 34.500000000000007 18.717095282344332 9.2504185900504137
decision_type=2 2 2 2 2 2 2 2 2 2 2 2 2 2 2 2 2 2 2 2 2 2 2 2 2 2 2 2 2 2
left_child=1 -1 3 4 10 -6 -4 -8 -5 -10 11 14 13 -13 15 -2 19 26 -18 20 21 -14 -22 24 -23 -25 -17 -28 -29 -30
right_child=2 -3 6 8 5 -7 7 -9 9 -11 -12 12 16 -15 -16 17 18 -19 -20 -21 22 23 -24 25 -26 -27 27 28 29 -31
leaf_value=0 -0.0022299117290483627 0 0.0071219518724194063 -0.0080999000635158004 0.014840698694506419 -0.0015472402099036397 -0.0079517111158617301 0.0011156071074562713 -0.0015330772770332274 0.00015286037088024166 0.018118083852587848 -0.0068983058330026707 0.0020504686003123911 0.0046613448648568688 0.019008658027127381 1.9723450494607486e-05 -0.035128350362774063 0.00042997304126326955 0.0010429154782161942 0.024478094333488788 -0.0066972222024793311 -0.0033081397030692151 0.00021945374075337494 0.0014578389197386224 0.00013215419201380378 -0.0011807140501485158 2.5858402136822765e-05 0.0050656979432305918 0.00010923512216631903 -0.0032906993383662168
leaf_weight=3271 33 22 380 21 268 38 20 76 24 53 86 32 51 22 171 1683 23 63 20 41 23 38 22 64 53 20 250 46 40 73
leaf_count=3271 33 22 380 21 268 38 20 76 24 53 86 32 51 22 171 1683 23 63 20 41 23 38 22 64 53 20 250 46 40 73
internal_value=-0.0208005 -0.0448482 0.00040707 0.000135052 0.000237342 0.00222222 0.00226891 -0.000729166 -0.00316327 -0.00149351 2.45272e-05 -7.58669e-05 -0.00147922 -0.00888889 0.000167444 -7.3126e-05 -0.000352112 3.4803e-05 -0.00546512 0.000352564 -0.000350553 0.000575221 -0.005 -0.000714286 -0.00324176 0.00202381 -9.0822e-05 -0.00135697 -0.0041195 -0.0069469
internal_weight=7027 3293 3734 3258 3160 306 476 96 98 77 2854 2768 409 54 2359 2188 355 2155 43 312 271 226 45 175 91 84 2092 409 159 113
internal_count=7027 3293 3734 3258 3160 306 476 96 98 77 2854 2768 409 54 2359 2188 355 2155 43 312 271 226 45 175 91 84 2092 409 159 113
is_linear=0
shrinkage=0.05


Tree=259
num_leaves=31
num_cat=0
split_feature=0 14 14 5 0 4 10 5 1 14 12 1 3 6 1 1 12 9 17 1 13 10 6 1 16 4 1 1 13 14
split_gain=1426.71 4.51509 0.675089 0.439704 0.415471 0.401928 0.400742 0.503185 0.395266 0.697946 0.578631 1.16803 0.459167 0.996549 0.646367 0.876587 0.5492 0.438312 0.40563 0.358167 0.639336 0.676699 0.619739 0.651078 0.540575 0.61846 1.00087 0.646168 0.53404 0.69628
threshold=3.5000000000000004 6.3656501350523191 69.896791293120344 17.500000000000004 818.50000000000011 6.4500000000000011 -0.90146829171281539 11.500000000000002 126.75000000000001 40.051975395449624 121.21800987321011 560.95000000000016 31.050000000000004 24.500000000000004 309.45000000000005 430.75000000000006 88.323431052878433 -0.13727368718622751 32.770046224521074 333.15000000000003 0.42917335473515256 -0.97502841500522164 37.500000000000007 359.80000000000001 20.600010415395687 10.950000000000001 532.45000000000016 498.55000000000001 0.37873634302205733 50.747174809461065
decision_type=2 2 2 2 2 2 2 2 2 2 2 2 2 2 2 2 2 2 2 2 2 2 2 2 2 2 2 2 2 2
left_child=1 -1 4 -4 8 -5 -6 -8 9 -2 11 12 16 -14 -15 17 -10 -16 -18 20 21 -12 28 -24 -25 26 -26 -27 -21 -30
right_child=2 -3 3 5 6 -7 7 -9 10 -11 19 -13 13 14 15 -17 18 -19 -20 22 -22 -23 23 24 25 27 -28 -29 29 -31
leaf_value=0 -1.2076718082691078e-05 0 0.00014782261267065562 2.8893724894654867e-05 -0.0076949050603401436 0.029886490556816254 -0.0014564234131816661 0.0001452173523364957 -0.00052468836970473638 -0.0034559356512737041 -0.0015079650264501351 -0.0062357252444866767 7.2182567490343611e-05 6.8797700577200404e-05 -0.0034818621643464653 -0.00069176310576601332 0.00067043176000842423 -0.005481186676003791 -0.00057252715623233184 -0.00040885928416576988 0.042329825531742464 0.00068224592095166394 -0.0074726912350138149 0.00016443943913545928 -0.002332543083023257 -0.00059460542242817339 -0.017863581530150253 0.021670627154310992 0.0067420738944134005 0.00037024328309663427
leaf_weight=3271 842 22 186 53 21 237 24 53 22 25 32 29 283 45 20 30 250 22 20 87 141 290 35 158 20 22 22 29 153 583
leaf_count=3271 842 22 186 53 21 237 24 53 22 25 32 29 283 45 20 30 250 22 20 87 141 290 35 158 20 22 22 29 153 583
internal_value=-0.0208574 -0.0448482 0.000299947 0.00205882 4.29713e-05 0.00327586 -0.00316327 -0.00149351 0.000142405 -0.000767012 0.000486263 -0.000686546 -0.000274566 -0.001375 -0.00525641 -0.00819444 0.00123288 -0.0128571 0.00185185 0.00102417 0.00219222 0.000962733 0.00053652 -0.00146853 -0.000577689 -0.00360215 -0.00809524 9.80394e-05 0.00123329 0.0016712
internal_weight=7027 3293 3734 476 3258 290 98 77 3160 867 2293 721 692 400 117 72 292 42 270 1572 463 322 1109 286 251 93 42 51 823 736
internal_count=7027 3293 3734 476 3258 290 98 77 3160 867 2293 721 692 400 117 72 292 42 270 1572 463 322 1109 286 251 93 42 51 823 736
is_linear=0
shrinkage=0.05


Tree=260
num_leaves=31
num_cat=0
split_feature=0 14 14 0 0 0 4 4 13 1 0 11 12 17 0 8 17 9 10 16 15 13 1 6 0 18 1 18 0 11
split_gain=1424.17 4.51509 0.533034 0.575591 1.10716 0.49279 0.53831 0.507936 0.484401 0.377909 0.446526 1.32496 0.858738 0.923328 0.816775 0.805259 0.808595 0.653608 0.530129 0.888454 0.525834 0.695885 0.523709 0.425963 0.414321 0.50381 0.884813 0.785187 0.483767 0.40433
threshold=3.5000000000000004 6.3656501350523191 68.6338793735937 676.50000000000011 706.50000000000011 818.50000000000011 21.550000000000004 8.0500000000000025 0.99939540507859748 687.20000000000016 611.50000000000011 53.011021670109862 153.11171548419034 27.715266127371958 457.50000000000006 -0.9159756150367534 21.129379814467637 0.99166813670569354 -0.83352489619613901 20.744090214195712 49.792504345941325 0.76574347260556463 498.55000000000001 93.500000000000014 400.50000000000006 36.906415671766375 318.25000000000006 44.320988712914783 344.50000000000006 34.685640458452077
decision_type=2 2 2 2 2 2 2 2 2 2 2 2 2 2 2 2 2 2 2 2 2 2 2 2 2 2 2 2 2 2
left_child=1 -1 5 -4 -5 8 7 -7 9 10 14 12 -12 22 15 16 -2 18 19 23 -13 -22 -14 -16 28 26 -26 -27 29 -17
right_child=2 -3 3 4 -6 6 -8 -9 -10 -11 11 20 13 -15 17 24 -18 -19 -20 -21 21 -23 -24 -25 25 27 -28 -29 -30 -31
leaf_value=0 -0.010541545933424896 0 0.066635060406941768 -0.0028787564920424967 0.00085391421279814293 7.2232266620273191e-05 0.0045629622261703917 -0.0070090635940221668 0.011850705738565104 0.076763574330476383 -0.012634256534809924 0.0014544287751393013 -0.00016473280638990234 0.01404012574817793 0.0090591606941806228 2.1384077210715036e-07 0.010651912560084943 -0.0032463884973723115 0.015915724107493784 -0.0035259649065631383 -0.015032718016559289 -5.7573443486767057e-05 -0.0080692696196775823 -0.0045196356253353097 0.00046161785132536935 0.00031446492417064878 -0.015935853029636831 -0.010248932848039828 0.0029319855657867063 -0.00088738990547351847
leaf_weight=3271 21 22 170 35 341 21 23 42 131 55 29 43 21 21 81 1493 20 22 332 20 42 344 22 20 37 83 33 22 157 53
leaf_count=3271 21 22 170 35 341 21 23 42 131 55 29 43 21 21 81 1493 20 22 332 20 42 344 22 20 37 83 33 22 157 53
internal_value=-0.0208788 -0.0448482 0.000259775 0.0017033 0.000611702 1.25472e-05 -0.00372093 -0.00611111 0.000116054 -1.51462e-05 -9.25924e-05 -0.00141762 -0.00682796 -0.00359375 0.000196324 -0.000263158 -0.00719512 0.00205263 0.00246137 -0.000371901 -0.000244755 -0.000829015 -0.0077907 0.00153465 -0.000111821 -0.00242857 -0.00571429 -0.000238095 0.000126248 -0.000142303
internal_weight=7027 3293 3734 546 376 3188 86 63 3102 2971 2916 522 93 64 2394 1919 41 475 453 121 429 386 43 101 1878 175 70 105 1703 1546
internal_count=7027 3293 3734 546 376 3188 86 63 3102 2971 2916 522 93 64 2394 1919 41 475 453 121 429 386 43 101 1878 175 70 105 1703 1546
is_linear=0
shrinkage=0.05


Tree=261
num_leaves=31
num_cat=0
split_feature=0 14 14 0 0 10 1 4 10 17 4 13 0 14 13 0 0 10 16 9 17 14 14 4 4 6 15 18 0 10
split_gain=1421.64 4.51509 0.563115 0.575591 1.10017 0.669643 0.390661 1.24913 0.496133 0.402051 0.373502 0.499856 0.471917 1.51409 0.79461 1.34238 1.64162 0.600925 0.910968 0.701666 0.579266 0.516592 1.12001 0.775325 1.92981 0.903821 0.574713 0.493165 0.473485 0.418656
threshold=3.5000000000000004 6.3656501350523191 68.6338793735937 676.50000000000011 714.50000000000011 0.2926003356333482 720.25000000000011 6.6500000000000012 -0.76107606668641947 31.669255773338811 26.850000000000005 0.32831134439873272 654.50000000000011 40.952303898370694 0.71293851168443745 542.50000000000011 560.50000000000011 -0.41327860778290426 21.730711020853843 -0.99052327954040364 31.612034358888234 48.494534078851459 60.762895483759443 8.8500000000000032 11.65 52.500000000000007 61.747350424128832 53.200842819941009 588.50000000000011 0.98662138620987927
decision_type=2 2 2 2 2 2 2 2 2 2 2 2 2 2 2 2 2 2 2 2 2 2 2 2 2 2 2 2 2 2
left_child=1 -1 10 -4 5 -5 8 -8 -6 -9 12 -12 14 -14 15 27 -17 18 21 -19 -21 -15 23 -23 -25 26 -26 -2 -18 -16
right_child=2 -3 3 4 6 -7 7 9 -10 -11 11 -13 13 17 29 16 28 19 -20 20 -22 22 -24 24 25 -27 -28 -29 -30 -31
leaf_value=0 -6.8494959434477954e-06 0 0.063303307386594843 -0.0025940287383790471 -0.00717285870083899 0.00017738740968390577 -0.03136891006270822 -0.0072071751371464224 0.0050381608903425521 0.018157939281050573 -0.00010463318446300431 0.0016591553473135471 -0.0057902823201727432 0.0020597559606108373 0.0093786512197538072 -0.020312850467458263 0.00031156477048964091 -0.017500564456225619 -0.014758292332733632 0.005258413664161592 -0.0042139683434063019 0.00097232970786145746 9.1878152870493638e-05 -0.0083008268247619019 -0.00096849458630544286 -0.0023651645694601343 0.040786253880718236 0.037324319384337244 -0.0090450278126339642 -0.034030158841856638
leaf_weight=3271 1969 22 170 27 21 21 26 26 206 49 38 140 24 43 334 21 24 21 29 122 20 29 187 21 29 23 25 48 20 21
leaf_count=3271 1969 22 170 27 21 21 26 26 206 49 38 140 24 43 334 21 24 21 29 122 20 29 187 21 29 23 25 48 20 21
internal_value=-0.0209001 -0.0448482 0.000219604 0.0017033 0.000611702 -0.00645833 0.00164634 -0.000940594 0.00279736 0.00233333 -3.45042e-05 0.00219101 -0.000166113 -0.00145724 0.000137464 -0.00023535 -0.00730769 -0.000919854 -0.00199482 0.00162577 0.00288732 -0.00130252 -0.00200637 -0.00562992 -0.0077551 -0.00409091 -0.000555555 -7.4366e-06 -0.00181818 0.00232394
internal_weight=7027 3293 3734 546 376 48 328 101 227 75 3188 178 3010 573 2437 2082 65 549 386 163 142 357 314 127 98 77 54 2017 44 355
internal_count=7027 3293 3734 546 376 48 328 101 227 75 3188 178 3010 573 2437 2082 65 549 386 163 142 357 314 127 98 77 54 2017 44 355
is_linear=0
shrinkage=0.05


Tree=262
num_leaves=31
num_cat=0
split_feature=0 14 10 13 0 13 17 17 15 11 16 4 0 6 3 2 4 4 16 5 4 15 0 0 10 10 1 3 6 4
split_gain=1415.73 4.51509 0.590461 0.869445 0.543649 1.14702 0.505285 0.485886 0.427709 0.427387 0.914286 0.418101 0.715845 0.879938 0.712067 0.629305 0.623412 0.811525 0.739462 0.679847 0.569428 0.509019 0.47978 0.703247 0.556281 0.946323 0.517896 0.686813 0.487737 0.678788
threshold=3.5000000000000004 6.3656501350523191 0.13300977955191609 0.59348516949152552 691.50000000000011 0.87413559111494055 31.533577015076339 19.74084454406945 74.146017005802889 31.480340920393171 21.45465236956024 13.950000000000001 618.50000000000011 5.5000000000000009 33.150000000000013 212.50000000000003 4.8500000000000005 7.4500000000000011 21.503357666677086 33.500000000000007 8.8500000000000032 52.68544980968236 542.50000000000011 581.50000000000011 -0.97870382656940669 -0.9574497222574998 16.850000000000005 27.750000000000004 18.500000000000004 11.950000000000001
decision_type=2 2 2 2 2 2 2 2 2 2 2 2 2 2 2 2 2 2 2 2 2 2 2 2 2 2 2 2 2 2
left_child=1 -1 6 9 7 -6 8 -5 11 -4 -11 12 21 15 -15 -14 -16 19 20 -18 -19 22 24 -24 -2 -26 27 -27 -29 -30
right_child=2 -3 3 4 5 -7 -8 -9 -10 10 -12 -13 13 14 16 -17 17 18 -20 -21 -22 -23 23 -25 25 26 -28 28 29 -31
leaf_value=0 0.0008532476454051769 0 2.3326758705402611e-05 -0.013948500732582005 -0.0099441399556463739 0.006819950284550947 -0.0069883977075562258 0.048904394883795915 0.0039385604353899218 -0.0046796281435854655 0.0016857868525831975 1.1918777068533662e-05 -0.0024996196912274345 -0.0061881091589853481 0.0018225787182968309 0.00077986761712155693 -0.0026113020850929256 0.0020380438924628482 0.0077025075264511265 -0.0004783536876945261 -0.0025244927084630683 0.011411286269706514 -0.0043334141040773187 0.0054703817705384758 -0.0034508681372656738 0.00042218888130180751 6.174069083844781e-05 -0.00014178517484907103 5.9240030049786832e-05 -0.0024023845385845047
leaf_weight=3271 79 22 489 24 23 154 24 356 86 24 21 1381 20 26 29 106 34 23 26 20 101 62 20 22 22 26 471 23 22 20
leaf_count=3271 79 22 489 24 23 154 24 356 86 24 21 1381 20 26 29 106 34 23 26 20 101 62 20 22 22 26 471 23 22 20
internal_value=-0.0209499 -0.0448482 0.000125871 0.00110449 0.00248654 0.00019774 -0.000278093 0.00355263 -0.000211913 -0.000337078 -0.005 -0.000329648 -0.00103299 -0.00279221 -0.00445946 0.000634921 -0.00358369 -0.00455882 -0.00266667 -0.00981481 -0.00427419 -0.000149935 -0.000531915 -0.00571429 -0.00020362 -0.000736301 -0.000338078 -0.00379121 -0.00653846 -0.00333333
internal_weight=7027 3293 3734 1091 557 177 2643 380 2619 534 45 2533 1152 385 259 126 233 204 150 54 124 767 705 42 663 584 562 91 65 42
internal_count=7027 3293 3734 1091 557 177 2643 380 2619 534 45 2533 1152 385 259 126 233 204 150 54 124 767 705 42 663 584 562 91 65 42
is_linear=0
shrinkage=0.05


Tree=263
num_leaves=31
num_cat=0
split_feature=0 14 1 2 11 6 4 2 16 13 0 0 0 3 4 14 9 9 1 3 11 3 13 15 12 18 9 0 2 0
split_gain=1414.04 4.51509 0.467169 0.368498 0.389287 1.15837 0.508076 0.722894 0.408809 0.37099 0.878137 0.705466 0.958535 1.34515 1.97045 0.994627 0.79117 0.725356 0.857229 0.465836 0.445997 0.42165 0.549789 0.407732 0.386301 0.375816 0.535652 0.518905 1.58318 0.730617
threshold=3.5000000000000004 6.3656501350523191 751.50000000000011 374.50000000000006 73.828013543378034 87.500000000000014 10.350000000000003 319.50000000000006 21.264436307238238 0.95890541068206059 841.00000000000011 763.50000000000011 676.50000000000011 31.450000000000003 11.450000000000001 68.6338793735937 -0.99052327954040364 0.15855791680139919 467.85000000000008 37.350000000000001 67.738542753456969 35.95000000000001 0.91750426536523444 65.356297181859702 245.82318366523478 61.602137314521649 0.090250774277322809 618.50000000000011 239.50000000000003 635.50000000000011
decision_type=2 2 2 2 2 2 2 2 2 2 2 2 2 2 2 2 2 2 2 2 2 2 2 2 2 2 2 2 2 2
left_child=1 -1 3 4 9 6 7 -6 -8 10 11 12 15 14 -14 20 -15 21 -19 23 25 22 -18 -20 -11 27 -27 -2 -29 -30
right_child=2 -3 -4 -5 5 -7 8 -9 -10 24 -12 -13 13 16 -16 -17 17 18 19 -21 -22 -23 -24 -25 -26 26 -28 28 29 -31
leaf_value=0 4.1651651513438004e-06 0 0.043344995706432396 0.085807332676586565 0.0025934800965830944 -0.00209827674546761 0.009306065940616632 -0.0061955612013033035 -0.00050093006275181635 0.010402867854690754 -0.0068461480225746676 0.012219724278545549 -0.043538517522731829 -0.013769293092396346 0.010013619503413874 0.057165071956507024 0.00023151323627148735 -0.0018337629347817712 -0.0023894901373538186 0.0011215162082509999 -0.00085152324060474216 0.0027366302549994555 -0.0044980765950231941 0.00097420677409721821 -0.0009974928817324646 -0.0035807744254755416 0.095527895753140121 -0.0054976716030228868 -0.0078518963463516892 0.00058597748121656519
leaf_weight=3271 2308 22 48 37 27 36 94 26 20 301 24 121 20 33 24 139 29 24 21 34 20 66 20 22 20 23 77 22 22 76
leaf_count=3271 2308 22 48 37 27 36 94 26 20 301 24 121 20 33 24 139 29 24 21 34 20 66 20 22 20 23 77 22 22 76
internal_value=-0.0209641 -0.0448482 9.90896e-05 3.52688e-05 -1.50724e-05 -0.00214286 -0.000389221 -0.00443396 0.00149123 0.000110273 -5.59998e-05 1.77364e-05 -0.000134228 -0.00284983 -0.0109091 0.000161891 -0.0014257 -0.000324074 -0.00341584 -0.000844156 -6.27942e-05 0.0023913 -0.00112245 -0.00430233 0.00172897 -3.95551e-06 0.003 -0.000127677 -0.00333333 -0.000612245
internal_weight=7027 3293 3734 3686 3649 203 167 53 114 3446 3125 3101 2980 293 44 2687 249 216 101 77 2548 115 49 43 321 2528 100 2428 120 98
internal_count=7027 3293 3734 3686 3649 203 167 53 114 3446 3125 3101 2980 293 44 2687 249 216 101 77 2548 115 49 43 321 2528 100 2428 120 98
is_linear=0
shrinkage=0.05


Tree=264
num_leaves=31
num_cat=0
split_feature=0 14 14 0 6 3 1 18 9 6 12 15 4 11 4 15 14 14 9 18 0 12 13 15 6 1 10 2 9 4
split_gain=1416.57 4.51509 0.662594 0.694721 0.700358 0.527002 0.705643 0.964682 0.514855 0.569164 0.454877 0.619946 0.35331 0.347711 0.79961 0.754489 0.733759 1.06943 0.654762 0.326778 0.766801 1.47525 0.372886 0.332649 1.20354 1.80929 1.05841 1.39163 1.53409 1.00275
threshold=3.5000000000000004 6.3656501350523191 69.467678688898005 842.50000000000011 3.5000000000000004 27.650000000000002 720.25000000000011 81.371457857181568 -0.99052327954040364 1.5000000000000002 234.49400325887072 64.717575982976157 13.15 73.828013543378034 21.950000000000003 57.97273243836387 57.065418262902234 60.762895483759443 0.15855791680139919 56.793568258124687 656.50000000000011 261.57962746446981 0.79706739290429829 37.395282774685796 35.500000000000007 320.45000000000005 -0.46734190575957718 208.50000000000003 0.53436760985011655 17.050000000000004
decision_type=2 2 2 2 2 2 2 2 2 2 2 2 2 2 2 2 2 2 2 2 2 2 2 2 2 2 2 2 2 2
left_child=1 -1 3 13 -5 -4 8 -8 9 -7 -10 -12 -13 19 15 -15 -17 -18 -19 20 22 -22 23 -2 -25 -26 29 28 -28 -27
right_child=2 -3 5 4 -6 6 7 -9 10 -11 11 12 -14 14 -16 16 17 18 -20 -21 21 -23 -24 24 25 26 27 -29 -30 -31
leaf_value=0 9.5330589786812867e-06 0 0.04224221663853843 0.0033733166738534274 -0.010358388819649782 0.014116507045979408 -0.0489547392132159 0.0006629242905871152 0.035640373367979726 -0.0018367224882444994 0.0040435811145742876 0.00027228543984773868 -0.0064725043797607216 -0.0026325492462428123 0.02855615443167512 0.018462188194779423 -0.010668273495917058 0.023308186946770351 -0.0012828830704673059 0.00075424811186481635 -0.0077886356882634683 -2.6072547734900286e-05 0.0046952718950989064 0.00049340124257257268 0.00020776184415230827 -0.0098574175445875246 -0.00022697940321431565 0.017690703103222242 -0.024433703152895125 -0.0023570566724792161
leaf_weight=3271 1714 22 187 21 23 20 23 28 141 21 43 20 21 27 41 35 20 22 20 595 21 46 70 332 127 25 24 25 20 22
leaf_count=3271 1714 22 187 21 23 20 23 28 141 21 43 20 21 27 41 35 20 22 20 595 21 46 70 332 127 25 24 25 20 22
internal_value=-0.0209428 -0.0448482 0.000139261 -0.000123839 -0.00636364 0.0018254 0.000583596 -0.00480392 0.00161654 -0.00353659 0.00255556 -0.000357143 -0.0047561 -3.76646e-05 -0.00227273 -0.00427419 -0.00221649 -0.00548387 -0.000952381 8.44093e-05 -0.000173124 -0.00544776 -2.33148e-05 -0.000133246 -0.00117391 -0.00384774 -0.00836207 -0.00442029 -0.00977273 -0.0141489
internal_weight=7027 3293 3734 3230 44 504 317 51 266 41 225 84 41 3186 165 124 97 62 42 3021 2426 67 2359 2289 575 243 116 69 44 47
internal_count=7027 3293 3734 3230 44 504 317 51 266 41 225 84 41 3186 165 124 97 62 42 3021 2426 67 2359 2289 575 243 116 69 44 47
is_linear=0
shrinkage=0.05


Tree=265
num_leaves=31
num_cat=0
split_feature=0 14 14 3 0 0 1 1 18 15 1 16 10 6 16 12 13 2 15 17 10 16 11 4 17 10 0 0 18 10
split_gain=1425.02 4.51509 0.410634 0.455632 0.37753 0.552919 0.341734 0.349836 0.333138 0.857657 0.702068 0.611316 0.840199 0.578928 0.796537 0.843717 0.883838 1.22606 0.545455 0.538124 1.1366 0.730984 0.646737 0.48 0.469509 0.522922 0.477147 1.33554 0.997501 1.0077
threshold=3.5000000000000004 6.3656501350523191 75.235558279728778 27.650000000000002 841.00000000000011 855.50000000000011 739.05000000000007 658.45000000000016 37.455573811416436 56.166383372201864 346.25000000000006 16.62392011133856 -0.71464691390916035 40.500000000000007 19.092542169704419 144.88819994908604 0.57208783055207879 237.50000000000003 41.553946077206227 30.464558974767559 0.1500498401600889 23.760951161420284 29.785044068163554 13.15 29.540847399660837 0.99164058729498161 656.50000000000011 691.50000000000011 52.418041017714494 -0.54160775828284857
decision_type=2 2 2 2 2 2 2 2 2 2 2 2 2 2 2 2 2 2 2 2 2 2 2 2 2 2 2 2 2 2
left_child=1 -1 4 -4 8 -6 7 -5 9 -2 -10 12 -12 19 -15 16 -16 -18 -14 24 21 -21 -22 -19 25 26 -13 28 -28 -30
right_child=2 -3 3 6 5 -7 -8 -9 10 -11 11 13 18 14 15 -17 17 23 -20 20 22 -23 -24 -25 -26 -27 27 -29 29 -31
leaf_value=0 -3.307296806479439e-06 0 0.061597267092972877 -0.0012762220257044759 -0.0064969595309212272 -0.00020363862689693661 -0.024114526668332324 0.0028043824684473263 0.055280823918522515 -0.0031823375073412302 -0.0019048063128712265 0.0011454283967282295 -0.007264445202783922 0.0013691193987974877 0.00010571538275074429 3.1980440257245145e-05 -0.02379927895361298 -0.0087502386750506946 0.023180589403278083 -0.00068609311923242713 -0.0042696650241436165 -0.004921331184282912 0.035369268937185581 -8.7810533818467662e-05 0.028422517455243552 -0.035266306276806506 0.00010067565556640155 0.000526629252857717 -0.005598306360107802 -0.00057356901542455314
leaf_weight=3271 1718 22 114 31 24 62 25 82 131 29 24 336 30 69 22 154 27 20 25 34 30 24 95 30 121 29 22 380 25 21
leaf_count=3271 1718 22 114 31 24 62 25 82 131 29 24 336 30 69 22 154 27 20 25 34 30 24 95 30 121 29 22 380 25 21
internal_value=-0.0208716 -0.0448482 0.000273166 0.00222222 0.000132108 -0.00313953 0.000289855 0.00146018 0.000214959 -0.00026617 0.000724682 0.000421608 -0.00386076 0.000656706 -0.00121118 -0.00250988 -0.00611111 -0.00863636 -0.000454545 0.00119517 -0.00128415 -0.00706897 0.0014 -0.004 0.00168094 0.00124846 0.00149235 0.000424107 -0.00602941 -0.0102174
internal_weight=7027 3293 3734 252 3482 86 138 113 3396 1747 1649 1518 79 1439 322 253 99 77 55 1117 183 58 125 50 934 813 784 448 68 46
internal_count=7027 3293 3734 252 3482 86 138 113 3396 1747 1649 1518 79 1439 322 253 99 77 55 1117 183 58 125 50 934 813 784 448 68 46
is_linear=0
shrinkage=0.05


Tree=266
num_leaves=31
num_cat=0
split_feature=0 14 0 0 6 14 0 13 0 13 3 14 9 4 15 10 9 3 9 0 11 10 13 10 16 9 0 3 0 0
split_gain=1428.4 4.51509 0.502176 0.970767 0.932883 0.934592 0.902943 0.867706 1.07141 0.800189 0.763708 1.22261 0.675048 0.630128 0.593336 0.564845 0.586176 0.521866 0.497902 0.909231 0.852771 0.456334 0.444444 0.443736 0.891245 0.442951 0.422135 0.358137 0.344163 0.457926
threshold=3.5000000000000004 6.3656501350523191 425.50000000000006 400.50000000000006 9.5000000000000018 17.325652384954012 656.50000000000011 0.69345791690359404 542.50000000000011 0.81881597012293439 37.350000000000001 71.285307961374045 -0.99466160899732459 7.1500000000000012 56.166383372201864 -0.89388548498445497 0.34156760613242348 36.550000000000004 0.34156760613242348 761.50000000000011 66.709517352209176 0.99164058729498161 0.80483628466421664 -0.83352489619613901 20.723420597630057 -0.15430310492919541 382.50000000000006 32.150000000000013 841.00000000000011 742.50000000000011
decision_type=2 2 2 2 2 2 2 2 2 2 2 2 2 2 2 2 2 2 2 2 2 2 2 2 2 2 2 2 2 2
left_child=1 -1 3 14 -5 -6 7 8 23 10 11 -8 -11 18 26 16 17 -15 -14 -20 -21 -9 -12 24 25 -4 -2 -10 29 -17
right_child=2 -3 6 4 5 -7 9 21 27 12 22 -13 13 15 -16 28 -18 -19 19 20 -22 -23 -24 -25 -26 -27 -28 -29 -30 -31
leaf_value=0 1.9886373217050606e-06 0 -0.0014089112444674911 0.0001074701806727274 -0.0010325490070810081 -0.014900490269902839 -0.005734327264365284 0.013390307683615842 -0.019858344776231131 -0.0021747291671373038 0.00043582561294021999 -0.0015969789974629265 0.0013420896171912539 -0.0021589028031475882 -0.00095238952420090392 0.00010006053773608281 -0.0059945267244940143 0.00045496369662958726 -0.025815374349168415 0.0037765764832481761 -0.0011716376174235534 -0.02541280746837335 -0.0034897080839840764 0.0019944840040433086 -0.0013480029610513809 0.01083117002232991 0.032457223053628803 -0.0078796712985808592 -2.3878773337281179e-05 0.023799060072810393
leaf_weight=3271 1647 22 20 45 24 37 26 487 21 48 25 31 86 20 29 137 22 142 26 46 31 35 20 216 23 46 62 25 104 253
leaf_count=3271 1647 22 20 45 24 37 26 487 21 48 25 31 86 20 29 137 22 142 26 46 31 35 20 216 23 46 62 25 104 253
internal_value=-0.0208432 -0.0448482 0.000326728 -0.000260303 -0.00490566 -0.00893443 0.000899471 0.00207904 0.000156695 -0.000113077 -0.00431373 -0.00815789 0.000355191 0.000674741 2.30151e-05 0.00138643 -0.000978261 6.17286e-05 -0.00187831 -0.0042233 -0.00149351 0.00337165 0.000555556 0.00122951 -0.00174157 0.00121212 0.000143359 -0.00695652 0.00226721 0.00294872
internal_weight=7027 3293 3734 1844 106 61 1890 873 351 1017 102 57 915 867 1738 678 184 162 189 103 77 522 45 305 89 66 1709 46 494 390
internal_count=7027 3293 3734 1844 106 61 1890 873 351 1017 102 57 915 867 1738 678 184 162 189 103 77 522 45 305 89 66 1709 46 494 390
is_linear=0
shrinkage=0.05


Tree=267
num_leaves=31
num_cat=0
split_feature=0 14 12 5 15 3 3 3 5 6 12 12 6 10 1 6 11 12 1 1 2 11 4 3 11 13 18 10 4 14
split_gain=1417.41 4.51509 0.762554 1.23475 0.855807 0.579489 1.69401 0.870661 0.64293 0.473938 1.19611 0.545769 0.500569 0.488487 0.422908 0.759252 0.717535 0.576461 0.604221 0.980736 0.880726 0.566679 0.711273 0.72703 1.0977 0.658747 0.716966 0.805713 0.488491 0.477595
threshold=3.5000000000000004 6.3656501350523191 119.75765688221237 14.500000000000002 59.908329373762051 36.650000000000013 35.050000000000004 35.550000000000004 18.500000000000004 3.5000000000000004 288.98528488612806 290.10641893568339 1.0000000180025095e-35 -0.9993703818063705 51.100000000000009 21.500000000000004 37.067659101532449 284.91521471611526 337.15000000000003 363.80000000000001 231.50000000000003 40.722444412494873 13.950000000000001 34.250000000000007 49.011557188515063 0.83022583043872433 53.200842819941009 -0.16705162550211936 21.750000000000004 41.716238353717685
decision_type=2 2 2 2 2 2 2 2 2 2 2 2 2 2 2 2 2 2 2 2 2 2 2 2 2 2 2 2 2 2
left_child=1 -1 3 -2 5 6 8 -8 -5 10 12 13 -4 -11 15 -15 -17 18 29 20 -20 28 25 -24 -25 26 -23 -28 -21 -16
right_child=2 -3 9 4 -6 -7 7 -9 -10 11 -12 -13 -14 14 17 16 -18 -19 19 21 -22 22 23 24 -26 -27 27 -29 -30 -31
leaf_value=0 -0.0057820810777468867 0 0.00065095677753082819 -0.00025849176249613314 -0.0012269309832123167 0.0021776991453358835 -0.0021789331596800995 -0.0034345840513016141 4.0112916105740866e-06 -0.0013474706478104935 -9.4353457933891053e-05 0.00022858119239607249 0.0040509499485387032 -0.00015709562010707224 0.00021389863892430541 1.6118615950711806e-05 -0.0014380109299711591 -0.00078710974108882272 -0.0064460492771018733 0.0055220653608277076 -0.00023711338186590853 0.00011673808765273685 0.033456807614550076 -0.0017137377713676847 0.00035311801814154879 -0.00054410435385465815 -0.0051836920620860214 -0.011686676740627856 -0.0012699687283933732 0.040934649886490246
leaf_weight=3271 32 22 759 22 28 78 27 40 883 25 30 55 181 22 311 129 37 37 28 195 34 30 94 22 141 299 20 27 20 128
leaf_count=3271 32 22 759 22 28 78 27 40 883 25 30 55 181 22 311 129 37 37 28 195 34 30 94 22 141 299 20 27 20 128
internal_value=-0.0209357 -0.0448482 0.000152651 -0.000945946 -0.000658627 -0.000428571 -0.000761317 -0.00843284 -0.00019337 0.000617378 0.00149485 0.000102781 0.00180851 -6.56659e-05 4.44729e-05 -0.00218085 -0.0010241 0.000346321 0.000515197 -0.00021978 -0.00629032 0.000224057 -0.000529226 0.00149805 -0.000521472 -0.00191489 -0.00603896 -0.00989362 0.00244186 0.00203872
internal_weight=7027 3293 3734 1110 1078 1050 972 67 905 2624 970 1654 940 1599 1574 188 166 1386 1349 910 62 848 633 257 163 376 77 47 215 439
internal_count=7027 3293 3734 1110 1078 1050 972 67 905 2624 970 1654 940 1599 1574 188 166 1386 1349 910 62 848 633 257 163 376 77 47 215 439
is_linear=0
shrinkage=0.05


Tree=268
num_leaves=31
num_cat=0
split_feature=0 14 14 16 16 4 4 17 1 6 4 12 1 16 0 15 2 12 3 0 0 10 9 5 12 11 4 2 6 17
split_gain=1412.36 4.51509 0.628163 0.615357 0.640623 0.882618 0.701172 0.622241 0.573987 1.79656 1.07836 1.05414 0.768233 1.07429 0.761602 0.82293 0.747032 0.713296 0.735859 0.855973 0.866667 0.66531 0.832576 0.664666 0.608213 0.529587 0.480815 0.607477 0.549859 1.00278
threshold=3.5000000000000004 6.3656501350523191 58.89713035714562 22.807548914874378 23.740307131660245 10.050000000000002 15.750000000000002 31.178353161118228 333.15000000000003 35.500000000000007 7.0500000000000007 100.51424350395793 541.05000000000007 16.62392011133856 447.50000000000006 56.166383372201864 144.50000000000003 265.28202921755457 36.050000000000004 628.50000000000011 422.50000000000006 0.64532420896511999 0.93836870211866363 57.500000000000007 119.75765688221237 59.824572479700599 12.050000000000002 25.500000000000004 16.500000000000004 28.882185783662447
decision_type=2 2 2 2 2 2 2 2 2 2 2 2 2 2 2 2 2 2 2 2 2 2 2 2 2 2 2 2 2 2
left_child=1 -1 8 -4 5 7 -7 -5 14 12 -11 -12 13 -10 15 26 21 18 19 20 -13 22 -15 -23 -14 -6 27 28 29 -2
right_child=2 -3 3 4 25 6 -8 -9 9 10 11 17 24 16 -16 -17 -18 -19 -20 -21 -22 23 -24 -25 -26 -27 -28 -29 -30 -31
leaf_value=0 -0.00015869661508165659 0 0.0012289754435800462 -0.00076870078827985294 0.0055820215952882965 0.013398588899784859 -0.0029077648482094226 -0.023782261003720336 -0.0036135879152946176 0.0012465363166278506 -0.0016585252594893839 -0.0018689326475344833 -0.013264180189953257 -0.0014629423475153083 0.068428023417601777 -0.0043653656162004418 0.00019536520689510627 -0.005795717235796553 0.00028192809493766518 -0.0057619462001563884 0.00018132283396397303 0.010215792142380288 0.00032294939321613272 -0.00038444766287997585 0.023327551285490106 -0.0059296763008995709 -2.078430008685319e-05 0.00023485897730389797 7.7389108967032501e-05 7.9203085615328311e-05
leaf_weight=3271 40 22 807 20 112 43 32 26 34 47 20 30 25 47 99 36 401 21 42 37 48 31 23 22 202 24 884 478 71 32
leaf_count=3271 40 22 807 20 112 43 32 26 34 47 20 30 25 47 99 36 401 21 42 37 48 31 23 22 202 24 884 478 71 32
internal_value=-0.0209784 -0.0448482 7.23087e-05 0.00109962 -0.00103113 -0.00367769 -0.000333333 -0.00913043 -0.000337078 -0.00126214 -0.005 -0.00661616 -9.55412e-05 -0.00109319 0.000243903 -2.92016e-05 -0.000534351 -0.00539326 -0.00423567 -0.00630435 -0.00333333 -0.00394309 -0.00714286 0.000283019 0.00235683 0.00132353 0.000149502 0.00121578 -0.00164336 -0.00472222
internal_weight=7027 3293 3734 1064 257 121 75 46 2670 1030 245 198 785 558 1640 1541 524 178 157 115 78 123 70 53 227 136 1505 621 143 72
internal_count=7027 3293 3734 1064 257 121 75 46 2670 1030 245 198 785 558 1640 1541 524 178 157 115 78 123 70 53 227 136 1505 621 143 72
is_linear=0
shrinkage=0.05


Tree=269
num_leaves=31
num_cat=0
split_feature=0 14 1 11 16 9 15 1 6 15 10 2 15 4 17 16 10 4 0 4 18 17 16 1 9 15 4 2 6 17
split_gain=1417.41 4.51509 0.581351 0.861171 1.18555 0.682078 0.669262 0.633447 0.836117 1.3767 1.83796 0.980069 1.14526 0.896821 1.1706 0.892701 1.28054 1.08754 0.830155 0.726956 0.681818 0.679042 0.660613 0.5625 0.472912 0.414082 0.404022 0.623454 0.549859 1.00278
threshold=3.5000000000000004 6.3656501350523191 574.1500000000002 67.284130123786298 21.823300973071337 -0.99466160899732459 70.548486108421613 337.15000000000003 35.500000000000007 52.386460151817936 -0.94695267581281539 256.50000000000006 37.395282774685796 5.2500000000000009 31.377959158067679 19.435788584920697 -0.49749486057528974 17.650000000000002 447.50000000000006 15.450000000000001 36.906415671766375 32.180017565320156 16.62392011133856 469.60000000000008 0.99906486341235867 56.524021905538639 12.050000000000002 25.500000000000004 16.500000000000004 28.882185783662447
decision_type=2 2 2 2 2 2 2 2 2 2 2 2 2 2 2 2 2 2 2 2 2 2 2 2 2 2 2 2 2 2
left_child=1 -1 7 5 -5 6 -4 18 13 10 -10 12 20 23 22 -11 17 -17 25 -14 -12 -16 -15 -9 -7 26 27 28 29 -2
right_child=2 -3 3 4 -6 24 -8 8 9 15 11 -13 19 14 21 16 -18 -19 -20 -21 -22 -23 -24 -25 -26 -27 -28 -29 -30 -31
leaf_value=0 -0.00015076178432757456 0 0.0030818436807342076 0.010843377895898695 -0.0037735063747468024 0.0054837643779219189 -0.016979824462397836 -7.458607268962066e-05 -0.0017798110086419006 0.0026512578489763725 -0.001704719938082978 0.0070048987693686815 -0.0023213128951625954 -0.002280796054664152 -0.0023755728548711763 -0.012534246661311119 0.0047195240928104253 -0.0012300238697917111 0.069060559126796192 -0.0055059314476642784 0.0031094938502701473 0.00066686113158116451 0.00028439994471811928 -0.0017702056449264052 -0.0040999607180352508 -0.0053583094736276132 -1.8964741662513769e-05 0.00022554544479966862 7.3519653518680874e-05 7.5242931334559761e-05
leaf_weight=3271 40 22 31 29 21 658 29 32 22 69 20 31 37 37 34 23 65 33 115 21 24 27 756 32 27 34 899 485 71 32
leaf_count=3271 40 22 31 29 21 658 29 32 22 69 20 31 37 37 34 23 65 33 115 21 24 27 756 32 27 34 899 485 71 32
internal_value=-0.0209357 -0.0448482 0.000152651 0.0013522 -0.005 0.00177852 -0.00333333 -0.000171827 -0.00101742 -0.00311594 -0.0066129 -0.0043985 -0.00676471 -0.000228758 0.000199063 -0.000263158 -0.00285124 -0.00839286 0.000465394 -0.0113793 -0.000681818 -0.00647541 0.000712484 -0.0059375 0.00222628 0.000163357 0.000284872 0.00125796 -0.00164336 -0.00472222
internal_weight=7027 3293 3734 795 50 745 60 2939 1263 345 155 133 102 918 854 190 121 56 1676 58 44 61 793 64 685 1561 1527 628 143 72
internal_count=7027 3293 3734 795 50 745 60 2939 1263 345 155 133 102 918 854 190 121 56 1676 58 44 61 793 64 685 1561 1527 628 143 72
is_linear=0
shrinkage=0.05


Tree=270
num_leaves=31
num_cat=0
split_feature=0 14 1 1 4 13 1 6 18 10 10 12 0 13 13 10 1 16 16 2 14 12 16 14 4 4 12 3 0 18
split_gain=1417.41 4.51509 0.498857 0.538414 0.857073 0.55093 0.464126 1.19111 1.60116 1.54348 1.25407 1.02307 0.794306 0.75594 0.95335 0.709264 0.80667 0.622241 0.587632 0.56147 0.894422 0.543888 1.11022 0.849349 0.533333 0.509085 0.629223 0.629707 0.622761 0.962687
threshold=3.5000000000000004 6.3656501350523191 673.40000000000009 720.25000000000011 4.7500000000000009 0.9558638848058455 337.15000000000003 35.500000000000007 49.932353608097806 -0.83352489619613901 0.65837719692149965 150.52620124561747 447.50000000000006 0.35634674870039701 0.31370912961388087 -0.23449138957041016 460.55000000000007 23.342973442004695 19.502642845175668 237.50000000000003 50.303189625999103 122.75675273136339 24.086954932704355 49.93173721722011 16.850000000000005 6.6500000000000012 250.61276513246273 41.850000000000001 542.50000000000011 37.455573811416436
decision_type=2 2 2 2 2 2 2 2 2 2 2 2 2 2 2 2 2 2 2 2 2 2 2 2 2 2 2 2 2 2
left_child=1 -1 6 -4 -5 -6 12 13 9 -9 24 19 -2 14 -8 16 -13 -16 -18 -10 -21 22 -15 -23 -11 -25 -27 28 29 -28
right_child=2 -3 3 4 5 -7 7 8 11 10 -12 15 -14 21 17 -17 18 -19 -20 20 -22 23 -24 25 -26 26 27 -29 -30 -31
leaf_value=0 8.1820709779626657e-06 0 0.014988807252065804 -0.020141858103225725 -0.0045085121042401314 0.013445192341601943 0.0023565584413534138 -0.01078111077712937 -0.015582261584705097 0.00069787693409309763 -0.0037261630216465546 0.0042573192580759164 0.065607531170456354 -9.3204886539313122e-05 -0.0017687414364381912 0.013230665869435302 0.0029136753780203734 -7.4757305214129662e-05 -0.015852353203710378 0.00060233100189317941 -0.0016468903132773377 0.0045660801694352646 -0.0049147054901908108 -0.0016787100623568852 -0.003891872616322302 0.0068754346328164743 -0.0017811949776487214 0.0006058792881744701 -0.0012488070619624061 0.041828253220875522
leaf_weight=3271 1561 22 209 20 40 89 25 28 41 40 23 49 115 292 26 100 23 20 38 34 35 141 24 110 20 403 24 79 82 43
leaf_count=3271 1561 22 209 20 40 89 25 28 41 40 23 49 115 292 26 100 23 20 38 34 35 141 24 110 20 403 24 79 82 43
internal_value=-0.0209357 -0.0448482 0.000152651 0.00192737 -0.000369127 0.00112403 -3.55448e-05 -0.000617647 -0.00288863 -0.00806306 -0.00463855 -0.00109375 0.000554893 0.000153664 -0.00485915 0.000952381 -0.00181818 -0.00913043 -0.00565574 -0.005 -0.00224638 0.000450751 -0.00132911 0.00108844 -0.000833333 0.000411606 0.000958796 -0.00114035 -0.00305369 0.000522388
internal_weight=7027 3293 3734 358 149 129 3376 1700 431 111 83 320 1676 1269 71 210 110 46 61 110 69 1198 316 882 60 741 631 228 149 67
internal_count=7027 3293 3734 358 149 129 3376 1700 431 111 83 320 1676 1269 71 210 110 46 61 110 69 1198 316 882 60 741 631 228 149 67
is_linear=0
shrinkage=0.05


Tree=271
num_leaves=31
num_cat=0
split_feature=0 14 0 13 13 5 0 0 9 10 16 17 2 4 12 18 1 5 17 12 14 2 2 6 5 3 7 15 1 2
split_gain=1425.02 4.51509 0.611493 1.63192 1.12838 0.787202 0.783508 1.52158 0.54389 0.755221 0.885042 0.695858 0.667171 0.570991 0.646679 0.52003 0.73651 0.50616 0.611959 0.528643 0.5 0.64 0.490336 0.682795 0.764083 0.633609 0.92308 0.581412 0.870827 0.509291
threshold=3.5000000000000004 6.3656501350523191 659.50000000000011 0.70952064336372855 0.81881597012293439 9.5000000000000018 542.50000000000011 560.50000000000011 -0.99466160899732459 -0.35768498937424864 21.730711020853843 20.974846503015574 288.50000000000006 11.850000000000003 168.61458084558237 45.511762128286534 513.35000000000002 20.500000000000004 32.172648404205525 275.50409068864644 71.285307961374045 284.50000000000006 168.50000000000003 97.500000000000014 37.500000000000007 32.850000000000001 0.60355339059327384 42.139578162699813 193.10000000000005 143.50000000000003
decision_type=2 2 2 2 2 2 2 2 2 2 2 2 2 2 2 2 2 2 2 2 2 2 2 2 2 2 2 2 2 2
left_child=1 -1 3 6 5 -4 15 -8 -6 10 11 -10 -12 14 -11 16 17 18 19 -2 21 -7 29 25 -25 -24 -27 28 -26 -19
right_child=2 -3 4 -5 8 20 7 -9 9 13 12 -13 -14 -15 -16 -17 -18 22 -20 -21 -22 -23 23 24 27 26 -28 -29 -30 -31
leaf_value=0 0.00055050180850724337 0 0.00032678462459769582 0.0056771919493835317 -0.0023747506108216169 -0.0065661984886034377 -0.018300422919432398 0.00035668567552315155 -0.0027757897771711853 -0.0026850510095211195 -0.0099937132110967091 4.4409177245807949e-06 -0.00014609343846546977 0.055705075771533087 0.0036984831954680348 0.014325804371076778 -0.0035205662010393208 -8.9886818998735092e-06 -0.00052573643530022789 2.4352330443271034e-06 -0.0022558944028388916 -0.0011352898313281839 0.0005470124154380179 -0.0021151042271181754 -0.0015772259126328823 0.00018151762038316467 -0.0031761411108630852 0.0087840985570122772 0.0007396095011102798 0.00064898235053586703
leaf_weight=3271 221 22 21 536 48 25 21 41 21 75 33 404 31 157 138 123 32 982 37 164 30 20 95 38 27 120 62 30 26 176
leaf_count=3271 221 22 21 536 48 25 21 41 21 75 33 404 31 157 138 123 32 982 37 164 30 20 95 38 27 120 62 30 26 176
internal_value=-0.0208716 -0.0448482 0.000273166 0.00066093 -0.000782652 -0.0059375 5.69478e-05 -0.00548387 -0.000237045 5.23867e-05 -0.00123722 -0.000411765 -0.00671875 0.00175676 7.04227e-05 0.000218003 2.48758e-05 0.000146613 0.00168246 0.00227273 -0.00833333 -0.0116667 -0.000269923 -0.00178392 -0.00491736 -0.000415162 -0.00214286 -0.00222892 -0.00537736 0.000250432
internal_weight=7027 3293 3734 2731 1003 96 2195 62 907 859 489 425 64 370 213 2133 2010 1978 422 385 75 45 1556 398 121 277 182 83 53 1158
internal_count=7027 3293 3734 2731 1003 96 2195 62 907 859 489 425 64 370 213 2133 2010 1978 422 385 75 45 1556 398 121 277 182 83 53 1158
is_linear=0
shrinkage=0.05


Tree=272
num_leaves=31
num_cat=0
split_feature=0 14 14 0 0 3 2 1 11 10 16 1 13 13 5 1 9 15 0 0 14 4 11 16 1 13 1 1 14 9
split_gain=1425.02 4.51509 0.410634 0.523632 0.84071 0.455632 0.378432 0.53972 0.340368 0.926817 0.6294 0.562542 0.496505 0.757978 0.563333 0.351912 0.399119 0.428617 0.3009 1.02709 0.744974 0.646089 0.573358 0.515098 0.577361 0.484643 0.892906 1.31421 0.455764 0.558101
threshold=3.5000000000000004 6.3656501350523191 75.235558279728778 841.00000000000011 855.50000000000011 27.650000000000002 195.50000000000003 652.00000000000011 78.404846569963695 -0.93533330245768853 19.539191340334892 467.85000000000008 0.93140227961936639 0.91542846096778596 35.500000000000007 733.9000000000002 -0.99273952934267318 66.993463912288505 457.50000000000006 611.50000000000011 37.382322533017664 10.750000000000002 30.97460389582076 21.188289925895575 645.70000000000016 0.53097657059921222 327.75000000000006 111.65000000000002 58.677961166754038 0.19244979981841034
decision_type=2 2 2 2 2 2 2 2 2 2 2 2 2 2 2 2 2 2 2 2 2 2 2 2 2 2 2 2 2 2
left_child=1 -1 3 8 -5 -4 -7 -8 12 10 11 -10 13 18 -15 16 -14 -18 22 -20 -21 23 -2 -22 -25 -24 27 -27 -23 -30
right_child=2 -3 5 4 -6 6 7 -9 9 -11 -12 -13 15 14 -16 -17 17 -19 19 20 21 28 25 24 -26 26 -28 -29 29 -31
leaf_value=0 8.6918344849056846e-06 0 0.058701175446575674 -0.0063125852747456098 -8.3986040118610913e-05 -0.022571272908240365 -0.0018529100271488725 0.007375756130876588 0.0070745478181494835 -0.0026167967901813676 0.031331495129141358 -0.010570259343741055 -0.0026163367048092799 -9.6057852160486468e-05 -0.015960821100748319 -0.0018808623847546707 0.0014633455923666911 0.053181863202480389 0.0042450599701982809 -0.0049520840456565357 3.1414549337537571e-06 0.00098219191231474208 -8.9613275303595022e-05 -0.018595088852637619 0.00094303032851724843 -0.0068018662216329439 -0.013869008064863346 0.0050324393254715669 -0.00058646523631330051 0.00034668929143023272
leaf_weight=3271 1546 22 114 24 62 24 25 89 26 30 38 20 22 30 20 22 191 137 511 35 68 137 256 40 21 21 47 53 57 68
leaf_count=3271 1546 22 114 24 62 24 25 89 26 30 38 20 22 30 20 22 191 137 511 35 68 137 256 40 21 21 47 53 57 68
internal_value=-0.0208716 -0.0448482 0.000273166 0.000132108 -0.00372093 0.00222222 0.000289855 0.00149123 0.000229682 -0.00245614 0.000238095 -0.00369565 0.000322974 0.000103093 -0.006 0.00204301 0.00242857 0.00286585 0.00020979 0.000944504 -0.000868544 -0.000242967 -0.000148206 -0.00313953 -0.00647541 -0.00189655 -0.00450413 -0.00108108 0.00118321 -0.001
internal_weight=7027 3293 3734 3482 86 252 138 114 3396 114 84 46 3282 2910 50 372 350 328 2860 937 426 391 1923 129 61 377 121 74 262 125
internal_count=7027 3293 3734 3482 86 252 138 114 3396 114 84 46 3282 2910 50 372 350 328 2860 937 426 391 1923 129 61 377 121 74 262 125
is_linear=0
shrinkage=0.05


Tree=273
num_leaves=31
num_cat=0
split_feature=0 14 11 6 0 4 13 3 0 0 0 15 15 10 4 14 3 0 1 17 1 1 6 10 1 1 7 1 16 18
split_gain=1423.33 4.51509 0.477058 1.01641 0.686738 0.693132 0.457751 0.600239 0.517716 0.653267 0.570252 1.1129 1.04795 1.25826 0.885978 1.15073 0.778916 0.770774 1.11394 0.645283 0.59292 0.467404 1.38413 0.851111 1.03018 0.785506 0.7366 0.745095 0.793881 0.923658
threshold=3.5000000000000004 6.3656501350523191 77.134341572344184 87.500000000000014 818.50000000000011 22.450000000000003 0.95890541068206059 40.350000000000001 841.00000000000011 793.50000000000011 676.50000000000011 58.539052000567821 53.316690557036331 0.98927755889796032 10.250000000000002 56.862281786047454 36.150000000000013 719.50000000000011 622.75000000000011 25.826855135385106 105.80000000000003 337.15000000000003 35.500000000000007 -0.94695267581281539 359.80000000000001 469.60000000000008 0.60355339059327384 450.65000000000003 20.874797953484293 25.824720088530508
decision_type=2 2 2 2 2 2 2 2 2 2 2 2 2 2 2 2 2 2 2 2 2 2 2 2 2 2 2 2 2 2
left_child=1 -1 6 4 -4 -6 8 -8 9 10 12 -12 21 20 15 -13 -17 18 -16 -19 -14 -2 26 -24 -25 -26 27 28 -23 -30
right_child=2 -3 3 -5 5 -7 7 -9 -10 -11 11 14 13 -15 17 16 -18 19 -20 -21 -22 22 23 24 25 -27 -28 -29 29 -31
leaf_value=0 1.1319590315796316e-05 0 0.011063570794496191 -0.0021181405988649027 -0.0041815978665356805 0.0035310402164582966 0.008449706130736449 -0.0044146871598961298 -0.0063469672583410693 0.015931180029618183 0.00031899943060853612 -0.010454207570075636 -0.0016169243257066564 -0.10538440773568303 0.00089515876970392382 -0.006727453943857562 0.00059897696830850855 -0.0010432593420453625 -0.013864301865261656 0.0078023709372106401 0.023868563300411996 0.0027089656971100639 -0.0011655463060795345 -0.014393558310320499 3.7820984755791804e-05 -0.003691929822083221 -0.00048480846153078628 0.001349611680850355 0.00039518231034967982 -0.0081185404903956482
leaf_weight=3271 1564 22 78 28 30 26 373 23 25 70 96 26 29 21 24 35 38 27 23 103 375 106 20 21 74 34 167 217 37 44
leaf_count=3271 1564 22 78 28 30 26 373 23 25 70 96 26 29 21 24 35 38 27 23 103 375 106 20 21 74 34 167 217 37 44
internal_value=-0.0208859 -0.0448482 0.000246385 -0.00240741 -0.000597015 -0.00482143 0.000366741 0.0019697 0.000166877 0.000223739 0.000115223 -0.00172043 0.000367294 0.00264706 -0.00333333 -0.00712121 -0.00390411 -0.00121469 -0.00670213 0.000769231 0.00326733 -5.69175e-05 -0.00111111 -0.00540268 -0.00391473 -0.00194444 8.75675e-06 0.00116337 -0.00114973 -0.00487654
internal_weight=7027 3293 3734 162 134 56 3572 396 3176 3151 3081 372 2709 425 276 99 73 177 47 130 404 2284 720 149 129 108 571 404 187 81
internal_count=7027 3293 3734 162 134 56 3572 396 3176 3151 3081 372 2709 425 276 99 73 177 47 130 404 2284 720 149 129 108 571 404 187 81
is_linear=0
shrinkage=0.05


Tree=274
num_leaves=31
num_cat=0
split_feature=0 14 10 1 6 16 3 10 17 0 14 16 14 0 4 4 15 14 0 13 5 18 1 5 5 5 2 14 14 18
split_gain=1419.95 4.51509 0.483847 0.747888 1.25097 1.03681 1.0668 0.855154 0.792028 0.660555 0.841021 0.799698 0.801043 0.635596 0.599407 1.5438 0.65844 1.33166 0.554174 0.673052 0.563333 0.532574 0.56708 1.13575 0.556097 0.935459 0.767606 0.474194 0.609524 0.514456
threshold=3.5000000000000004 6.3656501350523191 -0.48248986924805465 318.25000000000006 25.500000000000004 20.357998365372307 35.350000000000001 -0.66483077113278999 27.557645066419841 842.50000000000011 56.862281786047454 22.647110033780503 73.85281763651237 442.50000000000006 13.250000000000002 12.350000000000003 59.908329373762051 60.762895483759443 654.50000000000011 0.91542846096778596 21.500000000000004 55.284557033457524 493.35000000000008 41.500000000000007 61.500000000000007 73.500000000000014 43.500000000000007 42.414992503432856 48.812153425824789 60.973719242436857
decision_type=2 2 2 2 2 2 2 2 2 2 2 2 2 2 2 2 2 2 2 2 2 2 2 2 2 2 2 2 2 2
left_child=1 -1 3 13 8 7 -7 27 14 10 18 -11 -13 -2 15 16 -5 -18 21 20 -20 22 24 -24 -4 26 -26 -6 -29 -30
right_child=2 -3 9 4 5 6 -8 -9 -10 11 -12 12 -14 -15 -16 -17 17 -19 19 -21 -22 -23 23 -25 25 -27 -28 28 29 -31
leaf_value=0 3.9614798673885027e-06 0 7.2744497172512137e-05 0.00043929315412519318 -0.00747292290206649 -0.00091226848030033958 -0.0062246687090518381 0.021196018913967798 -0.0028969492228690316 0.0071913797109524613 0.003932907191717256 -0.0027903762906670254 -0.0018694278821206991 0.08463519975112288 0.00042551439220100745 -0.0057562493598972558 -0.003279652266308589 0.0047434114572850825 -0.0053093355998205839 -0.014800284012219424 0.0043968631211680556 0.034858287782465081 -0.0040735228112761621 0.0016319317753701547 -0.00079741211473451611 0.00011167607292968732 -0.00029393017172742804 0.00089980443310634585 -7.1217201085491011e-05 -0.0023183793759533103
leaf_weight=3271 827 22 752 88 30 27 23 29 61 29 688 20 39 74 328 24 25 43 20 21 30 172 30 32 37 97 63 20 56 49
leaf_count=3271 827 22 752 88 30 27 23 29 61 29 688 20 39 74 328 24 25 43 20 21 30 172 30 32 37 97 63 20 56 49
internal_value=-0.0209143 -0.0448482 0.000192823 -0.000428404 -0.00153798 -0.00461538 -0.011 -0.00288043 -0.000272408 0.000714286 0.000906282 -0.00352273 -0.00686441 0.000560489 0.000374016 -0.00194444 -0.000128205 -0.00382353 0.000135566 -0.00415493 -0.001 0.000393069 -4.45102e-05 -0.00467742 0.000258167 -0.0021066 -0.0055 -0.00435484 -0.003 -0.00452381
internal_weight=7027 3293 3734 1704 803 234 50 184 569 2030 1942 88 59 901 508 180 156 68 1254 71 50 1183 1011 62 949 197 100 155 125 105
internal_count=7027 3293 3734 1704 803 234 50 184 569 2030 1942 88 59 901 508 180 156 68 1254 71 50 1183 1011 62 949 197 100 155 125 105
is_linear=0
shrinkage=0.05


Tree=275
num_leaves=31
num_cat=0
split_feature=0 14 0 0 13 5 6 6 0 0 4 2 6 2 15 4 0 16 15 4 10 18 4 9 11 1 4 6 14 12
split_gain=1429.25 4.51509 0.552383 1.13821 1.13315 1.12702 0.806688 1.04198 0.727733 0.575146 0.637111 0.654783 0.617597 1.02737 1.71327 0.774915 0.552002 0.659314 0.86745 0.568436 0.625058 1.11054 1.33772 0.773689 0.758906 0.637121 0.615751 0.521925 0.507106 0.498819
threshold=3.5000000000000004 6.3656501350523191 656.50000000000011 706.50000000000011 0.71293851168443745 15.500000000000002 4.5000000000000009 53.500000000000007 542.50000000000011 472.50000000000006 20.150000000000002 279.50000000000006 55.500000000000007 235.50000000000003 26.432611640008229 23.850000000000005 841.00000000000011 21.730711020853843 78.802865643448854 16.250000000000004 -0.58427653070765284 63.800001184752524 10.350000000000003 -0.99466160899732459 49.011557188515063 751.50000000000011 12.65 41.500000000000007 56.862281786047454 285.74967736295599
decision_type=2 2 2 2 2 2 2 2 2 2 2 2 2 2 2 2 2 2 2 2 2 2 2 2 2 2 2 2 2 2
left_child=1 -1 4 5 8 -4 -7 -8 9 10 11 -2 29 14 15 -14 19 -18 -19 20 21 26 -23 -22 25 -25 -5 -10 -26 -12
right_child=2 -3 3 16 -6 6 7 -9 27 -11 12 -13 13 -15 -16 -17 17 18 -20 -21 23 22 -24 24 28 -27 -28 -29 -30 -31
leaf_value=0 2.3814839774941557e-05 0 -0.0044145427036683159 0.0010783464376490665 0.0083610758388236572 0.0004203325372280789 -0.0029592708476956432 0.00071082707868716077 -0.0004779250498127167 0.0078051222357842899 3.1176385457264327e-05 -0.0010329468327146 -0.0010320857448600979 0.01764259095759188 -0.0059399722231927715 0.00060362393642441822 0.0023636044256402991 -0.0062312218918106855 0.00019295363272522938 0.0038801009217632148 -0.010791599992011519 -0.0049707718125538616 -0.0023806849568830052 -0.023746502353716323 -0.0026055053402300543 0.064487689046217975 -0.0013316122717382528 -0.01187733266224184 0.0093454614732195202 -7.6902462597303322e-05
leaf_weight=3271 1573 22 39 70 509 59 55 46 46 182 182 36 42 22 20 34 50 52 42 241 24 25 36 24 33 20 21 26 180 45
leaf_count=3271 1573 22 39 70 509 59 55 46 46 182 182 36 42 22 20 34 50 52 42 241 24 25 36 24 33 20 21 26 180 45
internal_value=-0.0208361 -0.0448482 0.000340118 -0.000653884 0.000712183 -0.00404523 -0.0021875 -0.00490099 0.00022192 0.000388577 0.000138178 0.000556246 -0.00181159 -0.00474576 -0.00697917 -0.00355263 0.000171149 -0.00263889 -0.00510638 0.000771514 -0.000311778 -0.00289474 -0.00811475 0.00108541 0.00188716 -0.00409091 0.000604396 -0.00472222 0.00312207 -0.000286343
internal_weight=7027 3293 3734 1017 2717 199 160 101 2208 2136 1954 1609 345 118 96 76 818 144 94 674 433 152 61 281 257 44 91 72 213 227
internal_count=7027 3293 3734 1017 2717 199 160 101 2208 2136 1954 1609 345 118 96 76 818 144 94 674 433 152 61 281 257 44 91 72 213 227
is_linear=0
shrinkage=0.05


Tree=276
num_leaves=31
num_cat=0
split_feature=0 14 10 1 6 16 1 4 4 0 16 3 12 9 2 6 17 13 12 1 10 2 12 16 1 3 12 2 4 1
split_gain=1429.25 4.51509 0.531583 0.738264 1.03345 0.966727 0.824142 0.788122 2.29204 0.604214 0.526176 0.615681 0.559582 1.60535 0.488841 0.487883 0.694726 0.452174 0.367521 0.887015 1.41718 0.345701 0.567807 1.02418 0.912383 0.58134 0.425306 0.459385 0.327207 0.61146
threshold=3.5000000000000004 6.3656501350523191 -0.48248986924805465 318.25000000000006 87.500000000000014 20.388504584243982 398.60000000000008 13.250000000000002 12.65 442.50000000000006 21.730711020853843 38.750000000000007 96.763477727683451 0.32533907195844747 324.50000000000006 36.500000000000007 27.462822971875305 0.9531255769983531 121.21800987321011 513.35000000000002 -0.20089055513063514 111.50000000000001 107.9481807936529 22.203956883543508 61.70000000000001 27.150000000000002 104.12839838725431 165.50000000000003 11.550000000000002 269.35000000000008
decision_type=2 2 2 2 2 2 2 2 2 2 2 2 2 2 2 2 2 2 2 2 2 2 2 2 2 2 2 2 2 2
left_child=1 -1 3 9 7 6 -6 8 14 28 12 -12 13 -9 15 16 -5 -8 19 21 -21 22 23 24 -4 -26 -23 -28 -2 -30
right_child=2 -3 18 4 5 -7 17 10 -10 -11 11 -13 -14 -15 -16 -17 -18 -19 -20 20 -22 26 -24 -25 25 -27 27 -29 29 -31
leaf_value=0 6.6155735735269657e-05 0 0.00019198351422015813 9.7396384223996072e-05 -0.0031930744321579498 -0.0062417657673303614 0.0014887251572060823 0.0013047117468669785 -0.0023742150806827711 0.080402249021577651 0.001303983094531192 -0.0091147958734445738 0.00069989383664815293 -0.005679354314891338 -0.004473880902609341 -0.009035695467723516 -0.0055318793291561086 -9.8338605513279239e-05 0.00025374899697019844 0.000276683134925188 -0.0037711117083478944 0.0026918147226027579 0.00022222130588176646 0.00014340054765510301 -0.00030447107602648335 -0.0025909887797550884 0.00072009916537532355 -0.0021488640966874305 -2.6185161289833168e-05 0.015074249671723203
leaf_weight=3271 238 22 20 160 30 22 26 39 21 74 27 28 331 30 22 24 23 20 1584 21 25 72 70 82 24 33 62 37 540 49
leaf_count=3271 238 22 20 160 30 22 26 39 21 74 27 28 331 30 22 24 23 20 1584 21 25 72 70 82 24 33 62 37 540 49
internal_value=-0.0208361 -0.0448482 0.000340118 -0.000311033 -0.00141345 -0.00622449 -0.00355263 -0.000744681 -0.003 0.000671476 0.000494506 -0.00409091 0.001125 -0.00297101 -0.00155022 -0.000797101 8.19674e-05 0.000652174 0.0008867 -0.000381166 -0.00695652 0.000375 -0.000895196 -0.00254717 -0.00668831 -0.00991228 0.00207602 -5.05049e-05 0.00028416 -0.000348047
internal_weight=7027 3293 3734 1704 803 98 76 705 250 901 455 55 400 69 229 207 183 46 2030 446 46 400 229 159 77 57 171 99 827 589
internal_count=7027 3293 3734 1704 803 98 76 705 250 901 455 55 400 69 229 207 183 46 2030 446 46 400 229 159 77 57 171 99 827 589
is_linear=0
shrinkage=0.05


Tree=277
num_leaves=31
num_cat=0
split_feature=0 14 11 6 2 9 5 13 0 0 1 14 5 14 6 0 0 3 0 0 4 4 0 1 3 0 9 2 18 1
split_gain=1429.25 4.51509 0.422931 1.34781 0.514424 0.482874 0.971645 0.448906 0.707017 1.08857 0.990435 0.79398 0.791234 1.64654 0.753561 0.541047 0.515852 0.984096 0.499631 0.434037 0.541258 0.87409 0.847059 1.02984 0.417778 0.40714 1.00511 0.356697 0.615921 0.583962
threshold=3.5000000000000004 6.3656501350523191 78.404846569963695 87.500000000000014 340.50000000000006 0.34156760613242348 19.500000000000004 0.92759738247248336 611.50000000000011 565.50000000000011 398.60000000000008 37.382322533017664 37.500000000000007 62.730773408746145 1.0000000180025095e-35 841.00000000000011 542.50000000000011 30.650000000000002 524.50000000000011 656.50000000000011 11.450000000000001 9.7500000000000018 717.50000000000011 622.75000000000011 39.750000000000007 717.50000000000011 0.89391031859722891 167.50000000000003 19.707186428447081 318.25000000000006
decision_type=2 2 2 2 2 2 2 2 2 2 2 2 2 2 2 2 2 2 2 2 2 2 2 2 2 2 2 2 2 2
left_child=1 -1 4 5 7 24 -7 8 9 16 -10 -12 19 14 -14 -9 18 -18 27 -13 21 25 23 -22 -4 -21 -27 -2 -29 -30
right_child=2 -3 3 -5 -6 6 -8 15 10 -11 11 12 13 -15 -16 -17 17 -19 -20 20 22 -23 -24 -25 -26 26 -28 28 29 -31
leaf_value=0 1.5580134429285046e-05 0 0.031894928383303094 -0.0022962374176253796 0.02118710907100196 0.00055776218144617119 -0.0056348241495588931 0.0069778849410209141 -0.0028744164480085719 0.018958001933578317 -0.0054998297054845722 0.010258783222492435 -0.027207248216559163 -0.0023983966866892694 0.00039130670432481127 -0.0021804505099338447 0.041109316896643947 -0.017279576210624824 0.047428454169342008 0.00061470013583139261 4.3394715892517086e-05 -0.0026398606569352557 0.012339661048796859 -0.0035619284170048077 -0.00066657361048054324 -0.009055596374982048 0.0012883787873438841 -0.0028527789231941841 0.00027136968274963372 -0.00040467645825798611
leaf_weight=3271 1568 22 47 21 81 22 20 461 20 164 33 66 24 36 54 117 25 33 55 42 64 20 85 21 25 20 23 21 306 260
leaf_count=3271 1568 22 47 21 81 22 20 461 20 164 33 66 24 36 54 117 25 33 55 42 64 20 85 21 25 20 23 21 306 260
internal_value=-0.0208361 -0.0448482 0.000340118 -0.00240741 0.000443179 -0.000263158 -0.00452381 0.000352473 0.000102041 0.000456415 -0.00159449 -0.00114754 -0.000604395 -0.00421053 -0.000128205 0.0016263 0.000171958 -0.00448276 0.000294118 0.000601173 -0.000272727 -0.00309524 0.00147059 -0.00205882 0.00222222 -0.000882353 -0.00430233 0.000174014 -0.000877342 -0.000565371
internal_weight=7027 3293 3734 135 3599 114 42 3518 2940 2432 508 488 455 114 78 578 2268 58 2210 341 275 105 170 85 72 85 43 2155 587 566
internal_count=7027 3293 3734 135 3599 114 42 3518 2940 2432 508 488 455 114 78 578 2268 58 2210 341 275 105 170 85 72 85 43 2155 587 566
is_linear=0
shrinkage=0.05


Tree=278
num_leaves=31
num_cat=0
split_feature=0 14 10 1 6 12 1 0 18 16 15 1 0 4 4 0 2 2 14 0 3 3 18 1 1 5 3 11 4 3
split_gain=1425.86 4.51509 0.521199 0.579403 1.06797 1.14676 1.34797 1.47875 1.25691 1.10736 1.11796 1.62162 0.954545 0.7742 2.0978 0.70186 0.628261 0.599422 0.548222 0.505983 0.486585 0.491344 0.49513 0.778318 0.706085 0.958731 0.583786 0.56728 0.482771 0.506151
threshold=3.5000000000000004 6.3656501350523191 -0.38168922026665864 318.25000000000006 21.500000000000004 153.11171548419034 427.55000000000001 573.50000000000011 64.999952126305075 19.502642845175668 69.37147781078626 497.00000000000006 628.50000000000011 13.65 12.65 442.50000000000006 316.50000000000006 230.50000000000003 45.506873342843548 611.50000000000011 38.550000000000004 35.45000000000001 55.284557033457524 404.55000000000007 437.05000000000007 31.500000000000004 34.550000000000004 39.485989132386152 9.1500000000000004 28.250000000000004
decision_type=2 2 2 2 2 2 2 2 2 2 2 2 2 2 2 2 2 2 2 2 2 2 2 2 2 2 2 2 2 2
left_child=1 -1 3 15 13 6 7 -6 -8 -7 11 12 -11 14 16 -2 17 -5 19 20 21 22 23 26 -25 -26 27 -4 -27 -30
right_child=2 -3 18 4 5 9 8 -9 -10 10 -12 -13 -14 -15 -16 -17 -18 -19 -20 -21 -22 -23 -24 24 25 28 -28 -29 29 -31
leaf_value=0 5.4745093428878456e-06 0 6.4827469713207126e-05 -0.0012979364113918919 -0.0024383838362775755 0.0019007877304707554 0.0014860560118887477 -0.0021703151672099637 -0.018368567733460125 -0.0036447475880846437 0.0026800910654380984 -0.014090719765431576 9.0265972052837911e-05 0.00032895807799043428 -0.0022352704850762311 0.08060543756828098 -0.0033684756045797488 0.00043081484149099371 0.00099336604918936057 -0.0040484084084933111 -0.00030229247734464646 0.0019820545284758642 0.040399791396289617 -0.0028136078053516817 -0.0024893454854245166 0.0018770317721579369 -0.00017121701942685041 -0.014528975100689455 -0.0032868661269989082 0.0028405844628473717
leaf_weight=3271 895 22 523 36 31 91 37 32 21 21 22 20 33 366 31 81 35 125 934 25 20 73 95 20 25 32 31 20 28 31
leaf_count=3271 895 22 523 36 31 91 37 32 21 21 22 20 33 366 31 81 35 125 934 25 20 73 95 20 25 32 31 20 28 31
internal_value=-0.0208645 -0.0448482 0.000286556 -0.000301012 -0.00121532 -0.0036039 -0.00739669 -0.0124603 -0.00189655 -0.00114973 -0.00489583 -0.00783784 -0.00333333 2.52953e-05 -0.00226872 0.000543033 -0.000357143 0.000962733 0.000880453 1.62515e-05 0.000211581 0.000387244 3.10561e-05 -0.000422535 -0.00382353 -0.00232759 0.000383275 0.000764273 5.49452e-05 -0.00262712
internal_weight=7027 3293 3734 1877 901 308 121 63 58 187 96 74 54 593 227 976 196 161 1857 923 898 878 805 710 136 116 574 543 91 59
internal_count=7027 3293 3734 1877 901 308 121 63 58 187 96 74 54 593 227 976 196 161 1857 923 898 878 805 710 136 116 574 543 91 59
is_linear=0
shrinkage=0.05


Tree=279
num_leaves=31
num_cat=0
split_feature=0 14 11 10 3 12 10 18 1 1 16 2 4 9 4 13 4 9 17 13 4 11 13 2 4 18 6 4 1 16
split_gain=1433.49 4.51509 0.590537 0.573949 0.452448 0.85138 0.654178 0.932347 0.6 0.445747 1.01982 1.1976 0.434449 0.88133 0.612319 0.893237 0.383757 0.705051 0.436872 0.459375 0.422902 1.07078 1.30116 0.779042 0.95599 0.368806 0.330313 0.597729 0.544444 1.51937
threshold=3.5000000000000004 6.3656501350523191 1.7279419081428748 -0.82389248692129191 20.850000000000005 262.14961027018933 -0.098820138732871751 0.31370223637746403 21.600000000000005 318.25000000000006 16.62392011133856 230.50000000000003 17.050000000000004 0.34156760613242348 8.6500000000000004 0.77753990859717748 14.350000000000003 0.98370018436603734 31.377959158067679 0.70952064336372855 13.050000000000002 19.088914978457193 0.13904003539040038 187.50000000000003 13.450000000000001 34.399880583149859 74.500000000000014 13.850000000000003 59.150000000000013 19.345148003870403
decision_type=2 2 2 2 2 2 2 2 2 2 2 2 2 2 2 2 2 2 2 2 2 2 2 2 2 2 2 2 2 2
left_child=1 -1 4 9 -2 -6 7 -7 -9 25 -11 -12 13 14 -13 -16 20 -18 19 -19 -5 22 -22 -23 -25 26 -4 -28 -29 -30
right_child=2 -3 3 16 5 6 -8 8 -10 10 11 12 -14 -15 15 -17 17 18 -20 -21 21 23 -24 24 -26 -27 27 28 29 -31
leaf_value=0 0.00074956810681314388 0 3.8474127029040232e-05 0.00010920990613577484 -0.0013059899664787996 -8.6829610819430929e-05 5.3646799630985248e-05 0.00016271926098232351 -4.4044733983565089e-05 -0.0015897179011564639 -0.011121053492278835 0.0052241400976172489 0.00011694932690994678 -0.012797565384639255 -0.0021113904089349544 9.8638979590530726e-07 0.0006060110630517479 -0.0003756695466425044 -0.0032886200974325225 0.069392383233800772 -4.047497464056623e-05 0.0053579623957179107 -0.002039959607436536 -0.0027747127318384981 0.00042300004585058552 0.030040969854639062 0.00018793530020805305 -7.871645924121586e-06 -0.0040184926122510192 0.00072182112482683082
leaf_weight=3271 29 22 317 1448 23 22 37 40 24 24 28 46 237 25 20 72 838 40 22 24 27 71 23 30 61 42 74 45 22 23
leaf_count=3271 29 22 317 1448 23 22 37 40 24 24 28 46 237 25 20 72 838 40 22 24 27 71 23 30 61 42 74 45 22 23
internal_value=-0.0208005 -0.0448482 0.00040707 0.000546502 -0.00242857 -0.00356164 -0.00191057 -0.00430233 -0.00125 -0.000487179 -0.00163717 -0.00107477 -0.000375 -0.00236196 -0.000797101 -0.00315217 0.000936533 0.00175325 -0.00255814 -0.00046875 0.000481928 -0.00160377 -0.008 0.000370371 -0.00269231 0.000506692 0.000114345 -0.00170732 -0.00444444 -0.00833333
internal_weight=7027 3293 3734 3559 175 146 123 86 64 975 452 428 400 163 138 92 2584 924 86 64 1660 212 50 162 91 523 481 164 90 45
internal_count=7027 3293 3734 3559 175 146 123 86 64 975 452 428 400 163 138 92 2584 924 86 64 1660 212 50 162 91 523 481 164 90 45
is_linear=0
shrinkage=0.05


Tree=280
num_leaves=31
num_cat=0
split_feature=0 14 10 0 3 12 3 4 17 4 17 17 1 16 4 0 9 2 1 9 1 12 4 12 3 13 13 2 4 4
split_gain=1440.28 4.51509 0.486521 0.436571 0.798473 0.768896 0.439506 0.47747 0.406018 0.858413 0.556557 0.657572 0.489591 0.893939 0.873123 0.769065 0.69975 0.751408 0.689262 0.691581 0.641349 0.424005 0.354811 0.794934 0.615707 0.374607 0.729387 0.343841 0.336441 0.833797
threshold=3.5000000000000004 6.3656501350523191 0.22611568550828817 10.500000000000002 30.750000000000004 278.57452666888673 46.750000000000007 26.850000000000005 31.468587345967631 13.550000000000002 26.333702922013938 26.659685880431926 337.15000000000003 16.62392011133856 15.950000000000001 414.50000000000006 0.83354805289222267 231.50000000000003 388.65000000000003 -0.10309787846944686 373.75000000000006 269.58768850348935 20.150000000000002 284.91521471611526 30.750000000000004 0.31823425778586051 0.3603861298369308 197.50000000000003 14.350000000000003 13.15
decision_type=2 2 2 2 2 2 2 2 2 2 2 2 2 2 2 2 2 2 2 2 2 2 2 2 2 2 2 2 2 2
left_child=1 -1 3 4 -2 -6 7 8 10 -10 12 -12 15 14 -14 16 17 22 19 -15 -21 -20 25 24 -24 -5 -27 -28 29 -13
right_child=2 -3 -4 6 5 -7 -8 -9 9 -11 11 28 13 18 -16 -17 -18 -19 21 20 -22 -23 23 -25 -26 26 27 -29 -30 -31
leaf_value=0 3.1056998860511558e-05 0 0.00021625295374107665 0.00011800321061891146 -1.4774329690666738e-05 -9.1522214484387373e-05 -0.0071561310331996718 0.00098943548631762364 0.00044097966084246667 -0.00138906818597764 0.0029026838297857164 6.2368091068779359e-05 -0.0017390062938418564 -0.0060376774919494794 -0.00035184702331128169 0.024038675066420798 -0.00033828492822884503 -0.0014756243305721042 7.4014511265096218e-05 0.0013403163598116866 -0.00065565816771005119 -0.0012393059841289264 -0.00023718533468538119 -0.0010436791703009954 0.0001034722327643221 -0.0024959375954846752 0.0026211143459649766 -0.0013529132995409978 0.0006567713676346571 -0.00048450778890493082
leaf_weight=3271 46 22 954 294 33 20 21 169 45 25 98 574 22 36 23 116 32 45 368 31 24 27 29 34 64 32 50 33 399 90
leaf_count=3271 46 22 954 294 33 20 21 169 45 25 98 574 22 36 23 116 32 45 368 31 24 27 29 34 64 32 50 33 399 90
internal_value=-0.0207436 -0.0448482 0.000514194 0.000179856 -0.00308081 -0.00726415 0.000300261 0.000357143 0.000182658 -0.00357143 0.000291202 0.00108096 -0.000436508 -0.00159134 -0.00833333 0.000404664 -0.000301794 9.46646e-05 -0.000967078 -0.00489011 -0.00136364 -6.3291e-05 0.000615672 -0.00169291 0.000698925 0.00133252 -0.00108696 0.00138554 0.000719662 3.01207e-05
internal_weight=7027 3293 3734 2780 99 53 2681 2660 2491 70 2421 1161 1260 531 45 729 613 581 486 91 55 395 536 127 93 409 115 83 1063 664
internal_count=7027 3293 3734 2780 99 53 2681 2660 2491 70 2421 1161 1260 531 45 729 613 581 486 91 55 395 536 127 93 409 115 83 1063 664
is_linear=0
shrinkage=0.05


Tree=281
num_leaves=31
num_cat=0
split_feature=0 14 0 0 0 15 18 1 4 18 9 10 15 0 0 15 17 10 13 16 4 15 12 3 0 15 6 10 4 0
split_gain=1436.03 4.51509 0.527668 1.42726 0.619696 0.984455 0.335617 0.436727 0.473605 0.352979 0.949575 0.730491 0.72 0.638701 0.809661 0.907786 0.718403 1.40828 1.03465 0.597091 0.589687 0.587251 0.573356 0.501931 0.412296 0.410627 0.395724 0.6917 0.936643 0.443172
threshold=3.5000000000000004 6.3656501350523191 10.500000000000002 9.5000000000000018 7.5000000000000009 1.0000000180025095e-35 84.066276109385385 739.05000000000007 7.5500000000000007 66.558203935670903 -0.99273952934267318 0.99164058729498161 72.442416780131438 611.50000000000011 628.50000000000011 53.316690557036331 27.473619175717189 -0.35768498937424864 0.9642828667258454 24.344539600752402 17.650000000000002 58.839478826725802 150.52620124561747 40.250000000000007 581.50000000000011 56.524021905538639 22.500000000000004 -0.41327860778290426 17.550000000000004 842.50000000000011
decision_type=2 2 2 2 2 2 2 2 2 2 2 2 2 2 2 2 2 2 2 2 2 2 2 2 2 2 2 2 2 2
left_child=1 -1 3 4 5 -2 7 9 -9 13 12 19 -11 21 15 -15 18 20 -16 26 -18 24 -20 -24 25 -4 29 28 -28 -12
right_child=2 -3 6 -5 -6 -7 -8 8 -10 10 11 -13 -14 14 16 -17 17 -19 22 -21 -22 -23 23 -25 -26 -27 27 -29 -30 -31
leaf_value=0 6.7673187773518501e-06 0 3.364857192243278e-05 -0.00011193801443553364 0.0010770756467914022 -2.8434230954551747e-05 0.052269660243834275 -0.013714126332839256 0.016623167205009261 -0.015320287283603415 0.036874148697579934 -0.018872297950175983 0.00074408128291584066 -0.013695996810991274 0.00020360104882672392 0.0088737494840222236 -0.0057607568245391944 0.00013340324961878355 -0.0069602416512205183 -0.0053671483017481286 -0.0016148971296916404 0.029634294606438901 0.0074740450952512083 -0.0049253375703574446 0.026321601022353088 -0.007982943955410363 -0.013663479369327797 0.0083650370613629604 0.00029315016905006138 0.00012422935497966034
leaf_weight=3271 47 22 2082 20 35 20 42 25 24 25 301 28 25 23 306 20 23 65 30 25 20 117 36 25 88 35 20 130 21 76
leaf_count=3271 47 22 2082 20 35 20 42 25 24 25 301 28 25 23 306 20 23 65 30 25 20 117 36 25 88 35 20 130 21 76
internal_value=-0.0207791 -0.0448482 0.000447242 -0.00278688 -0.000392157 -0.00320895 0.000556479 0.000504202 -0.00418367 0.000569441 0.00162058 0.00217138 -0.005 0.000331011 -0.00120438 -0.0077907 -0.000643564 -0.00425926 0.000340051 0.00255672 -0.0112791 0.000693368 -0.00434066 -0.00155738 0.000510204 0.000370808 0.00290146 0.000906433 -0.0047561 0.00380637
internal_weight=7027 3293 3734 122 102 67 3612 3570 49 3521 651 601 50 2870 548 43 505 108 397 573 43 2322 91 61 2205 2117 548 171 41 377
internal_count=7027 3293 3734 122 102 67 3612 3570 49 3521 651 601 50 2870 548 43 505 108 397 573 43 2322 91 61 2205 2117 548 171 41 377
is_linear=0
shrinkage=0.05


Tree=282
num_leaves=31
num_cat=0
split_feature=0 14 10 1 13 3 12 12 0 0 18 10 10 3 11 9 4 16 4 16 17 11 14 5 3 15 17 11 13 13
split_gain=1437.73 4.51509 0.424095 0.755464 0.539081 0.805263 0.64 0.561404 0.414137 0.6674 1.01302 0.555291 0.374943 0.830434 0.382934 0.351918 0.342935 0.405851 0.630741 0.354059 0.695414 1.31136 0.662802 0.4 0.334167 0.583838 0.3929 0.453186 0.335364 0.583942
threshold=3.5000000000000004 6.3656501350523191 0.22611568550828817 720.25000000000011 0.013652122847930796 30.950000000000003 278.57452666888673 72.360193266911679 472.50000000000006 689.50000000000011 77.853156985191362 0.99370977118463066 0.30080866500414788 29.450000000000003 35.870191544796747 0.92591620288614507 26.450000000000003 21.536507056979044 29.150000000000002 16.998327878183314 20.974846503015574 67.738542753456969 40.406759991892741 74.500000000000014 27.250000000000004 2.482239539860871 27.299332352638832 23.623112990362241 0.13381097591557917 0.16107804324354255
decision_type=2 2 2 2 2 2 2 2 2 2 2 2 2 2 2 2 2 2 2 2 2 2 2 2 2 2 2 2 2 2
left_child=1 -1 3 4 5 7 -7 -2 12 11 -11 -10 -4 14 15 -14 19 -18 -19 20 21 -6 23 -22 25 -21 -27 -28 -26 -30
right_child=2 -3 8 -5 16 6 -8 -9 9 10 -12 -13 13 -15 -16 -17 17 18 -20 24 22 -23 -24 -25 28 26 27 -29 29 -31
leaf_value=0 -8.5903471452018047e-06 0 0.00033502909154221904 -0.0058226154651491681 0.00014303274674496398 -1.3322865660474008e-05 -8.1942729536414985e-05 4.846310435431701e-05 0.081518208456325875 -0.024104465196260905 0.0073852464900020735 -0.0262842722633179 9.3865494824546189e-05 -0.0013997082076356486 -0.0067177838666383884 -0.0022009636933025957 0.00096340976458682737 0.0018635167383929995 -0.0011830443541593016 -0.00023292656270451021 -0.0030215502441942603 -0.0014517933820028051 0.00077504558914429057 -0.0023042405125527519 8.1406297532203315e-05 -4.8910305457821584e-05 0.00067415666962613414 -0.00092923539323940679 -0.00044275113888567972 7.6217803183188163e-05
leaf_weight=3271 25 22 60 21 166 25 20 32 260 36 107 24 399 20 23 25 137 37 32 20 20 31 23 20 308 22 48 20 43 1730
leaf_count=3271 25 22 60 21 166 25 20 32 260 36 107 24 399 20 23 25 137 37 32 20 20 31 23 20 308 22 48 20 43 1730
internal_value=-0.0207649 -0.0448482 0.000474023 0.000161871 0.000233781 -0.00333333 -0.00833333 0.000614035 0.00138365 0.00254098 -0.000244755 0.00394366 0.00044592 -3.21197e-05 0.00041387 0.000754717 0.000370719 0.0023301 -0.000797101 0.000206039 -0.00153846 -7.61419e-05 -0.00611111 -0.01 0.000413054 -0.00227273 -0.000555555 0.00132353 0.000555022 0.000290468
internal_weight=7027 3293 3734 2780 2759 102 45 57 954 427 143 284 527 467 447 424 2657 206 69 2451 260 197 63 40 2191 110 90 68 2081 1773
internal_count=7027 3293 3734 2780 2759 102 45 57 954 427 143 284 527 467 447 424 2657 206 69 2451 260 197 63 40 2191 110 90 68 2081 1773
is_linear=0
shrinkage=0.05


Tree=283
num_leaves=31
num_cat=0
split_feature=0 14 10 15 6 15 15 5 17 17 11 11 16 12 4 4 13 5 15 10 6 13 4 5 3 1 4 9 4 0
split_gain=1437.73 4.51509 0.474374 0.436936 0.565606 1.00369 0.484395 0.605948 0.531928 1.60842 0.527545 0.623993 0.699179 0.928641 0.618522 0.70109 0.903856 0.592661 0.569538 0.554468 0.787447 0.536008 0.526067 0.502952 1.07861 0.489118 0.582751 0.413816 0.480422 0.402747
threshold=3.5000000000000004 6.3656501350523191 0.22611568550828817 2.3520095956920186 1.5000000000000002 1.104857663302558 7.4441614884808596 85.500000000000014 25.959126420921944 27.117595147965766 18.054958134915562 28.126943988397521 22.807548914874378 121.21800987321011 16.650000000000002 16.050000000000004 0.77753990859717748 23.500000000000004 16.504519093973894 -0.99626127116974506 95.500000000000014 0.79187399562431027 15.750000000000002 31.500000000000004 39.750000000000007 645.70000000000016 7.9500000000000011 -0.99466160899732459 19.250000000000004 763.50000000000011
decision_type=2 2 2 2 2 2 2 2 2 2 2 2 2 2 2 2 2 2 2 2 2 2 2 2 2 2 2 2 2 2
left_child=1 -1 3 4 5 -2 8 10 -5 -10 18 27 14 17 15 23 -17 -14 -8 20 -16 -15 25 -13 29 -23 -27 -12 -29 -25
right_child=2 -3 -4 6 -6 -7 7 -9 9 -11 11 12 13 21 19 16 -18 -19 -20 -21 -22 22 -24 24 -26 26 -28 28 -30 -31
leaf_value=0 -2.1015902264207711e-06 0 0.00018479568266781209 0.00020935445130083145 -1.3384144117360451e-07 -0.00016670566746466273 -0.00010802344727116548 -0.0019229852093079107 -0.00018927441037244592 0.00090709572253262196 -0.0001120124961286765 0.0002191388762591951 -0.0054592368596241047 0.0011431692305821767 0.00021008931740367274 -0.008286153948187356 0.00027389314954596821 -0.00021161136570487408 -0.00037289141525760194 0.00063876950152635644 -0.0058162342680354012 -0.0014935232322851445 -0.0059612130220480231 -0.00053391436015925357 -0.00484982701709483 -0.0019721972452873869 0.010937173895342454 0.0012975532717703596 -3.167449978512375e-05 0.0031338025299652034
leaf_weight=3271 62 22 954 132 184 28 151 29 36 98 23 387 23 44 41 21 22 24 24 600 23 25 20 378 29 26 40 173 66 71
leaf_count=3271 62 22 954 132 184 28 151 29 36 98 23 387 23 44 41 21 22 24 24 600 23 25 20 378 29 26 40 173 66 71
internal_value=-0.0207649 -0.0448482 0.000474023 0.000143885 -0.00175182 -0.005 0.000351157 0.000111607 0.00236842 0.000149254 0.000205789 0.00043222 9.58288e-05 -0.00267327 0.000451654 -0.000396476 -0.00662791 -0.00882979 -0.00242857 0.00161145 -0.0028125 -0.000806451 -0.00265766 -8.6705e-05 -0.00117155 -0.00104396 0.00121212 0.00270992 0.00332636 -0.000567929
internal_weight=7027 3293 3734 2780 274 90 2506 2240 266 134 2211 2036 1774 202 1572 908 43 47 175 664 64 155 111 865 478 91 66 262 239 449
internal_count=7027 3293 3734 2780 274 90 2506 2240 266 134 2211 2036 1774 202 1572 908 43 47 175 664 64 155 111 865 478 91 66 262 239 449
is_linear=0
shrinkage=0.05


Tree=284
num_leaves=31
num_cat=0
split_feature=0 14 0 0 18 5 10 9 9 0 2 18 6 15 16 12 3 3 3 12 6 4 3 13 3 12 18 6 16 3
split_gain=1440.28 4.51509 0.471666 0.859593 0.685943 0.5464 0.430212 0.42484 0.692078 0.408288 1.47903 0.769027 0.743771 0.65281 0.567075 0.562349 0.430735 0.757254 0.391546 0.384223 0.637503 0.963333 0.364417 0.347855 0.358518 0.335108 0.330356 1.06778 0.318661 0.284378
threshold=3.5000000000000004 6.3656501350523191 841.00000000000011 855.50000000000011 66.077347827369934 17.500000000000004 0.99164058729498161 -0.99273952934267318 -0.99762106698677366 621.50000000000011 267.50000000000006 49.932353608097806 6.5000000000000009 57.497066755332249 23.08948345406899 269.58768850348935 36.350000000000001 35.150000000000013 44.150000000000013 144.88819994908604 7.5000000000000009 13.15 42.550000000000004 0.97727673673113757 39.750000000000007 69.28454809709838 48.360499163939224 18.500000000000004 22.918957883235318 34.850000000000001
decision_type=2 2 2 2 2 2 2 2 2 2 2 2 2 2 2 2 2 2 2 2 2 2 2 2 2 2 2 2 2 2
left_child=1 -1 4 5 9 -4 7 8 -6 11 12 18 14 -14 -11 16 17 -12 22 20 -9 -22 25 -18 -25 -2 -27 -28 -5 -30
right_child=2 -3 3 28 6 -7 -8 19 -10 10 15 -13 13 -15 -16 -17 23 -19 -20 -21 21 -23 -24 24 -26 26 27 -29 29 -31
leaf_value=0 -1.3074870087095506e-05 0 -0.0082035245833963835 0.0021969729212138545 0.00042224221594343184 -0.00028507075989276509 -0.016623709223634882 0.033599282488185146 -0.030084779840821686 0.00034105364722951669 0.00013472452399269135 0.01778686793697867 -0.0061385274641919292 -0.0013952475523326578 -0.0033202892349095715 -0.0012465843998925555 0.00080031863120327666 -0.0047647708922763585 -0.00057947153367708161 0.028756105389179772 -0.012991307969717564 0.00091213853216896292 0.002949612590984444 0.00051148609446020172 -0.0057095412574661841 1.5746768455642294e-05 0.016885333086298273 -0.0016460625730633752 0.0015776031536071699 -0.014213145444522983
leaf_weight=3271 59 22 21 60 28 20 28 66 22 29 52 295 27 39 25 26 216 24 35 433 20 30 41 24 29 1997 25 20 23 20
leaf_count=3271 59 22 21 60 28 20 28 66 22 29 52 295 27 39 25 26 216 24 35 433 20 30 41 24 29 1997 25 20 23 20
internal_value=-0.0207436 -0.0448482 0.000514194 -0.00229167 0.000626741 -0.00841463 0.00212919 0.00241235 -0.002 0.000308809 -0.00100815 0.000570389 -0.00583333 -0.00939394 -0.00148148 0.000552561 0.00108696 -0.00223684 0.000245751 0.00281421 0.000258621 -0.004 0.000331466 0.00202602 -0.00160377 0.000240362 0.000347699 -0.00388889 0.000145631 -0.00313953
internal_weight=7027 3293 3734 144 3590 41 627 599 50 2963 491 2472 120 66 54 371 345 76 2177 549 116 50 2142 269 53 2101 2042 45 103 43
internal_count=7027 3293 3734 144 3590 41 627 599 50 2963 491 2472 120 66 54 371 345 76 2177 549 116 50 2142 269 53 2101 2042 45 103 43
is_linear=0
shrinkage=0.05


Tree=285
num_leaves=31
num_cat=0
split_feature=0 14 0 1 0 4 13 14 9 4 1 4 6 14 4 0 6 12 0 3 12 0 10 14 15 5 18 10 9 16
split_gain=1431.79 4.51509 0.6396 1.98269 0.704253 0.703118 0.527621 0.494275 0.397821 0.657512 0.938434 0.710779 0.515977 0.451866 0.426221 0.830523 0.393362 0.357234 0.332498 0.667892 0.912711 0.897633 0.759926 0.517599 0.892857 0.676354 0.513337 0.537712 0.518649 0.567842
threshold=3.5000000000000004 6.3656501350523191 818.50000000000011 525.85000000000014 763.50000000000011 5.6500000000000012 0.93854165289037617 81.996375818153822 0.9821165111257959 15.750000000000002 604.25000000000011 18.050000000000004 73.500000000000014 71.285307961374045 7.5500000000000007 659.50000000000011 25.500000000000004 69.28454809709838 656.50000000000011 36.350000000000001 211.62569299982644 691.50000000000011 -0.83352489619613901 55.860123693482208 73.50151539067366 45.500000000000007 56.356832226219304 0.98367285631203072 0.86095304316285726 23.760951161420284
decision_type=2 2 2 2 2 2 2 2 2 2 2 2 2 2 2 2 2 2 2 2 2 2 2 2 2 2 2 2 2 2
left_child=1 -1 4 -4 7 -5 -7 8 13 10 12 -11 -10 17 15 -15 -8 -2 26 20 23 22 -21 25 -25 -20 28 -28 29 -19
right_child=2 -3 3 5 -6 6 16 -9 9 11 -12 -13 -14 14 -16 -17 -18 18 19 21 -22 -23 -24 24 -26 -27 27 -29 -30 -31
leaf_value=0 -1.2421126582739741e-05 0 -0.0047610146898267114 -0.00094493895288160423 0.0096954271494276729 -0.0031610937757381927 0.0061541791987301904 -0.030476629286622155 -3.5253018182967504e-05 -0.00054600501409043673 -0.0030104416263692316 -0.00010108453219043493 0.001348223534485774 0.12949716461771907 0.024556061477171306 -0.018382187678024787 -0.0013232454418314796 5.8215863004314838e-06 -0.012425658798191597 0.00013042328062310931 -0.0047704287601953825 0.00087356039053390351 -0.004185330050042904 0.028219086044578703 -0.0034963496578240823 -0.00029531146359798545 0.05654526804321354 -0.030414804670723924 0.0001182743119755919 -0.0011957986250342588
leaf_weight=3271 59 22 28 33 288 22 116 20 72 26 20 38 61 26 141 23 31 1849 29 36 27 129 26 50 20 44 185 21 290 24
leaf_count=3271 59 22 28 33 288 22 116 20 72 26 20 38 61 26 141 23 31 1849 29 36 27 129 26 50 20 44 185 21 290 24
internal_value=-0.0208147 -0.0448482 0.000380289 -0.00217391 0.000547945 -0.000445544 0.000857988 0.000335821 0.000384856 -0.00168203 9.80394e-05 -0.0059375 0.00161654 0.000535415 0.00289474 -0.00112245 0.00193878 0.000374686 0.000457876 -0.000955678 -0.00323529 0.0010733 -0.00387097 -0.00164336 0.00142857 -0.00458904 0.00067328 0.00305825 0.00044614 0.000141484
internal_weight=7027 3293 3734 230 3504 202 169 3216 3196 217 153 64 133 2979 190 49 147 2789 2730 361 170 191 62 143 70 73 2369 206 2163 1873
internal_count=7027 3293 3734 230 3504 202 169 3216 3196 217 153 64 133 2979 190 49 147 2789 2730 361 170 191 62 143 70 73 2369 206 2163 1873
is_linear=0
shrinkage=0.05


Tree=286
num_leaves=31
num_cat=0
split_feature=0 14 4 5 12 0 1 4 14 3 3 4 17 3 5 6 0 2 1 13 4 9 10 3 2 18 15 9 11 12
split_gain=1430.1 4.51509 0.472695 0.490909 0.463464 0.463392 1.48759 0.441593 0.497065 0.369881 0.802244 0.803374 1.06794 0.679018 0.638943 0.747863 0.557702 0.690775 0.935736 1.7145 0.73972 0.821879 0.907101 0.938607 0.754402 0.767458 0.98 0.924416 1.00087 0.742205
threshold=3.5000000000000004 6.3656501350523191 26.450000000000003 10.500000000000002 69.28454809709838 820.50000000000011 525.85000000000014 5.6500000000000012 68.03082633860059 38.350000000000001 39.050000000000004 19.150000000000002 27.966614433232717 36.850000000000001 30.500000000000004 10.500000000000002 775.50000000000011 171.50000000000003 81.050000000000011 0.42917335473515256 8.4500000000000011 0.99052327954040398 -0.54160775828284857 32.850000000000001 237.50000000000003 54.535362853371247 38.346472777996297 0.69636977696931246 46.728649850371404 137.93070257448517
decision_type=2 2 2 2 2 2 2 2 2 2 2 2 2 2 2 2 2 2 2 2 2 2 2 2 2 2 2 2 2 2
left_child=1 -1 4 -4 -2 9 -7 -8 -9 13 11 12 -11 16 -12 -16 17 -6 19 -19 24 22 23 -22 25 26 -20 -27 -29 -23
right_child=2 -3 3 -5 5 6 7 8 -10 10 14 -13 -14 -15 15 -17 -18 18 20 -21 21 29 -24 -25 -26 27 -28 28 -30 -31
leaf_value=0 -1.7908422230620952e-05 0 -0.00052964666320328617 0.00087397120068396421 3.0750155783239799e-05 -0.0032889828079701749 -0.0009697160147567694 -0.00076482031258038165 0.0018424992007418251 8.0849470034673304e-05 0.0001885931157742459 -0.001675095062757831 -0.00095943421886057691 0.00090538751533340541 -0.0024751000534767456 -0.00059578329427418652 0.021086705682474383 0.00078769129713247344 -0.0011375547151810891 -0.0015971292663899902 0.0016093622917823813 -0.0029979727496909406 0.0031991409582231203 -0.00094785527888462898 0.00076224901967076686 0.0083143458302876172 -0.011584761615978963 0.00025219852617784405 -0.031704002728980975 0.00010129584999575654
leaf_weight=3271 53 22 20 220 1389 20 32 37 109 56 396 22 25 231 21 96 103 20 25 22 120 23 324 153 69 59 25 20 22 22
leaf_count=3271 53 22 20 220 1389 20 32 37 109 56 396 22 25 231 21 96 103 20 25 22 120 23 324 153 69 59 25 20 22 22
internal_value=-0.0208289 -0.0448482 0.000353508 0.0025 0.000206068 0.000277536 -0.00207071 -0.000617977 0.000547945 0.000420907 -0.000681818 -0.00470874 -0.00240741 0.000679482 0.000126706 -0.00311966 0.000429883 0.000268208 -0.000807522 -0.00809524 -0.000452436 0.000404985 0.000896148 -0.00122711 -0.00295455 -0.00493377 -0.01 -0.00242574 -0.00809524 -0.00611111
internal_weight=7027 3293 3734 240 3494 3441 198 178 146 3243 616 103 81 2627 513 117 2396 2293 904 42 862 642 597 273 220 151 50 101 42 45
internal_count=7027 3293 3734 240 3494 3441 198 178 146 3243 616 103 81 2627 513 117 2396 2293 904 42 862 642 597 273 220 151 50 101 42 45
is_linear=0
shrinkage=0.05


Tree=287
num_leaves=31
num_cat=0
split_feature=0 14 4 5 0 14 0 16 4 5 6 15 6 1 13 1 13 11 4 1 2 9 6 2 11 0 3 4 11 9
split_gain=1430.94 4.51509 0.466816 0.490909 0.4407 1.01504 0.773809 0.570684 0.612386 0.500745 0.438181 0.690617 1.01256 0.804657 2.54648 1.01986 1.39849 1.3025 1.62332 1.13143 0.588161 0.791836 0.86494 0.561039 0.595055 0.533296 0.916252 1.13282 0.495884 0.650433
threshold=3.5000000000000004 6.3656501350523191 26.450000000000003 10.500000000000002 820.50000000000011 67.68844875805614 855.50000000000011 22.807548914874378 5.6500000000000012 17.500000000000004 34.500000000000007 8.1201165864714167 37.500000000000007 83.600000000000009 0.42917335473515256 318.25000000000006 0.75310772273905979 54.324827162468722 17.050000000000004 528.75000000000011 238.50000000000003 0.14153898451656996 78.500000000000014 196.50000000000003 25.710511606760026 695.50000000000011 35.150000000000013 13.65 1.7279419081428748 0.60505046667002438
decision_type=2 2 2 2 2 2 2 2 2 2 2 2 2 2 2 2 2 2 2 2 2 2 2 2 2 2 2 2 2 2
left_child=1 -1 4 -4 10 6 -6 -7 -9 -10 28 -12 -13 14 -14 20 17 18 19 -17 21 22 -15 24 -24 -18 27 -27 29 -2
right_child=2 -3 3 -5 5 7 -8 8 9 -11 11 12 13 15 -16 16 25 -19 -20 -21 -22 -23 23 -25 -26 26 -28 -29 -30 -31
leaf_value=0 1.5235710312668273e-05 0 -0.00050316433004309025 0.0008302726406498144 -0.0032342665036640948 0.0038695407228334791 5.2545212415583067e-05 -0.0020460834593620898 -0.0061944953941950823 0.009326414918971012 2.9716947336257171e-05 -0.0049997927364816425 -0.00020577843329209772 0.0026627524052124877 -0.001517272803070496 0.0001091779220033598 0.0010915717357701158 -0.013837165951900482 -0.0077059101165049826 -0.010393113141263767 0.028197263247568952 0.0045918727066070544 -0.00094726201112731916 -0.0014934306386104367 0.00035672910742874501 -0.014649196851089794 0.0001411897737928493 0.00029567369664669529 9.3346567072076197e-05 -0.00014710970657196118
leaf_weight=3271 54 22 20 220 39 57 21 20 33 28 267 25 91 39 22 92 106 20 28 21 138 99 21 28 39 26 86 24 2018 52
leaf_count=3271 54 22 20 220 39 57 21 20 33 28 267 25 91 39 22 92 106 20 28 21 138 99 21 28 39 26 86 24 2018 52
internal_value=-0.0208218 -0.0448482 0.000366899 0.0025 0.000220378 -0.00207071 -0.0075 0.000289855 -0.00240741 8.19674e-05 0.00035801 -0.000418089 -0.00107735 -0.000795454 -0.00473451 -0.000215124 -0.00194789 -0.00555901 -0.00386525 -0.00119469 0.0017033 0.000132744 -0.00248031 -0.00522727 -0.0025 0.000454546 -0.00161765 -0.007 0.000786253 -0.00254717
internal_weight=7027 3293 3734 240 3494 198 60 138 81 61 3296 1172 905 880 113 767 403 161 141 113 364 226 127 88 60 242 136 50 2124 106
internal_count=7027 3293 3734 240 3494 198 60 138 81 61 3296 1172 905 880 113 767 403 161 141 113 364 226 127 88 60 242 136 50 2124 106
is_linear=0
shrinkage=0.05


Tree=288
num_leaves=31
num_cat=0
split_feature=0 14 1 15 7 5 13 13 6 12 16 0 10 1 9 2 15 9 17 3 2 5 11 17 1 10 17 4 17 16
split_gain=1425.86 4.51509 0.603711 1.00131 1.14999 0.59303 0.534892 0.755498 0.98324 0.513786 0.495479 0.492028 1.31364 0.448336 0.686021 0.746702 0.460389 0.410894 0.476044 0.462035 0.981818 0.72907 0.88817 0.84982 0.397727 0.69527 0.572332 0.648609 0.4 0.373535
threshold=3.5000000000000004 6.3656501350523191 140.00000000000003 40.551502909482295 1.0000000180025095e-35 18.500000000000004 0.13904003539040038 0.19632589955022492 6.5000000000000009 69.28454809709838 20.036316817196202 820.50000000000011 -0.88603780069526494 59.150000000000013 -0.46353310059116143 9.5000000000000018 15.736710028536377 -0.99273952934267318 18.964673795891589 31.450000000000003 117.50000000000001 73.500000000000014 10.347694026713762 27.117595147965766 554.45000000000016 -0.60505606964884906 30.393521375943198 10.450000000000001 31.669255773338811 23.298690302422049
decision_type=2 2 2 2 2 2 2 2 2 2 2 2 2 2 2 2 2 2 2 2 2 2 2 2 2 2 2 2 2 2
left_child=1 -1 3 5 -5 10 -4 8 -8 -7 -2 -9 -13 14 15 -11 -17 -15 -19 21 -21 22 -20 -24 -14 -26 -27 28 -28 -12
right_child=2 -3 6 4 -6 9 7 11 -10 13 29 12 24 17 -16 16 -18 18 19 20 -22 -23 23 -25 25 26 27 -29 -30 -31
leaf_value=0 -0.0001977306212544351 0 0.010211582185955671 -0.0079764896373847993 0.0014109732563524491 -1.2390496508887452e-05 2.4659478739929317e-05 0.0001613576355508132 -0.0006734709599470406 -2.0538242617221722e-05 -1.248421782136321e-05 -0.0038406832764008208 0.0015234896766716521 0.027779656021571647 8.8410455774845981e-05 0.00038706392334955436 -0.00067864844421548309 0.00063009585903805706 -0.0015835874648587097 0.00022616956898260872 -0.00090769849362802308 1.8052162655550113e-05 -0.00023312933597971911 0.00019028262188887238 -0.0066904896105313798 0.0022694810245472109 -0.012668565754623646 0.00030036112985525537 -0.00017168524538817851 -0.00048826768863229639
leaf_weight=3271 23 22 69 37 26 59 41 2450 26 20 75 22 30 28 225 80 31 27 30 66 30 68 42 37 20 75 20 33 20 24
leaf_count=3271 23 22 69 37 26 59 41 2450 26 20 75 22 30 28 225 80 31 27 30 66 30 68 42 37 20 75 20 33 20 24
internal_value=-0.0208645 -0.0448482 0.000286556 -0.000818965 -0.00690476 -0.000375722 0.000652174 0.000542565 -0.00470149 0.000154778 -0.00360656 0.000674157 -0.00159091 0.000540936 0.00176966 -0.00110687 0.000495496 -0.000792683 -0.00133333 -0.00195971 0.000833334 -0.00347458 -0.00600917 -0.00322785 -0.00030303 -0.00125 -6.75674e-05 -0.00321918 -0.0075 -0.00207071
internal_weight=7027 3293 3734 928 63 865 2806 2737 67 743 122 2670 220 684 356 131 111 328 300 273 96 177 109 79 198 168 148 73 40 99
internal_count=7027 3293 3734 928 63 865 2806 2737 67 743 122 2670 220 684 356 131 111 328 300 273 96 177 109 79 198 168 148 73 40 99
is_linear=0
shrinkage=0.05


Tree=289
num_leaves=31
num_cat=0
split_feature=0 14 12 3 0 15 5 18 6 3 14 5 6 9 3 0 4 4 0 4 5 12 4 2 1 13 16 4 15 17
split_gain=1430.94 4.51509 0.527202 0.408349 0.633219 1.60785 0.603478 0.511786 0.637844 0.902965 0.560024 0.415681 0.531893 0.432102 0.395806 0.386577 0.371555 1.05701 0.363121 0.357292 0.335097 0.309375 0.301372 0.307209 1.20425 0.802508 0.748583 0.896851 0.631927 1.04362
threshold=3.5000000000000004 6.3656501350523191 69.28454809709838 38.550000000000004 286.50000000000006 10.869060987546026 13.500000000000002 63.800001184752524 5.5000000000000009 39.750000000000007 35.567829786841443 31.500000000000004 15.500000000000002 -0.36971084796686599 45.95000000000001 141.50000000000003 23.750000000000004 23.150000000000002 811.00000000000011 10.65 63.500000000000007 237.6535967907231 22.250000000000004 179.50000000000003 118.2 0.42917335473515256 22.54037586692699 7.6500000000000012 79.271261223352738 31.254695393367452
decision_type=2 2 2 2 2 2 2 2 2 2 2 2 2 2 2 2 2 2 2 2 2 2 2 2 2 2 2 2 2 2
left_child=1 -1 20 16 5 6 15 10 19 -10 -6 14 -13 -14 -12 -5 17 22 -11 -9 -2 -21 23 -4 25 -25 -26 28 29 -28
right_child=2 -3 3 4 7 -7 -8 8 9 18 11 12 13 -15 -16 -17 -18 -19 -20 21 -22 -23 -24 24 26 -27 27 -29 -30 -31
leaf_value=0 3.0077611949032802e-05 0 3.6526658191993891e-05 -0.0019366818176218019 -0.00097038421383694026 -0.00023682658654940208 0.00032484188999401401 -0.00042249410969609805 2.7668231731219269e-05 -0.0096444072492259392 0.0018212925351743709 -0.0010671919092870984 -0.0020670266275779085 0.0019713326181428942 -0.0061803371217548364 0.0056862159899092818 0.0005435208199309708 -0.00070256326707191202 -0.0046863296120020614 0.011901324600189167 -2.8922840215526473e-05 -0.00057327063344899602 0.0034981588649607709 0.00029418577119814807 0.00021699531547853535 -0.0041678454122051163 -0.00014014658314423622 -8.6257634337979738e-05 0.00034786836738468911 -0.038231015298698878
leaf_weight=3271 28 22 1479 31 21 37 55 20 35 20 282 29 20 44 22 23 275 34 27 44 31 20 39 22 776 36 26 205 28 25
leaf_count=3271 28 22 1479 31 21 37 55 20 35 20 282 29 20 44 22 23 275 34 27 44 31 20 39 22 776 36 26 205 28 25
internal_value=-0.0208218 -0.0448482 0.000366899 0.000442177 -0.000616438 -0.00356164 -0.000504587 0.000119863 -0.00222892 -0.00536585 0.00105263 0.00147355 -0.00145161 0.00109375 0.00236842 -0.00425926 0.000704584 0.000524345 -0.00989362 0.000833334 -0.00432203 0.00265625 0.000637329 0.000571814 -5.36671e-05 -0.00706897 0.000330189 -0.0018662 -0.0063924 -0.00970588
internal_weight=7027 3293 3734 3675 730 146 109 584 166 82 418 397 93 64 304 54 2945 2670 47 84 59 64 2636 2597 1118 58 1060 284 79 51
internal_count=7027 3293 3734 3675 730 146 109 584 166 82 418 397 93 64 304 54 2945 2670 47 84 59 64 2636 2597 1118 58 1060 284 79 51
is_linear=0
shrinkage=0.05


Tree=290
num_leaves=31
num_cat=0
split_feature=0 14 12 3 0 0 6 2 0 12 10 4 1 0 11 7 6 3 16 6 17 17 11 14 2 17 9 15 16 9
split_gain=1427.55 4.51509 0.642356 0.38223 0.483979 0.840894 0.770038 1.58881 0.697324 1.34069 0.761382 0.722046 0.883025 1.17489 0.567376 0.523389 0.988885 0.474375 0.865711 0.656189 0.624245 0.490539 0.444586 0.578083 0.632187 0.422446 0.749015 0.753463 0.644755 0.476374
threshold=3.5000000000000004 6.3656501350523191 72.360193266911679 38.350000000000001 457.50000000000006 400.50000000000006 36.500000000000007 220.50000000000003 659.50000000000011 250.61276513246273 0.99164058729498161 7.1500000000000012 720.25000000000011 706.50000000000011 43.501792446014029 0.37940952255126054 97.500000000000014 41.850000000000001 21.823300973071337 34.500000000000007 28.504165138946732 23.628646176800469 1.1403805686558013 7.2227625521420391 21.500000000000004 25.213452694331927 0.32533907195844747 47.743168517582781 21.287228689081797 0.8140385552266387
decision_type=2 2 2 2 2 2 2 2 2 2 2 2 2 2 2 2 2 2 2 2 2 2 2 2 2 2 2 2 2 2
left_child=1 -1 -2 4 5 22 -7 -8 10 11 15 12 13 -10 -9 -6 -17 20 19 -19 21 -5 23 -4 -25 26 -23 -28 -27 -30
right_child=2 -3 3 17 8 6 7 14 9 -11 -12 -13 -14 -15 -16 16 -18 18 -20 -21 -22 25 -24 24 -26 28 27 -29 29 -31
leaf_value=0 -8.3391158125203786e-06 0 -1.7522997049146651e-05 0.00069769684478275214 0.037517794355987816 -1.0782210850816566e-05 -0.015734765680368815 0.021442372481341551 -0.0055710595425892285 -0.007744829156540102 -0.042682358733929573 0.00049982104030784258 -0.020411931817230819 0.00082352028931181496 -0.0047676066636104537 0.0009254824780400632 -0.01140931269615615 0.001050068234813222 -0.0024292180346015563 -0.0051746480960420255 0.0017736558431887867 -0.00085029175095206017 3.29380434614506e-05 6.3521914094518917e-06 -0.00088451695756090732 3.7582129312853437e-06 -0.00010052607890306818 -0.0046723938804876866 -0.0014050116532215002 0.0017010019131460858
leaf_weight=3271 83 22 20 65 381 103 28 20 28 20 29 474 35 95 27 207 21 204 23 23 60 117 1274 100 28 167 22 20 39 21
leaf_count=3271 83 22 20 65 381 103 28 20 28 20 29 474 35 95 27 207 21 204 23 23 60 117 1274 100 28 167 22 20 39 21
internal_value=-0.0208503 -0.0448482 0.000313337 0.000412216 0.000674741 9.37502e-05 -0.00314607 -0.007 0.00139535 0.000245399 0.00257053 0.000648734 -0.00227848 -0.000284553 -0.00138298 0.00294745 0.00105263 -0.000584757 0.0012 0.00213656 -0.00145793 -0.00209534 0.000499297 -0.00209459 -0.000859375 -0.00277202 -0.00474843 -0.0104762 -0.00138766 -0.00583333
internal_weight=7027 3293 3734 3651 2890 1600 178 75 1290 652 638 632 158 123 47 609 228 761 250 227 511 451 1422 148 128 386 159 42 227 60
internal_count=7027 3293 3734 3651 2890 1600 178 75 1290 652 638 632 158 123 47 609 228 761 250 227 511 451 1422 148 128 386 159 42 227 60
is_linear=0
shrinkage=0.05


Tree=291
num_leaves=31
num_cat=0
split_feature=0 14 18 0 3 0 18 11 13 9 5 4 5 0 5 0 0 9 15 15 12 2 10 9 3 5 11 9 18 1
split_gain=1425.86 4.51509 0.512906 0.971823 0.589072 0.585655 1.41946 1.44569 1.06845 0.818452 0.857143 0.692827 0.878345 0.642971 0.594604 0.606146 0.556644 0.706347 0.528443 0.964286 0.519697 0.498033 0.78791 0.674607 0.627355 0.718618 0.679114 0.580517 0.999927 1.00517
threshold=3.5000000000000004 6.3656501350523191 68.579638533343214 818.50000000000011 42.050000000000004 618.50000000000011 56.356832226219304 53.912270451876722 0.61768869724180819 -0.12020359228713753 27.500000000000004 16.250000000000004 53.500000000000007 425.50000000000006 35.500000000000007 654.50000000000011 842.50000000000011 -0.99273952934267318 65.356297181859702 60.093421069865663 224.88757814396817 168.50000000000003 0.60503365783732044 0.98801351631316348 32.850000000000001 21.500000000000004 28.465057462023129 0.4975086818028765 37.199530931578501 327.75000000000006
decision_type=2 2 2 2 2 2 2 2 2 2 2 2 2 2 2 2 2 2 2 2 2 2 2 2 2 2 2 2 2 2
left_child=1 -1 3 4 5 8 7 -7 21 -9 -11 12 14 -10 15 -8 17 -4 19 -17 -21 -2 23 24 -23 -26 -27 28 29 -28
right_child=2 -3 16 -5 -6 6 11 9 13 10 -12 -13 -14 -15 -16 18 -18 -19 -20 20 -22 22 -24 -25 25 26 27 -29 -30 -31
leaf_value=0 4.096050223413463e-06 0 -0.0061620772229819647 -0.0029490126743966401 0.00041323853279348209 -0.0073010897497905285 0.06170075964322036 0.001709009127722148 -0.0012015639819096314 6.0281952927174805e-05 -0.0019537870959395551 0.000519571970943585 -0.0023136747245994008 0.010822012595346995 0.00041543919142571011 -5.0018104505434891e-06 -0.00021936215252679335 0.022916773611374175 0.00011045872407109585 -0.0024971270733747412 -0.0011034317490522447 0.00032734451839164724 -0.00049624479246108554 -0.0029476576777595041 0.0010068939030151878 0.0055617996079542521 -0.00096496844596053474 -0.0067439338193438312 0.011141453637819531 -0.011425329315715117
leaf_weight=3271 1495 22 47 39 186 31 22 22 42 21 21 162 30 385 71 42 125 458 44 20 22 138 22 35 71 29 83 23 26 22
leaf_count=3271 1495 22 47 39 186 31 22 22 42 21 21 162 30 385 71 42 125 458 44 20 22 138 22 35 71 29 83 23 26 22
internal_value=-0.0208645 -0.0448482 0.000286556 2.25517e-05 0.000122349 -5.3838e-05 -0.00159449 -0.00710526 0.000276255 -0.0028125 -0.00690476 -0.000326876 -0.00197211 0.00254098 -0.000882353 -0.00266667 0.0015873 0.00232673 -0.00398437 -0.00630952 -0.0116667 -0.000221193 -0.00168151 -0.00120609 -0.000612245 -0.00208661 -0.00374317 -0.00506493 -0.00377863 -0.00595238
internal_weight=7027 3293 3734 3104 3065 2879 508 95 2371 64 42 413 251 427 221 150 630 505 128 84 42 1944 449 427 392 254 183 154 131 105
internal_count=7027 3293 3734 3104 3065 2879 508 95 2371 64 42 413 251 427 221 150 630 505 128 84 42 1944 449 427 392 254 183 154 131 105
is_linear=0
shrinkage=0.05


Tree=292
num_leaves=31
num_cat=0
split_feature=0 14 17 13 4 16 5 3 11 14 6 16 6 1 6 2 4 11 13 4 4 12 14 3 3 2 16 16 1 9
split_gain=1416.57 4.51509 0.634051 1.25073 0.75187 0.930643 0.951837 2.1101 0.844233 1.15741 0.841109 0.785672 0.574256 0.770944 0.625071 0.572024 0.562841 0.792219 0.648043 0.553575 0.544218 0.631809 0.542592 0.518627 0.426409 0.458674 1.17237 0.757823 0.761929 0.946746
threshold=3.5000000000000004 6.3656501350523191 25.268654498422432 0.0093422258425822236 25.850000000000005 19.621524953143865 37.500000000000007 41.050000000000004 24.366276592681828 37.382322533017664 27.500000000000004 14.930233054352412 91.500000000000014 318.25000000000006 99.500000000000014 228.50000000000003 11.350000000000003 78.404846569963695 0.94388784892013045 16.250000000000004 11.450000000000001 147.7585125690716 34.3010813843458 37.350000000000001 45.95000000000001 125.50000000000001 22.647110033780503 22.511062294384303 398.60000000000008 0.27609441636666071
decision_type=2 2 2 2 2 2 2 2 2 2 2 2 2 2 2 2 2 2 2 2 2 2 2 2 2 2 2 2 2 2
left_child=1 -1 3 -2 5 8 7 22 -5 11 -8 20 13 19 -14 -15 18 -18 -11 -13 -10 -22 -7 -20 25 27 -27 28 -4 -30
right_child=2 -3 24 4 -6 6 10 -9 9 16 -12 12 14 15 -16 -17 17 -19 23 -21 21 -23 -24 -25 -26 26 -28 -29 29 -31
leaf_value=0 -2.3439548271702565e-05 0 -2.4758373200982056e-05 7.2614180300246595e-05 0.0012955978061392132 -0.00097290702460643306 0.0008348117357172164 6.3514280713556435e-06 0.00076123788782542874 0.00049200742222470087 -0.00010394189611705927 0.0015539876744166674 -0.0010909096454815523 -0.014531772300201291 -0.0027733077748804107 -0.00043859927560950616 0.0043203248656537314 -0.0017179820393951155 -0.0066994164975789031 -0.00062602464952507899 0.005568809760713939 -0.0042587949660602411 -0.0076621864235876221 -3.2147612285347487e-05 -0.0085108074604389513 0.00060424408843464295 -0.0002235054609189019 7.9128430484948041e-05 0.0015190613864906493 -0.0012043260999842335
leaf_weight=3271 23 22 549 246 87 26 39 53 35 76 32 47 24 20 38 28 182 21 20 27 29 20 21 34 22 1291 481 214 22 27
leaf_count=3271 23 22 549 246 87 26 39 53 35 76 32 47 24 20 38 28 182 21 20 27 29 20 21 34 22 1291 481 214 22 27
internal_value=-0.0209428 -0.0448482 0.000139261 -0.000851064 -0.00061086 -0.000992141 -0.00435672 -0.0075 -0.000312869 -0.0013228 7.04227e-05 -0.00376866 -0.00559783 -0.00360656 -0.00951613 -0.00854167 0.000645646 0.00229064 -0.00192308 -0.000405405 0.000238095 -0.00316327 -0.0152128 -0.00611111 0.00056792 0.000626935 0.00107788 -0.000357143 -0.0012709 -0.0072449
internal_weight=7027 3293 3734 1128 1105 1018 171 100 847 601 71 268 184 122 62 48 333 203 130 74 84 49 47 54 2606 2584 1772 812 598 49
internal_count=7027 3293 3734 1128 1105 1018 171 100 847 601 71 268 184 122 62 48 333 203 130 74 84 49 47 54 2606 2584 1772 812 598 49
is_linear=0
shrinkage=0.05


Tree=293
num_leaves=31
num_cat=0
split_feature=0 14 4 17 3 15 16 14 6 18 3 1 1 4 14 17 6 13 6 12 4 4 5 12 4 18 1 16 16 0
split_gain=1418.26 4.51509 0.499922 0.435811 0.67931 0.643992 1.31699 1.06839 1.28099 0.708918 0.773196 0.635867 1.04927 0.631301 0.722473 0.578493 0.549689 0.743254 0.63292 0.493024 0.519771 0.955682 0.473485 0.426879 0.405723 0.384133 0.440436 0.362265 0.476097 0.425809
threshold=3.5000000000000004 6.3656501350523191 26.550000000000004 26.305874254906211 41.95000000000001 38.712889201876969 20.685615849372859 31.352755148109484 96.500000000000014 37.455573811416436 41.45000000000001 346.25000000000006 395.90000000000003 20.150000000000002 23.974700135607073 26.659685880431926 98.500000000000014 0.42408226221079698 7.5000000000000009 91.062815062292501 16.750000000000004 11.050000000000002 44.500000000000007 280.24522673836947 17.350000000000005 68.886760837600093 504.65000000000003 21.380689891532377 22.278962470566167 483.00000000000006
decision_type=2 2 2 2 2 2 2 2 2 2 2 2 2 2 2 2 2 2 2 2 2 2 2 2 2 2 2 2 2 2
left_child=1 -1 3 4 5 13 7 8 -7 -9 11 -11 -13 16 23 -5 18 24 19 20 21 22 -2 -15 -18 26 -14 -4 29 -29
right_child=2 -3 27 15 -6 6 -8 9 -10 10 -12 12 25 14 -16 -17 17 -19 -20 -21 -22 -23 -24 -25 -26 -27 -28 28 -30 -31
leaf_value=0 0.00066968749803684882 0 0.00081291861742704247 0.0006440603485124857 0.00049901358453528549 -0.0031929240509602982 -0.016634322200899977 -0.0014140047666016814 0.00017259412959289784 0.050418716820066538 -0.00082857861392599983 -0.0016320829550519969 5.6791010740966539e-05 -2.698571849452594e-05 0.0067215508212505829 2.2464376408525314e-05 0.00012273263378015958 -0.0010771317701872586 0.00018348497427783347 0.00015413204544490776 5.4311857587840682e-05 -0.00094821949999801839 -7.9435295894343628e-05 -0.00088681028339069256 -0.00028390584014336377 0.02734898875810193 -0.0029161628807131356 -0.00038123995295151822 0.0070622303272516078 0.00025261420249272166
leaf_weight=3271 24 22 144 124 145 29 20 35 27 56 20 31 199 82 50 1955 103 33 299 79 23 20 20 25 22 36 45 23 30 35
leaf_count=3271 24 22 144 124 145 29 20 35 27 56 20 31 199 82 50 1955 103 33 299 79 23 20 20 25 22 36 45 23 30 35
internal_value=-0.0209286 -0.0448482 0.000166042 1.71333e-05 -0.000657062 -0.00102504 -0.00242972 -0.00190377 -0.00839286 -0.00104265 -0.000426356 9.5368e-05 -0.000787781 -0.000128205 -0.00296178 0.000478596 0.000585875 -0.00196203 0.00145161 -0.0010241 -0.00362069 -0.0059375 -0.00181818 -0.00528037 -0.0002 0.000178572 -0.000532787 0.00241379 -0.000113636 -0.00275862
internal_weight=7027 3293 3734 3502 1423 1278 498 478 56 422 387 367 311 780 157 2079 623 158 465 166 87 64 44 107 125 280 244 232 88 58
internal_count=7027 3293 3734 3502 1423 1278 498 478 56 422 387 367 311 780 157 2079 623 158 465 166 87 64 44 107 125 280 244 232 88 58
is_linear=0
shrinkage=0.05


Tree=294
num_leaves=31
num_cat=0
split_feature=0 14 0 3 18 0 13 4 6 3 0 0 16 10 9 0 1 18 10 3 10 3 6 17 2 4 9 2 9 18
split_gain=1422.48 4.51509 0.66448 1.85358 0.489149 1.11157 2.31694 0.955378 1.56812 1.03623 0.659251 1.14142 0.904914 0.640975 0.620464 0.588232 0.495969 0.836315 0.573841 0.539259 0.533785 0.896745 0.60885 0.498629 0.907355 0.493931 0.455399 0.431782 0.461524 0.455551
threshold=3.5000000000000004 6.3656501350523191 7.5000000000000009 31.050000000000004 56.356832226219304 542.50000000000011 0.68399223954901534 11.65 13.500000000000002 37.050000000000004 676.50000000000011 699.50000000000011 20.93738955029368 0.99164058729498161 0.96230016621822489 483.00000000000006 333.15000000000003 22.396111405465437 -0.76107606668641947 36.750000000000007 0.98043284291745803 13.550000000000002 85.500000000000014 31.377959158067679 138.50000000000003 21.450000000000003 -0.99466160899732459 186.50000000000003 -0.93380263866670532 59.840242753896526
decision_type=2 2 2 2 2 2 2 2 2 2 2 2 2 2 2 2 2 2 2 2 2 2 2 2 2 2 2 2 2 2
left_child=1 -1 3 -2 5 15 -7 8 -8 -10 13 12 -12 14 -6 16 -4 -18 -19 20 21 -20 23 -23 -25 26 -13 -28 -29 -30
right_child=2 -3 4 -5 10 6 7 -9 9 -11 11 25 -14 -15 -16 -17 17 18 19 -21 -22 22 -24 24 -26 -27 27 28 29 -31
leaf_value=0 3.3708487904212974e-06 0 1.7302942472329154e-05 -3.4520451376125694e-05 0.049803371345558352 -0.015783708558499639 0.003765181113460519 8.9251680458340651e-05 -0.003362775306966308 -0.00063880138996716472 -0.0015563358066600476 -0.012613789535240129 -0.0029590119115796669 -0.020481888036447779 -0.0027447902723019765 0.0094826455847830653 -0.00041117384915506503 -0.00083133776862277884 -0.00069082034058322588 0.0049413263232255472 0.015442297689604541 0.00012844901048500877 -0.00146971336642989 0.00010680833275563821 -0.0041518838811012348 0.0098531587874872983 -0.01869971847767465 0.028209865111492451 0.0010454126859448399 -0.00012800106009044882
leaf_weight=3271 43 22 1520 24 311 24 30 168 29 28 39 27 24 35 30 149 22 27 21 41 33 194 32 41 34 172 22 78 46 490
leaf_count=3271 43 22 1520 24 311 24 30 168 29 28 39 27 24 35 30 149 22 27 21 41 33 194 32 41 34 172 22 78 46 490
internal_value=-0.020893 -0.0448482 0.000232994 -0.00470149 0.000323153 -9.82029e-05 -0.00306452 -0.00166667 -0.00591954 -0.0107895 0.0011146 0.000378619 -0.00611111 0.00287234 0.00353372 0.000293283 6.36134e-05 -0.00140449 -0.000910165 -0.000429293 -0.00105634 -0.00167702 -0.000980066 -0.000204461 -0.00366667 0.000868264 0.000248869 0.000518868 0.000765472 0.000242537
internal_weight=7027 3293 3734 67 3667 2393 279 255 87 57 1274 898 63 376 341 2114 1965 445 423 396 355 322 301 269 75 835 663 636 614 536
internal_count=7027 3293 3734 67 3667 2393 279 255 87 57 1274 898 63 376 341 2114 1965 445 423 396 355 322 301 269 75 835 663 636 614 536
is_linear=0
shrinkage=0.05


Tree=295
num_leaves=31
num_cat=0
split_feature=0 14 10 1 1 1 6 9 1 1 0 0 16 16 1 11 18 1 3 5 5 1 2 1 16 4 9 17 13 0
split_gain=1411.52 4.51509 0.664347 0.637288 0.589327 0.622677 1.32407 0.991528 1.80445 1.85575 0.826333 0.816878 0.988792 0.577355 0.539377 0.732751 1.03052 0.659288 0.862332 1.30996 0.537158 0.948888 0.527376 0.513601 0.512313 0.510705 0.510484 0.58297 0.61706 0.583805
threshold=3.5000000000000004 6.3656501350523191 0.25951179706979971 720.25000000000011 681.10000000000014 333.15000000000003 88.500000000000014 0.96900085243778578 491.00000000000006 404.55000000000007 442.50000000000006 746.50000000000011 16.387632351452886 24.159557779510425 609.75000000000011 47.533420663951368 71.019685111077692 388.65000000000003 34.45000000000001 31.500000000000004 8.5000000000000018 159.15000000000001 273.50000000000006 373.75000000000006 22.203956883543508 22.050000000000004 -0.98211651112579568 23.940370457556281 0.91002424299207718 691.50000000000011
decision_type=2 2 2 2 2 2 2 2 2 2 2 2 2 2 2 2 2 2 2 2 2 2 2 2 2 2 2 2 2 2
left_child=1 -1 3 4 5 10 11 8 9 -8 20 12 -7 14 17 -16 -17 18 -14 23 21 -2 -13 -20 25 -24 -19 -28 29 -29
right_child=2 -3 -4 -5 -6 6 7 -9 -10 -11 -12 22 13 -15 15 16 -18 26 19 -21 -22 -23 24 -25 -26 -27 27 28 -30 -31
leaf_value=0 -0.00048080434414146217 0 0.00015361990275883396 -0.011133543319305808 0.026075222745467842 -0.0030397002989365641 -0.0016193255621513867 0.0002177283755166125 -0.013018151145636281 0.00021978429785191359 0.038199910241934948 0.014883193875905455 0.0020006434989771247 -0.0051874557411767056 0.00092872534545781419 -0.0026199784965860416 7.1166167903907726e-05 0.043934083521364138 0.00020298193724552018 -0.0046516630708952778 1.8171306129501042e-06 0.0049664661413994574 -0.00015750071590157129 -0.0002058708779056541 -0.0018566383106446962 0.026509978198983819 0.006818782421910325 -0.00016451317107994375 -0.00048874392888818439 0.00036929812496954502
leaf_weight=3271 23 22 904 27 70 29 38 54 33 46 110 117 32 21 34 20 22 87 46 27 1224 20 178 22 26 74 46 325 21 58
leaf_count=3271 23 22 904 27 70 29 38 54 33 46 110 117 32 21 34 20 22 87 46 27 1224 20 178 22 26 74 46 325 21 58
internal_value=-0.0209855 -0.0448482 5.89182e-05 -0.000318021 -0.000244381 -0.00036041 -0.00112094 -0.00523392 -0.00782051 -0.00392857 0.000388526 -0.000527426 -0.0014557 -0.00111038 -0.000878378 -0.00486842 -0.00928571 -0.000421687 -0.00366142 -0.00605263 2.76245e-05 -0.00546512 0.00132911 -0.00235294 0.000143885 0.000833334 0.000344507 -0.000333333 -0.000940594 -0.000483029
internal_weight=7027 3293 3734 2830 2803 2733 1356 171 117 84 1377 1185 790 761 740 76 42 664 127 95 1267 43 395 68 278 252 537 450 404 383
internal_count=7027 3293 3734 2830 2803 2733 1356 171 117 84 1377 1185 790 761 740 76 42 664 127 95 1267 43 395 68 278 252 537 450 404 383
is_linear=0
shrinkage=0.05


Tree=296
num_leaves=31
num_cat=0
split_feature=0 14 10 1 16 6 0 4 9 18 16 1 15 5 9 4 13 0 9 4 18 10 3 0 12 9 0 2 2 4
split_gain=1412.36 4.51509 0.47308 0.779949 0.766798 0.904207 1.13386 1.27219 0.99173 0.939734 0.825291 0.734959 0.728763 0.612348 0.933638 0.602679 0.482742 0.538745 1.26297 1.2448 0.671932 0.615277 0.533333 0.9 0.463514 0.661574 0.808143 0.456737 1.46074 1.42981
threshold=3.5000000000000004 6.3656501350523191 -0.38168922026665864 318.25000000000006 16.62392011133856 25.500000000000004 659.50000000000011 12.15 -0.18821973775956916 67.298710411985823 21.730711020853843 203.95000000000002 41.109572661233443 15.500000000000002 0.80392051724781077 20.150000000000002 0.95890541068206059 684.50000000000011 -0.99273952934267318 7.4500000000000011 55.284557033457524 0.44436171794418428 34.850000000000001 742.50000000000011 121.21800987321011 0.12447811117596704 565.50000000000011 231.50000000000003 216.50000000000003 13.350000000000003
decision_type=2 2 2 2 2 2 2 2 2 2 2 2 2 2 2 2 2 2 2 2 2 2 2 2 2 2 2 2 2 2
left_child=1 -1 3 11 12 10 7 -7 -9 -8 27 -2 -5 15 -15 -12 17 20 -19 22 -4 -21 23 -20 -22 26 -26 28 -6 -30
right_child=2 -3 16 4 5 6 9 8 -10 -11 13 -13 -14 14 -16 -17 -18 18 19 21 24 -23 -24 -25 25 -27 -28 -29 29 -31
leaf_value=0 -4.1566360608837663e-06 0 1.3585142000011753e-06 -0.00081791405111983047 0.00092413884849010448 -0.010803614052809982 0.00010718647402290762 -4.7847598452453539e-05 -0.0009310632340743995 -0.0083114684979472588 -0.0051676132670036845 0.0037550970291887874 -0.0015970661852736986 -0.0016125963586106095 0.0018601485173109656 -0.0033732375267177084 0.0083744951677138229 -0.019633537845363605 -0.0098460857911570505 0.0042907768199288796 -0.0020913410322152756 -0.0024526064873152623 0.00045216598732157305 -0.0014286979188205568 -0.047869976168854619 0.083302551138709019 0.049710227176315187 0.00030311989178246691 -0.012179419756650524 4.797875436656047e-05
leaf_weight=3271 724 22 1047 27 36 27 108 47 22 34 32 252 20 23 34 28 270 26 20 121 31 24 20 20 29 193 56 414 22 27
leaf_count=3271 724 22 1047 27 36 27 108 47 22 34 32 252 20 23 34 28 270 26 20 121 31 24 20 20 29 193 56 414 22 27
internal_value=-0.0209784 -0.0448482 7.23087e-05 -0.00048748 -0.00154828 -0.00120609 -0.00382353 -0.00802083 -0.00442029 -0.000985915 -0.000194805 0.000491803 -0.00776596 -0.00397436 -0.000263158 -0.0075 0.000638126 0.000305608 -0.00192641 -0.000609756 0.000685841 0.00189655 -0.00666667 -0.01 0.00273463 0.0033813 -0.000294117 0.000691383 -0.00264706 -0.00826531
internal_weight=7027 3293 3734 1877 901 854 238 96 69 142 616 976 47 117 57 60 1857 1587 231 205 1356 145 60 40 309 278 85 499 85 49
internal_count=7027 3293 3734 1877 901 854 238 96 69 142 616 976 47 117 57 60 1857 1587 231 205 1356 145 60 40 309 278 85 499 85 49
is_linear=0
shrinkage=0.05


Tree=297
num_leaves=31
num_cat=0
split_feature=0 14 1 1 10 18 10 2 0 0 0 16 18 14 4 16 3 1 9 2 5 12 12 6 12 4 4 16 4 9
split_gain=1418.26 4.51509 0.521958 0.467174 0.649001 1.51602 0.512922 0.432958 0.38237 0.569096 0.641106 1.44407 0.930985 0.805673 0.860809 0.825 0.692308 0.667261 0.511364 0.475955 0.431227 0.618242 1.04257 0.694444 0.363036 0.614093 1.55755 0.522232 0.656671 0.491785
threshold=3.5000000000000004 6.3656501350523191 661.75000000000011 717.10000000000014 0.7440763776038376 81.371457857181568 0.98662138620987927 353.50000000000006 829.50000000000011 793.50000000000011 618.50000000000011 23.08948345406899 55.284557033457524 39.001410839106207 5.4500000000000011 20.600010415395687 36.150000000000013 398.60000000000008 0.55601228778889811 288.50000000000006 31.500000000000004 244.33563455410859 253.90928565780555 21.500000000000004 240.08098772759664 13.15 14.15 19.801162998961491 13.450000000000001 0.98521098335796142
decision_type=2 2 2 2 2 2 2 2 2 2 2 2 2 2 2 2 2 2 2 2 2 2 2 2 2 2 2 2 2 2
left_child=1 -1 7 6 5 -5 -4 8 9 10 12 13 24 15 16 -12 -15 -16 -10 -20 -19 -22 -23 -24 -2 -26 27 -27 -29 -28
right_child=2 -3 3 4 -6 -7 -8 -9 18 -11 11 -13 -14 14 17 -17 -18 20 19 -21 21 22 23 -25 25 26 29 28 -30 -31
leaf_value=0 -1.5948066738277838e-05 0 0.013860230077237193 -0.041725643795000801 0.15110423045794885 0.0005920404637626129 -0.024937526216560032 0.018913653982789973 -0.0020470166175169538 0.00062051517680699773 -0.0015636323093159363 -0.0036004290127519068 0.038208730973617509 -0.0095072515508703836 -0.0010764776854687087 -9.5013433289853114e-05 0.00010332862033986378 0.00041193305285241598 -0.0056560082341315489 0.0015444778677339765 6.1919094121129837e-05 -0.0067910742069642359 -0.00080295690008224091 0.0013583860296817239 5.7612503145902373e-05 -0.0016225213146571701 8.3097874765938851e-05 -0.002188873400189255 0.00020457986202889421 -0.00051492979189739544
leaf_weight=3271 1205 22 228 39 56 67 22 60 24 135 20 37 182 26 23 24 26 195 20 46 169 21 20 25 472 25 479 22 32 34
leaf_count=3271 1205 22 228 39 56 67 22 60 24 135 20 37 182 26 23 24 26 195 20 46 169 21 20 25 472 25 479 22 32 34
internal_value=-0.0209286 -0.0448482 0.000166042 0.00184466 -0.000246913 -0.00254717 0.0032 -4.21431e-05 -0.000119558 -2.83731e-05 -0.000169575 -0.00165529 0.000185639 -0.00101093 -0.000445544 -0.0075 -0.00653846 0.000253863 -0.00333333 -0.00106061 0.000697675 -0.000744681 -0.00484848 -0.000555555 -9.0348e-05 0.000582707 -0.000489865 -0.00702532 -0.00425926 0.000516569
internal_weight=7027 3293 3734 412 162 106 250 3322 3262 3172 3037 586 2451 549 505 44 52 453 90 66 430 235 66 45 2269 1064 592 79 54 513
internal_count=7027 3293 3734 412 162 106 250 3322 3262 3172 3037 586 2451 549 505 44 52 453 90 66 430 235 66 45 2269 1064 592 79 54 513
is_linear=0
shrinkage=0.05


Tree=298
num_leaves=31
num_cat=0
split_feature=0 14 0 3 0 15 17 0 0 15 16 0 9 17 4 0 14 5 4 14 14 5 3 1 12 2 2 14 18 4
split_gain=1412.36 4.51509 0.621909 1.2247 0.469512 0.731261 0.575242 1.06509 0.657027 0.542115 0.743305 0.832276 0.478389 0.473469 0.43846 0.584554 2.03699 1.1495 0.670535 0.727058 1.46393 0.778235 1.11547 0.707483 0.661351 0.589183 0.910859 0.940962 0.72739 0.511708
threshold=3.5000000000000004 6.3656501350523191 7.5000000000000009 31.050000000000004 841.00000000000011 70.738785339749214 30.9501498886452 742.50000000000011 691.50000000000011 82.611920185725026 21.653746448942876 858.50000000000011 0.92913280730858816 26.141978147715587 26.750000000000004 611.50000000000011 40.406759991892741 29.500000000000004 20.150000000000002 23.974700135607073 20.021452766949508 52.500000000000007 31.750000000000004 193.10000000000005 269.58768850348935 190.50000000000003 237.50000000000003 55.860123693482208 65.305404507008191 16.650000000000002
decision_type=2 2 2 2 2 2 2 2 2 2 2 2 2 2 2 2 2 2 2 2 2 2 2 2 2 2 2 2 2 2
left_child=1 -1 3 -2 5 14 -7 8 -8 10 13 -12 -13 -6 15 18 17 -17 29 20 21 -20 23 -23 25 -18 27 -27 -29 -4
right_child=2 -3 4 -5 9 6 7 -9 -10 -11 11 12 -14 -15 -16 16 24 -19 19 -21 -22 22 -24 -25 -26 26 -28 28 -30 -31
leaf_value=0 3.3810790311798153e-06 0 1.0822510081978475e-05 -2.1696971290896274e-05 -0.008919256997975614 0.010745132832336973 0.0010834236297865305 0.043461075574271063 -0.030022941998811642 0.00098649310315640829 -0.0025800904702755899 -0.00046572301812597194 0.0041357856441421167 0.019485190636311489 0.00051516679451311931 -0.005492567399931432 0.026255817694585765 -0.0055060029573505802 0.00040858694930908252 0.00072419114366637253 -0.0020563678316788108 -0.00013029980375096824 -0.00086013303219422657 0.0057328864688463987 -0.0016192155734352693 -0.0051000599387161314 5.0469250716721663e-05 -0.0039908502854553943 0.00062539703657060958 0.00010097695018747428
leaf_weight=3271 43 22 1645 24 20 229 20 66 23 20 26 22 27 29 190 39 49 20 48 160 21 49 27 26 21 21 453 38 75 303
leaf_count=3271 43 22 1645 24 20 229 20 66 23 20 26 22 27 29 190 39 49 20 48 160 21 49 27 26 21 21 453 38 75 303
internal_value=-0.0209784 -0.0448482 7.23087e-05 -0.00470149 0.000159531 0.000273914 0.00248521 -0.000504587 -0.00662791 -0.00263889 -0.00387097 -0.007 -0.00316327 0.000918368 3.92467e-05 -0.000108514 -0.00135475 -0.0102542 0.000283019 -0.00179758 -0.00406433 -0.00233333 -0.00480392 -0.00166667 -0.000555555 -0.000267295 -0.000706984 -0.00432836 -0.00252212 0.00063655
internal_weight=7027 3293 3734 67 3667 3523 338 109 43 144 124 75 49 49 3185 2995 716 59 2279 331 171 150 102 75 657 636 587 134 113 1948
internal_count=7027 3293 3734 67 3667 3523 338 109 43 144 124 75 49 49 3185 2995 716 59 2279 331 171 150 102 75 657 636 587 134 113 1948
is_linear=0
shrinkage=0.05


Tree=299
num_leaves=31
num_cat=0
split_feature=0 14 14 16 0 16 6 0 3 5 6 18 1 6 1 1 10 1 13 18 0 4 1 4 9 0 1 8 15 11
split_gain=1414.04 4.51509 0.48726 0.573946 0.474123 0.514673 0.825 0.436011 0.889506 0.427907 0.419048 0.40906 0.659728 0.370657 0.859045 1.50222 0.949565 1.36987 0.9015 0.770598 1.10071 0.974882 0.975537 0.521291 0.462987 0.507698 0.806248 1.21149 0.677352 0.358974
threshold=3.5000000000000004 6.3656501350523191 75.235558279728778 22.647110033780503 841.00000000000011 21.653746448942876 1.5000000000000002 7.5000000000000009 31.050000000000004 65.500000000000014 1.5000000000000002 80.042717380436031 717.10000000000014 87.500000000000014 346.25000000000006 363.80000000000001 0.79874978539248442 557.6500000000002 0.71293851168443745 35.315619997584982 270.50000000000006 18.450000000000003 172.25000000000003 8.9500000000000011 0.96460524310950191 231.50000000000003 96.800000000000026 -0.37940952255126015 15.736710028536377 11.681078596062505
decision_type=2 2 2 2 2 2 2 2 2 2 2 2 2 2 2 2 2 2 2 2 2 2 2 2 2 2 2 2 2 2
left_child=1 -1 4 -4 7 10 -7 8 9 -2 -6 12 -5 -9 19 -16 17 18 -17 20 23 22 -22 -15 25 26 27 -25 -28 -29
right_child=2 -3 3 11 5 6 -8 13 -10 -11 -12 -13 -14 14 15 16 -18 -19 -20 -21 21 -23 -24 24 -26 -27 28 29 -30 -31
leaf_value=0 5.8659705772169387e-05 0 0.035600254313659145 0.00052644098859663303 0.0081296524403245678 -0.0025549790929780391 -1.1420368735440426e-06 2.772403999920589e-05 -2.0612122726351446e-05 -7.7897529949758013e-06 -0.0084732941480771071 0.0088511434900747157 -0.043669345439481831 0.00043831656788655528 -0.0064282392671829967 -0.004843849050588398 0.029827390795302458 -0.011325738343078534 8.2250074231497651e-05 0.034664667762123319 -0.0011924066793506331 0.0011975703093599695 -0.0011113622651692625 -0.0013743264615998217 0.0007599909453347161 0.0029134408793858365 -0.0021520839893902138 -2.9745331797118205e-06 -5.4694460374624804e-05 0.00021298765598947789
leaf_weight=3271 23 22 107 65 22 24 20 2578 24 20 20 60 20 75 25 33 39 30 98 106 32 37 27 38 34 28 20 52 21 56
leaf_count=3271 23 22 107 65 22 24 20 2578 24 20 20 60 20 75 25 33 39 30 98 106 32 37 27 38 34 28 20 52 21 56
internal_value=-0.0209641 -0.0448482 9.90896e-05 0.00222222 -5.45662e-05 -0.00372093 -0.0075 3.82805e-05 -0.00395522 0.000348837 0.000238095 0.000172414 -0.00205882 0.000118654 -0.000858855 -0.00344444 -0.002 -0.00369565 -0.00148855 0.000247148 -0.000714286 -0.00541667 -0.00940678 0.000679013 -0.000421687 -0.00127907 -0.00221925 -0.000479452 -0.00841463 0.00222222
internal_weight=7027 3293 3734 252 3482 86 44 3396 67 43 42 145 85 3329 751 225 200 161 131 526 420 96 59 324 249 215 187 146 41 108
internal_count=7027 3293 3734 252 3482 86 44 3396 67 43 42 145 85 3329 751 225 200 161 131 526 420 96 59 324 249 215 187 146 41 108
is_linear=0
shrinkage=0.05


end of trees

feature_importances:
ghi=1427
dni=764
wind_speed=740
physics_estimate_kw=632
lag_1h_generation=630
doy_cos=557
doy_sin=509
temp_air=490
dhi=395
solar_azimuth=391
cloud_cover_pct=355
rolling_mean_24h=354
lag_24h_generation=346
clearsky_index=326
rolling_std_24h=306
solar_elevation=292
humidity=262
hour_sin=31
hour_cos=22

parameters:
[boosting: gbdt]
[objective: quantile]
[metric: quantile]
[tree_learner: serial]
[device_type: cpu]
[data_sample_strategy: bagging]
[data: ]
[valid: ]
[num_iterations: 300]
[learning_rate: 0.05]
[num_leaves: 31]
[num_threads: 4]
[seed: 42]
[deterministic: 0]
[force_col_wise: 0]
[force_row_wise: 0]
[histogram_pool_size: -1]
[max_depth: -1]
[min_data_in_leaf: 20]
[min_sum_hessian_in_leaf: 0.001]
[bagging_fraction: 1]
[pos_bagging_fraction: 1]
[neg_bagging_fraction: 1]
[bagging_freq: 0]
[bagging_seed: 400]
[bagging_by_query: 0]
[feature_fraction: 1]
[feature_fraction_bynode: 1]
[feature_fraction_seed: 30056]
[extra_trees: 0]
[extra_seed: 12879]
[early_stopping_round: 0]
[early_stopping_min_delta: 0]
[first_metric_only: 0]
[max_delta_step: 0]
[lambda_l1: 0]
[lambda_l2: 0]
[linear_lambda: 0]
[min_gain_to_split: 0]
[drop_rate: 0.1]
[max_drop: 50]
[skip_drop: 0.5]
[xgboost_dart_mode: 0]
[uniform_drop: 0]
[drop_seed: 17869]
[top_rate: 0.2]
[other_rate: 0.1]
[min_data_per_group: 100]
[max_cat_threshold: 32]
[cat_l2: 10]
[cat_smooth: 10]
[max_cat_to_onehot: 4]
[top_k: 20]
[monotone_constraints: ]
[monotone_constraints_method: basic]
[monotone_penalty: 0]
[feature_contri: ]
[forcedsplits_filename: ]
[refit_decay_rate: 0.9]
[cegb_tradeoff: 1]
[cegb_penalty_split: 0]
[cegb_penalty_feature_lazy: ]
[cegb_penalty_feature_coupled: ]
[path_smooth: 0]
[interaction_constraints: ]
[verbosity: -1]
[saved_feature_importance_type: 0]
[use_quantized_grad: 0]
[num_grad_quant_bins: 4]
[quant_train_renew_leaf: 0]
[stochastic_rounding: 1]
[linear_tree: 0]
[max_bin: 255]
[max_bin_by_feature: ]
[min_data_in_bin: 3]
[bin_construct_sample_cnt: 200000]
[data_random_seed: 175]
[is_enable_sparse: 1]
[enable_bundle: 1]
[use_missing: 1]
[zero_as_missing: 0]
[feature_pre_filter: 1]
[pre_partition: 0]
[two_round: 0]
[header: 0]
[label_column: ]
[weight_column: ]
[group_column: ]
[ignore_column: ]
[categorical_feature: ]
[forcedbins_filename: ]
[precise_float_parser: 0]
[parser_config_file: ]
[objective_seed: 16083]
[num_class: 1]
[is_unbalance: 0]
[scale_pos_weight: 1]
[sigmoid: 1]
[boost_from_average: 1]
[reg_sqrt: 0]
[alpha: 0.1]
[fair_c: 1]
[poisson_max_delta_step: 0.7]
[tweedie_variance_power: 1.5]
[lambdarank_truncation_level: 30]
[lambdarank_norm: 1]
[label_gain: ]
[lambdarank_position_bias_regularization: 0]
[eval_at: ]
[multi_error_top_k: 1]
[auc_mu_weights: ]
[num_machines: 1]
[local_listen_port: 12400]
[time_out: 120]
[machine_list_filename: ]
[machines: ]
[gpu_platform_id: -1]
[gpu_device_id: -1]
[gpu_device_id_list: ]
[gpu_use_dp: 0]
[num_gpu: 1]

end of parameters

pandas_categorical:[]
