tree
version=v4
num_class=1
num_tree_per_iteration=1
label_index=0
max_feature_idx=18
objective=quantile
feature_names=ghi dni dhi temp_air wind_speed humidity cloud_cover_pct hour_sin hour_cos doy_sin doy_cos solar_elevation solar_azimuth clearsky_index lag_1h_generation lag_24h_generation rolling_mean_24h rolling_std_24h physics_estimate_kw
feature_infos=[0:938] [0:788.39999999999998] [0:457] [4.5:49.299999999999997] [0:47.399999999999999] [3:99] [0:100] [-1:1] [-1:1] [-0.99999073973619013:0.99999073973619013] [-0.99996295911626554:0.99985183920911624] [-82.247286723775701:82.808884083144434] [9.8787960934865851:355.2603799118466] [0:1] [0:94.014188613361881] [0:94.014188613361881] [0:26.725384680195802] [0:35.898931027556529] [0:93.952423930367132]
tree_sizes=793 1004 1662 2176 2446 2525 2789 2759 2768 2766 2776 2775 2795 2810 2800 2807 2808 2793 2810 2807 2800 2790 2807 2806 2819 2802 2819 2813 2832 2826 2827 2816 2829 2819 2806 2831 2832 2815 2820 2815 2801 2823 2807 2817 2832 2845 2839 2854 2836 2836 2861 2829 2816 2832 2805 2809 2827 2851 2845 2834 2794 2808 2811 2811 2846 2844 2797 2808 2840 2832 2844 2800 2832 2820 2828 2808 2806 2823 2832 2834 2844 2814 2819 2835 2772 2823 2818 2827 2848 2818 2838 2808 2839 2797 2817 2816 2806 2773 2837 2787 2830 2823 2811 2819 2848 2833 2825 2832 2814 2809 2793 2842 2820 2798 2819 2854 2794 2814 2846 2835 2837 2801 2833 2815 2836 2830 2850 2828 2858 2811 2813 2843 2810 2852 2841 2854 2789 2814 2873 2819 2849 2848 2831 2849 2830 2829 2858 2824 2853 2840 2806 2845 2867 2853 2792 2855 2890 2830 2869 2896 2884 2874 2849 2854 2868 2868 2862 2870 2850 2864 2896 2849 2867 2850 2852 2814 2877 2846 2832 2836 2835 2854 2905 2829 2835 2794 2828 2820 2811 2832 2833 2855 2856 2857 2848 2836 2875 2875 2866 2871 2873 2845 2916 2881 2862 2876 2826 2865 2873 2899 2864 2868 2842 2846 2919 2857 2871 2863 2864 2848 2867 2857 2875 2900 2857 2837 2911 2831 2877 2851 2856 2828 2781 2818 2837 2862 2864 2812 2819 2811 2842 2858 2824 2832 2826 2850 2815 2850 2843 2819 2842 2850 2842 2868 2854 2863 2846 2842 2844 2850 2832 2833 2822 2858 2870 2857 2836 2866 2874 2840 2861 2818 2833 2828 2849 2829 2926 2838 2830 2828 2875 2855 2849 2853 2821 2854 2875 2865 2827 2821 2867 2874 2834 2878 2831 2874 2838 2877 2837 2871

Tree=0
num_leaves=8
num_cat=0
split_feature=18 13 1 10 4 9 11
split_gain=1744.77 1.61931 0.795442 0.0134332 0.0357143 0.00566041 0.0395022
threshold=1.0424599011378131 0.028901772731160725 21.600000000000005 0.99164058729498161 13.15 -0.99273952934267318 56.05731918080911
decision_type=2 2 2 2 2 2 2
left_child=2 -2 -1 5 -5 6 -3
right_child=1 3 -4 4 -6 -7 -8
leaf_value=1.0564994215965271 1.1152247369289399 3.0330954909324648 1.0996408864855767 4.1449074149131775 3.095677411556244 3.1123677611351015 4.738430917263031
leaf_weight=3490 22 146 20 50 20 3257 22
leaf_count=3490 22 146 20 50 20 3257 22
internal_value=1.1121 1.13699 1.08716 1.13708 1.13639 1.13709 1.13681
internal_weight=7027 3517 3510 3495 70 3425 168
internal_count=7027 3517 3510 3495 70 3425 168
is_linear=0
shrinkage=1


Tree=1
num_leaves=10
num_cat=0
split_feature=18 15 13 13 18 10 4 9 9
split_gain=1716.61 5.44899 1.86204 8.55587 0.0318325 0.0133769 0.0357143 0.00683104 0.0428571
threshold=3.7649290988009247 3.0683358808436991 0.020050251256281411 0.028901772731160725 4.3732017446696894 0.99164058729498161 13.15 -0.99273952934267318 -0.99466160899732459
decision_type=2 2 2 2 2 2 2 2 2
left_child=1 2 -1 -4 -2 7 -7 8 -6
right_child=4 -3 3 -5 5 6 -8 -9 -10
leaf_value=-0.052824971079826359 0.024619829058647149 -0.0038883930444717496 0.00039944559335708396 -0.043813926577568066 2.651623767018318 2.8811626225709919 1.8843941193819047 2.0934391909837724 2.6200142318010329
leaf_weight=3487 30 30 38 165 120 50 20 3067 20
leaf_count=3487 30 30 38 165 120 50 20 3067 20
internal_value=-0.00125587 -0.0245565 -0.024729 -0.0200739 0.0249546 0.0249695 0.0242857 0.0249844 0.0246429
internal_weight=7027 3720 3690 203 3307 3277 70 3207 140
internal_count=7027 3720 3690 203 3307 3277 70 3207 140
is_linear=0
shrinkage=0.05


Tree=2
num_leaves=18
num_cat=0
split_feature=18 13 10 2 3 13 13 18 18 5 17 1 18 10 4 9 9
split_gain=1648.16 23.8784 9.38394 5.97735 3.5 2.79312 7.63259 2.38636 1.78627 1.23953 0.497918 0.409756 0.0460442 0.0149232 0.034127 0.00681755 0.0428571
threshold=5.4574946968981326 0.057073487949604228 -0.48248986924805465 34.500000000000007 29.650000000000002 0.020050251256281411 0.028901772731160725 1.0424599011378131 6.0593996921965543 66.500000000000014 30.067846226283365 43.750000000000007 6.3425238804615178 0.99164058729498161 13.15 -0.99273952934267318 -0.99466160899732459
decision_type=2 2 2 2 2 2 2 2 2 2 2 2 2 2 2 2 2
left_child=1 5 11 -2 9 -1 7 -7 -5 -4 -8 -3 -10 15 -15 16 -14
right_child=3 2 4 8 -6 6 10 -9 12 -11 -12 -13 13 14 -16 -17 -18
leaf_value=-0.050183722525835042 0.0021185407340526654 -0.019636419683694839 -0.027850710421800609 0.02173975798487664 0.029668433099985105 -0.0068913323357701339 -0.042928035527467739 0.0029441062062978696 0.029411352604627617 0.016440396338701247 -0.025338871747255333 -0.045368443995714186 2.5190425786674027 2.9496246139705184 1.7901744134128095 2.1262752422988416 2.4890135202109818
leaf_weight=3488 32 20 22 27 25 20 142 22 21 23 27 21 120 43 20 2934 20
leaf_count=3488 32 20 22 27 25 20 142 22 21 23 27 21 120 43 20 2934 20
internal_value=-0.00172549 -0.0239764 -0.00112613 0.024627 0.01 -0.0246621 -0.0190758 0 0.024843 0.00166667 -0.0238166 -0.020122 0.0249525 0.0249681 0.0242063 0.0249837 0.0246429
internal_weight=7027 3810 111 3217 70 3699 211 42 3185 45 169 41 3158 3137 63 3074 140
internal_count=7027 3810 111 3217 70 3699 211 42 3185 45 169 41 3158 3137 63 3074 140
is_linear=0
shrinkage=0.05


Tree=3
num_leaves=24
num_cat=0
split_feature=13 0 12 13 13 1 18 18 18 15 10 0 18 15 13 14 0 0 14 10 4 9 11
split_gain=1564.26 63.4248 16.6501 3.75761 6.94262 3.673 3.38013 6.38632 3.11626 2.83152 3.0689 2.7619 2.38636 2.03192 1.38709 1.23503 0.726528 0.524138 0.17546 0.0151308 0.033871 0.00685201 0.0404248
threshold=0.06102963559853166 108.50000000000001 89.097288448179413 0.020050251256281411 0.028901772731160725 133.95000000000002 6.3425238804615178 5.8081195090771276 4.3732017446696894 7.0357458216971365 0.85651926849515192 61.500000000000007 1.0424599011378131 3.0683358808436991 0.11284262738057783 0.66663509656356035 78.500000000000014 103.50000000000001 17.325652384954012 0.99164058729498161 13.050000000000002 -0.99273952934267318 56.05731918080911
decision_type=2 2 2 2 2 2 2 2 2 2 2 2 2 2 2 2 2 2 2 2 2 2 2
left_child=3 2 6 -1 12 8 7 11 -4 10 -10 -2 -5 18 -11 -3 -7 -8 -6 21 -21 22 -17
right_child=1 15 5 4 13 16 17 -9 9 14 -12 -13 -14 -15 -16 19 -18 -19 -20 20 -22 -23 -24
leaf_value=-0.047674536399543291 -0.0021448771223426147 0.2887502470448613 0.020576168781518925 -0.0065467657189816238 -0.040431551830470563 0.023067606969177715 -0.047885437922179724 0.013715898080170152 -0.025792913147807118 0.0022987562403082862 0.0037319335177540937 -0.026138646320998674 0.0027969008959829789 -0.0081967759221792443 0.030302576108276826 2.1775366892054677 0.079232243581116191 -0.0076457461878657543 -0.030263537661731246 2.7942988398149611 1.7006656927421688 2.1294186869099736 3.1918132032588127
leaf_weight=3488 21 20 26 20 143 22 38 21 22 22 29 29 22 20 21 118 39 20 20 42 20 2783 21
leaf_count=3488 21 20 26 20 143 22 38 21 22 22 29 29 22 20 21 118 39 20 20 42 20 2783 21
internal_value=-0.00230895 0.0226614 0.00112903 -0.024596 -0.0183333 0.0109116 -0.0125969 -0.00528169 0.00583333 0.00159574 -0.00637255 -0.015 0 -0.022541 0.0110465 0.0248835 0.0209016 -0.0215517 -0.0243865 0.0249665 0.0241935 0.0249829 0.0246403
internal_weight=7027 3314 310 3713 225 181 129 71 120 94 51 50 42 183 43 3004 61 58 163 2984 62 2922 139
internal_count=7027 3314 310 3713 225 181 129 71 120 94 51 50 42 183 43 3004 61 58 163 2984 62 2922 139
is_linear=0
shrinkage=0.05


Tree=4
num_leaves=27
num_cat=0
split_feature=18 13 2 14 18 13 2 13 13 13 12 14 0 12 10 12 9 17 0 1 6 5 10 14 9 9
split_gain=1548.65 52.6534 12.3667 6.94428 5.515 3.58384 5.63455 2.60881 5.1919 4.01786 2.51772 1.53704 4.07354 1.17277 0.89712 0.845217 0.725123 0.497918 0.494879 0.739796 0.272887 0.225 0.0168234 0.0321429 0.00678913 0.0428571
threshold=8.3957515510129301 0.057073487949604228 71.500000000000014 12.233689732794824 8.9875434930812759 0.070415698109857941 64.500000000000014 0.018359880627067459 0.028901772731160725 0.022816176579953298 93.814183692289689 2.3363398760069907 108.50000000000001 257.75010651592771 -0.48248986924805465 277.73016259139132 -0.90698021620945013 30.067846226283365 131.50000000000003 165.90000000000003 1.0000000180025095e-35 53.500000000000007 0.99164058729498161 71.285307961374045 -0.99273952934267318 -0.99466160899732459
decision_type=2 2 2 2 2 2 2 2 2 2 2 2 2 2 2 2 2 2 2 2 2 2 2 2 2 2
left_child=1 7 3 5 -2 10 14 -1 9 -9 -3 20 -13 -5 -7 -14 -15 -10 19 -6 21 -4 24 -24 25 -20
right_child=4 2 11 13 18 6 -8 8 17 -11 -12 12 15 16 -16 -17 -18 -19 22 -21 -22 -23 23 -25 -26 -27
leaf_value=-0.045290809579566126 0.0019024253778904489 0.016507001821398727 -0.020929882437661321 0.011460229212306439 0.02535984306678174 -0.030404488226510595 0.012428614824339768 -0.0095820495693851246 -0.038965187180899086 0.0025554527155775609 -0.0009687785589322373 0.0058178676062077272 -0.033047950179055353 0.051422231410145729 -0.024823163718655696 -0.010609137923195977 0.026948329299017804 -0.022543313673809174 2.2842136152737589 0.18163497695259748 -0.040029112802371404 -0.011111916214898265 1.9134789135407659 3.0493067760615795 2.0809683443003149 2.2556860097401592
leaf_weight=3474 30 23 20 22 20 34 22 28 142 28 34 22 27 23 30 23 35 27 120 29 31 20 36 20 2687 20
leaf_count=3474 30 23 20 22 20 34 22 28 142 28 34 22 27 23 30 23 35 27 120 29 31 20 36 20 2687 20
internal_value=-0.00283549 -0.0228721 -0.00478142 0.00257848 0.0246624 -0.00402098 -0.0104651 -0.0246621 -0.0194444 -0.00625 0.00570175 -0.0162587 -0.0111111 0.014375 -0.0179688 -0.019 0.0181034 -0.0238166 0.0248806 0.019898 -0.0214789 -0.01875 0.0249653 0.0241071 0.0249823 0.0246429
internal_weight=7027 4065 366 223 2962 143 86 3699 225 56 57 143 72 80 64 50 58 169 2932 49 71 40 2883 56 2827 140
internal_count=7027 4065 366 223 2962 143 86 3699 225 56 57 143 72 80 64 50 58 169 2932 49 71 40 2883 56 2827 140
is_linear=0
shrinkage=0.05


Tree=5
num_leaves=28
num_cat=0
split_feature=18 18 11 11 1 18 0 13 18 18 0 12 13 13 13 18 9 14 9 2 15 2 14 10 4 9 9
split_gain=1521.55 57.7083 13.3703 5.4031 4.77429 3.59465 6.56818 3.20481 4.15445 2.87399 3.38235 5.64667 2.27626 5.47394 4.01786 2.09975 1.83326 1.30345 1.14502 0.231549 0.625289 0.191924 0.0431034 0.0148199 0.034127 0.00678106 0.0428571
threshold=10.263212050477939 2.9228783268234895 7.2105124014547171 13.584800565826358 15.150000000000002 6.3425238804615178 73.500000000000014 0.053817355889724312 4.3732017446696894 8.2073838487936044 108.50000000000001 115.10957683589019 0.018359880627067459 0.028901772731160725 0.022816176579953298 12.85657016783575 -0.034420336615831361 28.09591547843193 0.12447811117596704 113.50000000000001 7.6875909590065286 85.500000000000014 16.772821369998631 0.99164058729498161 13.15 -0.99273952934267318 -0.99466160899732459
decision_type=2 2 2 2 2 2 2 2 2 2 2 2 2 2 2 2 2 2 2 2 2 2 2 2 2 2 2
left_child=1 12 16 7 -5 6 -6 -4 -9 10 11 -10 -1 14 -14 -2 -3 -18 -13 20 21 -7 -15 25 -25 26 -17
right_child=15 2 3 4 5 19 -8 8 9 -11 -12 18 13 22 -16 23 17 -19 -20 -21 -22 -23 -24 24 -26 -27 -28
leaf_value=-0.043026269100587822 0.052970287640696362 0.046228361878409979 -0.013216976301105699 0.0050846828964873584 -0.019667002759267561 -0.031370798642788113 0.01180718408312278 0.015442258478566995 -0.053804730690656256 0.011115549643641299 -0.027589428936582117 -0.025652588715668757 -0.0091029470909158704 -0.040940705911548816 0.0024276800797986831 2.1700029345100709 0.00032179710146598153 0.05256714442035744 0.0047229261604380124 -0.040665112053494927 -0.039565289532285247 -0.010598711227517611 -0.032587428745477466 2.5667544956042061 1.519958462428022 2.011062230552096 2.142901709253151
leaf_weight=3474 30 21 21 25 22 47 22 30 21 34 39 21 28 125 28 120 28 30 33 44 28 29 20 43 20 2624 20
leaf_count=3474 30 21 21 25 22 47 22 30 21 34 39 21 28 125 28 120 28 30 33 44 28 29 20 43 20 2624 20
internal_value=-0.00328376 -0.022542 -0.00651515 -0.0100962 -0.015553 -0.0182292 -0.00568182 -0.00414573 -0.00196629 -0.00540541 -0.00921053 -0.003 -0.0247007 -0.0195274 -0.00625 0.024825 0.0123418 0.00775862 0.00555556 -0.0219595 -0.0206731 -0.0230263 -0.0246552 0.0249646 0.0242063 0.0249819 0.0246429
internal_weight=7027 4170 495 416 217 192 44 199 178 148 114 75 3675 201 56 2857 79 58 54 148 104 76 145 2827 63 2764 140
internal_count=7027 4170 495 416 217 192 44 199 178 148 114 75 3675 201 56 2857 79 58 54 148 104 76 145 2827 63 2764 140
is_linear=0
shrinkage=0.05


Tree=6
num_leaves=31
num_cat=0
split_feature=18 18 11 11 18 10 1 13 18 18 0 12 13 13 13 11 18 9 14 9 15 4 0 3 14 18 0 10 4 9
split_gain=1508.8 58.9976 13.0853 5.42286 4.67988 6.53333 4.09352 2.50847 4.15445 2.87399 3.38235 5.64667 2.27626 5.47394 4.01786 2.02522 3.37557 1.83326 1.30345 1.14502 0.383903 0.775641 0.1 0.0581731 0.0431034 0.0315612 0.0314815 0.0155905 0.0333333 0.00726417
threshold=10.263212050477939 2.9228783268234895 7.2105124014547171 13.584800565826358 15.339071760111681 -0.54160775828284857 72.550000000000026 0.053817355889724312 4.3732017446696894 8.2073838487936044 108.50000000000001 115.10957683589019 0.018359880627067459 0.028901772731160725 0.022816176579953298 15.747718155297029 6.3425238804615178 -0.034420336615831361 28.09591547843193 0.12447811117596704 9.3593102307811442 19.450000000000003 141.50000000000003 31.650000000000002 16.772821369998631 16.420634257746357 157.50000000000003 0.99164058729498161 12.950000000000001 -0.99273952934267318
decision_type=2 2 2 2 2 2 2 2 2 2 2 2 2 2 2 2 2 2 2 2 2 2 2 2 2 2 2 2 2 2
left_child=1 12 17 7 5 -2 15 -4 -9 10 11 -10 -1 14 -14 -5 -17 -3 -19 -13 21 23 -7 -8 -15 -6 -22 29 -29 -27
right_child=4 2 3 6 25 22 20 8 9 -11 -12 19 13 24 -16 16 -18 18 -20 -21 26 -23 -24 -25 -26 27 -28 28 -30 -31
leaf_value=-0.040874955645558431 -0.015256056386488571 0.043916943784489473 -0.012556127486050417 -0.016421644599779083 0.13753914566420597 0.071744823139649722 -0.021901603311776954 0.014670145554638636 -0.051114494156123458 0.010559772161459247 -0.026209957489752966 -0.024369959279885302 -0.0086477997363700772 -0.038893670615971376 0.0023062960758087506 0.014424275984084424 -0.032605261576903334 0.00030570724639267244 0.049938787199339578 0.004486779852416101 -0.056689947793269371 -0.01002638484277747 0.082414636602616123 -0.018834150569020602 -0.030958057308203602 2.1062358260610012 -0.036690104017043361 2.4305722273669645 1.6155345930418479 1.9324019527342082
leaf_weight=3474 20 21 21 21 30 20 32 30 21 34 39 21 28 125 28 26 38 28 30 33 20 26 20 20 20 131 34 40 20 2576
leaf_count=3474 20 21 21 21 30 20 32 30 21 34 39 21 28 125 28 26 38 28 30 33 20 26 20 20 20 131 34 40 20 2576
internal_value=-0.00334069 -0.022518 -0.00631313 -0.00985577 0.02465 0.0108333 -0.0153226 -0.00389447 -0.00196629 -0.00540541 -0.00921053 -0.003 -0.0247007 -0.0195274 -0.00625 -0.00676471 -0.00234375 0.0123418 0.00775862 0.00555556 -0.0208333 -0.0185897 0.0225 -0.0221154 -0.0246552 0.0249464 -0.0240741 0.0249639 0.0241667 0.0249815
internal_weight=7027 4170 495 416 2857 60 217 199 178 148 114 75 3675 201 56 85 64 79 58 54 132 78 40 52 145 2797 54 2767 60 2707
internal_count=7027 4170 495 416 2857 60 217 199 178 148 114 75 3675 201 56 85 64 79 58 54 132 78 40 52 145 2797 54 2767 60 2707
is_linear=0
shrinkage=0.05


Tree=7
num_leaves=31
num_cat=0
split_feature=18 15 11 18 10 0 0 0 14 1 2 2 15 18 1 12 11 2 13 14 18 14 18 14 13 16 3 1 4 10
split_gain=1486.01 60.1795 11.1692 6.65257 5.52005 5.46748 4.90594 4.7336 3.75716 3.08842 2.78161 3.98781 2.25149 3.6079 3.91874 2.47944 1.66253 1.55021 5.69569 1.21212 0.842977 0.75016 0.705698 1.35608 0.524058 0.2625 0.102439 0.0346154 0.03 0.0170788
threshold=10.263212050477939 2.694309932088728 13.584800565826358 17.685032753126457 -0.69014782361074123 108.50000000000001 136.50000000000003 85.500000000000014 18.665176201013569 72.550000000000026 67.500000000000014 74.500000000000014 3.0683358808436991 4.3732017446696894 118.2 116.73198190700471 18.866066188581147 16.500000000000004 0.028901772731160725 23.101302634556074 3.7649290988009247 2.2285961550937681 8.9875434930812759 0.5796620427138518 0.051787452841669718 21.112050056978408 34.050000000000004 282.55000000000007 18.250000000000004 0.99164058729498161
decision_type=2 2 2 2 2 2 2 2 2 2 2 2 2 2 2 2 2 2 2 2 2 2 2 2 2 2 2 2 2 2
left_child=1 8 5 4 -2 7 26 12 17 10 -4 -12 -3 20 15 -15 27 -1 -19 -16 -14 -5 23 25 -20 -11 -7 -6 -24 -23
right_child=3 2 9 21 16 6 -8 -9 -10 22 11 -13 13 14 19 -17 -18 18 24 -21 -22 29 28 -25 -26 -27 -28 -29 -30 -31
leaf_value=-0.038831207863280509 -0.0092259936421265291 -0.0020826232319566262 -0.015540218627419522 0.06060084771224359 0.095146414474944319 -0.032768442500755633 0.00071326217798164395 0.0545473537809293 -0.012775900686950871 -0.017177712284810489 0.018302460559437694 -0.027337360811077762 0.0079028741220757322 -0.049345770407446192 0.014148949472911787 -0.0019021814470284505 0.030384916773522886 0.0011176476509932309 -0.038796218473264844 0.0040804796591805024 0.018132164655881012 1.8760971970469607 -0.042969764437663163 -0.0074543270685400792 -0.011450282248431721 -0.022240749823751172 -0.030196929708038757 0.17837963294097287 -0.036504874686812364 2.2951070010083821
leaf_weight=3497 35 27 29 21 45 20 29 37 21 28 22 36 20 20 24 31 35 20 113 20 26 2646 30 34 25 20 21 20 20 55
leaf_count=3497 35 27 29 21 45 20 29 37 21 28 22 36 20 20 24 31 35 20 113 20 26 2646 30 34 25 20 21 20 20 55
internal_value=-0.00342607 -0.022458 -0.00607287 0.0243525 0.0135185 0.000636364 -0.0114286 0.0047561 -0.02466 -0.0144977 -0.00718391 -0.000862069 0.00119048 0.0037234 -0.00184211 -0.0112745 0.0195 -0.0247811 -0.0199367 0.00909091 0.0152174 0.0248898 -0.0193182 -0.0164634 -0.0235507 -0.021875 -0.022561 0.0242308 -0.024 0.024963
internal_weight=7027 4170 494 2857 135 275 70 205 3676 219 87 58 168 141 95 51 100 3655 158 44 46 2722 132 82 138 48 41 65 50 2701
internal_count=7027 4170 494 2857 135 275 70 205 3676 219 87 58 168 141 95 51 100 3655 158 44 46 2722 132 82 138 48 41 65 50 2701
is_linear=0
shrinkage=0.05


Tree=8
num_leaves=31
num_cat=0
split_feature=18 18 14 10 11 1 11 18 18 9 0 0 18 13 14 9 18 1 3 10 18 0 2 13 1 4 15 18 9 11
split_gain=1425.47 62.0844 23.0075 14.3073 9.7889 5.04868 4.51434 4.28695 3.06557 2.9697 2.90496 4.29762 2.88915 3.50242 2.37957 2.34667 2.06162 1.85956 2.63819 1.8101 1.67472 6.13636 1.3898 4.62947 1.25714 0.759548 0.675958 1.74731 0.573016 0.179487
threshold=10.263212050477939 2.7316563051499414 6.630797340928706 -0.42889193791248376 7.2105124014547171 33.350000000000001 12.975113603288596 13.729290565359106 3.7649290988009247 -0.15430310492919541 108.50000000000001 136.50000000000003 21.45104410784576 0.18158213768841017 18.472330748196544 -0.15430310492919541 19.236942004250984 118.2 27.450000000000003 0.25951179706979971 6.3425238804615178 73.500000000000014 14.500000000000002 0.028901772731160725 175.75000000000003 16.250000000000004 7.2407751547609633 8.9875434930812759 0.81900730237416519 15.292876761204198
decision_type=2 2 2 2 2 2 2 2 2 2 2 2 2 2 2 2 2 2 2 2 2 2 2 2 2 2 2 2 2 2
left_child=1 14 3 15 9 25 8 -4 -7 -3 17 -12 13 -5 22 24 -15 18 -10 -11 21 -8 -1 -24 -2 -6 -22 -28 -21 -29
right_child=2 4 7 12 5 6 20 -9 10 19 11 -13 -14 16 -16 -17 -18 -19 -20 28 26 -23 23 -25 -26 -27 27 29 -30 -31
leaf_value=-0.036889647470116478 -0.012516494907537768 0.039212466101753822 0.017454846240308974 0.063951193734718983 0.019612705603483872 -0.012282330923757124 -0.021771710247996158 1.841576738134554 -0.035551620715025489 -0.003164323829532223 -0.025776372299369757 0.00067759906908255736 0.16801826454751759 -0.008860120996305643 -0.012475453109223234 0.013662611023118788 0.034118242040803715 0.015244751686930957 0.011466537763495288 0.012978693041042655 -0.025620904619363352 0.008775306786913184 -0.00013703449705719796 -0.037617728407455836 -0.020951872094938474 -0.0012911013782204162 -0.0091947400705758575 -0.045337671917771875 0.053888314949304711 -0.033152522472783864
leaf_weight=3485 20 22 23 26 33 30 24 2604 36 21 35 25 78 22 20 20 29 25 23 24 58 20 37 118 35 20 39 28 21 26
leaf_count=3485 20 22 23 26 33 30 24 2604 36 21 35 25 78 22 20 20 29 25 23 24 58 20 37 118 35 20 39 28 21 26
internal_value=-0.00378184 -0.0224221 0.0234249 0.00826087 -0.00607843 -0.00924171 -0.0113144 0.0247526 -0.00545977 0.00909091 -0.00243056 -0.0108333 0.0169355 0.0100649 -0.0246995 -0.00966667 0.00245098 0.00357143 -0.00127119 0.00378788 -0.0165385 -0.00795455 -0.024794 -0.0201613 -0.015 0.00518868 -0.0190397 -0.0163978 0.00944444 -0.0222222
internal_weight=7027 4170 2857 230 510 422 369 2627 174 88 144 60 155 77 3660 75 51 84 59 66 195 44 3640 155 55 53 151 93 45 54
internal_count=7027 4170 2857 230 510 422 369 2627 174 88 144 60 155 77 3660 75 51 84 59 66 195 44 3640 155 55 53 151 93 45 54
is_linear=0
shrinkage=0.05


Tree=9
num_leaves=31
num_cat=0
split_feature=18 18 18 12 2 14 1 18 18 0 1 13 13 18 1 12 11 0 13 5 9 10 17 3 18 0 3 0 18 16
split_gain=1376.8 63.7838 40.5121 16.067 9.29549 6.8747 6.57952 5.52052 3.99929 7.6366 3.61369 2.95424 5.11126 3.6862 2.44117 2.20207 2.05346 2.88859 1.92424 1.81958 1.61713 1.99341 1.5525 1.22708 1.37043 1.11935 0.913135 0.873922 0.740658 1.07157
threshold=10.263212050477939 2.7316563051499414 21.120544749051671 97.693302337266786 71.500000000000014 11.179730910671216 133.95000000000002 5.8081195090771276 4.3732017446696894 45.500000000000007 21.600000000000005 0.01752281746793273 0.028901772731160725 1.0424599011378131 126.75000000000001 106.9849235260141 13.584800565826358 136.50000000000003 0.2557677537516248 18.500000000000004 0.50495637864894027 0.92589048012183106 27.00678948410761 31.250000000000004 19.51194158707246 115.50000000000001 32.350000000000001 190.50000000000003 18.582461195566793 21.044538079412337
decision_type=2 2 2 2 2 2 2 2 2 2 2 2 2 2 2 2 2 2 2 2 2 2 2 2 2 2 2 2 2 2
left_child=1 11 3 14 5 7 27 8 9 -3 -6 -1 13 22 -2 -8 17 25 -4 -7 21 -9 -13 24 -16 -12 -21 -5 29 -17
right_child=2 4 18 6 10 19 15 20 -10 -11 16 12 -14 -15 23 28 -18 -19 -20 26 -22 -23 -24 -25 -26 -27 -28 -29 -30 -31
leaf_value=-0.035045165096610653 0.0040249286977492643 -0.0096442550170733887 0.035721692670592199 -0.011542628472812311 0.010740785415504961 0.011705665401051668 0.009385714826021907 0.009398189577984396 -0.027209197614972605 0.014256876516742158 -0.013408414448276741 -0.005935324811818821 -0.036931131519981363 0.0031091093816241811 -0.03165688392842405 0.0407249367502871 -0.026980042937518413 0.00064371911562846054 1.796242629316205 0.0192381165422995 -0.0063332334304763817 0.0016636054111781819 -0.0033083472131827611 -0.031234091493731599 -0.0010986315938293246 -0.022290212673470491 0.019986728486723004 0.018846427228802656 0.12063604476725481 0.059735782626871563
leaf_weight=3460 20 40 25 31 20 24 29 22 47 26 22 23 130 22 21 39 142 29 2517 34 20 21 25 38 22 30 33 21 66 28
leaf_count=3460 20 40 25 31 20 24 29 22 47 26 22 23 130 22 21 39 142 29 2517 34 20 21 25 38 22 30 33 21 66 28
internal_value=-0.00403088 -0.0223501 0.0227074 0.00579365 -0.00578431 0.000655431 0.0135514 -0.00511364 -0.0117257 -0.00378788 -0.0128601 -0.0246585 -0.01875 -0.00785714 -0.0106436 0.0185185 -0.0146861 -0.00833333 0.0248033 0.0118132 0.00674603 0.0122093 -0.015625 -0.0145062 -0.00872093 -0.0153846 0.0160448 -0.00192308 0.0212406 0.0175373
internal_weight=7027 4170 2857 315 510 267 214 176 113 66 243 3660 200 70 101 162 223 81 2542 91 63 43 48 81 43 52 67 52 133 67
internal_count=7027 4170 2857 315 510 267 214 176 113 66 243 3660 200 70 101 162 223 81 2542 91 63 43 48 81 43 52 67 52 133 67
is_linear=0
shrinkage=0.05


Tree=10
num_leaves=31
num_cat=0
split_feature=18 15 7 3 18 11 1 0 12 13 3 0 13 17 1 5 9 0 4 9 2 9 12 5 2 18 3 0 0 13
split_gain=1320.14 66.7674 63.7864 15.1644 14.9508 8.83663 6.50836 5.51522 4.53704 4.40389 4.27278 4.22877 3.94858 3.54065 3.52 2.85145 2.02143 1.98916 1.93764 1.67984 1.88142 1.53832 1.12929 1.64456 1.10007 1.09241 3.73576 1.0912 1.6 1.02073
threshold=10.263212050477939 2.694309932088728 0.78656609248549325 27.350000000000005 18.8915876476247 12.330998969456521 133.95000000000002 108.50000000000001 277.73016259139132 0.015364257049990013 31.250000000000004 85.500000000000014 0.028901772731160725 26.500740391198722 72.550000000000026 76.500000000000014 0.86095304316285726 40.500000000000007 8.6500000000000004 -0.58077876009839879 71.500000000000014 0.95495791161117582 265.28202921755457 72.500000000000014 36.500000000000007 8.9875434930812759 34.95000000000001 199.50000000000003 226.50000000000003 0.053817355889724312
decision_type=2 2 2 2 2 2 2 2 2 2 2 2 2 2 2 2 2 2 2 2 2 2 2 2 2 2 2 2 2 2
left_child=1 9 4 21 6 7 -2 11 -9 -1 15 17 13 -11 18 27 -15 -3 -7 -20 -21 -4 23 24 -19 26 -16 -5 -29 -14
right_child=2 5 3 10 -6 14 -8 8 -10 12 -12 -13 29 16 25 -17 -18 22 19 20 -22 -23 -24 -25 -26 -27 -28 28 -30 -31
leaf_value=-0.033292906841780122 -0.020007119304285406 -0.025844186216020793 0.057727876390433863 0.0084502618491641979 1.7030401856555706 0.017051332219293915 0.038497973713748128 -0.025985262269804556 0.0020766292834702329 -0.0046861992606688887 -0.030276115928673256 0.050549622890560378 -0.031532579312674947 0.00075225893542629763 -0.019838410605513859 -0.01811289671518761 -0.0039466071977754483 -0.0050530810496885572 0.0053563803490747804 -0.00030202393284314843 -0.03624754801736061 0.025619964270656537 0.0053055382024302048 0.0075685749619284655 0.00089652790340990498 -0.038128453828526969 0.0018063923127051851 -0.013211832319283003 0.011317579086041986 -0.0098721987342195398
leaf_weight=3431 39 22 47 22 2521 20 58 30 24 36 80 34 132 37 82 26 20 20 20 26 31 24 33 35 39 57 21 20 20 20
leaf_count=3431 39 22 47 22 2521 20 58 30 24 36 80 34 132 37 82 26 20 20 20 26 31 24 33 35 39 57 21 20 20 20
internal_value=-0.00427992 -0.0222182 0.0219023 -0.00282427 0.0241597 -0.00495951 0.00489691 0.00200422 -0.012037 -0.0245375 -0.0110119 0.00614754 -0.0180612 -0.00994624 -0.0113813 -0.00340909 -0.00219298 0.00251678 -0.00386598 -0.00746753 -0.0118421 0.0165493 0.00492126 0.00212766 -0.0029661 -0.0159375 -0.0128641 0.00241935 -0.0025 -0.0230263
internal_weight=7027 4170 2857 239 2618 494 97 237 54 3676 168 183 245 93 257 88 57 149 97 77 57 71 127 94 59 160 103 62 40 152
internal_count=7027 4170 2857 239 2618 494 97 237 54 3676 168 183 245 93 257 88 57 149 97 77 57 71 127 94 59 160 103 62 40 152
is_linear=0
shrinkage=0.05


Tree=11
num_leaves=31
num_cat=0
split_feature=18 18 7 10 3 13 13 9 18 1 1 7 18 2 18 18 13 14 6 15 5 12 1 5 18 14 6 3 7 9
split_gain=1273.28 115.05 29.5116 16.7775 11.6783 5.58553 6.38472 4.76918 4.35444 13.0857 3.84304 3.45596 2.72292 8.03828 3.59198 2.86031 3.59746 2.73159 2.50053 2.42376 2.24224 2.22258 2.15028 2.09763 1.94703 1.67224 1.56385 1.48984 1.48611 1.23433
threshold=20.59082371482835 2.9228783268234895 0.78656609248549325 -0.38168922026665864 30.350000000000005 0.016418838862559248 0.028901772731160725 0.9927395293426734 23.290400734930685 193.10000000000005 118.2 -0.70710678118654735 6.3425238804615178 67.500000000000014 7.688021354821065 8.9875434930812759 0.16638225255972697 30.579620215691588 62.500000000000007 0.66663509656356035 56.500000000000007 93.814183692289689 85.800000000000026 16.500000000000004 17.685032753126457 22.729902822264915 91.500000000000014 27.550000000000004 -0.25881904510252113 0.37371625404731906
decision_type=2 2 2 2 2 2 2 2 2 2 2 2 2 2 2 2 2 2 2 2 2 2 2 2 2 2 2 2 2 2
left_child=1 5 8 12 27 -1 19 10 9 -2 11 25 13 26 -14 16 22 20 23 -7 -17 -13 -16 -12 28 -5 -3 -4 -22 -23
right_child=2 3 4 7 -6 6 -8 -9 -10 -11 18 21 14 -15 15 17 -18 -19 -20 -21 24 29 -24 -25 -26 -27 -28 -29 -30 -31
leaf_value=-0.03162826149969112 -0.033480346271250919 -0.023839961724460637 0.040013508142879142 0.015336552366437807 -0.028482002124045638 -0.0042552266036018586 -0.029675266114329402 -0.013862459892083789 1.703190720012929 0.073995451858784381 0.0018585591114151257 0.0084960422576095158 -0.034528058494910543 0.018134825451422153 0.0010628666823283785 -0.034945933761997061 0.0071573809526685574 0.00025415890529316697 -0.0046754313199265599 -4.9160125362679442e-05 -0.034204157806456602 -0.0095600676989236362 -0.014714322038680795 0.037126328028720755 -0.023480754199479481 -0.00026390783504894879 -0.00087709530604580539 0.012677823184575311 0.0031198083977333371 -0.012993203808912713
leaf_weight=3446 25 28 25 26 54 25 145 31 2351 99 24 24 51 21 20 66 26 34 27 59 20 31 44 139 50 20 27 33 33 23
leaf_count=3446 25 28 25 26 54 25 145 31 2351 99 24 24 51 21 20 66 26 34 27 59 20 31 44 139 50 20 27 33 33 23
internal_value=-0.00456454 -0.0208108 0.0233185 -0.00316993 -0.00178571 -0.024483 -0.0169214 0.005 0.0244545 0.0153226 0.00684713 0 -0.00988095 -0.00131579 -0.0117733 -0.00964164 -0.00222222 -0.012931 0.0113158 -0.00595238 -0.0155325 -0.00641026 -0.00859375 0.0136503 -0.0109223 0.0108696 -0.0113636 0.0137931 -0.00424528 -0.012037
internal_weight=7027 4440 2587 765 112 3675 229 345 2475 124 314 124 420 76 344 293 90 203 190 84 169 78 64 163 103 46 55 58 53 54
internal_count=7027 4440 2587 765 112 3675 229 345 2475 124 314 124 420 76 344 293 90 203 190 84 169 78 64 163 103 46 55 58 53 54
is_linear=0
shrinkage=0.05


Tree=12
num_leaves=31
num_cat=0
split_feature=18 0 18 10 6 11 12 13 13 9 2 15 18 12 10 1 0 18 0 18 18 2 9 18 1 1 16 3 6 10
split_gain=1250.61 85.5061 65.0081 25.0299 8.59286 8.06422 7.11724 5.33011 6.14248 4.78237 3.63352 3.39061 2.80183 2.80566 2.65501 2.58464 3.08278 2.44839 5.79952 3.26253 3.21978 7.51034 2.36742 2.32515 4.50968 2.28484 1.58886 1.4496 1.18246 1.16883
threshold=9.9355854023393793 290.50000000000006 2.7316563051499414 -0.42889193791248376 62.500000000000007 7.2105124014547171 106.9849235260141 0.015364257049990013 0.028901772731160725 -0.91409412807680468 113.50000000000001 0.66663509656356035 17.685032753126457 270.18895606253255 0.84750952922804623 27.850000000000005 136.50000000000003 6.3425238804615178 73.500000000000014 7.688021354821065 4.3732017446696894 36.500000000000007 -0.15430310492919541 16.420634257746357 175.75000000000003 83.600000000000009 20.761769757961911 32.850000000000001 3.5000000000000004 0.25951179706979971
decision_type=2 2 2 2 2 2 2 2 2 2 2 2 2 2 2 2 2 2 2 2 2 2 2 2 2 2 2 2 2 2
left_child=2 3 7 12 6 22 9 -1 11 -5 14 -9 27 26 15 -7 17 18 20 -19 21 -17 -4 -6 -25 -21 -14 -2 -13 -24
right_child=1 -3 5 4 23 10 -8 8 -10 -11 -12 28 13 -15 -16 16 -18 19 -20 25 -22 -23 29 24 -26 -27 -28 -29 -30 -31
leaf_value=-0.030046848424706563 0.003506179147751665 1.6189215343540793 0.033544555335126271 -0.015984743354002618 0.020314582619818111 0.007119292639124964 0.10001865595041544 -0.0044566216125785487 -0.032166392500048449 0.032840580701207635 -0.034557090283439076 0.00021556385512788435 -0.035691555964662849 -0.011510343855034933 0.0059364529313479242 -0.0091806742382938514 0.00080616885251894033 -0.023877432767413411 0.012631394463283697 0.001009723348211944 -0.02789093523144448 0.01274080182992815 -0.00083324054074351839 -0.0384481144612904 0.0022450035160664684 -0.017899209120258063 -0.012763802210104026 -0.011172376156852161 -0.0034178994541430919 0.030309550297436785
leaf_weight=3432 38 2350 22 25 20 42 167 37 130 38 35 30 83 29 33 29 41 66 25 22 41 20 21 26 38 53 35 23 31 45
leaf_count=3432 38 2350 22 25 20 42 167 37 130 38 35 30 83 29 33 29 41 66 25 22 41 20 21 26 38 53 35 23 31 45
internal_value=-0.00467127 0.0206999 -0.0222082 0.00239464 0.0113057 -0.00520202 0.0163043 -0.0245082 -0.0171053 0.00198413 -0.00816953 -0.00765306 -0.0110577 -0.0147959 -0.00672043 -0.00803835 -0.00968013 -0.0117188 -0.00630435 -0.0161348 -0.0122222 -0.00357143 0.00852273 -0.00238095 -0.00703125 -0.009 -0.0182203 -0.00204918 -0.000409836 0.00378788
internal_weight=7027 2872 4155 522 314 495 230 3660 228 63 407 98 208 147 372 339 297 256 115 141 90 49 88 84 64 75 118 61 61 66
internal_count=7027 2872 4155 522 314 495 230 3660 228 63 407 98 208 147 372 339 297 256 115 141 90 49 88 84 64 75 118 61 61 66
is_linear=0
shrinkage=0.05


Tree=13
num_leaves=31
num_cat=0
split_feature=18 13 10 18 11 18 13 6 15 6 11 9 5 0 14 4 18 4 18 13 15 0 13 18 6 18 1 18 12 15
split_gain=1231.15 128.166 21.1366 17.9697 11.8681 5.69797 5.72049 4.6588 4.00407 3.83863 5.50387 3.37097 2.54036 2.25723 2.14784 2.08455 2.03632 2.11971 1.97496 6.38135 1.80483 1.86345 1.8315 1.59772 3.33333 1.59218 1.67356 1.4633 2.29617 1.32276
threshold=22.396111405465437 0.050286918463284168 -0.38168922026665864 25.006750894002469 29.785044068163554 0.34929047467215518 0.028901772731160725 59.500000000000007 0.66663509656356035 36.500000000000007 21.480751873014494 0.95495791161117582 41.500000000000007 81.500000000000014 25.558392339137217 6.4500000000000011 17.685032753126457 8.5500000000000025 8.9875434930812759 0.16107804324354255 7.0357458216971365 108.50000000000001 0.1699799318858973 28.613117394034933 31.500000000000004 6.3425238804615178 69.65000000000002 4.3732017446696894 121.21800987321011 20.642084309029503
decision_type=2 2 2 2 2 2 2 2 2 2 2 2 2 2 2 2 2 2 2 2 2 2 2 2 2 2 2 2 2 2
left_child=1 5 12 4 7 -1 8 -2 -7 10 11 13 18 27 16 -11 17 -14 19 -3 25 -22 -23 24 -5 26 -19 -4 -29 -20
right_child=3 2 9 23 -6 6 -8 -9 -10 15 -12 -13 14 -15 -16 -17 -18 20 29 -21 21 22 -24 -25 -26 -27 -28 28 -30 -31
leaf_value=-0.028544506003471238 0.051448637334365624 -0.010586562369811148 0.0062725565225346227 0.20229311818863849 -0.045028674834992267 -0.0051785514698144079 -0.03016117644892782 -0.0029528557381441447 -5.7480311850932608e-05 -0.020862126983789954 -0.01072896469977911 -0.0029928387397493597 0.0063188046100077777 0.048849469819526051 0.0046688125320861751 0.00056149348844867217 -0.027799998003568228 -0.0010407388434021559 -0.033788769125502681 0.0023034218265189921 0.003358847954646871 -0.049190152784496899 -0.0016305535056875264 1.5784799132027816 -0.00041642869818554474 -0.037533037327984568 -0.03408514771287996 0.010611239239768588 -0.0085071270597854905 -0.019384711893539654
leaf_weight=3420 55 70 34 40 27 47 127 23 63 22 34 31 35 104 36 120 76 32 77 25 26 21 39 2257 20 29 20 29 28 60
leaf_count=3420 55 70 34 40 27 47 127 23 63 22 34 31 35 104 36 120 76 32 77 25 26 21 39 2257 20 29 20 29 28 60
internal_value=-0.0050555 -0.0202334 -0.00385021 0.0238026 0.00357143 -0.0244804 -0.0169831 0.0134615 -0.00863636 0.00485075 0.00846154 0.0112832 -0.0102564 0.0137179 -0.00732484 -0.00176056 -0.00881295 -0.00618812 -0.0142241 -0.00868421 -0.00853293 -0.00348837 -0.00833333 0.0247195 0.0166667 -0.0138889 -0.00865385 0.00796703 0.00307018 -0.0180657
internal_weight=7027 4605 948 2422 105 3657 237 78 110 402 260 226 546 195 314 142 278 202 232 95 167 86 60 2317 60 81 52 91 57 137
internal_count=7027 4605 948 2422 105 3657 237 78 110 402 260 226 546 195 314 142 278 202 232 95 167 86 60 2317 60 81 52 91 57 137
is_linear=0
shrinkage=0.05


Tree=14
num_leaves=31
num_cat=0
split_feature=18 13 10 18 11 13 13 6 6 11 15 18 18 5 9 12 18 13 14 18 2 18 18 0 0 4 2 14 6 9
split_gain=1218.97 129.309 19.4506 17.6412 11.8681 6.00215 6.15309 4.6588 3.95959 4.9525 3.68653 2.63146 2.49839 2.45814 2.37752 3.53066 2.04348 6.07534 2.03044 2.25172 1.9905 5.32409 5.08502 2.5331 2.26449 1.98208 1.95464 1.86889 1.67462 1.28444
threshold=22.396111405465437 0.050286918463284168 -0.38168922026665864 25.006750894002469 29.785044068163554 0.015364257049990013 0.028901772731160725 59.500000000000007 36.500000000000007 22.237202983197971 0.66663509656356035 9.2504185900504137 32.120214874507454 41.500000000000007 0.95495791161117582 259.43503142954705 8.9875434930812759 0.16107804324354255 25.558392339137217 17.685032753126457 60.500000000000007 6.3425238804615178 7.688021354821065 112.50000000000001 57.500000000000007 6.4500000000000011 108.50000000000001 28.09591547843193 99.500000000000014 0.12447811117596704
decision_type=2 2 2 2 2 2 2 2 2 2 2 2 2 2 2 2 2 2 2 2 2 2 2 2 2 2 2 2 2 2
left_child=1 5 13 4 7 -1 10 -2 9 11 -7 14 27 16 15 -4 17 -3 19 20 24 -22 -23 -24 -15 -10 -25 29 -28 -5
right_child=3 2 8 12 -6 6 -8 -9 25 -11 -12 -13 -14 18 -16 -17 -18 -19 -20 -21 21 22 23 26 -26 -27 28 -29 -30 -31
leaf_value=-0.027117280703297678 0.04887620546764726 -0.010057234251320591 0.0028441125209388574 -0.0065869562928173586 -0.042777241093242685 -0.0039748629584589025 -0.028653117626481418 -0.0028052129512369465 -0.019819020634600462 -0.010583597823231195 1.3708980662102689e-05 0.04135544664180886 1.531100602906412 -0.0013484711619096814 -0.0078409592112086979 0.032933377289762276 -0.027038313196080122 0.0021882507351930871 0.0044353719054819329 -0.026409998103389756 0.011831882342387169 -0.034322086865663202 0.0036878227095585637 -0.051941996682812963 -0.024745031149845255 0.00053341881402624303 0.0035559836174464013 0.16057076052970293 -0.022153459817941635 0.10455755786246659
leaf_weight=3432 55 70 71 20 27 37 127 23 22 29 61 106 2197 23 20 34 137 25 36 76 29 35 22 25 25 120 23 75 20 25
leaf_count=3432 55 70 71 20 27 37 127 23 22 29 61 106 2197 23 20 34 137 25 36 76 29 35 22 25 25 120 23 75 20 25
internal_value=-0.00509819 -0.0202009 -0.00374473 0.0236168 0.00357143 -0.0244668 -0.0165556 0.0134615 0.00460199 0.00826923 -0.00714286 0.0107143 0.0245252 -0.00989011 0.0058 0.00880952 -0.0137931 -0.00815789 -0.00700637 -0.00845324 -0.00569307 -0.00292208 -0.0074 -0.00111111 -0.0145833 -0.00211268 -0.00588235 0.0175 0.000581395 0.00944444
internal_weight=7027 4605 948 2422 105 3657 225 78 402 260 98 231 2317 546 125 105 232 95 314 278 202 154 125 90 48 142 68 120 43 45
internal_count=7027 4605 948 2422 105 3657 225 78 402 260 98 231 2317 546 125 105 232 95 314 278 202 154 125 90 48 142 68 120 43 45
is_linear=0
shrinkage=0.05


Tree=15
num_leaves=31
num_cat=0
split_feature=18 13 18 10 1 13 13 0 15 6 11 18 9 2 0 18 2 9 14 18 18 13 13 4 11 18 0 3 0 6
split_gain=1217.22 128.312 16.8243 16.3526 12.8218 6.65174 5.58574 4.70454 3.68653 3.12836 5.57715 3.20921 2.88899 2.82692 3.95254 2.51094 2.40945 2.14982 3.45104 2.13426 2.33328 3.14579 3.14751 1.98208 1.91813 1.91101 1.77778 1.74645 1.6742 1.5423
threshold=22.396111405465437 0.050286918463284168 29.855418934228577 -0.38168922026665864 286.60000000000008 0.015364257049990013 0.028901772731160725 310.50000000000006 0.66663509656356035 36.500000000000007 21.480751873014494 9.2504185900504137 -0.27194808396361159 60.500000000000007 108.50000000000001 19.707186428447081 95.500000000000014 0.5772862706790628 28.60768735483401 6.3425238804615178 7.688021354821065 0.18158213768841017 0.16107804324354255 6.4500000000000011 31.480340920393171 17.685032753126457 57.500000000000007 32.250000000000007 108.50000000000001 81.500000000000014
decision_type=2 2 2 2 2 2 2 2 2 2 2 2 2 2 2 2 2 2 2 2 2 2 2 2 2 2 2 2 2 2
left_child=1 5 4 12 7 -1 8 24 -7 10 11 17 13 26 -15 25 -4 -5 -19 -14 -21 22 28 -11 -2 29 -3 -23 -22 -16
right_child=2 3 16 9 -6 6 -8 -9 -10 23 -12 -13 19 14 15 -17 -18 18 -20 20 21 27 -24 -25 -26 -27 -28 -29 -30 -31
leaf_value=-0.025761416668132794 -0.0089112921027476588 -0.0090794279199911797 0.13522472022512827 0.0066876351854610501 0.078867189501020007 -0.0037761198105359553 -0.027220461745157354 0.024759678233507023 1.3023531628997276e-05 -0.018828069602870468 -0.0096633365736285455 0.042283479146383224 -3.4405167548001718e-05 0.0078807440866055962 0.0014882155079338766 0.0037137564277803571 1.4351820740733472 -0.0091537296763853256 0.040502212433033563 -0.027968583782902946 -0.00015195954706923587 -0.01335879132827973 0.0020788381984334415 0.00050674787332494198 -0.043642680194788674 -0.025959844601342222 -0.023507779592352975 -0.025954743110618406 -0.036927066296303844 -0.022777946274159702
leaf_weight=3432 24 20 20 69 99 37 127 28 61 22 34 101 35 34 30 36 2222 29 27 40 23 33 27 120 29 31 25 144 27 41
leaf_count=3432 24 20 20 69 99 37 127 28 61 22 34 101 35 34 30 36 2222 29 27 40 23 33 27 120 29 31 25 144 27 41
internal_value=-0.00509819 -0.02019 0.0235962 -0.00379747 0.00888889 -0.0244394 -0.0161111 -0.0058642 -0.00714286 0.00385572 0.00711538 0.00995575 -0.00943223 -0.00495392 -0.00203488 -0.0057971 0.024777 0.0046 -0.00267857 -0.012386 -0.0137755 -0.0120079 -0.00357143 -0.00211268 -0.0146226 -0.00980392 -0.0161111 -0.015678 -0.011 -0.00528169
internal_weight=7027 4605 2422 948 180 3657 225 81 98 402 260 226 546 217 172 138 2242 125 56 329 294 254 77 142 53 102 45 177 50 71
internal_count=7027 4605 2422 948 180 3657 225 81 98 402 260 226 546 217 172 138 2242 125 56 329 294 254 77 142 53 102 45 177 50 71
is_linear=0
shrinkage=0.05


Tree=16
num_leaves=31
num_cat=0
split_feature=18 13 10 18 13 13 14 14 18 15 18 11 6 11 18 0 12 6 12 5 1 5 16 18 8 18 2 3 18 2
split_gain=1199.94 135.87 15.0005 14.2435 6.76962 6.0956 6.05966 3.36397 4.27613 3.20528 3.14149 5.89255 3.40076 2.87128 4.54906 5.33913 5.74325 3.09758 2.81363 2.5641 2.04069 1.99335 1.7241 1.49024 2.38086 1.45667 5.40978 2.52083 1.80588 7.65682
threshold=22.83045952974452 0.048112742854989538 -0.38168922026665864 34.108868229636094 0.015364257049990013 0.028901772731160725 45.129078675274251 40.051975395449624 21.120544749051671 0.66663509656356035 27.254796689256114 29.785044068163554 13.500000000000002 21.480751873014494 8.9875434930812759 108.50000000000001 259.43503142954705 66.500000000000014 112.65631636397849 31.500000000000004 235.90000000000001 76.500000000000014 21.380689891532377 17.685032753126457 -0.37940952255126015 8.9875434930812759 102.50000000000001 37.850000000000001 6.3425238804615178 64.500000000000014
decision_type=2 2 2 2 2 2 2 2 2 2 2 2 2 2 2 2 2 2 2 2 2 2 2 2 2 2 2 2 2 2
left_child=1 4 7 6 -1 9 10 8 20 -6 11 12 -2 14 15 16 21 -16 -12 -15 23 -4 -21 24 -3 26 28 -27 29 -26
right_child=3 2 13 -5 5 -7 -8 -9 -10 -11 18 -13 -14 19 17 -17 -18 -19 -20 22 -22 -23 -24 -25 25 27 -28 -29 -30 -31
leaf_value=-0.024473345834726153 0.059295350676554476 0.0022043324933365138 -0.0040037928623239405 1.4096261068137717 -0.0035873138200091582 -0.028431822189304581 0.13230934262531804 0.0092024564791227444 -0.034130749467333389 1.2372355047546303e-05 0.0018600507529805911 -0.042307045491461005 -0.0039024618493500363 0.016038704523560997 0.041236242114424407 -0.023919538716597889 0.025549219749336907 -0.0046339929385233345 0.076779095107900028 -0.028819102290543519 0.0023062947126571312 0.005338088798008434 -8.2114122928267372e-05 -0.02511475547123947 -0.0079917124047218287 -0.0054616356126478754 0.007369274606264309 -0.024657005955087463 -0.013991282764873337 0.014234748227061767
leaf_weight=3432 24 46 88 2137 37 113 86 27 69 61 30 27 20 26 110 25 53 35 68 25 22 35 27 87 81 27 25 48 113 23
leaf_count=3432 24 46 88 2137 37 113 86 27 69 61 30 27 20 26 110 25 53 35 68 25 22 35 27 87 81 27 25 48 113 23
internal_value=-0.00514089 -0.0199838 -0.00357863 0.0236204 -0.024451 -0.0157583 0.012451 -0.00889085 -0.00975046 -0.00663265 0.00695266 -0.00105634 0.0102273 0.00353774 0.00549133 0.000621891 0.00369318 0.0122414 0.0127551 -0.00512821 -0.00805085 -0.00223577 -0.0115385 -0.00877778 -0.00736915 -0.00891167 -0.00702479 -0.015 -0.00956221 -0.00480769
internal_weight=7027 4635 992 2392 3643 211 255 568 541 98 169 71 44 424 346 201 176 145 98 78 472 123 52 450 363 317 242 75 217 104
internal_count=7027 4635 992 2392 3643 211 255 568 541 98 169 71 44 424 346 201 176 145 98 78 472 123 52 450 363 317 242 75 217 104
is_linear=0
shrinkage=0.05


Tree=17
num_leaves=31
num_cat=0
split_feature=18 18 18 10 14 18 13 12 6 9 18 12 6 18 12 14 18 18 4 12 3 18 18 1 10 10 5 18 10 12
split_gain=1180.97 136.539 17.5356 11.0593 7.7296 7.35605 6.06553 4.18996 5.7747 3.80996 3.49091 3.28237 3.25736 6.32105 5.24353 3.09722 4.29064 2.29642 1.77357 1.69841 2.47463 2.82466 1.8607 1.64884 1.67892 2.2952 1.60568 1.49446 2.40515 1.37821
threshold=22.83045952974452 2.5816207301134657 34.86358411418319 -0.38961601727460732 45.129078675274251 0.34929047467215518 0.028901772731160725 109.12481569082722 36.500000000000007 -0.97109105924028405 0.661223890837769 86.885001028975879 34.500000000000007 27.254796689256114 115.10957683589019 40.051975395449624 21.120544749051671 9.2504185900504137 6.7500000000000009 86.885001028975879 38.45000000000001 8.9875434930812759 9.9355854023393793 105.80000000000003 -0.90878397393106225 -0.9668120007078248 16.500000000000004 4.3732017446696894 -0.2511900638848194 240.93171984514979
decision_type=2 2 2 2 2 2 2 2 2 2 2 2 2 2 2 2 2 2 2 2 2 2 2 2 2 2 2 2 2 2
left_child=1 5 4 15 11 -1 10 9 17 -5 -7 -2 -13 -14 -15 16 19 26 -10 23 -21 -22 -23 24 25 -3 -9 -11 -29 -20
right_child=2 3 -4 7 -6 6 -8 8 18 27 -12 12 13 14 -16 -17 -18 -19 29 20 21 22 -24 -25 -26 -27 -28 28 -30 -31
leaf_value=-0.023249678542989843 -0.014468295964766398 -0.013170438058358337 1.3527588838095088 -0.0054091142543105878 0.13603737035818061 -0.0039031185006602356 -0.028730703255874103 -0.0018766681179563705 -0.01830278835683119 0.010286558413984626 -2.2403901165071739e-05 0.054749360246970906 -0.026885592962611685 -0.024478004875000181 0.069945620870055694 0.0087423336551665908 -0.032424211993966702 0.040693866816697982 -0.01915615007572509 -0.00015941307206466249 -0.0004022464508749102 -0.027737060878020438 -0.012689119428881668 -0.020399314473103128 -0.010548271083862137 0.0049291977432664559 0.01159764520159774 -0.010026187566371171 0.010747750989257421 0.0067672220966235597
leaf_weight=3420 25 39 2107 49 94 44 115 23 22 21 66 61 36 26 43 27 69 85 26 156 40 34 33 69 66 20 75 22 54 60
leaf_count=3420 25 39 2107 49 94 44 115 23 22 21 66 61 36 26 43 27 69 85 26 156 40 34 33 69 66 20 75 22 54 60
internal_value=-0.00522627 -0.0199515 0.0233069 -0.00348485 0.0116667 -0.0244239 -0.0156667 0.00245995 0.00592784 -0.00445205 -0.00727273 0.00589005 0.00843373 0.00309524 0.0119565 -0.00818264 -0.00903042 0.0113388 -0.00324074 -0.00727571 -0.00465779 -0.010514 -0.016791 -0.0108247 -0.0074 -0.00127119 0.00612245 0.00128866 -0.00197368 0
internal_weight=7027 4635 2392 990 285 3645 225 437 291 146 110 191 166 105 69 553 526 183 108 457 263 107 67 194 125 59 98 97 76 86
internal_count=7027 4635 2392 990 285 3645 225 437 291 146 110 191 166 105 69 553 526 183 108 457 263 107 67 194 125 59 98 97 76 86
is_linear=0
shrinkage=0.05


Tree=18
num_leaves=31
num_cat=0
split_feature=18 13 18 14 10 13 13 2 1 14 2 6 12 14 18 0 2 2 12 4 9 9 18 12 12 18 18 18 18 18
split_gain=1156.51 137.405 22.4176 14.5251 12.2118 8.27494 5.71562 4.79105 4.2509 3.4084 3.91848 2.92571 5.21358 2.7587 3.68105 1.98543 2.05496 1.89056 1.73921 1.66967 1.64866 1.81071 1.53539 1.37894 2.26997 1.73778 1.33307 4.37918 2.96995 5.62918
threshold=22.83045952974452 0.050286918463284168 36.624599482033751 28.09591547843193 -0.42108527284769387 0.013652122847930796 0.028901772731160725 158.50000000000003 81.050000000000011 9.4923173644238883 13.500000000000002 29.500000000000004 106.9849235260141 40.051975395449624 21.120544749051671 78.500000000000014 67.500000000000014 206.50000000000003 121.21800987321011 5.9500000000000011 0.17552986495352002 -0.98801351631316325 25.006750894002469 268.96181511421815 242.42462652117129 16.925164077768795 2.7316563051499414 4.3732017446696894 5.2118986363581756 6.3425238804615178
decision_type=2 2 2 2 2 2 2 2 2 2 2 2 2 2 2 2 2 2 2 2 2 2 2 2 2 2 2 2 2 2
left_child=1 5 3 7 13 -1 9 -2 -5 10 -7 12 -6 14 26 18 -17 -9 -14 -13 21 -18 -10 24 25 -21 -3 -28 -29 -30
right_child=2 4 -4 8 11 6 -8 17 22 -11 -12 19 15 -15 -16 16 20 -19 -20 23 -22 -23 -24 -25 -26 -27 27 28 29 -31
leaf_value=-0.022087194615840352 0.039525724184527003 -0.0043524355634736002 1.3322829955882718 -0.0034707313650427455 -0.001303122356448483 -0.0041575531418404704 -0.023001312385640561 -0.028061700456650129 0.022961465121842828 0.0021000939102045592 -0.00031329533628365327 -0.017745858831402651 0.0063073184656252668 0.0074084345121400831 -0.03125358482160312 0.044028305965263352 0.012759987320617583 -0.0092750647116499607 -0.0030986241614939349 0.0017497653670476511 1.3395360067036677e-05 0.07251352935598146 0.15010721518173648 -0.016519572653542359 0.016060823985326135 -0.023974944282748645 0.0026905390937544075 -0.024868415135595658 0.0068204775793875962 -0.012493187138338736
leaf_weight=3418 58 20 2032 21 84 39 127 21 41 27 46 21 23 24 68 40 21 76 37 43 31 35 143 25 43 29 21 24 33 356
leaf_count=3418 58 20 2032 21 84 39 127 21 41 27 46 21 23 24 68 40 21 76 37 43 31 35 143 25 43 29 21 24 33 356
internal_value=-0.00534723 -0.0199191 0.0228888 0.0113889 -0.00327198 -0.0243711 -0.0153766 -0.00016129 0.020122 -0.00714286 -0.0120588 0.00300926 0.00618081 -0.00824176 -0.00900383 0.0108289 0.0143701 -0.00695876 0.00333333 -0.00232919 0.0100575 0.0151786 0.0225543 -0.000357143 0.00195652 -0.00347222 -0.00737885 -0.00679724 -0.00792978 -0.00687661
internal_weight=7027 4635 2392 360 978 3657 239 155 205 112 85 432 271 546 522 187 127 97 60 161 87 56 184 140 115 72 454 434 413 389
internal_count=7027 4635 2392 360 978 3657 239 155 205 112 85 432 271 546 522 187 127 97 60 161 87 56 184 140 115 72 454 434 413 389
is_linear=0
shrinkage=0.05


Tree=19
num_leaves=31
num_cat=0
split_feature=18 18 14 18 10 13 18 6 13 12 14 12 6 9 14 2 18 2 2 3 18 3 18 0 2 1 10 2 9 9
split_gain=1125.45 136.008 29.8087 9.80883 9.39706 8.36515 7.85084 7.60128 5.5824 4.83229 4.46558 4.07983 6.14099 3.74123 3.4084 3.91848 2.20848 6.93942 3.85895 3.72646 3.46297 2.28482 2.17229 2.10284 3.29314 2.36308 2.08071 2.00455 1.76 1.51229
threshold=22.396111405465437 2.5816207301134657 17.683143624006785 25.824720088530508 -0.49749486057528974 0.013652122847930796 38.920826800968911 68.500000000000014 0.028901772731160725 86.210328236042457 6.630797340928706 109.12481569082722 30.500000000000004 -0.97873101657557326 9.4923173644238883 13.500000000000002 6.3425238804615178 67.500000000000014 82.500000000000014 31.250000000000004 4.3732017446696894 30.350000000000005 8.0413689877169379 108.50000000000001 93.500000000000014 133.95000000000002 -0.67758968959607091 131.50000000000003 0.021515898191483886 0.24284747324344283
decision_type=2 2 2 2 2 2 2 2 2 2 2 2 2 2 2 2 2 2 2 2 2 2 2 2 2 2 2 2 2 2
left_child=1 5 6 7 16 -1 10 -4 14 -5 29 13 22 -6 15 -7 17 20 -18 21 -3 27 -13 -14 -25 -26 28 -20 -21 -2
right_child=2 4 3 9 11 8 -8 -9 -10 -11 -12 12 23 -15 -16 -17 18 -19 19 26 -22 -23 -24 24 25 -27 -28 -29 -30 -31
leaf_value=-0.020982834885048332 0.00026890769051082233 0.00038392348690038383 0.040668034351526841 0.0025044586933093528 -0.0069607308326980815 -0.0039496754847484442 0.13181207243239329 -0.023874829388269261 -0.027694789665477271 1.2121436840656941 -0.011836757821584866 0.0049845125616322155 0.0027878912980771721 -0.00032921842892950085 0.001995089214694329 -0.00029763056946947034 -0.024540965256470273 0.014796452631490343 0.0014497328338097582 -0.015127777313150759 -0.015067353109546723 0.0088251246117541319 0.035396500411041747 -0.024716894726759888 -0.020766831909622321 0.016497486952112794 -0.002330392272224291 -0.023185916428345044 -0.021330819577322836 0.043240390418706559
leaf_weight=3418 20 30 48 20 41 39 44 30 115 2117 110 96 51 121 27 46 37 20 30 87 32 28 89 22 25 27 41 36 147 33
leaf_count=3418 20 30 48 20 41 39 44 30 115 2117 110 96 51 121 27 46 37 20 30 87 32 28 89 22 25 27 41 36 147 33
internal_value=-0.00546108 -0.0199729 0.0221305 0.0238262 -0.00322917 -0.0243827 0.00398551 0.00641026 -0.0150881 0.0244619 -0.00107362 0.00180085 0.00516129 -0.00462963 -0.00714286 -0.0120588 -0.00809426 -0.000609756 -0.00960591 -0.00806233 -0.00887097 0.000531915 0.0109459 -0.0034 -0.00878378 -0.00192308 -0.011 -0.00454545 -0.0128205 0.0108491
internal_weight=7027 4605 2422 2215 960 3645 207 78 227 2137 163 472 310 162 112 85 488 82 406 369 62 94 185 125 74 52 275 66 234 53
internal_count=7027 4605 2422 2215 960 3645 207 78 227 2137 163 472 310 162 112 85 488 82 406 369 62 94 185 125 74 52 275 66 234 53
is_linear=0
shrinkage=0.05


Tree=20
num_leaves=31
num_cat=0
split_feature=1 18 18 14 10 0 18 0 13 18 8 18 7 2 18 0 18 18 15 18 18 0 0 9 2 1 5 4 6 1
split_gain=1075.91 102.73 77.5562 22.5763 10.8985 5.12658 4.33173 5.79206 7.09107 5.24008 5.06037 4.32794 5.6718 4.25926 3.75903 3.64144 5.45625 3.42962 3.04212 4.30933 3.88655 4.43425 2.89266 2.85453 2.92582 2.77782 1.96627 2.1588 1.89414 1.82842
threshold=140.00000000000003 37.199530931578501 0.661223890837769 40.051975395449624 -0.67758968959607091 360.50000000000006 16.925164077768795 40.500000000000007 0.028901772731160725 4.3732017446696894 -0.37940952255126015 39.379248456559957 0.60355339059327384 38.500000000000007 23.841377755647496 108.50000000000001 7.688021354821065 16.420634257746357 5.2083807636298465 6.3425238804615178 7.571178911601625 108.50000000000001 85.500000000000014 -0.99052327954040364 158.50000000000003 72.550000000000026 38.500000000000007 11.950000000000001 62.500000000000007 253.75000000000003
decision_type=2 2 2 2 2 2 2 2 2 2 2 2 2 2 2 2 2 2 2 2 2 2 2 2 2 2 2 2 2 2
left_child=2 3 -1 4 -2 6 7 8 -4 13 -11 12 -3 -9 26 22 -17 -18 -12 -20 -21 -22 -6 -19 29 -10 27 -5 -16 -25
right_child=1 11 5 14 15 -7 -8 9 25 10 18 -13 -14 -15 28 16 17 23 19 20 21 -23 -24 24 -26 -27 -28 -29 -30 -31
leaf_value=-0.019933693140795919 -0.018141628677069834 0.19033445060703827 9.2625891808417748e-06 -0.022259455154716792 0.015797850246340419 0.034376936303403126 -0.039178199049024975 -0.0007127129875285521 -0.023416774480858184 0.00389997015085668 -0.020881109371992525 1.2927430504605539 0.0033815640256172233 0.012274083536906811 0.11142294909610158 -0.017534239407961661 0.015641833430084164 -0.013837899259375598 0.0057396310688436983 -0.026548450230758493 0.0034281615590293414 -0.016876507926818496 0.040779153533791579 -0.0051243631857058602 -0.016015607747897675 -0.00089199673902686796 0.060322358774472742 0.021025463108109578 0.057446610336042175 0.016548078544617619
leaf_weight=3465 225 71 66 20 27 34 78 40 124 78 52 1873 43 42 111 22 50 20 39 40 37 106 32 33 42 20 23 43 37 134
leaf_count=3465 225 71 66 20 27 34 78 40 124 78 52 1873 43 42 111 22 50 20 39 40 37 106 32 33 42 20 23 43 37 134
internal_value=-0.00576704 0.0182288 -0.0217188 0.00332723 -0.00192308 -0.00720899 -0.00810249 -0.00675466 -0.0135714 -0.00345622 -0.00610795 0.0243709 0.0149123 0.00792683 0.016453 0.00347222 0.00124585 0.0031362 -0.00930657 -0.00675676 -0.00997268 -0.00611888 0.0148305 0.000545852 0.00227273 -0.0197917 0.00813953 0.00357143 0.0212838 0.00523952
internal_weight=7027 2806 4221 819 585 756 722 644 210 434 352 1987 114 82 234 360 301 279 274 222 183 143 59 229 209 144 86 63 148 167
internal_count=7027 2806 4221 819 585 756 722 644 210 434 352 1987 114 82 234 360 301 279 274 222 183 143 59 229 209 144 86 63 148 167
is_linear=0
shrinkage=0.05


Tree=21
num_leaves=31
num_cat=0
split_feature=18 18 18 14 10 0 6 18 6 14 2 2 4 9 18 12 18 14 18 2 18 18 3 3 3 18 9 12 11 4
split_gain=1056.94 134.73 46.3786 25.8557 9.79936 6.68082 4.6901 8.12747 3.94262 3.40485 2.99769 2.94202 2.895 2.67275 3.27986 5.51757 4.64508 3.09703 2.54452 5.81329 4.67729 3.25361 3.41733 2.9123 2.31071 2.28295 2.10182 2.74336 2.07593 2.59648
threshold=22.396111405465437 0.34929047467215518 40.586893964310576 39.001410839106207 -0.38168922026665864 40.500000000000007 59.500000000000007 32.611937711068613 33.500000000000007 16.772821369998631 36.500000000000007 23.500000000000004 10.65 0.9927395293426734 16.420634257746357 260.86620183207839 9.4414467071583399 2.3363398760069907 6.3425238804615178 60.500000000000007 4.3732017446696894 7.688021354821065 31.250000000000004 30.350000000000005 33.150000000000013 38.056245951747449 0.53436760985011655 253.16902249952926 27.796915182077331 22.650000000000002
decision_type=2 2 2 2 2 2 2 2 2 2 2 2 2 2 2 2 2 2 2 2 2 2 2 2 2 2 2 2 2 2
left_child=1 -1 3 8 10 9 -5 -8 12 -6 11 -3 -2 14 16 17 26 -16 19 20 -12 -20 23 -23 -14 -10 -7 -28 29 -24
right_child=2 4 -4 6 5 13 7 -9 25 -11 18 -13 24 -15 15 -17 -18 -19 21 -21 -22 22 28 -25 -26 -27 27 -29 -30 -31
leaf_value=-0.018937008483756124 0.023830922860114612 -0.0022103285184316896 1.2509252262456318 0.13150364433875658 -0.012475262300453593 0.0041343439946726511 -0.01923658070036538 0.078053694896938461 -0.021609901339393112 0.0018363611317475882 0.00065978059750053668 -0.016504242028038397 0.009488502733707006 -0.0072870050794668906 0.025852013459266222 0.038248738736590675 0.03334619348037382 -0.014035869076852059 -0.026184667029172992 0.011698376209162276 -0.021015865793571044 -0.0075201298789023601 -0.0041856405170410003 0.0071856955672522597 -0.011659710134754598 0.019899018083323838 -0.0083253705707389877 0.0080976601774037423 -0.023110823040892115 -0.023508968838137047
leaf_weight=3420 64 85 1837 203 75 75 35 56 119 33 35 60 44 41 26 22 63 75 51 32 30 79 146 32 42 22 31 59 99 36
leaf_count=3420 64 85 1837 203 75 75 35 56 119 33 35 60 44 41 26 22 63 75 51 32 30 79 146 32 42 22 31 59 99 36
internal_value=-0.005888 -0.0199511 0.0208505 0.00858974 -0.00542194 -0.0001 0.0190476 0.00961538 -0.00197595 -0.0111111 -0.00930657 -0.0156897 0.00366667 0.00293367 0.00434473 -0.00223577 0.00789474 -0.00717822 -0.00759259 -0.000257732 -0.00884615 -0.00919865 -0.00765306 -0.000225225 -0.00232558 -0.00797872 0.00348485 -0.00166667 -0.0105872 -0.00741758
internal_weight=7027 4605 2422 585 1185 500 294 91 291 108 685 145 150 392 351 123 228 101 540 97 65 443 392 111 86 141 165 90 281 182
internal_count=7027 4605 2422 585 1185 500 294 91 291 108 685 145 150 392 351 123 228 101 540 97 65 443 392 111 86 141 165 90 281 182
is_linear=0
shrinkage=0.05


Tree=22
num_leaves=31
num_cat=0
split_feature=1 13 18 14 10 7 0 18 18 8 9 14 12 0 1 4 6 13 16 1 10 13 12 5 14 16 16 16 18 9
split_gain=1034.1 105.07 80.3073 21.1424 14.4141 5.62448 5.21488 4.67116 4.19063 5.42631 3.86772 3.32277 3.66347 3.47317 3.04007 2.76666 2.68314 2.57446 2.25008 2.18036 2.46254 2.03008 1.97584 1.60035 1.56632 1.90651 1.98084 1.34493 1.34539 1.27967
threshold=140.00000000000003 0.56546986341837824 0.34929047467215518 41.209016008013016 -0.5488429582847193 0.60355339059327384 360.50000000000006 43.531758511666247 16.925164077768795 -0.37940952255126015 -0.99273952934267318 10.856994964956696 97.693302337266786 108.50000000000001 404.55000000000007 11.250000000000002 35.500000000000007 0.028901772731160725 18.590424016891408 105.80000000000003 -0.98798606843101155 0.42917335473515256 83.804725066409375 25.500000000000004 0.35294841394985871 19.502642845175668 20.590057636173082 21.850011486737039 28.613117394034933 0.29259762607704992
decision_type=2 2 2 2 2 2 2 2 2 2 2 2 2 2 2 2 2 2 2 2 2 2 2 2 2 2 2 2 2 2
left_child=2 3 -1 4 22 -3 8 10 9 -4 -6 12 19 18 15 21 24 -14 -13 20 -11 -5 -2 -20 -12 -26 -27 28 -18 -25
right_child=1 5 6 14 7 -7 -8 -9 -10 11 16 13 17 -15 -16 -17 27 -19 23 -21 -22 -23 -24 29 25 26 -28 -29 -30 -31
leaf_value=-0.017990158059568315 -0.023965809421533993 1.1962744345988774 0.002533084002374664 -0.013412114492729721 -0.011540747304897537 -0.0043648241553757572 0.031592959841993909 0.10016294625659228 -0.036328144836167552 -0.0084204646394476779 0.036587065746727564 0.014119439884850716 -0.0017195693090065829 -0.01623197819670983 0.14205100889620467 0.044223903853721505 -0.0022471489052028558 -0.015934066280701421 -0.0031501765620935429 -0.025348304266883549 -0.0013686752760547123 0.060150999897409463 -0.008545093753237509 0.0023338054604610916 0.04457616798307118 -0.0079284022704570137 0.014563378335956135 -0.016069246703191098 0.030134130945181161 -0.0099542173647319543
leaf_weight=3420 65 1817 90 23 36 21 34 35 78 25 24 28 38 90 97 76 35 107 32 22 196 22 247 41 24 33 188 41 22 20
leaf_count=3420 65 1817 90 23 36 21 34 35 78 25 24 28 38 90 97 76 35 107 32 22 196 22 247 41 24 33 188 41 22 20
internal_value=-0.00600897 0.017516 -0.0216477 0.00418388 0.0002 0.0245375 -0.007397 0.00605023 -0.00824641 -0.0070029 0.00452854 -0.00872287 -0.0114691 -0.00367299 0.0178899 0.0126033 0.00606267 -0.0177586 0.0018595 -0.00771605 -0.00622172 0.00277778 -0.00801282 -0.00188172 0.00864312 0.00744898 0.00599548 -0.00102041 0.00394737 0.00286885
internal_weight=7027 2806 4221 968 750 1838 801 438 767 689 403 599 388 211 218 121 367 145 121 243 221 45 312 93 269 245 221 98 57 61
internal_count=7027 2806 4221 968 750 1838 801 438 767 689 403 599 388 211 218 121 367 145 121 243 221 45 312 93 269 245 221 98 57 61
is_linear=0
shrinkage=0.05


Tree=23
num_leaves=31
num_cat=0
split_feature=1 18 13 14 10 0 1 18 12 7 0 18 18 9 3 0 4 10 10 6 5 0 6 18 2 11 0 4 0 2
split_gain=1009.79 106.567 84.1623 35.8738 10.3279 5.06603 4.54296 4.40951 5.36664 5.54129 3.1561 5.87711 4.06407 4.08326 2.89375 2.89266 2.11942 2.13449 2.83396 1.97291 1.85698 1.90962 2.12055 1.82872 7.31079 1.82634 2.87108 2.19975 1.78755 1.76991
threshold=140.00000000000003 43.174417201818464 0.012514236902050115 41.209016008013016 -0.5488429582847193 360.50000000000006 353.05000000000007 16.925164077768795 276.11380416146932 0.91597561503675362 108.50000000000001 8.2073838487936044 16.420634257746357 -0.99273952934267318 30.750000000000004 85.500000000000014 23.150000000000002 -0.9574497222574998 -0.89388548498445497 62.500000000000007 19.500000000000004 85.500000000000014 98.500000000000014 4.3732017446696894 36.500000000000007 27.796915182077331 327.50000000000006 18.550000000000004 131.50000000000003 36.500000000000007
decision_type=2 2 2 2 2 2 2 2 2 2 2 2 2 2 2 2 2 2 2 2 2 2 2 2 2 2 2 2 2 2
left_child=2 3 -1 4 25 7 14 8 9 20 15 -12 -13 -14 -5 -6 17 -11 -19 -16 -4 22 -22 24 -20 27 -27 -2 -23 -10
right_child=1 -3 5 6 10 -7 -8 -9 29 16 11 12 13 -15 19 -17 -18 18 23 -21 21 28 -24 -25 -26 26 -28 -29 -30 -31
leaf_value=-0.0170906501565899 0.0024014755514637724 1.1649185452053594 -0.0070019890219451099 -0.018697602729655396 0.011511294772668369 0.030013311849894198 0.11000997261560617 -0.034511737594359104 -0.0082582710298836799 -0.0062080280053778527 -0.013732214514500818 0.030567057035016099 -0.014852774891395627 0.0059395410334508909 0.046982452863674952 0.037607143931434099 0.00034379911334213032 0.00098389621137631722 -0.0030533389046312198 0.019053500133330917 0.0014407769264861425 0.029557380822069136 -0.013288175826129157 -0.011113650837567813 0.0098619435928780086 -0.02277580169682878 -0.0091804737624041621 -0.013956180012201802 0.0062578227384838319 -0.0050794180649549325
leaf_weight=3404 49 1733 22 23 27 34 216 78 113 42 28 34 25 266 45 32 29 22 74 37 93 22 36 76 26 103 145 43 37 113
leaf_count=3404 49 1733 22 23 27 34 216 78 113 42 28 34 25 266 45 32 29 22 74 37 93 22 36 76 26 103 145 43 37 113
internal_value=-0.00608723 0.0171597 -0.0215411 0.00477633 -0.00119681 -0.00712974 0.0187695 -0.00795019 -0.00670213 -0.00370564 0.00412621 0.00233711 0.00423077 0.00231959 0.0102381 0.0148305 -0.00845725 -0.01 -0.00782828 0.0146341 0.00238095 0.00398936 0.000581395 -0.00994318 -0.0055 -0.00764706 -0.00987903 -0.00163043 0.0114407 -0.0130531
internal_weight=7027 2806 4221 1073 752 817 321 783 705 479 412 353 325 291 105 59 269 240 198 82 210 188 129 176 100 340 248 92 59 226
internal_count=7027 2806 4221 1073 752 817 321 783 705 479 412 353 325 291 105 59 269 240 198 82 210 188 129 176 100 340 248 92 59 226
is_linear=0
shrinkage=0.05


Tree=24
num_leaves=31
num_cat=0
split_feature=1 13 13 14 18 12 7 10 10 13 13 0 18 0 0 18 10 2 2 18 18 18 2 0 18 0 16 2 15 9
split_gain=990.719 124.257 76.0499 19.1878 10.9219 6.832 6.63127 5.08353 4.09125 3.29452 5.06758 3.95902 3.66337 3.24313 3.80088 2.88429 2.85813 2.67532 3.3264 2.89387 3.00649 6.27302 3.10746 5.38553 2.55731 2.94144 2.70353 2.52696 2.34162 2.05714
threshold=216.70000000000002 0.011642196543108734 0.56546986341837824 48.00088160845565 38.270594769242109 86.885001028975879 0.60355339059327384 -0.38168922026665864 0.13300977955191609 0.045915237553279691 0.028901772731160725 172.50000000000003 9.4414467071583399 108.50000000000001 85.500000000000014 4.3732017446696894 0.84750952922804623 36.500000000000007 23.500000000000004 4.3732017446696894 5.2118986363581756 6.3425238804615178 82.500000000000014 108.50000000000001 21.120544749051671 221.50000000000003 23.201690967835237 38.500000000000007 32.445112889720043 0.92591620288614507
decision_type=2 2 2 2 2 2 2 2 2 2 2 2 2 2 2 2 2 2 2 2 2 2 2 2 2 2 2 2 2 2
left_child=1 -1 3 5 7 28 -4 17 24 10 29 12 13 14 15 27 -17 18 -3 -19 -21 -22 -23 -24 25 -7 -26 -11 -2 -9
right_child=2 4 6 -5 -6 8 -8 9 -10 11 -12 -13 -14 -15 -16 16 -18 19 -20 20 21 22 23 -25 26 -27 -28 -29 -30 -31
leaf_value=-0.016236117648760404 -0.027914239417908517 -0.0018723063979273189 1.0964347334236071 0.093790753532917492 0.11880994694685346 -0.00088735422313854792 -0.0036875592594867615 0.0021863269857764545 0.027465895543821617 4.9560622664079904e-05 -0.021985394132239766 -0.015504383804599087 0.022434354031372863 -0.021155077489697319 0.029116750838561158 -0.0072849857365209214 0.0023343909559316203 0.001312760938665858 -0.014469413061107229 -0.022719819534805088 0.0088804989988249036 -0.020112172953461238 0.0031312117741637557 -0.014579173642306476 -0.0061494060701210891 0.02648586836482494 0.015531791107974336 0.014587880139580612 -0.00029387770631927879 -0.00082120286694061244
leaf_weight=3390 50 106 1779 142 40 36 21 21 178 43 47 58 36 21 25 59 30 35 60 26 36 45 29 333 235 46 28 24 24 24
leaf_count=3390 50 106 1779 142 40 36 21 21 178 43 47 58 36 21 25 59 30 35 60 26 36 45 29 333 235 46 28 24 24 24
internal_value=-0.00614416 -0.0202652 0.0188165 0.00531123 -0.00564663 0.00138191 0.0243611 -0.00661626 0.00339388 -0.00206186 -0.0103261 0.000506757 0.00336134 0.000742574 0.00290055 0 -0.00589888 -0.00925373 -0.014759 -0.00744048 -0.00847548 -0.00750564 -0.00927518 -0.00773481 0.000217391 0.00792683 -0.00218631 0.00783582 -0.0128378 0.00166667
internal_weight=7027 4488 2539 739 1098 597 1800 1058 523 388 92 296 238 202 181 156 89 670 166 504 469 443 407 362 345 82 263 67 74 45
internal_count=7027 4488 2539 739 1098 597 1800 1058 523 388 92 296 238 202 181 156 89 670 166 504 469 443 407 362 345 82 263 67 74 45
is_linear=0
shrinkage=0.05


Tree=25
num_leaves=31
num_cat=0
split_feature=1 18 13 14 10 1 18 13 18 18 18 18 9 6 18 2 18 0 0 18 11 2 12 5 18 3 2 0 1 18
split_gain=975.172 125.248 77.9865 34.9856 12.3459 3.69708 3.48541 7.129 4.98303 4.13101 3.88889 3.83584 3.25844 4.13578 2.8999 4.21821 3.1054 4.82092 3.30808 2.66448 3.36296 2.15111 2.06298 2.08191 2.24153 2.02855 2.01349 1.96782 2.51455 2.08282
threshold=120.90000000000002 43.880278097219168 0.011642196543108734 48.00088160845565 -0.70862667826445969 337.15000000000003 2.5816207301134657 0.028901772731160725 4.3732017446696894 5.2118986363581756 3.4530842455602673 0.58164303268527673 -0.99052327954040364 31.500000000000004 6.3425238804615178 67.500000000000014 7.688021354821065 108.50000000000001 360.50000000000006 17.254734173883783 20.654772958778334 247.50000000000003 105.97532364483261 16.500000000000004 34.108868229636094 20.250000000000004 106.50000000000001 199.50000000000003 323.25000000000006 9.7366163776564072
decision_type=2 2 2 2 2 2 2 2 2 2 2 2 2 2 2 2 2 2 2 2 2 2 2 2 2 2 2 2 2 2
left_child=2 3 -1 4 -2 21 7 11 10 -10 -8 -4 26 22 15 -11 -16 -18 19 20 -19 -5 -14 -24 27 -26 -6 28 29 -25
right_child=1 -3 6 5 12 -7 8 -9 9 14 -12 -13 13 -15 16 -17 17 18 -20 -21 -22 -23 23 24 25 -27 -28 -29 -30 -31
leaf_value=-0.015424311766322384 -0.013317945926675456 1.0629854103876806 -0.001772286092482464 -0.0055640811038129463 0.0015492207742433097 0.089707910106646346 -0.00037488550274618061 -0.022129416598361696 -0.024453883056202219 -0.0024653943679788792 0.012499988356448388 0.00029833265213561336 0.00081183297954441353 -0.0028144149146433154 -0.015876746482394434 0.013245380133718454 0.0052883489283239273 -0.026205494779238149 0.029060507657966819 -0.033502626862706462 0.0032405544721173297 0.055835270594370462 0.00022245651760552932 0.009736043088638846 -0.0071133784636760568 0.0082506227492597627 -0.031063762619651315 0.04655079812571046 -0.014169135678080737 0.063650110317002767
leaf_weight=3390 330 1707 59 20 21 205 60 115 40 34 45 81 108 174 57 21 35 61 25 63 48 25 56 59 22 26 22 54 22 42
leaf_count=3390 330 1707 59 20 21 205 60 115 40 34 45 81 108 174 57 21 35 61 25 63 48 25 56 59 22 26 22 54 22 42
internal_value=-0.00620108 0.0160646 -0.0217828 0.00358347 -0.000854701 0.0202 -0.00712366 -0.0118627 -0.00465235 -0.00729167 0.005 -0.00428571 0.00338284 0.00439609 -0.00552326 0.005 -0.00752595 -0.0049569 -0.00799492 -0.0104651 -0.00573394 0.00722222 0.00726221 0.00951957 0.0116667 0.00208333 -0.00988372 0.0142655 0.0107724 0.0141089
internal_weight=7027 2893 4134 1186 936 250 744 255 489 384 105 140 606 563 344 55 289 232 197 172 109 45 389 281 225 48 43 177 123 101
internal_count=7027 2893 4134 1186 936 250 744 255 489 384 105 140 606 563 344 55 289 232 197 172 109 45 389 281 225 48 43 177 123 101
is_linear=0
shrinkage=0.05


Tree=26
num_leaves=31
num_cat=0
split_feature=1 18 13 14 10 11 9 6 1 13 13 18 18 2 17 2 14 5 1 12 14 18 2 0 18 18 1 0 18 18
split_gain=957.796 129.565 82.748 35.8537 9.94181 3.66966 6.85921 3.26901 3.20947 2.98863 7.85198 4.41833 4.27369 3.97166 3.94833 2.73864 2.70901 2.3828 2.38194 2.32292 2.32123 2.27635 3.54288 2.80485 3.39517 4.05551 4.44646 3.60344 2.49685 2.05031
threshold=120.90000000000002 45.511762128286534 0.011642196543108734 48.00088160845565 -0.70862667826445969 22.237202983197971 -0.92093717412624321 59.500000000000007 353.05000000000007 0.045915237553279691 0.028901772731160725 4.3732017446696894 5.2118986363581756 38.500000000000007 24.389356109514875 247.50000000000003 9.4923173644238883 37.500000000000007 207.50000000000003 242.42462652117129 39.001410839106207 6.3425238804615178 67.500000000000014 360.50000000000006 17.254734173883783 7.571178911601625 101.25000000000001 108.50000000000001 8.3957515510129301 42.381428702075894
decision_type=2 2 2 2 2 2 2 2 2 2 2 2 2 2 2 2 2 2 2 2 2 2 2 2 2 2 2 2 2 2
left_child=2 3 -1 4 20 7 -7 17 15 10 14 13 -13 16 -4 -5 -11 18 -6 -20 -2 22 -14 24 25 -23 27 -27 -29 -8
right_child=1 -3 9 8 5 6 29 -9 -10 11 -12 12 21 -15 -16 -17 -18 -19 19 -21 -22 23 -24 -25 -26 26 -28 28 -30 -31
leaf_value=-0.014653096178006265 -0.014463409585707866 1.029422702978648 -0.0048835452167079914 -0.0034851162340544307 -0.0011380082544538261 -0.016757223421071287 0.0010469741739949968 -0.0046202437772970397 0.088606238489069261 -0.0019938222732611035 -0.0230049699295817 -0.023231188903392132 -0.0023421246495799243 0.0080462816153860865 4.581592087076758e-05 0.053545467304989817 0.00041985019872120555 0.022406817472154918 -0.0024413672647510157 0.027526013237609351 0.00075731470476316789 -0.022344563073680268 0.012583111127032521 0.027607482275068485 -0.031827495519571161 0.0058001723408651618 -0.015364624274349259 -0.029763145205844888 0.0013840931901993869 0.015720266276535888
leaf_weight=3390 284 1665 26 25 63 67 215 56 205 39 99 40 34 44 114 33 38 119 23 58 50 49 21 25 63 33 36 20 63 30
leaf_count=3390 284 1665 26 25 63 67 215 56 205 39 99 40 34 44 114 33 38 119 23 58 50 49 21 25 63 33 36 20 63 30
internal_value=-0.00624377 0.0158227 -0.021686 0.00350163 -0.000958549 0.00273376 -0.00112179 0.0065047 0.0198669 -0.00658602 -0.0111925 -0.00440594 -0.00703125 0.00392562 -0.00357143 0.00948276 -0.00292208 0.0088403 0.00451389 0.0101852 -0.00793413 -0.00523256 0.00409091 -0.00700692 -0.00852273 -0.00534826 -0.00131579 0.00344828 -0.00210843 0.0027551
internal_weight=7027 2893 4134 1228 965 631 312 319 263 744 239 505 384 121 140 58 77 263 144 81 334 344 55 289 264 201 152 116 83 245
internal_count=7027 2893 4134 1228 965 631 312 319 263 744 239 505 384 121 140 58 77 263 144 81 334 344 55 289 264 201 152 116 83 245
is_linear=0
shrinkage=0.05


Tree=27
num_leaves=31
num_cat=0
split_feature=13 18 14 18 10 13 1 14 11 0 9 0 11 9 18 12 16 18 2 18 18 17 15 18 9 18 18 13 18 5
split_gain=951.661 188.012 40.835 17.5901 8.80935 8.54534 4.44731 2.89773 2.84538 4.24627 2.93628 2.84261 2.6246 2.55698 2.54475 2.3685 1.94829 1.88665 4.20215 2.2417 2.33584 2.09208 2.7411 2.29632 1.84931 2.3555 3.10904 1.84842 3.5 2.41659
threshold=0.045915237553279691 46.300531869669946 48.494534078851459 0.31370223637746403 -0.48248986924805465 0.028901772731160725 363.80000000000001 39.001410839106207 32.384355395341437 407.50000000000006 0.99551215362393841 390.50000000000006 38.127840562251841 0.12447811117596704 1.0424599011378131 124.74909930445283 16.998327878183314 8.9875434930812759 102.50000000000001 9.7366163776564072 17.685032753126457 26.500740391198722 6.8002822819359752 6.3425238804615178 -0.97873101657557326 4.3732017446696894 6.3425238804615178 0.1699799318858973 9.4414467071583399 30.500000000000004
decision_type=2 2 2 2 2 2 2 2 2 2 2 2 2 2 2 2 2 2 2 2 2 2 2 2 2 2 2 2 2 2
left_child=3 2 4 -1 7 14 11 17 10 -10 15 -4 -11 -13 -5 16 -6 18 21 -19 -21 22 23 -2 -18 -26 -27 28 -28 -29
right_child=1 -3 6 5 8 -7 -8 -9 9 12 -12 13 -14 -15 -16 -17 24 19 -20 20 -22 -23 -24 -25 25 26 27 29 -30 -31
leaf_value=-0.013920441369105953 -0.00072533052448446882 0.98666948622571171 -0.0073506894875833067 -0.0006399347437718528 -0.014877501647539671 -0.02185472143310261 0.097769912165995621 0.0043744156521078109 -0.028744425405297137 -0.026699145773600819 -0.0053941341816046602 0.0061110718029784294 0.024838330458757343 0.060471461609453853 0.0038986014418561144 0.013362313321736609 -0.0024922165776564142 -0.033473056952704021 0.0095712828357545476 0.00031531003954468064 -0.015780960594121575 -0.0092637062579373763 0.0014606483109813385 -0.019174692585673149 0.01147267485785668 -0.010056682252470318 -0.0015634569930550236 0.0090207893254559586 0.036854751226835882 -0.0035631450486043551
leaf_weight=3405 77 1652 20 103 24 99 199 88 68 23 37 25 33 28 22 277 42 40 24 70 335 48 54 28 21 26 28 22 28 81
leaf_count=3405 77 1652 20 103 24 99 199 88 68 23 37 25 33 28 22 277 42 40 24 70 335 48 54 28 21 26 28 22 28 81
internal_value=-0.006258 0.0127575 0.0013173 -0.0240631 -0.00196744 -0.0104911 0.0191176 -0.00569372 0.00204225 -0.00483871 0.00349829 0.00856164 0.00535714 0.0146226 -0.0018 0.00441712 0.00110294 -0.00680473 -0.00313853 -0.00870787 -0.00759259 -0.00543478 -0.00267296 -0.00738095 0.00241935 0.00436893 0.00256757 0.00518868 0.0125 0.00121359
internal_weight=7027 3398 1746 3629 1474 224 272 764 710 124 586 73 56 53 125 549 272 676 231 445 405 207 159 105 248 206 185 159 56 103
internal_count=7027 3398 1746 3629 1474 224 272 764 710 124 586 73 56 53 125 549 272 676 231 445 405 207 159 105 248 206 185 159 56 103
is_linear=0
shrinkage=0.05


Tree=28
num_leaves=31
num_cat=0
split_feature=13 18 14 13 13 10 17 14 6 1 10 18 2 2 18 2 0 9 11 2 0 3 1 9 3 11 18 6 4 6
split_gain=939.722 185.044 39.4439 19.6639 8.66004 7.89488 4.04745 3.90429 3.49372 3.46905 3.11015 3.03874 4.41713 4.14865 5.26989 5.4021 4.68447 3.27575 2.40933 2.39111 4.22243 3.30784 2.18311 2.30519 2.15524 2.0233 2.00116 2.83233 1.87417 1.75787
threshold=0.045915237553279691 46.300531869669946 49.93173721722011 0.011642196543108734 0.028901772731160725 0.12447926388678894 24.322168630696982 37.566963794938736 20.500000000000004 378.00000000000006 0.99164058729498161 4.3732017446696894 38.500000000000007 58.500000000000007 6.3425238804615178 82.500000000000014 108.50000000000001 0.85206963063867758 22.237202983197971 174.50000000000003 360.50000000000006 39.750000000000007 467.85000000000008 -0.73538978246754161 33.050000000000004 3.9990213513780057 37.199530931578501 62.500000000000007 16.650000000000002 66.500000000000014
decision_type=2 2 2 2 2 2 2 2 2 2 2 2 2 2 2 2 2 2 2 2 2 2 2 2 2 2 2 2 2 2
left_child=3 2 5 -1 6 7 -5 11 10 26 18 12 -2 -13 -15 -16 -17 22 25 -9 21 -21 23 28 -19 -7 27 -4 -18 -25
right_child=1 -3 9 4 -6 8 -8 19 -10 -11 -12 13 -14 14 15 16 17 24 -20 20 -22 -23 -24 29 -26 -27 -28 -29 -30 -31
leaf_value=-0.013224419300650653 -0.00075558234309988095 0.93733601191442595 0.020361375063149636 -0.0046073712186839979 -0.02076198536144749 0.00031763831932840603 7.5521862015823235e-05 0.016430580220058121 -0.0030112542107032072 0.11333210025491738 -0.062154839470278667 -0.019907821375852033 0.0070385051647705484 0.0083335905421015443 -0.017151440423828213 0.0023951057592602079 -0.0037961430686737074 0.0041788225750215352 0.0005129160731556226 -0.018810076730955139 0.020061124858261437 -0.00076120230570104759 -0.039114391243095528 -0.0086699787980624166 -0.0052536467980925042 0.032841918212515697 0.048944928323903097 -0.0076482492338890047 0.0067087553261832248 -0.027938804109454818
leaf_weight=3390 68 1652 28 24 99 22 116 68 140 163 22 33 42 55 56 31 81 85 48 27 49 41 23 267 30 123 30 23 30 161
leaf_count=3390 68 1652 28 24 99 22 116 68 140 163 22 33 42 55 56 31 81 85 48 27 49 41 23 267 30 123 30 23 30 161
internal_value=-0.00631493 0.0125809 0.00123139 -0.024008 -0.0101464 -0.0017976 -0.00214286 -0.0038143 0.00471831 0.019877 0.00872093 -0.00509356 0.00272727 -0.00610329 -0.00540293 -0.00647906 -0.00529661 -0.00616691 0.0107513 0.00283784 -0.00149573 -0.00955882 -0.00774021 -0.00709647 0.00152174 0.0139655 0.0114198 0.00539216 -0.000675676 -0.00876168
internal_weight=7027 3398 1746 3629 239 1502 140 1147 355 244 215 962 110 852 819 764 708 677 193 185 117 68 562 539 115 145 81 51 111 428
internal_count=7027 3398 1746 3629 239 1502 140 1147 355 244 215 962 110 852 819 764 708 677 193 185 117 68 562 539 115 145 81 51 111 428
is_linear=0
shrinkage=0.05


Tree=29
num_leaves=31
num_cat=0
split_feature=13 18 14 13 13 10 14 17 1 6 10 11 18 2 2 18 2 3 5 0 2 0 3 11 18 10 10 11 13 18
split_gain=929.171 178.78 43.8069 19.6639 8.66004 7.80833 4.33687 4.04745 3.9362 3.11633 3.02947 2.81336 2.69774 4.53861 4.17617 4.60728 3.86192 3.35558 2.32181 2.16685 2.14973 4.00739 2.94675 2.0233 1.93962 1.93752 3.45436 2.10611 3.4765 1.89394
threshold=0.045915237553279691 48.360499163939224 49.93173721722011 0.011642196543108734 0.028901772731160725 0.12447926388678894 37.566963794938736 24.322168630696982 381.40000000000003 20.500000000000004 0.99164058729498161 22.237202983197971 4.3732017446696894 40.500000000000007 58.500000000000007 6.3425238804615178 80.500000000000014 27.350000000000005 26.500000000000004 108.50000000000001 174.50000000000003 360.50000000000006 39.350000000000001 3.9990213513780057 37.199530931578501 -0.67758968959607091 -0.12447465306484827 10.987024771599135 0.2557677537516248 21.718676228415863
decision_type=2 2 2 2 2 2 2 2 2 2 2 2 2 2 2 2 2 2 2 2 2 2 2 2 2 2 2 2 2 2
left_child=3 2 5 -1 7 6 12 -5 18 10 11 23 13 -2 -14 -16 -17 -18 -4 -19 -8 22 -22 -7 -20 -21 27 -27 -29 -24
right_child=1 -3 8 4 -6 9 20 -9 -10 -11 -12 -13 14 -15 15 16 17 19 24 25 21 -23 29 -25 -26 26 -28 28 -30 -31
leaf_value=-0.012563198335618121 -0.00055507470365652185 0.90677761433384141 0.059619695856436297 -0.0043770026577497961 -0.019723886093375123 0.00030175640336199683 0.015609051209055293 7.1745768915031091e-05 0.12659602575633944 -0.0022376684589191956 -0.059047097496764733 0.00048727026949784151 -0.018912430307059448 0.01726227466203838 0.0079169110149964524 -0.02123099699706521 0.0065259226055575771 0.0011219339573636856 -0.010623524048919641 -0.015951360815128979 -0.017623941359172512 0.02064801169730526 -0.016447885209475821 0.031199822301889935 0.013544735153035427 -0.0070026738959734665 -0.019504043185897671 0.0095043526006843848 -0.0024043719503826113 0.0083743790416571425
leaf_weight=3390 85 1596 46 24 99 22 68 116 186 142 22 48 33 25 55 45 46 38 24 393 24 52 20 123 26 21 57 33 144 24
leaf_count=3390 85 1596 46 24 99 22 68 116 186 142 22 48 33 25 55 45 46 38 24 393 24 52 20 123 26 21 57 33 144 24
internal_value=-0.00641454 0.0123749 0.00158158 -0.024008 -0.0101464 -0.00177632 -0.00376182 -0.00214286 0.0196809 0.00469188 0.00848837 0.0104922 -0.00510256 0.00227273 -0.00604046 -0.00534856 -0.00633848 -0.00546448 0.0114583 -0.00634111 0.00319149 -0.000833333 -0.00882353 0.0139655 0.004 -0.0070216 -0.00362745 -0.000505051 0.00127119 -0.00113636
internal_weight=7027 3398 1802 3629 239 1520 1163 140 282 357 215 193 975 110 865 832 777 732 96 686 188 120 68 145 50 648 255 198 177 44
internal_count=7027 3398 1802 3629 239 1520 1163 140 282 357 215 193 975 110 865 832 777 732 96 686 188 120 68 145 50 648 255 198 177 44
is_linear=0
shrinkage=0.05


Tree=30
num_leaves=31
num_cat=0
split_feature=1 18 13 14 10 14 1 11 10 2 13 2 2 18 18 3 6 2 18 1 6 10 11 11 9 18 10 5 11 11
split_gain=917.513 145.182 55.0935 47.1939 7.48722 5.84274 3.07752 3.05161 2.59683 2.97692 4.54781 4.43058 3.79834 4.20439 3.24386 3.5793 2.50988 2.50499 4.66036 2.40919 2.341 2.66667 2.79169 2.3219 2.45841 2.31792 2.95179 2.28375 2.05354 3.37224
threshold=76.350000000000009 49.932353608097806 0.010826417866129059 50.303189625999103 0.12447926388678894 37.566963794938736 363.80000000000001 7.2105124014547171 0.9441525352944613 34.500000000000007 0.028901772731160725 12.500000000000002 139.50000000000003 7.688021354821065 4.3732017446696894 36.250000000000007 28.500000000000004 60.500000000000007 6.3425238804615178 306.25000000000006 88.500000000000014 0.99164058729498161 22.237202983197971 3.9990213513780057 0.95495791161117582 8.0413689877169379 -0.67758968959607091 30.500000000000004 38.127840562251841 30.406641618468601
decision_type=2 2 2 2 2 2 2 2 2 2 2 2 2 2 2 2 2 2 2 2 2 2 2 2 2 2 2 2 2 2
left_child=2 3 -1 4 5 7 27 -2 9 10 11 -4 13 14 15 -11 28 -16 -19 25 21 22 23 -6 -25 -18 -27 -5 29 -9
right_child=1 -3 8 6 20 -7 -8 16 -10 12 -12 -13 -14 -15 17 -17 19 18 -20 -21 -22 -23 -24 24 -26 26 -28 -29 -30 -31
leaf_value=-0.011935038418837215 0.01001640967834716 0.8913612189687119 -0.0013153264059813348 0.055103546588557255 -0.0038901435123947616 0.0066258596370952997 0.12642686250395005 -0.0016013906736499274 0.0015429036158365037 0.006157443999881807 -0.015512375454834372 0.00030126244856351625 -0.025260420528097873 0.013205764517411112 -0.012410589682968222 -0.00086499092043828001 -0.013707893433119801 0.0076163682201206397 -0.014244193751021728 -0.041543360214527605 -0.0028955203156362688 -0.056094742621926486 0.00046290675602307375 0.030732884747307621 0.0042887612867325677 -0.015861797894780951 0.0025337292998122152 0.0018273263354295468 0.001845050129988124 -0.025825412759606793
leaf_weight=3376 26 1540 64 35 24 184 234 261 20 25 117 73 68 37 27 32 35 33 35 52 64 22 62 126 24 144 65 36 103 83
leaf_count=3376 26 1540 64 35 24 184 234 261 20 25 117 73 68 37 27 32 35 33 35 52 64 22 62 126 24 144 65 36 103 83
internal_value=-0.00649993 0.0137179 -0.0226453 0.00306962 -0.00115686 -0.00338405 0.0207377 -0.00529909 -0.0076742 -0.00836595 -0.0122047 -0.0060219 -0.00457198 -0.000925926 -0.00460526 0.00482456 -0.00588829 -0.0102632 -0.00514706 -0.00945946 0.00543478 0.00755814 0.00911017 0.0123563 0.0146667 -0.00737705 -0.00538278 0.0116197 -0.00352349 -0.00537791
internal_weight=7027 3120 3907 1580 1275 953 305 769 531 511 254 137 257 189 152 57 743 95 68 296 322 258 236 174 150 244 209 71 447 344
internal_count=7027 3120 3907 1580 1275 953 305 769 531 511 254 137 257 189 152 57 743 95 68 296 322 258 236 174 150 244 209 71 447 344
is_linear=0
shrinkage=0.05


Tree=31
num_leaves=31
num_cat=0
split_feature=13 18 14 18 10 13 1 12 17 0 11 2 14 14 13 9 5 18 12 16 18 1 2 4 9 18 2 18 11 9
split_gain=902.546 172.589 49.1335 21.7087 7.66917 7.30792 5.31954 5.07919 3.58632 3.42084 2.84425 3.13537 2.40162 2.87878 2.85121 2.29573 2.19391 2.64701 2.07525 2.11764 2.78462 1.97248 2.99176 1.89193 1.84037 2.81415 1.79942 2.34986 2.22122 1.79014
threshold=0.045915237553279691 50.779402747586907 50.303189625999103 0.14633312961828854 -0.67758968959607091 0.028901772731160725 381.40000000000003 85.495933417996255 24.322168630696982 442.50000000000006 32.384355395341437 294.50000000000006 37.566963794938736 20.904609971821049 0.18158213768841017 0.99551215362393841 27.500000000000004 37.199530931578501 126.92129392765953 21.412373182850455 4.3732017446696894 118.2 99.500000000000014 11.350000000000003 0.65189295912203338 0.82026626654499502 222.50000000000003 17.685032753126457 18.625284776990629 -0.94970904815366253
decision_type=2 2 2 2 2 2 2 2 2 2 2 2 2 2 2 2 2 2 2 2 2 2 2 2 2 2 2 2 2 2
left_child=3 2 4 -1 12 8 16 -6 -5 -3 15 29 13 26 -15 18 -4 -18 19 20 -9 -22 -23 -14 -10 -26 27 28 -2 -12
right_child=1 9 6 5 7 -7 -8 10 24 -11 11 -13 23 14 -16 -17 17 -19 -20 -21 21 22 -24 -25 25 -27 -28 -29 -30 -31
leaf_value=-0.011338286497895353 -0.0017654919216255616 0.077082140411633665 0.05288631270841098 -0.0040224973511953288 -0.0074665309395661522 -0.017962073015964641 0.13358474476213544 0.0025398700656909415 0.0002799899161070707 0.87961157080103802 -0.026721904189970582 0.060145143324359829 0.025842327646552476 0.0077786942886873163 -0.022197668400432937 -0.0031588860529918605 -0.0054716395433436205 0.013416949792230426 0.0093107087198046837 0.0043665927581958645 -0.023497270890736433 0.0060859869108381044 -0.0068864280267460394 -0.0023976860833187178 -0.0010613022965756892 0.00072149669414967033 0.0050200696564798976 -0.017433630102020547 0.0017039921002257154 -0.0098746761259103089
leaf_weight=3375 124 34 48 24 40 99 223 29 72 1478 34 20 20 24 176 39 23 29 346 137 31 35 65 79 38 21 62 108 70 124
leaf_count=3375 124 34 48 24 40 99 223 29 72 1478 34 20 20 24 176 39 23 29 346 137 31 35 65 79 38 21 62 108 70 124
internal_value=-0.00659954 0.0119188 0.00182927 -0.0239391 -0.00183941 -0.00984252 0.019582 0.00116667 -0.00306452 0.024504 0.00197674 -0.00365169 -0.00592006 -0.00718085 -0.012 0.00344575 0.01 0.00288462 0.00416019 0.00109428 -0.0028125 -0.00591603 -0.0025 0.00126263 0.00019084 -0.00635593 -0.00453297 -0.00612583 -0.00283505 -0.00601266
internal_weight=7027 3398 1886 3629 1563 254 323 900 155 1512 860 178 663 564 200 682 100 52 643 297 160 131 100 99 131 59 364 302 194 158
internal_count=7027 3398 1886 3629 1563 254 323 900 155 1512 860 178 663 564 200 682 100 52 643 297 160 131 100 99 131 59 364 302 194 158
is_linear=0
shrinkage=0.05


Tree=32
num_leaves=31
num_cat=0
split_feature=13 18 14 13 13 10 1 0 14 2 14 6 18 18 14 18 2 0 14 2 13 5 13 4 11 11 17 18 18 1
split_gain=893.13 170.784 42.9282 23.4888 7.53184 6.79269 5.71237 3.99843 3.5945 3.18151 2.97459 2.84456 3.21845 2.41048 2.18873 2.16607 2.38001 2.06932 1.97239 1.93209 3.10118 2.03658 1.81871 1.80118 1.66732 1.61953 2.07202 1.57955 5.18081 1.66839
threshold=0.045915237553279691 50.779402747586907 50.303189625999103 0.010826417866129059 0.028901772731160725 -0.48248986924805465 388.65000000000003 442.50000000000006 15.196237293111558 12.500000000000002 39.001410839106207 36.500000000000007 43.880278097219168 37.199530931578501 27.256963844913468 4.3732017446696894 274.50000000000006 360.50000000000006 32.793263389360938 196.50000000000003 0.73385282963827314 29.500000000000004 0.013652122847930796 5.4500000000000011 40.300953373927022 -1.198049777575469 25.886778583209672 8.7523200402321208 16.420634257746357 175.75000000000003
decision_type=2 2 2 2 2 2 2 2 2 2 2 2 2 2 2 2 2 2 2 2 2 2 2 2 2 2 2 2 2 2
left_child=3 2 5 -1 8 10 13 -3 9 22 14 12 18 24 -2 -13 23 -12 -7 21 -21 -16 -5 -17 -4 -11 -27 -25 -29 -30
right_child=1 7 6 4 -6 11 -8 -9 -10 25 17 15 -14 -15 19 16 -18 -19 -20 20 -22 -23 -24 27 -26 26 -28 28 29 -31
leaf_value=-0.010771372173000586 -0.0037640399279063267 0.073228033391051994 0.041246252123335131 -0.00026189874806406831 -0.017063969365166409 0.0021601093487434663 0.13193652101279837 0.83563099226098603 0.0020940113540874271 -0.0019332702168621736 -0.0033391082830467769 0.0047154292914367126 -0.028228330113348223 0.033416309025832903 -0.013250819459611663 -0.018251990398076855 0.015112367503807001 0.024393230946576062 0.027768501226641984 -0.030973635973809178 -0.019394703310678808 0.0059529719584776597 -0.0020808580587400151 -0.0079461970076040167 -0.0086741900288305196 -0.00062930520679871935 0.00063767440434121532 0.019871058476921812 -0.023110372177023566 -0.0018550296846251868
leaf_weight=3376 575 34 29 37 99 361 213 1478 20 22 57 21 23 57 27 30 25 44 90 60 29 28 27 53 24 20 28 29 25 86
leaf_count=3376 575 34 29 37 99 361 213 1478 20 22 57 21 23 57 27 30 25 44 90 60 29 28 27 53 24 20 28 29 25 86
internal_value=-0.00663512 0.0117863 0.00174973 -0.023884 -0.00918972 -0.00167946 0.0183437 0.0243056 -0.00227273 -0.00522388 -0.00481707 0.00178331 0.00411392 0.00909091 -0.00594576 -0.00232342 -0.00362903 0.00321782 0.00504435 -0.0114583 -0.0160112 -0.00409091 -0.0132813 -0.00526906 0.00141509 0.00214286 0.00729167 -0.00349741 -0.000714286 -0.00563063
internal_weight=7027 3398 1886 3629 253 1563 323 1512 154 134 820 743 474 110 719 269 248 101 451 144 89 55 64 223 53 70 48 193 140 111
internal_count=7027 3398 1886 3629 253 1563 323 1512 154 134 820 743 474 110 719 269 248 101 451 144 89 55 64 223 53 70 48 193 140 111
is_linear=0
shrinkage=0.05


Tree=33
num_leaves=31
num_cat=0
split_feature=0 18 14 18 13 1 10 0 17 14 6 9 14 15 1 9 10 18 2 2 5 2 5 2 2 13 5 1 0 9
split_gain=884.095 166.906 45.0292 25.2886 6.95332 6.35926 5.54248 3.53248 3.15013 3.10733 3.02919 3.47943 2.95102 2.73571 2.72287 3.34613 2.75677 2.52308 2.51085 2.58857 2.49934 2.49348 2.08521 2.33766 2.07125 3.12784 2.03658 1.99634 1.82545 1.70439
threshold=37.500000000000007 51.570866019720206 50.303189625999103 0.14633312961828854 0.028901772731160725 381.40000000000003 -0.48248986924805465 452.50000000000006 24.322168630696982 39.001410839106207 16.500000000000004 -0.97873101657557326 27.256963844913468 2.482239539860871 195.40000000000003 0.7775899462189082 0.75546532993267179 16.420634257746357 282.50000000000006 165.50000000000003 31.500000000000004 102.50000000000001 27.500000000000004 298.50000000000006 196.50000000000003 0.74400310630464805 29.500000000000004 33.350000000000001 360.50000000000006 -0.99466160899732459
decision_type=2 2 2 2 2 2 2 2 2 2 2 2 2 2 2 2 2 2 2 2 2 2 2 2 2 2 2 2 2 2
left_child=3 2 6 -1 8 22 9 -3 -5 12 11 21 27 -6 15 16 -13 -16 19 -12 -19 -8 -4 -24 26 -26 -14 -2 -11 -23
right_child=1 7 5 4 13 -7 10 -9 -10 28 18 14 24 -15 17 -17 -18 20 -20 -21 -22 29 23 -25 25 -27 -28 -29 -30 -31
leaf_value=-0.010232803564350556 0.0013626983155873519 0.097787189888003223 0.048571181621698933 -0.0037060794740106833 -0.020142053014594929 0.12080346251814654 0.00082376445158471867 0.80875785176658899 6.3876731120104951e-05 -0.0031721528688944292 -0.00018836707558307354 0.013007305518764013 -0.012588278486631133 -0.0032254338308605581 0.030415106423993078 -0.010115791431804279 -0.0043309492284867804 0.013055328495764585 0.030276101198753305 -0.022672131780818817 0.0041673233302329752 -0.026489756091463069 -0.0047643480647348475 0.027153552411560613 -0.030083218070106277 -0.014516229908735313 0.005655323360553766 -0.0040499546529114477 0.023173569399247109 -0.0039282228451448025
leaf_weight=3375 67 38 48 24 86 237 41 1446 131 57 225 33 27 23 39 29 32 69 20 79 125 22 35 20 72 25 28 507 44 23
leaf_count=3375 67 38 48 24 86 237 41 1446 131 57 225 33 27 23 39 29 32 69 20 79 125 22 35 20 72 25 28 507 44 23
internal_value=-0.00669204 0.0116883 0.00189076 -0.0238046 -0.00890152 0.0183824 -0.00169437 0.0242588 -0.00209677 -0.00450423 0.00145862 0.00429782 -0.00564738 -0.018578 0.00665138 -0.000531915 0.00576923 0.00954936 -0.00216049 -0.00328947 0.00721649 -0.00465116 0.00800971 0.00136364 -0.0118421 -0.0162371 -0.00409091 -0.00400697 0.00371287 -0.0127778
internal_weight=7027 3388 1904 3639 264 340 1564 1484 155 827 737 413 726 109 327 94 65 233 324 304 194 86 103 55 152 97 55 574 101 45
internal_count=7027 3388 1904 3639 264 340 1564 1484 155 827 737 413 726 109 327 94 65 233 324 304 194 86 103 55 152 97 55 574 101 45
is_linear=0
shrinkage=0.05


Tree=34
num_leaves=31
num_cat=0
split_feature=13 18 14 18 13 1 10 17 9 12 6 11 9 14 12 18 4 8 13 0 1 2 4 9 2 13 5 1 18 12
split_gain=879.827 164.368 48.8609 22.4851 8.65284 5.84973 4.97695 3.15013 3.06818 3.71151 2.67907 2.6067 2.3258 3.2911 2.66884 2.47546 2.08344 2.17331 2.80092 2.69037 1.91803 3.33519 2.60827 2.31835 2.10746 1.86474 2.74439 2.30625 1.83363 2.12143
threshold=0.043850027340466342 52.418041017714494 50.303189625999103 0.14633312961828854 0.028901772731160725 381.40000000000003 -0.69637622559687229 24.322168630696982 0.9927395293426734 188.49617444645676 7.5000000000000009 28.126943988397521 0.90518480756366027 17.325652384954012 86.885001028975879 41.964922141061898 11.050000000000002 -0.78656609248549325 0.53689278607180724 145.50000000000003 118.2 99.500000000000014 10.750000000000002 0.12447811117596704 141.50000000000003 0.65784548784548791 20.500000000000004 337.15000000000003 53.791578479700185 234.49400325887072
decision_type=2 2 2 2 2 2 2 2 2 2 2 2 2 2 2 2 2 2 2 2 2 2 2 2 2 2 2 2 2 2
left_child=3 2 6 -1 7 25 16 -5 9 12 -11 -3 13 14 -8 -14 17 -2 19 -19 22 23 -16 -22 -23 26 -4 -28 29 -13
right_child=1 11 5 4 -6 -7 8 -9 -10 10 -12 28 15 -15 20 -17 -18 18 -20 -21 21 24 -24 -25 -26 -27 27 -29 -30 -31
leaf_value=-0.009721163386133028 -0.026403536004168872 0.1478705743816402 0.06087359990952948 -0.0035207755003101486 -0.017789187753429702 0.11891357809214434 -0.0090572694710353129 6.0682894564098591e-05 -0.0056913927642676335 0.019729868401124409 0.0014282491929101138 0.0090977692213561664 0.00062166762498367951 -0.022901937656422081 -0.0073676028953081453 0.019185945586424859 -0.0059812803467036886 0.0019843876005284145 0.01519365301333302 -0.012335637561751246 -0.012094942457131275 -0.004770602948323344 0.0010083616317279388 0.017222246320294277 0.030185197933526278 0.031122132062042243 -0.02254950600542607 0.0014474031904907038 0.79271304084329874 0.18978373481302527
leaf_weight=3375 31 23 29 24 84 262 45 131 68 135 224 20 74 99 38 22 500 52 23 61 20 76 44 58 32 32 21 25 1377 22
leaf_count=3375 31 23 29 24 84 262 45 131 68 135 224 20 74 99 38 22 500 52 23 61 20 76 44 58 32 32 21 25 1377 22
internal_value=-0.00672762 0.0114782 0.00209285 -0.0239209 -0.00910042 0.0184959 -0.00168539 -0.00209677 0.000668449 0.00147059 0.00536212 0.0243065 -0.00127953 -0.00291262 -0.000399361 0.00572917 -0.00498501 -0.000149701 0.00257353 -0.000663717 0.00149254 0.00430108 -0.00487805 0.0121795 -0.00138889 0.00864486 0.00433333 -0.00326087 0.0245772 0.0142857
internal_weight=7027 3413 1971 3614 239 369 1602 155 935 867 359 1442 508 412 313 96 667 167 136 113 268 186 82 78 108 107 75 46 1419 42
internal_count=7027 3413 1971 3614 239 369 1602 155 935 867 359 1442 508 412 313 96 667 167 136 113 268 186 82 78 108 107 75 46 1419 42
is_linear=0
shrinkage=0.05


Tree=35
num_leaves=31
num_cat=0
split_feature=0 18 14 18 13 1 14 2 2 18 0 0 14 0 18 5 18 0 8 17 18 18 13 15 9 6 18 17 13 6
split_gain=875.345 156.987 44.8915 25.8883 6.57165 4.81258 4.52472 4.31678 4.89889 3.85678 5.18904 5.16188 5.10548 5.30001 3.67361 3.58389 3.4483 3.16537 5.05361 3.15013 2.70873 4.08333 3.49823 2.5743 2.57238 2.77744 2.47424 2.07202 2.02913 2.02015
threshold=37.500000000000007 52.418041017714494 51.183480003422765 0.14633312961828854 0.028901772731160725 388.65000000000003 36.262863010170612 158.50000000000003 319.50000000000006 9.9355854023393793 108.50000000000001 131.50000000000003 0.47292095754029562 85.500000000000014 4.3732017446696894 31.500000000000004 54.535362853371247 327.50000000000006 -0.78656609248549325 24.322168630696982 8.0413689877169379 8.9875434930812759 0.16638225255972697 2.482239539860871 -0.99273952934267318 88.500000000000014 5.000550070574433 28.090032251999215 0.65784548784548791 11.500000000000002
decision_type=2 2 2 2 2 2 2 2 2 2 2 2 2 2 2 2 2 2 2 2 2 2 2 2 2 2 2 2 2 2
left_child=3 2 7 -1 19 28 16 9 17 10 12 -11 14 -14 27 29 -3 -9 -19 -5 -12 22 -22 -6 -17 -26 -16 -2 -4 -13
right_child=1 6 5 4 23 -7 -8 8 -10 11 20 15 13 -15 26 24 -18 18 -20 -21 21 -23 -24 -25 25 -27 -28 -29 -30 -31
leaf_value=-0.0092351052168263767 0.0052271263066251631 -0.0007336216668722529 0.0046537927318780706 -0.0033447367252946408 -0.018245490976193702 0.11759979624004942 0.76410377124742301 -0.018290279500327335 0.053502461404178449 0.051629235058724632 -0.016585220634939415 0.014162640727701971 0.00010708475768729243 0.014051177412333839 -0.03010774601168751 -0.02175684077360103 0.1464239679648042 -0.029908092929269971 0.00030104468826959164 5.7648749835892414e-05 -0.0032787833616042764 -0.019089359562690023 0.0094383056323327896 -0.0021855701614492463 0.0035573596453814197 -0.011217862797213485 -0.0029143482397098412 -0.00018890831084767968 0.032089398839805841 0.0050408813203683071
leaf_weight=3375 28 29 72 24 86 245 1346 178 35 36 40 77 116 60 20 29 67 105 292 131 31 54 23 23 206 67 124 20 31 57
leaf_count=3375 28 29 72 24 86 245 1346 178 35 36 40 77 116 60 20 29 67 105 292 131 31 54 23 23 206 67 124 20 31 57
internal_value=-0.0067632 0.011526 0.00226105 -0.0237909 -0.00871212 0.0185345 0.0240291 -0.00128285 -0.00459016 0.000759109 -0.00222868 0.00402542 0.000951087 0.00710227 -0.0046875 0.00252294 0.0135417 -0.00569565 -0.00321159 -0.00209677 -0.0101351 -0.00601852 0.0037037 -0.0181193 -0.000496689 0.00100733 -0.00868056 0.00729167 0.00946602 0.00932836
internal_weight=7027 3388 1946 3639 264 348 1442 1598 610 988 516 472 368 176 192 436 96 575 397 155 148 108 54 109 302 273 144 48 103 134
internal_count=7027 3388 1946 3639 264 348 1442 1598 610 988 516 472 368 176 192 436 96 575 397 155 148 108 54 109 302 273 144 48 103 134
is_linear=0
shrinkage=0.05


Tree=36
num_leaves=31
num_cat=0
split_feature=0 18 14 18 1 13 6 2 10 10 18 15 18 17 1 11 11 14 13 14 12 1 1 5 3 11 0 9 10 10
split_gain=865.234 156.625 50.684 27.1086 6.46459 6.46045 4.59583 4.61571 3.82127 3.64028 3.53852 2.81689 2.77932 2.51922 2.50548 2.41388 2.33236 2.67097 2.32527 2.18611 2.13915 2.54081 2.13019 2.0119 1.93846 1.93085 2.11643 2.09926 1.85985 1.92753
threshold=37.500000000000007 54.273357355367807 50.303189625999103 0.14633312961828854 412.55000000000001 0.028901772731160725 15.500000000000002 325.50000000000006 0.13300977955191609 0.99164058729498161 4.3732017446696894 2.3520095956920186 37.199530931578501 24.322168630696982 484.35000000000008 40.300953373927022 41.690312308066318 17.065732872120929 0.088858980110662497 37.382322533017664 83.804725066409375 105.80000000000003 493.35000000000008 49.500000000000007 42.050000000000004 22.237202983197971 78.500000000000014 0.91927745688801432 -0.17552498857989965 -0.48248986924805465
decision_type=2 2 2 2 2 2 2 2 2 2 2 2 2 2 2 2 2 2 2 2 2 2 2 2 2 2 2 2 2 2
left_child=3 2 6 -1 12 13 8 10 14 25 -8 -7 15 -5 20 -4 18 -18 -12 22 21 -2 -3 -23 28 26 -10 -28 29 -22
right_child=1 19 4 5 -6 11 7 -9 9 -11 16 -13 -14 -15 -16 -17 17 -19 -20 -21 24 23 -24 -25 -26 -27 27 -29 -30 -31
leaf_value=-0.0087733499559850582 0.00075186934452549099 0.013287776096252913 0.032876571520885814 -0.0031774998890299086 0.138280227803563 -0.019754382630387403 0.0016236563014289775 0.053416516052349296 0.00092960635950245507 -0.053829739243148156 -0.0071818615990508318 -0.0026558196139098824 0.030997381419760651 5.476631234409835e-05 -0.025895235125785024 -0.013489074888051445 -0.00045390099962023812 -0.032163534737643572 -0.0026641978278345137 0.75647910331493484 0.00028817955701114782 -0.028549291296691592 0.14511201481976937 -0.0010888894544288875 -0.0047671301664387045 0.00079225208525102175 0.047263191603192749 0.011400325720490701 -0.002963363362130367 0.0083560368113215992
leaf_weight=3375 50 24 34 24 245 80 48 25 40 25 39 29 104 131 21 24 40 115 546 1278 220 36 70 27 50 47 75 26 82 97
leaf_count=3375 50 24 34 24 245 80 48 25 40 25 39 29 104 131 21 24 40 115 546 1278 220 36 70 27 50 47 75 26 82 97
internal_value=-0.00683435 0.0113489 0.00248016 -0.0237634 0.0182432 -0.00833333 -0.00150715 -0.00415129 0.00119347 0.00692488 -0.00482234 -0.0176606 0.0104938 -0.00177419 -0.000900515 0.00172414 -0.00567568 -0.011129 -0.00423077 0.0243805 -0.000266904 -0.00641593 0.0170213 -0.0130952 0.00128062 0.00930851 0.012234 0.0160891 0.00244361 0.00417981
internal_weight=7027 3388 2016 3639 407 264 1609 813 796 213 788 109 162 155 583 58 740 155 585 1372 562 113 94 63 449 188 141 101 399 317
internal_count=7027 3388 2016 3639 407 264 1609 813 796 213 788 109 162 155 583 58 740 155 585 1372 562 113 94 63 449 188 141 101 399 317
is_linear=0
shrinkage=0.05


Tree=37
num_leaves=31
num_cat=0
split_feature=18 18 14 18 13 18 10 6 11 2 6 10 6 1 1 4 12 14 5 5 18 10 4 5 0 3 4 0 0 9
split_gain=853.769 159.356 48.7932 24.6187 9.10649 7.51683 4.76726 3.94611 3.72024 3.4892 3.48429 3.25471 4.46998 3.00887 2.84598 2.77458 2.37611 2.71117 2.92063 2.26361 2.2359 2.18046 2.61467 2.16259 2.39694 2.05067 1.91095 1.84257 2.13675 2.00012
threshold=2.1921385514075071 55.525204786753385 50.303189625999103 0.14633312961828854 0.028901772731160725 39.765142305465723 0.25118075958286767 27.500000000000004 39.882942753276076 325.50000000000006 32.500000000000007 0.99164058729498161 56.500000000000007 306.25000000000006 342.05000000000001 7.7500000000000009 293.94342572522436 37.566963794938736 16.500000000000004 68.500000000000014 1.0424599011378131 -0.16705162550211936 19.550000000000004 28.500000000000004 92.500000000000014 40.250000000000007 12.050000000000002 131.50000000000003 348.50000000000006 0.73248728852523659
decision_type=2 2 2 2 2 2 2 2 2 2 2 2 2 2 2 2 2 2 2 2 2 2 2 2 2 2 2 2 2 2
left_child=3 2 6 -1 20 7 9 -4 -9 10 16 12 19 -12 -7 -14 17 25 -19 23 21 22 -5 24 -8 -2 -17 -25 29 -29
right_child=1 -3 5 4 -6 14 11 8 -10 -11 13 -13 15 -15 -16 26 -18 18 -20 -21 -22 -23 -24 27 -26 -27 -28 28 -30 -31
leaf_value=-0.0083346824581858048 -0.00075585593097102785 0.7026641279465512 0.025186531368725354 -0.0016848036428608771 -0.021011239889362335 0.023888313065095802 0.010639184653258561 0.02869881003661412 -0.011823692997610102 0.049296829336444858 -0.0042097879955530718 -0.052395312250114956 -0.019200864190713055 -0.022891919394596272 0.140485920343313 0.010271248990423577 0.00071085351560212784 -0.0037664231565261554 0.014041810122282073 0.018341787725513738 0.0036657111920009311 0.00036113786348346277 6.2011211535981101e-05 0.014543260004194281 0.033996779183765737 -0.0052976872683477621 -0.0097416269368016742 0.0083766174482559751 0.01316212694760175 -0.011504251552743129
leaf_weight=3375 559 1316 106 69 70 35 20 32 24 26 469 28 28 87 234 49 24 44 72 42 22 34 30 33 29 54 44 30 20 22
leaf_count=3375 559 1316 106 69 70 35 20 32 24 26 469 28 28 87 234 49 24 44 72 42 22 34 30 33 29 54 44 30 20 22
internal_value=-0.00689839 0.0109644 0.00245144 -0.0239028 -0.00788889 0.0174594 -0.00139881 0.00895062 -0.00178571 -0.00275281 -0.00311306 0.00384058 0.00528391 -0.00611511 0.0225836 -0.00227273 -0.000896414 -0.00140604 0.00560345 0.00994898 -0.00112903 -0.00357143 -0.00732323 0.00714286 0.0158163 -0.00273246 0.00188172 0.00309524 -0.00138889 -0.00673077
internal_weight=7027 3427 2111 3600 225 431 1680 162 56 1335 1309 345 317 556 269 121 753 729 116 196 155 133 99 154 49 613 93 105 72 52
internal_count=7027 3427 2111 3600 225 431 1680 162 56 1335 1309 345 317 556 269 121 753 729 116 196 155 133 99 154 49 613 93 105 72 52
is_linear=0
shrinkage=0.05


Tree=38
num_leaves=31
num_cat=0
split_feature=18 18 14 18 13 6 14 2 1 10 10 11 14 1 12 4 18 10 4 11 9 13 1 18 9 18 15 5 11 10
split_gain=843.119 156.603 48.7639 25.2634 8.5176 5.16636 4.84817 4.47689 4.44682 3.4033 4.69453 3.24726 3.22097 3.02092 2.7502 2.64699 2.2359 2.48163 2.65408 2.11887 1.90988 1.85744 1.83428 2.16772 2.76588 2.19574 1.991 1.80228 1.70105 2.7974
threshold=2.1921385514075071 55.988729664080815 53.041983816106644 0.14633312961828854 0.028901772731160725 15.500000000000002 41.716238353717685 325.50000000000006 356.45000000000005 0.12447926388678894 0.99164058729498161 39.485989132386152 57.065418262902234 193.10000000000005 122.75675273136339 16.150000000000002 1.0424599011378131 -0.19244445339415753 19.750000000000004 7.9994447856515247 0.86095304316285726 0.65784548784548791 484.35000000000008 22.396111405465437 0.87795195455888941 21.120544749051671 37.7674427782324 60.500000000000007 15.747718155297029 -0.82389248692129191
decision_type=2 2 2 2 2 2 2 2 2 2 2 2 2 2 2 2 2 2 2 2 2 2 2 2 2 2 2 2 2 2
left_child=3 2 5 -1 16 6 9 11 21 19 13 -7 -10 -11 -15 -13 17 18 -5 -2 -8 -4 23 25 26 27 -25 28 -21 -30
right_child=1 -3 8 4 -6 7 20 -9 12 10 -12 15 -14 14 -16 -17 -18 -19 -20 22 -22 -23 -24 24 -26 -27 -28 -29 29 -31
leaf_value=-0.0079179483352765142 0.00067531083982202977 0.6787184749549855 -0.001637908679309419 -0.001585306405956273 -0.019960677894894221 -0.0014219820983883303 0.022689360132720361 0.044313585099798304 0.033094384045968366 -0.0007139774708875724 -0.051032606606733394 -0.011497516051743163 0.13906572579112222 0.0073315762555039576 0.041940817055153359 -0.027011189819462978 0.0034824256324008877 0.00030984032173628776 8.2801192541852317e-05 -0.0060150931092771811 0.0058061385648679577 0.029958591214295362 -0.024562680572947217 0.0024305354286147107 0.02963556211214451 -0.012972532535680693 -0.011340833992685973 0.00079221508075082441 -0.0043964325730935453 0.0038093887126600559
leaf_weight=3375 46 1288 32 70 70 622 71 38 70 53 29 137 235 75 59 97 22 35 28 76 27 28 23 95 20 73 69 77 50 37
leaf_count=3375 46 1288 32 70 70 622 71 38 70 53 29 137 235 75 59 97 22 35 28 76 27 28 23 95 20 73 69 77 50 37
internal_value=-0.00699089 0.0107601 0.00246611 -0.0238889 -0.00766667 -0.000958286 0.00176136 -0.00363535 0.0191096 0.00044757 0.00578704 -0.00438084 0.0215574 0.00868984 0.0126866 -0.00940171 -0.00112903 -0.00357143 -0.00765306 -0.00159011 0.0122449 0.00666667 -0.0025 -0.00186117 0.00244565 -0.00439297 0.000304878 -0.00208333 -0.00506135 -0.000287356
internal_weight=7027 3427 2139 3600 225 1774 880 894 365 782 216 856 305 187 134 234 155 133 98 566 98 60 520 497 184 313 164 240 163 87
internal_count=7027 3427 2139 3600 225 1774 880 894 365 782 216 856 305 187 134 234 155 133 98 566 98 60 520 497 184 313 164 240 163 87
is_linear=0
shrinkage=0.05


Tree=39
num_leaves=31
num_cat=0
split_feature=18 18 14 6 1 2 10 10 12 1 9 12 18 11 12 5 14 6 4 8 2 4 1 1 1 10 2 11 13 17
split_gain=837.327 171.655 53.1581 5.774 4.81332 4.37993 4.17644 4.38211 3.06717 2.52656 4.22363 2.39746 2.31077 2.27413 3.08951 1.99583 2.34361 1.84857 1.81936 2.68599 2.21591 1.80443 1.80013 1.78584 1.73925 2.62545 2.50696 1.5554 1.47758 2.4787
threshold=0.230728433994417 56.793568258124687 53.489269247574462 18.500000000000004 412.55000000000001 325.50000000000006 0.25118075958286767 0.99370977118463066 122.75675273136339 303.2000000000001 -0.99273952934267318 293.94342572522436 43.880278097219168 39.485989132386152 277.73016259139132 60.500000000000007 3.9461644063382608 2.5000000000000004 14.050000000000002 -0.78656609248549325 287.50000000000006 23.150000000000002 245.00000000000003 12.550000000000002 381.40000000000003 0.50494235051780234 43.500000000000007 30.406641618468601 0.76183250234843569 26.333702922013938
decision_type=2 2 2 2 2 2 2 2 2 2 2 2 2 2 2 2 2 2 2 2 2 2 2 2 2 2 2 2 2 2
left_child=23 2 3 6 22 13 9 8 -8 11 -11 15 21 14 -5 27 17 -17 19 20 -15 -12 -4 -1 25 -10 -27 -2 29 -14
right_child=1 -3 4 5 -6 -7 7 -9 24 10 12 -13 28 18 -16 16 -18 -19 -20 -21 -22 -23 -24 -25 -26 26 -28 -29 -30 -31
leaf_value=-0.0075220509185126893 -0.0013892905170402648 0.6557246288439551 -0.00117838394748091 -0.00071487439742017327 0.13388889241834684 0.040719819880077071 0.0010776477931860207 -0.045966856338148343 0.020812044257723497 -0.016514358822428576 0.011398216273328644 0.0006415452978309256 -0.02368850883744358 -0.02847908469090581 -0.0059257460849543395 0.00015914567288399448 0.0068872447512333679 -0.006713985031355907 -0.030081649674673017 0.0029873256703562669 -0.00055916585608208893 -0.0016564543454279602 0.034753111675972906 -0.00081944975393329761 0.042065725057208785 0.0094634966804884261 -0.0057295492786897384 -0.018960571206129196 0.030398611276166679 0.00086368701812631352
leaf_weight=3370 298 1260 25 523 249 39 83 25 22 30 165 24 32 40 172 60 31 26 118 50 26 32 92 20 65 23 27 43 20 37
leaf_count=3370 298 1260 25 523 249 39 83 25 22 30 165 24 32 40 172 60 31 26 118 50 26 32 92 20 65 23 27 43 20 37
internal_value=-0.00701935 0.00964394 0.00173538 -0.0014545 0.0192623 -0.00423554 0.00112656 0.00683673 0.00909091 -0.000626566 0.0028481 -0.00290456 0.00472028 -0.00492465 -0.00348921 -0.00371179 0.00192308 -0.00232558 -0.00918803 -0.00474138 -0.0113636 0.00774112 0.0108974 -0.0248968 0.0136861 0.00833333 0.002 -0.00564516 -0.00196629 -0.00543478
internal_weight=7027 3637 2377 2011 366 968 1043 245 220 798 316 482 286 929 695 458 117 86 234 116 66 197 117 3390 137 72 50 341 89 69
internal_count=7027 3637 2377 2011 366 968 1043 245 220 798 316 482 286 929 695 458 117 86 234 116 66 197 117 3390 137 72 50 341 89 69
is_linear=0
shrinkage=0.05


Tree=40
num_leaves=31
num_cat=0
split_feature=18 14 18 18 10 6 1 11 6 14 9 14 1 2 14 16 15 2 9 11 13 13 14 16 5 16 4 4 2 18
split_gain=827.017 174.811 28.7242 27.6033 4.40969 4.26196 4.14945 3.01303 2.51567 3.43375 2.07717 2.99792 2.50623 2.01653 1.95031 2.50279 1.93788 1.8604 1.69912 1.59101 2.31933 1.68445 2.30583 1.33307 1.28718 1.51319 1.43634 1.24459 1.31393 2.1763
threshold=0.14633312961828854 45.129078675274251 39.765142305465723 58.052380890461961 -0.48248986924805465 25.500000000000004 349.85000000000008 41.419475026871275 16.500000000000004 19.763052436788708 -0.96683886033945943 14.504889835249053 126.75000000000001 346.00000000000006 7.6641788757136924 21.112050056978408 58.357686170585559 146.50000000000003 0.91927745688801432 1.7279419081428748 0.028901772731160725 0.55618408585317625 31.775920712439824 23.797817032416749 16.500000000000004 22.918957883235318 7.5500000000000007 5.4500000000000011 31.500000000000004 4.62122155208215
decision_type=2 2 2 2 2 2 2 2 2 2 2 2 2 2 2 2 2 2 2 2 2 2 2 2 2 2 2 2 2 2
left_child=-1 3 5 4 16 23 13 -7 9 10 17 12 -12 -4 15 -14 19 -6 -17 20 -2 -21 -23 -3 -11 26 -26 -10 -29 -30
right_child=1 2 6 -5 8 7 -8 -9 27 24 11 -13 14 -15 -16 18 -18 -19 -20 21 -22 22 -24 -25 25 -27 -28 28 29 -31
leaf_value=-0.007145948372587055 -0.00091305669052230143 0.025743638593583019 0.0079614243535637286 0.14250245379824164 -0.00068236415056157631 0.011157097425392327 0.57687211322206977 -0.013731822658906091 -0.011347329143851748 0.00033131051284565063 -0.00367858964658529 0.0039607653518785929 -0.0002185722249568034 0.070619872591027644 -0.0041381405849468143 0.021472834124107099 0.030658822889049198 -0.037512447809793417 0.0091146161645813354 -0.0014262870141270813 -0.027775469594801951 -0.027203516572367192 -0.0051462102230683373 -0.00090787426550189567 0.034750770069514304 0.029159297158933575 0.0081053665429024601 -0.002623177941185717 0.011098426401877215 -0.00062752435134139084
leaf_weight=3375 28 116 31 125 77 62 1363 27 47 32 67 43 41 32 22 32 21 23 21 770 23 63 103 21 29 23 75 57 21 257
leaf_count=3375 28 116 31 125 77 62 1363 27 47 32 67 43 41 32 22 32 21 23 21 770 23 63 103 21 29 23 75 57 21 257
internal_value=-0.00709762 0.00939211 0.0214286 -0.00055 -0.00206667 0.00486726 0.0240533 -0.00365169 0.000547866 0.00293814 0 0.00265487 -0.000136612 0.0115079 0.00431034 0.00744681 -0.00431548 -0.006 0.0146226 -0.00463526 -0.0132353 -0.00416667 -0.00873494 0.0104015 0.00896226 0.0112205 0.00865385 -0.00248691 -0.00141791 0
internal_weight=7027 3652 1652 2000 1875 226 1426 89 867 485 326 226 183 63 116 94 1008 100 53 987 51 936 166 137 159 127 104 382 335 278
internal_count=7027 3652 1652 2000 1875 226 1426 89 867 485 326 226 183 63 116 94 1008 100 53 987 51 936 166 137 159 127 104 382 335 278
is_linear=0
shrinkage=0.05


Tree=41
num_leaves=31
num_cat=0
split_feature=18 18 14 1 6 2 10 12 10 1 10 13 12 13 13 12 13 13 14 12 2 13 5 18 1 9 18 5 5 3
split_gain=814.904 174.417 46.0047 7.221 5.32908 4.24102 3.57045 4.42517 3.3682 2.55568 2.43178 2.19909 2.12079 2.08845 4.07529 2.52289 2.15642 2.05024 2.64854 1.95907 2.60002 2.0716 1.84788 1.80481 1.76426 3.14356 1.87872 1.79769 1.65365 1.62071
threshold=0.095469533323326569 57.567869488508471 53.489269247574462 439.7000000000001 15.500000000000002 325.50000000000006 0.20931464596304869 105.97532364483261 0.99164058729498161 193.10000000000005 0.83824865459667641 0.69345791690359404 293.94342572522436 0.56546986341837824 0.53342292930393631 107.9481807936529 0.71293851168443745 0.33761941724385008 14.504889835249053 284.91521471611526 175.50000000000003 0.45344053242733812 35.500000000000007 34.108868229636094 303.2000000000001 -0.99273952934267318 21.957388996363822 60.500000000000007 60.500000000000007 28.250000000000004
decision_type=2 2 2 2 2 2 2 2 2 2 2 2 2 2 2 2 2 2 2 2 2 2 2 2 2 2 2 2 2 2
left_child=-1 2 4 11 6 13 12 -8 9 10 -9 22 24 14 19 -15 -17 -11 -19 20 -6 -22 -4 -23 27 -26 -27 -2 -18 -29
right_child=1 -3 3 -5 5 -7 7 8 -10 17 -12 -13 -14 15 -16 16 28 18 -20 -21 21 23 -24 -25 25 26 -28 29 -30 -31
leaf_value=-0.0067886509539577021 -0.0017195623205209594 0.60640674425334251 0.024567175441291767 0.10310282532952116 -0.00049515070188965867 0.03828575766839535 -0.0054604332592646868 -0.0084262317145856087 -0.038951516619047194 0.02657167623162229 0.002628627774052822 0.041123758925108694 0.0005646668715217684 -0.039291200508787233 0.029526707972186372 -0.021309237584079811 0.023739761699785335 -0.0023156143808644282 0.033560489560296072 -0.0051536517480925588 -0.019085137721956705 0.0067105470909241127 -0.0074693020503618264 -0.016451267698746452 -0.015477034322487527 0.029105206734838962 0.0017533942826238658 -0.0019191577062864118 -0.010926695070381777 0.00064331296658923795
leaf_weight=3360 332 1232 55 231 521 41 24 32 35 79 25 68 23 55 29 75 21 22 50 97 94 32 28 34 28 24 248 31 26 75
leaf_count=3360 332 1232 55 231 521 41 24 32 35 79 25 68 23 55 29 75 21 22 50 97 94 32 28 34 28 24 248 31 26 75
internal_value=-0.00719724 0.00910145 0.00134497 0.0172775 -0.00161958 -0.00417073 0.000924125 0.00589888 0.00792181 0.0103365 0.00131579 0.00877483 -0.000821288 -0.00482724 -0.00374845 -0.00974576 -0.0057377 0.0137417 0.00763889 -0.00443445 -0.00348752 -0.0090625 0.00331325 -0.00227273 -0.00128726 0.00166667 0.00330882 -0.0033105 0.00265957 0.00235849
internal_weight=7027 3667 2435 382 2053 1025 1028 267 243 208 57 151 761 984 807 177 122 151 72 778 681 160 83 66 738 300 272 438 47 106
internal_count=7027 3667 2435 382 2053 1025 1028 267 243 208 57 151 761 984 807 177 122 151 72 778 681 160 83 66 738 300 272 438 47 106
is_linear=0
shrinkage=0.05


Tree=42
num_leaves=31
num_cat=0
split_feature=18 18 14 14 6 2 2 12 10 12 10 1 15 3 13 16 12 13 13 6 11 11 4 18 0 0 12 1 1 16
split_gain=806.451 169.384 45.0374 7.86316 5.00787 3.46205 3.11334 2.93014 2.59088 3.52599 2.98787 2.47714 2.04133 2.2253 1.8985 2.48951 1.86687 2.90792 2.19925 2.01847 1.85799 1.71429 1.69113 1.66523 3.68911 2.57139 2.32824 2.36076 2.26107 2.04959
threshold=0.095469533323326569 58.27033266585677 50.303189625999103 61.464514837065686 18.500000000000004 325.50000000000006 174.50000000000003 284.91521471611526 0.25118075958286767 105.97532364483261 0.99164058729498161 381.40000000000003 41.553946077206227 26.350000000000005 0.74693550808025233 21.871990193451619 130.80481722504734 0.45344053242733812 0.56546986341837824 86.500000000000014 -1.198049777575469 59.824572479700599 13.350000000000003 8.2073838487936044 131.50000000000003 108.50000000000001 265.28202921755457 41.150000000000013 26.150000000000002 19.514544174834274
decision_type=2 2 2 2 2 2 2 2 2 2 2 2 2 2 2 2 2 2 2 2 2 2 2 2 2 2 2 2 2 2
left_child=-1 2 4 11 8 6 7 23 20 -10 -11 21 13 -13 15 -3 -8 -18 -19 -20 -2 22 -4 25 -25 26 28 -28 29 -6
right_child=1 14 3 -5 5 -7 16 -9 9 10 -12 12 -14 -15 -16 -17 17 18 19 -21 -22 -23 -24 24 -26 -27 27 -29 -30 -31
leaf_value=-0.0064492184062598171 -0.0017533588022052406 0.02021131144597739 -0.0098084444050414287 0.10605257314635637 -0.0021960857905761757 0.039557089149683124 -0.026052474844923613 -0.0054564143244336012 -0.0051538992471942937 0.010365220332351344 -0.037003940788094838 0.041927521596223372 0.06900719036739851 0.0097247568393285643 0.62229915850747908 0.12506260150064286 -0.014606750349566155 0.025741021542705678 0.013810580030658848 -0.032278639390423081 -0.00019944341922171205 0.037037151800071659 0.0094027855547246034 0.028298061203238169 -0.00038033298353008506 -0.01864607588079803 -0.00011720527855606233 0.010568262616877822 -0.0041100456517149551 0.00053339314094318362
leaf_weight=3360 24 27 27 204 28 33 158 91 20 181 35 22 74 79 1112 65 65 32 24 39 768 25 53 26 222 26 35 23 119 30
leaf_count=3360 24 27 27 204 28 33 158 91 20 181 35 22 74 79 1112 65 65 32 24 39 768 25 53 26 222 26 35 23 119 30
internal_value=-0.00728974 0.00892419 0.00141088 0.0150826 -0.00193279 -0.00454784 -0.00511983 -0.003 0.000486381 0.00508475 0.00694444 0.00964286 0.0132857 0.00866337 0.024294 0.0173913 -0.0091195 -0.0053125 0.000263158 -0.00515873 -0.000883838 0.00357143 0 -0.00152259 0.00141129 -0.00431034 -0.00265957 0.00603448 -0.00550847 0.00258621
internal_weight=7027 3667 2463 484 1979 951 918 600 1028 236 216 280 175 101 1204 92 318 160 95 63 792 105 80 509 248 261 235 58 177 58
internal_count=7027 3667 2463 484 1979 951 918 600 1028 236 216 280 175 101 1204 92 318 160 95 63 792 105 80 509 248 261 235 58 177 58
is_linear=0
shrinkage=0.05


Tree=43
num_leaves=31
num_cat=0
split_feature=18 18 14 1 6 14 2 10 10 12 1 13 13 9 17 0 13 0 12 11 16 14 12 12 5 3 12 18 17 3
split_gain=804.507 162.863 42.5262 5.06246 4.74156 6.23391 4.55979 3.35878 3.60635 3.60792 3.27796 3.22476 3.4628 2.37658 2.2403 2.28304 2.34244 2.19401 2.15813 2.01821 1.8475 1.78724 1.77073 3.88522 1.8045 1.76296 1.70014 3.21551 1.8615 1.52928
threshold=0.095469533323326569 59.245073550190774 56.862281786047454 411.15000000000003 59.500000000000007 39.001410839106207 346.00000000000006 0.22611568550828817 0.99164058729498161 126.92129392765953 200.60000000000002 0.56546986341837824 0.53342292930393631 -0.99052327954040364 23.940370457556281 290.50000000000006 0.29239616631462434 331.50000000000006 293.94342572522436 2.2790023309772089 20.600010415395687 39.834111452035778 105.97532364483261 112.65631636397849 63.500000000000007 42.050000000000004 203.19880857529418 37.199530931578501 18.964673795891589 33.650000000000013
decision_type=2 2 2 2 2 2 2 2 2 2 2 2 2 2 2 2 2 2 2 2 2 2 2 2 2 2 2 2 2 2
left_child=-1 2 4 -4 5 7 11 18 9 22 -11 12 -6 -5 -7 16 -16 -17 19 20 -2 29 -9 -24 -25 -21 28 -28 -13 -3
right_child=1 21 3 13 6 14 -8 8 -10 10 -12 26 -14 -15 15 17 -18 -19 -20 25 -22 -23 23 24 -26 -27 27 -29 -30 -31
leaf_value=-0.0061267574859468271 -0.016640640873049107 0.11347202712019069 0.017310391162814298 0.042749277598082003 -0.0025941365941696496 0.032700208089057624 0.044126004143578083 -0.0046528010242146423 -0.04094387113767875 0.0013048150751602816 0.037570052103393529 -0.0089701243144260975 0.025747132930778707 0.10326536737193966 0.0058171445629108479 -0.0096293474360491516 0.034930253763440881 0.0098865381408872466 0.00054640569890676007 -0.00048134710564156085 -0.0011153199915089008 0.59942394667585508 0.022982295495824891 -0.0040911745981876638 0.0020595193041380135 -0.0085164671511388963 -0.033099394871063482 0.0051007038785353849 -0.047995586395119361 0.021394366002420995
leaf_weight=3360 22 53 70 20 539 39 30 23 28 39 64 20 25 242 29 36 40 141 29 760 51 1089 24 41 26 42 24 33 68 20
leaf_count=3360 22 53 70 20 539 39 30 23 28 39 64 20 25 242 29 36 40 141 29 760 51 1089 24 41 26 42 24 33 68 20
internal_value=-0.00731109 0.00888328 0.00170659 0.0183735 -0.000839853 0.00083682 -0.00409337 -0.000805048 0.00438776 0.00656682 0.0133495 -0.00490127 -0.00319149 0.0215649 0.00745614 0.00569106 0.0134058 0.00268362 -0.00221239 -0.00265714 -0.0106164 0.0243546 0.000438596 0.00357143 -0.00261194 -0.00193267 -0.0115517 -0.00482456 -0.0159091 0.0167808
internal_weight=7027 3667 2505 332 2173 1434 739 1149 245 217 103 709 564 262 285 246 69 177 904 875 73 1162 114 91 67 802 145 57 88 73
internal_count=7027 3667 2505 332 2173 1434 739 1149 245 217 103 709 564 262 285 246 69 177 904 875 73 1162 114 91 67 802 145 57 88 73
is_linear=0
shrinkage=0.05


Tree=44
num_leaves=31
num_cat=0
split_feature=18 18 14 1 6 2 10 12 10 9 2 12 13 13 13 18 18 18 0 10 16 18 10 0 11 18 4 9 12 5
split_gain=790.961 159.664 43.4858 4.44449 4.19653 5.09726 3.01018 3.7705 3.20835 2.17267 1.89333 2.50384 3.40265 2.27144 2.44328 2.18243 4.76774 4.44451 2.94861 2.28523 2.13371 1.86482 1.7415 1.72608 3.16322 1.7069 2.09216 1.67475 1.66811 1.65092
threshold=0.095469533323326569 59.991993913261091 56.862281786047454 411.15000000000003 17.500000000000004 325.50000000000006 0.25118075958286767 105.97532364483261 0.99164058729498161 -0.99052327954040364 174.50000000000003 175.45503636807521 0.42408226221079698 0.56546986341837824 0.64618555567769609 2.5816207301134657 1.2251305113348057 4.3732017446696894 65.500000000000014 -0.33346877891818688 19.22933649877487 61.183944283606728 -0.65187484896379921 400.50000000000006 30.406641618468601 39.379248456559957 17.050000000000004 0.85206963063867758 293.94342572522436 16.500000000000004
decision_type=2 2 2 2 2 2 2 2 2 2 2 2 2 2 2 2 2 2 2 2 2 2 2 2 2 2 2 2 2 2
left_child=-1 2 4 -4 6 10 23 -8 -9 -5 15 -12 -13 20 -15 16 19 -17 -19 -6 -14 -3 -16 24 28 -25 27 -27 29 -2
right_child=1 21 3 9 5 -7 7 8 -10 -11 11 12 13 14 22 17 -18 18 -20 -21 -22 -23 -24 25 -26 26 -28 -29 -30 -31
leaf_value=-0.0058204196116494857 -0.002138882230131678 0.084928033592330199 0.016444871604673495 0.040611813718177819 -0.0017665924791902335 0.038680243125783421 -0.0046635642336238479 0.0098637097212187722 -0.033106550191806153 0.09923049540870324 -0.02169864603599745 -0.012696805243249544 0.00065929036522973663 -0.021428631613453319 -0.0024406532038630858 0.0044170609167667905 -0.0081501024673939163 -0.015230573342260656 -0.00021218129971751766 0.00053823428359066968 0.026292876649301536 0.5913950787488006 0.029489137399006538 0.014215352520375646 -0.016406764496653636 0.0024944776559204132 -0.013959279978455186 0.023750629800140113 0.00063520092608538865 4.3365779206672177e-05
leaf_weight=3360 117 70 72 20 41 51 20 209 35 259 209 57 25 39 28 38 72 34 410 26 21 1050 21 99 71 78 64 20 24 387
leaf_count=3360 117 70 72 20 41 51 20 209 35 259 209 57 25 39 28 38 72 34 410 26 21 1050 21 99 71 78 64 20 24 387
internal_value=-0.00746051 0.00859695 0.00167845 0.0180199 -0.000933515 -0.00317164 0.00120107 0.00587121 0.00758197 0.0208781 -0.00394221 -0.006625 -0.00248691 0.00186567 -0.00284091 -0.00221417 -0.00773381 -0.000622407 -0.00202703 0.00186567 0.0108696 0.0243304 0.00459184 -0.000232558 -0.00171119 0.00316092 0 0.00459184 -0.000378788 -0.000992063
internal_weight=7027 3667 2547 351 2196 1072 1124 264 244 279 1021 400 191 134 88 621 139 482 444 67 46 1120 49 860 599 261 162 98 528 504
internal_count=7027 3667 2547 351 2196 1072 1124 264 244 279 1021 400 191 134 88 621 139 482 444 67 46 1120 49 860 599 261 162 98 528 504
is_linear=0
shrinkage=0.05


Tree=45
num_leaves=31
num_cat=0
split_feature=18 14 18 18 1 10 11 0 16 4 10 6 9 2 12 4 0 15 10 13 13 10 11 13 6 6 10 3 14 14
split_gain=788.394 157.955 26.2134 16.7355 8.82055 3.16817 3.44365 3.47278 2.44898 2.43309 2.35586 2.76942 3.90552 4.93286 2.70275 2.18866 2.05128 2.05031 1.85632 2.35368 1.76822 2.5019 1.66858 2.57759 1.63969 1.50598 1.89686 2.51058 1.89937 2.879
threshold=0.095469533323326569 47.593982546932629 40.121445064532828 60.440830328860848 412.55000000000001 -0.48248986924805465 -3.0540662031282801 31.500000000000004 18.792711537985227 10.250000000000002 0.99370977118463066 16.500000000000004 -0.99273952934267318 102.50000000000001 124.74909930445283 8.2500000000000018 85.500000000000014 58.357686170585559 0.41326329957804353 0.42917335473515256 0.56546986341837824 -0.10737736916418625 1.7279419081428748 0.028901772731160725 7.5000000000000009 59.500000000000007 -0.60505606964884906 32.150000000000013 9.4923173644238883 16.772821369998631
decision_type=2 2 2 2 2 2 2 2 2 2 2 2 2 2 2 2 2 2 2 2 2 2 2 2 2 2 2 2 2 2
left_child=-1 3 8 5 9 17 -7 -8 -3 -4 11 12 13 -9 15 -14 -16 22 19 -10 21 -21 23 -2 -22 26 27 -24 -29 -30
right_child=1 2 4 -5 -6 6 7 10 18 -11 -12 -13 14 -15 16 -17 -18 -19 -20 20 24 -23 25 -25 -26 -27 -28 28 29 -31
leaf_value=-0.0055293986310670116 -0.00095260988042688015 -0.0072423798839716729 -0.0020656928342237535 0.10055086497249306 0.46957736185970023 0.00076890151879819299 -0.004186982761322719 0.00091238442795978927 -0.0069637681581305351 0.035813451045773097 -0.037241350071204507 -0.0011138783052607071 -0.0020635488181427243 -0.034008595952103704 -0.006662997159622464 0.002348328257813215 0.026485265994112741 0.027600045624362048 0.031018800725275943 0.061760625984322998 0.018504505883697852 2.4944214756672525e-05 0.00058006030332831144 -0.0253189808583574 -0.014960417791990466 -0.0072133634257585512 -0.0051569096559660466 -0.007393759227125863 0.00081803190843021678 -0.0020319381186251206
leaf_weight=3360 29 20 31 93 1267 37 65 30 31 82 24 356 58 31 26 167 130 27 38 33 32 25 146 23 37 356 71 79 52 271
leaf_count=3360 29 20 31 93 1267 37 65 30 31 82 24 356 58 31 26 167 130 27 38 33 32 25 146 23 37 356 71 79 52 271
internal_value=-0.00748897 0.00854241 0.0203634 -0.000567359 0.0228986 -0.00154196 0.000595238 -2.81849e-05 0.00416667 0.00951327 0.000851582 0.00131579 0.00395928 -0.00778689 0.0058399 0.00233333 0.0108974 -0.00341556 0.00586735 0.00348101 0.00649606 0.012931 -0.00377313 -0.0125 0.00108696 -0.00330769 -0.00181745 -0.000821168 -0.0028607 -0.00116099
internal_weight=7027 3667 1596 2071 1380 1978 924 887 216 113 822 798 442 61 381 225 156 1054 196 158 127 58 1027 52 69 975 619 548 402 323
internal_count=7027 3667 1596 2071 1380 1978 924 887 216 113 822 798 442 61 381 225 156 1054 196 158 127 58 1027 52 69 975 619 548 402 323
is_linear=0
shrinkage=0.05


Tree=46
num_leaves=31
num_cat=0
split_feature=18 18 14 6 14 13 6 18 2 18 2 18 10 10 12 18 18 18 6 3 12 18 18 18 18 12 1 13 9 3
split_gain=773.079 161.199 34.0061 5.55708 3.55369 3.2198 3.14889 4.20091 2.80683 3.1246 2.70837 2.69401 2.66258 3.47927 2.47535 2.36804 2.15184 2.41332 2.4916 2.29621 2.9892 2.03511 2.13528 1.8605 1.98587 4.1164 1.78135 2.86439 4.40822 1.81477
threshold=0.095469533323326569 60.440830328860848 53.489269247574462 35.500000000000007 60.762895483759443 0.013652122847930796 15.500000000000002 2.3138100267741861 325.50000000000006 4.3732017446696894 36.500000000000007 54.940866386044739 0.22611568550828817 0.99370977118463066 124.74909930445283 1.4041755510523894 5.2118986363581756 6.3425238804615178 91.500000000000014 28.150000000000002 256.72996899572246 16.420634257746357 9.2504185900504137 7.688021354821065 8.9875434930812759 280.24522673836947 303.2000000000001 0.2557677537516248 -0.99273952934267318 25.950000000000003
decision_type=2 2 2 2 2 2 2 2 2 2 2 2 2 2 2 2 2 2 2 2 2 2 2 2 2 2 2 2 2 2
left_child=-1 2 5 4 -4 -2 12 15 9 10 -9 -5 26 14 -14 -8 -11 18 -18 21 -21 22 -19 -22 -25 -26 29 -28 -29 -7
right_child=1 -3 3 11 -6 6 7 8 -10 16 -12 -13 13 -15 -16 -17 17 19 -20 20 23 -23 -24 24 25 -27 27 28 -30 -31
leaf_value=-0.005252928699513661 0.0003704700284519691 0.5167823545455239 0.030695596979946241 0.0024465455408975603 0.08482561895929841 -0.0052045987576569757 -0.002406013750297148 -0.00051974105334113847 0.033494616243994101 -0.013253478532131525 0.0050364415664768238 0.032859042492450287 -6.4093381478716466e-05 -0.034122222598520047 0.014054245850908576 -0.010051836145699378 -0.0008135305235915214 -0.0019248978243036952 0.010940323070833414 -0.014479311372992233 -0.0080642872184527158 -0.001841179641782631 0.02053884813026734 0.0045536356845039981 0.0018671315911099385 -0.018794227181713998 0.023194766415110202 -0.035775288346469834 0.0026251986569994835 -0.00036613518330230467
leaf_weight=3360 58 1092 110 101 196 27 45 30 43 31 33 48 88 25 146 42 22 20 24 290 28 137 26 32 169 50 20 26 286 422
leaf_count=3360 58 1092 110 101 196 27 45 30 43 31 33 48 88 25 146 42 22 20 24 290 28 137 26 32 169 50 20 26 286 422
internal_value=-0.00765974 0.00821516 0.00138835 0.0137912 0.0176471 -0.00127358 -0.00160039 -0.00357143 -0.00259358 -0.00319507 0.00753968 0.00587248 0.000336538 0.00472973 0.00662393 -0.0140805 -0.00401086 -0.00350877 0.0076087 -0.00418883 -0.00575571 0.00068306 0.00978261 -0.00206093 -0.000697211 -0.00239726 -0.00112036 0.00165663 0.000480769 -0.00317372
internal_weight=7027 3667 2575 455 306 2120 2062 1022 935 892 63 149 1040 259 234 87 829 798 46 752 569 183 46 279 251 219 781 332 312 449
internal_count=7027 3667 2575 455 306 2120 2062 1022 935 892 63 149 1040 259 234 87 829 798 46 752 569 183 46 279 251 219 781 332 312 449
is_linear=0
shrinkage=0.05


Tree=47
num_leaves=31
num_cat=0
split_feature=18 18 14 6 2 18 6 6 13 13 9 13 14 1 3 13 18 2 17 17 18 9 10 10 10 18 18 18 15 10
split_gain=766.11 155.992 30.2135 6.81233 3.67592 3.31794 4.97778 3.19985 2.72464 3.57071 2.65216 3.74838 3.1941 3.0742 2.50142 2.48308 2.88516 3.05822 2.4703 2.13832 2.09759 2.05081 2.01728 2.03657 2.03466 1.89492 2.98916 1.8375 2.38922 1.87778
threshold=0.095469533323326569 60.440830328860848 56.862281786047454 37.500000000000007 325.50000000000006 62.39958509789053 87.500000000000014 32.500000000000007 0.56546986341837824 0.53342292930393631 -0.99273952934267318 0.25059415945489755 39.001410839106207 571.95000000000016 41.050000000000004 0.013652122847930796 2.4277964040312034 174.50000000000003 23.940370457556281 26.500740391198722 1.2251305113348057 -0.98801351631316325 -0.98518361333263327 0.99370977118463066 0.95493138204271844 4.3732017446696894 5.2118986363581756 53.791578479700185 59.122303243579587 -0.52705818521824699
decision_type=2 2 2 2 2 2 2 2 2 2 2 2 2 2 2 2 2 2 2 2 2 2 2 2 2 2 2 2 2 2
left_child=-1 2 4 21 7 6 -3 10 9 15 11 -2 13 14 22 -9 20 25 -14 -20 -17 -4 -12 24 -24 -18 -27 29 -29 -5
right_child=1 5 3 27 -6 -7 -8 8 -10 -11 12 -13 18 -15 -16 16 17 -19 19 -21 -22 -23 23 -25 -26 26 -28 28 -30 -31
leaf_value=-0.0049902822645379779 0.00048451738825801006 0.083811278810435041 0.011408519437126154 -0.010836897987058159 0.035641973544178106 0.54958657788270071 -0.011790154164285128 0.00039668513857350762 -0.021009234568273527 0.026629342325977134 -0.0019435381103859008 -0.025553030963533542 0.037663512482659381 0.041608712663750325 -0.0034584087154907019 -0.001015539998879042 0.0026952457586994385 -0.012056006620733318 -0.00079587596039862882 0.019857716364446443 -0.0093949079914295366 0.077068225758466377 9.7647698122206591e-05 -0.032416111468594043 0.0067963605273442702 -0.012937712619049481 0.00022005494473185117 0.045506921678758167 -7.7437937630620021e-05 0.0074167919486319185
leaf_weight=3360 36 105 22 24 54 966 21 27 181 27 47 38 25 25 72 30 41 154 68 148 52 234 784 23 25 26 328 27 21 36
leaf_count=3360 36 105 22 24 54 966 21 27 181 27 47 38 25 25 72 30 41 154 68 148 52 234 784 23 25 26 328 27 21 36
internal_value=-0.00773801 0.00806518 0.00134951 0.0146978 -0.000848033 0.0239011 0.0162698 -0.00117061 -0.00352194 -0.00208029 0.000406662 -0.00878378 0.000965489 -0.000307377 -0.000762355 -0.00281155 -0.00344691 -0.00214026 0.00612033 0.00439815 -0.0121951 0.0191406 -2.84414e-05 0.000540865 0.000957973 0.000189873 -0.000988701 0.00416667 0.0114583 -0.00166667
internal_weight=7027 3667 2575 364 2211 1092 126 2157 866 685 1291 74 1217 976 951 658 631 549 241 216 82 256 879 832 809 395 354 108 48 60
internal_count=7027 3667 2575 364 2211 1092 126 2157 866 685 1291 74 1217 976 951 658 631 549 241 216 82 256 879 832 809 395 354 108 48 60
is_linear=0
shrinkage=0.05


Tree=48
num_leaves=31
num_cat=0
split_feature=18 18 14 6 2 6 13 13 18 6 14 13 10 0 18 0 11 17 12 5 11 5 18 18 2 9 18 15 10 5
split_gain=766.742 153.517 29.1551 5.77757 3.08823 3.42514 3.41469 3.04414 2.96749 2.83791 2.64247 2.36836 2.36511 3.53209 4.10633 2.21489 2.62316 2.1075 2.0833 2.18914 2.02582 2.00253 1.88972 2.93887 1.97366 1.86776 1.81577 2.26286 2.14177 1.76552
threshold=0.095469533323326569 60.725745048319631 56.584255833494076 37.500000000000007 325.50000000000006 59.500000000000007 0.56546986341837824 0.53342292930393631 62.855630508983396 87.500000000000014 40.051975395449624 0.013652122847930796 0.064506059999340642 78.500000000000014 16.420634257746357 382.50000000000006 24.366276592681828 23.940370457556281 293.94342572522436 16.500000000000004 2.8440374017320775 18.500000000000004 2.3138100267741861 1.4041755510523894 194.50000000000003 -0.98801351631316325 53.791578479700185 59.122303243579587 -0.52705818521824699 35.500000000000007
decision_type=2 2 2 2 2 2 2 2 2 2 2 2 2 2 2 2 2 2 2 2 2 2 2 2 2 2 2 2 2 2
left_child=-1 2 4 25 5 10 7 11 9 -3 12 -7 18 20 -15 16 -16 -12 19 -2 29 -21 23 -13 -24 -4 28 -28 -5 -14
right_child=1 8 3 26 -6 6 -8 -9 -10 -11 17 22 13 14 15 -17 -18 -19 -20 21 -22 -23 24 -25 -26 -27 27 -29 -30 -31
leaf_value=-0.0047407681513110794 -0.0026227262047782279 0.095410509791788209 0.010838093465269871 -0.01029505308770542 0.033859874866969085 0.00038531250602875933 -0.023485246254993444 0.022819791232923593 0.52930405684989379 0.0031446553243359432 0.032863385685766036 -0.0012575294159389849 -0.0059362609606486878 0.014882134125749147 0.018780827096926522 0.021104473672854774 -0.0042783016292643698 0.006018105811647168 0.00069207917074258778 0.0019340542525606687 -0.0042409961330241277 -0.00046590443614986655 -0.00036972474245837721 -0.009070497034860181 -0.013549309563717317 0.07381184765982951 0.045233972906580003 0.0054424287835304957 0.0050978594537497207 0.0076815217458942597
leaf_weight=3360 132 117 22 24 54 24 149 25 938 23 35 33 29 51 69 52 49 218 29 27 66 676 362 25 91 239 28 22 38 20
leaf_count=3360 132 117 22 24 54 24 149 25 938 23 35 33 29 51 69 52 49 218 29 27 66 676 362 25 91 239 28 22 38 20
internal_value=-0.0077309 0.00807881 0.0014774 0.0144102 -0.000699458 -0.00099445 -0.00384344 -0.00205357 0.0239332 0.0171429 0.000395733 -0.00285047 -0.000583333 0.00297619 0.00667421 0.00294118 -0.000847458 0.00503953 -0.00196759 -0.00242515 -0.00413043 -0.00131579 -0.00357143 -0.012069 -0.00248344 0.0184866 0.00491071 0.012 -0.000806452 0.00357143
internal_weight=7027 3667 2589 373 2216 2162 709 560 1078 140 1453 535 1200 336 221 170 118 253 864 835 115 703 511 58 453 261 112 50 62 49
internal_count=7027 3667 2589 373 2216 2162 709 560 1078 140 1453 535 1200 336 221 170 118 253 864 835 115 703 511 58 453 261 112 50 62 49
is_linear=0
shrinkage=0.05


Tree=49
num_leaves=31
num_cat=0
split_feature=18 18 14 14 6 6 15 2 13 18 12 14 0 2 18 13 1 1 1 5 13 3 13 0 18 12 9 1 9 5
split_gain=757.285 150.471 29.2057 4.63734 4.2947 3.53462 3.43807 3.18658 2.68359 3.17978 2.91002 4.20346 2.93155 3.55221 2.77099 2.46091 2.4037 2.13681 2.17339 2.09986 2.69775 2.04252 2.03235 2.68773 1.75008 2.09729 1.77853 1.70971 1.81392 1.55819
threshold=0.095469533323326569 61.602137314521649 61.464514837065686 53.489269247574462 95.500000000000014 15.500000000000002 57.236751765938415 358.50000000000006 0.013652122847930796 2.1921385514075071 175.45503636807521 17.065732872120929 108.50000000000001 91.500000000000014 1.4041755510523894 0.91002424299207718 506.60000000000008 580.65000000000009 545.05000000000007 74.500000000000014 0.71293851168443745 36.050000000000004 0.56546986341837824 554.50000000000011 63.553354942377659 206.47875505553245 0.27609441636666071 333.15000000000003 -0.84058726838584985 37.500000000000007
decision_type=2 2 2 2 2 2 2 2 2 2 2 2 2 2 2 2 2 2 2 2 2 2 2 2 2 2 2 2 2 2
left_child=-1 2 3 5 -4 6 17 8 -7 14 11 27 -12 -14 -10 22 -13 18 -2 20 21 -15 -5 -24 25 26 -3 28 -11 -23
right_child=1 24 4 15 -6 7 -8 -9 9 10 12 16 13 19 -16 -17 -18 -19 -20 -21 -22 29 23 -25 -26 -27 -28 -29 -30 -31
leaf_value=-0.004503729743745525 0.00010423937190805617 0.033161988732917001 0.07324509689425511 0.041007369050186607 0.00028952072692494112 0.0003660468807273221 0.030991669146114377 0.047547231941507388 -0.0021720595920413865 -0.011301343854497249 0.0031935038927773498 -0.020520685868252998 -0.017340902484178855 0.0032338933273551975 -0.012329865148302943 0.048647996238706526 0.00073804515372728481 0.046018456285496973 -0.014490019001975796 -0.02169442371200301 0.044009620539990739 -0.00224987644510799 -0.0060371100397265572 0.020798652582754686 0.5218017141148209 0.1826788265034317 0.068032195491296577 0.013505613140812401 -0.00086416487946847651 -0.013402514882501394
leaf_weight=3360 1016 34 237 66 32 32 29 22 45 20 89 164 27 119 36 22 35 28 24 27 27 114 63 59 896 64 28 27 255 30
leaf_count=3360 1016 34 237 66 32 32 29 22 45 20 89 164 27 119 36 22 35 28 24 27 27 114 63 59 896 64 28 27 255 30
internal_value=-0.00783763 0.00787428 0.00157845 -0.000189394 0.0171933 -0.000877193 0.00111668 -0.00292329 -0.00331901 -0.00376847 -0.00294433 -0.00553892 5.77367e-05 -0.00203488 -0.0132716 0.00690476 -0.0111809 0.000655431 0.000288462 -0.00055205 0.000689655 -0.000855513 0.00505319 0.00122951 0.0241683 0.0186508 0.0120968 -0.00182119 -0.003 -0.00486111
internal_weight=7027 3667 2645 2376 269 2166 1097 1069 1047 1015 934 501 433 344 81 210 199 1068 1040 317 290 263 188 122 1022 126 62 302 275 144
internal_count=7027 3667 2645 2376 269 2166 1097 1069 1047 1015 934 501 433 344 81 210 199 1068 1040 317 290 263 188 122 1022 126 62 302 275 144
is_linear=0
shrinkage=0.05


Tree=50
num_leaves=31
num_cat=0
split_feature=18 18 14 6 14 6 9 13 16 7 12 10 10 1 0 13 18 18 2 0 4 2 7 17 0 9 3 13 9 9
split_gain=754.146 147.23 27.1674 4.7064 3.9322 3.73083 3.83967 3.26323 3.21309 3.01025 2.91928 2.62077 5.23752 3.101 2.77937 5.93816 3.49177 4.75122 2.87209 2.55244 2.49626 2.18038 3.30711 2.14734 2.04102 1.86665 1.83817 1.81571 1.79321 1.67937
threshold=0.095469533323326569 61.602137314521649 61.087352090251343 81.500000000000014 39.001410839106207 73.500000000000014 -0.99273952934267318 0.013652122847930796 23.508331148435122 0.37940952255126054 255.80449031193589 0.99164058729498161 0.89771014032557062 124.25000000000001 33.500000000000007 0.028901772731160725 4.3732017446696894 5.000550070574433 40.500000000000007 13.500000000000002 19.950000000000003 352.50000000000006 1.0000000180025095e-35 32.573320438648473 532.50000000000011 -0.99273952934267318 32.850000000000001 0.16638225255972697 -0.73538978246754161 -0.10309787846944686
decision_type=2 2 2 2 2 2 2 2 2 2 2 2 2 2 2 2 2 2 2 2 2 2 2 2 2 2 2 2 2 2
left_child=-1 2 4 -4 7 6 -6 -2 11 -3 -8 12 14 -14 15 19 18 -18 29 -9 25 22 24 -10 -7 -19 -22 -25 -27 -16
right_child=1 9 3 -5 5 21 10 8 23 -11 -12 -13 13 -15 16 -17 17 20 -20 -21 26 -23 -24 27 -26 28 -28 -29 -30 -31
leaf_value=-0.0042785432565582487 0.00033585436165856769 0.46061813017909936 0.07195969151568811 0.0060987699411729325 -0.011189242732216088 -0.0066365215541935646 0.03549609688706639 -0.0016985315889370717 0.005681854832743128 0.042790718369276171 0.0083641141839937202 -0.037611383876189564 -0.00011591895731068169 0.048206470523665959 -9.647123149753023e-05 -0.014621504054388335 -0.017380630886107796 -0.015045754642062193 0.015068831496621304 0.00029195016138691134 -0.0014925138869899435 0.036591398434399736 -0.027839603467215923 0.0056889888752553247 0.025023790514288536 0.0043860089658460666 -0.012012102853386121 -0.0089841373724722125 -0.0011344124129074374 0.00083801550313351576
leaf_weight=3360 58 986 230 45 25 98 159 26 93 36 229 24 32 47 60 73 28 30 25 63 140 25 33 24 21 173 136 22 681 45
leaf_count=3360 58 986 230 45 25 98 159 26 93 36 229 24 32 47 60 73 28 30 25 63 140 25 33 24 21 173 136 22 681 45
internal_value=-0.0078732 0.00780611 0.00157845 0.0164545 -0.000147679 0.00338983 0.00599274 -0.00132022 -0.00171312 0.0239237 0.00721649 -0.00235313 -0.00210071 0.010443 -0.00277027 -0.00895062 -0.00201062 -0.00286195 0.00576923 -0.000280899 -0.00237069 -0.00268362 -0.00493421 0.00557554 -0.00105042 -0.00107466 -0.00652174 -0.00326087 -0.000644028 0.00214286
internal_weight=7027 3667 2645 275 2370 590 413 1780 1722 1022 388 1583 1559 79 1480 162 1318 1188 130 89 1160 177 152 139 119 884 276 46 854 105
internal_count=7027 3667 2645 275 2370 590 413 1780 1722 1022 388 1583 1559 79 1480 162 1318 1188 130 89 1160 177 152 139 119 884 276 46 854 105
is_linear=0
shrinkage=0.05


Tree=51
num_leaves=31
num_cat=0
split_feature=18 18 14 7 6 2 6 13 13 14 2 12 13 1 11 1 10 3 10 3 13 2 12 4 10 12 18 0 2 4
split_gain=744.088 148.43 23.5229 5.72298 4.1557 3.80569 3.3845 2.75742 3.7658 2.39048 2.1884 2.10984 3.07732 2.41854 2.27273 2.2466 1.87755 1.85678 2.02199 1.85248 1.85131 4.5473 1.84395 4.46996 1.8435 2.18217 1.82792 2.53769 1.82274 2.07258
threshold=0.095469533323326569 60.725745048319631 61.464514837065686 0.37940952255126054 74.500000000000014 325.50000000000006 17.500000000000004 0.56546986341837824 0.53342292930393631 39.245948792719155 248.50000000000003 175.45503636807521 0.64618555567769609 506.60000000000008 41.094793929210418 216.70000000000002 -0.65187484896379921 41.050000000000004 0.99370977118463066 30.550000000000004 0.015364257049990013 31.500000000000004 124.74909930445283 7.8500000000000005 -0.98518361333263327 72.994880810683711 4.3732017446696894 65.500000000000014 128.50000000000003 12.850000000000003
decision_type=2 2 2 2 2 2 2 2 2 2 2 2 2 2 2 2 2 2 2 2 2 2 2 2 2 2 2 2 2 2
left_child=-1 2 5 -3 -4 6 9 8 20 17 28 13 14 15 -13 -9 -14 18 22 -5 -8 -22 24 -24 -2 -26 -23 -28 29 -11
right_child=1 3 4 19 -6 -7 7 11 -10 10 -12 12 16 -15 -16 -17 -18 -19 -20 -21 21 26 23 -25 25 -27 27 -29 -30 -31
leaf_value=-0.0040646160937303369 -0.0031923094393043975 0.42891637019856721 0.065532472011318885 0.046355955939712604 0.0057938314441141614 0.029885110182797804 0.00032249019422410098 -0.0033515738581742839 0.031226027814604509 -0.0021521854111494322 0.038738468592403312 -0.015843291824606 -0.0020845823262472863 0.0078538263822197866 -0.0038077557722575152 -0.033549175032415057 0.018617690337857696 -0.0022495466560289112 -0.028707898863299077 0.0035387497626050649 -0.0045159435846300116 0.0018685611411978333 0.021596800495009918 0.00010943767466660149 0.0002766926463304953 -0.00024135333501225099 -0.01261770213284188 -0.0010714889127402261 -0.00035669500948500856 0.045664591598830566
leaf_weight=3360 29 1019 212 24 45 66 37 20 37 24 46 22 55 26 22 86 34 68 23 35 95 50 65 186 45 511 29 574 137 45
leaf_count=3360 29 1019 212 24 45 66 37 20 37 24 46 22 55 26 22 86 34 68 23 35 95 50 65 186 45 511 29 574 137 45
internal_value=-0.00797282 0.00760158 0.00111047 0.0231911 0.0154669 -0.000471698 -0.000816417 -0.00282889 -0.00139903 0.00103902 0.00535714 -0.00726415 -0.00281955 -0.0117424 -0.0136364 -0.0150943 0.00252809 -0.000134844 0.000494761 0.00805085 -0.00213376 -0.0026738 0.000897129 0.00448207 -0.000641026 0 -0.00118683 -0.00194859 0.00315534 0.00978261
internal_weight=7027 3667 2589 1078 257 2332 2266 1087 822 1179 252 265 133 132 44 106 89 927 859 59 785 748 836 251 585 556 653 603 206 69
internal_count=7027 3667 2589 1078 257 2332 2266 1087 822 1179 252 265 133 132 44 106 89 927 859 59 785 748 836 251 585 556 653 603 206 69
is_linear=0
shrinkage=0.05


Tree=52
num_leaves=31
num_cat=0
split_feature=18 18 14 6 2 6 13 15 7 9 18 17 7 0 1 10 1 18 11 11 1 3 5 6 14 13 13 18 18 18
split_gain=732.917 144.668 26.0325 6.16263 3.62465 3.92259 4.35935 3.92742 3.43566 2.33076 2.20763 2.24074 2.03844 3.12669 2.04739 1.95212 2.3151 3.69431 2.20812 2.0371 1.99361 1.89309 2.50066 1.872 1.75233 1.72891 1.81453 2.06706 2.9697 1.70166
threshold=0.095469533323326569 62.044039571228758 57.558211527948693 37.500000000000007 346.00000000000006 59.500000000000007 0.56546986341837824 56.524021905538639 0.37940952255126054 -0.9852109833579612 53.791578479700185 27.142913979334427 1.0000000180025095e-35 495.50000000000006 216.70000000000002 0.22611568550828817 193.10000000000005 16.420634257746357 2.8440374017320775 2.2790023309772089 584.30000000000007 21.450000000000003 39.500000000000007 95.500000000000014 45.129078675274251 0.53342292930393631 0.015364257049990013 2.3138100267741861 1.4041755510523894 6.3425238804615178
decision_type=2 2 2 2 2 2 2 2 2 2 2 2 2 2 2 2 2 2 2 2 2 2 2 2 2 2 2 2 2 2
left_child=-1 2 4 9 5 7 25 15 -3 -4 11 -5 13 -8 -14 19 18 -18 -17 -2 21 22 -19 -12 -9 26 -7 28 -28 -29
right_child=1 8 3 10 -6 6 12 24 -10 -11 23 -13 14 -15 -16 16 17 20 -20 -21 -22 -23 -24 -25 -26 -27 27 29 -30 -31
leaf_value=-0.0038613852890438203 -0.0022874907909222531 0.42599324231841929 0.0056957588822466937 -0.011145718943368266 0.024430756026805514 0.00030636568451289652 -0.02036761848194182 0.029225785362504909 0.039365335604449575 0.067846960404761708 0.062010633504976376 0.011179706002760172 -0.011784869412150557 0.01884175905833807 -0.03973982375689325 0.0063690177778297444 0.015940016131499934 -0.012419918522145679 -0.0044270366716190916 -0.00020934877731142444 0.046451162950263837 0.01565406335845676 0.010509707371306921 0.0018792193324006945 0.0085148569654057479 0.020287631691888922 -0.0012991809032419921 0.0014467699290186876 -0.0078156363547176259 -0.004409376259174369
leaf_weight=3360 75 963 25 27 41 27 42 37 31 243 28 27 21 22 86 39 36 27 53 1058 21 63 76 30 30 25 30 97 25 362
leaf_count=3360 75 963 25 27 41 27 42 37 31 243 28 27 21 22 86 39 36 27 53 1058 21 63 76 30 30 25 30 97 25 362
internal_value=-0.0081009 0.00735615 0.00130004 0.0134211 -0.000708679 -0.000976909 -0.00396879 0.000478548 0.0236419 0.0175373 0.00357143 -0.0037037 -0.0109649 -0.00390625 -0.0151869 -6.90608e-05 0.0034127 0.00616592 -0.00326087 -0.00103707 0.00334225 0.00150602 -0.0026699 0.0103448 0.0123134 -0.00185512 -0.00244917 -0.00311284 -0.0122727 -0.00201525
internal_weight=7027 3667 2673 380 2293 2252 737 1515 994 268 112 54 171 64 107 1448 315 223 92 1133 187 166 103 58 67 566 541 514 55 459
internal_count=7027 3667 2673 380 2293 2252 737 1515 994 268 112 54 171 64 107 1448 315 223 92 1133 187 166 103 58 67 566 541 514 55 459
is_linear=0
shrinkage=0.05


Tree=53
num_leaves=31
num_cat=0
split_feature=18 18 14 14 6 12 12 0 18 9 18 10 10 1 18 18 14 6 2 17 5 18 1 0 18 6 13 1 10 2
split_gain=729.155 137.916 24.4585 5.24676 3.76568 3.17597 3.91452 3.64272 2.52682 2.29761 3.27439 3.08863 2.41251 2.56459 2.22276 3.60253 2.21306 3.22909 3.77149 3.38603 2.28725 2.21672 2.93224 2.56224 2.13546 5.69543 2.11267 3.28385 2.66317 2.08422
threshold=0.095469533323326569 62.044039571228758 61.464514837065686 51.526896859582202 81.500000000000014 284.91521471611526 124.74909930445283 631.50000000000011 64.091854213877156 -0.99273952934267318 16.420634257746357 -0.44437817810461328 -0.11593459959550052 584.30000000000007 8.0413689877169379 8.9875434930812759 6.630797340928706 42.500000000000007 173.50000000000003 28.856081198836659 22.500000000000004 9.4414467071583399 27.850000000000005 131.50000000000003 52.743345725762822 2.5000000000000004 0.56546986341837824 466.4500000000001 0.24284972209593572 31.500000000000004
decision_type=2 2 2 2 2 2 2 2 2 2 2 2 2 2 2 2 2 2 2 2 2 2 2 2 2 2 2 2 2 2
left_child=-1 2 5 8 24 6 16 9 -3 10 -8 14 -13 26 -11 -16 20 18 -18 -20 -2 22 -22 -23 25 -4 27 28 -14 -7
right_child=1 3 4 -5 -6 29 7 -9 -10 11 -12 12 13 -15 15 -17 17 -19 19 -21 21 23 -24 -25 -26 -27 -28 -29 -30 -31
leaf_value=-0.0036683160245916287 0.0021758233344884525 0.011876713932531225 0.062162933002199244 0.42898557238999829 0.0024036081966595903 -0.0041757718658523959 0.0030099620348112313 0.034918816826261793 0.15665013843003736 -0.00723647829946596 -0.032882162222101739 0.0090327540658390777 -0.0032130032170284207 0.035036335901939712 0.01268797720365953 -0.00081901613039097047 -0.010277048643374798 -0.021176897834554786 1.3405428117252428e-05 0.026617464935465664 0.00014344813050738288 0.020237077912386027 -0.0017475360224483262 0.0010479118273203803 0.076911573997170635 0.0018039092011029824 -0.012105546624831121 0.062744395050993523 0.006483814155741386 -0.00031131217631099608
leaf_weight=3360 28 48 59 889 43 69 23 75 57 37 29 139 76 27 24 356 132 166 213 26 105 28 227 166 127 51 82 21 224 120
leaf_count=3360 28 48 59 889 43 69 23 75 57 37 29 139 76 27 24 356 132 166 213 26 105 28 227 166 127 51 82 21 224 120
internal_value=-0.00812936 0.00728797 0.00137486 0.0231891 0.0153571 -0.000261178 0.000272232 0.00235849 0.012619 0.0015896 -0.00865385 0.00212982 0.00452548 0.00267442 -0.00113909 0 -0.0018561 -0.00414339 -0.00154987 0.00219665 0.000361011 -0.000380228 -0.00286145 0.00386598 0.017827 0.0127273 0.00167494 0.00350467 0.00216667 -0.00648148
internal_weight=7027 3667 2673 994 280 2393 2204 1113 105 1038 52 986 569 430 417 380 1091 537 371 239 554 526 332 194 237 110 403 321 300 189
internal_count=7027 3667 2673 994 280 2393 2204 1113 105 1038 52 986 569 430 417 380 1091 537 371 239 554 526 332 194 237 110 403 321 300 189
is_linear=0
shrinkage=0.05


Tree=54
num_leaves=31
num_cat=0
split_feature=18 18 14 6 6 15 14 2 13 12 13 18 13 3 12 15 18 6 3 3 3 17 18 9 1 12 14 7 11 13
split_gain=721.16 136 27.0905 4.05033 3.27359 3.73046 2.59517 2.54924 2.55483 2.69606 2.93438 2.53388 2.3587 2.34291 1.8206 1.80773 1.72951 3.78606 1.71512 3.50405 1.9518 1.58746 1.54051 1.5322 1.48011 1.42154 1.4108 1.69749 1.39382 1.8662
threshold=0.095469533323326569 63.083970723714408 61.464514837065686 41.500000000000007 59.500000000000007 56.524021905538639 40.661933374908294 346.00000000000006 0.56546986341837824 203.19880857529418 0.64618555567769609 64.091854213877156 0.53986415313646441 41.050000000000004 219.96597446794698 63.202394096285055 52.743345725762822 2.5000000000000004 33.45000000000001 35.250000000000007 41.45000000000001 19.247278054568465 53.791578479700185 0.15855791680139919 580.65000000000009 284.07174412084925 45.129078675274251 0.25881904510252091 36.485146685198814 0.42408226221079698
decision_type=2 2 2 2 2 2 2 2 2 2 2 2 2 2 2 2 2 2 2 2 2 2 2 2 2 2 2 2 2 2
left_child=-1 2 4 16 5 6 13 8 12 21 -11 14 25 24 -3 22 17 -4 23 -20 -21 -10 -5 -8 -2 28 -7 -28 29 -6
right_child=1 11 3 15 7 26 18 -9 9 10 -12 -13 -14 -15 -16 -17 -18 -19 19 20 -22 -23 -24 -25 -26 -27 27 -29 -30 -31
leaf_value=-0.0034849002233620476 -5.6848993196823018e-05 0.026874667076917727 0.0590547863520893 1.1837371934042552e-05 -0.00065984745904207331 0.026654243258198207 0.056869206083064588 0.022193619272922585 -0.0073963889673336787 -0.018622456503660168 0.0057330276056802637 0.42247843966654575 0.035700001912458389 -0.0028888061808711287 0.094189913584417445 -0.0042880600162989784 0.091088043601589785 0.0090320468422575573 -0.0051074121021983387 0.00049555356780262017 0.02126890015808236 -0.036142785307062657 0.062112421138584395 0.012002303593070352 0.0301968354796621 -0.002778979069995391 0.033172875984948648 -0.0056200684874585967 -0.011279299190743065 0.012033892526110535
leaf_weight=3360 1079 30 59 22 364 44 33 48 24 26 55 868 20 95 26 22 139 41 23 118 71 89 32 56 34 54 25 33 102 35
leaf_count=3360 1079 30 59 22 364 44 33 48 24 26 55 868 20 95 26 22 139 41 23 118 71 89 32 56 34 54 25 33 102 35
internal_value=-0.00822186 0.00711072 0.00152206 0.0153175 -0.00026771 0.00103973 0.000414182 -0.00284578 -0.00354356 -0.00850515 -0.00154321 0.0237013 -0.00186957 -0.000620861 0.0133929 0.00526316 0.0185146 0.0135 0.00456811 0.00212264 0.00436508 -0.0134956 0.0101852 0.0103933 2.24618e-05 -0.00247748 0.0102941 0.00517241 -0.00164671 -0.000313283
internal_weight=7027 3667 2743 315 2428 1611 1509 817 769 194 81 924 575 1208 56 76 239 100 301 212 189 113 54 89 1113 555 102 58 501 399
internal_count=7027 3667 2743 315 2428 1611 1509 817 769 194 81 924 575 1208 56 76 239 100 301 212 189 113 54 89 1113 555 102 58 501 399
is_linear=0
shrinkage=0.05


Tree=55
num_leaves=31
num_cat=0
split_feature=18 18 14 6 14 6 2 9 2 13 18 2 18 18 0 18 12 11 9 18 17 6 0 18 15 3 14 6 13 1
split_gain=712.6 131.189 24.7581 6.21957 3.28218 2.90622 2.83374 2.44066 1.8153 4.52536 2.36014 2.39346 3.24587 2.35253 3.84838 1.99558 1.80995 1.80865 2.60204 1.8053 2.24074 1.65359 1.64307 1.59808 1.5438 1.49336 1.44929 1.59722 1.47168 1.40229
threshold=0.095469533323326569 63.083970723714408 57.558211527948693 37.500000000000007 53.905970645020368 8.5000000000000018 321.50000000000006 -0.9852109833579612 31.500000000000004 0.028901772731160725 4.3732017446696894 58.500000000000007 6.3425238804615178 7.3979599529612505 108.50000000000001 3.160508234285329 147.7585125690716 55.443525145278741 -0.10309787846944686 53.791578479700185 27.142913979334427 50.500000000000007 588.50000000000011 65.541880923019093 63.202394096285055 14.750000000000002 67.529407829454598 4.5000000000000009 0.91750426536523444 19.750000000000004
decision_type=2 2 2 2 2 2 2 2 2 2 2 2 2 2 2 2 2 2 2 2 2 2 2 2 2 2 2 2 2 2
left_child=-1 2 5 7 23 29 8 -4 9 -7 15 -12 -13 -14 -15 -10 -8 22 21 20 -5 -19 25 -3 -21 -16 27 -9 -29 -2
right_child=1 4 3 19 -6 6 16 26 10 -11 11 12 13 14 17 -17 -18 18 -20 24 -22 -23 -24 -25 -26 -27 -28 28 -30 -31
leaf_value=-0.0033106552121939452 0.00030170858743832008 0.029069964489448985 0.0048861671149024845 -0.011657163153326523 0.42403484065728136 3.1662972187962433e-05 -0.015642282769984917 0.051672883142974871 2.0861607967459507e-05 -0.0081596979940174348 -0.0093262071564300438 0.0048144520547583674 -0.016634039721065762 0.015775525441449445 0.028133467501765708 0.013003196144114071 0.028998259699945985 0.0068635962218394301 -0.016169456903283752 0.049885552738360421 0.009694835368529553 -0.010992678746423047 0.0072329914471932714 0.17893242755804498 -0.0007939809026925815 -0.002556211261455488 0.11055668484806028 0.042904550753213755 0.070613717609991508 0.00037000869145518148
leaf_weight=3360 64 44 26 27 802 79 29 81 40 70 42 46 45 28 21 27 47 27 37 45 27 39 34 78 22 701 87 80 22 950
leaf_count=3360 64 44 26 27 802 79 29 81 40 70 42 46 45 28 21 27 47 27 37 45 27 39 34 78 22 701 87 80 22 950
internal_value=-0.00832147 0.00691983 0.00143092 0.0126499 0.0232143 -0.000580396 -0.00213415 0.0165541 -0.00271036 -0.00788591 -0.00200092 -0.00259804 -0.00209611 -0.00273605 -0.00217024 0.00708955 0.00723684 -0.00276484 -0.00898058 0.00309917 -0.0037037 -0.0030303 -0.00191799 0.0155738 0.00858209 -0.00242382 0.017963 0.0154372 0.0112745 0.00142998
internal_weight=7027 3667 2743 417 924 2326 1312 296 1236 149 1087 1020 978 932 887 67 76 859 103 121 54 66 756 122 67 722 270 183 102 1014
internal_count=7027 3667 2743 417 924 2326 1312 296 1236 149 1087 1020 978 932 887 67 76 859 103 121 54 66 756 122 67 722 270 183 102 1014
is_linear=0
shrinkage=0.05


Tree=56
num_leaves=31
num_cat=0
split_feature=18 18 14 6 6 14 1 9 2 0 5 1 14 17 13 18 7 4 5 14 17 7 10 12 1 13 9 3 9 2
split_gain=706.516 128.023 25.3614 5.11034 3.18456 3.40926 2.0795 3.44572 2.00632 2.09751 1.92466 1.88107 1.72924 1.71631 3.01221 1.68046 5.1797 1.53165 1.53087 2.41104 1.99985 2.42612 1.56342 1.61607 1.91387 2.81958 3.31107 1.47173 1.44543 1.42867
threshold=0.095469533323326569 64.091854213877156 61.864762210261127 41.500000000000007 35.500000000000007 53.489269247574462 571.95000000000016 -0.96460524310950169 346.00000000000006 689.50000000000011 33.500000000000007 545.05000000000007 53.905970645020368 25.192669749271449 0.56546986341837824 51.872505443285142 -0.70710678118654735 13.250000000000002 16.500000000000004 20.602707377003725 26.333702922013938 0.37940952255126054 -0.98798606843101155 72.994880810683711 303.2000000000001 0.2557677537516248 -0.92093717412624321 32.650000000000013 -0.98801351631316325 114.50000000000001
decision_type=2 2 2 2 2 2 2 2 2 2 2 2 2 2 2 2 2 2 2 2 2 2 2 2 2 2 2 2 2 2
left_child=-1 2 4 15 5 6 11 -8 9 -6 17 18 -3 -7 -15 16 -4 -5 29 22 21 -21 -20 -24 -25 -26 -27 -10 -22 -2
right_child=1 12 3 10 8 13 7 -9 27 -11 -12 -13 -14 14 -16 -17 -18 -19 19 20 28 -23 23 24 25 26 -28 -29 -30 -31
leaf_value=-0.0031451224515842481 3.5284464007823148e-05 0.11874708814730575 0.050238575893153663 0.032198584591407099 -0.0017191634003526192 0.041245637312187361 -0.010073027972015326 0.034006001549282065 0.023323154531535197 -0.014234238009622936 -0.0043149048294525375 -0.012961328538573369 0.4154974484018702 0.042610488239877502 -0.001651093437030582 0.076413643047327728 -0.0091516777794151249 0.039450482906180896 -0.0014845744661318161 0.0045610331801561712 -0.0014428979266728704 -0.013173476708456278 0.00025391006664209905 -0.00083328927814839697 0.024070392079574 -0.011293033531213227 0.0051253210371896788 -0.0063588912722527986 0.009594260965936208 -0.003324347797000993
leaf_weight=3360 97 97 56 32 900 47 23 53 29 22 24 23 771 43 51 176 20 23 33 136 20 52 51 368 21 48 141 24 177 109
leaf_count=3360 97 97 56 32 900 47 23 53 29 22 24 23 771 43 51 176 20 23 33 136 20 52 51 368 21 48 141 24 177 109
internal_value=-0.00839263 0.00678347 0.00158092 0.014577 -0.000162075 0.00128935 0.000517751 0.00855263 -0.00238462 -0.00292842 0.00348101 3.9185e-05 0.0235599 0.00868794 0.00478723 0.0180556 0.0118421 0.00863636 0.000299282 0.0010745 0.00422078 0.000531915 -0.000755287 -0.000198728 -0.000951557 0.00285714 0.000925926 0.00707547 0.00774112 -0.00364078
internal_weight=7027 3667 2799 331 2468 1493 1352 76 975 922 79 1276 868 141 94 252 76 55 1253 1047 385 188 662 629 578 210 189 53 197 206
internal_count=7027 3667 2799 331 2468 1493 1352 76 975 922 79 1276 868 141 94 252 76 55 1253 1047 385 188 662 629 578 210 189 53 197 206
is_linear=0
shrinkage=0.05


Tree=57
num_leaves=31
num_cat=0
split_feature=18 18 14 6 6 14 13 0 13 17 18 18 6 1 15 10 10 12 18 18 0 3 1 18 6 14 2 13 13 6
split_gain=699.458 125.682 29.8925 4.65654 2.98125 3.12607 2.76093 2.26772 4.01308 2.45929 2.17665 3.60587 2.04776 2.02156 2.45909 2.04955 2.81567 2.42335 1.90774 2.60525 2.65223 1.98675 1.98279 1.75389 3.01886 1.70218 1.68032 2.64925 4.83847 1.71827
threshold=1.0000000180025095e-35 65.305404507008191 61.864762210261127 41.500000000000007 7.5000000000000009 50.303189625999103 0.91542846096778596 33.500000000000007 0.028901772731160725 24.535032685910583 4.3732017446696894 5.000550070574433 78.500000000000014 19.750000000000004 1.9840114329365497 0.99370977118463066 0.25118075958286767 122.75675273136339 6.3425238804615178 7.3979599529612505 112.50000000000001 27.650000000000002 521.45000000000016 54.535362853371247 1.5000000000000002 53.905970645020368 325.50000000000006 0.56546986341837824 0.54348485220968457 58.500000000000007
decision_type=2 2 2 2 2 2 2 2 2 2 2 2 2 2 2 2 2 2 2 2 2 2 2 2 2 2 2 2 2 2
left_child=-1 2 4 23 5 13 7 8 9 -6 -9 -12 -11 -2 -15 16 -16 -18 21 -20 -21 -13 26 24 -4 -3 27 28 -22 -29
right_child=1 25 3 -5 6 -7 -8 10 -10 12 11 18 -14 14 15 -17 17 -19 19 20 22 -23 -24 -25 -26 -27 -28 29 -30 -31
leaf_value=-0.0029878663290050355 0.00024121456330999382 0.15490280090912983 0.048166264702816625 0.014951176292308866 -0.0011123669928247829 0.017383850418918458 0.016415935960977991 0.00083721026503008611 -0.011549076502544187 -0.00055198654716280375 -0.01372911884538759 -0.00072198641853280518 0.00072960780903993526 -0.003367464805806675 -0.00010052801193451978 -0.031418422067707133 -6.5749924206315316e-05 0.022188201104009233 -0.015716379564994876 0.0073128422191490296 -0.00218615642221236 0.0097016195926791227 0.0073095339473409739 0.092469631118664353 0.0059802995890926528 0.41802012317894005 0.019500360630534532 -0.0015689667693418842 0.049024005401989972 -0.020925294586690416
leaf_weight=3345 69 83 63 84 22 111 77 74 59 35 21 26 32 49 626 20 65 120 51 37 562 37 40 161 55 729 57 139 27 151
leaf_count=3345 69 83 63 84 22 111 77 74 59 35 21 26 32 49 626 20 65 120 51 37 562 37 40 161 55 729 57 139 27 151
internal_value=-0.00844955 0.00658609 0.00167247 0.0150826 -0.000269246 0.00174528 -0.00174499 -0.00226277 -0.00810811 -0.00140449 -0.00155483 -0.00209059 0.00335821 0.000816649 0.000170455 0.000812274 0.00120222 0.00662162 -0.00170807 -0.00220865 -0.0016535 0.00674603 -0.00215164 0.01819 0.0135593 0.0239532 -0.00261752 -0.003157 -0.0012309 -0.00706897
internal_weight=7027 3682 2870 363 2507 1060 1447 1370 148 89 1222 1148 67 949 880 831 811 185 1127 1064 1013 63 976 279 118 812 936 879 589 290
internal_count=7027 3682 2870 363 2507 1060 1447 1370 148 89 1222 1148 67 949 880 831 811 185 1127 1064 1013 63 976 279 118 812 936 879 589 290
is_linear=0
shrinkage=0.05


Tree=58
num_leaves=31
num_cat=0
split_feature=18 18 14 1 18 6 14 7 0 13 17 4 1 10 3 6 18 18 6 14 15 11 9 9 6 10 2 12 7 9
split_gain=693.457 125.923 22.3509 5.13035 3.0465 2.84907 3.90962 2.81492 2.38632 3.61878 2.45929 2.40115 2.0988 2.09931 2.2511 2.04776 1.95709 3.66085 1.94085 1.93819 1.91985 2.0163 1.91453 1.84842 1.81825 2.64761 2.65771 2.26793 1.99259 1.8817
threshold=1.0000000180025095e-35 64.091854213877156 61.864762210261127 471.45000000000005 66.077347827369934 7.5000000000000009 50.303189625999103 -0.25881904510252113 33.500000000000007 0.028901772731160725 24.535032685910583 28.350000000000005 19.750000000000004 0.99370977118463066 32.150000000000013 78.500000000000014 4.3732017446696894 5.000550070574433 41.500000000000007 20.388247613539264 1.9840114329365497 13.584800565826358 -0.9852109833579612 -0.99273952934267318 60.500000000000007 -0.86955717898714324 194.50000000000003 275.50409068864644 1.0000000180025095e-35 0.44437406304545285
decision_type=2 2 2 2 2 2 2 2 2 2 2 2 2 2 2 2 2 2 2 2 2 2 2 2 2 2 2 2 2 2
left_child=-1 2 5 -4 7 6 12 -3 9 10 -7 16 -2 14 19 -12 -10 -18 22 -14 -16 -22 -5 -19 27 26 -26 29 -27 -25
right_child=1 4 3 18 -6 8 -8 -9 11 -11 15 -13 13 -15 20 -17 17 23 -20 -21 21 -23 -24 24 25 28 -28 -29 -30 -31
leaf_value=-0.0028384730125547838 0.00022915383514449661 0.11106537443868732 0.0091337400661748447 0.0054653681796942525 0.38138884846334592 -0.001056748643183543 0.017323229605980473 0.018286882257100245 0.00077242029171513686 -0.010971622677416982 -0.00052438721980466348 0.010179338723679977 0.00010662320534713388 -0.026623907672175085 -0.003513894771825077 0.00069312741858793903 -0.013042662903118219 -0.010932541811547748 0.049410257636560928 0.01772855655730372 0.0012603233902105605 -0.0027884909795709237 0.070196664569906989 0.0051966512619772594 -0.0004768287080934464 0.0017231921489477388 -0.022648590898964118 -0.0067397023586158959 -0.0051523087605186649 -0.00050582435906925132
leaf_weight=3345 69 40 90 23 770 22 103 58 73 59 35 37 311 24 23 32 21 22 31 132 63 321 187 253 72 231 109 88 234 149
leaf_count=3345 69 40 90 23 770 22 103 58 73 59 35 37 311 24 23 32 21 22 31 132 63 321 187 253 72 231 109 88 234 149
internal_value=-0.00852071 0.0064503 0.00131485 0.0135196 0.0230991 -0.000312122 0.00167304 0.0147959 -0.00175713 -0.00777027 -0.00140449 -0.00106672 0.000662778 0 0.000411765 0.00335821 -0.0014377 -0.0019296 0.0173237 0.0028781 -0.00227273 -0.00143229 0.0190476 -0.0015544 -0.00127641 -0.00301858 -0.00814917 0.00102041 -0.00102151 0.00261194
internal_weight=7027 3682 2814 331 868 2483 1046 98 1437 148 89 1289 943 874 850 67 1252 1179 241 443 407 384 210 1158 1136 646 181 490 465 402
internal_count=7027 3682 2814 331 868 2483 1046 98 1437 148 89 1289 943 874 850 67 1252 1179 241 443 407 384 210 1158 1136 646 181 490 465 402
is_linear=0
shrinkage=0.05


Tree=59
num_leaves=31
num_cat=0
split_feature=18 18 14 1 6 14 14 2 4 18 6 0 18 13 17 1 12 15 13 12 0 18 0 11 18 18 13 1 14 1
split_gain=687.481 122.503 23.8022 4.56692 2.65924 2.60278 2.5344 2.81272 2.83652 2.27812 1.9971 1.99644 1.95373 4.10489 2.27247 2.14371 1.91347 3.60012 1.90985 1.79381 3.62579 3.35268 3.20599 2.4079 2.27334 3.51859 2.25019 2.52234 1.97945 1.84656
threshold=1.0000000180025095e-35 65.305404507008191 61.864762210261127 471.45000000000005 9.5000000000000018 54.115995644160165 53.489269247574462 143.50000000000003 23.650000000000002 55.70233618850957 7.5000000000000009 624.50000000000011 2.0138292979816659 0.028901772731160725 24.535032685910583 1.0000000180025095e-35 262.14961027018933 63.202394096285055 0.56546986341837824 116.73198190700471 108.50000000000001 8.0413689877169379 85.500000000000014 11.681078596062505 8.9875434930812759 9.7366163776564072 0.050286918463284168 41.150000000000013 17.325652384954012 491.00000000000006
decision_type=2 2 2 2 2 2 2 2 2 2 2 2 2 2 2 2 2 2 2 2 2 2 2 2 2 2 2 2 2 2
left_child=-1 2 6 16 -5 -3 10 -8 11 -6 -2 18 13 14 -12 -16 17 -4 -9 23 22 -22 26 -14 -23 -26 -21 -28 -25 -30
right_child=1 5 3 4 9 -7 7 8 -10 -11 12 -13 19 -15 15 -17 -18 -19 -20 20 21 24 -24 28 25 -27 27 -29 29 -31
leaf_value=-0.0026965493619270447 0.00013703165072482816 0.13215669797847004 0.055199703561628156 0.075815360606740614 0.003720511820677608 0.37946647477911599 0.047941777567785865 0.0089553590545964571 0.025489920737480711 0.064415204614643784 -0.0010039112110243665 0.01733838145374662 -0.005794196864985857 -0.014343604066975841 0.00077363318182907407 -0.00019250785942705878 -0.0054661624803227227 -0.0060867041080719282 -0.010845954375860068 0.00093846624076862064 -0.015613473216266095 0.0054353918667271912 0.015346706566026925 -0.00010160893054378395 -0.031360910302757672 -7.8841665615314588e-05 -0.0025959733908067053 0.0065650546591535354 -0.012462933237578966 0.0068207541681825747
leaf_weight=3345 993 88 43 158 40 724 20 44 28 73 22 89 25 40 24 43 24 25 68 30 29 21 27 276 26 491 35 31 124 21
leaf_count=3345 993 88 43 158 40 724 20 44 28 73 22 89 25 40 24 43 24 25 68 30 29 21 27 276 26 491 35 31 124 21
internal_value=-0.00859186 0.0063145 0.00146341 0.0134298 0.0166974 0.0234606 -0.000269246 0.00451807 0.0029476 0.0108407 -0.000797166 0.000870647 -0.00211462 -0.00794574 -0.00196629 0.00261194 0.00380435 0.00808824 -0.00357143 -0.00145246 0.000144928 -0.00154321 0.00792683 -0.00392377 -0.000650558 -0.00130561 0.00364583 -0.00151515 -0.0030285 -0.00775862
internal_weight=7027 3682 2870 363 271 812 2507 249 229 113 2258 201 1265 129 89 67 92 68 112 1136 690 567 123 446 538 517 96 66 421 145
internal_count=7027 3682 2870 363 271 812 2507 249 229 113 2258 201 1265 129 89 67 92 68 112 1136 690 567 123 446 538 517 96 66 421 145
is_linear=0
shrinkage=0.05


Tree=60
num_leaves=31
num_cat=0
split_feature=18 18 14 1 14 18 6 15 14 14 9 1 1 0 3 6 1 9 6 18 3 9 4 13 4 15 2 11 13 17
split_gain=677.383 116.549 22.7226 4.40827 2.87773 3.93551 2.54187 2.95248 2.07976 2.0716 2.08784 2.83408 1.95059 1.94383 1.89408 1.75138 1.75043 1.69986 1.67341 2.98397 1.57925 1.75 1.72355 2.38267 2.30911 1.56777 1.41626 1.46532 2.40948 2.09869
threshold=1.0000000180025095e-35 65.541880923019093 61.864762210261127 488.15000000000003 57.558211527948693 68.886760837600093 68.500000000000014 56.524021905538639 38.432405100977789 40.661933374908294 -0.98211651112579568 495.10000000000008 306.25000000000006 740.50000000000011 43.650000000000013 21.500000000000004 460.55000000000007 -0.9852109833579612 10.500000000000002 55.70233618850957 41.45000000000001 0.59817537509284302 5.8500000000000005 0.56546986341837824 11.15 63.202394096285055 346.00000000000006 41.690312308066318 0.33761941724385008 24.322168630696982
decision_type=2 2 2 2 2 2 2 2 2 2 2 2 2 2 2 2 2 2 2 2 2 2 2 2 2 2 2 2 2 2
left_child=-1 2 6 13 5 15 7 9 -9 14 -11 20 26 25 -2 -3 -10 -5 -19 -20 22 -22 -12 24 -24 -4 27 28 29 -8
right_child=1 4 3 17 -6 -7 12 8 16 10 11 -13 -14 -15 -16 -17 -18 18 19 -21 21 -23 23 -25 -26 -27 -28 -29 -30 -31
leaf_value=-0.0025617218938306925 -0.00010593460803816069 0.047003378711142935 0.012252722053583298 0.020864310175741529 0.40162052505220558 0.23302787701112743 -0.0035163170377193105 0.025038703580555224 0.024782318939133144 -0.0069520822888941682 0.028980441620626254 0.079840080545496767 -0.01122249143345222 0.045924063582897828 -0.0084474497460954364 -0.011172436664105945 0.0054338066997312142 0.08215504101258625 -0.001923648138559031 0.065017090775637956 0.026449323372493973 -0.0020483146210594329 -0.0068825804514258239 -0.0033847695462153383 0.018575340888937041 -0.0099711252083267265 0.019860582141906849 -0.011136576961258094 0.0063190419454140397 0.00010922737949420336
leaf_weight=3345 1243 26 65 28 645 106 124 24 48 24 23 21 185 42 27 21 86 138 24 52 50 20 21 67 87 21 36 116 88 224
leaf_count=3345 1243 26 65 28 645 106 124 24 48 24 23 21 185 42 27 21 86 138 24 52 50 20 21 67 87 21 36 116 88 224
internal_value=-0.00871282 0.00608365 0.0014043 0.012973 0.022995 0.0168301 -0.000298329 0.000761057 0.00727848 0.00011055 0.00375399 0.0049308 -0.00268435 0.00546875 -0.000787402 0.00478723 0.00485075 0.0169421 0.0184579 0.0125 0.00354478 0.01 0.00126263 -0.000428571 0.00416667 0.00116279 -0.00127551 -0.00190217 -0.000573394 -0.00244253
internal_weight=7027 3682 2884 370 798 153 2514 1741 158 1583 313 289 773 128 1270 47 134 242 214 76 268 70 198 175 108 86 588 552 436 348
internal_count=7027 3682 2884 370 798 153 2514 1741 158 1583 313 289 773 128 1270 47 134 242 214 76 268 70 198 175 108 86 588 552 436 348
is_linear=0
shrinkage=0.05


Tree=61
num_leaves=31
num_cat=0
split_feature=18 18 14 14 6 4 0 2 11 6 15 3 1 2 12 15 5 11 0 3 1 15 12 12 12 17 14 2 9 0
split_gain=666.771 112.239 25.7709 4.6649 4.02211 2.5812 2.2034 2.12122 3.27763 1.97375 1.73474 1.63304 1.62201 1.5721 2.01349 1.36868 1.27606 1.68076 1.58177 1.85742 1.7509 1.24061 1.22509 1.76401 1.77957 1.76102 1.39437 2.61922 2.39802 1.85291
threshold=1.0000000180025095e-35 67.298710411985823 67.529407829454598 57.558211527948693 45.500000000000007 7.1500000000000012 537.50000000000011 275.50000000000006 59.824572479700599 7.5000000000000009 56.762627578150052 11.450000000000001 478.15000000000003 321.50000000000006 150.52620124561747 58.539052000567821 35.500000000000007 78.404846569963695 691.50000000000011 37.150000000000013 443.75000000000006 61.00903231369464 134.34903016963145 256.72996899572246 262.79509629855994 28.882185783662447 6.630797340928706 121.50000000000001 -0.99273952934267318 382.50000000000006
decision_type=2 2 2 2 2 2 2 2 2 2 2 2 2 2 2 2 2 2 2 2 2 2 2 2 2 2 2 2 2 2
left_child=-1 2 3 9 5 -5 -3 -6 -9 10 22 -11 -4 -13 -15 -12 17 18 19 -7 -21 -17 26 25 -25 -24 27 -2 -28 -30
right_child=1 6 12 4 7 16 -8 8 -10 11 15 13 -14 14 -16 21 -18 -19 -20 20 -22 -23 23 24 -26 -27 28 -29 29 -31
leaf_value=-0.0024336357991391576 2.4458663461230174e-06 0.12792716283250574 0.02747339432081777 -0.0020016094844208967 0.021503366537970161 0.046676601569062018 0.37540584706619673 -0.027391296670395707 0.0025402659622175252 0.0097192503249461607 0.021973438027642091 -0.0008989911311577004 0.083155411222455913 -0.020944466966473209 0.026948579056859503 -0.0082947001696638267 0.047999910165540532 -0.0026391024606695623 0.059533072547538174 0.041606117051964556 -0.0059148056453331328 0.031535783114990855 0.029488665705105534 -0.0050022039862794195 0.00029249875423326133 0.009101325738821409 -0.041336753525005321 0.0091454031385175948 -0.0084244697271666173 0.00069786274331740117
leaf_weight=3345 278 20 20 40 32 37 680 27 40 20 30 1275 189 38 48 23 47 23 39 20 43 30 37 29 213 85 20 31 74 194
leaf_count=3345 278 20 20 40 32 37 680 27 40 20 30 1275 189 38 48 23 47 23 39 20 43 30 37 29 213 85 20 31 74 194
internal_value=-0.0088409 0.00583922 0.00160966 0.000333574 0.00574713 0.00913655 0.0238571 -0.00277778 -0.00783582 -0.000443299 0.00119732 -0.00168356 0.0185407 -0.00189199 0.00465116 0.00813253 0.0113636 0.00925926 0.0113309 0.008 0.00277778 0.00330189 0.000598335 0.00288462 0.000413223 0.00778689 -0.000795645 0.00153722 -0.00329861 -0.00205224
internal_weight=7027 3682 2982 2773 348 249 700 99 67 2425 1044 1381 209 1361 86 83 209 162 139 100 63 53 961 364 242 122 597 309 288 268
internal_count=7027 3682 2982 2773 348 249 700 99 67 2425 1044 1381 209 1361 86 83 209 162 139 100 63 53 961 364 242 122 597 309 288 268
is_linear=0
shrinkage=0.05


Tree=62
num_leaves=31
num_cat=0
split_feature=18 18 14 18 6 15 12 6 9 1 12 12 0 2 17 4 17 7 3 7 18 3 1 3 18 15 0 18 0 17
split_gain=667.358 107.788 26.1318 3.49782 3.04335 3.941 3.3475 2.64308 2.52023 2.45503 2.40688 2.97796 2.13452 2.05727 1.95936 2.37522 2.83857 2.60753 2.34873 1.60755 1.54591 2.30648 1.47224 1.86455 1.48903 2.04142 1.8502 1.82956 3.42866 3.49988
threshold=1.0000000180025095e-35 67.813711894215615 64.548633676675948 59.548657184400589 59.500000000000007 41.553946077206227 106.9849235260141 65.500000000000014 -0.99052327954040364 293.15000000000003 240.93171984514979 262.79509629855994 560.50000000000011 346.00000000000006 22.676794758167365 10.750000000000002 29.496565652032704 0.37940952255126054 38.350000000000001 -0.25881904510252113 53.200842819941009 29.450000000000003 269.35000000000008 38.250000000000007 17.685032753126457 11.229541520966139 231.50000000000003 6.3425238804615178 70.500000000000014 23.694903247035857
decision_type=2 2 2 2 2 2 2 2 2 2 2 2 2 2 2 2 2 2 2 2 2 2 2 2 2 2 2 2 2 2
left_child=-1 2 4 7 5 -2 -7 20 -8 13 -11 -12 -3 22 -10 16 17 18 -16 -5 21 -4 23 24 25 27 -26 28 29 -6
right_child=1 12 3 19 9 6 8 -9 14 10 11 -13 -14 -15 15 -17 -18 -19 -20 -21 -22 -23 -24 -25 26 -27 -28 -29 -30 -31
leaf_value=-0.0023119540091821995 -1.0095897145211142e-05 0.11297413312873204 0.045715527452020767 0.091274894211951729 -0.0043404864238582195 -0.0024886459562754484 -0.026387325390249929 -0.0073781039985977518 0.048948929410476086 -0.021250306843822033 0.017424852237879662 -0.00858554506074043 0.37267336699501286 0.02560115010401667 0.03064080934789537 0.026263270331844168 0.036575529356123231 -0.009119066229096617 -0.0035187499947339166 0.022762187403316859 0.050765770718868279 -0.0021536751628968179 0.0087415520369411581 -0.016604910831073072 -0.024778414452108689 0.0070392586225369149 -0.0062789753305713351 -0.01046623028319842 0.0097026383482564441 0.00029990714124812222
leaf_weight=3345 1306 27 23 155 48 113 22 27 27 183 49 32 645 36 23 195 40 29 52 23 64 31 41 34 32 79 155 64 21 106
leaf_count=3345 1306 27 23 155 48 113 22 27 27 183 49 32 645 36 23 195 40 29 52 23 64 31 41 34 32 79 155 64 21 106
internal_value=-0.00883378 0.0058528 0.00181063 0.0152477 0.000195385 0.00136967 0.00513972 0.00948276 0.00734536 -0.00221591 -0.00625 0.000925926 0.0239583 -0.000487013 0.00833333 0.00730088 0.00243056 -0.00192308 0.003 0.0199438 0.0127119 0.00648148 -0.0012069 -0.00190167 -0.00113861 0.000943396 -0.00467914 -0.00135983 0.00128571 -0.0012987
internal_weight=7027 3682 3010 323 2687 1807 501 145 388 880 264 81 672 616 366 339 144 104 75 178 118 54 580 539 505 318 187 239 175 154
internal_count=7027 3682 3010 323 2687 1807 501 145 388 880 264 81 672 616 366 339 144 104 75 178 118 54 580 539 505 318 187 239 175 154
is_linear=0
shrinkage=0.05


Tree=63
num_leaves=31
num_cat=0
split_feature=18 18 14 18 6 0 6 16 10 4 9 5 0 17 14 12 9 17 5 18 16 11 14 15 14 1 16 13 15 5
split_gain=665.01 104.91 24.9415 3.67159 2.77203 2.58731 2.62071 2.4546 2.57809 3.46789 6.27112 3.13411 2.25713 2.17643 2.24817 2.0664 1.97388 1.94861 1.63717 1.6331 1.78899 1.8394 1.58401 1.43796 1.32965 1.32761 1.37884 1.35535 1.31349 1.24927
threshold=1.0000000180025095e-35 67.813711894215615 64.548633676675948 53.791578479700185 75.500000000000014 631.50000000000011 81.500000000000014 23.508331148435122 0.88999460902669758 13.050000000000002 0.12447811117596704 47.500000000000007 565.50000000000011 32.770046224521074 29.573225210049333 106.9849235260141 -0.49375726027723282 31.023932121514495 35.500000000000007 45.511762128286534 21.412373182850455 58.025730507195668 37.382322533017664 64.461710619177282 45.129078675274251 442.30000000000001 20.702078578527264 0.91750426536523444 57.236751765938415 33.500000000000007
decision_type=2 2 2 2 2 2 2 2 2 2 2 2 2 2 2 2 2 2 2 2 2 2 2 2 2 2 2 2 2 2
left_child=-1 2 5 17 -5 7 15 8 19 10 -10 24 -3 -9 -15 28 -8 -4 25 23 21 29 -22 -2 -12 -17 27 -27 -7 -21
right_child=1 12 3 4 -6 6 16 13 9 -11 11 -13 -14 14 -16 18 -18 -19 -20 20 22 -23 -24 -25 -26 26 -28 -29 -30 -31
leaf_value=-0.0021963563087230896 -0.00035677781437772895 0.090420423878301293 -0.0028809213192957372 0.078097971114736361 0.034228057309121776 -0.0059507600327339816 0.016574706954334495 0.0052847226546599126 -0.039157090117254434 0.034405217935305286 -0.010424642458750988 0.014599558880611952 0.35608015917189706 -0.0027207506683833149 0.0086467642467376038 0.045696033766928323 -0.018315129026553835 0.037746910156168489 0.03806240316807568 -0.0067024152701748111 0.0079287722922906315 0.0060537983056374147 -0.010944315303100539 0.01610685215719676 0.02442881869190874 -0.0069560997299172207 0.018654028848400016 0.017208033546775071 0.010081263360816451 -0.015795350872035742
leaf_weight=3345 1672 31 35 216 38 39 20 141 25 31 29 61 641 36 31 27 62 34 71 49 33 29 27 20 22 26 34 51 28 123
leaf_count=3345 1672 31 35 216 38 39 20 141 25 31 29 61 641 36 31 27 62 34 71 49 33 29 27 20 22 26 34 51 28 123
internal_value=-0.00886225 0.00579848 0.00181063 0.0149381 0.0177165 0.000232601 0.00418994 -0.000375698 -0.000884017 0.00505952 0.00164234 0.00669643 0.0236607 0.00480769 -0.00261194 0.00652174 -0.00365854 0.00471014 0.00897129 -0.00139529 -0.00507663 -0.00733831 0.0025 -0.000827423 -0.00245098 0.0057971 0.00337838 -0.000324675 -0.0011194 -0.00930233
internal_weight=7027 3682 3010 323 254 2687 358 2329 2121 168 137 112 672 208 67 276 82 69 209 1953 261 201 60 1692 51 138 111 77 67 172
internal_count=7027 3682 3010 323 254 2687 358 2329 2121 168 137 112 672 208 67 276 82 69 209 1953 261 201 60 1692 51 138 111 77 67 172
is_linear=0
shrinkage=0.05


Tree=64
num_leaves=31
num_cat=0
split_feature=18 1 18 14 0 6 1 12 2 18 5 11 1 4 5 16 9 11 12 12 18 1 13 0 9 2 18 18 18 9
split_gain=657.992 102.139 18.2359 8.93498 5.11328 5.07971 2.86276 2.77537 2.77358 2.68646 2.18478 2.07253 2.06124 2.29298 2.02891 1.81484 1.75122 1.70969 1.60931 2.36631 3.25843 2.8488 2.24768 4.36819 2.14415 1.99411 3.97059 3.19803 3.00007 2.9056
threshold=1.0000000180025095e-35 510.50000000000006 68.886760837600093 67.68844875805614 635.50000000000011 47.500000000000007 456.25000000000006 155.36504239855961 218.50000000000003 45.511762128286534 91.500000000000014 23.623112990362241 460.55000000000007 12.950000000000001 22.500000000000004 23.640252688424841 -0.50865210223081403 58.025730507195668 277.73016259139132 126.92129392765953 41.964922141061898 11.350000000000003 0.56546986341837824 425.50000000000006 0.99551215362393841 29.500000000000004 8.9875434930812759 9.7366163776564072 8.3957515510129301 0.92913280730858816
decision_type=2 2 2 2 2 2 2 2 2 2 2 2 2 2 2 2 2 2 2 2 2 2 2 2 2 2 2 2 2 2
left_child=-1 4 3 8 9 7 16 12 11 10 18 -3 -6 -14 -11 -13 -7 -16 19 21 22 -2 23 24 -21 29 28 -28 -27 -20
right_child=1 2 -4 -5 5 6 -8 -9 -10 14 -12 15 13 -15 17 -17 -18 -19 25 20 -22 -23 -24 -25 -26 26 27 -29 -30 -31
leaf_value=-0.0020865384932869349 0.00048878110735666727 0.039360603177501653 0.36066590361206113 0.083018699829577269 0.023697173553532559 0.024829046944211619 -0.014812399381186836 0.03882225562964621 0.029755322211161152 0.015081171757077884 -0.0058432225858328305 -0.00099577467383511471 -0.0097234335641386959 0.0098154586263316194 -0.015161540782791506 0.023023710292784827 -0.0046869231636595286 0.0036189126171411348 -0.0030457482195567517 0.0022817540683485516 0.047730501309673379 -0.00072535746566586572 -0.0025852853229592302 0.049742646823037265 -0.0086368925025500417 0.00022301210877969659 -0.024291049387249776 -0.0016085526826964626 0.012995426134445731 0.00029214329065396435
leaf_weight=3345 79 24 608 192 32 20 38 154 106 27 22 147 28 53 145 41 61 31 76 502 24 795 144 31 26 92 39 101 22 22
leaf_count=3345 79 24 608 192 32 20 38 154 106 27 22 147 28 53 145 41 61 31 76 502 24 795 144 31 26 92 39 101 22 22
internal_value=-0.00894763 0.00563552 0.0182469 0.0112745 0.000136505 0.00544041 -0.00315126 0.00926966 0.00613208 -0.000803489 -0.000240506 0.00283019 0.00331858 -0.000925926 -0.00628079 0.00106383 0.00216049 -0.00823864 -6.40041e-05 0.000608994 0.00271664 -0.00114416 0.00209815 0.00353309 0.00246212 -0.003125 -0.000787402 -0.00642857 0.00614035 -0.00918367
internal_weight=7027 3682 1118 510 2564 386 119 267 318 2178 1975 212 113 81 203 188 81 176 1953 1601 727 874 703 559 528 352 254 140 114 98
internal_count=7027 3682 1118 510 2564 386 119 267 318 2178 1975 212 113 81 203 188 81 176 1953 1601 727 874 703 559 528 352 254 140 114 98
is_linear=0
shrinkage=0.05


Tree=65
num_leaves=31
num_cat=0
split_feature=18 18 14 0 12 18 14 6 6 13 13 13 6 14 4 9 5 1 10 12 17 14 5 9 6 15 18 13 6 9
split_gain=651.591 100.078 20.5921 3.53714 3.52248 3.43065 4.19734 2.43637 2.17785 2.00662 4.61894 2.75442 1.82115 1.78895 1.71378 1.76713 1.70351 1.68131 2.19642 1.64154 1.65284 2.3339 1.6337 1.56864 1.92686 1.87659 1.97896 1.55712 2.16712 1.49482
threshold=1.0000000180025095e-35 67.298710411985823 67.529407829454598 624.50000000000011 234.49400325887072 70.433985130047475 59.198403367782696 27.500000000000004 2.5000000000000004 0.039843197902477499 0.028901772731160725 0.050286918463284168 26.500000000000004 53.489269247574462 13.950000000000001 -0.99762106698677366 86.500000000000014 19.750000000000004 0.99370977118463066 86.885001028975879 27.462822971875305 0.66663509656356035 85.500000000000014 -0.55241485047541339 88.500000000000014 57.236751765938415 61.602137314521649 0.89298439090600623 48.500000000000007 0.29259762607704992
decision_type=2 2 2 2 2 2 2 2 2 2 2 2 2 2 2 2 2 2 2 2 2 2 2 2 2 2 2 2 2 2
left_child=-1 2 3 8 23 6 29 -4 13 10 12 -11 -10 17 15 -13 -16 -2 19 20 21 -19 -17 -5 25 -25 -27 28 -6 -3
right_child=1 5 7 4 27 -7 -8 -9 9 11 -12 14 -14 -15 16 22 -18 18 -20 -21 -22 -23 -24 24 -26 26 -28 -29 -30 -31
leaf_value=-0.001982211568622588 0.00024841485716675801 -0.0089246411611846096 0.078249819407159305 0.022123483882022656 0.029130937010937431 0.38253472329962224 0.10831635476934878 0.029056080037889311 -0.00067921466117970011 0.00080510397188229279 -0.01621657096535143 -0.0086872252386736015 0.00026816616605295911 0.018495498743923377 -0.0024895969514355798 0.00053306693613779381 0.001272136774366839 0.0027384010821908779 -0.023171815632010498 0.00061199390678767784 -0.029477307329490367 -0.010808257161306935 -0.0085269333799943732 -0.0025574485881417531 -0.025843175946462973 0.03130434692633699 0.0047784048891415416 0.041821248943637639 -0.014079349861453851 0.050931587452164709
leaf_weight=3345 62 25 159 35 67 546 108 50 35 44 41 22 67 65 596 667 21 30 24 554 20 78 26 65 46 30 79 78 21 21
leaf_count=3345 62 25 159 35 67 546 108 50 35 44 41 22 67 65 596 667 21 30 24 554 20 78 26 65 46 30 79 78 21 21
internal_value=-0.0090259 0.00548615 0.00149229 0.000351605 0.00457245 0.0225 0.0159091 0.0166268 -0.000403912 -0.00153061 -0.00716783 -0.000944767 -0.00147059 0.00165066 -0.00135135 0.000314685 -0.00328201 0.000976562 0.000283286 0.000806452 -0.00429688 -0.00185185 0.000757576 0.000882353 -0.000681818 0.00172414 0.00573394 0.010241 0.00568182 0.00326087
internal_weight=7027 3682 2982 2773 421 700 154 209 2352 1519 143 1376 102 833 1332 715 617 768 706 682 128 108 693 255 220 174 109 166 88 46
internal_count=7027 3682 2982 2773 421 700 154 209 2352 1519 143 1376 102 833 1332 715 617 768 706 682 128 108 693 255 220 174 109 166 88 46
is_linear=0
shrinkage=0.05


Tree=66
num_leaves=31
num_cat=0
split_feature=18 18 14 0 1 9 2 16 8 18 6 6 12 12 4 16 14 15 14 6 9 2 13 1 5 2 6 6 6 9
split_gain=649.851 97.217 20.5465 4.12037 3.00826 3.15645 2.62975 3.24411 3.02065 2.43957 3.54912 2.43637 2.36803 2.25488 2.5615 2.41369 2.05782 1.84652 1.64163 1.96882 1.70451 1.63879 2.49366 1.63773 1.61786 1.57765 1.53699 1.48633 1.479 1.47491
threshold=1.0000000180025095e-35 67.298710411985823 67.529407829454598 565.50000000000011 503.30000000000001 -0.99273952934267318 304.50000000000006 20.931331364933232 -0.78656609248549325 68.886760837600093 22.500000000000004 27.500000000000004 231.33844458861668 107.9481807936529 10.750000000000002 20.572933230414282 56.584255833494076 58.357686170585559 20.904609971821049 76.500000000000014 -0.35366302170025027 143.50000000000003 0.63375226207269997 216.70000000000002 91.500000000000014 214.50000000000003 97.500000000000014 3.5000000000000004 1.0000000180025095e-35 0.77214943412548942
decision_type=2 2 2 2 2 2 2 2 2 2 2 2 2 2 2 2 2 2 2 2 2 2 2 2 2 2 2 2 2 2
left_child=-1 2 4 -3 6 -6 8 12 18 10 -5 -4 16 -7 15 27 17 -8 -2 20 -20 -17 -23 -21 -10 -16 -14 -15 -22 -13
right_child=1 3 11 9 5 13 7 -9 24 -11 -12 29 26 14 25 21 -18 -19 19 23 28 22 -24 -25 -26 -27 -28 -29 -30 -31
leaf_value=-0.0018831009901914585 0.012409798717210397 0.06735163450745639 0.074337328436801187 0.095041265266230829 -0.02390195103675943 -0.013184114307816231 -0.0045804357508211881 -0.019209588542090119 3.4471982720395843e-07 0.33651161823989251 -0.019549296297159915 -0.0035932803624465492 0.039379056849917764 -0.014757379945307569 0.019743867840853826 0.030385331638765223 -0.010015716994508496 0.01903700019938839 0.0033278414321086915 -0.0073813840203267311 0.00028575839905187195 -0.0090833289276478265 0.020042507727423598 -0.034101316088918664 -0.0052977937514294693 0.041086451755812804 0.003262616503669236 0.0076842852147017034 -0.0097945149248918287 0.053841267365483961
leaf_weight=3345 24 32 159 56 24 24 40 27 1924 590 22 27 69 22 88 24 42 65 36 32 40 21 44 51 22 48 29 24 53 23
leaf_count=3345 24 32 159 56 24 24 40 27 1924 590 22 27 69 22 88 24 42 65 36 32 40 21 44 51 22 48 29 24 53 23
internal_value=-0.00904725 0.00544541 0.00150905 0.0222143 0.000369636 0.0049373 -0.000224124 0.00441176 -0.000802016 0.0230539 0.0147436 0.0166268 0.00622449 0.00635593 0.00765683 0.00277778 0.00221088 0.00595238 -0.00614407 -0.00754717 -0.00368217 0.00758427 0.00346154 -0.0135542 -0.000154162 0.0125 0.0122449 -0.00652174 -0.00725806 0.007
internal_weight=7027 3682 2982 700 2773 319 2454 272 2182 668 78 209 245 295 271 135 147 105 236 212 129 89 65 83 1946 136 98 46 93 50
internal_count=7027 3682 2982 700 2773 319 2454 272 2182 668 78 209 245 295 271 135 147 105 236 212 129 89 65 83 1946 136 98 46 93 50
is_linear=0
shrinkage=0.05


Tree=67
num_leaves=31
num_cat=0
split_feature=18 18 14 6 2 18 12 12 6 1 9 0 1 6 2 13 13 15 2 5 9 5 0 4 18 9 6 15 14 1
split_gain=641.76 93.0112 21.9536 3.73875 3.03926 2.94964 2.49697 3.60381 2.36717 4.30359 2.58507 4.17371 2.14929 2.07602 1.99869 3.2133 2.69627 1.97756 1.79869 1.73497 2.4861 1.68091 1.61794 1.9972 1.60292 2.42966 1.75897 1.58974 1.58884 1.48907
threshold=1.0000000180025095e-35 68.412689000051472 64.548633676675948 65.500000000000014 151.50000000000003 55.988729664080815 124.74909930445283 273.4060019381904 88.500000000000014 395.90000000000003 -0.99273952934267318 207.50000000000003 11.350000000000003 60.500000000000007 29.500000000000004 0.028901772731160725 0.057073487949604228 8.1201165864714167 323.50000000000006 9.5000000000000018 0.98370018436603734 56.500000000000007 112.50000000000001 11.65 72.46854156041698 -0.9852109833579612 93.500000000000014 56.524021905538639 17.065732872120929 528.75000000000011
decision_type=2 2 2 2 2 2 2 2 2 2 2 2 2 2 2 2 2 2 2 2 2 2 2 2 2 2 2 2 2 2
left_child=-1 2 6 5 -3 -4 12 8 10 22 11 -8 21 27 15 -9 -16 -18 -7 -12 -21 -2 -10 -24 25 -6 -27 -14 -15 -5
right_child=1 4 3 29 24 18 7 14 9 -11 19 -13 13 28 16 -17 17 -19 -20 20 -22 -23 23 -25 -26 26 -28 -29 -30 -31
leaf_value=-0.0017889459406818858 0.00063077311973020475 0.072436554079080659 0.016624985910403112 -0.0090290742103103835 0.029152568794505385 0.082315095076539543 0.0024245343214308436 -9.7292365938383982e-05 0.0036350735914213784 -0.028767196178014844 0.030288863067741902 -0.022119463629456604 -0.00045699829373301861 -0.0022832366318247146 0.00047706848935327175 -0.013234864960663985 -0.0077671105499540266 -0.0006303005173083243 0.036304016348779736 0.010369576600870914 -0.011506962797432152 4.8842246296310066e-05 -0.006952558586122138 0.0041877210035261569 0.44144381827098589 0.13328736609203135 0.032849601185735371 0.012589940954460489 -0.022610959173490389 0.045955007330719159
leaf_weight=3345 25 26 86 31 29 179 22 65 30 68 31 35 704 193 53 35 32 287 20 638 29 55 79 135 433 135 21 87 97 22
leaf_count=3345 25 26 86 31 29 179 22 65 30 68 31 35 704 193 53 35 32 287 20 638 29 55 79 135 433 135 21 87 97 22
internal_value=-0.00914686 0.0052553 0.00159645 0.0136095 0.0225155 0.0158772 9.25926e-05 0.00141326 0.00302249 -0.000641026 0.00453642 -0.00570175 -0.00165805 -0.00224329 -0.00222458 -0.0085 -0.000537634 -0.00227273 0.0192211 0.00537249 0.00483508 0.00625 0.00245902 0.000934579 0.0232201 0.0193243 0.0217949 -0.000916561 -0.00586207 0.00141509
internal_weight=7027 3682 3038 338 644 285 2700 1539 1067 312 755 57 1161 1081 472 100 372 319 199 698 667 80 244 214 618 185 156 791 290 53
internal_count=7027 3682 3038 338 644 285 2700 1539 1067 312 755 57 1161 1081 472 100 372 319 199 698 667 80 244 214 618 185 156 791 290 53
is_linear=0
shrinkage=0.05


Tree=68
num_leaves=31
num_cat=0
split_feature=18 18 14 6 18 2 12 12 6 1 9 2 14 3 9 1 16 6 10 18 0 10 15 13 13 13 14 15 5 13
split_gain=638.883 92.9062 20.0736 3.95751 3.06321 3.01115 2.25731 3.07617 2.26244 3.67392 2.54904 3.23269 2.17195 2.57855 2.0201 1.78012 1.7295 1.66447 1.64789 1.73374 2.99755 1.65294 1.60733 1.86262 1.66041 1.96564 1.58992 1.58974 1.58584 2.97067
threshold=1.0000000180025095e-35 68.412689000051472 64.548633676675948 65.500000000000014 53.200842819941009 151.50000000000003 124.74909930445283 273.4060019381904 37.500000000000007 442.30000000000001 -0.99273952934267318 109.50000000000001 20.904609971821049 21.850000000000005 -0.47871610739127701 11.350000000000003 21.900215453740028 60.500000000000007 -0.86955717898714324 32.611937711068613 290.50000000000006 -0.9574497222574998 41.553946077206227 0.58987827514814029 0.56546986341837824 0.42408226221079698 17.065732872120929 56.524021905538639 37.500000000000007 0.070415698109857941
decision_type=2 2 2 2 2 2 2 2 2 2 2 2 2 2 2 2 2 2 2 2 2 2 2 2 2 2 2 2 2 2
left_child=-1 2 6 4 -4 -3 15 8 10 12 11 -8 -10 -14 -9 -2 -6 27 21 20 -20 -15 24 -24 25 28 -19 -17 29 -12
right_child=1 5 3 -5 16 -7 7 14 9 -11 22 -13 13 18 -16 17 -18 26 19 -21 -22 -23 23 -25 -26 -27 -28 -29 -30 -31
leaf_value=-0.0016994986436477913 0.00040361516129207021 0.068814726375126867 0.013233707652311112 0.0010121654049640939 0.04653771287864146 0.27928380635066147 0.0023768215107797808 -0.0038262551218440858 0.0070234760441360679 -0.012297713176517889 -0.012487517445577823 -0.02160088030344838 -0.017398192198063711 0.0065498839001421061 -0.00012546663431180354 -0.00043414837904630636 0.10917011537898276 -0.0021690748002334836 0.0018393173903081816 0.011435020334557323 -0.017223044133000621 -0.0080446257863062698 0.046861498263422167 0.022238985110350031 -0.0068650600426884978 0.063447607338220996 -0.021480411214815833 0.011960443906737339 0.010037917300533555 0.0044090005754345634
leaf_weight=3345 80 26 54 53 169 618 20 82 55 76 20 32 22 28 390 704 62 193 81 138 32 23 31 232 44 27 97 87 71 135
leaf_count=3345 80 26 54 53 169 618 20 82 55 76 20 32 22 28 390 704 62 193 81 138 32 23 31 232 44 27 97 87 71 135
internal_value=-0.00918244 0.0051874 0.00153061 0.0130178 0.0153509 0.0224379 9.25926e-05 0.00134828 0.00283505 0.000164835 0.00482026 -0.00576923 0.00217678 0.000617284 -0.00201271 -0.00157192 0.0178571 -0.00210453 0.00182119 0.00348606 -0.00110619 -0.00637255 0.00580357 0.00865019 0.00328283 0.0048419 -0.00534483 -0.000916561 0.00331858 0.000483871
internal_weight=7027 3682 3038 338 285 644 2700 1539 1067 455 612 52 379 324 472 1161 231 1081 302 251 113 51 560 263 297 253 290 791 226 155
internal_count=7027 3682 3038 338 285 644 2700 1539 1067 455 612 52 379 324 472 1161 231 1081 302 251 113 51 560 263 297 253 290 791 226 155
is_linear=0
shrinkage=0.05


Tree=69
num_leaves=31
num_cat=0
split_feature=18 18 14 1 18 18 10 10 17 6 6 2 18 14 13 18 0 2 14 18 10 18 3 4 13 3 11 11 0 18
split_gain=632.576 88.9483 18.4315 4.53296 3.85003 2.62851 2.52916 2.49902 2.60283 2.94522 2.17882 3.15818 2.75187 1.92789 1.8041 1.71254 2.113 3.88341 2.07471 1.89097 1.69173 1.56789 1.56064 1.50669 1.48048 1.48542 1.39657 2.91957 2.07346 2.45183
threshold=1.0000000180025095e-35 68.579638533343214 64.548633676675948 503.30000000000001 72.46854156041698 56.356832226219304 -0.8520459593969173 -0.34155811708470757 29.540847399660837 1.0000000180025095e-35 32.500000000000007 311.50000000000006 66.558203935670903 57.558211527948693 0.015364257049990013 2.0138292979816659 112.50000000000001 80.500000000000014 9.1333237737604644 8.3957515510129301 -0.58427653070765284 64.663986163741143 36.750000000000007 28.350000000000005 0.74970265243924017 32.95000000000001 39.485989132386152 59.824572479700599 442.50000000000006 50.779402747586907
decision_type=2 2 2 2 2 2 2 2 2 2 2 2 2 2 2 2 2 2 2 2 2 2 2 2 2 2 2 2 2 2
left_child=-1 2 10 6 7 -5 -4 -3 9 -9 11 13 14 21 -12 20 17 18 -17 -18 -16 24 -15 26 -2 -26 -21 -28 -29 -30
right_child=1 4 3 5 -6 -7 -8 8 -10 -11 12 -13 -14 22 15 16 19 -19 -20 23 -22 -23 -24 -25 25 -27 27 28 29 -31
leaf_value=-0.0016145237114654019 8.5132082028382971e-05 0.11553406877665894 0.043089943133504963 0.015500202053075895 0.40516100759654422 0.075545478556742651 -0.003878684746475969 -0.026228013007468933 0.15211837680971066 0.059018977478312355 0.00029926457190582737 0.023182813394433666 -0.03152322619714916 0.046341488206473616 -0.0052304459238528113 -0.00094800743020467815 -0.011998571498228651 0.0091505788168573694 0.0011800503173350352 -0.00011078223850065073 0.0002298707348509066 0.028972655085248891 0.0033297437150920928 0.016599114663488467 -0.010802722138594945 -0.00044746873730865393 -0.010423879165061489 -0.014197055609737675 0.045412580027514166 0.0014288784345861671
leaf_weight=3345 1283 80 35 73 434 179 58 22 38 56 36 84 20 43 36 106 20 23 60 343 21 35 71 31 30 85 232 31 20 97
leaf_count=3345 1283 80 35 73 434 179 58 22 38 56 36 84 20 43 36 106 20 23 60 343 21 35 71 31 30 85 232 31 20 97
internal_value=-0.00926071 0.00503802 0.00150721 0.0123913 0.0221429 0.015873 0.00295699 0.0163265 0.0116379 0.00641026 0.000120059 0.00127223 -0.00162639 0.000759535 -0.00127841 -0.00166667 -0.00116822 0.00357143 0.000903614 -0.00232558 -0.0100877 0.000261689 0.00701754 -0.00192308 0 -0.00543478 -0.00238589 -0.00447368 0.00101351 0.00405983
internal_weight=7027 3682 3052 345 630 252 93 196 116 78 2707 1631 1076 1547 1056 1020 963 189 166 774 57 1433 114 754 1398 115 723 380 148 117
internal_count=7027 3682 3052 345 630 252 93 196 116 78 2707 1631 1076 1547 1056 1020 963 189 166 774 57 1433 114 754 1398 115 723 380 148 117
is_linear=0
shrinkage=0.05


Tree=70
num_leaves=31
num_cat=0
split_feature=18 18 14 0 6 18 1 10 9 17 6 11 16 17 12 10 10 12 9 13 1 3 4 12 12 14 9 14 6 13
split_gain=627.439 86.5874 17.7231 3.96851 5.34896 3.23385 3.22466 2.77135 2.28546 2.15973 2.53623 2.11902 2.08085 2.45906 1.89562 4.77479 4.50234 3.69178 2.53835 2.40179 4.90845 2.76426 1.8082 2.08548 1.77697 2.0269 1.74997 1.7246 1.6956 2.57459
threshold=1.0000000180025095e-35 69.189314489942134 67.68844875805614 695.50000000000011 47.500000000000007 72.46854156041698 506.60000000000008 -0.34155811708470757 -0.99939814596352028 29.540847399660837 1.0000000180025095e-35 67.284130123786298 23.508331148435122 32.849889944089107 203.19880857529418 0.99164058729498161 0.89771014032557062 240.08098772759664 -0.90698021620945013 0.25059415945489755 200.60000000000002 26.450000000000003 12.950000000000001 155.36504239855961 242.42462652117129 54.115995644160165 0.12447811117596704 17.325652384954012 91.500000000000014 0.33761941724385008
decision_type=2 2 2 2 2 2 2 2 2 2 2 2 2 2 2 2 2 2 2 2 2 2 2 2 2 2 2 2 2 2
left_child=-1 2 3 8 11 7 -4 -3 -2 10 -9 -5 14 -14 15 16 19 -16 -19 20 21 -10 23 -13 25 -6 -8 -15 -21 -30
right_child=1 5 6 4 24 -7 26 9 12 -11 -12 22 13 27 17 -17 -18 18 -20 28 -22 -23 -24 -25 -26 -27 -28 -29 29 -31
leaf_value=-0.0015337975258921319 -0.0066897991632107086 0.1194090548672449 0.015843195294959502 0.042233785700674181 0.0013866817230319128 0.38490295721671686 0.039688807234546888 -0.023344141510029462 -0.0030138229358213312 0.14969518602674334 0.059240492241197984 -0.0071481458972687765 0.0050689002891118667 -0.0020721145969643585 0.020727816163889037 -0.039893208284497716 0.0095036930456792856 0.0055435780303092043 -0.00030876770302769589 -0.0011735639712540547 0.03048120187057082 0.00010875979332869296 0.021453847173624398 0.0243422183173303 0.021687287711058191 -0.022870559440460528 0.077822834926598361 0.0064323606948789806 -0.022569700091756319 -0.014637692882941878
leaf_weight=3345 31 67 38 45 22 434 71 21 83 32 48 42 167 29 118 22 63 132 877 536 34 252 99 40 20 37 128 31 30 133
leaf_count=3345 31 67 38 45 22 434 71 21 83 32 48 42 167 29 118 22 63 132 877 536 34 252 99 40 20 37 128 31 30 133
internal_value=-0.00932475 0.00491581 0.00152597 0.000430883 0.00581967 0.0222591 0.0146624 0.016369 -0.000216706 0.0111386 0.00615942 0.00973451 -4.98604e-05 0.00451542 -0.000504386 -0.00192975 -0.00148099 0.00095386 -2.4777e-05 -0.00224719 0.00101626 -0.000820896 0.00732044 0.00182927 -0.00537975 -0.00974576 0.0172111 -0.00416667 -0.00396996 -0.00843558
internal_weight=7027 3682 3080 2843 305 602 237 168 2538 101 69 226 2507 227 2280 1153 1131 1127 1009 1068 369 335 181 82 79 59 199 60 699 163
internal_count=7027 3682 3080 2843 305 602 237 168 2538 101 69 226 2507 227 2280 1153 1131 1127 1009 1068 369 335 181 82 79 59 199 60 699 163
is_linear=0
shrinkage=0.05


Tree=71
num_leaves=31
num_cat=0
split_feature=18 18 14 0 6 12 6 5 18 9 4 16 0 1 13 10 5 10 4 9 5 13 11 11 14 3 4 13 15 15
split_gain=622.89 83.2295 18.7303 4.08337 3.51609 3.23898 2.64591 2.927 2.61425 2.45937 2.23209 1.92087 2.81948 2.37896 2.82811 1.73571 1.72919 1.92337 2.21165 4.4769 3.14809 1.73123 1.70535 1.97088 1.67046 1.61118 1.50701 1.43389 1.41551 1.40192
threshold=1.0000000180025095e-35 69.793192306935694 67.529407829454598 740.50000000000011 27.500000000000004 240.08098772759664 92.500000000000014 35.500000000000007 74.035198604391965 0.77214943412548942 2.5500000000000003 23.508331148435122 73.500000000000014 227.40000000000001 0.42408226221079698 -0.34155811708470757 91.500000000000014 0.88999460902669758 13.450000000000001 0.12447811117596704 47.500000000000007 0.95059816789718365 54.689586713636793 35.259535005345832 71.285307961374045 45.650000000000013 13.65 0.92759738247248336 50.130243763031487 62.387190978455706
decision_type=2 2 2 2 2 2 2 2 2 2 2 2 2 2 2 2 2 2 2 2 2 2 2 2 2 2 2 2 2 2
left_child=-1 2 3 10 24 6 7 -5 15 -6 -2 16 -13 -14 -15 -3 17 21 19 -19 -21 25 23 -17 26 -12 -4 -24 -23 -9
right_child=1 8 4 5 9 -7 -8 29 -10 -11 11 12 13 14 -16 22 -18 18 -20 20 -22 28 27 -25 -26 -27 -28 -29 -30 -31
leaf_value=-0.0014571076495975253 -0.0059939319687174475 0.12573582590284574 0.026047413296580224 6.9274757197490541e-05 -0.0075321791765297526 0.041093185861078935 -0.029527394678809316 0.024442113291480896 0.41409149465861506 0.037354498662163137 -0.00030245128726171802 -0.00031414156973934016 0.0073538660726284013 -0.0023541524769175484 0.017679965503671725 0.12034701397347228 -0.0036815271500578064 -0.057305263040813341 0.039124563569357312 -0.0054518596354616207 0.033857439049817993 0.00034584203918601735 -0.0059897413723316367 0.12286737111896998 0.092090815244057475 0.018265396315348247 0.065291769802740526 0.077688601592208792 0.033263215886515242 0.024991294838503819
leaf_weight=3345 49 70 54 92 33 54 21 20 364 29 2107 38 41 69 74 20 20 22 28 54 52 24 22 69 103 26 41 29 25 32
leaf_count=3345 49 70 54 92 33 54 21 20 364 29 2107 38 41 69 74 20 20 22 28 54 52 24 22 69 103 26 41 29 25 32
internal_value=-0.00938167 0.00480717 0.00157658 0.000403792 0.0144231 0.00696347 0.00348485 0.00590278 0.0222997 0.00403226 -0.00014264 5.81395e-05 0.0045045 0.00706522 0.00402098 0.0178571 -0.000360475 -0.000235244 0.00512821 0.00234375 0.00660377 -0.000618698 0.0146429 0.0188202 0.0176768 -0.000832161 0.0128947 0.00735294 0.00867347 0.0153846
internal_weight=7027 3682 3108 2848 260 219 165 144 574 62 2629 2580 222 184 143 210 2358 2338 156 128 106 2182 140 89 198 2133 95 51 49 52
internal_count=7027 3682 3108 2848 260 219 165 144 574 62 2629 2580 222 184 143 210 2358 2338 156 128 106 2182 140 89 198 2133 95 51 49 52
is_linear=0
shrinkage=0.05


Tree=72
num_leaves=31
num_cat=0
split_feature=18 18 14 0 12 6 6 5 10 9 14 6 12 10 10 13 13 0 18 0 10 13 1 13 12 3 6 15 9 6
split_gain=617.227 81.2184 17.8996 3.88892 3.37962 3.26061 3.0861 2.8635 2.85252 2.45937 2.00253 2.76721 1.66421 5.20732 3.12614 3.44522 4.93852 3.11008 5.90647 3.68704 2.84917 2.57818 2.90136 2.34164 1.95451 1.81586 1.98378 1.96358 1.88192 1.81281
threshold=1.0000000180025095e-35 69.793192306935694 67.529407829454598 740.50000000000011 240.08098772759664 27.500000000000004 70.500000000000014 35.500000000000007 0.99164058729498161 0.77214943412548942 58.89713035714562 52.500000000000007 203.19880857529418 0.99164058729498161 0.99164058729498161 0.039843197902477499 0.028901772731160725 108.50000000000001 8.0413689877169379 85.500000000000014 0.96457844552971317 0.022816176579953298 12.550000000000002 0.051787452841669718 237.6535967907231 32.850000000000001 78.500000000000014 56.524021905538639 0.74981945761428193 7.5000000000000009
decision_type=2 2 2 2 2 2 2 2 2 2 2 2 2 2 2 2 2 2 2 2 2 2 2 2 2 2 2 2 2 2
left_child=-1 2 3 12 6 -4 7 -5 10 -7 11 -3 13 20 15 16 21 19 -19 23 25 22 -14 -17 -20 -2 27 28 -27 -26
right_child=1 8 5 4 -6 9 -8 -9 -10 -11 -12 -13 14 -15 -16 17 -18 18 24 -21 -22 -23 -24 -25 29 26 -28 -29 -30 -31
leaf_value=-0.0013842522671176491 -3.8027656290412322e-05 0.10372184568481657 0.063565361276489443 8.797868848944291e-05 0.039038526568024957 -0.0071555702177032998 -0.020250661734496946 0.025201765230379893 0.073404197709510302 0.035486773729055086 0.33765953345107463 0.0028032197699435104 0.00022997258316436592 -0.040428298728896063 0.12021377374059412 0.00054125754661460412 -0.015827556826554123 -0.012267018311536138 0.014032584214341882 0.014701589139651184 0.021118607223755605 0.0036802843767720587 -0.00079978413287550118 -0.00063816081034351324 0.0055596729459885808 -0.0014085146132675642 -0.023566605433002687 0.0054824648282323814 -0.023642621728794212 -0.00076611951263858566
leaf_weight=3345 964 98 198 91 54 33 25 49 26 29 430 20 30 23 21 59 41 39 97 43 26 23 27 89 269 200 72 51 29 526
leaf_count=3345 964 98 198 91 54 33 25 49 26 29 430 20 30 23 21 59 41 39 97 43 26 23 27 89 269 200 72 51 29 526
internal_value=-0.00945282 0.00467137 0.00148005 0.000333567 0.00673516 0.0140385 0.00318182 0.00607143 0.0219512 0.00403226 0.022719 0.0169492 -0.000199696 -0.00141026 0.00110759 0.000784393 -0.0072314 0.00164884 0.000456498 0.00746073 -0.00100596 0 -0.00570175 0.00371622 0.00128924 -0.00132979 -0.00440341 -0.0025 -0.00447598 0.000471698
internal_weight=7027 3682 3108 2848 219 260 165 140 574 62 548 118 2629 1365 1264 1243 121 1122 931 191 1342 80 57 148 892 1316 352 280 229 795
internal_count=7027 3682 3108 2848 219 260 165 140 574 62 548 118 2629 1365 1264 1243 121 1122 931 191 1342 80 57 148 892 1316 352 280 229 795
is_linear=0
shrinkage=0.05


Tree=73
num_leaves=31
num_cat=0
split_feature=2 18 14 6 18 1 5 18 12 18 9 12 15 4 0 12 12 2 9 13 13 12 2 6 13 13 18 18 18 18
split_gain=616.319 78.5299 16.7185 6.76132 4.38508 3.76614 2.89343 2.57234 2.52448 2.23198 1.61538 1.99451 1.58469 1.55648 1.41542 2.31827 2.27672 1.98563 3.5811 3.07472 4.08242 3.86627 2.25664 3.3814 2.15391 7.86257 2.2353 6.50002 2.33535 2.04033
threshold=6.5000000000000009 70.433985130047475 60.203705761359963 7.5000000000000009 54.535362853371247 521.45000000000016 91.500000000000014 74.035198604391965 211.62569299982644 57.062578693457823 -0.98801351631316325 141.97087961128125 49.472362669051698 15.350000000000003 628.50000000000011 147.7585125690716 137.93070257448517 144.50000000000003 -0.99273952934267318 0.45344053242733812 0.56546986341837824 248.08230922771557 346.00000000000006 60.500000000000007 0.039843197902477499 0.028901772731160725 4.3732017446696894 5.000550070574433 3.7649290988009247 6.3425238804615178
decision_type=2 2 2 2 2 2 2 2 2 2 2 2 2 2 2 2 2 2 2 2 2 2 2 2 2 2 2 2 2 2
left_child=-1 2 6 4 12 8 14 10 -5 -7 -3 -12 -4 -14 17 16 -16 24 -19 -20 21 -21 23 -22 25 -2 28 -28 -26 -29
right_child=1 7 3 5 -6 9 -8 -9 -10 -11 11 -13 13 -15 15 -17 -18 18 19 20 22 -23 -24 -25 26 -27 27 29 -30 -31
leaf_value=-0.0013150396537617666 8.2268537460740768e-05 0.0088679779900811447 0.032377777619769614 -0.012497892989070182 0.070502165947904413 0.00190353540631385 -0.002931701182305724 0.37797355537471233 0.0058830659012699023 0.0437607209687636 0.032355963384591034 0.1113076336150801 -0.010208693759859777 0.021999356924781568 0.0025059784283858024 0.027848318012997454 -0.03020879498498772 -0.022539216994103484 -0.0047641894613070336 0.0020369895688574502 1.3625041753329016e-05 0.038194450661192828 0.027160928109073626 -0.018845406415313449 0.00026013400206592596 -0.014511296093466186 -0.015652798227212595 0.0042467629325930291 0.012209638581898597 0.00041062835573413281
leaf_weight=3349 181 26 34 35 170 37 22 364 157 92 28 128 30 24 187 72 23 41 324 181 261 54 29 159 132 56 27 85 30 689
leaf_count=3349 181 26 34 35 170 37 22 364 157 92 28 128 30 24 187 72 23 41 324 181 261 54 29 159 132 56 27 85 30 689
internal_value=-0.00946706 0.00466286 0.00161239 0.00928325 0.0153101 0.00443925 -0.000127301 0.0221612 0 0.0110465 0.0173077 0.0192308 0.00625 0.000925926 2.96326e-05 0.00336879 0.000714286 -0.000389062 -0.00197807 -0.00138889 0.000511696 0.00585106 -0.00228285 -0.00321429 0.001 -0.00327004 0.00205088 0.000967541 0.00740741 0.00180879
internal_weight=7027 3678 3132 579 258 321 2553 546 192 129 182 156 88 54 2531 282 210 2249 1049 1008 684 235 449 420 1200 237 963 801 162 774
internal_count=7027 3678 3132 579 258 321 2553 546 192 129 182 156 88 54 2531 282 210 2249 1049 1008 684 235 449 420 1200 237 963 801 162 774
is_linear=0
shrinkage=0.05


Tree=74
num_leaves=31
num_cat=0
split_feature=2 18 14 0 12 18 6 5 6 5 18 14 6 12 14 1 9 12 4 16 1 6 9 0 6 5 4 1 13 13
split_gain=608.994 74.4177 17.1718 4.11392 3.27018 3.08059 3.07514 2.87877 2.63141 3.11885 2.09801 2.09143 2.21842 1.70118 1.65517 1.63209 2.25145 2.37936 2.02215 2.26682 1.88981 1.90562 2.92937 1.78304 2.56465 2.15111 1.51392 1.50384 3.8387 4.34894
threshold=6.5000000000000009 70.433985130047475 67.529407829454598 740.50000000000011 240.08098772759664 74.035198604391965 65.500000000000014 91.500000000000014 92.500000000000014 35.500000000000007 65.541880923019093 59.198403367782696 28.500000000000004 253.16902249952926 73.523255476990641 503.30000000000001 -0.99273952934267318 109.12481569082722 15.850000000000003 20.572933230414282 446.00000000000006 44.500000000000007 -0.99273952934267318 628.50000000000011 88.500000000000014 43.500000000000007 10.550000000000002 11.350000000000003 0.039843197902477499 0.028901772731160725
decision_type=2 2 2 2 2 2 2 2 2 2 2 2 2 2 2 2 2 2 2 2 2 2 2 2 2 2 2 2 2 2
left_child=-1 2 3 7 8 11 10 15 9 -5 13 12 -3 14 -4 20 -17 -18 19 26 23 22 -22 27 -25 -26 -19 -2 29 -29
right_child=1 5 6 4 -6 -7 -8 -9 -10 -11 -12 -13 -14 -15 -16 16 17 18 -20 -21 21 -23 -24 24 25 -27 -28 28 -30 -31
leaf_value=-0.0012492876710736784 0.00035075630679317488 0.068598953884805178 0.019902600354869196 0.0051610669598279209 0.03517696944339406 0.35907487760597689 0.012145458482896387 -0.0027851161231904568 -0.027163790779563615 0.022425521846479769 0.089792340341125515 0.12451019991195551 -0.0044621712561763614 0.07157228498564816 0.073005580774776035 -0.018735040041467244 -0.0087431803492661331 -0.019722726296245698 0.031476657553584177 0.013926712924733487 -0.029770644363437883 -0.020653223245076902 -0.00017572724550660724 0.031720259145663302 -0.025350404211227941 0.0068928738518355464 0.010616189185004288 -0.00020047647617336129 -1.2909850253151056e-05 -0.014468664024435612
leaf_weight=3349 138 48 87 98 54 364 39 22 21 53 85 111 23 28 29 25 24 44 47 150 21 45 186 62 20 25 20 95 1666 48
leaf_count=3349 138 48 87 98 54 364 39 22 21 53 85 111 23 28 29 25 24 44 47 150 21 45 186 62 20 25 20 95 1666 48
internal_value=-0.00955956 0.00448613 0.0015166 0.000384078 0.00685841 0.0215201 0.0136194 -0.000170584 0.00348837 0.0057947 0.0158297 0.0162088 0.00950704 0.0121528 0.00948276 -1.91131e-05 0.0033871 0.00464912 0.00603448 0.00397196 -0.000477016 -0.00456349 -0.00253623 2.43427e-05 0.00630841 -0.00277778 -0.00390625 -0.000321007 -0.000704809 -0.00856643
internal_weight=7027 3678 3132 2864 226 546 268 2638 172 151 229 182 71 144 116 2616 310 285 261 214 2306 252 207 2054 107 45 64 1947 1809 143
internal_count=7027 3678 3132 2864 226 546 268 2638 172 151 229 182 71 144 116 2616 310 285 261 214 2306 252 207 2054 107 45 64 1947 1809 143
is_linear=0
shrinkage=0.05


Tree=75
num_leaves=31
num_cat=0
split_feature=2 18 14 6 9 4 18 1 10 12 5 18 12 6 18 1 13 13 4 11 10 3 1 11 17 9 2 6 12 0
split_gain=603.948 72.3015 15.6205 6.42978 4.58243 5.47348 4.3723 3.67992 2.55457 2.41736 2.17802 2.06827 2.01127 2.5 1.5928 1.2639 3.73999 3.8721 2.93348 2.67254 2.37754 2.99495 2.10997 2.29973 1.91432 1.90451 1.75943 1.65123 3.39461 1.63588
threshold=6.5000000000000009 70.433985130047475 60.203705761359963 7.5000000000000009 -0.99273952934267318 14.450000000000001 54.535362853371247 521.45000000000016 0.99370977118463066 211.62569299982644 91.500000000000014 57.062578693457823 140.10259244728383 9.5000000000000018 46.888193249632643 11.350000000000003 0.039843197902477499 0.028901772731160725 8.9500000000000011 7.2105124014547171 0.99164058729498161 11.15 508.80000000000001 29.785044068163554 21.67340197924333 -0.97873101657557326 312.50000000000006 88.500000000000014 147.7585125690716 38.500000000000007
decision_type=2 2 2 2 2 2 2 2 2 2 2 2 2 2 2 2 2 2 2 2 2 2 2 2 2 2 2 2 2 2
left_child=-1 2 10 6 5 -3 14 9 12 -5 15 -9 13 -6 -4 24 17 18 -17 -18 21 -21 26 -24 29 -25 -23 -28 -29 -2
right_child=1 4 3 7 8 -7 -8 11 -10 -11 -12 -13 -14 -15 -16 16 19 -19 -20 20 -22 22 23 25 -26 -27 27 28 -30 -31
leaf_value=-0.0011868232875199944 -0.0052939038352561143 -0.014087442113051197 0.024722669458629377 -0.012475559926492963 0.12522977991065432 0.17332625653279871 0.062798236074556257 0.0011120229897613853 0.036205502637402985 0.0041739713111304871 -0.0026458603170309348 0.040880039784936706 0.27801135436776792 -0.0026990903856322747 0.0038738450796561353 0.0011887673481257241 0.00064952976148386916 -0.013745230823213828 -0.0003120261772809052 0.046376028054942613 -0.052438470877602054 -0.00061795766197283444 0.036556146193952803 -0.012940904783685881 0.00037828880316258549 0.010019689724629188 0.010727019879297119 -0.031338080933584325 0.019632072037097714 0.0037080743708357345
leaf_weight=3349 22 24 24 35 20 20 170 37 20 157 22 92 442 20 64 22 163 48 73 28 26 1657 24 29 92 179 62 35 48 23
leaf_count=3349 22 24 24 35 20 20 170 37 20 157 22 92 442 20 64 22 163 48 73 28 26 1657 24 29 92 179 62 35 48 23
internal_value=-0.00962359 0.00436378 0.00143678 0.00885147 0.0211538 0.00568182 0.0147287 0.00412773 0.02251 -0.000260417 -0.00024481 0.0106589 0.0232365 0.0125 0.00568182 -0.000108653 -0.00037594 -0.00821678 -0.00236842 0.000122168 -0.000359195 -0.000169738 -0.000393314 0.00409483 0.00456204 0.00240385 -0.000971143 0.00431034 -0.000301205 -0.00388889
internal_weight=7027 3678 3132 579 546 44 258 321 502 192 2553 129 482 40 88 2531 2394 143 95 2251 2088 2062 2034 232 137 208 1802 145 83 45
internal_count=7027 3678 3132 579 546 44 258 321 502 192 2553 129 482 40 88 2531 2394 143 95 2251 2088 2062 2034 232 137 208 1802 145 83 45
is_linear=0
shrinkage=0.05


Tree=76
num_leaves=31
num_cat=0
split_feature=2 18 14 18 6 9 0 0 4 11 14 12 6 11 1 5 13 6 4 1 2 1 15 2 15 11 12 5 3 5
split_gain=596.696 68.7224 11.5758 6.7528 3.37128 3.77776 2.7492 2.66457 3.56534 2.88477 2.44733 2.85522 2.39335 2.73025 1.73255 1.56034 1.46345 1.60736 2.14582 2.8717 2.53676 2.11405 2.57124 2.04811 2.71662 1.82556 1.56263 1.89046 1.79555 1.61541
threshold=6.5000000000000009 68.412689000051472 67.529407829454598 74.464290164946064 90.500000000000014 -0.99273952934267318 568.50000000000011 684.50000000000011 14.15 69.711898203935974 73.523255476990641 253.16902249952926 81.500000000000014 67.284130123786298 462.40000000000003 91.500000000000014 0.9642828667258454 7.5000000000000009 13.65 11.350000000000003 27.500000000000004 33.350000000000001 5.6978966220976872 318.50000000000006 63.962514483605197 -1.198049777575469 134.34903016963145 16.500000000000004 33.45000000000001 23.500000000000004
decision_type=2 2 2 2 2 2 2 2 2 2 2 2 2 2 2 2 2 2 2 2 2 2 2 2 2 2 2 2 2 2
left_child=-1 2 7 4 5 -3 -7 15 12 -10 11 -4 13 -9 -15 16 17 25 23 -20 -21 22 -22 24 -19 -2 28 -28 -27 -29
right_child=1 3 10 -5 -6 6 -8 8 9 -11 -12 -13 -14 14 -16 -17 -18 18 19 20 21 -23 -24 -25 -26 26 27 29 -30 -31
leaf_value=-0.0011274821231439947 -0.00046177491873642968 -0.0027275333328709906 0.018809329826159883 0.33417952749410634 -0.0057305595936071544 0.040542988448777351 0.080042591235999799 0.034801054561416578 0.029098037456943615 0.0072095291697785065 0.072988824368419011 0.057489317894397374 -0.019279559982371811 0.027135138382027437 -0.0059493956924423948 -0.0025135673011793761 0.013734302706546943 5.314947351848787e-05 0.00058243089760761442 -0.0077060877646473293 0.0023958899470706953 -0.0029580481029200193 -0.00893511728847729 0.023451409383226721 -0.03115890135367181 0.00021193068206874725 -0.00010707372613110167 0.013386135617041717 -0.0057639314913583211 0.0045846859117326449
leaf_weight=3349 34 25 132 350 37 30 202 34 50 93 72 27 35 25 60 22 26 693 50 27 20 550 26 27 21 458 169 62 147 174
leaf_count=3349 34 25 132 350 37 30 202 34 50 93 72 27 35 25 60 22 26 693 50 27 20 550 26 27 21 458 169 62 147 174
internal_value=-0.0097161 0.00418706 0.00103823 0.0190217 0.0134354 0.0154669 0.0174569 0.000151623 0.00462963 0.0103147 0.0117965 0.00833333 -0.000649351 0.00273109 -0.00205882 -0.00037909 -0.000261675 -0.000386493 -0.00148515 -0.00352897 -0.00445425 -0.00377517 0.00652174 0.00037112 -0.000140056 0.00110153 0.00148515 0.00388889 -0.000123967 0.00677966
internal_weight=7027 3678 3034 644 294 257 232 2803 297 143 231 159 154 119 85 2506 2484 2458 1414 673 623 596 46 741 714 1044 1010 405 605 236
internal_count=7027 3678 3034 644 294 257 232 2803 297 143 231 159 154 119 85 2506 2484 2458 1414 673 623 596 46 741 714 1044 1010 405 605 236
is_linear=0
shrinkage=0.05


Tree=77
num_leaves=31
num_cat=0
split_feature=2 18 14 18 9 0 12 14 6 6 5 9 14 12 16 13 0 15 7 16 12 18 0 5 10 4 9 11 6 0
split_gain=592.255 64.9969 11.5179 6.01864 4.5942 4.1154 4.75988 3.43633 3.82382 2.76801 3.42474 1.98354 1.92493 2.26528 1.7412 1.93575 2.41206 1.88641 1.96269 1.99882 1.8087 1.69278 1.48585 1.45723 1.43675 2.01662 4.38439 2.37703 2.56042 1.64585
threshold=6.5000000000000009 69.189314489942134 69.467678688898005 76.140408329375774 -0.99273952934267318 684.50000000000011 240.08098772759664 62.197050802787551 25.500000000000004 29.500000000000004 33.500000000000007 0.19244979981841034 73.523255476990641 239.22686290751017 23.508331148435122 0.015364257049990013 13.500000000000002 39.993756213632864 -0.98296291314453399 23.760951161420284 256.72996899572246 70.433985130047475 711.50000000000011 91.500000000000014 0.88999460902669758 13.050000000000002 0.14153898451656996 18.625284776990629 55.500000000000007 31.500000000000004
decision_type=2 2 2 2 2 2 2 2 2 2 2 2 2 2 2 2 2 2 2 2 2 2 2 2 2 2 2 2 2 2
left_child=-1 2 5 4 -3 14 9 8 21 10 -7 -8 13 -4 15 -2 -17 18 -16 -20 -21 -6 -11 24 29 26 -26 -28 -29 -18
right_child=1 3 12 -5 7 6 11 -9 -10 22 -12 -13 -14 -15 17 16 23 -19 19 20 -22 -23 -24 -25 25 -27 27 28 -30 -31
leaf_value=-0.0010711080169867949 0.00026706243654994744 -0.0027726758950539221 0.012748963699428373 0.38626804410035831 0.025208320999129088 -0.0025092729730658903 0.022660893708684429 0.10881965543589517 -0.0093705246002045335 0.0048382169131322428 0.017089848108717477 0.034669746779715287 0.074500772323786893 0.039974123067993264 0.0048738031676169857 -0.0024619807714834686 -0.0017261298265787096 0.023591262544518977 0.0083712225380853777 -0.00023119758341873242 -0.0016093208192947018 0.081022584620905044 -0.016320736645858959 -0.002387888936120386 -0.049827143867825545 0.065288592183688016 -0.0035172847082622586 0.054122425492047557 0.00084175059062578943 -0.00034102840268090961
leaf_weight=3349 71 34 61 280 20 87 39 178 29 21 82 62 79 38 34 21 118 62 25 85 21 61 64 22 20 25 42 35 26 1936
leaf_count=3349 71 34 61 280 20 87 39 178 29 21 82 62 79 38 34 21 118 62 25 85 21 61 64 22 20 25 42 35 26 1936
internal_value=-0.00977302 0.0040783 0.00113784 0.019103 0.014441 0.000379572 0.00542254 0.0164931 0.00954545 0.00177165 0.00547337 0.014604 0.0134831 0.00883838 -0.00032442 -0.000734024 -0.000991091 0.00385463 0.00106061 -0.00171756 -0.00471698 0.0151235 -0.00558824 -0.000831835 -0.000703906 0.00405405 0.00142276 0.00558252 0.0118852 -0.00104674
internal_weight=7027 3678 3076 602 322 2898 355 288 110 254 169 101 178 99 2543 2316 2245 227 165 131 106 81 85 2224 2202 148 123 103 61 2054
internal_count=7027 3678 3076 602 322 2898 355 288 110 254 169 101 178 99 2543 2316 2245 227 165 131 106 81 85 2224 2202 148 123 103 61 2054
is_linear=0
shrinkage=0.05


Tree=78
num_leaves=31
num_cat=0
split_feature=2 18 14 10 18 9 6 14 6 12 0 4 14 4 15 12 18 13 0 0 18 9 18 13 18 18 0 0 18 6
split_gain=590.041 61.9119 10.5808 6.14767 5.42744 5.06437 4.09794 3.56457 2.85749 2.71692 2.68653 2.15401 2.10033 2.27197 1.87449 1.94379 2.90283 4.07679 2.21372 4.02349 3.41633 2.80642 2.70601 4.35145 3.23249 4.3805 4.11653 4.04236 3.25439 2.60453
threshold=6.5000000000000009 69.189314489942134 67.529407829454598 0.99164058729498161 76.140408329375774 -0.99273952934267318 25.500000000000004 62.197050802787551 27.500000000000004 227.24025154902557 791.50000000000011 32.150000000000013 73.523255476990641 13.350000000000003 67.192383518535209 124.74909930445283 1.8469460409689256 0.028901772731160725 108.50000000000001 85.500000000000014 8.0413689877169379 -0.99273952934267318 30.59281575553609 0.56546986341837824 8.9875434930812759 9.7366163776564072 290.50000000000006 263.50000000000006 18.8915876476247 86.500000000000014
decision_type=2 2 2 2 2 2 2 2 2 2 2 2 2 2 2 2 2 2 2 2 2 2 2 2 2 2 2 2 2 2
left_child=-1 2 10 4 5 -3 -7 -8 12 -10 11 14 13 -4 15 -2 17 -17 19 -18 -20 -22 24 -24 -23 -26 27 28 -27 -25
right_child=1 3 8 -5 -6 6 7 -9 9 -11 -12 -13 -14 -15 -16 16 18 -19 20 -21 21 22 23 29 25 26 -28 -29 -30 -31
leaf_value=-0.0010175526161374552 -0.00041934690749138447 -0.0026340421003009599 0.015278158030331924 -0.019280372891144995 0.37617228563313321 0.10579533631711301 -0.0089019983701945204 0.040696714965678643 -0.010495437418051168 0.022386275435544969 0.010595867259581837 0.0200436478942029 0.075884241500212113 0.044863783940731143 -0.010543084186356211 -4.4172486176852559e-06 0.00028396060768350886 -0.016068250169980321 -0.011477701612854574 0.013073647518454391 -0.0084899394158355797 0.0088651783035580863 0.03442875738616618 0.007754205351205812 -0.022824518588153309 0.005174999277338355 -0.00681003325246703 0.031307996871383637 -0.005938488728612335 -0.0041302141535940256
leaf_weight=3349 1140 34 67 27 267 195 29 50 23 34 92 30 61 60 64 84 150 38 39 43 50 35 130 401 38 94 147 45 70 141
leaf_count=3349 1140 34 67 27 267 195 29 50 23 34 92 30 61 60 64 84 150 38 39 43 50 35 130 401 38 94 147 45 70 141
internal_value=-0.00980148 0.00402393 0.0011541 0.0186877 0.0197826 0.0152597 0.0175182 0.00791139 0.0111224 0.00131579 0.000291416 9.12742e-06 0.0140957 0.0104331 -0.000138427 6.61626e-05 0.00124585 -0.00614754 0.00189805 0.00686528 0.00109244 0.00158558 0.00211172 0.00409226 -0.000990676 -0.00228426 -0.000561798 0.00394737 0.000304878 0.00212177
internal_weight=7027 3678 3076 602 575 308 274 79 245 57 2831 2739 188 127 2709 2645 1505 122 1383 193 1190 1151 1101 672 429 394 356 209 164 542
internal_count=7027 3678 3076 602 575 308 274 79 245 57 2831 2739 188 127 2709 2645 1505 122 1383 193 1190 1151 1101 672 429 394 356 209 164 542
is_linear=0
shrinkage=0.05


Tree=79
num_leaves=31
num_cat=0
split_feature=2 18 1 18 7 9 10 18 14 6 12 2 4 8 6 14 3 18 18 4 2 9 1 13 4 13 18 18 13 13
split_gain=581.226 61.4546 11.2849 5.67619 4.84663 4.55954 3.63955 3.0571 2.95131 4.45814 2.34419 2.15911 3.53926 3.10924 3.00969 2.558 1.88282 1.78938 1.95562 1.76348 2.41943 1.72326 1.70019 2.6215 4.00915 2.28423 1.93417 6.053 2.96398 2.46615
threshold=6.5000000000000009 69.569615983355462 510.50000000000006 77.402859657611643 0.25881904510252091 -0.99273952934267318 0.98662138620987927 56.793568258124687 62.197050802787551 25.500000000000004 224.88757814396817 302.50000000000006 28.550000000000004 -0.78656609248549325 88.500000000000014 19.763052436788708 34.95000000000001 62.222568649603481 66.558203935670903 17.650000000000002 313.50000000000006 -0.97873101657557326 11.350000000000003 0.039843197902477499 8.9500000000000011 0.028901772731160725 4.3732017446696894 5.000550070574433 0.064541529083058172 0.070415698109857941
decision_type=2 2 2 2 2 2 2 2 2 2 2 2 2 2 2 2 2 2 2 2 2 2 2 2 2 2 2 2 2 2
left_child=-1 2 11 5 7 -3 8 -4 9 -7 -9 13 14 15 17 -2 -16 19 -19 20 -13 -6 -15 24 -24 -26 28 -28 -25 -29
right_child=1 3 4 -5 21 6 -8 10 -10 -11 -12 12 -14 22 16 -17 -18 18 -20 -21 -22 -23 23 26 25 -27 27 29 -30 -31
leaf_value=-0.00096667498533058247 0.0098314058721882709 -0.0023208207664595195 0.0091429479822235041 0.38882138161758989 -0.011564114579007878 0.056577231549329809 -0.041129478568250027 0.017487336331201676 0.11240050123300627 -0.0082552959935551229 0.053549703841126478 -0.0023628419790380664 0.03523812034112446 0.00030615596602991959 0.0058506106749437242 -0.0088736018342055797 -0.012392127970403878 -0.010002474038428133 0.030781415421735403 0.043906587055965222 0.024897799658464059 0.0059325335854900629 0.00057759166993058835 0.0001535786631731262 -0.00022384990107512936 -0.012239399855699397 -0.016699936935936768 -0.0049923365556624249 0.014108551267956938 2.930469178443751e-05
leaf_weight=3349 23 37 117 238 27 76 21 81 186 30 129 29 22 127 69 234 61 60 27 23 46 178 27 127 73 43 29 29 25 1484
leaf_count=3349 23 37 117 238 27 76 21 81 186 30 129 29 22 127 69 234 61 60 27 23 46 178 27 127 73 43 29 29 25 1484
internal_value=-0.00991533 0.00380642 0.000987055 0.0186224 0.00761278 0.0145714 0.0165335 0.0113914 0.0179795 0.0113208 0.015 -0.00039093 0.00333828 -0.000956776 0.00198413 -0.0061284 -0.00384615 0.00608108 0.000862069 0.0107143 0.007 0.00158537 -0.000280041 -0.000666848 -0.00716783 -0.0112069 -0.000118064 -0.000648508 0.00526316 -0.000214805
internal_weight=7027 3678 3090 588 532 350 313 327 292 106 210 2558 337 2221 315 257 130 185 87 98 75 205 1964 1837 143 116 1694 1542 152 1513
internal_count=7027 3678 3090 588 532 350 313 327 292 106 210 2558 337 2221 315 257 130 185 87 98 75 205 1964 1837 143 116 1694 1542 152 1513
is_linear=0
shrinkage=0.05


Tree=80
num_leaves=31
num_cat=0
split_feature=2 18 1 12 18 18 6 9 9 14 4 4 2 12 8 15 16 16 15 2 17 4 14 1 13 4 13 18 18 13
split_gain=575.204 57.1912 11.8314 5.93451 5.42949 3.57463 2.72752 3.12621 2.20024 3.08486 1.83366 1.80283 1.74054 3.0535 2.08588 1.95143 1.75353 1.72322 1.69794 2.38973 3.16316 2.01754 1.64137 1.55188 2.7702 4.05709 2.28423 1.98537 6.12839 2.67749
threshold=6.5000000000000009 70.433985130047475 510.50000000000006 175.45503636807521 74.035198604391965 56.793568258124687 90.500000000000014 -0.98801351631316325 0.12447811117596704 69.467678688898005 13.450000000000001 2.8500000000000001 302.50000000000006 227.24025154902557 -0.78656609248549325 55.252009209345935 18.164872097093063 21.921539966464639 66.993463912288505 219.50000000000003 29.496565652032704 8.7500000000000018 19.763052436788708 11.350000000000003 0.039843197902477499 8.9500000000000011 0.028901772731160725 4.3732017446696894 5.000550070574433 0.064541529083058172
decision_type=2 2 2 2 2 2 2 2 2 2 2 2 2 2 2 2 2 2 2 2 2 2 2 2 2 2 2 2 2 2
left_child=-1 2 11 18 6 -5 7 -3 9 -6 17 -2 14 15 22 -14 -17 -7 19 20 -4 -22 -13 -16 25 -25 -27 29 -29 -26
right_child=1 4 3 5 8 10 -8 -9 -10 -11 -12 12 13 -15 23 16 -18 -19 -20 -21 21 -23 -24 24 27 26 -28 28 -30 -31
leaf_value=-0.00091834123606405332 -0.004442712977942187 -0.00093887390956304273 -0.006610710620386229 0.0086858005831121684 0.02708423768584254 0.016922399408053224 -0.003229951224083294 0.077690692032693687 0.29809449252938619 0.16041260294449203 0.070775660753093203 0.0095505378024923551 -0.0050991244815783432 0.020291455535814153 0.00029608021220955131 0.050656784480982611 -0.00090360120710570875 0.060382024312288965 -0.008835877641299561 0.01314271083233436 0.027389939292147503 0.003689877141665221 -0.0080010782359162032 0.0005487120864340584 0.00016390844887932411 -0.00021265740602137152 -0.011627429862914429 -0.015864940089139922 -7.5888271276225444e-05 0.016311492729574186
leaf_weight=3349 52 26 71 117 31 85 24 132 287 46 79 21 39 139 124 26 128 48 27 70 30 46 227 25 125 73 43 29 1484 24
leaf_count=3349 52 26 71 117 31 85 24 132 287 46 79 21 39 139 124 26 128 48 27 70 30 46 227 25 125 73 43 29 1484 24
internal_value=-0.0099936 0.00365688 0.00105364 0.00754799 0.0185897 0.0119301 0.0115385 0.0139241 0.0221154 0.0146104 0.0158019 -0.000400547 -0.000209414 0.00316265 -0.000724138 -0.000906736 0.00162338 0.012218 0.00163934 0.0031106 -0.000510204 0.00657895 -0.00504032 -0.000168656 -0.000540765 -0.0072695 -0.0112069 3.00842e-05 -0.000512227 0.00553691
internal_weight=7027 3678 3132 573 546 329 182 158 364 77 212 2559 2507 332 2175 193 154 133 244 217 147 76 248 1927 1803 141 116 1662 1513 149
internal_count=7027 3678 3132 573 546 329 182 158 364 77 212 2559 2507 332 2175 193 154 133 244 217 147 76 248 1927 1803 141 116 1662 1513 149
is_linear=0
shrinkage=0.05


Tree=81
num_leaves=31
num_cat=0
split_feature=2 18 14 14 0 1 12 9 14 1 11 6 2 6 14 16 1 17 9 15 17 10 5 0 2 14 9 4 2 4
split_gain=573.022 55.6294 15.3636 4.79947 4.56762 3.40134 3.92866 2.84208 2.7951 1.85911 1.67054 1.66092 1.56677 1.55965 2.19198 1.82116 2.55635 1.75722 1.69691 2.09853 1.69305 2.13033 1.92316 2.10595 2.37854 1.91248 1.8006 1.54111 1.52274 1.50169
threshold=6.5000000000000009 73.023598307963354 61.864762210261127 75.235558279728778 684.50000000000011 510.50000000000006 240.08098772759664 0.12447811117596704 69.467678688898005 669.70000000000016 37.667460987063379 29.500000000000004 228.50000000000003 7.5000000000000009 50.303189625999103 19.092542169704419 1.0000000180025095e-35 31.27657349735799 -0.90698021620945013 60.67242346964273 23.837100266060062 -0.93533330245768853 74.500000000000014 131.50000000000003 55.500000000000007 24.592158406839726 0.41327478071396911 13.050000000000002 93.500000000000014 21.050000000000004
decision_type=2 2 2 2 2 2 2 2 2 2 2 2 2 2 2 2 2 2 2 2 2 2 2 2 2 2 2 2 2 2
left_child=-1 2 9 4 10 6 11 8 -3 13 -4 -6 -7 14 -2 18 -17 -16 -15 20 21 27 28 24 -24 -22 -27 -20 -23 -8
right_child=1 7 3 -5 5 12 29 -9 -10 -11 -12 -13 -14 15 17 16 -18 -19 19 -21 25 22 23 -25 -26 26 -28 -29 -30 -31
leaf_value=-0.00087242417426085066 4.2612499892769057e-05 0.025730025801550482 0.015865239947470754 0.07409408639707564 0.0049503178680055278 0.024482982240590447 0.013964215234005196 0.27076221464348577 0.15158432991145859 0.038087541866870828 -0.0028893378471749999 -0.015442647427596512 0.040339935948711061 -0.014999829270140097 0.013497662246349053 0.00050607155606525664 -0.001333612585404298 -0.0027738986508389907 -0.0011124145243934847 0.02021094083729871 0.0026427725967518969 -0.0071410985753477376 -0.0034045437870960926 -0.0070965509514725692 0.004566060223664392 0.0031103374484716898 -0.0080548011308184449 -0.0109808746769275 0.0062290376164069634 0.045105364859874444
leaf_weight=3349 955 43 107 89 29 23 37 310 53 20 113 25 149 21 147 30 916 22 89 53 53 22 26 66 23 28 20 53 128 28
leaf_count=3349 955 43 107 89 29 23 37 310 53 20 113 25 149 21 147 30 916 22 89 53 53 22 26 66 23 28 20 53 128 28
internal_value=-0.0100221 0.0036025 0.00143643 0.00866667 0.00680039 0.0109107 0.00441176 0.0210591 0.0135417 -0.000187126 0.00136364 -0.00555556 0.015407 -0.000301659 0.0011121 -0.00134162 -0.00269556 0.00636095 0.000859107 0.00138146 0.000393701 -0.00104423 0.00160377 -0.00326087 0.00459184 0.00618812 -0.00104167 -0.00598592 0.00533333 0.0126923
internal_weight=7027 3678 3272 600 511 291 119 406 96 2672 220 54 172 2652 1124 1528 946 169 582 561 508 407 265 115 49 101 48 142 150 65
internal_count=7027 3678 3272 600 511 291 119 406 96 2672 220 54 172 2652 1124 1528 946 169 582 561 508 407 265 115 49 101 48 142 150 65
is_linear=0
shrinkage=0.05


Tree=82
num_leaves=31
num_cat=0
split_feature=18 18 14 18 0 16 14 6 13 4 6 6 2 3 6 4 3 6 18 15 0 17 1 18 0 12 15 14 12 14
split_gain=564.482 51.4711 12.6171 4.37543 3.22563 2.67068 2.58164 2.81644 2.54846 2.40209 2.52131 2.22261 2.00765 1.93055 2.11541 1.89916 1.89789 1.57111 2.81002 2.55194 2.29885 2.39674 2.98765 1.99286 3.51684 1.8067 1.93242 1.79001 1.75691 2.13264
threshold=0.095469533323326569 72.279928134327477 67.68844875805614 77.402859657611643 763.50000000000011 21.900215453740028 72.834322554603432 25.500000000000004 0.74132563694267517 13.950000000000001 25.500000000000004 16.500000000000004 219.50000000000003 38.850000000000001 4.5000000000000009 2.8500000000000001 8.6500000000000004 80.500000000000014 6.3425238804615178 56.524021905538639 65.500000000000014 21.765376512263217 11.350000000000003 7.3979599529612505 112.50000000000001 277.73016259139132 55.454172881944778 37.566963794938736 200.89459377270347 54.115995644160165
decision_type=2 2 2 2 2 2 2 2 2 2 2 2 2 2 2 2 2 2 2 2 2 2 2 2 2 2 2 2 2 2
left_child=-1 2 4 6 15 9 7 12 -7 -4 -11 13 -3 -6 -15 -2 -17 19 20 25 21 -19 -23 -20 -25 26 -18 -21 29 -29
right_child=1 3 5 -5 11 8 -8 -9 -10 10 -12 -13 -14 14 -16 16 17 18 23 27 -22 22 -24 24 -26 -27 -28 28 -30 -31
leaf_value=-0.00082880296554780806 -0.0038618889314275817 0.034059992226531222 0.011224194637765451 0.34093747717806694 0.03361312317227174 0.015027973082969482 0.15436184031557121 0.0018615139026614714 0.066108334167649482 0.052041018690088953 0.0031570744096544702 -0.00035616765004533593 0.12316672836100402 0.03722531761370558 -0.0061954331198379011 -0.0037427438317965411 0.00027874957633424737 -0.0048920016905990909 -0.016479601251568023 0.030727220357775489 0.0090148891377876527 0.00067107364193570165 -2.5729795820328416e-05 0.0079182133698404659 -0.0042331940948507453 -0.00043979476521958108 -0.0062760838908401343 0.0097919356342766051 0.034442143108987903 -0.0062534692802636016
leaf_weight=3360 62 59 104 238 38 25 68 49 89 52 22 72 34 58 33 26 1403 31 22 24 27 27 54 23 532 262 30 114 54 35
leaf_count=3360 62 59 104 238 38 25 68 49 89 52 22 72 34 58 33 26 1403 31 22 24 27 27 54 23 532 262 30 114 54 35
internal_value=-0.0101359 0.00342923 0.00121932 0.019308 0.000230612 0.0111301 0.0140476 0.0102113 0.0171053 0.00730337 0.0141892 0.00634328 0.0153226 0.0102713 0.00631868 -0.000220103 -1.87688e-05 0.000113723 -0.00188547 0.000858481 0.0044964 0.00133929 0.0058642 -0.00342288 -0.00283784 0.00019174 0.000889742 0.005837 0.00431034 0.00151007
internal_weight=7027 3667 3219 448 2927 292 210 142 114 178 74 201 93 129 91 2726 2664 2638 716 1922 139 112 81 577 555 1695 1433 227 203 149
internal_count=7027 3667 3219 448 2927 292 210 142 114 178 74 201 93 129 91 2726 2664 2638 716 1922 139 112 81 577 555 1695 1433 227 203 149
is_linear=0
shrinkage=0.05


Tree=83
num_leaves=31
num_cat=0
split_feature=2 18 14 10 0 18 16 6 14 6 6 2 1 9 4 12 16 4 18 18 0 2 9 18 18 13 18 2 11 9
split_gain=563.255 49.757 11.8717 4.81257 4.68571 4.65462 3.38446 3.10018 2.88158 3.0373 2.13881 3.12322 2.73076 1.91923 2.22655 1.63586 1.50893 1.42232 1.41283 4.03447 2.74774 1.69832 1.40682 1.73405 3.52503 2.43216 2.65331 2.33487 2.09139 2.75031
threshold=6.5000000000000009 72.279928134327477 70.750450190060107 0.98927755889796032 763.50000000000011 77.402859657611643 21.520266436161041 16.500000000000004 72.834322554603432 25.500000000000004 80.500000000000014 318.50000000000006 420.85000000000008 -0.33751039744763167 13.350000000000003 277.73016259139132 19.539191340334892 16.350000000000005 8.9875434930812759 8.3957515510129301 165.50000000000003 175.50000000000003 -0.99939814596352028 7.2241895993209218 6.3425238804615178 0.096028486616855854 4.3732017446696894 38.500000000000007 23.623112990362241 -0.99273952934267318
decision_type=2 2 2 2 2 2 2 2 2 2 2 2 2 2 2 2 2 2 2 2 2 2 2 2 2 2 2 2 2 2
left_child=-1 2 4 5 10 8 17 13 9 -3 11 15 -12 -6 -15 22 -9 -4 19 -17 -20 -22 -2 24 25 26 27 -24 -25 -30
right_child=1 3 6 -5 7 -7 -8 16 -10 -11 12 -13 -14 14 -16 18 -18 -19 20 -21 21 -23 23 28 -26 -27 -28 -29 29 -31
leaf_value=-0.00078736281727041768 -0.0026796697760232747 0.074865418580844084 0.0084124384370326769 -0.014972385166525727 0.045269808754109776 0.33296939207648751 0.059778148279722387 -0.017881766191029415 0.14868649496970152 0.0017684382075280781 -0.00042816190920544898 0.027327625708997518 -0.018400558223507169 0.0029949902897458362 0.025094825462891636 -0.0002010905948511138 0.0049171180121613039 0.055292721864348242 -0.017109156484482659 0.010711536940363331 0.0055752501748133291 -0.0048249526967471647 -2.6436680036348582e-05 0.0036108497770708683 -0.011576454076263731 0.004866578415096301 -0.0063593921001384507 0.010461385970283399 -0.013068684382001551 0.0012592354134422835
leaf_weight=3349 32 89 53 20 22 227 99 36 63 49 666 39 90 52 83 136 48 23 31 21 20 58 158 341 51 25 49 20 49 1028
leaf_count=3349 32 89 53 20 22 227 99 36 63 49 666 39 90 52 83 136 48 23 31 21 20 58 158 341 51 25 49 20 49 1028
internal_value=-0.0101501 0.0033578 0.00119195 0.0189732 0.000466448 0.0200935 0.0138571 0.00715768 0.0145522 0.0105072 -0.00010661 0.000728863 -0.00238095 0.0113057 0.00907407 0.000458148 -0.000595238 0.00592105 -0.00319549 -0.000159236 -0.00756881 -0.0025641 0.00101255 0.00120569 -0.00222772 0.000198413 -0.00143172 0.00140449 0.00193935 0.000858867
internal_weight=7027 3678 3230 448 3055 428 175 241 201 138 2814 2058 756 157 135 2019 84 76 266 157 109 78 1753 1721 303 252 227 178 1418 1077
internal_count=7027 3678 3230 448 3055 428 175 241 201 138 2814 2058 756 157 135 2019 84 76 266 157 109 78 1753 1721 303 252 227 178 1418 1077
is_linear=0
shrinkage=0.05


Tree=84
num_leaves=31
num_cat=0
split_feature=2 14 18 0 18 6 14 9 3 2 17 13 7 0 4 15 17 1 9 12 1 9 6 18 1 4 12 11 15 16
split_gain=560.017 49.4356 10.9682 4.97104 4.3175 4.09662 3.1344 2.80525 2.63145 2.52754 2.20504 2.14739 3.32766 1.98371 1.93806 2.18693 1.70414 1.6431 2.92458 2.32257 1.61234 1.56304 1.73077 1.51614 1.50148 1.35941 1.33141 1.3241 1.26501 2.88
threshold=6.5000000000000009 70.750450190060107 69.189314489942134 618.50000000000011 78.42636782997441 22.500000000000004 75.235558279728778 -0.98801351631316325 46.250000000000007 219.50000000000003 29.583309244010277 0.93140227961936639 -0.25881904510252113 624.50000000000011 2.8500000000000001 51.64897845122865 27.381715049412151 501.10000000000008 -0.99628894895067444 107.9481807936529 478.15000000000003 0.35769492645306972 96.500000000000014 69.189314489942134 518.45000000000016 12.65 110.37300667543541 54.689586713636793 62.673831713592016 18.457582981146334
decision_type=2 2 2 2 2 2 2 2 2 2 2 2 2 2 2 2 2 2 2 2 2 2 2 2 2 2 2 2 2 2
left_child=-1 2 8 6 5 9 25 -5 11 10 13 14 -13 -4 15 -2 -7 20 -19 -20 -16 22 28 -9 -21 -3 -22 -15 29 -14
right_child=1 3 4 7 -6 16 -8 23 -10 -11 -12 12 21 27 17 -17 -18 18 19 24 26 -23 -24 -25 -26 -27 -28 -29 -30 -31
leaf_value=-0.00074799467640689673 -9.6774284534006943e-05 -0.012201702625012701 -0.038451197643318481 0.053013550502454626 0.18964887974250288 0.022679289412113592 0.073484334385574362 0.052453932483071952 0.036779861531282702 0.064445043962386706 0.043580516452369267 0.024855660229752809 0.017571470939353875 0.052902343371100363 -5.8637998087385236e-05 -0.027823779167891517 -0.0060037575869223763 -0.030973039109863622 -0.017983443395326228 0.026903320567592814 0.0015288065049414712 -0.0051517407713831181 -0.01945836645400352 0.2848298810371418 0.008619758198661032 0.01990408808617801 -0.0050308610372340468 -0.007322450041208484 0.018546963870175581 -0.013758618364163767
leaf_weight=3349 41 21 20 31 48 32 37 83 21 77 45 68 25 21 2175 24 41 23 22 45 21 49 26 242 257 20 64 20 54 25
leaf_count=3349 41 21 20 31 48 32 37 83 21 77 45 68 25 21 2175 24 41 23 22 45 21 49 26 242 257 20 64 20 54 25
internal_value=-0.0101928 0.00327624 0.00115598 0.0191244 0.0101974 0.00761719 0.00769231 0.0216292 0.000221088 0.011612 0.00660377 9.42103e-05 0.00455466 0.000409836 -0.000318114 -0.00884615 -0.00239726 -0.000105485 0.00309798 0.00432099 -0.000597345 0.000977654 0.00384615 0.023 0.00546358 -0.00182927 -0.00735294 0.00670732 0.00673077 0.001
internal_weight=7027 3678 3244 434 304 256 78 356 2940 183 106 2919 247 61 2672 65 73 2607 347 324 2260 179 130 325 302 41 85 41 104 50
internal_count=7027 3678 3244 434 304 256 78 356 2940 183 106 2919 247 61 2672 65 73 2607 347 324 2260 179 130 325 302 41 85 41 104 50
is_linear=0
shrinkage=0.05


Tree=85
num_leaves=31
num_cat=0
split_feature=2 14 18 0 18 6 9 3 0 14 17 6 15 4 0 14 10 7 14 6 17 18 10 4 18 17 10 10 5 11
split_gain=554.643 46.7281 10.7572 6.21153 4.42133 3.93839 2.69666 2.65179 2.28443 1.99615 1.98272 1.90434 2.7727 2.12411 2.01973 2.85256 2.05894 1.93167 2.44254 1.70674 1.70414 1.67327 1.63908 1.60521 1.80388 1.5264 1.42725 3.24797 3.2415 2.72128
threshold=6.5000000000000009 70.750450190060107 69.189314489942134 618.50000000000011 78.42636782997441 22.500000000000004 -0.98801351631316325 46.250000000000007 733.00000000000011 75.235558279728778 29.684328340084551 80.500000000000014 56.524021905538639 4.3500000000000005 112.50000000000001 10.628146254213755 0.12447926388678894 -0.25881904510252113 37.566963794938736 26.500000000000004 27.381715049412151 69.189314489942134 -0.97870382656940669 28.150000000000002 66.270018341382993 28.264038032579652 -0.33346877891818688 -0.12447465306484827 57.500000000000007 1.7279419081428748
decision_type=2 2 2 2 2 2 2 2 2 2 2 2 2 2 2 2 2 2 2 2 2 2 2 2 2 2 2 2 2 2
left_child=-1 2 7 9 5 8 -5 11 10 -3 25 12 26 -14 15 16 -13 -15 -19 22 -7 -8 -20 24 -16 -4 29 28 -28 -2
right_child=1 3 4 6 -6 20 21 -9 -10 -11 -12 14 13 17 23 -17 -18 18 19 -21 -22 -23 -24 -25 -26 -27 27 -29 -30 -31
leaf_value=-0.00071059494258655194 -0.0024598277108241725 -0.0029544991844772995 0.040413454161868145 0.050362872977331823 0.18016643575537758 0.021545324941508071 0.049831235858918181 0.034940868454718554 0.050605841145531377 0.069810117666295926 0.052351861548865487 0.00015449029504037705 -0.013534256258061463 0.022597301178259244 -0.0042071106061248647 0.0046008046736847998 -0.003874456828483819 0.028001074330541977 0.013410140241704484 -0.0066120461132625156 -0.0057035697075761508 0.27058838698528476 0.0047056018460828854 0.0047804836868133201 -0.027077051402202915 -0.025335292135727983 0.010170693735220549 2.4957624980015414e-05 -0.0036360861333863295 -0.00017418960630126714
leaf_weight=3349 49 41 23 31 48 32 83 21 103 37 33 119 21 103 532 49 24 20 29 38 41 242 159 27 22 24 106 628 31 962
leaf_count=3349 49 41 23 31 48 32 83 21 103 37 33 119 21 103 532 49 24 20 29 38 41 242 159 27 22 24 106 628 31 962
internal_value=-0.010264 0.00314029 0.00107891 0.0185484 0.0100329 0.00742188 0.0213483 0.000153061 0.0113388 0.00576923 0.005 2.56937e-05 0.000792171 0.00472973 -0.0021022 0.00234375 -0.00122378 0.00565903 0.00325203 0.00176991 -0.00239726 0.0226923 0.0037234 -0.00357143 -0.00415162 -0.00159574 -2.81532e-05 0.00160131 0.00857664 -0.00126113
internal_weight=7027 3678 3244 434 304 256 356 2940 183 78 80 2919 2146 370 773 192 143 349 246 226 73 325 188 581 554 47 1776 765 137 1011
internal_count=7027 3678 3244 434 304 256 356 2940 183 78 80 2919 2146 370 773 192 143 349 246 226 73 325 188 581 554 47 1776 765 137 1011
is_linear=0
shrinkage=0.05


Tree=86
num_leaves=31
num_cat=0
split_feature=2 18 1 14 9 18 12 11 0 6 10 12 4 10 18 17 4 11 2 6 0 3 9 1 18 1 11 3 13 0
split_gain=551.965 45.171 10.4047 5.28799 5.07439 4.00476 3.86746 4.03953 3.63914 2.75162 2.74245 2.32033 2.12483 2.02178 1.92435 1.64584 1.55307 2.2881 1.59734 2.74658 2.35291 2.47277 2.47012 2.22541 1.6088 2.48159 2.17994 2.4584 1.73283 1.6254
threshold=6.5000000000000009 73.789127550309658 510.50000000000006 75.235558279728778 -0.99273952934267318 78.42636782997441 203.19880857529418 50.280944906717359 798.50000000000011 35.500000000000007 0.99164058729498161 119.75765688221237 17.950000000000003 0.97308229207007269 60.725745048319631 27.817878421766128 28.350000000000005 58.025730507195668 144.50000000000003 86.500000000000014 331.50000000000006 32.650000000000013 -0.99273952934267318 442.30000000000001 36.906415671766375 193.10000000000005 39.485989132386152 34.050000000000004 0.3511805337040883 304.50000000000006
decision_type=2 2 2 2 2 2 2 2 2 2 2 2 2 2 2 2 2 2 2 2 2 2 2 2 2 2 2 2 2 2
left_child=-1 2 16 4 -4 6 7 -3 9 10 11 -6 13 -13 -11 -16 18 -18 -2 20 21 -20 -22 24 26 -26 28 -28 -21 -30
right_child=1 5 3 -5 8 -7 -8 -9 -10 14 -12 12 -14 -15 15 -17 17 -19 19 23 22 -23 -24 -25 25 -27 27 -29 29 -31
leaf_value=-0.00067506519545722427 9.1084608758842947e-05 -0.0040572121698822629 -0.01600351162242326 0.066732648559945318 -0.0028686220676483742 0.30656739646167852 0.15803081736697067 0.071509371268502167 0.031658746177273399 0.002846111309069066 -0.078999630483117589 0.014027746870962688 0.038565127899710921 0.059881029586166971 -0.0025648375211098084 -0.021887545043352219 0.0016966910512659084 0.021507676935306821 0.0023672254359064838 -0.012896792874923691 -0.021376876190536721 -0.01016966605815961 0.0012884996270724259 -0.025468829414908713 0.021978670921556188 -0.0041920845652285267 -0.012617720537644673 -0.017897662221187362 0.0068791129085245652 -0.0028514205110330873
leaf_weight=3349 1160 36 51 90 55 210 58 74 115 36 26 247 43 20 29 28 80 28 54 48 27 100 707 47 29 146 49 29 20 36
leaf_count=3349 1160 36 51 90 55 210 58 74 115 36 26 247 43 20 29 28 80 28 54 48 27 100 707 47 29 146 49 29 20 36
internal_value=-0.0102996 0.00307232 0.00119697 0.00641892 0.00484615 0.0194444 0.0136905 0.00818182 0.00613523 0.00423554 0.00607417 0.00719178 0.00887097 0.00720974 -0.00349462 -0.00921053 -0.0003125 0.00555556 -0.000570962 -0.00178019 -0.000225225 -0.00584416 0.000953678 -0.00519802 -0.00385154 -0.000428571 -0.00714286 -0.0134615 -0.00240385 0.00357143
internal_weight=7027 3678 3300 740 650 378 168 110 599 484 391 365 310 267 93 57 2560 108 2452 1292 888 154 734 404 357 175 182 78 104 56
internal_count=7027 3678 3300 740 650 378 168 110 599 484 391 365 310 267 93 57 2560 108 2452 1292 888 154 734 404 357 175 182 78 104 56
is_linear=0
shrinkage=0.05


Tree=87
num_leaves=31
num_cat=0
split_feature=2 18 18 14 12 4 1 12 5 4 2 18 16 12 16 17 4 13 16 16 17 6 9 15 12 10 1 9 18 2
split_gain=550.896 42.0923 6.78662 6.74596 4.83984 3.73333 2.86396 2.83336 2.46874 2.40738 2.2778 2.1387 1.5579 1.82708 1.3421 1.83281 1.37241 1.34949 1.41108 3.247 2.31009 1.94811 2.19486 1.90871 1.78841 1.5791 1.67484 2.67035 1.96929 1.99151
threshold=6.5000000000000009 71.243211811742199 78.42636782997441 64.548633676675948 203.19880857529418 3.6500000000000008 560.95000000000016 253.16902249952926 21.500000000000004 18.350000000000005 165.50000000000003 56.793568258124687 20.901314366683639 232.83416410264837 23.508331148435122 32.573320438648473 32.45000000000001 0.015364257049990013 19.092542169704419 19.012620085313646 25.090853119604976 17.500000000000004 -0.96230016621822456 58.539052000567821 220.82723270856613 0.99164058729498161 303.2000000000001 -0.99273952934267318 21.120544749051671 189.50000000000003
decision_type=2 2 2 2 2 2 2 2 2 2 2 2 2 2 2 2 2 2 2 2 2 2 2 2 2 2 2 2 2 2
left_child=-1 3 4 14 8 -5 7 12 -3 -10 -8 -9 13 -7 16 -16 17 -2 19 20 23 25 -23 -19 -25 26 28 -28 -20 -30
right_child=1 2 -4 5 -6 6 10 11 9 -11 -12 -13 -14 -15 15 -17 -18 18 21 -21 -22 22 -24 24 -26 -27 27 -29 29 -31
leaf_value=-0.00064131193568436309 0.00022820178709699308 0.081217636745565619 0.29123902663859486 -0.011960743459566815 0.12387315829144115 -0.0073727271550598772 0.011431397308373548 0.001499076434800628 0.0017020179297595917 0.068032673892147247 0.045411417670986866 0.039868791314053104 -0.0045225481216085942 0.014530024452193936 0.0031828086444413376 -0.00043114182486835576 0.030467216110819619 -0.00042236675235507448 -0.00013789766377723112 0.0074491074633209926 0.0029412130528265971 0.0039210310291124982 -0.0029131268460917074 0.00045940708310352466 0.038284678048443335 -0.023811921218585577 -0.0085336563040048219 0.0058536779970019383 -0.017850411145663613 0.0024745255868518614
leaf_weight=3349 70 45 210 28 100 33 54 23 129 20 141 35 59 36 147 70 28 544 355 25 55 43 665 38 24 32 50 545 53 21
leaf_count=3349 70 45 210 28 100 33 54 23 129 20 141 35 59 36 147 70 28 544 355 25 55 43 665 38 24 32 50 545 53 21
internal_value=-0.0103138 0.00304513 0.0164683 0.000913674 0.0115646 0.00690709 0.0082021 0.00376344 0.00695876 0.00385906 0.0124359 0.012931 -0.000390625 0.00471014 2.71248e-05 0.00380184 -0.000294349 -0.000416667 -0.000612245 0.00131195 0.000642965 -0.00136054 -0.00338983 -0.000247525 0.00806452 0 0.000341797 0.00205882 -0.00203963 -0.00945946
internal_weight=7027 3678 504 3174 294 409 381 186 194 149 195 58 128 69 2765 217 2548 2520 2450 686 661 1764 708 606 62 1056 1024 595 429 74
internal_count=7027 3678 504 3174 294 409 381 186 194 149 195 58 128 69 2765 217 2548 2520 2450 686 661 1764 708 606 62 1056 1024 595 429 74
is_linear=0
shrinkage=0.05


Tree=88
num_leaves=31
num_cat=0
split_feature=2 18 1 18 12 0 14 9 10 6 16 11 1 6 2 13 15 2 13 17 2 11 13 18 18 0 0 0 18 2
split_gain=546.629 40.5434 6.76678 6.73486 4.26341 3.69852 3.02338 2.54143 3.74968 2.41653 2.32628 3.24572 1.46954 1.29134 1.20916 2.15709 2.38311 2.22752 3.13842 2.98831 2.76312 2.6473 2.34132 2.00867 3.14545 2.18311 1.9964 5.63894 4.86246 3.33369
threshold=6.5000000000000009 71.454311638622698 510.50000000000006 78.42636782997441 203.19880857529418 608.50000000000011 71.587306401570771 -0.99273952934267318 0.34963450400049062 12.500000000000002 23.508331148435122 28.465057462023129 609.75000000000011 11.500000000000002 144.50000000000003 0.45344053242733812 37.395282774685796 153.50000000000003 0.56546986341837824 27.955203777088894 302.50000000000006 41.419475026871275 0.94257775866291549 9.9355854023393793 17.685032753126457 167.50000000000003 108.50000000000001 92.500000000000014 6.3425238804615178 67.500000000000014
decision_type=2 2 2 2 2 2 2 2 2 2 2 2 2 2 2 2 2 2 2 2 2 2 2 2 2 2 2 2 2 2
left_child=-1 2 14 4 7 10 12 -3 9 -9 11 -4 -7 -8 23 16 -16 -17 21 20 -20 -19 -22 26 -25 -26 27 28 29 -2
right_child=1 3 5 -5 -6 6 13 8 -10 -11 -12 -13 -14 -15 15 17 -18 18 19 -21 22 -23 -24 24 25 -27 -28 -29 -30 -31
leaf_value=-0.00060924633890014485 -8.9997666317676028e-06 -0.0193180741937681 0.015785830351754272 0.27667707530666519 0.11914587939283834 0.013586727186944004 0.060767428849233876 0.076945072274558879 -0.00046968287964972434 0.02034742997739869 0.019486884408392413 -0.0047753527740702854 -0.0030178748641159106 0.013320665155547574 -0.0031517492379570912 -0.023910706288018349 -0.0089070477111176782 0.021816945191244132 -0.0029214870341878196 -0.017914368816654935 0.010978142965262805 -0.0004699881391159622 -0.00076604917079592383 0.0090504772198828579 -0.02406543513871795 0.0030236682122191994 -0.0056548395695373184 0.0025640366800177231 -0.011298575518627497 0.0097750552504352953
leaf_weight=3349 496 26 67 210 96 222 62 58 55 45 53 170 29 26 287 22 40 130 429 56 154 114 146 116 20 239 148 72 69 21
leaf_count=3349 496 26 67 210 96 222 62 58 55 45 53 170 29 26 287 22 40 130 429 56 154 114 146 116 20 239 148 72 69 21
internal_value=-0.0103707 0.00293638 0.000878294 0.0163265 0.01125 0.00552464 0.0090708 0.00679348 0.00917722 0.0148058 0.00137931 -0.000738397 0.0062749 0.0170455 -0.000263775 -0.00126996 -0.00481651 -0.000166508 0.000170068 -0.00136943 -0.000514403 0.00512295 0.00316667 0.000910246 0.00393333 0.000868726 -0.000496278 0.000683891 -0.000938567 0.000725338
internal_weight=7027 3678 3188 490 280 629 339 184 158 103 290 237 251 88 2559 1378 327 1051 1029 785 729 244 300 1181 375 259 806 658 586 517
internal_count=7027 3678 3188 490 280 629 339 184 158 103 290 237 251 88 2559 1378 327 1051 1029 785 729 244 300 1181 375 259 806 658 586 517
is_linear=0
shrinkage=0.05


Tree=89
num_leaves=31
num_cat=0
split_feature=2 18 1 0 6 9 14 0 9 12 18 4 6 11 17 15 15 18 12 18 13 14 0 14 0 0 18 13 6 9
split_gain=547.162 38.3292 7.98831 5.65378 4.26899 4.03327 3.54928 4.78818 2.76426 2.36885 1.98249 1.96089 1.81257 1.63968 2.0326 1.6 1.49707 1.31848 1.27072 2.77678 4.34868 2.54674 2.13609 2.89462 2.11655 3.50222 2.80713 2.58562 1.99178 1.85726
threshold=6.5000000000000009 74.811412097399256 510.50000000000006 624.50000000000011 37.500000000000007 -0.99273952934267318 71.285307961374045 568.50000000000011 -0.99466160899732459 253.16902249952926 69.793192306935694 14.950000000000001 76.500000000000014 59.824572479700599 29.540847399660837 75.449983897206323 39.993756213632864 46.300531869669946 203.19880857529418 1.8469460409689256 0.028901772731160725 6.630797340928706 321.50000000000006 17.325652384954012 108.50000000000001 85.500000000000014 7.9589170113204357 0.051787452841669718 7.5000000000000009 0.60505046667002438
decision_type=2 2 2 2 2 2 2 2 2 2 2 2 2 2 2 2 2 2 2 2 2 2 2 2 2 2 2 2 2 2
left_child=-1 2 18 -3 5 11 9 -8 -5 10 16 -4 -10 14 -12 -14 -7 -18 21 20 -20 -2 -23 -24 25 27 -26 -21 29 -28
right_child=1 3 4 8 -6 6 7 -9 12 -11 13 -13 15 -15 -16 -17 17 -19 19 24 -22 22 23 -25 26 -27 28 -29 -30 -31
leaf_value=-0.00057878402195513763 0.00011427431717154769 -0.0028641015341243307 -0.02802260790374618 0.0061228890028452556 -0.0014489766630934042 -0.0066647197621950488 -0.00055956501803606791 0.07732269218332917 0.22822724954435147 0.02409312445842442 -0.0022684715022901259 0.020502189675741179 0.032226862193055442 0.044376187554374273 0.047656697935324392 0.14786633860676163 0.025977013056173528 0.0061528627612586822 1.0583346082589097e-05 0.00078420397644176634 -0.013749364735682602 -0.011547238738428868 0.0065215514050107615 -0.0043039477954017972 -0.010394388571702474 0.012116168774301262 0.0096097642721318273 -0.00077095568220284525 -0.00017877952832048296 -0.00058338738904524241
leaf_weight=3349 591 30 38 21 131 20 35 111 245 34 34 20 20 60 23 20 22 254 85 63 39 108 86 467 34 43 191 87 669 97
leaf_count=3349 591 30 38 21 131 20 35 111 245 34 34 20 20 60 23 20 22 254 85 63 39 108 86 467 34 43 191 87 669 97
internal_value=-0.0103636 0.00294997 0.00133154 0.0190476 0.00575448 0.00741167 0.0086425 0.015411 0.0210784 0.00643177 0.00538741 -0.00517241 0.0223684 0.0108974 0.00482456 0.0125 0.00320946 0.00416667 -1.95313e-05 0.00107034 -0.00604839 -0.00115815 -0.00329047 -0.00203436 0.00181588 0.00660622 0.000882947 0.003 0.00138454 0.00486111
internal_weight=7027 3678 3342 336 782 651 593 146 306 447 413 58 285 117 57 40 296 276 2560 1308 124 1252 661 553 1184 193 991 150 957 288
internal_count=7027 3678 3342 336 782 651 593 146 306 447 413 58 285 117 57 40 296 276 2560 1308 124 1252 661 553 1184 193 991 150 957 288
is_linear=0
shrinkage=0.05


Tree=90
num_leaves=31
num_cat=0
split_feature=2 1 10 0 12 17 18 14 6 17 1 9 3 16 11 13 4 11 4 12 7 13 0 13 15 18 18 3 13 6
split_gain=538.146 35.9033 8.8691 7.51136 3.63271 3.37771 3.13058 2.41414 1.98155 1.93365 1.66389 1.59604 1.46429 1.36824 1.79377 1.51079 2.81667 2.21876 2.21674 1.59438 1.43323 1.27022 1.28108 1.76981 2.03035 2.4683 3.9348 1.95361 1.95201 1.58861
threshold=6.5000000000000009 667.95000000000016 0.99164058729498161 798.50000000000011 153.11171548419034 25.856712974533611 67.043410044587873 73.523255476990641 16.500000000000004 28.76383888378955 521.45000000000016 -0.98211651112579568 45.95000000000001 23.508331148435122 4.8568673843510597 0.91750426536523444 18.050000000000004 68.865990354291583 9.6500000000000004 175.45503636807521 -0.98296291314453399 0.015364257049990013 13.500000000000002 0.018359880627067459 1.7819203113450119 4.3732017446696894 5.000550070574433 26.950000000000003 0.028901772731160725 59.500000000000007
decision_type=2 2 2 2 2 2 2 2 2 2 2 2 2 2 2 2 2 2 2 2 2 2 2 2 2 2 2 2 2 2
left_child=-1 3 4 7 -3 10 -6 12 -7 -9 -5 -8 13 15 -15 21 18 -18 -17 -20 -16 -2 -23 -24 27 -26 -27 -25 -29 -28
right_child=1 2 -4 5 6 8 11 9 -10 -11 -12 -13 -14 14 20 16 17 -19 19 -21 -22 22 23 24 25 26 29 28 -30 -31
leaf_value=-0.00054984482085738073 0.0002100704472633313 0.021601718594796895 -0.054123740029472601 -0.0026478477750035978 0.02612346908554386 0.063709939599908699 0.06169250685447452 -0.006606620550766884 0.01363966492619042 0.039301922237154945 0.033809748264610209 0.19630824421450549 0.025893738276647406 -0.0002090705786311098 0.0047941521470687091 0.0068377605671429368 0.027461794569547494 3.2293053628151823e-05 -0.0096465054765864991 0.0013983372928876748 0.0021421524370396129 -0.0023021169865460769 0.00060635490603994091 0.002478117145318837 0.00029459242158899059 -0.011086824047978694 0.00013719686273634403 -0.002222089128559074 -0.013061896498898475 -0.0029091137287156513
leaf_weight=3349 71 48 22 48 23 99 23 20 44 41 26 268 24 25 24 85 55 35 44 51 195 21 27 22 174 28 1368 30 35 702
leaf_count=3349 71 48 22 48 23 99 23 20 44 41 26 268 24 25 24 85 55 35 44 51 195 21 27 22 174 28 1368 30 35 702
internal_value=-0.0104846 0.00271887 0.0171875 0.00103218 0.0190608 0.010023 0.0210191 0.000398115 0.0145105 0.0102459 0.00135135 0.0224227 0.000198939 0.000100267 0.00368852 -0.000218341 0.00333333 0.0105556 -0.000277778 -0.00552632 0.00513699 -0.000605327 -0.000799751 -0.000691534 -0.000837219 -0.000550176 -0.00102479 -0.00833333 -0.0126923 -0.000772947
internal_weight=7027 3678 384 3294 362 217 314 3077 143 61 74 291 3016 2992 244 2748 270 90 180 95 219 2478 2407 2386 2359 2272 2098 87 65 2070
internal_count=7027 3678 384 3294 362 217 314 3077 143 61 74 291 3016 2992 244 2748 270 90 180 95 219 2478 2407 2386 2359 2272 2098 87 65 2070
is_linear=0
shrinkage=0.05


Tree=91
num_leaves=31
num_cat=0
split_feature=2 18 14 1 10 6 18 15 0 9 6 10 10 2 14 2 12 4 2 1 6 9 13 6 14 13 1 17 16 16
split_gain=533.929 35.2458 10.8781 4.69878 4.13357 2.43171 2.49174 2.2176 2.1471 1.86802 2.28656 2.75585 2.84003 1.76144 1.62613 1.48903 1.44561 1.28955 2.1819 1.4932 2.55786 2.4045 1.46036 2.08376 1.85744 1.58108 1.89841 1.25714 1.71905 1.74251
threshold=6.5000000000000009 77.402859657611643 75.235558279728778 510.50000000000006 -0.12447465306484827 12.500000000000002 70.680680839630142 65.356297181859702 628.50000000000011 -0.99273952934267318 61.500000000000007 0.99164058729498161 0.93225468035816139 184.50000000000003 78.802865643448854 230.50000000000003 153.11171548419034 28.350000000000005 309.50000000000006 446.00000000000006 44.500000000000007 -0.99273952934267318 0.78588892769821872 72.500000000000014 55.562957785498142 0.73899553102786364 398.60000000000008 31.848138428176387 22.291253097935467 20.712985043877342
decision_type=2 2 2 2 2 2 2 2 2 2 2 2 2 2 2 2 2 2 2 2 2 2 2 2 2 2 2 2 2 2
left_child=-1 2 3 17 5 6 7 -5 -3 -6 11 12 13 27 -4 -7 -15 19 -19 22 21 -21 25 -24 -25 -2 -27 28 29 -11
right_child=1 8 14 4 9 15 -8 -9 -10 10 -12 -13 -14 16 -16 -17 -18 18 -20 20 -22 -23 23 24 -26 26 -28 -29 -30 -31
leaf_value=-0.00052235257981451163 -1.5750090355926005e-05 0.012909532676613367 0.037663770709334979 0.016039879114357447 -0.012335058693825653 -0.0037430952709444302 0.073125814406662923 -8.2766365575537304e-05 0.23374386537145569 -0.0062959665874778642 -0.005236911228268859 -0.077657812986265284 0.045267003195421297 0.0014309170267864603 0.1172786506658639 0.008909471613473486 0.059580143902888238 0.001218537398560521 0.026196533424256964 -0.022609962633661242 -0.016156587876415076 -0.00021071466851907417 0.017651866045647679 0.0034641399893812876 -0.011518945946909654 -0.033756072478739796 0.0009772742205317543 0.013351998503935647 -0.015977015900959301 0.025290296835557238
leaf_weight=3349 1806 21 74 111 66 26 57 39 217 31 68 30 49 39 54 106 33 88 20 24 72 311 79 56 40 31 29 42 27 32
leaf_count=3349 1806 21 74 111 66 26 57 39 217 31 68 30 49 39 54 106 33 88 20 24 72 311 79 56 40 31 29 42 27 32
internal_value=-0.0105415 0.00261011 0.00132267 0.000769928 0.0042328 0.00833333 0.011715 0.00833333 0.0212185 0.000899281 0.00235043 0.00432862 0.00602767 0.00343137 0.015625 0.0030303 0.00972222 -0.000254304 0.00509259 -0.000490196 -0.00325553 -0.00141791 6.12445e-05 0.00442857 -0.000520833 -0.000348339 -0.00833333 0 -0.00333333 0.00119048
internal_weight=7027 3678 3440 3312 756 339 207 150 238 417 351 283 253 204 128 132 72 2556 108 2448 407 335 2041 175 96 1866 60 132 90 63
internal_count=7027 3678 3440 3312 756 339 207 150 238 417 351 283 253 204 128 132 72 2556 108 2448 407 335 2041 175 96 1866 60 132 90 63
is_linear=0
shrinkage=0.05


Tree=92
num_leaves=31
num_cat=0
split_feature=2 18 14 14 18 10 3 1 9 6 4 10 6 6 11 17 17 0 2 4 1 15 13 18 18 18 13 4 6 16
split_gain=529.205 33.2502 6.48552 5.62892 3.62193 2.83404 2.76068 1.9879 2.9679 2.36586 1.70519 1.72946 1.61221 1.60338 1.9678 1.59772 1.59193 1.72843 2.73641 1.58963 1.25484 1.82129 3.08941 2.79621 4.30703 2.62956 2.38737 1.81071 1.79346 1.50439
threshold=6.5000000000000009 73.789127550309658 73.523255476990641 75.235558279728778 79.708230117361623 -0.10737736916418625 46.250000000000007 510.50000000000006 -0.99052327954040364 37.500000000000007 12.950000000000001 0.98367285631203072 49.500000000000007 14.500000000000002 34.685640458452077 31.113239740327227 25.755537984696499 798.50000000000011 244.50000000000003 8.9500000000000011 11.350000000000003 1.9840114329365497 0.028901772731160725 4.3732017446696894 5.000550070574433 2.0138292979816659 0.022816176579953298 13.050000000000002 1.5000000000000002 19.092542169704419
decision_type=2 2 2 2 2 2 2 2 2 2 2 2 2 2 2 2 2 2 2 2 2 2 2 2 2 2 2 2 2 2
left_child=-1 2 6 4 5 -3 7 20 -9 10 11 15 19 14 -4 16 -10 18 -18 -7 27 22 26 -23 -25 -24 28 -2 -22 -26
right_child=1 3 13 -5 -6 12 -8 8 9 -11 -12 -13 -14 -15 -16 -17 17 -19 -20 -21 21 23 25 24 29 -27 -28 -29 -30 -31
leaf_value=-0.00049623495082378615 -0.00034622575981137633 0.069167869357199763 0.023805214081266259 0.24268331242270735 0.18909783727971716 0.068507859236672172 0.036066971153483965 -0.010375400008074465 -0.0080810178171466518 -0.0020935901759557398 0.022210885784726034 -0.095379002065509158 -0.0071808908869499533 0.0046027960034813022 0.068658600930271874 -0.0058609938160318013 0.014366189804983165 0.032739189986802232 -0.0094488696651659158 0.0010700877566364399 0.00010803234122575694 0.00031845091133253511 -0.013619642145887423 -0.014094696037576515 0.00070074081517823572 -0.00062475896379644022 0.0023944983211031559 0.00040188263167441622 -0.0009243930579617512 -0.00051588638526531836
leaf_weight=3349 56 44 23 158 61 43 28 54 26 102 173 21 26 37 64 40 136 34 26 46 36 148 35 29 554 24 25 84 34 1511
leaf_count=3349 56 44 23 158 61 43 28 54 26 102 173 21 26 37 64 40 136 34 26 46 36 148 35 29 554 24 25 84 34 1511
internal_value=-0.0106055 0.00248777 0.000878788 0.0165344 0.0113636 0.00738994 0.000440806 0.000301779 0.00285948 0.00394265 0.00548246 0.00309187 0.00326087 0.0120968 0.0158046 0.00419847 0.00585586 0.00739796 0.00524691 0.00646067 -0.000315457 -0.000584307 -0.00584416 -0.000223015 -0.000692455 -0.0148305 -0.000263158 0.00428571 -0.005 -0.000423729
internal_weight=7027 3678 3300 378 220 159 3176 3148 612 558 456 283 115 124 87 262 222 196 162 89 2536 2396 154 2242 2094 59 95 140 70 2065
internal_count=7027 3678 3300 378 220 159 3176 3148 612 558 456 283 115 124 87 262 222 196 162 89 2536 2396 154 2242 2094 59 95 140 70 2065
is_linear=0
shrinkage=0.05


Tree=93
num_leaves=31
num_cat=0
split_feature=18 18 1 0 9 14 13 10 6 9 6 0 12 5 3 15 17 13 17 4 2 4 13 15 13 18 18 2 18 4
split_gain=530.815 32.5861 6.49728 5.52789 3.7092 3.68881 3.57093 3.02333 2.75443 2.49651 2.4271 2.25403 1.86335 1.69151 1.62349 1.52433 2.32421 1.97907 1.37143 1.29556 3.12203 1.40802 1.39563 1.70914 3.07241 2.51301 3.84501 2.16578 1.77479 1.66936
threshold=0.095469533323326569 74.811412097399256 560.95000000000016 618.50000000000011 -0.99466160899732459 78.802865643448854 0.8848305238903712 -0.49002866642905923 37.500000000000007 -0.99273952934267318 94.500000000000014 703.50000000000011 137.93070257448517 37.500000000000007 46.250000000000007 65.79379496324637 29.540847399660837 0.77753990859717748 29.345796648845496 28.550000000000004 314.50000000000006 30.150000000000002 0.015364257049990013 1.7819203113450119 0.028901772731160725 4.3732017446696894 5.000550070574433 12.500000000000002 2.0138292979816659 23.050000000000004
decision_type=2 2 2 2 2 2 2 2 2 2 2 2 2 2 2 2 2 2 2 2 2 2 2 2 2 2 2 2 2 2
left_child=-1 2 14 -3 -5 7 -6 -4 9 -9 -8 15 -10 -13 19 17 -17 -11 -14 22 21 -21 -2 24 27 -25 -27 -24 -26 -28
right_child=1 3 5 4 6 -7 10 8 12 11 -12 13 18 -15 -16 16 -18 -19 -20 20 -22 -23 23 25 28 26 29 -29 -30 -31
leaf_value=-0.00047142320328259681 0.00021243293229682993 -0.039936171286202797 0.035264005406440903 -0.00093526643268191387 0.014481586417795001 0.10245047705090045 0.19460417212781922 -0.011639978085920788 -0.033338274535047674 0.012155122151317067 0.049631459003659374 0.051518660744903855 0.0071063482509416079 0.017280846944017724 0.027364623339449601 -0.0020579521058724736 0.035565750228748527 -0.0070356481492950713 -0.0067605409816692942 0.0062211245779796092 0.06296461251679801 -0.0032920639116436946 -0.0021010260691743999 0.00030252836576591949 -0.013987694265156003 -0.012328673284908566 3.2276068399195169e-05 0.00021052517481735534 -0.00039777563410379194 -0.0032741370731296906
leaf_weight=3360 71 22 49 21 24 34 243 50 21 150 26 61 28 25 22 22 29 46 20 35 21 60 22 178 34 30 2004 68 21 230
leaf_count=3360 71 22 49 21 24 34 243 50 21 150 26 61 28 25 22 22 29 46 20 35 21 60 22 178 34 30 2004 68 21 230
internal_value=-0.0105842 0.00257022 0.00107325 0.0174107 0.0191083 0.0061215 0.0205631 0.00503992 0.00376106 0.00541775 0.0222119 0.00698198 -0.00543478 0.0139535 0.000107296 0.00455466 0.0122549 0.00255102 0 0 0.00517241 0.00131579 -0.000225734 -0.000415539 -0.00568966 -0.000102375 -0.00055212 0 -0.015 -0.000313339
internal_weight=7027 3667 3331 336 314 535 293 501 452 383 269 333 69 86 2796 247 51 196 48 2774 116 95 2658 2587 145 2442 2264 90 55 2234
internal_count=7027 3667 3331 336 314 535 293 501 452 383 269 333 69 86 2796 247 51 196 48 2774 116 95 2658 2587 145 2442 2264 90 55 2234
is_linear=0
shrinkage=0.05


Tree=94
num_leaves=31
num_cat=0
split_feature=2 18 14 0 9 6 18 18 9 5 3 12 10 18 18 4 14 4 18 2 15 5 12 1 5 1 6 6 16 14
split_gain=524.502 32.2596 9.27524 4.97006 2.73119 2.24941 3.33685 3.3194 3.00866 2.33945 2.24644 2.21301 3.17254 2.31502 3.34923 2.25028 2.1797 2.06367 1.85664 3.2818 3.11524 1.9395 1.8841 1.83945 1.83492 1.77224 1.67972 1.66885 1.61107 1.59943
threshold=6.5000000000000009 77.402859657611643 77.740831887334039 841.00000000000011 0.12447811117596704 59.500000000000007 58.27033266585677 61.183944283606728 -0.99273952934267318 26.500000000000004 38.650000000000013 153.11171548419034 0.99164058729498161 69.793192306935694 62.222568649603481 10.450000000000001 17.683143624006785 19.050000000000004 17.685032753126457 300.50000000000006 11.229541520966139 42.500000000000007 96.037469610964578 72.550000000000026 76.500000000000014 501.10000000000008 91.500000000000014 92.500000000000014 19.733299955702822 54.115995644160165
decision_type=2 2 2 2 2 2 2 2 2 2 2 2 2 2 2 2 2 2 2 2 2 2 2 2 2 2 2 2 2 2
left_child=-1 2 3 5 -3 6 -2 9 -8 16 18 29 13 14 15 -13 -7 27 20 21 23 28 26 -11 -22 -16 -23 -9 -20 -10
right_child=1 4 -4 -5 -6 7 8 17 11 10 -12 12 -14 -15 25 -17 -18 -19 19 -21 24 22 -24 -25 -26 -27 -28 -29 -30 -31
leaf_value=-0.00044785204311846696 3.4903530136354277e-05 0.047581187188154676 0.091912205931081209 0.04786408719241067 0.20737531012734181 0.0033364557403375073 -0.014679961713873625 -0.0032408169901891881 0.0070094046182159536 0.00014254854407971251 -0.0080282887519986801 0.017470498983903762 -0.074542818977608505 0.048942727707658666 -0.0058433406926873491 0.051803039752199888 0.00080955246249034838 0.004571225194355222 -0.012042939381948692 0.0038730485633463375 0.012439585874423864 -0.0039896881617595527 -8.5659545300220696e-05 -0.010024939804079303 0.0007986613808701027 0.017216755960089359 -0.023985561321841067 -0.024518000424809117 -0.022439590344200157 -0.0014659281844529915
leaf_weight=3349 1659 33 66 63 205 24 55 29 172 160 47 20 23 87 42 44 156 36 29 82 42 31 144 46 30 116 32 68 39 98
leaf_count=3349 1659 33 66 63 205 24 55 29 172 160 47 20 23 87 42 44 156 36 29 82 42 31 144 46 30 116 32 68 39 98
internal_value=-0.0106696 0.00236542 0.00113372 0.000770599 0.0201681 0.000505889 0.0013601 -0.00148241 0.00437595 -0.000348028 -0.00168622 0.00539867 0.00813253 0.00946602 0.00675676 0.0164063 0.00472222 -0.00883459 -0.000905512 -0.00329132 0.00215827 -0.00590909 -0.00350242 -0.000970874 0.0111111 0.0028481 -0.0107143 -0.0126289 -0.0132353 0.00203704
internal_weight=7027 3678 3440 3374 238 3311 2316 995 657 862 682 602 332 309 222 64 180 133 635 357 278 275 207 206 72 158 63 97 68 270
internal_count=7027 3678 3440 3374 238 3311 2316 995 657 862 682 602 332 309 222 64 180 133 635 357 278 275 207 206 72 158 63 97 68 270
is_linear=0
shrinkage=0.05


Tree=95
num_leaves=31
num_cat=0
split_feature=2 18 14 1 18 3 1 11 6 12 0 1 5 16 15 4 11 2 0 2 15 13 18 18 0 6 18 18 12 4
split_gain=521.378 31.8774 5.43254 5.42168 3.76675 3.54719 3.23784 3.30335 3.69615 2.80102 2.97791 2.1242 1.65766 1.80055 1.60684 1.45506 1.42087 1.35204 1.34948 1.7914 1.67183 3.03206 2.33054 4.08567 1.91813 1.79268 2.91921 2.08977 3.03193 1.658
threshold=6.5000000000000009 74.811412097399256 75.235558279728778 708.80000000000007 79.708230117361623 26.250000000000004 560.95000000000016 59.824572479700599 22.500000000000004 224.88757814396817 748.50000000000011 580.65000000000009 18.500000000000004 21.681103455207204 74.146017005802889 2.8500000000000001 -3.5898876350544273 173.50000000000003 11.500000000000002 9.5000000000000018 1.7819203113450119 0.028901772731160725 4.3732017446696894 5.000550070574433 29.500000000000004 92.500000000000014 66.270018341382993 6.3425238804615178 107.9481807936529 8.7500000000000018
decision_type=2 2 2 2 2 2 2 2 2 2 2 2 2 2 2 2 2 2 2 2 2 2 2 2 2 2 2 2 2 2
left_child=-1 3 4 6 5 14 15 9 -9 10 11 -8 17 -14 -3 -2 -17 -11 19 -18 21 -20 -22 -24 -23 -25 27 -27 -29 -30
right_child=1 2 -4 -5 -6 -7 7 8 -10 12 -12 -13 13 -15 -16 16 18 -19 20 -21 22 24 23 25 -26 26 -28 28 29 -31
leaf_value=-0.0004254594409625436 -0.0041778239211598843 -0.020379621020519781 0.22377679746411161 0.089119126681639932 0.15954397130297268 0.048179058220160088 -0.0082259913941898685 0.04544592559416856 -0.0036447818073764185 -0.010491307644062432 -0.036240304682682738 0.0091033195821523805 0.015500039140878386 0.049125936318838374 0.033275863906647628 -0.00013972158235354 2.0097790556672381e-06 0.016451135144316353 7.6618290250973786e-05 0.00067622389497740414 0.0004301833713683201 -0.01687865039008779 -0.011716675922518528 0.00038333169514608305 -0.00037285642354910055 0.0044521974139493997 -0.019168219666903498 -0.015772349433417432 -0.0095787936633615622 0.00078997958314865893
leaf_weight=3349 63 22 144 23 61 78 32 70 24 32 25 219 35 29 31 36 31 46 86 20 176 29 30 1785 24 27 25 105 72 298
leaf_count=3349 63 22 144 23 61 78 32 70 24 32 25 219 35 29 31 36 31 46 86 20 176 29 30 1785 24 27 25 105 72 298
internal_value=-0.0107123 0.00228385 0.0169643 0.000807899 0.0114583 0.00667939 0.000640253 0.00429688 0.012766 0.00239234 -0.000543478 0.00109562 0.00809859 0.0140625 -0.00330189 -2.67189e-05 0.000145773 0.00320513 0.000276957 0.00833333 0.000122318 -0.00521583 0.000416998 0 -0.0146226 0.000237889 -0.00232448 -0.00149402 -0.00226316 -0.000135135
internal_weight=7027 3678 336 3342 192 131 3319 512 94 418 276 251 142 64 53 2807 2744 78 2708 51 2657 139 2518 2342 53 2312 527 502 475 370
internal_count=7027 3678 336 3342 192 131 3319 512 94 418 276 251 142 64 53 2807 2744 78 2708 51 2657 139 2518 2342 53 2312 527 502 475 370
is_linear=0
shrinkage=0.05


Tree=96
num_leaves=31
num_cat=0
split_feature=2 18 14 0 4 6 3 0 10 12 18 1 14 10 11 12 3 9 15 1 10 9 4 0 11 0 2 4 16 14
split_gain=517.228 32.1881 7.9973 3.28544 3.56343 3.35073 2.86614 3.82658 2.83929 2.11767 1.98537 2.22886 1.90582 1.69339 1.68799 1.67776 1.64804 1.42238 1.39148 1.63222 1.27905 3.55726 10.9831 3.27061 1.93138 1.87081 1.56535 1.53083 1.5397 2.56245
threshold=6.5000000000000009 77.402859657611643 77.740831887334039 684.50000000000011 14.15 35.500000000000007 38.45000000000001 798.50000000000011 0.96457844552971317 166.51046839015399 60.440830328860848 472.45000000000005 55.562957785498142 -0.86092912513210462 56.05731918080911 220.82723270856613 33.95000000000001 0.61188073503922691 59.908329373762051 551.25000000000011 0.93225468035816139 0.12447811117596704 12.550000000000002 160.50000000000003 -3.5898876350544273 11.500000000000002 9.5000000000000018 2.5500000000000003 23.059388910053148 70.252800063637878
decision_type=2 2 2 2 2 2 2 2 2 2 2 2 2 2 2 2 2 2 2 2 2 2 2 2 2 2 2 2 2 2
left_child=-1 2 3 20 5 6 7 9 -3 12 -6 13 -5 -12 -11 17 -13 -8 -7 -20 24 22 -22 -23 -2 26 -26 -27 29 -29
right_child=1 8 -4 4 10 18 15 -9 -10 14 11 16 -14 -15 -16 -17 -18 -19 19 -21 21 23 -24 -25 25 27 -28 28 -30 -31
leaf_value=-0.00040418646891441637 -0.0001327355032358632 0.19310409877192783 0.081122262210723051 0.0023678771541456815 0.02195427002749142 0.00019576359986945847 -0.013016071135316665 0.060640272220780389 0.010164507664520529 0.053430739850075071 -0.01734055570884081 0.040294244320327979 -0.0035360534301105417 0.009696243038231956 0.0093486812847345391 0.012977614890000488 0.01371483528505415 0.0070609617785560635 -0.020294268026221474 -0.0038819960992078962 -0.058443950465935757 -0.00099491384158723051 0.12145261479937286 0.03863166754849523 1.095262800295642e-05 -0.0039769782554675004 0.00064241270022853409 -0.00024608268969306124 0.0015751248899093186 -0.010328729285580707
leaf_weight=3349 24 215 66 28 26 30 27 39 23 36 26 34 29 29 41 62 170 20 30 39 37 41 28 87 33 43 20 2024 329 42
leaf_count=3349 24 215 66 28 26 30 27 39 23 36 26 34 29 29 41 62 170 20 30 39 37 41 28 87 33 43 20 2024 329 42
internal_value=-0.0107692 0.0021751 0.000944767 0.000607587 0.00375375 0.000590551 0.00336879 0.00736994 0.019958 0.00335821 0.00798246 0.00666023 -0.00394737 -0.00227273 0.00876623 -0.00298165 0.00906863 -0.0101064 -0.00732323 -0.0112319 -0.000166174 0.00375648 -0.00576923 0.00859375 -0.000467197 -0.000331192 0.00896226 -0.000533224 -0.000365344 -0.000871249
internal_weight=7027 3678 3440 3374 666 381 282 173 238 134 285 259 57 55 77 109 204 47 99 69 2708 193 65 128 2515 2491 53 2438 2395 2066
internal_count=7027 3678 3440 3374 666 381 282 173 238 134 285 259 57 55 77 109 204 47 99 69 2708 193 65 128 2515 2491 53 2438 2395 2066
is_linear=0
shrinkage=0.05


Tree=97
num_leaves=31
num_cat=0
split_feature=2 18 14 0 6 12 4 3 9 1 4 3 12 12 3 1 18 4 14 18 18 9 3 2 15 18 11 0 2 4
split_gain=514.126 31.9798 9.32555 3.65512 4.46112 2.65377 2.72065 2.52844 2.47743 3.20781 2.46949 2.27163 2.0798 3.71561 1.90568 1.87887 2.84326 1.74011 2.50714 1.6 1.59863 1.4105 1.31174 1.38833 1.48706 1.26903 1.14316 1.71205 1.56535 1.52064
threshold=6.5000000000000009 79.027429761816066 79.836127722077535 684.50000000000011 32.500000000000007 153.11171548419034 12.950000000000001 34.550000000000004 -0.99273952934267318 571.95000000000016 14.15 38.250000000000007 137.93070257448517 124.74909930445283 33.250000000000007 717.10000000000014 75.21274462020412 11.15 62.730773408746145 66.703049552382708 62.39958509789053 0.14153898451656996 34.750000000000007 283.50000000000006 59.908329373762051 64.286490318558648 -3.5898876350544273 11.500000000000002 9.5000000000000018 2.8500000000000001
decision_type=2 2 2 2 2 2 2 2 2 2 2 2 2 2 2 2 2 2 2 2 2 2 2 2 2 2 2 2 2 2
left_child=-1 2 3 15 5 6 12 -8 -7 17 22 -9 13 -5 -12 16 26 18 -10 -11 -19 -3 -6 -24 -25 -22 -2 28 -28 -29
right_child=1 21 -4 4 10 8 7 11 9 19 14 -13 -14 -15 -16 -17 -18 20 -20 -21 25 -23 23 24 -26 -27 27 29 -30 -31
leaf_value=-0.00038397714546869555 -0.00011726376552107094 0.083110178163940063 0.09151331467458626 -0.012637643005775346 -0.026411032598964469 -0.028239551145792064 0.028749730443592372 -0.0023948833710193186 0.025700908607311137 0.023275414541602049 0.014592682094627919 0.016704235451852869 -0.011402429430752294 0.02935649284988422 -5.2994985129828367e-05 0.045729544509528354 -0.022683687120737518 0.037155272484929829 -0.0037548201905110547 0.067235585997125827 -0.0064866298124604434 0.214151593112344 0.019866931535070621 9.0921439146640648e-05 -0.014520908562181668 0.026783381308366928 1.0404996602808582e-05 -0.0037781293426942144 0.00061029206521710788 1.2715579821076517e-05
leaf_weight=3349 37 20 48 27 36 26 21 35 21 30 20 45 39 21 57 23 28 37 39 90 22 162 24 23 28 64 33 59 20 2543
leaf_count=3349 37 20 48 27 36 26 21 35 21 30 20 45 39 21 57 23 28 37 39 90 22 162 24 23 28 64 33 59 20 2543
internal_value=-0.0108119 0.00209353 0.00102975 0.000725058 0.00393617 0.00633462 0.00159574 0.00717822 0.00904255 0.0103135 -0.00265957 0.003125 -0.00488506 0.00208333 0.00422078 -0.000100255 -0.000220588 0.00614754 -0.000833333 0.0166667 0.00955285 0.0225275 -0.00743243 -0.00366667 -0.00833333 0.00581395 -5.57207e-05 6.59134e-05 0.00896226 -0.000115296
internal_weight=7027 3678 3496 3448 705 517 188 101 329 303 188 80 87 48 77 2743 2720 183 60 120 123 182 111 75 51 86 2692 2655 53 2602
internal_count=7027 3678 3496 3448 705 517 188 101 329 303 188 80 87 48 77 2743 2720 183 60 120 123 182 111 75 51 86 2692 2655 53 2602
is_linear=0
shrinkage=0.05


Tree=98
num_leaves=31
num_cat=0
split_feature=2 18 14 1 10 6 9 13 14 10 0 6 9 3 9 4 11 0 2 4 2 18 1 15 18 18 15 6 18 4
split_gain=508.976 30.6986 8.91397 3.77205 3.60774 3.72037 3.79819 3.66743 2.13139 1.95842 1.46461 1.30068 1.28949 1.1742 1.15952 1.14316 1.09663 1.43124 1.15497 1.12704 2.52433 1.25212 1.49482 1.22264 2.38434 3.11085 2.29659 1.99466 2.79133 1.4852
threshold=6.5000000000000009 79.027429761816066 80.401147265117245 560.95000000000016 0.99164058729498161 37.500000000000007 -0.99273952934267318 0.92546089663951914 63.990592441690957 0.95493138204271844 826.50000000000011 4.5000000000000009 0.14153898451656996 46.250000000000007 0.2093127076542077 15.450000000000001 -3.5898876350544273 11.500000000000002 9.5000000000000018 28.550000000000004 314.50000000000006 45.511762128286534 277.40000000000003 1.7819203113450119 4.3732017446696894 5.000550070574433 1.4104676152337541 95.500000000000014 66.270018341382993 6.3500000000000005
decision_type=2 2 2 2 2 2 2 2 2 2 2 2 2 2 2 2 2 2 2 2 2 2 2 2 2 2 2 2 2 2
left_child=-1 2 3 13 5 6 15 9 -9 -8 -7 -10 -3 16 -13 -5 -2 18 -18 23 21 22 -21 26 29 -26 -19 -27 -29 -25
right_child=1 12 -4 4 -6 10 7 8 11 -11 -12 14 -14 -15 -16 -17 17 19 -20 20 -22 -23 -24 24 25 27 -28 28 -30 -31
leaf_value=-0.00036477828819526074 -0.00011140057724501746 0.078954669255743334 0.09277668478785267 -0.025046964876729663 -0.064560957995823287 -0.0056300044716712351 0.0072587579927954953 0.014397090795749535 0.08044510974465667 0.04559530096157563 0.032439259405558828 0.046680911532563846 0.20344401345672658 0.023875250679014748 0.031096344246300589 0.019786901595952602 9.8847467726682906e-06 -6.7454120183735314e-05 0.00057977746195625186 -0.0067259526566159529 0.058037668533567205 -0.0039875749330860804 0.017345992006233591 -0.00080684933875978531 -0.011119173770898994 0.00011713586175012836 -0.010650828987452222 -0.0017665038043281458 -0.018894015281997058 0.00058998358679258629
leaf_weight=3349 37 20 38 42 34 86 267 32 63 24 21 39 162 22 20 20 33 110 20 29 21 35 30 20 30 1751 28 460 26 158
leaf_count=3349 37 20 38 42 34 86 267 32 63 24 21 39 162 22 20 20 33 110 20 29 21 35 30 20 30 1751 28 460 26 158
internal_value=-0.010883 0.00195759 0.000915332 0.000650665 0.00408951 0.00496743 0.00675542 0.00837079 0.0146104 0.00506873 -0.00350467 0.017623 0.021978 -0.000142349 0.0122881 -0.00483871 -0.000233142 -0.000118139 0.00801887 -0.000277984 0.00456522 0.00106383 0.00550847 -0.000493612 -0.000235174 -0.000672695 -0.00507246 -0.000458203 -0.00329218 0.00533708
internal_weight=7027 3678 3496 3458 648 614 507 445 154 291 107 122 182 2810 59 62 2788 2751 53 2698 115 94 59 2583 2445 2267 138 2237 486 178
internal_count=7027 3678 3496 3458 648 614 507 445 154 291 107 122 182 2810 59 62 2788 2751 53 2698 115 94 59 2583 2445 2267 138 2237 486 178
is_linear=0
shrinkage=0.05


Tree=99
num_leaves=31
num_cat=0
split_feature=2 18 14 13 10 6 18 4 18 2 18 2 4 11 0 1 4 2 12 14 1 5 14 4 9 10 9 4 11 11
split_gain=506.924 29.1991 8.93516 3.60506 3.00935 3.39722 4.18681 2.08333 1.86627 1.78364 1.76308 1.47895 1.32864 1.38927 1.3392 1.31483 1.29293 1.74603 1.69202 1.36984 1.70259 1.28163 1.23596 1.43739 1.18681 1.17469 2.4331 7.29 2.6089 1.63468
threshold=6.5000000000000009 79.027429761816066 80.401147265117245 0.90660818628471984 0.99370977118463066 4.5000000000000009 70.680680839630142 19.150000000000002 60.973719242436857 320.50000000000006 57.062578693457823 216.50000000000003 2.8500000000000001 -3.5898876350544273 777.50000000000011 708.80000000000007 17.650000000000002 308.50000000000006 175.45503636807521 70.750450190060107 625.50000000000011 16.500000000000004 57.293849119280786 1.9500000000000002 0.22611359161738889 0.93225468035816139 0.12447811117596704 12.550000000000002 18.625284776990629 28.465057462023129
decision_type=2 2 2 2 2 2 2 2 2 2 2 2 2 2 2 2 2 2 2 2 2 2 2 2 2 2 2 2 2 2
left_child=-1 2 3 12 5 6 7 21 10 16 -7 15 22 -14 25 -8 18 -18 -10 -20 -21 -5 23 -2 -3 -15 27 -27 -28 -30
right_child=1 24 -4 4 -6 8 11 -9 9 -11 -12 -13 13 14 -16 -17 17 -19 19 20 -22 -23 -24 -25 -26 26 28 -29 29 -31
leaf_value=-0.00034653937378549771 0.00032855289752085074 0.055711021018729316 0.088137850548460156 0.017030102317153961 -0.057990385076965724 -0.0012836363189833834 0.020112540258067215 0.016714983617129243 -0.0043997426474177816 -0.005533488918588958 0.015779516066319135 0.072349700787264479 -0.00011466551093576653 8.7590285033911643e-07 -0.016224712362033957 0.084999854018290938 0.026394025526058587 -0.0022433302162831125 0.02001849885174636 -0.010675721429046093 0.025008241675172373 -0.0083103008880279113 -0.023102491744541889 -0.0035950796686471166 0.19714126454074477 -0.049996925863723264 -0.00049528726790688544 0.14256910168808279 0.066181751234341044 0.0056564416047201862
leaf_weight=3349 20 26 38 21 20 25 26 54 75 64 43 47 36 2563 28 22 45 21 65 21 37 33 20 27 156 25 38 20 36 26
leaf_count=3349 20 26 38 21 20 25 26 54 75 64 43 47 36 2563 28 22 45 21 65 21 37 33 20 27 156 25 38 20 36 26
internal_value=-0.0109115 0.00190321 0.000886728 0.000621747 0.00407916 0.00471619 0.00997537 0.00324074 0.0020202 0.000457317 0.00955882 0.0176316 -0.000132089 3.6075e-05 0.000164474 0.0114583 0.00227273 0.00833333 0.000252525 0.00386179 -0.00172414 -0.0037037 -0.00708955 -0.00265957 0.0214286 0.000276957 0.00465517 -0.005 0.009 0.0153226
internal_weight=7027 3678 3496 3458 619 599 203 108 396 328 68 95 2839 2772 2736 48 264 66 198 123 58 54 67 47 182 2708 145 45 100 62
internal_count=7027 3678 3496 3458 619 599 203 108 396 328 68 95 2839 2772 2736 48 264 66 198 123 58 54 67 47 182 2708 145 45 100 62
is_linear=0
shrinkage=0.05


Tree=100
num_leaves=31
num_cat=0
split_feature=2 18 14 0 6 1 18 10 10 10 12 18 1 5 3 4 5 3 3 4 18 6 6 6 11 6 0 18 18 2
split_gain=502.321 27.183 9.08844 3.24919 2.35207 3.32233 2.234 2.77004 3.58272 2.85112 2.83744 2.23947 3.10178 1.78936 1.77512 3.2673 1.6771 2.06535 1.83179 1.80128 1.67491 1.66667 1.61288 1.7431 1.83962 1.59643 1.59188 4.39016 2.52525 2.13781
threshold=6.5000000000000009 79.35910441426401 77.740831887334039 855.50000000000011 59.500000000000007 401.90000000000003 58.27033266585677 0.99164058729498161 0.93225468035816139 0.70860043010605911 175.45503636807521 62.222568649603481 675.55000000000007 23.500000000000004 33.95000000000001 17.950000000000003 16.500000000000004 41.550000000000004 42.050000000000004 24.650000000000002 66.077347827369934 5.5000000000000009 15.500000000000002 1.5000000000000002 42.973782230612763 49.500000000000007 131.50000000000003 8.2073838487936044 6.3425238804615178 346.00000000000006
decision_type=2 2 2 2 2 2 2 2 2 2 2 2 2 2 2 2 2 2 2 2 2 2 2 2 2 2 2 2 2 2
left_child=-1 2 3 4 6 13 16 8 9 10 14 -12 20 -6 15 22 -2 19 -19 25 -13 -4 23 24 -8 -18 27 28 -15 -28
right_child=1 -3 21 -5 5 -7 7 -9 -10 -11 11 12 -14 26 -16 -17 17 18 -20 -21 -22 -23 -24 -25 -26 -27 29 -29 -30 -31
leaf_value=-0.00032921240509622279 -0.00078721081441170961 0.18548538081810195 0.093981728229154626 0.047375769545745072 0.0011281932115567272 -0.0085037339741058215 0.023044339261782378 -0.05778088137246265 0.043464184887834281 -0.0087661493834588107 0.041023541214449115 -0.00093809769636692413 0.062745060963485602 0.00020211026340555271 -0.001355416531588105 0.035543648820174314 0.00011620963325109646 0.0075354646531340386 0.0026349250349102962 -0.0030634961605091274 0.027593088959552859 0.016697973773776909 -0.0042345340263718612 0.02403767597235458 -0.0028714922287058188 0.0059156352930541008 -0.0042803485862070723 0.022913265131323215 -0.0096874969567234629 0.0063775052412509588
leaf_weight=3349 314 168 60 53 131 238 20 32 50 28 51 83 27 165 194 36 1138 24 23 113 100 20 22 25 51 47 362 23 33 47
leaf_count=3349 314 168 60 53 131 238 20 32 50 28 51 83 27 165 194 36 1138 24 23 113 100 20 22 25 51 47 362 23 33 47
internal_value=-0.0109755 0.00178086 0.000840456 0.000451895 0.000259106 -0.00177678 0.00111438 0.00344228 0.00411208 0.00310047 0.00381773 0.00775862 0.00547619 -0.000164258 0.000862069 0.00487013 0.000105485 0.000873606 0.0111702 0.00050077 0.00314208 0.0175 0.000847458 0.00364583 -0.000352113 0.00107595 -0.00126984 0.00214932 -0.000252525 -0.00311736
internal_weight=7027 3678 3510 3430 3377 999 2378 719 687 637 609 261 210 761 348 154 1659 1345 47 1298 183 80 118 96 71 1185 630 221 198 409
internal_count=7027 3678 3510 3430 3377 999 2378 719 687 637 609 261 210 761 348 154 1659 1345 47 1298 183 80 118 96 71 1185 630 221 198 409
is_linear=0
shrinkage=0.05


Tree=101
num_leaves=31
num_cat=0
split_feature=2 18 0 9 1 6 1 6 14 4 18 9 14 14 18 13 4 0 14 13 12 12 2 9 4 18 18 0 6 2
split_gain=496.217 25.4391 5.23819 4.24355 3.83744 2.6283 2.38936 2.31235 3.25469 2.74027 2.02438 1.95374 2.31407 1.8172 1.44314 1.60967 1.52185 1.71547 1.4354 1.37861 1.34649 2.20007 1.32725 1.37729 1.37245 2.72116 2.15172 1.88462 1.86032 1.84042
threshold=6.5000000000000009 74.811412097399256 689.50000000000011 -0.99466160899732459 708.80000000000007 33.500000000000007 717.10000000000014 7.5000000000000009 50.303189625999103 10.350000000000003 57.062578693457823 0.823915376013162 53.489269247574462 63.052656702654843 0.31370223637746403 0.018359880627067459 2.8500000000000001 489.50000000000006 57.558211527948693 0.92268313412340774 74.891342591732737 79.367970074977151 387.50000000000006 -0.80133140505177991 13.65 61.602137314521649 59.548657184400589 793.50000000000011 25.500000000000004 27.500000000000004
decision_type=2 2 2 2 2 2 2 2 2 2 2 2 2 2 2 2 2 2 2 2 2 2 2 2 2 2 2 2 2 2
left_child=-1 4 6 -4 7 19 -3 8 -2 11 -11 12 -10 18 -9 -16 17 -17 -12 -5 -18 -22 23 -23 25 26 -25 28 -27 -26
right_child=1 2 3 5 -6 -7 -8 14 9 10 13 -13 -14 -15 15 16 20 -19 -20 -21 21 22 -24 24 29 27 -28 -29 -30 -31
leaf_value=-0.0003127517848414117 -3.0193611527007393e-06 -0.0054972656444789436 -0.0054184499728208383 0.021258781357179402 0.069999652312117175 0.047339767779059731 0.042646923327168199 -0.00015650693341381363 0.037623112022765609 0.0059393399726184633 0.012525688497042609 0.02083284425093215 -0.0068457471913639274 0.042998722647917376 0.00032364457004802619 0.00034816327447906303 -0.0060422816959948339 -0.015910316888432165 -0.0016257553256693313 0.16139190983565116 0.0011597841330995618 0.0015347696747534556 0.017179980299736997 0.0002594394421293167 -0.0063744159228391164 -0.0028896085832172957 0.012768709701010295 0.0022639337909371449 -0.018423424053850113 -0.0017289190123747746
leaf_weight=3349 959 37 21 20 23 48 35 33 26 144 35 36 93 124 26 23 24 31 27 175 37 319 22 543 21 27 23 39 51 656
leaf_count=3349 959 37 21 20 23 48 35 33 26 144 35 36 93 124 26 23 24 31 27 175 37 319 22 543 21 27 23 39 51 656
internal_value=-0.0110609 0.00161773 0.0147321 0.0179924 0.000299222 0.019856 0.00277778 0.00015818 0.00166205 0.005 0.00757576 -0.000483871 -0.00357143 0.0110215 -0.001 -0.000814332 -0.000991189 -0.00925926 0.00403226 0.0224359 -0.000737798 -0.000575374 -0.000837743 -0.000997618 -0.00169118 -0.00010981 0.00132509 -0.00705128 -0.0115385 -0.00328656
internal_weight=7027 3678 336 264 3342 243 72 3319 1444 485 330 155 119 186 1875 1842 1816 54 62 195 1762 1738 1701 1679 1360 683 566 117 78 677
internal_count=7027 3678 336 264 3342 243 72 3319 1444 485 330 155 119 186 1875 1842 1816 54 62 195 1762 1738 1701 1679 1360 683 566 117 78 677
is_linear=0
shrinkage=0.05


Tree=102
num_leaves=31
num_cat=0
split_feature=2 1 14 6 18 1 9 18 3 9 5 3 6 11 2 15 12 4 14 10 1 5 2 5 16 5 5 9 5 6
split_gain=495.71 24.118 6.83717 4.2889 3.41492 2.80424 2.50317 2.28543 1.84213 1.76195 1.71461 1.66766 1.62538 2.2238 2.21458 1.81241 3.94507 2.26862 2.59957 1.93989 1.90678 1.76021 1.9094 1.63875 1.60087 1.53672 1.47408 1.44211 1.38682 1.63939
threshold=6.5000000000000009 720.25000000000011 69.652997572783448 10.500000000000002 67.043410044587873 652.00000000000011 -0.99273952934267318 64.663986163741143 46.250000000000007 0.29259762607704992 16.500000000000004 35.95000000000001 63.500000000000007 31.794833518443955 352.50000000000006 59.122303243579587 175.45503636807521 12.950000000000001 54.115995644160165 -0.87792756428346708 541.05000000000007 80.500000000000014 214.50000000000003 25.500000000000004 19.926272003633439 39.500000000000007 18.500000000000004 0.46735488928835739 75.500000000000014 89.500000000000014
decision_type=2 2 2 2 2 2 2 2 2 2 2 2 2 2 2 2 2 2 2 2 2 2 2 2 2 2 2 2 2 2
left_child=-1 2 8 4 7 11 -6 -4 10 -3 27 -5 15 -14 21 26 17 18 -17 -18 -19 22 -15 24 -24 -25 -12 -2 29 -27
right_child=1 9 3 5 6 -7 -8 -9 -10 -11 12 -13 13 14 -16 16 19 20 -20 -21 -22 -23 23 25 -26 28 -28 -29 -30 -31
leaf_value=-0.0002971141955993411 0.0036770842376644187 0.039158629477083907 0.021750522680291342 -0.0094480114353146412 0.0020233687695828451 0.020059794607709593 0.059225655297171192 -0.0087328313685773647 0.024760492764883679 0.17292590959596055 0.0086753943105726712 0.013105976803327125 0.00017878611125589084 -0.020936437484424354 0.005742163301722592 0.005934759415443836 0.011688661965029469 -0.00171642235829097 -0.0053114774059476845 0.045022161551576727 0.022793742323705148 0.0043863991752212343 0.014454197341198594 -0.011737107522943546 -0.015726974866478293 0.0029563538757525266 3.9462426576994393e-05 -0.0014068618817352887 -0.014436736222407376 -0.0068462849137361564
leaf_weight=3349 40 20 64 48 20 49 119 23 23 129 69 36 385 60 44 45 65 59 86 48 59 34 20 79 22 37 1411 436 21 127
leaf_count=3349 40 20 64 48 20 49 119 23 23 129 69 36 385 60 44 45 65 59 86 48 59 34 20 79 22 37 1411 436 21 127
internal_value=-0.011068 0.00160413 0.000772173 0.00731198 0.0115044 0.00018797 0.0163669 0.00373563 3.15457e-05 0.0213087 -7.14967e-05 -0.00535714 0.000421191 -0.00141737 -0.00382883 0.00124864 0.00441989 0.000903614 -0.00362595 0.0121681 0.0059322 -0.005 -0.00601093 -0.00441176 0.0047619 -0.00587121 0.000472973 -0.00283613 -0.00337838 -0.00182927
internal_weight=7027 3678 3529 359 226 133 139 87 3170 149 3147 84 2671 829 444 1842 362 249 131 113 118 400 366 306 42 264 1480 476 185 164
internal_count=7027 3678 3529 359 226 133 139 87 3170 149 3147 84 2671 829 444 1842 362 249 131 113 118 400 366 306 42 264 1480 476 185 164
is_linear=0
shrinkage=0.05


Tree=103
num_leaves=31
num_cat=0
split_feature=2 1 14 0 18 10 6 6 18 0 4 3 12 11 4 1 14 0 13 18 2 0 0 17 16 18 12 12 10 12
split_gain=497.232 23.2055 6.91456 3.68259 3.4547 2.20618 2.15408 1.82085 3.18999 2.20893 2.31787 2.26476 1.82717 2.67407 1.75672 2.293 1.75177 2.02572 1.6248 1.49602 2.01456 1.89499 1.85732 2.10745 2.538 1.55077 1.35601 1.33293 1.4889 1.6071
threshold=6.5000000000000009 720.25000000000011 75.235558279728778 879.50000000000011 67.043410044587873 0.94968266440323645 5.5000000000000009 88.500000000000014 61.183944283606728 684.50000000000011 12.950000000000001 34.050000000000004 153.11171548419034 56.05731918080911 19.050000000000004 551.25000000000011 68.03082633860059 800.50000000000011 0.87003859599111821 6.3425238804615178 80.500000000000014 131.50000000000003 65.500000000000014 20.974846503015574 21.287228689081797 59.548657184400589 115.10957683589019 286.50129019879785 -0.98208922706762081 288.4085263144878
decision_type=2 2 2 2 2 2 2 2 2 2 2 2 2 2 2 2 2 2 2 2 2 2 2 2 2 2 2 2 2 2
left_child=-1 2 3 7 -4 -3 -6 9 19 27 12 -12 -11 -14 15 -10 -15 -18 -13 22 -21 -22 23 -9 26 -23 -25 -2 -29 -30
right_child=1 5 4 -5 6 -7 -8 8 14 10 11 18 13 16 -16 -17 17 -19 -20 20 21 25 -24 24 -26 -27 -28 28 29 -31
leaf_value=-0.00028225848581937406 9.6125971109972674e-05 0.16794507837770106 -0.0011636570871811358 0.056264372532312736 0.078027134681475735 0.029300431707191876 0.024652151937697653 -0.0047139191351031375 -0.023642340641817406 -0.0028985639950612099 0.027605062401848103 0.026637911756299107 0.037880841403858771 0.013449957294728067 0.0081989615209680632 -0.01055372850763945 -0.022862562214922024 0.011281316115955776 0.0044908197746970305 -0.0089099473296503813 0.0043743175351625757 -0.0026867848783410867 0.009048114427570475 0.0012104983498819985 -0.00093353953641791578 0.0096222879327214628 0.00035853965156923965 0.00048214464055023611 -0.0071189202681889892 -0.00037028670299030789
leaf_weight=3349 1905 128 40 29 73 21 37 30 38 96 55 21 45 88 24 47 26 21 207 29 34 425 24 22 20 24 40 28 28 73
leaf_count=3349 1905 128 40 29 73 21 37 30 38 96 55 21 45 88 24 47 26 21 207 29 34 425 24 22 20 24 40 28 28 73
internal_value=-0.0110467 0.00164492 0.000828847 0.000362533 0.0113333 0.0209732 0.0159091 0.000208955 -0.00194848 0.000838797 0.00362254 0.00680212 0.000362319 0.00333333 -0.00986239 -0.0132353 -0.000185185 -0.00797872 0.00460526 -0.000617284 -0.00185547 -0.00108696 0.00404412 0.00133929 0.0054878 -0.00194878 0.0104839 7.37463e-05 -0.00484496 -0.00767327
internal_weight=7027 3678 3529 3379 150 149 110 3350 757 2593 559 283 276 180 109 85 135 47 228 648 512 483 136 112 82 449 62 2034 129 101
internal_count=7027 3678 3529 3379 150 149 110 3350 757 2593 559 283 276 180 109 85 135 47 228 648 512 483 136 112 82 449 62 2034 129 101
is_linear=0
shrinkage=0.05


Tree=104
num_leaves=31
num_cat=0
split_feature=2 18 14 18 10 17 6 12 16 17 3 5 9 14 12 10 10 18 13 10 18 2 1 15 2 4 4 15 6 14
split_gain=497.739 22.0685 7.06462 3.63353 3.80738 2.48768 2.64427 2.57249 1.45055 1.6229 1.28436 1.22542 1.22255 1.98965 1.35433 3.20675 2.64706 2.50932 2.95711 2.25604 1.92395 4.19543 1.88651 1.69185 2.49002 1.72968 2.11764 2.2345 1.71256 1.67299
threshold=6.5000000000000009 80.371280625636928 78.802865643448854 69.569615983355462 0.99164058729498161 31.511135356097018 5.5000000000000009 153.11171548419034 23.508331148435122 32.849889944089107 38.750000000000007 24.500000000000004 -0.99762106698677366 17.683143624006785 219.96597446794698 0.99164058729498161 0.96457844552971317 1.8469460409689256 0.028901772731160725 0.98927755889796032 6.3425238804615178 78.500000000000014 41.150000000000013 11.229541520966139 139.50000000000003 17.050000000000004 13.65 57.236751765938415 4.5000000000000009 6.630797340928706
decision_type=2 2 2 2 2 2 2 2 2 2 2 2 2 2 2 2 2 2 2 2 2 2 2 2 2 2 2 2 2 2
left_child=-1 2 3 8 5 6 7 11 12 -10 -8 -5 13 -2 15 16 29 18 -16 20 22 -22 -19 -23 -25 26 -26 -28 -27 -14
right_child=1 -3 -4 4 -6 -7 10 -9 9 -11 -12 -13 14 -15 17 -17 -18 19 -20 -21 21 23 -24 24 25 28 27 -29 -30 -31
leaf_value=-0.00026814556152840533 0.00013453180799052333 0.20725011990186745 0.066570953832598076 0.051239725072179713 -0.057601345962967447 -0.0065803442329901429 0.0070542336115813958 0.044675572924596452 0.002665988177789025 -0.00072387297049307802 -0.026518930212235149 -0.0022490010306647434 0.00013899559001850914 -0.01062618667355757 -2.3362784763669708e-05 -0.03813121851173449 0.0119171341925707 0.000188607807715524 -0.010272970947809391 0.11284267690313038 -0.013837583194075709 -0.002051081828320278 0.0095783210870916125 0.010403786279265682 0.00089380613840255312 0.012889658827210937 -0.0097534484687674464 0.0076115907386874685 0.00084334748859653534 -0.0027346404131350257
leaf_weight=3349 21 126 74 21 26 29 161 111 185 70 21 37 487 48 75 25 28 85 39 21 32 138 46 122 371 104 107 33 202 833
leaf_count=3349 21 126 74 21 26 29 161 111 185 70 21 37 487 48 75 25 28 85 39 21 32 138 46 122 371 104 107 33 202 833
internal_value=-0.0110396 0.00165851 0.000929054 0.000603795 0.00504926 0.00631579 0.00747863 0.0119822 1.6276e-05 0.00362745 0.0032967 0.00344828 -0.000310614 -0.00688406 -0.00014556 -0.00125637 -0.0009273 0.000963636 -0.00614035 0.00160587 0.00133065 0.000653742 0.00706107 0.00118384 0.00194356 0.000948592 -0.000831703 -0.00607143 0.00392157 -0.00125
internal_weight=7027 3678 3552 3478 406 380 351 169 3072 255 182 58 2817 69 2748 1373 1348 1375 114 1261 1240 1109 131 1077 939 817 511 140 306 1320
internal_count=7027 3678 3552 3478 406 380 351 169 3072 255 182 58 2817 69 2748 1373 1348 1375 114 1261 1240 1109 131 1077 939 817 511 140 306 1320
is_linear=0
shrinkage=0.05


Tree=105
num_leaves=31
num_cat=0
split_feature=2 18 14 6 0 11 6 18 17 0 9 18 6 2 11 4 10 9 9 13 11 2 18 14 14 18 4 1 16 3
split_gain=495.203 21.3683 6.0044 3.55566 2.69856 2.1448 1.38302 2.54674 1.81521 1.75941 2.46483 1.83943 1.77011 1.84935 1.72391 1.61513 2.06441 1.73517 1.51945 2.12626 2.16071 2.32806 2.37193 2.00286 2.40527 1.8722 2.04209 1.61731 1.56772 1.68896
threshold=6.5000000000000009 80.371280625636928 73.523255476990641 17.500000000000004 855.50000000000011 41.094793929210418 92.500000000000014 61.183944283606728 27.213224174078771 81.500000000000014 -0.99273952934267318 4.3732017446696894 2.5000000000000004 27.500000000000004 68.865990354291583 9.7500000000000018 0.098816478347602127 0.090250774277322809 -0.71163026189156942 0.96151377505677904 22.957544329772265 154.50000000000003 39.379248456559957 6.630797340928706 8.5026160070816434 19.236942004250984 8.0500000000000025 290.05000000000001 21.026728558186846 19.450000000000003
decision_type=2 2 2 2 2 2 2 2 2 2 2 2 2 2 2 2 2 2 2 2 2 2 2 2 2 2 2 2 2 2
left_child=-1 2 4 5 6 -4 9 -8 14 11 -11 12 15 -14 -9 -2 17 -17 19 20 -12 27 -23 25 -25 28 -27 -22 -20 -30
right_child=1 -3 3 -5 -6 -7 7 8 -10 10 18 -13 13 -15 -16 16 -18 -19 23 -21 21 22 -24 24 -26 26 -28 -29 29 -31
leaf_value=-0.0002547382834519851 0.0012972306425950931 0.19688761390677387 0.022642566785931708 -0.0037592937219478985 0.038603242237580562 0.057901049296940954 -0.00015922408637204582 0.0074689294894508158 -0.021897158192604141 -0.0050319291351705433 0.015417322729708039 -0.0030003254484655796 -0.00094587095569537984 0.00015868386900834143 -0.013536544556020403 0.001238567570062854 -0.0034391165239171864 2.3115291132119743e-05 0.0022140166813356954 0.021158491523872416 0.00010401224306302304 0.030741719566347393 0.00050154130833721664 -0.011571184516324086 0.0002726300341202137 0.0018250357928954132 0.033564959986669862 -0.0077768754239286864 0.028877352330360484 -0.015956537685219187
leaf_weight=3349 28 126 66 55 47 104 592 22 37 115 70 101 92 66 27 26 26 73 80 62 20 38 190 56 1410 23 39 32 20 35
leaf_count=3349 28 126 66 55 47 104 592 22 37 115 70 101 92 66 27 26 26 73 80 62 20 38 190 56 1410 23 39 32 20 35
internal_value=-0.0110751 0.00159054 0.000872748 0.00877778 0.000338142 0.0123529 0.000167683 -0.00184366 -0.00988372 0.000691776 0.00125571 -0.00230583 -0.000401929 -0.00411392 -0.00357143 0.00343137 0.001 0.00429293 0.0016506 0.00436893 0.00285714 0.000892857 0.00307018 0.00097715 0.000341064 0.00571066 0.0129032 -0.00865385 0.00240741 -0.00409091
internal_weight=7027 3678 3552 225 3327 170 3280 678 86 2602 2190 412 311 158 49 153 125 99 2075 412 350 280 228 1663 1466 197 62 52 135 55
internal_count=7027 3678 3552 225 3327 170 3280 678 86 2602 2190 412 311 158 49 153 125 99 2075 412 350 280 228 1663 1466 197 62 52 135 55
is_linear=0
shrinkage=0.05


Tree=106
num_leaves=31
num_cat=0
split_feature=2 18 18 6 10 12 4 12 10 12 3 1 10 3 0 6 4 3 1 2 0 3 16 1 4 5 4 18 6 18
split_gain=492.168 20.7076 5.7145 3.36169 3.4681 5.3518 2.56973 1.85534 2.75826 2.46168 1.76278 3.9678 2.28857 1.68145 2.19561 1.68418 1.94768 3.05103 2.32084 1.60577 1.76039 1.55002 1.37619 1.36156 1.30846 1.37924 2.09516 1.25066 2.38514 1.37762
threshold=6.5000000000000009 80.371280625636928 71.243211811742199 4.5000000000000009 0.99164058729498161 153.11171548419034 14.450000000000001 175.45503636807521 0.99164058729498161 273.4060019381904 15.350000000000003 195.40000000000003 0.75546532993267179 32.750000000000007 646.50000000000011 87.500000000000014 15.850000000000003 36.050000000000004 193.10000000000005 210.50000000000003 832.00000000000011 12.350000000000003 22.49974786182614 10.450000000000001 4.7500000000000009 48.500000000000007 7.1500000000000012 67.043410044587873 11.500000000000002 62.39958509789053
decision_type=2 2 2 2 2 2 2 2 2 2 2 2 2 2 2 2 2 2 2 2 2 2 2 2 2 2 2 2 2 2
left_child=-1 2 7 4 5 22 19 8 10 27 11 -2 13 14 23 16 18 -18 -15 -5 -21 -13 -4 -12 -20 26 -26 29 -29 -9
right_child=1 -3 3 6 -6 -7 -8 9 -10 -11 12 21 -14 15 -16 -17 17 -19 24 20 -22 -23 -24 -25 25 -27 -28 28 -30 -31
leaf_value=-0.00024200136927938584 -0.001109976664605128 0.18704323321143548 0.042668593721283093 0.0061893674183551191 -0.052576143104873553 0.063621766992481107 0.018056749843838205 0.0018380155105213417 -0.038030611686773623 -0.00017847867533831216 0.00038658299104013251 0.082487692685786138 -0.013608690750499265 0.0032113781278768185 0.016092631434922212 -0.01949164925209175 -0.013839995709202047 0.00016912433658369255 -0.014188390977789213 -0.012512860715860797 0.010615750958761085 0.0056103250618409822 -0.0038827888550382996 -0.00014355658099718394 0.012366469817895265 0.0058014585602755636 -0.0039094530602682203 0.042188061652193201 -0.0015073011499065815 -0.0024325173528769286
leaf_weight=3349 47 126 28 47 21 125 50 950 26 472 52 25 55 20 36 77 96 100 20 51 24 39 32 736 26 36 113 63 46 139
leaf_count=3349 47 126 28 47 21 125 50 950 26 472 52 25 55 20 36 77 96 100 20 51 24 39 32 736 26 36 113 63 46 139
internal_value=-0.0111178 0.00150897 0.000802365 0.00661376 0.0109223 0.0131081 0.00145349 0.000110271 -0.00116356 0.00125749 -0.000879567 0.00518018 -0.00137162 -0.000952744 0.000424757 -0.00327869 -0.0020073 -0.00561224 0.00127907 -0.00245902 -0.007 0.0132813 0.000833333 -0.000126904 -0.000384615 0.001 -0.00125899 0.00246244 0.00756881 0.00195133
internal_weight=7027 3678 3552 378 206 185 172 3174 1504 1670 1478 111 1367 1312 824 488 411 196 215 122 75 64 60 788 195 175 139 1198 109 1089
internal_count=7027 3678 3552 378 206 185 172 3174 1504 1670 1478 111 1367 1312 824 488 411 196 215 122 75 64 60 788 195 175 139 1198 109 1089
is_linear=0
shrinkage=0.05


Tree=107
num_leaves=31
num_cat=0
split_feature=2 18 18 12 14 18 10 3 13 6 14 12 18 13 10 15 5 3 11 9 10 1 18 18 18 11 9 9 16 18
split_gain=492.673 19.8758 5.20782 3.16069 1.57696 2.04699 1.53869 2.56485 1.7056 3.46681 1.62487 1.39833 2.465 3.09537 2.20074 1.86312 2.11075 1.72504 1.92048 1.64654 1.62682 1.56001 1.55602 2.67917 2.36641 2.02227 2.01355 1.84091 1.52009 1.51545
threshold=6.5000000000000009 80.042717380436031 71.243211811742199 215.99201746317308 75.479305012781609 81.371457857181568 0.99164058729498161 20.050000000000004 0.91989825116152757 4.5000000000000009 65.083101121541063 175.45503636807521 1.8469460409689256 0.028901772731160725 0.99164058729498161 2.482239539860871 74.500000000000014 37.45000000000001 52.005368904640719 -0.79091635943066485 0.93225468035816139 10.450000000000001 67.043410044587873 61.859443515976871 58.984086898776248 41.690312308066318 -0.90698021620945013 0.84753307444029569 17.191465796720639 56.793568258124687
decision_type=2 2 2 2 2 2 2 2 2 2 2 2 2 2 2 2 2 2 2 2 2 2 2 2 2 2 2 2 2 2
left_child=-1 2 11 6 5 -3 7 -4 -9 -10 -11 14 13 -13 20 -14 17 18 22 -20 21 -2 23 24 25 26 -17 -25 -28 -21
right_child=1 4 3 -5 -6 -7 -8 8 9 10 -12 12 15 -15 -16 16 -18 -19 19 29 -22 -23 -24 27 -26 -27 28 -29 -30 -31
leaf_value=-0.00022990130081541654 0.00036725384148812712 0.013358559797222825 0.038652359429026006 0.080179220941792556 0.22291182808162519 0.13566430591258224 -0.049947335949629947 -0.0027401017010568298 0.054196179604543461 0.013435147813966354 -0.0050263108569758687 -1.1217648567624083e-05 0.00065638067073071633 -0.0098039296281602246 -0.036129081102434915 0.01323878508947578 -0.0043516814572929444 -0.00012197083495506522 0.042371289680480297 0.018046951798509524 0.0048985422723454523 -0.00047756151682101235 0.042061668751019354 -0.013352955148345913 0.047436590768415603 -0.0074196981565220815 0.0047863905803614774 0.0061789704780032652 0.00017939912765276846 -0.00086237641179032209
leaf_weight=3349 56 21 25 43 83 36 21 80 79 27 89 85 61 39 26 91 40 649 36 31 55 1367 30 22 26 56 59 22 376 47
leaf_count=3349 56 21 25 43 83 36 21 80 79 27 89 85 61 39 26 91 40 649 36 31 55 1367 30 22 26 56 59 22 376 47
internal_value=-0.0111107 0.00152257 0.000791408 0.00645604 0.02 0.0135965 0.00475078 0.00566667 0.00427273 0.00679487 0.0012931 0.000141777 0.00113772 -0.00564516 -0.000964096 0.00168176 0.00132997 0.0016436 0.00320352 0.00921053 -0.000710419 -0.00103654 0.00219941 0.00168712 0.00254934 0.00189003 0.00285171 -0.0102273 0.00143678 0.00512821
internal_weight=7027 3678 3538 364 140 57 321 300 275 195 116 3174 1670 124 1504 1546 1485 1445 796 114 1478 1423 682 652 608 582 526 44 435 78
internal_count=7027 3678 3538 364 140 57 321 300 275 195 116 3174 1670 124 1504 1546 1485 1445 796 114 1478 1423 682 652 608 582 526 44 435 78
is_linear=0
shrinkage=0.05


Tree=108
num_leaves=31
num_cat=0
split_feature=2 18 14 13 10 6 18 9 14 18 12 12 12 4 4 18 15 10 3 6 5 16 4 4 14 4 10 16 10 9
split_gain=487.13 19.4317 4.7906 2.40121 2.09007 2.63791 2.35489 2.28717 1.8435 2.00585 1.39369 1.17452 1.62187 1.15647 2.17023 1.60785 1.70648 1.27742 1.27438 1.6127 1.25568 1.24327 1.21212 1.04099 1.41951 1.8725 1.0497 1.72507 1.48259 2.66819
threshold=6.5000000000000009 80.042717380436031 80.401147265117245 0.90660818628471984 0.99164058729498161 12.500000000000002 70.433985130047475 -0.99273952934267318 75.479305012781609 82.73989618945761 232.83416410264837 137.93070257448517 166.51046839015399 23.950000000000003 17.650000000000002 60.725745048319631 48.380807188321221 -0.83352489619613901 38.95000000000001 32.500000000000007 27.500000000000004 20.712985043877342 9.9500000000000011 2.8500000000000001 57.293849119280786 1.9500000000000002 0.88999460902669758 18.717095282344332 0.7440763776038376 0.60505046667002438
decision_type=2 2 2 2 2 2 2 2 2 2 2 2 2 2 2 2 2 2 2 2 2 2 2 2 2 2 2 2 2 2
left_child=-1 2 3 23 5 6 10 -8 9 -3 11 -5 -13 14 15 -7 -17 -16 19 21 -21 -18 -22 24 25 -2 28 -28 -25 -30
right_child=1 8 -4 4 -6 13 7 -9 -10 -11 -12 12 -14 -15 17 16 18 -19 -20 20 22 -23 -24 26 -26 -27 27 -29 29 -31
leaf_value=-0.00021840623577464572 0.00056986912845573561 0.020779328263825295 0.060405947089301651 0.0040577008521568208 -0.047031021631920571 0.015129081523516065 -0.024064428666223138 0.042592461441821786 0.21176623667754413 0.19012484401331237 0.016078264306174539 -0.010744268401583669 0.0058339744369821037 -0.0027119207206997235 0.00062501049103893538 -0.01844527247663539 0.01870099599005819 0.015050276861442669 -0.0095305227508411874 0.00062201780344892663 0.00029185948961547582 0.0056284097474918584 -0.032602162805537384 -5.1332402318138294e-06 -0.022310501283798169 -0.0025713664750224297 0.033113483897814787 0.0015116840907660523 -0.00084759881341405223 -0.017375813476641255
leaf_weight=3349 20 36 44 42 25 39 23 134 83 21 68 23 26 26 22 22 20 40 33 29 20 37 24 2444 20 27 23 183 87 37
leaf_count=3349 20 36 44 42 25 39 23 134 83 21 68 23 26 26 22 22 20 40 33 29 20 37 24 2444 20 27 23 183 87 37
internal_value=-0.011189 0.00137303 0.000650085 0.000443618 0.00317764 0.00374204 0.00696203 0.0113057 0.0196429 0.0127193 0.00267296 -0.00137363 -0.00663265 0.000480769 0.0013986 -0.000892857 -0.00283784 0.00967742 -0.00107362 0.00115385 -0.00376712 0.00745614 -0.00909091 -0.000184794 -0.00634328 -0.00159574 -3.6049e-05 0.00339806 -0.000311526 -0.00564516
internal_weight=7027 3678 3538 3494 653 628 316 157 140 57 159 91 49 312 286 224 185 62 163 130 73 57 44 2841 67 47 2774 206 2568 124
internal_count=7027 3678 3538 3494 653 628 316 157 140 57 159 91 49 312 286 224 185 62 163 130 73 57 44 2841 67 47 2774 206 2568 124
is_linear=0
shrinkage=0.05


Tree=109
num_leaves=31
num_cat=0
split_feature=2 18 14 18 14 18 0 3 1 4 15 2 6 18 15 18 18 3 17 12 12 18 18 14 0 18 15 18 4 17
split_gain=483.619 19.6347 4.20352 2.5563 1.8435 2.00585 1.53409 1.41527 1.29141 1.6559 1.21377 1.17996 1.4412 3.0277 1.54927 1.50078 3.49785 1.4118 1.43199 1.40121 1.30064 1.28446 2.26115 2.07879 1.27389 1.49926 1.89666 2.01524 3.025 1.73571
threshold=6.5000000000000009 80.042717380436031 80.401147265117245 71.243211811742199 75.479305012781609 82.73989618945761 826.50000000000011 46.250000000000007 717.10000000000014 14.850000000000003 73.50151539067366 387.50000000000006 80.500000000000014 45.511762128286534 65.966577523730351 37.199530931578501 34.108868229636094 43.250000000000007 25.667907572438232 112.65631636397849 234.49400325887072 30.59281575553609 23.290400734930685 29.573225210049333 254.50000000000003 17.685032753126457 11.229541520966139 6.3425238804615178 15.450000000000001 20.974846503015574
decision_type=2 2 2 2 2 2 2 2 2 2 2 2 2 2 2 2 2 2 2 2 2 2 2 2 2 2 2 2 2 2
left_child=-1 2 3 7 5 -3 8 11 9 10 -5 12 17 15 -15 16 21 -2 -19 -17 -21 22 24 -23 25 26 27 29 -29 -14
right_child=1 4 -4 6 -6 -7 -8 -9 -10 -11 -12 -13 13 14 -16 19 -18 18 -20 20 -22 23 -24 -25 -26 -27 -28 28 -30 -31
leaf_value=-0.00020748592398591345 0.00016507550689013329 0.019740361850633905 0.057385649734836265 0.00073524136676041965 0.20117792484366676 0.18061860181264677 0.039754667270388566 0.019890597035613314 0.029837995102566597 0.014023510878066858 -0.012439142597644094 0.015735933582468144 -0.0016410681696097829 -0.0072426431611647864 -0.019241184499460041 -0.0050538054385329545 -0.026748419786221691 -0.01037380249690294 -0.0011474073646589034 0.021226367313480668 0.00051765964259615777 0.031283864825282136 -0.010164962288330238 -0.00063891447073896048 0.0053984462056913436 -0.013282800868773849 0.0045946365931145428 2.2351068723236445e-05 -0.021631147308620525 0.00032769334909564242
leaf_weight=3349 2225 36 44 121 83 21 66 26 45 60 38 22 35 154 50 20 41 26 87 21 34 20 47 22 33 58 78 36 24 105
leaf_count=3349 2225 36 44 121 83 21 66 26 45 60 38 22 35 154 50 20 41 26 87 21 34 20 47 22 33 58 78 36 24 105
internal_value=-0.0112388 0.00127787 0.000551159 0.000357756 0.0196429 0.0127193 0.00454545 -7.90139e-05 0.00284091 0.00125571 -0.00141509 -0.000175271 -0.000256739 -0.00212082 -0.00735294 -0.000261324 -0.00125251 0.000363559 -0.0050885 0.00633333 0.0104545 0 -0.000841346 0.00833333 0.000474255 -0.000446429 0.00107914 -0.0015 -0.00916667 0.00178571
internal_weight=7027 3678 3538 3494 140 57 330 3164 264 219 159 3138 3116 778 204 574 499 2338 113 75 55 458 416 42 369 336 278 200 60 140
internal_count=7027 3678 3538 3494 140 57 330 3164 264 219 159 3138 3116 778 204 574 499 2338 113 75 55 458 416 42 369 336 278 200 60 140
is_linear=0
shrinkage=0.05


Tree=110
num_leaves=31
num_cat=0
split_feature=2 18 14 6 3 14 18 18 18 3 14 13 1 3 6 18 17 11 18 0 18 7 17 11 4 15 4 4 4 4
split_gain=486.628 19.4606 3.88609 3.18191 2.92699 1.8435 2.00585 1.62198 2.11554 1.35713 1.22881 1.19034 1.21432 1.14744 1.18586 2.68883 2.21708 2.13336 1.80641 1.47718 1.33734 2.47586 1.50341 1.31814 1.58242 1.83115 1.29467 2.11359 1.97646 1.34026
threshold=6.5000000000000009 80.042717380436031 71.744889206980858 13.500000000000002 22.550000000000004 75.479305012781609 82.73989618945761 67.298710411985823 64.286490318558648 46.250000000000007 76.924746971133771 0.94388784892013045 705.1500000000002 43.650000000000013 92.500000000000014 61.183944283606728 27.955203777088894 68.865990354291583 59.548657184400589 855.50000000000011 17.685032753126457 0.37940952255126054 20.883828980094236 1.1403805686558013 10.850000000000003 0.70748362666980424 15.850000000000003 20.250000000000004 14.050000000000002 11.750000000000002
decision_type=2 2 2 2 2 2 2 2 2 2 2 2 2 2 2 2 2 2 2 2 2 2 2 2 2 2 2 2 2 2
left_child=-1 2 9 4 -4 6 -3 8 -6 13 -5 -9 -13 14 19 18 17 -17 20 23 22 26 -16 24 -2 -26 28 -28 29 -22
right_child=1 5 3 10 7 -7 -8 11 -10 -11 -12 12 -14 -15 15 16 -18 -19 -20 -21 21 -23 -24 -25 25 -27 27 -29 -30 -31
leaf_value=-0.00019711162778661778 0.00023556178714148059 0.018753343758102049 -0.0014307300668335188 0.0011123528545653016 0.019068055421666587 0.19111902860148364 0.17158767172201408 0.052314361160156864 -0.0028560128127125498 0.024916547593777594 -0.0075253543010958884 0.029628537998540594 0.077740309906935326 -0.0024821930022594697 -0.0028521992268696564 0.0052022611350992067 -0.027421956023798977 -0.011990846452177096 0.0088042893147164854 0.03151061904398169 -0.0053271132788280445 -0.018143807907025255 0.00042524149999443873 0.00024120132132310346 1.807316841264811e-05 -0.0056302433755411139 0.0090368838230684648 -0.00085331869053302263 -0.02693751770061761 0.016455015123198535
leaf_weight=3349 35 36 51 52 26 83 21 47 21 26 23 27 22 92 64 25 32 29 22 22 83 98 176 2351 25 40 36 50 32 31
leaf_count=3349 35 36 51 52 26 83 21 47 21 26 23 27 22 92 64 25 32 29 22 22 83 98 176 2351 25 40 36 50 32 31
internal_value=-0.0111961 0.00135943 0.000635953 0.00641264 0.00979381 0.0196429 0.0127193 0.0134615 0.00585106 0.0001606 -0.00233333 0.0171875 0.0117347 6.93802e-05 0.000230086 -0.00162242 -0.00988372 -0.0037037 -0.000422297 0.00073797 -0.000964912 -0.0030303 0.001875 0.000622195 -0.005 -0.00961538 -0.000215517 0.00465116 -0.00308219 0
internal_weight=7027 3678 3538 269 194 140 57 143 47 3269 75 96 49 3243 3151 678 86 54 592 2473 570 330 240 2451 100 65 232 86 146 114
internal_count=7027 3678 3538 269 194 140 57 143 47 3269 75 96 49 3243 3151 678 86 54 592 2473 570 330 240 2451 100 65 232 86 146 114
is_linear=0
shrinkage=0.05


Tree=111
num_leaves=31
num_cat=0
split_feature=2 18 18 6 12 2 14 18 12 18 13 1 15 10 13 17 15 6 10 6 10 16 11 16 4 16 9 18 15 4
split_gain=485.624 19.4448 3.85925 2.13634 2.92406 1.84618 1.45968 1.75241 1.40713 2.72087 2.88503 2.30766 2.25227 1.95725 1.96717 1.99896 1.90287 1.71373 1.62641 1.66425 1.93558 1.49383 1.46777 1.44094 1.63203 1.44109 1.40381 1.55105 2.91164 1.99647
threshold=6.5000000000000009 80.371280625636928 71.243211811742199 9.5000000000000018 203.19880857529418 217.50000000000003 75.479305012781609 82.73989618945761 175.45503636807521 1.8469460409689256 0.028901772731160725 10.450000000000001 2.482239539860871 -0.67758968959607091 0.99939540507859748 24.359223861871126 68.568879458913685 32.500000000000007 0.99164058729498161 92.500000000000014 0.96457844552971317 15.629519646332595 39.485989132386152 20.10298157753639 17.550000000000004 18.792711537985227 -0.99762106698677366 6.3425238804615178 8.1201165864714167 10.450000000000001
decision_type=2 2 2 2 2 2 2 2 2 2 2 2 2 2 2 2 2 2 2 2 2 2 2 2 2 2 2 2 2 2
left_child=-1 2 8 4 5 -4 7 -3 11 10 -10 -2 -11 17 15 21 18 22 19 20 -13 -15 -14 25 -25 -24 -17 -28 -29 -30
right_child=1 6 3 -5 -6 -7 -8 -9 9 12 -12 16 13 14 -16 26 -18 -19 -20 -21 -22 -23 23 24 -26 -27 27 28 29 -31
leaf_value=-0.0001872560463972869 0.0003541573705662705 0.019583636827783125 0.0050411327555963227 0.00047218232372152617 0.065154241103182284 0.037284568696892249 0.18441146901156352 0.16300828813591367 -3.0431968829236489e-05 0.00060350445779511208 -0.0091160589578579646 -6.7441449102645379e-05 -0.0008227333011226357 0.002851550624130761 0.041240601995328065 -0.003261661893539991 -0.010163676565074021 -0.0016633517906147867 -0.034418525093262112 -0.0040027737312665406 0.032162930566462043 0.013288097046773473 -8.9948259505945324e-05 -0.0069844357282480736 0.0083982548394299535 0.019703269607036413 0.0073657572882538606 -0.00788299837364872 -0.00038954066512435497 0.0048298473157506018
leaf_weight=3349 56 29 116 146 76 40 76 21 85 61 39 1099 125 46 21 40 50 247 26 247 26 31 31 39 77 70 49 28 248 433
leaf_count=3349 56 29 116 146 76 40 76 21 85 61 39 1099 125 46 21 40 50 247 26 247 26 31 31 39 77 70 49 28 248 433
internal_value=-0.0112103 0.00133225 0.000647523 0.00542328 0.00840517 0.00448718 0.0206349 0.014 7.8765e-05 0.00107784 -0.00604839 -0.00103059 0.00164942 0.00126263 0.00273438 0.00237143 -0.00141575 -0.000976231 -0.00107296 -0.000838192 -2.22222e-05 0.0100649 0.00131579 0.00380184 0 0.00816832 0.00162907 0.00211082 0.00151622 0.00216593
internal_weight=7027 3678 3552 378 232 156 126 50 3174 1670 124 1504 1546 1485 896 875 1448 589 1398 1372 1125 77 342 217 116 101 798 758 709 681
internal_count=7027 3678 3552 378 232 156 126 50 3174 1670 124 1504 1546 1485 896 875 1448 589 1398 1372 1125 77 342 217 116 101 798 758 709 681
is_linear=0
shrinkage=0.05


Tree=112
num_leaves=31
num_cat=0
split_feature=2 18 14 6 3 18 14 18 3 12 13 4 2 3 6 18 18 12 17 11 12 14 0 12 18 18 9 18 13 2
split_gain=482.118 19.637 3.63247 2.77209 3.0478 1.85607 1.45968 1.75241 1.37546 1.3417 1.25787 1.24447 1.14566 1.08404 1.19445 3.51162 2.17813 1.94276 1.9184 2.29932 1.76656 2.20543 1.51456 1.42013 1.11397 3.51471 2.1332 2.06359 4.30786 2.27182
threshold=6.5000000000000009 80.371280625636928 71.744889206980858 10.500000000000002 22.550000000000004 67.043410044587873 75.479305012781609 82.73989618945761 46.250000000000007 240.08098772759664 0.94525106900092293 10.350000000000003 387.50000000000006 43.650000000000013 92.500000000000014 61.183944283606728 6.3425238804615178 107.9481807936529 27.955203777088894 69.711898203935974 96.763477727683451 9.737565236803631 855.50000000000011 282.19802610782676 9.9355854023393793 16.420634257746357 -0.99273952934267318 8.9875434930812759 0.16638225255972697 90.500000000000014
decision_type=2 2 2 2 2 2 2 2 2 2 2 2 2 2 2 2 2 2 2 2 2 2 2 2 2 2 2 2 2 2
left_child=-1 2 8 4 11 9 7 -3 12 -6 -7 -4 13 14 22 16 20 -18 19 -17 -16 23 24 -22 27 -26 -27 28 29 -2
right_child=1 6 3 -5 5 10 -8 -9 -10 -11 -12 -13 -14 -15 15 18 17 -19 -20 -21 21 -23 -24 -25 25 26 -28 -29 -30 -31
leaf_value=-0.00017789324407742257 -5.7711263760863719e-05 0.01860445498639365 -0.020450044201745499 -0.0010532615885551877 -0.00269410914594026 0.046440931046989681 0.1751908955609853 0.15485787372911802 0.023481332175631045 0.016480656205725808 0.053280255387725364 0.016014676517679762 0.015216368759855926 -0.0025831273345770845 0.0010338510888908202 0.0028801179785780564 -0.012751995252502724 -0.00041328119656629529 -0.037549700325955906 -0.011895212911542608 -0.0023288314566340508 0.0033142953389447838 0.02797195882447703 7.8175498912531896e-05 0.012483439872490544 -0.007903292112263571 0.00061359519567822935 -0.0088508194165150215 0.0098005334942374185 -0.0058362680817749535
leaf_weight=3349 520 29 25 85 20 53 76 21 26 21 46 27 22 92 49 25 106 348 30 24 22 36 22 20 67 102 1674 37 26 27
leaf_count=3349 520 29 25 85 20 53 76 21 26 21 46 27 22 92 49 25 106 348 30 24 22 36 22 20 67 102 1674 37 26 27
internal_value=-0.0112601 0.00123709 0.000548986 0.00604693 0.009375 0.0132143 0.0206349 0.014 8.39695e-05 0.00426829 0.0169192 -0.000961538 -7.69468e-06 -8.52185e-05 7.17703e-05 -0.00181818 -0.000473322 -0.00209251 -0.0117089 -0.00561224 0.00531496 0.000641026 0.000575758 -0.00714286 0.000458622 0.00107162 0.000647523 -0.00139344 -0.00065445 -0.00159963
internal_weight=7027 3678 3552 277 192 140 126 50 3275 41 99 52 3249 3227 3135 660 581 454 79 49 127 78 2475 42 2453 1843 1776 610 573 547
internal_count=7027 3678 3552 277 192 140 126 50 3275 41 99 52 3249 3227 3135 660 581 454 79 49 127 78 2475 42 2453 1843 1776 610 573 547
is_linear=0
shrinkage=0.05


Tree=113
num_leaves=31
num_cat=0
split_feature=2 18 14 16 14 5 4 5 3 18 6 18 12 13 2 3 0 13 2 18 18 4 13 4 18 9 15 6 15 15
split_gain=484.621 18.7072 3.76049 2.5223 1.73714 1.5956 1.46441 1.69697 1.35718 1.34003 1.21292 1.60202 1.67348 1.29643 1.13021 0.903404 1.36358 0.880369 1.58249 2.12103 3.3186 2.41652 1.98 4.54123 2.81004 2.05178 1.95125 1.73192 2.7706 2.11756
threshold=6.5000000000000009 80.371280625636928 71.744889206980858 21.730711020853843 75.479305012781609 25.500000000000004 10.350000000000003 33.500000000000007 46.250000000000007 82.73989618945761 15.500000000000002 68.121864188312614 239.22686290751017 0.94525106900092293 387.50000000000006 43.650000000000013 855.50000000000011 0.015364257049990013 27.500000000000004 4.3732017446696894 5.000550070574433 6.4500000000000011 0.028901772731160725 11.15 0.82026626654499502 0.32533907195844747 3.6704877887549352 92.500000000000014 65.966577523730351 71.737007922526246
decision_type=2 2 2 2 2 2 2 2 2 2 2 2 2 2 2 2 2 2 2 2 2 2 2 2 2 2 2 2 2 2
left_child=-1 2 8 5 9 -4 -7 -8 14 -3 11 12 -5 -13 15 16 17 -2 22 21 -21 -20 24 -24 25 -19 -23 -22 -29 -30
right_child=1 4 3 10 -6 6 7 -9 -10 -11 -12 13 -14 -15 -16 -17 -18 18 19 20 27 26 23 -25 -26 -27 -28 28 29 -31
leaf_value=-0.00016899858187355144 7.8248968953557879e-05 0.017674232237074251 0.019189909935274585 -0.0025594036886435138 0.16643135078293592 -0.019427541991657905 -0.0097234390178208233 0.015213942691795525 0.02230726556684939 0.14711498004266232 0.00069109336317652037 0.057486730584625792 0.014554661486288013 0.050925357005734639 0.014455550321862987 -0.0024539709678482961 0.0098321648366781044 -0.0015100418302951058 -0.00086049117550706104 -0.010315093834426615 0.00033870531259008187 0.00017714493622370542 9.780242157744202e-05 -0.0097902920945270432 0.0018957144886309009 0.00018816863325495092 0.014213254297709322 -0.00062831329379626772 -0.016965859090377046 -0.0076263827078598473
leaf_weight=3349 83 29 39 20 76 37 21 33 26 21 33 40 24 30 22 92 26 34 20 30 2122 102 34 43 36 28 21 493 38 25
leaf_count=3349 83 29 39 20 76 37 21 33 26 21 33 40 24 30 22 92 26 34 20 30 2122 102 34 43 36 28 21 493 38 25
internal_value=-0.0112246 0.00130506 0.000633446 0.00622744 0.0202381 0.00115385 -0.00247253 0.00277778 0.000160305 0.013 0.0107143 0.0131579 0.00568182 0.0178571 6.92521e-05 -7.74713e-06 0.000135566 4.02059e-05 -9.91408e-05 0.000184146 -0.000129247 0.00611888 -0.00471429 -0.0107143 0 -0.00645161 0.00873984 5.60119e-05 -0.00242806 -0.0123016
internal_weight=7027 3678 3552 277 126 130 91 54 3275 50 147 114 44 70 3249 3227 3135 3109 3026 2851 2708 143 175 77 98 62 123 2678 556 63
internal_count=7027 3678 3552 277 126 130 91 54 3275 50 147 114 44 70 3249 3227 3135 3109 3026 2851 2708 143 175 77 98 62 123 2678 556 63
is_linear=0
shrinkage=0.05


Tree=114
num_leaves=31
num_cat=0
split_feature=2 18 1 14 0 14 18 13 1 6 2 6 14 10 18 18 6 15 4 15 4 17 9 11 11 2 1 12 2 10
split_gain=485.122 18.793 3.28109 2.13085 1.85281 1.59241 1.5447 1.52588 1.42545 1.12325 1.11567 1.1998 1.65353 2.24709 1.43357 2.42404 2.42355 2.8742 1.99399 1.81858 1.57332 2.40817 1.93595 2.02535 2.15205 2.09595 1.71609 1.67428 1.53231 1.78786
threshold=6.5000000000000009 80.042717380436031 717.10000000000014 75.479305012781609 848.50000000000011 80.401147265117245 82.73989618945761 0.99627946671587408 560.95000000000016 4.5000000000000009 387.50000000000006 13.500000000000002 73.523255476990641 -0.090248267031647136 46.300531869669946 48.004898941830156 45.500000000000007 36.972401833790038 18.050000000000004 41.109572661233443 10.950000000000001 30.666166351832597 0.44437406304545285 5.6372934956126679 12.975113603288596 113.50000000000001 11.350000000000003 99.540449516309096 27.500000000000004 0.65837719692149965
decision_type=2 2 2 2 2 2 2 2 2 2 2 2 2 2 2 2 2 2 2 2 2 2 2 2 2 2 2 2 2 2
left_child=-1 2 4 6 5 10 -3 -4 -6 -10 11 12 -2 -14 19 -16 -17 -18 -19 20 21 22 23 -13 -25 -26 27 -22 -28 -30
right_child=1 3 7 -5 8 -7 -8 -9 9 -11 -12 14 13 -15 15 16 17 18 -20 -21 26 -23 -24 24 25 -27 28 -29 29 -31
leaf_value=-0.00016054865277987385 0.00011632098992535589 0.015022560367634342 0.050283191104458072 0.15526139140363571 -0.0013998500062299968 0.033529733183477364 0.1397592310405294 -0.0016922859682924952 0.031870096860682297 0.011510381134271698 0.013732772805769856 0.0015889442918035402 0.043286770231585697 0.012842367447051119 -0.029411559179973248 0.0011924889481171874 0.011226416828628061 -0.011110489976014649 -9.7381504145488412e-05 0.0023142320183604072 0.00040737530824678673 0.015738996215074019 -0.0023126482036883926 -0.0028023130796434662 0.0087621562970368501 -2.6045093130022681e-05 -0.0030491716173084854 -1.9800484928119561e-05 -0.0010339419914473069 0.0032267683657503099
leaf_weight=3349 1618 36 47 83 22 22 21 20 28 22 22 37 20 62 30 269 23 207 86 150 26 22 82 38 43 92 40 34 449 27
leaf_count=3349 1618 36 47 83 22 22 21 20 28 22 22 37 20 62 30 269 23 207 86 150 26 22 82 38 43 92 40 34 449 27
internal_value=-0.0112174 0.00131865 0.000607688 0.0192857 0.000396139 0.000228008 0.0118421 0.0115672 0.00833333 0.013 0.000140657 6.70641e-05 0.001 0.00792683 -0.000891239 -0.00280488 -0.00209402 -0.00506329 -0.00639932 0.000240385 -0.000617978 0.0022293 0.0010274 0.00357143 0.00130058 0.00425926 -0.00217014 0.00583333 -0.00310078 -0.00231092
internal_weight=7027 3678 3538 140 3471 3399 57 67 72 50 3377 3355 1700 82 1655 615 585 316 293 1040 890 314 292 210 173 135 576 60 516 476
internal_count=7027 3678 3538 140 3471 3399 57 67 72 50 3377 3355 1700 82 1655 615 585 316 293 1040 890 314 292 210 173 135 576 60 516 476
is_linear=0
shrinkage=0.05


Tree=115
num_leaves=31
num_cat=0
split_feature=2 18 1 0 3 14 12 18 14 15 13 15 6 18 13 4 1 10 6 14 11 0 0 0 4 10 0 3 2 6
split_gain=481.119 18.1671 4.32296 2.17874 1.80251 1.64171 1.47942 2.62205 4.29364 2.72279 2.2426 2.74669 2.71976 2.66118 2.1066 2.04191 1.81178 2.43246 1.88956 2.12972 3.09347 1.72765 1.96559 3.40684 1.85375 1.46882 1.95205 4.25032 1.46765 1.46067
threshold=6.5000000000000009 81.371457857181568 720.25000000000011 848.50000000000011 20.450000000000003 68.180615616146184 175.45503636807521 37.199530931578501 52.790015398749141 29.68263639145399 0.56546986341837824 38.346472777996297 38.500000000000007 72.46854156041698 0.58490307482359505 3.6500000000000008 35.95000000000001 -0.97502841500522164 92.500000000000014 54.335452462735326 66.080913070914121 400.50000000000006 290.50000000000006 263.50000000000006 19.150000000000002 0.99164058729498161 81.500000000000014 12.350000000000003 163.50000000000003 1.0000000180025095e-35
decision_type=2 2 2 2 2 2 2 2 2 2 2 2 2 2 2 2 2 2 2 2 2 2 2 2 2 2 2 2 2 2
left_child=-1 2 3 6 -4 -5 16 14 -9 -10 28 -12 13 15 21 -13 17 -2 25 20 -20 22 23 -8 -24 26 29 -28 -11 -18
right_child=1 -3 4 5 -6 -7 7 8 9 10 11 12 -14 -15 -16 -17 18 -19 19 -21 -22 -23 24 -25 -26 -27 27 -29 -30 -31
leaf_value=-0.00015252122014088016 -9.9841666507674744e-05 0.14747905761226221 0.0035042008718932042 -0.00024148790857907444 0.054249834991000515 0.02912951858464723 -3.8206284122033199e-05 0.031694306200933296 0.033345769256857241 0.0075842771290940197 -0.017787143683928443 -0.017017355070858997 -0.002512350997712787 0.032034077329638679 -0.0092428974474827903 0.0058939425951560764 -0.00039524782524922312 0.00036189492768211876 -0.0070185098865366063 -0.014147913577608763 0.0040545661450520857 0.015015341460103039 -0.0090269329585098926 0.030496919799310795 0.00056730254957013668 -0.034432166901517916 0.087166655974554891 -5.0344017059167356e-05 0.065874270821437805 -0.0027986268657906989
leaf_weight=3349 32 98 23 31 50 53 601 64 24 27 36 21 170 63 44 436 65 116 187 29 36 40 118 45 53 35 21 1082 20 58
leaf_count=3349 32 98 23 31 50 53 601 64 24 27 36 21 170 63 44 436 65 116 187 29 36 40 118 45 53 35 21 1082 20 58
internal_value=-0.0112744 0.0012099 0.000628492 0.000377816 0.0126712 0.00833333 0.000182588 0.00119183 0.00316492 0.00216437 0.00164942 0.000964187 0.00166667 0.00346154 -0.000693674 0.00213348 -0.000888019 0.00439189 -0.00140449 -0.00535714 -0.00369955 -0.000145858 -0.000642595 0.000619195 -0.00540936 -0.000614592 -0.000326264 0.000339982 0.012234 -0.00630081
internal_weight=7027 3678 3580 3507 73 84 3423 1762 861 797 773 726 690 520 901 457 1661 148 1513 252 223 857 817 646 171 1261 1226 1103 47 123
internal_count=7027 3678 3580 3507 73 84 3423 1762 861 797 773 726 690 520 901 457 1661 148 1513 252 223 857 817 646 171 1261 1226 1103 47 123
is_linear=0
shrinkage=0.05


Tree=116
num_leaves=31
num_cat=0
split_feature=2 18 14 18 13 17 12 17 1 11 1 9 15 11 8 14 18 4 4 0 9 0 13 12 17 17 11 1 14 5
split_gain=482.118 16.5548 2.73018 1.72857 1.67432 2.11295 1.74238 1.53172 1.54352 1.50326 2.11463 1.42418 1.52321 1.85642 1.40833 1.20834 1.03189 1.46426 1.00575 0.975705 1.52 0.966376 0.914171 0.961219 0.894863 2.86959 1.99805 1.66909 1.82115 1.42918
threshold=6.5000000000000009 80.371280625636928 80.801868519030933 82.73989618945761 0.90660818628471984 30.119436726027605 200.89459377270347 28.856081198836659 717.10000000000014 68.865990354291583 560.95000000000016 -0.99273952934267318 68.568879458913685 57.699301007771361 -0.98296291314453399 56.862281786047454 61.602137314521649 11.250000000000002 14.050000000000002 808.50000000000011 0.22611359161738889 866.50000000000011 0.96827047360222729 227.24025154902557 27.142913979334427 27.462822971875305 57.699301007771361 434.65000000000003 8.7639051133883701 9.5000000000000018
decision_type=2 2 2 2 2 2 2 2 2 2 2 2 2 2 2 2 2 2 2 2 2 2 2 2 2 2 2 2 2 2
left_child=-1 2 4 18 24 7 -7 9 -9 11 16 -6 13 -13 -14 -15 -11 -18 -3 20 -17 -12 -19 -24 -2 27 29 28 -26 -27
right_child=1 3 -4 -5 5 6 -8 8 -10 10 21 12 14 15 -16 19 17 22 -20 -21 -22 -23 23 -25 25 26 -28 -29 -30 -31
leaf_value=-0.00014489515913383615 -0.0002460143206477472 0.037901854471056144 0.047943461774776708 0.17590983722616615 -0.030698900766235583 0.0032559715151627699 0.065307854920613556 -0.0063839445356343562 0.019664472892976549 0.0080551629150839698 0.003852886031961589 -0.0025177335376749712 0.032902492183650982 0.010587372554949327 0.041794713001635134 0.0024507879392299259 -0.0081385348700717241 0.0097392258375636597 0.036555779886558074 -0.0039557625015159917 0.02620595246934574 0.036040845463216446 -0.0059653718840383622 0.003847455435796121 0.00011482717955286771 0.0024180417733667969 -0.010915205262729089 2.6368188632730494e-05 0.0091406524131958378 8.8222295177886606e-05
leaf_weight=3349 1442 27 34 70 20 26 34 59 28 34 20 65 20 33 40 56 47 28 29 20 26 21 63 33 25 57 49 34 41 1197
leaf_count=3349 1442 27 34 70 20 26 34 59 28 34 20 65 20 33 40 56 47 28 29 20 26 21 63 33 25 57 49 34 41 1197
internal_value=-0.0112601 0.00123709 0.000605293 0.0190476 0.000469016 0.00271174 0.0116667 0.00183524 -0.00431034 0.00285171 0 0.00535714 0.00634615 0.00425 0.0133333 0.00759259 -0.00207317 -0.00365497 0.0125 0.00490196 0.00731707 0.0103659 -0.000806452 -0.003125 -6.15114e-05 0.000837491 0.000211051 0.009 0.0136364 0.000598086
internal_weight=7027 3678 3552 126 3518 673 60 613 87 526 246 280 260 200 60 135 205 171 56 102 82 41 124 96 2845 1403 1303 100 66 1254
internal_count=7027 3678 3552 126 3518 673 60 613 87 526 246 280 260 200 60 135 205 171 56 102 82 41 124 96 2845 1403 1303 100 66 1254
is_linear=0
shrinkage=0.05


Tree=117
num_leaves=31
num_cat=0
split_feature=2 18 1 3 18 6 14 9 9 14 16 4 16 4 2 9 2 13 17 17 5 16 4 18 18 16 4 0 9 4
split_gain=480.121 16.656 2.49129 1.73122 1.72857 1.42101 2.44021 1.76739 1.61722 1.31517 1.54375 3.04762 1.50069 1.36838 1.47029 1.51485 1.32865 1.25488 1.09642 1.0955 1.02632 2.40518 1.875 1.11257 2.01026 1.00797 1.00575 0.983191 1.01482 0.97467
threshold=6.5000000000000009 80.371280625636928 720.25000000000011 20.450000000000003 82.73989618945761 13.500000000000002 68.380131534477854 -0.98801351631316325 -0.93380263866670532 76.924746971133771 23.797817032416749 12.450000000000001 22.291253097935467 5.6500000000000012 166.50000000000003 0.99699193743116299 387.50000000000006 0.94664488993312046 32.494283209014007 32.180017565320156 27.500000000000004 21.412373182850455 12.950000000000001 64.091854213877156 68.121864188312614 22.59644525644368 14.050000000000002 824.50000000000011 0.99762106698677389 5.4500000000000011
decision_type=2 2 2 2 2 2 2 2 2 2 2 2 2 2 2 2 2 2 2 2 2 2 2 2 2 2 2 2 2 2
left_child=-1 2 5 -4 26 6 18 -8 -9 10 12 -12 16 -14 25 -16 27 -5 19 -2 21 -10 -22 -23 -25 -15 -3 28 29 -7
right_child=1 4 3 17 -6 9 7 8 20 -11 11 -13 13 14 15 -17 -18 -19 -20 -21 22 23 -24 24 -26 -27 -28 -29 -30 -31
leaf_value=-0.00013765040117714433 0.00010976937576088198 0.03600676174750319 -0.0036591414350183983 0.070176110547172502 0.16711434536485756 -0.0029141945778620839 -0.011592828851686755 0.031668056757848721 0.026874158849592079 -0.00727249939399286 0.021455549616480243 -0.0006326353731215123 0.00032778158578210541 -0.0031565700924564401 -0.023208620143046945 -0.0033614828768858021 0.012648177143367967 0.037726067605247243 -0.0027451581249098079 0.0138499004869602 -0.020450539283281978 0.026010493922531453 0.016299416698553948 -0.0048461226179455259 0.025906336270721655 0.00077966168543848198 0.034727990892230311 0.02324994003530563 0.00072450018158511933 -4.5895028910520123e-05
leaf_weight=3349 1462 27 21 21 70 143 38 38 23 21 27 21 23 23 37 26 20 20 56 20 24 29 30 26 39 31 29 23 23 1287
leaf_count=3349 1462 27 21 21 70 143 38 38 23 21 27 21 23 23 37 26 20 20 56 20 24 29 30 26 39 31 29 23 23 1287
internal_value=-0.0112886 0.00118271 0.000548986 0.0104839 0.0190476 0.000372493 0.00135854 0.00597166 0.00777512 -0.000659824 -0.000504751 0.00833333 -0.000764059 -0.00571429 -0.00790598 -0.0130952 -0.000300802 0.0164634 0.000617685 0.000877193 0.00570175 0.00833333 0 0.00478723 0.00115385 -0.00185185 0.0125 -0.000474255 -0.000636614 -0.000804196
internal_weight=7027 3678 3552 62 126 3490 1785 247 209 1705 1684 48 1636 140 117 63 1496 41 1538 1482 171 117 54 94 65 54 56 1476 1453 1430
internal_count=7027 3678 3552 62 126 3490 1785 247 209 1705 1684 48 1636 140 117 63 1496 41 1538 1482 171 117 54 94 65 54 56 1476 1453 1430
is_linear=0
shrinkage=0.05


Tree=118
num_leaves=31
num_cat=0
split_feature=2 1 0 0 15 14 6 10 16 10 2 6 18 17 18 2 11 9 18 18 18 18 13 4 12 11 2 3 17 0
split_gain=475.145 14.4051 2.75524 2.48442 1.59501 1.37135 1.43691 1.92421 1.26181 1.18043 1.15491 1.15875 3.02496 2.17914 1.38126 1.8545 1.58589 1.25305 1.62548 1.02693 2.99284 2.39596 3.66623 1.80611 1.88554 1.64368 1.71306 1.68156 1.89088 2.72094
threshold=6.5000000000000009 720.25000000000011 746.50000000000011 841.00000000000011 76.924746971133771 73.523255476990641 15.500000000000002 0.59123954401714263 23.508331148435122 0.24284972209593572 387.50000000000006 95.500000000000014 61.183944283606728 26.813109187210383 58.27033266585677 139.50000000000003 22.237202983197971 -0.99762106698677366 43.174417201818464 9.9355854023393793 16.420634257746357 8.9875434930812759 0.16638225255972697 8.9500000000000011 79.968514907354049 12.330998969456521 27.500000000000004 24.750000000000004 30.584360597417142 101.50000000000001
decision_type=2 2 2 2 2 2 2 2 2 2 2 2 2 2 2 2 2 2 2 2 2 2 2 2 2 2 2 2 2 2
left_child=-1 3 -3 5 -5 10 7 8 -7 -8 11 17 14 -14 15 16 -13 18 -2 21 -21 22 23 -19 -25 26 -26 -28 29 -29
right_child=1 2 -4 4 -6 6 9 -9 -10 -11 -12 12 13 -15 -16 -17 -18 19 -20 20 -22 -23 -24 24 25 -27 27 28 -30 -31
leaf_value=-0.00013076788111828711 6.5429337382050262e-05 0.029764756858491028 0.11811590579496922 0.015268080350308112 0.050084189769739142 0.044939656331207806 -0.0058763430081008039 -0.001267587255361491 0.0082812715438514324 0.0054106338342077009 0.012015768286199525 3.4778491311837638e-08 -0.0064293712157303066 -0.022697557457176033 0.0057348037380503319 -0.0046991278418060389 0.00418611572821801 0.00047313456617186227 -0.02898079131493745 0.011634380496551877 0.00035526802612881884 -0.0092426548520377245 0.0093813536992816363 8.9306023284175222e-05 -0.0010922982834176808 -0.0075182578844016582 -0.0032455262481453141 0.00018166289432480776 0.0037791942848702355 -0.0048357502068734348
leaf_weight=3349 42 58 91 87 21 47 24 43 23 23 22 183 34 35 27 291 37 126 41 64 1868 44 27 114 114 32 29 76 27 28
leaf_count=3349 42 58 91 87 21 47 24 43 23 23 22 183 34 35 27 291 37 126 41 64 1868 44 27 114 114 32 29 76 27 28
internal_value=-0.0113598 0.00104676 0.0162752 0.000403797 0.00787037 0.00016808 0.0046875 0.00774336 0.0128571 -0.00265957 -5.36645e-05 -0.000131213 -0.00210049 -0.0119565 -0.000836431 -0.00141879 0.00204545 0.000322948 -0.00572289 0.000519812 0.00108696 -0.00125608 -0.00039267 -0.00128205 -0.00285714 -0.00490196 -0.00364964 -0.0003125 0.00209924 -0.000961538
internal_weight=7027 3678 149 3529 108 3421 160 113 70 47 3261 3239 607 69 538 511 220 2632 83 2549 1932 617 573 546 420 306 274 160 131 104
internal_count=7027 3678 149 3529 108 3421 160 113 70 47 3261 3239 607 69 538 511 220 2632 83 2549 1932 617 573 546 420 306 274 160 131 104
is_linear=0
shrinkage=0.05


Tree=119
num_leaves=31
num_cat=0
split_feature=2 18 1 12 15 0 11 5 17 12 18 5 5 14 6 14 5 12 18 6 0 0 0 3 2 18 14 4 3 16
split_gain=474.153 13.5877 3.0405 1.49963 1.39155 1.40282 1.21243 1.39888 1.73767 1.29922 1.9012 1.381 2.35719 1.30459 2.55946 2.20279 1.67926 1.3168 1.28926 1.28528 1.26053 2.69143 1.6519 1.30118 2.34246 1.83143 2.05701 1.90879 1.72004 1.72857
threshold=6.5000000000000009 81.371457857181568 720.25000000000011 200.89459377270347 0.14690278490434797 879.50000000000011 1.1403805686558013 20.500000000000004 27.966614433232717 175.45503636807521 75.536447250035124 73.500000000000014 68.500000000000014 54.115995644160165 94.500000000000014 51.753992821228927 52.500000000000007 165.34189146355621 76.921334309565239 7.5000000000000009 106.50000000000001 127.50000000000001 57.500000000000007 38.850000000000001 189.50000000000003 62.855630508983396 64.548633676675948 8.6500000000000004 40.150000000000013 20.004029633113653
decision_type=2 2 2 2 2 2 2 2 2 2 2 2 2 2 2 2 2 2 2 2 2 2 2 2 2 2 2 2 2 2
left_child=-1 2 4 -4 -2 6 7 -6 -9 13 11 12 19 15 16 -8 17 -15 -19 -11 22 -22 -21 -23 28 26 27 -26 -25 -30
right_child=1 -3 3 -5 5 -7 9 8 -10 10 -12 -13 -14 14 -16 -17 -18 18 -20 20 21 23 -24 24 25 -27 -28 -29 29 -31
leaf_value=-0.00012422948706237275 0.00013474333883893019 0.12360842593490845 0.013302416648038573 0.052699950668301201 -0.0013692033812993333 0.024749876835042886 -0.00017341046484127266 -0.00068878842847833752 0.0016559534414323869 0.0022825680711941799 0.032312902170775003 -0.0013923539037095979 0.004123530176121981 -0.0012860340608497724 -0.010504541949721436 0.019029771193840618 0.011789019169224348 -0.020690332434165272 -0.006069971814659781 -5.8360290910997038e-08 -0.010461955918014354 0.0005280310016987144 0.0071774833236208924 -0.011470870978636062 0.014375419616059482 -0.0080902538373912591 0.022669982515028234 -0.0011117705732292648 0.0026044311061956373 -0.012549928875391815
leaf_weight=3349 49 98 34 39 40 34 1342 37 40 585 47 55 36 171 32 48 24 21 20 55 25 516 41 26 31 45 28 114 24 21
leaf_count=3349 49 98 34 39 40 34 1342 37 40 585 47 55 36 171 32 48 24 21 20 55 25 516 41 26 31 45 28 114 24 21
internal_value=-0.011374 0.00101958 0.00051676 0.0106164 0.00030653 0.00018797 8.76168e-05 -0.00491453 -0.000974026 0.00026459 0.00125834 0.000967541 0.00124434 -0.000723764 -0.00391791 -0.000107914 -0.00211864 -0.00353774 -0.0115854 0.000943084 -0.000215983 -0.000843373 0.00520833 -0.000341615 -0.00302768 -0.000458716 0.00187861 -0.000517241 -0.0109155 -0.005
internal_weight=7027 3678 3580 73 3507 3458 3424 117 77 3307 1649 1602 1547 1658 268 1390 236 212 41 1511 926 830 96 805 289 218 173 145 71 45
internal_count=7027 3678 3580 73 3507 3458 3424 117 77 3307 1649 1602 1547 1658 268 1390 236 212 41 1511 926 830 96 805 289 218 173 145 71 45
is_linear=0
shrinkage=0.05


Tree=120
num_leaves=31
num_cat=0
split_feature=2 1 0 0 14 13 6 0 2 13 2 4 13 0 2 9 18 18 0 6 14 14 3 1 18 17 18 13 4 4
split_gain=471.678 12.1423 2.2032 2.00367 1.81942 1.95039 1.86553 2.33253 1.45555 1.61519 1.84633 2.93943 3.52481 1.25572 1.21926 2.27599 2.08569 2.88624 4.1726 2.18341 2.12353 2.71493 1.65859 1.65428 1.96483 2.40713 2.24679 3.45183 2.24496 1.6542
threshold=6.5000000000000009 720.25000000000011 879.50000000000011 753.50000000000011 73.523255476990641 0.015364257049990013 15.500000000000002 711.50000000000011 12.500000000000002 0.018359880627067459 27.500000000000004 10.850000000000003 0.028901772731160725 8.5000000000000018 143.50000000000003 -0.99273952934267318 22.396111405465437 21.120544749051671 259.50000000000006 86.500000000000014 6.630797340928706 27.256963844913468 39.150000000000013 33.350000000000001 9.9355854023393793 32.860689632292377 8.9875434930812759 0.1699799318858973 14.250000000000002 4.0500000000000007
decision_type=2 2 2 2 2 2 2 2 2 2 2 2 2 2 2 2 2 2 2 2 2 2 2 2 2 2 2 2 2 2
left_child=-1 2 4 -3 5 13 7 -6 -7 -10 11 -11 -13 -2 23 -16 17 18 20 29 -17 -22 -20 -12 26 28 27 -25 -26 -18
right_child=1 3 -4 -5 6 8 -8 -9 9 10 14 12 -14 -15 15 16 19 -19 22 -21 21 -23 -24 24 25 -27 -28 -29 -30 -31
leaf_value=-0.00011801801270925412 -6.704127375199709e-06 0.027611398183163872 0.030321545315433698 0.10997942675730386 0.0057230228656777633 -0.0019554482041781855 -0.0033092846705391923 0.040596433721918151 0.00047755448504787636 3.2945598261419073e-05 0.0011494404032583283 0.0005929416120189269 -0.0084379524487575141 0.00016451098128805603 -0.015586910198982907 0.0018868192231355609 -0.0066979167423298243 -0.013045338715669886 0.024002903449295232 -0.0025374789545942636 -0.019535139820597271 -0.00034682462672837034 0.0018914426724537137 -0.0002134953917615201 0.0023116334668295659 -0.0047933964097379711 -0.010252241229444216 0.0090088403312379214 0.0068490809164263311 0.001404668920463692
leaf_weight=3349 29 62 39 87 67 24 52 62 27 52 105 29 44 54 93 45 65 80 21 427 25 26 20 382 282 26 54 20 114 1265
leaf_count=3349 29 62 39 87 67 24 52 62 27 52 105 29 44 54 93 45 65 80 21 427 25 26 20 382 282 26 54 20 114 1265
internal_value=-0.0114096 0.000951604 0.000361292 0.0149329 0.000229226 -3.77758e-05 0.0051105 0.00833333 -0.000232486 -0.000140537 -0.000244094 -0.0062 -0.0126712 0.00753012 0 -0.000689405 -0.000329281 -0.00495392 -0.000547445 0.00024189 -0.00625 -0.0132353 0.0128049 0.00144964 0.000740319 0.00319905 -0.00153509 -0.000248756 0.00416667 0.0012406
internal_weight=7027 3678 3529 149 3490 3309 181 129 3226 3202 3175 125 73 83 3050 2067 1974 217 137 1757 96 51 41 983 878 422 456 402 396 1330
internal_count=7027 3678 3529 149 3490 3309 181 129 3226 3202 3175 125 73 83 3050 2067 1974 217 137 1757 96 51 41 983 878 422 456 402 396 1330
is_linear=0
shrinkage=0.05


Tree=121
num_leaves=31
num_cat=0
split_feature=2 18 14 6 0 1 13 9 13 2 14 12 0 4 4 6 18 18 4 2 0 15 16 18 5 16 11 0 5 5
split_gain=471.184 11.1633 3.46164 2.83415 1.79199 2.19838 1.75362 1.63498 1.52499 1.52657 1.44853 1.25242 1.08191 1.56863 0.992063 0.851278 2.20162 3.4395 1.58302 1.28617 1.24071 1.52211 1.69182 1.62943 1.37855 1.40498 1.3399 1.84524 1.29773 2.17302
threshold=6.5000000000000009 82.73989618945761 77.740831887334039 13.500000000000002 826.50000000000011 560.95000000000016 0.81483665269042638 -0.99762106698677366 0.015364257049990013 12.500000000000002 59.594188945555075 168.61458084558237 8.5000000000000018 13.350000000000003 18.250000000000004 95.500000000000014 61.183944283606728 59.548657184400589 15.450000000000001 278.50000000000006 131.50000000000003 7.0357458216971365 15.936846065274656 4.3732017446696894 78.500000000000014 17.191465796720639 54.921879638779934 365.50000000000006 47.500000000000007 31.500000000000004
decision_type=2 2 2 2 2 2 2 2 2 2 2 2 2 2 2 2 2 2 2 2 2 2 2 2 2 2 2 2 2 2
left_child=-1 2 4 6 7 14 -4 10 12 -10 -2 -7 -9 -14 -6 -11 17 20 19 -18 21 22 -17 -24 25 26 27 -22 29 -27
right_child=1 -3 3 -5 5 11 -8 8 9 15 -12 -13 13 -15 -16 16 18 -19 -20 -21 24 -23 23 -25 -26 28 -28 -29 -30 -31
leaf_value=-0.00011211711207379143 -0.00014831432903952282 0.14323264088660964 0.0074669284198151335 -0.0060988568492202693 -0.014019645708259532 0.011751105225268788 0.055071179340004765 -6.3689210064402093e-06 -0.0018576757939692769 0.0001362998605543453 -0.034836902405333707 0.03082413100996604 1.941068821457656e-05 0.00018216057314211846 0.030433320071060168 -0.0043739336604007141 -0.0088460336244597926 0.0095878176970721554 0.00014404105866283601 -0.021674498730187609 0.0028532204821542177 0.0040023624882856044 0.0021070871475992849 -0.0023867587085180998 -0.010478358783765886 -0.00040339166407195038 0.015132036145766038 -0.020239117498272386 0.0010240195655523367 -0.014409430011012692
leaf_weight=3349 61 70 23 24 21 39 69 29 24 2561 31 43 20 34 24 24 28 20 30 24 42 52 39 29 35 90 23 20 79 70
leaf_count=3349 61 70 23 24 21 39 69 29 24 2561 31 43 20 34 24 24 28 20 30 24 42 52 39 29 35 90 23 20 79 70
internal_value=-0.0114167 0.00093801 0.000554324 0.00905172 0.00027205 0.00610236 0.0130435 5.20059e-05 0.000236786 6.26959e-05 -0.00652174 0.0109756 0.00692771 0.0111111 -0.00277778 0.000157928 -0.00152893 -0.000334608 -0.00914634 -0.0144231 -0.00114314 0.00277778 -0.00108696 0.00294118 -0.00271588 -0.00169753 0.00382353 0 -0.00366109 -0.00625
internal_weight=7027 3678 3608 116 3492 127 92 3365 3273 3190 92 82 83 54 45 3166 605 523 82 52 503 144 92 68 359 324 85 62 239 160
internal_count=7027 3678 3608 116 3492 127 92 3365 3273 3190 92 82 83 54 45 3166 605 523 82 52 503 144 92 68 359 324 85 62 239 160
is_linear=0
shrinkage=0.05


Tree=122
num_leaves=31
num_cat=0
split_feature=2 1 4 14 0 13 0 4 2 17 16 0 4 9 18 6 18 1 1 5 12 9 16 13 13 3 13 13 13 2
split_gain=466.746 9.10018 2.49452 2.00256 1.8458 1.67382 1.60106 1.60444 1.4482 1.44244 2.01307 1.08191 1.56863 1.0247 1.13945 0.965322 1.48411 1.6938 1.56288 1.31449 1.34796 1.22869 2.23675 1.12862 2.05763 2.0544 1.67275 3.99251 1.37715 1.03817
threshold=6.5000000000000009 720.25000000000011 9.2500000000000018 73.523255476990641 879.50000000000011 0.015364257049990013 777.50000000000011 6.3500000000000005 12.500000000000002 31.871441003905183 21.730711020853843 8.5000000000000018 13.350000000000003 -0.99762106698677366 43.174417201818464 95.500000000000014 61.183944283606728 484.35000000000008 420.85000000000008 41.500000000000007 175.45503636807521 -0.80133140505177991 16.387632351452886 0.067472974506085817 0.053817355889724312 10.450000000000001 0.039843197902477499 0.028901772731160725 0.022816176579953298 36.500000000000007
decision_type=2 2 2 2 2 2 2 2 2 2 2 2 2 2 2 2 2 2 2 2 2 2 2 2 2 2 2 2 2 2
left_child=-1 3 6 4 5 11 7 -3 -7 10 -5 -2 -13 14 -10 23 17 18 21 20 -18 22 -17 24 26 -25 27 28 -15 -26
right_child=1 2 -4 9 -6 8 -8 -9 13 -11 -12 12 -14 15 -16 16 19 -19 -20 -21 -22 -23 -24 25 29 -27 -28 -29 -30 -31
leaf_value=-0.00010651125647010187 -6.050474956117991e-06 0.028743286482970379 0.1160901912505537 0.0042017641787747808 0.0248865395483584 -0.001764792004270814 0.052366820743211667 -0.0088438797190981688 -7.907132037443532e-06 -0.0037325129747678432 0.03030691137635131 1.8440153803848255e-05 0.00017305254448501188 -1.0941482185633512e-05 -0.02664724604136879 -0.0038677756614824421 -0.015404307644455884 0.016795539217329392 -0.02493677956250764 -0.015012322793547028 0.00096370794279323493 -0.00044772242092969708 0.013550328272020386 0.016704237016311119 -0.0041311013648785092 0.00023713877373712224 0.000174210620332238 -0.0083926516843290788 0.0020901141570474793 -8.9107893792350623e-05
leaf_weight=3349 29 25 73 82 23 24 31 20 44 26 89 20 34 43 41 20 34 21 23 26 25 419 38 25 32 2255 70 41 22 23
leaf_count=3349 29 25 73 82 23 24 31 20 44 26 89 20 34 43 41 20 34 21 23 26 25 419 38 25 32 2255 70 41 22 23
internal_value=-0.0114807 0.000815661 0.0129195 0.000304619 1.5006e-05 -8.31067e-05 0.00657895 0.000555556 -0.000263484 0.00520305 0.00687135 0.00692771 0.0111111 -0.000171768 -0.00558824 -2.40616e-05 -0.00181518 -0.000815739 -0.0014 -0.00794118 -0.00381356 -0.000786164 0.00603448 0.000408204 -0.00292208 0.000745614 -0.000284091 -0.00424528 0.00346154 -0.0113636
internal_weight=7027 3678 149 3529 3332 3309 76 45 3226 197 171 83 54 3202 85 3117 606 521 500 85 59 477 58 2511 231 2280 176 106 65 55
internal_count=7027 3678 149 3529 3332 3309 76 45 3226 197 171 83 54 3202 85 3117 606 521 500 85 59 477 58 2511 231 2280 176 106 65 55
is_linear=0
shrinkage=0.05


Tree=123
num_leaves=31
num_cat=0
split_feature=2 18 15 6 14 5 9 14 1 1 15 4 17 17 10 16 16 18 3 4 3 9 14 9 15 18 17 15 5 0
split_gain=462.33 9.21068 2.22895 1.65544 2.04734 2.19426 1.41206 4.14787 1.4413 1.45423 1.84201 1.5755 1.4934 1.45735 2.54798 2.37207 1.32884 1.32245 1.31437 2.18726 2.0282 2.22622 1.5736 1.47859 1.37524 1.89804 1.30721 1.22644 1.22238 1.22032
threshold=6.5000000000000009 81.371457857181568 79.271261223352738 12.500000000000002 77.740831887334039 17.500000000000004 -0.99273952934267318 18.03371149134092 277.40000000000003 19.750000000000004 1.9840114329365497 25.650000000000002 25.856712974533611 25.213452694331927 -0.89388548498445497 19.195432386273641 23.257114184083296 85.285009830143608 21.850000000000005 6.1500000000000012 25.650000000000002 0.87379901192678244 76.223336973030996 0.44437406304545285 37.395282774685796 8.7523200402321208 32.494283209014007 1.2491990860060642 28.500000000000004 841.00000000000011
decision_type=2 2 2 2 2 2 2 2 2 2 2 2 2 2 2 2 2 2 2 2 2 2 2 2 2 2 2 2 2 2
left_child=-1 2 3 4 6 -6 7 -2 9 12 27 13 -8 15 -15 -12 -4 29 19 -5 21 -20 -22 -21 25 -25 -10 -11 -16 -3
right_child=1 17 16 18 5 -7 8 -9 26 10 11 -13 -14 14 28 -17 -18 -19 20 23 22 -23 -24 24 -26 -27 -28 -29 -30 -31
leaf_value=-0.00010118569364659677 0.0010726309853832606 0.038312358215652868 0.0010997285687807336 -0.020226878124694994 0.01235752822854721 0.042171185392797385 -8.2100471114718299e-05 -0.010894616202313757 0.0039111514238411972 -0.00017536633002193937 0.00048516101658733216 -0.010031155196281638 0.00014350854735828769 0.0022297041434835019 0.00091840320740057548 -0.0062703296515080886 0.030763543806286365 0.22553630850105649 0.0018046510029125385 0.0037456219176120356 -0.00014212769363628475 0.010836017606554683 -0.0082469125507735452 -0.0010658406386221716 -0.013207647759945297 0.0029266941642937198 -0.00458219684055976 -0.0092366756835680856 -0.0008698736510307282 0.087564576263752525
leaf_weight=3349 30 45 29 25 38 33 33 89 1062 32 42 25 39 42 103 39 28 28 92 44 1451 25 20 20 21 34 45 21 118 25
leaf_count=3349 30 45 29 25 38 33 33 89 1062 32 42 25 39 42 103 39 28 28 92 44 1451 25 20 20 21 34 45 21 118 25
internal_value=-0.0115448 0.000693312 0.00027933 0.000120636 0.00118649 0.00950704 0.000843023 -0.00441176 0.0012336 -0.00101215 -0.0021327 -0.000880759 0.00555556 0 0.00180608 -0.0058642 0.0100877 0.0158163 -0.000981524 -0.00555556 -0.000566751 0.00576923 -0.0010707 -0.00273109 -0.007 -0.00277778 0.00223577 -0.0108491 -0.000339367 0.0121429
internal_weight=7027 3678 3580 3523 1791 71 1720 119 1601 494 422 369 72 344 263 81 57 98 1732 144 1588 117 1471 119 75 54 1107 53 221 70
internal_count=7027 3678 3580 3523 1791 71 1720 119 1601 494 422 369 72 344 263 81 57 98 1732 144 1588 117 1471 119 75 54 1107 53 221 70
is_linear=0
shrinkage=0.05


Tree=124
num_leaves=31
num_cat=0
split_feature=2 18 13 1 0 9 17 12 9 16 6 11 0 16 1 0 18 13 14 14 13 15 10 12 11 16 4 4 5 14
split_gain=462.33 9.21068 2.09613 2.13884 1.70426 1.99638 1.71938 1.66221 1.92859 3.0616 2.00551 1.83457 1.78422 1.738 1.76873 1.64078 2.21319 2.08945 1.61516 1.60528 2.83732 1.91688 1.85064 1.88485 1.7689 1.55647 1.4816 2.34113 1.41804 1.37575
threshold=6.5000000000000009 81.371457857181568 0.015364257049990013 720.25000000000011 29.500000000000004 -0.73538978246754161 26.174006737424964 175.45503636807521 -0.83113983907127287 22.986046761215718 19.500000000000004 59.824572479700599 108.50000000000001 19.539191340334892 265.30000000000001 127.50000000000001 8.9875434930812759 0.24199609149572429 12.233689732794824 6.630797340928706 0.29239616631462434 21.94122831812216 0.69635043120606455 109.12481569082722 9.7074194676674868 20.495431898555399 10.550000000000002 14.350000000000003 52.500000000000007 75.848436124596432
decision_type=2 2 2 2 2 2 2 2 2 2 2 2 2 2 2 2 2 2 2 2 2 2 2 2 2 2 2 2 2 2
left_child=-1 2 -2 4 5 -4 -7 19 9 11 13 -9 18 14 -10 -14 -17 -18 -12 20 22 28 23 -6 -24 -22 -8 -28 -21 -19
right_child=1 -3 3 -5 7 6 26 8 10 -11 12 -13 15 -15 -16 16 17 29 -20 21 25 -23 24 -25 -26 -27 27 -29 -30 -31
leaf_value=-9.6126408964266946e-05 9.7089343549086604e-05 0.099002136856821465 -0.0035860576339787342 0.02424209448420811 1.3223489852443039e-06 -0.00087152114482758622 0.0030920153570377865 0.001903803571384799 -0.00085879403487124648 0.036227546804424374 -1.9308725218936119e-06 0.039060604239048224 -0.0084907353514019242 0.00043653121955884445 0.022025459645615267 0.0052480677134205235 -0.0098874033254805933 -0.00037702848207370469 0.008191091316588751 -0.0175501383740027 0.0029956853954139721 -0.00088671152666854882 -0.00043990934268307581 0.03211898798652555 -0.01424461749253645 0.043277812920808859 -0.002841480652404155 0.0010219135719425289 -0.0015272031339410574 -0.005190012235336639
leaf_weight=3349 83 98 27 73 333 61 22 277 28 22 38 24 25 606 64 22 48 468 35 43 51 1027 32 24 21 24 22 20 35 25
leaf_count=3349 83 98 27 73 333 61 22 277 28 22 38 24 25 606 64 22 48 468 35 43 51 1027 32 24 21 24 22 20 35 25
internal_value=-0.0115448 0.000693312 0.00027933 9.29368e-05 -8.76168e-05 -0.00526316 -0.0026 0.000152812 0.00124851 0.00472136 0.000423105 0.00340532 -0.00155068 0.00229226 0.00869565 -0.00246599 -0.00190941 -0.00254159 0.00582192 -0.00100629 0.00139175 -0.00205882 -0.000243902 0.00105042 -0.00896226 0.0103333 0.003125 -0.00238095 -0.00961538 -0.00157201
internal_weight=7027 3678 3580 3497 3424 152 125 3272 1682 323 1359 301 661 698 92 588 563 541 73 1590 485 1105 410 357 53 75 64 42 78 493
internal_count=7027 3678 3580 3497 3424 152 125 3272 1682 323 1359 301 661 698 92 588 563 541 73 1590 485 1105 410 357 53 75 64 42 78 493
is_linear=0
shrinkage=0.05


Tree=125
num_leaves=31
num_cat=0
split_feature=2 18 1 4 12 0 6 18 18 4 1 18 2 0 2 16 14 6 0 13 13 4 13 13 9 13 3 13 3 2
split_gain=462.33 8.40876 2.40383 1.70068 1.54551 1.33133 1.1582 1.96593 2.74386 1.31343 1.42496 1.2515 1.81138 1.61373 1.57161 1.46165 1.09744 1.14131 2.20903 1.07292 1.67652 3.08077 1.64391 1.257 1.25639 1.17778 1.58986 1.474 1.15575 1.11773
threshold=6.5000000000000009 82.73989618945761 720.25000000000011 9.6500000000000004 200.89459377270347 879.50000000000011 95.500000000000014 61.183944283606728 59.548657184400589 14.450000000000001 580.65000000000009 6.3425238804615178 80.500000000000014 131.50000000000003 55.500000000000007 17.191465796720639 73.523255476990641 15.500000000000002 711.50000000000011 0.01752281746793273 0.039843197902477499 10.550000000000002 0.028901772731160725 0.043850027340466342 0.17552986495352002 0.067472974506085817 10.450000000000001 0.053817355889724312 30.850000000000005 36.500000000000007
decision_type=2 2 2 2 2 2 2 2 2 2 2 2 2 2 2 2 2 2 2 2 2 2 2 2 2 2 2 2 2 2
left_child=-1 2 5 -3 -4 6 16 8 11 10 -9 14 -13 -14 15 -8 19 18 -18 24 21 -21 -23 -22 -2 27 -27 -25 -26 -29
right_child=1 3 4 -5 -6 -7 7 9 -10 -11 -12 12 13 -15 -16 -17 17 -19 -20 20 23 22 -24 25 28 26 -28 29 -30 -31
leaf_value=-9.132008851605359e-05 -3.6186961715891848e-05 0.086030149878959614 0.0071303549519569744 0.14635100543628782 0.041743378020054678 0.022220894676951278 -0.00063457452639288376 -0.020119097650265164 0.0091208433507514296 0.00016693220355374906 -0.0019408060616832757 -0.0063866394398397032 0.0030047948628618929 -0.0019161513064227089 0.004739444356232126 0.0002601751599560609 0.0036973270283784387 -0.005261246080601723 0.034340267351600319 0.00038478378652840597 0.00053646427494014048 -0.00021655556584869174 -0.0084506665623792169 3.5616569678520448e-05 4.8090575574944763e-05 0.015523683324532734 0.00011690174931713316 -0.0038491143293970078 0.00029601440651076395 -0.000365573982207823
leaf_weight=3349 31 21 43 49 45 36 35 35 20 32 32 23 29 360 24 60 67 33 61 34 23 36 29 60 30 25 2320 34 27 24
leaf_count=3349 31 21 43 49 45 36 35 35 20 32 32 23 29 360 24 60 67 33 61 34 23 36 29 60 30 25 2320 34 27 24
internal_value=-0.0115448 0.000693312 0.00036031 0.0178571 0.00852273 0.00015625 5.74053e-05 -0.00184615 -0.000680581 -0.00833333 -0.0123134 -0.00136535 -0.0026699 -0.00186375 0.00315126 0.000263158 0.000494001 0.00450311 0.00664063 0.000252525 6.76983e-05 -0.00631313 -0.0126923 0.000321802 0.00568182 0.000213155 0.000458422 -0.00466102 0.0100877 -0.0103448
internal_weight=7027 3678 3608 70 88 3520 3484 650 551 99 67 531 412 389 119 95 2834 161 128 2673 2585 99 65 2486 88 2463 2345 118 57 58
internal_count=7027 3678 3608 70 88 3520 3484 650 551 99 67 531 412 389 119 95 2834 161 128 2673 2585 99 65 2486 88 2463 2345 118 57 58
is_linear=0
shrinkage=0.05


Tree=126
num_leaves=31
num_cat=0
split_feature=2 18 14 6 4 13 13 2 4 13 18 14 13 18 18 2 18 18 18 0 3 6 9 13 16 3 2 2 4 4
split_gain=462.82 8.39544 2.31797 2.45978 1.70068 1.59884 1.38087 1.36338 2.39661 2.35039 2.06289 1.75162 1.18651 1.31853 2.66782 3.52567 3.75981 2.33197 4.79693 3.54607 2.07809 1.65056 1.74432 1.95489 2.44785 1.91221 1.81938 1.60087 1.58927 1.55769
threshold=6.5000000000000009 82.73989618945761 77.740831887334039 3.5000000000000004 9.6500000000000004 0.81483665269042638 0.01752281746793273 27.500000000000004 10.850000000000003 0.028901772731160725 0.82026626654499502 16.453987043309144 0.050286918463284168 3.160508234285329 4.3732017446696894 55.500000000000007 5.4574946968981326 6.3425238804615178 7.2241895993209218 108.50000000000001 12.050000000000002 95.500000000000014 -0.99273952934267318 0.98489928961908391 14.930233054352412 38.95000000000001 108.50000000000001 67.500000000000014 28.550000000000004 17.650000000000002
decision_type=2 2 2 2 2 2 2 2 2 2 2 2 2 2 2 2 2 2 2 2 2 2 2 2 2 2 2 2 2 2
left_child=-1 2 6 5 -3 -4 -2 8 11 10 -10 -8 -9 -14 -15 16 -16 27 -19 -20 -21 22 26 -24 -25 -26 -22 -17 -23 -27
right_child=1 4 3 -5 -6 -7 7 12 9 -11 -12 -13 13 14 15 17 -18 18 19 20 21 28 23 24 25 29 -28 -29 -30 -31
leaf_value=-8.6754084090250906e-05 7.3008303298996435e-05 0.081728642385011346 0.00094628573520729733 -0.0034700768068937297 0.13903345516447346 0.054936609533381642 -0.00026353547186387384 0.0003235363800398572 -0.001275577721065696 -0.0073329539218074174 0.0017251182943258338 0.0036959196867508096 -0.00061327213679357451 0.0033303275045218905 -0.016777247297219657 0.00040999979141491676 -0.001302871629214586 -0.014795099595695183 0.0027657566425534743 0.046784515922683491 0.00080197799570917998 -0.002301686716962337 8.755899678760671e-05 -0.011992932424886506 0.015513908366515495 -0.0056615787408432544 -0.014807997480541247 0.010654647702375942 0.0045544765295113974 0.018792649586761814
leaf_weight=3349 111 21 22 30 49 64 41 59 23 44 20 20 38 49 28 48 61 48 70 35 21 471 1887 24 156 43 110 22 21 42
leaf_count=3349 111 21 22 30 49 64 41 59 23 44 20 20 38 49 28 48 61 48 70 35 21 471 1887 24 156 43 110 22 21 42
internal_value=-0.0115376 0.000706906 0.000374169 0.00732759 0.0178571 0.0116279 0.000143184 -3.69713e-05 -0.00472973 -0.0100575 -0.00174419 0.00286885 0.000177853 4.7259e-05 0.000159439 -2.42954e-05 -0.00983146 0.000266845 5.12295e-05 0.0003125 3.55872e-05 -0.000117117 0.000448971 0.000789963 0.00481132 0.0063278 -0.00515267 0.00928571 -0.0027439 0.000294118
internal_weight=7027 3678 3608 116 70 86 3492 3381 148 87 43 61 3233 3174 3136 3087 89 2998 2928 2880 2810 2775 2283 2152 265 241 131 70 492 85
internal_count=7027 3678 3608 116 70 86 3492 3381 148 87 43 61 3233 3174 3136 3087 89 2998 2928 2880 2810 2775 2283 2152 265 241 131 70 492 85
is_linear=0
shrinkage=0.05


Tree=127
num_leaves=31
num_cat=0
split_feature=2 18 14 6 5 4 2 15 15 6 13 12 10 6 14 10 1 11 17 5 9 9 9 3 6 11 2 6 15 5
split_gain=463.8 8.36884 1.76269 2.12779 1.72379 1.70068 1.59868 1.31672 1.23419 1.46557 1.54444 1.32559 1.4041 1.53373 3.12189 1.69501 1.61367 1.82218 1.79787 1.57849 1.38138 2.41534 1.43432 1.40869 1.50481 1.37897 1.42331 1.41004 1.2331 1.16805
threshold=6.5000000000000009 82.73989618945761 77.740831887334039 3.5000000000000004 17.500000000000004 9.6500000000000004 387.50000000000006 0.70748362666980424 1.7819203113450119 74.500000000000014 0.028901772731160725 175.45503636807521 0.99164058729498161 92.500000000000014 54.335452462735326 0.93225468035816139 69.65000000000002 66.080913070914121 27.117595147965766 79.500000000000014 -0.83113983907127287 -0.99762106698677366 -0.41717814939258746 33.150000000000013 99.500000000000014 59.824572479700599 139.50000000000003 25.500000000000004 73.096374558757802 43.500000000000007
decision_type=2 2 2 2 2 2 2 2 2 2 2 2 2 2 2 2 2 2 2 2 2 2 2 2 2 2 2 2 2 2
left_child=-1 2 6 4 28 -3 7 -2 9 10 -9 12 13 15 16 -10 18 -18 19 -15 21 -13 23 24 -22 26 27 -23 -4 -24
right_child=1 5 3 -5 -6 -7 -8 8 11 -11 -12 20 -14 14 -16 -17 17 -19 -20 -21 22 25 29 -25 -26 -27 -28 -29 -30 -31
leaf_value=-8.2416379885738364e-05 8.2408316098668563e-05 0.077642210265760528 -0.0044177709366145738 -0.0032965729665491495 0.052189779056712383 0.13208178240624946 0.010849629267370809 -0.00019088500763191074 -5.6934320648538429e-05 0.00022404996779102905 -0.0079715992417153502 -0.0016176246763798365 -0.034840404355716004 -0.005995371514396464 -0.033466813654137798 0.018588243044408159 -0.010904766758079632 0.0037969884601288585 0.0026506895735390668 0.0020116139384020572 0.0015809627328316367 0.0028316250973853489 0.00013336270031985009 -0.0032525533886769153 -0.0086266217801053598 0.03988496717501136 0.0016338263422939648 0.0133327826080889 0.054724221613475878 0.0034808349611105184
leaf_weight=3349 148 21 22 30 38 49 22 31 1218 28 30 44 30 22 32 62 161 28 25 25 65 55 1027 87 42 25 168 23 26 94
leaf_count=3349 148 21 22 30 38 49 22 31 1218 28 30 44 30 22 32 62 161 28 25 25 65 55 1027 87 42 25 168 23 26 94
internal_value=-0.0115234 0.000734095 0.000401885 0.00646552 0.0104651 0.0178571 0.000200458 0.000115274 -9.0307e-05 -0.00589888 -0.0102459 6.95948e-05 -0.000951341 -0.00074698 -0.00401024 0 -0.00220307 -0.00462963 0.00416667 -0.00159574 0.00107362 0.00404762 0.000361217 -0.00360825 0.000233645 0.00581181 0.0046748 0.0102564 0.00416667 0.00104817
internal_weight=7027 3678 3608 116 86 70 3492 3470 3322 89 61 3233 1603 1573 293 1280 261 189 72 47 1630 315 1315 194 107 271 246 78 48 1121
internal_count=7027 3678 3608 116 86 70 3492 3470 3322 89 61 3233 1603 1573 293 1280 261 189 72 47 1630 315 1315 194 107 271 246 78 48 1121
is_linear=0
shrinkage=0.05


Tree=128
num_leaves=31
num_cat=0
split_feature=2 18 15 13 15 12 18 10 3 15 1 4 9 18 4 13 4 16 9 9 0 2 18 18 0 1 13 0 4 4
split_gain=461.352 8.19133 1.78302 2.46429 1.09861 0.957708 1.89605 1.58775 1.17258 1.12962 1.96976 2.80918 1.60992 1.76832 1.58401 1.60303 1.28285 1.38164 1.24952 1.54727 1.32372 2.18518 2.68821 2.97737 1.99566 2.18493 2.07797 1.88929 1.72857 1.64205
threshold=6.5000000000000009 83.240157854491557 79.271261223352738 0.93854165289037617 0.14690278490434797 192.75880728777858 75.536447250035124 0.99164058729498161 19.650000000000002 8.7747063781931871 165.90000000000003 8.0500000000000025 0.90149333598846393 1.6444520525020312 12.450000000000001 0.051787452841669718 3.8500000000000001 21.70023506392695 -0.83113983907127287 -0.98801351631316325 108.50000000000001 102.50000000000001 8.9875434930812759 9.7366163776564072 290.50000000000006 133.95000000000002 0.41666528959762045 304.50000000000006 16.350000000000005 15.450000000000001
decision_type=2 2 2 2 2 2 2 2 2 2 2 2 2 2 2 2 2 2 2 2 2 2 2 2 2 2 2 2 2 2
left_child=-1 2 4 -4 -2 7 8 -6 -7 10 11 -10 13 -13 -15 -16 17 -11 19 -18 -20 -22 -23 -24 25 -25 27 -26 -27 -29
right_child=1 -3 3 -5 5 6 -8 -9 9 16 -12 12 -14 14 15 -17 18 -19 20 -21 21 22 23 24 26 28 -28 29 -30 -31
leaf_value=-7.8295560891451443e-05 0.00010959770466769659 0.12938922067403277 -0.0073385691726308268 0.039867484052783911 -5.9339703939553792e-05 0.0044934282256394896 0.029466153375030047 -0.041184819216561142 0.0017667533552132133 -0.0013951718707201799 -0.0076558324354998319 -0.0032797717898999657 0.00010463897405028345 0.0013914859594151509 9.3834196289366295e-05 -0.0012056824837235469 -0.0008046225088634174 -0.017084159537810884 0.010422377609715028 0.020109589091648596 -0.0077890468639032484 0.0087108491172514409 -0.01836145091709205 -0.0029334501914742186 -0.025689510861586929 0.01329330236277624 0.00047922469564358754 -0.013393415448342695 0.0016760179589505597 0.0012732999911651889
leaf_weight=3349 49 56 21 48 1700 48 59 36 47 52 35 47 20 36 45 54 75 22 29 143 52 22 30 43 24 42 732 33 30 48
leaf_count=3349 49 56 21 48 1700 48 59 36 47 52 35 47 20 36 45 54 75 22 29 143 52 22 30 43 24 42 732 33 30 48
internal_value=-0.011559 0.000666123 0.000372722 0.00833333 0.000218126 0.000114155 0.000933258 -0.000720046 0.000629023 0.000406382 -0.00246479 -0.000903614 -0.00346535 -0.00494505 -0.00203704 -0.00530303 0.000998548 -0.00540541 0.00136224 0.00481651 0.000668203 0.000378788 0.000896414 0.000509165 0.000997899 0.00717391 0.000149343 -0.00642857 0.0125 -0.00277778
internal_weight=7027 3678 3622 69 3553 3504 1768 1736 1709 1661 284 249 202 182 135 99 1377 74 1303 218 1085 1056 1004 982 952 115 837 105 72 81
internal_count=7027 3678 3622 69 3553 3504 1768 1736 1709 1661 284 249 202 182 135 99 1377 74 1303 218 1085 1056 1004 982 952 115 837 105 72 81
is_linear=0
shrinkage=0.05


Tree=129
num_leaves=31
num_cat=0
split_feature=2 18 14 6 15 4 9 13 15 14 14 4 4 0 5 9 14 1 8 5 3 3 9 4 9 3 0 17 11 2
split_gain=460.374 8.21482 1.37142 2.32598 1.22427 1.22754 1.18478 1.1499 1.32172 1.35838 2.22532 1.16513 1.84148 1.37967 1.25029 1.89053 1.11089 1.09193 1.11251 2.06803 0.829091 2.13481 0.795863 1.75459 1.20192 1.46763 1.18648 1.13087 1.56407 1.81008
threshold=6.5000000000000009 83.240157854491557 77.740831887334039 15.500000000000002 77.740831887334039 11.850000000000003 -0.99762106698677366 0.98489928961908391 0.14690278490434797 75.848436124596432 73.523255476990641 14.15 9.4500000000000011 820.50000000000011 13.500000000000002 0.7266007961912001 59.943741985843658 525.85000000000014 -0.98296291314453399 36.500000000000007 35.250000000000007 38.350000000000001 0.91927745688801432 5.2500000000000009 0.99906486341235867 21.650000000000002 808.50000000000011 32.180017565320156 45.055171228814977 247.50000000000003
decision_type=2 2 2 2 2 2 2 2 2 2 2 2 2 2 2 2 2 2 2 2 2 2 2 2 2 2 2 2 2 2
left_child=-1 2 6 4 5 -4 16 8 -8 10 22 12 14 -14 -9 20 -2 18 -13 -20 -16 -22 26 -24 25 -25 -10 28 -27 -30
right_child=1 -3 3 -5 -6 -7 7 11 9 -11 -12 17 13 -15 15 -17 -18 -19 19 -21 21 -23 23 24 -26 27 -28 -29 29 -31
leaf_value=-7.4380782846878877e-05 -0.00013206983868045976 0.12291975964033136 -0.0019134183784704107 -0.0076060269241235547 0.059197533327932206 0.030463611447280315 0.00010411781943431286 -0.0026576685602897501 -4.3627030279613792e-05 -0.0046625064453380107 0.018953209979542862 -0.0052781397685883746 -0.012488777035794386 0.0029806428877137137 -0.00059592854742547281 0.048113781035572248 -0.033050850392048581 0.020118322764616184 -0.005679193598407295 0.014685134080545482 0.038707344413679581 -0.0082993836721701793 -0.0045490657660080874 -0.001759857933710661 -0.0030666961657156658 0.00014560768165685495 -0.0023521068367735156 0.0093075037368119951 0.021210592465631353 0.0013008689444077961
leaf_weight=3349 62 56 24 20 31 46 43 20 2474 41 41 26 39 23 47 20 30 63 23 22 23 21 50 26 30 198 43 43 48 45
leaf_count=3349 62 56 24 20 31 46 43 20 2474 41 41 26 39 23 47 20 30 63 23 22 23 21 50 26 30 198 43 43 48 45
internal_value=-0.0115732 0.000638934 0.000345113 0.00557851 0.00866337 0.005 0.000164239 0.000315342 1.62232e-05 -0.000106943 1.66778e-05 0.00313456 0.000647668 -0.00645161 0.00400763 0.00608108 -0.00543478 0.00671642 0.00246479 0.00722222 0.00302198 0.00795455 -0.000143727 0.00181818 0.00294872 0.00375 -0.000486691 0.00464072 0.00352234 0.00887097
internal_weight=7027 3678 3622 121 101 70 3501 3409 3082 3039 2998 327 193 62 131 111 92 134 71 45 91 44 2957 440 390 360 2517 334 291 93
internal_count=7027 3678 3622 121 101 70 3501 3409 3082 3039 2998 327 193 62 131 111 92 134 71 45 91 44 2957 440 390 360 2517 334 291 93
is_linear=0
shrinkage=0.05


Tree=130
num_leaves=31
num_cat=0
split_feature=2 18 14 2 15 15 6 13 6 18 17 17 1 17 11 11 14 7 5 12 5 5 12 9 9 4 12 12 14 10
split_gain=456.961 7.53965 1.6904 1.11001 1.13869 1.28258 1.84078 2.10381 1.33942 2.80268 1.64112 2.88576 1.4507 1.51224 2.03312 1.33219 2.24453 1.81454 1.87341 1.5992 1.40431 2.57524 1.23765 1.7313 1.81332 1.53242 1.77579 1.34485 1.49407 2.38636
threshold=6.5000000000000009 83.240157854491557 82.611920185725026 387.50000000000006 0.70748362666980424 1.9840114329365497 83.500000000000014 0.028901772731160725 95.500000000000014 61.183944283606728 27.142913979334427 27.489694726562046 66.700000000000003 30.493426101831563 22.237202983197971 64.5654713892297 57.065418262902234 -0.5 23.500000000000004 80.673104253298064 42.500000000000007 58.500000000000007 124.74909930445283 -0.99762106698677366 -0.83113983907127287 18.050000000000004 153.11171548419034 134.34903016963145 33.339010850670356 0.91925191855388755
decision_type=2 2 2 2 2 2 2 2 2 2 2 2 2 2 2 2 2 2 2 2 2 2 2 2 2 2 2 2 2 2
left_child=-1 2 3 4 -2 6 7 -6 22 10 15 -12 -13 14 -14 16 17 18 -10 -19 -20 -22 -7 -24 25 26 -25 28 29 -26
right_child=1 -3 -4 -5 5 8 -8 -9 9 -11 11 12 13 -15 -16 -17 -18 19 20 -21 21 -23 23 24 27 -27 -28 -29 -30 -31
leaf_value=-7.066174370453492e-05 7.8900151423499248e-05 0.1167737716583151 0.036506315448216857 0.010409546559803929 -1.5170816241336095e-05 -9.8134128879578958e-05 0.00082385221023071058 -0.0070802614470474035 0.0068363955922150057 -0.0057509069913720626 0.021144228778068899 0.00096744864920502718 -0.010408322830078465 0.012081172286506004 0.0034626000055446582 0.00097731436731898227 -0.016596259111534551 0.0014950966748164209 -0.0038628000567081603 -0.0079552596935824286 0.0068000298984612689 -0.001376305319413529 -0.0033900247178479171 -0.0034006489605749482 -0.0092572419717027021 0.021901658763179201 0.0068373652975427524 0.00015304881905773283 0.019762144455804889 0.054775158534872408
leaf_weight=3349 148 56 28 22 35 883 28 40 23 96 22 26 33 23 53 50 20 24 52 92 21 54 70 44 22 47 238 1362 46 20
leaf_count=3349 148 56 28 22 35 883 28 40 23 96 22 26 33 23 53 50 20 24 52 92 21 54 70 44 22 47 238 1362 46 20
internal_value=-0.011623 0.000543774 0.000262286 0.000166945 9.79843e-05 -8.76168e-05 -0.00558252 -0.00966667 8.28064e-05 -0.0020798 -0.000557809 0.00366242 0.000925926 -0.0016055 -0.00465116 -0.00252976 -0.00384615 -0.00263158 0.001 -0.00732759 -0.00137795 0.003 0.000549048 0.00128448 0.00158797 0.00493921 0.0035461 0.000827586 0.00681818 0
internal_weight=7027 3678 3622 3594 3572 3424 103 75 3321 589 493 157 135 109 86 336 286 266 150 116 127 75 2732 1849 1779 329 282 1450 88 42
internal_count=7027 3678 3622 3594 3572 3424 103 75 3321 589 493 157 135 109 86 336 286 266 150 116 127 75 2732 1849 1779 329 282 1450 88 42
is_linear=0
shrinkage=0.05


Tree=131
num_leaves=31
num_cat=0
split_feature=2 18 12 18 0 17 1 6 17 2 3 13 2 6 10 12 18 4 14 17 17 9 11 5 3 15 12 10 3 1
split_gain=456.475 7.55091 1.24971 1.72602 1.6569 1.36098 1.40116 1.42027 2.16379 1.42941 1.39333 1.59887 1.33879 1.28795 1.42418 1.24418 2.09724 2.82714 2.69276 1.91053 1.77894 1.24675 1.20487 1.13405 0.967958 2.07499 1.26391 1.14286 0.92956 1.0423
threshold=6.5000000000000009 83.240157854491557 175.45503636807521 74.811412097399256 669.50000000000011 32.979658488676201 33.350000000000001 92.500000000000014 28.052740892978488 167.50000000000003 28.550000000000004 0.018359880627067459 40.500000000000007 31.500000000000004 0.021516097436222247 171.30481423261048 71.243211811742199 18.350000000000005 62.498675854447228 31.178353161118228 31.822223164309726 0.95992380042979863 43.501792446014029 56.500000000000007 32.95000000000001 43.551509077558386 81.354268766784898 -0.59815875725621337 19.650000000000002 61.70000000000001
decision_type=2 2 2 2 2 2 2 2 2 2 2 2 2 2 2 2 2 2 2 2 2 2 2 2 2 2 2 2 2 2
left_child=-1 2 5 28 -5 6 10 15 24 -10 12 23 -2 14 -6 16 18 19 20 -18 -8 -22 -11 -12 25 26 -9 -28 29 -4
right_child=1 -3 3 4 13 -7 7 8 9 22 11 -13 -14 -15 -16 -17 17 -19 -20 -21 21 -23 -24 -25 -26 -27 27 -29 -30 -31
leaf_value=-6.7128656519308181e-05 8.1416855972933641e-05 0.11093508307539929 -0.00011410399557708063 -0.01111931023767454 0.013622280142477905 -0.0029908932550011301 -0.00026191485617701462 0.0015896227405001629 -0.00046520093795439089 -0.039530535048585946 0.00035344522602577533 -0.0055289505264966236 0.004266972442214567 -0.00015173039657767617 0.046154912273581775 -0.013898560499142577 0.013426387433086263 0.042095804334186228 -0.0065102570491017532 -0.0094423181272638608 0.012147108320646183 -0.0042786977448177723 -0.0093973125075486053 -1.9916967009611654e-05 -0.015705206416209452 0.0049604346588353115 -0.009868156638206128 -0.00027168599965221585 8.8952292027874591e-05 0.035585197177800156
leaf_weight=3349 30 56 21 29 26 32 1022 20 34 22 32 22 25 25 65 28 95 38 22 40 33 21 29 33 59 39 28 28 1694 30
leaf_count=3349 30 56 21 29 26 32 1022 20 34 22 32 22 25 25 65 28 95 38 22 40 33 21 29 33 59 39 28 28 1694 30
internal_value=-0.0116301 0.000530179 0.000248482 0.00113757 0.00637931 -0.000721709 -0.000529412 -0.000962773 -0.00434363 -0.0108824 0.00422535 0.000287356 0.0104545 0.00905172 0.0118132 -0.000288684 -5.90087e-05 0.0050578 -0.000865209 0.00166667 -0.000511152 0.00833333 -0.0161765 0.00423077 -0.00114943 0.00152174 -0.00328947 -0.00714286 0.000702006 0.00735294
internal_weight=7027 3678 3622 1890 145 1732 1700 1558 259 85 142 87 55 116 91 1299 1271 173 1098 135 1076 54 51 65 174 115 76 56 1745 51
internal_count=7027 3678 3622 1890 145 1732 1700 1558 259 85 142 87 55 116 91 1299 1271 173 1098 135 1076 54 51 65 174 115 76 56 1745 51
is_linear=0
shrinkage=0.05


Tree=132
num_leaves=31
num_cat=0
split_feature=2 18 1 9 18 13 17 4 4 4 4 4 9 18 9 6 17 13 2 17 5 5 4 3 15 17 17 15 11 0
split_gain=456.475 6.75769 1.59299 0.956003 1.10205 1.07685 1.22245 1.378 2.3892 2.28579 1.99481 1.59098 1.13961 2.35461 1.80031 1.53483 1.49202 1.34554 1.2777 1.21412 1.57277 2.58137 1.20635 1.11364 1.02477 1.01185 0.996392 0.957107 0.933838 0.88426
threshold=6.5000000000000009 85.285009830143608 747.75000000000011 -0.99762106698677366 43.174417201818464 0.99365302300695568 30.276737920157348 14.15 9.4500000000000011 23.650000000000002 28.550000000000004 21.050000000000004 -0.95747632178960107 72.279928134327477 -0.9523687564627995 23.500000000000004 27.817878421766128 0.97727673673113757 154.50000000000003 28.406877283459043 42.500000000000007 31.500000000000004 9.5500000000000025 28.950000000000003 0.14690278490434797 29.684328340084551 25.856712974533611 63.202394096285055 71.885658859294111 815.50000000000011
decision_type=2 2 2 2 2 2 2 2 2 2 2 2 2 2 2 2 2 2 2 2 2 2 2 2 2 2 2 2 2 2
left_child=-1 2 3 4 -2 12 7 8 29 11 -11 28 13 15 -14 16 18 24 -5 22 21 25 -18 -22 -16 -21 -19 -6 -9 -7
right_child=1 -3 -4 5 27 6 -8 9 -10 10 -12 -13 14 -15 17 -17 19 26 -20 20 23 -23 -24 -25 -26 -27 -28 -29 -30 -31
leaf_value=-6.3772223693342778e-05 4.8078564608866614e-05 0.16443518233040777 0.046803187329985722 -0.0092099985817181828 -0.03103063541482989 0.0084774207212618084 0.045129832512220962 0.010856795228454175 -0.0094450753139678767 -0.015827930277407632 0.039736915483184809 0.047609350659212173 -0.0095322702300007847 0.029510680974785687 0.00010260166648936587 0.0040069362201371915 -0.0026161701816160843 -0.011788305100252396 0.00044675230181869809 -0.00445021384677915 0.00025849454686409644 0.024333995534952191 0.0072766039235254709 -0.0098320902617551557 -5.0175865267204639e-06 0.0087897035548708761 -0.0027995507792816458 -0.0090565964470279425 0.00056883140637875584 -0.0015023554514193905
leaf_weight=3349 44 28 38 31 21 81 29 30 50 20 22 21 23 23 41 39 21 28 20 21 22 22 36 22 2790 20 39 31 36 29
leaf_count=3349 44 28 38 31 21 81 29 30 50 20 22 21 23 23 41 39 21 28 20 21 22 22 36 22 2790 20 39 31 36 29
internal_value=-0.0116301 0.000530179 0.000342466 0.000235327 -0.0046875 0.000369738 0.00314465 0.00216263 -0.0009375 0.00600775 -0.00357143 0.0106322 9.38086e-05 0.00315884 -0.00019685 0.00177165 0.000116279 -8.62664e-05 -0.00735294 0.00243902 -0.000700935 0.00436508 0.00833333 -0.00795455 7.94772e-05 -0.00304878 -0.00708955 -0.00961538 0.00681818 0.00318182
internal_weight=7027 3678 3650 3612 96 3516 318 289 160 129 42 87 3198 277 2921 254 215 2898 51 164 107 63 57 44 2831 41 67 52 66 110
internal_count=7027 3678 3650 3612 96 3516 318 289 160 129 42 87 3198 277 2921 254 215 2898 51 164 107 63 57 44 2831 41 67 52 66 110
is_linear=0
shrinkage=0.05


Tree=133
num_leaves=31
num_cat=0
split_feature=2 18 1 12 14 13 10 12 11 5 10 0 1 6 3 4 11 17 17 17 4 14 4 16 3 1 18 18 10 16
split_gain=454.531 6.78776 1.61618 0.901845 1.16601 2.52221 1.83641 1.90601 1.7689 1.76062 1.63795 1.62995 1.74082 2.19273 1.47235 1.72391 1.6157 1.45777 1.87028 1.65348 1.45383 1.30191 1.28926 1.15314 2.11051 1.15227 1.13992 1.11243 1.08476 1.04692
threshold=6.5000000000000009 85.285009830143608 730.80000000000007 175.45503636807521 6.630797340928706 0.29239616631462434 0.69635043120606455 109.12481569082722 9.7074194676674868 22.500000000000004 0.99164058729498161 259.50000000000006 216.70000000000002 91.500000000000014 17.850000000000005 7.4500000000000011 34.065981005994111 26.606978606339563 26.115579434684069 27.117595147965766 21.650000000000002 17.325652384954012 8.3500000000000032 15.629519646332595 29.550000000000004 66.700000000000003 74.811412097399256 19.236942004250984 -0.83352489619613901 19.092542169704419
decision_type=2 2 2 2 2 2 2 2 2 2 2 2 2 2 2 2 2 2 2 2 2 2 2 2 2 2 2 2 2 2
left_child=-1 2 3 4 5 6 7 9 -8 -2 11 -6 28 14 15 -14 -16 18 23 -19 29 -18 -7 -11 25 -25 -5 -24 -13 -15
right_child=1 -3 -4 26 10 22 8 -9 -10 17 -12 12 13 20 16 -17 21 19 -20 -21 -22 -23 27 24 -26 -27 -28 -29 -30 -31
leaf_value=-6.0583612508675628e-05 0.0015272851196495324 0.1562134232138874 0.023650849346363148 0.00011690347465769802 -0.013972136606840026 0.0033615461887217535 -0.0010845155717704058 0.030529537881252858 -0.012963805347931867 -0.0021138307789895228 -0.056512370580674445 0.0082095481697619377 0.031374459065811509 -0.0073566647866474717 -0.0069448223367480468 0.0010606905003221812 0.011448174429740377 -0.0029082860542640533 0.00099955151544051666 -0.00019305980067849671 0.0023060581116425283 -0.00053963398008889391 0.0014849836519991834 0.00058371212188005619 -3.9698387783380228e-05 0.00052147122296233308 0.016557898775808867 0.036578652928315414 0.00061729650681696668 -0.019976619383744156
leaf_weight=3349 25 28 84 1743 32 27 32 24 21 28 21 28 22 43 79 32 44 23 28 181 24 679 21 24 111 20 105 27 38 84
leaf_count=3349 25 28 84 1743 32 27 32 24 21 28 21 28 22 43 79 32 44 23 28 181 24 679 21 24 111 20 105 27 38 84
internal_value=-0.0116586 0.000475802 0.000287671 0.000126192 -0.000698487 0.00109797 -0.000145068 0.000862069 -0.00896226 0.000113636 -0.00164298 -0.00138009 -0.00104846 -0.00156405 -0.000584112 0.00740741 -0.00112219 -0.000662651 0.00225118 -0.00367647 -0.00711921 -0.00038036 0.00966667 0.000409836 0.00209677 0.0113636 0.000892857 0.0145833 0.00681818 -0.00925197
internal_weight=7027 3678 3650 3566 1718 592 517 464 53 440 1126 1105 1073 1007 856 54 802 415 211 204 151 723 75 183 155 44 1848 48 66 127
internal_count=7027 3678 3650 3566 1718 592 517 464 53 440 1126 1105 1073 1007 856 54 802 415 211 204 151 723 75 183 155 44 1848 48 66 127
is_linear=0
shrinkage=0.05


Tree=134
num_leaves=31
num_cat=0
split_feature=2 18 15 2 3 6 9 3 14 1 0 4 3 9 16 11 0 4 0 0 0 10 10 11 9 0 18 11 9 16
split_gain=454.046 6.79529 1.69065 1.11419 0.980392 0.945379 1.46721 1.43563 2.59378 2.04367 1.36931 1.76156 2.606 2.32734 2.78425 1.68314 1.37897 1.97661 1.24529 1.40314 1.38519 1.14112 1.19011 1.12513 1.50437 1.41701 1.65899 1.32494 1.66667 1.23364
threshold=6.5000000000000009 85.285009830143608 80.801868519030933 387.50000000000006 29.650000000000002 7.5000000000000009 0.99965739133362419 21.850000000000005 29.573225210049333 612.05000000000007 684.50000000000011 10.850000000000003 38.750000000000007 -0.97873101657557326 22.511062294384303 54.689586713636793 798.50000000000011 23.050000000000004 663.50000000000011 631.50000000000011 643.50000000000011 -0.25950218452349683 -0.91583036384466876 30.406641618468601 0.69016699705532247 400.50000000000006 39.379248456559957 4.8568673843510597 -0.99466160899732459 20.600010415395687
decision_type=2 2 2 2 2 2 2 2 2 2 2 2 2 2 2 2 2 2 2 2 2 2 2 2 2 2 2 2 2 2
left_child=-1 2 3 5 -4 6 10 8 -7 -10 18 12 13 -12 -15 -13 21 -18 19 23 -21 22 -17 27 25 -25 29 -2 -29 -27
right_child=1 -3 4 -5 -6 7 -8 -9 9 -11 11 15 -14 14 -16 16 17 -19 -20 20 -22 -23 -24 24 -26 26 -28 28 -30 -31
leaf_value=-5.7554431883241848e-05 -0.0001430659426661693 0.14840275205319317 0.027878051261438233 0.010312077387247421 0.053493562232227634 -0.00018086271244928677 -0.0023270344955971466 -2.4914025326161496e-05 -0.015607441465677142 -0.0017779437057273029 -0.014945831138329169 0.026075846773059654 -0.0082061843467883481 0.043976688735334335 -0.0033754272197182192 -0.0029227485788684508 0.036852995304244018 0.0026888784996273785 -0.0096194716969295168 0.041768784980313001 0.0026830882705677797 -0.016088973283410725 0.016056796741887248 -0.0098932162963778943 0.0065919839442146085 0.014370643876738677 -0.0037671745550094116 0.0012632747454520256 0.00047007811822495779 -3.0560976335891608e-05
leaf_weight=3349 114 28 27 22 24 108 20 1779 29 20 22 58 38 41 52 35 50 45 44 25 39 21 30 56 96 36 198 28 560 33
leaf_count=3349 114 28 27 22 24 108 20 1779 29 20 22 58 38 41 52 35 50 45 44 25 39 21 30 56 96 36 198 28 560 33
internal_value=-0.0116657 0.000462208 0.000273973 0.000145874 0.00931373 7.68801e-05 0.000959781 -0.000671488 -0.00525478 -0.0147959 0.00112585 0.00369898 -0.000490196 0.00326087 0.00672043 0.00638075 0.00400552 0.00815789 0.000305126 0.000611814 0.0078125 -0.000581395 0.00269231 0.000200714 -0.00184964 -0.00348297 -0.00196629 0.0014245 0.00238095 0.00471014
internal_weight=7027 3678 3650 3599 51 3577 1641 1936 157 49 1621 392 153 115 93 239 181 95 1229 1185 64 86 65 1121 419 323 267 702 588 69
internal_count=7027 3678 3650 3599 51 3577 1641 1936 157 49 1621 392 153 115 93 239 181 95 1229 1185 64 86 65 1121 419 323 267 702 588 69
is_linear=0
shrinkage=0.05


Tree=135
num_leaves=31
num_cat=0
split_feature=2 18 1 15 9 15 3 3 16 12 17 17 18 13 18 9 14 14 11 13 16 12 15 0 4 2 6 18 16 18
split_gain=449.69 6.86322 1.68142 1.16822 1.02178 0.96886 0.89581 1.12146 1.04771 0.845225 1.46458 1.31418 1.29148 2.37336 1.92112 1.61987 1.48158 1.73147 1.48611 1.46486 1.58146 1.20286 1.08078 1.91049 1.72212 2.26821 2.12013 1.66667 1.53535 1.44765
threshold=6.5000000000000009 85.285009830143608 730.80000000000007 0.14690278490434797 -0.99762106698677366 69.624248440607332 46.250000000000007 43.850000000000001 20.572933230414282 175.45503636807521 32.979658488676201 31.822223164309726 1.8469460409689256 0.028901772731160725 2.1921385514075071 -0.8995975465297964 74.745278196235631 68.917765224499036 53.912270451876722 0.8395094845223271 19.273926743371891 251.86542133066112 8.1201165864714167 108.50000000000001 11.15 104.50000000000001 26.500000000000004 6.3425238804615178 19.621524953143865 62.603555436416563
decision_type=2 2 2 2 2 2 2 2 2 2 2 2 2 2 2 2 2 2 2 2 2 2 2 2 2 2 2 2 2 2
left_child=-1 2 3 -2 5 -5 7 9 -9 10 11 -6 13 -11 -14 16 17 19 -19 20 -16 -22 27 -24 25 -25 28 -17 -26 -28
right_child=1 -3 -4 4 6 -7 -8 8 -10 12 -12 -13 14 -15 15 22 -18 18 -20 -21 21 -23 23 24 26 -27 29 -29 -30 -31
leaf_value=-5.4676710289079753e-05 0.00011710403772578483 0.14098261445053381 0.022553315410171138 -0.0001274571846336614 -0.0001852042727475467 -0.02122660569418713 0.013617644852925893 -0.011750605862386366 -0.0014963203630047773 2.5962486874131499e-05 -0.003275195494270289 0.0024003573103037468 0.00068647407453880098 -0.0066528117766384287 -0.0033364756058222866 4.1766556919675683e-07 0.047445731941110486 0.0082675943714825458 -0.022299079319446947 0.01705968761801575 -0.0017164946795336534 0.013868273841479163 0.0096174134824030481 -0.015382535568820188 0.020575922170563032 -0.00070795232183531456 6.7699246678110112e-05 -0.007533499532398547 0.0046126765323510456 -0.0054864910386886127
leaf_weight=3349 49 28 84 76 1512 20 28 21 60 69 30 87 22 38 21 80 24 33 20 22 37 72 38 28 65 337 296 40 379 62
leaf_count=3349 49 28 84 76 1512 20 28 21 60 69 30 87 22 38 21 80 24 33 20 22 37 72 38 28 65 337 296 40 379 62
internal_value=-0.0117298 0.000339859 0.000150685 -1.40213e-05 -0.000120842 -0.00520833 2.19234e-05 -5.15768e-05 -0.0058642 9.05797e-05 -0.000721301 -0.000515947 0.000876411 -0.00443925 0.00123731 0.0010296 0.00491266 0.00353659 -0.00424528 0.00625 0.00423077 0.00665138 0.000358491 0.000809129 0.000449871 -0.00239726 0.00174564 -0.00416667 0.00405405 -0.00111732
internal_weight=7027 3678 3650 3566 3517 96 3421 3393 81 3312 1629 1599 1683 107 1576 1554 229 205 53 152 130 109 1325 1205 1167 365 802 120 444 358
internal_count=7027 3678 3650 3566 3517 96 3421 3393 81 3312 1629 1599 1683 107 1576 1554 229 205 53 152 130 109 1325 1205 1167 365 802 120 444 358
is_linear=0
shrinkage=0.05


Tree=136
num_leaves=31
num_cat=0
split_feature=2 18 15 9 1 4 3 3 6 2 10 4 18 4 4 18 17 5 10 9 4 3 3 15 15 13 0 14 2 6
split_gain=447.279 6.90111 1.59125 1.05877 1.08636 2.92459 2.29917 1.71752 1.51661 2.44034 1.71204 1.92857 1.42493 1.31767 1.51633 1.4961 1.49269 2.19205 1.62178 1.30321 1.24213 2.54075 1.75583 1.16667 0.96886 0.963813 3.33104 2.20069 2.00577 1.84056
threshold=6.5000000000000009 85.285009830143608 81.996375818153822 -0.99762106698677366 548.35000000000014 18.350000000000005 34.850000000000001 36.45000000000001 18.500000000000004 186.50000000000003 0.99164058729498161 11.15 69.793192306935694 14.65 12.950000000000001 62.39958509789053 30.238850774808856 26.500000000000004 0.67123509350548782 0.91236630913977501 30.150000000000002 34.550000000000004 36.45000000000001 60.341651155675514 69.624248440607332 0.56546986341837824 442.50000000000006 21.853369959338455 300.50000000000006 74.500000000000014
decision_type=2 2 2 2 2 2 2 2 2 2 2 2 2 2 2 2 2 2 2 2 2 2 2 2 2 2 2 2 2 2
left_child=-1 2 3 24 12 6 8 -8 10 23 13 -12 25 14 16 -15 17 -6 19 -18 21 -7 -23 -10 -2 26 -5 -28 29 -27
right_child=1 -3 -4 4 5 20 7 -9 9 -11 11 -13 -14 15 -16 -17 18 -19 -20 -21 -22 22 -24 -25 -26 28 27 -29 -30 -31
leaf_value=-5.1942874774625768e-05 -0.00012108432540200998 0.13393348372800704 0.04439852883057132 -5.831975314158841e-07 0.02264235346834962 0.044870296628234746 0.016609726996046705 0.00057003039395873143 -0.0018644039992690153 -0.015453435503793146 -0.056045274281994045 0.0054635257668358868 -0.0048826063400401413 0.023760091255774364 0.028744524847794752 -0.0074373453881186437 -0.028307837552154783 0.00064346537734216724 0.013240873247690566 -0.0011842487842425699 -0.0040173125210884566 -0.0047184470682276828 0.017855138967327554 0.016682998435977935 -0.020165275409478059 -0.00082320317686424005 0.0017982217549803892 0.037798574982591052 0.00062515093350334894 -0.013471117341868323
leaf_weight=3349 76 28 40 1670 36 43 85 130 21 60 21 21 24 20 38 35 28 95 44 44 20 22 36 21 20 406 45 29 371 149
leaf_count=3349 76 28 40 1670 36 43 85 130 21 60 21 21 24 20 38 35 28 95 44 44 20 22 36 21 20 406 45 29 371 149
internal_value=-0.0117653 0.000271887 8.21918e-05 -2.77008e-05 0.00011383 0.00170732 0.00046495 0.00476744 -0.00144628 -0.00686275 0 -0.00952381 -0.000371195 0.00117647 0.00254386 -0.00590909 0.00111336 0.00477099 -0.00301724 -0.00763889 0.0088843 0.0111386 0.00431034 0.00238095 -0.00520833 -0.000262172 0.000430046 0.0108108 -0.00156587 -0.00346847
internal_weight=7027 3678 3650 3610 3514 820 699 215 484 102 382 42 2694 340 285 55 247 131 116 72 121 101 58 42 96 2670 1744 74 926 555
internal_count=7027 3678 3650 3610 3514 820 699 215 484 102 382 42 2694 340 285 55 247 131 116 72 121 101 58 42 96 2670 1744 74 926 555
is_linear=0
shrinkage=0.05


Tree=137
num_leaves=31
num_cat=0
split_feature=2 18 1 3 12 13 5 3 15 5 10 18 1 4 10 0 6 2 2 17 17 4 18 4 4 2 2 2 15 2
split_gain=446.317 6.91629 1.72785 0.965841 1.27792 1.34134 1.49205 1.26433 1.3097 2.24511 1.55482 1.27811 1.25114 1.2251 1.21684 1.1798 1.15528 1.22762 1.14201 1.48418 1.68045 1.34757 1.52671 1.29685 1.225 1.01691 1.79148 0.986037 1.093 1.3555
threshold=6.5000000000000009 85.285009830143608 730.80000000000007 37.45000000000001 288.4085263144878 0.9642828667258454 20.500000000000004 46.250000000000007 69.624248440607332 25.500000000000004 -0.66483077113278999 71.454311638622698 101.25000000000001 18.950000000000003 -0.0387208465846701 763.50000000000011 3.5000000000000004 282.50000000000006 285.50000000000006 24.535032685910583 24.359223861871126 10.65 64.286490318558648 8.8500000000000032 6.5500000000000007 358.50000000000006 333.50000000000006 310.50000000000006 75.17490717958799 246.50000000000003
decision_type=2 2 2 2 2 2 2 2 2 2 2 2 2 2 2 2 2 2 2 2 2 2 2 2 2 2 2 2 2 2
left_child=-1 2 3 4 5 25 -7 8 10 11 18 -10 -12 -8 16 -15 -14 -18 19 20 -5 22 23 24 -20 26 27 28 -2 -30
right_child=1 -3 -4 7 -6 6 13 -9 9 -11 12 -13 14 15 -16 -17 17 -19 21 -21 -22 -23 -24 -25 -26 -27 -28 -29 29 -31
leaf_value=-4.934573103589448e-05 -3.0845167770410244e-06 0.12723680954160699 0.02067755284757098 -0.0019187552240758521 0.00024989801828113612 0.031447927145920575 -4.8126916905033568e-05 0.012941713916363541 -0.0053905542053350082 -0.017379608078768882 -0.001332696763850727 0.026925397392027862 -0.00032570679913863644 0.04262678179682311 -0.0013863837688106173 0.0024344042972742844 0.01105907892917557 -0.00043671752233578334 -0.0012865345701680297 -0.00048332300805364881 -0.011219149141302509 0.0027685825468605433 -0.019688904044132906 -0.0069895029453546087 0.015109132508001721 0.018404055091859207 -0.0030210869365447481 0.0010073269951980991 -0.00060309411687740075 -0.01118660518816128
leaf_weight=3349 2222 28 84 89 36 43 157 28 23 24 22 20 43 21 37 26 91 31 20 213 20 176 20 22 20 31 23 45 43 20
leaf_count=3349 2222 28 84 89 36 43 157 28 23 24 22 20 43 21 37 26 91 31 20 213 20 176 20 22 20 31 23 45 43 20
internal_value=-0.0117796 0.000244698 5.47945e-05 -0.00011217 0.000365579 0.000237552 0.00374494 -0.00152948 -0.00186567 -0.00858209 -0.00130597 -0.00174419 0.00223214 0.00196078 0.00346535 0.00904255 0.00530303 0.00778689 -0.00267241 -0.00465839 -0.00940367 -0.000193798 -0.0054878 -0.0016129 0.00375 -0.000125839 -0.000244369 -0.000107296 -0.000251641 -0.00674603
internal_weight=7027 3678 3650 3566 2667 2631 247 899 871 67 804 43 224 204 202 47 165 122 580 322 109 258 82 62 40 2384 2353 2330 2285 63
internal_count=7027 3678 3650 3566 2667 2631 247 899 871 67 804 43 224 204 202 47 165 122 580 322 109 258 82 62 40 2384 2353 2330 2285 63
is_linear=0
shrinkage=0.05


Tree=138
num_leaves=31
num_cat=0
split_feature=2 18 15 14 3 3 12 10 10 17 15 5 10 16 17 16 4 3 18 16 2 16 5 15 5 12 16 15 6 4
split_gain=442.478 6.97719 1.63551 1.08237 0.948297 0.958883 1.13995 1.34862 1.45289 1.2797 1.07501 2.52696 1.06657 2.03012 2.44459 1.43198 1.37639 1.30387 1.04349 1.1325 1.39235 1.18444 1.62516 1.31345 1.45385 1.23889 1.56529 1.37738 1.23001 1.17127
threshold=6.5000000000000009 85.285009830143608 81.996375818153822 82.611920185725026 46.250000000000007 37.45000000000001 192.75880728777858 0.99164058729498161 0.93225468035816139 32.987126483277997 69.624248440607332 25.500000000000004 0.70860043010605911 21.536507056979044 29.345796648845496 17.932800823372386 8.4500000000000011 16.450000000000003 78.737865802403761 20.93738955029368 284.50000000000006 21.203951212947413 16.500000000000004 9.1412000679288461 28.500000000000004 277.73016259139132 23.970772562105335 51.072527492515114 17.500000000000004 9.2500000000000018
decision_type=2 2 2 2 2 2 2 2 2 2 2 2 2 2 2 2 2 2 2 2 2 2 2 2 2 2 2 2 2 2
left_child=-1 2 3 4 5 6 7 8 9 12 -7 -12 17 14 15 -14 -17 -2 19 -8 21 28 25 24 -24 26 27 -23 -21 -25
right_child=1 -3 -4 -5 -6 10 18 -9 -10 -11 11 -13 13 -15 -16 16 -18 -19 -20 20 -22 22 23 29 -26 -27 -28 -29 -30 -31
leaf_value=-4.6878444484099762e-05 0.0041401373763712895 0.12087496906452629 0.041636480392973498 0.029188951305016177 0.012294628220545434 -0.00026622920775693507 0.00065253457326865452 -0.032560441041706502 0.0027046058196034117 -0.0033075219801025572 -0.001387003853559321 -0.016510627674830403 -0.0034230774236872819 0.0039895515108563373 -0.013477502760524996 -0.0019363606070236018 0.019587956377341689 -1.4224724707068149e-05 0.043185906384710648 -0.00044167280306002256 -0.011267257429325994 -0.0076692791408905954 0.00076968335766478555 -0.0016166193891763215 -0.0026758573319099147 9.8837385200424566e-05 0.0011062582246369247 -0.00032766308078748809 -0.0065415433286722781 0.0089139979981119662
leaf_weight=3349 20 28 40 24 28 804 536 42 84 29 43 24 35 26 30 23 20 1305 23 51 21 60 35 36 30 24 62 41 33 121
leaf_count=3349 20 28 40 24 28 804 536 42 84 29 43 24 35 26 30 23 20 1305 23 51 21 60 35 36 30 24 62 41 33 121
internal_value=-0.0118365 0.000135943 -5.47945e-05 -0.000166205 -0.000237033 -0.000309162 0.000158169 -0.000681537 -0.000445293 -0.000806452 -0.00175086 -0.00783582 -0.000599726 -0.00485075 -0.00787037 -0.00320513 0.00290698 -0.000169811 0.00142125 0.00119048 -0.000486381 5.07099e-05 0.00116137 0.00405405 -0.00192308 -0.00227273 -0.00383436 -0.00767327 -0.00535714 0.00652866
internal_weight=7027 3678 3650 3610 3586 3558 2687 1614 1572 1488 871 67 1459 134 108 78 43 1325 1073 1050 514 493 409 222 65 187 163 101 84 157
internal_count=7027 3678 3650 3610 3586 3558 2687 1614 1572 1488 871 67 1459 134 108 78 43 1325 1073 1050 514 493 409 222 65 187 163 101 84 157
is_linear=0
shrinkage=0.05


Tree=139
num_leaves=31
num_cat=0
split_feature=2 18 15 3 3 12 17 11 9 11 4 15 14 3 10 6 5 2 11 3 18 18 5 9 0 4 9 10 5 17
split_gain=440.564 7.00775 1.26979 0.9422 0.997023 1.18137 1.36721 1.12438 2.07844 1.58764 1.4344 1.12352 1.20139 1.27813 1.10764 1.08255 1.74478 2.27164 1.93141 1.45084 1.36761 3.15596 1.79856 1.92008 1.85319 2.11468 1.67297 2.62976 1.50289 1.57277
threshold=6.5000000000000009 85.285009830143608 81.996375818153822 46.250000000000007 37.45000000000001 175.45503636807521 32.979658488676201 52.005368904640719 -0.83113983907127287 54.324827162468722 7.3500000000000005 60.67242346964273 65.083101121541063 34.45000000000001 0.99164058729498161 11.500000000000002 40.500000000000007 159.50000000000003 11.681078596062505 16.450000000000003 34.108868229636094 30.59281575553609 60.500000000000007 -0.52339621958889271 663.50000000000011 13.15 0.67125374152323958 -0.52705818521824699 69.500000000000014 24.322168630696982
decision_type=2 2 2 2 2 2 2 2 2 2 2 2 2 2 2 2 2 2 2 2 2 2 2 2 2 2 2 2 2 2
left_child=-1 2 3 4 5 6 14 -7 10 -10 -9 -11 -13 -14 15 19 17 -17 -18 -2 21 26 -22 24 25 -24 27 28 29 -20
right_child=1 -3 -4 -5 -6 7 -8 8 9 11 -12 12 13 -15 -16 16 18 -19 20 -21 22 -23 23 -25 -26 -27 -28 -29 -30 -31
leaf_value=-4.4534522259894772e-05 0.0044138658865621851 0.11483122061129976 0.039554656373324983 0.011679896809518198 -0.00055815196903683526 0.00011299370807705961 -0.002675744020944189 0.018561060556681497 0.03375363481786451 -0.0048478097288715107 0.038970271764727477 0.012455296170277831 -0.0067145054044360115 0.0083641080960127571 -0.026526124629096606 0.00029196944739267179 -0.00022300350862701214 -0.014131665707133935 -0.0071408777651366774 5.0800726591404557e-05 0.00105782993204393 0.026365714312952628 0.0024011613944500357 -0.021223950146226401 0.01170170153832757 -0.01107147140331648 0.0062141176037357141 -0.016697092564008954 0.00083202473405803452 0.0025717427156761287
leaf_weight=3349 70 28 40 28 871 947 32 25 25 47 38 21 21 37 35 62 51 144 23 715 123 31 20 21 22 36 20 28 93 24
leaf_count=3349 70 28 40 28 871 947 32 25 25 47 38 21 21 37 35 62 51 144 23 715 123 31 20 21 22 36 20 28 93 24
internal_value=-0.0118649 8.15661e-05 -0.000109589 -0.000207756 -0.000279174 0.000193655 -0.000709677 0.00139966 0.0046729 0.00149007 0.0123016 -0.000793651 0.0028481 -0.000862069 -0.000494071 -0.000286581 -0.0017192 -0.00558252 -0.000101626 0.000987261 0.000963719 0.00376712 -0.0018018 -0.00681818 -0.00320513 -0.00803571 0.00132979 -0.000297619 0.0025 -0.00478723
internal_weight=7027 3678 3650 3610 3582 2711 1550 1161 214 151 63 126 79 58 1518 1483 698 206 492 785 441 219 222 99 78 56 188 168 140 47
internal_count=7027 3678 3650 3610 3582 2711 1550 1161 214 151 63 126 79 58 1518 1483 698 206 492 785 441 219 222 99 78 56 188 168 140 47
is_linear=0
shrinkage=0.05


Tree=140
num_leaves=31
num_cat=0
split_feature=2 18 15 13 15 17 3 4 4 5 14 12 16 4 17 10 4 7 15 15 16 14 13 9 3 15 0 10 13 18
split_gain=442.957 6.00391 1.28155 2.26354 1.0763 0.961962 0.960129 1.05351 1.92681 2.07708 1.57298 1.27068 0.916667 0.895994 1.98945 1.69303 1.68719 2.46328 1.61073 1.35098 1.16813 1.16206 1.71257 1.54887 1.02527 1.21249 1.53409 0.963335 2.00754 3.1985
threshold=6.5000000000000009 85.285009830143608 79.271261223352738 0.94257775866291549 0.23436876353337363 26.695590268332403 46.250000000000007 28.350000000000005 30.150000000000002 27.500000000000004 47.593982546932629 128.98347140998789 23.257114184083296 23.050000000000004 29.158964166363514 -0.97106408147883394 22.150000000000002 0.25881904510252091 7.4441614884808596 44.980540423069137 20.482433691348486 25.048422152172336 0.93373422998839917 0.52707282776374187 37.45000000000001 69.624248440607332 804.50000000000011 -0.74979862697202038 0.10962622521678343 17.685032753126457
decision_type=2 2 2 2 2 2 2 2 2 2 2 2 2 2 2 2 2 2 2 2 2 2 2 2 2 2 2 2 2 2
left_child=-1 2 4 -4 5 -2 7 13 11 -10 -11 -9 -5 16 15 20 24 -18 -17 -16 -15 -20 23 -23 27 -26 -27 -6 -29 -30
right_child=1 -3 3 12 6 -7 -8 8 9 10 -12 -13 -14 14 19 18 17 -19 21 -21 -22 22 -24 -25 25 26 -28 28 29 -31
leaf_value=-4.2307796146900034e-05 0.00022662681040969205 0.10908965958073509 -0.0053045145688702892 0.0021046757740791123 0.00021489671292651558 -2.8817752606716265e-05 0.011095901969042289 0.0012515065092028267 0.0054911472134334897 5.821786600748169e-05 -0.01454824297616817 0.034975596548098058 0.037739837193844043 0.0058425072666555174 -0.0017911570821512958 0.0002649127331292245 0.013830023652213442 -0.00090372409188343994 -0.017740236449828074 0.00870319815960734 -0.0056382212605758045 0.0010908660632303225 -0.011500115895787389 -0.0077664129907358166 -0.0004522520205808789 -0.011771952053894454 -0.00047438325651114613 -0.00054400561058167709 0.0019604972481235272 -0.00029862293719622461
leaf_weight=3349 37 28 23 22 429 27 28 21 36 27 24 36 44 47 26 24 54 26 50 36 21 44 33 21 625 24 20 305 172 1368
leaf_count=3349 37 28 23 22 429 27 28 21 36 27 24 36 44 47 26 24 54 26 50 36 21 44 33 21 625 24 20 305 172 1368
internal_value=-0.0118294 0.000149538 -2.73973e-05 0.00589888 -0.000175512 0.00625 -0.000293108 -0.000367541 0.00381944 -0.000862069 -0.00735294 0.0109649 0.0106061 -0.000548872 -0.0031457 -0.00520833 -0.000289448 0.006875 -0.00784884 0.00483871 0.00147059 -0.0097973 -0.00663265 -0.00192308 -0.0004842 -0.00220478 -0.0102273 2.19877e-05 -0.000474255 0.00025974
internal_weight=7027 3678 3650 89 3561 64 3497 3469 144 87 51 57 66 3325 302 240 3023 80 172 62 68 148 98 65 2943 669 44 2274 1845 1540
internal_count=7027 3678 3650 89 3561 64 3497 3469 144 87 51 57 66 3325 302 240 3023 80 172 62 68 148 98 65 2943 669 44 2274 1845 1540
is_linear=0
shrinkage=0.05


Tree=141
num_leaves=31
num_cat=0
split_feature=2 18 14 13 17 17 15 1 18 10 2 18 12 6 13 2 0 1 4 3 13 4 16 6 15 3 1 5 1 5
split_gain=439.609 6.05356 1.165 0.860694 2.19024 1.50768 1.60658 1.23589 1.23416 1.71905 1.00175 2.17884 1.51822 1.25309 1.23514 2.33579 1.42508 2.76728 2.15478 1.77827 1.65859 1.37876 1.33828 1.21212 2.50271 1.82303 1.32432 1.5196 1.1728 1.65821
threshold=6.5000000000000009 85.285009830143608 82.611920185725026 0.99939540507859748 30.276737920157348 28.924769273159846 67.192383518535209 456.25000000000006 69.189314489942134 -0.49749486057528974 175.50000000000003 22.103989396390279 276.11380416146932 86.500000000000014 0.58490307482359505 237.50000000000003 628.50000000000011 430.75000000000006 13.750000000000002 37.050000000000004 0.83393499742959964 10.350000000000003 18.317493928459584 16.500000000000004 68.568879458913685 37.95000000000001 586.75000000000011 27.500000000000004 548.35000000000014 31.500000000000004
decision_type=2 2 2 2 2 2 2 2 2 2 2 2 2 2 2 2 2 2 2 2 2 2 2 2 2 2 2 2 2 2
left_child=-1 2 3 10 5 6 7 -5 -9 -10 -2 -12 13 14 15 -13 18 20 22 -20 -18 23 -16 25 -25 26 -19 -28 -23 -30
right_child=1 -3 -4 4 -6 -7 -8 8 9 -11 11 12 -14 -15 16 -17 17 21 19 -21 -22 28 -24 24 -26 -27 27 -29 29 -31
leaf_value=-4.0192406339555032e-05 4.3010045164137983e-05 0.10363517660169848 0.03327418614302715 0.0090872218493478485 0.032939603686402565 -0.015373613483060922 0.018896740747735664 -0.0030166088762269895 0.00945773487247621 -0.0043750124307052832 -0.0098447118975629536 0.00090623541364536213 0.0041278981910441107 -0.0018359292216903356 0.0024066188067383368 0.022704851836245512 0.03257781207139452 0.050412440246907768 -0.0031002018059210104 -0.013865987585761986 0.0097066093545576503 -0.0010028702989615113 -0.00080877926986460129 -0.00012069821150770821 -0.025710708712641406 -0.0073137702170656743 0.0074607818200799871 -0.015278577930007487 0.00031756831190925543 0.021109732408457663
leaf_weight=3349 1703 28 32 34 36 39 96 58 21 35 75 128 56 374 20 23 21 21 112 39 20 227 117 34 23 44 70 23 106 63
leaf_count=3349 1703 28 32 34 36 39 96 58 21 35 75 128 56 374 20 23 21 21 112 39 20 227 117 34 23 44 70 23 106 63
internal_value=-0.0118792 5.43774e-05 -0.000123288 -0.000207297 0.00227273 0.000795053 0.0022541 -0.00101351 -0.00350877 0.00178571 -0.000447105 -0.00134712 -0.000936884 -0.00124573 -0.000389551 0.00380795 -0.00106383 0.000230061 -0.00399306 -0.00811258 0.0128049 -0.000613748 0.000547445 -0.00383721 -0.0100877 -0.00158228 0.00175439 -0.000806452 0.00113636 0.00428994
internal_weight=7027 3678 3650 3618 319 283 244 148 114 56 3299 1596 1521 1465 1091 151 940 652 288 151 41 611 137 215 57 158 114 93 396 169
internal_count=7027 3678 3650 3618 319 283 244 148 114 56 3299 1596 1521 1465 1091 151 940 652 288 151 41 611 137 215 57 158 114 93 396 169
is_linear=0
shrinkage=0.05


Tree=142
num_leaves=31
num_cat=0
split_feature=2 18 1 4 4 2 13 17 17 15 9 10 4 4 4 1 16 3 4 6 14 13 12 14 4 0 12 6 14 18
split_gain=443.436 5.99684 1.58007 0.834496 2.62664 1.05861 0.9486 2.22456 1.44186 1.30547 1.59961 1.55819 1.08571 2.15437 1.13045 1.71344 0.848311 1.29657 1.14478 0.866741 2.11686 1.34837 1.01117 1.80675 2.5899 2.04524 1.56232 1.61189 1.22707 1.75813
threshold=6.5000000000000009 85.285009830143608 751.50000000000011 1.7000000000000004 2.5500000000000003 208.50000000000003 0.99627946671587408 30.305804713593854 28.924769273159846 67.192383518535209 -0.97505550290239429 -0.55599684127981919 23.650000000000002 18.050000000000004 9.6500000000000004 538.85000000000002 12.788438098145186 27.150000000000002 18.250000000000004 13.500000000000002 76.924746971133771 0.97727673673113757 203.19880857529418 37.566963794938736 8.9500000000000011 588.50000000000011 237.6535967907231 56.500000000000007 17.065732872120929 38.920826800968911
decision_type=2 2 2 2 2 2 2 2 2 2 2 2 2 2 2 2 2 2 2 2 2 2 2 2 2 2 2 2 2 2
left_child=-1 2 3 -2 5 -5 16 8 9 12 -11 -12 13 14 15 -8 17 -6 -19 -18 21 22 23 25 -25 28 27 -24 -21 -30
right_child=1 -3 -4 4 6 -7 7 -9 -10 10 11 -13 -14 -15 -16 -17 19 18 -20 20 -22 -23 26 24 -26 -27 -28 -29 29 -31
leaf_value=-3.8182786022577275e-05 0.0017575978669455595 0.098453417771613524 0.039656486222523317 -0.00021595254274400235 0.014835469900228127 -0.0078131666442114774 0.014297765193192015 0.042518116534684937 -0.016886695689235509 -0.011050178317389482 0.012925533110071186 0.039561805303026533 -0.0064682596647678281 0.010780922268482485 -0.0045459217082360224 -0.003719418279091613 6.475534325834365e-05 -0.0030980245849519419 0.0076719398584526484 1.9038562337236888e-05 -0.007729859818670093 -0.0077400356142653948 0.020643838887979452 -0.015983628754840672 -0.0014525611304367914 0.008001235623739866 -6.775783681405301e-05 0.0012322008427117837 -0.020454677239866471 -0.0023386305441942313
leaf_weight=3349 25 28 27 26 24 28 24 28 40 22 34 40 21 35 49 22 1657 29 22 318 23 35 54 44 137 28 669 74 26 89
leaf_count=3349 25 28 27 26 24 28 24 28 40 22 34 40 21 35 49 22 1657 29 22 318 23 35 54 44 137 28 669 74 26 89
internal_value=-0.0118223 0.000163132 -1.36986e-05 -0.000103505 -0.000166759 -0.0111111 0 0.00261905 0.00130662 0.00273279 0.00729167 0.0108108 -0.000165563 0.00153846 -0.00236842 0.00326087 -0.000255497 0.005 0.000490196 -0.000380469 -0.00125251 -0.00101764 -0.000781793 -0.00225857 -0.00649171 -0.000596529 0.000407779 0.00546875 -0.00144342 -0.00586957
internal_weight=7027 3678 3650 3623 3598 54 3544 315 287 247 96 74 151 130 95 46 3229 75 51 3154 1497 1474 1439 642 181 461 797 128 433 115
internal_count=7027 3678 3650 3623 3598 54 3544 315 287 247 96 74 151 130 95 46 3229 75 51 3154 1497 1474 1439 642 181 461 797 128 433 115
is_linear=0
shrinkage=0.05


Tree=143
num_leaves=31
num_cat=0
split_feature=2 18 14 13 17 17 15 16 6 8 3 0 4 4 15 6 13 3 14 6 9 7 11 11 14 7 0 9 9 4
split_gain=444.395 5.09066 1.12833 0.976413 2.07362 1.62666 1.137 1.74416 1.43841 1.59783 1.85226 1.49482 0.943829 1.57602 0.795216 0.727357 1.35783 1.73683 1.24013 0.931386 1.57933 2.96982 1.39553 1.15928 1.1285 1.50012 1.19899 1.16364 1.40644 1.1006
threshold=6.5000000000000009 85.285009830143608 82.611920185725026 0.99939540507859748 30.276737920157348 28.924769273159846 55.252009209345935 18.717095282344332 86.500000000000014 -0.98296291314453399 40.250000000000007 802.50000000000011 1.7000000000000004 2.5500000000000003 41.109572661233443 1.0000000180025095e-35 0.97727673673113757 37.550000000000004 76.924746971133771 1.5000000000000002 -0.41717814939258746 -0.25881904510252113 66.709517352209176 65.363322644740535 45.129078675274251 0.25881904510252091 510.50000000000006 -0.12020359228713753 0.34156760613242348 14.750000000000002
decision_type=2 2 2 2 2 2 2 2 2 2 2 2 2 2 2 2 2 2 2 2 2 2 2 2 2 2 2 2 2 2
left_child=-1 2 3 12 5 6 14 -8 9 11 -11 -9 -2 -14 -5 -15 18 -18 19 20 -17 -22 23 -21 26 27 -24 29 -29 -26
right_child=1 -3 -4 4 -6 -7 7 8 -10 10 -12 -13 13 15 -16 16 17 -19 -20 22 21 -23 24 -25 25 -27 -28 28 -30 -31
leaf_value=-3.6273646721448411e-05 0.0016697179735981394 0.093530746883033089 0.031049071358276947 0.003123245629657068 0.029166717675348508 -0.01376059802444587 0.029301346312734112 -0.0084252267101078363 -0.0049627995000815165 0.024500455089668451 -0.0061640903077766042 0.00044569036292116951 -0.0022411319545066369 0.00015488147601408486 -0.0030989300261310862 0.0078889296632603141 -0.00020615687071483537 -0.013624225853525474 -0.0043912715833997144 -4.8112459090010612e-05 0.00052207656878441866 -0.021095326805037118 0.00074317165345760827 -0.0023158596969274471 0.00043865236533173761 -0.015088223257712308 0.03651945966053418 0.024237241911662544 0.00082085656006061216 -0.0025675369316351393
leaf_weight=3349 23 28 32 34 36 39 28 21 20 60 32 25 48 1057 24 21 35 27 31 1789 32 25 23 28 28 34 20 24 34 20
leaf_count=3349 23 28 32 34 36 39 28 21 20 60 32 25 48 1057 24 21 35 27 31 1789 32 25 23 28 28 34 20 24 34 20
internal_value=-0.011808 0.000190321 2.73973e-05 -5.52792e-05 0.00258621 0.00114841 0.00266393 0.00456989 0.00253165 0.00434783 0.00815217 -0.00326087 -0.0003107 -0.000381563 -0.00344828 -0.000247831 -0.000771534 -0.00806452 -0.000557136 -0.000409047 -0.00576923 -0.0100877 -0.0002 -0.000619152 0.00396175 0.00178571 0.0110465 0.00471698 0.00948276 -0.00104167
internal_weight=7027 3678 3650 3618 319 283 244 186 158 138 92 46 3299 3276 58 3228 2171 62 2109 2078 78 57 2000 1817 183 140 43 106 58 48
internal_count=7027 3678 3650 3618 319 283 244 186 158 138 92 46 3299 3276 58 3228 2171 62 2109 2078 78 57 2000 1817 183 140 43 106 58 48
is_linear=0
shrinkage=0.05


Tree=144
num_leaves=31
num_cat=0
split_feature=2 18 14 3 3 16 2 15 16 11 2 0 6 3 14 12 16 15 2 1 6 4 4 9 0 0 18 14 6 10
split_gain=439.609 4.3305 1.15829 0.936397 1.04454 1.04771 0.873268 2.39871 1.00833 0.709136 0.92511 0.9294 1.53948 1.11468 0.815226 0.84375 1.07143 0.843956 0.81194 1.34131 2.62355 1.75194 2.01324 1.51685 1.29657 1.19894 2.8865 1.6911 1.45697 1.5814
threshold=6.5000000000000009 85.285009830143608 82.611920185725026 46.250000000000007 43.850000000000001 20.572933230414282 333.50000000000006 60.093421069865663 20.482433691348486 80.139750712311297 302.50000000000006 781.50000000000011 2.5000000000000004 39.750000000000007 64.548633676675948 254.77728527129878 19.813351065436276 57.236751765938415 258.50000000000006 216.70000000000002 74.500000000000014 11.350000000000003 14.850000000000003 0.34156760613242348 628.50000000000011 680.50000000000011 63.800001184752524 54.335452462735326 33.500000000000007 -0.34155811708470757
decision_type=2 2 2 2 2 2 2 2 2 2 2 2 2 2 2 2 2 2 2 2 2 2 2 2 2 2 2 2 2 2
left_child=-1 2 3 4 6 -6 9 -8 -9 10 18 14 -13 -14 15 16 17 -12 25 -20 21 23 -23 -21 -24 -2 -27 -28 29 -29
right_child=1 -3 -4 -5 5 -7 7 8 -10 -11 11 12 13 -15 -16 -17 -18 -19 19 20 -22 22 24 -25 -26 26 27 28 -30 -31
leaf_value=-3.445996438537599e-05 -1.0599225842750083e-05 0.088854209538881443 0.029496617790362833 0.011119866001751078 -0.01015057399507846 -0.00086991879862896582 -0.0027298420964864791 0.010529783435760899 -0.0019250335168882417 -0.0014512332100558468 0.00067917720977659366 0.035524651872710325 0.0032155588194150656 -0.020777769856592344 0.018820827703965648 -0.00071267855501080393 -0.0010097104507855725 0.019903816517937403 0.008339992356527404 -0.0081747443556057682 -0.01194067999649704 0.013220697473231091 -0.010501076905585195 3.5242564282178539e-05 0.0028341669694670561 0.035531343554832874 0.056764996208251976 0.036221716285120213 -0.0095773795970732333 0.0015490017339779172
leaf_weight=3349 2380 28 32 28 21 60 41 40 20 61 30 31 21 24 23 32 40 26 36 45 90 34 34 48 102 22 21 21 50 237
leaf_count=3349 2380 28 32 28 21 60 41 40 20 61 30 31 21 24 23 32 40 26 36 45 90 34 34 48 102 22 21 21 50 237
internal_value=-0.0118792 5.43774e-05 -9.58904e-05 -0.000179657 -0.000250696 -0.0058642 -0.000121117 -0.00470297 0.00166667 1.46714e-05 0.000112041 0.00319383 -0.00131579 -0.00722222 0.00546358 0.00390625 0.00625 0.0107143 -0.000112179 -0.00224936 -0.00318697 -0.000665399 0.00235294 -0.0061828 -0.000367647 0.000192237 0.00292023 0.00174772 0.000811688 0.00232558
internal_weight=7027 3678 3650 3618 3590 81 3509 101 60 3408 3347 227 76 45 151 128 96 56 3120 389 353 263 170 93 136 2731 351 329 308 258
internal_count=7027 3678 3650 3618 3590 81 3509 101 60 3408 3347 227 76 45 151 128 96 56 3120 389 353 263 170 93 136 2731 351 329 308 258
is_linear=0
shrinkage=0.05


Tree=145
num_leaves=31
num_cat=0
split_feature=18 18 1 2 15 2 0 0 17 3 15 12 1 18 15 5 5 4 3 3 4 4 15 16 6 17 0 18 4 13
split_gain=434.378 4.40284 1.18707 1.0497 2.12593 1.09394 0.947448 0.825948 1.46747 0.899061 1.92921 1.18296 1.54286 2.33605 0.946157 2.025 1.18874 1.57907 2.07756 1.7291 1.4355 1.3463 1.14179 1.04978 1.38654 1.35048 0.993103 1.12503 1.17321 1.00087
threshold=1.0000000180025095e-35 85.285009830143608 751.50000000000011 333.50000000000006 61.747350424128832 358.50000000000006 628.50000000000011 841.00000000000011 26.305874254906211 37.45000000000001 69.624248440607332 283.18689051146339 14.050000000000002 1.8469460409689256 66.508234321976701 28.500000000000004 27.500000000000004 17.050000000000004 43.850000000000001 44.95000000000001 23.750000000000004 16.150000000000002 23.601320189305302 19.980030443901093 5.5000000000000009 24.350024877187753 669.50000000000011 39.765142305465723 20.650000000000002 0.21395684318086197
decision_type=2 2 2 2 2 2 2 2 2 2 2 2 2 2 2 2 2 2 2 2 2 2 2 2 2 2 2 2 2 2
left_child=-1 2 3 7 5 -5 -6 9 -9 11 14 -2 -13 -14 16 -16 17 21 26 -20 -18 22 -11 25 -25 -24 27 28 29 -19
right_child=1 -3 -4 4 6 -7 -8 8 -10 10 -12 12 13 -15 15 -17 20 18 19 -21 -22 -23 23 24 -26 -27 -28 -29 -30 -31
leaf_value=-3.2736966166107188e-05 -3.1630835312414229e-06 0.084411499061937442 0.034646377453965017 -0.0064811794825335063 0.032237565292085615 -0.00096939877568420491 -0.00087871062413906746 -0.0063926354662278591 0.015517751767377776 -0.0009449246171725046 -0.0073509184380979422 0.00070150551249283522 -0.0017015353493573665 0.0012223471210269345 -0.0081336700600518341 0.016252481708733769 -0.00065110638490999411 0.00013273919817777258 -0.0094906836268401143 0.0017055826151313625 -0.0045863105462789376 -0.0039888710986270672 0.0061467946626470931 -0.0023422638689183373 0.012334562590972098 -0.018128219101993182 0.025452338109085204 -0.0011945013956683682 0.00023997818039896981 0.022362938300553827
leaf_weight=3345 2506 28 27 24 22 20 38 23 102 71 40 24 26 34 20 20 235 20 22 31 44 26 32 43 59 20 29 27 47 22
leaf_count=3345 2506 28 27 24 22 20 38 23 102 71 40 24 26 34 20 20 235 20 22 31 44 26 32 43 59 20 29 27 47 22
internal_value=-0.0119574 -0.000108637 -0.000259989 -0.000337745 -0.00528846 -0.0136364 0.000833333 -0.000191598 0.0038 -0.000338434 -0.00179455 0.00011583 0.00595238 0.00166667 -0.00123698 0.00625 -0.00164835 -5.56793e-05 0.00328283 -0.00518868 -0.00421147 -0.00268924 -0.00144444 0.000974026 0.00392157 -0.00480769 0.00637931 0.00431034 0.00702247 0.0130952
internal_weight=7027 3682 3654 3627 104 44 60 3523 125 3398 808 2590 84 60 768 40 728 449 198 53 279 251 225 154 102 52 145 116 89 42
internal_count=7027 3682 3654 3627 104 44 60 3523 125 3398 808 2590 84 60 768 40 728 449 198 53 279 251 225 154 102 52 145 116 89 42
is_linear=0
shrinkage=0.05


Tree=146
num_leaves=31
num_cat=0
split_feature=18 18 1 14 1 13 14 18 0 2 12 10 6 17 16 17 9 15 2 3 10 5 2 13 16 2 14 15 1 9
split_gain=435.801 4.3847 1.17776 0.856977 2.47961 2.1414 1.76522 1.53486 2.16879 1.6944 1.4221 1.52534 1.74778 1.87157 2.22013 2.28038 2.05975 1.44573 1.33568 1.82551 1.34288 1.27128 1.66737 1.17169 1.13177 1.52862 1.29855 1.45775 1.07123 1.05615
threshold=1.0000000180025095e-35 85.285009830143608 751.50000000000011 17.683143624006785 333.15000000000003 0.48195166691331093 18.953793107244671 34.108868229636094 327.50000000000006 168.50000000000003 175.45503636807521 0.99164058729498161 87.500000000000014 21.393475843258919 18.317493928459584 24.22558966417655 -0.99273952934267318 2.3520095956920186 177.50000000000003 26.250000000000004 -0.40541071103273035 56.500000000000007 135.50000000000003 0.50686710197541229 19.092542169704419 319.50000000000006 37.566963794938736 71.230286381522305 366.65000000000003 -0.84058726838584985
decision_type=2 2 2 2 2 2 2 2 2 2 2 2 2 2 2 2 2 2 2 2 2 2 2 2 2 2 2 2 2 2
left_child=-1 2 3 4 7 21 23 8 9 -2 11 12 13 -8 -15 -16 -17 -12 -18 -20 28 22 -6 -5 25 -14 -26 -28 -21 -19
right_child=1 -3 -4 6 5 -7 10 -9 -10 -11 17 -13 24 14 15 16 18 29 19 20 -22 -23 -24 -25 26 -27 27 -29 -30 -31
leaf_value=-3.110011785780183e-05 3.0565817411010165e-05 0.080190924108840281 0.032914058581266663 -0.0067350060236638148 -0.003610587643651986 0.01552473543128592 -0.0086375124608473186 -0.023632967418179975 0.027694837102701798 -0.013866767299209394 0.0074198401697402779 -0.047941762601329076 0.0012509259879495362 0.013321766500401112 -0.0088605609016440216 -0.011517563658365405 0.0130333200378562 0.0041383270423565937 -0.021218479025603899 0.0046549683674687262 0.0011534070076201885 0.03072674271857654 0.0024187773043330197 -0.0038710086479468945 -0.0020443838441591036 -0.008146035446656796 -0.022798715785324931 -0.0014051618486011109 -0.001164096217446442 -0.00019157510410323654
leaf_weight=3345 817 28 27 41 22 29 40 29 25 35 24 21 45 35 37 42 100 304 31 24 158 30 21 34 32 23 47 20 236 1325
leaf_count=3345 817 28 27 41 22 29 40 29 25 35 24 21 45 35 37 42 100 304 31 24 158 30 21 34 32 23 47 20 236 1325
internal_value=-0.0119361 -6.78979e-05 -0.000218938 -0.000296388 0.00094246 0.00833333 -0.000773196 0.000110375 0.000484607 5.86854e-05 -0.000550314 -0.00216049 -0.00183908 -0.000746799 -0.000113122 -0.000796178 -4.23012e-05 0.000317604 0.000774135 -0.000389755 0.000478469 0.00376712 -0.00174419 -0.00833333 -0.00643713 -0.00147059 -0.00984848 -0.013806 -0.00173077 0.000138122
internal_weight=7027 3682 3654 3627 1008 102 2619 906 877 852 2544 891 870 703 663 628 591 1653 549 449 418 73 43 75 167 68 99 67 260 1629
internal_count=7027 3682 3654 3627 1008 102 2619 906 877 852 2544 891 870 703 663 628 591 1653 549 449 418 73 43 75 167 68 99 67 260 1629
is_linear=0
shrinkage=0.05


Tree=147
num_leaves=31
num_cat=0
split_feature=18 18 1 3 12 1 18 6 4 4 1 14 10 9 10 12 3 4 4 0 6 4 16 14 17 5 5 13 18 14
split_gain=435.326 4.39074 1.18086 0.777122 1.7147 1.21905 1.52066 1.12094 1.07833 2.23312 1.14137 1.33962 1.2843 1.61987 1.05776 1.05653 1.00658 0.936322 1.72111 1.01083 1.64602 1.79199 2.17425 1.03214 0.991481 0.982359 0.975396 1.46892 1.92039 1.37026
threshold=1.0000000180025095e-35 85.285009830143608 751.50000000000011 37.45000000000001 283.18689051146339 14.050000000000002 1.8469460409689256 32.500000000000007 23.450000000000003 22.150000000000002 538.85000000000002 61.087352090251343 -0.67758968959607091 0.88606241628642846 -0.10737736916418625 101.04884081438483 39.350000000000001 28.550000000000004 30.150000000000002 784.50000000000011 40.500000000000007 11.550000000000002 22.511062294384303 68.03082633860059 30.666166351832597 41.500000000000007 16.500000000000004 0.30584636840520457 7.571178911601625 59.198403367782696
decision_type=2 2 2 2 2 2 2 2 2 2 2 2 2 2 2 2 2 2 2 2 2 2 2 2 2 2 2 2 2 2
left_child=-1 2 3 4 17 -6 -7 14 9 10 11 12 -9 -14 15 -5 -16 19 -19 26 21 22 -21 -22 -23 -20 27 28 -2 -29
right_child=1 -3 -4 7 5 6 -8 8 -10 -11 -12 -13 13 -15 16 -17 -18 18 25 20 23 24 -24 -25 -26 -27 -28 29 -30 -31
leaf_value=-2.954511196491174e-05 -4.8921042920949125e-05 0.076181377903398587 0.031268355652203185 -0.0024628653410237789 0.0006649019459976438 -0.0016179868727600494 0.001159701474105046 -0.0042733854648851375 -0.0033866337679207882 0.010253570180470817 0.0011187063138443421 -0.0025118384466502166 0.003081559195205941 -0.0033883108213852431 -0.0066842368419096415 0.00012676015552577359 0.00019533463188112777 0.013917906055399776 0.0041710612761020728 0.02404734922291283 -0.0075826085909532995 0.013108377310595644 -0.0053446439764620384 0.0032880312942914717 0.042918536803243514 -0.01167078412848035 -2.9926343807817893e-05 -0.0064089145155620036 0.0060063275554600448 -0.0013711216851476139
leaf_weight=3345 33 28 27 38 24 26 34 97 24 20 21 32 23 20 38 552 34 35 33 32 21 37 45 24 23 26 2147 73 28 87
leaf_count=3345 33 28 27 38 24 26 34 97 24 20 21 32 23 20 38 552 34 35 33 32 21 37 45 24 23 26 2147 73 28 87
internal_value=-0.0119432 -8.14775e-05 -0.000232622 -0.000310174 0.000109971 0.00714286 0.00333333 -0.00158509 -0.00453586 -0.00340376 -0.00505181 -0.00639535 -0.00428571 0.00290698 -0.000528701 0.000169492 -0.00625 -0.000113464 0.00478723 -0.000294118 0.0032967 0.0060219 0.000974026 -0.005 0.0125 -0.000423729 -0.000570101 -0.00373303 0.00286885 -0.00625
internal_weight=7027 3682 3654 3627 2728 84 60 899 237 213 193 172 140 43 662 590 72 2644 94 2550 182 137 77 45 60 59 2368 221 61 160
internal_count=7027 3682 3654 3627 2728 84 60 899 237 213 193 172 140 43 662 590 72 2644 94 2550 182 137 77 45 60 59 2368 221 61 160
is_linear=0
shrinkage=0.05


Tree=148
num_leaves=31
num_cat=0
split_feature=18 18 1 6 14 15 15 3 18 12 2 15 15 18 4 9 14 14 14 12 14 9 9 14 18 4 15 13 3 3
split_gain=431.538 3.67583 1.20267 0.720638 1.42045 0.97842 2.44234 1.52149 1.36533 1.3619 1.49973 1.27181 1.62246 1.14683 0.846687 0.811048 2.306 1.86261 2.02902 1.72483 2.1972 2.07145 2.05308 2.569 2.50828 1.74531 1.67858 1.56889 1.50297 1.364
threshold=1.0000000180025095e-35 85.285009830143608 751.50000000000011 4.5000000000000009 79.271261223352738 67.192383518535209 68.568879458913685 20.250000000000004 71.674674646132459 211.62569299982644 220.50000000000003 64.717575982976157 65.966577523730351 80.371280625636928 3.8500000000000001 0.68391308835034159 0.66663509656356035 4.8068066522688966 10.282960876418951 103.31622603671424 5.5760615035434951 -0.99273952934267318 0.59125596962661842 24.241199778612899 62.044039571228758 22.150000000000002 5.5959669674703649 0.21395684318086197 25.050000000000004 41.45000000000001
decision_type=2 2 2 2 2 2 2 2 2 2 2 2 2 2 2 2 2 2 2 2 2 2 2 2 2 2 2 2 2 2
left_child=-1 2 3 5 -5 11 -7 -8 -9 10 13 14 -13 -10 -2 16 26 -17 -19 -18 -21 -22 23 -23 27 -26 -16 -25 -24 -29
right_child=1 -3 -4 4 -6 6 7 8 9 -11 -12 12 -14 -15 15 17 19 18 -20 20 21 22 28 24 25 -27 -28 29 -30 -31
leaf_value=-2.8067856366666156e-05 -0.0017220532917665565 0.072372309008228802 0.029704937869593096 -0.00013369648346169826 -0.0081514868005694296 0.033832347749638815 -0.015342567815686792 -0.0012537852796860706 0.012580370965302025 0.043006677071449319 0.020136473049901585 -0.009289550279930836 0.00070794061884278398 -0.020702343576537177 5.4429644083264787e-05 -0.00025682455760172587 -0.0043959444370393012 0.0021501137591882491 0.0022736135540121437 0.01519623183145793 -0.0058900802409661782 -0.0006734405502516694 -0.015271255673603702 0.019706045125510364 -0.0072827776392866642 0.0016288109779083017 0.0031814019697614438 0.0068902452329815851 -0.00046127570096743398 0.016358301691049262
leaf_weight=3345 39 28 27 2109 22 33 40 44 63 30 37 25 32 21 89 72 164 42 257 32 44 87 20 20 42 26 29 135 31 42
leaf_count=3345 39 28 27 2109 22 33 40 44 63 30 37 25 32 21 89 72 164 42 257 32 44 87 20 20 42 26 29 135 31 42
internal_value=-0.0120001 -0.000190114 -0.000328407 -0.000406672 -0.000997184 0.000434492 0.00317164 0.00138298 0.00320513 0.00546358 0.00309917 -0.000162866 -0.00745614 -0.000595238 0.000192143 0.000441696 -0.000492773 0.00235849 0.00409699 -0.00167185 -0.000156576 -0.00106264 6.20347e-05 0.00142045 0.00386792 -0.00441176 0.0059322 0.00672589 -0.00931373 0.00522599
internal_weight=7027 3682 3654 3627 2131 1496 268 235 195 151 121 1228 57 84 1171 1132 761 371 299 643 479 447 403 352 265 68 118 197 51 177
internal_count=7027 3682 3654 3627 2131 1496 268 235 195 151 121 1228 57 84 1171 1132 761 371 299 643 479 447 403 352 265 68 118 197 51 177
is_linear=0
shrinkage=0.05


Tree=149
num_leaves=31
num_cat=0
split_feature=18 18 14 5 5 18 17 4 9 2 9 9 4 5 16 4 4 3 12 17 9 4 13 1 1 3 11 9 14 3
split_gain=431.538 3.24453 1.911 1.11232 1.01789 1.72403 2.75744 2.17138 1.94488 1.354 2.25853 1.53615 1.77192 1.46977 1.29155 1.02321 1.10595 1.57576 0.939378 1.53828 1.23081 1.4438 1.21749 1.81938 2.08657 1.14063 1.40434 1.1199 1.50281 2.8581
threshold=1.0000000180025095e-35 82.16717085159452 75.235558279728778 19.500000000000004 69.500000000000014 4.3732017446696894 20.726919771616817 7.5500000000000007 -0.84978561355144511 55.500000000000007 -0.73538978246754161 -0.67441863684527448 23.950000000000003 84.500000000000014 19.690295878715236 1.7000000000000004 2.5500000000000003 34.350000000000001 175.45503636807521 32.979658488676201 0.63874350706337069 26.450000000000003 0.018359880627067459 69.65000000000002 81.050000000000011 33.150000000000013 57.699301007771361 0.43664718845046319 57.293849119280786 33.95000000000001
decision_type=2 2 2 2 2 2 2 2 2 2 2 2 2 2 2 2 2 2 2 2 2 2 2 2 2 2 2 2 2 2
left_child=-1 4 -3 -4 15 6 -6 -7 -9 -10 -11 -12 13 -13 -8 -2 17 -17 19 20 21 22 -18 -24 -25 -23 -27 28 -26 -30
right_child=1 2 3 -5 5 7 14 8 9 10 11 12 -14 -15 -16 16 18 -19 -20 -21 -22 25 23 24 27 26 -28 -29 29 -31
leaf_value=-2.6664463548332847e-05 0.0027320123692430088 -0.0032557455857499919 0.051539246634412096 0.013158441423052381 -0.0038724250571190084 0.006128187289432852 0.00094885413644581478 -0.01418439688962634 -0.0035087043423700061 0.0052936972188355469 -0.0087913086685010629 0.00026372819560034345 -0.0035697517503893387 0.0041218383542007686 0.00015057312935937844 -6.4471286468936747e-05 0.0001241519629225446 -0.0035834367964422856 2.3334472224489923e-05 -0.0027022299330607628 0.00014795385811697156 0.010344833632086292 -0.0045878600341804137 0.0008908562350829597 -0.0004839614888322075 -0.019832525329521646 0.0072730058268827948 -0.0056721863398581547 0.0037484859622093584 -0.0088700490138901248
leaf_weight=3345 23 29 34 21 20 50 24 30 37 37 34 112 20 27 35 26 34 22 1736 32 526 27 41 25 426 21 36 103 42 52
leaf_count=3345 23 29 34 21 20 50 24 30 37 37 34 112 20 27 35 26 34 22 1736 32 526 27 41 25 426 21 36 103 42 52
internal_value=-0.0120001 -0.000190114 0.00952381 0.015 -0.000416898 0.00187793 0.0085443 0.000360231 -0.00126263 9.3633e-05 0.00152174 -0.000647668 0.00141509 0.00341727 0.0139831 -0.000725095 -0.000801842 -0.00833333 -0.000685263 -0.00166667 -0.0014066 -0.00263321 -0.00335408 -0.00380987 -0.00316358 0.00357143 -0.000438596 -0.00373194 -0.00278846 -0.00851064
internal_weight=7027 3682 84 55 3598 426 79 347 297 267 230 193 159 139 59 3172 3149 48 3101 1365 1333 807 723 689 648 84 57 623 520 94
internal_count=7027 3682 84 55 3598 426 79 347 297 267 230 193 159 139 59 3172 3149 48 3101 1365 1333 807 723 689 648 84 57 623 520 94
is_linear=0
shrinkage=0.05


Tree=150
num_leaves=31
num_cat=0
split_feature=18 18 14 5 5 4 4 1 11 18 14 1 11 9 4 1 4 15 1 4 10 6 16 4 4 17 18 12 5 18
split_gain=432.957 3.21737 1.911 1.11232 0.981239 1.401 1.0619 1.14499 1.75361 1.46321 1.33186 1.42719 1.15958 2.17803 1.00285 0.883327 1.25334 0.862051 0.783535 1.7414 4.52888 2.11382 2.1117 2.13446 2.42604 1.96702 1.83202 1.23546 1.21753 1.45493
threshold=1.0000000180025095e-35 82.16717085159452 75.235558279728778 19.500000000000004 69.500000000000014 26.450000000000003 7.5500000000000007 72.550000000000026 25.028884875552233 34.108868229636094 42.414992503432856 359.80000000000001 12.330998969456521 0.090250774277322809 5.6500000000000012 23.950000000000003 13.850000000000003 14.570925942695149 501.10000000000008 12.950000000000001 0.99164058729498161 63.500000000000007 20.917875680437216 15.450000000000001 17.450000000000003 26.216152394423652 71.454311638622698 144.88819994908604 58.500000000000007 61.859443515976871
decision_type=2 2 2 2 2 2 2 2 2 2 2 2 2 2 2 2 2 2 2 2 2 2 2 2 2 2 2 2 2 2
left_child=-1 4 -3 -4 18 6 14 15 12 -10 11 -11 13 -9 -6 16 -8 -14 -2 20 25 22 23 -21 -25 27 -24 -20 29 -27
right_child=1 2 3 -5 5 -7 7 8 9 10 -12 -13 17 -15 -16 -17 -18 -19 19 21 -22 -23 26 24 -26 28 -28 -29 -30 -31
leaf_value=-2.5331240370916204e-05 -0.00014706468079341841 -0.0030929583064626346 0.048962284302691832 0.012500519351899442 0.00031062689096748034 -0.0033599293181110212 -4.2642397019293515e-05 0.0026396414079035927 0.0051143939844829241 -0.017263361274093648 0.0033799335417068477 0.00023170944291592833 -0.0081563138028981855 -0.0029027747262055925 0.0043286456196762304 0.0010929493150183989 0.00045357965061556816 -0.0019332351329371278 -0.014800867946330953 0.038635114956539957 -0.054208186286469132 -0.0035647518540983473 -0.0012738338950857298 -0.0055318860586552887 0.015599204697475956 0.0041060058988968253 0.01541437187543835 -0.0032401002624077081 0.034653588602317244 -0.00084247195679907358
leaf_weight=3345 2094 29 34 21 39 21 34 24 57 29 20 33 26 22 27 38 32 24 25 37 27 56 170 22 64 150 93 51 23 360
leaf_count=3345 2094 29 34 21 39 21 34 24 57 29 20 33 26 22 27 38 32 24 25 37 27 56 170 22 64 150 93 51 23 360
internal_value=-0.0119788 -0.000149375 0.00952381 0.015 -0.000375208 0.00187793 0.00253086 0.00140118 -0.000531915 0.00305755 -0.00121951 -0.00483871 -0.00572917 0 0.00833333 0.00576923 0.00227273 -0.011 -0.000677806 0.00041744 -0.00125786 0.00282805 0.00414508 0.00955285 0.00523256 -0.000369458 0.00161597 -0.00789474 0.000703565 0.000196078
internal_weight=7027 3682 84 55 3598 426 405 339 235 139 82 62 96 46 66 104 66 50 3172 1078 636 442 386 123 86 609 263 76 533 510
internal_count=7027 3682 84 55 3598 426 405 339 235 139 82 62 96 46 66 104 66 50 3172 1078 636 442 386 123 86 609 263 76 533 510
is_linear=0
shrinkage=0.05


Tree=151
num_leaves=31
num_cat=0
split_feature=18 18 14 9 5 17 9 4 6 9 3 5 14 15 11 11 3 5 3 10 10 3 3 2 18 18 0 18 12 18
split_gain=433.43 3.20834 1.911 1.13678 1.11232 1.09243 1.00195 2.29091 2.49997 1.38089 1.16615 0.93006 0.980392 0.75773 0.936922 1.08259 0.972139 1.12693 1.13068 0.888121 0.729167 0.653367 0.726246 1.40889 1.66027 3.49739 2.5439 2.24065 1.83648 2.0825
threshold=1.0000000180025095e-35 82.16717085159452 75.235558279728778 -0.99762106698677366 19.500000000000004 8.7454516935037496 -0.95747632178960107 22.650000000000002 20.500000000000004 -0.9523687564627995 35.650000000000013 26.500000000000004 59.594188945555075 72.815203738611658 53.912270451876722 46.728649850371404 27.050000000000004 51.500000000000007 36.150000000000013 0.1500498401600889 -0.10737736916418625 46.250000000000007 32.150000000000013 58.500000000000007 6.3425238804615178 6.9911626293997502 131.50000000000003 8.9875434930812759 81.354268766784898 19.707186428447081
decision_type=2 2 2 2 2 2 2 2 2 2 2 2 2 2 2 2 2 2 2 2 2 2 2 2 2 2 2 2 2 2
left_child=-1 3 -3 11 -4 -5 7 8 13 -8 -10 -2 -13 14 15 16 -7 18 19 -18 -20 22 23 -11 -25 -26 27 -27 -28 -30
right_child=1 2 4 5 -6 6 9 -9 10 21 -12 12 -14 -15 -16 -17 17 -19 20 -21 -22 -23 -24 24 25 26 28 -29 29 -31
leaf_value=-2.4064678352370392e-05 0.0066192620478304322 -0.0029383103911392542 0.046514170087557365 0.0033091088319077812 0.011875493384304292 0.00047263428408971246 -0.0072781937946643678 0.018452520195042479 0.00010973457646008545 -0.00013311679865555954 0.011320367329086256 -0.00018955205301953717 -0.034922773216754167 0.026974993885499999 -0.028635032343491674 0.010303083563461969 0.0054927303726627691 -0.0045202494967734874 -0.0010486798414165222 -0.0039535744967459157 -0.0060584460931462306 0.0098125912481666702 -0.00029601233580591748 0.003873281663848616 -0.018739459223719602 0.00055678972327326552 0.0083909141281921507 0.044321801690247048 -0.0060967153454216218 0.00022012397077020296
leaf_weight=3345 21 29 34 24 21 20 24 28 25 314 28 51 24 25 20 29 24 32 20 29 28 28 1628 37 20 67 26 34 97 895
leaf_count=3345 21 29 34 24 21 20 24 28 25 314 28 51 24 25 20 29 24 32 20 29 28 28 1628 37 20 67 26 34 97 895
internal_value=-0.0119717 -0.000135796 0.00952381 -0.000361312 0.015 -0.000214163 -0.000287522 0.00243506 0.00107143 -0.00055205 0.0108491 -0.00572917 -0.00833333 -0.00121145 -0.00222772 -0.0010989 -0.00277778 -0.00432331 -0.00173267 0.00330189 -0.00729167 -0.000460903 -0.000529185 0.000268456 0.00106293 0.00072432 0.00109473 0.00866337 0.000343811 0
internal_weight=7027 3682 84 3598 55 3502 3478 308 280 3170 53 96 75 227 202 182 153 133 101 53 48 3146 3118 1490 1176 1139 1119 101 1018 992
internal_count=7027 3682 84 3598 55 3502 3478 308 280 3170 53 96 75 227 202 182 153 133 101 53 48 3146 3118 1490 1176 1139 1119 101 1018 992
is_linear=0
shrinkage=0.05


Tree=152
num_leaves=31
num_cat=0
split_feature=18 18 14 5 9 9 4 9 6 8 15 17 1 13 13 13 1 17 15 2 18 10 0 4 15 3 12 18 15 18
split_gain=430.594 3.26269 1.911 1.11232 0.895271 0.794026 2.07474 1.38177 1.12226 1.60303 0.752846 1.83708 1.18272 1.14981 1.25506 2.51273 1.34432 2.22632 2.04563 2.03567 1.51734 1.45901 1.33413 1.73034 1.27201 1.27045 1.64695 1.49333 2.88721 2.76371
threshold=1.0000000180025095e-35 82.16717085159452 75.235558279728778 19.500000000000004 -0.99762106698677366 -0.95747632178960107 20.750000000000004 -0.9523687564627995 23.500000000000004 -0.78656609248549325 0.70748362666980424 29.972050716248479 12.550000000000002 0.022816176579953298 0.028901772731160725 0.034437018609096537 35.95000000000001 25.667907572438232 5.5959669674703649 138.50000000000003 4.3732017446696894 -0.87792756428346708 31.500000000000004 15.850000000000003 5.6978966220976872 32.150000000000013 82.944258646524574 17.685032753126457 15.736710028536377 18.8915876476247
decision_type=2 2 2 2 2 2 2 2 2 2 2 2 2 2 2 2 2 2 2 2 2 2 2 2 2 2 2 2 2 2
left_child=-1 4 -3 -4 -2 6 8 -7 -6 -10 11 12 -9 -12 -15 -16 17 19 20 22 21 -18 -17 -24 -19 27 -27 28 -20 -29
right_child=1 2 3 -5 5 7 -8 10 9 -11 13 -13 -14 14 15 16 18 24 25 -21 -22 -23 23 -25 -26 26 -28 29 -30 -31
leaf_value=-2.2861444434751872e-05 -0.00087007318292722238 -0.0027913948715820426 0.044188461583179267 0.01128171871508883 -0.00035480113520030003 -0.0069142841049311295 0.012615876713860885 1.5675951535518152e-05 -0.00024094883165695082 0.011291586707149959 -0.00093480229463609459 -0.00021602909178012887 0.00057581200372469469 0.0042930883915271887 -0.0082446503010692451 -0.00011621902309689181 -0.00046097678934873268 0.0043538828621601635 0.0009034191062743613 -0.012250865276104994 -0.0030331465406930659 0.0007753663267198841 0.0014681624766392787 -0.00064216018336273886 0.00069167032514843023 -0.0066436317054030525 -0.00031605533831124966 -0.016868541183517573 0.018756730667331124 0.00018556258045983044
leaf_weight=3345 96 29 34 21 229 24 35 95 20 24 28 21 34 22 21 20 23 21 154 24 95 35 43 27 20 61 1444 27 35 920
leaf_count=3345 96 29 34 21 229 24 35 95 20 24 28 21 34 22 21 20 23 21 154 24 95 35 43 27 20 61 1444 27 35 920
internal_value=-0.0120144 -0.000217273 0.00952381 0.015 -0.000444691 -0.000314106 0.00211039 -0.000547902 0.000641026 0.00795455 -0.000457413 0.003 0.00523256 -0.000629139 -0.000534759 -0.000622896 -0.00050017 0.00403226 -0.000751611 0.000438596 -0.00637255 0 0.00388889 0.00714286 0.0140244 -0.000425975 -0.00137874 0.000836268 0.00489418 2.63992e-05
internal_weight=7027 3682 84 55 3598 3502 308 3194 273 44 3170 150 129 3020 2992 2970 2949 155 2794 114 153 58 90 70 41 2641 1505 1136 189 947
internal_count=7027 3682 84 55 3598 3502 308 3194 273 44 3170 150 129 3020 2992 2970 2949 155 2794 114 153 58 90 70 41 2641 1505 1136 189 947
is_linear=0
shrinkage=0.05


Tree=153
num_leaves=31
num_cat=0
split_feature=18 18 14 15 0 16 5 0 13 13 14 18 1 18 0 15 12 10 6 14 15 4 11 15 18 18 9 9 4 16
split_gain=430.594 3.0117 0.857143 0.850109 1.43895 1.97295 1.4795 1.32903 2.34122 1.69615 1.73333 1.73077 1.00176 2.8696 1.44414 1.61964 1.35167 1.36391 1.19281 1.4807 1.54439 1.23901 1.38478 1.1581 2.01381 1.1049 1.08942 1.98287 2.13437 2.35196
threshold=1.0000000180025095e-35 84.066276109385385 79.271261223352738 0.70748362666980424 13.500000000000002 21.653746448942876 56.500000000000007 31.500000000000004 0.043850027340466342 0.028901772731160725 9.3431601505067796 1.0424599011378131 33.350000000000001 12.85657016783575 89.500000000000014 5.5959669674703649 287.23965081703597 -0.98518361333263327 13.500000000000002 78.335204095115998 78.802865643448854 10.950000000000001 46.728649850371404 71.737007922526246 71.454311638622698 72.279928134327477 0.67125374152323958 0.46735488928835739 13.950000000000001 20.901314366683639
decision_type=2 2 2 2 2 2 2 2 2 2 2 2 2 2 2 2 2 2 2 2 2 2 2 2 2 2 2 2 2 2
left_child=-1 3 -3 4 5 -2 -6 9 -9 11 -11 -5 13 14 15 -10 18 -18 19 23 21 -21 -23 24 26 -25 27 -14 29 -29
right_child=1 2 -4 7 6 -7 -8 8 12 10 -12 -13 16 -15 -16 -17 17 -19 -20 20 -22 22 -24 25 -26 -27 -28 28 -30 -31
leaf_value=-2.171837221301428e-05 1.6182269122951011e-05 0.037737103531918594 0.1136452390254597 -0.00095104575238374187 0.00067225659018020916 -0.00042864080677224774 3.4073068303774878e-06 0.00047178567701980367 0.0020779918895894702 -0.0071002114467814022 -0.00050786674989964362 0.0040784339719508343 7.572914512887774e-05 -0.0056863438500142751 0.0091129642303084957 -0.0014582793118606665 0.00019959117984216237 -0.0013548112621707853 -0.00035182831890772097 -0.0052725514925221267 0.046658384298037703 0.0084875255335632015 0.03511921540092864 -0.0090700591863441815 0.020843568586072083 -0.0031546744418065489 0.00069726217141798943 0.013029382081041874 -0.0078094096207184556 -0.011138703857538346
leaf_weight=3345 72 21 21 32 31 22 27 22 34 26 39 20 758 31 25 25 22 42 1463 22 22 26 20 20 97 135 424 52 110 21
leaf_count=3345 72 21 21 32 31 22 27 22 34 26 39 20 758 31 25 25 22 42 1463 22 22 26 20 20 97 135 424 52 110 21
internal_value=-0.0120144 -0.000217273 0.0130952 -0.000370879 0.00328947 -0.000531915 0.00948276 -0.00053039 -0.000348561 -0.00576923 -0.0111538 0.000961538 -0.00045536 0.00413043 0.00892857 0.00466102 -0.000618429 -0.0078125 -0.000473186 0.000424722 0.00666667 0.00294118 0.0076087 7.73036e-05 0.000512996 -0.00403226 1.8315e-05 -0.000929862 -0.00560109 0.0010274
internal_weight=7027 3682 42 3640 152 94 58 3488 3371 117 65 52 3349 115 84 59 3234 64 3170 1707 90 68 46 1617 1462 155 1365 941 183 73
internal_count=7027 3682 42 3640 152 94 58 3488 3371 117 65 52 3349 115 84 59 3234 64 3170 1707 90 68 46 1617 1462 155 1365 941 183 73
is_linear=0
shrinkage=0.05


Tree=154
num_leaves=31
num_cat=0
split_feature=18 18 15 17 3 3 17 13 15 14 15 6 17 18 13 17 11 10 11 0 4 12 12 4 12 6 16 5 4 13
split_gain=431.538 2.99942 0.995909 1.39224 1.23936 0.932773 0.917529 1.51064 1.33838 1.99118 1.54636 1.41734 1.9137 1.1234 2.49137 1.6 1.36614 0.999794 1.09586 2.52206 1.12765 1.2695 1.94355 1.55024 1.34343 1.12913 1.07675 1.06154 1.05652 1.24991
threshold=1.0000000180025095e-35 84.066276109385385 0.70748362666980424 29.972050716248479 32.050000000000004 28.150000000000002 29.972050716248479 0.99939540507859748 75.17490717958799 67.529407829454598 72.442416780131438 21.500000000000004 31.023932121514495 1.6444520525020312 0.028901772731160725 27.230775154359865 3.3514732585333435 0.96457844552971317 44.75741238010621 750.50000000000011 11.15 240.93171984514979 248.08230922771557 15.850000000000003 113.70623384080967 3.5000000000000004 23.65825529827951 34.500000000000007 5.6500000000000012 0.31370912961388087
decision_type=2 2 2 2 2 2 2 2 2 2 2 2 2 2 2 2 2 2 2 2 2 2 2 2 2 2 2 2 2 2
left_child=-1 2 3 4 5 -2 13 8 10 -10 17 12 -11 14 15 -4 -15 18 20 26 28 24 -23 -24 25 -22 -20 -26 -8 -30
right_child=1 -3 6 -5 -6 -7 7 -9 9 11 -12 -13 -14 16 -16 -17 -18 -19 19 -21 21 22 23 -25 27 -27 -28 -29 29 -31
leaf_value=-2.0632453602363568e-05 0.0012559010898918297 0.064398885476589035 0.0011056983886220868 -0.00020603675064727046 0.00031912191147912586 -2.2295949023807758e-06 -0.00063495232326717945 0.015600677257651796 -0.0087169860831792789 -0.028429835172182297 0.032164116534212896 -0.020763614155962885 0.017394329039220224 0.00030909660149189836 -0.010042486165600285 -0.0021599402181370661 -0.00021842979476893731 0.0101079917994241 0.019123705471330157 -0.0095444492535676773 0.00043132913174090962 0.026952060914391753 -0.0022201590275120254 0.00078358877754847178 -0.0050449663208294027 -0.0017355705254677113 0.0053878582932764376 -0.010542455744155889 0.0065990750808672784 0.00039733068428944308
leaf_weight=3345 28 42 20 21 29 74 49 41 25 20 23 20 43 69 23 20 2607 22 30 21 47 21 49 54 62 29 21 37 56 79
leaf_count=3345 28 42 20 21 29 74 49 41 25 20 23 20 43 69 23 20 2607 22 30 21 47 21 49 54 62 29 21 37 56 79
internal_value=-0.0120001 -0.000190114 -0.000343407 0.00361842 0.00553435 0.00294118 -0.000516055 0.00103471 0.00049435 -0.00462963 0.00141667 -0.000903614 0.00277778 -0.000940124 -0.00753968 0 -0.000784753 0.000909879 0.000495495 0.00625 -0.000362319 -0.00225753 0.0016129 -0.00121359 -0.005 0 0.0122549 -0.00883838 0.00271739 0.005
internal_weight=7027 3682 3640 152 131 102 3488 749 708 108 600 83 63 2739 63 40 2676 577 555 72 483 299 124 103 175 76 51 99 184 135
internal_count=7027 3682 3640 152 131 102 3488 749 708 108 600 83 63 2739 63 40 2676 577 555 72 483 299 124 103 175 76 51 99 184 135
is_linear=0
shrinkage=0.05


Tree=155
num_leaves=31
num_cat=0
split_feature=18 14 15 9 9 11 0 15 4 4 15 0 16 5 15 14 9 15 18 18 18 5 18 18 6 13 10 13 18 0
split_gain=426.827 2.40952 1.20654 0.956687 0.92679 1.989 2.2519 1.68879 1.02164 1.76371 0.777884 1.76505 1.81603 1.72242 1.10982 2.90253 1.56202 1.42622 1.38779 3.13249 1.7988 2.03389 2.89286 2.11263 1.84091 1.34533 2.1047 1.45455 2.23445 1.24723
threshold=1.0000000180025095e-35 83.695343200843851 81.996375818153822 0.90518480756366027 -0.99273952934267318 56.05731918080911 714.50000000000011 2.8589336441309938 12.550000000000002 17.850000000000005 0.70748362666980424 13.500000000000002 21.653746448942876 56.500000000000007 7.0357458216971365 0.66663509656356035 0.66484924122790601 8.1201165864714167 4.3732017446696894 3.4530842455602673 5.2118986363581756 79.500000000000014 6.3425238804615178 7.3979599529612505 19.500000000000004 0.051787452841669718 -0.74979862697202038 0.028901772731160725 2.3138100267741861 108.50000000000001
decision_type=2 2 2 2 2 2 2 2 2 2 2 2 2 2 2 2 2 2 2 2 2 2 2 2 2 2 2 2 2 2
left_child=-1 2 4 -4 5 6 7 -2 -9 -10 11 12 -6 -13 18 16 -16 -17 19 25 -20 22 24 -24 -22 26 -12 -28 -29 -19
right_child=1 -3 3 -5 10 -7 -8 8 9 -11 14 13 -14 -15 15 17 -18 29 20 -21 21 -23 23 -25 -26 -27 27 28 -30 -31
leaf_value=-1.9600830922245389e-05 0.0001302987418937196 0.026351424133282821 0.049998205531730379 0.0026629458712143618 1.3874733880867714e-05 -0.063060997057829846 0.018657149751700075 -0.00029950179766690126 -0.0089998358808246696 -0.00059624301627554395 0.00025106429130421492 0.00063628013158501537 -0.00041003589545443174 1.3538779021221581e-05 0.0053570054348556443 -0.006951252648324191 0.002600594936523848 0.0051474720209497178 -0.0063703691724165349 0.0069100655855337091 0.008311070957638101 0.00066092277840925642 -0.014334378617355115 -0.00034149657934761106 -0.00036124002695367977 -0.00077845612114538785 7.027532162664219e-05 -0.006329731041289666 0.00020220011591470799 -0.0001085124077157218
leaf_weight=3345 21 28 21 25 72 22 21 42 30 32 63 30 22 27 20 37 32 49 41 40 22 42 38 39 22 26 44 37 20 2717
leaf_count=3345 21 28 21 25 72 22 21 42 30 32 63 30 22 27 20 37 32 49 41 40 22 42 38 39 22 26 44 37 20 2717
internal_value=-0.0120713 -0.00032591 -0.000437876 0.0076087 -0.000540466 -0.00416667 -0.00205479 -0.0046 -0.00721154 -0.0112903 -0.000363372 0.0031457 -0.00106383 0.0100877 -0.000524476 -0.000166375 0.0115385 -0.000383518 -0.00288018 -0.000217391 -0.00588235 -0.00352761 -0.00681818 -0.0126623 0.00340909 -0.00289474 -0.00121951 -0.00569307 -0.0109649 -0.000253073
internal_weight=7027 3682 3654 46 3608 168 146 125 104 62 3440 151 94 57 3289 2855 52 2803 434 230 204 163 121 77 44 190 164 101 57 2766
internal_count=7027 3682 3654 46 3608 168 146 125 104 62 3440 151 94 57 3289 2855 52 2803 434 230 204 163 121 77 44 190 164 101 57 2766
is_linear=0
shrinkage=0.05


Tree=156
num_leaves=31
num_cat=0
split_feature=18 14 15 9 15 0 3 7 1 15 13 15 13 2 2 18 18 18 14 2 14 0 0 18 18 18 11 10 10 6
split_gain=430.122 2.37827 1.17799 0.956687 0.871128 1.61666 1.0098 0.97572 0.974328 0.943563 1.91622 1.7398 0.817909 1.34517 1.07668 1.39642 5.65395 3.97994 2.11643 1.95375 1.90433 1.72941 1.42529 1.67733 3.05879 2.64348 1.43857 1.56353 1.41553 1.36722
threshold=1.0000000180025095e-35 83.695343200843851 81.996375818153822 0.90518480756366027 0.66663509656356035 13.500000000000002 31.750000000000004 0.25881904510252091 11.350000000000003 1.7819203113450119 0.028901772731160725 1.104857663302558 0.043850027340466342 23.500000000000004 36.500000000000007 6.3425238804615178 7.2241895993209218 6.0593996921965543 0.66663509656356035 85.500000000000014 1.2491990860060642 92.500000000000014 108.50000000000001 8.3957515510129301 8.9875434930812759 9.7366163776564072 23.623112990362241 0.99164058729498161 0.96457844552971317 51.500000000000007
decision_type=2 2 2 2 2 2 2 2 2 2 2 2 2 2 2 2 2 2 2 2 2 2 2 2 2 2 2 2 2 2
left_child=-1 2 4 -4 5 6 8 -7 -2 10 11 -6 13 -11 -14 17 21 29 19 -18 -20 -17 -22 -24 -25 -26 -27 28 -28 -16
right_child=1 -3 3 -5 9 7 -8 -9 -10 12 -12 -13 14 -15 15 16 18 -19 20 -21 22 -23 23 24 25 26 27 -29 -30 -31
leaf_value=-1.8620789376133121e-05 1.263076309681449e-05 0.025033852926618749 0.047498295255143576 0.0025297985776539635 -3.2565435800102627e-05 0.0021162564183552501 4.7617512756687602e-05 5.0163429689548124e-05 -0.00068259471600454766 -0.00028113114100853932 -0.003886205591238534 0.0018818002936565464 -0.00033097170157880829 0.00032254449784435701 -0.00024615885703838103 -0.018180592957641496 0.00046336750613680256 0.016181540729938517 -0.045574107917467188 0.0063865621981504805 0.013622859559633228 -0.00037685225172221507 -0.0043882874934584315 0.0092091077479524944 -0.01968304493181261 0.003310620450001878 -0.00027841797458822982 -0.044903946827504627 0.016486631572439594 0.00062488763567900571
leaf_weight=3345 34 28 21 25 41 23 22 21 37 23 43 20 103 29 82 34 54 20 24 22 23 20 44 22 39 324 2358 36 47 63
leaf_count=3345 34 28 21 25 41 23 22 21 37 23 43 20 103 29 82 34 54 20 24 22 23 20 44 22 39 324 2358 36 47 63
internal_value=-0.0120215 -0.000230853 -0.000342091 0.0076087 -0.000443459 0.00346715 -0.000268817 0.0113636 -0.00316901 -0.00059781 -0.00528846 0.000409836 -0.000452925 0.00576923 -0.000550528 -0.000389166 -0.000631769 0.00409091 -0.000342466 0.00789474 -0.000557079 -0.0166667 -0.000440719 -0.00054007 -0.000389243 -0.00053495 -0.000352622 -0.000768128 -0.000613306 0.0012069
internal_weight=7027 3682 3654 46 3608 137 93 44 71 3471 104 61 3367 52 3315 3212 3047 165 2993 76 2917 54 2893 2870 2826 2804 2765 2441 2405 145
internal_count=7027 3682 3654 46 3608 137 93 44 71 3471 104 61 3367 52 3315 3212 3047 165 2993 76 2917 54 2893 2870 2826 2804 2765 2441 2405 145
is_linear=0
shrinkage=0.05


Tree=157
num_leaves=31
num_cat=0
split_feature=18 15 15 9 5 12 12 9 18 3 13 1 2 1 6 15 14 16 11 4 15 16 4 14 11 4 9 18 14 16
split_gain=432.957 1.87447 1.04005 1.00595 0.942308 0.65518 2.65025 1.43056 1.27685 2.84221 2.68254 1.48025 0.873447 1.225 0.862741 1.86597 1.32947 1.31872 1.87935 1.33695 1.19798 1.4533 1.15346 1.08274 1.76042 1.19048 1.03395 2.15111 0.976657 1.09122
threshold=1.0000000180025095e-35 81.996375818153822 0.14690278490434797 0.89773508019357628 47.500000000000007 79.968514907354049 83.804725066409375 -0.28847174723635299 6.9911626293997502 32.250000000000007 0.01752281746793273 83.600000000000009 80.500000000000014 212.10000000000002 4.5000000000000009 77.740831887334039 76.924746971133771 23.508331148435122 39.485989132386152 12.450000000000001 72.442416780131438 20.917875680437216 10.15 77.740831887334039 46.728649850371404 12.950000000000001 -0.99762106698677366 43.174417201818464 73.129073178471671 22.203956883543508
decision_type=2 2 2 2 2 2 2 2 2 2 2 2 2 2 2 2 2 2 2 2 2 2 2 2 2 2 2 2 2 2
left_child=-1 2 4 -3 -2 7 12 -4 10 11 -9 -10 -7 -14 23 16 17 20 19 -19 28 -22 -23 26 -25 -26 27 -8 29 -16
right_child=1 3 5 -5 -6 6 14 8 9 -11 -12 -13 13 -15 15 -17 -18 18 -20 -21 21 22 -24 24 25 -27 -28 -29 -30 -31
leaf_value=-1.7689749907326465e-05 0.00017021895370455538 0.059255594375832034 0.00028482759890882117 0.0050746303462467779 -1.1631399444498453e-05 -0.0035861733733636215 5.4186584432813768e-05 9.7055004257451405e-05 0.0029108351587569417 -0.0028566031656390937 -0.0024799719601123317 0.0019931634448314916 0.0017681566866418752 -0.015106221837854506 -0.00025624986047105834 -0.0051632620050980904 -0.0065412313706080033 0.010988150674775987 -0.011121761679997278 9.5107443289819968e-05 0.016159755486616235 -0.0078437483048663381 0.0072893785701971586 -0.00050155289740523308 0.030396381965599774 0.050761412001943999 0.00010972836856598667 -0.020464252873797762 0.0034034743575874771 -0.0020287478388951287
leaf_weight=3345 26 24 23 32 26 23 20 48 20 31 36 39 20 20 1569 41 24 32 22 26 36 22 20 48 21 27 1208 25 36 137
leaf_count=3345 26 24 23 32 26 23 20 48 20 31 36 39 20 20 1569 41 24 32 22 26 36 22 20 48 21 27 1208 25 36 137
internal_value=-0.0119788 -0.000149375 -0.000289575 0.00892857 0.00673077 -0.000391718 -0.000555227 0.00241117 0.000862069 0.005 -0.00357143 0.0114407 -0.0107143 -0.00625 -0.0003621 -0.00103053 -0.000805613 -0.000657895 0.005625 0.0103448 -0.000934066 0.00512821 -0.00119048 0.000611564 0.00572917 0.0125 0.000219473 -0.00722222 -0.00120551 -0.00137749
internal_weight=7027 3682 3626 56 52 3574 3377 197 174 90 84 59 63 40 3314 1965 1924 1900 80 58 1820 78 42 1349 96 48 1253 45 1742 1706
internal_count=7027 3682 3626 56 52 3574 3377 197 174 90 84 59 63 40 3314 1965 1924 1900 80 58 1820 78 42 1349 96 48 1253 45 1742 1706
is_linear=0
shrinkage=0.05


Tree=158
num_leaves=31
num_cat=0
split_feature=18 15 14 1 12 12 9 9 2 2 14 4 4 3 6 3 4 2 13 14 16 17 0 6 13 13 13 9 9 2
split_gain=434.378 2.1505 1.05 1.21753 1.00672 2.0619 1.47353 1.64824 2.12157 1.77509 1.20117 1.02273 1.81894 0.912242 0.842477 1.24694 2.0063 1.4409 1.51618 1.15174 1.36527 1.14118 1.11546 1.05756 1.04809 1.31156 1.55713 1.02605 1.16477 1.6204
threshold=1.0000000180025095e-35 80.801868519030933 78.802865643448854 720.25000000000011 79.968514907354049 83.804725066409375 -0.2386639253557736 0.12447811117596704 80.500000000000014 89.500000000000014 0.14690278490434797 16.150000000000002 9.8500000000000032 30.850000000000005 4.5000000000000009 21.850000000000005 6.1500000000000012 186.50000000000003 0.096028486616855854 76.924746971133771 23.625828645450586 18.486405453977486 874.50000000000011 96.500000000000014 0.018359880627067459 0.034437018609096537 0.043850027340466342 0.9993981459635205 0.88203985695844977 218.50000000000003
decision_type=2 2 2 2 2 2 2 2 2 2 2 2 2 2 2 2 2 2 2 2 2 2 2 2 2 2 2 2 2 2
left_child=-1 4 3 -3 6 11 -2 8 -8 10 13 12 -6 -9 21 16 -16 18 -18 20 24 -7 27 -20 -17 -26 -27 28 -23 -30
right_child=1 2 -4 -5 5 14 7 9 -10 -11 -12 -13 -14 -15 15 19 17 -19 23 -21 -22 22 -24 -25 25 26 -28 -29 29 -31
leaf_value=-1.6805262411960141e-05 0.00031025117810463395 0.01899747169972521 0.052634168912711846 -0.0056310386165414174 -0.00011888741115149149 0.013986224772821821 -0.0011077702323625317 -9.3039534418912228e-05 0.0013244009804643576 -0.0076237911583341145 0.0028462606859790632 0.00049161328043281218 -0.008943042955058501 0.00011628600689359003 -0.014287588013411501 8.2660012807003747e-05 -0.0010621753611685049 -0.0088725442865079888 -5.886487308117694e-05 -0.0054476041368474171 0.003155107890841613 -4.5827791913610751e-05 0.021816521028287995 0.008176968370488957 -0.0026664475345903162 0.00024895617649556279 -0.00022798482836874359 -0.0038527970709907322 0.00046377750753460599 0.022278352630621258
leaf_weight=3345 30 20 28 22 20 20 37 29 24 29 36 20 24 27 27 28 37 23 58 33 54 1050 30 21 37 31 1630 21 204 32
leaf_count=3345 30 20 28 22 20 20 37 29 24 29 36 20 24 27 27 28 37 23 58 33 54 1050 30 21 37 31 1630 21 204 32
internal_value=-0.0119574 -0.000108637 0.00857143 0.00357143 -0.000276855 -0.000485294 0.00306604 0.00137363 -0.00532787 0.00475207 0.00815217 -0.009375 -0.0136364 0.00357143 -0.000314748 -0.000972713 -0.00512048 -0.00269784 -0.000431034 -0.00059294 -0.000421348 0.000644805 0.000467464 0.00348101 -0.00066628 -0.000824499 -0.000617098 0.000248661 0.000427683 0.00360169
internal_weight=7027 3682 70 42 3612 3400 212 182 61 121 92 64 44 56 3336 1979 166 139 116 1813 1780 1357 1337 79 1726 1698 1661 1307 1286 236
internal_count=7027 3682 70 42 3612 3400 212 182 61 121 92 64 44 56 3336 1979 166 139 116 1813 1780 1357 1337 79 1726 1698 1661 1307 1286 236
is_linear=0
shrinkage=0.05


Tree=159
num_leaves=31
num_cat=0
split_feature=18 14 12 5 5 1 14 3 12 5 13 13 13 1 13 12 10 4 6 2 9 3 3 13 2 0 18 18 18 0
split_gain=433.43 1.80193 1.12463 1.83613 1.43199 1.32986 1.34881 1.16009 1.12971 1.18282 0.962173 3.25624 2.26741 1.33419 1.21366 1.19779 1.04938 0.934157 0.739801 1.52511 0.918045 0.960243 2.03485 0.861219 0.889986 1.65149 2.39219 1.72273 3.24043 1.53477
threshold=1.0000000180025095e-35 83.695343200843851 79.968514907354049 71.500000000000014 64.500000000000014 81.050000000000011 0.078308753106609466 30.850000000000005 83.804725066409375 60.500000000000007 0.034437018609096537 0.028901772731160725 0.022816176579953298 19.750000000000004 0.043850027340466342 263.68520860740017 -0.2511900638848194 18.150000000000002 4.5000000000000009 32.500000000000007 0.99965739133362419 43.850000000000001 45.350000000000001 0.051787452841669718 43.500000000000007 108.50000000000001 8.0413689877169379 8.9875434930812759 9.7366163776564072 89.500000000000014
decision_type=2 2 2 2 2 2 2 2 2 2 2 2 2 2 2 2 2 2 2 2 2 2 2 2 2 2 2 2 2 2
left_child=-1 2 3 4 5 6 7 -2 9 -4 11 12 13 16 15 -12 -10 -7 20 -20 21 -16 -23 -21 -25 29 -27 -28 -29 -26
right_child=1 -3 8 -5 -6 17 -8 -9 10 -11 14 -13 -14 -15 18 -17 -18 -19 19 23 -22 22 -24 24 25 26 27 28 -30 -31
leaf_value=-1.5964999291362133e-05 -0.00012826766986038797 0.020141717838717457 -0.0082409227971350415 0.00026494898098246012 -0.0002469578595740374 0.0017652965108390095 0.0045716378774475876 0.00011184737989267391 0.00031110931672120591 0.00029294071500274299 -0.0001014638722823591 -0.0089513010444973781 0.0036987562182385861 -0.00052781066797889797 0.00044482880623313297 0.00037029283990263067 -6.3064686839277989e-05 -0.010885113598259277 -0.0016604608919366548 0.00060436329644544264 -0.0037305907151801601 -0.008139757110921143 0.0035250765165796951 -0.00134703209386291 0.00042174525422189468 -0.0092529469209624796 0.0049866842891042491 -0.020086764427366701 -0.00026697256999952401 0.011493065018028048
leaf_weight=3345 25 28 37 41 33 30 25 32 21 27 25 28 27 24 1228 31 34 26 28 22 20 24 37 39 65 33 24 28 1607 33
leaf_count=3345 25 28 37 41 33 30 25 32 21 27 25 28 27 24 1228 31 34 26 28 22 20 24 37 39 65 33 24 28 1607 33
internal_value=-0.0119717 -0.000135796 -0.000232622 0.00330189 0.00102339 0.00326087 0.00731707 0.00307018 -0.00045032 -0.00703125 -0.000325636 -0.00447761 -0.000471698 -0.00474684 -0.000154131 0.00714286 -0.000454545 -0.00267857 -0.000282309 -0.000918042 0.000630252 0.00079519 -0.00532787 -0.000742842 -0.000861126 -0.000698324 -0.00106383 -0.000798674 -0.000993884 0.00561224
internal_weight=7027 3682 3654 212 171 138 82 57 3442 64 3378 134 106 79 3244 56 55 56 3188 1879 1309 1289 61 1851 1829 1790 1692 1659 1635 98
internal_count=7027 3682 3654 212 171 138 82 57 3442 64 3378 134 106 79 3244 56 55 56 3188 1879 1309 1289 61 1851 1829 1790 1692 1659 1635 98
is_linear=0
shrinkage=0.05


Tree=160
num_leaves=31
num_cat=0
split_feature=2 15 18 0 5 12 14 4 18 18 0 16 0 13 7 13 14 14 16 6 9 9 9 9 14 4 10 10 15 14
split_gain=439.609 1.47572 1.50267 1.46894 1.1765 2.43964 1.32885 1.16405 0.994703 4.15449 2.56786 1.67167 1.38947 1.37752 2.09423 1.80176 1.35056 2.31812 1.16859 1.97083 1.28009 1.83487 1.35273 1.66234 1.04838 1.14242 4.0595 2.77447 1.86646 1.7316
threshold=6.5000000000000009 0.14690278490434797 82.16717085159452 796.50000000000011 69.500000000000014 80.673104253298064 50.303189625999103 7.5500000000000007 7.3979599529612505 6.3425238804615178 108.50000000000001 23.760951161420284 89.500000000000014 0.072857000049982509 -0.98296291314453399 0.053817355889724312 0.66663509656356035 1.4104676152337541 18.317493928459584 77.500000000000014 0.66484924122790601 0.50495637864894027 -0.98801351631316325 0.055916472294523401 2.3363398760069907 12.950000000000001 0.99164058729498161 0.98662138620987927 72.815203738611658 6.630797340928706
decision_type=2 2 2 2 2 2 2 2 2 2 2 2 2 2 2 2 2 2 2 2 2 2 2 2 2 2 2 2 2 2
left_child=-1 -2 4 -4 8 -6 7 -7 9 11 -10 13 -11 15 -15 18 -12 -18 -3 20 21 22 -20 -24 -19 26 -26 28 29 -27
right_child=1 2 3 -5 5 6 -8 -9 10 12 16 -13 -14 14 -16 -17 17 24 19 -21 -22 -23 23 -25 25 27 -28 -29 -30 -31
leaf_value=-1.5166749326794024e-05 0.00016539218164920226 -0.0033235620110144363 -0.00056924358243009014 0.038585030014570525 0.00037984968583235638 0.0015736111620940742 0.015667421153086281 -0.00039225708681200899 0.001705755962022515 -0.016062230723180717 0.014521274351390768 -0.00030370617391141668 -0.0029811028432227718 0.012125244869119024 -0.00038947145425265455 -0.0010187915729876651 -0.050521359013876138 0.022645803937435538 0.00067102910773597646 0.00055751668385493056 -0.0008975532754505217 0.00050603340261241587 -0.00094220397069590958 8.0749276223981983e-05 -0.00042821608471967922 0.002019390422229561 -0.049421395329848399 0.081101888262497299 0.012288240000016515 -0.00039447233156506559
leaf_weight=3349 49 21 34 50 49 55 21 293 65 22 20 28 38 32 20 42 20 21 21 33 46 24 32 56 1203 52 26 25 78 1202
leaf_count=3349 49 21 34 50 49 55 21 293 65 22 20 28 38 32 20 42 20 21 21 33 46 24 32 56 1203 52 26 25 78 1202
internal_value=-0.0118792 5.43774e-05 -6.20006e-05 0.00654762 -0.000218618 0.00227273 0.000880759 0.000143678 -0.000551647 -0.00283133 -0.000202802 -0.000774648 -0.015 0.000229358 0.00769231 -0.00118182 -0.000443899 -0.000542444 0.000536481 0.00165094 -0.000418994 0.00206767 -0.000688073 -0.00340909 -0.000412351 -0.000502707 -0.001607 0.000497421 0.000187688 -0.000279107
internal_weight=7027 3678 3629 84 3545 418 369 348 3127 415 2712 355 60 327 52 275 2647 2627 233 212 179 133 109 88 2607 2586 1229 1357 1332 1254
internal_count=7027 3678 3629 84 3545 418 369 348 3127 415 2712 355 60 327 52 275 2647 2627 233 212 179 133 109 88 2607 2586 1229 1357 1332 1254
is_linear=0
shrinkage=0.05


Tree=161
num_leaves=31
num_cat=0
split_feature=18 1 15 17 4 16 1 15 14 6 18 14 5 2 15 11 4 0 7 10 6 14 13 18 10 10 18 1 14 5
split_gain=433.904 1.40933 0.795909 0.888623 2.33754 1.80831 0.976119 1.43142 0.972203 2.16945 1.02471 1.56014 0.722782 1.00794 2.1645 1.06548 0.954545 0.9984 0.927712 1.93961 1.4606 2.0884 2.01675 1.66144 1.64511 1.55317 1.47831 3.11503 1.45933 1.71429
threshold=1.0000000180025095e-35 755.60000000000002 82.611920185725026 32.849889944089107 15.050000000000002 24.42205841237983 733.9000000000002 77.740831887334039 77.740831887334039 3.5000000000000004 81.371457857181568 76.924746971133771 80.500000000000014 55.500000000000007 11.229541520966139 9.7074194676674868 9.4500000000000011 221.50000000000003 -0.25881904510252113 0.99164058729498161 92.500000000000014 56.584255833494076 0.8395094845223271 4.3732017446696894 0.93225468035816139 0.85651926849515192 76.140408329375774 698.40000000000009 67.68844875805614 26.500000000000004
decision_type=2 2 2 2 2 2 2 2 2 2 2 2 2 2 2 2 2 2 2 2 2 2 2 2 2 2 2 2 2 2
left_child=-1 2 3 5 -5 6 8 -8 10 -10 11 12 18 15 -15 -14 -16 -18 -2 20 24 22 23 -22 25 26 28 -28 -20 -30
right_child=1 -3 -4 4 -6 -7 7 -9 9 -11 -12 -13 13 14 16 -17 17 -19 19 -21 21 -23 -24 -25 -26 -27 27 -29 29 -31
leaf_value=-1.4408411860454324e-05 6.8432950062602413e-05 0.060058522419692652 0.023355468988182793 -0.0021550381188007342 0.0022405599061039007 0.016510104278322047 0.0041182801788039571 -0.013268439957644063 0.031092794898388121 -0.002135347740082949 0.024471027504007026 -0.007293757234500476 0.00043446688660226805 0.0029197016316834913 0.011191886460607404 -0.0027693844435973114 -0.0076386316227919698 0.0019412344202798693 -1.4760906803856777e-05 -0.037048392071057992 0.00038391845780245265 -0.0046832730165659699 0.0058645956278141403 -0.0051290536831855253 0.025061900629086156 -0.0031887106587319639 0.023449017182580436 -0.010465652000976534 4.139009207122513e-05 -0.010097218301938327
leaf_weight=3345 1434 36 27 69 24 28 21 20 56 25 21 22 38 28 21 33 23 33 1171 28 24 60 39 186 49 25 33 24 42 42
leaf_count=3345 1434 36 27 69 24 28 21 20 56 25 21 22 38 28 21 33 23 33 1171 28 24 60 39 186 49 25 33 24 42 42
internal_value=-0.0119646 -0.000122216 -0.000219419 -0.000283227 -0.00510753 -0.000155984 -0.00025729 -0.00792683 -0.000166329 0.00524691 -0.000296209 -0.000365127 -0.000277528 0.00284091 0.00595238 -0.00176056 0.00162338 -0.00178571 -0.000451378 -0.00123331 -0.0010177 -0.00412621 -0.00210843 -0.00404762 -0.000324675 -0.00065445 -0.000419207 0.00745614 -0.000776892 -0.00714286
internal_weight=7027 3682 3646 3619 93 3526 3498 41 3457 81 3376 3355 3333 176 105 71 77 56 3157 1723 1695 309 249 210 1386 1337 1312 57 1255 84
internal_count=7027 3682 3646 3619 93 3526 3498 41 3457 81 3376 3355 3333 176 105 71 77 56 3157 1723 1695 309 249 210 1386 1337 1312 57 1255 84
is_linear=0
shrinkage=0.05


Tree=162
num_leaves=31
num_cat=0
split_feature=18 14 17 12 4 10 10 10 10 18 13 18 10 17 5 4 1 1 14 13 18 18 18 5 17 18 15 4 14 3
split_gain=432.011 1.81357 1.10437 0.955836 1.68431 1.45687 1.15108 1.17524 1.23424 1.10126 4.06995 2.61568 1.34528 2.02825 1.35448 1.12347 1.10343 1.65235 1.2751 1.38135 1.18526 3.40402 1.83544 1.41346 1.15167 1.0799 1.16306 1.08777 1.53251 1.05797
threshold=1.0000000180025095e-35 83.695343200843851 8.7454516935037496 192.75880728777858 2.8500000000000001 0.99164058729498161 0.93225468035816139 0.70860043010605911 0.65837719692149965 1.6444520525020312 0.028901772731160725 2.1921385514075071 -0.67758968959607091 24.359223861871126 58.500000000000007 12.65 495.10000000000008 473.60000000000008 63.311477995553297 0.52172247240588365 55.70233618850957 61.859443515976871 65.541880923019093 29.500000000000004 31.669255773338811 62.855630508983396 61.00903231369464 11.750000000000002 53.489269247574462 31.850000000000005
decision_type=2 2 2 2 2 2 2 2 2 2 2 2 2 2 2 2 2 2 2 2 2 2 2 2 2 2 2 2 2 2
left_child=-1 2 -2 5 -5 6 7 8 -4 10 29 -11 15 -14 16 25 17 -15 19 -18 24 23 -23 -22 -20 26 27 28 -13 -6
right_child=1 -3 3 4 9 -7 -8 -9 -10 11 -12 12 13 14 -16 -17 18 -19 20 -21 21 22 -24 -25 -26 -27 -28 -29 -30 -31
leaf_value=-1.3687991267431609e-05 0.0027330103716115997 0.017299591127776993 -0.00011165722042333348 -0.0018845734202990628 -9.9012268985483606e-05 -0.029149830745743469 0.0021962618446255133 -0.0023357222207162744 0.012308032504706468 0.00034953342494749019 -0.0089839983098807027 0.00041288281754497946 0.0080914892242724967 -0.00015859240274123111 0.0074056314362676906 -0.00071206258316038886 0.0056782435251626854 -0.0086972211530730089 -0.0083674608344903589 0.024941422054551233 0.055497385720603636 -0.0085528423550321978 0.0030347842408136928 0.0099114230269924178 0.010189697046345715 -0.004157060469252372 0.016311130772719729 0.0073939154179557326 -0.0057066232650694994 0.00011932229711877906
leaf_weight=3345 24 28 1534 49 42 36 84 144 24 37 23 76 78 425 43 439 21 20 53 24 26 36 226 24 25 21 20 23 34 43
leaf_count=3345 24 28 1534 49 42 36 84 144 24 37 23 76 78 425 43 439 21 20 53 24 26 36 226 24 25 21 20 23 34 43
internal_value=-0.011993 -0.000176534 -0.000273673 -0.000344353 0.000470133 -0.00115258 -0.000951848 -0.00123384 -0.000834403 0.000724844 -0.00416667 0.00104482 0.000743494 0.00187313 0.00121885 -0.00110114 0.000795455 -0.000955056 0.00258621 0.0105556 0.00166667 0.00304487 0.000763359 0.015 -0.00384615 0.00229885 0.00375817 0.00206767 0 0.000882353
internal_weight=7027 3682 3654 3630 1808 1822 1786 1702 1558 1759 108 1651 1614 1001 923 613 880 445 435 45 390 312 262 50 78 174 153 133 110 85
internal_count=7027 3682 3654 3630 1808 1822 1786 1702 1558 1759 108 1651 1614 1001 923 613 880 445 435 45 390 312 262 50 78 174 153 133 110 85
is_linear=0
shrinkage=0.05


Tree=163
num_leaves=31
num_cat=0
split_feature=18 1 15 6 4 4 2 15 15 4 0 17 1 17 16 0 16 5 16 3 4 10 3 1 3 2 13 15 6 6
split_gain=426.358 1.47222 0.763893 1.31994 0.900067 1.70123 1.16615 0.893945 1.08434 3.70699 1.92604 1.26509 0.958027 0.819649 1.02386 0.774045 1.43254 0.747427 0.646026 1.76333 0.707303 1.24928 1.94705 1.79009 1.40402 1.46589 2.64059 1.91409 1.37159 1.29721
threshold=1.0000000180025095e-35 755.60000000000002 0.23436876353337363 3.5000000000000004 2.5500000000000003 1.7000000000000004 208.50000000000003 82.611920185725026 75.17490717958799 12.950000000000001 798.50000000000011 31.468587345967631 720.25000000000011 15.829891493726066 12.788438098145186 829.50000000000011 21.520266436161041 80.500000000000014 13.521782310682594 28.050000000000004 9.0500000000000025 0.76663042157996963 11.450000000000001 560.95000000000016 25.250000000000004 106.50000000000001 0.42408226221079698 37.395282774685796 85.500000000000014 2.5000000000000004
decision_type=2 2 2 2 2 2 2 2 2 2 2 2 2 2 2 2 2 2 2 2 2 2 2 2 2 2 2 2 2 2
left_child=-1 2 3 -2 5 -4 -7 8 12 11 -11 15 13 17 -15 16 -10 -6 19 -16 21 24 -23 -24 -20 28 -27 -28 29 -26
right_child=1 -3 4 -5 7 6 -8 -9 9 10 -12 -13 -14 14 18 -17 -18 -19 20 -21 -22 22 23 -25 25 26 27 -29 -30 -31
leaf_value=-1.3003591704060027e-05 0.0004747314606440227 0.056806288541608296 0.0024525520401340374 -5.1114492040926773e-06 -0.018670405370091993 -0.00048394834479275066 -0.0083846756394931887 0.024477041006711886 -0.009138009293907956 -0.00064988542365966855 0.046065104630366706 -0.0075508144291067227 0.018634431289491715 0.0075832672014630289 -0.0026858302037614081 0.00093198657557920235 -0.0055610097001153498 -0.00032489535756798917 0.0067897988726945968 0.00024573636756622944 -0.00010001404450847851 0.0020475086398408227 -0.0089412127883313989 0.00022983014384720947 0.0026672787653626352 -0.0081088393231421915 0.012675471541337569 0.00016658705860876923 0.0021859928523874752 -6.3701431282536804e-06
leaf_weight=3345 34 36 23 33 22 25 28 25 36 40 24 30 28 38 20 25 28 25 58 30 2386 30 61 57 31 85 42 298 21 63
leaf_count=3345 34 36 23 33 22 25 28 25 36 40 24 30 28 38 20 25 28 25 58 30 2386 30 61 57 31 85 42 298 21 63
internal_value=-0.0120784 -0.000339489 -0.000438837 0.00485075 -0.00053786 -0.00592105 -0.0108491 -0.000421068 -0.000488787 -0.00423497 0.00546875 -0.00945378 -0.000280728 -0.000359657 -0.000263975 -0.00646067 -0.009375 -0.00691489 -0.000361408 -0.006 -0.000271392 0.00107239 -0.00304054 -0.0059322 0.0020903 0.0012963 -5.88235e-05 0.00191176 0.00630435 0.0037234
internal_weight=7027 3682 3646 67 3579 76 53 3503 3478 183 64 119 3295 3267 3220 89 64 47 3182 50 3132 746 148 118 598 540 425 340 115 94
internal_count=7027 3682 3646 67 3579 76 53 3503 3478 183 64 119 3295 3267 3220 89 64 47 3182 50 3132 746 148 118 598 540 425 340 115 94
is_linear=0
shrinkage=0.05


Tree=164
num_leaves=31
num_cat=0
split_feature=18 18 17 17 6 14 9 17 15 14 11 0 9 18 15 17 4 17 16 16 4 1 9 13 2 12 11 0 18 9
split_gain=430.122 1.61702 1.11886 0.971645 0.796707 1.09907 1.06503 0.81418 0.802134 0.86261 1.70788 1.79147 1.00629 1.36111 0.791115 0.762346 2.2206 1.83699 1.74825 1.557 1.55342 1.24076 1.00462 1.53584 2.31294 1.47817 1.21114 1.56386 2.26281 1.70564
threshold=1.0000000180025095e-35 84.066276109385385 8.7454516935037496 32.573320438648473 4.5000000000000009 76.924746971133771 0.99965739133362419 15.829891493726066 0.35294841394985871 77.740831887334039 46.728649850371404 826.50000000000011 -0.99762106698677366 43.174417201818464 77.740831887334039 24.971709499323918 14.050000000000002 25.150511923839712 19.480638345519537 19.733299955702822 21.050000000000004 513.35000000000002 0.68391308835034159 0.11284262738057783 43.500000000000007 90.6375348117882 23.623112990362241 631.50000000000011 71.454311638622698 0.5772862706790628
decision_type=2 2 2 2 2 2 2 2 2 2 2 2 2 2 2 2 2 2 2 2 2 2 2 2 2 2 2 2 2 2
left_child=-1 2 -2 -3 6 7 8 -6 -4 12 -11 -12 13 -10 -9 16 18 -17 -14 21 -18 -19 26 24 -24 -25 -21 29 -29 -28
right_child=1 3 4 -5 5 -7 -8 14 9 10 11 -13 15 -15 -16 17 20 19 -20 22 -22 -23 23 25 -26 -27 27 28 -30 -31
leaf_value=-1.2353412118857027e-05 0.0025846193527450326 0.0075145554481345304 0.00013127401548121144 0.083441978482698076 -0.0080691958970094298 -0.0049607541316724737 -0.0032858675565407228 -9.9466055836217038e-05 5.0636407849569134e-05 -0.00043781629147048311 0.044396112385894783 0.001560433440508291 -0.0008441976405322738 -0.01942994505565885 -0.0041512614670727649 0.019511258786310749 -0.0040200366338446264 2.9933155309080917e-06 0.013038668001514431 9.0923782165935885e-05 -0.0010113085248562527 0.046560969319349256 0.00051359355634233723 0.0085977269677176334 -0.010274596565731643 0.0018486007177930476 -0.0046110611496333219 -0.0010341612783115294 0.024442240230240487 -0.012095490886691885
leaf_weight=3345 24 22 33 20 36 41 21 2001 20 47 25 21 55 25 38 21 45 21 26 238 28 22 26 25 22 334 240 121 55 29
leaf_count=3345 24 22 33 20 36 41 21 2001 20 47 25 21 55 25 38 21 45 21 26 238 28 22 26 25 22 334 240 121 55 29
internal_value=-0.0120215 -0.000230853 -0.000343407 0.00952381 -0.000414823 -0.0010397 0.000466667 -0.000879518 0.000625423 0.000449516 0.00510753 0.0119565 0.000129342 -0.00722222 -0.000747916 0.000382263 -0.00292208 0.000823224 0.00277778 0.000551633 -0.00924658 0.00988372 0.000183486 0.00214988 -0.00625 0.00327298 -0.000988287 -0.00252809 0.00113636 -0.00492565
internal_weight=7027 3682 3640 42 3616 2116 1500 2075 1479 1446 93 46 1353 45 2039 1308 154 1154 81 1133 73 43 1090 407 48 359 683 445 176 269
internal_count=7027 3682 3640 42 3616 2116 1500 2075 1479 1446 93 46 1353 45 2039 1308 154 1154 81 1133 73 43 1090 407 48 359 683 445 176 269
is_linear=0
shrinkage=0.05


Tree=165
num_leaves=31
num_cat=0
split_feature=18 17 18 12 4 5 14 18 16 4 1 14 15 4 9 18 18 11 17 2 2 0 0 4 12 0 16 6 10 1
split_gain=429.18 1.10109 0.967075 0.727734 1.54563 2.07659 1.1218 2.06287 2.67782 1.54855 1.19149 1.06609 2.41309 2.06523 1.27485 1.26257 1.12871 1.12172 1.0799 1.0712 1.00784 1.583 1.2901 0.987301 2.53701 2.32055 1.39628 1.38119 1.50014 2.01969
threshold=1.0000000180025095e-35 8.7454516935037496 85.285009830143608 175.45503636807521 3.4500000000000006 35.500000000000007 57.293849119280786 71.454311638622698 22.095374903039648 20.750000000000004 521.45000000000016 38.089430827342262 56.524021905538639 18.850000000000005 -0.068799878299627984 63.083970723714408 59.245073550190774 53.011021670109862 32.979658488676201 177.50000000000003 191.50000000000003 784.50000000000011 815.50000000000011 17.850000000000005 99.540449516309096 377.50000000000006 23.625828645450586 2.5000000000000004 -0.74979862697202038 105.80000000000003
decision_type=2 2 2 2 2 2 2 2 2 2 2 2 2 2 2 2 2 2 2 2 2 2 2 2 2 2 2 2 2 2
left_child=-1 -2 3 6 5 -5 7 11 -9 20 -11 12 16 17 -15 -16 18 19 23 -13 -8 -22 -23 26 -25 -26 27 -3 -29 -30
right_child=1 2 -4 4 -6 -7 9 8 -10 10 -12 13 -14 14 15 -17 -18 -19 -20 -21 21 22 -24 24 25 -27 -28 28 29 -31
leaf_value=-1.1735741512914176e-05 0.0024553883851077818 0.0002162890955560215 0.050123987581390139 -0.0045360782087069396 9.6699386735366052e-05 0.01191261133079209 0.010727440332403405 0.037209284078871717 -0.0022864640407245676 -0.0018077519187833957 0.016152609188389278 -0.0045232805750355714 0.0067826543150363962 0.0052369966698208262 -0.012668279486361912 0.0017412756703176768 0.015039224996784385 -0.00070300503741673739 -0.0015924690183001711 -0.013428717181915318 -0.0099858552692069225 0.0019425776829880448 -0.0030712403828836443 -3.2275205461437806e-05 -2.0880722627936168e-05 -0.018447899883695485 0.00086371580302322401 0.00019004284027057672 -0.0016670258124745541 -0.0002302866009602056
leaf_weight=3345 24 297 28 61 1818 20 41 34 24 21 32 31 41 27 21 26 21 128 20 45 55 31 66 236 28 45 67 136 80 178
leaf_count=3345 24 297 28 61 1818 20 41 34 24 21 32 31 41 27 21 26 21 128 20 45 55 31 66 236 28 45 67 136 80 178
internal_value=-0.0120357 -0.000258012 -0.000328048 -0.000399449 0.000276461 -0.00648148 -0.00114096 -0.000622896 0.00862069 -0.00426829 0.00330189 -0.000998598 -0.000326371 -0.00377698 0.00337838 -0.00159574 -0.000767148 -0.00637255 -0.00098896 -0.0111842 -0.00634715 -0.00822368 -0.00438144 -0.000773196 -0.00315534 -0.0113014 0.000197889 -0.000470333 -0.00241117 -0.00465116
internal_weight=7027 3682 3658 3630 1899 81 1731 1485 58 246 53 1427 1149 278 74 47 1108 204 1087 76 193 152 97 1067 309 73 758 691 394 258
internal_count=7027 3682 3658 3630 1899 81 1731 1485 58 246 53 1427 1149 278 74 47 1108 204 1087 76 193 152 97 1067 309 73 758 691 394 258
is_linear=0
shrinkage=0.05


Tree=166
num_leaves=31
num_cat=0
split_feature=18 18 4 5 3 14 2 2 9 17 15 17 12 17 4 4 4 18 11 16 1 3 1 14 2 4 10 3 0 0
split_gain=429.18 0.952448 0.811693 2.76699 1.90017 1.11243 1.05815 1.45021 1.05284 0.992922 0.971645 0.918564 0.803647 1.37945 1.32917 1.74393 1.15126 3.19479 2.0575 1.51448 1.42279 1.45941 1.98412 2.03763 1.70896 2.41082 2.04214 1.52727 1.36695 2.66688
threshold=1.0000000180025095e-35 85.285009830143608 3.4500000000000006 38.500000000000007 33.45000000000001 64.213614264853774 353.50000000000006 333.50000000000006 0.85206963063867758 24.322168630696982 62.387190978455706 8.7454516935037496 175.45503636807521 32.987126483277997 5.1500000000000012 7.3500000000000005 12.950000000000001 61.416689742835629 7.9994447856515247 23.760951161420284 600.55000000000007 32.250000000000007 521.45000000000016 26.78785378154301 219.50000000000003 16.750000000000004 -0.66483077113278999 33.45000000000001 231.50000000000003 273.50000000000006
decision_type=2 2 2 2 2 2 2 2 2 2 2 2 2 2 2 2 2 2 2 2 2 2 2 2 2 2 2 2 2 2
left_child=-1 2 3 4 5 -2 7 11 -8 -5 -9 -4 13 14 -13 -16 17 18 -17 -20 21 22 23 28 25 27 -26 -23 -18 -30
right_child=1 -3 6 9 -6 -7 8 10 -10 -11 -12 12 -14 -15 15 16 20 -19 19 -21 -22 24 -24 -25 26 -27 -28 -29 29 -31
leaf_value=-1.1148954437268467e-05 0.00094165417462832579 0.047617788202320814 0.0030050710626488898 -0.00023685535407970139 -0.012925075207542314 -0.015907682203820883 0.00045116839707191051 -0.0096544299580230593 0.011802790520680163 0.0080643417059214073 -0.00024002615520828387 -0.0044793253692031691 8.9974235824108467e-05 -0.0020608582413532287 0.0014701762064079694 -0.00047382588108430549 -9.1821027056885121e-06 -0.0074813117767181586 -8.2316624628875346e-05 0.0047937168518114694 0.011195510539783626 0.0014307110669266989 0.0081376675733650927 -0.0086179241322021493 0.00055680655798191487 -0.012468437824094281 -0.0065443150795982067 -0.013265276984521358 0.014138274307186194 0.00036847855157091659
leaf_weight=3345 27 28 23 22 46 21 36 20 21 27 22 88 1761 30 154 35 238 143 334 32 92 20 25 38 179 51 42 22 28 77
leaf_count=3345 27 28 23 22 46 21 36 20 21 27 22 88 1761 30 154 35 238 143 334 32 92 20 25 38 179 51 42 22 28 77
internal_value=-0.0120357 -0.000258012 -0.000328407 -0.00402098 -0.00904255 -0.00208333 -0.000178012 -0.000289519 0.00657895 0.00561224 -0.00952381 -0.00017585 -0.000243435 -0.00104423 -0.000844806 -0.000496689 -0.00106932 -0.00284926 -0.000561097 0.000546448 0.000123153 -0.000625 0.00135468 0.000459318 -0.00318471 -0.00887097 -0.000791855 0 0.00167638 0.00642857
internal_weight=7027 3682 3654 143 94 48 3511 3454 57 49 42 3412 3389 1628 1598 1510 1356 544 401 366 812 720 406 381 314 93 221 42 343 105
internal_count=7027 3682 3654 143 94 48 3511 3454 57 49 42 3412 3389 1628 1598 1510 1356 544 401 366 812 720 406 381 314 93 221 42 343 105
is_linear=0
shrinkage=0.05


Tree=167
num_leaves=31
num_cat=0
split_feature=2 4 1 15 4 0 9 6 17 15 10 11 13 13 18 13 5 17 1 16 10 9 18 13 3 5 18 18 18 0
split_gain=437.702 1.21828 1.0559 0.920421 0.997556 0.892779 0.982685 0.783378 0.76484 1.38221 0.753195 0.729167 0.694365 3.5587 2.39198 2.62181 2.76923 1.50266 2.14962 1.65486 1.71771 1.61796 1.38057 1.61206 1.34819 1.83048 1.1781 6.14057 3.38824 2.51842
threshold=6.5000000000000009 1.7000000000000004 751.50000000000011 0.14690278490434797 2.5500000000000003 841.00000000000011 0.99965739133362419 4.5000000000000009 31.403328308308176 76.924746971133771 -0.012910296075008829 48.27472279958851 0.034437018609096537 0.028901772731160725 4.3732017446696894 0.077261354399512303 81.500000000000014 23.940370457556281 33.350000000000001 22.095374903039648 -0.86092912513210462 -0.93380263866670532 1.0424599011378131 0.018359880627067459 31.150000000000002 63.500000000000007 6.3425238804615178 6.8248233501713296 5.4574946968981326 108.50000000000001
decision_type=2 2 2 2 2 2 2 2 2 2 2 2 2 2 2 2 2 2 2 2 2 2 2 2 2 2 2 2 2 2
left_child=-1 -2 3 7 10 6 12 -3 9 -7 -5 -4 13 22 17 16 -16 -14 -19 20 -20 -22 23 24 25 -6 28 -28 -17 -29
right_child=1 2 11 4 5 8 -8 -9 -10 -11 -12 -13 14 -15 15 26 -18 18 19 -21 21 -23 -24 -25 -26 -27 27 29 -30 -31
leaf_value=-1.0591506715405044e-05 0.001889511688305845 0.0007519776039099839 -0.00035245905024758887 -0.0025863004964695071 -0.00027319667883406732 0.00077421692596253428 -0.0034803906890020333 5.2264127747087002e-06 -0.00038671152679832234 0.024675334761737489 -0.00021965983073393149 0.05288282199252628 -0.00012658573485992974 -0.0081057772548348405 -0.010900972783710095 -0.0023354788597543807 -0.00062046455888424838 0.0011051281790932955 -0.00011786275735193864 -0.00019843396188690132 0.00019282755169447441 0.0025626166137544927 0.0036190406999908279 -0.0019942238183655592 0.00014699328033460635 0.0002304293990056383 -0.012724032899498729 0.0014443585765189226 0.006781688107661399 -0.00017108948881117136
leaf_weight=3349 25 22 20 31 35 86 29 27 20 20 22 28 39 28 26 40 26 37 20 25 39 22 22 31 32 25 29 103 45 2724
leaf_count=3349 25 22 20 31 35 86 29 27 20 20 22 28 39 28 26 40 26 37 20 25 39 22 22 31 32 25 29 103 45 2724
internal_value=-0.0119076 0 -7.52806e-05 -0.00017337 -0.000267154 -0.000164145 -0.00031833 0.00663265 0.00396825 0.00566038 -0.00707547 0.00729167 -0.000238949 -0.0033237 -7.08661e-05 -0.000409288 -0.0115385 0.00549451 0.00786713 0.00424528 0.00771605 0.0118852 -0.000172414 -0.00223577 0.00108696 -0.00333333 -0.000212513 -0.000385154 0.00558824 -0.000150336
internal_weight=7027 3678 3653 3605 3556 3503 3377 49 126 106 53 48 3348 173 3175 2993 52 182 143 106 81 61 145 123 92 60 2941 2856 85 2827
internal_count=7027 3678 3653 3605 3556 3503 3377 49 126 106 53 48 3348 173 3175 2993 52 182 143 106 81 61 145 123 92 60 2941 2856 85 2827
is_linear=0
shrinkage=0.05


Tree=168
num_leaves=31
num_cat=0
split_feature=18 4 17 1 11 4 0 5 13 16 9 14 9 14 11 2 9 17 3 9 4 15 17 4 16 1 14 4 6 15
split_gain=435.326 1.23639 1.08044 1.09994 0.729167 0.724949 0.759507 0.760947 0.7875 0.81 0.712102 1.48854 0.65615 1.72557 1.1982 2.2806 0.943514 1.90488 1.80121 1.42378 0.914992 0.9136 2.28714 1.35846 0.90979 2.75169 2.22368 0.900577 0.810206 1.4192
threshold=1.0000000180025095e-35 1.7000000000000004 8.7454516935037496 751.50000000000011 48.27472279958851 2.5500000000000003 841.00000000000011 16.500000000000004 0.99939540507859748 21.45465236956024 0.99906486341235867 37.382322533017664 -0.99273952934267318 18.03371149134092 56.05731918080911 194.50000000000003 -0.95747632178960107 27.817878421766128 35.350000000000001 -0.9523687564627995 12.550000000000002 75.17490717958799 29.314923990481258 12.950000000000001 21.921539966464639 518.45000000000016 42.414992503432856 6.4500000000000011 7.5000000000000009 72.442416780131438
decision_type=2 2 2 2 2 2 2 2 2 2 2 2 2 2 2 2 2 2 2 2 2 2 2 2 2 2 2 2 2 2
left_child=-1 -2 -3 5 -5 -4 10 8 -8 -10 12 -12 13 -7 15 20 17 18 -14 -18 -15 28 -23 27 25 -19 -26 -24 -21 -30
right_child=1 2 3 4 -6 6 7 -9 9 -11 11 -13 16 14 -16 -17 19 24 -20 21 -22 22 23 -25 26 -27 -28 -29 29 -31
leaf_value=-1.0061931379634791e-05 0.0017950361038906238 0.0021634353123028307 -0.0020697630009980372 -0.00033483609773519166 0.050238680892899984 0.00010582820697238039 -0.0024579318801265515 0.027603790701357059 -0.0023895498155379613 0.016548704494374535 0.00017698117831656398 -0.028489406816127175 -0.0064221434343259892 -0.00060199842484838235 -0.060424858000441978 0.0098644090839115975 -0.0053969685992619094 0.013649978921044182 0.0099356522427547674 0.00010693000883694738 -0.0044254604298849644 0.012020979168128321 -0.0064382264183421968 5.8357731271740933e-05 -0.0037002436722740617 -0.0001521096421882362 0.020106726780296215 -0.018572524024553162 -0.00017381973148362652 0.015934436340291926
leaf_weight=3345 25 24 53 20 28 39 35 46 20 25 28 25 37 25 20 29 24 47 30 1203 49 27 21 29 38 37 38 45 1590 25
leaf_count=3345 25 24 53 20 28 39 35 46 20 25 28 25 37 25 20 29 24 47 30 1203 49 27 21 29 38 37 38 45 1590 25
internal_value=-0.0119432 -8.14775e-05 -0.000157233 -0.000227085 0.00729167 -0.000327755 -0.000240657 0.00357143 0.000625 0.005 -0.000381679 -0.00613208 -0.000290784 -0.00339506 -0.00630081 -0.00412621 -0.000133187 0.00297357 -0.00410448 -0.00037112 -0.00878378 -0.000272109 -0.0045082 -0.00815789 0.0059375 0.00952381 0.00197368 -0.0121212 -8.87154e-05 -0.000820433
internal_weight=7027 3682 3657 3633 48 3585 3532 126 80 45 3406 53 3353 162 123 103 3191 227 67 2964 74 2940 122 95 160 84 76 66 2818 1615
internal_count=7027 3682 3657 3633 48 3585 3532 126 80 45 3406 53 3353 162 123 103 3191 227 67 2964 74 2940 122 95 160 84 76 66 2818 1615
is_linear=0
shrinkage=0.05


Tree=169
num_leaves=31
num_cat=0
split_feature=18 4 18 0 4 17 12 12 17 12 5 10 5 4 12 15 1 5 3 6 14 17 17 4 15 18 15 2 6 6
split_gain=433.904 1.24549 1.06136 1.06513 0.830211 0.929213 0.662171 1.96331 1.67296 1.64614 2.12246 1.57657 1.19118 1.16464 1.01399 0.912388 1.88488 0.821797 1.35577 1.32549 1.69154 1.87755 2.52595 1.7311 1.41637 1.36452 1.35901 1.27227 1.13121 0.992324
threshold=1.0000000180025095e-35 1.7000000000000004 82.16717085159452 796.50000000000011 2.5500000000000003 8.7454516935037496 109.12481569082722 104.12839838725431 30.067846226283365 113.70623384080967 58.500000000000007 0.20931464596304869 38.500000000000007 14.750000000000002 102.4061476566044 49.069419881761959 430.75000000000006 67.500000000000014 31.750000000000004 32.500000000000007 55.562957785498142 27.766965740350798 30.097457840654226 5.1500000000000012 65.966577523730351 69.793192306935694 55.252009209345935 348.50000000000006 74.500000000000014 37.500000000000007
decision_type=2 2 2 2 2 2 2 2 2 2 2 2 2 2 2 2 2 2 2 2 2 2 2 2 2 2 2 2 2 2
left_child=-1 -2 4 -4 -3 -6 7 11 13 10 12 14 -8 -9 15 16 -7 19 -19 -11 23 24 25 -21 26 -23 28 29 -22 -25
right_child=1 2 3 -5 5 6 9 8 -10 17 -12 -13 -14 -15 -16 -17 -18 18 -20 20 21 22 -24 27 -26 -27 -28 -29 -30 -31
leaf_value=-9.5588348106530519e-06 0.0017052842986963414 -0.0017498976812291289 -0.0024548731965836623 0.030264829067978029 0.0027463844232625601 -3.8219862723498646e-05 0.0029949519486612178 -0.013757621855744518 0.00023492780726783736 9.394575203254264e-05 -0.0071783019086442135 -0.00034173240953762622 0.010306157482937284 -0.0011889789333669578 0.0028144286224740969 -0.0035592873273436968 0.012022706396343353 0.00010272098504762185 0.0028550014216765732 -0.01002147999920382 -0.00059673919810716576 0.010620156510680091 -0.0094782083871400857 -0.0067747061148649484 -0.0077481664935959323 -0.0013046246751187596 -7.0479082746821575e-05 0.031534519140473449 -0.012479991302781102 4.6750759881319941e-05
leaf_weight=3345 25 54 34 50 23 637 34 33 25 1544 20 25 34 40 33 55 20 205 26 33 28 41 50 21 38 29 62 23 37 403
leaf_count=3345 25 54 34 50 23 637 34 33 25 1544 20 25 34 40 33 55 20 205 26 33 28 41 50 21 38 29 62 23 37 403
internal_value=-0.0119646 -0.000122216 -0.00019825 0.00535714 -0.000328855 -0.000234442 -0.000300343 -0.0014977 -0.00816327 9.51294e-05 0.00681818 -0.000649351 0.0110294 -0.0119863 -0.000234899 -0.000632022 -0.000114155 -0.000137795 0.00270563 -0.000422261 -0.00212418 -0.00517544 -0.000416667 -0.0003125 -0.00863636 0.00571429 -0.00610236 0.000503356 -0.0111538 -0.000117925
internal_weight=7027 3682 3657 84 3573 3519 3496 868 98 2628 88 770 68 73 745 712 657 2540 231 2309 765 285 120 480 165 70 127 447 65 424
internal_count=7027 3682 3657 84 3573 3519 3496 868 98 2628 88 770 68 73 745 712 657 2540 231 2309 765 285 120 480 165 70 127 447 65 424
is_linear=0
shrinkage=0.05


Tree=170
num_leaves=31
num_cat=0
split_feature=18 4 17 14 12 3 10 10 2 4 10 16 16 16 10 18 13 13 4 17 9 16 16 12 11 3 10 16 9 4
split_gain=433.43 1.24854 1.09165 0.957556 0.768864 1.52215 1.48369 1.13108 0.933181 0.970773 0.873654 1.06669 2.00459 1.30242 0.812161 0.795021 3.61912 2.07445 1.33075 1.3285 0.903677 1.90032 1.43027 1.13505 1.34116 1.7145 2.08547 1.14029 0.880764 1.59861
threshold=1.0000000180025095e-35 1.7000000000000004 8.7454516935037496 83.695343200843851 203.19880857529418 19.650000000000002 0.99164058729498161 0.93225468035816139 352.50000000000006 2.8500000000000001 0.70860043010605911 20.544378188792805 17.387495743191291 21.45465236956024 0.65837719692149965 1.6444520525020312 0.028901772731160725 0.050286918463284168 10.850000000000003 27.347605540849703 -0.83113983907127287 23.059388910053148 22.480631958384027 260.86620183207839 58.75606700420277 35.350000000000001 0.16704543776228128 21.044538079412337 -0.12020359228713753 22.750000000000004
decision_type=2 2 2 2 2 2 2 2 2 2 2 2 2 2 2 2 2 2 2 2 2 2 2 2 2 2 2 2 2 2
left_child=-1 -2 -3 4 6 -6 7 10 9 -7 14 12 -12 -13 -4 16 19 18 -17 -11 21 22 23 24 25 -19 27 -27 29 -22
right_child=1 2 3 -5 5 8 -8 -9 -10 15 11 13 -14 -15 -16 17 -18 20 -20 -21 28 -23 -24 -25 -26 26 -28 -29 -30 -31
leaf_value=-9.0808930701203983e-06 0.0016200200837616309 0.0019179443255245565 -0.00010410212298772592 0.015474396863560358 0.0042430911424469588 -0.0071884823030732075 -0.027745221730891868 0.0022477461978000603 0.0053686799760107821 0.00048385713007487733 -0.0022035355479964381 -0.010788365363688969 0.0010865521741109773 -0.00022924947857645429 0.0090304924711360531 0.00079304774383376917 -0.0093144689811369922 -0.0042192813772468311 0.00027920470187295935 -0.00026479859376558369 -0.0004376812075200576 0.025294206053738933 -0.0014582677129828525 0.0034916152069650597 0.028545016455874261 -0.0045735630321654952 0.015880420136882734 0.0036104388481852825 2.9482107025735618e-05 -0.015805639259315642
leaf_weight=3345 25 24 1579 28 50 26 36 82 38 33 33 31 41 39 24 20 21 30 41 36 253 20 26 51 23 39 27 44 931 31
leaf_count=3345 25 24 1579 28 50 26 36 82 38 33 33 31 41 39 24 20 21 30 41 36 253 20 26 51 23 39 27 44 931 31
internal_value=-0.0119717 -0.000135796 -0.000211922 -0.000282136 -0.000353675 0.000402299 -0.00105898 -0.000861126 0.000147929 -3.02663e-05 -0.00113051 -0.00486111 -0.000675676 -0.00928571 -0.000795384 0.000123001 -0.00444444 0.000390625 0.00942623 0.00108696 1.69492e-05 0.00269231 0.00145833 0.00280374 0.000766871 -0.00107143 0.00181818 -0.00210843 -0.000555556 -0.00299296
internal_weight=7027 3682 3657 3633 3605 1740 1865 1829 1690 1652 1747 144 74 70 1603 1626 90 1536 61 69 1475 260 240 214 163 140 110 83 1215 284
internal_count=7027 3682 3657 3633 3605 1740 1865 1829 1690 1652 1747 144 74 70 1603 1626 90 1536 61 69 1475 260 240 214 163 140 110 83 1215 284
is_linear=0
shrinkage=0.05


Tree=171
num_leaves=31
num_cat=0
split_feature=18 4 9 18 15 11 11 15 6 1 10 4 10 5 12 6 4 4 14 1 2 2 11 11 6 5 5 1 0 18
split_gain=428.238 1.28226 1.29868 0.93211 0.902858 1.15668 1.13361 1.62274 1.87221 1.81872 1.56154 3.4381 2.54361 1.82008 1.41744 1.58729 1.5846 2.10773 1.71214 1.3721 2.26039 1.4004 1.52817 1.76605 1.65281 1.26877 1.55531 1.20292 1.18059 1.16412
threshold=1.0000000180025095e-35 1.7000000000000004 -0.99273952934267318 85.285009830143608 0.14690278490434797 3.7387788736187768 15.292876761204198 17.107428884324772 59.500000000000007 303.2000000000001 0.99164058729498161 11.850000000000003 0.93834263341299773 61.500000000000007 229.85809713751632 71.500000000000014 3.8500000000000001 5.1500000000000012 54.335452462735326 408.75000000000006 199.50000000000003 348.50000000000006 39.485989132386152 66.080913070914121 91.500000000000014 32.500000000000007 46.500000000000007 33.350000000000001 624.50000000000011 27.254796689256114
decision_type=2 2 2 2 2 2 2 2 2 2 2 2 2 2 2 2 2 2 2 2 2 2 2 2 2 2 2 2 2 2
left_child=-1 -2 -3 4 5 -4 -6 9 10 27 12 -12 -9 -14 15 -10 -17 -18 19 21 -21 22 29 24 -24 -16 -27 -8 -20 -19
right_child=1 2 3 -5 6 -7 7 8 14 -11 11 -13 13 -15 25 16 17 18 28 20 -22 -23 23 -25 -26 26 -28 -29 -30 -31
leaf_value=-8.6268484166143797e-06 0.0015390190795734782 -0.00036974614784002213 -0.00011335959325305436 0.041235613109689956 -0.00010987764969630498 0.0005648785739168716 0.0042191392454886236 0.00015755043947862646 -0.011489559234095026 0.014566701310815944 -0.034103578296207894 0.024237858040819838 0.0082629275993305381 0.072575599605433014 0.00094447873688121577 0.0019512970871318203 -0.030875258396729246 -0.0068737441968949042 0.00011248286098535232 -0.01858064906559136 0.0079934947644822781 0.0012254879235729988 -0.00061385482529168205 0.0012493688707976959 -0.012077097790399227 -0.0034621405471796153 0.0002225505411956874 0.00022093760210364357 -0.0026708925218645874 0.017647533413442853
leaf_weight=3345 25 165 22 28 664 29 25 1642 37 21 28 20 64 24 120 27 20 25 23 20 35 26 25 29 58 64 78 238 76 24
leaf_count=3345 25 165 22 28 664 29 25 1642 37 21 28 20 64 24 120 27 20 25 23 20 35 26 25 29 58 64 78 238 76 24
internal_value=-0.01205 -0.000285171 -0.000362319 -0.000157503 -0.000230947 0.00637255 -0.000329622 0.000118225 -0.000294118 0.00369718 0.00056243 -0.00833333 0.000809249 0.00909091 -0.00251092 -0.00429412 -0.00335052 -0.00422438 -0.00329912 -0.00103306 0.00590909 -0.00307487 -0.00481366 -0.00803571 -0.011747 0.000381679 -0.0028169 0.00256654 -0.00883838 0.00255102
internal_weight=7027 3682 3657 3492 3464 51 3413 2749 2465 284 1778 48 1730 88 687 425 388 361 341 242 55 187 161 112 83 262 142 263 99 49
internal_count=7027 3682 3657 3492 3464 51 3413 2749 2465 284 1778 48 1730 88 687 425 388 361 341 242 55 187 161 112 83 262 142 263 99 49
is_linear=0
shrinkage=0.05


Tree=172
num_leaves=31
num_cat=0
split_feature=18 4 9 11 15 11 10 15 6 0 17 18 18 11 0 16 6 16 4 9 3 16 2 16 2 0 16 17 9 5
split_gain=430.594 1.26687 1.16187 0.957184 1.52032 1.84044 1.70865 1.6095 1.45611 2.26276 3.13707 2.32759 2.05388 1.41698 1.5344 1.59372 1.56507 2.30458 1.51316 1.3989 1.30256 1.29276 2.04186 1.90754 2.17797 1.70496 1.69695 1.41433 1.39309 1.2439
threshold=1.0000000180025095e-35 1.7000000000000004 -0.99273952934267318 15.747718155297029 16.828496977471108 19.850591622734637 0.99164058729498161 8.9079150724814919 27.500000000000004 259.50000000000006 27.889037661340694 21.120544749051671 22.396111405465437 7.2105124014547171 89.500000000000014 21.387519851196689 74.500000000000014 18.763235649471827 18.650000000000002 0.91927745688801432 30.650000000000002 19.132205199484385 43.500000000000007 20.219473845828855 102.50000000000001 131.50000000000003 20.572933230414282 30.874830519539429 0.15855791680139919 29.500000000000004
decision_type=2 2 2 2 2 2 2 2 2 2 2 2 2 2 2 2 2 2 2 2 2 2 2 2 2 2 2 2 2 2
left_child=-1 -2 -3 13 7 29 8 20 9 10 -7 -11 -13 14 15 16 -4 -18 19 -17 -5 22 -15 -23 26 -24 -25 28 -28 -6
right_child=1 2 3 4 5 6 -8 -9 -10 11 -12 12 -14 21 -16 18 17 -19 -20 -21 -22 23 25 24 -26 -27 27 -29 -30 -31
leaf_value=-8.1955059957836609e-06 0.0014620681255948398 -0.00035125884044802104 -3.1446892476960644e-05 0.00041257685123319288 0.0017674684278741637 -0.0088289928348951104 -0.032398399381397346 0.0057732453497501895 -0.00058991439754452202 0.0071963168218464272 0.0049232864482670283 -0.010462726749587148 0.00059943752700988286 -0.0020714326721842482 0.0090189717262896037 -0.0016796181360233323 -2.164900397976233e-05 0.00036662007162486799 0.00016819572704149905 2.5500594158822667e-05 -0.000984751230882175 -0.0047933654583974146 0.0040318549626189972 0.0044332897259636737 0.002259367547659341 -0.0029039339850866598 -0.00038357874555905447 0.00019488911527965058 -0.0039023734500571064 0.031453838979919269
leaf_weight=3345 25 165 172 52 34 36 36 136 898 24 25 57 1345 20 32 53 29 39 21 23 69 45 44 20 49 21 53 37 74 48
leaf_count=3345 25 165 172 52 34 36 36 136 898 24 25 57 1345 20 32 53 29 39 21 23 69 45 44 20 49 21 53 37 74 48
internal_value=-0.0120144 -0.000217273 -0.000293957 -0.000100229 0.000326087 -4.99401e-05 -0.000299463 0.00398833 -0.000136268 0.000823806 -0.00860656 0.00122721 0.00096291 -0.00170765 0.000474255 -0.000519288 0.00166667 0.00808824 -0.00592784 -0.00921053 -0.000206612 -0.00392562 0.00147059 -0.00557554 -0.00375536 0.00576923 -0.00625 -0.00792683 -0.0104331 0.00731707
internal_weight=7027 3682 3657 3492 2760 2503 2421 257 2385 1487 61 1426 1402 732 369 337 240 68 97 76 121 363 85 278 233 65 184 164 127 82
internal_count=7027 3682 3657 3492 2760 2503 2421 257 2385 1487 61 1426 1402 732 369 337 240 68 97 76 121 363 85 278 233 65 184 164 127 82
is_linear=0
shrinkage=0.05


Tree=173
num_leaves=31
num_cat=0
split_feature=18 4 18 2 17 17 16 16 16 17 4 6 14 13 4 5 16 17 2 15 15 0 15 17 3 7 17 4 6 9
split_gain=433.904 1.24549 0.940146 0.775597 0.724628 1.26853 0.849863 0.767428 0.732865 1.93436 1.5028 1.28926 1.00145 2.17431 2.05155 1.93384 1.66097 1.56574 1.57631 1.97819 1.44837 2.20937 2.47446 2.0574 2.84384 1.3735 1.17125 1.4971 1.34858 0.971645
threshold=1.0000000180025095e-35 1.7000000000000004 85.285009830143608 387.50000000000006 8.7454516935037496 15.829891493726066 12.788438098145186 13.222423856201408 19.480638345519537 27.338497926644202 28.850000000000005 31.500000000000004 45.129078675274251 0.86691701502090135 17.350000000000005 44.500000000000007 19.195432386273641 25.090853119604976 297.50000000000006 39.460743967497642 25.770948233728515 145.50000000000003 7.2407751547609633 20.974846503015574 30.650000000000002 0.25881904510252091 23.905429244499505 8.2500000000000018 33.500000000000007 -0.25534383660447119
decision_type=2 2 2 2 2 2 2 2 2 2 2 2 2 2 2 2 2 2 2 2 2 2 2 2 2 2 2 2 2 2
left_child=-1 -2 3 4 -3 -6 -7 -8 9 10 12 -11 13 14 17 16 26 18 19 20 21 22 23 -9 -25 -17 28 -28 -14 -21
right_child=1 2 -4 -5 5 6 7 8 -10 11 -12 -13 15 -15 -16 25 -18 -19 -20 29 -22 -23 -24 24 -26 -27 27 -29 -30 -31
leaf_value=-7.7857306959944767e-06 0.001388964719315311 0.0018973748141617121 0.03917359437596879 0.007352245855843798 -0.0071068332953569168 0.0064723846845243576 -0.00050476446418177277 -0.0026948986492172592 -0.00013029452562278722 0.044252857462409881 0.0058806144619566016 0.0016389613675163118 0.00048191118129761181 0.0285310613566363 -0.00090878255056068289 0.0031057243350289809 0.002537814474369249 0.0020832080824450595 0.014438369072330738 -0.017099557666115751 0.0052961968081673312 -0.0033448136003014998 0.013084685614634051 0.00099773745014609125 -3.0315439067885033e-05 -0.0099105149474711506 -0.0029655517692646072 -0.016469704277479024 -0.0060190816165761165 -0.0038746517314284913
leaf_weight=3345 25 24 28 22 36 39 30 25 2651 21 27 20 52 29 133 63 40 36 20 20 47 75 21 22 41 20 29 24 40 22
leaf_count=3345 25 24 28 22 36 39 30 25 2651 21 27 20 52 29 133 63 40 36 20 20 47 75 21 22 41 20 29 24 40 22
internal_value=-0.0119646 -0.000122216 -0.00019825 -0.000268669 -0.000325755 -0.000383757 -0.000288977 -0.000370582 -0.000301898 0.000997582 0.000445293 0.0115854 3.29381e-05 0.00137475 0.000541126 -0.00242537 -0.00527027 0.00265957 0.00145051 0.000457875 0.00227273 0.000271739 0.00481651 0.00113636 0.00595238 0.00391566 -0.00775862 -0.0136792 -0.00434783 -0.00952381
internal_weight=7027 3682 3657 3629 3607 3583 3547 3508 3478 827 786 41 759 491 462 268 185 329 293 273 231 184 109 88 63 83 145 53 92 42
internal_count=7027 3682 3657 3629 3607 3583 3547 3508 3478 827 786 41 759 491 462 268 185 329 293 273 231 184 109 88 63 83 145 53 92 42
is_linear=0
shrinkage=0.05


Tree=174
num_leaves=31
num_cat=0
split_feature=18 18 4 4 3 6 11 12 10 4 10 14 10 17 12 12 3 16 17 13 14 12 17 4 4 15 17 12 15 15
split_gain=428.238 0.958088 0.881335 0.877388 1.76455 0.743306 0.822609 1.03531 1.37907 2.61597 1.2893 1.24378 0.996635 1.05915 0.915748 1.46803 1.58188 1.3095 1.81019 1.50979 1.30124 1.28395 1.24886 1.06382 1.1808 1.16185 1.04274 0.894936 0.887416 1.34079
threshold=1.0000000180025095e-35 85.285009830143608 1.7000000000000004 3.4500000000000006 35.050000000000004 7.5000000000000009 1.1403805686558013 192.75880728777858 0.97308229207007269 13.050000000000002 0.77756834408811371 72.490059283268621 -0.99049576193482802 32.849889944089107 256.72996899572246 262.79509629855994 37.050000000000004 21.412373182850455 25.886778583209672 0.38148131349782294 49.707586054855874 281.6369979513733 27.608192364448588 8.3500000000000032 5.8500000000000005 37.7674427782324 25.192669749271449 268.24075522410413 77.740831887334039 58.839478826725802
decision_type=2 2 2 2 2 2 2 2 2 2 2 2 2 2 2 2 2 2 2 2 2 2 2 2 2 2 2 2 2 2
left_child=-1 2 -2 4 -4 6 -5 11 10 -10 14 12 -8 -14 20 16 -16 18 21 -20 -9 -17 -19 24 -22 -25 -23 -24 29 -27
right_child=1 -3 3 5 -6 -7 7 8 9 -11 -12 -13 13 -15 15 17 -18 22 19 -21 23 26 27 25 -26 28 -28 -29 -30 -31
leaf_value=-7.3964441611947537e-06 0.0013195164833497586 0.037214914657170438 -8.8109716452111633e-05 -0.00032902433620727315 -0.012623815184382537 -0.00013640367937287624 -0.0028448495528646148 0.024753163370138956 -0.0069440247031153039 0.091849180585171386 -0.0056693806374847003 -0.01545750650474993 6.4315128172043329e-05 -0.0037238870555156402 -0.0062778007459396434 0.020899594459829276 -0.00014751053397841219 0.0056268250132155201 0.0003142122640400147 -0.0099449335417684647 0.011405854671737005 -0.00091259355161138478 0.0078783577733147602 -0.0027163502708972944 -0.005973740141700646 0.027120402925653764 0.0021529138965575181 -0.00052535995783866698 0.055544151822993375 0.0045852745106316206
leaf_weight=3345 25 28 82 54 36 1898 26 22 22 26 37 38 829 26 21 36 37 24 26 36 28 20 24 23 36 41 21 33 22 105
leaf_count=3345 25 28 82 54 36 1898 26 22 22 26 37 38 829 26 21 36 37 24 26 36 28 20 24 23 36 41 21 33 22 105
internal_value=-0.01205 -0.000285171 -0.000355774 -0.000420226 -0.00466102 -0.000277699 0.000511469 0.000721616 0.00226562 0.0104167 0.00160473 -0.000353645 2.83768e-05 0.000321637 0.00220721 0.000179856 -0.00689655 0.00204545 -0.000899281 -0.00725806 0.00424188 0.00422078 0.00709877 0.00323529 -0.00234375 0.00510471 -0.00182927 0.00307018 0.00654762 0.00513699
internal_weight=7027 3682 3654 3629 118 3511 1613 1559 640 48 592 919 881 855 555 278 58 220 139 62 277 77 81 255 64 191 41 57 168 146
internal_count=7027 3682 3654 3629 118 3511 1613 1559 640 48 592 919 881 855 555 278 58 220 139 62 277 77 81 255 64 191 41 57 168 146
is_linear=0
shrinkage=0.05


Tree=175
num_leaves=31
num_cat=0
split_feature=18 15 17 6 17 2 14 4 9 15 14 14 5 16 16 4 3 10 16 10 5 4 15 1 17 5 17 17 12 14
split_gain=429.651 0.959045 1.10205 1.11364 0.942229 1.99446 1.59788 1.03202 1.00035 2.0554 1.23965 0.963333 0.691892 0.723162 2.75726 2.01862 2.59258 2.43017 2.268 1.56492 1.45922 1.43632 1.45614 1.38433 1.133 1.86041 1.05935 0.968259 0.958647 1.11582
threshold=1.0000000180025095e-35 0.35294841394985871 26.36323305391053 3.5000000000000004 19.74084454406945 46.500000000000007 36.262863010170612 18.050000000000004 -0.58077876009839879 16.156765579668633 26.78785378154301 14.504889835249053 6.5000000000000009 19.092542169704419 19.012620085313646 10.050000000000002 23.350000000000005 0.21771516573566849 18.717095282344332 -0.93533330245768853 36.500000000000007 5.8500000000000005 46.819344971606732 118.2 24.22558966417655 32.500000000000007 24.359223861871126 24.535032685910583 222.68469882099899 36.262863010170612
decision_type=2 2 2 2 2 2 2 2 2 2 2 2 2 2 2 2 2 2 2 2 2 2 2 2 2 2 2 2 2 2
left_child=-1 2 -2 -4 5 -3 8 -8 9 -7 11 -10 -6 14 15 18 -17 19 21 -18 -20 -14 23 -23 25 -15 -26 -28 29 -21
right_child=1 4 3 -5 12 6 7 -9 10 -11 -12 -13 13 24 -16 16 17 -19 20 28 -22 22 -24 -25 26 -27 27 -29 -30 -31
leaf_value=-7.0266219531350155e-06 0.00032707643920325551 -0.0039314374310263269 0.00013076061367833046 -0.00043080530580934652 0.0030065841827410901 0.0059584829083142226 -0.0048065119219039337 -2.4017508987839167e-06 0.0019769905599232641 -0.014691603829877043 0.0039253913395457477 -0.013224124925332426 0.00013271605842746226 0.00086869756545668872 0.0058581700909257966 0.0099486602937652446 -0.0029284683297588487 -0.015164532639198364 -0.0037333330595635595 0.00062279203510955399 0.00084515237257551954 0.0024922179278180859 0.028942482238700152 0.00036801413413614095 0.0016146393895380752 -0.0036806259029109611 -0.0018201003582571929 -7.9042478250537784e-05 0.0020636251086526059 -0.0023191775376361079
leaf_weight=3345 52 28 22 22 31 28 33 20 30 24 21 20 39 32 26 36 84 36 22 56 28 23 33 30 38 51 39 2644 85 49
leaf_count=3345 52 28 22 22 31 28 33 20 30 24 21 20 39 32 26 36 84 36 22 56 28 23 33 30 38 51 39 2644 85 49
internal_value=-0.0120286 -0.000244432 0.0046875 -0.00113636 -0.000376464 -0.00367647 -0.00170455 -0.00896226 0.00142276 -0.00384615 0.00528169 0.001 -0.00017741 -0.000246195 0.00141682 0.0006238 -0.0015896 -0.00306452 0.005 -0.00145985 -0.004 0.0086 0.0122093 0.00707547 -0.000570613 -0.0063253 -0.000395075 -0.000512486 0.00105263 -0.00214286
internal_weight=7027 3682 96 44 3586 204 176 53 123 52 71 50 3382 3351 547 521 346 310 175 274 50 125 86 53 2804 83 2721 2683 190 105
internal_count=7027 3682 96 44 3586 204 176 53 123 52 71 50 3382 3351 547 521 346 310 175 274 50 125 86 53 2804 83 2721 2683 190 105
is_linear=0
shrinkage=0.05


Tree=176
num_leaves=31
num_cat=0
split_feature=18 15 13 13 18 18 2 18 13 15 3 6 9 12 9 15 0 0 18 2 15 6 9 18 0 1 3 13 4 9
split_gain=429.651 1.11433 1.4009 1.71094 1.92479 3.43382 3.62931 2.6743 1.64103 1.92308 1.52905 1.27661 1.68672 1.23968 1.12201 1.10025 0.972495 2.74372 2.75686 3.33391 2.05784 1.63588 1.33199 1.24618 3.55949 1.35895 1.29057 2.40195 2.36972 3.01819
threshold=1.0000000180025095e-35 0.70748362666980424 0.034437018609096537 0.051787452841669718 3.4530842455602673 4.3732017446696894 55.500000000000007 5.4574946968981326 0.028901772731160725 1.104857663302558 12.050000000000002 98.500000000000014 -0.98801351631316325 291.15166151969134 -0.93380263866670532 5.5959669674703649 108.50000000000001 92.500000000000014 6.3425238804615178 67.500000000000014 8.9079150724814919 51.500000000000007 0.74981945761428193 8.3957515510129301 131.50000000000003 16.850000000000005 20.250000000000004 0.33178218321226799 13.050000000000002 0.12447811117596704
decision_type=2 2 2 2 2 2 2 2 2 2 2 2 2 2 2 2 2 2 2 2 2 2 2 2 2 2 2 2 2 2
left_child=-1 -2 8 11 -5 14 7 -7 9 -3 -8 12 -4 -14 -6 -9 17 18 19 21 -18 -12 -19 -22 -25 -26 27 -27 29 -29
right_child=1 2 3 4 5 6 10 15 -10 -11 16 -13 13 -15 -16 -17 20 22 -20 -21 23 -23 -24 24 25 26 -28 28 -30 -31
leaf_value=-6.6752908554782643e-06 7.9706194973546557e-05 -0.00049881030366180081 0.00068193599749957203 -0.00056595428399355276 0.00093176612688905536 -0.013309054928912479 0.036549275671364255 -0.0023397830729277257 -0.0059861156897946521 0.001057612506522021 -0.0011764698955473163 0.00023977198894480358 -0.0003961049529435601 0.00015379398615135155 0.010970293314403023 0.0013016647851817665 -0.0043710232642245831 0.0034072808733726315 -0.010688842069351301 0.0067784842853440891 -0.0044297032458886498 0.00073591816152984713 7.5279033481923108e-05 0.031630464562191832 -0.0026548393368541314 -0.010423158317947845 -1.0728554202543706e-05 -0.043228394974039477 0.018675389899749463 -0.0012263811862544217
leaf_weight=3345 152 26 21 35 21 28 34 30 26 26 22 23 30 38 20 34 79 41 35 21 23 23 37 21 21 21 2622 25 35 112
leaf_count=3345 152 26 21 35 21 28 34 30 26 26 22 23 30 38 20 34 79 41 35 21 23 23 37 21 21 21 2622 25 35 112
internal_value=-0.0120286 -0.000244432 -0.000424929 -0.000275203 -0.000479042 -0.000355522 -0.000536152 -0.0103261 -0.00705128 -0.00192308 -0.000252207 0.00580357 0.00308989 -0.000735294 0.0140244 -0.0046875 -0.000366475 0.00321229 -0.00222772 0.00378788 -0.000582967 -0.00388889 0.0102564 -0.000364583 -0.000271264 -0.000423131 -0.000328597 -0.00427461 -0.00232558 -0.00529197
internal_weight=7027 3682 3530 3452 3340 3305 3264 92 78 52 3172 112 89 68 41 64 3138 179 101 66 2959 45 78 2880 2857 2836 2815 193 172 137
internal_count=7027 3682 3530 3452 3340 3305 3264 92 78 52 3172 112 89 68 41 64 3138 179 101 66 2959 45 78 2880 2857 2836 2815 193 172 137
is_linear=0
shrinkage=0.05


Tree=177
num_leaves=31
num_cat=0
split_feature=18 12 17 2 14 18 0 0 5 17 2 3 16 17 16 6 4 2 4 17 16 3 15 18 1 18 0 9 2 15
split_gain=427.297 0.886641 1.0916 1.72464 1.13794 3.4916 1.46755 1.76837 1.57183 1.55786 1.63787 1.86029 1.20215 1.26436 1.4596 1.11686 1.10395 2.08795 1.37987 1.15227 1.11678 2.03658 1.07604 1.69144 2.29242 1.84614 1.52111 1.3901 1.28271 1.53175
threshold=1.0000000180025095e-35 175.45503636807521 32.860689632292377 146.50000000000003 37.382322533017664 59.245073550190774 703.50000000000011 719.50000000000011 57.500000000000007 29.711755334508066 173.50000000000003 28.050000000000004 20.93738955029368 22.847587163759652 19.539191340334892 97.500000000000014 12.950000000000001 309.50000000000006 7.2500000000000009 28.655065184330507 20.685615849372859 38.250000000000007 52.935868900557828 43.174417201818464 333.15000000000003 34.86358411418319 565.50000000000011 -0.58077876009839879 215.50000000000003 22.265533624089866
decision_type=2 2 2 2 2 2 2 2 2 2 2 2 2 2 2 2 2 2 2 2 2 2 2 2 2 2 2 2 2 2
left_child=-1 2 4 -4 5 22 9 -8 15 12 -11 -12 13 -6 -15 16 17 18 19 -9 21 -18 23 24 25 28 -24 -25 29 -2
right_child=1 -3 3 -5 6 -7 7 8 -10 10 11 -13 -14 14 -16 -17 20 -19 -20 -21 -22 -23 26 27 -26 -27 -28 -29 -30 -31
leaf_value=-6.3415263127043519e-06 -3.3819814223436109e-06 4.1979328205421498e-05 -0.0013224042056568588 0.00010924968925856149 -0.0049026078550218344 0.043380670207309541 0.010703642918946344 0.011456116500982461 0.0091293867204203846 0.017417830990169136 -0.023027100074684448 0.00030422089562183175 -0.016849575009162267 0.0080819746499244619 -0.0030407970544708007 -0.020351065179589511 -0.0067597115961874014 0.0019607201356176772 -0.0089351735320462918 -0.029447427492739566 0.002934293094489249 0.012265054578107738 -0.00040363736314468217 -0.01120940503728658 0.0046849096473488673 -0.019420155645734561 0.007949747601171708 -0.00064026296350014897 0.017362433950517796 -0.013760237841555334
leaf_weight=3345 590 1927 23 28 30 21 41 24 24 27 22 26 39 33 66 25 27 26 68 20 76 28 25 42 149 48 20 132 37 38
leaf_count=3345 590 1927 23 28 30 21 41 24 24 27 22 26 39 33 66 25 27 26 68 20 76 28 25 42 149 48 20 132 37 38
internal_value=-0.0120642 -0.00031233 -0.00112536 -0.00833333 -0.000909624 4.53721e-05 -0.00265781 -0.000626741 -0.00188679 -0.00565844 0.000333333 -0.00520833 -0.00833333 -0.00600775 -0.00328283 -0.00289116 -0.00195167 -0.00507246 -0.00803571 -0.00113636 0.00133588 -0.00409091 -0.000346901 -0.000675676 0.000232019 -0.000946704 0.00722222 -0.00517241 -0.000263158 -0.000796178
internal_weight=7027 3682 1755 51 1704 1102 602 359 318 243 75 48 168 129 99 294 269 138 112 44 131 55 1081 1036 862 713 45 174 665 628
internal_count=7027 3682 1755 51 1704 1102 602 359 318 243 75 48 168 129 99 294 269 138 112 44 131 55 1081 1036 862 713 45 174 665 628
is_linear=0
shrinkage=0.05


Tree=178
num_leaves=31
num_cat=0
split_feature=18 18 12 17 3 4 1 4 9 13 5 4 5 6 17 6 4 16 4 9 9 2 1 3 16 18 1 16 4 13
split_gain=426.827 0.966579 0.997225 1.45062 1.12434 0.979592 0.944603 0.983911 1.35464 1.37143 2.03298 1.20346 1.8264 2.30184 1.1677 2.18919 1.83802 1.225 1.13848 0.891692 1.1674 0.978913 1.25265 0.889047 0.867046 1.55127 2.09192 1.11102 1.00849 0.965151
threshold=1.0000000180025095e-35 85.285009830143608 203.19880857529418 32.860689632292377 19.650000000000002 12.050000000000002 11.350000000000003 5.1500000000000012 0.87379901192678244 0.11284262738057783 35.500000000000007 8.5500000000000025 78.500000000000014 5.5000000000000009 31.468587345967631 16.500000000000004 11.15 24.174850187917965 5.7500000000000009 0.74981945761428193 0.7025209685794126 165.50000000000003 412.55000000000001 33.550000000000004 16.728940579418651 34.86358411418319 73.950000000000017 19.092542169704419 9.1500000000000004 0.8848305238903712
decision_type=2 2 2 2 2 2 2 2 2 2 2 2 2 2 2 2 2 2 2 2 2 2 2 2 2 2 2 2 2 2
left_child=-1 2 3 6 -4 -5 -2 -8 11 -10 14 12 13 -9 15 16 -11 -16 -15 20 24 -21 -23 -17 25 26 -13 -26 -29 -27
right_child=1 -3 4 5 -6 -7 7 8 9 10 -12 19 -14 18 17 23 -18 -19 -20 21 -22 22 -24 -25 27 29 -28 28 -30 -31
leaf_value=-6.0244499970691334e-06 0.00011618416682561694 0.035356558509524308 0.0036878641038516182 -0.00092179516482375099 1.5178526632136924e-05 -0.0012562839953740162 -0.0017439756426114172 0.0042037205648718162 -0.00097710924474655883 0.022158172584458048 0.010604570411272586 -0.0014865705408429353 0.0026742532156709855 0.0085735403588387948 -0.0085052883367847439 0.0014612564896629766 0.0041410674162605686 0.0065280733566456918 -0.0015651910930018611 -3.4809296556456704e-06 0.0041582415062208613 -0.025350536180684814 -0.012663986889068113 -0.0060069703342877645 0.00096846981877618532 -0.026755830350456478 0.0098015980237738283 -0.010351842121729861 -0.00039624920933469812 -0.0008593568967382837
leaf_weight=3345 82 28 52 28 1734 21 171 121 40 24 52 23 27 22 20 38 50 20 78 45 34 21 52 36 120 22 32 21 638 30
leaf_count=3345 82 28 52 28 1734 21 171 121 40 24 52 23 27 22 20 38 50 20 78 45 34 21 52 36 120 22 32 21 638 30
internal_value=-0.0120713 -0.00032591 -0.000396825 -0.0012045 0.000447928 -0.00969388 -0.000975811 -0.00122337 -0.00083014 0.00232143 0.00375 -0.00151633 0.0016129 0.000113122 0.00132979 0.00337838 0.00945946 -0.00625 -0.0055 -0.00226397 -0.00173913 -0.00635593 -0.00993151 -0.0027027 -0.00208804 -0.00630841 -0.000454545 -0.00150834 -0.00231411 -0.0125
internal_weight=7027 3682 3654 1868 1786 49 1819 1737 1566 280 240 1286 248 221 188 148 74 40 100 1038 920 118 73 74 886 107 55 779 659 52
internal_count=7027 3682 3654 1868 1786 49 1819 1737 1566 280 240 1286 248 221 188 148 74 40 100 1038 920 118 73 74 886 107 55 779 659 52
is_linear=0
shrinkage=0.05


Tree=179
num_leaves=31
num_cat=0
split_feature=18 12 1 4 4 13 14 0 1 17 1 1 18 16 9 16 9 14 1 10 16 14 10 17 4 3 3 16 12 16
split_gain=425.888 1.05354 1.17908 1.24279 1.23143 1.14166 1.69596 2.29185 1.97169 1.92083 1.57748 1.56813 2.7003 1.81592 1.65092 1.56464 1.19293 1.15874 1.42227 2.45511 1.37645 2.56694 1.70182 1.22397 1.09537 1.65106 1.52818 1.03101 2.87859 1.20213
threshold=1.0000000180025095e-35 175.45503636807521 35.95000000000001 8.6500000000000004 13.550000000000002 0.11284262738057783 6.630797340928706 259.50000000000006 216.70000000000002 23.628646176800469 381.40000000000003 333.15000000000003 39.379248456559957 19.480638345519537 -0.33751039744763167 14.930233054352412 -0.95747632178960107 5.8306555302777854 81.050000000000011 -0.82389248692129191 21.088000487616952 2.6876011572969776 -0.30900554811238695 27.117595147965766 14.950000000000001 27.050000000000004 23.950000000000003 18.317493928459584 140.10259244728383 20.544378188792805
decision_type=2 2 2 2 2 2 2 2 2 2 2 2 2 2 2 2 2 2 2 2 2 2 2 2 2 2 2 2 2 2
left_child=-1 2 3 -2 -5 16 10 -8 9 -9 17 13 -13 14 -10 -14 -4 18 -7 -20 21 -21 -22 -23 25 26 -18 28 -17 -29
right_child=1 -3 5 4 -6 6 7 8 11 -11 -12 12 15 -15 -16 27 24 -19 19 20 22 23 -24 -25 -26 -27 -28 29 -30 -31
leaf_value=-5.7232274972156773e-06 0.0005713050086475803 3.9121435463540526e-05 6.6169997974208083e-05 -0.00022285948050303623 0.00010211044557664196 0.0020983101758441426 -0.011944666934612869 -0.00058384407497040773 -0.0042858281350261155 0.0095983569122298114 0.047193692386443331 0.0073836006899291821 -0.011792567376700092 -0.012100287321484427 0.0063818624500058263 -0.0027061959529582681 -0.00047113635239899311 0.015747377092041149 -0.017074824437003411 0.0026351382835441586 0.0070046843909404195 -0.00036824932146508618 0.000675049941748096 -0.0087141696844306622 -0.0034362854545425315 0.0011420166473915306 -0.0075906549838541176 -0.0028080816884138216 0.031306266728989132 -0.0003483991057169789
leaf_weight=3345 28 1927 34 36 86 33 25 30 24 29 21 52 30 78 33 36 55 23 32 34 21 34 66 20 32 28 25 237 23 550
leaf_count=3345 28 1927 34 36 86 33 25 30 24 29 21 52 30 78 33 36 55 23 32 34 21 34 66 20 32 28 25 237 23 550
internal_value=-0.0120855 -0.000353069 -0.00123932 0.003 0.000819672 -0.00163551 -0.00117051 -0.00202703 -0.0016934 0.00720339 0.00228873 -0.00218721 -0.00145474 -0.00722222 -0.000438596 -0.00211187 -0.00545977 0.00123574 0.000208333 -0.0013285 0.001 -0.00340909 0.00545977 -0.0101852 -0.0075 -0.00509259 -0.00875 -0.00171395 0.00466102 -0.00219187
internal_weight=7027 3682 1755 150 122 1605 1431 1147 1122 59 284 1063 928 135 57 876 174 263 240 207 175 88 87 54 140 108 80 846 59 787
internal_count=7027 3682 1755 150 122 1605 1431 1147 1122 59 284 1063 928 135 57 876 174 263 240 207 175 88 87 54 140 108 80 846 59 787
is_linear=0
shrinkage=0.05


Tree=180
num_leaves=31
num_cat=0
split_feature=18 9 11 0 1 17 15 16 15 0 5 5 3 17 4 18 1 15 18 3 18 18 2 18 1 11 13 18 1 14
split_gain=432.011 0.960053 1.4679 1.59971 1.58595 1.08264 1.41715 0.837986 0.762916 1.20408 2.10838 0.895238 1.39725 0.870978 1.2344 0.795175 0.932865 1.15537 2.04123 3.55568 3.31389 3.40673 2.0381 2.35565 1.92009 1.77568 1.52269 1.51093 1.46025 1.38486
threshold=1.0000000180025095e-35 -0.99273952934267318 56.05731918080911 714.50000000000011 85.800000000000026 30.341185452886574 55.454172881944778 21.044538079412337 0.70748362666980424 13.500000000000002 56.500000000000007 67.500000000000014 30.850000000000005 15.829891493726066 15.050000000000002 0.82026626654499502 35.95000000000001 8.7747063781931871 17.685032753126457 37.850000000000001 19.707186428447081 21.120544749051671 95.500000000000014 22.103989396390279 253.75000000000003 28.465057462023129 0.29719632289024639 8.0413689877169379 165.90000000000003 15.649153525220122
decision_type=2 2 2 2 2 2 2 2 2 2 2 2 2 2 2 2 2 2 2 2 2 2 2 2 2 2 2 2 2 2
left_child=-1 2 3 4 -2 6 7 -6 9 11 -11 12 -3 14 -10 -15 -17 28 19 27 -20 25 -23 24 -24 26 -22 -19 29 -18
right_child=1 8 -4 -5 5 -7 -8 -9 13 10 -12 -13 -14 15 -16 16 17 18 20 -21 21 22 23 -25 -26 -27 -28 -29 -30 -31
leaf_value=-5.4370661223548938e-06 0.00011368407522858171 -0.00058294754141261505 -0.056922010232170098 0.013637706216307067 -0.019768322499951554 -0.0045504676262954295 0.0011734492484171356 -3.4701602086373297e-05 0.00035411354946540685 0.00077673735097607004 -3.20473057838111e-05 0.00014804550403261387 8.955563031333506e-05 -0.0023173719328428185 -0.014602795407570479 0.000250045339897953 -0.00044757953477905235 -6.1801857221754911e-05 -0.0063064224485892776 -0.0019380559127236464 0.00056273305799336981 0.036008962522090827 -0.029280014231551556 -2.8255534046905951e-05 -0.0080790787958296313 0.00010320699546628731 0.030929640441925879 0.011088495385330877 -0.0039568418448508334 0.00038265473067125024
leaf_weight=3345 21 36 22 21 25 23 22 34 20 30 27 24 34 20 27 177 249 32 86 70 24 29 24 2267 49 28 29 107 44 81
leaf_count=3345 21 36 22 21 25 23 22 34 20 30 27 24 34 20 27 177 249 32 86 70 24 29 24 2267 49 28 29 107 44 81
internal_value=-0.011993 -0.000176534 -0.00386905 -0.00205479 -0.0042 -0.00673077 -0.00401235 -0.00805085 0 0.00347682 0.00921053 0 -0.00285714 -0.000156111 -0.00691489 -6.03136e-05 0 -0.000200385 0.000154827 0.00490431 -0.000236593 0.000102041 -0.000242718 -0.000405983 -0.00924658 0.0101852 0.015566 0.00953237 -0.00280749 -0.00166667
internal_weight=7027 3682 168 146 125 104 81 59 3514 151 57 94 70 3363 47 3316 3296 3119 2745 209 2536 2450 2369 2340 73 81 53 139 374 330
internal_count=7027 3682 168 146 125 104 81 59 3514 151 57 94 70 3363 47 3316 3296 3119 2745 209 2536 2450 2369 2340 73 81 53 139 374 330
is_linear=0
shrinkage=0.05


Tree=181
num_leaves=31
num_cat=0
split_feature=18 14 11 16 1 13 1 1 4 17 5 0 12 0 0 18 10 15 13 3 0 14 14 4 0 14 4 4 1 14
split_gain=434.852 0.76028 1.9324 1.69257 1.43563 1.84308 3.35497 1.25914 1.60559 1.36151 1.78299 1.26725 1.15349 1.54726 1.56242 1.14694 1.1313 1.11243 1.06846 1.0166 1.40627 2.09411 1.52381 1.45805 1.43891 1.88272 1.51801 1.73783 2.22754 1.932
threshold=1.0000000180025095e-35 6.630797340928706 25.710511606760026 20.429694124348426 381.40000000000003 0.2557677537516248 303.2000000000001 73.950000000000017 8.4500000000000011 20.974846503015574 73.500000000000014 42.500000000000007 175.45503636807521 259.50000000000006 270.50000000000006 17.685032753126457 0.99164058729498161 0.47292095754029562 0.01752281746793273 17.850000000000005 316.50000000000006 17.325652384954012 7.6641788757136924 15.350000000000003 452.50000000000006 20.388247613539264 18.350000000000005 14.350000000000003 466.4500000000001 38.089430827342262
decision_type=2 2 2 2 2 2 2 2 2 2 2 2 2 2 2 2 2 2 2 2 2 2 2 2 2 2 2 2 2 2
left_child=-1 2 4 15 5 6 7 8 -2 -10 17 -9 13 -3 -15 -4 19 -11 -19 -16 22 23 -21 -22 -23 -26 27 29 -29 -27
right_child=1 12 3 -5 -6 -7 -8 11 9 10 -12 -13 -14 14 16 -17 -18 18 -20 20 21 24 -24 -25 25 26 -28 28 -30 -31
leaf_value=-5.1652128162371489e-06 0.00050173209614986613 -0.0095321003001505034 0.0044380693593452317 0.015730902306999629 0.043033559641016697 -0.0027888597542247598 0.014402660707323989 -0.0018427964201050973 -0.0029920590898240454 -0.00018145889042964493 0.00048211400052893265 -0.00035983714344267614 3.2240635529845461e-05 0.0026786331645294761 0.0080373158013800957 -0.0010224634432457692 -0.031846909349122397 0.00013671450222598746 -3.0165469464638053e-05 -0.00081672575414621924 0.0090459103073987635 -0.0071551592808898334 -0.01743680519089388 -0.00063068398314873879 0.0090229864107133299 0.0014801447877452745 0.00070009933116068626 -0.012949601482903007 -0.0010059913689218548 -0.0014702233988408864
leaf_weight=3345 43 32 29 29 21 46 21 23 22 35 21 180 1912 20 62 39 21 23 77 21 49 123 21 38 29 95 221 35 71 323
leaf_count=3345 43 32 29 29 21 46 21 23 22 35 21 180 1912 20 62 39 21 23 77 21 49 123 21 38 29 95 221 35 71 323
internal_value=-0.0119503 -9.5057e-05 0.00151888 0.00798969 0.000292969 -0.000254582 0.000730337 -0.000235849 0.00237557 0.000280899 0.00192308 -0.00307882 -0.000414904 -0.00165805 -0.00135075 0.00367647 -0.00160054 -0.000185185 0.0025 -0.00137868 -0.00175439 -0.00137195 -0.0107143 0.00603448 -0.0020903 -0.00129199 -0.00177852 -0.00324427 -0.00896226 -0.00179426
internal_weight=7027 3682 609 97 512 491 445 424 221 178 156 203 3073 1161 1129 68 1109 135 100 1088 1026 984 42 87 897 774 745 524 106 418
internal_count=7027 3682 609 97 512 491 445 424 221 178 156 203 3073 1161 1129 68 1109 135 100 1088 1026 984 42 87 897 774 745 524 106 418
is_linear=0
shrinkage=0.05


Tree=182
num_leaves=31
num_cat=0
split_feature=18 17 2 3 2 3 3 3 6 13 13 11 3 9 13 13 13 18 18 13 18 18 18 18 0 13 13 14 6 2
split_gain=435.326 1.06497 0.873639 1.79505 1.47513 0.809583 1.53082 0.870818 1.19964 1.01893 1.35176 1.17385 1.67937 1.01393 0.919318 2.85658 1.31721 2.39327 2.01642 3.07791 1.41297 1.0595 6.19856 3.27416 1.82915 2.44488 2.20486 1.68083 0.995502 1.53162
threshold=1.0000000180025095e-35 8.7454516935037496 353.50000000000006 35.150000000000013 340.50000000000006 9.0500000000000025 11.15 16.650000000000002 17.500000000000004 0.018359880627067459 0.022816176579953298 -3.5898876350544273 31.750000000000004 0.12447811117596704 0.028901772731160725 0.034437018609096537 0.053817355889724312 3.4530842455602673 4.3732017446696894 0.077261354399512303 2.7316563051499414 6.3425238804615178 6.8248233501713296 5.4574946968981326 108.50000000000001 0.11973806108421493 0.1472466874003607 0.14690278490434797 7.5000000000000009 300.50000000000006
decision_type=2 2 2 2 2 2 2 2 2 2 2 2 2 2 2 2 2 2 2 2 2 2 2 2 2 2 2 2 2 2
left_child=-1 -2 4 -4 5 -3 -7 8 13 11 -11 -9 -13 -8 -12 -16 20 -18 -19 -20 -17 23 -23 -21 25 -24 -26 -25 -28 -30
right_child=1 2 3 -5 -6 6 7 9 -10 10 14 12 -14 -15 15 16 17 18 19 21 -22 22 24 27 26 -27 28 -29 29 -31
leaf_value=-4.9069521754252915e-06 0.0027246925353422661 -0.0021220985098229987 0.00094334528567863174 -0.0024871635156067384 -0.0020233123721997261 0.016981747039246108 -0.013488707376535881 -4.0610951332574477e-05 -0.0017883424038391384 -0.00089929965804902987 0.0023140286727946768 3.9200689815602213e-05 0.0004481346476177539 0.0001578616604898997 -0.0070746147212890857 9.4655992758141408e-05 -0.00057485005507256219 0.0065757808441355486 -0.0086218489601002542 -0.0017539240668006384 0.0002801808033106812 -0.010995937830740177 -0.00059694302790980203 0.00013455435824822893 -0.0094848720007292275 0.0036515684681291296 0.00027349347285259283 0.016550890080244952 -0.00054964437348274946 0.00057321929548024284
leaf_weight=3345 24 30 39 21 32 24 21 23 35 26 28 70 20 65 28 93 23 37 23 38 32 29 34 23 44 48 1300 21 1238 213
leaf_count=3345 24 30 39 21 32 24 21 23 35 26 28 70 20 65 28 93 23 37 23 38 32 29 34 23 44 48 1300 21 1238 213
internal_value=-0.0119432 -8.14775e-05 -0.000150355 0.00583333 -0.000250139 -0.000154234 -8.48416e-05 -0.000170843 -0.00433884 -2.21174e-05 -0.000183038 0.00464602 0.00722222 -0.00116279 -9.22509e-05 -0.000170596 -3.12891e-05 -0.000236079 -0.000114829 -0.00025739 0.005 -0.000117135 -0.000275292 0.0054878 -4.3448e-05 0.00731707 -0.000259392 0.0147727 -8.17884e-05 -0.000982081
internal_weight=7027 3682 3658 60 3598 3566 3536 3512 121 3391 3278 113 90 86 3252 3224 3196 3071 3048 3011 125 2988 2906 82 2877 82 2795 44 2751 1451
internal_count=7027 3682 3658 60 3598 3566 3536 3512 121 3391 3278 113 90 86 3252 3224 3196 3071 3048 3011 125 2988 2906 82 2877 82 2795 44 2751 1451
is_linear=0
shrinkage=0.05


Tree=183
num_leaves=31
num_cat=0
split_feature=18 2 3 2 4 4 3 2 0 3 3 15 9 3 10 4 13 6 2 11 2 15 15 4 0 3 9 4 15 1
split_gain=436.75 0.841831 1.79505 1.50615 0.823271 1.25325 0.956191 0.800131 0.818182 0.762848 1.31124 1.76989 1.23209 1.39497 1.22412 3.45052 0.756807 1.35681 1.50718 1.86537 1.37982 1.27191 1.45606 1.32259 1.6875 1.18999 1.31805 1.14187 1.10364 1.34392
threshold=1.0000000180025095e-35 353.50000000000006 35.150000000000013 340.50000000000006 1.7000000000000004 3.4500000000000006 34.650000000000013 170.50000000000003 646.50000000000011 16.650000000000002 14.750000000000002 5.5959669674703649 0.12447811117596704 12.350000000000003 0.98662138620987927 12.950000000000001 0.99939540507859748 95.500000000000014 183.50000000000003 57.225135800768676 201.50000000000003 75.17490717958799 81.996375818153822 11.550000000000002 753.50000000000011 35.550000000000004 0.93535928755917841 6.4500000000000011 72.815203738611658 661.75000000000011
decision_type=2 2 2 2 2 2 2 2 2 2 2 2 2 2 2 2 2 2 2 2 2 2 2 2 2 2 2 2 2 2
left_child=-1 3 -3 4 -2 6 7 -6 -9 10 11 -7 -13 -14 16 -16 21 18 -18 20 -20 28 23 27 -25 26 -21 -23 -11 -30
right_child=1 2 -4 -5 5 9 -8 8 -10 14 -12 12 13 -15 15 -17 17 -19 19 25 -22 22 -24 24 -26 -27 -28 -29 29 -31
leaf_value=-4.6616045666540274e-06 0.0018800283820912256 0.00089617802139478901 -0.002362805339826224 -0.0019221467535896154 -0.00098409648799702154 -0.0010507544480181431 -0.0114808896430322 0.0049958910917835553 -0.00087167590947068163 -6.2507198650418871e-06 -0.004152923326007996 -0.010892964462408818 0.023126896859854543 -0.00048612333509598929 -0.025842090276503173 0.077899491890457292 -0.010510009757833318 -0.0026346165866783624 0.0094675138230023506 0.018862449615384771 0.026010397138322719 -0.0018988140270174371 0.021646077400662378 -0.0074171916243960471 0.032261029823945013 -0.0002281544049594686 -0.00060012077114670606 -0.01710006661761625 -0.00013226172580402818 0.032205610925712592
leaf_weight=3345 25 39 21 32 35 31 35 22 22 2753 55 20 35 33 22 28 24 29 23 42 34 23 22 24 24 126 20 39 21 23
leaf_count=3345 25 39 21 32 35 31 35 22 22 2753 55 20 35 33 22 28 24 29 23 42 34 23 22 24 24 126 20 39 21 23
internal_value=-0.0119219 -4.07387e-05 0.00583333 -0.000138045 -4.17827e-05 -0.000105189 -0.00526316 -0.00221519 0.00227273 6.51985e-05 -0.00316092 -0.000210084 0.00340909 0.00661765 0.000236497 0.008 0.000116207 0.00251678 0.00362454 0.00479592 0.0127193 -0.00012803 -0.00492424 -0.00727273 -0.00104167 0.00239362 0.00806452 -0.0120968 9.83196e-05 0.00795455
internal_weight=7027 3682 60 3622 3590 3565 114 79 44 3451 174 119 88 68 3277 50 3227 298 269 245 57 2929 132 110 48 188 62 62 2797 44
internal_count=7027 3682 60 3622 3590 3565 114 79 44 3451 174 119 88 68 3277 50 3227 298 269 245 57 2929 132 110 48 188 62 62 2797 44
is_linear=0
shrinkage=0.05


Tree=184
num_leaves=31
num_cat=0
split_feature=2 3 1 10 4 9 12 12 2 3 2 4 4 6 0 0 13 0 6 16 17 2 5 11 12 3 15 6 3 0
split_gain=439.609 0.886933 1.4961 1.22544 3.45052 1.03512 2.91988 0.979604 0.846918 1.5025 1.13101 0.79996 0.966234 0.757448 0.719465 3.15567 2.73677 2.42984 1.80375 1.30054 1.40335 1.31169 1.67834 1.36372 1.28571 1.26363 1.24363 1.18335 1.54728 1.94165
threshold=6.5000000000000009 16.650000000000002 115.7 0.98662138620987927 12.950000000000001 0.12447811117596704 126.92129392765953 137.93070257448517 352.50000000000006 35.150000000000013 340.50000000000006 1.7000000000000004 3.4500000000000006 89.500000000000014 631.50000000000011 643.50000000000011 0.56546986341837824 442.50000000000006 5.5000000000000009 23.640252688424841 30.238850774808856 178.50000000000003 37.500000000000007 59.824572479700599 276.11380416146932 18.050000000000004 57.236751765938415 49.500000000000007 28.950000000000003 160.50000000000003
decision_type=2 2 2 2 2 2 2 2 2 2 2 2 2 2 2 2 2 2 2 2 2 2 2 2 2 2 2 2 2 2
left_child=-1 2 -2 8 -5 -4 -7 -8 10 -10 11 -3 13 -13 16 -16 17 25 -19 20 21 22 -18 24 -23 -14 -21 28 29 -27
right_child=1 3 5 4 -6 6 7 -9 9 -11 -12 12 14 -15 15 -17 19 18 -20 26 -22 23 -24 -25 -26 27 -28 -29 -30 -31
leaf_value=-4.4285243383213254e-06 -0.00098499859697185059 0.0017860269629867533 -0.028838838752077933 -0.024549985762678264 0.074004517295934491 -0.0015920139512077824 0.051086713232618042 0.0074467401752883692 0.00062672607439751005 -0.0011692600585842428 -0.0022956076969101956 -0.0050554688636099245 0.0021467427691817644 0.00037084219592333769 0.028159777716130919 0.00019492636131239751 0.012920699075436205 0.001932410240536342 0.034740906898090354 0.025750495973755252 -0.0066020484729966359 -0.0047513937335217811 -0.0035451994737481841 0.001426054082342887 0.0013408221761075367 -0.0015564153186342412 -0.0040515870440961171 0.00019819707832999801 1.2835433265223628e-05 0.00011986795621670155
leaf_weight=3349 36 25 29 22 28 63 22 26 41 24 27 83 23 25 43 973 47 44 28 29 72 338 44 23 26 128 20 550 716 123
leaf_count=3349 36 25 29 22 28 63 22 26 41 24 27 83 23 25 43 973 47 44 28 29 72 338 44 23 26 128 20 550 716 123
internal_value=-0.0118792 5.43774e-05 -0.00340909 0.000228441 0.008 -0.00107143 0.00112613 0.0104167 0.000115875 0.00576923 7.38116e-06 8.92857e-05 2.24888e-05 -0.00462963 0.000178184 0.00127953 -0.000327906 0.000744417 0.00972222 -0.00321369 -0.00390909 -0.00292887 0.00247253 -0.00419897 -0.00494505 0.000324675 0.00459184 0.000148319 -0.00090486 -0.00428287
internal_weight=7027 3678 176 3502 50 140 111 48 3452 65 3387 3360 3335 108 3227 1016 2211 1612 72 599 550 478 91 387 364 1540 49 1517 967 251
internal_count=7027 3678 176 3502 50 140 111 48 3452 65 3387 3360 3335 108 3227 1016 2211 1612 72 599 550 478 91 387 364 1540 49 1517 967 251
is_linear=0
shrinkage=0.05


Tree=185
num_leaves=31
num_cat=0
split_feature=2 3 1 17 2 12 10 4 4 5 5 4 9 15 4 4 17 5 14 0 4 4 4 12 4 1 5 9 4 4
split_gain=444.395 0.957925 1.4961 1.28849 2.37462 1.5887 0.891545 3.63594 0.766774 0.637817 1.32047 1.73801 1.13239 1.48435 1.11932 2.33513 1.15952 1.12907 1.21493 1.06909 0.720982 1.8645 1.10625 1.75601 1.0531 0.842433 1.4521 0.781417 0.730824 0.690089
threshold=6.5000000000000009 16.650000000000002 115.7 29.496565652032704 124.50000000000001 126.92129392765953 0.98662138620987927 13.050000000000002 1.7000000000000004 9.5000000000000018 10.500000000000002 14.65 0.96900085243778578 80.801868519030933 28.150000000000002 30.150000000000002 27.142913979334427 27.500000000000004 53.905970645020368 791.50000000000011 5.2500000000000009 9.4500000000000011 13.350000000000003 232.83416410264837 18.850000000000005 604.25000000000011 24.500000000000004 0.99466160899732492 17.450000000000003 2.5500000000000003
decision_type=2 2 2 2 2 2 2 2 2 2 2 2 2 2 2 2 2 2 2 2 2 2 2 2 2 2 2 2 2 2
left_child=-1 2 -2 4 -4 -5 8 -8 -3 -10 11 -11 13 14 29 16 -16 -17 -19 -15 -14 27 25 28 -25 26 -23 -22 -24 -12
right_child=1 6 3 5 -6 -7 7 -9 9 10 12 -13 20 19 15 17 -18 18 -20 -21 21 22 23 24 -26 -27 -28 -29 -30 -31
leaf_value=-4.2070981214052589e-06 -0.00093574866712325131 0.0016967256148372912 0.00011830791931632945 -0.001027656995636228 -0.027396896814473951 0.027220235341184031 -0.022287358167494633 0.074909993457280069 0.0011763768616171789 0.0010019340966591628 -0.0034524318857460435 -0.0090358902732088353 -0.0034908006034173656 0.00011743888117194957 0.015312448622718123 0.0031430405438788614 0.0060719897626880159 0.0010245201190983266 -0.021024387894795639 0.040610288627071257 6.6206182454964233e-05 6.068893343905563e-05 0.0021845500433574474 -0.00022221986237624947 -0.0022941945696169476 -0.012221054395664411 -0.0027223373213018931 0.0088161032748514841 -0.0011708590900127546 2.5835708210574657e-05
leaf_weight=3349 36 25 35 40 27 38 23 27 174 34 38 37 38 25 39 37 20 31 20 30 21 30 48 29 20 20 21 20 39 2656
leaf_count=3349 36 25 35 40 27 38 23 27 174 34 38 37 38 25 39 37 20 31 20 30 21 30 48 29 20 20 21 20 39 2656
internal_value=-0.011808 0.000190321 -0.00340909 -0.00107143 -0.00645161 0.00320513 0.000371216 0.007 0.000275203 0.000211555 5.37965e-05 -0.00669014 0.000204274 0.000500691 0.000343189 0.00459184 0.0122881 -0.000568182 -0.00539216 0.00863636 -0.0027972 -0.00181452 -0.00374396 -0.00110294 -0.00867347 -0.00880282 -0.00539216 0.00792683 0.00316092 0.000111359
internal_weight=7027 3678 176 140 62 78 3502 50 3452 3427 3253 71 3182 2896 2841 147 59 88 51 55 286 248 207 136 49 71 51 41 87 2694
internal_count=7027 3678 176 140 62 78 3502 50 3452 3427 3253 71 3182 2896 2841 147 59 88 51 55 286 248 207 136 49 71 51 41 87 2694
is_linear=0
shrinkage=0.05


Tree=186
num_leaves=31
num_cat=0
split_feature=2 3 6 4 9 3 15 4 9 0 4 12 2 18 18 18 14 15 1 1 2 6 3 17 4 4 4 17 17 5
split_gain=440.086 1.04595 1.60595 1.23912 2.43856 0.988967 0.806243 0.779221 0.73723 0.619043 1.6674 1.59732 1.58421 1.47589 2.75763 2.25219 1.55635 1.46753 1.75948 1.99887 1.38021 1.55284 1.72434 1.37504 1.67562 1.27668 1.37638 1.86113 1.23912 1.24728
threshold=6.5000000000000009 16.650000000000002 53.500000000000007 9.6500000000000004 0.12447811117596704 14.750000000000002 0.14690278490434797 14.65 0.99965739133362419 684.50000000000011 12.950000000000001 166.51046839015399 283.50000000000006 50.779402747586907 49.932353608097806 53.200842819941009 37.382322533017664 52.935868900557828 460.55000000000007 472.45000000000005 309.50000000000006 4.5000000000000009 34.750000000000007 25.587210094602941 23.050000000000004 7.4500000000000011 4.2500000000000009 28.76383888378955 29.972050716248479 28.500000000000004
decision_type=2 2 2 2 2 2 2 2 2 2 2 2 2 2 2 2 2 2 2 2 2 2 2 2 2 2 2 2 2 2
left_child=-1 2 3 4 -2 -5 7 -3 9 13 11 20 -12 14 -8 -15 -17 -14 -19 -20 21 -11 -23 -21 -25 26 -18 -28 29 -27
right_child=1 6 -4 5 -6 -7 8 -9 -10 10 12 -13 17 15 -16 16 25 18 19 23 -22 22 -24 24 -26 28 27 -29 -30 -31
leaf_value=-3.9967432153349964e-06 -0.020048057943823829 0.00033301719406745103 -0.0010805466361981431 -0.00033083362099901593 0.0061945074805062287 -0.0062775978385845284 2.9480143557591987e-05 3.2998268925533983e-06 -0.0015517676072196451 -0.00071571329594348758 0.012639009458438011 0.00059716542348127184 -0.0089654194332096544 -0.014177146297746291 0.022496500265532939 0.0044972612097474501 -0.0034095457203948245 0.005640194482010941 -0.0086038333623280391 0.0084611605228916541 0.0012188490939832874 -0.026933633243009326 -0.0055578089613256059 0.011823460669958763 -0.0038769865236371716 0.00031891555268259708 -0.0023238481630830422 0.021908932515678006 0.00016582830413565121 -0.0048766511462517322
leaf_weight=3349 20 22 40 29 63 24 1957 20 36 71 187 284 22 91 28 79 38 46 20 56 36 33 31 49 46 53 31 37 78 151
leaf_count=3349 20 22 40 29 63 24 1957 20 36 71 187 284 22 91 28 79 38 46 20 56 36 33 31 49 46 53 31 37 78 151
internal_value=-0.0118721 6.79717e-05 -0.00369318 -0.00110294 0.00271084 -0.00707547 0.000256996 0.00714286 0.00017341 0.000248248 0.00139047 -0.000714286 0.0036385 -0.000147464 0.000491184 -0.00241935 -0.00101713 0.000941423 0.00218894 -0.000146199 -0.00453216 -0.00685185 -0.0125 0.00182119 -0.00184211 -0.00231959 0.00235849 0.00661765 -0.00407801 -0.00612745
internal_weight=7027 3678 176 136 83 53 3502 42 3460 3424 881 455 426 2543 1985 558 467 239 217 171 171 135 64 151 95 388 106 68 282 204
internal_count=7027 3678 176 136 83 53 3502 42 3460 3424 881 455 426 2543 1985 558 467 239 217 171 171 135 64 151 95 388 106 68 282 204
is_linear=0
shrinkage=0.05


Tree=187
num_leaves=31
num_cat=0
split_feature=18 3 1 3 12 16 0 15 4 9 5 5 12 2 17 0 14 0 12 16 13 16 14 11 16 11 10 12 6 12
split_gain=435.326 1.441 1.78135 1.68044 1.872 1.27109 2.06382 0.833212 0.779221 0.713477 0.635537 0.628864 1.06542 2.31112 1.38949 1.03326 3.22567 1.74991 2.22082 1.69785 2.09423 1.79633 1.50117 1.43184 1.87742 1.326 1.99398 2.20984 1.30956 1.24391
threshold=1.0000000180025095e-35 16.650000000000002 115.7 12.050000000000002 121.21800987321011 20.761769757961911 360.50000000000006 0.14690278490434797 14.65 0.99965739133362419 6.5000000000000009 48.500000000000007 153.11171548419034 325.50000000000006 33.050814352047908 631.50000000000011 56.584255833494076 495.50000000000006 255.80449031193589 19.22933649877487 0.94388784892013045 19.480638345519537 21.853369959338455 27.365552403583987 19.539191340334892 23.623112990362241 0.73246693938583618 240.08098772759664 16.500000000000004 262.79509629855994
decision_type=2 2 2 2 2 2 2 2 2 2 2 2 2 2 2 2 2 2 2 2 2 2 2 2 2 2 2 2 2 2
left_child=-1 2 -2 4 -4 -5 -7 8 -3 10 -9 12 13 -12 15 17 -17 18 22 20 -18 -21 -14 25 -25 26 -24 -28 -22 -20
right_child=1 7 3 5 -6 6 -8 9 -10 -11 11 -13 14 -15 -16 16 19 -19 29 21 28 -23 23 24 -26 -27 27 -29 -30 -31
leaf_value=-3.7969060545682466e-06 -0.00085336797315614535 0.00031636633436407869 -0.0028370710211205854 -0.0069330293221661066 0.015064767905025356 -0.0014620698556849555 0.025272664983933879 0.0028729714410874688 3.1348355479250692e-06 -0.0014741792268585742 -0.00034609101324374337 6.9141885721757393e-05 0.003002218013119712 -0.0063369294831268526 0.010219998540761211 0.048131595021648724 0.0083182743792640686 -0.0031712660362060775 -0.0028284525611822265 0.024838194895860966 -0.0099976102091821062 0.00057757902335424664 0.015943354876560289 -0.0015712310259083041 0.025995201008882952 -0.013155454045963034 0.0058966406235580141 -0.0035233856913462706 -0.006426033050300717 -3.0512640280067062e-05
leaf_weight=3345 40 22 20 35 37 27 21 31 20 36 694 950 26 31 44 22 20 245 82 22 22 543 46 23 50 36 42 41 30 424
leaf_count=3345 40 22 20 35 37 27 21 31 20 36 694 950 26 31 44 22 20 245 82 22 22 543 46 23 50 36 42 41 30 424
internal_value=-0.0119432 -8.14775e-05 -0.00444444 -0.00178571 0.00482456 -0.0063253 -0.00104167 0.000142776 0.00714286 5.78035e-05 0.000131425 6.6313e-05 -0.000358166 -0.00196552 0.00032014 8.96057e-05 0.00163126 -0.00091133 0.00025974 0.000981162 -0.00625 0.00190265 0.00397727 0.00273109 0.00856164 0.000151515 0.00251938 -0.00210843 -0.0115385 -0.00167984
internal_weight=7027 3682 180 140 57 83 48 3502 42 3460 3424 3393 2443 725 1718 1674 659 1015 770 637 72 565 264 238 73 165 129 83 52 506
internal_count=7027 3682 180 140 57 83 48 3502 42 3460 3424 3393 2443 725 1718 1674 659 1015 770 637 72 565 264 238 73 165 129 83 52 506
is_linear=0
shrinkage=0.05


Tree=188
num_leaves=31
num_cat=0
split_feature=18 3 1 2 16 1 12 15 4 2 5 18 16 3 17 0 15 4 9 10 6 7 14 12 16 17 12 5 5 17
split_gain=432.011 1.37889 1.78135 1.52784 1.60106 2.05444 1.35707 0.857174 0.779221 0.738924 0.710791 1.47477 1.31065 2.15385 1.54041 1.59839 1.45836 1.45301 1.64595 2.20506 1.32987 1.23353 1.77941 1.22457 1.1653 1.10579 1.09573 1.0263 1.24014 1.12114
threshold=1.0000000180025095e-35 16.650000000000002 115.7 95.500000000000014 20.549397583368368 541.05000000000007 121.21800987321011 0.14690278490434797 14.65 387.50000000000006 46.500000000000007 75.21274462020412 21.072982659065612 33.95000000000001 19.74084454406945 61.500000000000007 16.156765579668633 10.15 -0.84978561355144511 -0.58427653070765284 1.5000000000000002 0.37940952255126054 36.262863010170612 83.804725066409375 22.291253097935467 23.051063572897608 107.9481807936529 82.500000000000014 65.500000000000014 26.141978147715587
decision_type=2 2 2 2 2 2 2 2 2 2 2 2 2 2 2 2 2 2 2 2 2 2 2 2 2 2 2 2 2 2
left_child=-1 2 -2 6 -5 -6 -4 8 -3 10 -9 12 14 23 15 -12 -17 25 20 27 -19 22 -18 -14 -25 -16 -26 28 29 -20
right_child=1 7 3 4 5 -7 -8 9 -10 -11 11 -13 13 -15 17 16 21 18 19 -21 -22 -23 -24 24 26 -27 -28 -29 -30 -31
leaf_value=-3.6070607518398342e-06 -0.00081069957449835949 0.00030054801764587487 -0.0013889663629006678 -0.0072229451041970101 -0.004256857555215543 0.018990111672891177 0.015300181440975847 -0.00011217743293938654 2.9780937705288505e-06 0.0070389963136786807 -0.0063878744207656298 0.012281769775548668 -0.0018381603842854144 -0.0093257112634749003 0.0077826825005232088 0.0035322361936896752 0.0019454658903799384 0.00014977938974762852 9.7566574047336379e-05 0.0090947193684530088 -0.010834692129427382 -0.021495096093335244 -0.0035713622061812169 0.00013887902838005672 -2.5631461245401167e-07 0.0014259900757118027 -0.018556472193168718 0.00062457307483420048 -0.00014918217749271476 0.0067628932571798476
leaf_weight=3345 40 22 39 31 20 25 25 2419 20 22 24 25 23 21 25 42 34 30 167 46 33 23 34 131 34 104 23 38 137 25
leaf_count=3345 40 22 39 31 20 25 25 2419 20 22 24 25 23 21 25 42 34 30 167 46 33 23 34 131 34 104 23 38 137 25
internal_value=-0.011993 -0.000176534 -0.00444444 -0.00178571 -0.00657895 -0.000555556 0.00390625 4.28327e-05 0.00714286 -4.33526e-05 -0.000101803 0.00100589 0.000704225 -0.00258621 0.00170604 -0.00270701 -0.00056391 0.00285124 0.00157563 0.00272397 -0.00595238 -0.00412088 -0.000735294 -0.00106635 0.000265957 0.00755814 -0.00570175 0.00143052 0.000531915 0.003125
internal_weight=7027 3682 180 140 76 45 64 3502 42 3460 3438 1019 994 232 762 157 133 605 476 413 63 91 68 211 188 129 57 367 329 192
internal_count=7027 3682 180 140 76 45 64 3502 42 3460 3438 1019 994 232 762 157 133 605 476 413 63 91 68 211 188 129 57 367 329 192
is_linear=0
shrinkage=0.05


Tree=189
num_leaves=31
num_cat=0
split_feature=18 3 3 3 6 9 4 15 4 17 4 5 18 14 16 5 14 14 10 10 17 1 4 9 7 5 6 9 17 6
split_gain=430.122 0.933539 0.844378 0.912344 1.62805 1.20485 1.27486 0.884975 0.779221 0.722356 1.73571 0.6892 1.46619 1.28816 1.12018 0.947135 1.87107 1.95048 1.83298 1.42888 1.29181 1.22446 1.72895 1.673 1.54294 1.36981 1.20621 1.41704 1.64695 1.64168
threshold=1.0000000180025095e-35 9.0500000000000025 11.15 16.650000000000002 17.500000000000004 0.12447811117596704 9.8500000000000032 0.14690278490434797 14.65 15.829891493726066 15.050000000000002 46.500000000000007 75.21274462020412 67.254118908342988 22.291253097935467 27.500000000000004 78.335204095115998 70.57209605361497 -0.10737736916418625 0.98043284291745803 19.668931073977685 501.10000000000008 4.6500000000000012 -0.95747632178960107 -0.98296291314453399 38.500000000000007 47.500000000000007 0.7086201161944764 26.956081834571798 4.5000000000000009
decision_type=2 2 2 2 2 2 2 2 2 2 2 2 2 2 2 2 2 2 2 2 2 2 2 2 2 2 2 2 2 2
left_child=-1 -2 -3 4 5 -4 -7 8 -5 10 -9 15 13 14 -13 -11 17 19 -19 20 -17 23 -23 -22 25 -25 27 28 -24 -30
right_child=1 2 3 7 -6 6 -8 9 -10 11 -12 12 -14 -15 -16 16 -18 18 -20 -21 21 22 26 24 -26 -27 -28 -29 29 -31
leaf_value=-3.4267077142478422e-06 -0.0016167521544374619 0.011346430189433931 -0.018215177782066373 0.00028552061676358139 -0.0010707879934278353 0.0097454907393263578 -0.0020842278766983638 0.00047100906422790082 2.829189082002165e-06 6.0272749100686451e-05 -0.011855901253676505 0.0001194655444127779 0.011667681286770915 -0.010299561586037953 -0.0010842113276224197 0.014554287573007231 0.029924194351875145 0.0020790171626751787 -0.012629078083837798 0.049446752800358686 0.0048103655104532635 0.0036215307554389401 0.029888508107077175 -0.00064993967415891704 -0.00071100844318157115 0.0030985960750497866 -0.0090766658913285173 0.014702642424574464 -0.0052745875516951209 0.0018067540873538237
leaf_weight=3345 31 25 24 22 35 37 28 20 20 1404 28 863 25 34 57 21 21 22 86 22 62 26 29 41 508 22 34 37 51 47
leaf_count=3345 31 25 24 22 35 37 28 20 20 1404 28 863 25 34 57 21 21 22 86 22 62 26 29 41 508 22 34 37 51 47
internal_value=-0.0120215 -0.000230853 -0.000157491 -0.000220629 -0.00443548 -0.000842697 0.00269231 -7.13878e-05 0.00714286 -0.00015896 -0.00625 -7.32708e-05 0.00104699 0.000733753 0.00108696 -0.000524044 -0.00167638 -0.00198413 -0.00833333 -0.00122222 -0.00153759 -0.00183781 0.00133929 -0.00296209 -0.00380911 0.00357143 -0.000252525 0.00152439 -0.000984252 -0.00408163
internal_weight=7027 3682 3651 3626 124 89 65 3502 42 3460 48 3412 979 954 920 2433 1029 1008 108 900 878 857 224 633 571 63 198 164 127 98
internal_count=7027 3682 3651 3626 124 89 65 3502 42 3460 48 3412 979 954 920 2433 1029 1008 108 900 878 857 224 633 571 63 198 164 127 98
is_linear=0
shrinkage=0.05


Tree=190
num_leaves=31
num_cat=0
split_feature=18 17 3 1 9 12 12 5 5 18 14 17 16 13 6 5 17 3 12 15 4 16 13 18 13 2 17 17 12 9
split_gain=431.538 1.08712 0.8063 1.48742 1.20013 2.30183 1.26005 0.676148 0.597792 1.5129 1.23624 1.06645 1.07362 1.39598 1.65812 1.62136 1.37772 1.25031 1.0787 1.57344 0.999106 2.24549 1.09851 3.05556 1.78465 1.74774 1.62512 1.35 1.23247 1.37483
threshold=1.0000000180025095e-35 8.7454516935037496 16.650000000000002 115.7 0.12447811117596704 126.92129392765953 137.93070257448517 6.5000000000000009 46.500000000000007 75.21274462020412 67.254118908342988 19.74084454406945 19.502642845175668 0.16638225255972697 87.500000000000014 60.500000000000007 23.816073240064274 30.850000000000005 134.34903016963145 37.566963794938736 7.0500000000000007 20.810019170304464 0.16638225255972697 21.120544749051671 0.070415698109857941 23.500000000000004 30.393521375943198 26.305874254906211 91.062815062292501 -0.64860553522282427
decision_type=2 2 2 2 2 2 2 2 2 2 2 2 2 2 2 2 2 2 2 2 2 2 2 2 2 2 2 2 2 2
left_child=-1 -2 3 -3 -5 -6 -7 -4 -9 10 11 -10 13 14 16 18 -13 -17 19 -15 21 -14 24 -24 25 -22 28 -26 -25 -30
right_child=1 2 7 4 5 6 -8 8 9 -11 -12 12 20 15 -16 17 -18 -19 -20 -21 22 -23 23 26 27 -27 -28 -29 29 -31
leaf_value=-3.25537232853545e-06 0.0019986812417530199 -0.00095523377324027161 0.0027319181032249952 -0.025469724070811141 -0.0010172485937564701 0.046434852421071773 0.0034325361168885851 -0.00010150645059638919 -0.00095170818609779939 0.011084297222432583 -0.0097845835067360554 -0.00032939751456089188 0.025620745520298627 0.0030286239090091096 0.00097301525741456127 -0.0020805834331339315 0.00041129182762900574 0.00021634572819202448 0.01681867391288492 -0.012291303678801669 -0.00016872996096110144 -0.00022914972456592464 0.0052774265256685382 -0.010932624480736487 -0.00011649681280014868 0.00058000936797034661 -0.010290649987062573 -0.0076771124803661998 -7.2313403486479197e-05 0.013653227261124458
leaf_weight=3345 24 39 31 25 63 22 26 2423 150 25 34 25 23 36 38 48 23 78 38 31 50 38 61 34 30 41 23 30 136 37
leaf_count=3345 24 39 31 25 63 22 26 2423 150 25 34 25 23 36 38 48 23 78 38 31 50 38 61 34 30 41 23 30 136 37
internal_value=-0.0120001 -0.000190114 -0.000259705 -0.00357143 -0.00110294 0.00112613 0.009375 -9.33104e-05 -0.000159328 0.00085034 0.000547809 0.000876289 0.00158537 0.00386435 0.00930233 0.00183983 0.003125 -0.00198413 0.00642857 0.00261194 0.000149105 0.00614754 -0.000678733 0.00111684 -0.00413907 0.000274725 -0.00152174 -0.0108333 -0.000120773 0.0015896
internal_weight=7027 3682 3658 175 136 111 48 3483 3452 1029 1004 970 820 317 86 231 48 126 105 67 503 61 442 291 151 91 230 60 207 173
internal_count=7027 3682 3658 175 136 111 48 3483 3452 1029 1004 970 820 317 86 231 48 126 105 67 503 61 442 291 151 91 230 60 207 173
is_linear=0
shrinkage=0.05


Tree=191
num_leaves=31
num_cat=0
split_feature=18 17 12 17 2 2 15 5 3 11 4 1 14 1 5 13 0 14 1 6 4 16 2 15 15 3 10 1 9 18
split_gain=426.358 1.11796 0.967627 0.841591 1.07344 0.744316 1.12767 1.5551 1.59346 1.5486 1.36339 1.34788 1.86602 1.48287 1.056 0.971109 1.00699 0.912102 1.5376 1.53377 1.45933 1.29912 1.27239 2.83851 1.30314 2.59051 1.54811 1.71612 2.39833 1.23861
threshold=1.0000000180025095e-35 8.7454516935037496 175.45503636807521 32.849889944089107 146.50000000000003 256.50000000000006 78.335204095115998 18.500000000000004 36.95000000000001 44.75741238010621 24.550000000000004 705.1500000000002 37.787467266055152 589.55000000000007 16.500000000000004 0.71735601590685161 706.50000000000011 17.325652384954012 333.15000000000003 18.500000000000004 18.950000000000003 22.807548914874378 218.50000000000003 22.265533624089866 8.7747063781931871 27.350000000000005 0.12447926388678894 72.550000000000026 -0.2386639253557736 17.685032753126457
decision_type=2 2 2 2 2 2 2 2 2 2 2 2 2 2 2 2 2 2 2 2 2 2 2 2 2 2 2 2 2 2
left_child=-1 -2 3 5 -5 6 7 14 9 11 15 12 13 17 -3 -11 -17 18 22 20 -19 -20 23 24 26 -26 27 28 -9 -27
right_child=1 2 -4 4 -6 -7 -8 8 -10 10 -12 -13 -14 -15 -16 16 -18 19 21 -21 -22 -23 -24 -25 25 29 -28 -29 -30 -31
leaf_value=-3.0926037121086775e-06 0.001898747179665361 9.1222979219374167e-05 6.0735492343344527e-05 -0.00076950130394166656 -0.00063060697184198495 -0.00045332920288316815 -0.011149440207399408 0.00039072723624755532 -0.0063974459543452156 0.0023632714756836037 0.0084267928302562464 0.015380141049382345 -0.0078372377605610676 0.0078731468445887749 0.0094508471101744321 -0.0019492765177259843 0.0016751265389480354 0.0022143300867206507 0.0094905459562841799 -0.018059836591653066 -0.018788233102370634 -0.0003260602158830395 0.018002695748785946 -0.015392028581536366 0.011099976715756021 0.0059222557612122811 -0.0007631845967674745 -0.0007284210388574853 -2.4825146022813135e-05 -0.00023244606450987249
leaf_weight=3345 24 40 1916 25 29 397 25 41 28 35 30 24 68 20 34 78 66 73 59 36 24 20 21 45 63 25 73 116 110 137
leaf_count=3345 24 40 1916 25 29 397 25 41 28 35 30 24 68 20 34 78 66 73 59 36 24 20 21 45 63 25 73 116 110 137
internal_value=-0.0120784 -0.000339489 -0.00041006 -0.00126292 -0.00740741 -0.00106635 -0.000484121 -0.000276461 -0.000713087 -0.000429553 0.0034689 -0.00128272 -0.00158432 -0.000955968 0.00675676 0.00181564 0 -0.00127521 -0.00056338 -0.00507519 -0.00180412 0.00601266 -0.00138669 -0.00180328 -0.000840708 0.00211111 -0.00279412 -0.00102996 0.00248344 -0.00123457
internal_weight=7027 3682 3658 1742 54 1688 1291 1266 1192 1164 209 955 931 863 74 179 144 843 710 133 97 79 631 610 565 225 340 267 151 162
internal_count=7027 3682 3658 1742 54 1688 1291 1266 1192 1164 209 955 931 863 74 179 144 843 710 133 97 79 631 610 565 225 340 267 151 162
is_linear=0
shrinkage=0.05


Tree=192
num_leaves=31
num_cat=0
split_feature=18 17 12 17 16 3 2 16 18 14 15 0 0 16 5 6 9 4 4 18 18 13 2 9 4 6 4 14 10 0
split_gain=426.827 1.11514 0.989723 1.71614 1.07812 1.12683 1.08634 0.843502 0.832344 1.66952 1.64138 1.20433 2.14933 1.14557 1.03723 1.57509 0.910874 1.24955 1.22861 1.22762 1.20281 1.21969 2.48628 1.7916 2.24822 1.60332 1.56455 1.19416 1.21753 1.09397
threshold=1.0000000180025095e-35 8.7454516935037496 155.36504239855961 32.849889944089107 23.640252688424841 28.450000000000003 124.50000000000001 25.018239695431667 71.454311638622698 37.382322533017664 56.524021905538639 695.50000000000011 719.50000000000011 21.921539966464639 40.500000000000007 15.500000000000002 0.44437406304545285 8.5500000000000025 7.9500000000000011 54.000943227609852 50.435861032141482 0.51762392900856802 169.50000000000003 0.69016699705532247 13.350000000000003 19.500000000000004 16.450000000000003 0.66663509656356035 -0.74979862697202038 45.500000000000007
decision_type=2 2 2 2 2 2 2 2 2 2 2 2 2 2 2 2 2 2 2 2 2 2 2 2 2 2 2 2 2 2
left_child=-1 -2 3 4 8 6 -6 -4 9 10 16 14 -13 -10 15 -11 17 18 29 20 21 22 23 27 -25 -26 -23 28 -18 -3
right_child=1 2 7 -5 5 -7 -8 -9 13 11 -12 12 -14 -15 -16 -17 19 -19 -20 -21 -22 26 -24 24 25 -27 -28 -29 -30 -31
leaf_value=-2.9379735265032434e-06 0.0018038098206820897 -0.00092470304367944236 3.2690226486953304e-05 -0.0012981045835692485 1.4124790604408411e-05 -0.0051472955050780207 0.0095658766018061683 0.0090180971410854134 0.021582488734014051 -0.002494414066399742 0.013140812045129025 0.0062323710155911989 -0.0006322860636181816 -0.0011925810944617865 -0.0016426495461615788 -0.013271365287069514 0.00013502118682183069 -3.3220746307145725e-05 0.0014793794646783987 0.0031808456852841617 -0.008479684396893462 0.011854186960468915 -0.023934439969027735 -0.00085341385440598219 9.004309458861965e-06 0.0059677135229417649 -0.0035238330089290672 -0.013427346581665134 -0.0010458654216740331 0.0023830809191965232
leaf_weight=3345 24 23 2082 46 33 33 38 28 39 32 21 30 143 34 79 25 22 491 24 30 21 34 26 86 38 31 22 34 20 93
leaf_count=3345 24 23 2082 46 33 33 38 28 39 32 21 30 143 34 79 25 22 491 24 30 21 34 26 86 38 31 22 34 20 93
internal_value=-0.0120713 -0.00032591 -0.000396391 -0.00135659 -0.00106525 0.00384615 0.00739437 0.000308057 -0.00143062 -0.00171698 -0.000738189 -0.00493528 -0.00216763 0.00376712 -0.00845588 -0.0135965 -0.00103015 0.000118859 0.00428571 -0.00302198 -0.00389222 -0.00311502 -0.00457198 -0.00292208 0.00016129 0.00688406 0.00357143 -0.00921053 -0.00357143 0.00215517
internal_weight=7027 3682 3658 1548 1502 104 71 2110 1398 1325 1016 309 173 73 136 57 995 631 140 364 334 313 257 231 155 69 56 76 42 116
internal_count=7027 3682 3658 1548 1502 104 71 2110 1398 1325 1016 309 173 73 136 57 995 631 140 364 334 313 257 231 155 69 56 76 42 116
is_linear=0
shrinkage=0.05


Tree=193
num_leaves=31
num_cat=0
split_feature=18 17 12 17 18 15 16 9 14 15 0 13 4 6 0 1 1 0 14 18 6 1 3 1 5 11 5 11 1 17
split_gain=424.95 1.12644 1.07868 1.32462 0.961252 2.02121 1.15646 0.987662 0.959054 2.15873 1.24181 1.52457 1.48626 1.43617 1.1938 0.940514 0.93006 0.861764 3.08469 2.27266 2.09978 1.53988 1.13528 1.1947 0.997804 1.13473 2.02226 1.4777 0.950009 1.50769
threshold=1.0000000180025095e-35 8.7454516935037496 155.36504239855961 32.979658488676201 71.243211811742199 68.568879458913685 21.921539966464639 0.94417876540878176 37.566963794938736 54.960006020228867 695.50000000000011 0.89454298825102241 20.150000000000002 13.500000000000002 602.50000000000011 460.55000000000007 548.35000000000014 618.50000000000011 55.860123693482208 61.859443515976871 46.500000000000007 689.95000000000016 22.250000000000004 442.30000000000001 13.500000000000002 70.447334236935475 37.500000000000007 52.005368904640719 733.9000000000002 32.573320438648473
decision_type=2 2 2 2 2 2 2 2 2 2 2 2 2 2 2 2 2 2 2 2 2 2 2 2 2 2 2 2 2 2
left_child=-1 -2 3 4 5 8 -6 -8 9 -3 12 -12 13 -10 -15 -13 -17 19 -19 -4 22 -21 -20 -24 -22 26 27 -26 -25 -30
right_child=1 2 17 -5 6 -7 7 -9 10 -11 11 15 -14 14 -16 16 -18 18 20 21 24 -23 23 28 25 -27 -28 -29 29 -31
leaf_value=-2.7910748501780814e-06 0.0017136193296479751 -7.1403025890394436e-05 -5.245191871594557e-06 -0.0015999249756536217 0.011246729877229456 -0.005848670398459533 -0.0081663206838769042 0.0025152637862188246 -0.0060235677168613225 0.0048027207369889524 0.0095981278323140629 0.00062423693627522425 0.0031830003099882378 -0.004569843194231993 -0.025159588665349022 -0.0013985215766410875 0.00054090352688476175 0.037725442461226603 0.031790872355716718 -0.0091145030838106333 0.00065100527377452981 -0.0051929337536940068 0.018764708392152586 0.00091796157501438107 -0.012718711457576149 -0.0088523522640631576 0.00025985001230530716 -0.00033820970914533177 -0.0095971332876334976 0.02798818082934993
leaf_weight=3345 24 1064 1215 33 45 26 35 20 71 34 38 21 22 21 22 75 21 28 41 29 37 41 35 476 23 29 31 53 52 20
leaf_count=3345 24 1064 1215 33 45 26 35 20 71 34 38 21 22 21 22 75 21 28 41 29 37 41 35 476 23 29 31 53 52 20
internal_value=-0.0120998 -0.000380228 -0.000451066 -0.00145349 -0.00123762 -0.00157244 0.0035 -0.00136364 -0.00131389 -0.000637523 -0.00386598 -0.000806452 -0.00735294 -0.00964912 -0.0168605 -0.00363248 -0.00572917 0.00028436 0.00154545 -0.000525292 0.000972396 -0.00928571 0.00232372 0.00175815 -0.00390173 -0.00588235 -0.00350467 -0.00789474 0.00118613 -0.00416667
internal_weight=7027 3682 3658 1548 1515 1415 100 55 1389 1098 291 155 136 114 43 117 96 2110 825 1285 797 70 624 583 173 136 107 76 548 72
internal_count=7027 3682 3658 1548 1515 1415 100 55 1389 1098 291 155 136 114 43 117 96 2110 825 1285 797 70 624 583 173 136 107 76 548 72
is_linear=0
shrinkage=0.05


Tree=194
num_leaves=31
num_cat=0
split_feature=18 0 17 1 2 17 4 16 16 10 16 4 4 0 15 16 15 0 6 5 6 15 18 0 0 13 18 18 18 12
split_gain=425.888 0.884378 1.28286 1.6112 1.49832 1.19382 2.32485 1.54832 1.00202 1.83137 1.56783 1.55293 1.3144 1.19722 2.24769 2.05912 2.17032 1.80885 1.41167 1.23599 1.17122 1.11971 1.43175 2.02944 3.29966 2.59728 1.41552 2.34922 1.72301 2.02875
threshold=1.0000000180025095e-35 798.50000000000011 32.494283209014007 733.9000000000002 234.50000000000003 32.849889944089107 15.050000000000002 24.42205841237983 19.733299955702822 0.96897393274411414 19.801162998961491 28.550000000000004 30.350000000000005 145.50000000000003 8.1201165864714167 17.387495743191291 3.0683358808436991 160.50000000000003 74.500000000000014 67.500000000000014 93.500000000000014 13.594880076435699 19.707186428447081 290.50000000000006 263.50000000000006 0.41666528959762045 34.108868229636094 30.59281575553609 36.906415671766375 222.68469882099899
decision_type=2 2 2 2 2 2 2 2 2 2 2 2 2 2 2 2 2 2 2 2 2 2 2 2 2 2 2 2 2 2
left_child=-1 5 3 4 -3 7 -7 8 9 11 -10 13 -13 14 15 16 20 -15 -17 -20 -2 -19 -23 24 -24 -25 27 -27 -28 -30
right_child=1 2 -4 -5 -6 6 -8 -9 10 -11 -12 12 -14 17 -16 18 -18 21 19 -21 -22 22 23 25 -26 26 28 -29 29 -31
leaf_value=-2.6515211076691776e-06 -0.00093016187775805535 0.0091484492866243279 0.058692888924091594 -0.0085423097472698828 0.00016981487874900836 -0.0019533790086751191 0.0011454600631928713 0.014788115324612151 -0.0076855551650062363 0.011895815345161943 -0.00013379740761934044 0.011356823345975986 0.00013919610484443013 -0.012989597255345721 0.0036623217620856078 5.3860721083265346e-06 -0.00074425714902530697 0.0092207516439757331 0.00026218635297893257 0.00068646999235157937 0.0001457401653377738 -0.0038308622715712559 -1.2013463606663777e-05 -0.017526404031592158 0.0075827356508737509 -0.0033630357041468887 -0.011305435491386719 0.022034096588036969 -0.00072933405369077784 0.0037458836038869237
leaf_weight=3345 22 45 25 20 242 70 23 21 42 32 2113 22 23 24 59 70 38 40 29 21 25 58 33 22 27 27 61 35 274 139
leaf_count=3345 22 45 25 20 242 70 23 21 42 32 2113 22 23 24 59 70 38 40 29 21 25 58 33 22 27 27 61 35 274 139
internal_value=-0.0120855 -0.000353069 0.00210843 0.0012215 0.0021777 -0.000597015 -0.0061828 -0.000437519 -0.00052534 0.000716929 -0.00114849 0.000357483 0.00944444 -4.98008e-05 0.00284091 0.000365854 -0.00558824 -0.00108108 0.00458333 0.011 0.00159574 -0.000628492 -0.00110947 -0.000404531 0.00833333 -0.00134409 -0.000652985 0.00645161 -0.00158228 -0.000423729
internal_weight=7027 3682 332 307 287 3350 93 3257 3236 1081 2155 1049 45 1004 264 205 85 740 120 50 47 716 676 618 60 558 536 62 474 413
internal_count=7027 3682 332 307 287 3350 93 3257 3236 1081 2155 1049 45 1004 264 205 85 740 120 50 47 716 676 618 60 558 536 62 474 413
is_linear=0
shrinkage=0.05


Tree=195
num_leaves=31
num_cat=0
split_feature=18 9 3 3 15 4 4 4 4 15 12 4 16 3 12 15 18 18 9 10 16 17 2 10 4 10 10 17 16 17
split_gain=423.077 0.810777 2.23006 1.9064 1.22462 1.28495 1.14877 1.34057 1.13665 1.09394 1.03448 1.5 0.889706 0.969601 0.867647 1.43655 2.22261 2.05114 1.50371 1.55018 1.30096 1.58277 1.04684 0.864557 1.28495 1.23737 1.46469 1.15269 2.64618 1.48611
threshold=1.0000000180025095e-35 0.96900085243778578 36.95000000000001 37.95000000000001 80.801868519030933 9.6500000000000004 17.250000000000004 5.1500000000000012 6.5500000000000007 57.236751765938415 227.24025154902557 15.250000000000002 22.511062294384303 30.650000000000002 222.68469882099899 61.00903231369464 62.603555436416563 65.541880923019093 0.94697898371965716 0.99164058729498161 20.723420597630057 30.666166351832597 275.50000000000006 0.99164058729498161 10.450000000000001 0.93225468035816139 0.69635043120606455 29.345796648845496 21.45465236956024 30.739631480813625
decision_type=2 2 2 2 2 2 2 2 2 2 2 2 2 2 2 2 2 2 2 2 2 2 2 2 2 2 2 2 2 2
left_child=-1 4 6 -4 14 -6 7 -3 -9 -5 11 12 -10 -14 23 18 -17 -18 19 -16 -19 22 -22 25 -25 26 -2 -28 -29 -30
right_child=1 2 3 9 5 -7 -8 8 10 -11 -12 -13 13 -15 15 16 17 20 -20 -21 21 -23 -24 24 -26 -27 27 28 29 -31
leaf_value=-2.5189450522857187e-06 -7.9919758547353231e-05 -0.0021853407548784623 0.0091092389378193417 0.010515943305286692 -0.00069283868642742172 0.031348808908296992 -0.0013752329199228086 0.0073061220798805952 -0.00095849186590108999 -0.0014587162223227423 -0.0019649963207760027 0.010105024273730702 -0.0040924446669873054 0.0056795878684702929 -0.00010049585542145635 0.014055136328778063 -0.0063903199788860835 -0.0088617806912388627 0.0029822418666528351 0.059197411091967571 0.026512345559260811 -0.0012500214887808171 0.011165366948446831 -0.021109584230286839 0.0014502159991419462 0.0022832707533439133 -0.00058121339944277044 -0.014722783293556852 0.0056535527316722289 -0.0033395701714354687
leaf_weight=3345 1508 43 27 20 22 34 57 20 32 24 54 20 37 31 1140 63 44 23 39 21 24 26 27 34 22 111 102 30 22 25
leaf_count=3345 1508 43 27 20 22 34 57 20 32 24 54 20 37 31 1140 63 44 23 39 21 24 26 27 34 22 111 102 30 22 25
internal_value=-0.0121282 -0.000434546 -0.00267123 0.00528169 -0.000188423 0.00714286 -0.00459184 -0.00305907 -0.00128866 -0.00113636 -0.00258621 0 -0.0025 0.000735294 -0.000314321 0.000621891 0.0044686 0.00104167 -4.16667e-05 -0.000366064 0.005 0.00811688 0.0132353 -0.00102481 -0.00714286 -0.00083426 -0.00117072 -0.00544693 -0.0100649 -0.00265957
internal_weight=7027 3682 365 71 3317 56 294 237 194 44 174 120 100 68 3261 1407 207 144 1200 1161 100 77 51 1854 56 1798 1687 179 77 47
internal_count=7027 3682 365 71 3317 56 294 237 194 44 174 120 100 68 3261 1407 207 144 1200 1161 100 77 51 1854 56 1798 1687 179 77 47
is_linear=0
shrinkage=0.05


Tree=196
num_leaves=31
num_cat=0
split_feature=18 18 4 4 9 17 4 4 16 12 14 11 2 0 3 11 4 5 9 17 4 13 10 6 17 1 13 9 11 11
split_gain=421.675 0.998034 0.917797 0.866865 0.884411 0.663192 1.23223 1.61909 1.11982 0.596467 0.75 0.698261 1.48723 1.57927 1.27869 1.41187 1.4068 1.05687 1.76007 1.44514 1.21888 1.45185 1.1006 1.03542 0.991472 0.909091 1.17347 1.24694 0.808228 1.05115
threshold=1.0000000180025095e-35 85.285009830143608 1.7000000000000004 2.3500000000000001 0.99965739133362419 32.860689632292377 15.050000000000002 12.050000000000002 24.42205841237983 293.1050434683292 10.282960876418951 10.987024771599135 71.500000000000014 89.500000000000014 12.050000000000002 12.330998969456521 12.850000000000003 69.500000000000014 0.090250774277322809 25.886778583209672 18.150000000000002 0.053817355889724312 -0.86092912513210462 77.500000000000014 24.350024877187753 66.700000000000003 0.028901772731160725 0.22611359161738889 12.975113603288596 13.584800565826358
decision_type=2 2 2 2 2 2 2 2 2 2 2 2 2 2 2 2 2 2 2 2 2 2 2 2 2 2 2 2 2 2
left_child=-1 2 -2 -4 5 8 7 -7 9 11 -11 12 13 17 -13 16 -16 19 -19 22 21 23 -5 25 -24 26 27 -21 -17 -30
right_child=1 -3 3 4 -6 6 -8 -9 -10 10 -12 14 -14 -15 15 28 -18 18 -20 20 -22 -23 24 -25 -26 -27 -28 -29 29 -31
leaf_value=-2.3929977996714328e-06 0.002369066155244326 0.02935183493168303 -0.00094580428456954031 -5.5820148193271027e-05 -0.0015686786433960207 -0.00032891780260877471 0.0012928092933826463 -0.002337660123643559 0.015071207012959321 0.00053860113016869775 -1.2328089701663104e-05 0.0090805302126517173 -0.0020508709879277997 0.016969681877476672 0.0065240250891537956 -0.003790023763388062 -0.0018380098574312777 0.00016823382017058244 -0.0013410326790936234 -0.00074993101811478421 0.00027103600857255467 -0.0027074861267865069 -0.00051887963561408348 0.00055833687518257462 -0.0012461276229455782 0.00011554672489321183 -0.0026805085405748556 7.4080720204366965e-05 0.0055979239810167508 -9.7116219955051267e-05
leaf_weight=3345 25 28 36 38 36 37 21 33 24 20 30 35 64 25 27 28 23 52 32 21 32 45 26 25 20 22 26 41 26 2784
leaf_count=3345 25 28 36 38 36 37 21 33 24 20 30 35 64 25 27 28 23 52 32 21 32 45 26 25 20 22 26 41 26 2784
internal_value=-0.0121496 -0.000475285 -0.000547345 -0.000613117 -0.000535764 -0.000456846 -0.00467033 -0.00785714 -0.00034622 -0.000421267 0.005 -0.000501179 -0.00229211 -0.00117284 -0.000213821 -0.000328947 0.008 -0.00197368 0.00297619 -0.00337838 -0.00117925 -0.00277778 -0.00892857 -0.000185185 -0.0141304 -0.00227273 -0.00454545 -0.000806452 -0.000475687 -0.000391459
internal_weight=7027 3682 3654 3629 3593 3557 91 70 3466 3442 50 3392 469 405 2923 2888 50 380 84 296 212 180 84 135 46 110 88 62 2838 2810
internal_count=7027 3682 3654 3629 3593 3557 91 70 3466 3442 50 3392 469 405 2923 2888 50 380 84 296 212 180 84 135 46 110 88 62 2838 2810
is_linear=0
shrinkage=0.05


Tree=197
num_leaves=31
num_cat=0
split_feature=18 9 3 3 18 2 15 2 3 11 11 4 4 6 4 6 14 12 15 16 12 17 10 16 16 5 1 17 17 4
split_gain=422.609 0.800962 1.85261 1.51099 1.00764 1.23148 0.967271 0.95068 1.40103 0.866111 1.48952 0.816472 1.10694 0.945463 1.32349 0.808861 1.48993 1.14567 1.12368 3.01017 0.929089 0.797246 1.69064 1.35856 1.38919 1.17846 1.44279 1.14477 2.03857 1.37392
threshold=1.0000000180025095e-35 0.96900085243778578 36.95000000000001 37.95000000000001 0.14633312961828854 9.5000000000000018 0.31915975886824305 220.50000000000003 35.850000000000001 -2.4882949219403039 -1.198049777575469 17.250000000000004 13.350000000000003 3.5000000000000004 9.0500000000000025 7.5000000000000009 70.252800063637878 227.24025154902557 73.096374558757802 20.874797953484293 293.1050434683292 26.305874254906211 -0.88603780069526494 18.948776504104153 20.472225282038945 53.500000000000007 628.1500000000002 25.587210094602941 25.026140892531917 12.65
decision_type=2 2 2 2 2 2 2 2 2 2 2 2 2 2 2 2 2 2 2 2 2 2 2 2 2 2 2 2 2 2
left_child=-1 4 7 -4 -2 -6 -7 8 11 -8 -11 12 13 -3 -15 21 18 -18 20 -20 -17 27 -23 -24 25 26 -25 28 29 -12
right_child=1 2 3 -5 5 6 9 -9 -10 10 15 -13 -14 14 -16 16 17 -19 19 -21 -22 22 23 24 -26 -27 -28 -29 -30 -31
leaf_value=-2.273347909687861e-06 5.9469578037270321e-05 -0.0063859899864660008 0.0086586328019262037 -0.00020136881049168665 -0.0010942146261470921 0.00084521316408983085 0.00073786420052623924 -6.5175463458722055e-05 -0.0092489202993292895 -0.00058624489238310326 0.0010055093520422442 -0.0021509317611988267 0.0010542276214250434 0.0009214887503162573 -0.0021922549053629671 -0.00016743753604764322 -0.0024296267474799293 0.00087485871111994131 0.015762982066408471 -0.010085416308816698 0.00060158925409068429 0.0034033919639270497 0.028925251214900173 0.015377822153364119 0.00018392108710831858 -0.018165988118520639 -0.0080972037095470746 -0.0006843016735047059 0.0025598379508076086 -0.0015892217996290481
leaf_weight=3345 21 50 27 44 28 33 25 86 22 27 92 37 46 23 30 1487 86 23 28 26 27 35 27 26 914 30 35 157 91 99
leaf_count=3345 21 50 27 44 28 33 25 86 22 27 92 37 46 23 30 1487 86 23 28 26 27 35 27 26 914 30 35 157 91 99
internal_value=-0.0121353 -0.000448126 -0.00267123 0.00457746 -0.000203497 -0.000273058 -0.000183599 -0.00442177 -0.00625 -0.000270479 -0.000342679 -0.00483871 -0.00318792 -0.00606796 -0.00141509 -0.000243481 -0.000998807 -0.00665138 -0.000605867 0.00648148 -0.000858653 0.00059761 0.00133552 0.000968992 0.000671642 -0.00521978 -0.00122951 -0.0011959 0.00070922 -0.00222513
internal_weight=7027 3682 365 71 3317 3296 3268 294 208 3235 3210 186 149 103 53 3183 1677 109 1568 54 1514 1506 1067 1032 1005 91 61 439 282 191
internal_count=7027 3682 365 71 3317 3296 3268 294 208 3235 3210 186 149 103 53 3183 1677 109 1568 54 1514 1506 1067 1032 1005 91 61 439 282 191
is_linear=0
shrinkage=0.05


Tree=198
num_leaves=31
num_cat=0
split_feature=18 18 13 13 3 15 13 4 3 2 9 18 18 18 6 1 15 5 6 14 9 3 18 6 6 3 0 4 17 17
split_gain=419.809 0.950363 0.869651 1.93911 2.90128 1.8863 1.4768 1.25097 2.56085 1.12198 1.5684 1.27425 4.56319 4.09613 1.23778 1.25841 1.32567 1.58538 1.99468 1.35344 1.86667 1.2289 1.60374 1.53064 1.19026 1.09001 1.06794 1.1608 1.07038 1.18205
threshold=1.0000000180025095e-35 0.14633312961828854 0.034437018609096537 0.028901772731160725 31.850000000000005 1.4104676152337541 0.043850027340466342 14.350000000000003 30.450000000000003 36.500000000000007 0.10738035228456499 6.3425238804615178 6.9911626293997502 6.0593996921965543 95.500000000000014 81.050000000000011 8.7747063781931871 33.500000000000007 2.5000000000000004 2.3363398760069907 0.80900950266415306 28.250000000000004 4.3732017446696894 51.500000000000007 1.0000000180025095e-35 27.650000000000002 108.50000000000001 28.550000000000004 15.829891493726066 19.247278054568465
decision_type=2 2 2 2 2 2 2 2 2 2 2 2 2 2 2 2 2 2 2 2 2 2 2 2 2 2 2 2 2 2
left_child=-1 -2 3 4 7 -4 -7 25 -9 10 24 13 -13 21 15 -14 17 18 -17 20 -18 22 -11 -24 -8 -3 -16 28 -28 -30
right_child=1 2 5 -5 -6 6 9 8 -10 11 -12 12 14 -15 26 16 19 -19 -20 -21 -22 -23 23 -25 -26 -27 27 -29 29 -31
leaf_value=-2.159680514203468e-06 7.2955161603812521e-05 -0.00028649412862471606 0.0020062408538624732 -0.0065888432735301877 0.00044937471917049637 0.00017427841403967471 0.00022576712051104454 0.00039696466715407057 -0.00019532872525657163 0.0017344554866434937 -0.0011752649636241231 -0.012457127253552148 0.0011000886266532284 0.014413405455602457 0.0017070711523562211 0.0012155002269421456 0.039056224457278257 -0.0042720106596752854 -0.0036096439709413231 -3.320218484432758e-05 0.0014928855977059286 0.00033100649188571034 -0.0097399881728712293 -2.2486320012493624e-05 -0.00021305002078872982 -0.00075716406910595615 -0.010668817506650542 0.0028463574611201636 0.0022275947373241235 -0.0010581954332394617
leaf_weight=3345 30 31 28 28 44 50 20 21 27 24 53 40 40 20 21 27 20 34 20 2388 28 78 20 23 31 32 20 21 38 425
leaf_count=3345 30 31 28 28 44 50 20 21 27 24 53 40 40 20 21 27 20 34 20 2388 28 78 20 23 31 32 20 21 38 425
internal_value=-0.012178 -0.000529603 -0.00060241 -0.00396175 -0.00177419 -0.000425195 -0.000530369 -0.00608108 0 -0.000656149 -0.00576923 -0.000494372 -0.000720692 0.00378788 -0.00050292 -4.88854e-05 -0.000188717 -0.00648148 -0.000531915 2.05255e-05 0.00833333 0.000862069 -0.00410448 -0.00988372 0.000490196 -0.0107143 -0.00271429 -0.0031746 -0.00367495 -0.00318575
internal_weight=7027 3682 3652 183 155 3469 3441 111 48 3391 104 3287 3122 165 3082 2557 2517 81 47 2436 48 145 67 43 51 63 525 504 483 463
internal_count=7027 3682 3652 183 155 3469 3441 111 48 3391 104 3287 3122 165 3082 2557 2517 81 47 2436 48 145 67 43 51 63 525 504 483 463
is_linear=0
shrinkage=0.05


Tree=199
num_leaves=31
num_cat=0
split_feature=18 18 2 15 11 13 13 13 2 9 6 18 18 18 0 18 18 14 0 14 18 3 1 6 4 4 5 16 14 17
split_gain=418.878 0.956197 0.84938 1.09786 0.937554 1.54994 1.6728 1.63015 1.08693 1.30818 1.3 1.04793 2.68934 2.24944 3.50933 2.45778 2.04962 1.76087 1.75349 2.27062 2.24781 1.62306 1.6 1.47604 1.27021 2.30133 1.7161 1.52918 1.30347 1.25
threshold=1.0000000180025095e-35 0.14633312961828854 9.5000000000000018 0.31915975886824305 -2.4882949219403039 0.034437018609096537 0.043850027340466342 0.028901772731160725 36.500000000000007 0.10738035228456499 1.0000000180025095e-35 4.3732017446696894 5.000550070574433 6.3425238804615178 89.500000000000014 5.4574946968981326 3.7649290988009247 0.14690278490434797 108.50000000000001 0.5796620427138518 8.0413689877169379 12.050000000000002 175.75000000000003 95.500000000000014 15.550000000000002 14.050000000000002 74.500000000000014 16.907469128418853 38.089430827342262 26.956081834571798
decision_type=2 2 2 2 2 2 2 2 2 2 2 2 2 2 2 2 2 2 2 2 2 2 2 2 2 2 2 2 2 2
left_child=-1 -2 -3 -4 -5 7 -7 -6 9 10 -8 16 -13 15 -15 -14 -10 -17 19 -16 22 -22 -20 -23 25 27 -26 28 -25 -29
right_child=1 2 3 4 5 6 8 -9 11 -11 -12 12 13 14 18 17 -18 -19 20 -21 21 23 -24 24 26 -27 -28 29 -30 -31
leaf_value=-2.0516964884932944e-06 6.930740352362221e-05 -0.00064795729963886136 0.00058765346637606054 0.00067850225454140216 -9.0026477739368893e-05 0.00020616503666821552 0.00021447876448549286 -0.0080416997742473791 -7.7661264148864986e-05 -0.0011149077776330008 -0.00015066294815376804 -0.0064160268842353707 -0.00042448419455718426 -0.0089946151579293875 -0.00011985778768206501 0.00015792099253695291 0.0077736904199385837 0.014422029514470936 -0.0074790722501806963 0.0035781776775261954 0.028385446740498213 -3.5442970696131226e-05 -0.0020723614303058469 0.0045574198159438421 0.00021044055192049883 -0.022266719620387222 -0.0058152672566727411 -0.0042267385224452171 -0.0020874109108550698 -0.00083773142023400035
leaf_weight=3345 30 31 38 25 81 56 20 23 40 54 32 28 28 41 45 23 25 23 20 46 34 2424 20 36 163 50 29 70 21 126
leaf_count=3345 30 31 38 25 81 56 20 23 40 54 32 28 28 41 45 23 25 23 20 46 34 2424 20 36 163 50 29 70 21 126
internal_value=-0.0121923 -0.000556763 -0.000629792 -0.000559238 -0.000648898 -0.000716695 -0.000535611 -0.00673077 -0.000676869 -0.00566038 0 -0.000516403 -0.000643012 -0.000507971 -0.000712 0.00810811 0.00576923 0.0152174 -0.000518807 0.00631868 -0.000726696 -0.00056722 -0.0125 -0.000693731 -0.00318182 -0.00519802 0 -0.00326087 0.00394737 -0.00535714
internal_weight=7027 3682 3652 3621 3583 3558 3454 104 3398 106 52 3292 3227 3199 3125 74 65 46 3084 91 2993 2953 40 2919 495 303 192 253 57 196
internal_count=7027 3682 3652 3621 3583 3558 3454 104 3398 106 52 3292 3227 3199 3125 74 65 46 3084 91 2993 2953 40 2919 495 303 192 253 57 196
is_linear=0
shrinkage=0.05


Tree=200
num_leaves=31
num_cat=0
split_feature=18 18 4 4 3 14 17 17 17 16 7 9 16 18 16 9 18 14 4 10 1 9 18 9 10 0 2 18 0 16
split_gain=422.142 0.935858 0.75983 0.733501 1.33547 1.42304 1.1397 0.808275 1.02077 1.06626 0.887768 1.33157 1.34887 2.20828 2.16225 1.20463 1.4112 1.65194 1.60714 1.95733 1.28615 2.20909 1.2474 1.13086 1.16783 1.07094 1.8351 1.3816 1.0925 1.0331
threshold=1.0000000180025095e-35 0.14633312961828854 1.7000000000000004 3.4500000000000006 35.050000000000004 16.772821369998631 28.924769273159846 8.7454516935037496 15.829891493726066 12.788438098145186 0.25881904510252091 0.45206801762443477 20.659977793529368 61.183944283606728 22.49974786182614 0.6254047815183511 7.8152561656557316 6.630797340928706 7.9500000000000011 0.20088311396693925 51.100000000000009 0.93836870211866363 38.270594769242109 0.74981945761428193 -0.38961601727460732 81.500000000000014 109.50000000000001 4.3732017446696894 226.50000000000003 19.702244142682023
decision_type=2 2 2 2 2 2 2 2 2 2 2 2 2 2 2 2 2 2 2 2 2 2 2 2 2 2 2 2 2 2
left_child=-1 -2 -3 4 5 -4 -7 -5 -9 -10 -11 12 13 29 25 -13 20 18 -18 -20 21 -17 -19 -24 -25 27 -27 -14 -28 -12
right_child=1 2 3 7 -6 6 -8 8 9 10 11 15 14 -15 -16 16 17 22 19 -21 -22 -23 23 24 -26 26 28 -29 -30 -31
leaf_value=-1.9491116640686296e-06 6.5842033347441112e-05 0.0022163915258387235 -0.00082946039721268632 0.0033784015006549264 -0.010928522816952403 0.0047846612904329788 -0.0074597116699633764 -0.0042842283983311807 0.0060530927692078245 1.5832421131278806e-05 7.9644427839412063e-05 -0.0019598781925665777 6.2012897958019236e-05 -0.019840096964174769 -0.0046533211673616126 -0.00040411529219215315 -0.00052704310234776843 -0.0092947681118644709 0.015446103896466036 -0.00020930369300229402 -0.0026287759686476789 0.00084803693261383819 0.011473492714897305 -0.011286124842217049 -8.524524381599009e-05 0.0056414672826447416 -0.00078944511157814652 -0.0016896020903454545 0.0026414851696248578 -0.00057006553979131183
leaf_weight=3345 30 24 20 22 36 32 29 37 38 2039 270 114 32 44 35 24 20 60 39 31 39 20 47 51 160 34 20 25 164 146
leaf_count=3345 30 24 20 22 36 32 29 37 38 2039 270 114 32 44 35 24 20 60 39 31 39 20 47 51 160 34 20 25 164 146
internal_value=-0.0121425 -0.000461706 -0.000533954 -0.000592613 -0.00448718 -0.000925926 0.00286885 -0.000462831 -0.000523073 -0.000434531 -0.000527241 -0.00150909 -0.00012987 -0.00184783 0.00241935 -0.00326446 -0.00218941 -0.000980392 0.005 0.00857143 -0.00813253 -0.00227273 -0.00267296 -0.00116279 -0.00272512 0.00390909 0.00550459 -0.00219298 0.00353261 -0.000721154
internal_weight=7027 3682 3652 3628 117 81 61 3511 3489 3452 3414 1375 770 460 310 605 491 408 90 70 83 44 318 258 211 275 218 57 184 416
internal_count=7027 3682 3652 3628 117 81 61 3511 3489 3452 3414 1375 770 460 310 605 491 408 90 70 83 44 318 258 211 275 218 57 184 416
is_linear=0
shrinkage=0.05


Tree=201
num_leaves=31
num_cat=0
split_feature=18 15 18 3 5 5 0 1 12 16 16 0 10 0 14 14 9 15 3 15 10 10 15 4 18 9 4 18 0 0
split_gain=425.888 1.00028 1.88919 1.80175 1.82336 1.15741 0.735144 0.680517 1.60772 1.73818 1.85667 0.924444 0.922867 0.753891 1.17329 1.16191 1.18027 1.87469 1.29321 1.18867 1.73425 1.2157 1.02188 1.07686 1.43054 0.884889 0.818182 0.793494 0.709583 1.35068
threshold=1.0000000180025095e-35 0.70748362666980424 0.82026626654499502 31.850000000000005 69.500000000000014 44.500000000000007 11.500000000000002 35.95000000000001 95.297039883544457 21.098488460222459 18.990032605897131 97.500000000000014 -0.74979862697202038 798.50000000000011 57.558211527948693 61.864762210261127 0.95992380042979863 78.802865643448854 34.850000000000001 73.844402789482189 -0.57729161655172734 -0.92260537345622995 77.288533011609204 7.5500000000000007 80.91410113449075 0.51236666743397874 12.050000000000002 79.708230117361623 781.50000000000011 770.50000000000011
decision_type=2 2 2 2 2 2 2 2 2 2 2 2 2 2 2 2 2 2 2 2 2 2 2 2 2 2 2 2 2 2
left_child=-1 3 -3 4 5 -2 -7 8 -4 10 11 -10 -12 22 -15 -16 17 19 -18 20 21 -17 27 -24 -25 -23 -20 28 29 -9
right_child=1 2 7 -5 -6 6 -8 13 9 -11 12 -13 -14 14 15 16 18 -19 26 -21 -22 25 23 24 -26 -27 -28 -29 -30 -31
leaf_value=-1.8516560808651983e-06 2.8364093500024558e-05 -0.0021925763918325294 0.0017654520738696888 0.00022285895498666 0.00029460973391295665 -0.0005405203613891255 -8.584642711437496e-05 -0.00013204842122211958 -0.0004238241975033752 -0.00058464045213693085 0.00063893491015051265 0.00049124415286518899 0.00016629338058251621 0.023599133423588728 -0.0023218751986718192 0.012491428470734435 -0.0078533265643233822 0.031129782685490427 -0.00085415360607505881 -0.0050316708598220575 0.011466187126338668 -0.0031321123395795071 -0.020801347540813711 0.013091603300413724 -0.021788952953731667 0.00046135058060521318 0.018743476209222721 0.012592901497347243 -0.0032798012140723646 0.012424529742544266
leaf_weight=3345 36 21 35 35 27 26 28 2733 39 21 36 36 28 21 37 23 32 37 22 22 42 30 25 30 28 44 22 31 77 58
leaf_count=3345 36 21 35 35 27 26 28 2733 39 21 36 36 28 21 37 23 32 37 22 22 42 30 25 30 28 44 22 31 77 58
internal_value=-0.0120855 -0.000353069 -0.000524079 0.00361842 0.000641026 -0.00277778 -0.00740741 -0.000434597 0.0024359 0.0003125 0.00233813 -0.003 0.00859375 -0.0006035 0.00165663 0.000884244 0.0020073 0.0040404 -0.00328947 0.00170807 0.00341727 -0.000257732 -0.000855131 -0.0063253 -0.00258621 -0.00337838 0.00227273 -0.000698517 -0.000784519 -0.000653887
internal_weight=7027 3682 3530 152 117 90 54 3509 195 160 139 75 64 3314 332 311 274 198 76 161 139 97 2982 83 58 74 44 2899 2868 2791
internal_count=7027 3682 3530 152 117 90 54 3509 195 160 139 75 64 3314 332 311 274 198 76 161 139 97 2982 83 58 74 44 2899 2868 2791
is_linear=0
shrinkage=0.05


Tree=202
num_leaves=31
num_cat=0
split_feature=18 18 1 4 4 1 18 9 5 15 5 12 4 6 12 15 18 13 13 2 0 14 1 13 0 0 18 5 18 18
split_gain=425.888 0.912881 0.789708 0.753694 1.19815 0.688391 0.67864 0.701878 0.667867 0.654762 0.647312 1.38828 1.10792 1.13362 1.03065 1.23817 1.29843 1.99073 1.06351 0.990048 2.06803 1.14274 2.01245 1.25331 2.04642 2.70633 2.69411 1.85923 1.29728 3.23184
threshold=1.0000000180025095e-35 0.14633312961828854 755.60000000000002 1.7000000000000004 2.5500000000000003 739.05000000000007 81.371457857181568 0.99965739133362419 18.500000000000004 77.740831887334039 80.500000000000014 80.673104253298064 7.5500000000000007 1.5000000000000002 171.30481423261048 0.70748362666980424 1.6444520525020312 0.043850027340466342 0.028901772731160725 36.500000000000007 38.500000000000007 16.078377768929784 37.050000000000004 0.088858980110662497 89.500000000000014 108.50000000000001 7.9589170113204357 74.500000000000014 8.9875434930812759 9.4414467071583399
decision_type=2 2 2 2 2 2 2 2 2 2 2 2 2 2 2 2 2 2 2 2 2 2 2 2 2 2 2 2 2 2
left_child=-1 -2 3 -3 -5 6 7 10 -7 -8 14 -12 -13 -14 -6 -16 18 -18 -17 20 -19 22 -21 -23 -25 -26 -27 28 -28 -30
right_child=1 2 -4 4 5 8 9 -9 -10 -11 11 12 13 -15 15 16 17 19 -20 21 -22 23 -24 24 25 26 27 -29 29 -31
leaf_value=-1.7590732768219384e-06 6.5199825039902699e-05 0.0021121743706077113 0.039823576352951667 -0.00081259376715756568 -0.00016314253666391276 -0.005670172797439932 0.030036233903506473 -0.0017391720343535866 -0.00084168945645828335 -0.0028755980965435414 0.00040889075519152663 0.0018545253321238465 -0.0015985195647670648 0.00013128817048051468 0.00051161306896336807 -0.00047797873844011022 0.00025513308861078169 0.00042571488197293842 -0.007086783301259037 -0.00024551939391237454 -0.000768343296818308 0.013134269193889825 0.004636045999153726 -0.0057940952501000847 0.0074981628215651025 -0.0064209469362180201 0.0041491416409433768 -0.012454678548456589 -0.020337497033570531 0.00010511538783113395
leaf_weight=3345 30 24 36 53 1477 21 20 32 25 22 20 22 29 101 38 37 35 23 22 27 22 20 20 24 30 30 36 20 23 1363
leaf_count=3345 30 24 36 53 1477 21 20 32 25 22 20 22 29 101 38 37 35 23 22 27 22 20 20 24 30 30 36 20 23 1363
internal_value=-0.0120855 -0.000353069 -0.000424425 -0.000497788 -0.000556793 -0.000445041 -0.000365016 -0.000441901 -0.00652174 0.00595238 -0.000372916 0.00261628 0.000986842 -0.000769231 -0.00053126 0.000282486 8.66051e-05 0.000343694 -0.00720339 9.15751e-05 -0.00722222 0.00029818 0.00797872 6.46831e-05 -9.82962e-05 0.000133156 -0.000169837 0.000138696 0.000351617 0.000108225
internal_weight=7027 3682 3652 3616 3592 3539 3493 3451 46 42 3419 172 152 130 3247 1770 1732 1673 59 1638 45 1593 47 1546 1526 1502 1472 1442 1422 1386
internal_count=7027 3682 3652 3616 3592 3539 3493 3451 46 42 3419 172 152 130 3247 1770 1732 1673 59 1638 45 1593 47 1546 1526 1502 1472 1442 1422 1386
is_linear=0
shrinkage=0.05


Tree=203
num_leaves=31
num_cat=0
split_feature=18 18 4 4 2 15 7 3 17 5 6 15 15 6 17 15 9 9 4 4 9 5 0 1 4 4 3 9 16 18
split_gain=422.609 0.93297 0.757485 1.19091 0.748543 0.955362 1.2 1.02261 0.670203 0.726257 1.415 1.65826 2.06037 0.909917 1.9605 1.25072 1.77954 1.60068 1.65268 1.65531 1.57929 1.31737 1.48368 1.25817 1.51285 1.93258 1.33432 1.08853 1.10743 1.76977
threshold=1.0000000180025095e-35 0.14633312961828854 1.7000000000000004 2.5500000000000003 9.5000000000000018 0.66663509656356035 -0.25881904510252113 29.950000000000003 15.829891493726066 80.500000000000014 89.500000000000014 5.5959669674703649 17.107428884324772 35.500000000000007 19.247278054568465 8.1201165864714167 -0.99052327954040364 -0.99273952934267318 3.2500000000000004 3.8500000000000001 -0.99628894895067444 16.500000000000004 841.00000000000011 165.90000000000003 8.8500000000000032 5.9500000000000011 34.850000000000001 0.99466160899732492 21.250386575062198 17.685032753126457
decision_type=2 2 2 2 2 2 2 2 2 2 2 2 2 2 2 2 2 2 2 2 2 2 2 2 2 2 2 2 2 2
left_child=-1 -2 -3 -4 -5 6 -6 -8 -7 13 11 -11 -13 15 -15 16 -10 20 -19 -20 -17 -21 27 24 25 -18 -26 28 29 -23
right_child=1 2 3 4 5 8 7 -9 9 10 -12 12 -14 14 -16 17 23 18 19 21 -22 22 -24 -25 26 -27 -28 -29 -30 -31
leaf_value=-1.6711196129808417e-06 6.1939833787907388e-05 0.0020065656520772634 -0.00077196407879966957 -0.00079077388183711054 0.0008534739704238848 -0.0012916166048382749 5.7560421749242034e-05 -9.7339570107612971e-05 0.00022178353921072926 -0.0013434297818037955 0.001148404379717538 0.01497402246217079 -0.0012494944040567725 0.0011026511876240264 -0.00034853033459362196 -0.00013776672139531598 -0.00060803562564626943 0.018084283693221081 -0.014464350706602503 -0.00061327687829759725 -0.0073953301006570273 0.0048848797895872046 0.035215004803210097 -0.0032021417561019839 -0.00052477592716110852 0.00081187195336445144 2.6479759589848054e-05 -0.0018254003545287391 0.0030116913368115842 -3.0346104735201608e-05
leaf_weight=3345 30 24 53 30 32 46 23 25 28 37 52 20 26 63 989 87 24 23 29 431 36 54 37 25 128 29 60 25 419 797
leaf_count=3345 30 24 53 30 32 46 23 25 28 37 52 20 26 63 989 87 24 23 29 431 36 54 37 25 128 29 60 25 419 797
internal_value=-0.0121353 -0.000448126 -0.000520263 -0.000578831 -0.000468531 -0.000401975 0.005 0 -0.000526696 -0.000446037 0.00314815 -0.000903614 0.00543478 -0.000593788 -0.00180608 -2.24014e-05 -0.00306122 0.000438596 0.000812672 0.000641741 -0.0050813 0.000836642 0.00161411 -0.00432331 -0.00321577 0.00424528 -0.00531915 0.00133205 0.00153543 0.000499412
internal_weight=7027 3682 3652 3628 3575 3545 80 48 3465 3419 135 83 46 3284 1052 2232 294 1938 1815 1792 123 1763 1332 266 241 53 188 1295 1270 851
internal_count=7027 3682 3652 3628 3575 3545 80 48 3465 3419 135 83 46 3284 1052 2232 294 1938 1815 1792 123 1763 1332 266 241 53 188 1295 1270 851
is_linear=0
shrinkage=0.05


Tree=204
num_leaves=31
num_cat=0
split_feature=18 18 1 17 1 17 4 16 4 1 14 6 11 15 15 6 6 9 16 1 13 14 18 2 16 17 18 4 4 18
split_gain=421.208 0.941646 0.647663 1.15399 0.861305 0.833005 1.43951 0.876712 0.80821 0.672459 1.48315 2.25658 1.83687 0.773295 1.26998 1.43699 0.941829 1.23209 0.925852 0.830278 0.794948 0.755823 0.959951 0.588529 0.654552 1.19592 1.28571 0.731649 0.900799 0.741626
threshold=1.0000000180025095e-35 0.14633312961828854 751.50000000000011 32.573320438648473 739.05000000000007 32.849889944089107 15.050000000000002 24.449835967463553 12.65 681.10000000000014 74.183925408151765 14.500000000000002 52.524959359053447 63.794903846739224 75.449983897206323 11.500000000000002 2.5000000000000004 0.93836870211866363 22.54037586692699 703.4000000000002 0.9368374065394488 73.523255476990641 76.140408329375774 9.5000000000000018 24.140466430948774 31.848138428176387 36.624599482033751 1.9500000000000002 2.5500000000000003 4.3732017446696894
decision_type=2 2 2 2 2 2 2 2 2 2 2 2 2 2 2 2 2 2 2 2 2 2 2 2 2 2 2 2 2 2
left_child=-1 -2 4 -4 5 7 8 9 -7 10 21 12 -12 -11 16 18 17 19 -16 -15 -21 22 23 -3 25 27 -27 -25 -29 -30
right_child=1 2 3 -5 -6 6 -8 -9 -10 13 11 -13 -14 14 15 -17 -18 -19 -20 20 -22 -23 -24 24 -26 26 -28 28 29 -31
leaf_value=-1.5875636323317996e-06 5.8842842098511856e-05 -0.00057536699700033863 -0.0008965239064796294 0.046088616372564319 -0.0071464877523201411 -0.00031563007155241965 0.0023781515271384282 0.0095158717641222537 -0.0068473188796714275 -0.0062342364805445527 -0.0037788543334213998 -0.0065288227584609617 0.018685858336160523 -0.004529481277535297 -0.018809663863288507 0.010681893764375517 -0.001049806502816253 0.021978076750222189 0.00099926884814252061 0.007764704449003546 0.03902225051210273 0.019746687253436337 0.01628026530034532 0.0010508047767299189 -0.003159856122211863 -0.00016936207391416715 0.0085258708598299655 -0.0013482202808207779 3.1733135711564663e-05 -0.00015995313486150131
leaf_weight=3345 30 29 26 22 36 39 23 20 27 24 26 33 23 27 30 20 24 20 29 21 20 24 37 26 46 36 28 34 327 2575
leaf_count=3345 30 29 26 22 36 39 23 20 27 24 26 33 23 27 30 20 24 20 29 21 20 24 37 26 46 36 28 34 327 2575
internal_value=-0.0121567 -0.000488865 -0.000561336 0.00520833 -0.00063818 -0.000560538 -0.00533708 -0.000438344 -0.00909091 -0.000498699 -0.000678175 -0.00731707 -0.000510204 0.0022093 0.00327225 -0.00158228 0.00669643 0.00909091 -0.00550847 0.00588235 0.0103659 -0.000506009 -0.000573614 -0.000669139 -0.000602214 -0.000512227 0.00625 -0.000658339 -0.000732289 -0.000637491
internal_weight=7027 3682 3652 48 3604 3568 89 3479 66 3459 3244 82 49 215 191 79 112 88 59 68 41 3162 3138 3101 3072 3026 64 2962 2936 2902
internal_count=7027 3682 3652 48 3604 3568 89 3479 66 3459 3244 82 49 215 191 79 112 88 59 68 41 3162 3138 3101 3072 3026 64 2962 2936 2902
is_linear=0
shrinkage=0.05


Tree=205
num_leaves=31
num_cat=0
split_feature=18 18 17 17 12 14 18 13 4 3 9 6 10 17 17 12 9 6 17 2 4 12 15 9 17 6 11 11 4 4
split_gain=421.675 0.93875 0.987992 0.998223 0.721287 1.00046 2.64274 1.54782 1.0846 2.89169 0.949546 0.949259 2.09857 1.4794 1.82745 1.20053 1.21731 1.13109 1.17738 1.95439 1.07339 1.225 0.869982 0.858533 1.42207 1.10845 1.27866 2.31951 1.13953 0.973029
threshold=1.0000000180025095e-35 0.14633312961828854 8.7454516935037496 15.829891493726066 175.45503636807521 37.382322533017664 59.245073550190774 0.68399223954901534 20.950000000000003 32.850000000000001 -0.99466160899732459 22.500000000000004 -0.78295110140207591 25.856712974533611 26.695590268332403 132.96272516224579 0.65189295912203338 1.0000000180025095e-35 27.638710369513579 200.50000000000003 8.4500000000000011 130.80481722504734 56.524021905538639 -0.83113983907127287 30.276737920157348 19.500000000000004 52.005368904640719 41.419475026871275 7.8500000000000005 11.450000000000001
decision_type=2 2 2 2 2 2 2 2 2 2 2 2 2 2 2 2 2 2 2 2 2 2 2 2 2 2 2 2 2 2
left_child=-1 -2 -3 -4 5 6 22 -7 11 -10 -6 13 -13 20 -15 -14 -17 -16 -19 -20 -9 -22 -5 24 25 29 27 28 -27 -12
right_child=1 2 3 4 10 7 -8 8 9 -11 23 12 15 14 17 16 -18 18 19 -21 21 -23 -24 -25 -26 26 -28 -29 -30 -31
leaf_value=-1.5081854507152096e-06 5.5900699993586407e-05 0.0017370187528830351 -0.0039826789435352342 -7.9286970597292072e-05 -0.00051560267788200995 -0.0018253608932501386 0.038752219561663998 0.0024976754792682245 0.025282184039869905 -0.00069275709006557664 0.0017109494844775642 0.00074531639773312008 -0.033479318233877821 0.012473844701828796 -0.0022192878854413677 -0.0036314720704739402 -4.291453608757934e-05 -0.0043046062749677819 -0.016061270119411119 0.014553882770658434 -0.00081145239604687449 -0.0085099102489994746 0.0067231797795583859 -9.7240090795480693e-06 0.0216888559565966 -0.00030055552299668165 0.019553686901106638 -0.0085995555484714714 0.0070194065864393812 -0.0061542100002601637
leaf_weight=3345 30 23 37 1046 74 22 26 22 25 90 98 32 26 27 154 54 41 20 21 41 20 20 22 1541 21 20 32 20 39 38
leaf_count=3345 30 23 37 1046 74 22 26 22 25 90 98 32 26 27 154 54 41 20 21 41 20 20 22 1541 21 20 32 20 39 38
internal_value=-0.0121496 -0.000475285 -0.000547645 -0.000613117 -0.000528953 -0.00127267 -0.000365631 -0.00288618 -0.00240304 0.00195652 0.000146044 -0.00345188 -0.00669935 -0.00192308 -0.000285171 -0.00971074 -0.00710526 -0.00169492 0.00304878 0.00645161 -0.00887097 -0.01375 -0.000749064 0.000373134 0.00298507 0.00192308 0.00563063 0.00221519 0.00720339 -0.00110294
internal_weight=7027 3682 3652 3629 3592 1709 1094 615 593 115 1883 478 153 325 263 121 95 236 82 62 62 40 1068 1809 268 247 111 79 59 136
internal_count=7027 3682 3652 3629 3592 1709 1094 615 593 115 1883 478 153 325 263 121 95 236 82 62 62 40 1068 1809 268 247 111 79 59 136
is_linear=0
shrinkage=0.05


Tree=206
num_leaves=31
num_cat=0
split_feature=18 18 12 10 5 2 11 18 10 10 4 10 14 16 15 14 4 4 4 4 18 14 5 14 3 1 12 12 5 12
split_gain=418.878 0.956197 0.789251 1.14983 1.02924 1.61362 2.44687 1.80541 1.03983 1.39136 1.81613 1.65112 1.64207 2.20901 2.09451 1.35418 1.33333 1.29729 1.41385 1.54349 1.36701 1.76105 1.32052 1.31776 1.2688 1.1601 2.07081 1.57417 1.49118 1.21091
threshold=1.0000000180025095e-35 0.14633312961828854 203.19880857529418 0.99164058729498161 78.500000000000014 55.500000000000007 24.366276592681828 4.3732017446696894 0.93834263341299773 0.69635043120606455 10.350000000000003 0.30080866500414788 75.235558279728778 21.730711020853843 72.442416780131438 72.490059283268621 12.950000000000001 31.200000000000006 11.15 10.65 72.279928134327477 55.860123693482208 73.500000000000014 58.159801668203194 38.250000000000007 454.05000000000007 84.907049460873296 153.11171548419034 26.500000000000004 92.316651606361788
decision_type=2 2 2 2 2 2 2 2 2 2 2 2 2 2 2 2 2 2 2 2 2 2 2 2 2 2 2 2 2 2
left_child=-1 -2 3 4 8 7 -7 -6 9 11 -11 15 13 -13 -15 17 -17 18 19 25 21 22 -20 -22 -23 26 -3 -27 -29 -28
right_child=1 2 -4 -5 5 6 -8 -9 -10 10 -12 12 -14 14 -16 16 -18 -19 20 -21 23 24 -24 -25 -26 27 29 28 -30 -31
leaf_value=-1.4327761781794491e-06 5.3105664993906987e-05 -0.00040718122429071122 1.6958588781119945e-05 -0.017698869296064079 0.00037461590991067081 0.0027491381261981031 8.6045570614423639e-05 -0.0023036040454198939 0.0027608067661937241 -0.005437728494152339 -0.00012878399625912973 0.0035432379963010519 0.030918483011005551 0.00013053319999336565 -0.018556214192909339 -0.0068927532294090106 0.0067645759204715723 0.0091360702786452922 -0.00017545193219224988 0.011128456175236856 0.013020493934244115 -0.0037115563491219917 -0.0049145658099748139 -0.00045836458246775182 -0.0010221400343585431 -0.0028670240311186035 0.0083600860631244164 0.01282257310247239 -0.0010988902103964194 0.00021666225409759933
leaf_weight=3345 30 76 1773 42 26 27 71 31 62 73 70 40 28 87 28 30 20 21 606 27 22 32 44 52 29 122 44 34 30 105
leaf_count=3345 30 76 1773 42 26 27 71 31 62 73 70 40 28 87 28 30 20 21 606 27 22 32 44 52 29 122 44 34 30 105
internal_value=-0.0121923 -0.000556763 -0.000629792 -0.0013438 -0.00115678 0.00274194 0.00663265 -0.00394737 -0.00151605 -0.00175926 -0.00646853 -0.00130332 0.00314208 0.00112903 -0.0023913 -0.00193199 -0.01 -0.00160772 -0.0018193 0.000456621 -0.00308917 -0.00376231 -0.003 0.00337838 -0.0118852 -0.000304136 0.00211111 -0.00322581 0.003125 0.00553691
internal_weight=7027 3682 3652 1879 1837 155 98 57 1682 1620 143 1477 183 155 115 1294 50 1244 1223 438 785 711 650 74 61 411 225 186 64 149
internal_count=7027 3682 3652 1879 1837 155 98 57 1682 1620 143 1477 183 155 115 1294 50 1244 1223 438 785 711 650 74 61 411 225 186 64 149
is_linear=0
shrinkage=0.05


Tree=207
num_leaves=31
num_cat=0
split_feature=18 9 18 18 17 12 5 5 17 3 14 14 18 15 5 16 5 3 16 18 12 17 12 10 13 13 10 2 18 3
split_gain=421.675 0.973596 1.2171 0.730645 1.225 0.735614 1.22964 2.2973 1.75697 1.3584 1.19529 2.01409 1.315 1.24205 1.51553 1.15078 1.14393 1.02016 1.45562 1.20853 1.10236 1.34651 1.12295 1.04515 1.36919 1.23953 1.03928 1.19779 3.01549 2.98647
threshold=1.0000000180025095e-35 0.99965739133362419 0.14633312961828854 84.066276109385385 32.573320438648473 203.19880857529418 16.500000000000004 18.500000000000004 27.608192364448588 31.750000000000004 54.115995644160165 51.911517300262119 72.279928134327477 74.683225856047514 37.500000000000007 21.188289925895575 26.500000000000004 30.050000000000004 21.70023506392695 62.603555436416563 116.73198190700471 27.172895215781562 124.74909930445283 -0.74979862697202038 0.55618408585317625 0.31823425778586051 0.99164058729498161 51.500000000000007 4.3732017446696894 12.050000000000002
decision_type=2 2 2 2 2 2 2 2 2 2 2 2 2 2 2 2 2 2 2 2 2 2 2 2 2 2 2 2 2 2
left_child=-1 2 -2 5 -5 6 9 8 -8 -4 11 17 15 14 16 -12 -14 26 19 20 21 23 -22 -19 25 -25 27 28 -9 -29
right_child=1 -3 3 4 -6 -7 7 10 -10 -11 12 -13 13 -15 -16 -17 -18 18 -20 -21 22 -23 -24 24 -26 -27 -28 29 -30 -31
leaf_value=-1.3611373692704766e-06 5.1371699331287385e-05 -0.0012907315897024319 -0.01145922634155685 -0.019016117264052924 0.052711901766793551 1.9493470463061159e-05 -0.00014210502881068234 1.9761227507744675e-05 0.01574107936787783 -0.00056774104470953552 -0.0010116514949279677 0.017308788553222956 0.010907558167668441 -0.0061004456525715518 0.0080513640706850968 -0.020014840567739969 -0.0035610373405269517 -5.2216150928696695e-05 -0.0027160825526451049 0.018869225694768413 -0.015020003072147327 0.0042972212478916251 -0.0020327183212472733 -0.0010421610034910601 -0.0093834056100440943 0.0055808119285567061 -0.01709884201119747 0.042107970391181304 -0.00243104495475317 0.00014515086759865349
leaf_weight=3345 27 39 24 20 20 1755 20 108 34 107 100 36 32 82 42 26 41 336 77 30 24 38 41 23 31 22 28 25 50 444
leaf_count=3345 27 39 24 20 20 1755 20 108 34 107 100 36 32 82 42 26 41 336 77 30 24 38 41 23 31 22 28 25 50 444
internal_value=-0.0121496 -0.000475285 -0.000391161 -0.000470133 0.00625 -0.000545302 -0.00124931 -0.000887574 0.00925926 -0.00591603 -0.00122249 -0.000552171 -0.00394737 -0.00139594 0.00195652 -0.00793651 -0.00239726 -0.000880971 -0.00233119 -0.00142202 -0.00199029 -0.00111111 -0.00807692 -0.00194175 -0.00723684 -0.00166667 0.000496183 0.000917065 -0.0028481 0.0021855
internal_weight=7027 3682 3643 3616 40 3576 1821 1690 54 131 1636 1313 323 197 115 126 73 1277 622 545 515 450 65 412 76 45 655 627 158 469
internal_count=7027 3682 3643 3616 40 3576 1821 1690 54 131 1636 1313 323 197 115 126 73 1277 622 545 515 450 65 412 76 45 655 627 158 469
is_linear=0
shrinkage=0.05


Tree=208
num_leaves=31
num_cat=0
split_feature=18 9 5 11 0 4 9 10 9 1 4 9 15 18 4 4 1 9 4 4 1 16 17 17 10 2 6 14 10 5
split_gain=421.675 0.810988 1.74675 0.876498 1.59712 1.18401 0.803827 1.4936 1.22872 2.14045 1.14815 0.923188 0.867466 0.847422 1.36823 2.07435 1.22953 0.849615 0.790665 0.970876 0.769011 1.5956 1.46871 1.29882 1.15315 1.10208 1.20267 1.19048 1.05511 0.935439
threshold=1.0000000180025095e-35 -0.99273952934267318 61.500000000000007 55.443525145278741 584.50000000000011 12.550000000000002 0.96900085243778578 0.0043035382962440553 0.93836870211866363 241.10000000000002 14.750000000000002 0.95495791161117582 82.611920185725026 7.2241895993209218 17.850000000000005 11.450000000000001 532.45000000000016 0.98664879617890844 1.9500000000000002 2.5500000000000003 560.95000000000016 19.395020252743631 25.959126420921944 27.00678948410761 0.99164058729498161 138.50000000000003 22.500000000000004 66.791579478483754 0.99548449742306455 15.500000000000002
decision_type=2 2 2 2 2 2 2 2 2 2 2 2 2 2 2 2 2 2 2 2 2 2 2 2 2 2 2 2 2 2
left_child=-1 2 3 4 5 -2 8 -8 12 -10 11 -11 18 -9 15 16 -15 -17 -3 -20 28 22 -22 -23 25 -25 29 -28 -21 -27
right_child=1 6 -4 -5 -6 -7 7 13 9 10 -12 -13 -14 14 -16 17 -18 -19 19 20 21 23 -24 24 -26 26 27 -29 -30 -31
leaf_value=-1.2930805008069528e-06 -6.7072782368704514e-05 0.0012366692714037343 0.00023644503747533019 -0.029723943347775617 0.0030542781792608055 -0.0021472445889070715 1.9078443235831524e-05 -0.0016421519176487154 0.0015149591345471559 0.00048170231799797851 0.0034746457191442205 -0.0071968493672049053 0.033527948854924716 5.2698549581720047e-05 -0.0037092645416738181 -0.0060635047214081085 -0.003835041402153472 0.010562723804468899 -0.0011310528043035008 -8.975262484765302e-05 0.00027401530163846389 0.031837919569688469 0.038003053508302291 0.019679451945632743 -0.01938052013823395 -0.0022379797696522987 -0.0071960235309212811 -4.147664061306955e-05 0.0059833811914117522 0.003017613139564368
leaf_weight=3345 35 22 20 27 37 49 181 27 44 30 35 39 25 21 31 25 40 40 34 2334 40 23 27 22 32 78 25 35 28 276
leaf_count=3345 35 22 20 27 37 49 181 27 44 30 35 39 25 21 31 25 40 40 34 2334 40 23 27 22 32 78 25 35 28 276
internal_value=-0.0121496 -0.000475285 -0.00386905 -0.00574324 -0.00392562 -0.0077381 -0.000313034 -0.00253425 -5.55732e-05 0.00439189 0.000480769 -0.00326087 -0.000274908 -0.00570652 -0.00429936 -0.00198413 -0.00860656 0.00423077 -0.000352823 -0.000423155 -0.000325342 0.00134409 0.00858209 0.000356415 -0.000213675 0.000458716 -0.000120773 -0.00666667 -0.000719729 0.000988701
internal_weight=7027 3682 168 148 121 84 3514 365 3149 148 104 69 3001 184 157 126 61 65 2976 2954 2920 558 67 491 468 436 414 60 2362 354
internal_count=7027 3682 168 148 121 84 3514 365 3149 148 104 69 3001 184 157 126 61 65 2976 2954 2920 558 67 491 468 436 414 60 2362 354
is_linear=0
shrinkage=0.05


Tree=209
num_leaves=31
num_cat=0
split_feature=18 18 17 2 9 6 15 9 1 13 13 9 13 15 14 18 18 2 10 13 5 6 15 15 15 4 14 14 14 14
split_gain=423.077 1.31729 0.982762 0.858569 0.890743 1.37789 0.761974 1.18681 0.949097 0.631902 2.54329 0.818414 0.736237 2.03572 1.68 1.47727 2.19381 2.63875 2.10727 2.00518 1.31984 1.00729 1.02347 2.77073 0.982187 1.39444 0.958064 1.22011 1.61627 1.17872
threshold=1.0000000180025095e-35 0.14633312961828854 8.7454516935037496 9.5000000000000018 0.99551215362393841 99.500000000000014 70.906652700498583 0.99817629101047833 510.50000000000006 0.018359880627067459 0.022816176579953298 0.63874350706337069 0.051787452841669718 1.9840114329365497 9.737565236803631 3.4530842455602673 4.3732017446696894 51.500000000000007 0.63207999751838684 0.067472974506085817 87.500000000000014 95.500000000000014 65.966577523730351 69.37147781078626 6.1210693541199941 12.450000000000001 0.5796620427138518 1.2491990860060642 2.5822604517877532 4.6607666665367633
decision_type=2 2 2 2 2 2 2 2 2 2 2 2 2 2 2 2 2 2 2 2 2 2 2 2 2 2 2 2 2 2
left_child=-1 -2 -3 -4 9 6 7 -6 -9 11 -11 -5 13 14 -12 -14 -17 18 -18 -20 21 24 -23 -24 25 -19 -26 -28 -29 -30
right_child=1 2 3 4 5 -7 -8 8 -10 10 12 -13 15 -15 -16 16 17 20 19 -21 -22 22 23 -25 26 -27 27 28 29 -31
leaf_value=-1.228426475766605e-06 5.2369428020029521e-05 0.0026893697411096264 -0.00071779003097575261 0.00011093591965467554 -0.003024417651570366 0.0015779849205401321 -0.00011025162978270942 0.0028653441066741614 -0.0091525246339685395 -0.0010579067109778518 -0.001258166752492912 -3.4601191836025617e-05 -0.00044696316828856113 0.00030711785313809471 0.00024849638044903698 0.0053546487543413073 -0.012424737919464924 0.00059269676595956615 -0.0023192217449750532 0.00051400597972603987 0.0013227074992062217 -0.00030409417976855484 -0.010407738241753606 -0.00030040207633170725 0.0025100328714152912 -0.0021226002204872696 -0.015341546704146803 0.015943319401466916 -0.00089523800698607667 4.8632349278321385e-05
leaf_weight=3345 30 23 31 45 28 26 28 29 21 27 40 23 35 84 35 40 22 23 25 31 20 427 22 56 57 36 30 22 49 2317
leaf_count=3345 30 23 31 45 28 26 28 29 21 27 40 23 35 84 35 40 22 23 25 31 20 427 22 56 57 36 30 22 49 2317
internal_value=-0.0121282 -0.000434546 -0.000520263 -0.000585561 -0.000514175 -0.00454545 -0.00707547 -0.00961538 -0.005 -0.000360646 -0.000456151 0.00441176 -0.000333729 0.00298742 -0.003 -0.000498132 -0.000385584 -0.00053395 -0.00961538 -0.00446429 -0.000302386 -0.00038664 -0.00242574 -0.00769231 1.97316e-05 -0.00635593 0.000171717 2.06782e-05 0.000146566 2.11327e-05
internal_weight=7027 3682 3652 3629 3598 132 106 78 50 3466 3398 68 3371 159 75 3212 3177 3137 78 56 3059 3039 505 78 2534 59 2475 2418 2388 2366
internal_count=7027 3682 3652 3629 3598 132 106 78 50 3466 3398 68 3371 159 75 3212 3177 3137 78 56 3059 3039 505 78 2534 59 2475 2418 2388 2366
is_linear=0
shrinkage=0.05


Tree=210
num_leaves=31
num_cat=0
split_feature=18 18 2 9 3 14 14 9 13 10 2 12 9 11 6 14 2 3 4 3 4 15 15 15 14 12 14 15 12 2
split_gain=426.827 1.29 0.895135 0.814794 1.49906 1.44061 1.96759 1.04775 1.52343 1.41848 2.07372 1.09872 1.07143 1.02119 1.20958 1.52355 2.13035 1.5279 1.43002 1.57859 1.25837 1.00416 0.987336 2.22417 1.28397 1.55784 1.31685 1.51572 0.966376 0.966297
threshold=1.0000000180025095e-35 0.14633312961828854 9.5000000000000018 0.96900085243778578 36.95000000000001 74.183925408151765 57.749306848010526 0.86095304316285726 0.11499718151071027 0.41326329957804353 195.50000000000003 96.763477727683451 0.93836870211866363 28.465057462023129 85.500000000000014 29.573225210049333 220.50000000000003 29.250000000000004 4.0500000000000007 35.050000000000004 4.5500000000000007 0.31915975886824305 72.442416780131438 65.60578884677075 44.106058865047878 263.68520860740017 57.293849119280786 54.960006020228867 111.49503458054748 289.50000000000006
decision_type=2 2 2 2 2 2 2 2 2 2 2 2 2 2 2 2 2 2 2 2 2 2 2 2 2 2 2 2 2 2
left_child=-1 -2 -3 7 -5 6 -6 13 12 11 -11 -10 -9 21 18 16 17 -16 19 -15 -20 -4 23 24 -17 26 27 -26 -18 -13
right_child=1 2 3 4 5 -7 -8 8 9 10 -12 29 -14 14 15 22 28 -19 20 -21 -22 -23 -24 -25 25 -27 -28 -29 -30 -31
leaf_value=-1.1670051519782749e-06 4.9750956619027885e-05 -0.00068190052942696542 0.00083492012970081276 -0.00077910184957641349 -0.00020939881481174538 -0.00064696737246663363 0.030969420783799252 -0.00053214263585905648 0.02056430478158653 0.0075369188164291501 0.031261165584946585 6.4128209292491087e-05 0.00048744726460970558 -0.00013724885356083404 0.0011082297231959082 -0.0022064680173537357 0.012794492371253786 -0.0086717249457052507 0.016208584515477752 -0.012266431842927084 -7.5478887843871689e-05 2.5929558262327569e-05 0.0056967265782318149 -0.0079945095678297662 0.017719081109922107 -0.0097334004886516119 -0.00071101506284101392 -0.00037370709548572027 0.025168599953077478 0.0096245675718211743
leaf_weight=3345 30 31 22 282 24 20 27 35 21 33 26 240 21 39 31 80 20 36 25 32 1311 1052 22 43 26 27 45 33 21 27
leaf_count=3345 30 31 22 282 24 20 27 35 21 33 26 240 21 39 31 80 20 36 25 32 1311 1052 22 43 26 27 45 33 21 27
internal_value=-0.0120713 -0.00032591 -0.000410734 -0.000338304 -0.0026204 0.00387324 0.00833333 -9.17993e-05 0.00229529 0.00353026 0.0105932 0.00208333 -0.00535714 -0.000427574 -0.00115857 -0.00364583 0.00138889 -0.00410448 -0.000479744 -0.00739437 -0.000112275 0.000791434 -0.00561594 -0.00649606 -0.00438389 -0.00133588 0.00144231 0.00635593 0.0103659 0.00121723
internal_weight=7027 3682 3652 3621 353 71 51 3268 403 347 59 288 56 2865 1791 384 108 67 1407 71 1336 1074 276 254 211 131 104 59 41 267
internal_count=7027 3682 3652 3621 353 71 51 3268 403 347 59 288 56 2865 1791 384 108 67 1407 71 1336 1074 276 254 211 131 104 59 41 267
is_linear=0
shrinkage=0.05


Tree=211
num_leaves=31
num_cat=0
split_feature=18 18 2 9 18 13 1 0 15 15 2 6 5 15 15 7 13 3 4 15 18 13 2 13 16 16 12 12 2 14
split_gain=424.482 0.921464 0.883584 0.77583 0.948308 1.8267 1.50397 1.3763 0.956687 0.829457 0.833528 1.4963 1.05695 1.04585 1.29727 0.739519 1.53782 1.58091 1.24076 1.19995 1.12921 1.16157 1.80506 1.13295 1.07342 1.18522 1.56118 1.54934 1.78026 1.77614
threshold=1.0000000180025095e-35 0.14633312961828854 9.5000000000000018 0.96900085243778578 7.3979599529612505 0.30152419456589125 56.000000000000007 310.50000000000006 15.736710028536377 79.836127722077535 218.50000000000003 28.500000000000004 23.500000000000004 61.00903231369464 70.906652700498583 -0.25881904510252113 0.95890541068206059 19.650000000000002 12.15 0.70748362666980424 1.6444520525020312 0.050286918463284168 36.500000000000007 0.028901772731160725 21.536507056979044 20.793619223353513 273.4060019381904 268.24075522410413 104.50000000000001 63.841016419850583
decision_type=2 2 2 2 2 2 2 2 2 2 2 2 2 2 2 2 2 2 2 2 2 2 2 2 2 2 2 2 2 2
left_child=-1 -2 -3 15 6 8 -5 -7 -6 10 -9 -12 13 -13 -15 16 17 18 -4 -19 23 -22 -23 -21 25 -24 27 28 -27 -30
right_child=1 2 3 4 5 7 -8 9 -10 -11 11 12 -14 14 -16 -17 -18 19 -20 20 21 22 24 -25 -26 26 -28 -29 29 -31
leaf_value=-1.1086548943793612e-06 4.7263408788076649e-05 -0.00064780550295561736 5.0745139258623345e-06 6.0839602345957869e-06 3.3267550187243704e-05 -0.010574090353519772 -0.0021957974685715698 -0.0020620847611988679 0.010750575301957534 -0.0031564274542326132 0.021191283664950336 0.0089778983930006717 0.0013529344325839078 -0.0086559433097914262 -0.00024053190243087386 -0.00010289598329660254 0.020894351097315678 0.00077998787012008026 0.040126260635078383 -0.00026088359144597065 0.00020601731052575235 -0.0016665114866674547 5.2509774011255678e-05 -0.0068874719826056592 0.0012306492106826995 -0.0034688809301975931 -0.0063641806288323721 0.010414224647239279 0.0064466518793496524 -0.0032133350113028314
leaf_weight=3345 30 31 21 21 25 21 29 100 21 22 27 20 21 21 25 1828 33 25 22 29 61 20 639 22 330 20 49 26 58 85
leaf_count=3345 30 31 21 21 25 21 29 100 21 22 27 20 21 21 25 1828 33 25 22 29 61 20 639 22 330 20 49 26 58 85
internal_value=-0.0121069 -0.000393808 -0.000465498 -0.000393538 -0.0026204 -0.00156766 -0.009 -0.00321012 0.0076087 -0.00211864 -0.00116822 0.00175439 -0.00143678 -0.00454545 -0.00869565 -0.000152999 0.000694444 0.000444208 0.00988372 0.000146628 -5.60119e-05 0.000232919 -0.000101874 -0.00735294 0.000144988 -0.000769669 -0.00378151 -0.00171958 -0.00352761 -0.00157343
internal_weight=7027 3682 3652 3621 353 303 50 257 46 236 214 114 87 66 46 3268 1440 1407 43 1364 1339 1288 1227 51 1207 877 238 189 163 143
internal_count=7027 3682 3652 3621 353 303 50 257 46 236 214 114 87 66 46 3268 1440 1407 43 1364 1339 1288 1227 51 1207 877 238 189 163 143
is_linear=0
shrinkage=0.05


Tree=212
num_leaves=31
num_cat=0
split_feature=18 18 6 18 0 11 16 17 8 0 18 10 12 4 11 9 6 17 2 2 0 0 0 3 17 0 14 13 6 1
split_gain=423.077 0.930087 0.827922 2.53551 1.70183 1.73517 1.61906 2.34304 2.20528 1.52231 1.21413 1.13437 1.09373 1.04609 1.12071 1.02597 0.96655 0.960801 1.03855 1.60286 1.37116 2.14719 1.2398 1.06357 2.59182 1.03671 1.37043 1.0222 0.920339 1.37724
threshold=1.0000000180025095e-35 0.14633312961828854 87.500000000000014 17.685032753126457 213.50000000000003 28.465057462023129 15.629519646332595 28.039348816420901 -0.12940952255126037 290.50000000000006 22.103989396390279 -0.7721279831368929 286.50129019879785 27.950000000000003 34.685640458452077 0.99551215362393841 90.500000000000014 18.486405453977486 348.50000000000006 326.50000000000006 659.50000000000011 714.50000000000011 635.50000000000011 34.050000000000004 29.202805384419911 414.50000000000006 51.753992821228927 0.56546986341837824 25.500000000000004 473.60000000000008
decision_type=2 2 2 2 2 2 2 2 2 2 2 2 2 2 2 2 2 2 2 2 2 2 2 2 2 2 2 2 2 2
left_child=-1 -2 15 6 -5 9 -4 8 11 -6 -7 -8 -10 14 -12 -3 -16 -18 19 20 23 -22 -20 24 27 -25 -27 -19 -17 -30
right_child=1 2 3 4 5 10 7 -9 12 -11 13 -13 -14 -15 16 28 17 18 22 -21 21 -23 -24 25 -26 26 -28 -29 29 -31
leaf_value=-1.0532221496603932e-06 4.4900238348672722e-05 1.4250464578813295e-06 -0.00044784062363327774 -0.006527647442580076 0.0026419470489702948 -0.010120029503163864 0.0002706936196763543 -0.00020072645297330993 -4.4315602438138592e-05 -0.0047821208151164647 0.0062036595279922231 0.0076293478503385755 0.00089255024141056134 0.0064933307538693977 -0.0026624558295033299 -0.0015904084575453226 0.0010106998238329724 0.0066418456764809619 0.026532783305119524 -0.014168986719541721 0.0046245400884526331 -0.0010181711995329579 -0.00058712750383911334 -0.013682502135069009 -0.01254564017413813 -0.00040120981309055281 -0.014466650144938954 -0.00099016039272239466 -0.0018743953762339783 0.0005549952327154273
leaf_weight=3345 30 2791 66 21 29 25 24 55 43 20 40 40 24 20 21 37 27 28 21 20 24 65 28 20 25 22 21 54 20 21
leaf_count=3345 30 2791 66 21 29 25 24 55 43 20 40 40 24 20 21 37 27 28 21 20 24 65 28 20 25 22 21 54 20 21
internal_value=-0.0121282 -0.000434546 -0.000506572 -0.00194764 -0.00390772 -0.00333333 0.00218254 0.00456989 0.00820611 0.00561224 -0.00428416 0.0148438 0.00186567 -0.00366972 -0.00420673 -0.00011328 -0.00505319 -0.00443662 -0.00518293 -0.00636201 -0.00530888 -0.000280899 0.00153061 -0.00794118 -0.00490654 -0.0130952 -0.00872093 -0.000609756 -0.00576923 -0.000609756
internal_weight=7027 3682 3652 783 531 510 252 186 131 49 461 64 67 436 416 2869 376 355 328 279 259 89 49 170 107 63 43 82 78 41
internal_count=7027 3682 3652 783 531 510 252 186 131 49 461 64 67 436 416 2869 376 355 328 279 259 89 49 170 107 63 43 82 78 41
is_linear=0
shrinkage=0.05


Tree=213
num_leaves=31
num_cat=0
split_feature=18 18 9 4 6 14 17 17 0 5 12 4 3 16 7 2 14 17 3 2 11 13 11 11 10 17 16 15 16 10
split_gain=423.545 0.927208 0.976872 1.15852 1.01075 2.04935 2.69998 2.31463 1.87578 1.7762 1.44063 1.19688 1.13925 1.12029 1.09576 1.52659 1.46286 2.04522 1.00901 1.18492 1.14599 0.987219 1.25481 1.45819 1.00087 0.904923 0.787564 1.92463 1.64293 1.37341
threshold=1.0000000180025095e-35 0.14633312961828854 0.99551215362393841 19.050000000000004 95.500000000000014 55.860123693482208 28.180766647674027 27.142913979334427 663.50000000000011 21.500000000000004 283.18689051146339 10.350000000000003 32.550000000000004 19.345148003870403 -0.98296291314453399 135.50000000000003 7.4388731923183204 21.765376512263217 35.850000000000001 164.50000000000003 57.225135800768676 0.38700020802995633 39.485989132386152 52.005368904640719 -0.8038981836306559 30.305804713593854 19.132205199484385 62.673831713592016 19.012620085313646 -0.9975933521984367
decision_type=2 2 2 2 2 2 2 2 2 2 2 2 2 2 2 2 2 2 2 2 2 2 2 2 2 2 2 2 2 2
left_child=-1 -2 4 18 26 6 7 8 9 -6 14 -9 13 -7 -11 16 17 -16 19 -4 -21 -17 -23 24 -24 -8 27 28 -3 -28
right_child=1 2 3 -5 5 12 25 11 -10 10 -12 -13 -14 -15 15 21 -18 -19 -20 20 -22 22 23 -25 -26 -27 29 -29 -30 -31
leaf_value=-1.0005610421773735e-06 4.2655226431239336e-05 1.5779934241577643e-05 0.00030171606693134572 -0.0017675504527875142 0.00055789321555543836 -0.0070118389308493796 -0.012320263329363935 1.7502781346345754e-05 0.01623075726657195 -0.0086897309183697983 0.00092724663687114854 0.02059575953869457 -0.0037727485936365213 0.00023600614593775049 -0.00057195306008557274 -0.0036655341496416582 0.0060096308243691166 0.00099624161531651771 0.013385159371338773 -0.019954956933481684 -0.00067631148074198677 0.0011086508930697291 -0.0062607329814212244 -0.00021232334993488423 -0.0145036947092974 -0.00037969227368343382 0.0011644727971184654 0.019849562290126955 0.0028454949993502511 -6.3281996670194745e-05
leaf_weight=3345 30 427 37 21 23 25 42 22 22 26 36 28 67 36 23 39 20 27 20 29 26 35 20 58 22 32 45 37 31 2376
leaf_count=3345 30 427 37 21 23 25 42 22 22 26 36 28 67 36 23 39 20 27 20 29 26 35 20 58 22 32 45 37 31 2376
internal_value=-0.0121211 -0.000420967 -0.000492881 -0.00469925 -0.000333902 -0.00219735 -0.000684211 0.000935162 -0.000498575 -0.00144377 -0.00245098 0.011 -0.0078125 -0.00286885 -0.0037037 -0.00266393 0.00357143 -0.001 -0.00267857 -0.0048913 -0.00954545 -0.00517241 -0.00314815 -0.006 -0.0130952 -0.00945946 5.14403e-05 0.00186869 0.000982533 -0.000320116
internal_weight=7027 3682 3652 133 3519 603 475 401 351 329 306 50 128 61 270 244 70 50 112 92 55 174 135 100 42 74 2916 495 458 2421
internal_count=7027 3682 3652 133 3519 603 475 401 351 329 306 50 128 61 270 244 70 50 112 92 55 174 135 100 42 74 2916 495 458 2421
is_linear=0
shrinkage=0.05


Tree=214
num_leaves=31
num_cat=0
split_feature=18 18 2 3 11 9 2 2 15 13 13 15 18 13 18 13 3 18 18 18 18 0 9 13 3 18 18 18 16 18
split_gain=427.297 0.904338 0.815299 1.26759 1.02822 0.792824 0.995927 1.40065 1.47599 0.974121 0.739496 2.02535 1.93406 1.68002 1.22267 2.57751 1.91012 1.31712 1.74136 2.78781 2.07159 1.43349 1.63527 1.17704 1.14716 1.04975 3.14024 2.75968 2.52222 2.39615
threshold=1.0000000180025095e-35 0.14633312961828854 10.500000000000002 30.350000000000005 -2.4882949219403039 0.99551215362393841 220.50000000000003 177.50000000000003 9.1412000679288461 0.87925271449861631 0.034437018609096537 2.8589336441309938 3.4530842455602673 0.028901772731160725 4.3732017446696894 0.067472974506085817 10.450000000000001 5.000550070574433 6.3425238804615178 7.2241895993209218 5.4574946968981326 108.50000000000001 0.59125596962661842 0.13904003539040038 30.950000000000003 17.685032753126457 15.339071760111681 19.707186428447081 21.921539966464639 21.120544749051671
decision_type=2 2 2 2 2 2 2 2 2 2 2 2 2 2 2 2 2 2 2 2 2 2 2 2 2 2 2 2 2 2
left_child=-1 -2 3 -3 -4 10 7 8 -7 -8 13 -12 -13 24 -14 -16 -17 -18 20 -20 -19 22 -21 -23 -6 26 28 -27 -25 -29
right_child=1 2 4 -5 5 6 9 -9 -10 -11 11 12 14 -15 15 16 17 18 19 21 -22 23 -24 25 -26 27 -28 29 -30 -31
leaf_value=-9.5053299006850471e-07 4.0522465109677466e-05 -0.00053459462312590721 0.0006511833219826652 6.1436186229938547e-05 -7.6428360601743528e-05 -0.0014450886469379754 0.0046802992774100721 -0.023827734461107399 0.0049321269175424121 -0.00081517493217226906 0.00012492926845695252 -0.00073515162877011439 0.0055972889559237965 -0.0068850630202362487 -0.0056247967769003093 0.028508993201793453 -0.0048390235832172614 -0.00071504261090389327 -0.0097919598491236215 0.0034600152541716337 0.0050711133841552904 -0.035842782774846781 0.00055392745601783315 -0.00099660483926538039 0.00011490999629983345 -0.0066938951788635855 0.0095084521874200696 0.0029614984738500997 0.0023747352663678889 -0.00015928932571878109
leaf_weight=3345 30 30 26 24 39 21 22 26 29 34 145 21 37 23 27 23 26 28 53 28 48 20 57 148 40 89 66 85 21 2416
leaf_count=3345 30 30 26 24 39 21 22 26 29 34 145 21 37 23 27 23 26 28 53 28 48 20 57 148 40 89 66 85 21 2416
internal_value=-0.0120642 -0.00031233 -0.000383352 -0.00648148 -0.000291829 -0.000363942 -0.00416667 -0.00789474 -0.003 0.000892857 -0.000218023 -8.98742e-05 -0.000352333 -0.00441176 -0.000252207 -0.000358852 -0.000225225 -0.000332253 -0.000237006 -0.000427422 0.00723684 -0.000221843 0.00617647 -0.000413005 -0.000949367 -0.000327434 0.00287234 -0.000617761 -0.000739645 -0.000309876
internal_weight=7027 3682 3652 54 3598 3572 132 76 50 56 3440 3338 3193 102 3172 3135 3108 3085 3059 2983 76 2930 85 2845 79 2825 235 2590 169 2501
internal_count=7027 3682 3652 54 3598 3572 132 76 50 56 3440 3338 3193 102 3172 3135 3108 3085 3059 2983 76 2930 85 2845 79 2825 235 2590 169 2501
is_linear=0
shrinkage=0.05


Tree=215
num_leaves=31
num_cat=0
split_feature=18 18 4 4 12 13 7 1 16 1 6 15 17 15 1 1 4 4 4 5 3 4 15 15 14 10 3 3 11 9
split_gain=423.545 0.927208 0.752807 1.10985 1.05641 2.025 1.17857 0.891096 1.01739 0.715361 0.763053 1.31088 2.21588 1.30839 1.54322 1.49312 1.12999 1.75412 1.52023 1.04131 1.74081 1.18466 1.01386 1.01167 1.59269 1.00957 1.0528 1.15433 1.0084 0.963978
threshold=1.0000000180025095e-35 0.14633312961828854 1.7000000000000004 3.4500000000000006 147.7585125690716 0.52172247240588365 -0.25881904510252113 751.50000000000011 24.245844823122862 733.9000000000002 7.5000000000000009 67.192383518535209 32.180017565320156 57.97273243836387 495.10000000000008 580.65000000000009 24.550000000000004 28.550000000000004 30.150000000000002 47.500000000000007 20.250000000000004 24.550000000000004 0.31915975886824305 16.504519093973894 42.414992503432856 -0.97870382656940669 39.350000000000001 35.95000000000001 -1.198049777575469 0.83827194252655779
decision_type=2 2 2 2 2 2 2 2 2 2 2 2 2 2 2 2 2 2 2 2 2 2 2 2 2 2 2 2 2 2
left_child=-1 -2 -3 4 5 -4 -6 9 -9 10 11 13 19 15 -15 22 -12 23 -19 20 -13 -22 -5 -18 -25 26 27 -24 -27 -17
right_child=1 2 3 7 6 -7 -8 8 -10 -11 16 12 -14 14 -16 29 17 18 -20 -21 21 -23 25 24 -26 28 -28 -29 -30 -31
leaf_value=-9.030063405650795e-07 3.849634185419341e-05 0.0016498904580673824 -0.0011320677462705042 0.00049757933830060774 -0.00088112693524547707 0.0044272856059150104 -0.011541709565891269 0.0039124593872767125 0.045552589076103094 -0.0049169075491096951 -8.6740951373953656e-05 -0.016821201971425382 -0.0033297364961246247 0.0063359086342302364 -0.0055827548768126794 0.0019776743457775581 -8.8920901170963518e-05 0.0069905315674622772 -0.0022000571678125708 0.013643497662204851 0.013361879965075475 -0.00084710635283613556 -0.0039070382954714102 -0.0091619734778067407 -0.00061255210941233438 -0.0010059414766028175 -0.0017869759180070945 0.0031964024073036336 3.8380062630238854e-05 0.029214080120333465
leaf_weight=3345 30 24 20 21 44 20 33 26 20 44 1737 20 22 38 170 73 21 22 40 28 143 32 32 26 29 26 24 20 855 42
leaf_count=3345 30 24 20 21 44 20 33 26 20 44 1737 20 22 38 170 73 21 22 40 28 143 32 32 26 29 26 24 20 855 42
internal_value=-0.0121211 -0.000420967 -0.000492881 -0.000551268 -0.00534188 0.00125 -0.00876623 -0.000391626 0.00652174 -0.000483405 -0.000401929 0.00042044 0.00377551 -0.000211376 -0.00384615 0.000480329 -0.00108 -0.00543478 0.000806452 0.00526906 0.00397436 0.00557143 -0.000153374 -0.0105263 -0.0140909 -0.00039185 -0.00592105 -0.00192308 8.51305e-05 0.00586957
internal_weight=7027 3682 3652 3628 117 40 77 3511 46 3465 3421 1546 245 1301 208 1093 1875 138 62 223 195 175 978 76 55 957 76 52 881 115
internal_count=7027 3682 3652 3628 117 40 77 3511 46 3465 3421 1546 245 1301 208 1093 1875 138 62 223 195 175 978 76 55 957 76 52 881 115
is_linear=0
shrinkage=0.05


Tree=216
num_leaves=31
num_cat=0
split_feature=18 18 2 15 9 3 13 11 3 13 13 18 17 2 14 3 16 15 16 4 10 6 9 16 18 9 4 0 10 16
split_gain=424.482 0.603118 0.797097 1.08158 1.00812 1.41538 0.798209 0.931107 0.725926 0.640806 1.33949 1.28928 1.53375 0.890909 0.885366 1.30662 0.930749 1.42664 1.30473 1.68875 1.30191 1.64835 0.875758 0.740698 2.15405 1.05889 0.700804 2.19807 1.8262 1.63524
threshold=1.0000000180025095e-35 0.14633312961828854 10.500000000000002 0.85959961181910327 0.2595093939220971 31.050000000000004 0.02505707762557078 1.0000000180025095e-35 30.350000000000005 0.99939540507859748 0.97727673673113757 61.859443515976871 24.674807525114343 318.50000000000006 64.548633676675948 38.050000000000004 21.287228689081797 73.50151539067366 22.480631958384027 12.950000000000001 -0.14153505243942446 9.5000000000000018 -0.25534383660447119 22.352907768949716 74.035198604391965 0.14153898451656996 13.950000000000001 691.50000000000011 -0.76107606668641947 23.984022187878914
decision_type=2 2 2 2 2 2 2 2 2 2 2 2 2 2 2 2 2 2 2 2 2 2 2 2 2 2 2 2 2 2
left_child=-1 -2 8 4 -4 -6 -5 -8 -3 10 26 -11 13 22 15 -14 17 20 -18 -20 21 -16 -13 24 25 -12 28 29 -9 -28
right_child=1 2 3 6 5 -7 7 9 -10 11 23 12 14 -15 16 -17 18 -19 19 -21 -22 -23 -24 -25 -26 -27 27 -29 -30 -31
leaf_value=-8.5785602353682556e-07 3.657152476148392e-05 -0.00050352784440091467 0.00034721799576446641 -0.0017362810895735438 -0.00019457786864428425 0.00010724549335333068 0.00068422286416083833 0.00060500243810022178 7.7247509724917566e-06 0.019026330050044751 -0.0086010597283131315 0.0024110785617430966 0.013410676015632107 -0.0047620004343716721 0.029167482082187491 -2.1426340837749081e-05 0.017662378284337168 -0.01598014187285415 -0.0023093095691841372 0.019617720226972325 0.011081715968358453 -0.00952239495870515 -0.0063989972149837374 -0.0082022476919451758 0.0057656520919682208 -0.00087758108399853545 -0.00039251302642733248 0.0030164859158269054 -0.00012424215322541789 0.0028941386650560121
leaf_weight=3345 30 30 42 23 20 26 30 332 24 27 28 24 21 20 28 20 30 32 41 25 25 24 20 20 20 34 1123 210 1306 47
leaf_count=3345 30 30 42 23 20 26 30 332 24 27 28 24 21 20 28 20 30 32 41 25 25 24 20 20 20 34 1123 210 1306 47
internal_value=-0.0121069 -0.000393808 -0.000451807 -0.000361312 0.00511364 0 -0.000498575 -0.000437339 -0.00648148 -0.000513451 -0.000737179 0.00155786 0.000645161 -0.00625 0.00243902 0.00914634 0.00109756 -0.00206422 0.0046875 0.000757576 0.00162338 -0.00288462 -0.00227273 -0.00637255 -0.00426829 -0.00887097 -0.00054672 -0.00137681 0.000152625 -0.00222222
internal_weight=7027 3682 3652 3598 88 46 3510 3487 54 3457 3120 337 310 64 246 41 205 109 96 66 77 52 44 102 82 62 3018 1380 1638 1170
internal_count=7027 3682 3652 3598 88 46 3510 3487 54 3457 3120 337 310 64 246 41 205 109 96 66 77 52 44 102 82 62 3018 1380 1638 1170
is_linear=0
shrinkage=0.05


Tree=217
num_leaves=31
num_cat=0
split_feature=18 0 0 0 12 2 6 0 17 6 6 3 14 0 1 13 3 0 13 4 10 4 4 9 11 9 9 0 4 14
split_gain=419.343 0.647967 4.20751 2.92002 2.9169 1.41763 1.29296 1.63119 1.33057 1.26801 1.78354 1.94491 2.56677 1.50038 1.27212 1.5898 1.21904 1.22328 1.50096 1.18695 1.87746 1.80409 1.60948 1.3923 1.37885 1.16971 1.16667 1.12588 1.33209 1.6376
threshold=1.0000000180025095e-35 290.50000000000006 263.50000000000006 327.50000000000006 85.495933417996255 188.50000000000003 86.500000000000014 353.50000000000006 31.27657349735799 25.500000000000004 2.5000000000000004 31.350000000000005 24.241199778612899 231.50000000000003 140.00000000000003 0.057073487949604228 22.550000000000004 304.50000000000006 0.40079590158816064 12.450000000000001 -0.99463397642532658 13.350000000000003 5.9500000000000011 -0.53798524335129183 10.347694026713762 0.97873101657557349 -0.78026694822287734 207.50000000000003 9.9500000000000011 24.241199778612899
decision_type=2 2 2 2 2 2 2 2 2 2 2 2 2 2 2 2 2 2 2 2 2 2 2 2 2 2 2 2 2 2
left_child=-1 2 5 16 -4 9 -5 -8 -9 10 27 26 14 19 15 -13 -3 -18 -19 22 -21 -22 -11 24 -23 -25 -12 28 -2 -30
right_child=1 3 4 6 -6 -7 7 8 -10 13 11 12 -14 -15 -16 -17 17 18 -20 20 21 23 -24 25 -26 -27 -28 -29 29 -31
leaf_value=-8.1496322235998427e-07 0.00064545981089977336 0.00011837623611157256 -0.0053137529642693698 -2.3599428590515006e-05 0.012544979638011001 -0.0030189478100808745 0.0062849179797169093 -0.00098143653928026717 0.0014331992686969386 -0.00016529285510991087 -0.0055869821052468745 0.00015141141939142012 -0.0040833855636307264 0.016350285237580576 0.0054453361238812953 -0.0022609488546939229 -0.023714097779684275 -0.00049420878358592552 -0.023234228707596574 0.00093722710036125154 -0.0046061701449528151 0.0011405189709905561 0.00046857066166383496 -0.00043686668327602571 -0.00010959032518091938 0.00036083700446635228 -0.00036104816893915985 -0.0028982376276017519 -5.9468360848535799e-05 0.0031490363822314297
leaf_weight=3345 114 23 28 1824 73 24 23 375 21 55 28 46 40 34 24 34 30 33 21 35 20 20 186 108 51 21 56 61 223 51
leaf_count=3345 114 23 28 1824 73 24 23 375 21 55 28 46 40 34 24 34 30 33 21 35 20 20 186 108 51 21 56 61 223 51
internal_value=-0.0121851 -0.000543183 0.000337838 -0.00104255 0.0101485 -0.0004671 -0.000657601 -0.00316229 -0.00391414 -0.000227838 -0.00166174 -0.00526316 -0.00173611 0.00160377 0.00240385 -0.000625 -0.00911215 -0.0119048 -0.00740741 0.000907258 -0.00147059 -0.00318182 0.00342324 -0.00175 0.00387324 -0.00484496 -0.0113095 0.000167038 0.00115979 -0.000729927
internal_weight=7027 3682 1332 2350 101 1231 2243 419 396 1207 677 228 144 530 104 80 107 84 54 496 255 220 241 200 71 129 84 449 388 274
internal_count=7027 3682 1332 2350 101 1231 2243 419 396 1207 677 228 144 530 104 80 107 84 54 496 255 220 241 200 71 129 84 449 388 274
is_linear=0
shrinkage=0.05


Tree=218
num_leaves=31
num_cat=0
split_feature=18 15 4 0 17 5 14 1 16 12 18 4 10 18 12 14 15 16 13 3 9 9 16 16 2 16 9 9 5 4
split_gain=417.018 0.714758 1.88616 1.67361 1.26579 1.55372 1.52567 1.0099 1.92953 1.00116 0.788852 0.723508 0.712826 0.659733 0.648195 1.36558 0.86679 1.575 0.977609 1.28251 0.868237 0.891372 0.862254 1.46764 1.4483 1.46805 1.24652 1.52709 1.34568 1.17092
threshold=1.0000000180025095e-35 75.813440406865595 13.850000000000003 811.00000000000011 32.573320438648473 16.500000000000004 68.917765224499036 705.1500000000002 22.682609723123054 188.49617444645676 77.402859657611643 7.8500000000000005 0.5488226286565131 76.140408329375774 203.19880857529418 69.896791293120344 0.70748362666980424 21.146375464630989 0.02505707762557078 19.650000000000002 0.9927395293426734 0.99762106698677389 21.520266436161041 20.659977793529368 216.50000000000003 22.511062294384303 -0.73538978246754161 -0.97109105924028405 9.5000000000000018 5.2500000000000009
decision_type=2 2 2 2 2 2 2 2 2 2 2 2 2 2 2 2 2 2 2 2 2 2 2 2 2 2 2 2 2 2
left_child=-1 7 4 12 5 11 -7 10 9 -9 13 -3 -4 14 15 -2 17 -16 -18 -20 22 -22 23 26 -24 -26 27 -21 -28 -25
right_child=1 2 3 -5 -6 6 -8 8 -10 -11 -12 -13 -14 -15 16 -17 18 -19 19 20 21 -23 24 29 25 -27 28 -29 -30 -31
leaf_value=-7.7421506124198507e-07 -9.7217972458452104e-05 -0.0025754574619419658 -0.001374426541347873 0.038185064439247185 0.0060467561498466441 0.011584351492246014 -0.0050931666025594074 0.01052881014136986 -0.0031254587394467848 0.0083617006684676195 -0.011819613958684983 -0.013219800282644202 0.0032537883308393135 0.0074164680620441466 3.5410681463357574e-05 -0.0099509956471074204 -0.0015370514434000894 0.00027824185158960345 0.0055820602510837317 -0.0028040549378733461 -0.0020861375900235401 -9.9781301815315974e-06 0.0001177714349774206 0.003077475393340379 0.0012637037047738887 0.021709809064200416 0.0043766542050482473 0.0058673019967644185 -0.00010202723294749916 -0.0013141195047388977
leaf_weight=3345 1621 23 21 21 26 26 64 27 34 26 28 21 22 21 36 22 31 20 33 37 28 37 274 25 67 30 35 89 638 299
leaf_count=3345 1621 23 21 21 26 26 64 27 34 26 28 21 22 21 36 22 31 20 33 37 28 37 274 25 67 30 35 89 638 299
internal_value=-0.0122207 -0.000611081 -0.00334821 0.00390625 -0.00625 -0.00820896 -0.00444444 -0.000433777 0.00488506 0.0108491 -0.000571047 -0.0159091 -0.00174419 -0.000501047 -0.000556893 -0.00126293 0.000134008 0.00625 -7.70179e-05 9.42211e-05 -0.000112251 -0.00576923 0.000133869 -0.000556545 0.00222372 0.00747423 0.000594493 0.00515873 -0.00026003 -0.00339506
internal_weight=7027 3682 224 64 160 134 90 3458 87 53 3371 44 43 3343 3322 1643 1679 56 1623 1592 1559 65 1494 1123 371 97 799 126 673 324
internal_count=7027 3682 224 64 160 134 90 3458 87 53 3371 44 43 3343 3322 1643 1679 56 1623 1592 1559 65 1494 1123 371 97 799 126 673 324
is_linear=0
shrinkage=0.05


Tree=219
num_leaves=31
num_cat=0
split_feature=18 12 14 12 17 9 12 1 1 18 9 14 5 15 18 18 14 6 5 16 6 17 11 17 17 16 5 16 5 3
split_gain=420.275 0.616908 0.75 0.596205 0.785666 1.00015 0.611507 0.915155 2.60667 0.949957 2.21984 1.9333 2.02381 1.66814 1.50457 1.66571 1.55636 1.04167 1.5267 1.15227 1.01021 0.926853 1.48476 1.18862 1.13092 2.13284 2.03679 1.47 1.20566 1.35792
threshold=1.0000000180025095e-35 293.1050434683292 10.282960876418951 72.994880810683711 25.886778583209672 0.2595093939220971 168.61458084558237 35.95000000000001 19.750000000000004 7.8152561656557316 0.53436760985011655 0.66663509656356035 45.500000000000007 10.307568942499255 17.685032753126457 18.8915876476247 2.4779778214078374 1.0000000180025095e-35 81.500000000000014 19.395020252743631 91.500000000000014 31.511135356097018 54.689586713636793 31.848138428176387 29.583309244010277 22.291253097935467 50.500000000000007 21.520266436161041 16.500000000000004 29.150000000000002
decision_type=2 2 2 2 2 2 2 2 2 2 2 2 2 2 2 2 2 2 2 2 2 2 2 2 2 2 2 2 2 2
left_child=-1 3 -3 4 5 -2 7 8 -5 10 17 12 -11 -13 -15 -16 -17 -9 19 -19 21 24 23 -23 -18 27 28 -26 -27 -30
right_child=1 2 -4 6 -6 -7 -8 9 -10 11 -12 13 -14 14 15 16 20 18 -20 -21 -22 22 -24 -25 25 26 -28 -29 29 -31
leaf_value=-7.3550430817988592e-07 6.8023475692082291e-05 0.00044357720948412505 1.0923760661918359e-06 -0.00013902826781578837 0.00011321838907904502 -0.00025566939560744267 -1.4554789122556145e-05 0.00015979806412135257 0.0036442008262105976 0.0047521000524795689 -0.0016125408615551341 -0.022514129098263426 -0.00085348724642120288 0.0044386845127144525 -0.011214511153081121 0.025443420858531199 -0.00025221105415766941 -0.00020568680884736068 0.00014844964748426115 -0.0019933721698617069 -0.0015033897606371305 -0.009312974467275836 -0.01026092434404653 1.9300464085958426e-05 0.0022275153892991283 -0.0094443028679103598 -0.0076756938989150925 0.015617339597938429 0.026453617814734542 0.0013160786310391971
leaf_weight=3345 38 20 30 48 25 21 1933 58 28 30 53 27 21 32 27 20 725 20 28 24 196 21 20 77 30 20 25 20 23 42
leaf_count=3345 38 20 30 48 25 21 1933 58 28 30 53 27 21 32 27 20 725 20 28 24 196 21 20 77 30 20 25 20 23 42
internal_value=-0.0121709 -0.000516024 0.005 -0.00059196 0.00357143 0.000423729 -0.00069053 -0.00140867 0.00394737 -0.00167316 -0.00505464 -0.00121681 0.00833333 -0.00159004 -0.0013302 -0.00160514 -0.00133306 -0.00153846 -0.00555556 -0.0113636 -0.0015638 -0.000922233 -0.00508475 -0.00255102 -0.000367232 0.0034375 -0.000454545 0.012 0.00323529 0.00653846
internal_weight=7027 3682 50 3632 84 59 3548 1615 76 1539 183 1356 51 1305 1278 1246 1219 130 72 44 1199 1003 118 98 885 160 110 50 85 65
internal_count=7027 3682 50 3632 84 59 3548 1615 76 1539 183 1356 51 1305 1278 1246 1219 130 72 44 1199 1003 118 98 885 160 110 50 85 65
is_linear=0
shrinkage=0.05


Tree=220
num_leaves=31
num_cat=0
split_feature=18 12 12 4 15 15 1 1 3 5 11 2 15 16 16 15 10 1 2 0 17 16 4 4 4 17 16 9 16 5
split_gain=420.742 0.736489 0.946411 0.921979 1.20074 1.34474 1.44678 1.29985 1.25108 0.912615 0.897091 1.7079 1.67112 0.994925 1.45776 0.871028 1.28211 1.04208 1.00035 1.72042 0.870554 1.62967 1.60947 1.39891 1.42118 1.25616 1.73144 1.5239 2.09723 1.68134
threshold=1.0000000180025095e-35 79.968514907354049 168.61458084558237 3.4500000000000006 80.801868519030933 75.813440406865595 652.00000000000011 700.95000000000016 27.650000000000002 20.500000000000004 8.3798494190755601 32.500000000000007 3.4742645479362539 12.788438098145186 13.31223909657855 70.738785339749214 0.99370977118463066 541.05000000000007 217.50000000000003 691.50000000000011 26.216152394423652 19.480638345519537 28.550000000000004 10.15 12.450000000000001 26.478115463962919 20.472225282038945 0.48250327361223927 22.49974786182614 48.500000000000007
decision_type=2 2 2 2 2 2 2 2 2 2 2 2 2 2 2 2 2 2 2 2 2 2 2 2 2 2 2 2 2 2
left_child=-1 -2 10 9 5 15 -7 -8 -9 -4 -3 -12 -13 -14 -15 16 -5 -17 19 -19 22 -22 23 -16 -25 -23 -27 28 -28 -29
right_child=1 2 3 4 -6 6 7 8 -10 -11 11 12 13 14 20 17 -18 18 -20 -21 21 25 -24 24 -26 26 27 29 -30 -31
leaf_value=-6.9872909277089162e-07 3.4255211109447682e-05 -0.00019329689849268417 -0.0013241671124102794 -1.3827049666303993e-05 0.014263010250873976 -0.0052407056894885791 0.013918803153480753 -0.00041154206169053965 -0.0055757030665105848 -0.00026355627274483596 0.00019702566191468485 -0.0019782988916455468 0.0010440056173832701 -0.0011468419553963827 0.00015912338920571757 0.011379156446720985 0.0043384422214789 -0.0003178625768583743 -0.0020036391341459849 0.036116055147173046 0.02253319474789053 0.0090851751419010369 0.011593531338898089 -0.0084695562359577547 -0.00089167050653919948 -0.0083345315915611447 0.0011114321021224783 -0.00051491991943279918 -0.0062306754646835223 -0.0033141236893126091
leaf_weight=3345 212 53 36 1607 45 20 23 42 22 47 33 30 29 20 131 20 28 35 34 24 29 24 23 57 262 68 243 416 30 39
leaf_count=3345 212 53 36 1607 45 20 23 42 22 47 33 30 29 20 131 20 28 35 34 24 29 24 23 57 262 68 243 416 30 39
internal_value=-0.0121638 -0.000502444 -0.000677233 3.78215e-05 0.000263158 6.73854e-05 -0.00537383 -0.00258621 -0.00625 -0.00512048 -0.0016308 -0.0013947 -0.00165953 -0.00140408 -0.00160209 0.000400458 0.000107034 0.00464602 0.00241935 0.00635593 -0.00139939 -0.000441696 -0.00311839 -0.00377778 -0.00556426 -0.000853659 -0.00119347 -0.000480769 0.00247253 -0.00225275
internal_weight=7027 3682 3470 1983 1900 1855 107 87 64 83 1487 1434 1401 1371 1342 1748 1635 113 93 59 1322 849 473 450 319 820 796 728 273 455
internal_count=7027 3682 3470 1983 1900 1855 107 87 64 83 1487 1434 1401 1371 1342 1748 1635 113 93 59 1322 849 473 450 319 820 796 728 273 455
is_linear=0
shrinkage=0.05


Tree=221
num_leaves=31
num_cat=0
split_feature=18 4 4 12 13 2 14 3 3 10 4 0 0 0 4 18 18 18 18 2 18 16 5 6 17 9 18 9 10 13
split_gain=419.809 0.914342 0.647135 1.3342 1.39518 0.817942 0.702475 0.688659 1.61847 0.994285 2.89366 1.03323 4.8434 2.0848 2.88545 1.6248 2.65508 1.51779 1.49414 2.93906 1.58806 1.23098 1.5378 1.38489 1.50492 1.50723 1.45248 1.14654 1.62988 1.13164
threshold=1.0000000180025095e-35 1.7000000000000004 3.4500000000000006 147.7585125690716 0.52172247240588365 195.50000000000003 67.529407829454598 17.250000000000004 14.750000000000002 0.98662138620987927 13.050000000000002 108.50000000000001 101.50000000000001 127.50000000000001 17.050000000000004 8.9875434930812759 9.4414467071583399 8.3957515510129301 6.3425238804615178 78.500000000000014 6.0593996921965543 23.740307131660245 14.500000000000002 18.500000000000004 21.765376512263217 0.823915376013162 1.8469460409689256 -0.99052327954040364 -0.7721279831368929 0.018359880627067459
decision_type=2 2 2 2 2 2 2 2 2 2 2 2 2 2 2 2 2 2 2 2 2 2 2 2 2 2 2 2 2 2
left_child=-1 -2 3 4 -3 -5 -7 8 -4 11 -11 12 18 14 -13 17 -17 -15 20 -20 21 22 -9 27 26 -26 -25 -24 29 -29
right_child=1 2 7 5 -6 6 -8 9 -10 10 -12 13 -14 15 -16 16 -18 -19 19 -21 -22 -23 23 24 25 -27 -28 28 -30 -31
leaf_value=-6.6379263813234697e-07 0.0012372082290934118 -0.0013444062785433531 5.8004742346129401e-05 -0.00037534436297780027 0.0041822414123835472 -0.01845307708271058 -0.001646144321907528 0.00020946367044684112 -0.0019696011086526967 -0.016476739355120885 0.064203304637407754 0.00023044626551471659 0.0038479631468667733 -6.0809032632302974e-05 -0.027581655941597297 -0.019304734266147251 -0.00014848932406987816 0.0086642135365123003 -0.0074349575393220851 0.0012490393703896265 0.0091092251958578407 -0.00027130022576792311 0.0002147658482876347 -0.0032586798066288948 0.00025964726604908657 -0.00015140229300376063 5.3020737428566281e-05 9.5891468118419754e-05 -0.00063958831038959528 -0.00031400463180850661
leaf_weight=3345 25 21 119 30 20 23 24 36 73 20 27 30 42 24 25 25 2591 22 43 23 20 24 23 20 124 39 27 37 92 33
leaf_count=3345 25 21 119 30 20 23 24 36 73 20 27 30 42 24 25 25 2591 22 43 23 20 24 23 20 124 39 27 37 92 33
internal_value=-0.012178 -0.000529603 -0.00059475 -0.00423729 0.00304878 -0.00811688 -0.012234 -0.000473298 -0.00338542 -0.000306244 0.00691489 -0.000409091 0.00150086 -0.000818918 -0.0104545 -0.000619835 -0.000783639 0.00869565 0.000231054 -0.00681818 0.00121053 0.000604396 0.0012181 0.000316456 0.00309524 0.0053681 -0.00478723 -0.00283784 -0.00432099 0.00142857
internal_weight=7027 3682 3657 118 41 77 47 3539 192 3347 47 3300 583 2717 55 2662 2616 46 541 66 475 455 431 395 210 163 47 185 162 70
internal_count=7027 3682 3657 118 41 77 47 3539 192 3347 47 3300 583 2717 55 2662 2616 46 541 66 475 455 431 395 210 163 47 185 162 70
is_linear=0
shrinkage=0.05


Tree=222
num_leaves=31
num_cat=0
split_feature=18 17 17 12 3 16 17 15 14 16 10 4 5 3 5 5 6 4 12 3 12 10 5 5 13 9 9 11 15 4
split_gain=420.275 0.756719 1.0077 0.967134 1.30739 0.926956 0.842527 1.20331 1.09491 1.65117 0.82165 4.00758 0.791041 0.764022 0.739139 0.702803 1.41179 1.0006 0.708379 0.960359 1.02126 0.940571 1.05634 1.26197 1.63937 1.24547 0.871202 1.40833 1.25742 1.36513
threshold=1.0000000180025095e-35 8.7454516935037496 15.829891493726066 72.994880810683711 30.450000000000003 12.788438098145186 20.726919771616817 8.9079150724814919 43.009981997311336 14.62934842512851 0.99164058729498161 12.950000000000001 51.500000000000007 31.150000000000002 6.5000000000000009 82.500000000000014 85.500000000000014 8.8500000000000032 124.74909930445283 14.450000000000001 126.92129392765953 0.76663042157996963 37.500000000000007 44.500000000000007 0.72877088688946035 0.81900730237416519 -0.99273952934267318 56.05731918080911 62.817974488163422 12.950000000000001
decision_type=2 2 2 2 2 2 2 2 2 2 2 2 2 2 2 2 2 2 2 2 2 2 2 2 2 2 2 2 2 2
left_child=-1 -2 -3 4 -4 -5 7 -7 9 12 14 -12 -9 -6 -8 18 17 -17 21 -20 -21 22 -16 24 25 -24 27 28 29 -22
right_child=1 2 3 5 13 6 10 8 -10 -11 11 -13 -14 -15 15 16 -18 -19 19 20 26 -23 23 -25 -26 -27 -28 -29 -30 -31
leaf_value=-6.3060300622572967e-07 0.0020247290400069342 -0.0045491281321582621 0.00020022037410338778 0.005449812476685612 -2.4636102900779493e-05 -0.0031490354832364974 0.0031516752317735986 0.014254948643016975 -0.010537806978128117 -0.0023691182135795689 -0.017185630387534446 0.065415143087299302 0.00016723499969213408 8.9584996789232604e-05 -0.0011393189923989411 0.00022568185059611558 0.0023444351321964653 -0.00050482078176308234 0.015345728769543855 0.014787995144354938 0.00010947819737251453 -0.0025062486216105742 0.0054511537768874522 -0.00013899294865089563 -0.0029806907488783454 0.00015940445330846488 -1.0015288610221162e-05 -0.051078500244029004 0.0042340003390100023 -0.0017556144300911571
leaf_weight=3345 24 37 27 39 26 30 31 24 33 26 44 22 35 29 341 20 29 28 33 21 34 20 33 476 22 38 2070 22 32 36
leaf_count=3345 24 37 27 39 26 30 31 24 33 26 44 22 35 29 341 20 29 28 33 21 34 20 33 476 22 38 2070 22 32 36
internal_value=-0.0121709 -0.000516024 -0.000574084 -0.000490196 0.00487805 -0.00061458 -0.0007 -0.00439189 -0.00211864 0.000882353 -0.000536993 -0.00606061 0.00550847 0.000454545 -0.00042605 -0.000499232 0.00422078 -0.00104167 -0.000613593 -0.000133452 -0.000259594 -0.00177419 -0.00153846 -0.000219684 0.00510753 0.00880282 -0.000364631 -0.00443548 -0.00196078 -0.00571429
internal_weight=7027 3682 3658 3621 82 3539 3500 148 118 85 3352 66 59 55 3286 3255 77 48 3178 2248 2215 930 910 569 93 71 2194 124 102 70
internal_count=7027 3682 3658 3621 82 3539 3500 148 118 85 3352 66 59 55 3286 3255 77 48 3178 2248 2215 930 910 569 93 71 2194 124 102 70
is_linear=0
shrinkage=0.05


Tree=223
num_leaves=31
num_cat=0
split_feature=18 5 15 2 13 18 13 9 18 18 2 15 0 2 14 13 9 6 13 5 6 5 10 4 16 4 4 3 5 0
split_gain=422.142 0.745251 0.600556 1.22082 0.773923 0.684711 1.51703 1.45185 1.17762 1.48104 1.2757 1.76481 1.32139 2.75014 2.01094 3.62014 1.82611 1.95088 1.95201 1.11394 1.11233 1.88085 0.966942 3.30326 0.965623 0.964846 1.11849 1.07157 0.939017 1.40265
threshold=1.0000000180025095e-35 6.5000000000000009 0.14690278490434797 9.5000000000000018 0.016418838862559248 1.6444520525020312 0.053817355889724312 0.54883787585413535 3.4530842455602673 4.3732017446696894 55.500000000000007 5.384331108919489 108.50000000000001 85.500000000000014 0.66663509656356035 0.1472466874003607 0.93836870211866363 34.500000000000007 0.11284262738057783 82.500000000000014 95.500000000000014 84.500000000000014 0.99164058729498161 12.350000000000003 20.702078578527264 20.150000000000002 8.2500000000000018 32.550000000000004 16.500000000000004 841.00000000000011
decision_type=2 2 2 2 2 2 2 2 2 2 2 2 2 2 2 2 2 2 2 2 2 2 2 2 2 2 2 2 2 2
left_child=-1 -2 -3 -4 -5 24 7 25 -8 -10 11 19 13 16 -14 -16 17 18 -12 -11 21 22 28 -24 -6 26 -7 -28 -17 -30
right_child=1 2 3 4 5 6 8 -9 9 10 12 -13 14 -15 15 20 -18 -19 -20 -21 -22 -23 23 -25 -26 -27 27 -29 29 -31
leaf_value=-5.9907285591444312e-07 0.0029940914701849231 5.5825373644187613e-05 -8.9437701138641792e-05 0.00012369856611585406 -0.0010774070524828927 1.5788568976227158e-05 -0.0005251352957219346 -0.00016435994950418366 0.0057263440556905576 -0.0086115747088461037 -0.0039884640170571254 4.5798357369619683e-06 0.014141716009449624 0.0049524066321172903 -0.018265171149369187 -0.0007503741789202323 0.0017052585596922132 0.00020184170877581844 0.00039492619003573816 -0.001950708025439818 -0.00064136922187403307 0.021465935373898227 -0.026071484874468712 0.05772238225117228 -4.857231226298997e-06 -6.5523003132816898e-05 0.00068831428702883504 0.00037366188948628754 6.0264347487404286e-06 0.029777180232752443
leaf_weight=3345 31 52 31 38 49 22 23 24 38 24 30 45 20 25 36 491 23 67 35 23 497 20 32 21 54 20 34 29 1804 44
leaf_count=3345 31 52 31 38 49 22 23 24 38 24 30 45 20 25 36 491 23 67 35 23 497 20 32 21 54 20 34 29 1804 44
internal_value=-0.0121425 -0.000461706 -0.000527253 -0.000604335 -0.000518498 -0.000594901 -0.000474176 0.00484496 -0.000682232 -0.000603053 -0.000718258 -0.00652174 -0.00054849 0.00361111 -0.000801012 -0.000908319 0.00112903 -0.00113636 -0.00730769 -0.0132979 -0.000713304 -0.000269486 -0.000397157 -0.00707547 -0.00461165 0.00738095 0.00970588 0.0130952 -0.000245832 0.000270563
internal_weight=7027 3682 3651 3599 3568 3530 3427 129 3298 3275 3237 92 3145 180 2965 2945 155 132 65 47 2909 2412 2392 53 103 105 85 63 2339 1848
internal_count=7027 3682 3651 3599 3568 3530 3427 129 3298 3275 3237 92 3145 180 2965 2945 155 132 65 47 2909 2412 2392 53 103 105 85 63 2339 1848
is_linear=0
shrinkage=0.05


Tree=224
num_leaves=31
num_cat=0
split_feature=18 5 15 11 11 1 5 5 5 6 13 1 4 4 14 15 4 0 4 4 16 4 12 9 6 15 17 1 15 2
split_gain=423.077 0.740016 0.594405 1.03028 1.15395 0.655594 0.568399 1.7379 1.4928 2.40478 1.14879 1.84042 1.0943 1.66798 1.38494 1.82857 1.29545 1.13772 1.00773 1.40833 1.225 0.990177 0.933999 1.25925 1.43986 1.57809 1.55564 0.987364 1.0938 1.08924
threshold=1.0000000180025095e-35 6.5000000000000009 0.14690278490434797 -3.8830881846831673 -2.4882949219403039 11.050000000000002 16.500000000000004 13.500000000000002 18.500000000000004 10.500000000000002 0.18158213768841017 165.90000000000003 18.350000000000005 21.750000000000004 55.562957785498142 56.990931282058931 9.0500000000000025 815.50000000000011 10.350000000000003 13.550000000000002 22.49974786182614 1.9500000000000002 205.96498486069854 0.63209755774300602 45.500000000000007 55.454172881944778 31.254695393367452 47.350000000000009 2.482239539860871 16.500000000000004
decision_type=2 2 2 2 2 2 2 2 2 2 2 2 2 2 2 2 2 2 2 2 2 2 2 2 2 2 2 2 2 2
left_child=-1 -2 5 -4 -5 -3 7 10 9 18 -6 -12 14 -14 16 -16 -9 -17 -8 -20 -21 -10 27 -24 26 -26 -25 29 -29 -23
right_child=1 2 3 4 6 -7 8 12 21 -11 11 -13 13 -15 15 17 -18 -19 19 20 -22 22 23 24 25 -27 -28 28 -30 -31
leaf_value=-5.6911921311872099e-07 0.0028443868966756547 0.00023529181351545741 -0.00042566155154165483 0.00062359655605029882 0.00020523832517093667 -8.8854572541582912e-07 0.012193949754761846 -0.00042015794189804724 0.0011755472603319106 -0.00051892515241664945 -0.0024753588881689216 -8.0524934986669905e-05 0.0050708703607522665 -0.0016775796817043442 0.020626264098007142 -0.0061348287242342543 -0.0085770079268149505 0.00034798105657962708 -0.0043728448429744436 5.3923458464844036e-05 0.018530813024962001 -1.8862125772405904e-05 -2.9751340010253371e-05 0.020840363877903202 -0.00098768459727942575 0.0091212054163128716 0.00183312203428061 -0.00076965840382938746 -0.0003176300791446707 0.0008787832428954756
leaf_weight=3345 31 22 22 24 68 30 31 22 23 54 24 323 26 22 20 48 54 22 20 20 20 70 942 49 37 20 38 21 1496 83
leaf_count=3345 31 22 22 24 68 30 31 22 23 54 24 323 26 22 20 48 54 22 20 20 20 70 942 49 37 20 38 21 1496 83
internal_value=-0.0121282 -0.000434546 -0.000499863 -0.000576549 -0.000510204 0.00480769 -0.000584014 -0.00194754 -0.000290698 0.00465517 -6.0241e-05 -0.00122478 -0.00560748 0.00104167 -0.00753012 -0.00333333 -0.0125 -0.00714286 0.00961538 0.00583333 0.01125 -0.000548759 -0.000634978 0.000506446 0.00486111 -0.00131579 0.00890805 -0.00137725 -0.00176335 0.00245098
internal_weight=7027 3682 3651 3599 3577 52 3553 629 2924 145 415 347 214 48 166 90 76 70 91 60 40 2779 2756 1086 144 57 87 1670 1517 153
internal_count=7027 3682 3651 3599 3577 52 3553 629 2924 145 415 347 214 48 166 90 76 70 91 60 40 2779 2756 1086 144 57 87 1670 1517 153
is_linear=0
shrinkage=0.05


Tree=225
num_leaves=31
num_cat=0
split_feature=18 12 16 3 17 5 5 17 12 9 9 4 5 17 12 4 9 10 11 18 1 0 16 4 5 5 5 0 2 9
split_gain=423.077 0.588404 0.817924 1.18263 1.17787 1.53288 1.07145 1.26161 0.774799 1.00063 1.00078 1.61961 2.14996 1.52129 1.13725 1.01351 0.935117 0.896569 1.22293 1.89182 2.09486 1.15814 1.0695 1.44444 1.28146 2.65098 1.16667 1.92063 1.1623 1.10607
threshold=1.0000000180025095e-35 79.968514907354049 16.387632351452886 30.150000000000002 26.500740391198722 66.500000000000014 55.500000000000007 25.026140892531917 109.12481569082722 -0.99273952934267318 -0.8995975465297964 10.850000000000003 58.500000000000007 30.874830519539429 100.51424350395793 6.1500000000000012 0.99906486341235867 -0.13301470653419609 28.729471946818531 19.236942004250984 101.25000000000001 259.50000000000006 21.841376713955302 12.550000000000002 58.500000000000007 48.500000000000007 43.500000000000007 460.50000000000006 274.50000000000006 -0.62202370727958101
decision_type=2 2 2 2 2 2 2 2 2 2 2 2 2 2 2 2 2 2 2 2 2 2 2 2 2 2 2 2 2 2
left_child=-1 2 -2 -4 5 6 7 -5 9 -3 14 12 13 15 -11 -12 -10 18 19 20 -13 -20 23 -23 25 26 27 -25 -29 -26
right_child=1 8 3 4 -6 -7 -8 -9 16 10 11 17 -14 -15 -16 -17 -18 -19 21 -21 -22 22 -24 24 29 -27 -28 28 -30 -31
leaf_value=-5.4066325246278499e-07 -0.00042735028222886664 7.7178001659949927e-05 0.00026817141086268176 -0.00084623482025496526 -0.00029535716715116682 -5.8281123373424283e-05 0.00090031825808976071 0.00031307304775484161 -1.3092504881484503e-05 -0.0038495918443450352 -0.0079487968325132382 0.0012324052728377667 0.0063701552807125424 0.0026407872414795364 -0.00022494673252184685 1.5185168289910679e-06 -0.0006661743286203504 -0.0011203019763865883 -0.0085902388587154373 0.0052259693213384754 -0.0020920242878560424 -0.0089085838489273428 -0.011089496847555225 0.011117616745764459 -0.00010580100542174621 0.012696542076220042 -0.013070416617689774 -0.0049132449479659009 0.00023352610471256697 -0.011867284602970686
leaf_weight=3345 20 28 39 21 27 28 48 29 2745 31 37 29 37 29 30 74 50 55 21 24 20 20 28 21 28 45 24 22 41 31
leaf_count=3345 20 28 39 21 27 28 48 29 2745 31 37 29 37 29 30 74 50 55 21 24 20 20 28 21 28 45 24 22 41 31
internal_value=-0.0121282 -0.000434546 0.00212264 0.003125 0.00114379 0.0031746 0.00612245 0.001 -0.000590778 -0.00211111 -0.00251159 -0.00187713 0.00211864 -0.000714286 -0.00860656 -0.00337838 -0.000223614 -0.00360636 -0.00268362 0.00308219 -0.00255102 -0.00418149 -0.00326923 -0.00215517 -0.000943396 0.00147059 -0.00277778 0 -0.00436508 -0.00720339
internal_weight=7027 3682 212 192 153 126 98 50 3470 675 647 586 177 140 61 111 2795 409 354 73 49 281 260 232 212 153 108 84 63 59
internal_count=7027 3682 212 192 153 126 98 50 3470 675 647 586 177 140 61 111 2795 409 354 73 49 281 260 232 212 153 108 84 63 59
is_linear=0
shrinkage=0.05


Tree=226
num_leaves=31
num_cat=0
split_feature=2 9 14 15 2 13 3 13 4 13 18 13 18 18 18 0 3 0 14 14 13 6 5 12 6 6 15 18 18 18
split_gain=421.703 0.741637 0.921014 0.590983 0.890824 0.808296 1.77626 1.76727 1.44048 0.833982 1.90514 1.22512 1.1545 1.28145 1.43503 1.3528 3.06276 2.39358 2.09216 1.96121 3.51346 1.29643 1.25488 1.24327 1.08512 1.4611 1.0225 1.14948 1.18635 1.33194
threshold=6.5000000000000009 0.99906486341235867 37.382322533017664 1.0000000180025095e-35 8.5000000000000018 0.018359880627067459 31.850000000000005 0.022816176579953298 14.350000000000003 0.053817355889724312 2.9228783268234895 0.064541529083058172 4.3732017446696894 5.4574946968981326 6.3425238804615178 92.500000000000014 18.950000000000003 108.50000000000001 0.5796620427138518 0.66663509656356035 0.1472466874003607 31.500000000000004 57.500000000000007 253.16902249952926 86.500000000000014 84.500000000000014 8.9079150724814919 8.9875434930812759 9.7366163776564072 17.685032753126457
decision_type=2 2 2 2 2 2 2 2 2 2 2 2 2 2 2 2 2 2 2 2 2 2 2 2 2 2 2 2 2 2
left_child=-1 3 -3 -2 -5 6 8 -7 -6 10 -9 -11 -13 21 23 16 -16 18 -17 -19 -21 -14 -18 -15 25 26 -22 -28 -29 -30
right_child=1 2 -4 4 5 7 -8 9 -10 11 -12 12 13 14 15 17 22 19 -20 20 24 -23 -24 -25 -26 -27 27 28 29 -31
leaf_value=-5.1363008983964569e-07 0.0006622254954845475 5.0218229868646828e-05 -0.0065918030245921246 -4.1004936084090839e-05 -0.00024817136768106598 -0.0014936928812304684 0.00044148825293892222 5.0872226885212424e-05 0.00014932407546418421 -0.00058548064733765504 0.00026637561076732209 0.0060516475166769064 -0.0055712040001448145 4.4458485943454923e-05 0.00088965426273599499 -6.9650923313524513e-05 -0.011127671884329927 0.013151051261399217 0.0041340866143032345 -0.02613118844157767 -0.0023432966825757797 -4.4613243878810499e-05 -0.0054484033026940938 0.01275690318601177 -0.00040952434347332203 0.0096942908789120711 0.0035530425774862985 -0.011951511762488744 0.0045138803289393797 -3.7967453064169376e-05
leaf_weight=3349 23 29 36 31 27 26 20 157 36 41 20 29 21 37 37 33 21 20 40 32 29 35 20 20 598 21 32 25 71 2111
leaf_count=3349 23 29 36 31 27 26 20 157 36 41 20 29 21 37 37 33 21 20 40 32 29 35 20 20 598 21 32 25 71 2111
internal_value=-0.0121638 -0.000475802 -0.00576923 -0.00038057 -0.000431755 -0.000358247 0.00451807 -0.000474684 0.000396825 -0.000376812 0.0029661 -0.000557592 -0.000448639 -0.000538558 -0.000405148 -0.000550162 -0.00705128 -0.000381806 0.00856164 -0.000603947 -0.00071086 -0.00803571 -0.0164634 0.00745614 -0.00052823 -3.27654e-05 -0.000154321 -3.34971e-05 -0.000169914 -4.58295e-05
internal_weight=7027 3678 65 3613 3590 3559 83 3476 63 3450 177 3273 3232 3203 3147 3090 78 3012 73 2939 2919 56 41 57 2887 2289 2268 2239 2207 2182
internal_count=7027 3678 65 3613 3590 3559 83 3476 63 3450 177 3273 3232 3203 3147 3090 78 3012 73 2939 2919 56 41 57 2887 2289 2268 2239 2207 2182
is_linear=0
shrinkage=0.05


Tree=227
num_leaves=31
num_cat=0
split_feature=2 17 17 10 15 2 15 1 0 18 10 6 16 0 3 4 15 12 2 16 17 1 1 12 18 3 2 16 9 9
split_gain=421.235 0.607124 1.01601 0.608355 1.58404 1.34586 1.30167 1.24756 1.0842 1.16838 0.709447 1.69844 1.24634 1.24513 1.18599 1.14662 0.879638 0.653971 0.533585 1.43461 1.06617 1.04881 1.6357 1.54757 1.14013 0.925175 1.13405 0.983324 0.857143 0.828947
threshold=6.5000000000000009 8.7454516935037496 15.829891493726066 -0.98798606843101155 61.747350424128832 161.50000000000003 9.7492377029305768 26.150000000000002 334.50000000000006 34.86358411418319 -0.9574497222574998 1.0000000180025095e-35 20.495431898555399 337.50000000000006 41.45000000000001 16.250000000000004 46.819344971606732 239.22686290751017 300.50000000000006 20.036316817196202 28.998947202065938 142.90000000000003 271.10000000000008 147.7585125690716 62.603555436416563 41.050000000000004 322.50000000000006 20.590057636173082 -0.30490993010465833 0.58429276287313725
decision_type=2 2 2 2 2 2 2 2 2 2 2 2 2 2 2 2 2 2 2 2 2 2 2 2 2 2 2 2 2 2
left_child=-1 -2 -3 4 5 6 7 -4 -7 -10 11 12 -5 -14 15 16 -13 -11 -12 21 25 -20 -23 -24 28 26 -21 -27 -25 -29
right_child=1 2 3 10 -6 8 -8 -9 9 17 18 14 13 -15 -16 -17 -18 -19 19 20 -22 22 23 24 -26 27 -28 29 -30 -31
leaf_value=-4.8794858534766348e-07 0.002303876137325567 -0.0043023554238665667 0.00023561724965240479 0.0070141847178767595 0.0073486650823404893 -0.0093818822745019414 0.0052276261552926867 -0.00034846937201606922 0.0059830170484579176 -0.009879269541298542 -4.9672315452964356e-05 -0.0035418738027152234 0.00015037618876532211 -0.009289887449910595 0.00062779440114466576 -0.0013863533041390764 0.00036990932228988529 0.00017740143418976118 0.025219643174973785 0.01451061755871912 -0.0011868689321268278 -0.0021754656953556053 -0.0074867470738428921 0.012070614230695755 0.0014655598617686395 -0.0092602857085168477 -0.00034932075651425979 -0.0013205411729167338 0.017479886247966904 0.0041459128378367183
leaf_weight=3349 23 37 30 37 29 21 25 27 27 46 2844 34 22 41 21 43 26 36 21 32 20 24 30 21 29 21 33 21 21 36
leaf_count=3349 23 37 30 37 29 21 25 27 27 46 2844 34 22 41 21 43 26 36 21 32 20 24 30 21 29 21 33 21 21 36
internal_value=-0.0121709 -0.000489396 -0.000540356 -0.000456053 0.00197095 0.000471698 0.0054878 0.00131579 -0.00269231 -0.000688073 -0.000629257 -0.00334821 0.0015 -0.00277778 -0.00725806 -0.00946602 -0.005 -0.00365854 -0.000436093 0.00153722 -0.00168712 0.00513699 0.0034 0.00618812 0.0102113 -0.000174825 0.00423077 -0.00384615 0.0154762 -0.000438596
internal_weight=7027 3678 3655 3618 241 212 82 57 130 109 3377 224 100 63 124 103 60 82 3153 309 163 146 125 101 71 143 65 78 42 57
internal_count=7027 3678 3655 3618 241 212 82 57 130 109 3377 224 100 63 124 103 60 82 3153 309 163 146 125 101 71 143 65 78 42 57
is_linear=0
shrinkage=0.05


Tree=228
num_leaves=31
num_cat=0
split_feature=2 15 11 11 6 1 2 0 17 5 14 9 6 0 18 0 9 12 15 13 5 9 3 8 12 5 14 14 3 10
split_gain=424.044 1.63824 0.876239 1.14565 0.836116 0.742884 1.90255 2.65005 2.15642 1.30887 2.20254 1.15625 0.897367 1.22517 2.36873 1.62056 1.1059 1.72941 1.12111 1.96602 2.1645 1.73461 1.66453 1.385 1.12788 1.08653 1.62611 2.34016 1.62384 1.06568
threshold=6.5000000000000009 0.14690278490434797 -3.8830881846831673 -2.4882949219403039 4.5000000000000009 47.350000000000009 139.50000000000003 85.500000000000014 17.668908546063204 62.500000000000007 1.0000000180025095e-35 -0.22191329283520392 85.500000000000014 360.50000000000006 34.108868229636094 340.50000000000006 0.9821165111257959 96.763477727683451 2.8589336441309938 0.067472974506085817 78.500000000000014 -0.99052327954040364 10.450000000000001 -0.60355339059327384 75.719171964578763 11.500000000000002 55.860123693482208 53.041983816106644 31.650000000000002 0.99164058729498161
decision_type=2 2 2 2 2 2 2 2 2 2 2 2 2 2 2 2 2 2 2 2 2 2 2 2 2 2 2 2 2 2
left_child=-1 4 -3 -4 -2 6 7 8 -5 11 -11 -10 13 15 -15 16 18 -18 21 20 -20 -7 -21 -24 -25 -14 27 -27 -28 -16
right_child=1 2 3 5 -6 12 -8 -9 9 10 -12 -13 25 14 29 -17 17 -19 19 22 -22 -23 23 24 -26 26 28 -29 -30 -31
leaf_value=-4.635511560802803e-07 0.0002158994391286657 -0.00024243821000028145 0.00057348055661755881 -0.0045037736050278108 8.355067519690007e-05 0.00033925832113830269 -0.0012566734665385049 0.0028666505260436016 -0.00086039683337471031 0.00035199066097468953 -3.2058283589464497e-05 4.3129194806468266e-05 0.0012692673288752232 0.023388375589594192 0.00010978779597543565 -0.0024561463392750228 -0.0027750834398873382 -7.7988302841358611e-05 -0.0029186955976035715 0.033291468294052343 -0.00027633655194105879 -0.0002584308600461327 -0.002329163534184353 -0.0021177452894846072 -1.82054007757948e-05 -0.00031427323428339098 -0.00024211817783506009 0.0019567840421851556 -0.001538061130303703 -0.014042443450115983
leaf_weight=3349 22 21 24 22 27 23 42 34 21 40 37 153 45 26 1656 41 20 34 22 21 20 21 43 40 608 397 58 28 96 36
leaf_count=3349 22 21 24 22 27 23 42 34 21 40 37 153 45 26 1656 41 20 34 22 21 20 21 43 40 608 397 58 28 96 36
internal_value=-0.0121282 -0.00040783 -0.000530449 -0.000471175 0.00867347 -0.000544085 0.00164756 0.00301303 0.00137363 0.00268924 0.00811688 0.000287356 -0.000780526 -0.00037342 0.000407451 -0.0018757 -0.00140845 -0.00833333 -0.00093985 -0.00139257 -0.0119048 0.00681818 -0.000772472 -0.00119392 -0.000617284 -0.00248397 -0.00306563 -0.00147059 -0.00746753 0.000177305
internal_weight=7027 3678 3629 3608 49 3584 349 307 273 251 77 174 3235 2611 1718 893 852 54 798 754 42 44 712 691 648 624 579 425 154 1692
internal_count=7027 3678 3629 3608 49 3584 349 307 273 251 77 174 3235 2611 1718 893 852 54 798 754 42 44 712 691 648 624 579 425 154 1692
is_linear=0
shrinkage=0.05


Tree=229
num_leaves=31
num_cat=0
split_feature=2 15 2 15 18 18 0 14 14 6 18 3 6 3 4 14 9 1 17 10 5 3 13 18 3 13 16 18 18 18
split_gain=425.451 1.22607 1.36569 2.37576 1.6922 2.56702 1.6468 1.41472 2.23474 1.44569 1.40556 1.84091 1.29946 1.17333 1.76214 1.12924 1.33971 1.29673 1.14666 1.22623 1.18489 1.12297 1.63389 1.523 1.09855 1.6795 1.07333 1.03567 1.97439 1.25402
threshold=6.5000000000000009 3.0683358808436991 43.500000000000007 5.384331108919489 6.3425238804615178 6.9911626293997502 108.50000000000001 0.66663509656356035 1.4104676152337541 86.500000000000014 7.8152561656557316 22.250000000000004 90.500000000000014 17.250000000000004 5.9500000000000011 19.545413623655406 -0.99273952934267318 47.350000000000009 29.202805384419911 -0.97502841500522164 65.500000000000014 27.150000000000002 0.082467441814084289 5.4574946968981326 30.950000000000003 0.028901772731160725 21.45465236956024 8.2073838487936044 8.9875434930812759 9.7366163776564072
decision_type=2 2 2 2 2 2 2 2 2 2 2 2 2 2 2 2 2 2 2 2 2 2 2 2 2 2 2 2 2 2
left_child=-1 13 3 -3 21 -6 10 -8 -9 27 26 -12 -11 -2 -15 16 -16 18 19 -18 24 -4 -23 -24 -21 -26 -7 -10 -29 -30
right_child=1 2 4 -5 5 6 7 8 9 12 11 -13 -14 14 15 -17 17 -19 -20 20 -22 22 23 -25 25 -27 -28 28 29 -31
leaf_value=-4.403735982762663e-07 -0.00031067999525567633 -0.0018648187647336556 -0.00024827234175615057 0.0012658989422943191 -0.0091272882966956462 -0.0002163722150497094 0.012496892584140662 -0.037857947014558094 -0.0013280005122922934 -0.0020513070392359722 7.7051034392283676e-05 0.0047316731681101626 -0.00044081908035096265 -0.00021661647844369513 0.00031533917120982749 0.0057500118768480605 9.7071388950310645e-05 -0.0013951304417484491 0.00013531110855486973 -7.4941894865709907e-05 0.00064349577466861214 0.0063991537786870284 -0.0015580572407057236 0.0026171474721539581 0.00014095547624911055 -8.1783864437323669e-05 0.00073034049558873271 0.00626610616652723 -0.012000017930055141 -1.4595750802826047e-05
leaf_weight=3349 24 55 29 33 39 25 20 20 34 38 22 22 577 28 21 24 48 31 29 35 29 22 23 30 49 53 21 29 28 2240
leaf_count=3349 24 55 29 33 39 25 20 20 34 38 22 22 577 28 21 24 48 31 29 35 29 22 23 30 49 53 21 29 28 2240
internal_value=-0.0121069 -0.000367047 -0.000672815 -0.00681818 -0.000504815 -0.000714286 -0.000552666 -0.000753516 -0.000842886 -0.000729803 0.00611111 0.0125 -0.00288618 0.00235849 0.00309798 0.00415361 0.00330508 0.00237226 0.00360082 0.00233645 0.000301205 0.00576923 0.009 0.00424528 -0.00164234 0.000980392 0 -0.000160875 -3.26513e-05 -0.000198413
internal_weight=7027 3678 3307 88 3219 3115 3076 2986 2966 2946 90 44 615 371 347 319 295 274 243 214 166 104 75 53 137 102 46 2331 2297 2268
internal_count=7027 3678 3307 88 3219 3115 3076 2986 2966 2946 90 44 615 371 347 319 295 274 243 214 166 104 75 53 137 102 46 2331 2297 2268
is_linear=0
shrinkage=0.05


Tree=230
num_leaves=31
num_cat=0
split_feature=2 15 18 4 3 14 9 1 17 10 4 18 13 3 16 18 18 13 18 6 0 0 2 11 2 2 9 11 2 14
split_gain=425.921 1.33752 1.30454 1.09543 1.44408 1.12924 1.33971 1.29673 1.14666 1.22623 0.961602 1.19514 1.43773 1.17556 1.67659 0.867747 1.90613 1.28929 0.959994 0.93257 1.24692 1.06404 0.986264 1.03571 1.20384 1.72492 1.50417 1.3797 1.58215 1.38672
threshold=6.5000000000000009 3.0683358808436991 3.4530842455602673 5.9500000000000011 17.250000000000004 19.545413623655406 -0.99273952934267318 47.350000000000009 29.202805384419911 -0.97502841500522164 21.350000000000005 1.8469460409689256 0.028901772731160725 32.050000000000004 20.659977793529368 4.3732017446696894 5.4574946968981326 0.077261354399512303 6.2011050452530458 95.500000000000014 131.50000000000003 92.500000000000014 114.50000000000001 26.350400448070072 206.50000000000003 193.50000000000003 -0.41717814939258746 41.690312308066318 254.50000000000003 26.311004363032485
decision_type=2 2 2 2 2 2 2 2 2 2 2 2 2 2 2 2 2 2 2 2 2 2 2 2 2 2 2 2 2 2
left_child=-1 3 -3 -2 -5 6 -6 8 9 -8 11 12 13 14 -11 -4 17 -17 -18 -20 21 -21 -22 -24 25 26 -25 28 -26 -29
right_child=1 2 15 4 5 -7 7 -9 -10 10 -12 -13 -14 -15 -16 16 18 -19 19 20 22 -23 23 24 27 -27 -28 29 -30 -31
leaf_value=-4.1835491836245295e-07 -0.00018278084844489118 -0.0013508178881526556 0.0053048395290269945 -0.00049458504269408175 0.000299572212649335 0.0054625112830056673 9.2217819502794795e-05 -0.0013253739196610215 0.00012854555312713511 0.00010001442143223113 -0.00022906351751761367 0.00024081344178916719 -0.005358992224183224 0.00027040555912851149 -0.00029488762855819364 -0.0085508503642286234 0.00028194298648229757 -0.00088507109591728916 -3.4009782811850185e-05 -0.0010183704909186187 -0.0034791861397909687 0.0016814593111114107 0.00067459121932142993 -0.0072911370742553498 -6.4842627220595977e-05 -0.023342547014874527 0.0015103503558957954 0.0085600650523664622 0.022552256843738405 -0.0007590933643374598
leaf_weight=3349 30 21 34 22 21 24 48 31 29 24 27 41 23 30 21 20 44 36 2616 21 22 29 58 24 46 23 40 21 21 231
leaf_count=3349 30 21 34 22 21 24 48 31 29 24 27 41 23 30 21 20 44 36 2616 21 22 29 58 24 46 23 40 21 21 231
internal_value=-0.0120998 -0.000353453 -0.000672815 0.00249326 0.00329912 0.00415361 0.00330508 0.00237226 0.00360082 0.00233645 0.000301205 0.00197842 -0.00102041 0.00233333 -0.00277778 -0.000593427 -0.000676507 -0.00982143 -0.00051627 -0.000618655 -0.00251866 0.005 -0.00329218 -0.00280172 -0.00369458 -0.00890805 -0.0046875 -0.00227273 0.00410448 -0.00396825
internal_weight=7027 3678 3307 371 341 319 295 274 243 214 166 139 98 75 45 3286 3252 56 3196 3152 536 50 486 464 406 87 64 319 67 252
internal_count=7027 3678 3307 371 341 319 295 274 243 214 166 139 98 75 45 3286 3252 56 3196 3152 536 50 486 464 406 87 64 319 67 252
is_linear=0
shrinkage=0.05


Tree=231
num_leaves=31
num_cat=0
split_feature=2 1 17 5 11 5 6 4 4 7 14 15 1 5 2 13 14 0 6 4 4 15 10 9 5 5 9 16 18 3
split_gain=431.578 1.84808 1.81577 1.04936 2.01732 1.96987 1.39575 1.08 1.07875 0.952771 1.79692 0.986989 1.26349 0.97526 0.879965 2.36965 0.877586 4.69745 1.53296 2.35107 1.46203 1.63605 1.43713 1.10479 1.06268 1.44722 1.27323 2.45932 1.15273 1.13227
threshold=6.5000000000000009 56.000000000000007 20.726919771616817 14.500000000000002 0.57048742987871925 49.500000000000007 56.500000000000007 14.65 10.550000000000002 0.25881904510252091 17.683143624006785 2.8589336441309938 93.950000000000017 6.5000000000000009 141.50000000000003 0.11499718151071027 55.860123693482208 631.50000000000011 75.500000000000014 10.050000000000002 10.750000000000002 36.75677334688406 0.098816478347602127 0.95495791161117582 36.500000000000007 41.500000000000007 -0.80133140505177991 19.733299955702822 66.703049552382708 25.650000000000002
decision_type=2 2 2 2 2 2 2 2 2 2 2 2 2 2 2 2 2 2 2 2 2 2 2 2 2 2 2 2 2 2
left_child=-1 2 14 7 6 -6 -5 -4 -7 10 -3 -12 -13 -14 15 -2 17 -15 20 -20 23 -22 -21 -18 29 -26 -27 -28 -29 -23
right_child=1 9 3 4 5 8 -8 -9 -10 -11 11 12 13 16 -16 -17 18 -19 19 22 21 24 -24 -25 25 26 27 28 -30 -31
leaf_value=-3.9743717244433035e-07 -0.0017181550665527623 0.0056419867917034579 0.00030470711519036412 -0.00125910522367797 1.206589225968141e-05 0.00057871617293312751 0.00024871239307648895 2.3654589069966628e-05 0.00013935945056262611 -0.00025758770685442302 0.0022738037225057627 -0.0039232823862598524 0.0056461409107169125 3.4745728692175963e-05 -0.010453778132021176 0.0025309955430302903 -0.00053840083382716841 0.028391070693582779 0.00038826111443626134 -0.0016264025826831841 -0.0076954687854374985 0.02611207540340317 -3.6009886987287133e-05 -0.0034641976605840341 -0.0042333328332414769 0.028795306440272131 0.011039337685358676 -0.0078686674857799243 -3.5535998775060308e-05 0.0008520507560049851
leaf_weight=3349 34 20 20 43 124 33 29 30 97 1292 21 38 26 648 26 23 343 41 65 91 25 54 37 46 51 26 25 20 23 327
leaf_count=3349 34 20 20 43 124 33 29 30 97 1292 21 38 26 648 26 23 343 41 65 91 25 54 37 46 51 26 25 20 23 327
internal_value=-0.0120144 -0.000190321 0.00277778 0.00425532 0.00322086 0.00531496 -0.00416667 0.011 0.00961538 -0.000613545 9.08147e-05 -6.5548e-05 -0.000185578 0 -0.00391566 -0.000438596 -0.000137212 0.00126996 -0.000992939 -0.00505181 -0.000159574 0.00149728 -0.00898438 -0.00250643 0.00209125 -0.00155172 0.00212766 -0.00147059 -0.00872093 0.00347769
internal_weight=7027 3678 459 376 326 254 72 50 130 3219 1927 1907 1886 1848 83 57 1822 689 1133 193 940 551 128 389 526 145 94 68 43 381
internal_count=7027 3678 459 376 326 254 72 50 130 3219 1927 1907 1886 1848 83 57 1822 689 1133 193 940 551 128 389 526 145 94 68 43 381
is_linear=0
shrinkage=0.05


Tree=232
num_leaves=31
num_cat=0
split_feature=2 1 17 5 6 12 10 17 4 6 1 8 3 15 4 16 6 5 17 17 18 3 4 12 16 14 0 16 1 1
split_gain=430.16 1.63414 1.69949 1.13374 1.90629 1.41751 1.40685 1.88708 1.58542 1.41706 1.22648 1.3913 1.21236 1.18428 1.08 0.936271 0.918917 1.44627 1.20909 2.20823 1.55684 1.60412 1.5 1.18686 0.886525 0.823902 1.33618 1.20128 1.16792 1.60104
threshold=6.5000000000000009 56.000000000000007 20.726919771616817 14.500000000000002 22.500000000000004 92.316651606361788 -0.74979862697202038 25.667907572438232 15.65 2.5000000000000004 14.050000000000002 0.1294095225512602 30.350000000000005 9.4986622379265739 14.65 20.761769757961911 95.500000000000014 11.500000000000002 29.382213553768732 30.341185452886574 17.685032753126457 23.150000000000002 13.550000000000002 96.037469610964578 18.948776504104153 55.562957785498142 663.50000000000011 19.87928794425029 216.70000000000002 111.65000000000002
decision_type=2 2 2 2 2 2 2 2 2 2 2 2 2 2 2 2 2 2 2 2 2 2 2 2 2 2 2 2 2 2
left_child=-1 2 -2 14 6 12 7 8 -5 -8 11 -7 -6 15 -4 24 -3 -18 20 -20 22 -22 -19 -23 -12 26 27 28 29 -25
right_child=1 16 3 4 5 10 9 -9 -10 -11 13 -13 -14 -15 -16 -17 17 18 19 -21 21 23 -24 25 -26 -27 -28 -29 -30 -31
leaf_value=-3.7756531382211382e-07 -0.00074635626021652974 -3.0514236440382094e-05 0.00028947175943084825 0.0001104041092675756 0.0011761659234120537 -0.0008579902931672434 -1.2372006282318147e-05 0.0002007201876460696 -0.00072510917169792968 -0.001306466146274843 6.0778410720108145e-05 0.00022936527150435281 1.9357764829075823e-05 0.0062057952163872892 2.2471859616468931e-05 -0.0001880126269559135 0.0036612569321166077 0.0051949421382868847 -0.022961737006450635 -8.8121784187933372e-05 0.00055092566432293213 -0.012549980272648576 -0.0015759325073712916 -0.0050827444851377027 0.00035458124266813941 -0.00065131199202532746 0.010552172089282408 0.0084618449927701175 -0.012820693195049771 0.0011581871927029753
leaf_weight=3349 83 2753 20 22 33 23 37 24 23 27 20 23 21 20 30 26 36 27 33 43 37 32 27 20 27 84 25 30 41 31
leaf_count=3349 83 2753 20 22 33 23 37 24 23 27 20 23 21 20 30 26 36 27 33 43 37 32 27 20 27 84 25 30 41 31
internal_value=-0.0120357 -0.000231104 0.00255991 0.00398936 0.00291411 0.00608808 -0.00169173 0.00326087 -0.00277778 -0.00703125 0.00341727 -0.00326087 0.012963 0.00672043 0.011 0.00376712 -0.000629077 -0.0026824 -0.00348837 -0.00921053 -0.00225989 -0.00366667 0.00555556 -0.00503802 0.00797872 -0.00378788 -0.00153061 -0.00368852 -0.00652174 -0.00147059
internal_weight=7027 3678 459 376 326 193 133 69 45 64 139 46 54 93 50 73 3219 466 430 76 354 300 54 263 47 231 147 122 92 51
internal_count=7027 3678 459 376 326 193 133 69 45 64 139 46 54 93 50 73 3219 466 430 76 354 300 54 263 47 231 147 122 92 51
is_linear=0
shrinkage=0.05


Tree=233
num_leaves=31
num_cat=0
split_feature=2 1 17 12 5 6 15 6 3 1 15 12 2 3 4 6 5 11 0 0 0 2 5 7 12 10 3 4 6 9
split_gain=431.578 1.34529 1.58706 1.18654 1.62121 1.51733 2.26756 2.05382 1.45938 0.844752 0.809323 0.796697 0.781224 1.69035 0.75 0.713324 1.09247 0.894287 0.886324 1.49038 1.30826 0.767226 0.702671 0.677189 1.37465 1.29061 1.93134 1.31695 0.665879 0.645717
threshold=6.5000000000000009 56.000000000000007 20.726919771616817 91.628144612383139 14.500000000000002 60.500000000000007 2.1223980291267348 3.5000000000000004 30.250000000000004 14.050000000000002 8.7747063781931871 67.591300834537421 40.500000000000007 29.450000000000003 14.65 95.500000000000014 12.500000000000002 50.280944906717359 729.50000000000011 663.50000000000011 624.50000000000011 285.50000000000006 38.500000000000007 0.91597561503675362 96.037469610964578 -0.57022117041332276 30.650000000000002 17.050000000000004 1.0000000180025095e-35 0.93228057993045244
decision_type=2 2 2 2 2 2 2 2 2 2 2 2 2 2 2 2 2 2 2 2 2 2 2 2 2 2 2 2 2 2
left_child=-1 2 12 8 14 6 7 -6 -4 -7 -11 -10 -2 -14 -5 23 17 -17 19 20 29 -20 -21 -3 25 26 -25 -28 -13 -18
right_child=1 15 3 4 5 9 -8 -9 11 10 -12 28 13 -15 -16 16 18 -19 21 22 -22 -23 -24 24 -26 -27 27 -29 -30 -31
leaf_value=-3.5868704813100813e-07 -0.0023433554509382747 -5.9923253206251033e-06 0.00021742859330061565 0.00027499817145930637 -1.7913550559944815e-05 -5.0133805400287562e-05 0.00015221476385668953 -0.0011088699589657702 -0.0001839932840886946 0.00014992370342289398 0.0059980065308831605 -1.2996070840466667e-06 0.0014748957003908104 -0.00071232357334827245 2.1348266635645708e-05 0.0078128361345342519 -0.00049320536638646222 -0.00033212737955494735 -0.00030583909139139112 -2.3933229044814655e-06 -0.0073389882734073101 -0.00303799883228848 0.010024563484818217 6.5476758917681907e-05 2.6419068510263877e-05 -0.0018784088671341516 0.00039229423635172016 -0.016662336174461691 0.00010067491891424947 -0.0026662521310779398
leaf_weight=3349 28 2604 45 20 28 39 38 36 20 52 21 20 31 24 30 23 263 20 22 20 21 29 21 24 21 52 27 25 27 47
leaf_count=3349 28 2604 45 20 28 39 38 36 20 52 21 20 31 24 30 23 263 20 22 20 21 29 21 24 21 52 27 25 27 47
internal_value=-0.0120144 -0.000190321 0.00234205 0.0037234 0.00189394 0 -0.00441176 -0.0101563 0.00803571 0.00401786 0.00719178 0.00335821 -0.00391566 -0.000454545 0.01 -0.000551413 -0.00236052 0.00523256 -0.00313239 -0.00228495 -0.00339879 -0.00931373 0.00670732 -0.000245187 -0.00352349 -0.00546875 -0.00131579 -0.00673077 0.00691489 -0.00258065
internal_weight=7027 3678 459 376 264 214 102 64 112 112 73 67 83 55 50 3219 466 43 423 372 331 51 41 2753 149 128 76 52 47 310
internal_count=7027 3678 459 376 264 214 102 64 112 112 73 67 83 55 50 3219 466 43 423 372 331 51 41 2753 149 128 76 52 47 310
is_linear=0
shrinkage=0.05


Tree=234
num_leaves=31
num_cat=0
split_feature=2 18 18 18 0 13 18 18 18 1 0 18 0 18 9 17 12 10 4 12 3 18 2 18 2 4 13 13 13 2
split_gain=436.796 1.42747 4.09422 1.79146 3.6556 2.42994 3.61784 1.77239 1.99106 1.73196 1.9942 2.02637 1.5941 1.58476 1.44273 1.39979 1.35786 1.33768 1.31805 1.28609 1.75521 1.15114 2.72435 2 1.8097 1.79026 1.39126 1.57178 1.80498 1.45478
threshold=6.5000000000000009 17.685032753126457 19.707186428447081 21.120544749051671 259.50000000000006 0.2557677537516248 22.103989396390279 15.339071760111681 12.85657016783575 72.550000000000026 92.500000000000014 6.3425238804615178 29.500000000000004 9.9355854023393793 0.81900730237416519 20.974846503015574 101.69097151102746 -0.74979862697202038 21.450000000000003 276.11380416146932 41.45000000000001 8.9875434930812759 102.50000000000001 9.4414467071583399 90.500000000000014 20.550000000000004 0.10757411856454636 0.088858980110662497 0.072857000049982509 32.500000000000007
decision_type=2 2 2 2 2 2 2 2 2 2 2 2 2 2 2 2 2 2 2 2 2 2 2 2 2 2 2 2 2 2
left_child=-1 7 -3 4 -4 -5 -7 8 9 10 11 12 15 21 -9 -2 -14 18 -17 -8 -21 22 24 -23 25 26 27 28 29 -11
right_child=1 2 3 5 -6 6 19 14 -10 13 -12 -13 16 -15 -16 17 -18 -19 -20 20 -22 23 -24 -25 -26 -27 -28 -29 -30 -31
leaf_value=-3.4075269572445776e-07 -0.0034096287782493448 -0.0041670229575744072 -0.00021634591941754877 0.014500778613118116 0.013458247438099136 -0.017114822891255165 -9.5264785369586491e-05 0.012518632367990624 -0.0062258823364719886 -7.3178389753780773e-05 0.0033168550608846828 -0.0069803382062851417 0.00073910264970522555 0.0061173857381809698 -0.00023981300493636226 0.00011865522643728088 9.5728706562048238e-05 -1.4070884343887064e-05 -8.589984777553212e-05 -0.00024631888122534918 0.0076701759294241613 -0.016974296608578143 0.0063974944506004945 0.00059618757653074901 -0.011496358998122957 0.0020170401157201478 0.00017770232843226098 -0.004773753722305929 0.0016274483818550234 -0.0015177266580766126
leaf_weight=3349 22 90 49 25 41 69 2392 55 30 47 41 23 62 30 20 42 105 150 20 31 25 25 25 25 28 26 91 28 25 36
leaf_count=3349 22 90 49 25 41 69 2392 55 30 47 41 23 62 30 20 42 105 150 20 31 25 25 25 25 28 26 91 28 25 36
internal_value=-0.0119361 -4.0783e-05 -0.000624541 -0.000265957 0.00666667 -0.000511408 -0.000665475 0.00162134 0.00099319 0.00143948 0.00349462 0.00247642 0.00330424 -0.00103627 0.009 0.000641026 0.00703593 0.00188679 0.00806452 -0.000347222 0.00714286 -0.00196629 -0.000816993 -0.009 -0.0022242 -0.000889328 -0.00231278 -0.00551471 -0.00277778 -0.0063253
internal_weight=7027 3678 2722 2632 90 2542 2517 956 881 851 465 424 401 386 75 234 167 212 62 2448 56 356 306 50 281 253 227 136 108 83
internal_count=7027 3678 2722 2632 90 2542 2517 956 881 851 465 424 401 386 75 234 167 212 62 2448 56 356 306 50 281 253 227 136 108 83
is_linear=0
shrinkage=0.05


Tree=235
num_leaves=31
num_cat=0
split_feature=2 15 18 3 4 14 9 1 5 16 3 3 14 9 2 14 11 2 17 1 3 1 13 7 6 4 13 3 2 2
split_gain=432.524 1.28583 1.90206 1.06983 1.32398 1.10834 1.17649 1.95701 1.19691 1.48163 1.07072 1.35944 1.18035 0.89209 0.906088 1.53403 1.2356 0.775758 0.740026 0.865949 2.90455 1.68938 1.61209 0.842147 1.45256 1.1112 1.41734 1.26474 2.59316 1.77021
threshold=6.5000000000000009 3.0683358808436991 3.4530842455602673 16.950000000000003 5.9500000000000011 18.953793107244671 -0.98801351631316325 47.350000000000009 69.500000000000014 19.012620085313646 30.950000000000003 30.250000000000004 10.628146254213755 -0.99273952934267318 152.50000000000003 70.252800063637878 46.728649850371404 108.50000000000001 15.829891493726066 56.000000000000007 35.150000000000013 14.050000000000002 0.067472974506085817 0.25881904510252091 92.500000000000014 7.0500000000000007 0.2557677537516248 26.050000000000004 218.50000000000003 277.50000000000006
decision_type=2 2 2 2 2 2 2 2 2 2 2 2 2 2 2 2 2 2 2 2 2 2 2 2 2 2 2 2 2 2
left_child=-1 3 -3 -2 -5 6 -6 8 9 -8 11 -11 -12 14 17 16 -16 -4 -15 20 21 -20 -21 -24 -25 -26 -27 -28 -29 -30
right_child=1 2 13 4 5 -7 7 -9 -10 10 12 -13 -14 18 15 -17 -18 -19 19 22 -22 -23 23 24 25 26 27 28 29 -31
leaf_value=-3.2371506093823485e-07 -0.00057882277762559835 -0.0010923454682317758 -0.00056202852242241978 -0.00017521570468382528 0.00023225229355624546 0.0046953142129965821 -0.00046120495385389116 -0.0015442165239808792 0.00031882584424001856 2.2147079258197366e-05 0.00015232668645414062 -0.00016981551209502705 -6.6277810706227847e-05 -0.0041656618302162943 -0.0034580835137388633 -0.020890142840052306 0.0038251452321455661 -0.01431262160801996 -0.00034284240758899467 -0.0019588595247209462 -0.0009675275442923237 0.0022479923176990102 0.00010527726270126436 -7.6050346399969559e-05 -0.016538976438760591 0.0019653564071811405 0.001927694216491105 -0.012264589147658001 0.00082700519508023269 -0.0095121839024265853
leaf_weight=3349 21 21 24 28 26 27 34 25 38 30 95 22 25 39 34 36 26 20 26 38 21 81 1791 974 22 25 26 32 33 38
leaf_count=3349 21 21 24 28 26 27 34 25 38 30 95 22 25 39 34 36 26 20 26 38 21 81 1791 974 22 25 26 32 33 38
internal_value=-0.0120001 -0.000163132 -0.000476262 0.00262803 0.00328571 0.00419255 0.00330508 0.00232342 0.00368852 0.00218447 0.00406977 -0.00192308 0.00666667 -0.000380402 -0.00428571 -0.0015625 0.00333333 -0.0102273 -0.000206612 -0.000120695 0.00390625 0.00724299 -0.000293723 -0.00016151 -0.00121739 -0.00539773 -0.0038961 -0.00600775 -0.00849515 -0.00316901
internal_weight=7027 3678 3307 371 350 322 295 269 244 206 172 52 120 3286 140 96 60 44 3146 3107 128 107 2979 2941 1150 176 154 129 103 71
internal_count=7027 3678 3307 371 350 322 295 269 244 206 172 52 120 3286 140 96 60 44 3146 3107 128 107 2979 2941 1150 176 154 129 103 71
is_linear=0
shrinkage=0.05


Tree=236
num_leaves=31
num_cat=0
split_feature=2 18 17 17 11 1 4 4 17 2 4 4 13 15 0 2 5 13 15 18 2 1 15 3 9 9 9 6 10 16
split_gain=434.42 0.990414 0.918548 0.773267 0.78568 0.885017 1.65421 1.22152 1.69697 1.60545 2.35437 1.09813 0.935488 0.774836 1.27517 0.944027 1.3354 1.1184 1.63361 1.28757 1.08333 0.967771 0.756989 0.734928 0.719043 1.0994 1.21 1.0118 0.698299 1.00488
threshold=6.5000000000000009 0.14633312961828854 8.7454516935037496 15.829891493726066 -3.5898876350544273 35.95000000000001 6.5500000000000007 21.450000000000003 25.667907572438232 23.500000000000004 13.850000000000003 15.550000000000002 0.016418838862559248 1.9840114329365497 37.500000000000007 55.500000000000007 84.500000000000014 0.088858980110662497 5.5959669674703649 4.3732017446696894 38.500000000000007 78.65000000000002 8.5214468966070402 31.150000000000002 -0.99273952934267318 -0.99628894895067444 -0.99762106698677366 1.0000000180025095e-35 0.7440763776038376 18.841897754074683
decision_type=2 2 2 2 2 2 2 2 2 2 2 2 2 2 2 2 2 2 2 2 2 2 2 2 2 2 2 2 2 2
left_child=-1 -2 -3 -4 -5 6 -6 9 -9 10 23 22 -12 -7 -15 17 24 18 19 20 21 -16 -11 -8 25 26 27 -17 -26 -30
right_child=1 2 3 4 5 13 7 8 -10 11 12 -13 -14 14 15 16 -18 -19 -20 -21 -22 -23 -24 -25 28 -27 -28 -29 29 -31
leaf_value=-3.0752930789132311e-07 2.6753778589652494e-05 0.0022529113462907537 -0.0034765799472586596 -0.00034895564625127555 -0.00056838230872370554 -0.0017372179375850394 -0.00021516237860075282 -0.00060690948432668985 0.00036014951614440351 0.00095713144920623889 0.00043746783592778509 0.0002139060737186338 6.470756179295378e-05 0.00037700915439359273 7.4766629574174461e-07 -0.0015997026499153578 0.00052189389091150673 -0.0033410083191801835 0.010786515281765486 -0.0050082912706344912 0.0017119060984725377 -0.00048146894406140287 0.0016494525636703507 2.9062359736628521e-05 2.5027629222296177e-05 -0.0059406846715123864 0.0012243806358606336 0.00029539707209096382 0.00029454440086702506 -0.0019691572780737411
leaf_weight=3349 26 23 37 25 28 30 38 33 21 31 21 38 23 30 31 29 33 29 21 41 26 21 24 22 2528 39 20 51 71 288
leaf_count=3349 26 23 37 25 28 30 38 33 21 31 21 38 23 30 31 29 33 29 21 41 26 21 24 22 2528 39 20 51 71 288
internal_value=-0.0119717 -0.000108755 -0.000177985 -0.000241113 -0.000167038 -0.00010513 0.00259857 0.00388446 -0.00277778 0.00571066 0.00144231 0.0104839 0.0102273 -0.00033455 -0.000260896 -0.000356258 -0.00015528 -0.00399408 -0.00214286 -0.00441176 -0.000641026 -0.00480769 0.015 -0.005 -0.000264375 -0.00377698 -0.001 -0.00375 -9.52546e-05 -0.00215877
internal_weight=7027 3678 3652 3629 3592 3567 279 251 54 197 104 93 44 3288 3258 3228 3059 169 140 119 78 52 55 60 3026 139 100 80 2887 359
internal_count=7027 3678 3652 3629 3592 3567 279 251 54 197 104 93 44 3288 3258 3228 3059 169 140 119 78 52 55 60 3026 139 100 80 2887 359
is_linear=0
shrinkage=0.05


Tree=237
num_leaves=31
num_cat=0
split_feature=2 15 6 0 12 10 4 4 3 3 17 1 3 4 9 3 1 17 16 18 1 2 4 14 10 16 6 0 3 5
split_gain=437.272 0.847203 1.33607 1.225 0.598578 1.29929 1.03943 1.47565 1.32596 1.30428 1.37123 1.231 1.66711 2.09111 1.61984 1.33811 1.03074 2.02872 1.28929 0.82672 1.99876 1.33333 1.18237 0.9294 0.768634 0.925714 0.7 0.69501 1.01739 0.63363
threshold=6.5000000000000009 0.31915975886824305 4.5000000000000009 9.5000000000000018 268.24075522410413 -0.21772323039653199 13.950000000000001 13.250000000000002 30.950000000000003 33.050000000000004 27.439226358207936 26.150000000000002 41.550000000000004 22.250000000000004 0.52707282776374187 43.650000000000013 241.10000000000002 24.70824745632007 19.539191340334892 23.290400734930685 265.30000000000001 241.50000000000003 16.850000000000005 22.729902822264915 -0.97502841500522164 19.333464546393678 8.5000000000000018 14.500000000000002 29.150000000000002 16.500000000000004
decision_type=2 2 2 2 2 2 2 2 2 2 2 2 2 2 2 2 2 2 2 2 2 2 2 2 2 2 2 2 2 2
left_child=-1 2 -2 -4 27 6 7 8 -6 -10 16 -8 19 15 -15 -14 17 -11 -18 20 22 -21 23 -13 -24 -26 -27 28 -3 -29
right_child=1 4 3 -5 5 -7 11 -9 9 10 -12 12 13 14 -16 -17 18 -19 -20 21 -22 -23 24 -25 25 26 -28 29 -30 -31
leaf_value=-2.9215284249675694e-07 0.00013895535021751399 -0.00025425775657885867 8.0749291170590523e-05 -0.00020627460107481774 -0.0016148386537947646 0.0011879479584508525 0.00041827786550278635 0.0005889451282159897 0.0063064747869947093 1.9113913873880506e-05 -0.00084416986071027831 -0.00033931392586152855 0.0003051785863362522 0.012932664296170416 0.00024088332406057013 -0.0040493415149295943 0.0012836397216506867 0.0027229037097790789 -0.015148906301157439 -0.0084616940524091088 0.01266512832145299 -0.0070673052275189718 -1.8340309189857074e-05 0.0023524336758563359 -0.00099972987618759403 -0.00025601767596694636 -0.0085948394689956409 -0.00066975084340992197 5.2634697751269277e-06 -6.392371750019166e-06
leaf_weight=3349 38 20 20 20 29 27 33 25 21 39 20 25 38 23 24 21 24 29 21 20 22 30 22 22 25 21 24 474 26 2495
leaf_count=3349 38 20 20 20 29 27 33 25 21 39 20 25 38 23 24 21 24 29 21 20 22 30 22 22 25 21 24 474 26 2495
internal_value=-0.011929 -2.71887e-05 0.00512821 -0.00125 -0.000138889 0.00132479 0.000806452 0.00360577 0.00204918 0.0038961 0.00206767 -0.000857143 -0.00181388 0.00330189 0.0111702 -0.0029661 0.00420354 0.00808824 -0.00166667 -0.00438389 -0.00263975 -0.01 -0.00485612 0.00159574 -0.00815217 -0.0107143 -0.015 -0.000422886 -0.00652174 -0.000328393
internal_weight=7027 3678 78 40 3600 585 558 208 183 154 133 350 317 106 47 59 113 68 45 211 161 50 139 47 92 70 45 3015 46 2969
internal_count=7027 3678 78 40 3600 585 558 208 183 154 133 350 317 106 47 59 113 68 45 211 161 50 139 47 92 70 45 3015 46 2969
is_linear=0
shrinkage=0.05


Tree=238
num_leaves=31
num_cat=0
split_feature=2 12 17 17 5 14 13 1 17 4 17 16 2 2 17 17 12 16 9 2 4 0 11 16 4 10 14 8 10 16
split_gain=439.656 0.704729 1.30462 1.3238 1.42371 1.28629 1.12164 1.33741 1.08597 1.13988 1.20526 2.10164 1.21087 1.06019 1.41803 1.40122 1.17235 1.13155 1.04763 0.928498 0.842667 0.738809 1.03571 1.50004 2.16 1.38762 1.72732 1.12 0.805834 0.700554
threshold=6.5000000000000009 268.24075522410413 27.117595147965766 27.462822971875305 41.500000000000007 40.051975395449624 0.12995949596150133 27.850000000000005 26.847232540836242 13.950000000000001 25.268654498422432 19.539191340334892 32.500000000000007 282.50000000000006 25.886778583209672 24.535032685910583 284.07174412084925 19.195432386273641 0.14153898451656996 190.50000000000003 9.4500000000000011 798.50000000000011 55.443525145278741 23.08948345406899 11.850000000000003 -0.57729161655172734 74.183925408151765 -0.98296291314453399 -0.94695267581281539 19.813351065436276
decision_type=2 2 2 2 2 2 2 2 2 2 2 2 2 2 2 2 2 2 2 2 2 2 2 2 2 2 2 2 2 2
left_child=-1 21 8 -4 5 6 7 -5 9 10 11 12 -3 14 15 17 -16 -11 20 29 -14 -2 -23 25 -25 28 27 -27 -24 -17
right_child=1 2 3 4 -6 -7 -8 -9 -10 13 -12 -13 18 -15 16 19 -18 -19 -20 -21 -22 22 23 24 -26 26 -28 -29 -30 -31
leaf_value=-2.7754520037191909e-07 -6.4179900348904084e-05 -0.00027778595940242123 0.0039691528710868234 0.00020566537746643523 -0.0021910965456399477 -0.0024162687727475431 0.0012454491119136435 -0.00041791428993280256 -0.0026300429369945175 -0.00026653268050218785 0.00064683328658210471 -0.0019782715617434831 -0.0010077688433102418 0.018658476323687268 -0.0086600764196682611 0.00018414755934729188 -1.1378342318385527e-05 -0.0042596162664547245 0.017851323298575261 0.0069840573115566686 0.0017203793366652566 0.04446434334513541 0.0040200595615573322 -0.0082318627001480849 0.010283793103339179 0.0019364566094729697 -0.00048093499639136896 0.015658028377772127 -0.0011668153003604688 -0.00014688056864859967
leaf_weight=3349 2731 23 27 21 21 22 30 22 26 68 41 23 23 20 37 25 24 20 20 40 40 26 37 50 25 33 29 36 96 42
leaf_count=3349 2731 23 27 21 21 22 30 22 26 68 41 23 23 20 37 25 24 20 20 40 40 26 37 50 25 33 29 36 96 42
internal_value=-0.0118934 4.0783e-05 0.00158537 0.00576923 0.00344828 0.00605263 0.00924658 0.00406977 0.000317797 0.000896861 0.00411765 0.00174419 0.00471698 -0.00108696 -0.00195312 0.000128205 -0.00860656 -0.00454545 0.00753012 0.00397196 0.00436508 -0.000269344 0.00195783 0.00114379 -0.005 0.00313853 0.00765306 0.0119565 -0.00018797 0.000373134
internal_weight=7027 3678 615 143 116 95 73 43 472 446 170 129 106 276 256 195 61 88 83 107 63 3063 332 306 75 231 98 69 133 67
internal_count=7027 3678 615 143 116 95 73 43 472 446 170 129 106 276 256 195 61 88 83 107 63 3063 332 306 75 231 98 69 133 67
is_linear=0
shrinkage=0.05


Tree=239
num_leaves=31
num_cat=0
split_feature=2 5 13 17 5 1 9 0 11 16 3 12 3 15 14 3 4 4 4 14 14 11 11 5 5 16 16 1 5 14
split_gain=432.524 0.602244 2.16463 1.77813 1.71934 1.38598 1.2886 1.26763 1.2164 1.09727 1.08626 1.56714 1.47108 1.29677 1.21621 0.921886 0.917158 1.03982 0.838552 1.06694 0.8075 0.805963 0.802002 0.768496 2.0942 1.11838 1.11317 0.88955 0.75403 1.63032
threshold=6.5000000000000009 13.500000000000002 0.18158213768841017 29.951983373998925 16.500000000000004 151.60000000000002 0.34156760613242348 848.50000000000011 -3.8830881846831673 24.54445758209452 37.250000000000007 256.72996899572246 40.850000000000001 49.069419881761959 79.836127722077535 40.850000000000001 18.350000000000005 12.450000000000001 5.7500000000000009 56.584255833494076 59.943741985843658 50.280944906717359 61.876994135349982 10.500000000000002 9.5000000000000018 20.677423308932365 21.412373182850455 471.45000000000005 17.500000000000004 59.943741985843658
decision_type=2 2 2 2 2 2 2 2 2 2 2 2 2 2 2 2 2 2 2 2 2 2 2 2 2 2 2 2 2 2
left_child=-1 2 3 15 6 -4 -3 8 -6 16 11 13 21 -7 22 -2 17 18 -8 -20 -18 -12 -15 24 25 -14 -27 -25 29 -10
right_child=1 4 5 -5 7 10 9 -9 28 -11 12 -13 23 14 -16 -17 20 -19 19 -21 -22 -23 -24 27 -26 26 -28 -29 -30 -31
leaf_value=-2.6366794035332309e-07 0.00043330381366473163 0.0016053655406907731 -0.0030323717121538253 -0.00028174743259029578 -0.00034233052412304277 0.0084254132015561655 -0.0038879757910027959 0.018415867136330633 0.0098459180573859505 0.0049973164570028322 0.028810997616283276 -0.0054262830317210135 0.017228852882020185 -0.010677815632754318 0.011942648009058133 0.00019235612393569967 0.0002325053672983902 -0.0077748605097490049 -0.0099841852092163574 0.00029912946743309026 -0.0014551030482117255 0.00038173796527996018 0.00088934423771576128 -0.0012643195451881974 -0.01108604657778125 -0.010271087819166524 0.0035937442178644919 0.013750453076455216 -9.4737570942249341e-06 -0.013340967343652466
leaf_weight=3349 33 26 23 21 20 24 20 40 43 20 28 29 20 51 27 27 21 47 30 32 23 26 20 20 27 27 22 29 2875 27
leaf_count=3349 33 26 23 21 20 24 20 40 43 20 28 29 20 51 27 27 21 47 30 32 23 26 20 20 27 27 22 29 2875 27
internal_value=-0.0120001 -0.000163132 0.00154185 0.00895062 -0.000403226 -6.70241e-05 -0.00468037 -9.15141e-05 -0.000210793 -0.00608808 0.000714286 -0.00248344 0.0031407 0 -0.00255102 0.0133333 -0.00736994 -0.00949612 -0.00609756 -0.00322581 -0.00113636 0.0101852 -0.00598592 0.000517241 -0.00208333 0.00253623 -0.00153061 0.00561224 -0.000127334 0.005
internal_weight=7027 3678 454 81 3224 373 219 3005 2965 193 350 151 199 122 98 60 173 129 82 62 44 54 71 145 96 69 49 49 2945 70
internal_count=7027 3678 454 81 3224 373 219 3005 2965 193 350 151 199 122 98 60 173 129 82 62 44 54 71 145 96 69 49 49 2945 70
is_linear=0
shrinkage=0.05


Tree=240
num_leaves=31
num_cat=0
split_feature=2 4 4 3 15 13 5 6 6 15 0 0 0 0 12 9 4 10 17 6 15 9 14 4 5 10 16 17 18 18
split_gain=429.216 0.863026 0.918447 1.95739 0.782113 2.25665 1.51072 2.13238 1.83084 1.85315 1.2771 1.38204 2.38017 2.83911 1.9606 1.63281 2.0503 1.63875 1.35239 1.2543 1.14647 1.29689 1.30422 1.52061 1.4533 1.3877 1.1219 1.0718 1.06103 1.35564
threshold=6.5000000000000009 1.7000000000000004 3.4500000000000006 34.850000000000001 17.107428884324772 0.37155310526811808 14.500000000000002 18.500000000000004 2.5000000000000004 9.1412000679288461 131.50000000000003 254.50000000000003 290.50000000000006 321.50000000000006 106.9849235260141 0.85206963063867758 12.15 -0.71464691390916035 21.67340197924333 19.500000000000004 0.31915975886824305 0.81900730237416519 0.66663509656356035 11.250000000000002 47.500000000000007 -0.90878397393106225 22.59644525644368 29.496565652032704 16.420634257746357 21.120544749051671
decision_type=2 2 2 2 2 2 2 2 2 2 2 2 2 2 2 2 2 2 2 2 2 2 2 2 2 2 2 2 2 2
left_child=-1 -2 3 -3 5 6 -4 8 20 -10 -6 14 15 19 -12 16 -13 -18 -16 -14 -8 22 24 -24 -22 -25 27 -9 -20 -30
right_child=1 2 4 -5 10 -7 7 26 9 -11 11 12 13 -15 18 -17 17 -19 28 -21 21 -23 23 25 -26 -27 -28 -29 29 -31
leaf_value=-2.5048454333565699e-07 0.00046792158531303588 -4.412394185919766e-05 0.00023010757281641814 -0.008198549254046129 0.003266584815225038 0.0065919387424656865 6.9164345866469867e-05 9.1476146281709025e-05 -0.00086345576586157604 0.00073010403409226046 -0.0015115810414272346 -0.0006633308657821857 -0.0057806455304159959 -9.0896454178945882e-05 -0.0086425356441516502 0.018708170643410151 0.00039609007533147889 0.012370584446501187 0.0052442663552252806 -0.015785480417424492 0.0011003987421774664 -0.0022527989005587056 0.0019446845794996227 0.00015140763463468155 8.2346940083022353e-06 -0.0052063300821227542 0.00070693341690273312 -0.00032736155761162736 -0.0063175038535078446 0.0072351510826813127
leaf_weight=3349 25 81 108 37 22 51 21 337 95 35 70 40 44 2120 21 23 34 22 26 46 27 54 24 23 97 38 30 22 38 67
leaf_count=3349 25 81 108 37 22 51 21 337 95 35 70 40 44 2120 21 23 34 22 26 46 27 54 24 23 97 38 30 22 38 67
internal_value=-0.01205 -0.000258293 -0.000321653 -0.00466102 -0.000176803 0.0010395 0.00046652 -0.000280199 -0.00277778 -0.00769231 -0.000631558 -0.000735006 -0.000375698 -0.000746606 -0.0045045 0.00651261 0.00364583 0.00982143 -0.00131579 -0.00944444 -0.000528169 -0.00142586 0.000358852 -0.00441176 0.00362903 -0.00860656 0.00237789 0.00160167 0.000572519 -0.00166667
internal_weight=7027 3678 3653 118 3535 962 911 803 414 130 2573 2551 2329 2210 222 119 96 56 152 90 284 263 209 85 124 61 389 359 131 105
internal_count=7027 3678 3653 118 3535 962 911 803 414 130 2573 2551 2329 2210 222 119 96 56 152 90 284 263 209 85 124 61 389 359 131 105
is_linear=0
shrinkage=0.05


Tree=241
num_leaves=31
num_cat=0
split_feature=2 17 1 1 5 3 16 0 15 18 4 17 3 6 6 4 16 3 15 9 2 17 12 12 3 15 15 5 6 9
split_gain=425.921 0.586912 0.516445 0.907387 1.00033 0.533372 1.56453 1.18306 2.29004 1.98934 0.969532 0.950151 0.930317 1.6404 1.53453 1.26603 1.25586 1.48991 1.90653 1.07344 0.843995 1.29235 1.96983 1.92092 0.739901 0.899727 1.58524 1.46272 1.4667 1.73019
threshold=6.5000000000000009 8.7454516935037496 755.60000000000002 739.05000000000007 17.500000000000004 21.450000000000003 18.763235649471827 131.50000000000003 9.1412000679288461 27.254796689256114 10.550000000000002 26.174006737424964 25.550000000000004 14.500000000000002 96.500000000000014 9.9500000000000011 23.809663393350977 24.550000000000004 62.387190978455706 0.68391308835034159 186.50000000000003 29.711755334508066 126.92129392765953 171.30481423261048 25.850000000000005 16.828496977471108 12.299772057126864 14.500000000000002 29.500000000000004 -0.99052327954040364
decision_type=2 2 2 2 2 2 2 2 2 2 2 2 2 2 2 2 2 2 2 2 2 2 2 2 2 2 2 2 2 2
left_child=-1 -2 3 5 -5 6 11 8 10 -9 -8 -3 13 16 15 -15 17 18 19 -7 21 -11 -23 -24 -14 26 27 -26 29 -29
right_child=1 2 -4 4 -6 12 7 9 -10 20 -12 -13 24 14 -16 -17 -18 -19 -20 -21 -22 22 23 -25 25 -27 -28 28 -30 -31
leaf_value=-2.3796031616887413e-07 0.0018074037572142654 2.6368456019199018e-05 0.031351947261011405 -0.0061893791999594328 -0.00034820421742907118 -0.0050838375908350388 0.00015076537325710087 -0.019428551620894609 0.034325090608960364 -0.0081844850827238243 -0.00019709288885788324 0.016435034907155099 -0.0013706346187278063 0.0004938741969070737 0.00054740224046376793 0.0052849013601196987 -0.0035618472750595489 0.0065667475546910331 0.019835863673180399 -0.0022457375920785561 -0.0082415013367327823 -0.0011056336309772875 0.021511459730493423 -0.0059770366388418594 0.000175793552715664 -0.0002210497370155551 0.0044212690212716236 0.00020537978791800306 7.6043178035867248e-05 -0.00011538506115424952
leaf_weight=3349 23 39 36 21 27 25 46 28 24 84 42 22 20 26 68 37 35 34 23 29 24 25 50 28 102 2138 74 28 240 280
leaf_count=3349 23 39 36 21 27 25 46 28 24 84 42 22 20 26 68 37 35 34 23 29 24 25 50 28 102 2138 74 28 240 280
internal_value=-0.0120998 -0.000353453 -0.000403557 -0.000462835 -0.00729167 -0.000371045 -0.00206311 -0.00334758 0.000892857 -0.00533473 -0.00284091 0.00532787 -0.000150364 0.00261733 0.00667939 0.0123016 -0.0010274 0.00157658 -0.00227273 -0.00740741 -0.00367299 -0.00254011 0.00121359 0.00512821 -0.000416378 -0.000349406 0.00117403 0.000384615 -0.000638686 -0.00292208
internal_weight=7027 3678 3655 3619 48 3571 412 351 112 239 88 61 3159 277 131 63 146 111 77 54 211 187 103 78 2882 2862 724 650 548 308
internal_count=7027 3678 3655 3619 48 3571 412 351 112 239 88 61 3159 277 131 63 146 111 77 54 211 187 103 78 2882 2862 724 650 548 308
is_linear=0
shrinkage=0.05


Tree=242
num_leaves=31
num_cat=0
split_feature=2 17 4 1 15 14 15 15 4 14 8 1 10 5 4 18 2 2 12 9 12 12 10 0 11 0 14 15 18 2
split_gain=426.391 0.647903 1.38861 1.30658 1.27361 4.29154 0.982999 1.96014 1.31695 1.25952 0.93011 1.09972 0.906577 1.84692 1.21209 1.14739 1.31414 0.942677 1.05953 1.08536 0.973015 1.39041 1.56622 1.13519 0.95762 1.15714 0.904943 1.0084 0.830204 0.793954
threshold=6.5000000000000009 29.345796648845496 4.8500000000000005 751.50000000000011 72.442416780131438 69.251969219295248 74.146017005802889 72.815203738611658 13.850000000000003 75.235558279728778 -0.9159756150367534 625.50000000000011 -0.27608674622158907 17.500000000000004 7.4500000000000011 49.155500928146814 95.500000000000014 220.50000000000003 262.79509629855994 0.99628894895067466 256.72996899572246 240.93171984514979 0.98662138620987927 57.500000000000007 10.987024771599135 38.500000000000007 50.303189625999103 35.745019733436891 7.2241895993209218 229.50000000000003
decision_type=2 2 2 2 2 2 2 2 2 2 2 2 2 2 2 2 2 2 2 2 2 2 2 2 2 2 2 2 2 2
left_child=-1 4 10 6 -2 29 7 12 -8 -10 -3 -12 13 -4 15 16 -14 18 19 20 21 22 24 -23 25 -16 -25 -28 -20 -6
right_child=1 2 3 -5 5 -7 8 -9 9 -11 11 -13 14 -15 17 -17 -18 -19 28 -21 -22 23 -24 26 -26 -27 27 -29 -30 -31
leaf_value=-2.2606230036043039e-07 -3.5157540539482169e-06 -0.020862624303386923 -0.00033990866262474385 0.023294738603940601 0.039778684414521592 -0.0082212714553705265 -0.0031848048594486757 0.014777829277863575 -0.0095338067311084643 0.016581750951453245 -0.0011121035204084695 0.00046279993211584269 0.0020617372487944153 0.0083210110192196932 -4.3475445834109674e-05 0.016190783070417325 -0.0069335585459000988 0.00075271809662513789 -0.00012901855872053948 -0.011166242337082632 -0.0019306533927073489 -0.00027146461084406328 0.013279508221289782 0.012285555617588151 -0.0012909003089635719 -0.0038150909503061217 -0.0050632192187404007 0.017921919512247086 0.0050138686996257682 0.006846023416524006
leaf_weight=3349 2546 35 39 41 20 39 108 20 20 28 44 21 27 36 24 38 23 38 24 20 33 20 24 20 259 21 21 30 22 37
leaf_count=3349 2546 35 39 41 20 39 108 20 20 28 44 21 27 36 24 38 23 38 24 20 33 20 24 20 259 21 21 30 22 37
internal_value=-0.0120926 -0.000339859 -0.00139961 -0.000801282 7.57002e-05 0.00572917 -0.00120112 -0.000439783 -0.00480769 0.00208333 -0.007 -0.00346154 -0.000869263 0.00433333 -0.00147516 0.00397727 -0.001 -0.00233813 -0.00289575 -0.00360169 -0.00309735 -0.0024463 -0.00396341 0.00302198 -0.00493421 -0.0116667 0.00598592 0.00245098 0.00434783 0.0144737
internal_weight=7027 3678 1036 936 2642 96 895 739 156 48 100 65 719 75 644 88 50 556 518 472 452 419 328 91 304 45 71 51 46 57
internal_count=7027 3678 1036 936 2642 96 895 739 156 48 100 65 719 75 644 88 50 556 518 472 452 419 328 91 304 45 71 51 46 57
is_linear=0
shrinkage=0.05


Tree=243
num_leaves=31
num_cat=0
split_feature=2 4 9 1 11 1 9 18 15 12 12 17 4 4 17 12 3 5 12 5 4 5 5 17 16 6 3 3 3 9
split_gain=424.982 0.885987 0.918897 1.48573 1.04 1.72911 1.02857 1.2 0.9 0.596508 1.73094 1.53687 0.775758 0.672295 0.7579 0.692623 1.24257 0.664615 0.652005 0.615227 2.31902 1.94092 1.5611 1.30876 1.615 1.18281 1.235 1.49392 0.909082 1.09199
threshold=6.5000000000000009 1.7000000000000004 -0.99273952934267318 85.800000000000026 56.05731918080911 589.55000000000007 -0.99628894895067444 43.174417201818464 19.027374291754185 72.994880810683711 74.891342591732737 25.886778583209672 19.050000000000004 2.5500000000000003 8.7454516935037496 79.968514907354049 32.350000000000001 27.500000000000004 82.944258646524574 59.500000000000007 8.4500000000000011 66.500000000000014 58.500000000000007 15.829891493726066 12.788438098145186 7.5000000000000009 32.750000000000007 31.950000000000003 31.650000000000002 0.12447811117596704
decision_type=2 2 2 2 2 2 2 2 2 2 2 2 2 2 2 2 2 2 2 2 2 2 2 2 2 2 2 2 2 2
left_child=-1 -2 3 -3 5 6 7 8 -5 11 12 -4 -11 17 -15 16 -16 -12 -17 22 28 25 -20 -23 -25 -22 27 -27 29 -21
right_child=1 2 9 4 -6 -7 -8 -9 -10 10 13 -13 -14 14 15 18 -18 -19 19 20 21 23 -24 24 -26 26 -28 -29 -30 -31
leaf_value=-2.1475918534240887e-07 0.000514299402057361 7.6680183413113667e-05 -5.1420217219294577e-07 -0.00041783758435459672 -0.047287775493466105 0.0053261828008395184 -0.0055595058114686685 -0.023741436911765848 0.0051257328501568729 -0.00073863496105441785 -1.7479788010632546e-05 7.6957719203208004e-05 -0.0010666270942697232 0.0027050764735277347 0.00072004633144278078 -0.0020199243212764896 -0.0020734091708469295 -0.0025476022468692073 -1.2794673645921685e-05 -0.00015035440736679286 -0.0044109227586346831 -0.0073932996832221766 0.0062757434735271293 0.0063023173782771787 -0.00013951566603968014 -0.0016058689441159403 -0.0044762787200467004 0.0075260016993279784 0.021442057981726315 0.00094398637103133571
leaf_weight=3349 25 21 59 20 22 41 21 20 20 20 24 24 24 22 57 50 23 26 2577 44 35 24 27 26 262 33 34 26 25 46
leaf_count=3349 25 21 59 20 22 41 21 20 20 20 24 24 24 22 57 50 23 26 2577 44 35 24 27 26 262 33 34 26 25 46
internal_value=-0.012114 -0.000380642 -0.00044484 -0.00409091 -0.00590278 -0.00409836 -0.00833333 -0.005 0 -0.000272362 -0.000374449 0.00391566 -0.0102273 -0.000245463 -0.000158562 -0.000220432 0.004375 -0.006 -0.000334995 -0.000245331 -0.00175676 -0.00340909 7.68049e-05 -0.00128205 -0.000347222 -0.00859375 -0.00564516 -0.00127119 0.00456522 0.00222222
internal_weight=7027 3678 3653 165 144 122 81 60 40 3488 3405 83 44 3361 3311 3289 80 50 3209 3159 555 440 2604 312 288 128 93 59 115 90
internal_count=7027 3678 3653 165 144 122 81 60 40 3488 3405 83 44 3361 3311 3289 80 50 3209 3159 555 440 2604 312 288 128 93 59 115 90
is_linear=0
shrinkage=0.05


Tree=244
num_leaves=31
num_cat=0
split_feature=2 4 1 1 5 5 14 14 16 18 16 17 12 5 4 12 18 0 5 6 1 18 13 11 0 16 9 15 4 17
split_gain=425.451 0.546448 0.518862 0.789473 0.910323 0.550387 1.44305 2.38485 2.05645 1.23778 1.23093 1.36371 1.41678 1.4521 1.37283 1.0999 1.06172 1.23967 0.96004 1.34477 1.75415 1.13785 1.20159 1.96 0.981417 0.919042 1.01041 0.90207 0.8293 0.825005
threshold=6.5000000000000009 1.7000000000000004 755.60000000000002 739.05000000000007 17.500000000000004 27.500000000000004 78.335204095115998 70.57209605361497 19.763697219647597 62.044039571228758 22.770301780477968 27.172895215781562 270.75168034311054 13.500000000000002 6.1500000000000012 211.62569299982644 73.789127550309658 772.50000000000011 10.500000000000002 1.5000000000000002 584.30000000000007 69.793192306935694 0.77753990859717748 53.011021670109862 798.50000000000011 21.565835419591156 0.74409704927257569 72.012730532392112 13.65 28.12985447987014
decision_type=2 2 2 2 2 2 2 2 2 2 2 2 2 2 2 2 2 2 2 2 2 2 2 2 2 2 2 2 2 2
left_child=-1 -2 3 5 -5 10 7 16 -9 -10 11 -3 14 -14 15 -13 -7 27 -16 20 -20 22 25 -24 -23 29 -27 -18 -11 -21
right_child=1 2 -4 4 -6 6 -8 8 9 28 -12 12 13 -15 18 -17 17 -19 19 21 -22 24 23 -25 -26 26 -28 -29 -30 -31
leaf_value=-2.0402122607528844e-07 0.00048858443195456405 -2.7250456290638799e-05 0.029202709060396261 -0.0061177151632719534 -0.00017091402990274674 -5.1952401324606434e-05 0.023473052611813473 0.00066844700243464674 0.00057303081802828615 -0.011906635946228051 -0.00054542271059609959 0.00083126058440257116 0.0025606204110062872 5.6649472474923361e-05 -0.0051338855682907083 0.011909616615591645 -0.0074224165739678943 0.0044470605885425845 9.6215116854381233e-05 -0.00085684802574111931 0.02022916195420912 -0.012089417230291844 0.036625089114508215 -5.1307104873643544e-05 -5.5754164385746208e-05 -0.00064147766702146172 -0.00040049522242604498 0.0060337946335163655 -0.0050085829430734918 0.0014544912227083097
leaf_weight=3349 25 543 36 20 27 2020 20 25 20 53 360 30 30 21 22 38 20 24 44 35 42 21 20 25 20 20 33 34 24 26
leaf_count=3349 25 543 36 20 27 2020 20 25 20 53 360 30 30 21 22 38 20 24 44 35 42 21 20 25 20 20 33 34 24 26
internal_value=-0.0121069 -0.000367047 -0.000417465 -0.000476915 -0.00691489 -0.000392157 -0.000870536 -0.000990991 -0.00778689 -0.0110825 0.000413534 0.00134021 0.00345433 0.0112745 0.00239362 0.00882353 -0.000595806 0.00512821 0.000974026 0.00174825 0.00697674 -0.0005 0.00141509 0.00833333 -0.00792683 -0.00131579 -0.00613208 0.000925926 -0.013961 0.00286885
internal_weight=7027 3678 3653 3617 47 3570 2240 2220 122 97 1330 970 427 51 376 68 2098 78 308 286 86 200 159 45 41 114 53 54 77 61
internal_count=7027 3678 3653 3617 47 3570 2240 2220 122 97 1330 970 427 51 376 68 2098 78 308 286 86 200 159 45 41 114 53 54 77 61
is_linear=0
shrinkage=0.05


Tree=245
num_leaves=31
num_cat=0
split_feature=2 12 12 4 17 4 12 3 12 14 18 18 18 0 1 15 17 18 3 2 12 2 4 15 15 18 14 4 18 1
split_gain=424.513 0.54076 1.31905 1.03712 0.785666 0.759865 0.629526 1.56737 0.702402 0.979481 2.56292 1.2644 1.39004 1.10374 1.14276 2.2083 1.06264 1.73323 1.51166 1.40683 1.93968 1.57976 1.54826 1.93567 1.42029 1.91408 1.36391 1.47848 1.25689 1.21337
threshold=6.5000000000000009 72.994880810683711 74.891342591732737 19.050000000000004 25.886778583209672 18.950000000000003 80.673104253298064 32.350000000000001 166.51046839015399 37.382322533017664 54.940866386044739 51.09350387409129 52.743345725762822 442.50000000000006 47.350000000000009 9.4986622379265739 31.511135356097018 71.243211811742199 24.750000000000004 300.50000000000006 153.11171548419034 305.50000000000006 7.4500000000000011 62.387190978455706 63.202394096285055 60.973719242436857 57.293849119280786 18.650000000000002 75.536447250035124 652.00000000000011
decision_type=2 2 2 2 2 2 2 2 2 2 2 2 2 2 2 2 2 2 2 2 2 2 2 2 2 2 2 2 2 2
left_child=-1 4 3 -3 5 -2 7 -4 9 10 11 13 -13 14 15 -8 17 19 -18 20 22 -21 -11 -24 25 -23 29 28 -28 -19
right_child=1 2 6 -5 -6 -7 8 -9 -10 16 -12 12 -14 -15 -16 -17 18 26 -20 21 -22 24 23 -25 -26 -27 27 -29 -30 -31
leaf_value=-1.9382016477152402e-07 5.3387598249876601e-05 -0.0006991055929354555 0.00068664163493696866 -0.0010106981194899945 6.9855347731412337e-05 -4.6514068960551437e-05 0.00063570584305647779 -0.0019671410922383003 7.6925499357116678e-06 0.00035542430016697327 0.0053004978855812016 -0.021506130298175385 -0.00051409415068199855 0.0005803711397776468 -0.00029811238525485618 -0.00029543186204872285 0.00042841169464011844 0.012055501885411248 -0.0028275236766507564 0.0080671183341477718 -0.0098223404222096636 0.00037813317120836135 -0.0017223793048049886 -0.015759673277963772 0.00017047929603073442 -0.012436165053321525 -0.0072315546866676076 0.0079417619612947021 0.0011429538664199158 0.0054309944894960441
leaf_weight=3349 39 20 65 24 25 20 42 33 2009 36 78 22 35 116 584 29 23 25 40 20 27 27 94 27 69 42 29 25 30 23
leaf_count=3349 39 20 65 24 25 20 42 33 2009 36 78 22 35 116 584 29 23 25 40 20 27 27 94 27 69 42 29 25 30 23
internal_value=-0.0121211 -0.000394236 -0.000486923 -0.00909091 0.00357143 0.000423729 -0.000380282 0.00357143 -0.000492468 -0.00133403 -0.000331126 -0.00114734 -0.00833333 -0.000616083 -0.00141221 0.00457746 -0.00302607 -0.00221519 -0.00912698 -0.00409357 -0.00706522 -0.000632911 -0.00493631 -0.00764463 -0.00253623 -0.0076087 0.00265152 -0.00119048 -0.00550847 0.009375
internal_weight=7027 3678 3594 44 84 59 3550 98 3452 1443 906 828 57 771 655 71 537 474 63 342 184 158 157 121 138 69 132 84 59 48
internal_count=7027 3678 3594 44 84 59 3550 98 3452 1443 906 828 57 771 655 71 537 474 63 342 184 158 157 121 138 69 132 84 59 48
is_linear=0
shrinkage=0.05


Tree=246
num_leaves=31
num_cat=0
split_feature=2 17 17 11 17 3 17 18 16 1 14 18 15 14 6 15 15 0 5 3 18 6 2 0 2 12 18 6 18 6
split_gain=428.745 0.500809 1.21367 2.18853 1.72697 1.65188 1.58674 1.3586 1.1546 1.04483 0.98 1.28419 0.972327 1.64768 1.51664 1.75652 1.44504 1.4899 1.36544 1.14354 1.47217 1.13725 1.10592 1.03737 2.1292 2.81977 1.74633 1.69 1.05318 1.38186
threshold=6.5000000000000009 28.856081198836659 28.12985447987014 29.785044068163554 28.052740892978488 37.350000000000001 27.997185203180379 73.789127550309658 20.304822226906147 274.90000000000003 54.335452462735326 67.813711894215615 61.747350424128832 48.494534078851459 32.500000000000007 65.60578884677075 18.080599943018264 231.50000000000003 26.500000000000004 40.250000000000007 62.855630508983396 32.500000000000007 309.50000000000006 254.50000000000003 141.50000000000003 126.92129392765953 21.120544749051671 19.500000000000004 22.103989396390279 8.5000000000000018
decision_type=2 2 2 2 2 2 2 2 2 2 2 2 2 2 2 2 2 2 2 2 2 2 2 2 2 2 2 2 2 2
left_child=-1 2 4 9 6 7 12 10 -3 -4 -5 -12 16 22 19 -16 17 -2 -17 -15 -21 -19 -14 24 25 -18 27 -25 29 -28
right_child=1 8 3 5 -6 -7 -8 -9 -10 -11 11 -13 13 14 15 18 23 21 -20 20 -22 -23 -24 26 -26 -27 28 -29 -30 -31
leaf_value=-1.8412915653294784e-07 5.0137264360206046e-06 -0.0067000048685370572 6.4602013945536108e-05 -0.0087065733356865849 -0.002000156553961008 -0.0041528224354703269 0.0061626811315154129 0.031057748641422481 -0.00012536505901579177 0.022151364070353098 0.0094398445179576743 -0.00054199621322368328 0.00055546484511737049 0.0031356739921349686 0.0005729283812186736 1.8851334364455854e-05 -0.0018805769734745682 0.0011394632459305499 -0.0057383060881591071 0.019270599479365203 -0.0016277692038762837 0.011218149376733422 0.025344773568353674 0.0058112489613817431 -0.0066992248279722057 0.0049756876415806067 -0.0028421775630482317 -0.00040363082047356613 -0.00034953392164194241 -0.020871170140035835
leaf_weight=3349 641 26 38 30 41 35 27 20 1159 33 22 23 21 147 39 23 21 30 45 21 77 31 20 25 44 26 25 20 946 22
leaf_count=3349 641 26 38 30 41 35 27 20 1159 33 22 23 21 147 39 23 21 30 45 21 77 31 20 25 44 26 25 20 946 22
internal_value=-0.0120571 -0.000271887 0.000130365 0.00385572 -0.000196335 0 -1.11062e-05 0.00342105 -0.00111814 0.0109155 0.000333333 0.005 -0.000157374 0.00209924 0.000994318 -0.00397196 -0.000641726 0.0011396 -0.00882353 0.00316327 -0.00102041 0.00860656 0.0115854 -0.00174934 -0.00686813 0.000531915 -0.00130058 0.00833333 -0.00173716 -0.00904255
internal_weight=7027 3678 2493 201 2292 130 2251 95 1185 71 75 45 2224 393 352 107 1831 702 68 245 98 61 41 1129 91 47 1038 45 993 47
internal_count=7027 3678 2493 201 2292 130 2251 95 1185 71 75 45 2224 393 352 107 1831 702 68 245 98 61 41 1129 91 47 1038 45 993 47
is_linear=0
shrinkage=0.05


Tree=247
num_leaves=31
num_cat=0
split_feature=2 0 14 15 1 11 3 3 7 14 2 15 14 18 0 18 18 0 6 1 16 14 9 13 13 12 2 2 2 13
split_gain=427.332 0.566117 1.17329 0.891488 1.11825 0.865149 1.67865 1.28003 1.18519 0.816692 0.728139 0.663786 1.67348 0.699102 2.47292 2.02663 1.49136 1.98231 1.06215 2.29254 1.37339 1.48279 1.55506 1.08143 1.13036 1.37957 1.06765 2.22355 0.9746 0.960952
threshold=6.5000000000000009 798.50000000000011 57.558211527948693 75.17490717958799 722.25000000000011 55.443525145278741 34.650000000000013 35.550000000000004 1.0000000180025095e-35 58.89713035714562 248.50000000000003 73.096374558757802 68.917765224499036 50.779402747586907 628.50000000000011 51.570866019720206 49.932353608097806 581.50000000000011 74.500000000000014 418.05000000000007 19.87928794425029 48.812153425824789 -0.15430310492919541 0.97727673673113757 0.99939540507859748 166.51046839015399 287.50000000000006 237.50000000000003 313.50000000000006 0.78244496855345924
decision_type=2 2 2 2 2 2 2 2 2 2 2 2 2 2 2 2 2 2 2 2 2 2 2 2 2 2 2 2 2 2
left_child=-1 3 -3 4 11 -4 8 -8 -7 -5 -10 13 -13 14 16 -15 17 29 19 -17 21 -20 -23 28 -25 -26 27 -22 -21 -2
right_child=1 2 5 9 -6 6 7 -9 10 -11 -12 12 -14 15 -16 18 -18 -19 20 23 26 22 -24 24 25 -27 -28 -29 -30 -31
leaf_value=-1.7492269870630044e-07 -9.9271207004411614e-06 0.023348542903859838 0.041990552313169616 0.0020316381124210639 0.017809794284062264 2.0036766033371124e-05 0.019937606502355012 8.121805918648306e-05 -0.0042237538267876577 -0.0056403187507363846 -0.0041904755780926449 0.0082622406567656632 -0.0027993890225840091 -0.023629343537249527 0.028424533980924063 0.013624212509192192 0.011231028175878066 -0.0085345957894583432 0.0069383899751029434 -0.00016221287373383576 -0.01043416395763579 -0.0034465150858398633 2.0554909297487712e-05 -0.0089018192053256229 -0.0021977711747354078 0.00069161382360576344 -0.016278684332262296 0.00072647356571167168 0.017975819930904892 0.00072074854600003848
leaf_weight=3349 2060 21 26 20 24 33 25 185 22 123 20 24 20 26 20 27 21 24 32 615 27 31 51 25 29 45 20 21 28 33
leaf_count=3349 2060 21 26 20 24 33 25 185 22 123 20 24 20 26 20 27 21 24 32 615 27 31 51 25 29 45 20 21 28 33
internal_value=-0.0120784 -0.00031267 0.00165663 -0.000508069 -0.000335623 0.000884244 8.77193e-05 0.00238095 -0.00633333 -0.00437063 -0.0119048 -0.000416798 0.00568182 -0.000502392 0 -0.00161208 -0.000163704 -0.000295229 -0.00123554 -0.000422627 -0.00467033 -0.00131579 -0.00487805 -0.000943396 -0.00580808 -0.0027027 -0.0102941 -0.00625 -0.000194401 -0.00013139
internal_weight=7027 3678 332 3346 3203 311 285 210 75 143 42 3179 44 3135 2158 977 2138 2117 951 769 182 114 82 742 99 74 68 48 643 2093
internal_count=7027 3678 332 3346 3203 311 285 210 75 143 42 3179 44 3135 2158 977 2138 2117 951 769 182 114 82 742 99 74 68 48 643 2093
is_linear=0
shrinkage=0.05


Tree=248
num_leaves=31
num_cat=0
split_feature=2 12 1 16 5 4 4 1 1 13 0 14 17 1 17 6 17 17 4 2 3 10 6 9 17 16 3 18 4 6
split_gain=426.861 0.611423 1.13813 1.44114 2.3315 1.71959 1.42524 2.10708 1.43458 1.29625 1.03052 0.960657 0.940613 0.838364 0.814865 0.88277 1.19763 1.43704 0.944477 1.46351 1.6986 1.72279 0.836634 0.777358 2.32774 1.85802 1.72024 1.16667 1.07895 1.19093
threshold=6.5000000000000009 166.51046839015399 81.050000000000011 15.262446988291961 49.500000000000007 13.550000000000002 13.050000000000002 47.350000000000009 72.550000000000026 0.10962622521678343 26.500000000000004 72.116374972332736 25.345442905298629 89.250000000000014 32.987126483277997 92.500000000000014 30.464558974767559 28.180766647674027 10.550000000000002 219.50000000000003 34.250000000000007 -0.7721279831368929 89.500000000000014 -0.66161011071130904 27.817878421766128 22.49974786182614 29.450000000000003 43.531758511666247 14.950000000000001 14.500000000000002
decision_type=2 2 2 2 2 2 2 2 2 2 2 2 2 2 2 2 2 2 2 2 2 2 2 2 2 2 2 2 2 2
left_child=-1 2 3 -2 5 10 7 -6 9 12 -5 13 -8 -4 15 22 17 18 -17 -20 21 -21 23 24 28 26 -26 -28 -15 -30
right_child=1 -3 11 4 6 -7 8 -9 -10 -11 -12 -13 -14 14 -16 16 -18 -19 19 20 -22 -23 -24 -25 25 -27 27 -29 29 -31
leaf_value=-1.6617656377098543e-07 -0.00066876588130999621 1.4058350772516715e-05 -0.0016002300336233511 -0.00014888257040358567 0.00056301457979233136 3.5892997240438707e-05 6.3019522302173314e-05 7.2072754834229258e-06 0.00065720357260707913 -0.0035125389232982585 -0.00014573659543997143 -0.0019549387988320177 -7.0371443279926289e-06 -0.0073992212747288734 -0.0042958566038523664 0.00065583547787362306 0.0017188247912594435 -0.018837968819325247 -0.0049937025607200702 -0.00099844804046913551 -0.013502420513648873 0.018403179870470864 0.0028713511539908867 -1.0186587433125283e-06 0.020271638908353574 -0.0046919698826551233 -0.00034331865548331564 0.0020945460510644054 0.0067510135937252974 -0.00093168626334865228
leaf_weight=3349 39 2009 27 22 35 34 30 26 23 21 20 20 31 86 24 32 20 46 32 22 33 21 22 824 21 31 21 54 24 28
leaf_count=3349 39 2009 27 22 35 34 30 26 23 21 20 20 31 86 24 32 20 46 32 22 33 21 22 824 21 31 21 54 24 28
internal_value=-0.0120855 -0.000326264 -0.00103355 0.00186833 0.00330579 -0.00394737 0.00662651 0.0127049 0.00309524 0 -0.0107143 -0.00162104 0.00368852 -0.00146199 -0.00128635 -0.00111997 -0.00412621 -0.00537634 -0.00285714 -0.00509259 -0.00131579 0.00523256 -0.000562556 -0.000757576 -0.00311321 0.00177165 0.00520833 0.00166667 -0.0076087 -0.00192308
internal_weight=7027 3678 1669 281 242 76 166 61 105 82 42 1388 61 1368 1341 1317 206 186 140 108 76 43 1111 1089 265 127 96 75 138 52
internal_count=7027 3678 1669 281 242 76 166 61 105 82 42 1388 61 1368 1341 1317 206 186 140 108 76 43 1111 1089 265 127 96 75 138 52
is_linear=0
shrinkage=0.05


Tree=249
num_leaves=31
num_cat=0
split_feature=2 13 14 15 1 15 14 1 11 18 18 3 17 17 5 5 15 0 3 14 15 6 6 11 9 4 14 17 16 4
split_gain=429.216 0.707212 1.35191 1.32108 2.38861 2.27273 3.09156 1.57152 1.20143 1.14749 1.01962 0.914286 0.880842 1.35086 2.25563 1.09039 1.34038 1.12384 1.28782 1.11413 2.57471 1.78685 1.20321 1.08747 2.50247 1.73756 2.66284 1.34161 1.25022 1.04985
threshold=6.5000000000000009 0.90660818628471984 38.803685037687721 66.189841079680875 620.05000000000007 70.738785339749214 54.115995644160165 652.00000000000011 40.300953373927022 69.189314489942134 66.077347827369934 35.550000000000004 24.133845082221359 23.816073240064274 55.500000000000007 16.500000000000004 58.539052000567821 618.50000000000011 22.250000000000004 69.251969219295248 73.096374558757802 38.500000000000007 18.500000000000004 55.443525145278741 -0.96460524310950169 9.8500000000000032 78.802865643448854 27.955203777088894 23.201690967835237 21.450000000000003
decision_type=2 2 2 2 2 2 2 2 2 2 2 2 2 2 2 2 2 2 2 2 2 2 2 2 2 2 2 2 2 2
left_child=-1 3 -3 9 5 11 -7 -6 -9 10 -2 -5 13 14 -4 -14 -17 -18 -19 20 21 22 29 25 -25 -21 -27 -26 -29 -20
right_child=1 2 12 4 7 6 -8 8 -10 -11 -12 -13 15 -15 -16 16 17 18 19 23 -22 -23 -24 24 27 26 -28 28 -30 -31
leaf_value=-1.5786773558243615e-07 -1.4183108945753365e-05 0.018598713791930521 0.00061683311217919368 -0.0050378252298525442 0.005351045559293866 0.008367176456899373 -0.0042697853069874727 0.014781403573872609 -0.0021405561829759279 -0.0093167935715243299 0.023555678062521325 -0.00057809772877561729 -0.00038675277661113231 -0.0076831189753669097 -0.0053782554435626295 0.0073043267280962004 -0.0063886848791668178 0.02182453462740739 -0.00091566302307324323 -0.0070543323451147449 0.034332087828774151 -0.0028435012405857666 0.011319844731225714 -0.01003775044091384 -0.014599361688361512 0.016930172221339034 -0.0063255512605113751 0.021134552367803396 -0.00031118974051160821 0.011702100455296006
leaf_weight=3349 2609 27 77 24 26 20 35 20 50 25 26 21 180 23 26 32 44 40 74 31 29 31 24 27 27 21 22 20 22 45
leaf_count=3349 2609 27 77 24 26 20 35 20 50 25 26 21 180 23 26 32 44 40 74 31 29 31 24 27 27 21 22 20 22 45
internal_value=-0.01205 -0.000258293 0.00103406 -0.000630252 -0.00459184 -0.01 -0.00318182 0.00104167 -0.00285714 -0.000338346 -0.000237192 -0.0183333 0.000660377 -0.0031746 -0.000728155 0.00138266 0.00260736 0.00191466 0.00272397 0.00180965 0.00431034 0.00201149 0.00437063 -0.00117647 -0.0046875 0.00337838 0.00988372 0.000362319 0.00595238 0.00231092
internal_weight=7027 3678 822 2856 196 100 55 96 70 2660 2635 45 795 126 103 669 489 457 413 373 203 174 143 170 96 74 43 69 42 119
internal_count=7027 3678 822 2856 196 100 55 96 70 2660 2635 45 795 126 103 669 489 457 413 373 203 174 143 170 96 74 43 69 42 119
is_linear=0
shrinkage=0.05


Tree=250
num_leaves=31
num_cat=0
split_feature=2 18 18 18 18 0 0 18 14 18 14 16 18 5 0 4 11 0 10 9 6 5 5 13 6 4 13 15 9 1
split_gain=422.171 0.674013 2.74152 2.62911 2.26321 2.16927 1.7711 1.66633 1.64616 2.86736 1.53409 1.37524 1.21942 0.91839 1.52334 1.55873 1.56574 1.48973 1.00278 1.95803 0.999249 1.40347 1.53923 1.39776 1.00489 0.981739 1.45929 0.86637 0.860253 0.975011
threshold=6.5000000000000009 17.685032753126457 19.707186428447081 15.339071760111681 21.120544749051671 263.50000000000006 226.50000000000003 12.85657016783575 2.6876011572969776 22.103989396390279 34.3010813843458 21.681103455207204 9.9355854023393793 14.500000000000002 108.50000000000001 17.050000000000004 15.292876761204198 101.50000000000001 -0.16705162550211936 0.78297285307474518 18.500000000000004 63.500000000000007 58.500000000000007 0.088858980110662497 1.5000000000000002 11.250000000000002 0.028901772731160725 18.374483923275495 0.37371625404731906 274.90000000000003
decision_type=2 2 2 2 2 2 2 2 2 2 2 2 2 2 2 2 2 2 2 2 2 2 2 2 2 2 2 2 2 2
left_child=-1 3 6 7 5 27 -3 12 -6 28 -8 -5 13 18 17 16 -16 20 19 -2 21 22 23 24 25 -15 -27 -4 -10 -30
right_child=1 2 4 11 8 -7 10 -9 9 -11 -12 -13 -14 14 15 -17 -18 -19 -20 -21 -22 -23 -24 -25 -26 26 -28 -29 29 -31
leaf_value=-1.4997434880331436e-07 8.2174274581792158e-06 -0.012857339563122672 0.0024724011323991493 0.013695884207121402 0.025060861413077617 0.017956293786416035 0.00021818333233527556 -0.0066716977867083754 -0.01592610562289103 -0.00017084432667644479 -0.002882180604551721 -6.4915382649033401e-05 0.0047995181488119879 0.00046159999900212694 -0.0046031020068256993 -0.019736342486245298 0.0019914346049326073 0.0014202222369662288 -5.6181009272716909e-05 0.0009950331946240649 1.6244789657815508e-05 6.591119189949258e-05 -0.00067379433211716138 -0.0037165132754572562 -0.00045152792750768889 8.6158162474998459e-05 -0.0018098927226566364 -0.0010362415895897926 -0.023139997860968722 0.00016929473750728621
leaf_weight=3349 46 46 22 54 21 33 24 30 31 2445 20 21 45 31 34 38 28 39 34 28 286 87 21 27 48 36 23 35 22 23
leaf_count=3349 46 46 22 54 21 33 24 30 31 2445 20 21 45 31 34 38 28 39 34 28 286 87 21 27 48 36 23 35 22 23
internal_value=-0.0121567 -0.000462208 -0.000863336 0.000679916 -0.000569909 0.00722222 -0.00944444 -8.51305e-05 -0.000845791 -0.00096192 -0.00227273 0.00966667 0.000323149 -0.000124069 -0.000787966 -0.0065 -0.0016129 0.000167224 0.00416667 0.00743243 -0.00049195 -0.00265568 -0.00510753 -0.00348485 -0.00144928 0.00166667 -0.00211864 0.00131579 -0.0105263 -0.00611111
internal_weight=7027 3678 2722 956 2632 90 90 881 2542 2521 44 75 851 806 698 100 62 598 108 74 559 273 186 165 138 90 59 57 76 45
internal_count=7027 3678 2722 956 2632 90 90 881 2542 2521 44 75 851 806 698 100 62 598 108 74 559 273 186 165 138 90 59 57 76 45
is_linear=0
shrinkage=0.05


Tree=251
num_leaves=31
num_cat=0
split_feature=2 3 6 4 3 13 0 6 6 10 13 14 11 9 5 5 3 4 16 4 12 13 14 5 14 5 18 6 16 14
split_gain=420.768 0.624438 2.15116 2.06885 0.847129 0.832812 3.32599 1.70418 1.14974 1.54368 1.76809 1.23065 1.14585 1.12351 1.11872 1.6334 1.54961 1.535 1.47253 1.59766 1.31232 2.13459 1.31028 2.76012 2.24752 2.22278 1.87278 1.52106 1.5045 1.48698
threshold=6.5000000000000009 16.650000000000002 62.500000000000007 8.9500000000000011 14.450000000000001 0.56546986341837824 442.50000000000006 5.5000000000000009 59.500000000000007 -0.98798606843101155 0.60010893246187369 28.60768735483401 59.824572479700599 -0.99762106698677366 16.500000000000004 21.500000000000004 37.95000000000001 30.150000000000002 22.682609723123054 12.950000000000001 208.48142957228484 0.80483628466421664 54.115995644160165 46.500000000000007 51.911517300262119 59.500000000000007 72.46854156041698 11.500000000000002 20.177621803237198 48.494534078851459
decision_type=2 2 2 2 2 2 2 2 2 2 2 2 2 2 2 2 2 2 2 2 2 2 2 2 2 2 2 2 2 2
left_child=-1 2 3 -2 -5 6 12 -8 13 -10 -11 -12 -3 -7 -15 16 18 20 -16 -20 22 -22 24 26 25 29 28 -25 -24 -17
right_child=1 5 -4 4 -6 8 7 -9 9 10 11 -13 -14 14 15 17 -18 -19 19 -21 21 -23 23 27 -26 -27 -28 -29 -30 -31
leaf_value=-1.4247563136314862e-07 0.00073356284313299549 2.1360115448398886e-06 -0.0011226397241073771 -0.00024918816279657642 -0.0028796643912567645 -0.0081397361756557988 0.0023347121700680873 0.030874580860779058 0.00037975798958793665 -0.015417464410027826 0.01767732031866771 -0.00080723292782316494 -0.00053892785159370682 -0.0010077438110176473 0.021443159592853436 0.001731955783789374 -0.00069190868289084053 -0.0095672944414914706 -0.0014599671648085179 0.013414151749671532 -0.0003914959441310373 0.012448909742670012 -0.00072674127323235638 0.0088273952693477039 0.025797385038358558 -0.0051000640564909721 -0.0011124922973095863 -0.00088343224667326587 -0.0088635874681294528 -0.0087444616939990286
leaf_weight=3349 75 1582 34 37 30 47 44 30 56 22 23 346 22 335 56 165 52 37 37 22 116 164 28 31 20 34 142 23 45 23
leaf_count=3349 75 1582 34 37 30 47 44 30 56 22 23 346 22 335 56 165 52 37 37 22 116 164 28 31 20 34 142 23 45 23
internal_value=-0.012178 -0.000502991 -0.00340909 -0.000704225 -0.00708955 -0.000356939 0.000446961 0.0108108 -0.00109649 -0.00329978 -0.00441176 -0.00359079 -3.11721e-05 -0.000381264 -0.000112782 0.000728643 0.00523952 -0.000181159 0.00847826 0.0029661 0.00028445 0.00303571 -0.00122309 -0.00362454 0.00144628 0 -0.00616279 0.00648148 -0.0126712 0.00212766
internal_weight=7027 3678 176 142 67 3502 1678 74 1824 447 391 369 1604 1377 1330 995 167 828 115 59 791 280 511 269 242 222 215 54 73 188
internal_count=7027 3678 176 142 67 3502 1678 74 1824 447 391 369 1604 1377 1330 995 167 828 115 59 791 280 511 269 242 222 215 54 73 188
is_linear=0
shrinkage=0.05


Tree=252
num_leaves=31
num_cat=0
split_feature=2 6 17 13 0 13 4 5 11 13 9 7 11 13 2 6 2 7 9 3 5 18 3 12 10 13 3 14 0 2
split_gain=419.368 0.862187 1.19525 1.09264 2.42452 1.34107 1.60611 1.72761 1.80861 1.38459 2.17436 1.60815 1.0649 1.0383 1.8297 1.94858 1.38593 1.30734 1.65 1.30438 1.02554 1.48235 1.02362 1.19457 1.08566 1.00439 1.61731 1.53176 1.69808 0.981818
threshold=6.5000000000000009 4.5000000000000009 18.486405453977486 0.56546986341837824 442.50000000000006 0.63375226207269997 18.450000000000003 53.500000000000007 41.094793929210418 0.72877088688946035 0.92591620288614507 0.37940952255126054 59.824572479700599 0.43976775521384742 175.50000000000003 25.500000000000004 152.50000000000003 -0.98296291314453399 0.19244979981841034 18.250000000000004 32.500000000000007 45.511762128286534 38.650000000000013 84.907049460873296 0.1500498401600889 0.76183250234843569 36.650000000000013 43.009981997311336 549.50000000000011 191.50000000000003
decision_type=2 2 2 2 2 2 2 2 2 2 2 2 2 2 2 2 2 2 2 2 2 2 2 2 2 2 2 2 2 2
left_child=-1 2 -2 4 12 6 7 8 -5 10 20 25 13 14 15 16 17 18 -3 -17 -7 -22 23 -19 -25 26 -11 28 -27 -16
right_child=1 3 -4 5 -6 9 -8 -9 -10 11 -12 -13 -14 -15 29 19 -18 22 -20 -21 21 -23 -24 24 -26 27 -28 -29 -30 -31
leaf_value=-1.3535184979499118e-07 0.010494747442167674 0.0029536084973477376 8.7482858313142616e-06 -0.014791062535623923 0.028883515254679182 -0.0028615547936412969 -0.017126927310529182 0.001157109545301438 9.8830871309729676e-05 -0.012216727836188747 0.009411697363618644 -0.0065143388856320431 -0.00051198145901403262 0.001112108563826375 -0.0087643875412915413 -0.00037152649278222595 0.0072429980674661113 -3.6754429245791646e-06 -0.0021507671364272341 0.00013099182349067819 0.0071620646345457398 -0.0025447679836691607 0.00039895859258964883 -0.0019751760781695606 -0.00082982479494943674 -0.00060316412852383654 0.011532155457325289 -0.00038180290120095608 0.050595669425391426 -0.00098047374431979866
leaf_weight=3349 20 33 1524 37 31 38 28 25 24 32 24 45 22 158 45 46 23 29 27 493 28 40 20 66 26 20 20 679 21 54
leaf_count=3349 20 33 1524 37 31 38 28 25 24 32 24 45 22 158 45 46 23 29 27 493 28 40 20 66 26 20 20 679 21 54
internal_value=-0.0121994 -0.000543774 0.000356218 -0.00119494 -6.98975e-05 -0.0023327 -0.00745614 -0.00406977 -0.00860656 -0.00171595 0.00307692 -0.00247858 -0.000479846 -0.000245098 -0.000928074 -9.82962e-05 -0.00401786 -0.00534826 0.000833333 0.00153061 0 0.00367647 -0.00797872 -0.00971074 -0.0125 -0.00194301 -0.00865385 -0.00145833 0.00792683 -0.00732323
internal_weight=7027 3678 1544 2134 1073 1061 114 86 61 947 130 817 1042 1020 862 763 224 201 60 539 106 68 141 121 92 772 52 720 41 99
internal_count=7027 3678 1544 2134 1073 1061 114 86 61 947 130 817 1042 1020 862 763 224 201 60 539 106 68 141 121 92 772 52 720 41 99
is_linear=0
shrinkage=0.05


Tree=253
num_leaves=31
num_cat=0
split_feature=2 8 13 10 10 14 10 10 6 9 0 14 14 15 18 15 4 12 12 17 15 13 15 16 7 3 1 4 3 4
split_gain=424.982 0.738569 1.71613 1.2359 2.20375 1.12738 1.06936 2.14861 1.00639 1.50679 1.01139 1.53213 1.00181 0.968325 2.09906 1.62329 1.24604 1.32728 1.42808 1.102 2.32133 2.27462 1.93416 1.90943 1.81856 1.17992 1.60479 1.07554 1.78474 2.4454
threshold=6.5000000000000009 -0.60355339059327384 0.30584636840520457 0.99164058729498161 0.98367285631203072 6.630797340928706 0.99370977118463066 0.97690230611205509 27.500000000000004 -0.99762106698677366 386.50000000000006 17.325652384954012 76.924746971133771 46.819344971606732 50.779402747586907 43.551509077558386 10.750000000000002 124.74909930445283 137.93070257448517 26.305874254906211 53.762135829065407 0.86691701502090135 54.025609070291175 20.066732893185421 1.0000000180025095e-35 33.750000000000007 641.50000000000011 23.150000000000002 34.750000000000007 12.350000000000003
decision_type=2 2 2 2 2 2 2 2 2 2 2 2 2 2 2 2 2 2 2 2 2 2 2 2 2 2 2 2 2 2
left_child=-1 2 -2 4 5 -4 7 -3 9 -7 -11 -12 -10 15 -15 -13 17 -16 -19 22 -21 25 -18 24 -24 26 -22 28 29 -23
right_child=1 6 3 -5 -6 8 -8 -9 12 10 11 13 -14 14 16 -17 19 18 -20 20 21 27 23 -25 -26 -27 -28 -29 -30 -31
leaf_value=-1.2858425730524162e-07 -0.00088872355736753234 1.0148707305424054e-05 0.022419953601662893 -0.010935033799857764 0.043483979982808667 -0.010028274428827189 0.016375898903363419 -0.0022523346033570257 -0.0003593020541177161 -0.00451874714738878 0.015571893458656217 -0.00028165408931535296 -0.0087647699266378606 0.018491495832681438 -0.0024941856933709873 -0.0024603154771721592 -0.010308495859785972 0.0052132815388233672 -0.00060635290505537407 0.0271186008855544 0.016875643604380385 -0.0097191680800829527 0.026266897300373772 -0.00096073401010272625 -0.0013128142831202894 -0.0050720065396419045 -0.0027788563935779113 -0.00042244944894846985 0.018571562350586747 0.0099746863330672404
leaf_weight=3349 32 1581 21 49 21 49 22 24 666 47 22 137 24 31 38 22 44 39 319 37 34 20 34 82 22 50 35 53 70 53
leaf_count=3349 32 1581 21 49 21 49 22 24 666 47 22 137 24 31 38 22 44 39 319 37 34 20 34 82 22 50 35 53 70 53
internal_value=-0.012114 -0.000380642 -0.0010117 -0.000829619 -0.000634518 -0.000808107 0.000414874 0.000264798 -0.00093361 -8.07754e-05 0.000273339 0.000569177 -0.00246377 0.0003125 0.00091051 -0.00330189 0.000483871 -0.00164141 -0.000698324 0.00205993 0.00369318 0.00230159 -0.0010989 0.00181159 0.00892857 -0.00315126 0.00108696 0.00561224 0.00786713 0.00239726
internal_weight=7027 3678 2051 2019 1970 1949 1627 1605 1928 1238 1189 1142 690 1120 961 159 930 396 358 534 352 315 182 138 56 119 69 196 143 73
internal_count=7027 3678 2051 2019 1970 1949 1627 1605 1928 1238 1189 1142 690 1120 961 159 930 396 358 534 352 315 182 138 56 119 69 196 143 73
is_linear=0
shrinkage=0.05


Tree=254
num_leaves=31
num_cat=0
split_feature=2 8 18 18 18 18 12 0 3 3 16 3 15 14 18 16 12 17 14 15 16 4 3 3 5 10 18 13 0 4
split_gain=417.971 1.02676 1.74269 3.06409 2.85815 2.30768 1.38889 1.28878 1.40337 1.46006 1.22644 1.19603 1.14429 1.53186 1.13725 1.11752 0.960506 1.03559 1.02965 2.64403 2.04943 1.99224 1.90476 1.37236 1.33163 1.32658 1.19326 1.35472 1.43095 1.39692
threshold=6.5000000000000009 -0.60355339059327384 31.496572723707356 34.108868229636094 37.199530931578501 39.379248456559957 91.628144612383139 793.50000000000011 28.150000000000002 30.650000000000002 18.895401324886873 17.550000000000004 30.671074998921799 51.753992821228927 38.533256976938823 14.930233054352412 94.526791770722539 24.873350947612256 37.566963794938736 56.524021905538639 19.040278924963783 20.050000000000004 34.250000000000007 40.750000000000007 58.500000000000007 0.17553149042142802 46.300531869669946 0.86691701502090135 595.50000000000011 13.750000000000002
decision_type=2 2 2 2 2 2 2 2 2 2 2 2 2 2 2 2 2 2 2 2 2 2 2 2 2 2 2 2 2 2
left_child=-1 2 11 10 6 14 -5 12 -9 -10 -4 -2 13 -7 -6 -14 17 -17 19 20 -18 26 25 -24 -22 -23 -20 29 -29 -28
right_child=1 -3 3 4 5 7 -8 8 9 -11 -12 -13 15 -15 -16 16 18 -19 21 -21 24 22 23 -25 -26 -27 27 28 -30 -31
leaf_value=-1.2215504443997954e-07 -0.0031111888802641376 6.4898901912191503e-06 0.032099440367230163 -0.0076614371386069637 0.00024114404280268787 -0.00026757138484967413 -0.020431127407610019 0.029318417030168221 -0.013000381559159635 0.00018685904462998338 0.014442220358918246 -0.0003916270164991076 -0.0022620004948855411 0.0078119056404760915 0.0099090943926515972 -0.018555373899638107 -0.011303832902936862 -0.0010228026618236187 0.0240485340130288 0.024236732641364968 0.0011172191707419898 0.017569689142885637 -0.0016338037612152691 0.014794241748805705 -0.0049647502862050887 0.0001881071363285969 -0.00081311618983477281 -0.010125282626357547 -0.00022469294737703649 -0.0052971061896389671
leaf_weight=3349 22 1627 21 36 30 27 36 22 20 314 32 72 41 24 31 20 24 37 21 33 133 31 94 41 50 23 255 20 435 106
leaf_count=3349 22 1627 21 36 30 27 36 22 20 314 32 72 41 24 31 20 24 37 21 33 133 31 94 41 50 23 255 20 435 106
internal_value=-0.0122207 -0.000584557 -0.00132862 -0.0010092 -0.00133929 -0.00095524 -0.0111111 -0.00128458 0.00140449 0.000598802 0.0108491 -0.00797872 -0.00196113 0.00539216 0.00860656 -0.00223607 -0.00198413 -0.00833333 -0.00169826 0.00125 -0.000845411 -0.00238791 0.00224868 -0.000925926 0.000956284 0.0101852 -0.00343489 -0.00373775 -0.00192308 -0.00602493
internal_weight=7027 3678 2051 1957 1904 1832 72 1771 356 334 53 94 1415 51 61 1364 1323 57 1266 240 207 1026 189 135 183 54 837 816 455 361
internal_count=7027 3678 2051 1957 1904 1832 72 1771 356 334 53 94 1415 51 61 1364 1323 57 1266 240 207 1026 189 135 183 54 837 816 455 361
is_linear=0
shrinkage=0.05


Tree=255
num_leaves=31
num_cat=0
split_feature=2 8 0 18 18 18 18 12 16 18 10 15 3 3 14 3 15 1 15 1 16 7 14 16 2 18 18 14 13 18
split_gain=417.041 1.08715 1.4715 1.18484 2.05862 1.79999 2.66495 1.38889 1.34661 1.13725 1.12049 1.01102 0.914502 0.903368 1.14247 0.942127 1.27136 1.08093 0.835162 1.96896 1.05694 1.27509 1.40015 0.994582 0.996574 0.919404 1.99929 1.05197 1.13415 1.12758
threshold=6.5000000000000009 -0.60355339059327384 793.50000000000011 31.496572723707356 34.108868229636094 37.199530931578501 39.379248456559957 91.628144612383139 18.895401324886873 38.533256976938823 0.33345642693991789 39.460743967497642 31.350000000000005 38.850000000000001 58.385837375295772 37.150000000000013 67.192383518535209 632.05000000000007 75.449983897206323 722.25000000000011 23.625828645450586 -0.25881904510252113 64.213614264853774 21.188289925895575 191.50000000000003 41.964922141061898 43.174417201818464 19.276925673193308 0.55618408585317625 48.004898941830156
decision_type=2 2 2 2 2 2 2 2 2 2 2 2 2 2 2 2 2 2 2 2 2 2 2 2 2 2 2 2 2 2
left_child=-1 2 3 11 8 7 9 -6 -5 -7 12 -2 -4 14 -14 16 -16 -18 19 25 21 -20 -23 -24 -25 -8 -27 -28 -29 -30
right_child=1 -3 10 4 5 6 18 -9 -10 -11 -12 -13 13 -15 15 -17 17 -19 20 -21 -22 22 23 24 -26 26 27 28 29 -31
leaf_value=-1.1604729221798056e-07 -0.0031714563268746333 6.165395681656527e-06 -0.0080881888957140546 0.030494468348868511 -0.0072783652816765356 0.00022908684066251796 -0.0023675208876593246 -0.019409571037229512 0.013720109340972276 0.009413639673018892 0.018476032775356543 -5.8342780848441582e-05 0.026936033359325862 -0.00092498023717340065 -0.0017018296863824389 0.0067059320695811667 -0.0009706472994885474 0.0018694319069076926 0.012472875711733878 0.024490968950893689 -0.0082949265007272299 0.0018231578997545128 -0.019292521867917856 0.0034516697576272293 -0.0083597656570418618 0.010472898006875475 -0.017030944718409914 0.0058561399302583085 -0.0020995658173919907 -0.00035993353575491938
leaf_weight=3349 59 1627 22 21 36 30 59 36 32 31 26 35 20 127 26 38 32 65 20 24 22 20 23 20 21 34 21 20 56 1075
leaf_count=3349 59 1627 22 21 36 30 59 36 32 31 26 35 20 127 26 38 32 65 20 24 22 20 23 20 21 34 21 20 56 1075
internal_value=-0.012235 -0.000611746 -0.00137738 -0.00199115 -0.00167083 -0.00200258 -0.00162602 -0.00972222 0.00801887 0.00860656 0.00154494 -0.00744681 0.000757576 0.00146104 0.00372928 0.00232919 0.000203252 0.00283505 -0.00206714 -0.00168735 -0.00595238 -0.00384615 -0.00654762 -0.0101563 -0.0054878 -0.00195652 -0.00165837 -0.00200512 -0.00180278 -0.00201149
internal_weight=7027 3678 2051 1695 1601 1548 1476 72 53 61 356 94 330 308 181 161 123 97 1415 1289 126 104 84 64 41 1265 1206 1172 1151 1131
internal_count=7027 3678 2051 1695 1601 1548 1476 72 53 61 356 94 330 308 181 161 123 97 1415 1289 126 104 84 64 41 1265 1206 1172 1151 1131
is_linear=0
shrinkage=0.05


Tree=256
num_leaves=31
num_cat=0
split_feature=2 8 6 10 18 15 14 10 2 14 18 3 12 1 0 18 11 11 13 12 12 12 3 3 12 4 3 13 4 17
split_gain=417.041 1.01902 1.51645 1.36597 1.07127 1.19766 1.036 1.74592 1.72957 1.78644 2.97948 1.68905 1.5691 1.4547 1.69322 1.65294 1.12397 0.953973 1.05879 0.945349 1.148 1.2688 1.10533 0.886118 0.905172 0.853333 0.840003 1.06673 1.4156 1.61037
threshold=6.5000000000000009 -0.60355339059327384 45.500000000000007 0.99164058729498161 34.86358411418319 32.445112889720043 55.562957785498142 -0.89388548498445497 215.50000000000003 17.065732872120929 38.270594769242109 29.950000000000003 188.49617444645676 408.75000000000006 507.50000000000006 60.440830328860848 66.709517352209176 41.690312308066318 0.76183250234843569 245.82318366523478 206.47875505553245 175.45503636807521 35.95000000000001 27.650000000000002 126.92129392765953 10.850000000000003 17.850000000000005 0.86221451006242977 9.9500000000000011 31.023932121514495
decision_type=2 2 2 2 2 2 2 2 2 2 2 2 2 2 2 2 2 2 2 2 2 2 2 2 2 2 2 2 2 2
left_child=-1 2 3 4 -2 25 8 -8 11 -10 -11 23 13 14 -12 -15 -16 -9 -19 20 21 -20 -22 24 -4 -6 -7 -28 -29 -30
right_child=1 -3 6 -5 5 26 7 17 9 10 12 -13 -14 15 16 -17 -18 18 19 -21 22 -23 -24 -25 -26 -27 27 28 29 -31
leaf_value=-1.1024492760708154e-07 0.01446273560373328 5.8571258975792524e-06 -0.0027970566199071456 -0.0094124213691003447 8.9518697282819923e-05 0.0067296443289498247 -0.0014140863073579979 0.00090877095964998495 0.018018190817103187 -0.0034683198853463718 0.0013413864228057903 -0.010377004741002428 0.022754949417389626 0.0019300466012207808 -0.017376763806766959 -0.0021843564085209269 -3.2638191644451811e-06 -0.0044262444040597876 -0.00086135314615134464 0.004958007687657329 -0.0021675407847673968 0.0037607080349966182 -7.6115429977718929e-05 0.0026467877238911088 -8.043924756053756e-05 -0.0035733995279658261 -0.0005540378763807752 -0.00077778022589143354 0.00098959857622258349 0.0095051833405705114
leaf_weight=3349 36 1627 28 49 20 46 38 27 28 54 28 34 37 23 29 28 21 25 48 21 38 28 24 21 30 30 540 281 386 53
leaf_count=3349 36 1627 28 49 20 46 38 27 28 54 28 34 37 23 29 28 21 25 48 21 38 28 24 21 30 30 540 281 386 53
internal_value=-0.012235 -0.000611746 -0.001353 -0.000468425 -0.000179598 -0.000405605 -0.00344262 -0.00592369 -0.0017313 0.000604839 -0.000909091 -0.00685841 0.00240964 -0.000193798 -0.00448718 0.00637255 -0.01 -0.00414692 -0.00543478 -0.00393082 -0.00543478 -0.00131579 -0.0104839 -0.0028481 -0.00603448 -0.008 -0.000114855 -0.000357143 0.000902778 0.00267654
internal_weight=7027 3678 2051 1441 1392 1356 610 249 361 248 220 113 166 129 78 51 50 211 184 159 138 76 62 79 58 50 1306 1260 720 439
internal_count=7027 3678 2051 1441 1392 1356 610 249 361 248 220 113 166 129 78 51 50 211 184 159 138 76 62 79 58 50 1306 1260 720 439
is_linear=0
shrinkage=0.05


Tree=257
num_leaves=31
num_cat=0
split_feature=2 8 6 14 16 15 4 2 14 4 10 10 17 5 17 10 18 0 11 13 14 14 9 5 3 11 13 15 2 2
split_gain=414.256 1.06334 1.16072 1.19982 1.94531 2.38161 1.92515 1.56252 1.56069 1.755 1.42718 1.28926 1.22727 1.08238 0.992327 0.987528 1.13549 1.13756 0.965571 1.18274 1.12369 1.35338 1.25871 1.15714 0.886671 1.70139 1.97439 2.29458 1.4815 0.938857
threshold=6.5000000000000009 -0.60355339059327384 45.500000000000007 54.778111673072331 21.313206764098577 64.162089717336457 13.750000000000002 218.50000000000003 34.3010813843458 19.050000000000004 -0.89388548498445497 0.21771516573566849 30.341185452886574 56.500000000000007 22.607766151996238 0.99164058729498161 34.86358411418319 348.50000000000006 41.690312308066318 0.76183250234843569 74.183925408151765 68.380131534477854 0.88606241628642846 25.500000000000004 23.750000000000004 42.462209970587004 0.76183250234843569 63.962514483605197 161.50000000000003 163.50000000000003
decision_type=2 2 2 2 2 2 2 2 2 2 2 2 2 2 2 2 2 2 2 2 2 2 2 2 2 2 2 2 2 2
left_child=-1 2 15 4 5 6 14 -8 13 -10 -5 -7 -6 -9 -4 16 -2 -18 -12 -20 21 22 -21 -23 25 26 -19 -28 -29 -26
right_child=1 -3 3 10 12 11 7 8 9 -11 18 -13 -14 -15 -16 -17 17 24 19 20 -22 23 -24 -25 29 -27 27 28 -30 -31
leaf_value=-1.0473268122672748e-07 0.013739598823546651 5.5642696026980694e-06 0.0040302317900862581 -0.0010808787084714666 -0.016507925616428665 0.014148673716701766 -0.0068983827391501332 0.011515304041815711 -0.020904740884985531 7.1414876261766128e-05 0.0008633324116672725 0.0013613993873526908 -0.00042198293555522075 -0.00033071186114099762 -0.00050075229665580423 -0.0089418003006450416 -0.0074514295222407158 0.01283517102501186 -0.0042708403752021338 -0.00022875752727742339 -0.017180134907660616 0.0052094152787921294 -0.01140496490215135 -0.00034606856396592891 -0.006127930117308545 0.012673575040997599 -0.010837251881245714 0.01170335288503317 -0.010451112250270001 -0.00014295395331522797
leaf_weight=3349 36 1627 49 42 33 21 28 20 24 26 27 20 33 31 64 49 20 53 26 61 26 24 34 21 42 36 22 48 21 1114
leaf_count=3349 36 1627 49 42 33 21 28 20 24 26 27 20 33 31 64 49 20 53 26 61 26 24 34 21 42 36 22 48 21 1114
internal_value=-0.0122776 -0.000693312 -0.00145051 -0.00327869 -0.00136103 0.000441696 -0.00144628 -0.00562016 -0.00272277 -0.009 -0.00584291 0.0115854 -0.00909091 0.00343137 0.00331858 -0.000676613 -0.000431034 -0.000663717 -0.00422374 -0.00546875 -0.00391566 -0.00214286 -0.00552632 0.005 -0.000486527 0.00277778 0.000347222 -0.00412088 0.000362319 -0.00099481
internal_weight=7027 3678 2051 610 349 283 242 129 101 50 261 41 66 51 113 1441 1392 1356 219 192 166 140 95 45 1336 180 144 91 69 1156
internal_count=7027 3678 2051 610 349 283 242 129 101 50 261 41 66 51 113 1441 1392 1356 219 192 166 140 95 45 1336 180 144 91 69 1156
is_linear=0
shrinkage=0.05


Tree=258
num_leaves=31
num_cat=0
split_feature=2 8 10 18 18 18 18 1 12 16 18 14 14 18 0 14 1 0 14 3 9 14 14 5 17 9 2 18 15 9
split_gain=416.111 0.945637 1.14505 1.03788 1.59217 1.84663 2.67973 1.48994 1.47773 1.25048 1.19853 2.23978 1.49183 2.56389 1.48426 1.83021 1.46594 1.225 1.22378 1.27539 1.23021 1.58025 1.041 1.94945 1.21236 1.71967 1.63849 1.25754 1.14177 1.12941
threshold=6.5000000000000009 -0.60355339059327384 -0.99862982478704421 31.496572723707356 34.108868229636094 37.199530931578501 39.379248456559957 37.050000000000004 91.628144612383139 18.895401324886873 57.062578693457823 37.382322533017664 39.245948792719155 61.416689742835629 577.50000000000011 50.747174809461065 430.75000000000006 554.50000000000011 65.675240928024024 35.350000000000001 -0.49375726027723282 61.087352090251343 63.841016419850583 30.500000000000004 25.026140892531917 0.74981945761428193 289.50000000000006 46.300531869669946 54.960006020228867 0.91585580712236381
decision_type=2 2 2 2 2 2 2 2 2 2 2 2 2 2 2 2 2 2 2 2 2 2 2 2 2 2 2 2 2 2
left_child=-1 2 -2 7 9 8 -7 -4 -6 -5 22 17 -13 18 15 -15 -16 -12 20 -20 -14 -22 24 28 26 -26 -8 -28 -24 -27
right_child=1 -3 3 4 5 6 10 -9 -10 -11 11 12 13 14 16 -17 -18 -19 19 -21 21 -23 23 -25 25 29 27 -29 -30 -31
leaf_value=-9.9496047165391102e-08 -0.0072568814511720708 5.2860561225664964e-06 0.00013436426566639791 0.024301044650927486 -0.0024385120153807452 0.0050862915223234498 -0.0034465708246765206 -0.0022076267774236769 -0.020439926894125729 0.011623987152559591 0.0014491552451527667 -0.0081748226105634817 -0.0018131415707692612 -0.013201025933498657 -0.0066460672179545106 -0.0031301477505802922 -9.0606392033265598e-05 0.044624669517902942 0.018069706168450852 0.024705781778707706 0.0038900191879257307 -0.00090083371778142411 0.0076445448378610337 -0.0085483324572088303 0.0015519119690576844 -0.014902716807177009 0.028787741041304573 -0.0013482132536088544 -0.00094322196734637493 -0.00013779377672555883
leaf_weight=3349 42 1627 36 20 32 61 96 53 35 32 20 38 21 22 22 40 913 20 27 23 54 27 23 27 188 34 23 42 29 51
leaf_count=3349 42 1627 36 20 32 61 96 53 35 32 20 38 21 22 22 40 913 20 27 23 54 27 23 27 188 34 23 42 29 51
internal_value=-0.0122492 -0.000638934 -0.001353 -0.00118218 -0.0009375 -0.00117773 -0.000874514 -0.00646067 -0.00932836 0.00769231 -0.00123563 -0.000387123 -0.000779275 -0.000456919 -0.00137914 -0.00887097 -0.000882353 0.01125 0.00559211 0.012 0.00245098 0.00524691 -0.00326511 -0.0085443 -0.00230415 -0.000274725 -0.00574534 0.000384615 -0.00288462 -0.00617647
internal_weight=7027 3678 2051 2009 1920 1868 1801 89 67 52 1740 1227 1187 1149 997 62 935 40 152 50 102 81 513 79 434 273 161 65 52 85
internal_count=7027 3678 2051 2009 1920 1868 1801 89 67 52 1740 1227 1187 1149 997 62 935 40 152 50 102 81 513 79 434 273 161 65 52 85
is_linear=0
shrinkage=0.05


Tree=259
num_leaves=31
num_cat=0
split_feature=2 8 13 9 17 15 2 4 4 10 0 3 18 2 17 11 17 18 12 2 2 18 13 12 4 11 11 18 5 15
split_gain=420.301 0.706044 0.912782 1.81975 1.59769 0.986625 0.768194 0.723563 1.46073 1.07302 0.896139 1.49871 1.04939 2.63706 1.95889 1.43711 1.4187 1.50204 1.52318 1.38077 1.62521 1.35087 1.25587 1.38068 1.88683 1.47991 2.4859 1.45871 1.25357 1.20708
threshold=6.5000000000000009 -0.60355339059327384 0.43976775521384742 0.35769492645306972 31.871441003905183 15.736710028536377 254.50000000000003 7.5500000000000007 8.1500000000000004 -0.22610730998347103 13.500000000000002 28.250000000000004 4.3732017446696894 55.500000000000007 19.247278054568465 9.7074194676674868 27.142913979334427 7.2241895993209218 277.73016259139132 219.50000000000003 82.500000000000014 3.160508234285329 0.20866728854958086 255.80449031193589 16.150000000000002 25.710511606760026 22.957544329772265 23.290400734930685 33.500000000000007 10.307568942499255
decision_type=2 2 2 2 2 2 2 2 2 2 2 2 2 2 2 2 2 2 2 2 2 2 2 2 2 2 2 2 2 2
left_child=-1 2 3 -2 -5 -4 7 -3 9 -9 11 -10 21 15 -15 -14 -16 -18 19 20 29 -12 -22 24 25 26 28 -25 -24 -19
right_child=1 6 5 4 -6 -7 -8 8 10 -11 12 -13 13 14 16 -17 17 18 -20 -21 22 -23 23 27 -26 -27 -28 -29 -30 -31
leaf_value=-9.452124480712155e-08 0.00018482155081125386 -0.00013049740393512589 0.003944157109503266 -0.0029379103506007812 7.9905314921191462e-05 -0.00029158999317182579 0.016525214421229784 0.0015348494085821729 -0.00065967327253335997 0.00044015900237598106 1.376958987149568e-05 -3.2530725308940745e-06 -0.0003201408969681463 0.0016714499151807339 -0.00019380095808312349 -0.0051018898206048437 -0.00058007263515071907 0.0036603757893968192 0.0023588266505763403 0.020690721238647215 -0.002628521518965954 0.00068624823280840632 0.0092594782122877636 0.0039106971687744799 -0.0020837980771975851 0.013175038135646489 -0.0070641250152771564 -0.0045465574575628059 5.0568424755148559e-06 0.0035631179407596748
leaf_weight=3349 50 241 25 51 21 1904 20 24 22 21 200 64 41 43 461 32 28 26 25 20 27 47 30 46 51 49 20 42 26 21
leaf_count=3349 50 241 25 51 21 1904 20 24 22 21 200 64 41 43 461 32 28 26 25 20 27 47 30 46 51 49 20 42 26 21
internal_value=-0.0121851 -0.000516585 -0.00113359 -0.00532787 -0.0104167 -0.000868326 0.000261217 0.000140012 0.000585652 0.00944444 0.000283876 -0.00465116 0.00062753 -0.000101215 0.000628415 -0.00924658 0.000114679 0.00225061 0.00306789 0.00223464 0.00147929 0.00354251 8.59107e-05 0.00113636 0.00369318 0.007 0.00263158 -0.00397727 0.00803571 0.0101064
internal_weight=7027 3678 2051 122 72 1929 1627 1607 1366 45 1321 86 1235 988 915 73 872 411 383 358 338 247 291 264 176 125 76 88 56 47
internal_count=7027 3678 2051 122 72 1929 1627 1607 1366 45 1321 86 1235 988 915 73 872 411 383 358 338 247 291 264 176 125 76 88 56 47
is_linear=0
shrinkage=0.05


Tree=260
num_leaves=31
num_cat=0
split_feature=2 5 3 16 16 5 0 16 5 16 9 5 14 2 17 5 12 11 1 0 15 14 13 3 3 4 11 18 18 3
split_gain=417.041 0.557683 1.05388 1.26754 1.44048 0.987222 1.75649 1.30622 1.43375 1.33608 2.35305 1.56879 1.50595 1.35087 1.27947 1.24222 2.36271 1.06841 0.946519 1.14409 0.904465 1.71413 1.01871 0.857143 0.805411 0.784091 0.782076 0.944209 3.688 1.19349
threshold=6.5000000000000009 9.5000000000000018 37.050000000000004 21.653746448942876 20.659977793529368 16.500000000000004 848.50000000000011 23.740307131660245 13.500000000000002 21.823300973071337 0.87795195455888941 10.500000000000002 67.68844875805614 145.50000000000003 26.552353388212232 17.500000000000004 206.47875505553245 -3.5898876350544273 311.75000000000006 514.50000000000011 54.025609070291175 56.032566590658732 0.9558638848058455 44.45000000000001 34.850000000000001 13.15 31.480340920393171 37.199530931578501 39.379248456559957 35.050000000000004
decision_type=2 2 2 2 2 2 2 2 2 2 2 2 2 2 2 2 2 2 2 2 2 2 2 2 2 2 2 2 2 2
left_child=-1 2 24 4 -4 7 15 8 9 10 11 -3 13 -11 -13 16 -7 -17 -9 -20 21 -10 -22 -6 -2 -14 -19 29 -29 -28
right_child=1 5 3 -5 23 6 -8 18 20 12 -12 14 25 -15 -16 17 -18 26 19 -21 22 -23 -24 -25 -26 -27 27 28 -30 -31
leaf_value=-8.9795182566765484e-08 0.0031031989500381663 -0.0067091510145523003 0.0028197542870145257 0.0029399955291552261 0.00016296877979306014 0.0058265817260139798 0.015681608254457659 0.0026939941620063969 -0.0019071623070454737 -6.1952132804987689e-05 0.0089807707556448513 -7.7820824462127025e-05 -0.0016992869118638511 -0.02025871651904021 0.0074348403970055273 -0.00042302199963208109 -0.00022537507742308451 6.1383053407415566e-06 -0.0079357077758453794 0.00075510455256946332 -0.0075213597473133831 0.0055219761444078586 -0.00085395659737450566 -0.0095044405232275874 -0.0010424296846385864 0.0096849387437828241 -0.00036584233315668514 0.0069403799949187221 -0.00034724831005910066 -0.0029961471445348665
leaf_weight=3349 20 36 42 49 21 24 40 22 73 22 20 53 24 20 24 25 47 1252 23 60 46 21 32 21 22 22 174 76 1298 69
leaf_count=3349 20 36 42 49 21 24 40 22 73 22 20 53 24 20 24 25 47 1252 23 60 46 21 32 21 22 22 174 76 1298 69
internal_value=-0.012235 -0.000611746 0.00214286 0.00432331 0.000595238 -0.000749358 -0.000407654 -0.00281124 -0.00413486 -0.00147059 0.00169173 -0.00110619 -0.00625 -0.0130952 0.00292208 -0.000548061 0.00598592 -0.000708362 0.00214286 -0.000301205 -0.00755814 -0.00425532 -0.0115385 -0.00595238 -0.0047619 0 -0.000618682 -0.00134508 -0.000836972 -0.00421811
internal_weight=7027 3678 175 133 84 3503 3005 498 393 221 133 113 88 42 77 2965 71 2894 105 83 172 94 78 42 42 46 2869 1617 1374 243
internal_count=7027 3678 175 133 84 3503 3005 498 393 221 133 113 88 42 77 2965 71 2894 105 83 172 94 78 42 42 46 2869 1617 1374 243
is_linear=0
shrinkage=0.05


Tree=261
num_leaves=31
num_cat=0
split_feature=2 12 1 5 4 3 4 4 12 14 18 4 4 14 18 15 9 11 9 11 2 2 6 3 3 3 2 4 9 9
split_gain=419.835 0.570354 1.39315 1.60404 2.55448 2.23496 1.17464 1.42463 1.07274 1.05803 1.52687 1.40993 1.21314 1.22815 1.8618 1.16667 1.02044 1.14683 1.02512 1.23604 1.54539 1.52381 1.49309 1.14996 2.30027 1.76087 0.968134 1.89849 0.937433 0.936209
threshold=6.5000000000000009 166.51046839015399 47.350000000000009 48.500000000000007 13.550000000000002 28.150000000000002 26.450000000000003 25.250000000000004 103.31622603671424 54.115995644160165 71.243211811742199 5.2500000000000009 7.4500000000000011 58.89713035714562 71.243211811742199 64.162089717336457 -0.99466160899732459 55.443525145278741 -0.83113983907127287 64.5654713892297 225.50000000000003 208.50000000000003 37.500000000000007 35.350000000000001 36.45000000000001 34.250000000000007 298.50000000000006 12.250000000000002 -0.66161011071130904 0.4975086818028765
decision_type=2 2 2 2 2 2 2 2 2 2 2 2 2 2 2 2 2 2 2 2 2 2 2 2 2 2 2 2 2 2
left_child=-1 2 3 4 -2 -5 7 9 -8 10 -4 -11 -13 14 15 -14 17 -3 19 20 21 22 23 25 -25 -18 27 -15 -20 -10
right_child=1 16 6 5 -6 -7 8 -9 29 11 -12 12 13 26 -16 -17 18 -19 28 -21 -22 -23 -24 24 -26 -27 -28 -29 -30 -31
leaf_value=-8.5305423438427199e-08 -0.00014046402868773052 -0.00026876045770201084 -0.00021980414128268679 0.00064966443965084339 9.7675105355135927e-05 4.5147590378488704e-05 -0.00063873984401183756 -0.0018998904933496875 0.0097149981290748158 -0.0087226129557201656 0.043748270072433121 0.013600401356855231 -0.004834313690469827 -0.0097330453829364682 -0.00087022276406756305 -0.014134501557508374 0.0011007353130556786 -0.031905578693253743 -0.0011058652804283532 0.021214702808931209 -0.0014922534250711552 0.01406102312593447 0.0045602934100165806 0.011696316608192614 -0.00039210707732335593 -0.0050833026724833369 0.0013250879283745578 0.00028748913188927363 8.2894132375624378e-06 0.00037027301829652972
leaf_weight=3349 26 63 1112 45 25 77 49 32 26 30 20 27 21 22 51 21 23 21 104 23 58 35 31 32 66 23 30 34 1530 21
leaf_count=3349 26 63 1112 45 25 77 49 32 26 30 20 27 21 22 51 21 23 21 104 23 58 35 31 32 66 23 30 34 1530 21
internal_value=-0.0121923 -0.000530179 -0.0012133 0.00303468 -0.00441176 0.00614754 -0.00170455 -0.00207143 0.00364583 -0.00182749 -0.00119258 -0.00487288 -0.00339806 -0.00488827 -0.00887097 -0.0166667 3.7332e-05 -0.00535714 0.000272727 0.00300687 0.00205224 0.00404762 0.00214286 0 0.00306122 -0.00652174 -0.000581395 -0.00446429 -0.000214198 0.00904255
internal_weight=7027 3678 1669 173 51 122 1496 1400 96 1368 1132 236 206 179 93 42 2009 84 1925 291 268 210 175 144 98 46 86 56 1634 47
internal_count=7027 3678 1669 173 51 122 1496 1400 96 1368 1132 236 206 179 93 42 2009 84 1925 291 268 210 175 144 98 46 86 56 1634 47
is_linear=0
shrinkage=0.05


Tree=262
num_leaves=31
num_cat=0
split_feature=2 18 17 2 10 14 6 3 10 2 14 1 5 4 6 10 4 4 12 9 4 1 17 15 12 7 15 3 2 4
split_gain=420.301 0.711159 1.25022 0.658066 0.545044 1.06379 1.06675 1.76333 0.554212 1.81954 2.32979 1.77197 1.49823 0.801827 0.958707 0.570526 0.530344 1.83725 2.20411 1.38193 1.21229 1.488 1.71429 1.34973 1.23988 1.2235 1.3354 1.1623 0.819493 0.788663
threshold=6.5000000000000009 84.066276109385385 32.573320438648473 8.5000000000000018 -0.9975933521984367 14.504889835249053 97.500000000000014 36.95000000000001 -0.97870382656940669 286.50000000000006 26.311004363032485 460.55000000000007 33.500000000000007 23.150000000000002 80.500000000000014 -0.97106408147883394 23.050000000000004 22.350000000000005 224.88757814396817 -0.83113983907127287 26.750000000000004 245.00000000000003 27.081640839311255 7.6875909590065286 208.48142957228484 -0.25881904510252113 25.770948233728515 32.250000000000007 283.50000000000006 25.250000000000004
decision_type=2 2 2 2 2 2 2 2 2 2 2 2 2 2 2 2 2 2 2 2 2 2 2 2 2 2 2 2 2 2
left_child=-1 3 -3 -2 5 -5 7 -7 9 10 13 -11 -12 14 -6 -10 17 -17 -19 27 23 -22 28 -21 -24 26 -25 -18 -23 -27
right_child=1 2 -4 4 8 6 -8 -9 15 11 12 -13 -14 -15 -16 16 19 18 -20 20 21 22 24 25 -26 29 -28 -29 -30 -31
leaf_value=-8.1040152266505853e-08 -9.027051377160645e-05 -0.0068562432045105488 0.035151521555385659 0.00094609477736311287 -7.807615785787592e-06 -0.01572719486387868 -0.0076573438021743101 0.0033983286044115602 0.00026560778007773679 0.013490142924229077 -0.0029129405538701469 -0.0005598021758252969 -0.027716882814329047 0.003595770048619884 -0.00072823721107289079 -4.140489996942165e-05 0.0054673431826430252 -9.5213351714318339e-05 0.016857140588770837 0.00020791541614458288 -0.001929379064479342 0.013886058475525065 -0.013028512184887564 -0.0083149771180016426 0.0015544793667469749 -0.00289986270504663 0.00026514928548593275 -0.00015577742516583728 0.0074137040919360691 -0.014822301177567977
leaf_weight=3349 39 22 20 34 53 20 27 30 54 34 32 38 21 22 21 2803 22 22 26 22 33 26 26 21 38 47 34 41 22 28
leaf_count=3349 39 22 20 34 53 20 27 30 54 34 32 38 21 22 21 2803 22 22 26 22 33 26 26 21 38 47 34 41 22 28
internal_value=-0.0121851 -0.000516585 0.00595238 -0.000591309 -0.000521268 0.00292793 -0.000324675 0.004 -0.000631096 -0.0030543 -0.00620805 0.00347222 -0.0146226 -0.0015625 -0.00405405 -0.000467075 -0.000552787 -0.000324448 0.009375 -0.00236111 -0.00378788 -0.000517241 0.00223214 -0.00690789 -0.003125 -0.00884615 -0.00318182 0.00436508 0.009375 -0.013
internal_weight=7027 3678 42 3636 3597 111 77 50 3486 221 149 72 53 96 74 3265 3211 2851 48 360 297 145 112 152 64 130 55 63 48 75
internal_count=7027 3678 42 3636 3597 111 77 50 3486 221 149 72 53 96 74 3265 3211 2851 48 360 297 145 112 152 64 130 55 63 48 75
is_linear=0
shrinkage=0.05


Tree=263
num_leaves=31
num_cat=0
split_feature=2 1 14 14 2 17 5 15 9 14 5 1 14 4 5 17 0 9 12 4 4 4 14 16 3 14 4 14 14 3
split_gain=417.506 0.655893 0.928902 0.729209 0.578938 1.42643 1.63333 1.03849 0.991472 0.552689 0.911884 1.3 0.801771 0.526839 0.53735 0.992156 0.804044 1.14863 1.36831 1.1135 0.665608 1.46995 1.4263 1.18989 1.17687 0.977538 0.907643 1.86278 1.26847 0.863179
threshold=6.5000000000000009 751.50000000000011 81.996375818153822 81.996375818153822 12.500000000000002 26.847232540836242 45.500000000000007 0.5796620427138518 0.91236630913977501 78.335204095115998 24.500000000000004 687.20000000000016 76.924746971133771 1.7000000000000004 80.500000000000014 15.829891493726066 41.500000000000007 -0.82144612508491244 124.74909930445283 9.9500000000000011 26.450000000000003 25.250000000000004 19.763052436788708 19.926272003633439 35.550000000000004 36.063908309358915 30.150000000000002 65.837664182325213 60.762895483759443 45.350000000000001
decision_type=2 2 2 2 2 2 2 2 2 2 2 2 2 2 2 2 2 2 2 2 2 2 2 2 2 2 2 2 2 2
left_child=-1 3 -3 4 5 6 -2 -6 -7 12 11 -11 13 -9 15 -15 -16 -18 19 -19 21 29 23 -22 -23 -24 28 -28 -27 -17
right_child=1 2 -4 -5 7 8 -8 9 -10 10 -12 -13 -14 14 16 20 17 18 -20 -21 22 24 25 -25 -26 26 27 -29 -30 -31
leaf_value=-7.6988144653180557e-08 0.00013526382464143784 -0.00039282266206299712 0.036744157255593282 -0.0054516016815192364 0.00062121592891686286 -0.00046278588997280477 -2.1808302730016648e-05 0.0019807162366660691 -1.5109475053827482e-05 -0.013404512135377545 0.020336210018462711 0.012935590547104426 -0.0044707421102632592 -0.0088332948288900592 -9.0332436565332416e-05 -0.00011749770668453286 -0.0024385085818240172 0.0026021693428278873 -0.00080889606565213166 0.00023487779261013311 0.0060396864968944586 -0.0051451134797723345 -0.012225287915939066 0.00052422634234769179 -0.00085117903188773885 0.00014662608436317727 0.0033347372149943768 -0.013922752783030035 0.020632260231288238 0.0036948850908628209
leaf_weight=3349 20 27 21 35 33 26 40 20 20 20 23 32 38 22 24 2834 24 23 30 59 22 25 30 24 31 44 42 23 30 36
leaf_count=3349 20 27 21 35 33 26 40 20 20 20 23 32 38 22 24 2834 24 23 30 59 22 25 30 24 31 44 42 23 30 36
internal_value=-0.0122278 -0.000598151 0.00520833 -0.000674931 -0.000605007 -0.00424528 0.000833333 -0.000494411 -0.0108696 -0.000578704 0.00366667 0 -0.000672878 -0.000590787 -0.000639482 -0.000782485 0.0021875 0.00367647 0.00580357 0.00914634 -0.000708373 -0.000905673 0.00197674 0.00978261 -0.00892857 -0.000147929 0.00161871 -0.00269231 0.00540541 -0.000749129
internal_weight=7027 3678 48 3630 3595 106 60 3489 46 3456 75 52 3381 3343 3323 3163 160 136 112 82 3141 2926 215 46 56 169 139 65 74 2870
internal_count=7027 3678 48 3630 3595 106 60 3489 46 3456 75 52 3381 3343 3323 3163 160 136 112 82 3141 2926 215 46 56 169 139 65 74 2870
is_linear=0
shrinkage=0.05


Tree=264
num_leaves=31
num_cat=0
split_feature=2 3 3 11 12 15 18 18 13 1 9 1 9 17 16 13 1 9 1 1 4 1 18 1 3 2 4 12 2 1
split_gain=420.301 0.613221 0.879953 0.56839 0.580518 1.39937 1.81874 2.03055 1.55229 1.48123 0.891404 1.6291 1.32246 1.60319 1.69164 1.34809 1.30749 1.20268 0.964912 0.958166 1.77384 1.02688 1.05911 0.831169 0.759499 1.36507 1.25953 1.3154 1.3395 1.85175
threshold=6.5000000000000009 9.0500000000000025 10.750000000000002 -3.8830881846831673 164.11731283514527 1.4104676152337541 1.6444520525020312 2.0138292979816659 0.02505707762557078 11.850000000000003 -0.40147311773604372 69.65000000000002 -0.59470465775869796 27.817878421766128 22.256567690477947 0.51177231249695032 286.60000000000008 -0.9523687564627995 19.750000000000004 393.2000000000001 14.950000000000001 253.75000000000003 19.236942004250984 501.10000000000008 32.150000000000013 254.50000000000003 3.6500000000000008 101.69097151102746 78.500000000000014 51.100000000000009
decision_type=2 2 2 2 2 2 2 2 2 2 2 2 2 2 2 2 2 2 2 2 2 2 2 2 2 2 2 2 2 2
left_child=-1 -2 -3 -4 10 8 -7 -8 -6 -9 11 18 13 17 15 -15 -14 -13 -5 21 -21 22 -19 -16 25 26 -12 28 29 -28
right_child=1 2 3 4 5 6 7 9 -10 -11 24 12 16 14 23 -17 -18 19 -20 20 -22 -23 -24 -25 -26 -27 27 -29 -30 -31
leaf_value=-7.3138737420521527e-08 -0.00069828261527504765 0.019960105194404609 -0.00011476976780531064 1.8937683290976004e-06 -1.0214528050545014e-05 -0.0048211924085264759 0.0001623510004742257 -0.00088589588687796325 0.002476392597639915 -1.1509468451298411e-06 0.0035847087544125691 -0.0073670276605493972 -4.0783736776095482e-05 0.0011729257010604233 -0.0019753888680085984 0.00015352905388752447 0.0057647873401541544 -0.003007269821979719 0.00059412781615764132 -0.0068187614078194514 0.0069964037655903871 -0.0010701048582501648 0.0028771023724527113 0.00067564830506352538 -0.00071301402861945196 0.0015004319804631907 1.1655441638758202e-05 -0.0011544383577259509 0.00084693007339655681 -0.0015654516798437879
leaf_weight=3349 29 20 31 22 38 23 21 24 34 1894 21 45 29 50 28 44 28 31 38 41 36 36 20 22 476 27 104 294 131 41
leaf_count=3349 29 20 31 22 38 23 21 24 34 1894 21 45 29 50 28 44 28 31 38 41 36 36 20 22 476 27 104 294 131 41
internal_value=-0.0121851 -0.000516585 -0.00045903 -0.000516671 -0.000458588 9.83284e-05 -0.000152905 1.28932e-05 0.00694444 -0.000156413 -0.00118286 0.000638298 -0.000487805 -0.0016289 0.00243056 0.00638298 0.00657895 -0.00442584 0.00833333 -0.00243902 0.00162338 -0.00603448 -0.00147059 -0.005 -0.00196527 -0.000809061 -0.00131134 -0.00175439 0.000724638 -0.00258621
internal_weight=7027 3678 3649 3629 3598 2034 1962 1939 72 1918 1564 470 410 353 144 94 57 209 60 164 77 87 51 50 1094 618 591 570 276 145
internal_count=7027 3678 3649 3629 3598 2034 1962 1939 72 1918 1564 470 410 353 144 94 57 209 60 164 77 87 51 50 1094 618 591 570 276 145
is_linear=0
shrinkage=0.05


Tree=265
num_leaves=31
num_cat=0
split_feature=2 17 3 16 5 3 5 1 5 3 2 17 16 17 9 14 3 17 16 0 18 18 0 0 17 0 15 15 13 16
split_gain=418.437 0.811227 0.673662 1.14326 1.42669 1.68222 1.40982 1.07143 0.97507 0.934139 1.22461 1.03364 1.76647 1.25422 1.10205 1.29581 1.15227 0.80528 1.45481 0.818802 2.09988 3.50191 1.14619 0.958865 0.943193 1.00756 0.943237 1.54733 1.13034 1.77481
threshold=6.5000000000000009 33.618752470591126 21.450000000000003 19.621524953143865 31.500000000000004 19.650000000000002 53.500000000000007 510.50000000000006 66.500000000000014 25.550000000000004 255.50000000000003 30.208180745478284 21.239442887898196 32.770046224521074 0.7775899462189082 28.60768735483401 24.150000000000002 32.849889944089107 24.449835967463553 684.50000000000011 39.379248456559957 38.270594769242109 691.50000000000011 464.50000000000006 18.486405453977486 403.50000000000006 70.182980637947864 67.474874046902059 0.69345791690359404 22.352907768949716
decision_type=2 2 2 2 2 2 2 2 2 2 2 2 2 2 2 2 2 2 2 2 2 2 2 2 2 2 2 2 2 2
left_child=-1 2 3 6 -5 -6 -2 -7 -8 10 11 12 -4 14 16 -16 -13 18 19 20 21 -11 -21 -23 -22 -26 27 28 29 -27
right_child=1 -3 9 4 5 7 8 -9 -10 17 -12 13 -14 -15 15 -17 -18 -19 -20 22 24 23 -24 -25 25 26 -28 -29 -30 -31
leaf_value=-6.9481800549495435e-08 0.020406569955385302 0.0069243103457450779 0.00020951683797181266 0.004300361915902268 -0.00039117013386213983 -0.0040362129623226833 -0.0078393371572718536 -0.008479669228135301 0.00024930665897571203 -2.6040927616099996e-05 0.0040720851570821281 -0.00053721278522322891 0.0038001882955593482 0.0012130721878394369 -0.0003238482476092486 -0.026336207856867279 0.0083905696501074267 -0.0018794635569520325 0.012175944837694175 0.018110150316552699 0.008541557374756082 0.021348581942448777 6.9010009040404444e-05 0.0046923200822369896 0.0012426896728561232 -0.0052635289427477973 0.0033520155107790829 -0.0039774172999955228 -0.00070121618184817438 -0.00035320635856912476
leaf_weight=3349 32 29 121 38 233 28 21 32 30 1376 22 24 30 26 29 23 20 38 23 20 26 27 790 20 36 105 21 25 368 65
leaf_count=3349 32 29 121 38 233 28 21 32 30 1376 22 24 30 26 29 23 20 38 23 20 26 27 790 20 36 105 21 25 368 65
internal_value=-0.0122136 -0.000570962 -0.000637161 -0.00253623 -0.00385196 -0.00503413 0.00271084 -0.0125 -0.00245098 -0.000394127 0.00228814 0.00137363 0.00413907 -0.00204918 -0.0046875 -0.00961538 0.00113636 -0.000663265 -0.000568573 -0.000668635 -0.00119623 -0.00012298 0.000679012 0.0132979 -0.00356037 -0.00395161 -0.00445205 -0.00484014 -0.00427509 -0.00764706
internal_weight=7027 3678 3649 414 331 293 83 60 51 3235 295 273 151 122 96 52 44 2940 2902 2879 2069 1423 810 47 646 620 584 563 538 170
internal_count=7027 3678 3649 414 331 293 83 60 51 3235 295 273 151 122 96 52 44 2940 2902 2879 2069 1423 810 47 646 620 584 563 538 170
is_linear=0
shrinkage=0.05


Tree=266
num_leaves=31
num_cat=0
split_feature=2 5 5 1 1 5 0 11 13 4 4 16 14 14 13 11 10 13 2 1 17 10 17 1 9 9 5 5 6 1
split_gain=418.902 0.644684 1.07304 0.547253 0.612454 0.699735 0.525949 1.16913 0.964264 1.45091 1.53256 1.69362 0.803571 0.681341 2.07815 1.91073 1.21603 1.0907 2.21049 2.39118 3.02062 1.98292 1.56302 1.33061 1.13445 1.11382 1.11328 1.07931 1.08053 0.966982
threshold=6.5000000000000009 91.500000000000014 88.500000000000014 755.60000000000002 739.05000000000007 17.500000000000004 811.00000000000011 63.718750677909505 0.99627946671587408 23.650000000000002 7.9500000000000011 20.219473845828855 77.740831887334039 70.750450190060107 0.9368374065394488 56.682365683407362 -0.0387208465846701 0.9368374065394488 340.50000000000006 460.55000000000007 24.22558966417655 -0.65187484896379921 25.632034200284426 661.75000000000011 0.51973899919070166 -0.30490993010465833 49.500000000000007 38.500000000000007 10.500000000000002 637.80000000000007
decision_type=2 2 2 2 2 2 2 2 2 2 2 2 2 2 2 2 2 2 2 2 2 2 2 2 2 2 2 2 2 2
left_child=-1 2 3 4 6 -6 13 12 -9 10 -10 -12 -8 17 16 27 -15 23 19 -19 25 22 -22 -2 26 -21 -23 28 -16 -18
right_child=1 -3 -4 -5 5 -7 7 8 9 -11 11 -13 -14 14 15 -17 29 18 -20 20 21 24 -24 -25 -26 -27 -28 -29 -30 -31
leaf_value=-6.6007710522020673e-08 -4.0096603438666281e-05 -0.00041118895184883987 0.00019599495429220711 0.026487423760651652 -0.0049477851393412214 -0.00027915080377027834 0.0062375167057155071 -0.0008443361337810984 -0.004757643729215744 -0.0098408309714265851 2.0188447017233102e-05 0.020767347378510694 -0.0040510190708150876 0.012333983455315334 0.013814643506554702 -0.032687972542458255 -0.0034299662513934239 0.015098955461992247 -0.0028588413272540693 0.00010547872904709266 0.0020905285769181603 0.0014799946644309615 -0.0065388915172164275 -0.0035421460647235394 0.042082264181385304 -0.0084455825413332526 0.0080184567455322767 -0.010920557671825648 -0.0012456113020807181 0.00014822040399664616
leaf_weight=3349 2705 22 26 36 21 27 36 61 23 24 29 33 20 38 24 21 40 43 26 21 40 59 21 62 20 38 26 20 22 94
leaf_count=3349 2705 22 26 36 21 27 36 61 23 24 29 33 20 38 24 21 40 43 26 21 40 59 21 62 20 38 26 20 22 94
internal_value=-0.0122065 -0.000557368 -0.000506018 -0.000578512 -0.000639955 -0.00625 -0.000564016 0.00176991 -0.000294118 0.00252294 0.00558824 0.00967742 0.00803571 -0.000722892 -0.00318533 -0.00948276 0 -0.000514538 0.00238095 0.00373134 0.00166667 0.00512048 -0.00204918 -0.00082219 0.00928571 -0.00805085 0.00676471 -0.00530303 -0.00108696 -0.00223881
internal_weight=7027 3678 3656 3630 3594 48 3546 226 170 109 85 62 56 3320 259 87 172 3061 294 268 225 166 61 2767 105 59 85 66 46 134
internal_count=7027 3678 3656 3630 3594 48 3546 226 170 109 85 62 56 3320 259 87 172 3061 294 268 225 166 61 2767 105 59 85 66 46 134
is_linear=0
shrinkage=0.05


Tree=267
num_leaves=31
num_cat=0
split_feature=2 5 5 1 5 5 2 3 3 14 4 4 14 5 11 15 18 4 4 10 17 17 5 5 15 12 11 18 0 16
split_gain=417.971 0.640582 1.07884 0.55218 0.49848 0.700962 0.913931 0.852157 0.659329 1.42709 0.677063 1.83599 1.63333 1.20167 1.01286 1.225 1.00327 0.966376 0.670682 1.69615 1.19008 1.3417 0.775878 0.762423 1.1985 1.40833 1.18657 1.13976 1.07972 1.67213
threshold=6.5000000000000009 91.500000000000014 88.500000000000014 755.60000000000002 6.5000000000000009 7.5000000000000009 387.50000000000006 45.650000000000013 43.850000000000001 55.562957785498142 27.750000000000004 30.150000000000002 58.89713035714562 21.500000000000004 80.71779702777819 63.962514483605197 42.381428702075894 32.650000000000013 25.550000000000004 -0.42889193791248376 25.552203991122102 24.971709499323918 8.5000000000000018 16.500000000000004 73.844402789482189 192.75880728777858 -3.8830881846831673 71.912849005072573 791.50000000000011 23.08948345406899
decision_type=2 2 2 2 2 2 2 2 2 2 2 2 2 2 2 2 2 2 2 2 2 2 2 2 2 2 2 2 2 2
left_child=-1 2 3 4 -2 -6 7 8 10 -10 14 12 -12 -13 18 -16 -15 -18 22 20 21 -20 -7 24 27 -26 -25 -24 -28 -30
right_child=1 -3 -4 -5 5 6 -8 -9 9 -11 11 13 -14 16 15 -17 17 -19 19 -21 -22 -23 23 26 25 -27 28 -29 29 -31
leaf_value=-6.2707324995919638e-08 0.0023278400961798339 -0.00039062950425641232 0.00018619520657757878 0.025163052572618839 -0.0024677435078680255 0.00021425089106715258 0.010879254124267136 0.015001684520803062 -0.0065983276277486354 0.0010790238940675324 0.0010320475004937269 0.00095584260807290988 0.020031350260590133 0.00097283341274008179 -0.00043863816662046421 -0.0041955302746079504 -0.011726521506908583 -0.00071376799608131598 -0.0011347808073548168 0.0041273329330888233 -0.007347904099200964 0.00422778560221142 -0.00018203260754949825 -0.00048099156261939232 -0.0081193305218388197 -0.0014650755169228092 -3.3911262120398833e-05 0.0027004939017253094 0.0042888324331563869 -0.00070579458801027788
leaf_weight=3349 31 22 26 36 30 24 20 22 28 37 49 21 21 30 20 20 21 20 21 26 23 20 368 20 20 40 2486 27 115 34
leaf_count=3349 31 22 26 36 30 24 20 22 28 37 49 21 21 30 20 20 21 20 21 26 23 20 368 20 20 40 2486 27 115 34
internal_value=-0.0122207 -0.000584557 -0.00053337 -0.000606061 -0.00066778 -0.000722706 -0.000658081 -0.000718759 -0.000780579 -0.00576923 -0.000685931 0.00246914 0.00857143 -0.00217391 -0.000842525 -0.00875 -0.00528169 -0.0103659 -0.000744417 -0.005 -0.009375 -0.00426829 -0.000622208 -0.000691318 -0.00258242 -0.00916667 -0.000367232 -0.00158228 -0.000275142 0.00385906
internal_weight=7027 3678 3656 3630 3594 3563 3533 3513 3491 65 3426 162 70 92 3264 40 71 41 3224 90 64 41 3134 3110 455 60 2655 395 2635 149
internal_count=7027 3678 3656 3630 3594 3563 3533 3513 3491 65 3426 162 70 92 3264 40 71 41 3224 90 64 41 3134 3110 455 60 2655 395 2635 149
is_linear=0
shrinkage=0.05


Tree=268
num_leaves=31
num_cat=0
split_feature=2 6 9 5 15 11 12 5 5 11 18 4 15 12 5 17 15 14 5 14 9 4 4 5 13 15 15 10 3 13
split_gain=417.506 0.619791 1.38768 1.3882 1.33594 0.992363 0.966523 1.19734 2.50568 1.30667 1.08194 1.25662 1.00588 1.58353 1.53385 1.28736 1.36796 1.67663 1.49509 1.1006 0.996765 1.00423 1.13751 0.980428 1.03428 1.25838 1.03376 0.969379 0.95228 0.941571
threshold=6.5000000000000009 7.5000000000000009 0.95495791161117582 18.500000000000004 81.996375818153822 -1.198049777575469 276.11380416146932 16.500000000000004 19.500000000000004 30.406641618468601 80.042717380436031 14.250000000000002 65.966577523730351 222.68469882099899 47.500000000000007 32.180017565320156 58.539052000567821 68.380131534477854 28.500000000000004 55.562957785498142 0.78297285307474518 21.650000000000002 25.350000000000005 21.500000000000004 0.016418838862559248 0.66663509656356035 56.762627578150052 -0.97870382656940669 45.350000000000001 0.92268313412340774
decision_type=2 2 2 2 2 2 2 2 2 2 2 2 2 2 2 2 2 2 2 2 2 2 2 2 2 2 2 2 2 2
left_child=-1 2 4 -4 5 -2 7 28 9 -9 12 -12 15 14 29 16 17 23 -18 -20 21 -8 -23 -10 -25 -26 27 -27 -7 -14
right_child=1 -3 3 -5 -6 6 20 8 10 -11 11 -13 13 -15 -16 -17 18 -19 19 -21 -22 22 -24 24 25 26 -28 -29 -30 -31
leaf_value=-5.9571958746123655e-08 -0.0010288161029605059 -0.00011800137597528515 -1.0389914052666427e-05 -0.0024008522973431924 0.036967977198300875 -0.0019979413574723994 -5.9136537793902379e-05 0.012664191750030973 -0.0015689853204584826 0.0051855837042538155 -0.026455807241538665 0.0048884498029785565 -0.0044811484370789858 0.029180873517738348 0.0076195864888674693 0.0024935360206374216 0.0081551785966510696 0.021021156805601751 -0.0022482823729857771 -0.0087910134283943012 0.0031525672416125141 0.0026448337136844914 -9.945911036999267e-05 5.1476088486325512e-05 -0.00060755779212660075 -0.0077016757581880313 0.006377593272484639 2.6807999628497561e-05 0.0070564350425994966 0.0011915533095510967
leaf_weight=3349 28 1981 103 61 21 192 63 25 31 50 22 21 37 29 33 25 25 25 38 46 20 23 20 24 20 45 24 543 26 77
leaf_count=3349 28 1981 103 61 21 192 63 25 31 50 22 21 37 29 33 25 25 25 38 46 20 23 20 24 20 45 24 543 26 77
internal_value=-0.0122278 -0.000598151 0.000103123 -0.00426829 0.000570776 0.000396825 0.000572776 0.000184094 0.000833333 0.00966667 0.000211268 -0.00755814 0.00053816 0.00397727 0.00187075 -0.000177305 -0.000517661 0.000280899 -0.00573394 -0.00892857 0.0047619 0.00283019 0.00872093 -0.000181951 0.000228659 -0.000158228 0.000245098 -0.000170068 -0.00321101 -0.000877193
internal_weight=7027 3678 1697 164 1533 1512 1484 1358 1140 75 1065 43 1022 176 147 846 821 712 109 84 126 106 43 687 656 632 612 588 218 114
internal_count=7027 3678 1697 164 1533 1512 1484 1358 1140 75 1065 43 1022 176 147 846 821 712 109 84 126 106 43 687 656 632 612 588 218 114
is_linear=0
shrinkage=0.05


Tree=269
num_leaves=31
num_cat=0
split_feature=2 4 10 9 14 13 4 4 15 3 5 3 17 5 3 4 3 4 4 1 10 17 11 10 9 6 14 15 14 10
split_gain=418.437 0.577118 0.568378 1.22892 1.61044 1.1285 1.22752 2.48713 1.44844 1.07407 1.97601 1.41508 1.75418 1.36905 1.03733 0.981818 0.977208 0.791398 1.01575 0.660967 0.952048 1.16032 1.91978 1.61205 1.48006 1.35621 1.54564 1.35326 1.98841 1.86223
threshold=6.5000000000000009 1.7000000000000004 0.75546532993267179 0.60505046667002438 51.183480003422765 0.75785509271211426 7.4500000000000011 13.250000000000002 65.966577523730351 16.950000000000003 66.500000000000014 11.15 29.743107839731081 39.500000000000007 17.550000000000004 4.8500000000000005 15.050000000000002 12.950000000000001 10.450000000000001 760.05000000000007 0.65837719692149965 30.584360597417142 4.8568673843510597 -0.25950218452349683 0.78829775591774609 12.500000000000002 1.0000000180025095e-35 71.737007922526246 65.837664182325213 0.2843486543654084
decision_type=2 2 2 2 2 2 2 2 2 2 2 2 2 2 2 2 2 2 2 2 2 2 2 2 2 2 2 2 2 2
left_child=-1 -2 14 5 -5 9 15 8 -8 10 -4 12 -12 17 16 -7 -3 18 -11 20 21 25 -23 -24 -25 -16 -27 29 -29 -28
right_child=1 2 3 4 -6 6 7 -9 -10 13 11 -13 -14 -15 19 -17 -18 -19 -20 -21 -22 22 23 24 -26 26 27 28 -30 -31
leaf_value=-5.6593360808817466e-08 0.00040115215622691384 1.0521352045644862e-05 -0.0019392270177453126 -0.016934746864433591 -0.00027620946981556929 -0.0052842819954779692 -0.011950117327911869 0.0041808528215490524 -0.0042570910152250011 0.00035208067563961002 -0.0010792978548751721 0.012097146222440715 0.00080246242917079167 0.0062262396235419019 6.9420188192714785e-05 0.0037475371968454852 0.001137103511040466 0.0042116908023818846 -0.0027748732855214842 0.030129868746289645 0.0095071374111207925 -0.0015726712839237767 0.005222520253634455 -0.0048001343039068452 -0.00042856696699615786 8.1114458700803926e-05 -0.00021055748428224776 0.017370559567024203 -0.00015486527011887574 -0.0042693869887386743
leaf_weight=3349 25 28 31 21 23 22 29 31 45 42 27 25 20 48 1209 33 26 30 20 21 64 21 48 43 313 90 1247 24 46 26
leaf_count=3349 25 28 31 21 23 22 29 31 45 42 27 25 20 48 1209 33 26 30 20 21 64 21 48 43 313 90 1247 24 46 26
internal_value=-0.0122136 -0.000570962 -0.000622776 -0.00229306 -0.0102273 -0.0014268 -0.0046875 -0.00785714 -0.0128378 0.000720165 -0.00315534 0.00138889 -0.0037234 0.00357143 -0.000389894 0.00136364 0.00648148 0 -0.00322581 -0.000507614 -0.000566912 -0.000692859 -0.00311765 -0.00235149 -0.00351124 -0.000302801 -0.00134334 -0.00176843 0.005 -0.00214061
internal_weight=7027 3678 3653 447 44 403 160 105 74 243 103 72 47 140 3206 55 54 92 62 3152 3131 3067 425 404 356 2642 1433 1343 70 1273
internal_count=7027 3678 3653 447 44 403 160 105 74 243 103 72 47 140 3206 55 54 92 62 3152 3131 3067 425 404 356 2642 1433 1343 70 1273
is_linear=0
shrinkage=0.05


Tree=270
num_leaves=31
num_cat=0
split_feature=2 3 16 5 4 12 12 4 6 14 15 16 3 0 0 5 3 4 12 1 3 4 14 14 18 15 6 14 10 16
split_gain=414.719 0.67143 2.29466 1.57538 1.26926 0.742424 0.957783 0.570823 0.52743 1.46733 2.26296 1.41753 1.57336 1.31155 1.53813 1.872 1.30801 1.27617 1.24896 1.10588 1.49821 1.08503 1.05708 1.4512 2.43718 1.57275 1.2565 1.98968 1.71526 1.34289
threshold=6.5000000000000009 16.650000000000002 20.549397583368368 66.500000000000014 12.950000000000001 113.70623384080967 126.92129392765953 1.7000000000000004 4.5000000000000009 21.853369959338455 42.139578162699813 19.539191340334892 23.950000000000003 802.50000000000011 829.50000000000011 20.500000000000004 21.450000000000003 13.850000000000003 276.11380416146932 108.90000000000002 31.250000000000004 17.950000000000003 19.545413623655406 17.683143624006785 38.533256976938823 32.868807644547033 21.500000000000004 11.179730910671216 -0.76107606668641947 20.810019170304464
decision_type=2 2 2 2 2 2 2 2 2 2 2 2 2 2 2 2 2 2 2 2 2 2 2 2 2 2 2 2 2 2
left_child=-1 2 3 -2 5 -4 -7 -3 11 10 22 12 -9 18 15 -15 -11 -16 -13 20 -18 -14 23 24 25 26 27 28 -10 -30
right_child=1 7 4 -5 -6 6 -8 8 9 16 -12 13 21 14 17 -17 19 -19 -20 -21 -22 -23 -24 -25 -26 -27 -28 -29 29 -31
leaf_value=-5.3763692768376593e-08 -0.007340808486444317 0.00038109454841546154 0.00040901025453012193 -0.00031847353628127188 -0.0020268658994835819 -7.3876597990718556e-05 0.011623807903850647 0.017368788035067695 1.1410145214529877e-05 -0.0045161502295876232 0.0067988290832895265 -0.00016729999825022547 0.00057500222926551295 0.024923580595063301 -0.00066764975028092981 0.00011233034528039809 0.0006557266732968082 0.010795068468867797 0.00022343857288009694 -0.00020707127541257366 -0.0038365875386853878 -0.0014987659538632681 0.00069659097119112445 -0.0069234337038540875 0.0087020847472746975 -0.0076089457793664834 4.0866040083645948e-05 0.0024269865075880583 -0.0038322443331818279 -6.6883852666155269e-05
leaf_weight=3349 25 25 22 40 23 27 39 27 34 55 23 1000 80 28 61 30 34 46 112 1274 60 37 53 39 20 27 360 20 30 27
leaf_count=3349 25 25 22 40 23 27 39 27 34 55 23 1000 80 28 61 30 34 46 112 1274 60 37 53 39 20 27 360 20 30 27
internal_value=-0.0122705 -0.000679717 -0.00369318 -0.0111538 0.000675676 0.00340909 0.000757576 -0.00052827 -0.000582399 -0.00109436 0.000908373 0.000158339 0.00486111 -0.000371966 0.00378788 0.0103448 -0.00198524 0.000233645 -0.000989209 -0.00168129 -0.00691489 0.00235043 0.000327869 -0.000314183 0.0003861 -0.000301205 0.00037155 -0.00427928 -0.00741758 -0.0127193
internal_weight=7027 3678 176 65 111 88 66 3502 3477 2056 633 1421 144 1277 165 58 1423 107 1112 1368 94 117 610 557 518 498 471 111 91 57
internal_count=7027 3678 176 65 111 88 66 3502 3477 2056 633 1421 144 1277 165 58 1423 107 1112 1368 94 117 610 557 518 498 471 111 91 57
is_linear=0
shrinkage=0.05


Tree=271
num_leaves=31
num_cat=0
split_feature=2 12 12 9 12 16 12 5 13 2 16 4 16 14 13 15 2 1 4 12 4 12 6 9 6 6 18 18 12 16
split_gain=414.719 0.802589 0.976968 1.84091 1.2311 0.971996 1.21741 1.12091 1.09335 1.08014 1.07391 1.03814 1.557 1.00274 1.94644 1.28743 1.26176 1.12281 1.85734 1.5193 1.5013 1.31656 1.0927 0.903708 0.859091 0.857184 1.72137 1.67302 1.19496 1.09402
threshold=6.5000000000000009 260.86620183207839 262.14961027018933 0.12447811117596704 262.79509629855994 22.143702692543933 266.00235120199642 9.5000000000000018 0.19632589955022492 285.50000000000006 21.313206764098577 12.550000000000002 23.13369436423816 52.790015398749141 0.49366030576944547 23.601320189305302 243.50000000000003 140.00000000000003 15.550000000000002 283.18689051146339 10.15 278.57452666888673 78.500000000000014 -0.41717814939258746 12.500000000000002 95.500000000000014 16.420634257746357 20.59082371482835 253.90928565780555 16.728940579418651
decision_type=2 2 2 2 2 2 2 2 2 2 2 2 2 2 2 2 2 2 2 2 2 2 2 2 2 2 2 2 2 2
left_child=-1 25 3 -3 -4 6 23 8 -8 10 13 -7 -13 14 15 17 -16 18 20 -20 -9 -19 -22 -6 -23 -2 29 -28 -29 -27
right_child=1 2 4 -5 5 11 7 9 -10 -11 -12 12 -14 -15 16 -17 -18 21 19 -21 22 24 -24 -25 -26 26 27 28 -30 -31
leaf_value=-5.1075508129957766e-08 -5.4202712207176989e-05 0.011254901425664722 -0.003064804691888412 -0.002158390831344459 -0.00023673452657178018 -0.00029109926626631478 0.00035373714764901369 -0.00013564487419415183 0.00032529190644945419 0.018890219144726574 -0.00040219526221494387 0.0012294262085003284 0.00018716793207103067 -0.0062460212399528814 0.0033593030993323229 -0.0031225059587550066 0.00042532693778980503 0.0044551752386010612 -0.0029622842256368021 -7.5955262057725292e-05 3.9456234562407214e-05 0.0030289118828847883 0.001173986741327393 -0.0035272878618122228 -0.0014437981321929528 -0.00017900967128463565 -0.0018556187883550736 -0.00084427511061928588 0.014656066914552214 0.00069354648465248532
leaf_weight=3349 2368 22 22 22 25 31 25 55 36 31 54 31 39 40 23 50 32 34 31 72 43 22 27 24 20 39 35 322 25 78
leaf_count=3349 2368 22 22 22 25 31 25 55 36 31 54 31 39 40 23 50 32 34 31 72 43 22 27 24 20 39 35 322 25 78
internal_value=-0.0122705 -0.000679717 0.000709001 0.00795455 0.000293351 0.000637584 -7.76398e-05 0.000546218 0.00696721 -0.000187266 -0.000745527 0.00519802 0.00857143 5.56793e-05 0.000794621 -0.000564972 0.00954545 0.000657895 -0.00109649 -0.00606796 0.003 0.00592105 0.00785714 -0.00765306 0 -0.00107255 -0.00295591 -0.00458115 -0.00353026 0.00235043
internal_weight=7027 3678 811 44 767 745 644 595 61 534 503 101 70 449 409 354 55 304 228 103 125 76 70 49 42 2867 499 382 347 117
internal_count=7027 3678 811 44 767 745 644 595 61 534 503 101 70 449 409 354 55 304 228 103 125 76 70 49 42 2867 499 382 347 117
is_linear=0
shrinkage=0.05


Tree=272
num_leaves=31
num_cat=0
split_feature=2 1 7 18 2 9 4 0 6 18 5 10 4 4 15 3 14 5 1 17 4 5 15 6 1 16 8 9 17 4
split_gain=415.647 0.717487 1.28554 1.24436 2.18638 1.71734 1.39477 1.16667 1.02984 1.57772 1.42929 1.08267 1.04882 1.40343 1.44078 1.82048 1.32775 1.38565 1.29864 1.17887 1.57085 1.76654 1.00137 0.998403 1.15646 1.0006 0.986214 0.85429 1.10352 0.883657
threshold=6.5000000000000009 35.95000000000001 -0.98296291314453399 1.6444520525020312 139.50000000000003 0.35769492645306972 15.750000000000002 40.500000000000007 97.500000000000014 7.9589170113204357 12.500000000000002 -0.9975933521984367 4.1500000000000012 19.050000000000004 29.085434379315945 35.850000000000001 55.562957785498142 31.500000000000004 580.65000000000009 28.463231662002215 14.050000000000002 54.500000000000007 48.380807188321221 2.5000000000000004 11.350000000000003 20.702078578527264 0.1294095225512602 0.99551215362393841 29.272989120718389 12.950000000000001
decision_type=2 2 2 2 2 2 2 2 2 2 2 2 2 2 2 2 2 2 2 2 2 2 2 2 2 2 2 2 2 2
left_child=-1 2 -2 23 5 6 7 -5 11 -10 -11 22 -12 16 -15 -16 17 -14 -18 20 21 -19 -3 25 -25 -4 27 -13 -29 -30
right_child=1 8 3 4 -6 -7 -8 -9 9 10 12 26 13 14 15 -17 18 19 -20 -21 -22 -23 -24 24 -26 -27 -28 28 29 -31
leaf_value=-4.852173272345987e-08 -0.0014725151069254734 0.0020840295516288522 -6.2774077437082265e-05 1.1037686771486756e-05 -0.00030368549420343175 0.0026367246580928597 -7.818370820409371e-05 0.0013807806614477337 0.00049234479593618374 0.0021272540016461505 0.00076617997108989759 -3.8326777721486853e-05 0.0011852382586749145 -0.0017139818798884933 0.0032543257801243898 -0.00078929420089544075 -0.011088340490440274 0.0017000488450324093 -0.00040817657365010973 -0.012445584651128794 -0.008025449729974099 -0.0016005215948778685 -0.0014861488673270529 2.5227115239750963e-05 -0.00017537663878151313 8.5231884894104726e-05 -0.00011443502661996342 -0.0030344077485493061 -0.0012845432508817535 0.0013077372806113098
leaf_weight=3349 39 39 31 21 31 29 38 21 36 36 27 2700 35 35 53 22 53 32 20 22 45 36 24 55 45 39 27 24 32 31
leaf_count=3349 39 39 31 21 31 29 38 21 36 36 27 2700 35 35 53 22 53 32 20 22 45 36 24 55 45 39 27 24 32 31
internal_value=-0.0122563 -0.000652529 0.0015043 0.00258065 0.00607143 0.00940367 0.005625 0.0119048 -0.000878642 -0.00309735 -0.00396635 -0.000530066 -0.00486842 -0.0055949 -0.000909091 0.003 -0.00771605 -0.00529412 -0.0133562 -0.00759259 -0.00553097 -0.000735294 0.00595238 -0.000294118 -0.0035 0.00428571 -0.000675195 -0.000583064 -0.00545977 -0.00198413
internal_weight=7027 3678 349 310 140 109 80 42 3329 452 416 2877 380 353 110 75 243 170 73 135 113 68 63 170 100 70 2814 2787 87 63
internal_count=7027 3678 349 310 140 109 80 42 3329 452 416 2877 380 353 110 75 243 170 73 135 113 68 63 170 100 70 2814 2787 87 63
is_linear=0
shrinkage=0.05


Tree=273
num_leaves=31
num_cat=0
split_feature=2 5 5 17 1 9 4 5 4 16 12 4 4 1 1 14 3 4 17 14 0 2 2 14 16 15 2 2 5 14
split_gain=417.506 0.638536 0.925592 1.08389 1.5699 1.13269 1.0741 0.797275 1.46991 0.775957 0.743306 0.702367 1.9584 1.53392 1.27041 1.21348 1.17709 1.16514 1.13335 0.85172 1.43543 1.62514 1.4875 1.50417 1.63574 1.28979 1.21053 1.09284 1.30338 2.088
threshold=6.5000000000000009 91.500000000000014 80.500000000000014 21.355476698151278 282.55000000000007 -0.55241485047541339 18.350000000000005 77.500000000000014 17.350000000000005 12.360258746335655 86.210328236042457 18.850000000000005 19.450000000000003 595.80000000000007 634.85000000000002 70.252800063637878 36.45000000000001 18.550000000000004 29.972050716248479 39.001410839106207 270.50000000000006 118.50000000000001 223.50000000000003 19.763052436788708 19.926272003633439 68.344234092113325 90.500000000000014 76.500000000000014 57.500000000000007 10.282960876418951
decision_type=2 2 2 2 2 2 2 2 2 2 2 2 2 2 2 2 2 2 2 2 2 2 2 2 2 2 2 2 2 2
left_child=-1 2 7 5 10 6 -4 9 -9 -2 -5 17 16 15 -15 19 -13 -11 -16 20 21 26 -22 -24 -25 -21 27 28 29 -14
right_child=1 -3 3 4 -6 -7 -8 8 -10 11 -12 12 13 14 18 -17 -18 -19 -20 25 22 -23 23 24 -26 -27 -28 -29 -30 -31
leaf_value=-4.6095646087286882e-08 0.0043093914939369427 -0.00017566535568362964 -0.0058505170733645258 0.00018032096681544764 -0.0044162191246790881 0.0013117416283753515 0.00042747108927976285 -5.9635373565228306e-05 -0.017641225399473281 -8.254507804892342e-05 0.0013292199807779959 0.0035176234934063189 0.00022478502748294051 0.02019817599497209 -0.0031191841822018063 -0.0037497819282279465 0.00013568524634806068 -0.0006116734273627245 0.0033478217258938515 0.00044781267744156141 -0.0081224543459388343 0.0018410555730049795 0.019339402752127022 -0.0029223529370138836 7.3361938883920186e-05 -0.0025263061487839525 -0.004777133462258343 0.0012423504165807843 -0.00023729088601193716 -0.0002219561953745175
leaf_weight=3349 31 22 20 27 22 27 21 37 20 2535 37 41 30 26 24 26 29 34 35 293 56 55 20 23 37 28 42 21 33 26
leaf_count=3349 31 22 20 27 22 27 21 37 20 2535 37 41 30 26 24 26 29 34 35 293 56 55 20 23 37 28 42 21 33 26
internal_value=-0.0122278 -0.000598151 -0.000547046 0.00324675 0.00697674 -0.00147059 -0.00670732 -0.000713878 -0.00657895 -0.000616836 0.0109375 -0.000688342 0.00056213 -0.00016129 0.00617647 -0.000942029 0.00857143 -0.00109965 0.00211864 -0.000527108 -0.00225948 0.000362319 -0.00625 -0.001875 -0.00583333 0.00132399 -0.00230263 0.000454545 -0.00196629 0.00267857
internal_weight=7027 3678 3656 154 86 68 41 3502 57 3445 64 3414 845 775 85 690 70 2569 59 664 343 207 136 80 60 321 152 110 89 56
internal_count=7027 3678 3656 154 86 68 41 3502 57 3445 64 3414 845 775 85 690 70 2569 59 664 343 207 136 80 60 321 152 110 89 56
is_linear=0
shrinkage=0.05


Tree=274
num_leaves=31
num_cat=0
split_feature=2 5 16 16 3 17 2 5 5 9 4 16 3 14 0 14 1 14 13 1 11 2 13 5 18 18 15 6 0 2
split_gain=416.111 0.691577 1.0436 1.76584 1.07819 0.953707 1.12618 0.68527 1.07903 1.16001 1.24953 1.27969 1.03755 1.06375 1.38667 1.24204 0.876886 0.936144 0.854161 1.24796 0.725692 0.673247 0.667063 0.66287 0.762095 2.02557 1.79178 1.61747 1.43124 1.37634
threshold=6.5000000000000009 9.5000000000000018 20.659977793529368 21.044538079412337 37.250000000000007 29.158964166363514 252.50000000000003 16.500000000000004 13.500000000000002 0.32533907195844747 18.750000000000004 23.61073865861761 40.850000000000001 38.432405100977789 115.50000000000001 67.68844875805614 665.1500000000002 79.836127722077535 0.95059816789718365 508.80000000000001 -3.8830881846831673 190.50000000000003 0.55618408585317625 91.500000000000014 17.685032753126457 19.707186428447081 11.229541520966139 25.500000000000004 131.50000000000003 114.50000000000001
decision_type=2 2 2 2 2 2 2 2 2 2 2 2 2 2 2 2 2 2 2 2 2 2 2 2 2 2 2 2 2 2
left_child=-1 2 -2 -4 -5 6 -6 8 12 -10 11 18 13 14 -3 -15 -17 -18 19 22 -9 -13 -11 24 26 -26 -22 -27 -28 -30
right_child=1 7 3 4 5 -7 -8 20 9 10 -12 21 -14 15 -16 16 17 -19 -20 -21 23 -23 -24 -25 25 27 28 -29 29 -31
leaf_value=-4.3790863782922536e-08 0.0018159330340627112 9.9992776652305114e-06 -0.0087165521741656704 -0.00092164148654467766 0.0022094996554509641 0.012142811466420511 -0.0025507560117709717 -0.00037280195464732584 0.0016818138914779014 -0.0063372037822794882 6.7356405410556874e-05 -0.0015754910677348466 -0.00044540886997133103 -0.012703891019616621 0.0079491441873764234 0.0094887890616899284 -0.0031975612145586753 0.0083945440737306139 -0.0008054684839901683 -0.014059178455546828 -4.4584100622052647e-06 0.0018955234409837375 -0.0002941150582223884 -0.00016688208789943372 -0.0036046121690997525 0.00012865163442228323 0.0080662100295807726 -0.00037427913144707505 -0.00068544809811310614 0.0019542292440976718
leaf_weight=3349 44 26 21 42 26 21 21 20 25 36 42 28 98 58 24 28 23 22 20 26 645 22 20 22 87 1331 38 769 31 62
leaf_count=3349 44 26 21 42 26 21 21 20 25 36 42 28 98 58 24 28 23 22 20 26 645 22 20 22 87 1331 38 769 31 62
internal_value=-0.0122492 -0.000638934 0.00242857 0.00019084 0.00272727 0.00661765 0.00265957 -0.000792178 -0.00251004 -0.00513699 -0.0064433 -0.00855263 -0.000448029 0.00179558 0.008 -0.000572519 0.00376712 -0.000555556 -0.0117647 -0.0140244 -0.000507488 -0.002 -0.00982143 -0.000443886 -0.000379683 -0.000857339 0.000966495 -0.000547619 0.00629771 0.00295699
internal_weight=7027 3678 175 131 110 68 47 3503 498 219 194 152 279 181 50 131 73 45 102 82 3005 50 56 2985 2963 2187 776 2100 131 93
internal_count=7027 3678 175 131 110 68 47 3503 498 219 194 152 279 181 50 131 73 45 102 82 3005 50 56 2985 2963 2187 776 2100 131 93
is_linear=0
shrinkage=0.05


Tree=275
num_leaves=31
num_cat=0
split_feature=2 5 8 10 6 15 5 16 16 14 17 15 13 4 9 18 1 4 16 10 9 1 4 4 9 18 1 10 3 5
split_gain=411.942 0.614242 0.604406 1.42156 1.47717 1.30764 1.68464 1.15503 1.90834 1.62512 1.68056 1.46522 1.23966 1.90831 1.27976 1.07106 1.20659 1.06293 0.922507 0.90212 0.879688 1.72772 1.64994 1.63364 1.61571 1.55395 1.42917 1.29643 1.03214 0.992063
threshold=6.5000000000000009 91.500000000000014 -0.60355339059327384 0.99164058729498161 46.500000000000007 72.442416780131438 18.500000000000004 21.313206764098577 20.849976533401897 68.6338793735937 30.341185452886574 66.993463912288505 0.30584636840520457 6.4500000000000011 0.95747632178960107 34.86358411418319 333.15000000000003 11.15 20.590057636173082 -0.9975933521984367 -0.58077876009839879 356.45000000000005 14.850000000000003 18.050000000000004 -0.38564912093021547 38.056245951747449 411.15000000000003 -0.98518361333263327 34.050000000000004 75.500000000000014
decision_type=2 2 2 2 2 2 2 2 2 2 2 2 2 2 2 2 2 2 2 2 2 2 2 2 2 2 2 2 2 2
left_child=-1 2 3 4 15 7 -7 8 11 10 -9 12 -6 -14 20 -2 -17 -5 -8 -4 23 22 25 -15 -23 -22 -26 -28 -24 -25
right_child=1 -3 19 17 5 6 18 9 -10 -11 -12 -13 13 14 -16 16 -18 -19 -20 -21 21 24 28 29 26 -27 27 -29 -30 -31
leaf_value=-4.1601320593776408e-08 0.013003337235530399 -0.0001585379835044476 0.00067525164087306748 -0.016397257644394616 -0.00042728944068253232 -0.0022241059354019656 0.0087901120587074999 -0.013371485994221645 0.0013324731217071674 0.00025172070644110536 -0.00018567157099109722 -0.0030775674106847009 0.00098753580755932551 -0.0093156482671918894 0.00076966889325333918 -0.012673509334463519 -3.8654681385708049e-05 -0.003730927125985062 8.041835498140415e-05 -6.552857892572206e-06 1.4972212518671314e-07 0.0010524342088816141 0.0019539836477020958 0.030557884566925254 -0.017551541368819201 0.021117587769087544 0.00034426911900631296 -0.0068852951680241862 -0.014808259548854964 -0.0019698184312780145
leaf_weight=3349 36 22 56 28 20 28 25 49 29 21 32 32 41 33 21 33 1327 21 28 1549 31 24 24 24 24 22 21 35 21 21
leaf_count=3349 36 22 56 28 20 28 25 49 29 21 32 32 41 33 21 33 1327 21 28 1549 31 24 24 24 24 22 21 35 21 21
internal_value=-0.0123132 -0.000761283 -0.00071116 -0.00127986 -0.00107393 -0.00313531 0.00277778 -0.00404762 -0.00289598 -0.00882353 -0.012037 -0.00380711 -0.00290055 -0.00219298 -0.00357143 -0.000179083 -0.000404412 -0.00969388 0.00801887 1.55763e-05 -0.00446429 -0.00272277 0.00204082 -0.00897436 -0.00721154 0.00801887 -0.010625 -0.00625 -0.005 -0.00277778
internal_weight=7027 3678 3656 2051 2002 606 81 525 423 102 81 394 362 342 301 1396 1360 49 53 1605 280 202 98 78 104 53 80 56 45 45
internal_count=7027 3678 3656 2051 2002 606 81 525 423 102 81 394 362 342 301 1396 1360 49 53 1605 280 202 98 78 104 53 80 56 45 45
is_linear=0
shrinkage=0.05


Tree=276
num_leaves=31
num_cat=0
split_feature=2 5 17 17 12 12 15 16 1 0 13 18 18 18 1 1 10 1 18 13 16 9 10 18 18 17 5 18 14 2
split_gain=418.902 0.644684 0.660118 0.456259 0.582787 1.42187 0.901608 0.947556 0.666872 0.556707 0.994377 2.98017 0.910038 0.783378 0.741981 1.32453 1.56481 0.959892 0.979077 2.28836 1.54533 1.01308 0.942157 0.732939 1.67894 1.16667 0.918347 1.36517 0.940587 0.634037
threshold=6.5000000000000009 91.500000000000014 8.7454516935037496 15.829891493726066 73.510655802759302 74.891342591732737 6.1210693541199941 20.901314366683639 11.050000000000002 14.500000000000002 0.028901772731160725 1.6444520525020312 0.230728433994417 1.0424599011378131 1.0000000180025095e-35 35.95000000000001 -0.79354221435844496 41.150000000000013 4.3732017446696894 0.072857000049982509 21.653746448942876 -0.94970904815366253 0.24284972209593572 5.2118986363581756 6.3425238804615178 26.586176958267554 84.500000000000014 6.9911626293997502 0.66663509656356035 69.500000000000014
decision_type=2 2 2 2 2 2 2 2 2 2 2 2 2 2 2 2 2 2 2 2 2 2 2 2 2 2 2 2 2 2
left_child=-1 2 -2 -4 6 -6 7 8 -5 12 13 -12 -7 -11 -13 16 -16 -17 20 -20 21 -19 -18 -21 25 -25 27 -26 -29 -30
right_child=1 -3 3 4 5 9 -8 -9 -10 10 11 14 -14 -15 15 17 22 18 19 23 -22 -23 -24 24 26 -27 -28 28 29 -31
leaf_value=-3.9521254564087589e-08 0.00067688787278923361 -0.00015061108432921078 -0.0020858713316979304 4.0888246932346829e-05 -0.0025007738842171448 6.7424043772685438e-05 0.0016453943778197645 2.0883324255964455e-05 -0.00013283781816467166 2.8643576777948045e-05 -0.0045003646702756585 -0.00031366887849220153 -8.9247371847007986e-05 0.0022998332748458586 -1.3625253120386206e-05 -0.00010403545798878256 0.0026062726399222191 0.00022860072456052372 -0.0046810697749640534 -0.002045517490349136 -4.7541318088462076e-05 0.0023000463949230444 8.1992861785273877e-05 3.5609420743254463e-05 -0.0087794006558266757 0.0098605881066425212 0.0036425916875380882 0.0009384488604720965 0.0052993910670041449 -0.00011892955613213019
leaf_weight=3349 21 22 37 29 27 22 23 20 27 27 23 25 32 22 54 39 34 34 23 25 35 22 20 21 24 21 25 64 23 2857
leaf_count=3349 21 22 37 29 27 22 23 20 27 27 23 25 32 22 54 39 34 34 23 25 35 22 20 21 24 21 25 64 23 2857
internal_value=-0.0122065 -0.000557368 -0.000506018 -0.000557084 -0.000500278 -0.000607316 0.00328283 0.000657895 -0.00267857 -0.000518433 -0.000438853 -0.000541704 -0.00555556 0.00663265 -0.00041841 -0.000353809 0.00509259 -0.000536881 -0.000441084 -0.000591956 0.00467033 0.00982143 0.0111111 -0.000473856 -0.000403624 0.00952381 -0.000542934 -0.000623315 -0.000526495 -0.000659722
internal_weight=7027 3678 3656 3635 3598 3499 99 76 56 3472 3418 3369 54 49 3346 3321 108 3213 3174 3083 91 56 54 3060 3035 42 2993 2968 2944 2880
internal_count=7027 3678 3656 3635 3598 3499 99 76 56 3472 3418 3369 54 49 3346 3321 108 3213 3174 3083 91 56 54 3060 3035 42 2993 2968 2944 2880
is_linear=0
shrinkage=0.05


Tree=277
num_leaves=31
num_cat=0
split_feature=2 14 0 14 1 6 3 9 5 11 4 5 1 13 18 16 16 15 11 16 16 3 18 16 5 3 10 5 12 1
split_gain=420.768 0.611617 2.17539 1.00637 1.34377 1.29293 2.04343 1.00802 1.08513 1.47432 1.56167 1.01575 0.96177 0.947996 2.00554 1.44247 2.51494 1.19699 1.28168 1.45816 2.93133 1.69467 1.36259 1.54379 1.49538 1.2282 1.17627 1.10601 0.965035 0.969317
threshold=6.5000000000000009 6.630797340928706 231.50000000000003 15.196237293111558 14.050000000000002 98.500000000000014 29.350000000000005 -0.22191329283520392 51.500000000000007 26.350400448070072 15.550000000000002 14.500000000000002 26.150000000000002 0.2557677537516248 21.268962510016646 18.895401324886873 20.219473845828855 17.708869325346342 19.850591622734637 21.264436307238238 20.976160318833745 12.65 6.6674494000639131 20.641970707962482 55.500000000000007 15.950000000000001 -0.97106408147883394 62.500000000000007 90.6375348117882 85.800000000000026
decision_type=2 2 2 2 2 2 2 2 2 2 2 2 2 2 2 2 2 2 2 2 2 2 2 2 2 2 2 2 2 2
left_child=-1 2 13 5 -5 7 -7 -3 9 10 11 -9 -6 14 17 -15 -17 18 19 20 21 -2 23 26 -24 -21 -23 28 29 -27
right_child=1 3 -4 4 12 6 -8 8 -10 -11 -12 -13 -14 15 -16 16 -18 -19 -20 25 -22 22 24 -25 -26 27 -28 -29 -30 -31
leaf_value=-3.7545191835883209e-08 -0.00069440272037493147 -0.0007824602712455331 0.011795794659799609 -0.00041473757039101056 0.00028822111691608756 -0.0035935536270578442 0.00066477333970418331 0.00029186342603700901 0.0028645276722494731 -0.0075310559228599422 -5.3513719138320596e-05 -2.72941321095491e-05 -5.8835387189759558e-05 0.00070708656488291952 0.0090331541126955628 -0.0076129881345142541 -0.00025634097359095165 -0.007043317826804652 0.011068613670199224 0.00017446174145090422 0.00029889034509080208 -8.9648401143344053e-05 -4.4243286471701283e-05 -0.00025329049972158679 0.0020735599301344057 1.9454570749195824e-05 0.00011969545273524674 0.00016341868696669872 -0.00086453871366600214 -0.0019160756152583503
leaf_weight=3349 21 43 34 21 23 30 33 20 28 54 44 42 2733 32 22 21 50 24 29 28 34 35 24 21 26 21 101 23 36 25
leaf_count=3349 21 43 34 21 23 30 33 20 28 54 44 42 2733 32 22 21 50 24 29 28 34 35 24 21 26 21 101 23 36 25
internal_value=-0.012178 -0.000502991 0.000947282 -0.000789645 -0.000495139 -0.00357143 0.00277778 -0.00530303 -0.0037234 -0.0053125 -0.00188679 0.00322581 -0.000399129 0.00021815 0.00117021 -0.00412621 -0.00809859 0.000446429 0.00106132 0.000316456 0.00248092 0.000438596 0.00181159 -0.000477707 0.009 -0.00394737 0.00147059 -0.00642857 -0.00914634 -0.00434783
internal_weight=7027 3678 607 3071 2777 294 63 231 188 160 106 62 2756 573 470 103 71 448 424 395 262 228 207 157 50 133 136 105 82 46
internal_count=7027 3678 607 3071 2777 294 63 231 188 160 106 62 2756 573 470 103 71 448 424 395 262 228 207 157 50 133 136 105 82 46
is_linear=0
shrinkage=0.05


Tree=278
num_leaves=31
num_cat=0
split_feature=2 17 14 4 16 14 0 15 0 4 4 11 6 4 0 15 14 4 15 16 14 9 18 3 2 13 0 0 10 0
split_gain=425.451 0.771994 0.647018 1.27439 1.64372 1.10533 1.25466 1.09407 1.04377 1.52027 1.5456 1.31478 1.0124 0.835346 0.777184 0.751111 0.73406 1.04833 0.688438 2.31798 0.898977 1.92248 1.05983 0.825005 0.702304 0.988528 0.867279 0.673603 1.68438 0.938917
threshold=6.5000000000000009 33.618752470591126 70.57209605361497 11.850000000000003 21.536507056979044 75.235558279728778 753.50000000000011 71.737007922526246 740.50000000000011 6.8500000000000005 4.8500000000000005 41.930302315728589 9.5000000000000018 1.7000000000000004 842.50000000000011 61.747350424128832 73.85281763651237 7.5500000000000007 73.096374558757802 21.169088340669816 68.380131534477854 0.69636977696931246 65.82833955246268 30.150000000000002 329.50000000000006 0.9558638848058455 684.50000000000011 820.50000000000011 -0.63872576220844923 793.50000000000011
decision_type=2 2 2 2 2 2 2 2 2 2 2 2 2 2 2 2 2 2 2 2 2 2 2 2 2 2 2 2 2 2
left_child=-1 2 13 8 7 -6 -7 12 9 10 -4 -11 15 -2 -8 -5 17 -10 20 -20 24 22 -22 -21 27 26 -26 29 -29 -15
right_child=1 -3 3 4 5 6 14 -9 16 11 -12 -13 -14 18 -16 -17 -18 -19 19 23 21 -23 -24 -25 25 -27 -28 28 -30 -31
leaf_value=-3.5667932244089045e-08 0.00061232963998989485 0.0050373632830134525 -0.00074343355490924523 -0.00033653928104797619 -0.0012722986870027599 0.0002480229182850735 0.019459015323689502 -0.018615380432459361 -0.016239338032220021 -0.0068906537291852036 0.038490360031950388 5.3112938985933057e-05 -0.0095468987847784348 -2.7898481747001824e-05 0.0014086895900831565 0.025081512531365393 -0.0029912135613017199 -0.00055734249491941063 0.0076047827008949298 -0.011761216404772769 -0.0018709382973149504 0.022671910689696519 0.0051043463336608143 0.00057623200481771164 -0.0022717713537062424 -0.001573349643643951 0.0053964097704898963 -0.0001618205346705537 -0.016603830401997043 0.0015706845370043966
leaf_weight=3349 20 29 22 25 44 37 25 20 23 31 26 22 26 2762 21 20 73 20 49 26 36 24 26 35 41 31 22 44 20 78
leaf_count=3349 20 29 22 25 44 37 25 20 23 31 26 22 26 2762 21 20 73 20 49 26 36 24 26 35 41 31 22 44 20 78
internal_value=-0.0121069 -0.000367047 -0.000431625 -0.00224138 0.000458716 0.00413386 0.00753012 -0.00467033 -0.00495392 -0.00123762 0.00520833 -0.00707547 -0.00176056 -0.000186683 0.0130435 0.00277778 -0.00818966 -0.0133721 -0.00025047 0.00363636 -0.000389105 0.00465116 0 -0.00286885 -0.000533689 -0.00478723 -0.00119048 -0.000396006 -0.00546875 -0.00028169
internal_weight=7027 3678 3649 435 218 127 83 91 217 101 48 53 71 3214 46 45 116 43 3194 110 3084 86 62 61 2998 94 63 2904 64 2840
internal_count=7027 3678 3649 435 218 127 83 91 217 101 48 53 71 3214 46 45 116 43 3194 110 3084 86 62 61 2998 94 63 2904 64 2840
is_linear=0
shrinkage=0.05


Tree=279
num_leaves=31
num_cat=0
split_feature=2 9 3 3 13 2 7 17 2 4 5 7 13 3 9 3 3 15 8 8 4 9 17 17 11 17 2 11 3 16
split_gain=426.861 0.646427 1.1502 1.48531 1.17568 2.27724 1.3125 0.927536 0.800056 0.728252 1.15833 1.33136 1.97194 1.16342 1.20987 1.03349 1.52381 1.02331 0.992074 1.25436 1.24066 2.61203 1.72284 1.16783 1.1006 0.975251 1.35766 0.924318 0.932872 0.88379
threshold=6.5000000000000009 0.83354805289222267 37.050000000000004 36.250000000000007 0.94257775866291549 231.50000000000003 -0.91597561503675329 29.496565652032704 9.5000000000000018 13.350000000000003 37.500000000000007 -0.91597561503675329 0.94525106900092293 28.850000000000005 0.95992380042979863 23.750000000000004 17.550000000000004 76.924746971133771 -0.37940952255126015 -0.60355339059327384 23.850000000000005 0.89773508019357628 28.039348816420901 29.835861144669042 52.524959359053447 31.377959158067679 138.50000000000003 15.292876761204198 26.350000000000005 22.278962470566167
decision_type=2 2 2 2 2 2 2 2 2 2 2 2 2 2 2 2 2 2 2 2 2 2 2 2 2 2 2 2 2 2
left_child=-1 8 3 9 5 6 -4 -5 -2 10 11 29 13 25 -15 16 -12 -14 19 20 21 -11 -23 -24 -25 26 -13 28 -20 -3
right_child=1 2 4 7 -6 -7 -8 -9 -10 18 15 12 17 14 -16 -17 -18 -19 27 -21 -22 22 23 24 -26 -27 -28 -29 -30 -31
leaf_value=-3.3884535631884596e-08 -9.0453714360329119e-05 0.0010102480159956074 0.00042364923600755059 -0.00019634475254548533 -0.0017453190782264372 0.015407612340844423 -0.00044052511107750547 -0.017811222439205212 -4.4499838270239961e-05 0.014372366669149629 0.00010146870316576074 -0.001085230951724192 -0.0007091995268790896 -0.008450754041679609 -0.00087043361000098689 0.0042746234628427528 -0.0013449165770876626 0.00077005894607538048 -0.00054673816129236494 0.014437746752767478 -0.00084940417010699327 0.0064011229040945141 -0.012111947895792242 -0.0080115784844290161 0.0046545855925909764 -0.0035303198545678875 0.024165919932687532 -0.0043330266342772594 0.00016628689100991816 1.8289835434709412e-05
leaf_weight=3349 38 21 27 23 24 39 21 25 2794 32 21 29 24 50 61 20 21 43 20 43 34 21 21 28 20 40 23 26 46 43
leaf_count=3349 38 21 27 23 24 39 21 25 2794 32 21 29 24 50 61 20 21 43 20 43 34 21 21 28 20 40 23 26 46 43
internal_value=-0.0120855 -0.000326264 0.000886525 0.000170068 0.00563063 0.00833333 0.00104167 -0.00833333 -0.000688559 0.000764192 -0.000631313 -0.00179641 -0.00333333 -0.00578818 -0.00923423 0.00564516 0.00119048 0.00410448 0.00266323 0.00464824 0.0025641 0.00491803 0.000555556 -0.00326087 0.00104167 -0.00163043 0.00288462 -0.00163043 0.00151515 0.0046875
internal_weight=7027 3678 846 735 111 87 48 48 2832 687 396 334 270 203 111 62 42 67 291 199 156 122 90 69 48 92 52 92 66 64
internal_count=7027 3678 846 735 111 87 48 48 2832 687 396 334 270 203 111 62 42 67 291 199 156 122 90 69 48 92 52 92 66 64
is_linear=0
shrinkage=0.05


Tree=280
num_leaves=31
num_cat=0
split_feature=2 17 17 14 2 4 4 14 9 1 6 0 3 3 1 4 4 16 6 15 14 0 13 5 5 4 14 17 10 13
split_gain=423.575 0.782361 0.606711 0.594559 1.97473 1.43792 1.7488 1.22024 1.14035 0.916372 1.65958 1.43739 1.35562 1.40076 1.21602 0.87334 1.11627 0.863734 0.671538 2.03571 1.32648 1.09545 1.52606 1.29105 1.29056 1.86805 1.25647 1.36109 1.09503 1.00867
threshold=6.5000000000000009 33.618752470591126 8.7454516935037496 0.66663509656356035 85.500000000000014 5.6500000000000012 8.9500000000000011 1.2491990860060642 -0.9549579116111756 51.100000000000009 22.500000000000004 70.500000000000014 16.150000000000002 27.850000000000005 19.750000000000004 14.350000000000003 20.550000000000004 20.951382330232402 95.500000000000014 2.2298997810904004 2.3363398760069907 57.500000000000007 0.051787452841669718 84.500000000000014 50.500000000000007 10.850000000000003 4.6607666665367633 27.889037661340694 -0.8520459593969173 0.028901772731160725
decision_type=2 2 2 2 2 2 2 2 2 2 2 2 2 2 2 2 2 2 2 2 2 2 2 2 2 2 2 2 2 2
left_child=-1 2 -2 4 5 -4 17 -5 -8 14 12 -12 -11 -14 15 -10 -17 -7 20 -20 -9 22 24 26 25 -22 27 -23 -27 -30
right_child=1 -3 3 7 -6 6 8 18 9 10 11 -13 13 -15 -16 16 -18 -19 19 -21 21 23 -24 -25 -26 28 -28 -29 29 -31
leaf_value=-3.2190308850290369e-08 0.00061041379465063281 0.0047771807743122174 -0.00076493001958918014 -0.0177780679490664 0.0037961078341023804 0.00015217121562782765 0.00030985849132456056 0.021383742794401164 -0.00023700605873464565 -4.4095184197567866e-06 -0.0004859275534203178 0.00055156192559313588 -0.0088672981453850937 -0.00070943570716814903 0.00083482979446514172 0.00012883833219065976 -0.00012813618714960229 0.00038915333566979241 0.000563054555512954 -0.00034838693428689287 0.00068914254866989664 -0.0075539856289186247 -0.00032753877225564224 0.015719183914890779 -0.00072565824369551571 3.8664119997644519e-05 -1.8689796393545068e-05 -0.00030825505017375578 -1.8338185681134395e-05 -0.00019067318858289052
leaf_weight=3349 23 29 30 26 22 31 26 20 23 24 20 27 24 20 33 32 22 24 33 544 36 24 35 20 24 21 2392 31 34 28
leaf_count=3349 23 29 30 26 22 31 26 20 23 24 20 27 24 20 33 32 22 24 33 544 36 24 35 20 24 21 2392 31 34 28
internal_value=-0.0121353 -0.000421425 -0.000486435 -0.000537783 0.00139665 0.000446429 0.00147059 -0.000749694 -0.000298805 -0.00144444 -0.00456522 0.00265957 -0.00955882 -0.0147727 0.00181818 -0.00162338 0.00185185 0.00954545 -0.000663171 -0.00220971 -0.00032833 -0.000425331 -0.00421348 -0.000152006 -0.00192308 0.000210084 -0.000255415 -0.00772727 -0.00391566 -0.00725806
internal_weight=7027 3678 3649 3626 358 336 306 3268 251 225 115 47 68 44 110 77 54 55 3242 577 2665 2645 178 2467 143 119 2447 55 83 62
internal_count=7027 3678 3649 3626 358 336 306 3268 251 225 115 47 68 44 110 77 54 55 3242 577 2665 2645 178 2467 143 119 2447 55 83 62
is_linear=0
shrinkage=0.05


Tree=281
num_leaves=31
num_cat=0
split_feature=2 5 0 5 9 4 16 1 5 6 6 15 16 5 3 3 0 11 0 2 16 11 14 15 11 9 15 17 15 4
split_gain=421.235 0.583547 1.27003 1.23865 1.10834 1.16658 1.18336 0.99978 0.92458 0.901504 1.41488 0.873247 0.866216 0.782255 0.864923 0.972699 1.76917 1.70592 1.23419 1.225 1.13516 0.753114 0.658074 2.28042 1.3083 1.75283 1.49109 2.53319 2.93657 1.61132
threshold=6.5000000000000009 16.500000000000004 841.00000000000011 13.500000000000002 0.32533907195844747 18.750000000000004 24.174850187917965 96.800000000000026 6.5000000000000009 21.500000000000004 1.5000000000000002 53.316690557036331 21.146375464630989 7.5000000000000009 45.350000000000001 40.850000000000001 286.50000000000006 31.794833518443955 832.00000000000011 102.50000000000001 20.723420597630057 -3.8830881846831673 56.032566590658732 70.738785339749214 68.865990354291583 0.35769492645306972 30.671074998921799 23.694903247035857 39.460743967497642 15.950000000000001
decision_type=2 2 2 2 2 2 2 2 2 2 2 2 2 2 2 2 2 2 2 2 2 2 2 2 2 2 2 2 2 2
left_child=-1 3 21 7 -5 6 9 12 -9 10 11 -6 -2 -10 15 16 19 -18 -19 -15 -17 -3 23 -23 26 -26 -24 -28 -29 -30
right_child=1 2 -4 4 5 -7 -8 8 13 -11 -12 -13 -14 14 -16 20 17 18 -20 -21 -22 22 24 -25 25 -27 27 28 29 -31
leaf_value=-3.0580793407775846e-08 -2.2774646213363781e-07 -0.00036889976446613135 0.015057276152227673 0.0016114934927854208 -0.004107898013510392 0.00038133229358656707 0.00056746011813046948 0.0038313324167926766 -0.0024011467214798189 -0.0064916089844768267 4.0543913766821765e-05 -0.0085523636444850837 -3.3198800581535347e-05 0.00023928264589145876 0.011082733490462982 -0.0026239367659265157 -0.012604234684052962 0.0051115674654042213 -0.002076331294619749 0.011081143727833132 1.1750038983393552e-05 -2.6267046002670381e-06 0.01359175683291909 0.0080264319817993091 -0.00035598313796327832 -0.012816064713749853 -0.0080959928992317739 -0.015607717564443747 -0.00031579838810280592 0.0012875746018329083
leaf_weight=3349 27 20 54 25 28 42 29 26 27 37 36 22 23 20 28 49 39 90 40 20 65 2076 23 39 118 23 36 22 436 158
leaf_count=3349 27 20 54 25 28 42 29 26 27 37 36 22 23 20 28 49 39 90 40 20 65 2076 23 39 118 23 36 22 436 158
internal_value=-0.0121709 -0.000489396 -0.000191348 -0.00182021 -0.00490868 -0.00618557 -0.00822368 -0.000330396 0.00049505 -0.0103659 -0.00755814 -0.013 -0.007 -0.000132275 0.000498575 -0.000232198 0.00179426 -0.000443787 0.00230769 0.01125 -0.00394737 -0.000330396 -0.000264415 0.000200946 -0.00147059 -0.00585106 -0.000555556 -0.000996933 -0.000243506 0.000420875
internal_weight=7027 3678 3005 673 219 194 152 454 404 123 86 50 50 378 351 323 209 169 130 40 114 2951 2931 2115 816 141 675 652 616 594
internal_count=7027 3678 3005 673 219 194 152 454 404 123 86 50 50 378 351 323 209 169 130 40 114 2951 2931 2115 816 141 675 652 616 594
is_linear=0
shrinkage=0.05


Tree=282
num_leaves=31
num_cat=0
split_feature=2 11 11 13 18 9 13 5 17 18 18 16 0 3 4 14 14 18 18 17 15 0 18 6 18 4 4 3 3 4
split_gain=421.703 0.575237 0.610052 1.5965 1.49195 2.01915 1.79377 1.48977 1.7061 1.34356 2.81953 2.18443 1.29952 1.6888 1.32309 1.77247 1.28178 1.44757 1.4825 1.96214 1.40866 1.41432 1.30829 1.6675 1.45085 1.3429 1.23369 1.54909 1.62645 1.48308
threshold=6.5000000000000009 -3.8830881846831673 31.480340920393171 0.45344053242733812 34.108868229636094 -0.58077876009839879 0.53097657059921222 41.500000000000007 25.396807650766007 37.199530931578501 39.379248456559957 18.717095282344332 631.50000000000011 37.050000000000004 14.65 57.749306848010526 36.649703553568443 52.418041017714494 57.062578693457823 25.959126420921944 47.417744902036425 643.50000000000011 61.416689742835629 75.500000000000014 58.624225266099408 11.350000000000003 23.250000000000004 34.45000000000001 38.350000000000001 22.250000000000004
decision_type=2 2 2 2 2 2 2 2 2 2 2 2 2 2 2 2 2 2 2 2 2 2 2 2 2 2 2 2 2 2
left_child=-1 -2 -3 7 5 -5 -7 -4 -9 11 -11 -6 13 -12 15 -15 -14 -18 19 -19 -20 -22 23 24 -23 -24 29 -28 -29 -27
right_child=1 2 3 4 9 6 -8 8 -10 10 12 -13 16 14 -16 -17 17 18 20 -21 21 22 25 -25 -26 26 27 28 -30 -31
leaf_value=-2.9051753737387055e-08 -8.2481493626622446e-05 7.5812480873072019e-06 -0.0032702404797249509 -0.0077364121488684217 -0.020489799524847641 0.00053453062781843035 0.029684619633255416 -0.0004761368696945212 0.0055914608651210784 0.0055441941370613541 -0.00057756694729320661 -0.0011255182242126515 0.031526642010605066 0.016553236028797259 -0.0099569234065398863 -0.014005327122913514 0.014232155854554663 0.00032734272459045144 -0.00081656612713096885 -0.0069441160947192777 0.013930614892167625 -0.00053479198953425571 -0.00065520463700465827 -0.0005758467060116957 0.013970618998903462 0.00051021696206099421 0.009965684358217786 -0.011264573622046825 -0.00025833009047282474 0.0097499874965315328
leaf_weight=3349 31 1527 42 20 29 32 25 37 24 91 533 76 20 20 36 33 43 30 46 37 21 22 349 34 61 314 32 32 60 21
leaf_count=3349 31 1527 42 20 29 32 25 37 24 91 533 76 20 20 36 33 43 30 46 37 21 22 349 34 61 314 32 32 60 21
internal_value=-0.0121638 -0.000475802 -0.000418152 -0.000966981 -0.000656916 0.00616883 0.0109649 -0.00703883 -0.00204918 -0.000927835 -0.000613079 -0.00642857 -0.00106078 -0.00289389 -0.00926966 -0.00424528 -4.45633e-05 -0.000272232 -0.000637394 -0.00783582 -0.00015121 0.000264271 -2.7027e-05 0.00491453 0.00873494 -0.000742574 0.00103486 -0.00322581 -0.00652174 0.00261194
internal_weight=7027 3678 3647 2120 2017 77 57 103 61 1940 1835 105 1744 622 89 53 1122 1102 1059 67 992 946 925 117 83 808 459 124 92 335
internal_count=7027 3678 3647 2120 2017 77 57 103 61 1940 1835 105 1744 622 89 53 1122 1102 1059 67 992 946 925 117 83 808 459 124 92 335
is_linear=0
shrinkage=0.05


Tree=283
num_leaves=31
num_cat=0
split_feature=2 11 11 18 18 6 1 1 2 14 10 15 2 18 14 1 0 3 3 3 3 17 3 0 0 9 6 1 3 3
split_gain=420.768 0.570634 0.654749 1.6985 1.64539 1.31272 1.21565 2.33946 1.63581 1.37569 1.26765 1.54994 1.11614 1.12179 0.976074 1.13063 1.00392 0.934716 1.77509 1.36666 1.07339 1.73845 1.0217 1.71618 1.77034 1.62131 1.34034 1.61613 1.218 2.06334
threshold=6.5000000000000009 -3.8830881846831673 31.480340920393171 30.59281575553609 34.108868229636094 91.500000000000014 333.15000000000003 366.65000000000003 222.50000000000003 17.683143624006785 -0.45973273945210419 33.819010176970927 286.50000000000006 46.300531869669946 7.4388731923183204 47.350000000000009 321.50000000000006 38.350000000000001 35.350000000000001 35.850000000000001 36.850000000000001 28.180766647674027 31.350000000000005 290.50000000000006 266.50000000000006 -0.30490993010465833 22.500000000000004 93.950000000000017 28.450000000000003 29.250000000000004
decision_type=2 2 2 2 2 2 2 2 2 2 2 2 2 2 2 2 2 2 2 2 2 2 2 2 2 2 2 2 2 2
left_child=-1 -2 17 14 5 -5 8 -8 -6 -9 11 -10 -13 -14 -4 -16 -17 18 22 -20 -21 -22 28 24 25 -24 27 -27 -3 -30
right_child=1 2 3 4 6 -7 7 9 10 -11 -12 12 13 -15 15 16 -18 -19 19 20 21 -23 23 -25 -26 26 -28 -29 29 -31
leaf_value=-2.7599166050517705e-08 -7.8357418945290699e-05 -7.947983860254194e-06 0.00085502965917783058 0.016932447458794363 -0.023162242820432513 0.00031827340372503343 0.00091864015435767505 0.0078664055877787579 0.004551984166885248 -0.0002569641679937007 0.00058848922504246566 -0.013977410262840807 0.00049081541429725213 -0.0082734943872177173 -0.00010227386336969513 -0.0069824663081626609 -0.0010792853004566894 -8.1798600917626374e-05 0.0079930170723554912 -0.00049151567358864947 3.3662448357274502e-05 0.0011477822405647764 -0.00078442086226266923 -0.0049352275520703872 0.01028570611196873 -0.00057182700732660581 0.0011018837212626324 0.00081836468703115899 0.00041657450934584617 4.7894864089764733e-05
leaf_weight=3349 31 624 24 27 21 26 79 32 34 1648 55 28 26 28 38 34 20 234 34 45 57 23 83 25 23 41 57 38 53 190
leaf_count=3349 31 624 24 27 21 26 79 32 34 1648 55 28 26 28 38 34 20 234 34 45 57 23 83 25 23 41 57 38 53 190
internal_value=-0.012178 -0.000502991 -0.000445572 -0.00101415 -0.000673653 0.00801887 -0.00090979 -0.000497442 -0.0046875 -0.000892857 -0.00307018 -0.00603448 -0.0097561 -0.00555556 -0.00689655 -0.00923913 -0.0138889 0.000343811 0.00087007 0.00581761 0.0034 0.006875 0.000176367 -0.00252809 -0.00123967 -0.00262557 0.000735294 -0.00348101 0.00100923 0.00401235
internal_weight=7027 3678 3647 2120 2004 53 1951 1759 192 1680 171 116 82 54 116 92 54 1527 1293 159 125 80 1134 267 242 219 136 79 867 243
internal_count=7027 3678 3647 2120 2004 53 1951 1759 192 1680 171 116 82 54 116 92 54 1527 1293 159 125 80 1134 267 242 219 136 79 867 243
is_linear=0
shrinkage=0.05


Tree=284
num_leaves=31
num_cat=0
split_feature=2 8 6 6 10 5 14 18 15 10 2 11 14 0 0 12 4 13 15 16 11 4 12 2 14 16 11 14 14 5
split_gain=423.107 0.565727 1.23 1.24253 1.1037 1.15525 0.972 0.94519 2.29383 1.225 1.19357 2.74 1.82673 1.84945 0.957752 1.41546 0.908651 1.71075 1.35391 1.29387 1.17005 1.26419 1.30928 1.025 2.03459 2.0241 1.0624 1.01457 2.20905 1.06337
threshold=6.5000000000000009 -0.60355339059327384 25.500000000000004 23.500000000000004 0.99164058729498161 72.500000000000014 76.924746971133771 66.558203935670903 64.162089717336457 -0.17552498857989965 208.50000000000003 56.05731918080911 69.467678688898005 800.50000000000011 820.50000000000011 164.11731283514527 6.4500000000000011 0.99043557303666285 77.288533011609204 18.717095282344332 38.558722396459935 11.65 256.72996899572246 218.50000000000003 34.3010813843458 17.191465796720639 44.75741238010621 47.104354536635242 56.264724248707168 32.500000000000007
decision_type=2 2 2 2 2 2 2 2 2 2 2 2 2 2 2 2 2 2 2 2 2 2 2 2 2 2 2 2 2 2
left_child=-1 2 3 4 5 7 16 8 -2 -10 -9 -12 14 -14 -13 -16 17 19 20 -4 -18 -22 23 26 -25 -26 -23 -27 -29 -30
right_child=1 -3 6 -5 -6 -7 -8 10 9 -11 11 12 13 -15 15 -17 18 -19 -20 -21 21 22 -24 24 25 27 -28 28 29 -31
leaf_value=-2.6219207747991821e-08 -0.00016169057308363933 5.7387319354340605e-06 0.0039056649631305619 0.0093036180492543259 -0.0074496275824962772 0.023285719032514952 -0.0065547634686028648 -0.00053858991645405752 -0.0081071225523018601 -0.00011578031188577143 0.034991660770521092 0.0069510852874845597 -0.014465898165920166 5.0041155247981812e-06 -0.0028579794728077704 0.02561300106615505 0.00020394400295558059 0.011086347838123168 0.0013957753469160394 -0.0011988660537497254 -0.0017986409397374283 -0.0086446446287819622 0.0037728973037172153 0.0027386937249517019 -0.0074493031297695467 -0.0015855474801110604 -1.7096486920209485e-05 0.0020556760084424752 0.00017473541197450261 -0.0016943319332341389
leaf_weight=3349 602 1627 25 30 49 32 24 246 36 24 29 82 22 89 34 26 71 20 22 81 126 33 41 73 44 29 24 36 44 57
leaf_count=3349 602 1627 25 30 49 32 24 246 36 24 29 82 22 89 34 26 71 20 22 81 126 33 41 73 44 29 24 36 44 57
internal_value=-0.0121425 -0.000435019 -0.000987323 -5.7648e-05 -0.000295043 0 -0.0026 -0.000252101 -0.00151057 -0.0108333 0.00132576 0.0035461 0.00187747 -0.00292793 0.0056338 0.000833333 -0.00227273 0.0015873 -0.00308333 -0.000943396 -0.00354671 -0.00438856 -0.00295276 -0.00397059 -0.00273852 -0.0052381 -0.0100877 -0.00271084 -0.000912409 -0.00470297
internal_weight=7027 3678 2051 1301 1271 1222 750 1190 662 60 528 282 253 111 142 60 726 126 600 106 578 507 381 340 283 210 57 166 137 101
internal_count=7027 3678 2051 1301 1271 1222 750 1190 662 60 528 282 253 111 142 60 726 126 600 106 578 507 381 340 283 210 57 166 137 101
is_linear=0
shrinkage=0.05


Tree=285
num_leaves=31
num_cat=0
split_feature=2 12 2 2 17 16 11 18 6 2 3 14 13 16 11 4 4 18 6 18 6 1 17 17 12 10 13 16 4 4
split_gain=425.921 0.686756 0.817591 1.72159 1.16797 1.62318 0.9734 1.19016 1.26186 1.39146 1.93465 1.43029 1.40635 1.01739 0.967861 1.31672 1.34367 1.39416 1.05147 1.42917 0.977295 1.3144 0.953314 1.87926 2.32129 1.87826 1.61481 1.40428 1.08482 1.00113
threshold=6.5000000000000009 203.19880857529418 90.500000000000014 87.500000000000014 20.726919771616817 17.932800823372386 19.088914978457193 17.685032753126457 92.500000000000014 218.50000000000003 29.250000000000004 20.904609971821049 0.62233454123612719 19.395020252743631 8.3798494190755601 5.8500000000000005 9.4500000000000011 4.3732017446696894 22.500000000000004 7.3979599529612505 1.0000000180025095e-35 11.350000000000003 25.959126420921944 26.586176958267554 116.73198190700471 -0.76107606668641947 0.98489928961908391 15.262446988291961 15.550000000000002 12.550000000000002
decision_type=2 2 2 2 2 2 2 2 2 2 2 2 2 2 2 2 2 2 2 2 2 2 2 2 2 2 2 2 2 2
left_child=-1 2 3 4 -2 -6 -4 13 22 10 -10 -11 -13 -8 20 -16 -17 -18 19 -19 -7 -22 25 24 28 -9 27 -27 -24 -29
right_child=1 -3 6 -5 5 14 7 8 9 11 -12 12 -14 -15 15 16 17 18 -20 -21 21 -23 23 -25 -26 26 -28 29 -30 -31
leaf_value=-2.4908247360592232e-08 -0.00055553203301998981 1.8620660225465713e-05 -0.031257443817580423 0.0039225647245981765 0.00021294229697747802 3.3581946222438486e-07 0.00015550384043279132 -0.00015921875362785444 -0.00041521675815978657 0.015242374935357184 -0.010190561680845889 -0.0025857196050148804 -0.000418156054066543 0.011741210051217666 -0.001476541678492105 0.00063280269953538417 0.00049891517881182066 -0.012391990747096938 0.00038559909548352422 -5.880982683104108e-06 -1.9866502876715945e-05 -0.00049624099410240099 -0.0018021074192995812 -0.00015975552319247299 0.02403762391998612 0.0055173437709768796 -0.0023254132054805867 -0.0094361978742568912 0.0097323833998425261 -0.00055980603725664941
leaf_weight=3349 29 1785 20 26 28 70 26 236 45 20 23 22 125 20 20 38 38 20 44 28 23 22 24 757 23 20 40 35 32 39
leaf_count=3349 29 1785 20 26 28 70 26 236 45 20 23 22 125 20 20 38 38 20 44 28 23 22 24 757 23 20 40 35 32 39
internal_value=-0.0120998 -0.000353453 -0.0010169 0.00103627 0.000138889 0.000981873 -0.0015428 -0.00139543 -0.00164816 -0.005 -0.0110294 -0.00254491 -0.0042517 0.00652174 -8.25083e-05 0.00212766 0.00357143 0.00115385 -0.00217391 -0.00729167 -0.00369565 -0.00944444 -0.000995025 -5.98086e-05 0.00727848 -0.00310811 -0.00783582 -0.00425532 0.00178571 -0.00743243
internal_weight=7027 3678 1893 386 360 331 1507 1487 1441 235 68 167 147 46 303 188 168 130 92 48 115 45 1206 836 79 370 134 94 56 74
internal_count=7027 3678 1893 386 360 331 1507 1487 1441 235 68 167 147 46 303 188 168 130 92 48 115 45 1206 836 79 370 134 94 56 74
is_linear=0
shrinkage=0.05


Tree=286
num_leaves=31
num_cat=0
split_feature=2 12 2 2 17 10 10 18 6 6 9 17 9 5 16 4 11 1 15 14 4 11 17 3 17 11 9 17 1 10
split_gain=422.638 0.885085 0.759583 1.0555 1.86428 1.29018 1.89008 1.49531 0.950792 2.05023 2.00842 1.45088 1.02022 1.11971 1.01739 0.947313 2.00527 1.83889 1.78773 1.39714 1.33897 1.35509 1.4158 1.60348 2.20662 2.15457 1.37643 1.78022 1.43747 1.34791
threshold=6.5000000000000009 203.19880857529418 90.500000000000014 55.500000000000007 20.726919771616817 -0.96227343267549392 -0.76107606668641947 7.8152561656557316 1.0000000180025095e-35 17.500000000000004 0.090250774277322809 28.504165138946732 0.32533907195844747 33.500000000000007 20.087402144586878 7.5500000000000007 19.850591622734637 282.55000000000007 65.356297181859702 2.5822604517877532 9.6500000000000004 25.028884875552233 25.090853119604976 32.750000000000007 28.463231662002215 46.728649850371404 -0.58077876009839879 19.668931073977685 506.60000000000008 -0.8038981836306559
decision_type=2 2 2 2 2 2 2 2 2 2 2 2 2 2 2 2 2 2 2 2 2 2 2 2 2 2 2 2 2 2
left_child=-1 2 3 4 -2 -5 -7 -8 10 -10 -6 14 -12 -14 -11 17 -17 -4 -19 -18 29 -22 26 24 -24 -25 27 -23 -28 -21
right_child=1 -3 15 5 8 6 7 -9 9 11 12 -13 13 -15 -16 16 19 18 -20 20 21 22 23 25 -26 -27 28 -29 -30 -31
leaf_value=-2.3662834992562619e-08 -0.0012977108906186087 1.7689627214068083e-05 -0.0072550884452819986 -0.00021473876245121649 0.00041228086671196706 0.00098652418584377344 -0.00026715494393869665 0.0041741776820586555 -0.00054252926841321107 -7.8246182863239012e-06 -0.0002226121565146233 -9.1786544434757644e-05 -0.00059633647913349692 8.2767505791592205e-05 0.00085136759741826634 -0.022985494171022181 0.012938856256284926 0.0037312895176775385 -0.00071771281867114576 0.0010426354340884458 -0.0020411255855471212 -1.3929990462724363e-05 0.00222426465939094 -0.0088508928199861007 -0.00024463078800209816 -8.8958289895124667e-05 -0.00038895184054368317 -0.0038249712518824809 -0.0037358613742142668 -0.0019631819614399858
leaf_weight=3349 21 1785 34 32 37 41 32 39 29 26 21 29 20 39 20 24 21 155 132 28 36 24 136 76 207 240 193 39 23 139
leaf_count=3349 21 1785 34 32 37 41 32 39 29 26 21 29 20 39 20 24 21 155 132 28 36 24 136 76 207 240 193 39 23 139
internal_value=-0.0121496 -0.000448613 -0.0012018 0.000777202 -0.00123967 0.00416667 0.00669643 0.00176056 0.000113122 -0.00336538 0.00320513 0.001 -0.00125 0.00211864 0.00652174 -0.00170869 -0.00236088 0.000700935 0.00200348 -0.0020654 -0.00230061 -0.00159138 -0.00122601 3.79363e-05 0.00240525 -0.00253165 -0.00421147 -0.0107143 -0.00231481 -0.00643713
internal_weight=7027 3678 1893 386 242 144 112 71 221 104 117 75 80 59 46 1507 1186 321 287 1162 1141 974 938 659 343 316 279 63 216 167
internal_count=7027 3678 1893 386 242 144 112 71 221 104 117 75 80 59 46 1507 1186 321 287 1162 1141 974 938 659 343 316 279 63 216 167
is_linear=0
shrinkage=0.05


Tree=287
num_leaves=31
num_cat=0
split_feature=2 17 12 13 17 16 6 1 4 4 13 4 3 4 14 1 10 3 6 13 0 2 1 4 15 13 17 1 16 16
split_gain=424.513 0.958823 0.756313 0.737298 1.08831 1.93663 1.08882 1.29867 1.10298 1.54628 1.47414 1.2137 1.18023 1.08 1.07818 1.11909 0.932712 1.49893 0.895902 1.32633 1.39055 1.21198 1.12631 1.18454 1.12827 2.06108 1.03032 1.79142 1.70157 1.4926
threshold=6.5000000000000009 8.7454516935037496 203.19880857529418 0.25059415945489755 20.726919771616817 17.932800823372386 91.500000000000014 19.750000000000004 12.250000000000002 14.15 0.10962622521678343 15.850000000000003 31.350000000000005 7.4500000000000011 3.6561046548219687 89.250000000000014 0.99164058729498161 12.050000000000002 92.500000000000014 0.30152419456589125 259.50000000000006 348.50000000000006 212.10000000000002 7.4500000000000011 71.737007922526246 0.97056882746876705 26.141978147715587 536.20000000000016 20.874797953484293 20.616156933322575
decision_type=2 2 2 2 2 2 2 2 2 2 2 2 2 2 2 2 2 2 2 2 2 2 2 2 2 2 2 2 2 2
left_child=-1 -2 3 4 -3 -6 8 -8 10 -10 -7 -11 -13 -12 -5 -16 17 -17 19 -19 -21 -20 -22 24 -24 -26 27 29 -28 -25
right_child=1 2 -4 14 5 6 7 -9 9 11 13 12 -14 -15 15 16 -18 18 21 20 22 -23 23 26 25 -27 28 -29 -30 -31
leaf_value=-2.2479693242934487e-08 0.00083560099338431115 -0.0011542716294109412 1.4267390809208358e-05 -0.00134177249742109 0.00022543515335744503 -1.2456677041029764e-05 -6.90526474929884e-05 0.001950543161752938 -0.0014634587605317608 0.00012607286368887665 0.00017032861533330392 9.3336062051141422e-06 -0.00099839934130363517 0.011396303053338032 -0.00061500248801742434 0.03158166366701947 -0.010597910701271473 0.0061129400850589381 -0.0010253139470682627 -0.0026122277274745367 0.0081492375758829283 0.00050565454231339408 0.0018620011693300854 -0.00036950424851660561 -0.0098393220590608631 0.0003214555841012157 0.0067536829524968318 -0.0009040521470026875 -0.00046278193161164438 -0.0066071923682496708
leaf_weight=3349 23 28 1776 37 33 106 22 53 40 29 20 58 28 30 29 20 30 39 188 30 21 22 169 201 22 43 101 35 418 27
leaf_count=3349 23 28 1776 37 33 106 22 53 40 29 20 58 28 30 29 20 30 39 188 30 21 22 169 201 22 43 101 35 418 27
internal_value=-0.0121211 -0.000394236 -0.000458276 -0.00115753 0.000615213 0.00125298 0.000259067 0.00566667 -0.00104502 -0.00403226 0.00192308 -0.00108696 -0.00406977 0.009 -0.00171089 -0.00148746 -0.00128111 -0.00108533 -0.00129179 -0.000723327 -0.00105436 -0.00428571 -0.000747348 -0.000984252 0.00213675 -0.00346154 -0.00191816 -0.00446768 -0.000626204 -0.00285088
internal_weight=7027 3678 3655 1879 447 419 386 75 311 155 156 115 86 50 1432 1395 1366 1336 1316 1106 1067 210 1037 1016 234 65 782 263 519 228
internal_count=7027 3678 3655 1879 447 419 386 75 311 155 156 115 86 50 1432 1395 1366 1336 1316 1106 1067 210 1037 1016 234 65 782 263 519 228
is_linear=0
shrinkage=0.05


Tree=288
num_leaves=31
num_cat=0
split_feature=2 5 9 4 12 12 4 1 16 18 13 13 1 17 15 4 17 16 1 16 16 18 16 4 12 12 18 17 2 15
split_gain=425.451 0.833846 1.51955 1.33081 1.14646 1.111 1.04257 1.2004 0.83072 0.755093 2.26909 1.31955 1.42599 0.790452 1.48665 1.70566 1.43288 1.80286 1.25293 1.19995 1.55348 1.42689 1.11795 0.930182 1.49875 1.61577 1.91678 0.839846 1.9064 1.10131
threshold=6.5000000000000009 79.500000000000014 -0.82144612508491244 19.750000000000004 118.30215732964264 203.19880857529418 10.15 120.90000000000002 12.360258746335655 1.6444520525020312 0.028901772731160725 0.022816176579953298 12.550000000000002 27.172895215781562 3.0683358808436991 17.050000000000004 27.608192364448588 23.984022187878914 133.95000000000002 20.659977793529368 20.723420597630057 65.541880923019093 20.507416439763805 22.450000000000003 282.19802610782676 273.4060019381904 52.743345725762822 25.886778583209672 225.50000000000003 63.794903846739224
decision_type=2 2 2 2 2 2 2 2 2 2 2 2 2 2 2 2 2 2 2 2 2 2 2 2 2 2 2 2 2 2
left_child=-1 5 -3 4 -4 -2 7 -6 -7 10 11 12 -10 19 -15 18 -17 -18 -16 22 -21 23 27 24 25 26 -22 29 -29 -11
right_child=1 2 3 -5 6 8 -8 -9 9 13 -12 -13 -14 14 15 16 17 -19 -20 20 21 -23 -24 -25 -26 -27 -28 28 -30 -31
leaf_value=-2.1355708580787763e-08 -0.00013005622981022703 -0.0028817309718957244 0.0006335755474310645 -0.00041439460811898421 -0.00070763203540591402 0.0092577589210904431 0.00049247238763521222 0.0018982814609737276 2.6310630243378543e-05 -6.875995879340735e-06 -0.0045412110399228938 0.0022601497417765958 -0.00030619596036056689 0.00053223567924676196 -0.00043012245136822005 0.0041223394037025688 0.00029216207037912055 0.006166616961504179 8.977942160690589e-05 -0.010260277453429723 0.0086607185904700405 0.014574250532261957 0.0073116143451713361 -0.0022699733772433284 0.0014869662763398407 -0.021084396574302611 -0.0031512409051522639 0.00019573497644285177 -0.0071745534783659087 0.011034825813452366
leaf_weight=3349 1732 29 79 22 24 23 21 21 25 505 22 21 32 23 30 31 121 23 567 20 23 22 37 34 20 20 24 44 27 56
leaf_count=3349 1732 29 79 22 24 23 21 21 25 505 22 21 32 23 30 31 121 23 567 20 23 22 37 34 20 20 24 44 27 56
internal_value=-0.0121069 -0.000367047 0.00280612 0.00464072 0.00637931 -0.000545663 0.00151515 -0.00277778 0.000342857 0.00021714 -0.004 0 -0.00394737 0.000476337 0.00160377 0.00123057 0.00557143 0.00347222 -4.1876e-05 -0.000600962 -0.00444785 -0.00262238 0.000336323 -0.00475207 -0.00201149 -0.00559701 -0.000531915 -0.000158228 -0.00528169 0.000490196
internal_weight=7027 3678 196 167 145 3482 66 45 1750 1727 100 78 57 1627 795 772 175 144 597 832 163 143 669 121 87 67 47 632 71 561
internal_count=7027 3678 196 167 145 3482 66 45 1750 1727 100 78 57 1627 795 772 175 144 597 832 163 143 669 121 87 67 47 632 71 561
is_linear=0
shrinkage=0.05


Tree=289
num_leaves=31
num_cat=0
split_feature=2 13 0 15 17 7 1 6 0 15 1 4 4 3 12 9 6 11 1 6 5 5 15 1 0 14 4 5 5 4
split_gain=426.391 0.717327 1.08358 1.04168 0.863322 0.58097 0.882495 1.11415 1.08598 1.37018 1.62691 1.11503 1.49115 1.378 1.25901 1.66353 1.75001 1.15357 1.22452 1.2011 1.11859 1.12309 1.1014 2.40903 1.07712 1.25838 1.0084 1.00002 1.36 1.22077
threshold=6.5000000000000009 0.013652122847930796 14.500000000000002 0.70748362666980424 27.213224174078771 -0.25881904510252113 47.350000000000009 95.500000000000014 806.50000000000011 75.449983897206323 717.10000000000014 7.4500000000000011 5.6500000000000012 25.250000000000004 150.52620124561747 0.14153898451656996 30.500000000000004 18.866066188581147 669.70000000000016 25.500000000000004 58.500000000000007 36.500000000000007 57.236751765938415 323.25000000000006 820.50000000000011 63.311477995553297 11.15 16.500000000000004 21.500000000000004 15.15
decision_type=2 2 2 2 2 2 2 2 2 2 2 2 2 2 2 2 2 2 2 2 2 2 2 2 2 2 2 2 2 2
left_child=-1 4 -3 -4 -2 -5 -7 8 9 10 11 12 17 -14 -13 16 26 -8 19 20 21 -19 23 -15 -10 -26 -16 -27 -29 -30
right_child=1 2 3 5 -6 6 7 -9 24 -11 -12 14 13 22 15 -17 -18 18 -20 -21 -22 -23 -24 -25 25 27 -28 28 29 -31
leaf_value=-2.0287923151748376e-08 3.7940831737129019e-05 -8.9284135854755811e-05 0.00026579992692939982 2.8436897950490094e-05 -3.4582186636676617e-06 0.00042914980094774794 -0.002428419504650392 -0.00056314310196352584 0.0072619454646542184 -0.0041228870087643091 0.0066998156590674547 -0.00013384881305085196 0.018314526446589242 -0.00081321899828693542 -0.0066861129947945134 -0.0051484827094064661 -0.00099673437170366697 1.834964581099996e-05 -0.0083460844953599182 0.0016056882242132531 0.013098788955005736 -0.0083449714476163447 -0.0016071343948699025 0.019759466903031611 -0.009258437398559494 -0.0010134982760135359 0.0055043155999282339 0.030675837921263851 -0.002470287392986137 0.020695874101331668
leaf_weight=3349 39 47 45 1550 30 94 20 265 45 90 26 911 34 24 21 37 20 38 21 29 22 24 24 23 21 64 30 32 25 27
leaf_count=3349 39 47 45 1550 30 94 20 265 45 90 26 911 34 24 21 37 20 38 21 29 22 24 24 23 21 64 30 32 25 27
internal_value=-0.0120926 -0.000339859 -0.000436409 -0.000336889 0.00471014 -0.000433608 -0.00100407 -0.00124132 -0.000746269 -0.00125538 -0.000843558 -0.00109546 0.00183398 0.00642857 -0.00184004 -0.00694444 -0.00246479 -0.0012987 0.000373134 0.00243363 -0.000595238 -0.00403226 0.00246479 0.00691489 0.00257009 0.000739645 0.00245098 0.00236486 0.00595238 0.000961538
internal_weight=7027 3678 3609 3562 69 3517 1967 1873 1608 1394 1304 1278 259 105 1019 108 71 154 134 113 84 62 71 47 214 169 51 148 84 52
internal_count=7027 3678 3609 3562 69 3517 1967 1873 1608 1394 1304 1278 259 105 1019 108 71 154 134 113 84 62 71 47 214 169 51 148 84 52
is_linear=0
shrinkage=0.05


Tree=290
num_leaves=31
num_cat=0
split_feature=2 13 0 17 11 11 7 15 1 4 10 1 17 16 4 16 3 16 3 9 13 3 10 18 4 0 0 13 13 11
split_gain=425.921 0.721194 1.0796 0.863322 0.861973 0.683332 0.701738 0.7378 0.661949 1.45648 1.26478 1.32581 1.19538 1.19323 2.88238 1.70455 1.16667 1.90368 1.65252 1.21596 1.48925 1.39926 1.1129 1.11088 0.981818 0.930285 1.46127 1.41143 1.96164 0.966937
threshold=6.5000000000000009 0.013652122847930796 14.500000000000002 27.213224174078771 -2.4882949219403039 -1.198049777575469 -0.25881904510252113 1.2491990860060642 151.60000000000002 13.950000000000001 -0.97870382656940669 303.2000000000001 21.393475843258919 21.146375464630989 9.4500000000000011 19.151393942334558 39.95000000000001 20.572933230414282 37.95000000000001 -0.64860553522282427 0.13381097591557917 32.95000000000001 -0.98208922706762081 19.931585178527687 11.65 290.50000000000006 327.50000000000006 0.56546986341837824 0.50027382256297936 52.005368904640719
decision_type=2 2 2 2 2 2 2 2 2 2 2 2 2 2 2 2 2 2 2 2 2 2 2 2 2 2 2 2 2 2
left_child=-1 3 -3 -2 -4 -6 7 -7 9 13 -10 16 -13 14 -9 24 18 -18 19 -12 -21 -22 -11 -14 -16 -25 -27 28 -28 -29
right_child=1 2 4 -5 5 6 -8 8 10 22 11 12 23 -15 15 -17 17 -19 -20 20 21 -23 -24 25 -26 26 27 29 -30 -31
leaf_value=-1.9273526994160961e-08 3.6043790150272482e-05 -8.4819929062018861e-05 0.00065438027312642033 -3.2853077304845909e-06 -0.00038287818434559198 0.0026534251699220635 -0.00011682139255584368 -0.00020956908169742495 -0.0006529218542976168 7.5854063741509503e-05 -0.00089997853512084895 0.0046350158619009822 -0.0059795027242941501 -0.00037040491464717111 0.010616959990275988 0.0019356908873950807 0.0095289614182101808 7.4187728454688795e-05 -0.0010174724236732048 -0.0009618157348128876 0.0049916090247803082 0.0054626760975287521 -0.00044173039878803166 0.0098817361154108774 -0.00013091331266059658 -0.0053997148181137433 -0.00073959308572195685 -0.00049716983096246279 0.015825608397204149 0.00026637115239083189
leaf_weight=3349 39 47 20 30 27 20 1993 67 87 29 50 20 29 35 24 22 29 25 23 34 38 44 153 36 20 48 41 394 53 201
leaf_count=3349 39 47 20 30 27 20 1993 67 87 29 50 20 29 35 24 22 29 25 23 34 38 44 153 36 20 48 41 394 53 201
internal_value=-0.0120998 -0.000353453 -0.000450263 0.00471014 -0.000350926 -0.000409373 -0.000348506 0.000459921 0.000332889 -0.00157143 0.000911458 0.00138498 0.000425791 0.00178571 0.00394737 0.0113636 0.00462963 0.0111111 0.00277778 0.00451807 0.00732759 0.0109756 -0.00467033 0.000124688 0.00568182 0.000485123 0.000101764 0.000689405 0.00638298 -0.000210084
internal_weight=7027 3678 3609 69 3562 3542 3515 1522 1502 350 1152 1065 822 168 133 66 243 54 189 166 116 82 182 802 44 773 737 689 94 595
internal_count=7027 3678 3609 69 3562 3542 3515 1522 1502 350 1152 1065 822 168 133 66 243 54 189 166 116 82 182 802 44 773 737 689 94 595
is_linear=0
shrinkage=0.05


Tree=291
num_leaves=31
num_cat=0
split_feature=2 4 17 17 2 2 15 2 9 2 3 2 9 2 17 1 10 15 11 3 9 14 14 3 18 14 16 5 1 18
split_gain=424.513 0.888556 0.60253 0.716595 0.763964 2.44682 1.84324 0.761552 0.619467 1.15737 1.31759 1.17132 1.55222 1.23792 1.1225 1.12096 1.40039 2.65798 1.32476 0.911991 0.88006 1.10487 1.11289 0.913923 0.920137 1.39464 1.13412 0.937318 1.75058 1.59985
threshold=6.5000000000000009 1.7000000000000004 8.7454516935037496 15.829891493726066 348.50000000000006 331.50000000000006 61.747350424128832 380.00000000000006 -0.40147311773604372 300.50000000000006 40.250000000000007 277.50000000000006 -0.68702731818199647 265.50000000000006 17.668908546063204 72.550000000000026 0.20931464596304869 52.68544980968236 -1.198049777575469 39.650000000000013 -0.99939814596352028 72.834322554603432 70.252800063637878 38.650000000000013 4.3732017446696894 3.6561046548219687 21.088000487616952 53.500000000000007 560.95000000000016 40.121445064532828
decision_type=2 2 2 2 2 2 2 2 2 2 2 2 2 2 2 2 2 2 2 2 2 2 2 2 2 2 2 2 2 2
left_child=-1 -2 -3 -4 5 8 -6 -8 9 10 11 13 -13 14 -5 18 19 -18 -16 20 -17 22 23 24 -22 26 -26 -27 29 -29
right_child=1 2 3 4 6 -7 7 -9 -10 -11 -12 12 -14 -15 15 16 17 -19 -20 -21 21 -23 -24 -25 25 27 -28 28 -30 -31
leaf_value=-1.8309850644452913e-08 0.0002132162443686525 0.00079892425370147184 -0.0030728072300487243 -0.0032332227113823111 -0.00090590653194748687 -0.0021997075474166294 0.016527364499627949 0.00040976946164938965 -8.1492038978173145e-05 0.0087457432690907673 -0.00074627872501071841 -0.0073267447767879192 0.00014613228928848088 0.0070162452589222829 -0.00056053704081165392 -0.00096659880248957115 0.010646918744298794 -0.0012956854625816305 0.00035181893009589293 0.0077185395964297857 0.00023998427820681734 0.0044665809233841005 -0.022105184477528895 0.0089581956063760522 -0.0056748754905428193 -0.0007394418447301377 -5.7986916244168186e-05 0.00086065654650315795 0.010936482557449523 -0.0040583612744184098
leaf_weight=3349 25 23 37 21 24 38 21 22 2492 38 30 23 22 29 25 41 38 29 102 20 38 38 20 20 28 200 23 122 21 68
leaf_count=3349 25 23 37 21 24 38 21 22 2492 38 30 23 22 29 25 41 38 29 102 20 38 38 20 20 28 200 23 122 21 68
internal_value=-0.0121211 -0.000394236 -0.000458527 -0.000509642 -0.000438352 -0.000538854 0.00485075 0.0110465 -0.000401376 0.00065261 0.000313152 0.000646552 -0.00722222 0.00104757 0.000702576 0.000990396 0.000212465 0.00708955 0.00531496 -0.000508607 -0.000848142 -0.000346021 -0.000925926 -0.000480769 -0.0009 -0.00151515 -0.00931373 -0.000547445 0.00177725 0.000263158
internal_weight=7027 3678 3653 3630 3593 3526 67 43 3488 996 958 928 45 883 854 833 706 67 127 639 619 578 540 520 500 462 51 411 211 190
internal_count=7027 3678 3653 3630 3593 3526 67 43 3488 996 958 928 45 883 854 833 706 67 127 639 619 578 540 520 500 462 51 411 211 190
is_linear=0
shrinkage=0.05


Tree=292
num_leaves=31
num_cat=0
split_feature=2 13 2 15 16 3 18 5 10 17 2 12 16 15 16 17 9 3 3 15 17 0 1 16 17 5 18 11 5 17
split_gain=417.971 1.27928 0.899529 1.15933 2.06083 0.823129 0.75822 0.679173 1.52026 1.41103 1.55556 1.1114 1.05319 0.857143 0.73658 1.55167 1.16327 0.855732 1.61017 1.43175 1.21255 0.845355 0.704335 0.652303 0.693619 0.642568 1.62739 1.4584 1.36476 1.43006
threshold=6.5000000000000009 0.013652122847930796 327.50000000000006 57.97273243836387 19.980030443901093 35.150000000000013 66.558203935670903 79.500000000000014 -0.57022117041332276 21.355476698151278 69.500000000000014 121.21800987321011 20.685615849372859 19.027374291754185 24.504505257165054 32.849889944089107 0.91927745688801432 16.650000000000002 17.850000000000005 7.6875909590065286 29.468024619372983 584.50000000000011 739.05000000000007 21.653746448942876 25.917507947276004 73.500000000000014 17.685032753126457 53.011021670109862 70.500000000000014 24.70824745632007
decision_type=2 2 2 2 2 2 2 2 2 2 2 2 2 2 2 2 2 2 2 2 2 2 2 2 2 2 2 2 2 2
left_child=-1 23 7 -4 5 -5 -6 14 9 10 -9 12 -10 -12 17 -16 -17 19 -19 -3 -21 -18 25 24 -2 28 -27 -28 -20 -30
right_child=1 2 3 4 6 -7 -8 8 11 -11 13 -13 -14 -15 15 16 21 18 22 20 -22 -23 -24 -25 -26 26 27 -29 29 -31
leaf_value=-1.7394358112230266e-08 1.7141946517258354e-05 -0.0019015571128817551 -0.0022572607199833786 0.023491952527959371 -0.0025673713180427884 0.00030182252938288913 -0.00016494458359126441 -0.00090363839348568404 -0.0056522484752170813 0.00056868940313514749 0.0021183400744388516 0.014038270008318809 3.1461355145157026e-05 -0.00087087908535110614 0.0071359460585242564 0.011820799007350403 9.1742884857692889e-06 0.0026406562852038466 -7.6504330660004394e-05 -0.003514571499406394 0.00017443170866187076 -0.0083898398751422586 -0.0072619542112100539 -1.2009338700574856e-06 0.00014097017638081794 0.00031121250046455278 -0.015205621823940696 0.0075834933950902801 -0.00024775917733634858 0.0061199087813677451
leaf_weight=3349 26 26 44 21 25 28 22 21 25 61 21 23 22 21 24 27 29 41 2803 33 61 20 61 21 22 37 35 22 24 32
leaf_count=3349 26 26 44 21 25 28 22 21 25 61 21 23 22 21 24 27 29 41 2803 33 61 20 61 21 22 37 35 22 24 32
internal_value=-0.0122207 -0.000584557 -0.000713494 -0.00464286 -0.0015625 0.00561224 -0.00904255 -0.000554915 0.00231959 0.00564516 0.000396825 -0.00357143 -0.00797872 0.00595238 -0.000725191 0.0035 0 -0.000858268 -0.000695581 -0.005 -0.00212766 -0.00459184 -0.000829463 0.00615942 0.009375 -0.000719607 -0.00478723 -0.0100877 -0.000585869 0.00714286
internal_weight=7027 3678 3609 140 96 49 47 3469 194 124 63 70 47 42 3275 100 76 3175 3055 120 94 49 3014 69 48 2953 94 57 2859 56
internal_count=7027 3678 3609 140 96 49 47 3469 194 124 63 70 47 42 3275 100 76 3175 3055 120 94 49 3014 69 48 2953 94 57 2859 56
is_linear=0
shrinkage=0.05


Tree=293
num_leaves=31
num_cat=0
split_feature=2 13 11 5 10 17 12 16 10 6 3 12 15 5 2 2 17 15 1 16 3 3 1 6 17 17 0 5 11 4
split_gain=420.768 0.991702 0.861519 0.739038 1.57632 1.55262 1.1114 1.05319 0.700235 1.10761 1.15719 2.24326 1.06468 1.02932 1.00113 1.16806 0.91219 1.56505 1.26839 1.36832 1.26835 1.27659 1.34231 1.21725 1.17736 1.47692 1.00542 1.34536 2.5484 2.08279
threshold=6.5000000000000009 0.013652122847930796 -3.0540662031282801 79.500000000000014 -0.57022117041332276 20.883828980094236 121.21800987321011 20.685615849372859 -0.58427653070765284 41.500000000000007 31.350000000000005 75.719171964578763 65.356297181859702 56.500000000000007 374.50000000000006 331.50000000000006 28.882185783662447 74.146017005802889 133.95000000000002 21.681103455207204 12.350000000000003 15.050000000000002 296.4500000000001 67.500000000000014 29.972050716248479 31.113239740327227 798.50000000000011 37.500000000000007 56.682365683407362 5.0500000000000007
decision_type=2 2 2 2 2 2 2 2 2 2 2 2 2 2 2 2 2 2 2 2 2 2 2 2 2 2 2 2 2 2
left_child=-1 -2 -3 8 5 -5 7 -6 9 10 13 -12 -11 -4 15 16 17 26 19 -18 -20 -22 23 -23 -21 -26 27 28 -10 -29
right_child=1 2 3 4 6 -7 -8 -9 14 12 11 -13 -14 -15 -16 -17 18 -19 20 24 21 22 -24 -25 25 -27 -28 29 -30 -31
leaf_value=-1.6524640206618754e-08 1.4821156409861731e-05 -0.00047476913546701249 0.00057372807921602655 -1.9403885892499417e-07 -0.0053696360514562174 0.00040620693117232598 0.013336356507902859 2.9888287387902503e-05 -4.8394052190181563e-05 -0.00055314378851214487 -0.00089589358394790992 -0.0001070926803361516 -0.00097350392144059941 4.6627269416288364e-05 0.0041560273848698873 -0.0034447281768922979 -0.00086255147856145742 0.0054046792994926207 0.0071790044684657333 -0.00052185050495996428 -0.0021089907404191698 0.00018727558297384486 -0.0003452218378143357 0.0060734610868140582 0.00055767103065658137 -0.00017966533452039581 0.0032123038594413346 0.015976444739344408 -0.00079424119798936492 0.0001182153312997869
leaf_weight=3349 69 21 20 60 25 65 23 22 410 401 35 815 20 56 21 25 24 31 22 27 34 81 819 30 26 39 56 36 37 328
leaf_count=3349 69 21 20 60 25 65 23 22 410 401 35 815 20 56 21 25 24 31 22 27 34 81 819 30 26 39 56 36 37 328
internal_value=-0.012178 -0.000502991 -0.000616514 -0.000557414 0.0024359 0.0058 -0.00357143 -0.00797872 -0.000729443 -0.0016147 -0.000647948 -0.00117647 -0.00374109 0.00526316 -0.000146628 -0.000259259 -0.000125 0.00105791 -0.00108893 -0.00603448 -0.000507099 -0.000778008 -0.000430108 0.00472973 -0.00326087 0.000384615 0.000663206 0.000215783 -0.00162192 0.00247253
internal_weight=7027 3678 3609 3588 195 125 70 47 3393 1347 926 850 421 76 2046 2025 2000 898 1102 116 986 964 930 111 92 65 867 811 447 364
internal_count=7027 3678 3609 3588 195 125 70 47 3393 1347 926 850 421 76 2046 2025 2000 898 1102 116 986 964 930 111 92 65 867 811 447 364
is_linear=0
shrinkage=0.05


Tree=294
num_leaves=31
num_cat=0
split_feature=2 15 6 4 4 15 0 11 2 14 5 5 18 1 14 12 0 4 17 4 14 18 14 0 9 5 9 16 2 5
split_gain=419.835 1.01137 1.44805 1.37021 2.01678 1.18901 1.4403 1.14162 2.1688 1.73193 1.83974 1.68778 2.07257 1.40076 1.38536 1.55511 1.51447 1.45238 2.05297 1.40386 1.39421 1.17872 1.13261 1.88267 1.2859 1.12201 1.11576 1.11335 1.26045 1.10961
threshold=6.5000000000000009 17.708869325346342 37.500000000000007 27.750000000000004 23.950000000000003 11.229541520966139 131.50000000000003 39.485989132386152 254.50000000000003 14.504889835249053 43.500000000000007 79.500000000000014 37.199530931578501 220.90000000000003 36.649703553568443 132.96272516224579 577.50000000000011 18.950000000000003 25.192669749271449 14.050000000000002 70.750450190060107 34.86358411418319 60.762895483759443 680.50000000000011 0.49002412863433359 46.500000000000007 -0.99273952934267318 22.807548914874378 178.50000000000003 16.500000000000004
decision_type=2 2 2 2 2 2 2 2 2 2 2 2 2 2 2 2 2 2 2 2 2 2 2 2 2 2 2 2 2 2
left_child=-1 5 26 4 7 -2 -7 8 9 13 27 12 21 -4 16 19 -14 20 -19 -16 22 -9 23 24 25 -17 -3 28 -11 -28
right_child=1 2 3 -5 -6 6 -8 11 -10 10 -12 -13 14 -15 15 17 -18 18 -20 -21 -22 -23 -24 -25 -26 -27 29 -29 -30 -31
leaf_value=-1.5698408196287816e-08 1.4004965122833836e-06 -0.00067735646803495091 -0.011307670387315394 0.002051501608900086 -0.0032324940647461275 0.026332776349765032 0.00028806930516962482 -0.0011892567171760682 0.015393853940367564 0.0015190839012188208 0.0013029752013896001 0.00022636713095760543 -0.0031474338192399643 -7.5194074569662211e-05 -0.00061900947073727512 -0.011160747093354928 0.017316193064541886 -0.00048541177764818146 0.014382986977233793 -0.020261571884251241 9.9878733522729138e-05 -0.022296538292081093 -0.0023413152159106332 0.00055215207866421423 0.0011026492426154278 -0.0014524262334031591 -0.0003719799450356831 0.0073303606309780278 -0.008651586836435677 0.00017920685514951631
leaf_weight=3349 850 124 20 40 38 23 142 64 21 53 50 31 39 24 22 20 20 37 22 21 47 20 78 38 21 21 410 21 60 1301
leaf_count=3349 850 124 20 40 38 23 142 64 21 53 50 31 39 24 22 20 20 37 22 21 47 20 78 38 21 21 410 21 60 1301
internal_value=-0.0121923 -0.000530179 -0.00104206 -0.00277778 -0.00323604 0.000812808 0.00469697 -0.00266667 0.000100402 -0.00131579 0.000815217 -0.00404192 -0.00478723 -0.0102273 -0.00323834 -0.0045107 0.00381356 -0.00316901 0.00381356 -0.0133721 -0.005 -0.0119048 -0.00702247 -0.0035 -0.00887097 -0.0140244 -0.000258856 -0.00223881 -0.00420354 7.30567e-05
internal_weight=7027 3678 2663 828 788 1015 165 750 249 228 184 501 470 44 386 327 59 284 59 43 225 84 178 100 62 41 1835 134 113 1711
internal_count=7027 3678 2663 828 788 1015 165 750 249 228 184 501 470 44 386 327 59 284 59 43 225 84 178 100 62 41 1835 134 113 1711
is_linear=0
shrinkage=0.05


Tree=295
num_leaves=31
num_cat=0
split_feature=2 13 11 11 6 14 15 0 0 5 18 18 14 14 0 2 14 18 0 2 11 12 15 4 1 1 6 14 18 5
split_gain=420.301 0.996248 0.859156 0.793976 1.43615 1.82347 1.0537 1.01801 1.09744 1.31369 0.992224 2.49043 2.47772 2.07404 1.7971 1.23188 1.05393 0.985608 1.81268 1.26651 1.21634 1.16778 0.884587 0.898954 0.870715 1.54536 0.992635 2.11554 1.17848 0.938889
threshold=6.5000000000000009 0.013652122847930796 -3.0540662031282801 69.711898203935974 44.500000000000007 56.264724248707168 59.523968073383372 798.50000000000011 832.00000000000011 16.500000000000004 50.779402747586907 53.200842819941009 28.979146595494644 33.339010850670356 628.50000000000011 282.50000000000006 36.262863010170612 49.932353608097806 581.50000000000011 292.50000000000006 56.682365683407362 231.33844458861668 77.288533011609204 7.5500000000000007 462.40000000000003 475.15000000000003 9.5000000000000018 64.548633676675948 71.454311638622698 30.500000000000004
decision_type=2 2 2 2 2 2 2 2 2 2 2 2 2 2 2 2 2 2 2 2 2 2 2 2 2 2 2 2 2 2
left_child=-1 -2 -3 7 24 6 -6 10 -9 -10 14 15 -13 -14 17 -12 -15 18 19 20 -4 -21 -18 -24 -5 -26 28 -28 29 -27
right_child=1 2 3 4 5 -7 -8 8 9 -11 11 12 13 16 -16 -17 22 -19 -20 21 -22 -23 23 -25 25 26 27 -29 -30 -31
leaf_value=-1.4913487786473426e-08 1.4010073763754544e-05 -0.00045110070351927491 -1.7681256732959839e-06 0.0083175742903808473 -0.00091170222947312141 -0.0023756494203986734 0.0020536024531412345 0.0021804561812125201 -0.0027808567771430148 0.0035727145813137188 -0.017624859451205666 0.022295181924888399 -0.0085038596638323579 0.017927651549300982 0.025191919553146747 -0.00032864252808586516 -0.00011830318111947236 0.011585374206076793 -0.0071459608211512206 0.0040475753685367266 -0.0077250345578679276 -5.6723683321990848e-05 -0.021086964811674849 -0.0015755135932323584 -0.0073592423166175536 -0.0092104173139329511 0.0083514914398204361 -0.0052968164408426334 0.012885805517580451 0.00020209361238023862
leaf_weight=3349 69 21 1906 33 27 49 26 90 54 38 59 27 23 32 20 35 781 21 23 34 20 25 24 52 23 60 26 21 29 30
leaf_count=3349 69 21 1906 33 27 49 26 90 54 38 59 27 23 32 20 35 781 21 23 34 20 25 24 52 23 60 26 21 29 30
internal_value=-0.0121851 -0.000516585 -0.000630369 -0.000571349 -0.0029321 -0.00784314 -0.00141509 -0.00033701 0.0032967 -0.000543478 -0.00055159 -0.0018151 -0.00103834 -0.00148026 8.54075e-05 -0.00957447 -0.00109674 -6.16067e-05 -0.000174303 -1.25945e-05 -0.000233645 0.00720339 -0.0014294 -0.00657895 -0.000675676 -0.00198413 -0.000301205 0.00585106 -0.00273109 -0.00555556
internal_weight=7027 3678 3609 3588 324 102 53 3264 182 92 3082 1033 939 912 2049 94 889 2029 2008 1985 1926 59 857 76 222 189 166 47 119 90
internal_count=7027 3678 3609 3588 324 102 53 3264 182 92 3082 1033 939 912 2049 94 889 2029 2008 1985 1926 59 857 76 222 189 166 47 119 90
is_linear=0
shrinkage=0.05


Tree=296
num_leaves=31
num_cat=0
split_feature=2 13 11 15 6 10 0 4 4 0 11 13 2 10 2 4 2 13 14 18 10 1 17 14 5 12 13 14 9 1
split_gain=418.437 1.01454 0.849739 0.711492 1.56757 1.66775 1.16468 1.22826 1.70234 1.344 2.05206 1.40234 2.10534 1.84779 1.28926 1.13644 1.09824 1.08942 2.18225 1.6874 2.1804 1.32048 1.16667 1.10882 1.64103 1.18075 1.15556 1.00695 1.00631 1.15654
threshold=6.5000000000000009 0.013652122847930796 -3.0540662031282801 17.708869325346342 45.500000000000007 -0.99862982478704421 145.50000000000003 27.550000000000004 23.750000000000004 218.50000000000003 39.485989132386152 0.56546986341837824 218.50000000000003 0.21771516573566849 120.50000000000001 22.350000000000005 175.50000000000003 0.58987827514814029 32.793263389360938 46.300531869669946 -0.7721279831368929 331.25000000000006 24.322168630696982 61.464514837065686 13.500000000000002 200.89459377270347 0.8443474041727318 38.089430827342262 -0.99273952934267318 620.05000000000007
decision_type=2 2 2 2 2 2 2 2 2 2 2 2 2 2 2 2 2 2 2 2 2 2 2 2 2 2 2 2 2 2
left_child=-1 -2 -3 -4 28 -6 -7 8 9 14 11 12 13 16 -8 17 -11 18 22 20 -19 -21 -12 26 -25 -26 27 -23 29 -5
right_child=1 2 3 4 5 6 7 -9 -10 10 15 -13 -14 -15 -16 -17 -18 19 -20 21 -22 23 -24 24 25 -27 -28 -29 -30 -31
leaf_value=-1.4167813397149752e-08 1.3309570075566852e-05 -0.00042854566834331088 1.1444217122269507e-05 -0.0012763594289997293 -0.0064748195789528402 0.00094439806341131141 -0.00017997789829600209 0.001390447623442448 -0.0033388061936127757 0.0058964988606897252 0.00036008360428745338 -0.0015310580954686515 0.013664629212820502 0.0063761624305989535 -0.0083178726824673539 0.0068283612676322217 -0.0097350828131270717 0.013439064281698877 -0.0043542724645003975 -0.0041258311851201769 -0.0006379522111423342 5.2084381584549533e-05 -0.0071574415138389476 0.00020528621102240409 -0.00011710784766592042 -0.003686314226391119 0.00050009919743345679 -0.016787654083551828 4.9528494869832686e-07 8.7863406149679693e-05
leaf_weight=3349 69 21 925 78 26 24 20 39 30 35 21 56 33 25 21 20 37 23 35 33 29 27 21 30 39 61 65 25 1763 47
leaf_count=3349 69 21 925 78 26 24 20 39 30 35 21 56 33 25 21 20 37 23 35 33 29 27 21 30 39 61 65 25 1763 47
internal_value=-0.0122136 -0.000570962 -0.000685786 -0.00062709 -0.00104206 -0.00293548 -0.00250334 -0.00286207 -0.00335277 -0.00282012 -0.00223577 0.00215054 0.005 0.00128866 -0.0115854 -0.00413753 -0.00277778 -0.0047066 -0.0100649 -0.00346386 0.00480769 -0.005 -0.00238095 -0.00374494 -0.00692308 -0.01 -0.000213675 -0.00576923 -0.000264831 -0.0046
internal_weight=7027 3678 3609 3588 2663 775 749 725 686 656 615 186 130 97 41 429 72 409 77 332 52 280 42 247 130 100 117 52 1888 125
internal_count=7027 3678 3609 3588 2663 775 749 725 686 656 615 186 130 97 41 429 72 409 77 332 52 280 42 247 130 100 117 52 1888 125
is_linear=0
shrinkage=0.05


Tree=297
num_leaves=31
num_cat=0
split_feature=2 0 0 13 3 1 12 2 6 6 3 14 12 5 4 10 9 16 5 5 5 18 18 3 3 13 12 3 6 14
split_gain=423.575 0.936763 2.79402 2.73558 2.73855 1.88437 1.67224 1.55711 1.41734 1.61458 1.80394 1.27834 1.38574 1.31979 2.5217 1.5475 1.25821 1.39613 1.22001 1.19823 1.17968 1.15852 1.15273 1.14762 1.50461 1.17062 1.35416 1.67055 1.46667 1.12803
threshold=6.5000000000000009 290.50000000000006 259.50000000000006 0.45344053242733812 40.150000000000013 333.15000000000003 85.495933417996255 144.50000000000003 17.500000000000004 2.5000000000000004 28.750000000000004 17.065732872120929 96.763477727683451 60.500000000000007 8.6500000000000004 -0.51235243343851777 -0.99273952934267318 19.132205199484385 58.500000000000007 55.500000000000007 43.500000000000007 64.999952126305075 54.273357355367807 17.850000000000005 19.250000000000004 0.56546986341837824 251.86542133066112 35.050000000000004 7.5000000000000009 24.241199778612899
decision_type=2 2 2 2 2 2 2 2 2 2 2 2 2 2 2 2 2 2 2 2 2 2 2 2 2 2 2 2 2 2
left_child=-1 2 7 4 5 20 -4 8 9 16 -11 12 -5 18 -15 21 -2 -18 19 23 -3 -16 -21 -13 -25 26 27 -26 -29 -19
right_child=1 3 6 11 -6 -7 -8 -9 -10 10 -12 13 -14 14 15 -17 17 29 -20 22 -22 -23 -24 24 25 -27 -28 28 -30 -31
leaf_value=-1.3459422727292264e-08 0.00022957723012384523 -0.014464277779471502 -0.00043695220167450088 0.00049087640549991816 0.0012296319831989423 -0.0014112602025260657 0.0091215173019260302 -0.00066816467748029859 8.0352179515408295e-05 -0.0028360961880488957 -0.00025846498201346216 0.0028368274369512392 0.021303276938801477 0.0044967011312273542 -0.0012172323189660441 -0.014573060374970127 0.00034545958829804716 -0.0001025852699414253 0.0011418930482541612 -0.00024372991269459022 -0.0050465876600164 0.0026114008183498075 -0.0068698158190777297 -0.0047975941823068524 0.0020029530731545011 -9.6333290640693303e-05 0.023994663014359222 0.0013994459442315589 -0.0061562427605560193 0.0027912485617314965
leaf_weight=3349 28 39 34 37 50 71 86 107 505 42 128 34 23 51 108 39 35 284 32 23 20 25 20 35 102 1540 46 33 22 79
leaf_count=3349 28 39 34 37 50 71 86 107 505 42 128 34 23 51 108 39 35 284 32 23 20 25 20 35 102 1540 46 33 22 79
internal_value=-0.0121353 -0.000421425 0.00064006 -0.00102128 -0.00694444 -0.0107692 0.00791667 -8.27815e-05 0.000476839 -0.0011745 -0.00529412 -0.000529954 0.00666667 -0.000734597 -0.0043722 -0.00726744 0.000469484 -0.000251256 -0.000304716 -0.000471698 -0.0173729 -0.00469925 -0.00872093 -0.000275938 -0.000449944 -0.000243832 0.00332512 0.00111465 -0.00590909 -0.0011708
internal_weight=7027 3678 1328 2350 180 130 120 1208 1101 596 170 2170 60 2110 223 172 426 398 1887 1855 59 133 43 1812 1778 1743 203 157 55 363
internal_count=7027 3678 1328 2350 180 130 120 1208 1101 596 170 2170 60 2110 223 172 426 398 1887 1855 59 133 43 1812 1778 1743 203 157 55 363
is_linear=0
shrinkage=0.05


Tree=298
num_leaves=31
num_cat=0
split_feature=2 15 4 5 3 11 3 9 4 6 14 11 11 1 11 11 11 9 15 12 12 13 1 17 17 1 2 15 0 0
split_gain=427.802 1.24092 0.859093 1.1852 1.07202 1.21749 1.0471 0.921485 1.27036 1.14185 1.87091 1.30944 1.60303 1.24121 1.39705 1.84365 1.24858 0.883863 1.47826 1.18267 1.36978 1.07052 1.11678 1.4044 2.41084 1.03559 0.925601 1.71165 0.708863 0.884661
threshold=6.5000000000000009 0.35294841394985871 3.4500000000000006 38.500000000000007 35.050000000000004 37.667460987063379 31.450000000000003 -0.75827772016127548 5.0500000000000007 48.500000000000007 17.065732872120929 37.067659101532449 50.883889714087609 620.05000000000007 55.443525145278741 58.75606700420277 52.524959359053447 -0.78026694822287734 69.37147781078626 266.00235120199642 262.79509629855994 0.86691701502090135 525.85000000000014 27.766965740350798 28.406877283459043 571.95000000000016 180.50000000000003 17.107428884324772 14.500000000000002 131.50000000000003
decision_type=2 2 2 2 2 2 2 2 2 2 2 2 2 2 2 2 2 2 2 2 2 2 2 2 2 2 2 2 2 2
left_child=-1 -2 3 4 5 -3 -5 8 -4 13 -11 -12 -13 17 16 -16 -15 18 19 20 21 22 23 26 -25 -24 27 -10 -9 -30
right_child=1 2 7 6 -6 -7 -8 28 9 10 11 12 -14 14 15 -17 -18 -19 -20 -21 -22 -23 25 24 -26 -27 -28 -29 29 -31
leaf_value=-1.2786451590927651e-08 2.4595610303610079e-05 -0.0033825031604841627 0.010205032298637208 -0.00037627958641834881 -0.0066047569658131524 0.00026491602531883988 0.0042718660746658092 -0.00011257406290678396 -3.6401215913239862e-05 0.0036085631105194252 0.0054837558390737236 -0.0074539498349128763 0.0035022276664347096 0.0032423445412877784 -0.033038342479096983 0.0031339624871531413 0.01145458354009108 0.0073982659597792381 -0.005622745276686914 -0.00096044586737480402 0.0011781487431615336 0.0006519682078710787 -0.015102194074411558 0.0031800920196721097 -0.00024480174624592622 -0.00033410696409035272 0.00024598903800381321 -0.019382010751549397 3.3240540000861742e-05 -0.00020310819222189025
leaf_weight=3349 92 23 40 25 37 32 23 42 34 35 31 20 24 26 20 26 21 26 23 36 20 43 20 56 81 37 27 37 490 2231
leaf_count=3349 92 23 40 25 37 32 23 42 34 35 31 20 24 26 20 26 21 26 23 36 20 43 20 56 81 37 27 37 490 2231
internal_value=-0.0120713 -0.000299076 -0.00044618 -0.00428571 -0.0076087 -0.00318182 0.00208333 -0.000290192 0.00135432 0.000816485 0.00545455 0.001 -0.00454545 -0.000140713 0.00510753 -0.00108696 0.0111702 -0.00125 -0.00181159 -0.00108696 -0.000211268 -0.000970149 -0.00205479 -0.000531915 0.00273723 -0.00833333 -0.00510204 -0.00809859 -0.000696706 -0.000597207
internal_weight=7027 3678 3586 140 92 55 48 3446 683 643 110 75 44 533 93 46 47 440 414 391 355 335 292 235 137 57 98 71 2763 2721
internal_count=7027 3678 3586 140 92 55 48 3446 683 643 110 75 44 533 93 46 47 440 414 391 355 335 292 235 137 57 98 71 2763 2721
is_linear=0
shrinkage=0.05


Tree=299
num_leaves=31
num_cat=0
split_feature=2 13 0 16 16 15 7 1 14 16 18 13 18 11 15 13 13 18 18 2 18 18 10 0 2 0 14 0 0 18
split_gain=426.391 1.50894 1.16585 0.885174 0.910539 0.774547 0.768254 0.632175 0.75115 0.61553 0.558341 1.16632 1.6 0.554283 1.4269 1.28165 0.889148 0.653632 1.74084 1.6 1.55982 3.37008 1.95733 1.61053 2.2036 1.85336 1.87778 1.82705 1.18128 2.50298
threshold=6.5000000000000009 0.015364257049990013 14.500000000000002 21.653746448942876 20.342785861643737 0.70748362666980424 0.25881904510252091 751.50000000000011 81.996375818153822 24.245844823122862 1.6444520525020312 0.028901772731160725 1.0424599011378131 1.7279419081428748 2.3520095956920186 0.042175009727436485 0.045915237553279691 3.4530842455602673 4.3732017446696894 40.500000000000007 5.4574946968981326 6.3425238804615178 -0.57022117041332276 89.500000000000014 36.500000000000007 108.50000000000001 0.5796620427138518 115.50000000000001 131.50000000000003 8.9875434930812759
decision_type=2 2 2 2 2 2 2 2 2 2 2 2 2 2 2 2 2 2 2 2 2 2 2 2 2 2 2 2 2 2
left_child=-1 3 -3 4 -2 6 -4 8 10 -9 11 12 -7 14 -12 -15 -17 -18 19 -19 22 -22 -20 24 -23 26 -25 -27 29 -29
right_child=1 2 5 -5 -6 7 -8 9 -10 -11 13 -13 -14 15 -16 16 17 18 20 -21 21 23 -24 25 -26 27 -28 28 -30 -31
leaf_value=-1.2147129011381268e-08 1.7805923442991772e-05 -0.00020487945329304981 0.00095713386339005843 -5.0827348114878408e-05 7.8856503319134355e-05 -0.00061216422832655049 4.822093148013074e-06 -0.0032685899395318075 -0.0052685761174032569 0.0097564586109292872 0.00097879161742976391 -0.0039543959822964771 0.0019992475611977424 -0.0002954473119075818 -8.350368732767955e-06 0.00016166937510972979 -0.00018332206847282428 -3.4581155117585639e-05 0.00012839456897077996 0.010240013716857545 0.00058321518339083951 0.00093366139694950334 -0.0049580832080833529 -0.0001853484634370073 -0.0049913434170135501 -0.019010191839802727 0.0032564205889564326 -0.00036441655676684449 -9.4163340374286983e-05 0.043302645131321253
leaf_weight=3349 40 33 21 22 21 20 24 26 35 22 20 23 20 26 23 25 64 20 21 20 54 20 37 45 41 32 45 27 2830 21
leaf_count=3349 40 33 21 22 21 20 24 26 35 22 20 23 20 26 23 25 64 20 21 20 54 20 37 45 41 32 45 27 2830 21
internal_value=-0.0120926 -0.000339859 -0.000493741 0.0063253 0.00942623 -0.000407075 0.00611111 -0.000490475 -0.000569328 0.00520833 -0.00049505 -0.00515873 0 -0.000407891 0.00523256 -0.000480769 -0.000393701 -0.000465365 -0.000365702 0.01 -0.000496376 -0.000345104 -0.00862069 -0.000563541 -0.00860656 -0.0004 0.00666667 -0.000618557 -0.000486449 0.00729167
internal_weight=7027 3678 3595 83 61 3562 45 3517 3469 48 3434 63 40 3371 43 3328 3302 3277 3213 40 3173 3115 58 3061 61 3000 90 2910 2878 48
internal_count=7027 3678 3595 83 61 3562 45 3517 3469 48 3434 63 40 3371 43 3328 3302 3277 3213 40 3173 3115 58 3061 61 3000 90 2910 2878 48
is_linear=0
shrinkage=0.05


end of trees

feature_importances:
physics_estimate_kw=1175
wind_speed=684
dhi=623
lag_1h_generation=615
clearsky_index=531
ghi=520
dni=512
doy_sin=495
cloud_cover_pct=492
temp_air=458
lag_24h_generation=446
solar_azimuth=434
rolling_std_24h=413
humidity=406
doy_cos=384
rolling_mean_24h=351
solar_elevation=304
hour_sin=56
hour_cos=30

parameters:
[boosting: gbdt]
[objective: quantile]
[metric: quantile]
[tree_learner: serial]
[device_type: cpu]
[data_sample_strategy: bagging]
[data: ]
[valid: ]
[num_iterations: 300]
[learning_rate: 0.05]
[num_leaves: 31]
[num_threads: 4]
[seed: 42]
[deterministic: 0]
[force_col_wise: 0]
[force_row_wise: 0]
[histogram_pool_size: -1]
[max_depth: -1]
[min_data_in_leaf: 20]
[min_sum_hessian_in_leaf: 0.001]
[bagging_fraction: 1]
[pos_bagging_fraction: 1]
[neg_bagging_fraction: 1]
[bagging_freq: 0]
[bagging_seed: 400]
[bagging_by_query: 0]
[feature_fraction: 1]
[feature_fraction_bynode: 1]
[feature_fraction_seed: 30056]
[extra_trees: 0]
[extra_seed: 12879]
[early_stopping_round: 0]
[early_stopping_min_delta: 0]
[first_metric_only: 0]
[max_delta_step: 0]
[lambda_l1: 0]
[lambda_l2: 0]
[linear_lambda: 0]
[min_gain_to_split: 0]
[drop_rate: 0.1]
[max_drop: 50]
[skip_drop: 0.5]
[xgboost_dart_mode: 0]
[uniform_drop: 0]
[drop_seed: 17869]
[top_rate: 0.2]
[other_rate: 0.1]
[min_data_per_group: 100]
[max_cat_threshold: 32]
[cat_l2: 10]
[cat_smooth: 10]
[max_cat_to_onehot: 4]
[top_k: 20]
[monotone_constraints: ]
[monotone_constraints_method: basic]
[monotone_penalty: 0]
[feature_contri: ]
[forcedsplits_filename: ]
[refit_decay_rate: 0.9]
[cegb_tradeoff: 1]
[cegb_penalty_split: 0]
[cegb_penalty_feature_lazy: ]
[cegb_penalty_feature_coupled: ]
[path_smooth: 0]
[interaction_constraints: ]
[verbosity: -1]
[saved_feature_importance_type: 0]
[use_quantized_grad: 0]
[num_grad_quant_bins: 4]
[quant_train_renew_leaf: 0]
[stochastic_rounding: 1]
[linear_tree: 0]
[max_bin: 255]
[max_bin_by_feature: ]
[min_data_in_bin: 3]
[bin_construct_sample_cnt: 200000]
[data_random_seed: 175]
[is_enable_sparse: 1]
[enable_bundle: 1]
[use_missing: 1]
[zero_as_missing: 0]
[feature_pre_filter: 1]
[pre_partition: 0]
[two_round: 0]
[header: 0]
[label_column: ]
[weight_column: ]
[group_column: ]
[ignore_column: ]
[categorical_feature: ]
[forcedbins_filename: ]
[precise_float_parser: 0]
[parser_config_file: ]
[objective_seed: 16083]
[num_class: 1]
[is_unbalance: 0]
[scale_pos_weight: 1]
[sigmoid: 1]
[boost_from_average: 1]
[reg_sqrt: 0]
[alpha: 0.5]
[fair_c: 1]
[poisson_max_delta_step: 0.7]
[tweedie_variance_power: 1.5]
[lambdarank_truncation_level: 30]
[lambdarank_norm: 1]
[label_gain: ]
[lambdarank_position_bias_regularization: 0]
[eval_at: ]
[multi_error_top_k: 1]
[auc_mu_weights: ]
[num_machines: 1]
[local_listen_port: 12400]
[time_out: 120]
[machine_list_filename: ]
[machines: ]
[gpu_platform_id: -1]
[gpu_device_id: -1]
[gpu_device_id_list: ]
[gpu_use_dp: 0]
[num_gpu: 1]

end of parameters

pandas_categorical:[]
