tree
version=v4
num_class=1
num_tree_per_iteration=1
label_index=0
max_feature_idx=18
objective=quantile
feature_names=ghi dni dhi temp_air wind_speed humidity cloud_cover_pct hour_sin hour_cos doy_sin doy_cos solar_elevation solar_azimuth clearsky_index lag_1h_generation lag_24h_generation rolling_mean_24h rolling_std_24h physics_estimate_kw
feature_infos=[0:938] [0:788.39999999999998] [0:457] [4.5:49.299999999999997] [0:47.399999999999999] [3:99] [0:100] [-1:1] [-1:1] [-0.99999073973619013:0.99999073973619013] [-0.99996295911626554:0.99985183920911624] [-82.247286723775701:82.808884083144434] [9.8787960934865851:355.2603799118466] [0:1] [0:94.014188613361881] [0:94.014188613361881] [0:26.725384680195802] [0:35.898931027556529] [0:93.952423930367132]
tree_sizes=1664 1646 1745 1919 2087 2249 2574 2575 2757 2741 2733 2721 2750 2711 2722 2731 2732 2755 2747 2746 2747 2751 2732 2739 2738 2733 2760 2743 2763 2730 2746 2760 2751 2758 2762 2744 2765 2755 2744 2771 2782 2759 2788 2762 2770 2802 2801 2798 2775 2811 2780 2807 2791 2835 2794 2822 2785 2786 2777 2790 2804 2810 2797 2809 2816 2797 2820 2802 2808 2840 2805 2849 2827 2825 2822 2838 2839 2848 2824 2830 2835 2853 2846 2829 2821 2829 2833 2845 2854 2861 2863 2836 2851 2821 2833 2852 2843 2871 2810 2882 2866 2886 2897 2867 2846 2852 2875 2851 2866 2839 2844 2847 2874 2872 2867 2867 2871 2840 2863 2843 2845 2866 2874 2892 2870 2874 2888 2882 2876 2859 2889 2895 2889 2880 2878 2874 2864 2891 2847 2903 2871 2894 2888 2883 2880 2885 2868 2890 2890 2884 2874 2872 2873 2889 2904 2886 2893 2887 2875 2885 2894 2888 2891 2908 2900 2900 2868 2897 2883 2890 2915 2866 2931 2882 2909 2889 2892 2887 2919 2919 2886 2870 2889 2907 2907 2933 2902 2911 2872 2869 2891 2912 2906 2880 2889 2898 2893 2890 2938 2925 2895 2893 2870 2891 2890 2916 2887 2857 2911 2915 2883 2898 2897 2911 2910 2919 2912 2862 2898 2872 2886 2907 2881 2896 2862 2888 2895 2892 2863 2898 2907 2898 2899 2870 2870 2869 2891 2869 2878 2882 2861 2903 2882 2879 2891 2900 2836 2891 2896 2908 2863 2896 2896 2886 2889 2913 2888 2885 2898 2890 2920 2866 2892 2887 2887 2895 2852 2894 2887 2890 2875 2884 2920 2866 2869 2894 2887 2896 2893 2893 2903 2902 2890 2885 2845 2915 2890 2886 2879 2891 2870 2896 2871 2869 2903 2897 2884 2897 2893 2899

Tree=0
num_leaves=19
num_cat=0
split_feature=18 18 14 18 7 14 6 18 14 3 14 18 13 1 14 0 0 0
split_gain=542.81 13.5006 11.4009 9.47567 6.6881 3.37716 3.26667 0.640221 1.17551 0.408333 0.372294 0.818965 0.250216 0.0435889 0.0415036 0.025 1.13687e-13 1.42109e-14
threshold=66.703049552382708 68.886760837600093 59.198403367782696 65.541880923019093 -0.25881904510252113 50.945046058236464 20.500000000000004 63.553354942377659 68.380131534477854 39.350000000000001 56.264724248707168 71.454311638622698 0.97727673673113757 525.85000000000014 73.85281763651237 733.00000000000011 806.50000000000011 778.50000000000011
decision_type=2 2 2 2 2 2 2 2 2 2 2 2 2 2 2 2 2 2
left_child=3 2 -2 7 -5 -3 9 14 -9 15 11 -7 -6 -12 17 -4 -15 -1
right_child=1 5 6 4 12 10 -8 8 -10 -11 13 -13 -14 16 -16 -17 -18 -19
leaf_value=65.119811288375601 65.956556853048099 66.246036493145169 66.193839946288421 66.073255267614016 65.905165595995499 66.105419269945784 66.051260291284692 65.868924940566288 65.996329179349317 66.099351031736575 66.154964483772488 66.264169869505309 66.018103553653873 66.690402019757997 65.870478933693946 66.135031928177838 66.85902520627883 65.833630636886255
leaf_weight=6085 32 22 20 28 22 20 20 63 35 20 22 38 20 312 24 20 202 22
leaf_count=6085 32 22 20 28 22 20 20 63 35 20 22 38 20 312 24 20 202 22
internal_value=65.9663 66.0071 65.9912 65.9615 65.9798 66.01 66.0013 65.9613 65.9653 66.0071 66.0108 66.0069 65.9672 66.0112 65.9613 66.01 66.0113 65.9613
internal_weight=7027 728 112 6299 70 616 80 6229 98 60 594 58 42 536 6131 40 514 6107
internal_count=7027 728 112 6299 70 616 80 6229 98 60 594 58 42 536 6131 40 514 6107
is_linear=0
shrinkage=1


Tree=1
num_leaves=18
num_cat=0
split_feature=18 18 14 18 7 14 6 3 18 14 18 14 6 3 14 0 0
split_gain=535.228 13.6753 11.0009 7.40758 5.71667 5.02171 3.0375 0.675 0.640221 1.17551 0.55205 1.19215 0.34632 0.138528 0.0415036 0.025 1.42109e-14
threshold=66.703049552382708 68.886760837600093 59.198403367782696 65.541880923019093 -0.25881904510252113 50.945046058236464 20.500000000000004 39.350000000000001 63.553354942377659 68.380131534477854 71.243211811742199 58.159801668203194 17.500000000000004 34.750000000000007 73.85281763651237 733.00000000000011 778.50000000000011
decision_type=2 2 2 2 2 2 2 2 2 2 2 2 2 2 2 2 2
left_child=3 2 -2 8 -5 -3 7 15 14 -10 11 -7 -6 -13 16 -4 -1
right_child=1 5 6 4 12 10 -8 -9 9 -11 -12 13 -14 -15 -16 -17 -18
leaf_value=-0.80412170463204335 -0.0092134181931761826 0.26579223989904932 0.21620552038513807 0.10165007564444509 0.043671104645017403 0.12270583111348757 0.080754848131586954 0.12644105156087307 -0.092463735050896653 0.028570291792989623 0.77554912520680552 0.25854134065284812 -0.019380294362440511 0.21348390001905773 -0.090987441579616052 0.16033790318008201 -0.1259933235469248
leaf_weight=6085 32 22 20 28 22 20 20 20 63 35 497 21 20 56 24 20 22
leaf_count=6085 32 22 20 28 22 20 20 20 63 35 497 21 20 56 24 20 22
internal_value=-5.47899e-05 0.0405357 0.0244643 -0.00474599 0.0114286 0.0434578 0.034375 0.04 -0.00492776 -0.000918369 0.0443266 0.0408763 -0.000238096 0.0437013 -0.00499185 0.04375 -0.005
internal_weight=7027 728 112 6299 70 616 80 60 6229 98 594 97 42 77 6131 40 6107
internal_count=7027 728 112 6299 70 616 80 60 6229 98 594 97 42 77 6131 40 6107
is_linear=0
shrinkage=0.05


Tree=2
num_leaves=19
num_cat=0
split_feature=18 18 14 18 7 6 18 14 3 14 18 15 14 18 13 9 2 0
split_gain=518.376 14.3448 12.567 8.04594 5.25952 3.74309 1.97848 1.37031 0.954746 0.936882 1.30032 1.13778 0.354696 0.862185 0.250216 0.161905 0.130743 7.10543e-15
threshold=66.703049552382708 70.433985130047475 59.198403367782696 65.541880923019093 -0.25881904510252113 32.500000000000007 68.886760837600093 52.455645900048559 40.850000000000001 68.180615616146184 63.083970723714408 64.717575982976157 58.89713035714562 72.279928134327477 0.97727673673113757 0.93535928755917841 267.50000000000006 798.50000000000011
decision_type=2 2 2 2 2 2 2 2 2 2 2 2 2 2 2 2 2 2
left_child=3 2 6 9 -5 8 -2 -3 16 17 15 -12 13 -9 -6 -11 -4 -1
right_child=1 7 5 4 14 -7 -8 12 -10 10 11 -13 -14 -15 -16 -17 -18 -19
leaf_value=-0.79504146809039478 -0.0087527472835176919 0.38782809120149758 0.2193473326724619 0.096567571862222937 -0.057066097675016185 0.070769087100603048 0.10504202359796865 0.12654153663091375 0.11958926113279938 -0.08937268979873686 0.034264423980389584 -0.0092830752043681752 0.74820446633181703 0.33031231050258869 0.047072392150061405 -0.070223525241946028 0.14322026278079455 -0.08793360783623215
leaf_weight=6057 32 23 43 28 22 25 23 28 22 85 20 25 438 57 20 20 37 22
leaf_count=6057 32 23 43 28 22 25 23 28 22 85 20 25 438 57 20 20 37 22
internal_value=-9.74823e-05 0.0398489 0.0276923 -0.00471424 0.0121429 0.0363386 0.00772727 0.0439011 0.0405882 -0.00490368 -0.001 0.00611111 0.0444264 0.0414706 0.00095238 -0.00404762 0.043125 -0.005
internal_weight=7027 728 182 6299 70 127 55 546 102 6229 150 45 523 85 42 105 80 6079
internal_count=7027 728 182 6299 70 127 55 546 102 6229 150 45 523 85 42 105 80 6079
is_linear=0
shrinkage=0.05


Tree=3
num_leaves=21
num_cat=0
split_feature=18 18 14 18 7 6 14 18 18 12 3 18 14 6 9 5 18 14 3 0
split_gain=505.8 13.311 13.1611 8.90854 6.19573 3.67568 2.43612 1.71653 0.930259 1.16258 0.777913 0.665472 0.63057 1.07912 0.154023 0.145205 0.105665 0.301948 0.0327586 7.10543e-15
threshold=67.043410044587873 70.433985130047475 59.198403367782696 65.305404507008191 -0.25881904510252113 32.500000000000007 52.455645900048559 68.886760837600093 62.855630508983396 231.33844458861668 40.750000000000007 66.558203935670903 58.89713035714562 15.500000000000002 -0.40147311773604372 40.500000000000007 61.602137314521649 67.68844875805614 33.850000000000001 724.50000000000011
decision_type=2 2 2 2 2 2 2 2 2 2 2 2 2 2 2 2 2 2 2 2
left_child=3 2 7 8 -5 10 -3 -2 16 14 15 -6 13 18 -10 -4 19 -18 -8 -1
right_child=1 6 5 4 11 -7 12 -9 9 -11 -12 -13 -14 -15 -16 -17 17 -19 -20 -21
leaf_value=-0.95396514618582029 -0.0094515844125922406 0.36843668664142265 0.20684723775386082 0.089004249533016389 -0.045335724946376887 0.068271080463464792 0.39034133572401974 0.099789922418069929 -0.0060626995055150547 0.028226978407890114 0.13823085138928745 0.044718772542558585 0.71079424301522642 0.11318909017192257 -0.078990751876306317 0.1246886823623177 -0.078226873453505527 0.0029410738146918953 0.20422494204438749 -0.10080764550248673
leaf_weight=5948 29 23 53 39 39 23 38 23 20 39 20 20 438 27 67 20 62 22 20 57
leaf_count=5948 29 23 53 39 39 23 38 23 20 39 20 20 438 27 67 20 62 22 20 57
internal_value=-0.000140175 0.0397479 0.0274405 -0.00465151 0.0103061 0.0368103 0.0435348 0.00653846 -0.00488737 -0.000634922 0.0412366 8.47446e-05 0.0442352 0.0402941 -0.00385058 0.0436301 -0.00497537 -0.00321429 0.0441379 -0.005
internal_weight=7027 714 168 6313 98 116 546 52 6215 126 93 59 523 85 87 73 6089 84 58 6005
internal_count=7027 714 168 6313 98 116 546 52 6215 126 93 59 523 85 87 73 6089 84 58 6005
is_linear=0
shrinkage=0.05


Tree=4
num_leaves=23
num_cat=0
split_feature=18 14 18 18 6 7 18 14 12 18 7 15 6 18 16 6 9 18 14 1 9 0
split_gain=487.189 16.4949 8.43527 8.08576 6.37073 4.40343 3.65714 1.58103 1.17706 0.993928 1.2238 1.22397 0.936643 0.464167 0.772891 0.418248 0.179944 0.105665 0.301948 0.0474874 0.0383721 7.10543e-15
threshold=67.043410044587873 53.041983816106644 65.541880923019093 69.189314489942134 32.500000000000007 -0.25881904510252113 71.243211811742199 67.68844875805614 140.10259244728383 62.855630508983396 -0.25881904510252113 63.794903846739224 11.500000000000002 72.46854156041698 20.357998365372307 7.5000000000000009 -0.94697898371965705 61.602137314521649 67.68844875805614 586.75000000000011 -0.25534383660447119 724.50000000000011
decision_type=2 2 2 2 2 2 2 2 2 2 2 2 2 2 2 2 2 2 2 2 2 2
left_child=2 6 9 4 7 -4 -2 -3 12 17 11 -11 -5 14 -10 -7 -16 21 -19 -15 -12 -1
right_child=1 3 5 8 -6 15 -8 -9 13 10 20 -13 -14 19 16 -17 -18 18 -20 -21 -22 -23
leaf_value=-0.90626688887652918 0.03776802124482323 0.089218490905207851 0.085103124711692152 0.32252122952280293 0.018431246244557005 0.014640284143931544 0.38562817109740943 0.19068860129977383 0.1436225805641034 0.031133568914698179 -0.048931555340709976 -0.0060309719850393205 0.11185964266699805 0.23784505964950356 0.21137983424659509 -0.018437789202739325 0.17901509068639199 -0.074315529780830406 0.0027940201239570733 0.68990388480665887 -0.064113315163417187 -0.095767263227362495
leaf_weight=5948 36 36 33 21 26 20 20 33 27 20 20 34 20 20 33 31 64 62 22 378 66 57
leaf_count=5948 36 36 33 21 26 20 20 33 27 20 20 34 20 20 33 31 64 62 22 378 66 57
internal_value=-0.000239791 0.0389076 -0.00466735 0.0411246 0.0276316 0.0110714 0.0128571 0.0355797 0.0434014 -0.0048796 -0.000714287 0.00518518 0.0352439 0.0440421 0.041371 0.00186274 0.0434536 -0.00497537 -0.00321429 0.0448744 -0.00441861 -0.005
internal_weight=7027 714 6313 658 95 84 56 69 563 6229 140 54 41 522 124 51 97 6089 84 398 86 6005
internal_count=7027 714 6313 658 95 84 56 69 563 6229 140 54 41 522 124 51 97 6089 84 398 86 6005
is_linear=0
shrinkage=0.05


Tree=5
num_leaves=25
num_cat=0
split_feature=18 14 18 18 6 7 18 14 18 6 14 18 14 15 6 7 3 6 6 18 9 6 3 0
split_gain=469.594 16.6505 8.44043 8.40982 6.90738 4.40343 3.00357 1.90984 1.85086 2.80106 1.33836 1.08364 1.02935 1.01357 0.418248 0.373192 0.329221 0.249837 0.237193 0.0985166 0.328571 0.0426612 0.0394737 7.10543e-15
threshold=67.043410044587873 53.041983816106644 69.189314489942134 65.541880923019093 32.500000000000007 -0.25881904510252113 71.243211811742199 66.791579478483754 74.035198604391965 40.500000000000007 67.68844875805614 59.991993913261091 67.019290782075657 62.673831713592016 7.5000000000000009 0.25881904510252091 34.45000000000001 12.500000000000002 15.500000000000002 62.855630508983396 -0.28847174723635299 98.500000000000014 41.350000000000001 755.50000000000011
decision_type=2 2 2 2 2 2 2 2 2 2 2 2 2 2 2 2 2 2 2 2 2 2 2 2
left_child=3 6 4 10 7 -5 -2 -3 9 15 19 -12 -11 -13 -7 18 -17 -15 22 23 -21 -10 -4 -1
right_child=1 2 8 5 -6 14 -8 -9 21 12 11 13 -14 17 -16 16 -18 -19 -20 20 -22 -23 -24 -25
leaf_value=-0.87047478002074752 0.035879620182581749 0.082271723074754236 0.21226810089218162 0.080847968476107479 0.017509683932328986 0.013908269936734703 0.36634676254253895 0.17643767841106739 0.66562191638124035 0.049325189698831817 -0.11421928400618597 0.025758243906520123 0.10764144467127308 0.0024422422748284775 -0.017515899742602543 0.14893199883744676 0.10314392235420318 -0.017433973392855798 0.16610508317990158 0.014491887675334601 -0.063633174957406169 0.51139516819995878 0.18357874849471723 -0.035395581893798732
leaf_weight=5940 36 31 75 33 26 20 20 38 336 22 71 38 21 29 31 20 22 24 25 21 69 22 20 37
leaf_count=5940 36 31 75 33 26 20 20 38 336 22 71 38 21 29 31 20 22 24 25 21 69 22 20 37
internal_value=-0.000296714 0.0381373 0.0403647 -0.00464359 0.0265789 0.0110714 0.0119643 0.0348551 0.0426909 0.0389024 -0.00485552 -0.000370372 0.0275581 0.00324176 0.00186274 0.0419136 0.0378571 -0.00122642 0.0433333 -0.00497528 -0.00333333 0.0448603 0.0444737 -0.005
internal_weight=7027 714 658 6313 95 84 56 69 563 205 6229 162 43 91 51 162 42 53 120 6067 90 358 95 5977
internal_count=7027 714 658 6313 95 84 56 69 563 205 6229 162 43 91 51 162 42 53 120 6067 90 358 95 5977
is_linear=0
shrinkage=0.05


Tree=6
num_leaves=29
num_cat=0
split_feature=18 18 14 18 6 7 18 0 18 6 1 18 14 2 18 15 0 6 6 18 14 16 18 6 4 0 3 0
split_gain=455.689 17.9272 13.3519 8.40135 5.84572 4.40343 3.15486 1.89394 1.63906 1.99805 1.63889 1.56336 1.33357 1.225 1.08364 1.01357 0.505853 0.418248 0.249837 0.155779 0.393308 0.131034 0.121905 0.0406211 0.0350746 5.68434e-14 5.68434e-14 7.10543e-15
threshold=67.043410044587873 71.674674646132459 59.198403367782696 65.541880923019093 69.500000000000014 -0.25881904510252113 69.793192306935694 635.50000000000011 73.789127550309658 15.500000000000002 563.45000000000016 68.412689000051472 67.68844875805614 247.50000000000003 59.991993913261091 62.673831713592016 822.50000000000011 7.5000000000000009 12.500000000000002 62.603555436416563 59.594188945555075 20.659977793529368 74.464290164946064 98.500000000000014 7.8500000000000005 898.50000000000011 32.150000000000013 763.50000000000011
decision_type=2 2 2 2 2 2 2 2 2 2 2 2 2 2 2 2 2 2 2 2 2 2 2 2 2 2 2 2
left_child=3 2 6 12 10 -5 -2 -8 9 21 11 -4 19 -11 -14 -16 -13 -7 -17 27 -21 -3 -10 25 -12 26 -24 -1
right_child=1 8 4 5 -6 17 7 -9 22 13 24 16 14 -15 15 18 -18 -19 -20 20 -22 -23 23 -25 -26 -27 -28 -29
leaf_value=-0.82695104101971006 -0.0047743252434765994 0.17755631826499374 0.059973132465393354 0.076805570052302138 0.051186457056574763 0.013212856439897953 0.044718944633372837 0.092609905771427026 0.22707783634487894 0.064136897286010103 0.13252661624047887 0.082696806941817191 -0.10850831980587686 0.1209287925075004 0.024470331711193966 0.0023201301610872535 0.13500026769900861 -0.016640104755472281 -0.016562274723213057 -0.07001903952229506 0.004064798912161079 0.18958003933039363 0.67575814212012308 0.48105005617340102 0.19452017068659108 0.65302850360392961 0.52624795998816087 -0.033017550450111621
leaf_weight=5940 37 20 22 33 22 20 20 24 28 20 20 20 71 20 38 29 26 31 24 72 29 38 202 23 47 23 102 26
leaf_count=5940 37 20 22 33 22 20 20 24 28 20 20 20 71 20 38 29 26 31 24 72 29 38 202 23 47 23 102 26
internal_value=-0.000353637 0.037507 0.0263025 -0.00463567 0.0348089 0.0110714 0.00981481 0.0188636 0.0431092 0.0373469 0.0387037 0.0332353 -0.00484749 0.02875 -0.000370372 0.00324176 0.0384783 0.00186274 -0.00122642 -0.00496704 -0.0030198 0.0432759 0.0446032 0.0448571 0.0442537 0.045 0.045 -0.005
internal_weight=7027 714 238 6313 157 84 81 44 476 98 135 68 6229 40 162 91 46 51 53 6067 101 58 378 350 67 327 304 5966
internal_count=7027 714 238 6313 157 84 81 44 476 98 135 68 6229 40 162 91 46 51 53 6067 101 58 378 350 67 327 304 5966
is_linear=0
shrinkage=0.05


Tree=7
num_leaves=29
num_cat=0
split_feature=18 18 14 14 18 6 17 14 6 14 5 0 7 2 0 18 5 4 10 16 1 6 5 15 9 5 1 2
split_gain=439.539 18.7917 11.9296 6.7607 4.97183 5.87147 2.491 2.46838 2.25737 1.61212 1.6 1.3283 1.12465 1.12429 1.03013 1.38528 0.59996 0.492308 0.358277 0.342062 0.260462 0.246341 0.470996 0.0498324 0.0429577 0.037013 0.0256098 5.68434e-14
threshold=68.412689000051472 65.541880923019093 52.455645900048559 72.490059283268621 74.035198604391965 39.500000000000007 28.052740892978488 58.89713035714562 17.500000000000004 64.548633676675948 52.500000000000007 689.50000000000011 1.0000000180025095e-35 261.50000000000006 763.50000000000011 71.674674646132459 25.500000000000004 10.850000000000003 0.93834263341299773 21.313206764098577 563.45000000000016 47.500000000000007 28.500000000000004 72.012730532392112 -0.9852109833579612 36.500000000000007 513.35000000000002 189.50000000000003
decision_type=2 2 2 2 2 2 2 2 2 2 2 2 2 2 2 2 2 2 2 2 2 2 2 2 2 2 2 2
left_child=1 9 10 7 5 12 -7 17 -9 23 -2 18 20 -13 15 -14 26 -3 24 -16 -4 27 -23 -1 -11 -22 -15 -6
right_child=2 3 4 -5 21 6 -8 8 -10 11 -12 13 14 16 19 -17 -18 -19 -20 -21 25 22 -24 -25 -26 -27 -28 -29
leaf_value=-0.74913480074183747 0.32096947889171523 0.0097545062338722493 0.13161656746308126 0.12586790485222135 0.55658726479630616 0.063460897915287015 0.081080892965009227 0.064298029861192804 0.018076633064270608 -0.024689487197015452 0.015789559716994441 0.033688709823355228 0.088549362169302565 -0.059060961433526626 0.14029592790008968 0.11618858594553623 0.0082592548666438718 -0.035169969989292837 0.0046473728507489655 0.15021832157066509 0.1914933085181566 0.47507604661545727 0.16194538461287916 -0.083907779337285437 -0.10323326685457285 0.20597058019991518 -0.018253217427334791 0.64197023501411721
leaf_weight=5948 20 20 22 37 102 25 28 38 27 20 20 30 20 21 31 22 28 32 20 20 57 34 21 20 122 20 20 202
leaf_count=5948 20 20 22 37 102 25 28 38 27 20 20 30 20 21 31 22 28 32 20 20 57 34 21 20 122 20 20 202
internal_value=-0.000424791 -0.00439684 0.0389441 0.0128571 0.0406954 0.0352041 0.0204717 0.00696581 0.0134615 -0.00482341 0.0125 -0.000977013 0.0392708 0.00358586 0.0353226 0.0295238 7.24626e-05 -0.00115385 -0.00376543 0.040098 0.0429798 0.0444429 0.0413636 -0.00499162 -0.00464789 0.0443506 -0.00378049 0.045
internal_weight=7027 6383 644 154 604 245 53 117 65 6229 40 261 192 99 93 42 69 52 162 51 99 359 55 5968 142 77 41 304
internal_count=7027 6383 644 154 604 245 53 117 65 6229 40 261 192 99 93 42 69 52 162 51 99 359 55 5968 142 77 41 304
is_linear=0
shrinkage=0.05


Tree=8
num_leaves=31
num_cat=0
split_feature=18 18 14 14 18 6 6 18 17 14 10 5 14 18 14 15 17 4 4 4 5 18 5 16 1 0 0 12 0 1
split_gain=422.841 17.2891 12.3608 6.40646 6.28662 5.49111 2.96569 2.53244 2.09814 1.91754 1.44048 1.225 0.969799 0.960514 0.875489 1.04507 0.642266 0.777184 0.527539 0.492308 0.366296 0.344166 0.555556 0.298521 0.163996 0.160055 0.109091 0.0982456 0.0754112 0.373077
threshold=68.412689000051472 65.541880923019093 52.455645900048559 66.538407314160352 74.035198604391965 39.500000000000007 17.500000000000004 61.183944283606728 28.052740892978488 68.380131534477854 0.20088311396693925 52.500000000000007 58.89713035714562 70.00485611302409 64.548633676675948 62.169725855505227 27.142913979334427 9.9500000000000011 8.3500000000000032 10.850000000000003 50.500000000000007 76.140408329375774 32.500000000000007 19.092542169704419 622.75000000000011 775.50000000000011 763.50000000000011 112.65631636397849 680.50000000000011 495.10000000000008
decision_type=2 2 2 2 2 2 2 2 2 2 2 2 2 2 2 2 2 2 2 2 2 2 2 2 2 2 2 2 2 2
left_child=1 7 11 12 5 9 10 24 -7 13 -5 -2 19 -4 20 -16 -15 -18 -17 -3 23 22 -6 -9 28 -11 -20 -25 -1 -30
right_child=2 3 4 6 21 8 -8 14 -10 25 -12 -13 -14 16 15 18 17 -19 26 -21 -22 -23 -24 27 -26 -27 -28 -29 29 -31
leaf_value=-0.92369301027760398 0.30492100494712965 0.0092667809221784834 0.10669635747791742 0.078614184431727616 0.23155453498754555 0.060287853019522435 0.049138775827568662 0.0053492430794702455 0.077026848316758975 0.18213992180243782 0.14353577208202326 0.01500008173114481 0.047518071417389153 0.14925186607656321 0.026419144273032588 0.031089178534695297 0.071483868749444582 0.11857476803781729 -0.041293821025840421 -0.033411471489827961 0.0010707853259658089 0.59605304986337249 0.20790557145978969 -0.01571331629226573 -0.014809579244555554 0.18125745210819103 -0.0083299756202963367 -0.01916710293564787 -0.044877703620958304 0.015130425340344254
leaf_weight=5836 20 20 35 27 45 25 20 20 28 52 21 20 34 25 30 21 21 25 24 32 23 278 36 30 24 34 20 84 97 20
leaf_count=5836 20 20 35 27 45 25 20 20 28 52 21 20 34 25 30 21 21 25 24 32 23 278 36 30 24 34 20 84 97 20
internal_value=-0.000446138 -0.004342 0.0381677 0.0122078 0.0399503 0.0337755 0.0236765 -0.00475117 0.0195283 0.0377083 0.0304167 0.01125 0.00313953 0.0332075 0.000158729 0.00394737 0.0365493 0.0330435 0.000384614 -0.00115385 -0.00213376 0.0441643 0.0412963 -0.00313433 -0.00495817 0.0432558 -0.00272727 -0.00412281 -0.0049748 -0.00371795
internal_weight=7027 6383 644 154 604 245 68 6229 53 192 48 40 86 106 252 95 71 46 65 52 157 359 81 134 5977 86 44 114 5953 117
internal_count=7027 6383 644 154 604 245 68 6229 53 192 48 40 86 106 252 95 71 46 65 52 157 359 81 134 5977 86 44 114 5953 117
is_linear=0
shrinkage=0.05


Tree=9
num_leaves=31
num_cat=0
split_feature=18 18 0 14 18 6 6 18 0 4 14 9 1 5 0 3 5 4 18 18 6 14 15 1 13 3 0 3 14 0
split_gain=397.284 22.1581 12.1209 9.61177 6.77909 3.82292 3.65298 2.74081 2.20417 2.01974 1.86392 1.27603 1.01737 0.982663 0.973936 0.857566 0.720634 0.683812 0.625 0.500687 0.943127 0.282687 0.48074 0.268742 0.248447 0.173327 0.4522 0.171604 0.129825 0.0659863
threshold=69.189314489942134 65.541880923019093 542.50000000000011 66.538407314160352 74.035198604391965 25.500000000000004 22.500000000000004 59.548657184400589 703.50000000000011 27.750000000000004 68.03082633860059 -0.79091635943066485 658.45000000000016 37.500000000000007 806.50000000000011 33.350000000000001 51.500000000000007 8.1500000000000004 67.298710411985823 76.921334309565239 47.500000000000007 67.68844875805614 64.717575982976157 557.6500000000002 0.91989825116152757 38.350000000000001 758.50000000000011 32.650000000000013 57.749306848010526 695.50000000000011
decision_type=2 2 2 2 2 2 2 2 2 2 2 2 2 2 2 2 2 2 2 2 2 2 2 2 2 2 2 2 2 2
left_child=1 7 -2 14 5 11 8 29 -5 12 15 13 16 -4 17 -7 21 -3 -10 20 27 25 -23 -13 -25 -9 -27 -6 -19 -1
right_child=2 3 4 6 19 10 -8 9 18 -11 -12 23 -14 -15 -16 -17 -18 28 -20 -21 -22 22 -24 24 -26 26 -28 -29 -30 -31
leaf_value=-0.8931721744262493 0.0033451718763280237 0.015968549951339339 0.16657825792528069 0.14822739604832746 0.25281389729106646 0.029190896864301749 0.045811909943153463 -0.030086267004851265 0.05306939273594509 0.014605386809587079 0.089258894069387862 0.12141795010862527 0.010026718955793395 0.10787829598344396 0.045755684328696977 0.068251032837570266 0.0086214519012928533 -0.037965451898197312 0.12212606976529844 0.58006906199270958 0.12965602117517114 0.021926116407126512 -0.028244180792788606 0.1732046610109535 0.17174139515586118 0.015158662820078883 -0.023144687227080449 0.23211696838362128 0.0031022134144138569 -0.043181933557246359
leaf_weight=5819 20 20 38 24 33 21 21 127 20 20 20 23 21 30 34 23 37 37 20 252 23 33 26 23 40 22 64 56 20 60
leaf_count=5819 20 20 38 24 33 21 21 127 20 20 20 23 21 30 34 23 37 37 20 252 23 33 26 23 40 22 64 56 20 60
internal_value=-0.0005671 -0.00420623 0.0382724 0.0123469 0.0395876 0.0326147 0.025 -0.00472708 0.0309375 -0.000428573 0.0223437 0.0368831 -0.00136364 0.0317647 0.00265766 0.0165909 -0.00208738 -0.000454547 0.02375 0.0437637 0.0409821 -0.00297794 8.47446e-05 0.0409302 0.042619 -0.00382629 -0.00209302 0.0433146 -0.00324562 -0.00498299
internal_weight=7027 6425 602 196 582 218 85 6229 64 350 64 154 330 68 111 44 309 77 40 364 112 272 59 86 63 213 86 89 57 5879
internal_count=7027 6425 602 196 582 218 85 6229 64 350 64 154 330 68 111 44 309 77 40 364 112 272 59 86 63 213 86 89 57 5879
is_linear=0
shrinkage=0.05


Tree=10
num_leaves=31
num_cat=0
split_feature=18 18 18 14 14 14 6 18 18 6 4 0 2 9 6 16 6 5 7 14 17 17 16 9 5 15 2 3 1 16
split_gain=376.021 16.7452 14.652 7.39698 7.29335 3.19778 2.80895 2.62906 2.6021 3.52083 2.104 2.02633 1.88347 1.05658 0.985737 0.976795 0.959679 1.59489 0.871641 0.752544 0.623228 0.486997 0.447963 0.975238 0.408333 0.274286 0.287536 0.277009 0.245455 0.245455
threshold=68.412689000051472 72.279928134327477 65.541880923019093 61.864762210261127 69.652997572783448 70.937652777047859 1.5000000000000002 58.27033266585677 75.742052675375348 25.500000000000004 28.550000000000004 542.50000000000011 200.50000000000003 -0.81150899888343009 22.500000000000004 20.961211414856738 7.5000000000000009 28.500000000000004 -0.5 73.85281763651237 28.76383888378955 31.612034358888234 20.874797953484293 -0.56668076515725019 24.500000000000004 59.122303243579587 320.50000000000006 38.95000000000001 586.75000000000011 20.131208268767264
decision_type=2 2 2 2 2 2 2 2 2 2 2 2 2 2 2 2 2 2 2 2 2 2 2 2 2 2 2 2 2 2
left_child=2 3 7 11 16 8 28 -1 9 20 18 -2 -6 -8 -13 -15 17 -4 19 -9 -3 -10 23 -20 -18 -25 27 -27 -5 -29
right_child=1 5 4 6 12 -7 13 10 21 -11 -12 14 -14 15 -16 -17 24 -19 22 -21 -22 -23 -24 25 -26 26 -28 29 -30 -31
leaf_value=-0.8428506563564071 -0.0028567013134335145 0.15864830540876312 -0.0039710563821901343 0.11867700900145946 0.12894761367550603 0.55032929585131285 0.080749799853335191 0.035703221119382109 0.29991329483450219 0.073113947975624108 0.01387511746910784 0.067396271272900515 0.078932357624405577 0.063294023803335014 0.050030688553960159 0.076065820370974452 0.046277306984774433 0.044157504198826178 0.02018829230645432 -0.0025335064318932092 0.11262311898278686 0.4042102350927132 -0.038441750770563388 -0.036112471333851461 -0.0092622284574816038 0.0048564499516101697 -0.018848170932016062 -0.018616923403278592 0.16682819573723512 0.0069540451966275734
leaf_weight=5823 23 33 22 20 21 253 29 26 79 32 20 35 30 20 22 23 20 21 35 28 31 20 122 75 40 25 31 24 24 20
leaf_count=5823 23 33 22 20 21 253 29 26 79 32 20 35 30 20 22 23 20 21 35 28 31 20 122 75 40 25 31 24 24 20
internal_value=-0.000652484 0.0357609 -0.00432634 0.0235714 0.0109091 0.0410937 0.0316379 -0.004703 0.0362821 0.0304167 -0.000812809 0.011875 0.0263725 0.0255556 0.0169298 0.0205814 0.00325243 0.00895349 -0.00163213 0.00425926 0.0371875 0.0419697 -0.00259036 -0.00119048 -0.000833335 -0.00271429 -0.001 0.0007971 0.0415909 -0.00159091
internal_weight=7027 644 6383 196 154 448 116 6229 195 96 406 80 51 72 57 43 103 43 386 54 64 99 332 210 60 175 100 69 44 44
internal_count=7027 644 6383 196 154 448 116 6229 195 96 406 80 51 72 57 43 103 43 386 54 64 99 332 210 60 175 100 69 44 44
is_linear=0
shrinkage=0.05


Tree=11
num_leaves=31
num_cat=0
split_feature=18 18 18 14 14 6 18 7 7 14 13 5 11 0 6 15 12 4 6 5 9 4 17 13 2 5 10 17 3 4
split_gain=357.598 18.3806 13.4646 9.44082 5.66058 4.97882 4.25686 2.78075 2.29488 2.07711 1.79686 1.66121 1.5556 1.62335 1.48396 1.33368 1.21834 1.07825 1.02339 0.982732 0.949163 0.773986 0.74681 0.462711 0.939238 0.279422 0.23928 0.231788 0.316256 0.199361
threshold=68.412689000051472 74.811412097399256 65.82833955246268 52.455645900048559 72.490059283268621 25.500000000000004 56.793568258124687 -0.5 -0.25881904510252113 71.285307961374045 0.92546089663951914 25.500000000000004 57.699301007771361 793.50000000000011 69.500000000000014 67.658304142188697 153.11171548419034 26.850000000000005 3.5000000000000004 15.500000000000002 0.35769492645306972 13.15 27.081640839311255 0.81483665269042638 275.50000000000006 51.500000000000007 0.85651926849515192 23.816073240064274 38.650000000000013 6.3500000000000005
decision_type=2 2 2 2 2 2 2 2 2 2 2 2 2 2 2 2 2 2 2 2 2 2 2 2 2 2 2 2 2 2
left_child=2 3 6 -2 14 8 -1 9 26 -8 21 19 -7 -14 15 20 -13 23 -11 -10 -4 -3 -18 -9 -25 27 -5 28 -26 -12
right_child=1 10 4 5 -6 12 7 17 11 18 29 16 13 -15 -16 -17 22 -19 -20 -21 -22 -23 -24 24 25 -27 -28 -29 -30 -31
leaf_value=-0.85117735309793552 0.052353769999202382 0.19306986621799727 0.034319602166419175 0.17685288168106822 0.11051959699485191 0.06683879374863809 0.035773959671934599 -0.044029144831939412 0.12669489935105821 0.022127273170929596 0.35812305489023744 0.07511570491692926 0.019563808432821211 0.076166280633659128 -0.041678437160300952 0.074247820999850847 0.10118298177542107 0.023435711574573404 -0.01612137077098549 0.12296237970598188 -0.019362299691385507 0.2000080930995734 0.097136905692466025 0.019178877691131455 -0.066481782192210431 0.0026585260884343671 0.16806620786759008 -0.017694907476525017 0.0028214197915134021 0.53236524944141461
leaf_weight=5767 36 22 33 31 34 26 20 115 25 36 63 36 21 25 26 23 21 21 21 34 24 21 31 35 20 27 22 150 31 230
leaf_count=5767 36 22 33 31 34 26 20 115 25 36 63 36 21 25 26 23 21 21 21 34 24 21 31 35 20 27 22 150 31 230
internal_value=-0.000680946 0.0348292 -0.00426367 0.0260065 0.0110714 0.0291912 -0.00460756 -6.30264e-05 0.03325 0.00863636 0.0429167 0.030034 0.0179167 0.0123913 0.00537736 0.00875 0.0256818 -0.00174186 0.00377193 0.0365254 0.00464912 0.0333721 0.0305769 -0.0023545 -0.00119772 -0.00236842 0.0421698 -0.00300995 -9.80404e-05 0.0443174
internal_weight=7027 644 6383 308 140 272 6243 476 200 77 336 147 72 46 106 80 88 399 57 59 57 43 52 378 263 228 53 201 51 293
internal_count=7027 644 6383 308 140 272 6243 476 200 77 336 147 72 46 106 80 88 399 57 59 57 43 52 378 263 228 53 201 51 293
is_linear=0
shrinkage=0.05


Tree=12
num_leaves=31
num_cat=0
split_feature=18 14 14 0 1 18 18 0 6 9 4 3 16 18 15 16 18 12 15 4 10 10 14 18 14 10 5 16 4 6
split_gain=330.569 20.4433 12.0155 10.5547 5.99695 5.86067 3.52485 2.87333 2.7489 2.31155 1.8707 1.74785 1.72948 1.6251 1.56987 1.90645 1.27848 1.20708 1.08288 0.823703 0.822867 0.731484 0.623843 0.59397 0.528339 0.50894 0.445868 0.393388 0.240698 0.237142
threshold=68.412689000051472 65.389475291914053 65.675240928024024 624.50000000000011 649.45000000000016 65.82833955246268 72.279928134327477 643.50000000000011 12.500000000000002 -0.55241485047541339 11.750000000000002 32.650000000000013 22.095374903039648 55.525204786753385 62.673831713592016 21.503357666677086 69.189314489942134 166.51046839015399 71.230286381522305 3.4500000000000006 0.1500498401600889 -0.37370587188196386 70.937652777047859 66.558203935670903 70.750450190060107 -0.45973273945210419 48.500000000000007 18.164872097093063 8.1500000000000004 11.500000000000002
decision_type=2 2 2 2 2 2 2 2 2 2 2 2 2 2 2 2 2 2 2 2 2 2 2 2 2 2 2 2 2 2
left_child=2 3 7 28 8 13 16 -1 22 17 -10 -7 -8 -4 15 24 -5 -9 -14 -6 -16 -18 -3 26 -15 -13 27 -11 -2 -21
right_child=1 4 5 6 19 11 12 9 10 23 -12 25 18 14 20 -17 21 -19 -20 29 -22 -23 -24 -25 -26 -27 -28 -29 -30 -31
leaf_value=-0.85276257433564673 0.042179410722568894 0.11448424528826046 -0.056292400141275983 0.031590242155028758 0.24830415063363975 0.11697425314198827 0.28030973612584753 0.0019046866822677645 0.031670544824864567 0.0049633788752777939 0.085626386085248918 0.042175566062120591 0.12027946768315666 0.022758965968653184 -0.011907386306170435 0.033754284334472841 0.054830687335961019 0.031448106823897828 0.18507154067820536 0.49898999585157794 0.016620066390077178 0.056099188945783675 0.25201359130103923 0.0302389895659151 -0.0015383661364488195 0.054928363170298825 0.00048303210898924449 -0.026743090856794889 -0.0096922400649441347 0.412773190428182
leaf_weight=5709 20 32 73 20 23 21 38 26 31 27 36 21 23 33 52 25 29 21 30 219 25 28 22 40 25 23 22 240 23 70
leaf_count=5709 20 32 73 20 23 21 38 26 31 27 36 21 23 33 52 25 29 21 30 219 25 28 22 40 25 23 22 240 23 70
internal_value=-0.000787677 0.033354 -0.00423234 0.0205924 0.0395727 0.00557047 0.02625 -0.00471241 0.030124 -0.000478725 0.0233582 0.0188462 0.0329121 0.00186695 0.0046875 0.00945783 0.0183766 0.00989362 0.0270755 0.0432372 -0.000454547 0.022193 0.0385185 -0.00196049 0.00448276 0.0131818 -0.00275087 -0.00331461 -0.00151163 0.0439619
internal_weight=7027 644 6383 211 433 298 168 6085 121 376 67 65 91 233 160 83 77 47 53 312 77 57 54 329 58 44 289 267 43 289
internal_count=7027 644 6383 211 433 298 168 6085 121 376 67 65 91 233 160 83 77 47 53 312 77 57 54 329 58 44 289 267 43 289
is_linear=0
shrinkage=0.05


Tree=13
num_leaves=31
num_cat=0
split_feature=18 14 18 0 1 1 6 4 18 10 12 18 2 14 3 6 5 6 6 3 15 9 5 13 4 18 18 9 15 0
split_gain=314.641 20.7451 13.4087 9.66888 6.48581 4.19598 3.45478 3.11721 3.05698 2.57228 2.55738 2.53839 2.55366 2.535 1.76087 1.69377 1.56697 1.78686 1.2 1.14291 0.9025 1.83894 0.9909 0.890572 0.799002 0.698059 1.22 1.255 0.562987 0.435189
threshold=68.412689000051472 65.389475291914053 55.284557033457524 624.50000000000011 681.10000000000014 678.90000000000009 12.500000000000002 11.850000000000003 72.279928134327477 -0.073092422389869308 203.19880857529418 66.558203935670903 274.50000000000006 68.180615616146184 34.850000000000001 25.500000000000004 35.500000000000007 4.5000000000000009 1.5000000000000002 38.350000000000001 63.794903846739224 1.0000000180025095e-35 29.500000000000004 0.90269735468798717 22.250000000000004 59.991993913261091 61.416689742835629 -0.18821973775956916 66.508234321976701 703.50000000000011
decision_type=2 2 2 2 2 2 2 2 2 2 2 2 2 2 2 2 2 2 2 2 2 2 2 2 2 2 2 2 2 2
left_child=2 3 -1 -2 6 10 19 14 16 -9 25 12 13 -12 -8 18 17 -5 23 -3 21 -15 -23 -10 -14 -4 27 -27 -13 -28
right_child=1 4 5 8 -6 -7 7 9 15 -11 11 28 24 20 -16 -17 -18 -19 -20 -21 -22 22 -24 -25 -26 26 29 -29 -30 -31
leaf_value=-0.82698147826852342 -0.0030936950372489028 0.22827380536533615 -0.04486535002226736 0.06015639345287685 0.4733790953356759 0.11156951198425774 0.064119958237943905 0.084454640374853202 0.12587067766947577 0.25437186529994155 0.059886718740005 0.050747159563872074 -0.013445993764750081 0.049610861952596369 0.13194499588921979 0.15268027973199549 0.045983971549156594 0.046046869531883902 0.284816791734675 0.11295036462958855 -0.00052630725487627682 0.029979549789717088 -0.03270066538179886 0.2138207321469886 0.020691517004120287 0.015028283573407575 -0.034533255806722458 -0.0023799345419154953 0.077084005134840206 -0.0010682802390742348
leaf_weight=5697 43 61 109 20 250 20 23 24 27 25 20 22 128 21 23 21 34 23 21 27 36 23 20 22 31 21 64 34 20 117
leaf_count=5697 43 61 109 20 250 20 23 24 27 25 20 22 128 21 23 21 34 23 21 27 36 23 20 22 31 21 64 34 20 117
internal_value=-0.000809024 0.0325 -0.00416967 0.0196445 0.0387644 0.0024344 0.031612 0.025 0.0250595 0.0337755 0.00175676 0.00496885 0.00324373 0.00875 0.0156522 0.0312637 0.0177273 0.0240698 0.035 0.03875 0.0055 0.0090625 0.00313953 0.0307143 -0.000911951 -0.00123189 0.000296609 0.00681818 0.0164286 -0.00168508
internal_weight=7027 644 6383 211 433 686 183 95 168 49 666 321 279 120 46 91 77 43 70 88 100 64 43 49 159 345 236 55 42 181
internal_count=7027 644 6383 211 433 686 183 95 168 49 666 321 279 120 46 91 77 43 70 88 100 64 43 49 159 345 236 55 42 181
is_linear=0
shrinkage=0.05


Tree=14
num_leaves=31
num_cat=0
split_feature=18 18 14 18 0 6 18 7 9 6 3 4 14 5 15 3 14 14 18 14 14 18 9 17 18 14 12 3 1 16
split_gain=279.188 29.7171 11.3318 9.01671 6.41642 5.60953 4.13407 3.57291 3.43934 2.97626 2.4662 2.12506 1.51153 1.44892 1.32869 1.64522 1.16932 1.12441 1.09092 2.81667 1.08707 0.831757 0.898342 1.55104 0.753667 0.724138 1.01158 0.684294 0.472807 0.44971
threshold=67.043410044587873 77.402859657611643 66.791579478483754 51.872505443285142 631.50000000000011 10.500000000000002 69.189314489942134 -0.5 -0.50865210223081403 11.500000000000002 38.050000000000004 14.450000000000001 70.937652777047859 25.500000000000004 68.344234092113325 34.650000000000013 59.594188945555075 67.529407829454598 55.70233618850957 71.285307961374045 67.68844875805614 59.991993913261091 -0.55241485047541339 26.8832245737355 79.027429761816066 78.335204095115998 205.96498486069854 34.45000000000001 641.50000000000011 21.565835419591156
decision_type=2 2 2 2 2 2 2 2 2 2 2 2 2 2 2 2 2 2 2 2 2 2 2 2 2 2 2 2 2 2
left_child=3 2 4 -1 -2 10 16 8 17 13 25 -11 21 -8 -7 -16 -6 -5 -10 -20 24 -9 23 -23 -3 26 -4 -15 -21 -17
right_child=1 20 5 7 6 14 9 12 18 11 -12 -13 -14 27 15 29 -18 -19 19 28 -22 22 -24 -25 -26 -27 -28 -29 -30 -31
leaf_value=-0.91683450519799026 -0.0029330035760285109 0.20252997542873233 0.084296551997473407 0.056744944941383574 -0.0054576628736084393 0.035197330185368796 0.10604982857617273 -0.045090245143795477 -0.026858047516048828 0.039796712450111293 0.09792181390483462 0.069380460966643617 0.043792187514763534 0.070388518058248736 0.07635225464581602 0.090624596490688381 0.04023248824426278 0.023057030244763438 0.038264360974639491 -0.029685314033157356 0.48297536899822102 0.021342063529057893 -0.0054979616767638828 -0.00037871119980314652 0.32409418806017004 0.17413719303050235 0.075004484185567502 0.076298533462855783 0.02097411306614947 0.067025371088798663
leaf_weight=5557 50 23 28 26 26 28 38 238 41 33 34 21 20 22 28 20 30 20 20 22 193 29 248 54 22 42 30 25 38 21
leaf_count=5557 50 23 28 26 26 28 38 238 41 33 34 21 20 22 28 20 30 20 20 22 193 29 248 54 22 42 30 25 38 21
internal_value=-0.000951332 0.0286835 0.0214706 -0.00430303 0.0139796 0.0294156 0.0180769 0.000820105 0.00727545 0.0226978 0.0360448 0.0135185 -0.00101019 0.0285294 0.0202577 0.0239855 0.00660714 0.018913 0.00285124 0.00625 0.0431092 -0.00148506 0.00013595 0.00463855 0.0361111 0.04 0.0363793 0.0226596 0.000833332 0.0303659
internal_weight=7027 714 476 6313 245 231 195 756 167 139 134 54 589 85 97 69 56 46 121 80 238 569 331 83 45 100 58 47 60 41
internal_count=7027 714 476 6313 245 231 195 756 167 139 134 54 589 85 97 69 56 46 121 80 238 569 331 83 45 100 58 47 60 41
is_linear=0
shrinkage=0.05


Tree=15
num_leaves=31
num_cat=0
split_feature=18 18 18 14 0 6 12 18 9 6 14 3 3 14 0 18 17 4 4 1 14 10 15 18 18 6 18 14 1 0
split_gain=268.255 25.9087 12.0584 9.75238 6.41528 5.39005 4.75959 4.56425 3.7697 3.11513 2.2889 1.911 1.90444 1.72895 1.92842 1.38478 1.21733 1.07589 0.942857 0.940618 1.77824 0.853558 0.727026 0.713497 0.883842 0.875758 0.643887 0.584726 0.725366 0.459796
threshold=68.412689000051472 77.853156985191362 51.570866019720206 66.791579478483754 631.50000000000011 10.500000000000002 203.19880857529418 66.558203935670903 -0.71163026189156942 37.500000000000007 68.03082633860059 34.850000000000001 38.050000000000004 55.562957785498142 796.50000000000011 72.46854156041698 28.180766647674027 10.450000000000001 9.9500000000000011 532.45000000000016 70.750450190060107 -0.60505606964884906 68.344234092113325 59.991993913261091 61.416689742835629 14.500000000000002 79.027429761816066 77.740831887334039 669.70000000000016 672.50000000000011
decision_type=2 2 2 2 2 2 2 2 2 2 2 2 2 2 2 2 2 2 2 2 2 2 2 2 2 2 2 2 2 2
left_child=2 3 -1 4 -2 12 23 8 10 13 -8 18 27 -6 22 -13 -9 -12 -7 29 -21 -16 -15 -4 25 -25 -3 28 -5 -10
right_child=1 26 6 5 9 11 7 16 19 -11 17 15 -14 14 21 -17 -18 -19 -20 20 -22 -23 -24 24 -26 -27 -28 -29 -30 -31
leaf_value=-0.88912811652687518 -0.0027745272298149905 0.19168541726515465 -0.058092750571127054 0.10365509589911359 0.090157860341929297 0.038239514256324665 0.047926022780632516 0.048329403797157798 0.0077248898056944794 0.04163048747719536 -0.011264014669668343 0.04005921527547654 0.097965291025027407 0.04298544574047828 0.063505792392202803 0.08965223329283907 0.10127976683763365 0.032296572903345026 0.062104175321434502 0.028746293831694414 0.0023676549200041157 0.10668817990925956 0.05449937485879635 0.013833036487678654 -0.0089420155400338746 -0.020863744063294415 0.46055670840508472 0.18454889317001769 0.077373282521786824 -0.0097951199959493938
leaf_weight=5543 46 42 181 26 22 20 32 31 43 38 21 26 28 21 26 20 21 29 22 23 70 21 36 33 181 22 182 38 30 153
leaf_count=5543 46 42 181 26 22 20 32 31 43 38 21 26 28 21 26 20 21 29 22 23 70 21 36 33 181 22 182 38 30 153
internal_value=-0.00105095 0.029705 -0.004154 0.022381 0.0147619 0.03 0.00142857 0.00516548 0.00322102 0.0193902 0.0126829 0.0205682 0.0368033 0.0231746 0.0204808 0.0276087 0.0190385 0.006 0.0128571 0.000536331 0.00467742 0.0279787 0.0142982 -0.00236211 -0.000550849 0.005 0.0434375 0.0402128 0.0369643 -0.00142857
internal_weight=7027 644 6383 420 210 210 840 423 371 164 82 88 122 126 104 46 52 50 42 289 93 47 57 417 236 55 224 94 56 196
internal_count=7027 644 6383 420 210 210 840 423 371 164 82 88 122 126 104 46 52 50 42 289 93 47 57 417 236 55 224 94 56 196
is_linear=0
shrinkage=0.05


Tree=16
num_leaves=31
num_cat=0
split_feature=18 18 18 14 12 18 14 0 6 9 6 3 14 14 5 4 1 1 17 4 4 18 18 6 11 13 18 1 6 3
split_gain=255.973 25.8635 11.7969 9.86481 4.72084 4.64916 4.49588 5.61683 4.10015 3.85726 2.81446 2.442 2.2889 1.43148 1.29585 1.44061 1.25056 1.9687 1.21733 1.07589 0.853973 0.735112 0.883842 0.788796 0.734381 0.848853 0.708333 0.67413 0.614035 0.339185
threshold=68.412689000051472 78.42636782997441 51.09350387409129 77.740831887334039 203.19880857529418 66.558203935670903 65.389475291914053 635.50000000000011 10.500000000000002 -0.71163026189156942 37.500000000000007 37.050000000000004 68.03082633860059 55.562957785498142 17.500000000000004 21.450000000000003 665.1500000000002 700.95000000000016 28.180766647674027 10.450000000000001 6.7500000000000009 59.991993913261091 61.416689742835629 16.500000000000004 64.5654713892297 0.83022583043872433 72.46854156041698 584.30000000000007 84.500000000000014 35.550000000000004
decision_type=2 2 2 2 2 2 2 2 2 2 2 2 2 2 2 2 2 2 2 2 2 2 2 2 2 2 2 2 2 2
left_child=2 3 -1 6 21 9 7 -2 16 12 13 20 -6 -9 -15 26 27 -18 -7 -14 -10 -4 23 -23 25 -11 -16 -8 -3 -24
right_child=1 28 4 -5 5 18 8 10 11 24 -12 -13 19 14 15 -17 17 -19 -20 -21 -22 22 29 -25 -26 -27 -28 -29 -30 -31
leaf_value=-0.86325512538231097 -0.0026328443264711341 0.43505578387107235 -0.057743387049474862 0.17133148146447572 0.045529721641601052 0.04591293360730006 0.089757019752525743 0.085649967324832682 0.076284755074655999 0.0030030967823854449 0.02121025472306691 0.063585203025242273 -0.010700813936185171 0.088616105619549052 0.027038181540723041 0.098152205740997756 0.076908754293931139 0.086528826307192386 0.0962157784957519 0.030681744258177608 0.041843315221866829 0.012782020306406232 -0.03104743835367086 -0.021078289747718061 -0.0070459521626358261 0.024762706845972138 0.052395198233222175 0.10245235491281357 0.34086579964476255 -0.00093292373110586595
leaf_weight=5529 45 190 189 53 32 31 20 22 22 124 33 22 21 23 24 20 24 23 21 29 45 34 89 21 132 39 27 31 20 92
leaf_count=5529 45 190 189 53 32 31 20 22 22 124 33 22 21 23 24 20 24 23 21 29 45 34 89 21 132 39 27 31 20 92
internal_value=-0.00111499 0.0289286 -0.00414617 0.0219585 0.00132318 0.00502331 0.019147 0.0138144 0.0246791 0.00309018 0.0184899 0.0169101 0.0126829 0.0221552 0.0194681 0.0161268 0.0317347 0.0258511 0.0190385 0.006 0.0121642 -0.00241177 -0.000550849 0.005 0.000423728 0.00266871 0.0116667 0.0371569 0.0433333 -0.00223757
internal_weight=7027 644 6383 434 854 429 381 194 187 377 149 89 82 116 94 71 98 47 52 50 67 425 236 55 295 163 51 51 210 181
internal_count=7027 644 6383 434 854 429 381 194 187 377 149 89 82 116 94 71 98 47 52 50 67 425 236 55 295 163 51 51 210 181
is_linear=0
shrinkage=0.05


Tree=17
num_leaves=31
num_cat=0
split_feature=18 18 18 14 13 12 6 18 9 14 0 4 18 15 10 12 18 4 5 9 6 2 17 14 18 18 4 14 1 0
split_gain=237.679 27.5058 11.996 9.37866 5.03911 5.00921 4.17884 4.08935 3.51652 3.91855 2.79925 3.04219 2.14286 1.54275 1.37043 1.32159 1.00347 1.62512 1.21788 0.978985 1.13437 0.913708 0.873922 0.828809 0.825719 1.39462 0.788479 0.743591 1.65217 1.1239
threshold=68.412689000051472 78.42636782997441 49.608475648885282 77.740831887334039 0.8848305238903712 203.19880857529418 93.500000000000014 66.558203935670903 -0.73538978246754161 65.083101121541063 855.50000000000011 4.1500000000000012 73.023598307963354 63.794903846739224 -0.22610730998347103 171.30481423261048 70.433985130047475 18.350000000000005 39.500000000000007 -0.83113983907127287 10.500000000000002 304.50000000000006 28.180766647674027 70.937652777047859 60.725745048319631 61.416689742835629 8.4500000000000011 69.896791293120344 504.65000000000003 672.50000000000011
decision_type=2 2 2 2 2 2 2 2 2 2 2 2 2 2 2 2 2 2 2 2 2 2 2 2 2 2 2 2 2 2
left_child=2 3 -1 4 12 24 10 8 9 -7 11 -6 -2 14 -11 16 -13 18 -18 26 -21 27 -9 -3 -4 -26 -17 28 29 -10
right_child=1 23 5 -5 6 7 -8 22 21 13 -12 15 -14 -15 -16 19 17 -19 -20 20 -22 -23 -24 -25 25 -27 -28 -29 -30 -31
leaf_value=-0.89771728030966713 -0.00096836870506294579 0.23302040592692747 -0.04263293644602905 0.16276490739125182 0.031713055508362058 0.047309431373028739 0.026110729350749762 0.04361728692693518 0.021556811068511907 0.04094029564578585 0.097245082647871323 0.029040976828430549 0.066587308938264853 -0.010277129035553625 0.0013258732299827594 0.089543962883233963 0.051773761072329338 0.089960602453118932 0.044810749345696864 0.075067772074557559 0.074193564409561874 -0.0065035761934974295 0.091404989570964545 0.42579395866208075 0.013221012361751008 -0.0084482685764774561 0.10073223875899694 -0.00041942535215636051 0.026437261623827282 -0.043371317004709559
leaf_weight=5473 42 50 237 53 26 23 39 31 50 22 37 24 28 22 21 26 28 21 23 40 24 134 21 160 31 181 23 80 25 32
leaf_count=5473 42 50 237 53 26 23 39 31 50 22 37 24 28 22 21 26 28 21 23 40 24 134 21 160 31 181 23 80 25 32
internal_value=-0.00118614 0.027764 -0.004107 0.020576 0.0178346 0.00120879 0.0205627 0.00486985 0.00319071 0.0120455 0.0227574 0.0207447 0.00571428 0.00576923 0.0112791 0.0227512 0.0184375 0.0213889 0.0165686 0.0264159 0.0223437 0.000763239 0.0180769 0.042619 -0.00255011 -0.00028302 0.0317347 0.00302139 0.00574766 0.00231707
internal_weight=7027 644 6383 434 381 910 311 461 409 88 272 235 70 65 43 209 96 72 51 113 64 321 52 210 449 212 49 187 107 82
internal_count=7027 644 6383 434 381 910 311 461 409 88 272 235 70 65 43 209 96 72 51 113 64 321 52 210 449 212 49 187 107 82
is_linear=0
shrinkage=0.05


Tree=18
num_leaves=31
num_cat=0
split_feature=18 18 13 14 13 14 6 0 18 9 15 2 18 1 18 9 12 14 14 10 6 1 3 15 1 3 15 14 5 16
split_gain=222.411 25.9752 12.7106 10.162 4.87062 4.7719 4.20835 2.78853 2.7404 2.43861 2.56753 2.31429 1.73571 1.42595 1.37823 2.01309 2.51669 1.23791 1.04371 1.09716 1.02145 1.15254 1.03846 0.908129 0.767754 0.957657 0.762899 0.747368 0.70544 0.775758
threshold=68.412689000051472 78.42636782997441 0.68399223954901534 77.740831887334039 0.8848305238903712 58.89713035714562 37.500000000000007 761.50000000000011 66.558203935670903 -0.55241485047541339 63.794903846739224 165.50000000000003 73.023598307963354 569.25000000000011 73.789127550309658 0.51236666743397874 203.19880857529418 68.03082633860059 65.083101121541063 -0.22610730998347103 17.500000000000004 454.05000000000007 40.850000000000001 67.192383518535209 563.45000000000016 32.550000000000004 59.122303243579587 70.937652777047859 29.500000000000004 22.918957883235318
decision_type=2 2 2 2 2 2 2 2 2 2 2 2 2 2 2 2 2 2 2 2 2 2 2 2 2 2 2 2 2 2
left_child=2 3 -1 4 12 24 7 23 9 10 18 -3 -2 -10 15 16 -9 -8 -7 -20 21 -11 28 -6 26 -26 -4 -13 29 -23
right_child=1 11 5 -5 6 8 17 14 13 20 -12 27 -14 -15 -16 -17 -18 -19 19 -21 -22 22 -24 -25 25 -27 -28 -29 -30 -31
leaf_value=-0.8722714269425339 -0.00091995026980996202 0.14614685785888759 -0.041210187914992466 0.15462666202168937 0.022031146100178037 0.045312421648475876 0.035975211660048405 0.026484400895869453 0.03671227165731674 0.025346846397764106 -0.0024471059341242612 0.25765701585860862 0.063257943491351498 0.085502876371555209 0.10062794678435411 0.086484889626013528 0.069552878857750869 0.055332929340835682 0.036170650862244517 0.0033337003311231963 -0.016766366750909655 0.032332866569400376 -0.015223263072309839 0.058704956904134457 -0.027427151801562369 0.007016709684228151 0.0010433231321302289 0.42311505131803034 -0.00013709537299254798 0.004590211527734739
leaf_weight=5448 42 30 290 53 26 22 38 26 43 20 31 38 28 24 44 40 27 36 26 20 128 24 46 74 33 38 133 142 37 20
leaf_count=5448 42 30 290 53 26 22 38 26 43 20 31 38 28 24 44 40 27 36 26 20 128 24 46 74 33 38 133 142 37 20
internal_value=-0.00125018 0.0267547 -0.00407567 0.0197696 0.016916 0.00131016 0.0195981 0.0228481 0.0050907 0.00342246 0.0101515 0.0411905 0.005 0.014403 0.0274818 0.0240323 0.0176415 0.00918919 0.0155882 0.0113043 0.000999999 0.00384354 0.00208661 0.0165 -0.00206478 0.00274648 -0.00287234 0.0433333 0.00549383 0.00977273
internal_weight=7027 644 6383 434 381 935 311 237 441 374 99 210 70 67 137 93 53 74 68 46 275 147 127 100 494 71 423 180 81 44
internal_count=7027 644 6383 434 381 935 311 237 441 374 99 210 70 67 137 93 53 74 68 46 275 147 127 100 494 71 423 180 81 44
is_linear=0
shrinkage=0.05


Tree=19
num_leaves=31
num_cat=0
split_feature=18 18 18 14 12 18 13 6 9 14 5 2 4 15 18 6 4 16 10 18 18 16 15 9 6 18 18 6 5 9
split_gain=206.673 24.4299 15.8547 9.17573 5.03803 5.91917 3.76285 2.91914 2.83787 3.10795 2.23479 2.13053 1.92845 2.18368 1.88072 1.49792 1.40076 1.37143 1.30952 1.24382 1.0809 0.853333 0.768627 0.678788 0.654908 0.683884 0.9375 0.633599 1.3353 0.94209
threshold=69.189314489942134 79.35910441426401 47.352014017199203 77.740831887334039 192.75880728777858 67.043410044587873 0.8848305238903712 61.500000000000007 -0.71163026189156942 65.083101121541063 24.500000000000004 228.50000000000003 11.550000000000002 73.50151539067366 73.023598307963354 1.0000000180025095e-35 7.3500000000000005 20.659977793529368 -0.22610730998347103 58.624225266099408 73.789127550309658 21.054447911324178 71.737007922526246 0.86095304316285726 68.500000000000014 61.416689742835629 60.725745048319631 64.500000000000014 41.500000000000007 0.80392051724781077
decision_type=2 2 2 2 2 2 2 2 2 2 2 2 2 2 2 2 2 2 2 2 2 2 2 2 2 2 2 2 2 2
left_child=2 3 -1 6 19 8 14 10 9 -6 17 -7 13 21 -2 -14 -15 -8 -11 -4 -9 -12 -19 -5 25 26 -21 28 29 -10
right_child=1 -3 4 23 5 11 7 20 27 18 12 -13 15 16 -16 -17 -18 22 -20 24 -22 -23 -24 -25 -26 -27 -28 -29 -30 -31
leaf_value=-0.91508249390572094 -0.00042678911669359604 0.38349506478387663 -0.055321564903388791 0.1394119556505268 0.041572953189657563 0.08255959627383902 0.084211515539331372 0.0082298755147031076 -0.00043394182862084991 0.035381742398355932 0.02405288860789212 0.035744803922505022 0.059298697335350897 0.091963888742982725 0.06000388854283889 0.084966143837692187 0.057953496180475121 0.086920241797157738 -0.0021156430450261217 0.00099771760776229423 0.053478453205547422 0.038300288000578692 0.14515144103322816 0.15111999771468249 -0.031865160512362607 -0.0010237302703704388 0.022226649871095933 -0.018207828174952041 0.031669269555700395 0.024185194712550477
leaf_weight=5403 36 168 207 28 26 21 20 27 195 34 30 36 36 24 31 43 20 34 37 40 28 20 30 27 63 165 24 91 20 63
leaf_count=5403 36 168 207 28 26 21 20 27 195 34 30 36 36 24 31 43 20 34 37 40 28 20 30 27 63 165 24 91 20 63
internal_value=-0.00128576 0.0267276 -0.00391051 0.0204608 0.00180039 0.00522944 0.0176913 0.02 0.0033691 0.0109794 0.0222374 0.0204386 0.0189884 0.0141489 0.0069403 0.0247468 0.0222727 0.0289286 0.00556338 -0.00179359 0.00954545 0.007 0.0325 0.0395455 0.000308218 0.00155022 0.0059375 0.00136856 0.00255396 0.00158915
internal_weight=7027 602 6425 434 1022 523 379 312 466 97 257 57 173 94 67 79 44 84 71 499 55 50 64 55 292 229 64 369 278 258
internal_count=7027 602 6425 434 1022 523 379 312 466 97 257 57 173 94 67 79 44 84 71 499 55 50 64 55 292 229 64 369 278 258
is_linear=0
shrinkage=0.05


Tree=20
num_leaves=31
num_cat=0
split_feature=18 18 18 14 17 0 12 18 9 6 14 6 13 18 15 11 16 3 3 4 10 18 13 1 12 2 11 14 18 0
split_gain=186.463 25.1765 12.4331 9.59734 3.8025 3.73734 3.43946 2.99801 2.66764 2.52506 2.24363 1.97879 1.96588 1.63333 1.52917 1.74545 1.44697 1.33449 1.56006 1.11382 1.08253 1.00149 0.950584 0.82672 0.764685 0.60286 0.56289 0.654446 1.16842 0.627406
threshold=68.412689000051472 79.35910441426401 45.511762128286534 71.285307961374045 30.033956504167538 618.50000000000011 203.19880857529418 66.558203935670903 -0.73538978246754161 23.500000000000004 65.083101121541063 10.500000000000002 0.91542846096778596 81.371457857181568 63.794903846739224 42.973782230612763 21.681103455207204 33.850000000000001 36.150000000000013 8.6500000000000004 0.18399153619612912 58.624225266099408 0.98037977348322192 577.70000000000016 229.85809713751632 221.50000000000003 64.5654713892297 69.896791293120344 55.70233618850957 672.50000000000011
decision_type=2 2 2 2 2 2 2 2 2 2 2 2 2 2 2 2 2 2 2 2 2 2 2 2 2 2 2 2 2 2
left_child=2 3 -1 5 11 -2 21 8 10 12 -8 19 20 25 15 -12 22 -14 -19 -5 -7 -4 -11 -20 -9 -3 27 28 29 -10
right_child=1 13 6 4 -6 9 7 24 26 16 14 -13 17 -15 -16 -17 -18 18 23 -21 -22 -23 -24 -25 -26 -27 -28 -29 -30 -31
leaf_value=-0.91392041344419861 0.0054621643977277078 0.21864348799291486 -0.054011409247302133 0.089359017101938318 0.15258986919363085 0.03748086637064077 0.039862767374273328 0.077987661886526644 0.016795186524612628 0.038474023399829256 -0.0029956551624161229 0.050831376746901413 0.091452377125413542 0.4167734504601226 -0.010689599218438777 0.033612657308576432 -0.0044671666008699361 0.052907606346135783 0.056653308612797319 0.084063805711915116 0.052831897214800187 -0.00079358409520014189 0.026199359206720996 0.093289923405204422 0.02360447483318262 0.16588926015680999 -0.0051864325131105614 -0.001764298372992566 0.024528384592016835 -0.030250692014614913
leaf_weight=5361 47 41 218 21 60 34 25 22 110 21 20 38 37 98 23 24 27 33 36 38 25 269 32 27 30 29 140 84 31 26
leaf_count=5361 47 41 218 21 60 34 25 22 110 21 20 38 37 98 23 24 27 33 36 38 25 269 32 27 30 29 140 84 31 26
internal_value=-0.00144941 0.0241925 -0.0040365 0.0183193 0.0284395 0.0133386 0.00101761 0.00378505 0.00255693 0.0155882 0.0102174 0.0223196 0.0186979 0.0408333 0.00544776 0.0109091 0.008125 0.0220677 0.0189583 0.0280508 0.0111017 -0.00202259 0.0129245 0.0235714 0.0151923 0.035 0.000754475 0.00217131 0.00398203 0.00198529
internal_weight=7027 644 6383 476 157 319 1022 535 483 272 92 97 192 168 67 44 80 133 96 59 59 487 53 63 52 70 391 251 167 136
internal_count=7027 644 6383 476 157 319 1022 535 483 272 92 97 192 168 67 44 80 133 96 59 59 487 53 63 52 70 391 251 167 136
is_linear=0
shrinkage=0.05


Tree=21
num_leaves=31
num_cat=0
split_feature=18 18 14 14 18 6 0 18 6 18 10 16 9 1 17 6 13 12 4 18 9 5 0 12 18 12 5 18 13 18
split_gain=168.994 23.9763 15.5418 8.44589 4.60298 4.25024 2.98246 2.68663 2.51677 2.39457 2.2701 1.87006 1.86602 1.51515 1.50265 1.73761 1.60479 1.49123 1.70677 1.00192 1.04146 0.906352 1.19028 1.23077 0.804893 1.20789 1.10953 0.736988 0.666303 1.03323
threshold=69.569615983355462 80.042717380436031 58.89713035714562 71.285307961374045 65.82833955246268 3.5000000000000004 598.50000000000011 57.567869488508471 55.500000000000007 77.853156985191362 -0.63872576220844923 21.368602838745883 -0.52339621958889271 658.45000000000016 31.178353161118228 6.5000000000000009 0.94525106900092293 208.48142957228484 9.3500000000000032 74.811412097399256 -0.82144612508491244 26.500000000000004 615.50000000000011 242.42462652117129 61.602137314521649 119.75765688221237 34.500000000000007 76.140408329375774 0.60010893246187369 50.435861032141482
decision_type=2 2 2 2 2 2 2 2 2 2 2 2 2 2 2 2 2 2 2 2 2 2 2 2 2 2 2 2 2 2
left_child=2 3 7 6 12 11 -2 -1 17 10 -8 27 21 -7 15 16 -12 -6 -19 20 -17 -4 -23 -24 25 -9 -27 -5 -14 -30
right_child=1 -3 4 5 8 13 9 24 -10 -11 14 -13 28 -15 -16 19 -18 18 -20 -21 -22 22 23 -25 -26 26 -28 -29 29 -31
leaf_value=-0.60932793683144659 -0.0026900199955250483 0.36505428583007793 0.039343465652230118 0.048652744760524592 0.024122757740769336 0.062452084801126385 0.06552424127792264 -0.011906728827467475 -0.024462092061825501 0.13438521807637835 0.052611148502336891 0.15701002124329397 -0.041049201494723547 0.062478015666009412 0.0013421565238485806 0.036513379755069374 0.077502068889908307 0.043262072266601649 0.059972369287485228 0.055622545248070802 -0.0060033472633140867 -0.0069790632635949243 0.0010078097116400394 0.02716814104400328 -0.011593419173248814 0.032497149139913951 0.010749244034371185 0.09973211820730303 0.026473939123073189 -0.00096072935945585582
leaf_weight=5546 30 140 31 22 38 33 31 57 24 34 34 54 64 33 28 33 35 21 54 25 35 24 26 26 167 27 41 21 43 250
leaf_count=5546 30 140 31 22 38 33 31 57 24 34 34 54 64 33 28 33 35 21 54 25 35 24 26 26 167 27 41 21 43 250
internal_value=-0.00157749 0.0240816 -0.00392064 0.0184375 0.00373544 0.0275153 0.0132456 -0.00470881 0.0117883 0.015 0.0130995 0.0341753 0.00135776 0.0177273 0.0110526 0.0129012 0.018913 0.0149115 0.019 0.00844086 0.00529412 0.00714953 0.00421053 0.00846154 -3.42478e-05 0.003 0.0075 0.0263953 -0.000378152 0.000631398
internal_weight=7027 588 6439 448 601 163 285 5838 137 255 221 97 464 66 190 162 69 113 75 93 68 107 76 52 292 125 68 43 357 293
internal_count=7027 588 6439 448 601 163 285 5838 137 255 221 97 464 66 190 162 69 113 75 93 68 107 76 52 292 125 68 43 357 293
is_linear=0
shrinkage=0.05


Tree=22
num_leaves=31
num_cat=0
split_feature=18 18 14 18 6 12 6 7 9 11 9 0 18 17 18 18 1 14 5 0 6 18 4 17 11 1 18 3 4 1
split_gain=155.913 26.831 10.9528 9.68549 3.89897 3.47285 2.891 2.34741 2.20314 2.14022 1.90912 1.68341 1.72377 1.85295 1.30144 1.27247 1.19805 1.25019 1.15608 1.14151 1.00741 1.19804 0.969627 0.949095 0.902668 0.823802 0.815748 1.01857 0.795141 0.696337
threshold=67.043410044587873 80.371280625636928 74.745278196235631 44.320988712914783 23.500000000000004 164.11731283514527 61.500000000000007 -0.5 0.24284747324344283 41.094793929210418 -0.25534383660447119 703.50000000000011 70.433985130047475 27.048635318204788 54.940866386044739 73.789127550309658 722.25000000000011 73.523255476990641 40.500000000000007 777.50000000000011 62.500000000000007 66.077347827369934 10.950000000000001 29.972050716248479 51.461960668494918 538.85000000000002 51.570866019720206 36.95000000000001 11.550000000000002 569.25000000000011
decision_type=2 2 2 2 2 2 2 2 2 2 2 2 2 2 2 2 2 2 2 2 2 2 2 2 2 2 2 2 2 2
left_child=3 2 5 -1 9 11 8 10 19 -4 26 -2 25 -14 -9 -8 17 -3 22 24 21 -16 -15 -11 -7 -13 -5 -28 -21 -10
right_child=1 16 4 7 -6 6 15 14 29 23 -12 12 13 18 20 -17 -18 -19 -20 28 -22 -23 -24 -25 -26 -27 27 -29 -30 -31
leaf_value=-0.88692427069454505 0.0046546887701883234 0.14095038660042036 0.083159032275281028 0.029744175567793258 0.022654636496861738 0.035558450223645274 -0.0047490103656066731 -0.063766297439039207 0.060317915171586925 0.087118517328031803 0.014055639853134931 -0.0038624015183445328 0.068434827292998643 0.024060855584679575 0.0015761748539294879 0.047508419851056187 0.39963637436240373 0.26203820345037387 0.0012200151111798176 0.061958481837153204 -0.023978482950206007 0.03126677780125809 0.049809374233093645 0.14936459993197324 0.0173434768524099 0.033839595763657547 0.034608036530734666 -0.00084601180195172934 0.060778984239670798 0.1280391332021068
leaf_weight=5333 62 21 51 26 20 25 31 168 27 20 209 27 24 26 360 25 82 23 20 26 127 37 35 53 28 24 30 23 27 37
leaf_count=5333 62 21 51 26 20 25 31 168 27 20 209 27 24 26 360 25 82 23 20 26 127 37 35 53 28 24 30 23 27 37
internal_value=-0.00165576 0.0204902 0.0160034 -0.00416046 0.0279861 0.0121171 0.0164602 0.000408162 0.0197059 0.0312903 0.00420139 0.00761468 0.0103846 0.0140476 -0.00117052 0.00660714 0.0414286 0.0347727 0.0104321 0.015283 5.72507e-05 0.00129723 0.0138525 0.0367808 0.0100943 0.00284314 0.0108228 0.00726415 0.0204717 0.0270312
internal_weight=7027 714 588 6313 144 444 226 980 170 124 288 218 156 105 692 56 126 44 81 106 524 397 61 73 53 51 79 53 53 64
internal_count=7027 714 588 6313 144 444 226 980 170 124 288 218 156 105 692 56 126 44 81 106 524 397 61 73 53 51 79 53 53 64
is_linear=0
shrinkage=0.05


Tree=23
num_leaves=31
num_cat=0
split_feature=18 18 0 12 6 0 6 10 6 17 12 14 18 13 14 16 18 1 3 4 13 16 3 13 4 6 1 13 5 4
split_gain=138.764 25.3406 11.4979 8.28417 7.07511 2.40639 2.35669 2.24111 2.5459 2.24109 1.96383 2.16962 1.95816 2.03538 1.75 1.43843 1.78765 1.38823 1.35087 1.07002 1.21021 1.0411 0.865557 0.835627 1.14774 0.818788 0.791103 1.22404 1.225 0.774532
threshold=68.121864188312614 80.371280625636928 524.50000000000011 189.43080011616834 3.5000000000000004 598.50000000000011 93.500000000000014 -0.59815875725621337 94.500000000000014 29.972050716248479 132.96272516224579 65.083101121541063 77.853156985191362 0.98489928961908391 73.129073178471671 22.65739861525682 72.279928134327477 497.00000000000006 28.850000000000005 10.15 0.83022583043872433 20.961211414856738 38.350000000000001 0.76183250234843569 12.950000000000001 6.5000000000000009 525.85000000000014 0.65784548784548791 33.500000000000007 18.150000000000002
decision_type=2 2 2 2 2 2 2 2 2 2 2 2 2 2 2 2 2 2 2 2 2 2 2 2 2 2 2 2 2 2
left_child=2 3 26 5 9 -2 12 23 10 21 -9 17 15 -14 18 16 22 -12 -3 -13 -21 -5 -7 -4 -25 -18 -1 -28 -29 -6
right_child=1 14 7 4 29 6 -8 8 -10 -11 11 19 13 -15 -16 -17 25 -19 -20 20 -22 -23 -24 24 -26 -27 27 28 -30 -31
leaf_value=-0.81118807039650109 -0.0036506705206843849 0.220739906278694 -0.053529994161267129 0.065344660760854809 0.050132922459458031 0.011774014634453234 -0.0043285856546526752 0.00032485432998441421 -0.030458459332117539 0.14169129018453067 0.022018466297231233 0.0052849589393592165 0.11044558252007136 0.11449608666749507 0.37553458859911104 0.0081655808836019507 0.065324666963067241 0.040462130672377243 0.11929719473924721 0.022321637497577426 0.051644267349611618 0.075319678557365613 0.032135632131458876 -0.016114302998929759 0.0058015321247112022 0.062042083258635555 -0.024885999214193974 0.03099620423396093 -0.031890277092820302 0.016255742870013048
leaf_weight=5354 36 22 101 37 85 53 30 101 72 54 29 57 24 26 84 44 38 33 20 62 23 27 21 153 261 33 83 20 20 24
leaf_count=5354 36 22 101 37 85 53 30 101 72 54 29 57 24 26 84 44 38 33 20 62 23 27 21 153 261 33 83 20 20 24
internal_value=-0.00178383 0.020076 -0.00404224 0.0153008 0.022533 0.00991803 0.0115427 0.00122197 0.00415119 0.0310169 0.00614754 0.00897059 0.0132008 0.022 0.0402381 0.010873 0.0132759 0.0167742 0.0319048 0.00556338 0.00911765 0.0246875 0.00783784 -0.000922331 7.24626e-05 0.0189437 -0.00489958 -0.000934961 0.00625 0.0133486
internal_weight=7027 658 6369 532 227 305 269 892 377 118 305 204 239 50 126 189 145 62 42 142 85 64 74 515 414 71 5477 123 40 109
internal_count=7027 658 6369 532 227 305 269 892 377 118 305 204 239 50 126 189 145 62 42 142 85 64 74 515 414 71 5477 123 40 109
is_linear=0
shrinkage=0.05


Tree=24
num_leaves=31
num_cat=0
split_feature=18 18 18 14 6 0 7 14 18 18 17 15 17 9 18 16 14 0 14 9 0 0 6 4 13 0 5 3 12 14
split_gain=125.524 27.1627 11.5909 7.07963 5.05012 2.96665 2.92555 2.36444 2.83862 2.17668 2.04719 1.821 1.99451 1.80052 1.57019 1.29891 1.53929 1.25022 1.24543 1.04818 0.996078 1.61041 0.961187 0.921557 0.913303 1.14829 1.09714 0.90553 1.43107 1.90596
threshold=67.51101656786885 80.371280625636928 43.531758511666247 74.745278196235631 4.5000000000000009 798.50000000000011 -0.5 75.479305012781609 82.73989618945761 73.789127550309658 29.972050716248479 69.201996090812358 29.345796648845496 -0.47871610739127701 54.535362853371247 22.986046761215718 68.180615616146184 848.50000000000011 63.990592441690957 -0.68702731818199647 815.50000000000011 826.50000000000011 68.500000000000014 13.050000000000002 0.60619802878730333 654.50000000000011 15.500000000000002 38.95000000000001 141.97087961128125 63.841016419850583
decision_type=2 2 2 2 2 2 2 2 2 2 2 2 2 2 2 2 2 2 2 2 2 2 2 2 2 2 2 2 2 2
left_child=2 3 -1 5 10 9 13 8 -3 19 -5 -11 -13 18 -8 16 20 -18 -4 23 -7 -22 27 -2 -15 26 -26 28 -16 -30
right_child=1 7 6 4 -6 15 14 -9 -10 11 -12 12 -14 24 22 -17 17 -19 -20 -21 21 -23 -24 -25 25 -27 -28 -29 29 -31
leaf_value=-0.83773757144275374 0.01128625395257943 0.093600206398598451 0.055445422387521141 0.078002326663128119 0.043735552422365521 0.064700521980601625 -0.068515323553484414 0.37220653475641363 0.21478485007102682 0.028715995603825241 0.13614499896434487 0.11321721463225297 0.0442689458420992 -0.012276672609498641 0.0017484081303186802 0.024605649865275851 0.061795893237703729 0.065267980144141341 0.021260660043503063 -0.0021012272557835339 -0.002636058036643454 0.052570137929509708 -0.025756030717028283 0.036722397415167439 0.052712382708921493 0.00068415319689275964 0.018680305434121258 -0.0052428701534583538 0.029102015597517811 0.013633300886942777
leaf_weight=5305 55 29 25 37 40 23 178 76 21 29 59 32 52 42 203 24 22 20 42 78 21 44 127 24 25 88 80 157 20 49
leaf_count=5305 55 29 25 37 40 23 178 76 21 29 59 32 52 42 203 24 22 20 42 78 21 44 127 24 25 88 80 157 20 49
internal_value=-0.00184787 0.0184694 -0.00404589 0.01375 0.0236765 0.010566 0.000791505 0.0394444 0.031 0.00740741 0.0298958 0.0126991 0.0164286 0.00493377 -0.000912808 0.0161039 0.0180769 0.0259524 0.0121642 0.00359872 0.0143182 0.0111538 0.000395682 0.00765823 0.00287234 0.00432642 0.00785714 0.00152681 0.00327206 0.00949275
internal_weight=7027 686 6341 560 136 424 1036 126 50 270 96 113 84 302 734 154 130 42 67 157 88 65 556 79 235 193 105 429 272 69
internal_count=7027 686 6341 560 136 424 1036 126 50 270 96 113 84 302 734 154 130 42 67 157 88 65 556 79 235 193 105 429 272 69
is_linear=0
shrinkage=0.05


Tree=25
num_leaves=31
num_cat=0
split_feature=18 18 18 14 0 18 14 7 18 9 6 18 0 10 3 2 14 13 9 2 15 16 11 2 6 13 15 6 11 6
split_gain=117.699 25.9803 11.076 6.28801 2.97034 3.27951 2.83951 2.69436 2.68624 1.99982 1.75325 1.70028 1.59007 1.54794 2.38338 1.48048 1.24543 1.23527 1.23272 1.29896 1.27258 1.03728 1.02797 0.976873 0.946003 0.927536 0.934343 0.912205 0.728763 0.723443
threshold=67.51101656786885 80.371280625636928 42.707270410527627 78.335204095115998 826.50000000000011 72.704182672936 75.479305012781609 -0.5 82.73989618945761 -0.47871610739127701 1.5000000000000002 54.535362853371247 767.50000000000011 0.20931464596304869 26.250000000000004 161.50000000000003 63.990592441690957 0.99939540507859748 0.17552986495352002 212.50000000000003 67.959602083937838 20.976160318833745 45.877076233242633 241.50000000000003 4.5000000000000009 0.60010893246187369 49.472362669051698 16.500000000000004 68.865990354291583 9.5000000000000018
decision_type=2 2 2 2 2 2 2 2 2 2 2 2 2 2 2 2 2 2 2 2 2 2 2 2 2 2 2 2 2 2
left_child=2 3 -1 4 5 18 8 9 -3 16 22 -9 13 -7 15 -15 -4 -6 19 20 -2 -14 -5 -21 -19 -11 27 -27 -25 -17
right_child=1 6 7 10 17 12 -8 11 -10 25 -12 -13 21 14 -16 29 -18 24 -20 23 -22 -23 -24 28 -26 26 -28 -29 -30 -31
leaf_value=-0.8501598046965283 0.024475157447724979 0.08892019607866819 0.052673151268145084 0.074225069340416949 0.056005878332828489 -0.0073723809742015567 0.35359620801859282 -0.069846850811954686 0.20404560756747547 -0.019036308121601606 0.083979562301457353 0.00079253193583572561 0.077605676071424601 0.069424383324392408 0.047967668518282151 0.10016336180796558 0.020197627041327947 0.070686919703386281 -0.00096024379546464495 -0.0026820218711768951 0.033324054877925384 0.046516685101737718 0.1311839578513338 0.032400923105474731 0.033483571673824424 0.036977803833449306 0.011102336566762617 0.0033145056677868546 0.0043553775580890816 -0.0046896856389166547
leaf_weight=5277 22 29 25 26 41 24 76 198 21 36 22 556 22 42 21 24 42 34 82 22 21 39 22 20 26 26 160 21 27 23
leaf_count=5277 22 29 25 26 41 24 76 198 21 36 22 556 22 42 21 24 42 34 82 22 21 39 22 20 26 26 160 21 27 23
internal_value=-0.00193326 0.0177405 -0.00406166 0.013125 0.0111224 0.00913882 0.038254 0.000592104 0.029 0.00451613 0.0271429 -0.00102122 0.0137179 0.0106716 0.0131818 0.00960674 0.0121642 0.0187624 0.00453608 0.00794643 0.0147674 0.0204098 0.0325 0.00369565 0.0233333 0.00240741 0.00369565 0.00989362 0.00776596 0.00351064
internal_weight=7027 686 6341 560 490 389 126 1064 50 310 70 754 195 134 110 89 67 101 194 112 43 61 48 69 60 243 207 47 47 47
internal_count=7027 686 6341 560 490 389 126 1064 50 310 70 754 195 134 110 89 67 101 194 112 43 61 48 69 60 243 207 47 47 47
is_linear=0
shrinkage=0.05


Tree=26
num_leaves=31
num_cat=0
split_feature=18 0 18 14 1 14 16 2 6 6 17 1 9 15 18 3 11 4 18 14 12 15 9 18 9 9 0 18 9 16
split_gain=108.587 19.9352 16.1804 5.9355 4.13714 2.61135 2.41367 2.16915 1.77758 1.60472 1.4828 2.05163 1.75686 1.87922 1.47347 1.36929 1.22304 1.17169 1.18141 2.00238 1.40225 1.06289 1.24662 0.971765 0.924795 0.914286 0.835849 0.835897 0.918377 0.846887
threshold=72.704182672936 483.00000000000006 81.371457857181568 78.802865643448854 508.80000000000001 53.041983816106644 23.298690302422049 288.50000000000006 84.500000000000014 69.500000000000014 29.382213553768732 681.10000000000014 0.60505046667002438 69.37147781078626 82.73989618945761 26.450000000000003 37.667460987063379 10.950000000000001 65.541880923019093 67.68844875805614 227.24025154902557 69.624248440607332 0.6254047815183511 60.440830328860848 -0.9852109833579612 -0.93380263866670532 611.50000000000011 51.09350387409129 -0.52339621958889271 19.345148003870403
decision_type=2 2 2 2 2 2 2 2 2 2 2 2 2 2 2 2 2 2 2 2 2 2 2 2 2 2 2 2 2 2
left_child=1 -1 3 7 16 24 -5 9 17 10 12 -12 13 -2 -4 -13 -3 21 19 -19 -20 22 23 -7 -6 -23 -18 -28 29 -29
right_child=2 4 14 6 5 8 -8 -9 -10 -11 11 15 -14 -15 -16 -17 26 18 20 -21 -22 25 -24 -25 -26 -27 27 28 -30 -31
leaf_value=-0.70091581421397509 0.040022781496217179 0.048292817187731318 0.1292178310675916 0.08072075356147429 0.0075832475690393699 0.019685168426190197 0.16121278907054137 0.11793265214725335 -0.0019235471691664179 0.011361892746570264 -0.0066118753542862632 0.055149775229598456 0.12248711825794337 0.068945791709788526 0.34601105615901417 0.074477235945243012 -0.046700810489045591 0.03862586358194478 0.026352485251744436 0.002882049125590304 0.047703349999172778 0.0050990563424445764 -0.008186813453808334 0.0091227586596246604 -0.0065472866400321759 0.042712100797297731 0.025218568774589556 0.020676598509754108 -0.0035373988091387133 -0.0011881958863081612
leaf_weight=5345 29 22 28 31 20 22 26 22 42 37 23 46 22 45 70 41 216 30 74 54 44 20 45 61 154 36 36 22 335 29
leaf_count=5345 29 22 28 31 20 22 26 22 42 37 23 46 22 45 70 41 216 30 74 54 44 20 45 61 154 36 36 22 335 29
internal_value=-0.00203287 -0.00359997 0.022619 0.017205 0.0020523 0.00504983 0.0318421 0.0140566 0.00714953 0.0126955 0.0144175 0.0104545 0.0189583 0.0152703 0.0404082 0.0139655 -0.000681819 0.00821243 0.0108416 0.00630952 0.0140678 0.00532609 0.0028125 0.00644578 -0.000114944 0.0110714 -0.00108151 0.000213269 -0.000466322 0.00578431
internal_weight=7027 6607 420 322 1262 602 57 265 428 243 206 110 96 74 98 87 660 386 202 84 118 184 128 83 174 56 638 422 386 51
internal_count=7027 6607 420 322 1262 602 57 265 428 243 206 110 96 74 98 87 660 386 202 84 118 184 128 83 174 56 638 422 386 51
is_linear=0
shrinkage=0.05


Tree=27
num_leaves=31
num_cat=0
split_feature=18 1 18 14 18 14 2 14 6 7 0 18 16 17 6 6 9 16 15 10 14 13 17 5 18 13 18 14 15 0
split_gain=99.399 20.8953 15.7278 6.91494 3.40128 3.15609 2.47515 2.35741 2.22271 1.99947 2.16272 1.83689 1.7818 1.73011 2.4172 1.60556 1.35769 1.21374 1.17767 1.05219 1.42219 1.51367 1.6569 1.00082 0.953726 0.947897 1.05448 1.44834 1.0133 0.915048
threshold=72.46854156041698 488.15000000000003 82.73989618945761 82.611920185725026 48.360499163939224 74.745278196235631 288.50000000000006 62.197050802787551 3.5000000000000004 -0.5 656.50000000000011 67.51101656786885 22.682609723123054 30.136432110657147 89.500000000000014 2.5000000000000004 0.60505046667002438 20.849976533401897 68.88392025455309 -0.67758968959607091 68.03082633860059 0.60619802878730333 28.180766647674027 12.500000000000002 65.82833955246268 0.55618408585317625 61.183944283606728 39.245948792719155 66.508234321976701 703.50000000000011
decision_type=2 2 2 2 2 2 2 2 2 2 2 2 2 2 2 2 2 2 2 2 2 2 2 2 2 2 2 2 2 2
left_child=1 4 3 5 -1 6 13 25 12 10 -6 19 -7 14 16 -13 18 -17 -2 -9 21 -21 -23 -22 -25 -3 27 -27 -28 -30
right_child=2 7 -4 -5 9 8 -8 11 -10 -11 -12 15 -14 -15 -16 17 -18 -19 -20 20 23 22 -24 24 -26 26 28 -29 29 -31
leaf_value=-0.69757252904968758 0.029632249996021532 -0.055337055053278753 0.3287105033510635 0.13505581226325822 0.042666729290111061 0.087666214707018547 0.10412186045638944 -0.0022956877422934401 0.053397616245138037 -0.0084933090740701 -0.0026339058999943783 0.04560289778077925 0.14400201039855393 0.035405429445259456 0.00032518543003026289 0.015366231336932646 0.097936882164673444 0.0092254742279857683 0.053835943617106301 0.018271767571653053 -0.0075953980710604723 0.015275368802480267 0.047403993560837632 0.010951918172986679 0.054395894023210906 0.011280610909044373 -0.01044132185648234 0.033915405126850422 -0.0025314680083191521 0.028357434950335315
leaf_weight=5324 23 56 70 24 40 43 21 54 37 349 41 64 24 72 28 28 33 52 59 33 33 29 20 104 24 101 151 26 23 41
leaf_count=5324 23 56 70 24 40 43 21 54 37 349 41 64 24 72 28 28 33 52 59 33 33 29 20 104 24 101 151 26 23 41
internal_value=-0.00202576 -0.0035515 0.0211521 0.016978 -0.00462635 0.0151471 0.0119492 0.00382002 0.0224038 -0.000348838 0.00672839 0.00633787 0.0278358 0.0103488 0.0135315 0.0109722 0.0167391 0.00625 0.0132927 0.00409091 0.00549383 0.0108537 0.0164286 0.00276397 0.00476562 0.00103015 0.00201754 0.00562992 -0.00011628 0.00515625
internal_weight=7027 6593 434 364 5754 340 236 839 104 430 81 441 67 215 143 144 115 80 82 297 243 82 49 161 128 398 342 127 215 64
internal_count=7027 6593 434 364 5754 340 236 839 104 430 81 441 67 215 143 144 115 80 82 297 243 82 49 161 128 398 342 127 215 64
is_linear=0
shrinkage=0.05


Tree=28
num_leaves=31
num_cat=0
split_feature=18 18 18 14 12 6 15 12 2 10 18 18 5 13 6 0 1 18 1 14 15 17 10 3 4 5 18 18 1 9
split_gain=92.6613 21.4824 14.8392 7.28598 4.80538 4.48799 2.79106 2.20106 1.95743 2.9413 2.95132 2.4798 1.68932 1.67832 1.67555 1.74233 1.99224 1.38889 1.37815 1.18957 1.0496 0.969697 0.955072 1.44993 0.833148 0.803238 0.792672 1.54286 0.788486 1.23891
threshold=72.46854156041698 40.121445064532828 82.73989618945761 82.611920185725026 130.80481722504734 64.500000000000014 76.562521165297639 192.75880728777858 283.50000000000006 0.84750952922804623 45.511762128286534 68.412689000051472 12.500000000000002 0.99043557303666285 69.500000000000014 767.50000000000011 722.25000000000011 74.464290164946064 466.4500000000001 68.917765224499036 55.962935245587694 28.998947202065938 0.51972456038539805 31.550000000000004 7.1500000000000012 68.500000000000014 74.464290164946064 77.853156985191362 508.80000000000001 -0.97873101657557326
decision_type=2 2 2 2 2 2 2 2 2 2 2 2 2 2 2 2 2 2 2 2 2 2 2 2 2 2 2 2 2 2
left_child=1 -1 3 6 20 8 14 19 9 10 -6 -10 -12 -13 15 16 24 -17 -14 -8 -3 -19 23 -20 -2 -7 -26 -28 -25 -30
right_child=2 4 -4 -5 5 25 7 -9 11 -11 12 13 18 -15 -16 17 -18 21 22 -21 -22 -23 -24 28 26 -27 27 -29 29 -31
leaf_value=-0.90052937133243027 -0.006596710507425327 -0.034896489624756839 0.31227497818351041 0.12830302165009519 0.051690220201892845 -0.014554791473412468 0.1012435213282557 0.11178363365850706 0.0012541782160326448 0.0005521597925601876 -0.0014303730878635762 0.025379381048547867 0.039288387029024013 0.046612437204396673 0.0026099965109219561 0.056896958387249411 0.06285417358291874 0.10682992442054057 -0.0041646197739408398 0.054099686007261463 0.0015177902273850734 0.047715693701780332 0.053019527001607697 -0.0031307094433710076 0.035564399058608934 0.00093014721378780916 -0.0019816014555209594 0.072301407896309108 0.01349101362527338 0.028636822218722571
leaf_weight=5175 20 281 70 24 28 221 20 41 230 99 45 22 30 30 41 27 21 32 28 37 142 22 41 21 23 20 35 21 78 102
leaf_count=5175 20 281 70 24 28 221 20 41 230 99 45 22 30 30 41 27 21 32 28 37 142 22 41 21 23 20 35 21 78 102
internal_value=-0.00203287 -0.00350599 0.0203456 0.0162912 0.0019464 0.00384422 0.0144118 0.0215306 0.0057427 0.00771186 0.00974531 0.00244681 0.00847826 0.0123077 0.0115289 0.013408 0.00958333 0.0190741 0.00983333 0.0151754 -0.00251773 0.0144444 0.0087037 0.00744541 0.00661616 -0.00209544 0.00892405 0.00571428 0.00893035 0.01
internal_weight=7027 6593 434 364 1418 995 340 98 754 472 373 282 345 52 242 201 120 81 300 57 423 54 270 229 99 241 79 56 201 180
internal_count=7027 6593 434 364 1418 995 340 98 754 472 373 282 345 52 242 201 120 81 300 57 423 54 270 229 99 241 79 56 201 180
is_linear=0
shrinkage=0.05


Tree=29
num_leaves=31
num_cat=0
split_feature=18 18 18 14 7 17 18 6 13 5 0 17 2 10 6 18 18 1 9 6 5 10 2 18 1 15 3 18 3 16
split_gain=85.2494 17.5782 15.7017 7.02564 4.00758 3.13513 2.7881 2.05714 1.84192 1.66163 1.59757 1.67768 1.96186 2.35644 2.17286 1.55204 1.31254 1.99446 1.3034 1.25125 1.21985 1.13922 1.84 1.20227 1.2214 1.07783 1.06778 1.03566 1.01474 1.72118
threshold=69.189314489942134 81.371457857181568 39.765142305465723 78.335204095115998 -0.5 31.27657349735799 54.000943227609852 1.0000000180025095e-35 0.8848305238903712 21.500000000000004 656.50000000000011 31.27657349735799 288.50000000000006 -0.23449138957041016 8.5000000000000018 82.73989618945761 72.279928134327477 655.6500000000002 0.53436760985011655 68.500000000000014 30.500000000000004 0.098816478347602127 187.50000000000003 66.077347827369934 566.10000000000014 67.192383518535209 26.550000000000004 61.602137314521649 18.950000000000003 20.961211414856738
decision_type=2 2 2 2 2 2 2 2 2 2 2 2 2 2 2 2 2 2 2 2 2 2 2 2 2 2 2 2 2 2
left_child=2 3 -1 8 10 7 -6 -5 -2 16 11 12 13 14 -4 -3 -10 -18 -15 21 -11 23 27 -8 -25 -22 -20 -23 -27 -30
right_child=1 15 4 5 6 -7 19 -9 9 20 -12 -13 -14 18 -16 -17 17 -19 26 -21 25 22 -24 24 -26 28 -28 -29 29 -31
leaf_value=-0.86759817607510503 0.025313928041865909 0.11062193602388148 0.041059347320812643 0.10036775616071757 -0.08252655296415197 0.13011143000118267 -0.0013971084175613661 0.058476124776578577 0.025970026507211072 0.030696829216315599 0.0009147777396802015 -0.0025626266574784607 -0.017518457445773093 0.017429343682314243 0.033599552348362448 0.29666122927433491 0.10428111766652515 0.060173555207090369 0.048767485101254483 -0.020452829794653942 0.0097441411660612997 0.020987894085532022 0.024292488066046291 0.024606204858695451 0.039674581398731867 0.018632243252166086 0.02424621853713177 -0.026922476625850286 0.061266308371611136 0.043552061754826642
leaf_weight=5160 69 28 20 24 253 28 309 21 36 71 97 48 27 79 50 70 26 40 20 144 47 47 22 76 24 23 25 24 38 81
leaf_count=5160 69 28 20 24 253 28 309 21 36 71 97 48 27 79 50 70 26 40 20 144 47 47 22 76 24 23 25 24 38 81
internal_value=-0.00206134 0.0159302 -0.00374708 0.0121627 0.00124506 0.0265068 -0.000550613 0.0183333 0.00973318 0.0111602 0.00565574 0.0076394 0.00947964 0.0112371 0.0185714 0.0353061 0.0165686 0.0207576 0.00709677 0.00119195 0.00903846 0.00237052 0.00736559 0.00123472 0.006 0.0111376 0.0138889 0.0034507 0.0133099 0.0151681
internal_weight=7027 602 6425 504 1265 73 899 45 431 362 366 269 221 194 70 98 102 66 124 646 260 502 93 409 100 189 45 71 142 119
internal_count=7027 602 6425 504 1265 73 899 45 431 362 366 269 221 194 70 98 102 66 124 646 260 502 93 409 100 189 45 71 142 119
is_linear=0
shrinkage=0.05


Tree=30
num_leaves=31
num_cat=0
split_feature=18 18 18 14 7 6 18 9 12 13 15 6 14 9 17 16 4 4 6 10 2 18 3 16 6 9 2 13 17 3
split_gain=78.2047 16.4093 15.0703 7.29468 4.71788 3.97787 2.80303 2.34056 4.49287 2.21854 1.95375 1.39801 1.35589 3.96319 1.21633 1.10455 1.0971 1.08844 1.06978 1.20905 1.67937 1.07329 1.06004 1.04005 1.00019 1.18411 2.07792 1.43442 1.20984 0.945294
threshold=69.189314489942134 82.73989618945761 38.270594769242109 78.335204095115998 -0.5 3.5000000000000004 54.000943227609852 -0.74694441919030197 253.16902249952926 0.95890541068206059 79.271261223352738 74.500000000000014 59.198403367782696 0.43664718845046319 31.023932121514495 17.267590966577099 5.6500000000000012 9.6500000000000004 68.500000000000014 0.1159303052754759 187.50000000000003 61.602137314521649 17.550000000000004 22.65739861525682 86.500000000000014 0.27609441636666071 234.50000000000003 0.99939540507859748 26.956081834571798 41.650000000000013
decision_type=2 2 2 2 2 2 2 2 2 2 2 2 2 2 2 2 2 2 2 2 2 2 2 2 2 2 2 2 2 2
left_child=2 3 -1 9 7 14 -6 8 -4 16 15 12 13 -9 -5 -11 -2 -3 19 -8 21 22 -21 -18 25 28 -27 -28 -17 -14
right_child=1 17 4 5 6 -7 18 11 -10 10 -12 -13 29 -15 -16 24 23 -19 -20 20 -22 -23 -24 -25 -26 26 27 -29 -30 -31
leaf_value=-0.91792030303875982 -0.0080910203569244752 0.18577750028113243 0.029754432188217883 0.092949423281343702 -0.089390133612163816 0.047556987121943145 0.0022193325759938889 0.0027524901480965613 0.043181058730985072 -0.0013700913910367305 0.099745004001163567 -0.005888821436468239 0.019110217099015506 0.048137038622877951 0.12546346527686156 0.041689743348786557 0.030900005594302834 0.30051374985298979 -0.019430188304921357 -0.0053437828404959793 0.024070657311029642 -0.02557635279455784 0.037957743591019985 0.011259789537910694 0.017462896266530657 0.074989416713225121 0.026511454732669488 0.050632229665889421 0.041086278126435866 -0.0076269779399029576
leaf_weight=5085 30 21 55 27 295 23 412 31 21 20 22 67 177 20 33 21 103 49 144 21 20 24 25 54 29 22 20 35 93 28
leaf_count=5085 30 21 55 27 295 23 412 31 21 20 22 67 177 20 33 21 103 49 144 21 20 24 25 54 29 22 20 35 93 28
internal_value=-0.00213249 0.0150997 -0.00374708 0.0121053 0.000970148 0.0257229 -0.000961744 0.00552631 0.0134211 0.00958797 0.0125573 0.00366873 0.00535156 0.0126471 0.0325 0.01125 0.00542781 0.0378571 0.000882352 0.00197211 0.00722222 0.00357143 0.00804348 0.00710191 0.0122727 0.0135864 0.0183766 0.0131818 0.0103509 0.00353658
internal_weight=7027 602 6425 532 1340 83 941 399 76 449 262 323 256 51 60 240 187 70 646 502 90 70 46 157 220 191 77 55 114 205
internal_count=7027 602 6425 532 1340 83 941 399 76 449 262 323 256 51 60 240 187 70 646 502 90 70 46 157 220 191 77 55 114 205
is_linear=0
shrinkage=0.05


Tree=31
num_leaves=31
num_cat=0
split_feature=18 18 18 14 12 6 14 3 11 6 18 14 2 16 3 18 16 4 12 13 15 18 2 0 16 4 1 6 17 5
split_gain=71.3751 19.834 12.9266 6.45887 4.94288 4.80386 2.44686 2.55737 3.93443 2.32204 2.06476 1.74556 1.7615 2.03639 1.7335 1.71905 1.62359 1.38394 1.35078 1.27548 1.22147 1.15238 1.16667 1.0647 0.896862 1.09091 1.14512 0.991869 0.810241 0.958497
threshold=72.46854156041698 37.199530931578501 82.73989618945761 82.611920185725026 144.88819994908604 64.500000000000014 59.198403367782696 20.450000000000003 37.067659101532449 39.500000000000007 65.82833955246268 78.335204095115998 215.50000000000003 22.647110033780503 40.150000000000013 54.000943227609852 21.037684724265088 17.550000000000004 253.16902249952926 0.68399223954901534 72.442416780131438 85.285009830143608 208.50000000000003 666.50000000000011 20.874797953484293 9.1500000000000004 525.85000000000014 13.500000000000002 30.067846226283365 26.500000000000004
decision_type=2 2 2 2 2 2 2 2 2 2 2 2 2 2 2 2 2 2 2 2 2 2 2 2 2 2 2 2 2 2
left_child=1 -1 3 9 15 6 7 -6 -9 11 14 12 -2 -14 18 -3 17 -10 28 -17 -11 22 -4 -20 25 -12 -27 -26 29 -8
right_child=2 4 21 -5 5 -7 10 8 16 20 24 -13 13 -15 -16 19 -18 -19 23 -21 -22 -23 -24 -25 27 26 -28 -29 -30 -31
leaf_value=-0.9510507040874896 0.043852011940582025 -0.10607235185611417 0.12037156109112344 0.10940146874771324 -0.0069256966643113892 -0.0081423285161525711 0.042443264228631733 0.050677187699758035 0.0066290301818753275 -0.0038981092411084686 0.0082446839398690082 0.10965619489360189 0.081288561101509213 0.055767959808298122 -0.0055678096447990127 0.020261434362556872 0.035430058955959708 0.031202181718475337 0.029980248048565472 -0.002635006289568689 0.03151199559393799 0.31316660531074497 0.17280289864732545 0.015617190207377228 0.035370942730740776 0.031344971472048531 0.024134699922491443 -0.0070962134569331151 -0.0038099388732543678 0.0071871926740089444
leaf_weight=5025 145 270 21 24 31 235 40 24 62 37 22 40 42 37 120 58 22 25 28 302 39 28 21 23 84 21 23 31 66 81
leaf_count=5025 145 270 21 24 31 235 40 24 62 37 22 40 42 37 120 58 22 25 28 302 39 28 21 23 84 21 23 31 66 81
internal_value=-0.00217518 -0.00346807 0.0174654 0.0136813 0.00144133 0.003742 0.00581081 0.0111585 0.0141729 0.0119118 0.00418367 0.0141288 0.0124107 0.0184177 0.00198324 -0.00198413 0.0101376 0.00706896 0.00445378 0.000277777 0.00421053 0.0371429 0.0319048 0.0116667 0.00853591 0.0131818 0.0177273 0.00586956 0.00248663 0.00491735
internal_weight=7027 6593 434 364 1568 938 703 164 133 340 539 264 224 79 358 630 109 87 238 360 76 70 42 51 181 66 44 115 187 121
internal_count=7027 6593 434 364 1568 938 703 164 133 340 539 264 224 79 358 630 109 87 238 360 76 70 42 51 181 66 44 115 187 121
is_linear=0
shrinkage=0.05


Tree=32
num_leaves=31
num_cat=0
split_feature=18 13 18 14 6 12 6 11 1 2 4 18 17 6 16 2 0 4 13 12 1 14 14 3 1 12 18 17 15 17
split_gain=60.9707 19.4854 13.1539 5.0963 4.5824 3.90236 3.54381 2.04068 5.4372 1.74147 1.65779 1.61984 1.61033 1.4146 1.42744 2.17474 1.22975 1.29815 1.24625 1.09898 1.36864 1.67053 1.56611 1.16679 1.07413 0.919821 0.875 0.78047 0.747097 1.09091
threshold=72.704182672936 0.53097657059921222 83.240157854491557 78.335204095115998 74.500000000000014 109.12481569082722 3.5000000000000004 37.667460987063379 518.45000000000016 289.50000000000006 13.850000000000003 81.371457857181568 31.023932121514495 36.500000000000007 20.961211414856738 194.50000000000003 514.50000000000011 10.65 0.65784548784548791 144.88819994908604 528.75000000000011 60.421538932929742 68.6338793735937 40.250000000000007 687.20000000000016 115.10957683589019 85.285009830143608 26.216152394423652 67.658304142188697 27.557645066419841
decision_type=2 2 2 2 2 2 2 2 2 2 2 2 2 2 2 2 2 2 2 2 2 2 2 2 2 2 2 2 2 2
left_child=1 -1 3 9 5 -3 12 8 10 11 -7 13 -5 14 15 -2 -9 28 -19 25 21 -21 -22 27 -10 -20 -4 -23 -18 -30
right_child=2 4 26 6 -6 7 -8 16 24 -11 -12 -13 -14 -15 -16 -17 17 18 19 20 22 23 -24 -25 -26 -27 -28 -29 29 -31
leaf_value=-0.88021137079558365 0.045488362014433688 -0.033350784909384611 0.15961112612493619 0.096279172275626157 -0.024331172291032474 0.040748154397269372 0.045232320472836672 -0.024288007348480536 0.013479457812600099 0.090557687062672879 0.048964300221777585 0.075363096548280592 0.11465112691931974 -0.0015040875994357236 0.040974258889592233 0.055870365907501773 -0.0023567209364948969 0.017326952015005732 0.0038620896828359258 0.027853072587022409 0.028214574055649224 0.021075821783500523 0.015154651040261381 -0.0046962306424658349 0.046476707220036086 -0.0018488767316957356 0.29750827504520794 -0.0013468848736599055 0.027686105995340222 0.008835001146545271
leaf_weight=5040 44 199 28 23 365 25 21 57 156 21 28 28 31 51 122 23 194 30 20 40 41 44 73 80 20 94 28 26 20 55
leaf_count=5040 44 199 28 23 365 25 21 57 156 21 28 28 31 51 122 23 194 30 20 40 41 44 73 80 20 94 28 26 20 55
internal_value=-0.00228191 -0.00345618 0.0161905 0.0127198 0.00141353 0.00290349 0.0243333 0.00417248 0.00831878 0.00970588 0.0223585 0.0086194 0.0311111 0.00729167 0.00928571 0.0151493 0.00294574 0.00350767 0.00515625 0.00444976 0.00601974 0.00342105 0.0103509 0.000999999 0.00409091 0.000263157 0.03875 0.00571428 0.000762081 0.005
internal_weight=7027 6607 420 364 1567 1202 75 1003 229 289 53 268 54 240 189 67 774 717 448 418 304 190 114 150 176 114 56 70 269 75
internal_count=7027 6607 420 364 1567 1202 75 1003 229 289 53 268 54 240 189 67 774 717 448 418 304 190 114 150 176 114 56 70 269 75
is_linear=0
shrinkage=0.05


Tree=33
num_leaves=31
num_cat=0
split_feature=14 1 18 6 18 18 18 12 12 12 2 4 0 4 17 2 13 18 18 5 16 13 4 4 0 11 4 13 4 1
split_gain=61.1626 23.0066 6.22579 4.98399 4.88975 4.82578 3.52423 3.33298 2.7603 2.72068 1.83556 1.82174 1.77787 1.48205 1.47262 1.20471 1.16028 1.67486 1.15006 1.13243 1.13097 1.07901 1.06816 1.58946 2.46138 1.43546 1.20987 0.875758 0.72867 0.70537
threshold=53.041983816106644 720.25000000000011 54.000943227609852 31.500000000000004 46.300531869669946 85.285009830143608 72.279928134327477 208.48142957228484 164.11731283514527 192.75880728777858 217.50000000000003 16.250000000000004 822.50000000000011 18.350000000000005 31.27657349735799 283.50000000000006 0.99043557303666285 68.412689000051472 82.16717085159452 25.500000000000004 23.201690967835237 0.68399223954901534 10.950000000000001 19.250000000000004 588.50000000000011 37.067659101532449 13.65 0.99939540507859748 27.750000000000004 495.10000000000008
decision_type=2 2 2 2 2 2 2 2 2 2 2 2 2 2 2 2 2 2 2 2 2 2 2 2 2 2 2 2 2 2
left_child=2 3 -1 4 11 9 15 10 21 18 -8 19 28 27 -11 20 -17 29 -3 -2 22 -4 25 24 -24 -6 -26 -12 -5 -18
right_child=1 5 8 12 6 -7 7 -9 -10 14 13 -13 -14 -15 -16 16 17 -19 -20 -21 -22 -23 23 -25 26 -27 -28 -29 -30 -31
leaf_value=-0.44711582590086829 0.056801843737140971 0.051973317650118603 0.018439727195280205 -0.0044308082409368569 0.037705103737443707 0.28424572830017353 0.020917114032483936 0.091934913996990997 0.093867061603194885 0.07404410836964663 0.034986774303232486 0.025486105073487891 0.025349514618202187 0.081732867108499391 0.12981805571588942 -0.0034968981188650975 0.023377227821911716 0.036969583109039798 0.097385473244759754 0.043822167752152669 -0.0030687412546971269 -0.0015633609112997604 0.0093007162966201179 0.0014793574465452057 0.028721520028227001 0.0065183500655862509 0.041458910185372143 0.060889166417574539 0.0070414180856963994 -0.0040211212600159167
leaf_weight=5317 28 34 58 290 22 27 109 30 20 24 24 40 40 23 34 152 26 26 30 38 64 274 29 33 37 102 24 20 25 27
leaf_count=5317 28 34 58 290 22 27 109 30 20 24 24 40 40 23 34 152 26 26 30 38 64 274 29 33 37 102 24 20 25 27
internal_value=-0.00219653 0.00733431 -0.00447963 0.00504963 0.00711944 0.0258725 0.00569519 0.0112621 0.00196023 0.0216393 0.00863636 0.0171698 7.04213e-05 0.0151493 0.0294828 0.00357933 0.000844155 0.00575949 0.0145312 0.0222727 0.00561093 0.000873493 0.00714575 0.0104472 0.0138889 0.00387097 0.0195902 0.00977273 -0.00119048 0.000660376
internal_weight=7027 1358 5669 1209 854 149 748 206 352 122 176 106 355 67 58 542 231 79 64 66 311 332 247 123 90 124 61 44 315 53
internal_count=7027 1358 5669 1209 854 149 748 206 352 122 176 106 355 67 58 542 231 79 64 66 311 332 247 123 90 124 61 44 315 53
is_linear=0
shrinkage=0.05


Tree=34
num_leaves=31
num_cat=0
split_feature=14 1 18 6 18 18 18 18 12 12 0 15 0 4 17 9 6 15 16 16 6 6 13 3 1 2 16 12 18 0
split_gain=60.3952 23.1943 5.44629 5.127 4.99659 4.06161 4.69014 4.152 3.35317 3.01244 2.3017 2.00438 1.5878 1.47722 1.47262 1.39518 1.34475 1.59433 1.6875 1.25108 1.15327 1.02029 1.21356 0.990185 1.17258 0.937662 0.848515 1.12593 2.02828 1.0593
threshold=50.747174809461065 720.25000000000011 49.932353608097806 31.500000000000004 85.285009830143608 48.004898941830156 34.86358411418319 72.279928134327477 208.48142957228484 192.75880728777858 468.50000000000006 67.959602083937838 829.50000000000011 18.350000000000005 31.27657349735799 -0.93982124484292595 17.500000000000004 38.712889201876969 21.503357666677086 21.203951212947413 5.5000000000000009 42.500000000000007 0.68399223954901534 41.650000000000013 551.25000000000011 141.50000000000003 23.201690967835237 205.96498486069854 65.82833955246268 721.50000000000011
decision_type=2 2 2 2 2 2 2 2 2 2 2 2 2 2 2 2 2 2 2 2 2 2 2 2 2 2 2 2 2 2
left_child=2 3 -1 5 9 6 -2 23 13 19 20 21 -5 -9 -11 -15 17 -12 -19 -3 -8 22 25 26 -25 -4 27 -7 29 -29
right_child=1 4 11 12 -6 7 10 8 -10 14 16 -13 -14 15 -16 -17 -18 18 -20 -21 -22 -23 -24 24 -26 -27 -28 28 -30 -31
leaf_value=-0.63575291627700425 -0.092038735676901962 0.036312333449619622 -0.0066936092974540177 -0.0017498591671634509 0.27003344188516459 0.0023409636443415026 0.036048065753762328 0.033680278361607655 0.087338168297141305 0.070341902951164229 0.02058195632187499 0.063490642425329508 0.025567233223285898 0.12093486050747804 0.12332715293009507 0.081943149890902484 0.0047038500896041157 0.03544863799199087 0.033446471267081522 0.090185483931969526 0.060272993126860214 -0.023916444115314604 0.00036056152720401392 -0.0043740904162382502 0.040055914132889198 0.02998739108482323 -0.0044439214838362896 0.021118017519367847 0.028847354473721477 -0.0032964309994172368
leaf_weight=5186 28 22 20 362 27 132 29 139 30 24 21 21 32 20 34 21 22 24 24 42 23 81 200 88 21 35 59 126 75 59
leaf_count=5186 28 22 20 362 27 132 29 139 30 24 21 21 32 20 34 21 22 24 24 42 23 81 200 88 21 35 59 126 75 59
internal_value=-0.00213249 0.00682614 -0.00453094 0.00473783 0.0255369 0.00674283 0.0137134 0.0051948 0.0111905 0.0212295 0.0173776 0.00144258 -5.07626e-05 0.00861111 0.0294828 0.0169512 0.0125824 0.0160145 0.0210417 0.01375 0.0257692 0.000505951 0.00205882 0.00294643 -0.00133028 0.00863636 0.00398004 0.00482143 0.00673077 0.00391892
internal_weight=7027 1484 5543 1335 149 941 171 770 210 122 143 357 394 180 58 41 91 69 48 64 52 336 255 560 109 55 451 392 260 185
internal_count=7027 1484 5543 1335 149 941 171 770 210 122 143 357 394 180 58 41 91 69 48 64 52 336 255 560 109 55 451 392 260 185
is_linear=0
shrinkage=0.05


Tree=35
num_leaves=31
num_cat=0
split_feature=14 1 18 6 18 18 18 18 12 12 0 6 2 4 17 1 12 13 18 15 14 16 16 6 13 6 16 3 1 4
split_gain=56.7613 23.9308 5.17037 4.79424 4.69909 2.76749 7.38955 4.56748 2.72494 2.69135 1.70814 1.76037 1.66635 1.71196 1.43275 2.02915 1.43112 1.40086 1.36181 1.86069 1.3586 1.25108 1.06061 1.02915 1.29509 1.89106 0.818182 0.732183 1.10568 0.793147
threshold=47.593982546932629 720.25000000000011 85.285009830143608 31.500000000000004 49.932353608097806 48.004898941830156 34.399880583149859 72.279928134327477 208.48142957228484 192.75880728777858 478.50000000000006 17.500000000000004 215.50000000000003 15.250000000000002 25.959126420921944 456.25000000000006 150.52620124561747 0.94525106900092293 76.140408329375774 75.449983897206323 60.762895483759443 21.203951212947413 21.121786912540429 42.500000000000007 0.70952064336372855 3.5000000000000004 22.352907768949716 41.650000000000013 551.25000000000011 10.15
decision_type=2 2 2 2 2 2 2 2 2 2 2 2 2 2 2 2 2 2 2 2 2 2 2 2 2 2 2 2 2 2
left_child=4 3 9 5 -1 6 -2 27 12 21 20 14 -9 26 -12 -16 23 -11 -5 -20 22 -3 -8 24 25 -6 -14 29 -29 -7
right_child=1 2 -4 18 16 7 10 8 -10 17 11 -13 13 -15 15 -17 -18 -19 19 -21 -22 -23 -24 -25 -26 -27 -28 28 -30 -31
leaf_value=-0.66758175726517932 -0.23043394833558928 0.034496716777138864 0.25653176979090658 -0.001588959178919493 0.002820423414753899 0.004219764815608729 0.05853762834150783 0.017771713290004619 0.082971259882284445 0.07163341506734254 0.033706106367347416 -0.011488590067322934 0.04805696165002777 0.092093399274914028 0.015077976627875744 0.033313570776494598 0.02682146479804462 0.097295274556042963 -0.0041258878686264806 0.045415471296958144 0.027962827296901912 0.085676209735370767 0.041762665047597076 -0.035661858734118999 -0.0028862829023049647 0.024101188786076328 0.031962246796163947 -0.004153237652290238 0.038053118426244564 0.016263451552877714
leaf_weight=5129 52 22 27 391 43 189 22 111 30 26 22 21 22 27 24 22 21 32 20 21 20 42 20 65 151 22 22 94 21 296
leaf_count=5129 52 22 27 391 43 189 22 111 30 26 22 21 22 27 24 22 21 32 20 21 20 42 20 65 151 22 22 94 21 296
internal_value=-0.00216807 0.00612155 0.0252013 0.00415688 -0.00460413 0.00603448 0.0112562 0.00472906 0.0110377 0.0208197 0.0168543 0.0124157 0.00873626 0.0147183 0.0163235 0.0113043 0.00145695 0.0286207 -0.000254631 0.00841463 0.0232258 0.01375 0.0283333 0.000516013 0.00217592 0.00807692 0.00863636 0.0025 -0.00108696 0.00335051
internal_weight=7027 1596 149 1447 5431 1015 203 812 212 122 151 89 182 71 68 46 302 58 432 41 62 64 42 281 216 65 44 600 115 485
internal_count=7027 1596 149 1447 5431 1015 203 812 212 122 151 89 182 71 68 46 302 58 432 41 62 64 42 281 216 65 44 600 115 485
is_linear=0
shrinkage=0.05


Tree=36
num_leaves=31
num_cat=0
split_feature=14 18 6 18 14 18 7 18 18 15 18 5 12 1 17 14 9 10 16 15 0 5 1 13 15 18 6 18 2 9
split_gain=53.1244 23.2959 5.53796 5.45108 4.76801 3.76513 3.55046 3.2463 7.07961 3.05556 2.7219 2.16075 1.88708 1.88208 1.32326 1.19358 2.40048 1.87154 0.915238 2.25412 1.5111 0.876276 1.13312 0.827788 1.04121 1.27811 1.16667 0.754561 0.84899 0.751111
threshold=46.358643800561815 81.371457857181568 31.500000000000004 43.880278097219168 77.740831887334039 85.285009830143608 0.25881904510252091 48.768035209784166 34.399880583149859 77.740831887334039 71.454311638622698 13.500000000000002 192.75880728777858 652.00000000000011 27.715266127371958 62.498675854447228 0.22611359161738889 -0.63872576220844923 20.961211414856738 68.568879458913685 618.50000000000011 20.500000000000004 448.75000000000006 0.70179381372983674 51.072527492515114 59.991993913261091 42.500000000000007 69.569615983355462 286.50000000000006 0.80900950266415306
decision_type=2 2 2 2 2 2 2 2 2 2 2 2 2 2 2 2 2 2 2 2 2 2 2 2 2 2 2 2 2 2
left_child=3 2 4 -1 7 12 -5 8 -2 -6 21 -10 29 14 -12 16 17 -13 19 -15 -21 -9 -23 24 -8 26 -26 -4 -29 -3
right_child=1 5 27 6 9 -7 23 10 11 -11 13 15 -14 18 -16 -17 -18 -19 -20 20 -22 22 -24 -25 25 -27 -28 28 -30 -31
leaf_value=-0.74360792593819669 -0.20280159625178695 0.094237757157580176 -0.0057697343310781496 0.034188994248933374 0.033168296958043443 0.24209231429413527 -0.0091172808228772908 -0.0011794926466605416 0.017946098536555235 0.12531408566809796 0.046143360912437835 0.0078128614447054903 0.1179290481146613 -0.0076634056733255159 0.043130135784977708 0.031774610691880388 0.045384467956508322 0.041695375338764995 0.021089211750497456 0.010193578960956455 0.076042981907157789 0.022224450559343974 0.0074016406137508333 -0.012827752907749089 0.030117122030087713 -0.0061107312781808719 0.0073107652626224068 0.0055861575327742288 0.029288084886138179 0.04305434142555465
leaf_weight=5045 54 25 337 24 66 28 65 188 38 24 21 27 24 23 39 22 30 43 105 24 23 32 321 207 21 20 21 90 20 20
leaf_count=5045 54 25 337 24 66 28 65 188 38 24 21 27 24 23 39 22 30 43 105 24 23 32 321 207 21 20 21 90 20 20
internal_value=-0.00215384 0.00577586 0.00426653 -0.0045373 0.0062037 0.0295361 0.00142458 0.00520202 0.0106542 0.0172222 0.00369845 0.0159375 0.0232609 0.00819149 0.0158333 0.0191803 0.0215 0.0164286 0.00557143 0.01 0.0162766 0.00174676 0.0032153 8.98192e-05 0.00326772 0.00790322 0.0128571 -0.000413871 0.00318182 0.0172222
internal_weight=7027 1624 1527 5403 1080 97 358 990 214 90 776 160 69 235 60 122 100 70 175 70 47 541 353 334 127 62 42 447 110 45
internal_count=7027 1624 1527 5403 1080 97 358 990 214 90 776 160 69 235 60 122 100 70 175 70 47 541 353 334 127 62 42 447 110 45
is_linear=0
shrinkage=0.05


Tree=37
num_leaves=31
num_cat=0
split_feature=18 18 12 18 18 6 18 10 9 14 14 6 3 15 14 4 18 6 15 14 0 0 6 1 4 14 1 18 6 10
split_gain=55.6505 23.5962 7.28551 4.01177 6.18001 4.96523 3.42857 2.96561 2.6701 2.6016 2.33717 1.90838 1.84505 1.5157 1.44643 1.34216 1.33866 1.23148 1.21905 1.03349 0.940978 1.5 1.14603 1.10254 1.07916 2.35204 1.00293 0.885112 1.57723 0.987662
threshold=35.315619997584982 82.16717085159452 164.11731283514527 45.511762128286534 72.704182672936 84.500000000000014 85.285009830143608 -0.66483077113278999 0.60505046667002438 51.526896859582202 59.943741985843658 43.500000000000007 27.350000000000005 68.568879458913685 52.790015398749141 13.250000000000002 41.964922141061898 84.500000000000014 81.996375818153822 48.494534078851459 656.50000000000011 608.50000000000011 64.500000000000014 510.50000000000006 15.850000000000003 68.917765224499036 551.25000000000011 75.536447250035124 4.5000000000000009 0.98043284291745803
decision_type=2 2 2 2 2 2 2 2 2 2 2 2 2 2 2 2 2 2 2 2 2 2 2 2 2 2 2 2 2 2
left_child=-1 2 16 5 9 7 18 14 13 -5 -9 12 -10 -6 -4 -14 -2 -18 -3 -7 21 -11 26 -22 -25 -26 -23 -15 29 -29
right_child=1 6 3 4 8 19 -8 10 11 20 -12 -13 15 27 -16 -17 17 -19 -20 -21 23 22 -24 24 25 -27 -28 28 -30 -31
leaf_value=-0.80518160640758163 -0.051364012142348148 0.089525868692653207 0.026390235649554519 0.031107537151313532 -0.0063249178881051235 0.023555274045376311 0.22998769857942825 0.050250323723872926 0.12609322831319097 0.0056574258976318835 0.030719856242948179 0.014012366988953459 0.050678698211515272 0.043179337194272804 0.00037836979560026962 0.10987797098398447 0.0065417165032621615 -0.020963177135594056 0.12355825451012614 -0.027034042624581311 -0.0044302000061395381 0.033145684807412347 -0.00016668558914267016 0.0024828782657136108 0.030461214296575907 0.0035949459414316878 0.02624799721709517 0.057175202514665284 -0.0066457444440824577 0.0012987128824895749
leaf_weight=4935 138 35 28 23 22 20 28 55 20 162 38 35 34 36 28 20 613 126 21 42 193 39 21 152 20 39 21 35 28 20
leaf_count=4935 138 35 28 23 22 20 28 55 20 162 38 35 34 36 28 20 613 126 21 42 193 39 21 152 20 39 21 35 28 20
internal_value=-0.00208268 0.00475143 0.00366534 0.00631742 0.0048913 0.0125355 0.0307143 0.0174832 0.0116 0.00238806 0.022957 0.0174771 0.022027 0.00705674 0.00839286 0.0172222 0.000245153 0.00108931 0.0235714 0.00064516 0.00180062 0.00425926 0.00981481 0.000321781 0.0028199 0.00855932 0.0133333 0.00928571 0.00644578 0.0113636
internal_weight=7027 2092 2008 1131 920 211 84 149 250 670 93 109 74 141 56 54 877 739 56 62 647 243 81 404 211 59 60 119 83 55
internal_count=7027 2092 2008 1131 920 211 84 149 250 670 93 109 74 141 56 54 877 739 56 62 647 243 81 404 211 59 60 119 83 55
is_linear=0
shrinkage=0.05


Tree=38
num_leaves=31
num_cat=0
split_feature=18 18 12 14 2 6 15 14 6 14 11 6 11 5 18 11 18 16 15 12 17 6 7 4 0 18 15 1 14 17
split_gain=52.5175 21.0057 6.50604 5.35234 4.01962 3.93709 2.86436 2.59229 3.66979 2.34901 2.2406 1.8528 2.34583 1.77479 1.64902 1.34617 1.32339 1.17085 1.42279 1.14884 1.09247 1.02395 0.93561 0.891494 1.63293 0.881043 1.22709 2.25259 0.837154 0.746528
threshold=34.399880583149859 82.16717085159452 164.11731283514527 52.790015398749141 276.50000000000006 15.500000000000002 76.562521165297639 64.213614264853774 35.500000000000007 75.235558279728778 37.667460987063379 1.0000000180025095e-35 67.738542753456969 19.500000000000004 38.056245951747449 44.75741238010621 41.964922141061898 20.849976533401897 53.316690557036331 192.75880728777858 30.238850774808856 84.500000000000014 -0.5 5.8500000000000005 618.50000000000011 71.454311638622698 69.37147781078626 652.00000000000011 59.943741985843658 27.299332352638832
decision_type=2 2 2 2 2 2 2 2 2 2 2 2 2 2 2 2 2 2 2 2 2 2 2 2 2 2 2 2 2 2
left_child=-1 2 16 5 6 -4 7 8 10 -3 28 12 -6 -11 -7 -12 -2 18 -9 20 -8 25 -16 -20 -25 29 27 -27 -5 -18
right_child=1 9 3 4 11 14 19 17 -10 13 15 -13 -14 -15 22 -17 21 -19 23 -21 -22 -23 -24 24 -26 26 -28 -29 -30 -31
leaf_value=-0.79376422022778115 -0.051202570799978357 0.074172187425274969 0.059609638334320127 0.03800527111363991 -0.00093853987657841463 0.0268379606703609 0.058263407599835997 -0.0026519338347152852 -0.0022379389747111721 0.21164245905022716 0.0061961981032629919 -0.0027501217392982688 0.051935377458034976 0.12235342598212783 0.0343829409961285 0.0411995735502255 -0.0016049154102954486 0.011827003387960593 0.0041432894466835188 0.072087935621252278 0.008602379792889461 -0.019915018278814478 0.023559335076581811 0.011824385256191552 0.040366792405977153 0.027816527316333713 0.0052337988657735956 0.021557141352717878 0.034349780604131755 0.013686599683258999
leaf_weight=4905 153 29 28 39 40 34 20 38 49 34 33 266 27 21 20 20 278 284 27 52 23 126 31 38 40 23 58 28 37 226
leaf_count=4905 153 29 28 39 40 34 20 38 49 34 33 266 27 21 20 20 278 284 27 52 23 126 31 38 40 23 58 28 37 226
internal_value=-0.00214672 0.00442507 0.00341511 0.0059075 0.00477735 0.0162389 0.00692857 0.00566116 0.0107303 0.0289286 0.015155 0.000255254 0.00768657 0.035 0.0108824 0.00726415 0.000213003 0.00354801 0.00723776 0.015 0.00895349 0.00108931 0.0165686 0.0102381 0.0129487 0.00193311 0.00600917 0.0116667 0.0206579 0.00105159
internal_weight=7027 2122 2038 1146 1033 113 700 605 178 84 129 333 67 55 85 53 892 427 143 95 43 739 51 105 78 613 109 51 76 504
internal_count=7027 2122 2038 1146 1033 113 700 605 178 84 129 333 67 55 85 53 892 427 143 95 43 739 51 105 78 613 109 51 76 504
is_linear=0
shrinkage=0.05


Tree=39
num_leaves=31
num_cat=0
split_feature=18 18 12 14 6 18 15 1 14 17 2 15 16 18 1 17 6 5 18 13 15 17 14 17 17 3 3 15 9 1
split_gain=49.3345 19.4393 5.42963 4.20865 3.95458 5.13655 4.36965 3.19342 2.4839 2.43546 2.3711 2.08127 1.99406 1.35868 1.34178 1.07333 1 0.985023 0.965891 0.940961 0.933333 0.920153 0.893553 0.836351 0.771367 1.00683 0.792033 0.770147 0.623228 0.61596
threshold=34.399880583149859 82.16717085159452 164.11731283514527 51.526896859582202 31.500000000000004 45.511762128286534 77.740831887334039 381.40000000000003 77.740831887334039 32.102862758236306 197.50000000000003 67.192383518535209 20.131208268767264 41.964922141061898 498.55000000000001 30.892276554206578 96.500000000000014 16.500000000000004 73.789127550309658 0.91989825116152757 72.442416780131438 25.090853119604976 66.538407314160352 22.607766151996238 27.656462721095597 36.350000000000001 35.250000000000007 39.131812022759355 -0.17128679933203927 458.25000000000006
decision_type=2 2 2 2 2 2 2 2 2 2 2 2 2 2 2 2 2 2 2 2 2 2 2 2 2 2 2 2 2 2
left_child=-1 2 13 7 5 10 11 16 -8 15 14 17 -13 -2 -5 -3 -4 -7 -6 -19 -20 23 -14 28 -24 26 -26 -12 -15 -23
right_child=1 9 3 4 18 6 8 -9 -10 -11 27 12 22 21 -16 -17 -18 19 20 -21 -22 29 24 -25 25 -27 -28 -29 -30 -31
leaf_value=-0.75407600921639217 -0.048642442259979379 0.093831688647549968 0.031821863280928002 0.049046907965632908 -0.0036384649069176565 -0.0035510185420195 0.050477756282836787 0.10047722484372146 0.11026923984592825 0.19838398899239124 0.0027425184501822116 0.049821203820201776 0.036158257320907453 0.022111876191343863 0.020829772909461412 0.029834404091826708 0.013404260988099931 0.018802957785296739 -0.0069365276452777076 -0.0012625078083851337 0.02543971663685117 0.01497325645226699 0.035797818581461659 -0.021048875373556871 0.022585814453100147 -0.0043686579701464057 0.029871584292791787 0.021416447369335311 -0.025344235010620719 0.0038496173206894317
leaf_weight=4905 153 25 32 24 247 118 27 21 26 38 26 20 22 31 34 21 32 158 21 96 35 80 29 126 84 46 20 28 33 469
leaf_count=4905 153 25 32 24 247 118 27 21 26 38 26 20 22 31 34 21 32 158 21 96 35 80 29 126 84 46 20 28 33 469
internal_value=-0.00220364 0.00416588 0.00319431 0.0054712 0.00461357 0.00654353 0.00482972 0.0161765 0.0185849 0.0277381 0.0164286 0.00360034 0.00744344 0.000269057 0.0234483 0.02 0.010625 0.0013172 -0.000214523 0.00307086 0.00571428 0.00115697 0.00594527 -0.00184211 0.00477654 0.00333333 0.00605769 0.00888889 0.0028125 0.0021949
internal_weight=7027 2122 2038 1146 1061 758 646 85 53 84 112 593 221 892 58 46 64 372 303 254 56 739 201 190 179 150 104 54 64 549
internal_count=7027 2122 2038 1146 1061 758 646 85 53 84 112 593 221 892 58 46 64 372 303 254 56 739 201 190 179 150 104 54 64 549
is_linear=0
shrinkage=0.05


Tree=40
num_leaves=31
num_cat=0
split_feature=18 18 7 18 6 14 0 17 2 14 18 1 14 1 1 15 6 16 17 17 6 16 2 15 15 14 9 17 11 13
split_gain=47.325 17.0435 5.73057 6.40059 3.30108 4.18353 2.91739 2.68595 1.99451 1.90291 1.45148 1.41906 2.57611 1.34579 2.78715 1.26878 0.991541 0.787404 1.12327 1.11548 0.770173 1.01493 2.06286 0.963333 0.742424 0.694797 0.644532 0.903297 0.629139 0.625592
threshold=32.611937711068613 82.16717085159452 -0.70710678118654735 71.912849005072573 82.500000000000014 50.945046058236464 422.50000000000006 32.102862758236306 289.50000000000006 78.335204095115998 41.048388654302563 277.40000000000003 43.009981997311336 521.45000000000016 458.25000000000006 77.740831887334039 64.500000000000014 17.267590966577099 20.726919771616817 25.026140892531917 36.500000000000007 20.810019170304464 203.50000000000003 68.568879458913685 71.230286381522305 69.652997572783448 0.93228057993045244 30.251845657199656 35.870191544796747 0.99043557303666285
decision_type=2 2 2 2 2 2 2 2 2 2 2 2 2 2 2 2 2 2 2 2 2 2 2 2 2 2 2 2 2 2
left_child=-1 2 4 10 5 -2 -7 -3 9 20 -4 12 -12 14 -8 -11 17 18 -13 -19 21 22 23 -5 -22 26 27 -23 -18 -21
right_child=1 7 3 8 -6 6 13 -9 -10 15 11 16 -14 -15 -16 -17 28 19 -20 29 24 25 -24 -25 -26 -27 -28 -29 -30 -31
leaf_value=-0.75730631064491549 0.07140620873249473 0.078451082645827327 -0.040546300770050343 -0.0068267661887184798 -0.011128422061687959 0.036606845508170061 0.0099493689435748173 0.18846478954277174 0.070027664683504381 0.04161966321932125 0.023913442152089154 0.0016060570400572784 -0.0027935636959148581 -0.0056349043596303191 0.028074023059894829 0.079378553102900679 0.014643759771401942 -0.0055383516947830743 0.021006282911940618 0.0062218102593636117 -0.0059684365456921865 0.025608389503382678 0.039026218107910578 0.030439740930712236 0.0097224011788165903 0.0049458675238132606 0.039321100361422626 -0.016585511119217407 -0.017129920940129283 0.022887983150745611
leaf_weight=4845 24 46 196 20 47 46 65 38 27 40 22 31 36 45 21 27 23 164 21 687 33 38 20 30 33 66 20 24 228 64
leaf_count=4845 24 46 196 20 47 46 65 38 27 40 22 31 36 45 21 27 23 164 21 687 33 38 20 30 33 66 20 24 228 64
internal_value=-0.00224634 0.00386801 0.00298379 0.00202703 0.010121 0.0129104 0.0102542 0.0259524 0.00783069 0.00682336 0.000536684 0.00115204 0.0087931 0.00645038 0.0101163 0.014403 0.000788176 0.00151499 0.0075 0.00117486 0.00503521 0.00646789 0.0114286 0.006 0.000303029 0.00412162 0.00719512 0.00467742 -0.00201195 0.00199068
internal_weight=7027 2182 2098 1850 248 201 177 84 378 351 1472 1276 58 131 86 67 1218 967 52 915 284 218 70 50 66 148 82 62 251 751
internal_count=7027 2182 2098 1850 248 201 177 84 378 351 1472 1276 58 131 86 67 1218 967 52 915 284 218 70 50 66 148 82 62 251 751
is_linear=0
shrinkage=0.05


Tree=41
num_leaves=31
num_cat=0
split_feature=13 18 7 18 6 1 1 14 14 18 18 16 12 17 14 15 14 16 9 15 6 2 6 7 1 0 18 5 5 16
split_gain=44.7147 14.6613 4.29506 5.529 3.13426 3.27298 2.51455 2.20619 1.8101 1.72024 1.39632 1.25097 1.71653 1.53488 1.14917 1.14405 1.11881 1.1004 1.76558 1.14316 1.38528 1.02229 1.0205 1.02028 0.845686 0.828486 0.73614 0.703247 0.677352 0.67649
threshold=0.48195166691331093 82.16717085159452 -0.70710678118654735 72.704182672936 82.500000000000014 574.1500000000002 458.25000000000006 50.945046058236464 59.943741985843658 85.285009830143608 38.920826800968911 17.387495743191291 245.82318366523478 25.026140892531917 78.335204095115998 81.996375818153822 41.209016008013016 23.08948345406899 0.60505046667002438 74.683225856047514 8.5000000000000018 216.50000000000003 2.5000000000000004 0.37940952255126054 717.10000000000014 858.50000000000011 37.455573811416436 21.500000000000004 41.500000000000007 19.733299955702822
decision_type=2 2 2 2 2 2 2 2 2 2 2 2 2 2 2 2 2 2 2 2 2 2 2 2 2 2 2 2 2 2
left_child=-1 2 4 10 5 6 7 -2 -8 15 -4 12 16 -13 17 -3 23 18 21 20 -20 24 -16 -12 -5 29 -9 -28 -26 -15
right_child=1 9 3 14 -6 -7 8 26 -10 -11 11 13 -14 25 22 -17 -18 -19 19 -21 -22 -23 -24 -25 28 -27 27 -29 -30 -31
leaf_value=-0.68853933696665703 0.035058588126675852 0.068415502087047816 -0.053455637926396599 -0.0042244809385989643 -0.011201267620503897 -0.0074759799978522685 0.060085748614859651 -0.0029770956813787767 0.026646622004276976 0.18856375177118756 0.02202373259199078 -0.0077228456584859584 0.021963615133993461 0.012666205610605108 0.080130123997762648 0.087455783182896749 -0.0038131358056340253 0.0022716454155138114 0.037430094192295663 0.073051063206420117 0.0017669279145365862 0.029673630818440728 0.0077951844928437243 0.0052117881834701039 0.028506586761874932 0.027879520069784988 0.0024441780644956224 0.023892576390429802 0.03468272630563058 0.0020628572002218785
leaf_weight=4881 28 35 131 69 51 39 30 27 33 28 24 251 24 73 46 21 52 63 20 20 22 34 21 29 21 26 20 22 20 866
leaf_count=4881 28 35 131 69 51 39 30 27 33 28 24 251 24 73 46 21 52 63 20 20 22 34 21 29 21 26 20 22 20 866
internal_value=-0.00232461 0.00369059 0.00285645 0.00200883 0.009 0.0118342 0.015 0.00994845 0.0227778 0.0241667 0.000691056 0.001171 0.00585271 0.000674341 0.00779762 0.0191071 0.00309524 0.00633829 0.00810679 0.0151613 0.0104762 0.00506944 0.0136567 0.00820755 0.00272727 0.00158031 0.00514493 0.00928571 0.00841463 0.00133653
internal_weight=7027 2146 2062 1812 250 199 160 97 63 84 1476 1345 129 1216 336 56 105 269 206 62 42 144 67 53 110 965 69 42 41 939
internal_count=7027 2146 2062 1812 250 199 160 97 63 84 1476 1345 129 1216 336 56 105 269 206 62 42 144 67 53 110 965 69 42 41 939
is_linear=0
shrinkage=0.05


Tree=42
num_leaves=31
num_cat=0
split_feature=13 18 7 18 9 2 15 2 0 6 10 16 15 14 15 12 4 2 5 3 14 6 6 1 17 13 16 10 0 1
split_gain=44.7323 13.1717 5.40551 4.68923 2.56743 2.56096 2.35677 1.92335 1.541 1.51361 1.40877 1.87472 1.84472 1.64315 1.74545 1.34749 1.25155 1.97923 1.14702 1.5204 1.11547 0.918874 0.900743 0.856856 1.89185 1.07646 1.12818 0.815671 0.700903 0.676704
threshold=0.45344053242733812 81.371457857181568 -0.70710678118654735 73.528219932940772 -0.74694441919030197 138.50000000000003 81.996375818153822 223.50000000000003 761.50000000000011 39.500000000000007 0.97308229207007269 21.044538079412337 68.88392025455309 78.802865643448854 77.740831887334039 96.763477727683451 27.750000000000004 314.50000000000006 33.500000000000007 42.550000000000004 55.326657419697021 85.500000000000014 21.500000000000004 448.75000000000006 27.347605540849703 0.73899553102786364 18.646163228713728 -0.83352489619613901 646.50000000000011 645.70000000000016
decision_type=2 2 2 2 2 2 2 2 2 2 2 2 2 2 2 2 2 2 2 2 2 2 2 2 2 2 2 2 2 2
left_child=-1 2 4 15 20 -6 8 -7 -3 10 11 12 -5 -13 -15 -4 21 -18 19 22 -2 23 -9 24 25 -17 -27 -25 -28 -11
right_child=1 6 3 9 5 7 -8 18 -10 29 -12 13 -14 14 -16 16 17 -19 -20 -21 -22 -23 -24 27 -26 26 28 -29 -30 -31
leaf_value=-0.68507559745618529 0.057119826801645152 0.0087142332467602442 -0.037840360647837044 0.032630822974660634 0.030937968965459778 -0.0030834307084383846 0.15615004987276607 0.043088444811066641 0.083983789612649518 0.016602277097624324 -0.0047689544218682406 0.028813790918349225 0.060948055549622772 0.046516077888993305 0.093729462497231755 -0.0082154780063079837 0.00017110761582842746 0.027085379113808979 -0.0021980147099209119 0.0080019539557809587 0.024840752778569324 -0.0091149902459864065 0.024793888234669645 -0.0065977762202172347 0.032911671923420892 0.015683489190771654 0.021054870939368475 0.0057725017409210929 -0.004106186350355868 -0.0052846845742491981
leaf_weight=4839 27 21 169 21 29 83 37 28 40 25 27 117 23 24 20 37 46 25 27 26 24 294 23 153 31 39 23 668 44 37
leaf_count=4839 27 21 169 21 29 83 37 28 40 25 27 117 23 24 20 37 46 25 27 26 24 294 23 153 31 39 23 668 44 37
internal_value=-0.00231749 0.00361517 0.00277512 0.00180197 0.00941947 0.00703704 0.0215306 0.00489305 0.0154918 0.00758503 0.00943965 0.0108537 0.02 0.00835404 0.0165909 0.000689992 0.00121323 0.00767606 0.00942308 0.0125325 0.0195098 0.000857252 0.017549 0.00158291 0.00477011 0.00234266 0.00490566 0.000907429 0.000970148 0.00064516
internal_weight=7027 2188 2090 1823 267 216 98 187 61 294 232 205 44 161 44 1529 1360 71 104 77 51 1289 51 995 174 143 106 821 67 62
internal_count=7027 2188 2090 1823 267 216 98 187 61 294 232 205 44 161 44 1529 1360 71 104 77 51 1289 51 995 174 143 106 821 67 62
is_linear=0
shrinkage=0.05


Tree=43
num_leaves=31
num_cat=0
split_feature=18 18 12 13 14 18 15 6 11 5 15 6 0 12 0 17 0 18 2 17 1 6 0 15 14 17 5 3 15 4
split_gain=43.1334 10.6283 5.64852 5.78858 3.33966 3.95804 3.25185 2.4973 1.77073 1.54286 1.30043 1.26743 2.15599 1.56161 1.25714 1.25099 1.20597 1.33152 1.21 1.17404 1.13267 2.15174 1.07852 1.24372 1.04844 1.03381 1.00506 0.9611 1.2507 0.857143
threshold=30.59281575553609 84.066276109385385 155.36504239855961 0.52660391948775531 51.526896859582202 73.789127550309658 41.553946077206227 82.500000000000014 39.011725196499995 35.500000000000007 36.75677334688406 2.5000000000000004 618.50000000000011 168.61458084558237 431.50000000000006 30.341185452886574 822.50000000000011 68.412689000051472 306.50000000000006 27.569220715138311 484.35000000000008 47.500000000000007 714.50000000000011 69.78783616141412 68.380131534477854 29.743107839731081 66.500000000000014 23.550000000000004 40.134449761881221 11.850000000000003
decision_type=2 2 2 2 2 2 2 2 2 2 2 2 2 2 2 2 2 2 2 2 2 2 2 2 2 2 2 2 2 2
left_child=-1 2 10 6 7 8 -4 9 15 -5 -2 12 -7 -14 -9 25 26 -18 -19 -12 21 -21 -22 -24 -13 27 -10 -6 -29 -3
right_child=1 29 3 4 5 11 -8 14 16 -11 19 24 13 -15 -16 -17 17 18 -20 20 22 -23 23 -25 -26 -27 -28 28 -30 -31
leaf_value=-0.69260407445735417 -0.02868779558286666 0.13813403703292573 0.047727091110005858 0.038119535354079095 -0.00047059467565549419 -0.0045305067007751021 0.015269266939599188 -0.017414344024907834 -0.0014296029322331599 0.054340550925186797 -0.0027790387061239264 0.033021747397457696 0.019178393834472104 0.063605712484124485 0.019312637327267318 -0.00019643393705135392 -0.00353454987573614 0.0022440712871777623 0.029384851028921723 0.026245873409962896 -0.0012893491879750934 0.0079569475224761758 0.025778751606122731 0.0022257877147068262 0.0028283937481909712 0.050522459451811254 0.011406941145342584 0.012451832817567569 0.038178132297302936 0.18261813104504482
leaf_weight=4800 194 21 34 35 38 27 31 20 522 21 376 39 25 105 35 73 24 20 25 29 200 40 27 39 88 21 24 25 48 21
leaf_count=4800 194 21 34 35 38 27 31 20 522 21 376 39 25 105 35 73 24 20 25 29 200 40 27 39 88 21 24 25 48 21
internal_value=-0.00233172 0.0034194 0.0029405 0.00507812 0.00430041 0.0034692 0.0196154 0.0125676 0.00170732 0.02 -8.28741e-05 0.00855634 0.0115605 0.0142308 0.005 0.00573171 0.000365852 0.0065942 0.0116667 0.000907172 0.0030597 0.00876811 0.00157895 0.00712121 0.00484252 0.00863636 -0.000421247 0.00671171 0.0100685 0.0283333
internal_weight=7027 2227 2185 1280 1215 1104 65 111 820 56 905 284 157 130 55 205 615 69 45 711 335 69 266 66 127 132 546 111 73 42
internal_count=7027 2227 2185 1280 1215 1104 65 111 820 56 905 284 157 130 55 205 615 69 45 711 335 69 266 66 127 132 546 111 73 42
is_linear=0
shrinkage=0.05


Tree=44
num_leaves=31
num_cat=0
split_feature=18 18 7 13 18 18 17 6 14 1 13 6 18 18 2 0 7 0 13 1 1 4 1 10 16 15 3 12 5 2
split_gain=41.5544 9.79507 5.55007 5.19442 3.81783 2.68254 2.06025 2.95589 2.43254 3.66876 1.52997 1.34599 1.25404 1.09253 0.972566 0.948598 0.965208 1.66596 1.91527 1.03755 1.11364 0.942857 0.936643 0.929319 1.15791 2.66667 0.935742 1.11842 0.897527 0.878775
threshold=30.59281575553609 80.371280625636928 -0.70710678118654735 0.49366030576944547 72.704182672936 84.066276109385385 30.9501498886452 70.500000000000014 50.945046058236464 456.25000000000006 0.99939540507859748 39.500000000000007 42.381428702075894 43.531758511666247 219.50000000000003 858.50000000000011 -0.5 640.50000000000011 0.80334052715155468 277.40000000000003 235.90000000000001 12.250000000000002 733.9000000000002 0.97308229207007269 21.044538079412337 68.88392025455309 36.550000000000004 171.30481423261048 25.500000000000004 322.50000000000006
decision_type=2 2 2 2 2 2 2 2 2 2 2 2 2 2 2 2 2 2 2 2 2 2 2 2 2 2 2 2 2 2
left_child=-1 2 3 -2 12 10 7 8 -5 -10 22 23 29 -14 -12 16 17 18 -15 20 -18 -7 -3 24 25 -6 27 -26 -11 -4
right_child=1 5 4 6 11 21 -8 -9 9 28 14 -13 13 15 -16 -17 19 -19 -20 -21 -22 -23 -24 -25 26 -27 -28 -29 -30 -31
leaf_value=-0.65797387073448643 0.051471098674356446 -0.014903630798346394 -0.018225246622079711 0.0504904278169655 0.011827377462092115 0.12982773349474863 -0.0042846613791060811 -0.011940258890369891 0.0053255117436839918 0.032602344665480378 0.027665236233109566 0.00029203041193457752 0.025568916359301266 0.013921556265450805 0.076548693944128096 0.025406196730205218 -0.011936584645836218 -0.0009784108122141786 0.03295940160040766 -0.00092962953566723709 0.023084134964284797 0.18527916611231193 0.052754564607841961 -0.0024128428576196017 0.01051605520088808 0.054440782913883448 -0.00020554514550003372 0.055756399984525973 0.026394934733577222 0.016091603329234511
leaf_weight=4800 25 21 249 25 25 22 44 46 62 26 22 65 33 116 21 26 22 121 24 916 22 20 20 29 61 24 31 59 30 20
leaf_count=4800 25 21 249 25 25 22 44 46 62 26 22 65 33 116 21 26 22 121 24 916 22 20 20 29 61 24 31 59 30 20
internal_value=-0.00236018 0.00328469 0.00247263 0.00934108 0.00151112 0.0168254 0.00701717 0.00928571 0.0128322 0.00983051 0.0116667 0.00673469 0.000519689 0.00117187 0.0182558 0.000934241 0.000733005 0.00342912 0.00714286 -1.19209e-09 0.0075 0.0271429 0.0047561 0.00853712 0.00975 0.0164286 0.00758278 0.00958333 0.0191071 -0.00258364
internal_weight=7027 2227 2101 258 1843 126 233 189 143 118 84 294 1549 1280 43 1247 1221 261 140 960 44 42 41 229 200 49 151 120 56 269
internal_count=7027 2227 2101 258 1843 126 233 189 143 118 84 294 1549 1280 43 1247 1221 261 140 960 44 42 41 229 200 49 151 120 56 269
is_linear=0
shrinkage=0.05


Tree=45
num_leaves=31
num_cat=0
split_feature=18 18 7 13 18 6 17 6 14 1 18 10 16 15 3 12 15 1 0 14 14 0 6 1 3 15 1 16 12 5
split_gain=39.0062 8.99094 4.72769 5.382 5.00533 2.02742 1.88277 2.67898 2.6786 2.96416 1.2001 1.01815 1.75193 2.51654 1.31199 1.50477 1.45636 0.979492 0.976664 0.857143 0.826465 0.769551 0.741005 1.04709 0.769475 0.704106 0.657609 0.644737 0.631995 0.728504
threshold=30.59281575553609 84.066276109385385 -0.70710678118654735 0.49366030576944547 72.704182672936 39.500000000000007 30.9501498886452 70.500000000000014 50.945046058236464 456.25000000000006 38.056245951747449 0.97308229207007269 21.044538079412337 67.192383518535209 36.550000000000004 168.61458084558237 71.737007922526246 159.15000000000001 858.50000000000011 79.271261223352738 59.594188945555075 714.50000000000011 85.500000000000014 280.35000000000008 41.050000000000004 40.134449761881221 424.30000000000001 21.62943343299418 205.96498486069854 58.500000000000007
decision_type=2 2 2 2 2 2 2 2 2 2 2 2 2 2 2 2 2 2 2 2 2 2 2 2 2 2 2 2 2 2
left_child=-1 2 3 -2 10 11 7 8 -5 25 -4 12 13 -6 15 16 -14 -12 22 -3 -11 -17 23 -19 28 -10 -26 -7 -25 -30
right_child=1 19 4 6 5 27 -8 -9 9 20 17 -13 14 -15 -16 21 -18 18 -20 -21 -22 -23 -24 24 26 -27 -28 -29 29 -31
leaf_value=-0.62507517719776207 0.048897543740638691 0.06126275924885044 -0.036272457515008599 0.047965906426117123 0.0029827879341520203 0.00905441821805523 -0.0040704283101509423 -0.011343245945851408 -0.0024923831395378807 0.030165434755927274 0.01717895383782576 -0.0031085718766952599 0.025506224966280067 0.048712856114051559 -0.00082804686648735521 0.03901767510052985 -0.011477527266318274 0.025385289293767134 0.02413588689369511 0.16422326748449931 0.026527414198667932 0.06124743769964093 -0.0075201714143479526 0.00043643862975971387 0.016486075767372137 0.017384589897823492 -0.004185694836576141 -0.0032993135298618938 0.010859206213647984 0.015741800032452968
leaf_weight=4800 25 21 154 25 22 38 44 46 40 26 21 30 28 36 37 24 45 20 26 21 30 80 253 587 24 22 138 38 302 24
leaf_count=4800 25 21 154 25 22 38 44 46 40 26 21 30 28 36 37 24 45 20 26 21 30 80 253 587 24 22 138 38 302 24
internal_value=-0.00243134 0.00303772 0.00259725 0.00895349 0.00174624 0.00690476 0.00658798 0.00875661 0.0121329 0.00898305 0.00048741 0.00874172 0.00970588 0.0174138 0.00761682 0.00940678 0.00390411 0.00094982 0.000786025 0.0259524 0.0173214 0.0132692 0.000600889 0.00116438 0.000953487 0.00145161 -0.00222222 -0.000394738 0.00151698 0.00328221
internal_weight=7027 2227 2185 258 1927 378 233 189 143 118 1549 302 272 58 214 177 73 1395 1374 42 56 104 1348 1095 1075 62 162 76 913 326
internal_count=7027 2227 2185 258 1927 378 233 189 143 118 1549 302 272 58 214 177 73 1395 1374 42 56 104 1348 1095 1075 62 162 76 913 326
is_linear=0
shrinkage=0.05


Tree=46
num_leaves=31
num_cat=0
split_feature=18 18 7 13 18 14 15 6 6 9 18 0 16 12 0 1 15 4 1 6 6 16 15 6 1 11 6 15 14 2
split_gain=38.0129 8.21808 6.93699 5.02874 3.16899 2.24408 1.97729 1.61928 1.5744 1.55556 1.33624 1.27549 2.26804 1.11078 1.08705 1.01465 1.00746 0.914502 0.857143 0.820792 1.70435 0.801116 1.18436 0.755512 1.0486 0.692274 1.01614 1.39475 1.3914 1.79289
threshold=26.275346718093989 84.066276109385385 -0.70710678118654735 0.52660391948775531 73.023598307963354 51.526896859582202 41.553946077206227 5.5000000000000009 57.500000000000007 -0.87585926134142855 38.056245951747449 618.50000000000011 20.917875680437216 168.61458084558237 866.50000000000011 159.15000000000001 73.096374558757802 12.250000000000002 454.05000000000007 20.500000000000004 10.500000000000002 21.565835419591156 72.442416780131438 85.500000000000014 280.35000000000008 53.912270451876722 5.5000000000000009 54.244483422251108 66.791579478483754 208.50000000000003
decision_type=2 2 2 2 2 2 2 2 2 2 2 2 2 2 2 2 2 2 2 2 2 2 2 2 2 2 2 2 2 2
left_child=-1 2 3 6 10 8 9 11 -5 -2 -4 -6 -13 16 15 -12 -14 -3 -11 20 -7 22 -9 24 -17 26 -26 -28 29 -29
right_child=1 17 4 5 7 19 -8 21 -10 18 14 12 13 -15 -16 23 -18 -19 -20 -21 -22 -23 -24 -25 25 -27 27 28 -30 -31
leaf_value=-0.65820678185269021 0.048687933068707279 0.11512518344578604 -0.039607969875298195 0.037910210743941908 -0.0036951576183356046 0.0056644395291867728 0.011669131897385889 -0.0026344478814650085 0.012940908269057111 0.0091126065854446377 0.016320006145934374 0.022497487811038216 0.023295300781462937 0.060734794479992804 0.027367845275714609 0.024116024829078844 -0.014946696328873391 0.16780404443247138 0.069397673973055837 -0.010023690714890607 0.019571763212622217 -0.0013258581455019788 0.053470478138345802 -0.0073321470081014854 0.0010762028273773494 -0.00068550991167648945 0.00046016355718280622 0.019948510075590183 0.0051290337768333241 0.024860694404674998
leaf_weight=4740 21 22 182 27 29 92 24 44 21 21 21 29 40 98 20 20 27 20 21 40 23 65 32 255 345 536 109 26 46 31
leaf_count=4740 21 22 182 27 29 92 24 44 21 21 21 29 40 98 20 20 27 20 21 40 23 65 32 255 345 536 109 26 46 31
internal_value=-0.00244557 0.00284871 0.00243875 0.00965517 0.00136829 0.00534483 0.0197126 0.00557692 0.0147917 0.0243651 0.000405404 0.0082287 0.00969072 0.00742424 0.000926188 0.000759538 0.00246269 0.0247619 0.0188095 0.00241935 0.00456522 0.00138298 0.00486842 0.000592104 0.00115454 0.000946934 0.00218133 0.00490566 0.00907767 0.0142982
internal_weight=7027 2287 2245 290 1955 203 87 364 48 63 1591 223 194 165 1409 1389 67 42 42 155 115 141 76 1368 1113 1093 557 212 103 57
internal_count=7027 2287 2245 290 1955 203 87 364 48 63 1591 223 194 165 1409 1389 67 42 42 155 115 141 76 1368 1113 1093 557 212 103 57
is_linear=0
shrinkage=0.05


Tree=47
num_leaves=31
num_cat=0
split_feature=18 18 7 13 18 14 15 6 6 17 18 3 1 6 4 6 6 4 12 17 0 10 5 1 10 16 4 11 0 4
split_gain=34.9098 6.73549 6.78867 4.80148 3.00987 2.36263 1.79557 1.5744 1.57262 1.56385 1.35438 1.16647 0.981574 0.841282 0.932066 0.737202 1.25217 0.679345 0.708888 1.23293 1.14286 0.650627 1.15416 2.41611 2.25 1.13444 1.00084 1.0445 0.935537 0.742205
threshold=26.275346718093989 84.066276109385385 -0.70710678118654735 0.52660391948775531 77.402859657611643 51.526896859582202 41.553946077206227 57.500000000000007 53.500000000000007 32.573320438648473 38.056245951747449 30.950000000000003 159.15000000000001 74.500000000000014 4.0500000000000007 20.500000000000004 10.500000000000002 5.1500000000000012 192.75880728777858 30.393521375943198 631.50000000000011 -0.67758968959607091 43.500000000000007 462.40000000000003 -0.2511900638848194 18.164872097093063 7.3500000000000005 59.824572479700599 826.50000000000011 22.950000000000003
decision_type=2 2 2 2 2 2 2 2 2 2 2 2 2 2 2 2 2 2 2 2 2 2 2 2 2 2 2 2 2 2
left_child=-1 2 3 6 10 7 11 -5 17 -3 -4 -2 -12 14 -14 16 -7 -6 19 20 -19 25 23 24 -23 -16 27 -25 -27 -30
right_child=1 9 4 5 8 15 -8 -9 -10 -11 12 -13 13 -15 21 -17 -18 18 -20 -21 -22 22 -24 26 -26 28 -28 -29 29 -31
leaf_value=-0.62529644276005569 0.024633423685252166 0.10498361286594511 -0.037627571381533276 0.036014700206744653 -0.00051746472931967283 0.0053812175527275701 0.011085675302516642 0.01229386285560418 -0.0026792810568055919 0.15029376449419615 0.01550400583863777 0.046253534014746432 -0.005789394087189894 -0.0040344893214389081 0.018496616039812595 -0.0095225061791461927 0.018593175051990984 0.0045789550556678037 0.070341983049768048 -0.00080903673084652497 0.058249013969638885 0.014473002107177422 -0.00040455301908029939 0.025500946318813417 0.030508807015243625 -0.00405782205111321 0.0054072424793289928 0.026792972935922688 -0.0016338299899909222 0.023915038081616349
leaf_weight=4740 32 22 182 27 20 92 24 21 24 20 21 31 82 316 37 40 23 21 51 38 42 25 226 82 20 335 368 20 22 23
leaf_count=4740 32 22 182 27 20 92 24 21 24 20 21 31 82 316 37 40 23 21 51 38 42 25 226 82 20 335 368 20 22 23
internal_value=-0.00253095 0.00254263 0.00217149 0.00931034 0.00111253 0.00509852 0.0191379 0.0147917 0.00698979 0.022381 0.000457645 0.0235714 0.000928978 0.000784061 0.00137097 0.00209677 0.00413043 0.00866279 0.00980263 0.00737624 0.0116667 0.00173575 0.00262483 0.00393204 0.015 0.000155874 0.00287234 0.0072549 -0.000657896 0.00611111
internal_weight=7027 2287 2245 290 1955 203 87 48 196 42 1759 63 1577 1556 1240 155 115 172 152 101 63 1158 741 515 45 417 470 102 380 45
internal_count=7027 2287 2245 290 1955 203 87 48 196 42 1759 63 1577 1556 1240 155 115 172 152 101 63 1158 741 515 45 417 470 102 380 45
is_linear=0
shrinkage=0.05


Tree=48
num_leaves=31
num_cat=0
split_feature=18 18 7 18 18 6 0 17 18 1 10 15 6 18 12 1 1 4 1 4 4 11 2 5 2 0 18 2 14 0
split_gain=33.2448 6.88894 6.95432 4.21019 2.52652 1.6606 2.31758 1.56385 1.48696 1.46572 2.01635 1.40629 1.37826 1.19159 0.812509 1.53859 0.760261 0.900698 0.724045 0.659727 0.643572 0.707713 2.36516 1.27135 1.07589 0.661043 0.992493 0.911091 1.33879 1.23205
threshold=25.006750894002469 84.066276109385385 -0.70710678118654735 35.315619997584982 77.402859657611643 31.500000000000004 390.50000000000006 32.573320438648473 39.379248456559957 265.30000000000001 0.50494235051780234 39.460743967497642 53.500000000000007 36.2272902543301 200.89459377270347 689.95000000000016 717.10000000000014 10.15 165.90000000000003 13.250000000000002 3.6500000000000008 35.870191544796747 149.50000000000003 26.500000000000004 156.50000000000003 798.50000000000011 68.121864188312614 304.50000000000006 66.01370994477044 818.50000000000011
decision_type=2 2 2 2 2 2 2 2 2 2 2 2 2 2 2 2 2 2 2 2 2 2 2 2 2 2 2 2 2 2
left_child=-1 2 3 9 13 6 -5 -3 11 -2 19 -8 14 -4 15 -6 -17 -18 -15 -11 -20 22 -22 -24 -25 -23 -27 29 -29 -28
right_child=1 7 4 5 12 -7 8 -9 -10 10 -12 -13 -14 18 -16 16 17 -19 20 -21 21 25 23 24 -26 26 27 28 -30 -31
leaf_value=-0.63884766479097976 0.011072158095824104 0.099734432222647579 -0.047143196122384282 0.027046043775851899 0.062923236136996546 -0.0089390872874030823 0.0082189554568558327 0.14277907626948647 -0.00048290988020814358 0.056525496671184811 0.0099784660323075074 0.016296698162272662 -0.0025453170039656061 0.01474199838360889 0.064991256244263759 -0.0093235442399341849 0.018056601443656863 0.023202040706236465 -0.0055132897635651185 0.024501612552366998 -0.0011491468540685214 -0.00022546772360629403 0.030897355025510709 0.02664789065758523 -0.0073277663011335108 -0.0028457795620007529 0.019815961449559435 0.00042633828938464549 0.024285109275976421 -0.0075117212838462155
leaf_weight=4710 25 22 151 27 22 57 37 20 71 29 20 24 24 30 46 31 53 20 97 24 104 1101 24 29 21 75 30 30 25 48
leaf_count=4710 25 22 151 27 22 57 37 20 71 29 20 24 24 30 46 31 53 20 97 24 104 1101 24 29 21 75 30 30 25 48
internal_value=-0.00258788 0.00231549 0.00194505 0.0088535 0.000838857 0.0049537 0.00757862 0.022381 0.00484848 0.017449 0.0210274 0.0105738 0.00622449 0.000240792 0.0077907 0.00571428 0.00317308 0.0059589 0.000638165 0.0261321 0.000492423 0.000749831 0.00370786 0.0105405 0.006 0.000347592 0.00293269 0.00552631 0.0104545 0.00205128
internal_weight=7027 2317 2275 314 1961 216 159 42 132 98 73 61 196 1765 172 126 104 73 1614 53 1584 1487 178 74 50 1309 208 133 55 78
internal_count=7027 2317 2275 314 1961 216 159 42 132 98 73 61 196 1765 172 126 104 73 1614 53 1584 1487 178 74 50 1309 208 133 55 78
is_linear=0
shrinkage=0.05


Tree=49
num_leaves=31
num_cat=0
split_feature=18 18 7 18 18 3 6 6 17 6 14 18 3 1 14 1 5 5 4 12 11 2 14 12 16 13 6 6 18 5
split_gain=30.4663 6.27829 5.34669 3.81256 1.96352 1.82301 1.8274 1.26717 1.58495 1.19673 1.18528 1.16001 1.05473 1.03148 0.960886 0.735752 0.675704 1.0299 0.623144 0.708069 1.16602 1.46194 0.876423 1.11473 1.36031 0.855229 1.17096 0.611676 0.60312 0.553433
threshold=25.006750894002469 84.066276109385385 -0.70710678118654735 35.315619997584982 77.402859657611643 30.950000000000003 82.500000000000014 31.500000000000004 30.9501498886452 53.500000000000007 79.836127722077535 36.2272902543301 34.050000000000004 693.9000000000002 74.745278196235631 165.90000000000003 26.500000000000004 13.500000000000002 3.6500000000000008 144.88819994908604 37.067659101532449 156.50000000000003 56.032566590658732 249.27822369949533 20.641970707962482 0.99939540507859748 1.0000000180025095e-35 81.500000000000014 73.528219932940772 57.500000000000007
decision_type=2 2 2 2 2 2 2 2 2 2 2 2 2 2 2 2 2 2 2 2 2 2 2 2 2 2 2 2 2 2
left_child=-1 2 3 5 11 -2 -7 8 12 13 -3 -4 -5 -6 -15 -13 17 -14 -17 27 21 -21 23 24 -22 29 -27 28 -20 -24
right_child=1 10 4 7 9 6 -8 -9 -10 -11 -12 15 16 14 -16 18 -18 -19 19 20 22 -23 25 -25 -26 26 -28 -29 -30 -31
leaf_value=-0.60690528155143075 0.016676549566724933 0.035861300855799742 -0.044786036316265071 0.042100362646403044 0.056631219929659284 0.053294484474794263 0.0050339743228162035 -0.0084921329230329811 -0.0070485706413080515 -0.0024180511537674068 0.14873616797925782 0.014004898464428595 0.0040218421090353089 0.0020235191182644218 0.05053152655692901 -0.005237625275386612 1.7202462015163122e-05 0.01759617448270042 -0.00031816534883266677 0.010518307532920183 -0.000925907160381329 0.030597106494727806 -0.0010807123459297297 0.019374431502375319 0.022713204791594013 0.023513613408796451 0.0014181971399785933 -0.029533720363520328 0.013462027393205903 0.0092775410328262021
leaf_weight=4710 37 22 151 38 36 40 21 57 39 24 20 30 23 64 72 97 30 29 524 57 53 35 465 26 23 32 104 105 23 40
leaf_count=4710 37 22 151 38 36 40 21 57 39 24 20 30 23 64 72 97 30 29 524 57 53 35 465 26 23 32 104 105 23 40
internal_value=-0.00265903 0.00203496 0.00168132 0.00773885 0.000711371 0.0159184 0.0212295 0.00402778 0.00632075 0.00545918 0.0211905 0.000184135 0.00916667 0.0069186 0.00492647 0.000576207 0.00597561 0.00942308 0.000429292 0.000682581 0.00164671 0.00695652 0.000989232 0.00529412 0.00223684 0.000304211 0.00382353 -0.000552148 0.000118829 -0.000643566
internal_weight=7027 2317 2275 314 1961 98 61 216 159 196 42 1765 120 172 136 1614 82 52 1584 1487 835 92 743 102 76 641 136 652 547 505
internal_count=7027 2317 2275 314 1961 98 61 216 159 196 42 1765 120 172 136 1614 82 52 1584 1487 835 92 743 102 76 641 136 652 547 505
is_linear=0
shrinkage=0.05


Tree=50
num_leaves=31
num_cat=0
split_feature=18 18 7 18 6 0 4 18 14 6 0 18 6 1 18 15 1 12 7 14 5 4 6 17 17 3 4 17 4 12
split_gain=29.3229 6.40619 4.90129 2.45471 2.00474 2.01667 1.93311 1.59508 1.18528 1.17711 1.63651 1.05982 0.974608 1.24211 0.879286 1.02005 0.74164 0.652497 0.614012 1.33569 1.07926 0.892434 0.83354 0.67848 0.805504 0.915956 0.665186 0.774794 0.564536 0.56023
threshold=23.290400734930685 84.066276109385385 -0.70710678118654735 35.315619997584982 48.500000000000007 310.50000000000006 13.250000000000002 36.2272902543301 79.836127722077535 31.500000000000004 390.50000000000006 77.402859657611643 53.500000000000007 687.20000000000016 39.379248456559957 39.131812022759355 165.90000000000003 262.14961027018933 -0.5 55.007237797653566 12.500000000000002 5.8500000000000005 68.500000000000014 25.345442905298629 25.886778583209672 39.350000000000001 18.950000000000003 22.676794758167365 24.550000000000004 188.49617444645676
decision_type=2 2 2 2 2 2 2 2 2 2 2 2 2 2 2 2 2 2 2 2 2 2 2 2 2 2 2 2 2 2
left_child=-1 2 3 4 5 -2 -7 -4 -3 10 -5 16 13 -13 15 -12 -9 -6 19 -18 -21 -22 -23 26 25 -25 -20 -28 -29 -15
right_child=1 8 7 9 17 6 -8 11 -10 -11 14 12 -14 29 -16 -17 18 -19 23 20 21 22 -24 24 -26 -27 27 28 -30 -31
leaf_value=-0.72458161114772934 0.01974203099904916 0.034068235813009766 -0.046548535622042947 0.02358872345473911 0.0054758606547443151 0.048002122206477371 0.039082464321760213 0.01330465354120719 0.14129935958029524 -0.0080675262768814225 0.01019229734165376 0.058033156557288329 -0.002297148596079011 0.0016204866422972663 -0.0013592692877268781 0.014605298933431732 0.016802496834566152 -0.0022011772696609311 -0.014712500980237781 -0.0052768752244610213 0.026991579595371906 0.016645602847685036 -0.026606625425350139 0.0054139554322213037 0.00019254442346501268 0.022072689155529832 0.0094332661746599489 -0.010613362403191136 0.00903700909899555 0.046102332037466359
leaf_weight=4665 35 22 169 27 20 23 26 30 20 57 34 30 24 65 71 27 20 21 246 50 27 139 35 51 846 37 37 62 34 77
leaf_count=4665 35 22 169 27 20 23 26 30 20 57 34 30 24 65 71 27 20 21 246 50 27 139 35 51 846 37 37 62 34 77
internal_value=-0.00270172 0.00183742 0.00148707 0.00702346 0.0126 0.0170238 0.0235714 0.000533096 0.0211905 0.0037963 0.00600629 0.00096685 0.00443877 0.00575581 0.00371212 0.00811475 0.000545228 0.00353658 0.000397726 0.00256457 0.0015737 0.00320895 0.00189655 -4.95061e-05 0.000674517 0.00522727 -0.00183377 0.00101504 -0.00135417 0.00380282
internal_weight=7027 2362 2320 341 125 84 49 1979 42 216 159 1810 196 172 132 61 1614 41 1584 271 251 201 174 1313 934 88 379 133 96 142
internal_count=7027 2362 2320 341 125 84 49 1979 42 216 159 1810 196 172 132 61 1614 41 1584 271 251 201 174 1313 934 88 379 133 96 142
is_linear=0
shrinkage=0.05


Tree=51
num_leaves=31
num_cat=0
split_feature=18 1 7 2 17 16 18 0 13 18 10 4 12 4 0 12 15 6 2 2 11 15 13 2 4 4 15 17 1 18
split_gain=29.1263 5.80016 4.49542 2.45939 4.25542 2.29167 1.87342 1.70291 1.41026 1.31276 1.09699 1.55872 0.971279 0.940124 0.796165 0.927159 1.25562 0.780933 0.950956 0.662041 1.04286 1.1308 0.987158 2.23871 1.16382 2.10112 1.14564 0.853333 0.697512 0.660769
threshold=22.83045952974452 760.05000000000007 -0.70710678118654735 168.50000000000003 29.779376227293699 20.988534263095353 77.402859657611643 353.50000000000006 0.35634674870039701 33.661796364467683 -0.92910699518418138 20.750000000000004 96.763477727683451 5.2500000000000009 650.50000000000011 244.33563455410859 54.025609070291175 53.500000000000007 232.50000000000003 146.50000000000003 35.870191544796747 53.762135829065407 0.53097657059921222 186.50000000000003 7.4500000000000011 5.0500000000000007 31.086773658003548 29.382213553768732 484.35000000000008 66.558203935670903
decision_type=2 2 2 2 2 2 2 2 2 2 2 2 2 2 2 2 2 2 2 2 2 2 2 2 2 2 2 2 2 2
left_child=-1 2 3 4 5 -2 9 8 -6 -4 11 -5 -11 -8 15 19 -17 18 -15 -14 21 28 23 -22 25 -24 -26 -23 -21 -16
right_child=1 -3 6 10 7 -7 13 -9 -10 12 -12 -13 14 17 29 16 -18 -19 -20 20 22 27 24 -25 26 -27 -28 -29 -30 -31
leaf_value=-0.73892946530270742 0.031701388790741095 0.1185188750543357 -0.063326578668773142 0.015233244065707519 0.0065072655410271423 0.039903310301994954 -0.006095415686074912 -0.0024505037513702075 0.029245746597230955 -0.030027760745422034 0.0045084812178324257 -0.0017363833141621568 -0.0082308067943977423 0.029439133776540477 -0.0025664216639077904 0.0058896685248032814 0.020806929304116213 -0.0016524199635777064 0.046027577526815106 0.012800249391497667 -0.012648615443229325 0.030570300891605486 -0.011270696279517609 0.037103252083406001 0.015001016184945226 0.023931730008492053 -0.0054554091542458284 0.046438006846444807 -0.01094530477943019 0.0049623136186774282
leaf_weight=4635 39 24 118 26 30 23 21 37 22 152 161 21 96 148 435 57 26 22 23 28 24 20 42 23 20 41 253 30 31 399
leaf_count=4635 39 24 118 26 30 23 21 37 22 152 161 21 96 148 435 57 26 22 23 28 24 20 42 23 20 41 253 30 31 399
internal_value=-0.00268749 0.00179348 0.00154561 0.00669916 0.0115563 0.0216129 0.000624688 0.00455056 0.0103846 9.74918e-05 0.00317308 0.00989362 0.000456171 0.00504673 0.000836064 0.00209117 0.00704819 0.0061399 0.0072807 0.00141447 0.00212891 0.00646789 0.000955334 0.00776596 5.61786e-05 0.00524096 -0.00152015 0.012 0.00177966 -0.000203838
internal_weight=7027 2392 2368 359 151 62 2009 89 52 1795 208 47 1677 214 1525 691 83 193 171 608 512 109 403 47 356 83 273 50 59 834
internal_count=7027 2392 2368 359 151 62 2009 89 52 1795 208 47 1677 214 1525 691 83 193 171 608 512 109 403 47 356 83 273 50 59 834
is_linear=0
shrinkage=0.05


Tree=52
num_leaves=31
num_cat=0
split_feature=0 1 11 6 12 14 13 6 18 1 0 2 14 3 1 1 18 1 16 1 5 13 14 2 18 4 17 12 17 18
split_gain=27.0216 5.886 3.52153 2.52642 1.5442 1.47535 2.11178 1.21097 1.21362 1.21584 1.11359 1.90601 1.85912 1.84652 0.934468 0.887493 0.823975 1.58078 1.20968 0.95907 0.836286 0.825 0.672057 0.808862 0.63467 0.597673 0.596185 1.13821 0.58099 0.572511
threshold=286.50000000000006 760.05000000000007 25.028884875552233 43.500000000000007 109.12481569082722 57.749306848010526 0.37155310526811808 85.500000000000014 77.402859657611643 678.90000000000009 646.50000000000011 223.50000000000003 51.183480003422765 36.250000000000007 404.55000000000007 415.80000000000001 22.396111405465437 484.35000000000008 20.398210335386562 693.9000000000002 32.500000000000007 0.92546089663951914 52.21991853860677 327.50000000000006 61.416689742835629 21.550000000000004 28.180766647674027 105.064571019898 32.573320438648473 78.42636782997441
decision_type=2 2 2 2 2 2 2 2 2 2 2 2 2 2 2 2 2 2 2 2 2 2 2 2 2 2 2 2 2 2
left_child=15 2 3 5 26 6 -2 8 10 -10 11 16 13 -13 25 -1 -6 18 -18 24 -20 -21 23 -9 -19 -14 -4 -28 29 -11
right_child=1 -3 4 -5 7 -7 -8 22 9 28 -12 12 14 -15 -16 -17 17 19 20 21 -22 -23 -24 -25 -26 -27 27 -29 -30 -31
leaf_value=-0.70403998492059616 0.021102510845018407 0.11259293130161896 -0.022689006388891233 -0.020558767684854751 -0.031490426558534783 0.0053528433599169334 0.046136591756000406 -0.0035398801899666037 0.092261325275610068 0.035812673890544586 0.0002494316856933949 0.015216974469330064 -0.0051715872158938324 0.019034088136255609 0.023867612367351382 0.0055729741909053103 -0.0010402520824137997 0.0034874908397956477 0.027910141702194143 0.026149261652195589 0.014469950952406017 0.0024475087943630681 -0.0028413563826116288 0.013142110188943701 -0.013918148367867917 0.0089251253718655912 0.022827126038408814 -0.030456318828598689 0.033497880360356065 0.012632255495398044
leaf_weight=4633 27 24 307 22 45 27 33 131 20 22 646 35 42 30 42 28 31 223 25 24 37 20 213 34 91 22 21 20 20 132
leaf_count=4633 27 24 307 22 45 27 33 131 20 22 646 35 42 30 42 28 31 223 25 24 37 20 213 34 91 22 21 20 20 132
internal_value=-0.0027373 0.00161454 0.00136208 0.0101376 0.00093372 0.0139655 0.0183333 0.00149867 0.00213338 0.00582474 0.00158797 0.00302099 0.0075731 0.0142308 0.00349056 -0.00494636 0.00145161 0.00209534 0.00790322 0.000586591 0.0119355 0.0075 -0.00103175 0.00136364 -0.000382167 -0.000312501 -0.00212644 0.00353658 0.00448276 0.00344156
internal_weight=7027 2366 2342 109 2233 87 60 1885 1507 194 1313 667 171 65 106 4661 496 451 93 358 62 44 378 165 314 64 348 41 174 154
internal_count=7027 2366 2342 109 2233 87 60 1885 1507 194 1313 667 171 65 106 4661 496 451 93 358 62 44 378 165 314 64 348 41 174 154
is_linear=0
shrinkage=0.05


Tree=53
num_leaves=31
num_cat=0
split_feature=18 1 7 6 14 9 18 15 9 16 1 18 17 18 4 1 6 18 6 8 4 17 10 13 15 17 10 9 0 4
split_gain=26.0026 5.98655 4.25372 2.56632 2.95517 2.86083 1.73637 1.44676 1.18059 0.846561 0.884082 1.55663 0.95422 0.813838 0.823577 0.775117 0.777902 0.641126 0.573986 0.531861 0.529047 0.467637 0.544448 0.402194 1.21513 0.971645 0.642284 0.661037 0.513877 0.794926
threshold=22.246139491032846 760.05000000000007 -0.70710678118654735 69.500000000000014 47.593982546932629 0.10738035228456499 38.056245951747449 82.611920185725026 -0.93982124484292595 19.539191340334892 442.30000000000001 44.320988712914783 29.711755334508066 77.402859657611643 13.950000000000001 165.90000000000003 45.500000000000007 37.455573811416436 39.500000000000007 -0.98296291314453399 4.0500000000000007 20.883828980094236 -0.78295110140207591 0.99939540507859748 69.201996090812358 27.656462721095597 -0.76107606668641947 0.2595093939220971 646.50000000000011 24.650000000000002
decision_type=2 2 2 2 2 2 2 2 2 2 2 2 2 2 2 2 2 2 2 2 2 2 2 2 2 2 2 2 2 2
left_child=-1 2 3 4 5 -2 -4 13 -6 -10 17 12 -12 15 -15 -8 18 -11 20 -16 -17 22 -18 28 26 -26 27 -25 29 -22
right_child=1 -3 6 -5 8 -7 7 -9 9 10 11 -13 -14 14 19 16 21 -19 -20 -21 23 -23 -24 24 25 -27 -28 -29 -30 -31
leaf_value=-0.70533211546501295 0.019485117426895071 0.10696328473653796 -0.035007981024890542 -0.0023562471746361303 0.020221740243192319 0.040096110600783212 0.0093651300611579374 0.028582842190221142 0.021713492659912553 -0.0021233512864781562 0.014094652083750485 -0.00253765820180453 0.042179587686605624 0.011753933168526791 0.065301084649246929 -0.0041349621301823118 0.0147198129429028 0.0094345002815319039 0.019130999225881684 0.049430128742795856 0.011578916389854477 -0.003178354361136883 -0.00450717590746988 0.016455629237509418 0.027249702685255606 0.0037796341495469447 -0.0040186587071019955 -0.0020716023899072663 -0.00097900002666039291 -0.029438156890025959
leaf_weight=4590 23 24 240 87 33 29 20 30 21 50 27 46 37 121 27 71 22 29 27 42 399 362 21 35 22 20 36 24 472 40
leaf_count=4590 23 24 240 87 33 29 20 30 21 50 27 46 37 121 27 71 22 29 27 42 399 362 21 35 22 20 36 24 472 40
internal_value=-0.00277288 0.00140131 0.00115416 0.00599476 0.00822034 0.0190385 0.000243721 0.000778893 0.00590535 0.00452381 0.00346561 0.00636364 0.0114062 0.000593412 0.00368421 0.000219604 9.34869e-05 -0.000569621 0.000759161 0.00804348 0.000585343 -0.00179012 0.00313953 0.000868319 0.00339416 0.0104762 0.000263157 0.00347458 0.000488473 0.00171982
internal_weight=7027 2437 2413 382 295 52 2031 1791 243 210 189 110 64 1761 190 1571 1551 79 1146 69 1119 405 43 1048 137 42 95 59 911 439
internal_count=7027 2437 2413 382 295 52 2031 1791 243 210 189 110 64 1761 190 1571 1551 79 1146 69 1119 405 43 1048 137 42 95 59 911 439
is_linear=0
shrinkage=0.05


Tree=54
num_leaves=31
num_cat=0
split_feature=0 18 7 6 0 18 14 12 1 1 14 3 0 6 0 4 18 12 4 1 14 1 17 1 14 5 9 17 13 6
split_gain=27.1034 5.0928 4.45404 2.71176 2.65242 2.86122 2.95799 1.58528 1.31636 1.69129 1.53278 1.18528 1.14326 1.06096 0.884783 0.828606 0.765232 0.748686 1.35534 0.72531 0.688923 0.604977 0.601511 0.914936 1.50693 3.23974 0.680068 1.27658 0.588399 1.67726
threshold=263.50000000000006 84.066276109385385 -0.70710678118654735 48.500000000000007 483.00000000000006 21.718676228415863 58.385837375295772 96.763477727683451 458.25000000000006 398.60000000000008 40.051975395449624 25.550000000000004 348.50000000000006 85.500000000000014 514.50000000000011 4.0500000000000007 77.402859657611643 264.64565685154167 14.250000000000002 337.15000000000003 36.063908309358915 687.20000000000016 25.026140892531917 458.25000000000006 60.421538932929742 49.500000000000007 -0.2386639253557736 22.676794758167365 0.99043557303666285 1.5000000000000002
decision_type=2 2 2 2 2 2 2 2 2 2 2 2 2 2 2 2 2 2 2 2 2 2 2 2 2 2 2 2 2 2
left_child=-1 2 3 4 5 -2 8 -4 9 10 -7 -3 -12 15 -6 -9 19 18 -5 20 -17 -18 26 24 25 -24 27 -21 -25 -30
right_child=1 11 7 17 14 6 -8 13 -10 -11 12 -13 -14 -15 -16 16 21 -19 -20 22 -22 -23 23 28 -26 -27 -28 -29 29 -31
leaf_value=-0.68143348555152083 -0.0014812297973052797 0.11477665626042571 -0.032894638466262942 -0.0048500098974662521 -0.0035105648614167789 0.015828263335206375 0.004057218140399564 -0.0043170725167543658 0.056862040490845714 0.0077836001671542634 0.029438070734152819 0.02205152320100956 0.023826968131091981 -0.0028677567763601875 0.0066242887027261185 0.013860226980131368 0.04845614670816057 -0.017839415972945961 0.017201467990805568 0.014851850837065923 0.0095313851715062639 0.022026467999774136 0.026520225804717568 0.0025891430389395793 -0.00082437869114520006 -0.0050487767218534152 -0.0087369916598189403 -0.0035959454347036985 0.021008197849513993 -0.00086537146246084022
leaf_weight=4576 44 22 214 29 37 20 49 89 28 36 28 20 26 362 55 21 31 66 22 29 23 137 39 694 28 21 125 57 40 59
leaf_count=4576 44 22 214 29 37 20 49 89 28 36 28 20 26 362 55 21 31 66 22 29 23 137 39 694 28 21 125 57 40 59
internal_value=-0.00269461 0.00154835 0.0012474 0.00579545 0.00815789 0.0110173 0.0137166 0.000231081 0.0174638 0.015 0.0193243 0.0188095 0.0237037 0.000726495 0.00097826 0.00135319 0.00167178 -0.000726497 0.00382353 0.00120598 0.0075 0.00482143 0.00095238 0.00152667 0.00636364 0.0108333 -0.0014455 0.00197674 0.000989911 0.00459596
internal_weight=7027 2451 2409 440 323 231 187 1969 138 110 74 42 54 1755 92 1393 1304 117 51 1136 44 168 1092 881 88 60 211 86 793 99
internal_count=7027 2451 2409 440 323 231 187 1969 138 110 74 42 54 1755 92 1393 1304 117 51 1136 44 168 1092 881 88 60 211 86 793 99
is_linear=0
shrinkage=0.05


Tree=55
num_leaves=31
num_cat=0
split_feature=18 7 18 2 14 6 14 14 18 9 9 12 17 17 12 4 13 6 1 14 15 6 17 16 3 5 15 2 4 10
split_gain=26.1964 6.19976 4.50465 3.98018 2.46708 2.17038 2.04362 3.1413 1.92998 1.42441 1.09673 1.02128 0.682851 0.747444 0.922771 0.728357 0.910322 2.31585 0.938361 1.80497 1.73163 2.17877 1.60256 0.924789 0.631169 0.617881 0.598495 0.586854 0.562542 0.539319
threshold=20.78961022944782 -0.70710678118654735 84.066276109385385 138.50000000000003 52.790015398749141 75.500000000000014 47.593982546932629 40.051975395449624 32.120214874507454 0.35769492645306972 -0.97505550290239429 96.763477727683451 25.026140892531917 24.22558966417655 258.69843327617042 3.6500000000000008 0.99939540507859748 1.5000000000000002 458.25000000000006 60.421538932929742 39.733511193018259 24.500000000000004 28.233838397671466 21.45465236956024 25.550000000000004 17.500000000000004 73.50151539067366 364.50000000000006 14.950000000000001 0.67123509350548782
decision_type=2 2 2 2 2 2 2 2 2 2 2 2 2 2 2 2 2 2 2 2 2 2 2 2 2 2 2 2 2 2
left_child=-1 3 8 4 -2 6 7 28 -3 -9 -8 -10 13 14 27 -14 18 23 19 20 -17 -22 -23 26 -4 -12 -18 -13 -5 -20
right_child=1 2 24 5 -6 -7 10 9 11 -11 25 12 15 -15 -16 16 17 -19 29 -21 21 22 -24 -25 -26 -27 -28 -29 -30 -31
leaf_value=-0.72926000219198706 0.04874596918506207 -0.059794650443595922 0.10903782344740412 0.028981187080033673 0.0066236667879358575 -0.004045842172526422 0.008762879583919388 0.011579785407274799 -0.025203293223351794 0.030557254464672657 -0.00085741661994080264 -0.0014054942971752507 -0.0044032754437454283 -0.014787099326022641 0.016949274272314043 -0.0030072821846226913 0.017487518238627691 -0.00083116136071076721 -0.00060250585963927484 -0.0096487140417221198 0.045203594030636195 -0.0045123718367507505 0.02112427242078093 0.054849520946832535 0.020948947040958843 0.016105404557574893 -0.0023277555419284105 0.013219176318468917 -0.0077932534847560582 0.017092387656894043
leaf_weight=4455 41 184 22 20 33 96 24 24 161 22 82 213 85 113 35 52 32 100 714 50 24 39 26 37 20 76 21 27 26 173
leaf_count=4455 41 184 22 20 33 96 24 24 161 22 82 213 85 113 35 52 32 100 714 50 24 39 26 37 20 76 21 27 26 173
internal_value=-0.00268038 0.00133748 0.000216164 0.00671171 0.0172973 0.00459459 0.00686131 0.0129348 -0.00011026 0.0221739 0.00379121 0.000362775 0.000715105 -0.00113402 0.000272726 0.00124538 0.00154574 0.00473684 0.000983301 0.0041623 0.00705674 0.0112921 0.00653846 0.0105556 0.0164286 0.00227848 0.00632075 -0.000833335 0.00369565 0.000298759
internal_weight=7027 2572 2128 444 74 370 274 92 2086 46 182 1902 1741 388 275 1353 1268 190 1078 191 141 89 65 90 42 158 53 240 46 887
internal_count=7027 2572 2128 444 74 370 274 92 2086 46 182 1902 1741 388 275 1353 1268 190 1078 191 141 89 65 90 42 158 53 240 46 887
is_linear=0
shrinkage=0.05


Tree=56
num_leaves=31
num_cat=0
split_feature=13 11 18 7 6 0 1 17 17 10 15 14 17 0 6 0 14 2 14 2 12 4 1 17 13 0 11 1 0 5
split_gain=25.3602 5.52694 4.12111 2.47203 2.05507 3.51886 3.07703 2.35899 2.04547 1.4448 1.44162 1.4336 1.37963 1.04969 0.921905 0.864079 1.32453 0.858964 1.79648 0.871795 0.812077 0.934444 0.713437 0.875758 0.659416 0.657268 0.842596 0.706823 0.628317 0.634972
threshold=0.30152419456589125 18.625284776990629 85.285009830143608 1.0000000180025095e-35 46.500000000000007 483.00000000000006 265.30000000000001 28.882185783662447 27.715266127371958 -0.88603780069526494 77.740831887334039 51.753992821228927 27.817878421766128 348.50000000000006 12.500000000000002 344.50000000000006 51.526896859582202 195.50000000000003 38.803685037687721 227.50000000000003 263.68520860740017 12.15 717.10000000000014 32.018303349300645 0.99939540507859748 646.50000000000011 49.011557188515063 693.9000000000002 822.50000000000011 41.500000000000007
decision_type=2 2 2 2 2 2 2 2 2 2 2 2 2 2 2 2 2 2 2 2 2 2 2 2 2 2 2 2 2 2
left_child=-1 11 3 4 5 6 -3 8 9 -8 24 -2 -5 -9 -11 -6 20 -14 19 -19 21 -17 -12 -24 25 26 27 -7 29 -26
right_child=1 2 -4 12 15 10 7 13 -10 14 22 -13 17 -15 -16 16 -18 18 -20 -21 -22 -23 23 -25 28 -27 -28 -29 -30 -31
leaf_value=-0.70740144046751974 0.040623126524553438 -0.0092975583336894815 0.084033233726315174 -0.005057474908485857 -0.03568517326313303 -0.00079921068996329403 0.02636685453146663 0.02789289318077617 0.030172718060015008 0.029254643678932893 0.063823021395065641 0.01301368559819654 -0.0016395008296431358 0.0013008347573652441 0.0091407324526398444 0.005327182532245494 -0.0020425338212165596 0.013869747647495595 0.0043431330264093763 0.024656117461532456 -0.00062431990611352701 0.016531328741139478 -0.0084325476485118036 0.049571156340884576 -0.0025292706865986891 -0.0014433356018712425 0.02650330995638597 0.026080854763017261 0.02104955291871851 0.016060376477923074
leaf_weight=4444 26 39 28 711 93 161 21 25 29 35 21 25 281 47 25 20 230 25 168 26 24 25 20 24 49 269 30 31 47 28
leaf_count=4444 26 39 28 711 93 161 21 25 29 35 21 25 281 47 25 20 230 25 168 26 24 25 20 24 49 269 30 31 47 28
internal_value=-0.00268749 0.00125242 0.000924169 0.000710861 0.00223124 0.00354606 0.00902715 0.0117582 0.0163636 0.0122839 0.0017647 0.017549 -0.00091247 0.00472222 0.00833333 -0.000790818 0.000518393 0.0011 0.00344749 0.0116667 0.0065942 0.0105556 0.00884615 0.00522727 0.00101626 0.000193481 0.00220721 0.000989582 0.00427419 0.00149351
internal_weight=7027 2583 2532 2504 1293 901 221 182 110 81 680 51 1211 72 60 392 299 500 219 51 69 45 65 44 615 491 222 192 124 77
internal_count=7027 2583 2532 2504 1293 901 221 182 110 81 680 51 1211 72 60 392 299 500 219 51 69 45 65 44 615 491 222 192 124 77
is_linear=0
shrinkage=0.05


Tree=57
num_leaves=31
num_cat=0
split_feature=14 11 18 6 14 10 1 15 2 17 4 15 1 14 6 0 16 15 13 15 4 2 17 15 18 17 1 11 9 14
split_gain=25.5491 3.46297 5.13431 3.83551 4.45057 3.7296 3.48198 2.81434 1.09856 1.00556 1.18768 1.25 1.225 0.957376 0.766131 1.18618 1.07947 1.05016 0.903627 1.14568 0.985089 0.828726 0.816667 0.641588 1.30971 0.610703 0.603728 0.482671 0.597992 1.26759
threshold=31.014597451219423 26.819483663903579 19.707186428447081 13.500000000000002 47.593982546932629 -0.5488429582847193 760.05000000000007 36.75677334688406 133.50000000000003 27.299332352638832 9.4500000000000011 39.733511193018259 485.60000000000008 52.21991853860677 24.500000000000004 483.00000000000006 20.190675367835301 82.611920185725026 0.99939540507859748 67.192383518535209 22.350000000000005 387.50000000000006 28.882185783662447 73.844402789482189 73.023598307963354 18.486405453977486 497.00000000000006 49.658275175566231 0.93228057993045244 59.198403367782696
decision_type=2 2 2 2 2 2 2 2 2 2 2 2 2 2 2 2 2 2 2 2 2 2 2 2 2 2 2 2 2 2
left_child=7 2 -2 4 5 -4 14 -1 13 -9 -11 -12 -13 -6 15 16 -3 18 -17 26 23 25 -18 24 -21 -16 -20 28 -27 -30
right_child=1 6 3 -5 8 -7 -8 9 -10 10 11 12 -14 -15 21 17 22 -19 19 20 -22 -23 -24 -25 -26 27 -28 -29 29 -31
leaf_value=-0.50435659264913968 -0.038003618877985451 -0.0061448920712243518 0.025406549812422498 0.0033846442830479566 0.036726920587221226 0.042202490808319608 0.089451882033241781 -0.017177635635844946 0.0066634351958552067 -0.0057024813184932731 0.010640085142203333 0.026417096202606013 0.023251583241607168 0.012945584296683932 0.011965693183087669 0.00021717560380734506 0.027147385364199611 0.025228333520799319 0.00707365952776365 0.0093861497838908497 0.042937862511286048 0.011275778997025952 0.013744126003029126 0.0022273824636354872 0.024282282275178264 -0.00052543780687211786 -0.0025971381551651547 -0.002900839386050319 0.010814195153249143 -0.0068663313759634503
leaf_weight=4640 79 27 22 64 20 26 24 84 34 44 40 20 20 33 32 863 40 20 21 25 27 21 24 52 22 210 68 371 24 30
leaf_count=4640 79 27 22 64 20 26 24 84 34 44 40 20 20 33 32 863 40 20 21 25 27 21 24 52 22 210 68 371 24 30
internal_value=-0.00265903 0.001838 0.00705036 0.0113317 0.0161111 0.0283333 0.00107575 -0.00468028 0.00936781 0.00100961 0.00387097 0.0075 0.01375 0.0138679 0.000833776 0.00160219 0.00708791 0.00114754 0.000936919 0.00383721 0.00690476 -0.000494187 0.010625 0.00459596 0.00882979 -0.0008021 -0.000505619 -0.00114173 0.000492423 0.00518518
internal_weight=7027 2179 278 199 135 48 1901 4848 87 208 124 80 40 53 1877 1189 91 1098 1078 215 126 688 64 99 47 667 89 635 264 54
internal_count=7027 2179 278 199 135 48 1901 4848 87 208 124 80 40 53 1877 1189 91 1098 1078 215 126 688 64 99 47 667 89 635 264 54
is_linear=0
shrinkage=0.05


Tree=58
num_leaves=31
num_cat=0
split_feature=18 11 15 1 7 11 14 1 1 16 7 17 4 1 0 6 9 18 15 13 3 16 16 1 18 10 14 16 0 1
split_gain=27.5287 8.45456 3.26667 2.77635 1.80327 2.43563 1.47813 1.43632 3.39222 2.08143 1.79719 1.23872 1.22376 1.51887 1.35064 1.01941 1.15676 1.5654 1.964 1.26482 1.03712 0.890884 2.30127 0.702977 0.676667 1.28333 0.634047 0.903856 0.510141 0.534028
threshold=19.931585178527687 19.088914978457193 24.681704087476106 760.05000000000007 0.78656609248549325 35.870191544796747 51.753992821228927 493.35000000000008 454.05000000000007 20.304822226906147 0.60355339059327384 31.377959158067679 13.65 306.25000000000006 290.50000000000006 88.500000000000014 0.81900730237416519 58.984086898776248 40.134449761881221 0.83022583043872433 34.250000000000007 22.807548914874378 22.11690328869695 689.95000000000016 25.006750894002469 0.81898454963288614 72.116374972332736 20.507416439763805 841.00000000000011 557.6500000000002
decision_type=2 2 2 2 2 2 2 2 2 2 2 2 2 2 2 2 2 2 2 2 2 2 2 2 2 2 2 2 2 2
left_child=-1 2 -2 4 5 7 -4 8 9 24 -10 12 14 -14 -11 16 28 18 -18 -19 -20 22 26 -9 -3 -26 27 -21 -7 -30
right_child=1 3 6 -5 -6 15 -8 23 10 11 -12 -13 13 -15 -16 -17 17 19 20 21 -22 -23 -24 -25 25 -27 -28 -29 29 -31
leaf_value=-0.67924108679168749 0.038225103343109169 -0.014520067577737931 0.026369917275361067 0.084979287931579536 -0.12979890713790238 -0.00012220673576764321 0.0044167748190040972 0.00077782952419174693 0.044620108256769986 0.028295158031563634 0.016092082065375803 -0.0013882584238875588 0.0085212002291610855 0.027323766592088756 -0.001258792217442118 -0.0053446115809261995 -0.0087264073416999984 -0.0098240772899697917 0.033521035105137591 -0.0015415763798042775 0.010306587871472856 0.00032453240840302135 0.021579228317021356 0.023931483959119027 0.015860270264125856 -0.0066411972106517753 -0.0041144217368920032 0.026509933929767533 -0.0010150956495034124 0.022830073725213874
leaf_weight=4410 20 58 34 24 126 1099 26 194 20 20 29 23 31 36 38 383 30 78 20 22 24 106 23 20 20 22 27 21 21 22
leaf_count=4410 20 58 34 24 126 1099 26 194 20 20 29 23 31 36 38 383 30 78 20 22 24 106 23 20 20 22 27 21 21 22
internal_value=-0.00256653 0.00149599 0.0175 0.000991327 0.000829684 0.00113741 0.0116667 0.00419765 0.00644781 0.00407258 0.0184694 0.00783784 0.0098 0.014403 0.00448276 0.000303837 0.000894172 0.00340456 0.00986486 0.0016787 0.0165909 0.00379397 0.00736559 0.00107477 -0.0015 0.00333333 0.00285714 0.00662791 0.000122591 0.00546512
internal_weight=7027 2617 80 2537 2513 2387 60 511 297 248 49 148 125 67 58 1876 1493 351 74 277 44 199 93 214 100 42 70 43 1142 43
internal_count=7027 2617 80 2537 2513 2387 60 511 297 248 49 148 125 67 58 1876 1493 351 74 277 44 199 93 214 100 42 70 43 1142 43
is_linear=0
shrinkage=0.05


Tree=59
num_leaves=31
num_cat=0
split_feature=18 11 15 1 14 11 9 3 2 6 14 4 10 0 4 4 6 5 12 9 14 13 3 18 5 17 13 16 5 4
split_gain=26.7203 8.6592 3.0598 2.20569 1.93267 3.34116 2.28911 1.50588 1.45751 1.1382 1.41834 0.849568 0.734115 0.733154 0.715505 0.715029 0.777355 0.707421 0.964252 1.50897 2.55872 1.14316 0.682214 0.627567 2.35294 0.9 0.706411 0.6555 0.626517 0.595238
threshold=19.236942004250984 19.850591622734637 25.770948233728515 755.60000000000002 8.5026160070816434 25.028884875552233 -0.82144612508491244 35.250000000000007 113.50000000000001 45.500000000000007 16.078377768929784 4.0500000000000007 -0.84291031405530259 883.50000000000011 9.3500000000000032 18.950000000000003 73.500000000000014 16.500000000000004 144.88819994908604 0.60505046667002438 71.285307961374045 0.91542846096778596 46.250000000000007 50.435861032141482 26.500000000000004 25.552203991122102 0.99939540507859748 21.45465236956024 57.500000000000007 13.15
decision_type=2 2 2 2 2 2 2 2 2 2 2 2 2 2 2 2 2 2 2 2 2 2 2 2 2 2 2 2 2 2
left_child=-1 2 -2 4 -3 6 -6 -8 14 10 -7 -12 -11 17 -4 -14 -17 22 -19 23 21 29 -13 24 25 -20 28 -28 -25 -21
right_child=1 3 8 -5 5 9 7 -9 -10 12 11 13 15 -15 -16 16 -18 18 19 20 -22 -23 -24 26 -26 -27 27 -29 -30 -31
leaf_value=-0.6721289788304885 0.038181109987772424 -0.102266245664133 0.020549876883307124 0.072289626525725709 0.028759946023946544 0.013215019190497966 0.0019768959282519243 0.026846413922349845 0.0022844886202880257 -0.023124625170177424 -0.0036155430344885567 -0.0018813951387757488 -0.0014522488492968672 0.024571266444174129 0.043305681843522528 0.019212490818481195 0.0038444230089828414 -3.6221850588510614e-05 0.0087906624424311519 0.019941879571708152 0.00052625083566054242 0.081889263683086883 0.015612240926001645 -0.00079130757765313246 0.00011470534753713529 0.023367132438392946 0.009900952420828512 0.061903630450661586 0.018743473353032725 0.02118704036629265
leaf_weight=4365 36 162 21 36 20 29 51 30 36 181 84 281 363 23 20 25 98 466 20 21 61 20 25 271 85 20 99 20 37 21
leaf_count=4365 36 162 21 36 20 29 51 30 36 181 84 281 363 23 20 25 98 466 20 21 61 20 25 271 85 20 99 20 37 21
internal_value=-0.00258076 0.00136739 0.0149115 0.000766966 0.000590926 0.000954912 0.00985148 0.00611111 0.00928571 0.000555554 0.00128553 0.00108108 -0.00117691 0.00136054 0.0157317 -0.00016461 0.00313008 0.00121976 0.00179229 0.003 0.00800813 0.0151613 -0.000915034 0.00188406 0.005 0.015 0.000971896 0.0042437 -0.000292209 0.0104762
internal_weight=7027 2662 113 2549 2513 2351 101 81 77 2250 1583 1554 667 1470 41 486 123 1447 1141 675 123 62 306 552 125 40 427 119 308 42
internal_count=7027 2662 113 2549 2513 2351 101 81 77 2250 1583 1554 667 1470 41 486 123 1447 1141 675 123 62 306 552 125 40 427 119 308 42
is_linear=0
shrinkage=0.05


Tree=60
num_leaves=31
num_cat=0
split_feature=18 11 4 14 7 11 9 18 6 14 6 4 6 11 2 14 16 1 6 0 10 16 2 0 3 16 0 0 16 17
split_gain=25.8651 8.90073 3.19959 4.80266 2.46691 2.91053 3.53047 2.2193 1.89908 1.92471 0.951452 0.9 0.886397 0.815657 0.931446 2.2062 0.952697 1.30097 1.25104 1.31811 0.813627 2.21454 0.684226 0.670092 0.501142 0.479314 1.27814 0.524476 0.457516 0.650023
threshold=17.685032753126457 19.088914978457193 8.6500000000000004 51.753992821228927 0.78656609248549325 25.028884875552233 -0.90698021620945013 85.285009830143608 13.500000000000002 47.593982546932629 1.0000000180025095e-35 12.250000000000002 85.500000000000014 42.973782230612763 221.50000000000003 49.93173721722011 20.304822226906147 485.60000000000008 1.0000000180025095e-35 431.50000000000006 0.68389408864483048 21.900215453740028 164.50000000000003 891.00000000000011 42.150000000000013 16.728940579418651 420.50000000000006 577.50000000000011 19.195432386273641 23.905429244499505
decision_type=2 2 2 2 2 2 2 2 2 2 2 2 2 2 2 2 2 2 2 2 2 2 2 2 2 2 2 2 2 2
left_child=-1 2 -2 10 5 6 -3 12 9 11 -4 -8 13 14 16 -16 28 18 -18 22 -19 -22 -20 -15 -17 26 -14 -28 29 -7
right_child=1 4 3 -5 -6 7 8 -9 -10 -11 -12 -13 25 23 15 24 17 20 19 -21 21 -23 -24 -25 -26 -27 27 -29 -30 -31
leaf_value=-0.6804945735686051 0.016638931710401168 0.032478471327605396 0.042503071686554782 0.0078954114369085126 -0.12148660818138053 -0.016823740436230777 0.016547114468097042 0.074327108110925175 -0.0041833529131881523 -0.00036984125209947659 0.033462672827939244 0.025504093601117522 -0.041537238536603377 -3.265710250119704e-05 0.014805073897078139 0.009712886622680543 0.022232622460625174 -0.0032664858875077955 0.0079480560330527777 0.027640370572670905 0.0086994802935295504 0.044880151494100684 -0.0034110984694136377 0.027559591908258321 -0.0021355440888501317 -0.0032416618274867491 0.014467087002928128 0.0020970640672597408 -0.010943748370544515 0.013189324053484237
leaf_weight=4305 35 20 21 25 179 52 20 28 59 23 20 20 49 1112 27 37 38 154 20 24 114 21 41 27 27 380 26 22 63 38
leaf_count=4305 35 20 21 25 179 52 20 28 59 23 20 20 49 1112 27 37 38 154 20 24 114 21 41 27 27 380 26 22 63 38
internal_value=-0.00258788 0.00122704 0.0157921 0.0222727 0.000665775 0.00108108 0.00802817 0.000652173 0.00483606 0.010873 0.0328049 0.0175 0.000479752 0.000988857 0.00239329 0.00708791 0.00163717 0.00288835 0.00719512 0.00382353 0.00105536 0.00388889 -8.19684e-05 0.000179981 0.00203125 -0.00143606 0.00170103 0.0075 -0.00173203 0.000555554
internal_weight=7027 2722 101 66 2621 2442 142 2300 122 63 41 40 2272 1795 656 91 565 412 123 85 289 135 61 1139 64 477 97 48 153 90
internal_count=7027 2722 101 66 2621 2442 142 2300 122 63 41 40 2272 1795 656 91 565 412 123 85 289 135 61 1139 64 477 97 48 153 90
is_linear=0
shrinkage=0.05


Tree=61
num_leaves=31
num_cat=0
split_feature=18 11 4 14 7 11 9 6 14 1 6 14 4 4 0 5 5 12 9 14 9 12 3 1 2 15 0 6 16 5
split_gain=24.918 8.41476 2.94561 5.44224 2.40091 2.97956 3.53047 1.89908 1.92471 1.80291 0.926005 1.28499 0.9 0.784974 0.773801 0.680324 1.0371 0.752941 0.81161 1.01478 1.72919 1.16638 1.03094 0.607158 0.563763 0.540898 1.09681 1.04685 0.597252 1.43448
threshold=17.685032753126457 19.088914978457193 8.6500000000000004 51.183480003422765 0.78656609248549325 25.028884875552233 -0.90698021620945013 13.500000000000002 47.593982546932629 755.60000000000002 45.500000000000007 16.078377768929784 12.250000000000002 4.0500000000000007 883.50000000000011 17.500000000000004 18.500000000000004 144.88819994908604 0.22611359161738889 68.6338793735937 0.60505046667002438 270.75168034311054 22.050000000000004 495.10000000000008 387.50000000000006 29.085434379315945 483.00000000000006 11.500000000000002 19.395020252743631 34.500000000000007
decision_type=2 2 2 2 2 2 2 2 2 2 2 2 2 2 2 2 2 2 2 2 2 2 2 2 2 2 2 2 2 2
left_child=-1 2 -2 -4 5 6 -3 8 12 10 11 -7 -8 -13 15 -15 -17 23 25 20 21 -20 -21 -18 -12 -19 27 -27 29 -28
right_child=1 4 3 -5 -6 9 7 -9 -10 -11 24 13 -14 14 -16 16 17 18 19 22 -22 -23 -24 -25 -26 26 28 -29 -30 -31
leaf_value=-0.64646984489017489 0.015806985124881174 0.030854547761225044 0.036574332419063431 0.0069180571921721827 -0.11541227777231144 0.010642383531109117 0.015719758744692221 -0.0039741852675287603 -0.00035134918949442106 0.066127975747666878 -0.0010258192961220562 -0.004038665598745831 0.024228888921061637 -0.00074644571298022357 0.021964723526552762 0.032670542353408265 0.0021575381601979817 -0.0099201988188556203 -0.00071109269998089722 0.02526230062461007 0.031922720837276035 0.014125187814056445 -0.0032164146487079362 -0.002639974080676474 0.0054778644397337883 0.0082373221052904084 -0.0051230204328850245 0.025795000084986138 -0.00046838018314445231 0.024214025308118489
leaf_weight=4305 35 20 39 27 179 31 20 59 23 36 656 85 20 337 23 28 230 33 57 22 36 21 81 213 21 27 29 20 278 36
leaf_count=4305 35 20 39 27 179 31 20 59 23 36 656 85 20 337 23 28 230 33 57 22 36 21 81 213 21 27 29 20 278 36
internal_value=-0.00260922 0.00113519 0.015297 0.0215152 0.000589468 0.00099918 0.00802817 0.00483606 0.010873 0.000565216 0.000388691 0.00104915 0.0175 0.000848328 0.00111829 0.000973756 0.00157066 0.00132502 0.00242187 0.00490783 0.00815789 0.00397436 0.00131068 -0.000259595 -0.00115953 0.00114657 0.00166667 0.00882979 0.00068513 0.005
internal_weight=7027 2722 101 66 2621 2442 142 122 63 2300 2264 1587 40 1556 1471 1448 1111 1083 640 217 114 78 103 443 677 423 390 47 343 65
internal_count=7027 2722 101 66 2621 2442 142 122 63 2300 2264 1587 40 1556 1471 1448 1111 1083 640 217 114 78 103 443 677 423 390 47 343 65
is_linear=0
shrinkage=0.05


Tree=62
num_leaves=31
num_cat=0
split_feature=18 11 10 7 1 11 6 17 1 15 14 6 14 4 0 11 18 1 15 12 13 4 13 5 18 1 18 2 0 0
split_gain=24.3691 6.86015 5.21479 2.41304 2.22575 2.0582 2.89754 3.0886 1.81583 1.71838 1.26774 0.873882 1.05583 0.585317 0.788609 0.61873 0.751954 1.42392 1.3484 1.875 1.22576 0.750066 0.921126 0.963333 0.625121 0.669459 0.625 0.561144 0.489308 1.11835
threshold=15.78574198951314 19.850591622734637 0.1500498401600889 0.78656609248549325 320.45000000000005 24.366276592681828 31.500000000000004 28.76383888378955 755.60000000000002 24.681704087476106 47.104354536635242 45.500000000000007 16.078377768929784 4.0500000000000007 883.50000000000011 41.930302315728589 21.718676228415863 478.15000000000003 39.131812022759355 253.16902249952926 0.41666528959762045 7.6500000000000012 0.63812056149200258 37.500000000000007 64.999952126305075 331.25000000000006 37.712085615690953 387.50000000000006 414.50000000000006 483.00000000000006
decision_type=2 2 2 2 2 2 2 2 2 2 2 2 2 2 2 2 2 2 2 2 2 2 2 2 2 2 2 2 2 2
left_child=-1 2 -2 5 -4 6 7 -3 11 -6 -11 12 -7 -14 15 16 -15 18 20 -20 -18 22 -19 -24 25 -17 -21 -13 -22 -30
right_child=1 3 4 -5 9 8 -8 -9 -10 10 -12 27 13 14 -16 24 17 21 19 26 28 -23 23 -25 -26 -27 -28 -29 29 -31
leaf_value=-0.64549224114910408 0.038491087468480227 0.023815223635625347 -0.015050001383591943 -0.11021890053575885 0.029406367430554553 0.010041313845049278 -0.0062872660095390142 0.012326145479247215 0.062821576960283773 0.024733616764459922 0.004745235947455401 -0.0010594043443041517 -0.003836732318808737 -0.0063105753437320737 0.020866487350225199 0.0090219083682379041 0.020278837393539365 -0.013274556198097295 0.021351089544620502 0.00080856306290381377 -0.0029031011176425662 -0.0011291161477098965 0.030053865048553882 0.021853855343867669 0.0071397714986673692 -0.0013036920660494283 0.007607645069581637 0.0052039712177471345 0.011959576466606088 -0.0042486922886511829
leaf_weight=4245 20 31 39 191 25 34 42 34 36 25 49 666 85 33 23 32 21 24 20 20 27 230 20 30 446 476 20 21 30 32
leaf_count=4245 20 31 39 191 25 34 42 34 36 25 49 666 85 33 23 32 21 24 20 20 27 230 20 30 446 476 20 21 30 32
internal_value=-0.00261634 0.00102085 0.0111392 0.000411584 0.00768116 0.000836415 0.00761682 0.0142308 0.000524504 0.0116667 0.00783784 0.000349344 0.00098877 0.000799871 0.001031 0.000886378 0.00229783 0.00280591 0.00647059 0.0125 0.00318182 0.000756578 0.00513513 0.009 0.000136267 -0.00106299 0.00625 -0.00114265 0.000617976 0.00306451
internal_weight=7027 2782 158 2624 138 2433 107 65 2326 99 74 2290 1603 1569 1484 1461 507 474 170 60 110 304 74 50 954 508 40 687 89 62
internal_count=7027 2782 158 2624 138 2433 107 65 2326 99 74 2290 1603 1569 1484 1461 507 474 170 60 110 304 74 50 954 508 40 687 89 62
is_linear=0
shrinkage=0.05


Tree=63
num_leaves=31
num_cat=0
split_feature=18 11 3 7 11 6 17 1 4 2 6 9 1 16 13 8 18 2 4 14 18 18 16 0 2 14 1 17 0 4
split_gain=23.8593 7.1695 4.60394 2.47471 2.3872 2.89089 2.47813 1.82835 1.67975 2.1393 0.887547 0.974003 3.0106 1.0547 1.67337 0.853006 1.07773 1.36329 0.838832 0.700358 0.70028 0.674298 0.91746 0.525565 0.846378 1.41003 0.455195 0.857155 0.555711 0.524738
threshold=16.420634257746357 19.088914978457193 28.850000000000005 0.78656609248549325 24.366276592681828 25.500000000000004 28.76383888378955 755.60000000000002 9.9500000000000011 106.50000000000001 85.500000000000014 0.80900950266415306 373.75000000000006 24.230013989013525 0.52660391948775531 -0.9159756150367534 58.984086898776248 223.50000000000003 7.0500000000000007 48.494534078851459 46.300531869669946 73.528219932940772 22.65739861525682 672.50000000000011 321.50000000000006 40.952303898370694 200.60000000000002 20.883828980094236 377.50000000000006 7.1500000000000012
decision_type=2 2 2 2 2 2 2 2 2 2 2 2 2 2 2 2 2 2 2 2 2 2 2 2 2 2 2 2 2 2
left_child=-1 2 8 4 5 6 -3 10 -2 -10 11 -6 -13 14 -14 18 17 20 -16 -8 -17 -20 -23 24 26 -26 -12 -28 -29 -30
right_child=1 3 -4 -5 7 -7 19 -9 9 -11 23 12 13 -15 15 16 -18 -19 21 -21 -22 22 -24 -25 25 -27 27 28 29 -31
leaf_value=-0.60523304227839236 0.0005857142945452018 0.025194195226785489 0.036901267122749819 -0.10490771185928226 0.00019722888801077329 -0.0024021588084452267 0.022355075359701767 0.059680498112269331 0.024345995511064325 0.0048105441245904022 -0.029674921074788807 0.017917152770419369 0.021370165990562739 -0.0034770094510531064 0.015609564041897282 -0.011477638037084265 -0.0040073906400867332 0.024451483469556889 -0.0091170569309221936 -0.00068124166710568067 0.018713942054872628 0.045247485383749488 0.021073660986239109 -0.0056731059720647962 0.012484439285701143 -0.013562707992118079 0.01421855427458945 0.0023126278303958708 0.0097695540121482665 -0.015396449671636562
leaf_weight=4260 40 30 26 195 1381 54 23 36 26 28 95 27 24 83 24 30 100 23 28 21 21 28 35 134 23 31 21 23 29 128
leaf_count=4260 40 30 26 195 1381 54 23 36 26 28 95 27 24 83 24 30 100 23 28 21 21 28 35 134 23 31 21 23 29 128
internal_value=-0.00265192 0.000963136 0.0129167 0.00042123 0.000852364 0.0075 0.0139189 0.000486229 0.00776596 0.0135185 0.000310313 0.000820398 0.00291962 0.00181818 0.00314696 0.00209342 -0.000114944 0.00445946 0.00543478 0.00636364 -9.80404e-05 0.00324176 0.00611111 -0.00159091 -0.00057143 0.00518518 -0.00162162 -0.000273633 -0.00138889 -0.00245223
internal_weight=7027 2767 120 2647 2452 128 74 2324 94 54 2288 1804 423 396 313 289 174 74 115 44 51 91 63 484 350 54 296 201 180 157
internal_count=7027 2767 120 2647 2452 128 74 2324 94 54 2288 1804 423 396 313 289 174 74 115 44 51 91 63 484 350 54 296 201 180 157
is_linear=0
shrinkage=0.05


Tree=64
num_leaves=31
num_cat=0
split_feature=13 11 9 14 6 11 11 6 17 1 3 11 18 13 9 3 9 5 2 6 12 14 0 6 2 4 0 17 3 3
split_gain=24.8629 9.39243 4.86925 2.52063 1.98673 3.09382 1.75936 1.83746 2.45466 1.80719 1.21019 0.807692 0.785085 1.43759 1.96749 1.36134 0.871212 0.75 0.631438 0.645294 0.678934 1.79476 1.64976 0.791064 0.566235 0.491519 0.656452 0.46173 0.454924 1.14939
threshold=0.20866728854958086 19.850591622734637 -0.9523687564627995 8.5026160070816434 2.5000000000000004 14.777337057572906 24.366276592681828 25.500000000000004 28.882185783662447 755.60000000000002 25.050000000000004 17.389158475866676 21.718676228415863 0.48195166691331093 0.22611359161738889 31.650000000000002 -0.64860553522282427 32.500000000000007 387.50000000000006 24.500000000000004 203.19880857529418 51.526896859582202 431.50000000000006 87.500000000000014 212.50000000000003 4.0500000000000007 891.00000000000011 30.493426101831563 40.250000000000007 39.750000000000007
decision_type=2 2 2 2 2 2 2 2 2 2 2 2 2 2 2 2 2 2 2 2 2 2 2 2 2 2 2 2 2 2
left_child=-1 2 -2 -3 5 -4 7 8 -5 12 -7 -6 -8 14 16 17 -14 -16 19 25 27 22 -22 -24 -23 -15 28 -21 29 -27
right_child=1 3 4 6 11 10 9 -9 -10 -11 -12 -13 13 18 15 -17 -18 -19 -20 20 21 24 23 -25 -26 26 -28 -29 -30 -31
leaf_value=-0.60602954217907856 0.028853131136027367 -0.088988319790184234 0.031395808458998607 0.023405198977212938 -0.011881752468625642 0.019358322459781131 -0.017542345806220688 -0.00073489912008201617 0.013791668034148838 0.056696473206655752 -0.0012463137293207548 0.019517149281850468 0.0031286864272925667 -0.0056706910339107859 -0.01127982897473586 0.015867082556721503 -0.011300360203054784 0.014497309120232095 0.0075533252121118459 -0.0049750900309915372 -0.00037133950572175542 0.0093404285795005131 0.015547872893021101 0.013433514472902589 -0.0046340817003162416 0.0046346102192839191 0.019074889045016797 0.0047681809276444841 -0.00067963084538025741 0.018666648630044282
leaf_weight=4219 33 220 24 25 28 34 83 37 29 36 21 24 20 78 20 35 46 30 22 331 31 38 25 22 229 962 20 40 242 23
leaf_count=4219 33 220 24 25 28 34 83 37 29 36 21 24 20 78 20 35 46 30 22 331 31 38 25 22 229 962 20 40 242 23
internal_value=-0.00257365 0.00107194 0.0126829 0.000351739 0.00835878 0.0133544 0.00081683 0.00763736 0.0135185 0.000550792 0.00681818 0.00076923 0.000376577 0.000555554 0.0052649 0.0102941 -0.00121212 0.005 0.000210857 0.000120038 -0.00108939 0.000507245 0.00717949 0.0130851 -0.00144195 0.000773584 0.00101443 -0.00257413 0.000867969 0.00134518
internal_weight=7027 2808 164 2644 131 79 2424 91 54 2333 55 52 2297 2214 151 85 66 50 2063 2041 716 345 78 47 267 1325 1247 371 1227 985
internal_count=7027 2808 164 2644 131 79 2424 91 54 2333 55 52 2297 2214 151 85 66 50 2063 2041 716 345 78 47 267 1325 1247 371 1227 985
is_linear=0
shrinkage=0.05


Tree=65
num_leaves=31
num_cat=0
split_feature=1 7 9 6 3 0 16 13 7 13 1 4 14 1 1 17 6 2 16 15 4 17 12 1 5 5 17 5 4 0
split_gain=23.3414 8.97872 8.14035 3.73808 2.58505 2.56834 2.025 1.8627 1.65261 3.18867 1.49643 1.17489 1.0501 1.59623 0.8224 0.89308 0.833888 0.661811 0.652497 0.588622 1.09091 0.483236 1.25488 0.580466 0.666234 0.831844 0.711642 0.847339 0.453641 0.694403
threshold=223.65000000000003 -0.91597561503675329 -0.90698021620945013 13.500000000000002 24.250000000000004 344.50000000000006 21.169088340669816 0.50353533838595943 0.78656609248549325 0.48195166691331093 755.60000000000002 7.1500000000000012 49.707586054855874 320.45000000000005 277.40000000000003 24.359223861871126 24.500000000000004 346.00000000000006 20.659977793529368 28.690880610883138 10.65 20.974846503015574 211.62569299982644 528.75000000000011 19.500000000000004 38.500000000000007 28.965316760359652 25.500000000000004 4.0500000000000007 891.00000000000011
decision_type=2 2 2 2 2 2 2 2 2 2 2 2 2 2 2 2 2 2 2 2 2 2 2 2 2 2 2 2 2 2
left_child=5 2 6 4 -4 -1 -2 -7 9 11 14 -3 13 18 15 -11 28 -9 -6 -13 -21 22 -18 -23 -25 26 27 -26 -16 -30
right_child=1 8 3 -5 12 7 -8 17 -10 10 -12 19 -14 -15 16 -17 21 -19 -20 20 -22 23 -24 24 25 -27 -28 -29 29 -31
leaf_value=-0.4463412321115568 0.020816662745898693 0.022013543565280166 0.026897930816800343 -0.0055193954705724507 0.0057329535695138344 0.017595570077197403 0.033522009119373024 -0.018579733028900564 -0.094029725460400004 0.019940406477404717 0.053861649546322922 -0.00099396681181932942 -0.0028115597413404356 0.024027055814465029 -0.004492056180592497 -0.0057926293217088901 -0.013447675252512803 0.0069357324802573261 -0.003269951268796951 0.01130329962085309 0.0030403880052281987 -0.008097328383170805 0.012948093908575355 -0.0034009458334803159 0.030127546610187236 -0.019741577455512853 -0.00033228092162196175 0.0057201858158608537 0.0030858765391125389 0.018121144592766036
leaf_weight=4419 20 23 29 58 20 21 20 48 139 25 36 23 21 32 80 23 21 28 21 22 44 356 20 77 21 41 41 30 1248 20
leaf_count=4419 20 23 29 58 20 21 20 48 139 25 36 23 21 32 80 23 21 28 21 22 44 356 20 77 21 41 41 30 1248 20
internal_value=-0.00265192 0.00121266 0.0108371 0.00632597 0.0112602 -0.00480071 0.03125 0.00324742 0.000283842 0.000625289 0.000174104 0.00883928 0.00723404 0.0100685 -7.48996e-06 0.00645833 -0.000166242 -0.000394738 0.00353658 0.00623595 0.00863636 -0.00170511 0.00353658 -0.00208481 -1.19209e-09 0.00214286 0.00478261 0.00872549 0.000526705 0.000757097
internal_weight=7027 2511 221 181 123 4516 40 97 2290 2151 2039 112 94 73 2003 48 1955 76 41 89 66 607 41 566 210 133 92 51 1348 1268
internal_count=7027 2511 221 181 123 4516 40 97 2290 2151 2039 112 94 73 2003 48 1955 76 41 89 66 607 41 566 210 133 92 51 1348 1268
is_linear=0
shrinkage=0.05


Tree=66
num_leaves=31
num_cat=0
split_feature=18 11 3 7 11 9 4 2 18 6 17 10 13 0 3 17 2 13 4 4 0 4 4 5 15 15 4 11 12 6
split_gain=24.3694 8.69063 6.80956 2.58074 2.59819 2.07308 1.77147 2.24294 1.28391 1.14377 1.79207 0.734168 1.87321 1.26844 0.785326 0.735126 0.685159 0.655626 0.581154 0.670463 0.929008 0.827258 1.40868 1.47319 0.678701 1.44688 0.738294 0.805191 0.644686 0.657082
threshold=13.729290565359106 19.088914978457193 30.950000000000003 0.78656609248549325 24.366276592681828 -0.87585926134142855 9.9500000000000011 106.50000000000001 85.285009830143608 13.500000000000002 30.393521375943198 -0.58427653070765284 0.48195166691331093 310.50000000000006 46.250000000000007 32.770046224521074 208.50000000000003 0.31504661761273606 3.6500000000000008 7.1500000000000012 793.50000000000011 11.550000000000002 12.350000000000003 28.500000000000004 53.762135829065407 60.67242346964273 5.0500000000000007 46.728649850371404 260.18696746278749 11.500000000000002
decision_type=2 2 2 2 2 2 2 2 2 2 2 2 2 2 2 2 2 2 2 2 2 2 2 2 2 2 2 2 2 2
left_child=-1 2 6 4 5 -3 -2 -8 11 10 -7 14 13 -13 -6 18 -15 -11 -14 20 24 -21 23 -23 -20 -26 -27 -28 29 -24
right_child=1 3 -4 -5 8 9 7 -9 -10 17 -12 12 15 16 -16 -17 -18 -19 19 21 -22 22 28 -25 25 26 27 -29 -30 -31
leaf_value=-0.55624553595444881 0.0014408368378390588 0.024616912554591384 0.029626418405169403 -0.082340006844219896 -0.0013061605883756984 0.015246739537094635 0.023292852628604865 0.0036246535289945567 0.061891224173770576 0.015124678550344739 -0.0015118200827107925 -0.0034734021040600457 -0.0035941514674164387 0.011454059144910593 0.015827479943235877 -0.0051106299874367498 0.01247661020873376 -0.0046612381469858218 -0.0030343674303601104 -0.0014431430972804409 0.012784461235062855 0.026406881927495848 0.0098007648752979192 0.0001804022511345554 0.016291629549351733 -0.0050899891544497833 0.03404162026360507 -0.0057620372519391659 0.03510518448229677 -0.00117626065128672
leaf_weight=4215 49 20 31 207 937 30 31 34 28 20 22 36 96 37 28 57 20 38 57 297 34 30 274 37 25 40 37 35 21 204
leaf_count=4215 49 20 31 207 937 30 31 34 28 20 22 36 96 37 28 57 20 38 57 297 34 30 274 37 25 40 37 35 21 204
internal_value=-0.00259499 0.00100996 0.012931 0.000361829 0.000813007 0.00769231 0.0072807 0.0126923 0.000429183 0.005 0.0103846 0.000299738 0.00105834 0.00790322 -0.000751297 0.000546623 0.0125439 0.000172413 0.000812973 0.00114115 0.00355263 0.000504054 0.00162544 0.00843283 0.00221649 0.00412409 0.00169643 0.00472222 0.000711422 0.000334727
internal_weight=7027 2812 145 2667 2460 130 114 65 2330 110 52 2302 1337 93 965 1244 57 58 1187 1091 228 863 566 67 194 137 112 72 499 478
internal_count=7027 2812 145 2667 2460 130 114 65 2330 110 52 2302 1337 93 965 1244 57 58 1187 1091 228 863 566 67 194 137 112 72 499 478
is_linear=0
shrinkage=0.05


Tree=67
num_leaves=31
num_cat=0
split_feature=18 11 3 7 13 16 4 2 4 18 2 18 12 16 4 17 18 14 7 9 14 18 5 10 17 14 17 5 4 4
split_gain=23.3705 8.37231 6.00378 2.47359 2.04348 3.24313 1.77147 2.24294 1.73992 1.35892 0.865344 0.793326 0.690648 1.55622 0.654323 0.581963 0.611644 1.66841 0.66342 0.845741 0.834387 1.96856 0.781071 0.710021 0.762635 1.40226 0.625 0.610668 0.568724 1.0969
threshold=13.729290565359106 19.088914978457193 30.950000000000003 0.78656609248549325 0.48195166691331093 20.219473845828855 9.9500000000000011 106.50000000000001 4.8500000000000005 85.285009830143608 214.50000000000003 25.006750894002469 264.64565685154167 21.436378000446354 9.3500000000000032 32.770046224521074 73.528219932940772 57.293849119280786 -0.5 -0.99628894895067444 51.526896859582202 37.199530931578501 58.500000000000007 0.0043035382962440553 29.779376227293699 68.380131534477854 28.436570201585443 36.500000000000007 5.2500000000000009 6.3500000000000005
decision_type=2 2 2 2 2 2 2 2 2 2 2 2 2 2 2 2 2 2 2 2 2 2 2 2 2 2 2 2 2 2
left_child=-1 2 6 4 5 11 -2 -8 -7 15 12 -3 14 -14 -10 16 18 -18 20 26 21 27 23 -22 25 -25 -20 -6 -19 -30
right_child=1 3 -4 -5 9 8 7 -9 10 -11 -12 -13 13 -15 -16 -17 17 28 19 -21 22 -23 -24 24 -26 -27 -28 -29 29 -31
leaf_value=-0.52843325915672634 0.0013687949959470356 -0.012191837179639484 0.02814509748491097 -0.078223006502008918 0.011740338905438472 0.02136308732408515 0.022128209997174676 0.0034434208525448181 0.012766465809669609 0.058796662965081709 0.010101981179404732 0.0047838011566769534 0.0049727202652186985 0.019955379615810606 -0.0017822343021244515 -0.0048550984880648658 0.049722716522984961 -0.0041628019839208925 0.01237222838240684 -0.0012408527278244849 -0.0012431597833250827 0.015915544378393414 0.023672058631121633 0.016386745983103506 -0.00047228168100264681 -0.0041340487459412675 -0.003168222283665582 -0.0208330119253986 0.027431138233981796 0.0057742491296290666
leaf_weight=4215 49 97 31 207 34 20 31 34 20 28 21 36 44 31 56 57 26 48 20 1167 248 24 20 31 88 33 20 25 23 243
leaf_count=4215 49 97 31 207 34 20 31 34 20 28 21 36 44 31 56 57 26 48 20 1167 248 24 20 31 88 33 20 25 23 243
internal_value=-0.0026448 0.00088549 0.0125862 0.000249343 0.000691056 0.00438461 0.0072807 0.0126923 0.00854167 0.000128804 0.0069186 -0.00161654 0.00559603 0.009 0.00223684 -1.66125e-05 0.00012195 0.00205882 -0.000263159 -0.000898924 0.00126242 0.00584337 0.000357142 -0.000125001 0.00256579 0.00671875 0.00625 0.000932202 0.00105095 0.00195489
internal_weight=7027 2812 145 2667 2460 325 114 65 192 2135 172 133 151 75 76 2107 2050 340 1710 1207 503 83 420 400 152 64 40 59 314 266
internal_count=7027 2812 145 2667 2460 325 114 65 192 2135 172 133 151 75 76 2107 2050 340 1710 1207 503 83 420 400 152 64 40 59 314 266
is_linear=0
shrinkage=0.05


Tree=68
num_leaves=31
num_cat=0
split_feature=18 11 3 7 11 6 17 4 18 18 13 1 14 3 3 5 16 9 2 17 0 2 2 6 4 0 3 4 4 15
split_gain=21.843 7.21482 5.65307 2.33426 1.73735 1.53243 2.13993 1.4124 1.04548 0.968436 1.6993 0.851393 0.753463 0.617987 0.68349 0.911657 0.763753 0.917884 1.3714 0.733687 0.762698 0.646975 0.72 0.593814 0.591243 1.5885 0.605569 0.60426 0.684015 0.846075
threshold=13.729290565359106 19.088914978457193 30.950000000000003 0.78656609248549325 24.366276592681828 19.500000000000004 28.76383888378955 14.750000000000002 20.903840180340211 20.59082371482835 0.32046165541034416 760.05000000000007 48.494534078851459 46.250000000000007 35.650000000000013 13.500000000000002 24.245844823122862 0.59125596962661842 154.50000000000003 32.494283209014007 643.50000000000011 282.50000000000006 316.50000000000006 62.500000000000007 18.850000000000005 746.50000000000011 33.95000000000001 7.6500000000000012 5.6500000000000012 50.130243763031487
decision_type=2 2 2 2 2 2 2 2 2 2 2 2 2 2 2 2 2 2 2 2 2 2 2 2 2 2 2 2 2 2
left_child=-1 2 7 4 5 6 -3 9 -7 -2 -11 13 -8 14 15 19 17 24 -19 20 -6 -20 -23 -16 27 26 -26 28 -17 -30
right_child=1 3 -4 -5 11 8 12 -9 -10 10 -12 -13 -14 -15 23 16 -18 18 21 -21 -22 22 -24 -25 25 -27 -28 -29 29 -31
leaf_value=-0.50201159619889013 -0.010831849549164272 0.019927921024243192 0.026737842610665502 -0.074311856176908539 0.022180350786440085 0.029122241098611248 0.018621245216919775 0.021000613839261592 -0.0059491188747411656 0.02205995007134913 -0.0016432393718823449 0.056600093844134849 -0.0015208957079851191 0.015098148582464763 -0.00032644184392851931 -0.0009792202773915373 -0.0070831090764342242 0.018385445471433556 0.0036532235579716564 -0.0052121073279097945 0.024344352361676366 0.042639887186714964 0.0018785190761891985 -0.0048082023387359014 0.0059864801882371635 0.02982654416789686 -0.027362100094411701 -0.0031977204212954437 -0.0031124627068843053 0.020330193205208322
leaf_weight=4215 34 25 31 207 28 20 22 32 43 22 26 24 20 28 776 104 78 39 283 20 35 25 25 194 117 23 38 419 23 51
leaf_count=4215 34 25 31 207 28 20 22 32 43 22 26 24 20 28 776 104 78 39 283 20 35 25 25 194 117 23 38 419 23 51
internal_value=-0.00272307 0.000689899 0.0115517 9.93614e-05 0.000528454 0.00615384 0.0114179 0.00640351 0.000555554 0.00292683 0.0075 0.000214591 0.00452381 0.000117085 2.63377e-05 0.00077217 0.00042857 0.00075414 0.0027957 0.00584337 0.00849206 0.00175676 0.007 -0.000979383 -0.000225808 0.00230337 0.00048387 -0.000979901 0.00146067 0.00513513
internal_weight=7027 2812 145 2667 2460 130 67 114 63 82 48 2330 42 2306 2278 1308 1225 1147 372 83 63 333 50 970 775 178 155 597 178 74
internal_count=7027 2812 145 2667 2460 130 67 114 63 82 48 2330 42 2306 2278 1308 1225 1147 372 83 63 333 50 970 775 178 155 597 178 74
is_linear=0
shrinkage=0.05


Tree=69
num_leaves=31
num_cat=0
split_feature=13 11 9 7 17 15 13 17 10 4 1 12 18 5 6 17 0 1 1 0 15 14 5 13 4 1 3 17 11 4
split_gain=20.9998 5.83644 5.25019 2.15351 1.83661 2.06881 1.35448 3.59202 0.972839 1.23565 0.905297 0.822092 0.578606 0.566176 0.492708 0.625164 1.63514 0.544022 0.50647 1.24085 0.533914 0.835162 1.46765 1.13236 0.818966 0.76109 0.823129 0.490823 0.980698 1.18588
threshold=0.20048609849843999 19.850591622734637 -0.96230016621822456 0.78656609248549325 27.338497926644202 24.681704087476106 0.48195166691331093 26.695590268332403 -0.021515300460958474 9.1500000000000004 760.05000000000007 270.18895606253255 28.613117394034933 28.500000000000004 85.500000000000014 20.883828980094236 420.50000000000006 258.25000000000006 282.55000000000007 447.50000000000006 67.192383518535209 56.032566590658732 33.500000000000007 0.99939540507859748 22.350000000000005 665.1500000000002 37.550000000000004 30.067846226283365 37.667460987063379 13.750000000000002
decision_type=2 2 2 2 2 2 2 2 2 2 2 2 2 2 2 2 2 2 2 2 2 2 2 2 2 2 2 2 2 2
left_child=-1 2 -2 6 -4 -6 7 12 11 -10 14 -9 -3 -11 18 16 -16 -17 19 -8 27 22 -22 -23 25 26 -25 28 29 -20
right_child=1 3 4 -5 5 -7 10 8 9 13 -12 -13 -14 -15 15 17 -18 -19 20 -21 21 23 -24 24 -26 -27 -28 -29 -30 -31
leaf_value=-0.49047391591303485 0.022610330111186478 -0.0051655465141473489 -0.02467815645500698 -0.070156660190127978 0.020933645794651519 0.011799780466483027 -0.0083858110395892745 0.018911016320898876 0.018653090841810008 -0.0045805597336441382 0.053770089151927894 0.016544037076397039 0.0026333330481716471 0.0090293493686215056 -0.034433811720334134 0.002724259870814059 0.010274447202793014 -0.0061281700148392675 0.00043214289639363396 0.018300617345066932 0.058121836296194697 -0.0017822338645570623 -0.00041124103024437874 0.022506847763225927 0.040701877449041385 -0.001924960295866745 -0.0011748058905046122 -0.0025592396010612013 -0.00081121611150404603 0.032841844065758061
leaf_weight=4191 30 149 40 201 36 77 24 33 29 22 24 31 23 34 37 48 37 291 119 25 27 292 20 28 30 72 21 174 806 56
leaf_count=4191 30 149 40 201 36 77 24 33 29 22 24 31 23 34 37 48 37 291 119 25 27 292 20 28 30 72 21 174 806 56
internal_value=-0.00275153 0.000571226 0.00920765 -2.45018e-05 0.00545752 0.00871681 0.000383359 0.00341121 0.00909396 0.00558823 -7.2737e-05 0.01375 -0.00151163 0.00125 -0.000182725 -0.00173124 0.00243243 -0.00264012 0.000194804 0.00520408 4.55915e-05 0.00142857 0.00776596 0.000756206 0.00427152 0.00243802 0.0072449 -0.000541127 -0.000107035 0.00328571
internal_weight=7027 2836 183 2653 153 113 2452 321 149 85 2131 64 172 56 2107 413 74 339 1694 49 1645 490 47 443 151 121 49 1155 981 175
internal_count=7027 2836 183 2653 153 113 2452 321 149 85 2131 64 172 56 2107 413 74 339 1694 49 1645 490 47 443 151 121 49 1155 981 175
is_linear=0
shrinkage=0.05


Tree=70
num_leaves=31
num_cat=0
split_feature=18 11 9 16 7 18 11 9 14 6 6 1 13 6 13 9 6 1 12 4 4 17 4 4 17 3 14 0 14 0
split_gain=20.2685 7.80866 4.24764 2.78099 2.24157 2.0731 1.91678 2.4094 1.60303 1.00058 1.20566 0.902155 0.687013 0.656788 0.70541 1.39592 0.663412 1.42857 0.490666 0.715558 0.68003 1.47913 0.740908 0.812698 0.726287 0.619625 0.57315 0.645295 0.798746 0.555204
threshold=11.65507556490194 18.054958134915562 0.15855791680139919 20.976160318833745 0.78656609248549325 19.51194158707246 25.028884875552233 -0.90698021620945013 48.812153425824789 13.500000000000002 3.5000000000000004 760.05000000000007 0.30584636840520457 74.500000000000014 0.53097657059921222 0.90518480756366027 1.0000000180025095e-35 484.35000000000008 144.88819994908604 4.2500000000000009 7.1500000000000012 26.552353388212232 11.65 12.050000000000002 24.22558966417655 22.050000000000004 66.01370994477044 796.50000000000011 71.587306401570771 800.50000000000011
decision_type=2 2 2 2 2 2 2 2 2 2 2 2 2 2 2 2 2 2 2 2 2 2 2 2 2 2 2 2 2 2
left_child=-1 2 3 -2 6 -4 7 -3 -7 10 -9 13 -11 14 15 16 17 -8 -16 -20 21 -21 24 -24 -22 -26 -23 28 -28 -25
right_child=1 4 5 -5 -6 8 11 9 -10 12 -12 -13 -14 -15 18 -17 -18 -19 19 20 22 26 23 29 25 -27 27 -29 -30 -31
leaf_value=-0.47945686633508394 0.016388846799686291 0.019348952151860572 -0.024269841276944804 0.024214159111701647 -0.06686862894427166 0.020759741492563197 0.016931569695540858 0.0063060685796124533 0.0092326521738057832 0.009181934114334914 0.018767482050896987 0.05108158469433164 -0.0038772004801474595 -0.0018898835245524364 -0.0014153221107323487 0.01647215113035165 -0.00043336501162999965 -0.021778690397098233 -0.0061811761195788625 -0.0047022061171186017 0.013033108967193006 0.018221686764932202 0.017795570753382728 0.0005746036239846899 0.0081171082933089497 -0.0051846909253278903 -0.013513181125192834 0.0079812918579569344 0.024091075896723668 0.017608320179063209
leaf_weight=4185 29 24 30 21 214 20 36 65 24 22 20 24 55 554 483 35 121 20 71 35 28 39 27 423 37 192 26 21 29 117
leaf_count=4185 29 24 30 21 214 20 36 65 24 22 20 24 55 554 483 35 121 20 71 35 28 39 27 423 37 192 26 21 29 117
internal_value=-0.00278711 0.000471498 0.0127419 0.024 -8.83014e-05 0.00513513 0.000331468 0.00521505 0.0120455 0.00302469 0.0067647 -6.03981e-05 -0.0011039 -0.000161292 0.000316091 0.00301887 0.00121469 0.00571428 -5.89017e-05 0.000550238 0.00090349 0.004 0.000339805 0.00134921 -0.00188716 -0.0028166 0.00673913 0.00421053 0.00136364 0.000925925
internal_weight=7027 2842 124 50 2718 74 2504 186 44 162 85 2318 77 2294 1740 212 177 56 1528 1045 974 150 824 567 257 229 115 76 55 540
internal_count=7027 2842 124 50 2718 74 2504 186 44 162 85 2318 77 2294 1740 212 177 56 1528 1045 974 150 824 567 257 229 115 76 55 540
is_linear=0
shrinkage=0.05


Tree=71
num_leaves=31
num_cat=0
split_feature=18 11 3 7 11 9 1 14 6 6 1 13 17 13 15 6 18 13 6 17 3 4 10 5 13 17 13 4 4 6
split_gain=20.6614 7.23906 4.45023 2.30924 1.85459 2.4094 1.69117 2.58646 1.00058 1.20566 0.886085 0.687013 0.618034 1.07524 1.16826 1.08199 2.01768 0.648863 0.843701 0.76259 0.815041 0.733265 0.631085 0.598523 0.566541 0.596165 0.847775 0.560057 0.497042 0.496484
threshold=11.65507556490194 18.054958134915562 35.350000000000001 0.78656609248549325 25.028884875552233 -0.90698021620945013 280.35000000000008 49.707586054855874 13.500000000000002 3.5000000000000004 760.05000000000007 0.30584636840520457 25.345442905298629 0.53097657059921222 46.819344971606732 1.0000000180025095e-35 42.707270410527627 0.99939540507859748 1.5000000000000002 25.755537984696499 39.350000000000001 14.250000000000002 -0.17552498857989965 34.500000000000007 0.97056882746876705 29.485161729822767 0.93373422998839917 6.8500000000000005 18.350000000000005 52.500000000000007
decision_type=2 2 2 2 2 2 2 2 2 2 2 2 2 2 2 2 2 2 2 2 2 2 2 2 2 2 2 2 2 2
left_child=-1 2 6 4 5 -3 -2 -8 9 -7 12 -10 -6 14 15 16 -14 19 21 20 -15 27 -21 -20 25 26 29 -19 -27 -24
right_child=1 3 -4 -5 10 8 7 -9 11 -11 -12 -13 13 17 -16 -17 -18 18 23 22 -22 -23 24 -25 -26 28 -28 -29 -30 -31
leaf_value=-0.45548402301832969 -0.024425616111469577 0.018381504544267516 0.020572921817383818 -0.063525197497058136 -0.0014946282568380183 0.0059907651506318693 0.018567482290001276 -0.00032731063336359674 0.0087228374086182042 0.017829107948352116 0.048527505459615129 -0.0036833404561400955 0.016831962492140386 0.0013418821762238452 0.016936034861099972 -0.00047426828688848337 -0.013393852003003871 0.0073018644977866894 -0.0033296078930716306 -0.0019033336393503523 0.01596584184499647 0.034504478075771464 0.0056661814034282328 0.016063694043260354 -0.0029280480597480498 0.00046578357670484707 0.050407924290788643 -0.0016578723529656727 -0.0032473133505856637 -0.0025554581026503297
leaf_weight=4185 28 24 29 214 715 65 38 29 22 20 24 55 37 37 27 114 32 23 66 488 23 45 141 37 47 305 24 34 53 46
leaf_count=4185 28 24 29 214 715 65 38 29 22 20 24 55 37 37 27 114 32 23 66 488 23 45 141 37 47 305 24 34 53 46
internal_value=-0.00276576 0.000524277 0.0123387 -1.47179e-05 0.000411341 0.00521505 0.00710526 0.0114179 0.00302469 0.0067647 2.58832e-05 -0.0011039 -7.41076e-05 0.00047815 0.00380952 0.00237705 0.00731884 -3.28719e-05 0.00256097 -0.000489692 0.005 0.00578431 -0.000788045 -0.000631069 0.000275973 0.000711774 0.0028199 0.00201754 -0.000530727 0.00168449
internal_weight=7027 2842 124 2718 2504 186 95 67 162 85 2318 77 2294 1579 210 183 69 1369 205 1164 60 102 1104 103 616 569 211 57 358 187
internal_count=7027 2842 124 2718 2504 186 95 67 162 85 2318 77 2294 1579 210 183 69 1369 205 1164 60 102 1104 103 616 569 211 57 358 187
is_linear=0
shrinkage=0.05


Tree=72
num_leaves=31
num_cat=0
split_feature=18 11 3 7 11 9 6 11 6 6 1 12 13 6 13 9 6 1 18 4 4 9 12 4 15 4 17 18 7 5
split_gain=19.622 6.92097 4.66203 2.19148 1.96409 2.4094 1.62156 3.7404 1.00058 1.20566 0.914303 0.751111 0.687013 0.600752 0.751127 1.39592 0.663412 1.42857 0.550661 0.750883 1.00498 0.84224 0.64107 0.505148 0.781799 0.957453 1.10743 0.478093 0.544226 0.489698
threshold=11.65507556490194 18.054958134915562 35.350000000000001 0.78656609248549325 25.028884875552233 -0.90698021620945013 2.5000000000000004 12.330998969456521 13.500000000000002 3.5000000000000004 760.05000000000007 245.82318366523478 0.30584636840520457 74.500000000000014 0.53097657059921222 0.90518480756366027 1.0000000180025095e-35 484.35000000000008 65.82833955246268 4.2500000000000009 6.0500000000000007 0.29259762607704992 192.75880728777858 11.65 75.449983897206323 13.750000000000002 26.437412028077457 57.567869488508471 0.60355339059327384 17.500000000000004
decision_type=2 2 2 2 2 2 2 2 2 2 2 2 2 2 2 2 2 2 2 2 2 2 2 2 2 2 2 2 2 2
left_child=-1 2 6 4 5 -3 7 -2 9 -7 13 -9 -10 14 15 16 17 -6 27 -20 21 -21 -22 -24 25 -25 -27 28 29 -16
right_child=1 3 -4 -5 10 8 -8 11 12 -11 -12 -13 -14 -15 18 -17 -18 -19 19 20 22 -23 23 24 -26 26 -28 -29 -30 -31
leaf_value=-0.43270982186741325 0.017486708116265882 0.017462429317054107 0.019544275726514671 -0.060348937622205279 0.015243393086156807 0.0056912268931002957 -0.0059114239634251251 -0.0023013147862864397 0.0082866955381872311 0.016937652550934542 0.046101130186634268 0.032057439001963221 -0.0034991734333330647 -0.001830823720348311 -0.00076777775246894683 0.015713718658994166 -0.00033696549417032309 -0.020020063277093002 -0.0096609428800705222 -0.00051590017292285737 -0.0011549595419497666 0.028789597979209255 -0.001170773323992857 0.017065089288487545 0.054231656504780304 0.0071400982942323018 -0.006352940101430467 -0.001359615768712362 -0.026383821209887692 0.0078879923865020473
leaf_weight=4185 21 24 29 214 36 65 29 25 22 20 24 20 55 554 121 35 121 20 49 27 307 38 78 29 30 32 57 361 66 333
leaf_count=4185 21 24 29 214 36 65 29 25 22 20 24 20 55 554 121 35 121 20 49 27 307 38 78 29 30 32 57 361 66 333
internal_value=-0.00282269 0.000383532 0.0119355 -0.000143489 0.000271564 0.00521505 0.00657895 0.0109091 0.00302469 0.0067647 -0.000125109 0.00277778 -0.0011039 -0.000226679 0.000229884 0.00301887 0.00121469 0.00571428 -0.000157069 0.00095054 0.00143813 0.00730769 0.000722325 0.00274336 0.00445946 0.00262712 5.61786e-05 -0.000970489 -1.19209e-09 0.000616739
internal_weight=7027 2842 124 2718 2504 186 95 66 162 85 2318 45 77 2294 1740 212 177 56 1528 647 598 65 533 226 148 118 89 881 520 454
internal_count=7027 2842 124 2718 2504 186 95 66 162 85 2318 45 77 2294 1740 212 177 56 1528 647 598 65 533 226 148 118 89 881 520 454
is_linear=0
shrinkage=0.05


Tree=73
num_leaves=31
num_cat=0
split_feature=18 11 10 11 7 13 16 4 16 10 12 1 18 0 4 6 3 18 18 9 17 1 2 15 17 0 12 3 2 5
split_gain=18.9015 5.66594 3.97779 2.15555 2.12567 2.01311 2.89884 1.04949 1.00008 1.15799 1.42138 0.95849 0.693793 0.62451 0.575888 0.526848 0.60308 0.645496 0.555525 0.650711 0.757048 0.65615 0.544652 0.465385 0.426901 0.895621 0.843449 0.92284 0.71292 0.382053
threshold=12.85657016783575 18.054958134915562 0.098816478347602127 11.681078596062505 0.78656609248549325 0.48195166691331093 20.219473845828855 4.8500000000000005 21.146375464630989 -0.04732138832243208 270.18895606253255 760.05000000000007 25.006750894002469 231.50000000000003 11.250000000000002 17.500000000000004 44.95000000000001 77.402859657611643 83.240157854491557 0.22611359161738889 30.892276554206578 728.10000000000014 387.50000000000006 23.601320189305302 22.607766151996238 420.50000000000006 258.69843327617042 32.150000000000013 297.50000000000006 17.500000000000004
decision_type=2 2 2 2 2 2 2 2 2 2 2 2 2 2 2 2 2 2 2 2 2 2 2 2 2 2 2 2 2 2
left_child=-1 2 -2 -4 5 6 12 -8 23 10 -10 15 -3 -5 -11 16 17 29 19 -19 21 -21 24 -9 25 -17 27 28 -27 -7
right_child=1 4 3 13 -6 11 7 8 9 14 -12 -13 -14 -15 -16 22 -18 18 -20 20 -22 -23 -24 -25 -26 26 -28 -29 -30 -31
leaf_value=-0.39198623509380237 0.020997591278921812 -0.012943315024645078 0.016395765949228723 -0.020252363093200321 -0.057111689152127457 -0.001647913769604285 0.016246012878682964 0.0031693879004410994 0.028740919672193513 0.015770980331135349 0.014431490037818613 0.043796073677302871 0.001895964677519367 0.023128466542824532 0.00013524694477938683 -0.024183917082792734 0.0079218789570647992 -0.0021159529186373541 -0.0093940741371761182 0.025225963949739839 0.004911141055909762 0.0052689457900208635 0.0057391288144640765 -0.0017169979066500422 -0.001984821629663154 -0.0041779066158292785 0.014977708824092106 -0.0083476805433186207 0.01019939866927937 6.5965286101662621e-05
leaf_weight=4200 21 102 38 26 211 222 22 20 20 34 31 24 40 34 42 61 34 40 30 33 46 23 22 45 686 23 24 36 24 813
leaf_count=4200 21 102 38 26 211 222 22 20 20 34 31 24 40 34 42 61 34 40 30 33 46 23 22 45 686 23 24 36 24 813
internal_value=-0.00287249 0.00028829 0.0109664 0.00673469 -0.000180947 0.00022627 0.00370786 0.00738318 0.00619792 0.00877953 0.0146078 -0.00035264 -0.00183099 0.000833332 0.00486842 -0.000465282 0.00019742 1.24263e-05 0.00284884 0.00415493 0.00627451 0.0101786 -0.00140411 0.00115384 -0.00160422 0.000654761 0.00341121 0.0010241 0.0056383 -0.000458938
internal_weight=7027 2827 119 98 2708 2497 356 214 192 127 51 2141 142 60 76 2117 1241 1207 172 142 102 56 876 65 854 168 107 83 47 1035
internal_count=7027 2827 119 98 2708 2497 356 214 192 127 51 2141 142 60 76 2117 1241 1207 172 142 102 56 876 65 854 168 107 83 47 1035
is_linear=0
shrinkage=0.05


Tree=74
num_leaves=31
num_cat=0
split_feature=18 7 9 3 14 18 13 17 14 6 5 6 1 4 15 9 17 12 4 4 12 3 15 2 14 16 4 13 2 10
split_gain=18.7346 6.19443 6.01183 3.15174 2.29632 2.17621 2.04606 1.65308 1.14608 1.33193 1.23033 1.11695 0.961379 0.909632 0.612745 0.543254 0.478611 0.466592 0.521288 0.697597 1.1254 1.3913 0.827615 0.777768 0.730159 0.740132 0.60681 0.962704 0.558772 0.666783
threshold=11.65507556490194 -0.91597561503675329 -0.90698021620945013 21.450000000000003 38.089430827342262 25.006750894002469 0.47342953426077944 26.847232540836242 49.707586054855874 17.500000000000004 16.500000000000004 47.500000000000007 760.05000000000007 7.1500000000000012 39.733511193018259 0.50495637864894027 32.770046224521074 94.526791770722539 11.65 12.350000000000003 203.19880857529418 37.150000000000013 75.449983897206323 225.50000000000003 18.665176201013569 19.345148003870403 29.550000000000004 0.94811029568700855 195.50000000000003 -0.79354221435844496
decision_type=2 2 2 2 2 2 2 2 2 2 2 2 2 2 2 2 2 2 2 2 2 2 2 2 2 2 2 2 2 2
left_child=-1 2 4 -4 -2 -3 11 -5 9 10 -9 13 16 -7 -13 -15 17 -8 -19 20 -20 -22 24 -24 -21 28 -27 -28 -26 -30
right_child=1 5 3 7 -6 6 12 8 -10 -11 -12 14 -14 15 -16 -17 -18 18 19 22 21 -23 23 -25 25 26 27 -29 29 -31
leaf_value=-0.3914750190193525 0.015381600368771576 -0.053268761074602093 0.015761640600498478 -0.0046767244230753822 0.020808680320827302 0.016584316492925657 -0.013033291995427361 0.014038565151060479 -0.0027282673569759839 0.0060652017660614357 0.021228837872681386 -0.0037857187341994378 0.04160626999343791 -0.00034778877706257447 0.0097729125170573777 0.0053715936254565347 -0.0023774990435335491 -0.00091040387165429535 -0.0016446391827109339 0.019593372985112406 0.018625256557439778 0.0072465661756406568 0.052927737469161462 -0.0016280938519009358 0.035267277414582444 -0.0017974732380835888 -0.0008665345990908007 0.012566163803917913 0.010584548372103403 -0.00046530325915014343
leaf_weight=4185 20 283 22 111 22 21 137 23 29 33 20 34 24 20 20 36 57 833 40 33 23 23 35 31 20 626 38 20 97 111
leaf_count=4185 20 283 22 111 22 21 137 23 29 33 20 34 24 20 20 36 57 833 40 33 23 23 35 31 20 626 38 20 97 111
internal_value=-0.00287249 0.000260379 0.00732143 0.0042437 0.0247619 -0.00051132 2.19275e-06 0.00240741 0.00690476 0.0101316 0.0159302 0.0060687 -0.000367785 0.00993506 0.000555554 0.00660714 -0.000480227 -0.000355589 -0.000155442 0.000560619 0.00488372 0.0102174 0.000192877 0.00560606 -0.000185186 -0.000449563 -0.00127193 0.00362069 0.00201754 0.00125
internal_weight=7027 2842 280 238 42 2562 2279 216 105 76 43 131 2148 77 54 56 2124 2067 1930 1097 86 46 1011 66 945 912 684 58 228 208
internal_count=7027 2842 280 238 42 2562 2279 216 105 76 43 131 2148 77 54 56 2124 2067 1930 1097 86 46 1011 66 945 912 684 58 228 208
is_linear=0
shrinkage=0.05


Tree=75
num_leaves=31
num_cat=0
split_feature=15 11 3 7 6 14 11 14 6 13 9 6 13 9 13 0 18 17 13 4 2 10 5 5 5 17 4 17 16 16
split_gain=17.9244 5.72612 3.06818 1.78229 1.76333 4.15076 1.49561 1.24857 1.22032 1.21753 0.867806 0.726998 0.692187 1.02958 1.20451 0.641971 0.470933 0.452973 0.444444 0.421009 0.356923 0.394105 0.396825 0.33521 0.659041 0.397157 0.618885 0.480031 0.718052 0.378134
threshold=13.594880076435699 18.054958134915562 35.350000000000001 0.78656609248549325 1.5000000000000002 49.707586054855874 25.028884875552233 56.032566590658732 55.500000000000007 0.37873634302205733 0.03872192231363817 75.500000000000014 0.47342953426077944 0.22611359161738889 0.40079590158816064 891.00000000000011 85.285009830143608 29.668895358888204 0.31055975401941177 28.350000000000005 382.50000000000006 0.73246693938583618 38.500000000000007 17.500000000000004 18.500000000000004 31.377959158067679 7.2500000000000009 25.755537984696499 20.219473845828855 23.740307131660245
decision_type=2 2 2 2 2 2 2 2 2 2 2 2 2 2 2 2 2 2 2 2 2 2 2 2 2 2 2 2 2 2
left_child=-1 2 4 6 5 -2 7 8 9 10 -3 12 13 -8 -15 16 23 -12 -10 20 21 -13 -23 25 -25 27 -27 28 -14 -26
right_child=1 3 -4 -5 -6 -7 11 -9 18 -11 17 19 15 14 -16 -17 -18 -19 -20 -21 -22 22 -24 24 29 26 -28 -29 -30 -31
leaf_value=-0.32427283723975808 0.021683207458687376 0.013285694278728938 0.018240180825032492 -0.052534382713011855 -0.0085408217792213963 -0.0016458311498867531 -0.0027294358745452618 -0.0031400876861829826 0.008771655554053898 0.017563598986860017 -0.0013177156001548469 -0.0046347077689426102 -0.0032512023319251231 0.0015415371546188973 0.01227104877474774 0.012875981626016204 0.044007222598399502 0.011489734572321648 -0.011189087103152541 0.011253452801537512 0.0053316623570336102 0.0088941009964331446 -0.014617232246219303 0.025318955214295003 0.00037419599845273479 0.021762344105980852 -0.0037202426150020579 -0.0034617411865663682 0.015718000761762874 -0.0083790113396717669
leaf_weight=4229 23 20 30 205 30 27 39 29 20 28 22 439 41 34 37 28 26 35 25 27 22 36 28 33 1135 28 58 216 22 55
leaf_count=4229 23 20 30 205 30 27 39 29 20 28 22 439 41 34 37 28 26 35 25 27 22 36 28 33 1135 28 58 216 22 55
internal_value=-0.0029223 0.000182272 0.0113636 -0.000275299 0.00625 0.012 9.46424e-05 0.00449721 0.00633333 0.00928571 0.00603896 -0.000247397 0.00025114 0.00409091 0.00767606 -6.09133e-06 -0.000136309 0.00289474 -0.000555557 -0.00182971 -0.00214286 -0.00241551 0.00125 -0.000245593 0.000151266 -0.00157534 0.00139535 -0.00249104 0.00134921 -4.2018e-05
internal_weight=7027 2798 110 2688 80 50 2483 179 150 105 77 2304 1752 110 71 1642 1614 57 45 552 525 503 64 1588 1223 365 86 279 63 1190
internal_count=7027 2798 110 2688 80 50 2483 179 150 105 77 2304 1752 110 71 1642 1614 57 45 552 525 503 64 1588 1223 365 86 279 63 1190
is_linear=0
shrinkage=0.05


Tree=76
num_leaves=31
num_cat=0
split_feature=18 11 3 7 14 14 11 9 16 1 6 2 6 3 18 4 13 10 5 13 5 1 3 3 14 5 2 12 0 3
split_gain=18.6496 6.58945 3.73703 1.892 1.69147 2.61631 1.29107 1.50717 1.12414 0.992798 1.42952 0.692102 0.691122 0.823913 0.515862 0.710861 0.943057 0.589687 0.522233 0.61041 0.532848 0.484317 0.465043 0.543114 0.440923 1.16567 0.758372 0.982561 1.16667 0.435107
threshold=11.65507556490194 18.054958134915562 35.250000000000007 0.78656609248549325 40.661933374908294 49.707586054855874 25.028884875552233 -0.90698021620945013 20.616156933322575 401.90000000000003 8.5000000000000018 387.50000000000006 24.500000000000004 46.250000000000007 77.402859657611643 12.950000000000001 0.99939540507859748 0.047319635496388741 17.500000000000004 0.42917335473515256 18.500000000000004 667.95000000000016 24.950000000000003 23.350000000000005 53.489269247574462 13.500000000000002 280.50000000000006 153.11171548419034 472.50000000000006 22.250000000000004
decision_type=2 2 2 2 2 2 2 2 2 2 2 2 2 2 2 2 2 2 2 2 2 2 2 2 2 2 2 2 2 2
left_child=-1 2 4 6 -2 -6 7 -3 -9 10 -10 12 13 14 18 29 -17 -18 21 -20 -21 -8 23 -14 25 -24 -27 -28 -29 -16
right_child=1 3 -4 -5 5 -7 11 8 9 -11 -12 -13 22 -15 15 16 17 -19 19 20 -22 -23 24 -25 -26 26 27 28 -30 -31
leaf_value=-0.35568762620639699 -0.0098306803311795678 0.016127937039987269 0.017028317438130273 -0.048062462112740852 0.015399342852716769 0.001218359059656829 -0.0029032821685748382 -0.003196357383194843 0.012907302981193977 3.102933549707892e-05 0.0054495247836246468 0.0052336418747444356 -0.00023220828436905686 0.010184196967798341 0.0056698077048061768 -0.0032105326329908458 0.022872651400023921 0.074980599303514264 0.0047734062911318738 0.019453018341455464 -7.6299646132376318e-05 0.011063147989637289 0.0055300686132709297 0.011856649097600057 -0.0024295543897271425 -0.0081729058836308415 -0.0099261915210473138 -0.00089061842553264593 0.015077633064314592 -0.0013745607854616054
leaf_weight=4185 30 24 32 214 33 29 227 57 25 53 27 22 92 24 35 31 20 23 39 24 879 46 23 22 350 259 72 21 21 88
leaf_count=4185 30 24 32 214 33 29 227 57 25 53 27 22 92 24 35 31 20 23 39 24 879 46 23 22 350 259 72 21 21 88
internal_value=-0.00286538 0.000260379 0.0115323 -0.000253864 0.00641304 0.011129 0.000131788 0.00413978 0.00240741 0.00547619 0.0103846 -0.00018982 -0.000274391 0.000396935 0.000240792 0.00261421 0.00648649 0.0112791 -0.000144034 0.000414012 0.0001495 -0.0020696 -0.00139535 0.00157895 -0.00184987 -0.000707072 -0.0013807 0.00201754 0.00809524 0.000284552
internal_weight=7027 2842 124 2718 92 62 2504 186 162 105 52 2318 2296 1436 1412 197 74 43 1215 942 903 273 860 114 746 396 373 114 42 123
internal_count=7027 2842 124 2718 92 62 2504 186 162 105 52 2318 2296 1436 1412 197 74 43 1215 942 903 273 860 114 746 396 373 114 42 123
is_linear=0
shrinkage=0.05


Tree=77
num_leaves=31
num_cat=0
split_feature=13 11 9 6 2 7 11 3 2 2 2 6 0 14 15 3 15 16 1 18 15 17 14 4 17 10 5 3 18 15
split_gain=18.3024 4.47792 3.34405 1.73571 2.23458 1.61785 1.33096 1.67393 0.749419 0.720857 0.696454 0.827378 0.602945 0.615042 0.989224 0.823123 0.543311 0.53805 1.36329 0.472612 0.456144 0.862854 0.425386 0.418187 0.406563 0.379016 0.396825 0.332055 0.722873 0.702
threshold=0.19632589955022492 18.054958134915562 -0.69943241849707716 4.5000000000000009 106.50000000000001 0.78656609248549325 25.028884875552233 36.850000000000001 155.50000000000003 146.50000000000003 387.50000000000006 75.500000000000014 891.00000000000011 18.665176201013569 33.819010176970927 30.950000000000003 37.566963794938736 20.507416439763805 401.90000000000003 85.285009830143608 23.601320189305302 25.192669749271449 20.021452766949508 28.350000000000005 32.770046224521074 0.73246693938583618 38.500000000000007 36.350000000000001 48.360499163939224 41.553946077206227
decision_type=2 2 2 2 2 2 2 2 2 2 2 2 2 2 2 2 2 2 2 2 2 2 2 2 2 2 2 2 2 2
left_child=-1 2 -2 4 -4 6 7 8 9 17 11 12 13 14 -8 16 -16 -3 -19 20 21 -15 -22 25 27 -13 -27 28 29 -24
right_child=1 5 3 -5 -6 -7 10 -9 -10 -11 -12 23 -14 19 15 -17 -18 18 -20 -21 22 -23 24 -25 -26 26 -28 -29 -30 -31
leaf_value=-0.34232676489193353 0.016176901566223739 -0.0031808646189519481 0.025572065243473913 -0.0077801480231493442 0.0069579154848658344 -0.044782011770144237 -0.008396668661178568 0.014283579423188975 -0.0095803370864796997 0.0078402127745762652 0.0049719597810071433 -0.0047191833976863926 0.011532646288239454 -0.00085029250337277694 0.0081349499742947393 0.014797408392189662 -0.0012629081123210785 0.016245828824345627 -0.00030231085718601512 0.038057831503303968 -0.018795657567757931 0.012228781419844029 0.00093177986982817161 0.0097759720814602005 -0.0047843039053241214 0.0084610063608296631 -0.013874760219690176 -0.00080125943455621471 0.00014176778267965749 0.030637775761272946
leaf_weight=4176 32 31 24 45 39 205 48 30 30 20 22 445 28 34 26 22 20 23 51 26 49 20 43 28 44 36 28 686 680 36
leaf_count=4176 32 31 24 45 39 205 48 30 30 20 22 445 28 34 26 22 20 23 51 26 49 20 43 28 44 36 28 686 680 36
internal_value=-0.00287961 0.000208698 0.00892857 0.00472222 0.0100794 -0.000241609 0.00010774 0.00418919 0.00209677 0.0038 -0.00021758 -0.000302307 0.000221338 0.000103805 0.00362069 0.0075 0.00369565 0.00214286 0.00445946 -0.000148332 -0.000257539 0.00425926 -0.000416126 -0.00202049 -0.00026528 -0.00234774 0.00125 -0.000121108 0.000599472 0.00512658
internal_weight=7027 2851 140 108 63 2711 2506 185 155 125 2321 2299 1762 1734 116 68 46 105 74 1618 1592 54 1538 537 1489 509 64 1445 759 79
internal_count=7027 2851 140 108 63 2711 2506 185 155 125 2321 2299 1762 1734 116 68 46 105 74 1618 1592 54 1538 537 1489 509 64 1445 759 79
is_linear=0
shrinkage=0.05


Tree=78
num_leaves=31
num_cat=0
split_feature=13 11 6 14 14 12 14 0 18 16 2 14 1 1 16 5 11 15 15 18 1 1 6 15 0 6 0 15 4 2
split_gain=19.7953 6.58849 4.98497 4.05982 4.97072 1.76661 0.998586 1.16027 1.39284 1.42919 1.65648 1.38135 1.22865 0.826092 1.10062 0.834783 0.845601 0.957635 0.805713 0.71963 0.835833 1.88138 1.23757 0.969363 0.652563 0.62738 0.708153 0.624026 0.504281 0.558819
threshold=0.18158213768841017 18.054958134915562 16.500000000000004 47.104354536635242 24.241199778612899 111.49503458054748 53.489269247574462 746.50000000000011 61.416689742835629 20.507416439763805 321.50000000000006 40.952303898370694 557.6500000000002 151.60000000000002 19.333464546393678 25.500000000000004 35.259535005345832 40.134449761881221 54.960006020228867 43.531758511666247 318.25000000000006 342.05000000000001 17.500000000000004 32.868807644547033 386.50000000000006 27.500000000000004 891.00000000000011 16.156765579668633 29.550000000000004 276.50000000000006
decision_type=2 2 2 2 2 2 2 2 2 2 2 2 2 2 2 2 2 2 2 2 2 2 2 2 2 2 2 2 2 2
left_child=-1 2 3 4 -2 24 7 8 9 10 13 -12 18 -7 15 -15 -17 -18 19 20 -11 -22 23 -23 -3 26 28 -6 29 -8
right_child=1 5 -4 -5 27 6 25 -9 -10 12 11 -13 -14 14 -16 16 17 -19 -20 -21 21 22 -24 -25 -26 -27 -28 -29 -30 -31
leaf_value=-0.35882614986441175 0.0013805119805764933 -0.037557950909919202 -0.0031341074185745142 0.0039997280956787324 0.015579979974765373 -0.024056154462319679 0.0038544467351042861 0.046342937591227762 -0.018515274008830133 0.0024655398624437068 0.0085174844625251021 0.0016252615288655334 -0.00057581827455685682 0.013002647641972176 -0.0012908169957732557 -0.0029023580397105897 0.01659566917200515 0.00090684610120652937 0.011561074370083241 -0.0035615219028412729 0.011331673070812669 0.0085586267202056934 -0.0025817915419625338 0.012206948651762577 -0.002925269800207549 -0.0015972102226663757 0.01363373551477381 0.018972548276465832 0.006788821680892951 -0.0030902581602563362
leaf_weight=4134 27 246 56 33 20 86 653 22 111 59 21 24 43 23 118 57 28 30 25 30 22 55 20 28 344 391 26 35 37 223
leaf_count=4134 27 246 56 33 20 86 653 22 111 59 21 24 43 23 118 57 28 30 25 30 22 55 20 28 344 391 26 35 37 223
internal_value=-0.00277999 0.000392325 0.00991228 0.0158696 0.0218293 -0.000205732 0.000464352 0.00185785 0.00153846 0.0023991 0.000426355 0.00944444 0.00510638 -0.000760235 0.000664061 0.00369565 0.00195652 0.0062069 0.00650627 0.00551402 0.00668478 0.009 0.00616505 0.00885542 -0.00262712 -0.000375941 0.000324812 0.0304545 9.30985e-05 -0.000148403
internal_weight=7027 2893 171 115 82 2722 2132 802 780 669 387 45 282 342 256 138 115 58 239 214 184 125 103 83 590 1330 939 55 913 876
internal_count=7027 2893 171 115 82 2722 2132 802 780 669 387 45 282 342 256 138 115 58 239 214 184 125 103 83 590 1330 939 55 913 876
is_linear=0
shrinkage=0.05


Tree=79
num_leaves=31
num_cat=0
split_feature=13 11 6 14 14 7 13 16 9 10 16 16 12 2 17 4 1 6 0 4 12 16 1 14 0 1 17 14 4 1
split_gain=18.5836 5.62749 4.29573 3.37615 3.98956 1.64185 0.930613 2.67589 0.948029 0.721021 1.0105 1.14582 0.816667 0.718145 0.697233 0.673346 0.629378 0.485572 0.497863 0.455729 0.447955 0.791328 0.668338 0.60213 1.06579 0.416667 0.388833 0.681818 0.362937 0.439547
threshold=0.18158213768841017 18.054958134915562 16.500000000000004 47.104354536635242 24.241199778612899 0.78656609248549325 0.47342953426077944 20.507416439763805 -0.79091635943066485 -0.57729161655172734 24.140466430948774 23.625828645450586 119.75765688221237 387.50000000000006 28.988012843121027 7.0500000000000007 755.60000000000002 17.500000000000004 858.50000000000011 22.350000000000005 203.19880857529418 19.273926743371891 442.30000000000001 51.526896859582202 431.50000000000006 353.05000000000007 30.493426101831563 56.264724248707168 18.850000000000005 658.45000000000016
decision_type=2 2 2 2 2 2 2 2 2 2 2 2 2 2 2 2 2 2 2 2 2 2 2 2 2 2 2 2 2 2
left_child=-1 2 3 4 -2 6 7 15 -9 -10 11 12 -11 16 -6 -3 17 18 -8 -17 26 22 23 24 -22 -14 -19 -28 29 -20
right_child=1 5 -4 -5 14 -7 13 8 9 10 -12 -13 25 -15 -16 19 -18 20 28 -21 21 -23 -24 -25 -26 -27 27 -29 -30 -31
leaf_value=-0.34088484237119121 0.0013114863815476775 0.012813654570092238 -0.0029774020476457802 0.0037997416908948181 0.015329222182494488 -0.040568747931235251 -0.00016376651492007883 0.010716646816435747 -0.00038004552403159446 -0.0015593405872444781 -0.0071130380314586268 0.01359491328455284 0.012785838981112508 0.0046582111549422862 0.01858422522565675 -0.0078256115871138451 0.032536337044041352 -0.0041445944497912265 0.01167996456568612 0.0034237442329514605 -0.0016880205895236271 -0.001153938898152543 0.017507419532842444 -0.0061324813757873131 0.0089855605288081796 0.010878104524306596 0.0055848445417216756 -0.019205296039732409 -0.0041040581822979422 0.0082646485067128222
leaf_weight=4134 27 23 56 33 32 213 1166 24 37 20 22 23 30 22 23 123 36 378 20 26 38 270 38 57 38 30 24 20 23 21
leaf_count=4134 27 23 56 33 32 213 1166 24 37 20 22 23 30 22 23 123 36 378 20 26 38 270 38 57 38 30 24 20 23 21
internal_value=-0.00283692 0.000236777 0.00903509 0.0145652 0.02 -0.000315945 4.18482e-05 0.00240223 0.00655914 0.00518518 0.007 0.00907767 0.00625 -0.000351001 0.0277273 -0.00209302 -0.000443872 -0.000556618 8.12996e-05 -0.00332215 -0.00146582 -0.000351475 0.00230994 0.000639097 0.00355263 0.00916667 -0.00263033 0.00181818 0.004375 0.00719512
internal_weight=7027 2893 171 115 82 2722 2509 358 186 162 125 103 80 2151 55 172 2129 2093 1230 149 863 441 171 133 76 60 422 44 64 41
internal_count=7027 2893 171 115 82 2722 2509 358 186 162 125 103 80 2151 55 172 2129 2093 1230 149 863 441 171 133 76 60 422 44 64 41
is_linear=0
shrinkage=0.05


Tree=80
num_leaves=31
num_cat=0
split_feature=13 11 6 7 9 13 16 9 6 2 5 0 1 2 1 3 4 4 12 15 11 14 4 13 0 5 4 5 15 4
split_gain=19.2793 4.78419 7.17218 1.91718 1.5625 1.4022 2.80432 2.49517 1.48768 0.997081 0.731393 0.712088 0.7858 0.704972 0.61347 0.415565 0.403949 0.812422 0.824165 0.9 0.477936 1.09742 0.604747 0.595936 1.16276 0.735117 0.78861 0.980514 0.663024 0.671445
threshold=0.16107804324354255 14.777337057572906 5.5000000000000009 0.78656609248549325 0.51236666743397874 0.48195166691331093 20.507416439763805 -0.8840347633015142 12.500000000000002 195.50000000000003 28.500000000000004 263.50000000000006 467.85000000000008 387.50000000000006 755.60000000000002 46.250000000000007 11.850000000000003 12.350000000000003 203.19880857529418 57.686408818533977 35.870191544796747 51.753992821228927 15.450000000000001 0.86691701502090135 591.50000000000011 68.500000000000014 27.750000000000004 30.500000000000004 75.449983897206323 16.350000000000005
decision_type=2 2 2 2 2 2 2 2 2 2 2 2 2 2 2 2 2 2 2 2 2 2 2 2 2 2 2 2 2 2
left_child=-1 2 4 5 -2 6 8 -8 10 11 -3 -9 -13 14 15 16 -7 18 -18 -20 21 -19 -23 -22 -25 26 28 -28 -26 -30
right_child=1 3 -4 -5 -6 13 7 9 -10 -11 -12 12 -14 -15 -16 -17 17 20 19 -21 23 22 -24 24 25 -27 27 -29 29 -31
leaf_value=-0.36514463875794245 0.01534374500174367 0.0055579707833295624 -0.0044802091637524254 -0.036334472314194247 0.011684511396500716 -0.0010153684151776212 0.012887023923062839 0.011642371368748492 -0.0085360804592842128 0.010157988175795052 -0.0024068754326337805 -0.00037936966186277428 0.010312240806468906 0.0044253005971952959 0.030909520191839568 0.0074011254285600587 -0.001539267282678761 0.013455322565418208 0.0079235205694896775 0.016254992028206825 -0.0022249229392135332 0.0056691220556445484 -0.0042545557225789577 0.0076109416509396871 -0.0026864433455895758 0.0098627671843391947 -0.0018160736768953426 0.016201714421622559 -0.0059760888407621492 0.043500643098643835
leaf_weight=4078 32 26 60 224 32 890 27 52 177 23 21 101 29 22 36 22 34 37 20 20 539 40 39 20 295 21 27 26 23 34
leaf_count=4078 32 26 60 224 32 890 27 52 177 23 21 101 29 22 36 22 34 37 20 20 539 40 39 20 295 21 27 26 23 34
internal_value=-0.00277288 0.000306882 0.00991935 -0.000115045 0.0215625 0.000267204 0.00278509 0.00663793 -0.00120536 0.0047561 0.00670213 0.00351648 0.00153846 -0.000268066 -0.00036034 -0.000471971 -0.000544795 6.38286e-05 0.00513513 0.01 -0.000277022 0.00275862 -0.000569621 -0.000634519 0.000717488 0.000164318 -0.000308643 0.00537736 -0.00116477 0.00377193
internal_weight=7027 2949 124 2825 64 2601 456 232 224 205 47 182 130 2145 2123 2087 2065 1175 74 40 1101 116 79 985 446 426 405 53 352 57
internal_count=7027 2949 124 2825 64 2601 456 232 224 205 47 182 130 2145 2123 2087 2065 1175 74 40 1101 116 79 985 446 426 405 53 352 57
is_linear=0
shrinkage=0.05


Tree=81
num_leaves=31
num_cat=0
split_feature=18 11 6 14 17 7 11 9 10 6 14 5 2 6 14 6 12 0 12 0 6 4 16 1 4 14 13 15 0 9
split_gain=19.1335 4.0356 4.91621 4.30325 2.59286 2.0387 1.75638 3.60577 0.709808 0.680064 0.994797 0.70127 0.640606 0.66992 0.748398 0.61378 0.75174 0.668755 0.661834 0.508449 0.486068 0.469694 0.489171 0.641198 0.698681 1.20333 0.628205 0.539397 0.510825 0.638068
threshold=8.3957515510129301 14.777337057572906 5.5000000000000009 24.241199778612899 29.382213553768732 0.78656609248549325 23.623112990362241 -0.90698021620945013 -0.98208922706762081 18.500000000000004 48.494534078851459 23.500000000000004 387.50000000000006 75.500000000000014 16.078377768929784 61.500000000000007 249.27822369949533 891.00000000000011 280.97610309906594 203.50000000000003 24.500000000000004 4.0500000000000007 21.264436307238238 689.95000000000016 13.250000000000002 77.288533011609204 0.89969643612410133 76.562521165297639 842.50000000000011 -0.28847174723635299
decision_type=2 2 2 2 2 2 2 2 2 2 2 2 2 2 2 2 2 2 2 2 2 2 2 2 2 2 2 2 2 2
left_child=-1 2 3 -2 -5 6 7 -3 -8 10 19 -11 13 14 -10 17 -17 18 20 -9 21 -16 27 -24 26 -26 -25 28 29 -23
right_child=1 5 -4 4 -6 -7 8 9 12 11 -12 -13 -14 -15 15 16 -18 -19 -20 -21 -22 22 23 24 25 -27 -28 -29 -30 -31
leaf_value=-0.35038558651689478 -0.00063689346200201339 0.014277224882722525 -0.0040677079239799857 0.022015464672813092 0.014378568002251927 -0.034517749111675787 -0.005129023389212577 0.0042504443645920396 0.0028902458274807806 0.0092079999835507215 -0.00021873102571961457 -0.004928377388256017 0.0042040355673353879 -0.0011265684401334357 -0.0029599658775584983 0.00014920850235399153 0.017144974385326105 0.01041066540598737 0.004731262498251408 0.017094021517233184 -0.0010768887886314651 0.0083847714424924082 -0.0012816295915579591 0.02645319464271402 -0.0054447028680522716 0.056978810141543462 -0.0068166489519348589 0.014940876290824349 0.0095894765404636144 -0.00018065711423197393
leaf_weight=4065 22 32 54 20 28 234 198 35 41 28 47 72 22 460 73 41 23 27 22 26 220 224 403 26 20 30 78 21 22 413
leaf_count=4065 22 32 54 20 28 234 198 35 41 28 47 72 22 460 73 41 23 27 22 26 220 224 403 26 20 30 78 21 22 413
internal_value=-0.00277288 0.000283591 0.0091129 0.0178571 0.02625 -0.000102186 0.000299538 0.004375 -0.000114214 0.00197115 0.00472222 -0.001 0.000147737 6.06331e-05 0.000522564 0.000356055 0.00515625 0.000161493 2.5772e-05 0.00893443 -9.80404e-05 0.000267174 0.000497169 -0.000601437 0.00214286 0.007 -0.000192309 0.00139706 0.00114567 0.000886969
internal_weight=7027 2962 124 70 48 2838 2604 240 2364 208 108 100 2166 2144 1684 1643 64 1579 1552 61 1530 1310 1237 557 154 50 104 680 659 637
internal_count=7027 2962 124 70 48 2838 2604 240 2364 208 108 100 2166 2144 1684 1643 64 1579 1552 61 1530 1310 1237 557 154 50 104 680 659 637
is_linear=0
shrinkage=0.05


Tree=82
num_leaves=31
num_cat=0
split_feature=0 11 6 7 9 11 9 16 2 16 13 6 0 4 3 11 1 16 2 1 1 14 9 9 17 4 4 4 16 13
split_gain=19.0333 5.32981 6.93343 1.87946 1.36425 1.20181 3.88869 0.782032 0.684057 0.655341 0.927065 0.65318 0.684366 0.537693 0.436772 1.34454 1.12371 0.52011 0.703646 0.757423 0.661525 0.623535 0.883921 0.746106 0.538134 0.621261 0.803944 0.48402 0.882 0.841984
threshold=115.50000000000001 14.777337057572906 5.5000000000000009 0.78656609248549325 0.51236666743397874 22.237202983197971 -0.90698021620945013 21.617776781710514 387.50000000000006 20.388504584243982 0.31370912961388087 24.500000000000004 891.00000000000011 4.0500000000000007 22.550000000000004 40.722444412494873 545.05000000000007 21.188289925895575 168.50000000000003 484.35000000000008 401.90000000000003 73.523255476990641 0.76665171983724034 0.8140385552266387 31.933827542499827 16.150000000000002 11.450000000000001 22.350000000000005 19.926272003633439 0.94388784892013045
decision_type=2 2 2 2 2 2 2 2 2 2 2 2 2 2 2 2 2 2 2 2 2 2 2 2 2 2 2 2 2 2
left_child=-1 2 4 5 -2 6 -3 -4 11 -8 -11 12 13 -7 15 16 -15 18 19 -16 -19 23 -23 -22 25 26 -25 -20 -29 -30
right_child=1 3 7 -5 -6 8 9 -9 -10 10 -12 -13 -14 14 17 -17 -18 20 27 -21 21 22 -24 24 -26 -27 -28 28 29 -31
leaf_value=-0.33566362684874235 0.013927684763460816 0.021301446615709631 -0.0061002743610909385 -0.033485081353157982 0.011115926180395377 -0.0022729799062422254 -0.0012720348139005834 0.0030578543806191339 0.0039938337889687077 0.0094988459103317983 -0.00051650003085531096 -0.00086913851757059672 0.010969575142221131 0.013564051248978843 0.0092317912387100427 0.10141892294021865 -0.0010229615519674667 0.0097149217907161189 -5.7066859078705619e-05 0.013432206027714758 -0.0044122101390208519 0.028694134974532111 -0.0070424445014696888 -0.0002279893447528777 -0.0087153882064912851 -0.0088664707945377216 0.021535601342246399 -0.0081629495806046209 0.0031173135428423076 0.018998376462304404
leaf_weight=4056 31 26 54 228 38 79 75 20 22 36 66 890 26 31 21 28 128 46 460 30 227 59 83 44 36 24 38 25 72 28
leaf_count=4056 31 26 54 228 38 79 75 20 22 36 66 890 26 31 21 28 128 46 460 30 227 59 83 44 36 24 38 25 72 28
internal_value=-0.00277288 0.000267585 0.00968531 -0.000208629 0.021087 0.000173076 0.00386699 -0.000945947 -0.000139759 0.00121469 0.00382353 -0.000221054 0.000420874 0.000277586 0.000507245 0.00275401 0.000974842 0.00015507 0.00113207 0.0067647 -0.000960504 -0.0014775 0.00133803 -0.00256098 0.000281689 0.00207547 0.00414634 0.000641024 0.0034 0.0055
internal_weight=7027 2971 143 2828 69 2600 203 74 2397 177 102 2375 1485 1459 1380 187 159 1193 636 51 557 511 142 369 142 106 82 585 125 100
internal_count=7027 2971 143 2828 69 2600 203 74 2397 177 102 2375 1485 1459 1380 187 159 1193 636 51 557 511 142 369 142 106 82 585 125 100
is_linear=0
shrinkage=0.05


Tree=83
num_leaves=31
num_cat=0
split_feature=18 11 6 9 7 11 9 14 17 16 2 15 5 6 4 16 13 4 0 14 13 15 17 6 4 3 3 6 18 5
split_gain=18.4204 4.63421 5.9663 2.78018 1.98606 1.1946 3.31735 1.15857 1.225 0.927824 0.700669 0.624649 0.595238 0.57396 0.55813 0.501994 1.34091 0.491598 0.70097 0.572537 0.85002 0.669095 0.554895 0.46378 0.732464 0.456868 0.719309 0.395319 0.389901 0.594587
threshold=7.2241895993209218 14.777337057572906 5.5000000000000009 0.46735488928835739 0.78656609248549325 23.623112990362241 -0.90698021620945013 24.241199778612899 31.403328308308176 21.871990193451619 387.50000000000006 82.611920185725026 17.500000000000004 71.500000000000014 28.350000000000005 20.388504584243982 0.30152419456589125 4.0500000000000007 891.00000000000011 18.665176201013569 0.53097657059921222 33.819010176970927 27.966614433232717 61.500000000000007 17.950000000000003 24.850000000000005 22.250000000000004 13.500000000000002 65.82833955246268 61.500000000000007
decision_type=2 2 2 2 2 2 2 2 2 2 2 2 2 2 2 2 2 2 2 2 2 2 2 2 2 2 2 2 2 2
left_child=-1 2 3 -2 5 6 -3 -5 -9 -4 11 13 -13 17 25 -8 -17 -7 19 20 21 -19 -23 28 -25 26 -15 -18 -21 -30
right_child=1 4 9 7 -6 10 15 8 -10 -11 -12 12 -14 14 -16 16 27 18 -20 23 -22 22 -24 24 -26 -27 -28 -29 29 -31
leaf_value=-0.36645054753812789 0.01329022672527244 0.012498291307800965 -0.006324774234611228 0.0028749971845189789 -0.033664595930687574 -0.0021187882397293314 -0.00053832619009094298 0.014094722122985959 0.010192080269567062 0.0032231911056036346 0.0037941420995203073 -0.00020925831512915374 0.008773269277061976 -0.01167215834191189 0.012492038961629233 0.013887273982187601 0.009135289441103726 -0.0037252269862047662 0.015818311417774806 -0.00072722608512711302 -0.037158921459792556 0.023980077727700652 0.0017161444683241704 -0.0022608960093734531 0.014976469670596015 -0.0049497598171667169 0.0072846116191643941 -0.0030336450993333989 0.0027239522229979213 0.014998293906698296
leaf_weight=3945 29 32 68 26 285 97 90 20 20 25 22 21 21 46 31 28 68 36 21 914 23 22 30 25 21 443 34 25 532 27
leaf_count=3945 29 32 68 26 285 97 90 20 20 25 22 21 21 46 31 28 68 36 21 914 23 22 30 25 21 443 34 25 532 27
internal_value=-0.0027373 0.000158986 0.00776596 0.0165789 -0.000335177 9.77374e-05 0.00343621 0.0109091 0.01625 -0.00123656 -0.000245141 -0.000328499 0.00571428 -0.00043875 -0.00184116 0.00116114 0.00326446 5.71963e-06 0.000208963 9.20233e-05 0.00355856 0.00579545 0.00942308 -0.000161292 0.00478261 -0.00222753 0.00125 0.000376343 -0.000315683 0.000724507
internal_weight=7027 3082 188 95 2894 2609 243 66 40 93 2366 2344 42 2302 554 211 121 1748 1651 1630 111 88 52 1519 46 523 80 93 1473 559
internal_count=7027 3082 188 95 2894 2609 243 66 40 93 2366 2344 42 2302 554 211 121 1748 1651 1630 111 88 52 1519 46 523 80 93 1473 559
is_linear=0
shrinkage=0.05


Tree=84
num_leaves=31
num_cat=0
split_feature=18 11 6 14 17 7 1 11 9 16 2 1 16 16 3 3 5 9 13 3 4 1 14 1 6 2 5 0 14 17
split_gain=18.7238 5.32432 5.83838 3.04082 2.22784 2.01834 1.27536 1.05315 3.40897 0.928616 0.697653 0.602822 0.521839 1.15444 0.598003 0.521277 0.519182 0.503888 0.771429 0.483503 0.454545 0.512121 0.432111 0.421479 0.404297 0.380952 0.364325 0.646183 0.629567 0.620096
threshold=6.9911626293997502 14.777337057572906 5.5000000000000009 24.241199778612899 30.874830519539429 0.78656609248549325 293.15000000000003 23.623112990362241 -0.90698021620945013 21.871990193451619 387.50000000000006 755.60000000000002 24.230013989013525 23.61073865861761 24.750000000000004 32.45000000000001 6.5000000000000009 0.53436760985011655 0.31370912961388087 35.250000000000007 10.65 442.30000000000001 25.048422152172336 634.85000000000002 14.500000000000002 111.50000000000001 17.500000000000004 848.50000000000011 51.183480003422765 25.755537984696499
decision_type=2 2 2 2 2 2 2 2 2 2 2 2 2 2 2 2 2 2 2 2 2 2 2 2 2 2 2 2 2 2
left_child=-1 2 3 -2 6 7 -5 8 -3 -4 11 12 13 16 -15 23 -9 22 -19 -17 -20 -22 24 -16 25 -10 28 -28 29 -18
right_child=1 5 9 4 -6 -7 -8 10 17 -11 -12 -13 -14 14 15 19 26 18 20 -21 21 -23 -24 -25 -26 -27 27 -29 -30 -31
leaf_value=-0.35677953539575857 0.0025016801264072207 0.011873376742410964 -0.0049812032506773712 0.011284913508188454 0.011920281315978021 -0.032010639950837083 0.015088154587277927 0.0092683291329778705 -0.00043035317606191816 0.0028074478737161687 0.003604434994544185 0.025017529701130206 -0.0053469996663195584 0.012345943294118688 -0.013069024678014697 0.010342975525406667 0.0063389066700500554 0.01607977653220808 -0.0036421608361973295 0.0033754557944695829 -0.00074632315845019873 0.029825401555718879 -0.0038064472726389987 0.030861407061047244 -0.0042737732328124644 0.012069034981140137 -0.00046097149743389016 0.015368390098848675 -0.0035852475642410412 -0.0006586240527032708
leaf_weight=3930 27 32 70 24 26 289 22 20 21 29 22 36 98 20 26 24 33 20 20 23 24 20 45 21 40 21 1672 23 292 57
leaf_count=3930 27 32 70 24 26 289 22 20 21 29 22 36 98 20 26 24 33 20 20 23 24 20 45 21 40 21 1672 23 292 57
internal_value=-0.00270884 0.000198578 0.00813131 0.0167172 0.0220833 -0.000343223 0.0286957 9.57842e-05 0.00323045 -0.000454547 -0.000226026 -0.00030917 -0.000409269 -0.000251019 0.00464912 0.00297872 -0.000517407 0.000924169 0.00392857 0.00670213 0.00125 0.00409091 -0.00106299 -0.000744682 0.00109756 0.00452381 -0.000594609 -0.000280237 -0.00198953 0.00166667
internal_weight=7027 3097 198 99 72 2899 46 2610 243 99 2367 2345 2309 2211 114 94 2097 211 84 47 64 44 127 47 82 42 2077 1695 382 90
internal_count=7027 3097 198 99 72 2899 46 2610 243 99 2367 2345 2309 2211 114 94 2097 211 84 47 64 44 127 47 82 42 2077 1695 382 90
is_linear=0
shrinkage=0.05


Tree=85
num_leaves=31
num_cat=0
split_feature=18 11 6 14 17 7 1 11 9 16 0 2 9 13 18 4 1 14 6 6 4 2 3 2 4 12 3 3 5 5
split_gain=18.4919 5.36775 5.83838 3.04082 2.22784 1.98337 1.27536 1.07905 3.40897 0.928616 0.783015 0.721355 0.503888 0.771429 0.47191 0.454545 0.512121 0.432111 0.404297 0.39294 0.450361 0.380952 0.37013 1.37014 0.537892 0.355882 0.500298 0.340955 0.527772 0.86143
threshold=6.9911626293997502 14.777337057572906 5.5000000000000009 24.241199778612899 30.874830519539429 0.78656609248549325 293.15000000000003 23.623112990362241 -0.90698021620945013 21.871990193451619 891.00000000000011 387.50000000000006 0.53436760985011655 0.31370912961388087 85.285009830143608 10.65 442.30000000000001 25.048422152172336 14.500000000000002 24.500000000000004 4.0500000000000007 111.50000000000001 29.950000000000003 302.50000000000006 6.8500000000000005 136.10842358441033 27.650000000000002 46.250000000000007 17.500000000000004 18.500000000000004
decision_type=2 2 2 2 2 2 2 2 2 2 2 2 2 2 2 2 2 2 2 2 2 2 2 2 2 2 2 2 2 2
left_child=-1 2 3 -2 6 7 -5 8 -3 -4 11 14 17 -14 19 -15 -17 18 21 20 -9 -10 23 24 -21 26 -26 28 -22 -30
right_child=1 5 9 4 -6 -7 -8 10 12 -11 -12 -13 13 15 -16 16 -18 -19 -20 22 27 -23 -24 -25 25 -27 -28 -29 29 -31
leaf_value=-0.33894055862597061 0.002376596120086857 0.011279707905290412 -0.0047321430881434945 0.01072066783277905 0.011324267250179099 -0.03041010795329524 0.014333746857914002 -0.0019367815661019104 -0.00040883551725889069 0.0026670754800302964 0.0041361581234200945 0.0034242132448170461 0.015275787705597644 -0.0034600527943874646 0.026578349760262916 -0.00070900700052775861 0.028334131477932924 -0.0036161249090071201 -0.0040600845711718341 0.0076937270956738135 -0.0017292683524160323 0.011465583232083132 -0.00095779505591717562 0.01046892448871041 0.005414262911257595 -0.014790591637519846 -0.029037930557396258 0.0085674925794749553 0.024263708675178949 0.00093023350277548458
leaf_weight=3930 27 32 70 24 26 289 22 78 21 29 32 22 20 20 27 24 20 45 40 37 306 21 646 24 28 102 32 22 28 983
leaf_count=3930 27 32 70 24 26 289 22 78 21 29 32 22 20 20 27 24 20 45 40 37 306 21 646 24 28 102 32 22 28 983
internal_value=-0.00272307 0.000166289 0.00813131 0.0167172 0.0220833 -0.000377718 0.0286957 5.74701e-05 0.00323045 -0.000454547 -0.000268273 -0.000374734 0.000924169 0.00392857 -0.000460442 0.00125 0.00409091 -0.00106299 0.00109756 -0.000538059 -2.47013e-05 0.00452381 -0.00137515 0.000381165 -0.000979901 -0.00222222 0.000833332 0.000190439 8.73185e-05 0.000637981
internal_weight=7027 3097 198 99 72 2899 46 2610 243 99 2367 2335 211 84 2313 64 44 127 82 2286 1417 42 869 223 199 162 60 1339 1317 1011
internal_count=7027 3097 198 99 72 2899 46 2610 243 99 2367 2335 211 84 2313 64 44 127 82 2286 1417 42 869 223 199 162 60 1339 1317 1011
is_linear=0
shrinkage=0.05


Tree=86
num_leaves=31
num_cat=0
split_feature=14 11 1 13 3 6 9 4 5 3 15 14 2 9 1 1 16 6 10 10 10 0 0 14 10 5 17 17 16 18
split_gain=18.3883 2.24013 5.64434 3.99411 1.88241 1.87671 1.39619 1.30216 1.25149 1.05737 0.90995 0.846018 0.699526 0.682375 0.605431 0.600863 0.9 0.464388 0.452368 0.592923 0.744945 0.766947 0.39028 0.3897 0.317304 0.332066 0.331636 0.781902 0.352 0.797622
threshold=13.534481367246661 23.623112990362241 175.75000000000003 0.30152419456589125 32.550000000000004 7.5000000000000009 -0.8840347633015142 16.150000000000002 30.500000000000004 41.050000000000004 27.451052753051083 5.5760615035434951 387.50000000000006 0.53436760985011655 755.60000000000002 418.05000000000007 23.740307131660245 88.500000000000014 -0.98208922706762081 -0.94695267581281539 -0.9574497222574998 778.50000000000011 891.00000000000011 16.078377768929784 0.73246693938583618 38.500000000000007 27.117595147965766 26.36323305391053 16.728940579418651 38.056245951747449
decision_type=2 2 2 2 2 2 2 2 2 2 2 2 2 2 2 2 2 2 2 2 2 2 2 2 2 2 2 2 2 2
left_child=10 2 7 4 8 -6 -5 -2 -4 -9 -1 -12 14 -8 17 -15 -17 18 -3 20 21 -20 23 -21 26 -26 27 28 29 -19
right_child=1 12 3 6 5 -7 13 9 -10 -11 11 -13 -14 15 -16 16 -18 24 19 22 -22 -23 -24 -25 25 -27 -28 -29 -30 -31
leaf_value=-0.1498152921464094 -0.016605148703257005 -0.002535019737578483 0.0054106223844244492 0.01229014799968365 0.011027531767023487 0.012756748521092818 -0.002436038663402933 -0.00017821579804508801 0.013256389420120357 0.0041051872708378623 0.014247506967707014 -0.00065085270309678733 0.0032530025825760513 -0.0012192091896460339 0.023145424999791872 0.026917424904036247 -0.0021432712887675732 -0.025119344882519629 -0.00077616948721431691 0.0012389696922817911 0.01573033678774749 0.01762332083842463 0.0036849493368977938 -0.00025811003557402076 0.0063896216417660238 -0.0070928032096892945 -0.0030787487105413806 0.011077720000527647 -0.017124117972683536 0.0059455769937916229
leaf_weight=4151 164 124 32 20 22 35 36 62 24 23 21 46 22 31 36 20 20 48 85 22 34 20 28 1502 37 25 120 25 155 37
leaf_count=4151 164 124 32 20 22 35 36 62 24 23 21 46 22 31 36 20 20 48 85 22 34 20 28 1502 37 25 120 25 155 37
internal_value=-0.00272307 0.000411177 0.00348671 0.00895833 0.0157965 0.022193 0.00287401 -0.00178715 0.00928571 0.00323529 -0.00481034 0.000970148 -0.00023707 0.000607475 -0.00032202 0.0034507 0.0075 -0.000424404 -6.88717e-05 0.000144883 0.00327338 0.00119047 -0.00013531 -0.000242783 -0.00186801 0.00145161 -0.0024026 -0.0014151 -0.00229167 0.000294116
internal_weight=7027 2809 489 240 113 57 127 249 56 85 4218 67 2320 107 2298 71 40 2262 1815 1691 139 105 1552 1524 447 62 385 265 240 85
internal_count=7027 2809 489 240 113 57 127 249 56 85 4218 67 2320 107 2298 71 40 2262 1815 1691 139 105 1552 1524 447 62 385 265 240 85
is_linear=0
shrinkage=0.05


Tree=87
num_leaves=31
num_cat=0
split_feature=18 11 12 11 6 12 9 16 2 16 5 0 15 2 9 16 10 15 4 1 4 5 16 14 16 1 16 18 0 0
split_gain=19.2606 3.95355 2.17734 1.99929 3.09818 2.21804 3.21077 1.42441 1.17523 0.895362 0.832225 0.712439 0.696463 0.666752 0.624056 0.749727 0.599564 0.544037 0.434767 1.16446 0.843899 1.23077 0.565062 0.730231 0.511484 1.34616 0.958405 0.465315 0.480002 0.369466
threshold=6.8248233501713296 7.2105124014547171 107.9481807936529 23.623112990362241 19.500000000000004 240.93171984514979 -0.25534383660447119 21.026728558186846 101.50000000000001 22.095374903039648 10.500000000000002 891.00000000000011 33.391968182246622 387.50000000000006 0.10738035228456499 20.702078578527264 0.33345642693991789 35.237453461000868 11.950000000000001 739.05000000000007 12.350000000000003 33.500000000000007 22.65739861525682 19.545413623655406 23.451541165934717 569.25000000000011 23.760951161420284 77.402859657611643 748.50000000000011 327.50000000000006
decision_type=2 2 2 2 2 2 2 2 2 2 2 2 2 2 2 2 2 2 2 2 2 2 2 2 2 2 2 2 2 2
left_child=-1 -2 12 4 5 14 7 -7 -8 -6 -10 13 -3 18 -4 -16 -12 -14 24 20 21 -20 23 -22 -5 -26 -27 29 -29 -25
right_child=1 2 3 11 9 6 8 -9 10 -11 16 -13 17 -15 15 -17 -18 -19 19 -21 22 -23 -24 27 25 26 -28 28 -30 -31
leaf_value=-0.32374932058242145 0.011105141252240918 -0.022981218851252212 -0.0060851155424695002 -0.00083293797142489014 -0.0033879263690211898 0.015053036658524813 0.012801885383945541 0.0089512405252914675 0.01016447169688626 0.014079022358880564 -0.00026953432949022193 0.0037451027504042918 0.015308033348036643 0.003090352453447302 0.020658574046189322 -0.00027117110441756927 0.019362389316879509 -0.0024732736442112479 0.016195167049980138 0.052133126744107798 0.0070204092402088303 -0.0045422732523764525 -0.004944651358968849 -0.018327088347707569 0.011208404359981813 0.011234856779124136 -0.0049367603412011673 -0.0025866066813605053 0.047408516075691881 0.00011488768280332751
leaf_weight=3915 30 354 28 737 159 22 20 24 23 29 47 32 27 22 21 40 23 235 26 20 36 26 169 69 22 27 90 21 23 710
leaf_count=3915 30 354 28 737 159 22 20 24 23 29 47 32 27 22 21 40 23 235 26 20 36 26 169 69 22 27 90 21 23 710
internal_value=-0.00266615 0.000269922 9.40936e-05 0.000758312 0.00383027 0.0075 0.0110377 0.0221739 0.00650442 -0.00101064 0.00413978 9.8521e-05 -0.00256494 -2.00212e-05 0.00117977 0.00401639 0.00142857 -0.000610688 -0.000116398 0.000545453 0.000324073 0.00653846 9.72643e-06 0.000529684 -0.00094749 0.00183453 -0.000299146 0.000224786 0.00522727 -5.77676e-05
internal_weight=7027 3112 3082 2466 436 248 159 46 113 188 93 2030 616 1998 89 61 70 262 1976 1100 1080 52 1028 859 876 139 117 823 44 779
internal_count=7027 3112 3082 2466 436 248 159 46 113 188 93 2030 616 1998 89 61 70 262 1976 1100 1080 52 1028 859 876 139 117 823 44 779
is_linear=0
shrinkage=0.05


Tree=88
num_leaves=31
num_cat=0
split_feature=18 11 6 0 7 9 15 17 11 9 2 1 14 0 1 4 4 15 16 16 2 4 12 16 1 15 5 13 5 18
split_gain=18.2443 2.94155 3.53654 2.20138 2.0393 1.2236 1.27961 1.13778 1.07085 2.00384 0.691955 0.615327 1.01587 0.447467 0.639691 0.4924 1.07071 0.896365 0.638324 1.24894 0.481458 0.492748 0.517233 0.620213 1.15024 1.09007 1.47659 0.682389 0.497466 0.662956
threshold=6.5200250492240439 14.777337057572906 23.500000000000004 73.500000000000014 0.78656609248549325 0.12447811117596704 9.4986622379265739 30.584360597417142 24.366276592681828 -0.91409412807680468 387.50000000000006 739.05000000000007 80.801868519030933 321.50000000000006 96.800000000000026 11.950000000000001 12.350000000000003 54.624302378532597 23.471172218481456 23.809663393350977 328.50000000000006 13.050000000000002 94.526791770722539 21.169088340669816 450.65000000000003 68.344234092113325 36.500000000000007 0.99939540507859748 46.500000000000007 41.048388654302563
decision_type=2 2 2 2 2 2 2 2 2 2 2 2 2 2 2 2 2 2 2 2 2 2 2 2 2 2 2 2 2 2
left_child=-1 2 3 -2 8 -5 7 -7 9 -3 11 13 -13 -10 -15 18 17 -17 -16 -20 21 -18 -23 25 -25 28 -27 -26 -24 -30
right_child=1 4 -4 5 -6 6 -8 -9 10 -11 -12 12 -14 14 15 16 20 -19 19 -21 -22 22 23 24 27 26 -28 -29 29 -31
leaf_value=-0.32542526659630649 -0.042149222570949357 0.0094085188994154356 -0.0017263341218753594 0.010141386587619452 -0.021241636308992406 0.011626472696327703 0.0055195333937699534 0.01172403790612102 -0.016742663480268039 0.003951709157153707 0.0029358348307749011 -0.0088696038242297437 0.032051217218443874 0.0034523366564563106 -0.00088850058162819035 -0.0016366185969511242 -0.0032700301253358668 0.015197376408432488 0.021127230148981137 -0.0006891921290022577 -0.014097371112694535 -0.011431058910233162 0.00017222778246747667 0.0098783511463374409 -0.0033741034176075916 0.03936398161963886 -0.0053757994693353246 0.01926945484398105 -0.0012644767836131028 0.0064154128385743711
leaf_weight=3885 20 33 83 30 304 20 48 25 138 230 22 48 36 23 769 22 75 31 27 82 64 97 342 54 289 24 21 36 43 106
leaf_count=3885 20 33 83 30 304 20 48 25 138 230 22 48 36 23 769 22 75 31 27 82 64 97 342 54 289 24 21 36 43 106
internal_value=-0.00270884 0.000124124 0.00561947 0.0103846 -0.000301784 0.0128862 0.0100538 0.0161111 0.00014931 0.0031749 -0.000189444 -0.000272885 0.00392857 -0.000430229 -0.000249407 -0.000341019 0.000315613 0.00726415 -0.00124146 0.00233945 -4.34524e-06 0.000243789 0.000533596 0.000901638 -0.000646439 0.00199627 0.00944444 -0.00176923 0.00131364 0.00372483
internal_weight=7027 3142 226 143 2916 123 93 45 2612 263 2349 2327 84 2243 2105 2082 1204 53 878 109 1151 1087 1012 915 379 536 45 325 491 149
internal_count=7027 3142 226 143 2916 123 93 45 2612 263 2349 2327 84 2243 2105 2082 1204 53 878 109 1151 1087 1012 915 379 536 45 325 491 149
is_linear=0
shrinkage=0.05


Tree=89
num_leaves=31
num_cat=0
split_feature=13 11 6 7 11 9 1 11 2 5 1 17 14 0 13 17 6 4 4 5 4 9 6 15 12 16 15 16 5 6
split_gain=18.2237 3.68739 4.71221 1.93953 1.20634 3.16033 1.07654 1.16678 0.691649 0.63417 0.595586 0.502595 0.499817 0.495705 0.655842 0.637255 0.604071 0.481161 1.05812 0.727513 0.433578 0.398892 0.394534 0.61413 1.40386 0.666313 0.587349 0.539317 0.549166 0.860975
threshold=0.10261641511641513 12.330998969456521 27.500000000000004 0.78656609248549325 23.623112990362241 -0.91409412807680468 178.80000000000004 9.0148382226535997 387.50000000000006 10.500000000000002 755.60000000000002 31.958526564094424 9.4923173644238883 321.50000000000006 0.47342953426077944 27.338497926644202 14.500000000000002 11.950000000000001 12.350000000000003 33.500000000000007 12.950000000000001 0.22611359161738889 23.500000000000004 75.449983897206323 192.75880728777858 21.130859891507416 62.387190978455706 21.005818722797468 48.500000000000007 7.5000000000000009
decision_type=2 2 2 2 2 2 2 2 2 2 2 2 2 2 2 2 2 2 2 2 2 2 2 2 2 2 2 2 2 2
left_child=-1 2 6 4 5 -3 -2 -8 10 -7 12 -11 -6 -14 15 21 -17 -16 19 -19 -20 -15 23 25 -25 27 -24 28 -22 -30
right_child=1 3 -4 -5 8 9 7 -9 -10 11 -12 -13 13 14 17 16 -18 18 20 -21 22 -23 26 24 -26 -27 -28 -29 29 -31
leaf_value=-0.31017204755643213 0.0054491366522181651 0.009009200349278712 -0.0033474572851762982 -0.020091278318368003 0.011141470729412991 0.0078340466808250585 0.0089497998689559866 0.011685690357214748 0.00278904308923628 -0.00043915504396130171 0.018359463675444259 0.012515508249152957 -0.016116448874559326 -0.0058936524229881021 -0.00075913897059415791 0.0067945103944195605 0.0056352376487076991 0.014962675404238922 -0.0078582580390474995 -0.0018311418490151903 0.00019075491391362957 0.0034906518139097768 0.00010661080327828491 -0.015962438899555981 0.039657140670346154 -0.0016058246124561774 -0.0037509703053628003 0.0053553783499576124 8.3828861277313667e-05 0.028401970998196188
leaf_weight=3881 29 40 58 322 20 31 32 29 22 211 36 25 129 35 889 31 21 33 62 21 240 33 263 21 22 276 116 25 44 30
leaf_count=3881 29 40 58 322 20 31 32 29 22 211 36 25 129 35 889 31 21 33 62 21 240 33 263 21 22 276 116 25 44 30
internal_value=-0.00269461 0.000133502 0.00783784 -0.000246832 0.000194319 0.00314332 0.015 0.0187705 -0.000187844 0.00117977 -0.000270559 0.000296609 -0.000369971 -0.000438674 -0.000259021 0.00333333 0.0075 -0.000470129 0.000203815 0.00703704 -0.000131939 0.000147058 0.000110896 0.000851063 0.00662791 0.000447153 -0.00117414 0.00193215 0.00136943 0.00513513
internal_weight=7027 3146 148 2998 2676 307 90 61 2369 267 2347 236 2311 2291 2162 120 52 2042 1153 54 1099 68 1037 658 43 615 379 339 314 74
internal_count=7027 3146 148 2998 2676 307 90 61 2369 267 2347 236 2311 2291 2162 120 52 2042 1153 54 1099 68 1037 658 43 615 379 339 314 74
is_linear=0
shrinkage=0.05


Tree=90
num_leaves=31
num_cat=0
split_feature=18 11 7 11 6 9 11 3 16 2 10 12 4 0 14 5 3 5 6 14 18 15 6 4 2 2 14 16 0 5
split_gain=18.5606 6.87357 1.75933 1.75235 2.75949 2.61997 1.33985 0.885535 0.783752 0.691955 0.521474 0.552675 0.525383 0.741055 0.434946 0.645803 1.26572 0.486841 0.331566 0.638031 0.873016 0.980976 1.39811 0.601469 0.477879 0.812113 0.404833 0.483724 0.794935 0.435109
threshold=6.3425238804615178 7.2105124014547171 0.78656609248549325 24.366276592681828 21.500000000000004 -0.25534383660447119 12.330998969456521 36.650000000000013 22.229893217449085 387.50000000000006 -0.98208922706762081 280.97610309906594 4.0500000000000007 891.00000000000011 52.790015398749141 26.500000000000004 16.150000000000002 10.500000000000002 80.500000000000014 18.953793107244671 42.707270410527627 33.391968182246622 1.0000000180025095e-35 28.350000000000005 298.50000000000006 312.50000000000006 46.358643800561815 18.895401324886873 447.50000000000006 66.500000000000014
decision_type=2 2 2 2 2 2 2 2 2 2 2 2 2 2 2 2 2 2 2 2 2 2 2 2 2 2 2 2 2 2
left_child=-1 -2 3 4 5 7 -7 -3 -6 10 -5 12 -12 18 15 17 -17 -8 19 20 21 -14 -23 24 -20 -26 27 28 -21 -28
right_child=1 2 -4 9 8 6 14 -9 -10 -11 11 -13 13 -15 -16 16 -18 -19 23 26 -22 22 -24 -25 25 -27 29 -29 -30 -31
leaf_value=-0.30063164467259473 0.01099916859750844 0.0068477261219856552 -0.018555938663905539 -0.0047035092134104341 -0.0024581147204254415 0.0094980854334046957 0.0074423433910672633 0.011743894649241885 0.014028135006181334 0.00264959093477443 -0.002146135918238451 0.0045443366678624966 -0.0025175928319340554 0.0068210210909637678 -0.0022611485854379288 0.0023480253992820537 0.035525602237488643 -0.0011612349229011135 -0.0047490365484855754 -0.01068758701741844 -0.015522105607172893 0.01670909759118655 0.00093417698452287555 0.032078139478706004 0.0010628547525184588 -0.0037680687057407986 0.0003908604389359885 -0.0017276281429157696 0.018820886796817898 0.0069768535362959034
leaf_weight=3870 38 33 349 198 161 33 21 20 25 22 135 24 34 26 30 26 20 52 278 29 22 22 34 21 25 71 1070 283 30 25
leaf_count=3870 38 33 349 198 161 33 21 20 25 22 135 24 34 26 30 26 20 52 278 29 22 22 34 21 25 71 1070 283 30 25
internal_value=-0.00266615 0.000178966 -7.8552e-05 0.000342959 0.00331354 0.00691489 0.00406593 0.0166981 -0.00123656 -0.000189444 -0.000272885 -4.46231e-05 -0.000130643 7.61409e-05 0.00204698 0.00340336 0.00804348 0.000479451 -3.60094e-05 0.000293737 0.00392857 0.00611111 0.0101786 -0.00132912 -0.00179145 0.00125 1.04372e-05 -0.00149123 0.00262712 0.000479451
internal_weight=7027 3157 3119 2770 421 235 182 53 186 2349 2327 2129 2105 1970 149 119 46 73 1944 1549 112 90 56 395 374 96 1437 342 59 1095
internal_count=7027 3157 3119 2770 421 235 182 53 186 2349 2327 2129 2105 1970 149 119 46 73 1944 1549 112 90 56 395 374 96 1437 342 59 1095
is_linear=0
shrinkage=0.05


Tree=91
num_leaves=31
num_cat=0
split_feature=0 11 6 12 14 2 5 6 1 10 3 16 18 15 18 17 15 9 6 14 1 14 0 6 17 12 15 1 4 4
split_gain=18.1984 4.29883 3.90962 2.26633 1.26731 1.87099 1.37366 1.28766 1.41333 1.19668 1.59971 1.6217 1.19381 1.17513 1.2115 1.11981 1.3003 1.05055 0.82084 0.787084 0.781417 0.670112 0.793649 0.657644 0.586611 0.554915 0.554433 0.60107 0.514666 0.950694
threshold=65.500000000000014 10.347694026713762 27.500000000000004 109.12481569082722 52.790015398749141 280.50000000000006 68.500000000000014 53.500000000000007 563.45000000000016 -0.40541071103273035 36.650000000000013 18.164872097093063 7.2241895993209218 50.130243763031487 20.167398129506392 25.476709167500847 47.417744902036425 0.82876241254485883 7.5000000000000009 35.567829786841443 271.10000000000008 24.241199778612899 321.50000000000006 86.500000000000014 31.933827542499827 234.49400325887072 20.413626351964634 245.00000000000003 22.250000000000004 23.050000000000004
decision_type=2 2 2 2 2 2 2 2 2 2 2 2 2 2 2 2 2 2 2 2 2 2 2 2 2 2 2 2 2 2
left_child=-1 2 12 26 5 7 23 8 9 18 11 -11 -2 14 -13 16 -7 -9 21 -19 -14 -5 -23 28 -16 -18 -3 -28 -6 -30
right_child=1 3 -4 4 6 15 -8 17 -10 10 -12 13 20 -15 24 -17 25 19 -20 -21 -22 22 -24 -25 -26 -27 27 -29 29 -31
leaf_value=-0.29471663254173158 0.01403894272730977 -0.0215771073836497 -0.0019159629375950914 -0.0026827522192177846 -0.00074414101425631643 0.0074799114817119929 0.0089577018242335636 -0.0077918430171803514 -0.0012747948190475332 0.022055071841663332 0.015735559110085826 0.015912260382072847 0.0080959164104889274 0.0094254303196704674 -0.001145241097290262 0.030853057566685139 -0.0098883772882197227 -0.0032099706200600779 -0.00042924176082246825 0.013884179094159827 0.0090385440656096418 0.0057528058452648891 0.0028899043102796522 -0.0038265780401624326 0.0086728720360112737 0.0080377789388300196 0.007317891180612577 -0.0050351671469688443 0.029329080742658976 0.0020005934696379641
leaf_weight=3827 26 330 45 25 963 23 20 240 129 26 33 28 20 21 115 38 42 29 116 30 21 20 59 206 33 20 36 326 20 160
leaf_count=3827 26 330 45 25 963 23 20 240 129 26 33 28 20 21 115 38 42 29 116 30 21 20 59 206 33 20 36 326 20 160
internal_value=-0.00267326 0.000109374 0.00973214 -0.000239638 0.000488313 0.00181597 -0.000507671 0.00102876 0.00235537 0.00361344 0.0059375 0.00441704 0.0173881 0.00286802 0.00153409 0.00760162 0.00441176 -0.00165552 0.00090909 0.00432203 0.0120732 0.00413461 0.0063924 -0.00070052 -0.000270271 0.00064516 -0.00276012 -0.00140884 -0.000231847 0.00222222
internal_weight=7027 3200 112 3088 2396 1027 1369 904 605 476 256 223 67 197 176 123 85 299 220 59 41 104 79 1349 148 62 692 362 1143 180
internal_count=7027 3200 112 3088 2396 1027 1369 904 605 476 256 223 67 197 176 123 85 299 220 59 41 104 79 1349 148 62 692 362 1143 180
is_linear=0
shrinkage=0.05


Tree=92
num_leaves=31
num_cat=0
split_feature=18 11 15 7 11 6 9 3 11 15 13 4 2 4 0 13 15 15 14 6 4 15 3 9 14 15 15 13 18 13
split_gain=17.249 6.68589 3.10874 1.73556 1.54193 2.64738 2.72058 0.962527 0.709815 0.563406 0.987734 0.45281 1.48993 0.55 0.474593 0.841925 1.07301 0.464194 0.434603 0.488822 0.70671 2.02455 0.425952 0.860782 0.449872 1.04527 0.388445 0.386096 0.35444 0.608241
threshold=6.0593996921965543 7.2105124014547171 7.6875909590065286 0.78656609248549325 24.366276592681828 21.500000000000004 -0.25534383660447119 36.650000000000013 12.330998969456521 20.955180357164537 0.30152419456589125 28.350000000000005 314.50000000000006 29.150000000000002 321.50000000000006 0.48195166691331093 39.733511193018259 23.601320189305302 77.288533011609204 24.500000000000004 11.950000000000001 77.740831887334039 21.050000000000004 0.29259762607704992 24.241199778612899 28.194911884347487 76.562521165297639 0.92268313412340774 57.567869488508471 0.74132563694267517
decision_type=2 2 2 2 2 2 2 2 2 2 2 2 2 2 2 2 2 2 2 2 2 2 2 2 2 2 2 2 2 2
left_child=-1 2 -2 4 5 6 7 -3 -8 -7 -11 14 13 -13 -6 16 17 -16 28 20 26 -22 23 -10 -24 -26 -20 -15 29 -17
right_child=1 3 -4 -5 11 9 8 -9 22 10 -12 12 -14 27 15 18 -18 -19 19 -21 21 -23 24 -25 25 -27 -28 -29 -30 -31
leaf_value=-0.27611833550598036 0.01207371933659699 0.0067669815833279832 0.0070472789544658593 -0.017556409236551909 -0.017411307919108117 -0.0030926633146645573 0.0086418165362447778 0.011097338366595223 -0.00066452031137368306 0.007339694245250836 -0.0039405751391439637 0.02394110093634251 0.010408477413714501 -0.0082647755038053137 0.0019660880403747352 -0.00044857454255926952 0.0018325660967634318 -8.9772856314354014e-05 0.021892450718738275 -0.011192682731974539 0.0017331901611112579 0.070641777818820028 -0.0030109816735312401 0.0089445039211167119 0.0079693407288799287 -0.0044838291316706474 -0.0039776860135346597 0.0033254430259935658 -0.0010447145243556429 0.0058036489593244582
leaf_weight=3840 21 34 25 369 130 115 33 20 23 28 44 20 24 68 24 564 21 68 28 22 49 20 29 22 38 37 40 22 1009 240
leaf_count=3840 21 34 25 369 130 115 33 20 23 28 44 20 24 68 24 564 21 68 28 22 49 20 29 22 38 37 40 22 1009 240
internal_value=-0.00273018 -1.09833e-05 0.018913 -0.000288126 0.000140691 0.00291962 0.00644068 0.0162963 0.00351648 -0.00152407 0.00194444 -0.000359729 0.00246269 -1.19209e-09 -0.000530475 -0.000347723 0.00384956 0.00152174 -0.000588236 0.00191824 0.0030292 0.0065942 0.00204698 0.00611111 0.00028846 0.00233333 -0.000588236 -0.00166667 -0.000808054 -2.48768e-05
internal_weight=7027 3187 46 3141 2772 423 236 54 182 187 72 2349 134 110 2215 2085 113 92 1972 159 137 69 149 45 104 75 68 90 1813 804
internal_count=7027 3187 46 3141 2772 423 236 54 182 187 72 2349 134 110 2215 2085 113 92 1972 159 137 69 149 45 104 75 68 90 1813 804
is_linear=0
shrinkage=0.05


Tree=93
num_leaves=31
num_cat=0
split_feature=13 11 12 1 14 2 6 15 1 9 13 12 0 17 14 2 1 11 13 18 1 17 1 1 18 10 9 6 14 16
split_gain=17.8881 5.61045 2.01138 1.35202 1.22554 1.08935 1.94588 1.93148 2.09947 1.68942 2.56 1.28926 1.72188 0.827897 0.669372 1.225 0.665354 0.647839 0.681483 0.587124 1.17751 0.676781 0.562029 0.81166 0.706522 0.471012 0.739796 0.421948 0.391653 0.354998
threshold=0.077261354399512303 7.2105124014547171 109.12481569082722 159.15000000000001 54.115995644160165 280.50000000000006 53.500000000000007 24.288144225135177 306.25000000000006 -0.36971084796686599 0.20866728854958086 240.93171984514979 263.50000000000006 30.9501498886452 37.787467266055152 321.50000000000006 755.60000000000002 26.819483663903579 0.26738389479373087 42.707270410527627 467.85000000000008 23.905429244499505 183.10000000000002 212.10000000000002 21.563606246609123 -0.72066714955386113 0.80392051724781077 97.500000000000014 50.747174809461065 19.040278924963783
decision_type=2 2 2 2 2 2 2 2 2 2 2 2 2 2 2 2 2 2 2 2 2 2 2 2 2 2 2 2 2 2
left_child=-1 3 17 -2 5 6 7 8 9 10 -4 -10 -13 -8 15 -7 -6 -3 -19 20 21 -9 -11 -24 -25 27 -27 -16 -21 -20
right_child=1 2 4 -5 16 14 13 19 11 22 -12 12 -14 -15 25 -17 -18 18 29 28 -22 -23 23 24 -26 26 -28 -29 -30 -31
leaf_value=-0.27543445711670594 0.0049863743260073505 -0.025368342548628631 0.013672609345261058 0.010638577400755718 -0.00064396186353046694 0.0087284110670780568 -0.0062835428478804209 0.018631103619569479 0.0035648282905548431 -0.0010020293841407611 -0.00027594906493285369 0.014769807270227765 0.0071318200740935729 0.0050528623031502956 0.0065981972794073376 0.0066556335582941308 0.015145800840979365 0.020042625716205537 -0.01754421163746802 -0.00072194771913754651 0.016286856451061739 -0.00040631288599805496 0.011351339521411173 -0.0073589072605793329 0.0025221201018196518 -0.016511949080503602 0.013064265083438331 0.00057206801772159807 0.004847499980362986 -0.0037636873183709315
leaf_weight=3797 23 227 20 36 1280 20 311 21 27 85 25 25 23 26 28 20 36 20 125 173 26 149 20 26 20 29 20 22 36 331
leaf_count=3797 23 227 20 36 1280 20 311 21 27 85 25 25 23 26 28 20 36 20 125 173 26 149 20 26 20 29 20 22 36 331
internal_value=-0.00267326 6.19183e-05 -0.000222329 0.015339 0.000449756 0.00164062 0.00107107 0.00261834 0.00588561 0.00316326 0.0116667 0.013 0.0179167 -0.00203264 0.00579137 0.01125 -0.000592706 -0.00258179 -0.00153361 0.000432098 0.00239796 0.000882352 0.000629138 0.00409091 0.000434781 0.00358586 0.00010204 0.007 -0.00141148 -0.00192983
internal_weight=7027 3230 3171 59 2468 1152 1013 676 271 196 45 75 48 337 139 40 1316 703 476 405 196 170 151 66 46 99 49 50 209 456
internal_count=7027 3230 3171 59 2468 1152 1013 676 271 196 45 75 48 337 139 40 1316 703 476 405 196 170 151 66 46 99 49 50 209 456
is_linear=0
shrinkage=0.05


Tree=94
num_leaves=31
num_cat=0
split_feature=1 18 11 9 6 2 7 14 1 0 0 10 6 5 14 18 13 0 1 18 4 4 4 18 6 15 5 6 2 9
split_gain=17.8336 8.88572 1.87002 1.73814 2.76385 1.57542 1.02848 1.19725 2.44202 1.1305 1.09277 1.75718 0.761959 0.816667 0.624753 0.612928 1.4016 0.554451 0.634405 0.518693 0.926301 1.26754 0.57555 0.631564 0.7447 1.68339 0.501462 0.486296 0.413971 0.426948
threshold=136.25000000000003 7.2241895993209218 15.292876761204198 0.12447811117596704 7.5000000000000009 302.50000000000006 1.0000000180025095e-35 52.790015398749141 442.30000000000001 510.50000000000006 266.50000000000006 -0.35768498937424864 21.500000000000004 22.500000000000004 4.2526681500937569 8.7523200402321208 0.18158213768841017 327.50000000000006 282.55000000000007 64.999952126305075 5.0500000000000007 6.3500000000000005 11.65 66.703049552382708 6.5000000000000009 77.288533011609204 26.500000000000004 11.500000000000002 115.50000000000001 0.98801351631316348
decision_type=2 2 2 2 2 2 2 2 2 2 2 2 2 2 2 2 2 2 2 2 2 2 2 2 2 2 2 2 2 2
left_child=5 -2 3 4 -3 15 7 8 9 10 11 -4 13 -5 -8 -1 -17 -12 26 -9 -21 -22 27 -24 25 -25 -19 -23 -16 -30
right_child=1 2 6 12 -6 -7 14 19 -10 -11 17 -13 -14 -15 28 16 -18 18 -20 20 21 22 23 24 -26 -27 -28 -29 29 -31
leaf_value=-0.18293465538356035 0.013095465321458583 0.0081028336711410926 -0.0029241560222611658 0.0034520061964917943 -4.7570867428550518e-05 0.0014551208395619502 -0.012889367697230002 -0.00098981103945217498 0.032685163230626792 0.0054296052880827544 -0.0055470952575670642 0.018472241788172111 -0.0085591893720802208 0.012273089047790731 0.0032130763039629668 0.017357215058774977 -0.015163366305031387 0.0035208858446975169 -0.0016385518423302472 -0.0062246860011508226 0.022099056179835937 -0.0026993275927583121 0.006570829530693348 0.001256959150584333 -0.0017524143227798689 0.036875549095147162 0.00021501742473053771 0.0040399218362435442 -0.0010218714974397692 0.0012205900072653996
leaf_weight=3992 37 20 21 54 22 30 102 576 26 31 80 25 28 36 38 32 152 21 82 52 25 79 31 86 71 20 36 45 1105 72
leaf_count=3992 37 20 21 54 22 30 102 576 26 31 80 25 28 36 38 32 152 21 82 52 25 79 31 86 71 20 36 45 1105 72
internal_value=-0.00268749 0.000388159 6.4654e-05 0.0053125 0.0140476 -0.00475036 -0.000255337 0.000738331 0.00338509 0.00209459 0.00103773 0.00804348 0.00220339 0.00444444 -0.00124146 -0.00483238 -0.00201087 -0.000433791 0.00147482 -0.000126905 0.00123472 0.00214286 0.0013253 0.00293269 0.00177966 0.00443396 0.00552631 -0.00137097 -0.000925927 -0.00109176
internal_weight=7027 2821 2784 160 42 4206 2624 1307 322 296 265 46 118 90 1317 4176 184 219 139 985 409 357 332 208 177 106 57 124 1215 1177
internal_count=7027 2821 2784 160 42 4206 2624 1307 322 296 265 46 118 90 1317 4176 184 219 139 985 409 357 332 208 177 106 57 124 1215 1177
is_linear=0
shrinkage=0.05


Tree=95
num_leaves=31
num_cat=0
split_feature=0 11 6 18 18 1 5 12 11 13 12 1 17 1 1 16 16 6 18 4 4 10 1 14 5 2 17 10 9 1
split_gain=17.3154 7.06071 4.08254 1.73578 1.36186 0.781417 0.73512 0.583937 0.771087 0.589747 1.7667 0.707208 0.927902 0.853484 2.2192 0.783286 0.944637 1.21247 0.530427 0.526979 1.09264 0.523498 0.466002 0.505644 1.21894 1.08 1.41856 0.982475 0.642756 0.622492
threshold=57.500000000000007 10.347694026713762 27.500000000000004 7.2241895993209218 8.2073838487936044 271.10000000000008 6.5000000000000009 109.12481569082722 37.667460987063379 0.63812056149200258 224.88757814396817 515.55000000000007 25.192669749271449 342.05000000000001 318.25000000000006 22.59644525644368 20.572933230414282 12.500000000000002 6.9911626293997502 27.750000000000004 30.150000000000002 0.2843486543654084 755.60000000000002 51.183480003422765 68.500000000000014 219.50000000000003 28.463231662002215 -0.90146829171281539 0.055916472294523401 536.20000000000016
decision_type=2 2 2 2 2 2 2 2 2 2 2 2 2 2 2 2 2 2 2 2 2 2 2 2 2 2 2 2 2 2
left_child=-1 2 3 -2 -3 -5 -6 -8 9 11 -11 12 21 14 15 16 17 -14 -4 22 -21 -9 23 25 29 -10 27 28 -27 -25
right_child=1 4 18 5 6 -7 7 8 19 10 -12 -13 13 -15 -16 -17 -18 -19 -20 20 -22 -23 -24 24 -26 26 -28 -29 -30 -31
leaf_value=-0.25278717889957342 0.012688424068404728 -0.022197157355504718 0.0085131650638795488 0.0066226910161264058 0.0076470842673362601 0.0070458604617440277 -0.0073137025973632674 -0.0048516504458628274 -0.0018212862506875004 0.0041935053879916069 0.027013900101595711 -0.001964198952565084 0.0046173056862889228 7.3607330279510964e-05 0.015632832880300096 0.010431279326274231 -0.0008280154146244399 -9.0113889843890978e-05 -0.0054061925037343084 0.0098335168775135137 -0.0041543814604822942 0.0025276384299878401 0.012914146283578952 -0.004061925239167573 0.0063213268818604201 0.013720726887922441 0.023075551353983578 -0.0010319592134872303 0.0011620020366157665 -0.00052924179865518437
leaf_weight=3794 34 159 21 20 27 21 583 126 100 101 34 106 22 241 32 30 96 36 31 38 48 27 36 432 24 21 27 134 22 604
leaf_count=3794 34 159 21 20 27 21 583 126 100 101 34 106 22 241 32 30 96 36 31 38 48 27 36 432 24 21 27 134 22 604
internal_value=-0.00270884 -2.01064e-05 0.0115354 0.019 -0.000492596 0.0120732 -0.000249407 -0.000325344 2.78122e-05 0.00122797 0.00425926 0.000656423 0.00131147 0.00243982 0.00472222 0.00260869 0.00116883 0.0062069 0.00076923 -0.00065949 0.00313953 -0.00205882 -0.000892858 -0.00104106 -0.0015566 0.000756578 0.00284314 0.00121469 0.0077907 -0.00181467
internal_weight=7027 3233 127 75 3106 41 2947 2920 2337 851 135 716 610 457 216 184 154 58 52 1486 86 153 1400 1364 1060 304 204 177 43 1036
internal_count=7027 3233 127 75 3106 41 2947 2920 2337 851 135 716 610 457 216 184 154 58 52 1486 86 153 1400 1364 1060 304 204 177 43 1036
is_linear=0
shrinkage=0.05


Tree=96
num_leaves=31
num_cat=0
split_feature=18 11 15 7 11 6 6 15 12 10 6 0 4 4 17 3 12 12 4 14 12 4 17 14 13 1 6 11 17 1
split_gain=17.1676 8.57387 2.88545 1.38948 1.60136 2.61548 0.772458 1.32611 1.44632 1.55229 0.488189 0.495276 0.694992 0.530415 0.789544 0.75 0.635361 0.618043 0.482043 0.792812 0.564181 0.459218 0.430345 1.38336 0.515809 1.49502 0.917397 0.423047 0.473394 0.520833
threshold=5.4574946968981326 7.2105124014547171 7.6875909590065286 0.78656609248549325 10.347694026713762 27.500000000000004 17.500000000000004 28.194911884347487 260.18696746278749 0.72064045540576338 15.500000000000002 855.50000000000011 18.850000000000005 22.250000000000004 25.587210094602941 38.750000000000007 160.51367205108411 240.93171984514979 16.050000000000004 24.241199778612899 280.97610309906594 8.5500000000000025 30.739631480813625 46.358643800561815 0.86691701502090135 366.65000000000003 97.500000000000014 61.876994135349982 24.350024877187753 415.80000000000001
decision_type=2 2 2 2 2 2 2 2 2 2 2 2 2 2 2 2 2 2 2 2 2 2 2 2 2 2 2 2 2 2
left_child=-1 2 -2 4 5 -3 7 8 9 -6 11 13 21 27 15 -15 -16 -18 -10 -20 -21 -13 24 -24 -8 26 -26 28 29 -9
right_child=1 3 -4 -5 6 -7 22 10 18 -11 -12 12 -14 14 16 -17 17 -19 19 20 -22 -23 23 -25 25 -27 -28 -29 -30 -31
leaf_value=-0.23580447051626768 0.012437769760129365 0.011071080301851008 0.0051928472206455439 -0.010499914356944052 0.011881616956839106 -0.0034626717549306289 -0.0015786286113474816 0.0087267961762877936 -0.00058759025129501402 0.0021318923836415554 0.0094585933778888066 0.00014639026112257185 -0.0049443248667528873 -0.0041868917856383815 -0.016362280684713026 0.016035321959144908 0.023391915931078821 -0.00083158114992493322 -0.002008997935989246 0.0030834129766642068 0.0064660606533199346 0.041691689019475633 0.0057257390697876068 -0.010528386187763757 0.0059416706640834215 -0.00055338760400247457 9.3286176267264986e-05 -0.0055075205850905889 -0.00035019414653726828 -0.0082600616730017298
leaf_weight=3810 30 26 25 385 39 30 759 24 55 30 51 26 25 24 67 24 34 54 20 31 35 23 38 52 21 301 22 167 775 24
leaf_count=3810 30 26 25 385 39 30 759 24 55 30 51 26 25 24 67 24 34 54 20 31 35 23 38 52 21 301 22 167 775 24
internal_value=-0.00271595 -2.64233e-05 0.0195455 -0.000366858 2.34054e-05 0.00839286 -0.000148844 0.000595549 0.00428571 0.0102174 7.58606e-06 -0.000185479 0.00378378 -0.000431686 0.00189655 0.0075 0.000161289 0.00295454 0.00138298 0.00372093 0.00636364 0.0072449 -0.00110226 0.00222222 -0.00137353 0.000232557 0.00895349 -0.000909092 -0.000443501 0.004375
internal_weight=7027 3217 55 3162 2777 56 2721 1528 210 69 1318 1267 74 1193 203 48 155 88 141 86 66 49 1193 90 1103 344 43 990 823 48
internal_count=7027 3217 55 3162 2777 56 2721 1528 210 69 1318 1267 74 1193 203 48 155 88 141 86 66 49 1193 90 1103 344 43 990 823 48
is_linear=0
shrinkage=0.05


Tree=97
num_leaves=31
num_cat=0
split_feature=13 11 10 7 11 6 6 3 0 10 6 17 10 5 14 3 4 12 13 14 4 7 14 4 13 16 1 5 5 9
split_gain=16.7818 8.56317 2.04559 1.13998 0.841669 2.02601 0.805463 0.535192 0.52698 0.445891 0.715712 0.942304 0.704176 0.702965 0.977988 0.767363 0.955942 0.648529 0.573383 1.01331 0.533292 0.60562 0.761557 1.24135 0.926627 0.666159 1.01349 0.638925 0.854824 0.608294
threshold=0.072857000049982509 7.2105124014547171 0.50494235051780234 0.91597561503675362 12.330998969456521 31.500000000000004 1.0000000180025095e-35 32.750000000000007 891.00000000000011 -0.59815875725621337 9.5000000000000018 25.886778583209672 -0.52705818521824699 48.500000000000007 18.472330748196544 38.650000000000013 23.750000000000004 280.97610309906594 0.38148131349782294 53.041983816106644 4.2500000000000009 1.0000000180025095e-35 65.083101121541063 5.4500000000000011 0.8443474041727318 21.368602838745883 342.05000000000001 36.500000000000007 42.500000000000007 0.12447811117596704
decision_type=2 2 2 2 2 2 2 2 2 2 2 2 2 2 2 2 2 2 2 2 2 2 2 2 2 2 2 2 2 2
left_child=-1 2 7 4 5 6 -3 -2 9 10 11 13 18 15 -15 -6 -17 -13 -11 -20 -14 22 23 -22 25 -25 -27 -24 -29 -23
right_child=1 3 -4 -5 8 -7 -8 -9 -10 12 -12 17 20 14 -16 16 -18 -19 19 -21 21 29 27 24 -26 26 -28 28 -30 -31
leaf_value=-0.22904536554580807 0.013040196330951144 0.0027048869324683201 0.01114116318972881 -0.029146944168260532 -0.015242086047494163 -0.0052305232411856001 0.010853151008352819 0.006944788566328095 0.0010849491441691297 -0.0037142127981891582 -0.0029341073455399855 -0.0084106452059931457 -0.002824743226201124 -0.0010503424836828151 0.014390465694616855 0.00064992892390418463 0.01311418223930608 0.0062412024318601617 0.016101340981617345 0.0003526913758862629 0.027616770141092872 -0.0015236873217689979 -0.00080618655884259576 -0.0007317719643409363 0.0030777764542589525 0.020871265044654724 0.0021844276923235306 0.019138934904348582 -0.0043535209408940906 7.6754982642656335e-05
leaf_weight=3783 21 30 25 133 76 57 39 20 32 23 699 180 154 25 22 113 27 24 30 46 20 262 352 147 20 29 92 34 31 481
leaf_count=3783 21 30 25 133 76 57 39 20 32 23 699 180 154 25 22 113 27 24 30 46 20 262 352 147 20 29 92 34 31 481
internal_value=-0.0027373 -9.86448e-05 0.0177273 -0.00046885 -0.000270937 0.00373016 0.00949275 0.0108537 -0.000443646 -0.000514376 -0.0012693 0.000246251 -2.90648e-06 0.00222433 0.00776596 0.00101852 0.00321428 -0.00230392 0.00409091 0.00618421 -0.000252776 4.08707e-05 0.00106896 0.00295454 0.00211805 0.00134328 0.00409091 -0.000323742 0.00423077 -0.000962316
internal_weight=7027 3244 66 3178 3045 126 69 41 2919 2887 1166 467 1721 263 47 216 140 204 99 76 1622 1468 725 308 288 268 121 417 65 743
internal_count=7027 3244 66 3178 3045 126 69 41 2919 2887 1166 467 1721 263 47 216 140 204 99 76 1622 1468 725 308 288 268 121 417 65 743
is_linear=0
shrinkage=0.05


Tree=98
num_leaves=31
num_cat=0
split_feature=18 11 18 1 6 15 14 6 0 7 17 1 15 10 16 3 4 7 9 1 17 5 16 3 5 17 16 14 5 1
split_gain=17.0706 8.72474 3.84474 2.66667 1.14598 0.960288 0.875953 0.600615 0.750723 0.705483 0.866829 1.44278 0.706225 1.23384 0.652313 0.956106 0.633078 0.883205 0.655823 0.645892 0.739498 0.5613 0.558462 0.530181 0.464127 0.949911 0.608918 0.406882 0.484771 0.491181
threshold=5.000550070574433 10.347694026713762 6.9911626293997502 140.00000000000003 21.500000000000004 8.1201165864714167 0.078308753106609466 31.500000000000004 891.00000000000011 -0.5 24.22558966417655 249.75000000000003 28.194911884347487 0.16704543776228128 21.45465236956024 37.050000000000004 27.950000000000003 -0.5 0.98521098335796142 280.35000000000008 30.119436726027605 26.500000000000004 20.897268160323353 27.450000000000003 17.500000000000004 29.61494138340473 20.744090214195712 3.4669410313503222 28.500000000000004 755.60000000000002
decision_type=2 2 2 2 2 2 2 2 2 2 2 2 2 2 2 2 2 2 2 2 2 2 2 2 2 2 2 2 2 2
left_child=-1 2 3 22 23 -3 -7 8 9 10 11 -8 13 14 -12 -16 18 -18 -9 -20 -21 24 -2 -4 -14 26 -26 -11 29 -29
right_child=1 5 4 -5 -6 6 7 16 -10 27 12 -13 21 -15 15 -17 17 -19 19 20 -22 -23 -24 -25 25 -27 -28 28 -30 -31
leaf_value=-0.21837063607855717 0.0084852512697904999 -0.01736326150456724 0.0050565439647994904 0.013630765366013356 -0.0034675705663693608 0.021430996271866006 -0.0014692606062324603 -0.0019780889898955677 0.0023503140295055313 -0.015263036059353186 -0.00027274361287955878 0.015697433934444564 -0.00051888628304017569 0.019753085288751776 -0.00062934006249969979 0.0071984901055503706 -0.0029483007648769743 0.022948118203045938 0.01162560261791502 -0.0024473623207022319 0.00091996417579630558 -0.0018057446834227363 0.0024997942109934745 0.0060994097006467794 0.0082794602139796732 -0.002272565781727698 0.021106734138413671 -0.0019261440828343551 0.00017977652684933121 0.0088795063894527588
leaf_weight=3780 26 162 27 25 32 20 21 851 26 54 102 31 154 20 26 33 24 26 20 58 31 120 24 20 23 30 32 451 745 33
leaf_count=3780 26 162 27 25 32 20 21 851 26 54 102 31 154 20 26 33 24 26 20 58 31 120 24 20 23 30 32 451 745 33
internal_value=-0.00271595 -5.69769e-05 0.0115584 0.0196667 0.00386076 -0.000635307 -0.000428183 -0.000499829 2.36706e-05 -9.33345e-05 0.00133446 0.0075 0.00074074 0.00328729 0.0018323 0.00601695 -0.00148515 0.004 -0.00177083 0.00188073 5.61786e-05 -0.000543177 0.013 0.00882979 0.000857739 0.00382353 0.00772727 -0.000752145 -0.000565502 -0.00179752
internal_weight=7027 3247 154 75 79 3093 2931 2911 1901 1875 592 52 540 181 161 59 1010 50 960 109 89 359 50 47 239 85 55 1283 1229 484
internal_count=7027 3247 154 75 79 3093 2931 2911 1901 1875 592 52 540 181 161 59 1010 50 960 109 89 359 50 47 239 85 55 1283 1229 484
is_linear=0
shrinkage=0.05


Tree=99
num_leaves=31
num_cat=0
split_feature=18 11 13 15 12 13 17 9 1 18 4 6 7 15 1 3 18 16 4 1 17 4 1 13 2 3 11 13 16 17
split_gain=16.4679 7.71253 2.01534 1.73482 1.06938 0.799082 1.02541 1.41581 0.754704 0.551448 0.59936 0.491894 0.565541 0.639575 0.965971 0.992444 0.693718 0.694867 0.467385 0.428336 0.434484 0.415924 0.414413 0.532249 0.412882 0.471579 0.388509 0.449424 0.489815 0.384386
threshold=4.3732017446696894 7.2105124014547171 0.070415698109857941 7.6875909590065286 97.693302337266786 0.1699799318858973 24.761729021645891 0.44437406304545285 154.85000000000005 7.688021354821065 14.750000000000002 97.500000000000014 0.78656609248549325 36.095545913490035 306.25000000000006 40.45000000000001 56.356832226219304 17.387495743191291 7.4500000000000011 755.60000000000002 32.770046224521074 28.350000000000005 467.85000000000008 0.30152419456589125 346.00000000000006 46.250000000000007 26.819483663903579 0.30152419456589125 19.395020252743631 25.026140892531917
decision_type=2 2 2 2 2 2 2 2 2 2 2 2 2 2 2 2 2 2 2 2 2 2 2 2 2 2 2 2 2 2
left_child=-1 3 -3 8 26 6 -6 -8 -2 -9 -11 12 13 14 18 16 17 -16 -7 20 24 -13 23 -19 25 29 -4 28 -28 -15
right_child=1 2 4 -5 5 11 7 9 -10 10 -12 21 -14 19 15 -17 -18 22 -20 -21 -22 -23 -24 -25 -26 -27 27 -29 -30 -31
leaf_value=-0.21496061089628751 0.0080678383695319735 0.0054103700038708354 -0.023870852859100275 0.0039560187678775458 -0.015898071135652642 0.0024314261747764203 0.012165786101686111 -0.0035205178718576667 0.010705995158451567 0.0089549489056422824 0.005840886421992284 -0.0034170365910547833 -0.015903497976887043 -0.001573723044182046 0.0077551571191423717 0.0083475038567447646 -0.0048365944893599896 0.0043878974883348482 -0.00030972956117594617 0.012398139597908983 -0.0072621783257047507 0.0022727379232938038 0.014018675361528879 5.3386599580702789e-05 0.00075857394617669875 0.0039560150110468225 -0.0049814597889136286 -0.014524352453610138 0.0051380638633553109 -0.00011403699279511891
leaf_weight=3750 21 28 171 26 28 23 23 27 20 37 20 384 58 252 24 21 26 27 195 35 54 20 36 133 22 21 24 252 30 1239
leaf_count=3750 21 28 171 26 28 23 23 27 20 37 20 384 58 252 24 21 26 27 195 35 54 20 36 133 22 21 24 252 30 1239
internal_value=-0.0027373 -0.000148002 -0.000498444 0.0166418 -0.000615966 -0.000231055 0.00351852 0.00574766 0.0230488 0.00273809 0.00552631 -0.000428017 -0.000129272 4.74264e-06 0.00159794 0.00361423 0.00272358 0.00363636 -0.000871561 -0.000471351 -0.000591941 -0.0020297 0.00265306 0.0015625 -0.000436768 -0.000535715 -0.00279874 -0.00173203 0.00240741 -0.000640511
internal_weight=7027 3277 3210 67 3182 2705 135 107 41 84 57 2570 2166 2108 485 267 246 220 218 1623 1588 404 196 160 1534 1512 477 306 54 1491
internal_count=7027 3277 3210 67 3182 2705 135 107 41 84 57 2570 2166 2108 485 267 246 220 218 1623 1588 404 196 160 1534 1512 477 306 54 1491
is_linear=0
shrinkage=0.05


Tree=100
num_leaves=31
num_cat=0
split_feature=18 11 15 13 7 1 6 0 0 4 5 2 10 7 18 0 13 13 13 17 17 3 6 10 2 17 18 17 10 1
split_gain=16.0563 7.7687 1.73482 1.52878 1.04427 0.754704 0.726141 1.36481 1.09394 0.748278 0.582424 0.494418 0.449174 0.438842 0.483144 0.438312 0.694898 0.610668 0.487625 0.438121 0.75885 0.57923 1.1556 0.560711 0.400879 1.27553 0.391878 0.425519 0.625 0.381629
threshold=4.3732017446696894 7.2105124014547171 7.6875909590065286 0.070415698109857941 0.91597561503675362 154.85000000000005 91.500000000000014 115.50000000000001 81.500000000000014 27.950000000000003 6.5000000000000009 346.00000000000006 -0.59815875725621337 -0.91597561503675329 21.718676228415863 263.50000000000006 0.24734550561797755 0.20866728854958086 0.30152419456589125 25.886778583209672 25.345442905298629 34.050000000000004 50.500000000000007 -0.94695267581281539 282.50000000000006 28.30392132003605 36.624599482033751 25.667907572438232 -0.79354221435844496 755.60000000000002
decision_type=2 2 2 2 2 2 2 2 2 2 2 2 2 2 2 2 2 2 2 2 2 2 2 2 2 2 2 2 2 2
left_child=-1 2 5 -3 6 -2 7 8 -5 -8 -9 12 19 15 -15 16 17 -14 -18 20 21 22 23 -12 29 -26 -22 -28 -29 -16
right_child=1 3 -4 4 -6 -7 9 10 -10 -11 11 -13 13 14 24 -17 18 -19 -20 -21 26 -23 -24 -25 25 -27 27 28 -30 -31
leaf_value=-0.20421258035147313 0.0076644464510553928 0.0051398515036773064 0.0037582178294836687 -0.0021433255188788615 -0.025627891241664133 0.010170695400528999 -0.0035581327427672339 0.0056465932506656203 0.011930969472274271 0.013438714334952299 0.0075609629575187527 0.00093048110891391297 0.0030766493541710075 -0.026775813836656157 -0.00015237849664077936 -0.0016649388077584525 0.010264654800203998 -0.0019431544450467691 0.008789427594816648 -0.0018795532757008874 -0.0001867836274040409 -0.0018030096104063133 -0.0048939384741230416 0.0050130869333065917 -0.008230185189234112 0.017389970656236386 0.0033751475510347645 0.0003330455082219705 0.015754669995008127 0.011778232618013694
leaf_weight=3750 21 28 26 20 133 20 578 24 24 27 22 20 34 68 1128 60 20 25 26 300 38 372 56 32 30 31 39 20 20 35
leaf_count=3750 21 28 26 20 133 20 578 24 24 27 22 20 34 68 1128 60 20 25 26 300 38 372 56 32 30 31 39 20 20 35
internal_value=-0.00276576 -0.000209034 0.0166418 -0.000560749 -0.000663106 0.0230488 -0.000473927 -9.00176e-05 0.00863636 -0.00202479 -0.000250001 -0.000328284 -0.000394738 0.000147562 -0.00016254 0.00257576 0.00452381 0.000932202 0.00913043 -0.00127364 -0.000492489 -0.0013693 0.00181818 0.00703704 6.53583e-05 0.00401639 0.00311966 0.00512658 0.00875 -0.000141876
internal_weight=7027 3277 67 3210 3182 41 3049 2444 44 605 2400 2376 2356 1457 1292 165 105 59 46 899 599 482 110 54 1224 61 117 79 40 1163
internal_count=7027 3277 67 3210 3182 41 3049 2444 44 605 2400 2376 2356 1457 1292 165 105 59 46 899 599 482 110 54 1224 61 117 79 40 1163
is_linear=0
shrinkage=0.05


Tree=101
num_leaves=31
num_cat=0
split_feature=18 11 15 12 18 1 6 11 16 13 0 5 18 3 18 14 14 2 1 12 17 12 13 14 12 11 5 11 13 16
split_gain=16.5333 7.52776 1.61221 1.12935 1.74419 0.88658 0.525222 0.769252 0.797158 1.12686 0.721542 0.910383 0.694699 0.670952 0.630753 0.573549 0.699436 0.722785 0.437969 0.435607 0.400399 0.978011 0.396642 0.842785 0.430666 0.574062 0.557724 0.376674 0.452724 0.489815
threshold=4.1843482044542855 7.2105124014547171 7.6875909590065286 94.526791770722539 6.5200250492240439 154.85000000000005 24.500000000000004 15.747718155297029 18.164872097093063 0.91750426536523444 78.500000000000014 42.500000000000007 21.718676228415863 46.250000000000007 22.246139491032846 23.974700135607073 44.670456630634995 102.50000000000001 755.60000000000002 98.600147997429573 30.739631480813625 137.93070257448517 0.86691701502090135 44.106058865047878 175.45503636807521 57.699301007771361 28.500000000000004 26.819483663903579 0.30152419456589125 19.395020252743631
decision_type=2 2 2 2 2 2 2 2 2 2 2 2 2 2 2 2 2 2 2 2 2 2 2 2 2 2 2 2 2 2
left_child=-1 2 5 27 -5 -2 7 10 9 -9 -6 15 -10 14 -14 -12 17 -17 19 -16 22 -22 -8 -24 -25 26 -26 -3 29 -29
right_child=1 3 -4 4 6 -7 20 8 12 -11 11 -13 13 -15 18 16 -18 -19 -20 -21 21 -23 23 24 25 -27 -28 28 -30 -31
leaf_value=-0.19659370811777804 0.0071593297039635661 -0.018830502268354626 0.0035703069380095273 0.0067841485297091449 -0.0034522478184236191 0.0096621606305025629 -0.0014018845257775642 0.018196281645540501 -0.0029285982241357596 -0.0012523259522126821 -0.0015913218510481915 0.011150980945568127 0.0033392678995118894 0.0049672039549394044 0.0035028401645349778 0.0044188678398626819 -0.0011741615722977751 0.0049056073338542006 0.011705177899825246 -0.00027775894052139532 0.0047483759270177039 -0.0014006744471275086 0.0066867100643857522 -0.0027288636537387851 -0.00026454769393299517 -0.00036779268851156875 0.0094411267487297026 -0.0046362955285054437 -0.01459248846718233 0.0045031125223115309
leaf_weight=3735 22 168 26 39 20 20 674 42 94 40 26 20 23 22 28 34 20 22 34 1270 38 55 31 110 20 101 21 24 218 30
leaf_count=3735 22 168 26 39 20 20 674 42 94 40 26 20 23 22 28 34 20 22 34 1270 38 55 31 110 20 101 21 24 218 30
internal_value=-0.00272307 -0.000139734 0.0163235 -0.000486974 -0.000114944 0.022381 -0.000264118 0.000280235 -4.18557e-05 0.0047561 0.00380282 0.0052459 -0.000309315 -2.54188e-05 -0.000166053 0.00333333 0.00552631 0.00839286 -0.000307809 -0.000454547 -0.00114286 0.00198925 -0.00144723 0.000123674 -0.000833335 0.000985914 0.00597561 -0.00284091 -0.00169118 0.00240741
internal_weight=7027 3292 68 3224 2784 42 2745 1695 1553 82 142 122 1471 1377 1355 102 76 56 1332 1298 1050 93 957 283 252 142 41 440 272 54
internal_count=7027 3292 68 3224 2784 42 2745 1695 1553 82 142 122 1471 1377 1355 102 76 56 1332 1298 1050 93 957 283 252 142 41 440 272 54
is_linear=0
shrinkage=0.05


Tree=102
num_leaves=31
num_cat=0
split_feature=15 11 18 1 18 12 2 14 6 11 16 13 5 1 16 17 17 17 18 9 18 15 16 1 12 4 16 15 1 1
split_gain=16.6281 5.77897 2.85628 2.29473 1.08574 0.947229 0.859335 0.620599 0.447506 0.742074 0.697738 1.07599 0.682278 0.42473 0.406229 0.503699 0.933344 0.41927 0.408515 0.812947 0.622155 0.988605 0.777351 0.556295 0.560023 0.513635 0.488956 0.398693 0.529026 0.804665
threshold=3.9797933055187662 9.0148382226535997 6.9911626293997502 130.25000000000003 6.0593996921965543 94.526791770722539 69.500000000000014 1.0000000180025095e-35 24.500000000000004 11.681078596062505 17.267590966577099 0.9531255769983531 6.5000000000000009 755.60000000000002 24.230013989013525 31.890626770621889 32.102862758236306 31.511135356097018 72.704182672936 0.97505550290239451 57.567869488508471 54.624302378532597 21.264436307238238 665.1500000000002 166.51046839015399 4.7500000000000009 23.201690967835237 20.955180357164537 311.75000000000006 188.05000000000004
decision_type=2 2 2 2 2 2 2 2 2 2 2 2 2 2 2 2 2 2 2 2 2 2 2 2 2 2 2 2 2 2
left_child=-1 2 3 4 -2 -3 -4 -7 9 -9 11 -11 -12 14 15 17 -17 18 20 23 21 25 -23 24 -20 -14 -27 -10 29 -29
right_child=1 5 6 -5 -6 7 -8 8 27 10 12 -13 13 -15 -16 16 -18 -19 19 -21 -22 22 -24 -25 -26 26 -28 28 -30 -31
leaf_value=-0.18050810611529977 8.6578805208011389e-05 -0.012886818242433699 0.0042486434270392276 0.010511462697574496 0.0070408382871844982 0.0092635956682600978 -0.007350919343542657 0.0060510990838378419 -0.0032695839403720922 0.016518537926752713 0.0051938301810372069 -0.0023850656342159415 0.0070474103823979541 0.011119919004833875 -0.0070898292289567569 0.0098792942774555328 -0.00023001113297163155 -0.0024088649574165338 -0.00096385040129090722 0.04069175291166581 -0.0010611401456656221 0.041738114619008074 -3.1090075804234963e-06 -0.00062698069736224777 0.024597475333968111 -0.00037202731741746057 0.0087643841449670332 -0.00053325126719232739 -0.0011621627518141092 0.0037707150943471282
leaf_weight=3764 20 420 23 34 27 35 28 31 157 34 22 23 38 34 98 28 45 47 22 22 474 20 23 143 26 477 34 171 580 127
leaf_count=3764 20 420 23 34 27 35 28 31 157 34 22 23 38 34 98 28 45 47 22 22 474 20 23 143 26 477 34 171 580 127
internal_value=-0.00270884 -9.65381e-05 0.0101515 0.0159877 0.00882979 -0.000528586 0.000882352 -0.000186279 -0.000272796 0.000240706 9.31665e-05 0.00552631 -0.000106247 -0.000231876 -0.000357383 -0.000139386 0.00390411 -0.000361992 -0.000191557 0.00180751 -0.000590996 0.000489864 0.0077907 0.000759161 0.00541667 -8.19684e-05 -0.000499023 -0.00108696 -0.000671983 0.00104027
internal_weight=7027 3263 132 81 47 3131 51 2711 2676 1641 1610 57 1553 1531 1497 1399 73 1326 1279 213 1066 592 43 191 48 549 511 1035 878 298
internal_count=7027 3263 132 81 47 3131 51 2711 2676 1641 1610 57 1553 1531 1497 1399 73 1326 1279 213 1066 592 43 191 48 549 511 1035 878 298
is_linear=0
shrinkage=0.05


Tree=103
num_leaves=31
num_cat=0
split_feature=13 11 18 18 3 2 12 13 6 5 14 11 11 10 4 4 0 17 14 14 13 1 6 4 1 12 14 7 17 16
split_gain=16.7376 5.41024 2.07526 2.35479 1.92086 1.03547 0.881182 0.782646 0.545396 0.643428 0.483078 0.578439 0.841558 0.564952 0.484567 0.656821 0.782609 0.440849 0.996377 1.28106 0.52579 1.08025 0.568182 0.384197 0.382447 0.738916 0.363217 0.354936 0.774136 0.70779
threshold=0.06102963559853166 9.0148382226535997 6.9911626293997502 5.8081195090771276 8.6500000000000004 69.500000000000014 82.944258646524574 0.070415698109857941 24.500000000000004 6.5000000000000009 76.924746971133771 52.524959359053447 55.443525145278741 0.67123509350548782 4.0500000000000007 4.7500000000000009 532.50000000000011 30.739631480813625 46.358643800561815 16.078377768929784 0.86691701502090135 369.75000000000006 97.500000000000014 32.650000000000013 532.45000000000016 205.96498486069854 55.562957785498142 -0.91597561503675329 24.971709499323918 20.422428584263951
decision_type=2 2 2 2 2 2 2 2 2 2 2 2 2 2 2 2 2 2 2 2 2 2 2 2 2 2 2 2 2 2
left_child=-1 2 3 -2 -5 -4 -3 -8 9 -9 14 13 -13 -12 -11 16 -16 20 19 -19 -10 22 -22 27 -23 26 -26 28 -17 -30
right_child=1 6 5 4 -6 -7 7 8 17 10 11 12 -14 -15 15 23 -18 18 -20 -21 21 24 -24 -25 25 -27 -28 -29 29 -31
leaf_value=-0.18246387965519176 0.00478563484170548 -0.016142727746915855 0.0041650751642026383 0.0060481414116850098 0.0085392979189440974 -0.0069833733763654503 0.0024567693550955842 0.0049341386719851067 -0.002736904100432471 -0.0017390174624510426 -0.0098069543020736002 0.064212876588081669 0.0092553104162741134 0.0080496333945998567 0.020607869741956504 -0.0017700158272393757 -0.00076894176813564546 -0.0038652852185722016 -0.0067383559634883877 0.007148052617435576 0.0054988711011908203 -0.0051451503807061838 -0.00021524869420601938 0.0029002092094915022 0.0082475488415041081 0.0086540705270430601 -0.0022682626201004003 -0.00031545752270301569 0.0078039724760879253 0.0027183051520069208
leaf_weight=3713 37 183 25 21 31 28 21 22 773 87 53 20 35 48 23 36 23 23 48 21 22 123 22 22 22 32 62 1284 21 146
leaf_count=3713 37 183 25 21 31 28 21 22 773 87 53 20 35 48 23 36 23 23 48 21 22 123 22 22 22 32 62 1284 21 146
internal_value=-0.00269461 -0.000111649 0.00943662 0.0141011 0.0209615 0.00160377 -0.000539093 -0.000332888 -0.000400945 0.000137361 3.33692e-05 0.00269231 0.00681818 0.000445543 -0.000219246 -1.60784e-05 0.00586956 -0.00125436 0.00206522 0.0075 -0.00154356 0.000300352 0.0075 -0.000195495 -0.00102511 0.00103448 -0.00142857 -0.000292536 0.00165025 0.00308383
internal_weight=7027 3314 142 89 52 53 3172 2989 2968 1820 1798 156 55 101 1642 1555 46 1148 92 44 1056 283 44 1509 239 116 84 1487 203 167
internal_count=7027 3314 142 89 52 53 3172 2989 2968 1820 1798 156 55 101 1642 1555 46 1148 92 44 1056 283 44 1509 239 116 84 1487 203 167
is_linear=0
shrinkage=0.05


Tree=104
num_leaves=31
num_cat=0
split_feature=18 11 18 18 3 10 2 1 4 18 13 4 15 7 6 11 13 11 11 6 4 0 12 15 11 3 14 5 15 5
split_gain=15.9491 5.77612 2.27286 1.44049 1.61751 1.04265 1.03547 0.957088 0.699694 0.693086 1.34183 0.618612 1.33275 0.636677 0.69818 0.662634 0.59263 1.1776 0.735632 0.938312 0.701019 0.769193 0.766387 0.746422 0.887378 1.29059 0.770308 0.672549 0.642694 0.562229
threshold=3.4530842455602673 9.0148382226535997 6.9911626293997502 5.8081195090771276 8.6500000000000004 -0.61186373645567615 69.500000000000014 33.350000000000001 4.2500000000000009 9.4414467071583399 0.20048609849843999 4.7500000000000009 47.417744902036425 -0.91597561503675329 20.500000000000004 27.365552403583987 0.53097657059921222 37.067659101532449 31.794833518443955 3.5000000000000004 7.1500000000000012 815.50000000000011 219.96597446794698 50.130243763031487 45.877076233242633 20.450000000000003 69.652997572783448 23.500000000000004 26.878073325202632 23.500000000000004
decision_type=2 2 2 2 2 2 2 2 2 2 2 2 2 2 2 2 2 2 2 2 2 2 2 2 2 2 2 2 2 2
left_child=-1 2 3 -2 -5 9 -4 -7 -9 -3 -11 12 -10 14 29 -15 17 18 19 -17 23 28 -23 -18 25 -25 27 -26 -22 -13
right_child=1 5 6 4 -6 7 -8 8 11 10 -12 13 -14 15 -16 16 20 -19 -20 -21 21 22 -24 24 26 -27 -28 -29 -30 -31
leaf_value=-0.17334068567243219 0.0050035277985280499 -0.007907268210468341 0.0039568214059925192 0.0057457343411007672 0.0081123330229968729 0.0025548045623180731 -0.0066342047075472269 -0.0023458421026257108 0.018089750799866286 0.016312615930269416 -0.0010282597986578442 0.0046288504974314609 -0.0043642096098758104 -0.0015581718147784527 -0.00052684962016312205 -0.020669562215147 -0.0085613510838266956 0.015018184347121006 -0.00064176873482068111 0.0056980149002817332 0.0066994157272532648 0.01472414727142685 -0.012674949781235102 -0.011829516149799634 0.005697596484947348 0.015057193632570602 -0.012473922988887685 -0.00060990410417011284 -0.0007706061776993772 0.0074137755020148082
leaf_weight=3705 34 174 25 21 31 39 28 166 23 22 1063 74 29 305 73 22 26 38 58 28 20 95 24 22 21 35 33 30 732 31
leaf_count=3705 34 174 25 21 31 39 28 166 23 22 1063 74 29 305 73 22 26 38 58 28 20 95 24 22 21 35 33 30 732 31
internal_value=-0.00274442 -0.000228779 0.0097482 0.0147674 0.02 -0.000664469 0.00160377 6.75664e-05 -9.28394e-05 -0.00178316 -0.00131337 0.000206514 0.00557692 3.8991e-05 0.00286517 -0.000298859 0.000236485 0.00321918 0.000555554 0.005 -0.000183046 -0.00075201 0.00298319 0.00278443 0.00421986 0.00903509 0.00095238 0.00480392 -0.00134309 0.00547619
internal_weight=7027 3322 139 86 52 3183 53 1924 1885 1259 1085 1719 52 1667 178 1489 1184 146 108 50 1038 871 119 167 141 57 84 51 752 105
internal_count=7027 3322 139 86 52 3183 53 1924 1885 1259 1085 1719 52 1667 178 1489 1184 146 108 50 1038 871 119 167 141 57 84 51 752 105
is_linear=0
shrinkage=0.05


Tree=105
num_leaves=31
num_cat=0
split_feature=18 11 0 17 18 17 12 13 18 1 4 17 11 6 0 0 1 0 14 15 14 3 4 16 17 11 2 18 0 2
split_gain=15.859 4.59417 1.74596 1.43103 1.32105 0.945435 0.816808 0.651561 1.2164 1.95521 0.857722 0.824047 0.56602 0.565442 0.618972 1.50927 0.477837 0.835576 1.06096 1.67087 0.831087 0.432772 0.537828 0.500433 0.440225 0.40012 0.45586 0.630667 0.670545 0.829119
threshold=3.4530842455602673 9.0148382226535997 120.50000000000001 29.202805384419911 5.8081195090771276 31.178353161118228 82.944258646524574 0.20048609849843999 9.9355854023393793 220.90000000000003 14.750000000000002 26.027847350331562 11.681078596062505 24.500000000000004 248.50000000000003 263.50000000000006 277.40000000000003 331.50000000000006 47.104354536635242 58.539052000567821 35.137297386662887 21.850000000000005 9.1500000000000004 18.164872097093063 29.272989120718389 15.747718155297029 148.50000000000003 37.199530931578501 437.50000000000006 164.50000000000003
decision_type=2 2 2 2 2 2 2 2 2 2 2 2 2 2 2 2 2 2 2 2 2 2 2 2 2 2 2 2 2 2
left_child=-1 2 3 4 -2 -5 -3 8 10 -10 -8 -12 -13 21 -15 -16 17 -17 19 20 -19 23 -23 -9 -25 -24 -27 28 29 -28
right_child=1 6 -4 5 -6 -7 7 13 9 -11 11 12 -14 14 15 16 -18 18 -20 -21 -22 22 25 24 -26 26 27 -29 -30 -31
leaf_value=-0.16467365138881057 0.0052105264708392192 -0.014943454812707833 -0.0046538703982773998 0.0011704706238539755 0.0096246954889711543 0.0054257743827534578 -0.0023275089202627916 0.025455235256139588 0.019327010314098742 -0.017329121349733988 -0.0017637991334203244 0.0026814353396242604 0.0034495653355438301 -0.0063045192666576948 0.020525226672467041 -0.017297471835139817 -0.0012476981130371562 -0.003662580820349608 -0.0087697091115297859 0.031030002367943121 0.011622756193652807 -0.0010385231725639574 0.0016343093337347328 -0.0024765050751538579 0.0053443870716380574 -0.0044183956693339367 0.0042112982798315655 -6.9308362805991001e-05 0.0034590881720737627 -0.00055695549824935739
leaf_weight=3705 21 180 20 39 22 37 109 21 29 21 41 25 24 141 20 64 650 49 54 22 34 409 33 49 161 119 23 801 25 79
leaf_count=3705 21 180 20 39 22 37 109 21 29 21 41 25 24 141 20 64 650 49 54 22 34 409 33 49 161 119 23 801 25 79
internal_value=-0.0027373 -0.000228779 0.00866906 0.0109664 0.0182558 0.0068421 -0.000617343 -0.000421247 0.00202811 0.009 0.000276381 0.00388889 0.0082653 -0.000642703 -0.00156673 -0.00108063 -0.00139175 0.00060538 0.00254717 0.00547619 0.00222891 -8.72105e-05 -0.000399598 0.00192641 0.00119047 0.000185184 1.43255e-05 0.00038793 0.00366142 0.00186274
internal_weight=7027 3322 139 119 43 76 3183 3003 249 50 199 90 49 2754 1034 893 873 223 159 105 83 1720 1489 231 210 1080 1047 928 127 102
internal_count=7027 3322 139 119 43 76 3183 3003 249 50 199 90 49 2754 1034 893 873 223 159 105 83 1720 1489 231 210 1080 1047 928 127 102
is_linear=0
shrinkage=0.05


Tree=106
num_leaves=31
num_cat=0
split_feature=13 11 0 13 13 1 11 10 18 18 15 13 1 15 15 5 6 1 16 4 4 12 12 15 6 14 5 5 4 0
split_gain=14.9173 4.59001 1.62944 1.11803 0.670286 0.898098 0.914128 0.667859 0.945669 0.502747 0.488747 1.33283 0.518809 0.472306 0.413023 0.738817 0.634972 0.341323 1.16931 0.309631 0.767717 0.763636 1.03052 0.753244 1.22222 0.506132 0.466667 0.364369 0.349014 0.346545
threshold=0.057073487949604228 9.0148382226535997 120.50000000000001 0.11973806108421493 0.070415698109857941 136.25000000000003 15.292876761204198 -0.14153505243942446 6.5200250492240439 6.0593996921965543 20.413626351964634 0.30152419456589125 418.05000000000007 64.162089717336457 8.7747063781931871 37.500000000000007 7.5000000000000009 43.750000000000007 19.345148003870403 11.850000000000003 12.350000000000003 203.19880857529418 240.08098772759664 75.449983897206323 1.5000000000000002 73.85281763651237 20.500000000000004 75.500000000000014 12.750000000000002 663.50000000000011
decision_type=2 2 2 2 2 2 2 2 2 2 2 2 2 2 2 2 2 2 2 2 2 2 2 2 2 2 2 2 2 2
left_child=-1 2 3 7 -3 13 14 -2 9 -9 12 -12 -8 17 -7 16 -16 18 -6 29 21 -21 -23 25 -25 27 -26 28 -22 -13
right_child=1 4 -4 -5 5 6 10 8 -10 -11 11 19 -14 -15 15 -17 -18 -19 -20 20 23 22 -24 24 26 -27 -28 -29 -30 -31
leaf_value=-0.15643996881937006 -0.00079007025333468334 0.0020494457118631708 -0.0044211768783634486 0.0091434602064314023 -0.021922530164800034 -0.0018190865496375342 -0.0067996856367879711 0.0046265819188958624 0.002729884874370743 0.0068337561372536527 0.01570529299831638 -0.00019693007538764413 0.004527492332074101 0.0012541615796492368 0.0039113684902060833 0.010801375871526318 -0.0033063655395909651 -0.010195635216898973 0.011174417901478769 -0.0035429707170012759 -0.007790828941084996 0.013003584267378646 0.00016983227386839993 0.038308406834899611 -0.0034320032282079203 -0.0085723644878323048 0.011360397664571493 0.0036964054988550057 -0.00018689552743079085 -0.0016786758368212652
leaf_weight=3699 21 30 20 32 70 21 246 22 27 25 25 573 20 22 49 22 28 288 27 35 43 20 22 33 28 86 20 30 1011 432
leaf_count=3699 21 30 20 32 70 21 246 22 27 25 25 573 20 22 49 22 28 288 27 35 43 20 22 33 28 86 20 30 1011 432
internal_value=-0.00280134 -0.000372597 0.0082653 0.0103543 -0.000771771 -0.000842591 -0.000517494 0.00763158 0.00986486 0.0141489 -0.000712654 -0.000483462 -0.00274436 -0.0030344 0.00375 0.00510101 0.00279221 -0.00344156 -0.00087629 -0.000606516 -0.000105423 0.00474026 0.00928571 -0.000403678 0.00425926 -0.000726497 -0.000833335 -0.000433581 -0.000588236 -0.00126866
internal_weight=7027 3328 147 127 3181 3151 2744 95 74 47 2624 2358 266 407 120 99 77 385 97 2333 1328 77 42 1251 81 1170 48 1084 1054 1005
internal_count=7027 3328 147 127 3181 3151 2744 95 74 47 2624 2358 266 407 120 99 77 385 97 2333 1328 77 42 1251 81 1170 48 1084 1054 1005
is_linear=0
shrinkage=0.05


Tree=107
num_leaves=31
num_cat=0
split_feature=18 11 13 12 13 1 16 1 9 0 0 13 1 14 18 10 10 18 14 15 4 3 14 4 12 15 14 18 3 3
split_gain=15.0905 4.22781 0.761382 0.690048 0.835585 1.24742 2.75 1.59096 1.27463 0.873418 0.591461 1.25626 0.446945 0.426007 0.402595 0.393812 0.383529 0.364326 0.335086 0.778302 0.332634 0.863948 0.877922 0.606211 1.29141 1.53409 0.49 0.412332 0.593938 0.870443
threshold=2.9228783268234895 7.2105124014547171 0.11973806108421493 82.944258646524574 0.20048609849843999 35.95000000000001 19.345148003870403 99.300000000000026 -0.28847174723635299 45.500000000000007 235.50000000000003 0.30152419456589125 306.25000000000006 23.974700135607073 10.263212050477939 0.50494235051780234 -0.99463397642532658 20.78961022944782 5.8306555302777854 18.080599943018264 11.65 20.450000000000003 34.69321795870389 12.350000000000003 203.19880857529418 58.357686170585559 67.254118908342988 77.402859657611643 29.450000000000003 30.050000000000004
decision_type=2 2 2 2 2 2 2 2 2 2 2 2 2 2 2 2 2 2 2 2 2 2 2 2 2 2 2 2 2 2
left_child=-1 2 15 18 5 6 -5 -7 -9 -10 12 -12 -6 14 -11 -2 -13 -14 -3 -20 -18 22 -22 24 -23 -26 -24 28 -25 -30
right_child=1 3 -4 4 10 7 -8 8 9 13 11 16 17 -15 -16 -17 20 -19 19 -21 21 23 26 27 25 -27 -28 -29 29 -31
leaf_value=-0.14861797037840155 0.0043210428954565628 -0.014720182810895847 0.010021215410203338 -0.012707413390612422 -0.0052858687984676384 -0.0085180994509815051 0.015026467023104102 0.0065709854501255554 0.0048135823086100761 -0.0028091042625341973 0.020128344128640892 -0.0043447297689353957 0.0011787566237002984 0.0024366547375440431 0.0053160948655272371 0.0058658098457443717 -0.00064824813331825675 -0.0011626008263587093 0.0059077700675915223 -0.022072310469958251 0.024191821959959614 -0.001593418044555332 -0.0034476831743258576 -0.0024556789055519036 0.0015380122938267904 0.012204349405147169 0.021773669715245372 0.0098355844368269666 0.025075928856201579 -0.00025657708629972325
leaf_weight=3675 37 130 21 22 178 96 22 27 22 59 21 105 25 36 32 29 1006 68 20 33 21 41 25 170 24 20 20 91 20 931
leaf_count=3675 37 130 21 22 178 96 22 27 22 59 21 105 25 36 32 29 1006 68 20 33 21 41 25 170 24 20 20 91 20 931
internal_value=-0.00278711 -0.00036098 0.0105172 -0.000650843 -0.00047372 0.00196202 0.00977273 0.000698528 0.00352273 0.00171141 -0.00075199 -0.000511023 -0.00297048 0.000118109 -0.0017033 0.00787879 -0.000614391 -0.000161292 -0.00363388 -0.00028302 -0.000483327 2.56775e-05 0.00560606 -0.00025829 0.00382353 0.00977273 0.00166667 -0.000544556 -0.000807316 -0.000320716
internal_weight=7027 3352 87 3265 3082 316 44 272 176 149 2766 2495 271 127 91 66 2474 93 183 53 2369 1363 66 1297 85 44 45 1212 1121 951
internal_count=7027 3352 87 3265 3082 316 44 272 176 149 2766 2495 271 127 91 66 2474 93 183 53 2369 1363 66 1297 85 44 45 1212 1121 951
is_linear=0
shrinkage=0.05


Tree=108
num_leaves=31
num_cat=0
split_feature=18 11 12 1 13 6 16 1 15 13 5 0 13 4 6 5 14 13 6 14 2 18 16 4 4 6 4 4 13 17
split_gain=14.962 5.25246 0.748254 0.968393 0.946459 1.15368 0.819218 0.739771 0.660381 0.631488 0.548571 1.00138 0.538896 0.485541 0.439813 0.554881 0.802287 0.449658 0.379677 0.468456 0.632646 1.13234 0.55635 0.433686 0.474084 0.653069 0.968864 0.615863 0.41979 0.410438
threshold=2.7316563051499414 7.2105124014547171 109.12481569082722 43.750000000000007 0.1699799318858973 27.500000000000004 20.874797953484293 136.25000000000003 20.413626351964634 0.11973806108421493 33.500000000000007 61.500000000000007 0.20048609849843999 13.050000000000002 14.500000000000002 48.500000000000007 17.683143624006785 0.52660391948775531 97.500000000000014 57.065418262902234 258.50000000000006 51.09350387409129 20.590057636173082 4.2500000000000009 6.0500000000000007 8.5000000000000018 5.0500000000000007 10.450000000000001 0.98037977348322192 32.453208889975478
decision_type=2 2 2 2 2 2 2 2 2 2 2 2 2 2 2 2 2 2 2 2 2 2 2 2 2 2 2 2 2 2
left_child=-1 9 3 -3 5 6 -4 -6 -5 10 11 -2 -9 -8 15 17 -17 -10 19 20 29 -22 28 -21 25 26 -25 -26 -23 -14
right_child=1 2 4 8 7 -7 13 12 14 -11 -12 -13 18 -15 -16 16 -18 -19 -20 23 21 22 -24 24 27 -27 -28 -29 -30 -31
leaf_value=-0.14118707185948148 0.0061452014749103848 0.010137933465925767 0.0071913859104296074 -0.012268401917077967 -0.0036009592892283673 -0.00037975289254130689 -0.0010954443919976883 0.0043715568489281608 0.0080658581152852609 0.0095201546396932527 0.0037713027657611366 0.0036602639312343179 0.00035718844306009857 0.0045632356365750892 -0.0092497206755144095 -0.013717800668490682 0.023308693230803507 -0.012998743683168884 -0.0018409608361036507 -0.0048672650291577821 0.016192919324458377 -0.0062032286075585953 0.019489264611593012 -0.0032297243567807874 -0.004098743872256015 -0.0030094083727489154 0.011435393341111143 -6.9004809286147786e-05 0.00070207097529116256 -0.0047531478020993228
leaf_weight=3660 25 37 24 377 164 78 23 25 24 21 21 29 694 20 150 20 29 134 277 80 32 35 24 24 235 36 28 642 23 36
leaf_count=3660 25 37 24 377 164 78 23 25 24 21 21 29 694 20 150 20 29 134 277 80 32 35 24 24 235 36 28 642 23 36
internal_value=-0.00278711 -0.000381647 -0.000719965 -0.00208171 -0.000300001 0.00362069 0.00843283 -0.000541402 -0.00247957 0.0111458 0.009 0.0116667 -0.000298951 0.00430232 -0.000938377 0.000555554 0.00520408 -0.000886077 -0.000383196 -0.000129699 0.000746444 0.00421053 0.00109756 -0.000837322 -0.000544043 0.00295454 0.00653846 -0.000895098 -0.00155173 0.000205478
internal_weight=7027 3367 3271 771 2500 145 67 2355 734 96 75 54 2191 43 357 207 49 158 2166 1889 844 114 82 1045 965 88 52 877 58 730
internal_count=7027 3367 3271 771 2500 145 67 2355 734 96 75 54 2191 43 357 207 49 158 2166 1889 844 114 82 1045 965 88 52 877 58 730
is_linear=0
shrinkage=0.05


Tree=109
num_leaves=31
num_cat=0
split_feature=18 11 4 15 2 12 13 18 1 1 11 9 12 1 1 14 10 16 4 12 6 5 6 4 16 3 13 16 4 3
split_gain=16.0014 4.83759 1.48172 1.14783 1.4783 0.603906 0.602717 1.28255 1.95521 0.768992 0.918766 1.65293 0.912092 0.6614 0.553694 0.548696 0.446136 0.415966 0.400248 0.455875 0.492831 0.814631 0.60099 0.551086 0.731114 0.489088 0.798605 1.39363 0.479436 0.46423
threshold=2.5816207301134657 7.2105124014547171 15.850000000000003 7.6875909590065286 38.500000000000007 82.944258646524574 0.20048609849843999 9.9355854023393793 220.90000000000003 93.950000000000017 10.347694026713762 0.24284747324344283 87.619732157597056 188.05000000000004 203.95000000000002 24.241199778612899 -0.97106408147883394 19.733299955702822 4.2500000000000009 175.45503636807521 11.500000000000002 13.500000000000002 4.5000000000000009 18.850000000000005 18.164872097093063 36.95000000000001 0.51762392900856802 20.874797953484293 21.050000000000004 33.350000000000001
decision_type=2 2 2 2 2 2 2 2 2 2 2 2 2 2 2 2 2 2 2 2 2 2 2 2 2 2 2 2 2 2
left_child=-1 2 3 4 -2 16 7 9 -9 12 11 -11 -7 -8 -15 -12 17 -3 -16 20 22 -22 29 -23 -25 26 -24 -28 -26 -20
right_child=1 5 -4 -5 -6 6 13 8 -10 10 15 -13 -14 14 18 -17 -18 -19 19 -21 21 23 25 24 28 -27 27 -29 -30 -31
leaf_value=-0.13412771826650741 0.00085334755538863955 0.0027941664770663975 -0.00054988871744564261 0.0012251656420642692 0.0080335462202217184 0.0025366734768259205 -0.0024169932830120813 0.016964426684272754 -0.016024095483441133 0.0053008936878350954 -0.0015714390656417017 0.0010107074019048822 -0.008642262018257232 0.0065719724451059509 -0.0017057331446681378 0.0011454284094850602 -0.013325983173823767 -0.021548909709883705 -0.0012194594303749152 8.8064136855251594e-05 0.0022055774906436705 -0.0043278943683968917 -0.0039124813423558535 0.014030789391598958 0.0027544348530320274 -0.0042945849483982754 0.048840857431372384 0.0023603641899588648 -0.024376814133014856 0.00051794780522611446
leaf_weight=3645 22 34 24 23 40 21 242 29 21 21 59 39 104 25 164 30 127 22 346 1223 20 312 21 29 23 23 21 29 51 237
leaf_count=3645 22 34 24 23 40 21 242 29 21 21 59 39 104 25 164 30 127 22 346 1223 20 312 21 29 23 23 21 29 51 237
internal_value=-0.00270172 -0.00022472 0.0101376 0.0132353 0.0167742 -0.000569815 -0.000404532 0.0016358 0.009 0.00029197 0.00271812 0.0075 -0.0026 -0.00064353 -0.000404122 -0.000505619 -0.00336066 0.000357142 -0.000478192 -0.000310494 -0.00104317 -0.00235632 -0.00019941 -0.00283133 0.000339805 0.00351064 0.00556338 0.009 -0.0022973 -0.0007976
internal_weight=7027 3382 109 85 62 3273 3090 324 50 274 149 60 125 2766 2524 89 183 56 2499 2335 1112 435 677 415 103 94 71 50 74 583
internal_count=7027 3382 109 85 62 3273 3090 324 50 274 149 60 125 2766 2524 89 183 56 2499 2335 1112 435 677 415 103 94 71 50 74 583
is_linear=0
shrinkage=0.05


Tree=110
num_leaves=31
num_cat=0
split_feature=13 11 4 6 18 13 1 1 17 11 9 15 13 6 9 9 0 4 14 12 13 9 5 3 16 16 6 6 2 11
split_gain=15.7859 3.79806 1.59871 1.68771 1.2037 1.87567 0.821444 0.711459 1.0655 0.680409 0.676313 0.625803 0.86694 0.545554 0.591026 0.825127 0.535934 0.409756 0.339365 0.707463 1.23185 1.20559 1.24811 1.46332 0.514487 0.757905 0.573478 0.541137 0.387203 1.59525
threshold=0.048112742854989538 9.0148382226535997 17.750000000000004 51.500000000000007 7.2241895993209218 0.092337212024575607 115.7 140.00000000000003 30.9501498886452 15.747718155297029 0.96683886033945965 20.413626351964634 0.30152419456589125 21.500000000000004 0.51236666743397874 0.69636977696931246 460.50000000000006 9.7500000000000018 57.065418262902234 153.11171548419034 0.69345791690359404 0.54883787585413535 38.500000000000007 32.050000000000004 20.572933230414282 20.641970707962482 14.500000000000002 3.5000000000000004 196.50000000000003 41.930302315728589
decision_type=2 2 2 2 2 2 2 2 2 2 2 2 2 2 2 2 2 2 2 2 2 2 2 2 2 2 2 2 2 2
left_child=-1 2 3 4 5 6 -2 8 10 13 -3 16 -13 14 -9 -16 -11 -5 19 24 -21 22 -22 -24 26 -26 27 -14 -27 -30
right_child=1 7 -4 17 -6 -7 -8 9 -10 11 -12 12 18 -15 15 -17 -18 -19 -20 20 21 -23 23 -25 25 28 -28 -29 29 -31
leaf_value=-0.12742133235318204 0.0040902526045347677 -0.0064919648813479463 -0.0020271821116084926 -0.002788897050050291 0.0016135771182143885 0.0089420293818509838 0.0041240385729845253 0.0047251785085151354 0.0042890419169884378 -0.0077451755192354038 0.0045504458289743954 0.013891348512972823 -0.0026259434035347737 -0.0009011024141082146 -0.0030142706667357754 0.005570790791626444 0.002684930309868419 0.00061463876335905449 -0.00059649359278654091 8.5533756360501028e-05 -0.0015975542980710571 0.040440198995458039 0.0013641255903655413 0.021251093487458059 0.010206340518216925 -0.00075165896193424644 -0.0053605221539274189 0.0062481642474643082 0.0110647555737427 7.2702611418860219e-06
leaf_weight=3643 35 423 25 21 27 26 29 32 23 237 25 25 116 26 24 38 20 20 1143 301 27 23 28 25 20 212 189 39 20 185
leaf_count=3643 35 423 25 21 27 26 29 32 23 237 25 25 116 26 24 38 20 20 1143 301 27 23 28 25 20 212 189 39 20 185
internal_value=-0.00271595 -0.000257093 0.00674863 0.00860759 0.0116667 0.0144444 0.00984375 -0.000657608 -0.00245223 -0.000347987 -0.00299107 -0.000517243 -0.00026137 0.00333333 0.00510638 0.00225806 -0.00285992 -0.000121952 -0.000360826 0.000232066 0.00193069 0.00665048 0.00375 0.00820755 -0.000646608 0.00049199 -0.00209302 0.000161289 3.597e-05 0.00158536
internal_weight=7027 3384 183 158 117 90 64 3201 471 2730 448 2610 2353 120 94 62 257 41 2328 1185 404 103 80 53 781 437 344 155 417 205
internal_count=7027 3384 183 158 117 90 64 3201 471 2730 448 2610 2353 120 94 62 257 41 2328 1185 404 103 80 53 781 437 344 155 417 205
is_linear=0
shrinkage=0.05


Tree=111
num_leaves=31
num_cat=0
split_feature=13 11 4 6 9 6 1 1 1 7 17 16 16 17 16 4 15 1 1 17 12 4 16 12 1 18 2 11 13 3
split_gain=15.3752 3.87657 1.96295 1.91709 1.63226 0.660519 0.774042 0.872666 0.864397 0.696755 0.648201 1.99893 0.942857 0.637934 0.713552 0.975874 0.55185 0.686376 0.677352 0.510411 0.563333 0.494589 0.64905 0.888889 0.446889 0.432184 0.783779 0.631904 0.569164 0.432006
threshold=0.045915237553279691 9.0148382226535997 17.750000000000004 51.500000000000007 -0.36971084796686599 24.500000000000004 120.90000000000002 212.10000000000002 183.10000000000002 0.78656609248549325 31.178353161118228 20.849976533401897 20.004029633113653 30.739631480813625 24.086954932704355 12.250000000000002 28.194911884347487 418.05000000000007 501.10000000000008 27.462822971875305 287.23965081703597 10.950000000000001 19.273926743371891 203.19880857529418 739.05000000000007 69.569615983355462 288.50000000000006 56.682365683407362 0.99627946671587408 40.45000000000001
decision_type=2 2 2 2 2 2 2 2 2 2 2 2 2 2 2 2 2 2 2 2 2 2 2 2 2 2 2 2 2 2
left_child=-1 2 3 4 -2 6 -3 8 19 16 11 12 -6 25 15 -15 17 29 -19 20 -8 -18 23 -23 -24 -7 27 28 -27 -9
right_child=1 5 -4 -5 10 13 7 9 -10 -11 -12 -13 -14 14 -16 -17 21 18 -20 -21 -22 22 24 -25 -26 26 -28 -29 -30 -31
leaf_value=-0.12105026573552294 0.0073826560718735466 -0.010690979901227242 -0.0018346104496069328 -0.00017566666506364746 0.0014073955045800718 -0.001788404138691976 0.0020707470730954229 -0.00018333983458947197 0.007095525472144407 -0.014030940302838593 0.0050012698177542888 -0.0038642273961413173 0.0046695407303383781 0.0051787066378429503 -0.0023149647755344783 -0.00085265925961325914 -0.00052629375183178438 0.017388658930432486 0.0036261346796432371 -0.0052135423476103041 -0.0017642432802614412 -0.00017043619847453893 -0.00011995595231644955 0.021640287280457485 0.034593592487137191 0.0080637272758678127 0.0059588883001426224 -0.002541786266428155 -0.0025012879455167687 0.00088485525911585056
leaf_weight=3629 27 115 31 43 20 1041 30 88 39 124 27 25 22 34 34 28 598 20 21 23 20 45 741 30 20 21 20 46 20 45
leaf_count=3629 27 115 31 43 20 1041 30 88 39 124 27 25 22 34 34 28 598 20 21 23 20 45 741 30 20 21 20 46 20 45
internal_value=-0.00272307 -0.000306064 0.00653846 0.00871951 0.0119421 -0.000722761 -0.000150588 9.76127e-05 0.004375 -0.000178985 0.00882979 0.00619403 0.0128571 -0.0016238 0.00229167 0.00548387 9.95013e-05 0.00275862 0.00841463 0.00116438 0.004 -0.000223153 0.0005622 0.005 0.000124835 -0.00195122 0.00107477 -0.000977013 0.00353658 0.00101504
internal_weight=7027 3398 195 164 121 3203 1959 1844 112 1732 94 67 42 1244 96 62 1608 174 41 73 50 1434 836 75 761 1148 107 87 41 133
internal_count=7027 3398 195 164 121 3203 1959 1844 112 1732 94 67 42 1244 96 62 1608 174 41 73 50 1434 836 75 761 1148 107 87 41 133
is_linear=0
shrinkage=0.05


Tree=112
num_leaves=31
num_cat=0
split_feature=18 11 14 15 13 13 6 7 1 1 11 9 7 1 1 16 2 17 4 9 13 10 4 4 4 3 4 16 4 15
split_gain=15.6931 3.26444 1.34539 1.24037 1.5327 1.35281 0.75668 0.787327 1.67373 0.916017 1.12583 1.09219 0.526366 0.516582 0.838534 1.23958 0.710945 0.504631 0.823802 0.406659 0.744629 0.38436 0.373237 0.349277 0.422324 0.621948 0.598704 0.576414 0.417356 0.557698
threshold=2.1921385514075071 7.2105124014547171 11.179730910671216 7.6875909590065286 0.092337212024575607 0.057073487949604228 80.500000000000014 0.91597561503675362 203.95000000000002 195.40000000000003 9.0148382226535997 0.79356426026969662 0.78656609248549325 258.25000000000006 342.05000000000001 21.565835419591156 229.50000000000003 30.739631480813625 12.250000000000002 0.24284747324344283 0.20048609849843999 -0.98208922706762081 27.950000000000003 11.950000000000001 7.1500000000000012 37.750000000000007 4.0500000000000007 24.03758372816802 12.350000000000003 75.449983897206323
decision_type=2 2 2 2 2 2 2 2 2 2 2 2 2 2 2 2 2 2 2 2 2 2 2 2 2 2 2 2 2 2
left_child=-1 2 -2 4 5 -4 7 8 9 10 -3 19 13 -10 15 16 -15 22 -19 20 -12 -16 -8 24 25 26 -23 -28 -25 -30
right_child=1 6 3 -5 -6 -7 17 -9 12 -11 11 -13 -14 14 21 -17 -18 18 -20 -21 -22 23 -24 28 -26 -27 27 -29 29 -31
leaf_value=-0.1149977524487468 -9.0736383710750002e-05 0.0042777786632987166 0.0038241216820932584 0.00040454548729299808 0.0092692126610192625 0.0036942347660077098 -0.0027388054729065863 -0.010055062229769081 -0.001714001170085584 0.0067399770338185186 0.0069769666336666775 0.0026652743975280747 -0.012215482257669497 -0.00013118703661442157 -0.0039661723512768856 0.017169708081650754 0.017089952541929083 0.0033943069434059421 -0.0047130825635548828 -0.0018560495970448892 -0.0014442181551573058 -0.0016911238028214917 0.012671276752069017 0.010665220708157315 -0.00094902616735537116 -0.0095381608346995876 0.0051578583331551705 -0.0093107844454197383 -0.00015847093195811278 0.024811939824822143
leaf_weight=3600 43 29 21 26 22 33 692 151 54 21 30 34 146 105 80 32 31 24 27 61 56 90 31 44 447 47 187 22 780 61
leaf_count=3600 43 29 21 26 22 33 692 151 54 21 30 34 146 105 80 32 31 24 27 61 56 90 31 44 447 47 187 22 780 61
internal_value=-0.00269461 -0.000272835 0.00706896 0.0101961 0.0134211 0.00888889 -0.000597198 -0.00017544 4.87896e-05 0.00409091 0.00309524 0.00162983 -0.000390406 -0.000176769 -4.15381e-05 0.00333333 0.00125 -0.00196383 0.00284314 -0.000238096 0.00197674 -0.000364051 -0.00230291 -0.000202623 -0.000964692 0.00034682 0.00118729 0.0026555 0.000480225 0.000231866
internal_weight=7027 3427 145 102 76 54 3282 2508 2357 231 210 181 2126 1980 1926 168 136 774 51 147 86 1758 723 1678 793 346 299 209 885 841
internal_count=7027 3427 145 102 76 54 3282 2508 2357 231 210 181 2126 1980 1926 168 136 774 51 147 86 1758 723 1678 793 346 299 209 885 841
is_linear=0
shrinkage=0.05


Tree=113
num_leaves=31
num_cat=0
split_feature=18 11 3 6 9 12 6 18 9 1 16 15 6 14 0 18 15 17 13 17 5 0 17 16 4 11 6 6 16 3
split_gain=15.2728 2.46199 1.40848 1.30747 1.50037 0.627909 0.799361 1.23023 0.873123 0.725099 0.753463 0.565314 0.664982 0.540771 0.88193 0.558968 0.875725 1.17873 0.654665 0.521598 0.509801 0.809157 0.466792 0.908392 1.75855 0.456269 0.448513 0.418654 0.496637 0.457951
threshold=2.0138292979816659 7.2105124014547171 37.350000000000001 15.500000000000002 0.53436760985011655 109.12481569082722 97.500000000000014 6.9911626293997502 0.24284747324344283 43.750000000000007 19.395020252743631 20.413626351964634 14.500000000000002 54.115995644160165 746.50000000000011 61.183944283606728 54.960006020228867 28.357935012623404 0.85067190593316944 31.27657349735799 58.500000000000007 733.00000000000011 22.263575389143835 18.948776504104153 12.250000000000002 53.479638893258674 3.5000000000000004 9.5000000000000018 22.229893217449085 34.550000000000004
decision_type=2 2 2 2 2 2 2 2 2 2 2 2 2 2 2 2 2 2 2 2 2 2 2 2 2 2 2 2 2 2
left_child=-1 2 3 4 -2 9 7 8 -7 10 -3 -11 26 14 15 16 18 25 22 -8 -15 -22 -9 24 -24 -18 -13 29 -29 -25
right_child=1 5 -4 -5 -6 6 19 13 -10 11 -12 12 -14 20 -16 -17 17 -19 -20 -21 21 -23 23 27 -26 -27 -28 28 -30 -31
leaf_value=-0.10924786482630947 0.0087345680243843624 -0.0083934403977656644 -0.00010669672813210272 0.0003642373576108293 0.0022164706258258862 0.0042674640789823566 -0.002503731865425342 -0.0039690892511041031 0.00028213113763381491 -0.0099870708315606353 0.011557961147013641 -0.00036666466797584212 -0.0084886178578376086 -0.00063767355724738859 0.032712720689232269 -0.0079136728848618783 -0.00094995524352757099 0.028649501457516054 0.006673393733552334 0.0020691808150787284 0.011586033202015414 -0.00060869649455482075 -0.0010052634482146988 -0.00025208990394192944 0.026020218965223097 0.0023918510948217897 0.0060202585527854915 -0.00081754193388558136 0.0057118292725785507 0.0028835606748698786
leaf_weight=3585 30 20 51 42 35 22 391 55 23 383 22 171 150 1114 27 109 23 21 21 26 26 30 23 184 26 20 36 185 33 143
leaf_count=3585 30 20 51 42 35 22 391 55 23 383 22 171 150 1114 27 109 23 21 21 26 26 30 23 184 26 20 36 185 33 143
internal_value=-0.00271595 -0.000337015 0.00575949 0.00901869 0.0134615 -0.00063033 -0.000243806 0.000155874 0.00833333 -0.00186701 0.00452381 -0.00222973 -0.000798321 -2.4511e-05 0.000919539 0.000634637 0.00113079 0.00671875 0.000597014 -0.00224221 -0.000726497 0.00392857 0.000315869 0.000723905 0.0072449 0.00197674 0.00103865 0.000137613 -0.00155963 0.00126911
internal_weight=7027 3442 158 107 65 3284 2502 2085 45 782 42 740 357 2040 870 843 734 64 670 417 1170 56 649 594 49 43 207 545 218 327
internal_count=7027 3442 158 107 65 3284 2502 2085 45 782 42 740 357 2040 870 843 734 64 670 417 1170 56 649 594 49 43 207 545 218 327
is_linear=0
shrinkage=0.05


Tree=114
num_leaves=31
num_cat=0
split_feature=18 11 1 9 3 17 12 18 18 5 5 16 10 0 12 13 14 12 3 5 3 6 13 10 17 6 17 17 11 6
split_gain=14.6748 2.10833 1.66231 0.960004 0.805411 0.742541 0.860439 0.981121 0.80771 1.20946 1.51214 0.785753 0.557529 0.51132 0.814436 0.67867 0.641673 2.24165 0.949188 0.473973 0.462615 0.445496 0.512121 0.423588 0.373561 0.748652 1.49445 0.999737 0.367859 0.333781
threshold=1.8469460409689256 7.2105124014547171 59.150000000000013 0.53436760985011655 34.250000000000007 24.971709499323918 97.693302337266786 11.65507556490194 5.000550070574433 38.500000000000007 60.500000000000007 20.897268160323353 -0.97870382656940669 235.50000000000003 101.04884081438483 0.31823425778586051 26.78785378154301 126.92129392765953 31.750000000000004 17.500000000000004 24.950000000000003 21.500000000000004 0.1699799318858973 0.25118075958286767 25.886778583209672 3.5000000000000004 25.587210094602941 25.632034200284426 70.447334236935475 50.500000000000007
decision_type=2 2 2 2 2 2 2 2 2 2 2 2 2 2 2 2 2 2 2 2 2 2 2 2 2 2 2 2 2 2
left_child=-1 2 12 4 -4 29 19 8 -8 21 -11 -12 -2 -9 -15 -16 17 18 23 -7 -5 22 -10 -17 25 26 -18 -27 -26 -3
right_child=1 5 3 20 -6 6 7 13 9 10 11 -13 -14 14 15 16 24 -19 -20 -21 -22 -23 -24 -25 28 27 -28 -29 -30 -31
leaf_value=-0.10378547158499399 0.0019573183520626087 -0.00044601614131712291 0.0090306349609376151 -5.0028600822907813e-05 0.0010276057234942636 0.0018613074980149864 -0.0052104303546617221 -0.0017242520275765336 0.0033535771905212953 0.0076694524417971095 0.0037113169478829723 -0.001107834273396063 -0.0014011175132159087 0.013847878456920754 0.017252531768540327 -0.0078408428847983862 0.014485793142122921 0.030589334696783405 0.0020329139188803992 -0.0084318154587823078 0.0048224093467932119 -0.0016625289924892209 -0.00049804770821697611 0.00060929271251136978 -0.00024862507923790279 -0.0045172017829030221 -0.0016900628322650451 0.0072848797032628934 -0.0021354524016666677 -0.0048489422366377634
leaf_weight=3570 21 403 20 22 22 21 23 179 20 24 26 21 61 25 22 51 28 22 20 287 24 34 24 35 1295 89 29 34 106 469
leaf_count=3570 21 403 20 22 22 21 23 179 20 24 26 21 61 25 22 51 28 22 20 287 24 34 24 35 1295 89 29 34 106 469
internal_value=-0.00275153 -0.000429564 0.005 0.00977273 0.0152381 -0.000710375 -0.0002588 0.00010204 0.00372093 0.00506711 0.00978873 0.00457447 -0.000121952 -0.000219639 3.98621e-05 -8.95448e-05 -0.000201874 0.00320312 0.000188678 -0.00272727 0.00478261 0.00076923 0.00409091 -0.00209302 -0.000477547 0.00166667 0.00640351 -0.000528456 -0.000753035 -0.00196101
internal_weight=7027 3457 170 88 42 3287 2415 2107 172 149 71 47 82 1935 1756 1731 1709 128 106 308 46 78 44 86 1581 180 57 123 1401 872
internal_count=7027 3457 170 88 42 3287 2415 2107 172 149 71 47 82 1935 1756 1731 1709 128 106 308 46 78 44 86 1581 180 57 123 1401 872
is_linear=0
shrinkage=0.05


Tree=115
num_leaves=31
num_cat=0
split_feature=13 11 1 18 0 11 10 15 5 2 10 18 13 5 1 1 0 3 3 4 15 15 1 4 0 4 4 5 14 13
split_gain=14.391 2.0266 1.60073 1.5391 1.49594 1.26063 0.782609 0.678873 0.523293 0.519231 0.476937 0.542435 2.6662 0.468053 0.454194 0.62962 0.439938 0.580924 0.842636 0.54203 0.714214 0.819305 0.441804 0.510913 0.678788 0.436748 0.488354 0.520783 0.612931 1.19472
threshold=0.034437018609096537 9.0148382226535997 59.150000000000013 6.9911626293997502 73.500000000000014 2.8440374017320775 0.90515966073569365 2.694309932088728 6.5000000000000009 69.500000000000014 -0.61186373645567615 9.4414467071583399 0.20048609849843999 43.500000000000007 193.10000000000005 203.95000000000002 334.50000000000006 33.95000000000001 33.250000000000007 16.650000000000002 34.311329572647928 51.072527492515114 290.05000000000001 29.750000000000004 758.50000000000011 4.2500000000000009 6.0500000000000007 36.500000000000007 69.467678688898005 0.50027382256297936
decision_type=2 2 2 2 2 2 2 2 2 2 2 2 2 2 2 2 2 2 2 2 2 2 2 2 2 2 2 2 2 2
left_child=-1 2 7 4 5 -4 -7 -2 -3 -5 11 -10 -13 25 -14 -16 -17 18 19 -18 -21 -22 -19 -24 -25 -12 -27 -28 29 -29
right_child=1 8 3 9 -6 6 -8 -9 10 -11 13 12 14 -15 15 16 17 22 -20 20 21 -23 23 24 -26 26 27 28 -30 -31
leaf_value=-0.09859619800574429 -0.0017420966303937368 0.0036878422477841094 0.0043041118071393235 0.0011887208287882551 0.0079009285553781391 -0.0034345254637792757 0.0030822238220127398 0.0018594524344594848 -0.0073696629627198716 -0.0057010296170691204 -0.002197659163601809 0.011702261047408591 -0.010752049048964631 -0.00074170532741803501 0.0064079648409046397 -0.0089062169167316088 -0.014912522562507885 0.0061655868835011028 0.00082030476275158119 -0.0015997029861981292 0.016069870737763444 9.2334774340423027e-05 -0.0021749682545882023 -0.017113172533527166 0.0064831657129634825 0.0048087352279387674 -0.00018602197940788151 0.0077250156321316465 0.012821166712077043 -0.0017928872044289973
leaf_weight=3558 82 27 37 25 25 23 23 21 181 27 129 21 157 536 26 99 47 42 22 29 21 26 537 22 20 126 975 52 43 68
leaf_count=3558 82 27 37 25 25 23 23 21 181 27 129 21 157 536 26 99 47 42 22 29 21 26 537 22 20 126 975 52 43 68
internal_value=-0.00276576 -0.000474201 0.00374525 0.006875 0.0102778 0.00704819 0.00152174 -0.00111651 -0.000820338 -0.000192309 -0.000879208 -0.00164 -0.00121141 -0.000386212 -0.00156489 -0.00112795 -0.00135838 -0.000953004 0.00189655 0.000284552 0.00289474 0.00670213 -0.00161836 -0.00197755 0.00333333 9.69119e-05 0.000379746 5.27229e-05 0.00266871 0.000833332
internal_weight=7027 3469 263 160 108 83 46 103 3206 52 3179 1250 1069 1929 1048 891 865 766 145 123 76 47 621 579 42 1393 1264 1138 163 120
internal_count=7027 3469 263 160 108 83 46 103 3206 52 3179 1250 1069 1929 1048 891 865 766 145 123 76 47 621 579 42 1393 1264 1138 163 120
is_linear=0
shrinkage=0.05


Tree=116
num_leaves=31
num_cat=0
split_feature=18 11 1 18 18 7 13 2 17 9 0 13 10 5 1 0 13 10 2 2 1 9 4 2 6 18 16 17 18 18
split_gain=14.6423 2.08493 1.78948 1.44363 0.782093 0.472011 0.863471 1.41279 1.20046 1.47283 0.943381 1.84241 0.609549 0.601723 0.574291 0.459594 0.806768 0.738164 0.485202 0.451972 0.437503 0.847339 0.351366 0.350067 0.334091 0.322977 0.2933 0.290209 0.704251 1.18144
threshold=1.6444520525020312 7.2105124014547171 56.000000000000007 3.4530842455602673 2.3138100267741861 0.91597561503675362 0.20048609849843999 118.50000000000001 24.674807525114343 -0.36971084796686599 235.50000000000003 0.30152419456589125 0.63207999751838684 10.500000000000002 33.350000000000001 331.50000000000006 0.48195166691331093 -0.92910699518418138 191.50000000000003 156.50000000000003 140.00000000000003 0.7206604759859373 16.050000000000004 175.50000000000003 3.5000000000000004 20.167398129506392 22.229893217449085 20.883828980094236 41.048388654302563 50.435861032141482
decision_type=2 2 2 2 2 2 2 2 2 2 2 2 2 2 2 2 2 2 2 2 2 2 2 2 2 2 2 2 2 2
left_child=-1 2 4 -4 -2 6 7 8 -3 -10 -8 -12 13 -11 -7 19 17 -17 23 22 -5 -22 26 24 -19 -21 -13 28 -18 -30
right_child=1 5 3 20 -6 14 10 -9 9 12 11 15 -14 -15 -16 16 27 18 -20 25 21 -23 -24 -25 -26 -27 -28 -29 29 -31
leaf_value=-0.093666388105457077 -0.0028081134368612305 -0.0076393384188143971 0.0036596300703521881 0.00067272023136406432 0.001638224069077075 0.00060593125325566946 -0.0022623891332923685 0.015621479144625146 0.0056573635743591959 0.00034464621106162764 0.017300096539779288 -0.00071047339669813678 0.0032741305911411188 -0.0020259497897504295 -0.0098035432582651485 -0.0038723902055026144 -0.011504939594080674 0.00043826718164955011 0.0025350535093665509 0.0016586510959372318 0.0077008114161177775 0.0013317969036072816 0.0050741066882060175 -0.010070671594329467 0.0058564792393862959 -0.014499670209838188 0.0056370026495334369 -0.00044555564639777665 0.0059125592368228161 -0.00049774723215857621
leaf_weight=3555 44 59 21 20 49 20 297 20 26 22 25 38 45 76 185 21 39 24 37 24 21 30 32 21 20 149 41 1987 24 55
leaf_count=3555 44 59 21 20 49 20 297 20 26 22 25 38 45 76 185 21 39 24 37 24 21 30 32 21 20 149 41 1987 24 55
internal_value=-0.00274442 -0.000434909 0.00472973 0.00967391 -0.000161292 -0.000725587 -0.000571059 0.00225806 0.00114035 0.00328402 -0.000818632 -0.000506505 0.00129371 -0.000918369 -0.00304878 -0.000640925 -0.000399463 0.00353658 0.00529412 -0.00253521 0.0062676 0.00872549 -4.50462e-05 0.00269231 0.00522727 -0.00413295 -0.00183544 -0.000629455 0.00177966 0.00449367
internal_weight=7027 3472 185 92 93 3287 3082 248 228 169 2834 2537 143 98 205 2512 2228 123 102 284 71 51 111 65 44 173 79 2105 118 79
internal_count=7027 3472 185 92 93 3287 3082 248 228 169 2834 2537 143 98 205 2512 2228 123 102 284 71 51 111 65 44 173 79 2105 118 79
is_linear=0
shrinkage=0.05


Tree=117
num_leaves=31
num_cat=0
split_feature=18 11 1 18 11 6 18 5 14 3 6 13 7 18 1 3 6 1 1 1 15 15 3 2 12 1 1 14 17 17
split_gain=14.2443 1.57412 2.2193 1.78583 0.666122 0.56964 0.589033 0.806667 0.98 0.55102 0.528096 0.692308 0.658831 1.80012 0.513891 0.439935 0.36521 0.406675 0.892133 0.63326 0.625 0.544802 0.857366 0.40619 0.63381 0.375323 0.362414 0.330762 0.492676 0.374919
threshold=1.4041755510523894 6.64720263669148 56.000000000000007 3.4530842455602673 2.8440374017320775 75.500000000000014 69.569615983355462 18.500000000000004 68.03082633860059 37.350000000000001 66.500000000000014 0.67852069746845645 0.91597561503675362 6.9911626293997502 148.85000000000002 14.15 24.500000000000004 212.10000000000002 183.10000000000002 318.25000000000006 16.504519093973894 28.194911884347487 37.050000000000004 111.50000000000001 287.23965081703597 342.05000000000001 420.85000000000008 83.695343200843851 32.172648404205525 31.871441003905183
decision_type=2 2 2 2 2 2 2 2 2 2 2 2 2 2 2 2 2 2 2 2 2 2 2 2 2 2 2 2 2 2
left_child=-1 2 4 -4 -2 10 15 -8 -9 -6 12 -12 13 -3 -5 -7 17 18 23 -19 -20 22 26 -15 -25 -23 -21 28 29 -27
right_child=1 5 3 14 9 6 7 8 -10 -11 11 -13 -14 16 -16 -17 -18 19 20 21 -22 25 -24 24 -26 27 -28 -29 -30 -31
leaf_value=-0.088983068700184215 -0.0023621679071268655 0.0038658558302746178 0.003920499480923754 -0.00016655574939189043 0.0029381456579472749 0.00015077848892159287 -0.0053070708700986126 -0.0010668977151848842 0.0047087876331413578 -0.00031338281123937804 0.0017763204273154175 -0.0022069199460403497 -0.0092292920130074476 -0.0031709957746874789 0.0048761798125756851 -0.0026106273021792074 -0.001000503702339307 -0.003138957729002956 0.0057518232673252371 -0.0001862458389213699 0.0038491554966589431 0.011761385419672893 0.0092093735268895527 0.0017621973835184558 -0.00072671530824476637 -0.00019453097403403425 0.0046158398770706583 0.020315813135310796 -0.0032118608900947978 0.0093345117658675866
leaf_weight=3540 51 39 22 22 21 20 25 25 25 28 26 26 151 30 39 725 382 200 20 64 20 29 24 22 25 1222 34 24 96 50
leaf_count=3540 51 39 22 22 21 20 25 25 25 28 26 26 151 30 39 725 382 200 20 64 20 29 24 22 25 1222 34 24 96 50
internal_value=-0.00276576 -0.000497564 0.00401639 0.0100602 -0.001 -0.00074758 -0.00189025 0.00233333 0.006 0.00316326 -0.000370372 0.00461538 -0.000476975 -0.000265236 0.00565574 -0.00231544 -0.000450492 -0.000161292 0.00269231 -0.000352841 0.00875 -9.72251e-06 0.00319672 -0.000454547 0.00244681 -0.000285012 0.00112245 -0.0004023 -0.000504387 -0.000243712
internal_weight=7027 3487 183 83 100 3304 820 75 50 49 2484 52 2432 2281 61 745 2242 1860 117 1743 40 1543 122 77 47 1421 98 1392 1368 1272
internal_count=7027 3487 183 83 100 3304 820 75 50 49 2484 52 2432 2281 61 745 2242 1860 117 1743 40 1543 122 77 47 1421 98 1392 1368 1272
is_linear=0
shrinkage=0.05


Tree=118
num_leaves=31
num_cat=0
split_feature=18 11 1 18 1 18 12 18 1 3 1 6 2 13 1 16 6 6 10 12 4 5 5 14 3 1 6 15 13 13
split_gain=14.3352 1.55125 2.40077 1.63317 0.833333 0.693333 0.570428 0.765438 1.53403 1.225 0.697183 0.493865 0.435183 0.963117 0.429997 0.494374 0.882126 0.561775 0.551525 0.589866 0.51591 0.506993 0.478139 0.436364 0.350716 0.333333 0.304608 0.304711 0.643114 0.534028
threshold=1.4041755510523894 6.2420705122950979 56.000000000000007 3.4530842455602673 154.85000000000005 2.3138100267741861 109.12481569082722 6.9911626293997502 99.300000000000026 8.6500000000000004 33.350000000000001 97.500000000000014 150.50000000000003 0.30152419456589125 136.25000000000003 18.164872097093063 78.500000000000014 41.500000000000007 -0.98208922706762081 280.97610309906594 12.950000000000001 43.500000000000007 52.500000000000007 24.592158406839726 11.450000000000001 35.95000000000001 33.500000000000007 30.049376468344558 0.53097657059921222 0.51762392900856802
decision_type=2 2 2 2 2 2 2 2 2 2 2 2 2 2 2 2 2 2 2 2 2 2 2 2 2 2 2 2 2 2
left_child=-1 2 5 -4 -5 -2 10 8 -8 -10 -3 14 -12 -14 -9 16 17 20 -17 24 21 -16 -22 -21 -20 -7 27 -15 29 -29
right_child=1 6 3 4 -6 25 7 11 9 -11 12 -13 13 26 15 18 -18 -19 19 23 22 -23 -24 -25 -26 -27 -28 28 -30 -31
leaf_value=-0.084533915265175008 -0.0027867503588456669 0.0069433297861936976 0.0037244745068775714 -0.00023161898796539559 0.006778574085375179 0.0024625110467913786 -0.0074141407591421767 -0.00095987096127774982 0.0025817034245183327 0.0055363647128335502 -0.0085781025189558494 -0.0017499367515816681 0.0020730796099419817 -0.014260306002880264 0.005701167836204989 -0.0035064175822098406 0.0051654395562573101 -0.0076740758227130243 0.00017883110750559292 -9.9089259854722117e-05 -3.7987077724416754e-05 -0.0036829825809184314 0.011581941060353748 0.0026974341867252918 -0.00012004878075220262 -0.00010681716000102491 -0.016801510108047167 -0.0013150646421953695 -0.002243772924574883 0.018792354552184937
leaf_weight=3540 52 35 22 24 30 24 32 81 20 20 323 399 27 57 26 79 29 31 23 22 22 29 20 33 1655 24 127 21 178 22
leaf_count=3540 52 35 22 24 30 24 32 81 20 20 323 399 27 57 26 79 29 31 23 22 22 29 20 33 1655 24 127 21 178 22
internal_value=-0.00275865 -0.000483225 0.00409091 0.0107895 0.00611111 -0.001 -0.000726368 -0.000358986 0.00472222 0.01125 -0.00189874 -0.000508372 -0.00221854 -0.00118056 -0.000195123 -4.8249e-05 0.00264331 0.000859374 -0.000281458 -9.52118e-05 0.00273196 -0.000454547 0.00690476 0.005 -0.000262218 0.00333333 -0.00179012 -0.000863311 -2.26256e-05 0.00546512
internal_weight=7027 3487 176 76 54 100 3311 2521 72 40 790 2449 755 432 2050 1969 157 128 1812 1733 97 55 42 55 1678 48 405 278 221 43
internal_count=7027 3487 176 76 54 100 3311 2521 72 40 790 2449 755 432 2050 1969 157 128 1812 1733 97 55 42 55 1678 48 405 278 221 43
is_linear=0
shrinkage=0.05


Tree=119
num_leaves=31
num_cat=0
split_feature=18 11 1 5 11 6 3 4 14 7 18 9 14 6 3 14 14 2 4 15 11 0 16 13 6 17 0 1 18 5
split_gain=14.4263 1.1813 1.89478 0.8437 0.666122 0.637444 0.55102 0.532355 0.862774 0.527783 1.50522 1.03052 0.533791 0.527603 0.47451 0.418509 0.403468 0.793651 0.380952 0.369 0.542837 0.518913 1.225 0.853175 0.357498 0.341246 0.695652 0.951252 0.385688 0.37391
threshold=1.4041755510523894 6.2420705122950979 56.000000000000007 33.500000000000007 2.8440374017320775 75.500000000000014 37.350000000000001 26.550000000000004 39.001410839106207 0.91597561503675362 6.9911626293997502 0.15855791680139919 1.0000000180025095e-35 34.500000000000007 24.950000000000003 4.2526681500937569 6.630797340928706 145.50000000000003 8.3500000000000032 23.601320189305302 35.870191544796747 353.50000000000006 20.590057636173082 0.30584636840520457 70.500000000000014 21.67340197924333 414.50000000000006 296.4500000000001 71.243211811742199 18.500000000000004
decision_type=2 2 2 2 2 2 2 2 2 2 2 2 2 2 2 2 2 2 2 2 2 2 2 2 2 2 2 2 2 2
left_child=-1 2 4 14 -2 9 -6 19 -9 10 11 -3 -12 -11 -4 -14 17 18 -17 -7 21 23 -23 -21 -18 26 -22 -28 -27 -30
right_child=1 5 3 -5 6 7 -8 8 -10 13 12 -13 15 -15 -16 16 24 -19 -20 20 25 22 -24 -25 -26 28 27 -29 29 -31
leaf_value=-0.080307219501916258 -0.002104721993828228 0.0052595464771918767 1.368028776728555e-05 0.0063136752999639785 0.0026681128227103307 -0.0034821344306920931 -0.00029237281267735092 0.017843655498606482 -0.004358984216916475 -0.0088402170149979239 0.0099670047876649626 0.0019711809908861343 -0.011348716544798961 0.0012956960604624769 0.0035638502752052925 0.00018404274667747689 -0.00012278370999722001 0.0023830878486521103 -0.002151308199396732 0.0060426886168583292 -0.026634332914030091 0.0058804861385066132 -0.00041086278684466328 -0.0071390265884390645 0.00031253065268111872 -0.011220985178398002 0.0099468467858912363 -0.021895565413606374 -0.0030196254248288546 0.00056723392316981522
leaf_weight=3540 51 20 20 22 21 249 28 23 26 135 25 22 84 22 34 21 2097 21 21 20 46 20 20 43 23 263 24 22 21 43
leaf_count=3540 51 20 20 22 21 249 28 23 26 135 25 22 84 22 34 21 2097 21 21 20 46 20 20 43 23 263 24 22 21 43
internal_value=-0.00275153 -0.000468886 0.00352273 0.00947368 -0.001 -0.000681064 0.00316326 -0.00189025 0.00316326 -0.00028302 -9.426e-05 0.00928571 -0.000266144 -0.00308917 0.00611111 -0.000346274 -0.000213011 0.00373016 -0.000238096 -0.00221141 -0.00145594 0.00179612 0.00625 -0.00103175 -0.00033019 -0.00225537 0.000434781 0.00478261 -0.00301223 0.000468749
internal_weight=7027 3487 176 76 100 3311 49 820 49 2491 2334 42 2292 157 54 2267 2183 63 42 771 522 103 40 63 2120 419 92 46 327 64
internal_count=7027 3487 176 76 100 3311 49 820 49 2491 2334 42 2292 157 54 2267 2183 63 42 771 522 103 40 63 2120 419 92 46 327 64
is_linear=0
shrinkage=0.05


Tree=120
num_leaves=31
num_cat=0
split_feature=18 10 9 17 15 14 11 1 10 0 17 6 14 6 6 4 4 15 4 4 13 5 11 14 4 16 13 15 3 17
split_gain=14.5178 1.02113 1.24901 1.67045 0.942679 0.801214 0.949495 1.09159 2.44286 0.477788 0.47343 0.474947 0.498768 0.432621 0.443224 0.788925 0.424086 0.411686 0.443223 1.23077 0.391216 0.883931 0.403157 0.390499 0.386047 1.07685 0.411559 0.64939 0.380007 0.393026
threshold=1.4041755510523894 0.63207999751838684 0.67125374152323958 31.958526564094424 3.0683358808436991 3.9461644063382608 10.347694026713762 99.300000000000026 -0.26781430516217447 108.50000000000001 30.119436726027605 45.500000000000007 5.8306555302777854 74.500000000000014 61.500000000000007 17.950000000000003 13.65 1.9840114329365497 16.850000000000005 10.550000000000002 0.86691701502090135 69.500000000000014 69.711898203935974 59.594188945555075 5.9500000000000011 20.951382330232402 0.96827047360222729 65.79379496324637 20.450000000000003 32.770046224521074
decision_type=2 2 2 2 2 2 2 2 2 2 2 2 2 2 2 2 2 2 2 2 2 2 2 2 2 2 2 2 2 2
left_child=-1 5 4 16 -3 -2 7 17 -9 -10 11 12 -6 14 28 -16 -4 -7 19 -19 -15 22 -22 -13 -14 26 27 -26 -8 -30
right_child=1 2 3 -5 10 6 13 8 9 -11 -12 23 24 20 15 -17 -18 18 -20 -21 21 -23 -24 -25 25 -27 -28 -29 29 -31
leaf_value=-0.076291858526820439 -0.006009881321212461 0.0038376129426301747 0.002682839344043154 0.011277845770724279 0.0026225779159173312 -0.0087852445196892701 0.0389452800202248 0.0052046881558470755 0.0029162063560966432 -0.0011067495007628326 -0.0022670128508042366 -0.0052571156953349716 -0.0092404647445112672 -0.0033234262638050698 -0.00047589812564255961 0.011789484497710792 -0.00068005233837015091 -0.00059258564787777938 -0.001087522898966718 0.0015795735970560408 0.00033411136768561622 0.0042934208999132117 -0.017599716319249264 0.0067943795535125367 -0.00034949493786537011 0.01008075356760888 -0.0057834650265351185 0.016976720907549533 -0.00017696007151443726 -0.009901855501362071
leaf_weight=3540 326 28 41 27 36 32 30 20 31 25 105 78 23 441 45 26 31 26 39 26 87 20 47 23 71 24 30 26 1672 51
leaf_count=3540 326 28 41 27 36 32 30 20 31 25 105 78 23 441 45 26 31 26 39 26 87 20 47 23 71 24 30 26 1672 51
internal_value=-0.00274442 -0.000454547 0.00153775 0.00661616 0.000405404 -0.000822012 -0.000530941 0.00278894 0.0075 0.00214286 -0.000192309 0.00078778 0.00214286 -0.000804052 -0.00042215 0.0034507 0.00263889 -0.000121952 0.00159341 0.00461538 -0.00197479 0.000194804 -0.00126866 -0.0020297 0.00103448 0.00195364 0.000118109 0.00170103 -0.000579009 -0.000676147
internal_weight=7027 3487 543 99 444 2944 2618 199 76 56 416 311 210 2419 1824 71 72 123 91 52 595 154 134 101 174 151 127 97 1753 1723
internal_count=7027 3487 543 99 444 2944 2618 199 76 56 416 311 210 2419 1824 71 72 123 91 52 595 154 134 101 174 151 127 97 1753 1723
is_linear=0
shrinkage=0.05


Tree=121
num_leaves=31
num_cat=0
split_feature=18 11 10 11 12 6 6 16 1 14 16 1 16 11 13 18 9 14 2 12 4 4 4 6 6 6 2 2 3 16
split_gain=14.2133 1.3326 0.757084 0.870466 0.659973 0.799753 0.596476 0.434419 0.432143 0.438312 0.420111 1.0274 0.575364 0.570208 0.613054 0.66746 0.549507 0.516739 0.478424 0.431641 0.760528 1.70469 1.3584 0.756372 0.696966 0.599745 0.773417 0.667368 0.403008 0.389773
threshold=1.2251305113348057 1.0000000180025095e-35 -0.59815875725621337 6.2420705122950979 271.94074614720762 27.500000000000004 80.500000000000014 24.230013989013525 154.85000000000005 20.388247613539264 23.433422019649559 203.95000000000002 22.918957883235318 27.365552403583987 0.48195166691331093 28.613117394034933 0.93228057993045244 70.252800063637878 196.50000000000003 203.19880857529418 15.250000000000002 11.65 12.350000000000003 16.500000000000004 26.500000000000004 11.500000000000002 198.50000000000003 282.50000000000006 10.450000000000001 18.646163228713728
decision_type=2 2 2 2 2 2 2 2 2 2 2 2 2 2 2 2 2 2 2 2 2 2 2 2 2 2 2 2 2 2
left_child=-1 -2 6 8 7 -6 -3 10 9 -4 12 -12 13 28 15 -15 -13 18 -18 23 21 25 -23 -16 -24 -21 -27 -28 -5 -22
right_child=1 2 3 4 5 -7 -8 -9 -10 -11 11 16 -14 14 19 -17 17 -19 -20 20 29 22 24 -25 -26 26 27 -29 -30 -31
leaf_value=-0.072477265600479415 0.0034332360345897105 -0.00033770662422491336 0.0028027150466857585 0.0020985339388520665 0.0043619206361666203 -0.0018932625109632719 -0.0060846137127666938 -0.0023605984347412215 0.0058914979317724672 -0.00036408761734486563 0.0041686049691677966 -0.0018783078737686901 -0.0032689987385053684 -0.0031569137259079686 0.00060662826796275627 0.0019278196133980794 0.0048668719101791691 -0.0047250412227262725 0.059132759757656785 -0.0027026061856955355 4.1636756249358972e-05 0.012245196290388222 0.012401390828946875 -0.001616589333411033 -0.011722064678040236 0.011988825399650726 -0.0029609137488365612 0.0029640757495972975 -0.00064605143641491931 -0.0026270462979044048
leaf_weight=3525 25 1017 20 44 38 29 366 147 30 22 24 107 136 35 344 28 43 31 20 74 22 25 27 219 20 26 58 24 411 90
leaf_count=3525 25 1017 20 44 38 29 366 147 30 22 24 107 136 35 344 28 43 31 20 74 22 25 27 219 20 26 58 24 411 90
internal_value=-0.00275865 -0.000502571 -0.000585276 1.43255e-05 -0.000178043 0.00470149 -0.00149313 -0.00034527 0.00541667 0.00214286 -0.000132745 0.00188889 -0.00042009 -0.000127852 0.000544354 0.00531746 0.000721392 0.00351064 0.00611111 0.000220666 0.00155738 0.00307086 0.00958333 -0.000648314 0.00457447 0.000494504 0.00287037 0.000487804 -0.00159341 -0.001875
internal_weight=7027 3502 3477 2094 2022 67 1383 1955 72 42 1808 225 1583 1447 992 63 201 94 63 929 366 254 72 563 47 182 108 82 455 112
internal_count=7027 3502 3477 2094 2022 67 1383 1955 72 42 1808 225 1583 1447 992 63 201 94 63 929 366 254 72 563 47 182 108 82 455 112
is_linear=0
shrinkage=0.05


Tree=122
num_leaves=31
num_cat=0
split_feature=18 11 12 14 1 18 18 11 16 4 2 13 6 6 2 5 17 3 14 2 3 16 6 6 14 18 14 10 12 2
split_gain=13.7656 0.923197 0.596287 0.502836 0.577264 0.693752 1.60167 0.485052 0.462074 0.51205 0.446214 2.0489 0.483644 0.540262 0.41922 0.370605 0.34372 0.358163 0.32898 1.09109 0.826996 1.2032 0.785472 0.582165 0.499949 0.428784 0.556162 0.477327 0.553517 0.413136
threshold=1.2251305113348057 1.0000000180025095e-35 109.12481569082722 5.5760615035434951 21.600000000000005 6.9911626293997502 6.0593996921965543 2.2790023309772089 20.482433691348486 9.6500000000000004 118.50000000000001 0.2557677537516248 14.500000000000002 7.5000000000000009 387.50000000000006 18.500000000000004 32.770046224521074 20.650000000000002 54.115995644160165 280.50000000000006 38.750000000000007 19.813351065436276 20.500000000000004 97.500000000000014 52.455645900048559 61.602137314521649 23.523869584928665 -0.92910699518418138 280.97610309906594 329.50000000000006
decision_type=2 2 2 2 2 2 2 2 2 2 2 2 2 2 2 2 2 2 2 2 2 2 2 2 2 2 2 2 2 2
left_child=-1 -2 10 8 -5 6 7 -6 -4 -10 -3 -12 13 15 16 -13 18 -18 19 22 21 23 24 -21 25 26 -7 -28 -29 -20
right_child=1 2 3 4 5 14 -8 -9 9 -11 11 12 -14 -15 -16 -17 17 -19 29 20 -22 -23 -24 -25 -26 -27 27 28 -30 -31
leaf_value=-0.068853402320455434 0.0032615742328602269 -0.005906526059479362 -0.0008359116014035467 -0.0068007484093364663 -0.00037500673713641771 -0.00021651393267852674 0.004518238684697507 0.0014893551943898386 0.003908477790114097 -0.0017174611148240101 0.0081502856124919219 0.0025567152222113082 -0.0098811224605769663 0.01304869168519881 0.0027545125883676712 -0.0039447365246140561 0.043316200052681691 -0.0054465732347913215 -0.00037242728241030038 0.003497474151787896 -0.0011518689167085195 0.031317554323233736 -0.0011192854333640096 -0.0010979058316666285 0.0041451206336892664 -0.014748590709887436 -0.00035293525007022448 0.00073386377697880732 0.0025081584619085985 -0.015342079233254043
leaf_weight=3525 25 286 38 67 43 93 30 77 33 26 25 34 204 26 22 218 20 78 1185 33 27 23 380 42 34 62 44 234 32 61
leaf_count=3525 25 286 38 67 43 93 30 77 33 26 25 34 204 26 22 218 20 78 1185 33 27 23 380 42 34 62 44 234 32 61
internal_value=-0.00279422 -0.000573959 -0.000642797 -0.000286886 -0.000419406 -0.00029762 0.003 0.000416665 0.00324742 0.00601695 -0.00184742 -0.000956609 -0.0016805 -0.000323742 -0.00050633 -0.00103175 -0.0005707 -0.00346939 -0.000444446 0.000229082 0.0046 0.00673469 -0.000392493 0.00366667 0.000911822 0.00048387 0.0010794 0.00209677 0.00289474 -0.00098716
internal_weight=7027 3502 3477 2684 2587 2520 150 120 97 59 793 507 482 278 2370 252 2348 98 2250 1004 125 98 879 75 499 465 403 310 266 1246
internal_count=7027 3502 3477 2684 2587 2520 150 120 97 59 793 507 482 278 2370 252 2348 98 2250 1004 125 98 879 75 499 465 403 310 266 1246
is_linear=0
shrinkage=0.05


Tree=123
num_leaves=31
num_cat=0
split_feature=13 11 0 11 5 6 10 16 5 1 12 4 4 18 2 6 1 1 11 10 10 15 13 15 1 17 2 3 14 0
split_gain=14.3208 0.77105 0.547447 0.610734 0.655591 0.877974 1.22477 0.446916 0.438402 0.679714 0.389595 0.349886 0.318611 0.371513 0.621096 0.289685 0.404619 0.920232 0.923686 0.638362 0.599433 0.584277 0.531137 0.525442 0.534702 0.855972 0.725926 0.480002 0.383835 0.519693
threshold=0.02505707762557078 1.0000000180025095e-35 33.500000000000007 9.0148382226535997 32.500000000000007 67.500000000000014 -0.37370587188196386 20.849976533401897 80.500000000000014 14.050000000000002 86.210328236042457 7.4500000000000011 16.550000000000004 6.8248233501713296 38.500000000000007 18.500000000000004 401.90000000000003 369.75000000000006 41.094793929210418 0.63207999751838684 -0.2093068927635835 28.194911884347487 0.1699799318858973 20.413626351964634 342.05000000000001 27.142913979334427 190.50000000000003 24.150000000000002 1.4104676152337541 254.50000000000003
decision_type=2 2 2 2 2 2 2 2 2 2 2 2 2 2 2 2 2 2 2 2 2 2 2 2 2 2 2 2 2 2
left_child=-1 -2 -3 4 12 6 -6 -8 9 -5 11 -11 13 14 -4 16 17 19 -19 20 22 27 -12 -24 25 26 -25 -18 -17 -30
right_child=1 2 3 8 5 -7 7 -9 -10 10 15 -13 -14 -15 -16 28 21 18 -20 -21 -22 -23 23 24 -26 -27 -28 -29 29 -31
leaf_value=-0.065410732204432664 0.0025555995468113189 -0.0064934156473191512 -0.00015500374919751687 0.0031495348697462063 0.0028091910217140099 -0.0014413387378018022 0.0025629545022030618 -0.00031626472464147109 -0.0055251513491825013 0.0014447101246747641 0.0034511999485761866 -0.011371080831698951 -0.0013585590083146964 -0.0010772110777228694 0.0040050815878514357 0.00054024007056603077 -0.0002953681785796134 0.0043672419383264426 0.0001560210858461659 0.0048939923081290932 -0.001696317893610093 -0.00039518476857152378 -0.00040977107267215098 -0.0028815112391759631 -0.0041694075003291817 0.0040733081184592497 0.0020743883234489919 0.011871801372021047 -0.0014162521773913555 -0.00036325098374922213
leaf_weight=3516 33 68 22 23 22 25 21 31 131 36 27 191 29 30 30 32 21 26 31 22 109 1215 71 24 28 22 30 23 182 956
leaf_count=3516 33 68 22 23 22 25 21 31 131 36 27 191 29 30 30 32 21 26 31 22 109 1215 71 24 28 22 30 23 182 956
internal_value=-0.00274442 -0.000485618 -0.000557793 -0.000469209 0.00214286 0.00510101 0.00783784 0.00365384 -0.000640626 -0.000519714 -0.000584374 -0.00257709 -0.000495497 0.00109756 0.00365384 -0.00042391 3.03095e-06 0.00141026 0.0072807 0.000405404 -0.00017685 -0.000432884 0.00143564 0.00042857 0.00269231 0.00486842 0.00148148 0.00522727 -0.00102564 -0.00117751
internal_weight=7027 3511 3478 3410 210 99 74 52 3200 3069 3046 227 111 82 52 2819 1649 390 57 333 311 1259 202 175 104 76 54 44 1170 1138
internal_count=7027 3511 3478 3410 210 99 74 52 3200 3069 3046 227 111 82 52 2819 1649 390 57 333 311 1259 202 175 104 76 54 44 1170 1138
is_linear=0
shrinkage=0.05


Tree=124
num_leaves=31
num_cat=0
split_feature=13 11 17 1 0 2 7 18 13 4 6 16 14 11 17 3 12 12 5 16 2 10 4 15 6 4 17 18 3 17
split_gain=14.75 1.23417 0.490065 0.969531 2.33952 1.22328 0.78978 1.20773 1.22361 0.659064 0.640597 0.603054 1.43691 0.527078 0.497045 0.463721 0.442909 0.554994 0.629173 0.448115 0.631579 0.382453 0.390344 0.433653 0.36014 0.577821 0.375394 0.82013 0.594295 0.391949
threshold=0.022816176579953298 -1.8237865023002413 24.658148426587591 35.95000000000001 37.500000000000007 51.500000000000007 0.91597561503675362 6.8248233501713296 0.092337212024575607 15.850000000000003 97.500000000000014 19.480638345519537 26.311004363032485 64.5654713892297 24.004577073388067 34.050000000000004 189.43080011616834 247.08370852444003 38.500000000000007 19.012620085313646 254.50000000000003 -0.66483077113278999 18.950000000000003 34.311329572647928 24.500000000000004 15.65 29.382213553768732 68.886760837600093 28.750000000000004 32.224745075031116
decision_type=2 2 2 2 2 2 2 2 2 2 2 2 2 2 2 2 2 2 2 2 2 2 2 2 2 2 2 2 2 2
left_child=-1 -2 10 4 -4 -6 7 8 9 -5 14 12 -9 -14 16 -16 21 18 -18 20 -19 22 -3 -24 -13 26 27 28 -26 -28
right_child=1 2 3 6 5 -7 -8 11 -10 -11 -12 24 13 -15 15 -17 17 19 -20 -21 -22 -23 23 -25 25 -27 29 -29 -30 -31
leaf_value=-0.062140195594211037 0.0026174824262923495 -0.0031558517600008269 -0.0042709527018137032 0.0016840755521156936 0.0026787174129962077 0.0046100569275204064 -0.0073407926755686822 0.017980562302067831 0.0062907728768874698 -0.0013298419795663189 -0.0070102974639503135 -7.36087385981225e-05 -0.0011234045445938554 0.0079487669407605679 0.00032890266616504376 -0.0032108458411186274 -5.2616148015142215e-05 -0.0010470752982533675 0.0048104745238716877 0.0043111988821166155 0.008366343745902706 -0.009046117631982804 -0.00090968671467944967 0.0020114155332269703 0.0010039200386520301 -0.001944013569193347 -0.0012232136124104916 0.0057636244931787359 -0.0011472149236071278 0.00016897610961075666
leaf_weight=3502 21 113 34 72 21 29 143 37 22 23 239 1595 109 20 39 102 26 76 27 27 38 72 23 21 26 206 134 35 162 33
leaf_count=3502 21 113 34 72 21 29 143 37 22 23 239 1595 109 20 39 102 26 76 27 27 38 72 23 21 26 206 134 35 162 33
internal_value=-0.00270172 -0.000418441 -0.000490869 -0.000168457 0.00511905 0.012 -0.000338175 -0.000129346 0.00482906 0.00236842 -0.00157534 -0.000375478 0.00253012 3.87585e-05 -0.00065603 -0.00322695 0.000200944 0.00195876 0.00632075 0.000319148 -0.00105263 -0.00128821 9.55402e-05 0.00409091 -0.00059562 -0.0016443 -0.000512822 0.000829595 -0.000478725 -0.00230539
internal_weight=7027 3525 3504 2701 84 50 2617 2474 117 95 803 2357 166 129 564 141 423 194 53 141 114 229 157 44 2191 596 390 223 188 167
internal_count=7027 3525 3504 2701 84 50 2617 2474 117 95 803 2357 166 129 564 141 423 194 53 141 114 229 157 44 2191 596 390 223 188 167
is_linear=0
shrinkage=0.05


Tree=125
num_leaves=31
num_cat=0
split_feature=13 11 12 6 7 3 10 0 16 14 10 2 6 11 4 1 17 17 5 10 14 17 1 17 17 9 9 14 14 3
split_gain=14.3869 1.24579 0.512063 0.530598 0.638271 0.910425 0.845491 0.455356 0.440479 0.608994 0.555701 1.24149 0.873367 0.684462 0.520367 0.530949 0.486348 1.48946 0.526942 0.705764 0.433451 0.404367 0.625 0.403226 0.392797 0.496972 0.846272 0.834206 0.777184 0.541492
threshold=0.022816176579953298 -1.8237865023002413 82.944258646524574 24.500000000000004 -0.98296291314453399 35.650000000000013 0.16704543776228128 37.500000000000007 21.264436307238238 62.498675854447228 -0.10737736916418625 146.50000000000003 5.5000000000000009 22.237202983197971 15.15 510.50000000000006 25.886778583209672 25.476709167500847 36.500000000000007 -0.87792756428346708 83.695343200843851 32.224745075031116 369.75000000000006 27.966614433232717 32.172648404205525 0.55601228778889811 0.75548631800528565 73.523255476990641 54.115995644160165 27.750000000000004
decision_type=2 2 2 2 2 2 2 2 2 2 2 2 2 2 2 2 2 2 2 2 2 2 2 2 2 2 2 2 2 2
left_child=-1 -2 -3 4 5 6 -4 -6 9 10 14 13 23 -12 16 -16 17 18 -9 -20 24 -5 -23 -13 25 27 28 -10 -27 -28
right_child=1 2 3 21 7 -7 -8 8 20 -11 11 12 -14 -15 15 -17 -18 -19 19 -21 -22 22 -24 -25 -26 26 29 -29 -30 -31
leaf_value=-0.059033185814500483 0.0024866083049777323 -0.0085326872366966698 0.0041902142414022344 -0.00065932306646060131 -0.0022881185733562236 -0.00018524387570841925 0.00060898385644128606 -0.0013485856599949008 -0.0016136280090845692 -0.00046712380910944769 0.0023035325648270979 0.016092291164596647 0.039619848004890004 -0.0078929541834502643 0.00088327715964076124 -0.0068385288030786869 -0.0058711447485651908 0.012002463702284888 0.0056387565799473557 -0.016712192866646415 0.020072198653537515 0.0058161363480754074 -0.0026175458914870198 0.005223683125992494 -0.0040840530287867523 0.0063878545922389715 -0.0017856635575700501 0.018217490799149427 0.0028611201087404056 0.00067858200477943342
leaf_weight=3502 21 185 29 1249 47 69 39 76 254 314 112 31 20 50 206 23 94 28 35 22 23 20 20 31 119 21 96 43 25 223
leaf_count=3502 21 185 29 1249 47 69 39 76 254 314 112 31 20 50 206 23 94 28 35 22 23 20 20 31 119 21 96 43 25 223
internal_value=-0.00273018 -0.000475178 -0.000547946 -0.000405244 9.8521e-05 0.00339416 0.0075 -0.000139991 -1.62525e-05 0.000662187 0.00145604 0.00340164 0.00841463 0.000864196 0.000475205 0.00220524 -0.00107843 0.000590061 -0.00161654 0.00201754 -0.000895524 -0.0011986 0.00375 0.00548387 -0.00109475 -0.000619337 0.000616437 -0.00213805 0.00695652 -0.000297807
internal_weight=7027 3525 3504 3319 2030 137 68 1893 1846 1042 728 244 82 162 484 229 255 161 133 57 804 1289 40 62 781 662 365 297 46 319
internal_count=7027 3525 3504 3319 2030 137 68 1893 1846 1042 728 244 82 162 484 229 255 161 133 57 804 1289 40 62 781 662 365 297 46 319
is_linear=0
shrinkage=0.05


Tree=126
num_leaves=31
num_cat=0
split_feature=18 11 0 12 13 18 9 12 1 9 4 13 5 4 11 3 1 5 1 1 16 6 10 3 9 16 12 2 16 14
split_gain=14.1506 1.15517 0.486545 0.430139 0.622978 1.01664 1.57636 0.922677 0.941459 1.14852 0.703833 0.61996 0.533684 0.479511 0.459201 0.489803 0.349629 0.339759 0.320355 0.36605 0.268262 0.251431 0.500984 0.826763 0.527995 1.22017 0.409278 0.664141 0.483617 1.12927
threshold=0.82026626654499502 -1.8237865023002413 31.500000000000004 84.368508535739394 0.20048609849843999 9.9355854023393793 0.7775899462189082 88.323431052878433 99.300000000000026 -0.83113983907127287 10.050000000000002 0.23589178582342821 31.500000000000004 14.750000000000002 6.64720263669148 37.350000000000001 59.150000000000013 6.5000000000000009 47.350000000000009 85.800000000000026 20.761769757961911 8.5000000000000018 -0.94695267581281539 35.150000000000013 0.19244979981841034 20.482433691348486 124.74909930445283 106.50000000000001 19.621524953143865 51.753992821228927
decision_type=2 2 2 2 2 2 2 2 2 2 2 2 2 2 2 2 2 2 2 2 2 2 2 2 2 2 2 2 2 2
left_child=-1 -2 -3 16 5 7 -7 -5 14 -10 12 -6 -11 -12 15 -9 -4 -13 -19 -20 -15 22 23 -21 -25 -26 -24 -28 29 -29
right_child=1 2 3 4 11 6 -8 8 9 10 13 17 -14 20 -16 -17 -18 18 19 21 -22 -23 26 24 25 -27 27 28 -30 -31
leaf_value=-0.056081526523775453 0.002267446574365757 -0.0040210167589729371 0.0013914942895791396 0.0037862375099199531 -0.0033285082715522048 0.013912564246495075 -0.00056912255339637259 0.0013800380352509351 0.004832206205029374 0.0028826906774951358 -0.00092551178489591243 0.0034306509537504375 0.0012576526202011619 -0.00085565883400910486 -0.0039007030971855423 -0.00072156243147346191 -0.010272619438571912 -0.034139913233202882 0.00054662013737344611 0.01186926956398987 0.0015374137537692528 -0.00051391726568232111 -0.0032862641600281358 -0.0014127899577789798 0.014404378187351656 -0.00064427514983735404 0.0058550065002443792 0.017790649992526119 -0.00018564773637051333 -0.0023326916804361103
leaf_weight=3495 22 82 37 23 79 25 30 36 22 25 49 24 32 22 114 49 177 40 30 25 38 1313 299 66 21 30 39 22 723 38
leaf_count=3495 22 82 37 23 79 25 30 36 22 25 49 24 32 22 114 49 177 40 30 25 38 1313 299 66 21 30 39 22 723 38
internal_value=-0.00274442 -0.000512459 -0.000584047 -0.000493 -0.000348477 0.00134408 0.00772727 0.000487804 -9.04405e-05 0.00244681 0.0010241 -0.000634777 0.00552631 -0.00133028 -0.00248744 0.000294116 -0.00266355 -0.000505619 -0.000559336 -0.000491175 0.00166667 -0.000555125 -5.1466e-05 0.00274648 0.000982905 0.00480392 -0.000405889 0.000170315 -0.000146872 0.00416667
internal_weight=7027 3532 3510 3428 3214 465 55 410 387 188 166 2749 57 109 199 85 214 2670 2646 2606 60 2576 1263 142 117 51 1121 822 783 60
internal_count=7027 3532 3510 3428 3214 465 55 410 387 188 166 2749 57 109 199 85 214 2670 2646 2606 60 2576 1263 142 117 51 1121 822 783 60
is_linear=0
shrinkage=0.05


Tree=127
num_leaves=31
num_cat=0
split_feature=18 11 10 10 3 14 6 1 4 12 15 11 5 4 2 1 4 18 13 3 9 16 16 10 13 15 3 6 6 14
split_gain=13.1856 0.76663 0.623103 0.597816 0.923141 1.05856 0.599465 0.491441 0.455556 0.452719 0.635913 0.571895 0.576253 0.466202 1.1836 0.740219 0.688564 0.441104 1.29204 0.419183 0.441578 0.448496 0.426681 0.397092 0.736364 0.584416 0.387931 0.375341 1.43654 0.523253
threshold=0.82026626654499502 -1.8237865023002413 -0.58427653070765284 -0.47495107206705001 33.350000000000001 53.041983816106644 27.500000000000004 29.750000000000004 14.250000000000002 175.45503636807521 6.6433579000110505 4.8568673843510597 27.500000000000004 14.950000000000001 311.50000000000006 703.4000000000002 14.450000000000001 9.4414467071583399 0.20048609849843999 11.450000000000001 0.59125596962661842 24.230013989013525 20.482433691348486 -0.92260537345622995 0.10261641511641513 2.694309932088728 30.550000000000004 14.500000000000002 4.5000000000000009 31.352755148109484
decision_type=2 2 2 2 2 2 2 2 2 2 2 2 2 2 2 2 2 2 2 2 2 2 2 2 2 2 2 2 2 2
left_child=-1 -2 17 4 8 -6 -7 -5 -4 19 11 12 -11 14 16 -15 -12 23 -19 22 -21 27 -9 24 25 -3 -10 28 -22 -29
right_child=1 2 3 7 5 6 -8 9 26 10 13 -13 -14 15 -16 -17 -18 18 -20 20 21 -23 -24 -25 -26 -27 -28 29 -30 -31
leaf_value=-0.053277450197586673 0.0021540742456474704 -0.00092737087542482969 -0.016929172150201604 0.0019604517620898767 0.0097849775884911571 0.0055126886667637206 -0.0092075378864738128 -0.001572252623660617 0.0055545011718360409 0.0019011525309514149 -0.00011038574342030125 0.0054887155689187679 -0.00019128531972294966 -0.0020156457353747563 0.0041324964996116795 0.03662570609045239 0.0070788282335823476 0.0089620827881691338 -0.00070930122643575249 -0.0015929707509145588 -0.00027920023251561669 -0.0066544723485005286 0.0013937326321403912 -0.0023294681961540616 -0.01626430582675709 0.0015848298246468183 -0.00073219910595045913 0.00021430375371117003 0.019573505341301697 -0.0026362299828162671
leaf_weight=3495 22 35 41 33 37 38 21 22 20 24 614 21 27 217 20 21 27 22 1103 396 176 69 36 180 55 20 29 91 30 85
leaf_count=3495 22 35 41 33 37 38 21 22 20 24 614 21 27 217 20 21 27 22 1103 396 176 69 36 180 55 20 29 91 30 85
internal_value=-0.00282269 -0.000668178 -0.000726497 -0.000178999 0.00252688 0.0059375 0.00177966 -0.000442641 -0.00111111 -0.000549042 0.000200823 0.00472222 0.00186274 -0.000161292 0.000521935 -0.00205882 0.000148205 -0.0015371 -0.00108889 -0.00135359 -0.00163518 -0.000565411 0.00275862 -0.00327586 -0.000909092 0.00318182 0.00214286 0.000104711 0.0015534 -0.00159091
internal_weight=7027 3532 3510 2095 186 96 59 1909 90 1876 971 72 51 899 661 238 641 1415 1125 905 847 451 58 290 110 55 49 382 206 176
internal_count=7027 3532 3510 2095 186 96 59 1909 90 1876 971 72 51 899 661 238 641 1415 1125 905 847 451 58 290 110 55 49 382 206 176
is_linear=0
shrinkage=0.05


Tree=128
num_leaves=31
num_cat=0
split_feature=13 11 2 0 11 4 2 17 13 12 1 17 12 5 6 14 17 17 16 18 12 2 14 9 7 15 15 5 4 15
split_gain=12.792 0.823021 0.454457 0.43621 0.578568 0.46324 0.629607 0.55102 0.440705 0.319691 0.887209 1.50726 0.654183 0.569515 0.761635 0.609825 0.604224 0.532808 0.460762 0.715383 1.28067 0.8415 0.655594 0.486275 0.415482 0.604089 0.720238 0.479497 0.377345 0.416131
threshold=0.020050251256281411 -1.8237865023002413 387.50000000000006 31.500000000000004 6.2420705122950979 17.750000000000004 38.500000000000007 31.511135356097018 0.051787452841669718 175.45503636807521 51.100000000000009 24.322168630696982 88.323431052878433 34.500000000000007 97.500000000000014 23.974700135607073 26.813109187210383 26.993150377330192 19.763697219647597 41.048388654302563 256.72996899572246 256.50000000000006 60.762895483759443 -0.30490993010465833 0.91597561503675362 13.594880076435699 8.9079150724814919 84.500000000000014 22.750000000000004 52.386460151817936
decision_type=2 2 2 2 2 2 2 2 2 2 2 2 2 2 2 2 2 2 2 2 2 2 2 2 2 2 2 2 2 2
left_child=-1 -2 3 -3 5 6 8 -8 -5 10 11 -6 -13 16 15 -15 -11 -18 19 23 21 -21 -23 -17 25 26 27 -12 29 -16
right_child=1 2 -4 4 9 -7 7 -9 -10 13 24 12 -14 14 28 18 17 -19 -20 20 -22 22 -24 -25 -26 -27 -28 -29 -30 -31
leaf_value=-0.050613577687707335 0.0019706741993009073 -0.0038542897933419688 0.0025272366642385804 0.00056512758505522748 -0.0074535273500441895 -0.00093922916035019089 0.0051859463746786348 0.00015622818011834061 -0.00073489417536592788 -0.00083282519578658338 -0.0027484003876590748 0.008851185991937292 0.001853190404267784 0.0042749415737539159 -0.0093268575759346377 -0.010517123575445415 0.0050997447799848916 -0.000120273518672176 -9.5762284374438273e-05 0.016834417136254571 0.011216932237501403 0.0011735238207523052 -0.0040823668549101006 0.0099810252000383497 -0.0069446840503408578 -0.00091585297166927942 0.0071664116742754984 0.0013170260297538667 0.0005123405488079365 0.00090153708833277154
leaf_weight=3488 27 84 22 26 37 37 28 21 22 396 29 21 22 33 89 31 25 700 201 21 20 22 30 20 160 1308 28 27 23 29
leaf_count=3488 27 84 22 26 37 37 28 21 22 396 29 21 22 33 89 31 25 700 201 21 20 22 30 20 160 1308 28 27 23 29
internal_value=-0.00285115 -0.000733259 -0.000800115 -0.000845273 -0.000757488 0.00246269 0.00427835 0.0082653 0.000208332 -0.000889365 -0.00138481 0.00375 0.0101163 -0.000396343 0.000973024 0.00214286 -0.00103033 -0.000172415 0.00152174 0.00368055 0.00629032 0.00321918 -0.000192309 -0.00107843 -0.00164949 -0.00137213 0.00273809 -0.000535715 -0.00216312 -0.00330509
internal_weight=7027 3539 3512 3490 3406 134 97 49 48 3272 1632 80 43 1640 519 378 1121 725 345 144 93 73 52 51 1552 1392 84 56 141 118
internal_count=7027 3539 3512 3490 3406 134 97 49 48 3272 1632 80 43 1640 519 378 1121 725 345 144 93 73 52 51 1552 1392 84 56 141 118
is_linear=0
shrinkage=0.05


Tree=129
num_leaves=31
num_cat=0
split_feature=13 11 3 12 4 16 1 5 6 4 4 3 5 15 6 1 15 16 9 10 4 4 3 12 3 3 11 16 16 5
split_gain=12.792 0.823021 0.438611 0.544925 0.547561 0.891127 0.465333 0.599845 0.812285 0.544725 0.767175 1.56066 0.74006 0.714583 0.9 0.614035 0.492816 0.453233 0.36231 0.632954 0.382569 0.391645 0.487562 0.691768 0.379919 0.533249 0.35252 0.339246 0.960412 0.391142
threshold=0.020050251256281411 -1.8237865023002413 11.450000000000001 175.45503636807521 27.750000000000004 20.744090214195712 21.600000000000005 36.500000000000007 97.500000000000014 24.550000000000004 16.050000000000004 32.550000000000004 43.500000000000007 61.747350424128832 7.5000000000000009 151.60000000000002 30.671074998921799 20.897268160323353 0.66484924122790601 0.63207999751838684 10.550000000000002 16.350000000000005 31.850000000000005 113.70623384080967 28.450000000000003 24.250000000000004 45.877076233242633 20.219473845828855 20.342785861643737 32.500000000000007
decision_type=2 2 2 2 2 2 2 2 2 2 2 2 2 2 2 2 2 2 2 2 2 2 2 2 2 2 2 2 2 2
left_child=-1 -2 17 4 18 -6 -5 27 9 10 12 -12 13 16 -15 -14 -9 -3 -4 20 -20 22 24 -24 25 -22 -23 -8 -29 -30
right_child=1 2 3 6 5 -7 7 8 -10 -11 11 -13 15 14 -16 -17 -18 -19 19 -21 21 26 23 -25 -26 -27 -28 28 29 -31
leaf_value=-0.04808289880332197 0.0018721404893358641 0.0012862746491115952 -0.0020907059805313532 -0.0051622975485461449 0.013885720588507372 -0.0056339508581509604 -0.00083994371682379141 0.0055228903756273156 -0.00098458662655678602 -0.0049194421226647252 0.0077767695123673961 0.0018292552516274204 0.0030684176333352605 0.0015796837809630177 0.030206961124994811 -0.00081682333815018813 -0.0046244684404774432 -0.0014796032643136989 -0.001526476046707783 0.0032621037042776693 -0.0011596801217145293 3.6298967198580229e-05 0.019737947022867321 -0.0021549256991253 -0.0064882435214573993 0.0037385232543774905 -0.0014153180217087199 0.010024898085714801 -8.3431262579805604e-05 -0.000703884944349624
leaf_weight=3488 27 32 1002 70 39 32 376 27 111 22 24 73 28 20 20 105 29 27 192 38 62 42 29 38 35 37 61 29 848 64
leaf_count=3488 27 32 1002 70 39 32 376 27 111 22 24 73 28 20 20 105 29 27 192 38 62 42 29 38 35 37 61 29 848 64
internal_value=-0.00285115 -0.000733259 -0.000800115 -0.000873155 -0.00154636 0.00274648 -0.000287108 -0.000129506 0.00142701 0.00261494 0.00312883 0.00685567 0.00155022 0.00489583 0.01 -0.000864663 0.00125 0.00347458 -0.00174479 -0.000692885 -0.00116936 -6.57907e-05 0.0012189 0.00470149 -0.000522389 0.0010606 -0.00257282 -0.000671983 -0.00016472 -0.000449563
internal_weight=7027 3539 3512 3453 1607 71 1846 1776 459 348 326 97 229 96 40 133 56 59 1536 534 496 304 201 67 134 99 103 1317 941 912
internal_count=7027 3539 3512 3453 1607 71 1846 1776 459 348 326 97 229 96 40 133 56 59 1536 534 496 304 201 67 134 99 103 1317 941 912
is_linear=0
shrinkage=0.05


Tree=130
num_leaves=31
num_cat=0
split_feature=13 10 15 9 11 4 8 14 9 6 10 10 5 16 16 6 1 5 3 12 13 15 15 6 3 0 13 0 0 18
split_gain=13.0475 0.517325 0.708869 0.547921 1.10938 1.28018 0.854398 0.416614 0.474804 0.4 0.369807 0.355709 0.639076 0.359987 0.439532 0.355156 0.413782 1.94957 0.868093 0.379408 0.425306 0.374357 0.346184 0.778199 0.383513 0.323232 0.92331 1.02424 0.466667 0.454432
threshold=0.020050251256281411 0.63207999751838684 3.0683358808436991 0.67125374152323958 41.930302315728589 13.550000000000002 -0.60355339059327384 3.9461644063382608 0.98521098335796142 42.500000000000007 0.56312986467441595 0.45971571054515331 27.500000000000004 24.877873949468917 24.593510269226698 17.500000000000004 203.95000000000002 41.500000000000007 35.45000000000001 268.96181511421815 0.18158213768841017 20.642084309029503 30.671074998921799 6.5000000000000009 44.750000000000007 254.50000000000003 0.48771031937793791 344.50000000000006 286.50000000000006 38.056245951747449
decision_type=2 2 2 2 2 2 2 2 2 2 2 2 2 2 2 2 2 2 2 2 2 2 2 2 2 2 2 2 2 2
left_child=-1 7 -3 -4 5 6 -5 8 -2 -10 11 13 -13 14 15 16 17 18 -9 20 -17 -18 23 -23 -24 -22 27 28 -27 -28
right_child=1 2 3 4 -6 -7 -8 10 9 -11 -12 12 -14 -15 -16 19 21 -19 -20 -21 25 22 24 -25 -26 26 29 -29 -30 -31
leaf_value=-0.045678753863155869 -0.0048731721192620311 0.0022434219104384631 -0.00031672984381194303 0.021454719958824812 -0.0060823546616475925 -0.00034701856328864152 0.0018498810324985564 0.0009276662700645282 -0.0083279919649961402 0.0013263392743689025 -0.0048649121101190518 0.032375861790275233 -0.0010885123957076952 -0.007426608616192403 0.0019946617362707124 0.0050169945487024865 -0.0013745790319561748 0.0041863503307637811 -0.00062512791410068236 -0.00091708020001119621 -0.0051777237069307131 -0.00049810799889976945 -0.00035221585174180601 0.0062926902015242332 0.0014160240151968517 0.015778449318175833 -0.010366856413583342 0.00099997985020021428 -0.0050330529806966347 -0.00026450267991114871
leaf_weight=3488 295 36 416 20 35 21 23 23 20 20 50 36 34 49 22 30 98 38 107 291 90 72 914 27 37 20 76 40 28 571
leaf_count=3488 295 36 416 20 35 21 23 23 20 20 50 36 34 49 22 30 98 38 107 291 90 72 914 27 37 20 76 40 28 571
internal_value=-0.0028298 -0.000690874 0.000716877 0.000242717 0.00358586 0.0075 0.0124419 -0.00095047 -0.00261194 0.0025 -0.000740672 -0.000658856 0.00285714 -0.000756022 -0.000672304 -0.000735176 -0.000174773 0.00214286 -0.000769232 -0.00137871 -0.000847954 -0.000513938 -0.000238096 0.00257576 -0.000531021 -0.00106061 -0.000714287 0.00409091 -0.000833335 -0.00136785
internal_weight=7027 3539 551 515 99 64 43 2988 335 40 2653 2603 70 2533 2484 2462 1316 168 130 1146 855 1148 1050 99 951 825 735 88 48 647
internal_count=7027 3539 551 515 99 64 43 2988 335 40 2653 2603 70 2533 2484 2462 1316 168 130 1146 855 1148 1050 99 951 825 735 88 48 647
is_linear=0
shrinkage=0.05


Tree=131
num_leaves=31
num_cat=0
split_feature=13 10 11 6 5 10 1 2 2 4 2 13 1 0 4 6 17 17 18 0 4 2 3 3 3 10 13 16 12 12
split_gain=13.1331 0.566582 0.846026 0.989802 1.69152 0.606413 0.569093 0.500758 0.866667 0.466667 0.455215 1.13359 0.416159 0.688665 0.375743 0.364707 0.468566 0.466477 0.729784 1.00833 0.457728 0.471208 0.444444 0.381078 0.713644 0.352116 0.608176 0.324501 0.315525 0.295846
threshold=0.020050251256281411 -0.58427653070765284 6.2420705122950979 15.500000000000002 31.500000000000004 -0.57022117041332276 16.850000000000005 304.50000000000006 329.50000000000006 11.950000000000001 111.50000000000001 0.20048609849843999 93.950000000000017 45.500000000000007 11.850000000000003 8.5000000000000018 25.886778583209672 22.607766151996238 41.454449052722978 624.50000000000011 7.1500000000000012 316.50000000000006 35.150000000000013 34.150000000000013 38.650000000000013 -0.90878397393106225 0.10261641511641513 20.087402144586878 89.097288448179413 271.94074614720762
decision_type=2 2 2 2 2 2 2 2 2 2 2 2 2 2 2 2 2 2 2 2 2 2 2 2 2 2 2 2 2 2
left_child=-1 10 3 4 14 -4 -7 12 -9 -10 25 -12 28 -14 -3 16 20 18 -17 -20 -13 23 -21 -22 -25 26 27 -2 -8 -15
right_child=1 2 5 -5 -6 6 7 8 9 -11 11 15 13 29 -16 17 -18 -19 19 22 21 -23 -24 24 -26 -27 -28 -29 -30 -31
leaf_value=-0.043394816169998074 -4.028011249354848e-05 0.0018522388157446138 0.002967185698203997 -0.00043707762591782995 0.003807058184987955 0.001753212504031309 2.9039889051369261e-05 0.0040648966007273682 0.0025708796534793417 -0.0080454583302816771 0.0048028234703789783 -0.012368801525943945 0.0012307774380670739 -0.00028935559180443834 -0.00022788698481673647 -0.010921277405590707 -0.0031020215233191041 -0.0014540011538548691 0.0086827012953519436 0.0028459972922311332 0.0065133875630516112 0.0080500563123902663 -0.0022255325773204914 -0.015160524702658766 0.0011287217388711048 -0.0030655994797148477 -0.014881302366105126 0.0015903577880276446 -0.0054044529911481736 0.0020015821446226633
leaf_weight=3488 42 31 24 46 20 25 21 30 20 28 35 26 23 1670 20 115 199 470 27 20 32 37 25 62 90 168 54 20 110 49
leaf_count=3488 42 31 24 46 20 25 21 30 20 28 35 26 23 1670 20 115 199 470 27 20 32 37 25 62 90 168 54 20 110 49
internal_value=-0.00282269 -0.000676746 -0.000158244 0.00397436 0.00767606 -0.000400001 -0.000495953 -0.000592005 0.00333333 -0.000833335 -0.00144867 -0.00100176 -0.000755474 -0.000551092 0.00284314 -0.00128287 -0.000179373 -0.00203196 8.02127e-05 0.00402778 0.0012753 0.00201357 -0.000555557 0.00097826 -6.57907e-05 -0.00323944 -0.00112069 0.00225806 -0.00347328 -0.000666086
internal_weight=7027 3539 2117 117 71 2000 1976 1951 78 48 1422 1138 1873 1742 51 1103 446 657 187 72 247 221 45 184 152 284 116 62 131 1719
internal_count=7027 3539 2117 117 71 2000 1976 1951 78 48 1422 1138 1873 1742 51 1103 446 657 187 72 247 221 45 184 152 284 116 62 131 1719
is_linear=0
shrinkage=0.05


Tree=132
num_leaves=31
num_cat=0
split_feature=13 10 11 10 2 16 11 1 6 9 14 14 4 14 4 3 3 6 12 14 10 12 13 2 3 3 4 2 10 9
split_gain=13.0475 0.546032 0.573002 0.534911 0.584707 0.840199 0.845455 0.520489 0.414418 0.611494 0.444439 0.599649 0.396197 1.05209 0.59218 0.427859 0.807907 0.528764 0.383787 0.678082 0.3607 0.361612 0.366449 0.357735 0.461271 0.964126 0.684429 1.06667 0.631218 0.586997
threshold=0.020050251256281411 -0.58427653070765284 -1.8237865023002413 -0.57022117041332276 304.50000000000006 18.792711537985227 63.718750677909505 14.050000000000002 80.500000000000014 0.46735488928835739 60.421538932929742 58.89713035714562 15.15 53.041983816106644 16.850000000000005 35.550000000000004 33.650000000000013 23.500000000000004 79.367970074977151 10.282960876418951 -0.9574497222574998 279.40156660334981 0.76183250234843569 234.50000000000003 31.750000000000004 34.250000000000007 15.350000000000003 163.50000000000003 0.45971571054515331 0.93228057993045244
decision_type=2 2 2 2 2 2 2 2 2 2 2 2 2 2 2 2 2 2 2 2 2 2 2 2 2 2 2 2 2 2
left_child=-1 8 -3 -4 7 -6 -7 -5 9 10 11 12 15 14 -14 16 17 -2 -16 -20 -21 22 -22 24 28 26 -26 -28 29 -9
right_child=1 2 3 4 5 6 -8 23 -10 -11 -12 -13 13 -15 18 -17 -18 -19 19 20 21 -23 -24 -25 25 -27 27 -29 -30 -31
leaf_value=-0.041225075361498172 -0.010031319477512344 0.0015612734431451056 0.0027267417512791994 0.003427482187879834 0.0025240922729975355 -0.00047392918386097207 0.0023198391236133745 -0.0043367965819593414 -0.0043108670537315682 -0.001363474150517862 -0.0012765919431805572 0.013057025266585138 0.0014643162143168661 0.011900808935295 -0.0087511907284485886 -0.0010132596284217585 0.0046624850222876969 0.0030463836240879642 0.0027519463989949316 -0.00063282787931543609 -0.0024781280751683351 0.0045905953305898041 0.0024702871002578244 -0.00073922237189105549 0.0012641657347925151 -6.6498513640730425e-05 0.0001930255552264306 0.018796011441766167 4.2238827536617517e-05 -0.00024423552555269921
leaf_weight=3488 48 24 25 20 24 31 24 266 376 343 144 22 41 29 40 135 31 38 22 79 34 20 20 289 99 447 30 30 606 202
leaf_count=3488 48 24 25 20 24 31 24 266 376 343 144 22 41 29 40 135 31 38 22 79 34 20 20 289 99 447 30 30 606 202
internal_value=-0.0028298 -0.000690874 -0.000181862 -0.000269949 -0.000357835 0.00386076 0.000454544 -0.000525391 -0.00144867 -0.000936904 -9.24621e-05 0.000545616 0.000214152 0.00149123 0.000468749 -0.00123016 0.000982905 -0.00151163 -0.000581397 0.00042857 -0.000751635 0.00175676 -0.000370372 -0.000606908 -0.000327382 0.000775576 0.0041195 0.00833333 -0.000949722 -0.00232906
internal_weight=7027 3539 2117 2093 2068 79 55 1989 1422 1046 703 559 537 285 256 252 117 86 215 175 153 74 54 1969 1680 606 159 60 1074 468
internal_count=7027 3539 2117 2093 2068 79 55 1989 1422 1046 703 559 537 285 256 252 117 86 215 175 153 74 54 1969 1680 606 159 60 1074 468
is_linear=0
shrinkage=0.05


Tree=133
num_leaves=31
num_cat=0
split_feature=13 11 2 6 7 1 3 6 10 1 16 11 4 9 4 17 16 16 1 4 14 1 18 17 10 14 10 12 6 12
split_gain=13.1142 0.490027 0.446532 0.37185 0.462699 0.50244 1.17719 0.859524 1.02857 0.780416 0.658043 1.09082 1.25404 0.7254 0.851831 0.493059 0.707843 0.627451 0.421948 0.418078 1.25048 0.382016 0.466651 0.752315 0.372173 0.363656 0.357991 0.636923 1.001 0.341191
threshold=0.018359880627067459 -1.8237865023002413 387.50000000000006 67.500000000000014 0.91597561503675362 203.95000000000002 37.550000000000004 24.500000000000004 -0.84291031405530259 265.30000000000001 18.717095282344332 37.667460987063379 12.550000000000002 1.0000000180025095e-35 7.0500000000000007 31.225522872807968 21.088000487616952 20.482433691348486 424.30000000000001 26.550000000000004 33.339010850670356 318.25000000000006 34.399880583149859 27.889037661340694 -0.8140159405215136 83.695343200843851 -0.67758968959607091 101.69097151102746 98.500000000000014 175.45503636807521
decision_type=2 2 2 2 2 2 2 2 2 2 2 2 2 2 2 2 2 2 2 2 2 2 2 2 2 2 2 2 2 2
left_child=-1 -2 3 4 5 6 7 8 -3 -7 11 12 -11 14 -13 16 17 -10 -16 26 -21 -12 23 -23 -9 -24 -5 28 -28 -29
right_child=1 2 -4 19 -6 9 -8 24 15 10 21 13 -14 -15 18 -17 -18 -19 -20 20 -22 22 25 -25 -26 -27 27 29 -30 -31
leaf_value=-0.039163821593423263 0.001483209703226138 0.0049237297310344057 0.0022198662218757604 -0.0055002970443789254 -0.0047405624632769821 -0.002944840417197934 -0.00047019508219008332 0.0015247306527966494 0.0005107408139953378 6.096629381525736e-05 -0.0010562140286670522 -0.0096622268437848765 0.020070012675827538 -0.0084842755660262063 0.014272670210312805 0.0025338938997004714 -0.0013748549401029076 0.0017017641667927111 0.010373389910513562 0.017222178624071893 -0.00051179122339281558 0.01762052487220447 -0.00042757070034324092 0.0033879362908287042 -0.00085761468004038775 0.017896260064623092 -0.0040030451093707028 -0.00078655987001048601 0.0016851080119948429 -0.00015227586637790158
leaf_weight=3474 34 28 22 351 158 136 139 29 27 29 137 21 22 57 22 27 34 24 28 20 32 27 1472 117 41 24 29 168 35 263
leaf_count=3474 34 28 22 351 158 136 139 29 27 29 137 21 22 57 22 27 34 24 28 20 32 27 1472 117 41 24 29 168 35 263
internal_value=-0.00281557 -0.000679708 -0.000737427 -0.0007821 -0.000479032 -0.000309301 0.00144699 0.00380952 0.00607143 -0.000602296 -0.000347649 0.0025419 0.00872549 7.81238e-05 0.0034507 0.00392857 0.00205882 0.00578431 0.007 -0.00165924 0.00269231 -0.000638718 -0.00042683 0.00229167 -0.000714287 -0.000688504 -0.00192672 -0.00106061 0.00359375 -0.00175174
internal_weight=7027 3553 3519 3497 2599 2441 349 210 140 2092 1956 179 51 128 71 112 85 51 50 898 52 1777 1640 144 70 1496 846 495 64 431
internal_count=7027 3553 3519 3497 2599 2441 349 210 140 2092 1956 179 51 128 71 112 85 51 50 898 52 1777 1640 144 70 1496 846 495 64 431
is_linear=0
shrinkage=0.05


Tree=134
num_leaves=31
num_cat=0
split_feature=13 6 11 3 3 7 6 16 17 4 2 13 0 14 7 5 1 14 0 7 2 3 4 5 15 14 18 16 17 18
split_gain=13.095 0.455559 1.29872 0.610361 0.466525 0.482936 0.608839 0.445484 0.5 0.435772 0.38583 0.570096 0.72236 0.336286 0.299747 0.502579 0.380964 1.00157 0.965151 0.558496 0.447113 0.297815 0.747478 0.930769 0.591677 0.285573 0.58993 0.45511 0.805164 0.434907
threshold=0.01752281746793273 16.500000000000004 -1.8237865023002413 44.750000000000007 42.050000000000004 -0.98296291314453399 7.5000000000000009 21.70023506392695 31.579345589969101 21.350000000000005 31.500000000000004 0.070415698109857941 43.500000000000007 83.695343200843851 0.91597561503675362 67.500000000000014 212.10000000000002 7.0240826059441934 81.500000000000014 0.78656609248549325 90.500000000000014 39.750000000000007 22.350000000000005 25.500000000000004 39.993756213632864 56.584255833494076 70.680680839630142 19.092542169704419 23.628646176800469 61.602137314521649
decision_type=2 2 2 2 2 2 2 2 2 2 2 2 2 2 2 2 2 2 2 2 2 2 2 2 2 2 2 2 2 2
left_child=-1 2 -2 4 5 6 7 -4 -9 -5 -3 12 -12 14 16 -16 17 18 -7 20 -18 25 24 -24 -23 26 27 28 -22 -29
right_child=1 10 3 9 -6 13 -8 8 -10 -11 11 -13 -14 -15 15 -17 19 -19 -20 -21 21 22 23 -25 -26 -27 -28 29 -30 -31
leaf_value=-0.0372056305137521 0.0019574111978854602 -0.0026155679471723189 -0.00045835114866482136 0.0021336024983740621 -0.0018601349651445886 0.0010328985038319161 0.0022865841901983553 0.0024238757833170985 -0.00016378167860563392 -0.0019938149005313266 -0.00026613833577617739 -0.0005173079117582628 0.0015039581106140432 0.017001447061392224 -0.0047887131834648605 0.00019496774386739573 0.0043273235910849537 -0.00073028741622010746 0.0062334555923555602 -0.0094736639515437746 -0.00039688275776201317 0.0041636654508441359 0.01474420536457902 8.9239796395747516e-05 -0.0034089297678319107 -0.00053651491010069162 0.02442353117415564 -0.00022739706526812002 0.019511877399095441 -0.013853852408301096
leaf_weight=3460 20 92 33 23 109 30 23 25 25 26 27 1446 22 24 103 33 27 54 22 123 50 23 20 32 65 576 35 383 21 75
leaf_count=3460 20 92 33 23 109 30 23 25 25 26 27 1446 22 24 103 33 27 54 22 123 50 23 20 32 65 576 35 383 21 75
internal_value=-0.00280845 -0.000682648 -0.000176769 -0.000306124 -0.000447411 -0.000255273 0.00301887 0.0010241 0.004 0.00520408 -0.0013138 -0.0011204 0.00418367 -0.000459907 -0.00054426 -0.00279412 -0.000345053 0.00254717 0.0075 -0.000559442 -0.000256313 -0.000390626 0.00178571 0.00653846 -0.00102273 -0.000657896 0.000141843 -0.000274103 0.0034507 -0.00085153
internal_weight=7027 3567 1980 1960 1911 1802 106 83 50 49 1587 1495 49 1696 1672 136 1536 106 52 1430 1307 1280 140 52 88 1140 564 529 71 458
internal_count=7027 3567 1980 1960 1911 1802 106 83 50 49 1587 1495 49 1696 1672 136 1536 106 52 1430 1307 1280 140 52 88 1140 564 529 71 458
is_linear=0
shrinkage=0.05


Tree=135
num_leaves=31
num_cat=0
split_feature=13 2 10 13 6 3 0 4 14 0 16 5 18 12 5 5 15 9 18 13 11 4 9 9 0 4 13 4 4 12
split_gain=13.2656 0.436141 0.445619 1.00738 1.6789 2.34578 0.486275 0.418659 0.900484 0.773071 0.895639 0.580808 0.433925 0.484514 0.393283 1.76001 0.391903 0.365674 0.362864 0.576008 0.787815 0.522623 0.729954 0.66 0.460005 0.694231 0.453412 0.340971 0.508389 0.414981
threshold=0.01752281746793273 387.50000000000006 0.63207999751838684 0.19256210093588735 1.5000000000000002 15.350000000000003 43.500000000000007 27.350000000000005 12.233689732794824 733.00000000000011 20.744090214195712 24.500000000000004 2.3138100267741861 175.45503636807521 72.500000000000014 69.500000000000014 80.401147265117245 -0.99865756837029884 51.872505443285142 0.63812056149200258 40.300953373927022 11.350000000000003 -0.80133140505177991 -0.96460524310950169 815.50000000000011 17.550000000000004 0.80483628466421664 18.050000000000004 9.1500000000000004 132.96272516224579
decision_type=2 2 2 2 2 2 2 2 2 2 2 2 2 2 2 2 2 2 2 2 2 2 2 2 2 2 2 2 2 2
left_child=-1 2 7 4 5 -4 -6 12 -9 11 -11 -10 -2 17 15 16 18 -14 19 -15 -21 -20 23 -23 -24 -26 -22 28 29 -5
right_child=1 -3 3 27 6 -7 -8 8 9 10 -12 -13 13 14 -16 -17 -18 -19 21 20 26 22 24 -25 25 -27 -28 -29 -30 -31
leaf_value=-0.03534534898806449 -0.0014001256232171633 0.0021347383063696824 0.0010023135411897494 0.004634613647337334 -0.0014837136504107324 0.0045949737148600752 0.00013840728505409234 0.0061588771389419553 0.0012657471517663237 0.011970619625297704 -0.0017340327342779756 -0.00489072176255974 0.00019600967298534448 -6.4226827514079346e-05 -0.010273189180346767 0.002192643658826844 0.0082647683829836886 -0.0010551864833626011 -0.0034469634520508242 0.021465993801887514 -0.0004986833302681108 0.00018844050940059409 -0.0015237869956642239 0.017326269649367794 0.012477998308887121 -0.0027034585334835925 0.004476969242902239 0.0024056542430215622 -0.00065709153326111056 -0.00057039933638462705
leaf_weight=3460 133 22 27 37 31 20 20 22 30 23 26 69 36 665 43 25 43 1272 221 20 54 30 172 25 20 32 31 31 216 171
leaf_count=3460 133 22 27 37 31 20 20 22 30 23 26 69 36 665 43 25 43 1272 221 20 54 30 172 25 20 32 31 31 216 171
internal_value=-0.00279422 -0.000654613 -0.000698168 0.000605785 0.00520408 0.0120213 -0.00107843 -0.000939172 0.00147059 6.75664e-05 0.00520408 -0.00247475 -0.00108434 -0.00094645 -0.000293267 -0.000142004 -0.000392233 -0.00163609 -0.000551182 0.000129869 0.00357143 -0.0016 -0.000161292 0.005 -0.00142857 0.00269231 0.00147059 -0.000384617 -0.000754718 0.00100961
internal_weight=7027 3567 3545 553 98 47 51 2992 170 148 49 99 2822 2689 1381 1338 1313 1308 1270 770 105 500 279 55 224 52 85 455 424 208
internal_count=7027 3567 3545 553 98 47 51 2992 170 148 49 99 2822 2689 1381 1338 1313 1308 1270 770 105 500 279 55 224 52 85 455 424 208
is_linear=0
shrinkage=0.05


Tree=136
num_leaves=31
num_cat=0
split_feature=15 15 6 16 18 5 7 6 3 14 13 1 4 15 2 1 9 16 1 15 4 5 4 17 2 9 2 11 2 18
split_gain=12.9791 0.589781 1.02806 0.430291 0.373729 0.356158 0.299319 0.795302 1.23968 1.54526 0.353296 0.43048 0.53631 0.425587 0.539582 0.496393 1.14418 0.805111 0.99874 0.611442 0.48937 0.475682 0.427511 0.69912 0.495 0.619286 0.693822 1.01211 0.477788 0.470682
threshold=0.66663509656356035 1.104857663302558 1.0000000180025095e-35 13.31223909657855 41.964922141061898 6.5000000000000009 -0.98296291314453399 18.500000000000004 35.750000000000007 28.09591547843193 0.043850027340466342 59.150000000000013 24.450000000000003 20.642084309029503 32.500000000000007 277.40000000000003 0.93228057993045244 19.395020252743631 195.40000000000003 33.819010176970927 4.3500000000000005 76.500000000000014 7.2500000000000009 26.216152394423652 278.50000000000006 0.76665171983724034 156.50000000000003 41.419475026871275 203.50000000000003 22.246139491032846
decision_type=2 2 2 2 2 2 2 2 2 2 2 2 2 2 2 2 2 2 2 2 2 2 2 2 2 2 2 2 2 2
left_child=-1 2 -2 4 -3 -5 7 8 9 -7 -8 12 -12 14 21 16 17 18 -15 -20 -17 -13 23 -22 25 26 -25 -28 -29 -24
right_child=1 3 -4 5 -6 6 10 -9 -10 -11 11 13 -14 15 -16 20 -18 -19 19 -21 22 -23 29 24 -26 -27 27 28 -30 -31
leaf_value=-0.033578081538661264 0.0008676876299568173 -0.014191338827492732 -0.0010787678438712429 0.0011354577809555818 0.00061707997634979298 0.0033578148135595823 -0.0024628114675552975 -0.00042766849163972483 -0.00018121109442035968 -3.2029122525395755e-05 0.00010149376512176468 -0.0043224851045819941 0.006295705162470632 -0.0029741735051969694 -0.0024364065962129921 -0.0014852685545140142 0.0067424522770789495 -0.00070927221174022306 0.00062535307235114714 0.014234748484768942 -0.009825886873273626 0.0010905447842423405 0.0029437030926737829 -0.0032862065616950649 0.015992789566187927 -0.0020661428762719842 0.0098640047444200213 -0.017277723043597409 0.0050148524232605067 -0.0004367825638283522
leaf_weight=3479 23 98 22 31 20 37 72 137 58 30 124 20 21 63 460 164 28 88 21 27 64 23 36 51 20 60 33 25 31 1661
leaf_count=3479 23 98 22 31 20 37 72 137 58 30 124 20 21 63 460 164 28 88 21 27 64 23 36 51 20 60 33 25 31 1661
internal_value=-0.00281557 -0.000687713 0.005 -0.000760778 -0.00372881 -0.000657313 -0.00070662 0.000916029 0.0038 0.00843283 -0.000844115 -0.000761591 0.00189655 -0.000895653 -0.0022167 -0.000615516 0.00160793 0.000276381 0.00310811 0.00854167 -0.000850817 0.00313953 -0.00063352 0.00116197 0.0025 0.00175 0.00357143 0.00623595 0.00214286 -0.000934002
internal_weight=7027 3548 45 3503 118 3385 3354 262 125 67 3092 3020 145 2875 503 2372 227 199 111 48 2145 43 1981 284 220 200 140 89 56 1697
internal_count=7027 3548 45 3503 118 3385 3354 262 125 67 3092 3020 145 2875 503 2372 227 199 111 48 2145 43 1981 284 220 200 140 89 56 1697
is_linear=0
shrinkage=0.05


Tree=137
num_leaves=31
num_cat=0
split_feature=18 6 11 5 11 3 5 1 4 2 3 1 14 16 14 5 18 1 9 1 9 10 14 13 16 5 17 15 4 15
split_gain=12.9362 0.370124 0.838457 1.10394 1.86305 0.633715 0.727513 0.613208 0.462427 0.441635 0.923644 0.66242 0.482316 0.481268 0.453173 0.437505 0.36945 0.970595 0.779625 0.548087 0.419002 0.8415 0.362074 0.408952 0.536387 0.342479 0.395267 0.566243 0.501162 0.595055
threshold=0.58164303268527673 17.500000000000004 10.347694026713762 37.500000000000007 6.2420705122950979 29.950000000000003 79.500000000000014 99.300000000000026 10.250000000000002 304.50000000000006 30.050000000000004 501.10000000000008 47.104354536635242 14.351409786394994 40.051975395449624 6.5000000000000009 9.4414467071583399 212.10000000000002 0.14153898451656996 306.25000000000006 -0.99628894895067444 -0.0387208465846701 83.695343200843851 0.88705569184195421 18.317493928459584 27.500000000000004 32.453208889975478 68.568879458913685 10.15 50.884932916823054
decision_type=2 2 2 2 2 2 2 2 2 2 2 2 2 2 2 2 2 2 2 2 2 2 2 2 2 2 2 2 2 2
left_child=-1 2 3 7 -5 6 -6 -2 -9 13 -11 12 14 -3 -12 -4 -17 18 -18 -19 21 -21 23 24 -22 26 27 28 -26 -30
right_child=1 9 15 4 5 -7 -8 8 -10 10 11 -13 -14 -15 -16 16 17 19 -20 20 22 -23 -24 -25 25 -27 -28 -29 29 -31
leaf_value=-0.031899177461728205 -0.00063060648404575912 -0.013781548282916924 0.0026669091970981246 0.0029511369103127757 -0.0048880809471595543 0.00092567774945057188 0.0010600743069234858 0.0024670017281871615 -9.9666382035930713e-05 0.0023874961108210973 -0.00077681537533781317 0.0064639743271452006 -0.012805662380298106 -0.00040977537410564482 0.0010458117078428924 -0.0035210226520866594 0.0038566745358607798 -0.0035957459016618615 0.00041051195112895913 0.0055984137136473669 0.016484435576489955 -0.00030089235080108065 0.015759975417364656 -0.0005573649528362954 -0.00065147143174083138 -0.00053318257281945419 -0.0051272350079762897 0.07503839539354841 0.0063833565469793643 -0.0002895837552882228
leaf_weight=3450 83 125 22 23 33 29 21 26 33 23 28 24 139 1188 23 123 22 149 39 21 37 52 24 526 92 399 42 21 130 80
leaf_count=3450 83 125 22 23 33 29 21 26 33 23 28 24 139 1188 23 123 22 149 39 21 37 52 24 526 92 399 42 21 130 80
internal_value=-0.00281557 -0.000708696 -0.000263938 0.00245968 0.00632075 0.00283132 -0.000370372 -0.000422536 0.00347458 -0.00129032 0.000696201 -0.000327104 -0.00131579 -0.0016489 0.00284314 -0.000643621 -0.000731361 -0.000532437 0.00565574 -0.000772411 -0.000470507 0.00321918 -0.000669875 -0.000779956 -6.86654e-05 -0.000353404 0.000753423 0.00134675 0.000794701 0.00214286
internal_weight=7027 3577 2027 248 106 83 54 142 59 1550 237 214 190 1313 51 1779 1757 1634 61 1573 1424 73 1351 1327 801 764 365 323 302 210
internal_count=7027 3577 2027 248 106 83 54 142 59 1550 237 214 190 1313 51 1779 1757 1634 61 1573 1424 73 1351 1327 801 764 365 323 302 210
is_linear=0
shrinkage=0.05


Tree=138
num_leaves=31
num_cat=0
split_feature=18 2 2 10 3 2 4 16 4 4 9 11 2 13 10 5 17 3 14 5 6 16 5 2 2 4 6 6 15 13
split_gain=12.8521 0.444633 0.463227 0.92973 0.642756 0.583333 1.01818 0.81 0.688095 1.66401 0.880432 0.394295 0.421856 1.59837 0.97572 0.327394 0.326071 0.309133 0.277314 0.253293 0.265081 0.349572 0.689909 0.520586 0.722222 1.11599 0.444878 0.414079 0.289125 0.673681
threshold=0.58164303268527673 387.50000000000006 55.500000000000007 0.89771014032557062 8.6500000000000004 34.500000000000007 19.150000000000002 20.761769757961911 16.450000000000003 14.15 0.7086201161944764 6.2420705122950979 101.50000000000001 0.18158213768841017 -0.70862667826445969 6.5000000000000009 30.666166351832597 28.550000000000004 83.695343200843851 8.5000000000000018 80.500000000000014 18.646163228713728 36.500000000000007 256.50000000000006 190.50000000000003 13.750000000000002 33.500000000000007 1.5000000000000002 20.413626351964634 0.31823425778586051
decision_type=2 2 2 2 2 2 2 2 2 2 2 2 2 2 2 2 2 2 2 2 2 2 2 2 2 2 2 2 2 2
left_child=-1 2 3 5 -5 6 16 -8 9 10 17 -4 -13 14 -14 -15 -2 -7 19 -17 21 22 26 24 25 27 -21 -24 -23 -30
right_child=1 -3 11 4 -6 8 7 -9 -10 -11 -12 12 13 15 -16 18 -18 -19 -20 20 -22 28 23 -25 -26 -27 -28 -29 29 -31
leaf_value=-0.030304218588641792 -0.0021527650328008164 0.0023582369887028536 0.0036759505819622795 0.00062212134614058115 0.0014248923134045554 -0.001872910092216842 -0.00082563361388647669 0.0007697818225072989 -0.0010905922047722376 0.0055649355103415763 0.0027661079645307095 -0.0017802942722949062 0.0042784583394856 0.0018276859807529564 0.00043319867509388784 -0.0057172040047094108 0.0010165879425224453 0.00037693047206236981 0.012091844713942989 -0.0027981338393001489 -0.0010986615648913478 -0.0010696906442639611 0.0059482365569505577 0.0047053424820811401 -0.012294353620641013 0.018722759019236999 0.00034056971292689334 -0.019595769189214327 0.01447267245652956 -0.0003213414926455249
leaf_weight=3450 145 22 24 22 21 33 25 20 35 20 24 328 21 26 23 63 20 28 28 57 601 169 21 43 32 26 25 25 30 1620
leaf_count=3450 145 22 24 22 21 33 25 20 35 20 24 328 21 26 23 63 20 28 28 57 601 169 21 43 32 26 25 25 30 1620
internal_value=-0.00282269 -0.000722674 -0.000766527 0.000852416 0.0077907 -1.19209e-09 -0.00166667 0.005 0.0025 0.00452381 0.00147059 -0.000967743 -0.00101657 -0.000818507 0.00863636 -0.000968909 -0.00348485 -0.00172131 -0.0010219 -0.00107301 -0.000998491 -0.00072754 0.00111354 0.00316326 0.00125 0.00402778 -0.00256098 -0.000652175 -0.000959319 -0.000757577
internal_weight=7027 3577 3555 393 43 350 210 45 140 105 85 3162 3138 2810 44 2766 165 61 2740 2712 2649 2048 229 147 104 72 82 46 1819 1650
internal_count=7027 3577 3555 393 43 350 210 45 140 105 85 3162 3138 2810 44 2766 165 61 2740 2712 2649 2048 229 147 104 72 82 46 1819 1650
is_linear=0
shrinkage=0.05


Tree=139
num_leaves=31
num_cat=0
split_feature=13 13 2 14 4 3 7 16 5 17 2 15 14 18 9 14 18 13 2 3 3 0 13 0 18 10 17 15 18 1
split_gain=13.4803 0.640653 1.56672 1.34436 0.776033 1.06534 0.510553 0.452268 0.951452 0.645306 0.443302 0.416104 0.658573 0.439547 0.360994 0.25829 0.242482 0.558953 0.985008 0.834688 1.17157 0.578966 1.42812 0.450111 0.714093 0.67055 1.35087 0.527034 0.468673 0.615622
threshold=0.015364257049990013 0.072857000049982509 43.500000000000007 18.953793107244671 15.350000000000003 15.350000000000003 0.91597561503675362 20.917875680437216 35.500000000000007 24.350024877187753 387.50000000000006 6.6433579000110505 21.498031400710108 6.8248233501713296 -0.99052327954040364 83.695343200843851 7.8152561656557316 0.20048609849843999 118.50000000000001 37.350000000000001 31.350000000000005 231.50000000000003 0.30152419456589125 331.50000000000006 34.399880583149859 -0.58427653070765284 27.997185203180379 24.681704087476106 19.931585178527687 420.85000000000008
decision_type=2 2 2 2 2 2 2 2 2 2 2 2 2 2 2 2 2 2 2 2 2 2 2 2 2 2 2 2 2 2
left_child=-1 2 3 4 5 -2 10 9 -9 -6 11 12 -3 -14 -7 16 -13 18 19 20 -18 -19 -23 28 25 -25 -27 -26 -24 -30
right_child=1 6 -4 -5 7 14 -8 8 -10 -11 -12 15 13 -15 -16 -17 17 21 -20 -21 -22 22 23 24 27 26 -28 -29 29 -31
leaf_value=-0.028789007659209706 0.00085568072191753188 -0.0042091299079576178 0.0055710288519192144 0.0018959358605718964 0.00022561454015677959 2.0527939807133457e-05 -0.010767641749143651 -4.0843783405391131e-05 0.001150838646354487 -0.0019847111981102549 0.0022403251392676296 -0.00086102434664824294 0.0029440042377040943 0.0013520810106803481 -0.001453593507316521 0.011487252478246189 -0.00074619828514170235 -0.0019982799583993446 0.014148691698290364 -0.00040634964309531514 0.00098722840735474232 0.010465952927195038 0.0056508232632276091 0.00043980019774080177 0.00027950079228781746 0.012775082373514641 -0.00048073281694284919 -0.00035026094318816312 -0.0056627858248183352 0.0041091586661552498
leaf_weight=3432 31 35 20 28 26 20 133 21 20 38 22 76 20 21 147 28 56 273 20 44 26 35 31 99 34 20 22 1992 200 57
leaf_count=3432 31 35 20 28 26 20 133 21 20 38 22 76 20 21 147 28 56 273 20 44 26 35 31 99 34 20 22 1992 200 57
internal_value=-0.00275865 -0.000618916 0.00141026 0.000589123 -0.000379539 -0.00222222 -0.000838472 0.00309524 0.00719512 0.000468749 -0.000708777 -0.000759147 0.00289474 0.00719512 -0.0038024 -0.000851312 -0.000896149 -0.000823308 0.00219178 0.000555554 0.00353658 -0.000982629 -0.000742973 -0.000885948 -0.000639134 0.00280142 0.00809524 -0.00087858 -0.00274306 -0.00344358
internal_weight=7027 3595 351 331 303 198 3244 105 41 64 3111 3089 76 41 167 3013 2985 2909 146 126 82 2763 2490 2455 2167 141 42 2026 288 257
internal_count=7027 3595 351 331 303 198 3244 105 41 64 3111 3089 76 41 167 3013 2985 2909 146 126 82 2763 2490 2455 2167 141 42 2026 288 257
is_linear=0
shrinkage=0.05


Tree=140
num_leaves=31
num_cat=0
split_feature=13 10 0 4 4 2 18 16 14 17 13 3 5 5 0 5 8 3 14 4 11 15 17 18 13 1 10 4 5 10
split_gain=13.3097 0.617277 1.36965 0.472849 0.687409 0.733393 0.546717 0.915126 0.439567 0.376289 0.709363 0.36 0.297579 0.32739 1.5758 0.472343 0.93648 0.449666 0.301194 0.290675 0.274925 0.556462 0.676258 0.476407 0.581043 1.39198 0.425386 0.35014 0.322094 0.261599
threshold=0.015364257049990013 0.93225468035816139 40.500000000000007 27.350000000000005 30.150000000000002 309.50000000000006 23.014631295436434 20.328365878641169 73.523255476990641 29.684328340084551 0.32046165541034416 20.250000000000004 80.500000000000014 69.500000000000014 615.50000000000011 72.500000000000014 -0.37940952255126015 29.750000000000004 83.695343200843851 7.6500000000000012 5.6372934956126679 2.8589336441309938 31.669255773338811 9.7366163776564072 0.20048609849843999 220.90000000000003 0.1159303052754759 16.350000000000005 65.500000000000014 0.89771014032557062
decision_type=2 2 2 2 2 2 2 2 2 2 2 2 2 2 2 2 2 2 2 2 2 2 2 2 2 2 2 2 2 2
left_child=-1 3 -3 12 6 -6 -5 -8 9 10 -4 -10 13 18 15 16 -15 -17 20 -12 21 26 -23 28 25 -25 27 -2 -22 -26
right_child=1 2 8 4 5 -7 7 -9 11 -11 19 -13 -14 14 -16 17 -18 -19 -20 -21 23 22 -24 24 29 -27 -28 -29 -30 -31
leaf_value=-0.027349557276249221 -0.00080548680007106333 0.0012588509655938305 0.0039146312404534948 0.0037108453355223139 -0.0029457677077302036 0.00012928164167423135 0.0069007315739523407 -0.0019080848955174712 -0.00049376893792097559 -0.0024744467823148994 0.0029086287537311859 0.032711555376266209 -0.0045896844686918459 -0.0026453255186653047 0.0080869366694535857 0.00030482827285001628 0.002798647234589148 -0.0074061943745532379 0.011632922837472165 -0.001881953850120409 -0.0008216606447550125 0.0024892229970516692 -0.00072458403760359896 0.0071836058245139771 -0.00036428907576498121 -0.012462568743305981 0.00026844428850426232 9.8001652303384565e-05 0.00090941038615885948 -0.0056500522142003727
leaf_weight=3432 60 21 26 25 75 21 28 40 25 66 25 20 140 35 21 58 26 66 27 42 294 41 21 26 2208 21 26 42 28 41
leaf_count=3432 60 21 26 25 75 21 28 40 25 66 25 20 140 35 21 58 26 66 27 42 294 41 21 26 2208 21 26 42 28 41
internal_value=-0.00277288 -0.000646733 0.00188889 -0.000816025 0.00161376 -0.00135417 0.00467742 0.00235294 0.000637254 -0.000597485 0.00145161 0.005 -0.000960391 -0.000856627 0.00106796 -0.000405407 0.00319672 -0.00217742 -0.000996474 -0.00126866 -0.00104701 0.000789472 0.00467742 -0.00118029 -0.000927702 0.00457447 -0.00109375 -0.00254902 -0.00298137 -0.00104269
internal_weight=7027 3595 225 3370 189 96 93 68 204 159 93 45 3181 3041 206 185 61 124 2835 67 2808 190 62 2618 2296 47 128 102 322 2249
internal_count=7027 3595 225 3370 189 96 93 68 204 159 93 45 3181 3041 206 185 61 124 2835 67 2808 190 62 2618 2296 47 128 102 322 2249
is_linear=0
shrinkage=0.05


Tree=141
num_leaves=31
num_cat=0
split_feature=18 11 6 11 3 12 1 18 3 9 9 11 5 4 2 3 14 17 12 13 1 6 18 15 13 13 17 17 8 17
split_gain=12.9331 0.770949 0.457597 0.5639 0.704539 0.708977 0.54428 0.570583 0.731476 0.406251 0.7391 0.519047 0.535808 0.441558 0.390291 0.389607 0.341111 0.345757 0.339584 0.361608 1.11958 1.16684 0.387677 0.517236 0.93487 0.370775 0.625153 0.334278 0.828003 0.426501
threshold=0.58164303268527673 -2.4882949219403039 24.500000000000004 10.347694026713762 37.750000000000007 272.66343242860182 309.45000000000005 34.399880583149859 36.850000000000001 0.53436760985011655 0.37371625404731906 6.2420705122950979 67.500000000000014 10.450000000000001 106.50000000000001 16.150000000000002 83.695343200843851 32.204070570066257 292.17415692297942 0.86221451006242977 369.75000000000006 97.500000000000014 62.222568649603481 62.169725855505227 0.99365302300695568 0.9404292765045722 29.382213553768732 31.871441003905183 -0.78656609248549325 30.238850774808856
decision_type=2 2 2 2 2 2 2 2 2 2 2 2 2 2 2 2 2 2 2 2 2 2 2 2 2 2 2 2 2 2
left_child=-1 -2 3 4 5 9 -5 8 14 10 11 -3 -13 -11 15 -8 17 27 19 -4 21 -21 -22 24 -24 26 -25 29 -29 -9
right_child=1 2 18 6 -6 -7 7 16 -10 13 -12 12 -14 -15 -16 -17 -18 -19 -20 20 22 -23 23 25 -26 -27 -28 28 -30 -31
leaf_value=-0.02598207941243676 0.00060629185063776326 0.0021746998149387016 -0.00066769224899764965 -0.00091474287561292176 -0.0010080266179227522 0.0018832252786264013 -0.00013170916182271989 -3.6051106971505605e-05 0.0110862504289975 0.00092307747893811054 0.0010945925952530473 -0.0017379904984867267 0.00092097142356425705 -0.00047163526693686804 -0.0014330068241411517 0.0076755197158476299 0.013211375645013233 -0.0040917802006227534 0.00011522301257203638 0.0023151127856833363 -0.014893855870027943 -0.0012483518156122782 0.010869553454801388 0.00054630033808685083 -0.00097553499060209223 -0.0013018727633740477 -0.0041774896118300202 -0.0020753211594462763 0.0086986857438009976 -0.0014637784209584421
leaf_weight=3450 22 22 1038 372 54 29 21 1041 26 22 20 50 22 34 76 25 24 81 20 22 56 23 20 39 29 102 24 31 22 210
leaf_count=3450 22 22 1038 372 54 29 21 1041 26 22 20 50 22 34 76 25 24 81 20 22 56 23 20 39 29 102 24 31 22 210
internal_value=-0.00280134 -0.000694717 -0.000752463 -0.000302476 0.00191699 0.00329146 -0.000593573 -0.000183046 0.00277027 0.00205882 0.00377193 0.00191489 -0.00013889 -0.00142857 0.00114754 0.00478261 -0.000493259 -0.000595669 -0.00146759 -0.00156319 -7.93663e-05 0.00722222 -0.0012963 -0.000327104 0.00418367 -0.00166667 0.00134921 -0.000398774 0.00349056 -0.00056355
internal_weight=7027 3577 3555 2182 253 199 1929 1557 148 170 114 94 72 56 122 46 1409 1385 1373 1353 315 45 270 214 49 165 63 1304 53 1251
internal_count=7027 3577 3555 2182 253 199 1929 1557 148 170 114 94 72 56 122 46 1409 1385 1373 1353 315 45 270 214 49 165 63 1304 53 1251
is_linear=0
shrinkage=0.05


Tree=142
num_leaves=31
num_cat=0
split_feature=18 11 6 2 4 11 10 4 5 2 2 3 18 3 12 0 0 13 13 16 13 1 16 3 0 0 17 15 15 18
split_gain=13.219 1.29551 0.350643 0.516066 0.375629 0.350443 0.481177 0.507875 0.454294 0.413776 0.404281 0.348486 0.491773 0.883959 0.869596 0.342705 0.800555 0.763559 0.489718 0.357567 0.708145 1.11394 0.374586 0.341624 0.330297 0.286852 0.374842 0.465754 0.4 0.325416
threshold=0.34929047467215518 -2.4882949219403039 91.500000000000014 346.00000000000006 27.950000000000003 12.330998969456521 0.84750952922804623 23.850000000000005 6.5000000000000009 29.500000000000004 64.500000000000014 24.750000000000004 6.9911626293997502 34.350000000000001 96.037469610964578 452.50000000000006 483.00000000000006 0.60619802878730333 0.54682486631016058 18.717095282344332 0.89737130288061595 411.15000000000003 17.781630812348553 38.550000000000004 136.50000000000003 588.50000000000011 24.70824745632007 50.130243763031487 48.380807188321221 48.004898941830156
decision_type=2 2 2 2 2 2 2 2 2 2 2 2 2 2 2 2 2 2 2 2 2 2 2 2 2 2 2 2 2 2
left_child=-1 -2 3 5 -4 6 7 9 -7 -3 -8 -11 13 14 -13 -10 17 18 -17 20 21 -18 -22 -15 -14 29 -27 28 -28 -21
right_child=1 2 4 -5 -6 8 10 -9 15 11 -12 12 24 23 -16 16 19 -19 -20 25 22 -23 -24 -25 -26 26 27 -29 -30 -31
leaf_value=-0.024682975441814924 0.0011655939268401169 -0.0013729936040425628 -0.00077797129139446977 0.00049686831622957511 0.0067193444655958452 0.0023997716088304637 0.0022917789559670667 0.00048078333718599075 -0.00047598795664981273 -0.0011190248922250494 -0.0013054241334144398 1.3180236554656398e-05 -0.0012230312448418129 -0.00036458190180979264 0.0019881887843315156 0.017916145271357705 -0.004567834084371441 0.03293403482272006 -0.0011667921596118227 -8.3057625134362882e-05 -0.0013598094884326975 0.017364285468799725 0.00055052817136733926 0.0003099569582591488 0.00031732376287105165 -0.0044961304850607894 -4.9858691873492372e-05 -0.00018046746556867006 0.018354510217342527 -0.0039845907813837898
leaf_weight=3420 31 127 679 20 28 22 33 25 916 35 21 23 34 34 28 27 24 33 41 94 47 23 39 28 27 100 20 881 20 147
leaf_count=3420 31 127 679 20 28 22 33 25 916 35 21 23 34 34 28 27 24 33 41 94 47 23 39 28 27 100 20 881 20 147
internal_value=-0.00277288 -0.000661215 -0.000749442 -0.000503661 -0.00174682 -0.000559847 0.000783131 0.000124653 -0.000788826 -0.000386906 0.00518518 0.00098086 0.00189655 0.00384956 0.00872549 -0.000854064 -0.000387702 0.00391089 0.000882352 -0.000698926 0.00176692 0.00670213 -0.000930234 -0.000161292 -0.00172131 -0.000958797 -0.000592558 -0.000276874 0.005 -0.00251037
internal_weight=7027 3607 3576 2869 707 2849 415 361 2434 336 54 209 174 113 51 2412 1496 101 68 1395 133 47 86 62 61 1262 1021 921 40 241
internal_count=7027 3607 3576 2869 707 2849 415 361 2434 336 54 209 174 113 51 2412 1496 101 68 1395 133 47 86 62 61 1262 1021 921 40 241
is_linear=0
shrinkage=0.05


Tree=143
num_leaves=31
num_cat=0
split_feature=18 11 4 4 4 12 5 3 3 17 17 1 15 6 10 4 1 6 9 18 14 0 18 15 18 6 14 5 16 9
split_gain=12.9668 0.926351 0.31576 0.375546 0.717629 0.353854 0.576621 0.545824 0.697617 0.63794 1.18839 0.635504 0.536947 1.51626 0.517281 1.18575 0.497276 0.492973 0.439718 0.410927 1.62828 1.09809 1.65172 0.536508 0.99108 0.480737 0.450719 0.464372 0.631431 0.445072
threshold=0.34929047467215518 -2.4882949219403039 33.550000000000004 30.550000000000004 29.750000000000004 147.7585125690716 74.500000000000014 37.550000000000004 37.050000000000004 23.816073240064274 23.587619580276556 475.15000000000003 6.6433579000110505 19.500000000000004 -0.79354221435844496 16.350000000000005 11.050000000000002 43.500000000000007 0.53436760985011655 38.533256976938823 57.065418262902234 611.50000000000011 43.174417201818464 46.007977412024609 48.360499163939224 18.500000000000004 73.129073178471671 36.500000000000007 21.054447911324178 0.93836870211866363
decision_type=2 2 2 2 2 2 2 2 2 2 2 2 2 2 2 2 2 2 2 2 2 2 2 2 2 2 2 2 2 2
left_child=-1 -2 3 4 5 16 7 8 12 10 17 -10 13 18 15 -14 -3 -9 -7 25 21 22 -21 -22 -25 -16 -26 29 -29 -28
right_child=1 2 -4 -5 -6 6 -8 9 11 -11 -12 -13 14 -15 19 -17 -18 -19 -20 20 23 -23 -24 24 26 -27 27 28 -30 -31
leaf_value=-0.023448826669724178 0.0011073142304981107 0.00039214275039344812 0.00015137556205492775 -0.0083964600836796376 0.00184227932766011 0.002318747388378816 -0.0066233743726168961 -0.0025279376547283367 0.014359774281950106 -0.00052751040140466788 0.0033655881607272281 0.0026359611631731916 -0.0012416013740984182 -0.0012697019505652201 3.7236069462538268e-06 0.0053810246780002149 -0.00078467030454573152 0.00052917730598404749 0.00056304728282648392 0.017104458650217116 -0.0013015852114455504 0.042158932200813938 -0.000787839698221458 0.020648386471372831 -0.00040247156968050779 -0.0016530958805430305 -0.001176724573861479 -0.0055482240630482758 0.019439960930325004 0.0058183363179759896
leaf_weight=3420 31 38 33 53 23 34 66 38 28 611 28 40 33 49 135 26 1363 37 23 28 70 29 62 24 283 169 142 22 21 68
leaf_count=3420 31 38 33 53 23 34 66 38 28 611 28 40 33 49 135 26 1363 37 23 28 70 29 62 24 283 169 142 22 21 68
internal_value=-0.00279422 -0.000702801 -0.000777406 -0.00082275 -0.000759314 -0.000817711 -0.000401744 -0.000250001 0.000365473 -0.00135854 0.00228155 0.00529412 9.03108e-05 0.00349056 -0.000233814 0.00432203 -0.00143112 -0.001 0.00903509 -0.00048908 0.000140186 0.0055042 0.00277778 -0.000873017 -0.000357144 -0.00203947 -0.00080224 0.000731224 0.00546512 -0.000238096
internal_weight=7027 3607 3576 3543 3490 3467 2066 2000 1286 714 103 68 1218 106 1112 59 1401 75 57 1053 749 119 90 630 560 304 536 253 43 210
internal_count=7027 3607 3576 3543 3490 3467 2066 2000 1286 714 103 68 1218 106 1112 59 1401 75 57 1053 749 119 90 630 560 304 536 253 43 210
is_linear=0
shrinkage=0.05


Tree=144
num_leaves=31
num_cat=0
split_feature=18 11 6 11 15 1 5 4 14 9 16 2 0 9 4 4 1 0 16 1 2 6 16 4 2 4 4 10 17 1
split_gain=12.4697 0.944343 0.437703 0.570718 0.4809 0.468794 0.434977 0.843344 0.636021 0.608477 0.768058 0.392432 0.494225 0.585971 0.352713 0.346814 0.550476 0.347271 0.675716 0.731393 0.380952 0.33543 0.323626 0.349915 0.311453 0.277778 0.711852 0.348876 0.264652 0.261004
threshold=0.34929047467215518 -2.4882949219403039 80.500000000000014 15.292876761204198 20.642084309029503 72.550000000000026 19.500000000000004 23.850000000000005 17.325652384954012 0.03872192231363817 21.313206764098577 36.500000000000007 157.50000000000003 0.73248728852523659 4.3500000000000005 5.1500000000000012 571.95000000000016 841.00000000000011 22.203956883543508 560.95000000000016 225.50000000000003 43.500000000000007 12.96724426649987 27.950000000000003 382.50000000000006 20.450000000000003 15.350000000000003 0.63207999751838684 29.496565652032704 484.35000000000008
decision_type=2 2 2 2 2 2 2 2 2 2 2 2 2 2 2 2 2 2 2 2 2 2 2 2 2 2 2 2 2 2
left_child=-1 -2 3 6 5 -5 11 8 21 10 -10 -3 13 -13 -6 16 -16 29 19 -19 -20 25 -4 24 -24 26 27 -8 -11 -17
right_child=1 2 22 4 14 -7 7 -9 9 28 -12 12 -14 -15 15 17 -18 18 20 -21 -22 -23 23 -25 -26 -27 -28 -29 -30 -31
leaf_value=-0.022276385336237967 0.0010519485189732032 -0.0017477755609248283 -0.013191687852950322 0.0031535710110000429 -0.001086091334795102 -0.0019354083559694928 -0.00040492227221775463 0.00050263045971091008 0.0035214162305016029 -0.0012324993289377043 0.00014090058520127742 0.00054053116107287587 -0.0010828667041628695 -6.3539382974024783e-05 0.029162510445415825 1.1671604455862497e-06 -0.00097593553867614626 -0.0004372465214504338 0.012268913420142366 0.016293225692918575 -0.01695794488038628 -0.0027006840834776723 -0.00062199567711679739 0.011379782635516981 0.00076971353834326655 -0.0015782917702509625 0.00031331637900510671 0.00078654090421138899 0.003290822684859702 -0.00041600742278702303
leaf_weight=3420 31 48 75 30 131 308 103 21 38 26 20 20 29 51 25 709 35 21 24 26 32 32 705 28 22 20 25 32 28 912
leaf_count=3420 31 48 75 30 131 308 103 21 38 26 20 20 29 51 25 709 35 21 24 26 32 32 705 28 22 20 25 32 28 912
internal_value=-0.00283692 -0.000785973 -0.000861299 -0.000557175 -0.000894364 -0.00263314 0.000983772 0.00195652 0.00132716 0.004375 0.00793103 -0.00128378 0.000499999 0.00274648 -0.000587469 -0.000403589 0.00333333 -0.000533644 0.00228155 0.00670213 -0.00142857 -0.00028302 -0.00186747 -0.00155629 -0.00176754 0.000555554 0.00125 -0.000185186 0.000555554 -0.000712524
internal_weight=7027 3607 3576 2746 2253 338 493 345 324 112 58 148 100 71 1915 1784 60 1724 103 47 56 212 830 755 727 180 160 135 54 1621
internal_count=7027 3607 3576 2746 2253 338 493 345 324 112 58 148 100 71 1915 1784 60 1724 103 47 56 212 830 755 727 180 160 135 54 1621
is_linear=0
shrinkage=0.05


Tree=145
num_leaves=31
num_cat=0
split_feature=18 11 6 10 2 3 11 10 3 9 4 14 2 5 11 15 3 17 10 6 9 0 4 13 5 6 8 13 0 2
split_gain=12.4697 0.944343 0.356811 0.468005 0.695248 0.479899 0.670263 0.475023 0.468864 0.420125 0.417996 1.17968 0.361832 0.346586 1.04351 0.783047 0.620691 0.779538 0.455808 0.518148 0.374325 1.07738 1.00087 0.350481 0.333857 0.957118 0.330662 0.323722 1.80085 0.44971
threshold=0.34929047467215518 -2.4882949219403039 24.500000000000004 0.63207999751838684 64.500000000000014 29.850000000000005 52.524959359053447 0.25951179706979971 13.850000000000003 0.7206604759859373 27.950000000000003 38.432405100977789 387.50000000000006 41.500000000000007 16.706321837184824 0.70748362666980424 35.750000000000007 25.886778583209672 -0.98208922706762081 14.500000000000002 0.91585580712236381 537.50000000000011 14.65 0.92546089663951914 71.500000000000014 1.0000000180025095e-35 -0.98296291314453399 0.86691701502090135 654.50000000000011 275.50000000000006
decision_type=2 2 2 2 2 2 2 2 2 2 2 2 2 2 2 2 2 2 2 2 2 2 2 2 2 2 2 2 2 2
left_child=-1 -2 3 5 8 6 24 13 -5 -6 12 -12 26 20 15 -15 18 -18 -16 -20 -7 22 -22 -21 -3 -26 -4 -28 29 -29
right_child=1 2 10 4 9 7 -8 -9 -10 -11 11 -13 -14 14 16 -17 17 -19 19 23 21 -23 -24 -25 25 -27 27 28 -30 -31
leaf_value=-0.02116256606942607 0.00099935109302454498 -0.0034245733989155475 -0.0016125171272151921 0.00064124524777639438 -3.6440398979437226e-05 -0.00031700663305513988 0.071511069508907607 0.0036020401742502118 0.0034356958015524957 0.0060653661716446837 0.013998531632304665 -0.0025927757659793033 0.00088899269155723814 -1.669550286303023e-05 0.0043310418768517569 0.001471441165617629 -5.5903652882648975e-05 0.015384871296992184 -0.0015580896939203248 0.017899798013830057 4.8755156072610722e-06 -0.0012308166265819099 0.0082589218596849784 -0.0019669110605368902 0.0044608297301366269 -0.0060087020398584589 -0.0005728991326839118 0.0056169278670371303 -0.00075853783199135579 0.0018129185190945314
leaf_weight=3420 31 296 102 28 270 876 31 40 24 33 20 39 20 21 24 32 31 20 212 32 20 109 22 20 22 31 1003 21 157 20
leaf_count=3420 31 296 102 28 270 876 31 40 24 33 20 39 20 21 24 32 31 20 212 32 20 109 22 20 22 31 1003 21 157 20
internal_value=-0.00283692 -0.000785973 -0.000861299 -0.000464905 0.00119718 -0.000785754 -0.00236842 -0.000373545 0.00653846 0.000280527 -0.00149059 0.00262712 -0.00167423 -0.000525019 0.000739795 0.00726415 -0.000280237 0.00480392 -0.00118056 -0.0017803 -0.00100779 0.00129139 0.00809524 0.00269231 -0.00299427 0.000660376 -0.00177667 -0.00154455 0.000303029 0.00963415
internal_weight=7027 3607 3576 2194 355 1839 380 1459 52 303 1382 59 1323 1419 392 53 339 51 288 264 1027 151 42 52 349 53 1303 1201 198 41
internal_count=7027 3607 3576 2194 355 1839 380 1459 52 303 1382 59 1323 1419 392 53 339 51 288 264 1027 151 42 52 349 53 1303 1201 198 41
is_linear=0
shrinkage=0.05


Tree=146
num_leaves=31
num_cat=0
split_feature=18 11 17 1 12 17 5 1 16 4 9 7 13 14 1 12 10 6 1 4 0 1 0 11 9 7 17 4 4 3
split_gain=12.1437 0.956433 0.402851 0.896316 0.572034 0.667965 0.49218 0.703463 0.499437 0.44095 0.635153 0.491024 1.01058 1.20383 0.642118 0.842094 0.650121 0.456269 0.433333 0.429501 0.352521 1.12492 0.5625 0.398198 0.346531 0.343119 0.382894 0.331627 0.390625 0.378364
threshold=0.34929047467215518 -2.4882949219403039 25.396807650766007 14.050000000000002 90.6375348117882 25.552203991122102 75.500000000000014 118.2 18.457582981146334 15.15 0.58429276287313725 0.91597561503675362 0.30152419456589125 6.7868331772906005 274.90000000000003 245.82318366523478 -0.89388548498445497 32.500000000000007 33.350000000000001 13.350000000000003 348.50000000000006 293.15000000000003 431.50000000000006 41.094793929210418 0.22611359161738889 1.0000000180025095e-35 25.886778583209672 7.2500000000000009 6.5500000000000007 32.250000000000007
decision_type=2 2 2 2 2 2 2 2 2 2 2 2 2 2 2 2 2 2 2 2 2 2 2 2 2 2 2 2 2 2
left_child=-1 -2 9 -4 -5 -6 8 -8 19 20 11 12 13 -11 -14 24 17 -17 -15 -7 -3 22 -22 -23 -16 -10 -27 28 29 -28
right_child=1 2 3 4 5 6 7 -9 25 10 -12 -13 14 18 15 16 -18 -19 -20 -21 21 23 -24 -25 -26 26 27 -29 -30 -31
leaf_value=-0.020104437765954764 0.00094938353837331927 -0.0024698256558130537 0.00050506896686971852 -0.0046008766158800894 0.0020861030451979411 -0.0055873630004070396 0.00079216821015293173 0.00028298743848616839 -6.3081701736787576e-05 0.0031533923728044519 -0.0042688082167883666 -0.0019654914581805163 -0.0076787937530854904 -0.0013930548007274322 -0.0011320215099590873 0.011640832824506349 0.014823920049627258 -0.016192297336848249 0.00072884368411151599 0.023784469212308951 -0.00036834232779501348 0.00046930163636230274 0.01109334153685107 -0.0055962397856490747 0.00032193795387505073 0.005065843569702598 -0.0028973336246584758 -0.00076245633358011514 0.0015061741813093275 0.0011189185371324243
leaf_weight=3420 31 259 37 167 29 21 22 56 1215 22 73 44 116 26 107 20 23 23 39 20 32 37 32 218 38 35 113 679 22 51
leaf_count=3420 31 259 37 167 29 21 22 56 1215 22 73 44 116 26 107 20 23 23 39 20 32 37 32 218 38 35 113 679 22 51
internal_value=-0.00286538 -0.000841421 -0.000917227 -0.000561412 -0.000679014 -0.000470615 -0.000568488 0.00333333 -0.000709649 -0.00170875 -0.000668551 2.18329e-05 0.000555554 0.00534483 -0.000718656 0.000924169 0.00560606 0.00197674 0.00192308 0.0047561 -0.00266436 -0.00155173 0.004375 -0.00303922 -0.0012069 -0.000815604 -0.00155556 -0.00176301 0.000107526 -0.000731709
internal_weight=7027 3607 3576 2467 2430 2263 2234 78 2156 1109 531 458 414 87 327 211 66 43 65 41 578 319 64 255 145 2115 900 865 186 164
internal_count=7027 3607 3576 2467 2430 2263 2234 78 2156 1109 531 458 414 87 327 211 66 43 65 41 578 319 64 255 145 2115 900 865 186 164
is_linear=0
shrinkage=0.05


Tree=147
num_leaves=31
num_cat=0
split_feature=18 11 2 6 7 3 3 10 14 5 14 5 14 1 2 3 11 14 1 12 16 12 9 12 10 3 4 3 13 15
split_gain=12.8 0.932329 0.455072 0.339657 0.511003 0.551684 1.37823 0.484371 0.558994 1.19522 0.548384 0.44243 0.421649 0.754499 1.07589 0.406899 0.420129 0.377813 0.343247 0.319868 0.312554 0.304762 0.311279 0.304082 0.251134 0.23572 0.430384 0.304655 0.260531 0.431477
threshold=0.34929047467215518 -2.4882949219403039 387.50000000000006 24.500000000000004 -0.98296291314453399 33.050000000000004 28.350000000000005 0.63207999751838684 44.670456630634995 43.500000000000007 73.523255476990641 13.500000000000002 4.8068066522688966 33.350000000000001 38.500000000000007 29.850000000000005 52.524959359053447 5.5760615035434951 21.600000000000005 288.98528488612806 20.829348266019995 208.48142957228484 0.34156760613242348 171.30481423261048 0.26780438508363441 44.750000000000007 19.150000000000002 41.850000000000001 0.99939540507859748 60.341651155675514
decision_type=2 2 2 2 2 2 2 2 2 2 2 2 2 2 2 2 2 2 2 2 2 2 2 2 2 2 2 2 2 2
left_child=-1 -2 3 4 5 6 -3 15 9 -9 23 -7 13 14 -5 16 -6 20 -14 -20 -11 22 -12 -10 25 27 -27 28 -17 -30
right_child=1 2 -4 12 7 11 -8 8 10 17 21 -13 18 -15 -16 24 -18 -19 19 -21 -22 -23 -24 -25 -26 26 -28 -29 29 -31
leaf_value=-0.019099215877657026 0.00090191436145465069 -6.5266352386527085e-05 0.00058730902134082261 -0.00048686885462775778 -0.0032665594548822716 0.00013165006890409798 0.0019632177531664105 0.015920778302862246 -0.00026840260353762309 0.0012114454632414185 0.0015453475413114111 -7.222705966028329e-05 -0.0048015472799919842 -0.0024914659836096265 0.0050047272299747888 -0.00020937767158159802 0.067973638825129731 -0.00020387706452325088 -0.00052122371371932411 0.00012647210833328213 -0.00064816478378116032 0.0072249753690251913 -0.015732932151805653 -0.0015936754875711249 0.0041012418844764073 0.001030049784413433 -0.0049770613024758695 -0.0011998864632139783 -0.0082848579143773565 0.0030491950150735251
leaf_weight=3420 31 31 22 21 329 30 21 28 55 22 33 59 79 132 29 994 31 49 1078 21 20 24 27 80 35 24 29 133 22 118
leaf_count=3420 31 31 22 21 329 30 21 28 55 22 33 59 79 132 29 994 31 49 1078 21 20 24 27 80 35 24 29 133 22 118
internal_value=-0.00280845 -0.000730525 -0.00080537 -0.000849748 -0.000464905 0.00244681 0.00653846 -0.000664882 0.00106509 0.00382353 -0.000433791 5.61786e-05 -0.00147059 0.00076923 0.006 -0.00100583 -0.0025 0.00104395 -0.00181664 -0.00158781 0.00452381 0.00273809 0.000833332 -0.00240741 -0.000608857 -0.000719698 0.00254717 -0.000856355 -0.00059083 0.00142857
internal_weight=7027 3607 3576 3554 2194 141 52 2053 338 119 219 89 1360 182 50 1715 360 91 1178 1099 42 84 60 135 1355 1320 53 1267 1134 140
internal_count=7027 3607 3576 3554 2194 141 52 2053 338 119 219 89 1360 182 50 1715 360 91 1178 1099 42 84 60 135 1355 1320 53 1267 1134 140
is_linear=0
shrinkage=0.05


Tree=148
num_leaves=31
num_cat=0
split_feature=18 11 3 16 6 12 14 4 16 5 3 2 4 12 4 4 2 0 13 10 10 17 17 5 2 2 10 17 17 2
split_gain=12.8 0.932329 0.439555 0.453233 0.296544 0.465236 0.424641 0.989351 0.547117 0.348481 0.594477 0.694517 0.528348 0.340964 0.340325 0.398182 0.443079 0.325315 0.30507 0.632366 0.719528 0.340793 0.691139 0.958692 0.568205 0.77983 0.544579 0.487828 0.456047 0.475436
threshold=0.34929047467215518 -2.4882949219403039 11.450000000000001 20.897268160323353 8.5000000000000018 130.80481722504734 51.183480003422765 4.8500000000000005 18.382174141969674 53.500000000000007 32.45000000000001 69.500000000000014 14.15 137.93070257448517 6.9500000000000011 8.9500000000000011 190.50000000000003 33.500000000000007 0.070415698109857941 -0.090248267031647136 -0.91583036384466876 28.12985447987014 28.567643104378678 24.500000000000004 159.50000000000003 122.50000000000001 0.41326329957804353 27.608192364448588 26.934772981737925 346.00000000000006
decision_type=2 2 2 2 2 2 2 2 2 2 2 2 2 2 2 2 2 2 2 2 2 2 2 2 2 2 2 2 2 2
left_child=-1 -2 3 -3 5 9 7 -7 -9 -4 11 12 -11 -8 -10 -16 -17 -6 19 20 -19 27 23 -23 25 -24 -27 28 29 -20
right_child=1 2 4 -5 17 6 13 8 14 10 -12 -13 -14 -15 15 16 -18 18 21 -21 -22 22 24 -25 -26 26 -28 -29 -30 -31
leaf_value=-0.018144255083774177 0.00085681864338191553 0.00065421662048938546 -0.0017737278298668767 -0.0013170489153567836 -0.0020993247231313622 0.0035400876808686643 0.0091743624967682014 0.012497017339938373 -0.0021039131973554525 -0.00092947756498620046 0.0061188861782250168 -0.005232198409154276 0.00046354907096128714 -0.00014630347074873762 0.0046894270605145746 -6.5104523753591867e-05 0.00071557475759915807 -5.3621273243045005e-05 -0.0009066455925882882 -0.00032434386080695582 0.0021105464760191417 0.016718779958777175 -0.00035787211644933874 -3.9558147350587416e-05 -0.00071445586040037488 0.0045263881636202832 0.0015198777835577788 -0.0036685536470895484 0.00014262103455125975 0.00024805207922213337
leaf_weight=3420 31 32 398 27 82 20 24 22 26 37 30 116 31 689 25 216 26 29 945 22 20 22 75 39 244 28 31 104 156 60
leaf_count=3420 31 32 398 27 82 20 24 22 26 37 30 116 31 689 25 216 26 29 945 22 20 22 75 39 244 28 31 104 156 60
internal_value=-0.00280845 -0.000730525 -0.00080537 0.00347458 -0.000877169 -0.000391567 0.00024809 0.00171642 0.00103174 -0.00148693 0.000140186 -0.000923914 0.00308823 -0.000441796 0.00046075 0.000992508 0.0003719 -0.00131126 -0.00116902 0.00204225 0.00520408 -0.00130282 -0.000102507 0.00483606 -0.000899472 0.00171642 0.00601695 -0.00171937 -0.0014255 -0.00181592
internal_weight=7027 3607 3576 59 3517 1660 1048 335 315 612 214 184 68 713 293 267 242 1857 1775 71 49 1704 439 61 378 134 59 1265 1161 1005
internal_count=7027 3607 3576 59 3517 1660 1048 335 315 612 214 184 68 713 293 267 242 1857 1775 71 49 1704 439 61 378 134 59 1265 1161 1005
is_linear=0
shrinkage=0.05


Tree=149
num_leaves=31
num_cat=0
split_feature=18 10 0 17 1 0 12 5 1 7 5 2 15 17 0 10 17 10 15 4 11 14 16 10 7 14 11 18 15 5
split_gain=13.1347 1.00182 1.78309 0.366723 0.945613 0.728139 0.464194 0.582304 0.666337 0.447218 0.6095 0.429813 1.11176 0.406571 1.11167 0.564181 0.538644 0.392581 0.825397 0.388167 0.488178 0.688953 0.79959 0.658202 0.621392 0.941327 0.469295 0.777778 0.399409 0.350915
threshold=0.34929047467215518 0.93225468035816139 40.500000000000007 25.396807650766007 14.050000000000002 14.500000000000002 90.6375348117882 75.500000000000014 245.00000000000003 -0.98296291314453399 46.500000000000007 346.00000000000006 55.454172881944778 25.886778583209672 635.50000000000011 -0.90146829171281539 26.141978147715587 -0.081676395330422633 9.1412000679288461 15.15 57.225135800768676 49.707586054855874 19.395020252743631 -0.8140159405215136 0.91597561503675362 6.630797340928706 27.365552403583987 36.906415671766375 63.202394096285055 63.500000000000007
decision_type=2 2 2 2 2 2 2 2 2 2 2 2 2 2 2 2 2 2 2 2 2 2 2 2 2 2 2 2 2 2
left_child=-1 3 -3 11 5 -5 -6 9 -9 10 17 19 -13 14 -11 -16 -15 18 -8 28 21 23 -23 24 25 -21 -27 -28 -2 -18
right_child=1 2 -4 4 6 -7 7 8 -10 13 -12 12 -14 16 15 -17 29 -19 -20 20 -22 22 -24 -25 -26 26 27 -29 -30 -31
leaf_value=-0.017237042329585468 -0.0015624892638961283 0.00095355982462660093 0.00037214318771846351 -0.00024836742864360037 -0.0042682645431449352 0.0023837353227951896 0.00099983702216919156 0.0014736336691940184 -0.01226941901613166 -0.00026698719584463483 0.0019166483211453566 0.0013500986920926888 -0.0026336616589555661 -0.0020150337244287104 0.0044383979110688265 0.0040097921518388435 -0.0002052084455730228 -0.00017153264574749341 -9.6850297374263529e-05 0.0015492799251099021 -0.0019673096494458248 0.021225502423368566 -0.0026495417893638313 -0.0051227873508492214 -0.0016489765881926824 0.0003722434179928379 -0.0038916214713631374 0.017270788785435278 0.0002629522620727049 -0.0041818021794664496
leaf_weight=3420 525 21 204 20 167 22 36 21 23 56 20 21 30 81 31 35 1551 87 42 20 130 23 30 118 35 52 63 21 33 89
leaf_count=3420 525 21 204 20 167 22 36 21 23 56 20 21 30 81 31 35 1551 87 42 20 130 23 30 118 35 52 63 21 33 89
internal_value=-0.00277999 -0.000675077 0.00255555 -0.000890007 -0.000528278 0.00690476 -0.00066771 -0.000463322 0.00522727 -0.000586786 0.00175676 -0.00163942 0.00284314 -0.00082203 0.00196721 0.00636364 -0.00101976 0.000757575 0.00333333 -0.00185714 -0.000833335 0.000110496 0.00537736 -0.000792881 0.00102094 0.00237179 0.000882352 -0.00142857 -0.00275986 -0.000823172
internal_weight=7027 3607 225 3382 2281 42 2239 2072 44 2028 185 1101 51 1843 122 66 1721 165 78 1050 492 362 53 309 191 156 136 84 558 1640
internal_count=7027 3607 225 3382 2281 42 2239 2072 44 2028 185 1101 51 1843 122 66 1721 165 78 1050 492 362 53 309 191 156 136 84 558 1640
is_linear=0
shrinkage=0.05


Tree=150
num_leaves=31
num_cat=0
split_feature=18 2 3 6 15 13 14 14 18 17 12 5 17 14 1 13 1 15 16 16 17 16 1 5 6 2 16 17 1 16
split_gain=13.9574 1.97375 0.58992 0.457696 0.502408 0.383263 0.792044 0.559605 0.652497 0.373066 0.361291 0.776109 0.644349 0.563701 1.88495 0.771864 1.5577 0.436724 0.408907 1.1617 0.39697 0.549073 0.464422 0.387821 0.375704 0.345474 0.678384 0.71292 0.3375 0.310943
threshold=0.31370223637746403 10.500000000000002 11.450000000000001 75.500000000000014 0.31915975886824305 0.92546089663951914 48.812153425824789 68.03082633860059 76.460764500577682 29.779376227293699 188.49617444645676 36.500000000000007 29.951983373998925 60.421538932929742 424.30000000000001 0.32473039215686278 126.75000000000001 69.201996090812358 20.219473845828855 20.357998365372307 24.004577073388067 17.781630812348553 342.05000000000001 32.500000000000007 66.500000000000014 311.50000000000006 20.659977793529368 24.873350947612256 484.35000000000008 13.521782310682594
decision_type=2 2 2 2 2 2 2 2 2 2 2 2 2 2 2 2 2 2 2 2 2 2 2 2 2 2 2 2 2 2
left_child=-1 -2 9 4 -4 29 -7 -8 -9 -3 24 18 13 14 15 16 -13 28 20 -20 21 -12 -23 -21 25 -6 27 -27 -15 -5
right_child=1 2 3 5 10 6 7 8 -10 -11 11 12 -14 17 -16 -17 -18 -19 19 23 -22 22 -24 -25 -26 26 -28 -29 -30 -31
leaf_value=-0.016375190213106194 0.00074543701595531275 0.0005647706029923141 0.0012859652779450528 -0.01215188744240958 -0.00069043828333765871 0.0032614915659743646 -0.0083295734229583366 0.0061385660223118354 -0.00067585929492778956 -0.0022273588976038216 -0.00070449597239506364 -0.00060832740730868903 0.0068560384771235361 0.00064819661179715295 0.015090181963078701 -0.00074953181016882201 0.0054038841853439436 0.0018665843227442238 0.0066806009948112283 -2.0433082104277335e-05 -0.0015512094160497062 0.00039766561252264774 -0.0121434829719876 -0.00062445004838194995 0.0029714945973347397 -0.0011775423620454342 -0.0032393703550030219 0.011265754461523114 -0.0019317596564705688 -0.00063509899289659324
leaf_weight=3405 24 36 20 84 1165 20 57 20 21 23 32 43 32 20 23 56 30 35 31 745 162 33 29 61 25 23 22 24 60 666
leaf_count=3405 24 36 20 84 1165 20 57 20 21 23 32 43 32 20 23 56 30 35 31 745 162 33 29 61 25 23 22 24 60 666
internal_value=-0.00270172 -0.000541139 -0.000636466 -0.000719131 -0.000394984 -0.00171659 0.000932202 -0.000918369 0.00353658 0.00432203 -0.000454547 0.000100574 0.00235786 0.00155431 0.00355263 0.00120155 0.00458904 -0.00108696 -0.000516927 1.792e-05 -0.00226563 0.000319148 0.00306451 -0.000347396 -0.00106831 -0.00119125 0.00224638 0.0056383 -0.003125 -0.00213333
internal_weight=7027 3622 3598 3539 2671 868 118 98 41 59 2651 1392 299 267 152 129 73 115 1093 837 256 94 62 806 1259 1234 69 47 80 750
internal_count=7027 3622 3598 3539 2671 868 118 98 41 59 2651 1392 299 267 152 129 73 115 1093 837 256 94 62 806 1259 1234 69 47 80 750
is_linear=0
shrinkage=0.05


Tree=151
num_leaves=31
num_cat=0
split_feature=13 2 2 17 18 5 3 3 12 17 4 15 4 4 12 0 16 14 4 4 2 3 2 1 3 3 5 0 16 17
split_gain=13.1616 1.13664 0.449507 0.481594 0.47646 0.668014 0.639864 0.780488 0.468544 0.349436 0.358163 0.344309 0.336998 0.346719 0.669194 0.311298 0.310285 0.616315 0.349234 0.465769 0.76529 0.870711 1.15168 0.585921 0.500806 0.836054 0.456666 0.424666 0.421508 1.09221
threshold=0.011642196543108734 10.500000000000002 387.50000000000006 25.476709167500847 6.8248233501713296 55.500000000000007 29.950000000000003 26.350000000000005 82.944258646524574 32.860689632292377 15.850000000000003 5.2083807636298465 4.3500000000000005 5.1500000000000012 219.96597446794698 33.500000000000007 18.590424016891408 51.753992821228927 16.250000000000004 11.65 249.50000000000003 34.95000000000001 284.50000000000006 216.70000000000002 22.550000000000004 20.450000000000003 55.500000000000007 855.50000000000011 20.507416439763805 29.684328340084551
decision_type=2 2 2 2 2 2 2 2 2 2 2 2 2 2 2 2 2 2 2 2 2 2 2 2 2 2 2 2 2 2
left_child=-1 -2 3 15 5 -5 7 11 -6 12 -11 -7 -10 14 -14 -3 17 -15 19 24 23 -22 -23 -21 25 28 -25 -26 -18 -30
right_child=1 2 -4 4 8 6 -8 -9 9 10 -12 -13 13 16 -16 -17 18 -19 -20 20 21 22 -24 26 27 -27 -28 -29 29 -31
leaf_value=-0.015556430702450885 0.00067299896159460327 -0.0016618705443352155 0.00040269398066410887 -4.9675066451294514e-05 -0.015130712256756402 0.0015490428687966115 0.00089980241510203846 -0.0017694269631733533 -0.0010241650215883453 -0.008664799808016703 0.039662831326002082 0.00029975596634686729 -0.0023971949771748307 0.020645787252358792 0.016120433287497456 -0.00046729198523065888 -0.0060000855640710204 -0.0079374777271806994 -0.0003385808912626152 0.0004596966629846715 -0.0030891347300393765 0.018549776599087697 0.0038066572507681872 4.6409133486649539e-05 -0.00053414753734326614 0.0085676705724847552 -0.011491043807298984 0.0013316362563340935 0.0090652578373254782 -0.00077320528450013689
leaf_weight=3390 39 66 22 202 61 21 28 41 151 78 20 20 43 25 23 1045 37 21 580 35 30 25 37 309 477 44 46 34 22 55
leaf_count=3390 39 66 22 202 61 21 28 41 151 78 20 20 43 25 23 1045 37 21 580 35 30 25 37 309 477 44 46 34 22 55
internal_value=-0.00275865 -0.000669509 -0.000761535 -0.00080537 -0.000415823 0.00141026 0.00454545 0.00231707 -0.000680447 -0.000554494 -0.00346939 0.00719512 -0.000411235 -0.000225178 0.00333333 -0.00166967 -0.000357345 0.00369565 -0.00046505 3.90952e-05 0.00122407 0.00532609 0.00870968 0.000256409 -0.00081465 0.00164557 -0.000352114 -0.00157534 -0.000614036 0.00149351
internal_weight=7027 3637 3598 3576 2465 312 110 82 2153 2092 98 41 1994 1843 66 1111 1777 46 1731 1151 482 92 62 390 669 158 355 511 114 77
internal_count=7027 3637 3598 3576 2465 312 110 82 2153 2092 98 41 1994 1843 66 1111 1777 46 1731 1151 482 92 62 390 669 158 355 511 114 77
is_linear=0
shrinkage=0.05


Tree=152
num_leaves=31
num_cat=0
split_feature=13 2 2 11 9 9 16 13 13 4 18 14 11 2 5 5 17 17 1 5 9 9 4 1 16 18 18 6 6 17
split_gain=13.3292 1.12929 0.446007 0.425089 0.429242 0.563374 0.353062 0.567375 1.09091 0.333931 0.369409 0.304839 0.27754 0.391884 0.257516 0.468337 0.804929 0.775148 0.712855 0.371873 0.327847 0.619392 1.34497 0.476904 0.386086 0.557553 1.56941 0.459616 0.384962 0.4
threshold=0.011642196543108734 10.500000000000002 387.50000000000006 68.865990354291583 0.15855791680139919 0.27609441636666071 16.62392011133856 0.85067190593316944 0.93140227961936639 20.950000000000003 68.412689000051472 52.21991853860677 67.738542753456969 302.50000000000006 69.500000000000014 72.500000000000014 26.586176958267554 27.439226358207936 118.2 79.500000000000014 0.92913280730858816 0.94130860066615818 10.550000000000002 35.95000000000001 19.395020252743631 29.855418934228577 34.399880583149859 69.500000000000014 12.500000000000002 23.694903247035857
decision_type=2 2 2 2 2 2 2 2 2 2 2 2 2 2 2 2 2 2 2 2 2 2 2 2 2 2 2 2 2 2
left_child=-1 -2 3 6 -5 -6 7 -3 -9 10 11 -7 14 -14 20 16 -16 -17 -19 -20 24 22 -22 -23 25 28 -27 -26 29 -8
right_child=1 2 -4 4 5 9 12 8 -10 -11 -12 -13 13 -15 15 17 -18 18 19 -21 21 23 -24 -25 27 26 -28 -29 -30 -31
leaf_value=-0.014778609167328342 0.00063934901351487237 -0.0039226060567470276 0.00038255928163107239 -0.0031484845050593195 0.010880478476907054 0.0035596625584805724 0.00053340090010330543 0.0011063569749595735 -0.0011632083143622814 -0.0020142832066090814 0.0014834598521812888 -0.013577242057605313 -0.0010732201070717468 0.0032315190879127799 0.0019786781473191311 -0.0024344340328032702 -0.00023265617557590522 0.00085259391540571544 -0.003093119131266006 0.0021770290082571962 -0.0094997104959025219 0.0015759032206782049 0.0054771679687434065 -0.00034225100907231567 -0.0002065671886744126 0.01305998119747818 5.9032722819347257e-05 -0.0020068320370509101 -0.0013264001157414175 -0.0017715249478229148
leaf_weight=3390 39 226 22 158 21 20 20 22 44 54 41 42 25 23 28 115 33 31 22 29 22 20 23 424 1562 27 179 233 112 20
leaf_count=3390 39 226 22 158 21 20 20 22 44 54 41 42 25 23 28 115 33 31 22 29 22 20 23 424 1562 27 179 233 112 20
internal_value=-0.00274442 -0.000642014 -0.000733742 -0.000777406 -0.00247024 -0.000786518 -0.000601853 -0.00226028 0.00181818 -0.00181529 -0.000145632 -0.00258065 -0.000437586 0.00333333 -0.000500001 0.00100775 0.00483606 -0.000177666 0.00353658 -9.80404e-05 -0.000647238 0.000521471 0.00611111 -4.50462e-05 -0.000912681 0.000586591 0.00228155 -0.0012117 -0.00171053 0.0025
internal_weight=7027 3637 3598 3576 336 178 3240 292 66 157 103 62 2948 48 2900 258 61 197 82 51 2642 489 45 444 2153 358 206 1795 152 40
internal_count=7027 3637 3598 3576 336 178 3240 292 66 157 103 62 2948 48 2900 258 61 197 82 51 2642 489 45 444 2153 358 206 1795 152 40
is_linear=0
shrinkage=0.05


Tree=153
num_leaves=31
num_cat=0
split_feature=13 15 9 2 17 1 3 16 4 12 4 4 4 4 10 4 5 16 4 13 4 17 3 12 1 15 5 13 14 4
split_gain=13.2453 0.819724 0.522539 0.44758 0.444267 0.454261 0.374553 0.442685 0.458009 0.356463 0.640026 0.459009 0.63307 0.382817 0.327331 0.457827 0.615956 0.545538 0.483403 0.530016 0.367432 0.34328 0.399706 0.347839 0.515723 0.440789 0.331529 0.322647 0.788236 0.314562
threshold=0.011642196543108734 0.35294841394985871 0.090250774277322809 387.50000000000006 25.476709167500847 11.050000000000002 10.450000000000001 18.457582981146334 13.450000000000001 247.08370852444003 4.7500000000000009 26.850000000000005 30.150000000000002 18.350000000000005 -0.79354221435844496 23.350000000000005 15.500000000000002 19.677976501993864 29.950000000000003 0.74693550808025233 13.950000000000001 17.668908546063204 38.850000000000001 236.15277394565598 136.25000000000003 15.736710028536377 52.500000000000007 0.85067190593316944 45.129078675274251 11.65
decision_type=2 2 2 2 2 2 2 2 2 2 2 2 2 2 2 2 2 2 2 2 2 2 2 2 2 2 2 2 2 2
left_child=-1 2 -2 4 14 -6 -7 8 -8 13 -11 -12 -13 29 15 16 -3 20 19 26 -18 -22 23 25 -25 -23 -17 -16 -29 -9
right_child=1 3 -4 -5 5 6 7 9 -10 10 11 12 -14 -15 27 18 17 -19 -20 -21 21 22 -24 24 -26 -27 -28 28 -30 -31
leaf_value=-0.014039678708961926 1.6972265006376387e-05 0.0014590790123353639 0.00061940911896528025 0.00036343131754943911 0.00049961067326967563 0.00038130350604899491 -0.0053407206722609858 -0.00055022959555653937 0.02104991059471182 0.0012187890869374536 -3.9490722336564311e-05 0.0035628448940371767 -0.0041829702506879429 -0.00091449472435005917 -0.0043196249948575056 -0.0036347585464714923 -0.00081618429863152204 -0.0014420496175325016 -0.0015479044798209765 0.0098839263126129766 -0.027219168076435148 0.0009143553833679879 -0.00068192705877571165 -0.00024852306420937583 0.0047773359588742115 -0.0011924740350458683 0.00097574087965137746 0.00083849758128651795 -0.0010860930945258565 6.3462059085726813e-05
leaf_weight=3390 31 28 21 22 21 44 22 822 20 33 577 22 24 329 273 27 291 113 20 28 24 21 53 23 20 47 32 24 73 552
leaf_count=3390 31 28 21 22 21 44 22 822 20 33 577 22 24 329 273 27 291 113 20 28 24 21 53 23 20 47 32 24 73 552
internal_value=-0.00275153 -0.000655761 0.00557692 -0.000746166 -0.000790066 -0.000417682 -0.000480574 -0.000564349 0.00452381 -0.00065494 0.000335365 -2.40782e-05 0.00478261 -0.00103641 -0.00162717 -0.00101101 -0.00153226 -0.001875 0.00200934 0.00362069 -0.00113779 0.000585105 0.00140244 0.00310811 0.00662791 0.000882352 0.000932202 -0.00283784 -0.000360826 -0.000669579
internal_weight=7027 3637 52 3585 3563 2466 2445 2401 42 2359 656 623 46 1703 1097 727 620 592 107 87 479 188 164 111 43 68 59 370 97 1374
internal_count=7027 3637 52 3585 3563 2466 2445 2401 42 2359 656 623 46 1703 1097 727 620 592 107 87 479 188 164 111 43 68 59 370 97 1374
is_linear=0
shrinkage=0.05


Tree=154
num_leaves=31
num_cat=0
split_feature=13 15 9 2 3 17 8 14 6 9 9 10 5 17 1 3 14 15 1 3 15 15 4 4 16 2 11 17 1 16
split_gain=13.753 0.79817 0.522539 0.437106 0.410023 0.367304 0.376499 0.818944 0.624638 0.538026 0.45365 0.443117 0.648214 0.336321 0.301148 0.250809 0.244927 0.392174 0.22403 0.551186 0.383957 0.356324 0.465378 0.343774 0.306731 0.223599 0.229909 0.472191 0.347657 1.29566
threshold=0.011642196543108734 0.35294841394985871 0.090250774277322809 387.50000000000006 10.450000000000001 17.357580921423718 -0.9159756150367534 32.793263389360938 8.5000000000000018 -0.99628894895067444 0.97505550290239451 0.98367285631203072 37.500000000000007 18.374078048280087 126.75000000000001 13.550000000000002 69.467678688898005 72.815203738611658 498.55000000000001 38.650000000000013 65.79379496324637 67.658304142188697 7.0500000000000007 4.3500000000000005 24.174850187917965 327.50000000000006 2.2790023309772089 30.238850774808856 35.95000000000001 20.723420597630057
decision_type=2 2 2 2 2 2 2 2 2 2 2 2 2 2 2 2 2 2 2 2 2 2 2 2 2 2 2 2 2 2
left_child=-1 2 -2 4 14 -6 7 -7 9 -9 18 13 -13 -8 -3 -15 -10 -18 19 -11 -20 -22 23 -23 -24 26 27 -17 29 -28
right_child=1 3 -4 -5 5 6 11 8 16 10 -12 12 -14 15 -16 25 17 -19 20 -21 21 22 24 -25 -26 -27 28 -29 -30 -31
leaf_value=-0.013337694773513828 1.6123651756058677e-05 0.00036304245910895484 0.00058843866301701536 0.00034525975167181642 -0.009392206428180859 0.0023169230361191409 0.00060852602877778232 0.011484713151006283 -0.0018308416219189598 -0.0046939468388996529 0.015702524315770846 -0.00088858749155259077 0.0011618968557136039 -0.00053531153280922904 -0.00045500328090173074 -0.00071416503755444426 0.004088459260941122 -0.0072974798500040662 -0.0078198450349074456 0.0099540078609841338 0.0027158006136748076 -0.0048615354280292667 -0.0015434044435811757 0.0042459376724242048 0.067333340003557951 -0.021325834779693124 -0.00027633892714194156 0.00056573914058124359 -0.00014033662836139383 0.00038534726167723161
leaf_weight=3390 31 23 21 22 91 24 24 20 319 28 30 20 28 31 21 100 38 47 76 25 34 22 122 34 20 27 105 22 2196 36
leaf_count=3390 31 23 21 22 91 24 24 20 319 28 30 20 28 31 21 100 38 47 76 25 34 22 122 34 20 27 105 22 2196 36
internal_value=-0.00270884 -0.000573276 0.00557692 -0.000662484 -0.000705867 -0.000765844 -0.000682615 -0.0016031 -0.00187117 -0.000498785 -0.00090793 -0.000384319 0.004375 -0.000474224 0.00409091 -0.000530395 -0.00326733 -0.000882354 -0.00139889 0.00160377 -0.00191559 -0.000905174 -0.00171717 0.00214286 -0.00323944 -0.000474659 -0.000424971 -0.00254098 -0.000314507 0.0020922
internal_weight=7027 3637 52 3585 3563 3519 3428 839 815 411 391 2589 48 2541 44 2517 404 85 361 53 308 232 198 56 142 2486 2459 122 2337 141
internal_count=7027 3637 52 3585 3563 3519 3428 839 815 411 391 2589 48 2541 44 2517 404 85 361 53 308 232 198 56 142 2486 2459 122 2337 141
is_linear=0
shrinkage=0.05


Tree=155
num_leaves=31
num_cat=0
split_feature=13 2 2 3 5 11 15 0 0 2 2 1 6 4 4 3 2 6 7 6 5 4 4 0 6 2 4 2 4 4
split_gain=13.9244 0.791395 0.432144 0.357082 0.363382 0.347825 0.315956 0.296481 0.46298 0.300973 0.31181 0.507759 0.36884 0.26623 0.834939 0.442935 0.358137 0.268874 0.422905 0.754705 0.677169 0.787691 0.452392 0.378416 0.33442 0.916173 0.936526 0.385625 0.317647 0.313726
threshold=0.011642196543108734 10.500000000000002 387.50000000000006 9.3500000000000032 6.5000000000000009 68.865990354291583 0.31915975886824305 858.50000000000011 879.50000000000011 308.50000000000006 329.50000000000006 495.10000000000008 26.500000000000004 28.350000000000005 30.150000000000002 30.550000000000004 230.50000000000003 80.500000000000014 -0.98296291314453399 18.500000000000004 40.500000000000007 19.650000000000002 25.850000000000005 33.500000000000007 61.500000000000007 282.50000000000006 17.950000000000003 32.500000000000007 6.8500000000000005 9.9500000000000011
decision_type=2 2 2 2 2 2 2 2 2 2 2 2 2 2 2 2 2 2 2 2 2 2 2 2 2 2 2 2 2 2
left_child=-1 -2 3 -3 -5 6 -6 9 -9 -7 11 12 -11 17 16 -16 -15 18 19 20 21 29 23 -20 27 26 28 -25 -26 -8
right_child=1 2 -4 4 5 7 13 8 -10 10 -12 -13 -14 14 15 -17 -18 -19 22 -21 -22 -23 -24 24 25 -27 -28 -29 -30 -31
leaf_value=-0.012670810034838137 0.00040783363854481058 0.00034649847652835604 0.0003279967640883946 9.7932299083853709e-05 0.00098270366586315013 -0.0034687794040963978 0.00035233020962020475 0.003190198053502331 -0.0012703283185817032 0.0096703925429357553 -0.01368299808149382 -0.0009314304190987696 -0.016050008520889569 0.0090144315780163308 0.00012830145674530506 -0.0039138100812127199 0.0018170876579982277 -0.00051976471597378214 -0.0011455722269109606 -0.00014433599665615105 0.0016769484318250401 0.00023023037130660905 -0.0048070205908125148 0.00029709109175896645 8.4372407134543579e-05 0.012578628381698915 0.014874707129228932 -0.00017277432119814075 -0.0053378373638929043 -0.00012659689613821494
leaf_weight=3390 39 31 22 31 25 107 25 21 26 43 50 65 21 25 21 53 21 704 102 74 20 22 59 23 20 21 21 1837 48 60
leaf_count=3390 39 31 22 31 25 107 25 21 26 43 50 65 21 25 21 53 21 704 102 74 20 22 59 23 20 21 21 1837 48 60
internal_value=-0.00269461 -0.000545781 -0.000622569 -0.000665549 -0.000712272 -0.000759819 -0.000598869 -0.0022973 0.00138298 -0.0029021 -0.00164805 -0.000348838 0.0028125 -0.00064322 0.00166667 -0.00162162 0.00695652 -0.00073452 -0.000475987 0.00171642 0.00405512 0.00247663 -0.000682779 -0.000559847 -0.000406093 0.00227273 5.61786e-05 -0.000564517 -0.00279412 0.000294116
internal_weight=7027 3637 3598 3576 3545 3514 3181 333 47 286 179 129 64 3156 120 74 46 3036 2332 201 127 107 2131 2072 1970 110 89 1860 68 85
internal_count=7027 3637 3598 3576 3545 3514 3181 333 47 286 179 129 64 3156 120 74 46 3036 2332 201 127 107 2131 2072 1970 110 89 1860 68 85
is_linear=0
shrinkage=0.05


Tree=156
num_leaves=31
num_cat=0
split_feature=18 2 10 5 15 2 4 13 0 13 18 16 4 3 16 4 9 13 18 18 15 16 0 15 6 12 14 17 17 13
split_gain=14.0105 0.788327 0.362844 0.548111 0.455503 0.49029 0.994118 0.73083 0.459683 0.419084 0.455826 0.498642 0.450412 0.637769 0.372024 0.351575 0.495279 0.618149 0.951452 0.788782 0.824142 0.452174 0.294419 0.46614 0.286927 0.445941 0.322774 0.325849 0.892946 0.403084
threshold=0.230728433994417 10.500000000000002 -0.58427653070765284 7.5000000000000009 6.6433579000110505 302.50000000000006 12.450000000000001 0.82150570151724822 92.500000000000014 0.077261354399512303 3.7649290988009247 20.600010415395687 11.350000000000003 30.250000000000004 21.520266436161041 18.450000000000003 -0.18821973775956916 0.33178218321226799 9.2504185900504137 41.685605162508899 51.390156959385415 20.10298157753639 772.50000000000011 62.965990499303985 74.500000000000014 101.04884081438483 83.695343200843851 30.136432110657147 30.033956504167538 0.92546089663951914
decision_type=2 2 2 2 2 2 2 2 2 2 2 2 2 2 2 2 2 2 2 2 2 2 2 2 2 2 2 2 2 2
left_child=-1 -2 3 -3 8 24 7 -7 9 10 12 -12 -4 -14 -13 22 17 18 -17 -19 -21 -22 23 -5 26 -26 27 28 29 -6
right_child=1 2 4 15 5 6 -8 -9 -10 -11 11 14 13 -15 -16 16 -18 19 -20 20 21 -23 -24 -25 25 -27 -28 -29 -30 -31
leaf_value=-0.01203726953309623 0.00038744195661757078 9.444254214525515e-05 -0.00054165554351509983 -0.00073177044092122983 9.645932674557338e-05 -6.4520428582384641e-05 -0.00026007423752450305 0.0011921905568246197 0.0014272830437838304 -0.00124766235114563 0.0035359749122979909 -0.0020050668286264979 -0.00025476457949571947 0.00041940993577897735 0.0009300101353617807 -0.0043603761094904393 -0.00037339887054328291 -0.01845226078292372 0.0032651136769048755 0.0057176613010806905 -0.0012558743126367263 0.00052349416055434033 -0.0041687885351887671 0.0031599212316223016 0.001145288544013516 -0.00082360857429289089 0.00932249131714343 -0.00093071665991822754 0.010103925791717264 -0.00057691570863019207
leaf_weight=3390 39 28 64 720 616 22 40 23 22 50 25 28 38 29 20 21 399 59 20 30 26 20 102 41 27 330 24 529 29 216
leaf_count=3390 39 28 64 720 616 22 40 23 22 50 25 28 38 29 20 21 399 59 20 30 26 20 102 41 27 330 24 529 29 216
internal_value=-0.00268749 -0.000532033 -0.000608673 -0.00121419 -0.000192309 -0.000474139 0.00323529 0.00833333 0.0017029 0.00110236 0.00210784 0.00527397 0.00034351 0.00320895 0.00229167 -0.0013491 -0.000391306 0.00181818 0.00719512 0.000185184 0.00355263 -0.000652175 -0.00198725 -0.00164915 -0.000652175 -0.00191877 -0.000332392 -0.000431656 0.000168408 -0.000132213
internal_weight=7027 3637 3598 1466 2132 1856 85 45 276 254 204 73 131 67 48 1438 575 176 41 135 76 46 863 761 1771 357 1414 1390 861 832
internal_count=7027 3637 3598 1466 2132 1856 85 45 276 254 204 73 131 67 48 1438 575 176 41 135 76 46 863 761 1771 357 1414 1390 861 832
is_linear=0
shrinkage=0.05


Tree=157
num_leaves=31
num_cat=0
split_feature=0 10 0 2 5 15 1 6 7 4 4 6 15 4 14 15 11 6 9 10 7 13 3 17 6 0 16 6 15 17
split_gain=14.1731 0.560713 1.40056 0.430916 0.355838 0.332773 0.570162 0.296856 0.456991 0.620015 0.500252 0.47651 0.451282 0.430073 0.800128 0.418698 0.352861 0.288734 0.277094 0.635628 0.276022 0.36922 0.297879 0.506563 0.39733 0.456673 0.363833 0.542246 0.342314 0.745352
threshold=8.5000000000000018 0.98367285631203072 120.50000000000001 387.50000000000006 6.5000000000000009 72.442416780131438 637.80000000000007 75.500000000000014 -0.98296291314453399 10.350000000000003 17.050000000000004 14.500000000000002 8.7747063781931871 26.550000000000004 39.001410839106207 0.35294841394985871 2.2790023309772089 70.500000000000014 0.99166813670569354 0.055916990100603255 -0.25881904510252113 0.95059816789718365 37.550000000000004 24.728933597324602 39.500000000000007 172.50000000000003 22.143702692543933 9.5000000000000018 70.182980637947864 30.892276554206578
decision_type=2 2 2 2 2 2 2 2 2 2 2 2 2 2 2 2 2 2 2 2 2 2 2 2 2 2 2 2 2 2
left_child=-1 3 -3 4 -2 6 -4 8 9 11 -11 -6 -12 18 -15 -10 -17 20 -9 -20 21 22 23 -18 25 -25 -27 28 29 -28
right_child=1 2 5 -5 7 -7 -8 13 15 10 12 -13 -14 14 -16 16 17 -19 19 -21 -22 -23 -24 24 -26 26 27 -29 -30 -31
leaf_value=-0.01143540605644142 8.8313589854407756e-05 0.00091067343345139834 -0.0021728777038866227 0.00020536206824623354 0.0025673527312132585 -0.0049759233812319385 0.0167663998508557 -0.00068901618132627754 0.00024993532954517875 -0.00020627321215159293 0.00039044398555777474 1.1258500715297547e-06 -5.7189496937456968e-05 0.0087822531655764088 -0.0031286263522334735 -0.001233615748169255 0.0052111670127057618 0.00015287442609838092 -0.00017113173931166154 0.0010651420548096827 -0.00045262292498600317 -0.0025867076512799442 -0.00012240465402474178 0.00049470807063276803 0.0045426042323665232 -0.00046508256531342527 0.0056923697485329978 0.015229318186395328 0.0050144379211252664 -0.0050609742301272525
leaf_weight=3378 31 20 41 22 33 22 22 749 36 81 26 25 40 24 26 47 39 26 50 23 1450 35 360 20 32 177 34 22 44 92
leaf_count=3378 31 20 41 22 33 22 22 749 36 81 26 25 40 24 26 47 39 26 50 23 1450 35 360 20 32 177 34 22 44 92
internal_value=-0.00266615 -0.000505619 0.00309524 -0.000612304 -0.000655879 0.000294116 0.00214286 -0.000703238 -0.000437191 0.00182927 0.00010204 0.0062069 0.00333333 -0.00150229 0.003 -0.000629662 -0.000710682 -0.000624197 -0.00177616 0.00116438 -0.000683298 2.92386e-05 0.000243901 0.00108696 0.000581947 0.000141387 -0.000257454 0.00125 0.000294116 -0.00103175
internal_weight=7027 3649 105 3544 3522 85 63 3491 2619 205 147 58 66 872 50 2414 2378 2331 822 73 2305 855 820 460 421 389 369 192 170 126
internal_count=7027 3649 105 3544 3522 85 63 3491 2619 205 147 58 66 872 50 2414 2378 2331 822 73 2305 855 820 460 421 389 369 192 170 126
is_linear=0
shrinkage=0.05


Tree=158
num_leaves=31
num_cat=0
split_feature=0 17 11 0 15 3 4 1 0 10 1 5 4 16 1 0 1 10 9 10 14 14 6 3 5 5 17 2 12 12
split_gain=13.4059 0.541409 0.532882 0.40828 0.934027 0.698752 0.775758 0.483544 0.556898 0.92653 0.538756 0.534011 0.869589 0.618766 0.987716 0.801043 0.487987 0.472742 0.470903 0.448103 0.421471 0.501131 0.421082 0.390042 0.413186 0.539913 1.03206 0.459011 0.457619 1.54353
threshold=8.5000000000000018 25.345442905298629 -3.0540662031282801 483.00000000000006 51.072527492515114 26.050000000000004 12.350000000000003 504.65000000000003 316.50000000000006 0.20088311396693925 193.10000000000005 66.500000000000014 14.15 20.849976533401897 12.550000000000002 151.50000000000003 478.15000000000003 0.2926003356333482 0.42109697129093554 -0.59815875725621337 40.661933374908294 44.670456630634995 14.500000000000002 44.750000000000007 10.500000000000002 13.500000000000002 31.871441003905183 298.50000000000006 253.90928565780555 260.86620183207839
decision_type=2 2 2 2 2 2 2 2 2 2 2 2 2 2 2 2 2 2 2 2 2 2 2 2 2 2 2 2 2 2
left_child=-1 -2 -3 4 7 6 -6 8 10 16 11 13 19 -4 -15 17 -10 18 22 -13 -12 -22 -16 24 -5 26 27 -26 -27 -30
right_child=1 2 3 23 5 -7 -8 -9 9 -11 20 12 -14 14 15 -17 -18 -19 -20 -21 21 -23 -24 -25 25 28 -28 -29 29 -31
leaf_value=-0.010863635753619349 -0.00034340780949162846 0.00048878400983380567 -0.00058252193541051165 -0.0037144608472261236 0.022717330047576145 -0.00034168446113189686 0.00031133276751645067 -0.0020168771373614831 0.00038791873576930628 0.0086538741654737586 -0.0011477138528799928 -0.001788868764265308 0.0056027773744632831 0.00055698224865249825 -0.00068831319769262179 0.00034401398166780586 -0.0030086587790882267 0.0012047924591650353 -0.00087733495409914356 0.00039677821704865501 0.003930304533464238 -0.0027649049006252847 0.00017432615815853402 0.00024269882533107853 -0.00080727567331513247 -0.00047361665307324181 0.0096545254213085581 0.0061340386845682897 0.0073980179707349158 -0.0036901647815615977
leaf_weight=3378 1115 31 125 87 24 24 20 80 191 33 271 21 27 21 33 31 28 45 116 52 38 51 26 39 59 942 24 23 21 51
leaf_count=3378 1115 31 125 87 24 24 20 80 191 33 271 21 27 21 33 31 28 45 116 52 38 51 26 39 59 942 24 23 21 51
internal_value=-0.00273018 -0.000628941 -0.000224942 -0.000305634 0.00033015 0.00602941 0.00977273 4.20402e-06 0.000275021 0.00234127 -0.000332557 0.000734405 0.004 -8.81624e-05 0.00125 0.000378485 0.00116438 -0.000681819 -0.00185714 0.00116438 -0.00180556 0.00117977 0.00177966 -0.000947032 -0.00110605 -0.000848215 0.00254717 -0.000121952 -0.00120316 0.00263889
internal_weight=7027 3649 2534 2503 1257 68 44 1189 1109 252 857 497 100 397 272 251 219 220 175 73 360 89 59 1246 1207 1120 106 82 1014 72
internal_count=7027 3649 2534 2503 1257 68 44 1189 1109 252 857 497 100 397 272 251 219 220 175 73 360 89 59 1246 1207 1120 106 82 1014 72
is_linear=0
shrinkage=0.05


Tree=159
num_leaves=31
num_cat=0
split_feature=0 15 15 6 7 5 0 5 16 11 0 2 9 15 5 16 5 13 13 9 16 12 18 5 1 9 0 14 17 12
split_gain=12.5786 0.660924 0.593283 0.413373 0.729547 1.2979 0.742877 0.804762 0.516023 0.360389 0.293922 0.3818 1.028 1.09399 0.871111 0.374761 0.291084 0.289466 0.388889 0.281329 0.420779 0.506264 0.279211 0.329221 0.307701 0.692307 0.644948 0.565423 0.430926 1.09411
threshold=8.5000000000000018 0.35294841394985871 0.23436876353337363 80.500000000000014 -0.98296291314453399 50.500000000000007 37.500000000000007 10.500000000000002 21.146375464630989 2.2790023309772089 663.50000000000011 246.50000000000003 0.78829775591774609 41.553946077206227 29.500000000000004 24.230013989013525 13.500000000000002 0.74693550808025233 0.82150570151724822 0.64534213713577271 21.766874309654934 257.75010651592771 74.035198604391965 19.500000000000004 303.2000000000001 0.9821165111257959 344.50000000000006 52.455645900048559 20.726919771616817 188.49617444645676
decision_type=2 2 2 2 2 2 2 2 2 2 2 2 2 2 2 2 2 2 2 2 2 2 2 2 2 2 2 2 2 2
left_child=-1 2 -2 4 5 6 -3 -8 -9 -6 11 15 13 14 -13 16 19 -15 -19 -11 -21 -22 24 -24 25 26 -5 28 -28 -30
right_child=1 3 -4 22 9 -7 7 8 -10 10 -12 12 -14 17 -16 -17 -18 18 -20 20 21 -23 23 -25 -26 -27 27 -29 29 -31
leaf_value=-0.010320453965938382 0.00022474124234786856 0.00036463336056544019 0.00034212929463101017 -0.0018747210884934029 -0.0010592190713680485 0.0028115583408880999 0.00012351074519430968 -0.00026003429279839764 7.5214489840549187e-05 0.00057476895853534541 -0.00042076663147770491 -0.00012938014722947163 0.014844276071859659 -0.0096446891915626491 0.0041970753048686275 -0.0043862376705646848 -0.00018798499208931422 0.012126026686468602 -0.0054123534265545061 -0.0016318143313990138 -0.00070349097881935313 0.0077359205434964625 -0.00090698715524589562 0.0082821233176017233 -0.0029729723874239227 0.0012142659531364901 -0.00092813958852883203 -0.037175581962627817 6.3351008210223202e-05 0.0072903673351732024
leaf_weight=3378 43 25 22 346 50 21 28 66 74 20 837 25 20 64 20 67 1291 42 21 22 34 21 20 22 278 40 32 29 49 20
leaf_count=3378 43 25 22 346 50 21 28 66 74 20 837 25 20 64 20 67 1291 42 21 22 34 21 20 22 278 40 32 29 49 20
internal_value=-0.00280134 -0.000765964 0.00423077 -0.000856586 -0.000560409 0.00224299 0.000958548 -0.000238096 -0.00178572 -0.00079716 -0.000712562 -0.000324834 0.00177083 0.000523255 0.00722222 -0.000601376 -0.000425073 -0.00185039 0.000555554 0.00221649 0.000844155 0.00318182 -0.00183014 0.00214286 -0.0020403 -0.00131783 -0.00184874 0.00115384 0.00292079 0.00514493
internal_weight=7027 3649 65 3584 2748 214 193 168 140 2534 2484 1647 192 172 45 1455 1388 127 63 97 77 55 836 42 794 516 476 130 101 69
internal_count=7027 3649 65 3584 2748 214 193 168 140 2534 2484 1647 192 172 45 1455 1388 127 63 97 77 55 836 42 794 516 476 130 101 69
is_linear=0
shrinkage=0.05


Tree=160
num_leaves=31
num_cat=0
split_feature=0 6 11 3 11 13 17 18 5 0 4 13 1 18 18 13 3 9 6 2 5 9 14 4 17 4 7 16 3 0
split_gain=12.3356 0.492975 0.870589 0.77383 0.521583 0.748121 0.749554 0.695402 0.656273 0.529304 0.486111 0.455518 0.495447 0.390837 0.505268 0.34917 0.337733 0.32269 0.759756 0.482267 0.862774 0.415979 0.612479 0.530012 0.505561 0.335175 0.580873 0.644128 0.464587 0.469806
threshold=8.5000000000000018 8.5000000000000018 1.0000000180025095e-35 44.750000000000007 15.292876761204198 0.12300981857433471 29.743107839731081 9.9355854023393793 67.500000000000014 43.500000000000007 21.350000000000005 0.24199609149572429 212.10000000000002 21.718676228415863 22.246139491032846 0.01752281746793273 42.050000000000004 0.823915376013162 13.500000000000002 346.00000000000006 64.500000000000014 -0.97505550290239429 64.763780896192955 8.3500000000000032 28.233838397671466 12.65 0.60355339059327384 22.203956883543508 33.750000000000007 277.50000000000006
decision_type=2 2 2 2 2 2 2 2 2 2 2 2 2 2 2 2 2 2 2 2 2 2 2 2 2 2 2 2 2 2
left_child=-1 2 -2 4 5 8 7 -7 15 -10 -5 -6 -13 -14 -15 -4 -16 19 -19 21 -21 22 23 -3 -25 28 -27 -28 -20 -30
right_child=1 17 3 10 11 6 -8 -9 9 -11 -12 12 13 14 16 -17 -18 18 25 20 -22 -23 -24 24 -26 26 27 -29 29 -31
leaf_value=-0.0098044312676414617 0.00047235579349197968 0.0047850802223638961 0.00017217475903902029 0.0011511116966202871 -0.011408985400003228 5.0600234574319546e-05 -0.00026727291034389248 0.005628654164165736 0.00026428649330874614 -0.00040107173800414973 -0.0014589098398977869 0.0047264753039084496 -0.0064783510115045493 0.00039520642844659303 -0.00017784256673280868 -0.00049248102893917919 -0.006517089500650961 0.0065893389840124038 -0.00072256639822235061 -0.0068096910265321086 0.00097185265451721771 -0.00044855404052267819 -0.0029433125662044596 0.00057369328545748318 -0.00033101363512750811 -0.00084650584374928279 0.0022885806772079335 -0.002766713665410224 0.0040568868087812434 6.8049039342127143e-05
leaf_weight=3378 36 23 32 21 88 29 34 25 28 24 24 21 54 27 1090 127 67 33 104 26 23 1321 40 23 20 167 21 23 20 78
leaf_count=3378 36 23 32 21 88 29 34 25 28 24 24 21 54 27 1090 127 67 33 104 26 23 1321 40 23 20 167 21 23 20 78
internal_value=-0.00282269 -0.000807072 -0.000193979 -0.000357778 -0.000534631 0.00135451 0.00522727 0.00888889 -0.000260665 0.00461538 0.00611111 -0.000953973 -0.000710883 -0.000840066 -0.000650339 -0.00185535 -0.000808126 -0.00135796 -0.000179373 -0.00171409 0.00316326 -0.00188157 0.00113207 0.00409091 0.000813952 -0.000762713 -0.0021564 0.00295454 0.000693068 0.00316326
internal_weight=7027 3649 1727 1691 1646 299 88 54 211 52 45 1347 1259 1238 1184 159 1157 1922 446 1476 49 1427 106 66 43 413 211 44 202 98
internal_count=7027 3649 1727 1691 1646 299 88 54 211 52 45 1347 1259 1238 1184 159 1157 1922 446 1476 49 1427 106 66 43 413 211 44 202 98
is_linear=0
shrinkage=0.05


Tree=161
num_leaves=31
num_cat=0
split_feature=0 6 7 5 5 16 2 3 5 17 16 1 17 10 2 17 4 4 16 14 4 3 2 2 12 18 3 2 16 0
split_gain=12.0152 0.451795 0.860621 1.44094 0.729112 0.550743 0.486532 0.466432 0.392328 0.264143 0.51866 0.491585 0.520038 0.452729 0.682353 0.410077 0.337886 0.479221 0.419691 0.419151 0.677434 0.366761 0.518223 1.33569 0.338202 0.471539 1.13336 0.473471 0.844608 0.326721
threshold=8.5000000000000018 4.5000000000000009 -0.98296291314453399 25.500000000000004 78.500000000000014 14.131320727950325 38.500000000000007 46.250000000000007 15.500000000000002 25.632034200284426 19.539191340334892 14.050000000000002 25.755537984696499 -0.82389248692129191 364.50000000000006 24.728933597324602 13.950000000000001 13.65 19.502642845175668 71.587306401570771 9.2500000000000018 22.550000000000004 201.50000000000003 189.50000000000003 274.84015360999092 6.8248233501713296 27.650000000000002 122.50000000000001 22.229893217449085 656.50000000000011
decision_type=2 2 2 2 2 2 2 2 2 2 2 2 2 2 2 2 2 2 2 2 2 2 2 2 2 2 2 2 2 2
left_child=-1 2 3 8 5 -4 -6 -7 -2 10 13 -11 -13 15 -15 29 17 19 -18 21 -21 -14 23 24 25 26 -23 -27 -29 -3
right_child=1 9 4 -5 6 7 -8 -9 -10 11 -12 12 16 14 -16 -17 18 -19 -20 20 -22 22 -24 -25 -26 27 -28 28 -30 -31
leaf_value=-0.009314209704259389 5.6411645099031579e-05 1.369725419261997e-05 0.0025407278631251807 0.0013470631181846156 0.00069655003278407243 -0.00024990439500374874 0.00075609344679563424 0.00099507112438598582 -0.0011769820992431389 0.000542760224290572 -0.002477198074525989 0.0080907860707674761 -0.00061515260669700372 -0.0015357066563569041 0.00089006566559544876 0.010022495244112341 0.018532489752498361 0.00066276412400801885 -0.00055985707779147181 -0.0019868058943675088 0.0066177444198633213 -0.0067474939556386648 -0.00054658016945511049 0.024785421185341938 -0.00097630319631126757 -0.00084593622757568392 0.0025281649712939717 -0.00094117842127194689 0.0017434904330284251 -0.0020855892342264717
leaf_weight=3378 37 302 20 34 22 1342 32 22 25 35 174 28 117 327 24 22 21 21 376 43 35 21 228 23 32 49 38 79 31 89
leaf_count=3378 37 302 20 34 22 1342 32 22 25 35 174 28 117 327 24 22 21 21 376 43 35 21 228 23 32 49 38 79 31 89
internal_value=-0.00285115 -0.000861881 -0.000208606 0.004375 -0.000514605 -0.000736995 0.00518518 -0.000857772 -0.000161292 -0.0013357 -0.00196162 -0.000836875 -0.00101576 -0.00140052 -0.0027208 -0.000278452 -0.00118492 -0.000536961 -0.00235516 -0.000761495 0.00269231 -0.00119741 -0.000608784 0.000860805 -0.000200001 0.000504586 0.00432203 -0.000911951 0.00090909 -0.000652175
internal_weight=7027 3649 1534 96 1438 1384 54 1364 62 2115 938 1177 1142 764 351 413 1114 717 397 696 78 618 501 273 250 218 59 159 110 391
internal_count=7027 3649 1534 96 1438 1384 54 1364 62 2115 938 1177 1142 764 351 413 1114 717 397 696 78 618 501 273 250 218 59 159 110 391
is_linear=0
shrinkage=0.05


Tree=162
num_leaves=31
num_cat=0
split_feature=0 15 4 5 3 7 6 5 11 11 18 4 6 6 1 2 12 9 18 16 5 0 4 4 0 6 4 13 15 15
split_gain=12.824 0.650094 0.662224 0.631436 0.439768 0.325814 1.06089 1.264 0.381935 0.358262 0.507512 0.328028 0.420372 0.388054 0.301148 0.23852 0.917447 0.242771 0.232908 0.225 0.224087 0.269428 0.507997 0.691451 0.24446 0.234661 0.503457 0.475796 0.308349 0.458675
threshold=8.5000000000000018 0.35294841394985871 13.850000000000003 6.5000000000000009 10.450000000000001 -0.98296291314453399 18.500000000000004 43.500000000000007 2.2790023309772089 6.2420705122950979 2.3138100267741861 20.950000000000003 1.5000000000000002 5.5000000000000009 126.75000000000001 364.50000000000006 206.47875505553245 0.99984258031731443 8.9875434930812759 20.004029633113653 8.5000000000000018 855.50000000000011 6.4500000000000011 18.250000000000004 829.50000000000011 75.500000000000014 27.950000000000003 0.070415698109857941 20.642084309029503 23.601320189305302
decision_type=2 2 2 2 2 2 2 2 2 2 2 2 2 2 2 2 2 2 2 2 2 2 2 2 2 2 2 2 2 2
left_child=-1 2 -2 -3 14 6 7 11 -7 10 -10 12 -6 -14 -5 17 -17 20 -8 -12 -11 24 -23 -24 25 28 27 -27 -22 -30
right_child=1 3 -4 4 5 8 18 -9 9 15 19 -13 13 -15 -16 16 -18 -19 -20 -21 21 22 23 -25 -26 26 -28 -29 29 -31
leaf_value=-0.0088484992190464191 -4.2244177919456556e-05 5.8955456535482575e-05 0.00036181758019306976 0.0001577578109118983 -0.00016038974090757914 -0.0012937845630428225 -0.0004042903585198853 0.0014225440958429087 -0.00033767976649276202 -0.0015094158611839912 0.00026847859985720351 0.00051678560727680303 0.00018300281678795206 -0.00050105908436236495 -0.00028583596093275721 0.00077344134323185053 -0.0082077481538312957 0.00050500752846693365 0.00015275101715870991 0.00015415127698774849 -0.00046374530079073482 -0.0010884035771415123 0.012216058233018726 -0.00088223675916959264 -0.0016010338446887568 0.00060924497480298464 0.0089831062240847085 -0.0015348599057750391 0.0012410943694199494 -0.00020621257923724768
leaf_weight=3378 34 31 31 23 47 61 116 23 34 61 20 20 22 23 21 25 22 22 30 20 454 21 38 23 65 27 33 625 64 1613
leaf_count=3378 34 31 31 23 47 61 116 23 34 61 20 20 22 23 21 25 22 22 30 20 454 21 38 23 65 27 33 625 64 1613
internal_value=-0.00277999 -0.000724857 0.00423077 -0.000814733 -0.000876725 -0.000939015 0.000693949 0.00388889 -0.00108117 -0.00100568 0.00243243 0.00169643 0.000434781 0.00388889 0.00409091 -0.00108794 0.00244681 -0.00114248 -0.00226028 0.00625 -0.00118056 -0.0011188 0.00170732 0.00401639 -0.00119924 -0.00112926 -0.00193431 -0.00223926 -0.000870485 -0.000557544
internal_weight=7027 3649 65 3584 3553 3509 281 135 3228 3167 74 112 92 45 44 3093 47 3046 146 40 3024 2963 82 61 2881 2816 685 652 2131 1677
internal_count=7027 3649 65 3584 3553 3509 281 135 3228 3167 74 112 92 45 44 3093 47 3046 146 40 3024 2963 82 61 2881 2816 685 652 2131 1677
is_linear=0
shrinkage=0.05


Tree=163
num_leaves=31
num_cat=0
split_feature=0 10 11 3 5 15 5 18 11 4 5 4 6 10 12 6 3 6 16 5 0 13 3 16 3 2 3 17 14 10
split_gain=13.7442 0.735792 0.449133 0.360561 0.366905 0.268328 0.284378 0.225742 0.509894 0.470648 0.424363 0.416991 0.548566 0.296951 0.379749 0.673222 1.11364 0.389181 0.421129 0.393423 0.289966 2.16603 0.681942 0.588939 0.586081 0.549383 1.12055 0.546152 1.48654 0.505124
threshold=8.5000000000000018 -0.99981480381338828 -3.0540662031282801 9.3500000000000032 6.5000000000000009 0.35294841394985871 48.500000000000007 2.1921385514075071 6.2420705122950979 19.150000000000002 37.500000000000007 16.850000000000005 1.5000000000000002 -0.99463397642532658 272.66343242860182 51.500000000000007 34.750000000000007 7.5000000000000009 19.132205199484385 9.5000000000000018 235.50000000000003 0.30152419456589125 30.550000000000004 18.646163228713728 29.950000000000003 298.50000000000006 31.450000000000003 24.389356109514875 50.945046058236464 -0.82389248692129191
decision_type=2 2 2 2 2 2 2 2 2 2 2 2 2 2 2 2 2 2 2 2 2 2 2 2 2 2 2 2 2 2
left_child=-1 -2 -3 -4 -5 6 -6 9 10 -7 11 12 -9 -10 20 16 -16 19 -19 -18 22 -22 24 25 -15 27 -27 29 -29 -23
right_child=1 2 3 4 5 7 -8 8 13 -11 -12 -13 -14 14 15 -17 17 18 -20 -21 21 23 -24 -25 -26 26 -28 28 -30 -31
leaf_value=-0.0084060742580940977 7.2532692345514256e-05 0.00024835998748466785 0.00016157088125025892 5.6007683708760147e-05 0.00033228551798582967 -0.00069792291195248273 -0.00013068736382513586 -8.4416158467221739e-05 -0.0012855311960586757 0.00011848954669961441 0.00071335237734445928 -0.00069205726104630072 0.00055767975995324448 -0.00069915832434030599 0.0012510248992929011 -0.0022617425977393486 -0.00202696533520311 0.00078557565718386652 -0.00037289486405906727 0.0001593595916062233 0.013369287841493336 0.00265396623052325 -0.0013747357050816764 -0.00035030690995846762 0.0016678473178481379 0.0010365391750974888 0.00010993299671197561 0.015961047249950858 -0.0070172241352034932 -0.0032956226700335102
leaf_weight=3378 28 35 31 31 20 120 23 33 119 33 27 23 38 364 22 87 21 20 61 74 23 45 163 1895 20 33 79 25 31 125
leaf_count=3378 28 35 31 31 20 120 23 33 119 33 27 23 38 364 22 87 21 20 61 74 23 45 163 1895 20 33 79 25 31 125
internal_value=-0.00270172 -0.000574131 -0.000636566 -0.00069158 -0.000738398 -0.00078604 0.00313953 -0.000834531 -0.000748198 -0.00271242 0.00243802 0.000851063 0.00274648 -0.000868414 -0.000773965 0.000964911 0.00257576 0.00125 -0.0012963 0.00342105 -0.000950768 -0.000700356 -0.00198355 -0.000857592 -0.000833335 0.00106509 0.00392857 -0.000353983 0.00392857 -0.00176471
internal_weight=7027 3649 3621 3586 3555 3524 43 3481 3328 153 121 94 71 3207 3088 285 198 176 81 95 2803 2256 547 2233 384 338 112 226 56 170
internal_count=7027 3649 3621 3586 3555 3524 43 3481 3328 153 121 94 71 3207 3088 285 198 176 81 95 2803 2256 547 2233 384 338 112 226 56 170
is_linear=0
shrinkage=0.05


Tree=164
num_leaves=31
num_cat=0
split_feature=18 15 3 16 1 12 14 1 14 0 3 1 9 17 1 4 5 5 2 4 10 4 3 17 15 16 0 5 9 4
split_gain=13.8058 0.758962 0.834263 0.865369 0.557724 0.463654 0.468312 0.540893 0.482712 0.449296 0.404369 0.395115 0.372398 0.428512 0.607507 0.366157 0.344843 0.379842 0.319477 0.343637 0.316811 0.75217 0.864934 0.422578 1.08489 0.869832 0.528079 0.391556 0.785908 0.418663
threshold=0.14633312961828854 1.104857663302558 28.550000000000004 20.931331364933232 12.550000000000002 116.73198190700471 4.8068066522688966 27.850000000000005 60.421538932929742 18.500000000000004 44.750000000000007 33.350000000000001 -0.86742422337961644 27.230775154359865 684.1500000000002 25.250000000000004 27.500000000000004 23.500000000000004 364.50000000000006 2.5500000000000003 -0.89388548498445497 22.250000000000004 40.850000000000001 23.816073240064274 9.7492377029305768 17.267590966577099 431.50000000000006 10.500000000000002 0.84293373149377093 8.9500000000000011
decision_type=2 2 2 2 2 2 2 2 2 2 2 2 2 2 2 2 2 2 2 2 2 2 2 2 2 2 2 2 2 2
left_child=-1 2 9 -4 -5 11 -7 -8 18 -2 12 -3 13 -10 16 -13 17 -15 19 -9 21 23 -23 25 -25 -21 -27 28 -22 -29
right_child=1 5 3 4 -6 6 7 8 10 -11 -12 15 -14 14 -16 -17 -18 -19 -20 20 27 22 -24 24 -26 26 -28 29 -30 -31
leaf_value=-0.0079857705451893933 0.00027647659450316425 0.00079138495482763993 -0.00030795171199143298 0.00033130865991247183 -0.0001974777756272735 0.00025049762184698409 -0.0020875763035552793 0.00019428053366244888 0.0010860459930669814 0.00030126769427291024 0.00059266926700738396 -0.0014079305945005303 -0.00043587112152431882 -0.0032741520083272684 0.0045745481039673689 -0.0033644102541761853 -0.0088240677608943437 0.0051112227619893903 0.00017180650535026911 -0.00072096423095266416 -0.00024682170421444814 0.00027689843623581329 0.0069547901883231303 9.4458998956758347e-05 -0.00087291071305136802 -2.0893821142791944e-05 0.013017151002976705 0.00057990715460314013 0.0061336719057803833 -0.00013378525853786961
leaf_weight=3375 29 44 62 21 20 40 102 22 32 20 32 801 771 23 26 86 82 22 35 43 71 41 20 23 100 24 31 274 43 712
leaf_count=3375 29 44 62 21 20 40 102 22 32 20 32 801 771 23 26 86 82 22 35 43 71 41 20 23 100 24 31 274 43 712
internal_value=-0.00269461 -0.000564076 0.00289474 0.000339805 0.00597561 -0.000714287 -0.000367849 -0.000452749 -0.000302844 0.0082653 -0.00115385 -0.00167025 -0.00133891 0.000675674 -0.000424838 -0.00189966 -0.00185039 0.00166667 0.000281444 0.000163816 6.51218e-05 0.00156028 0.00647541 0.000203619 -0.00174797 0.00265306 0.00681818 -0.000318183 0.00245614 -0.000638946
internal_weight=7027 3652 152 103 41 3500 2569 2529 2427 49 988 931 956 185 153 887 127 45 1439 1404 1382 282 61 221 123 98 55 1100 114 986
internal_count=7027 3652 152 103 41 3500 2569 2529 2427 49 988 931 956 185 153 887 127 45 1439 1404 1382 282 61 221 123 98 55 1100 114 986
is_linear=0
shrinkage=0.05


Tree=165
num_leaves=31
num_cat=0
split_feature=18 15 3 16 1 0 5 2 12 6 7 5 3 1 16 10 14 15 15 4 16 10 1 3 15 14 5 11 10 4
split_gain=13.4671 0.783186 0.834263 0.865369 0.557724 0.449296 0.371445 0.357446 0.643752 0.386323 0.510404 0.54244 0.731415 1.06874 1.00092 1.02189 0.950946 0.672623 0.457202 0.446145 0.441803 0.374927 0.543216 0.57467 0.374783 0.356757 0.367748 0.56949 0.658154 0.795474
threshold=0.14633312961828854 1.104857663302558 28.550000000000004 20.931331364933232 12.550000000000002 18.500000000000004 6.5000000000000009 364.50000000000006 206.47875505553245 24.500000000000004 -0.98296291314453399 36.500000000000007 33.550000000000004 637.80000000000007 18.948776504104153 -0.98518361333263327 18.953793107244671 20.642084309029503 67.959602083937838 10.250000000000002 19.040278924963783 0.63207999751838684 545.05000000000007 16.150000000000002 5.5959669674703649 68.03082633860059 26.500000000000004 64.5654713892297 -0.88603780069526494 16.250000000000004
decision_type=2 2 2 2 2 2 2 2 2 2 2 2 2 2 2 2 2 2 2 2 2 2 2 2 2 2 2 2 2 2
left_child=-1 2 5 -4 -5 -2 -3 9 -9 10 19 17 21 14 -14 -16 -17 -12 -18 -8 -19 -13 23 -23 -21 26 27 28 -22 -30
right_child=1 6 3 4 -6 -7 7 8 -10 -11 11 12 13 -15 15 16 18 20 -20 24 25 22 -24 -25 -26 -27 -28 -29 29 -31
leaf_value=-0.0075864820179299235 0.0002626527647780073 6.5548358937725777e-05 -0.00029255412639186105 0.00031474322691684743 -0.00018760388684590921 0.00028620430955944961 0.0022117965731117293 0.00072038046230928792 -0.0078531449760736206 -0.00030930344113914976 -0.00083752752453339525 -0.00078631132993732587 0.012122180101863271 0.016211944348798656 0.00012924079427781607 0.0005031827209605299 -0.0015749068063378663 -0.0077455858837948352 0.0031944317368966524 0.00024003587505938754 0.0058512453100737719 0.00013478005573899364 -0.00094560768511452024 0.0092129211943612517 -0.00015921170044375389 -0.001309633324745104 -0.0003508985836407992 -0.0044474556067651229 0.0035893471215581322 -0.00063311398404095217
leaf_weight=3375 29 31 62 21 20 20 37 25 22 1319 159 365 25 22 23 22 120 61 22 28 33 55 105 26 76 340 196 97 202 89
leaf_count=3375 29 31 62 21 20 20 37 25 22 1319 159 365 25 22 23 22 120 61 22 28 33 55 105 26 76 340 196 97 202 89
internal_value=-0.00272307 -0.00061884 0.00289474 0.000339805 0.00597561 0.0082653 -0.00077143 -0.000820122 0.00351064 -0.000879604 -0.000458869 -0.000667687 0.000350317 0.00269231 0.00160377 0.000347592 -0.00103659 -0.00134665 -0.00253521 0.00244681 -0.000874264 -0.000644284 0.00118279 0.00425926 0.00076923 -0.000611286 0.000105347 0.000938241 0.00194444 0.00118557
internal_weight=7027 3652 152 103 41 49 3500 3469 47 3422 2103 1962 785 234 212 187 164 1177 142 141 1018 551 186 81 104 957 617 421 324 291
internal_count=7027 3652 152 103 41 49 3500 3469 47 3422 2103 1962 785 234 212 187 164 1177 142 141 1018 551 186 81 104 957 617 421 324 291
is_linear=0
shrinkage=0.05


Tree=166
num_leaves=31
num_cat=0
split_feature=2 13 3 12 3 4 7 0 4 9 4 4 18 2 12 13 18 18 17 6 18 4 4 18 5 10 15 11 15 13
split_gain=13.6583 1.00892 0.911601 0.778066 1.154 0.542806 0.495108 0.455825 0.57243 0.567735 0.547035 0.528008 0.536444 0.449367 0.444633 0.410744 0.992607 1.11245 0.744093 0.465144 0.553086 0.555626 0.520833 0.375755 0.30141 0.280364 0.280142 0.934148 0.510806 0.487469
threshold=7.5000000000000009 0.072857000049982509 18.450000000000003 87.619732157597056 28.650000000000002 11.250000000000002 0.91597561503675362 33.500000000000007 17.650000000000002 0.52707282776374187 20.050000000000004 14.950000000000001 2.7316563051499414 387.50000000000006 67.591300834537421 0.20866728854958086 9.9355854023393793 11.65507556490194 29.382213553768732 21.500000000000004 8.9875434930812759 14.15 9.9500000000000011 17.254734173883783 63.500000000000007 -0.99981480381338828 14.570925942695149 29.785044068163554 20.413626351964634 0.30152419456589125
decision_type=2 2 2 2 2 2 2 2 2 2 2 2 2 2 2 2 2 2 2 2 2 2 2 2 2 2 2 2 2 2
left_child=-1 2 5 4 -4 -2 13 8 -5 10 11 12 -9 15 -6 16 19 -18 -19 20 21 22 -3 -17 -21 -25 27 -27 -28 -30
right_child=1 6 3 7 14 -7 -8 9 -10 -11 -12 -13 -14 -15 -16 23 17 18 -20 24 -22 -23 -24 25 -26 26 28 -29 29 -31
leaf_value=-0.0072071579170334271 0.00024339551479484356 0.0014841076674208778 0.0042014028997066511 -0.00095511142025334918 -0.0002570515640468407 0.00024464055305602124 -0.0086487718694850373 -0.00020829417383733746 6.071949966441052e-05 -0.0016305901566700054 -0.00052108705076703028 0.0004879774418343289 0.00068359504206648241 4.7813782113224036e-05 0.00015135711652789854 -0.00085929768745697001 0.011667197184732182 0.0013302064537115109 -0.011029758365211677 -0.0010578460198008273 -0.00040527102865475231 0.00048748644567481441 -0.00068449582707471798 0.0001159816344210418 5.7333897747347715e-05 -0.0016362113050850961 -0.0044210420561185985 0.0011615416855686659 0.0016695188609236987 -0.00021437554080880536
leaf_weight=3367 34 24 23 123 28 21 133 23 27 25 25 20 33 22 34 80 26 22 31 87 24 33 24 20 32 29 196 23 42 2396
leaf_count=3367 34 24 23 123 28 21 133 23 27 25 25 20 33 22 34 80 26 22 31 87 24 33 24 20 32 29 196 23 42 2396
internal_value=-0.00270172 -0.000587433 0.00173077 0.000817173 0.005 0.00772727 -0.000884711 -0.000471016 -0.00233333 0.00174603 0.00341584 0.00552631 0.00303571 -0.000756993 0.00145161 -0.000807706 0.000940593 0.00575949 0.00160377 -0.00075893 0.00166667 0.00364197 0.000208332 -0.000997848 -0.00289916 -0.000898006 -0.000941922 0.00269231 -0.00101367 -0.000816244
internal_weight=7027 3660 416 361 85 55 3244 276 150 126 101 76 56 3111 62 3089 303 79 53 224 105 81 48 2786 119 2706 2686 52 2634 2438
internal_count=7027 3660 416 361 85 55 3244 276 150 126 101 76 56 3111 62 3089 303 79 53 224 105 81 48 2786 119 2706 2686 52 2634 2438
is_linear=0
shrinkage=0.05


Tree=167
num_leaves=31
num_cat=0
split_feature=2 13 3 2 5 5 4 12 11 4 14 13 18 6 6 18 15 13 5 2 17 16 15 13 13 4 4 0 4 13
split_gain=13.2387 0.477526 0.784494 0.793192 0.757423 0.501462 0.483218 0.468675 0.654479 0.777351 0.359433 0.413821 1.67932 0.474908 0.462691 0.420922 0.475799 0.828947 0.37966 0.395406 0.782609 0.379447 0.307886 0.424737 1.01731 0.265849 0.324732 0.257735 0.482031 0.413034
threshold=7.5000000000000009 0.070415698109857941 18.450000000000003 36.500000000000007 60.500000000000007 46.500000000000007 15.65 67.591300834537421 2.2790023309772089 20.550000000000004 2.2285961550937681 0.18158213768841017 8.7523200402321208 21.500000000000004 3.5000000000000004 15.339071760111681 14.570925942695149 0.37155310526811808 6.5000000000000009 364.50000000000006 23.940370457556281 23.61073865861761 20.413626351964634 0.30152419456589125 0.28277136941733222 33.550000000000004 30.150000000000002 676.50000000000011 27.750000000000004 0.74693550808025233
decision_type=2 2 2 2 2 2 2 2 2 2 2 2 2 2 2 2 2 2 2 2 2 2 2 2 2 2 2 2 2 2
left_child=-1 2 4 6 -2 -5 -4 -8 -9 -10 -3 12 13 14 21 -13 17 -17 -18 22 -21 -12 -20 24 -24 26 27 29 -29 -25
right_child=1 10 3 5 -6 -7 7 8 9 -11 11 15 -14 -15 -16 16 18 -19 19 20 -22 -23 23 25 -26 -27 -28 28 -30 -31
leaf_value=-0.006846800021181757 0.00031353229690250789 -0.0047981439710424213 -0.00027086823240664282 0.0002476912352562494 0.00010813693068188195 0.00073485567867571293 -0.00018159576427064525 -8.1110205132576332e-05 0.00035945565267989636 4.7099171724429196e-05 -0.0011588721856992713 -0.00056604940224274627 0.0031089379772451875 -0.00038454007608423191 0.0014234007185473436 0.003909005284846054 0.00073300018332910898 -0.0015427704935039536 -0.0029410381612373767 0.00093700494269984577 -0.0016197482587071634 1.0445245209106151e-05 -0.0017628352431281564 -0.00025612420886826024 0.013377522297806782 0.0031852134208707667 -0.006026099735889765 -0.00051624397559421771 0.0097079324702519579 0.00018217581041235958
leaf_weight=3367 21 210 192 36 30 21 20 39 20 23 24 102 28 80 28 21 24 36 223 23 23 22 32 1016 20 28 49 836 24 409
leaf_count=3367 21 210 192 36 30 21 20 39 20 23 24 102 28 80 28 21 24 36 223 23 23 22 32 1016 20 28 49 836 24 409
internal_value=-0.0027373 -0.000655739 0.000970148 0.000128204 0.0067647 0.00552631 -0.000918369 0.00186274 0.00353658 0.0077907 -0.000856355 -0.000718505 0.00159341 -0.000454547 0.00243243 -0.000865319 -0.000748916 0.00377193 -0.000844109 -0.000900113 0.00369565 -0.000652175 -0.000980282 -0.000816074 0.00365384 -0.00091448 -0.00097258 -0.000886216 -0.00156977 -0.000473685
internal_weight=7027 3660 402 351 51 57 294 102 82 43 3258 3048 182 154 74 2866 2764 57 2707 2683 46 46 2637 2414 52 2362 2334 2285 860 1425
internal_count=7027 3660 402 351 51 57 294 102 82 43 3258 3048 182 154 74 2866 2764 57 2707 2683 46 46 2637 2414 52 2362 2334 2285 860 1425
is_linear=0
shrinkage=0.05


Tree=168
num_leaves=31
num_cat=0
split_feature=2 13 3 5 4 4 2 13 16 2 14 6 2 4 10 16 5 12 0 0 10 16 14 4 9 4 5 4 1 13
split_gain=13.3221 0.440339 0.89112 0.710186 0.472537 0.708809 0.91413 0.70028 0.593891 0.459576 0.38623 0.400721 0.448364 0.676228 0.379842 0.364785 0.79163 0.957316 0.395196 0.669194 0.427907 0.365008 0.284423 0.472922 0.281314 0.320469 0.635544 0.834993 0.595043 0.476402
threshold=7.5000000000000009 0.072857000049982509 18.450000000000003 60.500000000000007 15.350000000000003 19.750000000000004 29.500000000000004 0.065584743344964572 20.917875680437216 387.50000000000006 2.2285961550937681 27.500000000000004 106.50000000000001 17.650000000000002 -0.66483077113278999 19.395020252743631 36.500000000000007 189.43080011616834 591.50000000000011 460.50000000000006 -0.87792756428346708 19.040278924963783 38.089430827342262 9.9500000000000011 0.9993981459635205 19.050000000000004 52.500000000000007 19.750000000000004 99.300000000000026 0.82150570151724822
decision_type=2 2 2 2 2 2 2 2 2 2 2 2 2 2 2 2 2 2 2 2 2 2 2 2 2 2 2 2 2 2
left_child=-1 2 3 -2 7 6 14 -4 -7 10 -3 12 13 22 -6 16 21 18 19 20 -18 -14 23 -12 25 -13 -27 -28 -29 -30
right_child=1 9 4 -5 5 8 -8 -9 -10 -11 11 24 15 -15 -16 -17 17 -19 -20 -21 -22 -23 -24 -25 -26 26 27 28 29 -31
leaf_value=-0.0065044600201226684 0.0002978556820573825 -0.0061989945316166988 -0.00017248614909652109 0.0001120113095731749 -0.00016826228815294597 -0.00028563482375803335 0.00069297065373649614 0.0041856669273138579 0.0001098163829128954 8.7265040272942925e-05 0.0019381095424455611 -0.00061671349036388086 -0.0021414395837522208 0.00092778776645140648 0.000282035390930105 -0.00017486062726548916 0.0039775312399164871 0.0024583566699376024 -0.0042834885451046812 0.014417094610396095 -0.014389251751086123 0.0081847747460627278 0.0011729371605980338 -9.5672737509195588e-05 0.00096323651459716926 -0.0011043272624836789 0.013249311146989406 0.0015924848180764667 -0.0027627913008209772 4.9062510879003861e-05
leaf_weight=3367 21 201 204 34 23 42 24 20 26 22 51 788 78 28 22 1521 20 39 32 23 23 24 30 50 22 174 21 24 53 20
leaf_count=3367 21 201 204 34 23 42 24 20 26 22 51 788 78 28 22 1521 20 39 32 23 23 24 30 50 22 174 21 24 53 20
internal_value=-0.00273018 -0.000642078 0.000889422 0.00681818 -1.38516e-05 0.00229927 0.00586956 -0.00142857 -0.00132353 -0.000838472 -0.000887649 -0.000746443 -0.000310059 0.0022327 0.00166667 -0.000539774 0.00127615 0.00375912 0.00112245 0.00333333 -0.000348838 -0.00205882 0.00072519 -0.000544556 -0.00150635 -0.00162037 -0.000205481 0.00262712 0.000670102 -0.00157534
internal_weight=7027 3660 416 55 361 137 69 224 68 3244 3222 3021 1919 159 45 1760 239 137 98 66 43 102 131 101 1102 1080 292 118 97 73
internal_count=7027 3660 416 55 361 137 69 224 68 3244 3222 3021 1919 159 45 1760 239 137 98 66 43 102 131 101 1102 1080 292 118 97 73
is_linear=0
shrinkage=0.05


Tree=169
num_leaves=31
num_cat=0
split_feature=13 2 9 10 0 10 15 9 17 16 0 0 4 1 13 5 3 1 2 5 0 11 4 4 3 3 17 2 16 17
split_gain=13.4513 0.536851 0.308794 0.680556 0.860119 0.323158 0.433524 0.375846 0.30303 0.291951 0.280435 0.750794 1.13778 0.339431 0.979824 0.466686 0.517952 0.797309 0.247171 0.213719 0.531408 0.433436 0.374863 0.348353 0.352855 0.583578 1.392 0.533799 0.454124 0.869143
threshold=0.0093422258425822236 8.5000000000000018 -0.99466160899732459 -0.0387208465846701 403.50000000000006 0.67123509350548782 3.0683358808436991 0.7206604759859373 28.463231662002215 12.96724426649987 663.50000000000011 618.50000000000011 6.8500000000000005 545.05000000000007 0.73675205128271737 37.500000000000007 17.550000000000004 118.2 387.50000000000006 16.500000000000004 855.50000000000011 68.865990354291583 2.3500000000000001 3.8500000000000001 31.750000000000004 32.150000000000013 25.150511923839712 287.50000000000006 21.921539966464639 28.998947202065938
decision_type=2 2 2 2 2 2 2 2 2 2 2 2 2 2 2 2 2 2 2 2 2 2 2 2 2 2 2 2 2 2
left_child=-1 -2 3 4 -3 9 -7 10 -5 -4 11 13 -13 14 15 -8 17 -17 19 -11 21 22 -21 -24 27 26 -26 -25 -27 -30
right_child=1 2 5 8 -6 6 7 -9 -10 18 -12 12 -14 -15 -16 16 -18 -19 -20 20 -22 -23 23 24 25 28 -28 -29 29 -31
leaf_value=-0.0061792370191165354 0.0001972260519830291 0.0038808608020765539 -0.0073589175551343096 -0.0032613002861880411 0.0019115660896436759 0.00020915846833624715 -0.0012707325694471293 0.003163800054905123 6.0836303326556484e-05 -0.00019450756740159366 -0.0096922662972618139 0.015666091056792543 -0.00033448327358156409 -0.0009694991381112468 0.0009749981818961413 0.00017319339122851265 0.003394626194222667 -0.00072762412892488646 8.3815881713266644e-05 0.00021715307250754076 0.0065187463925345775 -0.00091692315947599636 -0.0025074285400230444 -0.00026706980724938343 0.0010130589186955409 -0.0001509362289135788 -3.7015196720808111e-05 0.015219736732988634 0.014170705629804237 -2.6069934359374215e-05
leaf_weight=3362 26 21 86 30 27 38 78 22 66 628 30 20 25 159 28 25 29 66 21 30 33 231 65 765 23 901 45 22 35 90
leaf_count=3362 26 21 86 30 27 38 78 22 66 628 30 20 25 159 28 25 29 66 21 30 33 231 65 765 23 901 45 22 35 90
internal_value=-0.00271595 -0.000620738 -0.000671889 0.00159722 0.00645833 -0.00076538 0.000384614 -2.07481e-05 -0.000833335 -0.000966388 -0.000326088 -1.19209e-09 0.00611111 -0.000714287 0.000530972 -0.000707072 0.00125 -0.000604397 -0.000880929 -0.000920503 -0.000691965 -0.000786136 -0.00054656 -0.000632067 -0.00050771 7.3125e-05 0.00455882 -0.00131512 -0.000224173 0.0026
internal_weight=7027 3665 3639 144 48 3495 520 482 96 2975 460 430 45 385 226 198 120 91 2889 2868 2240 2207 1976 1946 1881 1094 68 787 1026 125
internal_count=7027 3665 3639 144 48 3495 520 482 96 2975 460 430 45 385 226 198 120 91 2889 2868 2240 2207 1976 1946 1881 1094 68 787 1026 125
is_linear=0
shrinkage=0.05


Tree=170
num_leaves=31
num_cat=0
split_feature=0 2 6 11 16 5 12 13 1 12 5 3 1 2 3 4 14 5 12 1 16 10 13 5 14 18 1 4 12 12
split_gain=13.269 2.0592 0.283451 0.856704 0.50979 0.411467 0.633626 0.368298 1.219 0.385754 0.507937 0.833333 0.476247 0.483323 0.350812 0.445716 1.54295 0.494152 0.410466 0.924927 0.512729 0.81306 0.396332 0.920679 0.914286 0.520282 0.372575 0.408333 0.313857 0.439194
threshold=7.5000000000000009 8.5000000000000018 8.5000000000000018 -1.8237865023002413 13.521782310682594 78.500000000000014 97.693302337266786 0.24199609149572429 212.10000000000002 269.58768850348935 25.500000000000004 42.050000000000004 309.45000000000005 106.50000000000001 39.95000000000001 26.550000000000004 29.573225210049333 72.500000000000014 253.16902249952926 442.30000000000001 17.191465796720639 -0.98798606843101155 0.32473039215686278 56.500000000000007 36.262863010170612 6.8248233501713296 76.350000000000009 16.550000000000004 240.08098772759664 203.19880857529418
decision_type=2 2 2 2 2 2 2 2 2 2 2 2 2 2 2 2 2 2 2 2 2 2 2 2 2 2 2 2 2 2
left_child=-1 -2 3 -3 -5 7 -7 -6 -9 12 11 -11 -10 -14 15 17 -17 18 28 20 -20 -22 23 24 25 26 27 -23 29 -4
right_child=1 2 14 4 5 6 -8 8 9 10 -12 -13 13 -15 -16 16 -18 -19 19 -21 21 22 -24 -25 -26 -27 -28 -29 -30 -31
leaf_value=-0.0058702751681607088 0.00023133112729939632 0.00019382100812354581 -0.00044446155909975992 0.00072918713220501837 -0.00014910081728526319 -0.00046987633682460178 0.001092166712545612 0.0037298445817448298 -0.003631730871384649 0.0046968338507254797 -0.0021596112771694667 -6.3422052639940181e-05 0.006494732435114621 -0.00012571697818073452 -0.00070062593123433896 0.0064084012682710844 -0.00042139959972360463 -0.0011896203889890228 -0.002664494380207712 0.0062681144799094264 0.0073590314682582814 -0.00032574895729680145 -0.00092292358478747504 0.0026693838015922101 0.012383858459465396 -0.0014349631766856427 0.0018509302046652066 6.3137003979768164e-05 -0.0012396328982852106 0.00030526825506165916
leaf_weight=3360 28 20 662 26 333 23 35 21 62 27 28 45 27 1072 227 25 52 229 63 33 24 40 89 22 20 59 21 20 117 217
leaf_count=3360 28 20 662 26 333 23 35 21 62 27 28 45 27 1072 227 25 52 229 63 33 24 40 89 22 20 59 21 20 117 217
internal_value=-0.00273018 -0.000650397 -0.000754329 -0.000287959 -0.000409065 -0.000517036 0.00362069 -0.000665636 -0.000280812 -0.000479779 0.0025 0.00472222 -0.000736435 -0.000495907 -0.00117188 -0.000924396 0.00279221 -0.00110149 -0.000746216 0.000626597 -0.000111733 0.000762711 -1.84514e-05 0.00131868 -1.19209e-09 -0.00142857 0.00117284 -0.000833335 -0.00128514 -0.000961321
internal_weight=7027 3667 3639 1719 1699 1673 58 1615 1282 1261 100 72 1161 1099 1920 1693 77 1616 1387 391 358 295 271 182 160 140 81 60 996 879
internal_count=7027 3667 3639 1719 1699 1673 58 1615 1282 1261 100 72 1161 1099 1920 1693 77 1616 1387 391 358 295 271 182 160 140 81 60 996 879
is_linear=0
shrinkage=0.05


Tree=171
num_leaves=31
num_cat=0
split_feature=0 2 2 6 11 9 5 5 4 16 16 4 11 11 18 1 13 16 3 10 18 9 9 9 0 16 16 0 15 12
split_gain=12.4502 1.58702 0.464289 0.434598 0.86642 0.368195 0.46016 0.429519 0.860092 0.29793 0.644166 0.560023 0.336098 0.693781 0.610321 1.2543 0.711462 0.501035 0.318553 0.43095 0.521145 0.298451 0.549789 0.27779 0.42965 0.371045 0.288287 0.502111 0.70031 0.42954
threshold=7.5000000000000009 8.5000000000000018 387.50000000000006 8.5000000000000018 -1.8237865023002413 0.77214943412548942 19.500000000000004 16.500000000000004 12.15 23.451541165934717 24.03758372816802 11.15 25.710511606760026 37.667460987063379 38.533256976938823 504.65000000000003 0.2557677537516248 20.961211414856738 31.050000000000004 -0.21772323039653199 19.707186428447081 0.98521098335796142 0.99628894895067466 0.96683886033945965 822.50000000000011 22.59644525644368 18.948776504104153 420.50000000000006 30.671074998921799 126.92129392765953
decision_type=2 2 2 2 2 2 2 2 2 2 2 2 2 2 2 2 2 2 2 2 2 2 2 2 2 2 2 2 2 2
left_child=-1 -2 3 4 -3 -6 7 -7 -9 12 11 -11 21 14 16 17 -14 -16 -18 20 -20 -5 -23 24 25 26 27 -15 -29 -28
right_child=1 2 -4 9 5 6 -8 8 -10 10 -12 -13 13 23 15 -17 18 -19 19 -21 -22 22 -24 -25 -26 -27 29 28 -30 -31
leaf_value=-0.0055767614097526732 0.00021976457093442659 0.00018412995771736602 0.0001009340721284995 -0.00035367326747788233 1.293415416945366e-07 -0.00012602742665159051 -0.0032384788186297733 -0.0012780641121698738 0.020220869367651908 0.0013092871442569407 -0.00084833579414801035 -0.0034053278798006625 0.0022391082250332105 -0.014959107506932854 0.014440398786711684 -0.0025516644316949419 -0.0043132552754146123 0.0024049259780798034 0.00061853622544484892 0.0046409735192424386 -0.0041044905050867395 0.0017912448145304739 -0.0019412757609049342 -0.00088257608706508543 0.00032804239315947553 0.0085013345866828387 -0.00028763811810314976 0.00035719678303508523 -0.00010070143162748016 -0.0013537386051529962
leaf_weight=3360 28 20 22 515 1210 208 214 29 38 26 58 22 24 104 25 44 51 21 28 23 65 20 29 89 33 20 122 32 179 368
leaf_count=3360 28 20 22 515 1210 208 214 29 38 26 58 22 24 104 25 44 51 21 28 23 65 20 29 89 33 20 122 32 179 368
internal_value=-0.00280134 -0.000786748 -0.00087799 -0.000922036 -0.000346133 -0.000467923 -0.00162577 -0.000272728 0.00320895 -0.00144363 0.00113207 0.00541667 -0.00159598 -0.00113192 0.00104982 0.00444444 -0.000549739 0.0102174 -0.00170659 -0.000258622 -0.00177419 -0.00260638 0.00112245 -0.0017793 -0.0015035 -0.00172727 -0.00189441 -0.000714287 0.000687203 -0.00265306
internal_weight=7027 3667 3639 3617 1719 1699 489 275 67 1898 106 48 1792 1228 281 90 191 46 167 116 93 564 49 947 858 825 805 315 211 490
internal_count=7027 3667 3639 3617 1719 1699 489 275 67 1898 106 48 1792 1228 281 90 191 46 167 116 93 564 49 947 858 825 805 315 211 490
is_linear=0
shrinkage=0.05


Tree=172
num_leaves=31
num_cat=0
split_feature=0 2 2 6 11 14 17 7 5 18 16 15 16 9 9 4 12 5 11 10 13 9 2 1 18 17 3 10 5 13
split_gain=12.6119 1.57973 0.460772 0.473592 0.553566 0.338479 0.371502 0.367511 0.431651 0.936967 1.33442 0.601211 0.72814 0.80382 0.518519 0.447171 0.377042 0.496966 0.328152 0.299671 0.309006 0.71228 0.385612 1.05099 1.18051 0.376357 0.297223 0.360846 0.37879 0.542831
threshold=7.5000000000000009 8.5000000000000018 387.50000000000006 17.500000000000004 -1.8237865023002413 83.695343200843851 32.204070570066257 0.91597561503675362 53.500000000000007 19.236942004250984 20.63128492321837 18.687778754282075 21.503357666677086 0.15855791680139919 -0.91409412807680468 16.650000000000002 286.50129019879785 6.5000000000000009 1.7279419081428748 -0.9975933521984367 0.072857000049982509 0.40542197401079721 304.50000000000006 501.10000000000008 43.174417201818464 23.837100266060062 18.750000000000004 -0.36572252349726903 36.500000000000007 0.50027382256297936
decision_type=2 2 2 2 2 2 2 2 2 2 2 2 2 2 2 2 2 2 2 2 2 2 2 2 2 2 2 2 2 2
left_child=-1 -2 3 4 -3 6 7 8 16 10 -10 -11 13 14 -13 -16 17 -6 -5 -20 21 -21 -22 24 -24 -26 -19 -28 -29 -30
right_child=1 2 -4 18 5 -7 -8 -9 9 11 -12 12 -14 -15 15 -17 -18 26 19 20 22 -23 23 -25 25 -27 27 28 29 -31
leaf_value=-0.0052979233392650392 0.00020877634238770549 0.00014914925764460577 9.5887368522053394e-05 -0.00056326042787090299 0.0015616959997266444 0.0082451741946540369 -0.0025327275130873285 -0.00025836441685953156 0.0011715740924112335 -0.0087270133444599506 -0.00090912448495781336 0.00083136586189754664 -0.0015239035347059584 0.010284819951810359 -0.0018868149252699703 0.013426573524681113 -0.00026679508156405397 -0.0011486082351239578 -0.001148819004802996 -6.3156379202051896e-05 -0.00049360613109450326 0.00024899740711694588 0.0014529076863500003 0.0064164009403846547 6.5835277538684969e-05 -0.0085809639871202281 -0.00041026219263160863 -1.4828573382561468e-05 0.0057072415714492101 0.00062682529223861386
leaf_weight=3360 28 25 22 66 20 24 117 168 27 44 24 24 47 38 58 26 83 54 80 63 1122 38 30 22 51 93 580 536 34 123
leaf_count=3360 28 25 22 66 20 24 117 168 27 44 24 24 47 38 58 26 83 54 80 63 1122 38 30 22 51 93 580 536 34 123
internal_value=-0.00278711 -0.000759478 -0.00085051 -0.000894389 -0.000394738 -0.000485941 -0.000556666 -0.000387064 -0.000168802 0.00159722 0.0077451 0.00027426 0.00147668 0.00321918 0.00101852 -0.000833335 -0.000524477 -0.000322941 -0.00154952 -0.0013976 -0.00122974 0.00143564 -0.00143399 0.000612244 -0.000689656 -0.00256945 -0.000440845 -0.000286725 0.000483404 0.00264331
internal_weight=7027 3667 3639 3617 2052 2027 2003 1886 1718 288 51 237 193 146 108 84 1430 1347 1565 1499 1419 101 1318 196 174 144 1327 1273 693 157
internal_count=7027 3667 3639 3617 2052 2027 2003 1886 1718 288 51 237 193 146 108 84 1430 1347 1565 1499 1419 101 1318 196 174 144 1327 1273 693 157
is_linear=0
shrinkage=0.05


Tree=173
num_leaves=31
num_cat=0
split_feature=0 2 2 6 2 3 2 4 5 7 5 16 4 4 16 16 9 14 14 17 1 5 3 9 4 4 14 17 9 2
split_gain=12.6119 1.57973 0.460772 0.336261 0.464551 0.869019 0.844338 0.428193 0.397327 1.4837 0.591674 0.675938 0.48009 0.676212 0.657204 0.377652 0.571374 0.506735 0.35673 0.496716 0.754148 0.35025 0.591381 0.753667 0.339638 0.477724 0.331675 0.420402 0.327334 0.403062
threshold=7.5000000000000009 8.5000000000000018 387.50000000000006 53.500000000000007 298.50000000000006 30.050000000000004 307.50000000000006 19.050000000000004 36.500000000000007 -0.98296291314453399 43.500000000000007 18.646163228713728 4.7500000000000009 13.65 17.191465796720639 24.174850187917965 0.4975086818028765 68.380131534477854 68.6338793735937 27.955203777088894 508.80000000000001 70.500000000000014 33.750000000000007 -0.40147311773604372 7.5500000000000007 6.5500000000000007 4.8068066522688966 30.493426101831563 0.29259762607704992 316.50000000000006
decision_type=2 2 2 2 2 2 2 2 2 2 2 2 2 2 2 2 2 2 2 2 2 2 2 2 2 2 2 2 2 2
left_child=-1 -2 3 7 26 -6 -7 8 -3 -10 11 -11 -12 24 -15 16 17 28 19 -13 -21 22 -16 -24 25 -14 27 -5 29 -9
right_child=1 2 -4 4 5 6 -8 15 9 10 12 18 13 14 21 -17 -18 -19 -20 20 -22 -23 23 -25 -26 -27 -28 -29 -30 -31
leaf_value=-0.0050330271723017872 0.00019833752526832074 -9.5545563939729246e-05 9.109300009591361e-05 -0.00017478984851501748 0.0010724629855616706 0.00028607124737428441 -0.00079016250213057981 -0.00051741276299705299 0.00093475379815434055 0.010940537674315527 0.00026210470229218506 -0.0019168752952817747 -0.0042522874066586594 0.010604074972632736 -0.001346277877584588 0.00024303976484339697 -0.00079134533788581096 0.0062017794444292132 0.0042494875430913494 0.0054218794928767057 -0.0005702177368914523 0.0051387322384578299 0.00074008568185236832 -0.0004646648257263915 -0.0017214978331808327 0.0092906640261426962 -0.00085735522628595207 0.00020253133941041982 0.00021047865060112793 0.0072741236452341183
leaf_weight=3360 28 1202 22 140 24 23 117 225 35 22 42 56 61 20 84 20 212 43 37 34 26 29 23 22 242 36 719 22 79 22
leaf_count=3360 28 1202 22 140 24 23 117 225 35 22 42 56 61 20 84 20 212 43 37 34 26 29 23 22 242 36 719 22 79 22
internal_value=-0.00278711 -0.000759478 -0.00085051 -0.000894389 -0.00165072 0.000792682 -0.000714287 -0.000587093 -0.000230848 0.000656696 0.000177111 0.00271428 -0.000617175 -0.00103482 0.00146067 -0.00175541 -0.00198795 -0.000799459 0.00153595 0.000172413 0.00333333 0.000379746 -0.000736435 0.00388889 -0.00234513 0.000154638 -0.00210556 -6.17296e-05 -0.00147239 -0.00236842
internal_weight=7027 3667 3639 3617 1045 164 140 2572 1971 769 734 175 559 517 178 601 581 369 153 116 60 158 129 45 339 97 881 162 326 247
internal_count=7027 3667 3639 3617 1045 164 140 2572 1971 769 734 175 559 517 178 601 581 369 153 116 60 158 129 45 339 97 881 162 326 247
is_linear=0
shrinkage=0.05


Tree=174
num_leaves=31
num_cat=0
split_feature=13 0 2 3 6 13 12 15 2 17 9 10 1 14 14 3 3 9 13 13 12 3 14 3 4 4 11 16 3 17
split_gain=12.8501 1.85597 0.456974 0.387517 0.372373 0.458323 0.513215 0.684275 0.378986 0.360577 0.340962 0.631169 1.18481 0.419946 0.545853 0.354947 0.503145 0.344811 0.670411 0.76991 0.469128 0.403457 0.319321 0.35306 0.409478 0.414569 0.96183 0.691103 0.395037 0.669312
threshold=0.0085482829626294075 8.5000000000000018 387.50000000000006 10.450000000000001 47.500000000000007 0.92546089663951914 165.34189146355621 63.495425161852957 10.500000000000002 27.081640839311255 -0.99466160899732459 -0.021515300460958474 480.20000000000005 5.8306555302777854 7.0240826059441934 22.050000000000004 17.250000000000004 0.22611359161738889 0.85067190593316944 0.61396935329216984 219.96597446794698 20.850000000000005 10.282960876418951 25.350000000000005 17.950000000000003 14.750000000000002 14.180751959250115 19.395020252743631 35.95000000000001 30.9501498886452
decision_type=2 2 2 2 2 2 2 2 2 2 2 2 2 2 2 2 2 2 2 2 2 2 2 2 2 2 2 2 2 2
left_child=-1 -2 3 -3 8 -6 -7 -8 -5 -9 11 12 -10 -12 -15 16 -16 20 19 21 -18 -19 -17 -24 25 -25 -27 -28 29 -29
right_child=1 2 -4 4 5 6 7 9 10 -11 13 -13 -14 14 15 22 17 18 -20 -21 -22 -23 23 24 -26 26 27 28 -30 -31
leaf_value=-0.0047813758136866979 0.0001236024573499988 0.00018160150259889109 8.6538350091206937e-05 4.0504482490991344e-05 -0.00054647143406057414 -0.0007682283576549518 0.0025870891984143851 -0.0008521223709201947 0.003011466300967677 0.00034545832058418597 -0.00091791387049051628 -0.00046802905417218346 -0.0001041383720019725 0.0029162136597367539 -0.0024856990807867888 -0.0013287581456430284 -0.00077508383761741822 0.0056409220776779054 0.023822698772367586 -0.0075528165454946646 0.00020834401338805099 -0.00033598767014654302 -0.0015970431725934632 -7.0929790468456463e-05 -0.0002583772602947215 0.0008004989781916225 0.015598792962834479 0.011061845234993151 -0.0012627707160293789 -0.005996058322835009
leaf_weight=3348 30 46 22 30 946 41 38 25 23 39 289 77 32 32 65 87 31 34 43 31 28 22 137 834 500 20 26 54 74 23
leaf_count=3348 30 46 22 30 946 41 38 25 23 39 289 77 32 32 65 87 31 34 43 31 28 22 137 834 500 20 26 54 74 23
internal_value=-0.00275865 -0.000718947 -0.000820774 -0.000864352 -0.000922928 -0.00169422 0.000944055 0.00284314 -0.000585876 -0.000312501 -0.000653941 0.00181818 0.00590909 -0.000793993 -0.000541402 -0.0006446 0.00110236 0.00240741 0.00384615 0.00132184 -0.000762713 0.00482143 -0.000897437 -0.000743406 -0.000525801 4.36458e-05 0.0021066 0.000932202 -0.00036424 0.00214286
internal_weight=7027 3679 3649 3627 3581 1089 143 102 2492 64 2462 132 55 2330 2041 2009 254 189 130 87 59 56 1755 1668 1531 1031 197 177 151 77
internal_count=7027 3679 3649 3627 3581 1089 143 102 2492 64 2462 132 55 2330 2041 2009 254 189 130 87 59 56 1755 1668 1531 1031 197 177 151 77
is_linear=0
shrinkage=0.05


Tree=175
num_leaves=31
num_cat=0
split_feature=13 0 3 2 15 1 10 2 14 18 1 11 4 4 4 8 0 9 9 12 16 1 5 17 15 3 1 13 3 10
split_gain=12.3652 1.88049 0.394082 0.299567 0.519393 0.290514 0.288343 0.2709 1.4136 1.29389 0.601726 0.479493 0.389708 0.300419 0.285254 0.27606 0.488646 0.904795 0.443272 0.461092 0.273383 0.77389 1.09886 0.416022 1.12621 0.327403 0.300632 0.682531 0.567881 0.297829
threshold=0.0085482829626294075 8.5000000000000018 10.450000000000001 10.500000000000002 0.31915975886824305 126.75000000000001 -0.9975933521984367 304.50000000000006 45.506873342843548 50.435861032141482 548.35000000000014 68.865990354291583 29.750000000000004 30.150000000000002 28.350000000000005 -0.98296291314453399 791.50000000000011 0.79877197597864635 0.95992380042979863 219.96597446794698 23.298690302422049 193.10000000000005 40.500000000000007 32.172648404205525 70.182980637947864 17.250000000000004 442.30000000000001 0.67852069746845645 30.150000000000002 0.99696424012059681
decision_type=2 2 2 2 2 2 2 2 2 2 2 2 2 2 2 2 2 2 2 2 2 2 2 2 2 2 2 2 2 2
left_child=-1 -2 5 4 -4 -3 -5 11 9 -9 12 13 -10 14 15 -8 20 -18 -19 -20 25 22 -22 24 26 -17 -23 28 -28 -27
right_child=1 2 3 6 -6 -7 7 8 10 -11 -12 -13 -14 -15 -16 16 17 18 19 -21 21 23 -24 -25 -26 29 27 -29 -30 -31
leaf_value=-0.0045423070230023628 0.00011742233448249922 0.00021577230249115423 -5.2557119362034469e-05 -0.00073282652092984723 2.6385477471702888e-05 -0.00022137570450605961 -0.0020425033403527228 0.0021397308011398357 -0.0012904033077027809 -0.00096642839110859058 0.00089406822372483687 -0.0016834106324662538 0.00097919121153230006 -0.0017941897378688809 0.0022423645631147941 -0.0015144491168493988 0.011457008779021048 -0.0032835638413127137 0.011957256451407385 -0.00331853528636583 -5.2006123900062664e-05 -0.00087290875331097722 0.0021936351052498581 -0.0027677542694734226 0.023102953431866521 -0.00021880399752547775 0.00022992869160214926 -0.017454611189779014 0.00499567287107736 0.00017017682750492924
leaf_weight=3348 30 24 29 106 22 22 136 35 271 26 34 100 20 68 43 100 21 51 33 20 43 48 20 124 21 2119 38 32 23 20
leaf_count=3348 30 24 29 106 22 22 136 35 271 26 34 100 20 68 43 100 21 51 33 20 43 48 20 124 21 2119 38 32 23 20
internal_value=-0.00280134 -0.00080049 -0.000902988 -0.0009617 0.00284314 0.00369565 -0.00101633 -0.00093732 0.00031088 0.00729508 -0.001 -0.00109477 -0.0017354 -0.000979731 -0.000902491 -0.000963497 -0.0008533 0.0022 0.00028846 0.00349056 -0.00100077 0.000300858 0.00531746 -0.000804197 0.000864196 -0.00120366 -0.000744682 0.000913977 0.00401639 -0.00107293
internal_weight=7027 3679 3649 3603 51 46 3552 3446 386 61 325 3060 291 2960 2892 2849 2713 125 104 53 2588 349 63 286 162 2239 141 93 61 2139
internal_count=7027 3679 3649 3603 51 46 3552 3446 386 61 325 3060 291 2960 2892 2849 2713 125 104 53 2588 349 63 286 162 2239 141 93 61 2139
is_linear=0
shrinkage=0.05


Tree=176
num_leaves=31
num_cat=0
split_feature=13 0 2 3 2 15 1 5 5 10 16 6 5 4 0 6 6 1 14 2 16 2 5 4 1 16 17 15 0 4
split_gain=12.2057 1.8887 0.471025 0.406488 0.311188 0.519393 0.290514 0.198787 0.552769 0.735462 0.534359 0.352283 0.293629 0.293464 0.321595 0.225844 0.462659 0.75013 0.358538 0.424772 0.484319 1.00032 1.08315 0.552273 0.321421 0.681818 0.297642 0.334677 1.07876 0.541137
threshold=0.0085482829626294075 8.5000000000000018 387.50000000000006 10.450000000000001 10.500000000000002 0.31915975886824305 126.75000000000001 72.500000000000014 69.500000000000014 -0.82389248692129191 21.146375464630989 92.500000000000014 66.500000000000014 19.050000000000004 195.50000000000003 47.500000000000007 40.500000000000007 346.25000000000006 2.2285961550937681 267.50000000000006 19.539191340334892 228.50000000000003 57.500000000000007 15.65 47.350000000000009 20.685615849372859 25.268654498422432 10.307568942499255 145.50000000000003 10.050000000000002
decision_type=2 2 2 2 2 2 2 2 2 2 2 2 2 2 2 2 2 2 2 2 2 2 2 2 2 2 2 2 2 2
left_child=-1 -2 3 6 5 -5 -3 8 12 -10 13 -11 15 -9 -15 16 18 -18 24 20 21 22 -20 -23 25 -6 -22 28 29 -28
right_child=1 2 -4 4 7 -7 -8 10 9 11 -12 -13 -14 14 -16 -17 17 -19 19 -21 26 23 -24 -25 -26 -27 27 -29 -30 -31
leaf_value=-0.0043151916718522452 0.0001115512177583742 0.00020498368736659694 0.00014673159797173364 -4.9929263393933023e-05 -0.00094912736541281602 2.5066203598118339e-05 -0.00021030691928078295 -0.0042739408436642881 0.0012935060244502273 0.00037435910133041514 0.0016029543867119346 -0.00062428553333464915 -0.0019058626386154781 0.0022858831432078634 -0.00055955944748000298 -0.00037201751552391559 0.011771968966081455 -0.00043777782720072012 -0.00028671028301366992 -0.00059105990471622783 -0.00024696023891917763 0.0078331412354790755 0.0032740545843027041 0.0013822863500204245 -0.0058228099437181409 0.00099263857706640541 0.00017172745730015235 -0.00011763026763251962 0.00082027101771131182 -0.00010567473261755571
leaf_weight=3348 30 24 22 29 24 22 22 185 22 37 36 21 70 20 43 810 22 28 142 428 76 24 23 20 133 20 39 1171 20 116
leaf_count=3348 30 24 22 29 24 22 22 185 22 37 36 21 70 20 43 810 22 28 142 428 76 24 23 20 133 20 39 1171 20 116
internal_value=-0.00281557 -0.000827672 -0.000930393 -0.000974636 -0.00103463 0.00284314 0.00369565 -0.00109065 -0.000979668 0.003125 -0.00235916 0.000172413 -0.00108339 -0.00318549 -0.000238096 -0.00101098 -0.000756782 0.004 -0.00086315 -0.000677515 -0.000309627 0.0019378 0.000151514 0.00863636 -0.0030226 0.000681817 -0.000639945 -0.000468055 0.00157143 0.000161289
internal_weight=7027 3679 3649 3627 3581 51 46 3530 3246 80 284 58 3166 248 63 3096 2286 50 2236 2059 1631 209 165 44 177 44 1422 1346 175 155
internal_count=7027 3679 3649 3627 3581 51 46 3530 3246 80 284 58 3166 248 63 3096 2286 50 2236 2059 1631 209 165 44 177 44 1422 1346 175 155
is_linear=0
shrinkage=0.05


Tree=177
num_leaves=31
num_cat=0
split_feature=18 0 2 3 1 6 12 12 17 5 10 10 0 18 13 5 9 9 18 13 11 11 11 1 15 10 4 9 13 10
split_gain=12.6658 2.05336 0.462218 0.402843 1.7041 0.296597 0.339169 0.4477 0.432143 0.310835 0.31021 0.442993 0.301411 0.302577 1.14091 0.472335 0.356234 0.511008 0.351267 0.387675 0.406444 0.535601 0.444208 0.428062 0.776968 0.426048 0.395489 0.304284 0.274954 0.267562
threshold=1.0000000180025095e-35 8.5000000000000018 387.50000000000006 15.950000000000001 118.2 4.5000000000000009 130.80481722504734 137.93070257448517 27.906700533238844 77.500000000000014 -0.97106408147883394 -0.92260537345622995 891.00000000000011 48.768035209784166 0.60869444388691707 37.500000000000007 0.67760851415498091 0.77214943412548942 58.624225266099408 0.80483628466421664 50.883889714087609 55.443525145278741 60.891890370624644 551.25000000000011 70.738785339749214 0.26780438508363441 6.1500000000000012 0.83354805289222267 0.01752281746793273 -0.36572252349726903
decision_type=2 2 2 2 2 2 2 2 2 2 2 2 2 2 2 2 2 2 2 2 2 2 2 2 2 2 2 2 2 2
left_child=-1 -2 3 4 -3 6 9 8 -8 28 -9 -12 13 14 15 16 -13 -18 -15 -20 26 25 -23 -24 -25 -22 -21 -19 -5 -29
right_child=1 2 -4 5 -6 -7 7 10 -10 -11 11 12 -14 18 -16 -17 17 27 19 20 21 22 23 24 -26 -27 -28 29 -30 -31
leaf_value=-0.0040994320882596323 9.9605425519494307e-05 0.00029603660621775103 0.00013939501807314894 0.00015226313584658444 -0.00034786369515645872 -0.00020788921138687133 0.0087156599988407434 -0.00074928429866224523 -0.00046868309505213713 0.0014192568383742596 0.0036594165905765603 -0.00022850336368020511 2.5804840772548472e-05 -0.0083492558326375334 0.009926333775199421 0.00055301551516626405 0.00056810223640209215 -0.0024538596385971761 0.0016392281433411815 0.00038591880996603604 0.0023599676304732068 -0.0059585455685927605 -0.0098861097705588742 0.0046730083513681353 -0.0027777767896584294 0.06509956820999234 -0.0037458772617907027 0.00016179162878215747 -0.0011557448837721605 -1.0171520018510447e-05
leaf_weight=3345 33 33 22 32 118 2043 24 49 21 21 26 120 24 51 20 26 23 25 38 38 34 50 33 22 29 24 129 23 495 56
leaf_count=3345 33 33 22 32 118 2043 24 49 21 21 26 120 24 51 20 26 23 25 38 38 34 50 33 22 29 24 129 23 495 56
internal_value=-0.00277288 -0.000749594 -0.000861881 -0.000905708 0.00162252 -0.00101554 -0.000464063 0.000141242 0.005 -0.00144161 -0.000119049 0.0001201 -9.80404e-05 -0.000276654 0.000972695 0.000128204 -0.00054656 0.00129921 -0.00109375 -0.000591941 -0.00110028 0.000468749 -0.00126866 0.00095238 0.00382353 0.00448276 -0.00290419 -0.000192309 -0.00167932 0.00132911
internal_weight=7027 3682 3649 3627 151 3476 1433 885 45 548 840 791 765 741 293 273 247 127 448 397 359 192 134 84 51 58 167 104 527 79
internal_count=7027 3682 3649 3627 151 3476 1433 885 45 548 840 791 765 741 293 273 247 127 448 397 359 192 134 84 51 58 167 104 527 79
is_linear=0
shrinkage=0.05


Tree=178
num_leaves=31
num_cat=0
split_feature=18 0 15 2 7 3 10 14 16 4 1 0 16 18 18 10 12 4 4 17 15 9 17 17 10 4 9 9 0 18
split_gain=12.9915 1.1726 0.456867 0.456839 0.41957 0.387426 0.322048 0.256577 0.239172 0.205856 0.362881 0.221591 0.438496 0.247272 0.365952 0.374906 0.790458 0.355961 0.362756 0.320775 0.886127 0.918705 0.490719 0.486657 0.403912 0.389034 0.37002 0.621893 0.45191 0.343998
threshold=1.0000000180025095e-35 10.500000000000002 0.23436876353337363 387.50000000000006 0.98296291314453421 10.450000000000001 -0.9975933521984367 83.695343200843851 20.897268160323353 3.6500000000000008 203.95000000000002 866.50000000000011 22.65739861525682 75.742052675375348 75.21274462020412 0.98367285631203072 219.96597446794698 19.250000000000004 6.1500000000000012 31.225522872807968 10.004337803673478 0.87379901192678244 30.136432110657147 30.033956504167538 0.68389408864483048 33.550000000000004 -0.99466160899732459 -0.99939814596352028 403.50000000000006 73.789127550309658
decision_type=2 2 2 2 2 2 2 2 2 2 2 2 2 2 2 2 2 2 2 2 2 2 2 2 2 2 2 2 2 2
left_child=-1 2 4 5 -2 8 -7 9 -3 10 -8 13 -13 14 15 19 -17 18 -15 22 21 -21 23 25 -22 26 27 -11 -29 -28
right_child=1 3 -4 -5 -6 6 7 -9 -10 11 -12 12 -14 17 -16 16 -18 -19 -20 20 24 -23 -24 -25 -26 -27 29 28 -30 -31
leaf_value=-0.0038944604838466509 -3.7055624551925454e-06 0.00027212831534558049 0.00010620633902932791 0.00013242526716947747 5.2650325322188654e-05 -0.00037871124184469699 0.00042077078453312596 0.003161838408471021 -1.1424268094879422e-05 -0.00045037181189488181 -0.0013565165600573515 0.0026947803770774135 -0.0054425914149185024 0.0011419718993919117 0.019174258318999497 -0.00032443302074520124 0.0011440830470265412 0.011127850063394321 -0.0032386022554151852 0.00084219473173525669 -0.0011422681548144803 -6.000106948182249e-06 -0.00070982929584136034 0.011602801814944629 0.0030126326811657708 0.0062223480421526936 -0.00022783035775088769 0.0035768608196638471 0.004020118845232931 0.0013023357127323143
leaf_weight=3345 21 25 29 22 20 108 26 28 21 38 125 38 25 30 24 34 28 35 153 33 196 38 212 28 32 24 2219 21 23 26
leaf_count=3345 21 25 29 22 20 108 26 28 21 38 125 38 25 30 24 34 28 35 153 33 196 38 212 28 32 24 2219 21 23 26
internal_value=-0.00274442 -0.000695275 0.00571428 -0.000819492 0.00231707 -0.000863511 -0.000922687 -0.000838185 0.00369565 -0.000877349 -0.00268212 -0.000793676 0.00214286 -0.000851598 -0.000732528 -0.000782522 0.00306451 -0.00247707 -0.00336066 -0.000865053 0.000685618 0.00556338 -0.001044 -0.000838589 -0.000833335 -0.000916632 -0.000981952 0.00231707 0.00636364 -0.00110245
internal_weight=7027 3682 70 3612 41 3590 3544 3436 46 3408 151 3257 63 3194 2976 2952 62 218 183 2890 299 71 2591 2379 228 2351 2327 82 44 2245
internal_count=7027 3682 70 3612 41 3590 3544 3436 46 3408 151 3257 63 3194 2976 2952 62 218 183 2890 299 71 2591 2379 228 2351 2327 82 44 2245
is_linear=0
shrinkage=0.05


Tree=179
num_leaves=31
num_cat=0
split_feature=18 0 2 3 16 10 17 1 5 3 13 13 2 5 17 16 3 17 5 11 11 0 11 12 1 17 13 15 6 17
split_gain=12.9915 1.15984 0.451759 0.38052 0.312794 0.575236 0.832191 0.352982 0.5509 0.409756 0.341044 0.353285 0.923552 0.398901 0.27709 0.239172 0.231294 0.230067 0.233543 0.508694 0.724126 0.264002 0.180264 0.219242 0.505087 0.536508 0.70127 0.491888 0.405369 0.543753
threshold=1.0000000180025095e-35 8.5000000000000018 387.50000000000006 10.450000000000001 23.298690302422049 0.67123509350548782 32.180017565320156 193.10000000000005 40.500000000000007 26.950000000000003 0.99939540507859748 0.67852069746845645 178.50000000000003 19.500000000000004 31.511135356097018 20.897268160323353 31.250000000000004 31.254695393367452 76.500000000000014 26.819483663903579 39.882942753276076 11.500000000000002 2.2790023309772089 175.45503636807521 59.150000000000013 23.837100266060062 0.065584743344964572 76.562521165297639 26.500000000000004 28.988012843121027
decision_type=2 2 2 2 2 2 2 2 2 2 2 2 2 2 2 2 2 2 2 2 2 2 2 2 2 2 2 2 2 2
left_child=-1 -2 3 15 14 7 -7 8 9 -6 11 12 13 16 17 -3 -9 18 21 -20 -21 -5 -23 24 25 -24 -27 28 29 -26
right_child=1 2 -4 4 5 6 -8 10 -10 -11 -12 -13 -14 -15 -16 -17 -18 -19 19 20 -22 22 23 -25 27 26 -28 -29 -30 -31
leaf_value=-0.0036997374596543183 8.9850399472124706e-05 0.00025852189957829391 0.00012580400381108017 3.9467815970916526e-05 -0.0020855245040841551 0.004262191169800692 -0.00024170935378070368 0.00012736059438421161 0.0020069110002437335 0.00023547269291150001 0.00024756498555082994 -0.0054152381002340287 0.0033046961199045873 -0.0067331472412354015 -0.00075991021076161403 -1.0853054690125232e-05 -0.0037039056258040999 0.002123384101229947 -0.0015524748587825788 0.0015805317623514817 -0.0091859278241833379 -0.00016661014321960906 -0.0033758204890425151 -5.8474584308362955e-05 -0.00018314538127469878 -3.00144459839248e-05 0.0078077506517971636 0.00057855728239819559 -0.0022520611635693899 -0.0013500556974341093
leaf_weight=3345 33 25 22 36 21 23 31 33 20 20 34 144 31 70 44 21 32 22 110 39 63 102 20 1461 627 45 25 24 361 143
leaf_count=3345 33 25 22 36 21 23 31 33 20 20 34 144 31 70 44 21 32 22 110 39 63 102 20 1461 627 45 25 24 361 143
internal_value=-0.00274442 -0.000695275 -0.000779667 -0.000822995 -0.00088104 0.000337689 0.00518518 -0.000308643 0.00319672 -0.000121952 -0.000930234 -0.00145161 0.000120481 -0.00166667 -0.00106022 0.00369565 0.00115384 -0.0010039 -0.00104058 -0.00264151 -9.80404e-05 -0.000921239 -0.000975785 -0.000898006 -0.00138554 0.00222222 0.00428571 -0.00166667 -0.00181698 -0.00116883
internal_weight=7027 3682 3649 3627 3581 459 54 405 61 41 344 310 166 135 3122 46 65 3078 3056 212 102 2844 2808 2706 1245 90 70 1155 1131 770
internal_count=7027 3682 3649 3627 3581 459 54 405 61 41 344 310 166 135 3122 46 65 3078 3056 212 102 2844 2808 2706 1245 90 70 1155 1131 770
is_linear=0
shrinkage=0.05


Tree=180
num_leaves=31
num_cat=0
split_feature=18 18 12 15 2 6 12 5 16 14 12 17 13 12 12 14 3 3 3 3 2 3 2 3 4 4 12 16 0 8
split_gain=13.0736 1.23419 0.957068 0.661172 0.456106 0.275686 0.52007 0.406254 0.560008 0.394033 0.891556 1.54714 0.491411 0.407568 0.583333 0.707377 0.426036 0.401993 0.568326 0.401333 0.786858 0.349826 0.451771 0.938594 0.46836 0.9586 0.434228 0.402899 0.573417 0.355699
threshold=1.0000000180025095e-35 0.34929047467215518 278.57452666888673 0.14690278490434797 387.50000000000006 5.5000000000000009 175.45503636807521 78.500000000000014 20.507416439763805 54.778111673072331 253.16902249952926 29.668895358888204 0.94388784892013045 263.68520860740017 286.50129019879785 30.000994735811521 41.050000000000004 35.550000000000004 32.350000000000001 28.450000000000003 210.50000000000003 40.850000000000001 304.50000000000006 30.050000000000004 12.450000000000001 9.0500000000000025 250.61276513246273 16.62392011133856 495.50000000000006 -0.9159756150367534
decision_type=2 2 2 2 2 2 2 2 2 2 2 2 2 2 2 2 2 2 2 2 2 2 2 2 2 2 2 2 2 2
left_child=-1 2 3 -2 5 6 7 -3 -9 10 11 -8 17 -12 15 -15 -17 18 -11 -14 -21 22 27 -24 25 -25 -26 28 -7 -29
right_child=1 4 -4 -5 -6 21 9 8 -10 12 13 -13 19 14 -16 16 -18 -19 -20 20 -22 -23 23 24 26 -27 -28 29 -30 -31
leaf_value=-0.0035147505866716024 1.569027945922184e-05 -0.00040691087332109672 -1.4183810939390788e-05 0.0001577273053691635 0.00011951380362063826 -0.0039858864232280118 0.022782527858871224 -0.0019895415285121876 0.0021676868228031692 -0.00023697697710233241 -0.000256145271321815 6.6241345375699541e-06 -0.0023079429006860773 0.00031646189813834547 -0.00013639220562887571 -0.00096545671996751947 0.00050671382854305968 -0.0018482714608697164 0.015298771490917757 0.005181704596790019 0.00033058314473081036 -0.00057861864403784056 0.0011750601660583757 -0.0041194556270656565 -0.001521996104560156 0.0068961740091372861 0.00028819302494221703 -0.0010956799935130696 2.8053043797196912e-05 -7.2362185943298447e-05
leaf_weight=3345 24 808 23 28 22 199 25 24 33 121 54 35 57 38 56 31 43 121 25 24 79 181 22 44 95 30 21 273 31 1115
leaf_count=3345 24 808 23 28 22 199 25 24 33 121 54 35 57 38 56 31 43 121 25 24 79 181 22 44 95 30 21 273 31 1115
internal_value=-0.0027373 -0.000681696 0.00566667 0.00942308 -0.000813697 -0.000857742 -0.000362136 -0.00118497 0.00289474 0.000641748 0.0020922 0.0075 -0.00031616 0.000630629 0.00184524 0.00392857 0.00108108 -0.00162921 0.000136985 0.001875 0.00373786 -0.00124565 -0.00103825 0.00113207 -1.19209e-09 0.00310811 -0.00198276 -0.00132262 -0.00326087 -0.00100144
internal_weight=7027 3682 75 52 3607 3585 1574 865 57 709 282 60 427 222 168 112 74 267 146 160 103 2011 1830 212 190 74 116 1618 230 1388
internal_count=7027 3682 75 52 3607 3585 1574 865 57 709 282 60 427 222 168 112 74 267 146 160 103 2011 1830 212 190 74 116 1618 230 1388
is_linear=0
shrinkage=0.05


Tree=181
num_leaves=31
num_cat=0
split_feature=18 0 2 3 4 4 11 2 18 14 6 0 4 5 5 4 4 11 1 9 2 1 2 15 4 4 0 0 1 16
split_gain=13.0736 1.15647 0.450028 0.378202 0.312927 0.358553 0.689572 1.73035 0.506137 0.385 0.486111 0.361599 0.583628 0.56641 0.267553 0.342062 0.254603 0.403144 0.678463 0.629305 0.575779 0.445219 0.43009 0.930031 0.367606 0.531071 0.936643 0.557531 0.397656 0.535856
threshold=1.0000000180025095e-35 8.5000000000000018 387.50000000000006 10.450000000000001 3.6500000000000008 5.2500000000000009 37.067659101532449 150.50000000000003 6.0593996921965543 65.837664182325213 41.500000000000007 855.50000000000011 18.250000000000004 12.500000000000002 39.500000000000007 2.3500000000000001 11.550000000000002 45.877076233242633 99.300000000000026 0.92263100495486405 237.50000000000003 720.25000000000011 80.500000000000014 7.4441614884808596 6.5500000000000007 7.3500000000000005 457.50000000000006 474.50000000000006 309.45000000000005 23.625828645450586
decision_type=2 2 2 2 2 2 2 2 2 2 2 2 2 2 2 2 2 2 2 2 2 2 2 2 2 2 2 2 2 2
left_child=-1 -2 3 -3 14 6 7 8 -6 10 -8 16 13 -13 -5 -16 17 18 19 -7 21 22 23 -20 -24 26 -26 28 -27 -30
right_child=1 2 -4 4 5 11 9 -9 -10 -11 -12 12 -14 -15 15 -17 -18 -19 20 -21 -22 -23 24 -25 25 27 -28 -29 29 -31
leaf_value=-0.0033390130573380224 7.7471514230059946e-05 0.00014455954391241502 0.0001135381134396989 -0.0021296871258756544 0.0011651252087452589 -0.00052467941180480077 -0.0051986485276455776 0.012319433691104997 -0.0022781128883995485 -0.0035582226376871559 0.00038824791662844002 -0.00062156794019318476 -0.00018396004932450156 0.022130833102213837 0.00086541957086194341 -0.000726226542535907 -9.7311595817866877e-05 -0.003293609595946493 -0.00021277050645689117 0.0015165105684690691 0.007313475686395423 0.0042985901198405174 -0.0055721445476603912 0.0018929826567433848 -0.0041814946775583402 -0.00069161911238353638 0.0065102754782851106 -0.0039724841689454194 9.7830214086181485e-05 0.0027351417254310052
leaf_weight=3345 33 46 22 104 20 159 36 20 49 44 20 27 29 25 20 31 2095 333 32 21 24 28 79 21 21 106 20 96 100 21
leaf_count=3345 33 46 22 104 20 159 36 20 49 44 20 27 29 25 20 31 2095 333 32 21 24 28 79 21 21 106 20 96 100 21
internal_value=-0.0027373 -0.000681696 -0.000765964 -0.00080921 -0.000867077 -0.00076766 0.00134921 0.00455056 0.0007971 -0.0015 0.00125 -0.000891259 0.00240741 0.00557692 -0.00306452 -9.80404e-05 -0.00097592 -0.00160698 -0.000947803 -0.00361111 -7.29939e-05 -0.000419849 -0.00076613 0.00349056 -0.0012754 -0.000604397 0.0047561 -0.00128483 6.60781e-05 0.00202479
internal_weight=7027 3682 3649 3627 3581 3426 189 89 69 100 56 3237 81 52 155 51 3156 1061 728 180 548 524 496 53 443 364 41 323 227 121
internal_count=7027 3682 3649 3627 3581 3426 189 89 69 100 56 3237 81 52 155 51 3156 1061 728 180 548 524 496 53 443 364 41 323 227 121
is_linear=0
shrinkage=0.05


Tree=182
num_leaves=31
num_cat=0
split_feature=18 18 15 2 1 3 4 4 17 2 14 1 1 5 4 12 10 16 0 13 2 17 3 1 4 16 4 16 15 0
split_gain=13.156 0.983867 1.09091 0.452589 0.431842 0.381733 0.290296 0.298728 0.633016 0.653256 0.873247 0.315642 0.505853 0.272962 0.333333 0.258914 0.360953 0.286508 0.279015 0.320777 1.38436 0.465088 1.13536 0.49274 0.529101 0.312233 0.346154 0.594755 0.775758 0.307236
threshold=1.0000000180025095e-35 0.34929047467215518 0.31915975886824305 387.50000000000006 11.350000000000003 10.450000000000001 3.6500000000000008 5.2500000000000009 27.889037661340694 218.50000000000003 30.000994735811521 577.70000000000016 420.85000000000008 39.500000000000007 2.3500000000000001 82.944258646524574 -0.97106408147883394 19.733299955702822 31.500000000000004 0.18158213768841017 102.50000000000001 31.225522872807968 25.250000000000004 31.250000000000004 15.450000000000001 20.616156933322575 17.850000000000005 18.317493928459584 3.0683358808436991 344.50000000000006
decision_type=2 2 2 2 2 2 2 2 2 2 2 2 2 2 2 2 2 2 2 2 2 2 2 2 2 2 2 2 2 2
left_child=-1 2 4 5 -2 -3 13 8 9 10 -8 12 -10 -7 -15 16 17 -9 -17 20 21 23 -23 24 -20 26 27 -25 -29 -21
right_child=1 3 -4 -5 -6 6 7 15 11 -11 -12 -13 -14 14 -16 18 -18 -19 19 29 -22 22 -24 25 -26 -27 -28 28 -30 -31
leaf_value=-0.0031720624044711213 6.3547781269621907e-05 0.00013733156671680318 0.00013376115976869232 0.00010786120776775145 -0.00010229384736147444 -0.0029414286241113518 0.00051530970744681915 0.0002272892191458268 -0.002812325932749968 -0.0005519119374208112 0.014184255963236515 -0.0071772647759482562 0.0085810219907195093 0.00082214859231873277 -0.00064383054162354568 -0.00047738743674322065 -0.0015050633294031066 -0.0011300479688926741 -0.00038976120003696786 -0.00053610235077278766 0.0009261352561578597 -0.00018380206669640453 0.00062692609535536681 -0.0028986466745022626 0.00080448016011485431 -0.00030571165867940324 -0.0011928283201300645 -8.7570667319842604e-05 0.0051383599446799127 -0.00013348851234260483
leaf_weight=3345 28 46 20 22 27 102 28 35 26 36 22 55 20 20 30 129 146 28 27 580 37 42 23 21 21 129 25 24 20 1913
leaf_count=3345 28 46 20 22 27 102 28 35 26 36 22 55 20 20 30 129 146 28 27 580 37 42 23 21 21 129 25 24 20 1913
internal_value=-0.00273018 -0.000668116 0.005 -0.000785973 0.00136364 -0.000829848 -0.00088867 -0.000792738 0.00114973 0.00430232 0.008 -0.00153465 0.00152174 -0.00302632 -1.19209e-09 -0.000906251 -0.00260766 0.000555554 -0.000787363 -0.000684837 0.000691056 -0.000331326 0.00346154 -0.00125468 0.00333333 -0.00226028 -1.19209e-09 0.00192308 0.00522727 -0.000888489
internal_weight=7027 3682 75 3607 55 3585 3539 3387 187 86 50 101 46 152 50 3200 209 63 2991 2862 369 332 65 267 48 219 90 65 44 2493
internal_count=7027 3682 75 3607 55 3585 3539 3387 187 86 50 101 46 152 50 3200 209 63 2991 2862 369 332 65 267 48 219 90 65 44 2493
is_linear=0
shrinkage=0.05


Tree=183
num_leaves=31
num_cat=0
split_feature=18 0 2 17 5 13 9 1 1 6 17 16 18 4 14 14 4 12 10 14 15 1 6 14 12 15 14 13 0 12
split_gain=12.6658 0.82513 0.456974 0.298169 0.34236 0.976894 0.597404 0.571204 0.598157 0.518605 0.340599 0.518775 0.340336 0.260401 0.48381 0.45044 0.359788 0.486946 0.381349 0.316784 0.401567 0.324038 0.275973 0.420822 0.359506 0.560501 1.60082 0.639785 0.291232 0.410362
threshold=1.0000000180025095e-35 8.5000000000000018 387.50000000000006 17.357580921423718 69.500000000000014 0.86691701502090135 -0.56668076515725019 118.2 69.65000000000002 1.0000000180025095e-35 27.172895215781562 21.215562330192437 41.048388654302563 4.3500000000000005 38.089430827342262 24.592158406839726 5.1500000000000012 222.68469882099899 -0.098820138732871751 8.8929430905824365 0.85959961181910327 11.050000000000002 74.500000000000014 14.504889835249053 165.34189146355621 55.252009209345935 45.506873342843548 0.93373422998839917 676.50000000000011 284.91521471611526
decision_type=2 2 2 2 2 2 2 2 2 2 2 2 2 2 2 2 2 2 2 2 2 2 2 2 2 2 2 2 2 2
left_child=-1 -2 3 12 13 6 9 8 -8 -6 -11 -12 -3 14 15 -5 17 18 -15 21 -21 -18 28 -24 -25 -26 -27 -28 29 -22
right_child=1 2 -4 4 5 -7 7 -9 -10 10 11 -13 -14 16 -16 -17 19 -19 -20 20 22 -23 23 24 25 26 27 -29 -30 -31
leaf_value=-0.0030134592842475652 6.7859165746515215e-05 -0.010823218575343029 0.0001024681473794369 -0.0002518080933317989 0.0028358315162205013 0.00060629101452770219 1.05518157806576e-05 -0.00017160457517687665 0.00031852672447511832 -0.00433680893888578 0.0024979719308082004 -0.00052903188445351803 0.001170905160473817 0.0011444931022686275 -0.0014524292192456155 0.0047496596374684164 0.00030517217409816279 0.0083155254638182432 -0.0075991242850179082 9.9055894561078553e-05 1.9558448809513606e-05 -0.00074632362612056448 0.00041996848838967723 -0.011416511577126762 -0.00069197459907795406 0.0016123735710937199 -0.0021766854825187184 0.00043308026547383868 -0.00027898334914077907 -0.00016883910182224543
leaf_weight=3345 33 81 22 48 26 22 41 77 23 108 23 21 21 20 143 21 33 33 36 23 1134 393 27 140 221 21 51 42 681 117
leaf_count=3345 33 81 22 48 26 22 41 77 23 108 23 21 21 20 143 21 33 33 36 23 1134 393 27 140 221 21 51 42 681 117
internal_value=-0.00277288 -0.000749594 -0.000820774 -0.000864352 -0.000787235 0.000718474 1.56728e-05 0.00244681 0.0059375 -0.00191011 -0.00302632 0.000681817 -0.00352941 -0.000948494 -0.00264151 0.0007971 -0.000827727 0.00230337 -0.000535715 -0.000924386 -0.000706147 -0.0021831 -0.000768284 -0.00181275 -0.0021579 -0.00126866 0.00157895 -0.00123656 -0.000496896 -4.3966e-05
internal_weight=7027 3682 3649 3627 3525 341 319 141 64 178 152 44 102 3184 212 69 2972 89 56 2883 2457 426 2434 502 475 335 114 93 1932 1251
internal_count=7027 3682 3649 3627 3525 341 319 141 64 178 152 44 102 3184 212 69 2972 89 56 2883 2457 426 2434 502 475 335 114 93 1932 1251
is_linear=0
shrinkage=0.05


Tree=184
num_leaves=31
num_cat=0
split_feature=18 18 15 1 2 3 4 17 17 5 5 2 1 11 0 4 4 9 16 6 5 4 1 16 17 2 2 5 16 3
split_gain=12.9097 1.24477 1.05807 0.473485 0.459636 0.391202 0.317372 0.466913 1.30993 0.341251 0.328573 0.752141 0.485587 0.372063 0.430298 0.658173 0.314998 0.32862 0.577501 0.51942 0.493437 0.584387 0.437117 0.686561 0.613806 0.605696 0.439547 0.408647 0.499279 0.404611
threshold=1.0000000180025095e-35 0.34929047467215518 0.23436876353337363 11.350000000000003 387.50000000000006 10.450000000000001 9.9500000000000011 22.263575389143835 22.676794758167365 6.5000000000000009 30.500000000000004 312.50000000000006 140.00000000000003 56.682365683407362 618.50000000000011 5.2500000000000009 10.050000000000002 -0.74694441919030197 19.395020252743631 31.500000000000004 27.500000000000004 13.65 31.250000000000004 20.917875680437216 24.728933597324602 67.500000000000014 14.500000000000002 36.500000000000007 20.723420597630057 35.750000000000007
decision_type=2 2 2 2 2 2 2 2 2 2 2 2 2 2 2 2 2 2 2 2 2 2 2 2 2 2 2 2 2 2
left_child=-1 2 3 -2 5 -3 10 -8 -9 -10 -7 12 -12 14 -14 -16 -11 18 19 -18 21 -20 23 24 -19 -24 -25 -22 -29 -30
right_child=1 4 -4 -5 -6 6 7 8 9 16 11 -13 13 -15 15 -17 17 22 20 -21 27 -23 25 26 -26 -27 -28 28 29 -31
leaf_value=-0.0028627863200351867 5.4227936975163243e-05 0.00012679195498273938 6.4136666707567637e-05 -0.00027953329731782075 9.7344740010360452e-05 -0.00081562617609796299 -0.00091915411175493261 0.00020309328330497738 0.0004718920979352495 0.0023277413875390351 -0.0015674255133326345 0.00057028912286589603 -8.0240676458372977e-05 -0.0015596057228295164 -0.0059331125499093957 0.0044323537587152391 0.0043558161325583959 0.00025722136010396474 0.0037990147253841909 3.0235886967177586e-05 -0.00048339850907654265 -0.00026494974272281728 -0.00066079011754250944 5.6970338185255868e-06 -0.00085979839655390413 -0.0001578290699910626 0.00037215957962737512 -0.0026590424334094025 3.4232294606299094e-06 0.0032959533581624085
leaf_weight=3345 24 46 31 20 22 530 284 25 24 25 147 23 269 70 20 32 21 23 39 25 69 29 121 21 50 1415 20 41 191 25
leaf_count=3345 24 46 31 20 22 530 284 25 24 25 147 23 269 70 20 32 21 23 39 25 69 29 121 21 50 1415 20 41 191 25
internal_value=-0.00275153 -0.000708855 0.00566667 0.000681817 -0.000841421 -0.000885636 -0.000945183 -0.000629086 -0.000378929 -0.000511923 -0.00165445 -0.000811053 -0.00118959 -0.000268543 0.000451712 0.00461538 -0.000579197 -0.000645934 0.000568181 0.00586956 -5.07626e-05 0.00382353 -0.000969698 0.00201754 -0.000890412 -0.00119141 0.00719512 -0.000858897 5.83646e-05 0.00101852
internal_weight=7027 3682 75 44 3607 3585 3539 2448 2164 2139 1091 561 538 391 321 52 2115 2090 440 46 394 68 1650 114 73 1536 41 326 257 216
internal_count=7027 3682 75 44 3607 3585 3539 2448 2164 2139 1091 561 538 391 321 52 2115 2090 440 46 394 68 1650 114 73 1536 41 326 257 216
is_linear=0
shrinkage=0.05


Tree=185
num_leaves=31
num_cat=0
split_feature=18 11 2 0 3 4 4 10 0 0 18 11 16 16 17 17 17 5 18 11 13 12 17 11 14 17 17 17 9 6
split_gain=13.2386 1.55531 0.4483 0.375891 0.385674 0.327808 0.382492 0.39813 0.343465 0.81628 0.37907 0.299567 0.292664 0.618779 0.538939 0.724625 0.371389 0.242228 0.276237 0.576249 0.417351 0.945586 0.406977 0.778424 1.16671 0.761269 0.433624 0.419246 0.871936 0.422913
threshold=1.0000000180025095e-35 -3.8830881846831673 387.50000000000006 10.500000000000002 10.450000000000001 11.750000000000002 12.050000000000002 0.055916990100603255 127.50000000000001 141.50000000000003 7.2241895993209218 2.2790023309772089 19.012620085313646 19.539191340334892 26.185479047346625 27.230775154359865 31.178353161118228 6.5000000000000009 25.006750894002469 19.088914978457193 0.30152419456589125 84.907049460873296 28.856081198836659 37.667460987063379 55.860123693482208 27.557645066419841 28.180766647674027 27.715266127371958 -0.87585926134142855 94.500000000000014
decision_type=2 2 2 2 2 2 2 2 2 2 2 2 2 2 2 2 2 2 2 2 2 2 2 2 2 2 2 2 2 2
left_child=-1 -2 3 -3 -5 -6 7 -7 10 -10 11 -8 -13 -14 -15 -16 -17 -11 20 -20 21 -19 23 24 25 -21 27 28 -25 -30
right_child=1 2 -4 4 5 6 8 -9 9 17 -12 12 13 14 15 16 -18 18 19 22 -22 -23 -24 26 -26 -27 -28 -29 29 -31
leaf_value=-0.0027196470040334276 0.0001049791236856269 2.2124841976819219e-05 9.2477503009721822e-05 0.00012045235723362287 -0.00021424850456523006 -0.00052407021691704928 -0.00040580431242024382 0.002137518259036574 0.0045294311312017521 0.0012121472728074054 -0.0032051231805612702 -0.0032213778080937313 0.0002921463717482753 -0.00068307922529981294 0.00064719335526846927 -0.00036469973559578026 0.00044803763482494422 0.0010891508115876531 0.010804862562103425 0.0087470561458655779 -0.0025036342930221424 -0.00018394393656268024 -0.00098929638614562868 0.00064971946582037608 -0.00053462095903253251 0.00042135899620399792 0.013607523310819903 -0.0049548102306523562 -0.00025724786814605277 0.00012376379736263069
leaf_weight=3345 33 46 22 46 1465 34 62 33 26 20 83 44 28 47 20 51 20 25 30 27 187 156 344 25 27 20 34 48 543 136
leaf_count=3345 33 46 22 46 1465 34 62 33 26 20 83 44 28 47 20 51 20 25 30 27 187 156 344 25 27 20 34 48 543 136
internal_value=-0.00272307 -0.000654537 -0.000752262 -0.000795424 -0.000853115 -0.000912307 -0.000507248 0.00320895 -0.000631554 -0.000327671 -0.00204225 -0.00113971 -0.000238096 0.00072289 -0.000652175 0.00159341 -0.000774649 -0.000468559 -0.00053683 -0.000178283 -0.00173913 -2.76255e-05 -0.000348838 0.000232557 0.00513513 0.00989362 -0.000229009 -0.000478725 -0.000170456 -0.000508101
internal_weight=7027 3682 3649 3627 3581 3535 2070 67 2003 1648 355 272 210 166 138 91 71 1622 1602 1234 368 181 1204 860 74 47 786 752 704 679
internal_count=7027 3682 3649 3627 3581 3535 2070 67 2003 1648 355 272 210 166 138 91 71 1622 1602 1234 368 181 1204 860 74 47 786 752 704 679
is_linear=0
shrinkage=0.05


Tree=186
num_leaves=31
num_cat=0
split_feature=18 18 15 1 2 3 4 5 4 17 18 16 3 17 17 16 0 16 6 6 6 1 2 18 3 12 18 17 5 18
split_gain=12.8281 1.25008 1.05807 0.473485 0.461407 0.393588 0.271426 0.272962 0.333333 0.26122 0.334821 0.239172 0.220447 0.26815 0.640048 0.192892 0.667204 0.398952 0.662924 0.674006 0.900015 0.5 0.3287 0.372502 0.742289 0.314683 0.328002 0.458461 0.304302 0.301349
threshold=1.0000000180025095e-35 0.34929047467215518 0.23436876353337363 11.350000000000003 387.50000000000006 10.450000000000001 3.6500000000000008 39.500000000000007 2.3500000000000001 17.357580921423718 41.048388654302563 20.897268160323353 42.050000000000004 25.959126420921944 25.721518946417063 21.823300973071337 844.50000000000011 20.976160318833745 98.500000000000014 7.5000000000000009 2.5000000000000004 541.05000000000007 29.500000000000004 4.3732017446696894 34.250000000000007 91.628144612383139 5.2118986363581756 31.225522872807968 45.500000000000007 8.9875434930812759
decision_type=2 2 2 2 2 2 2 2 2 2 2 2 2 2 2 2 2 2 2 2 2 2 2 2 2 2 2 2 2 2
left_child=-1 2 3 -2 5 11 7 -7 -9 10 -8 -3 15 14 -14 16 17 22 19 20 -19 -22 -11 24 -24 -17 27 -27 -28 -25
right_child=1 4 -4 -5 -6 6 9 8 -10 12 -12 -13 13 -15 -16 25 -18 18 -20 -21 21 -23 23 29 -26 26 28 -29 -30 -31
leaf_value=-0.0025836646538317564 5.0410298027565232e-05 0.00015403408408790325 5.9823588310248797e-05 -0.00027080558863621149 8.7853627859257248e-05 -0.0026799222641365303 -0.010953378691959132 0.00074790358192685941 -0.00054677679087187267 -0.00058668593978860011 0.0011521294338670879 -4.9075441745719072e-05 -0.00062908727336031243 -0.00030251439402004482 0.0015759637900614181 -0.001628335701681618 0.0046144652536244521 1.4120586999922642e-06 0.0021626457195987828 -0.00045424164443417484 9.5992265251459128e-05 0.023269196011041944 0.0035390133322299984 -0.0027696306520301828 -6.3918159573296166e-05 -0.00015587433745212206 -0.000204489476179972 0.0013882926584268128 -0.00090087348609230427 -0.00011434263654159626
leaf_weight=3345 24 25 31 20 22 102 75 20 30 106 21 21 87 109 27 54 23 192 37 219 25 25 23 150 47 37 702 23 76 1329
leaf_count=3345 24 25 31 20 22 102 75 20 30 106 21 21 87 109 27 54 23 192 37 219 25 25 23 150 47 37 702 23 76 1329
internal_value=-0.00275865 -0.000722435 0.00566667 0.000681817 -0.000855283 -0.000899583 -0.000959312 -0.00302632 -1.19209e-09 -0.00086655 -0.0034375 0.00369565 -0.000791554 -0.00230942 -0.000614036 -0.000681227 -0.000427391 -0.000517883 0.00072289 0.000206073 0.00202479 0.008 -0.00089124 -0.000706909 0.00285714 -0.00130045 -0.00106205 0.0025 -0.00133676 -0.000875593
internal_weight=7027 3682 75 44 3607 3585 3539 152 50 3387 96 46 3291 223 114 3068 2176 2153 498 461 242 50 1655 1549 70 892 838 60 778 1479
internal_count=7027 3682 75 44 3607 3585 3539 152 50 3387 96 46 3291 223 114 3068 2176 2153 498 461 242 50 1655 1549 70 892 838 60 778 1479
is_linear=0
shrinkage=0.05


Tree=187
num_leaves=31
num_cat=0
split_feature=18 18 3 3 2 14 15 2 12 5 11 16 18 4 4 2 16 7 4 6 16 7 15 5 5 18 1 10 9 9
split_gain=12.7468 1.2554 0.950303 0.38836 0.326377 0.850969 0.846181 0.529257 1.07 0.375613 0.357874 0.436002 0.654762 0.303679 0.365361 0.609161 0.501481 0.483496 0.380952 0.340371 0.614724 0.729167 0.583599 0.500114 0.486111 0.46912 0.622154 0.476428 0.796066 0.351333
threshold=1.0000000180025095e-35 0.34929047467215518 28.950000000000003 10.450000000000001 311.50000000000006 47.104354536635242 58.539052000567821 318.50000000000006 224.88757814396817 12.500000000000002 68.865990354291583 19.273926743371891 61.416689742835629 30.150000000000002 13.450000000000001 289.50000000000006 17.932800823372386 -0.98296291314453399 19.050000000000004 10.500000000000002 19.763697219647597 -0.70710678118654735 75.449983897206323 28.500000000000004 60.500000000000007 60.20646328327836 541.05000000000007 0.0043035382962440553 0.90880922144842613 0.96683886033945965
decision_type=2 2 2 2 2 2 2 2 2 2 2 2 2 2 2 2 2 2 2 2 2 2 2 2 2 2 2 2 2 2
left_child=-1 2 -2 -3 10 6 -6 8 -7 -9 13 12 -12 14 16 19 -5 -18 -17 20 21 -16 25 -21 -23 26 27 28 -22 -25
right_child=1 3 -4 4 5 7 -8 9 -10 -11 11 -13 -14 -15 15 18 17 -19 -20 23 22 24 -24 29 -26 -27 -28 -29 -30 -31
leaf_value=-0.0024544814211401684 0.00011207719162028429 0.00010672803516756742 1.9371861048443068e-05 -0.0025119407848046274 -0.00016486999904501609 0.0039138603889151144 0.01067444149295118 0.00059559993705785973 -0.00093987700341356434 -0.0074093731447596473 -0.025495922170320373 -0.0025052925997370097 0.0013339261011027796 -0.0013607920368876047 0.0057517652423168331 -2.4277268593251998e-05 3.0342324730986833e-05 -0.00021944330857309041 0.0018541377758148098 -0.00069568771673817918 -3.4352459171533355e-05 -0.0020413318957057322 0.030834960355114939 -0.00013671890531780358 0.00059145456428972502 -0.0043804274073833069 0.0056758135980197778 -0.00069695521234782495 0.0039977086292934732 0.00041477225791579435
leaf_weight=3345 20 46 55 199 34 24 25 41 43 155 22 115 20 68 24 32 132 1304 24 178 338 36 37 409 20 109 35 86 20 31
leaf_count=3345 20 46 55 199 34 24 25 41 43 155 22 115 20 68 24 32 132 1304 24 178 338 36 37 409 20 109 35 86 20 31
internal_value=-0.00276576 -0.000736014 0.00566667 -0.000869145 -0.000928111 0.000590061 0.00601695 -0.000627378 0.00320895 -0.00193878 -0.00107904 -0.00340764 0.00095238 -0.000960417 -0.000885867 -0.000286441 -0.00139144 -0.00106546 0.00482143 -0.000502647 0.000248226 0.004375 -0.000280001 -0.00135922 0.00125 -0.000663266 1.04372e-05 -0.000495497 0.000307261 -0.000454547
internal_weight=7027 3682 75 3607 3561 322 59 263 67 196 3239 157 42 3082 3014 1379 1635 1436 56 1323 705 80 625 618 56 588 479 444 358 440
internal_count=7027 3682 75 3607 3561 322 59 263 67 196 3239 157 42 3082 3014 1379 1635 1436 56 1323 705 80 625 618 56 588 479 444 358 440
is_linear=0
shrinkage=0.05


Tree=188
num_leaves=31
num_cat=0
split_feature=13 18 14 2 12 3 16 18 0 15 16 17 5 1 12 6 1 1 17 11 2 1 15 8 3 0 16 2 10 4
split_gain=12.5258 1.12552 0.883403 0.466738 0.414216 0.400788 0.257477 0.359133 1.04167 0.75 0.24751 0.396295 0.382494 0.609392 0.415817 0.525 0.372431 0.563303 0.846887 0.402462 0.311555 0.299115 0.263996 0.371989 0.340562 0.284378 0.239172 0.219551 0.408897 0.415349
threshold=0.0085482829626294075 0.34929047467215518 8.0831056965918897 387.50000000000006 72.360193266911679 10.450000000000001 16.62392011133856 41.454449052722978 611.50000000000011 36.388708017606845 19.195432386273641 27.569220715138311 53.500000000000007 443.75000000000006 274.15322248266278 45.500000000000007 47.350000000000009 178.80000000000004 23.816073240064274 41.690312308066318 329.50000000000006 11.050000000000002 48.683414774604969 -0.9159756150367534 38.650000000000013 602.50000000000011 20.897268160323353 311.50000000000006 -0.67758968959607091 26.850000000000005
decision_type=2 2 2 2 2 2 2 2 2 2 2 2 2 2 2 2 2 2 2 2 2 2 2 2 2 2 2 2 2 2
left_child=-1 2 4 5 -2 26 7 -7 9 -9 11 12 14 16 22 -16 -14 18 -18 -19 21 -12 -8 24 -24 -25 -3 -23 29 -29
right_child=1 3 -4 -5 -6 6 10 8 -10 -11 20 -13 13 -15 15 -17 17 19 -20 -21 -22 27 23 25 -26 -27 -28 28 -30 -31
leaf_value=-0.0023317573500831602 2.3518473888867316e-05 0.00014099597812512171 0.00017179529655194758 0.00044619251452343562 -4.799885903526251e-05 -0.0022063592423149344 -0.0014087942842979919 0.00090016044664797111 -0.004285363327005483 -0.00036816499958831916 0.00041983844687832369 0.0073127908234719239 -0.0027739256166660147 0.012561376946885461 0.0016817176339707055 -0.00072837873377618447 -2.1072103572202841e-05 -0.0061984170281299683 0.0055247487414031978 0.0010026291500933738 -0.011126964049738433 -0.00015025958761557314 -0.0088631199426649626 0.010427330592724524 0.00015739406845274794 -0.003567884564354955 -5.1958071416816166e-05 -0.00073215057875767773 0.0011577774074557616 0.0086141526363236361
leaf_weight=3348 27 25 21 22 24 225 104 24 48 24 27 21 24 20 28 32 29 34 22 32 49 2525 53 20 30 23 21 102 20 23
leaf_count=3348 27 25 21 22 24 225 104 24 48 24 27 21 24 20 28 32 29 34 22 32 49 2525 53 20 30 23 21 102 20 23
internal_value=-0.00278711 -0.000773309 0.00541667 -0.000896868 0.00186274 -0.000941424 -0.0010017 -0.00235203 0.000208332 0.00541667 -0.000866999 0.000190677 -0.000121952 0.0018323 -0.0012069 0.0025 0.000673758 0.00183761 0.00578431 -0.00121212 -0.0010488 -0.000977013 -0.00217391 -0.000634922 -0.00259036 0.00313953 0.00369565 -0.00102996 0.000862068 -0.000200001
internal_weight=7027 3679 72 3607 51 3585 3539 321 96 48 3218 472 451 161 290 60 141 117 51 66 2746 2697 230 126 83 43 46 2670 145 125
internal_count=7027 3679 72 3607 51 3585 3539 321 96 48 3218 472 451 161 290 60 141 117 51 66 2746 2697 230 126 83 43 46 2670 145 125
is_linear=0
shrinkage=0.05


Tree=189
num_leaves=31
num_cat=0
split_feature=18 18 15 2 1 3 2 13 17 17 16 11 4 16 3 15 1 16 0 13 3 6 1 5 4 10 6 4 2 14
split_gain=12.1848 1.04125 1.09091 0.473894 0.431842 0.41049 0.241456 1.1555 0.291826 0.977719 0.79959 0.393936 0.657101 0.407145 0.394052 0.748301 0.289546 0.628598 0.28021 0.460864 1.09847 0.508446 0.602109 0.733728 0.648214 0.564351 0.557724 0.554884 0.779679 0.590126
threshold=1.0000000180025095e-35 0.34929047467215518 0.31915975886824305 387.50000000000006 11.350000000000003 10.450000000000001 117.50000000000001 0.20048609849843999 26.027847350331562 26.586176958267554 20.917875680437216 7.2105124014547171 7.7500000000000009 21.203951212947413 27.650000000000002 3.0683358808436991 309.45000000000005 20.616156933322575 669.50000000000011 0.86691701502090135 29.350000000000005 17.500000000000004 212.10000000000002 26.500000000000004 10.15 -0.88603780069526494 2.5000000000000004 15.450000000000001 223.50000000000003 49.227130918056098
decision_type=2 2 2 2 2 2 2 2 2 2 2 2 2 2 2 2 2 2 2 2 2 2 2 2 2 2 2 2 2 2
left_child=-1 2 4 5 -2 -3 8 -8 -7 10 -10 12 -11 -14 -15 -16 -13 -18 19 21 -21 22 26 24 -24 -26 -9 28 29 -27
right_child=1 3 -4 -5 -6 6 7 18 9 11 -12 16 13 14 15 -17 17 -19 -20 20 -22 -23 23 -25 25 27 -28 -29 -30 -31
leaf_value=-0.0022151694825790018 7.3024478815415645e-05 9.4341834502929402e-05 9.7883567211674898e-05 0.00042388288879725551 -8.199420697214251e-05 -0.00051777015446998083 0.0040128936656395921 0.0034961488771256622 0.00013676635975221375 0.001598764854451609 0.0003930121008703445 -0.00044280177695472396 -0.00033656674645315249 -0.0002938507926668928 -9.8283938993225047e-05 0.0004406701476885401 0.0059211301297555407 -0.00016241530536030587 -0.00055082404343987181 -3.4306077665445269e-05 0.00067330737773873433 -0.00042439727451867626 -0.00069506669056508346 -0.0004384299175196919 0.0069364077683392302 -0.0090371024551112317 -0.00038919930455506065 -0.00018634130428295069 0.012729320304722971 0.0044038304352945843
leaf_weight=3345 28 46 20 22 27 321 28 21 30 29 23 252 47 35 39 23 20 78 945 123 33 725 96 427 27 28 20 107 22 40
leaf_count=3345 28 46 20 22 27 321 28 21 30 29 23 252 47 35 39 23 20 78 945 123 33 725 96 427 27 28 20 107 22 40
internal_value=-0.00281557 -0.000831071 0.005 -0.000952316 0.00136364 -0.000997212 -0.00105821 -0.000817564 -0.001767 -0.00109375 0.00537736 -0.00174952 0.000202311 -0.00118056 0.000670102 0.00306451 -0.00271429 -0.000408164 -0.000925785 -0.00053625 0.00205128 -0.000803042 7.61409e-05 -0.000247658 0.0015625 0.00303571 0.00597561 0.0021066 0.005 0.00235294
internal_weight=7027 3682 75 3607 55 3585 3539 2642 897 576 53 523 173 144 97 62 350 98 2614 1669 156 1513 788 747 320 224 41 197 90 68
internal_count=7027 3682 75 3607 55 3585 3539 2642 897 576 53 523 173 144 97 62 350 98 2614 1669 156 1513 788 747 320 224 41 197 90 68
is_linear=0
shrinkage=0.05


Tree=190
num_leaves=31
num_cat=0
split_feature=18 0 2 3 11 0 18 1 6 18 18 18 14 15 4 4 4 16 13 15 17 16 3 17 18 15 6 6 14 2
split_gain=12.0266 1.20071 0.472796 0.408892 0.294327 0.295111 1.0696 0.652807 0.72 0.383042 0.570481 1.32688 0.376965 0.350668 0.318593 0.539024 0.678462 0.4 0.337506 0.290332 0.295966 0.546511 1.35716 0.621773 0.52091 0.776858 0.480062 0.527917 0.46638 0.620513
threshold=1.0000000180025095e-35 8.5000000000000018 387.50000000000006 10.450000000000001 -3.8830881846831673 344.50000000000006 34.399880583149859 311.75000000000006 96.500000000000014 36.624599482033751 43.174417201818464 41.964922141061898 57.065418262902234 23.601320189305302 8.2500000000000018 18.650000000000002 25.350000000000005 20.087402144586878 0.54682486631016058 40.551502909482295 24.728933597324602 19.702244142682023 35.750000000000007 27.527924185572129 48.768035209784166 51.64897845122865 67.500000000000014 52.500000000000007 76.924746971133771 173.50000000000003
decision_type=2 2 2 2 2 2 2 2 2 2 2 2 2 2 2 2 2 2 2 2 2 2 2 2 2 2 2 2 2 2
left_child=-1 -2 3 -3 -5 -6 7 8 -7 -8 11 12 14 -12 -11 18 17 -17 -16 -15 -21 22 23 -22 25 -23 27 28 -26 -30
right_child=1 2 -4 4 5 6 9 -9 -10 10 13 -13 -14 19 15 16 -18 -19 -20 20 21 24 -24 -25 26 -27 -28 -29 29 -31
leaf_value=-0.0021044110084500519 7.8856173453610055e-05 8.9624742777792284e-05 0.00040268874435743767 2.1454601705651136e-05 -0.00013890682690311814 -0.001432429819712295 -0.005954266491584214 0.0039192316361082785 0.003039018781537982 0.00044810076877873712 0.00014259187737552869 0.013888803872300098 -0.0016660184031094675 -0.0083046286495897237 0.00030895550689166642 0.0012568314138576649 -0.0051605651688839283 0.0043673969010838655 -0.00082734199767642725 -0.00083346039706104014 -0.00077769339916281303 -7.7884589125796786e-05 0.0095803121690745379 0.016503181893547814 -0.00049707532089535698 0.021289169950627851 -0.0024145980827465184 0.0076197408244492023 0.0055622459582694937 -0.00087832727730273853
leaf_weight=3345 33 46 22 20 1415 45 79 20 30 28 26 36 33 94 42 20 25 20 55 239 63 45 21 20 858 22 148 21 26 130
leaf_count=3345 33 46 22 20 1415 45 79 20 30 28 26 36 33 94 42 20 25 20 55 239 63 45 21 20 858 22 148 21 26 130
internal_value=-0.0028298 -0.00085823 -0.000944095 -0.000988421 -0.00104859 -0.00108256 -0.000712956 0.00447368 0.00233333 -0.000953195 -0.000816431 0.00137066 -6.72658e-05 -0.00114711 0.000789472 -6.17296e-05 0.00346154 0.0075 -0.00242268 -0.00123592 -0.00107659 -0.000790252 0.00269231 -0.000180724 -0.00108 0.00320895 -0.00132291 -0.00094203 -0.00110454 0.00141026
internal_weight=7027 3682 3649 3627 3581 3561 2146 95 75 2051 1972 259 223 1713 190 162 65 40 97 1687 1593 1354 104 83 1250 67 1183 1035 1014 156
internal_count=7027 3682 3649 3627 3581 3561 2146 95 75 2051 1972 259 223 1713 190 162 65 40 97 1687 1593 1354 104 83 1250 67 1183 1035 1014 156
is_linear=0
shrinkage=0.05


Tree=191
num_leaves=31
num_cat=0
split_feature=18 18 15 1 3 3 3 6 16 2 4 4 16 1 4 2 16 4 4 15 11 18 13 18 13 1 10 10 2 15
split_gain=11.6355 1.33106 1.05807 0.473485 0.422083 0.262533 0.330426 0.68309 0.239172 0.237297 0.240151 0.311582 0.25442 0.730244 1.01818 0.476314 0.43904 0.392149 0.374026 0.302925 1.27768 0.582499 0.831875 0.31425 1.13177 0.3541 0.299042 0.327298 0.512204 0.83072
threshold=1.0000000180025095e-35 0.34929047467215518 0.23436876353337363 11.350000000000003 10.450000000000001 42.050000000000004 41.45000000000001 7.5000000000000009 20.897268160323353 387.50000000000006 33.550000000000004 30.150000000000002 20.723420597630057 35.95000000000001 16.550000000000004 34.500000000000007 20.63128492321837 27.750000000000004 12.050000000000002 14.570925942695149 28.126943988397521 29.855418934228577 0.49366030576944547 8.9875434930812759 0.20048609849843999 23.950000000000003 -0.99463397642532658 0.89771014032557062 191.50000000000003 53.762135829065407
decision_type=2 2 2 2 2 2 2 2 2 2 2 2 2 2 2 2 2 2 2 2 2 2 2 2 2 2 2 2 2 2
left_child=-1 2 3 -2 8 6 9 -8 -3 10 11 12 15 14 18 -6 17 19 -14 20 23 -21 -23 25 -25 -17 -24 28 29 -28
right_child=1 4 -4 -5 5 -7 7 -9 -10 -11 -12 -13 13 -15 -16 16 -18 -19 -20 21 -22 22 26 24 -26 -27 27 -29 -30 -31
leaf_value=-0.0019991904580275491 8.9454448003659142e-05 0.00012474785035486419 4.5850902753684133e-05 -0.00026379668682109724 -0.00066709431536945822 -0.00025702163578401156 0.00049141662105904279 -0.0029058299154469201 -5.8558496709984562e-05 0.00038255430713950422 0.00090442966500236394 -0.0024607666646649829 1.5659423821197281e-05 -0.00014903697837577912 0.00038342866593385017 0.00037634731875861815 -0.002446323041023853 0.0023460572608236092 -0.00043711907417475268 -0.0038457168159100122 0.00079341484101034263 0.00092139430012080242 -0.00041646379900823208 0.0052003012432021651 -0.00065748452007052371 -0.00023035496163452477 -0.00064362177186344928 -0.00091991583861254301 -0.00030694047803240442 0.012102298468757744
leaf_weight=3345 24 25 31 20 120 225 31 36 21 22 30 52 35 1548 22 23 76 32 20 242 30 41 75 27 37 148 63 69 531 26
leaf_count=3345 24 25 31 20 120 225 31 36 21 22 30 52 35 1548 22 23 76 32 20 242 30 41 75 27 37 148 63 69 531 26
internal_value=-0.00286538 -0.000926128 0.00566667 0.000681817 -0.00106321 -0.00112469 -0.00101319 0.00246269 0.00369565 -0.00108443 -0.0011195 -0.00116102 -0.00109795 -0.00066154 0.00409091 -0.00155844 -0.00130282 -0.00109375 0.000454544 -0.00122714 0.000283018 -0.00160936 -0.000962734 -0.000957448 0.00203125 -0.00207602 -0.00133508 -0.00100871 -0.000645162 0.00286517
internal_weight=7027 3682 75 44 3607 3561 3336 67 46 3269 3247 3217 3165 1625 77 1540 1420 1344 55 1312 265 1047 805 235 64 171 764 689 620 89
internal_count=7027 3682 75 44 3607 3561 3336 67 46 3269 3247 3217 3165 1625 77 1540 1420 1344 55 1312 265 1047 805 235 64 171 764 689 620 89
is_linear=0
shrinkage=0.05


Tree=192
num_leaves=31
num_cat=0
split_feature=18 18 3 3 10 3 12 18 1 3 12 16 5 16 15 13 15 15 15 18 6 13 2 14 15 6 4 3 6 13
split_gain=11.6355 1.33106 0.950303 0.422083 0.305438 0.292047 0.362024 0.679983 0.968253 0.726222 0.673923 0.466667 0.566176 0.464937 0.37098 0.407884 0.417849 0.38414 0.512194 0.745938 0.871111 0.312786 0.535149 0.427943 0.576726 0.326705 0.30162 0.760433 0.388072 0.291843
threshold=1.0000000180025095e-35 0.34929047467215518 28.950000000000003 10.450000000000001 -0.99626127116974506 28.050000000000004 277.08748157180645 6.9911626293997502 99.300000000000026 31.750000000000004 276.11380416146932 20.931331364933232 63.500000000000007 22.278962470566167 8.7747063781931871 0.19632589955022492 14.570925942695149 21.571631065455893 36.388708017606845 40.586893964310576 32.500000000000007 0.59348516949152552 228.50000000000003 38.432405100977789 24.009160266707323 10.500000000000002 18.050000000000004 21.650000000000002 79.500000000000014 0.25059415945489755
decision_type=2 2 2 2 2 2 2 2 2 2 2 2 2 2 2 2 2 2 2 2 2 2 2 2 2 2 2 2 2 2
left_child=-1 2 -2 -3 -5 26 7 8 9 11 14 12 -7 -8 -9 -16 -17 29 19 21 -21 22 23 -19 -25 -26 -6 -28 -29 -18
right_child=1 3 -4 4 5 6 13 10 -10 -11 -12 -13 -14 -15 15 16 17 18 -20 20 -22 -23 -24 24 25 -27 27 28 -30 -31
leaf_value=-0.0018992309351261718 0.00010819436777773017 7.8906113121189194e-05 6.925207658563314e-06 -0.0002636258020265872 -0.00028568994696496071 -0.00064773118786327281 -0.00024185837737114216 -0.0033215229798308002 0.0016417457250121462 -0.00034738117652987222 0.00054420732492096795 0.00031714790353156043 0.00091811019057265605 0.00012089113876991337 0.00062694750328467358 0.000265595160486719 7.7880803931256533e-05 -0.0052322415986420581 -0.00019644122292272913 -0.0014323423957798441 0.0030501526881970458 -0.013015662699540945 0.0061948052352305445 0.0084975104198842296 0.0054830809841872104 -0.0033403305616951824 0.031616545348322346 -0.0047990039325028939 0.0014573531205085298 -0.0028309495059595864
leaf_weight=3345 20 46 55 132 841 22 284 75 28 49 30 24 34 20 23 23 32 77 1441 25 20 26 35 21 32 23 21 38 34 151
leaf_count=3345 20 46 55 132 841 22 284 75 28 49 30 24 34 20 23 23 32 77 1441 25 20 26 35 21 32 23 21 38 34 151
internal_value=-0.00286538 -0.000926128 0.00566667 -0.00106321 -0.00112469 -0.00103383 -0.000751504 -0.000527158 0.00264331 0.000813952 -0.000771879 0.00375 0.00125 -0.00236842 -0.000883235 -0.000749094 -0.000828962 -0.000910782 -0.000676472 0.00137066 0.00722222 0.000140186 0.000851063 -0.000424838 0.00223684 -0.000454547 -0.00178801 0.000913977 -0.00152778 -0.00308743
internal_weight=7027 3682 75 3607 3561 3429 2495 2191 157 129 2034 80 56 304 2004 1929 1906 1883 1700 259 45 214 188 153 76 55 934 93 72 183
internal_count=7027 3682 75 3607 3561 3429 2495 2191 157 129 2034 80 56 304 2004 1929 1906 1883 1700 259 45 214 188 153 76 55 934 93 72 183
is_linear=0
shrinkage=0.05


Tree=193
num_leaves=31
num_cat=0
split_feature=18 0 3 9 10 4 13 13 6 1 16 16 17 13 16 3 15 9 2 14 6 10 4 9 14 3 17 16 0 15
split_gain=11.1747 1.23878 0.427646 0.256471 0.482776 0.533333 0.310345 0.535037 0.398396 0.266235 0.662745 0.374746 0.533333 0.258792 0.590867 0.537705 0.374057 0.301598 0.271012 1.06572 0.292759 0.449198 0.463768 0.443004 0.592844 0.5395 0.45 0.353114 1.11692 1.19048
threshold=1.0000000180025095e-35 8.5000000000000018 10.450000000000001 0.95992380042979863 0.20088311396693925 13.350000000000003 0.8848305238903712 0.93530996345416839 14.500000000000002 154.85000000000005 21.871990193451619 23.471172218481456 31.113239740327227 0.020050251256281411 20.931331364933232 29.950000000000003 2.3520095956920186 -0.068799878299627984 325.50000000000006 46.358643800561815 1.0000000180025095e-35 -0.25950218452349683 18.750000000000004 -0.56668076515725019 4.8068066522688966 37.050000000000004 28.882185783662447 18.646163228713728 420.50000000000006 45.360454904193055
decision_type=2 2 2 2 2 2 2 2 2 2 2 2 2 2 2 2 2 2 2 2 2 2 2 2 2 2 2 2 2 2
left_child=-1 -2 -3 13 6 -6 9 -8 -9 10 -5 -11 -13 14 15 -4 -15 18 20 -20 21 22 -18 25 -25 -22 -27 28 -26 -30
right_child=1 2 3 4 5 -7 7 8 -10 11 -12 12 -14 16 -16 -17 17 -19 19 -21 23 -23 -24 24 27 26 -28 -29 29 -31
leaf_value=-0.001804269388369863 6.7911481292474537e-05 7.4960807465150191e-05 8.635106268352829e-05 0.0026173945176102679 0.0083714752500849265 -0.0051937495365099668 0.00062316190734331388 0.010266405480618124 -0.0012824339991504162 -0.00082334305875760971 -0.00019999795718385013 0.00089743678762738361 -0.0028727651395718569 -0.00034322670372816062 0.00016165120964159322 -0.00019585465820770823 0.0035663512003228149 -0.0002448263033399343 0.0089471427040770171 -0.0069308734907072636 -0.00060164254110550014 -3.5309141611063069e-05 0.00088868074129041282 0.00075345435264595158 -0.012289985580990186 -0.00016460933855052068 0.022566630423200049 -0.00031549953842807991 0.012275635944220493 9.6714058978767748e-06
leaf_weight=3345 33 46 20 30 40 20 22 27 38 137 34 20 40 139 35 41 23 1698 21 38 532 154 27 35 52 100 25 207 21 27
leaf_count=3345 33 46 20 30 40 20 22 27 38 137 34 20 40 139 35 41 23 1698 21 38 532 154 27 35 52 100 25 207 21 27
internal_value=-0.00290807 -0.00100761 -0.00109482 -0.00115598 2.45086e-05 0.00416667 -0.000689656 0.00189655 -0.000384617 -0.00155173 0.00125 -0.00246193 0.000833332 -0.00130673 0.00125 -0.00172131 -0.00138593 -0.00126689 -0.000681459 0.00262712 -0.000843725 0.000882352 0.005 -0.0011962 0.000263157 -0.00195586 0.000999999 -0.000439741 0.002 0.0075
internal_weight=7027 3682 3649 3603 408 60 348 87 65 261 64 197 60 3195 96 61 3099 2960 1262 59 1203 204 50 999 342 657 125 307 100 48
internal_count=7027 3682 3649 3603 408 60 348 87 65 261 64 197 60 3195 96 61 3099 2960 1262 59 1203 204 50 999 342 657 125 307 100 48
is_linear=0
shrinkage=0.05


Tree=194
num_leaves=31
num_cat=0
split_feature=18 0 3 17 17 14 2 2 6 6 13 12 7 16 17 17 13 9 1 17 1 16 6 5 5 3 12 5 10 12
split_gain=11.5581 1.2214 0.415501 0.255068 0.661498 1.25237 0.442951 0.386781 0.388882 0.82526 0.369398 0.261307 0.458664 0.545455 0.374315 0.45873 0.72286 0.532336 0.298157 0.258741 0.249845 0.618607 0.917313 0.357188 0.793651 0.380952 0.322404 0.517263 0.316781 0.290238
threshold=1.0000000180025095e-35 8.5000000000000018 10.450000000000001 24.674807525114343 24.920315772007719 23.523869584928665 305.50000000000006 346.00000000000006 80.500000000000014 72.500000000000014 0.89737130288061595 282.63263524612677 -0.70710678118654735 18.457582981146334 22.676794758167365 18.964673795891589 0.9558638848058455 -0.17128679933203927 61.70000000000001 25.026140892531917 31.250000000000004 20.219473845828855 99.500000000000014 20.500000000000004 61.500000000000007 31.150000000000002 90.6375348117882 78.500000000000014 -0.90878397393106225 287.23965081703597
decision_type=2 2 2 2 2 2 2 2 2 2 2 2 2 2 2 2 2 2 2 2 2 2 2 2 2 2 2 2 2 2
left_child=-1 -2 -3 7 5 -5 -7 8 9 11 -9 12 13 -4 15 -14 17 -17 -16 -6 21 -21 23 -23 25 -25 28 29 -22 -28
right_child=1 2 3 4 19 6 -8 10 -10 -11 -12 -13 14 -15 18 16 -18 -19 -20 20 26 22 -24 24 -26 -27 27 -29 -30 -31
leaf_value=-0.00171405591895137 6.4515907227850436e-05 7.121276709188648e-05 -0.00013792911832521609 0.0010660879095317059 -0.0014637849871376686 -0.004392153604387836 0.00022323174866487646 -0.0004185408614419473 -0.0026578876964713167 0.0012562359616740619 0.00053945701340794405 -0.00021785247417524926 -0.0049531237028402507 0.0093462896134617005 0.00027481368392662139 0.001409583159257917 -0.0002169592429337959 6.9025985459586665e-05 -0.0024605800150989056 -0.00026773728481892185 -0.00067893658315273042 -0.00033771631284938562 0.0025001161787710511 2.5127106308711541e-05 -0.00024047826081352374 0.00034343901911120623 -0.00012511310513437375 0.0017723612913708978 -0.0052469017610435953 -0.00021296008120496777
leaf_weight=3345 33 46 33 40 40 46 20 20 322 23 26 52 45 33 20 20 32 29 186 33 45 33 20 21 21 21 2219 21 138 44
leaf_count=3345 33 46 33 40 40 46 20 20 322 23 26 52 45 33 20 20 32 29 186 33 45 33 20 21 21 21 2219 21 138 44
internal_value=-0.00287249 -0.000939708 -0.00102631 -0.0010866 -0.000854454 0.00301887 -0.00121212 -0.00184899 -0.00210692 -0.0011945 0.00260869 -0.00166667 -0.00123116 0.00257576 -0.00198795 0.000158729 0.00240741 0.00622449 -0.00330097 -0.00100904 -0.000948013 0.00104027 0.00275862 0.000729165 0.00293651 0.00690476 -0.0010681 -0.000906306 -0.00308743 -0.00097879
internal_weight=7027 3682 3649 3603 2762 106 66 841 795 473 46 450 398 66 332 126 81 49 206 2656 2616 149 116 96 63 42 2467 2284 183 2263
internal_count=7027 3682 3649 3603 2762 106 66 841 795 473 46 450 398 66 332 126 81 49 206 2656 2616 149 116 96 63 42 2467 2284 183 2263
is_linear=0
shrinkage=0.05


Tree=195
num_leaves=31
num_cat=0
split_feature=18 0 2 1 4 5 4 0 6 3 0 3 10 16 0 18 18 5 10 17 14 16 12 16 15 18 12 18 15 1
split_gain=11.5581 0.865472 0.295943 0.612319 0.799834 0.638255 0.986038 0.302541 0.296634 0.396891 0.548145 0.506028 0.531629 0.496984 0.567578 0.450614 1.72242 0.418867 0.415097 0.653406 0.528098 0.352732 0.355595 0.351937 0.34944 0.832883 0.458333 0.348117 0.761707 0.538741
threshold=1.0000000180025095e-35 8.5000000000000018 311.50000000000006 548.35000000000014 27.750000000000004 38.500000000000007 13.750000000000002 643.50000000000011 24.500000000000004 21.850000000000005 40.500000000000007 27.650000000000002 -0.58427653070765284 19.092542169704419 646.50000000000011 57.567869488508471 54.273357355367807 9.5000000000000018 -0.29258949745833546 27.142913979334427 73.523255476990641 18.1032528976808 100.51424350395793 20.507416439763805 78.335204095115998 76.460764500577682 224.88757814396817 48.004898941830156 42.940738739521016 484.35000000000008
decision_type=2 2 2 2 2 2 2 2 2 2 2 2 2 2 2 2 2 2 2 2 2 2 2 2 2 2 2 2 2 2
left_child=-1 -2 8 4 5 -4 -7 -8 9 10 -3 -11 21 -12 23 16 17 -14 -17 -20 -21 22 -13 -15 25 26 -22 28 29 -19
right_child=1 2 3 -5 -6 6 7 -9 -10 11 13 12 15 14 -16 18 -18 27 19 20 24 -23 -24 -25 -26 -27 -28 -29 -30 -31
leaf_value=-0.0016283531230038015 6.1290111866458375e-05 0.00020154587452245136 -0.0010348752145592922 0.0013269429406166711 0.0077888543880253666 0.0028156842798528758 -0.0022535028169028753 6.4151813274068129e-05 -0.00020047298333939262 -0.0017118710008996877 0.002048967600513478 0.00065265317772839136 0.0018191696861100401 -0.0017827456501234712 0.082502799437909682 -0.00087351148584186857 0.019508116703080499 7.0559262662755776e-05 0.0076697647295063676 -0.00097487941868756574 -0.0077774443776776683 -0.00021191808364096678 -0.00033240779368807241 -0.00011187459455278867 -0.0014451743960682516 0.01491815722755893 0.0031067217065021313 -0.0060845884604623819 0.013257665636303567 -0.0048511862230529966
leaf_weight=3345 33 28 169 28 27 31 30 37 1237 280 38 20 20 50 20 111 27 267 23 138 22 642 27 191 36 20 32 31 20 47
leaf_count=3345 33 28 169 28 27 31 30 37 1237 280 38 20 20 50 20 111 27 267 23 138 22 642 27 191 36 20 32 31 20 47
internal_value=-0.00287249 -0.000939708 -0.00101261 0.000434781 -0.000238096 -0.00106742 0.00214286 -0.00126866 -0.00115269 -0.000789475 0.000810396 -0.00108622 -0.00071814 0.000183945 -0.000593871 0.000163727 0.00131068 0.000454544 -0.0010733 -1.84514e-05 -0.00076613 -0.0017344 0.00244681 -0.00126556 0.00181818 0.00378378 0.000555554 6.8492e-05 0.000538921 -6.36955e-05
internal_weight=7027 3682 3649 322 294 267 98 67 3327 2090 327 1763 1483 299 261 794 412 385 382 271 248 689 47 241 110 74 54 365 334 314
internal_count=7027 3682 3649 322 294 267 98 67 3327 2090 327 1763 1483 299 261 794 412 385 382 271 248 689 47 241 110 74 54 365 334 314
is_linear=0
shrinkage=0.05


Tree=196
num_leaves=31
num_cat=0
split_feature=2 0 17 17 17 10 9 2 9 18 4 6 11 16 16 12 5 16 3 2 3 12 1 1 2 11 6 16 6 7
split_gain=11.2003 0.505552 0.757576 0.465128 0.561033 0.341134 0.374243 0.30209 0.630628 0.613375 1.44 0.344149 0.28951 0.270731 0.310494 0.287928 0.555988 0.415237 0.267377 0.25876 0.250753 0.233657 0.232304 0.448148 0.3367 0.228028 0.605152 0.368814 0.308519 0.454677
threshold=6.5000000000000009 10.500000000000002 27.966614433232717 24.674807525114343 24.728933597324602 -0.82389248692129191 -0.53798524335129183 311.50000000000006 -0.068799878299627984 68.412689000051472 23.150000000000002 22.500000000000004 71.885658859294111 19.273926743371891 16.22426607643262 140.10259244728383 40.500000000000007 19.012620085313646 10.450000000000001 364.50000000000006 8.6500000000000004 253.16902249952926 337.15000000000003 369.75000000000006 191.50000000000003 67.284130123786298 19.500000000000004 20.641970707962482 24.500000000000004 -0.98296291314453399
decision_type=2 2 2 2 2 2 2 2 2 2 2 2 2 2 2 2 2 2 2 2 2 2 2 2 2 2 2 2 2 2
left_child=-1 2 -2 5 -5 6 -3 12 -9 11 -11 21 18 14 -8 -16 17 -17 20 22 -6 -10 -7 -24 -25 28 27 -27 29 -20
right_child=1 3 -4 4 7 19 13 8 9 10 -12 -13 -14 -15 15 16 -18 -19 25 -21 -22 -23 23 24 -26 26 -28 -29 -30 -31
leaf_value=-0.0015469354668536115 -8.1674421123120971e-06 0.00042971939363548452 0.00012928706616330515 0.0002080045777404524 -0.00038754141325193867 -0.0043102096676820743 -0.00523545552015815 0.00073149130907537501 0.0073994114208674501 0.0019671010386385817 -0.0026303964868238561 -0.010299552230887701 -0.0006523959089118252 -0.00068041199969887047 -0.00064649848313779595 -0.00044667859490838725 0.004343678856221187 0.0010507566977972253 5.2442461081918899e-05 0.00055303575567185799 0.00014275743717604377 -0.0047496798233860439 0.00045838360225137608 4.8315054909863488e-05 -0.00087632986263487533 0.00010889431070073594 0.0001954756927527189 -0.018462986858182963 -0.00021637057715828334 -0.00019147984449914045
leaf_weight=3349 44 26 22 26 23 222 77 21 37 25 20 50 44 94 126 67 39 33 134 21 21 26 20 33 75 25 34 34 705 1554
leaf_count=3349 44 26 22 26 23 222 77 21 37 25 20 50 44 94 126 67 39 33 134 21 21 26 20 33 75 25 34 34 705 1554
internal_value=-0.00290807 -0.00100326 0.00333333 -0.0010825 -0.000771862 -0.00211885 -0.00121212 -0.000840902 0.00114525 6.32899e-05 0.005 -0.00190266 -0.000979022 -0.00155963 -0.000906434 -9.43408e-05 0.00147482 -0.000500001 -0.000909092 -0.00324798 0.00295454 0.000555554 -0.00357143 -0.001875 -0.00314815 -0.000977475 0.00145161 -0.00161017 -0.00107188 -0.000704977
internal_weight=7027 3678 66 3612 2779 833 462 2753 179 158 45 113 2574 436 342 265 139 100 2530 371 44 63 350 128 108 2486 93 59 2393 1688
internal_count=7027 3678 66 3612 2779 833 462 2753 179 158 45 113 2574 436 342 265 139 100 2530 371 44 63 350 128 108 2486 93 59 2393 1688
is_linear=0
shrinkage=0.05


Tree=197
num_leaves=31
num_cat=0
split_feature=18 11 5 15 16 0 0 15 3 17 17 1 4 16 15 6 1 1 1 4 3 2 12 14 2 12 12 6 4 6
split_gain=12.0266 0.996494 1.04096 0.280531 0.653462 0.487833 0.660689 0.447962 0.420939 0.245687 0.550289 1.34851 0.429792 0.34232 0.412269 0.318376 0.513725 0.92816 0.357366 0.649529 0.452005 0.294828 0.293026 0.371184 0.569077 0.364729 0.473291 1.24946 0.652724 0.546895
threshold=1.0000000180025095e-35 -3.0540662031282801 43.500000000000007 0.70748362666980424 20.931331364933232 33.500000000000007 40.500000000000007 2.5855428552470254 29.150000000000002 24.658148426587591 24.920315772007719 203.95000000000002 23.350000000000005 19.132205199484385 64.162089717336457 88.500000000000014 195.40000000000003 277.40000000000003 203.95000000000002 7.5500000000000007 29.850000000000005 154.50000000000003 89.800385971402804 28.09591547843193 222.50000000000003 287.23965081703597 126.92129392765953 21.500000000000004 16.850000000000005 1.5000000000000002
decision_type=2 2 2 2 2 2 2 2 2 2 2 2 2 2 2 2 2 2 2 2 2 2 2 2 2 2 2 2 2 2
left_child=-1 2 -2 4 8 -5 7 -7 -3 13 11 -11 -13 14 15 18 -17 -18 19 -8 -21 -22 -12 24 25 26 -24 28 29 -28
right_child=1 3 -4 5 -6 6 9 -9 -10 10 22 12 -14 -15 -16 16 17 -19 -20 20 21 -23 23 -25 -26 -27 27 -29 -30 -31
leaf_value=-0.0014695886935109309 -3.6919562100998644e-05 3.6208273595162486e-05 8.0114676388077748e-05 -0.00080920238230345037 0.00015846988517452946 -2.5953354434828087e-06 0.004014951919886353 0.00039542926065145906 -6.706375809780589e-05 0.0010124069343350819 -0.0024698549293309846 -0.0048401340735503978 0.00011987785427930274 -0.0011003570611778754 0.0004857748235332556 -0.0072360914764958931 0.00844195396518377 -0.005670570441902589 -0.00024637024073463832 0.0011640933849267777 -0.0037058510091323702 5.5828945826355477e-05 -5.6221669239298089e-05 -0.00025877357836297037 0.017403565925225437 -0.00032850943002179215 -0.0021980477568282232 -5.9084687395472593e-05 0.00047724827918760402 0.0015750921045141648
leaf_weight=3345 29 29 20 120 38 35 20 24 49 40 186 50 21 147 25 154 21 67 224 23 38 20 329 1750 23 34 27 81 24 34
leaf_count=3345 29 29 20 120 38 35 20 24 49 40 186 50 21 147 25 154 21 67 224 23 38 20 329 1750 23 34 27 81 24 34
internal_value=-0.0028298 -0.00085823 0.00622449 -0.000953758 0.00146552 -0.00103355 -0.000922874 0.00432203 -0.00115385 -0.00101558 -0.000786842 0.00265766 -0.00147887 -0.00182003 -0.00128378 -0.00156085 -0.00293389 0.000113635 -0.000538463 0.00193069 -6.17296e-05 -0.00241379 -0.000940516 -0.000786274 0.000344202 9.4506e-06 0.000353534 0.00253012 0.0067647 0.00401639
internal_weight=7027 3682 49 3633 116 3517 3397 59 78 3338 2599 111 71 739 592 567 242 88 325 101 81 58 2488 2302 552 529 495 166 85 61
internal_count=7027 3682 49 3633 116 3517 3397 59 78 3338 2599 111 71 739 592 567 242 88 325 101 81 58 2488 2302 552 529 495 166 85 61
is_linear=0
shrinkage=0.05


Tree=198
num_leaves=31
num_cat=0
split_feature=18 0 18 18 18 13 0 16 5 3 14 9 0 9 6 18 9 4 0 13 15 10 13 13 15 6 3 12 4 16
split_gain=12.2643 1.19042 0.414773 0.796506 0.586768 0.858735 0.643809 0.493989 0.671202 0.783006 0.675726 0.476374 0.4 0.391283 0.370096 0.318152 0.291547 0.429852 0.321985 0.287859 0.351061 0.45778 0.4856 1.50968 0.492199 0.378554 0.361542 0.921641 0.408943 0.495543
threshold=1.0000000180025095e-35 8.5000000000000018 6.5200250492240439 5.8081195090771276 8.3957515510129301 0.18158213768841017 131.50000000000003 20.917875680437216 20.500000000000004 29.950000000000003 17.683143624006785 -0.10309787846944686 103.50000000000001 0.88606241628642846 1.0000000180025095e-35 9.9355854023393793 0.99984258031731443 3.6500000000000008 891.00000000000011 0.20048609849843999 20.413626351964634 -0.99626127116974506 0.53097657059921222 0.51762392900856802 26.432611640008229 2.5000000000000004 34.650000000000013 253.90928565780555 7.5500000000000007 19.733299955702822
decision_type=2 2 2 2 2 2 2 2 2 2 2 2 2 2 2 2 2 2 2 2 2 2 2 2 2 2 2 2 2 2
left_child=-1 -2 3 7 -4 6 12 13 -9 14 -11 -5 -6 -3 -10 -7 17 -17 19 -19 25 -22 23 -23 -24 -21 27 28 29 -26
right_child=1 2 4 11 5 15 -8 8 9 10 -12 -13 -14 -15 -16 16 -18 18 -20 20 21 22 24 -25 26 -27 -28 -29 -30 -31
leaf_value=-0.0013961092588353843 7.0630336060130373e-05 -9.893255122316208e-05 -0.0011923096198003589 -1.9573808578715709e-05 0.00088820517788034965 -0.00058007735543317911 0.0016116757576999576 -0.000167448715595551 7.9232433660923282e-05 0.00019795633356705137 0.00014112568429212866 0.00024485557826034492 -0.00056170470120789665 0.00085963407871111485 -0.00055885309878881111 -0.00089579046662720437 0.00065481300915938014 0.00064596877014319945 2.2953540937071295e-05 -1.6360285706946609e-05 -0.00034199190451472016 -9.9661793421762695e-06 0.0012132954262553486 0.014119823646124805 0.0070052027046019457 -0.0019728002897414347 -8.7200455824751336e-05 0.0022407082404559257 -0.0014055798319769417 -0.00061656733938709172
leaf_weight=3345 33 239 180 21 20 51 35 43 40 35 24 39 20 20 46 131 20 20 26 119 85 465 22 35 27 193 880 37 629 147
leaf_count=3345 33 239 180 21 20 51 35 43 40 35 24 39 20 20 46 131 20 20 26 119 85 465 22 35 27 193 880 37 629 147
internal_value=-0.00280845 -0.000817492 -0.000902988 0.000424062 -0.00111712 -0.000948685 0.00433333 -0.000302015 0.00164893 0.00327586 0.00771186 0.00583333 -1.19209e-09 -0.00171815 0.000232557 -0.0010859 -0.00101552 -0.00105824 -0.000921789 -0.000975932 -0.00102122 -0.000810057 -0.000673507 0.000699999 -0.00106774 -0.00259616 -0.00116279 -0.00190476 -0.00226028 -0.000114944
internal_weight=7027 3682 3649 507 3142 2962 75 447 188 145 59 60 40 259 86 2887 2836 2816 2685 2659 2639 2327 2242 500 1742 312 1720 840 803 174
internal_count=7027 3682 3649 507 3142 2962 75 447 188 145 59 60 40 259 86 2887 2836 2816 2685 2659 2639 2327 2242 500 1742 312 1720 840 803 174
is_linear=0
shrinkage=0.05


Tree=199
num_leaves=31
num_cat=0
split_feature=18 11 10 7 2 2 11 5 10 9 4 13 5 12 10 5 15 17 17 3 5 1 14 17 9 5 6 1 15 9
split_gain=12.9097 0.922447 0.384113 0.551117 0.56529 1.66128 1.01524 0.547469 0.470085 0.492955 0.461047 0.79264 0.496933 0.441734 0.512662 0.564874 0.906692 0.461728 0.550564 0.458944 1.58552 0.380049 0.760594 0.401111 0.380952 0.300226 0.639196 0.344708 0.510692 0.530462
threshold=1.0000000180025095e-35 -4.6469745358440706 -0.67758968959607091 -0.98296291314453399 304.50000000000006 329.50000000000006 63.718750677909505 42.500000000000007 -0.79354221435844496 0.4975086818028765 22.350000000000005 0.94525106900092293 25.500000000000004 293.94342572522436 -0.99463397642532658 40.500000000000007 59.523968073383372 23.816073240064274 23.628646176800469 30.650000000000002 76.500000000000014 200.60000000000002 24.241199778612899 31.225522872807968 -0.97109105924028405 78.500000000000014 1.0000000180025095e-35 309.45000000000005 0.31915975886824305 0.99551215362393841
decision_type=2 2 2 2 2 2 2 2 2 2 2 2 2 2 2 2 2 2 2 2 2 2 2 2 2 2 2 2 2 2
left_child=-1 -2 8 7 25 6 -6 21 9 10 13 12 -12 14 -3 17 19 18 -16 20 -17 22 24 -24 -4 27 -27 28 -5 -30
right_child=1 2 3 4 5 -7 -8 -9 -10 -11 11 -13 -14 -15 15 16 -18 -19 -20 -21 -22 -23 23 -25 -26 26 -28 -29 29 -31
leaf_value=-0.0013263037958936151 0.00012892246248209731 -0.00029477049711242438 3.7200330510271966e-05 5.1966753505935026e-05 0.00024878489691668274 -0.00055754935559038977 0.00046502936711235353 6.7968807451891059e-05 -0.00096752874872141749 -0.0005232621635728904 0.0035584356681910706 0.0068389061419076094 -0.00011328636908210246 7.7364021715610328e-06 -0.00085663235112321706 0.0021331120651523899 0.0018162788424583584 -0.0027738271138785082 0.0046277031823941757 -9.0654412729894115e-05 -0.0001101343327928205 -0.00085220334518946159 5.757161861972849e-05 0.00058410156319863504 -0.00035429512116751176 0.00036921178606599651 -0.0012044296022845167 -0.00016384634774885482 -0.0004817017949152035 0.0015852465809990755
leaf_weight=3345 20 113 28 34 25 52 22 35 268 112 20 39 179 24 66 20 34 153 20 216 47 23 25 20 56 44 49 1492 419 27
leaf_count=3345 20 113 28 34 25 52 22 35 268 112 20 39 179 24 66 20 34 153 20 216 47 23 25 20 56 44 49 1492 419 27
internal_value=-0.00275153 -0.000708855 -0.000767341 -0.000384944 -0.000609983 0.00308081 0.00989362 0.00221925 -0.00145309 -0.000973156 -0.000596134 0.00130252 2.51244e-05 -0.0012482 -0.0014873 -0.000863311 0.000520504 -0.00269875 0.000232557 -0.000406362 0.00320895 0.000921051 0.00197674 0.00722222 -0.000833335 -0.000786926 0.00198925 -0.000917851 -0.00208333 -0.00253363
internal_weight=7027 3682 3662 2351 2164 99 47 187 1311 1043 931 238 199 693 669 556 317 239 86 283 67 152 129 45 84 2065 93 1972 480 446
internal_count=7027 3682 3662 2351 2164 99 47 187 1311 1043 931 238 199 693 669 556 317 239 86 283 67 152 129 45 84 2065 93 1972 480 446
is_linear=0
shrinkage=0.05


Tree=200
num_leaves=31
num_cat=0
split_feature=18 11 10 1 1 1 17 9 4 15 15 6 1 9 3 10 14 17 0 8 16 10 3 16 0 5 12 17 16 9
split_gain=12.7468 0.927132 0.643049 0.575547 0.701656 0.662809 0.874093 0.488094 0.783364 0.550272 0.4871 0.517927 0.486501 0.44938 0.531503 0.437391 0.421832 0.404613 1.09496 0.784948 0.627084 1.38509 0.550801 0.540147 0.632788 0.901845 0.511531 0.365999 0.549054 0.365149
threshold=1.0000000180025095e-35 -4.6469745358440706 -0.67758968959607091 203.95000000000002 309.45000000000005 133.95000000000002 30.874830519539429 0.44437406304545285 14.15 0.23436876353337363 27.451052753051083 95.500000000000014 145.80000000000004 -0.99052327954040364 18.450000000000003 -0.51235243343851777 4.8068066522688966 27.638710369513579 796.50000000000011 -0.9159756150367534 20.342785861643737 -0.317191288589106 34.350000000000001 18.948776504104153 460.50000000000006 36.500000000000007 164.11731283514527 28.052740892978488 19.763697219647597 -0.6084543315941251
decision_type=2 2 2 2 2 2 2 2 2 2 2 2 2 2 2 2 2 2 2 2 2 2 2 2 2 2 2 2 2 2
left_child=-1 -2 29 5 10 7 12 8 13 -9 -5 -12 -7 -4 -15 -14 -6 18 19 -18 23 22 -22 24 -21 -26 -20 -19 -29 -3
right_child=1 2 3 4 16 6 -8 9 -10 -11 11 -13 15 14 -16 -17 17 27 26 20 21 -23 -24 -25 25 -27 -28 28 -30 -31
leaf_value=-0.0012599886060989344 0.00012247633935799312 -0.0042859945239972245 0.00021945295292340398 -0.0011914287536361058 0.0015323246573832534 0.00047179425819438529 0.00023780755407287586 9.2677875101846097e-05 0.0012323480651578241 -0.00041005550911949108 0.00018479807016583887 -0.00048011993367517021 9.5102198080586559e-05 2.9935215747950691e-05 -0.00098935380160963034 -0.00033064909447948264 -0.0020194018869702179 -0.00094802036280930381 3.2616770250438566e-05 -0.00063436850122392191 0.008698492961203827 0.020043115590509964 -0.0006492842227620257 -0.0027251768104792819 -0.0012696675647839537 0.0099163364216819129 0.004777922839593482 0.015343103273997367 -0.00038704371555867666 -7.8997118008573117e-05
leaf_weight=3345 20 128 21 167 28 22 30 23 48 203 21 30 22 31 94 63 112 95 23 42 36 22 50 64 24 22 34 20 1004 1183
leaf_count=3345 20 128 21 167 28 22 30 23 48 203 21 30 22 31 94 63 112 95 23 42 36 22 50 64 24 22 34 20 1004 1183
internal_value=-0.00276576 -0.000736014 -0.000794649 -0.000299874 -0.000735787 0.00110413 0.00412409 0.000119046 0.00195876 -0.00146018 -0.0033945 0.000882352 0.00200934 0.000136985 -0.001 0.000294116 -0.000368021 -0.000478037 0.000827505 -0.000161292 0.00134615 0.00425926 0.00139535 -0.000723685 0.00181818 0.00586956 0.0072807 -0.000978553 -0.000703126 -0.00168192
internal_weight=7027 3682 3662 2351 1794 557 137 420 194 226 218 51 107 146 125 85 1576 1548 429 372 260 108 86 152 88 46 57 1119 1024 1311
internal_count=7027 3682 3662 2351 1794 557 137 420 194 226 218 51 107 146 125 85 1576 1548 429 372 260 108 86 152 88 46 57 1119 1024 1311
is_linear=0
shrinkage=0.05


Tree=201
num_leaves=31
num_cat=0
split_feature=18 15 14 6 10 2 16 11 2 18 18 18 1 12 12 13 5 17 10 13 18 15 10 15 3 1 9 11 12 1
split_gain=12.585 1.04093 1.25624 0.455739 0.394516 0.533442 0.889458 0.815593 1.11364 0.425313 0.891646 0.639625 1.00612 0.893617 0.63268 0.607744 0.568182 0.381807 0.353358 0.437283 0.485011 1.7889 0.454248 0.388314 0.352456 0.335434 0.772296 0.351753 0.572191 0.481612
threshold=1.0000000180025095e-35 0.35294841394985871 8.8929430905824365 11.500000000000002 -0.67758968959607091 304.50000000000006 18.164872097093063 63.718750677909505 331.50000000000006 11.65507556490194 8.0413689877169379 6.9911626293997502 99.300000000000026 88.323431052878433 121.21800987321011 0.096028486616855854 41.500000000000007 27.889037661340694 -0.90146829171281539 0.10261641511641513 9.9355854023393793 14.570925942695149 -0.99626127116974506 2.694309932088728 25.350000000000005 306.25000000000006 0.99166813670569354 37.667460987063379 99.540449516309096 508.80000000000001
decision_type=2 2 2 2 2 2 2 2 2 2 2 2 2 2 2 2 2 2 2 2 2 2 2 2 2 2 2 2 2 2
left_child=-1 2 3 -2 18 9 -7 -8 -9 10 11 12 13 -6 -14 -16 -12 -15 19 23 -21 -22 -23 -3 -19 26 -11 -27 -29 -30
right_child=1 4 -4 -5 5 6 7 8 -10 25 16 -13 14 17 15 -17 -18 24 -20 20 21 22 -24 -25 -26 27 -28 28 29 -31
leaf_value=-0.0011969891757939877 2.4620007783489417e-05 1.5323823285181675e-06 0.00010293681721864144 -6.2742988467171819e-05 0.0012720154098812145 0.000447118585621451 -0.001298370702194334 0.00045922911404238298 -0.010309562246622996 -0.0012002979317590635 -0.00017733036764150021 -0.0014659836716303908 -4.3684985343096914e-05 -0.0018423476382962612 0.00013644765908711043 0.0011960510246472765 0.0085297003540980871 -0.00027889274759487586 -0.00043552887592540634 -0.0069012909339922143 0.0028059765959895884 -0.00072279132582868811 -0.00012334858143276799 0.0020672270979630604 0.00011539548318301458 3.9298918890884893e-05 0.0012480669490624562 0.012955430127159313 -0.00129980252837298 -0.00056871618481079583
leaf_weight=3345 28 64 27 41 28 20 35 22 22 251 22 71 36 70 27 22 22 56 583 78 22 96 415 23 62 592 22 28 115 782
leaf_count=3345 28 64 27 41 28 20 35 22 22 251 22 71 36 70 27 22 22 56 583 78 22 96 415 23 62 592 22 28 115 782
internal_value=-0.00277999 -0.000763173 0.004375 0.0007971 -0.000900726 -0.000509763 0.00308081 0.000696201 0.00522727 -0.000670899 0.00076923 -2.68829e-05 0.000980065 -0.000833335 0.00558823 0.00928571 0.0075 -0.00207447 -0.00160422 -0.000845273 -0.00131751 -0.000778613 -0.00137965 0.00247126 -0.000338984 -0.00100559 -0.00261905 -0.000715229 -0.00132433 -0.00154404
internal_weight=7027 3682 96 69 3586 2305 99 79 44 2206 416 372 301 216 85 49 44 188 1281 698 611 533 511 87 118 1790 273 1517 925 897
internal_count=7027 3682 96 69 3586 2305 99 79 44 2206 416 372 301 216 85 49 44 188 1281 698 611 533 511 87 118 1790 273 1517 925 897
is_linear=0
shrinkage=0.05


Tree=202
num_leaves=31
num_cat=0
split_feature=18 11 17 6 1 15 4 1 1 1 4 12 4 16 16 16 1 1 7 16 6 4 17 13 2 14 1 3 17 5
split_gain=12.5044 1.18019 0.324326 0.641778 0.388597 0.71889 0.570825 0.548673 0.935136 0.560155 0.543055 0.798246 0.47963 0.479077 1.0091 0.456226 0.986801 0.427245 0.412722 0.411119 0.50934 0.514132 0.3996 0.429237 0.396495 0.800455 0.384922 0.367914 0.647877 0.486771
threshold=1.0000000180025095e-35 -3.8830881846831673 20.726919771616817 1.5000000000000002 212.10000000000002 18.507455861255931 12.050000000000002 99.300000000000026 115.7 136.25000000000003 9.9500000000000011 262.79509629855994 7.5500000000000007 20.723420597630057 21.169088340669816 18.646163228713728 277.40000000000003 56.000000000000007 0.25881904510252091 19.677976501993864 9.5000000000000018 17.350000000000005 26.216152394423652 0.99939540507859748 69.500000000000014 23.523869584928665 318.25000000000006 25.350000000000005 28.463231662002215 20.500000000000004
decision_type=2 2 2 2 2 2 2 2 2 2 2 2 2 2 2 2 2 2 2 2 2 2 2 2 2 2 2 2 2 2
left_child=-1 -2 3 -3 6 -6 7 10 -9 -10 -4 17 -11 19 18 16 -7 -12 -15 20 -8 -22 23 26 -23 -26 -18 -16 -29 -30
right_child=1 2 4 -5 5 15 13 8 9 12 11 -13 -14 14 27 -17 22 -19 -20 -21 21 24 -24 -25 25 -27 -28 28 29 -31
leaf_value=-0.0011371397170042881 4.9382038304186763e-05 0.00042671815631856468 -0.00025394387636299082 -0.0022369236948592075 -0.0014992640670097683 0.011296524730654373 0.00017979122191445442 0.0017059502766330734 -0.0030157807414323903 0.0036050213629426871 4.8260675632582266e-05 0.00018211730700327272 1.3014044148082404e-05 1.4709086667459202e-05 -0.00051054748388660437 -0.00033420106727930702 0.00019037563279033433 -0.0013601327620483411 0.0013928160436965842 -0.00018240502892992046 -0.0013460784717800023 -0.00031885167415598038 0.0094407854482830376 8.9770886323596076e-05 0.0014225076349730535 -0.0017816581820193078 -0.0058632939281458522 -0.00017121137558686394 -0.00033258214588988068 0.00037088470638141206
leaf_weight=3345 33 25 143 225 134 21 28 34 44 32 34 21 55 27 43 2116 23 23 28 150 83 32 28 32 27 32 99 57 24 29
leaf_count=3345 33 25 143 225 134 21 28 34 44 32 34 21 55 27 43 2116 23 23 28 150 83 32 28 32 27 32 99 57 24 29
internal_value=-0.00278711 -0.000776753 -0.000861881 -0.0026 -0.000734041 -0.00106604 0.000126849 0.00160622 0.00378788 0.00187023 -2.26256e-05 0.00333333 0.0041954 -0.000892858 0.00100961 -0.000860286 0.00140394 0.000263157 0.00681818 -0.00201705 -0.000544556 -0.00155173 0.000219779 -0.000779222 0.00104395 0.00347458 -0.00213115 -0.00107843 0.000454544 0.00443396
internal_weight=7027 3682 3649 250 3399 2453 946 386 165 131 221 78 87 560 208 2319 203 57 55 352 202 174 182 154 91 59 122 153 110 53
internal_count=7027 3682 3649 250 3399 2453 946 386 165 131 221 78 87 560 208 2319 203 57 55 352 202 174 182 154 91 59 122 153 110 53
is_linear=0
shrinkage=0.05


Tree=203
num_leaves=31
num_cat=0
split_feature=18 11 15 6 4 17 18 7 2 3 15 6 3 0 0 0 16 1 14 18 13 12 15 14 15 16 15 9 12 16
split_gain=13.0736 1.15647 0.374742 0.528008 0.266877 0.256387 0.352174 0.260743 0.431393 1.32615 0.663744 0.595009 0.707544 0.482576 0.625 0.33534 0.337512 0.611865 0.846749 0.427762 1.0058 0.87665 0.491087 0.560057 0.39503 0.340201 0.305374 0.28506 0.379072 0.273529
threshold=1.0000000180025095e-35 -3.8830881846831673 0.35294841394985871 11.500000000000002 30.150000000000002 17.357580921423718 39.765142305465723 -0.98296291314453399 102.50000000000001 37.350000000000001 7.6875909590065286 18.500000000000004 33.350000000000001 160.50000000000003 148.50000000000003 33.500000000000007 18.646163228713728 31.250000000000004 9.9977148770822666 29.855418934228577 0.52660391948775531 258.69843327617042 13.594880076435699 0.70748362666980424 64.461710619177282 18.841897754074683 26.878073325202632 -0.17128679933203927 144.88819994908604 21.146375464630989
decision_type=2 2 2 2 2 2 2 2 2 2 2 2 2 2 2 2 2 2 2 2 2 2 2 2 2 2 2 2 2 2
left_child=-1 -2 3 -3 5 6 -4 8 10 -10 11 12 -7 14 -11 -9 19 18 -18 22 -21 24 23 -17 26 -19 -22 28 -28 -13
right_child=1 2 4 -5 -6 7 -8 15 9 13 -12 29 -14 -15 -16 16 17 25 -20 20 21 -23 -24 -25 -26 -27 27 -29 -30 -31
leaf_value=-0.0010802827311540738 4.6912936388977765e-05 6.2578696236486239e-05 -0.008691832014083644 -2.5033347420550196e-05 -0.00075947036653980962 0.00011615017691830282 0.0016810913024365708 -0.00034131156533751656 0.00048089108516468607 -0.0033372795195331937 -0.0013144633860327412 -0.0012156180187979024 -0.00014815341134756632 -0.00023187402538337872 8.8672760337155007e-05 -0.0025177805781581848 0.00068134615896117418 -0.0022100433290415319 -7.5603612123267887e-05 0.0025288085689404451 0.00010480260140216067 0.0086780074378384562 -0.011213700910053533 0.001340123954308819 0.00029879851212571897 -0.00020958167984425091 0.0012801850522220597 -0.0019223955153237723 -0.0029194837766163117 1.3626240308600897e-05
leaf_weight=3345 33 38 72 32 96 33 20 140 20 20 72 31 25 26 20 34 25 53 21 20 21 39 91 23 37 2445 40 88 47 20
leaf_count=3345 33 38 72 32 96 33 20 140 20 20 72 31 25 26 20 34 25 53 21 20 21 39 91 23 37 2445 40 88 47 20
internal_value=-0.0027373 -0.000681696 -0.000765964 0.00285714 -0.000836827 -0.000765146 -0.00336957 -0.000694487 0.000805242 0.00372093 -0.000580112 0.00188073 0.00534483 0.000303029 0.00375 -0.000822664 -0.000710457 -0.000931605 0.00478261 0.000568181 0.00167808 0.000882352 -0.00162162 0.00201754 -0.000278971 -0.00103683 -0.00117347 -0.00185714 0.000172413 -0.00205882
internal_weight=7027 3682 3649 70 3579 3483 92 3391 267 86 181 109 58 66 40 3124 2984 2544 46 440 292 272 148 57 233 2498 196 175 87 51
internal_count=7027 3682 3649 70 3579 3483 92 3391 267 86 181 109 58 66 40 3124 2984 2544 46 440 292 272 148 57 233 2498 196 175 87 51
is_linear=0
shrinkage=0.05


Tree=204
num_leaves=31
num_cat=0
split_feature=18 11 7 6 5 18 1 9 9 15 17 11 1 18 10 6 2 4 18 14 0 9 3 3 0 3 4 4 9 4
split_gain=13.5716 0.903826 0.416186 0.540676 0.945466 0.599773 0.424317 0.296443 0.316394 0.261901 0.440781 0.291005 0.239316 0.447267 0.23717 0.235714 0.235179 0.646807 1.03409 1.35417 0.32839 0.415111 0.3646 0.297756 0.230978 0.41806 0.228077 0.377955 0.543311 0.22788
threshold=1.0000000180025095e-35 -4.6469745358440706 -0.98296291314453399 18.500000000000004 21.500000000000004 9.2504185900504137 124.25000000000001 0.63874350706337069 0.87379901192678244 0.35294841394985871 24.920315772007719 2.2790023309772089 59.150000000000013 6.9911626293997502 -0.99626127116974506 11.500000000000002 310.50000000000006 13.350000000000003 67.298710411985823 50.945046058236464 842.50000000000011 0.2595093939220971 39.350000000000001 32.650000000000013 763.50000000000011 38.250000000000007 30.150000000000002 28.350000000000005 0.43664718845046319 10.950000000000001
decision_type=2 2 2 2 2 2 2 2 2 2 2 2 2 2 2 2 2 2 2 2 2 2 2 2 2 2 2 2 2 2
left_child=-1 -2 3 4 7 12 -6 -3 -9 10 -4 -11 -5 -14 -13 -12 26 18 19 -18 21 22 23 -19 25 -21 27 29 -29 -16
right_child=1 2 9 5 6 -7 -8 8 -10 11 15 14 13 -15 16 -17 17 20 -20 24 -22 -23 -24 -25 -26 -27 -28 28 -30 -31
leaf_value=-0.0010262685945963701 0.00010639093279450566 -0.0013492902682031953 1.2302805402183705e-05 -0.0018562607861758729 0.00012437413798408074 0.00010957771966648123 8.5332790613507607e-05 5.5132797806099775e-05 -0.0001783692275567169 -0.00047571105037844287 5.7136316904616843e-05 -0.00030332085436965482 1.9598445704930124e-05 -0.00047004515865398198 -0.00037688891648729114 -3.4578500509360167e-05 0.01361481325399919 0.00066236766165657054 0.0025355519235381488 -0.030466344990981543 0.00044844384439492738 -0.0081216266219515613 0.0070730971179203033 -0.0071234112554311117 -0.017387750271245669 0.00036293556916728047 -0.00099980253823342934 0.0026500551603118325 -0.00011887636314566431 -7.3220408673873327e-05
leaf_weight=3345 20 25 36 48 29 21 38 23 21 64 20 123 25 53 1130 22 24 29 22 20 21 70 24 34 34 26 73 26 20 1561
leaf_count=3345 20 25 36 48 29 21 38 23 21 64 20 123 25 53 1130 22 24 29 22 20 21 70 24 34 34 26 73 26 20 1561
internal_value=-0.00269461 -0.000600218 -0.000658112 0.00118374 0.00345588 -0.000918369 0.00768657 -0.000652175 0.00181818 -0.000812372 0.00205128 -0.000880038 -0.00222222 -0.000512822 -0.000814027 -0.00142857 -0.000728967 0.000592104 0.00333333 0.00125 -0.00134832 -0.00213376 0.000172413 -0.0018254 -0.001875 0.000434781 -0.000871887 -0.000798321 0.00369565 -0.000875141
internal_weight=7027 3682 3662 283 136 147 67 69 44 3379 78 3301 126 78 3237 42 3114 304 126 104 178 157 87 63 80 46 2810 2737 46 2691
internal_count=7027 3682 3662 283 136 147 67 69 44 3379 78 3301 126 78 3237 42 3114 304 126 104 178 157 87 63 80 46 2810 2737 46 2691
is_linear=0
shrinkage=0.05


Tree=205
num_leaves=31
num_cat=0
split_feature=18 11 7 2 3 6 3 14 0 0 15 0 18 16 18 18 18 16 6 9 4 4 6 15 15 0 3 9 4 1
split_gain=14.0789 1.11638 0.509388 0.528982 1.10709 0.599748 0.601939 0.844447 0.406836 0.822358 0.36733 0.493369 0.450835 0.798763 0.456633 0.49773 0.403891 0.386008 0.415374 0.375239 0.375056 0.40034 0.296977 0.564224 0.575038 0.538041 0.608963 0.619053 0.485622 0.677043
threshold=1.0000000180025095e-35 -3.8830881846831673 -0.98296291314453399 102.50000000000001 37.350000000000001 21.500000000000004 33.050000000000004 28.09591547843193 160.50000000000003 148.50000000000003 0.70748362666980424 33.500000000000007 4.3732017446696894 19.195432386273641 9.7366163776564072 12.85657016783575 0.68754958640011699 20.328365878641169 9.5000000000000018 1.0000000180025095e-35 33.550000000000004 30.150000000000002 87.500000000000014 18.507455861255931 13.594880076435699 263.50000000000006 27.650000000000002 -0.56668076515725019 10.950000000000001 269.35000000000008
decision_type=2 2 2 2 2 2 2 2 2 2 2 2 2 2 2 2 2 2 2 2 2 2 2 2 2 2 2 2 2 2
left_child=-1 -2 3 5 -5 6 7 -3 9 -6 16 -12 13 -13 -14 -16 19 -15 -19 -4 21 22 23 24 -17 26 -25 -28 -27 -30
right_child=1 2 10 4 8 -7 -8 -9 -10 -11 11 12 14 17 15 20 -18 18 -20 -21 -22 -23 -24 25 -26 28 27 -29 29 -31
leaf_value=-0.00097495516486655162 8.0959358484435572e-05 0.00083569138687759458 4.2397990935189615e-06 0.00045393889173614492 -0.0031469132856238599 -0.00047340831801200364 -0.0002261137129918519 -2.6969182142659522e-05 -0.00021598086063841817 7.7509058992920825e-05 -0.0011440802063496479 0.0014344659207299456 -0.0028502430229375431 -0.00010227323156665324 0.005754461018845837 0.0002109554049570504 0.00012067848938526433 -5.490328160496481e-05 0.0001372056138493315 -2.1067599389639942e-05 0.0003428016767751201 -0.0019119305637586949 -0.00052772496493363043 -0.00016439080461680679 -0.0028182233709835238 -0.00045524113225678132 0.00018339917364528161 0.0038177601874628628 -0.0027360289384182591 6.3485211539693307e-05
leaf_weight=3345 33 25 23 20 20 94 44 28 27 21 93 22 196 25 34 34 29 37 24 71 31 57 561 66 122 763 39 22 77 1044
leaf_count=3345 33 25 23 20 20 94 44 28 27 21 93 22 196 25 34 34 29 37 24 71 31 57 561 66 122 763 39 22 77 1044
internal_value=-0.00265192 -0.000518741 -0.000601536 0.00145161 0.00465909 -2.61792e-05 0.00273196 0.00632075 0.00161765 0.0047561 -0.000771515 -0.000873115 -0.000767281 0.00240741 -0.000879844 -0.000719299 0.00191057 0.000232557 0.00237705 0.000319148 -0.000791905 -0.000852784 -0.00076613 -0.000500693 -0.00339744 -0.000275983 0.00287401 0.00647541 -0.000488324 0.000173951
internal_weight=7027 3682 3649 279 88 191 97 53 68 41 3370 3247 3154 108 3046 2850 123 86 61 94 2816 2785 2728 2167 156 2011 127 61 1884 1121
internal_count=7027 3682 3649 279 88 191 97 53 68 41 3370 3247 3154 108 3046 2850 123 86 61 94 2816 2785 2728 2167 156 2011 127 61 1884 1121
is_linear=0
shrinkage=0.05


Tree=206
num_leaves=31
num_cat=0
split_feature=18 10 2 2 2 2 11 3 0 1 0 7 0 16 9 1 15 5 6 4 5 9 4 9 16 17 9 18 18 15
split_gain=14.4223 0.941163 1.42045 0.429956 0.454982 0.502428 0.619084 0.419535 0.406349 0.377465 0.429501 0.365888 0.480889 1.2 0.380433 0.327592 0.358261 0.500059 0.478139 0.323611 0.463895 0.829978 1.09831 0.587042 0.578947 0.746071 0.562173 0.663143 0.724435 0.797524
threshold=1.0000000180025095e-35 0.98367285631203072 64.500000000000014 387.50000000000006 329.50000000000006 322.50000000000006 80.139750712311297 10.450000000000001 824.50000000000011 641.50000000000011 588.50000000000011 -0.98296291314453399 148.50000000000003 20.761769757961911 0.99984258031731443 33.350000000000001 7.6875909590065286 27.500000000000004 4.5000000000000009 10.250000000000002 26.500000000000004 0.46735488928835739 23.450000000000003 0.66484924122790601 21.380689891532377 25.826855135385106 0.99373737808068319 21.268962510016646 60.20646328327836 57.236751765938415
decision_type=2 2 2 2 2 2 2 2 2 2 2 2 2 2 2 2 2 2 2 2 2 2 2 2 2 2 2 2 2 2
left_child=-1 3 -3 4 5 7 8 -2 -7 -4 -11 12 15 -14 19 -9 17 18 -17 -13 21 22 24 -23 25 -21 27 -25 29 -29
right_child=1 2 9 -5 -6 6 -8 11 -10 10 -12 14 13 -15 -16 16 -18 -19 -20 20 -22 23 -24 26 -26 -27 -28 28 -30 -31
leaf_value=-0.0009262074066232241 0.00017954593798459988 0.00010150927719192549 -0.0017989957906584038 0.00046241223355513833 -0.0057843360474842337 0.010511603585537439 -0.0042302578857437287 -0.0026281282434478101 0.00031343601110629888 0.015708693574916343 -0.0019134059118355547 -0.00034355828918208745 -2.7816773509304544e-05 7.4231149405291349e-05 0.00050331534611934559 -1.156317493936351e-05 -0.00020349880019544464 -2.7574369697113732e-06 0.0002366480499839516 -4.8252269670381076e-05 -0.0001478966550648339 -0.0015510182678557288 0.010548601693071123 -0.00026446921906215956 -0.0014358671465517019 0.00076565412707218583 -0.0010281357899601621 0.00071795757513968259 -5.0211870084714032e-05 0.00075278969555772645
leaf_weight=3345 29 22 47 22 99 24 32 29 21 20 21 1023 40 20 24 22 89 62 20 47 1306 122 20 65 22 29 57 156 170 22
leaf_count=3345 29 22 47 22 99 24 32 29 21 20 21 1023 40 20 24 22 89 62 20 47 1306 122 20 65 22 29 57 156 170 22
internal_value=-0.00262345 -0.000464423 0.00409091 -0.000604704 -0.000647889 -0.000552015 0.00344156 -0.000643155 0.00722222 0.00125 0.0047561 -0.000695068 0.00102837 0.005 -0.000853739 -4.50462e-05 0.000699481 0.00269231 0.00690476 -0.000903259 -0.000535715 0.000492957 0.00432203 -0.000270271 0.00214286 0.00421053 0.000531914 0.00117433 0.00204023 0.00426966
internal_weight=7027 3682 110 3572 3550 3451 77 3374 45 88 41 3345 282 60 3063 222 193 104 42 3039 2016 710 118 592 98 76 470 413 348 178
internal_count=7027 3682 110 3572 3550 3451 77 3374 45 88 41 3345 282 60 3063 222 193 104 42 3039 2016 710 118 592 98 76 470 413 348 178
is_linear=0
shrinkage=0.05


Tree=207
num_leaves=31
num_cat=0
split_feature=18 18 6 2 3 16 5 6 4 14 9 7 11 3 3 1 4 18 3 0 16 6 3 17 13 14 9 9 5 3
split_gain=13.8241 1.18713 1.05807 0.440388 0.42464 0.453233 0.375684 0.353589 0.915107 1.25019 0.715269 0.47327 0.413674 0.499685 0.424057 0.66436 0.763942 0.971363 0.528202 0.44971 0.374431 0.853247 0.662803 0.652169 1.36048 0.704237 0.543641 0.359002 0.396778 1.43254
threshold=1.0000000180025095e-35 0.34929047467215518 11.500000000000002 387.50000000000006 11.450000000000001 20.897268160323353 6.5000000000000009 81.500000000000014 26.550000000000004 39.551293351105578 0.99906486341235867 -0.5 67.284130123786298 40.850000000000001 34.650000000000013 545.05000000000007 9.0500000000000025 62.603555436416563 39.350000000000001 729.50000000000011 22.143702692543933 9.5000000000000018 36.150000000000013 32.172648404205525 0.59654494978952755 29.573225210049333 0.96230016621822489 -0.99628894895067444 54.500000000000007 33.250000000000007
decision_type=2 2 2 2 2 2 2 2 2 2 2 2 2 2 2 2 2 2 2 2 2 2 2 2 2 2 2 2 2 2
left_child=-1 2 -2 4 5 -3 -6 11 10 -10 -9 20 -13 14 -14 16 -16 19 -19 -18 27 22 23 24 25 -22 -23 -8 -29 -30
right_child=1 3 -4 -5 6 -7 7 8 9 -11 -12 12 13 -15 15 -17 17 18 -20 -21 21 26 -24 -25 -26 -27 -28 28 29 -31
leaf_value=-0.00087989703629206292 6.1570973819743955e-05 0.00031450582022656768 2.8367120376506583e-06 0.00043929162187717797 5.4428735684439639e-05 -0.0013924288238006219 0.0014740377995736606 -0.0005611452039839687 0.0070732277235599234 -0.0013937839960563607 0.00081839755245009067 -0.00050725837292978375 -0.0013739246855418515 -0.0057646487656507961 -0.014116943888140946 0.00034833672248283818 0.00020283851829810707 -0.0063891689949916028 0.0030876416424390311 0.0018300652671635609 8.5214399772071567e-05 0.0071379681234775829 -0.0022052616461668176 -0.0012125261070834723 0.012502396236475559 -0.0030740469780271029 -7.0420787555730584e-05 -5.2551870527010116e-05 -0.00018767378369114989 0.013092057413441174
leaf_weight=3345 31 32 44 22 31 27 23 727 21 23 21 1429 43 86 35 31 21 41 37 20 31 29 43 56 30 40 22 602 63 21
leaf_count=3345 31 32 44 22 31 27 23 727 21 23 21 1429 43 86 35 31 21 41 37 20 31 29 43 56 30 40 22 602 63 21
internal_value=-0.00267326 -0.00055948 0.00566667 -0.000688939 -0.000732219 0.00347458 -0.00080261 -0.000851217 -0.0017803 0.00522727 -0.00219251 -0.000578988 -0.00107 0.000573247 0.00179824 0.00283784 0.00149351 0.00340336 0.000128204 0.00963415 0.000312499 0.00197211 0.000499999 0.00200637 0.00440594 0.000633802 0.0077451 -0.000275036 -0.000481051 0.00273809
internal_weight=7027 3682 75 3607 3585 59 3526 3495 792 44 748 2703 1743 314 228 185 154 119 78 41 960 251 200 157 101 71 51 709 686 84
internal_count=7027 3682 75 3607 3585 59 3526 3495 792 44 748 2703 1743 314 228 185 154 119 78 41 960 251 200 157 101 71 51 709 686 84
is_linear=0
shrinkage=0.05


Tree=208
num_leaves=31
num_cat=0
split_feature=18 15 17 17 13 3 0 0 6 5 5 2 7 18 3 11 17 5 1 18 17 0 5 16 4 10 9 12 4 14
split_gain=13.488 1.28158 0.887406 0.875831 0.731737 0.689972 0.483075 0.608794 1.34033 0.560435 0.498224 0.478527 0.436891 0.631229 0.89373 0.49465 0.433459 0.415361 0.369326 0.396366 0.393702 0.628466 0.693984 0.480936 0.936643 0.38004 0.399308 0.376999 0.460743 0.88427
threshold=1.0000000180025095e-35 0.70748362666980424 27.966614433232717 24.920315772007719 0.016418838862559248 11.450000000000001 33.500000000000007 57.500000000000007 99.500000000000014 28.500000000000004 6.5000000000000009 387.50000000000006 -0.98296291314453399 8.3957515510129301 37.350000000000001 9.0148382226535997 29.779376227293699 26.500000000000004 454.05000000000007 37.199530931578501 29.61494138340473 832.00000000000011 18.500000000000004 22.11690328869695 13.750000000000002 -0.82389248692129191 -0.50865210223081403 260.86620183207839 11.950000000000001 33.702165167264049
decision_type=2 2 2 2 2 2 2 2 2 2 2 2 2 2 2 2 2 2 2 2 2 2 2 2 2 2 2 2 2 2
left_child=-1 2 3 4 -2 16 -7 8 9 -8 -9 12 13 15 -15 -12 -3 -16 25 -20 21 23 -23 27 -25 26 -14 28 -21 -30
right_child=1 5 -4 -5 -6 6 7 10 -10 -11 11 -13 18 14 17 -17 -18 -19 19 20 -22 22 -24 24 -26 -27 -28 -29 29 -31
leaf_value=-0.0008359021844774597 4.0838894821801221e-05 0.00027029664529638892 8.9430135543474085e-05 -4.1809014513873521e-05 1.0388141288024605e-06 -0.00033515673249020155 6.7954237040319075e-05 0.00021129829153087359 0.00062133423237212379 -5.3026329150953181e-05 3.0431046086898689e-05 0.00041732704078347279 0.00046637660444145317 0.00029093370363700012 -0.00098187207238953247 -0.00033054512353723189 -0.0022665872962431368 7.9299383835007589e-05 0.015021876243644173 -0.0005385397108419929 -0.00063552733385959046 8.6377883389458565e-05 0.0031328169541872414 0.014768815497797627 -0.019531891602700899 -0.00054151594962526689 -0.00038271178952251967 -0.0093807289152360029 0.016946971290594318 2.1723216141754881e-06
leaf_weight=3345 26 34 39 60 27 132 38 28 21 91 78 22 38 22 35 49 23 27 23 371 548 58 25 20 21 887 513 50 23 353
leaf_count=3345 26 34 39 60 27 132 38 28 21 91 78 22 38 22 35 49 23 27 23 371 548 58 25 20 21 887 513 50 23 353
internal_value=-0.00270172 -0.000613798 0.00388158 0.00163717 0.00632075 -0.000807367 -0.00089692 -0.000779708 0.00233333 0.000426355 -0.000926043 -0.000984826 -0.0010363 0.00116114 0.00452381 -0.00106299 0.00464912 0.00145161 -0.00119454 -0.000643433 -0.000745406 -0.000114008 0.00403614 -0.000525061 0.0047561 -0.00176634 -0.000735028 -0.000796739 -0.000515396 0.000718084
internal_weight=7027 3682 152 113 53 3530 3473 3341 150 129 3191 3163 3141 211 84 127 57 62 2930 1492 1469 921 83 838 41 1438 551 797 747 376
internal_count=7027 3682 152 113 53 3530 3473 3341 150 129 3191 3163 3141 211 84 127 57 62 2930 1492 1469 921 83 838 41 1438 551 797 747 376
is_linear=0
shrinkage=0.05


Tree=209
num_leaves=31
num_cat=0
split_feature=18 15 14 3 17 5 16 1 17 13 4 16 0 9 10 4 10 3 1 7 18 13 2 0 0 12 11 13 6 5
split_gain=13.488 1.29167 1.13627 0.692693 0.433459 0.390346 0.373882 1.09714 0.717288 0.407732 0.340934 0.325844 0.690004 0.397587 0.3794 0.433333 0.711739 0.958405 0.463646 0.318731 0.559265 1.18519 0.492308 0.3732 0.475395 0.481347 0.327916 1.04612 0.640212 0.452705
threshold=1.0000000180025095e-35 0.85959961181910327 10.628146254213755 11.450000000000001 29.779376227293699 6.5000000000000009 20.931331364933232 11.850000000000003 24.920315772007719 0.015364257049990013 10.550000000000002 21.313206764098577 848.50000000000011 0.94130860066615818 0.4749334794596104 12.950000000000001 0.23448270380211197 37.250000000000007 703.4000000000002 -0.98296291314453399 8.7523200402321208 0.19632589955022492 46.500000000000007 37.500000000000007 42.500000000000007 280.24522673836947 26.350400448070072 0.30152419456589125 85.500000000000014 22.500000000000004
decision_type=2 2 2 2 2 2 2 2 2 2 2 2 2 2 2 2 2 2 2 2 2 2 2 2 2 2 2 2 2 2
left_child=-1 2 6 4 -3 -5 8 -8 9 -2 -7 12 13 19 15 16 17 -13 -17 20 22 -22 -12 -21 -25 26 -26 28 -28 -29
right_child=1 3 -4 5 -6 10 7 -9 -10 -11 11 14 -14 -15 -16 18 -18 -19 -20 23 21 -23 -24 24 25 -27 27 29 -30 -31
leaf_value=-0.00079410707525358673 2.7845073410162957e-05 0.00025678181303155954 8.7762292789602748e-05 4.1142384323731199e-05 -0.0021532579314309367 -0.00028918492154586718 0.00012457001548947484 -3.8595499954751968e-05 -5.3327678500590279e-05 -0.00034759149267108293 1.5883947873264593e-05 -0.00048534322476876296 0.0027329253556053366 -0.0010324615118437485 -0.00064018310868549496 -0.00052154242984231382 0.017030295617947364 0.0067480451821051836 0.022902973319553752 -0.00084603265474279203 0.00020626185658422278 -4.0103938062579083e-05 -0.00034982032590861854 0.00025861318298632356 -0.001152165173922577 -0.00045838855274679951 0.0029287621410848379 0.00012578492735399791 0.00023301770144797693 -0.00018698604624257296
leaf_weight=3345 21 34 24 31 23 1204 25 35 40 22 20 90 22 79 132 457 30 27 33 41 27 27 32 26 196 52 21 131 27 753
leaf_count=3345 21 34 24 31 23 1204 25 35 40 22 20 90 22 79 132 457 30 27 33 41 27 27 32 26 196 52 21 131 27 753
internal_value=-0.00270172 -0.000613798 0.00368263 -0.000817924 0.00464912 -0.000908041 0.00199301 0.005 -0.000180724 0.00430232 -0.000958566 -0.000591544 -0.000151308 -0.000286314 -0.00142393 -0.000918369 0.00146258 -0.000299146 -0.00163265 -8.49975e-05 0.00254717 0.00611111 -0.00115385 -0.000308742 -0.000149255 -0.000296611 -7.97884e-05 0.000311158 0.0075 -7.91867e-05
internal_weight=7027 3682 167 3515 57 3458 143 60 83 43 3427 2223 1454 1432 769 637 147 117 490 1353 106 54 52 1247 1206 1180 1128 932 48 884
internal_count=7027 3682 167 3515 57 3458 143 60 83 43 3427 2223 1454 1432 769 637 147 117 490 1353 106 54 52 1247 1206 1180 1128 932 48 884
is_linear=0
shrinkage=0.05


Tree=210
num_leaves=31
num_cat=0
split_feature=18 11 13 2 5 2 1 10 16 3 17 5 12 5 6 2 12 14 5 11 6 5 6 16 4 9 1 18 10 1
split_gain=13.7397 1.12966 0.530185 1.10342 0.489674 0.470922 0.469751 0.466642 0.980537 0.530458 0.442478 0.390553 0.380735 0.761247 0.439547 0.343848 0.343128 0.468432 0.617679 0.289307 0.507889 0.766667 0.638131 0.410449 0.620025 0.4 0.316441 0.333113 0.313416 0.258501
threshold=1.0000000180025095e-35 -3.8830881846831673 0.072857000049982509 43.500000000000007 6.5000000000000009 387.50000000000006 99.300000000000026 -0.83352489619613901 20.917875680437216 30.950000000000003 27.889037661340694 24.500000000000004 283.18689051146339 26.500000000000004 47.500000000000007 329.50000000000006 119.75765688221237 16.078377768929784 63.500000000000007 67.738542753456969 15.500000000000002 45.500000000000007 45.500000000000007 20.659977793529368 10.65 0.37371625404731906 56.000000000000007 6.5200250492240439 -0.9668120007078248 47.350000000000009
decision_type=2 2 2 2 2 2 2 2 2 2 2 2 2 2 2 2 2 2 2 2 2 2 2 2 2 2 2 2 2 2
left_child=-1 -2 3 6 -4 12 7 8 9 -3 -9 -12 15 -14 -15 16 29 18 -18 26 23 22 -22 24 -21 -24 -19 -28 -26 -6
right_child=1 2 4 -5 5 -7 -8 10 -10 -11 11 -13 13 14 -16 -17 17 19 -20 20 21 -23 25 -25 28 -27 27 -29 -30 -31
leaf_value=-0.00075440172149090741 6.7504425267617544e-05 2.0888233301618009e-05 0.00019867625773819608 0.0042361958911313283 0.00027293227200899972 0.00041091993482160298 0.00032332996105331356 -0.00035022689443996153 0.00014642012169845573 -2.458731773822649e-05 6.5077088388885634e-05 -2.8929934087830014e-06 -0.00045475928972192408 6.2436235638034906e-05 9.4772014478101464e-05 -0.0054689400582945136 0.00093491519586885209 -0.013812065029357301 -0.00077175452474183422 -0.016472521679574421 0.0023555404818737511 -0.0029713200164901712 -0.00047460917004861643 -0.0010927008317508917 0.0060359751935381116 0.0043522690103221214 7.8260267662559163e-05 -0.00024359739816139472 -0.00082637465354440235 -0.001444629368264662
leaf_weight=3345 33 33 28 20 43 22 37 113 20 69 21 92 40 20 21 98 34 48 46 25 29 46 20 63 21 20 33 1729 25 833
leaf_count=3345 33 33 28 20 43 22 37 113 20 69 21 92 40 20 21 98 34 48 46 25 29 46 20 63 21 20 33 1729 25 833
internal_value=-0.00268038 -0.000573059 -0.000656345 0.00104938 -0.000869298 -0.000926618 0.000454544 -0.000114944 0.00237705 0.000392156 -0.00146018 0.000752211 -0.000976833 0.00240741 0.00719512 -0.00106489 -0.00097015 -0.0006288 0.003125 -0.000774649 0.000823292 0.00326087 0.0065942 -0.00126866 0.00133803 0.0025 -0.000994476 -0.000885359 0.00478261 -0.00180365
internal_weight=7027 3682 3649 405 3244 3216 385 348 122 102 226 113 3194 81 41 3113 3015 2139 80 2059 249 115 69 134 71 40 1810 1762 46 876
internal_count=7027 3682 3649 405 3244 3216 385 348 122 102 226 113 3194 81 41 3113 3015 2139 80 2059 249 115 69 134 71 40 1810 1762 46 876
is_linear=0
shrinkage=0.05


Tree=211
num_leaves=31
num_cat=0
split_feature=18 15 14 7 6 18 5 2 3 16 12 4 12 9 5 5 9 17 14 11 11 4 4 15 14 1 17 10 5 14
split_gain=13.8241 0.960035 0.798913 0.590065 0.589825 0.806667 0.539657 0.538039 0.519092 0.527095 0.500446 0.446922 0.446413 0.434166 0.335584 0.254545 0.237705 0.304327 0.384217 0.542926 0.874744 0.376236 0.660603 0.935753 0.452487 0.62977 0.352496 0.345506 0.419116 0.617521
threshold=1.0000000180025095e-35 0.35294841394985871 8.8929430905824365 -0.98296291314453399 15.500000000000002 8.9875434930812759 21.500000000000004 364.50000000000006 11.450000000000001 20.897268160323353 96.763477727683451 9.7500000000000018 206.47875505553245 0.59817537509284302 6.5000000000000009 28.500000000000004 0.99984258031731443 30.238850774808856 77.288533011609204 52.524959359053447 55.443525145278741 11.950000000000001 12.350000000000003 46.819344971606732 73.85281763651237 641.50000000000011 30.067846226283365 -0.10737736916418625 62.500000000000007 26.78785378154301
decision_type=2 2 2 2 2 2 2 2 2 2 2 2 2 2 2 2 2 2 2 2 2 2 2 2 2 2 2 2 2 2
left_child=-1 2 10 4 6 11 13 8 9 -5 -2 -6 -9 -3 -10 -8 17 21 -19 -20 -21 26 23 -23 25 27 -16 -24 29 -29
right_child=1 3 -4 7 5 -7 15 12 14 -11 -12 -13 -14 -15 16 -17 -18 18 19 20 -22 22 24 -25 -26 -27 -28 28 -30 -31
leaf_value=-0.00071668163541636204 3.1733154711087646e-05 -0.002293747009915421 6.7523479985454794e-05 0.00027205436781734611 8.4618251052268633e-06 0.00010906889131136867 0.00091473031177329456 0.00034460525530196902 0.00029184059461861755 -0.0011962990568977142 -0.00014390947577858125 -0.00054072601160393521 -0.0076229775591319521 4.5641617383409484e-05 -0.00043014183234947351 1.1680701446696273e-05 0.00071229709772851568 -0.00053623173659034663 -0.001845950726994708 0.045237617046509269 -0.00062844911549337463 -0.0020900426166401195 -0.0001201303337081545 0.0042992286371070594 -0.015331407826511465 0.030217678992574711 0.00072233029157155572 0.0020619968677636851 -0.00083047972104077425 2.11611530956089e-05
leaf_weight=3345 39 22 27 30 34 30 21 25 26 27 30 86 23 47 1033 45 22 474 74 20 27 30 1160 32 56 36 28 39 22 117
leaf_count=3345 39 22 27 30 34 30 21 25 26 27 30 86 23 47 1033 45 22 474 74 20 27 30 1160 32 56 36 28 39 22 117
internal_value=-0.00267326 -0.00055948 0.004375 -0.00069158 0.00149123 -0.000666668 0.00388889 -0.000880038 -0.000957579 0.00377193 0.00152174 -0.0025 0.004375 0.0007971 -0.00104193 0.00712121 -0.00108833 -0.00112452 -0.00214286 0.0003719 0.00457447 -0.000887193 -0.000375336 0.00467742 -0.000594407 -0.000414848 -0.00160698 -0.000590435 0.00146067 0.00237179
internal_weight=7027 3682 96 3586 285 150 135 3301 3253 57 69 120 48 69 3196 66 3170 3148 595 121 47 2553 1492 62 1430 1374 1061 1338 178 156
internal_count=7027 3682 96 3586 285 150 135 3301 3253 57 69 120 48 69 3196 66 3170 3148 595 121 47 2553 1492 62 1430 1374 1061 1338 178 156
is_linear=0
shrinkage=0.05


Tree=212
num_leaves=31
num_cat=0
split_feature=18 15 14 3 2 7 1 17 17 3 6 12 2 4 4 4 0 13 14 17 4 0 16 6 17 4 11 4 18 5
split_gain=13.9088 1.08026 1.20486 0.633073 0.523037 0.482142 0.465727 0.512531 1.08518 0.821714 0.515723 0.446413 0.396104 0.378043 0.466643 0.435772 0.374128 0.577427 0.350235 0.775758 0.267798 0.534282 1.59195 0.872402 0.603328 0.475469 0.679949 0.419764 0.616728 0.580353
threshold=1.0000000180025095e-35 0.85959961181910327 10.628146254213755 10.450000000000001 364.50000000000006 -0.98296291314453399 33.350000000000001 26.586176958267554 25.932404427046809 39.050000000000004 54.500000000000007 206.47875505553245 69.500000000000014 16.850000000000005 11.850000000000003 20.450000000000003 33.500000000000007 0.045915237553279691 22.729902822264915 31.669255773338811 11.750000000000002 775.50000000000011 19.273926743371891 3.5000000000000004 30.251845657199656 23.850000000000005 63.718750677909505 19.750000000000004 4.3732017446696894 21.500000000000004
decision_type=2 2 2 2 2 2 2 2 2 2 2 2 2 2 2 2 2 2 2 2 2 2 2 2 2 2 2 2 2 2
left_child=-1 2 13 -3 5 6 -5 8 9 10 -8 -6 18 14 -2 -15 -7 -18 -9 -20 -19 24 -23 25 27 26 -24 28 -22 -30
right_child=1 3 -4 4 11 16 7 12 -10 -11 -12 -13 -14 15 -16 -17 17 20 19 -21 21 22 23 -25 -26 -27 -28 -29 29 -31
leaf_value=-0.00068084755364554396 4.8566174159648612e-05 0.00026776500311205016 7.6622782887469452e-05 -0.002372241996525591 0.0003273749925367447 -0.0013455011882797777 4.8169078085502608e-05 -3.3809599710757651e-05 9.2640390751550563e-05 -0.00021467400214423657 4.7761797209289243e-05 -0.0072418286811754473 -0.00025758010891329986 4.8194391756569614e-05 -0.00021968854472570725 -4.6644042630812777e-07 0.00010752608404675418 -0.00040845632209272708 0.0012120517479203997 -4.8031931236280398e-05 0.0004339197038363404 0.00047391100074741952 0.049809581827013213 -0.0020861722658614898 -0.00068422297420362398 -0.0001322508588853466 8.385118940136779e-06 -0.00043843909691429782 0.00023915759782368068 -0.00026497787812869536
leaf_weight=3345 49 44 24 28 25 82 20 49 20 36 23 23 58 23 45 26 20 1271 20 24 34 24 26 106 268 61 37 458 150 608
leaf_count=3345 49 44 24 28 25 82 20 49 20 36 23 23 58 23 45 26 20 1271 20 24 34 24 26 106 268 61 37 458 150 608
internal_value=-0.00266615 -0.0005459 0.00338323 -0.000732576 -0.000808126 -0.000880808 0.00111511 0.0018 0.00459596 0.00196202 0.00662791 0.004375 -3.31138e-05 0.00164336 -0.000212767 0.00520408 -0.00105723 -0.000968006 0.00198925 0.00522727 -0.00102366 -0.000626412 0.00149606 0.00021739 -0.000981556 0.00306451 0.00611111 -0.000520001 0.000176766 -0.000118735
internal_weight=7027 3682 167 3515 3471 3423 278 250 99 79 43 48 151 143 94 49 3145 3063 93 44 3043 1772 254 230 1518 124 63 1250 792 758
internal_count=7027 3682 167 3515 3471 3423 278 250 99 79 43 48 151 143 94 49 3145 3063 93 44 3043 1772 254 230 1518 124 63 1250 792 758
is_linear=0
shrinkage=0.05


Tree=213
num_leaves=31
num_cat=0
split_feature=18 15 3 14 16 1 17 2 17 5 0 13 7 18 13 3 11 13 18 9 17 9 3 1 1 17 9 4 5 12
split_gain=13.488 0.671938 0.678349 0.564886 0.568001 0.683426 0.489342 0.460879 0.433459 0.388743 0.266163 0.563043 0.272085 0.536957 0.683462 0.765524 0.45069 0.361632 1.00762 0.233566 0.313873 0.36844 0.306818 0.38968 0.634051 0.289335 0.632946 0.334694 0.263585 0.247564
threshold=1.0000000180025095e-35 0.85959961181910327 11.450000000000001 10.628146254213755 20.931331364933232 12.550000000000002 24.674807525114343 387.50000000000006 29.779376227293699 6.5000000000000009 33.500000000000007 0.045915237553279691 -0.98296291314453399 8.3957515510129301 0.20048609849843999 39.150000000000013 9.0148382226535997 0.092337212024575607 6.8248233501713296 0.99984258031731443 30.238850774808856 0.95992380042979863 35.550000000000004 467.85000000000008 600.55000000000007 30.033956504167538 0.30901413279605805 3.6500000000000008 51.500000000000007 122.75675273136339
decision_type=2 2 2 2 2 2 2 2 2 2 2 2 2 2 2 2 2 2 2 2 2 2 2 2 2 2 2 2 2 2
left_child=-1 3 8 4 6 -6 -2 9 -3 -4 -11 -12 13 16 15 -15 17 -13 -19 20 25 -22 23 -23 -25 27 -27 28 -14 -29
right_child=1 2 7 -5 5 -7 -8 -9 -10 10 11 12 19 14 -16 -17 -18 18 -20 -21 21 22 -24 24 -26 26 -28 29 -30 -31
leaf_value=-0.00064680517596326672 2.6857408051889987e-05 0.00021943253495141447 3.9748374460335013e-05 7.2791643743097065e-05 0.00011086676324099583 -7.4319897280076877e-05 -4.5117537274740602e-05 0.0007291757685310489 -0.0019715314795107001 -0.00024978226194205354 0.0001021497798444117 -0.00014430337717665081 -0.00459403556756997 0.00032025922861037123 -0.0032138866591263811 4.5064210910376302e-05 -0.00023816913172165015 0.0010501024513909502 -0.0009107207815845672 0.00069710505894666087 -0.00072050880690614002 -0.0012101328448839749 -0.0068888064613027919 0.00087372487503722864 0.00012832369596640594 0.0015638258223531543 -0.0053913638919032853 -0.0006407822236941524 5.5752344537336701e-05 -4.2340452597979525e-05
leaf_weight=3345 39 34 31 24 29 31 44 22 23 117 20 43 83 28 25 31 49 25 35 22 425 31 40 23 56 26 33 799 26 1468
leaf_count=3345 39 34 31 24 29 31 44 22 23 117 20 43 83 28 25 31 49 25 35 22 425 31 40 23 56 26 33 799 26 1468
internal_value=-0.00270172 -0.000613798 -0.000761025 0.00248503 0.00129371 0.005 -0.00138554 -0.000850204 0.00464912 -0.000896392 -0.000947138 -0.000863748 -0.000914934 0.000720338 0.00392857 0.00686441 -0.00105263 0.000825242 0.00333333 -0.00104222 -0.00107974 -0.00213044 -1.19209e-09 0.00136364 0.00322785 -0.000831623 0.00262712 -0.00091751 -0.00362385 -0.000787385
internal_weight=7027 3682 3515 167 143 60 83 3458 57 3436 3405 3288 3268 236 84 59 152 103 60 3032 3010 575 150 110 79 2435 59 2376 109 2267
internal_count=7027 3682 3515 167 143 60 83 3458 57 3436 3405 3288 3268 236 84 59 152 103 60 3032 3010 575 150 110 79 2435 59 2376 109 2267
is_linear=0
shrinkage=0.05


Tree=214
num_leaves=31
num_cat=0
split_feature=18 11 3 17 2 10 9 18 0 9 3 11 5 18 17 4 10 10 13 14 17 3 4 2 1 15 12 16 14 15
split_gain=13.6555 0.526007 0.511251 0.452233 0.442818 0.376126 0.74847 0.530881 0.615927 0.448579 0.503923 0.578239 0.640398 0.713799 0.46865 0.358954 0.574616 0.802447 0.434724 0.382275 0.317885 0.623859 1.25725 0.4447 0.453112 0.640951 0.633626 0.314945 0.868665 0.307266
threshold=1.0000000180025095e-35 -4.6469745358440706 11.450000000000001 29.779376227293699 387.50000000000006 -0.82389248692129191 -0.53798524335129183 19.931585178527687 235.50000000000003 -0.47871610739127701 30.350000000000005 16.706321837184824 66.500000000000014 9.4414467071583399 26.478115463962919 8.9500000000000011 -0.92910699518418138 -0.97502841500522164 0.76960684916075262 60.421538932929742 25.396807650766007 43.250000000000007 17.050000000000004 343.00000000000006 300.00000000000006 35.745019733436891 124.74909930445283 18.646163228713728 39.551293351105578 57.686408818533977
decision_type=2 2 2 2 2 2 2 2 2 2 2 2 2 2 2 2 2 2 2 2 2 2 2 2 2 2 2 2 2 2
left_child=-1 -2 3 -3 5 6 -4 8 9 -8 -11 12 13 14 -12 -9 17 29 -19 -20 23 27 -23 24 -7 26 -26 28 -22 -17
right_child=1 2 4 -5 -6 20 7 15 -10 10 11 -13 -14 -15 -16 16 -18 18 19 -21 21 22 -24 -25 25 -27 -28 -29 -30 -31
leaf_value=-0.00061446491716510331 6.5787667669139389e-05 0.00019240851409300111 0.00048240099302275546 -0.0014380044623000993 0.00069271698010439902 -0.0020386309397885292 0.00111879764070571 -0.0032440788472941416 0.0036396944518892701 0.00014524964173851112 -0.00025063555426250907 -0.0069712307126270556 6.6181221421290803e-05 0.00011136340731157725 9.704229085218302e-05 -0.0031009279239246311 -0.0029748143750568767 2.6966520915019032e-05 0.0092186169011442675 0.0002980689071519515 0.010937878521653887 -0.000147981992067114 0.0001278412666449741 0.0003155382053399412 -0.0065038473606003986 -0.00050408884949573512 0.00061736428942996797 -0.00015561183386127416 -0.0066429084425537691 0.00034927069994556494
leaf_weight=3345 20 36 26 26 22 249 24 91 20 37 95 70 21 36 20 137 205 59 36 27 23 54 21 20 23 115 35 2040 36 58
leaf_count=3345 20 36 26 26 22 249 24 91 20 37 95 70 21 36 20 137 205 59 36 27 23 54 21 20 23 115 35 2040 36 58
internal_value=-0.00268749 -0.000586639 -0.000630804 0.00387097 -0.000708335 -0.000751818 9.35539e-05 -0.00013889 0.00150155 0.000940593 0.000376343 -0.000454547 0.00110465 -3.31138e-05 -0.00195652 -0.00100326 -0.000498085 0.000835961 0.00401639 0.00690476 -0.00106269 -0.000814169 0.00366667 -0.00228507 -0.00263033 -0.000664741 0.00362069 -0.000974275 0.00262712 -0.00115385
internal_weight=7027 3682 3662 62 3600 3578 962 936 323 303 279 242 172 151 115 613 522 317 122 63 2616 2174 75 442 422 173 58 2099 59 195
internal_count=7027 3682 3662 62 3600 3578 962 936 323 303 279 242 172 151 115 613 522 317 122 63 2616 2174 75 442 422 173 58 2099 59 195
is_linear=0
shrinkage=0.05


Tree=215
num_leaves=31
num_cat=0
split_feature=18 11 3 3 2 15 5 12 5 10 15 2 10 15 14 5 9 12 12 6 12 4 3 4 3 15 0 3 16 18
split_gain=14.4223 0.888762 0.81991 0.446068 0.431765 0.432676 0.845574 0.464857 0.374189 0.282944 0.522411 1.18556 0.789268 0.372557 1.29622 0.436293 0.414156 0.345557 0.326435 0.265152 0.261875 0.279431 0.2662 0.701754 0.25831 0.254163 0.545014 0.546114 0.775092 0.361609
threshold=1.0000000180025095e-35 -3.0540662031282801 30.950000000000003 10.450000000000001 387.50000000000006 0.35294841394985871 58.500000000000007 293.94342572522436 6.5000000000000009 -0.90146829171281539 14.570925942695149 117.50000000000001 -0.94695267581281539 59.122303243579587 53.489269247574462 23.500000000000004 0.2093127076542077 82.944258646524574 287.23965081703597 10.500000000000002 84.907049460873296 24.450000000000003 29.950000000000003 28.350000000000005 8.6500000000000004 74.146017005802889 793.50000000000011 37.45000000000001 21.250386575062198 68.412689000051472
decision_type=2 2 2 2 2 2 2 2 2 2 2 2 2 2 2 2 2 2 2 2 2 2 2 2 2 2 2 2 2 2
left_child=-1 2 -2 24 5 6 -5 8 -7 10 11 12 -10 15 -15 19 -16 -11 20 -12 -19 25 23 -23 -3 26 -22 28 -28 -29
right_child=1 3 -4 4 -6 7 -8 -9 9 17 13 -13 -14 14 16 -17 -18 18 -20 -21 21 22 -24 -25 -26 -27 27 29 -30 -31
leaf_value=-0.00058374167130684814 6.4741213097922279e-05 -0.0007904150336292496 -5.6088035866592874e-05 9.4699901382506568e-05 0.0006580811310992078 0.00017664239435117484 -7.7007022622621166e-06 2.2677889814269799e-05 -0.00073344535813448918 -0.0014361393829132726 0.0048253830471589312 0.00050481937418130356 0.00022962324600407571 0.0088412333055649505 -0.00082958671338553543 -0.00085220937010944064 0.00044177766255233892 0.00025977513611030023 -0.00039855769386016151 -0.00033435749961888557 -0.00011328716194509351 -0.0047323683856312542 -0.0014871627920023385 0.0086005219426764316 0.00048920416794908804 -0.0015085853314678118 0.0039774132554979561 -0.0097653762419128431 7.0329714180699711e-05 0.00015166458229441619
leaf_weight=3345 26 26 23 32 22 31 26 35 89 98 20 35 34 23 71 341 34 28 49 22 1982 30 157 27 23 256 30 40 35 37
leaf_count=3345 26 26 23 32 22 31 26 35 89 98 20 35 34 23 71 341 34 28 49 22 1982 30 157 27 23 256 30 40 35 37
internal_value=-0.00262345 -0.000464423 0.00622449 -0.000554639 -0.000619421 -0.00066255 0.00362069 -0.000733449 -0.000791296 -0.000840606 8.22111e-05 0.00259494 0.000284552 -0.000694717 0.00164062 -0.0014752 -0.000714287 -0.00106356 -0.000956572 0.00333333 -0.000881008 -0.000932923 -0.00266355 0.000263157 0.00418367 -0.000777312 -0.00059793 0.00239437 0.00576923 -0.000454547
internal_weight=7027 3682 49 3633 3584 3562 58 3504 3469 3438 669 158 123 511 128 383 105 2769 2671 42 2622 2594 214 57 49 2380 2124 142 65 77
internal_count=7027 3682 49 3633 3584 3562 58 3504 3469 3438 669 158 123 511 128 383 105 2769 2671 42 2622 2594 214 57 49 2380 2124 142 65 77
is_linear=0
shrinkage=0.05


Tree=216
num_leaves=31
num_cat=0
split_feature=2 15 14 3 16 2 16 1 17 13 5 12 0 12 5 18 0 17 16 9 18 18 15 15 3 10 12 10 16 9
split_gain=13.7711 1.01148 0.59176 0.473225 0.527095 0.457192 0.416964 0.62069 0.414101 0.438938 0.384694 0.285071 0.240079 0.41907 0.61238 1.53061 0.438998 0.590175 0.426667 0.433366 0.331044 0.257433 0.43542 0.500984 0.347282 0.291938 0.308875 0.294984 0.277957 0.266834
threshold=6.5000000000000009 0.85959961181910327 10.628146254213755 11.450000000000001 20.897268160323353 387.50000000000006 20.931331364933232 12.550000000000002 25.268654498422432 0.016418838862559248 6.5000000000000009 293.94342572522436 33.500000000000007 284.91521471611526 26.500000000000004 9.2504185900504137 57.500000000000007 26.586176958267554 21.130859891507416 -0.96460524310950169 5.4574946968981326 6.5200250492240439 8.5214468966070402 9.1412000679288461 28.350000000000005 -0.99981480381338828 79.367970074977151 -0.99626127116974506 12.360258746335655 0.99984258031731443
decision_type=2 2 2 2 2 2 2 2 2 2 2 2 2 2 2 2 2 2 2 2 2 2 2 2 2 2 2 2 2 2
left_child=-1 2 6 4 -3 10 8 -8 9 -2 -5 12 -12 16 -15 -16 17 -14 -19 -20 -18 24 -23 -24 -22 -25 -27 -28 -29 -30
right_child=1 3 -4 5 -6 -7 7 -9 -10 -11 11 -13 13 14 15 -17 20 18 19 -21 21 22 23 25 -26 26 27 28 29 -31
leaf_value=-0.00055455458774150582 5.073400901630139e-05 0.00020640919019173439 9.0115800328180031e-05 0.00016781027463363588 -0.0010802831868910406 0.00062517707454426007 9.6353549126698679e-05 -4.4311276645616967e-05 -7.2879050107071952e-05 -0.00033548959221809424 -0.000295700125283069 2.1543995323546259e-05 0.0040693576534446109 -0.00021128693509911414 -0.0018388352489154347 0.00013043956961562877 -0.004987398076787615 -0.00066124827907691178 0.00037349325257320299 -5.6592681547229043e-05 -0.00013624580196678953 -0.0012551482786554193 0.00016858431372388728 0.00015950536061245325 0.002338186660729645 0.00053033241478190501 -0.0030922279360155055 0.00025308604364491301 -0.00025364238252227795 0.00073980370918690086
leaf_weight=3349 31 30 22 31 27 22 29 29 29 23 113 35 20 37 28 21 53 25 23 27 21 133 35 20 33 27 71 36 2626 21
leaf_count=3349 31 30 22 31 27 22 29 29 29 23 113 35 20 37 28 21 53 25 23 27 21 133 35 20 33 27 71 36 2626 21
internal_value=-0.00268038 -0.000568245 0.00328221 -0.000746801 0.00377193 -0.000821285 0.0020922 0.00534483 -0.000180724 0.00240741 -0.000867289 -0.000917769 -0.000964393 -0.000885786 0.00255814 0.00622449 -0.000979188 0.00236842 0.000333332 0.003 -0.00108258 -0.00101389 -0.00107612 -0.000944994 0.00240741 -0.00101928 -0.00106257 -0.00111474 -0.00103056 -0.00108991
internal_weight=7027 3678 163 3515 57 3458 141 58 83 54 3436 3405 3370 3257 86 49 3171 95 75 50 3076 3023 2969 2836 54 2801 2781 2754 2683 2647
internal_count=7027 3678 163 3515 57 3458 141 58 83 54 3436 3405 3370 3257 86 49 3171 95 75 50 3076 3023 2969 2836 54 2801 2781 2754 2683 2647
is_linear=0
shrinkage=0.05


Tree=217
num_leaves=31
num_cat=0
split_feature=18 15 3 16 2 12 15 3 17 0 18 5 3 17 17 0 17 12 4 6 16 6 4 5 2 6 10 5 13 7
split_gain=14.5956 0.750095 0.912647 0.793522 0.429431 0.458091 0.96496 1.11364 0.522846 0.619654 0.952985 0.785813 0.465857 0.384371 0.78712 0.640993 0.392979 0.367984 0.602083 0.964286 0.323266 0.308571 0.301148 0.262821 0.897185 0.425177 0.418942 0.473572 0.473774 1.29423
threshold=1.0000000180025095e-35 1.104857663302558 29.150000000000002 20.659977793529368 387.50000000000006 250.61276513246273 61.747350424128832 41.050000000000004 22.263575389143835 263.50000000000006 18.27923973132707 57.500000000000007 10.450000000000001 26.027847350331562 26.586176958267554 37.500000000000007 23.816073240064274 267.50248209955811 13.15 1.5000000000000002 21.617776781710514 2.5000000000000004 8.6500000000000004 69.500000000000014 298.50000000000006 1.0000000180025095e-35 -0.54160775828284857 72.500000000000014 0.2557677537516248 0.91597561503675362
decision_type=2 2 2 2 2 2 2 2 2 2 2 2 2 2 2 2 2 2 2 2 2 2 2 2 2 2 2 2 2 2
left_child=-1 2 3 -2 5 12 8 -8 -7 10 11 13 22 16 -15 -16 -10 18 19 -17 -4 -19 -3 -14 25 -25 27 -27 29 -29
right_child=1 4 20 -5 -6 6 7 -9 9 -11 -12 -13 23 14 15 17 -18 21 -20 -21 -22 -23 -24 24 -26 26 -28 28 -30 -31
leaf_value=-0.0005268268583544306 0.00011100880117590367 -9.5862272742056565e-06 -8.3758433328554757e-06 4.0442657189726919e-06 0.00059391822081697281 -0.0016187293134083008 0.0082846093022282824 -0.01782518437989546 7.3138457415258912e-05 -0.00013597131450721921 0.011433650257198509 0.00023964469758624982 -0.00032661217067800943 0.0001201304694685743 6.4580108238123469e-05 -0.00012943297232451153 -9.8503140729498532e-05 1.4146227162591793e-05 -0.00061673990849262211 0.00035130577516625811 6.4666174408495208e-05 -0.0004587551332394912 0.00025174100135041781 0.00031798597076967012 0.00035729559700825093 0.0026134920241436608 -0.0012412405055629639 0.0032963315197108711 -0.011772432283923459 -0.00093644320080844975
leaf_weight=3345 38 21 86 26 22 128 22 22 21 448 20 33 2155 27 22 21 100 21 32 27 32 54 23 45 24 21 60 20 77 34
leaf_count=3345 38 21 86 26 22 128 22 22 21 448 20 33 2155 27 22 21 100 21 32 27 32 54 23 45 24 21 60 20 77 34
internal_value=-0.00260922 -0.000437264 0.00269231 0.0075 -0.000600001 -0.000644049 0.00026052 0.0075 -7.33765e-05 0.000387408 0.00187831 0.00128492 -0.00100807 0.00053846 0.00186274 0.000649716 -0.00169422 -0.000483872 0.001875 0.00541667 8.47446e-05 -0.003 0.00409091 -0.00110017 0.000338077 -0.000525293 -0.00146227 -6.57907e-05 -0.00118321 0.00240741
internal_weight=7027 3682 182 64 3500 3478 998 44 954 826 378 358 2480 325 204 177 121 155 80 48 118 75 44 2436 281 257 212 152 131 54
internal_count=7027 3682 182 64 3500 3478 998 44 954 826 378 358 2480 325 204 177 121 155 80 48 118 75 44 2436 281 257 212 152 131 54
is_linear=0
shrinkage=0.05


Tree=218
num_leaves=31
num_cat=0
split_feature=18 13 10 0 11 5 12 3 4 9 9 6 2 16 9 12 13 13 15 10 17 5 5 12 9 0 4 5 17 11
split_gain=14.6826 0.831363 0.77273 0.475231 0.597023 0.462407 0.44933 0.908602 0.609464 0.965083 0.472266 0.695119 0.447203 0.393308 0.338197 0.330752 0.379574 0.81 0.497296 0.343794 0.532893 0.378297 0.304215 0.27115 0.279438 0.29084 0.619865 0.558271 0.373621 0.469719
threshold=1.0000000180025095e-35 0.072857000049982509 0.96897393274411414 70.500000000000014 6.2420705122950979 6.5000000000000009 87.619732157597056 29.150000000000002 10.15 -0.96460524310950169 -0.55241485047541339 90.500000000000014 387.50000000000006 21.368602838745883 0.35769492645306972 272.66343242860182 0.57876588263498585 0.62233454123612719 8.7747063781931871 -0.98518361333263327 24.133845082221359 9.5000000000000018 55.500000000000007 270.18895606253255 0.99984258031731443 855.50000000000011 18.850000000000005 13.500000000000002 30.238850774808856 37.667460987063379
decision_type=2 2 2 2 2 2 2 2 2 2 2 2 2 2 2 2 2 2 2 2 2 2 2 2 2 2 2 2 2 2
left_child=-1 2 6 -3 -5 -6 7 -2 13 -10 -11 14 15 -8 -12 23 18 -18 -17 -20 -21 -22 -9 24 25 28 27 -27 29 -7
right_child=1 3 -4 4 5 12 8 22 9 10 11 -13 -14 -15 -16 16 17 -19 19 20 21 -23 -24 -25 -26 26 -28 -29 -30 -31
leaf_value=-0.000500485515436709 0.0010186072773995267 -0.0045014621588483099 7.6977664170242368e-05 0.00019649328408423745 0.00028154193244501151 2.9069565218887968e-05 -0.000692744505239979 -8.1560289448049118e-05 0.00014367297835589165 -0.0011835385614845297 3.5793109817412035e-06 0.00014257303550448309 0.00056422230977621148 2.0303294421899362e-05 -0.0001633613691999788 0.00011286156609664591 0.0085492476973567915 -0.00035490110561921045 -0.0077731550149347977 0.00029004641080007985 0.00019508109776661894 -6.8025203769892426e-05 4.2432224021478915e-05 -0.00075502141320547974 0.00076086517301837903 1.1879547040411909e-05 -0.0028745046089726726 0.011585846967383857 -0.00059514314198789661 -0.00033427371528887495
leaf_weight=3345 31 63 27 31 28 749 72 28 35 35 35 36 22 29 76 39 20 25 41 39 28 121 34 63 20 44 25 27 537 1322
leaf_count=3345 31 63 27 31 28 749 72 28 35 35 35 36 22 29 76 39 20 25 41 39 28 121 34 63 20 44 25 27 537 1322
internal_value=-0.00260211 -0.000423684 0.001621 -0.000699755 -0.000614588 -0.000682541 0.00108272 0.00413978 0.000188678 0.00168203 0.000219779 0.00146258 -0.000739912 -0.0030198 -0.000495497 -0.000790324 0.000750798 0.005 3.73122e-05 -0.00085153 5.31903e-05 -0.00130873 0.00064516 -0.000963403 -0.000888401 -0.000931954 0.00177083 0.00415493 -0.00103144 -0.000726703
internal_weight=7027 3682 438 3244 3181 3150 411 93 318 217 182 147 3122 101 111 3100 313 45 268 229 188 149 62 2787 2724 2704 96 71 2608 2071
internal_count=7027 3682 438 3244 3181 3150 411 93 318 217 182 147 3122 101 111 3100 313 45 268 229 188 149 62 2787 2724 2704 96 71 2608 2071
is_linear=0
shrinkage=0.05


Tree=219
num_leaves=31
num_cat=0
split_feature=13 8 3 3 2 17 18 13 5 11 3 2 15 4 10 14 1 5 9 10 15 11 2 13 18 15 2 2 17 7
split_gain=14.5337 1.02889 0.986681 0.574097 0.465272 0.426393 0.405912 0.760941 0.735818 0.496575 0.423576 0.726342 1.16667 0.514972 0.875758 0.425645 0.87533 0.390179 0.328241 0.306302 0.284848 0.256441 0.51162 0.430308 0.555819 0.395279 0.482314 0.582234 0.537332 0.46118
threshold=0.0085482829626294075 -0.12940952255126037 18.750000000000004 11.450000000000001 387.50000000000006 29.779376227293699 8.3957515510129301 0.18158213768841017 26.500000000000004 10.347694026713762 32.650000000000013 34.500000000000007 6.8002822819359752 16.850000000000005 -0.90878397393106225 15.649153525220122 37.050000000000004 6.5000000000000009 0.83354805289222267 -0.7721279831368929 2.2298997810904004 37.667460987063379 237.50000000000003 0.60010893246187369 48.360499163939224 36.388708017606845 248.50000000000003 308.50000000000006 26.552353388212232 -0.5
decision_type=2 2 2 2 2 2 2 2 2 2 2 2 2 2 2 2 2 2 2 2 2 2 2 2 2 2 2 2 2 2
left_child=-1 3 -3 5 17 -2 9 -8 -9 10 11 13 -13 19 -15 16 18 -5 20 -4 -12 22 23 -19 -25 26 28 29 -23 -28
right_child=1 2 6 4 -6 -7 7 8 -10 -11 15 12 -14 14 -16 -17 -18 21 -20 -21 -22 25 -24 24 -26 -27 27 -29 -30 -31
leaf_value=-0.00047546123966487361 0.00014453549151733361 4.5356110347069024e-05 4.2371900215461289e-05 0.00042122987164005507 0.00053601119428738162 -0.0012818786894171598 0.00031381573648805501 -0.0037668448750895187 6.7127313091242937e-05 -0.0017216646197944299 -0.0014991326563994563 0.00022175729754590089 -0.00010336223483071971 -1.3364569373777507e-05 0.00013378932545121363 -0.00011040862992562597 6.6909092435625417e-05 -0.0001674901229458929 6.9949254595581302e-05 -0.00010371807341998901 -8.0255100833245016e-06 -0.0031741320305430885 0.00051696782957987855 0.0061769299381470013 -6.199503765261843e-06 -0.0003472573539092499 0.00080918664699352987 -0.0093228992181759122 0.0057760945264791986 0.0012821499546673159
leaf_weight=3348 36 20 33 24 22 25 28 27 31 37 47 24 32 20 24 59 24 1049 21 62 33 136 20 37 142 1579 21 21 22 23
leaf_count=3348 36 20 33 24 22 25 28 27 31 37 47 24 32 20 24 59 24 1049 21 62 33 136 20 37 142 1579 21 21 22 23
internal_value=-0.00261634 -0.000447134 0.00160919 -0.000787141 -0.000881784 0.00401639 0.0011753 0.00430232 0.00103448 0.000528845 0.0010686 0.00269231 0.0075 0.000755394 0.00522727 -0.000652175 0.000999999 -0.000933638 -0.00103961 -0.00131579 -0.0025 -0.000983608 -0.000432693 -0.00056189 0.00170391 -0.00136515 0.00060538 0.00423077 -0.000886077 0.0075
internal_weight=7027 3679 522 3157 3096 61 502 86 58 416 379 195 56 139 44 184 125 3074 101 95 80 3050 1248 1228 179 1802 223 65 158 44
internal_count=7027 3679 522 3157 3096 61 502 86 58 416 379 195 56 139 44 184 125 3074 101 95 80 3050 1248 1228 179 1802 223 65 158 44
is_linear=0
shrinkage=0.05


Tree=220
num_leaves=31
num_cat=0
split_feature=18 7 6 2 2 13 3 1 16 2 5 12 3 3 1 13 4 2 17 4 3 2 15 4 6 16 4 4 13 4
split_gain=14.5956 1.25298 0.903097 0.956402 0.477513 0.753463 0.47587 0.434264 0.936588 0.412957 1.22736 0.34455 0.324082 0.720238 0.439547 0.31213 0.297939 0.286514 0.273045 0.4307 0.27 0.265767 0.676533 0.820793 0.606424 0.607555 0.404142 0.348978 0.264492 0.648214
threshold=1.0000000180025095e-35 -0.98296291314453399 15.500000000000002 25.500000000000004 102.50000000000001 0.18842659014825444 10.450000000000001 11.850000000000003 20.723420597630057 346.00000000000006 64.500000000000014 293.94342572522436 32.750000000000007 38.95000000000001 178.80000000000004 0.043850027340466342 10.950000000000001 329.50000000000006 25.192669749271449 15.450000000000001 30.350000000000005 314.50000000000006 58.357686170585559 9.0500000000000025 23.500000000000004 20.641970707962482 28.850000000000005 27.350000000000005 0.072857000049982509 9.9500000000000011
decision_type=2 2 2 2 2 2 2 2 2 2 2 2 2 2 2 2 2 2 2 2 2 2 2 2 2 2 2 2 2 2
left_child=-1 2 3 -2 16 -6 -3 8 18 11 -11 15 14 -14 -5 -9 -4 21 19 20 -8 26 -23 -24 25 -25 27 28 29 -17
right_child=1 6 4 12 5 -7 7 9 -10 10 -12 -13 13 -15 -16 17 -18 -19 -20 -21 -22 22 23 24 -26 -27 -28 -29 -30 -31
leaf_value=-0.00045168817768162994 7.7946748107500646e-05 0.00017775249069456505 5.3960102656053397e-06 0.0001977352852776076 0.00022942464037331865 -2.9253750745640667e-06 -0.00096036787710860607 -0.00024350260975562093 0.00023678994382508018 -0.00067203863897147796 0.00083769092267657488 4.544688318095503e-06 -0.00015974077179807514 9.2129942418644776e-05 0.00012833969409154275 -0.00060259829764333118 -0.0007114087974694226 -0.012434139679923926 -0.00015030264658585867 0.00016852750641854623 2.5824303268276067e-05 -0.022342762110456139 -0.016996712695198254 0.0037020658141898042 0.0086653176974612316 -0.00030117853675767318 -0.00083660992774650883 0.00041367831304971495 -0.00024755946703391914 0.00042364251688483637
leaf_weight=3345 26 49 49 20 22 20 30 111 36 55 23 33 35 40 21 24 59 43 25 34 20 36 27 38 28 36 105 40 2541 56
leaf_count=3345 26 49 49 20 22 20 30 111 36 55 23 33 35 40 21 24 59 43 25 34 20 36 27 38 28 36 105 40 2541 56
internal_value=-0.00260922 -0.000437264 0.00270548 0.00556338 -1.19209e-09 0.00452381 -0.000707966 -0.000779708 0.00189655 -0.000901128 0.00269231 -0.000991021 0.00362069 0.00166667 0.00719512 -0.00104538 -0.00175926 -0.000948219 -0.000412845 0.00095238 -0.002 -0.000888776 0.0010606 0.00275194 0.00480392 0.00243243 -0.00100506 -0.000885007 -0.000955743 0.001875
internal_weight=7027 3682 292 142 150 42 3390 3341 145 3196 78 3118 116 75 41 3085 108 2974 109 84 50 2931 165 129 102 74 2766 2661 2621 80
internal_count=7027 3682 292 142 150 42 3390 3341 145 3196 78 3118 116 75 41 3085 108 2974 109 84 50 2931 165 129 102 74 2766 2661 2621 80
is_linear=0
shrinkage=0.05


Tree=221
num_leaves=31
num_cat=0
split_feature=13 8 3 14 9 5 2 17 3 17 12 9 15 13 0 14 9 0 11 17 16 4 16 5 12 10 16 10 3 0
split_gain=14.9707 1.15632 0.952274 0.591344 1.1439 0.78216 0.447132 0.431159 0.395404 0.391157 0.369736 0.379301 0.302685 0.790269 0.593939 0.381108 0.346409 0.325437 0.56736 0.469996 0.585003 0.816317 0.434028 0.306968 0.289699 0.450248 0.846749 0.290197 0.659631 0.557605
threshold=0.0085482829626294075 -0.12940952255126037 18.750000000000004 23.974700135607073 0.87379901192678244 35.500000000000007 387.50000000000006 27.462822971875305 11.450000000000001 29.743107839731081 72.360193266911679 0.34156760613242348 36.095545913490035 0.85067190593316944 646.50000000000011 16.078377768929784 -0.99466160899732459 400.50000000000006 35.870191544796747 30.097457840654226 20.388504584243982 9.9500000000000011 23.640252688424841 9.5000000000000018 261.57962746446981 -0.16705162550211936 21.850011486737039 -0.83352489619613901 34.250000000000007 38.500000000000007
decision_type=2 2 2 2 2 2 2 2 2 2 2 2 2 2 2 2 2 2 2 2 2 2 2 2 2 2 2 2 2 2
left_child=-1 6 -3 10 5 7 8 -5 9 -2 11 -4 13 16 -15 -14 -10 -17 19 20 -19 -22 -21 -18 -12 27 -27 28 -26 -30
right_child=1 2 3 4 -6 -7 -8 -9 12 -11 24 -13 15 14 -16 17 23 18 -20 22 21 -23 -24 -25 25 26 -28 -29 29 -31
leaf_value=-0.00042910376879754842 0.00014435568275810969 3.9190967424340177e-05 -6.7513957096280638e-06 0.00010232011460802597 -6.3782904686521505e-05 -3.3851210298538049e-06 0.00054281256652182342 0.0002570598334368282 5.6380664107332568e-05 -0.00055179968101803044 -0.00072623429533529319 6.9472217069924144e-05 0.00017795897390644841 0.0008063340578567202 -0.002767648479503065 -0.00034323389853029203 0.00084112430321229474 -0.00023461116845703282 -0.00031614139087641368 -0.0017729799579616534 0.0012511627551585484 0.011681264322693556 0.00016439044536687168 -0.00014896110533316125 9.9056261977878066e-05 0.00074375676466521964 -0.00029708577988243114 -0.00040824285948843578 5.7681576983422553e-05 -4.8288442512136894e-05
leaf_weight=3348 34 20 37 23 38 20 22 28 38 27 29 31 33 24 20 163 33 32 1609 40 30 41 32 979 21 25 21 139 22 68
leaf_count=3348 34 20 37 23 38 20 22 28 38 27 29 31 33 24 20 163 33 32 1609 40 30 41 32 979 21 25 21 139 22 68
internal_value=-0.00258076 -0.00037918 0.00180077 0.0013745 0.00463303 0.00838028 -0.000739627 0.0116667 -0.000789475 0.00319672 0.000470737 0.00382353 -0.000868576 -0.000201098 0.00636364 -0.00123737 -0.000476192 -0.00132768 -0.00113229 0.00157143 0.00373786 0.0062676 -0.00152778 -0.000652175 -0.00023077 0.000236485 0.00478261 -0.000600001 0.00130631 -0.000555557
internal_weight=7027 3679 522 502 109 71 3157 51 3135 61 393 68 3074 1094 44 1980 1050 1947 1784 175 103 71 72 1012 325 296 46 250 111 90
internal_count=7027 3679 522 502 109 71 3157 51 3135 61 393 68 3074 1094 44 1980 1050 1947 1784 175 103 71 72 1012 325 296 46 250 111 90
is_linear=0
shrinkage=0.05


Tree=222
num_leaves=31
num_cat=0
split_feature=18 13 10 0 2 18 2 13 13 14 9 12 13 18 16 16 6 5 4 15 1 1 9 14 17 3 16 18 13 0
split_gain=14.8574 1.15305 1.08513 1.07637 0.477828 0.446663 0.84764 1.47671 0.845696 0.88769 0.831338 0.749798 0.733768 0.951635 0.713666 0.710186 0.57837 0.853448 0.540142 0.539115 0.528551 0.420433 0.528331 0.428116 0.4 0.4 0.32341 0.512999 1.37125 0.491889
threshold=1.0000000180025095e-35 0.30152419456589125 0.99164058729498161 235.50000000000003 387.50000000000006 17.685032753126457 102.50000000000001 0.18158213768841017 0.10261641511641513 22.729902822264915 -0.81150899888343009 76.575065836691962 0.072857000049982509 3.7649290988009247 21.044538079412337 20.897268160323353 81.500000000000014 26.500000000000004 11.550000000000002 0.66663509656356035 309.45000000000005 1.0000000180025095e-35 -0.97109105924028405 8.8929430905824365 29.835861144669042 37.850000000000001 18.717095282344332 29.855418934228577 0.52660391948775531 414.50000000000006
decision_type=2 2 2 2 2 2 2 2 2 2 2 2 2 2 2 2 2 2 2 2 2 2 2 2 2 2 2 2 2 2
left_child=-1 2 3 5 26 6 8 25 9 11 -10 19 13 18 16 -15 17 -9 -13 -2 -7 -20 -23 -24 -22 -8 27 -3 -29 -30
right_child=1 4 -4 -5 -6 20 7 14 10 -11 -12 12 -14 15 -16 -17 -18 -19 21 -21 24 22 23 -25 -26 -27 -28 28 29 -31
leaf_value=-0.00040764858035767103 5.1745568066531782e-06 -0.0091834271166063505 0.00011265957790378011 0.0082225167724211731 0.00051567193819572899 -0.007569983690157627 0.0016189398003621008 -0.0071360256934489847 5.5655352680037018e-05 0.00020741898626764184 -0.0016679562431926099 -0.0001416921732213541 -0.0090233400802928552 0.0033252554469515253 0.00041553862952331148 2.6391420406593867e-05 -0.0056009379292486028 0.00026202233023644484 9.2548305912768908e-05 0.00079980169001921228 0.001000766300090586 9.005230418784944e-05 -0.00091161700642662332 1.7027358943940675e-06 -0.0031591395690442241 7.6204607939743513e-05 -0.00026952840915252333 0.0033615146184135928 -0.0034774152176679247 0.00020374057251182763
leaf_weight=3345 62 99 20 25 22 88 20 22 36 31 203 108 65 21 25 34 41 36 24 29 20 25 43 81 20 20 2118 22 54 268
leaf_count=3345 62 99 20 25 22 88 20 22 36 31 203 108 65 21 25 34 41 36 24 29 20 25 43 81 20 20 2118 22 54 268
internal_value=-0.00258788 -0.000396525 0.000959962 0.00074606 -0.000973675 0.000502845 0.000885528 0.00414634 0.000183726 0.00130975 -0.00228034 0.000792682 -0.000137158 0.00080357 0.00145161 0.00681818 -0.000454547 0.00275862 -0.000373667 0.00489011 -0.00226563 0.00135838 0.000369126 -0.000967743 0.0025 0.0125 -0.00103671 0.000191872 0.00110465 0.000279502
internal_weight=7027 3682 1099 1079 2583 1054 926 164 762 523 239 492 401 336 124 55 99 58 281 91 128 173 149 124 40 40 2561 443 344 322
internal_count=7027 3682 1099 1079 2583 1054 926 164 762 523 239 492 401 336 124 55 99 58 281 91 128 173 149 124 40 40 2561 443 344 322
is_linear=0
shrinkage=0.05


Tree=223
num_leaves=31
num_cat=0
split_feature=18 8 14 6 4 13 10 15 16 16 2 14 3 16 16 2 5 2 2 16 15 4 4 1 4 16 1 17 12 5
split_gain=13.9938 1.19542 0.793695 0.860483 1.00563 0.745681 0.730749 0.348917 0.513393 0.535522 0.415908 0.624341 0.380952 0.295366 0.526581 0.278505 0.870062 0.282733 0.295878 0.471429 1.03052 0.362275 0.226903 0.479725 0.533464 0.321058 0.650031 0.716334 0.488831 0.986741
threshold=1.0000000180025095e-35 -0.12940952255126037 23.974700135607073 45.500000000000007 19.650000000000002 0.10261641511641513 0.93834263341299773 0.70748362666980424 20.931331364933232 18.646163228713728 31.500000000000004 10.628146254213755 31.850000000000005 19.539191340334892 18.763235649471827 346.00000000000006 64.500000000000014 329.50000000000006 322.50000000000006 20.482433691348486 63.202394096285055 30.150000000000002 11.950000000000001 14.050000000000002 12.050000000000002 19.677976501993864 456.25000000000006 25.856712974533611 153.11171548419034 40.500000000000007
decision_type=2 2 2 2 2 2 2 2 2 2 2 2 2 2 2 2 2 2 2 2 2 2 2 2 2 2 2 2 2 2
left_child=-1 15 6 4 5 -4 7 8 9 -3 -9 -12 -10 14 -13 17 -17 18 21 20 -20 22 -2 -24 -25 26 -26 28 -28 -30
right_child=1 2 3 -5 -6 -7 -8 10 12 -11 11 13 -14 -15 -16 16 -18 -19 19 -21 -22 -23 23 24 25 -27 27 -29 29 -31
leaf_value=-0.00038726615133978748 -0.0002523339911651475 3.929916471896204e-05 0.00023739900359331614 -4.461034209457315e-05 9.1792802966673775e-05 4.3227174893518301e-07 3.159844015793393e-05 -0.00021936915163718227 8.4292116791594095e-05 -2.0879995578491983e-05 0.00016653585737231799 -0.0023752643794443876 2.0095557019378044e-05 -0.00011213796140660969 6.6238210346759093e-05 -0.00065623444793952998 0.00074481854501121493 -0.01178314920592609 -0.0020604249038514428 -0.00025513222899181665 0.009973375108391129 -0.00076412042165840521 0.0013477909612432369 0.0022970896210061098 -0.00018824238714716508 -0.00030364044763644461 -0.0020654836838714728 0.0095805289331650709 -0.00014893457687285274 0.0031536062828269222
leaf_weight=3345 1328 21 20 24 23 43 20 96 21 58 28 32 21 94 23 55 23 43 20 35 22 78 27 20 314 1085 32 29 23 24
leaf_count=3345 1328 21 20 24 23 43 20 96 21 58 28 32 21 94 23 55 23 43 20 35 22 78 27 20 314 1085 32 29 23 24
internal_value=-0.00265903 -0.000532321 0.00167939 0.00545454 0.0077907 0.00452381 0.000676327 0.000203044 0.00243802 6.32899e-05 -0.000787547 0.000649716 0.00690476 -0.000637585 0.00227273 -0.000899305 0.00205128 -0.000974027 -0.000917025 0.00214286 0.00571428 -0.000996623 -0.000905622 -0.000495497 -0.000612313 -0.000719975 0.000450236 0.0037963 0.00132911 0.00457447
internal_weight=7027 3682 524 110 86 63 414 394 121 79 273 177 42 149 55 3158 78 3080 3037 77 42 2960 2882 1554 1527 1507 422 108 79 47
internal_count=7027 3682 524 110 86 63 414 394 121 79 273 177 42 149 55 3158 78 3080 3037 77 42 2960 2882 1554 1527 1507 422 108 79 47
is_linear=0
shrinkage=0.05


Tree=224
num_leaves=31
num_cat=0
split_feature=18 7 6 10 2 15 2 2 7 4 1 1 16 6 12 17 17 17 10 16 9 11 18 17 17 16 15 5 16 1
split_gain=13.6555 0.979315 1.14539 0.708103 0.457846 0.470871 0.502309 0.55469 0.502811 0.45 0.422609 0.402592 0.945168 0.383368 0.711518 1.18248 0.545759 0.697569 0.485974 0.412208 0.718546 0.472327 0.382396 0.440245 0.938857 0.328947 0.327331 0.35199 0.363 0.321429
threshold=1.0000000180025095e-35 -0.98296291314453399 18.500000000000004 0.69635043120606455 387.50000000000006 36.095545913490035 248.50000000000003 308.50000000000006 -0.5 17.050000000000004 145.80000000000004 11.850000000000003 20.723420597630057 12.500000000000002 124.74909930445283 23.816073240064274 25.721518946417063 29.61494138340473 -0.055914918885874271 20.917875680437216 0.2093127076542077 19.850591622734637 6.3425238804615178 24.658148426587591 26.141978147715587 21.227543542754443 32.868807644547033 56.500000000000007 22.291253097935467 393.2000000000001
decision_type=2 2 2 2 2 2 2 2 2 2 2 2 2 2 2 2 2 2 2 2 2 2 2 2 2 2 2 2 2 2
left_child=-1 2 3 9 5 6 11 8 -8 -2 -11 12 -3 14 26 -16 -17 18 25 -15 21 -21 -4 -24 -25 -18 27 -13 -29 -19
right_child=1 4 22 -5 -6 -7 7 -9 -10 10 -12 13 -14 19 15 16 17 29 -20 20 -22 -23 23 24 -26 -27 -28 28 -30 -31
leaf_value=-0.00036790284377279808 7.1474021472567445e-05 -1.4650552299473927e-05 -0.00086970537806904571 4.1652258631167406e-05 0.00052270006368289638 -0.000247951278290071 0.00063942358600883062 -0.0088076842659032435 0.0011893288181246625 8.7203162818295737e-05 6.230980929198674e-05 -0.0025039846757003159 0.00022892551213554948 -0.00085177377534337002 0.00064557774976130213 -0.00055529327004706641 -0.00061009309234252612 -0.0011371964491292349 0.0046995209290570843 0.00036893299148642284 -0.00025199482984127562 -0.0014894123130106301 -0.00165075220579657 0.0012145017865079282 -2.6076802612479664e-05 0.00013416468393044761 0.00068205869500298131 -0.00012715365280069292 0.00053663551727971433 0.00094417572542099823
leaf_weight=3345 72 96 57 25 22 1982 22 21 23 23 25 188 35 385 26 32 38 36 39 32 111 22 33 20 37 38 36 135 23 48
leaf_count=3345 72 96 57 25 22 1982 22 21 23 23 25 188 35 385 26 32 38 36 39 32 111 22 33 20 37 38 36 135 23 48
internal_value=-0.00268749 -0.000586639 0.00219178 0.00534483 -0.00082596 -0.000872923 -0.000165946 0.00409091 0.00722222 0.00375 0.0075 -0.000378789 0.00225191 -0.00066863 0.000164318 0.00219844 0.0010606 0.00203517 0.00456522 -0.00163636 0.000454544 0.00518518 -0.000918369 0.00111111 0.00377193 0.00223684 -0.00120419 -0.0016763 6.32899e-05 -0.00142857
internal_weight=7027 3682 292 145 3390 3368 1386 66 45 120 48 1320 131 1189 639 257 231 199 115 550 165 54 147 90 57 76 382 346 158 84
internal_count=7027 3682 292 145 3390 3368 1386 66 45 120 48 1320 131 1189 639 257 231 199 115 550 165 54 147 90 57 76 382 346 158 84
is_linear=0
shrinkage=0.05


Tree=225
num_leaves=31
num_cat=0
split_feature=2 8 6 3 1 17 9 4 10 16 17 3 1 16 10 10 14 9 18 3 14 13 2 14 16 15 17 17 10 2
split_gain=14.1968 1.18337 0.490421 0.48444 0.816476 0.777786 0.625 0.41835 0.497326 0.380778 0.377457 0.498587 0.339103 0.369231 0.321161 0.877076 0.29601 0.417075 0.426989 0.408915 0.553459 0.727791 0.376789 0.931293 0.313469 0.309277 0.338013 0.927087 0.755389 0.750535
threshold=6.5000000000000009 -0.12940952255126037 15.500000000000002 30.050000000000004 37.050000000000004 31.669255773338811 0.42109697129093554 7.5500000000000007 -0.98208922706762081 20.917875680437216 27.569220715138311 33.750000000000007 145.80000000000004 20.357998365372307 -0.83352489619613901 -0.91583036384466876 66.791579478483754 0.9993981459635205 77.853156985191362 39.650000000000013 68.380131534477854 0.94388784892013045 346.00000000000006 43.77436062254467 18.317493928459584 68.122750743630817 27.081640839311255 27.638710369513579 0.16704543776228128 248.50000000000003
decision_type=2 2 2 2 2 2 2 2 2 2 2 2 2 2 2 2 2 2 2 2 2 2 2 2 2 2 2 2 2 2
left_child=-1 16 3 5 9 6 -3 -4 -9 -5 14 -12 13 -6 15 -10 17 18 22 -18 -21 -22 25 -24 -25 26 -2 28 -28 -29
right_child=1 2 7 4 12 -7 -8 8 10 -11 11 -13 -14 -15 -16 -17 19 -19 -20 20 21 -23 23 24 -26 -27 27 29 -30 -31
leaf_value=-0.00034950770158415816 -0.00025765763279054349 2.7935905218478588e-05 -0.00033932465976015922 -0.00012749697949393987 3.8832317877286332e-05 -0.00010813650823523358 0.0002940646384543395 4.0635263605531893e-05 -0.0022708495944953936 9.1240878556028967e-05 4.4357307329616721e-05 -0.00039750441899789125 5.6085260238535097e-05 7.8564412574209323e-05 -6.3766387716517839e-05 0.00010117704582260406 -0.00054686970136538055 0.00083830166769663134 0.029024148032440019 -0.0018935614113967409 -0.00030757150623918504 0.0036900056786603151 0.0011697853862869378 -0.0091206206567670499 0.00037751678505400948 -0.0011351104090047727 0.00013895738921441202 -0.00015260283420772661 0.020411561706104305 0.010503832782638788
leaf_weight=3349 1278 20 34 54 26 22 20 35 22 41 32 29 39 39 88 21 583 29 29 22 32 21 21 24 25 153 147 737 20 35
leaf_count=3349 1278 20 34 54 26 22 20 35 22 41 32 29 39 39 88 21 583 29 29 22 32 21 21 24 25 153 147 737 20 35
internal_value=-0.0026448 -0.000500273 0.00170498 0.00323755 0.00203517 0.00709677 0.01125 0.000172413 0.000947135 -0.00131579 -5.20845e-05 0.00319672 0.00509615 0.00730769 -0.00156489 0.00197674 -0.00086502 -0.000616494 -0.000686514 -0.00180851 0.00166667 0.00443396 -0.000758198 0.00285714 -0.000918369 -0.00086498 -0.000714931 5.32362e-06 0.00338323 -0.00072539
internal_weight=7027 3678 522 261 199 62 40 261 227 95 192 61 104 65 131 43 3156 2498 2469 658 75 53 2440 70 49 2370 2217 939 167 772
internal_count=7027 3678 522 261 199 62 40 261 227 95 192 61 104 65 131 43 3156 2498 2469 658 75 53 2440 70 49 2370 2217 939 167 772
is_linear=0
shrinkage=0.05


Tree=226
num_leaves=31
num_cat=0
split_feature=13 8 0 13 14 12 6 4 2 4 14 5 2 2 5 0 0 3 18 4 17 4 18 14 4 9 5 4 3 3
split_gain=14.0177 1.214 0.556382 0.934627 0.686876 0.640199 0.488455 0.771237 0.467293 0.46076 0.32363 0.878829 0.978513 0.727562 0.429205 0.373752 0.312021 0.268294 0.661542 0.262923 0.59507 0.71324 1.17388 0.655626 0.389848 0.284636 0.74469 0.92234 0.360281 0.5121
threshold=0.0085482829626294075 -0.12940952255126037 10.500000000000002 0.010826417866129059 23.974700135607073 293.94342572522436 39.500000000000007 20.750000000000004 387.50000000000006 10.350000000000003 50.945046058236464 11.500000000000002 193.50000000000003 325.50000000000006 68.500000000000014 721.50000000000011 602.50000000000011 39.350000000000001 8.9875434930812759 6.8500000000000005 28.567643104378678 4.0500000000000007 68.121864188312614 57.065418262902234 9.2500000000000018 0.95992380042979863 17.500000000000004 15.750000000000002 38.850000000000001 40.850000000000001
decision_type=2 2 2 2 2 2 2 2 2 2 2 2 2 2 2 2 2 2 2 2 2 2 2 2 2 2 2 2 2 2
left_child=-1 8 3 -3 5 17 7 9 10 -6 11 12 -2 15 19 16 -13 18 -4 20 21 -12 23 -23 -21 28 -27 -28 -26 -30
right_child=1 2 4 -5 6 -7 -8 -9 -10 -11 14 13 -14 -15 -16 -17 -18 -19 -20 24 -22 22 -24 -25 25 26 27 -29 29 -31
leaf_value=-0.0003320323165049503 0.00029741250125087213 -2.8462194461862655e-05 -4.195213538841057e-06 3.4130880427660675e-05 0.00024633064149106047 3.4600238941440832e-05 -3.5614466480372337e-05 9.6427872761481592e-05 0.00050992384589084621 3.859337319970704e-05 -0.0065432106294046862 -0.00014197157714951417 0.0058463888701290089 0.00080235241329677592 0.0001890863666395091 0.0025556421271184212 -0.0062767163434683197 -0.00083701169513145058 0.0004498608746841322 -0.0044659769261295211 -0.00065892693617908879 0.007035153880118843 0.0039258911421749818 -0.0041954028421248247 -0.00048521841627718968 -0.0032753712684422359 0.0062676884526628078 -0.0012128129767122657 0.00045806230062864082 -0.0003318138289343789
leaf_weight=3348 38 26 240 37 20 35 27 20 22 43 48 1419 25 35 25 39 124 51 23 173 142 20 36 38 551 76 27 20 121 178
leaf_count=3348 38 26 240 37 20 35 27 20 22 43 48 1419 25 35 25 39 124 51 23 173 142 20 36 38 551 76 27 20 121 178
internal_value=-0.00265903 -0.000528677 0.00170498 0.00611111 0.00110022 1.43255e-05 0.00454545 0.00644578 -0.000898006 0.00373016 -0.000948965 -0.000476192 0.00531746 -0.000701918 -0.00149485 -0.000859672 -0.000981855 -0.000700638 -5.70354e-05 -0.00160839 -0.00024648 0.00204225 0.00457447 0.000172413 -0.0019459 -0.00155704 0.000691056 0.0056383 -0.00188235 -0.000484951
internal_weight=7027 3679 522 63 459 349 110 83 3157 63 3135 1680 63 1617 1455 1582 1543 314 263 1430 284 142 94 58 1146 973 123 47 850 299
internal_count=7027 3679 522 63 459 349 110 83 3157 63 3135 1680 63 1617 1455 1582 1543 314 263 1430 284 142 94 58 1146 973 123 47 850 299
is_linear=0
shrinkage=0.05


Tree=227
num_leaves=31
num_cat=0
split_feature=18 15 14 7 6 18 14 6 14 12 2 3 0 4 12 14 2 3 14 9 18 3 11 10 15 18 13 5 4 4
split_gain=13.4046 1.285 1.11122 0.580054 0.611176 0.596175 0.52015 0.558699 0.513964 0.509362 0.488887 0.439233 0.412708 0.375797 0.569667 0.364807 0.3392 0.625 0.328454 1.13821 0.329765 0.284378 0.280421 0.276831 0.267776 0.675495 0.816077 0.632331 0.420139 0.952778
threshold=1.0000000180025095e-35 0.66663509656356035 8.8929430905824365 -0.98296291314453399 18.500000000000004 9.2504185900504137 23.974700135607073 2.5000000000000004 25.558392339137217 293.94342572522436 387.50000000000006 32.050000000000004 898.50000000000011 18.750000000000004 72.360193266911679 60.421538932929742 346.00000000000006 32.550000000000004 59.594188945555075 0.30901413279605805 75.21274462020412 28.150000000000002 1.7279419081428748 -0.16705162550211936 36.095545913490035 28.613117394034933 0.47342953426077944 63.500000000000007 12.550000000000002 13.050000000000002
decision_type=2 2 2 2 2 2 2 2 2 2 2 2 2 2 2 2 2 2 2 2 2 2 2 2 2 2 2 2 2 2
left_child=-1 2 11 4 6 23 7 -3 -8 10 12 13 15 14 -2 16 18 -18 20 -20 22 -10 -5 -6 25 28 27 -27 -24 -30
right_child=1 3 -4 9 5 -7 8 -9 21 -11 -12 -13 -14 -15 -16 -17 17 -19 19 -21 -22 -23 24 -25 -26 26 -28 -29 29 -31
leaf_value=-0.0003154307006797028 4.9701921029142904e-05 -9.0436571784514524e-05 5.8576518492138577e-05 -0.0010550640919117314 -0.00026459128685294049 7.559776596609875e-05 0.00010692141941106275 0.00010475367872376804 -0.00021310555263656303 3.2870226994364381e-05 0.00048442765359636329 -0.00030010475578642659 0.00019483419544379159 -1.5612332869065667e-05 -4.9266381093870869e-06 -0.00033048238339160714 0.00037605576150743212 -0.0091475188288875249 0.007377433572089709 -0.016618496948903397 0.049643868743635022 0.0002832545303300424 -0.00059296347777414323 1.667357449374287e-06 -0.00024927372336535877 0.0016446277630906732 3.9506717404966515e-06 0.00036628608416523073 0.00058172420200322701 -8.8587834207731265e-05
leaf_weight=3345 30 27 36 44 70 21 30 37 23 35 22 21 24 21 29 960 20 20 21 20 26 20 392 55 926 38 178 32 24 480
leaf_count=3345 30 27 36 44 70 21 30 37 23 35 22 21 24 21 29 960 20 20 21 20 26 20 392 55 926 38 178 32 24 480
internal_value=-0.00270884 -0.000627378 0.00412409 -0.000811003 0.00136042 -0.000890412 0.00375912 0.000468749 0.00664383 -0.000999388 -0.00106446 0.00143564 -0.00111545 0.003125 0.00516949 -0.00116473 -0.000812698 0.00375 -0.000896379 0.00353658 -0.00098131 0.00313953 -0.00105014 -0.0022 -0.000966185 -0.000454547 0.00185484 0.00642857 -0.00109375 -0.00013889
internal_weight=7027 3682 137 3545 283 146 137 64 73 3262 3227 101 3205 80 59 3181 2221 40 2181 41 2140 43 2114 125 2070 1144 248 70 896 504
internal_count=7027 3682 137 3545 283 146 137 64 73 3262 3227 101 3205 80 59 3181 2221 40 2181 41 2140 43 2114 125 2070 1144 248 70 896 504
is_linear=0
shrinkage=0.05


Tree=228
num_leaves=31
num_cat=0
split_feature=18 8 3 5 3 4 10 4 15 2 2 14 13 0 9 9 3 14 3 4 4 15 2 3 1 1 2 9 16 4
split_gain=13.9938 2.02648 0.857337 0.650505 0.631313 0.638414 0.61952 0.860887 0.732041 1.79034 0.603516 1.31955 0.490595 0.413427 0.394011 0.363696 0.537901 0.795726 0.729293 0.948805 0.545947 0.324695 0.608202 0.462813 0.36789 0.812698 0.317248 0.288029 0.837597 0.597302
threshold=1.0000000180025095e-35 -0.12940952255126037 18.750000000000004 73.500000000000014 32.850000000000001 8.2500000000000018 0.7440763776038376 18.250000000000004 6.8002822819359752 19.500000000000004 346.00000000000006 43.77436062254467 0.011642196543108734 898.50000000000011 0.4975086818028765 0.92263100495486405 38.050000000000004 24.241199778612899 40.150000000000013 15.450000000000001 17.450000000000003 36.095545913490035 248.50000000000003 35.45000000000001 462.40000000000003 506.60000000000008 382.50000000000006 0.43664718845046319 22.291253097935467 26.550000000000004
decision_type=2 2 2 2 2 2 2 2 2 2 2 2 2 2 2 2 2 2 2 2 2 2 2 2 2 2 2 2 2 2
left_child=-1 10 -3 4 6 -6 7 8 9 12 13 -12 -4 21 -9 16 20 18 19 -18 -7 22 24 -24 27 -26 -13 28 29 -2
right_child=1 2 3 -5 5 15 -8 14 -10 -11 11 26 -14 -15 -16 -17 17 -19 -20 -21 -22 -23 23 -25 25 -27 -28 -29 -30 -31
leaf_value=-0.00029965916564571765 -0.0002158075457230099 2.190374001156629e-05 2.753874071129809e-05 -5.2127740127103929e-05 -0.00054050218316270408 -0.00028169697319023766 -0.0016972320011341632 5.0940775371137003e-05 9.5704596610802574e-06 0.00032340526976359414 0.0010523757082324236 -0.0086874596822594258 3.4309909864504343e-05 0.00018509248567177622 -0.00011523655508602984 3.6185433671114143e-05 4.8882619273360386e-05 6.3755632336691799e-05 -2.7189194315872573e-05 -2.8934298363407475e-05 0.00017049169996353463 -0.00024881417926986873 0.00066681956788076349 -0.0010745001979317139 0.01606942642730291 -0.0013653457933734076 0.00036093711166084428 -0.00037046963830981511 0.0006030547015742747 0.00044282545955403799
leaf_weight=3345 562 20 20 44 38 64 23 27 34 21 21 35 33 24 20 34 21 20 55 23 27 1910 34 24 28 35 22 405 26 32
leaf_count=3345 562 20 20 44 38 64 23 27 34 21 21 35 33 24 20 34 21 20 55 23 27 1910 34 24 28 35 22 405 26 32
internal_value=-0.00265903 -0.000532321 0.00234733 0.00194444 0.0025 0.00102837 0.00483146 0.00596774 0.00842592 0.0112162 -0.00101013 0.00333333 0.00632075 -0.00112013 0.000319148 0.00196721 0.00119047 0.00340336 0.00156566 0.00636364 -0.0017033 -0.00117147 -0.000506109 0.00448276 -0.00077206 0.00293651 -0.000614036 -0.001 -0.000322582 -0.000707072
internal_weight=7027 3682 524 504 460 282 178 155 108 74 3158 78 53 3080 47 244 210 119 99 44 91 3056 1146 58 1088 63 57 1025 620 594
internal_count=7027 3682 524 504 460 282 178 155 108 74 3158 78 53 3080 47 244 210 119 99 44 91 3056 1146 58 1088 63 57 1025 620 594
is_linear=0
shrinkage=0.05


Tree=229
num_leaves=31
num_cat=0
split_feature=18 8 3 2 5 6 5 13 0 3 0 17 4 6 4 0 9 12 5 11 1 10 9 4 14 17 13 13 1 9
split_gain=14.3361 1.95075 0.857337 0.586045 0.904023 0.543452 0.478632 0.487111 1.2069 0.642731 0.905423 0.627713 0.646708 0.54697 0.417481 0.405254 0.388172 0.316129 0.385643 0.314537 0.576978 0.292968 0.832501 0.426514 0.314607 0.289976 0.286885 0.422436 1.15927 0.28371
threshold=1.0000000180025095e-35 -0.12940952255126037 18.750000000000004 346.00000000000006 67.500000000000014 99.500000000000014 76.500000000000014 0.19632589955022492 148.50000000000003 33.050000000000004 106.50000000000001 23.526699221044129 11.850000000000003 18.500000000000004 8.0500000000000025 898.50000000000011 0.92263100495486405 293.94342572522436 22.500000000000004 37.667460987063379 700.95000000000016 -0.94695267581281539 0.2595093939220971 27.550000000000004 13.534481367246661 24.674807525114343 0.82150570151724822 0.57876588263498585 342.05000000000001 -0.94697898371965705
decision_type=2 2 2 2 2 2 2 2 2 2 2 2 2 2 2 2 2 2 2 2 2 2 2 2 2 2 2 2 2 2
left_child=-1 3 -3 15 5 -5 7 8 9 10 11 -4 13 -13 -11 19 17 18 -16 20 -2 22 23 26 -23 -20 27 -21 -29 -26
right_child=1 2 6 4 -6 -7 -8 -9 -10 14 -12 12 -14 -15 16 -17 -18 -19 25 21 -22 24 -24 -25 29 -27 -28 28 -30 -31
leaf_value=-0.00028467620736343175 -8.1446322526636115e-05 2.0808553010989196e-05 7.4931040041063379e-05 0.00035089941373437478 0.001002135804961982 -0.0095111322913723623 -5.0442786394431632e-05 -2.5904592823503887e-05 0.00013838210606825297 -0.00054041427947346772 0.00018336389964928912 0.00045766148725692068 -8.5875380351632931e-06 2.244394049136109e-07 -0.00079155792451640172 0.00017583786138850369 3.4810418805237615e-05 2.8512700427257671e-05 -0.0024753616278894268 -0.0078463207683000941 0.0060222148976650609 0.0011781317482406626 0.0039996473133033219 0.0013927699191865226 -0.00014312411389405489 7.5138883789626875e-05 -0.00051565746629008802 0.013396737633517612 -0.001089199746980073 -0.0004402191275953381
leaf_weight=3345 1293 20 22 22 20 36 36 33 28 32 21 33 86 27 55 24 31 31 24 46 25 22 32 32 210 45 110 20 57 1209
leaf_count=3345 1293 20 22 22 20 36 36 33 28 32 21 33 86 27 55 24 31 31 24 46 25 22 32 32 210 45 110 20 57 1209
internal_value=-0.00263057 -0.000478002 0.00234733 -0.000946803 0.00333333 0.000172413 0.00194444 0.00237179 0.00281609 0.00212531 0.00425926 0.00303571 0.00184931 0.00583333 0.000275228 -0.0010552 0.00118279 0.000161289 -0.000967743 -0.00110602 -0.000523522 -0.00154776 -0.000117846 -0.00103774 -0.00184247 0.00152174 -0.00178112 -0.000121952 0.00214286 -0.00193446
internal_weight=7027 3682 524 3158 78 58 504 468 435 407 189 168 146 60 218 3080 186 155 124 3056 1318 1738 297 265 1441 69 233 123 77 1419
internal_count=7027 3682 524 3158 78 58 504 468 435 407 189 168 146 60 218 3080 186 155 124 3056 1318 1738 297 265 1441 69 233 123 77 1419
is_linear=0
shrinkage=0.05


Tree=230
num_leaves=31
num_cat=0
split_feature=13 8 3 2 12 1 14 15 13 0 3 15 15 0 5 3 10 5 14 18 9 9 13 0 15 14 10 5 10 15
split_gain=14.2745 1.61468 0.90181 0.781326 0.65058 0.585091 0.856497 0.578682 0.564548 0.785134 0.700762 0.441985 0.744712 0.399781 0.39746 0.312126 0.300614 0.285233 0.279592 0.405045 0.340888 0.291508 0.349341 0.445157 0.282835 0.276915 0.296499 0.338944 0.305342 0.27073
threshold=0.0085482829626294075 -0.12940952255126037 18.750000000000004 364.50000000000006 206.47875505553245 37.050000000000004 16.078377768929784 0.66663509656356035 0.19632589955022492 148.50000000000003 33.850000000000001 5.2083807636298465 7.0357458216971365 898.50000000000011 39.500000000000007 37.750000000000007 -0.97870382656940669 67.500000000000014 59.198403367782696 75.21274462020412 0.9993981459635205 -0.99466160899732459 0.25059415945489755 400.50000000000006 66.743250492868853 58.677961166754038 0.98367285631203072 71.500000000000014 0.93834263341299773 80.801868519030933
decision_type=2 2 2 2 2 2 2 2 2 2 2 2 2 2 2 2 2 2 2 2 2 2 2 2 2 2 2 2 2 2
left_child=-1 3 -3 13 -5 7 -7 14 9 10 11 -8 -13 18 -4 -12 -9 -16 19 20 21 22 -2 -24 25 26 28 -28 -23 -20
right_child=1 2 5 4 -6 6 8 16 -10 -11 15 12 -14 -15 17 -17 -18 -19 29 -21 -22 24 23 -25 -26 -27 27 -29 -30 -31
leaf_value=-0.0002704423969952602 5.7190566307903173e-05 1.976812536043874e-05 7.0183207735073123e-05 0.00041147108697246732 -0.0072802813245000375 3.574559897744956e-05 -6.9536299533684226e-05 2.5226377198452637e-05 -3.2387938615738037e-05 0.00013146300076488171 -0.0010611924364624682 0.00026970177877006987 0.00010573980282643689 0.00016704596831893296 -0.00012247910044419286 1.4155791100609601e-05 -0.00032454710465419889 3.1448369858718957e-05 -0.0002427510578547774 0.050568726248679363 0.00053114162349836465 -0.00017521122619940904 -0.00061479992584431166 0.0047921662143868161 -0.0012769122764265783 0.00047967556825451315 0.0024417154579650917 -0.00092520866550664335 -0.0013363550397337903 -0.0022062648621106341
leaf_weight=3348 25 20 44 25 23 31 23 26 35 28 47 23 37 24 30 34 115 29 953 23 25 1726 25 27 103 20 25 26 47 60
leaf_count=3348 25 20 44 25 23 31 23 26 35 28 47 23 37 24 30 34 115 29 953 23 25 1726 25 27 103 20 25 26 47 60
internal_value=-0.00263768 -0.000487906 0.00208812 -0.000913843 0.00541667 0.00167331 0.00333333 -8.19684e-05 0.00226872 0.00333333 0.00201219 0.00524096 0.0075 -0.00101158 0.00276699 -0.0012963 -0.00216312 8.47446e-05 -0.00106159 -0.000728766 -0.000802832 -0.000874507 0.00214286 -0.000192309 -0.000993838 -0.000851411 -0.000915571 0.00284314 -0.00102369 -0.00174235
internal_weight=7027 3679 522 3157 48 502 258 244 227 192 164 83 60 3109 103 81 141 59 3085 2072 2049 2024 77 52 1947 1844 1824 51 1773 1013
internal_count=7027 3679 522 3157 48 502 258 244 227 192 164 83 60 3109 103 81 141 59 3085 2072 2049 2024 77 52 1947 1844 1824 51 1773 1013
is_linear=0
shrinkage=0.05


Tree=231
num_leaves=31
num_cat=0
split_feature=13 8 2 6 12 18 1 14 16 10 0 15 14 13 17 3 17 5 17 16 12 11 11 17 1 12 17 13 15 16
split_gain=14.6206 1.54725 0.765766 0.702129 0.65058 0.637306 0.417888 1.38286 0.799685 0.703247 0.391819 0.391505 0.398284 0.34381 1.12126 0.360743 0.485864 0.32594 0.291645 0.351991 0.529101 0.311881 0.904265 0.395081 0.351084 0.73385 0.625532 0.287237 1.55776 0.444782
threshold=0.0085482829626294075 -0.12940952255126037 364.50000000000006 51.500000000000007 206.47875505553245 0.34929047467215518 37.050000000000004 16.078377768929784 20.917875680437216 -0.62538740722492581 898.50000000000011 7.6875909590065286 19.763052436788708 0.19632589955022492 25.755537984696499 38.050000000000004 31.225522872807968 67.500000000000014 17.357580921423718 13.521782310682594 124.74909930445283 35.870191544796747 34.685640458452077 28.805083387989161 59.150000000000013 92.316651606361788 24.322168630696982 0.23589178582342821 14.570925942695149 20.472225282038945
decision_type=2 2 2 2 2 2 2 2 2 2 2 2 2 2 2 2 2 2 2 2 2 2 2 2 2 2 2 2 2 2
left_child=-1 2 10 5 -4 -3 8 -8 -7 -10 18 12 17 14 -9 16 -16 -5 -2 20 -20 22 24 -24 25 26 -21 -26 -29 -30
right_child=1 3 4 11 -6 6 7 13 9 -11 -12 -13 -14 -15 15 -17 -18 -19 19 21 -22 -23 23 -25 27 -27 -28 28 29 -31
leaf_value=-0.00025692027714549714 -0.00441859554800307 1.9901181493202003e-05 0.00039089753262396541 -0.00016788160519423976 -0.006916267258275155 -0.00031958874366450258 5.5073377387946583e-05 0.00021436302309077156 0.00033484112086485724 -6.0962979843822938e-05 0.00015869366990266313 -0.00095849887548829288 0.00066568002034433785 -1.4759101969669828e-05 -0.00021246729962012541 4.2015212086102935e-05 0.00020980014884384014 2.2250297727997115e-05 -0.012144409494074637 -0.0007864397837820642 0.00021904555216068682 -0.00024580194890281442 0.011531296985896998 0.002193334573330001 -0.001133098344589813 -0.00060559248278912309 0.0033133174417740458 0.0020077354042923059 -0.00086211592318812902 -1.0225488156325075e-05
leaf_weight=3348 87 38 25 60 23 73 25 21 20 22 24 54 20 25 62 31 36 35 21 20 27 1778 26 29 278 50 27 23 232 487
leaf_count=3348 87 38 25 60 23 73 25 21 20 22 24 54 20 25 62 31 36 35 21 20 27 1778 26 29 278 50 27 23 232 487
internal_value=-0.00260922 -0.000433543 -0.000850492 0.00208812 0.00541667 0.00335694 0.00261905 0.004 0.00021739 0.00571428 -0.000947251 -0.000562131 0.00108696 0.00242857 0.00333333 0.00158915 0.00010204 -0.000263159 -0.00099676 -0.000913944 0.00333333 -0.000983052 -0.000349831 0.00590909 -0.000658014 0.00221649 0.00670213 -0.000931374 -0.000417791 -0.000827539
internal_weight=7027 3679 3157 522 48 353 315 200 115 42 3109 169 115 175 150 129 98 95 3085 2998 48 2950 1172 55 1117 97 47 1020 742 719
internal_count=7027 3679 3157 522 48 353 315 200 115 42 3109 169 115 175 150 129 98 95 3085 2998 48 2950 1172 55 1117 97 47 1020 742 719
is_linear=0
shrinkage=0.05


Tree=232
num_leaves=31
num_cat=0
split_feature=18 8 3 5 5 6 0 1 14 2 14 0 16 4 2 12 6 5 13 17 18 0 12 4 10 10 9 3 15 10
split_gain=14.8574 1.59283 0.88987 0.60682 0.584889 0.570945 0.628837 0.705463 1.37374 0.526196 0.693619 0.386061 0.359118 0.342189 0.588774 0.383473 0.502087 0.330014 0.304533 0.621711 0.407023 0.517217 0.32662 0.550801 0.319259 0.358605 0.287378 0.251969 0.267881 0.718803
threshold=1.0000000180025095e-35 -0.12940952255126037 18.750000000000004 73.500000000000014 67.500000000000014 51.500000000000007 11.500000000000002 37.050000000000004 16.078377768929784 364.50000000000006 52.21991853860677 898.50000000000011 20.917875680437216 17.050000000000004 102.50000000000001 268.24075522410413 1.5000000000000002 15.500000000000002 0.072857000049982509 26.659685880431926 9.7366163776564072 115.50000000000001 91.628144612383139 11.950000000000001 -0.90146829171281539 -0.96227343267549392 0.99984258031731443 11.450000000000001 14.570925942695149 -0.8038981836306559
decision_type=2 2 2 2 2 2 2 2 2 2 2 2 2 2 2 2 2 2 2 2 2 2 2 2 2 2 2 2 2 2
left_child=-1 9 -3 4 5 6 -4 12 -9 11 -11 18 -8 15 -15 16 -10 -7 19 -2 24 -22 -21 -24 25 -20 27 -23 29 -29
right_child=1 2 3 -5 -6 17 7 8 13 10 -12 -13 -14 14 -16 -17 -18 -19 20 22 21 26 23 -25 -26 -27 -28 28 -30 -31
leaf_value=-0.0002440742632882223 0.0032794521573530988 1.7784660017757839e-05 1.8017054279590856e-05 -4.4729415058487334e-05 5.5750400984073528e-05 3.7954818290052169e-05 -0.00030360930105777575 5.2319708518553592e-05 -1.532178063636506e-05 0.00041628155835794897 -0.0039078241811059374 0.00015075898640752654 0.00011769447095347626 -9.7154588327684799e-05 7.8162656370355299e-05 -9.729886536599852e-05 0.00019305618562569525 -0.00016808628358287392 -0.0095937112829599762 -0.00034756123476576426 0.00020356259004319154 4.3300012163307832e-05 -0.00070582800607958164 0.00025036097930081187 -0.011422175045900176 0.00067775122789169725 0.00080452186191761984 0.00050970511150387097 -0.00019196775247536576 -0.00055617034349361098
leaf_weight=3345 21 20 26 44 28 21 63 25 31 22 26 24 39 23 34 54 20 96 33 26 21 29 50 36 111 20 20 20 2647 52
leaf_count=3345 21 20 26 44 28 21 63 25 31 22 26 24 39 23 34 54 20 96 33 26 21 29 50 36 111 20 20 20 2647 52
internal_value=-0.00258788 -0.000396525 0.00215649 0.00174603 0.00228261 0.0018287 0.00293651 0.00226643 0.00409091 -0.000820141 0.004375 -0.000900323 -0.00107843 0.00240741 0.00552631 0.000714285 0.00382353 -0.00115385 -0.00094945 0.00139098 -0.00105486 -0.000912515 -8.92869e-05 0.00139535 -0.00347561 -0.00028302 -0.000971822 -0.00101529 -0.00106473 0.00194444
internal_weight=7027 3682 524 504 460 432 315 289 187 3158 48 3110 102 162 57 105 51 117 3086 133 2953 2789 112 86 164 53 2768 2748 2719 72
internal_count=7027 3682 524 504 460 432 315 289 187 3158 48 3110 102 162 57 105 51 117 3086 133 2953 2789 112 86 164 53 2768 2748 2719 72
is_linear=0
shrinkage=0.05


Tree=233
num_leaves=31
num_cat=0
split_feature=18 8 11 2 12 6 3 14 1 14 3 5 16 16 18 3 0 16 14 3 16 16 9 16 6 4 14 9 16 10
split_gain=14.9451 1.57593 0.900458 0.754518 0.65058 0.466375 0.446708 1.77912 0.769242 0.55 0.44354 0.793034 0.40118 0.386454 0.407744 0.67413 0.386061 0.336134 0.47619 0.260377 0.718548 0.625 0.231119 0.215794 0.208167 0.501691 0.652497 0.622993 0.485214 0.479195
threshold=1.0000000180025095e-35 -0.12940952255126037 -3.8830881846831673 364.50000000000006 206.47875505553245 15.500000000000002 29.250000000000004 28.09591547843193 37.050000000000004 17.325652384954012 30.350000000000005 63.500000000000007 19.092542169704419 19.514544174834274 6.9911626293997502 37.45000000000001 898.50000000000011 20.849976533401897 23.523869584928665 11.450000000000001 20.482433691348486 21.188289925895575 0.99984258031731443 20.917875680437216 80.500000000000014 26.550000000000004 42.414992503432856 0.98046008095854986 12.96724426649987 -0.030120304846908235
decision_type=2 2 2 2 2 2 2 2 2 2 2 2 2 2 2 2 2 2 2 2 2 2 2 2 2 2 2 2 2 2
left_child=-1 3 -3 16 -5 6 7 -4 23 -10 -7 12 -12 -14 15 -15 19 -11 -19 20 -2 -22 24 -8 28 27 -27 -26 -21 -29
right_child=1 2 5 4 -6 10 8 -9 9 17 11 -13 13 14 -16 -17 -18 18 -20 22 21 -23 -24 -25 25 26 -28 29 -30 -31
leaf_value=-0.00023187055012381118 -0.0018081025474204809 2.082055210406471e-05 0.00021719749774377407 0.00039246702291664099 -0.0065480268024804339 -0.00022358700174783405 -0.00010449116701644545 -2.0729773514783242e-05 3.2107830964737289e-05 -1.0219624917712709e-05 -0.0023081092748257763 5.7638747953755286e-05 0.00014183675377383098 -0.00019494278118869894 -7.7225728806562538e-05 3.4532623197754097e-05 0.00014322103708714677 -0.00027488581937148933 0.0001254069612196302 0.00049854170717153305 0.00013916959473786705 -0.00050047571783624748 0.00066122107462988553 0.00014546763167673811 -0.00068379851356259133 0.0061458637732650498 -0.00073432075977888575 -0.0030536475618698311 -0.00014015692479957842 0.00031762945115641544
leaf_weight=3345 22 33 22 25 23 65 55 21 20 34 34 34 20 31 42 20 24 21 35 28 20 20 22 37 568 20 21 33 2297 35
leaf_count=3345 22 33 22 25 23 65 55 21 20 34 34 34 20 31 42 20 24 21 35 28 20 20 22 37 568 20 21 33 2297 35
internal_value=-0.00258076 -0.000382945 0.00215649 -0.000804308 0.00541667 0.00161914 0.00316326 0.0077907 0.00217822 0.005 8.12996e-05 0.00135359 -0.000238096 0.00119469 -0.000161292 0.00284314 -0.000900323 0.00333333 0.00571428 -0.00094945 0.00225806 0.00625 -0.00101521 -0.00119565 -0.00105263 -0.00182423 0.00353658 -0.00216981 -0.000827958 0.00235294
internal_weight=7027 3682 524 3158 48 491 245 43 202 110 246 181 147 113 93 51 3110 90 56 3086 62 40 3024 92 3002 677 41 636 2325 68
internal_count=7027 3682 524 3158 48 491 245 43 202 110 246 181 147 113 93 51 3110 90 56 3086 62 40 3024 92 3002 677 41 636 2325 68
is_linear=0
shrinkage=0.05


Tree=234
num_leaves=31
num_cat=0
split_feature=13 11 12 2 12 13 5 2 0 3 3 17 3 6 9 16 5 17 6 16 4 17 18 11 2 3 2 1 9 18
split_gain=15.0589 1.55972 0.921972 0.690755 0.65058 0.551168 0.680129 0.98 0.404271 0.352761 0.446025 0.796481 0.615751 0.485822 0.45191 0.440685 0.62718 0.638424 0.469137 0.461818 0.39285 0.556818 0.666337 0.384602 0.572344 0.380952 0.353153 0.492029 0.515627 0.331598
threshold=0.0085482829626294075 -3.8830881846831673 293.94342572522436 364.50000000000006 206.47875505553245 0.32046165541034416 10.500000000000002 102.50000000000001 898.50000000000011 10.450000000000001 27.650000000000002 28.463231662002215 36.250000000000007 10.500000000000002 0.83354805289222267 19.690295878715236 33.500000000000007 24.322168630696982 92.500000000000014 20.495431898555399 14.15 29.743107839731081 5.4574946968981326 5.6372934956126679 148.50000000000003 8.1500000000000004 145.50000000000003 89.250000000000014 0.17552986495352002 21.563606246609123
decision_type=2 2 2 2 2 2 2 2 2 2 2 2 2 2 2 2 2 2 2 2 2 2 2 2 2 2 2 2 2 2
left_child=-1 -2 3 5 -5 6 7 -3 29 25 20 15 13 14 -13 16 -12 23 -19 -17 -11 22 -22 -18 -25 -8 27 28 -21 -7
right_child=1 2 -4 4 -6 8 9 -9 -10 10 11 12 -14 -15 -16 19 17 18 -20 26 21 -23 -24 24 -26 -27 -28 -29 -30 -31
leaf_value=-0.00022027702261762062 2.0340257036143985e-05 -0.00028912028148020809 1.8574047955577391e-05 0.00037284367177066008 -0.0062206254623565771 -0.0039584985977519768 -0.00063921464347112245 0.00018426861888144212 0.0001360599852325373 -0.00029523307606408645 -0.0010628190669458196 5.2454718769892207e-05 0.0017423559482460502 -0.00029307680445838285 0.00025839726218798855 -5.7558141919734455e-05 5.5480823149691873e-05 0.00085674803290331685 6.737307164545081e-05 0.00010646675751463341 -0.00034816668104422184 -0.0004214293242304459 0.0033508321802880113 -0.00070505496888840678 0.00085847406801561356 0.0007868140704187605 0.00062008250541300788 -0.0010502827589472193 -2.5338098610948282e-05 -0.00015227623583835293
leaf_weight=3348 32 25 36 25 23 97 21 25 24 253 45 23 20 40 21 106 33 35 23 34 23 44 21 91 21 21 30 106 52 2329
leaf_count=3348 32 25 36 25 23 97 21 25 24 253 45 23 20 40 21 106 33 35 23 34 23 44 21 91 21 21 30 106 52 2329
internal_value=-0.00257365 -0.00036559 -0.000462025 -0.000541402 0.00541667 -0.000621668 0.000300987 0.006 -0.00104082 3.29245e-05 -0.000151813 0.000588234 0.00461538 0.00273809 0.00636364 -0.00013889 0.00145161 0.00263547 0.00706896 -0.00134146 -0.00162757 0.00125 0.00522727 0.000862068 -0.000535715 0.00452381 -4.50462e-05 -0.000833335 0.00197674 -0.0011047
internal_weight=7027 3679 3647 3611 48 3563 1113 50 2450 1063 1021 680 104 84 44 576 248 203 58 328 341 88 44 145 112 42 222 192 86 2426
internal_count=7027 3679 3647 3611 48 3563 1113 50 2450 1063 1021 680 104 84 44 576 248 203 58 328 341 88 44 145 112 42 222 192 86 2426
is_linear=0
shrinkage=0.05


Tree=235
num_leaves=31
num_cat=0
split_feature=18 11 12 2 10 12 9 17 15 2 2 16 1 2 4 3 0 0 1 6 4 10 17 17 0 14 13 13 13 4
split_gain=15.3879 1.75385 0.82812 0.773991 0.743226 0.65058 0.62311 0.620953 0.772838 0.550241 0.7 0.433475 0.487189 0.627451 0.396593 0.505418 0.356655 0.594464 0.344309 0.344143 0.666667 0.331965 0.348913 0.42469 0.429501 0.386905 0.876793 0.36415 0.591097 0.354255
threshold=1.0000000180025095e-35 6.2420705122950979 276.11380416146932 364.50000000000006 0.94968266440323645 206.47875505553245 0.95495791161117582 22.263575389143835 8.9079150724814919 36.500000000000007 43.500000000000007 19.195432386273641 126.75000000000001 118.50000000000001 16.850000000000005 38.350000000000001 327.50000000000006 340.50000000000006 11.850000000000003 15.500000000000002 11.950000000000001 -0.27608674622158907 32.860689632292377 32.494283209014007 605.50000000000011 16.078377768929784 0.38148131349782294 0.24734550561797755 0.31504661761273606 15.65
decision_type=2 2 2 2 2 2 2 2 2 2 2 2 2 2 2 2 2 2 2 2 2 2 2 2 2 2 2 2 2 2
left_child=-1 4 3 21 6 -5 9 -4 -9 14 -11 -10 -13 -14 19 18 -15 -18 -16 20 -2 -3 23 25 -25 26 -23 -27 -29 -24
right_child=1 2 7 5 -6 -7 -8 8 11 10 -12 12 13 16 15 -17 17 -19 -20 -21 -22 22 29 24 -26 27 -28 28 -30 -31
leaf_value=-0.00020926317148673955 3.1052679906542796e-05 -0.00018075602277112528 -0.0074483899396331921 0.0003542014881821914 1.9924550911932556e-05 -0.0059095941892388423 4.9158313837508559e-05 0.00012446590252762149 0.00070218470858306593 1.7695207248646622e-05 -0.00026804740949228024 -0.0074114079581703894 5.9785380625875894e-05 -0.0051101761825771133 3.8605121041768287e-06 -0.00025417796634653921 0.000240060874451517 -0.00014080636800974065 8.2944391627168897e-05 -0.00030150763718164779 -0.00038282031673180384 1.6782916959686403e-05 -0.0057372795062907789 0.00393781661625599 -0.0016674309739733773 -0.00092787498999650749 0.00049516372253502949 0.0039718490036534191 -0.0001419304489878322 0.033636704614596856
leaf_weight=3345 50 1542 39 25 20 23 27 20 32 35 35 27 34 36 20 20 26 40 21 78 25 253 74 20 21 71 27 38 983 20
leaf_count=3345 50 1542 39 25 20 23 27 20 32 35 35 27 34 36 20 20 26 40 21 78 25 253 74 20 21 71 27 38 983 20
internal_value=-0.00254518 -0.000315047 -0.000658014 -0.000883114 0.0031571 0.00541667 0.00255627 0.00208661 0.00313953 0.0018662 0.00571428 0.00217949 0.00113497 0.00235294 0.000607475 0.00401639 0.000392156 0.00257576 0.00719512 -0.000751635 0.00166667 -0.00098229 -0.000454547 -0.000258317 0.0047561 -0.000408164 0.00125 -0.000833335 -0.000592558 -0.00340426
internal_weight=7027 3682 3351 3097 331 48 311 254 215 284 70 195 163 136 214 61 102 66 41 153 75 3049 1507 1413 41 1372 280 1092 1021 94
internal_count=7027 3682 3351 3097 331 48 311 254 215 284 70 195 163 136 214 61 102 66 41 153 75 3049 1507 1413 41 1372 280 1092 1021 94
is_linear=0
shrinkage=0.05


Tree=236
num_leaves=31
num_cat=0
split_feature=18 8 3 0 14 12 17 13 2 5 4 0 0 13 9 18 10 17 2 12 10 16 16 10 4 16 10 2 13 12
split_gain=15.5669 2.08577 0.809672 0.753164 1.875 0.84826 0.634687 0.712476 0.539322 1.07049 0.482399 0.708805 0.383199 0.336771 0.332265 0.522121 0.442251 0.330263 0.289544 0.272222 0.250723 0.63797 0.404326 0.410244 0.452384 0.652497 0.331831 0.552197 0.874744 0.322676
threshold=1.0000000180025095e-35 -0.12940952255126037 18.750000000000004 148.50000000000003 24.241199778612899 293.94342572522436 31.225522872807968 0.016418838862559248 346.00000000000006 64.500000000000014 11.850000000000003 9.5000000000000018 898.50000000000011 0.89034288597218125 0.03872192231363817 8.0413689877169379 -0.10737736916418625 32.038223293423115 329.50000000000006 288.98528488612806 -0.92260537345622995 16.62392011133856 18.1032528976808 -0.97502841500522164 26.550000000000004 20.507416439763805 -0.67758968959607091 304.50000000000006 0.93140227961936639 270.75168034311054
decision_type=2 2 2 2 2 2 2 2 2 2 2 2 2 2 2 2 2 2 2 2 2 2 2 2 2 2 2 2 2 2
left_child=-1 8 -3 5 -5 6 7 10 12 13 -4 -12 18 -10 15 16 19 -8 20 -9 21 -2 -23 24 -24 -26 -22 -28 -29 -25
right_child=1 2 3 4 -6 -7 17 14 9 -11 11 -13 -14 -15 -16 -17 -18 -19 -20 -21 26 22 23 29 25 -27 27 28 -30 -31
leaf_value=-0.0001988000129124026 -0.0017382330927525607 1.8928323366335417e-05 4.6785025693730096e-05 6.8690492934379482e-07 0.00025578529748794809 1.6760585195352295e-05 0.00025551745842845928 -0.0011188585318003829 -0.01133308573966154 0.00091203909667120827 -7.9129398381714845e-05 2.2084988384561425e-05 0.00013693589309141086 0.00045687692526227792 -0.00010802155799207278 0.00022925903443112017 5.4077428597122376e-05 3.572917944136498e-07 -0.011132416622361328 4.5968558092943486e-05 -0.0006947199328846763 0.0053188935397267788 -0.0024367082830189686 6.5245532289766249e-05 0.001917097034327088 -0.0047277243398860785 -0.00013335670776540632 -9.2916195914054812e-05 0.00082929053489332473 0.0038698510678460253
leaf_weight=3345 53 20 27 40 20 36 22 60 34 23 23 30 24 21 147 24 24 21 43 30 503 37 168 143 20 21 1980 27 20 41
leaf_count=3345 53 20 27 40 20 36 22 60 34 23 23 30 24 21 147 24 24 21 43 30 503 37 168 143 20 21 1980 27 20 41
internal_value=-0.00253095 -0.000287888 0.00263359 0.00224206 0.0075 0.00153153 0.000882352 0.000205478 -0.000772642 0.00333333 0.004375 0.00160377 -0.000876625 -0.000454547 -0.000964913 0.0007971 -0.000614036 0.00662791 -0.000926048 -0.00222222 -0.000867907 0.000175982 0.000813952 0.00034351 -0.00117225 0.00353658 -0.00106719 -0.000781945 0.00457447 0.00206522
internal_weight=7027 3682 524 504 60 444 408 365 3158 78 80 53 3080 55 285 138 114 43 3056 90 3013 483 430 393 209 41 2530 2027 47 184
internal_count=7027 3682 524 504 60 444 408 365 3158 78 80 53 3080 55 285 138 114 43 3056 90 3013 483 430 393 209 41 2530 2027 47 184
is_linear=0
shrinkage=0.05


Tree=237
num_leaves=31
num_cat=0
split_feature=18 8 3 2 18 5 12 16 17 12 3 12 12 9 13 10 17 4 9 10 17 9 1 0 16 18 3 11 15 14
split_gain=15.6567 2.06643 0.809672 0.74304 0.687333 1.04051 0.825962 0.77813 0.750388 0.65058 0.543586 0.465483 0.502884 0.455087 0.380263 0.374641 0.467658 0.294217 0.216544 0.219652 0.199449 0.439487 0.541904 0.321206 0.945575 0.414214 0.836237 0.402557 0.551139 0.654438
threshold=1.0000000180025095e-35 -0.12940952255126037 18.750000000000004 364.50000000000006 9.2504185900504137 26.500000000000004 293.94342572522436 20.917875680437216 26.813109187210383 206.47875505553245 32.650000000000013 275.50409068864644 261.57962746446981 0.52707282776374187 0.016418838862559248 -0.073092422389869308 28.463231662002215 12.15 0.99984258031731443 -0.99981480381338828 30.187488372002033 0.95495791161117582 118.2 832.00000000000011 22.03509115195634 70.433985130047475 38.050000000000004 37.667460987063379 20.413626351964634 5.5760615035434951
decision_type=2 2 2 2 2 2 2 2 2 2 2 2 2 2 2 2 2 2 2 2 2 2 2 2 2 2 2 2 2 2
left_child=-1 3 -3 18 6 -6 7 11 -9 -5 13 12 14 -10 -4 16 -12 -15 19 -2 23 22 -22 27 25 -25 -27 28 -21 -30
right_child=1 2 4 9 5 -7 -8 8 10 -11 15 -13 -14 17 -16 -17 -18 -19 -20 20 21 -23 -24 24 -26 26 -28 -29 29 -31
leaf_value=-0.00018886001226678246 0.00031674511185678431 1.7981907198017828e-05 1.4313261464247746e-05 0.0003783758895007083 -0.0023130937620216151 0.00028906240318042305 1.5922555935588012e-05 0.00031789927917170389 0.00012885773271655948 -0.0056597164346102284 -0.00015821380338829424 -0.00029665263751228234 4.870796487756651e-05 7.0535919081493299e-05 -0.00024659223132373573 -0.0002661968766307302 8.7818457112510961e-05 -4.7527505038793861e-05 0.00064953819052793432 -0.00034598891564814192 0.00057707718102363982 6.7154627164926628e-05 -0.00073843446760817532 0.00028948590613294464 -0.00059535756715937732 0.010623772675986345 -0.0011241706881990549 -0.00023783951443732073 0.0031265077428386102 8.7080502257211312e-05
leaf_weight=3345 22 20 36 25 22 29 36 20 21 23 35 126 23 31 40 29 31 25 22 503 36 176 413 26 32 21 20 1359 20 460
leaf_count=3345 22 20 36 25 22 29 36 20 21 23 35 126 23 31 40 29 31 25 22 503 36 176 413 26 32 21 20 1359 20 460
internal_value=-0.00252384 -0.000274309 0.00263359 -0.000756809 0.00224206 0.0077451 0.00162252 0.000995203 0.00333333 0.00541667 0.00226744 -0.001 0.00156566 0.00538961 -0.000394738 -0.000263159 0.00181818 0.00303571 -0.000852091 -0.000887307 -0.000923028 -0.00172 -0.00255011 -0.000718969 0.00207071 0.00544776 0.00231707 -0.000836893 -6.61253e-05 0.00114583
internal_weight=7027 3682 524 3158 504 51 453 417 192 48 172 225 99 77 76 95 66 56 3110 3088 3066 625 449 2441 99 67 41 2342 983 480
internal_count=7027 3682 524 3158 504 51 453 417 192 48 172 225 99 77 76 95 66 56 3110 3088 3066 625 449 2441 99 67 41 2342 983 480
is_linear=0
shrinkage=0.05


Tree=238
num_leaves=31
num_cat=0
split_feature=13 8 3 2 14 12 14 0 9 15 17 2 3 3 5 1 1 4 12 10 16 9 15 1 4 5 5 5 17 10
split_gain=15.2361 1.54805 0.885293 0.534824 0.798246 0.508802 0.620732 0.805748 0.436636 0.388314 0.368421 0.299114 0.292818 0.969799 0.273832 0.378329 0.602935 0.297816 0.751111 0.246403 0.541713 0.389234 0.366482 0.748971 0.895853 0.942857 0.642672 0.893018 0.771429 0.356879
threshold=0.0085482829626294075 -0.12940952255126037 18.750000000000004 346.00000000000006 43.77436062254467 293.94342572522436 23.974700135607073 151.50000000000003 0.98521098335796142 6.8002822819359752 23.715358878738893 329.50000000000006 27.650000000000002 29.150000000000002 20.500000000000004 96.800000000000026 133.95000000000002 19.550000000000004 71.263667047985521 -0.94128245028753155 16.62392011133856 0.29259762607704992 57.686408818533977 495.10000000000008 22.350000000000005 37.500000000000007 55.500000000000007 64.500000000000014 24.971709499323918 -0.36572252349726903
decision_type=2 2 2 2 2 2 2 2 2 2 2 2 2 2 2 2 2 2 2 2 2 2 2 2 2 2 2 2 2 2
left_child=-1 3 -3 11 -5 6 8 9 12 -8 -6 19 -4 -14 -15 17 -17 -16 -19 20 -2 22 26 24 25 -24 -22 28 -28 -21
right_child=1 2 5 4 10 -7 7 -9 -10 -11 -12 -13 13 14 15 16 -18 18 -20 29 21 -23 23 -25 -26 -27 27 -29 -30 -31
leaf_value=-0.00017941701165344334 -0.0016394291983885282 1.7082811838116423e-05 -0.00022089601452050488 0.0011532479849435827 -0.0072781030318399059 1.5126428138811944e-05 5.7151482317593764e-05 0.0002955237940035978 4.6672531568511921e-05 4.752475451183213e-06 0.00019013839821453368 -0.010563903815521324 6.855669241335743e-05 -0.0012992795880962422 -2.3494494806932707e-05 6.8325610655890174e-05 -2.9357299371124106e-05 -8.1313206266946488e-06 0.00036289102190633537 -0.00023665710521034771 -0.0012262147900697468 0.0040600115773788649 -0.01675376198400742 -0.0031245668565813723 0.0059073294465073955 0.010420384693687897 0.0028830621682008647 -0.0013993961105812787 -0.0050849723215934169 -5.8130215966682147e-05
leaf_weight=3348 43 20 28 21 21 36 23 22 20 64 36 43 23 76 117 23 25 25 20 1019 178 31 22 30 20 20 28 31 20 1594
leaf_count=3348 43 20 28 21 21 36 23 22 20 64 36 43 23 76 117 23 25 25 20 1019 178 31 22 30 20 20 28 31 20 1594
internal_value=-0.00255941 -0.000338408 0.00218391 -0.000755465 0.00333333 0.00177291 0.00133047 0.00463303 0.000322128 0.00247126 0.000263157 -0.000859046 -0.000103859 0.000339805 -0.000454547 0.000476189 0.004375 -0.000679014 0.00277778 -0.000800396 0.000319148 0.000921051 0.000444125 0.00315217 0.00629032 0.00214286 -0.000525293 0.00322785 0.0075 -0.000981632
internal_weight=7027 3679 522 3157 78 502 466 109 357 87 57 3079 337 309 286 210 48 162 45 3036 423 380 349 92 62 42 257 79 48 2613
internal_count=7027 3679 522 3157 78 502 466 109 357 87 57 3079 337 309 286 210 48 162 45 3036 423 380 349 92 62 42 257 79 48 2613
is_linear=0
shrinkage=0.05


Tree=239
num_leaves=31
num_cat=0
split_feature=18 11 10 12 9 2 12 17 5 17 4 12 4 12 10 3 10 6 6 5 5 13 9 13 4 10 4 17 18 15
split_gain=14.6826 1.42306 1.28733 0.508299 0.550695 0.508164 0.488058 0.604619 1.31006 0.505172 0.494188 0.673668 0.741758 0.446413 0.341128 0.535866 0.493904 0.338418 0.485761 0.817659 0.743568 0.330872 0.32463 0.322689 0.70644 0.313953 0.3025 0.456955 0.996371 1.05834
threshold=1.0000000180025095e-35 6.2420705122950979 0.94968266440323645 293.94342572522436 0.95495791161117582 364.50000000000006 274.15322248266278 22.263575389143835 55.500000000000007 23.816073240064274 17.050000000000004 280.97610309906594 22.950000000000003 206.47875505553245 -0.67758968959607091 42.050000000000004 -0.66483077113278999 99.500000000000014 15.500000000000002 21.500000000000004 49.500000000000007 0.051787452841669718 -0.64860553522282427 0.10261641511641513 17.550000000000004 -0.79354221435844496 18.450000000000003 24.133845082221359 37.712085615690953 51.390156959385415
decision_type=2 2 2 2 2 2 2 2 2 2 2 2 2 2 2 2 2 2 2 2 2 2 2 2 2 2 2 2 2 2
left_child=-1 2 3 4 17 6 14 -8 9 -9 25 -12 -13 -7 22 16 -16 18 19 -2 21 -21 -3 24 -24 -11 -25 28 -28 -30
right_child=1 5 -4 -5 -6 13 7 8 -10 10 11 12 -14 -15 15 -17 -18 -19 -20 20 -22 -23 23 26 -26 -27 27 -29 29 -31
leaf_value=-0.00017044616107077118 -0.00019625678587120431 -0.011288780085693922 1.7613753249321209e-05 1.4370106731864686e-05 4.8548003922242641e-05 0.00034995017511464828 -0.0070835541218008131 0.0063936545640755063 0.00086680297405068913 -0.00025364098317167755 -0.00040442949312225721 0.0002384475533242288 -8.3550811323870145e-05 -0.0053500792808383168 0.0002833778229770091 0.00010354754305606975 -0.00011722785676788154 2.5535941768371626e-05 -0.000139098592846213 0.00022106189414767058 -5.9407025703168451e-05 9.5950583712540313e-05 0.0019770541220793577 -0.0010935505197360751 -6.0975779574703075e-05 1.6915148499856803e-05 -0.0072876634754067944 -0.00026795352043792992 0.011549476237344635 -5.4352348639275345e-05
leaf_weight=3345 53 73 20 36 27 25 49 23 21 54 59 35 30 23 21 20 2037 35 85 30 22 23 27 446 29 32 35 269 22 21
leaf_count=3345 53 73 20 36 27 25 49 23 21 54 59 35 30 23 21 20 2037 35 85 30 22 23 27 446 29 32 35 269 22 21
internal_value=-0.00260211 -0.000423684 0.00270393 0.00191318 0.00118182 -0.000732618 -0.000806843 0.00110561 0.00208661 0.00100858 0.000238094 0.00225806 0.00576923 0.004375 -0.001 -0.000644852 -0.000724005 0.000443547 -0.000305166 0.00164062 0.005 0.00820755 -0.00180044 -0.00152533 0.00214286 -0.00267442 -0.00178436 -0.000677235 0.00269231 0.0077907
internal_weight=7027 3682 331 311 275 3351 3303 303 254 233 210 124 65 48 3000 2078 2058 248 213 128 75 53 922 849 56 86 793 347 78 43
internal_count=7027 3682 331 311 275 3351 3303 303 254 233 210 124 65 48 3000 2078 2058 248 213 128 75 53 922 849 56 86 793 347 78 43
is_linear=0
shrinkage=0.05


Tree=240
num_leaves=31
num_cat=0
split_feature=13 11 10 12 2 12 9 12 17 5 1 3 16 2 17 2 16 16 16 4 0 0 4 4 9 17 17 3 3 4
split_gain=14.9707 1.29736 0.831296 0.570265 0.540824 0.496753 0.59803 0.446413 0.373384 0.434463 0.581188 1.00392 0.5543 0.538681 0.377891 0.929085 0.72 0.369208 0.688305 0.781385 0.437126 0.727191 0.538092 0.400758 0.351 0.339013 0.392896 0.335228 0.511728 0.604058
threshold=0.0085482829626294075 6.2420705122950979 0.94968266440323645 272.66343242860182 364.50000000000006 293.94342572522436 0.95495791161117582 206.47875505553245 25.345442905298629 70.500000000000014 118.2 26.350000000000005 18.457582981146334 145.50000000000003 25.886778583209672 298.50000000000006 20.482433691348486 16.424408596926373 19.195432386273641 15.750000000000002 340.50000000000006 331.50000000000006 21.050000000000004 23.950000000000003 0.2595093939220971 26.333702922013938 26.437412028077457 21.050000000000004 32.150000000000013 8.2500000000000018
decision_type=2 2 2 2 2 2 2 2 2 2 2 2 2 2 2 2 2 2 2 2 2 2 2 2 2 2 2 2 2 2
left_child=-1 2 5 4 8 6 27 -6 -3 12 11 -11 -10 -12 15 24 -17 -5 19 -19 21 22 -20 -24 -14 -16 -27 -2 29 -29
right_child=1 3 -4 17 7 -7 -8 -9 9 10 13 -13 14 -15 25 16 -18 18 20 -21 -22 -23 23 -25 -26 26 -28 28 -30 -31
leaf_value=-0.0001619238530172326 -0.00013752879064191599 -0.00031596878946690675 1.673306558685114e-05 -0.0084870208201463532 0.0003324526663589666 1.3651601395281443e-05 4.752363781854784e-05 -0.0050825753167964239 0.0051721884519226021 0.00073541998568441166 -0.001585489234516786 -0.00013081122364977401 -0.0021215504386463296 0.0019717914199683835 -0.0018986515395338058 0.0094900812672404581 -0.00014050735944502358 0.00076684671279815997 -1.2579418098558729e-05 -0.00076401412730570583 -0.00020982220205767509 0.00033389864576867303 0.00029752068963694527 -0.0010539134886454731 0.00049005454243324531 0.0069277984171393706 -0.00012924910956208958 0.00042022111582989898 -0.00017651739953586604 3.8203168783603915e-06
leaf_weight=3348 25 805 20 35 25 36 26 23 40 20 68 34 40 29 136 25 25 42 98 24 68 23 24 20 37 24 1686 22 109 90
leaf_count=3348 25 805 20 35 25 36 26 23 40 20 68 34 40 29 136 25 25 42 98 24 68 23 24 20 37 24 1686 22 109 90
internal_value=-0.00258076 -0.00037918 0.00262195 -0.000672935 -0.000889958 0.00198052 0.00125 0.004375 -0.000975077 -0.000633088 0.00195364 0.00611111 -0.000827125 -0.000360826 -0.000945262 0.00169291 0.007 0.00128742 0.00185619 0.00636364 0.000579398 0.0019697 0.000633802 0.00522727 -0.00175325 -0.00112676 -0.000935674 0.000487804 0.0011086 0.00348214
internal_weight=7027 3679 328 3351 3017 308 272 48 2969 2164 151 54 2013 97 1973 127 50 334 299 66 233 165 142 44 77 1846 1710 246 221 112
internal_count=7027 3679 328 3351 3017 308 272 48 2969 2164 151 54 2013 97 1973 127 50 334 299 66 233 165 142 44 77 1846 1710 246 221 112
is_linear=0
shrinkage=0.05


Tree=241
num_leaves=31
num_cat=0
split_feature=18 15 5 13 7 2 6 12 9 1 15 12 16 13 9 1 14 14 5 14 16 16 4 1 4 5 5 16 17 4
split_gain=14.4223 1.13286 0.814769 0.72626 0.611962 0.567587 0.473503 0.446413 0.409266 0.495555 0.590035 0.38722 0.437581 0.361999 0.492969 0.359419 0.69333 1.12359 0.669153 0.545455 0.34013 1.10095 0.745921 0.582161 0.491151 0.418892 0.770407 0.364286 0.430478 0.527978
threshold=1.0000000180025095e-35 0.35294841394985871 58.500000000000007 0.012514236902050115 -0.70710678118654735 364.50000000000006 73.500000000000014 206.47875505553245 -0.62202370727958101 261.45000000000005 21.94122831812216 293.94342572522436 16.62392011133856 0.18158213768841017 0.24284747324344283 99.300000000000026 25.558392339137217 23.974700135607073 54.500000000000007 22.234622946279341 20.549397583368368 20.63128492321837 7.5500000000000007 11.850000000000003 18.350000000000005 75.500000000000014 84.500000000000014 20.744090214195712 29.61494138340473 11.550000000000002
decision_type=2 2 2 2 2 2 2 2 2 2 2 2 2 2 2 2 2 2 2 2 2 2 2 2 2 2 2 2 2 2
left_child=-1 2 3 -2 6 20 11 -7 -8 10 13 12 -3 14 -10 -14 17 19 -18 -17 -6 22 -22 -23 25 27 -27 -25 29 -29
right_child=1 4 -4 -5 5 7 8 -9 9 -11 -12 -13 15 -15 -16 16 18 -19 -20 -21 21 23 -24 24 -26 26 -28 28 -30 -31
leaf_value=-0.00015382766036637098 3.7943358771361807e-06 0.00012023570932037684 -2.3514899925669065e-05 7.3836939105535417e-05 -0.00023452319713572966 0.00031583003304115783 -0.00059009936756357394 -0.004828446550956501 0.00010249697774214337 -0.0013857891929818511 0.0036276762701361385 1.3967529525752167e-05 -0.00014129695097453126 -0.011720041441442388 -0.000720039490988987 0.0011741140952258235 -2.6420358487595737e-06 0.00021465125879043735 0.0049882871379777318 -0.00058756205688845578 -0.00056967792223197621 0.00061791184064245513 0.0032143876672391389 -0.0031423845578549409 -0.00069786432614465607 0.002961467081014202 -0.0018062654684436815 -0.00022775742774454848 -0.00047065123518220963 0.00043154753442938628
leaf_weight=3345 36 24 31 29 1114 25 60 23 32 59 39 30 114 33 39 33 433 35 27 33 22 26 30 48 297 33 25 232 538 182
leaf_count=3345 36 24 31 29 1114 25 60 23 32 59 39 30 114 33 39 33 433 35 27 33 22 26 30 48 297 33 25 232 538 182
internal_value=-0.00262345 -0.000464423 0.00489583 0.00807692 -0.000607921 -0.00101156 0.00044904 0.004375 -0.00137405 -0.000297031 0.00129371 0.00110425 0.000865521 -0.000673078 0.00133803 0.000629628 0.00114973 0.00490099 0.000326086 0.0010606 -0.00111308 -0.00060363 0.00653846 -0.000872557 -0.00101476 -0.000510398 0.00362069 -0.000750001 -0.000535715 0.000676327
internal_weight=7027 3682 96 65 3586 2595 991 48 262 202 143 729 699 104 71 675 561 101 460 66 2547 1433 52 1381 1355 1058 58 1000 952 414
internal_count=7027 3682 96 65 3586 2595 991 48 262 202 143 729 699 104 71 675 561 101 460 66 2547 1433 52 1381 1355 1058 58 1000 952 414
is_linear=0
shrinkage=0.05


Tree=242
num_leaves=31
num_cat=0
split_feature=18 11 10 2 4 1 12 17 12 10 16 3 12 2 13 4 18 15 15 18 4 4 15 4 14 1 1 15 13 15
split_gain=14.9451 1.38623 0.817074 0.499296 0.479422 0.567 0.659522 0.599174 0.474349 0.582721 0.49211 0.881378 0.446413 0.438763 0.428202 0.392136 0.341791 0.613499 0.618531 0.660443 1.38765 0.756426 0.820119 0.825714 0.64 0.512862 1.06606 0.460235 0.378038 0.357148
threshold=1.0000000180025095e-35 6.2420705122950979 0.94968266440323645 364.50000000000006 21.350000000000005 1.0000000180025095e-35 293.94342572522436 24.322168630696982 278.57452666888673 -0.36572252349726903 16.907469128418853 35.95000000000001 206.47875505553245 111.50000000000001 0.20048609849843999 10.65 61.602137314521649 43.913746981450238 62.387190978455706 48.360499163939224 9.8500000000000032 17.850000000000005 54.624302378532597 12.350000000000003 40.406759991892741 480.20000000000005 467.85000000000008 39.131812022759355 0.79988814317673385 28.194911884347487
decision_type=2 2 2 2 2 2 2 2 2 2 2 2 2 2 2 2 2 2 2 2 2 2 2 2 2 2 2 2 2 2
left_child=-1 2 4 8 5 7 -7 -2 9 15 -10 -12 -5 -13 -15 -3 17 25 19 20 -19 22 -21 24 -24 26 27 29 -18 -11
right_child=1 3 -4 12 -6 6 -8 -9 10 16 11 13 -14 14 -16 -17 28 18 -20 21 -22 -23 23 -25 -26 -27 -28 -29 -30 -31
leaf_value=-0.00014613627734805243 9.0308779942658784e-06 -0.00044086862544821527 2.1439864521457934e-05 0.0003000385313892395 -0.00015385244437889496 6.9818596152282522e-06 1.7764381537745409e-05 1.7149550996149414e-05 -0.0090658883940345734 -6.5452816906355467e-06 0.00029331440243637614 -0.00060356436475425253 -0.0045870242234085212 0.00026584997119005939 4.2465823937428668e-05 -0.00012408917308973097 -0.01760929794232451 -0.0055197998848613358 -0.00072899562053080195 -0.0015496878329130095 0.0058179035569116255 0.0020438182445937244 0.0034445956322220112 -0.0082187864358474871 7.16651490376456e-05 -0.0013715718581496996 0.016092237799541338 0.0002102126217156851 -0.00019333973117116945 -0.0023749668923948013
leaf_weight=3345 26 412 20 25 34 206 24 21 24 429 20 35 23 26 82 1070 58 26 48 80 37 28 20 25 25 109 27 21 591 110
leaf_count=3345 26 412 20 25 34 206 24 21 24 429 20 35 23 26 82 1070 58 26 48 80 37 28 20 25 25 109 27 21 591 110
internal_value=-0.00258076 -0.000382945 0.00270393 -0.000687856 0.00207395 0.00276173 0.00173913 0.00776596 -0.00076143 -0.000908217 0.00168449 0.00266871 0.004375 0.00129371 0.00287037 -0.00162618 -0.000257039 0.000329948 0.00226643 0.00329875 0.00769841 0.00174157 0.000333332 0.00428571 0.00833333 -0.000474139 0.000110731 -0.000357144 -0.00114792 -0.000640075
internal_weight=7027 3682 331 3351 311 277 230 47 3303 3116 187 163 48 143 108 1482 1634 985 289 241 63 178 150 70 45 696 587 560 649 539
internal_count=7027 3682 331 3351 311 277 230 47 3303 3116 187 163 48 143 108 1482 1634 985 289 241 63 178 150 70 45 696 587 560 649 539
is_linear=0
shrinkage=0.05


Tree=243
num_leaves=31
num_cat=0
split_feature=2 18 15 7 6 2 14 0 6 13 1 14 14 17 16 14 17 13 14 10 4 5 10 3 9 1 15 15 15 12
split_gain=14.3688 1.6051 1.33933 0.652414 0.665068 0.588529 0.798246 0.438968 1.08 0.52159 0.427213 1.02331 0.414775 0.371841 0.445515 0.69491 0.368421 0.365263 0.508872 0.641313 0.426814 0.404415 0.397042 0.464435 0.32188 0.385402 0.770582 1.04277 0.622839 0.782043
threshold=6.5000000000000009 0.34929047467215518 0.23436876353337363 -0.91597561503675329 90.500000000000014 346.00000000000006 43.77436062254467 331.50000000000006 3.5000000000000004 0.31823425778586051 37.050000000000004 16.078377768929784 18.953793107244671 25.476709167500847 18.717095282344332 51.183480003422765 23.715358878738893 0.070415698109857941 23.974700135607073 -0.2093068927635835 17.650000000000002 38.500000000000007 0.064506059999340642 25.250000000000004 0.5772862706790628 172.25000000000003 36.095545913490035 33.391968182246622 14.570925942695149 113.70623384080967
decision_type=2 2 2 2 2 2 2 2 2 2 2 2 2 2 2 2 2 2 2 2 2 2 2 2 2 2 2 2 2 2
left_child=-1 2 -2 4 7 13 -7 9 -9 10 -3 -12 -13 24 15 -15 -8 -14 21 20 -20 -19 -21 -24 25 -5 27 28 -27 -30
right_child=1 3 -4 5 -6 6 16 8 -10 -11 11 12 17 14 -16 -17 -18 18 19 22 -22 -23 23 -25 -26 26 -28 -29 29 -31
leaf_value=-0.00013882946348064981 3.9972863998795321e-06 -1.0480505744081028e-05 1.160778039697659e-05 -0.00078254290152950491 -0.00037758584565681687 0.001156085088567227 -0.006316030061052017 -7.7277691074055822e-05 0.00023366272627157702 -0.00082957064056220361 3.3613602065784622e-05 -0.00023093342435409294 9.0875451598625276e-05 0.010100837036755947 -0.00013075085097580811 -0.0063432501710141281 0.00011571790800863832 -0.0016388963286169058 5.757484928889745e-05 -0.00053608965574629603 0.00021781550238143843 4.1286578880286301e-05 -1.0570677845219037e-05 0.00010936321741087316 -0.00076686323422261635 0.00049572688676365138 -0.00021300068366543565 0.013076964802680349 -0.0035664501454154771 0.00061472836359641062
leaf_weight=3349 41 99 30 214 146 21 21 30 20 103 26 20 22 28 1929 30 36 51 31 22 34 22 46 33 106 24 342 29 87 35
leaf_count=3349 41 99 30 214 146 21 21 30 20 103 26 20 22 28 1929 30 36 51 31 22 34 22 46 33 106 24 342 29 87 35
internal_value=-0.00263057 -0.000473084 0.00697183 -0.00061963 0.00074468 -0.000951069 0.00333333 0.00152952 0.006 0.00109037 0.00189655 0.00281759 0.0019395 -0.00106941 -0.000697032 0.00362069 0.000263157 0.00247126 0.00190376 0.00343373 0.00730769 -0.00157534 0.000940593 0.00259494 -0.00195341 -0.00158003 -0.000841394 0.00185714 0.000136985 -0.00131148
internal_weight=7027 3678 71 3607 705 2902 78 559 50 509 406 307 281 2824 1987 58 57 261 239 166 65 73 101 79 837 731 517 175 146 122
internal_count=7027 3678 71 3607 705 2902 78 559 50 509 406 307 281 2824 1987 58 57 261 239 166 65 73 101 79 837 731 517 175 146 122
is_linear=0
shrinkage=0.05


Tree=244
num_leaves=31
num_cat=0
split_feature=18 18 15 7 2 6 12 12 0 6 13 13 17 17 0 1 3 17 4 4 16 4 16 9 10 17 17 16 16 9
split_gain=15.21 1.96427 1.45646 0.753481 0.536036 0.472485 0.48494 0.446413 0.421578 1.08 0.556729 1.14141 0.376369 0.336843 0.33393 0.694623 0.462952 0.805164 0.333333 0.316394 0.308629 0.318391 0.32067 0.307284 0.293902 0.271603 0.289288 0.27618 0.366581 0.94546
threshold=1.0000000180025095e-35 0.34929047467215518 0.23436876353337363 -0.91597561503675329 364.50000000000006 90.500000000000014 287.23965081703597 206.47875505553245 331.50000000000006 3.5000000000000004 0.19632589955022492 0.17327051640834293 27.462822971875305 25.476709167500847 37.500000000000007 37.050000000000004 25.250000000000004 31.225522872807968 12.350000000000003 13.65 18.457582981146334 24.450000000000003 20.744090214195712 0.57023701209772126 -0.99626127116974506 32.860689632292377 32.573320438648473 24.03758372816802 23.342973442004695 0.98801351631316348
decision_type=2 2 2 2 2 2 2 2 2 2 2 2 2 2 2 2 2 2 2 2 2 2 2 2 2 2 2 2 2 2
left_child=-1 2 19 5 13 8 -7 -6 10 -10 11 12 -3 23 15 -14 -16 18 -18 -2 -15 25 -23 24 -5 26 27 28 -22 -30
right_child=1 3 -4 4 7 6 -8 -9 9 -11 -12 -13 14 20 16 -17 17 -19 -20 -21 21 22 -24 -25 -26 -27 -28 -29 29 -31
leaf_value=-0.0001318879903066173 5.571574101387051e-06 -1.6953560506859804e-06 1.0506917638222394e-05 -0.00082510300663932656 0.00027925070941913648 -0.00078078250825904059 0.00013656504996428578 -0.0043407559192061062 -7.3413806520410431e-05 0.00022197958995807642 -0.00011038790088013992 0.00021790817933432598 6.2134907706646677e-06 0.0051695687631950421 -0.0010954601830012859 5.1491964287665314e-05 0.00013496086975724205 0.00016122260023634935 -0.00036926469961330371 -4.8565075497916146e-05 -9.8146795752367014e-05 0.00028953674582454732 -0.00085121324571570665 -0.00089195871708929461 -0.00010408278777769206 -0.0029820036046539745 0.0023239092150377965 -0.00042820830127686952 -1.2544736348188307e-06 0.0010043447096284004
leaf_weight=3345 23 132 31 97 25 120 26 23 30 20 204 34 25 40 21 22 20 21 30 21 1421 39 151 118 640 85 25 99 114 25
leaf_count=3345 23 132 31 97 25 120 26 23 30 20 204 34 25 40 21 22 20 21 30 21 1421 39 151 118 640 85 25 99 114 25
internal_value=-0.00255941 -0.000342207 0.00766667 -0.000508734 -0.000864922 0.000957446 -0.00157534 0.004375 0.00161896 0.006 0.0011886 0.00254098 0.00145756 -0.00095305 0.00327338 0.00670213 0.00152174 0.0034507 -1.19209e-09 0.00181818 -0.0005978 -0.000686576 -0.00263158 -0.00178363 -0.00140434 -0.000477672 -0.000338481 -0.000418928 -0.000256411 0.00219424
internal_weight=7027 3682 75 3607 2902 705 146 48 559 50 509 305 271 2854 139 47 92 71 50 44 1999 1959 190 855 737 1769 1684 1659 1560 139
internal_count=7027 3682 75 3607 2902 705 146 48 559 50 509 305 271 2854 139 47 92 71 50 44 1999 1959 190 855 737 1769 1684 1659 1560 139
is_linear=0
shrinkage=0.05


Tree=245
num_leaves=31
num_cat=0
split_feature=18 8 18 15 14 2 15 6 2 16 12 2 12 3 2 16 6 7 1 14 1 1 14 13 15 1 9 1 0 15
split_gain=15.5669 1.69705 0.932822 0.981781 0.706927 0.4125 0.826934 0.435374 0.333525 0.646368 0.56641 0.350715 0.330824 0.286255 0.771614 0.3656 0.616155 0.277328 0.425774 0.554664 0.402064 0.336969 0.650301 1.99643 0.491444 0.415838 0.676407 0.48472 0.478139 0.413169
threshold=1.0000000180025095e-35 -0.12940952255126037 0.34929047467215518 0.23436876353337363 23.974700135607073 104.50000000000001 7.6875909590065286 4.5000000000000009 348.50000000000006 19.926272003633439 206.47875505553245 329.50000000000006 293.94342572522436 40.250000000000007 93.500000000000014 20.917875680437216 1.0000000180025095e-35 1.0000000180025095e-35 51.100000000000009 30.579620215691588 14.050000000000002 253.75000000000003 51.183480003422765 0.71293851168443745 28.194911884347487 290.05000000000001 -0.25534383660447119 318.25000000000006 331.50000000000006 39.131812022759355
decision_type=2 2 2 2 2 2 2 2 2 2 2 2 2 2 2 2 2 2 2 2 2 2 2 2 2 2 2 2 2 2
left_child=-1 8 3 -3 12 6 -6 -8 11 10 -10 17 13 14 15 -4 -17 18 -2 -20 -19 -21 23 25 -24 26 -23 -27 -28 -26
right_child=1 2 4 -5 5 -7 7 -9 9 -11 -12 -13 -14 -15 -16 16 -18 20 19 21 -22 22 24 -25 29 27 28 -29 -30 -31
leaf_value=-0.00012529359079128645 -0.026708824208812484 4.243247216103679e-06 -0.00020148659900496159 9.9815717563119511e-06 8.4535194041553648e-05 0.00013519578187747087 0.00010478566178897713 -0.0013915550277418488 0.00036104986932633597 -0.0060920493565409257 -0.0017798505565316586 -0.0086115229958833028 1.1159196609554046e-05 -0.00070166473269441844 6.7051363211461279e-05 0.00016368461749940628 -1.1737418786393116e-06 0.0014249012552786284 0.0027483101110503099 -0.00045385039891171497 -0.00025465478049918502 -0.00010399146030978606 0.00058419866027956352 0.012660543093442051 -0.0026667742497390842 -0.002570370850295781 3.022667116547775e-06 1.885085436972213e-05 0.00018499335756209581 -6.9899775484286259e-05
leaf_weight=3345 45 40 139 31 31 30 21 28 25 20 27 49 35 44 31 26 68 32 30 114 1615 22 27 20 92 42 20 111 22 845
leaf_count=3345 45 40 139 31 31 30 21 28 25 20 27 49 35 44 31 26 68 32 30 114 1615 22 27 20 92 42 20 111 22 845
internal_value=-0.00253095 -0.000287888 0.00234733 0.00767606 0.00151214 0.005 0.003125 -0.000918369 -0.000725144 0.00263889 0.00557692 -0.00080363 0.000393585 -0.000129871 0.000492423 -0.000493563 0.00191489 -0.000735925 -0.000215829 -5.57633e-05 -0.00117486 -0.000209127 3.74676e-05 0.00238397 -0.00053942 0.000990782 0.004375 -0.000424838 0.00809524 -0.000731058
internal_weight=7027 3682 524 71 453 110 80 49 3158 72 52 3086 343 308 264 233 94 3037 1390 1345 1647 1315 1201 237 964 217 64 153 42 937
internal_count=7027 3682 524 71 453 110 80 49 3158 72 52 3086 343 308 264 233 94 3037 1390 1345 1647 1315 1201 237 964 217 64 153 42 937
is_linear=0
shrinkage=0.05


Tree=246
num_leaves=31
num_cat=0
split_feature=18 8 0 13 14 2 6 9 4 2 15 6 7 4 10 4 15 10 10 0 13 13 4 18 0 0 6 14 4 5
split_gain=15.6567 1.67961 0.73033 0.709158 0.651412 0.443322 0.478939 0.536766 0.597338 0.4125 0.826934 0.435374 0.347183 0.342306 0.359084 0.818452 0.466416 0.377733 0.362473 0.334671 0.330956 1.04403 0.700158 0.516238 0.54854 0.766661 0.445151 0.499091 0.398721 0.329521
threshold=1.0000000180025095e-35 -0.12940952255126037 10.500000000000002 0.010826417866129059 23.974700135607073 387.50000000000006 93.500000000000014 0.98801351631316348 26.550000000000004 104.50000000000001 7.6875909590065286 4.5000000000000009 -0.5 8.2500000000000018 -0.8520459593969173 13.15 0.47292095754029562 -0.16705162550211936 -0.94695267581281539 676.50000000000011 0.63812056149200258 0.70179381372983674 11.350000000000003 34.108868229636094 331.50000000000006 340.50000000000006 22.500000000000004 66.791579478483754 14.65 27.500000000000004
decision_type=2 2 2 2 2 2 2 2 2 2 2 2 2 2 2 2 2 2 2 2 2 2 2 2 2 2 2 2 2 2
left_child=-1 5 3 -3 13 6 12 8 -8 10 -6 -12 19 -4 15 -15 -16 -18 -17 20 23 -22 -23 24 -2 -26 27 -24 -29 -19
right_child=1 2 4 -5 9 -7 7 -9 -10 -11 11 -13 -14 14 16 18 17 29 -20 -21 21 22 26 -25 25 -27 -28 28 -30 -31
leaf_value=-0.00011902891125172212 -1.8889539656765674e-05 3.3641402750050655e-06 -0.00030557038323614764 9.2449823689401464e-06 8.0308434339489658e-05 0.00030317231941295051 -0.00038908417356188073 0.00011132701492113753 0.0043700764998402739 0.00012843599278356891 9.9546378699557226e-05 -0.0013219772763547978 -0.00017075671668247488 4.9680114144348885e-05 5.1394220647908808e-05 -2.3679451994607108e-05 -0.00015701634363077732 0.0010804689889613694 2.5999679945281621e-05 -0.0033198939412755618 0.0046645295854180471 -0.0015079878447975905 0.0020933254046596713 -0.00026060621803279096 0.0001849392602726546 -1.3531505245267947e-05 -0.00011452542955624239 0.001938818182216814 -0.011605663654241045 -6.2080560916693229e-06
leaf_weight=3345 188 30 53 35 31 22 483 61 34 30 21 28 1866 24 21 54 109 20 34 56 27 59 33 182 31 43 30 21 22 34
leaf_count=3345 188 30 53 35 31 22 483 61 34 30 21 28 1866 24 21 54 109 20 34 56 27 59 33 182 31 43 30 21 22 34
internal_value=-0.00252384 -0.000274309 0.00234733 0.00730769 0.00164488 -0.000709311 -0.00075893 -0.00205882 -0.00258221 0.005 0.003125 -0.000918369 -0.000465208 0.000587391 0.00125 0.00348214 -0.000108697 -0.00101227 0.00125 0.000491328 0.000817609 0.00255208 0.0010606 6.75664e-05 0.00148855 0.00513513 0.00349056 0.00552631 0.00197674 0.00240741
internal_weight=7027 3682 524 65 459 3158 3136 578 517 110 80 49 2558 349 296 112 184 163 88 692 636 192 165 444 262 74 106 76 43 54
internal_count=7027 3682 524 65 459 3158 3136 578 517 110 80 49 2558 349 296 112 184 163 88 692 636 192 165 444 262 74 106 76 43 54
is_linear=0
shrinkage=0.05


Tree=247
num_leaves=31
num_cat=0
split_feature=18 11 10 4 1 1 3 17 14 17 2 14 11 6 9 12 1 18 15 1 1 6 5 16 17 6 3 17 16 15
split_gain=15.4773 1.59147 1.22485 0.507327 0.526834 0.655518 0.755245 0.599174 0.593713 0.515723 0.501306 0.798246 0.47886 0.441477 0.513158 0.48655 0.590777 1.12458 0.853333 0.440631 0.922993 1.06943 0.440134 0.542695 0.437208 0.427337 0.385284 0.374512 0.710729 0.698472
threshold=1.0000000180025095e-35 6.2420705122950979 0.94968266440323645 21.350000000000005 1.0000000180025095e-35 35.95000000000001 38.050000000000004 24.322168630696982 22.729902822264915 31.579345589969101 346.00000000000006 43.77436062254467 37.667460987063379 93.500000000000014 0.99551215362393841 106.9849235260141 212.10000000000002 10.263212050477939 16.504519093973894 545.05000000000007 563.45000000000016 26.500000000000004 51.500000000000007 20.976160318833745 24.350024877187753 1.0000000180025095e-35 28.950000000000003 30.208180745478284 23.13369436423816 19.585850803770843
decision_type=2 2 2 2 2 2 2 2 2 2 2 2 2 2 2 2 2 2 2 2 2 2 2 2 2 2 2 2 2 2
left_child=-1 2 3 4 7 24 8 -2 -7 -10 12 -12 13 15 -15 16 17 22 -19 -14 21 -21 -3 -24 -6 -26 -25 -17 -29 -30
right_child=1 10 -4 -5 5 6 -8 -9 9 -11 11 -13 19 14 -16 27 -18 18 -20 20 -22 -23 23 26 25 -27 -28 28 29 -31
leaf_value=-0.00011307746568913602 7.1163973109074196e-06 -0.0016045785495324236 7.9497325800036798e-06 -0.00010602182141217964 5.8953665417917263e-05 -0.0001642797058601701 1.4416192547319389e-05 1.4225010838321241e-05 0.00079200469600399512 -0.00017898720767331772 0.0011045899035155007 -0.0026632731423910394 -0.00026739696253478667 -0.00034167433817759572 0.0014291041520476345 8.7214801109928051e-05 -0.01114882151544995 0.0064347267991901602 0.00050098846605004627 -8.1549685177755452e-07 -0.00016880512291689436 0.00076016056184906777 -0.00037133196757603522 -0.00039075444280172849 7.7455204699178163e-05 -0.00014714124362740302 0.0003235220897052181 -0.00054528510654360961 9.7509734144287996e-05 -0.00012001772379067753
leaf_weight=3345 26 77 20 34 23 35 22 21 20 23 21 57 1019 260 25 607 131 20 30 42 681 20 83 26 30 77 20 83 25 124
leaf_count=3345 26 77 20 34 23 35 22 21 20 23 21 57 1019 260 25 607 131 20 30 42 681 20 83 26 30 77 20 83 25 124
internal_value=-0.00253807 -0.000301468 0.00300604 0.00223473 0.00294224 0.00195652 0.005 0.00776596 0.00269231 0.00662791 -0.000628172 0.00333333 -0.00072258 -6.94916e-05 -0.00184211 0.000342576 -0.00112403 0.000273436 0.007 -0.00128263 -0.000356663 0.00548387 -0.00135922 0.000426355 -0.000384617 -0.00172897 0.00478261 0.00101907 -0.000689656 0.00137584
internal_weight=7027 3682 331 311 277 230 100 47 78 43 3351 78 3273 1511 285 1226 387 256 50 1762 743 62 206 129 130 107 46 839 232 149
internal_count=7027 3682 331 311 277 230 100 47 78 43 3351 78 3273 1511 285 1226 387 256 50 1762 743 62 206 129 130 107 46 839 232 149
is_linear=0
shrinkage=0.05


Tree=248
num_leaves=31
num_cat=0
split_feature=18 11 10 1 17 0 2 14 11 11 5 6 2 9 12 13 17 15 18 12 4 16 4 3 13 14 10 16 15 10
split_gain=15.7468 2.08195 1.01976 0.714646 0.946797 0.61102 0.507335 0.798246 0.441959 0.661317 0.441231 0.40969 0.371212 0.368996 0.400641 0.727389 0.368421 0.336846 0.667272 0.49368 0.579891 1.50367 0.501079 0.843345 0.496161 0.530603 0.533356 0.341939 0.338174 0.420929
threshold=1.0000000180025095e-35 6.64720263669148 0.95493138204271844 12.550000000000002 26.027847350331562 33.500000000000007 346.00000000000006 43.77436062254467 37.667460987063379 37.067659101532449 15.500000000000002 81.500000000000014 12.500000000000002 0.99551215362393841 276.11380416146932 0.18158213768841017 23.715358878738893 2.5855428552470254 4.3732017446696894 119.75765688221237 4.7500000000000009 20.63128492321837 17.950000000000003 34.650000000000013 0.4065429704115836 39.001410839106207 -0.88603780069526494 23.760951161420284 55.252009209345935 0.93834263341299773
decision_type=2 2 2 2 2 2 2 2 2 2 2 2 2 2 2 2 2 2 2 2 2 2 2 2 2 2 2 2 2 2
left_child=-1 2 3 4 12 -5 8 -8 9 11 -7 17 -2 14 -13 -16 -9 -3 -19 -20 21 -21 27 -24 25 26 -25 28 -22 -30
right_child=1 6 -4 5 -6 10 7 16 -10 -11 -12 13 -14 -15 15 -17 -18 18 19 20 22 -23 23 24 -26 -27 -28 -29 29 -31
leaf_value=-0.0001074235924046792 9.0542544560194367e-06 -0.0012714514274818661 7.2423698658505208e-06 -7.8402791756329213e-05 2.4925229693077434e-05 8.4027561409988905e-05 0.0010493604083398769 -0.0059913719451892894 -0.00015525686449411924 0.0074360884923575414 1.2165205152643117e-05 -0.00035307278853157387 -0.00021087608413791886 0.0011354985348908501 6.2473593588099771e-05 -0.0052538734672880824 0.00035132636924246565 0.00023742876325594773 -0.00086658192484258983 0.012118562809813056 -4.5230599201091548e-05 -0.00012043605324770689 0.0036315209811764101 0.00022535320180725704 -0.00063183137335064447 0.00084448581904487648 -0.0014144074493275993 -0.0084898528230573905 0.011062044748925788 0.0011831171851639634
leaf_weight=3345 44 47 21 105 37 24 21 21 1762 28 106 260 22 29 22 30 36 32 376 21 363 34 33 22 26 25 35 35 21 44
leaf_count=3345 44 47 21 105 37 24 21 21 1762 28 106 260 22 29 22 30 36 32 376 21 363 34 33 22 26 25 35 35 21 44
internal_value=-0.00251672 -0.000260729 0.00335654 0.00269231 0.00616505 0.00117021 -0.000651521 0.00333333 -0.000747305 -0.000111262 0.00346154 -0.000257733 0.00257576 -0.00177419 -0.00227564 0.00173077 0.000263157 0.000206462 0.00038894 0.000169081 0.000993929 0.00590909 0.000546356 0.00315603 0.00101852 0.00292683 0.000263157 -0.000248381 0.000140186 0.00346154
internal_weight=7027 3682 359 338 103 235 3323 78 3245 1483 130 1455 66 341 312 52 57 1114 1067 1035 659 55 604 141 108 82 57 463 428 65
internal_count=7027 3682 359 338 103 235 3323 78 3245 1483 130 1455 66 341 312 52 57 1114 1067 1035 659 55 604 141 108 82 57 463 428 65
is_linear=0
shrinkage=0.05


Tree=249
num_leaves=31
num_cat=0
split_feature=18 11 15 14 2 10 9 15 2 12 16 3 17 9 2 6 6 9 11 13 3 14 9 3 16 18 16 14 4 4
split_gain=15.0332 2.28954 0.753283 0.819886 0.598616 0.580597 0.656671 0.461538 0.454207 0.405882 0.453528 0.937237 0.425833 0.439363 0.422856 0.413512 0.513929 0.368622 0.72595 0.438707 0.32661 0.511298 0.632788 0.323527 0.347543 0.316122 0.521379 0.280189 0.272218 0.554963
threshold=1.0000000180025095e-35 7.2105124014547171 0.70748362666980424 8.8929430905824365 38.500000000000007 -0.8520459593969173 0.15855791680139919 6.8002822819359752 387.50000000000006 278.57452666888673 16.907469128418853 35.95000000000001 25.476709167500847 0.57023701209772126 346.00000000000006 80.500000000000014 73.500000000000014 0.34156760613242348 4.8568673843510597 0.012514236902050115 40.250000000000007 24.241199778612899 0.46735488928835739 11.450000000000001 18.457582981146334 1.4041755510523894 21.203951212947413 24.241199778612899 19.450000000000003 10.250000000000002
decision_type=2 2 2 2 2 2 2 2 2 2 2 2 2 2 2 2 2 2 2 2 2 2 2 2 2 2 2 2 2 2
left_child=-1 2 3 17 5 6 -4 -6 9 12 -11 -12 13 14 15 16 -3 19 -19 -2 27 -22 -23 -14 -25 26 -7 -13 29 -26
right_child=1 8 4 -5 7 25 -8 -9 -10 10 11 20 23 -15 -16 -17 -18 18 -20 -21 21 22 -24 24 28 -27 -28 -29 -30 -31
leaf_value=-0.00010205241278444523 4.3925535294360733e-06 -7.2071716945449306e-05 -1.7166823991220977e-05 2.7695099726908343e-05 5.3078352679981758e-05 2.7568484792613572e-05 9.0731580277745118e-06 3.460380913565619e-06 0.00040361104209937722 -0.0085245901344046214 0.00028360423979923187 1.077116115894653e-05 0.00015428830663827636 -0.0030190764095203424 0.00024691729651359068 -0.00099116728487326305 0.0016936527188574487 1.1809313709644182e-06 0.00018739300636482341 -0.00015058210850422193 -0.0014260003445660217 0.00025145966219994922 -2.0467418689596071e-05 0.0053090515674357385 -0.00027461213727508792 -0.00015477899758577991 -0.00067845154985797084 -0.00069265939352027267 -0.00035249527891052091 3.2840086353502017e-05
leaf_weight=3345 22 424 32 26 39 29 22 39 22 24 20 20 55 128 33 296 21 31 32 27 34 33 23 39 772 67 21 33 396 922
leaf_count=3345 22 424 32 26 39 29 22 39 22 24 20 20 55 128 33 296 21 31 32 27 34 33 23 39 772 67 21 33 396 922
internal_value=-0.00257365 -0.000369366 0.00326873 0.00623188 0.0016265 -2.9241e-05 0.00425926 0.00525641 -0.000796663 -0.000844792 0.00141711 0.00236196 -0.000981855 -0.00189579 -0.00144703 -0.00169366 -0.000730338 0.004375 0.00690476 0.00112245 0.000944055 0.00277778 0.00571428 -0.000604397 -0.000702209 -0.00200855 0.000999999 -0.00216981 -0.000789475 -0.000513579
internal_weight=7027 3682 387 138 249 171 54 78 3295 3273 187 163 3086 902 774 741 445 112 63 49 143 90 56 2184 2129 117 50 53 2090 1694
internal_count=7027 3682 387 138 249 171 54 78 3295 3273 187 163 3086 902 774 741 445 112 63 49 143 90 56 2184 2129 117 50 53 2090 1694
is_linear=0
shrinkage=0.05


Tree=250
num_leaves=31
num_cat=0
split_feature=18 8 13 15 17 16 18 13 4 12 14 16 17 2 0 10 9 13 1 4 3 16 16 9 6 18 5 1 0 9
split_gain=16.477 2.16511 0.682293 0.577301 0.752765 0.703247 0.54489 0.884804 0.564381 0.722027 0.582008 0.549123 0.629194 0.435419 0.398721 0.327995 0.318721 0.278656 0.264706 0.390839 0.220656 0.718548 0.625 0.208114 0.225268 0.77967 0.622843 0.467213 0.796599 0.709035
threshold=1.0000000180025095e-35 -0.12940952255126037 0.01752281746793273 0.23436876353337363 26.500740391198722 20.004029633113653 9.2504185900504137 0.19632589955022492 19.750000000000004 293.94342572522436 23.523869584928665 23.740307131660245 29.668895358888204 387.50000000000006 8.5000000000000018 -0.16705162550211936 0.29259762607704992 0.045915237553279691 27.850000000000005 14.65 11.450000000000001 20.482433691348486 21.188289925895575 0.99984258031731443 80.500000000000014 71.243211811742199 18.500000000000004 274.90000000000003 334.50000000000006 0.94130860066615818
decision_type=2 2 2 2 2 2 2 2 2 2 2 2 2 2 2 2 2 2 2 2 2 2 2 2 2 2 2 2 2 2
left_child=-1 13 3 14 5 -5 8 -8 9 10 15 12 -12 20 -3 18 -17 -10 19 -4 21 -2 -23 24 -22 27 -27 28 29 -26
right_child=1 2 6 4 -6 -7 7 -9 17 -11 11 -13 -14 -15 -16 16 -18 -19 -20 -21 23 22 -24 -25 25 26 -28 -29 -30 -31
leaf_value=-9.6949792145222988e-05 -0.0014860369516108201 2.828630317531448e-06 -0.00072638346449038446 2.9583408391086998e-05 1.9438505195855892e-05 -1.5667408063845089e-06 0.00019545043758134809 -6.0492151678007342e-05 -9.1385109233706817e-06 8.4156467149017032e-06 5.8386913893789204e-05 -0.00076576988064468415 8.2162872926109696e-05 0.000383430489994246 -5.0093000890771868e-05 1.5858130502939435e-05 -6.9847992239765487e-05 -0.00058855251937630151 -0.0004017875010713189 5.9528890447403133e-05 -6.9789527665773006e-05 0.00024662881028654677 -0.00050323741409241966 0.00051374540662881029 -0.0011715851015775575 -0.0028362652915810576 0.00036969953561849029 -0.0033642126599064482 0.00010808460070270427 0.0015213820608950303
leaf_weight=3345 22 21 46 20 20 22 24 27 22 22 34 25 20 22 22 36 26 47 68 22 2351 20 20 22 219 23 40 286 102 31
leaf_count=3345 22 21 46 20 20 22 24 27 22 22 34 25 20 22 22 36 26 47 68 22 2351 20 20 22 219 23 40 286 102 31
internal_value=-0.0024598 -0.000152092 0.00282443 0.00642857 0.00951613 0.00571428 0.00192124 0.0067647 0.00125 0.00219063 0.00149819 0.00512658 0.00796296 -0.00064598 0.00197674 5.05039e-05 0.00306451 -0.00282609 -0.00132353 0.000882352 -0.000695154 0.00225806 0.00625 -0.000754718 -0.000789647 -0.00157632 0.00373016 -0.00210031 -0.000880683 -0.0024
internal_weight=7027 3682 524 105 62 42 419 51 368 299 277 79 54 3158 43 198 62 69 136 68 3136 62 40 3074 3052 701 63 638 352 250
internal_count=7027 3682 524 105 62 42 419 51 368 299 277 79 54 3158 43 198 62 69 136 68 3136 62 40 3074 3052 701 63 638 352 250
is_linear=0
shrinkage=0.05


Tree=251
num_leaves=31
num_cat=0
split_feature=18 8 6 5 10 14 5 2 13 4 11 11 16 5 9 4 17 14 9 1 1 16 3 13 0 17 17 1 1 2
split_gain=17.0355 1.78707 0.839206 1.16262 0.855972 0.601251 0.447711 0.419825 0.402278 0.307583 0.287642 1.0725 0.347631 0.507816 0.403333 0.454737 0.565701 0.27295 0.231122 0.390185 0.456107 0.579789 0.34386 0.317756 0.700574 0.378508 0.534903 0.456704 0.600927 0.677177
threshold=1.0000000180025095e-35 -0.12940952255126037 1.0000000180025095e-35 22.500000000000004 -0.94128245028753155 17.683143624006785 10.500000000000002 387.50000000000006 0.013652122847930796 13.65 1.1403805686558013 2.8440374017320775 16.907469128418853 63.500000000000007 -0.20509690261668603 11.850000000000003 24.873350947612256 24.241199778612899 0.95992380042979863 554.45000000000016 604.25000000000011 22.682609723123054 30.750000000000004 0.065584743344964572 38.500000000000007 30.187488372002033 30.033956504167538 136.25000000000003 148.85000000000002 90.500000000000014
decision_type=2 2 2 2 2 2 2 2 2 2 2 2 2 2 2 2 2 2 2 2 2 2 2 2 2 2 2 2 2 2
left_child=-1 7 3 17 -5 -6 -4 18 9 -8 -10 -12 -13 14 -14 -16 -17 -3 23 -20 -21 -22 -23 24 -2 26 27 -25 -29 -30
right_child=1 2 6 4 5 -7 8 -9 10 -11 11 12 13 -15 15 16 -18 -19 19 20 21 22 -24 25 -26 -27 -28 28 29 -31
leaf_value=-9.2102302537961839e-05 -0.00087638422418513803 -0.00010733044182805319 0.00015893940488306978 -7.7444407633221966e-06 0.00010696191019382959 2.9322465815704885e-05 6.8533360769668094e-06 0.00036425896549472655 -0.00027769834593410943 1.7108538748934311e-06 6.6146341741490941e-05 -0.0041060951674568077 -0.00010131918632853841 0.00012606469942539825 0.00011084407831842816 4.2462655747790806e-05 -0.00029825332768281497 2.6614356506617263e-05 -0.00013381477343232532 0.00075772372503735922 0.0013708415322208263 0.0011132933437459434 -0.0025103094328778022 -0.002012242085852664 0.00038290246950801717 -0.00048787297887917171 0.0019723363247550496 0.0002265661848729623 0.00028780139965365302 -5.8638958021001895e-05
leaf_weight=3345 37 34 28 22 33 21 20 22 76 23 30 31 50 24 24 22 54 32 194 31 34 20 76 311 36 439 39 24 35 1860
leaf_count=3345 37 34 28 22 33 21 20 22 76 23 30 31 50 24 24 22 54 32 194 31 34 20 76 311 36 439 39 24 35 1860
internal_value=-0.00241711 -7.0615e-05 0.00263359 0.00591549 0.0101316 0.0135185 0.00141361 -0.000519317 0.000932202 0.00546512 0.000305465 0.00117021 -0.000121952 0.000747125 -0.000333335 0.0015 -0.000394738 0.0010606 -0.000567603 0.000633802 0.00245341 0.00115384 -0.000833335 -0.000720965 0.00253425 -0.000808716 -0.000548701 -0.000650225 -0.000362169 -0.000461743
internal_weight=7027 3682 524 142 76 54 382 3158 354 43 311 235 205 174 150 100 76 66 3136 355 161 130 96 2781 73 2708 2269 2230 1919 1895
internal_count=7027 3682 524 142 76 54 382 3158 354 43 311 235 205 174 150 100 76 66 3136 355 161 130 96 2781 73 2708 2269 2230 1919 1895
is_linear=0
shrinkage=0.05


Tree=252
num_leaves=31
num_cat=0
split_feature=2 8 13 1 2 13 4 12 2 14 18 12 2 5 18 17 9 4 17 5 6 18 1 0 6 16 10 5 15 14
split_gain=16.4987 1.43776 0.57368 0.877396 0.61827 1.03879 0.603383 0.654297 0.481625 0.798246 0.418248 0.403943 0.477242 0.470681 0.444538 0.368421 0.349355 0.596471 0.338575 0.332958 0.437515 0.910643 0.624026 0.520841 0.415496 0.419229 0.522877 0.332313 0.425611 0.804147
threshold=7.5000000000000009 -0.12940952255126037 0.01752281746793273 11.050000000000002 109.50000000000001 0.19632589955022492 21.350000000000005 293.94342572522436 346.00000000000006 43.77436062254467 0.47702471635287869 268.24075522410413 38.500000000000007 10.500000000000002 1.4041755510523894 23.715358878738893 -0.41717814939258746 15.050000000000002 17.357580921423718 69.500000000000014 2.5000000000000004 6.5200250492240439 398.60000000000008 605.50000000000011 34.500000000000007 20.723420597630057 -0.82389248692129191 63.500000000000007 7.6875909590065286 0.078308753106609466
decision_type=2 2 2 2 2 2 2 2 2 2 2 2 2 2 2 2 2 2 2 2 2 2 2 2 2 2 2 2 2 2
left_child=-1 8 3 -3 6 -6 7 11 18 -10 -5 12 14 -13 -4 -11 17 -15 -2 27 21 -21 -23 24 -22 26 -26 28 -20 -30
right_child=1 2 4 10 5 -7 -8 -9 9 15 -12 13 -14 16 -16 -17 -18 -19 19 20 23 22 -24 -25 25 -27 -28 -29 29 -31
leaf_value=-8.7497187411063738e-05 -0.0041008824595974184 1.6784685456492413e-05 4.3189923277397294e-05 -2.5498759161376956e-06 0.00023237781065386736 -8.7868313375002278e-05 -9.1658473232779917e-05 1.1632300510799142e-05 0.0010142398487241345 -0.0055330066318590556 3.9193270202150106e-05 0.0001278506152347228 0.00016036800905918768 -0.00014306211856134421 -0.00011037017842439263 0.00027619502590057131 -0.0004081893500671963 5.3103711780088696e-05 -0.0015626196746501807 0.0014200643043742087 -0.0036087676261818422 -0.0012876046467569253 0.0034757375397208067 2.3406288572575746e-05 0.00049501350355489774 0.0015348622317704912 -0.002569247777968416 -0.00052118702734707751 0.0023174962746264067 -5.9441269804750944e-05
leaf_weight=3367 83 35 28 31 27 30 54 24 21 21 20 22 39 51 40 36 80 24 127 27 48 35 20 20 39 21 79 135 21 2422
leaf_count=3367 83 35 28 31 27 30 54 24 21 21 20 22 39 51 40 36 80 24 127 27 48 35 20 20 39 21 79 135 21 2422
internal_value=-0.00247403 -0.000150274 0.00232673 0.00604651 0.00156324 0.00640351 0.000801104 0.00165584 -0.000546752 0.00333333 0.00186274 0.000985914 0.00341121 -0.000480227 0.000882352 0.000263157 -0.00145161 0.000999999 -0.00064511 -0.000557783 0.00105536 0.00414634 0.000454544 -0.000169083 -0.000989306 0.000395682 -0.000762713 -0.000730131 -0.000603114 -0.000456407
internal_weight=7027 3660 505 86 419 57 362 308 3155 78 51 284 107 177 68 57 155 75 3077 2994 289 82 55 207 187 139 118 2705 2570 2443
internal_count=7027 3660 505 86 419 57 362 308 3155 78 51 284 107 177 68 57 155 75 3077 2994 289 82 55 207 187 139 118 2705 2570 2443
is_linear=0
shrinkage=0.05


Tree=253
num_leaves=31
num_cat=0
split_feature=18 13 4 17 16 6 8 14 2 18 10 2 2 14 15 3 3 11 0 2 2 5 5 15 17 6 16 14 0 14
split_gain=16.2013 1.47771 0.640543 0.622222 0.656589 0.597825 0.468846 0.49868 0.94697 0.719309 0.550681 0.429439 0.253031 0.803929 1.19067 0.510056 0.559003 0.660981 0.414905 0.291856 0.382015 0.493733 0.849724 0.698007 0.432967 0.429727 0.392048 0.741811 0.956106 0.375535
threshold=1.0000000180025095e-35 0.020050251256281411 12.750000000000002 24.674807525114343 21.121786912540429 1.0000000180025095e-35 -0.12940952255126037 23.974700135607073 104.50000000000001 7.2241895993209218 -0.97870382656940669 387.50000000000006 310.50000000000006 50.945046058236464 58.539052000567821 38.650000000000013 40.850000000000001 79.428629237761086 832.00000000000011 267.50000000000006 248.50000000000003 15.500000000000002 19.500000000000004 44.980540423069137 23.526699221044129 3.5000000000000004 18.717095282344332 50.945046058236464 218.50000000000003 68.917765224499036
decision_type=2 2 2 2 2 2 2 2 2 2 2 2 2 2 2 2 2 2 2 2 2 2 2 2 2 2 2 2 2 2
left_child=-1 2 5 -4 -5 -2 11 10 9 -9 -8 12 19 14 -14 -15 17 -17 -18 20 24 -22 -23 -24 25 -3 27 28 -26 -25
right_child=1 6 3 4 -6 -7 7 8 -10 -11 -12 -13 13 15 -16 16 18 -19 -20 -21 21 22 23 29 26 -27 -28 -29 -30 -31
leaf_value=-8.3122328040510549e-05 0.00036721676875823195 0.00040707227419121104 2.291908238212282e-05 -1.0680760720135563e-05 7.7984286321392127e-06 2.8610610165065749e-06 3.6400319545714335e-05 3.9773781379547607e-05 0.00013193861343462469 -0.00041922911287924276 -4.2557380362280163e-06 0.00033223626592500394 -0.00034451748126511995 -0.0049993287132662793 0.0081912789366573851 0.0019531697885148977 -0.01652520032896428 -0.00037552473219135894 0.00013354046190585308 -0.00033374732859766954 -0.0085409193599908593 0.0098845357919775563 0.0077359974504753338 -0.0037056608795901884 -7.6802941921814147e-05 -0.0039461268248417681 -7.4799136483528594e-05 -0.005462798726587185 0.0059085956594392688 0.001980479436629845
leaf_weight=3345 22 45 20 43 27 31 37 34 30 46 246 22 35 83 31 30 57 39 31 432 36 20 37 68 26 199 1870 32 33 20
leaf_count=3345 22 45 20 43 27 31 37 34 30 46 246 22 35 83 31 30 57 39 31 432 36 20 37 68 26 199 1870 32 33 20
internal_value=-0.00248115 -0.000192831 0.00479021 0.00222222 -1.19209e-09 0.00915094 -0.00039418 0.0012341 0.00409091 0.00125 0.000123674 -0.000597585 -0.000646608 0.000718953 0.00560606 -0.000625001 0.00105095 0.00442029 -0.00159091 -0.000794891 -0.000578375 0.00162983 0.00293103 0.0014 -0.000759638 -0.0027459 -0.000512495 0.00269231 0.00601695 -0.00102273
internal_weight=7027 3682 143 90 70 53 3539 393 110 80 283 3146 3124 306 66 240 157 69 88 2818 2386 181 145 125 2205 244 1961 91 59 88
internal_count=7027 3682 143 90 70 53 3539 393 110 80 283 3146 3124 306 66 240 157 69 88 2818 2386 181 145 125 2205 244 1961 91 59 88
is_linear=0
shrinkage=0.05


Tree=254
num_leaves=31
num_cat=0
split_feature=13 13 2 10 12 15 17 16 2 4 5 17 17 14 9 3 3 17 16 17 2 14 0 4 12 12 16 0 16 16
split_gain=15.3251 1.02063 0.723214 0.876587 0.474 0.686954 0.508828 0.43006 0.427344 0.282898 0.426653 0.572088 0.686469 0.560606 0.417524 0.642577 0.63307 0.406309 0.622998 0.4513 0.602935 0.395517 0.54 0.340026 0.529513 0.743806 0.499047 1.23668 0.717659 0.649996
threshold=0.0085482829626294075 0.01752281746793273 9.5000000000000018 -0.90878397393106225 287.87956400137597 2.694309932088728 26.333702922013938 19.801162998961491 387.50000000000006 23.850000000000005 13.500000000000002 25.667907572438232 25.886778583209672 26.311004363032485 0.43664718845046319 39.350000000000001 40.650000000000013 27.00678948410761 21.850011486737039 31.871441003905183 169.50000000000003 63.311477995553297 316.50000000000006 14.750000000000002 276.11380416146932 272.66343242860182 19.690295878715236 775.50000000000011 19.514544174834274 20.219473845828855
decision_type=2 2 2 2 2 2 2 2 2 2 2 2 2 2 2 2 2 2 2 2 2 2 2 2 2 2 2 2 2 2
left_child=-1 2 7 -4 8 6 -6 -2 9 10 11 -3 -13 -14 15 -11 -17 -15 -19 21 -21 22 -20 24 25 -12 27 28 -25 -28
right_child=1 4 3 -5 5 -7 -8 -9 -10 14 23 12 13 17 -16 16 -18 18 19 20 -22 -23 -24 26 -26 -27 29 -29 -30 -31
leaf_value=-7.8966211638485033e-05 4.6659749052403997e-07 -0.00029144858847978712 -2.663649606417967e-05 5.0943370481880427e-05 -5.9825926228854191e-05 7.0035346603467881e-05 2.3284389910262588e-05 -1.7046816281213341e-06 0.00031562445262901589 -0.00042527653720806708 -0.000125075281372492 0.0026240922899683655 0.00025900470689597786 -0.0032137353368002844 -0.00060480037449164945 0.0070644106852508302 -8.5546722020705184e-05 0.00078814741836668852 -0.0028787378445466107 -0.0040053306957540729 0.0081074041453396244 -0.0063595971986811399 0.011006695136193116 6.2235491309967231e-06 -0.0010601334478785923 0.0023289177776932893 -0.0021432412387967208 0.00021696172789156402 0.0001003888777111045 5.0346255199856075e-06
leaf_weight=3348 24 48 20 36 67 38 21 32 22 162 1716 23 32 57 166 22 24 36 25 25 23 74 24 261 82 23 114 22 20 440
leaf_count=3348 24 48 20 36 67 38 21 32 22 162 1716 23 32 57 166 22 24 36 25 25 23 74 24 261 82 23 114 22 20 440
internal_value=-0.0025523 -0.000324818 0.004375 0.00839286 -0.000472387 0.00253968 0.000113635 0.000357142 -0.000582681 -0.000627378 -0.000467981 0.00113079 0.00189655 0.00125 -0.00192513 -0.000432693 0.00478261 0.000492423 0.00152174 0.000263157 0.004375 -0.00134146 0.00214286 -0.000687081 -0.00107359 -0.000888443 0.000134188 0.00176568 0.000871885 -0.000758124
internal_weight=7027 3679 112 56 3567 126 88 56 3441 3419 3045 367 319 296 374 208 46 264 207 171 48 123 49 2678 1821 1739 857 303 281 554
internal_count=7027 3679 112 56 3567 126 88 56 3441 3419 3045 367 319 296 374 208 46 264 207 171 48 123 49 2678 1821 1739 857 303 281 554
is_linear=0
shrinkage=0.05


Tree=255
num_leaves=31
num_cat=0
split_feature=13 11 11 1 3 6 12 15 2 12 1 17 4 1 4 9 3 12 3 16 17 17 16 11 13 4 1 10 17 6
split_gain=15.6835 1.49526 0.473914 0.601004 0.915751 0.461385 0.641212 1.14599 0.431399 0.422218 0.419255 0.414079 0.301177 0.764755 0.788602 0.544065 0.420819 0.356271 0.716687 0.42119 0.630176 2.13089 0.558674 0.500019 1.29381 0.442044 0.473982 0.428706 0.417763 0.5588
threshold=0.0085482829626294075 7.2105124014547171 4.8568673843510597 37.050000000000004 38.050000000000004 16.500000000000004 67.591300834537421 0.70748362666980424 387.50000000000006 287.87956400137597 69.65000000000002 31.27657349735799 14.750000000000002 16.850000000000005 14.850000000000003 0.94130860066615818 19.850000000000005 276.11380416146932 37.550000000000004 21.565835419591156 27.142913979334427 27.715266127371958 23.13369436423816 26.819483663903579 0.30152419456589125 17.550000000000004 532.45000000000016 -0.54160775828284857 25.959126420921944 17.500000000000004
decision_type=2 2 2 2 2 2 2 2 2 2 2 2 2 2 2 2 2 2 2 2 2 2 2 2 2 2 2 2 2 2
left_child=-1 2 3 -2 10 6 -4 -8 9 12 -5 -12 -3 -14 -15 16 -16 19 -19 20 23 -22 -21 -18 -25 -26 27 28 29 -27
right_child=1 8 5 4 -6 -7 7 -9 -10 -11 11 -13 13 14 15 -17 17 18 -20 22 21 -23 -24 24 25 26 -28 -29 -30 -31
leaf_value=-7.5017901056560776e-05 -3.6010572837454508e-07 -0.00013030458566953338 -5.8540800857823138e-06 4.2849678818318175e-05 1.4364267851912898e-05 2.4591561896761173e-06 0.00021659046350629282 4.8585939635477712e-05 0.00029984322999771894 0.00013437290250449944 -0.00029555372897537073 3.3231872556188016e-05 0.0014905529218854896 0.0014616073995527732 0.0019058808686164609 -0.001153814602038632 -0.0034222743084882414 0.00099966723304047394 2.921897751723741e-05 -0.0013534772096306595 0.012249308088659008 -0.00047931401849628718 0.00080346067010830249 0.0013948953888180582 -0.0033751472635872681 0.00022507143947862182 0.00026221094942209571 0.00075790490798233537 -0.011716832812388431 -0.00093927796598155795
leaf_weight=3348 183 1918 20 24 21 35 26 29 22 29 25 21 32 21 21 149 79 23 109 174 39 89 59 25 104 127 32 22 70 151
leaf_count=3348 183 1918 20 24 21 35 26 29 22 29 25 21 32 21 21 149 79 23 109 174 39 89 59 25 104 127 32 22 70 151
internal_value=-0.00252384 -0.000270455 0.00268229 0.00156934 0.00489011 0.00545454 0.00766667 0.0104545 -0.000614569 -0.000661474 0.00214286 -0.000652175 -0.000715168 -0.000135748 -0.000324576 -0.000483112 -0.000106763 -0.000240255 0.00219697 -0.000571577 1.35489e-05 0.00320312 -0.00242489 -0.000655739 -0.000103579 -0.000652175 9.95013e-05 -0.000405407 -0.000833335 3.597e-05
internal_weight=7027 3679 384 274 91 110 75 55 3295 3273 70 46 3244 1326 1294 1273 1124 1103 132 971 738 128 233 610 531 506 402 370 348 278
internal_count=7027 3679 384 274 91 110 75 55 3295 3273 70 46 3244 1326 1294 1273 1124 1103 132 971 738 128 233 610 531 506 402 370 348 278
is_linear=0
shrinkage=0.05


Tree=256
num_leaves=31
num_cat=0
split_feature=13 11 1 3 3 9 9 10 16 4 4 2 12 9 3 17 18 2 2 1 4 2 15 4 15 4 2 15 15 2
split_gain=15.4143 1.07775 0.579968 0.805438 0.802174 0.856126 0.467565 0.490237 0.609408 0.520672 0.445976 0.428507 0.418849 0.390371 0.338629 0.278375 0.331797 0.296233 0.399486 1.16145 0.467453 0.52685 0.601369 0.552942 0.595621 0.367737 0.367461 0.30695 0.292448 0.304529
threshold=0.0085482829626294075 6.64720263669148 37.050000000000004 38.050000000000004 33.050000000000004 0.53436760985011655 0.94417876540878176 -0.65187484896379921 20.810019170304464 19.950000000000003 14.050000000000002 387.50000000000006 287.87956400137597 0.021515898191483886 24.950000000000003 17.357580921423718 41.048388654302563 352.50000000000006 304.50000000000006 554.45000000000016 9.0500000000000025 306.50000000000006 59.122303243579587 13.950000000000001 62.387190978455706 27.750000000000004 283.50000000000006 67.658304142188697 78.802865643448854 280.50000000000006
decision_type=2 2 2 2 2 2 2 2 2 2 2 2 2 2 2 2 2 2 2 2 2 2 2 2 2 2 2 2 2 2
left_child=-1 2 6 4 5 -4 7 8 9 10 13 12 15 -2 -7 16 -3 18 26 20 -20 -22 -23 -24 -25 27 28 -26 29 -17
right_child=1 11 3 -5 -6 14 -8 -9 -10 -11 -12 -13 -14 -15 -16 17 -18 -19 19 -21 21 22 23 24 25 -27 -28 -29 -30 -31
leaf_value=-7.1267006003732742e-05 5.2459438436855579e-06 -0.0093294795930951718 0.00012065930396227328 1.3646054459309757e-05 -0.00042517991545133543 -0.00046732119896557316 3.0815829475648685e-05 -5.3512563942424902e-05 0.00024940425380449879 -9.0629618230601657e-05 4.4728002788606087e-05 0.00028485106849791391 0.00012765425737927398 -0.00021308931000338935 0.0002777850629040296 -4.6265296978031249e-05 0.0018498915835553659 -0.0044763404028357488 -0.0070113703772811111 0.00027140609404315371 0.00019896221256971705 -0.0047342495346530929 0.0034922864120435619 0.00028080497436496643 -0.013882750288120613 0.0041396475953317993 -0.00074783127555639163 0.00027443886317996544 -0.0021380049753412689 0.0037016689223307573
leaf_weight=3348 29 72 20 21 31 26 24 77 20 31 33 22 29 24 20 2481 21 38 66 24 22 66 41 24 53 21 189 21 108 25
leaf_count=3348 29 72 20 21 31 26 24 77 20 31 33 22 29 24 20 2481 21 38 66 24 22 66 41 24 53 21 189 21 108 25
internal_value=-0.00254518 -0.000311227 0.00230337 0.00516949 0.00324742 0.00636364 0.000882352 0.000140186 0.00193431 0.000555554 0.00255814 -0.000591334 -0.000637687 -0.00028302 0.00260869 -0.00069071 -0.0033871 -0.000611829 -0.00055874 0.00106509 0.000254776 0.00125 0.000530972 0.0021875 0.000462184 -0.00131579 -0.00075455 -0.00297297 -0.000600613 -0.000490823
internal_weight=7027 3679 356 118 97 66 238 214 137 117 86 3323 3301 53 46 3272 93 3179 3141 338 314 248 226 160 119 95 2803 74 2614 2506
internal_count=7027 3679 356 118 97 66 238 214 137 117 86 3323 3301 53 46 3272 93 3179 3141 338 314 248 226 160 119 95 2803 74 2614 2506
is_linear=0
shrinkage=0.05


Tree=257
num_leaves=31
num_cat=0
split_feature=13 11 2 1 2 14 6 12 17 4 12 15 18 1 3 4 14 17 3 18 3 4 18 18 18 13 2 15 12 4
split_gain=16.0462 1.19345 0.625533 0.916667 0.918564 0.561364 0.698588 0.441209 0.408262 0.405134 0.685287 0.469307 0.983405 0.651377 0.47188 0.596814 0.455151 0.554669 0.432143 0.380841 0.923077 0.692308 0.379298 0.855663 0.412365 0.888706 1.14606 0.419915 1.13948 0.314881
threshold=0.0085482829626294075 7.2105124014547171 302.50000000000006 548.35000000000014 305.50000000000006 47.593982546932629 91.500000000000014 287.87956400137597 17.357580921423718 21.350000000000005 293.94342572522436 0.70748362666980424 0.661223890837769 37.050000000000004 27.650000000000002 10.050000000000002 8.0831056965918897 25.268654498422432 34.250000000000007 4.3732017446696894 24.950000000000003 12.550000000000002 5.8081195090771276 6.2011050452530458 8.2073838487936044 0.18158213768841017 102.50000000000001 13.594880076435699 271.94074614720762 21.350000000000005
decision_type=2 2 2 2 2 2 2 2 2 2 2 2 2 2 2 2 2 2 2 2 2 2 2 2 2 2 2 2 2 2
left_child=-1 9 7 4 -4 6 -6 8 -3 10 11 12 16 -13 15 -15 17 -2 -16 20 -10 -22 -21 -24 -25 26 -26 28 -27 -8
right_child=1 2 3 -5 5 -7 29 -9 19 -11 -12 13 -14 14 18 -17 -18 -19 -20 22 21 -23 23 24 25 27 -28 -29 -30 -31
leaf_value=-6.7703655703546105e-05 5.4314055030000605e-06 -0.0043541208231231907 0.00032424959049901213 0.0002981684193470815 0.001208034656554341 -0.00042050510632635565 -0.00016711367808724161 0.00012127154451028315 -0.001426419478782784 -2.2845304495422287e-05 5.904711553250667e-06 -0.00055177070304400196 0.00018541673652333116 6.7105903478382727e-05 0.0005871055838931956 -0.0001073094449356636 8.3621034228994057e-06 -9.5662857414762613e-06 1.617409066433609e-05 -0.0033401238884692972 -0.00021228188205021784 0.0024665526531459691 0.0028318036807871501 -0.0013276959382622431 -1.2676430530454852e-05 0.0020817561329861886 0.001071576784155838 -0.0001630833035674607 -0.00031988410470536036 0.0038627626871412636
leaf_weight=3348 34 80 28 36 26 294 28 29 26 48 25 81 20 21 20 37 26 36 36 54 26 26 21 153 48 29 38 2293 40 20
leaf_count=3348 34 80 28 36 26 294 28 29 26 48 25 81 20 21 20 37 26 36 36 54 26 26 21 153 48 29 38 2293 40 20
internal_value=-0.00249538 -0.000216093 -0.000523522 0.00125 0.000555554 -0.000108697 0.00378378 -0.000791129 -0.000853918 0.00242187 0.00303571 0.0023955 0.00491379 0.000897435 0.00333333 0.000172413 0.0028125 0.000714285 0.00660714 -0.000751635 0.00269231 0.00653846 -0.000852019 -0.000766592 -0.000847752 -0.000690361 0.00430232 -0.000872143 0.00297101 0.000208332
internal_weight=7027 3679 3295 432 396 368 74 2863 2834 384 336 311 116 195 114 58 96 70 56 2754 78 52 2676 2622 2601 2448 86 2362 69 48
internal_count=7027 3679 3295 432 396 368 74 2863 2834 384 336 311 116 195 114 58 96 70 56 2754 78 52 2676 2622 2601 2448 86 2362 69 48
is_linear=0
shrinkage=0.05


Tree=258
num_leaves=31
num_cat=0
split_feature=13 11 10 2 1 2 14 14 4 4 17 17 15 13 2 15 15 9 4 12 2 10 2 14 5 4 3 14 3 2
split_gain=15.9551 1.37609 1.14446 0.560891 0.636574 0.918564 0.561364 0.543036 0.401111 0.382904 0.378315 0.740159 0.370247 0.681818 0.358874 0.591805 0.808164 0.706723 0.460357 0.775107 0.440104 0.550298 0.514286 0.333221 0.325768 0.686516 0.350341 0.359892 0.388446 0.309695
threshold=0.0085482829626294075 6.64720263669148 0.95493138204271844 302.50000000000006 548.35000000000014 305.50000000000006 47.593982546932629 35.567829786841443 17.350000000000005 29.150000000000002 22.263575389143835 22.676794758167365 43.913746981450238 0.8821427710612767 9.5000000000000018 0.70748362666980424 1.4104676152337541 0.6254047815183511 21.350000000000005 293.94342572522436 25.500000000000004 -0.10737736916418625 38.500000000000007 67.254118908342988 36.500000000000007 6.8500000000000005 39.750000000000007 73.523255476990641 22.050000000000004 294.50000000000006
decision_type=2 2 2 2 2 2 2 2 2 2 2 2 2 2 2 2 2 2 2 2 2 2 2 2 2 2 2 2 2 2
left_child=-1 2 14 9 5 -5 7 -7 -9 10 12 -12 -3 -14 -2 17 -17 -16 19 20 -18 -22 -23 29 26 -26 27 -25 -29 -13
right_child=1 3 -4 4 -6 6 -8 8 -10 -11 11 23 13 -15 15 16 18 -19 -20 -21 21 22 -24 24 25 -27 -28 28 -30 -31
leaf_value=-6.4318472918368803e-05 -3.2535166441619401e-06 -0.0023816561822259967 2.7098441591082471e-05 0.00030803711097408804 0.00028325999837965158 -0.00011441101815768155 -0.00039947985101027283 0.0012321601709167403 0.00087711852637363053 -0.00069289926924421077 0.00056088623013778374 -1.5599216838294662e-05 0.0068373799841489769 -0.0035091075299878358 4.6167642480512958e-06 -0.0010548781424551106 5.2012043701269223e-05 0.00022511560580068207 -0.00013013604342606455 5.7800780163069713e-06 -0.00036480025391546811 -0.0001820541691989454 0.00016513267072621688 -0.0025384731402364304 0.0042173429748821765 -0.00012925717418259738 0.010060076355809138 0.050702035149956116 -0.0011822400312546709 -0.0087335163551257016
leaf_weight=3348 49 245 21 28 36 29 294 25 20 94 22 1911 24 20 40 40 32 28 27 23 40 20 36 169 22 92 23 27 208 34
leaf_count=3348 49 245 21 28 36 29 294 25 20 94 22 1911 24 20 40 40 32 28 27 23 40 20 36 169 22 92 23 27 208 34
internal_value=-0.00250249 -0.000229683 0.00272472 -0.000546194 0.00113426 0.000555554 -0.000108697 0.00378378 0.00722222 -0.000797303 -0.000691814 -0.000494419 -0.00240485 0.00181818 0.00201492 0.00269231 0.00142202 0.0067647 0.00286517 0.0039404 0.00242187 0.000729165 0.00392857 -0.000575222 -0.00167283 0.000701753 -0.00230679 -0.00264852 -0.00138298 -0.000269924
internal_weight=7027 3679 356 3323 432 396 368 74 45 2891 2797 2508 289 44 335 286 218 68 178 151 128 96 56 2486 541 114 427 404 235 1945
internal_count=7027 3679 356 3323 432 396 368 74 45 2891 2797 2508 289 44 335 286 218 68 178 151 128 96 56 2486 541 114 427 404 235 1945
is_linear=0
shrinkage=0.05


Tree=259
num_leaves=31
num_cat=0
split_feature=13 13 0 2 4 0 13 7 13 2 5 1 2 16 1 1 2 14 2 14 1 16 4 5 1 15 15 3 17 5
split_gain=16.229 0.917064 0.821686 0.607676 0.616117 0.577565 0.624642 0.465113 0.670658 1.24418 0.584019 0.948888 0.432057 0.399135 0.344243 0.886636 1.04833 0.434326 0.372517 0.332664 0.404331 0.945047 0.56391 0.543233 0.376068 0.716169 0.422285 0.538557 0.688228 0.441315
threshold=0.0085482829626294075 0.070415698109857941 891.00000000000011 36.500000000000007 16.250000000000004 73.500000000000014 0.10261641511641513 0.91597561503675362 0.19632589955022492 109.50000000000001 50.500000000000007 118.2 387.50000000000006 23.984022187878914 188.05000000000004 203.95000000000002 159.50000000000003 4.6607666665367633 327.50000000000006 19.763052436788708 11.850000000000003 20.931331364933232 18.750000000000004 76.500000000000014 15.150000000000002 0.70748362666980424 1.4104676152337541 30.250000000000004 26.333702922013938 76.500000000000014
decision_type=2 2 2 2 2 2 2 2 2 2 2 2 2 2 2 2 2 2 2 2 2 2 2 2 2 2 2 2 2 2
left_child=-1 3 5 19 -5 -3 -7 8 9 10 13 -12 14 -8 17 16 -16 -10 -19 20 21 22 23 -2 -22 -26 -27 29 -29 -28
right_child=1 2 -4 4 -6 6 7 -9 12 -11 11 -13 -14 -15 15 -17 -18 18 -20 -21 24 -23 -24 -25 25 26 27 28 -30 -31
leaf_value=-6.1102549272450371e-05 1.8894384491326539e-05 -0.0011777166653807753 5.7051976191284674e-05 0.00031035811773998036 -0.00018702441378160906 0.0015022348644041427 -7.1510319039794567e-05 -0.010146793866860831 0.00099311108106435019 0.00061209973349175676 -9.9273906348180436e-05 0.0009365437520266408 0.00031160776293953705 9.896988663041673e-05 -1.6587412593022778e-05 -0.00010449104766613821 0.0040501332177845127 -0.00094888903989793637 0.00043974741603935801 3.3598710921849458e-05 -1.3899133259659511e-05 0.00019199180263324912 -3.0033763677896662e-05 -0.00059272624627556886 4.3157132250196966e-05 -0.0008317070108378315 -0.0032436493319016007 -3.8066243013316797e-05 5.1480648418641089e-05 8.2262312809546921e-05
leaf_weight=3348 36 92 32 39 21 36 94 77 21 39 20 23 22 28 23 2485 20 220 26 20 36 23 27 21 21 40 47 35 31 24
leaf_count=3348 36 92 32 39 21 36 94 77 21 39 20 23 22 28 23 2485 20 220 26 20 36 23 27 21 21 40 47 35 31 24
internal_value=-0.00248115 -0.000188911 -0.000472684 0.00200712 0.00666667 -0.000551768 -0.000437142 -0.000513236 -0.000415427 0.00235294 0.000454544 0.00546512 -0.000615905 -0.00131148 -0.000670842 -0.000490508 0.00662791 -0.00237828 -0.00296748 0.00123269 0.000865101 0.00341121 0.00095238 0.00377193 -0.000299146 0.000555554 -0.000480227 0.000839415 0.00409091 -0.0021831
internal_weight=7027 3679 3258 421 60 3226 3134 3098 3021 204 165 43 2817 122 2795 2528 43 267 246 361 341 107 84 57 234 198 177 137 66 71
internal_count=7027 3679 3258 421 60 3226 3134 3098 3021 204 165 43 2817 122 2795 2528 43 267 246 361 341 107 84 57 234 198 177 137 66 71
is_linear=0
shrinkage=0.05


Tree=260
num_leaves=31
num_cat=0
split_feature=2 0 1 9 18 16 15 15 15 9 6 18 5 1 2 11 0 16 9 3 15 15 15 14 13 17 18 10 10 5
split_gain=15.8734 0.773943 0.407522 0.469717 0.404478 0.69344 0.537064 0.565582 0.537666 0.622359 0.662039 1.27435 1.01747 0.748831 0.469341 0.613151 0.467836 0.460458 0.539474 0.397111 0.376582 0.828429 0.479973 0.527026 0.454555 0.437928 0.550671 0.420274 0.556812 0.443344
threshold=6.5000000000000009 891.00000000000011 673.40000000000009 0.99984258031731443 73.528219932940772 20.264778613651444 69.37147781078626 57.497066755332249 62.387190978455706 -0.97109105924028405 23.500000000000004 61.416689742835629 30.500000000000004 508.80000000000001 346.00000000000006 59.824572479700599 842.50000000000011 18.646163228713728 -0.97505550290239429 35.45000000000001 13.594880076435699 11.229541520966139 18.507455861255931 6.3656501350523191 0.91750426536523444 30.187488372002033 21.718676228415863 0.72064045540576338 0.61864848712698539 26.500000000000004
decision_type=2 2 2 2 2 2 2 2 2 2 2 2 2 2 2 2 2 2 2 2 2 2 2 2 2 2 2 2 2 2
left_child=-1 2 3 4 6 -6 7 14 9 -9 11 -11 -12 -13 15 20 17 -10 -19 -7 21 -2 -22 25 27 26 -24 28 29 -25
right_child=1 -3 -4 -5 5 19 -8 8 16 10 12 13 -14 -15 -16 -17 -18 18 -20 -21 22 -23 23 24 -26 -27 -28 -29 -30 -31
leaf_value=-5.8047421808827845e-05 2.879392519152856e-06 5.4199377382029307e-05 -0.0010609798409216542 0.00061142195102676126 0.021050083076484261 0.00029117630463008063 -0.00078230643016280867 -0.0034575237775297308 0.0055874101584134422 0.0011438281656373311 0.0023017689920432033 0.00031299505809364691 -0.00021764709364749542 -0.00292283685512865 0.0011314013392953665 -0.0055294155045573865 0.00074318447037601443 0.001391671668765918 -0.0028711828980872069 -0.0019581866025817451 -0.0018257889558094108 0.0016823668778196731 -0.00032176352160403441 1.6180107840160525e-05 0.00054017486713468224 -0.00085146111128375248 0.001466540732581315 -0.00034906847195958574 0.0092963710815477784 -0.00030799160044423651
leaf_weight=3349 837 32 344 20 27 43 159 20 35 36 26 33 46 42 27 113 20 29 240 23 175 29 23 429 22 22 39 135 32 620
leaf_count=3349 837 32 344 20 27 43 159 20 35 36 26 33 46 42 27 113 20 29 240 23 175 29 23 429 22 22 39 135 32 620
internal_value=-0.00250961 -0.000241981 -0.00030993 -0.000139311 -0.000185863 0.00306451 -0.000280653 -0.000132014 0.00135674 0.00337438 0.00428962 0.00671171 0.000555554 0.003 -0.000445467 -0.000516964 9.25914e-05 -0.000394738 -0.00109666 0.000303029 -0.000344902 0.000484987 -0.000824984 -0.000499245 -0.00075929 0.00333333 0.00548387 -0.000888159 -0.000559668 -0.000757866
internal_weight=7027 3678 3646 3302 3282 93 3189 3030 527 203 183 111 72 75 2503 2476 324 304 269 66 2363 866 1497 1322 1238 84 62 1216 1081 1049
internal_count=7027 3678 3646 3302 3282 93 3189 3030 527 203 183 111 72 75 2503 2476 324 304 269 66 2363 866 1497 1322 1238 84 62 1216 1081 1049
is_linear=0
shrinkage=0.05


Tree=261
num_leaves=31
num_cat=0
split_feature=18 2 1 4 13 5 3 1 14 1 2 17 17 6 16 1 12 1 17 4 4 3 5 13 18 18 1 6 4 3
split_gain=15.6567 0.533835 1.42838 0.811429 0.740722 0.671703 0.493893 1.11218 0.53208 0.557234 0.700322 0.611442 0.586616 0.5134 0.675 0.49102 0.466667 0.462051 0.45994 0.536246 1.00169 0.416843 0.41564 0.400755 0.499474 1.10805 0.644615 0.586446 0.461526 0.424463
threshold=1.0000000180025095e-35 297.50000000000006 560.95000000000016 27.750000000000004 0.32046165541034416 68.500000000000014 15.65 105.80000000000003 23.523869584928665 99.300000000000026 117.50000000000001 27.462822971875305 31.225522872807968 6.5000000000000009 21.054447911324178 188.05000000000004 121.21800987321011 11.850000000000003 26.500740391198722 18.750000000000004 14.950000000000001 25.250000000000004 76.500000000000014 0.34492460234133032 34.399880583149859 28.613117394034933 311.75000000000006 87.500000000000014 25.850000000000005 40.45000000000001
decision_type=2 2 2 2 2 2 2 2 2 2 2 2 2 2 2 2 2 2 2 2 2 2 2 2 2 2 2 2 2 2
left_child=-1 4 3 5 6 -3 7 -2 17 -10 12 -12 13 14 -11 -6 -9 18 19 20 22 -14 -8 -17 25 29 27 -27 -26 -25
right_child=1 2 -4 -5 15 -7 8 16 9 10 11 -13 21 -15 -16 23 -18 -19 -20 -21 -22 -23 -24 24 28 26 -28 -29 -30 -31
leaf_value=-5.5145050718386456e-05 0.00020125155016296887 -6.7398897793808624e-05 0.0002601020468550575 0.0035874120835055392 -0.0081625317164413878 0.00036636880310215401 2.0879087993699832e-05 -0.00021489364294040585 -0.0040987087928248539 0.0001603301861319648 0.00030853171483003107 0.0056870704847546919 4.6351430394925243e-05 -8.3004576439499425e-05 -0.00011349917420347301 -0.0036634705596722246 0.00024062851498228224 -1.3596121860006288e-05 5.6308388534941589e-05 -3.121331163838891e-05 0.00017276589514331978 0.0001306711540784193 -0.0018018656842356661 -0.00041038210973886447 -0.00012160392726876635 -3.4889687848255524e-05 0.025038792653851522 0.0015133579402313068 -0.0010913559180035684 5.0722638528220729e-05
leaf_weight=3345 25 373 21 40 100 34 29 42 35 30 27 21 22 61 24 58 28 710 32 30 20 21 27 96 1541 27 21 20 115 52
leaf_count=3345 25 373 21 40 100 34 29 42 35 30 27 21 22 61 24 58 28 710 32 30 20 21 27 96 1541 27 21 20 115 52
internal_value=-0.00252384 -0.000274309 0.00130342 0.000704697 -0.000504046 3.68538e-05 0.000489864 0.00394737 0.000188245 0.00226141 0.00325243 0.00854167 0.00164557 -0.000217392 0.00333333 -0.00108375 0.000714285 -0.000400945 0.00224638 0.000660376 0.00289474 0.00662791 -0.000535715 -0.000906737 -0.000779916 0.00148148 0.0067647 0.00351064 -0.00107488 -0.000945947
internal_weight=7027 3682 468 447 3214 407 1184 95 1089 241 206 48 158 115 54 2030 70 848 138 106 76 43 56 1930 1872 216 68 47 1656 148
internal_count=7027 3682 468 447 3214 407 1184 95 1089 241 206 48 158 115 54 2030 70 848 138 106 76 43 56 1930 1872 216 68 47 1656 148
is_linear=0
shrinkage=0.05


Tree=262
num_leaves=31
num_cat=0
split_feature=2 0 13 2 5 11 1 13 3 2 1 3 10 15 11 10 5 5 5 14 17 13 2 5 11 4 12 3 3 0
split_gain=16.0372 0.769305 0.479736 1.4857 1.20451 0.749152 0.700324 1.18161 0.491799 0.48715 0.846154 0.629443 0.501963 0.731586 0.860381 0.65641 0.44971 0.448737 0.882652 0.459583 0.730033 0.38794 0.592392 0.484378 0.583141 0.431967 0.426758 0.497278 0.807496 0.377077
threshold=7.5000000000000009 891.00000000000011 0.20866728854958086 109.50000000000001 27.500000000000004 13.584800565826358 183.10000000000002 0.12300981857433471 32.150000000000013 302.50000000000006 548.35000000000014 31.250000000000004 -0.94695267581281539 57.686408818533977 79.428629237761086 -0.97870382656940669 35.500000000000007 80.500000000000014 76.500000000000014 17.683143624006785 24.658148426587591 0.23589178582342821 106.50000000000001 62.500000000000007 13.584800565826358 28.850000000000005 224.88757814396817 30.850000000000005 32.45000000000001 266.50000000000006
decision_type=2 2 2 2 2 2 2 2 2 2 2 2 2 2 2 2 2 2 2 2 2 2 2 2 2 2 2 2 2 2
left_child=-1 2 3 5 -5 6 8 -8 17 21 11 -11 13 -13 16 -16 -15 18 19 20 -2 -4 23 24 -23 26 -24 -28 -29 -30
right_child=1 -3 9 4 -6 -7 7 -9 -10 10 -12 12 -14 14 15 -17 -18 -19 -20 -21 -22 22 25 -25 -26 -27 27 28 29 -31
leaf_value=-5.2387798182467134e-05 7.7338609435327775e-05 5.5661060899585865e-05 -0.00961759612328867 3.8509055162072237e-05 0.0013780946247803276 -0.0026181257554018381 -0.00087589674663746077 9.1574682473941863e-05 -1.0088106107671087e-05 0.00082408472935435653 0.0002898861401013177 -0.012475643755644963 -0.00017921297619921821 0.00048716356564307365 -0.0032948025361128688 0.0022590994413211603 0.0094509489612251175 -0.00014459132788529526 0.00010999108172444004 8.2951530256464171e-05 -4.6312894250286603e-06 4.3222454768774973e-05 -0.00046381233335809706 -0.00063069120269384224 0.005045776174077087 -0.00059071850268936665 -0.00018792508456985256 0.0015743984098542706 0.0058728966529049331 -3.5328924391671381e-05
leaf_weight=3367 33 32 56 34 37 189 21 31 210 40 33 29 221 21 39 26 20 57 24 63 153 24 1352 37 23 86 142 34 40 553
leaf_count=3367 33 32 56 34 37 189 21 31 210 40 33 29 221 21 39 26 20 57 24 63 153 24 1352 37 23 86 142 34 40 553
internal_value=-0.00250961 -0.00021858 -0.000286661 0.000751173 0.00767606 0.000121638 0.00099662 0.00653846 0.000462962 -0.000605189 0.000944055 0.000303029 -0.00036517 0.00203704 0.00396226 0.000384614 0.00963415 0.00166667 0.00250916 0.0016265 0.000376343 -0.000888369 -0.000787867 0.00333333 0.00670213 -0.000944723 -0.000803867 0.00013654 0.000741626 0.000311972
internal_weight=7027 3660 3628 852 71 781 592 52 540 2776 429 396 356 135 106 65 41 330 273 249 186 2347 2291 84 47 2207 2121 769 627 593
internal_count=7027 3660 3628 852 71 781 592 52 540 2776 429 396 356 135 106 65 41 330 273 249 186 2347 2291 84 47 2207 2121 769 627 593
is_linear=0
shrinkage=0.05


Tree=263
num_leaves=31
num_cat=0
split_feature=2 0 11 17 3 4 17 10 12 17 2 17 5 18 13 10 3 9 5 1 13 3 6 16 4 5 0 14 9 14
split_gain=15.1007 0.592913 0.512278 0.730947 0.631579 1.22727 0.455067 0.497261 0.709915 0.7095 0.43654 0.359532 0.472028 0.35685 0.793054 0.343985 0.362819 0.362487 0.38925 0.311265 0.29961 0.709707 0.293301 0.269426 0.309384 0.260966 0.395281 0.254029 0.347374 0.501002
threshold=9.5000000000000018 898.50000000000011 13.584800565826358 31.225522872807968 25.250000000000004 12.15 29.684328340084551 -0.94695267581281539 88.323431052878433 26.813109187210383 387.50000000000006 28.463231662002215 39.500000000000007 8.2073838487936044 0.16638225255972697 -0.83352489619613901 21.450000000000003 -0.97109105924028405 10.500000000000002 31.250000000000004 0.10261641511641513 28.050000000000004 77.500000000000014 24.344539600752402 15.050000000000002 57.500000000000007 85.500000000000014 79.836127722077535 0.66484924122790601 73.129073178471671
decision_type=2 2 2 2 2 2 2 2 2 2 2 2 2 2 2 2 2 2 2 2 2 2 2 2 2 2 2 2 2 2
left_child=-1 2 3 6 5 -5 7 -2 9 -9 13 15 -13 20 -15 -10 -17 -18 -19 -16 21 -4 -8 27 -25 -20 -27 28 29 -21
right_child=1 -3 10 4 -6 -7 22 8 11 -11 -12 12 -14 14 19 16 17 18 25 23 -22 -23 -24 24 -26 26 -28 -29 -30 -31
leaf_value=-4.9768408273343784e-05 -1.1941717855464172e-05 0.00068082731270932909 -0.0040269020694631607 9.7334636484979386e-05 0.0001533421782095216 -0.0025694105796294432 -0.00015325583393869789 0.0012964278927101527 2.1617912751310111e-05 -2.540053982882232e-06 0.00034183448970702011 0.00035155613604130181 -0.001233445943063095 0.0013069552832151497 -0.014734605500913503 0.00012685421210144383 2.8993980492037413e-05 0.00016674811163971791 -0.0011009211136641815 -0.00012592612908579281 -0.010124792997500028 0.0027473244742611236 5.5128781497101832e-05 -0.0043384548275709079 0.030154345566514341 -0.001289576090710054 9.5512040351782913e-05 -0.0062754751334548296 2.9593412166809681e-05 0.00030062302168701636
leaf_weight=3406 59 24 31 22 27 27 74 29 30 20 22 40 26 33 41 25 37 23 89 1720 86 21 20 85 20 38 20 68 749 115
leaf_count=3406 59 24 31 22 27 27 74 29 30 20 22 40 26 33 41 25 37 23 89 1720 86 21 20 85 20 38 20 68 749 115
internal_value=-0.00258076 -0.000332782 -0.000385044 0.000940593 0.00552631 0.00214286 0.000283018 0.000963302 0.0016313 0.0072449 -0.000653629 0.000792682 0.00409091 -0.000705626 -0.0005846 -3.81691e-05 -0.000689656 -0.00137681 -0.00235294 -0.000675484 -0.00318841 -0.000192309 -0.00287234 -0.000611173 -0.00309524 -0.00329932 -0.000689656 -0.000512822 -0.000433438 -0.000803816
internal_weight=7027 3621 3597 606 76 49 530 436 377 49 2991 328 66 2969 2831 262 232 207 170 2798 138 52 94 2757 105 147 58 2652 2584 1835
internal_count=7027 3621 3597 606 76 49 530 436 377 49 2991 328 66 2969 2831 262 232 207 170 2798 138 52 94 2757 105 147 58 2652 2584 1835
is_linear=0
shrinkage=0.05


Tree=264
num_leaves=31
num_cat=0
split_feature=2 13 18 17 17 17 13 2 10 17 9 4 15 18 0 9 9 13 4 0 3 4 4 5 18 6 2 3 1 0
split_gain=16.2383 0.558728 1.14669 1.17729 0.953008 0.925726 0.456552 0.410591 0.393392 0.341863 0.370644 0.363469 0.814541 0.561122 0.71319 0.455308 0.404529 0.447109 0.446282 0.307115 0.287415 0.28411 0.688384 0.341486 0.54268 0.905357 0.490143 0.576282 0.668715 0.989025
threshold=6.5000000000000009 0.20866728854958086 10.263212050477939 29.485161729822767 31.225522872807968 31.579345589969101 0.23589178582342821 387.50000000000006 0.89771014032557062 30.208180745478284 0.98521098335796142 14.250000000000002 10.307568942499255 6.6674494000639131 78.500000000000014 -0.79091635943066485 -0.9852109833579612 0.020050251256281411 10.550000000000002 891.00000000000011 8.6500000000000004 10.950000000000001 11.15 26.500000000000004 19.236942004250984 80.500000000000014 297.50000000000006 31.450000000000003 473.60000000000008 808.50000000000011
decision_type=2 2 2 2 2 2 2 2 2 2 2 2 2 2 2 2 2 2 2 2 2 2 2 2 2 2 2 2 2 2
left_child=-1 2 4 -4 8 -6 -3 19 9 10 11 13 15 14 16 -13 -2 18 -18 21 -10 -8 -23 -24 25 -25 -26 -28 -29 -30
right_child=1 6 3 -5 5 -7 7 -9 20 -11 -12 12 -14 -15 -16 -17 17 -19 -20 -21 -22 22 23 24 26 -27 27 28 29 -31
leaf_value=-4.7279987859676594e-05 3.0744381798726568e-05 -0.0091020487018763693 0.00201228296477335 -0.00026634141493777269 0.0006524984441913656 3.1909471012936217e-05 -0.0002099135751074378 0.00032474276522184362 -8.7405142162865133e-05 -0.00019666031527632301 0.0002513811798622024 4.4543370141563704e-05 0.00020871258078813092 -0.0027788130685890027 0.003688868464452814 -8.9335004068810516e-06 6.8390506398243394e-05 -0.00048793365451877172 -3.9354876746124197e-05 2.2092835788336144e-05 3.9958925917712978e-05 0.0013262602317276719 5.7733972518771857e-05 0.00066825605861228852 -0.00045686089024739144 -0.013294975679274651 0.0010781598391623362 -0.00028957748709858359 0.0012605737954924784 -0.0030175673738424857
leaf_weight=3349 26 56 31 34 20 54 1028 22 21 39 29 27 29 88 23 235 26 136 24 32 28 22 608 20 798 28 27 100 39 28
leaf_count=3349 26 56 31 34 20 54 1028 22 21 39 29 27 29 88 23 235 26 136 24 32 28 22 608 20 798 28 27 100 39 28
internal_value=-0.00248115 -0.000187603 0.000919539 0.00730769 0.000403726 0.00581081 -0.000530628 -0.000439681 -0.00014364 -0.000454547 -0.00017885 -0.000439741 0.000841923 -0.00159443 -0.00031915 -3.81691e-05 -0.00122642 -0.00204301 0.002 -0.000494507 0.00418367 -0.000552262 -0.000149702 -0.000266991 -0.000817309 0.004375 -0.00106855 0.00118557 8.98192e-05 0.00395522
internal_weight=7027 3678 870 65 805 74 2808 2752 731 682 643 614 291 323 235 262 212 186 50 2730 49 2698 1670 1648 1040 48 992 194 167 67
internal_count=7027 3678 870 65 805 74 2808 2752 731 682 643 614 291 323 235 262 212 186 50 2730 49 2698 1670 1648 1040 48 992 194 167 67
is_linear=0
shrinkage=0.05


Tree=265
num_leaves=31
num_cat=0
split_feature=18 13 2 11 0 18 13 0 13 6 2 2 12 10 18 3 3 3 17 5 16 16 16 3 6 4 17 16 14 16
split_gain=16.335 0.808858 3.34304 0.660612 0.487709 0.95408 0.66709 0.478519 0.835064 0.487505 0.415365 0.372718 0.361973 0.4175 0.602246 0.333794 0.339903 0.418346 0.571102 0.412903 0.688172 0.683519 0.877774 0.33858 0.451872 0.65239 0.777793 0.332827 1.03125 0.465859
threshold=0.230728433994417 0.20048609849843999 117.50000000000001 13.584800565826358 231.50000000000003 19.236942004250984 0.30152419456589125 327.50000000000006 0.43976775521384742 3.5000000000000004 387.50000000000006 102.50000000000001 293.94342572522436 -0.98208922706762081 0.34929047467215518 18.950000000000003 24.950000000000003 33.050000000000004 31.225522872807968 79.500000000000014 19.621524953143865 20.931331364933232 21.850011486737039 35.050000000000004 2.5000000000000004 9.5500000000000025 26.027847350331562 13.521782310682594 33.339010850670356 16.62392011133856
decision_type=2 2 2 2 2 2 2 2 2 2 2 2 2 2 2 2 2 2 2 2 2 2 2 2 2 2 2 2 2 2
left_child=-1 2 3 12 -3 -6 -7 -8 9 -9 27 -5 13 -2 -15 -16 -17 18 19 20 -18 -22 -23 -19 -25 -26 -27 28 -10 -29
right_child=1 4 -4 11 5 6 7 8 10 -11 -12 -13 -14 14 15 16 17 23 -20 -21 21 22 -24 24 25 26 -28 29 -30 -31
leaf_value=-4.4915988466692767e-05 -1.4510135047710955e-05 -0.00042064333697669856 0.0027670801551674951 -0.0026305239280933683 0.0020731216259764038 0.0076492008739016126 -0.0016947087847911904 -6.2531662818200343e-06 -0.019428654690961632 0.00047767313673240997 0.00030850562696103077 0.00011542537319134263 1.5836576375546909e-05 5.3978303366591671e-05 3.384617726019925e-05 -0.00015650710588216817 0.00016870756908835157 -0.00015413381964277475 0.00016534679913181801 -0.0004850841923331958 -0.00017636320830382408 0.00086479059343503206 -0.00014337706781123477 -8.5357288611419556e-05 -0.00020438682620304728 -0.001779568560680323 0.00017054437715962166 -0.00053395686573413828 0.0014839680216939305 -6.6155158394851508e-05
leaf_weight=3390 26 283 28 174 24 23 263 44 22 46 22 30 35 20 83 66 31 51 23 31 42 29 22 25 21 27 37 99 32 1978
leaf_count=3390 26 283 28 174 24 23 263 44 22 46 22 30 35 20 83 66 31 51 23 31 42 29 22 25 21 27 37 99 32 1978
internal_value=-0.00248826 -0.000160848 0.0012422 0.000627424 -0.000557124 -0.000338818 -0.000432979 -0.000510775 -0.000274188 0.00444444 -0.000471436 -0.00181373 0.00150264 0.00117977 0.00149606 0.00114754 0.000555554 0.00119469 0.00286517 0.00177419 0.00306451 0.000913977 0.00480392 -0.000652175 0.00090909 0.00264706 0.00515625 -0.000542 0.00333333 -0.000642755
internal_weight=7027 3637 801 773 2836 2553 2529 2506 2243 90 2153 204 569 534 508 488 405 339 178 155 124 93 51 161 110 85 64 2131 54 2077
internal_count=7027 3637 801 773 2836 2553 2529 2506 2243 90 2153 204 569 534 508 488 405 339 178 155 124 93 51 161 110 85 64 2131 54 2077
is_linear=0
shrinkage=0.05


Tree=266
num_leaves=31
num_cat=0
split_feature=13 12 2 13 18 17 10 10 11 13 18 0 10 5 5 6 4 3 2 13 2 14 4 3 3 5 4 4 15 18
split_gain=15.9285 0.583033 0.391208 0.363535 1.27161 1.5744 0.71841 0.66548 0.799486 0.405336 0.698903 0.764687 0.588808 0.443223 0.686442 0.563302 0.565505 0.40431 0.564397 0.534765 1.2414 0.467576 0.541824 0.680129 0.4 0.303158 0.516996 0.429501 0.303019 0.673621
threshold=0.010826417866129059 293.94342572522436 387.50000000000006 0.18158213768841017 8.9875434930812759 29.468024619372983 -0.94128245028753155 -0.89388548498445497 14.180751959250115 0.99939540507859748 62.044039571228758 791.50000000000011 0.88999460902669758 42.500000000000007 25.500000000000004 16.500000000000004 15.250000000000002 33.050000000000004 64.500000000000014 0.077261354399512303 43.500000000000007 20.021452766949508 16.850000000000005 15.65 8.1500000000000004 27.500000000000004 12.250000000000002 10.15 63.495425161852957 64.663986163741143
decision_type=2 2 2 2 2 2 2 2 2 2 2 2 2 2 2 2 2 2 2 2 2 2 2 2 2 2 2 2 2 2
left_child=-1 2 3 4 6 -6 -2 -8 17 28 -11 12 -12 14 15 16 -13 18 19 20 21 22 23 24 -9 26 27 -19 29 -5
right_child=1 -3 -4 9 5 -7 7 8 -10 10 11 13 -14 -15 -16 -17 -18 25 -20 -21 -22 -23 -24 -25 -26 -27 -28 -29 -30 -31
leaf_value=-4.2670189043358126e-05 -3.0506411148993509e-05 1.4959446536412503e-05 0.00029308034561297257 -6.8388066623616397e-05 0.0046246883347699072 -5.9362401241035994e-05 0.00094527566623144152 -7.5347247418024784e-05 -0.00782632834956562 0.00075187732565671261 -0.0029153762397073624 -0.0047967994373725063 0.00022678878469375844 0.00027013561904285567 -0.00069942013976782142 0.00018342549925147965 0.034272311059303444 -0.00019416739875344609 0.00015305692783741822 -0.00057580650680361827 0.0031061307372141416 7.7753983596392471e-05 7.2770292445358141e-05 -6.8271005469587684e-05 0.00011455312988336143 -0.00019577258834110065 -1.9835083617093165e-05 6.7823200315617491e-05 -0.0007864159925982505 0.0011548215650599902
leaf_weight=3376 94 36 22 1864 21 27 31 20 77 30 98 46 29 26 54 22 34 21 34 53 21 23 30 121 20 36 73 20 591 77
leaf_count=3376 94 36 22 1864 21 27 31 20 77 30 98 46 29 26 54 22 34 21 34 53 21 23 30 121 20 36 73 20 591 77
internal_value=-0.00250961 -0.000220489 -0.000283542 -0.000324243 0.000678669 0.00854167 0.000118693 0.000775861 0.000373405 -0.000576455 0.0010472 0.000339805 -0.0026378 0.00241758 0.00141026 0.00382353 0.001875 0.00114407 0.00214286 0.00142361 0.00244681 0.00130841 0.000497381 -0.000652175 0.005 -0.001 0.000263157 0.0047561 -0.00079384 -0.000492016
internal_weight=7027 3651 3615 3593 722 48 674 580 549 2871 339 309 127 182 156 102 80 472 322 288 235 214 191 161 40 150 114 41 2532 1941
internal_count=7027 3651 3615 3593 722 48 674 580 549 2871 339 309 127 182 156 102 80 472 322 288 235 214 191 161 40 150 114 41 2532 1941
is_linear=0
shrinkage=0.05


Tree=267
num_leaves=31
num_cat=0
split_feature=2 12 9 9 2 2 7 13 4 13 14 2 13 13 14 2 4 12 10 1 5 17 17 17 2 5 2 0 4 14
split_gain=15.2811 0.641001 0.406781 0.66455 0.853756 0.965358 0.992363 0.744441 0.66377 0.711832 0.567914 0.555002 1.06564 0.631879 0.495946 0.472773 0.458009 0.443237 0.416667 0.649601 0.38912 0.332988 0.309414 0.397027 0.304104 0.429457 0.533344 0.576006 0.364099 0.29556
threshold=9.5000000000000018 293.94342572522436 0.67125374152323958 0.7266007961912001 221.50000000000003 232.50000000000003 -0.25881904510252113 0.81881597012293439 17.550000000000004 0.99939540507859748 73.129073178471671 55.500000000000007 0.065584743344964572 0.022816176579953298 23.974700135607073 368.50000000000006 11.950000000000001 253.90928565780555 -0.073092422389869308 717.10000000000014 30.500000000000004 25.755537984696499 17.357580921423718 18.374078048280087 208.50000000000003 18.500000000000004 194.50000000000003 112.50000000000001 27.350000000000005 33.339010850670356
decision_type=2 2 2 2 2 2 2 2 2 2 2 2 2 2 2 2 2 2 2 2 2 2 2 2 2 2 2 2 2 2
left_child=-1 2 10 7 11 6 -6 14 9 17 15 12 13 -5 -4 20 -16 -7 -12 -20 -2 -10 29 -24 25 26 27 -13 -27 -22
right_child=1 -3 3 4 5 8 -8 -9 21 -11 18 24 -14 -15 16 -17 -18 -19 19 -21 22 -23 23 -25 -26 28 -28 -29 -30 -31
leaf_value=-4.053667959119022e-05 -0.00017830449473504656 1.4296775229935544e-05 0.00015546461475526586 7.2602238459643138e-05 -0.00013285717655048461 2.4410626090426928e-05 0.020688300432696552 -0.0048179197369046011 0.00061304559650185669 0.00019965312015335528 0.0062860673391101811 0.00026483253653288838 0.0048737215882288902 -0.0010881026935309946 0.0012716848340638895 0.00041083319241654362 0.00094246531967335514 0.0044818092422089775 -0.0013153377513228136 0.00030853554023100265 -0.01668885642305501 -0.0017422727928309988 0.00020571139552331207 -3.191544379545413e-05 -0.0042041877533049677 -0.001871727640319925 0.0034209622513050688 -0.00013891920060650332 4.9589473706157724e-05 -0.00019726301583424726
leaf_weight=3406 574 35 34 31 21 154 32 34 28 36 27 20 24 37 20 22 22 24 67 41 71 71 29 1554 82 279 36 170 23 23
leaf_count=3406 574 35 34 31 21 154 32 34 28 36 27 20 24 37 20 22 22 24 67 41 71 71 29 1554 82 279 36 170 23 23
internal_value=-0.00256653 -0.000305166 -0.000370888 0.000390491 9.3621e-06 0.00196721 0.00820755 0.00409091 0.000910542 0.00247663 -0.000743357 -0.0010114 0.00260869 -0.000588236 0.0068421 -0.00093049 0.0104762 0.00117977 0.00240741 0.00101852 -0.00100178 -0.00247475 -0.000617175 -0.000451675 -0.00155738 -0.00111743 0.000530972 -0.000526317 -0.00235099 -0.00340426
internal_weight=7027 3621 3586 1178 1068 366 53 110 313 214 2408 702 92 68 76 2273 42 178 135 108 2251 99 1677 1583 610 528 226 190 302 94
internal_count=7027 3621 3586 1178 1068 366 53 110 313 214 2408 702 92 68 76 2273 42 178 135 108 2251 99 1677 1583 610 528 226 190 302 94
is_linear=0
shrinkage=0.05


Tree=268
num_leaves=31
num_cat=0
split_feature=2 12 2 0 5 13 2 4 11 16 9 1 11 9 17 6 13 11 5 9 14 6 4 0 18 4 15 6 12 9
split_gain=14.3688 0.630434 0.421734 0.347533 0.280974 1.11122 0.887439 0.677352 0.563123 0.402724 0.569123 0.353067 0.773065 0.800041 0.369751 0.280861 0.466123 0.587778 0.676407 0.595238 0.433523 0.437545 0.439978 0.550757 0.952264 0.44971 0.321577 0.369303 0.621463 1.14079
threshold=6.5000000000000009 293.94342572522436 387.50000000000006 898.50000000000011 69.500000000000014 0.87003859599111821 12.500000000000002 17.150000000000002 39.882942753276076 12.96724426649987 0.34156760613242348 203.95000000000002 16.060944367205355 -0.40147311773604372 27.503827471477681 69.500000000000014 0.93140227961936639 69.711898203935974 19.500000000000004 0.4749466738948262 47.593982546932629 96.500000000000014 10.550000000000002 321.50000000000006 44.320988712914783 16.850000000000005 0.23436876353337363 37.500000000000007 240.93171984514979 -0.49375726027723282
decision_type=2 2 2 2 2 2 2 2 2 2 2 2 2 2 2 2 2 2 2 2 2 2 2 2 2 2 2 2 2 2
left_child=-1 2 3 4 15 6 -6 -7 9 -8 11 12 14 -14 -11 26 20 18 -18 -20 21 -17 -23 -24 25 -25 -2 -28 -29 -30
right_child=1 -3 -4 -5 5 7 8 -9 -10 10 -12 -13 13 -15 -16 16 17 -19 19 -21 -22 22 23 24 -26 -27 27 28 29 -31
leaf_value=-3.8509845611630706e-05 4.2353356436615336e-05 1.3496635448086148e-05 0.00027527367452216331 0.000658253682074455 7.8302777576700335e-06 1.3726123414793747e-05 -0.012878423903475256 0.00065598740948352165 -0.00884750948323316 -0.0002376023971278724 0.00013224733060254981 -0.0010652382586316892 0.0028539012782197466 -0.00041571852719298001 9.2553210680208949e-05 -0.00049354231468991695 -0.0070869047178376311 -0.011505481237038311 0.00024825323188930283 0.0025081779457040766 -0.0020275408706521936 -0.00021159753207407322 -1.776469728772635e-05 0.0066805126789692207 -0.0085813284613364231 0.00071652316295977268 -3.8071066178043143e-05 -0.00059728939019134937 0.0025479950537412007 6.7965090689189506e-05
leaf_weight=3349 39 36 22 24 20 21 32 20 84 71 22 68 25 21 36 140 22 36 21 21 186 83 122 20 32 21 2203 134 20 76
leaf_count=3349 39 36 22 24 20 21 32 20 84 71 22 68 25 21 36 140 22 36 21 21 186 83 122 20 32 21 2203 134 20 76
internal_value=-0.00263057 -0.000473084 -0.000538167 -0.000580112 -0.000620135 0.000595237 -0.000250661 0.00841463 -0.000821728 0.000272726 0.000967077 0.000203619 0.00153595 0.00695652 -0.000794394 -0.000780858 -0.00166193 0.0015 0.004375 0.00809524 -0.00218543 -0.00129187 -0.000143886 0.00115384 0.00458904 0.00963415 -0.000529936 -0.000602138 0.00130435 0.004375
internal_weight=7027 3678 3642 3620 3596 420 379 41 359 275 243 221 153 46 107 3176 704 100 64 42 604 418 278 195 73 41 2472 2433 230 96
internal_count=7027 3678 3642 3620 3596 420 379 41 359 275 243 221 153 46 107 3176 704 100 64 42 604 418 278 195 73 41 2472 2433 230 96
is_linear=0
shrinkage=0.05


Tree=269
num_leaves=31
num_cat=0
split_feature=18 12 5 0 2 15 2 17 13 14 9 0 11 17 10 5 3 3 1 5 6 12 2 6 4 0 4 0 7 13
split_gain=15.21 0.605613 0.453972 1.75535 0.782203 0.529244 0.441745 0.603367 0.445725 0.589154 0.441818 0.452573 0.773269 0.408213 0.464201 0.303474 0.601105 1.22288 0.696316 0.398056 0.352031 0.574609 0.555693 0.39813 0.337866 0.498302 0.822358 0.259781 0.25629 0.519589
threshold=1.0000000180025095e-35 293.94342572522436 69.500000000000014 615.50000000000011 12.500000000000002 1.0000000180025095e-35 297.50000000000006 17.668908546063204 0.59348516949152552 17.683143624006785 0.34156760613242348 199.50000000000003 25.710511606760026 29.468024619372983 -0.83352489619613901 13.500000000000002 34.750000000000007 33.750000000000007 467.85000000000008 12.500000000000002 2.5000000000000004 215.99201746317308 190.50000000000003 30.500000000000004 4.2500000000000009 855.50000000000011 18.850000000000005 842.50000000000011 -0.5 0.83022583043872433
decision_type=2 2 2 2 2 2 2 2 2 2 2 2 2 2 2 2 2 2 2 2 2 2 2 2 2 2 2 2 2 2
left_child=-1 2 5 4 -4 -2 7 -6 9 10 11 12 13 14 -9 16 17 18 -7 -20 27 -22 23 -23 -17 28 -27 -18 29 -26
right_child=1 -3 3 -5 6 15 -8 8 -10 -11 -12 -13 -14 -15 -16 24 20 -19 19 -21 21 22 -24 -25 25 26 -28 -29 -30 -31
leaf_value=-3.6584353331049173e-05 6.0606385620324676e-05 1.2821803675690237e-05 7.4387638697866767e-06 0.00033689910000657392 -0.012798526689608592 -0.001043731841173644 0.00040327986441530484 8.1138786197272616e-05 -0.013783175547749219 0.00012926575124535113 0.00010969828947680421 -0.0029017712654879086 0.0029599033692253082 0.00039244040870379702 -0.00058542493197498067 -0.00057853630959861459 -0.00041466288776013618 0.0055165315353165141 -0.0013710727430273526 0.011447802031242148 0.0008136791203826794 0.00082321274158288779 -0.00027066318665118315 -0.0001236366373850383 -9.5590977228140085e-06 0.020091688330452499 -0.0091754065966810124 0.00049769269118199358 -0.0001160525549179052 0.0017034920939773936
leaf_weight=3345 20 36 20 23 63 31 21 22 34 38 27 63 20 25 68 174 107 24 33 20 34 33 105 34 843 21 20 30 1668 25
leaf_count=3345 20 36 20 23 63 31 21 22 34 38 27 63 20 25 68 174 107 24 33 20 34 33 105 34 843 21 20 30 1668 25
internal_value=-0.00255941 -0.000342207 -0.000405925 0.00113207 0.000361595 -0.000608319 -0.000144358 -0.000555557 0.000387204 0.00108365 0.00011111 -0.000707072 0.000925925 -0.000652175 -0.00222222 -0.000658964 0.000543236 0.0037963 0.00095238 0.00443396 -0.000481051 0.000825242 -0.000348838 0.00320895 -0.000856054 -0.000712069 0.0047561 -0.00244526 -0.000800474 -0.000103688
internal_weight=7027 3682 3646 424 401 3222 381 360 297 263 225 198 135 115 90 3202 451 108 84 53 343 206 172 67 2751 2577 41 137 2536 868
internal_count=7027 3682 3646 424 401 3222 381 360 297 263 225 198 135 115 90 3202 451 108 84 53 343 206 172 67 2751 2577 41 137 2536 868
is_linear=0
shrinkage=0.05


Tree=270
num_leaves=31
num_cat=0
split_feature=2 18 0 2 4 16 18 17 5 15 3 17 9 2 13 4 16 12 9 15 1 17 4 11 2 15 10 16 1 15
split_gain=15.0675 0.79203 0.548033 0.473996 0.754216 0.622241 0.4673 0.613953 0.498462 0.42814 0.458009 0.424242 0.515572 0.4 0.394416 0.336735 0.343551 0.319622 0.60098 0.460905 0.543375 0.645249 0.379428 0.426379 0.320633 0.670145 0.304688 0.25782 0.247841 0.347685
threshold=6.5000000000000009 4.3732017446696894 78.500000000000014 36.500000000000007 16.850000000000005 20.641970707962482 1.4041755510523894 27.569220715138311 22.500000000000004 5.6978966220976872 28.250000000000004 26.659685880431926 -0.12020359228713753 10.500000000000002 0.039843197902477499 7.5500000000000007 20.600010415395687 274.15322248266278 -0.47871610739127701 9.1412000679288461 140.00000000000003 24.133845082221359 17.050000000000004 27.796915182077331 364.50000000000006 65.356297181859702 0.90515966073569365 20.495431898555399 755.60000000000002 79.836127722077535
decision_type=2 2 2 2 2 2 2 2 2 2 2 2 2 2 2 2 2 2 2 2 2 2 2 2 2 2 2 2 2 2
left_child=-1 3 26 6 5 -5 7 11 -9 10 -4 12 -2 -10 -8 -16 -17 24 -19 -20 -21 -22 -23 -24 28 -26 -3 -14 29 -11
right_child=1 2 9 4 -6 -7 14 8 13 17 -12 -13 27 -15 15 16 -18 18 19 20 21 22 23 -25 25 -27 -28 -29 -30 -31
leaf_value=-3.4755135664496715e-05 1.3432252199570487e-05 -0.00038727965096320091 -0.0012539073618951305 0.0023873099084472183 -0.00043159265297347646 0.00010751511987606069 -0.0017396418198281447 -2.8067050762724832e-06 8.5227398442678105e-06 -0.00010721590551915296 0.00039588709419643812 -0.00025761334581983177 -1.8685614171529336e-05 0.00022590724319004557 -0.00079285861159968964 -0.00014806699593830465 2.326071478013313e-05 0.00011869050585525152 0.00026985971635696361 -0.0010897819076552226 0.0054465971502943638 -0.00068071749605802816 0.00014786462660648953 -0.00021860245889228811 0.0018397621329820412 -0.0010818227910594843 5.2132381695187808e-05 0.00011444141884629136 0.0025014804020190621 -0.0011073719400129529
leaf_weight=3349 27 104 22 26 20 20 46 25 20 2671 20 27 51 20 21 39 38 32 20 66 32 48 38 45 25 23 24 21 36 71
leaf_count=3349 27 104 22 26 20 20 46 25 20 2671 20 27 51 20 21 39 38 32 20 66 32 48 38 45 25 23 24 21 36 71
internal_value=-0.00257365 -0.00036433 -0.000620996 0.00173317 0.00560606 0.00913043 0.000970148 0.00259162 0.00653846 -0.000490633 0.00452381 0.000555554 0.00207071 0.01 -0.00118056 0.000612244 0.00214286 -0.000558418 0.00104982 0.000220882 -0.000414848 0.00113497 -0.000419849 0.0016265 -0.000718331 0.00333333 -0.00382813 -0.00013889 -0.000788338 -0.000842452
internal_weight=7027 3678 3277 401 66 46 335 191 65 3149 42 126 99 40 144 98 77 3107 281 249 229 163 131 83 2826 48 128 72 2778 2742
internal_count=7027 3678 3277 401 66 46 335 191 65 3149 42 126 99 40 144 98 77 3107 281 249 229 163 131 83 2826 48 128 72 2778 2742
is_linear=0
shrinkage=0.05


Tree=271
num_leaves=31
num_cat=0
split_feature=18 0 2 5 6 2 5 2 9 2 7 17 5 4 15 1 2 5 2 2 14 1 16 5 17 2 15 0 3 18
split_gain=14.9451 0.622126 0.46211 0.904023 0.543452 0.343646 0.291256 0.287635 1.18593 1.29332 0.331654 0.410198 0.369807 0.327597 0.367664 0.851284 1.02889 0.440238 0.327159 0.562157 0.358194 0.336014 0.327273 0.542286 0.343704 0.277097 0.313272 0.38085 0.575208 0.646513
threshold=1.0000000180025095e-35 10.500000000000002 346.00000000000006 67.500000000000014 99.500000000000014 329.50000000000006 52.500000000000007 302.50000000000006 0.73831951690629072 305.50000000000006 -0.98296291314453399 21.355476698151278 57.500000000000007 9.0500000000000025 59.122303243579587 485.60000000000008 315.50000000000006 11.500000000000002 40.500000000000007 67.500000000000014 18.953793107244671 183.10000000000002 21.823300973071337 16.500000000000004 24.850053304839715 283.50000000000006 80.801868519030933 770.50000000000011 37.45000000000001 74.035198604391965
decision_type=2 2 2 2 2 2 2 2 2 2 2 2 2 2 2 2 2 2 2 2 2 2 2 2 2 2 2 2 2 2
left_child=-1 6 5 4 -4 7 -2 10 9 -9 11 -3 18 -11 -15 16 -16 -17 20 -20 -13 22 23 -21 -25 26 27 -12 29 -29
right_child=1 2 3 -5 -6 -7 -8 8 -10 13 25 12 -14 14 15 17 -18 -19 19 21 -22 -23 -24 24 -26 -27 -28 28 -30 -31
leaf_value=-3.3017378881271876e-05 1.2748213396332385e-06 -0.0075339507269481694 4.6683271673886932e-05 0.00059586343241347652 -0.0064841450503424145 -0.0089297821033060068 2.1026904904893972e-06 0.0003568613916269238 0.00065344244939357472 -0.023110145955751605 -7.7914311766621579e-05 -9.7761108186809827e-05 0.0001297032250048721 -0.0099799246674430239 -0.00075352451071340255 0.0026723036611992646 0.0066909292442950147 -0.0017751650448611892 -0.00036791496826023366 0.00016208723018268833 9.0719710213074965e-05 4.2755753409669545e-05 -0.0022681171774274174 7.4869335764368502e-05 -7.4443094757084061e-05 -0.0018334590744281849 -0.0010628077788472281 0.00089313421985025082 -0.0025808492558132799 0.00047517036011805025
leaf_weight=3345 39 26 22 20 36 43 31 26 39 49 2458 29 24 52 20 21 29 75 44 34 31 20 22 25 29 176 62 58 41 101
leaf_count=3345 39 26 22 20 36 43 31 26 39 49 2458 29 24 52 20 21 29 75 44 34 31 20 22 25 29 176 62 58 41 101
internal_value=-0.00258076 -0.000382945 -0.000473423 0.00333333 0.000172413 -0.000557443 0.00428571 -0.000502722 0.000948552 -0.000220589 -0.000644655 0.000985914 0.00158915 -0.00134146 -0.000431473 0.000862068 0.00622449 -0.001875 0.000982905 -0.000114944 0.00416667 0.00153846 0.000454544 0.00181818 -0.0012963 -0.000804559 -0.000680148 -0.000598195 0.0015 0.00286163
internal_weight=7027 3682 3612 78 58 3534 70 3491 311 272 3180 284 258 246 197 145 49 96 234 174 60 130 110 88 54 2896 2720 2658 200 159
internal_count=7027 3682 3612 78 58 3534 70 3491 311 272 3180 284 258 246 197 145 49 96 234 174 60 130 110 88 54 2896 2720 2658 200 159
is_linear=0
shrinkage=0.05


Tree=272
num_leaves=31
num_cat=0
split_feature=18 2 12 0 4 16 3 0 9 10 9 2 16 16 3 8 1 15 13 9 5 2 11 14 11 15 1 12 0 10
split_gain=15.3879 0.6391 0.65058 0.624369 0.305139 0.604229 1.35463 0.939677 0.48997 0.570106 0.919097 0.569198 0.397295 0.411514 0.401827 0.432462 0.37568 0.395687 1.39677 0.756366 0.41224 0.381819 0.353 0.645089 0.463267 0.460263 0.869533 0.428341 0.42407 0.480249
threshold=1.0000000180025095e-35 364.50000000000006 206.47875505553245 10.500000000000002 11.250000000000002 18.646163228713728 20.450000000000003 740.50000000000011 -0.73538978246754161 -0.82389248692129191 -0.49375726027723282 256.50000000000006 17.781630812348553 18.1032528976808 36.150000000000013 -0.98296291314453399 739.05000000000007 8.9079150724814919 0.1472466874003607 -0.9852109833579612 47.500000000000007 101.50000000000001 6.2420705122950979 20.388247613539264 30.97460389582076 74.146017005802889 708.80000000000007 91.628144612383139 791.50000000000011 -0.42108527284769387
decision_type=2 2 2 2 2 2 2 2 2 2 2 2 2 2 2 2 2 2 2 2 2 2 2 2 2 2 2 2 2 2
left_child=-1 3 -3 -2 12 6 -6 8 -8 10 -10 -12 -5 -14 15 -15 17 18 19 -7 -21 -19 23 -17 -24 26 27 -26 29 -29
right_child=1 2 -4 4 5 16 7 -9 9 -11 11 -13 13 14 -16 22 -18 21 -20 20 -22 -23 24 -25 25 -27 -28 28 -30 -31
leaf_value=-3.1366509937208288e-05 2.270313283945205e-06 0.00023083454643090534 -0.0030958070004654861 -0.0020285151175856403 0.0012896644856720532 3.9930990732587256e-05 0.0020771995174017851 0.00061562443862834626 0.0016655777412950372 -0.0022439733239850474 -0.0065558414990847143 0.00017224207231276609 0.00011883540899974191 -0.009590060411452335 -0.00043970621732584227 -3.1417822479263008e-05 0.0027717629580580913 -0.00038446085233737417 0.00016155836704486457 -6.2517377701796879e-05 1.5778679760482617e-05 -0.00012217771673385042 -0.00016106513156213042 8.912945555066557e-05 0.0028480614944863428 -0.0010961025758363105 0.0097285714196474419 -0.0091753156403905616 0.0026491749948012984 7.9307538202502182e-05
leaf_weight=3345 70 25 23 158 25 21 38 22 31 158 49 31 23 82 339 36 23 55 22 161 120 1401 352 28 24 90 21 41 20 193
leaf_count=3345 70 25 23 158 25 21 38 22 31 158 49 31 23 82 339 36 23 55 22 161 120 1401 352 28 24 90 21 41 20 193
internal_value=-0.00254518 -0.000315047 0.00541667 -0.000390755 -0.000482605 -0.000108949 0.00177966 0.00092705 0.000211725 -0.000539035 0.00220721 -0.000625001 -0.00105544 -0.000756606 -0.000880915 -0.000321309 -0.000479757 -0.000561799 0.00101852 0.000132449 -0.000551603 -0.000913463 3.10547e-05 0.00359375 -0.000276654 0.000912595 0.00185619 0.00111511 0.00051181 -8.54713e-05
internal_weight=7027 3682 48 3634 3564 2157 354 329 307 269 111 80 1407 1249 1226 887 1803 1780 324 302 281 1456 805 64 741 389 299 278 254 234
internal_count=7027 3682 48 3634 3564 2157 354 329 307 269 111 80 1407 1249 1226 887 1803 1780 324 302 281 1456 805 64 741 389 299 278 254 234
is_linear=0
shrinkage=0.05


Tree=273
num_leaves=31
num_cat=0
split_feature=18 15 14 2 5 3 2 13 11 14 4 5 3 5 4 4 3 4 17 14 5 2 15 10 4 5 16 6 16 16
split_gain=16.0187 0.631621 0.758653 0.512412 1.10294 0.636052 0.815027 0.76544 0.969755 0.846013 0.625 0.444915 0.414061 0.364405 0.600869 0.711189 1.11692 0.627708 0.425954 0.805819 0.694562 0.645624 0.465455 0.5 0.374623 0.367006 0.475841 0.357514 0.535272 0.490493
threshold=1.0000000180025095e-35 0.85959961181910327 8.8929430905824365 302.50000000000006 70.500000000000014 40.850000000000001 319.50000000000006 0.92268313412340774 70.447334236935475 47.593982546932629 17.650000000000002 11.500000000000002 32.050000000000004 51.500000000000007 14.750000000000002 4.7500000000000009 29.050000000000004 15.250000000000002 25.026140892531917 48.494534078851459 58.500000000000007 180.50000000000003 5.6978966220976872 -0.86955717898714324 16.750000000000004 43.500000000000007 23.61073865861761 1.5000000000000002 20.793619223353513 20.429694124348426
decision_type=2 2 2 2 2 2 2 2 2 2 2 2 2 2 2 2 2 2 2 2 2 2 2 2 2 2 2 2 2 2
left_child=-1 2 12 13 5 6 7 9 -9 -5 -10 -7 -2 25 15 16 -15 -16 19 20 -19 22 -22 -24 -20 -3 -27 28 29 -17
right_child=1 3 -4 4 -6 11 -8 8 10 -11 -12 -13 -14 14 17 27 -18 18 24 -21 21 -23 23 -25 -26 26 -28 -29 -30 -31
leaf_value=-2.9798184440347874e-05 2.9750797972503994e-06 -7.3885033192385921e-05 3.1561682686331929e-05 0.00048933924715898109 0.0014630748777914836 0.00023408193697525162 -1.5770037022214074e-05 0.00058649732843832076 0.00030183270727485449 -0.025654376455439488 -0.0027441713711060882 -0.013259559535817889 -0.00018869439598448733 -0.0091030506759978425 0.0003365340809295301 4.0257989189919657e-05 0.0018392755244912183 0.0097705862461382187 0.0048983285549535132 0.00011627554158968599 -0.0021715204983320116 -0.010136725958015676 -5.4381262676178362e-05 0.00070577786449302316 -0.00033322909182833117 -0.00083146542973348402 0.00012982786738303766 -0.00048761749884665444 -0.00087993546321996335 0.0048413943946845166
leaf_weight=3345 97 1962 45 22 24 48 164 26 20 38 20 70 25 25 24 37 27 24 31 20 22 51 25 25 163 239 21 301 62 24
leaf_count=3345 97 1962 45 22 24 48 164 26 20 38 20 70 25 25 24 37 27 24 31 20 22 51 25 25 163 239 21 301 62 24
internal_value=-0.00249538 -0.00021999 0.00278443 -0.000362732 0.00125 0.000637254 0.00189655 0.00492063 0.00863636 0.000833332 0.00375 -0.00245763 0.000737704 -0.000588713 0.000284552 -0.000903363 0.00461538 0.00175325 0.00123269 0.00308383 0.00180272 0.000284552 0.00333333 0.006 -0.000360826 -0.000927094 -0.00269231 -0.00158019 0.000691056 0.00401639
internal_weight=7027 3682 167 3515 432 408 290 126 66 60 40 118 122 3083 861 476 52 385 361 167 147 123 72 50 194 2222 260 424 123 61
internal_count=7027 3682 167 3515 432 408 290 126 66 60 40 118 122 3083 861 476 52 385 361 167 147 123 72 50 194 2222 260 424 123 61
is_linear=0
shrinkage=0.05


Tree=274
num_leaves=31
num_cat=0
split_feature=2 2 14 0 0 1 9 18 15 3 12 0 1 11 13 18 9 3 16 2 10 8 4 5 5 1 14 2 2 13
split_gain=15.7828 0.616383 0.988508 0.764732 1.50317 0.72179 0.702806 0.7115 0.573697 0.46465 0.832197 0.458563 0.611413 0.397007 0.744215 1.09101 0.679817 0.411935 0.486797 0.675 0.401573 0.390063 0.428072 0.421376 0.793956 0.703247 0.618531 0.882345 0.50949 0.83225
threshold=6.5000000000000009 304.50000000000006 53.489269247574462 263.50000000000006 254.50000000000003 548.35000000000014 0.32533907195844747 49.608475648885282 58.839478826725802 41.050000000000004 259.43503142954705 327.50000000000006 466.4500000000001 37.667460987063379 0.63812056149200258 52.160104587038752 0.60505046667002438 40.45000000000001 23.640252688424841 151.50000000000003 0.98367285631203072 -0.12940952255126037 25.650000000000002 65.500000000000014 76.500000000000014 19.750000000000004 18.953793107244671 40.500000000000007 104.50000000000001 0.19632589955022492
decision_type=2 2 2 2 2 2 2 2 2 2 2 2 2 2 2 2 2 2 2 2 2 2 2 2 2 2 2 2 2 2
left_child=-1 3 6 4 21 9 7 -3 -9 10 -4 12 -5 14 17 -16 20 18 -13 -20 -17 22 -2 26 25 -25 -23 -28 -29 -30
right_child=1 2 5 11 -6 -7 -8 8 -10 -11 -12 13 -14 -15 15 16 -18 -19 19 -21 -22 23 -24 24 -26 -27 27 28 29 -31
leaf_value=-2.830827521833048e-05 -8.4282518208057551e-05 0.0021103686115079945 -0.00072751140462827069 -0.0034618966603652242 0.0090130240396060993 0.00060561659592909276 1.2827541191699627e-05 -0.0099608828005737626 0.0010815639623692212 -0.013310058925670464 0.00022001694648256877 -0.00039712156111305631 0.0029444613801266925 -0.0002449485747637212 0.0054897402632745626 -0.0084920744863200125 0.0064183795271890998 0.00025848692919547132 0.0054296337689832344 -0.00010310537719034254 0.001576497861072623 -3.6576377183042582e-06 0.002094544154565873 4.2103990948234399e-05 -1.7241255979944025e-05 0.00020424731026878951 0.00011277052406656545 -7.7954560551787909e-05 0.00012581197962215906 -3.108664391000023e-05
leaf_weight=3349 641 28 156 187 35 34 52 24 23 74 20 226 20 1374 21 61 20 39 20 40 32 242 29 22 36 20 33 101 38 30
leaf_count=3349 641 28 156 187 35 34 52 24 23 74 20 226 20 1374 21 61 20 39 20 40 32 242 29 22 36 20 33 101 38 30
internal_value=-0.00251672 -0.000255575 0.00156934 -0.000485156 0.000501221 -7.04237e-05 0.00523622 0.00833333 0.00457447 -0.001 0.000397726 -0.00107843 -0.00330918 -0.000826515 0.000446622 0.00358209 0.00163717 -0.000846155 -0.0015035 0.0025 -0.000161292 0.000201341 -0.000597016 0.00122605 0.00461538 0.00928571 0.000630629 0.00267327 0.00121302 0.00455882
internal_weight=7027 3678 411 3267 1227 284 127 75 47 250 176 2040 207 1833 459 134 113 325 286 60 93 1192 670 522 78 42 444 202 169 68
internal_count=7027 3678 411 3267 1227 284 127 75 47 250 176 2040 207 1833 459 134 113 325 286 60 93 1192 670 522 78 42 444 202 169 68
is_linear=0
shrinkage=0.05


Tree=275
num_leaves=31
num_cat=0
split_feature=18 2 5 2 9 14 11 13 9 17 16 1 14 1 10 6 2 18 9 3 16 4 6 5 12 5 15 17 17 2
split_gain=15.0332 0.785583 0.790055 0.688034 1.39589 0.93095 0.673789 0.948871 0.636348 0.565216 0.525383 0.508205 0.717765 0.566797 0.491973 0.489382 0.440451 0.400146 0.511703 0.380625 0.382653 0.367034 0.351075 0.521384 0.493546 1.21531 0.447621 0.337373 0.750272 0.57049
threshold=1.0000000180025095e-35 304.50000000000006 70.500000000000014 329.50000000000006 0.73831951690629072 53.489269247574462 7.2105124014547171 0.11973806108421493 0.24284747324344283 26.333702922013938 19.502642845175668 105.80000000000003 18.953793107244671 11.050000000000002 -0.99463397642532658 26.500000000000004 382.50000000000006 0.68754958640011699 -0.20509690261668603 32.150000000000013 17.191465796720639 29.150000000000002 80.500000000000014 11.500000000000002 250.61276513246273 58.500000000000007 57.236751765938415 22.676794758167365 21.67340197924333 166.50000000000003
decision_type=2 2 2 2 2 2 2 2 2 2 2 2 2 2 2 2 2 2 2 2 2 2 2 2 2 2 2 2 2 2
left_child=-1 6 3 4 5 8 7 9 -3 10 19 12 13 -11 -7 17 -5 -15 -19 20 -2 22 24 -24 27 26 -26 28 29 -8
right_child=1 2 -4 16 -6 14 21 -9 -10 11 -12 -13 -14 15 -16 -17 -18 18 -20 -21 -22 -23 23 -25 25 -27 -28 -29 -30 -31
leaf_value=-2.6892861457413958e-05 1.3818413146410174e-06 0.0016306365552439959 0.0016363866488299851 -0.0042817550425117345 0.00068321130307795041 0.00019620397543470585 0.0001561063888857503 8.0219303405507883e-05 3.214143487580607e-05 2.4602356734685363e-05 -2.6510129894747802e-05 -0.00018700088085802882 0.00037704755459701917 -1.0191795582754232e-06 -0.0016397641057350023 -0.00023329214377032972 6.9971452851456744e-05 -0.00015928028870693947 5.5606224878432061e-05 -0.00012817415389279057 1.4779249286148167e-05 -0.00036047452452175899 0.00081231728335861848 -0.00036724478296794858 -4.2469531615445676e-06 0.00041566977645884863 0.0064527984694262549 -0.00020677225554295437 0.00057967720154829705 -0.0028186980918227483
leaf_weight=3345 28 30 22 86 36 22 49 21 31 20 79 40 28 31 162 27 22 22 31 39 21 95 32 585 453 38 20 1550 24 38
leaf_count=3345 28 30 22 86 36 22 49 21 31 20 79 40 28 31 162 27 22 22 31 39 21 95 32 585 453 38 20 1550 24 38
internal_value=-0.00257365 -0.000369366 0.001691 0.00116966 0.00247331 0.00112245 -0.000628249 0.00133075 0.00647541 0.000737704 -0.00140719 0.00253769 0.00380503 0.00225191 -0.000652175 0.000855855 -0.00222222 0.00273809 0.00537736 0.00125 0.00418367 -0.000891125 -0.000787022 -0.00183955 -0.000488031 0.00087084 0.000179703 -0.000906082 0.00175676 -0.0004023
internal_weight=7027 3682 411 389 281 245 3271 387 61 366 167 199 159 131 184 111 108 84 53 88 49 2884 2789 617 2172 511 473 1661 111 87
internal_count=7027 3682 411 389 281 245 3271 387 61 366 167 199 159 131 184 111 108 84 53 88 49 2884 2789 617 2172 511 473 1661 111 87
is_linear=0
shrinkage=0.05


Tree=276
num_leaves=31
num_cat=0
split_feature=18 2 15 18 13 16 4 18 14 10 1 1 14 6 4 2 15 4 4 18 16 9 5 15 6 11 13 2 5 6
split_gain=15.3879 0.41121 0.625343 1.08006 0.956553 1.47937 0.619663 0.857143 0.495558 0.662376 0.619356 0.449647 0.511829 0.832661 0.434421 0.418735 0.534224 0.38428 0.623243 0.99489 0.337978 0.610036 0.325521 0.484848 0.323529 0.314733 0.473399 0.574972 0.361505 0.32568
threshold=1.0000000180025095e-35 302.50000000000006 13.594880076435699 9.9355854023393793 0.42917335473515256 20.036316817196202 27.750000000000004 65.305404507008191 20.388247613539264 0.69635043120606455 23.950000000000003 548.35000000000014 45.506873342843548 91.500000000000014 29.150000000000002 64.500000000000014 7.6875909590065286 20.950000000000003 14.050000000000002 1.0424599011378131 20.388504584243982 0.52707282776374187 28.500000000000004 5.384331108919489 1.0000000180025095e-35 80.139750712311297 0.9368374065394488 308.50000000000006 12.500000000000002 80.500000000000014
decision_type=2 2 2 2 2 2 2 2 2 2 2 2 2 2 2 2 2 2 2 2 2 2 2 2 2 2 2 2 2 2
left_child=-1 2 3 8 5 -5 11 -8 10 15 17 12 13 -3 -4 -10 -17 18 24 -20 -12 22 -22 -24 -2 26 28 -28 -14 -29
right_child=1 6 14 4 -6 -7 7 -9 9 -11 20 -13 25 -15 -16 16 -18 -19 19 -21 21 -23 23 -25 -26 -27 27 29 -30 -31
leaf_value=-2.5548218384543261e-05 4.116740271350055e-06 0.0030671429411963658 -0.00016697615784898361 0.0029347070058079413 -0.0013079178617401539 5.0843096252724586e-06 0.0033496657898956098 -3.7332634562288269e-05 -0.00017998542498741461 8.827962692899491e-05 -0.00020510635251964847 0.00069502971777274803 6.508641134097183e-05 1.7389928616929448e-05 -0.00054612086488904925 0.00029738854404348788 1.0380021467421877e-05 -2.4700273007717419e-06 4.9503422313659693e-06 0.0012047902032235943 4.6278919085710715e-05 -0.0012089768241539574 -7.4719294674597224e-05 0.00046210821036591504 -4.1510682358401649e-05 -0.0045813658098966181 0.00031890471015665403 0.00017129494714113468 -0.011678540221302195 -0.003845589794465358
leaf_weight=3345 25 20 2285 29 23 35 21 21 36 23 170 31 24 47 86 20 114 33 50 23 20 85 75 33 85 59 20 69 100 20
leaf_count=3345 25 20 2285 29 23 35 21 21 36 23 170 31 24 47 86 20 114 33 50 23 20 85 75 33 85 59 20 69 100 20
internal_value=-0.00254518 -0.000315047 -0.000507693 0.000631398 0.00591954 0.0090625 0.00113426 0.00690476 5.05039e-05 0.00225388 -0.000659434 0.000512819 1.39264e-05 0.00395522 -0.000929989 0.00117647 0.00246269 0.00148148 0.00237705 0.0059589 -0.00186684 -0.000539907 0.00164062 0.000555554 -1.19209e-09 -0.000890412 -6.43789e-05 0.00233945 -0.00217742 0.000617976
internal_weight=7027 3682 3250 879 87 64 432 42 792 193 599 390 359 67 2371 170 134 216 183 73 383 213 128 108 110 292 233 109 124 89
internal_count=7027 3682 3250 879 87 64 432 42 792 193 599 390 359 67 2371 170 134 216 183 73 383 213 128 108 110 292 233 109 124 89
is_linear=0
shrinkage=0.05


Tree=277
num_leaves=31
num_cat=0
split_feature=18 11 2 13 2 2 12 12 15 18 10 17 15 4 1 3 5 14 18 15 11 6 14 1 5 0 15 16 16 9
split_gain=14.9451 0.452526 0.586898 0.655009 0.533311 0.612077 0.701648 0.625178 0.572082 0.548956 0.54141 0.491915 0.468085 0.431611 0.379468 0.350116 0.762487 0.289598 0.249526 0.64594 0.865206 0.631927 1.42053 0.446371 0.46096 0.398027 1.2302 0.386171 0.642875 0.594635
threshold=1.0000000180025095e-35 2.8440374017320775 31.500000000000004 0.012514236902050115 302.50000000000006 305.50000000000006 227.24025154902557 150.52620124561747 62.169725855505227 57.062578693457823 -0.99271195016773384 27.230775154359865 68.122750743630817 29.150000000000002 37.050000000000004 38.250000000000007 30.500000000000004 9.4923173644238883 57.567869488508471 53.316690557036331 50.280944906717359 80.500000000000014 63.990592441690957 523.75000000000011 60.500000000000007 628.50000000000011 50.130243763031487 16.62392011133856 17.267590966577099 -0.36971084796686599
decision_type=2 2 2 2 2 2 2 2 2 2 2 2 2 2 2 2 2 2 2 2 2 2 2 2 2 2 2 2 2 2
left_child=-1 2 3 -2 13 -6 7 9 -9 -7 -8 12 -10 18 17 -11 -17 -5 19 25 21 22 -21 -20 -25 27 -27 -3 29 -29
right_child=1 4 -4 14 5 6 10 8 11 15 -12 -13 -14 -15 -16 16 -18 -19 23 20 -22 -23 -24 24 -26 26 -28 28 -30 -31
leaf_value=-2.4270807465316097e-05 2.1727501256342207e-05 -0.0012351120406336505 5.1340544903199845e-05 -2.3403529220766812e-06 0.00035379589200145714 0.00062475177534485505 0.00026880274194339122 0.0021784094236902865 0.00054870567412925787 -0.012860025642326071 -0.0018305838874180897 0.00058835210589522542 -0.0049635716399169224 -0.00018853583777628019 3.9849666694601548e-05 -0.010558800841535603 0.0030840513965692895 -6.3947951979920488e-05 -0.0033269345458094551 0.024414613728096717 -0.0027286911903822136 -0.00063001152496367527 1.7214051512882543e-05 -0.00035990125914452532 0.00047682613603199331 0.0073812345093155016 -0.0041267119606008497 -0.00017725518087504253 -2.9503735265769e-05 0.0055946891841979424
leaf_weight=3345 22 216 35 45 31 32 25 23 25 43 147 25 22 99 34 36 23 49 76 23 59 28 28 774 37 28 31 23 1617 26
leaf_count=3345 22 216 35 45 31 32 25 23 25 43 147 25 22 99 34 36 23 49 76 23 59 28 28 774 37 28 31 23 1617 26
internal_value=-0.00258076 -0.000382945 0.00202703 0.000666665 -0.000510439 0.00113426 0.000610971 0.00242358 0.00552631 0.000223879 -0.00180233 0.00333333 0.000319148 -0.000742252 -0.000703126 -0.00156863 0.000932202 -0.00234043 -0.000633851 -0.000334297 0.00297101 0.0063924 0.00970588 -0.00133597 -0.000992603 -0.000569295 0.00347458 -0.000696069 -0.000438176 0.00520408
internal_weight=7027 3682 185 150 3497 432 401 229 95 134 172 72 47 3065 128 102 59 94 2966 2079 138 79 51 887 811 1941 59 1882 1666 49
internal_count=7027 3682 185 150 3497 432 401 229 95 134 172 72 47 3065 128 102 59 94 2966 2079 138 79 51 887 811 1941 59 1882 1666 49
is_linear=0
shrinkage=0.05


Tree=278
num_leaves=31
num_cat=0
split_feature=2 2 13 4 18 18 5 2 9 4 16 6 14 4 5 0 13 3 3 2 2 0 15 4 15 17 10 3 4 4
split_gain=15.5126 0.884198 0.862144 0.730774 0.646933 0.595238 0.587081 0.494581 1.3486 0.547578 0.630369 0.699666 1.3414 0.414625 0.407708 0.382157 0.42279 0.333825 0.582658 0.471719 0.380328 0.347936 0.362104 0.330698 0.360128 0.304152 0.270681 0.347727 0.241608 0.300608
threshold=6.5000000000000009 302.50000000000006 0.020050251256281411 27.750000000000004 0.661223890837769 65.305404507008191 69.500000000000014 331.50000000000006 0.73831951690629072 9.0500000000000025 20.659977793529368 45.500000000000007 55.007237797653566 29.150000000000002 35.500000000000007 10.500000000000002 0.010826417866129059 43.050000000000004 43.850000000000001 267.50000000000006 265.50000000000006 866.50000000000011 80.801868519030933 21.450000000000003 51.839644921400172 28.406877283459043 -0.99271195016773384 38.750000000000007 28.150000000000002 19.950000000000003
decision_type=2 2 2 2 2 2 2 2 2 2 2 2 2 2 2 2 2 2 2 2 2 2 2 2 2 2 2 2 2 2
left_child=-1 2 4 6 15 -5 7 8 9 -3 11 12 -11 17 -14 16 -2 19 -19 20 21 22 26 25 -25 -21 27 -4 29 -28
right_child=1 3 13 5 -6 -7 -8 -9 -10 10 -12 -13 14 -15 -16 -17 -18 18 -20 23 -22 -23 -24 24 -26 -27 28 -29 -30 -31
leaf_value=-2.3057267092050293e-05 -2.2593936428839629e-07 -0.021886926122600913 -0.00045885323770381226 0.0032737115991897854 3.2679999062777253e-05 0.00049247383114575899 0.0006008563316089253 -0.002655386826519222 0.00055410427814304444 0.015974455491605536 -0.0037415132422743145 -0.00012423870669745789 -0.0021260185604770826 -0.00033546082334267165 0.00021476693747826109 -2.2204428980857987e-05 2.3608243945879239e-05 0.00015552386884109843 -9.8734978627796808e-05 -0.0022431998969049674 0.0045595079877338782 0.008329443962845318 -0.00078494572646366787 0.0044399002193186666 -0.0043452346466097786 0.0028732601965138975 -3.1298381483292564e-05 0.00041406681190848282 0.0047750792449777063 -0.00029355937178306244
leaf_weight=3349 31 54 68 21 26 21 21 96 39 20 51 44 42 97 23 47 35 31 57 197 23 31 47 24 26 34 2132 20 20 300
leaf_count=3349 31 54 68 21 26 21 21 96 39 20 51 44 42 97 23 47 35 31 57 197 23 31 47 24 26 34 2132 20 20 300
internal_value=-0.00253807 -0.000296358 -0.000579176 0.0018287 0.00327338 0.00809524 0.00115384 0.000691056 0.00177656 0.000341879 0.00166667 0.00352713 0.00617647 -0.00075153 0.00269231 0.00163717 0.00409091 -0.000647842 0.00238636 -0.000739221 -0.000531997 -0.000588236 -0.000651335 -0.00268683 0.000999999 -0.00348485 -0.000570867 -0.00329546 -0.000473084 -0.000518093
internal_weight=7027 3678 3246 432 139 42 390 369 273 234 180 129 85 3107 65 113 66 3010 88 2922 2641 2618 2587 281 50 231 2540 88 2452 2432
internal_count=7027 3678 3246 432 139 42 390 369 273 234 180 129 85 3107 65 113 66 3010 88 2922 2641 2618 2587 281 50 231 2540 88 2452 2432
is_linear=0
shrinkage=0.05


Tree=279
num_leaves=31
num_cat=0
split_feature=18 2 15 2 17 10 0 10 9 16 4 1 10 2 13 5 12 4 16 9 4 4 1 1 4 6 17 17 14 10
split_gain=15.21 0.571074 0.630465 1.03138 0.668587 0.905445 0.833207 0.846612 0.575929 0.966824 0.570945 0.728139 0.585574 0.903743 1.01334 0.646531 0.396201 0.786237 0.646623 0.65363 0.490468 0.408333 0.390196 0.378151 0.362319 0.329986 0.417543 0.586483 0.595238 0.476265
threshold=1.0000000180025095e-35 302.50000000000006 13.594880076435699 149.50000000000003 26.027847350331562 -0.67758968959607091 37.500000000000007 -0.88603780069526494 -0.33751039744763167 18.763235649471827 27.750000000000004 501.10000000000008 -0.67758968959607091 331.50000000000006 0.86691701502090135 68.500000000000014 105.064571019898 15.050000000000002 20.63128492321837 0.85206963063867758 10.050000000000002 9.6500000000000004 35.95000000000001 37.050000000000004 12.450000000000001 31.500000000000004 30.238850774808856 30.033956504167538 61.464514837065686 -0.9668120007078248
decision_type=2 2 2 2 2 2 2 2 2 2 2 2 2 2 2 2 2 2 2 2 2 2 2 2 2 2 2 2 2 2
left_child=-1 2 3 4 8 6 -6 -8 9 23 12 -12 15 14 -14 -3 22 18 -18 20 -20 -21 -7 -2 -15 26 27 29 -29 -4
right_child=1 10 25 -5 5 16 7 -9 -10 -11 11 -13 13 24 -16 -17 17 -19 19 21 -22 -23 -24 -25 -26 -27 -28 28 -30 -31
leaf_value=-2.190440373744778e-05 0.00012345295699991974 -0.00053274557436137589 -0.0015186407217175728 0.00029990596258769645 6.9782519256669025e-05 8.6300373706098538e-06 0.0011429341553813345 -0.0014108198230794267 -3.8732549490227606e-05 0.00069717209737290642 0.0043278654626212913 -0.00012354021651437959 2.2555177167127774e-05 0.00014997644636042992 0.00083955628604304687 0.00076213103011679598 5.8587300515223878e-05 -5.7725488906306614e-05 4.823391216360528e-05 -0.00013957415864125511 -9.7585388202462114e-05 7.1580815595121742e-05 -0.0019218908977796372 -0.0035397383815681063 -0.0089261008413022511 -0.0003511778858896908 -0.00058158861400476778 -0.00045313061250790859 0.020306178048005028 -1.4116612930015565e-07
leaf_weight=3345 34 267 103 26 27 31 24 28 266 32 22 20 24 23 27 24 45 62 49 20 65 40 94 36 25 762 449 21 21 1015
leaf_count=3345 34 267 103 26 27 31 24 28 266 32 22 20 24 23 27 24 45 62 49 20 65 40 94 36 25 762 449 21 21 1015
internal_value=-0.00255941 -0.000342207 -0.000569232 0.000574515 0.000275497 0.00149484 0.0063924 0.00269231 -0.00133152 0.00186274 0.00136574 0.00690476 0.00076923 0.00409091 0.00872549 -0.000360826 0.000541871 0.00158363 0.00299087 0.00160919 -0.000614036 0.00583333 -0.0018 -0.00142857 -0.000833335 -0.000993253 -0.000587323 -8.62081e-05 0.00571428 -0.000304116
internal_weight=7027 3682 3250 879 853 485 79 52 368 102 432 42 390 99 51 291 406 281 219 174 114 60 125 70 48 2371 1609 1160 42 1118
internal_count=7027 3682 3250 879 853 485 79 52 368 102 432 42 390 99 51 291 406 281 219 174 114 60 125 70 48 2371 1609 1160 42 1118
is_linear=0
shrinkage=0.05


Tree=280
num_leaves=31
num_cat=0
split_feature=18 2 15 2 4 1 10 2 13 13 13 10 10 10 11 0 4 17 17 2 4 17 17 17 6 5 9 6 2 5
split_gain=15.3879 0.553056 0.596999 1.03138 0.570945 0.728139 0.585574 0.903743 1.01334 0.415152 0.683418 0.451309 1.04985 0.62264 0.45828 0.442901 0.401278 0.457318 0.637979 0.418514 0.410189 0.370869 0.419196 1.06908 0.471792 0.570528 1.4231 0.821739 0.49314 0.550767
threshold=1.0000000180025095e-35 302.50000000000006 13.594880076435699 149.50000000000003 27.750000000000004 501.10000000000008 -0.67758968959607091 331.50000000000006 0.86691701502090135 0.012514236902050115 0.010826417866129059 -0.92910699518418138 -0.84291031405530259 -0.87792756428346708 13.584800565826358 78.500000000000014 9.0500000000000025 26.0572261218249 25.476709167500847 309.50000000000006 12.550000000000002 30.136432110657147 28.12985447987014 28.233838397671466 8.5000000000000018 23.500000000000004 0.46735488928835739 2.5000000000000004 169.50000000000003 44.500000000000007
decision_type=2 2 2 2 2 2 2 2 2 2 2 2 2 2 2 2 2 2 2 2 2 2 2 2 2 2 2 2 2 2
left_child=-1 2 3 9 6 -6 16 8 -8 10 -2 -11 13 15 -14 -13 -3 18 19 -18 -21 22 24 -24 25 26 -4 -28 29 -27
right_child=1 4 21 -5 5 -7 7 -9 -10 11 -12 12 14 -15 -16 -17 17 -19 -20 20 -22 -23 23 -25 -26 28 27 -29 -30 -31
leaf_value=-2.0809183550575391e-05 -1.3417613542295261e-05 -0.021069550805951996 0.0041508973994717436 0.00028491066445817997 0.0041114721894899035 -0.00011736320568834341 2.1427418308739765e-05 -0.00048795026612913806 0.00079757847174090389 -8.6483245928000897e-05 1.8682264455505016e-05 -6.4645629020328895e-05 7.3926580668039762e-06 0.00010816001273847155 -0.0030867576405930494 0.00034491897813754784 0.00018317235156274306 -0.0035769663337102612 0.0041315011049277289 0.00031368293530218035 -0.00224719000403833 -0.0005219808218094882 0.0087858339661835202 1.2847657909596523e-05 -0.00034727693717270022 0.0085259540702063066 -0.00093191369838067266 0.00026563985555493958 -0.00094793420375983517 -0.00028534260716495325
leaf_weight=3345 33 57 37 26 22 20 24 48 27 156 26 22 454 30 107 25 34 46 30 26 98 577 21 486 814 33 92 28 213 70
leaf_count=3345 33 57 37 26 22 20 24 48 27 156 26 22 454 30 107 25 34 46 30 26 98 577 21 486 814 33 92 28 213 70
internal_value=-0.00254518 -0.000315047 -0.000538463 0.000574515 0.00136574 0.00690476 0.00076923 0.00409091 0.00872549 0.000275497 0.00432203 -2.51901e-05 0.000564262 0.00603896 -0.000187167 0.00244681 -0.000360826 0.000555554 0.00164893 0.000379746 -0.000967743 -0.000951077 -0.000596434 0.000621301 -0.00107615 0.000179703 0.00264331 -1.19209e-09 -0.0010443 0.00179612
internal_weight=7027 3682 3250 879 432 42 390 99 51 853 59 794 638 77 561 47 291 234 188 158 124 2371 1794 507 1287 473 157 120 316 103
internal_count=7027 3682 3250 879 432 42 390 99 51 853 59 794 638 77 561 47 291 234 188 158 124 2371 1794 507 1287 473 157 120 316 103
is_linear=0
shrinkage=0.05


Tree=281
num_leaves=31
num_cat=0
split_feature=2 2 12 15 2 17 9 6 17 9 12 15 10 17 3 3 13 15 6 9 18 5 18 7 6 4 16 9 9 17
split_gain=14.7161 0.447043 0.446413 0.318902 0.792426 0.404068 0.618056 0.645891 0.536222 0.568982 0.441842 0.432153 0.417577 0.603229 0.383483 0.726577 0.770236 1.37878 0.352882 0.609524 0.335667 0.784172 0.823241 0.615415 0.734411 0.691879 0.682828 0.514376 1.15257 0.467827
threshold=6.5000000000000009 364.50000000000006 206.47875505553245 13.594880076435699 149.50000000000003 26.027847350331562 -0.051617755185161547 8.5000000000000018 26.586176958267554 0.42888796625999276 91.628144612383139 9.3593102307811442 -0.63872576220844923 27.503827471477681 33.45000000000001 33.95000000000001 0.51762392900856802 58.357686170585559 74.500000000000014 -0.59470465775869796 61.602137314521649 19.500000000000004 62.603555436416563 -0.25881904510252113 10.500000000000002 6.8500000000000005 19.273926743371891 0.67760851415498091 0.71466676797886841 25.856712974533611
decision_type=2 2 2 2 2 2 2 2 2 2 2 2 2 2 2 2 2 2 2 2 2 2 2 2 2 2 2 2 2 2
left_child=-1 3 -3 4 5 6 7 -2 9 -7 -10 18 -12 -14 -5 16 -16 -18 -9 -20 27 -22 -23 24 -24 -25 -27 -17 -29 -30
right_child=1 2 -4 14 -6 8 -8 11 10 -11 12 -13 13 -15 15 20 17 -19 19 -21 21 22 23 25 -26 26 -28 28 29 -31
leaf_value=-1.976872437304662e-05 0.00010556393095020861 0.00032741211167352765 -0.0025690227301053978 -0.00025373700522043002 0.00016710706384467545 2.2539566759864411e-05 -5.9820797117346745e-05 -0.00092304551997770233 -6.9429037645696201e-05 0.00018434291299861981 3.0249673695528401e-05 0.00023723020332237863 -0.00085243542923597719 3.3753328883143748e-05 -0.0054288160271670598 -0.00039226154917475849 0.0091386593566225062 -9.229402337975242e-05 -0.00090882476268138064 0.00010733773081811229 -0.00096057300516121471 0.00029412982213757114 3.9113962317504501e-05 0.00064692893631463657 0.0047695865205200248 0.00032373291805208154 -0.0011542763524611582 0.001220469942031366 -0.0024781219480602573 0.00012249617239761009
leaf_weight=3349 21 25 23 1343 30 29 203 44 77 34 24 29 41 277 23 609 26 23 28 42 206 30 26 40 22 33 165 20 39 146
leaf_count=3349 21 25 23 1343 30 29 203 44 77 34 24 29 41 277 23 609 26 23 28 42 206 30 26 40 22 33 165 20 39 146
internal_value=-0.00260211 -0.000418707 0.004375 -0.000482095 0.000346984 6.47809e-05 -0.00118529 0.00109756 0.0010166 0.00531746 0.000369927 -0.000104896 0.00114035 0.000660376 -0.000747002 -0.000170456 0.00472222 0.0082653 -0.00149123 0.000714285 -0.000434133 0.000555554 0.00212025 0.00129371 0.00645833 0.0002521 -0.000959597 -0.0010688 0.00109756 -0.000135136
internal_weight=7027 3678 48 3630 879 849 367 164 482 63 419 143 342 318 2751 1408 72 49 114 70 1336 522 316 286 48 238 198 814 205 185
internal_count=7027 3678 48 3630 879 849 367 164 482 63 419 143 342 318 2751 1408 72 49 114 70 1336 522 316 286 48 238 198 814 205 185
is_linear=0
shrinkage=0.05


Tree=282
num_leaves=31
num_cat=0
split_feature=18 2 1 11 3 5 5 10 3 1 10 15 11 16 2 4 14 17 14 14 15 9 11 2 18 0 3 18 17 2
split_gain=14.5956 0.557326 0.665041 0.599743 0.586534 0.503838 0.837061 0.621155 1.09827 0.469266 0.517713 0.756089 1.07805 0.689954 0.62295 0.455126 0.449629 0.454734 0.449378 0.433433 0.433377 0.425968 0.379549 0.394265 0.352335 1.01494 0.447651 0.582409 0.725215 0.977988
threshold=1.0000000180025095e-35 302.50000000000006 145.80000000000004 14.777337057572906 41.850000000000001 80.500000000000014 65.500000000000014 -0.17552498857989965 29.450000000000003 548.35000000000014 -0.94695267581281539 57.686408818533977 79.428629237761086 19.980030443901093 387.50000000000006 29.950000000000003 69.652997572783448 22.847587163759652 22.729902822264915 1.0000000180025095e-35 6.3743735143443683 1.0000000180025095e-35 18.625284776990629 117.50000000000001 19.236942004250984 231.50000000000003 31.450000000000003 17.685032753126457 19.247278054568465 111.50000000000001
decision_type=2 2 2 2 2 2 2 2 2 2 2 2 2 2 2 2 2 2 2 2 2 2 2 2 2 2 2 2 2 2
left_child=-1 3 -3 4 5 6 18 8 -8 10 11 -4 13 -13 16 19 17 -12 -2 -5 -20 -14 23 -21 25 26 27 28 -24 -30
right_child=1 2 9 15 -6 -7 7 -9 -10 -11 14 12 21 -15 -16 -17 -18 -19 20 22 -22 -23 24 -25 -26 -27 -28 -29 29 -31
leaf_value=-1.878028815439429e-05 -6.1313745452149555e-06 0.00044048482429765205 -0.011435870822249028 0.0011157936954089172 0.00011017033258585012 -0.00026123397637868866 0.0030532558730205963 -7.4640786585393489e-05 7.6384477720848901e-05 0.00048160971915810593 0.00012725097384808573 0.0081793950380737342 -0.0024270969909715358 0.00022541977612794089 0.0005830720267119481 -0.00063527405323736744 0.0002318504352679298 -0.007199984930586413 0.00017368307432602249 -0.0039580837813914136 9.713822360652394e-06 0.00032467204822535738 -0.021117166640708521 2.1711911462667827e-06 -0.0001605616129364425 0.0021031774801079416 -0.0058001566843761294 -0.0098925457673025574 0.00027029509751377108 0.0026575019961360292
leaf_weight=3345 362 35 26 37 33 73 20 27 47 36 34 20 33 21 21 70 20 155 27 110 133 31 24 45 2102 21 49 23 25 22
leaf_count=3345 362 35 26 37 33 73 20 27 47 36 34 20 33 21 21 70 20 155 27 110 133 31 24 45 2102 21 49 23 25 22
internal_value=-0.00260922 -0.000437264 0.00125 -0.00066154 0.000609417 0.000297531 0.000762986 0.00510638 0.00768657 0.000667505 0.000124653 0.00263359 0.00452381 0.0108537 -0.00130435 -0.00102453 -0.00212919 -0.0028836 -1.91583e-05 -0.000911311 0.0021875 0.000468749 -0.000993392 -0.0033871 -0.000829657 0.00140244 -0.000104896 0.00191489 0.00415493 0.00776596
internal_weight=7027 3682 432 3250 722 689 616 94 67 397 361 131 105 41 230 2528 209 189 522 2458 160 64 2421 155 2266 164 143 94 71 47
internal_count=7027 3682 432 3250 722 689 616 94 67 397 361 131 105 41 230 2528 209 189 522 2458 160 64 2421 155 2266 164 143 94 71 47
is_linear=0
shrinkage=0.05


Tree=283
num_leaves=31
num_cat=0
split_feature=18 2 12 1 7 9 3 6 16 14 6 15 2 3 6 12 15 16 17 14 3 1 16 16 13 17 12 17 16 16
split_gain=14.6826 0.480302 0.553308 0.784903 0.480458 0.469081 0.658053 0.664866 0.35 0.338916 0.423881 0.804453 0.836489 0.595238 0.40827 0.32279 0.468687 1.08206 0.321111 0.312132 0.293478 0.247387 0.432763 0.313367 0.540243 0.34909 0.463946 0.324663 0.558484 0.387074
threshold=1.0000000180025095e-35 310.50000000000006 227.24025154902557 523.75000000000011 -0.98296291314453399 -0.55241485047541339 38.850000000000001 20.500000000000004 19.813351065436276 21.498031400710108 3.5000000000000004 7.6875909590065286 91.500000000000014 38.550000000000004 21.500000000000004 236.15277394565598 57.686408818533977 19.539191340334892 28.090032251999215 67.529407829454598 36.350000000000001 755.60000000000002 24.230013989013525 23.61073865861761 0.92546089663951914 30.136432110657147 254.77728527129878 28.12985447987014 19.763697219647597 20.677423308932365
decision_type=2 2 2 2 2 2 2 2 2 2 2 2 2 2 2 2 2 2 2 2 2 2 2 2 2 2 2 2 2 2
left_child=-1 4 3 5 9 -3 8 -8 -7 14 -11 -12 -13 -14 18 -4 -17 -18 -2 -19 -10 22 23 25 -25 27 -27 -6 -29 -30
right_child=1 2 15 -5 21 6 7 -9 20 10 11 12 13 -15 -16 16 17 19 -20 -21 -22 -23 -24 24 -26 26 -28 28 29 -31
leaf_value=-1.7841273746674574e-05 4.8177796034144644e-05 0.0011219338430058065 -0.0049225059887624684 0.0005070598085057384 -6.6373347336060883e-05 -0.011490980913564788 -0.0050961443131677681 0.003725507565382381 0.00011344043279779758 -2.125990081710279e-06 0.0012832098901250383 -0.0013948408754875193 9.9755196971276715e-05 -2.1499591241039247e-06 -0.00014985206534674615 -0.012785337979223543 0.002961569737936938 -0.0047871536101506936 -2.1932426724626983e-06 0.00019338858173828746 -0.004910588646135204 0.0024684929123678749 -0.00089951319705751506 0.00087273324951502333 -0.0018329977253663172 -0.00059040207802755877 2.4500580881044731e-05 0.009183767077911742 -0.0004259704566649589 4.4415917702983146e-05
leaf_weight=3345 20 27 36 24 1817 42 21 20 25 74 26 27 24 32 64 29 20 38 25 23 23 36 139 145 28 304 20 23 93 457
leaf_count=3345 20 27 36 24 1817 42 21 20 25 74 26 27 24 32 64 29 20 38 25 23 23 36 139 145 28 304 20 23 93 457
internal_value=-0.00260211 -0.000423684 0.00140244 0.00324176 -0.000602267 0.00196202 0.00072519 0.00597561 -0.00166667 0.00133562 0.00265027 0.00463303 0.00222891 0.00571428 -0.000871561 -0.000890412 0.000454544 0.00240741 0.00277778 -0.000901641 0.00125 -0.000787068 -0.000836088 -0.000704885 0.00135838 -0.000836405 -0.00237654 -0.000627616 0.000410121 9.09079e-05
internal_weight=7027 3682 328 182 3354 158 131 41 90 292 183 109 83 56 109 146 110 81 45 61 48 3062 3026 2887 173 2714 324 2390 573 550
internal_count=7027 3682 328 182 3354 158 131 41 90 292 183 109 83 56 109 146 110 81 45 61 48 3062 3026 2887 173 2714 324 2390 573 550
is_linear=0
shrinkage=0.05


Tree=284
num_leaves=31
num_cat=0
split_feature=2 17 16 1 16 0 5 3 4 6 13 12 2 13 3 6 0 2 3 5 4 3 10 11 9 4 16 15 3 18
split_gain=14.4301 0.423023 0.362894 0.856225 0.700125 0.755936 0.658863 0.757409 0.817695 0.977123 0.441857 1.03067 0.503766 0.554848 0.476943 0.440681 0.456911 0.491055 0.660377 1.03432 0.625 0.424747 0.403935 0.398892 0.374223 0.625 0.445402 0.372285 0.378024 0.347186
threshold=7.5000000000000009 30.136432110657147 20.472225282038945 11.850000000000003 19.273926743371891 791.50000000000011 12.500000000000002 36.050000000000004 10.65 19.500000000000004 0.072857000049982509 88.323431052878433 93.500000000000014 0.19632589955022492 19.450000000000003 69.500000000000014 808.50000000000011 249.50000000000003 41.350000000000001 29.500000000000004 16.950000000000003 35.350000000000001 -0.9523422988233432 2.8440374017320775 -0.73538978246754161 15.15 16.22426607643262 23.601320189305302 44.750000000000007 75.21274462020412
decision_type=2 2 2 2 2 2 2 2 2 2 2 2 2 2 2 2 2 2 2 2 2 2 2 2 2 2 2 2 2 2
left_child=-1 2 4 -4 5 10 7 -5 -9 27 11 -2 -12 -14 -15 16 17 29 19 20 -19 -21 -6 -13 25 26 -16 -10 -29 -8
right_child=1 -3 3 6 22 -7 15 8 9 -11 12 23 13 14 24 -17 -18 18 -20 21 -22 -23 -24 -25 -26 -27 -28 28 -30 -31
leaf_value=-1.6949210059340846e-05 0.00221809166156054 -9.1842278108774677e-05 7.8920195310845388e-05 0.0085351144370929746 -5.4269306913344778e-07 0.00016036000250629749 1.6830153933929012e-05 -0.0046602557702673493 0.00012377782183714843 0.00073336732428247074 -0.0026895062453181021 5.4898918875114651e-05 5.9537937145946819e-05 0.0002473095806497707 0.00016834472148317167 -0.00042078331336801853 -0.0014878291464335011 0.013794862499059909 -0.0133402207936356 -0.0059983770176312021 0.00020194135990768229 0.0023017387569977481 -0.00018647196789274312 -0.00014625269217267601 -0.00016355445457315483 0.004793926182290827 -0.005695843837181639 -0.0042835303150654041 0.00021123375421876003 -0.0010139825285402496
leaf_weight=3367 23 724 34 25 199 31 724 47 33 30 92 33 24 33 29 155 74 20 20 30 20 36 507 35 502 36 31 30 32 51
leaf_count=3367 23 724 34 25 199 31 724 47 33 30 92 33 24 33 29 155 74 20 20 30 20 36 507 35 502 36 31 30 32 51
internal_value=-0.00263768 -0.000464482 -0.000197549 0.00040044 -0.000714287 0.000235902 0.000199697 0.00286802 0.00168605 0.0038 -4.77339e-05 0.00324176 -0.000448462 3.81667e-05 -0.000245643 -0.000265488 0.000128204 0.000438401 0.00333333 0.00490566 0.01125 0.0010606 -0.00188385 0.000147058 -0.000568563 0.00229167 -0.000833335 0.00131579 -0.000967743 -3.22593e-05
internal_weight=7027 3660 2936 1361 1575 869 1327 197 172 125 838 91 747 655 631 1130 975 901 126 106 40 66 706 68 598 96 60 95 62 775
internal_count=7027 3660 2936 1361 1575 869 1327 197 172 125 838 91 747 655 631 1130 975 901 126 106 40 66 706 68 598 96 60 95 62 775
is_linear=0
shrinkage=0.05


Tree=285
num_leaves=31
num_cat=0
split_feature=13 16 0 6 4 4 4 13 7 6 0 18 9 18 17 2 17 14 9 5 17 10 10 2 4 6 14 15 1 1
split_gain=14.1386 0.416646 0.654454 0.581326 0.45718 0.434592 0.416977 0.914286 0.391755 0.526214 0.509869 0.509601 0.630054 0.338761 0.51031 1.07491 0.514371 0.371725 0.891595 0.403647 0.354916 0.43519 0.733764 0.333755 0.288489 0.30351 0.290098 0.297196 0.287161 0.839288
threshold=0.013652122847930796 22.65739861525682 832.00000000000011 7.5000000000000009 33.550000000000004 30.350000000000005 28.350000000000005 0.88705569184195421 -0.98296291314453399 5.5000000000000009 57.500000000000007 8.0413689877169379 -0.32125776158017838 75.536447250035124 28.12985447987014 282.50000000000006 30.136432110657147 62.730773408746145 0.44437406304545285 36.500000000000007 27.766965740350798 0.30080866500414788 0.72064045540576338 197.50000000000003 3.6500000000000008 12.500000000000002 83.695343200843851 78.802865643448854 569.25000000000011 591.95000000000016
decision_type=2 2 2 2 2 2 2 2 2 2 2 2 2 2 2 2 2 2 2 2 2 2 2 2 2 2 2 2 2 2
left_child=-1 2 4 -4 5 6 8 -8 9 10 -2 -11 -13 14 20 16 17 -16 19 -19 21 28 -23 -24 -3 26 27 -26 -10 -30
right_child=1 24 3 -5 -6 -7 7 -9 13 11 -12 12 -14 -15 15 -17 -18 18 -20 -21 -22 22 23 -25 25 -27 -28 -29 29 -31
leaf_value=-1.6101749556373804e-05 0.00025947576447951708 0.00023137770528563304 0.00033263588604888527 0.00042994205102080471 0.001803865112186229 -0.0051662433218334324 -4.8342441886398733e-07 0.0028208539186535438 -0.00010108322183046068 -7.2400532054039631e-05 1.3389211588365135e-05 9.4840819145260405e-05 -4.4466198161344204e-05 -0.00068920707074532101 2.2224917220566422e-05 0.0033840458845534761 -0.00026828272926458958 -0.00061621744946959215 0.010073073375193043 0.00061119758736953578 -0.0019765395292624713 0.0095758273448531897 -0.00020705974909677384 0.00011009034811962405 -9.0902825268446914e-05 -0.0002810075882015265 0.0034494779303757615 -0.007821900579820849 0.0079755696161121648 -0.00017009891800707949
leaf_weight=3418 25 31 58 31 27 51 36 20 1535 103 37 23 41 115 305 25 96 61 23 26 127 23 72 31 375 160 21 53 29 49
leaf_count=3418 25 31 58 31 27 51 36 20 1535 103 37 23 41 115 305 25 96 61 23 26 127 23 72 31 375 160 21 53 29 49
internal_value=-0.00266615 -0.000483515 -0.000234087 0.00398876 -0.000364585 -0.000425869 -0.000342614 0.00392857 -0.000429717 0.00155022 0.00548387 8.98192e-05 0.00359375 -0.000609854 -0.000482932 0.000876864 0.000381604 0.00114458 0.00363636 0.00132184 -0.000873527 -0.000687178 0.00214286 0.000339805 -0.00164063 -0.00188013 -0.00121381 -0.00149533 -0.000908247 0.00205128
internal_weight=7027 3609 2969 89 2880 2853 2802 56 2746 229 62 167 64 2517 2402 536 511 415 110 87 1866 1739 126 103 640 609 449 428 1613 78
internal_count=7027 3609 2969 89 2880 2853 2802 56 2746 229 62 167 64 2517 2402 536 511 415 110 87 1866 1739 126 103 640 609 449 428 1613 78
is_linear=0
shrinkage=0.05


Tree=286
num_leaves=31
num_cat=0
split_feature=2 16 16 0 13 18 0 6 13 18 18 2 5 18 13 4 4 0 4 15 5 12 15 15 1 1 5 4 1 15
split_gain=13.5256 0.420012 0.541968 0.480208 0.53046 2.3074 0.654298 0.528109 0.383358 0.817822 0.999686 0.565046 1.3909 0.505966 0.617039 0.43325 0.776858 0.341719 0.337699 0.335508 0.78712 1.57702 0.602033 0.38801 0.661706 0.770818 0.445057 0.311111 0.281804 0.363731
threshold=9.5000000000000018 22.65739861525682 22.59644525644368 832.00000000000011 0.20048609849843999 9.7366163776564072 148.50000000000003 7.5000000000000009 0.10261641511641513 5.8081195090771276 6.5200250492240439 90.500000000000014 54.500000000000007 4.3732017446696894 0.064541529083058172 19.150000000000002 21.350000000000005 160.50000000000003 33.550000000000004 13.594880076435699 69.500000000000014 267.50248209955811 18.507455861255931 23.601320189305302 309.45000000000005 212.10000000000002 38.500000000000007 23.850000000000005 760.05000000000007 78.335204095115998
decision_type=2 2 2 2 2 2 2 2 2 2 2 2 2 2 2 2 2 2 2 2 2 2 2 2 2 2 2 2 2 2
left_child=-1 2 3 4 5 6 8 -5 9 13 -11 -10 -13 14 15 -2 -17 -6 19 20 21 -19 -21 24 25 -24 -26 -18 29 -3
right_child=1 28 -4 7 17 -7 -8 -9 11 10 -12 12 -14 -15 -16 16 27 18 -20 22 -22 -23 23 -25 26 -27 -28 -29 -30 -31
leaf_value=-1.5296662078555114e-05 -2.0047911742657094e-05 -8.919261738436055e-05 0.007741358981250706 0.00012036222850419138 -0.007294150058969745 0.0022997300121200179 6.7307238550338281e-05 0.00040862755621019385 -0.0027266778571766953 0.0020141711054585325 -0.0052962633951507965 -0.0046611281908351563 0.00049076380036755464 -0.0024133366895318464 0.0014547972911456196 7.9744434454812784e-05 -0.00012134665739470862 0.0013127862018464586 0.0025074689109719716 -0.0024618574014813816 -0.0056561353973170045 -0.00093391666934319667 0.0016387877853732309 -0.00012114148545821803 2.7628909006280411e-05 -0.00022191926404724403 0.0040101259982713022 6.9052511412330496e-05 0.0062188349727390633 -0.0012397352782484768
leaf_weight=3406 209 537 25 55 49 36 28 29 122 33 20 39 20 50 28 22 21 21 25 131 22 22 31 1769 29 92 25 24 23 84
leaf_count=3406 209 537 25 55 49 36 28 29 122 33 20 39 20 50 28 22 21 21 25 131 22 22 31 1769 29 92 25 24 23 84
internal_value=-0.00270884 -0.000581332 -0.000330871 -0.000392955 -0.000502093 0.000751533 3.24663e-05 0.00333333 -0.00032313 0.000528254 0.00632075 -0.00223757 0.00177966 -0.000338984 0.00042763 -0.000289856 0.00320895 -0.00087094 -0.000777574 -0.000845006 0.00269231 0.00662791 -0.000955707 -0.000734842 0.00149717 -0.000528456 0.00611111 -0.000555557 -0.00173913 -0.00194042
internal_weight=7027 3621 2977 2952 2868 652 616 84 588 407 53 181 59 354 304 276 67 2216 2167 2142 65 43 2077 1946 177 123 54 45 644 621
internal_count=7027 3621 2977 2952 2868 652 616 84 588 407 53 181 59 354 304 276 67 2216 2167 2142 65 43 2077 1946 177 123 54 45 644 621
is_linear=0
shrinkage=0.05


Tree=287
num_leaves=31
num_cat=0
split_feature=13 16 0 7 6 14 12 2 14 4 16 15 15 6 18 18 4 15 4 3 18 16 3 1 3 16 4 15 17 11
split_gain=12.6391 0.370088 0.567905 0.386163 0.426566 0.660876 0.385259 0.405332 0.377621 0.288332 0.790045 1.13217 0.654088 0.271498 0.264714 0.446574 1.01023 0.279819 0.284393 0.693105 1.00082 0.664249 0.429501 0.427253 0.733764 0.508978 0.450646 0.680377 0.444314 0.41957
threshold=0.010826417866129059 22.65739861525682 832.00000000000011 -0.98296291314453399 51.500000000000007 17.325652384954012 227.24025154902557 306.50000000000006 24.241199778612899 28.350000000000005 20.744090214195712 57.97273243836387 35.237453461000868 26.500000000000004 75.536447250035124 73.528219932940772 10.250000000000002 0.31915975886824305 11.950000000000001 21.250000000000004 37.712085615690953 22.143702692543933 34.550000000000004 33.350000000000001 28.350000000000005 20.917875680437216 12.65 54.624302378532597 24.70824745632007 6.2420705122950979
decision_type=2 2 2 2 2 2 2 2 2 2 2 2 2 2 2 2 2 2 2 2 2 2 2 2 2 2 2 2 2 2
left_child=-1 2 3 4 5 -2 7 -4 13 14 11 12 -11 -7 15 17 -17 -5 21 20 -20 -19 -23 24 -21 28 27 -25 29 -26
right_child=1 -3 6 9 -6 8 -8 -9 -10 10 -12 -13 -14 -15 -16 16 -18 18 19 23 -22 22 -24 26 25 -27 -28 -29 -30 -31
leaf_value=-1.4531828974627358e-05 5.3344947147479495e-05 -0.00017249488818488076 0.0056074548637987803 -1.6445529535043269e-05 -9.0851526119050589e-05 -2.0548116400601194e-05 -0.00088890565771966926 0.00046396584373564531 8.5436981962005198e-05 0.00072655940358827835 -0.00015156897537925047 0.0041634251598903658 -0.0026665270050349969 0.00010101418025719707 -0.00064868964293459427 0.014538692035474934 -0.0010345710315321159 -0.000198645295847533 -9.6590723261581575e-05 0.0022436274067084011 0.0018461131728556971 -0.00036340951899969059 0.0052839758018508121 -0.00028012571943667196 5.7115711265195028e-05 9.9512799262063521e-05 -0.00011098166593827614 0.0020585306776255779 -0.00012663517474439541 -0.00012732541377444141
leaf_weight=3376 22 646 35 41 86 73 28 26 37 27 54 24 26 20 115 25 26 952 32 23 36 21 20 57 20 20 1067 29 42 21
leaf_count=3376 22 646 35 41 86 73 28 26 37 27 54 24 26 20 115 25 26 952 32 23 36 21 20 57 20 20 1067 29 42 21
internal_value=-0.00277999 -0.000740894 -0.000507489 -0.000627573 0.00130252 0.00289474 0.00342697 0.00565574 0.00153846 -0.000799105 0.00148855 0.00474026 0.000660376 -0.000161292 -0.000916766 -0.000805922 0.00382353 -0.000905083 -0.000833335 -0.000360061 0.00455882 -0.00147533 0.0047561 -0.000621581 0.00214286 0.000339805 -0.000923679 0.00255814 -0.00138554 0.00231707
internal_weight=7027 3651 3005 2916 238 152 89 61 130 2678 131 77 53 93 2547 2432 51 2381 2340 1347 68 993 41 1279 126 103 1153 86 83 41
internal_count=7027 3651 3005 2916 238 152 89 61 130 2678 131 77 53 93 2547 2432 51 2381 2340 1347 68 993 41 1279 126 103 1153 86 83 41
is_linear=0
shrinkage=0.05


Tree=288
num_leaves=31
num_cat=0
split_feature=2 1 1 12 6 1 1 4 4 17 10 17 9 3 9 6 12 6 18 2 16 5 3 3 4 6 15 15 16 3
split_gain=12.6932 0.496122 0.737796 0.647051 1.04908 1.44274 0.675 0.516482 0.927666 0.920971 1.0084 0.644508 1.17276 0.394461 0.40509 0.376272 0.428424 0.602021 0.93855 0.906319 0.415135 0.777143 0.733214 0.462963 0.423401 0.396999 0.375313 0.360119 0.322833 0.384376
threshold=9.5000000000000018 220.90000000000003 133.95000000000002 255.80449031193589 6.5000000000000009 148.85000000000002 193.10000000000005 19.150000000000002 19.950000000000003 26.36323305391053 -0.54160775828284857 30.493426101831563 0.86095304316285726 31.450000000000003 0.92913280730858816 74.500000000000014 119.75765688221237 43.500000000000007 46.888193249632643 282.50000000000006 19.273926743371891 37.500000000000007 32.050000000000004 21.050000000000004 12.550000000000002 27.500000000000004 0.70748362666980424 0.35294841394985871 19.733299955702822 39.750000000000007
decision_type=2 2 2 2 2 2 2 2 2 2 2 2 2 2 2 2 2 2 2 2 2 2 2 2 2 2 2 2 2 2
left_child=-1 2 7 4 -4 -6 -7 11 -9 -10 -11 26 -13 -5 -15 16 -3 20 -19 -20 21 24 23 -23 -18 28 27 -2 -22 -30
right_child=1 15 3 13 5 6 -8 8 9 10 -12 12 -14 14 -16 -17 17 18 19 -21 25 22 -24 -25 -26 -27 -28 -29 29 -31
leaf_value=-1.380523752589599e-05 -2.3085917440281477e-05 -0.0007145692358980541 0.00067925953360238286 -0.00017302814927178318 0.00063240331944529077 -0.0023378174889724045 0.0011773007754251174 0.00059631003786470114 -0.00011889228670273848 0.00040463917912649861 -0.00080272224651024762 0.00040990558300669084 -5.1930873218373829e-05 -3.8107600639381522e-06 8.1365686854185416e-05 -0.00025012905453227998 -0.00088143425911089979 0.0040528979127494981 -0.0008561190344437415 0.0027979712994151452 -0.00039625076562692341 0.0016252061678291756 0.0072877213487424182 -0.001365389696792059 8.04050830142326e-05 -0.0011915623015864259 -0.00011179870181672815 1.2856407351964216e-05 -0.00015119417378672883 0.00016632496457212408
leaf_weight=3406 21 488 39 31 26 48 32 26 112 30 21 23 35 111 25 448 59 33 51 35 44 27 31 27 31 82 489 27 934 235
leaf_count=3406 21 488 39 31 26 48 32 26 112 30 21 23 35 111 25 448 59 33 51 35 44 27 31 27 31 82 489 27 934 235
internal_value=-0.00279422 -0.000733224 0.000155108 0.00221154 0.00465517 0.00207547 -0.00125 -0.000663266 0.00161376 0.000214723 0.00578431 -0.00138656 0.00362069 8.98192e-05 0.00125 -0.00111881 -0.000835341 -0.000437383 0.00298319 0.000232557 -0.000714287 0.00157143 0.005 0.00148148 -0.00166667 -0.00102317 -0.00192738 0.00229167 -0.000795549 -0.000637298
internal_weight=7027 3621 1096 312 145 106 80 784 189 163 51 595 58 167 136 2525 2077 1589 119 86 1470 175 85 54 90 1295 537 48 1213 1169
internal_count=7027 3621 1096 312 145 106 80 784 189 163 51 595 58 167 136 2525 2077 1589 119 86 1470 175 85 54 90 1295 537 48 1213 1169
is_linear=0
shrinkage=0.05


Tree=289
num_leaves=31
num_cat=0
split_feature=2 1 2 3 17 3 18 6 5 9 0 6 13 15 6 1 13 14 18 13 5 2 16 12 10 1 16 18 0 0
split_gain=12.6108 0.369569 1.00368 1.03563 0.476277 0.435748 0.649937 0.48561 0.501471 0.432736 0.496779 0.47099 0.948355 0.473684 0.392169 0.530835 0.381893 0.364134 0.482975 0.63624 1.02542 0.549789 0.473343 0.989319 0.695259 0.681065 0.591208 0.394854 0.63346 0.387218
threshold=9.5000000000000018 258.25000000000006 304.50000000000006 31.950000000000003 16.336118482280501 39.650000000000013 64.663986163741143 16.500000000000004 18.500000000000004 0.78297285307474518 672.50000000000011 7.5000000000000009 0.74693550808025233 36.095545913490035 28.500000000000004 306.25000000000006 0.26738389479373087 30.579620215691588 8.2073838487936044 0.18158213768841017 50.500000000000007 104.50000000000001 20.976160318833745 102.4061476566044 -0.82389248692129191 195.40000000000003 18.1032528976808 7.2241895993209218 92.500000000000014 57.500000000000007
decision_type=2 2 2 2 2 2 2 2 2 2 2 2 2 2 2 2 2 2 2 2 2 2 2 2 2 2 2 2 2 2
left_child=-1 2 4 -4 -2 14 9 8 -8 10 11 12 13 -7 15 -3 -17 18 27 20 21 -20 24 -24 25 26 -21 28 29 -6
right_child=1 5 3 -5 17 6 7 -9 -10 -11 -12 -13 -14 -15 -16 16 -18 -19 19 22 -22 -23 23 -25 -26 -27 -28 -29 -30 -31
leaf_value=-1.3114975649601189e-05 -0.01184798413525916 -0.0020160950859118613 0.0011758200846608059 1.378633631102398e-05 2.3805114661602995e-06 0.00043932380797308826 -0.0010048663562281816 0.0026053050970798763 0.0017928571385566819 0.00023655319628765843 -0.0098192902883211808 -0.00068275606975709059 0.0082639697691357008 -0.0021117549269610738 -0.00024256912004738305 0.00074976969897386757 -0.00014087603459631852 -0.00077049838629878831 -0.00045757555601099446 0.00016580420317221004 0.0012269695338737114 0.00016912492040750823 0.0011835752893000705 -0.00087840945139326882 -0.0074383317437161887 0.0017059423502751954 -3.9445015301463621e-05 -0.0039403505823177162 0.00016828453591870242 -0.00016414229305012097
leaf_weight=3406 53 77 23 40 374 38 44 23 35 23 120 90 20 38 582 38 1285 141 29 21 31 20 23 21 88 35 66 100 23 120
leaf_count=3406 53 77 23 40 374 38 44 23 35 23 120 90 20 38 582 38 1285 141 29 21 31 20 23 21 88 35 66 100 23 120
internal_value=-0.00280134 -0.000747032 -3.31138e-05 0.00611111 -0.00037118 -0.00110444 0.000336426 0.00382353 0.00196202 -0.000744682 -0.00124183 0.000376343 0.0028125 0.000263157 -0.00141776 -0.000964287 -0.000729404 -0.000146521 0.000205046 0.00173653 0.005625 0.00112245 0.00051181 0.00522727 -0.000476192 0.00196721 -0.0004023 -0.000623988 -6.76995e-05 -0.000445345
internal_weight=7027 3621 1208 63 1145 2413 431 102 79 329 306 186 96 76 1982 1400 1323 1092 951 334 80 49 254 44 210 122 87 617 517 494
internal_count=7027 3621 1208 63 1145 2413 431 102 79 329 306 186 96 76 1982 1400 1323 1092 951 334 80 49 254 44 210 122 87 617 517 494
is_linear=0
shrinkage=0.05


Tree=290
num_leaves=31
num_cat=0
split_feature=2 1 0 14 16 16 0 6 13 1 12 3 0 13 16 0 1 18 11 6 4 4 6 2 9 16 12 15 12 1
split_gain=13.2768 0.502251 1.14625 1.226 1.1263 1.10759 0.722704 0.535112 0.647581 0.538113 0.515723 0.4933 1.07023 0.470067 0.430476 0.337949 0.852439 0.45443 0.359517 0.725926 0.406349 0.329257 0.534673 0.76526 0.80263 1.27698 1.87635 0.858481 0.520001 0.316873
threshold=9.5000000000000018 274.90000000000003 331.50000000000006 52.21991853860677 18.1032528976808 20.004029633113653 411.50000000000006 24.500000000000004 0.86691701502090135 369.75000000000006 203.19880857529418 39.550000000000004 767.50000000000011 0.3511805337040883 13.521782310682594 254.50000000000003 212.10000000000002 19.236942004250984 26.819483663903579 81.500000000000014 15.450000000000001 9.9500000000000011 4.5000000000000009 261.50000000000006 -0.36971084796686599 22.682609723123054 206.47875505553245 49.792504345941325 224.88757814396817 515.55000000000007
decision_type=2 2 2 2 2 2 2 2 2 2 2 2 2 2 2 2 2 2 2 2 2 2 2 2 2 2 2 2 2 2
left_child=-1 2 13 4 6 -6 -4 14 -9 -10 -8 -11 -13 15 -3 17 -17 18 -2 -20 -21 -16 29 24 27 26 -26 -24 -29 -23
right_child=1 7 3 -5 5 -7 10 8 9 11 -12 12 -14 -15 21 16 -18 -19 19 20 -22 22 23 -25 25 -27 -28 28 -30 -31
leaf_value=-1.2459226867121128e-05 -6.1706471536077208e-06 5.4156939866706924e-05 -0.0019416243345989394 -0.015746490898732719 0.0023473370903319031 0.00018840202750779685 0.00035246019090756327 -0.00064056888751501016 0.00045283105553159208 -0.00023687365028754155 0.0018367579345801154 -0.026970095780697853 0.0026868892622464663 -0.0052772524681058289 -0.00038528462053435107 0.011832088300589334 -0.0028127645816756011 -0.0095696748409596494 0.00058426330653607952 -0.020681636072662699 0.002396843606907428 4.1033491990178352e-05 -0.00030640523678094353 -0.00011948374468150404 0.017321200152935777 -0.00052898605070350591 0.00085290710679440142 -0.00012608044041765733 0.027019640954509278 -0.00051256606242643327
leaf_weight=3406 828 22 31 39 27 26 23 406 20 217 20 20 26 106 555 21 37 49 27 24 21 393 53 119 24 35 34 29 27 362
leaf_count=3406 828 22 31 39 27 26 23 406 20 217 20 20 26 106 555 21 37 49 27 24 21 393 53 119 24 35 34 29 27 362
internal_value=-0.00274442 -0.000636566 0.00016028 0.00403614 0.00641732 0.0119811 0.00243243 -0.00107173 -0.00224238 -0.000406362 0.00662791 -0.00100761 0.00369565 -0.000417791 -0.000583788 -8.44103e-05 0.00362069 -0.000310855 -5.55567e-05 0.00333333 -0.000555557 -0.0006775 -0.000167287 0.00154205 0.00341584 0.00682796 0.0113793 0.000504586 0.00482143 -0.000894041
internal_weight=7027 3621 1279 166 127 53 74 2342 689 283 43 263 46 1113 1653 1007 58 949 900 72 45 1631 1076 321 202 93 58 109 56 755
internal_count=7027 3621 1279 166 127 53 74 2342 689 283 43 263 46 1113 1653 1007 58 949 900 72 45 1631 1076 321 202 93 58 109 56 755
is_linear=0
shrinkage=0.05


Tree=291
num_leaves=31
num_cat=0
split_feature=2 13 13 18 5 0 15 0 17 0 4 13 9 5 4 14 6 1 12 4 3 15 14 17 4 15 9 3 4 10
split_gain=13.1034 0.485026 1.13342 0.728139 0.581825 0.447773 0.491108 0.345938 0.646328 0.447556 0.988618 0.782638 0.355777 0.600857 0.437936 0.486275 0.393765 0.344466 0.39225 0.988713 1.06719 0.955086 0.348866 0.504959 0.344309 0.328656 0.294983 0.282074 0.406451 0.348224
threshold=9.5000000000000018 0.53097657059921222 0.51762392900856802 38.920826800968911 7.5000000000000009 403.50000000000006 46.819344971606732 431.50000000000006 22.676794758167365 478.50000000000006 15.850000000000003 0.58987827514814029 0.021515898191483886 46.500000000000007 20.250000000000004 40.952303898370694 56.500000000000007 755.60000000000002 249.27822369949533 14.750000000000002 35.850000000000001 57.236751765938415 60.421538932929742 25.632034200284426 22.350000000000005 61.354000704880249 0.67125374152323958 33.750000000000007 7.5500000000000007 0.13300977955191609
decision_type=2 2 2 2 2 2 2 2 2 2 2 2 2 2 2 2 2 2 2 2 2 2 2 2 2 2 2 2 2 2
left_child=-1 2 4 -4 -2 6 -6 -3 12 10 11 26 13 -9 15 -15 -14 18 27 25 -21 22 23 -22 -23 -20 -10 28 -11 -29
right_child=1 7 3 -5 5 -7 -8 8 9 17 -12 -13 16 14 -16 -17 -18 -19 19 20 21 24 -24 -25 -26 -27 -28 29 -30 -31
leaf_value=-1.1836265523765072e-05 9.5126423657698709e-05 -0.0042902058900375342 7.5425615436254629e-05 0.012266498798564965 -1.4421717397301952e-05 -0.0012300476352004907 0.00055132073720643999 0.0066651161029957842 -0.0018950125934108662 -0.00015042204158652691 -0.00062824243054255191 0.018452230093326985 -0.0031575158493291084 0.00018149014184280239 0.00041300225490888083 -0.0020479317664316111 3.3684339211881706e-05 0.0023474275827860967 -0.0013749850303030765 0.0059148832692516628 0.0054472549779189805 0.00018601445953746621 -0.0094972732671727133 -0.00057611747237601744 0.00060884782235951483 0.0018185052365675206 0.0016646279366801771 -0.00018495467744946494 -0.0029503792247723482 -0.00080114960267254785
leaf_weight=3406 24 140 22 20 1486 50 32 26 26 165 38 36 30 20 25 31 23 36 102 27 21 20 47 29 21 20 20 635 390 59
leaf_count=3406 24 140 22 20 1486 50 32 26 26 165 38 36 30 20 25 31 23 36 102 27 21 20 47 29 21 20 20 635 390 59
internal_value=-0.00274442 -0.000650374 -1.22411e-05 0.00809524 -0.000226132 -0.000344389 -0.000191042 -0.00117514 -0.000993504 -0.0012766 0.00166667 0.0047561 0.00209677 0.00382353 0.00157895 -0.00107843 -0.00122642 -0.00150127 -0.00161458 5.22636e-05 0.00257576 0.0007971 -0.00190722 0.000999999 0.00719512 -0.00336066 0.000434781 -0.0019976 -0.00283784 -0.00132565
internal_weight=7027 3621 1634 42 1592 1568 1518 1987 1847 1692 120 82 155 102 76 51 53 1572 1536 287 165 138 97 50 41 122 46 1249 555 694
internal_count=7027 3621 1634 42 1592 1568 1518 1987 1847 1692 120 82 155 102 76 51 53 1572 1536 287 165 138 97 50 41 122 46 1249 555 694
is_linear=0
shrinkage=0.05


Tree=292
num_leaves=31
num_cat=0
split_feature=13 1 18 14 6 9 11 5 10 4 14 3 10 6 5 2 3 1 17 6 6 14 11 13 10 0 3 12 10 4
split_gain=13.3838 0.459761 0.874876 0.875943 1.07665 0.602496 0.53564 0.50894 0.469695 0.426408 0.429501 0.388162 0.602189 0.76603 0.540876 0.553085 0.750319 0.406469 0.462615 0.376384 0.508605 0.490191 0.366813 0.45914 1.14191 0.530181 0.357779 0.331395 1.05 0.316454
threshold=0.010826417866129059 290.05000000000001 28.613117394034933 52.21991853860677 99.500000000000014 -0.6084543315941251 31.480340920393171 48.500000000000007 0.98927755889796032 14.250000000000002 32.793263389360938 28.050000000000004 0.090251610031040944 11.500000000000002 41.500000000000007 145.50000000000003 31.550000000000004 11.050000000000002 24.492341749828118 75.500000000000014 12.500000000000002 10.282960876418951 37.667460987063379 0.63812056149200258 0.84750952922804623 518.50000000000011 43.250000000000007 87.619732157597056 -0.9523422988233432 25.050000000000004
decision_type=2 2 2 2 2 2 2 2 2 2 2 2 2 2 2 2 2 2 2 2 2 2 2 2 2 2 2 2 2 2
left_child=-1 2 6 4 9 -6 8 -7 11 10 -4 -2 14 -14 26 17 -17 18 -16 20 27 -22 23 -3 25 -25 29 28 -19 -13
right_child=1 22 3 -5 5 7 -8 -9 -10 -11 -12 12 13 -15 15 16 -18 19 -20 -21 21 -23 -24 24 -26 -27 -28 -29 -30 -31
leaf_value=-1.124445224757682e-05 -6.1023984219464915e-05 -0.00019540597543184159 -0.00082714256699783237 -0.0055548400740375254 0.00039959429810588142 0.00016938549261472254 -0.013089388248656611 0.0013176217734346307 1.3797899017323609e-05 -0.0006254760236948302 0.0053193044857287042 -4.7700532989814665e-05 0.00026202889589120078 -0.00031086495735995747 -5.653347466018685e-05 0.00042541211926353087 0.00038690537028111409 -0.00017156751991338225 3.0805633945659111e-05 -0.0001885766904070806 0.00027618335485802068 0.00021907521627512997 -0.00026653713614239815 0.0092455062038851749 -0.00034561346026286437 8.0262582001956934e-05 0.00010423413526964533 -0.00017408051677139343 0.001409655736802755 0.00015239434976115833
leaf_weight=3376 318 526 21 46 24 23 97 21 20 40 20 328 23 29 22 22 38 28 24 67 41 23 1611 20 85 27 27 38 20 22
leaf_count=3376 318 526 21 46 24 23 97 21 20 40 20 328 23 29 22 22 38 28 24 67 41 23 1611 20 85 27 27 38 20 22
internal_value=-0.00271595 -0.00061764 0.000101301 0.00320513 0.00506711 0.00970588 -0.000408594 0.0131818 -9.17443e-05 0.00117284 0.0047561 -0.000233646 0.000385637 0.00557692 -1.19209e-09 0.00150155 0.00583333 0.000513307 0.00478261 -0.000391706 0.000999999 0.004375 -0.00105553 -6.07915e-05 0.00257576 0.00882979 -0.00128647 -0.00151163 0.00125 -0.00171429
internal_weight=7027 3651 1382 195 149 68 1187 44 1090 81 41 1070 752 52 700 323 60 263 46 217 150 64 2269 658 132 47 377 86 48 350
internal_count=7027 3651 1382 195 149 68 1187 44 1090 81 41 1070 752 52 700 323 60 263 46 217 150 64 2269 658 132 47 377 86 48 350
is_linear=0
shrinkage=0.05


Tree=293
num_leaves=31
num_cat=0
split_feature=2 4 11 2 1 2 12 9 5 3 3 1 9 16 13 5 13 0 1 3 4 16 3 18 1 9 1 4 14 12
split_gain=13.4406 0.542358 0.616046 0.534046 0.45377 0.557351 0.548746 0.538039 0.814922 0.604556 0.392157 0.38837 0.651852 0.538258 1.13536 0.452662 0.610951 0.958683 1.2524 0.361267 1.44684 0.751748 0.376746 0.366876 0.350288 0.40377 0.342615 0.337476 1.48444 0.410055
threshold=9.5000000000000018 11.350000000000003 45.055171228814977 250.50000000000003 220.90000000000003 304.50000000000006 94.526791770722539 -0.73538978246754161 67.500000000000014 41.850000000000001 31.650000000000002 133.95000000000002 0.92913280730858816 19.702244142682023 0.31504661761273606 34.500000000000007 0.099551228112353271 33.500000000000007 29.750000000000004 20.450000000000003 15.15 20.507416439763805 29.050000000000004 21.120544749051671 99.300000000000026 0.14153898451656996 115.7 12.350000000000003 69.467678688898005 239.22686290751017
decision_type=2 2 2 2 2 2 2 2 2 2 2 2 2 2 2 2 2 2 2 2 2 2 2 2 2 2 2 2 2 2
left_child=-1 2 3 24 5 7 -6 8 10 11 -3 15 13 14 -13 -9 17 -17 -19 20 21 -8 -21 -24 25 -2 -26 28 29 -25
right_child=1 4 -4 -5 6 -7 19 9 -10 -11 -12 12 -14 -15 -16 16 -18 18 -20 22 -22 -23 23 27 26 -27 -28 -29 -30 -31
leaf_value=-1.068222963519798e-05 -0.00056414553201161917 -0.0050356280607304783 -0.00069942227941622497 0.0074197740395217683 -0.0076677462242321637 0.00023682647704291226 0.00046975376505411733 -7.8139620715255472e-05 0.0023449793068403622 4.3533964209308491e-05 0.00015978913369001687 0.00056761112452330907 0.00021147716551320599 -0.00019546524357755141 -0.0053370242089774249 -1.6137707223433473e-05 -0.00493140397907615 0.00094807387382241516 2.4578188713090581e-06 -0.00057860509251257903 0.01587534209469996 -0.0029620812006248762 -0.0016955968458025675 0.0030055400591369069 0.0014975507746134483 -9.8292798861749836e-06 -9.2737039065940969e-05 -3.0764968326474308e-05 0.00233051956839361 -0.00073160717460527599
leaf_weight=3406 114 20 510 20 140 38 22 121 32 35 34 23 30 70 42 68 133 20 31 213 25 43 37 38 30 92 672 919 20 29
leaf_count=3406 114 20 510 20 140 38 22 121 32 35 34 23 30 70 42 68 133 20 31 213 25 43 37 38 30 92 672 919 20 29
internal_value=-0.00271595 -0.000595141 -0.0013491 -0.000581898 -9.84895e-05 0.000954088 -0.000592195 0.000614566 0.00430232 6.10808e-05 0.000555554 -0.000353161 0.00166667 0.000185184 0.00346154 -0.00124665 -3.96837e-05 0.00256302 0.0077451 -0.000282319 0.00277778 -0.00115385 -0.000501594 -0.00011026 -0.000759913 -0.00257282 -0.000227921 6.95813e-05 0.00304598 -0.000522389
internal_weight=7027 3621 1438 928 2183 697 1486 659 86 573 54 538 165 135 65 373 252 119 51 1346 90 65 1256 1043 908 206 702 1006 87 67
internal_count=7027 3621 1438 928 2183 697 1486 659 86 573 54 538 165 135 65 373 252 119 51 1346 90 65 1256 1043 908 206 702 1006 87 67
is_linear=0
shrinkage=0.05


Tree=294
num_leaves=31
num_cat=0
split_feature=13 4 3 17 4 4 2 0 11 1 11 3 14 15 0 4 8 0 17 17 18 14 1 5 5 1 4 18 18 3
split_gain=12.8027 0.47791 0.483579 0.742521 0.869088 0.585261 0.495563 0.9724 0.44237 0.481287 0.454888 0.421335 0.525205 0.753225 1.05834 0.425831 0.399638 0.38796 0.368691 0.756429 0.49467 0.718905 1.57883 0.703922 0.899291 0.841107 0.332717 0.325143 1.13599 0.333771
threshold=0.010826417866129059 11.950000000000001 20.450000000000003 29.485161729822767 14.450000000000001 13.950000000000001 298.50000000000006 518.50000000000011 45.877076233242633 33.350000000000001 7.2105124014547171 31.450000000000003 64.213614264853774 63.962514483605197 772.50000000000011 27.750000000000004 -0.78656609248549325 824.50000000000011 32.573320438648473 31.890626770621889 41.685605162508899 60.421538932929742 484.35000000000008 29.500000000000004 10.500000000000002 571.95000000000016 13.850000000000003 10.263212050477939 15.339071760111681 21.450000000000003
decision_type=2 2 2 2 2 2 2 2 2 2 2 2 2 2 2 2 2 2 2 2 2 2 2 2 2 2 2 2 2 2
left_child=-1 8 3 5 -5 -3 16 -8 9 -2 -11 -9 15 14 -14 -13 -4 -15 19 20 26 22 -22 24 -23 -26 -18 -12 -29 -30
right_child=1 2 6 4 -6 -7 7 11 -10 10 27 12 13 17 -16 -17 18 -19 -20 -21 21 23 -24 -25 25 -27 -28 28 29 -31
leaf_value=-1.014811815343808e-05 -0.00013203676335443083 0.00051729066594585434 -0.00051351661208726075 -0.00056466404110891335 0.0026572328385022562 3.1065683317832312e-05 0.00045854245138356392 0.0004661266280274969 -0.00045712186788519926 6.4233725113827875e-05 -0.00030056456829045172 -0.0016066818602140651 -0.00015969307461370625 0.00037458799485801499 0.00088435946725056716 0.0032415625736364594 -0.00025661730293515987 -0.001089888768136792 -0.0023485050976806195 0.00015787660267313128 0.014457671447066623 -0.0052535614933402475 -0.00028817790137296485 -0.0057979419872258358 0.00028092029757413855 0.0054507076877626558 -3.3269013291580262e-06 0.0010650186914399936 -0.00069698189221495876 1.0705091096328889e-05
leaf_weight=3376 102 25 439 42 32 22 30 20 545 79 158 137 21 23 22 20 176 29 40 21 40 27 27 48 38 21 780 22 205 460
leaf_count=3376 102 25 439 42 32 22 30 20 545 79 158 137 21 23 22 20 176 29 40 21 40 27 27 48 38 21 780 22 205 460
internal_value=-0.00276576 -0.000713504 -0.000216347 0.00285124 -0.000270271 0.00776596 -0.00040582 0.00145695 -0.00137174 -0.000760235 -0.000400434 0.000514705 -3.96837e-05 0.00289474 0.0077907 -0.00181529 -0.000745324 -0.00115385 -0.000279147 -0.000118847 -0.000289543 0.00196517 0.00619403 -0.000149255 0.00255814 0.00601695 -0.0007636 -0.000739646 -0.000269288 -0.000639099
internal_weight=7027 3651 2080 121 74 47 1959 302 1571 1026 924 272 252 95 43 157 1657 52 1218 1178 1157 201 67 134 86 59 956 845 687 665
internal_count=7027 3651 2080 121 74 47 1959 302 1571 1026 924 272 252 95 43 157 1657 52 1218 1178 1157 201 67 134 86 59 956 845 687 665
is_linear=0
shrinkage=0.05


Tree=295
num_leaves=31
num_cat=0
split_feature=13 4 2 0 18 0 3 3 4 4 9 15 1 16 3 17 5 4 10 16 16 9 6 17 4 0 1 15 17 4
split_gain=12.4956 0.532116 0.58135 0.898481 0.466699 1.42255 0.83397 1.07149 0.869596 0.374783 0.371389 0.351121 0.683897 0.379819 0.326442 0.57026 0.704167 0.465612 0.43293 0.398279 0.323462 0.29766 0.335798 0.36224 0.761882 0.439547 0.371284 0.35371 0.443637 0.484384
threshold=0.011642196543108734 11.950000000000001 298.50000000000006 518.50000000000011 55.284557033457524 676.50000000000011 39.350000000000001 41.050000000000004 22.350000000000005 30.550000000000004 0.66484924122790601 74.146017005802889 713.90000000000009 17.191465796720639 20.850000000000005 29.496565652032704 30.500000000000004 13.950000000000001 0.36570897681179731 23.797817032416749 24.344539600752402 0.9993981459635205 99.500000000000014 31.871441003905183 8.8500000000000032 295.50000000000006 673.40000000000009 65.79379496324637 27.081640839311255 8.3500000000000032
decision_type=2 2 2 2 2 2 2 2 2 2 2 2 2 2 2 2 2 2 2 2 2 2 2 2 2 2 2 2 2 2
left_child=-1 11 9 -4 -5 -6 -7 8 -8 14 -9 12 13 -2 15 17 -17 -3 19 -16 -21 22 23 26 -25 -26 27 -15 -29 -30
right_child=1 2 3 4 5 6 7 10 -10 -11 -12 -13 -14 21 18 16 -18 -19 -20 20 -22 -23 -24 24 25 -27 -28 28 29 -31
leaf_value=-9.6407122457661762e-06 -0.0019188358513310675 0.00049142613264851706 0.00043561532881439209 -0.010290186645101305 0.0030774848412429452 -0.00080876575597943381 -0.0030166967159853506 -0.0012950095810373686 0.0032590609985537022 -0.00085866387412035961 0.0025417798709711269 -0.0012757135103325873 0.0058417870524964475 -0.00011702921380561752 -3.3402161624447112e-05 0.03665043070218451 -0.00012431051719987316 -0.00013724855787838934 -0.00069368078496308445 0.00059822757445536783 -0.00026976105294104568 0.00052490449007168828 -0.00045736764749326763 -0.00057963974453259254 0.0002704717860344033 0.011179673972802846 -0.0072398546924805464 -7.6279662947597324e-05 0.0038438091802177154 -2.3967790956782163e-05
leaf_weight=3390 153 25 30 30 21 99 23 51 28 67 20 175 25 808 1347 20 60 24 159 40 25 20 116 50 21 20 59 32 52 37
leaf_count=3390 153 25 30 30 21 99 23 51 28 67 20 175 25 808 1347 20 60 24 159 40 25 20 116 50 21 20 59 32 52 37
internal_value=-0.00280134 -0.000765742 -0.000239247 0.00178808 0.000882352 0.00161157 0.000429863 0.00319672 0.00872549 -0.00058574 -0.000774649 -0.00146046 -0.00119526 -0.00134503 -0.000441178 0.00197674 -0.000625001 0.00622449 -0.000639721 -0.000361191 0.00346154 -0.00104938 -0.00115063 -0.000875812 0.00214286 0.00719512 -0.00115385 -0.000909581 0.00161157 0.00342697
internal_weight=7027 3637 2069 302 272 242 221 122 51 1767 71 1568 1393 1368 1700 129 80 49 1571 1412 65 1215 1195 1079 91 41 988 929 121 89
internal_count=7027 3637 2069 302 272 242 221 122 51 1767 71 1568 1393 1368 1700 129 80 49 1571 1412 65 1215 1195 1079 91 41 988 929 121 89
is_linear=0
shrinkage=0.05


Tree=296
num_leaves=31
num_cat=0
split_feature=18 7 2 6 5 16 14 16 4 15 11 5 14 5 18 12 16 2 2 17 9 4 17 3 4 3 14 13 0 5
split_gain=13.0704 0.581445 0.460146 0.403656 0.521075 0.500041 1.17873 0.398721 0.394609 0.461884 0.793848 0.395023 0.608232 1.22838 0.648486 0.447814 0.681917 0.560305 1.33427 0.550206 0.610953 0.718066 0.429564 0.483002 0.427299 0.686644 0.354532 0.435209 0.628751 0.487013
threshold=0.47702471635287869 -0.98296291314453399 387.50000000000006 5.5000000000000009 63.500000000000007 23.059388910053148 24.241199778612899 20.93738955029368 11.950000000000001 76.924746971133771 56.05731918080911 66.500000000000014 35.567829786841443 70.500000000000014 19.707186428447081 249.27822369949533 21.565835419591156 289.50000000000006 307.50000000000006 27.608192364448588 0.83827194252655779 15.450000000000001 30.097457840654226 19.650000000000002 19.950000000000003 27.050000000000004 9.9977148770822666 0.57876588263498585 646.50000000000011 22.500000000000004
decision_type=2 2 2 2 2 2 2 2 2 2 2 2 2 2 2 2 2 2 2 2 2 2 2 2 2 2 2 2 2 2
left_child=-1 3 8 5 -5 6 7 -2 -3 11 -11 15 14 -14 24 22 17 26 -19 -18 -21 -22 23 -10 25 -13 -17 -28 29 -29
right_child=1 2 -4 4 -6 -7 -8 -9 9 10 -12 12 13 -15 -16 16 19 18 -20 20 21 -23 -24 -25 -26 -27 27 28 -30 -31
leaf_value=-9.1586766334778675e-06 -0.00032502694488529063 -0.00019421790208527939 0.00047196657428644955 -3.0542294520460991e-05 0.00027208375261858296 -6.8735597768702876e-05 0.0001454157753573217 0.00014042138625071157 0.00018816059644026278 0.014652867763298619 -0.001392190563981756 0.0048182167885426211 -0.00042080631636094837 0.0006451727096145562 -0.0043526633448315779 0.00010448550634653931 0.00024719250009853645 0.0024538986247605917 -0.00016429783380014965 -0.0001812977622021381 0.010353546072948186 -0.00018664618132728926 -0.00086455647544263464 -0.00010338087724892152 -0.0011114588042630241 0.00013922338043941454 -0.00014970237718127871 0.0024497927307632638 -0.0011459820949501407 -0.00018563786843004719
leaf_weight=3435 22 1422 22 153 32 35 21 21 36 43 27 20 28 27 87 29 27 26 47 35 29 39 222 764 35 59 168 21 39 56
leaf_count=3435 22 1422 22 153 32 35 21 21 36 43 27 20 28 27 87 29 27 26 47 35 29 39 222 764 35 59 168 21 39 56
internal_value=-0.00276576 -0.000657017 -0.000843411 0.00151408 0.000135134 0.00409091 0.00671875 0.00197674 -0.000891663 -0.000413091 0.00357143 -0.000568563 0.00125 0.00590909 -2.48768e-05 -0.000871263 0.000329456 -0.00072539 0.00321918 0.00346154 0.00179612 0.00455882 -0.0014775 -0.000937501 0.00245614 0.00449367 -0.00164537 -0.0021831 0.000172413 0.00279221
internal_weight=7027 3592 3308 284 185 99 64 43 3286 1864 70 1794 256 55 201 1538 516 386 73 130 103 68 1022 800 114 79 313 284 116 77
internal_count=7027 3592 3308 284 185 99 64 43 3286 1864 70 1794 256 55 201 1538 516 386 73 130 103 68 1022 800 114 79 313 284 116 77
is_linear=0
shrinkage=0.05


Tree=297
num_leaves=31
num_cat=0
split_feature=0 7 17 12 17 16 13 17 2 0 11 18 17 17 15 14 17 17 9 4 12 5 5 12 9 9 5 17 6 4
split_gain=11.8752 0.535709 0.487296 0.699648 0.667171 0.558502 0.498462 0.469995 0.462 0.371043 0.468755 0.419242 0.360974 0.416375 0.76383 1.13731 0.528429 0.946368 0.976282 0.397941 0.393193 0.35261 0.493503 0.772713 0.437803 0.368411 0.345919 0.485828 0.376287 0.517172
threshold=14.500000000000002 -0.98296291314453399 29.61494138340473 262.14961027018933 29.26282373534438 22.256567690477947 0.32473039215686278 29.382213553768732 387.50000000000006 832.00000000000011 70.98026745294753 70.433985130047475 28.76383888378955 28.180766647674027 40.870437462102544 67.019290782075657 27.656462721095597 27.527924185572129 -0.81150899888343009 13.450000000000001 153.11171548419034 76.500000000000014 58.500000000000007 95.297039883544457 -0.98211651112579568 0.9821165111257959 53.500000000000007 27.213224174078771 22.500000000000004 15.250000000000002
decision_type=2 2 2 2 2 2 2 2 2 2 2 2 2 2 2 2 2 2 2 2 2 2 2 2 2 2 2 2 2 2
left_child=-1 -2 4 -4 8 6 -6 -8 9 12 -11 -12 13 16 -15 20 17 19 -19 21 -16 22 24 -24 -3 -26 -21 28 29 -28
right_child=1 2 3 -5 5 -7 7 -9 -10 10 11 -13 -14 14 15 -17 -18 18 -20 26 -22 -23 23 -25 25 -27 27 -29 -30 -31
leaf_value=-8.7007428018039725e-06 2.7566897460253601e-05 0.00059499609743851167 -0.00042163272018261772 0.0047250008845004356 0.00084766730362713621 -4.149618042717616e-05 0.00085585025052828129 -0.00021901908580055442 0.00044836824557203584 0.01067790762525265 3.1564178827507528e-05 -0.0011403050164252931 -0.00082329959896760478 -0.00067853356079047779 0.0064730494852133051 -0.0013305512785866081 -0.00067875477255833713 -0.00088562734612779911 0.0070810019173414875 -4.1952597329393584e-05 0.0091568868760443199 -0.0022782470073196052 0.0013654125344507708 -4.5395108792208079e-05 -0.00064518949285860593 9.0022491391715851e-05 0.0034945697740499842 0.0019540948069509245 -0.00010354632900811067 8.3035209220437057e-05
leaf_weight=3465 279 28 804 28 25 37 22 43 22 22 25 34 118 52 24 42 183 22 35 601 23 81 36 91 495 23 20 29 228 90
leaf_count=3465 279 28 804 28 25 37 22 43 22 22 25 34 118 52 24 42 183 22 35 601 23 81 36 91 495 23 20 29 228 90
internal_value=-0.00285826 -0.000830995 -0.00100975 -0.00205529 -0.000654836 0.00287401 0.005 0.00269231 -0.000847678 -0.000916595 0.00240741 8.47446e-05 -0.00103782 -0.00088683 0.00173759 0.00455056 -0.00107543 -0.000812255 0.00552631 -0.00102207 0.00989362 -0.00188329 -0.00150817 0.00129921 -0.00216117 -0.00249035 -0.000351241 0.000858309 0.000325443 0.00272727
internal_weight=7027 3562 3283 832 2451 127 90 65 2324 2302 81 59 2221 2103 141 89 1962 1779 57 1722 47 754 673 127 546 518 968 367 338 110
internal_count=7027 3562 3283 832 2451 127 90 65 2324 2302 81 59 2221 2103 141 89 1962 1779 57 1722 47 754 673 127 546 518 968 367 338 110
is_linear=0
shrinkage=0.05


Tree=298
num_leaves=31
num_cat=0
split_feature=18 7 2 17 17 0 16 12 17 17 9 14 5 15 5 12 10 14 0 3 10 14 14 16 18 10 2 13 16 6
split_gain=11.5947 0.491464 0.485392 0.364887 0.584786 0.520663 0.456032 0.504026 0.455906 0.723508 0.377234 0.365882 0.330549 0.645636 0.777495 0.92403 0.549376 0.428265 0.312028 0.31895 0.283355 0.27728 0.293647 0.403333 0.376863 0.246645 0.239862 0.523666 1.09224 0.496324
threshold=0.82026626654499502 -0.98296291314453399 387.50000000000006 29.61494138340473 29.26282373534438 199.50000000000003 23.451541165934717 256.72996899572246 31.023932121514495 30.739631480813625 0.10738035228456499 73.523255476990641 63.500000000000007 9.1412000679288461 35.500000000000007 274.15322248266278 0.090251610031040944 26.311004363032485 468.50000000000006 32.050000000000004 0.90515966073569365 83.695343200843851 37.566963794938736 24.54445758209452 41.685605162508899 0.93834263341299773 31.500000000000004 0.072857000049982509 19.195432386273641 9.5000000000000018
decision_type=2 2 2 2 2 2 2 2 2 2 2 2 2 2 2 2 2 2 2 2 2 2 2 2 2 2 2 2 2 2
left_child=-1 12 3 4 20 -6 7 11 9 -8 -7 -5 13 14 15 16 -2 -18 -12 -20 26 22 23 24 -10 -13 -3 28 -28 -30
right_child=1 2 -4 6 5 10 8 -9 21 -11 18 25 -14 -15 -16 -17 17 -19 19 -21 -22 -23 -24 -25 -26 -27 27 -29 29 -31
leaf_value=-8.2657056617137748e-06 -0.00013100497955392416 -0.0003587810386947106 0.00042594983329346717 -0.00066963439027951065 0.00039892870387876333 0.00027963135238744731 -0.0016917691040088487 0.00438576090721946 -7.4781085972600283e-06 0.00079175332201104193 -0.0013189075019196174 -0.00068786429895180358 0.00025710122011468969 -3.3317962323509873e-05 -6.4186583209012549e-05 0.00029234260252945278 0.00012729327548270964 6.1606104729721378e-06 0.016797219771656321 -0.0023948941500570673 -0.00044240837213495912 0.0025471102490585082 -0.0025280222526128985 -0.0079983370396334609 0.0053997352601921197 0.017610129947069519 0.001893603288438659 -9.5734860041750275e-05 -6.0517532468663471e-05 8.7530622185180463e-05
leaf_weight=3495 29 74 22 329 25 21 21 21 51 23 27 87 32 91 38 21 27 38 30 23 84 22 205 25 24 23 23 2032 30 34
leaf_count=3495 29 74 22 329 25 21 21 21 51 23 27 87 32 91 38 21 27 38 30 23 84 22 205 25 24 23 23 2032 30 34
internal_value=-0.00288672 -0.000866366 -0.00103808 -0.00108844 -0.000776114 0.00253968 -0.00199158 -0.00304348 -0.000687333 0.00409091 0.000940593 -0.00340547 0.00115942 0.000532786 0.00251634 0.00456522 0.00244681 0.005 -0.000625001 0.00160377 -0.000959597 -0.00133028 -0.00172131 0.000499999 0.00233333 -0.000909092 -0.000850434 -0.000752715 0.00304598 -0.000312501
internal_weight=7027 3532 3256 3234 2403 126 831 460 371 44 101 439 276 244 153 115 94 65 80 53 2277 327 305 100 75 110 2193 2119 87 64
internal_count=7027 3532 3256 3234 2403 126 831 460 371 44 101 439 276 244 153 115 94 65 80 53 2277 327 305 100 75 110 2193 2119 87 64
is_linear=0
shrinkage=0.05


Tree=299
num_leaves=31
num_cat=0
split_feature=18 18 9 9 17 11 2 15 17 4 3 5 14 11 4 1 14 15 9 5 17 17 17 1 4 5 5 4 2 13
split_gain=11.8384 0.618399 0.496144 0.795042 0.587919 0.58505 0.543478 0.460249 0.520518 0.44202 0.499561 0.558297 0.529713 0.579773 0.432143 0.35947 0.300471 0.298368 0.333333 0.284723 0.363025 0.439097 0.657247 0.507937 0.380952 0.356256 0.706618 0.440833 0.416793 0.331403
threshold=0.82026626654499502 1.4041755510523894 0.95992380042979863 0.96900085243778578 30.187488372002033 3.9990213513780057 198.50000000000003 3.6704877887549352 30.067846226283365 18.350000000000005 32.350000000000001 18.500000000000004 39.834111452035778 59.824572479700599 11.850000000000003 673.40000000000009 77.740831887334039 78.802865643448854 0.76665171983724034 53.500000000000007 29.468024619372983 27.656462721095597 27.172895215781562 227.40000000000001 16.150000000000002 72.500000000000014 71.500000000000014 4.8500000000000005 297.50000000000006 0.27333333333333337
decision_type=2 2 2 2 2 2 2 2 2 2 2 2 2 2 2 2 2 2 2 2 2 2 2 2 2 2 2 2 2 2
left_child=-1 14 4 6 7 -6 -4 -3 15 10 -5 12 -12 -14 -2 19 -7 18 -18 -9 21 22 25 -24 -25 26 27 -21 29 -27
right_child=1 2 3 9 5 16 -8 8 -10 -11 11 -13 13 -15 -16 -17 17 -19 -20 20 -22 -23 23 24 -26 28 -28 -29 -30 -31
leaf_value=-7.8524203786280855e-06 -0.00068799106802962132 -7.6482589188797689e-05 -0.00056668290603272941 -0.00030187025533661528 1.8772328021319172e-05 -0.00046207068915038408 0.0028236284432679127 -8.5796407583744387e-05 0.002840589082593244 -0.00076702911080083012 0.00091167708084850709 0.00010207679671452502 -0.0015826267059539608 0.0052614547162570116 0.00011675907066061084 -0.0018855674119867911 0.0089242272563653073 -0.00065460465757280462 -0.0025159549835093763 0.00047535871930189317 0.00094803954595052342 -0.00058016374374941521 0.0026662705981583905 -0.0011666617919299195 0.011098484796411011 -1.1330135469836237e-05 0.0021025202278896595 -1.4659992981157785e-05 0.0004680776590585469 -0.0084980893601042905
leaf_weight=3495 21 175 23 121 26 383 23 1557 33 56 28 24 80 34 24 122 21 39 28 20 34 88 21 21 21 70 20 300 20 99
leaf_count=3495 21 175 23 121 26 383 23 1557 33 56 28 24 80 34 24 122 21 39 28 20 34 88 21 21 21 70 20 300 20 99
internal_value=-0.00286538 -0.000823897 -0.000899055 0.000784061 -0.00111039 -0.00268612 0.00695652 -0.000809305 -0.000630669 -4.3733e-05 0.000749128 0.00253012 0.00133803 -0.00017544 0.005 -0.000716675 -0.00308917 -0.000454547 0.00214286 -0.000574638 0.0002521 -1.19209e-09 0.000489864 0.00531746 0.00214286 -8.50674e-05 0.000882352 0.000312499 -0.0018254 -0.00263314
internal_weight=7027 3532 3487 389 3098 497 46 2601 2426 343 287 166 142 114 45 2393 471 88 49 2271 714 680 592 63 42 529 340 320 189 169
internal_count=7027 3532 3487 389 3098 497 46 2601 2426 343 287 166 142 114 45 2393 471 88 49 2271 714 680 592 63 42 529 340 320 189 169
is_linear=0
shrinkage=0.05


end of trees

feature_importances:
physics_estimate_kw=804
wind_speed=719
dni=596
cloud_cover_pct=591
dhi=572
lag_1h_generation=565
rolling_std_24h=531
temp_air=522
rolling_mean_24h=503
humidity=481
clearsky_index=481
ghi=475
lag_24h_generation=466
doy_sin=394
solar_azimuth=373
solar_elevation=348
doy_cos=326
hour_sin=154
hour_cos=34

parameters:
[boosting: gbdt]
[objective: quantile]
[metric: quantile]
[tree_learner: serial]
[device_type: cpu]
[data_sample_strategy: bagging]
[data: ]
[valid: ]
[num_iterations: 300]
[learning_rate: 0.05]
[num_leaves: 31]
[num_threads: 4]
[seed: 42]
[deterministic: 0]
[force_col_wise: 0]
[force_row_wise: 0]
[histogram_pool_size: -1]
[max_depth: -1]
[min_data_in_leaf: 20]
[min_sum_hessian_in_leaf: 0.001]
[bagging_fraction: 1]
[pos_bagging_fraction: 1]
[neg_bagging_fraction: 1]
[bagging_freq: 0]
[bagging_seed: 400]
[bagging_by_query: 0]
[feature_fraction: 1]
[feature_fraction_bynode: 1]
[feature_fraction_seed: 30056]
[extra_trees: 0]
[extra_seed: 12879]
[early_stopping_round: 0]
[early_stopping_min_delta: 0]
[first_metric_only: 0]
[max_delta_step: 0]
[lambda_l1: 0]
[lambda_l2: 0]
[linear_lambda: 0]
[min_gain_to_split: 0]
[drop_rate: 0.1]
[max_drop: 50]
[skip_drop: 0.5]
[xgboost_dart_mode: 0]
[uniform_drop: 0]
[drop_seed: 17869]
[top_rate: 0.2]
[other_rate: 0.1]
[min_data_per_group: 100]
[max_cat_threshold: 32]
[cat_l2: 10]
[cat_smooth: 10]
[max_cat_to_onehot: 4]
[top_k: 20]
[monotone_constraints: ]
[monotone_constraints_method: basic]
[monotone_penalty: 0]
[feature_contri: ]
[forcedsplits_filename: ]
[refit_decay_rate: 0.9]
[cegb_tradeoff: 1]
[cegb_penalty_split: 0]
[cegb_penalty_feature_lazy: ]
[cegb_penalty_feature_coupled: ]
[path_smooth: 0]
[interaction_constraints: ]
[verbosity: -1]
[saved_feature_importance_type: 0]
[use_quantized_grad: 0]
[num_grad_quant_bins: 4]
[quant_train_renew_leaf: 0]
[stochastic_rounding: 1]
[linear_tree: 0]
[max_bin: 255]
[max_bin_by_feature: ]
[min_data_in_bin: 3]
[bin_construct_sample_cnt: 200000]
[data_random_seed: 175]
[is_enable_sparse: 1]
[enable_bundle: 1]
[use_missing: 1]
[zero_as_missing: 0]
[feature_pre_filter: 1]
[pre_partition: 0]
[two_round: 0]
[header: 0]
[label_column: ]
[weight_column: ]
[group_column: ]
[ignore_column: ]
[categorical_feature: ]
[forcedbins_filename: ]
[precise_float_parser: 0]
[parser_config_file: ]
[objective_seed: 16083]
[num_class: 1]
[is_unbalance: 0]
[scale_pos_weight: 1]
[sigmoid: 1]
[boost_from_average: 1]
[reg_sqrt: 0]
[alpha: 0.9]
[fair_c: 1]
[poisson_max_delta_step: 0.7]
[tweedie_variance_power: 1.5]
[lambdarank_truncation_level: 30]
[lambdarank_norm: 1]
[label_gain: ]
[lambdarank_position_bias_regularization: 0]
[eval_at: ]
[multi_error_top_k: 1]
[auc_mu_weights: ]
[num_machines: 1]
[local_listen_port: 12400]
[time_out: 120]
[machine_list_filename: ]
[machines: ]
[gpu_platform_id: -1]
[gpu_device_id: -1]
[gpu_device_id_list: ]
[gpu_use_dp: 0]
[num_gpu: 1]

end of parameters

pandas_categorical:[]
