timestamp,wind_speed,wind_direction,temperature,pressure,generation_kw,rated_capacity_kw
2024-01-01 00:00:00+05:30,4.1,308.0,17.6,936.8,0.08904488670897993,100
2024-01-01 01:00:00+05:30,4.0,333.0,16.7,936.3,1.092178002587407,100
2024-01-01 02:00:00+05:30,4.5,331.0,16.9,935.9,0.5139610830599228,100
2024-01-01 03:00:00+05:30,3.6,315.0,16.3,935.5,0.0,100
2024-01-01 04:00:00+05:30,4.5,331.0,16.4,935.7,0.0,100
2024-01-01 05:00:00+05:30,3.6,307.0,15.7,935.8,0.0,100
2024-01-01 06:00:00+05:30,3.9,292.0,14.8,937.2,0.0,100
2024-01-01 07:00:00+05:30,3.2,360.0,14.7,937.8,0.0,100
2024-01-01 08:00:00+05:30,0.7,270.0,17.4,939.1,0.0,100
2024-01-01 09:00:00+05:30,1.8,233.0,21.1,940.7,0.020860197072792793,100
2024-01-01 10:00:00+05:30,3.9,158.0,23.7,940.8,0.6683566558701726,100
2024-01-01 11:00:00+05:30,6.5,146.0,25.6,940.4,7.589630965261865,100
2024-01-01 12:00:00+05:30,6.8,148.0,27.1,939.4,6.99533018773363,100
2024-01-01 13:00:00+05:30,5.7,145.0,28.1,938.2,3.9595948329666895,100
2024-01-01 14:00:00+05:30,4.1,142.0,28.6,937.4,1.7512214889598121,100
2024-01-01 15:00:00+05:30,2.2,171.0,28.6,936.9,0.18082672610402226,100
2024-01-01 16:00:00+05:30,3.1,225.0,28.2,936.6,0.0,100
2024-01-01 17:00:00+05:30,4.4,189.0,26.3,936.4,0.0,100
2024-01-01 18:00:00+05:30,4.5,194.0,25.0,936.8,0.14239199998033963,100
2024-01-01 19:00:00+05:30,2.9,240.0,25.4,937.6,1.9181674243733537,100
2024-01-01 20:00:00+05:30,4.7,293.0,21.3,937.5,1.1784475656364335,100
2024-01-01 21:00:00+05:30,5.9,346.0,19.5,937.7,3.4250205948301353,100
2024-01-01 22:00:00+05:30,3.1,315.0,19.0,937.6,0.0,100
2024-01-01 23:00:00+05:30,4.5,284.0,18.2,937.3,0.08587137644962117,100
2024-01-02 00:00:00+05:30,3.5,336.0,17.3,936.8,1.7700660015261938,100
2024-01-02 01:00:00+05:30,6.2,339.0,16.5,936.0,4.118208755696854,100
2024-01-02 02:00:00+05:30,3.6,323.0,16.0,935.3,0.735094923609048,100
2024-01-02 03:00:00+05:30,4.5,346.0,15.6,934.9,0.0,100
2024-01-02 04:00:00+05:30,3.9,338.0,15.7,935.1,1.1333522346684166,100
2024-01-02 05:00:00+05:30,5.0,330.0,15.4,935.3,1.9140525478402632,100
2024-01-02 06:00:00+05:30,5.0,339.0,16.1,936.5,0.6312227769511314,100
2024-01-02 07:00:00+05:30,4.3,355.0,16.6,937.2,0.0,100
2024-01-02 08:00:00+05:30,2.0,315.0,18.4,938.3,0.2050653804031834,100
2024-01-02 09:00:00+05:30,1.5,194.0,21.6,939.6,0.0,100
2024-01-02 10:00:00+05:30,6.3,156.0,24.1,939.6,3.863640880391217,100
2024-01-02 11:00:00+05:30,8.2,151.0,26.1,939.2,19.22426836000538,100
2024-01-02 12:00:00+05:30,9.0,151.0,27.5,938.0,32.42553680440688,100
2024-01-02 13:00:00+05:30,8.7,156.0,28.4,937.0,26.243381249737443,100
2024-01-02 14:00:00+05:30,6.8,162.0,28.8,936.3,6.632281069117534,100
2024-01-02 15:00:00+05:30,4.0,153.0,28.9,935.7,0.9453091294392366,100
2024-01-02 16:00:00+05:30,4.8,117.0,28.5,935.7,0.0,100
2024-01-02 17:00:00+05:30,5.3,118.0,27.2,935.6,2.073636139420329,100
2024-01-02 18:00:00+05:30,8.7,150.0,25.2,935.9,26.815684207966978,100
2024-01-02 19:00:00+05:30,7.6,199.0,22.6,936.1,13.414962109055898,100
2024-01-02 20:00:00+05:30,5.8,263.0,21.5,936.7,3.0347225917673826,100
2024-01-02 21:00:00+05:30,5.2,344.0,20.1,937.0,0.5726646397146019,100
2024-01-02 22:00:00+05:30,5.0,339.0,18.9,936.8,0.0,100
2024-01-02 23:00:00+05:30,4.5,299.0,18.8,936.6,1.4391784057582664,100
2024-01-03 00:00:00+05:30,5.4,278.0,18.1,936.3,1.6037814213616526,100
2024-01-03 01:00:00+05:30,5.9,313.0,17.9,935.9,3.904214960534574,100
2024-01-03 02:00:00+05:30,3.8,343.0,17.3,935.2,1.0320236699533867,100
2024-01-03 03:00:00+05:30,5.4,340.0,17.0,934.8,2.189333064643806,100
2024-01-03 04:00:00+05:30,3.3,319.0,16.5,934.5,0.19158106485041224,100
2024-01-03 05:00:00+05:30,2.5,315.0,16.2,934.8,0.0,100
2024-01-03 06:00:00+05:30,3.6,307.0,16.4,935.8,0.0,100
2024-01-03 07:00:00+05:30,1.0,315.0,17.0,936.7,0.0,100
2024-01-03 08:00:00+05:30,0.7,270.0,18.7,937.7,0.0,100
2024-01-03 09:00:00+05:30,2.3,162.0,21.8,939.0,2.573106903400484,100
2024-01-03 10:00:00+05:30,7.1,156.0,24.1,939.3,8.064192947205687,100
2024-01-03 11:00:00+05:30,8.0,153.0,26.0,938.6,18.528069220038724,100
2024-01-03 12:00:00+05:30,9.2,154.0,27.5,937.4,32.027460320218054,100
2024-01-03 13:00:00+05:30,8.8,168.0,28.5,936.4,25.453533811645695,100
2024-01-03 14:00:00+05:30,7.9,180.0,29.0,935.7,15.639037662302995,100
2024-01-03 15:00:00+05:30,9.0,164.0,29.1,935.0,28.303786468567765,100
2024-01-03 16:00:00+05:30,11.6,144.0,28.1,934.7,84.43632882216224,100
2024-01-03 17:00:00+05:30,9.7,121.0,26.9,934.7,40.24242087916262,100
2024-01-03 18:00:00+05:30,5.8,94.0,24.0,934.4,2.0853758320603752,100
2024-01-03 19:00:00+05:30,4.2,239.0,23.3,934.9,0.5535850882869122,100
2024-01-03 20:00:00+05:30,10.1,272.0,22.2,935.5,48.052463836326545,100
2024-01-03 21:00:00+05:30,10.4,304.0,21.5,936.2,54.470053512411965,100
2024-01-03 22:00:00+05:30,7.0,325.0,20.5,936.2,9.56118144319521,100
2024-01-03 23:00:00+05:30,6.8,328.0,19.6,935.9,8.526062101036489,100
2024-01-04 00:00:00+05:30,1.5,104.0,19.2,935.4,0.0,100
2024-01-04 01:00:00+05:30,2.1,329.0,17.7,935.0,0.0,100
2024-01-04 02:00:00+05:30,5.4,318.0,17.5,934.7,0.7153573857294679,100
2024-01-04 03:00:00+05:30,3.1,306.0,17.3,934.4,0.03772215351585802,100
2024-01-04 04:00:00+05:30,5.6,320.0,17.1,934.6,3.7284434440507432,100
2024-01-04 05:00:00+05:30,3.7,299.0,17.2,935.0,0.2599790090445174,100
2024-01-04 06:00:00+05:30,1.4,360.0,16.7,936.0,0.0,100
2024-01-04 07:00:00+05:30,1.5,315.0,16.4,936.9,0.0,100
2024-01-04 08:00:00+05:30,2.4,333.0,18.6,938.2,0.0,100
2024-01-04 09:00:00+05:30,1.1,252.0,21.8,939.4,0.0,100
2024-01-04 10:00:00+05:30,2.8,140.0,24.5,939.6,0.29367638698976245,100
2024-01-04 11:00:00+05:30,5.7,162.0,26.0,938.8,2.3642827835514924,100
2024-01-04 12:00:00+05:30,5.2,164.0,27.0,937.6,1.601687467870051,100
2024-01-04 13:00:00+05:30,5.6,140.0,27.8,936.5,1.4798578935440223,100
2024-01-04 14:00:00+05:30,6.1,118.0,28.3,935.7,5.148914771188819,100
2024-01-04 15:00:00+05:30,7.1,105.0,28.5,934.8,8.691508006535567,100
2024-01-04 16:00:00+05:30,6.5,93.0,28.4,934.5,4.968128073978446,100
2024-01-04 17:00:00+05:30,4.6,72.0,26.9,934.8,1.3433664945078125,100
2024-01-04 18:00:00+05:30,5.0,111.0,26.0,934.9,1.1500559939659123,100
2024-01-04 19:00:00+05:30,9.3,283.0,23.2,935.1,34.66850729125087,100
2024-01-04 20:00:00+05:30,8.3,304.0,21.3,936.0,21.774331123143067,100
2024-01-04 21:00:00+05:30,6.4,322.0,19.8,936.1,5.735423949429619,100
2024-01-04 22:00:00+05:30,5.6,333.0,19.4,936.3,0.8176781007252256,100
2024-01-04 23:00:00+05:30,3.7,259.0,18.7,936.0,0.6137456796784775,100
2024-01-05 00:00:00+05:30,4.3,312.0,17.1,935.5,0.0,100
2024-01-05 01:00:00+05:30,2.6,344.0,16.9,935.1,1.0444498552555632,100
2024-01-05 02:00:00+05:30,3.1,324.0,16.0,934.6,0.26469470095837855,100
2024-01-05 03:00:00+05:30,4.3,312.0,15.4,933.9,1.4041637973695174,100
2024-01-05 04:00:00+05:30,3.6,354.0,15.1,933.8,0.45615719913546665,100
2024-01-05 05:00:00+05:30,3.3,354.0,14.9,934.4,0.017435197971137947,100
2024-01-05 06:00:00+05:30,3.4,288.0,15.2,935.7,1.3103805359820204,100
2024-01-05 07:00:00+05:30,6.3,301.0,15.6,936.3,3.6014825392224683,100
2024-01-05 08:00:00+05:30,4.6,18.0,18.1,937.5,0.0,100
2024-01-05 09:00:00+05:30,2.4,63.0,21.2,939.0,0.0,100
2024-01-05 10:00:00+05:30,4.6,141.0,23.5,939.3,1.0837989285858505,100
2024-01-05 11:00:00+05:30,5.1,172.0,25.1,938.5,3.5854593926020084,100
2024-01-05 12:00:00+05:30,9.4,198.0,26.4,937.6,34.84985480705621,100
2024-01-05 13:00:00+05:30,9.0,196.0,27.6,936.5,31.594783628897083,100
2024-01-05 14:00:00+05:30,6.7,196.0,28.3,935.6,6.631622438534659,100
2024-01-05 15:00:00+05:30,4.8,207.0,28.7,935.1,1.013036179425685,100
2024-01-05 16:00:00+05:30,1.8,233.0,28.7,935.0,0.0,100
2024-01-05 17:00:00+05:30,4.0,355.0,26.7,935.0,0.0,100
2024-01-05 18:00:00+05:30,4.8,42.0,23.6,935.8,0.04447541015989509,100
2024-01-05 19:00:00+05:30,4.3,24.0,21.4,936.2,0.5603818355691577,100
2024-01-05 20:00:00+05:30,4.7,360.0,20.5,936.7,1.2004540497460918,100
2024-01-05 21:00:00+05:30,4.2,329.0,20.1,936.7,0.0,100
2024-01-05 22:00:00+05:30,7.7,319.0,18.7,936.3,13.34776095358014,100
2024-01-05 23:00:00+05:30,6.1,315.0,17.6,936.2,3.059095040869096,100
2024-01-06 00:00:00+05:30,0.0,270.0,18.4,936.5,0.0,100
2024-01-06 01:00:00+05:30,2.0,315.0,16.7,935.8,0.0,100
2024-01-06 02:00:00+05:30,3.8,311.0,16.6,935.1,0.24374518506121712,100
2024-01-06 03:00:00+05:30,5.9,308.0,16.2,934.8,3.7928526017811377,100
2024-01-06 04:00:00+05:30,3.6,307.0,16.2,934.8,0.0,100
2024-01-06 05:00:00+05:30,2.8,310.0,16.3,935.5,0.8214188730382322,100
2024-01-06 06:00:00+05:30,6.5,326.0,17.1,935.6,6.01272898634568,100
2024-01-06 07:00:00+05:30,5.2,344.0,16.6,935.9,2.72067811316421,100
2024-01-06 08:00:00+05:30,1.1,288.0,19.5,937.7,2.875321922127854,100
2024-01-06 09:00:00+05:30,1.6,117.0,23.1,939.2,0.0,100
2024-01-06 10:00:00+05:30,7.4,151.0,25.3,939.2,14.452124497428986,100
2024-01-06 11:00:00+05:30,10.1,163.0,27.1,938.4,49.18654746612477,100
2024-01-06 12:00:00+05:30,10.0,165.0,28.4,937.1,47.44036355746908,100
2024-01-06 13:00:00+05:30,9.0,178.0,29.0,936.1,29.649837048645697,100
2024-01-06 14:00:00+05:30,9.1,171.0,29.2,935.4,31.834619218631897,100
2024-01-06 15:00:00+05:30,7.6,180.0,29.4,935.2,11.544715456490271,100
2024-01-06 16:00:00+05:30,4.3,180.0,29.0,935.0,0.0,100
2024-01-06 17:00:00+05:30,3.4,108.0,27.4,935.1,0.0,100
2024-01-06 18:00:00+05:30,5.0,21.0,23.1,936.4,0.5474386582777199,100
2024-01-06 19:00:00+05:30,2.6,344.0,21.6,936.9,0.0,100
2024-01-06 20:00:00+05:30,2.5,315.0,20.5,937.2,0.0,100
2024-01-06 21:00:00+05:30,0.5,315.0,20.5,937.9,2.0746564711834528,100
2024-01-06 22:00:00+05:30,3.9,146.0,19.2,937.9,0.0,100
2024-01-06 23:00:00+05:30,3.8,41.0,19.2,937.8,0.0,100
2024-01-07 00:00:00+05:30,2.8,310.0,17.8,936.7,0.4476556380484796,100
2024-01-07 01:00:00+05:30,3.9,202.0,18.3,936.6,1.6553658297597822,100
2024-01-07 02:00:00+05:30,3.1,324.0,17.6,935.6,0.0,100
2024-01-07 03:00:00+05:30,4.1,345.0,16.7,935.1,0.0,100
2024-01-07 04:00:00+05:30,4.2,301.0,16.5,935.2,0.0,100
2024-01-07 05:00:00+05:30,2.3,288.0,16.8,935.8,0.0,100
2024-01-07 06:00:00+05:30,3.8,311.0,16.7,936.5,2.176510471857297,100
2024-01-07 07:00:00+05:30,1.3,304.0,17.0,937.4,0.27732235030185076,100
2024-01-07 08:00:00+05:30,3.0,104.0,19.6,938.7,0.0,100
2024-01-07 09:00:00+05:30,7.1,150.0,22.9,940.0,9.133318844900366,100
2024-01-07 10:00:00+05:30,12.3,148.0,25.0,939.9,98.28805536642537,100
2024-01-07 11:00:00+05:30,13.7,150.0,26.7,939.1,100.0,100
2024-01-07 12:00:00+05:30,14.1,148.0,27.8,938.2,99.19857609454354,100
2024-01-07 13:00:00+05:30,14.0,145.0,28.5,937.1,100.0,100
2024-01-07 14:00:00+05:30,13.0,146.0,29.1,936.1,100.0,100
2024-01-07 15:00:00+05:30,12.7,145.0,29.3,935.6,100.0,100
2024-01-07 16:00:00+05:30,10.5,142.0,29.0,935.4,54.11044293907649,100
2024-01-07 17:00:00+05:30,6.5,124.0,27.6,935.2,3.546041052621672,100
2024-01-07 18:00:00+05:30,6.7,144.0,24.5,935.6,7.398121293601715,100
2024-01-07 19:00:00+05:30,6.4,164.0,23.4,935.8,4.763227909403995,100
2024-01-07 20:00:00+05:30,4.9,216.0,22.5,936.4,0.0,100
2024-01-07 21:00:00+05:30,3.1,306.0,22.6,937.1,0.0,100
2024-01-07 22:00:00+05:30,3.4,342.0,21.5,937.7,0.0,100
2024-01-07 23:00:00+05:30,0.4,270.0,21.0,937.4,0.6376582217502873,100
2024-01-08 00:00:00+05:30,5.5,191.0,20.7,937.0,2.2599112513266726,100
2024-01-08 01:00:00+05:30,6.4,133.0,19.5,936.5,4.529119569032473,100
2024-01-08 02:00:00+05:30,5.4,160.0,18.9,936.2,1.8849683167072373,100
2024-01-08 03:00:00+05:30,6.1,177.0,18.2,936.0,4.308438456790636,100
2024-01-08 04:00:00+05:30,5.8,184.0,17.9,936.4,3.869628004964709,100
2024-01-08 05:00:00+05:30,5.8,158.0,17.7,936.6,2.145322548470139,100
2024-01-08 06:00:00+05:30,6.8,162.0,17.9,937.3,7.203540506603334,100
2024-01-08 07:00:00+05:30,6.5,161.0,17.7,938.1,5.768461700172746,100
2024-01-08 08:00:00+05:30,5.8,158.0,20.0,939.8,2.5324715853751236,100
2024-01-08 09:00:00+05:30,8.5,144.0,21.9,940.6,23.9217624918376,100
2024-01-08 10:00:00+05:30,10.2,141.0,23.8,940.6,51.207414372272204,100
2024-01-08 11:00:00+05:30,11.0,139.0,25.6,939.7,74.79716973560777,100
2024-01-08 12:00:00+05:30,10.9,136.0,27.2,938.4,65.65268155569608,100
2024-01-08 13:00:00+05:30,10.4,136.0,28.3,937.6,54.4537509267859,100
2024-01-08 14:00:00+05:30,10.5,131.0,28.9,936.6,58.235361512231265,100
2024-01-08 15:00:00+05:30,10.9,134.0,29.1,936.1,65.49132604879351,100
2024-01-08 16:00:00+05:30,9.2,141.0,28.9,935.9,32.739570152480184,100
2024-01-08 17:00:00+05:30,7.7,139.0,27.5,936.0,12.665424613435345,100
2024-01-08 18:00:00+05:30,7.5,163.0,25.2,936.5,13.082338583705388,100
2024-01-08 19:00:00+05:30,4.4,279.0,24.3,937.3,0.0,100
2024-01-08 20:00:00+05:30,10.1,276.0,23.0,937.9,48.99976139313897,100
2024-01-08 21:00:00+05:30,6.4,297.0,22.5,938.2,3.232604184627195,100
2024-01-08 22:00:00+05:30,4.7,351.0,21.5,938.3,2.5823619062093544,100
2024-01-08 23:00:00+05:30,4.1,15.0,21.0,938.0,0.5535473859326139,100
2024-01-09 00:00:00+05:30,2.5,315.0,20.2,937.2,0.18172292077846594,100
2024-01-09 01:00:00+05:30,3.1,324.0,19.5,936.7,1.69393770237537,100
2024-01-09 02:00:00+05:30,1.3,304.0,19.0,936.5,0.0,100
2024-01-09 03:00:00+05:30,1.6,333.0,19.8,936.3,0.0,100
2024-01-09 04:00:00+05:30,3.1,216.0,19.0,936.1,1.5622139202280803,100
2024-01-09 05:00:00+05:30,3.3,221.0,19.3,936.8,1.88297054202588,100
2024-01-09 06:00:00+05:30,3.2,297.0,18.8,937.6,0.0,100
2024-01-09 07:00:00+05:30,2.5,180.0,19.2,938.1,0.0,100
2024-01-09 08:00:00+05:30,7.1,150.0,20.8,939.2,10.244802813864927,100
2024-01-09 09:00:00+05:30,12.3,130.0,22.6,940.2,99.18845314008381,100
2024-01-09 10:00:00+05:30,11.3,127.0,23.4,940.2,76.06436500061974,100
2024-01-09 11:00:00+05:30,11.4,125.0,24.1,939.5,83.3776178098365,100
2024-01-09 12:00:00+05:30,13.8,129.0,25.7,938.5,100.0,100
2024-01-09 13:00:00+05:30,14.1,130.0,25.7,937.7,100.0,100
2024-01-09 14:00:00+05:30,10.9,124.0,26.6,937.0,69.64588872119865,100
2024-01-09 15:00:00+05:30,5.3,118.0,27.0,936.4,1.9093118336137986,100
2024-01-09 16:00:00+05:30,10.8,150.0,24.7,936.6,62.262854572360034,100
2024-01-09 17:00:00+05:30,4.7,99.0,24.0,936.9,0.37597507981861444,100
2024-01-09 18:00:00+05:30,6.2,111.0,20.6,937.7,4.351354706330856,100
2024-01-09 19:00:00+05:30,6.2,36.0,19.8,938.4,3.9589699208056404,100
2024-01-09 20:00:00+05:30,4.7,351.0,19.4,939.0,2.478940223394413,100
2024-01-09 21:00:00+05:30,3.3,6.0,19.9,939.5,0.30945185720217366,100
2024-01-09 22:00:00+05:30,5.5,349.0,17.9,938.8,3.0427782290269256,100
2024-01-09 23:00:00+05:30,3.9,338.0,18.1,938.7,0.820440862683383,100
2024-01-10 00:00:00+05:30,3.7,331.0,17.8,938.0,0.49259126678783866,100
2024-01-10 01:00:00+05:30,4.4,305.0,16.8,937.4,0.24957124662690464,100
2024-01-10 02:00:00+05:30,3.9,304.0,16.5,937.0,0.0,100
2024-01-10 03:00:00+05:30,1.3,304.0,18.2,936.9,0.0,100
2024-01-10 04:00:00+05:30,2.7,203.0,18.5,936.8,0.0,100
2024-01-10 05:00:00+05:30,1.6,243.0,18.5,936.9,1.6619278948535556,100
2024-01-10 06:00:00+05:30,2.9,300.0,16.8,937.4,0.0,100
2024-01-10 07:00:00+05:30,2.5,315.0,17.0,937.7,0.0,100
2024-01-10 08:00:00+05:30,0.8,297.0,19.6,939.3,0.0,100
2024-01-10 09:00:00+05:30,2.2,189.0,21.7,940.1,0.10732954577569925,100
2024-01-10 10:00:00+05:30,4.3,156.0,24.0,940.5,0.0,100
2024-01-10 11:00:00+05:30,5.0,150.0,25.5,940.2,0.17731242469909891,100
2024-01-10 12:00:00+05:30,5.5,157.0,26.6,939.0,1.184391626677046,100
2024-01-10 13:00:00+05:30,7.0,145.0,27.4,937.7,9.113848914049026,100
2024-01-10 14:00:00+05:30,8.6,147.0,28.4,936.8,25.580274595776846,100
2024-01-10 15:00:00+05:30,9.2,149.0,28.6,936.4,31.386632719196793,100
2024-01-10 16:00:00+05:30,7.7,143.0,28.2,936.3,12.850759490622474,100
2024-01-10 17:00:00+05:30,4.1,135.0,26.9,936.4,0.0,100
2024-01-10 18:00:00+05:30,9.9,327.0,23.9,937.3,46.62611366697074,100
2024-01-10 19:00:00+05:30,9.7,4.0,22.1,938.4,42.87440592170691,100
2024-01-10 20:00:00+05:30,5.1,8.0,21.5,939.0,2.212623775995504,100
2024-01-10 21:00:00+05:30,2.8,320.0,20.7,939.2,0.0,100
2024-01-10 22:00:00+05:30,2.6,286.0,20.5,939.5,0.9114757956965833,100
2024-01-10 23:00:00+05:30,2.1,301.0,20.0,939.2,0.4909393726920198,100
2024-01-11 00:00:00+05:30,2.5,360.0,20.0,938.7,1.380110332179517,100
2024-01-11 01:00:00+05:30,4.1,345.0,18.9,938.2,0.713685163616252,100
2024-01-11 02:00:00+05:30,4.0,355.0,18.9,937.8,0.027514025688989627,100
2024-01-11 03:00:00+05:30,4.5,76.0,18.5,937.5,0.37272640737111146,100
2024-01-11 04:00:00+05:30,2.5,278.0,17.9,937.2,0.7684863660402166,100
2024-01-11 05:00:00+05:30,3.1,249.0,17.3,937.5,0.005820143383201665,100
2024-01-11 06:00:00+05:30,4.1,195.0,18.5,938.3,1.0018307028013484,100
2024-01-11 07:00:00+05:30,3.8,197.0,18.6,939.1,0.515381468634637,100
2024-01-11 08:00:00+05:30,4.0,180.0,20.8,940.6,0.0,100
2024-01-11 09:00:00+05:30,5.0,159.0,23.2,941.6,0.0,100
2024-01-11 10:00:00+05:30,7.0,159.0,25.1,941.8,8.350565472099497,100
2024-01-11 11:00:00+05:30,8.1,148.0,26.8,941.0,18.538776810629113,100
2024-01-11 12:00:00+05:30,7.5,145.0,28.2,940.0,11.890606729262576,100
2024-01-11 13:00:00+05:30,6.6,139.0,29.1,938.8,7.181320726863722,100
2024-01-11 14:00:00+05:30,5.6,130.0,29.6,937.9,1.9526242159249976,100
2024-01-11 15:00:00+05:30,5.2,102.0,29.9,937.5,0.44759052815641354,100
2024-01-11 16:00:00+05:30,5.8,94.0,29.4,937.3,3.8210890631165872,100
2024-01-11 17:00:00+05:30,4.7,94.0,27.8,937.3,3.2781037418415537,100
2024-01-11 18:00:00+05:30,4.7,90.0,28.8,937.2,0.32351301588704134,100
2024-01-11 19:00:00+05:30,6.9,51.0,24.1,936.9,7.435123478249605,100
2024-01-11 20:00:00+05:30,4.5,346.0,22.3,937.5,1.0099804875515823,100
2024-01-11 21:00:00+05:30,5.2,335.0,21.1,937.9,1.1139935748748737,100
2024-01-11 22:00:00+05:30,3.6,315.0,21.3,937.9,0.1250997281616861,100
2024-01-11 23:00:00+05:30,2.6,304.0,19.9,937.7,0.294874446021316,100
2024-01-12 00:00:00+05:30,2.7,293.0,19.9,937.1,0.0,100
2024-01-12 01:00:00+05:30,2.0,315.0,18.7,936.6,0.0,100
2024-01-12 02:00:00+05:30,3.1,315.0,18.3,936.1,0.9516146185512122,100
2024-01-12 03:00:00+05:30,2.3,288.0,18.2,935.9,0.0,100
2024-01-12 04:00:00+05:30,2.1,301.0,18.1,936.1,0.6739789364545357,100
2024-01-12 05:00:00+05:30,5.0,339.0,16.7,936.1,0.7914337130015581,100
2024-01-12 06:00:00+05:30,1.1,288.0,19.0,938.2,0.0,100
2024-01-12 07:00:00+05:30,2.9,330.0,17.1,938.1,2.051529019434903,100
2024-01-12 08:00:00+05:30,2.1,329.0,19.7,939.6,0.34054736406844643,100
2024-01-12 09:00:00+05:30,0.7,180.0,22.7,940.7,0.16014220901546228,100
2024-01-12 10:00:00+05:30,4.2,160.0,25.1,941.2,0.535214462444323,100
2024-01-12 11:00:00+05:30,5.9,142.0,27.2,940.7,2.664458177951501,100
2024-01-12 12:00:00+05:30,8.3,124.0,28.8,939.8,20.421291259043233,100
2024-01-12 13:00:00+05:30,8.2,113.0,29.7,938.8,17.12445094773472,100
2024-01-12 14:00:00+05:30,8.7,107.0,30.1,938.1,25.77978643753742,100
2024-01-12 15:00:00+05:30,8.2,105.0,30.1,937.6,19.729614874258615,100
2024-01-12 16:00:00+05:30,6.7,106.0,29.6,937.5,5.110380043550761,100
2024-01-12 17:00:00+05:30,3.9,124.0,27.8,937.5,0.37331921812084795,100
2024-01-12 18:00:00+05:30,4.1,165.0,29.0,937.7,0.5927507498763305,100
2024-01-12 19:00:00+05:30,6.9,152.0,27.6,938.2,8.069450272421538,100
2024-01-12 20:00:00+05:30,7.7,79.0,22.5,937.7,14.149557807298573,100
2024-01-12 21:00:00+05:30,7.2,18.0,21.3,938.3,9.71097962861127,100
2024-01-12 22:00:00+05:30,3.8,311.0,21.0,938.6,0.22907812843664677,100
2024-01-12 23:00:00+05:30,3.2,270.0,19.9,938.3,0.0,100
2024-01-13 00:00:00+05:30,4.7,302.0,19.4,938.1,1.1335790466304378,100
2024-01-13 01:00:00+05:30,4.0,333.0,19.5,937.8,0.3447516562497105,100
2024-01-13 02:00:00+05:30,4.1,308.0,18.6,937.1,1.5182646630388048,100
2024-01-13 03:00:00+05:30,4.1,322.0,18.5,936.6,1.7029237675272881,100
2024-01-13 04:00:00+05:30,3.8,319.0,17.9,936.6,0.0,100
2024-01-13 05:00:00+05:30,4.3,318.0,18.0,936.8,0.1691208099082898,100
2024-01-13 06:00:00+05:30,3.8,319.0,16.4,937.6,0.9339803653292534,100
2024-01-13 07:00:00+05:30,4.6,315.0,16.7,938.3,0.0,100
2024-01-13 08:00:00+05:30,1.5,194.0,19.2,939.9,0.1976274673800513,100
2024-01-13 09:00:00+05:30,5.2,196.0,22.7,941.4,1.744702587653581,100
2024-01-13 10:00:00+05:30,4.0,153.0,25.9,941.8,0.5476819819995918,100
2024-01-13 11:00:00+05:30,5.4,143.0,27.7,941.3,0.5791967670324645,100
2024-01-13 12:00:00+05:30,3.1,126.0,28.9,940.5,0.0,100
2024-01-13 13:00:00+05:30,0.7,90.0,29.8,939.3,0.0,100
2024-01-13 14:00:00+05:30,0.8,333.0,30.5,938.7,1.3582731802097803,100
2024-01-13 15:00:00+05:30,2.6,326.0,30.8,938.1,0.7357565357173662,100
2024-01-13 16:00:00+05:30,6.3,347.0,30.1,937.9,4.034567745571863,100
2024-01-13 17:00:00+05:30,9.4,7.0,28.1,938.0,37.81366692303428,100
2024-01-13 18:00:00+05:30,5.4,8.0,24.5,938.0,1.3216624393201872,100
2024-01-13 19:00:00+05:30,7.8,34.0,23.3,938.4,14.7023506479814,100
2024-01-13 20:00:00+05:30,6.1,360.0,22.2,939.1,4.194114870706534,100
2024-01-13 21:00:00+05:30,5.1,309.0,21.3,939.6,3.2834858994164877,100
2024-01-13 22:00:00+05:30,7.7,307.0,19.4,938.9,13.707432899820041,100
2024-01-13 23:00:00+05:30,7.7,311.0,18.2,938.5,14.5608193649497,100
2024-01-14 00:00:00+05:30,5.6,310.0,17.4,937.8,3.4186749830091765,100
2024-01-14 01:00:00+05:30,5.7,305.0,16.9,937.2,3.0636295913599683,100
2024-01-14 02:00:00+05:30,6.3,301.0,16.5,936.5,3.372003777058076,100
2024-01-14 03:00:00+05:30,5.2,304.0,16.3,936.2,0.48590284312926146,100
2024-01-14 04:00:00+05:30,3.8,311.0,16.2,936.4,0.0,100
2024-01-14 05:00:00+05:30,5.8,300.0,16.5,937.3,1.4484397585375532,100
2024-01-14 06:00:00+05:30,3.8,287.0,18.2,938.6,0.0006898986374943572,100
2024-01-14 07:00:00+05:30,6.3,301.0,18.3,939.3,5.269342761392065,100
2024-01-14 08:00:00+05:30,5.6,297.0,20.7,940.5,1.5090510791391356,100
2024-01-14 09:00:00+05:30,2.6,304.0,24.7,941.9,0.0,100
2024-01-14 10:00:00+05:30,0.7,270.0,27.2,942.1,0.2864025724317026,100
2024-01-14 11:00:00+05:30,2.0,45.0,28.9,941.3,0.47405934431822616,100
2024-01-14 12:00:00+05:30,2.9,360.0,29.9,940.4,1.6368394297726985,100
2024-01-14 13:00:00+05:30,4.3,355.0,30.6,939.1,0.5759119305308144,100
2024-01-14 14:00:00+05:30,5.8,356.0,30.9,937.9,4.286379079779884,100
2024-01-14 15:00:00+05:30,7.9,360.0,30.7,937.4,16.674148519728863,100
2024-01-14 16:00:00+05:30,9.0,355.0,29.8,937.1,28.758844685327986,100
2024-01-14 17:00:00+05:30,6.8,342.0,27.8,937.4,5.80886125273979,100
2024-01-14 18:00:00+05:30,7.6,8.0,24.6,936.8,13.266022939197342,100
2024-01-14 19:00:00+05:30,5.8,22.0,23.2,937.2,3.478974142127132,100
2024-01-14 20:00:00+05:30,10.1,343.0,22.1,938.1,48.30010573552016,100
2024-01-14 21:00:00+05:30,8.4,340.0,21.6,939.1,23.49952322810088,100
2024-01-14 22:00:00+05:30,8.4,335.0,20.7,938.9,22.750269156287974,100
2024-01-14 23:00:00+05:30,6.8,342.0,19.9,938.7,7.1858169335867546,100
2024-01-15 00:00:00+05:30,6.9,317.0,19.7,938.2,9.318776443729723,100
2024-01-15 01:00:00+05:30,5.5,328.0,18.7,937.6,2.920806813256525,100
2024-01-15 02:00:00+05:30,5.4,323.0,18.3,937.3,2.2201585776941783,100
2024-01-15 03:00:00+05:30,5.4,312.0,18.3,936.9,2.0571598048981645,100
2024-01-15 04:00:00+05:30,4.8,312.0,17.5,936.9,2.0973443639330864,100
2024-01-15 05:00:00+05:30,5.9,313.0,17.2,937.2,4.647460600808513,100
2024-01-15 06:00:00+05:30,3.6,315.0,15.7,937.7,0.547064228243282,100
2024-01-15 07:00:00+05:30,2.8,310.0,15.2,938.3,0.19601645166649379,100
2024-01-15 08:00:00+05:30,1.3,304.0,17.6,939.6,0.2546249662213571,100
2024-01-15 09:00:00+05:30,0.8,153.0,21.1,940.7,0.7985984008932342,100
2024-01-15 10:00:00+05:30,1.5,135.0,24.0,941.0,0.44892415714397255,100
2024-01-15 11:00:00+05:30,3.3,131.0,26.3,940.4,0.42961425260467356,100
2024-01-15 12:00:00+05:30,5.1,141.0,27.8,939.3,0.2538874860200083,100
2024-01-15 13:00:00+05:30,5.4,132.0,29.0,937.9,0.3126788554446662,100
2024-01-15 14:00:00+05:30,3.4,108.0,29.9,936.8,0.5719107857491944,100
2024-01-15 15:00:00+05:30,2.3,342.0,30.1,936.3,0.02430718310328986,100
2024-01-15 16:00:00+05:30,8.8,305.0,29.2,936.1,28.453257886339646,100
2024-01-15 17:00:00+05:30,12.6,297.0,26.7,936.3,100.0,100
2024-01-15 18:00:00+05:30,10.1,287.0,24.2,935.9,49.93945148093229,100
2024-01-15 19:00:00+05:30,9.4,313.0,22.2,936.4,37.19331173344541,100
2024-01-15 20:00:00+05:30,6.0,343.0,20.5,936.8,4.082076511647191,100
2024-01-15 21:00:00+05:30,5.6,345.0,18.8,937.4,3.2775816773876865,100
2024-01-15 22:00:00+05:30,6.3,336.0,17.9,937.5,4.088930617603646,100
2024-01-15 23:00:00+05:30,6.1,320.0,16.9,936.8,3.3948531692974937,100
2024-01-16 00:00:00+05:30,5.9,317.0,16.3,936.1,2.000194664506896,100
2024-01-16 01:00:00+05:30,4.1,315.0,15.9,935.4,0.8880141468287479,100
2024-01-16 02:00:00+05:30,4.4,325.0,15.0,934.4,1.8049295583140226,100
2024-01-16 03:00:00+05:30,7.1,315.0,14.0,933.5,10.513272736510137,100
2024-01-16 04:00:00+05:30,5.4,290.0,13.9,933.6,2.9293300640820554,100
2024-01-16 05:00:00+05:30,3.4,288.0,13.5,934.0,0.0,100
2024-01-16 06:00:00+05:30,1.8,307.0,14.1,935.3,0.0,100
2024-01-16 07:00:00+05:30,2.5,352.0,13.7,935.7,0.0,100
2024-01-16 08:00:00+05:30,2.6,304.0,16.2,937.1,0.7016345947828243,100
2024-01-16 09:00:00+05:30,1.1,342.0,20.1,938.5,0.0,100
2024-01-16 10:00:00+05:30,0.8,117.0,23.5,938.9,1.273831755177699,100
2024-01-16 11:00:00+05:30,4.8,138.0,26.2,938.3,1.0962866875306467,100
2024-01-16 12:00:00+05:30,8.4,155.0,27.9,937.3,23.331079144501516,100
2024-01-16 13:00:00+05:30,10.5,164.0,29.1,936.1,59.18096591634672,100
2024-01-16 14:00:00+05:30,9.3,164.0,30.0,935.1,32.25180584619007,100
2024-01-16 15:00:00+05:30,5.5,203.0,30.1,934.6,3.0596413313964224,100
2024-01-16 16:00:00+05:30,9.7,266.0,28.7,934.4,42.33539261481854,100
2024-01-16 17:00:00+05:30,11.5,284.0,26.3,934.4,82.32536625502175,100
2024-01-16 18:00:00+05:30,11.9,273.0,23.9,934.2,94.46893644504553,100
2024-01-16 19:00:00+05:30,6.1,298.0,21.4,934.5,3.5560885109502394,100
2024-01-16 20:00:00+05:30,5.6,345.0,20.1,935.1,4.836421933597087,100
2024-01-16 21:00:00+05:30,6.0,295.0,18.4,935.4,3.7623413726354733,100
2024-01-16 22:00:00+05:30,3.6,315.0,17.7,935.4,0.0,100
2024-01-16 23:00:00+05:30,3.6,307.0,16.9,934.9,0.0,100
2024-01-17 00:00:00+05:30,3.3,311.0,16.0,934.3,1.6320013003546672,100
2024-01-17 01:00:00+05:30,3.3,311.0,15.4,933.7,2.222296560587916,100
2024-01-17 02:00:00+05:30,3.1,315.0,15.2,933.3,0.3185940842485002,100
2024-01-17 03:00:00+05:30,3.2,333.0,15.1,933.0,0.140366653273724,100
2024-01-17 04:00:00+05:30,4.0,360.0,15.0,932.8,0.0,100
2024-01-17 05:00:00+05:30,4.7,4.0,14.5,933.0,1.7234076447320965,100
2024-01-17 06:00:00+05:30,4.5,14.0,14.8,933.9,1.591155345864089,100
2024-01-17 07:00:00+05:30,4.5,14.0,14.7,934.5,3.123303815349648,100
2024-01-17 08:00:00+05:30,3.4,18.0,17.5,935.8,0.0,100
2024-01-17 09:00:00+05:30,3.2,63.0,20.8,937.0,0.0,100
2024-01-17 10:00:00+05:30,4.7,94.0,24.1,937.5,2.1966605394954852,100
2024-01-17 11:00:00+05:30,6.9,152.0,26.9,936.9,9.144707398637937,100
2024-01-17 12:00:00+05:30,13.4,174.0,28.7,936.0,100.0,100
2024-01-17 13:00:00+05:30,11.7,191.0,29.5,934.8,91.12984866580683,100
2024-01-17 14:00:00+05:30,11.7,223.0,29.4,934.1,88.39908961355421,100
2024-01-17 15:00:00+05:30,12.3,238.0,28.6,933.9,100.0,100
2024-01-17 16:00:00+05:30,11.8,250.0,27.2,934.1,95.23564180294677,100
2024-01-17 17:00:00+05:30,10.4,270.0,25.2,934.4,53.84996732801087,100
2024-01-17 18:00:00+05:30,9.0,286.0,22.5,934.8,28.928158929816103,100
2024-01-17 19:00:00+05:30,7.6,278.0,20.9,935.2,13.23984159303535,100
2024-01-17 20:00:00+05:30,8.6,292.0,19.4,935.8,25.418824483873898,100
2024-01-17 21:00:00+05:30,8.2,311.0,18.3,936.2,19.68799273698672,100
2024-01-17 22:00:00+05:30,8.3,304.0,17.5,936.1,20.39155414196915,100
2024-01-17 23:00:00+05:30,7.0,305.0,16.6,935.7,9.992181432055803,100
2024-01-18 00:00:00+05:30,6.9,309.0,14.1,934.6,6.839354507146103,100
2024-01-18 01:00:00+05:30,4.3,312.0,14.2,934.3,0.0,100
2024-01-18 02:00:00+05:30,2.4,333.0,15.2,934.3,0.9965610473941302,100
2024-01-18 03:00:00+05:30,4.1,345.0,14.6,933.7,0.8109948413959687,100
2024-01-18 04:00:00+05:30,6.1,360.0,12.8,933.5,3.67987513858294,100
2024-01-18 05:00:00+05:30,6.2,353.0,13.1,934.1,4.982596541368148,100
2024-01-18 06:00:00+05:30,6.8,342.0,12.8,934.9,7.876827880383068,100
2024-01-18 07:00:00+05:30,6.0,335.0,13.4,935.7,2.2764672905759458,100
2024-01-18 08:00:00+05:30,2.3,18.0,16.8,937.4,0.0,100
2024-01-18 09:00:00+05:30,2.7,337.0,20.0,938.5,1.36427163299071,100
2024-01-18 10:00:00+05:30,1.8,349.0,22.8,938.9,0.0,100
2024-01-18 11:00:00+05:30,1.1,270.0,25.2,938.5,0.0,100
2024-01-18 12:00:00+05:30,4.5,209.0,27.3,937.8,0.28101217779618115,100
2024-01-18 13:00:00+05:30,10.1,207.0,28.0,936.5,50.91889965496677,100
2024-01-18 14:00:00+05:30,9.9,213.0,28.1,935.8,44.77970519753539,100
2024-01-18 15:00:00+05:30,9.4,227.0,28.1,935.2,34.27365307249308,100
2024-01-18 16:00:00+05:30,10.0,232.0,27.2,935.2,47.914454836201614,100
2024-01-18 17:00:00+05:30,6.6,248.0,25.6,935.4,6.552746766504113,100
2024-01-18 18:00:00+05:30,8.6,285.0,22.4,935.4,26.051088732562228,100
2024-01-18 19:00:00+05:30,9.2,291.0,20.5,935.9,34.569146759554755,100
2024-01-18 20:00:00+05:30,7.1,300.0,19.2,936.4,9.854420335342311,100
2024-01-18 21:00:00+05:30,5.2,304.0,18.3,936.8,0.8523345192916465,100
2024-01-18 22:00:00+05:30,4.4,305.0,17.3,936.8,1.4127236910436294,100
2024-01-18 23:00:00+05:30,4.1,308.0,16.4,936.3,0.0,100
2024-01-19 00:00:00+05:30,3.8,319.0,15.8,935.8,0.07625780024534856,100
2024-01-19 01:00:00+05:30,4.3,318.0,15.6,935.3,0.36960414099924166,100
2024-01-19 02:00:00+05:30,5.5,328.0,14.5,934.4,1.9187906474886294,100
2024-01-19 03:00:00+05:30,4.4,351.0,14.2,934.2,0.8947272790064158,100
2024-01-19 04:00:00+05:30,4.2,340.0,13.7,934.2,1.457541139909577,100
2024-01-19 05:00:00+05:30,5.5,328.0,12.4,934.3,0.08682013572022296,100
2024-01-19 06:00:00+05:30,5.5,337.0,12.6,935.4,1.4627705000346394,100
2024-01-19 07:00:00+05:30,4.5,331.0,12.8,936.1,1.7890183455933153,100
2024-01-19 08:00:00+05:30,1.6,297.0,16.6,937.8,0.580676288116615,100
2024-01-19 09:00:00+05:30,0.8,117.0,20.3,939.2,0.0,100
2024-01-19 10:00:00+05:30,2.5,90.0,23.5,939.5,0.0,100
2024-01-19 11:00:00+05:30,5.4,132.0,25.8,938.8,2.9983640129564444,100
2024-01-19 12:00:00+05:30,8.8,145.0,27.3,937.7,26.75535139205681,100
2024-01-19 13:00:00+05:30,11.2,159.0,28.4,936.6,77.82412447049603,100
2024-01-19 14:00:00+05:30,11.9,155.0,29.3,935.3,95.60497264905268,100
2024-01-19 15:00:00+05:30,10.4,182.0,29.9,934.8,54.50838272971306,100
2024-01-19 16:00:00+05:30,10.3,209.0,29.2,934.6,53.30472227829274,100
2024-01-19 17:00:00+05:30,4.2,239.0,27.2,935.0,0.8997335026522998,100
2024-01-19 18:00:00+05:30,11.0,281.0,24.1,935.4,73.03791161925103,100
2024-01-19 19:00:00+05:30,11.0,302.0,22.2,935.9,67.21757208332782,100
2024-01-19 20:00:00+05:30,5.6,320.0,20.2,936.4,1.2595604830437743,100
2024-01-19 21:00:00+05:30,3.6,360.0,19.7,937.1,1.4684739964472047,100
2024-01-19 22:00:00+05:30,4.1,308.0,18.8,937.0,0.023601244343172206,100
2024-01-19 23:00:00+05:30,5.0,300.0,18.3,936.6,0.0,100
2024-01-20 00:00:00+05:30,4.3,318.0,17.3,936.0,1.7910746427244815,100
2024-01-20 01:00:00+05:30,4.1,315.0,16.7,935.5,0.0,100
2024-01-20 02:00:00+05:30,4.3,318.0,16.2,934.8,0.9228114510643641,100
2024-01-20 03:00:00+05:30,4.3,312.0,15.4,934.2,0.0,100
2024-01-20 04:00:00+05:30,3.2,297.0,15.2,934.0,0.0,100
2024-01-20 05:00:00+05:30,3.3,311.0,15.0,934.3,0.0,100
2024-01-20 06:00:00+05:30,3.1,339.0,16.1,936.0,0.32725724474769236,100
2024-01-20 07:00:00+05:30,2.8,320.0,15.7,936.9,1.1667488949169935,100
2024-01-20 08:00:00+05:30,3.3,354.0,19.1,938.6,0.0,100
2024-01-20 09:00:00+05:30,3.6,354.0,22.8,939.8,0.0,100
2024-01-20 10:00:00+05:30,3.9,338.0,25.5,940.3,0.15891602485194337,100
2024-01-20 11:00:00+05:30,2.4,297.0,27.3,939.9,0.0,100
2024-01-20 12:00:00+05:30,8.2,218.0,29.2,938.9,20.355426285138094,100
2024-01-20 13:00:00+05:30,12.5,226.0,29.6,937.9,98.60188704273807,100
2024-01-20 14:00:00+05:30,13.6,233.0,29.5,937.2,98.36000891926861,100
2024-01-20 15:00:00+05:30,14.5,240.0,28.8,936.8,94.57709086756276,100
2024-01-20 16:00:00+05:30,12.8,248.0,27.9,936.8,100.0,100
2024-01-20 17:00:00+05:30,10.2,262.0,26.4,937.1,52.17903917728416,100
2024-01-20 18:00:00+05:30,7.9,286.0,23.4,937.0,16.66182722943296,100
2024-01-20 19:00:00+05:30,11.2,291.0,22.0,937.4,76.68691558998577,100
2024-01-20 20:00:00+05:30,8.9,291.0,20.9,938.0,29.215499082637624,100
2024-01-20 21:00:00+05:30,7.1,300.0,19.7,938.2,9.147585895873048,100
2024-01-20 22:00:00+05:30,4.8,312.0,18.5,938.0,1.9681372620737838,100
2024-01-20 23:00:00+05:30,3.3,311.0,17.4,937.8,0.0,100
2024-01-21 00:00:00+05:30,2.8,310.0,16.8,937.0,0.0,100
2024-01-21 01:00:00+05:30,4.4,325.0,16.3,936.3,2.891363184522484,100
2024-01-21 02:00:00+05:30,3.6,323.0,16.1,935.8,1.6681141947551181,100
2024-01-21 03:00:00+05:30,4.0,333.0,15.7,935.3,0.0,100
2024-01-21 04:00:00+05:30,4.7,356.0,15.4,935.2,0.1724472919037845,100
2024-01-21 05:00:00+05:30,5.1,4.0,15.0,935.4,2.586412295610801,100
2024-01-21 06:00:00+05:30,3.7,349.0,14.8,936.4,0.0,100
2024-01-21 07:00:00+05:30,4.3,360.0,14.8,937.3,0.020869793614626375,100
2024-01-21 08:00:00+05:30,4.0,360.0,17.5,938.8,0.977977477215494,100
2024-01-21 09:00:00+05:30,3.2,27.0,21.3,940.2,0.003750579229308857,100
2024-01-21 10:00:00+05:30,4.9,54.0,24.2,940.6,2.100931936941856,100
2024-01-21 11:00:00+05:30,4.4,81.0,26.1,940.2,0.2052253754659108,100
2024-01-21 12:00:00+05:30,4.1,128.0,27.5,939.1,0.0,100
2024-01-21 13:00:00+05:30,5.5,169.0,28.6,938.0,1.3947974648498311,100
2024-01-21 14:00:00+05:30,6.0,163.0,29.5,936.9,0.24776497627465055,100
2024-01-21 15:00:00+05:30,4.7,212.0,30.5,936.2,0.0,100
2024-01-21 16:00:00+05:30,9.6,257.0,30.0,935.9,39.509378396274776,100
2024-01-21 17:00:00+05:30,10.8,272.0,28.0,936.4,63.41120705848487,100
2024-01-21 18:00:00+05:30,10.8,296.0,24.9,937.0,64.31152259697934,100
2024-01-21 19:00:00+05:30,7.5,287.0,22.9,937.4,14.479878635214384,100
2024-01-21 20:00:00+05:30,7.6,301.0,21.2,937.6,11.539142073507415,100
2024-01-21 21:00:00+05:30,4.5,331.0,19.6,938.0,0.10703229604530401,100
2024-01-21 22:00:00+05:30,4.6,309.0,18.7,938.1,1.6482849688743149,100
2024-01-21 23:00:00+05:30,4.0,280.0,17.6,937.9,2.000385650375469,100
2024-01-22 00:00:00+05:30,3.1,306.0,17.0,937.6,0.7571942436633265,100
2024-01-22 01:00:00+05:30,3.3,311.0,16.6,937.2,0.0,100
2024-01-22 02:00:00+05:30,3.3,311.0,16.3,936.7,0.0,100
2024-01-22 03:00:00+05:30,3.2,297.0,16.0,936.3,0.0,100
2024-01-22 04:00:00+05:30,4.8,283.0,16.0,936.0,0.0,100
2024-01-22 05:00:00+05:30,3.7,299.0,14.8,935.9,0.0,100
2024-01-22 06:00:00+05:30,3.9,304.0,14.7,937.1,0.3787708927294219,100
2024-01-22 07:00:00+05:30,2.8,310.0,15.1,937.7,0.0,100
2024-01-22 08:00:00+05:30,3.7,331.0,17.3,939.0,0.0,100
2024-01-22 09:00:00+05:30,1.6,333.0,20.8,940.5,1.2482129887398439,100
2024-01-22 10:00:00+05:30,1.0,135.0,23.7,941.1,1.1905594358849687,100
2024-01-22 11:00:00+05:30,5.2,146.0,26.0,940.5,1.7298490094079022,100
2024-01-22 12:00:00+05:30,8.6,158.0,27.7,939.5,24.744045334659365,100
2024-01-22 13:00:00+05:30,8.4,170.0,29.2,938.3,21.377061337032405,100
2024-01-22 14:00:00+05:30,7.5,197.0,30.5,937.5,12.939948086621506,100
2024-01-22 15:00:00+05:30,11.6,234.0,30.9,937.2,87.07862426151225,100
2024-01-22 16:00:00+05:30,13.6,238.0,29.6,937.1,98.77138303782796,100
2024-01-22 17:00:00+05:30,11.4,257.0,27.5,937.4,79.5913565737655,100
2024-01-22 18:00:00+05:30,11.7,279.0,24.4,938.0,89.31024604300377,100
2024-01-22 19:00:00+05:30,8.6,285.0,22.1,938.4,25.358766467939017,100
2024-01-22 20:00:00+05:30,7.3,290.0,20.4,938.9,10.66179096142946,100
2024-01-22 21:00:00+05:30,4.4,305.0,19.1,938.9,1.3559336420516168,100
2024-01-22 22:00:00+05:30,3.8,319.0,17.8,938.7,0.0,100
2024-01-22 23:00:00+05:30,6.4,317.0,17.1,938.5,5.299773263547508,100
2024-01-23 00:00:00+05:30,5.6,315.0,15.2,937.5,2.634576508408247,100
2024-01-23 01:00:00+05:30,7.6,329.0,13.5,936.8,11.312751141565228,100
2024-01-23 02:00:00+05:30,5.9,313.0,12.9,936.4,3.6136106605275624,100
2024-01-23 03:00:00+05:30,7.7,311.0,12.5,935.8,15.06353995033166,100
2024-01-23 04:00:00+05:30,5.9,308.0,12.5,935.9,3.445194035638412,100
2024-01-23 05:00:00+05:30,3.3,283.0,12.8,936.2,0.2780650586406369,100
2024-01-23 06:00:00+05:30,4.8,297.0,11.6,936.8,0.5673593347396767,100
2024-01-23 07:00:00+05:30,2.9,300.0,12.2,937.5,0.0,100
2024-01-23 08:00:00+05:30,4.0,297.0,15.7,939.2,0.022154297574885268,100
2024-01-23 09:00:00+05:30,3.6,315.0,19.4,940.4,0.0,100
2024-01-23 10:00:00+05:30,3.6,354.0,22.4,940.7,0.47110480749286543,100
2024-01-23 11:00:00+05:30,3.1,45.0,24.8,940.3,1.8675622229032558,100
2024-01-23 12:00:00+05:30,1.5,104.0,26.4,939.4,1.184656874574698,100
2024-01-23 13:00:00+05:30,2.6,164.0,27.5,938.2,0.0,100
2024-01-23 14:00:00+05:30,2.4,153.0,28.1,937.3,0.21884298455074924,100
2024-01-23 15:00:00+05:30,2.1,59.0,28.5,936.6,0.0,100
2024-01-23 16:00:00+05:30,4.6,18.0,28.4,936.4,0.0,100
2024-01-23 17:00:00+05:30,4.2,340.0,26.7,936.3,0.7624710271438556,100
2024-01-23 18:00:00+05:30,7.1,285.0,23.1,935.4,11.7574966318884,100
2024-01-23 19:00:00+05:30,10.6,288.0,21.6,936.0,62.27598284885329,100
2024-01-23 20:00:00+05:30,7.6,295.0,19.8,936.5,14.403696878417154,100
2024-01-23 21:00:00+05:30,5.9,322.0,18.5,936.8,4.701150014188359,100
2024-01-23 22:00:00+05:30,4.1,308.0,17.3,937.0,1.086256563161315,100
2024-01-23 23:00:00+05:30,6.3,294.0,16.7,936.9,6.172881782456239,100
2024-01-24 00:00:00+05:30,3.1,306.0,15.8,936.7,0.4855743991615786,100
2024-01-24 01:00:00+05:30,3.9,292.0,15.8,936.3,0.2511179031792653,100
2024-01-24 02:00:00+05:30,6.0,303.0,15.1,936.1,2.4678542619218238,100
2024-01-24 03:00:00+05:30,6.4,308.0,14.7,935.8,4.233141729335737,100
2024-01-24 04:00:00+05:30,7.4,313.0,15.1,936.0,14.011575396664302,100
2024-01-24 05:00:00+05:30,4.3,312.0,15.1,936.3,0.5499790760114136,100
2024-01-24 06:00:00+05:30,6.9,309.0,13.9,937.1,7.882288833432053,100
2024-01-24 07:00:00+05:30,5.6,320.0,14.2,938.0,3.883248202037194,100
2024-01-24 08:00:00+05:30,5.4,312.0,16.9,939.7,3.211957988567458,100
2024-01-24 09:00:00+05:30,6.2,350.0,19.6,940.8,4.8764890306859785,100
2024-01-24 10:00:00+05:30,7.2,18.0,22.1,941.0,10.893923729921244,100
2024-01-24 11:00:00+05:30,8.5,36.0,24.2,940.6,21.7939238315318,100
2024-01-24 12:00:00+05:30,8.2,49.0,25.6,939.7,18.10849346698889,100
2024-01-24 13:00:00+05:30,6.8,58.0,26.6,938.7,6.5920070360495595,100
2024-01-24 14:00:00+05:30,5.0,69.0,27.3,937.5,1.009946021608075,100
2024-01-24 15:00:00+05:30,3.0,76.0,27.6,937.1,0.2568980055102136,100
2024-01-24 16:00:00+05:30,1.9,68.0,27.4,937.0,1.2786621407168925,100
2024-01-24 17:00:00+05:30,1.8,79.0,26.2,936.9,0.0,100
2024-01-24 18:00:00+05:30,1.6,243.0,26.5,937.1,1.4307193073025297,100
2024-01-24 19:00:00+05:30,5.2,25.0,21.2,936.4,1.295534770859348,100
2024-01-24 20:00:00+05:30,5.9,14.0,19.3,936.8,2.3712005385651267,100
2024-01-24 21:00:00+05:30,5.7,342.0,18.1,937.1,1.7901527666889434,100
2024-01-24 22:00:00+05:30,4.1,308.0,17.0,937.4,0.8221659773609773,100
2024-01-24 23:00:00+05:30,4.6,309.0,17.2,937.7,0.0,100
2024-01-25 00:00:00+05:30,7.4,321.0,16.2,937.4,12.433911898240783,100
2024-01-25 01:00:00+05:30,6.1,310.0,16.2,937.4,3.401660864264487,100
2024-01-25 02:00:00+05:30,5.0,300.0,16.2,937.0,1.081187884152749,100
2024-01-25 03:00:00+05:30,5.2,304.0,15.5,936.5,1.0274977910108762,100
2024-01-25 04:00:00+05:30,5.6,315.0,15.3,936.9,2.2208714458938434,100
2024-01-25 05:00:00+05:30,4.6,315.0,14.1,937.4,0.7161365021311799,100
2024-01-25 06:00:00+05:30,5.4,307.0,13.5,938.1,1.0882372777426084,100
2024-01-25 07:00:00+05:30,4.4,325.0,13.0,939.1,0.5975592673229059,100
2024-01-25 08:00:00+05:30,3.9,304.0,15.7,940.8,1.6036803586187898,100
2024-01-25 09:00:00+05:30,2.9,330.0,19.3,942.2,0.0,100
2024-01-25 10:00:00+05:30,1.6,27.0,22.2,942.6,0.0,100
2024-01-25 11:00:00+05:30,3.7,79.0,24.7,942.3,0.0,100
2024-01-25 12:00:00+05:30,5.0,90.0,26.4,941.5,1.8493396094024326,100
2024-01-25 13:00:00+05:30,5.4,90.0,27.5,940.4,1.2132573363943933,100
2024-01-25 14:00:00+05:30,5.1,94.0,28.2,939.3,3.654450017849064,100
2024-01-25 15:00:00+05:30,4.4,99.0,28.5,938.6,0.26972494380573175,100
2024-01-25 16:00:00+05:30,4.0,90.0,28.2,938.6,0.9087066978218348,100
2024-01-25 17:00:00+05:30,2.5,82.0,26.7,938.6,0.0,100
2024-01-25 18:00:00+05:30,0.8,297.0,27.1,939.1,0.0,100
2024-01-25 19:00:00+05:30,4.0,360.0,22.5,938.6,0.0,100
2024-01-25 20:00:00+05:30,8.6,33.0,19.4,938.7,24.409164354065247,100
2024-01-25 21:00:00+05:30,5.7,35.0,20.3,939.8,2.609548716381661,100
2024-01-25 22:00:00+05:30,2.6,304.0,17.6,939.4,0.0,100
2024-01-25 23:00:00+05:30,4.4,305.0,17.3,939.0,0.521801551855845,100
2024-01-26 00:00:00+05:30,7.1,300.0,15.9,938.4,7.79984993540719,100
2024-01-26 01:00:00+05:30,7.0,305.0,15.2,937.8,9.55711721771998,100
2024-01-26 02:00:00+05:30,6.1,315.0,15.3,937.6,4.163210986247083,100
2024-01-26 03:00:00+05:30,3.4,302.0,15.0,937.3,0.14291264877275842,100
2024-01-26 04:00:00+05:30,1.1,270.0,15.3,937.7,0.8471352991544643,100
2024-01-26 05:00:00+05:30,3.7,299.0,14.5,937.8,0.0,100
2024-01-26 06:00:00+05:30,5.2,304.0,14.0,938.7,2.4745929244222684,100
2024-01-26 07:00:00+05:30,3.3,283.0,13.4,939.9,0.03286796295348104,100
2024-01-26 08:00:00+05:30,4.6,315.0,16.8,941.6,0.06476169433504925,100
2024-01-26 09:00:00+05:30,1.1,252.0,21.0,943.4,0.0,100
2024-01-26 10:00:00+05:30,2.5,172.0,23.5,943.8,0.7165457989384976,100
2024-01-26 11:00:00+05:30,6.0,147.0,25.8,943.4,3.0788053192841556,100
2024-01-26 12:00:00+05:30,7.4,151.0,27.5,942.4,11.430735936194182,100
2024-01-26 13:00:00+05:30,5.2,155.0,28.5,941.1,2.6046902165041823,100
2024-01-26 14:00:00+05:30,3.5,156.0,29.1,940.2,1.5255689942859187,100
2024-01-26 15:00:00+05:30,2.3,129.0,29.4,939.4,0.7504097630055865,100
2024-01-26 16:00:00+05:30,1.6,63.0,29.2,939.3,0.0,100
2024-01-26 17:00:00+05:30,2.2,360.0,28.0,939.5,0.0,100
2024-01-26 18:00:00+05:30,5.4,318.0,23.9,939.4,3.170392045788812,100
2024-01-26 19:00:00+05:30,3.8,319.0,22.5,939.4,1.423772430589877,100
2024-01-26 20:00:00+05:30,6.7,344.0,21.8,940.1,7.133834528298012,100
2024-01-26 21:00:00+05:30,7.6,3.0,21.1,940.9,13.313482257874867,100
2024-01-26 22:00:00+05:30,7.6,360.0,20.0,941.0,13.019552865897328,100
2024-01-26 23:00:00+05:30,5.4,307.0,18.9,940.6,2.322242490813788,100
2024-01-27 00:00:00+05:30,6.7,306.0,19.0,940.3,6.766290085570281,100
2024-01-27 01:00:00+05:30,5.7,305.0,17.2,939.6,2.02017793962559,100
2024-01-27 02:00:00+05:30,5.4,312.0,16.9,939.3,0.21751562684418912,100
2024-01-27 03:00:00+05:30,5.1,309.0,17.5,939.1,0.8794610565156823,100
2024-01-27 04:00:00+05:30,4.9,306.0,17.8,939.3,0.7230097453074786,100
2024-01-27 05:00:00+05:30,5.0,291.0,17.1,939.4,1.6617417247631021,100
2024-01-27 06:00:00+05:30,4.4,279.0,15.9,939.9,1.1715402092718614,100
2024-01-27 07:00:00+05:30,3.8,311.0,15.9,940.5,0.48828796300283217,100
2024-01-27 08:00:00+05:30,4.8,312.0,18.3,941.9,1.105936316758829,100
2024-01-27 09:00:00+05:30,3.1,291.0,22.3,943.3,0.0,100
2024-01-27 10:00:00+05:30,1.1,162.0,24.9,943.7,0.0,100
2024-01-27 11:00:00+05:30,4.6,162.0,27.0,943.3,1.3663545259214533,100
2024-01-27 12:00:00+05:30,5.2,155.0,28.3,942.2,1.9265967189262323,100
2024-01-27 13:00:00+05:30,4.2,160.0,29.1,941.0,0.0,100
2024-01-27 14:00:00+05:30,3.4,162.0,29.7,940.1,0.0,100
2024-01-27 15:00:00+05:30,4.6,162.0,30.0,939.5,0.8307931340120152,100
2024-01-27 16:00:00+05:30,5.3,152.0,29.6,939.2,3.3546047264113987,100
2024-01-27 17:00:00+05:30,3.2,153.0,28.4,939.3,0.0,100
2024-01-27 18:00:00+05:30,8.7,222.0,25.3,939.4,24.243229212255166,100
2024-01-27 19:00:00+05:30,3.4,302.0,22.8,939.1,1.1206042921139727,100
2024-01-27 20:00:00+05:30,5.5,349.0,21.1,939.7,1.8458561776079006,100
2024-01-27 21:00:00+05:30,5.5,293.0,19.7,940.2,2.703816153918811,100
2024-01-27 22:00:00+05:30,8.1,291.0,18.1,940.1,18.57012731649965,100
2024-01-27 23:00:00+05:30,6.8,328.0,17.6,939.9,8.388160280558926,100
2024-01-28 00:00:00+05:30,5.2,12.0,16.7,939.4,1.965651497125509,100
2024-01-28 01:00:00+05:30,2.1,31.0,17.4,939.3,0.49125487202947166,100
2024-01-28 02:00:00+05:30,4.6,309.0,16.3,938.2,0.8517703693657139,100
2024-01-28 03:00:00+05:30,5.7,305.0,15.9,937.5,2.20294014748523,100
2024-01-28 04:00:00+05:30,5.4,312.0,15.7,937.3,1.3571972140760618,100
2024-01-28 05:00:00+05:30,3.9,304.0,15.6,937.5,1.9347977621800319,100
2024-01-28 06:00:00+05:30,3.6,307.0,15.2,939.0,0.29285405506775375,100
2024-01-28 07:00:00+05:30,2.9,330.0,15.7,939.8,0.0,100
2024-01-28 08:00:00+05:30,2.7,293.0,18.2,941.1,0.3073763902238152,100
2024-01-28 09:00:00+05:30,1.5,225.0,22.2,942.7,0.0,100
2024-01-28 10:00:00+05:30,5.0,159.0,24.8,943.3,1.1589243756175465,100
2024-01-28 11:00:00+05:30,7.9,156.0,26.9,942.9,14.687894202566145,100
2024-01-28 12:00:00+05:30,6.6,158.0,28.0,942.0,6.88625799083651,100
2024-01-28 13:00:00+05:30,6.0,163.0,28.6,940.8,5.148348205315487,100
2024-01-28 14:00:00+05:30,4.8,153.0,29.1,940.0,1.2189150850490216,100
2024-01-28 15:00:00+05:30,3.6,135.0,29.2,939.4,0.12436380899151402,100
2024-01-28 16:00:00+05:30,2.9,120.0,29.0,939.0,1.0057128704804854,100
2024-01-28 17:00:00+05:30,1.3,124.0,28.5,939.3,0.23143765013908937,100
2024-01-28 18:00:00+05:30,5.9,142.0,24.8,938.8,2.7782714465224263,100
2024-01-28 19:00:00+05:30,6.4,207.0,22.8,938.8,5.465838745859486,100
2024-01-28 20:00:00+05:30,10.2,280.0,21.7,939.9,47.954244967673255,100
2024-01-28 21:00:00+05:30,6.9,309.0,20.9,940.6,6.545083643626381,100
2024-01-28 22:00:00+05:30,7.5,325.0,20.3,940.9,11.056327311392563,100
2024-01-28 23:00:00+05:30,6.6,319.0,19.0,940.5,6.847709327731852,100
2024-01-29 00:00:00+05:30,5.0,330.0,18.3,939.8,1.1775795042281225,100
2024-01-29 01:00:00+05:30,4.2,301.0,17.3,939.1,0.0,100
2024-01-29 02:00:00+05:30,4.0,297.0,16.8,938.3,0.37398848851895816,100
2024-01-29 03:00:00+05:30,4.4,325.0,16.6,937.8,2.0362542409624407,100
2024-01-29 04:00:00+05:30,4.8,318.0,16.1,937.4,1.592799402339826,100
2024-01-29 05:00:00+05:30,4.2,290.0,15.9,937.7,0.7719997760521311,100
2024-01-29 06:00:00+05:30,1.1,18.0,16.5,938.9,0.6151765620384013,100
2024-01-29 07:00:00+05:30,4.1,345.0,16.1,939.4,0.2319844972493359,100
2024-01-29 08:00:00+05:30,3.8,343.0,18.6,940.5,1.120767851281714,100
2024-01-29 09:00:00+05:30,2.5,352.0,22.6,942.0,0.3510227436941903,100
2024-01-29 10:00:00+05:30,1.8,360.0,26.0,942.5,0.7491156347708233,100
2024-01-29 11:00:00+05:30,3.4,162.0,27.8,942.1,0.0,100
2024-01-29 12:00:00+05:30,5.4,160.0,28.6,941.4,0.7579022069459052,100
2024-01-29 13:00:00+05:30,4.6,162.0,29.2,940.0,1.5037329088686047,100
2024-01-29 14:00:00+05:30,3.0,166.0,29.5,939.1,0.4185758083529452,100
2024-01-29 15:00:00+05:30,3.3,193.0,29.3,938.4,0.044880601834023384,100
2024-01-29 16:00:00+05:30,4.7,203.0,28.8,937.9,0.6204157036178987,100
2024-01-29 17:00:00+05:30,2.6,236.0,27.4,937.8,0.6481121044490177,100
2024-01-29 18:00:00+05:30,4.7,180.0,25.4,938.0,2.662102329760292,100
2024-01-29 19:00:00+05:30,5.0,360.0,25.6,938.7,0.21830041095250352,100
2024-01-29 20:00:00+05:30,3.8,319.0,22.3,938.8,0.0,100
2024-01-29 21:00:00+05:30,6.9,313.0,21.0,939.2,7.515696957757107,100
2024-01-29 22:00:00+05:30,7.9,309.0,20.3,939.5,16.92781667530804,100
2024-01-29 23:00:00+05:30,8.4,310.0,19.5,939.3,19.516539346466665,100
2024-01-30 00:00:00+05:30,8.0,324.0,19.0,939.0,18.760304418920857,100
2024-01-30 01:00:00+05:30,7.2,323.0,18.5,938.3,10.184439189692666,100
2024-01-30 02:00:00+05:30,6.0,303.0,17.9,937.5,3.645052001330138,100
2024-01-30 03:00:00+05:30,3.5,294.0,17.1,936.8,0.2636650149194604,100
2024-01-30 04:00:00+05:30,5.8,300.0,16.8,936.5,4.089043492893834,100
2024-01-30 05:00:00+05:30,3.4,288.0,16.4,936.9,0.0,100
2024-01-30 06:00:00+05:30,3.4,302.0,15.5,937.6,0.1687357677377335,100
2024-01-30 07:00:00+05:30,2.3,309.0,15.9,938.1,2.8594190263287085,100
2024-01-30 08:00:00+05:30,3.1,291.0,18.7,939.7,0.0,100
2024-01-30 09:00:00+05:30,0.8,243.0,22.5,940.9,0.12032963073809956,100
2024-01-30 10:00:00+05:30,1.6,153.0,25.2,941.4,0.9833607335171164,100
2024-01-30 11:00:00+05:30,5.8,158.0,26.9,941.1,2.5934995069040374,100
2024-01-30 12:00:00+05:30,6.1,183.0,28.1,940.2,4.031338430914366,100
2024-01-30 13:00:00+05:30,5.4,176.0,28.8,938.9,0.501306204668793,100
2024-01-30 14:00:00+05:30,4.4,125.0,29.4,937.9,0.0,100
2024-01-30 15:00:00+05:30,5.1,82.0,29.9,937.3,1.6110787782496967,100
2024-01-30 16:00:00+05:30,5.7,35.0,29.9,936.8,1.2903611830513084,100
2024-01-30 17:00:00+05:30,4.7,337.0,28.2,936.9,0.0,100
2024-01-30 18:00:00+05:30,7.7,307.0,25.2,937.5,13.975628919681512,100
2024-01-30 19:00:00+05:30,12.7,278.0,23.6,938.3,100.0,100
2024-01-30 20:00:00+05:30,10.2,293.0,22.5,938.9,51.294188265138324,100
2024-01-30 21:00:00+05:30,7.4,313.0,21.1,939.2,13.49556044073121,100
2024-01-30 22:00:00+05:30,6.0,303.0,19.9,939.0,4.738461444733911,100
2024-01-30 23:00:00+05:30,5.9,322.0,18.3,938.6,3.2329384324282047,100
2024-01-31 00:00:00+05:30,4.2,340.0,17.7,938.1,1.4373776840631536,100
2024-01-31 01:00:00+05:30,5.9,308.0,17.1,937.2,2.516698848115152,100
2024-01-31 02:00:00+05:30,4.3,318.0,16.4,936.6,0.5129250395829417,100
2024-01-31 03:00:00+05:30,3.6,315.0,15.9,936.2,0.5720407668753265,100
2024-01-31 04:00:00+05:30,4.2,329.0,15.7,935.8,0.26973623227483384,100
2024-01-31 05:00:00+05:30,4.6,342.0,15.3,935.9,0.043968364677138494,100
2024-01-31 06:00:00+05:30,4.7,356.0,15.3,937.0,0.7007359981246747,100
2024-01-31 07:00:00+05:30,2.6,326.0,15.7,938.0,0.0,100
2024-01-31 08:00:00+05:30,2.1,301.0,18.6,939.5,0.1861802337710746,100
2024-01-31 09:00:00+05:30,0.0,270.0,22.3,940.9,0.5152899946703308,100
2024-01-31 10:00:00+05:30,0.7,360.0,25.4,941.3,0.9291839730264672,100
2024-01-31 11:00:00+05:30,1.9,158.0,27.3,940.8,0.0,100
2024-01-31 12:00:00+05:30,8.1,148.0,28.4,939.7,19.040353289236588,100
2024-01-31 13:00:00+05:30,9.9,147.0,29.4,938.5,46.6104337289746,100
2024-01-31 14:00:00+05:30,8.8,161.0,30.2,937.4,27.238774762879892,100
2024-01-31 15:00:00+05:30,7.0,215.0,30.3,936.9,10.449234868882408,100
2024-01-31 16:00:00+05:30,11.2,255.0,29.3,936.6,77.82961448982674,100
2024-01-31 17:00:00+05:30,11.3,263.0,27.5,936.8,80.90160298445863,100
2024-01-31 18:00:00+05:30,13.0,275.0,24.7,937.4,99.06224979811657,100
2024-01-31 19:00:00+05:30,11.7,281.0,22.6,937.7,93.04604858121208,100
2024-01-31 20:00:00+05:30,10.3,299.0,21.0,938.2,55.21560863273929,100
2024-01-31 21:00:00+05:30,7.5,305.0,19.7,938.6,13.844499001621285,100
2024-01-31 22:00:00+05:30,5.6,310.0,18.3,938.6,3.162230592596199,100
2024-01-31 23:00:00+05:30,4.7,293.0,17.5,938.4,0.9481294032375618,100
2024-02-01 00:00:00+05:30,4.7,302.0,16.3,937.8,0.0,100
2024-02-01 01:00:00+05:30,4.5,346.0,15.5,937.5,0.0,100
2024-02-01 02:00:00+05:30,3.5,294.0,14.9,936.9,0.15641333581984643,100
2024-02-01 03:00:00+05:30,3.8,287.0,14.5,936.7,0.08135768796071709,100
2024-02-01 04:00:00+05:30,4.6,315.0,14.1,936.4,0.7531630807197153,100
2024-02-01 05:00:00+05:30,4.2,329.0,14.2,936.6,1.938052973046947,100
2024-02-01 06:00:00+05:30,2.3,342.0,14.3,937.6,0.0,100
2024-02-01 07:00:00+05:30,2.3,18.0,13.6,938.3,0.7049368941589261,100
2024-02-01 08:00:00+05:30,2.6,34.0,16.1,939.7,0.0,100
2024-02-01 09:00:00+05:30,1.6,63.0,19.4,940.9,0.813865057034812,100
2024-02-01 10:00:00+05:30,1.0,45.0,22.8,941.7,0.9953405201698651,100
2024-02-01 11:00:00+05:30,0.8,27.0,24.9,941.2,0.0,100
2024-02-01 12:00:00+05:30,1.1,18.0,26.3,940.4,1.0143739955715465,100
2024-02-01 13:00:00+05:30,2.5,352.0,27.3,939.3,0.0,100
2024-02-01 14:00:00+05:30,5.1,309.0,28.0,938.3,2.109669818068126,100
2024-02-01 15:00:00+05:30,9.5,295.0,27.9,937.6,36.89282822234828,100
2024-02-01 16:00:00+05:30,13.3,289.0,26.8,937.6,100.0,100
2024-02-01 17:00:00+05:30,10.5,274.0,25.1,937.5,57.07455519956525,100
2024-02-01 18:00:00+05:30,8.6,268.0,22.2,937.4,23.376810899968966,100
2024-02-01 19:00:00+05:30,8.8,282.0,20.6,937.7,26.16747502191373,100
2024-02-01 20:00:00+05:30,7.8,304.0,19.4,938.5,12.957388927903331,100
2024-02-01 21:00:00+05:30,8.1,302.0,18.4,939.1,18.354799807120088,100
2024-02-01 22:00:00+05:30,7.4,317.0,17.4,939.2,11.2416172237521,100
2024-02-01 23:00:00+05:30,5.8,338.0,15.9,938.9,3.558000368070266,100
2024-02-02 00:00:00+05:30,3.9,304.0,15.7,938.5,1.9258049895327836,100
2024-02-02 01:00:00+05:30,3.3,319.0,15.0,938.1,0.0,100
2024-02-02 02:00:00+05:30,4.8,333.0,14.8,937.7,1.5465337444980398,100
2024-02-02 03:00:00+05:30,4.8,312.0,13.7,936.9,0.14166678924017373,100
2024-02-02 04:00:00+05:30,6.0,303.0,13.6,936.8,3.613818135295608,100
2024-02-02 05:00:00+05:30,5.0,291.0,13.5,936.9,2.161883809683388,100
2024-02-02 06:00:00+05:30,4.1,285.0,13.0,937.3,0.0,100
2024-02-02 07:00:00+05:30,5.2,304.0,13.9,938.5,3.014001345277375,100
2024-02-02 08:00:00+05:30,5.8,300.0,16.9,940.1,1.0091994408411393,100
2024-02-02 09:00:00+05:30,4.8,333.0,20.4,941.6,1.8712479132773507,100
2024-02-02 10:00:00+05:30,6.2,21.0,23.2,942.1,4.495562395466132,100
2024-02-02 11:00:00+05:30,7.9,47.0,25.3,941.6,15.999261352212477,100
2024-02-02 12:00:00+05:30,6.6,61.0,26.5,940.7,6.19460739740644,100
2024-02-02 13:00:00+05:30,4.4,81.0,27.5,939.7,1.6419595789228296,100
2024-02-02 14:00:00+05:30,2.3,108.0,28.2,938.9,0.9106064338345627,100
2024-02-02 15:00:00+05:30,1.1,198.0,28.5,938.3,0.6973863930696833,100
2024-02-02 16:00:00+05:30,1.8,217.0,28.3,937.9,0.0,100
2024-02-02 17:00:00+05:30,2.7,203.0,26.5,937.3,1.2222622899595332,100
2024-02-02 18:00:00+05:30,4.4,215.0,25.7,937.8,1.5547416669043677,100
2024-02-02 19:00:00+05:30,2.8,310.0,23.6,937.8,0.0,100
2024-02-02 20:00:00+05:30,4.5,346.0,20.9,937.9,1.8978253734441495,100
2024-02-02 21:00:00+05:30,4.2,340.0,19.1,938.1,0.5953584771466873,100
2024-02-02 22:00:00+05:30,2.9,300.0,18.4,938.5,0.0,100
2024-02-02 23:00:00+05:30,3.9,304.0,17.6,938.6,0.4922810552219646,100
2024-02-03 00:00:00+05:30,4.6,321.0,17.6,938.2,0.8079444928276909,100
2024-02-03 01:00:00+05:30,5.4,323.0,17.6,937.8,1.480164254470159,100
2024-02-03 02:00:00+05:30,6.4,313.0,17.5,937.3,4.528739335878996,100
2024-02-03 03:00:00+05:30,6.4,308.0,17.7,937.3,4.300455732717277,100
2024-02-03 04:00:00+05:30,7.4,309.0,17.0,937.4,11.015332686410334,100
2024-02-03 05:00:00+05:30,6.9,298.0,16.6,937.7,9.574770801329707,100
2024-02-03 06:00:00+05:30,6.3,301.0,16.7,938.6,6.288825467307749,100
2024-02-03 07:00:00+05:30,5.3,298.0,16.5,939.6,1.694360839680104,100
2024-02-03 08:00:00+05:30,5.6,297.0,19.6,941.2,1.6644380258979354,100
2024-02-03 09:00:00+05:30,3.6,307.0,22.6,942.3,0.0,100
2024-02-03 10:00:00+05:30,3.6,53.0,25.3,942.8,0.5103405454374643,100
2024-02-03 11:00:00+05:30,8.3,92.0,27.4,942.1,21.571167717819527,100
2024-02-03 12:00:00+05:30,8.0,95.0,28.7,941.4,18.08915675247568,100
2024-02-03 13:00:00+05:30,6.6,103.0,29.6,940.3,6.279579639587138,100
2024-02-03 14:00:00+05:30,5.1,94.0,30.3,939.3,0.0,100
2024-02-03 15:00:00+05:30,4.7,86.0,30.6,938.8,1.7300323055148557,100
2024-02-03 16:00:00+05:30,5.0,90.0,30.5,938.5,2.113056190764394,100
2024-02-03 17:00:00+05:30,2.7,113.0,29.1,938.4,0.0,100
2024-02-03 18:00:00+05:30,3.4,198.0,29.0,939.0,0.38309929958617955,100
2024-02-03 19:00:00+05:30,5.4,4.0,24.5,938.7,0.7846395644266988,100
2024-02-03 20:00:00+05:30,6.5,360.0,22.5,939.4,4.919153329952209,100
2024-02-03 21:00:00+05:30,4.8,318.0,20.8,939.5,2.1801753173334704,100
2024-02-03 22:00:00+05:30,4.7,274.0,20.8,939.7,0.6460062341685412,100
2024-02-03 23:00:00+05:30,3.7,299.0,19.7,939.4,0.3496561752299363,100
2024-02-04 00:00:00+05:30,7.2,323.0,18.3,939.2,9.170897460033203,100
2024-02-04 01:00:00+05:30,4.7,302.0,18.2,938.7,1.3124448014513632,100
2024-02-04 02:00:00+05:30,3.7,281.0,18.2,938.5,0.0,100
2024-02-04 03:00:00+05:30,4.9,287.0,17.3,938.0,1.659286309233794,100
2024-02-04 04:00:00+05:30,5.2,304.0,16.7,938.0,1.9955755436449505,100
2024-02-04 05:00:00+05:30,6.2,306.0,16.3,938.3,3.9171405415363534,100
2024-02-04 06:00:00+05:30,4.7,293.0,16.4,939.2,0.9497915493931279,100
2024-02-04 07:00:00+05:30,6.1,315.0,16.2,939.9,2.8100458705482527,100
2024-02-04 08:00:00+05:30,5.7,325.0,19.6,941.5,0.6946631796722742,100
2024-02-04 09:00:00+05:30,1.5,315.0,24.1,943.1,0.6147230452837129,100
2024-02-04 10:00:00+05:30,2.9,150.0,26.4,943.5,0.0,100
2024-02-04 11:00:00+05:30,6.4,153.0,28.2,943.0,5.813074397530036,100
2024-02-04 12:00:00+05:30,6.0,163.0,29.5,942.3,3.7524189144520945,100
2024-02-04 13:00:00+05:30,4.3,175.0,30.3,941.4,0.0,100
2024-02-04 14:00:00+05:30,2.5,188.0,30.9,940.6,0.44370136275113337,100
2024-02-04 15:00:00+05:30,1.1,180.0,31.1,939.9,0.0,100
2024-02-04 16:00:00+05:30,1.5,104.0,30.8,939.7,1.0937253203412682,100
2024-02-04 17:00:00+05:30,1.6,117.0,29.8,939.4,0.915138164551235,100
2024-02-04 18:00:00+05:30,4.8,48.0,27.3,939.5,0.8156697345737098,100
2024-02-04 19:00:00+05:30,2.3,309.0,26.9,939.7,0.0,100
2024-02-04 20:00:00+05:30,5.4,278.0,23.4,939.7,2.280022393099717,100
2024-02-04 21:00:00+05:30,10.5,301.0,21.9,940.5,59.29739659151864,100
2024-02-04 22:00:00+05:30,8.7,318.0,21.3,940.6,26.75404438492798,100
2024-02-04 23:00:00+05:30,7.9,321.0,20.5,940.3,14.216107580459864,100
2024-02-05 00:00:00+05:30,5.4,340.0,19.5,939.9,3.7606640662597095,100
2024-02-05 01:00:00+05:30,4.7,302.0,18.9,939.5,0.7997644176006125,100
2024-02-05 02:00:00+05:30,4.2,301.0,18.3,938.9,0.33233808726209485,100
2024-02-05 03:00:00+05:30,4.1,285.0,17.6,938.5,1.2726386336172728,100
2024-02-05 04:00:00+05:30,2.9,270.0,17.5,938.4,0.0,100
2024-02-05 05:00:00+05:30,4.4,305.0,17.7,938.6,0.0,100
2024-02-05 06:00:00+05:30,6.4,308.0,17.7,939.3,4.97083786960699,100
2024-02-05 07:00:00+05:30,6.6,315.0,17.3,939.8,7.3962530716197685,100
2024-02-05 08:00:00+05:30,4.3,312.0,20.8,941.3,0.4475607560669245,100
2024-02-05 09:00:00+05:30,1.6,297.0,25.4,943.0,0.9864917417812946,100
2024-02-05 10:00:00+05:30,3.1,324.0,28.6,944.0,0.0,100
2024-02-05 11:00:00+05:30,0.5,225.0,30.1,943.4,0.0,100
2024-02-05 12:00:00+05:30,4.2,200.0,30.7,942.5,0.0,100
2024-02-05 13:00:00+05:30,4.4,215.0,31.2,941.5,0.0,100
2024-02-05 14:00:00+05:30,4.1,232.0,31.6,940.5,1.9742796826541726,100
2024-02-05 15:00:00+05:30,4.7,266.0,31.9,939.5,1.585656698904283,100
2024-02-05 16:00:00+05:30,5.2,286.0,31.8,939.1,3.2701780247414973,100
2024-02-05 17:00:00+05:30,1.3,124.0,32.0,939.0,0.0,100
2024-02-05 18:00:00+05:30,5.2,102.0,28.0,939.0,0.2759351552364675,100
2024-02-05 19:00:00+05:30,7.2,354.0,25.0,938.8,9.382718396063506,100
2024-02-05 20:00:00+05:30,6.6,311.0,23.7,939.5,6.0353404750830855,100
2024-02-05 21:00:00+05:30,6.5,326.0,22.5,940.1,7.488362655301146,100
2024-02-05 22:00:00+05:30,7.1,311.0,21.5,940.5,8.798011977369253,100
2024-02-05 23:00:00+05:30,0.7,180.0,23.2,941.3,0.0,100
2024-02-06 00:00:00+05:30,0.5,315.0,21.9,940.7,1.1140239924248585,100
2024-02-06 01:00:00+05:30,4.1,308.0,19.9,939.5,0.9324831912951251,100
2024-02-06 02:00:00+05:30,6.7,306.0,19.1,938.6,8.222297405865017,100
2024-02-06 03:00:00+05:30,5.2,304.0,18.2,938.1,2.601926422581829,100
2024-02-06 04:00:00+05:30,2.7,293.0,18.1,938.0,0.0,100
2024-02-06 05:00:00+05:30,3.4,288.0,18.1,938.6,1.0161415772785314,100
2024-02-06 06:00:00+05:30,3.1,291.0,17.5,939.4,0.0,100
2024-02-06 07:00:00+05:30,2.6,304.0,17.8,940.3,0.6208408340075593,100
2024-02-06 08:00:00+05:30,3.0,284.0,20.6,941.7,2.3103136974914515,100
2024-02-06 09:00:00+05:30,1.8,259.0,24.5,943.2,0.0,100
2024-02-06 10:00:00+05:30,1.3,236.0,27.9,943.9,0.29926663667431974,100
2024-02-06 11:00:00+05:30,3.1,159.0,30.0,943.4,0.0,100
2024-02-06 12:00:00+05:30,5.1,176.0,31.0,942.3,3.303965574117151,100
2024-02-06 13:00:00+05:30,2.9,187.0,31.6,941.1,0.3287722639721009,100
2024-02-06 14:00:00+05:30,1.9,68.0,32.0,940.1,0.0,100
2024-02-06 15:00:00+05:30,4.7,58.0,32.0,939.2,0.8549746203291301,100
2024-02-06 16:00:00+05:30,4.4,81.0,31.7,938.8,0.06905433405212302,100
2024-02-06 17:00:00+05:30,4.0,95.0,30.4,938.7,0.6204134752406,100
2024-02-06 18:00:00+05:30,6.6,22.0,27.2,938.4,5.277153432654692,100
2024-02-06 19:00:00+05:30,5.6,297.0,25.3,938.4,2.134305173914687,100
2024-02-06 20:00:00+05:30,6.9,298.0,24.0,939.1,8.710243755161644,100
2024-02-06 21:00:00+05:30,6.1,320.0,22.2,939.8,4.351676525292968,100
2024-02-06 22:00:00+05:30,6.1,360.0,20.9,940.1,2.3255445273515436,100
2024-02-06 23:00:00+05:30,4.8,318.0,20.3,940.2,0.0,100
2024-02-07 00:00:00+05:30,6.3,301.0,20.0,939.6,4.292408140965923,100
2024-02-07 01:00:00+05:30,6.7,306.0,19.7,939.1,8.454910183057429,100
2024-02-07 02:00:00+05:30,5.5,302.0,18.5,938.2,3.4104107155839087,100
2024-02-07 03:00:00+05:30,4.3,312.0,18.2,938.3,1.9299778410430564,100
2024-02-07 04:00:00+05:30,6.0,295.0,18.0,938.5,3.3024113515661573,100
2024-02-07 05:00:00+05:30,6.0,303.0,17.8,938.6,2.121484967337328,100
2024-02-07 06:00:00+05:30,5.4,307.0,18.1,939.5,2.9336815960168865,100
2024-02-07 07:00:00+05:30,5.6,297.0,18.2,940.5,2.8733135890451553,100
2024-02-07 08:00:00+05:30,6.3,301.0,21.4,942.3,2.761511784971985,100
2024-02-07 09:00:00+05:30,5.6,320.0,25.2,943.6,1.0883439352440705,100
2024-02-07 10:00:00+05:30,4.0,350.0,27.8,944.2,0.0,100
2024-02-07 11:00:00+05:30,2.8,40.0,29.9,943.7,0.15997454245734732,100
2024-02-07 12:00:00+05:30,1.6,117.0,31.3,942.7,0.0,100
2024-02-07 13:00:00+05:30,3.1,225.0,31.9,941.5,0.06012482443165352,100
2024-02-07 14:00:00+05:30,3.6,233.0,32.1,940.4,0.39252537938286997,100
2024-02-07 15:00:00+05:30,2.1,211.0,32.2,939.5,0.0,100
2024-02-07 16:00:00+05:30,1.5,284.0,32.4,939.0,1.404151498260649,100
2024-02-07 17:00:00+05:30,2.2,261.0,31.9,939.1,0.0,100
2024-02-07 18:00:00+05:30,7.0,282.0,27.7,938.4,9.771420481702672,100
2024-02-07 19:00:00+05:30,8.5,298.0,25.4,938.5,22.79259129493655,100
2024-02-07 20:00:00+05:30,7.2,323.0,23.2,939.3,8.15756086360927,100
2024-02-07 21:00:00+05:30,6.6,347.0,21.9,939.8,6.361946437198541,100
2024-02-07 22:00:00+05:30,7.1,336.0,21.6,940.2,9.700256934232234,100
2024-02-07 23:00:00+05:30,7.4,317.0,21.3,939.9,12.13908688314715,100
2024-02-08 00:00:00+05:30,6.4,297.0,19.9,939.6,5.292799839929536,100
2024-02-08 01:00:00+05:30,4.2,290.0,20.5,939.3,0.38028534723378093,100
2024-02-08 02:00:00+05:30,7.2,307.0,19.9,938.9,10.287925608912454,100
2024-02-08 03:00:00+05:30,6.6,311.0,19.6,938.8,6.2154365633362065,100
2024-02-08 04:00:00+05:30,6.1,320.0,19.5,938.7,3.9695953749778248,100
2024-02-08 05:00:00+05:30,6.9,321.0,19.4,938.8,7.0161790421299495,100
2024-02-08 06:00:00+05:30,6.9,317.0,18.5,939.5,7.775733039308273,100
2024-02-08 07:00:00+05:30,4.7,328.0,18.7,940.7,0.0,100
2024-02-08 08:00:00+05:30,5.4,323.0,20.7,942.0,2.593259605954035,100
2024-02-08 09:00:00+05:30,5.4,356.0,23.3,943.0,1.1640852270723232,100
2024-02-08 10:00:00+05:30,4.6,18.0,25.6,943.5,2.4593917352434342,100
2024-02-08 11:00:00+05:30,4.7,32.0,27.6,943.1,1.3383231727164935,100
2024-02-08 12:00:00+05:30,3.7,61.0,29.4,942.1,0.0,100
2024-02-08 13:00:00+05:30,0.8,117.0,30.9,940.8,0.0,100
2024-02-08 14:00:00+05:30,3.3,276.0,31.6,939.6,0.0,100
2024-02-08 15:00:00+05:30,3.6,315.0,31.8,938.6,1.64434403026292,100
2024-02-08 16:00:00+05:30,2.7,337.0,32.0,938.2,0.9069284332151247,100
2024-02-08 17:00:00+05:30,2.3,231.0,31.0,937.8,0.0,100
2024-02-08 18:00:00+05:30,6.6,331.0,25.4,938.0,4.742110446688629,100
2024-02-08 19:00:00+05:30,7.9,330.0,22.3,937.8,14.755234032091213,100
2024-02-08 20:00:00+05:30,5.9,313.0,21.6,938.4,0.9852765531119507,100
2024-02-08 21:00:00+05:30,4.9,324.0,20.9,938.9,1.2023387476899339,100
2024-02-08 22:00:00+05:30,3.4,328.0,21.0,939.0,0.0,100
2024-02-08 23:00:00+05:30,6.1,320.0,17.6,938.2,4.125832833419655,100
2024-02-09 00:00:00+05:30,5.5,302.0,16.9,937.5,2.4146290003266473,100
2024-02-09 01:00:00+05:30,5.1,315.0,16.7,936.9,1.1989788211900694,100
2024-02-09 02:00:00+05:30,6.4,308.0,16.1,936.3,3.840814294996134,100
2024-02-09 03:00:00+05:30,6.5,326.0,15.6,936.0,5.077283751310164,100
2024-02-09 04:00:00+05:30,6.2,324.0,15.2,936.0,4.421835233528682,100
2024-02-09 05:00:00+05:30,5.9,313.0,15.0,936.3,2.498286125385254,100
2024-02-09 06:00:00+05:30,4.9,306.0,14.8,937.5,1.2898873191922455,100
2024-02-09 07:00:00+05:30,3.1,339.0,15.4,938.5,0.0,100
2024-02-09 08:00:00+05:30,2.6,326.0,18.3,939.9,0.9585962795712283,100
2024-02-09 09:00:00+05:30,1.0,135.0,22.6,941.5,0.8147932083701187,100
2024-02-09 10:00:00+05:30,4.1,142.0,25.8,942.3,0.0,100
2024-02-09 11:00:00+05:30,5.9,142.0,28.5,941.9,3.074329512948353,100
2024-02-09 12:00:00+05:30,4.9,144.0,30.8,941.1,1.078453343647331,100
2024-02-09 13:00:00+05:30,1.3,214.0,32.7,939.7,2.0322099833914637,100
2024-02-09 14:00:00+05:30,10.0,285.0,33.3,938.6,47.65988528477534,100
2024-02-09 15:00:00+05:30,15.1,282.0,32.3,938.0,97.00733034508296,100
2024-02-09 16:00:00+05:30,11.4,281.0,31.5,937.8,81.91935081213963,100
2024-02-09 17:00:00+05:30,6.3,283.0,29.3,937.7,4.876841484559239,100
2024-02-09 18:00:00+05:30,7.6,265.0,25.7,937.7,13.7464154789024,100
2024-02-09 19:00:00+05:30,6.6,279.0,23.4,938.0,6.919355823313871,100
2024-02-09 20:00:00+05:30,5.6,297.0,20.5,938.2,3.121089848503857,100
2024-02-09 21:00:00+05:30,5.1,309.0,18.8,938.5,1.020088516862913,100
2024-02-09 22:00:00+05:30,5.4,318.0,18.1,938.8,2.089496431095719,100
2024-02-09 23:00:00+05:30,7.4,317.0,17.6,938.6,11.337219278484218,100
2024-02-10 00:00:00+05:30,6.4,313.0,16.9,938.4,5.540053863290595,100
2024-02-10 01:00:00+05:30,5.6,320.0,16.0,937.7,3.608842603427047,100
2024-02-10 02:00:00+05:30,6.1,320.0,15.2,937.2,6.008336296438944,100
2024-02-10 03:00:00+05:30,6.4,333.0,14.7,936.7,6.555349857015461,100
2024-02-10 04:00:00+05:30,4.8,312.0,15.6,937.0,1.1441421654314436,100
2024-02-10 05:00:00+05:30,6.6,299.0,15.2,937.1,7.173727027034007,100
2024-02-10 06:00:00+05:30,6.3,294.0,14.9,937.6,4.503804796559299,100
2024-02-10 07:00:00+05:30,4.6,288.0,14.6,938.5,0.0,100
2024-02-10 08:00:00+05:30,4.3,294.0,17.6,940.1,2.0056018679668277,100
2024-02-10 09:00:00+05:30,2.6,254.0,22.5,942.0,0.0,100
2024-02-10 10:00:00+05:30,3.1,201.0,26.3,943.0,0.0,100
2024-02-10 11:00:00+05:30,4.0,185.0,28.8,942.8,0.6624132591248184,100
2024-02-10 12:00:00+05:30,3.8,197.0,30.5,941.7,0.0,100
2024-02-10 13:00:00+05:30,3.6,225.0,31.4,940.7,0.0,100
2024-02-10 14:00:00+05:30,3.6,90.0,32.0,939.7,0.36740430286424275,100
2024-02-10 15:00:00+05:30,8.5,78.0,32.3,938.7,20.49839991439209,100
2024-02-10 16:00:00+05:30,4.9,54.0,32.1,938.5,1.1992724471171585,100
2024-02-10 17:00:00+05:30,3.4,328.0,30.4,938.5,0.0,100
2024-02-10 18:00:00+05:30,4.0,80.0,29.8,939.2,0.0,100
2024-02-10 19:00:00+05:30,11.2,272.0,24.3,938.6,73.3103250096633,100
2024-02-10 20:00:00+05:30,12.1,280.0,23.0,939.5,97.61110194737617,100
2024-02-10 21:00:00+05:30,6.4,317.0,20.9,939.8,5.773645917800937,100
2024-02-10 22:00:00+05:30,6.6,338.0,19.4,939.8,5.828592373947947,100
2024-02-10 23:00:00+05:30,7.1,319.0,18.1,939.4,9.416778854312186,100
2024-02-11 00:00:00+05:30,7.2,323.0,17.3,938.7,10.680408537432486,100
2024-02-11 01:00:00+05:30,6.7,324.0,16.7,938.1,7.496967573476283,100
2024-02-11 02:00:00+05:30,5.7,325.0,15.7,937.3,2.490933895157688,100
2024-02-11 03:00:00+05:30,3.8,319.0,16.2,937.4,3.1084886753658445,100
2024-02-11 04:00:00+05:30,5.8,330.0,16.0,936.8,2.7261092561178497,100
2024-02-11 05:00:00+05:30,6.4,27.0,15.7,937.1,4.9152810768149,100
2024-02-11 06:00:00+05:30,2.9,210.0,15.5,938.4,2.61647212016863,100
2024-02-11 07:00:00+05:30,3.9,292.0,16.2,939.4,0.0,100
2024-02-11 08:00:00+05:30,3.9,304.0,18.8,941.0,1.3140933308919287,100
2024-02-11 09:00:00+05:30,2.1,301.0,22.7,942.6,1.6281685300684867,100
2024-02-11 10:00:00+05:30,1.8,270.0,25.9,943.5,0.0,100
2024-02-11 11:00:00+05:30,1.6,207.0,28.4,943.1,0.0,100
2024-02-11 12:00:00+05:30,3.9,202.0,30.1,942.5,1.1905118038897229,100
2024-02-11 13:00:00+05:30,2.2,189.0,31.1,941.3,0.0,100
2024-02-11 14:00:00+05:30,5.1,86.0,31.7,940.1,0.2639819658302208,100
2024-02-11 15:00:00+05:30,6.6,61.0,32.1,938.9,8.108286474859177,100
2024-02-11 16:00:00+05:30,3.5,336.0,31.9,938.7,0.0,100
2024-02-11 17:00:00+05:30,6.4,286.0,29.7,938.7,4.5811598280006,100
2024-02-11 18:00:00+05:30,10.2,278.0,26.4,939.0,51.61028335845078,100
2024-02-11 19:00:00+05:30,11.2,276.0,24.4,939.1,77.02023641021957,100
2024-02-11 20:00:00+05:30,12.1,287.0,23.2,939.8,100.0,100
2024-02-11 21:00:00+05:30,9.1,288.0,22.1,940.0,30.33512964985285,100
2024-02-11 22:00:00+05:30,5.7,342.0,20.3,939.9,3.6744742915073076,100
2024-02-11 23:00:00+05:30,5.6,15.0,19.0,939.8,2.437484777919154,100
2024-02-12 00:00:00+05:30,4.6,321.0,18.8,939.4,0.09706295487845851,100
2024-02-12 01:00:00+05:30,5.9,284.0,18.2,938.5,2.729444831754403,100
2024-02-12 02:00:00+05:30,3.7,299.0,17.0,937.7,0.0,100
2024-02-12 03:00:00+05:30,4.3,318.0,16.6,937.2,2.670075510497966,100
2024-02-12 04:00:00+05:30,6.2,306.0,16.4,936.9,5.368981275807263,100
2024-02-12 05:00:00+05:30,5.3,298.0,16.0,937.1,1.556404560176406,100
2024-02-12 06:00:00+05:30,4.7,302.0,15.5,937.7,0.9801870592448484,100
2024-02-12 07:00:00+05:30,0.5,225.0,17.1,939.4,0.3581686596338772,100
2024-02-12 08:00:00+05:30,1.8,259.0,19.0,940.8,0.0,100
2024-02-12 09:00:00+05:30,2.6,254.0,23.1,942.3,0.6078012774576376,100
2024-02-12 10:00:00+05:30,4.0,170.0,26.0,943.0,0.1977822140938773,100
2024-02-12 11:00:00+05:30,5.0,159.0,28.2,942.5,0.5012091449877625,100
2024-02-12 12:00:00+05:30,6.8,162.0,29.5,941.7,7.618263787550623,100
2024-02-12 13:00:00+05:30,5.9,169.0,30.3,940.6,3.9117252503951856,100
2024-02-12 14:00:00+05:30,4.8,153.0,31.0,939.1,1.4643666838733664,100
2024-02-12 15:00:00+05:30,6.4,142.0,31.1,938.3,7.360438147666123,100
2024-02-12 16:00:00+05:30,7.3,123.0,31.0,937.8,10.737679505596033,100
2024-02-12 17:00:00+05:30,4.7,90.0,29.7,937.6,0.0,100
2024-02-12 18:00:00+05:30,2.9,277.0,29.3,938.6,0.06896622399470713,100
2024-02-12 19:00:00+05:30,7.7,281.0,24.1,938.1,15.106288258746506,100
2024-02-12 20:00:00+05:30,8.7,287.0,22.2,938.6,26.51906081237525,100
2024-02-12 21:00:00+05:30,8.2,293.0,21.0,939.1,18.405047632165523,100
2024-02-12 22:00:00+05:30,10.1,305.0,20.0,939.1,49.8267275883878,100
2024-02-12 23:00:00+05:30,10.0,308.0,20.1,938.8,46.62777048309497,100
2024-02-13 00:00:00+05:30,6.7,344.0,18.5,937.9,7.561059095000614,100
2024-02-13 01:00:00+05:30,5.1,4.0,17.8,937.7,0.8834896618283568,100
2024-02-13 02:00:00+05:30,3.8,319.0,17.2,937.0,0.0,100
2024-02-13 03:00:00+05:30,4.1,322.0,16.8,936.8,0.0,100
2024-02-13 04:00:00+05:30,5.5,328.0,16.4,936.6,2.597768287079265,100
2024-02-13 05:00:00+05:30,3.3,13.0,18.0,937.4,0.23653537485764087,100
2024-02-13 06:00:00+05:30,1.8,360.0,17.6,938.5,0.0,100
2024-02-13 07:00:00+05:30,1.5,256.0,16.9,939.0,0.0,100
2024-02-13 08:00:00+05:30,0.7,360.0,19.0,940.3,0.0,100
2024-02-13 09:00:00+05:30,1.0,135.0,22.4,941.9,0.0,100
2024-02-13 10:00:00+05:30,4.0,153.0,25.5,942.7,0.33349928688917363,100
2024-02-13 11:00:00+05:30,5.2,155.0,27.7,942.3,1.9565713380571181,100
2024-02-13 12:00:00+05:30,7.0,159.0,29.4,941.4,8.139461689003875,100
2024-02-13 13:00:00+05:30,5.2,146.0,30.3,940.3,2.6302858701091187,100
2024-02-13 14:00:00+05:30,6.6,119.0,31.1,939.1,6.110300224482377,100
2024-02-13 15:00:00+05:30,8.3,108.0,31.5,938.2,19.893040975934895,100
2024-02-13 16:00:00+05:30,5.4,90.0,31.4,937.9,1.9070047021276042,100
2024-02-13 17:00:00+05:30,2.2,9.0,30.4,938.1,0.0,100
2024-02-13 18:00:00+05:30,6.9,47.0,25.6,938.1,9.05820821514259,100
2024-02-13 19:00:00+05:30,4.3,270.0,23.7,937.9,1.674696482103191,100
2024-02-13 20:00:00+05:30,9.0,275.0,22.0,938.3,30.164928363736266,100
2024-02-13 21:00:00+05:30,8.9,313.0,20.9,938.7,29.297045355678097,100
2024-02-13 22:00:00+05:30,7.9,321.0,20.1,938.6,16.85754226592292,100
2024-02-13 23:00:00+05:30,7.2,323.0,19.1,938.5,8.797558141752445,100
2024-02-14 00:00:00+05:30,5.9,313.0,18.1,938.0,4.5394165111788585,100
2024-02-14 01:00:00+05:30,6.3,329.0,17.7,937.8,5.544871987944777,100
2024-02-14 02:00:00+05:30,5.1,315.0,17.4,937.2,1.981483490617249,100
2024-02-14 03:00:00+05:30,5.0,291.0,17.4,937.1,1.1544155509310914,100
2024-02-14 04:00:00+05:30,3.7,281.0,16.8,937.2,0.0,100
2024-02-14 05:00:00+05:30,2.3,288.0,16.4,937.5,0.0,100
2024-02-14 06:00:00+05:30,5.8,292.0,15.6,937.9,1.735066515317429,100
2024-02-14 07:00:00+05:30,6.6,299.0,15.9,938.8,5.343609613123032,100
2024-02-14 08:00:00+05:30,6.2,306.0,19.5,940.2,2.47866666609346,100
2024-02-14 09:00:00+05:30,3.1,306.0,23.7,941.8,0.8694271155560173,100
2024-02-14 10:00:00+05:30,2.9,360.0,26.4,942.1,1.4313511436113737,100
2024-02-14 11:00:00+05:30,5.1,45.0,28.7,941.7,0.6893680499672237,100
2024-02-14 12:00:00+05:30,4.5,76.0,30.2,940.4,0.1715308654071408,100
2024-02-14 13:00:00+05:30,1.5,166.0,31.2,939.4,0.3843130793419531,100
2024-02-14 14:00:00+05:30,5.4,228.0,31.3,938.5,2.933163206862222,100
2024-02-14 15:00:00+05:30,6.4,227.0,31.0,937.9,5.389919598820358,100
2024-02-14 16:00:00+05:30,3.6,217.0,30.6,937.7,0.50577840414271,100
2024-02-14 17:00:00+05:30,4.0,175.0,29.4,937.4,1.1718516698529091,100
2024-02-14 18:00:00+05:30,6.8,148.0,26.8,937.4,7.0606982001325935,100
2024-02-14 19:00:00+05:30,2.4,297.0,25.1,937.1,0.0024590947281402428,100
2024-02-14 20:00:00+05:30,6.9,309.0,22.3,937.3,7.12638881299106,100
2024-02-14 21:00:00+05:30,7.8,292.0,20.2,937.6,15.920644288281634,100
2024-02-14 22:00:00+05:30,4.3,355.0,20.3,938.1,0.0,100
2024-02-14 23:00:00+05:30,7.0,325.0,19.3,937.8,8.125826725537085,100
2024-02-15 00:00:00+05:30,6.3,294.0,18.4,937.3,4.559225598690212,100
2024-02-15 01:00:00+05:30,3.5,294.0,17.6,937.1,0.0,100
2024-02-15 02:00:00+05:30,6.2,306.0,17.3,936.4,4.743187913312552,100
2024-02-15 03:00:00+05:30,5.0,300.0,16.9,936.3,0.06644774259875885,100
2024-02-15 04:00:00+05:30,3.5,294.0,17.0,936.3,0.0,100
2024-02-15 05:00:00+05:30,4.0,297.0,17.2,936.8,0.03867784409489529,100
2024-02-15 06:00:00+05:30,2.7,293.0,16.7,937.2,0.0,100
2024-02-15 07:00:00+05:30,6.1,315.0,18.1,938.4,5.329329730849796,100
2024-02-15 08:00:00+05:30,2.9,277.0,21.0,940.0,0.8177423643182002,100
2024-02-15 09:00:00+05:30,1.3,326.0,24.1,941.2,0.0,100
2024-02-15 10:00:00+05:30,1.3,124.0,26.5,941.6,0.0,100
2024-02-15 11:00:00+05:30,4.9,163.0,28.3,941.2,0.5276551631578434,100
2024-02-15 12:00:00+05:30,6.6,167.0,30.0,940.3,5.764813945941911,100
2024-02-15 13:00:00+05:30,5.9,166.0,31.3,939.5,4.1497828163525545,100
2024-02-15 14:00:00+05:30,3.7,151.0,31.9,938.3,0.0,100
2024-02-15 15:00:00+05:30,5.2,115.0,31.6,937.4,1.9690684978093176,100
2024-02-15 16:00:00+05:30,7.5,107.0,30.7,937.0,11.684142086271915,100
2024-02-15 17:00:00+05:30,6.5,90.0,29.2,936.7,4.596843279700304,100
2024-02-15 18:00:00+05:30,4.9,324.0,26.6,936.8,0.36450181338578025,100
2024-02-15 19:00:00+05:30,9.9,289.0,24.8,936.7,46.47357172525634,100
2024-02-15 20:00:00+05:30,8.2,299.0,23.2,937.8,19.610655002530955,100
2024-02-15 21:00:00+05:30,7.6,329.0,22.0,938.4,12.398394761894432,100
2024-02-15 22:00:00+05:30,8.2,293.0,21.1,938.3,17.953365948286873,100
2024-02-15 23:00:00+05:30,5.9,346.0,19.7,938.1,4.129880499878121,100
2024-02-16 00:00:00+05:30,5.4,318.0,19.6,937.9,2.4657082966351305,100
2024-02-16 01:00:00+05:30,5.4,307.0,18.6,937.2,1.1399334404822499,100
2024-02-16 02:00:00+05:30,4.3,312.0,18.2,936.7,0.0,100
2024-02-16 03:00:00+05:30,4.1,315.0,18.0,936.3,0.0,100
2024-02-16 04:00:00+05:30,3.9,304.0,17.1,936.3,1.152887186512185,100
2024-02-16 05:00:00+05:30,2.2,270.0,17.0,936.8,0.0,100
2024-02-16 06:00:00+05:30,1.8,307.0,17.2,937.8,0.25385224112678106,100
2024-02-16 07:00:00+05:30,1.9,292.0,18.1,939.0,0.0,100
2024-02-16 08:00:00+05:30,2.3,252.0,20.7,940.4,0.26658587006365814,100
2024-02-16 09:00:00+05:30,3.6,135.0,24.2,941.8,0.0,100
2024-02-16 10:00:00+05:30,9.4,157.0,27.2,942.4,35.82216394294608,100
2024-02-16 11:00:00+05:30,11.6,164.0,29.4,941.9,88.52911263710048,100
2024-02-16 12:00:00+05:30,10.0,159.0,30.9,941.1,48.69236513518805,100
2024-02-16 13:00:00+05:30,7.9,156.0,31.9,940.0,18.430511611161535,100
2024-02-16 14:00:00+05:30,5.5,148.0,32.4,939.2,3.0204492355644965,100
2024-02-16 15:00:00+05:30,1.6,153.0,32.5,938.6,0.0,100
2024-02-16 16:00:00+05:30,2.5,8.0,32.5,938.2,0.4552516182557052,100
2024-02-16 17:00:00+05:30,5.7,342.0,30.9,937.9,1.1358847026048218,100
2024-02-16 18:00:00+05:30,6.5,354.0,26.7,937.8,7.020960725431642,100
2024-02-16 19:00:00+05:30,2.9,353.0,28.6,938.7,0.48396977592265095,100
2024-02-16 20:00:00+05:30,7.0,69.0,24.8,938.8,8.831647621876055,100
2024-02-16 21:00:00+05:30,7.1,345.0,21.9,939.0,11.002712471044145,100
2024-02-16 22:00:00+05:30,5.2,286.0,22.0,939.3,3.2921329834855237,100
2024-02-16 23:00:00+05:30,7.0,282.0,20.4,938.8,8.695837403599329,100
2024-02-17 00:00:00+05:30,5.4,307.0,18.9,938.1,2.4243312507842756,100
2024-02-17 01:00:00+05:30,4.4,325.0,17.9,937.1,0.6831870812760374,100
2024-02-17 02:00:00+05:30,4.3,336.0,17.4,936.4,0.0,100
2024-02-17 03:00:00+05:30,4.3,336.0,17.3,935.9,0.0,100
2024-02-17 04:00:00+05:30,2.8,310.0,18.1,936.3,0.0,100
2024-02-17 05:00:00+05:30,6.3,13.0,16.2,936.1,3.4913144447533413,100
2024-02-17 06:00:00+05:30,4.0,5.0,16.6,937.4,0.6546279780496849,100
2024-02-17 07:00:00+05:30,2.9,7.0,16.6,938.2,0.0008084629215226756,100
2024-02-17 08:00:00+05:30,2.3,129.0,19.8,939.7,0.20353836406795148,100
2024-02-17 09:00:00+05:30,5.0,150.0,24.1,941.2,0.287794299983006,100
2024-02-17 10:00:00+05:30,9.3,167.0,26.6,941.4,35.00200876225774,100
2024-02-17 11:00:00+05:30,10.8,165.0,29.1,940.8,68.83185502143779,100
2024-02-17 12:00:00+05:30,9.4,157.0,30.9,940.0,34.72141045027658,100
2024-02-17 13:00:00+05:30,3.4,148.0,31.7,938.8,0.7363777472784706,100
2024-02-17 14:00:00+05:30,2.7,203.0,32.0,938.0,0.2646847026025655,100
2024-02-17 15:00:00+05:30,5.6,243.0,31.8,937.4,3.669559137212699,100
2024-02-17 16:00:00+05:30,5.2,245.0,31.5,936.9,1.051353907724996,100
2024-02-17 17:00:00+05:30,2.3,198.0,31.4,937.0,1.2448623595989041,100
2024-02-17 18:00:00+05:30,6.6,167.0,26.1,935.6,6.713093055078651,100
2024-02-17 19:00:00+05:30,8.2,293.0,25.8,936.1,19.289816050498178,100
2024-02-17 20:00:00+05:30,11.1,295.0,23.8,936.9,72.94237181332836,100
2024-02-17 21:00:00+05:30,5.2,335.0,23.6,937.9,0.9502897756384987,100
2024-02-17 22:00:00+05:30,3.5,294.0,20.7,937.8,0.0,100
2024-02-17 23:00:00+05:30,5.9,317.0,19.6,937.0,3.6793176403965315,100
2024-02-18 00:00:00+05:30,6.0,335.0,18.6,936.3,3.1689520017271904,100
2024-02-18 01:00:00+05:30,5.6,315.0,17.3,935.4,2.7029764739872504,100
2024-02-18 02:00:00+05:30,4.9,306.0,16.9,934.7,2.420377634697441,100
2024-02-18 03:00:00+05:30,5.9,308.0,16.4,934.3,2.886995971546068,100
2024-02-18 04:00:00+05:30,5.1,315.0,16.3,934.1,0.2087559082682875,100
2024-02-18 05:00:00+05:30,5.1,321.0,15.7,934.3,2.414240242304426,100
2024-02-18 06:00:00+05:30,5.4,318.0,16.7,935.6,2.244046100153931,100
2024-02-18 07:00:00+05:30,2.6,326.0,16.9,936.5,0.0,100
2024-02-18 08:00:00+05:30,1.3,326.0,20.2,937.9,0.01634816952052892,100
2024-02-18 09:00:00+05:30,0.7,180.0,24.9,939.3,0.36797212151297143,100
2024-02-18 10:00:00+05:30,0.8,63.0,28.8,939.9,2.0711800838392893,100
2024-02-18 11:00:00+05:30,3.6,135.0,31.0,939.4,0.0,100
2024-02-18 12:00:00+05:30,6.6,158.0,31.7,938.6,8.102667040004832,100
2024-02-18 13:00:00+05:30,6.0,155.0,31.9,937.4,3.7287645833408445,100
2024-02-18 14:00:00+05:30,5.4,127.0,31.8,936.7,0.8169833279558549,100
2024-02-18 15:00:00+05:30,9.0,88.0,31.8,935.9,30.774619831308897,100
2024-02-18 16:00:00+05:30,8.2,67.0,31.7,935.4,19.44083099066935,100
2024-02-18 17:00:00+05:30,2.6,74.0,30.8,935.2,0.0,100
2024-02-18 18:00:00+05:30,8.8,78.0,25.8,935.3,26.345241184439573,100
2024-02-18 19:00:00+05:30,4.3,265.0,24.8,935.4,3.0470197425781738,100
2024-02-18 20:00:00+05:30,9.7,292.0,22.7,936.2,39.65702069435242,100
2024-02-18 21:00:00+05:30,6.3,301.0,21.6,936.6,4.009643753685641,100
2024-02-18 22:00:00+05:30,6.6,319.0,20.3,936.5,7.442208090394457,100
2024-02-18 23:00:00+05:30,4.6,342.0,19.3,936.5,0.6249026854465362,100
2024-02-19 00:00:00+05:30,7.3,303.0,18.7,936.2,10.079160669545171,100
2024-02-19 01:00:00+05:30,5.6,297.0,17.6,935.4,0.9695791109633445,100
2024-02-19 02:00:00+05:30,5.8,338.0,16.8,934.8,4.01503450849091,100
2024-02-19 03:00:00+05:30,3.5,336.0,17.5,934.7,0.0,100
2024-02-19 04:00:00+05:30,5.4,340.0,16.3,934.2,2.042796156977471,100
2024-02-19 05:00:00+05:30,5.4,312.0,16.2,934.3,2.9877143480355706,100
2024-02-19 06:00:00+05:30,5.4,340.0,16.3,935.1,0.2915685949337812,100
2024-02-19 07:00:00+05:30,2.5,352.0,16.9,936.2,1.1538687076135385,100
2024-02-19 08:00:00+05:30,4.2,20.0,20.8,937.9,0.0,100
2024-02-19 09:00:00+05:30,1.5,256.0,26.0,939.7,0.0,100
2024-02-19 10:00:00+05:30,3.1,45.0,29.2,940.5,0.0,100
2024-02-19 11:00:00+05:30,4.0,27.0,30.8,940.0,0.0,100
2024-02-19 12:00:00+05:30,1.9,68.0,31.7,938.8,0.4209442476301267,100
2024-02-19 13:00:00+05:30,2.6,124.0,32.2,937.9,0.2801417316998845,100
2024-02-19 14:00:00+05:30,3.3,84.0,32.4,936.8,0.5607632866521272,100
2024-02-19 15:00:00+05:30,5.6,50.0,32.5,936.2,3.421873653293335,100
2024-02-19 16:00:00+05:30,5.4,42.0,32.2,935.8,1.811428467423643,100
2024-02-19 17:00:00+05:30,1.1,342.0,32.0,936.0,0.0,100
2024-02-19 18:00:00+05:30,8.6,270.0,28.0,935.8,23.40467892214546,100
2024-02-19 19:00:00+05:30,13.1,278.0,26.2,936.4,97.48055913151362,100
2024-02-19 20:00:00+05:30,11.5,284.0,25.0,937.2,83.88451595498628,100
2024-02-19 21:00:00+05:30,6.9,351.0,22.4,937.7,7.359917236033336,100
2024-02-19 22:00:00+05:30,4.4,325.0,23.9,938.7,0.0,100
2024-02-19 23:00:00+05:30,6.4,317.0,20.7,937.7,4.971212379400982,100
2024-02-20 00:00:00+05:30,6.1,310.0,19.3,936.8,3.6747783333260524,100
2024-02-20 01:00:00+05:30,5.8,270.0,18.3,936.1,1.5403308587488542,100
2024-02-20 02:00:00+05:30,4.6,315.0,18.0,935.5,0.0,100
2024-02-20 03:00:00+05:30,4.9,324.0,17.0,934.9,0.26482200816598167,100
2024-02-20 04:00:00+05:30,5.6,320.0,16.4,934.8,2.5703595217946646,100
2024-02-20 05:00:00+05:30,5.0,339.0,16.7,935.4,1.4193101012469467,100
2024-02-20 06:00:00+05:30,2.1,59.0,18.0,936.1,0.0,100
2024-02-20 07:00:00+05:30,4.2,31.0,18.3,937.2,0.5576599525411781,100
2024-02-20 08:00:00+05:30,2.3,141.0,21.1,938.9,0.0,100
2024-02-20 09:00:00+05:30,1.8,281.0,25.1,940.2,0.8756419726001784,100
2024-02-20 10:00:00+05:30,5.0,339.0,28.1,941.0,0.544118401872182,100
2024-02-20 11:00:00+05:30,4.7,337.0,29.9,940.5,2.122120969081114,100
2024-02-20 12:00:00+05:30,2.5,315.0,30.9,939.1,0.0,100
2024-02-20 13:00:00+05:30,1.3,304.0,31.7,938.1,0.0,100
2024-02-20 14:00:00+05:30,4.0,355.0,32.6,937.1,0.0,100
2024-02-20 15:00:00+05:30,10.4,304.0,32.8,936.3,56.06873847377713,100
2024-02-20 16:00:00+05:30,16.5,281.0,31.6,936.1,98.92844086768126,100
2024-02-20 17:00:00+05:30,12.5,282.0,30.3,936.1,99.76352267853125,100
2024-02-20 18:00:00+05:30,9.1,277.0,26.8,936.2,31.034718373657043,100
2024-02-20 19:00:00+05:30,10.7,284.0,24.8,936.6,60.32961165465437,100
2024-02-20 20:00:00+05:30,10.8,300.0,23.7,937.2,65.95518817834133,100
2024-02-20 21:00:00+05:30,6.9,309.0,21.8,937.5,10.344152956085761,100
2024-02-20 22:00:00+05:30,5.9,322.0,21.4,937.9,1.9585975780135125,100
2024-02-20 23:00:00+05:30,4.4,325.0,19.0,937.2,1.8981035991357684,100
2024-02-21 00:00:00+05:30,4.6,315.0,17.9,936.1,2.220797085685568,100
2024-02-21 01:00:00+05:30,5.0,330.0,17.1,935.6,0.0,100
2024-02-21 02:00:00+05:30,5.0,339.0,16.4,934.8,0.4557521175323126,100
2024-02-21 03:00:00+05:30,5.8,353.0,15.9,934.4,3.923764351254376,100
2024-02-21 04:00:00+05:30,4.4,9.0,16.3,934.5,0.033657715475252536,100
2024-02-21 05:00:00+05:30,3.2,360.0,17.0,935.2,0.0,100
2024-02-21 06:00:00+05:30,2.5,315.0,18.2,935.9,0.0,100
2024-02-21 07:00:00+05:30,1.1,342.0,17.9,936.6,0.9560233244008709,100
2024-02-21 08:00:00+05:30,3.2,360.0,20.6,937.8,1.6704898303829387,100
2024-02-21 09:00:00+05:30,3.3,347.0,25.2,939.1,0.0,100
2024-02-21 10:00:00+05:30,9.4,288.0,28.2,939.8,37.354056983019696,100
2024-02-21 11:00:00+05:30,13.5,279.0,29.9,939.1,100.0,100
2024-02-21 12:00:00+05:30,14.2,277.0,30.6,937.9,97.30153624109896,100
2024-02-21 13:00:00+05:30,13.7,275.0,31.1,937.0,99.88813461435907,100
2024-02-21 14:00:00+05:30,14.0,271.0,31.3,936.2,100.0,100
2024-02-21 15:00:00+05:30,14.4,273.0,31.0,935.6,100.0,100
2024-02-21 16:00:00+05:30,14.2,277.0,30.2,935.4,100.0,100
2024-02-21 17:00:00+05:30,12.5,282.0,28.9,935.7,100.0,100
2024-02-21 18:00:00+05:30,14.2,261.0,26.6,935.8,100.0,100
2024-02-21 19:00:00+05:30,15.5,273.0,24.3,936.2,98.02715181988309,100
2024-02-21 20:00:00+05:30,11.9,284.0,22.6,936.9,96.36899222527761,100
2024-02-21 21:00:00+05:30,9.6,304.0,21.3,937.4,39.61646447492337,100
2024-02-21 22:00:00+05:30,7.6,329.0,20.1,937.1,12.46411927798388,100
2024-02-21 23:00:00+05:30,7.1,336.0,18.8,936.8,10.100106973132439,100
2024-02-22 00:00:00+05:30,4.1,345.0,17.3,936.0,0.02700933209195827,100
2024-02-22 01:00:00+05:30,4.8,333.0,16.7,935.5,0.0,100
2024-02-22 02:00:00+05:30,4.1,322.0,16.0,934.5,1.0001346137035343,100
2024-02-22 03:00:00+05:30,3.1,291.0,16.4,934.5,0.0,100
2024-02-22 04:00:00+05:30,0.8,27.0,16.4,934.7,0.0,100
2024-02-22 05:00:00+05:30,1.1,18.0,16.2,935.1,2.9266584471027515,100
2024-02-22 06:00:00+05:30,1.6,27.0,16.6,936.1,0.0,100
2024-02-22 07:00:00+05:30,2.2,360.0,15.7,936.9,0.29105924450771187,100
2024-02-22 08:00:00+05:30,2.3,342.0,18.8,938.4,0.0,100
2024-02-22 09:00:00+05:30,0.7,270.0,22.4,939.6,0.0,100
2024-02-22 10:00:00+05:30,0.5,225.0,26.0,939.9,0.8199764867655284,100
2024-02-22 11:00:00+05:30,2.9,277.0,28.6,939.6,0.5531232165364427,100
2024-02-22 12:00:00+05:30,5.4,270.0,30.2,938.3,0.9615268297055137,100
2024-02-22 13:00:00+05:30,8.3,265.0,30.9,937.2,18.198011900023946,100
2024-02-22 14:00:00+05:30,11.2,276.0,31.0,936.5,77.47501998173543,100
2024-02-22 15:00:00+05:30,12.8,281.0,30.6,935.8,99.96786794474173,100
2024-02-22 16:00:00+05:30,14.1,283.0,29.8,935.7,100.0,100
2024-02-22 17:00:00+05:30,13.0,284.0,28.5,936.0,100.0,100
2024-02-22 18:00:00+05:30,11.6,265.0,26.2,935.9,90.0061540502907,100
2024-02-22 19:00:00+05:30,13.7,273.0,24.0,936.3,96.72319640844692,100
2024-02-22 20:00:00+05:30,12.5,288.0,22.5,937.0,100.0,100
2024-02-22 21:00:00+05:30,10.9,304.0,21.1,937.6,69.05645070835317,100
2024-02-22 22:00:00+05:30,7.2,323.0,19.8,937.7,10.340594850165303,100
2024-02-22 23:00:00+05:30,7.3,340.0,18.6,937.6,9.235541792708187,100
2024-02-23 00:00:00+05:30,6.0,335.0,17.5,937.0,3.1426447277446954,100
2024-02-23 01:00:00+05:30,6.2,324.0,16.7,936.5,4.318059014781881,100
2024-02-23 02:00:00+05:30,7.6,315.0,16.2,935.7,13.758147888267203,100
2024-02-23 03:00:00+05:30,4.6,315.0,15.2,935.2,1.3189140924923304,100
2024-02-23 04:00:00+05:30,4.8,318.0,15.3,935.2,0.8879589130247817,100
2024-02-23 05:00:00+05:30,3.7,299.0,15.0,935.5,2.4493274778173513,100
2024-02-23 06:00:00+05:30,4.0,280.0,14.3,936.2,0.2249679117482347,100
2024-02-23 07:00:00+05:30,2.1,329.0,14.7,937.2,0.0,100
2024-02-23 08:00:00+05:30,0.4,90.0,17.9,938.7,0.060278973767577036,100
2024-02-23 09:00:00+05:30,0.7,90.0,21.8,939.9,0.0,100
2024-02-23 10:00:00+05:30,2.0,45.0,25.2,940.0,0.5623321320837732,100
2024-02-23 11:00:00+05:30,1.6,27.0,27.7,939.4,0.2666173137886712,100
2024-02-23 12:00:00+05:30,1.0,315.0,29.4,938.2,0.2585835821031598,100
2024-02-23 13:00:00+05:30,1.1,342.0,30.7,937.0,0.49869067996414707,100
2024-02-23 14:00:00+05:30,2.4,333.0,31.5,936.1,0.0,100
2024-02-23 15:00:00+05:30,6.8,295.0,31.7,935.5,7.955415074817847,100
2024-02-23 16:00:00+05:30,11.3,287.0,30.9,935.4,80.23155582712951,100
2024-02-23 17:00:00+05:30,10.4,284.0,29.4,935.5,55.94952188345085,100
2024-02-23 18:00:00+05:30,10.2,278.0,26.2,935.3,49.80999431080631,100
2024-02-23 19:00:00+05:30,10.4,270.0,23.5,935.2,55.97433197136003,100
2024-02-23 20:00:00+05:30,9.8,276.0,21.7,935.8,43.643656979054846,100
2024-02-23 21:00:00+05:30,7.9,309.0,20.2,936.2,17.671298980003765,100
2024-02-23 22:00:00+05:30,6.4,317.0,18.9,936.2,5.067073117389756,100
2024-02-23 23:00:00+05:30,5.4,318.0,17.3,935.9,0.4041722043257936,100
2024-02-24 00:00:00+05:30,5.5,328.0,16.8,935.5,2.167096428231772,100
2024-02-24 01:00:00+05:30,7.6,301.0,16.3,935.0,12.183678312372713,100
2024-02-24 02:00:00+05:30,5.2,304.0,15.9,934.6,0.9615356366295924,100
2024-02-24 03:00:00+05:30,2.9,300.0,14.9,934.1,0.31519047017664137,100
2024-02-24 04:00:00+05:30,6.1,298.0,15.0,933.9,3.946729356193706,100
2024-02-24 05:00:00+05:30,6.4,297.0,14.6,934.1,5.89588811489744,100
2024-02-24 06:00:00+05:30,4.6,288.0,15.1,934.9,0.06395332350418503,100
2024-02-24 07:00:00+05:30,7.4,309.0,15.2,935.5,11.196744005041808,100
2024-02-24 08:00:00+05:30,4.5,299.0,19.3,937.5,1.090041393562166,100
2024-02-24 09:00:00+05:30,2.0,315.0,23.6,938.8,0.0,100
2024-02-24 10:00:00+05:30,1.5,76.0,26.9,939.3,0.0,100
2024-02-24 11:00:00+05:30,2.8,130.0,29.1,938.9,0.0,100
2024-02-24 12:00:00+05:30,3.6,127.0,30.7,938.1,0.0,100
2024-02-24 13:00:00+05:30,4.3,114.0,32.1,936.6,0.0,100
2024-02-24 14:00:00+05:30,2.3,219.0,33.0,935.7,0.0,100
2024-02-24 15:00:00+05:30,12.1,247.0,32.8,934.8,100.0,100
2024-02-24 16:00:00+05:30,16.1,260.0,31.5,934.7,100.0,100
2024-02-24 17:00:00+05:30,12.4,280.0,30.1,935.1,95.79471472268553,100
2024-02-24 18:00:00+05:30,13.0,267.0,27.4,935.3,98.52967961707314,100
2024-02-24 19:00:00+05:30,14.2,261.0,25.3,935.4,100.0,100
2024-02-24 20:00:00+05:30,7.5,287.0,23.7,935.9,12.88007122232271,100
2024-02-24 21:00:00+05:30,9.0,355.0,22.3,936.4,29.49453820649697,100
2024-02-24 22:00:00+05:30,6.0,335.0,20.6,936.6,2.0948200267420125,100
2024-02-24 23:00:00+05:30,5.5,302.0,20.1,936.4,2.3426745332322465,100
2024-02-25 00:00:00+05:30,5.4,290.0,17.9,935.7,1.2163070265061844,100
2024-02-25 01:00:00+05:30,3.1,315.0,17.9,935.3,1.8090917152380313,100
2024-02-25 02:00:00+05:30,4.8,297.0,17.4,934.6,0.523783407552041,100
2024-02-25 03:00:00+05:30,6.3,294.0,17.6,934.6,5.350231195987701,100
2024-02-25 04:00:00+05:30,4.2,290.0,17.8,934.5,0.0,100
2024-02-25 05:00:00+05:30,6.6,292.0,17.9,934.8,6.1517746057171365,100
2024-02-25 06:00:00+05:30,4.2,301.0,16.5,935.4,0.0,100
2024-02-25 07:00:00+05:30,3.4,288.0,16.7,936.0,0.0,100
2024-02-25 08:00:00+05:30,2.5,278.0,20.0,937.5,0.0,100
2024-02-25 09:00:00+05:30,2.6,326.0,23.1,938.6,0.33698943955101074,100
2024-02-25 10:00:00+05:30,1.5,14.0,26.2,938.8,0.21961730974885207,100
2024-02-25 11:00:00+05:30,3.7,119.0,28.7,938.3,1.1780572263879265,100
2024-02-25 12:00:00+05:30,4.8,138.0,30.5,937.3,0.2905215961168413,100
2024-02-25 13:00:00+05:30,5.5,169.0,31.6,936.3,2.4041301798482886,100
2024-02-25 14:00:00+05:30,4.7,176.0,32.2,935.4,0.3785101385887831,100
2024-02-25 15:00:00+05:30,2.1,149.0,32.4,934.7,0.7303461532174192,100
2024-02-25 16:00:00+05:30,2.2,90.0,32.2,934.4,0.0395829096461102,100
2024-02-25 17:00:00+05:30,4.7,67.0,31.5,934.4,0.9379941956510166,100
2024-02-25 18:00:00+05:30,8.7,45.0,26.8,934.0,24.395024678917945,100
2024-02-25 19:00:00+05:30,11.2,268.0,25.6,934.8,73.93383445319618,100
2024-02-25 20:00:00+05:30,12.2,304.0,23.9,935.4,100.0,100
2024-02-25 21:00:00+05:30,9.1,304.0,22.7,935.9,31.533849701168972,100
2024-02-25 22:00:00+05:30,5.9,349.0,20.4,935.7,2.476994259721774,100
2024-02-25 23:00:00+05:30,7.9,300.0,19.8,935.3,14.896211060728982,100
2024-02-26 00:00:00+05:30,6.1,310.0,18.9,934.6,4.027711139216481,100
2024-02-26 01:00:00+05:30,4.6,315.0,18.0,933.8,0.14952798552436058,100
2024-02-26 02:00:00+05:30,4.2,329.0,19.0,933.7,0.0,100
2024-02-26 03:00:00+05:30,5.0,270.0,18.2,933.2,1.0409935775531178,100
2024-02-26 04:00:00+05:30,7.0,305.0,17.5,932.8,9.209563979369067,100
2024-02-26 05:00:00+05:30,5.9,322.0,16.9,932.8,2.2650913798056043,100
2024-02-26 06:00:00+05:30,5.4,290.0,17.3,934.3,2.1712782045143975,100
2024-02-26 07:00:00+05:30,6.9,313.0,17.6,935.1,7.4997676794594605,100
2024-02-26 08:00:00+05:30,4.7,302.0,21.6,937.1,0.9437810632713698,100
2024-02-26 09:00:00+05:30,1.0,315.0,26.3,938.5,0.0,100
2024-02-26 10:00:00+05:30,8.3,162.0,28.6,938.9,20.701620049780793,100
2024-02-26 11:00:00+05:30,11.4,167.0,30.4,938.6,80.45950391005339,100
2024-02-26 12:00:00+05:30,10.7,166.0,31.8,937.8,57.45836204769696,100
2024-02-26 13:00:00+05:30,9.4,157.0,33.0,936.7,39.31756527566278,100
2024-02-26 14:00:00+05:30,10.3,155.0,33.4,935.7,53.9508122965456,100
2024-02-26 15:00:00+05:30,9.7,158.0,33.2,935.1,42.98812581938662,100
2024-02-26 16:00:00+05:30,7.9,164.0,33.0,934.8,16.17826224858989,100
2024-02-26 17:00:00+05:30,8.1,122.0,32.2,934.8,17.977906655587194,100
2024-02-26 18:00:00+05:30,5.6,153.0,28.9,935.0,1.5271765524956218,100
2024-02-26 19:00:00+05:30,8.0,262.0,27.1,935.6,15.733615726402302,100
2024-02-26 20:00:00+05:30,8.9,297.0,24.9,936.4,29.239534100250328,100
2024-02-26 21:00:00+05:30,9.4,317.0,24.1,936.9,37.275032973270285,100
2024-02-26 22:00:00+05:30,11.0,311.0,23.7,936.9,70.63073874473238,100
2024-02-26 23:00:00+05:30,5.6,320.0,22.3,936.8,2.3577101994269634,100
2024-02-27 00:00:00+05:30,3.3,311.0,22.6,936.9,0.5214319420546181,100
2024-02-27 01:00:00+05:30,4.4,325.0,21.3,936.3,1.0775524946473296,100
2024-02-27 02:00:00+05:30,4.4,325.0,20.5,935.8,1.8792778450048675,100
2024-02-27 03:00:00+05:30,3.4,302.0,20.1,935.6,0.1629777003039933,100
2024-02-27 04:00:00+05:30,3.2,297.0,20.2,935.6,0.2864035921238113,100
2024-02-27 05:00:00+05:30,5.0,300.0,19.9,935.8,0.47253853952854896,100
2024-02-27 06:00:00+05:30,5.5,302.0,19.9,936.7,1.3325655263425014,100
2024-02-27 07:00:00+05:30,4.3,318.0,20.0,937.7,0.0,100
2024-02-27 08:00:00+05:30,3.1,339.0,23.0,939.2,0.0,100
2024-02-27 09:00:00+05:30,4.8,138.0,26.9,940.5,0.4519491689909701,100
2024-02-27 10:00:00+05:30,13.2,163.0,29.5,940.5,100.0,100
2024-02-27 11:00:00+05:30,12.7,173.0,31.1,940.0,100.0,100
2024-02-27 12:00:00+05:30,8.7,163.0,32.3,939.3,24.272006152150276,100
2024-02-27 13:00:00+05:30,5.2,164.0,33.1,938.3,1.1869645210109814,100
2024-02-27 14:00:00+05:30,2.8,140.0,33.3,937.3,0.3910714650866447,100
2024-02-27 15:00:00+05:30,3.3,77.0,33.6,936.2,1.7730508893981085,100
2024-02-27 16:00:00+05:30,2.2,360.0,32.8,936.0,0.0,100
2024-02-27 17:00:00+05:30,2.2,270.0,32.2,935.9,0.6949821678889129,100
2024-02-27 18:00:00+05:30,5.9,259.0,29.8,936.0,4.007262374110458,100
2024-02-27 19:00:00+05:30,10.2,252.0,27.5,936.3,51.02160227591579,100
2024-02-27 20:00:00+05:30,12.9,288.0,26.3,937.2,99.71084140659995,100
2024-02-27 21:00:00+05:30,9.5,323.0,25.4,937.8,37.36735262595305,100
2024-02-27 22:00:00+05:30,7.6,335.0,24.6,938.1,15.213012549350399,100
2024-02-27 23:00:00+05:30,8.3,342.0,23.9,937.9,20.624328936759227,100
2024-02-28 00:00:00+05:30,7.6,335.0,23.4,937.6,12.424118618835566,100
2024-02-28 01:00:00+05:30,6.6,331.0,22.7,937.2,6.943546771594606,100
2024-02-28 02:00:00+05:30,8.0,324.0,22.4,936.6,15.85588034813777,100
2024-02-28 03:00:00+05:30,6.9,321.0,22.4,936.2,9.638597863981095,100
2024-02-28 04:00:00+05:30,6.1,320.0,22.1,936.2,2.81195885696538,100
2024-02-28 05:00:00+05:30,5.4,318.0,21.9,936.1,0.0,100
2024-02-28 06:00:00+05:30,4.5,284.0,21.0,937.1,0.7427002876373593,100
2024-02-28 07:00:00+05:30,3.8,287.0,21.9,938.2,0.0,100
2024-02-28 08:00:00+05:30,3.0,284.0,24.7,939.7,1.0131671624715184,100
2024-02-28 09:00:00+05:30,2.1,59.0,27.1,940.5,0.0,100
2024-02-28 10:00:00+05:30,8.0,95.0,29.4,940.3,15.161950911523093,100
2024-02-28 11:00:00+05:30,7.2,87.0,30.7,939.8,11.150435652823186,100
2024-02-28 12:00:00+05:30,5.9,79.0,31.8,938.8,3.3736102052343115,100
2024-02-28 13:00:00+05:30,4.0,63.0,32.5,937.5,1.6443151140222647,100
2024-02-28 14:00:00+05:30,3.2,63.0,33.1,936.6,0.663957075863655,100
2024-02-28 15:00:00+05:30,2.6,34.0,33.4,936.0,0.306299263152343,100
2024-02-28 16:00:00+05:30,2.1,59.0,33.1,935.6,1.1151814738131822,100
2024-02-28 17:00:00+05:30,1.9,68.0,32.4,935.5,0.0,100
2024-02-28 18:00:00+05:30,5.9,232.0,29.4,935.1,1.6916708587151688,100
2024-02-28 19:00:00+05:30,4.2,290.0,27.5,935.2,0.21921327896529408,100
2024-02-28 20:00:00+05:30,7.2,333.0,26.3,935.9,9.894028792257737,100
2024-02-28 21:00:00+05:30,6.1,357.0,24.8,936.6,3.9749181136281884,100
2024-02-28 22:00:00+05:30,5.2,344.0,23.7,936.7,1.1780837333356375,100
2024-02-28 23:00:00+05:30,7.5,325.0,23.0,936.6,12.323436613621865,100
2024-02-29 00:00:00+05:30,9.6,326.0,22.3,936.0,41.793610850674376,100
2024-02-29 01:00:00+05:30,7.2,333.0,22.0,935.7,11.359464992639387,100
2024-02-29 02:00:00+05:30,5.6,333.0,21.5,935.3,2.1616774084373076,100
2024-02-29 03:00:00+05:30,4.6,309.0,21.6,935.3,0.0,100
2024-02-29 04:00:00+05:30,3.7,281.0,21.4,935.2,0.0,100
2024-02-29 05:00:00+05:30,2.6,254.0,21.1,935.5,0.7852575401626459,100
2024-02-29 06:00:00+05:30,7.6,3.0,20.8,936.4,12.80811800831693,100
2024-02-29 07:00:00+05:30,4.4,351.0,21.8,937.7,0.0,100
2024-02-29 08:00:00+05:30,0.0,270.0,24.9,939.3,0.0,100
2024-02-29 09:00:00+05:30,6.4,137.0,27.7,940.2,5.230071738389171,100
2024-02-29 10:00:00+05:30,9.2,138.0,30.0,940.4,32.54679699168311,100
2024-02-29 11:00:00+05:30,11.8,142.0,32.0,940.1,91.92357090222352,100
2024-02-29 12:00:00+05:30,11.2,140.0,33.1,939.0,80.27752060394603,100
2024-02-29 13:00:00+05:30,8.5,144.0,33.8,938.1,22.683132436624994,100
2024-02-29 14:00:00+05:30,6.5,161.0,34.1,937.1,7.087083415765396,100
2024-02-29 15:00:00+05:30,4.7,180.0,33.7,936.1,0.0,100
2024-02-29 16:00:00+05:30,5.4,180.0,33.5,935.7,2.331898589239382,100
2024-02-29 17:00:00+05:30,3.7,169.0,32.2,935.7,0.0,100
2024-02-29 18:00:00+05:30,6.5,93.0,29.5,936.2,5.343793429885353,100
2024-02-29 19:00:00+05:30,5.4,90.0,27.7,936.2,3.9092634711875784,100
2024-02-29 20:00:00+05:30,6.4,43.0,26.7,936.7,5.577032939888961,100
2024-02-29 21:00:00+05:30,3.6,315.0,25.2,937.3,0.0,100
2024-02-29 22:00:00+05:30,8.4,295.0,24.3,937.9,20.933594251370703,100
2024-02-29 23:00:00+05:30,7.5,325.0,22.3,937.4,12.933452872673458,100
2024-03-01 00:00:00+05:30,6.0,327.0,21.2,937.2,3.876349911306792,100
2024-03-01 01:00:00+05:30,5.5,302.0,20.7,936.7,2.952743886527464,100
2024-03-01 02:00:00+05:30,2.9,277.0,21.1,936.4,0.0,100
2024-03-01 03:00:00+05:30,1.8,323.0,20.7,935.9,0.0,100
2024-03-01 04:00:00+05:30,2.4,333.0,20.0,935.9,0.0,100
2024-03-01 05:00:00+05:30,4.2,301.0,20.0,936.0,0.0,100
2024-03-01 06:00:00+05:30,4.2,301.0,20.8,937.2,1.8689678371455072,100
2024-03-01 07:00:00+05:30,5.5,328.0,20.7,938.0,2.5362999447700925,100
2024-03-01 08:00:00+05:30,1.6,63.0,23.9,939.4,0.3655589845881241,100
2024-03-01 09:00:00+05:30,4.7,176.0,27.2,940.7,0.7393491205011751,100
2024-03-01 10:00:00+05:30,9.8,174.0,30.4,940.9,42.47970477576265,100
2024-03-01 11:00:00+05:30,11.9,177.0,32.4,940.5,96.16753741754488,100
2024-03-01 12:00:00+05:30,10.9,174.0,33.6,939.5,67.89506695305191,100
2024-03-01 13:00:00+05:30,9.7,178.0,34.0,938.4,42.083900759976174,100
2024-03-01 14:00:00+05:30,9.4,212.0,33.8,937.5,33.36034064325247,100
2024-03-01 15:00:00+05:30,9.4,247.0,33.8,936.7,36.32241836591921,100
2024-03-01 16:00:00+05:30,13.4,265.0,32.6,936.5,100.0,100
2024-03-01 17:00:00+05:30,14.0,269.0,31.2,936.4,100.0,100
2024-03-01 18:00:00+05:30,17.2,281.0,29.5,935.8,99.9455272980757,100
2024-03-01 19:00:00+05:30,10.8,285.0,27.6,935.9,60.832919078747764,100
2024-03-01 20:00:00+05:30,5.4,307.0,25.7,937.2,3.13922787212858,100
2024-03-01 21:00:00+05:30,4.2,301.0,24.1,937.9,0.0,100
2024-03-01 22:00:00+05:30,7.6,315.0,23.3,937.8,14.93456515963445,100
2024-03-01 23:00:00+05:30,4.4,261.0,22.2,937.7,1.5835161158046682,100
2024-03-02 00:00:00+05:30,2.9,360.0,21.6,937.4,0.0,100
2024-03-02 01:00:00+05:30,6.1,320.0,20.9,936.6,3.9995690208485573,100
2024-03-02 02:00:00+05:30,8.4,313.0,20.6,935.9,22.413650833804702,100
2024-03-02 03:00:00+05:30,5.2,335.0,19.7,935.4,1.1138711172318885,100
2024-03-02 04:00:00+05:30,3.3,347.0,19.4,935.4,0.32571936841735616,100
2024-03-02 05:00:00+05:30,4.3,336.0,19.0,935.7,0.0,100
2024-03-02 06:00:00+05:30,1.9,338.0,19.9,936.5,0.0,100
2024-03-02 07:00:00+05:30,4.1,345.0,20.3,937.5,0.7050245697170767,100
2024-03-02 08:00:00+05:30,1.5,45.0,22.9,939.1,0.0,100
2024-03-02 09:00:00+05:30,1.8,79.0,26.3,940.2,0.0,100
2024-03-02 10:00:00+05:30,3.2,153.0,29.4,940.5,1.4750736894892091,100
2024-03-02 11:00:00+05:30,9.0,178.0,31.4,940.0,30.07463753347858,100
2024-03-02 12:00:00+05:30,8.7,185.0,33.3,938.7,23.733400624927228,100
2024-03-02 13:00:00+05:30,12.8,232.0,34.4,937.5,100.0,100
2024-03-02 14:00:00+05:30,17.7,250.0,34.0,936.6,99.19853641216642,100
2024-03-02 15:00:00+05:30,17.6,255.0,32.9,935.9,100.0,100
2024-03-02 16:00:00+05:30,17.4,263.0,31.9,935.6,100.0,100
2024-03-02 17:00:00+05:30,18.1,263.0,29.8,935.7,100.0,100
2024-03-02 18:00:00+05:30,15.5,266.0,27.5,936.3,96.74964125308217,100
2024-03-02 19:00:00+05:30,14.8,269.0,25.0,936.5,96.71230559289064,100
2024-03-02 20:00:00+05:30,11.4,281.0,23.4,937.3,80.1727340322401,100
2024-03-02 21:00:00+05:30,10.6,288.0,22.4,937.6,59.34731657077639,100
2024-03-02 22:00:00+05:30,9.7,297.0,21.5,937.9,40.92354165324628,100
2024-03-02 23:00:00+05:30,8.1,291.0,20.7,937.7,18.32211184240531,100
2024-03-03 00:00:00+05:30,4.2,290.0,19.8,937.1,1.206749423275793,100
2024-03-03 01:00:00+05:30,7.4,313.0,19.4,936.2,11.536497706820295,100
2024-03-03 02:00:00+05:30,8.7,315.0,19.2,935.5,25.978730322003223,100
2024-03-03 03:00:00+05:30,7.9,321.0,19.2,935.2,16.396755447624265,100
2024-03-03 04:00:00+05:30,6.4,333.0,18.8,935.0,8.677235525130797,100
2024-03-03 05:00:00+05:30,5.7,342.0,18.4,935.3,2.9526181173607857,100
2024-03-03 06:00:00+05:30,7.1,336.0,18.3,936.3,9.404909382162662,100
2024-03-03 07:00:00+05:30,8.2,331.0,18.7,936.7,20.007513093975113,100
2024-03-03 08:00:00+05:30,6.4,322.0,22.4,938.0,6.151241421942064,100
2024-03-03 09:00:00+05:30,10.1,297.0,26.1,938.9,50.220967305220576,100
2024-03-03 10:00:00+05:30,12.9,283.0,28.9,939.4,98.11945735212493,100
2024-03-03 11:00:00+05:30,14.4,273.0,30.6,939.1,98.53391510890236,100
2024-03-03 12:00:00+05:30,15.5,266.0,31.6,938.3,99.94492451290259,100
2024-03-03 13:00:00+05:30,14.5,263.0,32.4,937.2,100.0,100
2024-03-03 14:00:00+05:30,17.5,262.0,32.3,936.2,100.0,100
2024-03-03 15:00:00+05:30,16.6,266.0,31.6,935.6,99.99260438298008,100
2024-03-03 16:00:00+05:30,15.5,269.0,30.9,935.4,99.4473548300039,100
2024-03-03 17:00:00+05:30,14.4,267.0,29.7,935.7,100.0,100
2024-03-03 18:00:00+05:30,7.7,259.0,26.6,936.0,14.5659381880842,100
2024-03-03 19:00:00+05:30,9.5,261.0,24.6,936.3,35.6030111359801,100
2024-03-03 20:00:00+05:30,9.1,277.0,23.3,936.8,29.29691552670321,100
2024-03-03 21:00:00+05:30,8.0,297.0,22.0,937.1,17.30697784854345,100
2024-03-03 22:00:00+05:30,6.9,313.0,20.8,937.1,8.301028449905843,100
2024-03-03 23:00:00+05:30,8.2,319.0,19.7,936.9,20.116135197514577,100
2024-03-04 00:00:00+05:30,9.4,317.0,18.7,936.0,36.71022869671579,100
2024-03-04 01:00:00+05:30,9.4,313.0,18.2,935.3,36.43969177434193,100
2024-03-04 02:00:00+05:30,6.6,319.0,17.6,934.6,6.068684837427761,100
2024-03-04 03:00:00+05:30,5.4,323.0,16.8,934.2,0.9514572349434359,100
2024-03-04 04:00:00+05:30,4.6,321.0,16.1,934.0,0.0,100
2024-03-04 05:00:00+05:30,3.5,336.0,15.2,934.2,1.0544755785837403,100
2024-03-04 06:00:00+05:30,6.1,320.0,15.8,935.1,3.7140245067030193,100
2024-03-04 07:00:00+05:30,4.3,360.0,16.4,936.1,0.9104957512350267,100
2024-03-04 08:00:00+05:30,2.6,16.0,20.3,937.9,1.3887834529368968,100
2024-03-04 09:00:00+05:30,0.8,63.0,24.5,939.3,2.324632091572437,100
2024-03-04 10:00:00+05:30,3.7,349.0,28.0,939.6,0.0,100
2024-03-04 11:00:00+05:30,4.3,336.0,30.7,939.4,2.3750009992434853,100
2024-03-04 12:00:00+05:30,4.6,315.0,32.2,938.8,0.312573663839518,100
2024-03-04 13:00:00+05:30,7.6,275.0,33.0,937.8,12.471037947149853,100
2024-03-04 14:00:00+05:30,10.2,280.0,33.1,936.9,50.004320569400164,100
2024-03-04 15:00:00+05:30,11.1,295.0,33.0,936.4,72.77160163585924,100
2024-03-04 16:00:00+05:30,14.6,280.0,32.2,936.0,94.96948042254401,100
2024-03-04 17:00:00+05:30,14.4,274.0,30.4,936.3,100.0,100
2024-03-04 18:00:00+05:30,7.3,281.0,27.9,936.3,11.442220135935532,100
2024-03-04 19:00:00+05:30,11.8,282.0,25.8,936.6,92.31368998825081,100
2024-03-04 20:00:00+05:30,9.6,290.0,23.9,937.1,42.1547426282988,100
2024-03-04 21:00:00+05:30,9.5,299.0,22.5,937.3,38.88325521883168,100
2024-03-04 22:00:00+05:30,6.9,321.0,21.3,937.2,8.766682338853503,100
2024-03-04 23:00:00+05:30,4.7,351.0,20.2,937.0,0.35897739862707667,100
2024-03-05 00:00:00+05:30,4.6,342.0,19.3,936.4,1.3071146997739476,100
2024-03-05 01:00:00+05:30,6.0,335.0,18.6,936.0,3.595104411527284,100
2024-03-05 02:00:00+05:30,4.6,309.0,19.3,935.9,2.2220016647769416,100
2024-03-05 03:00:00+05:30,6.8,295.0,18.6,935.4,5.725807329632726,100
2024-03-05 04:00:00+05:30,6.5,304.0,17.4,935.1,4.310702336478516,100
2024-03-05 05:00:00+05:30,6.5,304.0,17.1,935.4,6.15436244912442,100
2024-03-05 06:00:00+05:30,7.6,301.0,16.6,935.8,13.325721075642385,100
2024-03-05 07:00:00+05:30,7.2,323.0,17.1,936.7,9.968301201953462,100
2024-03-05 08:00:00+05:30,3.1,324.0,21.4,938.7,0.0,100
2024-03-05 09:00:00+05:30,3.9,56.0,25.4,940.2,2.1225329034131994,100
2024-03-05 10:00:00+05:30,4.6,45.0,28.4,940.8,0.8414417005382335,100
2024-03-05 11:00:00+05:30,3.5,66.0,30.4,940.1,0.0,100
2024-03-05 12:00:00+05:30,1.8,169.0,31.7,938.8,0.0,100
2024-03-05 13:00:00+05:30,4.5,209.0,32.6,937.7,0.9233859363286813,100
2024-03-05 14:00:00+05:30,3.2,180.0,33.0,936.6,0.2408922555276354,100
2024-03-05 15:00:00+05:30,3.7,61.0,34.1,935.6,0.009814619237254553,100
2024-03-05 16:00:00+05:30,6.0,295.0,34.6,935.0,3.660223450382535,100
2024-03-05 17:00:00+05:30,18.7,272.0,31.9,935.2,100.0,100
2024-03-05 18:00:00+05:30,16.4,261.0,29.5,935.6,100.0,100
2024-03-05 19:00:00+05:30,13.4,275.0,26.4,935.9,100.0,100
2024-03-05 20:00:00+05:30,13.9,280.0,24.8,936.5,97.05498569446196,100
2024-03-05 21:00:00+05:30,8.2,308.0,23.6,936.9,18.163441977165437,100
2024-03-05 22:00:00+05:30,5.1,352.0,21.5,936.8,2.4116794988514068,100
2024-03-05 23:00:00+05:30,5.4,356.0,20.7,936.8,1.8394100275996181,100
2024-03-06 00:00:00+05:30,7.1,319.0,19.7,936.1,10.060556383185519,100
2024-03-06 01:00:00+05:30,6.4,308.0,18.7,935.7,5.288193757924233,100
2024-03-06 02:00:00+05:30,5.2,335.0,18.3,935.5,2.333371442521579,100
2024-03-06 03:00:00+05:30,6.4,317.0,18.3,935.5,2.604366145402355,100
2024-03-06 04:00:00+05:30,7.0,305.0,17.6,935.1,10.221995870616094,100
2024-03-06 05:00:00+05:30,5.9,322.0,17.2,935.4,2.0107981662074383,100
2024-03-06 06:00:00+05:30,7.4,309.0,17.8,936.0,11.379509290401494,100
2024-03-06 07:00:00+05:30,2.9,263.0,18.2,937.1,1.81330577181978,100
2024-03-06 08:00:00+05:30,2.0,225.0,21.9,939.4,0.0,100
2024-03-06 09:00:00+05:30,0.5,315.0,25.9,940.4,0.0,100
2024-03-06 10:00:00+05:30,1.1,342.0,29.1,940.6,1.207209081235138,100
2024-03-06 11:00:00+05:30,3.5,294.0,31.1,940.1,0.17140311255823962,100
2024-03-06 12:00:00+05:30,4.9,287.0,33.0,938.7,1.86577851297276,100
2024-03-06 13:00:00+05:30,12.0,263.0,34.5,937.4,100.0,100
2024-03-06 14:00:00+05:30,18.6,261.0,33.8,936.4,100.0,100
2024-03-06 15:00:00+05:30,15.8,270.0,33.2,935.6,100.0,100
2024-03-06 16:00:00+05:30,16.2,271.0,32.5,935.4,96.90579068070812,100
2024-03-06 17:00:00+05:30,16.3,265.0,30.8,935.6,100.0,100
2024-03-06 18:00:00+05:30,10.4,256.0,28.3,936.1,52.89996433754442,100
2024-03-06 19:00:00+05:30,12.3,275.0,25.9,936.3,99.11693475274407,100
2024-03-06 20:00:00+05:30,10.7,290.0,24.3,936.8,63.63845163020315,100
2024-03-06 21:00:00+05:30,8.7,300.0,22.7,937.3,25.427971271139405,100
2024-03-06 22:00:00+05:30,7.0,325.0,21.4,937.5,8.831079985745557,100
2024-03-06 23:00:00+05:30,6.9,321.0,19.8,937.0,7.978033192782671,100
2024-03-07 00:00:00+05:30,6.5,326.0,18.7,936.3,5.548790985000888,100
2024-03-07 01:00:00+05:30,6.9,321.0,17.9,935.1,7.084571128061408,100
2024-03-07 02:00:00+05:30,5.6,333.0,16.5,934.2,1.203545319617963,100
2024-03-07 03:00:00+05:30,5.0,339.0,16.5,934.0,0.9205774033234968,100
2024-03-07 04:00:00+05:30,5.2,304.0,16.8,933.9,1.7634369047146348,100
2024-03-07 05:00:00+05:30,3.9,304.0,16.1,934.3,0.0,100
2024-03-07 06:00:00+05:30,8.2,311.0,15.8,935.1,18.91462395587349,100
2024-03-07 07:00:00+05:30,7.6,301.0,15.8,936.0,13.416595366722948,100
2024-03-07 08:00:00+05:30,2.5,270.0,20.6,938.1,0.5806708553315436,100
2024-03-07 09:00:00+05:30,2.6,326.0,26.0,939.6,0.9025328586211746,100
2024-03-07 10:00:00+05:30,5.8,4.0,29.5,940.0,2.3123008729950527,100
2024-03-07 11:00:00+05:30,5.5,23.0,31.7,939.6,1.8577938056062038,100
2024-03-07 12:00:00+05:30,2.8,40.0,33.0,938.7,0.0,100
2024-03-07 13:00:00+05:30,1.8,37.0,33.8,937.5,2.106518636481258,100
2024-03-07 14:00:00+05:30,3.0,14.0,34.4,936.0,0.0,100
2024-03-07 15:00:00+05:30,5.2,344.0,34.7,935.4,1.1360861978093633,100
2024-03-07 16:00:00+05:30,8.4,310.0,34.3,935.0,23.23466182532816,100
2024-03-07 17:00:00+05:30,10.2,288.0,33.0,935.1,50.32589932806198,100
2024-03-07 18:00:00+05:30,13.0,268.0,30.3,935.2,100.0,100
2024-03-07 19:00:00+05:30,16.2,274.0,28.0,935.9,100.0,100
2024-03-07 20:00:00+05:30,12.5,303.0,26.2,936.7,100.0,100
2024-03-07 21:00:00+05:30,12.4,330.0,24.9,937.6,100.0,100
2024-03-07 22:00:00+05:30,11.1,324.0,24.4,937.7,69.83474126382468,100
2024-03-07 23:00:00+05:30,6.4,313.0,22.3,937.0,4.899753373798742,100
2024-03-08 00:00:00+05:30,5.7,325.0,21.0,936.6,3.204513427231887,100
2024-03-08 01:00:00+05:30,8.4,317.0,21.0,936.3,22.811122411648054,100
2024-03-08 02:00:00+05:30,10.2,309.0,20.6,935.6,50.76810325438529,100
2024-03-08 03:00:00+05:30,9.2,312.0,20.5,935.4,33.63047665929478,100
2024-03-08 04:00:00+05:30,6.6,311.0,20.5,935.8,9.188565993153901,100
2024-03-08 05:00:00+05:30,5.8,300.0,19.4,936.0,3.4168053952855932,100
2024-03-08 06:00:00+05:30,6.1,298.0,19.5,936.9,2.4896943878177105,100
2024-03-08 07:00:00+05:30,5.8,292.0,19.7,937.6,4.085168741114094,100
2024-03-08 08:00:00+05:30,3.6,276.0,23.5,939.3,0.0,100
2024-03-08 09:00:00+05:30,4.0,350.0,27.2,940.2,0.0,100
2024-03-08 10:00:00+05:30,6.7,36.0,30.2,940.5,8.317734811277743,100
2024-03-08 11:00:00+05:30,7.6,45.0,32.2,940.0,15.622224512861436,100
2024-03-08 12:00:00+05:30,4.6,39.0,33.5,939.0,1.3777692247686268,100
2024-03-08 13:00:00+05:30,1.1,342.0,34.6,938.0,0.0,100
2024-03-08 14:00:00+05:30,3.2,333.0,34.5,936.9,1.0703019637999742,100
2024-03-08 15:00:00+05:30,9.1,9.0,34.2,936.3,31.01810192659529,100
2024-03-08 16:00:00+05:30,8.6,33.0,34.0,935.7,25.11869472182877,100
2024-03-08 17:00:00+05:30,5.4,270.0,33.9,935.6,1.0392563700530488,100
2024-03-08 18:00:00+05:30,10.3,299.0,31.4,935.7,52.109132324630046,100
2024-03-08 19:00:00+05:30,12.4,260.0,29.3,936.1,100.0,100
2024-03-08 20:00:00+05:30,8.0,342.0,26.8,937.0,18.3375946162479,100
2024-03-08 21:00:00+05:30,5.9,11.0,24.2,937.2,5.585629332746863,100
2024-03-08 22:00:00+05:30,4.4,325.0,22.6,937.1,0.17997594579842277,100
2024-03-08 23:00:00+05:30,8.4,313.0,21.4,936.8,21.59423130759517,100
2024-03-09 00:00:00+05:30,8.4,317.0,20.4,936.3,22.81702131869266,100
2024-03-09 01:00:00+05:30,9.2,315.0,19.8,935.9,33.38284418823055,100
2024-03-09 02:00:00+05:30,8.2,308.0,19.6,935.4,20.178671690824437,100
2024-03-09 03:00:00+05:30,7.9,313.0,19.5,935.2,16.29926087663281,100
2024-03-09 04:00:00+05:30,8.4,310.0,19.5,935.4,20.698543238874073,100
2024-03-09 05:00:00+05:30,8.2,311.0,19.7,935.7,20.49247333023741,100
2024-03-09 06:00:00+05:30,6.4,317.0,18.2,935.9,3.697613556971854,100
2024-03-09 07:00:00+05:30,2.5,360.0,19.4,937.4,1.5576387301218242,100
2024-03-09 08:00:00+05:30,1.3,214.0,23.4,939.4,0.0,100
2024-03-09 09:00:00+05:30,1.4,270.0,27.3,940.6,0.0,100
2024-03-09 10:00:00+05:30,3.7,79.0,30.3,940.8,1.2068460613901513,100
2024-03-09 11:00:00+05:30,6.4,106.0,32.4,940.1,4.420337004201396,100
2024-03-09 12:00:00+05:30,4.3,132.0,33.7,939.0,0.5419622031790818,100
2024-03-09 13:00:00+05:30,3.8,197.0,34.4,937.9,0.1356203306326612,100
2024-03-09 14:00:00+05:30,4.1,255.0,34.6,937.0,0.7057225856309862,100
2024-03-09 15:00:00+05:30,5.1,4.0,34.3,936.2,2.4321262744577963,100
2024-03-09 16:00:00+05:30,10.0,38.0,34.1,935.9,46.505327293716704,100
2024-03-09 17:00:00+05:30,4.8,48.0,33.7,936.0,0.0,100
2024-03-09 18:00:00+05:30,6.2,260.0,30.0,936.0,3.1843266124974674,100
2024-03-09 19:00:00+05:30,14.4,274.0,28.8,936.6,99.63244895849368,100
2024-03-09 20:00:00+05:30,10.8,291.0,26.9,937.1,65.88579541660953,100
2024-03-09 21:00:00+05:30,7.2,323.0,24.9,937.6,10.197817259989172,100
2024-03-09 22:00:00+05:30,7.7,349.0,23.4,937.6,12.134785899786689,100
2024-03-09 23:00:00+05:30,7.9,330.0,22.9,937.6,16.009293901197594,100
2024-03-10 00:00:00+05:30,10.0,330.0,22.6,937.1,47.73494741625033,100
2024-03-10 01:00:00+05:30,8.4,301.0,21.9,936.3,21.550320998643706,100
2024-03-10 02:00:00+05:30,4.8,297.0,21.2,935.9,0.14638526929300355,100
2024-03-10 03:00:00+05:30,4.3,318.0,19.9,935.3,0.027014679937545583,100
2024-03-10 04:00:00+05:30,3.6,307.0,18.7,935.0,0.0,100
2024-03-10 05:00:00+05:30,3.8,319.0,18.0,935.5,0.0,100
2024-03-10 06:00:00+05:30,2.5,278.0,18.7,936.6,0.0,100
2024-03-10 07:00:00+05:30,7.2,288.0,18.9,937.4,10.261090230119555,100
2024-03-10 08:00:00+05:30,4.9,324.0,23.7,939.4,0.7119398915736117,100
2024-03-10 09:00:00+05:30,3.1,339.0,28.0,940.8,1.035832137424825,100
2024-03-10 10:00:00+05:30,1.0,45.0,31.2,940.9,0.0,100
2024-03-10 11:00:00+05:30,2.8,130.0,33.3,940.8,0.9415860482288653,100
2024-03-10 12:00:00+05:30,3.8,197.0,34.4,939.9,0.0,100
2024-03-10 13:00:00+05:30,5.4,228.0,34.9,938.9,1.7355081921882345,100
2024-03-10 14:00:00+05:30,4.7,266.0,35.0,938.2,0.9851689138264215,100
2024-03-10 15:00:00+05:30,3.6,360.0,35.1,937.5,0.0,100
2024-03-10 16:00:00+05:30,9.6,34.0,35.0,937.2,37.97354871166057,100
2024-03-10 17:00:00+05:30,11.2,21.0,34.4,937.2,76.01745669117078,100
2024-03-10 18:00:00+05:30,11.2,303.0,31.5,937.3,74.60669710632955,100
2024-03-10 19:00:00+05:30,16.5,280.0,29.4,937.8,100.0,100
2024-03-10 20:00:00+05:30,11.8,310.0,27.6,938.3,97.76205247787432,100
2024-03-10 21:00:00+05:30,10.2,318.0,25.9,938.9,51.760294427087146,100
2024-03-10 22:00:00+05:30,8.2,319.0,24.4,939.0,18.61750918088733,100
2024-03-10 23:00:00+05:30,8.1,328.0,23.3,939.0,18.31342144048059,100
2024-03-11 00:00:00+05:30,7.9,317.0,22.5,938.3,15.180447045951997,100
2024-03-11 01:00:00+05:30,6.2,350.0,21.2,937.6,3.906723059134386,100
2024-03-11 02:00:00+05:30,4.4,279.0,21.0,937.4,0.0,100
2024-03-11 03:00:00+05:30,6.3,336.0,20.6,937.2,6.101610582572098,100
2024-03-11 04:00:00+05:30,7.9,3.0,20.8,937.8,16.243683406690486,100
2024-03-11 05:00:00+05:30,6.4,308.0,20.5,938.3,4.45470651154217,100
2024-03-11 06:00:00+05:30,4.9,287.0,19.7,938.8,0.44737600837848107,100
2024-03-11 07:00:00+05:30,4.9,306.0,20.9,939.7,0.0,100
2024-03-11 08:00:00+05:30,3.8,311.0,24.4,941.4,0.0,100
2024-03-11 09:00:00+05:30,4.2,329.0,28.6,942.7,2.0421049368930957,100
2024-03-11 10:00:00+05:30,7.4,23.0,31.9,942.7,11.295975136834771,100
2024-03-11 11:00:00+05:30,9.2,39.0,33.7,942.1,33.56389383181157,100
2024-03-11 12:00:00+05:30,7.7,41.0,34.7,941.3,15.237680215681287,100
2024-03-11 13:00:00+05:30,4.8,42.0,35.5,940.1,1.045803180397406,100
2024-03-11 14:00:00+05:30,1.1,360.0,36.0,938.9,1.7934279699141067,100
2024-03-11 15:00:00+05:30,2.5,278.0,35.9,938.0,0.0,100
2024-03-11 16:00:00+05:30,3.5,294.0,35.5,937.8,0.23947072335698474,100
2024-03-11 17:00:00+05:30,3.5,294.0,34.5,937.8,0.1673923560849179,100
2024-03-11 18:00:00+05:30,8.0,207.0,31.5,936.6,16.865090383440304,100
2024-03-11 19:00:00+05:30,16.5,280.0,29.9,938.1,100.0,100
2024-03-11 20:00:00+05:30,13.2,305.0,28.0,938.9,97.22210387645238,100
2024-03-11 21:00:00+05:30,10.0,322.0,26.7,939.4,48.63858938372751,100
2024-03-11 22:00:00+05:30,7.4,309.0,25.2,939.6,11.367843611974687,100
2024-03-11 23:00:00+05:30,10.7,320.0,24.3,939.1,62.366326667869885,100
2024-03-12 00:00:00+05:30,13.7,333.0,24.4,938.8,98.28837351660121,100
2024-03-12 01:00:00+05:30,11.1,335.0,24.0,938.2,71.41870263132058,100
2024-03-12 02:00:00+05:30,7.2,323.0,23.0,937.4,9.74974534526008,100
2024-03-12 03:00:00+05:30,6.4,308.0,22.8,937.1,5.874998857936868,100
2024-03-12 04:00:00+05:30,6.4,308.0,22.8,937.2,4.1132186834144076,100
2024-03-12 05:00:00+05:30,5.9,308.0,22.5,937.5,3.915233821018372,100
2024-03-12 06:00:00+05:30,7.6,295.0,20.4,938.2,13.948035422472715,100
2024-03-12 07:00:00+05:30,7.4,293.0,20.5,938.8,11.47050298021124,100
2024-03-12 08:00:00+05:30,5.8,300.0,25.2,940.5,3.5229389406633755,100
2024-03-12 09:00:00+05:30,5.0,330.0,29.8,941.8,0.41678510108852784,100
2024-03-12 10:00:00+05:30,4.7,32.0,33.2,941.9,0.3048772776235007,100
2024-03-12 11:00:00+05:30,4.3,90.0,34.7,941.2,0.06929279412009484,100
2024-03-12 12:00:00+05:30,4.7,176.0,35.7,940.5,2.4330273486409277,100
2024-03-12 13:00:00+05:30,4.7,189.0,36.7,939.3,2.117372044345262,100
2024-03-12 14:00:00+05:30,4.4,35.0,36.9,937.9,0.6732004434638639,100
2024-03-12 15:00:00+05:30,16.3,352.0,36.9,936.9,100.0,100
2024-03-12 16:00:00+05:30,20.5,322.0,36.0,936.6,97.9073827270415,100
2024-03-12 17:00:00+05:30,14.3,280.0,35.2,937.0,97.57929258918634,100
2024-03-12 18:00:00+05:30,19.9,290.0,33.0,937.2,97.03701058198669,100
2024-03-12 19:00:00+05:30,15.6,285.0,30.7,937.6,100.0,100
2024-03-12 20:00:00+05:30,10.2,288.0,28.5,937.9,49.06309507788889,100
2024-03-12 21:00:00+05:30,9.0,293.0,26.7,938.0,27.66836666242724,100
2024-03-12 22:00:00+05:30,4.9,17.0,24.3,938.1,0.7666888313862847,100
2024-03-12 23:00:00+05:30,2.7,23.0,24.7,938.3,1.1402468911984158,100
2024-03-13 00:00:00+05:30,6.9,309.0,22.8,937.4,4.9164498411894195,100
2024-03-13 01:00:00+05:30,4.8,333.0,21.5,936.2,1.2760477989135703,100
2024-03-13 02:00:00+05:30,4.7,337.0,20.2,935.3,0.0,100
2024-03-13 03:00:00+05:30,4.9,324.0,20.6,935.2,0.0,100
2024-03-13 04:00:00+05:30,6.9,313.0,20.1,935.3,7.984388572131811,100
2024-03-13 05:00:00+05:30,4.2,301.0,19.3,935.5,0.0,100
2024-03-13 06:00:00+05:30,4.2,301.0,19.4,936.2,0.0,100
2024-03-13 07:00:00+05:30,4.3,336.0,20.4,937.0,0.02891313996771505,100
2024-03-13 08:00:00+05:30,1.5,14.0,24.5,938.9,0.0,100
2024-03-13 09:00:00+05:30,0.8,63.0,28.8,940.1,1.8346202982384638,100
2024-03-13 10:00:00+05:30,2.5,352.0,32.3,940.6,1.4230230917291886,100
2024-03-13 11:00:00+05:30,5.4,318.0,34.3,940.0,2.7878955838063426,100
2024-03-13 12:00:00+05:30,8.4,277.0,35.7,939.3,21.124281239172735,100
2024-03-13 13:00:00+05:30,15.0,260.0,36.0,938.3,97.29914084256615,100
2024-03-13 14:00:00+05:30,13.7,270.0,35.9,937.4,97.85994454871758,100
2024-03-13 15:00:00+05:30,13.4,278.0,35.7,936.5,98.570426925143,100
2024-03-13 16:00:00+05:30,15.6,277.0,34.6,936.2,99.47984641555587,100
2024-03-13 17:00:00+05:30,14.2,286.0,33.3,936.4,98.45290214226344,100
2024-03-13 18:00:00+05:30,11.5,274.0,31.4,936.6,86.09865197062949,100
2024-03-13 19:00:00+05:30,13.1,278.0,29.0,936.9,96.2207905083246,100
2024-03-13 20:00:00+05:30,11.0,289.0,27.1,937.6,72.34562542208587,100
2024-03-13 21:00:00+05:30,7.7,319.0,25.3,938.2,16.391061438301133,100
2024-03-13 22:00:00+05:30,6.8,328.0,23.6,938.5,7.830652632312998,100
2024-03-13 23:00:00+05:30,10.2,321.0,22.0,937.9,50.636652676980354,100
2024-03-14 00:00:00+05:30,5.4,340.0,20.6,937.6,1.044260914301745,100
2024-03-14 01:00:00+05:30,5.0,300.0,20.4,937.1,2.8074694411671857,100
2024-03-14 02:00:00+05:30,6.9,298.0,19.7,936.2,9.76931428574681,100
2024-03-14 03:00:00+05:30,7.6,301.0,19.1,935.9,12.77819065485787,100
2024-03-14 04:00:00+05:30,4.8,297.0,18.1,935.9,2.027419556384957,100
2024-03-14 05:00:00+05:30,2.6,286.0,18.2,936.4,0.4065295801628757,100
2024-03-14 06:00:00+05:30,3.7,299.0,17.8,936.8,0.5264908055008458,100
2024-03-14 07:00:00+05:30,4.8,318.0,18.5,937.9,0.38088251737334794,100
2024-03-14 08:00:00+05:30,2.8,320.0,22.5,939.3,0.0,100
2024-03-14 09:00:00+05:30,2.8,320.0,27.7,940.8,0.0,100
2024-03-14 10:00:00+05:30,3.3,354.0,31.1,940.8,2.1517200392114013,100
2024-03-14 11:00:00+05:30,3.2,27.0,33.3,940.4,0.0,100
2024-03-14 12:00:00+05:30,2.5,45.0,34.6,939.3,0.6982597585914164,100
2024-03-14 13:00:00+05:30,1.8,53.0,35.4,938.4,0.0,100
2024-03-14 14:00:00+05:30,1.9,338.0,36.0,937.5,0.0,100
2024-03-14 15:00:00+05:30,5.4,312.0,35.8,936.5,3.0883881151146557,100
2024-03-14 16:00:00+05:30,8.7,294.0,35.1,935.9,25.74852394591746,100
2024-03-14 17:00:00+05:30,11.5,268.0,33.8,936.0,84.3208679450421,100
2024-03-14 18:00:00+05:30,14.4,266.0,31.4,936.4,96.83124802807185,100
2024-03-14 19:00:00+05:30,13.8,279.0,28.8,936.5,100.0,100
2024-03-14 20:00:00+05:30,8.4,295.0,27.0,937.2,22.459940950203414,100
2024-03-14 21:00:00+05:30,5.3,332.0,25.3,937.5,1.2237649908764205,100
2024-03-14 22:00:00+05:30,5.0,330.0,23.8,937.7,0.14828858942852674,100
2024-03-14 23:00:00+05:30,6.6,319.0,22.6,937.2,5.916553378490325,100
2024-03-15 00:00:00+05:30,6.9,317.0,21.6,936.4,8.571160298019588,100
2024-03-15 01:00:00+05:30,7.9,317.0,20.6,935.5,16.277462701249902,100
2024-03-15 02:00:00+05:30,8.2,322.0,20.0,935.0,17.388721977476788,100
2024-03-15 03:00:00+05:30,8.4,335.0,19.7,934.7,20.61601651420546,100
2024-03-15 04:00:00+05:30,5.4,323.0,19.3,934.6,1.1875654936630964,100
2024-03-15 05:00:00+05:30,5.0,291.0,18.1,934.9,1.3156699314461757,100
2024-03-15 06:00:00+05:30,7.1,315.0,18.5,935.8,8.871176922578327,100
2024-03-15 07:00:00+05:30,6.6,315.0,19.1,936.6,7.458863341010138,100
2024-03-15 08:00:00+05:30,0.5,225.0,23.1,938.6,0.0,100
2024-03-15 09:00:00+05:30,4.3,336.0,27.4,940.0,2.7340068905652117,100
2024-03-15 10:00:00+05:30,5.0,360.0,30.6,940.3,1.0356455653586574,100
2024-03-15 11:00:00+05:30,1.5,14.0,32.5,939.5,0.23652473693619516,100
2024-03-15 12:00:00+05:30,0.4,180.0,33.8,938.4,0.33168869903096726,100
2024-03-15 13:00:00+05:30,0.7,90.0,34.8,937.2,0.5889198911449043,100
2024-03-15 14:00:00+05:30,1.8,11.0,35.5,936.3,0.0,100
2024-03-15 15:00:00+05:30,8.4,295.0,35.4,935.2,21.330274860618047,100
2024-03-15 16:00:00+05:30,16.8,279.0,34.1,935.2,100.0,100
2024-03-15 17:00:00+05:30,18.8,274.0,32.1,935.6,99.26861832990514,100
2024-03-15 18:00:00+05:30,15.1,269.0,29.7,935.9,100.0,100
2024-03-15 19:00:00+05:30,14.0,271.0,27.3,936.1,100.0,100
2024-03-15 20:00:00+05:30,10.2,293.0,25.8,936.7,50.85574221807457,100
2024-03-15 21:00:00+05:30,6.9,313.0,24.9,937.1,7.645080025370854,100
2024-03-15 22:00:00+05:30,8.3,5.0,23.6,937.3,21.35495967518754,100
2024-03-15 23:00:00+05:30,9.1,9.0,22.8,937.2,30.725400332378552,100
2024-03-16 00:00:00+05:30,6.2,324.0,22.0,936.7,4.615124061766011,100
2024-03-16 01:00:00+05:30,4.6,309.0,20.9,936.1,1.057516578765887,100
2024-03-16 02:00:00+05:30,8.7,308.0,20.0,935.2,25.740539181965403,100
2024-03-16 03:00:00+05:30,6.1,320.0,19.5,934.6,4.3080215658154914,100
2024-03-16 04:00:00+05:30,4.4,351.0,18.8,934.6,0.0,100
2024-03-16 05:00:00+05:30,4.7,328.0,18.1,934.7,2.2810245202427724,100
2024-03-16 06:00:00+05:30,4.0,333.0,18.9,935.5,0.0,100
2024-03-16 07:00:00+05:30,5.1,321.0,20.0,936.6,0.29860025636838394,100
2024-03-16 08:00:00+05:30,5.8,83.0,24.7,938.8,2.117678505337909,100
2024-03-16 09:00:00+05:30,5.2,65.0,28.7,939.8,0.7496937021191604,100
2024-03-16 10:00:00+05:30,1.8,101.0,31.3,940.0,0.0,100
2024-03-16 11:00:00+05:30,1.9,158.0,33.0,939.3,0.43644254901629115,100
2024-03-16 12:00:00+05:30,1.1,108.0,34.5,938.4,0.5301048189145213,100
2024-03-16 13:00:00+05:30,4.4,279.0,36.1,937.4,0.0,100
2024-03-16 14:00:00+05:30,15.1,258.0,36.0,936.3,100.0,100
2024-03-16 15:00:00+05:30,19.4,260.0,34.4,935.9,98.73587738420454,100
2024-03-16 16:00:00+05:30,18.4,266.0,33.4,935.6,98.26440315852408,100
2024-03-16 17:00:00+05:30,18.4,270.0,31.9,936.0,95.82038990958415,100
2024-03-16 18:00:00+05:30,18.1,264.0,30.2,936.5,100.0,100
2024-03-16 19:00:00+05:30,14.1,267.0,27.5,936.7,96.12866303237941,100
2024-03-16 20:00:00+05:30,10.9,304.0,25.7,937.2,67.50744218891916,100
2024-03-16 21:00:00+05:30,11.2,315.0,24.6,937.3,76.87503395704127,100
2024-03-16 22:00:00+05:30,10.0,311.0,23.7,937.4,49.01126112308267,100
2024-03-16 23:00:00+05:30,8.3,360.0,22.7,937.1,21.662986354143854,100
2024-03-17 00:00:00+05:30,8.1,347.0,22.1,936.6,19.355245646534502,100
2024-03-17 01:00:00+05:30,7.1,300.0,21.4,935.7,9.520836252746163,100
2024-03-17 02:00:00+05:30,7.1,285.0,20.3,934.9,8.779933151556866,100
2024-03-17 03:00:00+05:30,6.0,303.0,19.3,934.1,3.2377583697631924,100
2024-03-17 04:00:00+05:30,3.4,328.0,18.7,934.4,0.21179652972181562,100
2024-03-17 05:00:00+05:30,3.8,319.0,18.7,934.8,0.279454586543873,100
2024-03-17 06:00:00+05:30,4.1,308.0,18.6,935.2,0.0,100
2024-03-17 07:00:00+05:30,4.0,333.0,19.8,936.2,0.0,100
2024-03-17 08:00:00+05:30,2.2,81.0,24.2,938.3,0.0,100
2024-03-17 09:00:00+05:30,1.8,90.0,28.8,939.7,1.0343696889510146,100
2024-03-17 10:00:00+05:30,0.7,270.0,31.8,940.1,0.0,100
2024-03-17 11:00:00+05:30,2.3,162.0,33.4,939.7,0.0,100
2024-03-17 12:00:00+05:30,4.1,142.0,34.5,938.7,0.6445023636175757,100
2024-03-17 13:00:00+05:30,4.7,94.0,35.9,937.8,1.0841764399182148,100
2024-03-17 14:00:00+05:30,2.4,297.0,36.7,936.7,0.0,100
2024-03-17 15:00:00+05:30,18.8,273.0,34.7,936.1,99.61854774825098,100
2024-03-17 16:00:00+05:30,20.5,273.0,33.4,936.1,100.0,100
2024-03-17 17:00:00+05:30,20.9,266.0,32.4,936.3,100.0,100
2024-03-17 18:00:00+05:30,21.3,268.0,29.9,936.5,99.80306943622807,100
2024-03-17 19:00:00+05:30,17.9,298.0,27.9,936.8,98.0981941062848,100
2024-03-17 20:00:00+05:30,14.3,304.0,26.7,937.3,98.07713201394827,100
2024-03-17 21:00:00+05:30,7.0,348.0,25.4,938.1,9.648918394347684,100
2024-03-17 22:00:00+05:30,9.7,4.0,23.9,938.2,44.080035806366446,100
2024-03-17 23:00:00+05:30,9.6,340.0,23.1,937.6,37.980704348852015,100
2024-03-18 00:00:00+05:30,5.1,321.0,22.1,936.8,1.226933436052993,100
2024-03-18 01:00:00+05:30,5.5,293.0,21.3,935.9,1.6215480459939726,100
2024-03-18 02:00:00+05:30,7.3,327.0,20.8,935.0,12.385537005786144,100
2024-03-18 03:00:00+05:30,8.9,328.0,21.1,934.6,29.49082257814643,100
2024-03-18 04:00:00+05:30,7.7,332.0,21.4,934.5,14.484373873143902,100
2024-03-18 05:00:00+05:30,5.3,28.0,20.3,934.6,2.585517455013943,100
2024-03-18 06:00:00+05:30,8.0,333.0,21.7,935.4,16.683688887789966,100
2024-03-18 07:00:00+05:30,7.2,108.0,22.3,937.2,8.62499686529363,100
2024-03-18 08:00:00+05:30,2.8,40.0,25.7,939.2,0.0,100
2024-03-18 09:00:00+05:30,3.0,104.0,28.8,940.3,0.06379904853028434,100
2024-03-18 10:00:00+05:30,0.7,90.0,30.9,940.4,0.5778603112651175,100
2024-03-18 11:00:00+05:30,4.8,312.0,32.7,939.9,1.457171785025049,100
2024-03-18 12:00:00+05:30,6.9,313.0,34.1,938.9,9.034591245975664,100
2024-03-18 13:00:00+05:30,9.3,283.0,35.1,937.5,33.575438973081745,100
2024-03-18 14:00:00+05:30,14.4,273.0,35.0,936.6,96.01049908542907,100
2024-03-18 15:00:00+05:30,15.2,274.0,34.5,936.0,100.0,100
2024-03-18 16:00:00+05:30,18.8,267.0,33.3,935.6,100.0,100
2024-03-18 17:00:00+05:30,17.0,265.0,31.9,935.8,99.31946471003207,100
2024-03-18 18:00:00+05:30,15.5,273.0,30.9,936.3,98.84475498522217,100
2024-03-18 19:00:00+05:30,15.2,277.0,28.4,936.6,100.0,100
2024-03-18 20:00:00+05:30,14.2,286.0,27.0,937.2,100.0,100
2024-03-18 21:00:00+05:30,14.3,311.0,26.1,937.6,99.47039146013056,100
2024-03-18 22:00:00+05:30,9.4,328.0,25.0,937.8,38.23204067977637,100
2024-03-18 23:00:00+05:30,5.3,332.0,23.8,937.6,2.021124381817945,100
2024-03-19 00:00:00+05:30,6.1,310.0,22.3,936.9,3.31167047246949,100
2024-03-19 01:00:00+05:30,5.0,300.0,22.5,936.0,2.4732187956017366,100
2024-03-19 02:00:00+05:30,5.6,310.0,20.8,934.7,2.1055039842538936,100
2024-03-19 03:00:00+05:30,5.2,344.0,20.0,934.4,0.0,100
2024-03-19 04:00:00+05:30,4.8,333.0,19.6,934.4,1.0283705531079375,100
2024-03-19 05:00:00+05:30,9.1,326.0,19.8,934.9,30.947792853385657,100
2024-03-19 06:00:00+05:30,9.8,332.0,21.4,936.7,45.01302568931273,100
2024-03-19 07:00:00+05:30,10.1,325.0,22.3,937.6,50.340898818938605,100
2024-03-19 08:00:00+05:30,8.8,325.0,25.4,939.0,25.398441504860855,100
2024-03-19 09:00:00+05:30,10.9,343.0,29.0,939.9,67.63699913268245,100
2024-03-19 10:00:00+05:30,13.3,347.0,31.7,940.0,96.13545877814637,100
2024-03-19 11:00:00+05:30,13.8,340.0,33.3,939.3,100.0,100
2024-03-19 12:00:00+05:30,14.3,335.0,34.4,938.5,99.80139196715862,100
2024-03-19 13:00:00+05:30,12.7,335.0,35.0,937.4,98.9445981696055,100
2024-03-19 14:00:00+05:30,12.1,343.0,35.4,936.4,99.70155492526055,100
2024-03-19 15:00:00+05:30,10.3,335.0,35.7,935.4,53.85435990167363,100
2024-03-19 16:00:00+05:30,11.7,304.0,35.3,935.0,94.64933260844217,100
2024-03-19 17:00:00+05:30,14.5,289.0,34.0,935.2,100.0,100
2024-03-19 18:00:00+05:30,13.3,273.0,31.8,935.3,100.0,100
2024-03-19 19:00:00+05:30,12.4,244.0,29.0,935.3,100.0,100
2024-03-19 20:00:00+05:30,10.0,285.0,26.7,935.8,47.992715519950856,100
2024-03-19 21:00:00+05:30,13.0,309.0,25.1,936.4,97.06985362625723,100
2024-03-19 22:00:00+05:30,9.4,342.0,24.1,937.0,36.12113256924627,100
2024-03-19 23:00:00+05:30,5.0,291.0,22.7,936.9,0.0,100
2024-03-20 00:00:00+05:30,7.4,284.0,21.2,936.3,11.804044136902919,100
2024-03-20 01:00:00+05:30,7.4,313.0,20.5,935.7,11.646374449618719,100
2024-03-20 02:00:00+05:30,7.4,299.0,20.1,935.1,9.759124718216949,100
2024-03-20 03:00:00+05:30,7.9,300.0,20.3,935.0,14.963407278772404,100
2024-03-20 04:00:00+05:30,5.6,297.0,20.5,935.1,3.762552591755418,100
2024-03-20 05:00:00+05:30,5.3,298.0,20.4,935.3,0.0,100
2024-03-20 06:00:00+05:30,5.2,304.0,20.3,936.2,2.3138045141021606,100
2024-03-20 07:00:00+05:30,5.4,290.0,21.3,937.6,2.1671478648066076,100
2024-03-20 08:00:00+05:30,5.2,286.0,25.5,939.5,0.5674579771144156,100
2024-03-20 09:00:00+05:30,8.3,18.0,28.8,940.5,19.872888937976317,100
2024-03-20 10:00:00+05:30,14.3,49.0,30.9,940.5,99.24807861848821,100
2024-03-20 11:00:00+05:30,14.5,42.0,32.3,940.0,100.0,100
2024-03-20 12:00:00+05:30,11.5,39.0,33.3,939.0,85.84826106479312,100
2024-03-20 13:00:00+05:30,9.4,43.0,34.1,937.8,35.366245344062996,100
2024-03-20 14:00:00+05:30,8.7,45.0,34.6,936.9,26.348653723413705,100
2024-03-20 15:00:00+05:30,7.7,41.0,34.7,936.0,13.567006898168481,100
2024-03-20 16:00:00+05:30,6.9,51.0,34.4,935.7,9.385079369040069,100
2024-03-20 17:00:00+05:30,6.8,87.0,33.7,935.6,6.810091759246851,100
2024-03-20 18:00:00+05:30,8.2,142.0,31.9,935.0,20.058751104368948,100
2024-03-20 19:00:00+05:30,9.0,53.0,27.9,934.4,31.806791418564504,100
2024-03-20 20:00:00+05:30,8.4,310.0,27.4,935.2,21.75423671423787,100
2024-03-20 21:00:00+05:30,8.3,268.0,24.8,935.7,20.134889179561167,100
2024-03-20 22:00:00+05:30,4.2,340.0,22.4,935.9,0.0,100
2024-03-20 23:00:00+05:30,6.4,344.0,22.2,936.1,6.093280104513864,100
2024-03-21 00:00:00+05:30,9.3,324.0,21.9,935.6,33.47949899276067,100
2024-03-21 01:00:00+05:30,6.0,327.0,21.2,935.0,3.431277569792936,100
2024-03-21 02:00:00+05:30,3.3,167.0,23.4,935.5,0.3881258125273586,100
2024-03-21 03:00:00+05:30,4.0,270.0,20.5,934.4,0.0,100
2024-03-21 04:00:00+05:30,5.3,298.0,20.8,934.4,3.2031308680022224,100
2024-03-21 05:00:00+05:30,3.1,144.0,21.4,935.1,0.168484895801222,100
2024-03-21 06:00:00+05:30,0.8,297.0,22.2,935.7,0.0,100
2024-03-21 07:00:00+05:30,1.8,259.0,20.9,936.8,0.19152997524285098,100
2024-03-21 08:00:00+05:30,2.3,162.0,24.8,938.6,0.32197688409366926,100
2024-03-21 09:00:00+05:30,7.0,159.0,27.2,939.3,8.853677395133246,100
2024-03-21 10:00:00+05:30,9.3,152.0,30.1,938.9,32.88310054859713,100
2024-03-21 11:00:00+05:30,10.4,146.0,32.4,938.3,53.86352756876363,100
2024-03-21 12:00:00+05:30,6.4,142.0,33.9,937.5,4.822355144374359,100
2024-03-21 13:00:00+05:30,2.9,120.0,34.8,936.5,1.7558868502086928,100
2024-03-21 14:00:00+05:30,1.5,45.0,35.2,935.5,0.45843090872209524,100
2024-03-21 15:00:00+05:30,5.5,23.0,35.5,934.5,1.6901000652994762,100
2024-03-21 16:00:00+05:30,7.7,28.0,35.1,934.2,14.51363413579689,100
2024-03-21 17:00:00+05:30,12.3,38.0,34.3,934.1,100.0,100
2024-03-21 18:00:00+05:30,5.4,290.0,31.2,933.8,1.3711791534262927,100
2024-03-21 19:00:00+05:30,19.5,286.0,27.8,934.8,93.13109706001768,100
2024-03-21 20:00:00+05:30,14.0,305.0,26.8,935.6,99.92417736510322,100
2024-03-21 21:00:00+05:30,4.5,331.0,25.3,936.3,0.1861405970748617,100
2024-03-21 22:00:00+05:30,6.5,326.0,23.8,936.5,4.128795097659958,100
2024-03-21 23:00:00+05:30,2.7,293.0,24.3,936.5,1.5527144041482166,100
2024-03-22 00:00:00+05:30,7.5,325.0,22.4,935.4,10.181469365179602,100
2024-03-22 01:00:00+05:30,5.9,317.0,20.8,934.3,3.5374165941954803,100
2024-03-22 02:00:00+05:30,2.5,225.0,21.0,934.0,0.0,100
2024-03-22 03:00:00+05:30,3.3,6.0,19.7,933.5,0.055975980964756235,100
2024-03-22 04:00:00+05:30,4.2,329.0,19.1,933.3,0.7069116277288823,100
2024-03-22 05:00:00+05:30,1.4,360.0,20.1,933.8,0.0,100
2024-03-22 06:00:00+05:30,3.7,349.0,20.1,934.6,0.0,100
2024-03-22 07:00:00+05:30,4.7,360.0,21.0,935.4,0.06796638913979103,100
2024-03-22 08:00:00+05:30,2.2,9.0,24.8,937.0,0.0,100
2024-03-22 09:00:00+05:30,0.5,45.0,28.9,937.8,0.5112238563735925,100
2024-03-22 10:00:00+05:30,2.4,27.0,32.1,938.1,0.0,100
2024-03-22 11:00:00+05:30,2.3,108.0,33.8,937.6,0.205397024669858,100
2024-03-22 12:00:00+05:30,2.9,150.0,34.7,936.5,0.3340698463113988,100
2024-03-22 13:00:00+05:30,1.5,135.0,35.2,935.5,0.38873545275838667,100
2024-03-22 14:00:00+05:30,1.8,37.0,35.9,934.4,0.36584766275195213,100
2024-03-22 15:00:00+05:30,2.6,344.0,35.8,933.6,0.4897894780112719,100
2024-03-22 16:00:00+05:30,3.2,333.0,35.7,933.1,0.0,100
2024-03-22 17:00:00+05:30,8.0,265.0,35.1,933.0,16.494342980710233,100
2024-03-22 18:00:00+05:30,18.9,252.0,31.4,933.2,97.46430370254365,100
2024-03-22 19:00:00+05:30,17.6,293.0,28.1,933.7,98.97055000895729,100
2024-03-22 20:00:00+05:30,15.2,301.0,26.7,934.2,100.0,100
2024-03-22 21:00:00+05:30,8.0,306.0,25.6,935.0,16.852124472032347,100
2024-03-22 22:00:00+05:30,4.3,246.0,24.0,935.4,0.0,100
2024-03-22 23:00:00+05:30,5.2,304.0,23.3,934.8,0.7174104061509718,100
2024-03-23 00:00:00+05:30,6.9,317.0,22.3,934.0,7.92350834338376,100
2024-03-23 01:00:00+05:30,4.1,345.0,21.2,933.2,0.0,100
2024-03-23 02:00:00+05:30,6.4,322.0,20.5,932.6,3.345223579214921,100
2024-03-23 03:00:00+05:30,4.8,333.0,19.6,932.0,0.06480701378902798,100
2024-03-23 04:00:00+05:30,2.9,7.0,19.9,932.4,0.0,100
2024-03-23 05:00:00+05:30,3.4,342.0,20.0,932.8,0.0,100
2024-03-23 06:00:00+05:30,4.1,322.0,19.6,933.6,1.0437964869133616,100
2024-03-23 07:00:00+05:30,4.9,324.0,21.4,935.1,1.512745878078484,100
2024-03-23 08:00:00+05:30,3.3,264.0,25.9,936.9,0.3496323016008276,100
2024-03-23 09:00:00+05:30,3.0,284.0,30.3,938.1,0.41550698949601855,100
2024-03-23 10:00:00+05:30,4.0,333.0,33.2,938.3,0.0,100
2024-03-23 11:00:00+05:30,2.5,352.0,34.9,937.8,0.0,100
2024-03-23 12:00:00+05:30,1.1,90.0,35.9,936.8,0.0,100
2024-03-23 13:00:00+05:30,2.3,198.0,36.5,935.5,0.9427457937794937,100
2024-03-23 14:00:00+05:30,4.9,216.0,36.7,934.5,2.8748392471643665,100
2024-03-23 15:00:00+05:30,3.1,201.0,36.4,933.7,0.27843476485030516,100
2024-03-23 16:00:00+05:30,3.6,37.0,36.2,933.3,0.0,100
2024-03-23 17:00:00+05:30,6.9,39.0,35.9,933.3,8.01538576397064,100
2024-03-23 18:00:00+05:30,23.8,273.0,31.2,933.7,100.0,100
2024-03-23 19:00:00+05:30,22.1,294.0,29.9,934.3,95.7758797863797,100
2024-03-23 20:00:00+05:30,15.2,306.0,28.6,935.3,99.96476049851694,100
2024-03-23 21:00:00+05:30,12.5,314.0,27.4,935.8,99.29825133678968,100
2024-03-23 22:00:00+05:30,8.7,336.0,26.0,936.1,25.41453868849904,100
2024-03-23 23:00:00+05:30,9.2,296.0,25.1,935.8,32.24153901994924,100
2024-03-24 00:00:00+05:30,3.8,17.0,23.8,935.4,1.7914247928906601,100
2024-03-24 01:00:00+05:30,5.4,360.0,22.4,934.8,2.373700464207877,100
2024-03-24 02:00:00+05:30,3.6,315.0,22.4,934.4,0.0,100
2024-03-24 03:00:00+05:30,4.6,342.0,21.1,934.0,0.4718389975849617,100
2024-03-24 04:00:00+05:30,5.4,323.0,20.5,933.7,1.257096980150572,100
2024-03-24 05:00:00+05:30,5.2,348.0,20.1,934.2,0.7454283648119254,100
2024-03-24 06:00:00+05:30,4.4,305.0,20.8,934.6,0.2867948950891074,100
2024-03-24 07:00:00+05:30,5.5,337.0,22.0,935.6,0.47541968763591247,100
2024-03-24 08:00:00+05:30,2.5,8.0,26.7,937.7,0.0,100
2024-03-24 09:00:00+05:30,3.4,342.0,31.2,938.9,0.3714242484512725,100
2024-03-24 10:00:00+05:30,4.9,324.0,34.0,939.0,1.2317944291333704,100
2024-03-24 11:00:00+05:30,1.3,34.0,35.5,938.4,0.0,100
2024-03-24 12:00:00+05:30,2.7,113.0,36.4,937.8,0.0,100
2024-03-24 13:00:00+05:30,2.6,164.0,36.8,936.8,0.0,100
2024-03-24 14:00:00+05:30,1.9,202.0,37.0,935.7,0.0,100
2024-03-24 15:00:00+05:30,3.6,143.0,37.2,935.2,0.6646073934675356,100
2024-03-24 16:00:00+05:30,2.0,225.0,37.2,934.7,0.06865502394400447,100
2024-03-24 17:00:00+05:30,14.2,306.0,36.5,934.8,100.0,100
2024-03-24 18:00:00+05:30,12.6,265.0,33.5,935.2,100.0,100
2024-03-24 19:00:00+05:30,22.5,286.0,29.6,935.8,99.56049315746758,100
2024-03-24 20:00:00+05:30,17.9,304.0,28.8,936.7,100.0,100
2024-03-24 21:00:00+05:30,15.1,303.0,27.8,937.2,99.80224690000362,100
2024-03-24 22:00:00+05:30,12.5,311.0,27.0,937.4,100.0,100
2024-03-24 23:00:00+05:30,11.5,316.0,26.2,936.8,85.59415109316558,100
2024-03-25 00:00:00+05:30,9.2,321.0,25.3,936.2,31.25930928567968,100
2024-03-25 01:00:00+05:30,5.2,326.0,24.2,935.6,2.2687240440163126,100
2024-03-25 02:00:00+05:30,3.8,343.0,23.1,934.7,0.21226857358639298,100
2024-03-25 03:00:00+05:30,6.9,321.0,22.5,934.2,7.904603414771444,100
2024-03-25 04:00:00+05:30,3.5,336.0,21.6,934.1,0.0,100
2024-03-25 05:00:00+05:30,5.3,28.0,21.6,935.1,2.7270090146132357,100
2024-03-25 06:00:00+05:30,6.6,351.0,22.8,936.1,4.047208112715769,100
2024-03-25 07:00:00+05:30,6.2,324.0,23.9,937.1,2.260432559214138,100
2024-03-25 08:00:00+05:30,4.0,5.0,28.1,939.0,1.856613513861598,100
2024-03-25 09:00:00+05:30,6.1,360.0,31.2,939.7,4.904152385398134,100
2024-03-25 10:00:00+05:30,10.5,16.0,34.1,939.8,59.34759774706651,100
2024-03-25 11:00:00+05:30,11.6,30.0,35.6,939.2,85.25486356740217,100
2024-03-25 12:00:00+05:30,9.7,39.0,36.8,938.3,42.771112605650686,100
2024-03-25 13:00:00+05:30,7.2,37.0,37.5,937.0,13.467067758451176,100
2024-03-25 14:00:00+05:30,4.8,27.0,38.1,936.0,0.7949977687736514,100
2024-03-25 15:00:00+05:30,3.2,360.0,38.1,935.2,0.06716217118929255,100
2024-03-25 16:00:00+05:30,4.5,14.0,37.6,934.7,0.47113954201482355,100
2024-03-25 17:00:00+05:30,8.6,15.0,36.7,934.7,23.05692229397456,100
2024-03-25 18:00:00+05:30,0.0,270.0,35.1,935.7,0.5422799143995635,100
2024-03-25 19:00:00+05:30,18.0,267.0,31.1,935.9,98.66925406661832,100
2024-03-25 20:00:00+05:30,14.0,299.0,29.9,936.8,99.40748299282188,100
2024-03-25 21:00:00+05:30,13.0,298.0,28.4,937.3,100.0,100
2024-03-25 22:00:00+05:30,15.1,308.0,27.6,937.4,98.0086382272576,100
2024-03-25 23:00:00+05:30,13.8,311.0,27.1,937.0,98.55429110129059,100
2024-03-26 00:00:00+05:30,11.0,322.0,26.9,936.4,72.6253328787294,100
2024-03-26 01:00:00+05:30,8.7,312.0,26.1,935.9,24.28249418108889,100
2024-03-26 02:00:00+05:30,8.4,313.0,25.5,934.9,19.810537008781164,100
2024-03-26 03:00:00+05:30,5.1,352.0,24.2,934.3,0.0,100
2024-03-26 04:00:00+05:30,7.3,9.0,23.3,934.6,12.752122447318621,100
2024-03-26 05:00:00+05:30,7.2,333.0,23.4,935.3,9.307269661627782,100
2024-03-26 06:00:00+05:30,7.9,313.0,22.9,935.8,19.668750493548217,100
2024-03-26 07:00:00+05:30,8.4,317.0,23.9,936.3,20.764089191965095,100
2024-03-26 08:00:00+05:30,4.1,315.0,28.6,938.3,0.0,100
2024-03-26 09:00:00+05:30,11.6,26.0,32.7,939.5,84.63961526853272,100
2024-03-26 10:00:00+05:30,11.3,53.0,34.6,939.8,75.45942792410096,100
2024-03-26 11:00:00+05:30,7.8,77.0,36.1,939.2,13.400274162580441,100
2024-03-26 12:00:00+05:30,3.3,96.0,37.5,938.3,0.3712893603859951,100
2024-03-26 13:00:00+05:30,2.4,207.0,38.2,937.2,0.044274617377926956,100
2024-03-26 14:00:00+05:30,5.4,228.0,38.2,936.2,2.971121201469937,100
2024-03-26 15:00:00+05:30,7.1,225.0,37.9,935.4,9.842534671417976,100
2024-03-26 16:00:00+05:30,4.7,184.0,37.5,935.2,0.17725275477228492,100
2024-03-26 17:00:00+05:30,7.4,141.0,38.3,935.2,11.170824555538365,100
2024-03-26 18:00:00+05:30,17.0,266.0,31.2,936.0,100.0,100
2024-03-26 19:00:00+05:30,11.3,263.0,29.3,936.6,75.34843965191712,100
2024-03-26 20:00:00+05:30,8.9,297.0,27.8,937.7,28.26993674570985,100
2024-03-26 21:00:00+05:30,7.4,309.0,26.8,938.1,12.655326642986696,100
2024-03-26 22:00:00+05:30,7.7,323.0,26.4,938.5,14.261985723529113,100
2024-03-26 23:00:00+05:30,8.9,333.0,25.4,938.1,28.80080735872571,100
2024-03-27 00:00:00+05:30,5.4,323.0,25.2,937.7,2.212457764057053,100
2024-03-27 01:00:00+05:30,2.5,225.0,25.1,937.3,0.09038837232284261,100
2024-03-27 02:00:00+05:30,3.8,139.0,23.8,937.1,0.0,100
2024-03-27 03:00:00+05:30,2.5,360.0,22.3,936.3,0.2817957469407556,100
2024-03-27 04:00:00+05:30,3.6,307.0,22.1,936.3,1.3107754760026358,100
2024-03-27 05:00:00+05:30,5.6,310.0,21.9,936.9,2.0939624441377074,100
2024-03-27 06:00:00+05:30,4.7,293.0,22.8,937.7,0.24408293731287062,100
2024-03-27 07:00:00+05:30,6.6,331.0,23.9,938.5,8.148462351860152,100
2024-03-27 08:00:00+05:30,5.8,300.0,28.4,939.8,1.859773324278535,100
2024-03-27 09:00:00+05:30,4.1,322.0,33.3,941.0,0.0,100
2024-03-27 10:00:00+05:30,6.7,36.0,36.0,941.0,6.791064184987634,100
2024-03-27 11:00:00+05:30,6.0,57.0,37.1,940.6,3.2372528499084092,100
2024-03-27 12:00:00+05:30,3.9,34.0,37.9,939.9,1.0644934969061963,100
2024-03-27 13:00:00+05:30,3.1,36.0,38.7,938.8,1.077519724251601,100
2024-03-27 14:00:00+05:30,2.3,51.0,38.9,937.7,1.0899728240857816,100
2024-03-27 15:00:00+05:30,12.0,286.0,38.0,936.8,99.64306944431118,100
2024-03-27 16:00:00+05:30,23.5,275.0,33.9,936.3,100.0,100
2024-03-27 17:00:00+05:30,16.5,293.0,34.4,936.6,100.0,100
2024-03-27 18:00:00+05:30,10.6,280.0,32.1,937.1,57.30845584686608,100
2024-03-27 19:00:00+05:30,11.6,292.0,29.3,937.6,90.03754302621493,100
2024-03-27 20:00:00+05:30,11.4,283.0,28.2,938.1,81.8329900366897,100
2024-03-27 21:00:00+05:30,9.0,293.0,27.1,938.2,29.41843418428201,100
2024-03-27 22:00:00+05:30,7.8,338.0,26.2,938.6,14.346320971008579,100
2024-03-27 23:00:00+05:30,6.4,333.0,25.3,938.4,4.417183208477624,100
2024-03-28 00:00:00+05:30,3.1,324.0,24.2,938.1,0.0,100
2024-03-28 01:00:00+05:30,4.2,301.0,23.9,937.1,0.04350518703596404,100
2024-03-28 02:00:00+05:30,6.6,319.0,23.4,935.7,4.660245287302893,100
2024-03-28 03:00:00+05:30,7.1,336.0,23.1,934.8,9.204370487123633,100
2024-03-28 04:00:00+05:30,4.1,322.0,23.0,934.8,0.0,100
2024-03-28 05:00:00+05:30,3.4,288.0,22.7,935.2,1.5126461093715782,100
2024-03-28 06:00:00+05:30,2.9,270.0,22.8,936.0,1.0093871811124782,100
2024-03-28 07:00:00+05:30,2.5,225.0,24.5,937.4,0.09294512970868171,100
2024-03-28 08:00:00+05:30,1.1,360.0,28.4,939.1,0.0,100
2024-03-28 09:00:00+05:30,1.3,34.0,32.1,940.2,1.4136479701243279,100
2024-03-28 10:00:00+05:30,3.3,103.0,34.5,940.2,0.0,100
2024-03-28 11:00:00+05:30,5.8,158.0,36.0,939.5,3.0665644217491277,100
2024-03-28 12:00:00+05:30,5.4,138.0,37.4,938.6,1.7131857686161105,100
2024-03-28 13:00:00+05:30,5.1,98.0,38.3,937.6,0.49209405176753507,100
2024-03-28 14:00:00+05:30,4.1,105.0,38.4,936.7,0.0,100
2024-03-28 15:00:00+05:30,1.5,194.0,37.7,936.1,2.8029871934196944,100
2024-03-28 16:00:00+05:30,3.1,249.0,37.1,935.4,0.0,100
2024-03-28 17:00:00+05:30,16.0,262.0,34.8,935.5,99.95818043038864,100
2024-03-28 18:00:00+05:30,10.9,276.0,32.5,935.7,67.7917508601813,100
2024-03-28 19:00:00+05:30,10.6,294.0,30.2,936.2,61.36780597966571,100
2024-03-28 20:00:00+05:30,10.0,291.0,28.7,936.6,44.83018240399252,100
2024-03-28 21:00:00+05:30,8.4,295.0,27.6,936.9,21.552845505105843,100
2024-03-28 22:00:00+05:30,7.9,313.0,26.7,936.7,15.996276462966279,100
2024-03-28 23:00:00+05:30,7.1,319.0,26.0,936.4,9.883856080318878,100
2024-03-29 00:00:00+05:30,7.9,330.0,25.2,935.5,15.997008378628104,100
2024-03-29 01:00:00+05:30,7.4,321.0,24.8,934.3,11.720883295471076,100
2024-03-29 02:00:00+05:30,5.6,315.0,24.6,933.7,2.295530481432799,100
2024-03-29 03:00:00+05:30,5.9,308.0,24.3,933.5,3.4774738105213565,100
2024-03-29 04:00:00+05:30,4.0,355.0,24.0,933.8,0.0,100
2024-03-29 05:00:00+05:30,4.1,285.0,24.6,934.3,0.5340081161817551,100
2024-03-29 06:00:00+05:30,3.6,264.0,24.5,934.6,0.0,100
2024-03-29 07:00:00+05:30,4.3,246.0,25.9,935.8,0.0,100
2024-03-29 08:00:00+05:30,1.3,326.0,29.4,937.6,0.0,100
2024-03-29 09:00:00+05:30,0.5,315.0,32.3,938.6,0.7023135146602453,100
2024-03-29 10:00:00+05:30,1.4,90.0,34.7,938.7,0.0,100
2024-03-29 11:00:00+05:30,4.5,119.0,35.9,938.3,0.1918369523927463,100
2024-03-29 12:00:00+05:30,2.7,157.0,36.5,937.7,0.0,100
2024-03-29 13:00:00+05:30,4.0,207.0,37.7,936.9,0.0,100
2024-03-29 14:00:00+05:30,15.5,258.0,33.7,935.8,100.0,100
2024-03-29 15:00:00+05:30,8.9,249.0,34.1,935.9,26.356211654033768,100
2024-03-29 16:00:00+05:30,7.5,235.0,34.1,935.4,14.218988802118249,100
2024-03-29 17:00:00+05:30,7.8,248.0,33.3,935.1,15.282468107447132,100
2024-03-29 18:00:00+05:30,9.4,277.0,32.7,935.0,34.38170906728041,100
2024-03-29 19:00:00+05:30,12.6,270.0,29.9,935.3,100.0,100
2024-03-29 20:00:00+05:30,10.6,298.0,28.1,936.0,60.12538682908813,100
2024-03-29 21:00:00+05:30,12.3,291.0,26.9,936.6,100.0,100
2024-03-29 22:00:00+05:30,7.2,323.0,26.3,937.3,10.715753526938341,100
2024-03-29 23:00:00+05:30,8.5,332.0,25.4,937.2,23.365088801273316,100
2024-03-30 00:00:00+05:30,11.5,314.0,25.3,935.9,81.19269755092134,100
2024-03-30 01:00:00+05:30,7.4,331.0,25.3,935.4,10.374017036135061,100
2024-03-30 02:00:00+05:30,4.2,301.0,24.7,935.2,0.0,100
2024-03-30 03:00:00+05:30,4.5,284.0,25.2,935.2,1.01855934613694,100
2024-03-30 04:00:00+05:30,7.0,305.0,24.7,935.0,9.702978044366654,100
2024-03-30 05:00:00+05:30,7.1,319.0,23.8,935.2,9.058883795450031,100
2024-03-30 06:00:00+05:30,2.5,270.0,23.7,936.0,0.0,100
2024-03-30 07:00:00+05:30,4.3,294.0,24.9,937.3,1.6550584222844775,100
2024-03-30 08:00:00+05:30,4.7,302.0,28.9,938.9,0.0,100
2024-03-30 09:00:00+05:30,5.6,333.0,32.0,939.7,0.0,100
2024-03-30 10:00:00+05:30,4.8,13.0,34.6,939.8,1.0429628318337458,100
2024-03-30 11:00:00+05:30,4.0,100.0,35.5,939.3,0.25060374505119476,100
2024-03-30 12:00:00+05:30,4.3,132.0,37.1,938.7,0.4506501218977872,100
2024-03-30 13:00:00+05:30,2.9,120.0,38.3,937.6,0.0,100
2024-03-30 14:00:00+05:30,6.5,273.0,38.4,936.7,6.429899873958139,100
2024-03-30 15:00:00+05:30,15.7,281.0,36.3,935.6,100.0,100
2024-03-30 16:00:00+05:30,13.3,283.0,35.4,935.5,99.01129286545272,100
2024-03-30 17:00:00+05:30,11.6,265.0,34.4,935.8,86.93822616865158,100
2024-03-30 18:00:00+05:30,17.3,275.0,31.3,936.4,100.0,100
2024-03-30 19:00:00+05:30,14.2,286.0,29.8,936.6,100.0,100
2024-03-30 20:00:00+05:30,12.9,288.0,28.6,937.3,100.0,100
2024-03-30 21:00:00+05:30,8.0,297.0,27.8,937.8,18.00870331927315,100
2024-03-30 22:00:00+05:30,7.1,319.0,27.1,938.4,8.525185597345217,100
2024-03-30 23:00:00+05:30,4.5,346.0,26.4,938.5,1.3541093034310623,100
2024-03-31 00:00:00+05:30,3.3,354.0,25.5,938.3,0.0,100
2024-03-31 01:00:00+05:30,6.4,286.0,25.7,937.7,5.340705606396192,100
2024-03-31 02:00:00+05:30,8.0,306.0,25.4,937.0,16.161108336911944,100
2024-03-31 03:00:00+05:30,10.5,333.0,25.6,936.5,55.93225298594576,100
2024-03-31 04:00:00+05:30,12.2,336.0,26.3,936.8,99.51882739794814,100
2024-03-31 05:00:00+05:30,7.9,336.0,25.7,937.2,14.714580049343821,100
2024-03-31 06:00:00+05:30,6.1,298.0,25.7,938.5,3.0490112253210557,100
2024-03-31 07:00:00+05:30,6.9,298.0,26.9,939.6,8.614061783402397,100
2024-03-31 08:00:00+05:30,5.5,328.0,29.8,941.0,3.82653725923935,100
2024-03-31 09:00:00+05:30,8.8,19.0,32.2,941.6,26.654454645448535,100
2024-03-31 10:00:00+05:30,9.8,54.0,34.4,941.2,41.03279119487605,100
2024-03-31 11:00:00+05:30,7.3,81.0,35.5,940.7,12.000105816472068,100
2024-03-31 12:00:00+05:30,5.1,82.0,36.1,939.8,2.022834507657437,100
2024-03-31 13:00:00+05:30,3.2,90.0,36.9,938.8,0.0215639605883583,100
2024-03-31 14:00:00+05:30,3.4,108.0,37.5,937.8,0.3709772273968632,100
2024-03-31 15:00:00+05:30,1.1,108.0,36.9,936.8,0.0,100
2024-03-31 16:00:00+05:30,1.5,315.0,36.7,936.3,0.1381177414005684,100
2024-03-31 17:00:00+05:30,3.1,306.0,36.0,936.2,0.0,100
2024-03-31 18:00:00+05:30,4.6,288.0,33.7,936.4,0.3822515596667739,100
2024-03-31 19:00:00+05:30,13.7,305.0,31.8,936.7,99.87439422434154,100
2024-03-31 20:00:00+05:30,12.3,322.0,30.4,937.4,97.78119327070836,100
2024-03-31 21:00:00+05:30,12.8,308.0,29.5,937.8,100.0,100
2024-03-31 22:00:00+05:30,11.9,325.0,28.7,937.7,97.79341459349628,100
2024-03-31 23:00:00+05:30,13.0,336.0,28.0,937.3,100.0,100
2024-04-01 00:00:00+05:30,12.2,336.0,27.5,936.6,100.0,100
2024-04-01 01:00:00+05:30,10.9,351.0,27.0,935.9,69.12207839090405,100
2024-04-01 02:00:00+05:30,6.6,347.0,26.2,935.5,8.150151057173318,100
2024-04-01 03:00:00+05:30,6.6,338.0,25.7,935.1,6.558269642750792,100
2024-04-01 04:00:00+05:30,5.5,349.0,24.6,935.1,2.0213939137415573,100
2024-04-01 05:00:00+05:30,5.1,321.0,24.4,935.3,1.3067923760787252,100
2024-04-01 06:00:00+05:30,3.6,37.0,24.5,935.8,0.5240213888807728,100
2024-04-01 07:00:00+05:30,3.6,307.0,26.0,936.7,1.2191081000923347,100
2024-04-01 08:00:00+05:30,4.7,293.0,30.3,938.2,2.271312551206181,100
2024-04-01 09:00:00+05:30,6.5,341.0,33.7,939.0,5.460302052121367,100
2024-04-01 10:00:00+05:30,7.3,9.0,35.5,938.9,11.913071116190224,100
2024-04-01 11:00:00+05:30,6.4,52.0,36.6,938.1,3.9619068494129426,100
2024-04-01 12:00:00+05:30,4.5,76.0,37.1,937.3,0.0,100
2024-04-01 13:00:00+05:30,1.8,90.0,37.1,936.2,0.0,100
2024-04-01 14:00:00+05:30,2.3,72.0,37.3,934.8,0.0,100
2024-04-01 15:00:00+05:30,4.0,90.0,37.8,933.8,0.0,100
2024-04-01 16:00:00+05:30,2.2,90.0,37.9,933.2,1.135355446227054,100
2024-04-01 17:00:00+05:30,3.4,18.0,37.1,932.9,1.0176573288199573,100
2024-04-01 18:00:00+05:30,3.9,326.0,30.5,935.3,0.0,100
2024-04-01 19:00:00+05:30,7.6,329.0,29.7,935.4,13.735657933810527,100
2024-04-01 20:00:00+05:30,7.1,345.0,27.4,935.2,10.301694457424817,100
2024-04-01 21:00:00+05:30,7.6,329.0,26.4,935.4,12.976603746659094,100
2024-04-01 22:00:00+05:30,5.9,317.0,25.1,935.2,4.305522695152777,100
2024-04-01 23:00:00+05:30,5.1,315.0,24.0,934.7,0.2362210531568838,100
2024-04-02 00:00:00+05:30,4.8,318.0,23.0,933.9,1.1518618074568103,100
2024-04-02 01:00:00+05:30,3.7,331.0,22.8,933.4,1.2940034349683491,100
2024-04-02 02:00:00+05:30,2.6,16.0,23.0,933.1,0.0,100
2024-04-02 03:00:00+05:30,3.0,346.0,21.8,932.5,0.0,100
2024-04-02 04:00:00+05:30,3.9,326.0,21.8,932.5,0.2874019137714561,100
2024-04-02 05:00:00+05:30,5.7,325.0,20.7,932.7,3.061174695437756,100
2024-04-02 06:00:00+05:30,2.9,353.0,22.4,933.7,0.0,100
2024-04-02 07:00:00+05:30,4.1,315.0,23.9,934.7,0.5851523659132081,100
2024-04-02 08:00:00+05:30,2.6,326.0,28.0,936.3,0.0,100
2024-04-02 09:00:00+05:30,1.8,169.0,31.6,937.3,0.0,100
2024-04-02 10:00:00+05:30,2.3,162.0,34.3,937.1,0.9265741470530985,100
2024-04-02 11:00:00+05:30,1.1,180.0,35.8,936.6,0.0,100
2024-04-02 12:00:00+05:30,3.1,144.0,36.9,935.8,1.1437819348858143,100
2024-04-02 13:00:00+05:30,5.6,135.0,37.6,934.7,2.53880728195618,100
2024-04-02 14:00:00+05:30,6.8,122.0,38.1,933.7,8.967018880618495,100
2024-04-02 15:00:00+05:30,8.0,108.0,38.2,932.8,17.29921526939222,100
2024-04-02 16:00:00+05:30,6.6,112.0,37.5,932.3,6.168414213168963,100
2024-04-02 17:00:00+05:30,16.0,224.0,35.0,932.3,100.0,100
2024-04-02 18:00:00+05:30,22.1,277.0,31.5,933.1,100.0,100
2024-04-02 19:00:00+05:30,18.9,291.0,29.5,933.3,97.24809707897921,100
2024-04-02 20:00:00+05:30,11.6,306.0,27.8,934.3,84.41276052547299,100
2024-04-02 21:00:00+05:30,10.4,290.0,26.3,934.8,54.7407771211505,100
2024-04-02 22:00:00+05:30,6.6,299.0,25.3,934.7,5.310196481772254,100
2024-04-02 23:00:00+05:30,5.4,352.0,24.4,934.5,2.3396082600303356,100
2024-04-03 00:00:00+05:30,3.3,319.0,23.3,934.1,0.0,100
2024-04-03 01:00:00+05:30,6.6,299.0,22.7,933.3,5.482511560967013,100
2024-04-03 02:00:00+05:30,5.9,346.0,22.1,932.6,2.081256109374692,100
2024-04-03 03:00:00+05:30,4.0,5.0,21.4,932.5,0.0,100
2024-04-03 04:00:00+05:30,2.9,173.0,21.7,933.3,0.0,100
2024-04-03 05:00:00+05:30,2.9,240.0,21.1,933.7,0.3428016949751928,100
2024-04-03 06:00:00+05:30,4.1,285.0,22.1,934.0,1.2831067706981911,100
2024-04-03 07:00:00+05:30,6.1,332.0,23.2,935.2,3.662021660284138,100
2024-04-03 08:00:00+05:30,3.6,315.0,27.3,936.7,0.34422135763516915,100
2024-04-03 09:00:00+05:30,3.1,324.0,31.4,937.9,1.153078917161129,100
2024-04-03 10:00:00+05:30,4.3,360.0,34.1,938.0,0.0,100
2024-04-03 11:00:00+05:30,3.0,14.0,35.6,937.5,1.204516686393918,100
2024-04-03 12:00:00+05:30,2.5,82.0,36.7,936.8,0.003804437894928993,100
2024-04-03 13:00:00+05:30,4.0,100.0,37.6,935.7,0.0,100
2024-04-03 14:00:00+05:30,2.9,300.0,37.4,934.5,0.0,100
2024-04-03 15:00:00+05:30,10.5,274.0,36.8,933.7,59.77679245011894,100
2024-04-03 16:00:00+05:30,20.1,260.0,34.8,933.6,100.0,100
2024-04-03 17:00:00+05:30,23.1,266.0,32.6,933.7,99.18037868861526,100
2024-04-03 18:00:00+05:30,15.2,274.0,31.1,934.5,100.0,100
2024-04-03 19:00:00+05:30,16.3,284.0,28.9,935.0,100.0,100
2024-04-03 20:00:00+05:30,12.4,296.0,27.3,935.3,99.71527177569413,100
2024-04-03 21:00:00+05:30,10.5,319.0,26.1,935.9,56.515216681485356,100
2024-04-03 22:00:00+05:30,11.2,312.0,25.4,936.0,74.69769970436255,100
2024-04-03 23:00:00+05:30,8.2,319.0,24.7,935.5,20.157468154616982,100
2024-04-04 00:00:00+05:30,5.7,305.0,23.9,934.6,2.6959111580039363,100
2024-04-04 01:00:00+05:30,3.8,343.0,23.1,933.8,2.0023896682098403,100
2024-04-04 02:00:00+05:30,5.4,340.0,22.5,933.3,2.0269323278521667,100
2024-04-04 03:00:00+05:30,4.2,329.0,21.8,932.8,0.032091772432347815,100
2024-04-04 04:00:00+05:30,4.2,329.0,21.5,932.9,0.6169196813314826,100
2024-04-04 05:00:00+05:30,3.7,331.0,22.4,933.6,2.667949031420365,100
2024-04-04 06:00:00+05:30,3.0,284.0,21.9,933.7,0.24630179077224315,100
2024-04-04 07:00:00+05:30,3.1,324.0,24.0,935.2,0.0,100
2024-04-04 08:00:00+05:30,2.2,351.0,28.3,937.0,0.0,100
2024-04-04 09:00:00+05:30,2.9,353.0,32.2,937.9,0.0,100
2024-04-04 10:00:00+05:30,4.6,18.0,35.0,938.1,0.0,100
2024-04-04 11:00:00+05:30,4.0,27.0,36.5,937.6,0.0,100
2024-04-04 12:00:00+05:30,4.5,76.0,37.7,937.0,0.0,100
2024-04-04 13:00:00+05:30,7.6,95.0,37.6,935.8,11.763797311290597,100
2024-04-04 14:00:00+05:30,4.9,107.0,37.8,934.9,0.5540320471919149,100
2024-04-04 15:00:00+05:30,5.6,310.0,37.6,934.3,0.8563581426738673,100
2024-04-04 16:00:00+05:30,18.4,305.0,35.4,933.9,98.6788249746773,100
2024-04-04 17:00:00+05:30,19.1,311.0,35.4,933.7,100.0,100
2024-04-04 18:00:00+05:30,13.3,267.0,34.0,934.7,95.69914187110678,100
2024-04-04 19:00:00+05:30,17.6,285.0,30.5,935.1,99.9441925562501,100
2024-04-04 20:00:00+05:30,13.2,296.0,29.1,935.7,99.30607151473262,100
2024-04-04 21:00:00+05:30,10.4,316.0,27.9,936.2,55.95027601719873,100
2024-04-04 22:00:00+05:30,8.5,324.0,27.0,936.4,23.29125230887928,100
2024-04-04 23:00:00+05:30,8.1,302.0,25.8,935.7,17.876467359549917,100
2024-04-05 00:00:00+05:30,5.9,349.0,24.8,935.1,3.659418426005083,100
2024-04-05 01:00:00+05:30,7.4,331.0,24.7,934.7,10.586906446280247,100
2024-04-05 02:00:00+05:30,6.6,315.0,24.3,934.2,5.749308572862397,100
2024-04-05 03:00:00+05:30,5.9,322.0,23.8,933.9,1.969160512869009,100
2024-04-05 04:00:00+05:30,7.9,317.0,23.9,933.8,16.361083537394045,100
2024-04-05 05:00:00+05:30,5.6,310.0,23.1,933.9,1.435909287441621,100
2024-04-05 06:00:00+05:30,3.0,284.0,24.8,934.8,0.0,100
2024-04-05 07:00:00+05:30,3.4,328.0,24.8,935.5,1.2907639714005499,100
2024-04-05 08:00:00+05:30,3.4,328.0,29.0,937.3,0.2869330261075138,100
2024-04-05 09:00:00+05:30,3.7,11.0,33.0,938.1,0.0,100
2024-04-05 10:00:00+05:30,7.8,22.0,35.4,938.0,15.80696733522465,100
2024-04-05 11:00:00+05:30,9.3,13.0,36.8,937.5,32.36753061160324,100
2024-04-05 12:00:00+05:30,7.4,23.0,37.9,936.8,12.04871624147417,100
2024-04-05 13:00:00+05:30,5.2,65.0,38.5,935.4,2.4838325658189557,100
2024-04-05 14:00:00+05:30,4.3,90.0,38.6,934.3,0.0,100
2024-04-05 15:00:00+05:30,3.9,124.0,38.1,933.5,0.4278466049597281,100
2024-04-05 16:00:00+05:30,6.6,139.0,38.2,933.0,6.484045370550611,100
2024-04-05 17:00:00+05:30,9.4,198.0,37.7,932.6,34.40358659615772,100
2024-04-05 18:00:00+05:30,12.0,263.0,34.9,933.6,98.99809216614197,100
2024-04-05 19:00:00+05:30,19.4,301.0,30.9,934.0,100.0,100
2024-04-05 20:00:00+05:30,15.4,303.0,29.6,934.6,96.95938961038506,100
2024-04-05 21:00:00+05:30,8.8,305.0,28.1,934.8,27.18816141742503,100
2024-04-05 22:00:00+05:30,8.4,317.0,26.9,934.9,20.312274746664595,100
2024-04-05 23:00:00+05:30,10.5,322.0,26.3,934.5,58.78100160359162,100
2024-04-06 00:00:00+05:30,12.0,319.0,26.1,933.9,98.64864930119082,100
2024-04-06 01:00:00+05:30,9.0,358.0,25.6,933.7,29.366129865705037,100
2024-04-06 02:00:00+05:30,8.5,332.0,25.4,933.7,24.133876352005,100
2024-04-06 03:00:00+05:30,6.6,311.0,24.8,933.3,6.702937912825537,100
2024-04-06 04:00:00+05:30,4.5,299.0,23.9,933.6,0.7584303634232974,100
2024-04-06 05:00:00+05:30,5.3,298.0,24.3,934.2,1.3249459220699893,100
2024-04-06 06:00:00+05:30,6.0,295.0,24.4,934.5,4.380570809216067,100
2024-04-06 07:00:00+05:30,6.3,294.0,25.3,935.4,3.5187810112357516,100
2024-04-06 08:00:00+05:30,3.9,304.0,29.5,936.9,0.0,100
2024-04-06 09:00:00+05:30,5.1,8.0,32.7,937.6,3.5871417207177743,100
2024-04-06 10:00:00+05:30,8.7,24.0,35.2,937.4,24.20384972495369,100
2024-04-06 11:00:00+05:30,10.2,23.0,36.7,936.8,51.406837544989564,100
2024-04-06 12:00:00+05:30,7.1,24.0,37.8,935.9,9.439428433602446,100
2024-04-06 13:00:00+05:30,2.0,135.0,38.5,934.7,1.5737673252926487,100
2024-04-06 14:00:00+05:30,10.3,192.0,39.0,933.5,56.07939787567862,100
2024-04-06 15:00:00+05:30,12.2,208.0,37.7,932.6,100.0,100
2024-04-06 16:00:00+05:30,6.9,227.0,37.4,931.9,8.547248045258849,100
2024-04-06 17:00:00+05:30,3.9,292.0,36.9,931.6,0.0,100
2024-04-06 18:00:00+05:30,10.5,84.0,33.9,932.3,54.518230698870155,100
2024-04-06 19:00:00+05:30,5.6,27.0,30.8,932.1,2.9121302317395985,100
2024-04-06 20:00:00+05:30,12.2,294.0,29.8,932.8,99.7403123114769,100
2024-04-06 21:00:00+05:30,14.3,317.0,29.4,933.8,100.0,100
2024-04-06 22:00:00+05:30,11.1,331.0,28.6,934.0,73.23072916323581,100
2024-04-06 23:00:00+05:30,12.8,322.0,27.8,933.9,97.22903132063811,100
2024-04-07 00:00:00+05:30,8.5,324.0,26.5,933.2,22.79089171139681,100
2024-04-07 01:00:00+05:30,10.7,315.0,25.9,932.4,64.71349512736113,100
2024-04-07 02:00:00+05:30,8.4,320.0,25.5,931.8,22.223561765926863,100
2024-04-07 03:00:00+05:30,6.5,6.0,24.0,931.7,4.654342915131457,100
2024-04-07 04:00:00+05:30,6.2,353.0,23.4,932.3,3.9925250351392814,100
2024-04-07 05:00:00+05:30,7.5,305.0,24.1,933.0,12.122761978627477,100
2024-04-07 06:00:00+05:30,5.8,300.0,24.2,933.2,3.3038203403637323,100
2024-04-07 07:00:00+05:30,5.6,297.0,25.3,934.2,2.1687273030287453,100
2024-04-07 08:00:00+05:30,5.2,295.0,29.3,936.0,0.42334924398753904,100
2024-04-07 09:00:00+05:30,7.1,319.0,32.5,936.6,8.848820539312735,100
2024-04-07 10:00:00+05:30,8.4,340.0,35.2,936.3,21.3798871628757,100
2024-04-07 11:00:00+05:30,7.1,330.0,36.7,935.8,9.540823949927102,100
2024-04-07 12:00:00+05:30,5.5,293.0,37.5,935.0,2.967714907626723,100
2024-04-07 13:00:00+05:30,9.6,250.0,38.1,933.9,38.31091203253809,100
2024-04-07 14:00:00+05:30,10.1,276.0,37.1,932.9,45.6232693644402,100
2024-04-07 15:00:00+05:30,12.4,287.0,37.6,932.0,94.07322727885553,100
2024-04-07 16:00:00+05:30,15.8,271.0,37.0,932.0,100.0,100
2024-04-07 17:00:00+05:30,17.7,266.0,35.7,932.0,100.0,100
2024-04-07 18:00:00+05:30,20.3,258.0,33.6,932.3,97.96913259427382,100
2024-04-07 19:00:00+05:30,19.1,290.0,30.0,932.9,100.0,100
2024-04-07 20:00:00+05:30,13.4,301.0,28.1,933.6,97.38358223436558,100
2024-04-07 21:00:00+05:30,8.3,304.0,26.6,934.1,20.04145213005874,100
2024-04-07 22:00:00+05:30,7.2,357.0,25.4,934.4,10.400688689487863,100
2024-04-07 23:00:00+05:30,6.2,350.0,24.4,934.3,6.215293518929329,100
2024-04-08 00:00:00+05:30,6.9,309.0,23.8,933.8,8.37327781194294,100
2024-04-08 01:00:00+05:30,4.8,318.0,22.9,933.1,0.7457507111844859,100
2024-04-08 02:00:00+05:30,5.0,339.0,22.1,932.3,1.097610196315619,100
2024-04-08 03:00:00+05:30,4.3,5.0,21.5,932.0,0.0,100
2024-04-08 04:00:00+05:30,3.9,326.0,21.2,931.9,0.7922414280406739,100
2024-04-08 05:00:00+05:30,4.6,309.0,20.6,932.3,2.1963791562948445,100
2024-04-08 06:00:00+05:30,2.5,360.0,21.3,933.1,0.43250474078541196,100
2024-04-08 07:00:00+05:30,1.3,56.0,23.4,934.8,0.7266289218385642,100
2024-04-08 08:00:00+05:30,1.0,135.0,27.2,936.5,0.6754642498854931,100
2024-04-08 09:00:00+05:30,2.9,353.0,31.0,937.3,1.0666117461515117,100
2024-04-08 10:00:00+05:30,5.8,360.0,33.7,937.5,3.534407271428383,100
2024-04-08 11:00:00+05:30,6.6,351.0,35.5,937.0,7.081796932901246,100
2024-04-08 12:00:00+05:30,6.0,327.0,36.6,936.4,4.112844374168117,100
2024-04-08 13:00:00+05:30,4.8,297.0,37.3,935.3,1.5806498100281776,100
2024-04-08 14:00:00+05:30,4.7,274.0,37.7,934.4,1.0706091668964357,100
2024-04-08 15:00:00+05:30,5.7,305.0,37.6,933.6,3.746089463837233,100
2024-04-08 16:00:00+05:30,9.9,316.0,37.1,933.1,44.7453146904708,100
2024-04-08 17:00:00+05:30,10.8,291.0,36.0,933.0,64.23392098092603,100
2024-04-08 18:00:00+05:30,17.2,260.0,33.6,933.4,98.28394479439456,100
2024-04-08 19:00:00+05:30,16.1,286.0,30.6,933.8,99.52385412916813,100
2024-04-08 20:00:00+05:30,10.0,300.0,29.2,934.6,47.667211762781676,100
2024-04-08 21:00:00+05:30,10.6,298.0,27.8,935.1,58.930835450962334,100
2024-04-08 22:00:00+05:30,8.4,320.0,26.6,935.3,21.16295389799151,100
2024-04-08 23:00:00+05:30,4.0,333.0,24.8,935.1,0.3516691526542365,100
2024-04-09 00:00:00+05:30,5.1,309.0,24.0,934.2,1.9065367600021,100
2024-04-09 01:00:00+05:30,9.8,294.0,23.5,933.2,42.20969379624224,100
2024-04-09 02:00:00+05:30,4.6,342.0,22.8,932.5,0.0,100
2024-04-09 03:00:00+05:30,4.3,360.0,22.1,932.0,0.2721136904053809,100
2024-04-09 04:00:00+05:30,6.1,320.0,21.8,932.0,3.0501798136810745,100
2024-04-09 05:00:00+05:30,5.5,302.0,21.5,932.2,1.0808503837948993,100
2024-04-09 06:00:00+05:30,3.5,294.0,21.9,933.1,0.004999440191562782,100
2024-04-09 07:00:00+05:30,3.8,319.0,24.3,934.5,1.1126002001736215,100
2024-04-09 08:00:00+05:30,3.8,287.0,29.1,936.3,0.0,100
2024-04-09 09:00:00+05:30,3.3,311.0,33.0,937.3,0.0,100
2024-04-09 10:00:00+05:30,1.5,346.0,35.4,937.4,0.0,100
2024-04-09 11:00:00+05:30,1.3,236.0,36.5,937.1,0.0,100
2024-04-09 12:00:00+05:30,1.1,18.0,37.5,936.5,0.0,100
2024-04-09 13:00:00+05:30,6.3,13.0,38.3,935.5,4.1221269880486195,100
2024-04-09 14:00:00+05:30,8.4,353.0,38.6,934.6,21.246874233144396,100
2024-04-09 15:00:00+05:30,9.9,289.0,38.0,933.5,44.29595698368924,100
2024-04-09 16:00:00+05:30,14.8,266.0,37.1,933.1,100.0,100
2024-04-09 17:00:00+05:30,24.1,273.0,34.4,932.8,98.60039394695785,100
2024-04-09 18:00:00+05:30,17.3,275.0,32.0,933.5,98.6862034753159,100
2024-04-09 19:00:00+05:30,15.0,280.0,29.9,934.0,98.47957570033765,100
2024-04-09 20:00:00+05:30,11.5,290.0,28.1,934.5,81.1210198363904,100
2024-04-09 21:00:00+05:30,10.5,329.0,26.9,935.3,58.84241140963673,100
2024-04-09 22:00:00+05:30,9.7,321.0,26.1,935.7,40.18803143615668,100
2024-04-09 23:00:00+05:30,8.9,317.0,25.2,935.4,26.82778411876483,100
2024-04-10 00:00:00+05:30,6.3,329.0,24.3,934.6,5.378928836285111,100
2024-04-10 01:00:00+05:30,4.6,321.0,23.5,933.9,0.0,100
2024-04-10 02:00:00+05:30,3.8,343.0,22.5,933.3,0.0,100
2024-04-10 03:00:00+05:30,2.5,352.0,23.2,933.2,0.963197639513122,100
2024-04-10 04:00:00+05:30,3.6,354.0,22.7,933.3,0.0,100
2024-04-10 05:00:00+05:30,7.2,53.0,22.4,934.0,10.065824242708509,100
2024-04-10 06:00:00+05:30,2.9,330.0,22.0,934.8,0.4995856885625347,100
2024-04-10 07:00:00+05:30,2.8,320.0,24.3,935.7,0.8188096115959573,100
2024-04-10 08:00:00+05:30,0.4,90.0,27.9,937.1,0.0,100
2024-04-10 09:00:00+05:30,2.4,153.0,31.2,937.8,0.0,100
2024-04-10 10:00:00+05:30,5.5,157.0,34.5,937.7,0.0,100
2024-04-10 11:00:00+05:30,3.3,193.0,36.1,937.3,0.0,100
2024-04-10 12:00:00+05:30,1.1,270.0,37.0,936.7,0.02902076687750386,100
2024-04-10 13:00:00+05:30,4.5,61.0,37.8,935.8,1.4960043043298317,100
2024-04-10 14:00:00+05:30,10.1,63.0,38.6,934.6,50.13118385332486,100
2024-04-10 15:00:00+05:30,9.4,50.0,39.0,933.4,38.09081261054097,100
2024-04-10 16:00:00+05:30,4.7,337.0,38.5,932.6,0.017810824614073684,100
2024-04-10 17:00:00+05:30,22.4,259.0,34.3,932.5,100.0,100
2024-04-10 18:00:00+05:30,21.7,285.0,31.8,932.9,96.92708651099205,100
2024-04-10 19:00:00+05:30,16.6,272.0,29.7,933.3,100.0,100
2024-04-10 20:00:00+05:30,12.8,308.0,28.6,933.9,97.91232607303405,100
2024-04-10 21:00:00+05:30,6.3,329.0,27.1,934.9,3.256008323976782,100
2024-04-10 22:00:00+05:30,8.3,304.0,25.9,935.4,21.80030578958945,100
2024-04-10 23:00:00+05:30,6.8,288.0,24.4,935.1,6.652894361447365,100
2024-04-11 00:00:00+05:30,3.6,135.0,24.2,935.1,1.3860881034491435,100
2024-04-11 01:00:00+05:30,2.6,254.0,23.1,934.5,0.6588618267854418,100
2024-04-11 02:00:00+05:30,3.6,84.0,23.7,934.3,0.09621512524094311,100
2024-04-11 03:00:00+05:30,2.2,360.0,22.5,933.9,0.0,100
2024-04-11 04:00:00+05:30,3.1,291.0,22.9,934.1,0.0,100
2024-04-11 05:00:00+05:30,3.3,229.0,22.9,935.0,0.018566238186712852,100
2024-04-11 06:00:00+05:30,3.4,162.0,23.3,935.7,0.0,100
2024-04-11 07:00:00+05:30,2.4,297.0,24.5,936.2,0.9675131666398094,100
2024-04-11 08:00:00+05:30,2.3,342.0,28.1,937.5,0.01661167159327614,100
2024-04-11 09:00:00+05:30,1.9,248.0,31.6,938.2,0.0,100
2024-04-11 10:00:00+05:30,0.0,270.0,34.4,938.2,0.0,100
2024-04-11 11:00:00+05:30,2.3,231.0,35.9,937.9,0.0,100
2024-04-11 12:00:00+05:30,3.3,221.0,36.7,937.4,0.1257915917732023,100
2024-04-11 13:00:00+05:30,0.8,207.0,36.9,936.2,0.0879901437497102,100
2024-04-11 14:00:00+05:30,6.6,49.0,37.4,935.0,5.4659450915633405,100
2024-04-11 15:00:00+05:30,6.2,36.0,38.5,933.7,5.219834527747372,100
2024-04-11 16:00:00+05:30,6.0,303.0,38.3,933.0,3.8621959253538285,100
2024-04-11 17:00:00+05:30,20.0,263.0,35.5,932.8,95.574541376524,100
2024-04-11 18:00:00+05:30,24.6,259.0,31.8,934.0,95.6622026171078,100
2024-04-11 19:00:00+05:30,19.2,287.0,29.7,934.4,96.74587594786867,100
2024-04-11 20:00:00+05:30,13.7,305.0,28.9,934.9,100.0,100
2024-04-11 21:00:00+05:30,2.1,31.0,28.3,936.1,0.0,100
2024-04-11 22:00:00+05:30,4.2,20.0,26.4,936.2,0.013735362306523974,100
2024-04-11 23:00:00+05:30,3.7,299.0,25.9,936.0,0.0,100
2024-04-12 00:00:00+05:30,6.6,279.0,25.0,935.3,6.496656026867506,100
2024-04-12 01:00:00+05:30,6.2,291.0,23.5,934.5,5.028543673460907,100
2024-04-12 02:00:00+05:30,3.4,342.0,22.4,933.9,0.0,100
2024-04-12 03:00:00+05:30,6.6,311.0,22.2,933.3,6.931965210497141,100
2024-04-12 04:00:00+05:30,6.9,313.0,21.7,933.2,10.259094463698615,100
2024-04-12 05:00:00+05:30,4.2,329.0,21.1,933.6,0.0,100
2024-04-12 06:00:00+05:30,4.8,312.0,22.6,935.2,0.5850558217084489,100
2024-04-12 07:00:00+05:30,2.9,277.0,24.7,936.2,0.0,100
2024-04-12 08:00:00+05:30,5.1,141.0,28.0,937.8,0.0,100
2024-04-12 09:00:00+05:30,4.6,141.0,30.3,938.4,0.7277929456156318,100
2024-04-12 10:00:00+05:30,3.5,156.0,32.5,938.2,0.13306158327633838,100
2024-04-12 11:00:00+05:30,4.0,190.0,34.1,937.6,0.40104732095671203,100
2024-04-12 12:00:00+05:30,2.1,149.0,35.2,937.0,0.0,100
2024-04-12 13:00:00+05:30,3.8,73.0,36.5,935.9,0.0,100
2024-04-12 14:00:00+05:30,0.8,333.0,37.9,934.6,1.4450099061417796,100
2024-04-12 15:00:00+05:30,11.5,272.0,37.8,933.6,84.67092610115762,100
2024-04-12 16:00:00+05:30,19.1,272.0,35.8,933.1,98.44164025853361,100
2024-04-12 17:00:00+05:30,19.1,271.0,34.1,933.1,100.0,100
2024-04-12 18:00:00+05:30,17.7,264.0,31.2,934.1,98.27569628198896,100
2024-04-12 19:00:00+05:30,17.1,277.0,29.1,934.4,97.82950398531085,100
2024-04-12 20:00:00+05:30,7.4,309.0,27.7,935.0,10.99376479162728,100
2024-04-12 21:00:00+05:30,7.7,101.0,26.9,935.9,14.078016275875774,100
2024-04-12 22:00:00+05:30,3.6,323.0,26.2,936.2,0.0,100
2024-04-12 23:00:00+05:30,6.4,317.0,24.8,936.4,5.564835577491949,100
2024-04-13 00:00:00+05:30,8.3,304.0,23.9,935.4,16.128575787909597,100
2024-04-13 01:00:00+05:30,5.2,295.0,23.5,934.8,3.0882365805089815,100
2024-04-13 02:00:00+05:30,6.7,306.0,22.8,934.3,6.181232629185533,100
2024-04-13 03:00:00+05:30,2.5,45.0,22.0,933.9,0.6150319917444101,100
2024-04-13 04:00:00+05:30,2.1,59.0,22.3,934.5,0.20358372766098287,100
2024-04-13 05:00:00+05:30,2.9,277.0,21.7,934.8,1.519606701542978,100
2024-04-13 06:00:00+05:30,2.3,321.0,21.4,935.5,0.0,100
2024-04-13 07:00:00+05:30,3.6,315.0,23.3,936.6,0.0,100
2024-04-13 08:00:00+05:30,0.8,297.0,27.2,937.9,0.0,100
2024-04-13 09:00:00+05:30,2.9,150.0,30.1,938.3,0.30301449467571595,100
2024-04-13 10:00:00+05:30,2.9,150.0,32.9,938.1,1.2535449647740653,100
2024-04-13 11:00:00+05:30,3.1,135.0,34.7,937.6,0.0,100
2024-04-13 12:00:00+05:30,4.4,99.0,36.3,936.7,0.0,100
2024-04-13 13:00:00+05:30,3.7,79.0,37.5,935.6,1.5973187296543334,100
2024-04-13 14:00:00+05:30,3.1,306.0,38.7,934.2,0.0,100
2024-04-13 15:00:00+05:30,18.0,272.0,37.4,933.4,99.81189484377035,100
2024-04-13 16:00:00+05:30,21.6,271.0,35.1,933.1,97.23477279324034,100
2024-04-13 17:00:00+05:30,17.0,265.0,33.9,933.1,100.0,100
2024-04-13 18:00:00+05:30,18.5,277.0,31.3,933.7,95.16394383917384,100
2024-04-13 19:00:00+05:30,14.7,295.0,28.9,934.2,100.0,100
2024-04-13 20:00:00+05:30,5.9,313.0,27.3,935.0,3.142905005999834,100
2024-04-13 21:00:00+05:30,2.5,8.0,26.8,935.8,0.28305219932733455,100
2024-04-13 22:00:00+05:30,4.8,42.0,25.2,936.6,1.2562272349103139,100
2024-04-13 23:00:00+05:30,6.0,245.0,24.5,936.7,3.0670265607087197,100
2024-04-14 00:00:00+05:30,6.6,261.0,22.9,935.8,6.442114885228006,100
2024-04-14 01:00:00+05:30,1.8,323.0,21.7,935.2,0.0,100
2024-04-14 02:00:00+05:30,4.0,360.0,21.2,934.7,1.4998869829672647,100
2024-04-14 03:00:00+05:30,4.5,346.0,20.4,934.5,0.0,100
2024-04-14 04:00:00+05:30,3.7,331.0,20.3,934.6,0.0,100
2024-04-14 05:00:00+05:30,4.6,342.0,19.8,934.8,0.0,100
2024-04-14 06:00:00+05:30,6.6,331.0,20.0,935.7,6.174464494268163,100
2024-04-14 07:00:00+05:30,5.0,330.0,22.5,936.5,0.584483544844328,100
2024-04-14 08:00:00+05:30,1.8,323.0,27.0,938.4,0.0,100
2024-04-14 09:00:00+05:30,2.4,333.0,31.3,939.0,0.3116180448808797,100
2024-04-14 10:00:00+05:30,1.4,360.0,34.7,939.0,0.4985892361424286,100
2024-04-14 11:00:00+05:30,3.1,159.0,36.4,938.3,0.044947187170627824,100
2024-04-14 12:00:00+05:30,5.2,164.0,37.3,937.3,0.0,100
2024-04-14 13:00:00+05:30,5.3,152.0,38.0,936.1,0.8718254290763728,100
2024-04-14 14:00:00+05:30,4.6,129.0,38.5,935.2,1.9914721111275535,100
2024-04-14 15:00:00+05:30,4.5,119.0,38.4,934.5,1.2568586724970527,100
2024-04-14 16:00:00+05:30,2.1,59.0,38.0,933.7,0.0,100
2024-04-14 17:00:00+05:30,4.4,261.0,38.1,933.3,2.0461300074524655,100
2024-04-14 18:00:00+05:30,23.9,258.0,33.8,933.9,100.0,100
2024-04-14 19:00:00+05:30,20.5,298.0,30.2,934.6,99.84581942831329,100
2024-04-14 20:00:00+05:30,11.6,292.0,29.4,935.1,86.66257794997993,100
2024-04-14 21:00:00+05:30,6.2,7.0,27.9,936.3,3.3939437388286042,100
2024-04-14 22:00:00+05:30,2.9,240.0,26.2,936.7,0.32987276472892935,100
2024-04-14 23:00:00+05:30,3.0,284.0,25.2,936.7,0.0,100
2024-04-15 00:00:00+05:30,2.7,337.0,24.6,936.0,0.4369274265781385,100
2024-04-15 01:00:00+05:30,6.4,333.0,23.7,935.7,7.623362729128512,100
2024-04-15 02:00:00+05:30,6.4,317.0,22.9,934.9,3.77775593076767,100
2024-04-15 03:00:00+05:30,6.4,317.0,22.7,934.4,4.744525696559614,100
2024-04-15 04:00:00+05:30,4.9,306.0,22.6,934.5,1.5487098769820933,100
2024-04-15 05:00:00+05:30,6.8,302.0,22.3,934.8,6.114751633659387,100
2024-04-15 06:00:00+05:30,6.8,288.0,24.4,935.8,7.734687630652727,100
2024-04-15 07:00:00+05:30,7.4,313.0,26.8,937.0,10.933334061245406,100
2024-04-15 08:00:00+05:30,1.4,360.0,30.4,938.6,0.5312512735286816,100
2024-04-15 09:00:00+05:30,5.4,127.0,33.6,939.5,1.508442593707738,100
2024-04-15 10:00:00+05:30,9.6,103.0,35.8,939.6,40.02846679895405,100
2024-04-15 11:00:00+05:30,7.2,87.0,36.3,939.2,10.843458675485632,100
2024-04-15 12:00:00+05:30,6.2,69.0,37.3,938.2,6.145686261721161,100
2024-04-15 13:00:00+05:30,5.1,45.0,38.1,937.1,0.5320602470029508,100
2024-04-15 14:00:00+05:30,5.3,28.0,38.8,935.8,1.5624089061063935,100
2024-04-15 15:00:00+05:30,5.8,22.0,39.2,934.8,3.1359729239705993,100
2024-04-15 16:00:00+05:30,7.8,22.0,38.9,934.5,15.788836021655241,100
2024-04-15 17:00:00+05:30,5.6,27.0,38.1,934.5,1.3532026855242039,100
2024-04-15 18:00:00+05:30,3.8,73.0,35.7,935.3,2.869668299392255,100
2024-04-15 19:00:00+05:30,14.2,291.0,32.3,936.0,99.85856140599056,100
2024-04-15 20:00:00+05:30,13.6,310.0,29.9,936.7,97.7463477457807,100
2024-04-15 21:00:00+05:30,13.0,309.0,30.0,937.1,98.69935041973145,100
2024-04-15 22:00:00+05:30,13.3,322.0,29.9,937.2,93.3292589196056,100
2024-04-15 23:00:00+05:30,13.2,331.0,29.8,937.1,98.23828360070904,100
2024-04-16 00:00:00+05:30,6.0,343.0,29.3,936.6,3.6781006691466165,100
2024-04-16 01:00:00+05:30,5.0,291.0,29.1,936.0,0.0,100
2024-04-16 02:00:00+05:30,5.5,337.0,27.6,935.1,2.9567707335112563,100
2024-04-16 03:00:00+05:30,4.8,347.0,27.2,934.6,1.9922128612664534,100
2024-04-16 04:00:00+05:30,5.1,356.0,27.1,934.5,1.1946020651378306,100
2024-04-16 05:00:00+05:30,8.0,350.0,26.8,934.6,16.923718147624633,100
2024-04-16 06:00:00+05:30,4.8,297.0,26.9,934.9,0.8026081776281239,100
2024-04-16 07:00:00+05:30,4.6,288.0,28.8,936.0,0.0,100
2024-04-16 08:00:00+05:30,2.5,315.0,32.8,937.3,1.7610183443144953,100
2024-04-16 09:00:00+05:30,7.4,47.0,35.8,937.7,13.3658378814151,100
2024-04-16 10:00:00+05:30,7.2,53.0,37.2,937.6,10.83044917931171,100
2024-04-16 11:00:00+05:30,8.7,48.0,38.0,937.7,23.60575120035835,100
2024-04-16 12:00:00+05:30,8.9,50.0,38.5,937.2,27.5140775618912,100
2024-04-16 13:00:00+05:30,5.7,35.0,38.5,936.0,5.097333490752616,100
2024-04-16 14:00:00+05:30,6.0,25.0,38.9,935.0,3.5520352115829517,100
2024-04-16 15:00:00+05:30,2.9,353.0,38.6,934.3,0.25737338666933585,100
2024-04-16 16:00:00+05:30,4.0,260.0,38.1,933.7,0.6011669229163538,100
2024-04-16 17:00:00+05:30,3.3,311.0,37.4,933.8,1.4054697350608094,100
2024-04-16 18:00:00+05:30,11.4,347.0,35.7,934.4,83.09920771190777,100
2024-04-16 19:00:00+05:30,17.4,304.0,33.1,934.7,98.97524999497594,100
2024-04-16 20:00:00+05:30,17.6,301.0,31.8,934.9,98.25532115893493,100
2024-04-16 21:00:00+05:30,12.3,308.0,31.5,935.8,99.08516852131065,100
2024-04-16 22:00:00+05:30,5.9,256.0,30.5,936.0,3.9408943447795304,100
2024-04-16 23:00:00+05:30,3.1,216.0,29.5,935.9,1.926700462287603,100
2024-04-17 00:00:00+05:30,7.9,309.0,28.4,935.3,16.98998295101777,100
2024-04-17 01:00:00+05:30,8.8,325.0,28.1,934.8,25.001627010896442,100
2024-04-17 02:00:00+05:30,7.2,333.0,28.3,934.3,10.259636063029445,100
2024-04-17 03:00:00+05:30,5.0,339.0,27.4,933.8,0.4925106675776655,100
2024-04-17 04:00:00+05:30,7.3,327.0,27.6,933.7,10.921758252008638,100
2024-04-17 05:00:00+05:30,4.6,321.0,27.2,933.9,0.0,100
2024-04-17 06:00:00+05:30,6.9,321.0,26.1,934.3,9.15470282881073,100
2024-04-17 07:00:00+05:30,4.3,312.0,28.4,935.6,2.217781749563909,100
2024-04-17 08:00:00+05:30,2.3,342.0,32.3,936.9,0.0874487769946929,100
2024-04-17 09:00:00+05:30,5.2,56.0,35.1,937.8,2.364501223116882,100
2024-04-17 10:00:00+05:30,8.4,83.0,37.0,937.7,22.575667375827905,100
2024-04-17 11:00:00+05:30,8.6,90.0,37.7,937.4,24.433113832636124,100
2024-04-17 12:00:00+05:30,8.4,83.0,38.9,936.9,21.448172519392696,100
2024-04-17 13:00:00+05:30,8.8,81.0,39.6,935.7,27.123433960748002,100
2024-04-17 14:00:00+05:30,2.4,27.0,39.7,934.5,0.9496100553426596,100
2024-04-17 15:00:00+05:30,13.9,301.0,38.4,934.2,99.13696180799414,100
2024-04-17 16:00:00+05:30,18.7,293.0,33.9,934.0,98.6290933562293,100
2024-04-17 17:00:00+05:30,12.1,258.0,33.9,934.1,98.63542361467013,100
2024-04-17 18:00:00+05:30,11.6,306.0,32.5,935.2,88.33950185837934,100
2024-04-17 19:00:00+05:30,10.7,290.0,31.1,935.8,64.42145322814274,100
2024-04-17 20:00:00+05:30,10.5,286.0,29.7,936.2,57.366421139355595,100
2024-04-17 21:00:00+05:30,8.0,297.0,28.6,936.5,17.952793630590243,100
2024-04-17 22:00:00+05:30,6.9,298.0,28.0,936.7,8.31237280855968,100
2024-04-17 23:00:00+05:30,5.4,278.0,27.6,936.6,1.8325961907881458,100
2024-04-18 00:00:00+05:30,5.4,290.0,27.2,936.0,2.0772781667467006,100
2024-04-18 01:00:00+05:30,2.7,293.0,26.9,935.2,0.9625544069119248,100
2024-04-18 02:00:00+05:30,2.5,278.0,26.6,934.7,0.0,100
2024-04-18 03:00:00+05:30,5.7,288.0,26.1,934.0,2.634260080276366,100
2024-04-18 04:00:00+05:30,5.9,308.0,25.8,933.9,5.020917915087713,100
2024-04-18 05:00:00+05:30,5.9,313.0,25.4,934.1,3.927132784152878,100
2024-04-18 06:00:00+05:30,4.2,301.0,24.8,934.3,0.0,100
2024-04-18 07:00:00+05:30,3.6,270.0,27.0,935.5,0.0,100
2024-04-18 08:00:00+05:30,2.9,277.0,30.7,936.9,0.0,100
2024-04-18 09:00:00+05:30,4.4,351.0,33.9,937.3,0.5472352785754708,100
2024-04-18 10:00:00+05:30,6.8,32.0,36.8,937.2,7.558661083548084,100
2024-04-18 11:00:00+05:30,8.8,35.0,37.9,936.7,28.97920215742192,100
2024-04-18 12:00:00+05:30,8.7,45.0,38.8,935.8,26.320097858580585,100
2024-04-18 13:00:00+05:30,10.0,41.0,39.9,934.7,47.09981505651424,100
2024-04-18 14:00:00+05:30,3.9,326.0,38.0,933.7,1.9401558482330645,100
2024-04-18 15:00:00+05:30,15.3,221.0,32.0,933.8,99.87717518122994,100
2024-04-18 16:00:00+05:30,10.8,272.0,34.4,933.2,67.10395942595129,100
2024-04-18 17:00:00+05:30,13.4,276.0,33.2,933.0,100.0,100
2024-04-18 18:00:00+05:30,13.6,281.0,32.4,933.1,99.53666576915899,100
2024-04-18 19:00:00+05:30,10.9,278.0,30.3,933.4,66.50311613241153,100
2024-04-18 20:00:00+05:30,7.9,267.0,28.8,934.1,17.641715206434792,100
2024-04-18 21:00:00+05:30,5.4,262.0,27.8,934.7,0.03465593599547656,100
2024-04-18 22:00:00+05:30,5.8,300.0,27.0,934.8,1.9803007567281645,100
2024-04-18 23:00:00+05:30,8.5,332.0,26.1,934.5,23.00101966149837,100
2024-04-19 00:00:00+05:30,7.9,336.0,25.7,934.3,16.55517211036836,100
2024-04-19 01:00:00+05:30,4.7,270.0,25.3,933.8,0.0,100
2024-04-19 02:00:00+05:30,1.9,158.0,24.8,933.2,0.0,100
2024-04-19 03:00:00+05:30,1.1,270.0,24.6,932.5,1.109669285694676,100
2024-04-19 04:00:00+05:30,2.5,352.0,24.5,932.4,0.0,100
2024-04-19 05:00:00+05:30,4.0,333.0,24.2,932.5,0.14307903030898517,100
2024-04-19 06:00:00+05:30,5.9,308.0,24.6,932.9,3.003125280844415,100
2024-04-19 07:00:00+05:30,1.4,270.0,26.6,934.3,0.0,100
2024-04-19 08:00:00+05:30,4.8,153.0,29.4,935.8,0.2648637251529864,100
2024-04-19 09:00:00+05:30,1.8,307.0,32.3,936.2,0.4643831373045414,100
2024-04-19 10:00:00+05:30,6.3,347.0,35.4,936.1,4.866775945296927,100
2024-04-19 11:00:00+05:30,5.4,4.0,37.4,935.2,1.9039792619922935,100
2024-04-19 12:00:00+05:30,2.9,7.0,38.4,934.2,0.9645479811810249,100
2024-04-19 13:00:00+05:30,5.4,42.0,39.9,933.3,2.120224832171665,100
2024-04-19 14:00:00+05:30,4.0,5.0,39.8,931.8,1.3336174928726243,100
2024-04-19 15:00:00+05:30,18.8,266.0,36.8,931.4,100.0,100
2024-04-19 16:00:00+05:30,20.5,288.0,34.7,931.2,98.07357125013488,100
2024-04-19 17:00:00+05:30,10.6,288.0,35.2,931.3,56.88653364432591,100
2024-04-19 18:00:00+05:30,17.0,274.0,30.8,932.0,100.0,100
2024-04-19 19:00:00+05:30,14.8,283.0,29.2,932.5,100.0,100
2024-04-19 20:00:00+05:30,6.5,276.0,28.7,933.4,7.911787649986277,100
2024-04-19 21:00:00+05:30,1.4,180.0,28.4,934.4,2.31162639059726,100
2024-04-19 22:00:00+05:30,5.2,282.0,27.6,934.4,3.500598896529519,100
2024-04-19 23:00:00+05:30,4.2,329.0,26.9,934.0,0.0,100
2024-04-20 00:00:00+05:30,5.4,312.0,25.9,933.3,1.7462249153676643,100
2024-04-20 01:00:00+05:30,6.0,303.0,25.3,932.6,3.6221937723973108,100
2024-04-20 02:00:00+05:30,6.4,317.0,25.1,932.1,4.980739692839198,100
2024-04-20 03:00:00+05:30,6.9,317.0,25.4,932.1,9.68087327986034,100
2024-04-20 04:00:00+05:30,8.2,331.0,25.6,932.3,17.12257412046576,100
2024-04-20 05:00:00+05:30,6.9,317.0,25.5,932.7,8.369162534325625,100
2024-04-20 06:00:00+05:30,2.3,162.0,26.3,932.8,0.17534348341735165,100
2024-04-20 07:00:00+05:30,5.8,187.0,27.4,934.3,3.1481070114785363,100
2024-04-20 08:00:00+05:30,1.1,270.0,29.9,935.3,0.46578108885451636,100
2024-04-20 09:00:00+05:30,1.8,307.0,32.3,936.0,0.0,100
2024-04-20 10:00:00+05:30,3.2,333.0,34.5,936.0,0.0,100
2024-04-20 11:00:00+05:30,2.2,351.0,36.8,935.5,0.7191869817698122,100
2024-04-20 12:00:00+05:30,4.4,55.0,38.6,934.4,0.12210366335427197,100
2024-04-20 13:00:00+05:30,8.7,275.0,36.5,933.3,26.417773274460593,100
2024-04-20 14:00:00+05:30,12.5,282.0,34.3,933.0,98.42315761191817,100
2024-04-20 15:00:00+05:30,20.0,120.0,33.4,932.9,100.0,100
2024-04-20 16:00:00+05:30,13.3,178.0,30.6,932.8,100.0,100
2024-04-20 17:00:00+05:30,6.5,186.0,32.0,932.9,7.4568905576145355,100
2024-04-20 18:00:00+05:30,8.7,312.0,29.8,934.0,25.95626215389299,100
2024-04-20 19:00:00+05:30,9.3,306.0,28.4,934.3,34.13234334705031,100
2024-04-20 20:00:00+05:30,7.1,285.0,27.4,934.6,9.20575917143635,100
2024-04-20 21:00:00+05:30,7.6,295.0,26.7,935.0,11.876427738841604,100
2024-04-20 22:00:00+05:30,6.1,315.0,26.1,935.2,3.903084466696766,100
2024-04-20 23:00:00+05:30,3.9,292.0,25.6,934.8,0.0,100
2024-04-21 00:00:00+05:30,2.5,262.0,25.1,934.0,0.0,100
2024-04-21 01:00:00+05:30,3.3,283.0,25.1,933.3,0.3137263574744014,100
2024-04-21 02:00:00+05:30,6.7,324.0,24.5,932.5,6.559876112244353,100
2024-04-21 03:00:00+05:30,7.0,339.0,23.9,931.9,6.354556946808464,100
2024-04-21 04:00:00+05:30,3.5,294.0,23.2,932.2,0.0,100
2024-04-21 05:00:00+05:30,2.8,220.0,23.0,932.7,0.0,100
2024-04-21 06:00:00+05:30,1.8,143.0,23.5,932.7,0.34590081241916565,100
2024-04-21 07:00:00+05:30,1.5,256.0,25.3,934.1,0.0,100
2024-04-21 08:00:00+05:30,1.8,259.0,28.8,935.6,1.2026154792777852,100
2024-04-21 09:00:00+05:30,3.8,343.0,32.0,936.4,0.0,100
2024-04-21 10:00:00+05:30,8.7,45.0,34.4,936.5,25.50851844725181,100
2024-04-21 11:00:00+05:30,8.9,63.0,35.3,935.8,26.368522708832717,100
2024-04-21 12:00:00+05:30,5.1,94.0,36.3,935.3,1.011643731253219,100
2024-04-21 13:00:00+05:30,4.6,108.0,37.2,934.1,0.0,100
2024-04-21 14:00:00+05:30,2.9,173.0,38.1,933.0,0.0,100
2024-04-21 15:00:00+05:30,21.7,264.0,34.4,932.5,97.96946021397146,100
2024-04-21 16:00:00+05:30,10.6,288.0,34.5,932.5,58.128015024354134,100
2024-04-21 17:00:00+05:30,11.2,264.0,33.7,932.9,75.32233323588115,100
2024-04-21 18:00:00+05:30,6.8,270.0,32.2,933.1,7.51215629692904,100
2024-04-21 19:00:00+05:30,11.4,281.0,30.4,933.6,79.76850869715724,100
2024-04-21 20:00:00+05:30,17.9,289.0,28.1,934.4,100.0,100
2024-04-21 21:00:00+05:30,10.0,300.0,27.3,934.5,49.0541891158769,100
2024-04-21 22:00:00+05:30,5.4,323.0,27.2,934.9,3.170566605726277,100
2024-04-21 23:00:00+05:30,6.1,310.0,26.9,934.7,5.02443972003472,100
2024-04-22 00:00:00+05:30,5.6,310.0,26.1,934.0,2.8409852870280616,100
2024-04-22 01:00:00+05:30,4.3,336.0,25.1,933.5,2.713611756236969,100
2024-04-22 02:00:00+05:30,6.1,320.0,24.8,933.0,4.264063209758716,100
2024-04-22 03:00:00+05:30,4.6,321.0,24.1,932.9,0.7866946740604103,100
2024-04-22 04:00:00+05:30,6.1,315.0,23.6,932.9,3.324519759213506,100
2024-04-22 05:00:00+05:30,6.6,311.0,23.1,933.2,6.556375502909702,100
2024-04-22 06:00:00+05:30,6.4,317.0,23.8,933.3,6.9243829323550035,100
2024-04-22 07:00:00+05:30,6.1,320.0,26.4,934.4,4.827332542593174,100
2024-04-22 08:00:00+05:30,5.6,333.0,30.7,936.0,2.7821979295039334,100
2024-04-22 09:00:00+05:30,5.4,352.0,33.8,936.5,0.3003988317227164,100
2024-04-22 10:00:00+05:30,1.5,225.0,35.7,936.7,0.0,100
2024-04-22 11:00:00+05:30,6.3,204.0,36.6,936.3,3.6310490369384976,100
2024-04-22 12:00:00+05:30,7.4,203.0,36.6,936.1,10.919046342632587,100
2024-04-22 13:00:00+05:30,8.0,126.0,36.1,935.3,20.075353851794844,100
2024-04-22 14:00:00+05:30,8.0,172.0,35.9,934.6,17.78093904459331,100
2024-04-22 15:00:00+05:30,6.2,260.0,36.2,933.9,3.172578123819785,100
2024-04-22 16:00:00+05:30,10.9,279.0,36.1,933.2,68.596868409983,100
2024-04-22 17:00:00+05:30,12.7,285.0,34.8,933.3,98.6748700047518,100
2024-04-22 18:00:00+05:30,9.2,281.0,32.3,934.0,32.3849485014303,100
2024-04-22 19:00:00+05:30,7.9,267.0,30.5,934.2,17.162851136794615,100
2024-04-22 20:00:00+05:30,7.9,267.0,29.0,934.5,14.871655748029074,100
2024-04-22 21:00:00+05:30,5.4,278.0,27.7,935.1,2.536160356722103,100
2024-04-22 22:00:00+05:30,2.7,337.0,26.7,935.6,0.9954685480879363,100
2024-04-22 23:00:00+05:30,4.4,325.0,26.0,935.4,0.4835983648247044,100
2024-04-23 00:00:00+05:30,8.4,295.0,25.3,934.6,21.548596813413752,100
2024-04-23 01:00:00+05:30,8.3,304.0,24.9,933.7,19.54890866765674,100
2024-04-23 02:00:00+05:30,6.2,324.0,24.3,933.1,4.325236016492755,100
2024-04-23 03:00:00+05:30,6.0,327.0,23.8,932.4,3.1528037626763425,100
2024-04-23 04:00:00+05:30,6.6,315.0,23.5,932.5,6.586801448968293,100
2024-04-23 05:00:00+05:30,6.3,301.0,23.2,932.6,5.18319979522152,100
2024-04-23 06:00:00+05:30,5.8,300.0,23.4,933.2,5.049680609114569,100
2024-04-23 07:00:00+05:30,4.9,287.0,26.1,934.4,1.8246922659627383,100
2024-04-23 08:00:00+05:30,5.1,321.0,30.1,935.9,2.169727762730289,100
2024-04-23 09:00:00+05:30,8.0,355.0,33.0,936.3,17.01450949561969,100
2024-04-23 10:00:00+05:30,6.5,354.0,35.1,936.2,9.087250879407096,100
2024-04-23 11:00:00+05:30,1.3,304.0,36.5,935.7,0.9557792975452893,100
2024-04-23 12:00:00+05:30,4.1,232.0,37.5,935.0,0.0,100
2024-04-23 13:00:00+05:30,5.9,232.0,37.9,934.0,3.070318256149473,100
2024-04-23 14:00:00+05:30,5.0,249.0,38.3,932.8,1.3012202514795295,100
2024-04-23 15:00:00+05:30,4.5,256.0,37.9,931.9,0.24462025423719133,100
2024-04-23 16:00:00+05:30,3.4,302.0,37.6,931.5,1.9411527754642515,100
2024-04-23 17:00:00+05:30,6.1,270.0,36.9,931.0,4.281256863805002,100
2024-04-23 18:00:00+05:30,13.0,275.0,34.6,931.5,100.0,100
2024-04-23 19:00:00+05:30,17.4,283.0,32.0,931.8,99.02136264327903,100
2024-04-23 20:00:00+05:30,7.6,315.0,29.7,932.3,13.080945039586668,100
2024-04-23 21:00:00+05:30,5.2,102.0,29.1,933.3,2.3819473921564036,100
2024-04-23 22:00:00+05:30,3.3,264.0,28.3,933.9,0.0,100
2024-04-23 23:00:00+05:30,5.0,300.0,27.1,933.4,0.0,100
2024-04-24 00:00:00+05:30,2.7,337.0,25.8,932.6,0.0,100
2024-04-24 01:00:00+05:30,3.3,311.0,25.4,932.0,0.5100371869910796,100
2024-04-24 02:00:00+05:30,5.0,330.0,25.1,931.5,3.492099962945491,100
2024-04-24 03:00:00+05:30,9.3,306.0,25.0,931.0,35.44907502551546,100
2024-04-24 04:00:00+05:30,10.9,314.0,25.5,930.9,69.29336661268015,100
2024-04-24 05:00:00+05:30,4.5,331.0,25.2,931.4,0.0,100
2024-04-24 06:00:00+05:30,2.5,270.0,25.1,932.4,0.0,100
2024-04-24 07:00:00+05:30,5.0,300.0,27.0,933.3,2.521855779178201,100
2024-04-24 08:00:00+05:30,3.1,249.0,30.3,934.9,0.4811332106873737,100
2024-04-24 09:00:00+05:30,1.9,158.0,32.7,935.5,0.0,100
2024-04-24 10:00:00+05:30,3.6,143.0,34.6,935.6,0.0,100
2024-04-24 11:00:00+05:30,3.6,174.0,36.1,935.1,1.242438390347752,100
2024-04-24 12:00:00+05:30,3.6,135.0,37.3,934.5,0.5618365180015791,100
2024-04-24 13:00:00+05:30,3.3,167.0,38.1,933.5,0.0,100
2024-04-24 14:00:00+05:30,13.0,242.0,36.0,932.6,98.77098682211385,100
2024-04-24 15:00:00+05:30,13.4,290.0,35.5,932.0,100.0,100
2024-04-24 16:00:00+05:30,2.7,293.0,36.8,931.5,0.0,100
2024-04-24 17:00:00+05:30,12.2,315.0,34.2,931.7,99.03322842787664,100
2024-04-24 18:00:00+05:30,5.4,200.0,33.0,932.7,0.6536862961500376,100
2024-04-24 19:00:00+05:30,5.2,236.0,31.0,933.0,1.838033531072013,100
2024-04-24 20:00:00+05:30,7.2,273.0,29.3,933.7,11.278456587528158,100
2024-04-24 21:00:00+05:30,8.8,282.0,28.1,934.2,26.465502497887254,100
2024-04-24 22:00:00+05:30,8.5,298.0,27.6,934.5,24.5646071249587,100
2024-04-24 23:00:00+05:30,2.9,353.0,26.8,934.5,0.0,100
2024-04-25 00:00:00+05:30,1.9,158.0,26.3,934.2,0.0,100
2024-04-25 01:00:00+05:30,4.9,287.0,25.7,933.5,1.1446458291437844,100
2024-04-25 02:00:00+05:30,7.0,325.0,24.9,932.6,8.395096240019782,100
2024-04-25 03:00:00+05:30,6.5,326.0,24.6,932.2,4.522979810311241,100
2024-04-25 04:00:00+05:30,7.4,321.0,24.1,932.0,10.540113695910598,100
2024-04-25 05:00:00+05:30,8.7,322.0,24.3,932.1,24.98397897860929,100
2024-04-25 06:00:00+05:30,8.2,311.0,25.2,932.4,20.028421346327843,100
2024-04-25 07:00:00+05:30,2.5,82.0,27.6,934.2,0.22504919236047025,100
2024-04-25 08:00:00+05:30,1.8,79.0,30.3,935.6,0.0,100
2024-04-25 09:00:00+05:30,1.8,90.0,32.5,936.0,0.0,100
2024-04-25 10:00:00+05:30,3.4,108.0,34.8,936.0,0.0,100
2024-04-25 11:00:00+05:30,4.1,128.0,35.9,935.4,0.803546376506988,100
2024-04-25 12:00:00+05:30,4.9,144.0,37.1,934.8,1.2403277195611242,100
2024-04-25 13:00:00+05:30,5.4,160.0,37.8,933.8,1.7767300722487778,100
2024-04-25 14:00:00+05:30,6.0,155.0,38.1,932.6,4.560613118012311,100
2024-04-25 15:00:00+05:30,5.2,335.0,38.5,931.9,1.1809752322356095,100
2024-04-25 16:00:00+05:30,11.2,230.0,33.4,932.6,73.5889183072008,100
2024-04-25 17:00:00+05:30,13.3,341.0,32.7,932.5,99.4071520008129,100
2024-04-25 18:00:00+05:30,4.3,270.0,31.4,932.1,0.026704522816581366,100
2024-04-25 19:00:00+05:30,12.4,278.0,31.0,932.1,95.07906047007643,100
2024-04-25 20:00:00+05:30,10.9,287.0,29.3,932.7,67.66673276024595,100
2024-04-25 21:00:00+05:30,11.4,294.0,28.0,933.4,78.88183916915384,100
2024-04-25 22:00:00+05:30,10.5,319.0,27.1,934.1,60.56989098240969,100
2024-04-25 23:00:00+05:30,8.9,291.0,26.6,933.6,30.096211807314308,100
2024-04-26 00:00:00+05:30,3.9,292.0,25.8,932.9,0.837215208807734,100
2024-04-26 01:00:00+05:30,7.2,360.0,25.2,932.3,10.583840806718825,100
2024-04-26 02:00:00+05:30,6.6,315.0,24.8,931.8,4.483915548941848,100
2024-04-26 03:00:00+05:30,3.6,315.0,24.2,931.3,1.6214766973338506,100
2024-04-26 04:00:00+05:30,4.6,342.0,24.2,931.5,2.6791293053246994,100
2024-04-26 05:00:00+05:30,5.8,356.0,24.0,931.8,2.9945266086762725,100
2024-04-26 06:00:00+05:30,2.5,352.0,25.2,932.3,0.0,100
2024-04-26 07:00:00+05:30,5.5,349.0,27.9,934.0,3.685925709824562,100
2024-04-26 08:00:00+05:30,8.6,327.0,31.9,935.1,24.547593124062214,100
2024-04-26 09:00:00+05:30,13.7,346.0,34.9,935.5,97.01802128522166,100
2024-04-26 10:00:00+05:30,10.2,350.0,36.5,935.3,51.31934772067687,100
2024-04-26 11:00:00+05:30,6.2,7.0,37.8,935.0,2.999501512961322,100
2024-04-26 12:00:00+05:30,1.3,56.0,39.2,934.5,0.15199782100125597,100
2024-04-26 13:00:00+05:30,7.9,286.0,38.6,933.8,16.119979134825513,100
2024-04-26 14:00:00+05:30,16.3,298.0,37.0,933.2,100.0,100
2024-04-26 15:00:00+05:30,11.1,295.0,37.5,932.6,76.32521433451767,100
2024-04-26 16:00:00+05:30,20.4,253.0,35.0,932.5,95.30887205883577,100
2024-04-26 17:00:00+05:30,14.3,280.0,34.3,932.6,100.0,100
2024-04-26 18:00:00+05:30,17.8,263.0,33.1,932.3,100.0,100
2024-04-26 19:00:00+05:30,16.9,268.0,30.2,932.4,100.0,100
2024-04-26 20:00:00+05:30,13.2,296.0,29.1,933.0,100.0,100
2024-04-26 21:00:00+05:30,12.6,294.0,28.4,933.6,99.99604964671423,100
2024-04-26 22:00:00+05:30,5.9,308.0,27.6,934.2,4.338350177657503,100
2024-04-26 23:00:00+05:30,5.0,339.0,26.9,934.1,0.31703570215819565,100
2024-04-27 00:00:00+05:30,5.4,318.0,26.2,933.3,3.7043925109723848,100
2024-04-27 01:00:00+05:30,9.2,321.0,26.4,932.7,31.49673382228839,100
2024-04-27 02:00:00+05:30,11.5,321.0,27.0,932.4,85.9719520862896,100
2024-04-27 03:00:00+05:30,8.9,320.0,26.6,931.8,27.38085159409107,100
2024-04-27 04:00:00+05:30,8.4,313.0,26.4,932.0,21.394331148236414,100
2024-04-27 05:00:00+05:30,9.2,318.0,26.4,932.6,30.863802392801517,100
2024-04-27 06:00:00+05:30,9.4,320.0,26.3,933.2,36.122340248200885,100
2024-04-27 07:00:00+05:30,8.5,306.0,29.1,934.5,21.701365303086632,100
2024-04-27 08:00:00+05:30,9.1,7.0,32.5,935.8,29.945367082806747,100
2024-04-27 09:00:00+05:30,12.7,45.0,34.6,936.4,99.94072279427655,100
2024-04-27 10:00:00+05:30,13.2,43.0,36.2,936.4,99.93316318388148,100
2024-04-27 11:00:00+05:30,12.0,41.0,37.5,935.6,97.71723155686655,100
2024-04-27 12:00:00+05:30,8.4,50.0,38.6,935.1,20.464950498776187,100
2024-04-27 13:00:00+05:30,4.6,45.0,39.4,934.0,0.7724202137874164,100
2024-04-27 14:00:00+05:30,0.7,360.0,39.7,933.2,0.26104676245842406,100
2024-04-27 15:00:00+05:30,1.6,63.0,39.5,932.4,0.11314154152349981,100
2024-04-27 16:00:00+05:30,3.8,287.0,38.7,932.0,0.10966118012098297,100
2024-04-27 17:00:00+05:30,5.1,309.0,38.1,931.7,0.4703625886020445,100
2024-04-27 18:00:00+05:30,5.4,274.0,36.7,932.1,3.364561395268197,100
2024-04-27 19:00:00+05:30,19.0,285.0,32.1,932.4,100.0,100
2024-04-27 20:00:00+05:30,12.8,302.0,30.8,932.8,97.86371105212302,100
2024-04-27 21:00:00+05:30,5.8,274.0,29.0,933.3,4.683499769237899,100
2024-04-27 22:00:00+05:30,5.4,312.0,28.5,933.9,3.3386843249101625,100
2024-04-27 23:00:00+05:30,11.2,310.0,27.6,933.4,78.81397860707396,100
2024-04-28 00:00:00+05:30,5.4,318.0,27.0,933.0,1.2380402372247015,100
2024-04-28 01:00:00+05:30,4.1,315.0,26.2,932.6,0.0,100
2024-04-28 02:00:00+05:30,7.2,323.0,25.8,932.4,9.875103567886914,100
2024-04-28 03:00:00+05:30,7.6,329.0,25.9,932.0,13.9093572528052,100
2024-04-28 04:00:00+05:30,8.2,319.0,26.7,932.3,20.713981905142678,100
2024-04-28 05:00:00+05:30,7.1,311.0,25.9,932.7,10.614588756018945,100
2024-04-28 06:00:00+05:30,6.9,313.0,27.0,933.0,8.711582380636244,100
2024-04-28 07:00:00+05:30,7.9,309.0,29.7,933.9,16.349126997834013,100
2024-04-28 08:00:00+05:30,9.8,336.0,33.8,935.2,43.78964732882875,100
2024-04-28 09:00:00+05:30,16.6,13.0,36.3,935.7,100.0,100
2024-04-28 10:00:00+05:30,15.6,23.0,37.6,935.8,98.10604776824461,100
2024-04-28 11:00:00+05:30,11.1,29.0,38.9,935.3,73.43588653734892,100
2024-04-28 12:00:00+05:30,5.2,34.0,39.7,934.6,2.1297535549993314,100
2024-04-28 13:00:00+05:30,1.3,304.0,40.5,933.8,0.0,100
2024-04-28 14:00:00+05:30,4.1,255.0,40.4,932.6,0.11439401989423792,100
2024-04-28 15:00:00+05:30,2.9,240.0,40.5,931.8,0.0,100
2024-04-28 16:00:00+05:30,1.5,256.0,40.2,931.5,1.8856625117352512,100
2024-04-28 17:00:00+05:30,17.0,249.0,37.2,931.6,100.0,100
2024-04-28 18:00:00+05:30,18.4,269.0,35.4,932.5,100.0,100
2024-04-28 19:00:00+05:30,13.7,272.0,32.9,933.2,100.0,100
2024-04-28 20:00:00+05:30,8.4,277.0,31.5,934.3,19.943626437793952,100
2024-04-28 21:00:00+05:30,12.0,309.0,30.9,934.9,100.0,100
2024-04-28 22:00:00+05:30,13.0,314.0,30.8,935.2,100.0,100
2024-04-28 23:00:00+05:30,7.5,305.0,29.9,935.1,11.24743289291551,100
2024-04-29 00:00:00+05:30,6.7,324.0,29.1,934.4,8.811105591296453,100
2024-04-29 01:00:00+05:30,6.9,354.0,28.2,934.3,6.257239171628289,100
2024-04-29 02:00:00+05:30,7.2,342.0,28.1,934.2,12.715778213248651,100
2024-04-29 03:00:00+05:30,8.1,328.0,27.9,933.6,19.021571075031154,100
2024-04-29 04:00:00+05:30,7.0,325.0,27.1,933.5,8.996662277070186,100
2024-04-29 05:00:00+05:30,6.4,322.0,26.6,933.7,4.090597450025705,100
2024-04-29 06:00:00+05:30,6.8,302.0,27.8,934.5,8.010249960664245,100
2024-04-29 07:00:00+05:30,6.1,320.0,30.2,935.7,4.3357944484632345,100
2024-04-29 08:00:00+05:30,8.0,324.0,33.8,936.7,19.060750202607593,100
2024-04-29 09:00:00+05:30,13.7,3.0,36.4,937.1,99.33179069073074,100
2024-04-29 10:00:00+05:30,10.1,6.0,38.0,937.1,48.31847026809686,100
2024-04-29 11:00:00+05:30,7.8,22.0,39.0,936.6,17.253035948947762,100
2024-04-29 12:00:00+05:30,7.2,18.0,40.2,936.0,11.718966724185185,100
2024-04-29 13:00:00+05:30,7.3,327.0,40.8,935.1,9.119224709477232,100
2024-04-29 14:00:00+05:30,7.6,301.0,40.3,934.1,13.773786301643694,100
2024-04-29 15:00:00+05:30,7.0,291.0,40.0,933.3,9.32758254424026,100
2024-04-29 16:00:00+05:30,12.2,289.0,39.4,932.7,100.0,100
2024-04-29 17:00:00+05:30,20.8,280.0,36.4,932.8,100.0,100
2024-04-29 18:00:00+05:30,18.4,269.0,34.3,933.4,100.0,100
2024-04-29 19:00:00+05:30,15.2,277.0,32.5,933.6,100.0,100
2024-04-29 20:00:00+05:30,10.1,287.0,31.0,934.2,49.807320412061074,100
2024-04-29 21:00:00+05:30,5.2,286.0,29.4,935.0,1.0106596528617071,100
2024-04-29 22:00:00+05:30,5.2,214.0,28.2,935.3,0.05873684403571988,100
2024-04-29 23:00:00+05:30,4.1,15.0,27.9,935.1,0.012156447901761458,100
2024-04-30 00:00:00+05:30,6.7,324.0,26.1,934.1,5.093207902976868,100
2024-04-30 01:00:00+05:30,6.6,311.0,25.5,933.5,4.946577006225858,100
2024-04-30 02:00:00+05:30,6.1,320.0,25.0,932.6,5.351494502701888,100
2024-04-30 03:00:00+05:30,5.4,318.0,24.9,932.3,2.7411529332842077,100
2024-04-30 04:00:00+05:30,4.3,265.0,24.5,932.5,0.0,100
2024-04-30 05:00:00+05:30,3.7,299.0,24.8,933.1,0.6885561175237724,100
2024-04-30 06:00:00+05:30,2.4,333.0,25.3,933.7,0.24885660075985352,100
2024-04-30 07:00:00+05:30,5.2,326.0,28.1,934.8,0.7452487908240867,100
2024-04-30 08:00:00+05:30,5.4,340.0,32.7,936.2,3.3440318283529002,100
2024-04-30 09:00:00+05:30,8.3,360.0,36.1,936.2,20.130663094217567,100
2024-04-30 10:00:00+05:30,9.7,4.0,37.9,936.2,40.29621200469177,100
2024-04-30 11:00:00+05:30,9.0,2.0,39.1,935.8,29.068679029658657,100
2024-04-30 12:00:00+05:30,7.2,6.0,39.9,935.0,11.45946900023926,100
2024-04-30 13:00:00+05:30,4.7,4.0,40.3,933.9,0.9478881479206747,100
2024-04-30 14:00:00+05:30,1.8,11.0,40.5,932.8,1.0346016280498316,100
2024-04-30 15:00:00+05:30,4.1,165.0,40.6,932.1,0.0,100
2024-04-30 16:00:00+05:30,7.0,215.0,40.6,931.1,7.937484699471467,100
2024-04-30 17:00:00+05:30,18.6,280.0,38.3,930.9,100.0,100
2024-04-30 18:00:00+05:30,6.5,304.0,35.5,931.9,5.222527597197023,100
2024-04-30 19:00:00+05:30,8.2,293.0,32.9,931.8,21.597571569674187,100
2024-04-30 20:00:00+05:30,11.2,285.0,31.7,932.5,75.08641762838793,100
2024-04-30 21:00:00+05:30,10.5,297.0,30.3,933.0,60.500414979404745,100
2024-04-30 22:00:00+05:30,11.4,298.0,29.5,933.0,81.95315728362365,100
2024-04-30 23:00:00+05:30,10.9,304.0,28.8,932.6,66.64031445106924,100
2024-05-01 00:00:00+05:30,12.5,303.0,28.2,931.7,100.0,100
2024-05-01 01:00:00+05:30,12.5,309.0,28.0,931.2,100.0,100
2024-05-01 02:00:00+05:30,7.0,305.0,27.0,930.8,7.821358173525028,100
2024-05-01 03:00:00+05:30,4.8,347.0,25.6,930.5,2.256314180471324,100
2024-05-01 04:00:00+05:30,2.9,353.0,24.9,930.5,0.0,100
2024-05-01 05:00:00+05:30,3.5,336.0,24.2,930.7,0.0,100
2024-05-01 06:00:00+05:30,5.7,342.0,24.6,931.5,1.5962905028226162,100
2024-05-01 07:00:00+05:30,4.7,351.0,27.0,932.8,1.8503529488186965,100
2024-05-01 08:00:00+05:30,6.5,304.0,30.5,933.9,4.764279553744324,100
2024-05-01 09:00:00+05:30,9.5,281.0,33.3,934.4,39.395489046839,100
2024-05-01 10:00:00+05:30,11.8,282.0,35.0,934.6,95.4393844154893,100
2024-05-01 11:00:00+05:30,14.3,282.0,36.3,934.2,100.0,100
2024-05-01 12:00:00+05:30,17.2,281.0,37.3,933.6,96.56438070659644,100
2024-05-01 13:00:00+05:30,19.1,281.0,37.6,932.8,100.0,100
2024-05-01 14:00:00+05:30,18.6,280.0,37.7,932.0,98.14117237945227,100
2024-05-01 15:00:00+05:30,18.6,279.0,37.3,931.6,98.11005854650271,100
2024-05-01 16:00:00+05:30,19.3,284.0,36.5,931.2,99.01917465439796,100
2024-05-01 17:00:00+05:30,18.4,287.0,35.2,931.1,99.8150412390982,100
2024-05-01 18:00:00+05:30,14.8,269.0,31.5,931.8,99.4892814502647,100
2024-05-01 19:00:00+05:30,11.2,274.0,28.9,931.7,75.0314437602884,100
2024-05-01 20:00:00+05:30,9.6,290.0,27.3,932.3,39.35421805402174,100
2024-05-01 21:00:00+05:30,6.9,298.0,26.2,932.6,6.280012157933758,100
2024-05-01 22:00:00+05:30,6.4,313.0,25.3,932.6,4.802040464948134,100
2024-05-01 23:00:00+05:30,8.4,317.0,24.4,932.2,22.630555905572106,100
2024-05-02 00:00:00+05:30,9.4,317.0,23.8,931.2,36.581982858051006,100
2024-05-02 01:00:00+05:30,9.0,323.0,23.5,930.6,31.830369739881625,100
2024-05-02 02:00:00+05:30,9.2,321.0,23.3,930.0,32.44173971805662,100
2024-05-02 03:00:00+05:30,8.7,322.0,23.1,929.7,25.610546971369136,100
2024-05-02 04:00:00+05:30,8.0,324.0,22.8,929.8,16.275508660168647,100
2024-05-02 05:00:00+05:30,6.6,331.0,22.1,930.2,7.532109132558423,100
2024-05-02 06:00:00+05:30,8.2,322.0,22.8,931.4,19.77693859380932,100
2024-05-02 07:00:00+05:30,7.1,330.0,25.2,932.9,9.446278098735021,100
2024-05-02 08:00:00+05:30,8.1,315.0,28.7,934.3,16.180060557813647,100
2024-05-02 09:00:00+05:30,8.4,317.0,32.2,934.9,21.26611847315392,100
2024-05-02 10:00:00+05:30,7.9,321.0,34.9,935.0,15.46547160644844,100
2024-05-02 11:00:00+05:30,6.6,315.0,36.9,934.5,7.511487501559051,100
2024-05-02 12:00:00+05:30,6.8,295.0,38.4,933.5,8.182182290619135,100
2024-05-02 13:00:00+05:30,10.4,272.0,39.1,932.5,54.358428396250694,100
2024-05-02 14:00:00+05:30,15.2,265.0,39.0,931.8,100.0,100
2024-05-02 15:00:00+05:30,15.5,267.0,38.5,931.4,99.51946109834562,100
2024-05-02 16:00:00+05:30,15.1,271.0,37.5,930.9,99.5822445333775,100
2024-05-02 17:00:00+05:30,16.2,270.0,35.3,930.9,100.0,100
2024-05-02 18:00:00+05:30,14.8,264.0,32.2,931.6,99.50617836246843,100
2024-05-02 19:00:00+05:30,12.7,277.0,29.5,932.0,100.0,100
2024-05-02 20:00:00+05:30,10.4,290.0,27.8,932.6,53.00342887041813,100
2024-05-02 21:00:00+05:30,8.1,302.0,26.4,933.2,17.822215610971355,100
2024-05-02 22:00:00+05:30,7.9,313.0,25.3,933.3,16.06449673940029,100
2024-05-02 23:00:00+05:30,7.6,315.0,24.2,932.7,13.239410803199423,100
2024-05-03 00:00:00+05:30,5.5,328.0,23.1,931.7,0.6854386822270735,100
2024-05-03 01:00:00+05:30,4.2,340.0,22.0,931.2,1.1644149076123322,100
2024-05-03 02:00:00+05:30,5.2,335.0,21.1,930.6,4.084814446770804,100
2024-05-03 03:00:00+05:30,6.2,324.0,20.7,930.6,4.060040454375705,100
2024-05-03 04:00:00+05:30,4.6,321.0,20.3,930.9,0.5445166709701784,100
2024-05-03 05:00:00+05:30,5.4,323.0,20.0,931.4,3.0048375206407067,100
2024-05-03 06:00:00+05:30,6.8,328.0,20.3,931.8,7.47046040980077,100
2024-05-03 07:00:00+05:30,5.7,342.0,24.0,933.8,2.0047479240144215,100
2024-05-03 08:00:00+05:30,5.2,326.0,28.8,935.6,1.9263229343445847,100
2024-05-03 09:00:00+05:30,6.3,329.0,32.5,936.3,6.610991944320427,100
2024-05-03 10:00:00+05:30,6.9,332.0,35.4,936.4,6.931250297848862,100
2024-05-03 11:00:00+05:30,6.6,331.0,37.4,935.7,6.5055543128410624,100
2024-05-03 12:00:00+05:30,6.9,321.0,38.8,934.7,8.774218563189145,100
2024-05-03 13:00:00+05:30,8.4,295.0,39.6,933.7,22.912407048747582,100
2024-05-03 14:00:00+05:30,12.3,273.0,39.6,932.7,99.01825025384109,100
2024-05-03 15:00:00+05:30,16.3,265.0,39.0,932.2,97.50832295981348,100
2024-05-03 16:00:00+05:30,17.0,265.0,38.0,931.8,100.0,100
2024-05-03 17:00:00+05:30,15.9,267.0,36.3,931.9,100.0,100
2024-05-03 18:00:00+05:30,16.2,266.0,32.2,932.3,100.0,100
2024-05-03 19:00:00+05:30,14.7,281.0,28.8,932.7,99.29697470770468,100
2024-05-03 20:00:00+05:30,13.0,294.0,26.9,933.4,95.33515472547725,100
2024-05-03 21:00:00+05:30,4.6,288.0,25.8,934.0,2.4690528770866935,100
2024-05-03 22:00:00+05:30,3.6,264.0,24.5,934.3,0.4181107163027653,100
2024-05-03 23:00:00+05:30,3.3,354.0,23.9,934.1,1.722124958975475,100
2024-05-04 00:00:00+05:30,7.8,304.0,22.9,933.5,15.509587156248415,100
2024-05-04 01:00:00+05:30,7.6,301.0,22.5,932.8,14.702117146271819,100
2024-05-04 02:00:00+05:30,6.3,347.0,21.7,932.3,3.217338224057049,100
2024-05-04 03:00:00+05:30,6.6,311.0,20.7,931.7,6.679033094060692,100
2024-05-04 04:00:00+05:30,5.9,349.0,19.7,931.8,2.8652240578176267,100
2024-05-04 05:00:00+05:30,4.5,299.0,19.6,932.2,1.5617574680884911,100
2024-05-04 06:00:00+05:30,4.9,287.0,21.2,933.3,1.259995123269361,100
2024-05-04 07:00:00+05:30,5.4,318.0,24.7,934.9,3.3545668775941015,100
2024-05-04 08:00:00+05:30,3.3,311.0,29.3,936.4,0.0,100
2024-05-04 09:00:00+05:30,4.8,312.0,33.7,936.9,0.9983855288469379,100
2024-05-04 10:00:00+05:30,6.6,315.0,36.7,936.8,6.043465557215642,100
2024-05-04 11:00:00+05:30,5.7,288.0,38.5,936.2,2.7943620985670696,100
2024-05-04 12:00:00+05:30,7.9,273.0,39.4,935.4,16.695511005366946,100
2024-05-04 13:00:00+05:30,12.6,268.0,39.6,934.5,100.0,100
2024-05-04 14:00:00+05:30,16.2,267.0,39.4,933.6,99.27245073168926,100
2024-05-04 15:00:00+05:30,17.3,271.0,38.9,932.8,100.0,100
2024-05-04 16:00:00+05:30,17.7,282.0,37.7,932.3,100.0,100
2024-05-04 17:00:00+05:30,19.5,286.0,36.1,932.4,96.03084366772089,100
2024-05-04 18:00:00+05:30,16.0,284.0,34.8,933.0,98.4469930713496,100
2024-05-04 19:00:00+05:30,16.9,282.0,31.1,932.9,100.0,100
2024-05-04 20:00:00+05:30,14.6,286.0,28.2,933.4,100.0,100
2024-05-04 21:00:00+05:30,10.5,297.0,26.7,933.8,58.33242249980764,100
2024-05-04 22:00:00+05:30,7.2,333.0,25.7,934.3,9.903313882381763,100
2024-05-04 23:00:00+05:30,11.0,293.0,24.7,933.6,68.01176317181967,100
2024-05-05 00:00:00+05:30,9.8,298.0,24.3,932.4,44.090947500838695,100
2024-05-05 01:00:00+05:30,3.7,29.0,23.8,931.7,0.06735416914290943,100
2024-05-05 02:00:00+05:30,6.5,304.0,23.9,931.2,6.657826336317006,100
2024-05-05 03:00:00+05:30,9.2,301.0,23.3,930.8,33.19454179015393,100
2024-05-05 04:00:00+05:30,8.7,308.0,23.0,930.9,26.06690983987527,100
2024-05-05 05:00:00+05:30,6.9,317.0,22.7,931.3,7.583763850360497,100
2024-05-05 06:00:00+05:30,4.9,324.0,23.1,932.0,0.42048732855464654,100
2024-05-05 07:00:00+05:30,5.4,340.0,25.7,933.4,2.6042167631236035,100
2024-05-05 08:00:00+05:30,5.4,318.0,30.0,934.6,2.901915763980063,100
2024-05-05 09:00:00+05:30,9.0,323.0,33.5,935.1,29.934604483179758,100
2024-05-05 10:00:00+05:30,9.2,329.0,36.2,935.1,31.801367580902166,100
2024-05-05 11:00:00+05:30,8.6,327.0,38.1,934.7,25.092013056078066,100
2024-05-05 12:00:00+05:30,9.5,307.0,39.3,934.1,40.502169138655276,100
2024-05-05 13:00:00+05:30,14.8,276.0,38.6,933.2,98.45889197512544,100
2024-05-05 14:00:00+05:30,17.5,261.0,38.3,932.5,97.02796283059266,100
2024-05-05 15:00:00+05:30,17.8,263.0,38.3,931.9,100.0,100
2024-05-05 16:00:00+05:30,19.5,268.0,37.5,931.4,97.39962486070736,100
2024-05-05 17:00:00+05:30,22.0,269.0,33.6,931.4,97.66697023905775,100
2024-05-05 18:00:00+05:30,22.1,286.0,31.0,931.6,100.0,100
2024-05-05 19:00:00+05:30,17.9,285.0,29.2,931.8,99.51862844137966,100
2024-05-05 20:00:00+05:30,14.6,286.0,27.8,932.5,100.0,100
2024-05-05 21:00:00+05:30,13.0,289.0,27.0,932.7,99.93143341840943,100
2024-05-05 22:00:00+05:30,4.0,5.0,26.4,933.3,0.0,100
2024-05-05 23:00:00+05:30,5.4,318.0,25.5,933.7,0.791806884980127,100
2024-05-06 00:00:00+05:30,8.4,280.0,24.3,932.9,19.570212754583693,100
2024-05-06 01:00:00+05:30,8.7,287.0,23.8,931.9,25.875703173689487,100
2024-05-06 02:00:00+05:30,6.3,336.0,23.4,931.6,4.6545495001415995,100
2024-05-06 03:00:00+05:30,7.7,323.0,22.9,931.6,13.765833438205286,100
2024-05-06 04:00:00+05:30,9.7,309.0,22.9,931.6,38.44019154293694,100
2024-05-06 05:00:00+05:30,4.8,318.0,22.5,931.8,0.8714346862120528,100
2024-05-06 06:00:00+05:30,5.8,330.0,23.2,932.3,2.1210091894983893,100
2024-05-06 07:00:00+05:30,1.5,14.0,25.9,933.9,0.207379126636899,100
2024-05-06 08:00:00+05:30,4.8,297.0,29.5,935.2,1.0515159394616829,100
2024-05-06 09:00:00+05:30,8.2,293.0,32.9,935.8,18.57567553396475,100
2024-05-06 10:00:00+05:30,8.9,297.0,35.8,936.0,26.976813654587243,100
2024-05-06 11:00:00+05:30,9.9,280.0,37.5,935.5,44.50649171027221,100
2024-05-06 12:00:00+05:30,12.7,263.0,38.3,935.0,100.0,100
2024-05-06 13:00:00+05:30,13.4,264.0,38.7,934.0,97.93331959890246,100
2024-05-06 14:00:00+05:30,14.4,269.0,38.9,933.0,100.0,100
2024-05-06 15:00:00+05:30,15.8,271.0,38.5,932.2,99.91301406926958,100
2024-05-06 16:00:00+05:30,17.4,277.0,37.4,931.8,100.0,100
2024-05-06 17:00:00+05:30,19.4,281.0,35.6,931.8,100.0,100
2024-05-06 18:00:00+05:30,19.4,280.0,32.3,932.4,100.0,100
2024-05-06 19:00:00+05:30,17.0,287.0,29.4,932.7,100.0,100
2024-05-06 20:00:00+05:30,14.3,295.0,27.5,933.3,100.0,100
2024-05-06 21:00:00+05:30,12.9,300.0,26.1,933.6,99.04736958495263,100
2024-05-06 22:00:00+05:30,11.5,309.0,25.3,933.8,83.9999281145246,100
2024-05-06 23:00:00+05:30,6.4,317.0,24.6,933.8,5.643487142536228,100
2024-05-07 00:00:00+05:30,3.6,323.0,23.6,933.3,0.0,100
2024-05-07 01:00:00+05:30,6.9,317.0,22.8,932.5,7.213129564023972,100
2024-05-07 02:00:00+05:30,8.1,315.0,22.2,931.8,17.565192297731645,100
2024-05-07 03:00:00+05:30,7.7,323.0,22.0,931.8,15.43422599982261,100
2024-05-07 04:00:00+05:30,5.4,323.0,21.8,931.9,1.280189240827875,100
2024-05-07 05:00:00+05:30,3.4,288.0,21.1,932.3,0.0,100
2024-05-07 06:00:00+05:30,5.2,326.0,22.0,933.2,0.6598140394106528,100
2024-05-07 07:00:00+05:30,2.5,352.0,24.6,934.4,0.0,100
2024-05-07 08:00:00+05:30,1.8,143.0,28.2,935.8,0.0,100
2024-05-07 09:00:00+05:30,1.4,180.0,31.5,936.5,0.5572083616056365,100
2024-05-07 10:00:00+05:30,1.3,214.0,34.5,936.7,0.0,100
2024-05-07 11:00:00+05:30,2.3,219.0,36.5,936.4,0.0,100
2024-05-07 12:00:00+05:30,4.0,265.0,37.9,935.9,0.076902753642836,100
2024-05-07 13:00:00+05:30,8.4,277.0,38.3,935.1,21.311362244800893,100
2024-05-07 14:00:00+05:30,10.5,276.0,38.0,934.3,57.13314477021743,100
2024-05-07 15:00:00+05:30,13.0,272.0,37.7,933.7,97.86452138937713,100
2024-05-07 16:00:00+05:30,17.5,278.0,36.1,933.3,100.0,100
2024-05-07 17:00:00+05:30,18.8,273.0,33.9,933.4,100.0,100
2024-05-07 18:00:00+05:30,18.8,273.0,30.2,933.1,97.37770986693864,100
2024-05-07 19:00:00+05:30,16.9,282.0,27.3,934.0,100.0,100
2024-05-07 20:00:00+05:30,11.6,292.0,26.1,934.7,87.46763696822154,100
2024-05-07 21:00:00+05:30,10.0,308.0,25.4,935.1,45.995478121249896,100
2024-05-07 22:00:00+05:30,7.4,337.0,24.5,935.5,12.157275257052582,100
2024-05-07 23:00:00+05:30,7.0,339.0,23.4,935.6,7.7353007734842025,100
2024-05-08 00:00:00+05:30,7.1,319.0,22.8,935.0,11.118467101700876,100
2024-05-08 01:00:00+05:30,6.8,295.0,22.1,933.9,8.129121209098914,100
2024-05-08 02:00:00+05:30,5.7,305.0,21.6,933.0,4.201789038213816,100
2024-05-08 03:00:00+05:30,4.5,331.0,21.2,932.4,0.33559787541847674,100
2024-05-08 04:00:00+05:30,4.0,350.0,20.7,932.4,0.0,100
2024-05-08 05:00:00+05:30,3.4,32.0,19.7,932.6,1.7219290823598814,100
2024-05-08 06:00:00+05:30,6.7,106.0,21.2,934.7,5.356538353851844,100
2024-05-08 07:00:00+05:30,1.8,233.0,23.3,935.8,0.6023315673367504,100
2024-05-08 08:00:00+05:30,3.0,256.0,25.8,936.5,0.6082899189770783,100
2024-05-08 09:00:00+05:30,2.7,293.0,28.8,936.8,0.5453039054140997,100
2024-05-08 10:00:00+05:30,4.3,318.0,32.0,936.5,0.33347948213616674,100
2024-05-08 11:00:00+05:30,1.5,284.0,34.7,936.1,0.0,100
2024-05-08 12:00:00+05:30,3.1,216.0,36.4,935.3,0.0,100
2024-05-08 13:00:00+05:30,5.6,220.0,37.7,934.0,1.349956503010815,100
2024-05-08 14:00:00+05:30,5.9,218.0,38.3,932.7,3.4879371120754197,100
2024-05-08 15:00:00+05:30,4.5,209.0,38.9,931.9,0.3028428718474732,100
2024-05-08 16:00:00+05:30,11.0,232.0,38.3,931.4,67.09474920015948,100
2024-05-08 17:00:00+05:30,27.4,260.0,31.9,931.1,0.0,100
2024-05-08 18:00:00+05:30,23.1,273.0,31.0,931.2,100.0,100
2024-05-08 19:00:00+05:30,18.6,285.0,27.8,932.0,100.0,100
2024-05-08 20:00:00+05:30,14.6,280.0,26.7,932.7,100.0,100
2024-05-08 21:00:00+05:30,13.0,273.0,26.3,933.2,98.3026827309862,100
2024-05-08 22:00:00+05:30,10.4,316.0,25.4,933.3,55.45599400048677,100
2024-05-08 23:00:00+05:30,5.4,318.0,24.8,933.1,0.8578683258400339,100
2024-05-09 00:00:00+05:30,2.8,320.0,24.0,932.8,0.0,100
2024-05-09 01:00:00+05:30,8.8,325.0,23.5,932.0,26.81218213926971,100
2024-05-09 02:00:00+05:30,8.4,340.0,23.0,931.4,21.409042174713285,100
2024-05-09 03:00:00+05:30,7.5,325.0,22.4,931.2,11.567332492912104,100
2024-05-09 04:00:00+05:30,3.3,354.0,21.7,931.4,0.13656600615805675,100
2024-05-09 05:00:00+05:30,6.8,302.0,21.5,931.7,5.761781004909759,100
2024-05-09 06:00:00+05:30,3.2,297.0,22.9,933.7,1.7040171310949537,100
2024-05-09 07:00:00+05:30,3.4,342.0,25.3,934.4,0.0,100
2024-05-09 08:00:00+05:30,6.0,295.0,28.5,935.5,4.693165638563204,100
2024-05-09 09:00:00+05:30,7.0,282.0,31.9,935.6,9.230165331389365,100
2024-05-09 10:00:00+05:30,6.3,294.0,34.5,934.9,3.9263923258037607,100
2024-05-09 11:00:00+05:30,6.6,283.0,36.2,934.8,6.686623840244116,100
2024-05-09 12:00:00+05:30,9.8,287.0,37.1,933.9,41.96381022577536,100
2024-05-09 13:00:00+05:30,12.1,293.0,37.3,933.3,97.57563629283695,100
2024-05-09 14:00:00+05:30,12.8,286.0,37.4,932.4,100.0,100
2024-05-09 15:00:00+05:30,13.7,270.0,37.1,931.6,100.0,100
2024-05-09 16:00:00+05:30,19.1,270.0,35.3,931.5,100.0,100
2024-05-09 17:00:00+05:30,16.4,289.0,33.8,931.7,100.0,100
2024-05-09 18:00:00+05:30,19.6,276.0,31.8,932.3,100.0,100
2024-05-09 19:00:00+05:30,18.2,284.0,29.4,932.5,100.0,100
2024-05-09 20:00:00+05:30,11.8,301.0,27.8,933.3,95.34629327470242,100
2024-05-09 21:00:00+05:30,7.9,294.0,27.0,933.9,16.06882275071741,100
2024-05-09 22:00:00+05:30,6.7,344.0,26.0,934.4,7.001769385631668,100
2024-05-09 23:00:00+05:30,5.5,328.0,25.4,934.1,2.654112958143268,100
2024-05-10 00:00:00+05:30,4.1,255.0,24.8,933.4,1.459282865325128,100
2024-05-10 01:00:00+05:30,3.3,186.0,23.9,932.9,0.0,100
2024-05-10 02:00:00+05:30,4.6,252.0,23.6,932.8,0.11338790723797998,100
2024-05-10 03:00:00+05:30,5.4,266.0,23.0,932.2,2.308858029108264,100
2024-05-10 04:00:00+05:30,2.9,300.0,22.6,932.3,0.41827257811890295,100
2024-05-10 05:00:00+05:30,0.4,360.0,22.4,933.0,0.0,100
2024-05-10 06:00:00+05:30,4.5,331.0,23.8,934.4,0.0,100
2024-05-10 07:00:00+05:30,5.6,310.0,26.3,935.5,2.5535341588993106,100
2024-05-10 08:00:00+05:30,7.9,286.0,28.9,935.9,17.66495041125316,100
2024-05-10 09:00:00+05:30,6.9,276.0,32.0,936.2,8.72995751339308,100
2024-05-10 10:00:00+05:30,7.6,273.0,34.3,935.8,15.000877313915575,100
2024-05-10 11:00:00+05:30,10.7,284.0,36.0,935.5,60.1155679097925,100
2024-05-10 12:00:00+05:30,15.1,282.0,36.6,935.1,96.85983349391519,100
2024-05-10 13:00:00+05:30,14.7,298.0,36.0,934.3,96.07277712909635,100
2024-05-10 14:00:00+05:30,14.9,278.0,36.0,933.7,100.0,100
2024-05-10 15:00:00+05:30,14.0,270.0,36.1,932.6,100.0,100
2024-05-10 16:00:00+05:30,20.8,323.0,32.9,933.0,96.86446937521855,100
2024-05-10 17:00:00+05:30,14.6,350.0,30.6,933.4,97.7427764852871,100
2024-05-10 18:00:00+05:30,8.5,298.0,25.2,933.5,20.82527494862507,100
2024-05-10 19:00:00+05:30,8.0,297.0,25.1,934.0,18.643850778162964,100
2024-05-10 20:00:00+05:30,3.9,304.0,25.1,934.2,2.1108985533724773,100
2024-05-10 21:00:00+05:30,4.7,337.0,24.5,934.6,0.08916140377180448,100
2024-05-10 22:00:00+05:30,3.7,331.0,24.2,934.9,0.0,100
2024-05-10 23:00:00+05:30,4.4,325.0,23.9,934.6,0.5362123000347274,100
2024-05-11 00:00:00+05:30,3.4,328.0,24.3,934.5,0.9494976153120642,100
2024-05-11 01:00:00+05:30,2.3,342.0,24.0,934.0,0.3150261095799601,100
2024-05-11 02:00:00+05:30,3.8,41.0,23.1,933.5,0.0,100
2024-05-11 03:00:00+05:30,1.8,11.0,23.2,933.5,0.0,100
2024-05-11 04:00:00+05:30,3.0,284.0,22.5,933.5,0.0,100
2024-05-11 05:00:00+05:30,3.8,311.0,22.2,933.9,0.928319168977258,100
2024-05-11 06:00:00+05:30,4.5,346.0,23.5,935.0,1.243547377440192,100
2024-05-11 07:00:00+05:30,1.5,14.0,25.9,936.3,0.0,100
2024-05-11 08:00:00+05:30,1.8,281.0,29.4,937.5,0.0,100
2024-05-11 09:00:00+05:30,1.8,11.0,32.2,937.4,0.0,100
2024-05-11 10:00:00+05:30,3.9,56.0,34.5,936.7,0.2657462215881712,100
2024-05-11 11:00:00+05:30,5.4,86.0,35.8,936.0,0.4425721740872115,100
2024-05-11 12:00:00+05:30,7.2,84.0,36.7,935.5,9.85465130010644,100
2024-05-11 13:00:00+05:30,9.4,58.0,38.1,934.3,36.99311186825936,100
2024-05-11 14:00:00+05:30,7.9,321.0,27.9,934.9,17.995136885460145,100
2024-05-11 15:00:00+05:30,10.8,323.0,30.7,933.9,61.93138178990507,100
2024-05-11 16:00:00+05:30,8.4,317.0,31.3,933.4,22.119895602534847,100
2024-05-11 17:00:00+05:30,7.9,317.0,31.6,933.7,15.347173172051866,100
2024-05-11 18:00:00+05:30,3.9,338.0,30.4,934.7,0.6644972524316015,100
2024-05-11 19:00:00+05:30,5.2,295.0,29.0,934.7,2.1694568358943322,100
2024-05-11 20:00:00+05:30,7.9,300.0,28.0,935.1,16.375247292847867,100
2024-05-11 21:00:00+05:30,10.1,287.0,27.5,935.5,48.49676342078272,100
2024-05-11 22:00:00+05:30,4.9,287.0,26.8,935.7,0.9447438808168789,100
2024-05-11 23:00:00+05:30,4.2,329.0,26.3,935.4,0.0,100
2024-05-12 00:00:00+05:30,4.6,342.0,25.4,935.1,0.0,100
2024-05-12 01:00:00+05:30,5.3,332.0,24.8,934.3,1.1043373712634887,100
2024-05-12 02:00:00+05:30,4.7,302.0,24.4,934.1,0.5043131895063044,100
2024-05-12 03:00:00+05:30,5.2,326.0,24.3,933.3,1.4528530316161554,100
2024-05-12 04:00:00+05:30,3.3,347.0,24.1,933.5,0.13670587192572325,100
2024-05-12 05:00:00+05:30,1.9,338.0,23.9,934.2,1.0873186674255946,100
2024-05-12 06:00:00+05:30,1.5,166.0,23.0,936.1,0.0,100
2024-05-12 07:00:00+05:30,7.7,11.0,24.3,937.0,14.107913024323983,100
2024-05-12 08:00:00+05:30,5.4,307.0,26.7,937.3,0.0,100
2024-05-12 09:00:00+05:30,6.2,350.0,29.9,938.0,4.547383341129584,100
2024-05-12 10:00:00+05:30,5.8,4.0,31.1,937.7,3.223212192802008,100
2024-05-12 11:00:00+05:30,6.1,3.0,31.4,936.5,5.203293725647884,100
2024-05-12 12:00:00+05:30,7.7,28.0,33.5,936.4,13.312182796987104,100
2024-05-12 13:00:00+05:30,4.0,63.0,34.2,935.3,0.8009611492127513,100
2024-05-12 14:00:00+05:30,5.1,45.0,34.6,934.3,2.8804744678655316,100
2024-05-12 15:00:00+05:30,11.3,17.0,30.9,934.1,77.92795617867536,100
2024-05-12 16:00:00+05:30,4.1,315.0,31.2,934.0,0.44353255452989276,100
2024-05-12 17:00:00+05:30,4.1,255.0,30.4,934.0,0.35439840481637297,100
2024-05-12 18:00:00+05:30,5.2,12.0,30.7,934.3,0.9363818901086942,100
2024-05-12 19:00:00+05:30,4.3,5.0,29.0,934.4,0.11279531018259692,100
2024-05-12 20:00:00+05:30,6.6,319.0,28.3,934.8,5.443220676433702,100
2024-05-12 21:00:00+05:30,4.3,318.0,26.5,934.8,1.1624250678481753,100
2024-05-12 22:00:00+05:30,3.5,156.0,26.3,935.1,0.4486170857156908,100
2024-05-12 23:00:00+05:30,1.8,323.0,25.7,934.9,1.7335418048331135,100
2024-05-13 00:00:00+05:30,5.4,323.0,24.9,934.3,1.8637726062713247,100
2024-05-13 01:00:00+05:30,4.4,351.0,24.3,933.5,0.0,100
2024-05-13 02:00:00+05:30,4.7,328.0,23.6,932.9,0.0,100
2024-05-13 03:00:00+05:30,4.8,297.0,23.4,932.8,0.5189302388474089,100
2024-05-13 04:00:00+05:30,2.4,333.0,23.4,933.2,2.051328342950361,100
2024-05-13 05:00:00+05:30,2.3,342.0,22.9,933.4,0.7083212531004925,100
2024-05-13 06:00:00+05:30,1.4,90.0,23.6,935.4,0.0,100
2024-05-13 07:00:00+05:30,2.7,293.0,26.0,936.5,0.0,100
2024-05-13 08:00:00+05:30,4.3,132.0,27.7,937.5,0.785394032463629,100
2024-05-13 09:00:00+05:30,5.1,172.0,30.0,937.3,1.028547691688322,100
2024-05-13 10:00:00+05:30,3.1,159.0,31.9,936.7,0.9814241496941203,100
2024-05-13 11:00:00+05:30,7.9,150.0,32.7,936.1,15.871253268524129,100
2024-05-13 12:00:00+05:30,7.5,125.0,33.8,935.3,11.838614697290632,100
2024-05-13 13:00:00+05:30,12.7,35.0,29.8,934.9,95.7315667799029,100
2024-05-13 14:00:00+05:30,4.8,48.0,27.4,934.6,0.0,100
2024-05-13 15:00:00+05:30,4.7,356.0,26.4,934.1,1.1443532970430248,100
2024-05-13 16:00:00+05:30,3.3,167.0,26.5,934.1,1.8029034196380795,100
2024-05-13 17:00:00+05:30,3.9,214.0,26.7,934.0,0.0,100
2024-05-13 18:00:00+05:30,4.6,309.0,27.2,933.7,0.36667455004175953,100
2024-05-13 19:00:00+05:30,2.1,121.0,26.2,934.1,0.7280103402698727,100
2024-05-13 20:00:00+05:30,1.6,297.0,25.4,933.9,0.6361501778937534,100
2024-05-13 21:00:00+05:30,4.8,333.0,25.4,933.9,1.4994068916260894,100
2024-05-13 22:00:00+05:30,9.2,329.0,25.5,934.5,33.716171273617526,100
2024-05-13 23:00:00+05:30,6.4,317.0,25.3,934.7,5.542178130305194,100
2024-05-14 00:00:00+05:30,5.0,291.0,24.6,934.1,2.6314491706462952,100
2024-05-14 01:00:00+05:30,4.0,297.0,24.2,933.4,2.1169212199470135,100
2024-05-14 02:00:00+05:30,2.9,330.0,23.6,932.8,0.21605508202655554,100
2024-05-14 03:00:00+05:30,5.0,330.0,23.2,932.4,0.5812085917267388,100
2024-05-14 04:00:00+05:30,5.6,310.0,22.7,932.4,4.275579789172183,100
2024-05-14 05:00:00+05:30,5.9,313.0,22.5,933.1,4.27040090195688,100
2024-05-14 06:00:00+05:30,7.6,161.0,23.5,935.4,12.504984481585678,100
2024-05-14 07:00:00+05:30,2.5,315.0,25.2,935.8,0.0,100
2024-05-14 08:00:00+05:30,5.2,335.0,28.5,936.4,2.986369894260885,100
2024-05-14 09:00:00+05:30,6.4,344.0,31.2,937.1,5.092010114931885,100
2024-05-14 10:00:00+05:30,8.1,21.0,33.3,936.6,16.544402945360826,100
2024-05-14 11:00:00+05:30,9.2,39.0,34.7,935.9,34.19309583532873,100
2024-05-14 12:00:00+05:30,7.8,22.0,35.5,935.5,15.842765643416271,100
2024-05-14 13:00:00+05:30,7.6,19.0,34.8,934.7,15.502490676552362,100
2024-05-14 14:00:00+05:30,5.8,7.0,35.5,933.4,3.7790261604198507,100
2024-05-14 15:00:00+05:30,7.2,27.0,35.6,932.6,8.99120430142387,100
2024-05-14 16:00:00+05:30,12.7,345.0,34.0,932.9,97.07082611126016,100
2024-05-14 17:00:00+05:30,16.6,269.0,30.3,933.6,96.73624398912652,100
2024-05-14 18:00:00+05:30,7.2,264.0,32.5,933.3,9.508247807289191,100
2024-05-14 19:00:00+05:30,16.5,260.0,29.2,934.1,97.81939154842047,100
2024-05-14 20:00:00+05:30,12.4,292.0,28.2,934.5,100.0,100
2024-05-14 21:00:00+05:30,10.1,305.0,27.4,934.8,50.724676073668356,100
2024-05-14 22:00:00+05:30,6.2,69.0,26.5,935.4,5.152900673322775,100
2024-05-14 23:00:00+05:30,2.1,329.0,26.1,935.3,0.43851008196308283,100
2024-05-15 00:00:00+05:30,2.9,277.0,25.6,934.7,0.0,100
2024-05-15 01:00:00+05:30,5.9,308.0,24.6,934.1,1.591591432286849,100
2024-05-15 02:00:00+05:30,4.6,342.0,24.0,933.6,0.0,100
2024-05-15 03:00:00+05:30,3.7,331.0,23.2,933.0,0.6075230925802959,100
2024-05-15 04:00:00+05:30,3.4,302.0,22.9,933.4,2.201683911641455,100
2024-05-15 05:00:00+05:30,2.0,315.0,22.6,934.0,0.0,100
2024-05-15 06:00:00+05:30,4.4,35.0,22.8,936.0,0.385043284922497,100
2024-05-15 07:00:00+05:30,9.6,13.0,24.6,937.3,37.615113328985814,100
2024-05-15 08:00:00+05:30,3.9,56.0,27.0,937.5,0.2917752989457222,100
2024-05-15 09:00:00+05:30,2.6,106.0,29.1,937.4,0.0,100
2024-05-15 10:00:00+05:30,2.5,135.0,30.9,937.0,1.7567649735360187,100
2024-05-15 11:00:00+05:30,0.5,135.0,32.7,936.5,0.0,100
2024-05-15 12:00:00+05:30,2.7,337.0,34.0,935.5,0.458954203705801,100
2024-05-15 13:00:00+05:30,4.0,297.0,35.2,934.7,0.0,100
2024-05-15 14:00:00+05:30,4.8,297.0,35.8,933.7,2.5828804244103027,100
2024-05-15 15:00:00+05:30,5.6,320.0,36.3,932.7,3.8200111410955273,100
2024-05-15 16:00:00+05:30,5.8,338.0,36.0,932.2,3.2144753352758952,100
2024-05-15 17:00:00+05:30,8.4,340.0,34.4,932.7,20.84011410619212,100
2024-05-15 18:00:00+05:30,10.4,92.0,32.8,933.1,57.87930918364172,100
2024-05-15 19:00:00+05:30,4.3,265.0,29.8,933.8,0.699047073755767,100
2024-05-15 20:00:00+05:30,8.8,289.0,27.9,934.5,28.023454395195913,100
2024-05-15 21:00:00+05:30,6.6,338.0,27.7,935.6,4.217235822366717,100
2024-05-15 22:00:00+05:30,13.5,318.0,26.4,936.2,100.0,100
2024-05-15 23:00:00+05:30,5.1,231.0,26.2,936.3,1.883666041134315,100
2024-05-16 00:00:00+05:30,0.4,90.0,25.9,935.5,1.4049120613609287,100
2024-05-16 01:00:00+05:30,5.4,360.0,24.7,934.8,2.6957157198868167,100
2024-05-16 02:00:00+05:30,3.7,331.0,24.0,934.1,0.9038124170170525,100
2024-05-16 03:00:00+05:30,2.7,293.0,23.7,934.1,0.11521574836791408,100
2024-05-16 04:00:00+05:30,3.3,311.0,23.7,934.3,1.1263809705680756,100
2024-05-16 05:00:00+05:30,3.6,323.0,23.2,934.4,1.8682430804005357,100
2024-05-16 06:00:00+05:30,6.6,311.0,23.1,935.2,7.504494354882761,100
2024-05-16 07:00:00+05:30,3.9,304.0,25.7,935.9,0.6680453780606489,100
2024-05-16 08:00:00+05:30,4.1,308.0,28.9,937.2,0.0,100
2024-05-16 09:00:00+05:30,2.7,157.0,31.2,937.7,0.0,100
2024-05-16 10:00:00+05:30,4.9,144.0,32.9,937.4,0.0,100
2024-05-16 11:00:00+05:30,3.1,126.0,33.9,936.6,0.0,100
2024-05-16 12:00:00+05:30,4.2,59.0,35.1,935.7,0.0,100
2024-05-16 13:00:00+05:30,7.7,53.0,35.5,934.7,15.823239081522136,100
2024-05-16 14:00:00+05:30,4.6,315.0,35.3,933.6,0.9751176620369962,100
2024-05-16 15:00:00+05:30,6.9,264.0,34.7,933.1,7.247494920047538,100
2024-05-16 16:00:00+05:30,15.3,289.0,32.8,932.6,100.0,100
2024-05-16 17:00:00+05:30,4.7,302.0,32.0,933.0,2.5509835103012084,100
2024-05-16 18:00:00+05:30,12.7,305.0,28.8,934.0,100.0,100
2024-05-16 19:00:00+05:30,10.7,327.0,27.4,934.3,66.04558012283846,100
2024-05-16 20:00:00+05:30,6.0,335.0,26.7,935.0,3.7112805388100156,100
2024-05-16 21:00:00+05:30,3.6,354.0,26.1,935.4,1.258327674120909,100
2024-05-16 22:00:00+05:30,0.7,90.0,26.0,935.5,2.1025550644982856,100
2024-05-16 23:00:00+05:30,1.3,326.0,25.5,935.3,0.5279183258334789,100
2024-05-17 00:00:00+05:30,4.3,360.0,24.6,934.8,0.6711940353783783,100
2024-05-17 01:00:00+05:30,3.5,294.0,24.3,934.1,0.5538576080560949,100
2024-05-17 02:00:00+05:30,0.0,270.0,24.0,933.7,0.0,100
2024-05-17 03:00:00+05:30,2.4,153.0,23.5,933.4,0.0,100
2024-05-17 04:00:00+05:30,1.5,76.0,23.4,933.5,0.0,100
2024-05-17 05:00:00+05:30,1.8,307.0,23.0,933.9,0.0,100
2024-05-17 06:00:00+05:30,4.3,275.0,22.8,934.6,0.0,100
2024-05-17 07:00:00+05:30,1.8,323.0,25.2,935.3,0.29401445576326063,100
2024-05-17 08:00:00+05:30,0.5,135.0,27.8,936.0,0.0,100
2024-05-17 09:00:00+05:30,1.6,117.0,29.9,936.1,1.055585828563727,100
2024-05-17 10:00:00+05:30,1.5,45.0,32.0,935.9,1.1941442977547094,100
2024-05-17 11:00:00+05:30,5.2,25.0,33.5,935.6,1.2995706367795077,100
2024-05-17 12:00:00+05:30,7.5,17.0,34.5,934.7,12.599084669551386,100
2024-05-17 13:00:00+05:30,8.6,22.0,35.1,933.7,24.627815344889477,100
2024-05-17 14:00:00+05:30,7.3,33.0,35.6,932.2,12.68629942114793,100
2024-05-17 15:00:00+05:30,14.2,353.0,32.2,931.6,98.40209272483678,100
2024-05-17 16:00:00+05:30,11.5,266.0,32.6,931.5,86.36587442054434,100
2024-05-17 17:00:00+05:30,4.0,95.0,32.8,931.9,0.4536956578964555,100
2024-05-17 18:00:00+05:30,3.8,311.0,30.1,932.0,0.0,100
2024-05-17 19:00:00+05:30,5.6,320.0,28.5,932.8,1.992533300206441,100
2024-05-17 20:00:00+05:30,3.6,307.0,27.4,933.8,0.0,100
2024-05-17 21:00:00+05:30,4.7,270.0,26.8,934.2,0.023734860760519894,100
2024-05-17 22:00:00+05:30,2.9,277.0,26.2,934.1,0.0,100
2024-05-17 23:00:00+05:30,2.1,31.0,25.7,934.1,0.0,100
2024-05-18 00:00:00+05:30,4.1,322.0,25.1,933.7,0.7340931505087827,100
2024-05-18 01:00:00+05:30,2.9,360.0,24.4,933.0,0.0,100
2024-05-18 02:00:00+05:30,1.5,135.0,24.4,932.5,0.0,100
2024-05-18 03:00:00+05:30,1.5,346.0,23.8,932.0,0.0,100
2024-05-18 04:00:00+05:30,3.7,331.0,23.5,931.7,0.0,100
2024-05-18 05:00:00+05:30,4.8,333.0,23.1,931.8,0.0,100
2024-05-18 06:00:00+05:30,6.4,344.0,23.7,932.3,5.79711155870032,100
2024-05-18 07:00:00+05:30,3.8,343.0,26.2,933.4,0.0,100
2024-05-18 08:00:00+05:30,3.6,307.0,28.9,934.0,0.0,100
2024-05-18 09:00:00+05:30,3.4,302.0,31.4,934.2,1.3336448882512701,100
2024-05-18 10:00:00+05:30,5.1,4.0,33.3,934.5,3.181914476157928,100
2024-05-18 11:00:00+05:30,5.4,8.0,34.5,933.8,3.37247200653091,100
2024-05-18 12:00:00+05:30,8.3,34.0,35.8,933.2,22.583541723996152,100
2024-05-18 13:00:00+05:30,9.9,44.0,35.3,932.1,45.434269116202096,100
2024-05-18 14:00:00+05:30,6.4,38.0,35.8,930.4,6.468233324385696,100
2024-05-18 15:00:00+05:30,11.9,358.0,36.1,929.7,96.00751820732269,100
2024-05-18 16:00:00+05:30,15.7,254.0,30.3,929.4,100.0,100
2024-05-18 17:00:00+05:30,13.0,256.0,30.0,929.8,100.0,100
2024-05-18 18:00:00+05:30,9.6,20.0,28.4,930.4,39.13895789216991,100
2024-05-18 19:00:00+05:30,5.9,11.0,27.4,930.7,2.1768184449560746,100
2024-05-18 20:00:00+05:30,6.1,320.0,27.0,931.4,4.884945828684568,100
2024-05-18 21:00:00+05:30,3.3,347.0,26.8,931.9,0.0,100
2024-05-18 22:00:00+05:30,3.9,326.0,26.4,932.3,0.0,100
2024-05-18 23:00:00+05:30,4.2,239.0,26.1,932.0,0.0,100
2024-05-19 00:00:00+05:30,3.0,194.0,25.5,930.8,0.9197102514716532,100
2024-05-19 01:00:00+05:30,1.3,34.0,25.1,930.6,0.9187655004070644,100
2024-05-19 02:00:00+05:30,2.5,360.0,24.5,930.0,0.0,100
2024-05-19 03:00:00+05:30,0.8,117.0,24.7,930.2,0.7986950073842377,100
2024-05-19 04:00:00+05:30,1.0,45.0,24.7,930.1,0.0,100
2024-05-19 05:00:00+05:30,2.9,60.0,24.1,930.4,1.247976325720014,100
2024-05-19 06:00:00+05:30,1.3,326.0,24.7,931.0,0.5479254063157879,100
2024-05-19 07:00:00+05:30,2.9,60.0,26.9,932.3,1.8342443548431795,100
2024-05-19 08:00:00+05:30,1.0,315.0,29.2,933.0,1.6803522833649573,100
2024-05-19 09:00:00+05:30,4.0,280.0,31.4,933.3,0.14875912748455455,100
2024-05-19 10:00:00+05:30,5.1,321.0,33.7,933.3,1.3886461214986352,100
2024-05-19 11:00:00+05:30,6.5,354.0,35.2,932.7,4.938338026000839,100
2024-05-19 12:00:00+05:30,11.0,11.0,36.8,931.7,70.44776382379231,100
2024-05-19 13:00:00+05:30,15.8,317.0,34.9,930.6,98.3145724550145,100
2024-05-19 14:00:00+05:30,12.4,306.0,34.3,929.5,99.16555435990348,100
2024-05-19 15:00:00+05:30,12.8,344.0,35.8,928.5,97.8289687470108,100
2024-05-19 16:00:00+05:30,14.6,351.0,35.7,927.9,97.69808115640784,100
2024-05-19 17:00:00+05:30,14.0,318.0,33.7,927.7,98.87003944808619,100
2024-05-19 18:00:00+05:30,16.2,270.0,29.6,928.0,100.0,100
2024-05-19 19:00:00+05:30,9.9,260.0,27.5,928.8,46.93677687494491,100
2024-05-19 20:00:00+05:30,0.4,90.0,27.1,930.0,0.8980242166315973,100
2024-05-19 21:00:00+05:30,12.3,140.0,26.3,931.2,95.23360526460614,100
2024-05-19 22:00:00+05:30,5.6,225.0,25.1,931.4,0.9936491796067257,100
2024-05-19 23:00:00+05:30,5.3,332.0,25.6,930.9,2.2724370466195944,100
2024-05-20 00:00:00+05:30,5.6,345.0,25.9,930.2,2.5248408994555973,100
2024-05-20 01:00:00+05:30,6.0,335.0,25.5,929.4,1.4692580242796032,100
2024-05-20 02:00:00+05:30,2.3,18.0,25.1,929.3,0.29127123264064547,100
2024-05-20 03:00:00+05:30,5.4,110.0,24.8,929.5,2.3169297706861176,100
2024-05-20 04:00:00+05:30,5.4,266.0,24.7,929.4,2.466119331502652,100
2024-05-20 05:00:00+05:30,3.9,326.0,24.9,929.7,0.0,100
2024-05-20 06:00:00+05:30,2.7,337.0,25.4,930.6,0.0,100
2024-05-20 07:00:00+05:30,1.5,284.0,26.9,931.3,0.48810650622777424,100
2024-05-20 08:00:00+05:30,2.8,320.0,29.1,931.9,1.0478551932532965,100
2024-05-20 09:00:00+05:30,6.1,357.0,31.8,933.0,4.770834058860612,100
2024-05-20 10:00:00+05:30,3.3,6.0,33.7,933.3,0.0,100
2024-05-20 11:00:00+05:30,6.3,24.0,35.6,932.7,4.298803960474829,100
2024-05-20 12:00:00+05:30,7.6,5.0,36.2,932.0,14.338966653317438,100
2024-05-20 13:00:00+05:30,8.0,18.0,37.3,930.8,16.475952283361966,100
2024-05-20 14:00:00+05:30,13.0,56.0,38.0,929.7,100.0,100
2024-05-20 15:00:00+05:30,13.0,51.0,38.1,928.7,100.0,100
2024-05-20 16:00:00+05:30,15.0,314.0,35.3,928.3,98.6713092743543,100
2024-05-20 17:00:00+05:30,18.1,287.0,31.1,928.5,100.0,100
2024-05-20 18:00:00+05:30,7.0,258.0,29.8,929.9,7.791401745037955,100
2024-05-20 19:00:00+05:30,6.1,273.0,27.4,930.3,4.132223713846018,100
2024-05-20 20:00:00+05:30,7.2,357.0,27.4,931.7,10.288516599298514,100
2024-05-20 21:00:00+05:30,9.0,286.0,26.6,932.1,28.886130471113578,100
2024-05-20 22:00:00+05:30,3.6,354.0,25.4,932.0,0.7660771017282317,100
2024-05-20 23:00:00+05:30,3.4,342.0,25.4,932.1,0.15404533102949736,100
2024-05-21 00:00:00+05:30,4.8,318.0,25.3,931.3,0.6197472417464422,100
2024-05-21 01:00:00+05:30,4.3,336.0,25.1,930.8,1.0733123946140062,100
2024-05-21 02:00:00+05:30,3.8,343.0,24.6,930.6,0.9894594988953676,100
2024-05-21 03:00:00+05:30,5.6,315.0,24.9,930.1,3.3382684309690775,100
2024-05-21 04:00:00+05:30,3.5,336.0,24.4,929.9,0.0,100
2024-05-21 05:00:00+05:30,1.9,22.0,24.2,930.2,0.3932382160934884,100
2024-05-21 06:00:00+05:30,3.6,217.0,26.3,931.2,0.09659481512952449,100
2024-05-21 07:00:00+05:30,2.5,188.0,27.6,931.6,0.0,100
2024-05-21 08:00:00+05:30,2.1,329.0,30.0,932.1,0.4123345235647538,100
2024-05-21 09:00:00+05:30,0.4,90.0,32.7,932.8,0.0,100
2024-05-21 10:00:00+05:30,6.9,43.0,34.9,932.6,7.535770285587436,100
2024-05-21 11:00:00+05:30,9.8,17.0,36.5,931.7,42.90250520274257,100
2024-05-21 12:00:00+05:30,12.9,27.0,37.3,931.2,100.0,100
2024-05-21 13:00:00+05:30,9.6,34.0,38.0,930.3,39.584072991095304,100
2024-05-21 14:00:00+05:30,10.8,21.0,38.9,929.2,64.13797968573546,100
2024-05-21 15:00:00+05:30,8.5,36.0,38.6,928.4,23.625243852158246,100
2024-05-21 16:00:00+05:30,17.2,74.0,38.7,927.7,99.55428013293691,100
2024-05-21 17:00:00+05:30,8.7,107.0,36.2,927.9,25.171922443470045,100
2024-05-21 18:00:00+05:30,12.2,298.0,29.1,928.9,98.22363985103843,100
2024-05-21 19:00:00+05:30,8.5,258.0,29.0,929.1,24.432785742665104,100
2024-05-21 20:00:00+05:30,2.3,231.0,28.4,930.5,0.29097157611112023,100
2024-05-21 21:00:00+05:30,2.3,342.0,27.8,932.0,0.0,100
2024-05-21 22:00:00+05:30,5.8,274.0,26.5,932.3,3.123636751587815,100
2024-05-21 23:00:00+05:30,4.8,77.0,26.2,932.8,0.6503198626232258,100
2024-05-22 00:00:00+05:30,4.7,171.0,26.6,931.9,0.0,100
2024-05-22 01:00:00+05:30,6.6,241.0,25.3,930.9,6.71970924724757,100
2024-05-22 02:00:00+05:30,3.6,354.0,25.4,929.6,0.4401964757542472,100
2024-05-22 03:00:00+05:30,2.3,129.0,25.1,929.5,0.464555012131755,100
2024-05-22 04:00:00+05:30,2.4,153.0,24.7,929.2,0.0,100
2024-05-22 05:00:00+05:30,2.2,99.0,24.2,929.3,0.7459925129778222,100
2024-05-22 06:00:00+05:30,4.5,331.0,26.6,930.9,0.0,100
2024-05-22 07:00:00+05:30,3.8,343.0,28.0,931.5,0.0,100
2024-05-22 08:00:00+05:30,1.5,346.0,30.1,932.4,0.0,100
2024-05-22 09:00:00+05:30,1.5,14.0,32.5,932.8,0.0,100
2024-05-22 10:00:00+05:30,1.1,90.0,34.5,932.5,0.0,100
2024-05-22 11:00:00+05:30,2.8,40.0,36.2,932.1,0.32291289690578723,100
2024-05-22 12:00:00+05:30,5.6,63.0,37.3,931.5,3.4582642841025484,100
2024-05-22 13:00:00+05:30,8.4,47.0,37.4,930.6,20.561333257865623,100
2024-05-22 14:00:00+05:30,9.7,31.0,37.4,929.6,43.20352627627043,100
2024-05-22 15:00:00+05:30,10.1,325.0,36.6,928.6,49.474213932051974,100
2024-05-22 16:00:00+05:30,17.3,318.0,33.5,928.1,100.0,100
2024-05-22 17:00:00+05:30,8.8,341.0,33.9,927.9,28.40506751481884,100
2024-05-22 18:00:00+05:30,8.8,282.0,33.8,928.1,26.551605451820897,100
2024-05-22 19:00:00+05:30,2.4,333.0,32.2,928.6,0.0,100
2024-05-22 20:00:00+05:30,8.1,21.0,30.2,929.9,19.35304949244011,100
2024-05-22 21:00:00+05:30,6.9,309.0,29.5,930.2,7.54739099958837,100
2024-05-22 22:00:00+05:30,6.1,298.0,28.8,930.6,2.5922447385854963,100
2024-05-22 23:00:00+05:30,4.9,343.0,28.1,930.4,0.9733157412200214,100
2024-05-23 00:00:00+05:30,1.5,104.0,27.4,930.1,0.0,100
2024-05-23 01:00:00+05:30,3.9,202.0,27.1,929.1,0.7355930180149116,100
2024-05-23 02:00:00+05:30,3.3,283.0,26.5,928.1,0.0,100
2024-05-23 03:00:00+05:30,4.7,4.0,26.0,927.7,1.3263895689068401,100
2024-05-23 04:00:00+05:30,2.9,330.0,25.2,927.7,0.0,100
2024-05-23 05:00:00+05:30,2.6,326.0,24.8,928.0,1.141081642951481,100
2024-05-23 06:00:00+05:30,3.1,324.0,26.1,929.6,0.0,100
2024-05-23 07:00:00+05:30,5.4,340.0,28.2,931.0,1.3198045519157544,100
2024-05-23 08:00:00+05:30,2.5,315.0,31.2,932.0,0.0,100
2024-05-23 09:00:00+05:30,7.6,8.0,32.5,932.5,13.63624944514809,100
2024-05-23 10:00:00+05:30,1.4,270.0,31.3,931.8,0.7641783816383849,100
2024-05-23 11:00:00+05:30,8.4,263.0,34.4,930.9,22.198867266146802,100
2024-05-23 12:00:00+05:30,10.5,301.0,35.8,930.2,57.46349696934287,100
2024-05-23 13:00:00+05:30,10.5,248.0,35.6,929.6,57.8931889471184,100
2024-05-23 14:00:00+05:30,12.2,332.0,27.4,929.1,99.37099727689527,100
2024-05-23 15:00:00+05:30,16.1,318.0,27.8,929.0,100.0,100
2024-05-23 16:00:00+05:30,12.0,319.0,28.9,927.6,98.26569005610166,100
2024-05-23 17:00:00+05:30,11.3,297.0,28.9,928.0,78.10896359670924,100
2024-05-23 18:00:00+05:30,15.7,279.0,32.3,927.1,98.33432903348063,100
2024-05-23 19:00:00+05:30,8.8,282.0,29.2,927.8,26.00922283331258,100
2024-05-23 20:00:00+05:30,6.1,118.0,28.2,929.2,5.183224939123306,100
2024-05-23 21:00:00+05:30,3.2,243.0,27.8,929.9,0.0,100
2024-05-23 22:00:00+05:30,9.2,149.0,27.1,930.7,33.35731796675886,100
2024-05-23 23:00:00+05:30,8.0,260.0,26.3,929.8,17.98627232151835,100
2024-05-24 00:00:00+05:30,5.1,321.0,26.3,928.7,3.6107178763043963,100
2024-05-24 01:00:00+05:30,6.3,329.0,25.4,928.0,6.133947189219196,100
2024-05-24 02:00:00+05:30,7.2,307.0,25.1,927.2,7.712628954861115,100
2024-05-24 03:00:00+05:30,6.4,322.0,24.7,926.8,3.2970037869127062,100
2024-05-24 04:00:00+05:30,6.9,321.0,24.3,926.8,8.69595357332432,100
2024-05-24 05:00:00+05:30,4.8,333.0,23.7,926.9,1.704682230293479,100
2024-05-24 06:00:00+05:30,3.6,315.0,24.8,928.4,0.0,100
2024-05-24 07:00:00+05:30,4.2,301.0,26.8,929.7,0.0,100
2024-05-24 08:00:00+05:30,6.0,303.0,29.0,930.4,4.498789195780846,100
2024-05-24 09:00:00+05:30,8.2,285.0,30.6,930.7,20.956077350267037,100
2024-05-24 10:00:00+05:30,10.3,282.0,32.6,931.1,51.0964234596597,100
2024-05-24 11:00:00+05:30,15.0,287.0,33.3,931.1,100.0,100
2024-05-24 12:00:00+05:30,16.3,292.0,34.2,930.7,100.0,100
2024-05-24 13:00:00+05:30,15.3,309.0,35.1,929.9,100.0,100
2024-05-24 14:00:00+05:30,15.6,331.0,34.9,929.2,100.0,100
2024-05-24 15:00:00+05:30,16.5,328.0,34.0,928.5,94.70222142094107,100
2024-05-24 16:00:00+05:30,13.8,290.0,32.6,928.2,100.0,100
2024-05-24 17:00:00+05:30,14.3,298.0,32.1,928.3,98.96269585427451,100
2024-05-24 18:00:00+05:30,19.8,271.0,29.9,927.7,99.08099812187827,100
2024-05-24 19:00:00+05:30,16.5,281.0,28.5,928.5,100.0,100
2024-05-24 20:00:00+05:30,14.2,294.0,27.6,928.7,100.0,100
2024-05-24 21:00:00+05:30,14.6,290.0,26.6,929.2,100.0,100
2024-05-24 22:00:00+05:30,9.2,309.0,26.1,929.6,33.45799779433084,100
2024-05-24 23:00:00+05:30,6.4,317.0,25.4,930.4,5.019395302118208,100
2024-05-25 00:00:00+05:30,11.6,296.0,25.0,929.8,86.56033294109022,100
2024-05-25 01:00:00+05:30,10.2,312.0,24.7,928.8,49.586923150490854,100
2024-05-25 02:00:00+05:30,7.9,317.0,24.3,927.8,16.820654179442773,100
2024-05-25 03:00:00+05:30,7.9,317.0,24.1,927.4,18.030128374261466,100
2024-05-25 04:00:00+05:30,6.4,322.0,23.7,927.6,6.118078181384266,100
2024-05-25 05:00:00+05:30,8.9,320.0,23.4,927.9,29.599012170997266,100
2024-05-25 06:00:00+05:30,3.3,13.0,24.4,929.3,0.0,100
2024-05-25 07:00:00+05:30,11.6,296.0,25.7,930.6,87.39102092764954,100
2024-05-25 08:00:00+05:30,16.0,293.0,27.5,930.9,96.0219254440223,100
2024-05-25 09:00:00+05:30,13.7,297.0,29.2,931.8,100.0,100
2024-05-25 10:00:00+05:30,17.8,262.0,30.3,931.2,99.5209631048512,100
2024-05-25 11:00:00+05:30,18.4,274.0,31.4,930.7,100.0,100
2024-05-25 12:00:00+05:30,17.7,272.0,32.7,930.6,100.0,100
2024-05-25 13:00:00+05:30,19.2,278.0,32.9,930.2,98.53253699953639,100
2024-05-25 14:00:00+05:30,19.3,284.0,33.1,929.7,98.75429278360366,100
2024-05-25 15:00:00+05:30,17.2,280.0,32.6,929.1,100.0,100
2024-05-25 16:00:00+05:30,17.0,283.0,31.3,928.7,100.0,100
2024-05-25 17:00:00+05:30,16.4,279.0,29.9,928.6,100.0,100
2024-05-25 18:00:00+05:30,12.8,280.0,28.4,929.1,100.0,100
2024-05-25 19:00:00+05:30,11.9,275.0,26.6,929.9,94.83745880461302,100
2024-05-25 20:00:00+05:30,10.5,278.0,25.8,930.4,59.816337145291584,100
2024-05-25 21:00:00+05:30,9.2,296.0,25.4,930.8,31.49933370866978,100
2024-05-25 22:00:00+05:30,6.9,309.0,25.3,931.2,8.23937416688231,100
2024-05-25 23:00:00+05:30,6.4,286.0,25.2,931.1,5.269859284971091,100
2024-05-26 00:00:00+05:30,4.7,302.0,24.5,930.8,0.7964252292847063,100
2024-05-26 01:00:00+05:30,4.0,297.0,24.3,930.1,0.3128166978200882,100
2024-05-26 02:00:00+05:30,3.6,307.0,24.5,929.7,0.0,100
2024-05-26 03:00:00+05:30,5.1,321.0,24.2,929.3,2.676636730409606,100
2024-05-26 04:00:00+05:30,7.6,301.0,24.2,929.2,12.845795605206568,100
2024-05-26 05:00:00+05:30,7.4,293.0,24.2,929.2,9.960234679139756,100
2024-05-26 06:00:00+05:30,8.9,310.0,25.0,930.7,29.11809010107037,100
2024-05-26 07:00:00+05:30,14.3,288.0,26.4,931.3,100.0,100
2024-05-26 08:00:00+05:30,18.4,287.0,27.7,931.7,98.94629663525077,100
2024-05-26 09:00:00+05:30,19.7,288.0,29.3,932.2,98.58048288059337,100
2024-05-26 10:00:00+05:30,20.5,285.0,30.3,932.6,100.0,100
2024-05-26 11:00:00+05:30,20.2,281.0,31.1,932.4,100.0,100
2024-05-26 12:00:00+05:30,20.5,280.0,32.1,931.7,100.0,100
2024-05-26 13:00:00+05:30,22.4,281.0,32.7,930.7,100.0,100
2024-05-26 14:00:00+05:30,23.4,284.0,32.6,929.9,100.0,100
2024-05-26 15:00:00+05:30,23.2,283.0,31.8,929.2,95.99086909150076,100
2024-05-26 16:00:00+05:30,19.8,280.0,30.7,929.0,100.0,100
2024-05-26 17:00:00+05:30,18.4,281.0,29.5,929.1,100.0,100
2024-05-26 18:00:00+05:30,18.9,279.0,28.9,929.7,100.0,100
2024-05-26 19:00:00+05:30,16.2,283.0,26.9,929.7,100.0,100
2024-05-26 20:00:00+05:30,13.0,284.0,26.0,930.7,100.0,100
2024-05-26 21:00:00+05:30,6.7,306.0,25.4,931.3,7.742810103902705,100
2024-05-26 22:00:00+05:30,8.9,297.0,25.1,931.4,28.148101953252475,100
2024-05-26 23:00:00+05:30,8.4,301.0,24.6,930.8,22.451501180629336,100
2024-05-27 00:00:00+05:30,9.4,317.0,24.3,929.9,38.24516881723742,100
2024-05-27 01:00:00+05:30,6.6,279.0,24.1,929.4,5.260768857753352,100
2024-05-27 02:00:00+05:30,5.8,338.0,24.4,929.3,2.373685696070059,100
2024-05-27 03:00:00+05:30,11.4,294.0,24.9,929.5,84.87845074715051,100
2024-05-27 04:00:00+05:30,13.0,294.0,24.5,928.7,100.0,100
2024-05-27 05:00:00+05:30,10.6,294.0,24.4,928.7,56.79605831385187,100
2024-05-27 06:00:00+05:30,11.5,290.0,25.5,930.3,83.75214348212455,100
2024-05-27 07:00:00+05:30,10.1,270.0,26.5,930.8,49.79261825061907,100
2024-05-27 08:00:00+05:30,13.0,275.0,28.2,931.5,100.0,100
2024-05-27 09:00:00+05:30,20.2,270.0,29.3,931.7,100.0,100
2024-05-27 10:00:00+05:30,14.9,285.0,29.3,932.0,99.72233895585548,100
2024-05-27 11:00:00+05:30,19.7,285.0,30.8,932.3,100.0,100
2024-05-27 12:00:00+05:30,19.0,285.0,31.6,931.6,99.12699002525164,100
2024-05-27 13:00:00+05:30,19.0,285.0,31.6,930.7,100.0,100
2024-05-27 14:00:00+05:30,19.8,280.0,32.0,930.0,93.94809289328961,100
2024-05-27 15:00:00+05:30,20.5,285.0,32.0,929.6,98.77699445886215,100
2024-05-27 16:00:00+05:30,20.8,279.0,31.2,929.1,100.0,100
2024-05-27 17:00:00+05:30,19.7,278.0,29.7,929.0,100.0,100
2024-05-27 18:00:00+05:30,14.8,267.0,27.8,930.2,98.41120590350648,100
2024-05-27 19:00:00+05:30,9.8,262.0,26.4,930.4,40.77927070820409,100
2024-05-27 20:00:00+05:30,5.4,262.0,25.5,930.6,1.1003815517663496,100
2024-05-27 21:00:00+05:30,3.3,276.0,25.0,931.0,2.025385151360594,100
2024-05-27 22:00:00+05:30,1.8,79.0,25.1,931.3,0.0,100
2024-05-27 23:00:00+05:30,4.1,232.0,24.8,930.8,0.0,100
2024-05-28 00:00:00+05:30,1.5,76.0,24.0,930.1,0.7091996865596855,100
2024-05-28 01:00:00+05:30,2.6,74.0,23.9,929.7,0.0,100
2024-05-28 02:00:00+05:30,2.5,360.0,23.6,929.4,0.41005737285805316,100
2024-05-28 03:00:00+05:30,4.2,301.0,23.4,929.3,0.24623881819297733,100
2024-05-28 04:00:00+05:30,5.6,285.0,23.8,929.4,3.015534635720118,100
2024-05-28 05:00:00+05:30,5.9,281.0,23.9,929.8,4.493203608201011,100
2024-05-28 06:00:00+05:30,9.4,272.0,25.0,930.7,34.796612235432065,100
2024-05-28 07:00:00+05:30,14.0,282.0,26.2,931.2,100.0,100
2024-05-28 08:00:00+05:30,17.2,281.0,27.4,931.6,98.03671897859999,100
2024-05-28 09:00:00+05:30,19.3,279.0,29.3,932.4,99.5697448103455,100
2024-05-28 10:00:00+05:30,21.1,278.0,30.3,932.4,100.0,100
2024-05-28 11:00:00+05:30,22.1,277.0,31.2,932.1,98.49345278737007,100
2024-05-28 12:00:00+05:30,22.5,276.0,32.0,931.8,100.0,100
2024-05-28 13:00:00+05:30,21.7,277.0,32.5,931.3,96.69575725437399,100
2024-05-28 14:00:00+05:30,22.3,279.0,32.5,930.5,100.0,100
2024-05-28 15:00:00+05:30,21.9,279.0,32.1,929.9,100.0,100
2024-05-28 16:00:00+05:30,21.2,280.0,31.0,929.7,99.37206910385225,100
2024-05-28 17:00:00+05:30,18.3,280.0,29.6,929.6,100.0,100
2024-05-28 18:00:00+05:30,10.4,270.0,27.8,930.1,55.03909397615711,100
2024-05-28 19:00:00+05:30,6.1,267.0,26.3,930.6,4.201111576091581,100
2024-05-28 20:00:00+05:30,3.6,264.0,25.2,931.3,0.2932870718976113,100
2024-05-28 21:00:00+05:30,3.3,257.0,24.4,931.5,0.0,100
2024-05-28 22:00:00+05:30,3.4,212.0,23.5,931.4,0.0,100
2024-05-28 23:00:00+05:30,3.0,166.0,22.9,931.0,0.0,100
2024-05-29 00:00:00+05:30,2.3,129.0,22.8,930.5,0.0,100
2024-05-29 01:00:00+05:30,1.9,112.0,22.1,929.9,0.9655524608885007,100
2024-05-29 02:00:00+05:30,1.5,104.0,21.7,929.2,0.0,100
2024-05-29 03:00:00+05:30,0.7,90.0,21.9,929.2,0.24028127630403245,100
2024-05-29 04:00:00+05:30,1.1,108.0,21.9,929.4,0.17722569338923405,100
2024-05-29 05:00:00+05:30,1.5,104.0,21.4,929.5,0.2208518494868041,100
2024-05-29 06:00:00+05:30,1.5,104.0,23.2,930.8,0.0,100
2024-05-29 07:00:00+05:30,3.4,252.0,25.3,931.8,0.0,100
2024-05-29 08:00:00+05:30,11.2,264.0,27.4,932.5,79.41252065835059,100
2024-05-29 09:00:00+05:30,13.0,268.0,29.1,932.9,100.0,100
2024-05-29 10:00:00+05:30,16.2,270.0,30.1,932.9,100.0,100
2024-05-29 11:00:00+05:30,16.9,268.0,31.4,932.6,94.84390036151453,100
2024-05-29 12:00:00+05:30,18.0,271.0,32.3,932.0,98.30424063542117,100
2024-05-29 13:00:00+05:30,19.1,272.0,32.8,931.4,98.47785797774759,100
2024-05-29 14:00:00+05:30,19.8,271.0,32.8,930.7,95.93430339314098,100
2024-05-29 15:00:00+05:30,19.9,274.0,32.3,930.0,98.76402624069287,100
2024-05-29 16:00:00+05:30,19.6,277.0,31.2,929.9,100.0,100
2024-05-29 17:00:00+05:30,18.1,277.0,29.7,929.8,100.0,100
2024-05-29 18:00:00+05:30,12.7,262.0,28.7,930.5,100.0,100
2024-05-29 19:00:00+05:30,9.2,259.0,26.9,930.9,34.28179349498133,100
2024-05-29 20:00:00+05:30,6.3,257.0,25.9,931.5,5.47633740140606,100
2024-05-29 21:00:00+05:30,2.9,270.0,25.0,932.1,0.0,100
2024-05-29 22:00:00+05:30,3.4,288.0,24.0,932.3,1.486470811367016,100
2024-05-29 23:00:00+05:30,3.1,306.0,24.3,932.5,0.9292158584981459,100
2024-05-30 00:00:00+05:30,3.5,336.0,23.5,931.5,0.0,100
2024-05-30 01:00:00+05:30,6.1,320.0,23.6,930.5,3.996219762640588,100
2024-05-30 02:00:00+05:30,7.9,317.0,23.5,930.1,15.995290215723399,100
2024-05-30 03:00:00+05:30,7.6,315.0,23.4,930.0,13.623927270335313,100
2024-05-30 04:00:00+05:30,6.4,317.0,23.1,930.3,6.925515604675288,100
2024-05-30 05:00:00+05:30,4.8,318.0,22.4,930.6,0.0,100
2024-05-30 06:00:00+05:30,6.7,324.0,23.2,930.7,6.32466504894791,100
2024-05-30 07:00:00+05:30,8.4,295.0,25.7,932.0,20.273994541136425,100
2024-05-30 08:00:00+05:30,11.0,293.0,27.5,932.8,70.62166834834352,100
2024-05-30 09:00:00+05:30,13.8,285.0,29.4,933.3,100.0,100
2024-05-30 10:00:00+05:30,13.6,282.0,31.2,933.6,100.0,100
2024-05-30 11:00:00+05:30,14.5,284.0,32.6,933.4,98.51354264411292,100
2024-05-30 12:00:00+05:30,15.3,289.0,33.9,932.9,100.0,100
2024-05-30 13:00:00+05:30,15.8,282.0,34.7,932.2,100.0,100
2024-05-30 14:00:00+05:30,17.3,274.0,34.6,931.5,97.69021693598553,100
2024-05-30 15:00:00+05:30,17.0,275.0,33.8,931.3,94.87611748716887,100
2024-05-30 16:00:00+05:30,19.1,274.0,32.6,931.2,99.03742013580776,100
2024-05-30 17:00:00+05:30,20.4,278.0,30.6,931.2,100.0,100
2024-05-30 18:00:00+05:30,18.1,276.0,29.9,931.8,97.97646546259111,100
2024-05-30 19:00:00+05:30,16.9,282.0,28.1,932.2,99.334982948448,100
2024-05-30 20:00:00+05:30,16.4,285.0,26.5,932.7,97.71683912978148,100
2024-05-30 21:00:00+05:30,13.1,302.0,25.6,933.3,99.05734347675622,100
2024-05-30 22:00:00+05:30,10.4,304.0,25.2,933.3,59.59229298452477,100
2024-05-30 23:00:00+05:30,9.0,299.0,24.8,933.0,29.426432170129367,100
2024-05-31 00:00:00+05:30,7.1,300.0,24.5,932.4,10.303444074854513,100
2024-05-31 01:00:00+05:30,5.9,308.0,24.0,931.4,0.9468987259262907,100
2024-05-31 02:00:00+05:30,5.1,315.0,23.6,930.8,0.9342574975605544,100
2024-05-31 03:00:00+05:30,5.9,322.0,23.4,930.7,3.5278177478150994,100
2024-05-31 04:00:00+05:30,4.9,324.0,22.9,930.7,0.7577930578989907,100
2024-05-31 05:00:00+05:30,7.1,336.0,21.3,930.7,9.918921266900847,100
2024-05-31 06:00:00+05:30,3.6,354.0,23.6,932.7,0.4487642475283637,100
2024-05-31 07:00:00+05:30,5.6,320.0,25.8,933.6,1.0525753160691202,100
2024-05-31 08:00:00+05:30,9.2,312.0,28.1,934.1,32.45267736954858,100
2024-05-31 09:00:00+05:30,12.8,292.0,30.3,934.6,100.0,100
2024-05-31 10:00:00+05:30,14.5,284.0,32.1,934.8,100.0,100
2024-05-31 11:00:00+05:30,15.1,282.0,33.6,934.3,100.0,100
2024-05-31 12:00:00+05:30,16.1,280.0,34.5,933.7,98.85907322520083,100
2024-05-31 13:00:00+05:30,15.3,278.0,35.0,933.1,100.0,100
2024-05-31 14:00:00+05:30,14.8,276.0,35.1,932.4,100.0,100
2024-05-31 15:00:00+05:30,17.0,275.0,34.1,932.0,97.16911769106824,100
2024-05-31 16:00:00+05:30,17.6,281.0,32.9,931.7,97.3966507398865,100
2024-05-31 17:00:00+05:30,17.9,280.0,31.6,932.0,99.18334696458656,100
2024-05-31 18:00:00+05:30,18.4,276.0,30.7,931.8,98.48609819879499,100
2024-05-31 19:00:00+05:30,16.8,280.0,28.7,931.7,100.0,100
2024-05-31 20:00:00+05:30,14.4,283.0,26.9,932.2,94.88606888550709,100
2024-05-31 21:00:00+05:30,10.2,288.0,26.3,932.7,49.24602915912425,100
2024-05-31 22:00:00+05:30,5.7,305.0,25.9,932.9,0.31667107553170215,100
2024-05-31 23:00:00+05:30,8.1,302.0,25.2,932.7,18.54823394712905,100
2024-06-01 00:00:00+05:30,8.5,298.0,24.5,932.0,22.457249570764095,100
2024-06-01 01:00:00+05:30,4.2,301.0,23.9,931.4,0.8196679114613792,100
2024-06-01 02:00:00+05:30,1.8,360.0,23.6,931.1,1.3132787912835446,100
2024-06-01 03:00:00+05:30,2.6,326.0,23.2,931.0,0.0,100
2024-06-01 04:00:00+05:30,2.9,353.0,22.9,931.1,0.28735157187908944,100
2024-06-01 05:00:00+05:30,3.0,346.0,22.7,931.4,0.0,100
2024-06-01 06:00:00+05:30,4.4,351.0,24.2,932.4,0.0,100
2024-06-01 07:00:00+05:30,6.6,299.0,26.3,933.3,5.68977185833649,100
2024-06-01 08:00:00+05:30,12.8,292.0,28.6,933.9,98.88267612318143,100
2024-06-01 09:00:00+05:30,12.9,288.0,30.4,934.6,100.0,100
2024-06-01 10:00:00+05:30,13.6,281.0,31.7,934.8,100.0,100
2024-06-01 11:00:00+05:30,13.7,275.0,32.6,934.3,98.94703481160008,100
2024-06-01 12:00:00+05:30,13.8,276.0,33.6,933.7,96.66094729607325,100
2024-06-01 13:00:00+05:30,14.9,277.0,34.2,932.8,100.0,100
2024-06-01 14:00:00+05:30,14.2,277.0,34.3,932.3,100.0,100
2024-06-01 15:00:00+05:30,16.3,262.0,32.0,931.9,94.03343969876543,100
2024-06-01 16:00:00+05:30,14.4,266.0,32.0,931.5,100.0,100
2024-06-01 17:00:00+05:30,15.9,273.0,31.5,931.6,98.07184842218751,100
2024-06-01 18:00:00+05:30,15.1,273.0,31.0,931.9,99.83231621990157,100
2024-06-01 19:00:00+05:30,13.7,275.0,28.9,931.9,100.0,100
2024-06-01 20:00:00+05:30,9.9,280.0,27.3,932.8,46.41450205994345,100
2024-06-01 21:00:00+05:30,7.0,291.0,26.3,933.0,8.34114963362559,100
2024-06-01 22:00:00+05:30,5.8,300.0,25.9,933.1,2.3163353398108315,100
2024-06-01 23:00:00+05:30,3.1,306.0,25.2,933.2,0.0,100
2024-06-02 00:00:00+05:30,3.6,307.0,24.5,932.8,1.222512265278459,100
2024-06-02 01:00:00+05:30,3.1,306.0,24.0,932.1,0.26948617447014706,100
2024-06-02 02:00:00+05:30,2.9,300.0,23.6,931.6,0.0,100
2024-06-02 03:00:00+05:30,3.1,315.0,23.2,931.4,0.0,100
2024-06-02 04:00:00+05:30,3.9,338.0,23.1,931.5,0.0,100
2024-06-02 05:00:00+05:30,3.3,257.0,23.4,932.1,2.078387457466669,100
2024-06-02 06:00:00+05:30,1.8,37.0,24.7,932.9,0.0,100
2024-06-02 07:00:00+05:30,1.1,270.0,26.3,933.9,0.08430005701344402,100
2024-06-02 08:00:00+05:30,4.7,293.0,28.2,934.3,0.0,100
2024-06-02 09:00:00+05:30,10.5,297.0,30.3,934.5,57.360347204325876,100
2024-06-02 10:00:00+05:30,11.7,288.0,32.1,934.8,92.7512841999033,100
2024-06-02 11:00:00+05:30,12.0,279.0,33.4,934.7,99.95525020012612,100
2024-06-02 12:00:00+05:30,12.7,277.0,34.2,933.6,99.76662293727651,100
2024-06-02 13:00:00+05:30,13.1,279.0,34.7,933.3,100.0,100
2024-06-02 14:00:00+05:30,14.1,276.0,34.2,932.6,94.74966978242786,100
2024-06-02 15:00:00+05:30,14.8,274.0,33.6,931.6,100.0,100
2024-06-02 16:00:00+05:30,13.7,270.0,33.0,931.5,98.07985778172899,100
2024-06-02 17:00:00+05:30,17.1,278.0,31.8,931.7,98.59394532047027,100
2024-06-02 18:00:00+05:30,16.6,275.0,31.3,931.5,100.0,100
2024-06-02 19:00:00+05:30,16.6,269.0,29.0,932.2,98.75267517123878,100
2024-06-02 20:00:00+05:30,12.5,282.0,27.6,933.2,100.0,100
2024-06-02 21:00:00+05:30,7.5,287.0,26.9,933.6,13.434276018180592,100
2024-06-02 22:00:00+05:30,7.1,285.0,26.4,934.1,9.394822619409979,100
2024-06-02 23:00:00+05:30,3.4,302.0,25.9,934.1,0.0,100
2024-06-03 00:00:00+05:30,5.1,309.0,25.6,933.7,0.4171542933348261,100
2024-06-03 01:00:00+05:30,3.1,306.0,25.0,933.3,0.0,100
2024-06-03 02:00:00+05:30,3.3,264.0,24.7,932.6,0.8059858856407682,100
2024-06-03 03:00:00+05:30,3.0,284.0,24.3,931.8,1.160781210393595,100
2024-06-03 04:00:00+05:30,1.4,270.0,24.2,932.2,0.0,100
2024-06-03 05:00:00+05:30,0.8,153.0,24.1,933.1,0.4061117676793907,100
2024-06-03 06:00:00+05:30,6.6,41.0,24.9,934.4,5.913138326551493,100
2024-06-03 07:00:00+05:30,10.2,157.0,24.8,934.7,50.44830878189993,100
2024-06-03 08:00:00+05:30,1.8,37.0,26.1,935.1,0.6583110306065999,100
2024-06-03 09:00:00+05:30,5.5,157.0,28.2,935.5,2.318911462984313,100
2024-06-03 10:00:00+05:30,6.0,155.0,31.1,935.7,2.879556428652643,100
2024-06-03 11:00:00+05:30,7.0,145.0,33.3,935.1,9.231064662437147,100
2024-06-03 12:00:00+05:30,8.2,131.0,34.8,934.2,18.288171105125944,100
2024-06-03 13:00:00+05:30,6.4,142.0,35.6,933.2,4.53304318754913,100
2024-06-03 14:00:00+05:30,12.1,247.0,33.6,932.4,100.0,100
2024-06-03 15:00:00+05:30,10.2,293.0,32.0,931.6,50.723366061433964,100
2024-06-03 16:00:00+05:30,10.7,312.0,31.8,931.5,61.282331350766135,100
2024-06-03 17:00:00+05:30,10.5,286.0,30.2,931.9,55.63287810802707,100
2024-06-03 18:00:00+05:30,8.8,282.0,29.8,931.8,26.56149225783996,100
2024-06-03 19:00:00+05:30,12.8,280.0,28.5,932.3,98.03963125457776,100
2024-06-03 20:00:00+05:30,4.1,255.0,27.2,933.5,0.1780669849643677,100
2024-06-03 21:00:00+05:30,5.2,254.0,26.6,933.8,1.4349606377942237,100
2024-06-03 22:00:00+05:30,1.8,323.0,26.2,934.6,0.8964190924352122,100
2024-06-03 23:00:00+05:30,5.9,322.0,26.0,934.3,3.363415701978625,100
2024-06-04 00:00:00+05:30,3.2,297.0,25.6,933.7,0.0,100
2024-06-04 01:00:00+05:30,4.2,329.0,25.1,933.2,0.0,100
2024-06-04 02:00:00+05:30,3.9,292.0,24.8,932.9,0.8094276299479055,100
2024-06-04 03:00:00+05:30,2.9,277.0,25.1,932.9,0.0,100
2024-06-04 04:00:00+05:30,3.1,315.0,24.4,932.6,0.11651573522648558,100
2024-06-04 05:00:00+05:30,3.4,302.0,24.1,932.6,0.5753555345559789,100
2024-06-04 06:00:00+05:30,2.6,56.0,24.7,933.0,0.0,100
2024-06-04 07:00:00+05:30,2.2,351.0,25.4,933.9,0.36425229950151305,100
2024-06-04 08:00:00+05:30,5.5,349.0,26.5,934.7,4.380211155313598,100
2024-06-04 09:00:00+05:30,4.6,315.0,27.9,935.6,0.0,100
2024-06-04 10:00:00+05:30,3.9,158.0,26.3,935.5,0.0,100
2024-06-04 11:00:00+05:30,4.7,274.0,28.6,935.1,1.1344100547522358,100
2024-06-04 12:00:00+05:30,9.5,245.0,29.7,935.0,37.994440339617995,100
2024-06-04 13:00:00+05:30,12.3,277.0,30.2,933.8,96.85215637958872,100
2024-06-04 14:00:00+05:30,12.6,294.0,30.0,933.0,100.0,100
2024-06-04 15:00:00+05:30,13.1,278.0,30.0,932.3,99.39231032851688,100
2024-06-04 16:00:00+05:30,13.1,279.0,28.9,932.1,100.0,100
2024-06-04 17:00:00+05:30,12.5,288.0,28.4,932.5,98.64408276524401,100
2024-06-04 18:00:00+05:30,7.6,270.0,27.0,932.7,13.03880323120579,100
2024-06-04 19:00:00+05:30,5.9,313.0,25.7,933.5,2.7272043830900747,100
2024-06-04 20:00:00+05:30,1.8,307.0,25.2,934.2,0.0,100
2024-06-04 21:00:00+05:30,1.6,63.0,25.0,934.4,0.0,100
2024-06-04 22:00:00+05:30,0.4,180.0,24.9,934.8,0.0,100
2024-06-04 23:00:00+05:30,1.8,233.0,24.7,934.2,1.0949320347655014,100
2024-06-05 00:00:00+05:30,1.5,14.0,24.4,933.7,1.452140712307207,100
2024-06-05 01:00:00+05:30,4.1,45.0,24.0,933.2,0.0,100
2024-06-05 02:00:00+05:30,1.3,56.0,23.8,932.8,0.0,100
2024-06-05 03:00:00+05:30,1.8,79.0,23.7,932.7,0.0,100
2024-06-05 04:00:00+05:30,0.8,117.0,23.8,932.9,0.0,100
2024-06-05 05:00:00+05:30,1.5,346.0,23.6,932.8,0.0,100
2024-06-05 06:00:00+05:30,1.4,360.0,24.9,933.4,2.2149728922414917,100
2024-06-05 07:00:00+05:30,2.2,351.0,26.1,934.3,0.7367222425288017,100
2024-06-05 08:00:00+05:30,1.9,292.0,27.8,935.3,0.18067992367686703,100
2024-06-05 09:00:00+05:30,5.2,295.0,29.5,935.5,1.1799981303749179,100
2024-06-05 10:00:00+05:30,8.9,284.0,30.9,935.7,25.95654695950183,100
2024-06-05 11:00:00+05:30,11.7,281.0,30.6,935.1,93.04296803733592,100
2024-06-05 12:00:00+05:30,9.5,349.0,29.0,934.9,38.33784004253533,100
2024-06-05 13:00:00+05:30,7.4,346.0,26.4,934.3,12.500803864802164,100
2024-06-05 14:00:00+05:30,4.7,266.0,26.8,933.7,1.8037197227411106,100
2024-06-05 15:00:00+05:30,9.7,270.0,27.3,933.0,43.61248949648676,100
2024-06-05 16:00:00+05:30,7.7,281.0,27.7,932.4,14.480812823832096,100
2024-06-05 17:00:00+05:30,6.8,295.0,27.9,932.5,7.24163854427763,100
2024-06-05 18:00:00+05:30,1.4,360.0,26.5,932.8,2.594471804227932,100
2024-06-05 19:00:00+05:30,1.8,169.0,26.4,933.3,0.568438636726385,100
2024-06-05 20:00:00+05:30,1.8,349.0,26.1,934.3,0.0,100
2024-06-05 21:00:00+05:30,5.8,270.0,24.3,934.1,3.1308778337977587,100
2024-06-05 22:00:00+05:30,4.8,283.0,24.4,934.9,0.0,100
2024-06-05 23:00:00+05:30,3.9,304.0,23.7,934.6,1.003263876461029,100
2024-06-06 00:00:00+05:30,3.5,294.0,23.7,933.9,0.0,100
2024-06-06 01:00:00+05:30,2.5,45.0,23.3,933.2,0.0,100
2024-06-06 02:00:00+05:30,1.0,45.0,23.9,933.2,0.0,100
2024-06-06 03:00:00+05:30,1.6,27.0,23.5,933.1,0.0,100
2024-06-06 04:00:00+05:30,3.6,360.0,23.0,933.3,1.8774138612073108,100
2024-06-06 05:00:00+05:30,5.4,323.0,22.4,933.5,3.897864382139031,100
2024-06-06 06:00:00+05:30,3.1,291.0,24.6,933.5,0.0,100
2024-06-06 07:00:00+05:30,5.8,277.0,25.9,935.1,4.262008033877712,100
2024-06-06 08:00:00+05:30,5.5,281.0,27.4,935.8,2.1554975700782952,100
2024-06-06 09:00:00+05:30,10.0,285.0,29.0,936.1,44.40110126154495,100
2024-06-06 10:00:00+05:30,11.3,287.0,30.0,936.0,81.0737543457322,100
2024-06-06 11:00:00+05:30,10.2,288.0,31.3,935.9,54.141866501254,100
2024-06-06 12:00:00+05:30,10.9,279.0,32.5,935.3,67.82700228830491,100
2024-06-06 13:00:00+05:30,11.7,349.0,29.2,934.7,88.72068579248845,100
2024-06-06 14:00:00+05:30,4.6,129.0,28.2,933.7,0.0,100
2024-06-06 15:00:00+05:30,7.6,273.0,26.0,933.3,15.37681410831035,100
2024-06-06 16:00:00+05:30,2.6,16.0,25.9,933.3,0.8281619595499603,100
2024-06-06 17:00:00+05:30,2.6,254.0,25.6,933.4,0.0,100
2024-06-06 18:00:00+05:30,3.7,259.0,26.6,933.4,0.5715944243283575,100
2024-06-06 19:00:00+05:30,5.9,313.0,25.4,933.5,3.260571011851449,100
2024-06-06 20:00:00+05:30,5.2,335.0,24.8,933.9,0.436961026305446,100
2024-06-06 21:00:00+05:30,5.9,322.0,24.3,934.2,3.7372733514231844,100
2024-06-06 22:00:00+05:30,6.6,338.0,23.8,935.0,7.073988923543948,100
2024-06-06 23:00:00+05:30,2.8,130.0,23.9,934.8,0.10696045565746427,100
2024-06-07 00:00:00+05:30,2.9,240.0,23.1,934.6,1.2144473226573045,100
2024-06-07 01:00:00+05:30,3.7,331.0,23.3,933.5,0.0,100
2024-06-07 02:00:00+05:30,6.1,360.0,23.2,932.8,4.4078298025486085,100
2024-06-07 03:00:00+05:30,5.0,300.0,23.2,932.2,1.3089921407926297,100
2024-06-07 04:00:00+05:30,1.5,135.0,23.4,932.4,0.0,100
2024-06-07 05:00:00+05:30,4.5,346.0,23.1,932.3,0.0,100
2024-06-07 06:00:00+05:30,7.1,330.0,23.4,931.9,9.220530708688145,100
2024-06-07 07:00:00+05:30,3.8,319.0,24.5,932.7,1.1312245220328292,100
2024-06-07 08:00:00+05:30,8.1,32.0,25.5,934.3,17.181136986194,100
2024-06-07 09:00:00+05:30,6.7,344.0,24.7,934.5,8.500853858623088,100
2024-06-07 10:00:00+05:30,5.0,339.0,25.1,934.2,2.0454769230647427,100
2024-06-07 11:00:00+05:30,7.1,311.0,26.5,933.8,10.627910783342582,100
2024-06-07 12:00:00+05:30,6.1,320.0,28.9,933.2,2.8923129897817343,100
2024-06-07 13:00:00+05:30,6.0,343.0,30.6,932.2,3.953330788774721,100
2024-06-07 14:00:00+05:30,6.3,31.0,32.3,931.5,4.341112977201334,100
2024-06-07 15:00:00+05:30,8.8,71.0,29.8,930.7,26.383439094649024,100
2024-06-07 16:00:00+05:30,7.7,217.0,28.2,930.2,16.846190378479953,100
2024-06-07 17:00:00+05:30,5.8,353.0,26.3,930.3,2.656660410577996,100
2024-06-07 18:00:00+05:30,1.8,281.0,27.2,930.4,1.131550229500355,100
2024-06-07 19:00:00+05:30,8.7,294.0,25.0,931.2,25.419241698476753,100
2024-06-07 20:00:00+05:30,1.9,22.0,24.1,932.0,0.39604460569723554,100
2024-06-07 21:00:00+05:30,2.9,180.0,23.8,932.9,1.1929737110350707,100
2024-06-07 22:00:00+05:30,4.6,309.0,23.4,933.1,0.493815308824037,100
2024-06-07 23:00:00+05:30,4.3,318.0,22.9,932.9,0.7720682021538168,100
2024-06-08 00:00:00+05:30,3.9,22.0,22.5,932.4,0.8372240850534128,100
2024-06-08 01:00:00+05:30,6.8,328.0,22.5,931.9,8.332615910061856,100
2024-06-08 02:00:00+05:30,5.6,345.0,22.5,931.1,1.7536171435375598,100
2024-06-08 03:00:00+05:30,8.2,119.0,21.9,931.1,18.773286840624024,100
2024-06-08 04:00:00+05:30,2.1,239.0,22.2,930.6,0.0,100
2024-06-08 05:00:00+05:30,2.2,9.0,22.3,930.9,0.0,100
2024-06-08 06:00:00+05:30,1.8,169.0,22.7,930.8,0.0,100
2024-06-08 07:00:00+05:30,7.9,219.0,22.5,932.3,16.239466552870876,100
2024-06-08 08:00:00+05:30,4.0,90.0,21.9,932.3,0.0,100
2024-06-08 09:00:00+05:30,4.2,211.0,22.3,932.7,0.0,100
2024-06-08 10:00:00+05:30,2.6,254.0,24.8,933.0,0.11439996851575694,100
2024-06-08 11:00:00+05:30,2.8,320.0,27.8,932.8,0.0,100
2024-06-08 12:00:00+05:30,7.4,331.0,29.9,932.1,10.805690905773865,100
2024-06-08 13:00:00+05:30,8.6,57.0,30.2,931.0,24.15355956410425,100
2024-06-08 14:00:00+05:30,9.4,187.0,24.6,930.4,33.42892168117186,100
2024-06-08 15:00:00+05:30,3.1,249.0,23.8,929.6,0.0,100
2024-06-08 16:00:00+05:30,5.6,285.0,24.5,929.6,2.0007596823429195,100
2024-06-08 17:00:00+05:30,4.3,318.0,24.4,929.1,1.7937081948133198,100
2024-06-08 18:00:00+05:30,6.4,344.0,24.1,929.4,4.441546438218012,100
2024-06-08 19:00:00+05:30,5.6,285.0,23.7,929.8,2.46381090036522,100
2024-06-08 20:00:00+05:30,4.4,305.0,23.6,930.9,0.37628951468750854,100
2024-06-08 21:00:00+05:30,6.3,301.0,23.4,931.0,4.526942250285691,100
2024-06-08 22:00:00+05:30,5.4,262.0,23.1,931.0,2.0005732384345465,100
2024-06-08 23:00:00+05:30,2.7,293.0,23.2,931.0,0.0,100
2024-06-09 00:00:00+05:30,2.9,300.0,23.3,930.4,1.0976613343758586,100
2024-06-09 01:00:00+05:30,4.8,347.0,23.3,929.6,0.3474268484746123,100
2024-06-09 02:00:00+05:30,5.2,348.0,22.9,929.4,1.6781941026447875,100
2024-06-09 03:00:00+05:30,3.6,323.0,22.7,929.2,1.4759587816370743,100
2024-06-09 04:00:00+05:30,5.8,353.0,23.0,928.6,2.7139757207611894,100
2024-06-09 05:00:00+05:30,4.9,343.0,23.2,928.9,1.158740342184364,100
2024-06-09 06:00:00+05:30,6.9,309.0,22.7,929.8,8.991760232450513,100
2024-06-09 07:00:00+05:30,7.4,313.0,23.3,930.4,12.256365921537176,100
2024-06-09 08:00:00+05:30,7.4,309.0,24.2,930.9,9.887854501228304,100
2024-06-09 09:00:00+05:30,5.2,304.0,25.2,931.9,0.8908769549709532,100
2024-06-09 10:00:00+05:30,5.6,310.0,25.9,932.2,2.205099598271779,100
2024-06-09 11:00:00+05:30,4.1,315.0,25.1,932.0,1.7822381575531454,100
2024-06-09 12:00:00+05:30,6.4,322.0,25.7,931.8,7.283569767932722,100
2024-06-09 13:00:00+05:30,6.9,321.0,25.6,931.0,8.97763103606453,100
2024-06-09 14:00:00+05:30,2.6,286.0,25.4,930.0,0.0,100
2024-06-09 15:00:00+05:30,6.8,238.0,25.9,929.6,7.825900519513194,100
2024-06-09 16:00:00+05:30,9.6,257.0,25.9,929.5,37.69784385561072,100
2024-06-09 17:00:00+05:30,10.5,301.0,24.4,929.8,58.10415190634912,100
2024-06-09 18:00:00+05:30,6.6,299.0,25.2,930.1,6.1202429905076965,100
2024-06-09 19:00:00+05:30,8.5,282.0,24.3,930.6,22.646786011714973,100
2024-06-09 20:00:00+05:30,9.5,299.0,23.7,931.0,37.37166287361427,100
2024-06-09 21:00:00+05:30,8.9,302.0,23.6,931.6,28.66871978989624,100
2024-06-09 22:00:00+05:30,7.1,315.0,23.6,932.0,9.806982841582741,100
2024-06-09 23:00:00+05:30,5.6,333.0,23.3,932.0,2.960889195214622,100
2024-06-10 00:00:00+05:30,7.4,309.0,23.1,931.8,12.243671628290896,100
2024-06-10 01:00:00+05:30,3.6,6.0,22.9,931.1,0.0,100
2024-06-10 02:00:00+05:30,7.6,335.0,22.7,930.6,14.980677801222518,100
2024-06-10 03:00:00+05:30,11.3,307.0,22.6,930.4,81.22742834288069,100
2024-06-10 04:00:00+05:30,13.7,300.0,22.9,929.5,100.0,100
2024-06-10 05:00:00+05:30,12.2,294.0,22.8,930.0,100.0,100
2024-06-10 06:00:00+05:30,6.3,283.0,22.6,931.5,5.310452383459656,100
2024-06-10 07:00:00+05:30,5.0,300.0,23.1,931.8,0.9183060089571362,100
2024-06-10 08:00:00+05:30,8.9,297.0,24.3,932.3,27.271599530319477,100
2024-06-10 09:00:00+05:30,7.3,279.0,24.7,932.7,11.662161047900575,100
2024-06-10 10:00:00+05:30,7.6,278.0,25.8,932.8,13.843253260454748,100
2024-06-10 11:00:00+05:30,7.8,292.0,26.5,932.7,13.547444921932863,100
2024-06-10 12:00:00+05:30,11.3,292.0,27.7,932.5,76.06299706814745,100
2024-06-10 13:00:00+05:30,15.4,291.0,28.3,931.8,97.96250033837588,100
2024-06-10 14:00:00+05:30,15.5,288.0,27.8,931.1,100.0,100
2024-06-10 15:00:00+05:30,15.4,291.0,27.6,930.8,98.98216492460362,100
2024-06-10 16:00:00+05:30,15.5,275.0,26.6,930.6,99.46825044517486,100
2024-06-10 17:00:00+05:30,15.3,278.0,26.3,930.9,100.0,100
2024-06-10 18:00:00+05:30,8.5,282.0,24.9,931.7,22.257134200275203,100
2024-06-10 19:00:00+05:30,9.7,274.0,24.1,932.4,39.81312146208908,100
2024-06-10 20:00:00+05:30,6.0,287.0,23.5,932.9,4.849337616848228,100
2024-06-10 21:00:00+05:30,9.0,299.0,23.0,933.5,30.776063659338835,100
2024-06-10 22:00:00+05:30,5.6,285.0,23.0,933.5,4.3040192382739475,100
2024-06-10 23:00:00+05:30,4.3,312.0,23.1,933.6,0.0,100
2024-06-11 00:00:00+05:30,5.3,298.0,23.2,932.9,0.08384756430205065,100
2024-06-11 01:00:00+05:30,4.6,321.0,22.9,932.2,0.0,100
2024-06-11 02:00:00+05:30,4.9,306.0,22.8,931.3,2.277205944663536,100
2024-06-11 03:00:00+05:30,6.2,291.0,22.8,931.1,2.8360340932495722,100
2024-06-11 04:00:00+05:30,7.4,293.0,22.8,931.1,12.283536493845185,100
2024-06-11 05:00:00+05:30,5.4,290.0,22.4,931.2,3.479100813177948,100
2024-06-11 06:00:00+05:30,5.0,300.0,23.2,932.3,3.469888892925348,100
2024-06-11 07:00:00+05:30,5.7,305.0,23.3,932.7,2.900045370939072,100
2024-06-11 08:00:00+05:30,7.4,299.0,24.3,933.8,9.895790329616817,100
2024-06-11 09:00:00+05:30,8.6,272.0,23.8,934.2,24.099012790820844,100
2024-06-11 10:00:00+05:30,8.3,252.0,23.7,934.2,20.838844276694157,100
2024-06-11 11:00:00+05:30,5.8,270.0,23.9,933.8,1.544279038197835,100
2024-06-11 12:00:00+05:30,8.5,298.0,26.7,933.7,21.422489016194717,100
2024-06-11 13:00:00+05:30,8.7,294.0,28.2,932.6,25.18568610546796,100
2024-06-11 14:00:00+05:30,12.3,291.0,29.4,932.1,100.0,100
2024-06-11 15:00:00+05:30,14.5,277.0,25.6,931.4,100.0,100
2024-06-11 16:00:00+05:30,9.5,281.0,25.7,931.4,37.89511008795534,100
2024-06-11 17:00:00+05:30,8.8,282.0,25.0,931.2,25.191429714524112,100
2024-06-11 18:00:00+05:30,12.6,283.0,25.0,931.9,100.0,100
2024-06-11 19:00:00+05:30,10.7,284.0,24.1,932.1,62.04091113684458,100
2024-06-11 20:00:00+05:30,9.4,288.0,23.6,932.3,36.67645413486731,100
2024-06-11 21:00:00+05:30,8.4,301.0,23.5,933.0,21.667826856614386,100
2024-06-11 22:00:00+05:30,3.6,315.0,23.2,933.5,1.0814507944900318,100
2024-06-11 23:00:00+05:30,4.3,318.0,23.2,933.5,1.2644352074644603,100
2024-06-12 00:00:00+05:30,5.1,315.0,23.0,933.4,1.713005604282711,100
2024-06-12 01:00:00+05:30,6.6,292.0,23.0,932.5,7.740543233760666,100
2024-06-12 02:00:00+05:30,8.2,311.0,22.9,931.9,20.724420783435026,100
2024-06-12 03:00:00+05:30,6.9,317.0,22.9,932.0,8.165997555116054,100
2024-06-12 04:00:00+05:30,4.3,312.0,22.9,932.3,1.4608009674021187,100
2024-06-12 05:00:00+05:30,4.3,355.0,22.8,932.7,0.7289085368267565,100
2024-06-12 06:00:00+05:30,0.7,90.0,23.1,933.1,0.0,100
2024-06-12 07:00:00+05:30,1.5,194.0,24.1,933.9,0.13146036116225512,100
2024-06-12 08:00:00+05:30,9.9,280.0,25.8,934.9,44.21393504251439,100
2024-06-12 09:00:00+05:30,12.3,275.0,27.2,935.5,100.0,100
2024-06-12 10:00:00+05:30,11.2,276.0,28.5,935.5,74.1104152581475,100
2024-06-12 11:00:00+05:30,11.2,272.0,28.6,935.1,75.33862851955992,100
2024-06-12 12:00:00+05:30,10.2,278.0,27.3,934.3,50.660454715038505,100
2024-06-12 13:00:00+05:30,11.5,270.0,28.5,933.7,85.88050237661858,100
2024-06-12 14:00:00+05:30,11.9,272.0,27.6,933.3,96.49993500114023,100
2024-06-12 15:00:00+05:30,7.6,289.0,26.0,932.7,12.158459292907894,100
2024-06-12 16:00:00+05:30,7.9,294.0,25.1,932.0,16.170962027058135,100
2024-06-12 17:00:00+05:30,4.2,290.0,25.1,932.0,1.9248049432415637,100
2024-06-12 18:00:00+05:30,5.4,270.0,25.7,932.6,2.3914561953670135,100
2024-06-12 19:00:00+05:30,2.9,270.0,24.5,933.1,0.0,100
2024-06-12 20:00:00+05:30,1.3,214.0,24.6,934.0,0.0,100
2024-06-12 21:00:00+05:30,0.8,117.0,24.2,934.4,0.0,100
2024-06-12 22:00:00+05:30,2.3,162.0,24.1,934.7,1.9281221146207594,100
2024-06-12 23:00:00+05:30,1.6,207.0,23.9,934.2,0.0,100
2024-06-13 00:00:00+05:30,1.8,323.0,23.8,934.0,0.12154006081260135,100
2024-06-13 01:00:00+05:30,0.7,90.0,23.6,933.4,0.0,100
2024-06-13 02:00:00+05:30,1.5,166.0,23.6,932.8,0.0,100
2024-06-13 03:00:00+05:30,0.0,270.0,23.5,932.5,0.0,100
2024-06-13 04:00:00+05:30,1.1,72.0,23.4,932.8,0.0,100
2024-06-13 05:00:00+05:30,1.3,236.0,22.9,933.1,0.0,100
2024-06-13 06:00:00+05:30,1.8,217.0,23.6,933.1,0.0,100
2024-06-13 07:00:00+05:30,4.0,260.0,24.6,933.7,0.5668311967324806,100
2024-06-13 08:00:00+05:30,9.0,265.0,26.3,934.3,29.991045035432787,100
2024-06-13 09:00:00+05:30,11.5,266.0,27.6,934.9,86.15160935480779,100
2024-06-13 10:00:00+05:30,8.6,270.0,28.5,935.1,24.073894016144454,100
2024-06-13 11:00:00+05:30,10.4,284.0,29.7,934.9,55.98267765592436,100
2024-06-13 12:00:00+05:30,13.3,289.0,29.5,934.3,98.3717784888241,100
2024-06-13 13:00:00+05:30,14.4,273.0,27.5,933.4,98.03037164359672,100
2024-06-13 14:00:00+05:30,12.2,272.0,28.9,933.0,99.1164062080771,100
2024-06-13 15:00:00+05:30,13.1,279.0,27.8,931.8,96.9842549977744,100
2024-06-13 16:00:00+05:30,14.8,266.0,27.3,931.7,100.0,100
2024-06-13 17:00:00+05:30,10.4,268.0,26.4,931.8,54.301979748508664,100
2024-06-13 18:00:00+05:30,9.7,268.0,25.3,932.0,42.54188412460136,100
2024-06-13 19:00:00+05:30,4.4,261.0,24.4,932.0,0.22048656947482087,100
2024-06-13 20:00:00+05:30,2.2,261.0,24.2,933.0,0.798180697799858,100
2024-06-13 21:00:00+05:30,1.9,248.0,24.1,933.3,0.0,100
2024-06-13 22:00:00+05:30,0.7,180.0,23.9,933.8,0.0,100
2024-06-13 23:00:00+05:30,2.6,304.0,23.8,933.8,0.3364800892084951,100
2024-06-14 00:00:00+05:30,2.2,279.0,23.7,933.2,0.0,100
2024-06-14 01:00:00+05:30,2.4,297.0,23.7,932.9,0.0,100
2024-06-14 02:00:00+05:30,3.9,292.0,23.5,932.0,1.1924041634624905,100
2024-06-14 03:00:00+05:30,4.3,294.0,23.3,931.9,0.0,100
2024-06-14 04:00:00+05:30,2.8,320.0,23.4,931.7,0.3565331305701789,100
2024-06-14 05:00:00+05:30,3.1,249.0,23.4,931.7,0.0,100
2024-06-14 06:00:00+05:30,1.8,233.0,23.7,932.4,0.8868095737554885,100
2024-06-14 07:00:00+05:30,3.1,249.0,24.4,933.0,1.8614829784748428,100
2024-06-14 08:00:00+05:30,9.4,268.0,25.9,933.7,36.34946608737025,100
2024-06-14 09:00:00+05:30,11.2,270.0,26.8,933.9,79.27646106789228,100
2024-06-14 10:00:00+05:30,12.6,275.0,28.2,933.8,99.45085373499265,100
2024-06-14 11:00:00+05:30,11.9,272.0,29.1,933.6,96.72030686814577,100
2024-06-14 12:00:00+05:30,14.5,264.0,28.9,933.1,95.62502628749684,100
2024-06-14 13:00:00+05:30,10.1,264.0,27.4,932.7,47.69955886600651,100
2024-06-14 14:00:00+05:30,16.0,261.0,27.9,931.9,97.4392975358378,100
2024-06-14 15:00:00+05:30,13.8,261.0,27.3,931.6,100.0,100
2024-06-14 16:00:00+05:30,13.1,261.0,26.6,931.1,97.95583997288078,100
2024-06-14 17:00:00+05:30,13.3,268.0,25.9,931.2,100.0,100
2024-06-14 18:00:00+05:30,9.1,277.0,25.5,931.2,32.22601762304435,100
2024-06-14 19:00:00+05:30,5.4,274.0,24.7,931.9,3.471998725598021,100
2024-06-14 20:00:00+05:30,2.3,252.0,24.3,932.5,0.1678571388228387,100
2024-06-14 21:00:00+05:30,1.6,153.0,24.2,933.3,0.0,100
2024-06-14 22:00:00+05:30,1.0,135.0,24.1,933.5,0.3425356883819346,100
2024-06-14 23:00:00+05:30,3.1,126.0,23.8,933.8,0.0,100
2024-06-15 00:00:00+05:30,1.6,153.0,23.3,933.2,0.6460990662151327,100
2024-06-15 01:00:00+05:30,1.5,166.0,23.3,932.4,0.0,100
2024-06-15 02:00:00+05:30,2.3,141.0,23.2,931.6,0.0,100
2024-06-15 03:00:00+05:30,2.3,141.0,22.9,931.1,0.8007010808897028,100
2024-06-15 04:00:00+05:30,1.6,153.0,22.9,930.8,0.0,100
2024-06-15 05:00:00+05:30,2.1,121.0,23.1,931.1,0.0,100
2024-06-15 06:00:00+05:30,3.6,127.0,23.2,931.5,0.4781693430794673,100
2024-06-15 07:00:00+05:30,3.6,217.0,24.4,932.2,0.0,100
2024-06-15 08:00:00+05:30,8.9,238.0,26.0,932.7,27.48353203801219,100
2024-06-15 09:00:00+05:30,9.8,246.0,27.7,933.0,42.27999451132524,100
2024-06-15 10:00:00+05:30,8.9,249.0,28.3,933.1,28.570030557997303,100
2024-06-15 11:00:00+05:30,9.0,241.0,29.8,932.8,31.058827888384094,100
2024-06-15 12:00:00+05:30,13.4,239.0,26.8,932.1,100.0,100
2024-06-15 13:00:00+05:30,6.5,264.0,28.9,931.8,4.958968334638364,100
2024-06-15 14:00:00+05:30,14.8,241.0,27.9,931.4,100.0,100
2024-06-15 15:00:00+05:30,6.0,253.0,27.8,931.0,3.089974732685616,100
2024-06-15 16:00:00+05:30,11.0,251.0,27.6,930.3,70.99794372609065,100
2024-06-15 17:00:00+05:30,10.1,253.0,26.7,930.3,50.59694971573103,100
2024-06-15 18:00:00+05:30,4.3,222.0,25.2,930.6,0.0,100
2024-06-15 19:00:00+05:30,2.7,113.0,24.2,931.1,0.5676002726673334,100
2024-06-15 20:00:00+05:30,2.9,120.0,23.6,932.2,0.07952814093586552,100
2024-06-15 21:00:00+05:30,1.8,191.0,24.1,932.6,0.0,100
2024-06-15 22:00:00+05:30,0.8,153.0,23.9,933.0,0.8489540766194821,100
2024-06-15 23:00:00+05:30,1.9,68.0,23.6,933.0,0.15807977955674313,100
2024-06-16 00:00:00+05:30,1.0,225.0,23.5,932.4,0.11785517542711138,100
2024-06-16 01:00:00+05:30,1.6,243.0,23.5,931.7,0.021461987359459755,100
2024-06-16 02:00:00+05:30,2.7,157.0,22.9,931.2,0.0,100
2024-06-16 03:00:00+05:30,2.2,90.0,22.8,931.1,0.0,100
2024-06-16 04:00:00+05:30,1.8,101.0,22.9,931.6,0.0,100
2024-06-16 05:00:00+05:30,1.5,104.0,23.1,931.8,0.0,100
2024-06-16 06:00:00+05:30,0.8,153.0,23.7,932.1,1.83389033944148,100
2024-06-16 07:00:00+05:30,2.0,135.0,24.1,932.8,0.0,100
2024-06-16 08:00:00+05:30,1.0,315.0,24.8,932.9,0.0,100
2024-06-16 09:00:00+05:30,2.3,309.0,26.7,933.7,0.07421489856966809,100
2024-06-16 10:00:00+05:30,2.6,286.0,28.3,933.6,0.2638375418848394,100
2024-06-16 11:00:00+05:30,2.0,315.0,29.2,933.4,1.553521858398332,100
2024-06-16 12:00:00+05:30,4.1,308.0,30.5,932.4,0.0,100
2024-06-16 13:00:00+05:30,7.1,300.0,31.0,931.4,8.331616608121598,100
2024-06-16 14:00:00+05:30,17.3,265.0,25.6,930.9,96.35635453457573,100
2024-06-16 15:00:00+05:30,9.2,334.0,26.1,930.8,32.890187534283385,100
2024-06-16 16:00:00+05:30,7.7,319.0,26.6,930.4,14.237459611978155,100
2024-06-16 17:00:00+05:30,8.4,317.0,26.2,930.6,22.229310519042034,100
2024-06-16 18:00:00+05:30,4.0,275.0,26.9,930.8,0.3518370165449912,100
2024-06-16 19:00:00+05:30,5.2,282.0,25.1,931.3,0.4249344185791266,100
2024-06-16 20:00:00+05:30,4.2,301.0,24.5,932.2,0.46555863812791975,100
2024-06-16 21:00:00+05:30,3.4,288.0,24.1,932.8,0.6341040075028648,100
2024-06-16 22:00:00+05:30,1.3,304.0,23.5,933.6,0.0,100
2024-06-16 23:00:00+05:30,0.5,225.0,23.7,933.1,0.0,100
2024-06-17 00:00:00+05:30,3.2,63.0,23.2,932.4,0.0,100
2024-06-17 01:00:00+05:30,0.8,153.0,23.0,931.6,0.0,100
2024-06-17 02:00:00+05:30,1.1,18.0,23.0,930.9,0.4867013185597198,100
2024-06-17 03:00:00+05:30,2.9,330.0,22.9,931.0,0.0,100
2024-06-17 04:00:00+05:30,2.2,261.0,23.1,931.2,0.708726639758586,100
2024-06-17 05:00:00+05:30,0.4,180.0,23.1,931.5,0.0,100
2024-06-17 06:00:00+05:30,1.1,108.0,23.2,932.6,0.0,100
2024-06-17 07:00:00+05:30,1.8,270.0,24.1,933.2,0.18386036173636075,100
2024-06-17 08:00:00+05:30,4.0,270.0,25.5,933.4,0.8642109970523536,100
2024-06-17 09:00:00+05:30,5.1,266.0,27.2,933.7,1.3212722001581778,100
2024-06-17 10:00:00+05:30,4.4,279.0,28.7,933.9,0.96753349165253,100
2024-06-17 11:00:00+05:30,6.3,283.0,29.5,933.4,4.71716395130023,100
2024-06-17 12:00:00+05:30,7.3,281.0,30.4,933.3,11.757208386330786,100
2024-06-17 13:00:00+05:30,9.4,277.0,30.4,932.5,36.05978000951973,100
2024-06-17 14:00:00+05:30,10.9,276.0,28.6,932.0,65.18776552555137,100
2024-06-17 15:00:00+05:30,5.9,284.0,28.3,931.5,2.8777255391350547,100
2024-06-17 16:00:00+05:30,10.1,264.0,26.9,931.0,49.391441954280296,100
2024-06-17 17:00:00+05:30,6.2,263.0,26.9,931.3,4.378290611026173,100
2024-06-17 18:00:00+05:30,9.4,272.0,26.4,931.2,37.5373104795703,100
2024-06-17 19:00:00+05:30,4.9,287.0,25.2,932.2,0.5947547406892064,100
2024-06-17 20:00:00+05:30,1.8,323.0,25.0,932.9,0.4522484852972753,100
2024-06-17 21:00:00+05:30,2.1,329.0,24.8,933.8,0.0,100
2024-06-17 22:00:00+05:30,1.5,76.0,24.7,934.5,0.39710838073424787,100
2024-06-17 23:00:00+05:30,2.5,262.0,24.5,934.2,0.011746808355740261,100
2024-06-18 00:00:00+05:30,1.0,315.0,24.2,933.5,0.0,100
2024-06-18 01:00:00+05:30,0.4,360.0,23.9,932.8,1.3949494829272382,100
2024-06-18 02:00:00+05:30,1.9,292.0,23.7,931.8,0.8027559177330658,100
2024-06-18 03:00:00+05:30,1.5,256.0,23.7,931.5,0.10237678419192245,100
2024-06-18 04:00:00+05:30,2.5,180.0,23.2,931.4,0.0,100
2024-06-18 05:00:00+05:30,3.6,143.0,22.6,931.4,0.0,100
2024-06-18 06:00:00+05:30,3.7,119.0,23.1,932.2,0.0,100
2024-06-18 07:00:00+05:30,3.8,229.0,24.4,932.8,0.0,100
2024-06-18 08:00:00+05:30,5.6,243.0,26.1,933.3,3.4463317340133006,100
2024-06-18 09:00:00+05:30,9.7,255.0,27.8,933.7,40.83168283789376,100
2024-06-18 10:00:00+05:30,12.3,255.0,29.2,933.7,98.7556602479623,100
2024-06-18 11:00:00+05:30,13.8,263.0,29.8,933.6,99.18053855351783,100
2024-06-18 12:00:00+05:30,14.2,261.0,30.1,932.9,100.0,100
2024-06-18 13:00:00+05:30,14.1,255.0,30.4,932.0,100.0,100
2024-06-18 14:00:00+05:30,17.5,256.0,27.9,931.2,100.0,100
2024-06-18 15:00:00+05:30,17.0,257.0,28.5,931.0,100.0,100
2024-06-18 16:00:00+05:30,16.3,264.0,26.8,930.6,98.61009545605548,100
2024-06-18 17:00:00+05:30,14.4,269.0,26.0,930.7,98.77892544200076,100
2024-06-18 18:00:00+05:30,9.1,279.0,25.8,931.1,33.0441293656284,100
2024-06-18 19:00:00+05:30,9.0,272.0,24.8,931.7,29.980477426948884,100
2024-06-18 20:00:00+05:30,6.5,267.0,24.2,932.1,6.276097770472937,100
2024-06-18 21:00:00+05:30,4.7,279.0,24.1,932.6,1.037063600687684,100
2024-06-18 22:00:00+05:30,2.8,310.0,23.7,933.1,0.0,100
2024-06-18 23:00:00+05:30,3.7,299.0,23.3,932.9,0.04192720423626861,100
2024-06-19 00:00:00+05:30,2.2,180.0,23.1,931.9,0.0,100
2024-06-19 01:00:00+05:30,0.8,117.0,22.9,931.2,0.0,100
2024-06-19 02:00:00+05:30,1.1,108.0,22.5,930.4,0.6333731345551894,100
2024-06-19 03:00:00+05:30,4.4,125.0,22.3,930.1,1.5590086808911214,100
2024-06-19 04:00:00+05:30,4.3,114.0,22.6,930.2,0.5090152268273307,100
2024-06-19 05:00:00+05:30,3.1,126.0,23.0,930.5,0.0,100
2024-06-19 06:00:00+05:30,1.1,198.0,23.7,930.7,0.26116855878416706,100
2024-06-19 07:00:00+05:30,3.3,257.0,24.4,930.9,0.0,100
2024-06-19 08:00:00+05:30,11.0,259.0,26.0,931.9,71.45263392196307,100
2024-06-19 09:00:00+05:30,15.3,246.0,26.9,932.1,100.0,100
2024-06-19 10:00:00+05:30,14.1,255.0,28.1,932.4,100.0,100
2024-06-19 11:00:00+05:30,14.4,257.0,28.5,932.0,100.0,100
2024-06-19 12:00:00+05:30,13.9,260.0,28.4,931.6,99.32418434842837,100
2024-06-19 13:00:00+05:30,13.8,250.0,27.8,930.8,95.93339238816775,100
2024-06-19 14:00:00+05:30,17.0,253.0,28.0,930.2,100.0,100
2024-06-19 15:00:00+05:30,18.4,258.0,26.8,929.4,98.37013307987395,100
2024-06-19 16:00:00+05:30,16.7,263.0,26.7,929.1,99.47464647465756,100
2024-06-19 17:00:00+05:30,14.3,258.0,26.1,929.1,100.0,100
2024-06-19 18:00:00+05:30,6.9,264.0,25.0,929.5,9.039839539104044,100
2024-06-19 19:00:00+05:30,4.7,238.0,24.7,929.8,0.0,100
2024-06-19 20:00:00+05:30,4.7,238.0,24.3,930.3,3.42199076475557,100
2024-06-19 21:00:00+05:30,3.5,204.0,24.0,931.0,0.0,100
2024-06-19 22:00:00+05:30,3.3,186.0,23.8,931.0,0.19038712115840478,100
2024-06-19 23:00:00+05:30,4.2,200.0,24.0,931.1,0.0,100
2024-06-20 00:00:00+05:30,3.6,186.0,23.9,930.7,0.0,100
2024-06-20 01:00:00+05:30,2.5,172.0,23.7,930.2,2.418167142759037,100
2024-06-20 02:00:00+05:30,5.1,184.0,23.5,929.4,2.283123972420115,100
2024-06-20 03:00:00+05:30,5.1,184.0,23.5,929.5,1.661907718139418,100
2024-06-20 04:00:00+05:30,5.2,168.0,23.4,929.3,3.0439446333479214,100
2024-06-20 05:00:00+05:30,4.4,145.0,23.5,929.3,1.1055169378851057,100
2024-06-20 06:00:00+05:30,4.3,138.0,23.7,929.5,0.0,100
2024-06-20 07:00:00+05:30,5.2,214.0,24.6,930.2,1.3060088935152054,100
2024-06-20 08:00:00+05:30,13.7,247.0,25.5,930.9,95.81374934779625,100
2024-06-20 09:00:00+05:30,16.8,239.0,26.9,931.4,100.0,100
2024-06-20 10:00:00+05:30,16.6,240.0,27.6,931.9,100.0,100
2024-06-20 11:00:00+05:30,18.2,245.0,27.9,931.6,100.0,100
2024-06-20 12:00:00+05:30,18.4,244.0,28.4,931.1,100.0,100
2024-06-20 13:00:00+05:30,18.9,249.0,27.3,930.3,99.62279065608122,100
2024-06-20 14:00:00+05:30,20.1,249.0,28.2,930.1,99.88569110392238,100
2024-06-20 15:00:00+05:30,20.6,251.0,27.2,929.4,99.4081856691818,100
2024-06-20 16:00:00+05:30,17.9,248.0,26.3,928.9,100.0,100
2024-06-20 17:00:00+05:30,10.8,255.0,25.8,928.9,66.29017159836357,100
2024-06-20 18:00:00+05:30,8.3,268.0,25.4,928.6,19.04899390837609,100
2024-06-20 19:00:00+05:30,0.8,297.0,24.7,928.9,0.0,100
2024-06-20 20:00:00+05:30,1.8,169.0,24.6,929.9,0.35514171222242,100
2024-06-20 21:00:00+05:30,2.5,180.0,24.4,930.6,0.27301976355832197,100
2024-06-20 22:00:00+05:30,1.8,180.0,24.3,931.2,1.5646704688508337,100
2024-06-20 23:00:00+05:30,2.5,172.0,24.2,931.3,0.0,100
2024-06-21 00:00:00+05:30,2.9,180.0,24.1,930.8,0.0,100
2024-06-21 01:00:00+05:30,3.3,193.0,23.9,930.3,2.092930267652963,100
2024-06-21 02:00:00+05:30,3.5,204.0,23.7,929.6,0.0,100
2024-06-21 03:00:00+05:30,4.0,170.0,23.8,929.1,0.0,100
2024-06-21 04:00:00+05:30,4.7,212.0,23.8,929.2,2.6807892078606277,100
2024-06-21 05:00:00+05:30,2.1,149.0,23.7,929.3,0.0,100
2024-06-21 06:00:00+05:30,5.8,248.0,24.2,929.9,4.31540568293511,100
2024-06-21 07:00:00+05:30,4.3,222.0,24.4,930.8,0.0,100
2024-06-21 08:00:00+05:30,7.7,242.0,24.7,931.2,13.688239709205893,100
2024-06-21 09:00:00+05:30,8.3,265.0,25.2,931.6,19.368847777997324,100
2024-06-21 10:00:00+05:30,11.9,265.0,26.1,931.9,98.98148691729808,100
2024-06-21 11:00:00+05:30,14.8,274.0,27.1,931.5,92.66813152220143,100
2024-06-21 12:00:00+05:30,16.9,268.0,27.2,931.3,100.0,100
2024-06-21 13:00:00+05:30,11.9,272.0,26.7,931.0,98.9691228675768,100
2024-06-21 14:00:00+05:30,14.1,266.0,27.6,930.4,100.0,100
2024-06-21 15:00:00+05:30,10.1,274.0,26.4,929.6,46.19283228680334,100
2024-06-21 16:00:00+05:30,5.4,266.0,26.5,929.1,1.065269002107257,100
2024-06-21 17:00:00+05:30,5.0,249.0,26.5,929.1,3.2179606243903374,100
2024-06-21 18:00:00+05:30,5.4,266.0,26.2,929.0,2.382789301643633,100
2024-06-21 19:00:00+05:30,4.8,257.0,25.1,929.4,2.248525120375462,100
2024-06-21 20:00:00+05:30,2.8,230.0,24.8,930.3,1.0819232881586944,100
2024-06-21 21:00:00+05:30,1.5,166.0,24.0,930.8,0.0,100
2024-06-21 22:00:00+05:30,1.1,198.0,23.7,931.4,0.0,100
2024-06-21 23:00:00+05:30,2.5,172.0,23.8,931.0,1.2307402352227403,100
2024-06-22 00:00:00+05:30,0.8,63.0,23.6,930.3,1.2167244733608695,100
2024-06-22 01:00:00+05:30,1.5,14.0,23.6,929.7,0.32747516763125717,100
2024-06-22 02:00:00+05:30,2.3,252.0,23.1,928.7,0.0,100
2024-06-22 03:00:00+05:30,1.0,135.0,22.9,928.2,0.5532941029645979,100
2024-06-22 04:00:00+05:30,3.3,139.0,22.9,928.3,1.420425620457121,100
2024-06-22 05:00:00+05:30,3.6,127.0,22.9,928.6,1.2892225896227225,100
2024-06-22 06:00:00+05:30,2.1,211.0,23.8,928.6,0.0,100
2024-06-22 07:00:00+05:30,2.9,270.0,24.3,929.3,0.0,100
2024-06-22 08:00:00+05:30,7.1,285.0,25.3,930.3,10.394677886258297,100
2024-06-22 09:00:00+05:30,9.4,277.0,26.5,930.5,36.11861876764628,100
2024-06-22 10:00:00+05:30,8.6,285.0,28.0,930.7,23.36958623117403,100
2024-06-22 11:00:00+05:30,9.9,289.0,29.1,930.2,46.15513018305254,100
2024-06-22 12:00:00+05:30,12.3,291.0,30.4,929.6,100.0,100
2024-06-22 13:00:00+05:30,14.3,280.0,27.6,928.8,100.0,100
2024-06-22 14:00:00+05:30,15.3,278.0,29.1,928.1,100.0,100
2024-06-22 15:00:00+05:30,9.7,272.0,28.1,927.6,41.27036186501569,100
2024-06-22 16:00:00+05:30,11.6,277.0,28.2,927.7,89.77137646974701,100
2024-06-22 17:00:00+05:30,15.5,273.0,27.5,927.7,98.05424816586692,100
2024-06-22 18:00:00+05:30,11.5,274.0,25.9,927.6,84.90839101936803,100
2024-06-22 19:00:00+05:30,6.8,273.0,24.9,928.0,7.8269281703883165,100
2024-06-22 20:00:00+05:30,2.5,315.0,24.1,929.3,0.6790114157955226,100
2024-06-22 21:00:00+05:30,1.8,349.0,23.8,929.8,0.05458009891833364,100
2024-06-22 22:00:00+05:30,0.5,135.0,24.0,930.0,0.0,100
2024-06-22 23:00:00+05:30,2.5,45.0,23.8,929.8,0.0,100
2024-06-23 00:00:00+05:30,1.1,90.0,23.9,929.3,0.0,100
2024-06-23 01:00:00+05:30,3.7,169.0,23.9,928.9,0.0,100
2024-06-23 02:00:00+05:30,2.9,187.0,24.0,928.0,0.0,100
2024-06-23 03:00:00+05:30,1.5,166.0,24.1,928.0,0.0,100
2024-06-23 04:00:00+05:30,2.5,180.0,24.0,927.9,0.21664943169037512,100
2024-06-23 05:00:00+05:30,3.1,135.0,23.9,928.1,1.999914960790047,100
2024-06-23 06:00:00+05:30,2.3,162.0,23.9,928.7,0.0,100
2024-06-23 07:00:00+05:30,2.0,135.0,24.4,929.3,1.7899699251180583,100
2024-06-23 08:00:00+05:30,3.4,252.0,24.9,929.3,0.500571604086574,100
2024-06-23 09:00:00+05:30,3.1,315.0,26.0,929.5,0.0,100
2024-06-23 10:00:00+05:30,1.1,180.0,27.9,929.7,0.0,100
2024-06-23 11:00:00+05:30,0.7,180.0,29.6,929.6,0.5220230689593053,100
2024-06-23 12:00:00+05:30,0.5,135.0,31.0,929.0,1.3539471868160007,100
2024-06-23 13:00:00+05:30,8.4,245.0,29.3,927.5,21.740392370082667,100
2024-06-23 14:00:00+05:30,5.4,266.0,27.6,926.9,2.0130347334355183,100
2024-06-23 15:00:00+05:30,4.3,275.0,28.5,926.3,0.8938388024701145,100
2024-06-23 16:00:00+05:30,9.0,307.0,28.4,926.0,30.83845768959589,100
2024-06-23 17:00:00+05:30,7.9,273.0,25.6,925.9,16.341558085818285,100
2024-06-23 18:00:00+05:30,7.4,241.0,25.2,926.4,12.630655585976568,100
2024-06-23 19:00:00+05:30,2.9,240.0,24.5,926.8,0.8598808225627552,100
2024-06-23 20:00:00+05:30,2.5,360.0,24.0,927.8,0.48731188614454896,100
2024-06-23 21:00:00+05:30,2.1,31.0,23.8,928.3,0.0,100
2024-06-23 22:00:00+05:30,1.1,72.0,23.7,928.7,0.0,100
2024-06-23 23:00:00+05:30,2.0,225.0,23.5,928.3,0.16673492899630282,100
2024-06-24 00:00:00+05:30,2.3,141.0,23.3,927.9,0.0,100
2024-06-24 01:00:00+05:30,2.1,121.0,23.1,927.4,0.13555477068637797,100
2024-06-24 02:00:00+05:30,2.2,180.0,23.1,926.8,1.4868786391121593,100
2024-06-24 03:00:00+05:30,2.2,81.0,22.5,926.2,1.7402193197587452,100
2024-06-24 04:00:00+05:30,3.1,225.0,22.4,926.3,0.2557524053991899,100
2024-06-24 05:00:00+05:30,1.5,45.0,22.6,926.3,0.0,100
2024-06-24 06:00:00+05:30,1.8,90.0,22.8,926.7,0.6877058974628832,100
2024-06-24 07:00:00+05:30,1.3,124.0,23.9,927.4,0.0,100
2024-06-24 08:00:00+05:30,0.8,333.0,25.5,927.9,0.0,100
2024-06-24 09:00:00+05:30,1.5,45.0,26.4,928.2,0.0,100
2024-06-24 10:00:00+05:30,0.7,90.0,27.8,928.1,0.0,100
2024-06-24 11:00:00+05:30,1.3,214.0,29.4,927.5,0.6155767785584344,100
2024-06-24 12:00:00+05:30,4.4,215.0,30.5,926.9,1.099259636397534,100
2024-06-24 13:00:00+05:30,9.8,234.0,30.2,926.2,42.62982387432911,100
2024-06-24 14:00:00+05:30,8.4,263.0,27.7,925.6,20.68523327240563,100
2024-06-24 15:00:00+05:30,7.2,243.0,28.1,925.1,10.991743309402601,100
2024-06-24 16:00:00+05:30,7.0,215.0,25.8,925.0,9.193522767144142,100
2024-06-24 17:00:00+05:30,7.5,235.0,26.5,924.9,10.522302528404499,100
2024-06-24 18:00:00+05:30,8.2,255.0,26.3,925.2,19.97400996964113,100
2024-06-24 19:00:00+05:30,3.9,236.0,25.3,925.8,1.1525988650129029,100
2024-06-24 20:00:00+05:30,3.3,167.0,25.0,926.5,1.1721606952734114,100
2024-06-24 21:00:00+05:30,5.5,169.0,24.8,927.1,3.462393127894322,100
2024-06-24 22:00:00+05:30,4.3,175.0,24.4,927.1,0.0,100
2024-06-24 23:00:00+05:30,4.6,162.0,24.1,927.2,1.9400155030434123,100
2024-06-25 00:00:00+05:30,4.1,142.0,24.0,926.8,1.7808522172571954,100
2024-06-25 01:00:00+05:30,5.1,141.0,24.0,926.4,2.107028986199521,100
2024-06-25 02:00:00+05:30,4.8,153.0,24.1,926.0,1.5361138027175407,100
2024-06-25 03:00:00+05:30,5.4,127.0,24.1,925.7,2.003033100935597,100
2024-06-25 04:00:00+05:30,5.5,148.0,23.9,925.3,0.975044371248931,100
2024-06-25 05:00:00+05:30,4.7,148.0,23.7,925.5,1.5585674701782233,100
2024-06-25 06:00:00+05:30,6.4,153.0,24.1,925.9,4.845306386621051,100
2024-06-25 07:00:00+05:30,6.2,170.0,24.4,926.5,4.232371390381407,100
2024-06-25 08:00:00+05:30,7.4,203.0,25.6,927.0,12.864630687478352,100
2024-06-25 09:00:00+05:30,9.5,209.0,26.6,927.2,36.20843653280364,100
2024-06-25 10:00:00+05:30,11.4,215.0,28.2,927.4,79.9216460626452,100
2024-06-25 11:00:00+05:30,12.3,212.0,29.4,926.8,99.34685789228304,100
2024-06-25 12:00:00+05:30,17.4,230.0,29.1,926.3,100.0,100
2024-06-25 13:00:00+05:30,17.3,227.0,29.1,925.7,99.77236313304495,100
2024-06-25 14:00:00+05:30,18.6,227.0,27.9,925.4,99.9495651275959,100
2024-06-25 15:00:00+05:30,13.4,234.0,26.3,924.7,97.88198007441126,100
2024-06-25 16:00:00+05:30,15.1,237.0,26.7,924.4,100.0,100
2024-06-25 17:00:00+05:30,11.5,231.0,26.0,924.5,85.28139092873687,100
2024-06-25 18:00:00+05:30,9.5,217.0,26.7,924.1,36.7184047931017,100
2024-06-25 19:00:00+05:30,8.2,203.0,25.3,924.7,20.778918167926612,100
2024-06-25 20:00:00+05:30,5.6,195.0,25.1,925.9,2.4904915853869305,100
2024-06-25 21:00:00+05:30,7.1,195.0,24.9,926.8,10.223047708546662,100
2024-06-25 22:00:00+05:30,7.0,201.0,24.6,927.0,8.653338690481597,100
2024-06-25 23:00:00+05:30,4.2,211.0,24.4,927.0,0.956682695724021,100
2024-06-26 00:00:00+05:30,3.6,174.0,24.3,926.5,0.0,100
2024-06-26 01:00:00+05:30,3.9,158.0,24.1,925.9,1.0636318817733754,100
2024-06-26 02:00:00+05:30,4.6,162.0,24.0,925.4,1.094369460445847,100
2024-06-26 03:00:00+05:30,4.9,144.0,23.8,925.2,1.1595033635404979,100
2024-06-26 04:00:00+05:30,4.6,162.0,23.7,925.5,0.6088274569939957,100
2024-06-26 05:00:00+05:30,5.1,135.0,23.7,925.2,1.4459050051481896,100
2024-06-26 06:00:00+05:30,7.0,159.0,23.7,925.2,8.480057779629696,100
2024-06-26 07:00:00+05:30,6.5,146.0,23.8,925.3,6.4404927026030965,100
2024-06-26 08:00:00+05:30,6.4,153.0,24.6,925.9,5.398968420000562,100
2024-06-26 09:00:00+05:30,7.9,183.0,24.9,926.7,14.941732671479066,100
2024-06-26 10:00:00+05:30,14.0,226.0,26.8,926.9,100.0,100
2024-06-26 11:00:00+05:30,22.9,233.0,29.0,926.9,100.0,100
2024-06-26 12:00:00+05:30,22.6,233.0,29.2,926.9,99.64890251176045,100
2024-06-26 13:00:00+05:30,24.8,230.0,28.9,926.3,100.0,100
2024-06-26 14:00:00+05:30,22.4,224.0,27.7,925.4,100.0,100
2024-06-26 15:00:00+05:30,12.7,225.0,25.8,925.2,99.65685439731558,100
2024-06-26 16:00:00+05:30,15.5,222.0,25.9,924.6,100.0,100
2024-06-26 17:00:00+05:30,11.8,220.0,25.2,924.7,94.81267388873975,100
2024-06-26 18:00:00+05:30,4.6,219.0,25.7,925.7,0.9366979265109276,100
2024-06-26 19:00:00+05:30,2.6,236.0,24.8,926.3,2.0523432769851615,100
2024-06-26 20:00:00+05:30,1.5,135.0,24.7,927.5,0.8659260666665497,100
2024-06-26 21:00:00+05:30,2.3,219.0,24.4,928.0,0.0,100
2024-06-26 22:00:00+05:30,4.7,171.0,24.2,928.4,0.7831645997711884,100
2024-06-26 23:00:00+05:30,5.1,172.0,24.1,928.1,1.29162520373786,100
2024-06-27 00:00:00+05:30,5.8,158.0,24.0,927.9,1.6613462674315773,100
2024-06-27 01:00:00+05:30,7.4,133.0,23.7,927.2,11.462461051595906,100
2024-06-27 02:00:00+05:30,5.2,168.0,23.7,926.7,0.0,100
2024-06-27 03:00:00+05:30,5.3,152.0,23.7,926.6,1.591586993018213,100
2024-06-27 04:00:00+05:30,6.1,152.0,23.6,926.8,4.102506595616397,100
2024-06-27 05:00:00+05:30,6.4,164.0,23.6,926.6,4.407693491340006,100
2024-06-27 06:00:00+05:30,5.8,150.0,23.2,927.1,2.9364171934511547,100
2024-06-27 07:00:00+05:30,6.6,167.0,23.5,927.7,6.273613119098518,100
2024-06-27 08:00:00+05:30,8.4,200.0,24.3,928.3,22.24572974547605,100
2024-06-27 09:00:00+05:30,12.2,225.0,25.4,928.7,100.0,100
2024-06-27 10:00:00+05:30,20.2,239.0,27.5,929.4,100.0,100
2024-06-27 11:00:00+05:30,16.6,240.0,26.2,929.4,97.705732502696,100
2024-06-27 12:00:00+05:30,19.2,242.0,26.9,929.4,98.75064175999263,100
2024-06-27 13:00:00+05:30,18.7,240.0,26.8,928.8,99.09899677359094,100
2024-06-27 14:00:00+05:30,18.1,229.0,26.1,928.0,96.32391673892758,100
2024-06-27 15:00:00+05:30,15.8,225.0,25.9,927.7,100.0,100
2024-06-27 16:00:00+05:30,12.7,215.0,25.3,927.2,99.64578193709131,100
2024-06-27 17:00:00+05:30,14.8,221.0,24.6,927.4,100.0,100
2024-06-27 18:00:00+05:30,9.4,212.0,24.1,927.8,36.571843681943896,100
2024-06-27 19:00:00+05:30,12.0,226.0,23.9,928.9,100.0,100
2024-06-27 20:00:00+05:30,10.9,214.0,23.8,929.3,67.52245165770589,100
2024-06-27 21:00:00+05:30,10.0,206.0,23.5,929.9,46.69855744254773,100
2024-06-27 22:00:00+05:30,11.1,216.0,23.4,930.1,73.04433568888076,100
2024-06-27 23:00:00+05:30,10.5,207.0,23.4,930.2,56.17199836804049,100
2024-06-28 00:00:00+05:30,12.7,223.0,23.5,930.0,98.27577762292526,100
2024-06-28 01:00:00+05:30,10.8,217.0,23.4,929.2,65.96298520868491,100
2024-06-28 02:00:00+05:30,10.2,212.0,23.5,928.8,48.83065220089469,100
2024-06-28 03:00:00+05:30,8.9,212.0,23.2,928.1,30.028892888748736,100
2024-06-28 04:00:00+05:30,11.8,220.0,23.5,928.4,92.6716713760622,100
2024-06-28 05:00:00+05:30,11.8,220.0,23.6,928.6,93.4961985560577,100
2024-06-28 06:00:00+05:30,5.9,169.0,23.6,928.9,4.250581471478745,100
2024-06-28 07:00:00+05:30,10.7,200.0,24.4,929.6,60.87018626216578,100
2024-06-28 08:00:00+05:30,13.3,213.0,25.2,929.8,99.88490558491543,100
2024-06-28 09:00:00+05:30,16.9,230.0,26.3,930.5,100.0,100
2024-06-28 10:00:00+05:30,21.1,233.0,26.9,930.4,97.49586956718687,100
2024-06-28 11:00:00+05:30,23.3,235.0,27.5,930.6,100.0,100
2024-06-28 12:00:00+05:30,22.0,235.0,27.3,930.0,97.93761960004265,100
2024-06-28 13:00:00+05:30,21.1,243.0,27.3,929.8,100.0,100
2024-06-28 14:00:00+05:30,20.5,239.0,27.0,929.0,99.87179743495136,100
2024-06-28 15:00:00+05:30,20.8,240.0,26.5,928.5,97.9462576514349,100
2024-06-28 16:00:00+05:30,19.5,236.0,26.0,928.2,99.27999273150321,100
2024-06-28 17:00:00+05:30,12.2,225.0,25.1,928.0,100.0,100
2024-06-28 18:00:00+05:30,8.9,223.0,25.1,928.3,28.52953162732969,100
2024-06-28 19:00:00+05:30,8.4,205.0,24.7,929.0,21.71944812013653,100
2024-06-28 20:00:00+05:30,9.8,204.0,24.2,929.7,42.49935417339259,100
2024-06-28 21:00:00+05:30,9.3,193.0,23.9,930.0,34.000530504854,100
2024-06-28 22:00:00+05:30,6.1,183.0,23.7,930.4,3.6293192271416377,100
2024-06-28 23:00:00+05:30,9.4,203.0,23.6,930.3,34.33630966587704,100
2024-06-29 00:00:00+05:30,7.8,202.0,23.6,929.7,16.380627649399926,100
2024-06-29 01:00:00+05:30,6.9,174.0,23.5,929.3,8.637386541195735,100
2024-06-29 02:00:00+05:30,6.2,173.0,23.4,928.8,5.174669968927622,100
2024-06-29 03:00:00+05:30,7.2,162.0,23.4,928.9,10.527436740620645,100
2024-06-29 04:00:00+05:30,6.8,177.0,23.4,929.1,7.75458520211136,100
2024-06-29 05:00:00+05:30,7.6,177.0,23.3,929.4,13.94063218746989,100
2024-06-29 06:00:00+05:30,5.4,172.0,23.8,929.5,2.413058359245074,100
2024-06-29 07:00:00+05:30,5.8,180.0,24.3,930.2,4.513074775146908,100
2024-06-29 08:00:00+05:30,9.7,211.0,24.8,930.5,39.90437015190586,100
2024-06-29 09:00:00+05:30,12.7,227.0,25.5,931.1,99.21486506762096,100
2024-06-29 10:00:00+05:30,13.3,237.0,26.1,931.7,97.35271117187668,100
2024-06-29 11:00:00+05:30,16.0,239.0,27.2,931.6,100.0,100
2024-06-29 12:00:00+05:30,19.7,239.0,28.3,931.4,97.44630688984812,100
2024-06-29 13:00:00+05:30,20.1,237.0,28.0,931.1,97.41975309157627,100
2024-06-29 14:00:00+05:30,19.7,239.0,28.0,930.4,100.0,100
2024-06-29 15:00:00+05:30,17.8,234.0,27.4,930.0,100.0,100
2024-06-29 16:00:00+05:30,15.8,235.0,26.7,929.4,100.0,100
2024-06-29 17:00:00+05:30,12.0,231.0,26.3,929.7,98.12828044363775,100
2024-06-29 18:00:00+05:30,8.4,223.0,25.4,929.8,21.552022239790702,100
2024-06-29 19:00:00+05:30,8.4,223.0,24.7,930.2,21.411988633545707,100
2024-06-29 20:00:00+05:30,6.5,214.0,24.4,930.9,4.995479984017712,100
2024-06-29 21:00:00+05:30,4.7,189.0,24.4,931.7,0.0,100
2024-06-29 22:00:00+05:30,6.7,196.0,24.1,932.0,6.494933499693564,100
2024-06-29 23:00:00+05:30,4.8,207.0,23.9,931.8,0.9456657447387632,100
2024-06-30 00:00:00+05:30,5.4,180.0,23.8,931.1,2.699925007823479,100
2024-06-30 01:00:00+05:30,7.0,159.0,23.7,930.5,10.543892941671409,100
2024-06-30 02:00:00+05:30,7.9,164.0,23.3,929.8,16.2502532239553,100
2024-06-30 03:00:00+05:30,7.3,169.0,23.3,929.9,9.884864470622869,100
2024-06-30 04:00:00+05:30,8.1,167.0,23.2,929.9,19.110981665721027,100
2024-06-30 05:00:00+05:30,6.4,164.0,23.1,930.1,1.9666686208224307,100
2024-06-30 06:00:00+05:30,7.2,198.0,24.1,930.1,9.136248026716688,100
2024-06-30 07:00:00+05:30,9.9,199.0,24.3,930.6,45.00058945668,100
2024-06-30 08:00:00+05:30,7.9,231.0,25.4,931.1,16.862420825819793,100
2024-06-30 09:00:00+05:30,13.3,232.0,26.3,931.2,100.0,100
2024-06-30 10:00:00+05:30,16.7,245.0,27.2,932.0,98.71565790320146,100
2024-06-30 11:00:00+05:30,17.2,241.0,27.1,932.0,100.0,100
2024-06-30 12:00:00+05:30,14.5,243.0,27.0,931.3,100.0,100
2024-06-30 13:00:00+05:30,16.9,236.0,27.2,930.4,99.91130296269563,100
2024-06-30 14:00:00+05:30,22.2,241.0,27.4,930.0,100.0,100
2024-06-30 15:00:00+05:30,19.2,247.0,27.3,929.9,99.71375118183688,100
2024-06-30 16:00:00+05:30,12.9,243.0,25.7,929.6,98.20618427789628,100
2024-06-30 17:00:00+05:30,11.7,236.0,25.2,929.5,94.56107055816877,100
2024-06-30 18:00:00+05:30,8.9,227.0,24.9,930.0,28.74083863810827,100
2024-06-30 19:00:00+05:30,11.1,234.0,24.3,930.4,76.65358609724427,100
2024-06-30 20:00:00+05:30,12.5,237.0,24.1,931.0,100.0,100
2024-06-30 21:00:00+05:30,10.4,236.0,23.9,932.0,56.82339721220351,100
2024-06-30 22:00:00+05:30,10.9,214.0,23.9,932.2,66.60985474926571,100
2024-06-30 23:00:00+05:30,12.5,221.0,23.9,932.0,97.13881995069612,100
2024-07-01 00:00:00+05:30,12.8,212.0,23.6,931.5,98.18642811877426,100
2024-07-01 01:00:00+05:30,13.5,222.0,23.5,930.9,100.0,100
2024-07-01 02:00:00+05:30,14.1,212.0,23.4,929.8,97.67533330130729,100
2024-07-01 03:00:00+05:30,11.8,211.0,23.4,929.5,92.34825832424897,100
2024-07-01 04:00:00+05:30,11.4,215.0,23.5,929.2,82.79299173220511,100
2024-07-01 05:00:00+05:30,11.1,209.0,23.5,929.5,73.58595662073172,100
2024-07-01 06:00:00+05:30,4.7,189.0,23.7,929.9,0.0,100
2024-07-01 07:00:00+05:30,8.8,192.0,23.8,930.4,27.500309519765008,100
2024-07-01 08:00:00+05:30,13.3,221.0,24.6,930.9,95.75135865614884,100
2024-07-01 09:00:00+05:30,12.2,225.0,25.2,931.4,97.45258436741429,100
2024-07-01 10:00:00+05:30,15.8,240.0,26.0,931.4,100.0,100
2024-07-01 11:00:00+05:30,22.0,238.0,26.4,931.3,100.0,100
2024-07-01 12:00:00+05:30,25.3,242.0,27.1,930.8,0.0,100
2024-07-01 13:00:00+05:30,22.4,240.0,26.7,930.2,99.69747489001226,100
2024-07-01 14:00:00+05:30,24.0,242.0,26.4,929.5,97.79497817914692,100
2024-07-01 15:00:00+05:30,16.8,239.0,25.7,928.9,96.68890622991552,100
2024-07-01 16:00:00+05:30,15.8,243.0,24.9,928.9,100.0,100
2024-07-01 17:00:00+05:30,14.8,244.0,24.5,929.0,100.0,100
2024-07-01 18:00:00+05:30,12.2,236.0,24.4,929.1,96.84495145371172,100
2024-07-01 19:00:00+05:30,14.3,225.0,23.6,929.2,97.55807863459552,100
2024-07-01 20:00:00+05:30,16.1,230.0,23.5,930.2,98.34577335053594,100
2024-07-01 21:00:00+05:30,14.0,222.0,23.3,930.7,100.0,100
2024-07-01 22:00:00+05:30,12.6,211.0,22.9,931.0,100.0,100
2024-07-01 23:00:00+05:30,14.0,215.0,22.6,930.5,100.0,100
2024-07-02 00:00:00+05:30,15.5,224.0,22.6,929.6,100.0,100
2024-07-02 01:00:00+05:30,15.6,230.0,23.0,928.7,99.53473464868252,100
2024-07-02 02:00:00+05:30,11.7,225.0,22.5,928.1,87.80299421956238,100
2024-07-02 03:00:00+05:30,14.8,229.0,22.8,927.9,100.0,100
2024-07-02 04:00:00+05:30,14.8,221.0,22.6,927.9,100.0,100
2024-07-02 05:00:00+05:30,13.8,223.0,22.9,928.4,99.44196078924368,100
2024-07-02 06:00:00+05:30,16.2,217.0,23.3,928.4,100.0,100
2024-07-02 07:00:00+05:30,16.1,220.0,23.4,928.8,97.65255400955274,100
2024-07-02 08:00:00+05:30,16.7,233.0,23.9,929.2,100.0,100
2024-07-02 09:00:00+05:30,16.6,236.0,24.1,929.9,98.11140167659501,100
2024-07-02 10:00:00+05:30,14.7,242.0,24.4,930.4,100.0,100
2024-07-02 11:00:00+05:30,13.6,248.0,24.9,930.5,98.21160017304094,100
2024-07-02 12:00:00+05:30,14.1,251.0,25.7,930.3,100.0,100
2024-07-02 13:00:00+05:30,20.3,247.0,25.5,929.3,100.0,100
2024-07-02 14:00:00+05:30,15.6,247.0,25.6,928.8,98.30016925779049,100
2024-07-02 15:00:00+05:30,14.8,247.0,25.7,928.4,100.0,100
2024-07-02 16:00:00+05:30,8.9,256.0,25.1,927.9,29.76347099832661,100
2024-07-02 17:00:00+05:30,11.5,250.0,24.9,928.4,85.73825832920006,100
2024-07-02 18:00:00+05:30,8.1,249.0,24.3,928.5,16.569191737393066,100
2024-07-02 19:00:00+05:30,2.6,16.0,23.4,928.8,1.166054212818346,100
2024-07-02 20:00:00+05:30,2.6,16.0,23.4,929.7,0.0,100
2024-07-02 21:00:00+05:30,0.8,63.0,23.0,930.6,0.0,100
2024-07-02 22:00:00+05:30,2.8,220.0,23.4,930.8,0.29757545572917693,100
2024-07-02 23:00:00+05:30,3.9,248.0,22.9,930.4,0.0,100
2024-07-03 00:00:00+05:30,2.5,180.0,22.9,929.8,0.15349151620001247,100
2024-07-03 01:00:00+05:30,5.1,188.0,22.8,929.0,0.658879951973378,100
2024-07-03 02:00:00+05:30,5.4,200.0,22.8,928.4,0.6113430271664075,100
2024-07-03 03:00:00+05:30,5.8,187.0,22.8,928.2,4.143518194739346,100
2024-07-03 04:00:00+05:30,7.2,217.0,23.2,928.4,10.544451107628182,100
2024-07-03 05:00:00+05:30,5.5,238.0,23.1,929.0,3.6345046887597166,100
2024-07-03 06:00:00+05:30,5.6,153.0,23.3,929.5,1.3597300379127493,100
2024-07-03 07:00:00+05:30,3.9,158.0,23.7,930.1,0.6292807377829632,100
2024-07-03 08:00:00+05:30,4.0,207.0,24.1,930.7,0.0,100
2024-07-03 09:00:00+05:30,9.8,234.0,24.9,931.4,45.90304139648168,100
2024-07-03 10:00:00+05:30,11.1,245.0,25.8,931.4,72.14784493992126,100
2024-07-03 11:00:00+05:30,15.5,248.0,26.8,931.7,100.0,100
2024-07-03 12:00:00+05:30,18.9,249.0,27.5,931.5,99.41502650746443,100
2024-07-03 13:00:00+05:30,18.5,246.0,28.1,930.8,100.0,100
2024-07-03 14:00:00+05:30,18.8,250.0,28.1,930.2,100.0,100
2024-07-03 15:00:00+05:30,19.9,248.0,27.5,929.8,100.0,100
2024-07-03 16:00:00+05:30,18.5,243.0,26.8,929.6,96.98757228508197,100
2024-07-03 17:00:00+05:30,10.6,235.0,25.4,929.5,60.404991724916584,100
2024-07-03 18:00:00+05:30,7.2,233.0,24.8,929.9,9.623902486055675,100
2024-07-03 19:00:00+05:30,8.9,212.0,24.3,930.4,28.70154922001046,100
2024-07-03 20:00:00+05:30,7.8,214.0,24.0,930.9,13.729328508804254,100
2024-07-03 21:00:00+05:30,6.4,207.0,23.8,931.8,5.970974856512366,100
2024-07-03 22:00:00+05:30,6.3,193.0,23.8,931.9,5.983157332267636,100
2024-07-03 23:00:00+05:30,7.5,197.0,23.5,931.8,11.862863550087045,100
2024-07-04 00:00:00+05:30,5.8,187.0,23.5,931.1,2.1442410013092372,100
2024-07-04 01:00:00+05:30,4.2,160.0,23.5,930.5,1.3225500124579024,100
2024-07-04 02:00:00+05:30,6.2,187.0,23.5,930.2,3.9046275680238747,100
2024-07-04 03:00:00+05:30,7.0,192.0,23.2,929.9,8.356568157581949,100
2024-07-04 04:00:00+05:30,7.3,189.0,23.1,929.8,11.208026868773524,100
2024-07-04 05:00:00+05:30,5.0,180.0,23.1,930.4,1.4968633254300066,100
2024-07-04 06:00:00+05:30,4.9,197.0,23.6,930.6,2.1054067366154876,100
2024-07-04 07:00:00+05:30,5.0,201.0,23.8,931.0,1.4938269356529732,100
2024-07-04 08:00:00+05:30,7.6,225.0,24.3,931.4,12.620050053099671,100
2024-07-04 09:00:00+05:30,8.7,228.0,25.1,932.3,24.856488815212025,100
2024-07-04 10:00:00+05:30,14.0,244.0,26.2,932.8,97.91848553460964,100
2024-07-04 11:00:00+05:30,16.6,252.0,26.8,932.8,97.01486921420721,100
2024-07-04 12:00:00+05:30,14.2,243.0,26.4,932.3,100.0,100
2024-07-04 13:00:00+05:30,15.5,239.0,26.5,932.2,99.25867677908411,100
2024-07-04 14:00:00+05:30,13.1,233.0,25.9,931.6,100.0,100
2024-07-04 15:00:00+05:30,13.6,233.0,26.1,931.0,98.6171620572373,100
2024-07-04 16:00:00+05:30,14.3,231.0,25.9,930.6,98.36266103199314,100
2024-07-04 17:00:00+05:30,13.1,233.0,25.5,930.5,99.76292310191293,100
2024-07-04 18:00:00+05:30,6.3,204.0,24.9,930.2,4.0817756903691995,100
2024-07-04 19:00:00+05:30,6.1,180.0,24.3,930.2,4.499429124516233,100
2024-07-04 20:00:00+05:30,4.3,175.0,24.3,930.5,2.049330311143239,100
2024-07-04 21:00:00+05:30,4.0,175.0,24.1,931.2,0.0,100
2024-07-04 22:00:00+05:30,5.4,160.0,23.8,931.5,2.7993933649528544,100
2024-07-04 23:00:00+05:30,5.5,157.0,23.6,931.3,1.639961332265899,100
2024-07-05 00:00:00+05:30,7.0,168.0,23.4,930.4,8.83020125964202,100
2024-07-05 01:00:00+05:30,7.3,189.0,23.6,929.8,12.245865431175785,100
2024-07-05 02:00:00+05:30,8.6,195.0,23.5,929.3,23.177016468101733,100
2024-07-05 03:00:00+05:30,5.5,191.0,23.3,929.2,3.7005746677616043,100
2024-07-05 04:00:00+05:30,3.8,163.0,23.2,929.1,2.0113108565842106,100
2024-07-05 05:00:00+05:30,3.1,144.0,23.2,929.4,0.21434305983808064,100
2024-07-05 06:00:00+05:30,5.0,180.0,23.8,929.3,1.1706784347441856,100
2024-07-05 07:00:00+05:30,8.0,216.0,24.4,929.9,17.229184387181956,100
2024-07-05 08:00:00+05:30,10.5,243.0,25.1,930.6,55.28657159227243,100
2024-07-05 09:00:00+05:30,11.3,239.0,25.7,931.1,78.73612586358485,100
2024-07-05 10:00:00+05:30,11.4,246.0,25.9,931.2,82.49881136993808,100
2024-07-05 11:00:00+05:30,13.1,249.0,26.3,930.8,100.0,100
2024-07-05 12:00:00+05:30,18.8,250.0,26.5,930.3,100.0,100
2024-07-05 13:00:00+05:30,20.1,249.0,27.2,929.6,96.71980931769028,100
2024-07-05 14:00:00+05:30,21.4,250.0,27.2,929.1,100.0,100
2024-07-05 15:00:00+05:30,21.7,251.0,27.0,928.4,99.59775872819958,100
2024-07-05 16:00:00+05:30,19.3,249.0,26.5,927.9,100.0,100
2024-07-05 17:00:00+05:30,13.0,242.0,25.6,927.6,100.0,100
2024-07-05 18:00:00+05:30,6.6,209.0,24.5,928.1,7.334693016764894,100
2024-07-05 19:00:00+05:30,8.4,190.0,24.0,928.2,21.62031926443137,100
2024-07-05 20:00:00+05:30,8.2,203.0,23.8,928.8,18.136474038542204,100
2024-07-05 21:00:00+05:30,8.6,202.0,23.4,929.2,24.246119131358732,100
2024-07-05 22:00:00+05:30,5.9,194.0,23.1,929.4,5.178476136056409,100
2024-07-05 23:00:00+05:30,5.5,157.0,23.3,929.3,0.8534224147461587,100
2024-07-06 00:00:00+05:30,5.8,176.0,23.1,929.0,2.540202632314473,100
2024-07-06 01:00:00+05:30,4.8,193.0,23.0,928.2,0.8599367006847536,100
2024-07-06 02:00:00+05:30,4.3,180.0,22.8,927.6,0.0,100
2024-07-06 03:00:00+05:30,6.9,208.0,22.9,927.4,8.350492023292166,100
2024-07-06 04:00:00+05:30,6.0,205.0,22.9,927.2,1.312463632136759,100
2024-07-06 05:00:00+05:30,7.8,236.0,23.2,927.4,15.292089906401348,100
2024-07-06 06:00:00+05:30,4.0,190.0,23.2,927.9,0.9647218209904709,100
2024-07-06 07:00:00+05:30,6.8,198.0,23.6,928.6,7.738822421411856,100
2024-07-06 08:00:00+05:30,5.0,210.0,23.9,929.0,0.6693756579645866,100
2024-07-06 09:00:00+05:30,7.2,243.0,24.7,929.8,9.94182392434232,100
2024-07-06 10:00:00+05:30,14.2,254.0,25.6,929.9,97.96739233115949,100
2024-07-06 11:00:00+05:30,18.1,247.0,26.2,929.9,100.0,100
2024-07-06 12:00:00+05:30,22.9,246.0,27.0,929.6,99.10025360833613,100
2024-07-06 13:00:00+05:30,17.9,248.0,26.4,928.8,98.02351077330371,100
2024-07-06 14:00:00+05:30,17.1,248.0,26.5,928.3,100.0,100
2024-07-06 15:00:00+05:30,15.3,246.0,26.2,927.6,100.0,100
2024-07-06 16:00:00+05:30,15.6,241.0,25.9,927.5,98.83547411141951,100
2024-07-06 17:00:00+05:30,9.7,239.0,25.4,927.4,40.28936385933344,100
2024-07-06 18:00:00+05:30,6.5,183.0,23.8,927.5,6.076048269430869,100
2024-07-06 19:00:00+05:30,4.3,175.0,23.5,928.2,0.0,100
2024-07-06 20:00:00+05:30,5.2,146.0,23.0,928.9,0.8964488144179071,100
2024-07-06 21:00:00+05:30,3.1,159.0,23.0,929.2,0.8825799117394821,100
2024-07-06 22:00:00+05:30,4.6,198.0,23.2,929.7,0.0,100
2024-07-06 23:00:00+05:30,3.3,167.0,23.0,929.7,0.46036499266011766,100
2024-07-07 00:00:00+05:30,2.3,129.0,23.0,929.3,0.0,100
2024-07-07 01:00:00+05:30,5.6,153.0,22.8,928.7,1.769744136462266,100
2024-07-07 02:00:00+05:30,4.6,141.0,22.7,928.3,0.5059314351545703,100
2024-07-07 03:00:00+05:30,4.1,165.0,22.7,928.0,0.0,100
2024-07-07 04:00:00+05:30,5.2,155.0,22.6,928.2,1.7104268790094233,100
2024-07-07 05:00:00+05:30,2.7,157.0,22.6,928.0,0.0,100
2024-07-07 06:00:00+05:30,4.2,149.0,22.7,928.4,0.0,100
2024-07-07 07:00:00+05:30,4.0,275.0,23.5,928.9,0.44974549210882075,100
2024-07-07 08:00:00+05:30,4.1,255.0,24.1,929.8,0.0,100
2024-07-07 09:00:00+05:30,5.1,219.0,24.5,930.2,2.5843546882527635,100
2024-07-07 10:00:00+05:30,5.4,266.0,24.9,930.6,2.051002012490061,100
2024-07-07 11:00:00+05:30,9.4,266.0,25.5,930.5,35.64811488122224,100
2024-07-07 12:00:00+05:30,10.7,250.0,25.7,929.9,63.61423467676956,100
2024-07-07 13:00:00+05:30,14.9,250.0,26.8,929.6,95.7145784138744,100
2024-07-07 14:00:00+05:30,13.4,256.0,26.1,929.1,98.88879882359534,100
2024-07-07 15:00:00+05:30,9.5,261.0,25.0,928.7,36.86589705073946,100
2024-07-07 16:00:00+05:30,7.6,278.0,24.9,928.3,12.436206242779734,100
2024-07-07 17:00:00+05:30,8.3,265.0,25.0,928.4,20.660123584202157,100
2024-07-07 18:00:00+05:30,3.2,243.0,24.3,928.9,0.2540233247748606,100
2024-07-07 19:00:00+05:30,2.1,239.0,24.0,929.5,0.5132265430497155,100
2024-07-07 20:00:00+05:30,2.1,211.0,23.6,929.6,0.0,100
2024-07-07 21:00:00+05:30,2.1,149.0,23.7,930.2,0.0,100
2024-07-07 22:00:00+05:30,3.7,151.0,23.5,930.8,0.31209374421261393,100
2024-07-07 23:00:00+05:30,2.9,187.0,23.3,930.7,0.5390603559285195,100
2024-07-08 00:00:00+05:30,2.2,171.0,23.1,930.2,1.0893473656043313,100
2024-07-08 01:00:00+05:30,2.2,189.0,23.0,929.6,0.0,100
2024-07-08 02:00:00+05:30,3.4,162.0,22.9,928.7,0.0,100
2024-07-08 03:00:00+05:30,3.7,169.0,22.8,928.5,0.0,100
2024-07-08 04:00:00+05:30,4.2,160.0,22.7,928.2,1.7493539816332648,100
2024-07-08 05:00:00+05:30,2.5,135.0,22.6,928.4,0.05366049719854656,100
2024-07-08 06:00:00+05:30,1.6,333.0,22.7,928.4,1.244568680080624,100
2024-07-08 07:00:00+05:30,1.0,45.0,23.0,928.7,0.0,100
2024-07-08 08:00:00+05:30,1.9,68.0,23.3,929.3,0.06139025944696591,100
2024-07-08 09:00:00+05:30,2.9,83.0,23.9,929.9,0.3779717991809143,100
2024-07-08 10:00:00+05:30,1.1,72.0,24.2,929.9,0.12163352500178373,100
2024-07-08 11:00:00+05:30,3.2,153.0,24.4,930.2,0.8266975515561766,100
2024-07-08 12:00:00+05:30,3.4,198.0,24.9,929.7,1.2654916317738416,100
2024-07-08 13:00:00+05:30,5.1,225.0,24.9,928.9,0.520637561833926,100
2024-07-08 14:00:00+05:30,6.8,238.0,25.0,928.3,8.005992604992933,100
2024-07-08 15:00:00+05:30,7.6,251.0,25.1,927.8,13.04631754881513,100
2024-07-08 16:00:00+05:30,7.1,246.0,24.7,927.6,9.474450991123057,100
2024-07-08 17:00:00+05:30,3.8,229.0,24.1,928.0,0.9585237216023872,100
2024-07-08 18:00:00+05:30,0.8,153.0,23.6,928.2,0.0,100
2024-07-08 19:00:00+05:30,3.1,291.0,23.4,928.4,0.23580747915038539,100
2024-07-08 20:00:00+05:30,2.2,261.0,23.2,928.6,0.0,100
2024-07-08 21:00:00+05:30,2.1,149.0,22.9,929.5,0.0,100
2024-07-08 22:00:00+05:30,1.8,90.0,22.8,929.6,0.0,100
2024-07-08 23:00:00+05:30,5.6,140.0,22.5,929.6,2.0860364103707267,100
2024-07-09 00:00:00+05:30,3.3,139.0,22.3,929.5,0.0,100
2024-07-09 01:00:00+05:30,2.5,180.0,22.3,928.8,0.8391422686564185,100
2024-07-09 02:00:00+05:30,2.6,106.0,22.2,928.5,0.3271590379638,100
2024-07-09 03:00:00+05:30,3.3,103.0,22.2,928.3,0.0,100
2024-07-09 04:00:00+05:30,1.8,323.0,22.4,928.2,0.6407113140528463,100
2024-07-09 05:00:00+05:30,0.8,117.0,22.4,928.6,0.0,100
2024-07-09 06:00:00+05:30,2.4,153.0,22.3,929.2,0.6250118542209737,100
2024-07-09 07:00:00+05:30,2.3,141.0,22.5,929.5,0.19077011157454238,100
2024-07-09 08:00:00+05:30,0.0,270.0,23.4,930.3,0.0,100
2024-07-09 09:00:00+05:30,1.0,225.0,24.2,930.9,1.2198739584775593,100
2024-07-09 10:00:00+05:30,2.8,230.0,25.4,931.1,0.03935965673320984,100
2024-07-09 11:00:00+05:30,2.9,240.0,27.0,930.8,0.0,100
2024-07-09 12:00:00+05:30,3.8,253.0,28.9,930.5,0.0,100
2024-07-09 13:00:00+05:30,6.2,260.0,28.4,929.6,4.126232222268902,100
2024-07-09 14:00:00+05:30,6.9,208.0,25.9,929.0,7.9744256790302845,100
2024-07-09 15:00:00+05:30,4.0,260.0,26.2,928.5,1.1661853110041778,100
2024-07-09 16:00:00+05:30,8.0,260.0,26.2,928.6,20.2572957795416,100
2024-07-09 17:00:00+05:30,6.5,267.0,24.7,928.9,6.46378317743504,100
2024-07-09 18:00:00+05:30,5.6,225.0,23.7,929.6,2.2123990835546956,100
2024-07-09 19:00:00+05:30,7.1,225.0,23.2,930.2,9.758044386993245,100
2024-07-09 20:00:00+05:30,4.9,216.0,22.9,931.0,0.5591387958667347,100
2024-07-09 21:00:00+05:30,2.6,196.0,22.8,931.4,0.07574228949665174,100
2024-07-09 22:00:00+05:30,3.4,148.0,22.7,931.9,0.0,100
2024-07-09 23:00:00+05:30,5.6,153.0,22.6,931.9,4.023582163987716,100
2024-07-10 00:00:00+05:30,6.0,123.0,22.6,931.8,3.319299259482278,100
2024-07-10 01:00:00+05:30,3.6,135.0,22.6,931.2,0.0,100
2024-07-10 02:00:00+05:30,2.3,129.0,22.6,930.8,0.0,100
2024-07-10 03:00:00+05:30,5.4,143.0,22.6,930.7,3.9961938310191005,100
2024-07-10 04:00:00+05:30,6.3,149.0,22.5,930.6,6.761872556717807,100
2024-07-10 05:00:00+05:30,7.1,156.0,22.5,930.9,9.6478046135344,100
2024-07-10 06:00:00+05:30,4.8,132.0,22.7,931.9,0.2876756365391172,100
2024-07-10 07:00:00+05:30,4.0,180.0,23.1,932.6,0.0,100
2024-07-10 08:00:00+05:30,5.6,220.0,23.9,933.3,2.0508681640990596,100
2024-07-10 09:00:00+05:30,8.9,249.0,25.2,933.9,28.93240158843589,100
2024-07-10 10:00:00+05:30,12.1,253.0,26.4,934.0,99.44574303399668,100
2024-07-10 11:00:00+05:30,12.6,250.0,27.7,933.9,100.0,100
2024-07-10 12:00:00+05:30,11.4,259.0,27.6,933.7,82.21317394441702,100
2024-07-10 13:00:00+05:30,12.2,251.0,27.8,932.9,100.0,100
2024-07-10 14:00:00+05:30,15.0,253.0,28.5,932.0,95.02486351250084,100
2024-07-10 15:00:00+05:30,15.1,252.0,27.4,931.3,95.7967884155556,100
2024-07-10 16:00:00+05:30,16.5,254.0,27.1,931.1,100.0,100
2024-07-10 17:00:00+05:30,12.8,254.0,26.1,931.4,97.36357893009365,100
2024-07-10 18:00:00+05:30,8.0,265.0,25.8,931.9,16.826762630961834,100
2024-07-10 19:00:00+05:30,5.8,266.0,24.6,932.6,2.377278456921415,100
2024-07-10 20:00:00+05:30,3.4,252.0,24.2,933.2,0.4362815558538182,100
2024-07-10 21:00:00+05:30,1.9,292.0,24.0,934.0,1.0235280582666804,100
2024-07-10 22:00:00+05:30,2.3,162.0,23.9,934.3,0.434515226944716,100
2024-07-10 23:00:00+05:30,4.1,195.0,23.6,934.2,0.7077933935882853,100
2024-07-11 00:00:00+05:30,3.0,166.0,23.5,933.6,0.0,100
2024-07-11 01:00:00+05:30,4.2,211.0,23.3,932.7,0.0,100
2024-07-11 02:00:00+05:30,1.1,180.0,22.9,932.1,0.0,100
2024-07-11 03:00:00+05:30,1.8,127.0,22.8,932.1,1.4393771529705335,100
2024-07-11 04:00:00+05:30,4.0,153.0,22.7,931.8,0.0,100
2024-07-11 05:00:00+05:30,4.2,160.0,22.5,931.6,0.4782559023411287,100
2024-07-11 06:00:00+05:30,3.3,131.0,22.1,932.5,0.8536826662029472,100
2024-07-11 07:00:00+05:30,4.1,142.0,22.6,933.0,0.2979551806006471,100
2024-07-11 08:00:00+05:30,3.3,221.0,23.6,933.3,0.0,100
2024-07-11 09:00:00+05:30,5.7,235.0,24.7,933.7,2.2615227206224473,100
2024-07-11 10:00:00+05:30,10.5,248.0,25.8,933.9,57.54003675762177,100
2024-07-11 11:00:00+05:30,14.6,254.0,26.1,933.5,98.47225248810093,100
2024-07-11 12:00:00+05:30,11.6,254.0,26.6,932.8,86.03746911108671,100
2024-07-11 13:00:00+05:30,14.6,254.0,28.0,932.1,97.6478046393336,100
2024-07-11 14:00:00+05:30,12.5,258.0,25.8,931.3,99.60265872709604,100
2024-07-11 15:00:00+05:30,16.7,264.0,26.1,930.8,100.0,100
2024-07-11 16:00:00+05:30,12.7,262.0,25.5,930.0,100.0,100
2024-07-11 17:00:00+05:30,9.0,270.0,25.0,929.9,30.96632528870214,100
2024-07-11 18:00:00+05:30,6.2,263.0,24.6,930.2,4.5942369301395996,100
2024-07-11 19:00:00+05:30,7.7,259.0,24.2,931.1,13.244266876697704,100
2024-07-11 20:00:00+05:30,8.4,277.0,23.8,931.3,22.0481728563379,100
2024-07-11 21:00:00+05:30,7.4,293.0,23.5,931.8,11.683045139738116,100
2024-07-11 22:00:00+05:30,3.8,229.0,23.5,931.9,0.0,100
2024-07-11 23:00:00+05:30,1.8,169.0,23.4,931.6,0.5483587178709313,100
2024-07-12 00:00:00+05:30,2.5,135.0,23.3,930.9,0.0,100
2024-07-12 01:00:00+05:30,3.6,135.0,23.2,930.3,0.0,100
2024-07-12 02:00:00+05:30,2.8,140.0,23.0,929.5,0.0,100
2024-07-12 03:00:00+05:30,3.2,117.0,23.0,929.3,0.0,100
2024-07-12 04:00:00+05:30,2.5,135.0,23.0,929.3,0.0,100
2024-07-12 05:00:00+05:30,2.6,164.0,23.0,929.5,1.4419652352128285,100
2024-07-12 06:00:00+05:30,5.2,155.0,23.2,930.3,0.02327988554202709,100
2024-07-12 07:00:00+05:30,4.5,151.0,23.3,930.6,0.5647252403043402,100
2024-07-12 08:00:00+05:30,2.6,164.0,24.1,931.4,1.577027661694866,100
2024-07-12 09:00:00+05:30,4.2,250.0,24.2,931.9,0.06876262689455398,100
2024-07-12 10:00:00+05:30,7.6,251.0,25.1,931.7,11.961932237104662,100
2024-07-12 11:00:00+05:30,10.9,264.0,25.5,931.4,66.64907849703441,100
2024-07-12 12:00:00+05:30,13.3,267.0,25.9,930.6,100.0,100
2024-07-12 13:00:00+05:30,17.7,265.0,26.1,930.1,97.24843469254512,100
2024-07-12 14:00:00+05:30,15.2,266.0,26.5,929.3,100.0,100
2024-07-12 15:00:00+05:30,15.1,271.0,26.1,929.0,99.36143287833275,100
2024-07-12 16:00:00+05:30,13.1,279.0,25.5,928.8,97.07094760541638,100
2024-07-12 17:00:00+05:30,8.0,260.0,25.0,929.1,17.92656540637995,100
2024-07-12 18:00:00+05:30,5.1,184.0,24.5,929.3,0.9435092437326306,100
2024-07-12 19:00:00+05:30,3.9,214.0,23.7,929.6,0.5860285099280504,100
2024-07-12 20:00:00+05:30,5.1,278.0,23.5,930.4,1.7532788033822848,100
2024-07-12 21:00:00+05:30,6.5,270.0,23.5,930.7,6.884687299485549,100
2024-07-12 22:00:00+05:30,2.7,247.0,23.5,931.0,1.0372855877855127,100
2024-07-12 23:00:00+05:30,2.5,172.0,23.4,931.0,1.1379138266334579,100
2024-07-13 00:00:00+05:30,5.2,192.0,23.1,930.2,1.9462322840572612,100
2024-07-13 01:00:00+05:30,6.0,237.0,23.0,929.4,4.008128407403363,100
2024-07-13 02:00:00+05:30,8.2,255.0,22.8,929.1,19.66819107054754,100
2024-07-13 03:00:00+05:30,6.0,245.0,22.6,928.7,4.323857416607493,100
2024-07-13 04:00:00+05:30,3.3,257.0,22.3,928.6,0.0,100
2024-07-13 05:00:00+05:30,0.5,135.0,22.4,928.9,0.0,100
2024-07-13 06:00:00+05:30,3.4,238.0,22.7,929.8,0.16905570855278682,100
2024-07-13 07:00:00+05:30,3.3,193.0,23.0,930.4,0.6732297428837746,100
2024-07-13 08:00:00+05:30,4.0,190.0,23.4,930.9,1.210826628262629,100
2024-07-13 09:00:00+05:30,7.7,233.0,24.2,931.2,14.29362160187051,100
2024-07-13 10:00:00+05:30,14.0,241.0,25.3,931.6,100.0,100
2024-07-13 11:00:00+05:30,15.3,243.0,25.8,931.2,96.59098351235708,100
2024-07-13 12:00:00+05:30,16.6,240.0,25.6,930.7,100.0,100
2024-07-13 13:00:00+05:30,15.1,258.0,25.4,930.0,95.2681287902523,100
2024-07-13 14:00:00+05:30,17.7,264.0,25.2,929.3,97.05943588007584,100
2024-07-13 15:00:00+05:30,15.5,252.0,24.5,928.8,97.51018441986574,100
2024-07-13 16:00:00+05:30,15.7,261.0,24.3,928.8,99.43130322728973,100
2024-07-13 17:00:00+05:30,16.0,262.0,24.2,928.6,100.0,100
2024-07-13 18:00:00+05:30,10.2,262.0,23.5,928.4,54.157712600956714,100
2024-07-13 19:00:00+05:30,13.5,254.0,23.5,928.7,100.0,100
2024-07-13 20:00:00+05:30,15.0,260.0,23.5,929.2,100.0,100
2024-07-13 21:00:00+05:30,15.9,265.0,23.5,930.0,99.4771710773552,100
2024-07-13 22:00:00+05:30,12.8,260.0,23.5,930.5,96.35317871648348,100
2024-07-13 23:00:00+05:30,12.1,260.0,23.0,929.7,100.0,100
2024-07-14 00:00:00+05:30,11.2,266.0,23.0,929.4,73.20122312399715,100
2024-07-14 01:00:00+05:30,10.2,262.0,23.0,928.3,52.86111301303421,100
2024-07-14 02:00:00+05:30,8.9,256.0,23.0,928.1,29.507592839975377,100
2024-07-14 03:00:00+05:30,7.2,252.0,22.9,927.7,11.375191591393344,100
2024-07-14 04:00:00+05:30,5.1,262.0,23.0,927.4,1.9937984698782305,100
2024-07-14 05:00:00+05:30,6.5,270.0,23.0,927.4,5.255042769355228,100
2024-07-14 06:00:00+05:30,5.0,90.0,22.7,928.0,0.0,100
2024-07-14 07:00:00+05:30,6.2,97.0,22.8,928.3,5.817894362616762,100
2024-07-14 08:00:00+05:30,2.3,129.0,23.5,928.5,0.14668785450365288,100
2024-07-14 09:00:00+05:30,12.4,280.0,23.6,928.3,100.0,100
2024-07-14 10:00:00+05:30,17.1,295.0,23.7,928.5,100.0,100
2024-07-14 11:00:00+05:30,16.0,301.0,24.1,928.5,100.0,100
2024-07-14 12:00:00+05:30,13.4,290.0,24.4,927.9,100.0,100
2024-07-14 13:00:00+05:30,15.0,294.0,24.3,927.3,99.710364570543,100
2024-07-14 14:00:00+05:30,13.9,280.0,24.6,926.5,97.32810987992427,100
2024-07-14 15:00:00+05:30,12.0,286.0,24.1,926.2,100.0,100
2024-07-14 16:00:00+05:30,12.3,273.0,23.8,926.1,97.48269075667345,100
2024-07-14 17:00:00+05:30,9.4,277.0,23.8,926.1,37.84041658727683,100
2024-07-14 18:00:00+05:30,5.8,274.0,23.6,926.0,4.0868579827065155,100
2024-07-14 19:00:00+05:30,2.8,220.0,23.1,926.5,0.0,100
2024-07-14 20:00:00+05:30,3.8,253.0,23.1,927.1,0.0,100
2024-07-14 21:00:00+05:30,6.8,295.0,23.3,927.8,8.06528879127595,100
2024-07-14 22:00:00+05:30,5.2,286.0,23.2,928.0,1.473016475546576,100
2024-07-14 23:00:00+05:30,2.7,247.0,23.7,928.4,0.18072654290759319,100
2024-07-15 00:00:00+05:30,3.3,193.0,23.0,927.7,3.4127139437987783,100
2024-07-15 01:00:00+05:30,1.5,76.0,22.9,927.1,1.5429382524159885,100
2024-07-15 02:00:00+05:30,2.6,56.0,22.6,926.4,0.0,100
2024-07-15 03:00:00+05:30,2.6,124.0,22.5,925.9,0.49823420223549986,100
2024-07-15 04:00:00+05:30,1.8,11.0,22.6,926.0,0.6097403125489311,100
2024-07-15 05:00:00+05:30,8.0,262.0,23.0,926.1,17.56224603706737,100
2024-07-15 06:00:00+05:30,0.8,333.0,22.2,927.1,1.9357249162091952,100
2024-07-15 07:00:00+05:30,2.5,315.0,22.7,927.4,1.663412630896207,100
2024-07-15 08:00:00+05:30,7.8,283.0,24.2,928.1,14.828115759073228,100
2024-07-15 09:00:00+05:30,13.8,290.0,25.8,928.4,99.299599513716,100
2024-07-15 10:00:00+05:30,11.8,290.0,25.9,928.6,91.3834709237691,100
2024-07-15 11:00:00+05:30,12.6,290.0,26.7,928.6,100.0,100
2024-07-15 12:00:00+05:30,11.4,288.0,26.6,927.9,80.21809493471426,100
2024-07-15 13:00:00+05:30,15.9,275.0,27.5,927.4,97.7445821597977,100
2024-07-15 14:00:00+05:30,15.6,277.0,27.7,926.6,97.49343954308438,100
2024-07-15 15:00:00+05:30,16.6,274.0,27.6,926.1,100.0,100
2024-07-15 16:00:00+05:30,18.4,273.0,26.9,925.9,100.0,100
2024-07-15 17:00:00+05:30,15.9,276.0,25.9,926.0,100.0,100
2024-07-15 18:00:00+05:30,9.3,283.0,25.0,926.4,34.78315742398789,100
2024-07-15 19:00:00+05:30,6.0,287.0,24.1,926.9,3.0644114793369033,100
2024-07-15 20:00:00+05:30,5.1,274.0,23.8,927.3,0.49198534210176614,100
2024-07-15 21:00:00+05:30,3.6,276.0,23.6,927.9,0.0,100
2024-07-15 22:00:00+05:30,2.0,225.0,23.4,928.3,0.0,100
2024-07-15 23:00:00+05:30,2.2,180.0,22.9,928.0,0.0,100
2024-07-16 00:00:00+05:30,2.3,198.0,22.7,927.1,0.0,100
2024-07-16 01:00:00+05:30,0.8,63.0,22.6,926.7,0.0,100
2024-07-16 02:00:00+05:30,1.1,90.0,22.5,925.9,1.003017178927285,100
2024-07-16 03:00:00+05:30,1.9,112.0,22.2,925.9,0.0,100
2024-07-16 04:00:00+05:30,3.9,68.0,22.3,926.1,0.06242150212943213,100
2024-07-16 05:00:00+05:30,2.6,74.0,22.4,926.4,0.0,100
2024-07-16 06:00:00+05:30,2.5,172.0,22.0,927.2,0.0,100
2024-07-16 07:00:00+05:30,2.2,90.0,22.2,927.5,0.0,100
2024-07-16 08:00:00+05:30,0.5,225.0,23.5,928.3,1.1954064873272252,100
2024-07-16 09:00:00+05:30,1.0,225.0,24.6,928.5,0.35669063784881416,100
2024-07-16 10:00:00+05:30,4.7,238.0,25.7,928.8,0.0,100
2024-07-16 11:00:00+05:30,3.6,217.0,24.3,928.6,0.0,100
2024-07-16 12:00:00+05:30,7.1,225.0,24.7,928.1,11.300433692407061,100
2024-07-16 13:00:00+05:30,16.4,230.0,26.4,927.4,98.17688575858217,100
2024-07-16 14:00:00+05:30,16.6,221.0,25.9,926.5,100.0,100
2024-07-16 15:00:00+05:30,18.7,232.0,26.0,925.8,99.96389742757069,100
2024-07-16 16:00:00+05:30,11.7,214.0,25.6,925.6,92.8102245927412,100
2024-07-16 17:00:00+05:30,9.8,234.0,24.8,925.7,43.88730716569123,100
2024-07-16 18:00:00+05:30,2.1,239.0,23.8,926.9,0.0,100
2024-07-16 19:00:00+05:30,1.8,217.0,23.4,927.3,0.21547525665237968,100
2024-07-16 20:00:00+05:30,4.2,239.0,23.0,927.6,0.0,100
2024-07-16 21:00:00+05:30,5.1,266.0,22.8,927.9,3.1552321729231982,100
2024-07-16 22:00:00+05:30,2.3,231.0,22.8,928.4,0.5930955122375422,100
2024-07-16 23:00:00+05:30,0.7,90.0,22.8,928.3,0.22525581755696603,100
2024-07-17 00:00:00+05:30,3.1,144.0,22.8,927.6,0.4173274101791562,100
2024-07-17 01:00:00+05:30,3.1,144.0,22.8,927.0,0.46585985082225695,100
2024-07-17 02:00:00+05:30,4.1,128.0,22.8,926.8,0.09354618657871679,100
2024-07-17 03:00:00+05:30,2.2,90.0,22.8,926.6,1.4172961965198068,100
2024-07-17 04:00:00+05:30,1.8,127.0,22.8,926.6,0.0,100
2024-07-17 05:00:00+05:30,2.7,113.0,23.0,927.1,1.0573553650617398,100
2024-07-17 06:00:00+05:30,6.3,114.0,22.3,927.7,5.114661306656063,100
2024-07-17 07:00:00+05:30,3.9,124.0,23.0,928.7,0.0,100
2024-07-17 08:00:00+05:30,1.0,225.0,24.1,929.4,0.0,100
2024-07-17 09:00:00+05:30,9.2,244.0,24.8,930.0,32.938647170797864,100
2024-07-17 10:00:00+05:30,11.0,251.0,25.2,930.1,68.05205558485149,100
2024-07-17 11:00:00+05:30,15.3,251.0,25.7,930.3,95.14008372869067,100
2024-07-17 12:00:00+05:30,15.7,250.0,26.1,930.0,97.27501400650246,100
2024-07-17 13:00:00+05:30,14.3,245.0,25.6,929.4,100.0,100
2024-07-17 14:00:00+05:30,14.4,248.0,25.9,928.7,100.0,100
2024-07-17 15:00:00+05:30,14.7,248.0,25.7,928.0,100.0,100
2024-07-17 16:00:00+05:30,12.5,252.0,25.1,928.1,99.57694414194694,100
2024-07-17 17:00:00+05:30,10.9,253.0,24.6,928.0,66.80462762296128,100
2024-07-17 18:00:00+05:30,2.5,225.0,24.5,928.0,0.0,100
2024-07-17 19:00:00+05:30,1.4,180.0,24.0,928.7,0.0,100
2024-07-17 20:00:00+05:30,2.6,146.0,23.6,929.6,0.0,100
2024-07-17 21:00:00+05:30,3.4,162.0,23.2,930.0,0.00011412594855405439,100
2024-07-17 22:00:00+05:30,3.5,156.0,23.1,930.3,0.7468187131692228,100
2024-07-17 23:00:00+05:30,2.4,243.0,23.2,930.2,0.0,100
2024-07-18 00:00:00+05:30,5.2,254.0,23.2,929.7,2.4998405012456772,100
2024-07-18 01:00:00+05:30,5.2,254.0,23.1,928.9,2.2079908947071876,100
2024-07-18 02:00:00+05:30,7.1,246.0,23.1,928.2,8.556051747437218,100
2024-07-18 03:00:00+05:30,5.4,233.0,23.1,927.9,2.0390719470939205,100
2024-07-18 04:00:00+05:30,8.7,253.0,23.1,927.9,24.493984991251114,100
2024-07-18 05:00:00+05:30,8.4,263.0,22.9,928.1,22.78831381759211,100
2024-07-18 06:00:00+05:30,7.8,236.0,23.3,928.2,15.297273938356913,100
2024-07-18 07:00:00+05:30,7.2,264.0,24.0,929.6,10.02516849475806,100
2024-07-18 08:00:00+05:30,10.5,274.0,24.9,930.1,56.754661022519976,100
2024-07-18 09:00:00+05:30,6.6,257.0,24.8,930.7,7.591870497758201,100
2024-07-18 10:00:00+05:30,4.5,241.0,24.7,930.9,1.147862999087995,100
2024-07-18 11:00:00+05:30,7.8,248.0,24.7,930.6,15.10194928484609,100
2024-07-18 12:00:00+05:30,10.2,252.0,25.1,930.1,53.119404325283305,100
2024-07-18 13:00:00+05:30,18.9,256.0,26.2,929.7,99.68790981601565,100
2024-07-18 14:00:00+05:30,16.7,256.0,26.1,928.9,100.0,100
2024-07-18 15:00:00+05:30,11.5,250.0,25.0,928.4,84.91392448088767,100
2024-07-18 16:00:00+05:30,11.6,244.0,24.9,927.8,85.52635936562459,100
2024-07-18 17:00:00+05:30,10.0,244.0,24.7,928.1,48.89266455290326,100
2024-07-18 18:00:00+05:30,7.7,242.0,23.8,927.9,14.697352946617446,100
2024-07-18 19:00:00+05:30,8.1,257.0,23.4,928.3,18.825623290755463,100
2024-07-18 20:00:00+05:30,5.8,248.0,23.3,928.7,3.2877908081469958,100
2024-07-18 21:00:00+05:30,3.3,229.0,23.4,929.3,1.123848319331716,100
2024-07-18 22:00:00+05:30,2.6,236.0,23.3,929.8,0.7865899044042047,100
2024-07-18 23:00:00+05:30,2.5,225.0,23.2,929.1,0.053811044734781106,100
2024-07-19 00:00:00+05:30,6.8,273.0,23.1,928.7,7.555883621561686,100
2024-07-19 01:00:00+05:30,4.4,261.0,23.0,927.7,0.7829061357764391,100
2024-07-19 02:00:00+05:30,5.8,266.0,23.0,927.2,1.9786391545693336,100
2024-07-19 03:00:00+05:30,13.6,258.0,23.3,926.9,100.0,100
2024-07-19 04:00:00+05:30,14.0,258.0,23.2,926.8,100.0,100
2024-07-19 05:00:00+05:30,11.2,255.0,23.1,927.4,75.23693879227646,100
2024-07-19 06:00:00+05:30,6.0,253.0,23.1,927.5,1.4908990932509871,100
2024-07-19 07:00:00+05:30,11.4,257.0,23.3,927.8,80.86173904286296,100
2024-07-19 08:00:00+05:30,14.4,267.0,24.1,928.6,100.0,100
2024-07-19 09:00:00+05:30,14.5,263.0,24.1,928.9,100.0,100
2024-07-19 10:00:00+05:30,15.4,259.0,24.3,929.0,100.0,100
2024-07-19 11:00:00+05:30,17.4,264.0,24.5,929.0,95.04286436215001,100
2024-07-19 12:00:00+05:30,13.0,265.0,24.4,928.3,100.0,100
2024-07-19 13:00:00+05:30,11.5,250.0,23.9,927.5,82.63514358152904,100
2024-07-19 14:00:00+05:30,11.4,252.0,24.2,926.9,83.79600273117995,100
2024-07-19 15:00:00+05:30,8.6,237.0,24.8,926.6,24.273421281509496,100
2024-07-19 16:00:00+05:30,13.2,241.0,24.2,925.9,100.0,100
2024-07-19 17:00:00+05:30,14.1,238.0,24.4,926.2,94.02875763041664,100
2024-07-19 18:00:00+05:30,9.6,214.0,23.6,926.8,40.72613119305977,100
2024-07-19 19:00:00+05:30,7.5,215.0,23.3,927.2,13.799589268182222,100
2024-07-19 20:00:00+05:30,6.4,196.0,23.1,927.7,5.169443832853781,100
2024-07-19 21:00:00+05:30,10.0,210.0,23.2,927.7,49.18158765461947,100
2024-07-19 22:00:00+05:30,9.7,211.0,23.1,928.0,41.163962483401384,100
2024-07-19 23:00:00+05:30,10.5,221.0,23.3,927.8,57.997358058319115,100
2024-07-20 00:00:00+05:30,9.2,219.0,23.2,927.1,31.720757261963904,100
2024-07-20 01:00:00+05:30,11.2,225.0,23.4,926.6,76.04438872775091,100
2024-07-20 02:00:00+05:30,12.4,240.0,23.4,925.9,98.24107681543151,100
2024-07-20 03:00:00+05:30,11.3,248.0,23.4,926.2,81.79242188628972,100
2024-07-20 04:00:00+05:30,10.3,245.0,23.3,926.4,54.73617875247281,100
2024-07-20 05:00:00+05:30,15.2,265.0,23.3,926.4,97.8873094619198,100
2024-07-20 06:00:00+05:30,10.8,240.0,23.0,927.2,66.69646519498446,100
2024-07-20 07:00:00+05:30,14.0,247.0,23.2,927.9,99.68554449460656,100
2024-07-20 08:00:00+05:30,12.5,258.0,23.5,928.4,100.0,100
2024-07-20 09:00:00+05:30,12.5,258.0,23.9,929.2,99.4156423499115,100
2024-07-20 10:00:00+05:30,11.1,257.0,24.1,929.4,74.88028277873987,100
2024-07-20 11:00:00+05:30,10.9,253.0,24.3,929.6,67.46652099733396,100
2024-07-20 12:00:00+05:30,10.9,243.0,24.1,929.1,67.92007715438426,100
2024-07-20 13:00:00+05:30,10.6,235.0,24.0,928.3,59.00461383826484,100
2024-07-20 14:00:00+05:30,9.2,244.0,24.1,927.9,32.35169445282529,100
2024-07-20 15:00:00+05:30,7.4,241.0,24.2,927.1,11.469108887192855,100
2024-07-20 16:00:00+05:30,7.7,229.0,24.3,927.1,13.9808977259464,100
2024-07-20 17:00:00+05:30,8.9,238.0,24.1,927.5,30.066718052124784,100
2024-07-20 18:00:00+05:30,10.7,250.0,23.0,928.4,65.49715010281507,100
2024-07-20 19:00:00+05:30,12.1,247.0,23.0,928.9,100.0,100
2024-07-20 20:00:00+05:30,10.8,240.0,22.9,929.4,63.5127244070424,100
2024-07-20 21:00:00+05:30,10.3,241.0,22.9,929.5,51.119782998637525,100
2024-07-20 22:00:00+05:30,12.6,246.0,23.0,929.3,100.0,100
2024-07-20 23:00:00+05:30,13.7,247.0,23.0,929.0,97.32312716375773,100
2024-07-21 00:00:00+05:30,15.5,245.0,23.1,928.3,99.43319051742704,100
2024-07-21 01:00:00+05:30,12.9,234.0,23.0,927.9,100.0,100
2024-07-21 02:00:00+05:30,12.7,241.0,22.9,927.1,99.56628045016663,100
2024-07-21 03:00:00+05:30,8.8,235.0,22.9,926.8,25.39503949611716,100
2024-07-21 04:00:00+05:30,10.6,242.0,23.0,926.9,60.68352912012995,100
2024-07-21 05:00:00+05:30,9.4,252.0,23.0,926.9,37.43824782868827,100
2024-07-21 06:00:00+05:30,6.4,227.0,22.9,927.3,6.796197518359519,100
2024-07-21 07:00:00+05:30,8.1,238.0,23.3,928.2,18.231977428096567,100
2024-07-21 08:00:00+05:30,9.8,234.0,24.1,928.8,44.45498647875349,100
2024-07-21 09:00:00+05:30,13.0,246.0,24.4,929.4,100.0,100
2024-07-21 10:00:00+05:30,12.4,234.0,24.5,929.4,100.0,100
2024-07-21 11:00:00+05:30,11.6,240.0,25.2,929.7,84.73268092919189,100
2024-07-21 12:00:00+05:30,13.2,244.0,25.1,929.1,99.41079421914324,100
2024-07-21 13:00:00+05:30,15.5,252.0,25.3,928.9,98.59996490916033,100
2024-07-21 14:00:00+05:30,14.9,255.0,25.2,928.3,99.92246198276838,100
2024-07-21 15:00:00+05:30,14.8,256.0,24.9,927.8,100.0,100
2024-07-21 16:00:00+05:30,14.8,256.0,24.8,927.8,100.0,100
2024-07-21 17:00:00+05:30,16.3,262.0,24.4,927.8,97.53312906414116,100
2024-07-21 18:00:00+05:30,4.2,250.0,23.7,928.6,2.498651340131681,100
2024-07-21 19:00:00+05:30,6.6,248.0,23.1,928.5,7.590921186858123,100
2024-07-21 20:00:00+05:30,10.4,270.0,23.2,928.9,57.28912530620951,100
2024-07-21 21:00:00+05:30,10.5,254.0,23.2,929.8,57.972127483823755,100
2024-07-21 22:00:00+05:30,9.9,251.0,23.1,929.8,45.10875624196141,100
2024-07-21 23:00:00+05:30,8.6,255.0,23.2,929.9,25.546458619560195,100
2024-07-22 00:00:00+05:30,7.1,246.0,23.1,929.5,8.87750809586394,100
2024-07-22 01:00:00+05:30,10.8,244.0,23.0,928.7,64.35521538333725,100
2024-07-22 02:00:00+05:30,13.9,245.0,23.0,928.1,99.87015253235234,100
2024-07-22 03:00:00+05:30,12.5,258.0,22.9,928.0,100.0,100
2024-07-22 04:00:00+05:30,13.6,253.0,22.8,928.1,100.0,100
2024-07-22 05:00:00+05:30,10.0,249.0,22.6,928.5,46.23392688998803,100
2024-07-22 06:00:00+05:30,2.4,153.0,22.7,929.2,0.0,100
2024-07-22 07:00:00+05:30,4.9,234.0,23.2,930.1,3.2583909742309705,100
2024-07-22 08:00:00+05:30,9.3,254.0,23.8,930.6,33.73253398741721,100
2024-07-22 09:00:00+05:30,12.9,257.0,23.9,931.1,100.0,100
2024-07-22 10:00:00+05:30,14.8,256.0,24.3,931.4,100.0,100
2024-07-22 11:00:00+05:30,16.2,249.0,24.2,931.3,96.06868834852274,100
2024-07-22 12:00:00+05:30,20.7,250.0,24.1,930.8,96.1149564935423,100
2024-07-22 13:00:00+05:30,18.9,252.0,23.9,930.3,100.0,100
2024-07-22 14:00:00+05:30,18.2,252.0,23.8,929.9,100.0,100
2024-07-22 15:00:00+05:30,17.2,254.0,23.7,929.7,100.0,100
2024-07-22 16:00:00+05:30,14.8,244.0,23.7,929.6,99.39205038651099,100
2024-07-22 17:00:00+05:30,17.6,247.0,23.4,929.3,99.35443392966745,100
2024-07-22 18:00:00+05:30,12.3,255.0,23.4,929.6,99.08115699593944,100
2024-07-22 19:00:00+05:30,11.8,243.0,23.3,930.4,93.868863670054,100
2024-07-22 20:00:00+05:30,15.2,248.0,23.4,931.0,97.46802113839573,100
2024-07-22 21:00:00+05:30,16.3,248.0,23.4,931.5,99.12815205554175,100
2024-07-22 22:00:00+05:30,19.7,246.0,23.4,931.8,100.0,100
2024-07-22 23:00:00+05:30,19.3,256.0,23.2,931.7,98.34538222773224,100
2024-07-23 00:00:00+05:30,21.9,253.0,23.2,931.2,99.52743066827384,100
2024-07-23 01:00:00+05:30,18.0,254.0,23.1,930.8,99.7751768395576,100
2024-07-23 02:00:00+05:30,17.5,256.0,23.0,930.5,100.0,100
2024-07-23 03:00:00+05:30,17.5,251.0,22.9,930.1,98.12592585823516,100
2024-07-23 04:00:00+05:30,19.4,255.0,22.9,930.0,98.51520147586662,100
2024-07-23 05:00:00+05:30,23.1,255.0,22.7,930.0,97.35130810195382,100
2024-07-23 06:00:00+05:30,7.1,255.0,22.8,930.3,9.783617457131154,100
2024-07-23 07:00:00+05:30,15.2,263.0,23.2,930.9,99.91142818534301,100
2024-07-23 08:00:00+05:30,14.9,263.0,23.6,931.5,100.0,100
2024-07-23 09:00:00+05:30,13.9,260.0,23.6,932.1,98.47973331689327,100
2024-07-23 10:00:00+05:30,16.0,261.0,23.7,932.2,100.0,100
2024-07-23 11:00:00+05:30,16.9,259.0,23.9,931.9,95.70010708044636,100
2024-07-23 12:00:00+05:30,18.4,258.0,23.8,931.6,100.0,100
2024-07-23 13:00:00+05:30,19.8,258.0,23.7,931.0,99.61510740893063,100
2024-07-23 14:00:00+05:30,21.4,257.0,23.9,930.6,99.14641003381236,100
2024-07-23 15:00:00+05:30,21.9,253.0,23.5,929.9,100.0,100
2024-07-23 16:00:00+05:30,22.8,254.0,23.4,929.3,98.22303726937781,100
2024-07-23 17:00:00+05:30,22.1,254.0,23.5,929.4,100.0,100
2024-07-23 18:00:00+05:30,12.4,253.0,23.1,929.7,97.02585243923058,100
2024-07-23 19:00:00+05:30,17.6,255.0,22.9,930.2,100.0,100
2024-07-23 20:00:00+05:30,16.1,254.0,22.9,930.4,99.8466476549889,100
2024-07-23 21:00:00+05:30,16.0,256.0,23.0,930.9,100.0,100
2024-07-23 22:00:00+05:30,16.5,254.0,22.9,931.1,100.0,100
2024-07-23 23:00:00+05:30,15.4,259.0,22.7,931.0,98.28080517857504,100
2024-07-24 00:00:00+05:30,15.2,256.0,22.8,930.3,100.0,100
2024-07-24 01:00:00+05:30,14.4,257.0,22.7,929.6,100.0,100
2024-07-24 02:00:00+05:30,16.5,259.0,22.6,929.1,97.80292655547042,100
2024-07-24 03:00:00+05:30,15.8,258.0,22.6,928.7,100.0,100
2024-07-24 04:00:00+05:30,17.8,252.0,22.6,928.5,95.02160495154517,100
2024-07-24 05:00:00+05:30,17.9,248.0,22.5,928.5,98.77460050816597,100
2024-07-24 06:00:00+05:30,10.8,244.0,22.9,928.6,66.6431816810051,100
2024-07-24 07:00:00+05:30,13.2,248.0,22.8,928.8,100.0,100
2024-07-24 08:00:00+05:30,16.8,247.0,23.2,929.1,100.0,100
2024-07-24 09:00:00+05:30,19.9,253.0,23.8,929.7,100.0,100
2024-07-24 10:00:00+05:30,17.8,256.0,23.4,929.8,100.0,100
2024-07-24 11:00:00+05:30,20.4,262.0,23.5,929.8,96.95380772296951,100
2024-07-24 12:00:00+05:30,19.8,258.0,23.2,928.9,98.45391746056553,100
2024-07-24 13:00:00+05:30,22.1,258.0,23.5,928.5,100.0,100
2024-07-24 14:00:00+05:30,21.1,256.0,23.5,927.8,100.0,100
2024-07-24 15:00:00+05:30,24.5,256.0,23.6,927.5,97.17178174612104,100
2024-07-24 16:00:00+05:30,23.1,249.0,24.2,927.1,98.88241516799835,100
2024-07-24 17:00:00+05:30,22.8,252.0,23.5,926.8,97.27935293992758,100
2024-07-24 18:00:00+05:30,16.9,258.0,23.1,926.8,100.0,100
2024-07-24 19:00:00+05:30,20.4,256.0,23.1,927.2,99.52086287660757,100
2024-07-24 20:00:00+05:30,16.3,248.0,23.1,927.6,100.0,100
2024-07-24 21:00:00+05:30,16.5,250.0,23.1,928.1,97.62453186801372,100
2024-07-24 22:00:00+05:30,18.3,248.0,23.0,928.5,100.0,100
2024-07-24 23:00:00+05:30,18.7,247.0,23.0,927.9,98.66010197350914,100
2024-07-25 00:00:00+05:30,17.3,253.0,22.9,927.7,100.0,100
2024-07-25 01:00:00+05:30,16.5,254.0,22.8,926.8,97.48268669939863,100
2024-07-25 02:00:00+05:30,17.1,255.0,22.8,926.4,100.0,100
2024-07-25 03:00:00+05:30,17.0,253.0,22.7,926.2,100.0,100
2024-07-25 04:00:00+05:30,17.6,259.0,22.8,926.3,100.0,100
2024-07-25 05:00:00+05:30,20.0,263.0,22.8,926.5,97.64973924146652,100
2024-07-25 06:00:00+05:30,10.4,256.0,22.8,926.9,53.632624243954886,100
2024-07-25 07:00:00+05:30,13.4,250.0,23.0,927.0,99.56561279788178,100
2024-07-25 08:00:00+05:30,15.0,249.0,23.4,927.6,100.0,100
2024-07-25 09:00:00+05:30,19.8,251.0,23.7,928.1,98.51525753289974,100
2024-07-25 10:00:00+05:30,21.7,255.0,23.9,928.3,100.0,100
2024-07-25 11:00:00+05:30,23.3,257.0,23.5,928.3,100.0,100
2024-07-25 12:00:00+05:30,25.5,262.0,23.3,928.3,2.3141806391754303,100
2024-07-25 13:00:00+05:30,24.2,265.0,23.5,927.6,98.65298607264945,100
2024-07-25 14:00:00+05:30,20.4,262.0,23.6,926.9,100.0,100
2024-07-25 15:00:00+05:30,24.6,264.0,23.4,926.8,100.0,100
2024-07-25 16:00:00+05:30,21.5,261.0,23.1,926.7,97.35875997041005,100
2024-07-25 17:00:00+05:30,22.0,266.0,22.3,926.9,100.0,100
2024-07-25 18:00:00+05:30,9.4,272.0,22.4,927.2,36.88881904309071,100
2024-07-25 19:00:00+05:30,9.7,274.0,22.4,927.7,41.05525279447056,100
2024-07-25 20:00:00+05:30,10.0,257.0,22.7,928.2,46.38154665705854,100
2024-07-25 21:00:00+05:30,18.9,284.0,22.4,929.1,99.09978497192476,100
2024-07-25 22:00:00+05:30,16.5,286.0,22.0,929.8,95.03648235505447,100
2024-07-25 23:00:00+05:30,11.0,289.0,21.7,929.3,68.83645069516292,100
2024-07-26 00:00:00+05:30,10.0,283.0,22.2,928.3,46.18096170837217,100
2024-07-26 01:00:00+05:30,12.2,268.0,22.1,928.0,100.0,100
2024-07-26 02:00:00+05:30,12.0,263.0,22.4,927.6,99.29939636653208,100
2024-07-26 03:00:00+05:30,14.6,286.0,22.5,927.4,98.09918080796376,100
2024-07-26 04:00:00+05:30,9.7,268.0,22.5,927.5,38.946692202428515,100
2024-07-26 05:00:00+05:30,16.3,278.0,22.8,927.6,100.0,100
2024-07-26 06:00:00+05:30,12.8,281.0,22.8,927.5,100.0,100
2024-07-26 07:00:00+05:30,16.2,271.0,23.1,928.2,97.32453731672766,100
2024-07-26 08:00:00+05:30,13.6,287.0,22.9,928.8,100.0,100
2024-07-26 09:00:00+05:30,11.5,270.0,24.1,929.4,83.7923489891096,100
2024-07-26 10:00:00+05:30,11.2,276.0,23.7,929.7,74.3840592916568,100
2024-07-26 11:00:00+05:30,10.0,283.0,23.9,929.5,48.74056422773091,100
2024-07-26 12:00:00+05:30,10.7,284.0,24.3,929.4,62.770394432434834,100
2024-07-26 13:00:00+05:30,7.6,278.0,24.5,929.2,12.228945522235438,100
2024-07-26 14:00:00+05:30,7.6,275.0,24.6,928.7,14.771190040313167,100
2024-07-26 15:00:00+05:30,6.9,279.0,24.6,928.3,6.840189845961376,100
2024-07-26 16:00:00+05:30,10.3,282.0,24.2,928.1,53.95638052319169,100
2024-07-26 17:00:00+05:30,11.9,272.0,24.0,928.1,95.02587091271904,100
2024-07-26 18:00:00+05:30,8.6,268.0,23.2,928.7,21.566304376918566,100
2024-07-26 19:00:00+05:30,9.0,275.0,22.9,928.9,29.26686290961787,100
2024-07-26 20:00:00+05:30,8.7,265.0,22.9,929.2,24.842056048457152,100
2024-07-26 21:00:00+05:30,15.2,266.0,23.1,929.7,100.0,100
2024-07-26 22:00:00+05:30,11.6,265.0,23.0,930.1,85.89896018152268,100
2024-07-26 23:00:00+05:30,9.7,272.0,22.8,930.1,40.61061153402183,100
2024-07-27 00:00:00+05:30,8.3,272.0,22.8,929.4,19.905576180885234,100
2024-07-27 01:00:00+05:30,13.4,275.0,22.9,929.0,100.0,100
2024-07-27 02:00:00+05:30,11.5,266.0,22.7,928.5,84.57437798713919,100
2024-07-27 03:00:00+05:30,12.8,260.0,22.9,928.3,100.0,100
2024-07-27 04:00:00+05:30,14.4,270.0,22.9,928.5,98.32214522751215,100
2024-07-27 05:00:00+05:30,14.8,267.0,22.7,928.7,100.0,100
2024-07-27 06:00:00+05:30,9.4,266.0,22.8,929.2,36.234433861214335,100
2024-07-27 07:00:00+05:30,13.6,281.0,23.1,929.9,100.0,100
2024-07-27 08:00:00+05:30,17.7,282.0,23.2,930.6,0.0,100
2024-07-27 09:00:00+05:30,16.7,277.0,23.9,930.6,99.48095329017,100
2024-07-27 10:00:00+05:30,14.4,271.0,23.8,930.8,99.99728585297322,100
2024-07-27 11:00:00+05:30,7.6,245.0,24.3,930.6,14.809247771083554,100
2024-07-27 12:00:00+05:30,12.1,243.0,24.8,930.3,100.0,100
2024-07-27 13:00:00+05:30,8.6,268.0,24.7,930.0,22.841555434103615,100
2024-07-27 14:00:00+05:30,10.1,272.0,24.6,929.1,49.07586271997764,100
2024-07-27 15:00:00+05:30,16.2,266.0,25.1,928.9,98.41860688277643,100
2024-07-27 16:00:00+05:30,11.2,264.0,24.5,928.6,76.63148500534324,100
2024-07-27 17:00:00+05:30,10.2,252.0,23.9,928.5,49.83240326170407,100
2024-07-27 18:00:00+05:30,14.4,266.0,23.3,928.6,99.91544631711999,100
2024-07-27 19:00:00+05:30,13.5,261.0,23.3,929.1,100.0,100
2024-07-27 20:00:00+05:30,13.1,254.0,23.2,929.4,100.0,100
2024-07-27 21:00:00+05:30,13.8,264.0,23.1,929.7,100.0,100
2024-07-27 22:00:00+05:30,11.9,267.0,22.9,929.5,96.94660652091713,100
2024-07-27 23:00:00+05:30,13.4,278.0,23.1,929.2,99.77597625174329,100
2024-07-28 00:00:00+05:30,14.4,266.0,23.0,928.7,100.0,100
2024-07-28 01:00:00+05:30,14.8,257.0,22.6,927.9,96.81647948499197,100
2024-07-28 02:00:00+05:30,13.1,262.0,22.7,927.4,98.11770149684108,100
2024-07-28 03:00:00+05:30,12.0,261.0,22.6,927.0,100.0,100
2024-07-28 04:00:00+05:30,8.6,268.0,22.7,927.3,24.711692544566883,100
2024-07-28 05:00:00+05:30,12.2,256.0,22.7,927.4,100.0,100
2024-07-28 06:00:00+05:30,13.4,256.0,23.0,927.7,99.16535959220943,100
2024-07-28 07:00:00+05:30,15.1,271.0,23.1,928.3,95.20604922924207,100
2024-07-28 08:00:00+05:30,14.1,264.0,23.6,928.4,100.0,100
2024-07-28 09:00:00+05:30,17.6,270.0,23.8,928.9,100.0,100
2024-07-28 10:00:00+05:30,10.8,272.0,24.3,929.1,68.05336776158454,100
2024-07-28 11:00:00+05:30,14.0,270.0,25.0,928.7,100.0,100
2024-07-28 12:00:00+05:30,20.7,277.0,26.2,928.2,99.30166131462265,100
2024-07-28 13:00:00+05:30,24.5,270.0,26.7,927.6,100.0,100
2024-07-28 14:00:00+05:30,20.2,269.0,25.6,927.2,99.97749567802484,100
2024-07-28 15:00:00+05:30,16.0,262.0,25.6,926.7,98.5691552344725,100
2024-07-28 16:00:00+05:30,14.2,263.0,25.3,926.0,100.0,100
2024-07-28 17:00:00+05:30,8.8,261.0,24.4,925.9,27.489778772111805,100
2024-07-28 18:00:00+05:30,2.8,220.0,23.8,926.0,0.49372205788960255,100
2024-07-28 19:00:00+05:30,5.7,215.0,23.4,926.3,3.156622466265414,100
2024-07-28 20:00:00+05:30,5.8,248.0,23.1,926.4,3.635372609167271,100
2024-07-28 21:00:00+05:30,2.7,203.0,22.9,926.9,0.3359622083518672,100
2024-07-28 22:00:00+05:30,2.3,219.0,22.9,926.9,0.0,100
2024-07-28 23:00:00+05:30,3.9,214.0,22.9,926.9,0.0,100
2024-07-29 00:00:00+05:30,5.9,223.0,22.9,926.3,1.6276063124985314,100
2024-07-29 01:00:00+05:30,4.4,215.0,22.5,925.6,0.0,100
2024-07-29 02:00:00+05:30,4.3,246.0,22.5,925.2,0.39749618158568045,100
2024-07-29 03:00:00+05:30,5.6,243.0,22.7,924.9,2.5944737442240693,100
2024-07-29 04:00:00+05:30,6.7,254.0,22.7,925.1,5.548808671726308,100
2024-07-29 05:00:00+05:30,4.7,238.0,22.6,925.5,0.7779135701109154,100
2024-07-29 06:00:00+05:30,3.2,117.0,22.7,925.3,0.0,100
2024-07-29 07:00:00+05:30,8.7,265.0,23.8,926.0,26.688255263719284,100
2024-07-29 08:00:00+05:30,10.7,258.0,24.0,926.7,63.47933780160434,100
2024-07-29 09:00:00+05:30,11.8,247.0,24.4,927.6,96.40621913942218,100
2024-07-29 10:00:00+05:30,11.7,252.0,24.0,927.4,86.84324257107455,100
2024-07-29 11:00:00+05:30,12.1,258.0,24.3,927.1,98.91486402292966,100
2024-07-29 12:00:00+05:30,11.3,263.0,24.8,926.9,78.35614011536762,100
2024-07-29 13:00:00+05:30,10.8,255.0,25.0,926.6,62.351734017382775,100
2024-07-29 14:00:00+05:30,13.6,248.0,25.6,926.1,99.22835240074198,100
2024-07-29 15:00:00+05:30,10.2,262.0,24.9,925.9,51.792834528379345,100
2024-07-29 16:00:00+05:30,5.1,231.0,24.1,925.6,2.7279279523337197,100
2024-07-29 17:00:00+05:30,5.8,240.0,24.1,925.7,2.883785786661765,100
2024-07-29 18:00:00+05:30,8.1,257.0,24.1,926.2,18.27743265275603,100
2024-07-29 19:00:00+05:30,6.4,243.0,23.6,926.8,5.046577557183758,100
2024-07-29 20:00:00+05:30,4.0,243.0,23.3,927.6,1.2395388434478638,100
2024-07-29 21:00:00+05:30,1.6,207.0,23.2,928.0,2.0909080061977923,100
2024-07-29 22:00:00+05:30,3.1,159.0,23.1,928.4,0.0,100
2024-07-29 23:00:00+05:30,3.9,236.0,23.0,928.3,0.0,100
2024-07-30 00:00:00+05:30,3.1,234.0,22.7,927.8,0.17584186983553798,100
2024-07-30 01:00:00+05:30,3.1,144.0,22.6,927.6,1.1718286417146973,100
2024-07-30 02:00:00+05:30,4.0,117.0,22.4,927.5,0.0,100
2024-07-30 03:00:00+05:30,1.1,90.0,22.5,927.5,0.0,100
2024-07-30 04:00:00+05:30,1.8,101.0,22.4,927.6,0.0,100
2024-07-30 05:00:00+05:30,1.8,79.0,22.4,927.8,0.49461774336132686,100
2024-07-30 06:00:00+05:30,4.9,144.0,23.1,928.3,1.9491385823234082,100
2024-07-30 07:00:00+05:30,3.5,156.0,23.6,929.2,0.0,100
2024-07-30 08:00:00+05:30,1.9,158.0,23.8,930.0,0.0,100
2024-07-30 09:00:00+05:30,4.5,241.0,24.4,931.1,0.0,100
2024-07-30 10:00:00+05:30,11.8,250.0,25.9,931.5,93.81420380662736,100
2024-07-30 11:00:00+05:30,15.6,263.0,26.7,931.2,100.0,100
2024-07-30 12:00:00+05:30,18.5,262.0,27.1,930.7,100.0,100
2024-07-30 13:00:00+05:30,16.7,256.0,27.9,930.3,99.7650709612478,100
2024-07-30 14:00:00+05:30,20.7,262.0,26.2,929.5,99.22836868878237,100
2024-07-30 15:00:00+05:30,15.9,257.0,26.6,929.2,100.0,100
2024-07-30 16:00:00+05:30,12.7,263.0,25.3,929.1,100.0,100
2024-07-30 17:00:00+05:30,8.8,261.0,25.0,929.0,29.53747913382071,100
2024-07-30 18:00:00+05:30,5.8,248.0,24.5,929.9,4.322192680681772,100
2024-07-30 19:00:00+05:30,4.3,246.0,24.0,930.4,0.0,100
2024-07-30 20:00:00+05:30,2.9,210.0,23.7,930.8,0.0,100
2024-07-30 21:00:00+05:30,3.0,194.0,23.5,931.7,0.05416107200373283,100
2024-07-30 22:00:00+05:30,4.0,175.0,23.3,932.3,1.2702424487540178,100
2024-07-30 23:00:00+05:30,1.5,194.0,23.0,931.6,0.0,100
2024-07-31 00:00:00+05:30,2.2,171.0,22.7,931.4,0.0,100
2024-07-31 01:00:00+05:30,2.6,196.0,22.5,930.8,0.0,100
2024-07-31 02:00:00+05:30,1.8,143.0,22.2,930.6,0.14363486617034701,100
2024-07-31 03:00:00+05:30,2.6,146.0,22.3,930.6,1.2468354812016549,100
2024-07-31 04:00:00+05:30,3.2,153.0,22.3,930.5,0.6169762382553773,100
2024-07-31 05:00:00+05:30,6.5,109.0,22.1,930.8,6.150321182803117,100
2024-07-31 06:00:00+05:30,5.9,166.0,22.2,931.0,4.444678428857523,100
2024-07-31 07:00:00+05:30,7.7,131.0,22.1,931.8,15.702906349630576,100
2024-07-31 08:00:00+05:30,7.3,101.0,22.6,932.2,10.222007461459592,100
2024-07-31 09:00:00+05:30,4.0,85.0,23.5,932.8,0.0,100
2024-07-31 10:00:00+05:30,4.3,270.0,24.3,933.2,0.0,100
2024-07-31 11:00:00+05:30,7.8,257.0,25.2,933.4,14.668062432637395,100
2024-07-31 12:00:00+05:30,11.6,263.0,25.6,932.9,87.19600886962107,100
2024-07-31 13:00:00+05:30,14.1,266.0,26.0,932.5,100.0,100
2024-07-31 14:00:00+05:30,13.3,272.0,25.3,931.6,100.0,100
2024-07-31 15:00:00+05:30,15.5,269.0,25.6,930.9,100.0,100
2024-07-31 16:00:00+05:30,12.0,263.0,25.2,930.4,96.97870262839696,100
2024-07-31 17:00:00+05:30,6.2,260.0,24.9,930.2,4.496978806656489,100
2024-07-31 18:00:00+05:30,6.9,279.0,24.6,931.2,6.782465542940176,100
2024-07-31 19:00:00+05:30,4.3,246.0,24.1,931.3,1.6640155812174142,100
2024-07-31 20:00:00+05:30,4.0,243.0,24.0,931.8,0.34325464028642944,100
2024-07-31 21:00:00+05:30,4.3,228.0,23.7,932.2,0.16126991060406132,100
2024-07-31 22:00:00+05:30,2.6,214.0,23.5,932.6,0.5909811989260101,100
2024-07-31 23:00:00+05:30,1.6,153.0,23.3,932.6,1.748764971189991,100
2024-08-01 00:00:00+05:30,1.3,124.0,23.1,931.9,0.1649645601048409,100
2024-08-01 01:00:00+05:30,1.9,158.0,23.2,931.4,1.1036712732159586,100
2024-08-01 02:00:00+05:30,4.5,166.0,23.0,930.6,0.0,100
2024-08-01 03:00:00+05:30,4.7,171.0,23.0,930.7,0.10376258991310039,100
2024-08-01 04:00:00+05:30,3.3,221.0,22.9,930.6,0.21348588325459839,100
2024-08-01 05:00:00+05:30,1.9,158.0,22.7,930.9,0.0,100
2024-08-01 06:00:00+05:30,3.7,169.0,22.8,930.7,0.38813278287091313,100
2024-08-01 07:00:00+05:30,3.2,180.0,23.2,931.4,0.0,100
2024-08-01 08:00:00+05:30,3.0,194.0,24.0,931.8,0.0,100
2024-08-01 09:00:00+05:30,10.6,246.0,24.4,932.3,58.56989201215763,100
2024-08-01 10:00:00+05:30,11.4,257.0,24.9,933.0,83.52870304226214,100
2024-08-01 11:00:00+05:30,11.8,247.0,25.2,932.5,94.10773756609187,100
2024-08-01 12:00:00+05:30,7.0,258.0,24.4,932.0,9.68663841646712,100
2024-08-01 13:00:00+05:30,10.7,250.0,24.5,931.3,62.11241731160624,100
2024-08-01 14:00:00+05:30,12.8,254.0,25.1,930.9,96.5957291818239,100
2024-08-01 15:00:00+05:30,11.7,259.0,25.0,930.4,92.48822708858516,100
2024-08-01 16:00:00+05:30,9.3,257.0,24.6,930.1,33.30723179500835,100
2024-08-01 17:00:00+05:30,8.0,265.0,24.1,930.3,16.31981861891587,100
2024-08-01 18:00:00+05:30,2.4,207.0,24.0,930.9,0.0,100
2024-08-01 19:00:00+05:30,4.4,235.0,23.6,931.1,0.660405549845787,100
2024-08-01 20:00:00+05:30,5.2,245.0,23.4,931.7,1.3347630534205228,100
2024-08-01 21:00:00+05:30,3.4,252.0,23.1,932.2,0.8054429532110724,100
2024-08-01 22:00:00+05:30,4.1,255.0,22.9,932.5,2.185034108399157,100
2024-08-01 23:00:00+05:30,3.4,238.0,22.8,932.3,0.0,100
2024-08-02 00:00:00+05:30,6.2,234.0,23.1,931.6,3.4173132432552498,100
2024-08-02 01:00:00+05:30,8.0,234.0,22.9,931.2,17.468645635268334,100
2024-08-02 02:00:00+05:30,6.9,242.0,22.8,930.6,8.135121786956192,100
2024-08-02 03:00:00+05:30,5.0,240.0,22.5,930.3,0.4581450423728126,100
2024-08-02 04:00:00+05:30,5.4,217.0,22.4,930.4,2.6189661807911797,100
2024-08-02 05:00:00+05:30,9.2,244.0,22.7,930.6,31.110823501703496,100
2024-08-02 06:00:00+05:30,3.4,212.0,22.9,930.3,0.9140385530984599,100
2024-08-02 07:00:00+05:30,7.4,247.0,23.1,930.6,11.934877694246316,100
2024-08-02 08:00:00+05:30,13.3,257.0,23.9,931.5,100.0,100
2024-08-02 09:00:00+05:30,15.5,258.0,24.4,931.9,97.0780487285645,100
2024-08-02 10:00:00+05:30,18.1,249.0,25.5,932.2,100.0,100
2024-08-02 11:00:00+05:30,20.3,250.0,25.5,931.8,100.0,100
2024-08-02 12:00:00+05:30,22.5,258.0,26.5,931.3,99.56906560071923,100
2024-08-02 13:00:00+05:30,18.6,255.0,25.4,930.9,97.54432967052487,100
2024-08-02 14:00:00+05:30,12.2,256.0,24.9,930.5,97.9162621356563,100
2024-08-02 15:00:00+05:30,13.3,251.0,24.7,929.9,99.94658578311517,100
2024-08-02 16:00:00+05:30,13.9,239.0,24.7,929.8,97.6406038480116,100
2024-08-02 17:00:00+05:30,10.1,235.0,24.2,930.0,48.789565594719726,100
2024-08-02 18:00:00+05:30,8.2,221.0,23.5,930.1,20.4810141024872,100
2024-08-02 19:00:00+05:30,12.0,254.0,23.1,930.7,100.0,100
2024-08-02 20:00:00+05:30,10.8,233.0,23.0,931.5,66.4571619017116,100
2024-08-02 21:00:00+05:30,11.6,248.0,22.9,932.1,88.40927896707225,100
2024-08-02 22:00:00+05:30,7.0,249.0,22.7,932.5,9.889430181238122,100
2024-08-02 23:00:00+05:30,8.3,236.0,22.5,932.4,21.604599599512177,100
2024-08-03 00:00:00+05:30,7.5,253.0,22.3,931.9,11.541576983678526,100
2024-08-03 01:00:00+05:30,7.1,246.0,22.2,931.0,10.493887320963031,100
2024-08-03 02:00:00+05:30,9.5,241.0,22.3,930.2,37.85257161070813,100
2024-08-03 03:00:00+05:30,10.2,228.0,22.4,930.0,50.5318071304561,100
2024-08-03 04:00:00+05:30,11.2,228.0,22.5,930.1,77.05554254806407,100
2024-08-03 05:00:00+05:30,10.9,236.0,22.4,930.3,68.0428846722913,100
2024-08-03 06:00:00+05:30,10.8,217.0,22.7,929.8,66.82415537838331,100
2024-08-03 07:00:00+05:30,16.7,237.0,23.3,930.8,97.07970147787175,100
2024-08-03 08:00:00+05:30,15.4,254.0,23.7,931.8,98.85541080862866,100
2024-08-03 09:00:00+05:30,13.9,249.0,24.0,932.3,95.00170016517829,100
2024-08-03 10:00:00+05:30,15.6,251.0,24.8,932.7,95.94591336999471,100
2024-08-03 11:00:00+05:30,17.6,247.0,25.3,932.5,100.0,100
2024-08-03 12:00:00+05:30,17.7,253.0,25.6,932.0,100.0,100
2024-08-03 13:00:00+05:30,21.1,256.0,26.2,931.4,100.0,100
2024-08-03 14:00:00+05:30,25.3,259.0,26.2,931.0,0.4399973223784168,100
2024-08-03 15:00:00+05:30,16.7,256.0,25.2,930.6,100.0,100
2024-08-03 16:00:00+05:30,12.2,268.0,24.7,930.2,99.96862231662705,100
2024-08-03 17:00:00+05:30,14.6,260.0,24.3,930.5,100.0,100
2024-08-03 18:00:00+05:30,15.5,248.0,23.6,931.1,95.65260093611084,100
2024-08-03 19:00:00+05:30,12.8,254.0,23.0,931.6,99.5571884159594,100
2024-08-03 20:00:00+05:30,13.1,254.0,22.9,932.2,100.0,100
2024-08-03 21:00:00+05:30,12.4,248.0,22.8,932.8,100.0,100
2024-08-03 22:00:00+05:30,12.4,253.0,22.8,933.1,99.09202969165544,100
2024-08-03 23:00:00+05:30,12.3,249.0,22.8,932.7,100.0,100
2024-08-04 00:00:00+05:30,8.8,251.0,22.5,932.3,25.61075938423192,100
2024-08-04 01:00:00+05:30,11.0,251.0,22.5,931.7,69.66210637107669,100
2024-08-04 02:00:00+05:30,9.1,236.0,22.5,931.0,31.833996631371292,100
2024-08-04 03:00:00+05:30,7.0,235.0,22.4,930.8,7.945757953136441,100
2024-08-04 04:00:00+05:30,7.1,221.0,22.4,930.7,7.556534463866079,100
2024-08-04 05:00:00+05:30,5.4,222.0,22.3,930.9,0.28707781260315723,100
2024-08-04 06:00:00+05:30,6.3,204.0,22.9,930.5,5.022006078899555,100
2024-08-04 07:00:00+05:30,8.1,249.0,23.3,931.7,18.679214694158848,100
2024-08-04 08:00:00+05:30,11.1,241.0,23.6,932.4,74.80160398562671,100
2024-08-04 09:00:00+05:30,10.6,246.0,24.1,933.2,59.74639602820828,100
2024-08-04 10:00:00+05:30,11.6,244.0,25.3,933.4,81.75874886294952,100
2024-08-04 11:00:00+05:30,19.6,257.0,25.3,933.4,100.0,100
2024-08-04 12:00:00+05:30,16.6,252.0,25.2,932.8,95.98938464353772,100
2024-08-04 13:00:00+05:30,18.2,256.0,25.5,932.0,100.0,100
2024-08-04 14:00:00+05:30,16.6,257.0,24.9,931.3,100.0,100
2024-08-04 15:00:00+05:30,18.4,258.0,24.2,930.6,100.0,100
2024-08-04 16:00:00+05:30,15.0,260.0,24.1,930.6,99.85047585794183,100
2024-08-04 17:00:00+05:30,12.0,254.0,23.8,930.9,100.0,100
2024-08-04 18:00:00+05:30,4.7,261.0,23.1,931.1,0.9264789450697946,100
2024-08-04 19:00:00+05:30,5.1,225.0,22.8,931.5,0.0,100
2024-08-04 20:00:00+05:30,4.7,180.0,22.6,932.2,1.4773712075253302,100
2024-08-04 21:00:00+05:30,5.9,166.0,22.5,932.4,4.0178467498742885,100
2024-08-04 22:00:00+05:30,8.4,205.0,22.7,932.8,22.310677474992872,100
2024-08-04 23:00:00+05:30,8.6,195.0,22.7,932.9,25.81152952242812,100
2024-08-05 00:00:00+05:30,8.4,187.0,22.6,932.5,22.089550766456796,100
2024-08-05 01:00:00+05:30,9.3,193.0,22.6,932.2,33.21915715315092,100
2024-08-05 02:00:00+05:30,6.6,189.0,22.5,931.7,5.6961653563501375,100
2024-08-05 03:00:00+05:30,6.5,161.0,22.4,931.4,6.135716863108749,100
2024-08-05 04:00:00+05:30,5.4,176.0,22.3,931.2,3.297435838886452,100
2024-08-05 05:00:00+05:30,3.7,151.0,22.4,931.4,0.0746753432247926,100
2024-08-05 06:00:00+05:30,5.1,172.0,22.8,932.0,1.9249651588044465,100
2024-08-05 07:00:00+05:30,6.1,180.0,23.0,932.5,4.327697576286873,100
2024-08-05 08:00:00+05:30,9.5,217.0,23.6,933.1,38.347969526799545,100
2024-08-05 09:00:00+05:30,11.0,229.0,24.4,933.7,69.68874045248637,100
2024-08-05 10:00:00+05:30,12.2,236.0,25.0,934.2,100.0,100
2024-08-05 11:00:00+05:30,13.0,236.0,25.5,934.2,100.0,100
2024-08-05 12:00:00+05:30,18.0,250.0,26.3,934.1,100.0,100
2024-08-05 13:00:00+05:30,18.6,252.0,26.9,933.3,99.86795901317271,100
2024-08-05 14:00:00+05:30,16.9,250.0,26.4,932.0,99.09805419954546,100
2024-08-05 15:00:00+05:30,17.2,259.0,26.3,931.5,100.0,100
2024-08-05 16:00:00+05:30,16.4,261.0,26.3,931.4,99.13662982053079,100
2024-08-05 17:00:00+05:30,13.4,265.0,25.3,931.4,100.0,100
2024-08-05 18:00:00+05:30,4.3,270.0,24.5,932.1,0.38822770533648554,100
2024-08-05 19:00:00+05:30,4.4,261.0,23.7,932.3,0.22160411464026056,100
2024-08-05 20:00:00+05:30,2.8,230.0,23.2,933.2,0.0,100
2024-08-05 21:00:00+05:30,2.5,180.0,23.2,933.9,1.3042935683284052,100
2024-08-05 22:00:00+05:30,1.8,143.0,23.1,934.2,1.1094445087423161,100
2024-08-05 23:00:00+05:30,2.8,130.0,23.0,934.0,0.0,100
2024-08-06 00:00:00+05:30,4.9,107.0,22.9,933.6,2.1746843996316625,100
2024-08-06 01:00:00+05:30,4.1,142.0,22.7,932.7,0.0,100
2024-08-06 02:00:00+05:30,3.1,159.0,22.6,932.0,0.8095163219725471,100
2024-08-06 03:00:00+05:30,2.5,180.0,22.7,931.7,0.7013665031609435,100
2024-08-06 04:00:00+05:30,2.9,180.0,22.6,931.6,1.1340004733365308,100
2024-08-06 05:00:00+05:30,3.9,158.0,22.4,931.9,0.7882550357170044,100
2024-08-06 06:00:00+05:30,1.8,90.0,22.8,932.0,0.0,100
2024-08-06 07:00:00+05:30,0.4,90.0,23.2,932.7,1.8192871428934518,100
2024-08-06 08:00:00+05:30,6.1,270.0,23.8,933.3,5.362915466787035,100
2024-08-06 09:00:00+05:30,8.0,265.0,24.6,933.7,15.976629626502008,100
2024-08-06 10:00:00+05:30,13.0,268.0,26.5,933.8,98.81663598960911,100
2024-08-06 11:00:00+05:30,17.0,265.0,27.5,933.8,99.87481315535912,100
2024-08-06 12:00:00+05:30,17.7,265.0,27.7,933.4,99.91920004243072,100
2024-08-06 13:00:00+05:30,18.0,267.0,27.3,932.6,100.0,100
2024-08-06 14:00:00+05:30,13.4,265.0,25.6,931.9,100.0,100
2024-08-06 15:00:00+05:30,13.4,262.0,25.9,931.3,100.0,100
2024-08-06 16:00:00+05:30,12.2,270.0,25.2,930.7,97.43793242938499,100
2024-08-06 17:00:00+05:30,9.5,279.0,24.7,930.9,38.05286750662733,100
2024-08-06 18:00:00+05:30,4.1,285.0,24.0,931.7,0.0,100
2024-08-06 19:00:00+05:30,1.9,202.0,23.5,932.2,0.0,100
2024-08-06 20:00:00+05:30,1.4,180.0,23.4,932.5,0.5863362443473644,100
2024-08-06 21:00:00+05:30,1.8,143.0,23.1,933.4,0.0,100
2024-08-06 22:00:00+05:30,1.5,104.0,22.9,934.0,0.2824901569671829,100
2024-08-06 23:00:00+05:30,1.1,162.0,22.8,933.7,2.32097067671389,100
2024-08-07 00:00:00+05:30,0.8,153.0,22.8,932.8,0.6634621233680452,100
2024-08-07 01:00:00+05:30,1.4,180.0,22.6,932.2,0.0,100
2024-08-07 02:00:00+05:30,1.4,180.0,22.5,931.3,0.7097030904562462,100
2024-08-07 03:00:00+05:30,1.8,90.0,22.4,930.9,0.36486097261382855,100
2024-08-07 04:00:00+05:30,2.2,81.0,22.4,930.9,0.0,100
2024-08-07 05:00:00+05:30,3.1,111.0,22.4,931.3,0.0032024155948725814,100
2024-08-07 06:00:00+05:30,4.7,122.0,22.4,931.9,0.7762167020428653,100
2024-08-07 07:00:00+05:30,3.9,124.0,22.7,932.4,0.23983135367022723,100
2024-08-07 08:00:00+05:30,1.8,169.0,23.4,933.1,0.677548653814361,100
2024-08-07 09:00:00+05:30,7.6,273.0,24.6,933.5,11.003726417121785,100
2024-08-07 10:00:00+05:30,14.6,279.0,26.1,933.5,97.6962748240498,100
2024-08-07 11:00:00+05:30,13.4,265.0,27.2,933.3,100.0,100
2024-08-07 12:00:00+05:30,15.2,284.0,26.5,932.7,100.0,100
2024-08-07 13:00:00+05:30,14.0,271.0,26.3,932.0,100.0,100
2024-08-07 14:00:00+05:30,13.4,275.0,25.8,931.4,97.34527078226152,100
2024-08-07 15:00:00+05:30,14.2,277.0,26.0,931.0,100.0,100
2024-08-07 16:00:00+05:30,17.0,276.0,25.9,931.2,100.0,100
2024-08-07 17:00:00+05:30,11.6,265.0,25.0,931.5,87.92096561487989,100
2024-08-07 18:00:00+05:30,7.6,267.0,24.3,932.3,12.707339130465595,100
2024-08-07 19:00:00+05:30,7.5,287.0,23.7,932.8,12.846532904453985,100
2024-08-07 20:00:00+05:30,2.5,270.0,23.3,933.5,0.8867814534306205,100
2024-08-07 21:00:00+05:30,1.5,256.0,23.3,933.9,0.0,100
2024-08-07 22:00:00+05:30,2.1,239.0,23.1,934.1,1.3139386086576514,100
2024-08-07 23:00:00+05:30,1.8,217.0,22.9,933.9,0.6270398720737536,100
2024-08-08 00:00:00+05:30,0.5,315.0,22.9,933.4,0.0,100
2024-08-08 01:00:00+05:30,1.6,153.0,22.7,932.7,0.0,100
2024-08-08 02:00:00+05:30,2.1,149.0,22.6,932.4,0.0,100
2024-08-08 03:00:00+05:30,0.7,90.0,22.6,932.0,0.11722584161445732,100
2024-08-08 04:00:00+05:30,1.8,101.0,22.5,931.8,0.0,100
2024-08-08 05:00:00+05:30,2.3,108.0,22.5,932.1,0.058699003338230006,100
2024-08-08 06:00:00+05:30,0.4,180.0,23.0,932.2,0.0,100
2024-08-08 07:00:00+05:30,3.0,284.0,23.4,933.3,0.0,100
2024-08-08 08:00:00+05:30,7.4,284.0,24.0,933.9,9.574095284375094,100
2024-08-08 09:00:00+05:30,12.2,272.0,25.3,934.5,98.22995902869738,100
2024-08-08 10:00:00+05:30,14.3,282.0,26.4,934.6,94.61993340520253,100
2024-08-08 11:00:00+05:30,15.4,286.0,27.5,934.4,100.0,100
2024-08-08 12:00:00+05:30,17.8,277.0,27.6,933.9,100.0,100
2024-08-08 13:00:00+05:30,15.2,275.0,26.9,933.2,100.0,100
2024-08-08 14:00:00+05:30,14.5,277.0,27.7,932.6,99.91989891753016,100
2024-08-08 15:00:00+05:30,15.9,276.0,27.0,932.1,100.0,100
2024-08-08 16:00:00+05:30,14.9,277.0,25.9,932.0,98.97056522147982,100
2024-08-08 17:00:00+05:30,12.7,278.0,25.3,932.3,100.0,100
2024-08-08 18:00:00+05:30,10.5,286.0,24.4,933.0,59.00623676084294,100
2024-08-08 19:00:00+05:30,8.5,282.0,23.3,933.2,21.42685725137353,100
2024-08-08 20:00:00+05:30,7.0,282.0,23.0,934.0,7.664514931783348,100
2024-08-08 21:00:00+05:30,3.7,281.0,23.0,934.7,0.7933987594144538,100
2024-08-08 22:00:00+05:30,2.2,279.0,22.8,934.7,0.8230227304342954,100
2024-08-08 23:00:00+05:30,1.9,292.0,22.8,934.6,0.0,100
2024-08-09 00:00:00+05:30,0.8,207.0,22.5,934.0,0.0,100
2024-08-09 01:00:00+05:30,1.8,191.0,22.3,933.5,1.037330926514765,100
2024-08-09 02:00:00+05:30,0.0,270.0,21.9,932.8,0.3578821398128988,100
2024-08-09 03:00:00+05:30,1.4,90.0,21.4,932.5,0.0,100
2024-08-09 04:00:00+05:30,3.8,107.0,21.4,932.7,0.0,100
2024-08-09 05:00:00+05:30,5.8,112.0,21.4,933.0,3.6045158679968927,100
2024-08-09 06:00:00+05:30,4.6,135.0,22.5,933.5,0.5630195409663646,100
2024-08-09 07:00:00+05:30,3.1,159.0,23.3,934.0,0.0,100
2024-08-09 08:00:00+05:30,6.6,225.0,24.4,934.9,6.720193479437837,100
2024-08-09 09:00:00+05:30,7.5,253.0,25.2,935.7,11.933104183914494,100
2024-08-09 10:00:00+05:30,9.1,261.0,25.8,935.8,29.479310261752495,100
2024-08-09 11:00:00+05:30,11.5,270.0,27.2,935.7,85.27579937167825,100
2024-08-09 12:00:00+05:30,14.5,277.0,28.0,935.1,100.0,100
2024-08-09 13:00:00+05:30,15.1,271.0,27.0,934.4,94.38069054641187,100
2024-08-09 14:00:00+05:30,15.5,271.0,27.2,933.8,100.0,100
2024-08-09 15:00:00+05:30,17.9,279.0,26.3,933.5,99.75216857034786,100
2024-08-09 16:00:00+05:30,18.4,282.0,26.1,932.9,100.0,100
2024-08-09 17:00:00+05:30,15.7,279.0,25.5,933.1,100.0,100
2024-08-09 18:00:00+05:30,9.4,288.0,24.6,933.8,34.5803285760454,100
2024-08-09 19:00:00+05:30,8.4,290.0,23.6,934.2,21.202535890021522,100
2024-08-09 20:00:00+05:30,7.2,297.0,23.4,934.9,9.18786490894174,100
2024-08-09 21:00:00+05:30,6.0,287.0,22.8,935.0,5.501379007072969,100
2024-08-09 22:00:00+05:30,4.5,284.0,22.3,935.1,0.0,100
2024-08-09 23:00:00+05:30,3.3,283.0,22.4,935.0,0.03456922439969116,100
2024-08-10 00:00:00+05:30,3.1,315.0,22.0,934.6,0.0,100
2024-08-10 01:00:00+05:30,1.8,233.0,22.1,934.1,0.0,100
2024-08-10 02:00:00+05:30,1.8,217.0,21.9,933.6,0.0,100
2024-08-10 03:00:00+05:30,2.1,149.0,21.8,933.5,0.0,100
2024-08-10 04:00:00+05:30,3.3,131.0,21.8,933.6,0.020706565918235737,100
2024-08-10 05:00:00+05:30,3.7,119.0,21.8,933.9,0.09464734076479853,100
2024-08-10 06:00:00+05:30,5.1,135.0,22.2,933.8,1.3457964666603042,100
2024-08-10 07:00:00+05:30,4.1,128.0,22.8,934.5,1.959212467930191,100
2024-08-10 08:00:00+05:30,0.0,270.0,23.9,935.2,0.0,100
2024-08-10 09:00:00+05:30,8.6,268.0,25.8,935.4,24.984419170237185,100
2024-08-10 10:00:00+05:30,11.5,272.0,27.2,935.5,86.25269709643652,100
2024-08-10 11:00:00+05:30,12.3,273.0,28.7,935.3,97.3545303085053,100
2024-08-10 12:00:00+05:30,11.9,273.0,29.1,934.6,97.76734432634827,100
2024-08-10 13:00:00+05:30,13.3,267.0,28.1,933.8,100.0,100
2024-08-10 14:00:00+05:30,13.7,265.0,28.6,933.2,99.83716239310345,100
2024-08-10 15:00:00+05:30,17.3,268.0,27.3,932.4,97.66457199503601,100
2024-08-10 16:00:00+05:30,16.9,271.0,27.0,932.4,100.0,100
2024-08-10 17:00:00+05:30,15.6,277.0,25.6,932.1,99.29805496963145,100
2024-08-10 18:00:00+05:30,13.6,292.0,23.4,932.5,100.0,100
2024-08-10 19:00:00+05:30,12.9,297.0,22.9,932.9,97.57169654695676,100
2024-08-10 20:00:00+05:30,11.6,292.0,22.7,933.4,85.17650962498806,100
2024-08-10 21:00:00+05:30,11.8,297.0,22.5,934.2,91.73926440169335,100
2024-08-10 22:00:00+05:30,9.2,309.0,22.2,934.4,31.72655796812307,100
2024-08-10 23:00:00+05:30,8.2,299.0,22.1,934.1,19.84719977371378,100
2024-08-11 00:00:00+05:30,6.7,306.0,22.0,933.5,7.295426457075749,100
2024-08-11 01:00:00+05:30,5.9,308.0,22.1,932.9,3.3127655922799435,100
2024-08-11 02:00:00+05:30,2.8,310.0,22.0,932.2,0.2135855329085555,100
2024-08-11 03:00:00+05:30,2.2,261.0,22.4,932.4,0.2137731217900863,100
2024-08-11 04:00:00+05:30,1.8,143.0,22.2,932.1,0.4365834653288465,100
2024-08-11 05:00:00+05:30,4.2,121.0,22.1,932.3,0.0,100
2024-08-11 06:00:00+05:30,2.2,180.0,22.3,932.6,0.0,100
2024-08-11 07:00:00+05:30,2.6,196.0,23.0,933.5,1.095027928226399,100
2024-08-11 08:00:00+05:30,5.7,235.0,24.0,934.2,3.1907890382882185,100
2024-08-11 09:00:00+05:30,10.4,272.0,25.2,934.3,56.15061182505366,100
2024-08-11 10:00:00+05:30,11.5,272.0,26.6,934.5,86.63275134726673,100
2024-08-11 11:00:00+05:30,13.7,273.0,27.3,934.1,100.0,100
2024-08-11 12:00:00+05:30,15.9,273.0,28.1,933.7,97.9211625404777,100
2024-08-11 13:00:00+05:30,15.5,274.0,28.1,932.9,100.0,100
2024-08-11 14:00:00+05:30,15.2,274.0,27.4,931.9,100.0,100
2024-08-11 15:00:00+05:30,16.4,279.0,27.1,931.6,96.85920931511117,100
2024-08-11 16:00:00+05:30,14.3,282.0,26.6,931.0,98.68246854019306,100
2024-08-11 17:00:00+05:30,12.9,288.0,25.8,930.6,97.0797256700975,100
2024-08-11 18:00:00+05:30,9.4,293.0,24.4,931.2,36.784322617617555,100
2024-08-11 19:00:00+05:30,7.5,287.0,23.7,931.5,15.078934377135134,100
2024-08-11 20:00:00+05:30,6.6,283.0,23.4,932.0,7.563864932871969,100
2024-08-11 21:00:00+05:30,5.1,278.0,23.0,932.3,0.3938159056091177,100
2024-08-11 22:00:00+05:30,2.7,293.0,22.8,932.8,0.27513651460078914,100
2024-08-11 23:00:00+05:30,2.7,293.0,22.8,932.8,0.6955169065617018,100
2024-08-12 00:00:00+05:30,1.8,281.0,22.6,932.4,0.0,100
2024-08-12 01:00:00+05:30,2.5,270.0,22.0,931.9,0.0,100
2024-08-12 02:00:00+05:30,2.5,315.0,21.9,931.4,0.0,100
2024-08-12 03:00:00+05:30,2.3,309.0,21.8,931.4,0.0,100
2024-08-12 04:00:00+05:30,1.5,194.0,21.3,931.2,0.0,100
2024-08-12 05:00:00+05:30,3.5,156.0,21.0,931.7,0.0,100
2024-08-12 06:00:00+05:30,3.6,135.0,22.4,932.2,0.8409027554664011,100
2024-08-12 07:00:00+05:30,3.7,151.0,23.1,932.8,0.0,100
2024-08-12 08:00:00+05:30,4.4,235.0,24.2,933.5,0.10986132943388932,100
2024-08-12 09:00:00+05:30,10.1,268.0,26.2,934.1,49.70357076870011,100
2024-08-12 10:00:00+05:30,10.3,282.0,27.4,934.0,53.60047744837618,100
2024-08-12 11:00:00+05:30,13.1,278.0,28.5,933.6,100.0,100
2024-08-12 12:00:00+05:30,12.6,283.0,29.2,933.2,100.0,100
2024-08-12 13:00:00+05:30,13.7,293.0,29.0,932.6,100.0,100
2024-08-12 14:00:00+05:30,13.7,284.0,27.6,931.7,100.0,100
2024-08-12 15:00:00+05:30,15.5,282.0,28.3,931.3,100.0,100
2024-08-12 16:00:00+05:30,14.8,283.0,27.2,930.8,99.34372820409979,100
2024-08-12 17:00:00+05:30,14.1,285.0,26.3,930.5,100.0,100
2024-08-12 18:00:00+05:30,11.4,283.0,25.5,931.2,74.52695507530046,100
2024-08-12 19:00:00+05:30,8.4,277.0,24.4,931.3,21.54256558398685,100
2024-08-12 20:00:00+05:30,6.8,302.0,23.8,931.9,5.815506575178707,100
2024-08-12 21:00:00+05:30,6.1,310.0,23.2,932.6,4.737812113616458,100
2024-08-12 22:00:00+05:30,4.6,288.0,23.1,933.4,1.0767121736307599,100
2024-08-12 23:00:00+05:30,3.3,276.0,22.8,933.3,0.150868122206903,100
2024-08-13 00:00:00+05:30,2.3,288.0,22.3,933.0,0.0,100
2024-08-13 01:00:00+05:30,3.2,333.0,22.4,932.8,0.8878128347609786,100
2024-08-13 02:00:00+05:30,2.3,342.0,22.2,932.4,0.0,100
2024-08-13 03:00:00+05:30,1.6,297.0,22.1,932.2,2.870584429955618,100
2024-08-13 04:00:00+05:30,2.2,261.0,21.8,931.9,0.2601085992704704,100
2024-08-13 05:00:00+05:30,1.9,248.0,21.5,932.4,0.4163499546357428,100
2024-08-13 06:00:00+05:30,1.5,315.0,22.0,932.8,0.0,100
2024-08-13 07:00:00+05:30,1.6,333.0,23.0,933.6,0.0,100
2024-08-13 08:00:00+05:30,6.2,280.0,24.7,934.2,4.2292711918748305,100
2024-08-13 09:00:00+05:30,7.2,297.0,26.4,934.7,9.851115888139304,100
2024-08-13 10:00:00+05:30,8.1,302.0,28.3,934.8,17.352704578570062,100
2024-08-13 11:00:00+05:30,8.0,297.0,29.8,934.2,16.055837828995596,100
2024-08-13 12:00:00+05:30,9.5,299.0,30.4,933.4,37.70495177194869,100
2024-08-13 13:00:00+05:30,10.3,299.0,30.5,932.5,51.24788177553807,100
2024-08-13 14:00:00+05:30,10.8,291.0,30.1,931.6,66.14640987140247,100
2024-08-13 15:00:00+05:30,12.2,284.0,29.9,931.1,97.72710421446898,100
2024-08-13 16:00:00+05:30,13.8,276.0,29.1,930.7,100.0,100
2024-08-13 17:00:00+05:30,13.7,270.0,28.4,930.4,98.50025653848384,100
2024-08-13 18:00:00+05:30,6.4,308.0,27.1,930.9,6.465849656271297,100
2024-08-13 19:00:00+05:30,8.0,297.0,25.6,931.5,15.6790652506386,100
2024-08-13 20:00:00+05:30,7.4,284.0,24.7,932.5,11.986978700110651,100
2024-08-13 21:00:00+05:30,5.6,297.0,23.9,933.1,2.3159034344618794,100
2024-08-13 22:00:00+05:30,7.7,307.0,23.4,933.3,15.319765724405933,100
2024-08-13 23:00:00+05:30,7.9,309.0,23.0,933.2,17.44176166322184,100
2024-08-14 00:00:00+05:30,6.9,317.0,22.7,932.7,7.0015216529597675,100
2024-08-14 01:00:00+05:30,5.8,330.0,22.5,932.2,2.806231359301621,100
2024-08-14 02:00:00+05:30,4.8,318.0,21.7,931.6,0.0,100
2024-08-14 03:00:00+05:30,2.9,277.0,22.1,931.7,0.0,100
2024-08-14 04:00:00+05:30,3.4,288.0,21.2,931.6,0.051249788517835584,100
2024-08-14 05:00:00+05:30,5.7,305.0,20.4,931.6,3.5987282988591542,100
2024-08-14 06:00:00+05:30,4.4,325.0,22.0,932.2,0.621860025439151,100
2024-08-14 07:00:00+05:30,5.9,317.0,23.0,932.9,4.048889591416165,100
2024-08-14 08:00:00+05:30,4.6,315.0,24.6,933.9,1.9849824025385594,100
2024-08-14 09:00:00+05:30,2.7,337.0,26.3,934.5,1.1259013811085916,100
2024-08-14 10:00:00+05:30,2.8,310.0,28.1,934.7,0.0,100
2024-08-14 11:00:00+05:30,2.5,270.0,29.0,934.0,0.0,100
2024-08-14 12:00:00+05:30,4.6,252.0,30.1,933.3,0.0,100
2024-08-14 13:00:00+05:30,5.9,256.0,30.7,932.1,2.7860561087762568,100
2024-08-14 14:00:00+05:30,8.6,272.0,30.5,931.2,22.446501023831278,100
2024-08-14 15:00:00+05:30,11.9,275.0,29.3,930.6,96.91253906233193,100
2024-08-14 16:00:00+05:30,11.3,277.0,29.3,930.6,77.74854800095602,100
2024-08-14 17:00:00+05:30,12.0,286.0,28.4,930.8,100.0,100
2024-08-14 18:00:00+05:30,14.1,274.0,27.1,930.8,99.90362663783272,100
2024-08-14 19:00:00+05:30,10.5,297.0,25.4,931.4,57.12265697435377,100
2024-08-14 20:00:00+05:30,7.6,315.0,24.8,932.2,13.279203644178022,100
2024-08-14 21:00:00+05:30,7.2,297.0,24.6,932.7,9.780239917001907,100
2024-08-14 22:00:00+05:30,5.8,300.0,24.0,933.0,4.571546852330986,100
2024-08-14 23:00:00+05:30,5.6,315.0,23.7,933.0,1.3536862699634962,100
2024-08-15 00:00:00+05:30,4.6,315.0,23.2,932.4,0.0,100
2024-08-15 01:00:00+05:30,4.7,274.0,22.8,931.8,0.04255202198034147,100
2024-08-15 02:00:00+05:30,3.1,291.0,22.6,931.3,0.5522021915738853,100
2024-08-15 03:00:00+05:30,4.4,351.0,22.4,931.2,0.0,100
2024-08-15 04:00:00+05:30,3.9,326.0,22.3,930.9,1.564003265230915,100
2024-08-15 05:00:00+05:30,2.6,344.0,22.1,930.9,0.3657480366332469,100
2024-08-15 06:00:00+05:30,3.4,288.0,22.6,931.8,0.7231927334584328,100
2024-08-15 07:00:00+05:30,1.5,346.0,23.6,932.3,0.0,100
2024-08-15 08:00:00+05:30,0.4,360.0,24.8,933.0,0.0,100
2024-08-15 09:00:00+05:30,0.5,315.0,26.3,933.6,0.0,100
2024-08-15 10:00:00+05:30,0.7,90.0,27.4,933.7,1.2684322298054889,100
2024-08-15 11:00:00+05:30,1.8,101.0,28.7,933.1,0.0,100
2024-08-15 12:00:00+05:30,2.6,344.0,28.7,932.1,0.0,100
2024-08-15 13:00:00+05:30,7.3,213.0,28.7,931.9,11.077040376207174,100
2024-08-15 14:00:00+05:30,2.1,121.0,26.1,931.0,0.534080344701397,100
2024-08-15 15:00:00+05:30,1.1,360.0,28.1,930.4,0.3549839832511165,100
2024-08-15 16:00:00+05:30,7.4,256.0,28.9,930.0,10.647686307387515,100
2024-08-15 17:00:00+05:30,10.5,266.0,28.4,930.1,56.968453867855615,100
2024-08-15 18:00:00+05:30,6.8,270.0,27.2,930.7,7.010593478307033,100
2024-08-15 19:00:00+05:30,5.9,256.0,25.9,931.3,2.5887076208053155,100
2024-08-15 20:00:00+05:30,3.3,257.0,25.0,931.5,0.8955187043578866,100
2024-08-15 21:00:00+05:30,4.0,270.0,24.5,931.7,2.534261568495246,100
2024-08-15 22:00:00+05:30,3.1,315.0,24.1,931.7,0.0,100
2024-08-15 23:00:00+05:30,4.7,302.0,23.6,931.4,1.6120941109473095,100
2024-08-16 00:00:00+05:30,4.2,301.0,23.0,930.9,2.527400743671213,100
2024-08-16 01:00:00+05:30,4.4,325.0,22.7,930.3,0.4706689880977655,100
2024-08-16 02:00:00+05:30,5.4,318.0,22.3,930.0,1.7024886405966055,100
2024-08-16 03:00:00+05:30,5.2,304.0,22.2,929.8,0.7822750371137843,100
2024-08-16 04:00:00+05:30,2.6,326.0,22.1,930.0,0.6239531387084527,100
2024-08-16 05:00:00+05:30,2.7,337.0,22.0,930.1,2.6173867089858773,100
2024-08-16 06:00:00+05:30,1.8,259.0,22.9,930.2,1.0546765806511251,100
2024-08-16 07:00:00+05:30,1.3,326.0,23.8,931.1,0.30629403293011026,100
2024-08-16 08:00:00+05:30,2.5,315.0,25.4,931.7,0.09984527167517704,100
2024-08-16 09:00:00+05:30,1.8,349.0,27.2,932.2,0.32939433827430015,100
2024-08-16 10:00:00+05:30,3.2,297.0,28.8,932.4,1.396347670317304,100
2024-08-16 11:00:00+05:30,5.4,278.0,29.5,932.2,1.412816125254959,100
2024-08-16 12:00:00+05:30,6.3,257.0,30.4,931.7,3.8829325713064176,100
2024-08-16 13:00:00+05:30,6.5,267.0,31.0,930.5,6.399393851386369,100
2024-08-16 14:00:00+05:30,9.0,275.0,30.8,929.6,31.581665572447474,100
2024-08-16 15:00:00+05:30,13.8,277.0,28.6,928.9,99.99572089142254,100
2024-08-16 16:00:00+05:30,13.4,276.0,27.1,929.0,100.0,100
2024-08-16 17:00:00+05:30,11.4,288.0,26.9,929.3,82.29012747604874,100
2024-08-16 18:00:00+05:30,9.0,272.0,26.5,929.7,29.85138306684337,100
2024-08-16 19:00:00+05:30,7.2,267.0,25.4,930.4,9.861075111111,100
2024-08-16 20:00:00+05:30,5.6,285.0,24.7,931.1,3.7960651102429814,100
2024-08-16 21:00:00+05:30,5.1,309.0,24.1,931.5,2.185643774052186,100
2024-08-16 22:00:00+05:30,3.7,331.0,23.6,932.2,0.6871515204374042,100
2024-08-16 23:00:00+05:30,4.3,318.0,23.5,932.1,0.3638473134839282,100
2024-08-17 00:00:00+05:30,3.6,315.0,23.3,931.7,0.6544266308697914,100
2024-08-17 01:00:00+05:30,3.9,292.0,23.3,931.3,0.0,100
2024-08-17 02:00:00+05:30,2.4,333.0,23.2,930.9,0.7372896428199366,100
2024-08-17 03:00:00+05:30,2.6,344.0,23.2,930.6,0.0,100
2024-08-17 04:00:00+05:30,3.1,21.0,22.6,930.8,0.5296204458410231,100
2024-08-17 05:00:00+05:30,4.2,340.0,22.2,930.9,0.38122439165534683,100
2024-08-17 06:00:00+05:30,4.3,360.0,23.1,931.7,0.7692244715845902,100
2024-08-17 07:00:00+05:30,4.5,14.0,23.3,932.1,0.9759809584110154,100
2024-08-17 08:00:00+05:30,3.2,333.0,23.6,932.5,0.0,100
2024-08-17 09:00:00+05:30,0.7,360.0,24.2,933.1,0.030819886072055828,100
2024-08-17 10:00:00+05:30,2.9,360.0,24.5,933.5,0.0,100
2024-08-17 11:00:00+05:30,5.8,4.0,24.9,933.5,3.438073019981684,100
2024-08-17 12:00:00+05:30,5.1,356.0,25.5,932.8,2.299952796153746,100
2024-08-17 13:00:00+05:30,4.6,342.0,25.8,931.8,0.34582349741717533,100
2024-08-17 14:00:00+05:30,3.6,323.0,26.4,931.4,0.0,100
2024-08-17 15:00:00+05:30,5.4,323.0,27.3,930.8,0.0,100
2024-08-17 16:00:00+05:30,8.1,328.0,27.7,930.2,18.48041320492984,100
2024-08-17 17:00:00+05:30,7.0,325.0,27.5,930.6,8.776202831156958,100
2024-08-17 18:00:00+05:30,3.1,315.0,25.7,930.9,0.0,100
2024-08-17 19:00:00+05:30,6.0,335.0,24.8,931.3,4.822434342216392,100
2024-08-17 20:00:00+05:30,1.1,162.0,23.9,932.2,0.0,100
2024-08-17 21:00:00+05:30,1.3,326.0,23.9,933.1,1.0027135992695302,100
2024-08-17 22:00:00+05:30,1.0,45.0,23.9,933.5,0.026979246825079826,100
2024-08-17 23:00:00+05:30,1.6,27.0,23.8,933.3,0.0,100
2024-08-18 00:00:00+05:30,1.6,297.0,23.5,933.1,1.5481967478317011,100
2024-08-18 01:00:00+05:30,1.8,233.0,23.4,932.7,0.9213181063051056,100
2024-08-18 02:00:00+05:30,2.3,39.0,23.1,931.8,1.1606940173516913,100
2024-08-18 03:00:00+05:30,1.6,27.0,22.9,931.4,0.3708788805340027,100
2024-08-18 04:00:00+05:30,1.5,256.0,23.1,931.5,0.0,100
2024-08-18 05:00:00+05:30,2.3,252.0,22.8,931.5,0.0,100
2024-08-18 06:00:00+05:30,3.7,299.0,22.6,931.7,0.9358003549806011,100
2024-08-18 07:00:00+05:30,3.9,338.0,23.8,932.5,1.2130835456135132,100
2024-08-18 08:00:00+05:30,6.0,25.0,25.0,933.0,4.29123214219562,100
2024-08-18 09:00:00+05:30,6.1,50.0,26.4,933.6,4.877229733262154,100
2024-08-18 10:00:00+05:30,5.7,55.0,27.3,933.9,3.4581787273671987,100
2024-08-18 11:00:00+05:30,5.9,52.0,28.7,933.7,2.8134562156814895,100
2024-08-18 12:00:00+05:30,5.0,60.0,29.2,933.3,2.289648884064863,100
2024-08-18 13:00:00+05:30,4.3,90.0,29.9,932.5,1.9108957623175669,100
2024-08-18 14:00:00+05:30,7.0,125.0,30.3,931.5,8.560640340119619,100
2024-08-18 15:00:00+05:30,5.2,304.0,25.7,931.7,1.8313731505822903,100
2024-08-18 16:00:00+05:30,6.6,319.0,25.6,931.1,6.678142721989289,100
2024-08-18 17:00:00+05:30,7.4,313.0,25.7,930.7,12.216917202103456,100
2024-08-18 18:00:00+05:30,2.1,59.0,25.8,931.1,0.9602349388389696,100
2024-08-18 19:00:00+05:30,2.9,60.0,24.7,931.8,0.0,100
2024-08-18 20:00:00+05:30,5.7,55.0,23.9,932.4,1.7337255198565715,100
2024-08-18 21:00:00+05:30,5.7,35.0,23.7,933.1,3.259162748762543,100
2024-08-18 22:00:00+05:30,2.7,293.0,23.9,933.6,0.5204077768391466,100
2024-08-18 23:00:00+05:30,1.4,270.0,24.1,933.5,0.8322361246798885,100
2024-08-19 00:00:00+05:30,0.7,270.0,24.4,933.1,0.13089255822337767,100
2024-08-19 01:00:00+05:30,4.6,45.0,22.8,932.6,0.0,100
2024-08-19 02:00:00+05:30,4.9,36.0,23.1,931.9,2.345262412658933,100
2024-08-19 03:00:00+05:30,1.6,333.0,22.9,931.8,0.0,100
2024-08-19 04:00:00+05:30,2.5,262.0,22.4,931.2,2.5094079437173753,100
2024-08-19 05:00:00+05:30,2.3,321.0,22.3,931.2,0.16599415390590205,100
2024-08-19 06:00:00+05:30,1.4,270.0,23.0,931.8,0.0,100
2024-08-19 07:00:00+05:30,2.3,51.0,24.0,932.4,0.0,100
2024-08-19 08:00:00+05:30,3.2,63.0,25.2,933.1,0.6353998158781456,100
2024-08-19 09:00:00+05:30,0.5,45.0,26.1,933.1,0.568321320309601,100
2024-08-19 10:00:00+05:30,0.8,207.0,27.7,933.6,0.05992518345296575,100
2024-08-19 11:00:00+05:30,0.8,117.0,29.3,933.4,0.0,100
2024-08-19 12:00:00+05:30,1.8,217.0,30.1,932.7,0.0,100
2024-08-19 13:00:00+05:30,1.8,53.0,31.0,931.6,0.0,100
2024-08-19 14:00:00+05:30,6.8,245.0,29.1,930.2,6.181132391227624,100
2024-08-19 15:00:00+05:30,9.7,292.0,26.7,929.9,43.467492820311406,100
2024-08-19 16:00:00+05:30,6.8,115.0,25.9,929.2,8.437778135515163,100
2024-08-19 17:00:00+05:30,1.6,117.0,25.9,929.8,0.0,100
2024-08-19 18:00:00+05:30,3.3,354.0,24.7,930.6,0.0,100
2024-08-19 19:00:00+05:30,1.8,90.0,23.9,931.3,0.0,100
2024-08-19 20:00:00+05:30,4.7,171.0,23.6,932.4,2.8905614943991766,100
2024-08-19 21:00:00+05:30,1.6,333.0,23.6,932.8,0.5464488405804411,100
2024-08-19 22:00:00+05:30,1.8,37.0,23.5,933.2,0.6584707335619233,100
2024-08-19 23:00:00+05:30,1.4,180.0,23.6,933.0,0.2046332445978378,100
2024-08-20 00:00:00+05:30,2.0,225.0,23.4,932.3,0.0,100
2024-08-20 01:00:00+05:30,1.6,63.0,23.4,931.3,0.0,100
2024-08-20 02:00:00+05:30,2.3,219.0,23.2,930.4,0.9440165562800311,100
2024-08-20 03:00:00+05:30,1.3,304.0,23.1,929.9,0.04570139259036666,100
2024-08-20 04:00:00+05:30,1.8,349.0,23.0,929.8,0.0,100
2024-08-20 05:00:00+05:30,3.2,270.0,22.7,929.9,0.0,100
2024-08-20 06:00:00+05:30,2.9,360.0,22.9,930.4,0.6627434610962784,100
2024-08-20 07:00:00+05:30,3.3,41.0,23.4,931.2,0.0,100
2024-08-20 08:00:00+05:30,2.5,352.0,24.9,932.1,0.0,100
2024-08-20 09:00:00+05:30,1.8,90.0,26.3,932.6,0.5053685007937132,100
2024-08-20 10:00:00+05:30,2.3,108.0,27.4,932.8,0.3646249097688321,100
2024-08-20 11:00:00+05:30,1.8,143.0,28.4,932.8,0.0,100
2024-08-20 12:00:00+05:30,2.4,63.0,29.4,931.9,1.0500710341371264,100
2024-08-20 13:00:00+05:30,2.3,39.0,30.7,931.3,1.03748794494616,100
2024-08-20 14:00:00+05:30,4.6,18.0,30.9,930.2,0.977841447106091,100
2024-08-20 15:00:00+05:30,15.0,336.0,26.1,929.8,97.3297459825513,100
2024-08-20 16:00:00+05:30,9.1,288.0,26.4,929.5,31.854302118497962,100
2024-08-20 17:00:00+05:30,8.3,288.0,27.2,929.6,19.112909895181055,100
2024-08-20 18:00:00+05:30,2.6,326.0,25.9,930.4,0.07407148010903296,100
2024-08-20 19:00:00+05:30,2.7,293.0,25.9,930.9,0.0,100
2024-08-20 20:00:00+05:30,4.4,325.0,24.1,931.5,0.0,100
2024-08-20 21:00:00+05:30,3.8,311.0,23.6,932.8,0.0,100
2024-08-20 22:00:00+05:30,5.1,45.0,23.4,933.7,1.624095295714027,100
2024-08-20 23:00:00+05:30,3.4,122.0,23.2,933.8,0.29146180644372355,100
2024-08-21 00:00:00+05:30,0.8,153.0,23.0,933.0,0.0,100
2024-08-21 01:00:00+05:30,1.6,243.0,22.9,932.4,0.5999449596736262,100
2024-08-21 02:00:00+05:30,1.5,284.0,22.8,931.7,0.0,100
2024-08-21 03:00:00+05:30,3.2,297.0,22.2,931.0,0.0,100
2024-08-21 04:00:00+05:30,3.3,311.0,22.1,930.9,0.3544920308195299,100
2024-08-21 05:00:00+05:30,3.8,287.0,21.9,931.1,0.011407600891439822,100
2024-08-21 06:00:00+05:30,1.1,252.0,22.8,931.3,0.0,100
2024-08-21 07:00:00+05:30,0.8,297.0,23.6,932.1,0.783403288348364,100
2024-08-21 08:00:00+05:30,4.1,105.0,24.9,932.6,0.0,100
2024-08-21 09:00:00+05:30,4.3,138.0,26.1,933.1,0.9689731186020003,100
2024-08-21 10:00:00+05:30,5.6,153.0,27.3,933.0,2.1335548415154832,100
2024-08-21 11:00:00+05:30,7.4,151.0,29.0,932.7,11.70901782631695,100
2024-08-21 12:00:00+05:30,9.6,146.0,29.8,932.5,38.51595967061707,100
2024-08-21 13:00:00+05:30,8.7,156.0,30.8,931.4,26.727265799665595,100
2024-08-21 14:00:00+05:30,8.4,149.0,30.4,929.9,22.694873716345327,100
2024-08-21 15:00:00+05:30,13.3,131.0,25.7,929.8,100.0,100
2024-08-21 16:00:00+05:30,2.9,270.0,27.0,929.6,2.2659820629554925,100
2024-08-21 17:00:00+05:30,5.5,169.0,25.9,929.8,3.2797646802396336,100
2024-08-21 18:00:00+05:30,1.1,90.0,25.6,930.3,0.0,100
2024-08-21 19:00:00+05:30,3.8,17.0,24.3,930.4,0.8885217772497165,100
2024-08-21 20:00:00+05:30,3.6,360.0,24.0,931.5,0.0,100
2024-08-21 21:00:00+05:30,3.2,180.0,23.5,932.0,0.0,100
2024-08-21 22:00:00+05:30,4.5,194.0,23.1,932.6,0.5131907261609143,100
2024-08-21 23:00:00+05:30,0.5,45.0,23.6,932.8,0.6336626514361006,100
2024-08-22 00:00:00+05:30,5.6,135.0,22.8,932.7,1.0149194225310685,100
2024-08-22 01:00:00+05:30,2.0,135.0,22.7,932.1,0.0,100
2024-08-22 02:00:00+05:30,3.9,124.0,22.5,931.4,0.8784525909799636,100
2024-08-22 03:00:00+05:30,1.8,37.0,22.5,930.8,1.1891019113333756,100
2024-08-22 04:00:00+05:30,1.3,34.0,22.3,930.3,0.997153577159652,100
2024-08-22 05:00:00+05:30,2.8,140.0,22.2,930.2,0.0,100
2024-08-22 06:00:00+05:30,2.6,164.0,22.6,930.7,0.0,100
2024-08-22 07:00:00+05:30,3.7,151.0,23.1,931.3,0.0,100
2024-08-22 08:00:00+05:30,6.0,155.0,23.9,932.3,3.155193154510338,100
2024-08-22 09:00:00+05:30,8.8,161.0,25.1,932.6,27.264788804871028,100
2024-08-22 10:00:00+05:30,9.6,160.0,26.0,932.8,41.44444457771705,100
2024-08-22 11:00:00+05:30,9.4,157.0,26.4,932.5,34.338220021705126,100
2024-08-22 12:00:00+05:30,8.6,147.0,27.8,932.0,24.32259438545289,100
2024-08-22 13:00:00+05:30,8.4,140.0,27.2,931.1,22.83607066252315,100
2024-08-22 14:00:00+05:30,6.9,152.0,28.5,930.0,7.316144413265507,100
2024-08-22 15:00:00+05:30,9.2,159.0,29.5,929.2,32.20023984852661,100
2024-08-22 16:00:00+05:30,10.9,163.0,29.2,928.8,67.69544740810007,100
2024-08-22 17:00:00+05:30,8.1,193.0,28.0,929.1,18.196604373284522,100
2024-08-22 18:00:00+05:30,14.0,168.0,25.8,930.2,100.0,100
2024-08-22 19:00:00+05:30,11.7,171.0,24.9,930.9,93.76960652050593,100
2024-08-22 20:00:00+05:30,9.5,171.0,24.6,931.8,37.65390800241853,100
2024-08-22 21:00:00+05:30,9.3,164.0,24.1,933.0,33.9230862764999,100
2024-08-22 22:00:00+05:30,11.1,167.0,23.4,932.6,72.37724657423298,100
2024-08-22 23:00:00+05:30,6.8,162.0,23.4,933.1,6.807155277773644,100
2024-08-23 00:00:00+05:30,7.4,157.0,23.5,932.6,10.458914905605228,100
2024-08-23 01:00:00+05:30,9.1,146.0,23.3,932.5,32.32264156159667,100
2024-08-23 02:00:00+05:30,13.0,161.0,23.0,931.6,100.0,100
2024-08-23 03:00:00+05:30,7.6,161.0,23.1,931.5,12.91211972758219,100
2024-08-23 04:00:00+05:30,10.2,170.0,23.2,931.0,49.633606011164794,100
2024-08-23 05:00:00+05:30,9.7,178.0,23.2,931.0,39.50500471996291,100
2024-08-23 06:00:00+05:30,7.2,143.0,22.6,931.5,10.119347195760593,100
2024-08-23 07:00:00+05:30,6.4,133.0,23.0,932.4,5.331200442355953,100
2024-08-23 08:00:00+05:30,6.4,153.0,23.3,933.0,5.48765126182677,100
2024-08-23 09:00:00+05:30,8.7,173.0,24.2,933.5,24.562897447095676,100
2024-08-23 10:00:00+05:30,12.6,200.0,25.4,933.7,97.75509093270432,100
2024-08-23 11:00:00+05:30,13.9,217.0,26.7,933.8,97.36842277022699,100
2024-08-23 12:00:00+05:30,17.3,227.0,28.3,933.2,100.0,100
2024-08-23 13:00:00+05:30,13.6,233.0,28.0,932.1,98.85066317505947,100
2024-08-23 14:00:00+05:30,17.9,232.0,28.9,931.5,100.0,100
2024-08-23 15:00:00+05:30,15.0,228.0,28.0,931.0,99.79304356008983,100
2024-08-23 16:00:00+05:30,15.3,229.0,26.8,930.6,97.76266288096295,100
2024-08-23 17:00:00+05:30,11.8,220.0,26.0,930.8,94.83649816529869,100
2024-08-23 18:00:00+05:30,8.9,207.0,25.4,931.1,26.931267623620517,100
2024-08-23 19:00:00+05:30,6.2,187.0,24.6,931.6,4.2881709431085575,100
2024-08-23 20:00:00+05:30,6.6,171.0,24.4,932.2,7.477600377998792,100
2024-08-23 21:00:00+05:30,4.8,167.0,24.1,932.7,0.0,100
2024-08-23 22:00:00+05:30,6.9,152.0,23.9,932.8,8.144322807777012,100
2024-08-23 23:00:00+05:30,5.8,158.0,23.7,933.0,2.379521050002905,100
2024-08-24 00:00:00+05:30,5.0,150.0,23.7,932.2,0.4257382137902578,100
2024-08-24 01:00:00+05:30,4.6,141.0,23.4,931.6,0.9486814839801614,100
2024-08-24 02:00:00+05:30,7.6,149.0,23.3,930.8,15.009599717174314,100
2024-08-24 03:00:00+05:30,7.8,146.0,23.1,930.6,14.11517898684442,100
2024-08-24 04:00:00+05:30,5.6,140.0,22.4,930.4,3.294708739351177,100
2024-08-24 05:00:00+05:30,4.7,113.0,22.3,930.7,0.24383970578271025,100
2024-08-24 06:00:00+05:30,5.1,176.0,22.2,931.8,0.8774611817534512,100
2024-08-24 07:00:00+05:30,4.7,113.0,22.6,932.5,0.496355438755678,100
2024-08-24 08:00:00+05:30,1.9,158.0,23.6,933.2,0.0,100
2024-08-24 09:00:00+05:30,5.4,228.0,24.6,933.8,0.742185103363137,100
2024-08-24 10:00:00+05:30,5.0,270.0,25.3,933.9,0.9747874213593422,100
2024-08-24 11:00:00+05:30,7.2,276.0,23.9,933.3,11.545817200271875,100
2024-08-24 12:00:00+05:30,7.7,259.0,23.9,932.9,13.834290975086553,100
2024-08-24 13:00:00+05:30,9.8,264.0,23.7,932.5,45.15427982805133,100
2024-08-24 14:00:00+05:30,7.3,237.0,23.8,931.8,9.777930653534344,100
2024-08-24 15:00:00+05:30,10.7,256.0,23.8,931.2,63.20581375927719,100
2024-08-24 16:00:00+05:30,14.4,270.0,23.6,930.9,100.0,100
2024-08-24 17:00:00+05:30,13.3,289.0,23.3,930.9,97.80385549420835,100
2024-08-24 18:00:00+05:30,4.6,252.0,22.7,931.9,0.9376374171784675,100
2024-08-24 19:00:00+05:30,2.2,189.0,22.7,932.3,0.13551123749574476,100
2024-08-24 20:00:00+05:30,2.9,150.0,22.4,932.6,0.0,100
2024-08-24 21:00:00+05:30,2.9,173.0,22.9,933.3,0.0,100
2024-08-24 22:00:00+05:30,6.9,261.0,22.7,933.5,9.292830298885807,100
2024-08-24 23:00:00+05:30,12.1,258.0,22.8,933.2,100.0,100
2024-08-25 00:00:00+05:30,10.1,253.0,22.7,932.6,48.770830029027856,100
2024-08-25 01:00:00+05:30,9.4,252.0,22.8,932.2,36.33468604118904,100
2024-08-25 02:00:00+05:30,5.4,228.0,22.5,931.5,3.7451068954006073,100
2024-08-25 03:00:00+05:30,7.9,231.0,22.6,931.0,14.660848894194316,100
2024-08-25 04:00:00+05:30,8.0,234.0,22.7,930.7,16.140694384816197,100
2024-08-25 05:00:00+05:30,10.8,244.0,22.7,930.8,66.61419367598272,100
2024-08-25 06:00:00+05:30,10.8,244.0,22.6,931.6,65.53040810823572,100
2024-08-25 07:00:00+05:30,12.3,249.0,22.8,931.9,99.08154067691994,100
2024-08-25 08:00:00+05:30,13.5,254.0,23.4,932.3,100.0,100
2024-08-25 09:00:00+05:30,12.2,251.0,23.3,932.5,100.0,100
2024-08-25 10:00:00+05:30,13.5,254.0,23.9,932.6,100.0,100
2024-08-25 11:00:00+05:30,13.2,248.0,24.4,932.5,100.0,100
2024-08-25 12:00:00+05:30,20.3,245.0,25.7,932.3,100.0,100
2024-08-25 13:00:00+05:30,15.3,246.0,24.3,931.4,98.66323014526564,100
2024-08-25 14:00:00+05:30,15.5,258.0,24.5,931.1,100.0,100
2024-08-25 15:00:00+05:30,12.0,261.0,23.9,930.7,100.0,100
2024-08-25 16:00:00+05:30,16.1,254.0,23.4,930.4,100.0,100
2024-08-25 17:00:00+05:30,13.1,261.0,23.1,930.3,99.21399147189656,100
2024-08-25 18:00:00+05:30,16.1,260.0,23.0,930.1,99.37781280175923,100
2024-08-25 19:00:00+05:30,14.5,247.0,22.8,930.2,99.35634562383585,100
2024-08-25 20:00:00+05:30,11.1,257.0,22.5,930.7,72.37704792118421,100
2024-08-25 21:00:00+05:30,8.2,247.0,22.0,931.3,19.336224781664388,100
2024-08-25 22:00:00+05:30,7.0,235.0,22.2,931.5,8.201044398676158,100
2024-08-25 23:00:00+05:30,4.9,216.0,21.8,931.0,0.0,100
2024-08-26 00:00:00+05:30,3.8,221.0,21.7,930.2,1.0896320800079204,100
2024-08-26 01:00:00+05:30,5.6,243.0,21.7,929.9,1.046244904705931,100
2024-08-26 02:00:00+05:30,7.1,225.0,21.8,929.4,8.34681890406588,100
2024-08-26 03:00:00+05:30,5.1,219.0,21.4,928.9,0.4264603743651234,100
2024-08-26 04:00:00+05:30,5.3,242.0,21.5,929.1,1.1396007269646966,100
2024-08-26 05:00:00+05:30,3.3,229.0,21.4,929.3,1.4460199634573954,100
2024-08-26 06:00:00+05:30,8.5,192.0,21.8,929.5,21.185017947792694,100
2024-08-26 07:00:00+05:30,10.5,239.0,22.9,930.2,58.704217824378716,100
2024-08-26 08:00:00+05:30,10.2,228.0,23.7,931.0,54.246945160196454,100
2024-08-26 09:00:00+05:30,15.1,245.0,24.9,931.8,98.79696786444899,100
2024-08-26 10:00:00+05:30,15.1,242.0,25.7,932.0,98.48404974553463,100
2024-08-26 11:00:00+05:30,19.6,244.0,25.9,931.5,100.0,100
2024-08-26 12:00:00+05:30,22.6,253.0,26.0,931.6,100.0,100
2024-08-26 13:00:00+05:30,20.3,253.0,25.8,930.9,100.0,100
2024-08-26 14:00:00+05:30,22.9,244.0,26.5,930.1,97.26927815391353,100
2024-08-26 15:00:00+05:30,20.3,253.0,25.9,930.0,99.79995943695799,100
2024-08-26 16:00:00+05:30,14.7,242.0,24.4,929.6,100.0,100
2024-08-26 17:00:00+05:30,9.7,243.0,23.9,929.5,41.46093434191338,100
2024-08-26 18:00:00+05:30,12.0,249.0,23.2,929.8,100.0,100
2024-08-26 19:00:00+05:30,9.4,252.0,22.8,930.6,35.0832423847962,100
2024-08-26 20:00:00+05:30,6.1,230.0,22.4,930.9,4.030812692315411,100
2024-08-26 21:00:00+05:30,5.3,208.0,22.6,931.8,0.5139037693946791,100
2024-08-26 22:00:00+05:30,9.2,228.0,22.3,932.0,32.828367020721146,100
2024-08-26 23:00:00+05:30,6.2,201.0,22.1,931.6,5.6584705079799456,100
2024-08-27 00:00:00+05:30,5.7,198.0,22.2,930.9,3.978419921846198,100
2024-08-27 01:00:00+05:30,7.4,227.0,22.3,930.5,11.550610320076006,100
2024-08-27 02:00:00+05:30,10.5,221.0,22.2,930.0,56.98169032912842,100
2024-08-27 03:00:00+05:30,7.1,204.0,22.3,929.7,9.325450468501451,100
2024-08-27 04:00:00+05:30,9.7,207.0,22.3,929.8,41.47274418341981,100
2024-08-27 05:00:00+05:30,9.4,220.0,22.1,930.1,35.44367409881433,100
2024-08-27 06:00:00+05:30,6.0,213.0,22.7,930.0,4.475332546701056,100
2024-08-27 07:00:00+05:30,10.4,214.0,23.1,930.9,55.9065983609073,100
2024-08-27 08:00:00+05:30,17.5,233.0,24.1,931.6,100.0,100
2024-08-27 09:00:00+05:30,16.8,235.0,25.2,932.6,97.75129476503497,100
2024-08-27 10:00:00+05:30,20.0,244.0,26.1,933.2,100.0,100
2024-08-27 11:00:00+05:30,20.5,239.0,26.1,932.7,99.08524793088475,100
2024-08-27 12:00:00+05:30,17.3,234.0,25.6,932.5,100.0,100
2024-08-27 13:00:00+05:30,19.3,233.0,26.1,931.9,100.0,100
2024-08-27 14:00:00+05:30,20.5,236.0,25.8,931.3,100.0,100
2024-08-27 15:00:00+05:30,20.7,239.0,26.1,931.0,100.0,100
2024-08-27 16:00:00+05:30,20.1,237.0,25.1,930.9,100.0,100
2024-08-27 17:00:00+05:30,10.2,222.0,24.3,931.1,50.365241310895826,100
2024-08-27 18:00:00+05:30,8.7,210.0,23.7,931.9,23.60525520248658,100
2024-08-27 19:00:00+05:30,6.8,205.0,23.1,932.6,7.305192087861059,100
2024-08-27 20:00:00+05:30,7.6,188.0,22.8,933.0,13.199496370783924,100
2024-08-27 21:00:00+05:30,7.2,177.0,22.4,933.6,8.681785328407715,100
2024-08-27 22:00:00+05:30,7.9,164.0,22.4,933.9,15.369598576582964,100
2024-08-27 23:00:00+05:30,8.6,182.0,22.4,933.8,24.300781297926918,100
2024-08-28 00:00:00+05:30,10.0,193.0,22.4,933.4,47.10671305385181,100
2024-08-28 01:00:00+05:30,10.4,182.0,22.3,932.3,55.455684265712705,100
2024-08-28 02:00:00+05:30,9.4,198.0,22.3,931.8,34.76760436549413,100
2024-08-28 03:00:00+05:30,11.9,205.0,22.4,931.6,98.3133781269336,100
2024-08-28 04:00:00+05:30,10.3,205.0,22.3,931.3,52.148002209163906,100
2024-08-28 05:00:00+05:30,8.9,212.0,22.3,931.5,29.008987542096847,100
2024-08-28 06:00:00+05:30,12.5,221.0,22.7,931.5,98.92643442730692,100
2024-08-28 07:00:00+05:30,13.0,231.0,23.0,932.1,100.0,100
2024-08-28 08:00:00+05:30,17.9,240.0,23.8,933.0,100.0,100
2024-08-28 09:00:00+05:30,14.1,238.0,24.4,933.5,100.0,100
2024-08-28 10:00:00+05:30,19.7,249.0,25.9,933.8,97.57251154446725,100
2024-08-28 11:00:00+05:30,19.2,253.0,26.2,933.5,100.0,100
2024-08-28 12:00:00+05:30,22.6,253.0,26.7,933.0,97.31001704889933,100
2024-08-28 13:00:00+05:30,24.5,256.0,27.2,932.4,100.0,100
2024-08-28 14:00:00+05:30,23.1,256.0,26.8,931.7,100.0,100
2024-08-28 15:00:00+05:30,22.4,251.0,26.3,931.2,100.0,100
2024-08-28 16:00:00+05:30,17.2,254.0,25.1,930.8,100.0,100
2024-08-28 17:00:00+05:30,12.1,253.0,24.5,930.8,98.73014345689732,100
2024-08-28 18:00:00+05:30,6.3,246.0,23.9,931.8,4.580273371132348,100
2024-08-28 19:00:00+05:30,4.9,234.0,23.2,932.7,0.7200652241886096,100
2024-08-28 20:00:00+05:30,5.2,214.0,23.2,933.0,2.220847767636949,100
2024-08-28 21:00:00+05:30,6.3,239.0,23.2,933.4,3.351466461794282,100
2024-08-28 22:00:00+05:30,6.8,238.0,23.0,933.6,9.459955498318791,100
2024-08-28 23:00:00+05:30,5.9,232.0,23.0,933.4,3.046052049029856,100
2024-08-29 00:00:00+05:30,5.1,219.0,22.8,932.5,1.5711396441040144,100
2024-08-29 01:00:00+05:30,4.3,222.0,22.5,931.6,0.3418166517908974,100
2024-08-29 02:00:00+05:30,3.3,186.0,22.6,930.8,0.0,100
2024-08-29 03:00:00+05:30,3.6,174.0,22.6,930.5,0.0,100
2024-08-29 04:00:00+05:30,5.4,222.0,22.6,930.3,1.882493834080987,100
2024-08-29 05:00:00+05:30,5.9,227.0,22.4,930.5,1.9449160690495284,100
2024-08-29 06:00:00+05:30,5.4,217.0,23.0,931.1,1.45586119588847,100
2024-08-29 07:00:00+05:30,5.8,240.0,23.4,931.5,4.329659034115546,100
2024-08-29 08:00:00+05:30,8.7,253.0,24.1,932.5,26.59506669690336,100
2024-08-29 09:00:00+05:30,13.4,250.0,25.1,933.0,100.0,100
2024-08-29 10:00:00+05:30,17.6,255.0,26.4,933.2,99.61533913878547,100
2024-08-29 11:00:00+05:30,18.2,256.0,27.9,933.4,99.83469978008955,100
2024-08-29 12:00:00+05:30,17.7,257.0,27.9,932.5,98.35269632159118,100
2024-08-29 13:00:00+05:30,20.7,257.0,27.9,931.6,100.0,100
2024-08-29 14:00:00+05:30,19.1,259.0,27.7,931.0,100.0,100
2024-08-29 15:00:00+05:30,17.1,263.0,26.5,930.3,100.0,100
2024-08-29 16:00:00+05:30,15.1,258.0,26.1,929.7,100.0,100
2024-08-29 17:00:00+05:30,13.4,262.0,25.5,930.0,100.0,100
2024-08-29 18:00:00+05:30,7.0,249.0,24.5,930.8,8.12823619315827,100
2024-08-29 19:00:00+05:30,3.9,236.0,23.5,931.0,1.5429681036030252,100
2024-08-29 20:00:00+05:30,1.5,166.0,23.5,931.8,0.43045570062239197,100
2024-08-29 21:00:00+05:30,0.4,90.0,23.3,932.5,0.0,100
2024-08-29 22:00:00+05:30,1.5,104.0,23.0,932.6,0.0,100
2024-08-29 23:00:00+05:30,1.1,72.0,22.4,932.0,0.9454560233135949,100
2024-08-30 00:00:00+05:30,1.8,101.0,22.0,931.3,0.0,100
2024-08-30 01:00:00+05:30,3.3,77.0,22.0,930.7,0.0,100
2024-08-30 02:00:00+05:30,4.3,95.0,22.2,930.3,2.1453217219092,100
2024-08-30 03:00:00+05:30,3.7,79.0,22.4,930.3,0.5187705091707202,100
2024-08-30 04:00:00+05:30,4.0,117.0,22.4,930.3,0.0,100
2024-08-30 05:00:00+05:30,1.6,153.0,22.6,930.5,0.057195533861500066,100
2024-08-30 06:00:00+05:30,7.2,117.0,22.7,930.9,10.050481937555146,100
2024-08-30 07:00:00+05:30,6.5,124.0,23.1,931.8,5.256657946810566,100
2024-08-30 08:00:00+05:30,5.0,120.0,23.7,933.0,1.3749382265128627,100
2024-08-30 09:00:00+05:30,7.1,240.0,25.2,933.8,8.777591769218715,100
2024-08-30 10:00:00+05:30,11.0,251.0,26.3,934.0,68.34695553011508,100
2024-08-30 11:00:00+05:30,13.5,261.0,27.3,933.7,93.4508317864129,100
2024-08-30 12:00:00+05:30,17.3,258.0,27.9,933.3,100.0,100
2024-08-30 13:00:00+05:30,18.0,273.0,27.7,932.6,100.0,100
2024-08-30 14:00:00+05:30,18.7,269.0,27.2,931.6,98.91470123559263,100
2024-08-30 15:00:00+05:30,17.6,270.0,26.9,931.0,98.97572549683642,100
2024-08-30 16:00:00+05:30,14.0,269.0,26.2,930.8,96.40387713796885,100
2024-08-30 17:00:00+05:30,13.3,267.0,25.7,931.0,98.96382407793274,100
2024-08-30 18:00:00+05:30,8.3,268.0,24.8,931.6,21.547470102715764,100
2024-08-30 19:00:00+05:30,6.2,280.0,23.7,932.3,4.5862840127487425,100
2024-08-30 20:00:00+05:30,4.7,293.0,23.7,932.6,0.8738122887568238,100
2024-08-30 21:00:00+05:30,5.1,274.0,23.4,933.3,1.3885602481499844,100
2024-08-30 22:00:00+05:30,4.3,270.0,23.4,933.7,0.0,100
2024-08-30 23:00:00+05:30,0.8,27.0,23.6,934.1,0.0,100
2024-08-31 00:00:00+05:30,2.5,45.0,23.2,933.6,0.1628304981755711,100
2024-08-31 01:00:00+05:30,0.8,297.0,23.2,932.9,0.0,100
2024-08-31 02:00:00+05:30,1.8,143.0,23.1,932.3,0.26290298664277456,100
2024-08-31 03:00:00+05:30,2.2,261.0,22.9,931.6,0.17571291134610312,100
2024-08-31 04:00:00+05:30,1.8,307.0,22.7,931.6,0.0,100
2024-08-31 05:00:00+05:30,2.6,286.0,22.5,931.7,0.32096514058038095,100
2024-08-31 06:00:00+05:30,1.8,281.0,22.5,931.7,0.0,100
2024-08-31 07:00:00+05:30,2.9,300.0,23.3,932.6,1.3972137149940413,100
2024-08-31 08:00:00+05:30,5.5,293.0,24.0,933.5,4.007451085110603,100
2024-08-31 09:00:00+05:30,11.1,283.0,24.8,933.8,72.56014632737687,100
2024-08-31 10:00:00+05:30,9.9,289.0,25.4,934.4,44.556311466981086,100
2024-08-31 11:00:00+05:30,9.7,301.0,26.6,934.1,39.90717752098985,100
2024-08-31 12:00:00+05:30,12.4,287.0,26.3,933.9,98.37467983059825,100
2024-08-31 13:00:00+05:30,9.8,298.0,25.5,933.0,41.65127799844792,100
2024-08-31 14:00:00+05:30,9.0,293.0,25.5,932.4,31.355311684259295,100
2024-08-31 15:00:00+05:30,11.5,284.0,25.4,931.8,80.16995553471547,100
2024-08-31 16:00:00+05:30,12.3,285.0,25.4,931.3,99.5182894745532,100
2024-08-31 17:00:00+05:30,9.3,286.0,24.3,931.6,35.311152235713045,100
2024-08-31 18:00:00+05:30,9.2,281.0,24.5,931.3,34.240093504084555,100
2024-08-31 19:00:00+05:30,10.1,287.0,23.5,932.0,49.662474120946165,100
2024-08-31 20:00:00+05:30,9.2,291.0,23.3,932.7,31.814600051931357,100
2024-08-31 21:00:00+05:30,7.0,305.0,23.4,933.5,7.815724665060898,100
2024-08-31 22:00:00+05:30,5.9,308.0,23.4,934.0,3.6595184870761783,100
2024-08-31 23:00:00+05:30,9.5,299.0,23.0,933.5,39.32375225689272,100
2024-09-01 00:00:00+05:30,7.9,300.0,22.8,932.7,15.84879777584979,100
2024-09-01 01:00:00+05:30,7.3,327.0,22.9,932.1,11.436196295225711,100
2024-09-01 02:00:00+05:30,6.3,336.0,22.8,931.6,7.040271532106398,100
2024-09-01 03:00:00+05:30,5.4,340.0,23.0,931.6,1.005339070380128,100
2024-09-01 04:00:00+05:30,5.9,313.0,23.1,931.7,4.425379040429451,100
2024-09-01 05:00:00+05:30,6.4,308.0,23.0,931.9,5.058650529232986,100
2024-09-01 06:00:00+05:30,7.1,300.0,22.6,932.1,9.198584975688265,100
2024-09-01 07:00:00+05:30,8.8,305.0,22.8,932.6,27.240666259327654,100
2024-09-01 08:00:00+05:30,8.3,288.0,23.3,933.1,19.05563051622038,100
2024-09-01 09:00:00+05:30,9.3,306.0,23.8,933.7,35.647755222327405,100
2024-09-01 10:00:00+05:30,13.5,299.0,24.6,933.8,100.0,100
2024-09-01 11:00:00+05:30,14.8,296.0,25.3,933.8,100.0,100
2024-09-01 12:00:00+05:30,15.3,289.0,25.3,932.9,100.0,100
2024-09-01 13:00:00+05:30,15.6,293.0,25.4,932.0,100.0,100
2024-09-01 14:00:00+05:30,15.4,281.0,24.7,931.0,100.0,100
2024-09-01 15:00:00+05:30,12.4,278.0,24.0,930.3,99.55588686228172,100
2024-09-01 16:00:00+05:30,13.5,295.0,23.1,929.5,98.49494779737833,100
2024-09-01 17:00:00+05:30,11.0,302.0,23.2,929.7,68.99307574475462,100
2024-09-01 18:00:00+05:30,11.3,297.0,22.8,930.7,80.61706325176802,100
2024-09-01 19:00:00+05:30,11.6,300.0,22.5,930.7,88.4309061815418,100
2024-09-01 20:00:00+05:30,11.2,303.0,22.6,931.2,77.2590476036543,100
2024-09-01 21:00:00+05:30,12.3,308.0,22.7,932.1,92.21260767651333,100
2024-09-01 22:00:00+05:30,11.3,307.0,22.5,932.4,78.88293845029445,100
2024-09-01 23:00:00+05:30,9.1,304.0,22.6,932.0,30.529758683363806,100
2024-09-02 00:00:00+05:30,8.3,304.0,22.6,931.6,19.774378558774,100
2024-09-02 01:00:00+05:30,9.4,317.0,22.6,931.2,35.19098927978498,100
2024-09-02 02:00:00+05:30,7.2,307.0,22.6,931.0,9.951865878920945,100
2024-09-02 03:00:00+05:30,10.7,303.0,22.6,930.7,66.19962078692949,100
2024-09-02 04:00:00+05:30,12.5,288.0,22.5,930.5,97.89333058039118,100
2024-09-02 05:00:00+05:30,13.8,290.0,22.4,930.4,100.0,100
2024-09-02 06:00:00+05:30,12.8,292.0,22.3,930.3,100.0,100
2024-09-02 07:00:00+05:30,12.1,287.0,22.4,930.8,100.0,100
2024-09-02 08:00:00+05:30,7.6,267.0,22.7,931.6,12.868110067198193,100
2024-09-02 09:00:00+05:30,12.3,285.0,24.1,932.2,100.0,100
2024-09-02 10:00:00+05:30,11.2,285.0,24.4,932.6,76.624152710411,100
2024-09-02 11:00:00+05:30,8.9,291.0,24.2,932.4,28.902394109279395,100
2024-09-02 12:00:00+05:30,9.5,281.0,24.5,931.8,38.61782233387353,100
2024-09-02 13:00:00+05:30,9.0,270.0,24.0,930.8,30.2007627665981,100
2024-09-02 14:00:00+05:30,10.9,278.0,24.1,929.8,68.35692761261143,100
2024-09-02 15:00:00+05:30,11.2,276.0,23.7,929.1,72.57901921820263,100
2024-09-02 16:00:00+05:30,8.8,282.0,23.7,928.9,26.113442683422925,100
2024-09-02 17:00:00+05:30,10.8,296.0,23.5,929.1,65.72426146962204,100
2024-09-02 18:00:00+05:30,8.2,285.0,23.1,929.4,18.507832660555042,100
2024-09-02 19:00:00+05:30,8.8,282.0,22.9,930.4,27.722968709047752,100
2024-09-02 20:00:00+05:30,11.3,279.0,22.7,930.7,79.15757216646088,100
2024-09-02 21:00:00+05:30,10.0,285.0,22.5,931.5,48.30860228688304,100
2024-09-02 22:00:00+05:30,11.3,279.0,22.5,932.0,78.53380638191764,100
2024-09-02 23:00:00+05:30,8.8,279.0,22.4,932.3,26.961110813604012,100
2024-09-03 00:00:00+05:30,5.2,295.0,22.2,931.4,1.6842128545245443,100
2024-09-03 01:00:00+05:30,4.5,256.0,21.9,930.4,0.0,100
2024-09-03 02:00:00+05:30,4.9,253.0,22.1,930.1,3.6816010733893654,100
2024-09-03 03:00:00+05:30,5.4,250.0,22.0,929.9,4.665309614742672,100
2024-09-03 04:00:00+05:30,2.3,198.0,21.8,930.2,0.0,100
2024-09-03 05:00:00+05:30,2.1,149.0,21.7,930.4,0.0,100
2024-09-03 06:00:00+05:30,0.8,27.0,22.4,931.1,1.7097607405350017,100
2024-09-03 07:00:00+05:30,1.8,323.0,22.6,932.0,0.0,100
2024-09-03 08:00:00+05:30,3.0,284.0,23.1,932.6,0.0,100
2024-09-03 09:00:00+05:30,8.0,280.0,24.0,933.2,15.463670534091277,100
2024-09-03 10:00:00+05:30,10.1,268.0,25.2,933.4,49.483071797302514,100
2024-09-03 11:00:00+05:30,13.0,267.0,26.1,933.5,99.18296848809487,100
2024-09-03 12:00:00+05:30,11.9,267.0,27.2,933.2,100.0,100
2024-09-03 13:00:00+05:30,13.0,268.0,25.5,932.4,100.0,100
2024-09-03 14:00:00+05:30,13.7,268.0,26.1,931.6,100.0,100
2024-09-03 15:00:00+05:30,18.0,267.0,26.4,931.4,100.0,100
2024-09-03 16:00:00+05:30,15.1,269.0,25.4,931.1,97.21539483240909,100
2024-09-03 17:00:00+05:30,10.8,270.0,24.9,931.2,63.70662766617682,100
2024-09-03 18:00:00+05:30,7.6,275.0,24.1,931.8,14.220061547068832,100
2024-09-03 19:00:00+05:30,7.7,281.0,23.8,932.4,12.700856281454973,100
2024-09-03 20:00:00+05:30,5.9,281.0,23.7,933.0,2.7976418351795243,100
2024-09-03 21:00:00+05:30,4.0,275.0,23.5,933.9,1.5840347165182138,100
2024-09-03 22:00:00+05:30,3.3,276.0,23.4,934.5,1.6851218984543905,100
2024-09-03 23:00:00+05:30,3.6,270.0,23.3,934.3,1.3612671591075254,100
2024-09-04 00:00:00+05:30,4.4,261.0,23.1,933.7,1.818941454545115,100
2024-09-04 01:00:00+05:30,3.0,256.0,23.0,933.2,0.47103945708061423,100
2024-09-04 02:00:00+05:30,2.5,225.0,22.9,932.8,0.0,100
2024-09-04 03:00:00+05:30,3.0,284.0,22.8,932.7,0.016020416633155336,100
2024-09-04 04:00:00+05:30,2.3,309.0,22.5,932.7,1.1303085577362508,100
2024-09-04 05:00:00+05:30,1.1,18.0,22.5,933.0,0.9084776868105514,100
2024-09-04 06:00:00+05:30,3.9,338.0,22.5,933.2,3.2015190361957937,100
2024-09-04 07:00:00+05:30,3.3,276.0,22.7,933.8,0.16184109555901072,100
2024-09-04 08:00:00+05:30,2.9,270.0,23.1,934.1,0.8556135244044314,100
2024-09-04 09:00:00+05:30,7.6,265.0,23.8,934.3,11.84479456556074,100
2024-09-04 10:00:00+05:30,12.6,275.0,24.8,934.7,97.08640280052047,100
2024-09-04 11:00:00+05:30,17.6,269.0,25.9,934.3,100.0,100
2024-09-04 12:00:00+05:30,18.7,268.0,26.2,933.7,97.71211842159332,100
2024-09-04 13:00:00+05:30,21.3,268.0,27.1,933.1,100.0,100
2024-09-04 14:00:00+05:30,20.5,271.0,26.9,932.1,98.23709984985956,100
2024-09-04 15:00:00+05:30,20.2,267.0,26.3,931.4,99.56967251092061,100
2024-09-04 16:00:00+05:30,19.8,273.0,25.5,930.9,96.95236647056274,100
2024-09-04 17:00:00+05:30,10.6,280.0,24.8,931.2,57.69047485190308,100
2024-09-04 18:00:00+05:30,5.4,262.0,24.3,931.7,0.279649693474848,100
2024-09-04 19:00:00+05:30,2.5,270.0,23.7,932.1,0.0,100
2024-09-04 20:00:00+05:30,2.7,247.0,23.6,932.8,0.0,100
2024-09-04 21:00:00+05:30,4.0,265.0,23.6,933.5,0.5462090229023644,100
2024-09-04 22:00:00+05:30,4.5,241.0,23.3,933.7,1.1947682007997062,100
2024-09-04 23:00:00+05:30,5.3,242.0,23.2,933.1,2.5199753078398315,100
2024-09-05 00:00:00+05:30,4.6,252.0,23.2,932.4,1.5186963073310915,100
2024-09-05 01:00:00+05:30,2.7,247.0,22.9,931.7,0.0,100
2024-09-05 02:00:00+05:30,2.4,243.0,22.7,931.1,1.41729337683805,100
2024-09-05 03:00:00+05:30,2.3,219.0,22.6,930.8,0.0,100
2024-09-05 04:00:00+05:30,1.6,153.0,22.6,930.9,0.9342978621298034,100
2024-09-05 05:00:00+05:30,1.6,153.0,22.5,931.3,0.44827915693750153,100
2024-09-05 06:00:00+05:30,5.3,242.0,22.6,931.4,2.090648332585954,100
2024-09-05 07:00:00+05:30,4.0,297.0,23.4,932.7,0.5462252987698935,100
2024-09-05 08:00:00+05:30,8.0,280.0,24.2,933.2,17.82302837797965,100
2024-09-05 09:00:00+05:30,11.2,276.0,24.9,933.6,76.53731089774482,100
2024-09-05 10:00:00+05:30,14.0,269.0,26.7,934.0,100.0,100
2024-09-05 11:00:00+05:30,13.0,265.0,27.7,933.8,99.21228763719904,100
2024-09-05 12:00:00+05:30,16.6,268.0,27.5,932.7,100.0,100
2024-09-05 13:00:00+05:30,19.1,267.0,27.1,931.7,99.6061343907369,100
2024-09-05 14:00:00+05:30,17.4,264.0,27.2,930.6,98.59356300638422,100
2024-09-05 15:00:00+05:30,17.3,265.0,26.4,930.2,97.30589521798223,100
2024-09-05 16:00:00+05:30,15.6,277.0,25.5,929.9,99.37763651082567,100
2024-09-05 17:00:00+05:30,11.9,275.0,24.6,930.1,96.31324210575795,100
2024-09-05 18:00:00+05:30,8.7,275.0,24.0,930.9,25.96504082298379,100
2024-09-05 19:00:00+05:30,8.3,270.0,23.7,931.3,18.580483246274422,100
2024-09-05 20:00:00+05:30,6.5,270.0,23.7,932.1,5.823172144506604,100
2024-09-05 21:00:00+05:30,6.5,264.0,23.6,933.0,5.747034359847499,100
2024-09-05 22:00:00+05:30,9.0,265.0,23.4,933.2,31.104108225901413,100
2024-09-05 23:00:00+05:30,8.6,268.0,23.4,933.0,24.057746479626353,100
2024-09-06 00:00:00+05:30,7.2,264.0,23.1,932.4,9.930599616064988,100
2024-09-06 01:00:00+05:30,6.8,270.0,23.0,932.0,7.735082560570055,100
2024-09-06 02:00:00+05:30,5.4,262.0,23.0,931.7,1.2736491149330071,100
2024-09-06 03:00:00+05:30,2.8,220.0,22.9,931.1,1.3630111527404516,100
2024-09-06 04:00:00+05:30,1.8,191.0,22.8,931.0,0.38131785486029807,100
2024-09-06 05:00:00+05:30,1.1,162.0,22.7,931.1,0.0,100
2024-09-06 06:00:00+05:30,2.7,247.0,22.8,931.6,0.6843961338149975,100
2024-09-06 07:00:00+05:30,4.3,275.0,23.5,932.6,0.9218852074527091,100
2024-09-06 08:00:00+05:30,9.7,272.0,24.4,933.6,41.196553081503,100
2024-09-06 09:00:00+05:30,14.4,273.0,25.3,934.4,100.0,100
2024-09-06 10:00:00+05:30,15.9,276.0,26.8,934.4,98.48690162656553,100
2024-09-06 11:00:00+05:30,17.3,271.0,27.7,934.3,100.0,100
2024-09-06 12:00:00+05:30,16.7,276.0,28.0,933.8,100.0,100
2024-09-06 13:00:00+05:30,16.2,271.0,27.4,932.8,100.0,100
2024-09-06 14:00:00+05:30,18.0,272.0,26.9,931.5,100.0,100
2024-09-06 15:00:00+05:30,19.1,272.0,26.7,931.0,100.0,100
2024-09-06 16:00:00+05:30,19.9,276.0,25.9,930.9,100.0,100
2024-09-06 17:00:00+05:30,14.2,277.0,24.9,931.2,100.0,100
2024-09-06 18:00:00+05:30,9.0,286.0,24.4,932.2,31.044034173960497,100
2024-09-06 19:00:00+05:30,9.2,291.0,23.6,933.1,30.888048380185776,100
2024-09-06 20:00:00+05:30,8.7,287.0,23.5,933.6,26.944455561422714,100
2024-09-06 21:00:00+05:30,8.6,292.0,23.3,934.3,24.219297897756974,100
2024-09-06 22:00:00+05:30,7.9,300.0,22.7,934.7,15.698374798536303,100
2024-09-06 23:00:00+05:30,6.4,308.0,22.4,934.4,4.082829558099028,100
2024-09-07 00:00:00+05:30,4.2,301.0,22.3,933.6,0.0,100
2024-09-07 01:00:00+05:30,3.8,287.0,21.9,933.0,0.0,100
2024-09-07 02:00:00+05:30,2.9,277.0,22.3,932.3,0.10892704639183169,100
2024-09-07 03:00:00+05:30,1.8,233.0,22.1,931.9,2.7196148195800953,100
2024-09-07 04:00:00+05:30,2.6,236.0,22.1,931.7,0.7580309962384373,100
2024-09-07 05:00:00+05:30,2.8,220.0,22.3,931.9,0.0,100
2024-09-07 06:00:00+05:30,3.0,284.0,22.6,932.2,0.10426108340147636,100
2024-09-07 07:00:00+05:30,4.9,287.0,23.3,933.0,0.33136108287042143,100
2024-09-07 08:00:00+05:30,10.2,278.0,24.3,934.0,51.42878721088546,100
2024-09-07 09:00:00+05:30,11.6,277.0,25.5,934.6,86.7019224604145,100
2024-09-07 10:00:00+05:30,14.0,270.0,26.9,935.0,97.98953397045426,100
2024-09-07 11:00:00+05:30,15.5,274.0,27.9,934.8,100.0,100
2024-09-07 12:00:00+05:30,16.2,273.0,27.7,934.1,97.6798268117514,100
2024-09-07 13:00:00+05:30,15.5,274.0,27.7,933.1,99.79483972280732,100
2024-09-07 14:00:00+05:30,16.6,270.0,27.5,932.0,99.68805952658832,100
2024-09-07 15:00:00+05:30,18.4,269.0,26.7,931.5,99.29497197604734,100
2024-09-07 16:00:00+05:30,16.2,271.0,26.1,931.5,100.0,100
2024-09-07 17:00:00+05:30,12.0,277.0,25.2,932.0,99.22553139143507,100
2024-09-07 18:00:00+05:30,6.9,276.0,24.3,932.8,8.897630441912096,100
2024-09-07 19:00:00+05:30,3.6,264.0,23.8,933.5,1.5099452168253515,100
2024-09-07 20:00:00+05:30,2.6,254.0,23.8,934.4,0.0,100
2024-09-07 21:00:00+05:30,1.6,243.0,23.4,935.2,0.39715022291702073,100
2024-09-07 22:00:00+05:30,2.0,225.0,23.1,935.3,0.0,100
2024-09-07 23:00:00+05:30,2.2,261.0,22.8,934.8,0.0,100
2024-09-08 00:00:00+05:30,4.7,279.0,22.8,934.0,0.30086586012045347,100
2024-09-08 01:00:00+05:30,2.9,263.0,22.8,933.5,0.0,100
2024-09-08 02:00:00+05:30,1.8,127.0,22.7,932.8,0.0,100
2024-09-08 03:00:00+05:30,2.1,121.0,22.7,932.7,0.2770609045343051,100
2024-09-08 04:00:00+05:30,0.8,153.0,22.7,932.7,0.7086454589255254,100
2024-09-08 05:00:00+05:30,1.1,270.0,22.8,932.8,0.3267851107252175,100
2024-09-08 06:00:00+05:30,4.1,285.0,23.0,933.3,0.8688828080465488,100
2024-09-08 07:00:00+05:30,2.9,300.0,23.2,933.6,2.7887091477495884,100
2024-09-08 08:00:00+05:30,6.5,267.0,23.9,934.6,6.641784521504677,100
2024-09-08 09:00:00+05:30,10.8,268.0,25.1,934.9,67.33063193993416,100
2024-09-08 10:00:00+05:30,11.5,274.0,27.0,935.0,86.02409706159982,100
2024-09-08 11:00:00+05:30,12.6,273.0,28.0,934.6,100.0,100
2024-09-08 12:00:00+05:30,13.0,276.0,28.0,934.4,98.09988574692412,100
2024-09-08 13:00:00+05:30,13.6,281.0,27.7,933.0,98.83999850500136,100
2024-09-08 14:00:00+05:30,14.8,276.0,28.0,932.1,100.0,100
2024-09-08 15:00:00+05:30,13.7,272.0,27.4,931.6,100.0,100
2024-09-08 16:00:00+05:30,14.4,273.0,26.4,931.6,95.00955743213572,100
2024-09-08 17:00:00+05:30,12.2,270.0,25.3,931.9,100.0,100
2024-09-08 18:00:00+05:30,7.3,279.0,24.5,932.2,10.824246759817497,100
2024-09-08 19:00:00+05:30,4.5,284.0,23.6,932.6,0.6644336441510985,100
2024-09-08 20:00:00+05:30,3.1,291.0,23.5,933.3,0.9476023047106898,100
2024-09-08 21:00:00+05:30,2.2,270.0,23.7,933.6,0.5633651484113088,100
2024-09-08 22:00:00+05:30,0.0,270.0,23.7,933.8,0.02927096382684648,100
2024-09-08 23:00:00+05:30,0.7,180.0,23.4,933.2,0.0,100
2024-09-09 00:00:00+05:30,1.5,256.0,23.2,932.5,0.0,100
2024-09-09 01:00:00+05:30,0.8,297.0,23.2,931.7,0.8679065788049246,100
2024-09-09 02:00:00+05:30,0.4,270.0,23.1,931.2,0.20108453290295505,100
2024-09-09 03:00:00+05:30,1.4,90.0,23.0,931.1,2.3032591412351535,100
2024-09-09 04:00:00+05:30,1.8,127.0,22.9,931.3,0.7003981603902862,100
2024-09-09 05:00:00+05:30,0.4,90.0,22.8,931.2,0.9309133785056798,100
2024-09-09 06:00:00+05:30,4.0,270.0,22.8,930.7,0.0436332670497732,100
2024-09-09 07:00:00+05:30,4.7,274.0,23.2,931.2,0.4288485492870509,100
2024-09-09 08:00:00+05:30,7.2,273.0,23.7,932.2,9.744217081260114,100
2024-09-09 09:00:00+05:30,8.3,270.0,24.0,932.4,21.473796561225036,100
2024-09-09 10:00:00+05:30,12.3,275.0,25.2,932.4,98.17538850039517,100
2024-09-09 11:00:00+05:30,14.0,271.0,27.1,932.4,97.74760885099343,100
2024-09-09 12:00:00+05:30,13.0,264.0,28.3,932.1,100.0,100
2024-09-09 13:00:00+05:30,15.2,256.0,27.4,930.5,99.23751401655451,100
2024-09-09 14:00:00+05:30,16.7,263.0,27.4,930.4,97.55514857826957,100
2024-09-09 15:00:00+05:30,15.9,264.0,26.4,929.5,97.84908576368674,100
2024-09-09 16:00:00+05:30,12.3,263.0,25.4,929.2,96.95271515947223,100
2024-09-09 17:00:00+05:30,9.7,266.0,24.7,929.3,39.34398399554866,100
2024-09-09 18:00:00+05:30,6.1,267.0,24.3,930.0,3.8902876255566046,100
2024-09-09 19:00:00+05:30,3.9,292.0,23.8,930.6,0.0,100
2024-09-09 20:00:00+05:30,4.4,279.0,23.5,930.8,0.0,100
2024-09-09 21:00:00+05:30,2.9,277.0,23.4,931.1,2.2923261244261575,100
2024-09-09 22:00:00+05:30,2.3,198.0,23.2,931.3,0.0,100
2024-09-09 23:00:00+05:30,3.6,180.0,23.1,930.9,1.2867724125423843,100
2024-09-10 00:00:00+05:30,3.2,207.0,22.9,930.2,0.0,100
2024-09-10 01:00:00+05:30,1.9,158.0,22.6,929.6,2.118104972044287,100
2024-09-10 02:00:00+05:30,4.5,119.0,22.6,929.5,0.41795410005027117,100
2024-09-10 03:00:00+05:30,5.1,135.0,22.6,929.5,0.714004367534115,100
2024-09-10 04:00:00+05:30,2.3,162.0,22.5,929.2,0.0,100
2024-09-10 05:00:00+05:30,3.7,119.0,22.6,929.6,0.0,100
2024-09-10 06:00:00+05:30,1.0,225.0,22.5,930.2,0.18472511179643183,100
2024-09-10 07:00:00+05:30,2.4,243.0,22.9,930.7,0.08277677978293001,100
2024-09-10 08:00:00+05:30,5.5,247.0,24.3,931.6,1.3660085917142508,100
2024-09-10 09:00:00+05:30,7.1,255.0,25.6,931.9,8.866045394988936,100
2024-09-10 10:00:00+05:30,7.3,259.0,27.1,932.1,11.215263509363764,100
2024-09-10 11:00:00+05:30,9.4,270.0,28.8,932.0,33.759557655804585,100
2024-09-10 12:00:00+05:30,11.8,258.0,27.0,931.1,93.99933370795947,100
2024-09-10 13:00:00+05:30,12.2,246.0,27.1,930.5,100.0,100
2024-09-10 14:00:00+05:30,8.4,263.0,24.5,929.4,21.5260896516038,100
2024-09-10 15:00:00+05:30,10.4,268.0,25.3,929.1,59.21402274534468,100
2024-09-10 16:00:00+05:30,14.1,264.0,25.4,929.2,97.31128481083645,100
2024-09-10 17:00:00+05:30,9.4,270.0,24.6,929.4,35.481732411859795,100
2024-09-10 18:00:00+05:30,4.2,250.0,23.9,929.8,0.0,100
2024-09-10 19:00:00+05:30,3.3,229.0,23.6,930.3,1.2501694375313435,100
2024-09-10 20:00:00+05:30,2.3,219.0,22.7,930.7,1.128155749991889,100
2024-09-10 21:00:00+05:30,3.7,169.0,23.0,931.6,0.0,100
2024-09-10 22:00:00+05:30,3.9,158.0,22.8,931.9,0.0,100
2024-09-10 23:00:00+05:30,3.9,158.0,22.7,931.7,0.0,100
2024-09-11 00:00:00+05:30,3.3,167.0,22.6,931.4,0.0,100
2024-09-11 01:00:00+05:30,3.1,144.0,22.7,931.0,1.850931464386187,100
2024-09-11 02:00:00+05:30,3.4,148.0,22.4,930.3,0.436805235946973,100
2024-09-11 03:00:00+05:30,5.6,165.0,22.3,929.8,1.3990263913845031,100
2024-09-11 04:00:00+05:30,4.3,175.0,22.5,930.1,0.6226997229578368,100
2024-09-11 05:00:00+05:30,2.3,162.0,22.6,930.4,1.2275626104238497,100
2024-09-11 06:00:00+05:30,5.0,201.0,22.7,930.7,2.5128873028346606,100
2024-09-11 07:00:00+05:30,4.8,193.0,23.0,931.2,0.39921273976152394,100
2024-09-11 08:00:00+05:30,7.7,229.0,23.8,932.2,15.254103167705996,100
2024-09-11 09:00:00+05:30,10.8,240.0,24.8,932.6,64.69752499853065,100
2024-09-11 10:00:00+05:30,13.2,253.0,26.2,932.6,100.0,100
2024-09-11 11:00:00+05:30,14.3,242.0,27.5,932.5,97.66062178444095,100
2024-09-11 12:00:00+05:30,14.6,237.0,28.2,932.0,99.39923366366916,100
2024-09-11 13:00:00+05:30,14.3,245.0,27.8,931.2,100.0,100
2024-09-11 14:00:00+05:30,15.8,246.0,27.6,930.9,100.0,100
2024-09-11 15:00:00+05:30,16.1,250.0,27.1,930.5,100.0,100
2024-09-11 16:00:00+05:30,16.8,255.0,26.1,930.5,100.0,100
2024-09-11 17:00:00+05:30,9.6,250.0,25.2,930.6,40.712823486201536,100
2024-09-11 18:00:00+05:30,5.6,255.0,24.4,931.5,2.5686288990133725,100
2024-09-11 19:00:00+05:30,3.7,241.0,23.9,931.9,1.042734028030742,100
2024-09-11 20:00:00+05:30,2.3,231.0,23.5,932.5,0.0,100
2024-09-11 21:00:00+05:30,2.5,188.0,23.3,933.3,1.1862145374910398,100
2024-09-11 22:00:00+05:30,3.6,186.0,23.1,933.7,2.140017421057477,100
2024-09-11 23:00:00+05:30,2.9,180.0,23.0,933.3,0.0,100
2024-09-12 00:00:00+05:30,4.5,194.0,22.7,932.5,1.4893696602974653,100
2024-09-12 01:00:00+05:30,4.5,209.0,22.6,932.1,0.0,100
2024-09-12 02:00:00+05:30,3.8,221.0,22.4,931.7,0.0,100
2024-09-12 03:00:00+05:30,3.2,207.0,22.2,931.7,0.6000309317541933,100
2024-09-12 04:00:00+05:30,3.7,209.0,22.1,931.8,0.7192357817642152,100
2024-09-12 05:00:00+05:30,2.7,203.0,21.8,931.9,0.7288997380295084,100
2024-09-12 06:00:00+05:30,2.6,164.0,21.9,932.7,0.7911915725961737,100
2024-09-12 07:00:00+05:30,3.1,216.0,22.5,933.2,0.2176561059406064,100
2024-09-12 08:00:00+05:30,9.6,257.0,23.8,933.9,39.510405957968935,100
2024-09-12 09:00:00+05:30,12.3,265.0,25.2,934.6,100.0,100
2024-09-12 10:00:00+05:30,12.0,263.0,26.2,934.9,95.93273280559907,100
2024-09-12 11:00:00+05:30,13.8,261.0,27.4,934.6,100.0,100
2024-09-12 12:00:00+05:30,16.4,255.0,27.9,934.2,100.0,100
2024-09-12 13:00:00+05:30,14.6,250.0,28.2,933.4,100.0,100
2024-09-12 14:00:00+05:30,15.4,259.0,27.8,933.0,96.0481796495866,100
2024-09-12 15:00:00+05:30,14.2,261.0,27.1,932.8,100.0,100
2024-09-12 16:00:00+05:30,14.6,261.0,26.6,932.7,97.60224733999732,100
2024-09-12 17:00:00+05:30,13.1,262.0,25.5,932.8,100.0,100
2024-09-12 18:00:00+05:30,6.5,264.0,24.2,933.2,7.307052864373208,100
2024-09-12 19:00:00+05:30,5.4,266.0,23.0,933.7,4.061976514168541,100
2024-09-12 20:00:00+05:30,2.2,270.0,22.5,934.2,0.0,100
2024-09-12 21:00:00+05:30,2.4,243.0,22.0,934.4,1.2596198078727774,100
2024-09-12 22:00:00+05:30,2.2,189.0,21.2,934.3,2.4623150232196855,100
2024-09-12 23:00:00+05:30,1.6,153.0,20.9,933.9,0.09479483623709609,100
2024-09-13 00:00:00+05:30,3.1,135.0,21.0,933.5,0.3821425757083726,100
2024-09-13 01:00:00+05:30,3.9,112.0,21.0,932.9,0.0,100
2024-09-13 02:00:00+05:30,5.2,106.0,21.1,932.0,1.5567222310580495,100
2024-09-13 03:00:00+05:30,5.4,110.0,21.2,932.1,1.3821961101974045,100
2024-09-13 04:00:00+05:30,4.5,119.0,21.4,932.1,0.0,100
2024-09-13 05:00:00+05:30,3.2,117.0,21.4,932.7,0.7789222758967266,100
2024-09-13 06:00:00+05:30,2.9,120.0,21.6,933.0,0.40969810502440074,100
2024-09-13 07:00:00+05:30,2.2,189.0,22.3,933.8,0.7553805280752838,100
2024-09-13 08:00:00+05:30,8.4,250.0,24.2,934.9,20.73379962555923,100
2024-09-13 09:00:00+05:30,9.0,254.0,25.3,935.6,29.896920768991272,100
2024-09-13 10:00:00+05:30,10.0,257.0,26.0,935.7,45.814204770265455,100
2024-09-13 11:00:00+05:30,11.1,257.0,27.3,935.1,74.39217968166611,100
2024-09-13 12:00:00+05:30,13.0,264.0,27.7,934.7,100.0,100
2024-09-13 13:00:00+05:30,14.5,264.0,28.1,934.1,99.05854535855664,100
2024-09-13 14:00:00+05:30,15.5,269.0,27.6,933.2,97.110596886354,100
2024-09-13 15:00:00+05:30,15.8,270.0,26.9,932.6,99.35284378813407,100
2024-09-13 16:00:00+05:30,13.3,273.0,25.2,932.2,98.88800220226531,100
2024-09-13 17:00:00+05:30,11.2,276.0,24.7,932.2,75.44930096951029,100
2024-09-13 18:00:00+05:30,6.0,287.0,23.8,932.7,3.236992291129534,100
2024-09-13 19:00:00+05:30,4.0,275.0,22.6,932.8,0.0,100
2024-09-13 20:00:00+05:30,2.2,279.0,22.3,933.3,0.0,100
2024-09-13 21:00:00+05:30,1.8,307.0,22.0,933.8,2.349778654113478,100
2024-09-13 22:00:00+05:30,1.0,135.0,21.8,934.1,0.0,100
2024-09-13 23:00:00+05:30,2.6,106.0,21.5,933.5,0.0,100
2024-09-14 00:00:00+05:30,2.9,90.0,21.0,933.1,0.0,100
2024-09-14 01:00:00+05:30,2.5,82.0,20.8,932.7,0.0,100
2024-09-14 02:00:00+05:30,2.5,98.0,21.0,932.2,0.0,100
2024-09-14 03:00:00+05:30,1.8,90.0,21.1,932.0,0.0,100
2024-09-14 04:00:00+05:30,2.3,108.0,21.0,931.9,1.4926157309403243,100
2024-09-14 05:00:00+05:30,2.5,98.0,20.2,932.1,0.0,100
2024-09-14 06:00:00+05:30,3.4,122.0,21.7,932.7,1.1468944032796842,100
2024-09-14 07:00:00+05:30,1.6,153.0,22.3,933.5,0.9884844509959438,100
2024-09-14 08:00:00+05:30,6.2,260.0,23.7,934.5,1.8897571276484717,100
2024-09-14 09:00:00+05:30,9.9,260.0,25.3,934.9,45.66973168058913,100
2024-09-14 10:00:00+05:30,10.0,257.0,26.7,935.1,46.6788956848173,100
2024-09-14 11:00:00+05:30,11.4,257.0,28.1,934.8,81.48777115055461,100
2024-09-14 12:00:00+05:30,14.6,260.0,28.0,934.3,98.51432249990302,100
2024-09-14 13:00:00+05:30,16.7,264.0,27.5,933.4,100.0,100
2024-09-14 14:00:00+05:30,16.2,267.0,26.9,932.6,100.0,100
2024-09-14 15:00:00+05:30,16.6,269.0,26.2,932.1,100.0,100
2024-09-14 16:00:00+05:30,13.0,270.0,25.8,932.1,100.0,100
2024-09-14 17:00:00+05:30,10.5,276.0,24.6,932.2,58.72297417483836,100
2024-09-14 18:00:00+05:30,8.0,275.0,23.6,932.4,16.570821023190316,100
2024-09-14 19:00:00+05:30,5.9,281.0,22.7,932.6,4.711811967591712,100
2024-09-14 20:00:00+05:30,4.3,265.0,22.6,933.3,0.14838095266181947,100
2024-09-14 21:00:00+05:30,2.6,254.0,22.1,933.7,0.0,100
2024-09-14 22:00:00+05:30,2.9,187.0,21.1,933.7,0.7054248549600345,100
2024-09-14 23:00:00+05:30,1.0,135.0,21.2,933.6,0.17860483244593764,100
2024-09-15 00:00:00+05:30,1.8,101.0,20.9,933.2,1.6880245990668339,100
2024-09-15 01:00:00+05:30,4.0,95.0,20.6,932.3,0.0,100
2024-09-15 02:00:00+05:30,4.7,86.0,20.5,932.1,0.6810039792975262,100
2024-09-15 03:00:00+05:30,4.0,63.0,20.6,932.0,0.0,100
2024-09-15 04:00:00+05:30,3.7,61.0,20.2,931.9,0.0,100
2024-09-15 05:00:00+05:30,3.4,58.0,20.0,932.2,0.6155620251553523,100
2024-09-15 06:00:00+05:30,2.2,99.0,21.6,933.0,1.2292359367322991,100
2024-09-15 07:00:00+05:30,1.1,90.0,22.4,933.7,0.0,100
2024-09-15 08:00:00+05:30,6.8,267.0,23.4,934.6,7.954932465512272,100
2024-09-15 09:00:00+05:30,9.2,281.0,24.7,935.0,32.99176385608089,100
2024-09-15 10:00:00+05:30,12.8,286.0,26.3,935.1,100.0,100
2024-09-15 11:00:00+05:30,15.7,279.0,27.1,934.8,100.0,100
2024-09-15 12:00:00+05:30,16.3,278.0,27.5,934.3,99.30248712678984,100
2024-09-15 13:00:00+05:30,17.6,281.0,27.2,933.2,99.57966716930947,100
2024-09-15 14:00:00+05:30,16.9,282.0,27.4,932.6,100.0,100
2024-09-15 15:00:00+05:30,17.4,283.0,26.8,932.2,99.23876292960973,100
2024-09-15 16:00:00+05:30,15.3,285.0,26.4,932.1,100.0,100
2024-09-15 17:00:00+05:30,12.8,280.0,25.1,932.5,100.0,100
2024-09-15 18:00:00+05:30,9.3,286.0,23.6,932.8,36.0144251501371,100
2024-09-15 19:00:00+05:30,7.5,287.0,22.5,933.4,13.744921858111832,100
2024-09-15 20:00:00+05:30,6.2,291.0,21.8,933.9,4.235843582307093,100
2024-09-15 21:00:00+05:30,5.0,300.0,21.5,934.5,0.0,100
2024-09-15 22:00:00+05:30,4.3,312.0,21.0,934.5,0.0,100
2024-09-15 23:00:00+05:30,3.7,299.0,20.7,934.1,1.196817651371009,100
2024-09-16 00:00:00+05:30,4.0,260.0,20.1,933.3,0.3311103321719523,100
2024-09-16 01:00:00+05:30,3.0,256.0,20.2,932.8,0.0,100
2024-09-16 02:00:00+05:30,2.6,286.0,19.9,932.2,0.0,100
2024-09-16 03:00:00+05:30,3.3,257.0,18.9,932.1,0.0,100
2024-09-16 04:00:00+05:30,1.9,248.0,19.2,932.7,0.0,100
2024-09-16 05:00:00+05:30,1.1,108.0,19.4,933.0,1.2681835697884112,100
2024-09-16 06:00:00+05:30,1.3,56.0,19.6,933.3,1.2046311808929673,100
2024-09-16 07:00:00+05:30,1.5,346.0,20.5,934.3,2.3566413787566463,100
2024-09-16 08:00:00+05:30,7.0,282.0,23.3,935.6,8.433300786799624,100
2024-09-16 09:00:00+05:30,8.0,297.0,25.2,936.1,15.782530648439604,100
2024-09-16 10:00:00+05:30,7.9,300.0,26.1,936.1,15.841090469542007,100
2024-09-16 11:00:00+05:30,8.4,301.0,27.5,935.9,21.26898523640402,100
2024-09-16 12:00:00+05:30,9.4,302.0,28.6,935.1,37.42659189110686,100
2024-09-16 13:00:00+05:30,11.6,292.0,28.6,934.0,83.48297484092926,100
2024-09-16 14:00:00+05:30,12.7,278.0,27.6,933.4,100.0,100
2024-09-16 15:00:00+05:30,14.4,292.0,27.2,932.9,100.0,100
2024-09-16 16:00:00+05:30,13.2,281.0,26.5,933.0,100.0,100
2024-09-16 17:00:00+05:30,10.7,282.0,25.3,933.1,61.30585458055435,100
2024-09-16 18:00:00+05:30,8.0,297.0,24.1,933.2,15.98960368861399,100
2024-09-16 19:00:00+05:30,8.0,297.0,23.2,933.6,18.687605302143275,100
2024-09-16 20:00:00+05:30,6.6,292.0,22.4,934.0,5.835651355861299,100
2024-09-16 21:00:00+05:30,3.2,297.0,22.0,934.7,0.0,100
2024-09-16 22:00:00+05:30,3.6,323.0,21.7,934.9,0.34154455818920054,100
2024-09-16 23:00:00+05:30,5.4,312.0,21.2,934.5,1.5475191879784747,100
2024-09-17 00:00:00+05:30,4.1,322.0,20.4,934.0,0.5699789620972923,100
2024-09-17 01:00:00+05:30,4.3,312.0,20.4,933.5,1.090019907118153,100
2024-09-17 02:00:00+05:30,3.9,326.0,20.5,933.0,1.110230526723291,100
2024-09-17 03:00:00+05:30,5.0,330.0,20.3,932.9,1.659986915096951,100
2024-09-17 04:00:00+05:30,5.3,298.0,19.8,933.0,2.2320455646035935,100
2024-09-17 05:00:00+05:30,4.0,355.0,19.7,933.5,0.0,100
2024-09-17 06:00:00+05:30,3.5,336.0,20.3,934.1,0.0,100
2024-09-17 07:00:00+05:30,4.1,315.0,21.8,934.9,0.25091856774498333,100
2024-09-17 08:00:00+05:30,3.3,311.0,23.3,935.7,1.8164039009475532,100
2024-09-17 09:00:00+05:30,4.4,325.0,25.2,936.1,1.6262172528769177,100
2024-09-17 10:00:00+05:30,6.4,313.0,27.1,936.1,6.744309525512038,100
2024-09-17 11:00:00+05:30,8.4,301.0,28.4,935.6,20.99736505931356,100
2024-09-17 12:00:00+05:30,10.6,294.0,29.2,934.8,62.943364012501775,100
2024-09-17 13:00:00+05:30,11.6,286.0,29.6,933.9,86.81783641076649,100
2024-09-17 14:00:00+05:30,13.1,279.0,29.6,933.2,96.61010268270597,100
2024-09-17 15:00:00+05:30,15.1,288.0,28.4,932.2,100.0,100
2024-09-17 16:00:00+05:30,17.8,278.0,26.2,932.2,100.0,100
2024-09-17 17:00:00+05:30,14.6,286.0,25.3,932.3,100.0,100
2024-09-17 18:00:00+05:30,12.0,291.0,24.2,932.4,98.88777562654198,100
2024-09-17 19:00:00+05:30,12.3,291.0,23.1,932.7,97.58408634664441,100
2024-09-17 20:00:00+05:30,9.3,306.0,22.5,933.1,33.49694232931894,100
2024-09-17 21:00:00+05:30,7.7,319.0,21.9,933.8,12.602190698789803,100
2024-09-17 22:00:00+05:30,6.4,322.0,21.3,933.9,4.329530310551005,100
2024-09-17 23:00:00+05:30,4.3,318.0,21.0,933.5,0.0,100
2024-09-18 00:00:00+05:30,4.6,321.0,20.5,933.0,0.5759327921022358,100
2024-09-18 01:00:00+05:30,5.0,330.0,20.2,932.2,1.1235209937725859,100
2024-09-18 02:00:00+05:30,3.9,338.0,19.1,931.4,0.0,100
2024-09-18 03:00:00+05:30,3.0,346.0,18.7,931.3,0.0,100
2024-09-18 04:00:00+05:30,2.5,8.0,18.1,931.2,0.0,100
2024-09-18 05:00:00+05:30,2.2,360.0,18.5,931.8,0.08934850627259848,100
2024-09-18 06:00:00+05:30,1.6,27.0,18.3,932.1,0.9835513531278893,100
2024-09-18 07:00:00+05:30,0.4,90.0,19.7,933.1,1.2428698369443898,100
2024-09-18 08:00:00+05:30,0.4,90.0,22.0,933.9,0.3731947499023716,100
2024-09-18 09:00:00+05:30,1.8,323.0,24.5,934.5,1.030382802822917,100
2024-09-18 10:00:00+05:30,4.3,294.0,26.8,934.5,0.18020382212519162,100
2024-09-18 11:00:00+05:30,5.9,284.0,28.6,933.8,1.191269961191698,100
2024-09-18 12:00:00+05:30,9.0,286.0,29.5,933.0,27.86674213123612,100
2024-09-18 13:00:00+05:30,12.8,286.0,29.4,932.2,100.0,100
2024-09-18 14:00:00+05:30,13.7,284.0,29.1,931.5,98.54512663763684,100
2024-09-18 15:00:00+05:30,14.1,274.0,28.3,930.9,100.0,100
2024-09-18 16:00:00+05:30,15.5,274.0,27.0,931.0,99.54313290319172,100
2024-09-18 17:00:00+05:30,14.5,277.0,25.1,930.9,100.0,100
2024-09-18 18:00:00+05:30,11.2,291.0,24.0,930.9,76.41421490582924,100
2024-09-18 19:00:00+05:30,12.1,297.0,22.8,931.4,100.0,100
2024-09-18 20:00:00+05:30,7.6,295.0,22.0,931.8,13.807047057194865,100
2024-09-18 21:00:00+05:30,5.1,321.0,21.3,932.7,1.3682819064611966,100
2024-09-18 22:00:00+05:30,3.4,328.0,20.6,933.0,0.6437754532663931,100
2024-09-18 23:00:00+05:30,4.6,315.0,20.1,933.0,0.0,100
2024-09-19 00:00:00+05:30,3.9,248.0,19.8,932.6,0.0,100
2024-09-19 01:00:00+05:30,0.5,45.0,19.8,932.2,0.0,100
2024-09-19 02:00:00+05:30,1.8,281.0,19.4,931.7,0.0,100
2024-09-19 03:00:00+05:30,1.5,346.0,19.0,931.5,0.0,100
2024-09-19 04:00:00+05:30,2.2,9.0,18.4,931.5,0.7894486309867794,100
2024-09-19 05:00:00+05:30,3.0,346.0,18.5,931.9,0.06726083588212073,100
2024-09-19 06:00:00+05:30,2.8,320.0,19.1,932.9,0.0,100
2024-09-19 07:00:00+05:30,2.9,277.0,20.0,933.5,0.616229902207972,100
2024-09-19 08:00:00+05:30,0.8,63.0,22.3,934.3,1.7142019914383915,100
2024-09-19 09:00:00+05:30,1.1,108.0,24.7,934.8,0.0,100
2024-09-19 10:00:00+05:30,1.8,143.0,27.0,935.0,0.0,100
2024-09-19 11:00:00+05:30,3.8,163.0,28.3,934.5,0.07697192251579617,100
2024-09-19 12:00:00+05:30,3.2,153.0,29.2,933.5,0.9946612334690221,100
2024-09-19 13:00:00+05:30,2.6,164.0,29.9,932.6,0.23904893107606545,100
2024-09-19 14:00:00+05:30,0.5,315.0,30.4,931.9,0.0,100
2024-09-19 15:00:00+05:30,3.2,297.0,30.5,931.5,0.5862262686409869,100
2024-09-19 16:00:00+05:30,10.6,288.0,29.0,931.5,60.75209130803349,100
2024-09-19 17:00:00+05:30,14.8,274.0,25.9,931.4,98.25629570256203,100
2024-09-19 18:00:00+05:30,11.3,287.0,24.6,931.5,78.90053746366686,100
2024-09-19 19:00:00+05:30,11.0,289.0,23.4,932.0,71.66022665540284,100
2024-09-19 20:00:00+05:30,8.7,294.0,22.7,932.7,24.850622126467105,100
2024-09-19 21:00:00+05:30,3.2,333.0,22.5,933.8,0.0018858174085635143,100
2024-09-19 22:00:00+05:30,5.0,330.0,22.0,934.0,1.9032615070235523,100
2024-09-19 23:00:00+05:30,5.9,308.0,21.6,933.6,3.6106612767494237,100
2024-09-20 00:00:00+05:30,3.6,323.0,21.1,933.0,0.22100802956809912,100
2024-09-20 01:00:00+05:30,2.9,360.0,20.4,932.5,0.0,100
2024-09-20 02:00:00+05:30,3.8,253.0,19.9,931.8,1.5848094965464685,100
2024-09-20 03:00:00+05:30,2.3,309.0,20.0,931.6,0.1428905165290151,100
2024-09-20 04:00:00+05:30,2.3,18.0,19.5,931.7,0.0,100
2024-09-20 05:00:00+05:30,3.0,346.0,19.4,932.2,1.6701026266450656,100
2024-09-20 06:00:00+05:30,1.0,45.0,20.4,932.5,0.3366721842695364,100
2024-09-20 07:00:00+05:30,3.1,324.0,21.6,933.5,0.0,100
2024-09-20 08:00:00+05:30,3.1,306.0,23.8,934.4,0.5234265945704173,100
2024-09-20 09:00:00+05:30,3.3,319.0,25.9,935.0,0.0,100
2024-09-20 10:00:00+05:30,2.8,310.0,27.7,935.0,0.0,100
2024-09-20 11:00:00+05:30,3.1,291.0,29.1,934.8,1.1394880107951502,100
2024-09-20 12:00:00+05:30,4.7,293.0,29.8,934.0,0.0,100
2024-09-20 13:00:00+05:30,4.6,288.0,29.5,932.7,0.0,100
2024-09-20 14:00:00+05:30,12.2,256.0,26.9,932.3,97.73663691661253,100
2024-09-20 15:00:00+05:30,10.1,272.0,27.8,931.9,49.04344093846881,100
2024-09-20 16:00:00+05:30,11.2,268.0,25.6,931.6,72.27219071968005,100
2024-09-20 17:00:00+05:30,9.4,293.0,25.8,931.8,35.592090750117585,100
2024-09-20 18:00:00+05:30,6.4,286.0,24.9,932.0,6.547331811971323,100
2024-09-20 19:00:00+05:30,6.8,295.0,23.9,932.8,8.357134506793717,100
2024-09-20 20:00:00+05:30,8.0,297.0,23.1,933.5,15.794349798791247,100
2024-09-20 21:00:00+05:30,4.7,302.0,22.2,934.3,0.8660186170154188,100
2024-09-20 22:00:00+05:30,3.7,241.0,22.1,934.1,0.3387583481705105,100
2024-09-20 23:00:00+05:30,3.8,287.0,22.3,934.2,0.5757267891196926,100
2024-09-21 00:00:00+05:30,6.0,303.0,20.9,933.5,2.0005943654596567,100
2024-09-21 01:00:00+05:30,6.3,283.0,20.8,933.0,3.500471874004493,100
2024-09-21 02:00:00+05:30,4.2,290.0,21.7,932.8,0.19251709672526857,100
2024-09-21 03:00:00+05:30,3.6,276.0,21.5,932.6,0.7846582368355468,100
2024-09-21 04:00:00+05:30,3.1,249.0,21.5,932.6,0.34559489262937093,100
2024-09-21 05:00:00+05:30,2.9,330.0,21.4,932.8,1.2463774093151643,100
2024-09-21 06:00:00+05:30,1.8,323.0,22.1,933.5,0.6354869280177382,100
2024-09-21 07:00:00+05:30,3.3,319.0,22.8,934.4,1.5716392554730225,100
2024-09-21 08:00:00+05:30,5.4,312.0,23.4,935.0,1.371785497969738,100
2024-09-21 09:00:00+05:30,4.2,301.0,24.1,935.6,0.0,100
2024-09-21 10:00:00+05:30,3.3,319.0,25.0,935.7,0.0,100
2024-09-21 11:00:00+05:30,4.2,340.0,26.7,935.5,0.0,100
2024-09-21 12:00:00+05:30,6.3,347.0,28.0,934.8,4.652362180196966,100
2024-09-21 13:00:00+05:30,8.8,325.0,27.4,933.2,26.13444568304441,100
2024-09-21 14:00:00+05:30,7.2,270.0,27.8,932.4,9.686909418478768,100
2024-09-21 15:00:00+05:30,9.8,264.0,27.5,931.8,44.10875625908,100
2024-09-21 16:00:00+05:30,11.2,327.0,24.0,932.2,74.72511098597835,100
2024-09-21 17:00:00+05:30,3.3,283.0,23.7,932.2,0.0,100
2024-09-21 18:00:00+05:30,3.6,354.0,23.3,932.9,1.8660516632020638,100
2024-09-21 19:00:00+05:30,5.0,60.0,22.5,933.8,0.009403280659978197,100
2024-09-21 20:00:00+05:30,3.7,29.0,22.3,934.4,0.0,100
2024-09-21 21:00:00+05:30,5.2,335.0,22.0,935.1,2.615700303062313,100
2024-09-21 22:00:00+05:30,2.9,330.0,22.2,934.8,0.0,100
2024-09-21 23:00:00+05:30,4.1,315.0,21.7,934.2,0.0,100
2024-09-22 00:00:00+05:30,3.1,339.0,21.6,933.9,1.8907753131819631,100
2024-09-22 01:00:00+05:30,2.7,337.0,21.4,933.2,0.0,100
2024-09-22 02:00:00+05:30,4.1,322.0,21.2,932.4,0.0,100
2024-09-22 03:00:00+05:30,4.2,329.0,20.9,932.2,0.40313260666143413,100
2024-09-22 04:00:00+05:30,4.3,318.0,21.0,932.4,0.5178415795243329,100
2024-09-22 05:00:00+05:30,4.2,329.0,21.0,932.7,0.0,100
2024-09-22 06:00:00+05:30,3.7,331.0,21.1,933.1,0.0,100
2024-09-22 07:00:00+05:30,3.2,333.0,22.4,934.1,0.1463233660453853,100
2024-09-22 08:00:00+05:30,7.1,311.0,23.4,934.5,9.247459001819927,100
2024-09-22 09:00:00+05:30,6.0,327.0,25.0,934.9,6.015168150067913,100
2024-09-22 10:00:00+05:30,10.1,354.0,26.7,935.0,48.28590706870012,100
2024-09-22 11:00:00+05:30,8.3,355.0,28.1,934.7,19.761489069955598,100
2024-09-22 12:00:00+05:30,8.7,343.0,26.9,933.3,24.47479178982327,100
2024-09-22 13:00:00+05:30,8.4,320.0,28.8,932.2,21.757501261387656,100
2024-09-22 14:00:00+05:30,11.7,315.0,28.2,931.1,90.22712492966326,100
2024-09-22 15:00:00+05:30,8.5,282.0,26.7,930.5,22.258231323923717,100
2024-09-22 16:00:00+05:30,13.0,318.0,25.1,931.1,96.77046731620482,100
2024-09-22 17:00:00+05:30,7.8,326.0,24.3,931.3,15.755372073959911,100
2024-09-22 18:00:00+05:30,7.4,346.0,24.3,931.3,11.895422580456195,100
2024-09-22 19:00:00+05:30,4.3,336.0,23.4,931.7,0.7186297349495746,100
2024-09-22 20:00:00+05:30,3.8,343.0,22.9,932.3,0.0,100
2024-09-22 21:00:00+05:30,4.9,324.0,22.8,933.1,0.9655303356316836,100
2024-09-22 22:00:00+05:30,4.7,328.0,22.9,933.3,0.0,100
2024-09-22 23:00:00+05:30,3.0,104.0,21.9,933.0,0.6221367578001815,100
2024-09-23 00:00:00+05:30,3.2,297.0,22.5,932.2,0.6454105755860764,100
2024-09-23 01:00:00+05:30,3.3,283.0,21.9,931.6,0.0,100
2024-09-23 02:00:00+05:30,3.3,311.0,21.8,930.9,2.699508992550166,100
2024-09-23 03:00:00+05:30,4.2,340.0,21.4,930.9,1.1550661945530838,100
2024-09-23 04:00:00+05:30,3.0,14.0,21.3,931.4,0.0,100
2024-09-23 05:00:00+05:30,5.2,335.0,21.4,931.7,0.3909627616595084,100
2024-09-23 06:00:00+05:30,3.0,14.0,21.6,932.3,1.0415797201178874,100
2024-09-23 07:00:00+05:30,4.3,336.0,22.9,933.1,1.463936358544227,100
2024-09-23 08:00:00+05:30,6.6,319.0,24.3,933.9,7.058664986396246,100
2024-09-23 09:00:00+05:30,6.3,329.0,25.6,934.3,4.8224168804314465,100
2024-09-23 10:00:00+05:30,5.7,342.0,27.1,934.2,2.4551139073680783,100
2024-09-23 11:00:00+05:30,4.3,24.0,28.7,933.4,0.09099437233447707,100
2024-09-23 12:00:00+05:30,6.9,39.0,27.8,932.7,7.6900080173685845,100
2024-09-23 13:00:00+05:30,9.1,304.0,25.9,931.7,29.26076098781634,100
2024-09-23 14:00:00+05:30,7.7,281.0,27.6,930.5,13.777745718408891,100
2024-09-23 15:00:00+05:30,6.4,297.0,28.4,930.2,6.591286447394979,100
2024-09-23 16:00:00+05:30,9.8,354.0,24.6,929.8,43.42026398659091,100
2024-09-23 17:00:00+05:30,5.0,339.0,24.2,930.3,0.7173792331933241,100
2024-09-23 18:00:00+05:30,2.6,326.0,23.4,931.1,0.0,100
2024-09-23 19:00:00+05:30,4.3,318.0,23.3,931.4,0.42138836722537865,100
2024-09-23 20:00:00+05:30,4.7,302.0,22.7,931.7,1.5094899264051798,100
2024-09-23 21:00:00+05:30,3.4,32.0,22.7,932.4,0.817716469461999,100
2024-09-23 22:00:00+05:30,2.6,344.0,22.2,933.1,0.0,100
2024-09-23 23:00:00+05:30,1.0,315.0,22.4,932.5,0.0,100
2024-09-24 00:00:00+05:30,4.1,255.0,22.1,931.9,0.6151978063440752,100
2024-09-24 01:00:00+05:30,4.7,274.0,21.9,931.4,0.05677660080573599,100
2024-09-24 02:00:00+05:30,3.3,319.0,22.1,930.7,0.0,100
2024-09-24 03:00:00+05:30,2.2,360.0,21.8,930.3,0.05631091507823956,100
2024-09-24 04:00:00+05:30,4.1,315.0,21.7,930.2,0.0,100
2024-09-24 05:00:00+05:30,4.1,218.0,21.6,930.6,0.5403521725004241,100
2024-09-24 06:00:00+05:30,2.7,293.0,22.6,930.7,1.3965213099541354,100
2024-09-24 07:00:00+05:30,1.8,11.0,23.3,931.4,0.8761938561939865,100
2024-09-24 08:00:00+05:30,4.2,329.0,24.0,932.4,1.5427537099969069,100
2024-09-24 09:00:00+05:30,5.5,328.0,24.7,932.5,2.2697951946515897,100
2024-09-24 10:00:00+05:30,6.2,350.0,25.5,932.3,5.4419247447319234,100
2024-09-24 11:00:00+05:30,6.5,354.0,27.1,931.4,4.8229986899880535,100
2024-09-24 12:00:00+05:30,5.1,8.0,28.5,930.7,1.0069045961011514,100
2024-09-24 13:00:00+05:30,3.9,22.0,29.3,929.6,0.7694808012039928,100
2024-09-24 14:00:00+05:30,11.4,257.0,26.4,928.0,82.78638611764782,100
2024-09-24 15:00:00+05:30,5.4,262.0,25.7,928.2,3.300145786429845,100
2024-09-24 16:00:00+05:30,6.0,295.0,25.8,927.4,2.685283529810412,100
2024-09-24 17:00:00+05:30,5.8,266.0,25.2,928.2,2.7658822311540625,100
2024-09-24 18:00:00+05:30,4.8,333.0,24.3,929.3,1.7787201071028793,100
2024-09-24 19:00:00+05:30,5.4,318.0,23.7,930.0,2.0561858267320323,100
2024-09-24 20:00:00+05:30,7.7,323.0,23.3,930.4,16.135181383053972,100
2024-09-24 21:00:00+05:30,4.7,337.0,22.9,931.2,1.4286687688034254,100
2024-09-24 22:00:00+05:30,4.9,287.0,22.6,931.7,0.3113077831407097,100
2024-09-24 23:00:00+05:30,2.0,315.0,22.5,930.7,0.1216598007799978,100
2024-09-25 00:00:00+05:30,2.9,263.0,22.3,930.2,0.0,100
2024-09-25 01:00:00+05:30,2.9,330.0,22.3,929.6,0.2909717573089153,100
2024-09-25 02:00:00+05:30,0.5,45.0,22.6,929.2,1.0165666683751509,100
2024-09-25 03:00:00+05:30,0.8,63.0,22.2,929.0,0.0,100
2024-09-25 04:00:00+05:30,1.0,45.0,22.4,928.9,1.2526632529138357,100
2024-09-25 05:00:00+05:30,3.2,360.0,22.0,929.1,0.6247576489585315,100
2024-09-25 06:00:00+05:30,1.7,193.0,22.7,929.7,0.0,100
2024-09-25 07:00:00+05:30,4.4,341.0,23.0,930.6,0.0,100
2024-09-25 08:00:00+05:30,1.5,36.0,23.2,931.1,0.0,100
2024-09-25 09:00:00+05:30,1.3,286.0,24.3,932.1,0.0,100
2024-09-25 10:00:00+05:30,3.8,278.0,24.3,932.0,0.0,100
2024-09-25 11:00:00+05:30,3.4,313.0,24.7,931.4,0.9276744582116694,100
2024-09-25 12:00:00+05:30,3.5,345.0,24.8,930.4,0.0,100
2024-09-25 13:00:00+05:30,1.3,278.0,24.9,929.5,0.0,100
2024-09-25 14:00:00+05:30,2.5,266.0,25.5,928.6,0.13297471680568448,100
2024-09-25 15:00:00+05:30,7.2,274.0,24.9,928.1,9.336256373513313,100
2024-09-25 16:00:00+05:30,10.8,259.0,23.9,927.8,65.43878309130463,100
2024-09-25 17:00:00+05:30,13.3,261.0,23.5,928.1,100.0,100
2024-09-25 18:00:00+05:30,8.4,281.0,23.3,929.3,22.53970844577402,100
2024-09-25 19:00:00+05:30,4.5,275.0,23.0,929.5,0.0,100
2024-09-25 20:00:00+05:30,3.8,31.0,23.0,930.3,0.0,100
2024-09-25 21:00:00+05:30,2.2,66.0,22.6,930.8,0.5187017100685462,100
2024-09-25 22:00:00+05:30,2.0,135.0,22.3,931.0,0.7511461201035972,100
2024-09-25 23:00:00+05:30,3.0,287.0,22.3,930.6,0.7793285235486305,100
2024-09-26 00:00:00+05:30,2.9,353.0,22.2,929.9,2.3117303164468224,100
2024-09-26 01:00:00+05:30,1.5,111.0,22.1,929.4,1.0421940630656932,100
2024-09-26 02:00:00+05:30,2.6,196.0,21.9,928.9,0.0008597815894600551,100
2024-09-26 03:00:00+05:30,2.9,169.0,22.0,928.5,0.0,100
2024-09-26 04:00:00+05:30,1.2,63.0,21.7,928.3,0.9922470566111472,100
2024-09-26 05:00:00+05:30,3.2,357.0,21.6,929.0,1.2848688680930889,100
2024-09-26 06:00:00+05:30,4.7,223.0,21.7,928.8,0.4849254206463377,100
2024-09-26 07:00:00+05:30,3.4,238.0,21.6,929.2,0.3330881359424927,100
2024-09-26 08:00:00+05:30,2.2,305.0,22.2,930.3,0.0,100
2024-09-26 09:00:00+05:30,0.6,108.0,22.5,930.8,0.0,100
2024-09-26 10:00:00+05:30,4.6,239.0,23.6,931.0,0.5350222268556916,100
2024-09-26 11:00:00+05:30,5.2,245.0,23.5,930.8,1.4780907097061016,100
2024-09-26 12:00:00+05:30,2.4,318.0,23.4,930.2,0.2653135499843913,100
2024-09-26 13:00:00+05:30,3.9,313.0,23.4,929.3,1.5629958587329604,100
2024-09-26 14:00:00+05:30,7.8,277.0,24.3,928.4,15.133229463701639,100
2024-09-26 15:00:00+05:30,11.6,263.0,25.2,928.0,86.07036711274502,100
2024-09-26 16:00:00+05:30,9.7,242.0,25.0,928.1,40.24022006397588,100
2024-09-26 17:00:00+05:30,7.9,237.0,24.2,928.5,16.394209519225328,100
2024-09-26 18:00:00+05:30,7.6,267.0,22.9,929.0,12.307670568687374,100
2024-09-26 19:00:00+05:30,6.1,272.0,22.8,930.2,4.566888145415805,100
2024-09-26 20:00:00+05:30,8.1,264.0,22.5,930.6,16.665878782623512,100
2024-09-26 21:00:00+05:30,4.7,272.0,22.1,931.4,0.06241550315280464,100
2024-09-26 22:00:00+05:30,4.2,252.0,21.9,931.1,0.0,100
2024-09-26 23:00:00+05:30,2.7,200.0,21.7,930.7,0.9950015536182081,100
2024-09-27 00:00:00+05:30,3.4,174.0,21.5,930.6,0.9735096606045586,100
2024-09-27 01:00:00+05:30,5.4,214.0,21.7,930.1,1.888865000469716,100
2024-09-27 02:00:00+05:30,6.6,209.0,21.7,929.6,6.0188075628616895,100
2024-09-27 03:00:00+05:30,7.0,215.0,21.6,929.3,10.178264762718587,100
2024-09-27 04:00:00+05:30,6.8,228.0,21.4,929.2,8.216424422309164,100
2024-09-27 05:00:00+05:30,6.8,192.0,21.5,929.7,8.201701736549614,100
2024-09-27 06:00:00+05:30,3.1,173.0,21.6,930.2,0.0,100
2024-09-27 07:00:00+05:30,6.4,190.0,22.5,931.3,4.993722709956829,100
2024-09-27 08:00:00+05:30,7.5,224.0,23.3,932.0,11.82070797663452,100
2024-09-27 09:00:00+05:30,10.7,241.0,24.0,932.7,63.10698925241474,100
2024-09-27 10:00:00+05:30,12.4,246.0,25.6,933.5,97.81702973447894,100
2024-09-27 11:00:00+05:30,17.8,254.0,26.7,933.4,100.0,100
2024-09-27 12:00:00+05:30,23.6,256.0,26.7,932.8,100.0,100
2024-09-27 13:00:00+05:30,20.3,258.0,26.7,932.0,99.85332900647222,100
2024-09-27 14:00:00+05:30,18.2,263.0,26.8,931.5,100.0,100
2024-09-27 15:00:00+05:30,18.5,262.0,26.5,930.8,99.57430593301349,100
2024-09-27 16:00:00+05:30,14.5,259.0,25.5,930.8,97.04422338219496,100
2024-09-27 17:00:00+05:30,10.4,260.0,24.7,931.1,53.736717416463165,100
2024-09-27 18:00:00+05:30,4.1,236.0,23.8,931.8,0.0,100
2024-09-27 19:00:00+05:30,3.5,231.0,23.5,932.4,1.1538123689744282,100
2024-09-27 20:00:00+05:30,2.3,198.0,23.1,933.3,0.0,100
2024-09-27 21:00:00+05:30,2.6,155.0,22.8,933.9,0.0,100
2024-09-27 22:00:00+05:30,2.6,192.0,22.8,933.6,0.1690471543519836,100
2024-09-27 23:00:00+05:30,3.1,201.0,22.7,933.5,0.2118734951852296,100
2024-09-28 00:00:00+05:30,2.5,176.0,22.6,933.1,0.0,100
2024-09-28 01:00:00+05:30,3.9,152.0,22.5,932.7,0.0,100
2024-09-28 02:00:00+05:30,5.0,154.0,22.4,932.2,1.1869164645497905,100
2024-09-28 03:00:00+05:30,4.7,152.0,22.3,931.6,0.061349283700503854,100
2024-09-28 04:00:00+05:30,4.3,152.0,22.3,931.4,0.09007396288854891,100
2024-09-28 05:00:00+05:30,2.5,135.0,22.3,932.0,1.4598530489596901,100
2024-09-28 06:00:00+05:30,2.4,138.0,22.5,932.8,0.0,100
2024-09-28 07:00:00+05:30,3.1,152.0,22.8,933.9,0.0,100
2024-09-28 08:00:00+05:30,3.1,225.0,23.5,934.7,0.5159551872142707,100
2024-09-28 09:00:00+05:30,8.7,266.0,25.1,935.3,26.351494228407653,100
2024-09-28 10:00:00+05:30,11.7,265.0,26.2,935.7,89.20003524096397,100
2024-09-28 11:00:00+05:30,11.9,260.0,27.1,935.7,99.07700866071006,100
2024-09-28 12:00:00+05:30,12.6,260.0,28.6,935.1,100.0,100
2024-09-28 13:00:00+05:30,14.1,260.0,28.9,934.2,100.0,100
2024-09-28 14:00:00+05:30,13.7,266.0,28.6,933.5,98.5674402906299,100
2024-09-28 15:00:00+05:30,12.8,270.0,28.1,933.0,98.40027946336143,100
2024-09-28 16:00:00+05:30,12.6,271.0,26.9,932.6,99.76697196179899,100
2024-09-28 17:00:00+05:30,10.8,281.0,25.9,932.8,65.26386952469929,100
2024-09-28 18:00:00+05:30,6.9,277.0,24.0,933.8,7.829773544499193,100
2024-09-28 19:00:00+05:30,6.5,289.0,23.3,934.5,5.765959142317002,100
2024-09-28 20:00:00+05:30,4.0,306.0,23.1,935.4,0.2818191100484009,100
2024-09-28 21:00:00+05:30,3.6,300.0,23.0,936.2,0.6615258369092909,100
2024-09-28 22:00:00+05:30,1.7,283.0,22.9,936.2,0.6469906589368885,100
2024-09-28 23:00:00+05:30,1.0,211.0,22.5,936.0,0.00547850209940047,100
2024-09-29 00:00:00+05:30,1.5,210.0,21.9,935.4,0.04781532991229023,100
2024-09-29 01:00:00+05:30,2.0,180.0,21.6,934.9,0.30790193616704176,100
2024-09-29 02:00:00+05:30,2.4,153.0,21.6,934.5,0.0,100
2024-09-29 03:00:00+05:30,2.8,108.0,21.3,934.4,1.1546760008705843,100
2024-09-29 04:00:00+05:30,4.0,126.0,21.1,934.5,1.5220670770490181,100
2024-09-29 05:00:00+05:30,5.2,136.0,20.6,934.9,0.0,100
2024-09-29 06:00:00+05:30,1.9,119.0,21.2,935.4,0.037300289937575205,100
2024-09-29 07:00:00+05:30,1.1,99.0,22.1,936.2,0.0,100
2024-09-29 08:00:00+05:30,3.4,273.0,24.2,937.1,0.24955341798325764,100
2024-09-29 09:00:00+05:30,2.9,248.0,26.2,937.5,1.3084755234686898,100
2024-09-29 10:00:00+05:30,2.5,249.0,28.4,937.5,0.6529177781796679,100
2024-09-29 11:00:00+05:30,4.5,268.0,29.6,937.1,1.236537521097496,100
2024-09-29 12:00:00+05:30,6.1,268.0,29.8,936.2,4.540160270495235,100
2024-09-29 13:00:00+05:30,5.8,270.0,29.9,935.3,3.549454076004264,100
2024-09-29 14:00:00+05:30,6.1,270.0,30.1,934.6,3.508171263752609,100
2024-09-29 15:00:00+05:30,8.5,287.0,29.4,934.0,24.596668291366278,100
2024-09-29 16:00:00+05:30,13.2,281.0,27.7,933.8,98.68517714596888,100
2024-09-29 17:00:00+05:30,13.5,295.0,26.3,933.8,100.0,100
2024-09-29 18:00:00+05:30,10.2,298.0,25.3,934.1,52.87867039808857,100
2024-09-29 19:00:00+05:30,10.7,306.0,24.2,934.9,61.20739659872209,100
2024-09-29 20:00:00+05:30,6.7,316.0,23.6,936.2,4.898849416785908,100
2024-09-29 21:00:00+05:30,6.0,333.0,23.2,937.0,2.7667057591813626,100
2024-09-29 22:00:00+05:30,3.8,319.0,22.7,937.0,0.21483767583068614,100
2024-09-29 23:00:00+05:30,2.6,326.0,22.1,936.5,0.0,100
2024-09-30 00:00:00+05:30,2.6,326.0,21.7,935.8,0.11137291596882995,100
2024-09-30 01:00:00+05:30,2.6,321.0,21.5,935.2,0.0,100
2024-09-30 02:00:00+05:30,2.0,350.0,21.0,934.9,0.33816436932439675,100
2024-09-30 03:00:00+05:30,3.6,333.0,20.9,934.9,0.0,100
2024-09-30 04:00:00+05:30,2.9,330.0,20.6,935.1,1.1539849388350143,100
2024-09-30 05:00:00+05:30,3.3,354.0,20.4,935.4,1.0380791836440333,100
2024-09-30 06:00:00+05:30,2.4,17.0,20.6,935.7,0.040081229732535424,100
2024-09-30 07:00:00+05:30,1.9,34.0,21.3,936.9,0.0,100
2024-09-30 08:00:00+05:30,0.6,72.0,23.3,938.0,0.5896475364449247,100
2024-09-30 09:00:00+05:30,0.4,90.0,25.5,938.5,0.49577732453971174,100
2024-09-30 10:00:00+05:30,1.1,72.0,27.5,938.2,0.0,100
2024-09-30 11:00:00+05:30,1.5,135.0,28.9,937.7,0.057400929687038124,100
2024-09-30 12:00:00+05:30,1.1,162.0,30.0,936.6,0.0,100
2024-09-30 13:00:00+05:30,0.7,104.0,30.8,935.3,0.0,100
2024-09-30 14:00:00+05:30,1.0,112.0,31.5,934.3,1.5180746886225136,100
2024-09-30 15:00:00+05:30,2.5,180.0,31.4,933.6,0.46912819490982854,100
2024-09-30 16:00:00+05:30,5.8,210.0,29.9,933.6,3.4056770828415055,100
2024-09-30 17:00:00+05:30,3.4,186.0,27.2,934.0,0.0,100
2024-09-30 18:00:00+05:30,3.3,221.0,26.7,933.7,0.0,100
2024-09-30 19:00:00+05:30,3.9,223.0,25.5,934.2,0.0,100
2024-09-30 20:00:00+05:30,2.5,172.0,25.4,935.4,0.6154981037074837,100
2024-09-30 21:00:00+05:30,0.7,346.0,24.8,936.0,0.3694801630629552,100
2024-09-30 22:00:00+05:30,1.3,45.0,24.6,936.1,0.0,100
2024-09-30 23:00:00+05:30,2.2,90.0,24.1,935.9,0.5375765039526694,100
2024-10-01 00:00:00+05:30,1.5,54.0,23.7,935.3,0.0,100
2024-10-01 01:00:00+05:30,2.7,37.0,23.0,934.4,2.2416844778443283,100
2024-10-01 02:00:00+05:30,4.1,34.0,22.2,933.8,0.0,100
2024-10-01 03:00:00+05:30,2.6,56.0,22.1,933.6,0.0,100
2024-10-01 04:00:00+05:30,1.8,45.0,22.1,933.6,0.0,100
2024-10-01 05:00:00+05:30,4.4,27.0,21.8,933.9,1.127887382127218,100
2024-10-01 06:00:00+05:30,0.6,342.0,22.4,934.4,1.4751809844617618,100
2024-10-01 07:00:00+05:30,2.3,309.0,22.8,934.9,0.0,100
2024-10-01 08:00:00+05:30,1.0,329.0,24.5,935.8,0.03097426833593115,100
2024-10-01 09:00:00+05:30,0.7,14.0,26.8,936.1,0.8143807613132475,100
2024-10-01 10:00:00+05:30,2.9,120.0,28.7,936.2,0.0,100
2024-10-01 11:00:00+05:30,3.7,125.0,29.8,935.4,0.6180856165706617,100
2024-10-01 12:00:00+05:30,4.1,128.0,30.6,934.5,0.04350443385963579,100
2024-10-01 13:00:00+05:30,4.0,87.0,31.1,933.5,0.8020490658262112,100
2024-10-01 14:00:00+05:30,3.8,71.0,31.1,932.8,0.06169548645487591,100
2024-10-01 15:00:00+05:30,3.7,61.0,31.4,932.5,0.0,100
2024-10-01 16:00:00+05:30,4.0,100.0,29.8,932.4,0.0,100
2024-10-01 17:00:00+05:30,4.3,298.0,28.1,932.6,0.0,100
2024-10-01 18:00:00+05:30,6.2,327.0,25.8,933.1,5.925095541540786,100
2024-10-01 19:00:00+05:30,2.8,345.0,26.0,934.4,0.0,100
2024-10-01 20:00:00+05:30,2.1,200.0,25.2,935.1,0.08656128954447856,100
2024-10-01 21:00:00+05:30,1.6,180.0,24.8,935.5,1.98867457404675,100
2024-10-01 22:00:00+05:30,3.7,145.0,23.5,935.3,0.0,100
2024-10-01 23:00:00+05:30,3.5,168.0,23.9,935.6,0.0,100
2024-10-02 00:00:00+05:30,2.1,75.0,23.6,934.9,0.45067819313135815,100
2024-10-02 01:00:00+05:30,3.3,103.0,22.7,934.2,0.0,100
2024-10-02 02:00:00+05:30,0.9,37.0,22.8,933.7,0.41857191620085243,100
2024-10-02 03:00:00+05:30,2.6,344.0,21.7,933.0,0.7837199806089035,100
2024-10-02 04:00:00+05:30,4.5,313.0,21.1,933.0,0.0,100
2024-10-02 05:00:00+05:30,5.2,316.0,20.8,933.3,1.1053122880338089,100
2024-10-02 06:00:00+05:30,3.1,315.0,21.8,934.3,0.45354880166218514,100
2024-10-02 07:00:00+05:30,2.7,318.0,22.4,935.0,1.5947551300191005,100
2024-10-02 08:00:00+05:30,2.3,328.0,24.8,935.9,1.1584222261702097,100
2024-10-02 09:00:00+05:30,1.7,283.0,27.1,936.7,1.2699828203914236,100
2024-10-02 10:00:00+05:30,0.4,270.0,28.7,936.9,0.803932360978695,100
2024-10-02 11:00:00+05:30,1.3,16.0,30.1,936.2,0.0,100
2024-10-02 12:00:00+05:30,1.9,287.0,31.2,935.4,0.5288700835285096,100
2024-10-02 13:00:00+05:30,11.0,268.0,28.7,934.2,67.11215619221433,100
2024-10-02 14:00:00+05:30,8.5,324.0,26.9,934.0,24.411232694814966,100
2024-10-02 15:00:00+05:30,9.3,288.0,26.4,933.5,33.10070455098586,100
2024-10-02 16:00:00+05:30,7.6,315.0,25.4,933.3,13.578369194868728,100
2024-10-02 17:00:00+05:30,5.3,294.0,25.5,933.9,1.779640318915315,100
2024-10-02 18:00:00+05:30,2.8,310.0,25.3,934.2,0.5799178779354233,100
2024-10-02 19:00:00+05:30,0.7,76.0,24.9,935.4,0.9700253956005173,100
2024-10-02 20:00:00+05:30,0.4,63.0,24.6,936.0,1.5506959377135896,100
2024-10-02 21:00:00+05:30,0.6,34.0,24.1,936.6,0.0,100
2024-10-02 22:00:00+05:30,5.2,301.0,22.6,936.1,3.7548886581352177,100
2024-10-02 23:00:00+05:30,4.3,312.0,22.8,935.6,1.4503542276762698,100
2024-10-03 00:00:00+05:30,1.5,30.0,22.9,935.2,0.2619874053786777,100
2024-10-03 01:00:00+05:30,0.4,27.0,22.5,934.6,0.0,100
2024-10-03 02:00:00+05:30,2.7,298.0,22.2,933.8,0.38608822473650334,100
2024-10-03 03:00:00+05:30,3.2,322.0,22.0,933.6,0.0,100
2024-10-03 04:00:00+05:30,4.8,326.0,21.3,933.5,0.0,100
2024-10-03 05:00:00+05:30,3.6,307.0,21.8,934.0,0.0,100
2024-10-03 06:00:00+05:30,3.2,267.0,22.6,935.1,0.0,100
2024-10-03 07:00:00+05:30,2.7,293.0,23.1,936.1,0.0,100
2024-10-03 08:00:00+05:30,5.5,289.0,24.7,936.8,3.148622173333957,100
2024-10-03 09:00:00+05:30,5.8,292.0,26.7,937.4,5.1766071962812745,100
2024-10-03 10:00:00+05:30,5.6,295.0,28.8,937.3,4.324861080647132,100
2024-10-03 11:00:00+05:30,6.4,286.0,29.9,936.6,6.07937279962006,100
2024-10-03 12:00:00+05:30,7.5,290.0,30.6,935.3,11.804569540012434,100
2024-10-03 13:00:00+05:30,13.0,271.0,29.6,934.7,100.0,100
2024-10-03 14:00:00+05:30,8.2,280.0,28.3,933.8,18.799461963886145,100
2024-10-03 15:00:00+05:30,5.5,293.0,26.3,933.4,2.216304617339135,100
2024-10-03 16:00:00+05:30,9.2,281.0,26.9,932.9,31.69904507558044,100
2024-10-03 17:00:00+05:30,9.7,294.0,25.6,933.2,38.69357953144214,100
2024-10-03 18:00:00+05:30,6.4,302.0,25.1,934.0,6.089914868784159,100
2024-10-03 19:00:00+05:30,5.9,305.0,24.2,934.6,1.7644996297073712,100
2024-10-03 20:00:00+05:30,5.6,320.0,23.5,935.0,2.9450459932468958,100
2024-10-03 21:00:00+05:30,3.1,332.0,22.9,935.4,0.0,100
2024-10-03 22:00:00+05:30,3.1,339.0,22.5,935.5,1.8144709619052601,100
2024-10-03 23:00:00+05:30,3.1,332.0,22.1,935.1,0.0,100
2024-10-04 00:00:00+05:30,3.5,298.0,21.7,934.7,0.0,100
2024-10-04 01:00:00+05:30,4.0,297.0,21.2,933.9,0.14398556413261812,100
2024-10-04 02:00:00+05:30,3.7,321.0,20.8,933.2,0.45081386094831377,100
2024-10-04 03:00:00+05:30,2.8,342.0,20.7,933.0,0.0,100
2024-10-04 04:00:00+05:30,3.4,6.0,20.3,933.4,0.0,100
2024-10-04 05:00:00+05:30,3.4,354.0,20.1,934.1,0.0,100
2024-10-04 06:00:00+05:30,0.6,18.0,20.9,934.4,0.0,100
2024-10-04 07:00:00+05:30,1.0,68.0,21.3,935.4,0.0,100
2024-10-04 08:00:00+05:30,1.7,347.0,23.1,936.5,0.0,100
2024-10-04 09:00:00+05:30,4.8,297.0,26.1,937.2,0.3699496941648981,100
2024-10-04 10:00:00+05:30,3.5,291.0,28.0,937.3,0.5681666242396469,100
2024-10-04 11:00:00+05:30,3.6,279.0,29.2,936.6,0.09474480595189035,100
2024-10-04 12:00:00+05:30,6.3,283.0,29.8,935.6,7.11530171680164,100
2024-10-04 13:00:00+05:30,9.9,302.0,28.7,934.6,44.07310218382639,100
2024-10-04 14:00:00+05:30,10.3,286.0,28.9,933.8,51.16299443658392,100
2024-10-04 15:00:00+05:30,12.2,294.0,27.3,933.4,98.60025611810285,100
2024-10-04 16:00:00+05:30,12.7,299.0,26.2,932.9,98.8801527466187,100
2024-10-04 17:00:00+05:30,10.3,285.0,26.0,933.3,56.18046486472487,100
2024-10-04 18:00:00+05:30,7.5,278.0,24.8,933.7,13.250209582429452,100
2024-10-04 19:00:00+05:30,6.1,293.0,23.8,934.3,3.638460797496153,100
2024-10-04 20:00:00+05:30,5.5,311.0,23.2,934.9,1.2673957294610019,100
2024-10-04 21:00:00+05:30,6.4,313.0,22.6,935.5,4.191430050150871,100
2024-10-04 22:00:00+05:30,5.9,322.0,22.2,935.5,3.819098562580307,100
2024-10-04 23:00:00+05:30,6.5,330.0,21.9,935.2,4.656120798868043,100
2024-10-05 00:00:00+05:30,3.8,343.0,21.5,934.8,0.6207239091713871,100
2024-10-05 01:00:00+05:30,4.6,351.0,20.6,934.2,0.0,100
2024-10-05 02:00:00+05:30,3.8,315.0,20.2,933.9,1.6380897202027813,100
2024-10-05 03:00:00+05:30,3.7,321.0,19.7,933.6,0.0,100
2024-10-05 04:00:00+05:30,4.8,335.0,19.9,933.8,1.7900796627213755,100
2024-10-05 05:00:00+05:30,4.1,326.0,19.2,934.2,0.0,100
2024-10-05 06:00:00+05:30,0.5,270.0,20.1,935.0,0.0,100
2024-10-05 07:00:00+05:30,0.6,342.0,20.8,935.9,1.7111299811667893,100
2024-10-05 08:00:00+05:30,0.4,270.0,22.7,937.0,0.0,100
2024-10-05 09:00:00+05:30,1.5,339.0,25.0,937.6,1.362523331216385,100
2024-10-05 10:00:00+05:30,3.1,315.0,27.1,937.6,0.0,100
2024-10-05 11:00:00+05:30,4.0,324.0,28.8,936.7,0.0,100
2024-10-05 12:00:00+05:30,4.1,315.0,29.9,935.6,0.0,100
2024-10-05 13:00:00+05:30,4.0,300.0,30.4,934.6,1.276830538433701,100
2024-10-05 14:00:00+05:30,3.9,317.0,30.3,933.8,0.0,100
2024-10-05 15:00:00+05:30,6.4,320.0,29.7,933.4,7.252811196048086,100
2024-10-05 16:00:00+05:30,9.1,295.0,28.7,933.4,31.30138189563319,100
2024-10-05 17:00:00+05:30,8.5,272.0,27.3,933.6,23.36801546168105,100
2024-10-05 18:00:00+05:30,6.1,265.0,25.8,933.7,4.754638880779854,100
2024-10-05 19:00:00+05:30,4.5,265.0,24.3,934.4,0.0,100
2024-10-05 20:00:00+05:30,8.3,288.0,23.3,935.0,20.326443150660214,100
2024-10-05 21:00:00+05:30,6.5,304.0,22.7,935.4,6.822400843681022,100
2024-10-05 22:00:00+05:30,4.8,315.0,22.3,935.7,0.0,100
2024-10-05 23:00:00+05:30,2.4,17.0,21.7,935.5,0.0,100
2024-10-06 00:00:00+05:30,2.3,356.0,21.1,935.4,0.0,100
2024-10-06 01:00:00+05:30,3.7,309.0,21.0,934.7,0.124608495232084,100
2024-10-06 02:00:00+05:30,5.4,318.0,20.6,934.0,2.2604009053309495,100
2024-10-06 03:00:00+05:30,4.8,318.0,20.3,933.7,1.8117945980474905,100
2024-10-06 04:00:00+05:30,3.6,300.0,19.6,933.3,1.192269338321684,100
2024-10-06 05:00:00+05:30,4.0,306.0,19.0,933.5,1.193893688352094,100
2024-10-06 06:00:00+05:30,2.9,330.0,20.0,934.7,1.1833491914941392,100
2024-10-06 07:00:00+05:30,3.7,305.0,21.6,935.7,0.04308231764877149,100
2024-10-06 08:00:00+05:30,3.6,340.0,24.2,936.6,0.7433280441394576,100
2024-10-06 09:00:00+05:30,6.3,27.0,26.4,937.2,5.478008831068879,100
2024-10-06 10:00:00+05:30,8.6,53.0,27.9,937.3,24.957381892899207,100
2024-10-06 11:00:00+05:30,9.2,64.0,28.9,936.9,31.793624572403868,100
2024-10-06 12:00:00+05:30,9.7,68.0,29.5,936.1,43.064655426073315,100
2024-10-06 13:00:00+05:30,9.4,73.0,28.7,934.9,36.959793914411634,100
2024-10-06 14:00:00+05:30,15.7,86.0,26.4,934.3,100.0,100
2024-10-06 15:00:00+05:30,5.5,191.0,25.8,933.8,3.979714553204973,100
2024-10-06 16:00:00+05:30,6.7,275.0,25.9,933.8,8.003449571736079,100
2024-10-06 17:00:00+05:30,9.4,293.0,24.6,934.0,36.9338026079076,100
2024-10-06 18:00:00+05:30,3.6,229.0,26.1,934.3,1.0993693705386385,100
2024-10-06 19:00:00+05:30,2.2,336.0,25.6,935.2,1.1420021795614697,100
2024-10-06 20:00:00+05:30,1.2,321.0,25.2,935.7,0.0,100
2024-10-06 21:00:00+05:30,2.3,39.0,24.9,936.3,0.6105790335300119,100
2024-10-06 22:00:00+05:30,3.2,47.0,24.1,936.2,0.0,100
2024-10-06 23:00:00+05:30,7.8,176.0,22.1,936.5,14.365480028512795,100
2024-10-07 00:00:00+05:30,0.9,90.0,22.1,935.9,0.7428468811495007,100
2024-10-07 01:00:00+05:30,0.7,346.0,21.6,935.7,0.0,100
2024-10-07 02:00:00+05:30,4.7,317.0,19.9,934.6,0.018348401827725902,100
2024-10-07 03:00:00+05:30,3.7,321.0,20.2,934.6,0.0,100
2024-10-07 04:00:00+05:30,5.4,4.0,20.2,934.7,2.221062447416716,100
2024-10-07 05:00:00+05:30,1.7,288.0,21.6,935.4,0.0,100
2024-10-07 06:00:00+05:30,2.6,304.0,20.9,936.1,0.4125854188814087,100
2024-10-07 07:00:00+05:30,2.3,302.0,22.3,937.1,0.0,100
2024-10-07 08:00:00+05:30,0.9,143.0,24.4,938.2,0.06643014612280267,100
2024-10-07 09:00:00+05:30,4.6,103.0,26.6,938.7,0.0,100
2024-10-07 10:00:00+05:30,11.4,102.0,28.4,938.6,81.77654039169738,100
2024-10-07 11:00:00+05:30,14.0,102.0,29.7,938.0,100.0,100
2024-10-07 12:00:00+05:30,13.8,98.0,30.1,936.9,98.44604353182345,100
2024-10-07 13:00:00+05:30,13.7,94.0,30.6,935.9,100.0,100
2024-10-07 14:00:00+05:30,12.2,91.0,30.9,934.9,99.23420694051508,100
2024-10-07 15:00:00+05:30,11.6,82.0,29.8,934.2,87.81714296185275,100
2024-10-07 16:00:00+05:30,10.3,89.0,29.2,934.4,53.793035498793806,100
2024-10-07 17:00:00+05:30,5.3,82.0,28.2,934.6,2.024755066784956,100
2024-10-07 18:00:00+05:30,6.6,106.0,25.7,934.3,7.5034910754630815,100
2024-10-07 19:00:00+05:30,5.5,46.0,24.5,935.4,3.4721701306086956,100
2024-10-07 20:00:00+05:30,7.3,329.0,23.6,936.4,10.932096187016548,100
2024-10-07 21:00:00+05:30,9.1,218.0,22.3,936.7,29.89252770059809,100
2024-10-07 22:00:00+05:30,4.5,233.0,21.8,936.8,0.15828942346156638,100
2024-10-07 23:00:00+05:30,3.6,217.0,21.1,936.4,0.03505775205454086,100
2024-10-08 00:00:00+05:30,3.8,205.0,20.6,936.2,0.8410057697263196,100
2024-10-08 01:00:00+05:30,4.5,227.0,20.3,935.9,0.42824346948393505,100
2024-10-08 02:00:00+05:30,0.9,349.0,21.4,935.7,1.3133926941998246,100
2024-10-08 03:00:00+05:30,2.8,320.0,20.1,935.4,0.37119710650213533,100
2024-10-08 04:00:00+05:30,3.6,327.0,20.1,935.4,0.0,100
2024-10-08 05:00:00+05:30,2.9,317.0,20.6,935.5,1.1089475451868025,100
2024-10-08 06:00:00+05:30,4.8,340.0,20.6,936.8,0.0,100
2024-10-08 07:00:00+05:30,2.3,247.0,21.6,937.5,1.2047213107398913,100
2024-10-08 08:00:00+05:30,1.0,239.0,23.6,938.7,0.0,100
2024-10-08 09:00:00+05:30,3.1,152.0,25.7,939.2,0.0,100
2024-10-08 10:00:00+05:30,6.7,128.0,27.6,939.0,6.028361150745126,100
2024-10-08 11:00:00+05:30,7.1,111.0,29.1,938.1,11.723575938016744,100
2024-10-08 12:00:00+05:30,8.6,91.0,29.8,937.0,23.592695455360793,100
2024-10-08 13:00:00+05:30,8.8,86.0,30.3,935.9,26.799518303807076,100
2024-10-08 14:00:00+05:30,10.2,83.0,30.6,935.0,49.98975390618848,100
2024-10-08 15:00:00+05:30,10.5,102.0,29.3,934.2,57.974161810987226,100
2024-10-08 16:00:00+05:30,5.2,34.0,27.1,934.2,1.16788820090938,100
2024-10-08 17:00:00+05:30,1.3,124.0,26.9,934.5,0.0,100
2024-10-08 18:00:00+05:30,1.9,202.0,27.1,935.2,0.0,100
2024-10-08 19:00:00+05:30,3.3,6.0,25.5,935.2,0.6348717490982675,100
2024-10-08 20:00:00+05:30,4.9,6.0,24.1,935.6,0.0,100
2024-10-08 21:00:00+05:30,2.0,225.0,23.1,936.1,1.9188559377488879,100
2024-10-08 22:00:00+05:30,13.0,223.0,21.1,936.9,100.0,100
2024-10-08 23:00:00+05:30,2.3,274.0,21.1,935.9,2.4858975158690786,100
2024-10-09 00:00:00+05:30,2.7,242.0,21.2,935.4,0.0,100
2024-10-09 01:00:00+05:30,2.0,270.0,21.1,934.8,0.0,100
2024-10-09 02:00:00+05:30,1.5,256.0,21.3,934.0,0.0,100
2024-10-09 03:00:00+05:30,2.4,253.0,21.7,934.0,0.0,100
2024-10-09 04:00:00+05:30,3.5,294.0,21.7,933.8,0.48695483559444913,100
2024-10-09 05:00:00+05:30,3.2,286.0,21.6,934.2,0.46634505021162337,100
2024-10-09 06:00:00+05:30,4.2,133.0,22.4,934.9,1.285903701205688,100
2024-10-09 07:00:00+05:30,3.4,106.0,22.6,935.5,0.9630020724405469,100
2024-10-09 08:00:00+05:30,8.2,130.0,23.7,936.2,18.809267161051814,100
2024-10-09 09:00:00+05:30,11.1,137.0,25.4,936.8,72.70907346774392,100
2024-10-09 10:00:00+05:30,13.0,139.0,26.5,936.9,100.0,100
2024-10-09 11:00:00+05:30,11.5,138.0,26.5,936.0,82.44023424007482,100
2024-10-09 12:00:00+05:30,11.1,141.0,26.8,934.9,75.00420642416431,100
2024-10-09 13:00:00+05:30,7.7,149.0,27.2,934.1,11.220958011859617,100
2024-10-09 14:00:00+05:30,4.0,153.0,27.6,932.9,0.0,100
2024-10-09 15:00:00+05:30,4.3,265.0,28.4,931.6,0.0,100
2024-10-09 16:00:00+05:30,12.5,176.0,24.7,932.4,99.37569474658243,100
2024-10-09 17:00:00+05:30,3.6,81.0,23.5,932.2,0.07067201993456149,100
2024-10-09 18:00:00+05:30,3.5,291.0,22.3,933.9,0.0,100
2024-10-09 19:00:00+05:30,8.5,355.0,22.2,934.6,23.03602988479131,100
2024-10-09 20:00:00+05:30,2.8,320.0,21.6,934.2,0.38735248893990765,100
2024-10-09 21:00:00+05:30,1.5,324.0,22.0,935.0,0.0,100
2024-10-09 22:00:00+05:30,1.5,291.0,22.1,935.0,0.1972275994808778,100
2024-10-09 23:00:00+05:30,2.7,290.0,21.3,934.0,0.0,100
2024-10-10 00:00:00+05:30,3.0,213.0,21.1,933.6,0.14807021971901554,100
2024-10-10 01:00:00+05:30,1.3,315.0,21.2,932.6,0.5329968601605459,100
2024-10-10 02:00:00+05:30,0.9,233.0,21.8,932.4,1.4186909445655926,100
2024-10-10 03:00:00+05:30,3.8,185.0,20.6,931.8,0.0,100
2024-10-10 04:00:00+05:30,4.6,171.0,20.4,932.0,0.0,100
2024-10-10 05:00:00+05:30,5.1,144.0,20.5,932.4,2.862139454775993,100
2024-10-10 06:00:00+05:30,3.8,98.0,21.0,933.1,0.0,100
2024-10-10 07:00:00+05:30,6.7,109.0,22.1,934.4,6.2334071092864,100
2024-10-10 08:00:00+05:30,12.4,109.0,22.7,935.0,98.29278980614367,100
2024-10-10 09:00:00+05:30,17.0,117.0,23.8,935.2,98.00241565818924,100
2024-10-10 10:00:00+05:30,18.3,122.0,25.4,935.0,94.57911518347395,100
2024-10-10 11:00:00+05:30,18.5,128.0,27.1,934.6,99.68498960394335,100
2024-10-10 12:00:00+05:30,18.6,131.0,28.0,933.3,100.0,100
2024-10-10 13:00:00+05:30,16.0,144.0,27.0,932.1,95.50734553567271,100
2024-10-10 14:00:00+05:30,10.0,126.0,27.3,931.0,45.18476019366535,100
2024-10-10 15:00:00+05:30,8.2,116.0,27.6,930.7,20.12001824224938,100
2024-10-10 16:00:00+05:30,13.4,118.0,26.4,930.8,100.0,100
2024-10-10 17:00:00+05:30,7.5,201.0,23.9,931.3,11.494628384411413,100
2024-10-10 18:00:00+05:30,1.3,90.0,23.4,931.9,0.0,100
2024-10-10 19:00:00+05:30,3.1,13.0,22.2,932.4,2.3038955412648185,100
2024-10-10 20:00:00+05:30,6.4,10.0,21.6,933.1,4.643194925208399,100
2024-10-10 21:00:00+05:30,3.7,137.0,22.5,934.1,1.1321186855727734,100
2024-10-10 22:00:00+05:30,8.1,115.0,22.5,934.0,19.405609337292454,100
2024-10-10 23:00:00+05:30,5.4,104.0,21.8,933.7,0.692524412105975,100
2024-10-11 00:00:00+05:30,4.3,135.0,21.2,932.8,1.2189617618985633,100
2024-10-11 01:00:00+05:30,3.6,117.0,21.3,932.2,0.05311814457901439,100
2024-10-11 02:00:00+05:30,4.8,112.0,20.7,931.4,0.0,100
2024-10-11 03:00:00+05:30,4.5,137.0,21.1,931.7,0.3525830385309775,100
2024-10-11 04:00:00+05:30,4.9,118.0,21.4,931.8,0.43320393616759134,100
2024-10-11 05:00:00+05:30,5.9,104.0,21.5,932.0,2.819507891711858,100
2024-10-11 06:00:00+05:30,4.8,119.0,21.7,932.3,0.0,100
2024-10-11 07:00:00+05:30,10.6,120.0,22.7,933.5,56.22713677270891,100
2024-10-11 08:00:00+05:30,13.6,124.0,23.5,934.4,98.05850249778885,100
2024-10-11 09:00:00+05:30,16.7,126.0,25.3,934.8,100.0,100
2024-10-11 10:00:00+05:30,17.5,125.0,27.0,934.8,100.0,100
2024-10-11 11:00:00+05:30,17.7,128.0,28.1,934.0,99.01652554359974,100
2024-10-11 12:00:00+05:30,14.5,144.0,29.0,932.9,100.0,100
2024-10-11 13:00:00+05:30,13.0,133.0,26.9,932.2,98.79339869701963,100
2024-10-11 14:00:00+05:30,13.5,131.0,26.2,931.0,100.0,100
2024-10-11 15:00:00+05:30,6.1,192.0,24.5,930.8,4.559540064025735,100
2024-10-11 16:00:00+05:30,1.7,139.0,23.9,930.4,1.0047585381641881,100
2024-10-11 17:00:00+05:30,3.9,257.0,24.3,931.4,0.19574336912183657,100
2024-10-11 18:00:00+05:30,3.8,109.0,26.7,931.9,0.0,100
2024-10-11 19:00:00+05:30,3.5,145.0,25.8,932.8,2.1713487048480875,100
2024-10-11 20:00:00+05:30,2.1,200.0,25.0,933.8,0.0,100
2024-10-11 21:00:00+05:30,5.5,189.0,22.9,934.1,4.890599280093143,100
2024-10-11 22:00:00+05:30,4.1,113.0,22.6,934.0,0.704996521635563,100
2024-10-11 23:00:00+05:30,3.5,66.0,22.2,934.0,0.0,100
2024-10-12 00:00:00+05:30,3.7,55.0,22.0,933.5,0.0,100
2024-10-12 01:00:00+05:30,0.5,315.0,22.2,933.2,0.0,100
2024-10-12 02:00:00+05:30,2.9,349.0,21.0,932.2,0.0,100
2024-10-12 03:00:00+05:30,2.9,94.0,21.6,932.2,1.3913049108130924,100
2024-10-12 04:00:00+05:30,1.7,252.0,21.7,932.4,1.9481067908145506,100
2024-10-12 05:00:00+05:30,5.6,63.0,20.3,932.3,3.197313691019018,100
2024-10-12 06:00:00+05:30,2.6,78.0,21.2,933.4,0.0,100
2024-10-12 07:00:00+05:30,1.9,214.0,21.9,934.7,0.0,100
2024-10-12 08:00:00+05:30,8.3,117.0,23.3,935.5,21.104043868822387,100
2024-10-12 09:00:00+05:30,11.4,123.0,24.7,935.9,80.65794544362107,100
2024-10-12 10:00:00+05:30,12.3,129.0,25.8,936.0,100.0,100
2024-10-12 11:00:00+05:30,11.8,124.0,27.6,935.2,91.73640570537029,100
2024-10-12 12:00:00+05:30,11.4,127.0,28.9,934.4,81.13160194260057,100
2024-10-12 13:00:00+05:30,13.5,128.0,29.9,933.4,98.05524093003987,100
2024-10-12 14:00:00+05:30,9.6,99.0,25.0,932.5,38.3160845233889,100
2024-10-12 15:00:00+05:30,1.9,68.0,26.2,932.0,0.7764610593892137,100
2024-10-12 16:00:00+05:30,6.8,180.0,25.7,932.2,8.65817434575459,100
2024-10-12 17:00:00+05:30,3.3,171.0,25.5,932.7,0.0,100
2024-10-12 18:00:00+05:30,4.3,182.0,25.7,933.7,0.0,100
2024-10-12 19:00:00+05:30,6.5,152.0,23.0,933.3,4.964874252208029,100
2024-10-12 20:00:00+05:30,5.4,154.0,22.5,934.2,2.6982222761589423,100
2024-10-12 21:00:00+05:30,5.8,106.0,22.0,934.9,4.086492675302675,100
2024-10-12 22:00:00+05:30,3.9,103.0,23.0,935.1,0.0,100
2024-10-12 23:00:00+05:30,0.9,349.0,22.8,935.0,0.11546682285705506,100
2024-10-13 00:00:00+05:30,5.6,40.0,21.1,934.3,1.4646333453374978,100
2024-10-13 01:00:00+05:30,1.0,292.0,22.0,934.2,0.054068119000576106,100
2024-10-13 02:00:00+05:30,3.9,133.0,20.9,933.9,0.0,100
2024-10-13 03:00:00+05:30,5.4,154.0,21.3,933.6,1.3577386283306154,100
2024-10-13 04:00:00+05:30,3.1,183.0,20.7,933.6,0.2863744986374209,100
2024-10-13 05:00:00+05:30,4.0,129.0,20.7,933.7,0.0,100
2024-10-13 06:00:00+05:30,3.2,133.0,21.4,934.5,0.6022621691611258,100
2024-10-13 07:00:00+05:30,2.4,163.0,22.5,935.9,0.9518963365262645,100
2024-10-13 08:00:00+05:30,7.3,138.0,23.5,936.8,12.119228568957764,100
2024-10-13 09:00:00+05:30,10.7,149.0,24.7,937.1,62.418251965184844,100
2024-10-13 10:00:00+05:30,11.8,141.0,26.3,936.9,91.46084767363139,100
2024-10-13 11:00:00+05:30,12.3,142.0,28.3,936.4,100.0,100
2024-10-13 12:00:00+05:30,13.4,148.0,29.2,935.2,100.0,100
2024-10-13 13:00:00+05:30,12.9,147.0,30.0,934.4,100.0,100
2024-10-13 14:00:00+05:30,11.8,151.0,30.3,933.5,97.99398591972843,100
2024-10-13 15:00:00+05:30,9.7,133.0,29.2,932.9,40.635898998693634,100
2024-10-13 16:00:00+05:30,8.0,153.0,28.1,932.2,15.8963278506001,100
2024-10-13 17:00:00+05:30,2.4,163.0,27.7,932.5,1.9472042209351181,100
2024-10-13 18:00:00+05:30,4.5,43.0,24.1,933.3,0.32698524819651054,100
2024-10-13 19:00:00+05:30,5.6,358.0,23.3,933.8,2.3167797691671677,100
2024-10-13 20:00:00+05:30,7.3,28.0,23.3,935.2,9.785379809431106,100
2024-10-13 21:00:00+05:30,2.4,283.0,22.4,935.7,0.0,100
2024-10-13 22:00:00+05:30,5.9,310.0,22.6,936.0,3.918930475937772,100
2024-10-13 23:00:00+05:30,2.8,117.0,21.3,936.2,0.12069555662114718,100
2024-10-14 00:00:00+05:30,3.2,270.0,21.9,935.5,0.862345355101164,100
2024-10-14 01:00:00+05:30,2.8,310.0,21.6,934.9,0.0,100
2024-10-14 02:00:00+05:30,4.2,335.0,21.4,934.4,0.0,100
2024-10-14 03:00:00+05:30,3.6,6.0,21.4,934.1,0.7648650632286054,100
2024-10-14 04:00:00+05:30,2.3,315.0,21.8,934.2,0.8030170156474862,100
2024-10-14 05:00:00+05:30,3.1,310.0,21.6,934.4,0.6528035414434035,100
2024-10-14 06:00:00+05:30,6.0,9.0,21.8,936.0,1.0765717879142853,100
2024-10-14 07:00:00+05:30,7.3,31.0,22.2,936.6,11.211967904974717,100
2024-10-14 08:00:00+05:30,5.0,55.0,23.5,937.2,1.9351276720333508,100
2024-10-14 09:00:00+05:30,6.7,76.0,25.2,937.3,5.321202963626681,100
2024-10-14 10:00:00+05:30,8.2,99.0,26.6,937.3,18.988105506419362,100
2024-10-14 11:00:00+05:30,10.3,105.0,28.3,936.6,55.46936737806196,100
2024-10-14 12:00:00+05:30,10.5,115.0,28.6,935.6,57.594207452069774,100
2024-10-14 13:00:00+05:30,9.0,116.0,29.6,934.8,31.147854340284454,100
2024-10-14 14:00:00+05:30,8.4,113.0,29.9,934.1,18.717845853365475,100
2024-10-14 15:00:00+05:30,6.3,117.0,29.6,933.4,4.415912028671151,100
2024-10-14 16:00:00+05:30,5.2,102.0,29.1,932.8,0.22213658284198545,100
2024-10-14 17:00:00+05:30,5.5,139.0,27.4,933.0,2.451670267388346,100
2024-10-14 18:00:00+05:30,11.0,296.0,25.5,933.5,72.25377833716456,100
2024-10-14 19:00:00+05:30,7.0,320.0,24.1,934.0,10.199802701249745,100
2024-10-14 20:00:00+05:30,7.8,331.0,23.7,935.2,14.946777157228711,100
2024-10-14 21:00:00+05:30,9.9,5.0,23.3,936.2,43.96653587449479,100
2024-10-14 22:00:00+05:30,3.7,317.0,22.3,936.6,1.334249085483388,100
2024-10-14 23:00:00+05:30,2.2,256.0,22.3,936.0,0.23177175740260034,100
2024-10-15 00:00:00+05:30,5.9,333.0,22.4,935.6,3.5202441157264706,100
2024-10-15 01:00:00+05:30,4.7,328.0,21.7,934.8,2.145794208160317,100
2024-10-15 02:00:00+05:30,3.6,319.0,21.7,934.4,0.0,100
2024-10-15 03:00:00+05:30,4.5,47.0,21.4,934.5,0.13300439044233614,100
2024-10-15 04:00:00+05:30,2.3,148.0,21.3,935.1,0.0,100
2024-10-15 05:00:00+05:30,1.3,286.0,21.5,935.1,1.6245966918030172,100
2024-10-15 06:00:00+05:30,2.3,113.0,21.7,935.6,0.0,100
2024-10-15 07:00:00+05:30,2.4,42.0,21.7,936.3,1.0762842982384546,100
2024-10-15 08:00:00+05:30,2.0,360.0,21.9,936.8,1.379017614542716,100
2024-10-15 09:00:00+05:30,1.0,158.0,22.6,937.2,1.006828626212126,100
2024-10-15 10:00:00+05:30,2.8,130.0,24.5,937.5,0.9190966239656745,100
2024-10-15 11:00:00+05:30,6.2,128.0,26.1,937.0,3.705803023354429,100
2024-10-15 12:00:00+05:30,9.1,124.0,27.4,935.9,29.468584277115422,100
2024-10-15 13:00:00+05:30,8.3,123.0,28.5,935.2,21.422429442972906,100
2024-10-15 14:00:00+05:30,7.9,123.0,29.1,934.3,17.15204749487662,100
2024-10-15 15:00:00+05:30,8.4,124.0,28.9,933.6,22.13852831524132,100
2024-10-15 16:00:00+05:30,7.2,122.0,28.4,933.6,9.069485123329473,100
2024-10-15 17:00:00+05:30,5.2,124.0,25.7,934.1,1.958294263119158,100
2024-10-15 18:00:00+05:30,4.1,142.0,22.6,934.4,1.6073471302915203,100
2024-10-15 19:00:00+05:30,5.5,238.0,22.0,935.0,1.3434806256897156,100
2024-10-15 20:00:00+05:30,3.4,180.0,21.2,935.7,0.0,100
2024-10-15 21:00:00+05:30,3.3,49.0,21.5,935.8,0.0,100
2024-10-15 22:00:00+05:30,3.0,115.0,21.3,936.1,0.0,100
2024-10-15 23:00:00+05:30,5.4,240.0,21.2,936.0,3.7904435560379053,100
2024-10-16 00:00:00+05:30,0.5,90.0,21.1,935.7,0.4398772306890851,100
2024-10-16 01:00:00+05:30,2.8,305.0,21.1,934.8,0.0,100
2024-10-16 02:00:00+05:30,2.5,356.0,21.1,934.2,0.0,100
2024-10-16 03:00:00+05:30,2.5,300.0,21.1,933.9,0.6753768677399553,100
2024-10-16 04:00:00+05:30,2.0,265.0,21.2,933.7,0.0,100
2024-10-16 05:00:00+05:30,2.4,287.0,21.4,933.9,0.0,100
2024-10-16 06:00:00+05:30,4.8,292.0,21.9,935.0,1.9253548966893426,100
2024-10-16 07:00:00+05:30,6.1,326.0,22.4,935.2,3.035822861657122,100
2024-10-16 08:00:00+05:30,5.2,20.0,23.9,936.1,0.5786759211066486,100
2024-10-16 09:00:00+05:30,8.4,100.0,25.8,936.8,22.868039638645328,100
2024-10-16 10:00:00+05:30,12.1,118.0,27.4,936.8,100.0,100
2024-10-16 11:00:00+05:30,11.8,118.0,28.3,936.0,94.08400191041525,100
2024-10-16 12:00:00+05:30,9.8,113.0,28.4,934.7,45.45254060247494,100
2024-10-16 13:00:00+05:30,9.1,115.0,29.0,933.7,29.42481111743846,100
2024-10-16 14:00:00+05:30,9.3,105.0,29.5,932.9,35.15844999597666,100
2024-10-16 15:00:00+05:30,4.2,130.0,28.4,932.1,0.0,100
2024-10-16 16:00:00+05:30,9.7,117.0,24.0,933.3,41.45056163897881,100
2024-10-16 17:00:00+05:30,3.4,227.0,24.2,934.1,0.0,100
2024-10-16 18:00:00+05:30,4.1,272.0,23.3,933.1,1.4498609309299657,100
2024-10-16 19:00:00+05:30,4.5,275.0,22.9,933.5,0.6575543058982792,100
2024-10-16 20:00:00+05:30,4.4,291.0,22.5,934.4,0.0,100
2024-10-16 21:00:00+05:30,4.5,304.0,22.3,935.0,0.6278638895747766,100
2024-10-16 22:00:00+05:30,3.1,298.0,22.6,934.8,0.7043986211637003,100
2024-10-16 23:00:00+05:30,5.7,305.0,21.6,934.4,3.6610058899944447,100
2024-10-17 00:00:00+05:30,6.8,102.0,21.9,934.7,7.350384851513877,100
2024-10-17 01:00:00+05:30,3.2,133.0,21.6,934.2,0.0,100
2024-10-17 02:00:00+05:30,3.7,293.0,21.6,933.6,0.0,100
2024-10-17 03:00:00+05:30,4.2,192.0,21.3,933.7,0.1649312854027311,100
2024-10-17 04:00:00+05:30,3.7,209.0,21.2,933.4,0.0,100
2024-10-17 05:00:00+05:30,0.8,243.0,21.3,933.8,0.0,100
2024-10-17 06:00:00+05:30,2.8,285.0,21.8,934.2,0.0,100
2024-10-17 07:00:00+05:30,0.3,225.0,22.6,935.0,0.0,100
2024-10-17 08:00:00+05:30,2.8,55.0,23.8,935.5,3.1167128476050725,100
2024-10-17 09:00:00+05:30,8.8,86.0,25.7,936.5,27.96159420263159,100
2024-10-17 10:00:00+05:30,10.8,91.0,26.1,936.5,62.78989623635704,100
2024-10-17 11:00:00+05:30,12.8,88.0,27.7,935.4,99.74417508557536,100
2024-10-17 12:00:00+05:30,14.2,93.0,29.1,934.4,97.92882015523209,100
2024-10-17 13:00:00+05:30,14.1,86.0,29.1,933.2,100.0,100
2024-10-17 14:00:00+05:30,9.2,73.0,28.2,931.9,32.64927978010453,100
2024-10-17 15:00:00+05:30,10.2,58.0,25.0,931.4,50.71635311768113,100
2024-10-17 16:00:00+05:30,3.0,194.0,24.0,931.6,0.0,100
2024-10-17 17:00:00+05:30,0.9,270.0,23.9,932.8,0.9049715413688874,100
2024-10-17 18:00:00+05:30,4.6,121.0,23.4,932.4,1.6117444558112781,100
2024-10-17 19:00:00+05:30,5.3,152.0,23.0,933.4,0.7029501900161037,100
2024-10-17 20:00:00+05:30,3.8,197.0,22.7,934.0,0.0,100
2024-10-17 21:00:00+05:30,4.6,129.0,22.3,934.6,0.0,100
2024-10-17 22:00:00+05:30,3.8,121.0,22.5,934.5,0.6840616333133578,100
2024-10-17 23:00:00+05:30,3.6,153.0,22.1,934.3,0.9927164816170913,100
2024-10-18 00:00:00+05:30,4.6,135.0,22.0,933.8,0.777737381229995,100
2024-10-18 01:00:00+05:30,4.3,118.0,22.3,933.1,0.8001286677895747,100
2024-10-18 02:00:00+05:30,3.4,155.0,21.9,932.5,0.0,100
2024-10-18 03:00:00+05:30,5.6,111.0,22.4,932.3,2.327476930374726,100
2024-10-18 04:00:00+05:30,6.7,104.0,22.3,932.3,7.599332024515043,100
2024-10-18 05:00:00+05:30,7.2,108.0,22.3,933.0,10.762720045193303,100
2024-10-18 06:00:00+05:30,10.4,108.0,23.0,933.5,53.78287322675059,100
2024-10-18 07:00:00+05:30,9.3,108.0,23.2,934.4,35.43648425106265,100
2024-10-18 08:00:00+05:30,12.0,106.0,23.6,935.2,99.52151220125867,100
2024-10-18 09:00:00+05:30,14.1,117.0,25.0,935.8,100.0,100
2024-10-18 10:00:00+05:30,15.0,127.0,27.0,936.1,100.0,100
2024-10-18 11:00:00+05:30,15.2,139.0,26.4,935.4,98.10699882199441,100
2024-10-18 12:00:00+05:30,9.3,156.0,27.6,934.2,33.75789432635204,100
2024-10-18 13:00:00+05:30,10.6,152.0,24.9,933.4,62.334247131496525,100
2024-10-18 14:00:00+05:30,2.4,117.0,26.5,932.5,0.9826447881557664,100
2024-10-18 15:00:00+05:30,12.8,125.0,25.9,932.4,99.12177883399856,100
2024-10-18 16:00:00+05:30,2.4,222.0,23.7,932.4,0.0,100
2024-10-18 17:00:00+05:30,5.8,274.0,23.3,933.1,3.752722392751806,100
2024-10-18 18:00:00+05:30,3.3,77.0,24.6,933.4,0.0,100
2024-10-18 19:00:00+05:30,7.5,98.0,23.2,934.3,12.746769748382128,100
2024-10-18 20:00:00+05:30,3.9,137.0,22.4,934.8,0.09651909973317208,100
2024-10-18 21:00:00+05:30,4.3,178.0,22.6,935.3,0.4113741437826294,100
2024-10-18 22:00:00+05:30,2.8,349.0,21.8,935.3,0.0,100
2024-10-18 23:00:00+05:30,3.8,355.0,21.3,935.6,0.7557644986427975,100
2024-10-19 00:00:00+05:30,4.9,62.0,21.1,935.3,1.9171846403657309,100
2024-10-19 01:00:00+05:30,2.8,11.0,21.0,934.5,0.010431119283595377,100
2024-10-19 02:00:00+05:30,2.9,317.0,20.3,934.1,1.207923793098839,100
2024-10-19 03:00:00+05:30,2.8,325.0,20.2,934.1,1.0526839539051525,100
2024-10-19 04:00:00+05:30,2.5,4.0,20.3,934.3,0.2048925628920331,100
2024-10-19 05:00:00+05:30,2.3,360.0,20.8,934.4,0.0,100
2024-10-19 06:00:00+05:30,2.3,67.0,22.2,935.4,0.0,100
2024-10-19 07:00:00+05:30,4.4,117.0,22.8,936.3,2.625180339602867,100
2024-10-19 08:00:00+05:30,6.6,133.0,24.0,936.8,6.719709572058863,100
2024-10-19 09:00:00+05:30,6.6,137.0,25.2,937.4,6.852839981092377,100
2024-10-19 10:00:00+05:30,8.2,144.0,26.5,937.7,18.960276370084316,100
2024-10-19 11:00:00+05:30,8.5,148.0,27.4,937.1,22.159599520210385,100
2024-10-19 12:00:00+05:30,7.7,152.0,28.7,936.1,14.430406633498663,100
2024-10-19 13:00:00+05:30,8.4,138.0,29.9,934.9,20.88569976800331,100
2024-10-19 14:00:00+05:30,15.6,149.0,27.3,933.8,100.0,100
2024-10-19 15:00:00+05:30,4.6,312.0,25.3,933.6,0.7039621960422139,100
2024-10-19 16:00:00+05:30,1.6,96.0,25.3,934.3,0.0,100
2024-10-19 17:00:00+05:30,2.9,176.0,23.8,934.8,0.0,100
2024-10-19 18:00:00+05:30,3.8,98.0,23.1,934.9,0.1640460717358362,100
2024-10-19 19:00:00+05:30,4.2,149.0,22.7,935.9,0.0,100
2024-10-19 20:00:00+05:30,4.5,140.0,22.2,936.1,0.49152868599095073,100
2024-10-19 21:00:00+05:30,1.3,135.0,22.9,936.9,0.0,100
2024-10-19 22:00:00+05:30,4.6,351.0,21.4,937.0,0.10667858783608763,100
2024-10-19 23:00:00+05:30,5.6,6.0,21.3,937.0,1.0034603265129167,100
2024-10-20 00:00:00+05:30,4.7,356.0,21.7,936.4,0.0,100
2024-10-20 01:00:00+05:30,6.2,8.0,21.2,935.8,4.827628806368527,100
2024-10-20 02:00:00+05:30,6.0,16.0,20.9,935.2,4.340572087566222,100
2024-10-20 03:00:00+05:30,4.1,34.0,21.6,935.7,0.0,100
2024-10-20 04:00:00+05:30,3.1,31.0,21.9,936.0,0.0,100
2024-10-20 05:00:00+05:30,2.5,94.0,21.5,936.4,0.0,100
2024-10-20 06:00:00+05:30,2.4,63.0,22.1,937.2,0.0,100
2024-10-20 07:00:00+05:30,3.2,71.0,22.4,937.7,0.0,100
2024-10-20 08:00:00+05:30,4.9,96.0,23.2,938.2,1.6812849107530834,100
2024-10-20 09:00:00+05:30,6.2,112.0,24.8,938.8,4.75114805445909,100
2024-10-20 10:00:00+05:30,10.5,121.0,26.6,939.0,57.84058834016386,100
2024-10-20 11:00:00+05:30,10.9,124.0,27.8,938.2,67.32789057986787,100
2024-10-20 12:00:00+05:30,9.7,124.0,27.9,936.9,39.13239688213667,100
2024-10-20 13:00:00+05:30,9.1,122.0,28.3,936.1,31.16944904290193,100
2024-10-20 14:00:00+05:30,7.8,119.0,28.6,935.4,16.019407985168076,100
2024-10-20 15:00:00+05:30,4.3,92.0,28.8,935.0,0.0,100
2024-10-20 16:00:00+05:30,3.4,90.0,28.7,934.6,0.0,100
2024-10-20 17:00:00+05:30,1.7,77.0,27.9,934.7,1.6299087259273677,100
2024-10-20 18:00:00+05:30,3.8,295.0,24.6,934.9,0.0,100
2024-10-20 19:00:00+05:30,11.6,6.0,23.5,936.0,86.29226851007795,100
2024-10-20 20:00:00+05:30,5.4,334.0,22.8,936.3,1.1952846669037123,100
2024-10-20 21:00:00+05:30,5.0,2.0,22.1,937.0,0.7719600927093859,100
2024-10-20 22:00:00+05:30,4.0,100.0,21.9,937.5,0.5272639995118191,100
2024-10-20 23:00:00+05:30,3.9,53.0,22.0,937.6,1.0453123803467312,100
2024-10-21 00:00:00+05:30,4.2,102.0,22.0,937.5,0.5455351371362424,100
2024-10-21 01:00:00+05:30,3.6,96.0,21.9,936.8,0.0,100
2024-10-21 02:00:00+05:30,3.0,52.0,21.2,936.2,2.078053810948848,100
2024-10-21 03:00:00+05:30,4.6,42.0,20.4,936.2,0.0,100
2024-10-21 04:00:00+05:30,3.4,354.0,21.1,936.3,0.0,100
2024-10-21 05:00:00+05:30,2.5,339.0,21.6,936.7,0.1497551879676348,100
2024-10-21 06:00:00+05:30,2.0,45.0,21.5,937.1,0.5346941946066343,100
2024-10-21 07:00:00+05:30,3.2,87.0,21.9,937.5,0.40654295471995977,100
2024-10-21 08:00:00+05:30,6.6,103.0,23.3,938.0,8.395985917116255,100
2024-10-21 09:00:00+05:30,8.6,112.0,24.2,938.5,22.81418066293779,100
2024-10-21 10:00:00+05:30,9.8,130.0,25.4,938.9,41.26077093755449,100
2024-10-21 11:00:00+05:30,9.2,130.0,26.1,938.5,32.97845958518807,100
2024-10-21 12:00:00+05:30,7.7,131.0,26.8,937.3,13.056894233610036,100
2024-10-21 13:00:00+05:30,6.5,136.0,27.9,936.5,4.761119328834776,100
2024-10-21 14:00:00+05:30,4.8,127.0,28.6,935.6,0.8617718225638386,100
2024-10-21 15:00:00+05:30,2.9,133.0,28.8,934.5,1.313709433610302,100
2024-10-21 16:00:00+05:30,8.4,127.0,26.4,934.1,19.7480882435227,100
2024-10-21 17:00:00+05:30,4.1,146.0,24.3,934.5,1.5179917307949977,100
2024-10-21 18:00:00+05:30,4.0,175.0,23.5,935.1,0.0,100
2024-10-21 19:00:00+05:30,2.3,331.0,23.5,935.9,0.4976608329965737,100
2024-10-21 20:00:00+05:30,1.6,297.0,24.0,936.7,0.0,100
2024-10-21 21:00:00+05:30,4.9,2.0,22.7,937.1,0.7435878364192583,100
2024-10-21 22:00:00+05:30,4.8,42.0,22.4,937.5,0.0,100
2024-10-21 23:00:00+05:30,4.1,56.0,21.6,937.7,0.17827678522319607,100
2024-10-22 00:00:00+05:30,0.9,323.0,21.6,937.2,0.0,100
2024-10-22 01:00:00+05:30,1.1,279.0,21.7,936.4,0.5273598504567284,100
2024-10-22 02:00:00+05:30,3.1,10.0,21.5,935.8,0.5920386610864541,100
2024-10-22 03:00:00+05:30,2.2,360.0,21.9,935.8,0.0,100
2024-10-22 04:00:00+05:30,2.0,117.0,22.0,936.0,0.0,100
2024-10-22 05:00:00+05:30,3.8,121.0,21.3,936.1,0.08423749329321652,100
2024-10-22 06:00:00+05:30,2.6,115.0,21.6,937.0,0.0,100
2024-10-22 07:00:00+05:30,4.4,111.0,22.1,937.8,0.41755094537953674,100
2024-10-22 08:00:00+05:30,5.5,117.0,22.9,938.5,2.8367189147050693,100
2024-10-22 09:00:00+05:30,5.3,125.0,24.2,938.8,0.6496257801901257,100
2024-10-22 10:00:00+05:30,5.0,128.0,25.3,938.5,2.249945780306085,100
2024-10-22 11:00:00+05:30,4.2,121.0,26.7,938.0,1.8509570931656558,100
2024-10-22 12:00:00+05:30,6.0,136.0,28.1,937.1,3.8907826951516427,100
2024-10-22 13:00:00+05:30,5.7,131.0,28.8,936.1,2.5390260669022457,100
2024-10-22 14:00:00+05:30,4.8,119.0,29.1,935.6,1.5407764227899454,100
2024-10-22 15:00:00+05:30,4.0,120.0,29.4,934.8,1.3008023318309896,100
2024-10-22 16:00:00+05:30,15.6,24.0,25.6,934.7,96.30821467100161,100
2024-10-22 17:00:00+05:30,1.5,240.0,24.1,934.8,0.0,100
2024-10-22 18:00:00+05:30,2.1,149.0,24.7,935.3,0.0,100
2024-10-22 19:00:00+05:30,4.3,275.0,23.2,935.7,0.0,100
2024-10-22 20:00:00+05:30,5.9,52.0,22.7,937.2,3.5879460323741577,100
2024-10-22 21:00:00+05:30,3.5,28.0,22.6,937.2,0.0,100
2024-10-22 22:00:00+05:30,3.4,137.0,22.0,937.3,0.47888898530879165,100
2024-10-22 23:00:00+05:30,4.1,128.0,21.3,937.4,0.0,100
2024-10-23 00:00:00+05:30,3.4,155.0,21.3,937.2,0.0,100
2024-10-23 01:00:00+05:30,2.3,29.0,21.5,936.4,0.0,100
2024-10-23 02:00:00+05:30,1.7,257.0,21.3,936.0,0.0,100
2024-10-23 03:00:00+05:30,0.6,342.0,21.0,935.4,0.0,100
2024-10-23 04:00:00+05:30,2.1,322.0,19.9,935.3,0.5939910912564665,100
2024-10-23 05:00:00+05:30,1.3,286.0,19.6,935.6,0.034459322280090667,100
2024-10-23 06:00:00+05:30,2.9,338.0,20.0,936.8,0.0,100
2024-10-23 07:00:00+05:30,1.7,302.0,21.5,937.5,0.0,100
2024-10-23 08:00:00+05:30,2.1,52.0,23.0,938.2,0.5857233230475041,100
2024-10-23 09:00:00+05:30,4.1,88.0,25.0,938.5,2.373080392345944,100
2024-10-23 10:00:00+05:30,5.6,59.0,27.0,938.6,3.5734684423657628,100
2024-10-23 11:00:00+05:30,7.3,46.0,28.1,937.6,11.173348395686107,100
2024-10-23 12:00:00+05:30,7.5,42.0,28.9,936.7,13.421535079131724,100
2024-10-23 13:00:00+05:30,7.3,44.0,29.6,935.7,9.97150385173973,100
2024-10-23 14:00:00+05:30,7.8,42.0,30.0,934.8,0.0,100
2024-10-23 15:00:00+05:30,8.1,37.0,29.8,934.3,17.67657897486758,100
2024-10-23 16:00:00+05:30,7.8,40.0,29.1,934.2,15.218730238941289,100
2024-10-23 17:00:00+05:30,4.9,33.0,27.6,934.4,2.8707338281506805,100
2024-10-23 18:00:00+05:30,4.1,131.0,25.8,935.0,1.7851045255453608,100
2024-10-23 19:00:00+05:30,5.9,169.0,24.0,935.4,3.7292397291009016,100
2024-10-23 20:00:00+05:30,4.0,231.0,23.6,936.2,0.0,100
2024-10-23 21:00:00+05:30,2.6,219.0,24.4,936.7,0.0,100
2024-10-23 22:00:00+05:30,3.8,191.0,23.5,936.6,0.0,100
2024-10-23 23:00:00+05:30,3.4,115.0,22.3,936.5,0.8075310525750792,100
2024-10-24 00:00:00+05:30,4.3,114.0,21.0,936.0,0.0,100
2024-10-24 01:00:00+05:30,2.4,243.0,21.5,935.5,0.0,100
2024-10-24 02:00:00+05:30,3.5,298.0,20.5,934.6,0.0,100
2024-10-24 03:00:00+05:30,2.4,324.0,21.2,934.8,0.0,100
2024-10-24 04:00:00+05:30,3.6,340.0,19.8,934.5,0.0,100
2024-10-24 05:00:00+05:30,3.7,317.0,19.3,934.5,0.8088762818123147,100
2024-10-24 06:00:00+05:30,2.1,290.0,20.4,935.9,1.4120587430122205,100
2024-10-24 07:00:00+05:30,1.3,270.0,21.7,937.0,0.0,100
2024-10-24 08:00:00+05:30,0.2,180.0,23.9,937.9,0.8011689033967339,100
2024-10-24 09:00:00+05:30,3.8,90.0,26.0,938.7,0.0,100
2024-10-24 10:00:00+05:30,6.4,98.0,27.6,938.8,5.066267654837124,100
2024-10-24 11:00:00+05:30,5.9,92.0,28.7,937.9,3.0186731069796147,100
2024-10-24 12:00:00+05:30,6.0,85.0,29.4,936.9,2.938851512553385,100
2024-10-24 13:00:00+05:30,6.2,82.0,30.2,935.8,5.799970031129063,100
2024-10-24 14:00:00+05:30,7.4,64.0,30.4,934.9,11.106297190522943,100
2024-10-24 15:00:00+05:30,9.8,41.0,29.8,934.4,43.25766759748036,100
2024-10-24 16:00:00+05:30,9.5,25.0,28.5,934.3,40.03747330794024,100
2024-10-24 17:00:00+05:30,6.1,12.0,27.0,934.3,5.27097242580301,100
2024-10-24 18:00:00+05:30,4.9,6.0,24.6,934.1,0.30585510750244616,100
2024-10-24 19:00:00+05:30,4.8,345.0,22.8,934.5,2.4414834851608447,100
2024-10-24 20:00:00+05:30,2.8,315.0,22.8,935.5,0.0,100
2024-10-24 21:00:00+05:30,1.0,301.0,22.6,936.0,1.216478753281036,100
2024-10-24 22:00:00+05:30,2.1,15.0,20.9,936.2,0.9338649107986517,100
2024-10-24 23:00:00+05:30,2.8,18.0,20.0,935.8,0.0,100
2024-10-25 00:00:00+05:30,2.3,328.0,19.5,935.5,1.3161409057277509,100
2024-10-25 01:00:00+05:30,2.7,302.0,19.4,935.0,0.952351118409255,100
2024-10-25 02:00:00+05:30,2.6,304.0,19.2,934.3,1.585524288101408,100
2024-10-25 03:00:00+05:30,3.1,298.0,18.8,934.2,0.0,100
2024-10-25 04:00:00+05:30,4.0,300.0,18.8,934.2,0.2600088088584517,100
2024-10-25 05:00:00+05:30,4.0,302.0,18.5,934.4,0.0,100
2024-10-25 06:00:00+05:30,3.2,313.0,18.8,935.4,0.5830037128377441,100
2024-10-25 07:00:00+05:30,3.4,313.0,19.9,936.4,0.0,100
2024-10-25 08:00:00+05:30,1.7,302.0,23.0,937.6,0.0,100
2024-10-25 09:00:00+05:30,3.8,355.0,25.6,938.3,0.10085798934337512,100
2024-10-25 10:00:00+05:30,5.6,27.0,27.5,938.3,2.7717149090757047,100
2024-10-25 11:00:00+05:30,6.8,40.0,28.7,937.6,7.401372615929394,100
2024-10-25 12:00:00+05:30,6.6,29.0,29.5,936.8,4.754031642041484,100
2024-10-25 13:00:00+05:30,8.7,7.0,30.1,935.7,24.978367518566813,100
2024-10-25 14:00:00+05:30,10.8,345.0,29.5,934.8,63.12579679867093,100
2024-10-25 15:00:00+05:30,11.2,332.0,29.3,934.4,74.7241620933385,100
2024-10-25 16:00:00+05:30,10.0,345.0,28.2,934.4,47.20483413518439,100
2024-10-25 17:00:00+05:30,6.1,357.0,26.3,934.5,2.9625435194828937,100
2024-10-25 18:00:00+05:30,5.6,312.0,24.3,934.4,3.948944919771113,100
2024-10-25 19:00:00+05:30,6.3,336.0,22.8,935.1,5.9854712613854115,100
2024-10-25 20:00:00+05:30,4.9,352.0,21.8,935.8,0.40156458497830805,100
2024-10-25 21:00:00+05:30,3.3,324.0,21.5,936.1,0.0,100
2024-10-25 22:00:00+05:30,3.3,319.0,20.8,936.5,2.3319096500073786,100
2024-10-25 23:00:00+05:30,3.5,325.0,19.9,936.3,0.0,100
2024-10-26 00:00:00+05:30,3.1,347.0,19.0,935.7,1.6374619195756481,100
2024-10-26 01:00:00+05:30,3.1,339.0,18.4,935.1,0.5460898197276196,100
2024-10-26 02:00:00+05:30,4.1,322.0,17.7,934.2,1.3718078448799262,100
2024-10-26 03:00:00+05:30,5.9,308.0,17.5,934.0,1.1469962943835412,100
2024-10-26 04:00:00+05:30,5.1,312.0,17.2,933.8,0.8680264331500271,100
2024-10-26 05:00:00+05:30,4.1,304.0,17.0,934.2,1.6806309462186095,100
2024-10-26 06:00:00+05:30,4.4,305.0,17.2,935.5,1.7875522848749401,100
2024-10-26 07:00:00+05:30,5.2,311.0,18.6,936.4,0.7345384842292152,100
2024-10-26 08:00:00+05:30,3.3,311.0,22.3,937.8,0.5681535777760891,100
2024-10-26 09:00:00+05:30,4.5,353.0,25.4,938.4,1.8625029881548687,100
2024-10-26 10:00:00+05:30,7.3,28.0,27.6,938.5,9.699158269498346,100
2024-10-26 11:00:00+05:30,10.2,49.0,28.7,937.6,50.45631474975296,100
2024-10-26 12:00:00+05:30,11.4,51.0,29.0,936.6,84.1919493701908,100
2024-10-26 13:00:00+05:30,11.1,46.0,29.2,935.7,73.02038251789534,100
2024-10-26 14:00:00+05:30,10.7,46.0,29.3,934.9,62.30572147712701,100
2024-10-26 15:00:00+05:30,10.8,46.0,29.2,934.5,64.97262195576286,100
2024-10-26 16:00:00+05:30,9.4,36.0,28.3,934.5,36.186684923091846,100
2024-10-26 17:00:00+05:30,3.7,11.0,26.8,934.8,0.0,100
2024-10-26 18:00:00+05:30,6.3,13.0,24.2,934.6,5.61122197097059,100
2024-10-26 19:00:00+05:30,4.7,332.0,23.1,934.9,0.9011840782224518,100
2024-10-26 20:00:00+05:30,4.1,319.0,22.2,935.6,0.0,100
2024-10-26 21:00:00+05:30,4.3,318.0,21.1,935.7,0.2253704468981219,100
2024-10-26 22:00:00+05:30,4.4,330.0,20.1,935.4,0.0,100
2024-10-26 23:00:00+05:30,4.6,342.0,19.1,935.0,0.7039986859352336,100
2024-10-27 00:00:00+05:30,3.7,349.0,18.4,934.5,1.0877004099861456,100
2024-10-27 01:00:00+05:30,3.6,340.0,17.9,933.8,0.03712264504002276,100
2024-10-27 02:00:00+05:30,4.8,326.0,17.6,933.3,0.0,100
2024-10-27 03:00:00+05:30,5.2,331.0,17.4,933.0,0.7279572657842318,100
2024-10-27 04:00:00+05:30,4.2,320.0,17.2,933.0,0.0,100
2024-10-27 05:00:00+05:30,3.3,299.0,17.4,933.5,1.6777853842957329,100
2024-10-27 06:00:00+05:30,4.3,292.0,18.1,934.7,0.9262511273250704,100
2024-10-27 07:00:00+05:30,5.2,297.0,19.4,935.8,3.6337645006812913,100
2024-10-27 08:00:00+05:30,2.1,285.0,22.9,937.1,0.6565225440497566,100
2024-10-27 09:00:00+05:30,3.0,308.0,26.1,937.8,0.04991821405768688,100
2024-10-27 10:00:00+05:30,5.9,337.0,28.3,937.7,3.3188977469034313,100
2024-10-27 11:00:00+05:30,9.0,22.0,29.7,936.8,30.70778259929798,100
2024-10-27 12:00:00+05:30,10.4,36.0,30.2,935.7,53.168874153192434,100
2024-10-27 13:00:00+05:30,10.4,34.0,30.3,934.8,59.02852483972911,100
2024-10-27 14:00:00+05:30,10.0,30.0,30.5,933.8,46.01997364433981,100
2024-10-27 15:00:00+05:30,10.5,27.0,30.2,933.4,59.89082636945608,100
2024-10-27 16:00:00+05:30,8.8,12.0,29.5,933.2,26.820298404235505,100
2024-10-27 17:00:00+05:30,4.6,321.0,27.4,933.3,0.0,100
2024-10-27 18:00:00+05:30,4.6,281.0,25.1,933.1,0.0,100
2024-10-27 19:00:00+05:30,6.0,273.0,23.7,933.3,5.31787314725201,100
2024-10-27 20:00:00+05:30,3.5,345.0,23.4,933.7,0.0,100
2024-10-27 21:00:00+05:30,3.4,342.0,21.7,933.8,1.4686648626577,100
2024-10-27 22:00:00+05:30,6.2,330.0,20.7,933.9,4.444937254215488,100
2024-10-27 23:00:00+05:30,6.1,313.0,20.4,933.2,3.8200841423053333,100
2024-10-28 00:00:00+05:30,6.2,319.0,19.6,932.6,4.710685694365087,100
2024-10-28 01:00:00+05:30,4.6,324.0,18.9,931.9,0.0,100
2024-10-28 02:00:00+05:30,3.3,315.0,18.0,931.4,1.0267589283781997,100
2024-10-28 03:00:00+05:30,3.2,297.0,17.7,931.4,0.6758237035002209,100
2024-10-28 04:00:00+05:30,4.1,322.0,17.8,931.8,1.6575923642632213,100
2024-10-28 05:00:00+05:30,4.4,325.0,17.4,932.0,0.28006402245863576,100
2024-10-28 06:00:00+05:30,3.0,303.0,17.9,933.1,1.189333883177209,100
2024-10-28 07:00:00+05:30,5.2,282.0,19.2,934.2,1.6482758495205185,100
2024-10-28 08:00:00+05:30,3.2,273.0,23.1,935.3,0.7500576919353105,100
2024-10-28 09:00:00+05:30,2.8,305.0,26.6,936.3,0.0,100
2024-10-28 10:00:00+05:30,5.3,33.0,28.8,936.4,1.402646247478807,100
2024-10-28 11:00:00+05:30,10.3,44.0,30.0,935.4,54.91920529205697,100
2024-10-28 12:00:00+05:30,11.1,42.0,30.4,934.2,74.20502558009741,100
2024-10-28 13:00:00+05:30,10.3,33.0,30.6,933.1,53.59357675707561,100
2024-10-28 14:00:00+05:30,9.2,31.0,30.6,932.4,32.749886584175215,100
2024-10-28 15:00:00+05:30,8.2,32.0,30.2,932.2,20.84996867277194,100
2024-10-28 16:00:00+05:30,5.4,34.0,29.5,932.4,2.1444879038610245,100
2024-10-28 17:00:00+05:30,2.6,51.0,28.1,932.6,0.0,100
2024-10-28 18:00:00+05:30,6.8,18.0,24.9,932.2,7.142370852622941,100
2024-10-28 19:00:00+05:30,3.6,290.0,23.3,932.7,0.0,100
2024-10-28 20:00:00+05:30,7.3,293.0,22.6,933.7,9.966223616489629,100
2024-10-28 21:00:00+05:30,8.2,319.0,21.9,934.2,17.827325580999748,100
2024-10-28 22:00:00+05:30,6.3,2.0,21.6,934.2,6.524478600511602,100
2024-10-28 23:00:00+05:30,4.5,320.0,20.1,933.6,0.0,100
2024-10-29 00:00:00+05:30,4.3,312.0,19.5,933.2,0.0,100
2024-10-29 01:00:00+05:30,5.2,314.0,19.3,932.5,1.355253714625424,100
2024-10-29 02:00:00+05:30,6.5,312.0,18.7,932.1,7.17686621854061,100
2024-10-29 03:00:00+05:30,4.8,335.0,19.2,932.0,0.0,100
2024-10-29 04:00:00+05:30,4.5,307.0,18.6,932.2,1.5005031425640545,100
2024-10-29 05:00:00+05:30,3.9,313.0,18.7,932.5,0.22276010136258356,100
2024-10-29 06:00:00+05:30,2.0,270.0,19.5,934.1,0.0,100
2024-10-29 07:00:00+05:30,2.2,294.0,20.2,935.1,0.7130313037726913,100
2024-10-29 08:00:00+05:30,2.0,270.0,23.0,936.3,0.6412121047897906,100
2024-10-29 09:00:00+05:30,2.4,324.0,26.3,937.4,0.0,100
2024-10-29 10:00:00+05:30,6.7,8.0,28.6,937.6,9.324634176551534,100
2024-10-29 11:00:00+05:30,9.0,22.0,29.8,937.0,28.731769620488052,100
2024-10-29 12:00:00+05:30,9.6,30.0,30.3,935.9,40.27038832444174,100
2024-10-29 13:00:00+05:30,8.4,25.0,30.8,935.1,21.73997461509692,100
2024-10-29 14:00:00+05:30,9.3,15.0,30.5,934.2,33.277338792537094,100
2024-10-29 15:00:00+05:30,10.1,11.0,29.6,933.8,52.013126226754764,100
2024-10-29 16:00:00+05:30,5.9,14.0,29.2,933.8,1.8872131522386204,100
2024-10-29 17:00:00+05:30,4.4,63.0,27.5,933.6,1.2614877372157411,100
2024-10-29 18:00:00+05:30,7.4,356.0,24.5,933.5,10.87346296416474,100
2024-10-29 19:00:00+05:30,4.7,279.0,23.1,934.1,1.6326766361268543,100
2024-10-29 20:00:00+05:30,8.4,286.0,21.4,934.7,21.11584093324952,100
2024-10-29 21:00:00+05:30,4.1,331.0,20.9,935.0,0.0,100
2024-10-29 22:00:00+05:30,4.4,351.0,20.1,934.9,1.3839258411858588,100
2024-10-29 23:00:00+05:30,4.4,328.0,19.7,934.8,0.0,100
2024-10-30 00:00:00+05:30,4.6,321.0,19.9,934.3,1.8141801462228107,100
2024-10-30 01:00:00+05:30,3.9,307.0,19.5,933.6,0.3337213004871847,100
2024-10-30 02:00:00+05:30,5.0,311.0,19.0,933.2,2.732495193625437,100
2024-10-30 03:00:00+05:30,2.4,279.0,19.6,933.3,0.25404140252087265,100
2024-10-30 04:00:00+05:30,2.7,266.0,19.1,933.4,1.8213262756501098,100
2024-10-30 05:00:00+05:30,3.8,278.0,18.1,933.7,0.0,100
2024-10-30 06:00:00+05:30,4.5,299.0,19.3,934.5,2.513055388040681,100
2024-10-30 07:00:00+05:30,4.1,304.0,20.4,935.6,1.1813781744528702,100
2024-10-30 08:00:00+05:30,2.1,290.0,23.3,936.8,1.170929425539076,100
2024-10-30 09:00:00+05:30,1.5,346.0,26.2,937.6,0.0,100
2024-10-30 10:00:00+05:30,4.0,93.0,28.2,938.0,2.1866940032918496,100
2024-10-30 11:00:00+05:30,6.9,115.0,29.1,937.4,8.02757618958247,100
2024-10-30 12:00:00+05:30,7.3,123.0,29.6,936.3,10.532764430843448,100
2024-10-30 13:00:00+05:30,7.1,128.0,30.0,935.6,7.597463984888012,100
2024-10-30 14:00:00+05:30,8.0,121.0,30.0,935.0,17.175522832342928,100
2024-10-30 15:00:00+05:30,6.7,117.0,29.7,934.7,8.94224073393843,100
2024-10-30 16:00:00+05:30,4.9,114.0,29.2,934.7,2.142030054541679,100
2024-10-30 17:00:00+05:30,3.3,84.0,28.0,934.8,0.7087801296974683,100
2024-10-30 18:00:00+05:30,5.4,40.0,26.3,935.3,1.3095582288969063,100
2024-10-30 19:00:00+05:30,5.9,45.0,24.9,936.0,1.5821451494098855,100
2024-10-30 20:00:00+05:30,4.8,45.0,23.6,936.5,1.6707043825285486,100
2024-10-30 21:00:00+05:30,5.2,22.0,23.0,936.9,0.12003595076475326,100
2024-10-30 22:00:00+05:30,1.9,287.0,23.7,937.1,0.0,100
2024-10-30 23:00:00+05:30,3.6,200.0,22.1,936.8,0.07722379441066804,100
2024-10-31 00:00:00+05:30,4.5,217.0,21.8,936.4,0.5430345530501556,100
2024-10-31 01:00:00+05:30,2.1,31.0,20.7,935.6,0.0,100
2024-10-31 02:00:00+05:30,3.3,264.0,20.5,935.2,1.3348420779725023,100
2024-10-31 03:00:00+05:30,2.6,295.0,20.3,935.1,0.8698370671392353,100
2024-10-31 04:00:00+05:30,5.9,315.0,20.3,935.1,1.5758462619051716,100
2024-10-31 05:00:00+05:30,3.1,315.0,19.6,935.4,0.9989124831213672,100
2024-10-31 06:00:00+05:30,2.8,320.0,20.7,935.9,0.0,100
2024-10-31 07:00:00+05:30,4.4,330.0,22.1,937.2,0.0,100
2024-10-31 08:00:00+05:30,2.0,27.0,24.6,938.2,0.19085607011689223,100
2024-10-31 09:00:00+05:30,5.3,78.0,26.8,938.9,0.6227590181983478,100
2024-10-31 10:00:00+05:30,11.9,86.0,28.2,939.1,96.3186703610307,100
2024-10-31 11:00:00+05:30,11.7,88.0,28.7,938.5,89.45503316892515,100
2024-10-31 12:00:00+05:30,10.3,84.0,29.0,937.4,53.602438532626586,100
2024-10-31 13:00:00+05:30,10.6,89.0,30.2,936.5,61.9865943519399,100
2024-10-31 14:00:00+05:30,10.8,93.0,30.6,935.5,61.50857663010263,100
2024-10-31 15:00:00+05:30,9.9,81.0,29.1,935.1,44.40451206373092,100
2024-10-31 16:00:00+05:30,3.1,90.0,28.3,935.1,1.380722265850867,100
2024-10-31 17:00:00+05:30,4.0,190.0,25.2,935.7,1.536081233436494,100
2024-10-31 18:00:00+05:30,1.4,230.0,26.4,935.9,0.06423630064127211,100
2024-10-31 19:00:00+05:30,11.4,277.0,22.6,936.5,81.02831571296778,100
2024-10-31 20:00:00+05:30,5.2,316.0,22.0,936.6,1.3765464756251222,100
2024-10-31 21:00:00+05:30,5.9,337.0,21.5,937.2,3.3526787713338857,100
2024-10-31 22:00:00+05:30,4.8,331.0,20.9,936.7,1.490075313359949,100
2024-10-31 23:00:00+05:30,4.9,332.0,20.8,936.6,1.5955429045668157,100
2024-11-01 00:00:00+05:30,5.5,316.0,20.5,936.3,2.144736165694634,100
2024-11-01 01:00:00+05:30,5.1,184.0,20.7,936.2,0.0,100
2024-11-01 02:00:00+05:30,0.8,27.0,21.1,935.9,0.3597157097179739,100
2024-11-01 03:00:00+05:30,3.6,327.0,21.0,935.6,0.4437604051657897,100
2024-11-01 04:00:00+05:30,3.6,120.0,20.0,936.2,0.9833120350777965,100
2024-11-01 05:00:00+05:30,2.3,238.0,20.2,936.8,0.0,100
2024-11-01 06:00:00+05:30,2.0,297.0,20.3,936.9,0.3006879234613879,100
2024-11-01 07:00:00+05:30,3.9,294.0,21.8,938.3,0.05237206519749047,100
2024-11-01 08:00:00+05:30,0.8,297.0,23.7,939.5,0.37259620475290894,100
2024-11-01 09:00:00+05:30,5.6,92.0,25.5,940.2,3.282446774258455,100
2024-11-01 10:00:00+05:30,7.9,91.0,27.3,940.4,17.087915792679663,100
2024-11-01 11:00:00+05:30,12.0,83.0,29.0,939.8,100.0,100
2024-11-01 12:00:00+05:30,8.9,97.0,28.0,938.4,29.05105006682376,100
2024-11-01 13:00:00+05:30,7.3,100.0,25.8,937.7,10.582352848722023,100
2024-11-01 14:00:00+05:30,6.5,104.0,26.8,936.9,5.967032999667797,100
2024-11-01 15:00:00+05:30,5.6,57.0,27.7,936.5,2.7864796271595393,100
2024-11-01 16:00:00+05:30,8.7,60.0,27.9,936.7,26.68215315032868,100
2024-11-01 17:00:00+05:30,3.3,84.0,26.0,936.7,1.1981889663196472,100
2024-11-01 18:00:00+05:30,3.5,321.0,25.4,937.1,1.6289308044061406,100
2024-11-01 19:00:00+05:30,1.0,292.0,24.8,937.8,0.0701120209875576,100
2024-11-01 20:00:00+05:30,2.5,278.0,24.3,938.3,0.0,100
2024-11-01 21:00:00+05:30,2.3,331.0,24.5,939.0,0.0,100
2024-11-01 22:00:00+05:30,5.0,2.0,21.6,938.4,0.0,100
2024-11-01 23:00:00+05:30,3.3,324.0,21.5,938.3,0.28801067121119023,100
2024-11-02 00:00:00+05:30,4.1,331.0,20.9,937.9,0.0,100
2024-11-02 01:00:00+05:30,3.7,313.0,20.5,937.2,0.7817490142696192,100
2024-11-02 02:00:00+05:30,3.8,295.0,20.3,936.6,0.30228829447046535,100
2024-11-02 03:00:00+05:30,4.5,331.0,19.5,936.1,0.0,100
2024-11-02 04:00:00+05:30,3.6,323.0,19.1,936.0,0.0,100
2024-11-02 05:00:00+05:30,3.0,327.0,18.9,936.2,0.8207245397550441,100
2024-11-02 06:00:00+05:30,4.4,341.0,19.1,937.3,0.836874405333792,100
2024-11-02 07:00:00+05:30,3.4,357.0,21.1,938.6,0.4453602262596274,100
2024-11-02 08:00:00+05:30,1.2,27.0,23.5,939.8,1.2586442392068782,100
2024-11-02 09:00:00+05:30,9.8,98.0,25.7,940.6,43.93538751272687,100
2024-11-02 10:00:00+05:30,11.8,96.0,27.2,940.8,94.41923475367425,100
2024-11-02 11:00:00+05:30,11.3,91.0,28.4,940.3,76.07680366274327,100
2024-11-02 12:00:00+05:30,10.7,82.0,29.2,938.9,62.290753554874996,100
2024-11-02 13:00:00+05:30,10.3,77.0,29.6,938.1,51.61790067709584,100
2024-11-02 14:00:00+05:30,9.7,71.0,29.8,937.2,41.20175116479893,100
2024-11-02 15:00:00+05:30,9.2,64.0,29.6,936.7,30.17227679467083,100
2024-11-02 16:00:00+05:30,8.0,54.0,29.0,936.6,17.995309801823037,100
2024-11-02 17:00:00+05:30,5.7,35.0,27.2,936.5,1.7343773007753378,100
2024-11-02 18:00:00+05:30,6.8,25.0,25.4,936.2,8.005422848015407,100
2024-11-02 19:00:00+05:30,5.9,11.0,23.6,936.6,2.715275030819841,100
2024-11-02 20:00:00+05:30,4.5,331.0,22.6,937.1,1.0531020777863387,100
2024-11-02 21:00:00+05:30,3.5,285.0,21.7,937.4,0.0,100
2024-11-02 22:00:00+05:30,3.1,306.0,22.4,937.9,0.0,100
2024-11-02 23:00:00+05:30,1.7,77.0,20.8,937.6,0.023852910519407182,100
2024-11-03 00:00:00+05:30,2.7,352.0,19.8,937.3,0.5375909125325599,100
2024-11-03 01:00:00+05:30,1.0,292.0,20.0,936.8,1.2686329950059734,100
2024-11-03 02:00:00+05:30,3.7,281.0,19.6,936.3,1.1364210173333582,100
2024-11-03 03:00:00+05:30,2.8,288.0,19.7,936.0,0.7796107307848463,100
2024-11-03 04:00:00+05:30,2.8,297.0,19.3,936.1,0.0,100
2024-11-03 05:00:00+05:30,2.7,312.0,19.3,936.4,0.0,100
2024-11-03 06:00:00+05:30,1.6,243.0,20.8,937.8,0.22452719896045692,100
2024-11-03 07:00:00+05:30,1.9,241.0,21.3,938.6,0.09476044252309217,100
2024-11-03 08:00:00+05:30,3.1,170.0,23.4,939.6,0.0,100
2024-11-03 09:00:00+05:30,10.0,124.0,25.8,940.4,45.38146244163165,100
2024-11-03 10:00:00+05:30,12.1,117.0,27.5,940.4,98.9703579254749,100
2024-11-03 11:00:00+05:30,12.1,105.0,28.8,939.5,98.66009567151256,100
2024-11-03 12:00:00+05:30,11.6,103.0,29.8,938.5,88.41418794692619,100
2024-11-03 13:00:00+05:30,11.3,104.0,29.9,937.5,76.05697229632129,100
2024-11-03 14:00:00+05:30,11.4,94.0,29.5,936.6,80.85379219019465,100
2024-11-03 15:00:00+05:30,9.8,83.0,29.3,936.1,44.86441917991884,100
2024-11-03 16:00:00+05:30,7.8,85.0,28.6,936.3,14.960352582134302,100
2024-11-03 17:00:00+05:30,3.8,95.0,27.4,936.4,0.0,100
2024-11-03 18:00:00+05:30,5.5,41.0,25.2,936.6,3.3038467287309397,100
2024-11-03 19:00:00+05:30,5.8,36.0,24.1,937.2,3.1966797495225703,100
2024-11-03 20:00:00+05:30,6.5,42.0,22.6,937.7,5.299049371114164,100
2024-11-03 21:00:00+05:30,2.4,347.0,23.3,938.3,0.0,100
2024-11-03 22:00:00+05:30,2.7,307.0,21.2,938.1,0.3276607916755722,100
2024-11-03 23:00:00+05:30,4.1,319.0,20.0,937.7,0.0,100
2024-11-04 00:00:00+05:30,3.6,333.0,19.3,937.0,0.0,100
2024-11-04 01:00:00+05:30,3.1,347.0,18.7,936.2,0.0,100
2024-11-04 02:00:00+05:30,2.3,321.0,18.5,935.6,0.0,100
2024-11-04 03:00:00+05:30,2.6,282.0,18.4,935.3,0.7542454127624765,100
2024-11-04 04:00:00+05:30,3.8,267.0,18.2,935.3,0.5743079472272705,100
2024-11-04 05:00:00+05:30,4.1,331.0,17.9,935.4,1.8354894770463386,100
2024-11-04 06:00:00+05:30,3.1,310.0,18.5,936.3,0.0,100
2024-11-04 07:00:00+05:30,2.7,312.0,19.4,937.2,0.24702096914265292,100
2024-11-04 08:00:00+05:30,2.2,318.0,22.4,938.3,0.0,100
2024-11-04 09:00:00+05:30,1.3,124.0,25.1,939.2,0.0,100
2024-11-04 10:00:00+05:30,7.2,118.0,26.9,939.3,10.85952096388512,100
2024-11-04 11:00:00+05:30,9.9,109.0,28.4,938.4,44.64034801395582,100
2024-11-04 12:00:00+05:30,9.4,113.0,29.1,937.5,35.823934028409155,100
2024-11-04 13:00:00+05:30,7.8,112.0,29.7,936.6,15.223880720553884,100
2024-11-04 14:00:00+05:30,7.2,102.0,30.0,935.8,9.898303324040084,100
2024-11-04 15:00:00+05:30,8.5,88.0,29.7,935.1,22.403664802691786,100
2024-11-04 16:00:00+05:30,9.5,75.0,28.7,935.1,38.625200946603776,100
2024-11-04 17:00:00+05:30,9.3,49.0,26.7,935.4,35.29326361856535,100
2024-11-04 18:00:00+05:30,9.4,42.0,24.9,935.4,34.72457387721362,100
2024-11-04 19:00:00+05:30,6.9,45.0,23.1,935.9,9.097421573521881,100
2024-11-04 20:00:00+05:30,1.0,292.0,24.2,936.8,0.0,100
2024-11-04 21:00:00+05:30,3.2,317.0,21.6,936.9,1.1788876049919224,100
2024-11-04 22:00:00+05:30,3.0,308.0,21.0,936.9,0.0,100
2024-11-04 23:00:00+05:30,3.6,330.0,20.1,936.6,0.0,100
2024-11-05 00:00:00+05:30,2.2,351.0,19.5,936.4,0.0,100
2024-11-05 01:00:00+05:30,4.3,312.0,19.8,936.1,0.5871893426917287,100
2024-11-05 02:00:00+05:30,2.4,312.0,19.9,935.8,0.0,100
2024-11-05 03:00:00+05:30,3.0,308.0,19.7,935.7,0.9633405586464382,100
2024-11-05 04:00:00+05:30,0.8,243.0,20.3,935.7,0.37300189359909997,100
2024-11-05 05:00:00+05:30,1.4,337.0,20.0,936.0,0.0,100
2024-11-05 06:00:00+05:30,3.0,343.0,18.8,937.0,0.6158979224136684,100
2024-11-05 07:00:00+05:30,3.1,347.0,19.5,937.9,0.0,100
2024-11-05 08:00:00+05:30,1.2,231.0,22.7,939.0,0.031958480127276034,100
2024-11-05 09:00:00+05:30,3.4,137.0,25.1,939.8,0.6780379228918141,100
2024-11-05 10:00:00+05:30,9.9,111.0,27.1,939.8,43.70017676580521,100
2024-11-05 11:00:00+05:30,13.0,101.0,28.4,939.1,100.0,100
2024-11-05 12:00:00+05:30,11.3,103.0,28.8,937.9,81.19120452644428,100
2024-11-05 13:00:00+05:30,9.4,108.0,29.2,937.1,35.17884417606788,100
2024-11-05 14:00:00+05:30,8.6,105.0,29.5,936.4,24.993458115469366,100
2024-11-05 15:00:00+05:30,8.1,96.0,29.4,936.0,18.85407446021286,100
2024-11-05 16:00:00+05:30,7.0,89.0,28.7,936.0,6.346993900574872,100
2024-11-05 17:00:00+05:30,4.1,77.0,26.5,936.3,0.0,100
2024-11-05 18:00:00+05:30,6.8,17.0,24.5,936.7,7.357486906628657,100
2024-11-05 19:00:00+05:30,6.5,24.0,22.5,937.0,6.402236396694144,100
2024-11-05 20:00:00+05:30,1.3,304.0,21.6,937.4,0.36133615397088586,100
2024-11-05 21:00:00+05:30,3.1,315.0,20.6,937.5,0.31610564547317854,100
2024-11-05 22:00:00+05:30,4.1,322.0,20.4,937.7,0.0,100
2024-11-05 23:00:00+05:30,4.8,331.0,20.8,937.7,0.9458923620289388,100
2024-11-06 00:00:00+05:30,3.1,357.0,20.1,937.3,0.0,100
2024-11-06 01:00:00+05:30,3.2,308.0,19.0,936.6,0.4906463306113681,100
2024-11-06 02:00:00+05:30,4.0,280.0,18.4,936.1,0.0,100
2024-11-06 03:00:00+05:30,3.6,319.0,18.7,936.2,0.000983142817168308,100
2024-11-06 04:00:00+05:30,5.8,334.0,17.9,936.0,4.3007240993342934,100
2024-11-06 05:00:00+05:30,3.2,317.0,17.3,936.0,0.5753633644663805,100
2024-11-06 06:00:00+05:30,2.8,315.0,17.8,937.4,0.01666958762755401,100
2024-11-06 07:00:00+05:30,4.2,310.0,18.9,938.6,0.8662228674985115,100
2024-11-06 08:00:00+05:30,1.6,270.0,22.4,940.0,0.7237117166450748,100
2024-11-06 09:00:00+05:30,2.0,100.0,25.5,940.9,0.0,100
2024-11-06 10:00:00+05:30,7.4,90.0,27.5,940.7,10.454295449620213,100
2024-11-06 11:00:00+05:30,9.5,80.0,28.7,940.0,37.73688289155567,100
2024-11-06 12:00:00+05:30,8.3,68.0,29.4,938.9,19.708043057860447,100
2024-11-06 13:00:00+05:30,7.2,53.0,29.9,938.0,9.445050932545103,100
2024-11-06 14:00:00+05:30,8.4,40.0,30.0,937.3,21.25270319744429,100
2024-11-06 15:00:00+05:30,10.2,36.0,29.7,936.7,49.355817541379,100
2024-11-06 16:00:00+05:30,8.5,35.0,28.9,936.7,21.6762424795716,100
2024-11-06 17:00:00+05:30,5.7,49.0,26.6,936.6,3.362483326551125,100
2024-11-06 18:00:00+05:30,6.5,32.0,24.2,936.5,5.394995018011044,100
2024-11-06 19:00:00+05:30,6.7,6.0,22.8,936.9,6.142634155069828,100
2024-11-06 20:00:00+05:30,1.8,360.0,23.7,937.6,0.0,100
2024-11-06 21:00:00+05:30,2.2,24.0,21.9,937.8,0.13873919032070953,100
2024-11-06 22:00:00+05:30,4.0,324.0,20.2,937.7,0.0,100
2024-11-06 23:00:00+05:30,2.8,325.0,20.1,937.4,0.0,100
2024-11-07 00:00:00+05:30,2.6,335.0,20.1,937.3,0.0,100
2024-11-07 01:00:00+05:30,3.5,332.0,19.6,936.7,1.3768346329853822,100
2024-11-07 02:00:00+05:30,5.2,44.0,21.6,936.7,1.2264642861516744,100
2024-11-07 03:00:00+05:30,4.5,23.0,21.8,936.5,0.01710540151056228,100
2024-11-07 04:00:00+05:30,1.8,294.0,21.4,936.5,1.3807603167279765,100
2024-11-07 05:00:00+05:30,5.0,330.0,19.4,936.7,2.1589713172934424,100
2024-11-07 06:00:00+05:30,3.8,319.0,18.3,937.1,0.0,100
2024-11-07 07:00:00+05:30,4.7,310.0,19.5,938.4,1.2968848741712518,100
2024-11-07 08:00:00+05:30,2.7,290.0,22.7,939.7,0.0,100
2024-11-07 09:00:00+05:30,2.2,66.0,25.4,940.4,1.017652046885595,100
2024-11-07 10:00:00+05:30,9.2,97.0,27.3,940.3,33.06107823817191,100
2024-11-07 11:00:00+05:30,8.4,101.0,28.1,939.5,21.611542200704775,100
2024-11-07 12:00:00+05:30,7.3,106.0,29.1,938.4,10.312195966381672,100
2024-11-07 13:00:00+05:30,6.0,107.0,29.6,937.5,4.443798176450876,100
2024-11-07 14:00:00+05:30,4.0,98.0,30.0,936.8,0.0,100
2024-11-07 15:00:00+05:30,3.6,57.0,30.0,936.4,0.910940231197853,100
2024-11-07 16:00:00+05:30,5.6,29.0,29.5,936.4,3.8707948173747297,100
2024-11-07 17:00:00+05:30,7.7,12.0,27.1,936.5,14.135139739199415,100
2024-11-07 18:00:00+05:30,9.0,12.0,24.3,936.5,31.660841528687364,100
2024-11-07 19:00:00+05:30,6.1,43.0,22.7,936.8,3.12918944307905,100
2024-11-07 20:00:00+05:30,7.8,48.0,21.7,937.3,15.474428236258216,100
2024-11-07 21:00:00+05:30,2.7,312.0,21.2,937.7,0.0,100
2024-11-07 22:00:00+05:30,4.1,326.0,20.3,937.8,0.0,100
2024-11-07 23:00:00+05:30,3.2,322.0,20.0,937.5,0.0,100
2024-11-08 00:00:00+05:30,5.2,340.0,19.9,937.2,0.841533991824181,100
2024-11-08 01:00:00+05:30,4.4,333.0,21.8,937.2,2.1965713422005346,100
2024-11-08 02:00:00+05:30,1.9,241.0,21.9,936.8,0.930815039894134,100
2024-11-08 03:00:00+05:30,0.4,270.0,21.4,936.5,0.0,100
2024-11-08 04:00:00+05:30,3.5,309.0,18.9,935.8,0.0,100
2024-11-08 05:00:00+05:30,2.5,315.0,19.1,936.1,0.0,100
2024-11-08 06:00:00+05:30,4.8,22.0,18.1,937.1,1.562778432471732,100
2024-11-08 07:00:00+05:30,5.1,10.0,19.4,938.4,1.827722403493163,100
2024-11-08 08:00:00+05:30,1.4,130.0,22.3,939.6,0.0,100
2024-11-08 09:00:00+05:30,6.6,123.0,24.7,940.2,6.8737920488174415,100
2024-11-08 10:00:00+05:30,12.4,109.0,26.6,940.0,98.77849337273652,100
2024-11-08 11:00:00+05:30,13.4,105.0,27.9,939.3,100.0,100
2024-11-08 12:00:00+05:30,12.5,102.0,28.7,938.1,100.0,100
2024-11-08 13:00:00+05:30,10.6,101.0,29.3,937.0,59.987162452371685,100
2024-11-08 14:00:00+05:30,8.8,99.0,29.6,936.1,25.311240869619212,100
2024-11-08 15:00:00+05:30,7.9,94.0,29.6,936.0,16.83051138287594,100
2024-11-08 16:00:00+05:30,6.6,81.0,29.1,936.1,8.642754549382436,100
2024-11-08 17:00:00+05:30,4.6,36.0,26.7,936.2,0.8330246342655507,100
2024-11-08 18:00:00+05:30,5.6,25.0,24.3,936.1,3.2423059050961984,100
2024-11-08 19:00:00+05:30,6.1,19.0,22.3,936.8,2.9932153568528648,100
2024-11-08 20:00:00+05:30,6.4,22.0,22.5,937.7,5.639433474047645,100
2024-11-08 21:00:00+05:30,2.6,236.0,22.7,938.1,0.321837229609101,100
2024-11-08 22:00:00+05:30,0.9,323.0,21.9,937.6,0.0,100
2024-11-08 23:00:00+05:30,1.8,323.0,21.0,937.4,0.184170250998393,100
2024-11-09 00:00:00+05:30,5.2,346.0,19.1,936.9,0.0,100
2024-11-09 01:00:00+05:30,5.0,316.0,18.3,936.3,0.7966384499258765,100
2024-11-09 02:00:00+05:30,3.7,299.0,18.4,935.8,0.0,100
2024-11-09 03:00:00+05:30,3.2,286.0,18.4,935.7,0.0,100
2024-11-09 04:00:00+05:30,3.6,279.0,18.4,935.8,1.2324257818779198,100
2024-11-09 05:00:00+05:30,3.4,302.0,18.5,936.3,0.7937851689754398,100
2024-11-09 06:00:00+05:30,2.7,290.0,17.5,936.9,0.0,100
2024-11-09 07:00:00+05:30,4.2,320.0,19.2,938.2,0.0,100
2024-11-09 08:00:00+05:30,3.3,351.0,22.2,939.7,0.0,100
2024-11-09 09:00:00+05:30,2.9,60.0,25.0,940.2,2.049649287488327,100
2024-11-09 10:00:00+05:30,8.4,79.0,27.2,940.2,22.049512283329104,100
2024-11-09 11:00:00+05:30,9.2,84.0,28.5,939.4,31.072328612878014,100
2024-11-09 12:00:00+05:30,8.7,84.0,29.3,938.2,22.90610392571921,100
2024-11-09 13:00:00+05:30,8.4,80.0,29.7,937.2,21.572804602970926,100
2024-11-09 14:00:00+05:30,7.4,77.0,29.7,936.5,12.100409135996774,100
2024-11-09 15:00:00+05:30,6.5,62.0,29.5,936.1,6.187383468125948,100
2024-11-09 16:00:00+05:30,6.4,50.0,28.9,936.3,4.062615366028224,100
2024-11-09 17:00:00+05:30,5.0,21.0,27.0,936.3,0.4841546061498744,100
2024-11-09 18:00:00+05:30,5.1,23.0,25.3,936.4,1.0152149913481638,100
2024-11-09 19:00:00+05:30,7.6,34.0,23.1,936.6,14.197104337694586,100
2024-11-09 20:00:00+05:30,5.9,145.0,22.8,937.2,3.5706036548870417,100
2024-11-09 21:00:00+05:30,1.0,338.0,22.7,937.7,0.0,100
2024-11-09 22:00:00+05:30,2.8,345.0,20.2,937.2,1.306015925726557,100
2024-11-09 23:00:00+05:30,7.0,339.0,19.2,936.8,7.364136994122172,100
2024-11-10 00:00:00+05:30,6.7,324.0,18.5,936.1,7.750061072605761,100
2024-11-10 01:00:00+05:30,6.2,316.0,18.4,935.7,3.1560833874456757,100
2024-11-10 02:00:00+05:30,3.6,297.0,18.3,935.6,0.0,100
2024-11-10 03:00:00+05:30,2.6,258.0,18.1,935.6,0.0,100
2024-11-10 04:00:00+05:30,5.7,316.0,17.9,935.9,3.3118491442305675,100
2024-11-10 05:00:00+05:30,4.2,317.0,17.0,936.2,0.0,100
2024-11-10 06:00:00+05:30,4.6,315.0,16.8,937.0,0.0,100
2024-11-10 07:00:00+05:30,5.4,323.0,18.2,938.1,2.3326428413579143,100
2024-11-10 08:00:00+05:30,3.3,315.0,21.6,939.7,0.298944587362617,100
2024-11-10 09:00:00+05:30,1.9,22.0,24.6,940.6,0.0,100
2024-11-10 10:00:00+05:30,4.4,97.0,26.6,940.4,0.0,100
2024-11-10 11:00:00+05:30,7.0,113.0,28.0,939.6,8.674788502290783,100
2024-11-10 12:00:00+05:30,5.6,119.0,28.8,938.5,3.7137561300582975,100
2024-11-10 13:00:00+05:30,3.8,139.0,29.1,937.3,1.0842814327422141,100
2024-11-10 14:00:00+05:30,2.3,162.0,29.3,936.6,0.42947155701201095,100
2024-11-10 15:00:00+05:30,1.0,59.0,29.4,936.3,1.4131771333688232,100
2024-11-10 16:00:00+05:30,3.7,14.0,28.8,936.4,0.0,100
2024-11-10 17:00:00+05:30,6.7,3.0,26.9,936.4,8.071259977334503,100
2024-11-10 18:00:00+05:30,5.2,16.0,24.0,936.3,0.029716596858887945,100
2024-11-10 19:00:00+05:30,4.9,352.0,22.9,936.7,1.4699922233208338,100
2024-11-10 20:00:00+05:30,4.2,342.0,21.8,937.0,0.0,100
2024-11-10 21:00:00+05:30,3.6,319.0,20.7,937.0,0.0,100
2024-11-10 22:00:00+05:30,6.9,337.0,20.1,937.1,6.740059125894215,100
2024-11-10 23:00:00+05:30,6.6,22.0,20.6,937.1,7.13079954701198,100
2024-11-11 00:00:00+05:30,7.3,38.0,22.1,937.2,10.41587387199299,100
2024-11-11 01:00:00+05:30,4.7,2.0,22.7,937.1,0.875331772673143,100
2024-11-11 02:00:00+05:30,3.5,336.0,22.1,936.5,0.7414365275848286,100
2024-11-11 03:00:00+05:30,4.0,330.0,20.4,936.1,0.8867977789402823,100
2024-11-11 04:00:00+05:30,5.3,332.0,18.7,936.0,1.065272600404785,100
2024-11-11 05:00:00+05:30,6.0,343.0,18.4,936.4,5.952214565515316,100
2024-11-11 06:00:00+05:30,4.4,339.0,19.1,937.8,0.5914451628098137,100
2024-11-11 07:00:00+05:30,4.0,309.0,19.6,938.7,1.6263486062634724,100
2024-11-11 08:00:00+05:30,2.3,302.0,22.1,939.6,0.0,100
2024-11-11 09:00:00+05:30,3.9,66.0,24.7,940.1,0.0,100
2024-11-11 10:00:00+05:30,11.2,75.0,26.8,939.9,73.77672609844596,100
2024-11-11 11:00:00+05:30,11.9,76.0,27.7,938.9,97.45035739711908,100
2024-11-11 12:00:00+05:30,11.0,67.0,28.3,937.6,69.25197148912446,100
2024-11-11 13:00:00+05:30,10.6,56.0,28.5,936.5,57.978861145241304,100
2024-11-11 14:00:00+05:30,9.4,45.0,28.6,935.8,37.33626024376996,100
2024-11-11 15:00:00+05:30,9.2,42.0,28.5,935.3,32.556614448416006,100
2024-11-11 16:00:00+05:30,8.7,47.0,28.0,935.3,24.904693553696564,100
2024-11-11 17:00:00+05:30,5.6,45.0,25.6,935.3,1.221194224502368,100
2024-11-11 18:00:00+05:30,5.1,8.0,25.3,935.9,1.6554711965938176,100
2024-11-11 19:00:00+05:30,5.9,40.0,22.2,936.3,4.040339128606439,100
2024-11-11 20:00:00+05:30,6.5,62.0,20.7,936.6,6.698068606563857,100
2024-11-11 21:00:00+05:30,3.4,354.0,19.5,936.6,0.26955858034874974,100
2024-11-11 22:00:00+05:30,5.9,320.0,19.0,937.0,3.868512216975992,100
2024-11-11 23:00:00+05:30,2.8,297.0,18.0,936.4,0.0,100
2024-11-12 00:00:00+05:30,2.7,298.0,17.8,936.0,0.44212080342970295,100
2024-11-12 01:00:00+05:30,3.9,307.0,17.8,935.6,1.877784067672513,100
2024-11-12 02:00:00+05:30,5.4,320.0,18.0,935.4,2.4473118937304412,100
2024-11-12 03:00:00+05:30,5.5,324.0,18.1,935.1,2.1510592803368347,100
2024-11-12 04:00:00+05:30,5.1,318.0,17.9,935.1,0.0,100
2024-11-12 05:00:00+05:30,5.2,329.0,18.2,935.4,0.7584276378692374,100
2024-11-12 06:00:00+05:30,4.5,360.0,19.6,937.0,0.6285572869338667,100
2024-11-12 07:00:00+05:30,3.5,336.0,19.6,937.7,0.9897018833446075,100
2024-11-12 08:00:00+05:30,1.7,347.0,22.0,938.9,2.1969000656379074,100
2024-11-12 09:00:00+05:30,5.6,75.0,24.5,939.4,3.2349877877513715,100
2024-11-12 10:00:00+05:30,11.6,85.0,26.3,939.4,85.87646006275783,100
2024-11-12 11:00:00+05:30,11.3,88.0,27.5,938.6,81.28123136295926,100
2024-11-12 12:00:00+05:30,9.4,90.0,28.5,937.6,35.85730201594061,100
2024-11-12 13:00:00+05:30,6.9,84.0,29.1,936.6,7.555759274068345,100
2024-11-12 14:00:00+05:30,5.4,75.0,29.4,935.7,3.190465081437139,100
2024-11-12 15:00:00+05:30,4.7,72.0,29.4,935.4,0.14321663516027294,100
2024-11-12 16:00:00+05:30,4.2,72.0,29.0,935.3,0.13193158380059622,100
2024-11-12 17:00:00+05:30,4.3,2.0,27.5,935.3,1.2558421283568462,100
2024-11-12 18:00:00+05:30,8.6,16.0,23.0,934.8,23.729668786779023,100
2024-11-12 19:00:00+05:30,7.2,28.0,21.4,935.4,11.470418377476587,100
2024-11-12 20:00:00+05:30,5.5,36.0,20.6,936.0,1.3433440272376442,100
2024-11-12 21:00:00+05:30,1.5,21.0,20.6,936.4,0.0,100
2024-11-12 22:00:00+05:30,1.8,307.0,19.9,935.9,0.0,100
2024-11-12 23:00:00+05:30,2.5,300.0,19.5,935.3,0.0,100
2024-11-13 00:00:00+05:30,2.6,304.0,19.4,934.6,0.056138754350711036,100
2024-11-13 01:00:00+05:30,3.1,320.0,19.3,934.2,1.1538789264782818,100
2024-11-13 02:00:00+05:30,2.7,323.0,18.8,933.8,0.0,100
2024-11-13 03:00:00+05:30,2.9,313.0,18.1,933.6,0.8418144147967614,100
2024-11-13 04:00:00+05:30,3.1,301.0,17.7,933.9,0.0,100
2024-11-13 05:00:00+05:30,3.1,298.0,17.2,934.3,0.0,100
2024-11-13 06:00:00+05:30,3.6,307.0,17.0,935.0,1.4419427914991092,100
2024-11-13 07:00:00+05:30,4.6,309.0,18.5,936.2,1.72192078044964,100
2024-11-13 08:00:00+05:30,3.2,297.0,21.4,937.7,0.29057126789590576,100
2024-11-13 09:00:00+05:30,2.5,360.0,23.6,938.3,0.0,100
2024-11-13 10:00:00+05:30,6.7,82.0,25.7,938.3,7.302004848402758,100
2024-11-13 11:00:00+05:30,12.0,103.0,27.4,937.6,100.0,100
2024-11-13 12:00:00+05:30,12.0,103.0,28.1,936.5,97.22923702316136,100
2024-11-13 13:00:00+05:30,10.3,97.0,28.7,935.5,52.00026902222196,100
2024-11-13 14:00:00+05:30,10.3,85.0,29.0,934.6,56.51122900374406,100
2024-11-13 15:00:00+05:30,9.6,82.0,29.0,934.0,38.99492438908894,100
2024-11-13 16:00:00+05:30,7.6,83.0,28.6,933.9,11.67522363626049,100
2024-11-13 17:00:00+05:30,4.0,58.0,26.5,933.8,0.24171431625704434,100
2024-11-13 18:00:00+05:30,6.4,36.0,24.1,933.9,5.61794036001062,100
2024-11-13 19:00:00+05:30,7.8,26.0,23.1,934.8,15.946990379050526,100
2024-11-13 20:00:00+05:30,4.4,38.0,22.0,935.6,0.0,100
2024-11-13 21:00:00+05:30,2.2,346.0,21.6,936.0,0.0,100
2024-11-13 22:00:00+05:30,2.1,340.0,21.1,935.7,0.0,100
2024-11-13 23:00:00+05:30,2.2,9.0,20.9,935.6,0.0,100
2024-11-14 00:00:00+05:30,4.7,16.0,20.4,935.2,1.102240113523362,100
2024-11-14 01:00:00+05:30,2.3,356.0,20.3,934.8,0.0,100
2024-11-14 02:00:00+05:30,2.6,309.0,19.7,934.2,0.1855894494567183,100
2024-11-14 03:00:00+05:30,3.4,328.0,19.0,933.9,0.0,100
2024-11-14 04:00:00+05:30,2.4,324.0,18.5,934.4,0.0,100
2024-11-14 05:00:00+05:30,2.4,312.0,18.1,934.9,0.0,100
2024-11-14 06:00:00+05:30,3.3,311.0,17.8,935.7,1.9037064695335326,100
2024-11-14 07:00:00+05:30,5.1,309.0,19.0,937.1,1.7278270568030911,100
2024-11-14 08:00:00+05:30,3.4,328.0,21.7,938.4,0.005371854508215026,100
2024-11-14 09:00:00+05:30,1.7,32.0,24.1,939.3,0.0,100
2024-11-14 10:00:00+05:30,3.9,106.0,26.1,939.4,1.3184911490524964,100
2024-11-14 11:00:00+05:30,9.5,117.0,27.8,938.7,37.28764613480448,100
2024-11-14 12:00:00+05:30,7.2,104.0,28.3,937.7,12.643550455081133,100
2024-11-14 13:00:00+05:30,6.2,75.0,29.0,936.6,4.3013446490509955,100
2024-11-14 14:00:00+05:30,6.1,66.0,29.5,935.6,2.319319210218813,100
2024-11-14 15:00:00+05:30,6.1,87.0,29.2,935.0,4.589069184531196,100
2024-11-14 16:00:00+05:30,5.9,79.0,28.7,935.4,3.2034719932621867,100
2024-11-14 17:00:00+05:30,7.7,66.0,26.9,935.5,15.074444250745858,100
2024-11-14 18:00:00+05:30,7.4,61.0,25.1,936.4,13.112926702755274,100
2024-11-14 19:00:00+05:30,7.3,57.0,24.3,937.2,10.535239741258755,100
2024-11-14 20:00:00+05:30,3.8,90.0,22.9,937.9,0.252848921175461,100
2024-11-14 21:00:00+05:30,4.2,173.0,22.3,938.5,0.0,100
2024-11-14 22:00:00+05:30,3.5,219.0,22.0,938.3,0.0,100
2024-11-14 23:00:00+05:30,2.1,200.0,22.0,938.4,1.6878246685755405,100
2024-11-15 00:00:00+05:30,1.4,130.0,21.8,937.7,0.9440864230582726,100
2024-11-15 01:00:00+05:30,2.1,142.0,21.0,937.0,0.19364002758563656,100
2024-11-15 02:00:00+05:30,1.3,106.0,20.6,936.5,1.2899632683695106,100
2024-11-15 03:00:00+05:30,0.2,360.0,20.7,935.9,0.5671966563325591,100
2024-11-15 04:00:00+05:30,0.6,252.0,20.6,935.7,0.9888189157170251,100
2024-11-15 05:00:00+05:30,0.4,270.0,20.5,936.0,0.459479592725352,100
2024-11-15 06:00:00+05:30,0.9,323.0,20.4,936.9,0.0,100
2024-11-15 07:00:00+05:30,2.7,8.0,21.5,938.1,0.9863658635164272,100
2024-11-15 08:00:00+05:30,2.0,63.0,23.1,939.3,2.267980465727694,100
2024-11-15 09:00:00+05:30,5.4,110.0,24.8,940.1,2.391544405690392,100
2024-11-15 10:00:00+05:30,8.6,120.0,26.3,940.3,24.065238713153732,100
2024-11-15 11:00:00+05:30,10.1,117.0,27.6,939.4,47.08482388999875,100
2024-11-15 12:00:00+05:30,8.9,133.0,28.2,938.1,28.306360060610942,100
2024-11-15 13:00:00+05:30,6.0,131.0,28.8,936.9,4.368075860492998,100
2024-11-15 14:00:00+05:30,9.4,79.0,26.5,936.1,36.10035393981186,100
2024-11-15 15:00:00+05:30,7.0,293.0,26.6,935.6,9.732469361200799,100
2024-11-15 16:00:00+05:30,3.1,45.0,26.4,935.7,0.030605749831978207,100
2024-11-15 17:00:00+05:30,3.8,25.0,24.9,936.1,0.8689779191608935,100
2024-11-15 18:00:00+05:30,4.6,309.0,22.5,936.5,0.7511169473948149,100
2024-11-15 19:00:00+05:30,4.3,294.0,22.1,937.2,0.0,100
2024-11-15 20:00:00+05:30,4.4,297.0,21.9,937.5,0.0,100
2024-11-15 21:00:00+05:30,3.7,313.0,21.5,937.9,2.1041383439631254,100
2024-11-15 22:00:00+05:30,3.5,305.0,21.2,937.9,0.2119960893668821,100
2024-11-15 23:00:00+05:30,3.7,317.0,21.0,937.2,0.0,100
2024-11-16 00:00:00+05:30,4.2,324.0,20.6,936.5,0.0,100
2024-11-16 01:00:00+05:30,3.7,321.0,20.1,935.9,0.6672085825738827,100
2024-11-16 02:00:00+05:30,3.2,308.0,20.1,935.4,0.0,100
2024-11-16 03:00:00+05:30,3.1,301.0,20.1,935.4,0.16265188599941127,100
2024-11-16 04:00:00+05:30,2.2,305.0,20.3,935.4,2.2175800685347196,100
2024-11-16 05:00:00+05:30,1.7,342.0,20.2,935.8,0.0,100
2024-11-16 06:00:00+05:30,0.9,360.0,20.8,936.6,1.237793790354846,100
2024-11-16 07:00:00+05:30,3.4,43.0,22.1,937.8,1.1199175119838203,100
2024-11-16 08:00:00+05:30,0.8,153.0,23.5,938.5,0.0,100
2024-11-16 09:00:00+05:30,3.3,144.0,25.4,939.2,1.6345874246243628,100
2024-11-16 10:00:00+05:30,8.8,121.0,27.2,939.1,28.498354028514864,100
2024-11-16 11:00:00+05:30,10.4,111.0,28.5,938.2,53.20871965533039,100
2024-11-16 12:00:00+05:30,9.3,118.0,28.8,937.2,32.445415746760396,100
2024-11-16 13:00:00+05:30,9.1,115.0,29.3,936.2,31.6896172052062,100
2024-11-16 14:00:00+05:30,9.5,104.0,29.5,935.4,38.09289470939127,100
2024-11-16 15:00:00+05:30,7.9,101.0,29.3,934.8,16.176544011850577,100
2024-11-16 16:00:00+05:30,5.4,64.0,29.0,934.7,0.0,100
2024-11-16 17:00:00+05:30,6.9,31.0,27.1,934.9,8.406530686196202,100
2024-11-16 18:00:00+05:30,4.9,262.0,24.8,935.3,2.4746418156452226,100
2024-11-16 19:00:00+05:30,4.1,241.0,23.7,936.0,0.0,100
2024-11-16 20:00:00+05:30,3.2,270.0,22.8,936.5,1.6793905273685852,100
2024-11-16 21:00:00+05:30,3.5,291.0,22.2,936.7,0.8563439090932429,100
2024-11-16 22:00:00+05:30,3.5,321.0,21.6,936.7,1.0947015419877573,100
2024-11-16 23:00:00+05:30,3.4,328.0,21.4,936.3,0.5333860162126124,100
2024-11-17 00:00:00+05:30,2.6,335.0,21.4,935.8,0.0,100
2024-11-17 01:00:00+05:30,1.8,354.0,20.6,935.2,1.7232747913558908,100
2024-11-17 02:00:00+05:30,3.5,345.0,20.2,934.9,0.0,100
2024-11-17 03:00:00+05:30,1.0,338.0,20.4,934.6,0.5888013504687533,100
2024-11-17 04:00:00+05:30,1.0,338.0,20.6,934.7,0.0,100
2024-11-17 05:00:00+05:30,1.6,360.0,20.6,935.1,1.320234318622598,100
2024-11-17 06:00:00+05:30,2.5,98.0,20.4,935.9,0.11541812434554473,100
2024-11-17 07:00:00+05:30,4.0,98.0,21.3,937.0,0.20325609522412577,100
2024-11-17 08:00:00+05:30,2.2,166.0,23.0,938.1,0.3951421293096317,100
2024-11-17 09:00:00+05:30,5.2,117.0,24.8,939.0,0.5791893874125282,100
2024-11-17 10:00:00+05:30,10.4,107.0,26.5,939.2,54.763391379356975,100
2024-11-17 11:00:00+05:30,12.5,105.0,27.8,938.6,100.0,100
2024-11-17 12:00:00+05:30,11.8,98.0,28.7,937.6,91.26912592895144,100
2024-11-17 13:00:00+05:30,10.3,88.0,29.2,936.5,53.025123338319695,100
2024-11-17 14:00:00+05:30,8.9,82.0,29.4,935.8,28.429350293690185,100
2024-11-17 15:00:00+05:30,8.0,56.0,29.6,935.3,17.08367893686387,100
2024-11-17 16:00:00+05:30,12.1,46.0,28.6,935.2,100.0,100
2024-11-17 17:00:00+05:30,11.1,30.0,26.6,935.1,73.42437689469871,100
2024-11-17 18:00:00+05:30,9.8,36.0,24.8,935.8,41.91622897362935,100
2024-11-17 19:00:00+05:30,6.1,43.0,23.0,935.9,4.557382663483347,100
2024-11-17 20:00:00+05:30,2.5,30.0,22.8,936.8,0.0,100
2024-11-17 21:00:00+05:30,0.8,315.0,22.1,937.2,0.0,100
2024-11-17 22:00:00+05:30,1.5,346.0,21.1,937.2,1.3041814463478383,100
2024-11-17 23:00:00+05:30,5.4,21.0,20.3,937.0,2.6135214701760168,100
2024-11-18 00:00:00+05:30,3.9,37.0,20.3,936.6,0.0,100
2024-11-18 01:00:00+05:30,0.8,315.0,20.1,936.1,0.0,100
2024-11-18 02:00:00+05:30,0.5,270.0,19.5,935.9,0.0,100
2024-11-18 03:00:00+05:30,1.0,301.0,18.7,935.6,0.0,100
2024-11-18 04:00:00+05:30,2.1,322.0,17.7,935.5,0.0,100
2024-11-18 05:00:00+05:30,2.3,321.0,16.9,935.6,0.0,100
2024-11-18 06:00:00+05:30,2.4,306.0,16.1,936.1,3.1063454965739856,100
2024-11-18 07:00:00+05:30,2.5,291.0,17.5,937.4,0.0,100
2024-11-18 08:00:00+05:30,2.4,261.0,20.3,938.8,1.0883471997157517,100
2024-11-18 09:00:00+05:30,1.5,187.0,22.5,939.7,0.0,100
2024-11-18 10:00:00+05:30,4.6,111.0,24.4,939.8,0.5359465415628671,100
2024-11-18 11:00:00+05:30,8.3,94.0,26.1,939.1,20.65364189935111,100
2024-11-18 12:00:00+05:30,9.5,79.0,27.2,938.3,36.228210009042954,100
2024-11-18 13:00:00+05:30,10.0,64.0,27.7,937.3,46.53787460222477,100
2024-11-18 14:00:00+05:30,10.6,51.0,27.7,936.4,60.00343904626214,100
2024-11-18 15:00:00+05:30,10.8,46.0,27.4,936.2,66.13675572279213,100
2024-11-18 16:00:00+05:30,9.6,43.0,26.5,935.8,38.22844398570685,100
2024-11-18 17:00:00+05:30,6.1,28.0,23.7,935.6,4.021641997104934,100
2024-11-18 18:00:00+05:30,5.7,37.0,21.5,935.4,3.86331997104892,100
2024-11-18 19:00:00+05:30,3.1,31.0,20.5,936.0,0.0,100
2024-11-18 20:00:00+05:30,1.5,30.0,19.7,936.9,0.0,100
2024-11-18 21:00:00+05:30,0.7,14.0,19.1,937.5,1.787589273319048,100
2024-11-18 22:00:00+05:30,1.4,360.0,18.1,937.7,0.7723902405027098,100
2024-11-18 23:00:00+05:30,2.4,347.0,17.5,937.4,1.2508011800648389,100
2024-11-19 00:00:00+05:30,1.5,353.0,17.9,937.4,0.0,100
2024-11-19 01:00:00+05:30,0.8,315.0,17.8,936.9,0.01677532036409808,100
2024-11-19 02:00:00+05:30,0.6,326.0,17.2,936.4,1.134513982727146,100
2024-11-19 03:00:00+05:30,1.2,321.0,16.1,936.0,1.0955883121853132,100
2024-11-19 04:00:00+05:30,2.3,321.0,15.1,935.9,0.5020135525828541,100
2024-11-19 05:00:00+05:30,1.9,326.0,14.4,936.2,0.0,100
2024-11-19 06:00:00+05:30,1.5,306.0,13.8,937.0,0.0,100
2024-11-19 07:00:00+05:30,4.0,297.0,15.3,938.0,1.7229520647501217,100
2024-11-19 08:00:00+05:30,3.2,286.0,18.7,939.6,0.8798457274817445,100
2024-11-19 09:00:00+05:30,0.2,270.0,21.7,940.6,1.4557095947611252,100
2024-11-19 10:00:00+05:30,2.8,108.0,23.8,940.7,0.10850873754664445,100
2024-11-19 11:00:00+05:30,6.0,100.0,25.6,940.0,4.4204757534832,100
2024-11-19 12:00:00+05:30,6.9,104.0,26.5,939.1,7.871982538781335,100
2024-11-19 13:00:00+05:30,6.2,112.0,27.0,938.1,1.4444316472068315,100
2024-11-19 14:00:00+05:30,4.7,118.0,27.2,937.2,1.1118581210232408,100
2024-11-19 15:00:00+05:30,2.7,127.0,27.1,936.6,0.0,100
2024-11-19 16:00:00+05:30,2.4,107.0,26.8,936.3,2.411587926611059,100
2024-11-19 17:00:00+05:30,1.5,60.0,25.2,936.2,0.959610202444868,100
2024-11-19 18:00:00+05:30,7.7,37.0,22.3,936.2,15.82148219286168,100
2024-11-19 19:00:00+05:30,7.7,41.0,20.8,936.9,12.8440443794176,100
2024-11-19 20:00:00+05:30,6.8,48.0,19.6,937.3,6.734171278277803,100
2024-11-19 21:00:00+05:30,2.4,48.0,19.1,937.5,0.6386942010226055,100
2024-11-19 22:00:00+05:30,1.1,351.0,18.4,937.4,0.8992372060404287,100
2024-11-19 23:00:00+05:30,0.6,326.0,17.7,936.7,0.0,100
2024-11-20 00:00:00+05:30,0.9,323.0,17.1,936.1,0.28235685502547403,100
2024-11-20 01:00:00+05:30,3.5,351.0,16.6,935.8,0.8219232604181119,100
2024-11-20 02:00:00+05:30,1.9,17.0,16.7,935.5,1.3259709504835684,100
2024-11-20 03:00:00+05:30,0.8,315.0,16.4,935.4,0.0,100
2024-11-20 04:00:00+05:30,0.6,326.0,16.0,935.5,0.3065393441184621,100
2024-11-20 05:00:00+05:30,0.6,342.0,15.4,936.0,0.0,100
2024-11-20 06:00:00+05:30,0.4,270.0,15.3,937.0,1.3964391752392207,100
2024-11-20 07:00:00+05:30,0.8,315.0,16.2,938.1,0.0,100
2024-11-20 08:00:00+05:30,0.5,270.0,18.9,939.5,0.0,100
2024-11-20 09:00:00+05:30,4.4,128.0,21.5,940.4,0.0,100
2024-11-20 10:00:00+05:30,10.2,113.0,23.7,940.3,53.58603425435436,100
2024-11-20 11:00:00+05:30,11.0,111.0,24.9,939.4,70.43634973657684,100
2024-11-20 12:00:00+05:30,9.5,112.0,25.7,938.4,37.310135947586666,100
2024-11-20 13:00:00+05:30,7.2,115.0,26.1,937.4,9.13226325332411,100
2024-11-20 14:00:00+05:30,5.0,116.0,26.3,936.5,0.736170568217616,100
2024-11-20 15:00:00+05:30,2.9,120.0,26.3,935.9,0.7860778359396122,100
2024-11-20 16:00:00+05:30,0.7,14.0,26.0,935.9,2.6085865452205574,100
2024-11-20 17:00:00+05:30,0.9,259.0,24.3,935.8,0.1507407303027242,100
2024-11-20 18:00:00+05:30,7.1,34.0,21.5,935.8,9.440482848539958,100
2024-11-20 19:00:00+05:30,7.7,39.0,20.3,936.5,14.382720538361877,100
2024-11-20 20:00:00+05:30,4.6,48.0,19.1,937.1,0.0,100
2024-11-20 21:00:00+05:30,1.5,21.0,19.1,937.4,1.2290117309451263,100
2024-11-20 22:00:00+05:30,0.9,323.0,18.4,937.2,0.0,100
2024-11-20 23:00:00+05:30,0.6,288.0,17.8,936.7,0.5237509651816016,100
2024-11-21 00:00:00+05:30,1.9,304.0,17.0,935.8,0.0,100
2024-11-21 01:00:00+05:30,1.5,300.0,16.8,935.4,0.0,100
2024-11-21 02:00:00+05:30,1.4,293.0,16.5,934.8,0.0,100
2024-11-21 03:00:00+05:30,2.4,318.0,16.0,934.6,0.0,100
2024-11-21 04:00:00+05:30,2.1,301.0,15.2,934.6,0.0,100
2024-11-21 05:00:00+05:30,2.4,306.0,14.2,934.5,0.5547855037759096,100
2024-11-21 06:00:00+05:30,2.1,301.0,13.8,935.5,2.1040924756615578,100
2024-11-21 07:00:00+05:30,3.7,309.0,15.2,936.7,0.4284991725958911,100
2024-11-21 08:00:00+05:30,3.6,288.0,17.9,938.3,0.0,100
2024-11-21 09:00:00+05:30,1.9,236.0,21.0,939.2,0.9659641523486533,100
2024-11-21 10:00:00+05:30,3.5,165.0,23.3,939.4,0.55341124832923,100
2024-11-21 11:00:00+05:30,5.5,134.0,25.1,939.0,0.47017217286306656,100
2024-11-21 12:00:00+05:30,4.3,132.0,26.0,938.0,0.0,100
2024-11-21 13:00:00+05:30,3.9,146.0,26.6,937.1,0.0,100
2024-11-21 14:00:00+05:30,3.8,169.0,26.9,936.3,0.9003763453162063,100
2024-11-21 15:00:00+05:30,3.2,183.0,26.9,935.9,0.05621302825093484,100
2024-11-21 16:00:00+05:30,3.6,217.0,26.4,935.7,0.2559496870542207,100
2024-11-21 17:00:00+05:30,4.8,255.0,23.5,935.4,0.6202518402369573,100
2024-11-21 18:00:00+05:30,3.0,295.0,21.7,935.6,0.9172370644024311,100
2024-11-21 19:00:00+05:30,6.0,3.0,19.7,936.3,2.99525212530113,100
2024-11-21 20:00:00+05:30,5.1,18.0,18.7,937.0,0.0,100
2024-11-21 21:00:00+05:30,1.4,337.0,18.7,937.5,0.0,100
2024-11-21 22:00:00+05:30,0.9,259.0,18.1,937.3,1.2047340789344907,100
2024-11-21 23:00:00+05:30,1.1,270.0,17.5,937.0,0.1609910367874819,100
2024-11-22 00:00:00+05:30,1.8,315.0,16.6,936.0,0.0,100
2024-11-22 01:00:00+05:30,1.8,349.0,16.0,935.4,0.8392340929390089,100
2024-11-22 02:00:00+05:30,1.9,299.0,15.4,934.9,0.0,100
2024-11-22 03:00:00+05:30,2.0,315.0,15.1,934.4,0.01752061731275548,100
2024-11-22 04:00:00+05:30,1.3,315.0,14.9,934.2,0.0,100
2024-11-22 05:00:00+05:30,1.8,360.0,14.4,934.6,0.0,100
2024-11-22 06:00:00+05:30,1.3,344.0,13.8,935.5,0.0,100
2024-11-22 07:00:00+05:30,3.2,297.0,15.3,936.6,0.0,100
2024-11-22 08:00:00+05:30,2.3,288.0,18.0,937.7,0.29002491771473027,100
2024-11-22 09:00:00+05:30,1.2,243.0,20.9,939.0,1.0744474585443213,100
2024-11-22 10:00:00+05:30,2.2,171.0,23.0,939.0,0.0,100
2024-11-22 11:00:00+05:30,4.0,141.0,24.9,938.5,0.07364419346289233,100
2024-11-22 12:00:00+05:30,2.7,148.0,26.0,937.4,0.5074384424311769,100
2024-11-22 13:00:00+05:30,1.6,180.0,26.7,936.4,1.1715884916169985,100
2024-11-22 14:00:00+05:30,2.2,185.0,27.0,935.6,0.0,100
2024-11-22 15:00:00+05:30,3.1,190.0,27.0,935.0,0.13339634860723648,100
2024-11-22 16:00:00+05:30,6.3,204.0,26.5,935.0,4.252917665160218,100
2024-11-22 17:00:00+05:30,8.0,220.0,24.1,934.9,18.523979060069795,100
2024-11-22 18:00:00+05:30,2.1,308.0,22.1,935.1,0.0,100
2024-11-22 19:00:00+05:30,7.8,15.0,21.0,935.6,15.017201207759435,100
2024-11-22 20:00:00+05:30,5.0,49.0,19.6,936.1,0.0,100
2024-11-22 21:00:00+05:30,0.8,297.0,19.4,936.7,1.6214488857392793,100
2024-11-22 22:00:00+05:30,1.1,288.0,18.5,936.8,0.059204532538921856,100
2024-11-22 23:00:00+05:30,3.4,264.0,17.5,936.6,1.1860804033117875,100
2024-11-23 00:00:00+05:30,2.8,325.0,17.4,936.2,0.0,100
2024-11-23 01:00:00+05:30,1.0,22.0,16.9,936.0,1.0716898065352178,100
2024-11-23 02:00:00+05:30,0.9,127.0,15.9,935.5,1.896806305027351,100
2024-11-23 03:00:00+05:30,0.2,90.0,15.4,935.2,0.2785150427972813,100
2024-11-23 04:00:00+05:30,0.7,14.0,15.0,935.2,0.08049351065914948,100
2024-11-23 05:00:00+05:30,1.9,338.0,14.5,935.4,1.0311016929723555,100
2024-11-23 06:00:00+05:30,1.8,349.0,13.9,936.2,0.7851666689136981,100
2024-11-23 07:00:00+05:30,3.2,341.0,15.3,937.5,0.0,100
2024-11-23 08:00:00+05:30,3.1,329.0,17.8,938.8,0.0,100
2024-11-23 09:00:00+05:30,0.5,45.0,20.7,939.8,0.0,100
2024-11-23 10:00:00+05:30,3.3,135.0,23.0,939.7,0.0,100
2024-11-23 11:00:00+05:30,6.3,149.0,24.8,939.2,3.4176737167420264,100
2024-11-23 12:00:00+05:30,5.6,151.0,25.9,938.5,0.9146031467886868,100
2024-11-23 13:00:00+05:30,3.7,133.0,26.5,937.2,0.0,100
2024-11-23 14:00:00+05:30,3.7,101.0,26.7,936.7,0.0,100
2024-11-23 15:00:00+05:30,3.5,99.0,26.7,936.4,0.0,100
2024-11-23 16:00:00+05:30,2.4,153.0,26.2,936.3,0.0,100
2024-11-23 17:00:00+05:30,3.6,213.0,24.0,936.1,1.687845496877082,100
2024-11-23 18:00:00+05:30,0.6,288.0,22.9,936.1,0.0,100
2024-11-23 19:00:00+05:30,4.3,45.0,21.3,936.7,2.2167542452002547,100
2024-11-23 20:00:00+05:30,5.6,73.0,20.0,937.2,1.049738251928038,100
2024-11-23 21:00:00+05:30,1.3,56.0,19.8,937.6,0.0,100
2024-11-23 22:00:00+05:30,0.5,270.0,19.1,937.4,0.0,100
2024-11-23 23:00:00+05:30,2.9,259.0,18.1,936.8,0.0,100
2024-11-24 00:00:00+05:30,3.6,276.0,17.4,936.4,0.0,100
2024-11-24 01:00:00+05:30,2.9,300.0,16.9,936.2,1.267134382847689,100
2024-11-24 02:00:00+05:30,1.3,326.0,16.4,935.6,1.1428686610260435,100
2024-11-24 03:00:00+05:30,2.9,11.0,15.4,935.2,0.0,100
2024-11-24 04:00:00+05:30,1.1,360.0,14.7,935.1,0.0,100
2024-11-24 05:00:00+05:30,1.0,301.0,14.6,935.4,0.0,100
2024-11-24 06:00:00+05:30,0.9,307.0,14.2,936.7,0.0,100
2024-11-24 07:00:00+05:30,1.1,261.0,15.3,937.8,0.0,100
2024-11-24 08:00:00+05:30,1.9,299.0,17.7,939.0,0.0,100
2024-11-24 09:00:00+05:30,0.5,270.0,20.9,939.9,0.0,100
2024-11-24 10:00:00+05:30,4.4,150.0,23.4,940.0,0.0,100
2024-11-24 11:00:00+05:30,6.2,136.0,25.2,939.3,4.416225262528596,100
2024-11-24 12:00:00+05:30,4.6,132.0,26.2,938.4,0.5539500346655318,100
2024-11-24 13:00:00+05:30,3.3,151.0,26.8,937.4,1.6581148439655247,100
2024-11-24 14:00:00+05:30,3.9,167.0,27.2,936.8,0.3501789414259252,100
2024-11-24 15:00:00+05:30,4.3,165.0,27.3,936.2,0.0,100
2024-11-24 16:00:00+05:30,4.8,169.0,27.2,935.9,1.9440040704456165,100
2024-11-24 17:00:00+05:30,1.7,212.0,25.5,936.1,1.4463394228623427,100
2024-11-24 18:00:00+05:30,6.6,21.0,22.4,936.1,6.271051908640787,100
2024-11-24 19:00:00+05:30,7.1,41.0,20.9,937.0,8.453633321286258,100
2024-11-24 20:00:00+05:30,4.1,49.0,19.7,937.5,0.8815279404180734,100
2024-11-24 21:00:00+05:30,1.1,360.0,19.5,937.9,0.0,100
2024-11-24 22:00:00+05:30,0.6,288.0,18.8,937.7,0.0,100
2024-11-24 23:00:00+05:30,2.7,290.0,18.1,937.2,0.17935252570956345,100
2024-11-25 00:00:00+05:30,3.1,320.0,17.4,936.5,0.851614310703463,100
2024-11-25 01:00:00+05:30,5.0,360.0,16.7,936.2,0.49897513595496734,100
2024-11-25 02:00:00+05:30,2.3,356.0,17.0,935.8,0.26270206953755515,100
2024-11-25 03:00:00+05:30,1.2,309.0,16.7,935.3,2.5842761910100527,100
2024-11-25 04:00:00+05:30,0.7,284.0,16.0,935.5,0.0,100
2024-11-25 05:00:00+05:30,1.2,297.0,15.2,935.4,0.7305251855031084,100
2024-11-25 06:00:00+05:30,1.0,292.0,14.7,936.0,0.0,100
2024-11-25 07:00:00+05:30,2.1,290.0,15.6,937.0,1.2227900418715112,100
2024-11-25 08:00:00+05:30,3.2,289.0,18.5,938.6,0.38121387343196744,100
2024-11-25 09:00:00+05:30,0.9,37.0,21.3,939.8,0.8267940512280799,100
2024-11-25 10:00:00+05:30,4.8,79.0,23.4,939.6,0.02010588907103439,100
2024-11-25 11:00:00+05:30,8.4,81.0,25.0,938.7,22.72667931911912,100
2024-11-25 12:00:00+05:30,8.7,76.0,26.0,937.7,26.69232035931179,100
2024-11-25 13:00:00+05:30,8.4,71.0,26.5,936.8,23.991556471922877,100
2024-11-25 14:00:00+05:30,8.3,63.0,26.8,936.2,21.018934473482215,100
2024-11-25 15:00:00+05:30,9.5,53.0,26.6,935.8,40.72186326224873,100
2024-11-25 16:00:00+05:30,10.3,44.0,25.8,935.6,54.22148304982463,100
2024-11-25 17:00:00+05:30,8.6,37.0,23.3,935.4,25.05245838449852,100
2024-11-25 18:00:00+05:30,7.0,50.0,20.4,935.6,7.154283408160927,100
2024-11-25 19:00:00+05:30,6.2,46.0,18.8,936.1,4.937623171209291,100
2024-11-25 20:00:00+05:30,2.1,52.0,18.4,937.0,1.8402377610274319,100
2024-11-25 21:00:00+05:30,0.7,346.0,17.4,937.0,0.7504562467513556,100
2024-11-25 22:00:00+05:30,1.7,328.0,16.6,936.9,0.9634270639121889,100
2024-11-25 23:00:00+05:30,0.2,360.0,16.0,936.7,0.31659168227912793,100
2024-11-26 00:00:00+05:30,1.0,338.0,15.3,935.9,0.0,100
2024-11-26 01:00:00+05:30,1.4,320.0,14.9,935.6,0.40032926275682706,100
2024-11-26 02:00:00+05:30,1.3,304.0,14.6,935.1,0.6727592369704916,100
2024-11-26 03:00:00+05:30,1.5,306.0,14.5,935.0,0.0,100
2024-11-26 04:00:00+05:30,1.6,297.0,14.2,934.9,1.9713113266024165,100
2024-11-26 05:00:00+05:30,1.8,307.0,13.7,935.1,0.0,100
2024-11-26 06:00:00+05:30,0.2,270.0,13.6,936.0,0.0,100
2024-11-26 07:00:00+05:30,1.5,315.0,14.4,937.1,0.9943270766214811,100
2024-11-26 08:00:00+05:30,2.2,294.0,17.5,938.4,0.0,100
2024-11-26 09:00:00+05:30,1.3,16.0,20.5,939.7,1.7849045008895297,100
2024-11-26 10:00:00+05:30,4.0,85.0,22.7,939.6,0.0,100
2024-11-26 11:00:00+05:30,7.6,90.0,24.4,938.9,13.489884920989624,100
2024-11-26 12:00:00+05:30,7.8,81.0,25.3,937.6,14.100911159923218,100
2024-11-26 13:00:00+05:30,7.8,64.0,26.0,936.5,14.972836944354308,100
2024-11-26 14:00:00+05:30,8.5,52.0,26.2,935.6,21.505479277921555,100
2024-11-26 15:00:00+05:30,10.1,46.0,26.0,935.3,51.397494724777694,100
2024-11-26 16:00:00+05:30,10.9,34.0,25.1,934.9,67.48541134683245,100
2024-11-26 17:00:00+05:30,7.5,33.0,22.6,934.6,11.708398149397354,100
2024-11-26 18:00:00+05:30,7.3,36.0,19.9,935.1,12.083733895703642,100
2024-11-26 19:00:00+05:30,4.8,31.0,18.5,935.8,0.1497593037076531,100
2024-11-26 20:00:00+05:30,0.7,346.0,17.9,936.5,0.0,100
2024-11-26 21:00:00+05:30,0.4,333.0,17.2,936.8,0.0,100
2024-11-26 22:00:00+05:30,2.0,5.0,16.9,936.7,0.0,100
2024-11-26 23:00:00+05:30,4.2,12.0,16.8,936.4,0.0,100
2024-11-27 00:00:00+05:30,2.4,17.0,16.9,936.1,0.35690670461742535,100
2024-11-27 01:00:00+05:30,1.7,18.0,16.7,935.7,0.0,100
2024-11-27 02:00:00+05:30,1.5,330.0,16.2,935.1,0.0,100
2024-11-27 03:00:00+05:30,1.6,297.0,15.6,934.5,0.0,100
2024-11-27 04:00:00+05:30,2.8,297.0,14.7,934.4,0.0,100
2024-11-27 05:00:00+05:30,3.3,306.0,13.9,934.5,0.0,100
2024-11-27 06:00:00+05:30,3.0,308.0,13.4,935.3,0.0,100
2024-11-27 07:00:00+05:30,3.5,305.0,14.3,936.5,0.19183116242119375,100
2024-11-27 08:00:00+05:30,4.0,288.0,17.3,938.1,0.0,100
2024-11-27 09:00:00+05:30,3.9,298.0,19.9,938.9,0.0,100
2024-11-27 10:00:00+05:30,1.1,351.0,22.3,938.7,0.6669781045428015,100
2024-11-27 11:00:00+05:30,3.8,82.0,24.3,937.7,1.504130322496453,100
2024-11-27 12:00:00+05:30,6.0,83.0,25.5,936.6,4.827276557224453,100
2024-11-27 13:00:00+05:30,7.1,83.0,26.2,935.5,9.961293959540795,100
2024-11-27 14:00:00+05:30,6.8,90.0,26.5,934.9,7.105441386497487,100
2024-11-27 15:00:00+05:30,6.3,87.0,26.4,934.5,4.010272280871184,100
2024-11-27 16:00:00+05:30,6.0,53.0,25.8,934.3,3.1585414662915747,100
2024-11-27 17:00:00+05:30,5.9,35.0,23.1,934.3,4.874012833826264,100
2024-11-27 18:00:00+05:30,7.2,39.0,20.4,934.5,11.692971890364094,100
2024-11-27 19:00:00+05:30,6.6,35.0,18.7,935.2,5.687537007564832,100
2024-11-27 20:00:00+05:30,2.8,11.0,18.3,936.0,0.0,100
2024-11-27 21:00:00+05:30,2.2,336.0,17.5,935.9,0.0,100
2024-11-27 22:00:00+05:30,2.3,321.0,16.9,935.7,0.8394239844695639,100
2024-11-27 23:00:00+05:30,2.7,340.0,16.8,935.2,0.1358281322917496,100
2024-11-28 00:00:00+05:30,4.4,30.0,16.4,935.0,0.6624200708776976,100
2024-11-28 01:00:00+05:30,1.9,41.0,16.3,934.7,0.4335155226331309,100
2024-11-28 02:00:00+05:30,0.8,315.0,15.9,934.4,0.15955368319593058,100
2024-11-28 03:00:00+05:30,1.3,326.0,15.2,934.3,0.0,100
2024-11-28 04:00:00+05:30,1.0,315.0,14.9,934.5,1.052740731888022,100
2024-11-28 05:00:00+05:30,0.9,307.0,14.6,934.9,0.0,100
2024-11-28 06:00:00+05:30,1.5,306.0,13.8,935.6,1.3729038381448115,100
2024-11-28 07:00:00+05:30,3.2,304.0,14.2,936.6,0.995262270224962,100
2024-11-28 08:00:00+05:30,3.5,291.0,17.4,938.2,1.2200616185027524,100
2024-11-28 09:00:00+05:30,2.0,355.0,20.1,939.1,0.0,100
2024-11-28 10:00:00+05:30,8.1,62.0,22.5,939.1,18.81419254620047,100
2024-11-28 11:00:00+05:30,15.1,73.0,24.3,938.6,100.0,100
2024-11-28 12:00:00+05:30,14.8,74.0,25.1,937.4,98.82733097382877,100
2024-11-28 13:00:00+05:30,14.0,68.0,25.6,936.1,98.17745974559904,100
2024-11-28 14:00:00+05:30,13.8,61.0,25.9,935.0,100.0,100
2024-11-28 15:00:00+05:30,13.8,59.0,25.5,934.4,97.01403239492338,100
2024-11-28 16:00:00+05:30,11.3,54.0,24.6,934.2,79.1794874244051,100
2024-11-28 17:00:00+05:30,6.9,51.0,21.8,934.1,7.4038869974497015,100
2024-11-28 18:00:00+05:30,6.0,46.0,19.4,933.8,2.633822791381048,100
2024-11-28 19:00:00+05:30,3.1,13.0,18.6,934.7,0.7872193455737948,100
2024-11-28 20:00:00+05:30,2.5,8.0,18.1,935.4,0.0,100
2024-11-28 21:00:00+05:30,3.6,30.0,17.7,935.9,0.30080618367092443,100
2024-11-28 22:00:00+05:30,5.2,25.0,16.9,936.2,0.19335389069558362,100
2024-11-28 23:00:00+05:30,4.5,14.0,16.4,935.9,1.4869090281230761,100
2024-11-29 00:00:00+05:30,4.0,352.0,16.0,935.4,1.4734043055140922,100
2024-11-29 01:00:00+05:30,2.7,356.0,15.8,935.2,0.0,100
2024-11-29 02:00:00+05:30,2.5,30.0,15.3,934.8,0.47328766988975657,100
2024-11-29 03:00:00+05:30,2.6,12.0,14.6,934.4,0.08115474171247973,100
2024-11-29 04:00:00+05:30,3.1,336.0,13.8,934.1,0.8753547600057136,100
2024-11-29 05:00:00+05:30,3.4,313.0,12.8,934.5,0.43880647159211217,100
2024-11-29 06:00:00+05:30,1.5,306.0,12.7,935.4,0.0,100
2024-11-29 07:00:00+05:30,2.8,305.0,12.9,936.2,0.2868367452707192,100
2024-11-29 08:00:00+05:30,3.8,281.0,16.3,937.9,0.674955279994557,100
2024-11-29 09:00:00+05:30,2.8,315.0,19.2,938.7,0.6927678844336616,100
2024-11-29 10:00:00+05:30,3.8,25.0,21.3,938.7,1.5383558929581185,100
2024-11-29 11:00:00+05:30,6.0,44.0,23.1,938.0,2.0589164069319454,100
2024-11-29 12:00:00+05:30,7.3,50.0,24.2,937.1,10.469912186358991,100
2024-11-29 13:00:00+05:30,7.3,59.0,25.1,935.9,10.820548058668656,100
2024-11-29 14:00:00+05:30,6.6,64.0,25.6,935.0,7.777118511528316,100
2024-11-29 15:00:00+05:30,6.7,44.0,25.7,934.1,6.512656809591753,100
2024-11-29 16:00:00+05:30,7.4,34.0,25.2,934.2,11.70253143507649,100
2024-11-29 17:00:00+05:30,7.9,27.0,22.4,934.0,15.55886761873953,100
2024-11-29 18:00:00+05:30,8.0,28.0,19.6,934.3,16.422207600535277,100
2024-11-29 19:00:00+05:30,6.8,22.0,17.7,934.5,7.324232061823111,100
2024-11-29 20:00:00+05:30,3.1,3.0,17.2,935.4,1.763825310292629,100
2024-11-29 21:00:00+05:30,1.5,330.0,16.8,935.8,0.0,100
2024-11-29 22:00:00+05:30,0.7,284.0,16.6,935.7,0.5804626285998912,100
2024-11-29 23:00:00+05:30,2.4,343.0,16.5,935.3,0.0,100
2024-11-30 00:00:00+05:30,2.4,333.0,16.3,934.8,0.21598745804088776,100
2024-11-30 01:00:00+05:30,1.5,306.0,16.2,934.4,0.0,100
2024-11-30 02:00:00+05:30,2.2,294.0,15.6,933.7,0.28221975994285387,100
2024-11-30 03:00:00+05:30,3.0,287.0,14.7,933.2,0.0,100
2024-11-30 04:00:00+05:30,3.7,299.0,13.9,933.2,0.18703280629392935,100
2024-11-30 05:00:00+05:30,5.0,308.0,13.2,933.2,0.5366686866072856,100
2024-11-30 06:00:00+05:30,5.3,303.0,12.7,933.9,3.6121771173073602,100
2024-11-30 07:00:00+05:30,6.3,301.0,13.3,934.7,4.887974137028961,100
2024-11-30 08:00:00+05:30,4.6,296.0,16.6,936.4,0.2804959600640266,100
2024-11-30 09:00:00+05:30,3.1,301.0,19.9,937.8,1.2646980119623927,100
2024-11-30 10:00:00+05:30,3.4,328.0,22.3,937.6,0.0,100
2024-11-30 11:00:00+05:30,2.8,15.0,24.4,936.9,0.0,100
2024-11-30 12:00:00+05:30,3.5,81.0,25.9,935.7,0.5721000790592837,100
2024-11-30 13:00:00+05:30,2.0,85.0,26.7,934.5,0.0,100
2024-11-30 14:00:00+05:30,1.3,74.0,27.1,933.6,0.0,100
2024-11-30 15:00:00+05:30,1.3,124.0,27.1,933.5,0.0,100
2024-11-30 16:00:00+05:30,0.8,243.0,26.7,933.3,0.0,100
2024-11-30 17:00:00+05:30,2.3,315.0,24.3,932.8,0.0,100
2024-11-30 18:00:00+05:30,0.6,288.0,21.9,933.3,1.9458920211815904,100
2024-11-30 19:00:00+05:30,6.7,3.0,19.8,933.4,7.057115075425683,100
2024-11-30 20:00:00+05:30,5.4,4.0,19.2,934.4,4.362566986115127,100
2024-11-30 21:00:00+05:30,4.5,313.0,18.5,934.2,1.1911194607180735,100
2024-11-30 22:00:00+05:30,4.4,289.0,17.5,934.1,0.9158840633560823,100
2024-11-30 23:00:00+05:30,4.4,291.0,16.7,933.6,0.0,100
2024-12-01 00:00:00+05:30,4.1,326.0,16.2,933.1,0.0,100
2024-12-01 01:00:00+05:30,5.6,303.0,16.2,932.7,2.6960313175222494,100
2024-12-01 02:00:00+05:30,5.2,297.0,15.7,932.3,2.4305636256547962,100
2024-12-01 03:00:00+05:30,4.4,289.0,15.6,931.9,0.0,100
2024-12-01 04:00:00+05:30,4.0,297.0,15.6,932.0,0.15979099731714672,100
2024-12-01 05:00:00+05:30,4.5,304.0,15.9,932.6,0.17320417511147113,100
2024-12-01 06:00:00+05:30,5.3,303.0,16.4,933.3,1.5020256511365548,100
2024-12-01 07:00:00+05:30,6.7,306.0,17.0,933.9,8.825982164149872,100
2024-12-01 08:00:00+05:30,5.0,319.0,19.6,935.1,0.13609535077489088,100
2024-12-01 09:00:00+05:30,5.8,358.0,21.9,936.1,3.4786278039683496,100
2024-12-01 10:00:00+05:30,7.6,31.0,23.8,936.0,14.443566440901701,100
2024-12-01 11:00:00+05:30,9.3,49.0,25.5,935.6,34.87158126297623,100
2024-12-01 12:00:00+05:30,9.5,44.0,26.6,934.3,37.69376817877357,100
2024-12-01 13:00:00+05:30,9.1,51.0,27.6,933.2,31.36070937804203,100
2024-12-01 14:00:00+05:30,7.4,39.0,27.7,932.0,12.50010775954934,100
2024-12-01 15:00:00+05:30,6.3,31.0,27.7,931.5,4.499130528640106,100
2024-12-01 16:00:00+05:30,5.1,32.0,27.3,931.2,1.4564672991446077,100
2024-12-01 17:00:00+05:30,3.1,66.0,26.4,931.4,0.15122786019276688,100
2024-12-01 18:00:00+05:30,6.5,90.0,23.4,931.4,4.728007605344211,100
2024-12-01 19:00:00+05:30,6.4,68.0,22.1,932.1,4.036214605111273,100
2024-12-01 20:00:00+05:30,2.7,42.0,21.7,932.9,1.4371445541631953,100
2024-12-01 21:00:00+05:30,2.3,302.0,21.2,932.9,0.8930096665742062,100
2024-12-01 22:00:00+05:30,3.1,301.0,20.4,932.6,0.882805847493928,100
2024-12-01 23:00:00+05:30,3.3,292.0,19.8,932.1,0.41954123188679976,100
2024-12-02 00:00:00+05:30,1.9,287.0,19.5,931.8,0.25922588168407995,100
2024-12-02 01:00:00+05:30,1.7,302.0,19.6,931.8,0.5507829950717469,100
2024-12-02 02:00:00+05:30,2.5,278.0,20.0,931.4,0.00450954045860003,100
2024-12-02 03:00:00+05:30,4.3,270.0,20.3,931.3,0.8215976110292316,100
2024-12-02 04:00:00+05:30,4.4,282.0,20.2,931.2,0.0,100
2024-12-02 05:00:00+05:30,2.8,297.0,19.5,931.6,1.2827840391539933,100
2024-12-02 06:00:00+05:30,2.2,336.0,20.1,932.3,0.19605856617395112,100
2024-12-02 07:00:00+05:30,2.9,353.0,20.5,933.6,0.543940004183711,100
2024-12-02 08:00:00+05:30,3.2,344.0,21.7,934.9,0.36739776760627363,100
2024-12-02 09:00:00+05:30,3.2,357.0,22.2,935.6,0.0,100
2024-12-02 10:00:00+05:30,5.1,337.0,22.3,935.6,1.975546745438292,100
2024-12-02 11:00:00+05:30,9.6,23.0,23.7,935.2,40.310251527664946,100
2024-12-02 12:00:00+05:30,9.1,38.0,26.1,934.4,30.279072761393362,100
2024-12-02 13:00:00+05:30,11.0,56.0,27.3,933.4,70.33990068034228,100
2024-12-02 14:00:00+05:30,12.6,61.0,27.3,932.7,96.67845761199821,100
2024-12-02 15:00:00+05:30,12.0,50.0,27.6,932.1,100.0,100
2024-12-02 16:00:00+05:30,10.8,46.0,27.1,932.0,65.32891951996604,100
2024-12-02 17:00:00+05:30,7.6,45.0,25.9,932.1,13.541354661504055,100
2024-12-02 18:00:00+05:30,7.1,38.0,23.7,932.8,8.25004086551864,100
2024-12-02 19:00:00+05:30,5.7,37.0,22.7,933.3,2.564487776048192,100
2024-12-02 20:00:00+05:30,2.3,4.0,22.4,933.8,0.0,100
2024-12-02 21:00:00+05:30,3.3,338.0,22.0,934.0,0.0,100
2024-12-02 22:00:00+05:30,3.9,13.0,22.0,934.4,0.01795940780261343,100
2024-12-02 23:00:00+05:30,4.7,16.0,21.9,934.7,1.1151026737107435,100
2024-12-03 00:00:00+05:30,4.4,9.0,21.3,934.2,0.5564018786056419,100
2024-12-03 01:00:00+05:30,4.3,5.0,21.2,934.2,0.0,100
2024-12-03 02:00:00+05:30,4.7,18.0,21.3,934.0,0.0,100
2024-12-03 03:00:00+05:30,4.8,59.0,21.1,934.0,1.7858971969043889,100
2024-12-03 04:00:00+05:30,5.8,83.0,21.4,934.1,2.630425023705535,100
2024-12-03 05:00:00+05:30,6.2,98.0,21.1,934.3,4.648829613110662,100
2024-12-03 06:00:00+05:30,7.4,68.0,21.9,934.5,13.494107255088032,100
2024-12-03 07:00:00+05:30,4.9,66.0,22.1,935.2,1.557592856847239,100
2024-12-03 08:00:00+05:30,11.4,78.0,23.2,936.3,79.02012706321602,100
2024-12-03 09:00:00+05:30,14.6,91.0,24.4,937.1,99.64475942172362,100
2024-12-03 10:00:00+05:30,14.9,101.0,25.2,937.1,100.0,100
2024-12-03 11:00:00+05:30,16.5,98.0,27.7,936.4,97.77617500891654,100
2024-12-03 12:00:00+05:30,15.9,102.0,28.6,935.4,100.0,100
2024-12-03 13:00:00+05:30,14.2,98.0,28.7,934.6,100.0,100
2024-12-03 14:00:00+05:30,13.8,99.0,29.4,933.8,98.90348639612662,100
2024-12-03 15:00:00+05:30,14.1,104.0,29.0,933.3,100.0,100
2024-12-03 16:00:00+05:30,11.5,125.0,27.5,933.2,83.130797503728,100
2024-12-03 17:00:00+05:30,2.4,103.0,26.5,933.4,0.0,100
2024-12-03 18:00:00+05:30,5.4,50.0,24.2,934.1,0.37948304621721207,100
2024-12-03 19:00:00+05:30,5.4,42.0,23.3,934.8,1.8523201917213064,100
2024-12-03 20:00:00+05:30,5.6,68.0,22.9,935.3,4.2624583470260164,100
2024-12-03 21:00:00+05:30,5.8,81.0,22.5,935.7,2.9472112158409405,100
2024-12-03 22:00:00+05:30,6.2,83.0,22.6,935.7,3.4089517682326447,100
2024-12-03 23:00:00+05:30,6.3,95.0,22.3,935.7,6.505259686014011,100
2024-12-04 00:00:00+05:30,6.0,107.0,22.1,935.4,3.642628166297837,100
2024-12-04 01:00:00+05:30,6.8,107.0,22.1,935.4,7.028944424122904,100
2024-12-04 02:00:00+05:30,6.8,107.0,21.8,935.0,6.919767365062297,100
2024-12-04 03:00:00+05:30,6.4,98.0,21.3,934.5,4.863748451724387,100
2024-12-04 04:00:00+05:30,6.9,99.0,21.2,934.5,7.339659729226431,100
2024-12-04 05:00:00+05:30,7.2,117.0,21.4,935.2,8.970814784181211,100
2024-12-04 06:00:00+05:30,8.1,115.0,21.6,935.9,19.495730611968995,100
2024-12-04 07:00:00+05:30,11.4,119.0,22.0,936.8,84.73716368152208,100
2024-12-04 08:00:00+05:30,15.6,127.0,23.3,937.7,99.0463097015527,100
2024-12-04 09:00:00+05:30,15.5,128.0,25.0,938.5,100.0,100
2024-12-04 10:00:00+05:30,14.6,124.0,26.3,938.5,100.0,100
2024-12-04 11:00:00+05:30,13.8,126.0,27.7,937.8,100.0,100
2024-12-04 12:00:00+05:30,12.8,129.0,28.7,936.9,98.1483592436557,100
2024-12-04 13:00:00+05:30,12.4,133.0,29.4,935.8,100.0,100
2024-12-04 14:00:00+05:30,10.8,132.0,29.6,934.9,65.45349435308528,100
2024-12-04 15:00:00+05:30,8.4,115.0,29.4,934.6,21.283356701582687,100
2024-12-04 16:00:00+05:30,7.4,104.0,29.0,934.6,11.656013548481669,100
2024-12-04 17:00:00+05:30,5.8,106.0,27.1,934.6,2.522151832920684,100
2024-12-04 18:00:00+05:30,1.0,121.0,25.8,935.2,0.0,100
2024-12-04 19:00:00+05:30,1.6,63.0,24.8,936.0,0.0,100
2024-12-04 20:00:00+05:30,4.2,47.0,23.2,936.4,0.0,100
2024-12-04 21:00:00+05:30,2.3,61.0,22.8,936.8,0.0,100
2024-12-04 22:00:00+05:30,0.6,288.0,22.5,936.9,2.245207293790702,100
2024-12-04 23:00:00+05:30,1.9,299.0,21.5,936.4,1.345641303946824,100
2024-12-05 00:00:00+05:30,2.2,279.0,20.8,936.1,0.09128010360261003,100
2024-12-05 01:00:00+05:30,1.1,288.0,20.7,935.9,0.41057253110804776,100
2024-12-05 02:00:00+05:30,0.5,315.0,20.2,935.5,1.4505830044446846,100
2024-12-05 03:00:00+05:30,1.7,319.0,19.6,935.4,0.13709901306007194,100
2024-12-05 04:00:00+05:30,3.4,328.0,19.0,935.1,0.13168782973491935,100
2024-12-05 05:00:00+05:30,2.4,333.0,18.9,935.3,0.06639061758269865,100
2024-12-05 06:00:00+05:30,1.1,342.0,19.6,936.1,0.6754746034069642,100
2024-12-05 07:00:00+05:30,2.3,309.0,20.2,937.0,1.133084962985772,100
2024-12-05 08:00:00+05:30,2.0,270.0,22.5,938.2,0.391741068866986,100
2024-12-05 09:00:00+05:30,2.6,192.0,24.7,939.3,1.0159117015746342,100
2024-12-05 10:00:00+05:30,6.1,148.0,26.6,939.3,4.399780298296628,100
2024-12-05 11:00:00+05:30,6.3,143.0,28.0,938.5,3.4181756934747525,100
2024-12-05 12:00:00+05:30,5.8,141.0,29.0,937.8,1.9414180875780078,100
2024-12-05 13:00:00+05:30,6.4,135.0,29.4,936.6,3.64703622723003,100
2024-12-05 14:00:00+05:30,5.6,132.0,29.6,935.8,2.299944416162934,100
2024-12-05 15:00:00+05:30,1.4,157.0,29.4,935.1,0.25585288900930286,100
2024-12-05 16:00:00+05:30,2.6,304.0,29.1,934.9,0.0,100
2024-12-05 17:00:00+05:30,5.6,276.0,27.1,934.9,1.3886903262046562,100
2024-12-05 18:00:00+05:30,2.1,322.0,26.2,935.6,0.0,100
2024-12-05 19:00:00+05:30,3.7,317.0,24.6,936.0,0.0,100
2024-12-05 20:00:00+05:30,1.0,301.0,23.6,936.8,0.9399380833888932,100
2024-12-05 21:00:00+05:30,1.9,119.0,22.6,937.5,0.37619881281038653,100
2024-12-05 22:00:00+05:30,0.9,79.0,22.4,937.5,0.0,100
2024-12-05 23:00:00+05:30,1.5,315.0,21.7,936.9,0.0,100
2024-12-06 00:00:00+05:30,4.6,347.0,21.0,936.6,0.6910337859713511,100
2024-12-06 01:00:00+05:30,4.3,338.0,20.3,935.9,0.5544814689577623,100
2024-12-06 02:00:00+05:30,2.1,308.0,19.8,935.5,0.0,100
2024-12-06 03:00:00+05:30,2.4,306.0,19.8,935.5,0.0,100
2024-12-06 04:00:00+05:30,3.4,317.0,20.0,935.9,0.0,100
2024-12-06 05:00:00+05:30,3.6,327.0,20.1,936.3,1.532810143691324,100
2024-12-06 06:00:00+05:30,1.4,293.0,20.0,936.7,0.0,100
2024-12-06 07:00:00+05:30,3.9,323.0,20.6,937.4,0.45295934791071074,100
2024-12-06 08:00:00+05:30,4.8,335.0,22.7,938.5,0.0,100
2024-12-06 09:00:00+05:30,4.0,339.0,24.7,939.3,0.0,100
2024-12-06 10:00:00+05:30,3.5,24.0,26.6,939.4,1.368945668889957,100
2024-12-06 11:00:00+05:30,3.1,62.0,27.8,938.7,0.0,100
2024-12-06 12:00:00+05:30,2.7,70.0,28.6,937.6,0.0,100
2024-12-06 13:00:00+05:30,5.2,102.0,29.0,936.4,0.0,100
2024-12-06 14:00:00+05:30,5.5,113.0,29.0,935.5,2.8135151493507142,100
2024-12-06 15:00:00+05:30,3.7,113.0,28.8,934.9,0.0,100
2024-12-06 16:00:00+05:30,0.4,243.0,28.6,935.0,0.0,100
2024-12-06 17:00:00+05:30,1.6,276.0,27.3,934.9,1.6387946041875667,100
2024-12-06 18:00:00+05:30,10.7,312.0,25.6,935.5,61.204266175384824,100
2024-12-06 19:00:00+05:30,5.5,324.0,24.2,935.8,1.8659601295567507,100
2024-12-06 20:00:00+05:30,8.0,335.0,23.7,936.4,15.216810406411811,100
2024-12-06 21:00:00+05:30,4.2,310.0,22.7,936.5,1.8516533699166802,100
2024-12-06 22:00:00+05:30,1.5,324.0,22.3,937.1,0.8663382919649686,100
2024-12-06 23:00:00+05:30,1.1,180.0,21.8,936.9,0.0,100
2024-12-07 00:00:00+05:30,2.9,270.0,21.4,936.4,0.0,100
2024-12-07 01:00:00+05:30,0.9,323.0,21.3,936.1,0.5431265157311366,100
2024-12-07 02:00:00+05:30,1.8,354.0,20.9,935.5,0.0,100
2024-12-07 03:00:00+05:30,1.4,310.0,20.4,934.9,1.610199545398793,100
2024-12-07 04:00:00+05:30,0.6,288.0,20.2,934.8,1.7833988375385843,100
2024-12-07 05:00:00+05:30,1.4,337.0,19.7,934.7,0.0,100
2024-12-07 06:00:00+05:30,3.6,307.0,20.1,935.5,0.0,100
2024-12-07 07:00:00+05:30,3.5,291.0,20.5,936.1,0.03797633903755123,100
2024-12-07 08:00:00+05:30,2.6,335.0,22.5,937.1,1.4435146860472383,100
2024-12-07 09:00:00+05:30,1.0,22.0,24.6,938.0,0.40786147132793454,100
2024-12-07 10:00:00+05:30,2.2,99.0,26.5,938.1,0.9616230851874539,100
2024-12-07 11:00:00+05:30,1.3,45.0,27.8,937.6,0.4178117871147372,100
2024-12-07 12:00:00+05:30,2.5,352.0,28.8,936.8,0.0,100
2024-12-07 13:00:00+05:30,3.3,6.0,29.6,935.8,0.6306429851809079,100
2024-12-07 14:00:00+05:30,3.5,24.0,29.9,934.9,0.9033767905731261,100
2024-12-07 15:00:00+05:30,4.4,30.0,29.7,934.5,0.9196928661694452,100
2024-12-07 16:00:00+05:30,4.3,45.0,29.3,934.3,0.0,100
2024-12-07 17:00:00+05:30,3.3,119.0,27.5,934.3,0.5256286810127094,100
2024-12-07 18:00:00+05:30,4.9,176.0,25.4,934.7,0.0,100
2024-12-07 19:00:00+05:30,2.2,275.0,24.3,935.3,0.4821462096595053,100
2024-12-07 20:00:00+05:30,4.5,320.0,23.0,935.8,0.08378213598663325,100
2024-12-07 21:00:00+05:30,3.2,341.0,22.2,936.1,1.309977388518004,100
2024-12-07 22:00:00+05:30,1.5,339.0,21.4,936.2,0.08636611481542797,100
2024-12-07 23:00:00+05:30,0.4,297.0,21.0,936.0,1.0817585116886388,100
2024-12-08 00:00:00+05:30,0.2,360.0,20.3,935.6,0.3288125098600805,100
2024-12-08 01:00:00+05:30,1.8,336.0,19.3,935.2,0.0,100
2024-12-08 02:00:00+05:30,3.6,315.0,18.6,934.5,0.0,100
2024-12-08 03:00:00+05:30,1.7,347.0,18.3,934.1,0.6609616616688009,100
2024-12-08 04:00:00+05:30,1.3,360.0,18.0,933.8,0.35134343605254553,100
2024-12-08 05:00:00+05:30,1.4,23.0,17.7,934.1,0.0,100
2024-12-08 06:00:00+05:30,0.9,360.0,17.6,934.5,0.0,100
2024-12-08 07:00:00+05:30,2.2,355.0,18.5,935.4,0.3675644382818083,100
2024-12-08 08:00:00+05:30,3.2,360.0,20.9,936.8,1.6031744275112436,100
2024-12-08 09:00:00+05:30,1.8,360.0,23.7,937.8,0.9097780824708244,100
2024-12-08 10:00:00+05:30,2.4,9.0,26.3,938.1,0.6311295678156925,100
2024-12-08 11:00:00+05:30,4.3,360.0,28.2,937.6,0.0,100
2024-12-08 12:00:00+05:30,5.1,6.0,29.2,937.0,2.2013434226177546,100
2024-12-08 13:00:00+05:30,4.7,4.0,29.7,935.9,0.0,100
2024-12-08 14:00:00+05:30,3.3,331.0,30.1,934.9,0.0,100
2024-12-08 15:00:00+05:30,5.8,277.0,30.0,934.3,3.354699690455937,100
2024-12-08 16:00:00+05:30,9.5,261.0,29.0,934.1,39.24564344589378,100
2024-12-08 17:00:00+05:30,9.8,257.0,26.5,933.9,43.17960180872512,100
2024-12-08 18:00:00+05:30,6.9,307.0,23.9,934.1,9.135849327601445,100
2024-12-08 19:00:00+05:30,8.1,323.0,22.6,934.8,17.21805525081233,100
2024-12-08 20:00:00+05:30,5.6,318.0,20.8,935.2,1.4120371250793502,100
2024-12-08 21:00:00+05:30,4.7,310.0,19.7,935.5,1.4581111561120892,100
2024-12-08 22:00:00+05:30,2.8,333.0,19.2,935.6,0.0,100
2024-12-08 23:00:00+05:30,2.2,346.0,18.9,935.6,1.8344953954826555,100
2024-12-09 00:00:00+05:30,3.0,335.0,18.4,935.1,0.0,100
2024-12-09 01:00:00+05:30,2.8,320.0,17.8,934.6,0.740363324812277,100
2024-12-09 02:00:00+05:30,1.5,330.0,17.5,934.1,0.0,100
2024-12-09 03:00:00+05:30,1.8,323.0,17.1,933.6,0.0,100
2024-12-09 04:00:00+05:30,1.8,323.0,17.0,933.5,0.0,100
2024-12-09 05:00:00+05:30,1.2,321.0,16.9,933.9,0.0,100
2024-12-09 06:00:00+05:30,1.2,309.0,16.3,934.5,0.0,100
2024-12-09 07:00:00+05:30,2.6,309.0,16.9,935.6,0.0,100
2024-12-09 08:00:00+05:30,3.0,303.0,19.9,937.0,0.0,100
2024-12-09 09:00:00+05:30,1.5,330.0,23.0,938.4,0.0,100
2024-12-09 10:00:00+05:30,2.6,25.0,25.4,938.5,1.0686001705644883,100
2024-12-09 11:00:00+05:30,3.1,62.0,27.0,937.9,0.0,100
2024-12-09 12:00:00+05:30,3.2,93.0,27.9,937.2,0.0,100
2024-12-09 13:00:00+05:30,2.7,113.0,28.3,936.1,0.0,100
2024-12-09 14:00:00+05:30,3.4,115.0,28.5,935.2,0.0,100
2024-12-09 15:00:00+05:30,4.2,100.0,28.4,934.6,0.0,100
2024-12-09 16:00:00+05:30,5.1,94.0,27.8,934.5,0.5958299689116434,100
2024-12-09 17:00:00+05:30,1.5,97.0,25.9,934.5,1.3065950617075577,100
2024-12-09 18:00:00+05:30,1.6,333.0,24.3,934.6,0.6728460743271074,100
2024-12-09 19:00:00+05:30,5.0,341.0,22.2,934.9,0.729037851191289,100
2024-12-09 20:00:00+05:30,5.1,337.0,21.1,935.6,0.7456591852093115,100
2024-12-09 21:00:00+05:30,5.1,318.0,20.6,936.0,0.0,100
2024-12-09 22:00:00+05:30,7.2,328.0,20.4,936.2,8.650236065523895,100
2024-12-09 23:00:00+05:30,3.3,331.0,19.8,936.3,0.16497137443921814,100
2024-12-10 00:00:00+05:30,2.4,306.0,19.4,936.2,0.29854599704287343,100
2024-12-10 01:00:00+05:30,2.9,292.0,19.0,936.0,0.09436995651514712,100
2024-12-10 02:00:00+05:30,5.0,314.0,18.2,935.4,2.16925912664948,100
2024-12-10 03:00:00+05:30,4.9,321.0,17.4,934.9,0.42365223742758773,100
2024-12-10 04:00:00+05:30,4.9,324.0,16.6,934.9,2.3211808011039636,100
2024-12-10 05:00:00+05:30,4.0,330.0,16.1,935.1,1.5934698978196102,100
2024-12-10 06:00:00+05:30,4.2,320.0,15.1,935.9,0.07152650412411823,100
2024-12-10 07:00:00+05:30,4.6,318.0,15.6,936.8,0.0,100
2024-12-10 08:00:00+05:30,4.5,304.0,18.2,938.2,0.0,100
2024-12-10 09:00:00+05:30,3.8,315.0,20.7,939.0,0.41376835554606894,100
2024-12-10 10:00:00+05:30,2.2,355.0,22.8,939.1,1.145654294819509,100
2024-12-10 11:00:00+05:30,2.5,90.0,24.6,938.6,1.1811877584996202,100
2024-12-10 12:00:00+05:30,3.9,114.0,26.2,937.6,0.0,100
2024-12-10 13:00:00+05:30,4.4,125.0,27.0,936.5,0.0,100
2024-12-10 14:00:00+05:30,3.7,141.0,27.4,935.7,0.0,100
2024-12-10 15:00:00+05:30,2.7,172.0,27.7,935.3,0.3224507787972812,100
2024-12-10 16:00:00+05:30,2.5,225.0,27.4,935.2,2.203068651426446,100
2024-12-10 17:00:00+05:30,2.4,253.0,25.7,935.1,1.5079527807777353,100
2024-12-10 18:00:00+05:30,1.9,326.0,23.7,935.2,0.0,100
2024-12-10 19:00:00+05:30,5.3,342.0,22.1,935.7,2.23530764269869,100
2024-12-10 20:00:00+05:30,7.2,13.0,21.2,936.5,9.23042070200605,100
2024-12-10 21:00:00+05:30,2.9,22.0,20.8,937.3,2.5206994034006143,100
2024-12-10 22:00:00+05:30,0.9,307.0,20.4,937.5,0.0,100
2024-12-10 23:00:00+05:30,0.9,281.0,19.9,937.1,0.0,100
2024-12-11 00:00:00+05:30,2.2,284.0,19.3,936.5,0.0,100
2024-12-11 01:00:00+05:30,2.7,307.0,18.7,936.0,0.0,100
2024-12-11 02:00:00+05:30,2.8,342.0,17.7,935.4,0.0,100
2024-12-11 03:00:00+05:30,2.1,308.0,17.0,935.1,0.0,100
2024-12-11 04:00:00+05:30,3.2,304.0,16.3,935.1,0.0,100
2024-12-11 05:00:00+05:30,2.8,315.0,15.7,935.4,0.0,100
2024-12-11 06:00:00+05:30,2.9,313.0,15.7,936.1,1.8137534070991819,100
2024-12-11 07:00:00+05:30,2.8,305.0,16.3,937.2,0.0,100
2024-12-11 08:00:00+05:30,4.3,294.0,19.3,938.9,0.033923174729718064,100
2024-12-11 09:00:00+05:30,2.2,270.0,21.7,939.8,0.514971601632986,100
2024-12-11 10:00:00+05:30,2.2,156.0,23.8,939.7,0.0,100
2024-12-11 11:00:00+05:30,5.8,144.0,25.8,939.0,3.3480696895914615,100
2024-12-11 12:00:00+05:30,4.8,155.0,26.9,938.0,1.5312160588915857,100
2024-12-11 13:00:00+05:30,1.8,186.0,27.6,936.9,0.0,100
2024-12-11 14:00:00+05:30,2.4,283.0,28.0,936.0,0.7800119133224169,100
2024-12-11 15:00:00+05:30,4.3,292.0,28.0,935.5,0.0,100
2024-12-11 16:00:00+05:30,3.8,259.0,27.5,935.5,0.0,100
2024-12-11 17:00:00+05:30,3.2,227.0,25.3,935.4,0.0,100
2024-12-11 18:00:00+05:30,0.6,288.0,23.9,935.6,0.0,100
2024-12-11 19:00:00+05:30,6.5,8.0,22.3,935.8,5.589131107915286,100
2024-12-11 20:00:00+05:30,4.8,45.0,21.5,936.4,2.289249569868942,100
2024-12-11 21:00:00+05:30,1.1,351.0,20.9,936.6,0.15232866876293719,100
2024-12-11 22:00:00+05:30,2.2,305.0,19.9,936.4,0.0,100
2024-12-11 23:00:00+05:30,3.6,297.0,19.2,935.6,0.0,100
2024-12-12 00:00:00+05:30,4.9,306.0,18.2,935.3,2.2248729562073937,100
2024-12-12 01:00:00+05:30,5.4,323.0,17.2,934.7,2.0766369388124626,100
2024-12-12 02:00:00+05:30,4.0,342.0,17.0,934.4,0.276635121020836,100
2024-12-12 03:00:00+05:30,1.3,286.0,17.4,934.4,0.0,100
2024-12-12 04:00:00+05:30,2.3,274.0,17.0,934.4,0.033166550560361927,100
2024-12-12 05:00:00+05:30,3.6,279.0,16.2,934.7,1.3148094413196076,100
2024-12-12 06:00:00+05:30,2.8,285.0,15.5,935.2,0.06641461712985237,100
2024-12-12 07:00:00+05:30,2.7,318.0,15.9,936.4,0.0,100
2024-12-12 08:00:00+05:30,3.2,333.0,18.8,938.0,1.1257165694623297,100
2024-12-12 09:00:00+05:30,0.4,153.0,20.9,939.0,0.0,100
2024-12-12 10:00:00+05:30,3.2,153.0,22.9,939.1,0.21639775314728613,100
2024-12-12 11:00:00+05:30,4.6,159.0,24.7,938.7,0.0,100
2024-12-12 12:00:00+05:30,2.4,167.0,25.9,937.9,0.0,100
2024-12-12 13:00:00+05:30,0.3,315.0,26.7,936.8,0.0,100
2024-12-12 14:00:00+05:30,2.7,337.0,27.1,935.8,1.3299844069319562,100
2024-12-12 15:00:00+05:30,1.8,349.0,27.2,935.1,0.24408260747027072,100
2024-12-12 16:00:00+05:30,0.7,360.0,26.9,934.8,0.008398443891201065,100
2024-12-12 17:00:00+05:30,0.9,143.0,25.3,934.9,1.6232701254062014,100
2024-12-12 18:00:00+05:30,0.4,270.0,23.1,935.3,0.0,100
2024-12-12 19:00:00+05:30,6.1,34.0,21.1,935.7,4.429325647794948,100
2024-12-12 20:00:00+05:30,2.9,43.0,20.2,936.2,0.0,100
2024-12-12 21:00:00+05:30,1.4,360.0,19.6,936.6,0.0,100
2024-12-12 22:00:00+05:30,1.2,309.0,19.2,936.5,0.46981761708049596,100
2024-12-12 23:00:00+05:30,0.8,297.0,19.2,936.2,0.0,100
2024-12-13 00:00:00+05:30,0.8,297.0,19.4,935.8,0.0,100
2024-12-13 01:00:00+05:30,5.8,2.0,18.2,935.6,3.623187003676704,100
2024-12-13 02:00:00+05:30,3.4,354.0,18.1,935.3,1.4208868232574332,100
2024-12-13 03:00:00+05:30,2.3,331.0,17.9,935.1,0.0,100
2024-12-13 04:00:00+05:30,1.2,297.0,17.6,935.0,0.0,100
2024-12-13 05:00:00+05:30,2.1,322.0,16.8,935.6,0.6079289373827533,100
2024-12-13 06:00:00+05:30,1.9,326.0,16.1,936.3,0.6323186819199041,100
2024-12-13 07:00:00+05:30,2.4,297.0,16.0,937.2,0.0,100
2024-12-13 08:00:00+05:30,3.8,275.0,18.7,938.9,0.737622625852337,100
2024-12-13 09:00:00+05:30,0.6,304.0,21.0,939.7,0.5171705130247924,100
2024-12-13 10:00:00+05:30,3.6,96.0,23.0,939.6,0.16248532128563184,100
2024-12-13 11:00:00+05:30,8.4,97.0,24.9,939.0,20.81520878473593,100
2024-12-13 12:00:00+05:30,9.0,93.0,25.9,937.8,28.93728594500195,100
2024-12-13 13:00:00+05:30,7.4,93.0,26.5,936.9,11.726169215665275,100
2024-12-13 14:00:00+05:30,5.9,92.0,26.9,936.1,2.8295322593115086,100
2024-12-13 15:00:00+05:30,5.2,74.0,27.0,935.7,0.5570197161847942,100
2024-12-13 16:00:00+05:30,5.8,70.0,26.6,935.7,4.004429948782685,100
2024-12-13 17:00:00+05:30,5.1,51.0,23.9,935.4,1.8047750649355956,100
2024-12-13 18:00:00+05:30,4.4,63.0,21.3,935.7,1.4906303389728133,100
2024-12-13 19:00:00+05:30,4.4,69.0,19.6,936.1,0.1745600084711777,100
2024-12-13 20:00:00+05:30,2.7,62.0,18.7,936.9,0.699411283256386,100
2024-12-13 21:00:00+05:30,1.3,352.0,17.9,937.2,0.0,100
2024-12-13 22:00:00+05:30,2.9,330.0,17.4,937.2,0.0,100
2024-12-13 23:00:00+05:30,1.2,309.0,17.7,937.1,0.11109909129552557,100
2024-12-14 00:00:00+05:30,4.5,7.0,17.6,937.0,0.0,100
2024-12-14 01:00:00+05:30,3.8,357.0,17.0,936.6,1.595786378720985,100
2024-12-14 02:00:00+05:30,2.3,328.0,16.4,936.3,0.6124519629872797,100
2024-12-14 03:00:00+05:30,2.2,294.0,15.6,935.9,0.0,100
2024-12-14 04:00:00+05:30,2.8,305.0,14.5,936.2,0.0,100
2024-12-14 05:00:00+05:30,2.6,304.0,13.7,936.3,0.44629600980329887,100
2024-12-14 06:00:00+05:30,2.0,297.0,13.4,936.7,0.0,100
2024-12-14 07:00:00+05:30,3.0,303.0,13.4,937.3,0.40135183151848486,100
2024-12-14 08:00:00+05:30,4.0,291.0,16.7,939.3,0.5535731667876098,100
2024-12-14 09:00:00+05:30,2.1,290.0,19.8,940.5,1.3343263851067024,100
2024-12-14 10:00:00+05:30,1.3,45.0,22.0,940.7,0.22645360726841451,100
2024-12-14 11:00:00+05:30,4.2,95.0,24.2,940.2,0.07015727206365466,100
2024-12-14 12:00:00+05:30,7.1,99.0,25.8,939.0,9.5631258657271,100
2024-12-14 13:00:00+05:30,7.4,94.0,26.8,938.0,9.80147662255282,100
2024-12-14 14:00:00+05:30,7.4,83.0,27.3,937.2,11.405516341089726,100
2024-12-14 15:00:00+05:30,7.8,77.0,27.3,936.6,17.539837230152227,100
2024-12-14 16:00:00+05:30,8.7,76.0,26.6,936.5,25.55756632719938,100
2024-12-14 17:00:00+05:30,6.4,68.0,23.8,936.3,5.857383434915213,100
2024-12-14 18:00:00+05:30,6.9,75.0,20.5,936.4,6.939394303881882,100
2024-12-14 19:00:00+05:30,4.9,62.0,19.0,937.2,1.2052524281809929,100
2024-12-14 20:00:00+05:30,2.0,27.0,18.1,937.9,0.0,100
2024-12-14 21:00:00+05:30,1.6,354.0,17.2,938.3,0.0,100
2024-12-14 22:00:00+05:30,0.9,11.0,16.7,938.2,0.0,100
2024-12-14 23:00:00+05:30,1.1,108.0,16.2,938.0,0.19449530425919093,100
2024-12-15 00:00:00+05:30,0.4,333.0,15.9,937.7,1.1604475775504552,100
2024-12-15 01:00:00+05:30,2.0,5.0,15.2,937.6,1.0047488347973996,100
2024-12-15 02:00:00+05:30,1.9,338.0,14.6,937.0,0.0,100
2024-12-15 03:00:00+05:30,1.8,315.0,14.2,936.6,0.0,100
2024-12-15 04:00:00+05:30,2.7,302.0,13.5,936.8,0.0,100
2024-12-15 05:00:00+05:30,4.1,308.0,12.8,936.8,0.9003593973367414,100
2024-12-15 06:00:00+05:30,3.1,306.0,12.1,937.5,0.0,100
2024-12-15 07:00:00+05:30,3.3,315.0,12.6,938.4,0.7944162654048174,100
2024-12-15 08:00:00+05:30,4.2,295.0,16.0,940.3,1.0897925814077412,100
2024-12-15 09:00:00+05:30,2.4,257.0,19.4,941.7,0.5295046602927957,100
2024-12-15 10:00:00+05:30,1.7,193.0,21.7,941.9,1.5617020019736354,100
2024-12-15 11:00:00+05:30,4.2,133.0,23.9,941.6,0.0,100
2024-12-15 12:00:00+05:30,6.0,117.0,25.5,940.7,3.8378420444104586,100
2024-12-15 13:00:00+05:30,6.5,96.0,26.5,939.4,5.908630370788391,100
2024-12-15 14:00:00+05:30,7.0,87.0,27.0,938.1,9.329087210851021,100
2024-12-15 15:00:00+05:30,7.1,81.0,27.0,937.7,8.775153221166148,100
2024-12-15 16:00:00+05:30,6.5,66.0,26.5,937.2,5.066853312848453,100
2024-12-15 17:00:00+05:30,5.6,48.0,23.6,937.0,3.518470054266118,100
2024-12-15 18:00:00+05:30,7.0,48.0,20.6,937.2,9.61185949401187,100
2024-12-15 19:00:00+05:30,6.4,47.0,18.8,937.9,3.315732912407048,100
2024-12-15 20:00:00+05:30,1.5,14.0,18.3,938.7,0.0,100
2024-12-15 21:00:00+05:30,1.0,292.0,17.3,938.8,0.12639420648096833,100
2024-12-15 22:00:00+05:30,2.0,315.0,16.5,938.7,0.0,100
2024-12-15 23:00:00+05:30,1.6,333.0,15.5,937.9,0.3026914761090791,100
2024-12-16 00:00:00+05:30,1.5,330.0,14.8,937.4,0.0,100
2024-12-16 01:00:00+05:30,1.2,321.0,14.5,937.0,0.0,100
2024-12-16 02:00:00+05:30,1.5,330.0,13.7,936.2,0.0,100
2024-12-16 03:00:00+05:30,1.4,310.0,12.9,935.9,0.4354996593727352,100
2024-12-16 04:00:00+05:30,0.8,315.0,12.4,935.5,0.0,100
2024-12-16 05:00:00+05:30,1.3,315.0,11.8,935.5,0.0,100
2024-12-16 06:00:00+05:30,1.2,309.0,11.3,936.5,0.0,100
2024-12-16 07:00:00+05:30,1.8,315.0,11.7,937.3,0.07085001404991433,100
2024-12-16 08:00:00+05:30,2.9,292.0,14.9,938.9,0.9648615713171207,100
2024-12-16 09:00:00+05:30,1.0,239.0,18.8,940.1,0.5600840545791264,100
2024-12-16 10:00:00+05:30,2.2,125.0,21.6,940.6,1.0398553618518465,100
2024-12-16 11:00:00+05:30,3.2,109.0,23.6,939.9,1.088152391228006,100
2024-12-16 12:00:00+05:30,3.6,90.0,25.2,938.7,0.0,100
2024-12-16 13:00:00+05:30,4.4,58.0,26.4,937.7,0.07805317141329121,100
2024-12-16 14:00:00+05:30,6.1,40.0,27.1,936.9,5.6239372098673215,100
2024-12-16 15:00:00+05:30,8.0,36.0,27.1,936.6,17.53874286583742,100
2024-12-16 16:00:00+05:30,7.7,36.0,26.3,936.3,13.971283039999367,100
2024-12-16 17:00:00+05:30,6.1,24.0,23.0,935.7,3.6014015845370375,100
2024-12-16 18:00:00+05:30,7.1,45.0,19.8,935.2,7.201244237419752,100
2024-12-16 19:00:00+05:30,5.8,39.0,17.8,935.7,3.996268461171104,100
2024-12-16 20:00:00+05:30,2.4,27.0,16.8,936.3,0.0,100
2024-12-16 21:00:00+05:30,0.7,346.0,16.1,936.9,0.2934691519934329,100
2024-12-16 22:00:00+05:30,0.4,333.0,15.3,936.7,0.0,100
2024-12-16 23:00:00+05:30,1.0,329.0,14.6,936.2,0.0,100
2024-12-17 00:00:00+05:30,1.1,288.0,14.1,935.8,0.0,100
2024-12-17 01:00:00+05:30,2.1,308.0,13.4,935.3,0.3226907340666957,100
2024-12-17 02:00:00+05:30,2.6,321.0,12.9,934.7,1.8793066416345119,100
2024-12-17 03:00:00+05:30,2.9,330.0,12.6,934.1,0.0,100
2024-12-17 04:00:00+05:30,1.7,342.0,12.4,933.9,0.0,100
2024-12-17 05:00:00+05:30,0.4,360.0,12.2,934.2,0.0,100
2024-12-17 06:00:00+05:30,0.6,236.0,11.8,935.5,0.1343093743034754,100
2024-12-17 07:00:00+05:30,1.2,333.0,12.2,936.2,0.0,100
2024-12-17 08:00:00+05:30,6.1,330.0,15.0,937.8,4.085546896748929,100
2024-12-17 09:00:00+05:30,3.1,324.0,18.3,938.8,1.717110830086507,100
2024-12-17 10:00:00+05:30,0.2,180.0,21.4,939.0,1.3757953796156266,100
2024-12-17 11:00:00+05:30,4.0,150.0,23.5,938.4,0.0,100
2024-12-17 12:00:00+05:30,3.6,150.0,24.8,937.4,0.0,100
2024-12-17 13:00:00+05:30,2.6,164.0,25.9,936.3,0.7790956819297299,100
2024-12-17 14:00:00+05:30,3.1,173.0,26.6,935.5,0.261857522421407,100
2024-12-17 15:00:00+05:30,2.7,200.0,27.0,935.1,0.0,100
2024-12-17 16:00:00+05:30,3.3,241.0,26.7,934.7,0.0,100
2024-12-17 17:00:00+05:30,2.5,249.0,24.2,934.6,0.0,100
2024-12-17 18:00:00+05:30,0.9,307.0,22.2,934.6,0.0,100
2024-12-17 19:00:00+05:30,4.0,27.0,19.4,935.3,0.0,100
2024-12-17 20:00:00+05:30,3.1,40.0,17.9,935.9,0.3257431928786539,100
2024-12-17 21:00:00+05:30,0.8,333.0,17.4,936.2,0.014940841497565681,100
2024-12-17 22:00:00+05:30,1.6,297.0,16.2,936.3,0.0,100
2024-12-17 23:00:00+05:30,2.7,302.0,15.4,935.9,0.0,100
2024-12-18 00:00:00+05:30,4.2,320.0,14.6,935.3,0.5063596579511286,100
2024-12-18 01:00:00+05:30,4.4,341.0,13.9,934.7,0.0,100
2024-12-18 02:00:00+05:30,2.2,355.0,13.7,934.2,0.14842504304380577,100
2024-12-18 03:00:00+05:30,0.9,360.0,13.7,933.9,0.6257362928229782,100
2024-12-18 04:00:00+05:30,0.9,349.0,13.5,933.9,0.0,100
2024-12-18 05:00:00+05:30,1.8,349.0,12.9,933.9,1.2015038523651609,100
2024-12-18 06:00:00+05:30,2.4,324.0,11.6,934.6,0.009008179498241635,100
2024-12-18 07:00:00+05:30,4.5,323.0,11.8,935.2,0.0,100
2024-12-18 08:00:00+05:30,6.1,315.0,15.3,936.7,3.049538634604076,100
2024-12-18 09:00:00+05:30,2.5,315.0,19.2,937.8,0.0,100
2024-12-18 10:00:00+05:30,1.1,360.0,22.2,938.0,0.15172747877769374,100
2024-12-18 11:00:00+05:30,1.5,150.0,24.3,937.5,0.0,100
2024-12-18 12:00:00+05:30,2.0,153.0,25.7,936.7,0.0,100
2024-12-18 13:00:00+05:30,2.1,149.0,26.5,935.9,0.0,100
2024-12-18 14:00:00+05:30,1.9,151.0,27.0,935.1,0.5704761362815309,100
2024-12-18 15:00:00+05:30,1.0,158.0,27.1,934.7,0.5221693227374304,100
2024-12-18 16:00:00+05:30,2.5,159.0,26.7,934.2,1.3257013006751954,100
2024-12-18 17:00:00+05:30,2.3,184.0,24.1,934.1,0.48221252898615713,100
2024-12-18 18:00:00+05:30,0.4,297.0,22.3,934.3,0.10110855946110821,100
2024-12-18 19:00:00+05:30,1.5,353.0,20.1,934.5,0.0,100
2024-12-18 20:00:00+05:30,1.5,14.0,17.8,934.8,0.0,100
2024-12-18 21:00:00+05:30,1.8,336.0,16.4,934.8,0.0,100
2024-12-18 22:00:00+05:30,1.4,293.0,16.0,934.9,0.0,100
2024-12-18 23:00:00+05:30,2.9,281.0,15.5,934.8,0.0,100
2024-12-19 00:00:00+05:30,2.5,330.0,15.2,934.5,0.8674479228998503,100
2024-12-19 01:00:00+05:30,2.6,326.0,14.7,933.9,0.8824554595986241,100
2024-12-19 02:00:00+05:30,3.0,346.0,14.4,933.5,0.0,100
2024-12-19 03:00:00+05:30,0.7,270.0,14.1,933.1,0.3673141447729884,100
2024-12-19 04:00:00+05:30,3.3,331.0,13.4,933.0,0.0,100
2024-12-19 05:00:00+05:30,1.7,342.0,13.3,933.2,0.0,100
2024-12-19 06:00:00+05:30,2.1,290.0,12.2,933.7,0.0,100
2024-12-19 07:00:00+05:30,3.0,327.0,12.8,934.4,0.0,100
2024-12-19 08:00:00+05:30,3.5,325.0,15.9,936.2,0.0,100
2024-12-19 09:00:00+05:30,1.9,292.0,19.4,937.6,2.0898567990598726,100
2024-12-19 10:00:00+05:30,1.8,180.0,22.5,937.9,0.4300850127732879,100
2024-12-19 11:00:00+05:30,5.5,161.0,24.7,937.6,2.7092118432946126,100
2024-12-19 12:00:00+05:30,7.1,161.0,26.2,937.2,7.5495785252091565,100
2024-12-19 13:00:00+05:30,7.5,165.0,27.3,936.2,12.285705879466166,100
2024-12-19 14:00:00+05:30,6.6,164.0,27.7,935.6,5.111322385511799,100
2024-12-19 15:00:00+05:30,6.2,144.0,27.6,934.8,4.1520932472470395,100
2024-12-19 16:00:00+05:30,7.8,127.0,26.9,934.5,16.003531657276273,100
2024-12-19 17:00:00+05:30,5.2,136.0,24.2,934.0,1.9508674378260458,100
2024-12-19 18:00:00+05:30,1.3,214.0,22.5,933.5,0.0,100
2024-12-19 19:00:00+05:30,2.7,298.0,20.7,934.1,0.0,100
2024-12-19 20:00:00+05:30,5.7,298.0,18.6,934.6,3.3807349839434946,100
2024-12-19 21:00:00+05:30,6.9,295.0,17.7,934.9,7.59191447002601,100
2024-12-19 22:00:00+05:30,6.1,330.0,16.5,934.8,4.280916403630309,100
2024-12-19 23:00:00+05:30,5.7,323.0,15.8,934.6,1.3748159863058296,100
2024-12-20 00:00:00+05:30,5.4,290.0,15.6,934.2,2.362214722736144,100
2024-12-20 01:00:00+05:30,1.9,326.0,15.4,934.3,0.0,100
2024-12-20 02:00:00+05:30,3.9,336.0,14.7,933.6,0.16593952008190854,100
2024-12-20 03:00:00+05:30,3.0,335.0,14.4,933.2,0.9398884774915528,100
2024-12-20 04:00:00+05:30,2.3,342.0,14.1,933.0,0.54945441391126,100
2024-12-20 05:00:00+05:30,2.1,329.0,13.9,933.3,0.35179470471662083,100
2024-12-20 06:00:00+05:30,1.9,311.0,14.0,933.8,0.8140898308842095,100
2024-12-20 07:00:00+05:30,3.9,317.0,14.2,934.4,0.4835074779259736,100
2024-12-20 08:00:00+05:30,5.0,300.0,18.0,936.4,0.505155767142836,100
2024-12-20 09:00:00+05:30,2.7,293.0,21.9,937.6,0.9465479437317056,100
2024-12-20 10:00:00+05:30,2.9,338.0,24.8,938.0,0.05622104464144321,100
2024-12-20 11:00:00+05:30,1.5,54.0,26.5,937.4,0.5548479932573278,100
2024-12-20 12:00:00+05:30,3.7,129.0,27.6,936.6,0.5433679086511574,100
2024-12-20 13:00:00+05:30,7.9,153.0,28.2,935.2,17.69776185573206,100
2024-12-20 14:00:00+05:30,8.9,148.0,28.4,934.4,27.395374584775862,100
2024-12-20 15:00:00+05:30,8.2,126.0,28.6,933.8,19.960063775968816,100
2024-12-20 16:00:00+05:30,7.2,115.0,28.3,933.6,8.822991541882898,100
2024-12-20 17:00:00+05:30,1.0,121.0,26.6,933.3,0.38401901580796455,100
2024-12-20 18:00:00+05:30,11.5,268.0,23.3,933.5,84.47138876569551,100
2024-12-20 19:00:00+05:30,10.6,298.0,21.5,933.9,61.4911950504702,100
2024-12-20 20:00:00+05:30,9.0,293.0,20.6,934.6,30.65581067789347,100
2024-12-20 21:00:00+05:30,5.7,305.0,18.8,934.6,2.731792556656831,100
2024-12-20 22:00:00+05:30,1.5,339.0,18.1,934.9,0.0,100
2024-12-20 23:00:00+05:30,1.5,36.0,17.2,934.9,0.0,100
2024-12-21 00:00:00+05:30,3.3,306.0,16.6,934.2,0.0,100
2024-12-21 01:00:00+05:30,5.6,303.0,16.7,933.9,2.3579967057502653,100
2024-12-21 02:00:00+05:30,5.1,328.0,16.0,933.1,1.46642776074362,100
2024-12-21 03:00:00+05:30,2.8,342.0,15.7,932.9,0.04458021590812062,100
2024-12-21 04:00:00+05:30,2.3,321.0,15.5,932.8,1.1509727067830728,100
2024-12-21 05:00:00+05:30,1.7,328.0,15.4,933.2,0.0,100
2024-12-21 06:00:00+05:30,1.5,324.0,15.1,933.8,1.5538947271567523,100
2024-12-21 07:00:00+05:30,3.5,294.0,15.3,934.5,0.0,100
2024-12-21 08:00:00+05:30,3.9,286.0,17.5,936.0,0.7534473908217346,100
2024-12-21 09:00:00+05:30,2.2,312.0,21.0,937.4,0.0,100
2024-12-21 10:00:00+05:30,1.1,360.0,23.8,937.3,0.0,100
2024-12-21 11:00:00+05:30,2.2,125.0,25.6,937.0,0.0,100
2024-12-21 12:00:00+05:30,4.4,148.0,26.7,936.1,0.24811386934616703,100
2024-12-21 13:00:00+05:30,9.2,160.0,27.5,935.2,34.01103492279448,100
2024-12-21 14:00:00+05:30,9.3,158.0,28.1,934.6,32.57083234018787,100
2024-12-21 15:00:00+05:30,8.7,142.0,28.3,934.2,23.666354385205484,100
2024-12-21 16:00:00+05:30,8.7,132.0,28.1,934.2,25.001742915222344,100
2024-12-21 17:00:00+05:30,3.9,127.0,26.3,934.0,1.5711708651618455,100
2024-12-21 18:00:00+05:30,11.0,280.0,23.3,934.9,73.74282404217523,100
2024-12-21 19:00:00+05:30,11.3,283.0,21.4,935.7,78.82300044005252,100
2024-12-21 20:00:00+05:30,7.1,308.0,19.8,936.4,10.486820438436276,100
2024-12-21 21:00:00+05:30,3.2,317.0,18.9,936.8,0.0,100
2024-12-21 22:00:00+05:30,2.4,312.0,18.5,936.8,0.0,100
2024-12-21 23:00:00+05:30,5.3,305.0,18.0,936.2,3.378521602270019,100
2024-12-22 00:00:00+05:30,5.4,300.0,17.5,935.7,4.177319814422143,100
2024-12-22 01:00:00+05:30,0.9,307.0,17.1,935.4,0.5280611019237004,100
2024-12-22 02:00:00+05:30,1.7,328.0,16.4,934.8,0.0,100
2024-12-22 03:00:00+05:30,2.9,353.0,15.8,934.4,0.0,100
2024-12-22 04:00:00+05:30,2.8,333.0,15.5,934.1,0.09775251448358864,100
2024-12-22 05:00:00+05:30,4.9,287.0,16.1,934.6,2.47812712385432,100
2024-12-22 06:00:00+05:30,2.7,298.0,16.7,935.6,0.0,100
2024-12-22 07:00:00+05:30,3.6,330.0,16.7,935.9,0.0,100
2024-12-22 08:00:00+05:30,3.6,311.0,17.2,937.0,0.8221196731434252,100
2024-12-22 09:00:00+05:30,2.2,360.0,19.1,937.9,0.0,100
2024-12-22 10:00:00+05:30,0.7,104.0,21.7,938.0,0.0,100
2024-12-22 11:00:00+05:30,1.9,151.0,24.1,937.8,1.1339465347797242,100
2024-12-22 12:00:00+05:30,5.1,144.0,25.6,936.9,1.900442804604749,100
2024-12-22 13:00:00+05:30,9.1,150.0,26.7,935.8,32.972375200175186,100
2024-12-22 14:00:00+05:30,12.4,154.0,27.4,935.0,98.51365855691381,100
2024-12-22 15:00:00+05:30,10.5,156.0,27.5,934.4,59.289846870798286,100
2024-12-22 16:00:00+05:30,3.3,171.0,27.3,934.3,0.0,100
2024-12-22 17:00:00+05:30,5.0,289.0,25.6,934.3,1.4511762280784468,100
2024-12-22 18:00:00+05:30,11.6,288.0,22.7,934.6,86.7353176749674,100
2024-12-22 19:00:00+05:30,11.4,294.0,21.2,935.2,78.36375293595455,100
2024-12-22 20:00:00+05:30,9.6,290.0,20.7,935.9,39.95758882570585,100
2024-12-22 21:00:00+05:30,5.6,299.0,19.6,936.1,1.1146611229025711,100
2024-12-22 22:00:00+05:30,4.8,295.0,18.8,935.8,2.95098899109847,100
2024-12-22 23:00:00+05:30,4.5,331.0,17.9,935.5,1.310459559137558,100
2024-12-23 00:00:00+05:30,5.4,330.0,17.6,935.0,0.09007375438654885,100
2024-12-23 01:00:00+05:30,4.1,331.0,17.0,934.7,0.32350935878457143,100
2024-12-23 02:00:00+05:30,2.4,347.0,16.7,934.4,0.0,100
2024-12-23 03:00:00+05:30,1.0,292.0,16.2,934.0,0.0,100
2024-12-23 04:00:00+05:30,1.6,333.0,15.8,934.0,0.0,100
2024-12-23 05:00:00+05:30,3.0,346.0,15.5,934.2,0.18284583667685209,100
2024-12-23 06:00:00+05:30,2.0,333.0,16.1,935.2,0.0,100
2024-12-23 07:00:00+05:30,1.5,306.0,16.3,935.8,0.0,100
2024-12-23 08:00:00+05:30,1.4,360.0,17.8,937.0,0.8722280036043136,100
2024-12-23 09:00:00+05:30,1.2,39.0,20.4,938.0,0.0,100
2024-12-23 10:00:00+05:30,2.0,63.0,23.0,938.2,1.8938724388077197,100
2024-12-23 11:00:00+05:30,7.1,99.0,24.9,937.7,10.500025898616743,100
2024-12-23 12:00:00+05:30,12.1,142.0,26.0,936.8,100.0,100
2024-12-23 13:00:00+05:30,12.0,158.0,26.6,935.7,99.04162446676487,100
2024-12-23 14:00:00+05:30,11.3,179.0,27.1,935.0,78.23004583475701,100
2024-12-23 15:00:00+05:30,10.9,196.0,26.9,934.7,69.30329013709311,100
2024-12-23 16:00:00+05:30,8.4,214.0,26.1,934.5,23.164952453974333,100
2024-12-23 17:00:00+05:30,6.6,244.0,25.2,934.5,6.188204646050126,100
2024-12-23 18:00:00+05:30,6.8,287.0,22.5,934.7,7.827724087236249,100
2024-12-23 19:00:00+05:30,10.1,295.0,21.4,935.5,48.98196796379545,100
2024-12-23 20:00:00+05:30,11.4,291.0,20.5,935.8,82.77710727239875,100
2024-12-23 21:00:00+05:30,4.8,304.0,19.3,936.1,1.490751900670836,100
2024-12-23 22:00:00+05:30,4.3,338.0,18.5,936.0,0.6341527160152172,100
2024-12-23 23:00:00+05:30,3.2,357.0,18.0,935.7,0.10920367616090251,100
2024-12-24 00:00:00+05:30,4.2,320.0,18.1,935.5,0.0,100
2024-12-24 01:00:00+05:30,3.8,311.0,17.5,935.0,0.0,100
2024-12-24 02:00:00+05:30,3.3,306.0,17.0,934.6,0.4009085220293889,100
2024-12-24 03:00:00+05:30,3.4,317.0,16.9,934.3,0.22161816081721877,100
2024-12-24 04:00:00+05:30,3.5,332.0,17.9,934.8,0.0,100
2024-12-24 05:00:00+05:30,4.6,318.0,18.3,934.9,0.2476868577150747,100
2024-12-24 06:00:00+05:30,5.4,291.0,16.5,935.1,2.4367752277432855,100
2024-12-24 07:00:00+05:30,6.3,297.0,16.5,935.6,4.591504239157556,100
2024-12-24 08:00:00+05:30,5.1,306.0,17.9,936.8,1.1879232738074497,100
2024-12-24 09:00:00+05:30,3.9,336.0,20.6,938.1,0.0,100
2024-12-24 10:00:00+05:30,3.3,22.0,23.0,938.3,0.06839481695881675,100
2024-12-24 11:00:00+05:30,7.7,129.0,25.1,938.0,13.86841506365154,100
2024-12-24 12:00:00+05:30,11.6,152.0,26.4,937.0,87.74761535102992,100
2024-12-24 13:00:00+05:30,10.6,157.0,26.7,935.8,57.812117612132425,100
2024-12-24 14:00:00+05:30,8.2,166.0,27.6,935.3,18.158521178139637,100
2024-12-24 15:00:00+05:30,8.1,174.0,27.9,935.0,17.66541808921388,100
2024-12-24 16:00:00+05:30,7.2,176.0,27.5,934.8,9.094040633251666,100
2024-12-24 17:00:00+05:30,3.8,185.0,26.4,934.9,1.0433781164384273,100
2024-12-24 18:00:00+05:30,5.8,274.0,24.8,935.2,3.7711459193840957,100
2024-12-24 19:00:00+05:30,13.8,277.0,23.5,936.1,98.38136515452697,100
2024-12-24 20:00:00+05:30,7.8,302.0,21.8,936.6,16.49015828725778,100
2024-12-24 21:00:00+05:30,4.7,337.0,20.3,937.0,0.15137926991449546,100
2024-12-24 22:00:00+05:30,5.8,344.0,20.1,937.1,4.517553203824257,100
2024-12-24 23:00:00+05:30,5.3,305.0,19.5,936.7,3.3016293459740043,100
2024-12-25 00:00:00+05:30,3.8,311.0,18.9,936.4,0.7819275543424873,100
2024-12-25 01:00:00+05:30,3.8,352.0,18.3,936.1,0.7520586779818996,100
2024-12-25 02:00:00+05:30,4.1,322.0,17.9,935.4,2.34795267497441,100
2024-12-25 03:00:00+05:30,3.5,305.0,17.2,934.9,0.0,100
2024-12-25 04:00:00+05:30,4.3,298.0,17.3,935.2,0.0,100
2024-12-25 05:00:00+05:30,5.6,315.0,17.2,935.4,1.9053189036860878,100
2024-12-25 06:00:00+05:30,3.6,288.0,16.5,935.5,0.6266003079229571,100
2024-12-25 07:00:00+05:30,2.7,302.0,16.6,936.4,0.8860065454136865,100
2024-12-25 08:00:00+05:30,1.7,311.0,19.5,938.1,0.0,100
2024-12-25 09:00:00+05:30,4.4,339.0,22.3,939.2,0.23121562477560537,100
2024-12-25 10:00:00+05:30,5.0,360.0,24.7,939.4,2.4799977371013826,100
2024-12-25 11:00:00+05:30,3.0,76.0,26.3,939.0,0.0,100
2024-12-25 12:00:00+05:30,4.4,153.0,27.5,938.1,0.0,100
2024-12-25 13:00:00+05:30,7.2,166.0,28.2,937.3,10.545465041552081,100
2024-12-25 14:00:00+05:30,7.1,174.0,28.5,936.6,8.034534956765762,100
2024-12-25 15:00:00+05:30,6.0,177.0,28.3,936.0,4.002241549597694,100
2024-12-25 16:00:00+05:30,5.4,184.0,27.9,936.0,2.034808355949937,100
2024-12-25 17:00:00+05:30,4.0,219.0,26.1,936.0,0.0,100
2024-12-25 18:00:00+05:30,4.7,203.0,24.1,936.0,0.0,100
2024-12-25 19:00:00+05:30,1.8,225.0,23.3,936.8,0.36181744672389743,100
2024-12-25 20:00:00+05:30,2.4,333.0,21.9,937.7,0.0,100
2024-12-25 21:00:00+05:30,5.4,304.0,21.8,938.7,0.8348453134364444,100
2024-12-25 22:00:00+05:30,6.4,286.0,20.7,938.7,6.677901558456913,100
2024-12-25 23:00:00+05:30,7.6,292.0,20.0,938.4,13.954277240006641,100
2024-12-26 00:00:00+05:30,5.5,306.0,19.2,938.0,3.221078094270965,100
2024-12-26 01:00:00+05:30,4.2,313.0,18.5,937.4,0.16479302361369347,100
2024-12-26 02:00:00+05:30,2.7,312.0,17.9,937.0,1.3913008336401096,100
2024-12-26 03:00:00+05:30,1.6,333.0,17.9,936.6,0.575168733619971,100
2024-12-26 04:00:00+05:30,3.3,13.0,17.7,936.9,0.0,100
2024-12-26 05:00:00+05:30,1.9,338.0,18.0,937.5,1.097026691676712,100
2024-12-26 06:00:00+05:30,1.8,281.0,17.7,938.2,0.5333574142499048,100
2024-12-26 07:00:00+05:30,2.3,288.0,18.0,938.9,0.0,100
2024-12-26 08:00:00+05:30,1.9,319.0,20.4,940.5,0.31126732335689083,100
2024-12-26 09:00:00+05:30,1.8,135.0,22.8,941.5,0.0,100
2024-12-26 10:00:00+05:30,11.7,153.0,24.4,941.8,90.04862598692226,100
2024-12-26 11:00:00+05:30,10.5,153.0,25.1,941.5,59.30415815259145,100
2024-12-26 12:00:00+05:30,8.1,155.0,26.9,940.8,17.752319924963487,100
2024-12-26 13:00:00+05:30,8.6,160.0,27.7,939.6,22.52266724058083,100
2024-12-26 14:00:00+05:30,8.4,164.0,28.3,938.9,22.72434588883076,100
2024-12-26 15:00:00+05:30,7.6,173.0,28.5,938.3,13.648790380498712,100
2024-12-26 16:00:00+05:30,8.1,177.0,28.3,938.2,20.621126404153046,100
2024-12-26 17:00:00+05:30,4.8,209.0,26.4,938.0,2.1339581783936428,100
2024-12-26 18:00:00+05:30,3.5,242.0,23.4,937.9,0.0,100
2024-12-26 19:00:00+05:30,0.3,315.0,22.9,938.2,0.0,100
2024-12-26 20:00:00+05:30,1.8,37.0,21.6,938.7,0.0,100
2024-12-26 21:00:00+05:30,1.7,41.0,20.8,939.3,0.7960463412322989,100
2024-12-26 22:00:00+05:30,0.0,270.0,20.5,939.4,0.0,100
2024-12-26 23:00:00+05:30,2.3,266.0,19.7,939.1,0.16272775240047377,100
2024-12-27 00:00:00+05:30,2.9,266.0,19.1,938.8,0.9460132904441666,100
2024-12-27 01:00:00+05:30,1.8,276.0,19.0,938.4,0.0,100
2024-12-27 02:00:00+05:30,0.4,270.0,19.2,938.3,0.0,100
2024-12-27 03:00:00+05:30,0.7,194.0,19.1,937.9,0.6862942160672983,100
2024-12-27 04:00:00+05:30,2.3,176.0,19.3,938.2,1.7052824084867224,100
2024-12-27 05:00:00+05:30,0.7,270.0,19.1,938.4,1.9628328152252459,100
2024-12-27 06:00:00+05:30,5.2,211.0,19.3,939.2,0.7082255195135154,100
2024-12-27 07:00:00+05:30,5.9,235.0,19.1,939.9,2.6469376685592305,100
2024-12-27 08:00:00+05:30,4.6,259.0,19.2,941.0,0.0,100
2024-12-27 09:00:00+05:30,2.6,254.0,20.6,941.8,0.0,100
2024-12-27 10:00:00+05:30,6.4,162.0,22.8,941.7,5.860815095183983,100
2024-12-27 11:00:00+05:30,11.9,153.0,25.8,941.2,93.5255962026169,100
2024-12-27 12:00:00+05:30,12.9,155.0,27.3,940.3,100.0,100
2024-12-27 13:00:00+05:30,14.3,160.0,28.2,939.1,99.86606024762511,100
2024-12-27 14:00:00+05:30,14.3,166.0,28.2,938.4,98.86088826591343,100
2024-12-27 15:00:00+05:30,13.3,172.0,28.1,937.8,100.0,100
2024-12-27 16:00:00+05:30,12.3,165.0,27.8,937.6,94.83684973864399,100
2024-12-27 17:00:00+05:30,8.6,158.0,26.6,937.7,23.53480028010557,100
2024-12-27 18:00:00+05:30,6.1,212.0,23.8,938.3,5.1508174029459965,100
2024-12-27 19:00:00+05:30,8.7,266.0,22.3,939.3,24.697589334080536,100
2024-12-27 20:00:00+05:30,2.3,29.0,21.4,939.7,0.0,100
2024-12-27 21:00:00+05:30,6.2,120.0,20.9,940.3,5.217415128770515,100
2024-12-27 22:00:00+05:30,6.5,150.0,20.3,940.4,6.66261511720096,100
2024-12-27 23:00:00+05:30,1.2,153.0,19.9,940.2,0.0,100
2024-12-28 00:00:00+05:30,2.2,95.0,19.6,939.6,0.5612563976769592,100
2024-12-28 01:00:00+05:30,2.8,130.0,19.8,939.0,0.0,100
2024-12-28 02:00:00+05:30,2.1,142.0,19.5,938.5,0.0,100
2024-12-28 03:00:00+05:30,1.1,81.0,18.8,937.8,0.9344963032231691,100
2024-12-28 04:00:00+05:30,2.1,70.0,18.4,937.7,0.1728779126623257,100
2024-12-28 05:00:00+05:30,2.3,86.0,18.3,938.0,0.0,100
2024-12-28 06:00:00+05:30,6.2,168.0,18.6,938.5,4.995751555069619,100
2024-12-28 07:00:00+05:30,5.2,160.0,18.7,939.3,1.1951930443633734,100
2024-12-28 08:00:00+05:30,10.7,163.0,21.0,940.7,62.79559890398157,100
2024-12-28 09:00:00+05:30,15.2,163.0,22.8,941.5,98.7349147859137,100
2024-12-28 10:00:00+05:30,13.8,171.0,24.7,941.8,96.55957645661036,100
2024-12-28 11:00:00+05:30,10.5,173.0,26.1,941.5,56.49578514267961,100
2024-12-28 12:00:00+05:30,12.3,170.0,27.2,940.6,100.0,100
2024-12-28 13:00:00+05:30,11.7,169.0,27.6,939.2,90.18956829120232,100
2024-12-28 14:00:00+05:30,11.1,172.0,28.2,938.3,71.52598045585923,100
2024-12-28 15:00:00+05:30,10.4,170.0,28.2,937.5,55.61872344905312,100
2024-12-28 16:00:00+05:30,8.1,162.0,27.7,937.5,17.30863267824196,100
2024-12-28 17:00:00+05:30,4.6,132.0,26.3,937.7,0.475274603997184,100
2024-12-28 18:00:00+05:30,2.7,172.0,24.8,937.8,1.903669748668855,100
2024-12-28 19:00:00+05:30,4.2,252.0,23.7,938.4,0.7106150849933137,100
2024-12-28 20:00:00+05:30,9.0,282.0,22.6,939.1,29.42326833008659,100
2024-12-28 21:00:00+05:30,6.6,311.0,21.6,939.7,7.019641501558997,100
2024-12-28 22:00:00+05:30,7.7,342.0,20.6,939.7,13.86883919159246,100
2024-12-28 23:00:00+05:30,5.9,322.0,20.0,939.3,2.699767344995946,100
2024-12-29 00:00:00+05:30,4.5,299.0,19.4,938.7,1.6209091384256986,100
2024-12-29 01:00:00+05:30,1.9,299.0,18.9,938.1,0.0,100
2024-12-29 02:00:00+05:30,1.7,252.0,18.7,937.8,1.359449808264092,100
2024-12-29 03:00:00+05:30,0.9,259.0,19.0,937.7,0.0,100
2024-12-29 04:00:00+05:30,5.1,321.0,18.5,937.5,0.0,100
2024-12-29 05:00:00+05:30,4.6,315.0,17.6,937.4,0.7696701026189282,100
2024-12-29 06:00:00+05:30,1.9,326.0,17.6,938.6,0.057733145158690206,100
2024-12-29 07:00:00+05:30,2.5,330.0,17.6,939.4,0.0,100
2024-12-29 08:00:00+05:30,1.7,302.0,19.6,940.9,0.0,100
2024-12-29 09:00:00+05:30,1.4,130.0,22.3,941.9,0.7403076680948777,100
2024-12-29 10:00:00+05:30,4.5,151.0,24.2,942.2,0.6822442859485444,100
2024-12-29 11:00:00+05:30,6.9,155.0,25.9,941.8,7.961326576235162,100
2024-12-29 12:00:00+05:30,7.3,155.0,27.0,940.8,11.017713770289701,100
2024-12-29 13:00:00+05:30,7.3,163.0,27.9,939.9,11.110839722174235,100
2024-12-29 14:00:00+05:30,7.6,162.0,28.4,939.2,14.040059637902768,100
2024-12-29 15:00:00+05:30,7.5,150.0,28.3,938.5,12.534172679545524,100
2024-12-29 16:00:00+05:30,5.0,139.0,27.8,938.2,1.0861331859805488,100
2024-12-29 17:00:00+05:30,0.9,233.0,26.8,938.4,0.0,100
2024-12-29 18:00:00+05:30,4.8,297.0,24.1,937.6,1.3539025128850173,100
2024-12-29 19:00:00+05:30,3.3,324.0,23.1,938.4,0.0,100
2024-12-29 20:00:00+05:30,2.5,8.0,22.3,939.2,0.0,100
2024-12-29 21:00:00+05:30,1.3,326.0,21.6,939.6,2.295063833362412,100
2024-12-29 22:00:00+05:30,4.5,320.0,20.7,939.7,0.9550770238527261,100
2024-12-29 23:00:00+05:30,6.0,333.0,19.8,939.3,5.037661866394668,100
2024-12-30 00:00:00+05:30,4.1,337.0,18.4,938.6,0.0,100
2024-12-30 01:00:00+05:30,1.6,333.0,18.1,938.3,0.0,100
2024-12-30 02:00:00+05:30,2.6,326.0,17.7,937.8,0.0,100
2024-12-30 03:00:00+05:30,4.0,321.0,17.5,937.5,2.224199815619503,100
2024-12-30 04:00:00+05:30,3.9,332.0,17.6,937.8,0.0,100
2024-12-30 05:00:00+05:30,2.4,343.0,17.8,938.2,1.2570146104468554,100
2024-12-30 06:00:00+05:30,1.8,307.0,17.1,938.4,0.0,100
2024-12-30 07:00:00+05:30,1.2,309.0,17.3,939.3,0.0,100
2024-12-30 08:00:00+05:30,0.2,180.0,19.3,940.9,0.0,100
2024-12-30 09:00:00+05:30,1.0,315.0,22.5,941.9,1.5705102790598757,100
2024-12-30 10:00:00+05:30,3.1,144.0,24.8,942.0,0.0,100
2024-12-30 11:00:00+05:30,6.1,146.0,26.4,941.8,3.117500555575564,100
2024-12-30 12:00:00+05:30,6.1,140.0,27.6,940.9,4.727112165491485,100
2024-12-30 13:00:00+05:30,4.1,135.0,28.3,940.1,0.0,100
2024-12-30 14:00:00+05:30,2.4,126.0,28.6,939.2,0.0,100
2024-12-30 15:00:00+05:30,1.7,148.0,28.8,938.7,1.2373455050411823,100
2024-12-30 16:00:00+05:30,3.4,180.0,28.7,938.4,1.0611353502760132,100
2024-12-30 17:00:00+05:30,4.9,197.0,27.2,938.2,0.2902124374136522,100
2024-12-30 18:00:00+05:30,0.8,243.0,25.7,938.4,0.0,100
2024-12-30 19:00:00+05:30,3.8,45.0,24.2,938.8,1.8881133013935258,100
2024-12-30 20:00:00+05:30,5.4,42.0,22.3,939.5,2.0540691590048823,100
2024-12-30 21:00:00+05:30,2.4,77.0,21.9,940.2,0.28137234800728655,100
2024-12-30 22:00:00+05:30,1.1,189.0,21.4,940.2,0.8045986178487748,100
2024-12-30 23:00:00+05:30,1.0,225.0,20.9,940.1,0.8536064980668324,100
2024-12-31 00:00:00+05:30,0.4,270.0,20.2,939.7,1.3727735250594424,100
2024-12-31 01:00:00+05:30,1.5,291.0,19.2,939.0,0.0,100
2024-12-31 02:00:00+05:30,3.0,327.0,18.1,938.2,0.14626368399727438,100
2024-12-31 03:00:00+05:30,3.5,332.0,17.3,937.7,0.0,100
2024-12-31 04:00:00+05:30,2.7,328.0,16.4,937.5,0.0,100
2024-12-31 05:00:00+05:30,2.3,299.0,16.3,937.7,0.6726439072637109,100
2024-12-31 06:00:00+05:30,0.9,217.0,17.3,938.7,1.6281791578815394,100
2024-12-31 07:00:00+05:30,4.2,170.0,17.1,939.5,0.0,100
2024-12-31 08:00:00+05:30,4.4,187.0,19.8,941.2,0.0,100
2024-12-31 09:00:00+05:30,4.3,165.0,22.3,942.3,0.0,100
2024-12-31 10:00:00+05:30,5.8,164.0,24.3,942.5,2.9421137592505047,100
2024-12-31 11:00:00+05:30,5.9,153.0,26.2,942.1,4.345730812548064,100
2024-12-31 12:00:00+05:30,5.6,132.0,27.6,941.2,2.4247074112684333,100
2024-12-31 13:00:00+05:30,3.9,124.0,28.4,940.0,0.0,100
2024-12-31 14:00:00+05:30,4.0,98.0,28.9,939.2,0.0,100
2024-12-31 15:00:00+05:30,5.7,81.0,29.1,938.8,4.276762265293498,100
2024-12-31 16:00:00+05:30,7.7,74.0,28.8,938.6,14.562003485577408,100
2024-12-31 17:00:00+05:30,5.6,69.0,26.8,938.6,2.1905661570846924,100
2024-12-31 18:00:00+05:30,7.2,63.0,24.1,938.4,10.011124130264447,100
2024-12-31 19:00:00+05:30,8.6,53.0,23.1,939.2,24.20644415627748,100
2024-12-31 20:00:00+05:30,7.0,44.0,21.6,939.8,7.647009248133523,100
2024-12-31 21:00:00+05:30,5.3,33.0,21.0,940.1,1.852164274906962,100
2024-12-31 22:00:00+05:30,1.9,29.0,21.0,940.2,0.0,100
2024-12-31 23:00:00+05:30,0.9,307.0,20.3,939.7,1.2525717848450768,100
