timestamp,wind_speed,wind_direction,temperature,pressure,generation_kw,rated_capacity_kw
2024-01-01 00:00:00+05:30,22.4,45.0,25.6,1008.6,97.9318351641129,100
2024-01-01 01:00:00+05:30,24.5,43.0,25.3,1007.5,100.0,100
2024-01-01 02:00:00+05:30,25.6,39.0,25.0,1007.0,0.039072886196133666,100
2024-01-01 03:00:00+05:30,23.6,38.0,24.8,1006.9,99.44120009276212,100
2024-01-01 04:00:00+05:30,24.0,40.0,25.0,1007.1,100.0,100
2024-01-01 05:00:00+05:30,23.5,36.0,25.0,1007.6,100.0,100
2024-01-01 06:00:00+05:30,23.3,39.0,24.8,1008.7,98.05687016274808,100
2024-01-01 07:00:00+05:30,23.6,38.0,25.1,1009.6,99.71093869136011,100
2024-01-01 08:00:00+05:30,24.1,35.0,26.2,1010.5,99.13873510111722,100
2024-01-01 09:00:00+05:30,25.3,40.0,27.1,1010.7,0.020860197072792793,100
2024-01-01 10:00:00+05:30,25.7,42.0,27.6,1010.4,0.5681623212328317,100
2024-01-01 11:00:00+05:30,25.2,37.0,28.6,1009.4,1.8877771001850472,100
2024-01-01 12:00:00+05:30,23.1,39.0,29.4,1008.6,100.0,100
2024-01-01 13:00:00+05:30,21.7,40.0,29.8,1007.5,99.95365432507788,100
2024-01-01 14:00:00+05:30,19.5,52.0,29.8,1006.5,100.0,100
2024-01-01 15:00:00+05:30,18.4,62.0,29.0,1006.2,100.0,100
2024-01-01 16:00:00+05:30,21.4,63.0,28.8,1006.0,100.0,100
2024-01-01 17:00:00+05:30,20.9,58.0,27.8,1006.2,97.83908740404227,100
2024-01-01 18:00:00+05:30,20.1,66.0,26.9,1007.7,99.0587263134893,100
2024-01-01 19:00:00+05:30,24.0,64.0,26.4,1008.5,100.0,100
2024-01-01 20:00:00+05:30,24.5,62.0,26.1,1009.2,96.11932239394315,100
2024-01-01 21:00:00+05:30,25.1,61.0,26.1,1009.5,0.024081840267238384,100
2024-01-01 22:00:00+05:30,24.4,53.0,25.9,1009.2,100.0,100
2024-01-01 23:00:00+05:30,24.5,50.0,25.7,1008.9,100.0,100
2024-01-02 00:00:00+05:30,25.5,50.0,25.6,1008.3,1.7526603877935765,100
2024-01-02 01:00:00+05:30,26.8,48.0,25.4,1007.5,0.0,100
2024-01-02 02:00:00+05:30,27.7,44.0,25.3,1006.7,0.7047056482152348,100
2024-01-02 03:00:00+05:30,27.5,44.0,25.1,1006.3,0.0,100
2024-01-02 04:00:00+05:30,28.3,41.0,24.9,1006.7,1.032566992979262,100
2024-01-02 05:00:00+05:30,28.0,37.0,24.9,1006.9,0.8165466095614381,100
2024-01-02 06:00:00+05:30,29.3,42.0,25.3,1006.8,0.0,100
2024-01-02 07:00:00+05:30,30.1,43.0,25.5,1007.6,0.0,100
2024-01-02 08:00:00+05:30,29.6,41.0,26.3,1008.5,0.2050653804031834,100
2024-01-02 09:00:00+05:30,31.0,39.0,27.4,1009.0,0.0,100
2024-01-02 10:00:00+05:30,30.0,39.0,28.5,1008.7,0.0,100
2024-01-02 11:00:00+05:30,27.9,39.0,29.4,1008.2,0.0,100
2024-01-02 12:00:00+05:30,25.8,41.0,30.1,1007.3,2.2863479542660086,100
2024-01-02 13:00:00+05:30,23.4,43.0,30.6,1006.2,100.0,100
2024-01-02 14:00:00+05:30,21.7,47.0,30.8,1005.1,100.0,100
2024-01-02 15:00:00+05:30,20.6,57.0,30.7,1004.7,100.0,100
2024-01-02 16:00:00+05:30,21.6,62.0,29.8,1004.9,99.9664784602184,100
2024-01-02 17:00:00+05:30,21.3,68.0,28.6,1005.4,97.92354906129002,100
2024-01-02 18:00:00+05:30,22.0,50.0,27.5,1006.9,100.0,100
2024-01-02 19:00:00+05:30,21.9,46.0,26.8,1007.9,99.79180756973344,100
2024-01-02 20:00:00+05:30,21.9,46.0,26.5,1008.7,98.71653312817328,100
2024-01-02 21:00:00+05:30,22.2,48.0,26.2,1009.0,97.85258205736707,100
2024-01-02 22:00:00+05:30,22.8,51.0,26.0,1008.8,97.40973250450459,100
2024-01-02 23:00:00+05:30,25.1,51.0,25.9,1008.6,0.9798523402265068,100
2024-01-03 00:00:00+05:30,24.4,45.0,25.5,1008.1,100.0,100
2024-01-03 01:00:00+05:30,23.2,43.0,25.3,1007.4,99.17036492819082,100
2024-01-03 02:00:00+05:30,23.1,39.0,25.2,1006.6,100.0,100
2024-01-03 03:00:00+05:30,22.5,41.0,25.1,1006.2,100.0,100
2024-01-03 04:00:00+05:30,22.7,43.0,25.1,1006.3,100.0,100
2024-01-03 05:00:00+05:30,23.4,44.0,25.0,1006.7,98.8440141351922,100
2024-01-03 06:00:00+05:30,26.1,39.0,24.9,1007.0,0.0,100
2024-01-03 07:00:00+05:30,25.9,39.0,25.2,1007.9,0.0,100
2024-01-03 08:00:00+05:30,27.9,38.0,26.2,1008.6,0.0,100
2024-01-03 09:00:00+05:30,28.4,38.0,27.3,1009.0,2.573106903400484,100
2024-01-03 10:00:00+05:30,28.3,40.0,28.5,1008.8,0.0,100
2024-01-03 11:00:00+05:30,26.3,41.0,29.6,1008.4,1.0437151903076174,100
2024-01-03 12:00:00+05:30,24.2,42.0,30.2,1007.2,98.60393170118117,100
2024-01-03 13:00:00+05:30,22.1,44.0,30.6,1006.1,97.87098822600781,100
2024-01-03 14:00:00+05:30,21.3,53.0,30.5,1005.3,98.96981380993199,100
2024-01-03 15:00:00+05:30,19.8,63.0,30.1,1005.0,98.02584905497227,100
2024-01-03 16:00:00+05:30,18.1,55.0,29.7,1005.0,96.81961371776343,100
2024-01-03 17:00:00+05:30,12.6,59.0,29.1,1005.6,100.0,100
2024-01-03 18:00:00+05:30,21.3,51.0,27.8,1006.1,99.92568856867966,100
2024-01-03 19:00:00+05:30,20.9,46.0,27.0,1006.8,98.89653195846422,100
2024-01-03 20:00:00+05:30,22.9,46.0,26.7,1007.5,99.25884839549819,100
2024-01-03 21:00:00+05:30,24.2,48.0,26.3,1007.8,98.49430058539292,100
2024-01-03 22:00:00+05:30,24.8,49.0,26.2,1007.9,100.0,100
2024-01-03 23:00:00+05:30,23.4,46.0,25.9,1007.7,100.0,100
2024-01-04 00:00:00+05:30,22.9,45.0,25.5,1007.6,100.0,100
2024-01-04 01:00:00+05:30,23.9,44.0,25.3,1006.7,100.0,100
2024-01-04 02:00:00+05:30,23.4,44.0,25.1,1006.1,100.0,100
2024-01-04 03:00:00+05:30,23.4,43.0,25.1,1006.2,99.53986824718267,100
2024-01-04 04:00:00+05:30,24.0,43.0,25.1,1006.1,100.0,100
2024-01-04 05:00:00+05:30,24.2,42.0,25.0,1006.5,100.0,100
2024-01-04 06:00:00+05:30,25.7,43.0,25.3,1007.3,0.0,100
2024-01-04 07:00:00+05:30,25.7,43.0,25.6,1008.3,0.0,100
2024-01-04 08:00:00+05:30,26.5,44.0,26.4,1008.8,0.0,100
2024-01-04 09:00:00+05:30,28.0,45.0,27.7,1009.1,0.0,100
2024-01-04 10:00:00+05:30,28.1,49.0,28.8,1008.9,0.29367638698976245,100
2024-01-04 11:00:00+05:30,25.8,54.0,29.7,1008.2,0.0,100
2024-01-04 12:00:00+05:30,23.2,60.0,30.1,1007.0,98.86405480600743,100
2024-01-04 13:00:00+05:30,22.0,72.0,30.0,1006.0,98.51580555526856,100
2024-01-04 14:00:00+05:30,22.0,80.0,29.7,1005.6,99.15342834300421,100
2024-01-04 15:00:00+05:30,22.6,81.0,29.0,1005.2,98.74317625089564,100
2024-01-04 16:00:00+05:30,21.0,77.0,28.5,1005.3,99.88198126071251,100
2024-01-04 17:00:00+05:30,18.3,74.0,27.9,1005.8,100.0,100
2024-01-04 18:00:00+05:30,19.9,68.0,27.5,1006.5,100.0,100
2024-01-04 19:00:00+05:30,17.6,62.0,27.1,1007.2,100.0,100
2024-01-04 20:00:00+05:30,17.1,55.0,26.6,1008.2,100.0,100
2024-01-04 21:00:00+05:30,17.1,51.0,26.3,1008.5,100.0,100
2024-01-04 22:00:00+05:30,17.1,51.0,26.1,1008.5,100.0,100
2024-01-04 23:00:00+05:30,17.9,52.0,26.0,1008.4,98.12315396646302,100
2024-01-05 00:00:00+05:30,19.4,48.0,25.8,1008.2,97.3054689301234,100
2024-01-05 01:00:00+05:30,20.9,45.0,25.3,1007.2,98.69707250389519,100
2024-01-05 02:00:00+05:30,18.4,42.0,25.1,1006.5,100.0,100
2024-01-05 03:00:00+05:30,18.3,43.0,24.8,1006.2,100.0,100
2024-01-05 04:00:00+05:30,18.1,44.0,24.8,1006.3,99.39529802353442,100
2024-01-05 05:00:00+05:30,18.6,43.0,24.7,1006.7,100.0,100
2024-01-05 06:00:00+05:30,17.1,41.0,25.4,1007.3,100.0,100
2024-01-05 07:00:00+05:30,19.1,41.0,25.8,1007.7,96.04148940648508,100
2024-01-05 08:00:00+05:30,20.4,42.0,27.1,1008.6,98.60252850421608,100
2024-01-05 09:00:00+05:30,21.1,44.0,28.3,1008.6,100.0,100
2024-01-05 10:00:00+05:30,21.4,45.0,29.4,1008.6,100.0,100
2024-01-05 11:00:00+05:30,20.4,48.0,30.4,1008.1,100.0,100
2024-01-05 12:00:00+05:30,19.5,56.0,30.9,1006.9,99.98604792155969,100
2024-01-05 13:00:00+05:30,18.7,71.0,31.1,1005.9,100.0,100
2024-01-05 14:00:00+05:30,18.7,89.0,30.5,1005.3,100.0,100
2024-01-05 15:00:00+05:30,20.7,77.0,28.8,1005.2,96.86843937754207,100
2024-01-05 16:00:00+05:30,16.3,65.0,28.5,1005.1,98.51755623459725,100
2024-01-05 17:00:00+05:30,16.7,65.0,28.2,1005.9,93.84007936069675,100
2024-01-05 18:00:00+05:30,13.6,73.0,28.1,1006.6,97.96202428612048,100
2024-01-05 19:00:00+05:30,17.7,66.0,27.4,1007.6,100.0,100
2024-01-05 20:00:00+05:30,19.4,55.0,26.9,1008.4,98.85146037944295,100
2024-01-05 21:00:00+05:30,18.7,50.0,26.5,1008.5,98.06446776022703,100
2024-01-05 22:00:00+05:30,20.4,46.0,26.3,1008.1,99.66529615372178,100
2024-01-05 23:00:00+05:30,21.6,46.0,26.0,1008.1,100.0,100
2024-01-06 00:00:00+05:30,22.4,44.0,25.9,1007.7,97.41897149463013,100
2024-01-06 01:00:00+05:30,23.2,46.0,25.9,1007.3,99.04278981789483,100
2024-01-06 02:00:00+05:30,21.9,44.0,25.6,1006.5,100.0,100
2024-01-06 03:00:00+05:30,22.4,44.0,25.4,1006.1,100.0,100
2024-01-06 04:00:00+05:30,22.9,44.0,25.4,1006.2,99.3998534449775,100
2024-01-06 05:00:00+05:30,22.2,42.0,25.3,1006.8,100.0,100
2024-01-06 06:00:00+05:30,21.9,42.0,25.7,1007.1,100.0,100
2024-01-06 07:00:00+05:30,23.5,40.0,26.3,1007.3,100.0,100
2024-01-06 08:00:00+05:30,23.1,39.0,27.5,1008.0,100.0,100
2024-01-06 09:00:00+05:30,24.0,41.0,28.6,1008.4,99.16649712244188,100
2024-01-06 10:00:00+05:30,24.4,45.0,29.6,1008.3,100.0,100
2024-01-06 11:00:00+05:30,22.9,48.0,30.4,1007.9,100.0,100
2024-01-06 12:00:00+05:30,21.6,57.0,30.7,1006.5,99.6422827656602,100
2024-01-06 13:00:00+05:30,20.6,74.0,30.6,1005.5,100.0,100
2024-01-06 14:00:00+05:30,14.8,87.0,29.4,1005.0,100.0,100
2024-01-06 15:00:00+05:30,18.0,70.0,27.5,1005.4,98.32068737782339,100
2024-01-06 16:00:00+05:30,10.6,72.0,27.9,1005.4,60.17135446546254,100
2024-01-06 17:00:00+05:30,10.1,84.0,27.5,1006.2,49.38646589619087,100
2024-01-06 18:00:00+05:30,18.7,90.0,27.5,1006.9,100.0,100
2024-01-06 19:00:00+05:30,17.7,77.0,27.1,1007.6,98.84246365531331,100
2024-01-06 20:00:00+05:30,15.3,60.0,27.0,1008.5,98.82325487053042,100
2024-01-06 21:00:00+05:30,13.5,48.0,26.8,1008.9,100.0,100
2024-01-06 22:00:00+05:30,11.2,42.0,26.5,1008.7,74.45069495262356,100
2024-01-06 23:00:00+05:30,5.9,43.0,26.0,1008.4,2.4239514564236018,100
2024-01-07 00:00:00+05:30,8.1,45.0,25.6,1008.0,18.793426529284876,100
2024-01-07 01:00:00+05:30,12.5,44.0,24.9,1007.4,100.0,100
2024-01-07 02:00:00+05:30,12.3,32.0,24.6,1006.9,99.66483317165415,100
2024-01-07 03:00:00+05:30,10.8,30.0,24.7,1006.6,66.74437237562356,100
2024-01-07 04:00:00+05:30,11.6,30.0,24.3,1007.1,87.09826751532508,100
2024-01-07 05:00:00+05:30,6.9,9.0,24.2,1007.6,6.461167131634319,100
2024-01-07 06:00:00+05:30,17.8,42.0,25.2,1007.3,100.0,100
2024-01-07 07:00:00+05:30,18.4,40.0,25.6,1008.0,99.15710261596533,100
2024-01-07 08:00:00+05:30,21.2,35.0,26.5,1008.6,97.5333745508358,100
2024-01-07 09:00:00+05:30,24.1,38.0,27.8,1009.0,100.0,100
2024-01-07 10:00:00+05:30,22.9,42.0,28.8,1008.8,98.28805536642537,100
2024-01-07 11:00:00+05:30,22.9,44.0,29.6,1007.9,100.0,100
2024-01-07 12:00:00+05:30,22.9,48.0,29.8,1007.1,99.19857609454354,100
2024-01-07 13:00:00+05:30,20.3,63.0,29.8,1006.0,100.0,100
2024-01-07 14:00:00+05:30,15.5,90.0,28.8,1005.3,100.0,100
2024-01-07 15:00:00+05:30,17.1,41.0,27.6,1005.2,100.0,100
2024-01-07 16:00:00+05:30,11.0,38.0,28.0,1005.4,65.99574032639862,100
2024-01-07 17:00:00+05:30,14.3,47.0,27.2,1005.9,97.27581220447739,100
2024-01-07 18:00:00+05:30,9.0,53.0,28.2,1006.3,29.72766007327273,100
2024-01-07 19:00:00+05:30,13.3,49.0,27.6,1007.1,99.16104420221679,100
2024-01-07 20:00:00+05:30,14.3,41.0,27.1,1007.7,100.0,100
2024-01-07 21:00:00+05:30,12.2,43.0,26.4,1008.0,100.0,100
2024-01-07 22:00:00+05:30,17.3,42.0,26.5,1008.1,99.47165526024966,100
2024-01-07 23:00:00+05:30,19.7,40.0,26.4,1008.0,100.0,100
2024-01-08 00:00:00+05:30,21.7,43.0,26.1,1007.9,97.20355130565007,100
2024-01-08 01:00:00+05:30,25.5,48.0,24.6,1007.4,0.0,100
2024-01-08 02:00:00+05:30,22.9,37.0,24.5,1006.6,100.0,100
2024-01-08 03:00:00+05:30,19.5,34.0,24.6,1006.7,98.86733954436963,100
2024-01-08 04:00:00+05:30,15.9,28.0,24.5,1006.8,100.0,100
2024-01-08 05:00:00+05:30,13.9,31.0,24.6,1007.3,98.39535700845491,100
2024-01-08 06:00:00+05:30,13.6,40.0,24.7,1007.6,100.0,100
2024-01-08 07:00:00+05:30,16.8,35.0,24.9,1008.2,100.0,100
2024-01-08 08:00:00+05:30,22.2,40.0,25.4,1009.4,98.48386440621456,100
2024-01-08 09:00:00+05:30,19.3,33.0,26.4,1009.6,100.0,100
2024-01-08 10:00:00+05:30,18.9,39.0,27.5,1009.5,99.82189600262913,100
2024-01-08 11:00:00+05:30,22.1,46.0,28.4,1009.0,100.0,100
2024-01-08 12:00:00+05:30,21.4,49.0,28.7,1007.9,97.7022353990608,100
2024-01-08 13:00:00+05:30,18.8,47.0,29.3,1006.4,98.92410144622289,100
2024-01-08 14:00:00+05:30,21.1,63.0,29.5,1005.2,100.0,100
2024-01-08 15:00:00+05:30,20.1,63.0,29.5,1005.1,97.3730583224547,100
2024-01-08 16:00:00+05:30,23.2,64.0,27.8,1005.8,97.72449354371253,100
2024-01-08 17:00:00+05:30,19.5,52.0,27.1,1006.5,97.05213518519417,100
2024-01-08 18:00:00+05:30,22.2,54.0,27.6,1007.2,100.0,100
2024-01-08 19:00:00+05:30,24.1,52.0,27.1,1007.8,97.82054620307606,100
2024-01-08 20:00:00+05:30,24.6,51.0,26.6,1008.2,99.57098984835903,100
2024-01-08 21:00:00+05:30,23.4,46.0,26.2,1008.8,100.0,100
2024-01-08 22:00:00+05:30,22.7,42.0,26.2,1008.6,100.0,100
2024-01-08 23:00:00+05:30,24.6,38.0,26.3,1008.0,100.0,100
2024-01-09 00:00:00+05:30,25.0,40.0,25.9,1007.6,100.0,100
2024-01-09 01:00:00+05:30,24.3,40.0,25.7,1007.0,99.87896707931776,100
2024-01-09 02:00:00+05:30,20.4,44.0,25.3,1006.6,98.96760233692285,100
2024-01-09 03:00:00+05:30,21.4,49.0,25.0,1006.7,99.13841724392951,100
2024-01-09 04:00:00+05:30,23.4,46.0,24.7,1006.5,100.0,100
2024-01-09 05:00:00+05:30,22.5,41.0,24.3,1006.9,99.69328418436226,100
2024-01-09 06:00:00+05:30,24.8,41.0,24.9,1007.0,99.91297827445231,100
2024-01-09 07:00:00+05:30,23.2,42.0,25.2,1008.0,95.2611551553508,100
2024-01-09 08:00:00+05:30,21.4,41.0,25.4,1009.0,99.09366949892855,100
2024-01-09 09:00:00+05:30,20.1,47.0,25.5,1009.4,99.18845314008381,100
2024-01-09 10:00:00+05:30,19.6,54.0,25.2,1009.9,97.45217718438566,100
2024-01-09 11:00:00+05:30,22.5,51.0,24.6,1009.4,100.0,100
2024-01-09 12:00:00+05:30,22.2,48.0,24.4,1008.4,100.0,100
2024-01-09 13:00:00+05:30,19.6,43.0,25.7,1007.1,100.0,100
2024-01-09 14:00:00+05:30,19.7,40.0,26.1,1006.0,100.0,100
2024-01-09 15:00:00+05:30,22.4,44.0,25.7,1005.7,100.0,100
2024-01-09 16:00:00+05:30,21.7,42.0,24.8,1006.6,95.5354740893262,100
2024-01-09 17:00:00+05:30,23.2,44.0,24.3,1006.4,100.0,100
2024-01-09 18:00:00+05:30,27.3,36.0,25.1,1006.5,0.0,100
2024-01-09 19:00:00+05:30,25.8,36.0,25.0,1007.1,0.0,100
2024-01-09 20:00:00+05:30,27.2,39.0,25.0,1008.0,1.801848768926838,100
2024-01-09 21:00:00+05:30,28.4,38.0,24.9,1008.3,0.3056963982520364,100
2024-01-09 22:00:00+05:30,30.7,40.0,24.9,1008.0,0.8681970996770991,100
2024-01-09 23:00:00+05:30,32.0,39.0,24.8,1008.1,0.7201710300136887,100
2024-01-10 00:00:00+05:30,32.6,38.0,24.8,1007.3,0.44589227870019554,100
2024-01-10 01:00:00+05:30,32.0,39.0,24.8,1006.2,0.0,100
2024-01-10 02:00:00+05:30,32.9,37.0,24.8,1005.6,0.0,100
2024-01-10 03:00:00+05:30,33.8,36.0,24.9,1005.0,0.0,100
2024-01-10 04:00:00+05:30,34.1,36.0,24.9,1005.0,0.0,100
2024-01-10 05:00:00+05:30,33.6,35.0,24.9,1005.3,1.6619278948535556,100
2024-01-10 06:00:00+05:30,33.3,36.0,25.2,1005.7,0.0,100
2024-01-10 07:00:00+05:30,32.3,35.0,25.6,1006.5,0.0,100
2024-01-10 08:00:00+05:30,31.0,38.0,26.4,1007.6,0.0,100
2024-01-10 09:00:00+05:30,34.6,36.0,27.2,1008.0,0.10732954577569925,100
2024-01-10 10:00:00+05:30,32.5,36.0,27.4,1007.5,0.0,100
2024-01-10 11:00:00+05:30,34.0,36.0,28.0,1007.2,0.0,100
2024-01-10 12:00:00+05:30,33.5,40.0,29.1,1006.3,0.0,100
2024-01-10 13:00:00+05:30,28.7,38.0,28.7,1005.4,0.15103660989392903,100
2024-01-10 14:00:00+05:30,24.6,38.0,27.8,1004.6,100.0,100
2024-01-10 15:00:00+05:30,27.6,50.0,26.6,1005.4,0.5585425737609074,100
2024-01-10 16:00:00+05:30,26.2,53.0,25.7,1005.9,0.0,100
2024-01-10 17:00:00+05:30,27.4,38.0,25.2,1005.4,0.0,100
2024-01-10 18:00:00+05:30,23.2,42.0,25.4,1006.8,100.0,100
2024-01-10 19:00:00+05:30,26.5,42.0,25.3,1007.9,1.4532057011218098,100
2024-01-10 20:00:00+05:30,26.2,37.0,25.3,1008.4,0.9386640218076389,100
2024-01-10 21:00:00+05:30,27.5,34.0,25.3,1009.0,0.0,100
2024-01-10 22:00:00+05:30,27.5,37.0,25.1,1009.0,0.9114757956965833,100
2024-01-10 23:00:00+05:30,26.5,43.0,25.0,1009.1,0.4909393726920198,100
2024-01-11 00:00:00+05:30,27.8,42.0,24.7,1008.4,1.380110332179517,100
2024-01-11 01:00:00+05:30,30.4,40.0,24.4,1007.4,0.526800200832646,100
2024-01-11 02:00:00+05:30,32.1,42.0,24.2,1006.4,0.0,100
2024-01-11 03:00:00+05:30,31.6,44.0,24.3,1005.7,0.0,100
2024-01-11 04:00:00+05:30,31.9,42.0,24.6,1005.8,0.7684863660402166,100
2024-01-11 05:00:00+05:30,33.0,40.0,24.7,1006.2,0.005682564851642672,100
2024-01-11 06:00:00+05:30,34.0,40.0,25.3,1006.7,0.8197482090290032,100
2024-01-11 07:00:00+05:30,34.7,42.0,25.4,1007.4,0.445016420154521,100
2024-01-11 08:00:00+05:30,35.1,44.0,26.0,1008.4,0.0,100
2024-01-11 09:00:00+05:30,35.5,40.0,26.7,1008.6,0.0,100
2024-01-11 10:00:00+05:30,36.8,40.0,27.7,1008.7,0.0,100
2024-01-11 11:00:00+05:30,36.8,39.0,28.2,1008.2,1.3487219527095795,100
2024-01-11 12:00:00+05:30,34.7,42.0,29.3,1007.2,0.0,100
2024-01-11 13:00:00+05:30,30.3,45.0,29.6,1006.1,0.6835403073516659,100
2024-01-11 14:00:00+05:30,30.1,48.0,29.9,1005.4,0.0,100
2024-01-11 15:00:00+05:30,28.8,49.0,29.9,1005.0,0.0,100
2024-01-11 16:00:00+05:30,28.9,50.0,29.3,1005.3,0.713576720486054,100
2024-01-11 17:00:00+05:30,25.5,57.0,27.8,1005.9,2.6282562024541956,100
2024-01-11 18:00:00+05:30,28.2,55.0,27.1,1006.4,0.0,100
2024-01-11 19:00:00+05:30,31.2,51.0,26.6,1006.7,0.0,100
2024-01-11 20:00:00+05:30,31.7,51.0,26.3,1007.4,0.5435794959467846,100
2024-01-11 21:00:00+05:30,33.1,47.0,26.1,1007.7,0.0,100
2024-01-11 22:00:00+05:30,32.6,48.0,26.0,1007.7,0.09421902275148901,100
2024-01-11 23:00:00+05:30,32.4,48.0,25.9,1007.5,0.294874446021316,100
2024-01-12 00:00:00+05:30,31.6,48.0,25.5,1007.3,0.0,100
2024-01-12 01:00:00+05:30,32.6,46.0,25.2,1006.8,0.0,100
2024-01-12 02:00:00+05:30,31.6,44.0,25.3,1006.3,0.9514794531103644,100
2024-01-12 03:00:00+05:30,32.7,40.0,25.1,1006.0,0.0,100
2024-01-12 04:00:00+05:30,33.1,37.0,25.0,1006.1,0.6739789364545357,100
2024-01-12 05:00:00+05:30,33.6,38.0,24.9,1006.4,0.0,100
2024-01-12 06:00:00+05:30,39.1,40.0,25.1,1006.8,0.0,100
2024-01-12 07:00:00+05:30,38.3,40.0,25.1,1007.6,2.051529019434903,100
2024-01-12 08:00:00+05:30,37.8,40.0,25.7,1008.5,0.34054736406844643,100
2024-01-12 09:00:00+05:30,40.2,36.0,26.5,1008.6,0.16014220901546228,100
2024-01-12 10:00:00+05:30,41.1,40.0,27.4,1008.8,0.2985866002413276,100
2024-01-12 11:00:00+05:30,41.6,42.0,27.7,1008.4,0.0,100
2024-01-12 12:00:00+05:30,38.5,43.0,28.4,1007.6,0.16144986750600862,100
2024-01-12 13:00:00+05:30,34.6,44.0,28.5,1006.4,0.0,100
2024-01-12 14:00:00+05:30,34.1,42.0,29.5,1005.5,0.33655452202914643,100
2024-01-12 15:00:00+05:30,31.3,45.0,29.5,1005.2,0.6195014075595217,100
2024-01-12 16:00:00+05:30,29.2,51.0,29.1,1005.3,0.0,100
2024-01-12 17:00:00+05:30,26.1,55.0,28.1,1006.1,0.27175784820382126,100
2024-01-12 18:00:00+05:30,29.1,56.0,27.5,1006.8,0.4115603721919241,100
2024-01-12 19:00:00+05:30,28.5,53.0,27.1,1007.6,0.21643399043541128,100
2024-01-12 20:00:00+05:30,26.2,47.0,26.9,1008.8,0.0,100
2024-01-12 21:00:00+05:30,26.6,38.0,26.7,1009.4,0.0,100
2024-01-12 22:00:00+05:30,26.2,37.0,26.3,1009.2,0.1612350342874578,100
2024-01-12 23:00:00+05:30,26.1,38.0,25.8,1009.0,0.0,100
2024-01-13 00:00:00+05:30,25.4,39.0,25.7,1008.5,0.4738023575033797,100
2024-01-13 01:00:00+05:30,24.5,43.0,25.8,1008.0,100.0,100
2024-01-13 02:00:00+05:30,22.9,48.0,25.3,1007.4,99.54398415833819,100
2024-01-13 03:00:00+05:30,24.1,39.0,25.0,1006.9,100.0,100
2024-01-13 04:00:00+05:30,24.9,39.0,24.8,1007.1,99.70703812370598,100
2024-01-13 05:00:00+05:30,25.1,38.0,24.4,1007.6,0.0,100
2024-01-13 06:00:00+05:30,26.9,38.0,25.1,1008.6,0.8648088638692564,100
2024-01-13 07:00:00+05:30,29.6,34.0,25.3,1009.5,0.0,100
2024-01-13 08:00:00+05:30,28.3,34.0,26.0,1010.3,0.1976274673800513,100
2024-01-13 09:00:00+05:30,32.8,33.0,27.0,1010.4,0.2946582181578765,100
2024-01-13 10:00:00+05:30,31.5,38.0,27.8,1010.2,0.4089148014769668,100
2024-01-13 11:00:00+05:30,31.4,41.0,28.8,1009.7,0.0,100
2024-01-13 12:00:00+05:30,29.4,41.0,29.4,1009.0,0.0,100
2024-01-13 13:00:00+05:30,26.8,41.0,30.0,1008.0,0.0,100
2024-01-13 14:00:00+05:30,26.0,47.0,30.1,1007.2,1.3582731802097803,100
2024-01-13 15:00:00+05:30,22.7,54.0,30.5,1006.8,100.0,100
2024-01-13 16:00:00+05:30,22.0,52.0,30.0,1006.6,99.228618623208,100
2024-01-13 17:00:00+05:30,24.4,56.0,28.3,1007.2,100.0,100
2024-01-13 18:00:00+05:30,23.4,59.0,27.0,1008.0,96.8933023867585,100
2024-01-13 19:00:00+05:30,24.2,53.0,26.8,1008.8,100.0,100
2024-01-13 20:00:00+05:30,22.7,49.0,26.4,1009.6,100.0,100
2024-01-13 21:00:00+05:30,26.0,46.0,26.1,1009.9,1.9786577245959764,100
2024-01-13 22:00:00+05:30,28.0,45.0,26.1,1010.0,0.0,100
2024-01-13 23:00:00+05:30,25.7,47.0,25.5,1010.0,0.22888628680540424,100
2024-01-14 00:00:00+05:30,26.2,46.0,25.2,1009.5,0.9227728520200998,100
2024-01-14 01:00:00+05:30,26.5,44.0,24.9,1008.9,0.32062987968751777,100
2024-01-14 02:00:00+05:30,26.7,43.0,24.8,1007.9,0.0,100
2024-01-14 03:00:00+05:30,27.0,45.0,24.7,1007.4,0.0,100
2024-01-14 04:00:00+05:30,27.7,44.0,24.7,1007.2,0.0,100
2024-01-14 05:00:00+05:30,28.3,43.0,24.6,1007.6,0.0,100
2024-01-14 06:00:00+05:30,28.0,43.0,25.1,1008.3,0.0,100
2024-01-14 07:00:00+05:30,30.1,41.0,25.6,1009.1,0.2759243806049073,100
2024-01-14 08:00:00+05:30,31.1,42.0,26.7,1009.7,0.0,100
2024-01-14 09:00:00+05:30,31.1,42.0,27.9,1010.0,0.0,100
2024-01-14 10:00:00+05:30,30.6,44.0,28.7,1009.8,0.2864025724317026,100
2024-01-14 11:00:00+05:30,29.6,42.0,29.5,1009.3,0.47405934431822616,100
2024-01-14 12:00:00+05:30,28.0,42.0,30.1,1008.4,1.6368394297726985,100
2024-01-14 13:00:00+05:30,27.3,41.0,30.8,1007.2,0.28678107072557385,100
2024-01-14 14:00:00+05:30,25.5,47.0,31.1,1006.1,1.208307455506163,100
2024-01-14 15:00:00+05:30,24.9,59.0,30.7,1005.6,100.0,100
2024-01-14 16:00:00+05:30,24.8,66.0,29.5,1005.8,99.70648020240161,100
2024-01-14 17:00:00+05:30,24.6,65.0,28.1,1006.2,100.0,100
2024-01-14 18:00:00+05:30,21.7,63.0,27.2,1006.7,100.0,100
2024-01-14 19:00:00+05:30,19.6,54.0,26.4,1007.6,96.65771888702675,100
2024-01-14 20:00:00+05:30,18.3,43.0,25.9,1008.7,98.88621668769945,100
2024-01-14 21:00:00+05:30,20.5,39.0,25.6,1009.4,100.0,100
2024-01-14 22:00:00+05:30,20.3,37.0,25.4,1009.7,100.0,100
2024-01-14 23:00:00+05:30,20.6,36.0,25.2,1009.7,99.09864430864484,100
2024-01-15 00:00:00+05:30,20.3,37.0,25.0,1009.2,100.0,100
2024-01-15 01:00:00+05:30,21.6,37.0,25.0,1008.4,100.0,100
2024-01-15 02:00:00+05:30,23.0,35.0,24.9,1007.6,100.0,100
2024-01-15 03:00:00+05:30,21.3,34.0,24.5,1007.3,96.60989709767486,100
2024-01-15 04:00:00+05:30,19.8,33.0,24.2,1007.5,100.0,100
2024-01-15 05:00:00+05:30,19.6,32.0,24.1,1008.1,99.80554831386567,100
2024-01-15 06:00:00+05:30,19.2,38.0,25.0,1008.9,100.0,100
2024-01-15 07:00:00+05:30,21.8,38.0,25.5,1010.1,97.56814781763332,100
2024-01-15 08:00:00+05:30,24.5,36.0,26.3,1011.1,100.0,100
2024-01-15 09:00:00+05:30,27.4,39.0,27.4,1011.4,0.7985984008932342,100
2024-01-15 10:00:00+05:30,27.8,41.0,28.2,1010.8,0.44892415714397255,100
2024-01-15 11:00:00+05:30,27.3,42.0,29.0,1009.9,0.4258451137815971,100
2024-01-15 12:00:00+05:30,26.5,44.0,29.7,1008.7,0.0,100
2024-01-15 13:00:00+05:30,24.9,45.0,30.2,1007.5,99.0350493946525,100
2024-01-15 14:00:00+05:30,23.4,46.0,30.4,1006.4,100.0,100
2024-01-15 15:00:00+05:30,22.4,44.0,30.4,1005.7,100.0,100
2024-01-15 16:00:00+05:30,20.9,48.0,30.2,1005.6,100.0,100
2024-01-15 17:00:00+05:30,23.5,75.0,27.7,1006.0,100.0,100
2024-01-15 18:00:00+05:30,21.2,58.0,26.7,1006.8,100.0,100
2024-01-15 19:00:00+05:30,18.6,44.0,25.9,1007.7,100.0,100
2024-01-15 20:00:00+05:30,16.1,40.0,25.3,1008.9,99.28330313037253,100
2024-01-15 21:00:00+05:30,15.1,33.0,24.7,1009.5,99.3698227432511,100
2024-01-15 22:00:00+05:30,15.1,28.0,24.5,1009.6,96.6472186791714,100
2024-01-15 23:00:00+05:30,15.3,34.0,24.6,1009.3,98.87422368830205,100
2024-01-16 00:00:00+05:30,14.8,34.0,24.4,1008.7,98.95699259476451,100
2024-01-16 01:00:00+05:30,13.7,30.0,24.3,1008.1,100.0,100
2024-01-16 02:00:00+05:30,14.5,27.0,23.9,1007.2,100.0,100
2024-01-16 03:00:00+05:30,15.9,33.0,23.9,1006.8,98.60313151592523,100
2024-01-16 04:00:00+05:30,16.8,35.0,24.0,1006.8,100.0,100
2024-01-16 05:00:00+05:30,17.8,36.0,24.0,1007.3,99.67027203031881,100
2024-01-16 06:00:00+05:30,21.7,40.0,24.4,1008.1,98.5692297387913,100
2024-01-16 07:00:00+05:30,21.6,46.0,24.9,1009.1,99.0148384902225,100
2024-01-16 08:00:00+05:30,24.8,50.0,25.9,1010.0,98.94860493396206,100
2024-01-16 09:00:00+05:30,29.1,48.0,26.8,1010.2,0.0,100
2024-01-16 10:00:00+05:30,28.3,48.0,27.9,1009.9,1.273831755177699,100
2024-01-16 11:00:00+05:30,27.8,47.0,28.7,1009.4,0.29286506034605736,100
2024-01-16 12:00:00+05:30,25.7,47.0,29.5,1008.2,1.761019362373668,100
2024-01-16 13:00:00+05:30,22.7,47.0,30.0,1006.9,100.0,100
2024-01-16 14:00:00+05:30,20.0,51.0,30.4,1005.8,95.64447408126,100
2024-01-16 15:00:00+05:30,18.2,63.0,30.2,1005.1,100.0,100
2024-01-16 16:00:00+05:30,19.3,76.0,29.3,1005.1,100.0,100
2024-01-16 17:00:00+05:30,21.3,87.0,27.8,1005.5,97.68515046473736,100
2024-01-16 18:00:00+05:30,20.4,82.0,26.6,1006.1,97.6685761073572,100
2024-01-16 19:00:00+05:30,19.5,71.0,26.1,1007.1,97.21459459902177,100
2024-01-16 20:00:00+05:30,16.3,59.0,25.4,1007.8,100.0,100
2024-01-16 21:00:00+05:30,12.6,37.0,24.5,1008.4,100.0,100
2024-01-16 22:00:00+05:30,11.8,27.0,23.8,1008.5,90.0492484518934,100
2024-01-16 23:00:00+05:30,13.0,44.0,23.8,1008.5,98.91617370300476,100
2024-01-17 00:00:00+05:30,14.5,48.0,23.5,1008.2,100.0,100
2024-01-17 01:00:00+05:30,14.5,44.0,23.3,1007.5,100.0,100
2024-01-17 02:00:00+05:30,13.6,40.0,23.3,1006.8,97.28150642815883,100
2024-01-17 03:00:00+05:30,12.3,38.0,23.1,1006.2,98.9359337243111,100
2024-01-17 04:00:00+05:30,11.5,39.0,22.8,1006.4,81.08182214812791,100
2024-01-17 05:00:00+05:30,11.8,40.0,22.6,1006.7,96.41644485555985,100
2024-01-17 06:00:00+05:30,14.8,39.0,23.1,1007.4,100.0,100
2024-01-17 07:00:00+05:30,16.6,42.0,23.6,1008.5,100.0,100
2024-01-17 08:00:00+05:30,16.8,35.0,25.5,1009.1,94.95253938400305,100
2024-01-17 09:00:00+05:30,20.2,40.0,27.3,1009.0,100.0,100
2024-01-17 10:00:00+05:30,21.9,44.0,28.8,1008.5,100.0,100
2024-01-17 11:00:00+05:30,21.9,44.0,29.8,1007.8,100.0,100
2024-01-17 12:00:00+05:30,20.9,48.0,30.5,1007.0,100.0,100
2024-01-17 13:00:00+05:30,20.2,55.0,31.0,1005.9,100.0,100
2024-01-17 14:00:00+05:30,20.2,68.0,31.0,1005.0,98.08780533914712,100
2024-01-17 15:00:00+05:30,20.9,75.0,30.4,1004.6,100.0,100
2024-01-17 16:00:00+05:30,21.3,78.0,29.6,1004.6,100.0,100
2024-01-17 17:00:00+05:30,21.1,82.0,28.1,1005.0,97.59430112950713,100
2024-01-17 18:00:00+05:30,20.9,79.0,26.8,1005.6,98.47307374566383,100
2024-01-17 19:00:00+05:30,19.9,70.0,26.0,1006.4,99.29575296135204,100
2024-01-17 20:00:00+05:30,19.3,61.0,25.3,1007.5,100.0,100
2024-01-17 21:00:00+05:30,17.6,49.0,24.6,1008.1,100.0,100
2024-01-17 22:00:00+05:30,17.1,41.0,24.2,1007.8,100.0,100
2024-01-17 23:00:00+05:30,18.3,45.0,24.5,1007.4,98.8293032896548,100
2024-01-18 00:00:00+05:30,19.6,44.0,24.4,1007.1,100.0,100
2024-01-18 01:00:00+05:30,18.9,39.0,24.3,1006.7,97.74927128655129,100
2024-01-18 02:00:00+05:30,18.1,35.0,24.4,1006.5,95.26432020334538,100
2024-01-18 03:00:00+05:30,16.9,38.0,24.4,1006.2,99.83245297779241,100
2024-01-18 04:00:00+05:30,17.1,39.0,24.2,1006.5,99.06984868049607,100
2024-01-18 05:00:00+05:30,17.9,38.0,24.2,1007.2,100.0,100
2024-01-18 06:00:00+05:30,16.8,42.0,24.9,1007.7,100.0,100
2024-01-18 07:00:00+05:30,17.3,45.0,25.3,1008.8,98.56050397903063,100
2024-01-18 08:00:00+05:30,18.8,45.0,26.8,1009.3,97.55377975173619,100
2024-01-18 09:00:00+05:30,20.7,40.0,27.9,1009.5,100.0,100
2024-01-18 10:00:00+05:30,20.9,49.0,29.1,1009.0,98.57269786619632,100
2024-01-18 11:00:00+05:30,21.5,50.0,30.1,1008.4,97.41973644074697,100
2024-01-18 12:00:00+05:30,20.8,62.0,30.5,1007.4,98.54100397311385,100
2024-01-18 13:00:00+05:30,19.8,71.0,30.2,1006.4,100.0,100
2024-01-18 14:00:00+05:30,18.7,79.0,30.3,1005.4,99.59136213082178,100
2024-01-18 15:00:00+05:30,18.8,85.0,30.2,1004.9,97.74051248076658,100
2024-01-18 16:00:00+05:30,18.4,86.0,29.3,1004.9,100.0,100
2024-01-18 17:00:00+05:30,17.7,88.0,28.4,1005.5,100.0,100
2024-01-18 18:00:00+05:30,19.2,82.0,27.6,1005.9,100.0,100
2024-01-18 19:00:00+05:30,18.6,68.0,26.9,1006.8,100.0,100
2024-01-18 20:00:00+05:30,17.4,56.0,26.4,1007.8,99.83985826726465,100
2024-01-18 21:00:00+05:30,16.8,45.0,26.0,1008.2,98.07668103360129,100
2024-01-18 22:00:00+05:30,16.3,43.0,25.7,1008.0,100.0,100
2024-01-18 23:00:00+05:30,16.0,44.0,25.5,1007.8,98.71404593021491,100
2024-01-19 00:00:00+05:30,16.3,43.0,25.4,1007.4,100.0,100
2024-01-19 01:00:00+05:30,18.6,46.0,25.5,1006.8,99.50948577202547,100
2024-01-19 02:00:00+05:30,16.8,45.0,25.2,1006.7,97.41764007069979,100
2024-01-19 03:00:00+05:30,15.6,38.0,25.1,1006.5,98.85007515030856,100
2024-01-19 04:00:00+05:30,13.8,41.0,24.8,1006.9,100.0,100
2024-01-19 05:00:00+05:30,16.6,56.0,24.4,1007.5,96.11813181852257,100
2024-01-19 06:00:00+05:30,16.3,49.0,24.4,1008.1,96.84600493343032,100
2024-01-19 07:00:00+05:30,16.1,40.0,25.1,1008.6,100.0,100
2024-01-19 08:00:00+05:30,13.7,45.0,24.7,1009.5,100.0,100
2024-01-19 09:00:00+05:30,17.9,40.0,26.1,1009.4,98.495810739723,100
2024-01-19 10:00:00+05:30,23.5,36.0,28.6,1009.0,100.0,100
2024-01-19 11:00:00+05:30,22.4,44.0,28.7,1008.8,98.0087348850971,100
2024-01-19 12:00:00+05:30,19.0,63.0,27.5,1008.1,97.79566565172615,100
2024-01-19 13:00:00+05:30,24.6,55.0,26.1,1007.1,100.0,100
2024-01-19 14:00:00+05:30,28.1,40.0,28.3,1005.5,0.0,100
2024-01-19 15:00:00+05:30,27.0,46.0,29.1,1004.6,0.0,100
2024-01-19 16:00:00+05:30,25.0,54.0,29.1,1004.8,98.91330129558438,100
2024-01-19 17:00:00+05:30,22.7,48.0,28.3,1005.3,100.0,100
2024-01-19 18:00:00+05:30,21.9,54.0,27.8,1006.0,100.0,100
2024-01-19 19:00:00+05:30,21.3,51.0,27.2,1006.9,96.06344739584816,100
2024-01-19 20:00:00+05:30,23.0,50.0,26.9,1007.5,99.32704119423897,100
2024-01-19 21:00:00+05:30,21.6,53.0,26.4,1008.1,100.0,100
2024-01-19 22:00:00+05:30,24.2,48.0,26.5,1007.9,100.0,100
2024-01-19 23:00:00+05:30,23.2,43.0,26.6,1007.8,98.58622251678985,100
2024-01-20 00:00:00+05:30,22.1,46.0,26.3,1007.6,100.0,100
2024-01-20 01:00:00+05:30,22.7,44.0,25.9,1007.2,99.65844016174502,100
2024-01-20 02:00:00+05:30,21.7,48.0,25.5,1007.1,100.0,100
2024-01-20 03:00:00+05:30,19.5,56.0,24.8,1007.2,100.0,100
2024-01-20 04:00:00+05:30,22.5,55.0,24.1,1007.4,100.0,100
2024-01-20 05:00:00+05:30,20.4,44.0,23.8,1007.6,95.86312305032236,100
2024-01-20 06:00:00+05:30,26.2,43.0,24.8,1008.5,0.3271190246003672,100
2024-01-20 07:00:00+05:30,27.2,46.0,25.1,1009.4,1.1667488949169935,100
2024-01-20 08:00:00+05:30,27.9,39.0,26.3,1010.2,0.0,100
2024-01-20 09:00:00+05:30,28.3,40.0,27.3,1010.4,0.0,100
2024-01-20 10:00:00+05:30,30.3,45.0,28.5,1010.1,0.05854614862171703,100
2024-01-20 11:00:00+05:30,26.0,46.0,29.3,1009.8,0.0,100
2024-01-20 12:00:00+05:30,23.9,45.0,29.0,1009.2,100.0,100
2024-01-20 13:00:00+05:30,22.0,50.0,29.7,1008.1,98.60188704273807,100
2024-01-20 14:00:00+05:30,24.0,49.0,30.2,1007.1,98.36000891926861,100
2024-01-20 15:00:00+05:30,23.8,52.0,30.6,1006.1,94.57709086756276,100
2024-01-20 16:00:00+05:30,24.7,44.0,29.2,1006.2,100.0,100
2024-01-20 17:00:00+05:30,21.4,41.0,28.0,1006.8,100.0,100
2024-01-20 18:00:00+05:30,17.8,43.0,28.0,1007.5,99.0819532051593,100
2024-01-20 19:00:00+05:30,18.8,45.0,27.4,1008.1,100.0,100
2024-01-20 20:00:00+05:30,18.8,43.0,27.0,1008.8,100.0,100
2024-01-20 21:00:00+05:30,18.9,40.0,26.8,1009.5,99.66323548461362,100
2024-01-20 22:00:00+05:30,17.7,38.0,26.6,1009.8,100.0,100
2024-01-20 23:00:00+05:30,15.6,38.0,26.5,1009.6,96.62868939876746,100
2024-01-21 00:00:00+05:30,14.3,39.0,26.2,1009.4,97.21343050534945,100
2024-01-21 01:00:00+05:30,15.1,40.0,25.9,1008.6,100.0,100
2024-01-21 02:00:00+05:30,16.1,39.0,25.7,1008.1,100.0,100
2024-01-21 03:00:00+05:30,16.6,39.0,25.8,1007.7,97.51264739150632,100
2024-01-21 04:00:00+05:30,19.6,43.0,26.0,1007.6,97.30314294536808,100
2024-01-21 05:00:00+05:30,19.2,50.0,25.9,1007.9,99.2478877757245,100
2024-01-21 06:00:00+05:30,25.5,54.0,26.0,1008.7,0.0,100
2024-01-21 07:00:00+05:30,26.0,48.0,25.4,1009.5,0.0,100
2024-01-21 08:00:00+05:30,25.2,48.0,26.9,1009.8,0.8373094928057817,100
2024-01-21 09:00:00+05:30,28.5,45.0,28.4,1009.8,0.0026732266549128287,100
2024-01-21 10:00:00+05:30,30.3,46.0,29.6,1009.3,1.1731077920090718,100
2024-01-21 11:00:00+05:30,30.0,46.0,30.6,1008.7,0.0,100
2024-01-21 12:00:00+05:30,27.6,49.0,31.4,1007.8,0.0,100
2024-01-21 13:00:00+05:30,25.8,54.0,31.9,1006.8,0.0,100
2024-01-21 14:00:00+05:30,25.0,63.0,31.5,1006.2,96.47174750723849,100
2024-01-21 15:00:00+05:30,25.0,67.0,30.9,1005.9,96.75279910089542,100
2024-01-21 16:00:00+05:30,24.1,73.0,30.0,1006.1,100.0,100
2024-01-21 17:00:00+05:30,22.2,70.0,29.1,1006.4,97.58289713123278,100
2024-01-21 18:00:00+05:30,20.5,62.0,28.5,1007.0,98.78215872332292,100
2024-01-21 19:00:00+05:30,19.8,57.0,27.7,1008.0,100.0,100
2024-01-21 20:00:00+05:30,20.5,51.0,27.2,1009.2,94.08843897343296,100
2024-01-21 21:00:00+05:30,20.4,45.0,26.8,1009.8,100.0,100
2024-01-21 22:00:00+05:30,20.4,42.0,26.6,1009.8,100.0,100
2024-01-21 23:00:00+05:30,21.2,42.0,26.5,1009.7,100.0,100
2024-01-22 00:00:00+05:30,20.9,41.0,26.3,1009.5,100.0,100
2024-01-22 01:00:00+05:30,22.2,40.0,26.3,1008.9,100.0,100
2024-01-22 02:00:00+05:30,21.5,38.0,26.2,1008.5,99.3437444212379,100
2024-01-22 03:00:00+05:30,21.4,36.0,26.1,1008.1,100.0,100
2024-01-22 04:00:00+05:30,20.5,38.0,25.9,1008.4,96.61648853237513,100
2024-01-22 05:00:00+05:30,20.4,42.0,25.7,1008.7,100.0,100
2024-01-22 06:00:00+05:30,22.1,44.0,26.0,1009.4,99.70474162014075,100
2024-01-22 07:00:00+05:30,22.5,41.0,26.2,1010.2,94.07511141489238,100
2024-01-22 08:00:00+05:30,24.2,43.0,27.4,1010.8,99.72300665827088,100
2024-01-22 09:00:00+05:30,27.5,44.0,28.5,1011.0,1.2482129887398439,100
2024-01-22 10:00:00+05:30,29.3,43.0,29.7,1010.5,1.1905594358849687,100
2024-01-22 11:00:00+05:30,30.1,40.0,30.6,1009.9,0.25536620326993376,100
2024-01-22 12:00:00+05:30,30.2,38.0,31.4,1009.1,0.08216606220647776,100
2024-01-22 13:00:00+05:30,28.7,39.0,32.0,1007.9,0.2764966124512534,100
2024-01-22 14:00:00+05:30,27.0,43.0,32.6,1006.8,0.250958084247116,100
2024-01-22 15:00:00+05:30,25.0,50.0,32.6,1006.2,100.0,100
2024-01-22 16:00:00+05:30,24.3,55.0,32.1,1006.0,98.77138303782796,100
2024-01-22 17:00:00+05:30,23.1,69.0,30.4,1006.6,98.12196865684707,100
2024-01-22 18:00:00+05:30,22.9,68.0,28.1,1007.6,98.76918339205348,100
2024-01-22 19:00:00+05:30,20.2,51.0,27.3,1008.9,100.0,100
2024-01-22 20:00:00+05:30,15.8,35.0,26.8,1009.9,99.6663780617862,100
2024-01-22 21:00:00+05:30,14.3,34.0,26.4,1010.6,100.0,100
2024-01-22 22:00:00+05:30,15.2,36.0,26.2,1010.7,98.34968186942945,100
2024-01-22 23:00:00+05:30,16.3,35.0,25.9,1010.6,96.9665723852449,100
2024-01-23 00:00:00+05:30,18.4,39.0,25.8,1010.3,94.0863194329791,100
2024-01-23 01:00:00+05:30,18.7,38.0,25.6,1009.8,96.8006216601157,100
2024-01-23 02:00:00+05:30,18.9,39.0,25.3,1009.2,97.72905054458947,100
2024-01-23 03:00:00+05:30,19.6,41.0,25.2,1009.3,100.0,100
2024-01-23 04:00:00+05:30,19.7,40.0,24.9,1009.4,100.0,100
2024-01-23 05:00:00+05:30,19.7,40.0,24.6,1009.8,97.10059131427364,100
2024-01-23 06:00:00+05:30,21.9,45.0,24.9,1010.0,100.0,100
2024-01-23 07:00:00+05:30,21.6,44.0,25.2,1010.5,99.330765892294,100
2024-01-23 08:00:00+05:30,24.0,43.0,26.6,1011.2,99.37929566483093,100
2024-01-23 09:00:00+05:30,26.5,45.0,28.1,1011.5,0.0,100
2024-01-23 10:00:00+05:30,26.7,46.0,29.4,1010.9,0.44090604719196524,100
2024-01-23 11:00:00+05:30,26.8,42.0,30.4,1010.3,1.8674234174854516,100
2024-01-23 12:00:00+05:30,26.5,43.0,31.1,1009.3,1.184656874574698,100
2024-01-23 13:00:00+05:30,24.9,45.0,31.7,1008.0,100.0,100
2024-01-23 14:00:00+05:30,23.6,51.0,31.7,1006.7,100.0,100
2024-01-23 15:00:00+05:30,24.6,58.0,31.5,1005.8,99.57417368813798,100
2024-01-23 16:00:00+05:30,24.3,65.0,31.1,1005.9,99.60510996311767,100
2024-01-23 17:00:00+05:30,24.6,78.0,29.3,1006.4,99.9858986355761,100
2024-01-23 18:00:00+05:30,24.1,70.0,27.0,1007.3,100.0,100
2024-01-23 19:00:00+05:30,19.2,52.0,26.7,1008.5,100.0,100
2024-01-23 20:00:00+05:30,15.4,33.0,26.2,1009.6,100.0,100
2024-01-23 21:00:00+05:30,13.9,31.0,25.9,1010.3,98.84366487483017,100
2024-01-23 22:00:00+05:30,14.5,30.0,25.6,1010.5,98.94084685551687,100
2024-01-23 23:00:00+05:30,16.6,34.0,25.5,1010.4,99.21702141394341,100
2024-01-24 00:00:00+05:30,16.9,40.0,25.6,1010.2,97.4381158087141,100
2024-01-24 01:00:00+05:30,17.1,42.0,25.5,1009.6,100.0,100
2024-01-24 02:00:00+05:30,18.1,43.0,25.4,1008.9,100.0,100
2024-01-24 03:00:00+05:30,18.7,40.0,25.2,1008.5,99.57417621929238,100
2024-01-24 04:00:00+05:30,17.9,40.0,25.2,1008.8,100.0,100
2024-01-24 05:00:00+05:30,18.1,44.0,25.0,1009.4,99.41456735602478,100
2024-01-24 06:00:00+05:30,21.7,43.0,25.1,1009.8,100.0,100
2024-01-24 07:00:00+05:30,22.9,44.0,25.6,1010.3,99.66373726497777,100
2024-01-24 08:00:00+05:30,24.7,48.0,27.0,1011.1,100.0,100
2024-01-24 09:00:00+05:30,25.6,52.0,28.2,1011.5,0.2850062541050431,100
2024-01-24 10:00:00+05:30,26.0,53.0,29.3,1011.1,0.585927335283071,100
2024-01-24 11:00:00+05:30,25.8,57.0,30.3,1010.4,0.0,100
2024-01-24 12:00:00+05:30,24.6,58.0,31.3,1009.3,98.16254328858373,100
2024-01-24 13:00:00+05:30,23.0,55.0,31.8,1008.0,100.0,100
2024-01-24 14:00:00+05:30,21.4,65.0,31.9,1006.6,100.0,100
2024-01-24 15:00:00+05:30,21.9,63.0,31.7,1006.1,100.0,100
2024-01-24 16:00:00+05:30,19.4,68.0,31.2,1006.0,98.49845680564187,100
2024-01-24 17:00:00+05:30,16.4,71.0,29.9,1006.6,99.63182053197798,100
2024-01-24 18:00:00+05:30,22.9,68.0,27.3,1007.7,100.0,100
2024-01-24 19:00:00+05:30,19.2,50.0,26.8,1008.6,98.5103886518337,100
2024-01-24 20:00:00+05:30,16.9,40.0,26.6,1009.4,97.03304822923211,100
2024-01-24 21:00:00+05:30,15.7,37.0,26.3,1010.0,97.50932041068192,100
2024-01-24 22:00:00+05:30,14.5,30.0,26.0,1009.9,100.0,100
2024-01-24 23:00:00+05:30,14.2,36.0,25.9,1010.0,99.54138856200578,100
2024-01-25 00:00:00+05:30,15.5,36.0,25.7,1009.8,100.0,100
2024-01-25 01:00:00+05:30,16.0,36.0,25.7,1009.2,95.86801077174472,100
2024-01-25 02:00:00+05:30,16.0,36.0,25.4,1008.3,100.0,100
2024-01-25 03:00:00+05:30,16.1,39.0,25.3,1008.0,100.0,100
2024-01-25 04:00:00+05:30,16.9,40.0,25.2,1008.2,100.0,100
2024-01-25 05:00:00+05:30,17.1,35.0,24.9,1008.9,99.08207886735264,100
2024-01-25 06:00:00+05:30,17.7,39.0,25.1,1010.0,100.0,100
2024-01-25 07:00:00+05:30,18.7,40.0,25.4,1010.7,100.0,100
2024-01-25 08:00:00+05:30,22.5,41.0,27.0,1011.6,100.0,100
2024-01-25 09:00:00+05:30,23.4,47.0,28.2,1012.1,98.971634451651,100
2024-01-25 10:00:00+05:30,22.1,53.0,29.4,1011.7,100.0,100
2024-01-25 11:00:00+05:30,20.6,57.0,30.4,1011.0,100.0,100
2024-01-25 12:00:00+05:30,20.6,57.0,31.2,1010.1,99.56037946871179,100
2024-01-25 13:00:00+05:30,21.2,58.0,31.6,1008.8,94.0154963920538,100
2024-01-25 14:00:00+05:30,23.7,66.0,31.9,1007.7,100.0,100
2024-01-25 15:00:00+05:30,25.1,66.0,31.9,1007.0,0.0,100
2024-01-25 16:00:00+05:30,25.0,65.0,31.3,1006.9,100.0,100
2024-01-25 17:00:00+05:30,22.6,68.0,29.9,1007.4,99.20131688728243,100
2024-01-25 18:00:00+05:30,19.7,62.0,28.4,1008.8,98.7256495155753,100
2024-01-25 19:00:00+05:30,17.8,45.0,27.4,1009.7,95.89989807366497,100
2024-01-25 20:00:00+05:30,15.3,30.0,27.0,1010.7,100.0,100
2024-01-25 21:00:00+05:30,16.8,28.0,26.6,1011.3,99.76752812934745,100
2024-01-25 22:00:00+05:30,17.1,28.0,26.4,1011.5,100.0,100
2024-01-25 23:00:00+05:30,18.0,37.0,26.1,1011.6,99.47857886647067,100
2024-01-26 00:00:00+05:30,20.2,41.0,25.9,1011.2,94.11276953261297,100
2024-01-26 01:00:00+05:30,21.7,42.0,25.8,1010.2,100.0,100
2024-01-26 02:00:00+05:30,22.4,42.0,25.8,1009.4,100.0,100
2024-01-26 03:00:00+05:30,21.9,42.0,25.6,1009.1,100.0,100
2024-01-26 04:00:00+05:30,21.9,42.0,25.2,1009.2,100.0,100
2024-01-26 05:00:00+05:30,20.9,41.0,24.9,1009.7,98.61263077892052,100
2024-01-26 06:00:00+05:30,22.7,44.0,25.3,1010.4,100.0,100
2024-01-26 07:00:00+05:30,25.0,41.0,25.6,1011.2,97.98548199281042,100
2024-01-26 08:00:00+05:30,29.6,40.0,26.9,1012.3,0.0,100
2024-01-26 09:00:00+05:30,32.6,42.0,28.2,1012.8,0.0,100
2024-01-26 10:00:00+05:30,30.8,43.0,29.3,1012.5,0.7165457989384976,100
2024-01-26 11:00:00+05:30,30.6,41.0,30.4,1011.8,0.0,100
2024-01-26 12:00:00+05:30,29.4,41.0,31.2,1010.7,0.0,100
2024-01-26 13:00:00+05:30,28.3,43.0,31.8,1009.5,1.1538471833312314,100
2024-01-26 14:00:00+05:30,26.1,52.0,32.2,1008.2,1.5075919685803116,100
2024-01-26 15:00:00+05:30,27.6,59.0,31.8,1007.6,0.7504097630055865,100
2024-01-26 16:00:00+05:30,30.2,57.0,30.3,1007.8,0.0,100
2024-01-26 17:00:00+05:30,27.7,55.0,29.3,1008.3,0.0,100
2024-01-26 18:00:00+05:30,26.7,61.0,28.2,1009.2,1.236786348558229,100
2024-01-26 19:00:00+05:30,23.3,51.0,27.6,1010.1,100.0,100
2024-01-26 20:00:00+05:30,21.4,45.0,27.4,1011.1,99.92966006408396,100
2024-01-26 21:00:00+05:30,19.7,38.0,26.8,1011.8,99.98000193622146,100
2024-01-26 22:00:00+05:30,18.5,37.0,26.3,1011.9,98.63656523191398,100
2024-01-26 23:00:00+05:30,18.3,36.0,26.1,1011.8,100.0,100
2024-01-27 00:00:00+05:30,19.4,42.0,25.9,1011.6,100.0,100
2024-01-27 01:00:00+05:30,20.9,41.0,25.5,1011.0,94.59383633972764,100
2024-01-27 02:00:00+05:30,20.0,39.0,25.2,1010.3,95.84730313903218,100
2024-01-27 03:00:00+05:30,22.7,42.0,24.9,1009.8,97.25390210934327,100
2024-01-27 04:00:00+05:30,24.2,42.0,24.9,1009.9,100.0,100
2024-01-27 05:00:00+05:30,26.1,39.0,24.8,1010.3,0.5506165169287075,100
2024-01-27 06:00:00+05:30,27.3,40.0,25.0,1011.2,0.7982413506103111,100
2024-01-27 07:00:00+05:30,29.4,41.0,25.2,1011.6,0.41594057485853,100
2024-01-27 08:00:00+05:30,32.9,42.0,26.7,1012.4,0.31202452915368034,100
2024-01-27 09:00:00+05:30,35.7,41.0,28.0,1012.8,0.0,100
2024-01-27 10:00:00+05:30,33.7,41.0,29.0,1012.5,0.0,100
2024-01-27 11:00:00+05:30,32.4,40.0,29.8,1011.5,0.8063321719208804,100
2024-01-27 12:00:00+05:30,31.4,40.0,30.7,1010.3,0.43563793160943776,100
2024-01-27 13:00:00+05:30,30.0,44.0,31.5,1009.3,0.0,100
2024-01-27 14:00:00+05:30,28.4,52.0,31.8,1008.0,0.0,100
2024-01-27 15:00:00+05:30,30.1,56.0,31.6,1007.5,0.2677268249332497,100
2024-01-27 16:00:00+05:30,30.0,57.0,30.9,1007.4,1.6605109970086895,100
2024-01-27 17:00:00+05:30,28.8,61.0,29.6,1007.8,0.0,100
2024-01-27 18:00:00+05:30,24.7,61.0,28.3,1009.1,97.7000429466559,100
2024-01-27 19:00:00+05:30,22.8,55.0,27.1,1009.8,98.34074811724983,100
2024-01-27 20:00:00+05:30,18.1,46.0,26.5,1010.7,100.0,100
2024-01-27 21:00:00+05:30,16.8,35.0,25.7,1011.2,96.44629641008946,100
2024-01-27 22:00:00+05:30,17.5,32.0,25.3,1011.8,100.0,100
2024-01-27 23:00:00+05:30,17.3,36.0,25.2,1011.7,100.0,100
2024-01-28 00:00:00+05:30,19.5,39.0,25.2,1011.0,97.03825185621737,100
2024-01-28 01:00:00+05:30,21.2,40.0,25.2,1010.1,98.80062265759665,100
2024-01-28 02:00:00+05:30,22.3,39.0,25.1,1009.4,99.6673503309512,100
2024-01-28 03:00:00+05:30,22.0,40.0,25.0,1009.0,99.2661409763021,100
2024-01-28 04:00:00+05:30,23.1,34.0,24.8,1009.1,99.44579947714765,100
2024-01-28 05:00:00+05:30,23.3,32.0,24.5,1009.6,100.0,100
2024-01-28 06:00:00+05:30,22.3,34.0,25.2,1010.4,100.0,100
2024-01-28 07:00:00+05:30,23.2,30.0,25.5,1011.4,95.8373703497014,100
2024-01-28 08:00:00+05:30,25.4,32.0,26.6,1012.3,0.3073763902238152,100
2024-01-28 09:00:00+05:30,26.7,37.0,27.9,1012.8,0.0,100
2024-01-28 10:00:00+05:30,29.5,38.0,28.7,1012.5,0.07076601278218195,100
2024-01-28 11:00:00+05:30,30.2,36.0,29.9,1012.0,0.0,100
2024-01-28 12:00:00+05:30,28.3,37.0,31.0,1010.7,0.5555369337951604,100
2024-01-28 13:00:00+05:30,28.5,45.0,32.1,1009.1,1.5097847239799191,100
2024-01-28 14:00:00+05:30,27.0,56.0,32.7,1007.9,0.4491613547773321,100
2024-01-28 15:00:00+05:30,26.2,63.0,32.2,1007.3,0.09398888132560262,100
2024-01-28 16:00:00+05:30,26.9,64.0,31.3,1007.2,1.0057128704804854,100
2024-01-28 17:00:00+05:30,26.3,65.0,29.8,1007.7,0.23143765013908937,100
2024-01-28 18:00:00+05:30,23.0,61.0,29.0,1008.8,95.31614759839844,100
2024-01-28 19:00:00+05:30,20.4,48.0,27.8,1009.4,99.31658600416387,100
2024-01-28 20:00:00+05:30,19.5,39.0,27.1,1010.5,94.92977583384793,100
2024-01-28 21:00:00+05:30,17.3,31.0,26.6,1011.1,100.0,100
2024-01-28 22:00:00+05:30,17.8,32.0,26.2,1011.2,97.35120846227197,100
2024-01-28 23:00:00+05:30,17.7,33.0,26.0,1011.3,98.26093690956777,100
2024-01-29 00:00:00+05:30,19.2,34.0,25.9,1010.7,100.0,100
2024-01-29 01:00:00+05:30,22.3,39.0,25.9,1010.0,96.49304269854971,100
2024-01-29 02:00:00+05:30,21.6,33.0,25.6,1009.3,99.98439761976145,100
2024-01-29 03:00:00+05:30,22.2,32.0,25.4,1008.8,100.0,100
2024-01-29 04:00:00+05:30,21.7,29.0,25.3,1008.8,99.19702337361487,100
2024-01-29 05:00:00+05:30,20.9,32.0,25.1,1009.5,99.79402323038364,100
2024-01-29 06:00:00+05:30,22.7,41.0,25.2,1010.1,99.13371393428014,100
2024-01-29 07:00:00+05:30,25.1,38.0,25.5,1011.0,0.050546550999587735,100
2024-01-29 08:00:00+05:30,27.3,36.0,26.6,1011.8,1.0462388499526623,100
2024-01-29 09:00:00+05:30,29.0,38.0,28.1,1012.2,0.3510227436941903,100
2024-01-29 10:00:00+05:30,28.5,37.0,29.3,1011.6,0.7491156347708233,100
2024-01-29 11:00:00+05:30,27.8,37.0,30.5,1010.8,0.0,100
2024-01-29 12:00:00+05:30,27.4,35.0,31.4,1009.8,0.0,100
2024-01-29 13:00:00+05:30,25.8,41.0,32.6,1008.4,0.9304346591618499,100
2024-01-29 14:00:00+05:30,23.1,53.0,32.8,1007.0,100.0,100
2024-01-29 15:00:00+05:30,24.7,67.0,32.2,1006.3,98.24311706370126,100
2024-01-29 16:00:00+05:30,25.9,74.0,31.1,1006.3,0.0,100
2024-01-29 17:00:00+05:30,25.3,64.0,30.0,1006.8,0.6481121044490177,100
2024-01-29 18:00:00+05:30,23.1,59.0,28.8,1007.8,100.0,100
2024-01-29 19:00:00+05:30,23.0,55.0,27.6,1009.0,99.47648216905509,100
2024-01-29 20:00:00+05:30,21.9,48.0,26.8,1010.0,99.67001254932946,100
2024-01-29 21:00:00+05:30,20.6,43.0,26.4,1010.7,100.0,100
2024-01-29 22:00:00+05:30,21.4,42.0,26.0,1011.2,100.0,100
2024-01-29 23:00:00+05:30,22.4,44.0,25.8,1011.1,100.0,100
2024-01-30 00:00:00+05:30,22.9,42.0,25.6,1010.5,100.0,100
2024-01-30 01:00:00+05:30,24.1,39.0,25.4,1009.7,99.90685708736358,100
2024-01-30 02:00:00+05:30,24.7,37.0,25.3,1008.9,100.0,100
2024-01-30 03:00:00+05:30,25.4,39.0,25.3,1008.2,0.24673613683700557,100
2024-01-30 04:00:00+05:30,24.8,40.0,25.3,1008.1,100.0,100
2024-01-30 05:00:00+05:30,24.9,39.0,25.2,1008.4,97.56473270572927,100
2024-01-30 06:00:00+05:30,25.9,38.0,25.6,1009.2,0.1598286530114944,100
2024-01-30 07:00:00+05:30,25.2,37.0,26.1,1009.9,2.8594190263287085,100
2024-01-30 08:00:00+05:30,25.4,35.0,27.5,1010.5,0.0,100
2024-01-30 09:00:00+05:30,26.4,32.0,29.0,1010.8,0.12032963073809956,100
2024-01-30 10:00:00+05:30,25.2,34.0,30.5,1010.8,0.9833607335171164,100
2024-01-30 11:00:00+05:30,24.5,41.0,31.8,1010.3,99.5140652662817,100
2024-01-30 12:00:00+05:30,24.4,44.0,32.9,1009.0,99.62852954778114,100
2024-01-30 13:00:00+05:30,20.9,58.0,33.6,1007.7,99.54518079728183,100
2024-01-30 14:00:00+05:30,18.2,63.0,33.5,1006.7,96.96617945167962,100
2024-01-30 15:00:00+05:30,16.6,72.0,32.8,1006.1,95.72578668335254,100
2024-01-30 16:00:00+05:30,14.8,87.0,31.4,1006.2,95.67155270553782,100
2024-01-30 17:00:00+05:30,16.2,91.0,29.6,1006.6,97.10124936946805,100
2024-01-30 18:00:00+05:30,9.0,67.0,28.8,1007.8,29.893201867163388,100
2024-01-30 19:00:00+05:30,8.7,52.0,28.1,1008.8,26.017197119018157,100
2024-01-30 20:00:00+05:30,10.2,58.0,27.7,1009.8,51.294188265138324,100
2024-01-30 21:00:00+05:30,12.0,49.0,27.2,1010.6,100.0,100
2024-01-30 22:00:00+05:30,12.8,38.0,26.9,1010.8,99.72961943683853,100
2024-01-30 23:00:00+05:30,14.4,37.0,26.6,1010.7,100.0,100
2024-01-31 00:00:00+05:30,15.8,41.0,26.5,1010.2,98.64369185278358,100
2024-01-31 01:00:00+05:30,16.8,42.0,26.3,1009.6,99.87230283660614,100
2024-01-31 02:00:00+05:30,16.3,41.0,26.1,1008.8,98.62397443607635,100
2024-01-31 03:00:00+05:30,16.0,36.0,25.7,1008.7,98.16426677919789,100
2024-01-31 04:00:00+05:30,16.4,33.0,25.7,1008.9,98.72710250142663,100
2024-01-31 05:00:00+05:30,16.8,43.0,25.3,1009.3,95.47716486803297,100
2024-01-31 06:00:00+05:30,16.6,39.0,25.5,1010.0,100.0,100
2024-01-31 07:00:00+05:30,17.4,38.0,26.1,1010.9,97.020306859041,100
2024-01-31 08:00:00+05:30,17.7,39.0,27.5,1011.5,100.0,100
2024-01-31 09:00:00+05:30,18.6,43.0,29.0,1011.8,100.0,100
2024-01-31 10:00:00+05:30,18.4,50.0,30.6,1011.5,100.0,100
2024-01-31 11:00:00+05:30,18.4,55.0,31.9,1011.0,97.93705179485316,100
2024-01-31 12:00:00+05:30,14.5,71.0,32.8,1010.0,100.0,100
2024-01-31 13:00:00+05:30,15.8,111.0,31.7,1008.9,100.0,100
2024-01-31 14:00:00+05:30,15.3,120.0,29.9,1007.9,99.90956399052529,100
2024-01-31 15:00:00+05:30,10.8,105.0,29.1,1007.6,66.85467652665598,100
2024-01-31 16:00:00+05:30,8.0,100.0,28.7,1007.9,17.623386760251798,100
2024-01-31 17:00:00+05:30,7.1,60.0,28.2,1008.7,11.678601858394945,100
2024-01-31 18:00:00+05:30,2.9,97.0,27.8,1008.9,0.46237640037535693,100
2024-01-31 19:00:00+05:30,1.5,346.0,27.3,1009.9,0.7208466280823427,100
2024-01-31 20:00:00+05:30,2.6,326.0,27.3,1010.9,0.5369826464984097,100
2024-01-31 21:00:00+05:30,10.1,297.0,26.7,1011.4,49.79485029995447,100
2024-01-31 22:00:00+05:30,7.4,309.0,26.0,1011.6,12.521691128181839,100
2024-01-31 23:00:00+05:30,5.6,315.0,25.7,1011.2,2.686497749078213,100
2024-02-01 00:00:00+05:30,4.1,315.0,25.3,1010.6,0.0,100
2024-02-01 01:00:00+05:30,4.1,308.0,24.9,1009.9,0.0,100
2024-02-01 02:00:00+05:30,5.4,312.0,24.9,1009.3,2.086191302609291,100
2024-02-01 03:00:00+05:30,5.1,321.0,24.9,1008.9,1.3043445555739912,100
2024-02-01 04:00:00+05:30,4.3,336.0,24.3,1009.0,0.4945464704993525,100
2024-02-01 05:00:00+05:30,4.0,350.0,24.1,1009.3,1.83925991701922,100
2024-02-01 06:00:00+05:30,5.6,40.0,25.4,1010.0,0.46529300933083695,100
2024-02-01 07:00:00+05:30,11.5,70.0,26.0,1010.8,87.38930265057603,100
2024-02-01 08:00:00+05:30,12.0,46.0,27.6,1011.6,96.84070143148955,100
2024-02-01 09:00:00+05:30,12.5,44.0,29.6,1012.1,100.0,100
2024-02-01 10:00:00+05:30,10.7,50.0,31.0,1012.0,66.04619998612442,100
2024-02-01 11:00:00+05:30,10.6,66.0,31.4,1011.5,58.946255399948164,100
2024-02-01 12:00:00+05:30,8.9,104.0,31.4,1010.6,29.37544942276869,100
2024-02-01 13:00:00+05:30,12.6,160.0,30.1,1009.4,99.28740495906348,100
2024-02-01 14:00:00+05:30,8.1,159.0,27.6,1008.7,18.974358157421992,100
2024-02-01 15:00:00+05:30,2.6,164.0,28.5,1008.0,0.2550114236759088,100
2024-02-01 16:00:00+05:30,7.2,174.0,28.9,1007.9,10.719320486133505,100
2024-02-01 17:00:00+05:30,5.2,155.0,28.0,1008.3,1.9280669361722622,100
2024-02-01 18:00:00+05:30,6.8,122.0,27.9,1008.6,6.09007171430588,100
2024-02-01 19:00:00+05:30,4.7,90.0,27.3,1009.4,0.9198487456332423,100
2024-02-01 20:00:00+05:30,6.3,66.0,27.0,1010.0,2.771641761349618,100
2024-02-01 21:00:00+05:30,6.9,51.0,26.8,1010.5,8.284478794229894,100
2024-02-01 22:00:00+05:30,8.2,29.0,26.6,1010.9,18.75500040611254,100
2024-02-01 23:00:00+05:30,8.3,34.0,26.3,1010.8,20.988713054244496,100
2024-02-02 00:00:00+05:30,8.5,36.0,26.0,1010.3,24.976394016560143,100
2024-02-02 01:00:00+05:30,9.2,31.0,25.8,1009.9,33.249317300579996,100
2024-02-02 02:00:00+05:30,8.6,22.0,25.5,1009.4,24.920738215525194,100
2024-02-02 03:00:00+05:30,6.5,19.0,25.1,1009.3,5.225555649732889,100
2024-02-02 04:00:00+05:30,5.1,4.0,24.6,1009.0,1.160884945306645,100
2024-02-02 05:00:00+05:30,5.0,339.0,24.3,1009.3,2.161883809683388,100
2024-02-02 06:00:00+05:30,9.5,29.0,25.4,1009.8,36.19118146312685,100
2024-02-02 07:00:00+05:30,12.8,40.0,26.1,1010.5,100.0,100
2024-02-02 08:00:00+05:30,15.3,43.0,28.0,1011.3,100.0,100
2024-02-02 09:00:00+05:30,17.1,51.0,29.7,1011.8,100.0,100
2024-02-02 10:00:00+05:30,18.5,63.0,30.9,1011.5,100.0,100
2024-02-02 11:00:00+05:30,20.2,68.0,31.1,1010.7,99.6964971954528,100
2024-02-02 12:00:00+05:30,19.5,74.0,31.4,1009.7,100.0,100
2024-02-02 13:00:00+05:30,19.8,78.0,31.8,1008.5,100.0,100
2024-02-02 14:00:00+05:30,18.6,81.0,31.7,1007.4,100.0,100
2024-02-02 15:00:00+05:30,19.8,93.0,31.2,1006.6,100.0,100
2024-02-02 16:00:00+05:30,21.1,99.0,30.2,1006.4,94.66773663182173,100
2024-02-02 17:00:00+05:30,19.6,96.0,29.2,1006.7,100.0,100
2024-02-02 18:00:00+05:30,14.5,83.0,29.2,1007.6,100.0,100
2024-02-02 19:00:00+05:30,9.5,53.0,28.3,1008.5,36.921737130673066,100
2024-02-02 20:00:00+05:30,6.5,19.0,27.7,1009.4,7.393265466508534,100
2024-02-02 21:00:00+05:30,6.3,31.0,27.0,1010.0,5.205415854041617,100
2024-02-02 22:00:00+05:30,8.4,43.0,26.6,1010.4,19.447617497631082,100
2024-02-02 23:00:00+05:30,10.5,41.0,26.4,1010.2,59.24996302881387,100
2024-02-03 00:00:00+05:30,11.3,31.0,26.3,1009.7,78.34678463310878,100
2024-02-03 01:00:00+05:30,11.6,30.0,26.2,1009.2,86.8789390761623,100
2024-02-03 02:00:00+05:30,11.8,31.0,26.2,1008.5,89.49711553951666,100
2024-02-03 03:00:00+05:30,14.2,36.0,26.1,1008.3,98.25929237656212,100
2024-02-03 04:00:00+05:30,16.3,35.0,26.1,1008.5,99.10004987131568,100
2024-02-03 05:00:00+05:30,18.4,39.0,26.1,1009.0,100.0,100
2024-02-03 06:00:00+05:30,18.4,40.0,26.3,1009.9,100.0,100
2024-02-03 07:00:00+05:30,19.4,43.0,26.6,1010.5,98.79378444346135,100
2024-02-03 08:00:00+05:30,21.6,46.0,28.2,1011.2,98.83294991335362,100
2024-02-03 09:00:00+05:30,22.4,48.0,29.9,1011.2,100.0,100
2024-02-03 10:00:00+05:30,21.3,53.0,31.4,1010.9,100.0,100
2024-02-03 11:00:00+05:30,20.2,59.0,32.6,1010.2,100.0,100
2024-02-03 12:00:00+05:30,20.2,71.0,33.0,1009.2,98.05104500821226,100
2024-02-03 13:00:00+05:30,22.5,84.0,32.8,1008.1,99.57726355729201,100
2024-02-03 14:00:00+05:30,25.6,90.0,32.2,1007.1,0.0,100
2024-02-03 15:00:00+05:30,28.1,90.0,31.8,1006.5,1.0463856437922494,100
2024-02-03 16:00:00+05:30,27.1,95.0,30.7,1006.4,0.981693122366153,100
2024-02-03 17:00:00+05:30,25.6,92.0,29.1,1006.7,0.0,100
2024-02-03 18:00:00+05:30,23.0,76.0,28.5,1007.6,100.0,100
2024-02-03 19:00:00+05:30,20.1,57.0,28.1,1008.8,94.26152900662177,100
2024-02-03 20:00:00+05:30,17.8,45.0,27.8,1009.8,96.4066933369881,100
2024-02-03 21:00:00+05:30,18.6,41.0,27.5,1010.6,100.0,100
2024-02-03 22:00:00+05:30,19.1,36.0,27.2,1011.0,98.74845259500931,100
2024-02-03 23:00:00+05:30,19.5,38.0,27.0,1011.1,100.0,100
2024-02-04 00:00:00+05:30,21.9,41.0,26.8,1010.9,98.4832539479896,100
2024-02-04 01:00:00+05:30,22.2,40.0,26.4,1010.4,100.0,100
2024-02-04 02:00:00+05:30,21.4,41.0,26.0,1009.9,97.7518298675149,100
2024-02-04 03:00:00+05:30,22.5,41.0,25.7,1009.4,98.65308838742929,100
2024-02-04 04:00:00+05:30,24.0,40.0,25.6,1009.4,100.0,100
2024-02-04 05:00:00+05:30,23.4,43.0,25.3,1009.9,100.0,100
2024-02-04 06:00:00+05:30,24.7,42.0,25.6,1010.8,100.0,100
2024-02-04 07:00:00+05:30,25.2,42.0,25.9,1011.5,0.0,100
2024-02-04 08:00:00+05:30,26.8,41.0,27.5,1012.2,0.0,100
2024-02-04 09:00:00+05:30,27.8,43.0,29.1,1012.6,0.6147230452837129,100
2024-02-04 10:00:00+05:30,27.8,43.0,30.5,1012.6,0.0,100
2024-02-04 11:00:00+05:30,28.0,42.0,31.8,1012.2,0.5010981403417674,100
2024-02-04 12:00:00+05:30,27.8,42.0,32.7,1011.2,0.04438125808369108,100
2024-02-04 13:00:00+05:30,26.5,45.0,33.5,1010.1,0.0,100
2024-02-04 14:00:00+05:30,23.3,51.0,33.9,1008.9,97.8052261969037,100
2024-02-04 15:00:00+05:30,19.5,60.0,33.8,1008.1,95.31051974715638,100
2024-02-04 16:00:00+05:30,15.3,71.0,33.0,1007.8,100.0,100
2024-02-04 17:00:00+05:30,10.5,84.0,31.0,1008.2,60.22444735928275,100
2024-02-04 18:00:00+05:30,21.3,66.0,29.0,1009.2,100.0,100
2024-02-04 19:00:00+05:30,19.7,50.0,28.6,1010.1,98.57133026424,100
2024-02-04 20:00:00+05:30,19.1,46.0,28.0,1010.9,100.0,100
2024-02-04 21:00:00+05:30,19.9,44.0,27.5,1011.7,100.0,100
2024-02-04 22:00:00+05:30,19.6,41.0,27.2,1012.0,99.85083124881521,100
2024-02-04 23:00:00+05:30,19.7,38.0,26.9,1011.9,98.55776099205923,100
2024-02-05 00:00:00+05:30,20.1,36.0,26.6,1011.4,100.0,100
2024-02-05 01:00:00+05:30,21.4,36.0,26.5,1010.7,100.0,100
2024-02-05 02:00:00+05:30,22.1,34.0,26.2,1009.9,99.83450057818972,100
2024-02-05 03:00:00+05:30,21.7,36.0,26.0,1009.4,100.0,100
2024-02-05 04:00:00+05:30,20.8,37.0,25.6,1009.4,100.0,100
2024-02-05 05:00:00+05:30,19.9,35.0,25.3,1009.8,97.57869248014983,100
2024-02-05 06:00:00+05:30,21.7,36.0,25.6,1010.6,100.0,100
2024-02-05 07:00:00+05:30,22.8,35.0,25.9,1011.4,100.0,100
2024-02-05 08:00:00+05:30,24.0,36.0,27.5,1012.1,100.0,100
2024-02-05 09:00:00+05:30,26.1,39.0,29.0,1012.8,0.9864917417812946,100
2024-02-05 10:00:00+05:30,27.3,41.0,30.2,1012.8,0.0,100
2024-02-05 11:00:00+05:30,27.4,39.0,31.4,1012.4,0.0,100
2024-02-05 12:00:00+05:30,26.1,38.0,32.4,1011.3,0.0,100
2024-02-05 13:00:00+05:30,23.3,51.0,33.3,1010.2,99.18147901871541,100
2024-02-05 14:00:00+05:30,23.3,68.0,33.3,1009.1,100.0,100
2024-02-05 15:00:00+05:30,24.6,78.0,32.5,1008.4,99.90237498272512,100
2024-02-05 16:00:00+05:30,25.2,80.0,31.6,1008.1,1.8314507079926134,100
2024-02-05 17:00:00+05:30,25.2,80.0,30.3,1008.4,0.0,100
2024-02-05 18:00:00+05:30,23.5,67.0,28.5,1009.8,100.0,100
2024-02-05 19:00:00+05:30,20.8,56.0,27.7,1010.6,99.17545152143744,100
2024-02-05 20:00:00+05:30,20.2,50.0,27.1,1011.4,98.63932731997916,100
2024-02-05 21:00:00+05:30,20.4,45.0,26.7,1011.9,99.25140767449453,100
2024-02-05 22:00:00+05:30,21.4,45.0,26.4,1011.9,100.0,100
2024-02-05 23:00:00+05:30,23.2,46.0,26.1,1011.7,99.95545068946065,100
2024-02-06 00:00:00+05:30,23.9,46.0,25.8,1011.2,99.88320221732869,100
2024-02-06 01:00:00+05:30,25.0,46.0,25.6,1010.5,99.83847711243747,100
2024-02-06 02:00:00+05:30,25.7,46.0,25.4,1009.8,1.1096750741797026,100
2024-02-06 03:00:00+05:30,26.0,45.0,25.2,1009.3,1.1493536269807494,100
2024-02-06 04:00:00+05:30,25.7,44.0,25.1,1009.2,0.0,100
2024-02-06 05:00:00+05:30,26.0,43.0,24.8,1009.6,1.0073765881489627,100
2024-02-06 06:00:00+05:30,27.8,41.0,25.2,1010.2,0.0,100
2024-02-06 07:00:00+05:30,27.7,39.0,25.4,1010.6,0.6208408340075593,100
2024-02-06 08:00:00+05:30,28.1,40.0,26.7,1011.6,2.3103136974914515,100
2024-02-06 09:00:00+05:30,28.6,41.0,28.2,1012.5,0.0,100
2024-02-06 10:00:00+05:30,29.3,44.0,29.8,1012.4,0.29926663667431974,100
2024-02-06 11:00:00+05:30,28.0,46.0,31.2,1011.7,0.0,100
2024-02-06 12:00:00+05:30,27.1,50.0,32.2,1010.5,2.043982263747117,100
2024-02-06 13:00:00+05:30,27.2,58.0,32.6,1009.5,0.3287722639721009,100
2024-02-06 14:00:00+05:30,26.0,66.0,32.9,1008.3,0.0,100
2024-02-06 15:00:00+05:30,26.3,71.0,32.5,1007.3,0.18853028206894898,100
2024-02-06 16:00:00+05:30,26.5,69.0,31.6,1007.3,0.0,100
2024-02-06 17:00:00+05:30,26.0,66.0,30.1,1007.5,0.4862313167423034,100
2024-02-06 18:00:00+05:30,24.0,64.0,28.4,1008.2,100.0,100
2024-02-06 19:00:00+05:30,23.5,54.0,27.6,1008.9,100.0,100
2024-02-06 20:00:00+05:30,22.4,46.0,27.1,1009.9,100.0,100
2024-02-06 21:00:00+05:30,21.6,44.0,26.7,1010.7,97.81028678319268,100
2024-02-06 22:00:00+05:30,20.7,41.0,26.4,1011.2,97.3246584218571,100
2024-02-06 23:00:00+05:30,20.2,41.0,26.3,1011.2,100.0,100
2024-02-07 00:00:00+05:30,20.2,41.0,26.1,1010.8,100.0,100
2024-02-07 01:00:00+05:30,20.9,42.0,26.0,1010.3,100.0,100
2024-02-07 02:00:00+05:30,20.6,43.0,25.6,1009.6,100.0,100
2024-02-07 03:00:00+05:30,20.9,44.0,25.6,1009.2,100.0,100
2024-02-07 04:00:00+05:30,21.1,43.0,25.5,1009.2,98.42208280779721,100
2024-02-07 05:00:00+05:30,19.9,41.0,25.0,1009.6,98.19953682769743,100
2024-02-07 06:00:00+05:30,22.8,39.0,25.2,1010.2,100.0,100
2024-02-07 07:00:00+05:30,23.2,36.0,25.6,1011.2,100.0,100
2024-02-07 08:00:00+05:30,24.8,40.0,27.2,1012.1,99.24281041766277,100
2024-02-07 09:00:00+05:30,25.5,45.0,28.8,1012.6,0.0,100
2024-02-07 10:00:00+05:30,25.0,49.0,30.1,1012.5,99.33358067918319,100
2024-02-07 11:00:00+05:30,24.2,48.0,31.3,1011.9,100.0,100
2024-02-07 12:00:00+05:30,23.1,51.0,32.4,1010.9,99.28992318608837,100
2024-02-07 13:00:00+05:30,23.4,65.0,32.9,1009.8,100.0,100
2024-02-07 14:00:00+05:30,25.7,75.0,32.8,1008.5,0.3622425909977746,100
2024-02-07 15:00:00+05:30,28.2,86.0,31.7,1007.7,0.0,100
2024-02-07 16:00:00+05:30,29.6,87.0,30.3,1007.5,1.404151498260649,100
2024-02-07 17:00:00+05:30,28.5,81.0,29.1,1007.6,0.0,100
2024-02-07 18:00:00+05:30,26.2,69.0,28.1,1008.4,1.1000613844683171,100
2024-02-07 19:00:00+05:30,23.5,58.0,27.5,1009.2,98.11453972034462,100
2024-02-07 20:00:00+05:30,19.9,46.0,27.1,1010.3,99.79211534242347,100
2024-02-07 21:00:00+05:30,17.4,40.0,26.5,1010.9,100.0,100
2024-02-07 22:00:00+05:30,16.9,38.0,26.0,1011.2,100.0,100
2024-02-07 23:00:00+05:30,19.0,37.0,25.8,1011.1,100.0,100
2024-02-08 00:00:00+05:30,20.5,38.0,25.6,1010.0,99.96755111145114,100
2024-02-08 01:00:00+05:30,19.7,35.0,25.4,1009.2,100.0,100
2024-02-08 02:00:00+05:30,17.8,36.0,24.9,1008.9,100.0,100
2024-02-08 03:00:00+05:30,17.4,38.0,24.5,1008.4,95.98343687080526,100
2024-02-08 04:00:00+05:30,18.2,39.0,24.2,1008.2,96.56534986922165,100
2024-02-08 05:00:00+05:30,17.6,43.0,23.9,1008.6,94.34196187177534,100
2024-02-08 06:00:00+05:30,16.3,41.0,24.3,1009.5,98.84021598136252,100
2024-02-08 07:00:00+05:30,17.8,36.0,25.0,1009.9,98.13932386582279,100
2024-02-08 08:00:00+05:30,18.1,35.0,27.1,1010.9,100.0,100
2024-02-08 09:00:00+05:30,20.2,41.0,29.0,1011.1,99.36579888337836,100
2024-02-08 10:00:00+05:30,21.4,46.0,30.4,1011.1,100.0,100
2024-02-08 11:00:00+05:30,21.6,44.0,32.1,1010.8,100.0,100
2024-02-08 12:00:00+05:30,21.3,53.0,33.3,1010.1,97.66190275349531,100
2024-02-08 13:00:00+05:30,20.4,73.0,33.7,1008.9,97.07967134811273,100
2024-02-08 14:00:00+05:30,22.7,87.0,33.1,1007.4,100.0,100
2024-02-08 15:00:00+05:30,27.4,92.0,31.9,1006.3,1.6147317911807961,100
2024-02-08 16:00:00+05:30,26.8,96.0,30.2,1006.2,0.9069284332151247,100
2024-02-08 17:00:00+05:30,25.9,88.0,29.3,1006.3,0.0,100
2024-02-08 18:00:00+05:30,24.8,73.0,28.6,1007.6,96.34363036113768,100
2024-02-08 19:00:00+05:30,23.1,56.0,28.2,1008.4,97.19265154332795,100
2024-02-08 20:00:00+05:30,20.7,41.0,27.7,1009.4,100.0,100
2024-02-08 21:00:00+05:30,18.3,36.0,27.3,1010.2,100.0,100
2024-02-08 22:00:00+05:30,17.1,30.0,26.9,1010.6,100.0,100
2024-02-08 23:00:00+05:30,16.1,27.0,26.4,1010.8,98.22130264260169,100
2024-02-09 00:00:00+05:30,15.1,25.0,25.9,1010.5,99.15039128137657,100
2024-02-09 01:00:00+05:30,13.0,24.0,25.4,1009.9,100.0,100
2024-02-09 02:00:00+05:30,13.9,37.0,24.9,1009.1,97.15994424457885,100
2024-02-09 03:00:00+05:30,15.8,41.0,24.8,1008.5,98.0250223023039,100
2024-02-09 04:00:00+05:30,16.5,46.0,24.6,1008.4,100.0,100
2024-02-09 05:00:00+05:30,16.5,46.0,24.2,1008.7,100.0,100
2024-02-09 06:00:00+05:30,19.2,40.0,24.8,1009.5,100.0,100
2024-02-09 07:00:00+05:30,20.0,34.0,25.3,1010.3,100.0,100
2024-02-09 08:00:00+05:30,21.9,36.0,27.1,1010.9,99.72449463723497,100
2024-02-09 09:00:00+05:30,25.5,48.0,28.8,1011.4,0.8147932083701187,100
2024-02-09 10:00:00+05:30,26.1,55.0,30.1,1011.4,0.0,100
2024-02-09 11:00:00+05:30,23.9,59.0,31.5,1010.8,99.31195523434538,100
2024-02-09 12:00:00+05:30,24.0,66.0,32.2,1009.6,99.68091987797129,100
2024-02-09 13:00:00+05:30,25.3,70.0,32.7,1008.1,2.0322099833914637,100
2024-02-09 14:00:00+05:30,25.3,70.0,32.7,1007.2,0.0,100
2024-02-09 15:00:00+05:30,25.9,76.0,32.3,1006.6,0.3532623174860749,100
2024-02-09 16:00:00+05:30,26.4,73.0,31.5,1006.6,0.5455885914232447,100
2024-02-09 17:00:00+05:30,24.6,69.0,30.6,1007.2,96.94822713724346,100
2024-02-09 18:00:00+05:30,22.7,61.0,29.7,1008.1,100.0,100
2024-02-09 19:00:00+05:30,22.8,55.0,28.6,1009.1,99.94608127392378,100
2024-02-09 20:00:00+05:30,23.2,43.0,28.1,1010.1,100.0,100
2024-02-09 21:00:00+05:30,24.8,36.0,27.7,1010.9,100.0,100
2024-02-09 22:00:00+05:30,24.1,38.0,27.5,1011.2,98.11163969116923,100
2024-02-09 23:00:00+05:30,24.0,41.0,27.0,1011.4,100.0,100
2024-02-10 00:00:00+05:30,25.0,44.0,26.5,1011.4,97.23298843036946,100
2024-02-10 01:00:00+05:30,21.9,44.0,26.2,1011.1,100.0,100
2024-02-10 02:00:00+05:30,20.7,41.0,26.0,1010.6,100.0,100
2024-02-10 03:00:00+05:30,20.2,39.0,25.8,1010.0,100.0,100
2024-02-10 04:00:00+05:30,19.9,35.0,25.6,1009.7,100.0,100
2024-02-10 05:00:00+05:30,21.1,37.0,25.3,1009.6,100.0,100
2024-02-10 06:00:00+05:30,22.1,37.0,25.3,1010.9,99.36124485637151,100
2024-02-10 07:00:00+05:30,23.1,39.0,25.9,1011.6,99.08371105809044,100
2024-02-10 08:00:00+05:30,25.5,42.0,27.2,1012.2,1.713111696651064,100
2024-02-10 09:00:00+05:30,29.0,45.0,28.4,1012.5,0.0,100
2024-02-10 10:00:00+05:30,30.8,53.0,30.4,1011.8,0.0,100
2024-02-10 11:00:00+05:30,30.9,58.0,31.9,1011.3,0.5228234097334179,100
2024-02-10 12:00:00+05:30,29.0,65.0,32.8,1010.1,0.0,100
2024-02-10 13:00:00+05:30,29.7,69.0,32.9,1009.0,0.0,100
2024-02-10 14:00:00+05:30,30.2,73.0,32.5,1008.1,0.3378816641335179,100
2024-02-10 15:00:00+05:30,28.5,72.0,32.3,1007.5,0.0,100
2024-02-10 16:00:00+05:30,28.7,70.0,31.6,1007.4,0.24777410336611833,100
2024-02-10 17:00:00+05:30,28.7,68.0,30.5,1007.9,0.0,100
2024-02-10 18:00:00+05:30,26.5,59.0,29.2,1008.6,0.0,100
2024-02-10 19:00:00+05:30,27.3,49.0,28.4,1009.4,0.0,100
2024-02-10 20:00:00+05:30,27.3,42.0,27.9,1010.5,0.0,100
2024-02-10 21:00:00+05:30,26.4,39.0,27.5,1011.1,0.33608426745535813,100
2024-02-10 22:00:00+05:30,26.0,41.0,27.2,1011.1,0.0,100
2024-02-10 23:00:00+05:30,27.0,45.0,26.7,1011.4,0.046264025171962084,100
2024-02-11 00:00:00+05:30,26.5,46.0,26.3,1011.2,0.4561546628109962,100
2024-02-11 01:00:00+05:30,24.7,43.0,26.1,1010.7,100.0,100
2024-02-11 02:00:00+05:30,24.2,41.0,25.7,1010.0,99.29952700852895,100
2024-02-11 03:00:00+05:30,24.2,42.0,25.3,1009.6,97.43068364704416,100
2024-02-11 04:00:00+05:30,24.5,43.0,25.0,1009.5,97.52425810682524,100
2024-02-11 05:00:00+05:30,24.5,41.0,25.1,1009.7,98.30732299285617,100
2024-02-11 06:00:00+05:30,26.0,42.0,25.6,1010.4,2.61647212016863,100
2024-02-11 07:00:00+05:30,27.8,43.0,26.3,1011.3,0.0,100
2024-02-11 08:00:00+05:30,32.3,44.0,27.6,1012.2,1.2150551997364374,100
2024-02-11 09:00:00+05:30,33.1,45.0,28.8,1012.7,1.6281685300684867,100
2024-02-11 10:00:00+05:30,33.2,49.0,30.4,1012.5,0.0,100
2024-02-11 11:00:00+05:30,32.0,52.0,31.7,1011.9,0.0,100
2024-02-11 12:00:00+05:30,30.5,57.0,32.7,1010.7,1.0903309483406558,100
2024-02-11 13:00:00+05:30,29.3,64.0,33.1,1009.7,0.0,100
2024-02-11 14:00:00+05:30,30.4,66.0,32.9,1008.5,0.0,100
2024-02-11 15:00:00+05:30,29.5,65.0,32.4,1007.8,1.6776796562211567,100
2024-02-11 16:00:00+05:30,30.0,66.0,31.3,1007.6,0.0,100
2024-02-11 17:00:00+05:30,31.1,62.0,30.2,1007.8,0.0,100
2024-02-11 18:00:00+05:30,27.0,59.0,29.0,1008.6,0.2123567097003939,100
2024-02-11 19:00:00+05:30,28.3,53.0,28.1,1009.3,0.1920585068247271,100
2024-02-11 20:00:00+05:30,29.7,52.0,27.6,1010.3,0.0,100
2024-02-11 21:00:00+05:30,29.7,51.0,27.4,1011.0,0.0,100
2024-02-11 22:00:00+05:30,28.6,49.0,27.0,1011.4,0.9953395788134708,100
2024-02-11 23:00:00+05:30,28.5,47.0,26.5,1011.3,0.024542785575178923,100
2024-02-12 00:00:00+05:30,27.8,47.0,26.1,1010.9,0.0,100
2024-02-12 01:00:00+05:30,27.0,46.0,25.8,1010.2,0.0,100
2024-02-12 02:00:00+05:30,26.5,45.0,25.5,1009.4,0.0,100
2024-02-12 03:00:00+05:30,26.5,44.0,25.3,1008.9,2.3609460405787757,100
2024-02-12 04:00:00+05:30,27.5,44.0,25.3,1008.5,0.8896309927058846,100
2024-02-12 05:00:00+05:30,27.2,43.0,25.2,1008.6,0.0,100
2024-02-12 06:00:00+05:30,28.3,37.0,25.8,1009.5,0.29160264291707205,100
2024-02-12 07:00:00+05:30,30.2,38.0,26.3,1010.4,0.3581686596338772,100
2024-02-12 08:00:00+05:30,33.8,39.0,27.4,1011.4,0.0,100
2024-02-12 09:00:00+05:30,36.2,38.0,28.4,1011.9,0.6078012774576376,100
2024-02-12 10:00:00+05:30,34.2,42.0,30.0,1011.4,0.06335447426297362,100
2024-02-12 11:00:00+05:30,32.3,45.0,31.3,1010.8,0.0,100
2024-02-12 12:00:00+05:30,29.5,45.0,32.4,1009.8,0.4106039425012044,100
2024-02-12 13:00:00+05:30,26.9,52.0,33.2,1008.5,0.5801828050926096,100
2024-02-12 14:00:00+05:30,26.4,66.0,33.7,1007.5,0.6742591578683019,100
2024-02-12 15:00:00+05:30,30.9,75.0,32.6,1007.1,1.8168512981686278,100
2024-02-12 16:00:00+05:30,30.4,76.0,31.3,1007.2,0.0,100
2024-02-12 17:00:00+05:30,27.9,70.0,30.7,1007.4,0.0,100
2024-02-12 18:00:00+05:30,25.0,60.0,29.7,1008.7,100.0,100
2024-02-12 19:00:00+05:30,22.9,53.0,28.8,1009.5,100.0,100
2024-02-12 20:00:00+05:30,24.3,50.0,28.4,1010.1,100.0,100
2024-02-12 21:00:00+05:30,26.0,48.0,27.9,1010.8,0.0,100
2024-02-12 22:00:00+05:30,24.4,44.0,27.4,1011.3,99.67058541347973,100
2024-02-12 23:00:00+05:30,23.4,44.0,27.1,1011.3,99.12100155551079,100
2024-02-13 00:00:00+05:30,23.7,44.0,26.6,1010.7,100.0,100
2024-02-13 01:00:00+05:30,24.2,41.0,26.1,1009.9,98.17383075930053,100
2024-02-13 02:00:00+05:30,23.8,38.0,25.7,1009.1,99.68568395409008,100
2024-02-13 03:00:00+05:30,23.4,43.0,25.5,1008.6,100.0,100
2024-02-13 04:00:00+05:30,23.8,39.0,25.4,1008.3,99.92613362347191,100
2024-02-13 05:00:00+05:30,23.2,36.0,25.4,1008.6,100.0,100
2024-02-13 06:00:00+05:30,21.2,32.0,26.0,1009.4,97.69900719047192,100
2024-02-13 07:00:00+05:30,21.3,39.0,26.5,1009.8,100.0,100
2024-02-13 08:00:00+05:30,25.4,38.0,27.9,1010.6,0.0,100
2024-02-13 09:00:00+05:30,28.9,36.0,29.6,1011.0,0.0,100
2024-02-13 10:00:00+05:30,30.0,39.0,31.1,1010.8,0.19534981329828172,100
2024-02-13 11:00:00+05:30,29.0,44.0,31.9,1010.1,0.48381571394275513,100
2024-02-13 12:00:00+05:30,25.5,50.0,32.8,1009.2,0.0,100
2024-02-13 13:00:00+05:30,24.0,62.0,34.0,1007.9,100.0,100
2024-02-13 14:00:00+05:30,26.5,69.0,34.1,1007.0,0.0,100
2024-02-13 15:00:00+05:30,26.3,67.0,33.7,1006.4,0.09555248513958656,100
2024-02-13 16:00:00+05:30,27.9,66.0,32.8,1006.4,0.026161747554663512,100
2024-02-13 17:00:00+05:30,28.8,70.0,31.0,1007.1,0.0,100
2024-02-13 18:00:00+05:30,24.0,66.0,29.8,1007.9,100.0,100
2024-02-13 19:00:00+05:30,22.8,52.0,28.8,1008.7,100.0,100
2024-02-13 20:00:00+05:30,22.9,44.0,28.2,1009.5,100.0,100
2024-02-13 21:00:00+05:30,22.9,45.0,27.9,1009.9,100.0,100
2024-02-13 22:00:00+05:30,23.2,42.0,27.7,1010.0,100.0,100
2024-02-13 23:00:00+05:30,24.8,40.0,27.6,1009.9,97.2960973528135,100
2024-02-14 00:00:00+05:30,26.6,41.0,27.3,1009.5,1.214574128053294,100
2024-02-14 01:00:00+05:30,23.7,42.0,26.8,1008.9,100.0,100
2024-02-14 02:00:00+05:30,22.2,40.0,26.4,1008.5,99.21047051674488,100
2024-02-14 03:00:00+05:30,23.8,39.0,26.1,1008.3,100.0,100
2024-02-14 04:00:00+05:30,24.1,38.0,25.8,1008.1,99.27887575452448,100
2024-02-14 05:00:00+05:30,23.0,35.0,25.5,1008.6,98.69310271133558,100
2024-02-14 06:00:00+05:30,24.6,38.0,26.4,1008.9,97.00574841880767,100
2024-02-14 07:00:00+05:30,25.1,39.0,27.0,1009.6,0.0,100
2024-02-14 08:00:00+05:30,29.1,40.0,28.2,1010.3,0.0,100
2024-02-14 09:00:00+05:30,29.4,36.0,29.7,1010.4,0.8692907631034297,100
2024-02-14 10:00:00+05:30,29.2,38.0,31.2,1010.2,1.4313511436113737,100
2024-02-14 11:00:00+05:30,29.6,50.0,32.3,1009.5,0.0,100
2024-02-14 12:00:00+05:30,28.2,55.0,33.3,1008.2,0.0,100
2024-02-14 13:00:00+05:30,27.4,63.0,33.8,1006.8,0.3843130793419531,100
2024-02-14 14:00:00+05:30,28.7,68.0,33.8,1006.0,1.0367107034968592,100
2024-02-14 15:00:00+05:30,29.0,70.0,33.4,1005.6,0.0,100
2024-02-14 16:00:00+05:30,29.0,67.0,32.6,1005.4,0.47618757080396923,100
2024-02-14 17:00:00+05:30,27.7,64.0,31.7,1005.7,1.0303592261838643,100
2024-02-14 18:00:00+05:30,24.5,62.0,30.0,1006.8,100.0,100
2024-02-14 19:00:00+05:30,23.2,57.0,28.6,1008.0,97.29117301968078,100
2024-02-14 20:00:00+05:30,22.5,49.0,27.9,1009.0,98.42790504746141,100
2024-02-14 21:00:00+05:30,21.7,47.0,27.5,1009.7,100.0,100
2024-02-14 22:00:00+05:30,21.2,42.0,27.0,1010.0,98.15378087475031,100
2024-02-14 23:00:00+05:30,20.7,39.0,26.6,1009.9,98.37307819944037,100
2024-02-15 00:00:00+05:30,21.7,40.0,26.4,1009.5,99.78854251535182,100
2024-02-15 01:00:00+05:30,22.2,42.0,26.2,1008.6,100.0,100
2024-02-15 02:00:00+05:30,24.2,46.0,26.0,1008.2,100.0,100
2024-02-15 03:00:00+05:30,24.2,43.0,25.7,1007.6,98.58392063313138,100
2024-02-15 04:00:00+05:30,25.0,40.0,25.5,1007.4,95.77995306680774,100
2024-02-15 05:00:00+05:30,26.8,40.0,25.4,1007.6,0.0,100
2024-02-15 06:00:00+05:30,25.5,40.0,25.7,1008.7,0.0,100
2024-02-15 07:00:00+05:30,26.7,37.0,26.3,1009.3,1.1564164251621174,100
2024-02-15 08:00:00+05:30,29.3,37.0,27.7,1009.6,0.8177423643182002,100
2024-02-15 09:00:00+05:30,29.8,37.0,29.4,1009.9,0.0,100
2024-02-15 10:00:00+05:30,29.7,38.0,31.0,1009.9,0.0,100
2024-02-15 11:00:00+05:30,29.3,42.0,32.5,1009.2,0.0,100
2024-02-15 12:00:00+05:30,26.6,50.0,33.4,1008.2,0.0,100
2024-02-15 13:00:00+05:30,26.7,63.0,33.4,1007.3,0.7664117907829924,100
2024-02-15 14:00:00+05:30,26.7,69.0,32.8,1006.5,0.0,100
2024-02-15 15:00:00+05:30,27.4,71.0,32.9,1005.8,0.5048442309569554,100
2024-02-15 16:00:00+05:30,28.1,71.0,32.0,1005.9,0.0,100
2024-02-15 17:00:00+05:30,27.5,64.0,30.7,1006.4,0.0,100
2024-02-15 18:00:00+05:30,24.2,48.0,29.8,1007.0,97.426099851952,100
2024-02-15 19:00:00+05:30,23.8,55.0,29.0,1007.7,100.0,100
2024-02-15 20:00:00+05:30,25.1,51.0,28.3,1008.7,0.05425381753210703,100
2024-02-15 21:00:00+05:30,24.2,47.0,27.9,1009.3,99.57128228390872,100
2024-02-15 22:00:00+05:30,24.7,48.0,27.6,1009.4,96.95320878922557,100
2024-02-15 23:00:00+05:30,26.0,48.0,27.1,1009.4,0.9314314755776735,100
2024-02-16 00:00:00+05:30,26.7,46.0,26.7,1009.0,0.582968611200555,100
2024-02-16 01:00:00+05:30,27.2,44.0,26.4,1008.4,0.0,100
2024-02-16 02:00:00+05:30,27.5,43.0,26.1,1007.8,0.0,100
2024-02-16 03:00:00+05:30,28.1,41.0,26.0,1007.6,0.0,100
2024-02-16 04:00:00+05:30,28.3,40.0,25.9,1007.5,1.053645661454271,100
2024-02-16 05:00:00+05:30,29.6,40.0,25.9,1008.0,0.0,100
2024-02-16 06:00:00+05:30,29.7,39.0,25.7,1008.7,0.25385224112678106,100
2024-02-16 07:00:00+05:30,30.1,40.0,25.9,1009.5,0.0,100
2024-02-16 08:00:00+05:30,32.8,38.0,27.2,1010.1,0.26658587006365814,100
2024-02-16 09:00:00+05:30,34.8,39.0,28.9,1010.1,0.0,100
2024-02-16 10:00:00+05:30,33.6,38.0,30.7,1010.0,0.0,100
2024-02-16 11:00:00+05:30,31.9,42.0,32.5,1009.6,1.2240495594069203,100
2024-02-16 12:00:00+05:30,28.5,47.0,33.7,1008.5,1.5444803459984922,100
2024-02-16 13:00:00+05:30,27.3,59.0,34.3,1007.3,1.7055951116754993,100
2024-02-16 14:00:00+05:30,28.4,70.0,34.4,1006.5,0.8783028192268364,100
2024-02-16 15:00:00+05:30,30.0,76.0,33.6,1006.0,0.0,100
2024-02-16 16:00:00+05:30,31.1,74.0,32.6,1006.2,0.4552516182557052,100
2024-02-16 17:00:00+05:30,29.7,69.0,31.2,1006.6,0.0,100
2024-02-16 18:00:00+05:30,26.8,66.0,29.7,1007.3,1.2476469973635802,100
2024-02-16 19:00:00+05:30,24.3,55.0,28.8,1008.2,97.39377330709482,100
2024-02-16 20:00:00+05:30,23.2,47.0,28.2,1008.9,98.57850599756513,100
2024-02-16 21:00:00+05:30,24.2,47.0,27.8,1009.4,100.0,100
2024-02-16 22:00:00+05:30,24.4,45.0,27.5,1009.7,100.0,100
2024-02-16 23:00:00+05:30,25.2,43.0,27.2,1009.5,0.02890237539045433,100
2024-02-17 00:00:00+05:30,25.7,44.0,27.0,1009.0,0.5510169035954215,100
2024-02-17 01:00:00+05:30,26.0,43.0,26.8,1008.0,0.3171802347982544,100
2024-02-17 02:00:00+05:30,27.1,41.0,26.6,1007.4,0.0,100
2024-02-17 03:00:00+05:30,26.0,41.0,26.6,1006.9,0.0,100
2024-02-17 04:00:00+05:30,24.7,43.0,26.6,1006.7,99.4853887581383,100
2024-02-17 05:00:00+05:30,25.7,43.0,26.4,1006.9,0.0,100
2024-02-17 06:00:00+05:30,27.2,46.0,26.8,1007.6,0.5194075789052142,100
2024-02-17 07:00:00+05:30,28.3,41.0,27.1,1008.4,0.0008084629215226756,100
2024-02-17 08:00:00+05:30,29.7,39.0,28.5,1009.2,0.20353836406795148,100
2024-02-17 09:00:00+05:30,29.7,39.0,30.0,1009.6,0.0,100
2024-02-17 10:00:00+05:30,28.1,40.0,31.4,1009.6,0.0,100
2024-02-17 11:00:00+05:30,27.5,44.0,32.9,1009.0,0.3710778992797324,100
2024-02-17 12:00:00+05:30,24.5,57.0,33.8,1007.7,97.62796640764256,100
2024-02-17 13:00:00+05:30,25.6,73.0,33.3,1006.9,0.7273817770731574,100
2024-02-17 14:00:00+05:30,25.7,75.0,33.0,1006.0,0.2646847026025655,100
2024-02-17 15:00:00+05:30,24.7,74.0,32.8,1005.5,98.98741384606731,100
2024-02-17 16:00:00+05:30,24.0,71.0,32.0,1005.8,100.0,100
2024-02-17 17:00:00+05:30,23.7,64.0,31.1,1006.2,100.0,100
2024-02-17 18:00:00+05:30,19.2,56.0,30.5,1006.7,99.13677860017145,100
2024-02-17 19:00:00+05:30,19.1,49.0,29.8,1007.6,100.0,100
2024-02-17 20:00:00+05:30,18.6,44.0,29.0,1008.4,99.95654833486738,100
2024-02-17 21:00:00+05:30,18.1,47.0,28.5,1009.2,100.0,100
2024-02-17 22:00:00+05:30,20.2,41.0,28.3,1009.3,97.49901987779603,100
2024-02-17 23:00:00+05:30,20.9,42.0,28.0,1009.0,100.0,100
2024-02-18 00:00:00+05:30,21.1,44.0,27.8,1008.7,100.0,100
2024-02-18 01:00:00+05:30,21.1,43.0,27.3,1007.9,99.23936363468506,100
2024-02-18 02:00:00+05:30,22.4,42.0,26.8,1007.2,99.84449222197446,100
2024-02-18 03:00:00+05:30,22.2,42.0,26.5,1006.7,99.41633202148226,100
2024-02-18 04:00:00+05:30,21.3,39.0,26.2,1006.7,97.948904957044,100
2024-02-18 05:00:00+05:30,19.4,35.0,25.9,1007.2,100.0,100
2024-02-18 06:00:00+05:30,21.9,41.0,26.5,1008.0,98.865055862878,100
2024-02-18 07:00:00+05:30,24.0,41.0,27.1,1008.6,100.0,100
2024-02-18 08:00:00+05:30,24.7,43.0,28.4,1009.2,100.0,100
2024-02-18 09:00:00+05:30,25.7,43.0,30.1,1009.5,0.36797212151297143,100
2024-02-18 10:00:00+05:30,25.5,44.0,31.7,1009.2,2.0711800838392893,100
2024-02-18 11:00:00+05:30,24.0,49.0,33.0,1008.5,97.80745973984509,100
2024-02-18 12:00:00+05:30,22.7,65.0,33.8,1007.1,100.0,100
2024-02-18 13:00:00+05:30,25.4,83.0,33.6,1006.0,0.0,100
2024-02-18 14:00:00+05:30,28.8,90.0,32.7,1005.1,0.0,100
2024-02-18 15:00:00+05:30,30.2,91.0,32.1,1004.5,0.0,100
2024-02-18 16:00:00+05:30,29.9,93.0,30.9,1004.6,1.050482555347626,100
2024-02-18 17:00:00+05:30,27.8,85.0,29.9,1005.1,0.0,100
2024-02-18 18:00:00+05:30,24.8,62.0,29.6,1005.7,99.90852497633865,100
2024-02-18 19:00:00+05:30,21.3,51.0,28.9,1006.6,99.88317847682184,100
2024-02-18 20:00:00+05:30,19.6,49.0,28.0,1007.5,98.4954096065681,100
2024-02-18 21:00:00+05:30,20.9,42.0,27.4,1008.2,97.47785060055855,100
2024-02-18 22:00:00+05:30,22.6,37.0,27.0,1008.4,100.0,100
2024-02-18 23:00:00+05:30,22.8,38.0,26.8,1008.4,100.0,100
2024-02-19 00:00:00+05:30,23.2,42.0,26.6,1007.9,99.35054620459148,100
2024-02-19 01:00:00+05:30,25.0,44.0,26.3,1007.4,98.06363573507906,100
2024-02-19 02:00:00+05:30,25.7,44.0,26.1,1006.5,1.032383932208332,100
2024-02-19 03:00:00+05:30,26.0,45.0,26.1,1006.2,0.0,100
2024-02-19 04:00:00+05:30,26.2,46.0,26.1,1006.3,0.1724694823327971,100
2024-02-19 05:00:00+05:30,26.5,43.0,25.7,1007.0,1.0466873147104827,100
2024-02-19 06:00:00+05:30,22.7,42.0,26.3,1008.2,96.30730698220108,100
2024-02-19 07:00:00+05:30,26.0,41.0,27.0,1009.1,1.1538687076135385,100
2024-02-19 08:00:00+05:30,27.3,42.0,28.4,1009.6,0.0,100
2024-02-19 09:00:00+05:30,29.3,46.0,30.0,1009.8,0.0,100
2024-02-19 10:00:00+05:30,29.1,48.0,31.7,1009.8,0.0,100
2024-02-19 11:00:00+05:30,26.9,55.0,33.0,1009.0,0.0,100
2024-02-19 12:00:00+05:30,25.5,68.0,33.6,1007.9,0.4209442476301267,100
2024-02-19 13:00:00+05:30,27.1,79.0,33.6,1006.8,0.2801417316998845,100
2024-02-19 14:00:00+05:30,28.5,87.0,32.8,1005.6,0.5570645072006087,100
2024-02-19 15:00:00+05:30,29.2,89.0,31.9,1005.1,1.0031223582657125,100
2024-02-19 16:00:00+05:30,28.4,89.0,30.8,1005.5,0.0,100
2024-02-19 17:00:00+05:30,26.0,80.0,30.6,1005.8,0.0,100
2024-02-19 18:00:00+05:30,23.4,65.0,30.3,1006.4,100.0,100
2024-02-19 19:00:00+05:30,21.6,57.0,29.4,1007.0,97.48055913151362,100
2024-02-19 20:00:00+05:30,19.3,45.0,28.7,1007.9,99.67402591783595,100
2024-02-19 21:00:00+05:30,19.0,37.0,28.3,1008.7,95.9664066583032,100
2024-02-19 22:00:00+05:30,18.5,37.0,28.1,1008.9,98.26974329840088,100
2024-02-19 23:00:00+05:30,18.7,38.0,27.8,1008.9,98.28674139242227,100
2024-02-20 00:00:00+05:30,21.2,40.0,27.4,1008.6,100.0,100
2024-02-20 01:00:00+05:30,24.0,40.0,27.1,1007.9,97.709222105809,100
2024-02-20 02:00:00+05:30,22.7,42.0,26.6,1007.5,100.0,100
2024-02-20 03:00:00+05:30,21.9,42.0,26.3,1006.8,98.54493459989072,100
2024-02-20 04:00:00+05:30,22.4,44.0,26.0,1006.7,98.08927873547846,100
2024-02-20 05:00:00+05:30,23.5,41.0,25.7,1007.1,96.19712958380686,100
2024-02-20 06:00:00+05:30,24.1,39.0,25.9,1007.9,98.70863950339,100
2024-02-20 07:00:00+05:30,24.5,40.0,26.5,1008.7,99.65187558676112,100
2024-02-20 08:00:00+05:30,27.3,42.0,28.1,1009.2,0.0,100
2024-02-20 09:00:00+05:30,29.0,46.0,29.9,1009.7,0.8756419726001784,100
2024-02-20 10:00:00+05:30,27.5,48.0,31.5,1009.9,0.0,100
2024-02-20 11:00:00+05:30,25.1,51.0,32.9,1009.0,1.4606008813616438,100
2024-02-20 12:00:00+05:30,23.1,69.0,33.8,1008.0,97.10634647495736,100
2024-02-20 13:00:00+05:30,27.0,89.0,33.2,1007.2,0.0,100
2024-02-20 14:00:00+05:30,30.8,101.0,31.6,1006.2,0.0,100
2024-02-20 15:00:00+05:30,32.7,101.0,30.2,1005.6,0.33347899456151675,100
2024-02-20 16:00:00+05:30,28.7,98.0,29.6,1005.6,0.0,100
2024-02-20 17:00:00+05:30,24.6,95.0,29.1,1005.6,99.76352267853125,100
2024-02-20 18:00:00+05:30,20.0,82.0,28.6,1006.5,99.17407269419401,100
2024-02-20 19:00:00+05:30,16.4,57.0,28.4,1007.2,96.31998840432,100
2024-02-20 20:00:00+05:30,13.6,37.0,28.2,1008.0,100.0,100
2024-02-20 21:00:00+05:30,13.4,24.0,28.1,1008.4,100.0,100
2024-02-20 22:00:00+05:30,9.9,19.0,27.9,1009.1,44.20860168873267,100
2024-02-20 23:00:00+05:30,9.5,29.0,27.3,1009.4,38.03090059681558,100
2024-02-21 00:00:00+05:30,10.2,42.0,27.1,1009.2,51.35198267462598,100
2024-02-21 01:00:00+05:30,12.7,43.0,27.0,1008.4,100.0,100
2024-02-21 02:00:00+05:30,18.8,36.0,27.2,1007.4,99.08688180746574,100
2024-02-21 03:00:00+05:30,18.1,41.0,27.0,1006.8,100.0,100
2024-02-21 04:00:00+05:30,18.6,47.0,26.6,1006.8,98.5117313014997,100
2024-02-21 05:00:00+05:30,19.9,45.0,26.2,1007.2,99.80002626678069,100
2024-02-21 06:00:00+05:30,16.8,35.0,25.7,1007.8,100.0,100
2024-02-21 07:00:00+05:30,17.1,49.0,26.5,1008.4,98.54553408036178,100
2024-02-21 08:00:00+05:30,21.4,48.0,28.4,1009.3,100.0,100
2024-02-21 09:00:00+05:30,19.6,44.0,30.5,1009.5,99.01526520827306,100
2024-02-21 10:00:00+05:30,18.5,53.0,32.4,1009.5,100.0,100
2024-02-21 11:00:00+05:30,18.6,68.0,33.7,1008.7,100.0,100
2024-02-21 12:00:00+05:30,21.2,90.0,33.9,1007.3,97.30153624109896,100
2024-02-21 13:00:00+05:30,22.3,108.0,32.4,1006.4,99.88813461435907,100
2024-02-21 14:00:00+05:30,22.4,120.0,31.2,1005.7,100.0,100
2024-02-21 15:00:00+05:30,20.6,119.0,30.2,1005.2,100.0,100
2024-02-21 16:00:00+05:30,14.7,126.0,29.7,1005.4,100.0,100
2024-02-21 17:00:00+05:30,8.9,148.0,28.7,1006.0,28.890010360594992,100
2024-02-21 18:00:00+05:30,3.8,197.0,27.9,1006.4,0.9671731069115721,100
2024-02-21 19:00:00+05:30,1.0,225.0,27.6,1007.1,0.0,100
2024-02-21 20:00:00+05:30,1.9,202.0,27.5,1008.1,1.0196295801399748,100
2024-02-21 21:00:00+05:30,3.2,243.0,26.5,1009.0,1.3546667610067067,100
2024-02-21 22:00:00+05:30,4.8,257.0,25.7,1009.3,0.0,100
2024-02-21 23:00:00+05:30,9.7,270.0,26.3,1009.0,42.35967217671496,100
2024-02-22 00:00:00+05:30,11.6,275.0,26.3,1008.5,88.13514766482531,100
2024-02-22 01:00:00+05:30,12.8,281.0,26.0,1007.9,98.52575661783241,100
2024-02-22 02:00:00+05:30,12.4,280.0,25.8,1007.4,100.0,100
2024-02-22 03:00:00+05:30,12.3,277.0,25.7,1007.1,100.0,100
2024-02-22 04:00:00+05:30,11.2,274.0,25.5,1007.2,73.96667100477107,100
2024-02-22 05:00:00+05:30,10.8,274.0,25.2,1007.5,68.29378487560682,100
2024-02-22 06:00:00+05:30,5.5,259.0,25.6,1008.4,1.3826538219986515,100
2024-02-22 07:00:00+05:30,6.8,267.0,26.6,1009.4,7.89892460560782,100
2024-02-22 08:00:00+05:30,7.3,259.0,28.8,1010.3,9.177687037080783,100
2024-02-22 09:00:00+05:30,11.2,237.0,30.6,1010.7,75.54367256592916,100
2024-02-22 10:00:00+05:30,14.3,225.0,31.2,1010.5,100.0,100
2024-02-22 11:00:00+05:30,16.0,226.0,31.4,1009.8,100.0,100
2024-02-22 12:00:00+05:30,15.9,219.0,32.0,1008.6,95.77941137312074,100
2024-02-22 13:00:00+05:30,19.8,209.0,31.7,1007.5,94.810898709062,100
2024-02-22 14:00:00+05:30,17.9,210.0,30.7,1006.9,100.0,100
2024-02-22 15:00:00+05:30,16.6,214.0,30.1,1006.3,99.96786794474173,100
2024-02-22 16:00:00+05:30,16.7,213.0,29.7,1006.3,100.0,100
2024-02-22 17:00:00+05:30,15.8,221.0,29.1,1006.7,100.0,100
2024-02-22 18:00:00+05:30,12.8,212.0,28.5,1007.2,100.0,100
2024-02-22 19:00:00+05:30,9.7,222.0,28.1,1008.0,38.950326950335494,100
2024-02-22 20:00:00+05:30,8.7,232.0,27.8,1008.8,27.080706192817555,100
2024-02-22 21:00:00+05:30,9.5,233.0,27.5,1009.4,38.78649068102811,100
2024-02-22 22:00:00+05:30,9.5,233.0,27.2,1009.8,38.60596147294991,100
2024-02-22 23:00:00+05:30,8.7,240.0,27.0,1009.7,23.4936294240828,100
2024-02-23 00:00:00+05:30,8.7,246.0,26.8,1009.2,24.512291267726408,100
2024-02-23 01:00:00+05:30,7.9,246.0,26.4,1008.2,15.842533712765558,100
2024-02-23 02:00:00+05:30,7.8,257.0,26.2,1007.7,15.632331926983648,100
2024-02-23 03:00:00+05:30,7.3,259.0,25.7,1007.3,11.773429860254893,100
2024-02-23 04:00:00+05:30,7.2,267.0,25.3,1007.2,10.492070957538257,100
2024-02-23 05:00:00+05:30,6.6,279.0,25.0,1007.4,8.667497072857367,100
2024-02-23 06:00:00+05:30,5.1,274.0,25.1,1007.9,1.3964962183309613,100
2024-02-23 07:00:00+05:30,3.0,284.0,26.6,1008.4,0.0,100
2024-02-23 08:00:00+05:30,1.8,233.0,28.6,1009.3,0.060278973767577036,100
2024-02-23 09:00:00+05:30,4.3,180.0,29.9,1009.8,0.0,100
2024-02-23 10:00:00+05:30,9.8,172.0,30.7,1009.6,43.6634066383,100
2024-02-23 11:00:00+05:30,12.7,173.0,30.9,1008.9,100.0,100
2024-02-23 12:00:00+05:30,12.3,185.0,31.0,1007.6,99.9321642332808,100
2024-02-23 13:00:00+05:30,13.8,189.0,31.4,1006.5,100.0,100
2024-02-23 14:00:00+05:30,16.2,192.0,31.2,1005.5,96.81608895980206,100
2024-02-23 15:00:00+05:30,15.8,201.0,30.6,1005.4,100.0,100
2024-02-23 16:00:00+05:30,15.5,208.0,30.0,1005.5,100.0,100
2024-02-23 17:00:00+05:30,14.4,217.0,29.3,1005.8,100.0,100
2024-02-23 18:00:00+05:30,12.5,213.0,28.4,1006.5,97.61286673810487,100
2024-02-23 19:00:00+05:30,10.2,222.0,28.2,1007.2,51.50184768211881,100
2024-02-23 20:00:00+05:30,9.2,231.0,27.9,1007.8,33.43378600974594,100
2024-02-23 21:00:00+05:30,9.4,247.0,27.8,1008.2,38.0468482314022,100
2024-02-23 22:00:00+05:30,8.9,256.0,27.5,1008.3,27.279424757613405,100
2024-02-23 23:00:00+05:30,9.1,261.0,27.0,1007.9,29.529738860022853,100
2024-02-24 00:00:00+05:30,9.5,261.0,26.7,1007.3,38.29613443209651,100
2024-02-24 01:00:00+05:30,9.4,268.0,26.3,1006.7,34.32159355052257,100
2024-02-24 02:00:00+05:30,9.2,281.0,26.0,1006.4,31.00276729003463,100
2024-02-24 03:00:00+05:30,8.0,297.0,25.6,1006.1,17.283766023904956,100
2024-02-24 04:00:00+05:30,9.3,298.0,25.4,1006.0,33.87157021875079,100
2024-02-24 05:00:00+05:30,9.0,299.0,25.4,1006.5,29.91057075996094,100
2024-02-24 06:00:00+05:30,7.7,298.0,25.6,1007.2,13.777575341519235,100
2024-02-24 07:00:00+05:30,9.2,301.0,26.9,1008.1,32.171003481860225,100
2024-02-24 08:00:00+05:30,7.9,300.0,29.3,1008.8,16.780979654106016,100
2024-02-24 09:00:00+05:30,4.0,270.0,31.2,1009.3,0.0,100
2024-02-24 10:00:00+05:30,6.2,173.0,32.5,1009.1,0.0,100
2024-02-24 11:00:00+05:30,11.4,169.0,32.5,1008.5,81.59330400475764,100
2024-02-24 12:00:00+05:30,12.6,183.0,31.4,1007.6,97.59313142002553,100
2024-02-24 13:00:00+05:30,12.1,192.0,31.5,1006.7,96.01826276931881,100
2024-02-24 14:00:00+05:30,12.8,196.0,31.6,1005.7,99.73968531388692,100
2024-02-24 15:00:00+05:30,10.3,192.0,31.3,1005.1,55.64418926571238,100
2024-02-24 16:00:00+05:30,9.8,186.0,30.8,1005.2,44.2379660133458,100
2024-02-24 17:00:00+05:30,9.5,191.0,29.9,1005.5,36.44365370202766,100
2024-02-24 18:00:00+05:30,7.8,158.0,28.8,1005.9,14.5104472266306,100
2024-02-24 19:00:00+05:30,6.2,159.0,28.4,1006.6,5.089633787239118,100
2024-02-24 20:00:00+05:30,2.6,106.0,27.8,1007.5,0.4201946659591765,100
2024-02-24 21:00:00+05:30,2.8,50.0,27.3,1008.0,0.0,100
2024-02-24 22:00:00+05:30,3.7,11.0,26.5,1008.0,0.0,100
2024-02-24 23:00:00+05:30,3.9,338.0,25.9,1007.9,0.3089626850847704,100
2024-02-25 00:00:00+05:30,4.7,4.0,25.2,1007.4,0.02324230596943133,100
2024-02-25 01:00:00+05:30,4.3,48.0,25.0,1006.7,2.1003819395504455,100
2024-02-25 02:00:00+05:30,6.5,56.0,25.4,1006.3,5.488309582533343,100
2024-02-25 03:00:00+05:30,8.9,50.0,25.3,1005.7,28.574430186847,100
2024-02-25 04:00:00+05:30,16.9,52.0,25.0,1005.8,100.0,100
2024-02-25 05:00:00+05:30,17.9,34.0,25.0,1006.3,100.0,100
2024-02-25 06:00:00+05:30,16.1,29.0,25.9,1006.7,97.47742391513798,100
2024-02-25 07:00:00+05:30,19.8,33.0,27.0,1007.4,100.0,100
2024-02-25 08:00:00+05:30,23.3,38.0,28.5,1007.9,99.60150133561154,100
2024-02-25 09:00:00+05:30,22.9,48.0,29.8,1008.2,99.54321451175072,100
2024-02-25 10:00:00+05:30,22.2,58.0,31.3,1007.8,100.0,100
2024-02-25 11:00:00+05:30,21.6,72.0,32.6,1007.0,100.0,100
2024-02-25 12:00:00+05:30,23.1,86.0,33.0,1005.8,97.92517036416412,100
2024-02-25 13:00:00+05:30,26.0,94.0,32.5,1004.8,0.29285508396700694,100
2024-02-25 14:00:00+05:30,29.6,94.0,32.2,1003.7,0.0,100
2024-02-25 15:00:00+05:30,31.0,94.0,31.8,1002.9,0.7303461532174192,100
2024-02-25 16:00:00+05:30,32.2,96.0,30.3,1003.0,0.0395829096461102,100
2024-02-25 17:00:00+05:30,28.5,86.0,29.7,1003.4,0.26154057125489416,100
2024-02-25 18:00:00+05:30,24.7,69.0,29.4,1003.9,97.29979729389454,100
2024-02-25 19:00:00+05:30,22.7,48.0,29.1,1004.7,97.56442911790907,100
2024-02-25 20:00:00+05:30,20.7,35.0,28.7,1005.4,100.0,100
2024-02-25 21:00:00+05:30,20.5,31.0,28.5,1006.1,100.0,100
2024-02-25 22:00:00+05:30,20.3,30.0,28.2,1006.4,98.83020177184343,100
2024-02-25 23:00:00+05:30,20.7,31.0,28.0,1006.6,98.44289229006992,100
2024-02-26 00:00:00+05:30,21.6,37.0,27.7,1006.4,99.64497582635565,100
2024-02-26 01:00:00+05:30,23.8,39.0,27.5,1005.9,97.7326425310988,100
2024-02-26 02:00:00+05:30,23.0,40.0,27.2,1005.3,100.0,100
2024-02-26 03:00:00+05:30,22.7,41.0,26.9,1005.2,100.0,100
2024-02-26 04:00:00+05:30,21.3,39.0,26.6,1005.2,100.0,100
2024-02-26 05:00:00+05:30,21.8,39.0,26.3,1005.3,93.86549073111358,100
2024-02-26 06:00:00+05:30,22.5,41.0,26.7,1006.0,100.0,100
2024-02-26 07:00:00+05:30,23.3,55.0,27.3,1006.9,99.40902492781991,100
2024-02-26 08:00:00+05:30,28.6,48.0,28.3,1007.8,0.26167856376783993,100
2024-02-26 09:00:00+05:30,31.6,53.0,29.9,1007.8,0.0,100
2024-02-26 10:00:00+05:30,30.0,57.0,31.8,1007.4,0.0,100
2024-02-26 11:00:00+05:30,29.8,67.0,33.4,1006.6,0.0,100
2024-02-26 12:00:00+05:30,30.5,73.0,33.9,1005.7,0.0,100
2024-02-26 13:00:00+05:30,31.1,74.0,34.2,1004.6,2.0621782331521086,100
2024-02-26 14:00:00+05:30,31.8,77.0,34.2,1003.5,0.0,100
2024-02-26 15:00:00+05:30,32.6,79.0,33.3,1003.0,1.2631387566419263,100
2024-02-26 16:00:00+05:30,31.4,72.0,33.0,1003.2,0.5573664396562794,100
2024-02-26 17:00:00+05:30,29.5,60.0,32.4,1003.5,0.0,100
2024-02-26 18:00:00+05:30,25.2,56.0,31.1,1004.1,0.0,100
2024-02-26 19:00:00+05:30,26.6,54.0,29.9,1005.1,0.0,100
2024-02-26 20:00:00+05:30,26.6,50.0,29.0,1005.9,0.6611647067143847,100
2024-02-26 21:00:00+05:30,26.7,46.0,28.7,1006.8,0.0,100
2024-02-26 22:00:00+05:30,28.8,43.0,28.5,1007.1,0.1862875720615525,100
2024-02-26 23:00:00+05:30,27.7,44.0,28.1,1006.8,0.0,100
2024-02-27 00:00:00+05:30,29.3,47.0,27.7,1006.4,0.5178088155054236,100
2024-02-27 01:00:00+05:30,30.3,46.0,27.4,1005.8,0.7042681569661858,100
2024-02-27 02:00:00+05:30,31.1,45.0,27.2,1005.5,1.4888138877888384,100
2024-02-27 03:00:00+05:30,31.1,43.0,26.9,1005.1,0.15424902653485795,100
2024-02-27 04:00:00+05:30,30.4,41.0,26.6,1005.3,0.28531817677046617,100
2024-02-27 05:00:00+05:30,29.5,39.0,26.4,1005.6,0.0,100
2024-02-27 06:00:00+05:30,30.0,39.0,26.8,1006.2,0.0,100
2024-02-27 07:00:00+05:30,29.9,40.0,27.3,1006.8,0.0,100
2024-02-27 08:00:00+05:30,35.8,39.0,28.7,1007.4,0.0,100
2024-02-27 09:00:00+05:30,36.2,43.0,30.3,1007.8,0.0,100
2024-02-27 10:00:00+05:30,34.6,44.0,31.7,1007.7,0.0019430336664497257,100
2024-02-27 11:00:00+05:30,30.7,51.0,32.7,1007.3,1.2322829240041269,100
2024-02-27 12:00:00+05:30,30.7,59.0,33.1,1006.7,0.0,100
2024-02-27 13:00:00+05:30,29.7,69.0,33.4,1006.2,0.0,100
2024-02-27 14:00:00+05:30,29.6,66.0,33.1,1005.3,0.3910714650866447,100
2024-02-27 15:00:00+05:30,29.0,67.0,33.0,1004.4,1.7692956839751888,100
2024-02-27 16:00:00+05:30,28.6,67.0,32.1,1004.1,0.0,100
2024-02-27 17:00:00+05:30,27.2,64.0,31.4,1004.5,0.6949821678889129,100
2024-02-27 18:00:00+05:30,27.1,57.0,29.5,1005.1,0.8245128268291576,100
2024-02-27 19:00:00+05:30,25.6,51.0,28.9,1006.5,0.0,100
2024-02-27 20:00:00+05:30,25.0,46.0,28.4,1007.2,99.71084140659995,100
2024-02-27 21:00:00+05:30,23.9,46.0,28.1,1007.8,100.0,100
2024-02-27 22:00:00+05:30,24.0,50.0,27.9,1007.7,100.0,100
2024-02-27 23:00:00+05:30,24.4,44.0,27.4,1008.0,100.0,100
2024-02-28 00:00:00+05:30,24.7,42.0,27.1,1007.6,98.13401295808835,100
2024-02-28 01:00:00+05:30,24.7,43.0,26.9,1006.9,100.0,100
2024-02-28 02:00:00+05:30,21.4,42.0,26.4,1006.6,100.0,100
2024-02-28 03:00:00+05:30,20.7,40.0,26.0,1006.4,100.0,100
2024-02-28 04:00:00+05:30,20.6,36.0,25.8,1006.3,98.4580889660477,100
2024-02-28 05:00:00+05:30,20.6,36.0,25.7,1006.4,97.49852547767661,100
2024-02-28 06:00:00+05:30,21.7,43.0,25.6,1007.2,100.0,100
2024-02-28 07:00:00+05:30,24.2,41.0,26.4,1007.9,100.0,100
2024-02-28 08:00:00+05:30,25.1,39.0,28.0,1008.6,1.0131671624715184,100
2024-02-28 09:00:00+05:30,27.6,40.0,29.9,1008.6,0.0,100
2024-02-28 10:00:00+05:30,27.5,43.0,31.6,1008.3,0.0,100
2024-02-28 11:00:00+05:30,26.2,47.0,33.1,1007.2,0.9678913564160485,100
2024-02-28 12:00:00+05:30,24.5,60.0,34.1,1006.1,100.0,100
2024-02-28 13:00:00+05:30,26.3,68.0,34.3,1005.1,1.5091077132246467,100
2024-02-28 14:00:00+05:30,26.6,77.0,34.5,1004.1,0.662878386206446,100
2024-02-28 15:00:00+05:30,28.8,89.0,33.5,1003.5,0.306299263152343,100
2024-02-28 16:00:00+05:30,32.2,84.0,31.5,1003.7,1.1151814738131822,100
2024-02-28 17:00:00+05:30,30.0,77.0,30.6,1004.1,0.0,100
2024-02-28 18:00:00+05:30,26.1,60.0,30.0,1004.6,0.0,100
2024-02-28 19:00:00+05:30,25.8,57.0,28.9,1005.5,0.0,100
2024-02-28 20:00:00+05:30,24.3,55.0,28.1,1006.4,95.20052893214176,100
2024-02-28 21:00:00+05:30,23.2,49.0,27.8,1007.3,100.0,100
2024-02-28 22:00:00+05:30,21.4,48.0,27.4,1007.8,99.98845274026515,100
2024-02-28 23:00:00+05:30,20.4,45.0,27.0,1007.9,98.53807666985941,100
2024-02-29 00:00:00+05:30,21.2,40.0,26.6,1007.5,100.0,100
2024-02-29 01:00:00+05:30,21.7,40.0,26.4,1006.9,100.0,100
2024-02-29 02:00:00+05:30,22.0,40.0,26.2,1006.3,100.0,100
2024-02-29 03:00:00+05:30,23.1,39.0,26.2,1005.7,96.43155638205161,100
2024-02-29 04:00:00+05:30,23.0,40.0,26.2,1005.3,95.94730808917997,100
2024-02-29 05:00:00+05:30,21.2,42.0,26.0,1005.7,100.0,100
2024-02-29 06:00:00+05:30,20.4,36.0,26.3,1006.7,98.23974265681446,100
2024-02-29 07:00:00+05:30,20.8,37.0,27.2,1007.5,100.0,100
2024-02-29 08:00:00+05:30,23.2,41.0,29.2,1008.3,98.18842395736539,100
2024-02-29 09:00:00+05:30,24.9,45.0,30.8,1008.9,100.0,100
2024-02-29 10:00:00+05:30,23.8,51.0,32.0,1009.0,99.68918816816448,100
2024-02-29 11:00:00+05:30,22.5,51.0,33.1,1008.1,98.25412212535039,100
2024-02-29 12:00:00+05:30,22.7,67.0,34.0,1006.9,100.0,100
2024-02-29 13:00:00+05:30,26.3,80.0,33.8,1005.9,0.15607750512931506,100
2024-02-29 14:00:00+05:30,28.2,84.0,33.3,1005.1,1.261672179182125,100
2024-02-29 15:00:00+05:30,27.7,91.0,32.4,1004.6,0.0,100
2024-02-29 16:00:00+05:30,27.0,92.0,31.7,1004.5,0.3874284851839621,100
2024-02-29 17:00:00+05:30,27.0,88.0,30.3,1005.3,0.0,100
2024-02-29 18:00:00+05:30,21.6,62.0,30.6,1006.0,100.0,100
2024-02-29 19:00:00+05:30,21.3,53.0,29.6,1006.9,100.0,100
2024-02-29 20:00:00+05:30,20.5,39.0,28.9,1007.8,100.0,100
2024-02-29 21:00:00+05:30,22.0,32.0,28.5,1008.5,100.0,100
2024-02-29 22:00:00+05:30,22.0,32.0,28.4,1008.8,99.69867639931357,100
2024-02-29 23:00:00+05:30,20.9,36.0,28.0,1009.1,96.63345799964289,100
2024-03-01 00:00:00+05:30,20.5,38.0,27.6,1008.5,100.0,100
2024-03-01 01:00:00+05:30,19.9,44.0,27.0,1007.9,99.98100768231906,100
2024-03-01 02:00:00+05:30,22.2,43.0,26.5,1007.2,100.0,100
2024-03-01 03:00:00+05:30,20.5,38.0,26.2,1006.6,98.78321624594443,100
2024-03-01 04:00:00+05:30,21.4,44.0,26.0,1006.8,99.59971109048686,100
2024-03-01 05:00:00+05:30,23.2,44.0,26.2,1007.3,99.25163372567098,100
2024-03-01 06:00:00+05:30,21.4,42.0,26.6,1008.3,100.0,100
2024-03-01 07:00:00+05:30,24.2,41.0,27.4,1009.1,99.8613316858317,100
2024-03-01 08:00:00+05:30,27.2,43.0,28.8,1009.5,0.3655589845881241,100
2024-03-01 09:00:00+05:30,28.6,49.0,30.1,1009.9,0.045717508429763444,100
2024-03-01 10:00:00+05:30,27.7,52.0,31.8,1009.8,0.0,100
2024-03-01 11:00:00+05:30,27.8,56.0,33.3,1008.8,0.0,100
2024-03-01 12:00:00+05:30,27.4,67.0,34.0,1008.0,0.0,100
2024-03-01 13:00:00+05:30,26.8,79.0,33.9,1007.1,0.1683340254265041,100
2024-03-01 14:00:00+05:30,27.1,79.0,33.6,1006.1,0.0,100
2024-03-01 15:00:00+05:30,27.2,82.0,32.9,1005.4,0.8515531765498898,100
2024-03-01 16:00:00+05:30,27.3,81.0,32.1,1005.4,0.855611539002029,100
2024-03-01 17:00:00+05:30,25.5,74.0,31.2,1005.7,0.7635986966282637,100
2024-03-01 18:00:00+05:30,24.1,58.0,30.1,1006.6,99.9455272980757,100
2024-03-01 19:00:00+05:30,23.0,50.0,29.5,1007.5,94.08031595343999,100
2024-03-01 20:00:00+05:30,23.2,47.0,29.0,1008.2,99.44177938460884,100
2024-03-01 21:00:00+05:30,23.2,44.0,28.5,1008.9,95.89722795827701,100
2024-03-01 22:00:00+05:30,23.7,46.0,28.1,1009.2,100.0,100
2024-03-01 23:00:00+05:30,24.2,44.0,27.8,1009.3,98.17069335303664,100
2024-03-02 00:00:00+05:30,23.2,41.0,27.5,1008.9,99.89394613383516,100
2024-03-02 01:00:00+05:30,21.7,43.0,27.1,1008.5,100.0,100
2024-03-02 02:00:00+05:30,21.3,39.0,26.7,1007.7,99.46972547720969,100
2024-03-02 03:00:00+05:30,20.0,39.0,26.4,1007.3,97.17175411821674,100
2024-03-02 04:00:00+05:30,18.7,38.0,26.3,1007.2,100.0,100
2024-03-02 05:00:00+05:30,17.6,41.0,26.2,1007.8,95.01866184784319,100
2024-03-02 06:00:00+05:30,23.2,41.0,26.3,1008.4,98.8917223357584,100
2024-03-02 07:00:00+05:30,23.5,40.0,27.2,1009.3,99.21895778113537,100
2024-03-02 08:00:00+05:30,24.2,42.0,29.1,1009.9,100.0,100
2024-03-02 09:00:00+05:30,25.7,43.0,31.1,1010.2,0.0,100
2024-03-02 10:00:00+05:30,25.7,53.0,32.7,1010.2,1.473962006750181,100
2024-03-02 11:00:00+05:30,25.2,68.0,33.8,1009.3,0.0,100
2024-03-02 12:00:00+05:30,24.9,87.0,34.2,1008.5,97.03822948541928,100
2024-03-02 13:00:00+05:30,25.7,96.0,33.5,1007.5,0.0,100
2024-03-02 14:00:00+05:30,25.9,99.0,33.0,1006.1,0.0,100
2024-03-02 15:00:00+05:30,24.7,103.0,32.2,1005.3,100.0,100
2024-03-02 16:00:00+05:30,24.0,103.0,31.4,1005.3,100.0,100
2024-03-02 17:00:00+05:30,22.5,106.0,30.1,1005.6,100.0,100
2024-03-02 18:00:00+05:30,19.4,100.0,28.8,1006.4,96.74964125308217,100
2024-03-02 19:00:00+05:30,16.6,88.0,28.4,1007.3,96.71230559289064,100
2024-03-02 20:00:00+05:30,12.4,64.0,28.0,1007.8,98.69517589031184,100
2024-03-02 21:00:00+05:30,8.9,32.0,27.5,1008.4,27.839568046640128,100
2024-03-02 22:00:00+05:30,6.8,3.0,26.6,1008.5,7.640002626373962,100
2024-03-02 23:00:00+05:30,8.6,345.0,24.8,1008.3,24.350312551865212,100
2024-03-03 00:00:00+05:30,8.3,90.0,24.3,1008.4,21.468778108116915,100
2024-03-03 01:00:00+05:30,6.8,65.0,25.0,1007.6,7.2935416122276395,100
2024-03-03 02:00:00+05:30,9.4,47.0,25.5,1007.1,36.5392906097898,100
2024-03-03 03:00:00+05:30,8.4,20.0,24.9,1006.8,21.844910888529554,100
2024-03-03 04:00:00+05:30,7.6,355.0,24.3,1006.8,16.52921339540604,100
2024-03-03 05:00:00+05:30,7.3,349.0,24.0,1007.4,10.9637972510071,100
2024-03-03 06:00:00+05:30,6.5,19.0,24.0,1008.0,5.821158787319021,100
2024-03-03 07:00:00+05:30,14.3,43.0,26.7,1008.7,100.0,100
2024-03-03 08:00:00+05:30,19.9,46.0,29.1,1009.5,100.0,100
2024-03-03 09:00:00+05:30,20.1,54.0,30.5,1009.8,100.0,100
2024-03-03 10:00:00+05:30,19.6,64.0,31.8,1009.6,98.11945735212493,100
2024-03-03 11:00:00+05:30,20.0,76.0,33.0,1008.7,98.53391510890236,100
2024-03-03 12:00:00+05:30,22.0,89.0,33.2,1007.6,99.94492451290259,100
2024-03-03 13:00:00+05:30,26.8,96.0,32.3,1006.2,0.20785009018351597,100
2024-03-03 14:00:00+05:30,30.9,98.0,31.8,1004.8,0.12312518888651085,100
2024-03-03 15:00:00+05:30,31.2,97.0,31.4,1004.0,0.03077594287366294,100
2024-03-03 16:00:00+05:30,30.2,99.0,30.6,1004.1,0.0,100
2024-03-03 17:00:00+05:30,26.1,97.0,29.3,1004.7,0.024173846726255156,100
2024-03-03 18:00:00+05:30,23.4,92.0,27.8,1006.0,100.0,100
2024-03-03 19:00:00+05:30,17.7,70.0,27.6,1007.0,97.44459610370724,100
2024-03-03 20:00:00+05:30,13.8,41.0,27.6,1007.5,97.02060941593835,100
2024-03-03 21:00:00+05:30,12.0,39.0,27.5,1007.9,98.89836399402535,100
2024-03-03 22:00:00+05:30,8.9,27.0,27.1,1008.1,29.01906610168613,100
2024-03-03 23:00:00+05:30,6.5,357.0,25.7,1008.2,6.620801901773049,100
2024-03-04 00:00:00+05:30,7.2,333.0,24.2,1007.7,10.43812025069096,100
2024-03-04 01:00:00+05:30,2.1,211.0,25.7,1007.5,0.0,100
2024-03-04 02:00:00+05:30,5.4,233.0,23.6,1007.2,1.5563735389094573,100
2024-03-04 03:00:00+05:30,5.7,288.0,22.7,1007.2,1.7607039044836448,100
2024-03-04 04:00:00+05:30,5.5,337.0,21.5,1006.9,1.5526665284366545,100
2024-03-04 05:00:00+05:30,5.4,356.0,21.4,1007.1,2.8770645195401947,100
2024-03-04 06:00:00+05:30,8.9,27.0,23.8,1007.6,28.0077318395231,100
2024-03-04 07:00:00+05:30,13.8,28.0,25.5,1008.2,99.2634758064046,100
2024-03-04 08:00:00+05:30,15.3,39.0,28.3,1008.8,99.92056886849447,100
2024-03-04 09:00:00+05:30,16.6,51.0,30.3,1009.2,100.0,100
2024-03-04 10:00:00+05:30,15.5,62.0,32.2,1009.2,100.0,100
2024-03-04 11:00:00+05:30,16.0,76.0,33.9,1008.2,98.70886553171466,100
2024-03-04 12:00:00+05:30,22.2,107.0,32.8,1007.3,95.70185816244839,100
2024-03-04 13:00:00+05:30,24.4,121.0,31.1,1006.4,99.29792178348266,100
2024-03-04 14:00:00+05:30,19.4,137.0,30.5,1005.8,96.85521672948876,100
2024-03-04 15:00:00+05:30,14.0,154.0,29.8,1005.6,99.79397834058824,100
2024-03-04 16:00:00+05:30,11.1,155.0,29.5,1005.6,69.00026220408186,100
2024-03-04 17:00:00+05:30,11.0,157.0,28.8,1006.0,71.9129608165864,100
2024-03-04 18:00:00+05:30,10.9,163.0,27.9,1007.0,68.10133442954877,100
2024-03-04 19:00:00+05:30,7.2,143.0,27.5,1007.8,10.541401527650187,100
2024-03-04 20:00:00+05:30,3.0,104.0,26.9,1008.6,1.7591165851299266,100
2024-03-04 21:00:00+05:30,2.3,18.0,27.2,1009.2,1.06862404671581,100
2024-03-04 22:00:00+05:30,4.3,360.0,25.9,1009.3,0.832494846574674,100
2024-03-04 23:00:00+05:30,4.2,301.0,25.4,1009.0,0.0,100
2024-03-05 00:00:00+05:30,9.0,299.0,25.8,1008.4,30.59170560548965,100
2024-03-05 01:00:00+05:30,6.1,320.0,25.0,1007.9,3.969219968665248,100
2024-03-05 02:00:00+05:30,5.4,4.0,24.0,1007.4,3.6198203427399704,100
2024-03-05 03:00:00+05:30,5.5,32.0,23.5,1007.0,0.2425079442345368,100
2024-03-05 04:00:00+05:30,6.3,31.0,23.0,1006.9,3.3554971143115573,100
2024-03-05 05:00:00+05:30,9.2,31.0,23.1,1007.1,33.550983786613585,100
2024-03-05 06:00:00+05:30,12.8,38.0,24.5,1007.6,100.0,100
2024-03-05 07:00:00+05:30,15.5,42.0,26.1,1008.1,99.48460736527407,100
2024-03-05 08:00:00+05:30,18.1,44.0,28.4,1008.7,99.84580266377932,100
2024-03-05 09:00:00+05:30,18.0,53.0,30.2,1008.9,98.43502594142403,100
2024-03-05 10:00:00+05:30,16.4,61.0,32.2,1009.0,99.39985465046688,100
2024-03-05 11:00:00+05:30,16.8,81.0,33.7,1008.1,100.0,100
2024-03-05 12:00:00+05:30,24.7,113.0,32.2,1007.3,97.67645284769294,100
2024-03-05 13:00:00+05:30,29.1,117.0,30.3,1006.7,0.4410493102536503,100
2024-03-05 14:00:00+05:30,21.6,120.0,30.2,1006.3,99.51702422213286,100
2024-03-05 15:00:00+05:30,16.6,131.0,30.3,1006.1,100.0,100
2024-03-05 16:00:00+05:30,15.0,138.0,29.5,1005.9,100.0,100
2024-03-05 17:00:00+05:30,12.0,131.0,28.7,1006.1,100.0,100
2024-03-05 18:00:00+05:30,10.3,126.0,27.7,1006.9,56.03930123327474,100
2024-03-05 19:00:00+05:30,6.0,107.0,27.4,1007.5,3.572095520823453,100
2024-03-05 20:00:00+05:30,4.4,81.0,26.5,1008.3,0.4440799105443214,100
2024-03-05 21:00:00+05:30,3.3,319.0,26.1,1008.9,0.0,100
2024-03-05 22:00:00+05:30,5.1,315.0,25.6,1009.0,2.4116794988514068,100
2024-03-05 23:00:00+05:30,7.1,311.0,25.3,1008.8,9.429835343627383,100
2024-03-06 00:00:00+05:30,7.4,309.0,25.2,1008.3,12.3331967728791,100
2024-03-06 01:00:00+05:30,6.1,332.0,24.6,1007.7,3.9571946385150847,100
2024-03-06 02:00:00+05:30,5.1,356.0,24.2,1007.4,2.1481875012238003,100
2024-03-06 03:00:00+05:30,6.5,3.0,23.3,1007.1,3.087545596974297,100
2024-03-06 04:00:00+05:30,5.9,349.0,23.3,1006.9,4.739619738336417,100
2024-03-06 05:00:00+05:30,5.4,360.0,23.2,1007.4,0.6260074781162481,100
2024-03-06 06:00:00+05:30,5.1,51.0,24.4,1008.4,1.1545960389979568,100
2024-03-06 07:00:00+05:30,8.9,40.0,26.5,1009.0,30.10890272950735,100
2024-03-06 08:00:00+05:30,12.0,44.0,29.0,1009.6,97.78487137636039,100
2024-03-06 09:00:00+05:30,12.9,60.0,30.8,1009.7,100.0,100
2024-03-06 10:00:00+05:30,12.3,87.0,32.3,1009.8,100.0,100
2024-03-06 11:00:00+05:30,15.5,112.0,33.1,1009.1,99.48534546198947,100
2024-03-06 12:00:00+05:30,20.7,131.0,31.7,1008.1,99.10374186388387,100
2024-03-06 13:00:00+05:30,19.3,143.0,30.6,1007.2,100.0,100
2024-03-06 14:00:00+05:30,11.1,151.0,30.2,1006.6,73.81791989603205,100
2024-03-06 15:00:00+05:30,8.6,158.0,30.8,1005.8,25.899416915978357,100
2024-03-06 16:00:00+05:30,14.1,174.0,29.9,1005.7,96.90579068070812,100
2024-03-06 17:00:00+05:30,12.1,190.0,28.5,1006.1,100.0,100
2024-03-06 18:00:00+05:30,11.5,160.0,28.1,1007.4,81.14035484773507,100
2024-03-06 19:00:00+05:30,6.3,149.0,27.7,1007.8,4.84323179612777,100
2024-03-06 20:00:00+05:30,2.2,180.0,27.8,1008.5,0.13036760962803487,100
2024-03-06 21:00:00+05:30,2.1,211.0,27.3,1009.0,0.0,100
2024-03-06 22:00:00+05:30,1.8,180.0,27.2,1009.1,0.0,100
2024-03-06 23:00:00+05:30,3.4,198.0,26.5,1008.8,0.0,100
2024-03-07 00:00:00+05:30,4.8,257.0,25.8,1007.9,0.6881936368853916,100
2024-03-07 01:00:00+05:30,6.4,286.0,25.0,1006.8,4.349411099074553,100
2024-03-07 02:00:00+05:30,5.1,321.0,24.7,1006.2,0.04711340150585541,100
2024-03-07 03:00:00+05:30,5.4,352.0,23.5,1005.7,1.7262959707892596,100
2024-03-07 04:00:00+05:30,5.1,4.0,24.0,1005.7,1.5695993489271864,100
2024-03-07 05:00:00+05:30,7.1,30.0,24.0,1006.4,7.765564339755911,100
2024-03-07 06:00:00+05:30,8.4,43.0,24.6,1007.2,21.18967028336457,100
2024-03-07 07:00:00+05:30,11.8,38.0,26.0,1008.1,91.5959213922718,100
2024-03-07 08:00:00+05:30,14.0,48.0,28.8,1008.7,100.0,100
2024-03-07 09:00:00+05:30,14.6,57.0,31.0,1008.9,100.0,100
2024-03-07 10:00:00+05:30,13.8,83.0,32.6,1008.8,99.18019305891947,100
2024-03-07 11:00:00+05:30,17.1,112.0,33.4,1008.0,99.54904387081218,100
2024-03-07 12:00:00+05:30,22.0,128.0,31.9,1006.8,99.16085403346817,100
2024-03-07 13:00:00+05:30,21.6,127.0,31.0,1005.8,100.0,100
2024-03-07 14:00:00+05:30,19.9,136.0,29.8,1004.9,100.0,100
2024-03-07 15:00:00+05:30,15.1,152.0,29.7,1004.6,98.12932509714338,100
2024-03-07 16:00:00+05:30,12.4,154.0,29.7,1004.7,100.0,100
2024-03-07 17:00:00+05:30,12.3,148.0,29.5,1004.8,100.0,100
2024-03-07 18:00:00+05:30,10.4,134.0,28.1,1006.1,57.482060989314206,100
2024-03-07 19:00:00+05:30,7.6,121.0,27.7,1007.0,12.651394435476737,100
2024-03-07 20:00:00+05:30,4.5,104.0,27.6,1007.8,1.693260791803202,100
2024-03-07 21:00:00+05:30,3.3,41.0,27.1,1008.4,1.2793134617008997,100
2024-03-07 22:00:00+05:30,4.1,308.0,26.1,1008.5,0.0,100
2024-03-07 23:00:00+05:30,4.7,274.0,25.6,1008.4,0.17111270173713966,100
2024-03-08 00:00:00+05:30,5.4,270.0,25.5,1008.0,2.39334638558145,100
2024-03-08 01:00:00+05:30,5.9,284.0,25.1,1007.2,4.637843829733608,100
2024-03-08 02:00:00+05:30,5.8,300.0,24.7,1006.7,2.580460756876058,100
2024-03-08 03:00:00+05:30,5.4,307.0,24.1,1006.6,2.379171431133751,100
2024-03-08 04:00:00+05:30,4.8,318.0,23.8,1006.7,3.482236950573494,100
2024-03-08 05:00:00+05:30,5.4,323.0,23.8,1007.1,2.284238098759382,100
2024-03-08 06:00:00+05:30,4.0,350.0,24.6,1008.0,0.0,100
2024-03-08 07:00:00+05:30,4.7,9.0,26.6,1009.0,1.6483210866881928,100
2024-03-08 08:00:00+05:30,3.1,36.0,28.7,1009.5,0.0,100
2024-03-08 09:00:00+05:30,4.6,108.0,30.4,1009.8,0.35573240047924265,100
2024-03-08 10:00:00+05:30,9.4,130.0,31.7,1009.7,37.579145800055535,100
2024-03-08 11:00:00+05:30,14.0,145.0,31.9,1008.8,100.0,100
2024-03-08 12:00:00+05:30,16.2,163.0,31.6,1007.5,100.0,100
2024-03-08 13:00:00+05:30,15.5,181.0,31.0,1006.9,97.54256511952934,100
2024-03-08 14:00:00+05:30,11.6,185.0,31.2,1006.1,87.27102468593267,100
2024-03-08 15:00:00+05:30,12.2,182.0,31.3,1005.6,99.73610542310043,100
2024-03-08 16:00:00+05:30,12.3,195.0,30.3,1005.7,100.0,100
2024-03-08 17:00:00+05:30,8.7,218.0,29.9,1006.0,25.17621078387338,100
2024-03-08 18:00:00+05:30,5.7,162.0,28.8,1006.7,3.0502285614922506,100
2024-03-08 19:00:00+05:30,3.4,148.0,28.5,1007.5,0.0,100
2024-03-08 20:00:00+05:30,3.5,156.0,27.5,1008.1,1.8348870288178534,100
2024-03-08 21:00:00+05:30,6.2,170.0,26.4,1008.9,6.745134882825095,100
2024-03-08 22:00:00+05:30,5.7,198.0,26.1,1009.3,2.495189759999455,100
2024-03-08 23:00:00+05:30,6.3,239.0,25.4,1009.2,4.476072367312989,100
2024-03-09 00:00:00+05:30,6.5,264.0,25.0,1008.8,6.672209684339086,100
2024-03-09 01:00:00+05:30,6.1,270.0,24.8,1007.9,3.7872203592724785,100
2024-03-09 02:00:00+05:30,6.4,286.0,24.2,1007.2,6.175237617499235,100
2024-03-09 03:00:00+05:30,5.6,310.0,23.9,1006.7,2.380866608096266,100
2024-03-09 04:00:00+05:30,4.8,318.0,23.7,1006.6,0.0,100
2024-03-09 05:00:00+05:30,4.6,315.0,23.7,1007.0,1.5046021635620708,100
2024-03-09 06:00:00+05:30,2.7,337.0,24.5,1007.5,0.0,100
2024-03-09 07:00:00+05:30,4.2,329.0,26.7,1008.5,1.7905356741022045,100
2024-03-09 08:00:00+05:30,3.0,256.0,28.8,1009.2,0.0,100
2024-03-09 09:00:00+05:30,4.7,184.0,30.4,1009.6,0.0,100
2024-03-09 10:00:00+05:30,9.8,163.0,31.4,1009.4,45.76805504143069,100
2024-03-09 11:00:00+05:30,13.1,164.0,31.4,1008.7,97.35261328112796,100
2024-03-09 12:00:00+05:30,14.1,174.0,31.4,1007.8,100.0,100
2024-03-09 13:00:00+05:30,14.8,183.0,31.5,1006.7,99.72334810031266,100
2024-03-09 14:00:00+05:30,14.8,181.0,31.3,1005.7,97.52746591620311,100
2024-03-09 15:00:00+05:30,14.5,186.0,31.1,1005.4,100.0,100
2024-03-09 16:00:00+05:30,13.8,200.0,30.4,1005.4,99.14835240771036,100
2024-03-09 17:00:00+05:30,11.7,214.0,29.7,1005.9,86.04071116671227,100
2024-03-09 18:00:00+05:30,7.6,183.0,28.6,1006.6,12.237176715893753,100
2024-03-09 19:00:00+05:30,3.3,186.0,28.0,1007.3,0.0,100
2024-03-09 20:00:00+05:30,3.5,246.0,27.1,1007.9,0.8730363895983836,100
2024-03-09 21:00:00+05:30,5.9,281.0,27.0,1008.9,3.1423371829491753,100
2024-03-09 22:00:00+05:30,8.0,280.0,26.8,1009.4,14.954329668104972,100
2024-03-09 23:00:00+05:30,8.0,280.0,26.6,1009.4,17.04922490008637,100
2024-03-10 00:00:00+05:30,6.2,291.0,26.1,1009.1,4.552360332508709,100
2024-03-10 01:00:00+05:30,5.0,291.0,25.3,1008.7,0.8760016298348147,100
2024-03-10 02:00:00+05:30,5.0,300.0,24.8,1008.2,0.42868475984304233,100
2024-03-10 03:00:00+05:30,5.1,315.0,24.4,1007.8,1.0061895129229317,100
2024-03-10 04:00:00+05:30,4.8,333.0,24.2,1007.9,0.0,100
2024-03-10 05:00:00+05:30,5.0,360.0,24.0,1008.3,0.8718856259395678,100
2024-03-10 06:00:00+05:30,10.3,36.0,25.3,1009.1,51.5524783748869,100
2024-03-10 07:00:00+05:30,11.8,40.0,27.1,1010.1,91.19244677683533,100
2024-03-10 08:00:00+05:30,12.7,55.0,29.5,1010.7,98.68431974393592,100
2024-03-10 09:00:00+05:30,12.4,73.0,31.1,1011.1,100.0,100
2024-03-10 10:00:00+05:30,12.2,92.0,32.5,1011.0,100.0,100
2024-03-10 11:00:00+05:30,16.6,108.0,32.9,1010.2,100.0,100
2024-03-10 12:00:00+05:30,19.0,115.0,31.8,1009.3,100.0,100
2024-03-10 13:00:00+05:30,18.5,119.0,31.3,1008.3,100.0,100
2024-03-10 14:00:00+05:30,17.6,121.0,31.3,1007.1,99.18871765303201,100
2024-03-10 15:00:00+05:30,18.3,126.0,30.9,1006.5,100.0,100
2024-03-10 16:00:00+05:30,18.4,125.0,30.3,1006.3,98.87836317362108,100
2024-03-10 17:00:00+05:30,19.5,115.0,29.5,1006.7,99.89742806495234,100
2024-03-10 18:00:00+05:30,20.3,102.0,28.3,1007.1,98.69060656164075,100
2024-03-10 19:00:00+05:30,16.6,91.0,28.1,1007.8,100.0,100
2024-03-10 20:00:00+05:30,6.9,51.0,27.4,1008.9,10.164099348294002,100
2024-03-10 21:00:00+05:30,5.2,344.0,26.4,1009.4,1.115654738567959,100
2024-03-10 22:00:00+05:30,8.3,304.0,25.5,1010.0,19.7302947811467,100
2024-03-10 23:00:00+05:30,7.2,288.0,24.8,1010.5,10.39875359793458,100
2024-03-11 00:00:00+05:30,5.3,332.0,25.2,1010.5,0.8465738823992375,100
2024-03-11 01:00:00+05:30,4.9,324.0,24.9,1009.9,0.2401030297470269,100
2024-03-11 02:00:00+05:30,7.7,307.0,23.1,1009.4,12.612960228392957,100
2024-03-11 03:00:00+05:30,6.1,320.0,23.3,1009.3,5.246934824984538,100
2024-03-11 04:00:00+05:30,6.6,338.0,22.9,1009.4,6.804730667284571,100
2024-03-11 05:00:00+05:30,6.4,16.0,22.5,1009.6,4.45470651154217,100
2024-03-11 06:00:00+05:30,16.3,49.0,26.5,1010.4,99.36661876136482,100
2024-03-11 07:00:00+05:30,18.8,45.0,27.8,1011.4,99.29140537542295,100
2024-03-11 08:00:00+05:30,20.2,55.0,29.5,1012.1,98.62808276345385,100
2024-03-11 09:00:00+05:30,20.9,66.0,31.0,1012.5,100.0,100
2024-03-11 10:00:00+05:30,19.6,77.0,32.3,1012.2,99.28371280996153,100
2024-03-11 11:00:00+05:30,22.0,91.0,32.6,1011.4,100.0,100
2024-03-11 12:00:00+05:30,24.6,96.0,31.7,1010.5,100.0,100
2024-03-11 13:00:00+05:30,24.3,98.0,31.2,1009.4,99.54717939384074,100
2024-03-11 14:00:00+05:30,24.4,104.0,31.1,1008.1,99.23219875043348,100
2024-03-11 15:00:00+05:30,25.2,109.0,30.2,1007.3,0.0,100
2024-03-11 16:00:00+05:30,23.5,105.0,29.8,1007.2,100.0,100
2024-03-11 17:00:00+05:30,20.6,102.0,29.3,1007.4,95.42858649860337,100
2024-03-11 18:00:00+05:30,19.2,82.0,29.7,1007.8,98.65372016645168,100
2024-03-11 19:00:00+05:30,15.2,54.0,30.0,1008.7,100.0,100
2024-03-11 20:00:00+05:30,10.6,35.0,29.7,1009.5,58.58393484456598,100
2024-03-11 21:00:00+05:30,6.3,24.0,28.5,1010.2,5.176003998202203,100
2024-03-11 22:00:00+05:30,7.9,16.0,26.8,1010.8,15.804669144312188,100
2024-03-11 23:00:00+05:30,6.9,43.0,27.2,1011.0,7.532978176798694,100
2024-03-12 00:00:00+05:30,6.3,59.0,27.6,1010.7,4.7179134189436205,100
2024-03-12 01:00:00+05:30,6.4,16.0,27.5,1010.2,4.734767982242138,100
2024-03-12 02:00:00+05:30,8.7,355.0,24.9,1009.5,24.954632960867606,100
2024-03-12 03:00:00+05:30,6.5,6.0,25.4,1009.1,6.360171645421267,100
2024-03-12 04:00:00+05:30,9.8,24.0,26.1,1009.2,41.43567789889878,100
2024-03-12 05:00:00+05:30,13.6,32.0,26.1,1009.5,98.78477472371642,100
2024-03-12 06:00:00+05:30,18.9,42.0,26.9,1009.8,100.0,100
2024-03-12 07:00:00+05:30,21.4,45.0,28.0,1010.6,97.1617666363286,100
2024-03-12 08:00:00+05:30,22.7,47.0,29.6,1011.2,100.0,100
2024-03-12 09:00:00+05:30,22.1,53.0,31.2,1011.6,100.0,100
2024-03-12 10:00:00+05:30,21.5,59.0,32.7,1011.5,99.16008567939421,100
2024-03-12 11:00:00+05:30,20.6,71.0,33.9,1010.6,100.0,100
2024-03-12 12:00:00+05:30,23.1,94.0,33.9,1009.5,99.1139886158046,100
2024-03-12 13:00:00+05:30,26.1,102.0,33.0,1008.4,1.445869541514646,100
2024-03-12 14:00:00+05:30,27.6,105.0,32.4,1007.0,0.3051379196225419,100
2024-03-12 15:00:00+05:30,28.3,105.0,31.7,1006.2,0.21058837946935868,100
2024-03-12 16:00:00+05:30,26.7,104.0,30.9,1006.0,0.0,100
2024-03-12 17:00:00+05:30,23.0,104.0,29.9,1006.3,97.57929258918634,100
2024-03-12 18:00:00+05:30,19.7,98.0,28.7,1007.7,97.03701058198669,100
2024-03-12 19:00:00+05:30,15.2,85.0,28.1,1008.3,100.0,100
2024-03-12 20:00:00+05:30,10.1,63.0,27.7,1009.2,46.991993800830706,100
2024-03-12 21:00:00+05:30,8.4,25.0,27.3,1009.7,19.839644750804073,100
2024-03-12 22:00:00+05:30,7.2,342.0,25.6,1009.9,10.005180459238973,100
2024-03-12 23:00:00+05:30,6.6,299.0,25.0,1009.9,7.586536120868166,100
2024-03-13 00:00:00+05:30,6.1,180.0,24.1,1009.9,0.8791386505251451,100
2024-03-13 01:00:00+05:30,7.2,233.0,24.0,1009.1,10.389239765621925,100
2024-03-13 02:00:00+05:30,5.0,300.0,23.7,1008.4,0.3719847089134155,100
2024-03-13 03:00:00+05:30,5.1,321.0,24.0,1008.2,0.12974383541385648,100
2024-03-13 04:00:00+05:30,5.8,330.0,23.8,1008.2,2.715860774871414,100
2024-03-13 05:00:00+05:30,5.3,332.0,23.8,1008.5,0.06981600015343603,100
2024-03-13 06:00:00+05:30,4.0,333.0,24.8,1009.1,0.0,100
2024-03-13 07:00:00+05:30,4.2,340.0,27.5,1010.0,0.0,100
2024-03-13 08:00:00+05:30,1.6,63.0,29.9,1010.8,0.0,100
2024-03-13 09:00:00+05:30,5.4,143.0,31.2,1011.1,3.7127348717080357,100
2024-03-13 10:00:00+05:30,9.7,158.0,32.2,1010.9,44.11190475256055,100
2024-03-13 11:00:00+05:30,13.1,164.0,32.6,1010.1,99.7180831588124,100
2024-03-13 12:00:00+05:30,15.4,169.0,32.6,1009.0,97.54070149936078,100
2024-03-13 13:00:00+05:30,17.3,180.0,31.8,1008.1,97.29914084256615,100
2024-03-13 14:00:00+05:30,15.6,195.0,31.2,1007.3,97.85994454871758,100
2024-03-13 15:00:00+05:30,13.5,209.0,31.2,1006.7,98.570426925143,100
2024-03-13 16:00:00+05:30,13.4,207.0,30.8,1006.6,99.47984641555587,100
2024-03-13 17:00:00+05:30,13.0,226.0,30.2,1007.0,98.45290214226344,100
2024-03-13 18:00:00+05:30,11.4,198.0,28.8,1007.5,83.11794941734261,100
2024-03-13 19:00:00+05:30,5.6,207.0,28.5,1008.4,3.096831266449686,100
2024-03-13 20:00:00+05:30,5.6,230.0,27.9,1009.3,3.590921107130489,100
2024-03-13 21:00:00+05:30,5.7,235.0,27.5,1010.1,4.633214495557409,100
2024-03-13 22:00:00+05:30,6.6,241.0,27.2,1010.7,6.682635573154631,100
2024-03-13 23:00:00+05:30,7.0,249.0,26.8,1010.6,9.644799995734521,100
2024-03-14 00:00:00+05:30,8.7,275.0,26.6,1009.9,23.8432127317443,100
2024-03-14 01:00:00+05:30,10.3,282.0,26.3,1009.1,54.90662229819503,100
2024-03-14 02:00:00+05:30,10.5,286.0,26.0,1008.3,59.52954322578791,100
2024-03-14 03:00:00+05:30,10.6,288.0,25.7,1008.0,58.14582061706044,100
2024-03-14 04:00:00+05:30,12.3,291.0,25.5,1008.0,100.0,100
2024-03-14 05:00:00+05:30,13.9,291.0,25.3,1008.3,100.0,100
2024-03-14 06:00:00+05:30,8.0,297.0,26.0,1009.0,17.40122655263996,100
2024-03-14 07:00:00+05:30,7.4,299.0,27.5,1010.0,11.184340354770509,100
2024-03-14 08:00:00+05:30,5.3,298.0,29.6,1010.5,1.084891460092925,100
2024-03-14 09:00:00+05:30,4.2,250.0,31.6,1010.7,0.2381618552231081,100
2024-03-14 10:00:00+05:30,7.6,205.0,33.4,1010.1,15.576791637830702,100
2024-03-14 11:00:00+05:30,13.8,221.0,34.0,1009.1,100.0,100
2024-03-14 12:00:00+05:30,17.6,235.0,34.2,1007.8,96.63778095048417,100
2024-03-14 13:00:00+05:30,21.9,243.0,33.2,1006.9,97.83584154384248,100
2024-03-14 14:00:00+05:30,24.9,250.0,32.3,1006.1,100.0,100
2024-03-14 15:00:00+05:30,23.7,256.0,32.5,1005.6,98.89293348926824,100
2024-03-14 16:00:00+05:30,22.5,257.0,32.1,1005.3,100.0,100
2024-03-14 17:00:00+05:30,22.5,263.0,30.8,1005.8,100.0,100
2024-03-14 18:00:00+05:30,19.9,264.0,29.7,1006.3,96.83124802807185,100
2024-03-14 19:00:00+05:30,19.5,273.0,29.0,1006.9,100.0,100
2024-03-14 20:00:00+05:30,19.6,277.0,28.8,1007.5,100.0,100
2024-03-14 21:00:00+05:30,20.8,279.0,28.7,1008.0,100.0,100
2024-03-14 22:00:00+05:30,21.0,282.0,28.4,1008.0,99.35297524884322,100
2024-03-14 23:00:00+05:30,20.4,284.0,28.2,1008.0,99.79544311962924,100
2024-03-15 00:00:00+05:30,18.0,286.0,27.8,1007.3,98.37361626730994,100
2024-03-15 01:00:00+05:30,16.1,290.0,27.4,1006.6,100.0,100
2024-03-15 02:00:00+05:30,13.8,290.0,27.0,1006.3,94.52765838530895,100
2024-03-15 03:00:00+05:30,11.5,290.0,26.6,1006.0,83.40872786788282,100
2024-03-15 04:00:00+05:30,10.8,285.0,26.3,1006.0,64.84904229180766,100
2024-03-15 05:00:00+05:30,12.0,286.0,25.9,1006.2,100.0,100
2024-03-15 06:00:00+05:30,10.5,292.0,26.2,1007.0,57.719800446820585,100
2024-03-15 07:00:00+05:30,9.5,299.0,27.5,1007.7,38.680785380677,100
2024-03-15 08:00:00+05:30,6.7,324.0,30.2,1008.1,7.015385849630005,100
2024-03-15 09:00:00+05:30,0.8,63.0,32.4,1008.5,2.4257098148239575,100
2024-03-15 10:00:00+05:30,9.1,146.0,33.5,1008.4,31.6683718143216,100
2024-03-15 11:00:00+05:30,16.9,164.0,32.7,1008.0,100.0,100
2024-03-15 12:00:00+05:30,16.5,212.0,32.8,1007.0,98.94073016126853,100
2024-03-15 13:00:00+05:30,20.4,238.0,33.5,1006.0,100.0,100
2024-03-15 14:00:00+05:30,19.4,235.0,32.4,1005.5,98.86580025235052,100
2024-03-15 15:00:00+05:30,18.9,246.0,31.6,1005.2,97.60413755887298,100
2024-03-15 16:00:00+05:30,18.3,250.0,31.2,1005.0,100.0,100
2024-03-15 17:00:00+05:30,17.1,255.0,30.4,1005.5,99.26861832990514,100
2024-03-15 18:00:00+05:30,13.0,272.0,29.4,1006.4,100.0,100
2024-03-15 19:00:00+05:30,10.9,276.0,28.7,1007.1,67.97185175873835,100
2024-03-15 20:00:00+05:30,10.5,276.0,28.3,1007.8,57.52387099744314,100
2024-03-15 21:00:00+05:30,10.5,274.0,27.9,1008.5,56.399638658860475,100
2024-03-15 22:00:00+05:30,12.1,280.0,27.7,1008.9,100.0,100
2024-03-15 23:00:00+05:30,11.6,286.0,27.2,1008.5,85.56425279290816,100
2024-03-16 00:00:00+05:30,10.6,280.0,26.7,1008.2,60.36716163137918,100
2024-03-16 01:00:00+05:30,11.7,279.0,26.2,1007.8,90.0735750844294,100
2024-03-16 02:00:00+05:30,11.8,282.0,25.6,1007.3,94.61156425298479,100
2024-03-16 03:00:00+05:30,11.3,292.0,25.2,1007.0,79.44509605936824,100
2024-03-16 04:00:00+05:30,7.7,298.0,25.0,1007.0,12.795042738771858,100
2024-03-16 05:00:00+05:30,4.3,336.0,24.2,1007.4,1.903810790722046,100
2024-03-16 06:00:00+05:30,5.4,352.0,26.2,1008.1,1.2592053767393658,100
2024-03-16 07:00:00+05:30,7.2,63.0,27.5,1008.9,9.306932278723064,100
2024-03-16 08:00:00+05:30,8.4,65.0,29.7,1009.3,20.167506391562657,100
2024-03-16 09:00:00+05:30,9.1,81.0,32.2,1009.8,28.89988571454147,100
2024-03-16 10:00:00+05:30,14.7,101.0,33.5,1009.4,98.94411281119429,100
2024-03-16 11:00:00+05:30,21.8,112.0,32.3,1008.6,95.91030765996636,100
2024-03-16 12:00:00+05:30,23.3,122.0,31.9,1007.5,100.0,100
2024-03-16 13:00:00+05:30,22.1,134.0,31.5,1006.6,95.47075331641119,100
2024-03-16 14:00:00+05:30,19.2,150.0,31.1,1005.9,100.0,100
2024-03-16 15:00:00+05:30,16.5,164.0,30.8,1005.5,98.73587738420454,100
2024-03-16 16:00:00+05:30,14.6,171.0,30.4,1005.5,98.26440315852408,100
2024-03-16 17:00:00+05:30,10.9,172.0,29.8,1005.9,64.76121118824362,100
2024-03-16 18:00:00+05:30,9.0,143.0,28.6,1006.6,29.433055168210913,100
2024-03-16 19:00:00+05:30,6.1,135.0,28.2,1007.2,4.1947826160442965,100
2024-03-16 20:00:00+05:30,3.1,144.0,27.3,1007.7,0.0,100
2024-03-16 21:00:00+05:30,2.8,220.0,27.6,1008.2,0.9389453370081505,100
2024-03-16 22:00:00+05:30,4.7,293.0,25.6,1008.4,1.3190004397722326,100
2024-03-16 23:00:00+05:30,4.5,299.0,25.4,1008.2,1.1642005857769067,100
2024-03-17 00:00:00+05:30,5.4,323.0,24.4,1007.7,2.5778100527786707,100
2024-03-17 01:00:00+05:30,4.1,345.0,24.1,1007.3,0.4705701049050288,100
2024-03-17 02:00:00+05:30,4.7,356.0,23.5,1006.9,0.08148006365584104,100
2024-03-17 03:00:00+05:30,4.3,360.0,24.5,1006.8,0.0,100
2024-03-17 04:00:00+05:30,5.4,8.0,24.3,1007.0,2.0797428331861645,100
2024-03-17 05:00:00+05:30,4.8,42.0,24.3,1007.4,1.0110118124615164,100
2024-03-17 06:00:00+05:30,5.9,11.0,25.1,1008.1,1.9300232661065513,100
2024-03-17 07:00:00+05:30,7.8,22.0,27.5,1009.0,14.513242455111738,100
2024-03-17 08:00:00+05:30,9.4,83.0,29.4,1009.6,35.33740989230732,100
2024-03-17 09:00:00+05:30,12.3,105.0,30.2,1010.0,98.82182534973634,100
2024-03-17 10:00:00+05:30,12.7,119.0,30.6,1010.0,100.0,100
2024-03-17 11:00:00+05:30,12.5,136.0,30.9,1009.4,96.491965011478,100
2024-03-17 12:00:00+05:30,13.3,147.0,31.1,1008.3,100.0,100
2024-03-17 13:00:00+05:30,13.9,155.0,31.1,1007.4,100.0,100
2024-03-17 14:00:00+05:30,14.9,160.0,31.0,1006.7,99.66761042715022,100
2024-03-17 15:00:00+05:30,15.1,155.0,30.9,1006.2,99.61854774825098,100
2024-03-17 16:00:00+05:30,14.7,152.0,30.6,1006.1,100.0,100
2024-03-17 17:00:00+05:30,11.8,157.0,29.8,1006.4,94.8687269981002,100
2024-03-17 18:00:00+05:30,16.1,106.0,28.9,1006.9,99.80306943622807,100
2024-03-17 19:00:00+05:30,12.0,97.0,28.3,1007.3,98.0981941062848,100
2024-03-17 20:00:00+05:30,6.2,83.0,27.6,1007.9,4.803526336133569,100
2024-03-17 21:00:00+05:30,5.1,86.0,26.0,1008.5,2.2459361291350595,100
2024-03-17 22:00:00+05:30,6.4,74.0,25.2,1008.9,7.092293806029078,100
2024-03-17 23:00:00+05:30,5.2,16.0,24.4,1009.1,1.3960014424759335,100
2024-03-18 00:00:00+05:30,4.0,350.0,24.3,1008.8,0.11011749070645181,100
2024-03-18 01:00:00+05:30,4.8,347.0,24.1,1008.2,0.3168997761909074,100
2024-03-18 02:00:00+05:30,5.6,345.0,23.9,1007.7,4.06001507506083,100
2024-03-18 03:00:00+05:30,4.6,342.0,23.6,1007.3,1.8407208631246328,100
2024-03-18 04:00:00+05:30,4.2,340.0,23.1,1007.2,0.511145459545318,100
2024-03-18 05:00:00+05:30,4.3,336.0,22.7,1007.3,1.2303615384939453,100
2024-03-18 06:00:00+05:30,4.7,4.0,24.1,1007.9,0.19675721132631285,100
2024-03-18 07:00:00+05:30,9.7,27.0,27.0,1008.9,39.829544473008774,100
2024-03-18 08:00:00+05:30,15.0,42.0,29.1,1009.7,96.28505960931398,100
2024-03-18 09:00:00+05:30,18.6,49.0,30.7,1009.9,100.0,100
2024-03-18 10:00:00+05:30,16.8,62.0,32.7,1009.6,98.93190099553641,100
2024-03-18 11:00:00+05:30,18.9,81.0,34.2,1008.5,99.27762862672195,100
2024-03-18 12:00:00+05:30,24.6,97.0,33.7,1007.1,99.74860729336812,100
2024-03-18 13:00:00+05:30,28.6,105.0,32.5,1005.9,0.18248299811049287,100
2024-03-18 14:00:00+05:30,27.3,111.0,31.7,1005.1,0.0,100
2024-03-18 15:00:00+05:30,21.5,121.0,31.1,1004.9,100.0,100
2024-03-18 16:00:00+05:30,15.1,142.0,30.7,1005.2,100.0,100
2024-03-18 17:00:00+05:30,11.9,178.0,29.8,1005.8,96.05867989668637,100
2024-03-18 18:00:00+05:30,19.0,75.0,30.1,1005.9,98.84475498522217,100
2024-03-18 19:00:00+05:30,11.8,50.0,29.6,1006.6,94.15093159477682,100
2024-03-18 20:00:00+05:30,5.4,4.0,28.7,1007.4,2.5527842597325394,100
2024-03-18 21:00:00+05:30,13.7,305.0,28.3,1008.1,99.47039146013056,100
2024-03-18 22:00:00+05:30,15.1,308.0,27.3,1008.5,100.0,100
2024-03-18 23:00:00+05:30,14.6,308.0,26.8,1008.4,99.66213266126704,100
2024-03-19 00:00:00+05:30,12.8,308.0,26.2,1007.9,99.67965239982925,100
2024-03-19 01:00:00+05:30,9.9,314.0,25.6,1007.2,46.30181937310163,100
2024-03-19 02:00:00+05:30,8.1,315.0,25.1,1006.5,18.132388212883615,100
2024-03-19 03:00:00+05:30,5.4,318.0,24.3,1006.3,0.030409082628543027,100
2024-03-19 04:00:00+05:30,5.5,328.0,23.7,1006.3,2.396030714451508,100
2024-03-19 05:00:00+05:30,4.6,342.0,23.2,1006.6,0.28565235168753644,100
2024-03-19 06:00:00+05:30,7.4,23.0,25.6,1007.3,12.99684239409779,100
2024-03-19 07:00:00+05:30,12.8,38.0,27.9,1008.2,100.0,100
2024-03-19 08:00:00+05:30,18.1,44.0,30.1,1008.7,98.32756768487107,100
2024-03-19 09:00:00+05:30,19.5,52.0,31.5,1009.1,99.71770532218544,100
2024-03-19 10:00:00+05:30,18.2,63.0,33.0,1008.6,96.13545877814637,100
2024-03-19 11:00:00+05:30,19.6,84.0,33.9,1007.5,100.0,100
2024-03-19 12:00:00+05:30,26.5,97.0,32.7,1006.7,0.0,100
2024-03-19 13:00:00+05:30,30.7,100.0,31.4,1005.8,0.7671531027684955,100
2024-03-19 14:00:00+05:30,32.1,100.0,31.2,1004.7,0.0,100
2024-03-19 15:00:00+05:30,30.7,104.0,30.5,1004.4,0.0,100
2024-03-19 16:00:00+05:30,27.9,104.0,30.3,1004.4,3.2564154039336515,100
2024-03-19 17:00:00+05:30,21.4,110.0,29.4,1004.9,100.0,100
2024-03-19 18:00:00+05:30,22.5,97.0,28.5,1005.9,100.0,100
2024-03-19 19:00:00+05:30,13.7,88.0,28.1,1006.8,100.0,100
2024-03-19 20:00:00+05:30,5.8,68.0,27.5,1007.5,2.969580943023207,100
2024-03-19 21:00:00+05:30,4.5,29.0,26.4,1008.1,0.0,100
2024-03-19 22:00:00+05:30,4.0,360.0,25.9,1008.3,0.42783035867961106,100
2024-03-19 23:00:00+05:30,2.3,39.0,27.2,1008.4,0.0,100
2024-03-20 00:00:00+05:30,1.8,11.0,27.0,1007.7,0.19370144822690546,100
2024-03-20 01:00:00+05:30,5.2,56.0,25.2,1006.8,1.4600413957252698,100
2024-03-20 02:00:00+05:30,6.8,65.0,24.2,1006.1,5.637768906630103,100
2024-03-20 03:00:00+05:30,7.1,45.0,23.6,1005.8,8.317157731332347,100
2024-03-20 04:00:00+05:30,4.7,23.0,23.9,1005.9,2.0848326048390646,100
2024-03-20 05:00:00+05:30,5.9,14.0,23.7,1006.4,0.6496706578943496,100
2024-03-20 06:00:00+05:30,11.0,58.0,25.9,1006.8,72.47916279770568,100
2024-03-20 07:00:00+05:30,12.1,63.0,27.2,1007.9,100.0,100
2024-03-20 08:00:00+05:30,15.9,52.0,29.6,1008.5,98.92833417968228,100
2024-03-20 09:00:00+05:30,19.5,52.0,31.4,1008.8,100.0,100
2024-03-20 10:00:00+05:30,17.9,62.0,32.9,1008.5,99.24807861848821,100
2024-03-20 11:00:00+05:30,17.7,70.0,34.4,1007.7,100.0,100
2024-03-20 12:00:00+05:30,21.6,90.0,34.8,1006.4,100.0,100
2024-03-20 13:00:00+05:30,29.7,97.0,32.9,1005.6,0.0,100
2024-03-20 14:00:00+05:30,34.3,103.0,31.5,1004.6,1.8666057630350212,100
2024-03-20 15:00:00+05:30,32.4,105.0,30.8,1004.2,0.0,100
2024-03-20 16:00:00+05:30,27.9,110.0,30.5,1004.3,1.1576418612670876,100
2024-03-20 17:00:00+05:30,20.3,117.0,29.7,1004.9,97.45635091630798,100
2024-03-20 18:00:00+05:30,19.6,96.0,28.9,1005.3,100.0,100
2024-03-20 19:00:00+05:30,11.7,81.0,28.5,1006.2,94.92871841927287,100
2024-03-20 20:00:00+05:30,4.0,63.0,27.5,1006.9,0.0,100
2024-03-20 21:00:00+05:30,2.5,360.0,28.1,1007.3,0.0,100
2024-03-20 22:00:00+05:30,3.3,283.0,26.3,1007.7,0.0,100
2024-03-20 23:00:00+05:30,3.3,49.0,27.0,1008.0,0.535051549251661,100
2024-03-21 00:00:00+05:30,6.1,28.0,24.9,1007.3,3.286385254894393,100
2024-03-21 01:00:00+05:30,5.0,21.0,25.3,1006.8,0.7615412305474718,100
2024-03-21 02:00:00+05:30,4.7,9.0,25.3,1006.0,1.0618492528565928,100
2024-03-21 03:00:00+05:30,12.9,36.0,26.2,1005.8,100.0,100
2024-03-21 04:00:00+05:30,10.6,35.0,25.5,1005.9,60.505669280258125,100
2024-03-21 05:00:00+05:30,13.4,85.0,24.7,1006.6,99.68190746219496,100
2024-03-21 06:00:00+05:30,13.7,23.0,26.5,1006.6,97.99259025773834,100
2024-03-21 07:00:00+05:30,22.5,32.0,27.2,1007.6,99.6014549814208,100
2024-03-21 08:00:00+05:30,22.5,39.0,28.7,1008.3,98.95409805700753,100
2024-03-21 09:00:00+05:30,18.4,51.0,30.4,1008.4,100.0,100
2024-03-21 10:00:00+05:30,19.3,63.0,32.3,1008.2,97.18107988745723,100
2024-03-21 11:00:00+05:30,20.3,73.0,33.1,1007.2,97.64014340495768,100
2024-03-21 12:00:00+05:30,22.9,82.0,33.1,1006.0,99.9649473954434,100
2024-03-21 13:00:00+05:30,25.3,85.0,32.9,1005.0,1.7558868502086928,100
2024-03-21 14:00:00+05:30,26.5,83.0,33.1,1003.8,0.45843090872209524,100
2024-03-21 15:00:00+05:30,27.1,85.0,32.8,1003.2,0.0,100
2024-03-21 16:00:00+05:30,25.4,83.0,32.3,1003.1,0.35704861887809775,100
2024-03-21 17:00:00+05:30,24.9,87.0,31.1,1003.5,100.0,100
2024-03-21 18:00:00+05:30,22.7,70.0,30.6,1004.4,97.44244089809891,100
2024-03-21 19:00:00+05:30,21.4,63.0,30.0,1005.2,93.13109706001768,100
2024-03-21 20:00:00+05:30,20.3,60.0,29.4,1006.1,99.92417736510322,100
2024-03-21 21:00:00+05:30,18.8,54.0,28.8,1006.8,99.95868400704406,100
2024-03-21 22:00:00+05:30,20.3,60.0,28.6,1007.3,100.0,100
2024-03-21 23:00:00+05:30,22.2,48.0,27.0,1007.3,99.5772079324162,100
2024-03-22 00:00:00+05:30,22.7,41.0,25.7,1006.9,97.98412069530953,100
2024-03-22 01:00:00+05:30,23.0,40.0,25.2,1006.1,98.10341141119713,100
2024-03-22 02:00:00+05:30,22.0,40.0,24.4,1005.2,100.0,100
2024-03-22 03:00:00+05:30,19.4,42.0,24.8,1004.7,100.0,100
2024-03-22 04:00:00+05:30,18.9,40.0,24.9,1004.8,100.0,100
2024-03-22 05:00:00+05:30,19.7,35.0,25.1,1005.0,98.32382532303122,100
2024-03-22 06:00:00+05:30,20.7,41.0,25.7,1005.0,99.07112013333922,100
2024-03-22 07:00:00+05:30,21.9,45.0,27.5,1005.6,100.0,100
2024-03-22 08:00:00+05:30,24.7,42.0,29.2,1006.5,100.0,100
2024-03-22 09:00:00+05:30,26.3,49.0,30.9,1007.0,0.5112238563735925,100
2024-03-22 10:00:00+05:30,23.6,52.0,32.2,1007.1,97.1508188420087,100
2024-03-22 11:00:00+05:30,25.4,63.0,32.8,1006.0,0.205397024669858,100
2024-03-22 12:00:00+05:30,22.5,83.0,32.9,1004.9,100.0,100
2024-03-22 13:00:00+05:30,25.8,97.0,32.0,1004.1,0.38873545275838667,100
2024-03-22 14:00:00+05:30,22.2,73.0,29.9,1003.5,98.79487092412828,100
2024-03-22 15:00:00+05:30,15.8,73.0,31.8,1002.6,98.77033860223916,100
2024-03-22 16:00:00+05:30,17.3,89.0,31.4,1002.5,100.0,100
2024-03-22 17:00:00+05:30,17.7,103.0,29.5,1003.2,99.18024263291497,100
2024-03-22 18:00:00+05:30,16.7,71.0,29.1,1003.8,97.46430370254365,100
2024-03-22 19:00:00+05:30,17.2,64.0,28.8,1004.5,98.97055000895729,100
2024-03-22 20:00:00+05:30,17.6,44.0,28.7,1005.3,100.0,100
2024-03-22 21:00:00+05:30,17.3,47.0,28.4,1006.0,100.0,100
2024-03-22 22:00:00+05:30,18.0,53.0,28.2,1006.7,97.63589227893263,100
2024-03-22 23:00:00+05:30,17.1,48.0,27.7,1006.6,100.0,100
2024-03-23 00:00:00+05:30,17.3,43.0,27.5,1005.4,99.18631502251314,100
2024-03-23 01:00:00+05:30,16.1,42.0,27.4,1004.7,97.31122562202384,100
2024-03-23 02:00:00+05:30,15.4,37.0,27.1,1004.1,99.65786108625191,100
2024-03-23 03:00:00+05:30,14.8,43.0,27.0,1003.8,98.7004030076994,100
2024-03-23 04:00:00+05:30,15.1,50.0,26.6,1003.8,98.0465606636842,100
2024-03-23 05:00:00+05:30,13.0,48.0,26.5,1004.4,100.0,100
2024-03-23 06:00:00+05:30,17.1,46.0,27.6,1004.8,100.0,100
2024-03-23 07:00:00+05:30,20.4,44.0,28.7,1005.6,100.0,100
2024-03-23 08:00:00+05:30,22.2,43.0,30.3,1006.4,97.57169096687139,100
2024-03-23 09:00:00+05:30,23.2,46.0,31.8,1007.0,100.0,100
2024-03-23 10:00:00+05:30,21.8,52.0,33.3,1006.9,99.60619814732567,100
2024-03-23 11:00:00+05:30,21.3,66.0,34.1,1006.4,98.79130194588699,100
2024-03-23 12:00:00+05:30,22.7,86.0,34.2,1005.3,96.17297510294965,100
2024-03-23 13:00:00+05:30,26.3,100.0,32.7,1004.1,0.9427457937794937,100
2024-03-23 14:00:00+05:30,28.3,102.0,31.9,1003.2,1.9589926220415517,100
2024-03-23 15:00:00+05:30,23.3,103.0,31.3,1002.7,100.0,100
2024-03-23 16:00:00+05:30,18.8,107.0,31.1,1002.8,99.31938264747205,100
2024-03-23 17:00:00+05:30,13.5,99.0,30.3,1003.5,97.94342094602277,100
2024-03-23 18:00:00+05:30,19.5,88.0,30.0,1004.2,100.0,100
2024-03-23 19:00:00+05:30,16.8,75.0,29.4,1005.1,95.7758797863797,100
2024-03-23 20:00:00+05:30,13.5,61.0,28.9,1005.9,99.96476049851694,100
2024-03-23 21:00:00+05:30,9.4,43.0,28.4,1006.5,35.44966513666868,100
2024-03-23 22:00:00+05:30,6.9,6.0,27.7,1007.0,8.274367667111374,100
2024-03-23 23:00:00+05:30,5.4,312.0,26.8,1007.2,2.0320442130762886,100
2024-03-24 00:00:00+05:30,4.2,290.0,26.1,1006.9,1.9584434102646215,100
2024-03-24 01:00:00+05:30,5.0,300.0,25.6,1006.0,1.5668686749530862,100
2024-03-24 02:00:00+05:30,4.3,294.0,25.2,1005.3,0.0,100
2024-03-24 03:00:00+05:30,5.2,282.0,24.7,1005.1,1.3542505712705966,100
2024-03-24 04:00:00+05:30,3.1,249.0,24.7,1005.5,0.0,100
2024-03-24 05:00:00+05:30,0.8,243.0,25.6,1005.9,0.0,100
2024-03-24 06:00:00+05:30,12.5,49.0,27.1,1006.8,100.0,100
2024-03-24 07:00:00+05:30,16.1,48.0,28.1,1007.8,100.0,100
2024-03-24 08:00:00+05:30,19.9,46.0,29.9,1008.6,98.55122309987637,100
2024-03-24 09:00:00+05:30,20.8,53.0,31.0,1009.3,100.0,100
2024-03-24 10:00:00+05:30,20.0,64.0,31.9,1009.1,99.1287692604734,100
2024-03-24 11:00:00+05:30,20.5,68.0,32.0,1008.7,97.67557029201474,100
2024-03-24 12:00:00+05:30,21.3,86.0,32.3,1007.8,98.11043450426017,100
2024-03-24 13:00:00+05:30,24.6,102.0,31.9,1006.6,99.38938903255698,100
2024-03-24 14:00:00+05:30,27.4,107.0,31.0,1005.5,0.0,100
2024-03-24 15:00:00+05:30,27.2,105.0,30.9,1004.8,0.6351860051114294,100
2024-03-24 16:00:00+05:30,24.1,107.0,30.2,1004.9,100.0,100
2024-03-24 17:00:00+05:30,19.8,117.0,29.5,1005.2,100.0,100
2024-03-24 18:00:00+05:30,21.0,97.0,28.8,1005.6,100.0,100
2024-03-24 19:00:00+05:30,17.7,85.0,28.4,1006.4,99.56049315746758,100
2024-03-24 20:00:00+05:30,13.4,70.0,28.2,1007.2,100.0,100
2024-03-24 21:00:00+05:30,11.5,51.0,27.6,1007.8,84.0488133946523,100
2024-03-24 22:00:00+05:30,12.0,49.0,27.0,1008.2,100.0,100
2024-03-24 23:00:00+05:30,12.2,45.0,26.7,1008.2,100.0,100
2024-03-25 00:00:00+05:30,13.0,34.0,26.7,1007.7,95.88679040444302,100
2024-03-25 01:00:00+05:30,11.8,38.0,26.8,1007.2,95.19954530278687,100
2024-03-25 02:00:00+05:30,14.0,35.0,27.1,1006.5,97.56447136436681,100
2024-03-25 03:00:00+05:30,16.0,23.0,26.8,1006.3,100.0,100
2024-03-25 04:00:00+05:30,15.4,11.0,26.4,1006.2,100.0,100
2024-03-25 05:00:00+05:30,14.6,20.0,26.3,1006.4,100.0,100
2024-03-25 06:00:00+05:30,18.8,36.0,27.0,1007.1,99.10271898256404,100
2024-03-25 07:00:00+05:30,22.0,40.0,28.2,1007.5,98.89210106112849,100
2024-03-25 08:00:00+05:30,23.5,40.0,29.5,1008.1,100.0,100
2024-03-25 09:00:00+05:30,23.4,44.0,31.2,1008.8,98.5340806757509,100
2024-03-25 10:00:00+05:30,22.5,49.0,32.9,1008.4,100.0,100
2024-03-25 11:00:00+05:30,21.0,55.0,34.3,1007.7,97.86586130701713,100
2024-03-25 12:00:00+05:30,20.4,81.0,34.9,1006.6,100.0,100
2024-03-25 13:00:00+05:30,28.4,98.0,33.5,1005.5,3.3453317491068715,100
2024-03-25 14:00:00+05:30,31.8,100.0,32.5,1004.6,0.0,100
2024-03-25 15:00:00+05:30,31.6,98.0,32.1,1004.1,0.06605355302117435,100
2024-03-25 16:00:00+05:30,27.9,101.0,31.4,1004.1,0.009196917123531392,100
2024-03-25 17:00:00+05:30,24.5,100.0,30.1,1004.8,97.01524592385876,100
2024-03-25 18:00:00+05:30,20.3,84.0,29.9,1005.6,100.0,100
2024-03-25 19:00:00+05:30,16.8,62.0,29.7,1006.3,98.66925406661832,100
2024-03-25 20:00:00+05:30,14.3,43.0,29.0,1007.0,99.40748299282188,100
2024-03-25 21:00:00+05:30,10.5,31.0,28.3,1007.8,59.15823842491975,100
2024-03-25 22:00:00+05:30,5.9,11.0,27.6,1008.4,1.797120656717567,100
2024-03-25 23:00:00+05:30,6.2,339.0,26.6,1008.2,3.9475661965744377,100
2024-03-26 00:00:00+05:30,8.2,345.0,25.4,1007.9,19.79746316801801,100
2024-03-26 01:00:00+05:30,5.1,4.0,27.0,1007.5,0.2501442944836141,100
2024-03-26 02:00:00+05:30,1.4,270.0,27.2,1007.0,0.0,100
2024-03-26 03:00:00+05:30,3.0,284.0,26.5,1006.7,0.0,100
2024-03-26 04:00:00+05:30,0.8,333.0,26.4,1006.9,2.104256017754119,100
2024-03-26 05:00:00+05:30,5.1,8.0,23.7,1007.5,0.6742824691596783,100
2024-03-26 06:00:00+05:30,10.2,18.0,26.0,1008.0,54.73978661566287,100
2024-03-26 07:00:00+05:30,15.1,25.0,27.6,1008.7,100.0,100
2024-03-26 08:00:00+05:30,17.6,35.0,29.6,1009.1,97.6245948707758,100
2024-03-26 09:00:00+05:30,16.1,42.0,31.6,1009.7,97.26810403489975,100
2024-03-26 10:00:00+05:30,15.3,56.0,33.4,1009.2,96.44362701182666,100
2024-03-26 11:00:00+05:30,16.7,84.0,34.8,1008.4,100.0,100
2024-03-26 12:00:00+05:30,21.3,106.0,34.2,1007.2,98.86174482374241,100
2024-03-26 13:00:00+05:30,23.7,120.0,32.6,1006.5,98.26244013293689,100
2024-03-26 14:00:00+05:30,23.4,127.0,31.3,1005.9,100.0,100
2024-03-26 15:00:00+05:30,19.1,134.0,30.8,1005.8,100.0,100
2024-03-26 16:00:00+05:30,12.7,155.0,30.8,1005.8,99.86638950105697,100
2024-03-26 17:00:00+05:30,9.6,167.0,30.5,1006.3,38.37579759830449,100
2024-03-26 18:00:00+05:30,12.1,113.0,29.4,1006.9,100.0,100
2024-03-26 19:00:00+05:30,9.5,119.0,28.9,1007.7,35.0651733661524,100
2024-03-26 20:00:00+05:30,4.3,114.0,28.4,1008.8,0.5190390096916021,100
2024-03-26 21:00:00+05:30,2.1,59.0,28.5,1009.4,0.6920320722991266,100
2024-03-26 22:00:00+05:30,2.5,352.0,28.0,1009.8,0.0,100
2024-03-26 23:00:00+05:30,5.8,22.0,25.5,1010.1,4.248330730782479,100
2024-03-27 00:00:00+05:30,5.7,35.0,26.1,1010.1,2.9934197947940553,100
2024-03-27 01:00:00+05:30,6.2,36.0,25.7,1009.7,4.619172161513465,100
2024-03-27 02:00:00+05:30,5.4,4.0,24.5,1009.2,0.0,100
2024-03-27 03:00:00+05:30,3.1,339.0,24.6,1008.7,0.2819311441712583,100
2024-03-27 04:00:00+05:30,3.8,17.0,24.4,1008.9,1.3505968349313686,100
2024-03-27 05:00:00+05:30,4.2,20.0,24.8,1009.3,0.0,100
2024-03-27 06:00:00+05:30,17.1,42.0,26.6,1009.3,100.0,100
2024-03-27 07:00:00+05:30,16.6,49.0,27.7,1010.2,100.0,100
2024-03-27 08:00:00+05:30,17.1,49.0,30.0,1010.7,99.82150931462864,100
2024-03-27 09:00:00+05:30,18.3,54.0,32.3,1011.1,100.0,100
2024-03-27 10:00:00+05:30,20.3,60.0,33.5,1010.9,98.9961880497738,100
2024-03-27 11:00:00+05:30,21.4,70.0,34.9,1010.4,99.78673736968405,100
2024-03-27 12:00:00+05:30,23.8,93.0,34.2,1009.1,99.94461322333632,100
2024-03-27 13:00:00+05:30,28.2,96.0,31.9,1008.4,1.077383821854672,100
2024-03-27 14:00:00+05:30,27.4,92.0,31.9,1007.2,1.0899728240857816,100
2024-03-27 15:00:00+05:30,24.1,99.0,32.2,1006.0,99.64306944431118,100
2024-03-27 16:00:00+05:30,25.0,105.0,31.0,1005.9,100.0,100
2024-03-27 17:00:00+05:30,23.8,100.0,29.5,1006.6,100.0,100
2024-03-27 18:00:00+05:30,24.1,76.0,29.6,1007.5,96.26575092526059,100
2024-03-27 19:00:00+05:30,20.2,68.0,29.2,1008.2,100.0,100
2024-03-27 20:00:00+05:30,16.7,57.0,28.8,1008.7,100.0,100
2024-03-27 21:00:00+05:30,14.6,50.0,28.5,1009.3,98.72799007307903,100
2024-03-27 22:00:00+05:30,12.5,44.0,28.4,1009.8,98.08698641441,100
2024-03-27 23:00:00+05:30,11.5,41.0,28.4,1010.2,84.51216010949231,100
2024-03-28 00:00:00+05:30,12.1,27.0,28.3,1009.5,99.5445200908596,100
2024-03-28 01:00:00+05:30,11.4,28.0,28.0,1008.6,80.34423914807623,100
2024-03-28 02:00:00+05:30,11.9,29.0,27.6,1007.9,93.95468128543679,100
2024-03-28 03:00:00+05:30,11.5,44.0,27.3,1007.4,83.66153943621134,100
2024-03-28 04:00:00+05:30,11.3,37.0,26.8,1007.1,79.33985300327875,100
2024-03-28 05:00:00+05:30,12.2,47.0,26.5,1007.5,100.0,100
2024-03-28 06:00:00+05:30,16.7,37.0,26.9,1008.2,100.0,100
2024-03-28 07:00:00+05:30,17.3,45.0,27.7,1009.0,100.0,100
2024-03-28 08:00:00+05:30,19.6,43.0,29.8,1009.4,100.0,100
2024-03-28 09:00:00+05:30,20.0,51.0,31.5,1009.8,100.0,100
2024-03-28 10:00:00+05:30,17.4,66.0,32.9,1009.7,97.50712864406702,100
2024-03-28 11:00:00+05:30,19.6,73.0,34.0,1008.6,100.0,100
2024-03-28 12:00:00+05:30,20.6,94.0,34.6,1007.6,100.0,100
2024-03-28 13:00:00+05:30,21.8,112.0,33.2,1006.4,97.47372457502833,100
2024-03-28 14:00:00+05:30,19.3,123.0,31.6,1005.7,100.0,100
2024-03-28 15:00:00+05:30,14.8,104.0,31.2,1005.5,100.0,100
2024-03-28 16:00:00+05:30,10.8,127.0,31.3,1005.2,66.1380818568982,100
2024-03-28 17:00:00+05:30,10.2,138.0,30.1,1005.2,51.84892854318788,100
2024-03-28 18:00:00+05:30,13.6,102.0,29.5,1005.6,100.0,100
2024-03-28 19:00:00+05:30,8.0,117.0,29.1,1006.6,16.575221138220066,100
2024-03-28 20:00:00+05:30,2.4,117.0,28.7,1007.5,0.0,100
2024-03-28 21:00:00+05:30,1.4,360.0,29.0,1008.1,0.688800708968408,100
2024-03-28 22:00:00+05:30,4.2,290.0,27.8,1008.6,0.0,100
2024-03-28 23:00:00+05:30,4.0,275.0,27.3,1008.9,0.5506741113751299,100
2024-03-29 00:00:00+05:30,4.0,280.0,26.8,1008.4,0.512823793341251,100
2024-03-29 01:00:00+05:30,4.5,299.0,26.6,1007.6,0.10912303084586011,100
2024-03-29 02:00:00+05:30,6.1,310.0,26.4,1006.8,3.956381992995705,100
2024-03-29 03:00:00+05:30,7.7,307.0,26.1,1006.4,14.114916557926087,100
2024-03-29 04:00:00+05:30,9.3,306.0,25.6,1006.5,34.69479637648798,100
2024-03-29 05:00:00+05:30,7.5,305.0,25.6,1006.7,12.915861252487419,100
2024-03-29 06:00:00+05:30,12.7,65.0,25.3,1007.2,100.0,100
2024-03-29 07:00:00+05:30,8.9,63.0,26.0,1008.1,27.118508184139923,100
2024-03-29 08:00:00+05:30,6.5,71.0,27.4,1009.1,5.438273432884448,100
2024-03-29 09:00:00+05:30,8.0,117.0,28.9,1009.4,17.918847683449904,100
2024-03-29 10:00:00+05:30,10.2,132.0,30.3,1009.2,49.6207557931268,100
2024-03-29 11:00:00+05:30,11.8,149.0,31.0,1008.5,88.21466651840869,100
2024-03-29 12:00:00+05:30,14.0,154.0,31.5,1007.7,98.28312522319293,100
2024-03-29 13:00:00+05:30,17.3,159.0,31.5,1006.6,100.0,100
2024-03-29 14:00:00+05:30,18.4,157.0,31.0,1005.7,100.0,100
2024-03-29 15:00:00+05:30,13.4,185.0,30.7,1005.6,97.33996431438119,100
2024-03-29 16:00:00+05:30,12.0,189.0,30.5,1005.5,100.0,100
2024-03-29 17:00:00+05:30,10.2,198.0,29.9,1005.6,51.723815931822315,100
2024-03-29 18:00:00+05:30,7.7,143.0,29.0,1005.8,12.890052729869254,100
2024-03-29 19:00:00+05:30,4.9,144.0,28.5,1006.5,1.0174805058013983,100
2024-03-29 20:00:00+05:30,3.7,191.0,27.6,1007.2,0.0,100
2024-03-29 21:00:00+05:30,4.3,228.0,27.2,1008.1,0.7504943842321579,100
2024-03-29 22:00:00+05:30,4.8,257.0,27.2,1008.6,1.3323469003465234,100
2024-03-29 23:00:00+05:30,5.5,281.0,26.9,1008.8,2.570562962000106,100
2024-03-30 00:00:00+05:30,5.0,291.0,26.4,1008.3,0.028440026733172585,100
2024-03-30 01:00:00+05:30,4.8,297.0,26.0,1007.6,0.0,100
2024-03-30 02:00:00+05:30,5.6,310.0,25.7,1007.2,0.827849043162471,100
2024-03-30 03:00:00+05:30,6.9,313.0,25.5,1007.1,8.789757624887795,100
2024-03-30 04:00:00+05:30,7.4,317.0,25.4,1007.0,12.647085193372133,100
2024-03-30 05:00:00+05:30,7.6,315.0,25.4,1007.2,12.955388851192074,100
2024-03-30 06:00:00+05:30,5.1,8.0,25.8,1007.8,0.5139545089893854,100
2024-03-30 07:00:00+05:30,6.9,39.0,27.9,1008.5,8.997242198400958,100
2024-03-30 08:00:00+05:30,8.1,58.0,30.4,1009.1,17.203061865708694,100
2024-03-30 09:00:00+05:30,9.6,77.0,32.3,1009.6,34.178365220926054,100
2024-03-30 10:00:00+05:30,12.2,104.0,33.4,1009.3,100.0,100
2024-03-30 11:00:00+05:30,17.0,126.0,33.5,1008.7,100.0,100
2024-03-30 12:00:00+05:30,21.1,134.0,32.1,1007.9,100.0,100
2024-03-30 13:00:00+05:30,21.8,141.0,31.7,1007.3,97.86044434199637,100
2024-03-30 14:00:00+05:30,19.5,150.0,31.2,1006.6,100.0,100
2024-03-30 15:00:00+05:30,18.7,164.0,30.7,1006.2,100.0,100
2024-03-30 16:00:00+05:30,13.8,171.0,29.6,1006.2,99.01129286545272,100
2024-03-30 17:00:00+05:30,8.8,189.0,29.0,1006.9,26.576357702551558,100
2024-03-30 18:00:00+05:30,12.2,161.0,29.3,1007.3,100.0,100
2024-03-30 19:00:00+05:30,9.7,182.0,28.7,1008.2,42.65115884011672,100
2024-03-30 20:00:00+05:30,5.5,212.0,28.2,1009.0,3.5024305351569334,100
2024-03-30 21:00:00+05:30,5.5,247.0,27.7,1009.6,3.0779744127896125,100
2024-03-30 22:00:00+05:30,6.2,260.0,27.4,1010.0,3.5299076683620862,100
2024-03-30 23:00:00+05:30,6.1,267.0,27.0,1010.0,4.915248473110744,100
2024-03-31 00:00:00+05:30,5.7,288.0,26.5,1009.6,2.0022823144519646,100
2024-03-31 01:00:00+05:30,6.9,309.0,26.0,1009.0,8.06072983565082,100
2024-03-31 02:00:00+05:30,6.9,321.0,25.6,1008.6,7.442654797307801,100
2024-03-31 03:00:00+05:30,8.2,319.0,25.2,1008.3,18.826583756932337,100
2024-03-31 04:00:00+05:30,8.2,319.0,25.2,1008.6,18.18586422120295,100
2024-03-31 05:00:00+05:30,5.9,317.0,25.0,1008.9,2.1342408667260013,100
2024-03-31 06:00:00+05:30,4.3,355.0,26.2,1009.3,0.0,100
2024-03-31 07:00:00+05:30,2.6,56.0,28.7,1010.1,0.48829184338522147,100
2024-03-31 08:00:00+05:30,5.9,133.0,30.2,1010.6,5.018251599197047,100
2024-03-31 09:00:00+05:30,5.6,140.0,31.5,1011.0,1.477206713674006,100
2024-03-31 10:00:00+05:30,9.9,161.0,32.6,1010.6,42.95493193393614,100
2024-03-31 11:00:00+05:30,14.8,174.0,32.4,1010.1,100.0,100
2024-03-31 12:00:00+05:30,15.5,192.0,32.5,1009.3,98.79565558894265,100
2024-03-31 13:00:00+05:30,16.7,194.0,32.8,1008.2,100.0,100
2024-03-31 14:00:00+05:30,17.0,193.0,32.3,1007.2,99.52595689121603,100
2024-03-31 15:00:00+05:30,15.0,201.0,32.1,1006.6,100.0,100
2024-03-31 16:00:00+05:30,15.3,210.0,31.4,1006.3,100.0,100
2024-03-31 17:00:00+05:30,13.8,221.0,30.6,1006.3,98.26404468797217,100
2024-03-31 18:00:00+05:30,9.7,207.0,29.7,1006.7,41.43521779391163,100
2024-03-31 19:00:00+05:30,7.3,213.0,29.2,1007.0,9.80497060734836,100
2024-03-31 20:00:00+05:30,5.4,222.0,29.0,1007.7,1.3027350246678884,100
2024-03-31 21:00:00+05:30,4.0,243.0,28.4,1008.2,1.639113688708207,100
2024-03-31 22:00:00+05:30,3.8,253.0,27.8,1008.4,0.4643991222056489,100
2024-03-31 23:00:00+05:30,4.7,274.0,27.4,1008.5,1.7150151540529435,100
2024-04-01 00:00:00+05:30,6.4,297.0,27.1,1008.0,5.499832913130291,100
2024-04-01 01:00:00+05:30,8.7,308.0,26.8,1007.1,27.00377709808452,100
2024-04-01 02:00:00+05:30,10.0,311.0,26.4,1006.7,50.097315817078155,100
2024-04-01 03:00:00+05:30,10.1,305.0,26.2,1006.5,51.44004168205587,100
2024-04-01 04:00:00+05:30,8.6,292.0,26.1,1006.5,23.7967009673848,100
2024-04-01 05:00:00+05:30,7.3,290.0,26.0,1006.9,10.577394400987162,100
2024-04-01 06:00:00+05:30,6.6,311.0,26.9,1007.4,6.945262445379798,100
2024-04-01 07:00:00+05:30,5.6,310.0,28.7,1008.2,3.6229589972749103,100
2024-04-01 08:00:00+05:30,3.8,287.0,30.7,1008.8,1.6655004042384216,100
2024-04-01 09:00:00+05:30,2.5,180.0,32.4,1009.1,0.0,100
2024-04-01 10:00:00+05:30,10.0,165.0,33.3,1008.4,48.341189543415204,100
2024-04-01 11:00:00+05:30,14.8,186.0,32.7,1007.5,100.0,100
2024-04-01 12:00:00+05:30,13.9,211.0,32.1,1006.6,97.50314826581769,100
2024-04-01 13:00:00+05:30,12.7,195.0,32.5,1005.9,100.0,100
2024-04-01 14:00:00+05:30,13.7,198.0,32.8,1004.5,97.15921543143237,100
2024-04-01 15:00:00+05:30,10.1,197.0,31.1,1003.9,48.81483154968612,100
2024-04-01 16:00:00+05:30,10.5,207.0,31.4,1003.8,58.87507297862334,100
2024-04-01 17:00:00+05:30,12.7,209.0,30.9,1004.3,98.15764519225083,100
2024-04-01 18:00:00+05:30,10.2,219.0,29.7,1005.3,51.08656257390716,100
2024-04-01 19:00:00+05:30,8.4,223.0,29.5,1005.9,21.96998270813804,100
2024-04-01 20:00:00+05:30,7.4,241.0,29.3,1006.5,12.652744142600255,100
2024-04-01 21:00:00+05:30,5.9,259.0,28.9,1007.0,2.7444605683348016,100
2024-04-01 22:00:00+05:30,4.7,266.0,28.4,1007.3,1.5295947741820517,100
2024-04-01 23:00:00+05:30,4.5,284.0,27.9,1006.9,0.0,100
2024-04-02 00:00:00+05:30,4.7,293.0,27.5,1006.3,1.0255636936143642,100
2024-04-02 01:00:00+05:30,4.7,302.0,27.0,1005.4,1.9137358728902945,100
2024-04-02 02:00:00+05:30,4.1,308.0,26.6,1004.9,0.0,100
2024-04-02 03:00:00+05:30,4.4,305.0,26.4,1004.7,0.0,100
2024-04-02 04:00:00+05:30,5.7,305.0,26.5,1004.7,2.8920734684853135,100
2024-04-02 05:00:00+05:30,7.4,299.0,26.4,1005.1,11.948763545425454,100
2024-04-02 06:00:00+05:30,4.6,342.0,27.3,1005.2,0.0,100
2024-04-02 07:00:00+05:30,3.6,6.0,29.0,1006.0,0.4259502951722374,100
2024-04-02 08:00:00+05:30,5.8,97.0,31.0,1006.6,2.672786959730295,100
2024-04-02 09:00:00+05:30,8.0,126.0,32.2,1006.9,16.1498230049041,100
2024-04-02 10:00:00+05:30,9.5,151.0,33.0,1006.5,39.424206458731454,100
2024-04-02 11:00:00+05:30,12.2,166.0,32.7,1005.6,95.52022205299359,100
2024-04-02 12:00:00+05:30,10.1,197.0,32.3,1005.2,50.62957927579354,100
2024-04-02 13:00:00+05:30,13.2,191.0,33.3,1004.1,99.03848375297193,100
2024-04-02 14:00:00+05:30,14.3,192.0,30.8,1003.7,100.0,100
2024-04-02 15:00:00+05:30,6.7,234.0,31.2,1003.3,6.999886833137525,100
2024-04-02 16:00:00+05:30,12.7,209.0,31.6,1002.8,97.98511027058882,100
2024-04-02 17:00:00+05:30,13.8,227.0,30.8,1003.3,100.0,100
2024-04-02 18:00:00+05:30,10.2,198.0,30.6,1003.6,51.67046560916452,100
2024-04-02 19:00:00+05:30,8.7,210.0,30.1,1004.5,23.917715851350746,100
2024-04-02 20:00:00+05:30,7.7,221.0,29.8,1005.6,12.982318648355829,100
2024-04-02 21:00:00+05:30,7.6,225.0,29.5,1006.3,12.805071007681477,100
2024-04-02 22:00:00+05:30,8.0,234.0,29.2,1007.0,15.785498316725091,100
2024-04-02 23:00:00+05:30,8.2,247.0,28.9,1006.5,19.376112741099366,100
2024-04-03 00:00:00+05:30,9.0,265.0,28.3,1006.1,30.25374046280506,100
2024-04-03 01:00:00+05:30,10.0,291.0,27.5,1005.6,46.19706073274714,100
2024-04-03 02:00:00+05:30,6.0,303.0,26.9,1005.4,2.4451445876122535,100
2024-04-03 03:00:00+05:30,5.1,278.0,26.3,1005.0,0.6341139309654855,100
2024-04-03 04:00:00+05:30,2.5,180.0,26.3,1005.2,0.0,100
2024-04-03 05:00:00+05:30,3.8,197.0,26.3,1006.0,0.41234151944784425,100
2024-04-03 06:00:00+05:30,6.2,201.0,27.0,1006.4,5.5964686753923525,100
2024-04-03 07:00:00+05:30,5.7,198.0,27.8,1007.3,2.2455130434868913,100
2024-04-03 08:00:00+05:30,8.5,208.0,28.8,1008.1,23.264215845065138,100
2024-04-03 09:00:00+05:30,7.4,203.0,29.9,1008.2,12.414903009419266,100
2024-04-03 10:00:00+05:30,9.3,196.0,30.7,1008.1,32.907453034738175,100
2024-04-03 11:00:00+05:30,13.7,207.0,31.6,1007.4,98.35791245694843,100
2024-04-03 12:00:00+05:30,14.5,210.0,31.9,1006.3,97.96377342648964,100
2024-04-03 13:00:00+05:30,13.0,214.0,31.3,1005.2,96.68164837010622,100
2024-04-03 14:00:00+05:30,14.0,215.0,31.5,1004.4,100.0,100
2024-04-03 15:00:00+05:30,15.5,211.0,31.0,1003.8,100.0,100
2024-04-03 16:00:00+05:30,14.6,213.0,30.5,1003.5,100.0,100
2024-04-03 17:00:00+05:30,12.5,224.0,29.8,1004.0,99.18037868861526,100
2024-04-03 18:00:00+05:30,9.0,217.0,29.5,1004.5,29.68921669441218,100
2024-04-03 19:00:00+05:30,7.9,231.0,29.2,1005.1,16.089715699141347,100
2024-04-03 20:00:00+05:30,7.2,233.0,28.9,1005.7,11.530735202617054,100
2024-04-03 21:00:00+05:30,6.8,245.0,28.6,1006.2,6.988095803211303,100
2024-04-03 22:00:00+05:30,6.4,254.0,28.3,1006.8,4.587403355556283,100
2024-04-03 23:00:00+05:30,6.2,263.0,27.9,1006.8,5.436903775591688,100
2024-04-04 00:00:00+05:30,5.8,263.0,27.5,1006.5,3.0035354550036018,100
2024-04-04 01:00:00+05:30,5.8,274.0,27.5,1005.9,4.944320551235217,100
2024-04-04 02:00:00+05:30,8.0,280.0,27.2,1005.4,17.309936997206744,100
2024-04-04 03:00:00+05:30,9.2,291.0,26.8,1005.2,32.91558245563948,100
2024-04-04 04:00:00+05:30,9.8,294.0,26.6,1005.1,44.518362412782636,100
2024-04-04 05:00:00+05:30,9.4,288.0,26.5,1005.5,38.34040318031794,100
2024-04-04 06:00:00+05:30,6.5,276.0,27.7,1005.8,6.179830337935115,100
2024-04-04 07:00:00+05:30,5.4,274.0,28.9,1006.8,1.042452202890413,100
2024-04-04 08:00:00+05:30,3.6,217.0,30.5,1007.7,0.0,100
2024-04-04 09:00:00+05:30,6.8,162.0,31.7,1007.8,7.318848548740076,100
2024-04-04 10:00:00+05:30,9.8,163.0,32.3,1007.6,41.97646518541877,100
2024-04-04 11:00:00+05:30,11.8,160.0,32.9,1007.0,93.14481102953415,100
2024-04-04 12:00:00+05:30,13.7,162.0,32.8,1006.3,100.0,100
2024-04-04 13:00:00+05:30,13.4,156.0,32.0,1005.5,97.98593416472974,100
2024-04-04 14:00:00+05:30,13.0,177.0,31.8,1004.7,100.0,100
2024-04-04 15:00:00+05:30,12.6,180.0,31.9,1004.2,100.0,100
2024-04-04 16:00:00+05:30,14.1,186.0,31.0,1004.3,98.6788249746773,100
2024-04-04 17:00:00+05:30,12.9,203.0,30.9,1004.7,100.0,100
2024-04-04 18:00:00+05:30,9.6,200.0,29.5,1004.7,36.48297297026067,100
2024-04-04 19:00:00+05:30,8.5,216.0,29.3,1005.8,22.92390417687158,100
2024-04-04 20:00:00+05:30,8.2,218.0,29.1,1006.6,18.50495448498541,100
2024-04-04 21:00:00+05:30,5.4,233.0,28.9,1007.4,2.4111231405334155,100
2024-04-04 22:00:00+05:30,4.1,255.0,28.5,1007.7,0.9608843169611606,100
2024-04-04 23:00:00+05:30,3.8,253.0,27.9,1007.6,0.0,100
2024-04-05 00:00:00+05:30,4.6,252.0,27.7,1007.1,0.8764311542860589,100
2024-04-05 01:00:00+05:30,5.0,270.0,27.3,1006.3,0.28194966720184456,100
2024-04-05 02:00:00+05:30,6.8,273.0,27.1,1005.6,6.8629731868198025,100
2024-04-05 03:00:00+05:30,9.0,275.0,27.0,1005.4,27.503258930267528,100
2024-04-05 04:00:00+05:30,12.7,285.0,26.5,1005.4,97.79288044629986,100
2024-04-05 05:00:00+05:30,11.6,296.0,26.1,1005.6,87.47358823572606,100
2024-04-05 06:00:00+05:30,8.1,291.0,27.4,1006.0,18.100888835236972,100
2024-04-05 07:00:00+05:30,7.7,281.0,28.9,1006.4,15.990255741508543,100
2024-04-05 08:00:00+05:30,8.7,263.0,30.9,1007.4,25.05799155374214,100
2024-04-05 09:00:00+05:30,9.7,225.0,32.4,1007.7,41.04716121320282,100
2024-04-05 10:00:00+05:30,13.4,216.0,33.2,1007.2,100.0,100
2024-04-05 11:00:00+05:30,16.4,220.0,32.9,1006.6,98.82721712006305,100
2024-04-05 12:00:00+05:30,18.1,226.0,33.0,1005.6,100.0,100
2024-04-05 13:00:00+05:30,19.6,229.0,32.1,1004.6,100.0,100
2024-04-05 14:00:00+05:30,19.8,233.0,32.1,1003.9,98.16137559347408,100
2024-04-05 15:00:00+05:30,20.0,242.0,31.9,1003.5,98.84245714352961,100
2024-04-05 16:00:00+05:30,17.6,247.0,31.7,1003.3,100.0,100
2024-04-05 17:00:00+05:30,17.6,244.0,30.9,1003.4,95.25091160946447,100
2024-04-05 18:00:00+05:30,12.2,225.0,29.9,1003.9,98.99809216614197,100
2024-04-05 19:00:00+05:30,10.2,247.0,29.6,1004.6,52.07981043100268,100
2024-04-05 20:00:00+05:30,11.3,263.0,29.3,1005.1,75.83676019412896,100
2024-04-05 21:00:00+05:30,10.8,266.0,29.0,1005.6,65.72430274261922,100
2024-04-05 22:00:00+05:30,11.9,268.0,28.7,1006.0,94.00929922933253,100
2024-04-05 23:00:00+05:30,13.0,268.0,28.5,1005.7,100.0,100
2024-04-06 00:00:00+05:30,14.1,273.0,28.1,1005.3,98.64864930119082,100
2024-04-06 01:00:00+05:30,15.9,283.0,27.6,1004.8,98.60344593814459,100
2024-04-06 02:00:00+05:30,16.5,286.0,27.1,1004.3,100.0,100
2024-04-06 03:00:00+05:30,15.3,285.0,26.9,1003.7,100.0,100
2024-04-06 04:00:00+05:30,14.0,282.0,26.7,1003.8,98.98306532709262,100
2024-04-06 05:00:00+05:30,12.2,284.0,26.4,1004.1,97.24894393338766,100
2024-04-06 06:00:00+05:30,8.5,306.0,27.1,1004.2,23.345399181875464,100
2024-04-06 07:00:00+05:30,5.5,328.0,28.7,1005.3,0.7973095250775417,100
2024-04-06 08:00:00+05:30,1.1,72.0,30.9,1006.3,0.0,100
2024-04-06 09:00:00+05:30,5.5,148.0,32.7,1006.6,4.455841066938509,100
2024-04-06 10:00:00+05:30,8.8,161.0,33.9,1006.4,25.544775754372075,100
2024-04-06 11:00:00+05:30,11.3,173.0,34.5,1005.6,78.97374293322758,100
2024-04-06 12:00:00+05:30,14.8,183.0,34.4,1004.7,100.0,100
2024-04-06 13:00:00+05:30,17.1,195.0,33.8,1003.9,97.86134084893835,100
2024-04-06 14:00:00+05:30,16.1,196.0,33.6,1003.1,100.0,100
2024-04-06 15:00:00+05:30,13.4,204.0,33.1,1002.5,100.0,100
2024-04-06 16:00:00+05:30,12.7,209.0,32.6,1002.5,100.0,100
2024-04-06 17:00:00+05:30,13.2,215.0,31.5,1002.8,95.64434140158204,100
2024-04-06 18:00:00+05:30,8.6,195.0,30.6,1003.4,22.151381437905222,100
2024-04-06 19:00:00+05:30,7.5,215.0,29.8,1004.0,13.367762766706342,100
2024-04-06 20:00:00+05:30,6.4,243.0,29.3,1004.6,4.6870700966279895,100
2024-04-06 21:00:00+05:30,7.0,258.0,28.9,1005.2,9.506780989176203,100
2024-04-06 22:00:00+05:30,7.3,261.0,28.5,1005.4,10.439046219134283,100
2024-04-06 23:00:00+05:30,8.4,260.0,28.1,1005.3,20.632234258462454,100
2024-04-07 00:00:00+05:30,10.8,266.0,27.8,1004.7,64.96209590367741,100
2024-04-07 01:00:00+05:30,11.9,268.0,27.7,1004.2,98.83501896701215,100
2024-04-07 02:00:00+05:30,12.3,273.0,27.5,1003.7,100.0,100
2024-04-07 03:00:00+05:30,11.0,281.0,27.2,1003.8,68.84621570509132,100
2024-04-07 04:00:00+05:30,12.6,290.0,26.9,1004.2,100.0,100
2024-04-07 05:00:00+05:30,14.2,294.0,26.8,1004.5,98.07831323485168,100
2024-04-07 06:00:00+05:30,11.4,298.0,27.4,1004.6,79.9975973012247,100
2024-04-07 07:00:00+05:30,13.4,297.0,29.0,1005.3,98.80344613913071,100
2024-04-07 08:00:00+05:30,12.6,290.0,31.1,1006.0,99.49858596022426,100
2024-04-07 09:00:00+05:30,10.1,272.0,33.1,1006.2,47.973852411179536,100
2024-04-07 10:00:00+05:30,10.4,236.0,34.6,1005.7,55.197105306195034,100
2024-04-07 11:00:00+05:30,15.9,218.0,34.7,1005.2,100.0,100
2024-04-07 12:00:00+05:30,19.4,223.0,34.3,1004.4,100.0,100
2024-04-07 13:00:00+05:30,19.7,232.0,33.9,1003.7,98.24957408742388,100
2024-04-07 14:00:00+05:30,20.1,226.0,33.4,1002.9,93.70349287223793,100
2024-04-07 15:00:00+05:30,19.2,232.0,32.7,1002.6,94.07322727885553,100
2024-04-07 16:00:00+05:30,17.9,236.0,32.3,1002.4,100.0,100
2024-04-07 17:00:00+05:30,16.4,237.0,31.0,1002.7,100.0,100
2024-04-07 18:00:00+05:30,13.5,236.0,30.4,1003.1,97.96913259427382,100
2024-04-07 19:00:00+05:30,11.0,247.0,29.9,1003.7,71.87466024172615,100
2024-04-07 20:00:00+05:30,10.2,260.0,29.6,1004.7,49.02712778902272,100
2024-04-07 21:00:00+05:30,11.5,270.0,29.3,1005.3,84.40037110719935,100
2024-04-07 22:00:00+05:30,11.9,275.0,29.0,1005.7,94.69201519510273,100
2024-04-07 23:00:00+05:30,12.3,285.0,28.5,1005.4,100.0,100
2024-04-08 00:00:00+05:30,12.4,287.0,28.1,1004.9,99.82180915206541,100
2024-04-08 01:00:00+05:30,11.3,287.0,27.7,1004.4,79.0260686019141,100
2024-04-08 02:00:00+05:30,11.7,288.0,27.5,1003.9,89.0144161054346,100
2024-04-08 03:00:00+05:30,12.8,292.0,27.4,1003.6,99.44052561845112,100
2024-04-08 04:00:00+05:30,12.6,294.0,27.1,1003.7,98.28243614530587,100
2024-04-08 05:00:00+05:30,11.7,288.0,27.1,1004.0,91.16812479216642,100
2024-04-08 06:00:00+05:30,6.7,286.0,27.6,1004.2,7.044606183841927,100
2024-04-08 07:00:00+05:30,7.6,278.0,29.6,1005.2,13.8923128219583,100
2024-04-08 08:00:00+05:30,8.7,263.0,32.0,1006.0,25.511436408822778,100
2024-04-08 09:00:00+05:30,10.2,238.0,33.7,1006.3,52.727882598074345,100
2024-04-08 10:00:00+05:30,12.7,215.0,34.7,1005.9,99.07919645437039,100
2024-04-08 11:00:00+05:30,16.5,203.0,34.5,1005.5,100.0,100
2024-04-08 12:00:00+05:30,17.9,202.0,34.2,1005.0,100.0,100
2024-04-08 13:00:00+05:30,19.1,196.0,34.0,1004.3,100.0,100
2024-04-08 14:00:00+05:30,17.5,194.0,33.5,1003.7,100.0,100
2024-04-08 15:00:00+05:30,15.0,197.0,32.9,1003.3,100.0,100
2024-04-08 16:00:00+05:30,13.4,200.0,32.4,1003.3,99.2164984908031,100
2024-04-08 17:00:00+05:30,12.1,203.0,31.5,1003.7,98.28445971023687,100
2024-04-08 18:00:00+05:30,10.7,147.0,30.6,1004.5,61.36640307220169,100
2024-04-08 19:00:00+05:30,7.1,156.0,30.2,1005.2,8.493882612789013,100
2024-04-08 20:00:00+05:30,3.4,162.0,29.7,1005.8,0.1736939466559448,100
2024-04-08 21:00:00+05:30,4.8,167.0,28.8,1006.2,0.0,100
2024-04-08 22:00:00+05:30,2.9,180.0,29.5,1006.7,0.0,100
2024-04-08 23:00:00+05:30,3.3,276.0,28.4,1006.5,0.21858517301071959,100
2024-04-09 00:00:00+05:30,5.0,300.0,27.1,1005.8,1.742138896408644,100
2024-04-09 01:00:00+05:30,5.1,315.0,27.2,1004.9,0.0,100
2024-04-09 02:00:00+05:30,4.2,340.0,26.2,1004.5,0.0,100
2024-04-09 03:00:00+05:30,3.4,342.0,26.3,1004.1,0.0,100
2024-04-09 04:00:00+05:30,3.3,354.0,26.1,1004.1,0.0,100
2024-04-09 05:00:00+05:30,3.7,349.0,25.8,1004.6,0.0,100
2024-04-09 06:00:00+05:30,16.8,55.0,27.1,1005.5,100.0,100
2024-04-09 07:00:00+05:30,14.2,54.0,26.8,1006.2,100.0,100
2024-04-09 08:00:00+05:30,16.5,58.0,28.9,1007.1,98.62617435184461,100
2024-04-09 09:00:00+05:30,17.1,55.0,31.9,1007.1,100.0,100
2024-04-09 10:00:00+05:30,19.9,70.0,33.6,1006.8,96.36295979528583,100
2024-04-09 11:00:00+05:30,20.5,91.0,34.4,1005.9,100.0,100
2024-04-09 12:00:00+05:30,24.6,105.0,33.6,1004.8,98.87250589799265,100
2024-04-09 13:00:00+05:30,27.0,106.0,33.4,1003.8,0.0,100
2024-04-09 14:00:00+05:30,28.2,107.0,32.8,1003.0,0.0,100
2024-04-09 15:00:00+05:30,29.4,102.0,32.4,1002.6,0.0,100
2024-04-09 16:00:00+05:30,28.5,99.0,31.6,1002.5,0.18435808281400332,100
2024-04-09 17:00:00+05:30,24.4,98.0,30.9,1002.8,98.60039394695785,100
2024-04-09 18:00:00+05:30,20.3,84.0,30.3,1003.2,98.6862034753159,100
2024-04-09 19:00:00+05:30,15.3,66.0,30.2,1004.3,98.47957570033765,100
2024-04-09 20:00:00+05:30,13.4,59.0,30.0,1005.1,96.56991103907953,100
2024-04-09 21:00:00+05:30,11.8,52.0,29.3,1005.7,95.45017617825462,100
2024-04-09 22:00:00+05:30,10.3,36.0,29.0,1006.3,52.23354781654278,100
2024-04-09 23:00:00+05:30,9.1,18.0,28.6,1006.3,29.784397678134006,100
2024-04-10 00:00:00+05:30,8.1,13.0,28.2,1005.8,18.627963238763527,100
2024-04-10 01:00:00+05:30,14.2,21.0,28.4,1005.1,96.03674802157805,100
2024-04-10 02:00:00+05:30,15.5,22.0,28.3,1004.5,95.65214438794793,100
2024-04-10 03:00:00+05:30,17.1,30.0,27.9,1004.3,100.0,100
2024-04-10 04:00:00+05:30,16.4,38.0,27.9,1004.6,100.0,100
2024-04-10 05:00:00+05:30,16.1,39.0,27.4,1005.2,99.08858992976009,100
2024-04-10 06:00:00+05:30,19.3,37.0,27.4,1006.0,100.0,100
2024-04-10 07:00:00+05:30,22.4,37.0,28.5,1006.5,100.0,100
2024-04-10 08:00:00+05:30,23.7,41.0,30.0,1007.0,98.28253956097738,100
2024-04-10 09:00:00+05:30,23.7,48.0,31.8,1007.3,97.85717013594063,100
2024-04-10 10:00:00+05:30,24.2,57.0,33.8,1006.6,97.89521176468365,100
2024-04-10 11:00:00+05:30,23.4,76.0,35.2,1006.3,100.0,100
2024-04-10 12:00:00+05:30,26.6,91.0,34.4,1005.6,0.02902076687750386,100
2024-04-10 13:00:00+05:30,29.6,95.0,33.8,1004.4,1.0190767359534778,100
2024-04-10 14:00:00+05:30,29.3,95.0,33.8,1003.4,0.7645601085868325,100
2024-04-10 15:00:00+05:30,26.5,97.0,33.5,1002.5,1.6599372220167221,100
2024-04-10 16:00:00+05:30,25.7,96.0,32.5,1002.2,0.0,100
2024-04-10 17:00:00+05:30,23.0,89.0,31.6,1002.2,100.0,100
2024-04-10 18:00:00+05:30,23.0,80.0,30.8,1003.7,96.92708651099205,100
2024-04-10 19:00:00+05:30,18.2,63.0,30.5,1004.1,100.0,100
2024-04-10 20:00:00+05:30,13.8,49.0,30.1,1004.9,97.91232607303405,100
2024-04-10 21:00:00+05:30,12.4,60.0,29.5,1005.5,99.02751069841626,100
2024-04-10 22:00:00+05:30,13.8,51.0,29.3,1005.9,100.0,100
2024-04-10 23:00:00+05:30,14.8,43.0,29.2,1005.5,99.11437151767248,100
2024-04-11 00:00:00+05:30,15.8,35.0,29.2,1005.4,100.0,100
2024-04-11 01:00:00+05:30,18.3,36.0,29.4,1005.0,100.0,100
2024-04-11 02:00:00+05:30,19.1,41.0,29.0,1004.8,100.0,100
2024-04-11 03:00:00+05:30,19.1,36.0,28.1,1004.5,96.97545935078254,100
2024-04-11 04:00:00+05:30,19.5,25.0,27.9,1004.9,97.71623900116796,100
2024-04-11 05:00:00+05:30,18.9,24.0,27.8,1005.4,98.56503329233504,100
2024-04-11 06:00:00+05:30,19.1,32.0,28.4,1005.6,99.97567323415785,100
2024-04-11 07:00:00+05:30,20.0,34.0,29.6,1006.5,98.73972946114652,100
2024-04-11 08:00:00+05:30,21.4,46.0,31.2,1007.3,100.0,100
2024-04-11 09:00:00+05:30,21.4,54.0,32.7,1007.7,98.16324564594744,100
2024-04-11 10:00:00+05:30,19.3,66.0,34.0,1007.7,100.0,100
2024-04-11 11:00:00+05:30,18.5,83.0,35.0,1006.9,97.80675892873242,100
2024-04-11 12:00:00+05:30,20.7,103.0,34.6,1005.6,98.72660776672133,100
2024-04-11 13:00:00+05:30,25.3,110.0,33.6,1004.3,0.0879901437497102,100
2024-04-11 14:00:00+05:30,27.6,110.0,32.8,1003.0,0.0,100
2024-04-11 15:00:00+05:30,23.4,115.0,32.0,1002.3,100.0,100
2024-04-11 16:00:00+05:30,19.3,123.0,31.2,1002.9,98.93716798965099,100
2024-04-11 17:00:00+05:30,15.6,128.0,30.3,1003.7,95.574541376524,100
2024-04-11 18:00:00+05:30,20.0,97.0,30.2,1004.0,95.6622026171078,100
2024-04-11 19:00:00+05:30,17.3,95.0,29.9,1005.1,96.74587594786867,100
2024-04-11 20:00:00+05:30,13.7,92.0,29.9,1005.8,100.0,100
2024-04-11 21:00:00+05:30,14.1,87.0,29.5,1006.4,99.61177072786361,100
2024-04-11 22:00:00+05:30,15.4,16.0,26.1,1007.4,97.59167130041506,100
2024-04-11 23:00:00+05:30,11.7,34.0,24.9,1007.7,88.28410187080033,100
2024-04-12 00:00:00+05:30,12.8,10.0,24.9,1007.3,100.0,100
2024-04-12 01:00:00+05:30,15.4,21.0,24.2,1006.9,98.05374746874764,100
2024-04-12 02:00:00+05:30,13.0,34.0,24.7,1005.7,99.1664607724511,100
2024-04-12 03:00:00+05:30,7.0,21.0,25.3,1005.0,9.346247367196,100
2024-04-12 04:00:00+05:30,8.1,21.0,25.4,1004.7,20.022115028409438,100
2024-04-12 05:00:00+05:30,8.7,52.0,24.6,1005.3,24.837999372948655,100
2024-04-12 06:00:00+05:30,11.4,28.0,26.8,1005.1,78.42234091693298,100
2024-04-12 07:00:00+05:30,11.5,32.0,28.0,1005.6,85.25386202048895,100
2024-04-12 08:00:00+05:30,17.7,51.0,29.6,1006.5,96.99314623758866,100
2024-04-12 09:00:00+05:30,21.1,44.0,30.7,1006.8,97.50806042472641,100
2024-04-12 10:00:00+05:30,22.6,59.0,30.5,1007.1,100.0,100
2024-04-12 11:00:00+05:30,18.6,75.0,31.0,1007.0,99.9586832252701,100
2024-04-12 12:00:00+05:30,24.4,77.0,30.7,1006.3,99.34335103809411,100
2024-04-12 13:00:00+05:30,20.5,52.0,31.0,1005.1,96.836927950504,100
2024-04-12 14:00:00+05:30,17.4,60.0,31.8,1004.4,100.0,100
2024-04-12 15:00:00+05:30,15.7,74.0,32.0,1003.8,100.0,100
2024-04-12 16:00:00+05:30,22.3,88.0,30.2,1003.8,98.44164025853361,100
2024-04-12 17:00:00+05:30,19.8,53.0,29.2,1004.1,100.0,100
2024-04-12 18:00:00+05:30,17.4,63.0,29.7,1004.9,98.27569628198896,100
2024-04-12 19:00:00+05:30,19.5,67.0,28.4,1006.0,97.82950398531085,100
2024-04-12 20:00:00+05:30,20.8,53.0,27.8,1006.4,98.65654450176619,100
2024-04-12 21:00:00+05:30,19.0,29.0,26.8,1006.8,100.0,100
2024-04-12 22:00:00+05:30,17.6,43.0,26.5,1007.3,100.0,100
2024-04-12 23:00:00+05:30,19.4,47.0,26.3,1007.5,100.0,100
2024-04-13 00:00:00+05:30,20.2,41.0,25.8,1006.6,96.19008246239056,100
2024-04-13 01:00:00+05:30,19.3,33.0,25.2,1005.9,100.0,100
2024-04-13 02:00:00+05:30,16.0,31.0,25.2,1005.3,99.03287740863932,100
2024-04-13 03:00:00+05:30,14.1,38.0,25.4,1005.0,100.0,100
2024-04-13 04:00:00+05:30,15.3,43.0,25.5,1005.1,100.0,100
2024-04-13 05:00:00+05:30,14.7,36.0,25.3,1005.7,100.0,100
2024-04-13 06:00:00+05:30,17.6,44.0,27.2,1005.4,99.2870319432944,100
2024-04-13 07:00:00+05:30,17.6,43.0,28.2,1006.5,95.12429609011147,100
2024-04-13 08:00:00+05:30,20.4,45.0,29.5,1007.4,97.57567892535197,100
2024-04-13 09:00:00+05:30,20.8,60.0,30.4,1008.0,98.28082986605689,100
2024-04-13 10:00:00+05:30,19.7,75.0,31.5,1007.7,100.0,100
2024-04-13 11:00:00+05:30,19.9,94.0,32.3,1007.1,100.0,100
2024-04-13 12:00:00+05:30,18.7,109.0,32.3,1006.4,96.25091566890586,100
2024-04-13 13:00:00+05:30,19.0,109.0,32.0,1005.4,98.19036340777538,100
2024-04-13 14:00:00+05:30,17.5,109.0,31.9,1004.1,96.11666420750285,100
2024-04-13 15:00:00+05:30,16.5,106.0,31.8,1003.4,99.81189484377035,100
2024-04-13 16:00:00+05:30,13.9,111.0,31.2,1003.0,97.23477279324034,100
2024-04-13 17:00:00+05:30,16.1,119.0,30.1,1003.7,100.0,100
2024-04-13 18:00:00+05:30,17.3,92.0,29.3,1004.7,95.16394383917384,100
2024-04-13 19:00:00+05:30,15.2,86.0,29.1,1005.3,100.0,100
2024-04-13 20:00:00+05:30,13.1,81.0,28.7,1005.9,98.54600948497914,100
2024-04-13 21:00:00+05:30,11.9,65.0,28.3,1006.3,99.01544266315705,100
2024-04-13 22:00:00+05:30,11.6,54.0,27.9,1006.7,87.74829347669372,100
2024-04-13 23:00:00+05:30,10.2,51.0,27.7,1006.8,49.86040012786405,100
2024-04-14 00:00:00+05:30,9.7,42.0,27.6,1006.3,40.354124552474666,100
2024-04-14 01:00:00+05:30,7.2,37.0,27.6,1005.5,7.905909059825207,100
2024-04-14 02:00:00+05:30,14.7,59.0,25.7,1005.4,100.0,100
2024-04-14 03:00:00+05:30,11.0,41.0,25.6,1005.1,67.64237580921619,100
2024-04-14 04:00:00+05:30,9.7,59.0,25.0,1005.2,38.7256916959952,100
2024-04-14 05:00:00+05:30,6.0,57.0,25.3,1005.7,1.0044494893622504,100
2024-04-14 06:00:00+05:30,17.1,35.0,26.5,1005.8,100.0,100
2024-04-14 07:00:00+05:30,14.1,50.0,27.7,1006.5,98.19059323700324,100
2024-04-14 08:00:00+05:30,17.8,54.0,29.3,1007.5,99.34164789844732,100
2024-04-14 09:00:00+05:30,20.0,56.0,30.8,1008.0,99.3937916039768,100
2024-04-14 10:00:00+05:30,21.2,55.0,32.1,1007.6,100.0,100
2024-04-14 11:00:00+05:30,20.9,63.0,32.7,1007.0,98.58360685706654,100
2024-04-14 12:00:00+05:30,22.5,83.0,31.9,1006.3,96.51896449467307,100
2024-04-14 13:00:00+05:30,24.5,87.0,30.0,1005.7,96.96115828822421,100
2024-04-14 14:00:00+05:30,19.1,79.0,31.0,1005.1,100.0,100
2024-04-14 15:00:00+05:30,17.3,89.0,31.4,1004.3,100.0,100
2024-04-14 16:00:00+05:30,18.0,91.0,30.1,1004.0,99.26249661088269,100
2024-04-14 17:00:00+05:30,14.8,84.0,29.3,1004.4,100.0,100
2024-04-14 18:00:00+05:30,18.2,76.0,30.7,1004.7,100.0,100
2024-04-14 19:00:00+05:30,18.5,69.0,29.9,1005.7,99.84581942831329,100
2024-04-14 20:00:00+05:30,16.7,53.0,29.5,1006.2,99.45541324590488,100
2024-04-14 21:00:00+05:30,15.5,44.0,28.9,1006.3,100.0,100
2024-04-14 22:00:00+05:30,18.2,56.0,28.8,1006.8,97.23123849964946,100
2024-04-14 23:00:00+05:30,17.9,50.0,28.7,1006.6,100.0,100
2024-04-15 00:00:00+05:30,18.1,43.0,28.5,1006.2,100.0,100
2024-04-15 01:00:00+05:30,16.0,44.0,28.4,1005.4,99.7855626991167,100
2024-04-15 02:00:00+05:30,17.3,45.0,27.6,1005.1,100.0,100
2024-04-15 03:00:00+05:30,18.3,43.0,27.4,1004.8,100.0,100
2024-04-15 04:00:00+05:30,17.3,59.0,27.0,1005.3,100.0,100
2024-04-15 05:00:00+05:30,18.4,51.0,26.7,1005.9,97.06248003644387,100
2024-04-15 06:00:00+05:30,21.3,34.0,28.1,1006.1,99.13453868969262,100
2024-04-15 07:00:00+05:30,21.7,36.0,29.0,1006.6,100.0,100
2024-04-15 08:00:00+05:30,23.1,39.0,30.3,1007.4,100.0,100
2024-04-15 09:00:00+05:30,23.7,44.0,31.4,1007.9,97.51213986337673,100
2024-04-15 10:00:00+05:30,23.0,49.0,32.6,1007.6,100.0,100
2024-04-15 11:00:00+05:30,23.3,55.0,33.4,1007.2,100.0,100
2024-04-15 12:00:00+05:30,24.5,60.0,33.2,1006.4,99.3613110782112,100
2024-04-15 13:00:00+05:30,20.3,73.0,33.5,1005.5,99.80051723226893,100
2024-04-15 14:00:00+05:30,19.4,50.0,32.9,1004.4,99.89919146723165,100
2024-04-15 15:00:00+05:30,20.5,62.0,33.6,1003.6,100.0,100
2024-04-15 16:00:00+05:30,20.7,67.0,31.7,1003.8,100.0,100
2024-04-15 17:00:00+05:30,15.9,52.0,30.3,1004.5,99.80117617029286,100
2024-04-15 18:00:00+05:30,20.7,49.0,30.7,1005.2,100.0,100
2024-04-15 19:00:00+05:30,21.0,68.0,28.8,1006.1,99.85856140599056,100
2024-04-15 20:00:00+05:30,17.8,58.0,27.6,1006.9,97.7463477457807,100
2024-04-15 21:00:00+05:30,16.4,38.0,27.5,1007.2,98.69935041973145,100
2024-04-15 22:00:00+05:30,16.4,50.0,26.9,1008.1,93.3292589196056,100
2024-04-15 23:00:00+05:30,15.5,48.0,27.3,1007.6,98.23828360070904,100
2024-04-16 00:00:00+05:30,8.9,50.0,27.2,1007.5,28.764247319170213,100
2024-04-16 01:00:00+05:30,2.7,23.0,25.5,1007.2,0.0,100
2024-04-16 02:00:00+05:30,5.8,360.0,25.5,1005.8,3.8014820503625097,100
2024-04-16 03:00:00+05:30,5.6,45.0,25.6,1005.8,3.6182939050770426,100
2024-04-16 04:00:00+05:30,10.0,26.0,25.7,1006.0,49.197754490888094,100
2024-04-16 05:00:00+05:30,11.4,35.0,25.6,1005.9,80.4845202227964,100
2024-04-16 06:00:00+05:30,14.1,38.0,27.1,1006.1,100.0,100
2024-04-16 07:00:00+05:30,12.0,46.0,28.5,1006.8,98.43305896244108,100
2024-04-16 08:00:00+05:30,15.3,45.0,30.1,1007.6,99.24448302905392,100
2024-04-16 09:00:00+05:30,18.2,63.0,31.1,1008.0,100.0,100
2024-04-16 10:00:00+05:30,16.9,74.0,32.0,1007.5,99.8898632589109,100
2024-04-16 11:00:00+05:30,19.5,93.0,32.6,1007.3,97.67821174154793,100
2024-04-16 12:00:00+05:30,20.9,101.0,31.9,1006.7,97.68273333031463,100
2024-04-16 13:00:00+05:30,19.1,102.0,31.8,1005.6,99.81516557539535,100
2024-04-16 14:00:00+05:30,19.8,109.0,31.5,1004.6,97.02912498182323,100
2024-04-16 15:00:00+05:30,18.2,117.0,30.6,1004.3,100.0,100
2024-04-16 16:00:00+05:30,15.5,132.0,29.9,1004.6,100.0,100
2024-04-16 17:00:00+05:30,11.6,154.0,29.1,1004.8,90.31320207472561,100
2024-04-16 18:00:00+05:30,10.2,148.0,29.2,1005.0,52.47567547897681,100
2024-04-16 19:00:00+05:30,8.9,159.0,28.9,1006.1,28.403410252394835,100
2024-04-16 20:00:00+05:30,3.6,174.0,28.5,1006.5,0.0,100
2024-04-16 21:00:00+05:30,1.6,333.0,28.3,1006.7,0.5682283587097509,100
2024-04-16 22:00:00+05:30,3.6,323.0,27.0,1007.3,0.7161866279458535,100
2024-04-16 23:00:00+05:30,3.9,326.0,26.4,1007.2,2.025418046185819,100
2024-04-17 00:00:00+05:30,2.3,321.0,26.2,1006.7,1.3455765940507003,100
2024-04-17 01:00:00+05:30,2.8,320.0,26.3,1006.2,0.0,100
2024-04-17 02:00:00+05:30,3.7,331.0,26.1,1005.5,0.0003889837048177622,100
2024-04-17 03:00:00+05:30,5.2,326.0,25.9,1005.3,0.8551444717694875,100
2024-04-17 04:00:00+05:30,6.3,329.0,25.9,1005.3,5.045581967076249,100
2024-04-17 05:00:00+05:30,4.6,342.0,25.0,1005.7,0.0,100
2024-04-17 06:00:00+05:30,7.8,292.0,26.8,1006.1,16.263963302128158,100
2024-04-17 07:00:00+05:30,8.1,283.0,28.5,1006.9,20.58382245261774,100
2024-04-17 08:00:00+05:30,6.2,260.0,30.0,1007.5,4.540597288900274,100
2024-04-17 09:00:00+05:30,7.9,204.0,31.2,1008.0,17.072433276088862,100
2024-04-17 10:00:00+05:30,10.8,195.0,31.6,1007.8,65.69430623576466,100
2024-04-17 11:00:00+05:30,10.7,192.0,31.8,1007.2,62.482507541149026,100
2024-04-17 12:00:00+05:30,11.4,191.0,31.9,1006.2,82.24863689399344,100
2024-04-17 13:00:00+05:30,11.2,195.0,31.7,1005.4,76.3666924965002,100
2024-04-17 14:00:00+05:30,12.4,202.0,31.3,1004.5,98.82192037005156,100
2024-04-17 15:00:00+05:30,13.8,208.0,31.3,1003.8,99.13696180799414,100
2024-04-17 16:00:00+05:30,13.9,217.0,30.9,1003.5,98.6290933562293,100
2024-04-17 17:00:00+05:30,13.3,229.0,30.4,1003.8,98.63542361467013,100
2024-04-17 18:00:00+05:30,13.6,248.0,29.7,1005.1,100.0,100
2024-04-17 19:00:00+05:30,13.8,263.0,29.3,1005.5,100.0,100
2024-04-17 20:00:00+05:30,13.7,268.0,28.9,1006.1,98.76079787629483,100
2024-04-17 21:00:00+05:30,12.3,275.0,28.4,1006.5,99.72706895769039,100
2024-04-17 22:00:00+05:30,13.8,276.0,28.1,1007.0,100.0,100
2024-04-17 23:00:00+05:30,13.8,285.0,27.8,1006.9,100.0,100
2024-04-18 00:00:00+05:30,13.5,286.0,27.4,1006.1,99.84823242633546,100
2024-04-18 01:00:00+05:30,12.9,283.0,27.2,1005.4,98.44780118871653,100
2024-04-18 02:00:00+05:30,14.0,282.0,27.1,1004.5,99.83691551887006,100
2024-04-18 03:00:00+05:30,12.5,282.0,26.7,1003.8,100.0,100
2024-04-18 04:00:00+05:30,13.7,284.0,26.5,1003.7,100.0,100
2024-04-18 05:00:00+05:30,12.8,281.0,26.3,1004.1,100.0,100
2024-04-18 06:00:00+05:30,11.2,276.0,27.4,1005.0,74.83874275277765,100
2024-04-18 07:00:00+05:30,11.6,277.0,29.1,1005.8,84.42442528679373,100
2024-04-18 08:00:00+05:30,13.7,268.0,30.9,1006.6,97.50171528252004,100
2024-04-18 09:00:00+05:30,14.9,255.0,32.6,1006.5,100.0,100
2024-04-18 10:00:00+05:30,17.4,243.0,33.4,1006.2,98.96984667374319,100
2024-04-18 11:00:00+05:30,20.3,243.0,33.3,1005.8,100.0,100
2024-04-18 12:00:00+05:30,21.6,246.0,32.9,1005.1,100.0,100
2024-04-18 13:00:00+05:30,22.9,254.0,32.4,1004.5,99.7888747097114,100
2024-04-18 14:00:00+05:30,21.9,250.0,32.6,1003.1,100.0,100
2024-04-18 15:00:00+05:30,23.8,260.0,31.7,1002.3,99.87717518122994,100
2024-04-18 16:00:00+05:30,23.9,265.0,31.5,1002.3,100.0,100
2024-04-18 17:00:00+05:30,23.8,266.0,30.6,1002.7,100.0,100
2024-04-18 18:00:00+05:30,20.9,268.0,29.6,1003.1,99.53666576915899,100
2024-04-18 19:00:00+05:30,19.8,271.0,29.1,1003.9,98.8146871842257,100
2024-04-18 20:00:00+05:30,19.8,271.0,29.1,1004.7,100.0,100
2024-04-18 21:00:00+05:30,20.5,272.0,28.8,1005.2,98.95964711761872,100
2024-04-18 22:00:00+05:30,20.8,280.0,28.5,1005.6,98.95271052161549,100
2024-04-18 23:00:00+05:30,20.6,282.0,28.1,1005.3,97.75663039707769,100
2024-04-19 00:00:00+05:30,21.6,285.0,27.6,1004.6,99.26287144674635,100
2024-04-19 01:00:00+05:30,21.0,283.0,27.3,1003.8,96.57156922893685,100
2024-04-19 02:00:00+05:30,20.9,285.0,27.1,1003.1,95.53353364447683,100
2024-04-19 03:00:00+05:30,19.6,283.0,26.9,1002.8,99.41469334763696,100
2024-04-19 04:00:00+05:30,18.4,281.0,26.7,1002.6,100.0,100
2024-04-19 05:00:00+05:30,18.9,284.0,26.9,1002.9,100.0,100
2024-04-19 06:00:00+05:30,20.3,287.0,27.4,1003.2,100.0,100
2024-04-19 07:00:00+05:30,21.0,286.0,29.0,1004.0,98.87368411136669,100
2024-04-19 08:00:00+05:30,20.0,284.0,30.8,1004.7,98.24556150137902,100
2024-04-19 09:00:00+05:30,21.2,280.0,32.8,1004.7,97.15459191346903,100
2024-04-19 10:00:00+05:30,20.5,273.0,34.4,1004.3,100.0,100
2024-04-19 11:00:00+05:30,21.5,260.0,34.9,1003.5,99.36716565765612,100
2024-04-19 12:00:00+05:30,24.8,251.0,34.4,1002.9,100.0,100
2024-04-19 13:00:00+05:30,27.6,248.0,33.3,1001.8,0.19921261470441076,100
2024-04-19 14:00:00+05:30,26.9,252.0,32.8,1001.0,1.1994972408652638,100
2024-04-19 15:00:00+05:30,25.0,255.0,32.5,1000.6,100.0,100
2024-04-19 16:00:00+05:30,27.1,265.0,31.9,1000.7,1.313775672383605,100
2024-04-19 17:00:00+05:30,23.1,274.0,30.8,1001.0,95.42638418850032,100
2024-04-19 18:00:00+05:30,20.2,272.0,30.6,1001.8,100.0,100
2024-04-19 19:00:00+05:30,19.5,272.0,30.3,1002.6,100.0,100
2024-04-19 20:00:00+05:30,21.1,279.0,29.6,1003.6,100.0,100
2024-04-19 21:00:00+05:30,20.2,274.0,29.1,1004.1,98.39760982513084,100
2024-04-19 22:00:00+05:30,21.6,273.0,28.7,1004.6,100.0,100
2024-04-19 23:00:00+05:30,21.9,279.0,28.2,1004.4,100.0,100
2024-04-20 00:00:00+05:30,22.1,282.0,27.8,1003.9,99.10421245829718,100
2024-04-20 01:00:00+05:30,23.1,285.0,27.2,1003.3,99.01206604931883,100
2024-04-20 02:00:00+05:30,22.6,284.0,27.0,1002.6,100.0,100
2024-04-20 03:00:00+05:30,21.6,285.0,26.7,1002.2,100.0,100
2024-04-20 04:00:00+05:30,21.0,283.0,26.8,1002.1,94.37936350600896,100
2024-04-20 05:00:00+05:30,20.4,284.0,26.6,1002.5,100.0,100
2024-04-20 06:00:00+05:30,18.3,285.0,27.3,1002.5,98.5664465207426,100
2024-04-20 07:00:00+05:30,18.4,271.0,28.5,1003.5,100.0,100
2024-04-20 08:00:00+05:30,18.8,274.0,30.6,1004.4,99.06984671835362,100
2024-04-20 09:00:00+05:30,20.9,268.0,32.5,1004.4,99.2361515116235,100
2024-04-20 10:00:00+05:30,22.8,265.0,34.1,1004.3,98.66361362754049,100
2024-04-20 11:00:00+05:30,24.1,261.0,34.9,1003.4,99.2551422550212,100
2024-04-20 12:00:00+05:30,25.4,263.0,35.0,1002.5,0.0,100
2024-04-20 13:00:00+05:30,27.3,262.0,34.8,1001.5,0.29239790157593276,100
2024-04-20 14:00:00+05:30,28.2,266.0,34.0,1000.7,0.5037463918413818,100
2024-04-20 15:00:00+05:30,28.9,266.0,33.3,1000.1,1.7804101770313645,100
2024-04-20 16:00:00+05:30,30.6,269.0,32.5,1000.0,1.9923699659616567,100
2024-04-20 17:00:00+05:30,29.2,274.0,31.5,1000.6,1.5936371570530645,100
2024-04-20 18:00:00+05:30,23.1,273.0,30.9,1002.1,100.0,100
2024-04-20 19:00:00+05:30,25.2,279.0,30.3,1002.7,0.0,100
2024-04-20 20:00:00+05:30,24.6,285.0,29.6,1003.3,100.0,100
2024-04-20 21:00:00+05:30,22.6,287.0,29.2,1003.8,95.89160847526763,100
2024-04-20 22:00:00+05:30,21.9,284.0,29.0,1004.0,96.36926882190404,100
2024-04-20 23:00:00+05:30,21.8,283.0,28.8,1003.7,97.04272105830707,100
2024-04-21 00:00:00+05:30,21.1,284.0,28.5,1003.2,99.63731259940573,100
2024-04-21 01:00:00+05:30,20.1,285.0,28.4,1002.8,100.0,100
2024-04-21 02:00:00+05:30,18.8,282.0,28.1,1002.2,98.29020401511738,100
2024-04-21 03:00:00+05:30,17.7,283.0,27.9,1001.8,97.4123255996289,100
2024-04-21 04:00:00+05:30,16.3,284.0,27.6,1001.9,97.95565784516835,100
2024-04-21 05:00:00+05:30,14.8,284.0,27.3,1002.5,100.0,100
2024-04-21 06:00:00+05:30,11.5,284.0,28.2,1002.9,86.10085488681496,100
2024-04-21 07:00:00+05:30,11.6,286.0,29.9,1003.6,87.54358412988246,100
2024-04-21 08:00:00+05:30,12.9,288.0,32.2,1004.3,100.0,100
2024-04-21 09:00:00+05:30,9.8,278.0,34.4,1004.6,41.86567027775246,100
2024-04-21 10:00:00+05:30,9.8,242.0,35.9,1004.2,42.86154360121881,100
2024-04-21 11:00:00+05:30,15.9,231.0,36.1,1003.9,95.86539962793492,100
2024-04-21 12:00:00+05:30,20.9,241.0,35.0,1003.3,100.0,100
2024-04-21 13:00:00+05:30,22.1,254.0,34.2,1002.7,100.0,100
2024-04-21 14:00:00+05:30,19.0,255.0,34.8,1001.7,100.0,100
2024-04-21 15:00:00+05:30,20.3,250.0,34.4,1000.8,97.96946021397146,100
2024-04-21 16:00:00+05:30,22.2,250.0,33.2,1000.9,96.97378396339214,100
2024-04-21 17:00:00+05:30,22.6,256.0,31.9,1001.2,100.0,100
2024-04-21 18:00:00+05:30,14.8,267.0,31.0,1002.7,100.0,100
2024-04-21 19:00:00+05:30,15.2,277.0,30.1,1003.6,98.35459705422207,100
2024-04-21 20:00:00+05:30,16.1,286.0,29.7,1004.5,100.0,100
2024-04-21 21:00:00+05:30,17.7,283.0,29.3,1004.5,100.0,100
2024-04-21 22:00:00+05:30,18.1,291.0,28.6,1004.9,100.0,100
2024-04-21 23:00:00+05:30,17.9,289.0,27.9,1004.7,99.94504194696333,100
2024-04-22 00:00:00+05:30,18.8,282.0,27.8,1004.2,100.0,100
2024-04-22 01:00:00+05:30,18.8,282.0,27.3,1003.7,100.0,100
2024-04-22 02:00:00+05:30,18.7,281.0,27.1,1003.3,97.38277261624314,100
2024-04-22 03:00:00+05:30,19.4,285.0,26.9,1003.1,100.0,100
2024-04-22 04:00:00+05:30,19.3,291.0,26.9,1003.2,98.06386683881318,100
2024-04-22 05:00:00+05:30,19.2,293.0,26.7,1003.3,100.0,100
2024-04-22 06:00:00+05:30,13.4,294.0,28.2,1003.5,100.0,100
2024-04-22 07:00:00+05:30,11.8,290.0,30.1,1004.4,96.31626461763625,100
2024-04-22 08:00:00+05:30,12.3,277.0,32.6,1005.4,100.0,100
2024-04-22 09:00:00+05:30,12.4,260.0,34.5,1005.8,96.53919863798512,100
2024-04-22 10:00:00+05:30,14.8,252.0,35.3,1005.5,96.73423233077011,100
2024-04-22 11:00:00+05:30,17.6,247.0,35.4,1004.9,99.0423044831854,100
2024-04-22 12:00:00+05:30,25.6,253.0,34.1,1004.3,0.0,100
2024-04-22 13:00:00+05:30,24.5,268.0,33.7,1003.6,100.0,100
2024-04-22 14:00:00+05:30,22.1,264.0,34.2,1002.7,97.12151146080032,100
2024-04-22 15:00:00+05:30,27.5,264.0,32.3,1002.3,0.0,100
2024-04-22 16:00:00+05:30,25.9,270.0,31.7,1002.5,0.0,100
2024-04-22 17:00:00+05:30,23.1,274.0,31.0,1002.8,98.6748700047518,100
2024-04-22 18:00:00+05:30,18.0,268.0,31.7,1003.3,97.42288523305585,100
2024-04-22 19:00:00+05:30,18.7,270.0,30.8,1003.9,100.0,100
2024-04-22 20:00:00+05:30,18.6,280.0,30.4,1004.6,98.41336986076529,100
2024-04-22 21:00:00+05:30,20.0,288.0,29.8,1005.4,99.76573006024906,100
2024-04-22 22:00:00+05:30,19.7,288.0,29.0,1005.7,98.51909365923206,100
2024-04-22 23:00:00+05:30,17.9,289.0,28.4,1005.4,100.0,100
2024-04-23 00:00:00+05:30,16.2,291.0,27.8,1004.3,99.72367293045747,100
2024-04-23 01:00:00+05:30,13.9,291.0,27.4,1003.4,98.14360963221668,100
2024-04-23 02:00:00+05:30,11.6,292.0,26.8,1002.5,86.12373618880778,100
2024-04-23 03:00:00+05:30,10.3,299.0,26.3,1002.3,53.329401354638065,100
2024-04-23 04:00:00+05:30,9.1,304.0,25.9,1002.2,31.35646257548327,100
2024-04-23 05:00:00+05:30,8.1,291.0,25.7,1002.6,18.079510141304254,100
2024-04-23 06:00:00+05:30,3.6,264.0,26.2,1003.1,2.098667296586147,100
2024-04-23 07:00:00+05:30,4.3,246.0,28.3,1003.8,1.1805010926642137,100
2024-04-23 08:00:00+05:30,4.1,195.0,30.8,1004.6,1.0927518758405548,100
2024-04-23 09:00:00+05:30,6.5,183.0,32.9,1004.9,5.570546842285337,100
2024-04-23 10:00:00+05:30,10.4,182.0,34.2,1004.4,59.10358472668456,100
2024-04-23 11:00:00+05:30,15.5,175.0,34.7,1004.1,100.0,100
2024-04-23 12:00:00+05:30,17.0,176.0,33.4,1003.5,100.0,100
2024-04-23 13:00:00+05:30,11.6,185.0,34.1,1002.8,87.71422405316626,100
2024-04-23 14:00:00+05:30,12.2,180.0,33.7,1001.8,100.0,100
2024-04-23 15:00:00+05:30,9.7,178.0,32.6,1001.1,39.87961073809548,100
2024-04-23 16:00:00+05:30,8.8,161.0,33.0,1000.7,27.848716879812024,100
2024-04-23 17:00:00+05:30,7.5,197.0,32.1,1001.1,12.549642443101225,100
2024-04-23 18:00:00+05:30,6.2,187.0,30.7,1002.2,7.074701276650481,100
2024-04-23 19:00:00+05:30,7.6,225.0,29.9,1002.9,12.796590661422943,100
2024-04-23 20:00:00+05:30,8.1,249.0,29.5,1003.8,17.74523505820368,100
2024-04-23 21:00:00+05:30,7.6,273.0,28.9,1004.3,14.585157184470091,100
2024-04-23 22:00:00+05:30,8.6,285.0,28.5,1004.7,22.889019448437303,100
2024-04-23 23:00:00+05:30,11.3,277.0,28.3,1004.6,77.13857404386503,100
2024-04-24 00:00:00+05:30,13.2,287.0,27.5,1004.1,97.34525366208082,100
2024-04-24 01:00:00+05:30,13.6,287.0,27.2,1003.4,99.89494639922727,100
2024-04-24 02:00:00+05:30,15.5,298.0,26.7,1002.6,100.0,100
2024-04-24 03:00:00+05:30,15.9,298.0,26.4,1002.2,100.0,100
2024-04-24 04:00:00+05:30,15.3,297.0,26.4,1002.0,100.0,100
2024-04-24 05:00:00+05:30,13.4,290.0,26.1,1002.4,99.37675065944626,100
2024-04-24 06:00:00+05:30,9.2,291.0,27.4,1002.7,30.444747109240705,100
2024-04-24 07:00:00+05:30,8.2,293.0,29.4,1003.7,20.816040674520174,100
2024-04-24 08:00:00+05:30,8.0,278.0,31.8,1004.2,17.659884815860195,100
2024-04-24 09:00:00+05:30,10.0,244.0,33.6,1004.8,45.94215820691822,100
2024-04-24 10:00:00+05:30,13.8,237.0,34.5,1004.5,98.45504227735586,100
2024-04-24 11:00:00+05:30,17.7,232.0,34.5,1004.2,97.61262273573703,100
2024-04-24 12:00:00+05:30,21.3,242.0,33.4,1003.9,100.0,100
2024-04-24 13:00:00+05:30,17.9,261.0,33.2,1003.1,92.58763957731867,100
2024-04-24 14:00:00+05:30,19.2,247.0,33.9,1001.9,98.77098682211385,100
2024-04-24 15:00:00+05:30,22.1,258.0,32.8,1001.4,100.0,100
2024-04-24 16:00:00+05:30,18.0,271.0,32.3,1001.0,98.6590721198984,100
2024-04-24 17:00:00+05:30,17.5,262.0,31.4,1001.2,99.03322842787664,100
2024-04-24 18:00:00+05:30,13.2,244.0,30.1,1002.4,99.09534441511659,100
2024-04-24 19:00:00+05:30,11.5,256.0,29.7,1003.2,84.1481743109034,100
2024-04-24 20:00:00+05:30,11.5,272.0,29.5,1003.9,83.46097541222203,100
2024-04-24 21:00:00+05:30,12.0,279.0,29.2,1004.5,97.81562987755963,100
2024-04-24 22:00:00+05:30,12.0,291.0,28.8,1004.9,100.0,100
2024-04-24 23:00:00+05:30,10.5,292.0,28.3,1004.8,57.48701719490402,100
2024-04-25 00:00:00+05:30,10.5,276.0,28.2,1004.4,58.148242289507515,100
2024-04-25 01:00:00+05:30,12.7,278.0,27.8,1003.5,98.11814603462281,100
2024-04-25 02:00:00+05:30,13.6,282.0,27.4,1002.7,98.30909900447918,100
2024-04-25 03:00:00+05:30,13.5,286.0,27.2,1002.1,97.83401657384992,100
2024-04-25 04:00:00+05:30,13.2,281.0,27.2,1002.1,100.0,100
2024-04-25 05:00:00+05:30,12.6,283.0,27.0,1002.6,98.57232878773002,100
2024-04-25 06:00:00+05:30,10.8,296.0,27.7,1002.9,66.72641255019853,100
2024-04-25 07:00:00+05:30,8.3,304.0,29.4,1003.9,20.467784594204517,100
2024-04-25 08:00:00+05:30,6.9,242.0,31.5,1004.8,7.708130192378581,100
2024-04-25 09:00:00+05:30,9.0,217.0,32.5,1005.0,28.543541795869785,100
2024-04-25 10:00:00+05:30,13.0,199.0,33.1,1004.9,98.608520679991,100
2024-04-25 11:00:00+05:30,15.9,205.0,33.1,1004.4,98.34970555591914,100
2024-04-25 12:00:00+05:30,17.1,205.0,33.2,1003.7,99.95950885992937,100
2024-04-25 13:00:00+05:30,16.6,204.0,33.0,1002.8,97.91581863750852,100
2024-04-25 14:00:00+05:30,16.6,204.0,32.9,1002.0,100.0,100
2024-04-25 15:00:00+05:30,15.0,201.0,32.4,1001.6,95.87292934572984,100
2024-04-25 16:00:00+05:30,14.6,196.0,31.5,1001.5,97.60697068194219,100
2024-04-25 17:00:00+05:30,12.6,207.0,30.6,1001.7,99.4071520008129,100
2024-04-25 18:00:00+05:30,9.7,153.0,29.3,1002.6,40.53892460252639,100
2024-04-25 19:00:00+05:30,6.8,148.0,29.2,1003.3,6.16027371762333,100
2024-04-25 20:00:00+05:30,3.4,162.0,28.9,1003.6,0.0,100
2024-04-25 21:00:00+05:30,4.5,209.0,28.1,1004.0,0.6190972537773763,100
2024-04-25 22:00:00+05:30,4.0,265.0,27.6,1004.4,0.5466533699341679,100
2024-04-25 23:00:00+05:30,4.0,297.0,27.3,1004.1,1.34505014515461,100
2024-04-26 00:00:00+05:30,6.3,301.0,27.0,1003.5,5.83899585804285,100
2024-04-26 01:00:00+05:30,7.2,307.0,26.6,1002.8,10.583840806718825,100
2024-04-26 02:00:00+05:30,8.2,308.0,26.3,1002.5,16.85844110722506,100
2024-04-26 03:00:00+05:30,7.4,309.0,26.1,1002.4,13.689913806878721,100
2024-04-26 04:00:00+05:30,6.1,315.0,25.9,1002.4,6.215505645950698,100
2024-04-26 05:00:00+05:30,6.1,315.0,25.8,1003.0,4.108130757614549,100
2024-04-26 06:00:00+05:30,4.8,333.0,27.7,1003.4,0.08723248452968957,100
2024-04-26 07:00:00+05:30,4.4,325.0,29.8,1004.1,1.9071938650747136,100
2024-04-26 08:00:00+05:30,0.8,243.0,31.2,1004.8,0.9625762347142157,100
2024-04-26 09:00:00+05:30,6.0,147.0,32.8,1005.0,2.484877433983061,100
2024-04-26 10:00:00+05:30,11.3,143.0,33.4,1004.5,78.41678514855073,100
2024-04-26 11:00:00+05:30,12.9,150.0,33.7,1004.2,98.5864554381879,100
2024-04-26 12:00:00+05:30,14.5,150.0,33.4,1003.7,99.8450493911248,100
2024-04-26 13:00:00+05:30,14.9,148.0,33.4,1002.9,100.0,100
2024-04-26 14:00:00+05:30,16.2,159.0,32.8,1002.1,100.0,100
2024-04-26 15:00:00+05:30,16.0,166.0,32.4,1001.5,100.0,100
2024-04-26 16:00:00+05:30,14.2,171.0,31.8,1001.5,95.30887205883577,100
2024-04-26 17:00:00+05:30,11.2,182.0,31.1,1001.8,75.80306802215625,100
2024-04-26 18:00:00+05:30,11.0,142.0,30.2,1002.1,70.4209703993735,100
2024-04-26 19:00:00+05:30,7.7,143.0,30.0,1002.6,14.367641099447372,100
2024-04-26 20:00:00+05:30,6.3,156.0,29.9,1003.4,4.458106944206985,100
2024-04-26 21:00:00+05:30,4.7,176.0,29.3,1003.8,2.00962199943689,100
2024-04-26 22:00:00+05:30,5.2,258.0,27.9,1004.1,2.4500218286322895,100
2024-04-26 23:00:00+05:30,6.0,295.0,28.1,1003.9,2.915928678041543,100
2024-04-27 00:00:00+05:30,8.4,301.0,27.8,1003.3,23.131640501083034,100
2024-04-27 01:00:00+05:30,8.6,303.0,27.4,1002.8,22.979772926688224,100
2024-04-27 02:00:00+05:30,8.6,303.0,27.1,1002.4,25.30198963777198,100
2024-04-27 03:00:00+05:30,9.9,303.0,27.0,1001.9,44.15784384102589,100
2024-04-27 04:00:00+05:30,10.1,297.0,27.0,1002.1,48.854833408623904,100
2024-04-27 05:00:00+05:30,8.9,291.0,26.9,1002.7,26.363010571294915,100
2024-04-27 06:00:00+05:30,5.9,322.0,28.3,1002.9,3.808533143219407,100
2024-04-27 07:00:00+05:30,5.9,322.0,30.3,1003.8,2.6556936792146653,100
2024-04-27 08:00:00+05:30,4.0,297.0,32.4,1004.3,0.0,100
2024-04-27 09:00:00+05:30,4.7,176.0,34.0,1004.6,0.28062864379156816,100
2024-04-27 10:00:00+05:30,11.7,169.0,34.5,1004.5,90.34152541985492,100
2024-04-27 11:00:00+05:30,14.1,176.0,33.9,1004.3,97.71723155686655,100
2024-04-27 12:00:00+05:30,13.0,180.0,33.7,1003.7,97.97503594344036,100
2024-04-27 13:00:00+05:30,13.3,177.0,34.0,1002.6,100.0,100
2024-04-27 14:00:00+05:30,12.6,178.0,33.8,1001.8,100.0,100
2024-04-27 15:00:00+05:30,13.1,188.0,33.4,1001.5,96.80549459438207,100
2024-04-27 16:00:00+05:30,12.9,193.0,32.4,1001.5,100.0,100
2024-04-27 17:00:00+05:30,11.6,202.0,32.0,1001.7,83.22287960625361,100
2024-04-27 18:00:00+05:30,8.4,160.0,31.2,1002.4,22.82792578194705,100
2024-04-27 19:00:00+05:30,7.7,152.0,31.0,1003.6,13.761194701533723,100
2024-04-27 20:00:00+05:30,6.6,151.0,30.7,1004.4,6.265670623671976,100
2024-04-27 21:00:00+05:30,2.6,214.0,30.1,1004.8,1.6174446826296653,100
2024-04-27 22:00:00+05:30,3.5,246.0,29.4,1004.9,1.4549032784515787,100
2024-04-27 23:00:00+05:30,4.1,255.0,29.0,1004.9,0.518673472047233,100
2024-04-28 00:00:00+05:30,3.8,253.0,28.9,1004.4,0.0,100
2024-04-28 01:00:00+05:30,4.7,266.0,28.7,1003.5,0.0,100
2024-04-28 02:00:00+05:30,5.1,278.0,28.5,1003.1,1.0248660342427547,100
2024-04-28 03:00:00+05:30,3.7,299.0,28.0,1002.7,0.26076526791105814,100
2024-04-28 04:00:00+05:30,5.4,312.0,27.7,1002.8,3.1937178381690448,100
2024-04-28 05:00:00+05:30,6.2,306.0,27.6,1003.0,5.578896217473291,100
2024-04-28 06:00:00+05:30,4.1,195.0,29.4,1003.4,0.6745981080296817,100
2024-04-28 07:00:00+05:30,3.3,193.0,30.8,1004.1,0.1223249334188765,100
2024-04-28 08:00:00+05:30,4.3,228.0,32.1,1004.7,1.8902674953624397,100
2024-04-28 09:00:00+05:30,5.0,210.0,33.4,1004.9,0.9088469682775586,100
2024-04-28 10:00:00+05:30,7.6,180.0,34.3,1004.4,12.510334115752997,100
2024-04-28 11:00:00+05:30,14.4,177.0,33.8,1004.4,100.0,100
2024-04-28 12:00:00+05:30,14.1,195.0,33.9,1003.9,99.62624308080963,100
2024-04-28 13:00:00+05:30,15.5,192.0,34.4,1003.3,98.82753447452548,100
2024-04-28 14:00:00+05:30,13.1,217.0,33.5,1002.8,100.0,100
2024-04-28 15:00:00+05:30,14.0,241.0,33.2,1002.1,99.54476817142474,100
2024-04-28 16:00:00+05:30,16.5,254.0,32.4,1002.0,100.0,100
2024-04-28 17:00:00+05:30,14.1,255.0,31.9,1002.0,100.0,100
2024-04-28 18:00:00+05:30,8.8,145.0,31.3,1002.9,28.187049735421546,100
2024-04-28 19:00:00+05:30,6.4,142.0,31.0,1003.9,6.365167268643856,100
2024-04-28 20:00:00+05:30,4.8,153.0,30.8,1004.8,0.0,100
2024-04-28 21:00:00+05:30,4.0,190.0,30.5,1005.3,0.6988172613226715,100
2024-04-28 22:00:00+05:30,4.6,231.0,30.1,1005.5,0.0,100
2024-04-28 23:00:00+05:30,8.4,250.0,29.7,1005.6,20.34697290841511,100
2024-04-29 00:00:00+05:30,7.4,247.0,29.4,1005.6,13.761857765861514,100
2024-04-29 01:00:00+05:30,5.5,259.0,28.9,1005.2,0.10551353861905488,100
2024-04-29 02:00:00+05:30,5.9,232.0,28.1,1004.9,5.814052253190961,100
2024-04-29 03:00:00+05:30,9.7,211.0,27.4,1004.7,42.13115130442551,100
2024-04-29 04:00:00+05:30,9.0,233.0,27.4,1004.8,29.61606980733523,100
2024-04-29 05:00:00+05:30,6.0,253.0,26.9,1005.2,2.3797504286609508,100
2024-04-29 06:00:00+05:30,1.3,304.0,28.4,1005.3,0.47765794044944987,100
2024-04-29 07:00:00+05:30,3.1,291.0,29.3,1006.1,0.2208436759610297,100
2024-04-29 08:00:00+05:30,4.0,243.0,31.3,1006.6,1.6460493855103446,100
2024-04-29 09:00:00+05:30,8.2,209.0,32.8,1006.8,19.309458635656988,100
2024-04-29 10:00:00+05:30,10.6,204.0,33.2,1006.6,59.567507302124966,100
2024-04-29 11:00:00+05:30,12.9,203.0,33.2,1006.1,98.65668544146838,100
2024-04-29 12:00:00+05:30,13.9,201.0,33.3,1005.1,100.0,100
2024-04-29 13:00:00+05:30,15.0,201.0,33.8,1003.9,95.94985013225643,100
2024-04-29 14:00:00+05:30,18.5,201.0,33.2,1003.3,100.0,100
2024-04-29 15:00:00+05:30,19.0,213.0,32.6,1003.0,100.0,100
2024-04-29 16:00:00+05:30,17.6,223.0,32.3,1003.1,100.0,100
2024-04-29 17:00:00+05:30,14.3,231.0,31.4,1003.3,100.0,100
2024-04-29 18:00:00+05:30,10.5,221.0,31.1,1004.0,58.67444895413032,100
2024-04-29 19:00:00+05:30,8.4,223.0,31.1,1004.4,21.608040885699108,100
2024-04-29 20:00:00+05:30,8.2,229.0,31.0,1004.8,19.200310470197813,100
2024-04-29 21:00:00+05:30,9.4,230.0,29.6,1005.5,35.98257402112578,100
2024-04-29 22:00:00+05:30,18.1,239.0,26.3,1007.3,94.91693596337703,100
2024-04-29 23:00:00+05:30,3.3,264.0,26.5,1007.0,0.0,100
2024-04-30 00:00:00+05:30,6.6,229.0,26.6,1006.2,4.527027322290042,100
2024-04-30 01:00:00+05:30,4.7,247.0,26.5,1005.2,0.0,100
2024-04-30 02:00:00+05:30,6.8,267.0,26.5,1004.8,8.756461930518867,100
2024-04-30 03:00:00+05:30,8.4,290.0,26.4,1004.5,22.171511045831323,100
2024-04-30 04:00:00+05:30,5.6,285.0,26.2,1004.3,1.8694750940420326,100
2024-04-30 05:00:00+05:30,10.3,282.0,26.4,1005.2,53.44533181453289,100
2024-04-30 06:00:00+05:30,6.3,211.0,26.6,1005.1,5.18714965329496,100
2024-04-30 07:00:00+05:30,5.8,338.0,26.7,1005.2,2.2748859562616914,100
2024-04-30 08:00:00+05:30,6.1,320.0,28.9,1006.2,5.465081148896756,100
2024-04-30 09:00:00+05:30,4.0,243.0,30.9,1006.5,0.0,100
2024-04-30 10:00:00+05:30,14.3,214.0,31.8,1006.5,98.10346045078421,100
2024-04-30 11:00:00+05:30,15.0,226.0,31.5,1006.7,98.05008092696171,100
2024-04-30 12:00:00+05:30,15.0,228.0,31.1,1005.9,100.0,100
2024-04-30 13:00:00+05:30,12.2,223.0,31.5,1004.2,98.76813016518926,100
2024-04-30 14:00:00+05:30,19.0,217.0,30.6,1002.9,100.0,100
2024-04-30 15:00:00+05:30,18.3,223.0,30.7,1002.5,97.23596613868482,100
2024-04-30 16:00:00+05:30,16.1,228.0,30.7,1002.8,98.47516574896886,100
2024-04-30 17:00:00+05:30,15.6,232.0,30.4,1003.2,100.0,100
2024-04-30 18:00:00+05:30,16.4,237.0,29.2,1003.9,98.52246295245561,100
2024-04-30 19:00:00+05:30,15.4,254.0,29.0,1004.6,100.0,100
2024-04-30 20:00:00+05:30,18.4,253.0,28.1,1005.6,99.33231345634073,100
2024-04-30 21:00:00+05:30,18.1,265.0,27.9,1006.1,100.0,100
2024-04-30 22:00:00+05:30,18.2,288.0,27.7,1005.6,100.0,100
2024-04-30 23:00:00+05:30,16.4,289.0,27.1,1005.2,98.46805674312102,100
2024-05-01 00:00:00+05:30,16.9,294.0,26.8,1004.3,100.0,100
2024-05-01 01:00:00+05:30,15.4,286.0,26.5,1003.4,100.0,100
2024-05-01 02:00:00+05:30,16.2,282.0,26.3,1002.7,100.0,100
2024-05-01 03:00:00+05:30,16.9,282.0,26.1,1002.4,100.0,100
2024-05-01 04:00:00+05:30,17.7,290.0,26.1,1002.2,98.7085756257061,100
2024-05-01 05:00:00+05:30,18.8,299.0,26.3,1002.3,100.0,100
2024-05-01 06:00:00+05:30,13.3,283.0,27.4,1002.3,97.58432986129144,100
2024-05-01 07:00:00+05:30,13.6,282.0,29.0,1002.9,100.0,100
2024-05-01 08:00:00+05:30,15.9,273.0,31.3,1003.5,97.32521299767242,100
2024-05-01 09:00:00+05:30,18.4,267.0,33.0,1003.6,100.0,100
2024-05-01 10:00:00+05:30,19.2,262.0,34.3,1003.3,100.0,100
2024-05-01 11:00:00+05:30,21.8,262.0,35.2,1002.9,100.0,100
2024-05-01 12:00:00+05:30,23.3,257.0,35.1,1002.1,96.56438070659644,100
2024-05-01 13:00:00+05:30,25.7,250.0,35.1,1001.1,0.0,100
2024-05-01 14:00:00+05:30,28.7,252.0,34.0,1000.5,0.0,100
2024-05-01 15:00:00+05:30,27.6,258.0,33.4,999.8,0.0,100
2024-05-01 16:00:00+05:30,28.3,258.0,32.5,1000.0,0.0,100
2024-05-01 17:00:00+05:30,27.9,263.0,31.9,1000.5,0.0,100
2024-05-01 18:00:00+05:30,24.3,263.0,31.4,1000.9,99.4892814502647,100
2024-05-01 19:00:00+05:30,22.7,269.0,30.9,1001.8,98.89818311095765,100
2024-05-01 20:00:00+05:30,21.6,267.0,30.6,1002.6,99.55710597840213,100
2024-05-01 21:00:00+05:30,24.2,274.0,29.8,1003.2,99.52176132072711,100
2024-05-01 22:00:00+05:30,22.8,275.0,29.1,1003.5,100.0,100
2024-05-01 23:00:00+05:30,22.3,271.0,28.5,1003.0,100.0,100
2024-05-02 00:00:00+05:30,22.0,270.0,28.3,1002.6,100.0,100
2024-05-02 01:00:00+05:30,20.9,272.0,28.0,1002.2,100.0,100
2024-05-02 02:00:00+05:30,20.5,272.0,27.8,1002.0,100.0,100
2024-05-02 03:00:00+05:30,19.5,274.0,27.9,1001.6,99.88746193912374,100
2024-05-02 04:00:00+05:30,20.3,283.0,27.6,1001.6,96.95511208463343,100
2024-05-02 05:00:00+05:30,20.1,279.0,27.5,1002.1,97.50746969353317,100
2024-05-02 06:00:00+05:30,19.2,287.0,28.6,1002.4,100.0,100
2024-05-02 07:00:00+05:30,19.0,289.0,29.9,1003.1,100.0,100
2024-05-02 08:00:00+05:30,20.0,284.0,31.9,1004.0,97.52114484512563,100
2024-05-02 09:00:00+05:30,19.1,272.0,33.7,1004.3,100.0,100
2024-05-02 10:00:00+05:30,19.4,260.0,35.1,1004.1,97.53849927621566,100
2024-05-02 11:00:00+05:30,21.0,248.0,35.4,1003.4,100.0,100
2024-05-02 12:00:00+05:30,23.2,242.0,35.1,1002.6,99.02503556942018,100
2024-05-02 13:00:00+05:30,23.4,241.0,34.8,1001.6,97.92598761017166,100
2024-05-02 14:00:00+05:30,22.7,243.0,34.7,1000.7,100.0,100
2024-05-02 15:00:00+05:30,23.4,239.0,33.8,999.9,99.51946109834562,100
2024-05-02 16:00:00+05:30,21.3,240.0,32.9,1000.0,99.5822445333775,100
2024-05-02 17:00:00+05:30,19.5,245.0,31.9,1000.5,100.0,100
2024-05-02 18:00:00+05:30,14.5,210.0,30.9,1002.4,99.50617836246843,100
2024-05-02 19:00:00+05:30,13.7,207.0,30.8,1003.1,100.0,100
2024-05-02 20:00:00+05:30,12.8,218.0,30.4,1003.8,96.48026327455867,100
2024-05-02 21:00:00+05:30,12.5,229.0,30.2,1004.4,99.52930044806956,100
2024-05-02 22:00:00+05:30,13.7,243.0,30.1,1004.3,100.0,100
2024-05-02 23:00:00+05:30,14.1,251.0,29.7,1004.0,100.0,100
2024-05-03 00:00:00+05:30,14.5,251.0,29.5,1003.5,98.79326364290127,100
2024-05-03 01:00:00+05:30,15.4,259.0,29.1,1002.8,100.0,100
2024-05-03 02:00:00+05:30,15.2,263.0,28.7,1002.3,100.0,100
2024-05-03 03:00:00+05:30,15.2,263.0,28.5,1002.4,98.7400660119904,100
2024-05-03 04:00:00+05:30,15.1,270.0,28.2,1002.5,100.0,100
2024-05-03 05:00:00+05:30,14.4,271.0,28.1,1003.3,98.92018420641504,100
2024-05-03 06:00:00+05:30,14.8,271.0,29.1,1003.4,99.86635989030398,100
2024-05-03 07:00:00+05:30,15.9,273.0,30.5,1004.5,100.0,100
2024-05-03 08:00:00+05:30,17.4,263.0,31.9,1005.0,100.0,100
2024-05-03 09:00:00+05:30,18.5,257.0,33.0,1005.5,100.0,100
2024-05-03 10:00:00+05:30,19.9,248.0,34.3,1005.2,97.61752978071623,100
2024-05-03 11:00:00+05:30,20.3,240.0,34.8,1004.6,100.0,100
2024-05-03 12:00:00+05:30,22.5,238.0,34.6,1003.8,100.0,100
2024-05-03 13:00:00+05:30,23.7,242.0,34.7,1002.7,100.0,100
2024-05-03 14:00:00+05:30,23.2,246.0,34.2,1001.9,99.01825025384109,100
2024-05-03 15:00:00+05:30,24.4,248.0,34.2,1001.2,97.50832295981348,100
2024-05-03 16:00:00+05:30,24.9,252.0,33.7,1001.4,100.0,100
2024-05-03 17:00:00+05:30,24.6,258.0,32.6,1002.4,100.0,100
2024-05-03 18:00:00+05:30,20.7,253.0,31.6,1003.3,100.0,100
2024-05-03 19:00:00+05:30,18.7,259.0,31.3,1004.6,99.29697470770468,100
2024-05-03 20:00:00+05:30,17.8,263.0,31.0,1005.4,95.33515472547725,100
2024-05-03 21:00:00+05:30,17.4,264.0,30.8,1005.8,100.0,100
2024-05-03 22:00:00+05:30,17.0,265.0,30.5,1005.8,100.0,100
2024-05-03 23:00:00+05:30,16.6,269.0,30.2,1005.3,100.0,100
2024-05-04 00:00:00+05:30,15.8,270.0,29.9,1004.5,100.0,100
2024-05-04 01:00:00+05:30,15.2,274.0,29.5,1003.5,100.0,100
2024-05-04 02:00:00+05:30,15.5,282.0,29.2,1002.8,97.84846859411317,100
2024-05-04 03:00:00+05:30,15.9,283.0,29.0,1002.7,99.47535549374341,100
2024-05-04 04:00:00+05:30,16.0,284.0,28.8,1002.9,100.0,100
2024-05-04 05:00:00+05:30,15.4,281.0,28.6,1003.5,99.57044429386703,100
2024-05-04 06:00:00+05:30,14.9,285.0,29.8,1004.5,100.0,100
2024-05-04 07:00:00+05:30,16.5,286.0,30.9,1005.2,100.0,100
2024-05-04 08:00:00+05:30,18.4,281.0,32.6,1005.8,98.0128784873692,100
2024-05-04 09:00:00+05:30,19.6,276.0,34.2,1005.9,99.7648102443106,100
2024-05-04 10:00:00+05:30,20.6,265.0,35.2,1005.5,99.24745746849027,100
2024-05-04 11:00:00+05:30,23.0,261.0,35.8,1004.5,100.0,100
2024-05-04 12:00:00+05:30,24.3,258.0,36.1,1003.5,100.0,100
2024-05-04 13:00:00+05:30,27.0,254.0,35.8,1002.5,0.0,100
2024-05-04 14:00:00+05:30,29.3,256.0,35.0,1001.7,0.0,100
2024-05-04 15:00:00+05:30,29.9,257.0,34.2,1001.2,1.556669199495112,100
2024-05-04 16:00:00+05:30,30.2,261.0,33.4,1001.2,0.7562957417136328,100
2024-05-04 17:00:00+05:30,29.6,267.0,32.4,1001.9,0.0,100
2024-05-04 18:00:00+05:30,24.6,259.0,31.5,1002.8,98.4469930713496,100
2024-05-04 19:00:00+05:30,22.8,265.0,31.1,1003.8,100.0,100
2024-05-04 20:00:00+05:30,22.0,268.0,30.9,1004.1,100.0,100
2024-05-04 21:00:00+05:30,22.4,274.0,30.6,1004.4,100.0,100
2024-05-04 22:00:00+05:30,21.8,279.0,30.1,1004.5,100.0,100
2024-05-04 23:00:00+05:30,21.9,279.0,29.9,1004.4,97.11378016622686,100
2024-05-05 00:00:00+05:30,22.2,278.0,29.6,1003.9,100.0,100
2024-05-05 01:00:00+05:30,22.6,278.0,29.3,1003.1,98.77454995054052,100
2024-05-05 02:00:00+05:30,22.9,277.0,29.1,1002.7,100.0,100
2024-05-05 03:00:00+05:30,23.2,282.0,28.7,1002.6,100.0,100
2024-05-05 04:00:00+05:30,23.3,279.0,28.7,1002.7,98.81201771614815,100
2024-05-05 05:00:00+05:30,23.6,282.0,28.3,1003.2,100.0,100
2024-05-05 06:00:00+05:30,23.3,283.0,29.1,1003.0,98.26439183102599,100
2024-05-05 07:00:00+05:30,23.4,284.0,30.2,1004.0,100.0,100
2024-05-05 08:00:00+05:30,23.9,286.0,31.9,1004.2,99.11175638140107,100
2024-05-05 09:00:00+05:30,23.2,283.0,33.8,1004.1,99.85721066079691,100
2024-05-05 10:00:00+05:30,24.2,273.0,35.2,1003.7,97.57527209162129,100
2024-05-05 11:00:00+05:30,26.0,266.0,36.2,1003.0,0.3908861293940574,100
2024-05-05 12:00:00+05:30,28.0,257.0,36.3,1002.2,1.2772683173792911,100
2024-05-05 13:00:00+05:30,30.4,251.0,35.7,1001.4,0.0,100
2024-05-05 14:00:00+05:30,32.0,255.0,34.7,1000.8,0.0,100
2024-05-05 15:00:00+05:30,30.2,261.0,34.0,1000.3,0.0,100
2024-05-05 16:00:00+05:30,30.1,263.0,33.1,1000.5,0.0,100
2024-05-05 17:00:00+05:30,29.3,264.0,32.2,1001.3,0.24177228278290872,100
2024-05-05 18:00:00+05:30,23.9,259.0,31.2,1002.4,100.0,100
2024-05-05 19:00:00+05:30,23.2,264.0,31.0,1003.5,99.51862844137966,100
2024-05-05 20:00:00+05:30,22.0,268.0,30.9,1004.0,100.0,100
2024-05-05 21:00:00+05:30,22.3,270.0,30.5,1004.4,99.93143341840943,100
2024-05-05 22:00:00+05:30,20.2,271.0,30.1,1004.5,95.55563122829827,100
2024-05-05 23:00:00+05:30,20.9,281.0,30.1,1004.2,100.0,100
2024-05-06 00:00:00+05:30,20.1,280.0,29.5,1003.7,97.41555204741968,100
2024-05-06 01:00:00+05:30,20.4,279.0,29.4,1003.3,100.0,100
2024-05-06 02:00:00+05:30,21.7,275.0,29.2,1003.0,99.84180110141375,100
2024-05-06 03:00:00+05:30,22.7,280.0,29.0,1002.9,97.3537471823768,100
2024-05-06 04:00:00+05:30,22.0,280.0,28.7,1003.0,95.06136519263197,100
2024-05-06 05:00:00+05:30,22.2,283.0,28.4,1003.4,100.0,100
2024-05-06 06:00:00+05:30,20.4,284.0,30.0,1003.6,100.0,100
2024-05-06 07:00:00+05:30,19.6,287.0,31.2,1004.0,100.0,100
2024-05-06 08:00:00+05:30,21.9,284.0,33.1,1004.5,100.0,100
2024-05-06 09:00:00+05:30,23.3,278.0,34.7,1004.7,99.59138466117459,100
2024-05-06 10:00:00+05:30,23.2,264.0,36.1,1004.4,98.24198331961124,100
2024-05-06 11:00:00+05:30,27.8,251.0,36.2,1004.0,0.8878553037923493,100
2024-05-06 12:00:00+05:30,30.1,255.0,35.8,1003.4,1.7896077936409425,100
2024-05-06 13:00:00+05:30,29.7,259.0,35.6,1002.8,0.0,100
2024-05-06 14:00:00+05:30,30.0,266.0,35.0,1002.3,0.6183739121966424,100
2024-05-06 15:00:00+05:30,28.8,271.0,34.6,1001.8,0.0,100
2024-05-06 16:00:00+05:30,26.6,271.0,33.7,1001.6,0.0,100
2024-05-06 17:00:00+05:30,27.7,279.0,33.2,1002.1,1.1937584448534606,100
2024-05-06 18:00:00+05:30,25.2,273.0,32.2,1002.4,2.88051918690872,100
2024-05-06 19:00:00+05:30,24.6,275.0,31.5,1003.4,100.0,100
2024-05-06 20:00:00+05:30,23.4,274.0,31.1,1004.3,100.0,100
2024-05-06 21:00:00+05:30,22.5,277.0,30.7,1005.1,99.04736958495263,100
2024-05-06 22:00:00+05:30,22.3,279.0,30.3,1005.4,99.79832997093506,100
2024-05-06 23:00:00+05:30,21.0,283.0,30.0,1004.9,99.68310185754733,100
2024-05-07 00:00:00+05:30,21.1,287.0,29.4,1004.5,98.90664467745147,100
2024-05-07 01:00:00+05:30,21.6,288.0,29.2,1003.9,97.14309067707366,100
2024-05-07 02:00:00+05:30,21.5,291.0,28.9,1003.7,98.48175888376664,100
2024-05-07 03:00:00+05:30,22.6,287.0,28.9,1003.6,100.0,100
2024-05-07 04:00:00+05:30,21.4,283.0,28.7,1003.8,96.98300644186148,100
2024-05-07 05:00:00+05:30,21.1,287.0,28.5,1004.1,98.15790170356675,100
2024-05-07 06:00:00+05:30,18.3,290.0,29.4,1004.6,96.8520440282664,100
2024-05-07 07:00:00+05:30,16.0,279.0,30.9,1005.3,97.19209354257531,100
2024-05-07 08:00:00+05:30,17.7,275.0,32.9,1006.1,97.78741592373437,100
2024-05-07 09:00:00+05:30,18.4,267.0,34.4,1005.7,100.0,100
2024-05-07 10:00:00+05:30,19.7,255.0,35.6,1005.3,98.44922689519909,100
2024-05-07 11:00:00+05:30,22.0,249.0,35.7,1004.8,100.0,100
2024-05-07 12:00:00+05:30,26.4,238.0,35.3,1004.1,0.0,100
2024-05-07 13:00:00+05:30,28.2,242.0,34.4,1003.8,0.0,100
2024-05-07 14:00:00+05:30,27.8,239.0,34.1,1003.1,0.0,100
2024-05-07 15:00:00+05:30,28.2,253.0,33.8,1002.6,0.0,100
2024-05-07 16:00:00+05:30,29.1,258.0,33.2,1002.6,0.0,100
2024-05-07 17:00:00+05:30,29.6,260.0,32.2,1002.9,1.5764421541313365,100
2024-05-07 18:00:00+05:30,25.1,263.0,31.3,1003.4,0.0,100
2024-05-07 19:00:00+05:30,25.6,267.0,30.9,1004.4,0.6509143136533553,100
2024-05-07 20:00:00+05:30,24.9,267.0,30.7,1004.9,100.0,100
2024-05-07 21:00:00+05:30,24.9,272.0,30.5,1005.9,98.5424646692468,100
2024-05-07 22:00:00+05:30,24.0,278.0,30.2,1006.2,99.67239942635477,100
2024-05-07 23:00:00+05:30,24.9,280.0,29.9,1006.1,100.0,100
2024-05-08 00:00:00+05:30,26.3,283.0,29.6,1005.1,1.7748782724004895,100
2024-05-08 01:00:00+05:30,25.3,287.0,29.0,1003.9,0.27337581185750265,100
2024-05-08 02:00:00+05:30,24.4,289.0,28.7,1003.2,100.0,100
2024-05-08 03:00:00+05:30,22.8,288.0,28.5,1002.8,99.00425856232907,100
2024-05-08 04:00:00+05:30,23.6,291.0,28.3,1002.7,93.49816565010981,100
2024-05-08 05:00:00+05:30,23.7,290.0,28.4,1003.4,100.0,100
2024-05-08 06:00:00+05:30,16.1,280.0,29.7,1004.0,95.9048551949415,100
2024-05-08 07:00:00+05:30,16.0,293.0,31.4,1004.5,100.0,100
2024-05-08 08:00:00+05:30,14.5,316.0,33.9,1005.0,100.0,100
2024-05-08 09:00:00+05:30,4.5,29.0,35.4,1005.5,1.0134022996886414,100
2024-05-08 10:00:00+05:30,7.6,185.0,36.1,1005.5,12.985723351231028,100
2024-05-08 11:00:00+05:30,12.2,236.0,34.1,1005.2,98.5786927580887,100
2024-05-08 12:00:00+05:30,12.7,255.0,32.6,1004.9,100.0,100
2024-05-08 13:00:00+05:30,10.4,284.0,32.6,1003.4,55.17010695599739,100
2024-05-08 14:00:00+05:30,12.7,262.0,34.1,1002.4,100.0,100
2024-05-08 15:00:00+05:30,17.5,262.0,31.2,1002.1,98.41902018188867,100
2024-05-08 16:00:00+05:30,17.5,256.0,31.2,1002.0,96.05298006840313,100
2024-05-08 17:00:00+05:30,19.7,261.0,30.1,1002.5,96.69671933680206,100
2024-05-08 18:00:00+05:30,12.6,239.0,32.3,1002.8,100.0,100
2024-05-08 19:00:00+05:30,12.6,233.0,31.3,1002.8,100.0,100
2024-05-08 20:00:00+05:30,12.9,243.0,31.1,1003.8,100.0,100
2024-05-08 21:00:00+05:30,17.5,279.0,30.1,1004.9,98.3026827309862,100
2024-05-08 22:00:00+05:30,10.8,291.0,29.3,1004.5,65.12483044127055,100
2024-05-08 23:00:00+05:30,11.2,249.0,29.1,1004.3,74.6737729539067,100
2024-05-09 00:00:00+05:30,14.8,264.0,28.8,1003.8,98.786149596472,100
2024-05-09 01:00:00+05:30,16.7,277.0,27.6,1003.3,99.32649318843437,100
2024-05-09 02:00:00+05:30,12.6,275.0,27.4,1003.0,99.9723134737185,100
2024-05-09 03:00:00+05:30,13.4,284.0,27.3,1002.7,98.54642488794815,100
2024-05-09 04:00:00+05:30,15.2,284.0,27.6,1002.9,100.0,100
2024-05-09 05:00:00+05:30,14.5,284.0,27.2,1003.4,96.7933906555624,100
2024-05-09 06:00:00+05:30,7.3,261.0,28.3,1003.4,12.66292113180257,100
2024-05-09 07:00:00+05:30,9.3,242.0,30.1,1004.8,33.340605119099685,100
2024-05-09 08:00:00+05:30,10.6,246.0,31.5,1004.8,59.774789424928656,100
2024-05-09 09:00:00+05:30,12.8,232.0,32.5,1004.5,100.0,100
2024-05-09 10:00:00+05:30,15.6,230.0,33.3,1004.3,98.75857077118549,100
2024-05-09 11:00:00+05:30,18.9,228.0,34.1,1004.0,99.04102532770081,100
2024-05-09 12:00:00+05:30,17.4,264.0,33.0,1004.1,97.54129406862587,100
2024-05-09 13:00:00+05:30,20.3,253.0,31.5,1002.9,97.57563629283695,100
2024-05-09 14:00:00+05:30,18.7,247.0,32.6,1002.0,100.0,100
2024-05-09 15:00:00+05:30,19.6,250.0,32.5,1001.5,100.0,100
2024-05-09 16:00:00+05:30,18.1,253.0,32.1,1001.4,100.0,100
2024-05-09 17:00:00+05:30,18.9,256.0,31.3,1001.9,100.0,100
2024-05-09 18:00:00+05:30,15.5,228.0,31.8,1002.9,100.0,100
2024-05-09 19:00:00+05:30,17.5,217.0,31.1,1003.9,100.0,100
2024-05-09 20:00:00+05:30,17.7,218.0,28.9,1004.6,100.0,100
2024-05-09 21:00:00+05:30,11.6,254.0,29.0,1004.6,84.7592604214246,100
2024-05-09 22:00:00+05:30,14.3,258.0,28.4,1005.2,100.0,100
2024-05-09 23:00:00+05:30,13.4,262.0,28.3,1005.0,96.59723191630766,100
2024-05-10 00:00:00+05:30,14.7,295.0,27.9,1004.2,100.0,100
2024-05-10 01:00:00+05:30,14.1,276.0,26.9,1004.2,100.0,100
2024-05-10 02:00:00+05:30,10.2,247.0,25.4,1004.6,50.50287955790243,100
2024-05-10 03:00:00+05:30,11.7,279.0,25.4,1004.1,93.34390778612337,100
2024-05-10 04:00:00+05:30,13.3,311.0,25.0,1004.3,100.0,100
2024-05-10 05:00:00+05:30,13.4,306.0,25.0,1004.6,97.91696633590965,100
2024-05-10 06:00:00+05:30,2.9,180.0,27.4,1005.3,0.0,100
2024-05-10 07:00:00+05:30,8.8,215.0,28.7,1005.5,27.173125872321314,100
2024-05-10 08:00:00+05:30,10.3,241.0,30.2,1006.1,55.01409007842662,100
2024-05-10 09:00:00+05:30,12.4,262.0,31.7,1006.3,100.0,100
2024-05-10 10:00:00+05:30,15.2,263.0,32.6,1006.2,100.0,100
2024-05-10 11:00:00+05:30,17.1,255.0,33.9,1005.3,97.23296643891007,100
2024-05-10 12:00:00+05:30,18.2,243.0,34.3,1003.9,96.85983349391519,100
2024-05-10 13:00:00+05:30,22.4,240.0,32.8,1003.1,96.07277712909635,100
2024-05-10 14:00:00+05:30,21.3,254.0,32.0,1002.6,100.0,100
2024-05-10 15:00:00+05:30,20.9,255.0,32.1,1002.2,100.0,100
2024-05-10 16:00:00+05:30,19.7,261.0,31.4,1002.4,96.86446937521855,100
2024-05-10 17:00:00+05:30,15.5,269.0,30.6,1003.0,97.7427764852871,100
2024-05-10 18:00:00+05:30,12.3,232.0,31.4,1004.2,95.53791532741704,100
2024-05-10 19:00:00+05:30,10.3,234.0,31.0,1004.8,55.425051019317124,100
2024-05-10 20:00:00+05:30,9.7,248.0,30.6,1005.2,44.14576074451903,100
2024-05-10 21:00:00+05:30,6.8,270.0,30.3,1005.6,6.867885875962379,100
2024-05-10 22:00:00+05:30,6.5,276.0,29.9,1006.1,5.068400217658812,100
2024-05-10 23:00:00+05:30,6.8,267.0,29.6,1005.8,7.732591342257231,100
2024-05-11 00:00:00+05:30,5.5,293.0,29.3,1005.3,3.0734003441868665,100
2024-05-11 01:00:00+05:30,4.6,309.0,29.1,1004.6,0.8829664276254543,100
2024-05-11 02:00:00+05:30,3.4,342.0,28.6,1004.3,0.0,100
2024-05-11 03:00:00+05:30,2.4,333.0,28.2,1004.1,0.0,100
2024-05-11 04:00:00+05:30,2.8,310.0,27.7,1004.4,0.0,100
2024-05-11 05:00:00+05:30,3.4,288.0,27.5,1004.7,0.8646037615130366,100
2024-05-11 06:00:00+05:30,4.3,48.0,27.3,1005.1,1.0860569298475555,100
2024-05-11 07:00:00+05:30,4.9,107.0,28.5,1006.7,0.0,100
2024-05-11 08:00:00+05:30,6.5,124.0,30.0,1006.6,5.513094913993582,100
2024-05-11 09:00:00+05:30,9.7,129.0,31.3,1006.7,41.485131200185,100
2024-05-11 10:00:00+05:30,10.4,166.0,31.8,1006.0,56.56753706889776,100
2024-05-11 11:00:00+05:30,15.3,204.0,30.8,1006.6,98.3982606290921,100
2024-05-11 12:00:00+05:30,6.9,174.0,30.5,1005.5,7.847158219073855,100
2024-05-11 13:00:00+05:30,6.0,197.0,30.9,1004.8,5.10254717441771,100
2024-05-11 14:00:00+05:30,7.0,235.0,31.2,1004.3,10.67664366482348,100
2024-05-11 15:00:00+05:30,9.5,245.0,30.8,1003.2,35.37125536880591,100
2024-05-11 16:00:00+05:30,10.2,260.0,30.7,1003.2,51.42375858417725,100
2024-05-11 17:00:00+05:30,8.2,255.0,30.3,1003.4,18.463682938218874,100
2024-05-11 18:00:00+05:30,7.3,171.0,30.8,1004.9,11.285823166600714,100
2024-05-11 19:00:00+05:30,8.0,198.0,30.3,1005.1,17.686720139505013,100
2024-05-11 20:00:00+05:30,4.6,219.0,29.9,1006.3,0.8811060434801923,100
2024-05-11 21:00:00+05:30,3.9,248.0,29.6,1006.4,0.0,100
2024-05-11 22:00:00+05:30,2.9,270.0,28.9,1006.4,0.0,100
2024-05-11 23:00:00+05:30,3.1,291.0,28.4,1005.9,0.0,100
2024-05-12 00:00:00+05:30,3.8,287.0,28.2,1005.0,0.0,100
2024-05-12 01:00:00+05:30,3.8,287.0,27.8,1004.3,0.0,100
2024-05-12 02:00:00+05:30,8.0,265.0,27.7,1003.9,16.71720096807596,100
2024-05-12 03:00:00+05:30,10.9,264.0,25.7,1004.9,67.60955476344508,100
2024-05-12 04:00:00+05:30,12.4,280.0,25.7,1004.9,97.18832920063011,100
2024-05-12 05:00:00+05:30,9.0,286.0,25.4,1005.1,30.224657493694295,100
2024-05-12 06:00:00+05:30,10.5,218.0,26.8,1006.0,56.085680022499496,100
2024-05-12 07:00:00+05:30,3.7,209.0,27.6,1006.3,0.0,100
2024-05-12 08:00:00+05:30,8.9,194.0,28.8,1007.7,25.8168945563617,100
2024-05-12 09:00:00+05:30,4.3,204.0,29.8,1007.3,0.4240358180064755,100
2024-05-12 10:00:00+05:30,7.6,161.0,30.9,1006.7,13.491514613074783,100
2024-05-12 11:00:00+05:30,12.8,196.0,29.6,1006.4,100.0,100
2024-05-12 12:00:00+05:30,11.4,204.0,30.5,1005.9,79.29971167947761,100
2024-05-12 13:00:00+05:30,10.0,193.0,31.1,1004.3,46.24150436487794,100
2024-05-12 14:00:00+05:30,11.6,210.0,31.2,1003.4,87.1310463368719,100
2024-05-12 15:00:00+05:30,14.0,244.0,30.3,1003.3,99.45912512316171,100
2024-05-12 16:00:00+05:30,14.1,267.0,29.8,1003.4,100.0,100
2024-05-12 17:00:00+05:30,10.5,274.0,29.3,1003.6,59.64858501355024,100
2024-05-12 18:00:00+05:30,11.8,218.0,29.8,1004.4,90.60040314590871,100
2024-05-12 19:00:00+05:30,9.2,225.0,29.5,1005.2,31.959119308575847,100
2024-05-12 20:00:00+05:30,7.7,233.0,29.1,1005.3,13.407830796226694,100
2024-05-12 21:00:00+05:30,6.3,246.0,28.7,1005.6,5.710999487737647,100
2024-05-12 22:00:00+05:30,4.9,234.0,27.8,1005.5,1.3779366680663687,100
2024-05-12 23:00:00+05:30,4.0,180.0,27.6,1005.1,1.8725140682638723,100
2024-05-13 00:00:00+05:30,5.5,191.0,28.0,1004.1,2.1096615098616827,100
2024-05-13 01:00:00+05:30,4.8,228.0,27.4,1003.8,0.1384649685612911,100
2024-05-13 02:00:00+05:30,4.7,171.0,27.2,1003.1,0.0,100
2024-05-13 03:00:00+05:30,2.2,9.0,27.1,1003.0,0.0,100
2024-05-13 04:00:00+05:30,0.7,90.0,25.7,1004.3,2.051328342950361,100
2024-05-13 05:00:00+05:30,2.7,113.0,24.8,1004.9,0.7083212531004925,100
2024-05-13 06:00:00+05:30,10.3,54.0,26.7,1005.3,54.47799744851701,100
2024-05-13 07:00:00+05:30,10.3,29.0,26.7,1005.6,54.36623548441683,100
2024-05-13 08:00:00+05:30,7.9,43.0,28.6,1005.7,16.455634905051618,100
2024-05-13 09:00:00+05:30,8.0,85.0,30.4,1005.6,16.82097030938069,100
2024-05-13 10:00:00+05:30,5.9,128.0,31.6,1005.4,4.282978303132944,100
2024-05-13 11:00:00+05:30,9.7,158.0,32.2,1004.9,40.81143306017156,100
2024-05-13 12:00:00+05:30,11.9,182.0,31.8,1003.7,93.82858237110713,100
2024-05-13 13:00:00+05:30,13.9,211.0,31.5,1002.5,95.7315667799029,100
2024-05-13 14:00:00+05:30,11.0,238.0,31.1,1001.9,69.0955200682444,100
2024-05-13 15:00:00+05:30,13.6,233.0,31.5,1001.9,97.14157620613382,100
2024-05-13 16:00:00+05:30,11.4,242.0,30.0,1001.9,82.01173401429178,100
2024-05-13 17:00:00+05:30,10.6,246.0,29.7,1002.7,58.2893419425194,100
2024-05-13 18:00:00+05:30,3.4,212.0,29.4,1004.0,0.0,100
2024-05-13 19:00:00+05:30,3.4,198.0,28.4,1004.2,0.736972549286211,100
2024-05-13 20:00:00+05:30,8.0,207.0,28.6,1004.5,17.936486602436485,100
2024-05-13 21:00:00+05:30,5.7,198.0,28.0,1004.5,3.4250750312159925,100
2024-05-13 22:00:00+05:30,3.2,243.0,29.0,1004.5,0.13893596516761542,100
2024-05-13 23:00:00+05:30,3.6,270.0,28.0,1003.9,0.09649708100641484,100
2024-05-14 00:00:00+05:30,5.4,138.0,26.8,1003.8,3.4378693722846947,100
2024-05-14 01:00:00+05:30,6.5,341.0,26.0,1003.7,7.682569859906107,100
2024-05-14 02:00:00+05:30,6.5,3.0,25.8,1003.2,5.89511240074922,100
2024-05-14 03:00:00+05:30,8.7,24.0,25.1,1003.3,24.86935809879416,100
2024-05-14 04:00:00+05:30,9.5,37.0,25.3,1003.8,40.20955407648957,100
2024-05-14 05:00:00+05:30,1.1,342.0,25.8,1004.6,0.9151949183338676,100
2024-05-14 06:00:00+05:30,12.7,61.0,26.8,1004.7,99.48404200146517,100
2024-05-14 07:00:00+05:30,8.4,50.0,27.5,1005.3,20.167984688173583,100
2024-05-14 08:00:00+05:30,7.4,61.0,29.0,1005.9,13.072776823654783,100
2024-05-14 09:00:00+05:30,1.9,112.0,30.5,1005.8,0.0,100
2024-05-14 10:00:00+05:30,6.7,196.0,31.7,1006.0,5.378501515608359,100
2024-05-14 11:00:00+05:30,8.6,237.0,31.6,1005.4,25.642928463997507,100
2024-05-14 12:00:00+05:30,7.6,265.0,30.3,1004.9,14.056919701979654,100
2024-05-14 13:00:00+05:30,8.3,252.0,30.2,1003.9,22.80089008986573,100
2024-05-14 14:00:00+05:30,12.8,238.0,31.0,1003.3,98.95046370923814,100
2024-05-14 15:00:00+05:30,15.9,264.0,29.5,1002.7,100.0,100
2024-05-14 16:00:00+05:30,14.2,263.0,29.6,1002.7,97.07082611126016,100
2024-05-14 17:00:00+05:30,13.7,273.0,29.5,1003.4,96.73624398912652,100
2024-05-14 18:00:00+05:30,10.0,255.0,28.8,1004.8,46.49477060830592,100
2024-05-14 19:00:00+05:30,8.5,282.0,28.1,1004.6,21.374794299765348,100
2024-05-14 20:00:00+05:30,10.2,302.0,27.5,1005.2,51.93674169873857,100
2024-05-14 21:00:00+05:30,13.2,305.0,27.4,1005.6,100.0,100
2024-05-14 22:00:00+05:30,13.3,308.0,27.0,1005.7,100.0,100
2024-05-14 23:00:00+05:30,8.6,292.0,27.1,1005.0,24.485665713654704,100
2024-05-15 00:00:00+05:30,8.7,5.0,26.9,1005.2,23.53246853985525,100
2024-05-15 01:00:00+05:30,3.3,347.0,26.4,1003.6,0.0,100
2024-05-15 02:00:00+05:30,3.8,73.0,26.2,1003.7,0.0,100
2024-05-15 03:00:00+05:30,3.0,14.0,26.3,1003.1,0.5609131630730837,100
2024-05-15 04:00:00+05:30,4.3,275.0,26.0,1003.7,2.501525000613886,100
2024-05-15 05:00:00+05:30,4.4,279.0,26.4,1004.6,0.3537466240625593,100
2024-05-15 06:00:00+05:30,4.2,149.0,27.9,1003.9,0.25160068715764217,100
2024-05-15 07:00:00+05:30,6.4,133.0,29.4,1005.1,3.6075160427524655,100
2024-05-15 08:00:00+05:30,12.7,255.0,29.8,1006.3,98.39386974434277,100
2024-05-15 09:00:00+05:30,9.4,266.0,28.2,1005.9,34.15474892506569,100
2024-05-15 10:00:00+05:30,12.3,249.0,27.7,1005.5,100.0,100
2024-05-15 11:00:00+05:30,14.3,260.0,29.1,1005.1,100.0,100
2024-05-15 12:00:00+05:30,14.4,257.0,29.1,1004.1,100.0,100
2024-05-15 13:00:00+05:30,15.0,259.0,30.0,1003.4,99.67630413472108,100
2024-05-15 14:00:00+05:30,14.0,247.0,30.4,1003.1,100.0,100
2024-05-15 15:00:00+05:30,19.8,254.0,28.5,1003.4,99.8807254251125,100
2024-05-15 16:00:00+05:30,13.0,304.0,27.2,1003.3,100.0,100
2024-05-15 17:00:00+05:30,10.0,300.0,27.3,1003.8,46.465703835381085,100
2024-05-15 18:00:00+05:30,10.9,264.0,27.7,1004.7,70.26619580797487,100
2024-05-15 19:00:00+05:30,12.2,304.0,26.9,1005.7,100.0,100
2024-05-15 20:00:00+05:30,5.7,305.0,26.6,1006.0,4.317752043037316,100
2024-05-15 21:00:00+05:30,4.3,312.0,26.8,1006.3,0.0,100
2024-05-15 22:00:00+05:30,3.8,287.0,26.5,1006.4,0.0,100
2024-05-15 23:00:00+05:30,1.8,307.0,26.8,1006.1,0.6342152284205155,100
2024-05-16 00:00:00+05:30,3.2,297.0,26.4,1005.8,1.4059891134785996,100
2024-05-16 01:00:00+05:30,3.3,49.0,26.3,1005.0,0.7926360310434345,100
2024-05-16 02:00:00+05:30,3.3,96.0,26.7,1004.5,0.8618574122815423,100
2024-05-16 03:00:00+05:30,3.9,202.0,26.1,1004.4,0.21227650670763154,100
2024-05-16 04:00:00+05:30,1.8,191.0,27.0,1004.6,1.12262250907587,100
2024-05-16 05:00:00+05:30,2.1,149.0,27.0,1004.8,1.8382718067748673,100
2024-05-16 06:00:00+05:30,3.1,45.0,26.9,1005.5,1.0463126418745867,100
2024-05-16 07:00:00+05:30,3.6,96.0,27.8,1006.3,0.5943452834028154,100
2024-05-16 08:00:00+05:30,6.6,135.0,28.2,1006.7,4.796637224775267,100
2024-05-16 09:00:00+05:30,3.6,174.0,29.0,1007.0,0.0,100
2024-05-16 10:00:00+05:30,5.8,176.0,29.6,1006.6,1.9721619837465136,100
2024-05-16 11:00:00+05:30,8.2,218.0,29.8,1006.3,17.58692731507158,100
2024-05-16 12:00:00+05:30,7.9,204.0,30.3,1005.4,15.186095682580868,100
2024-05-16 13:00:00+05:30,9.8,246.0,30.1,1004.8,44.87988518887166,100
2024-05-16 14:00:00+05:30,7.2,276.0,28.6,1004.1,10.660466387434811,100
2024-05-16 15:00:00+05:30,6.6,279.0,27.8,1003.8,5.525754591020942,100
2024-05-16 16:00:00+05:30,5.6,333.0,27.6,1003.7,3.3405674738433895,100
2024-05-16 17:00:00+05:30,4.9,17.0,27.4,1003.8,2.8216016312668466,100
2024-05-16 18:00:00+05:30,4.1,285.0,27.3,1004.5,0.0,100
2024-05-16 19:00:00+05:30,3.9,248.0,26.6,1004.5,2.6770024306420774,100
2024-05-16 20:00:00+05:30,4.4,279.0,26.3,1005.0,0.39115777521488876,100
2024-05-16 21:00:00+05:30,3.6,307.0,26.3,1005.5,1.258327674120909,100
2024-05-16 22:00:00+05:30,3.6,354.0,26.0,1005.8,2.1315910897715695,100
2024-05-16 23:00:00+05:30,0.8,333.0,27.2,1005.0,0.5279183258334789,100
2024-05-17 00:00:00+05:30,2.9,330.0,25.9,1004.7,0.3661680914745165,100
2024-05-17 01:00:00+05:30,3.8,319.0,26.0,1004.4,0.6074663414707545,100
2024-05-17 02:00:00+05:30,3.7,299.0,26.3,1003.6,0.04497177247818862,100
2024-05-17 03:00:00+05:30,10.7,250.0,25.8,1003.9,62.657408134207365,100
2024-05-17 04:00:00+05:30,9.9,251.0,25.4,1004.2,42.38794711025731,100
2024-05-17 05:00:00+05:30,12.0,277.0,25.0,1004.2,98.13833541782176,100
2024-05-17 06:00:00+05:30,10.4,304.0,26.1,1004.1,54.83166826326715,100
2024-05-17 07:00:00+05:30,6.8,273.0,27.3,1004.7,7.673817450225087,100
2024-05-17 08:00:00+05:30,8.1,257.0,28.5,1005.0,17.567213752410712,100
2024-05-17 09:00:00+05:30,8.9,256.0,30.0,1005.4,28.647182211376244,100
2024-05-17 10:00:00+05:30,11.6,240.0,30.6,1005.5,89.44923551656287,100
2024-05-17 11:00:00+05:30,17.6,239.0,30.7,1004.9,100.0,100
2024-05-17 12:00:00+05:30,14.7,248.0,31.0,1004.1,100.0,100
2024-05-17 13:00:00+05:30,14.0,269.0,28.2,1003.9,100.0,100
2024-05-17 14:00:00+05:30,13.8,261.0,28.8,1002.5,100.0,100
2024-05-17 15:00:00+05:30,17.5,256.0,29.1,1002.0,98.40209272483678,100
2024-05-17 16:00:00+05:30,16.3,264.0,29.0,1002.1,100.0,100
2024-05-17 17:00:00+05:30,15.1,267.0,27.6,1002.8,99.73109955249771,100
2024-05-17 18:00:00+05:30,6.0,237.0,28.1,1003.6,2.669548246626622,100
2024-05-17 19:00:00+05:30,4.7,270.0,27.6,1003.8,0.25878514913597456,100
2024-05-17 20:00:00+05:30,10.1,272.0,27.1,1004.8,46.259620796503356,100
2024-05-17 21:00:00+05:30,10.5,278.0,27.0,1004.8,57.45390139875843,100
2024-05-17 22:00:00+05:30,15.1,288.0,26.8,1004.8,100.0,100
2024-05-17 23:00:00+05:30,13.9,295.0,26.3,1004.4,99.04352734172235,100
2024-05-18 00:00:00+05:30,13.6,292.0,26.1,1003.6,100.0,100
2024-05-18 01:00:00+05:30,13.8,298.0,25.8,1003.1,92.68266514726346,100
2024-05-18 02:00:00+05:30,14.3,288.0,25.6,1002.6,100.0,100
2024-05-18 03:00:00+05:30,12.9,300.0,25.5,1002.5,96.98159322215676,100
2024-05-18 04:00:00+05:30,13.5,295.0,25.7,1002.5,99.8357879109817,100
2024-05-18 05:00:00+05:30,8.0,297.0,25.5,1003.0,16.796229160238003,100
2024-05-18 06:00:00+05:30,10.5,286.0,26.2,1003.0,56.75319481711657,100
2024-05-18 07:00:00+05:30,10.3,306.0,27.0,1003.4,52.85991997491898,100
2024-05-18 08:00:00+05:30,9.4,288.0,27.5,1004.1,36.695943948764295,100
2024-05-18 09:00:00+05:30,10.4,256.0,28.7,1004.1,57.050691263058106,100
2024-05-18 10:00:00+05:30,16.0,256.0,28.9,1004.2,100.0,100
2024-05-18 11:00:00+05:30,15.7,254.0,29.2,1003.8,100.0,100
2024-05-18 12:00:00+05:30,16.3,264.0,29.0,1002.6,100.0,100
2024-05-18 13:00:00+05:30,19.1,258.0,29.8,1001.4,100.0,100
2024-05-18 14:00:00+05:30,22.2,257.0,29.1,1000.9,100.0,100
2024-05-18 15:00:00+05:30,22.0,265.0,28.6,1000.2,99.26347465594492,100
2024-05-18 16:00:00+05:30,24.6,277.0,28.3,1000.1,100.0,100
2024-05-18 17:00:00+05:30,22.5,283.0,27.8,1000.4,100.0,100
2024-05-18 18:00:00+05:30,18.1,277.0,26.9,1001.9,100.0,100
2024-05-18 19:00:00+05:30,18.1,291.0,26.4,1002.4,98.69828823491326,100
2024-05-18 20:00:00+05:30,15.7,281.0,26.2,1003.2,100.0,100
2024-05-18 21:00:00+05:30,17.8,278.0,26.1,1003.7,98.60025421048843,100
2024-05-18 22:00:00+05:30,19.3,284.0,26.1,1003.6,100.0,100
2024-05-18 23:00:00+05:30,20.4,287.0,25.5,1002.9,99.44658889157144,100
2024-05-19 00:00:00+05:30,20.9,285.0,25.6,1002.1,100.0,100
2024-05-19 01:00:00+05:30,18.6,288.0,25.8,1001.6,100.0,100
2024-05-19 02:00:00+05:30,19.3,294.0,25.7,1000.7,99.11206002426738,100
2024-05-19 03:00:00+05:30,18.1,305.0,25.4,1000.3,100.0,100
2024-05-19 04:00:00+05:30,15.0,287.0,25.4,1000.3,100.0,100
2024-05-19 05:00:00+05:30,17.1,288.0,25.3,1001.0,100.0,100
2024-05-19 06:00:00+05:30,15.5,295.0,25.9,1001.4,100.0,100
2024-05-19 07:00:00+05:30,18.8,282.0,26.9,1002.1,99.49623769554941,100
2024-05-19 08:00:00+05:30,15.2,275.0,27.5,1003.1,100.0,100
2024-05-19 09:00:00+05:30,16.6,272.0,28.2,1003.3,99.03724074909049,100
2024-05-19 10:00:00+05:30,16.9,271.0,28.2,1003.0,100.0,100
2024-05-19 11:00:00+05:30,17.6,270.0,28.9,1002.5,97.40136480886855,100
2024-05-19 12:00:00+05:30,18.7,268.0,29.2,1001.6,100.0,100
2024-05-19 13:00:00+05:30,23.9,265.0,28.8,1000.7,98.3145724550145,100
2024-05-19 14:00:00+05:30,25.0,282.0,28.3,1000.0,99.16555435990348,100
2024-05-19 15:00:00+05:30,22.7,285.0,27.4,998.8,97.8289687470108,100
2024-05-19 16:00:00+05:30,21.0,283.0,27.4,998.5,97.69808115640784,100
2024-05-19 17:00:00+05:30,19.8,289.0,27.2,999.1,98.87003944808619,100
2024-05-19 18:00:00+05:30,19.4,271.0,28.4,999.9,100.0,100
2024-05-19 19:00:00+05:30,18.4,268.0,28.1,1000.7,100.0,100
2024-05-19 20:00:00+05:30,17.7,274.0,27.3,1001.3,100.0,100
2024-05-19 21:00:00+05:30,17.0,275.0,27.2,1001.8,95.23360526460614,100
2024-05-19 22:00:00+05:30,18.2,284.0,27.1,1001.8,97.97536553934503,100
2024-05-19 23:00:00+05:30,16.9,282.0,27.1,1001.7,100.0,100
2024-05-20 00:00:00+05:30,15.2,277.0,26.7,1001.2,99.09594259993013,100
2024-05-20 01:00:00+05:30,15.9,265.0,26.3,1000.5,97.25773777697799,100
2024-05-20 02:00:00+05:30,18.1,275.0,25.7,1000.0,99.23574866201724,100
2024-05-20 03:00:00+05:30,17.4,294.0,25.8,1000.0,100.0,100
2024-05-20 04:00:00+05:30,19.7,294.0,24.9,1000.6,100.0,100
2024-05-20 05:00:00+05:30,20.5,294.0,24.5,1000.6,99.81058702754298,100
2024-05-20 06:00:00+05:30,17.0,291.0,25.5,1001.6,97.35426852468024,100
2024-05-20 07:00:00+05:30,16.3,298.0,24.7,1002.6,100.0,100
2024-05-20 08:00:00+05:30,13.9,291.0,25.2,1002.4,100.0,100
2024-05-20 09:00:00+05:30,16.5,293.0,25.3,1003.8,98.19297181255367,100
2024-05-20 10:00:00+05:30,19.2,293.0,25.1,1003.8,98.17629484838925,100
2024-05-20 11:00:00+05:30,23.0,290.0,25.2,1003.0,100.0,100
2024-05-20 12:00:00+05:30,20.3,276.0,25.5,1002.5,100.0,100
2024-05-20 13:00:00+05:30,21.4,287.0,25.4,1001.1,99.32050152468436,100
2024-05-20 14:00:00+05:30,24.7,286.0,25.8,1000.6,100.0,100
2024-05-20 15:00:00+05:30,25.6,287.0,26.2,999.9,1.6239577745194638,100
2024-05-20 16:00:00+05:30,25.3,287.0,25.8,999.4,0.0,100
2024-05-20 17:00:00+05:30,24.9,288.0,25.6,999.7,100.0,100
2024-05-20 18:00:00+05:30,18.1,287.0,26.4,1000.9,99.89072170697803,100
2024-05-20 19:00:00+05:30,18.3,290.0,26.3,1001.3,100.0,100
2024-05-20 20:00:00+05:30,17.7,294.0,26.4,1002.0,98.41513100309862,100
2024-05-20 21:00:00+05:30,17.5,289.0,26.4,1002.5,98.89651076686789,100
2024-05-20 22:00:00+05:30,17.8,288.0,26.4,1002.5,100.0,100
2024-05-20 23:00:00+05:30,18.6,288.0,26.4,1002.0,100.0,100
2024-05-21 00:00:00+05:30,16.5,286.0,26.5,1001.7,99.33748628727476,100
2024-05-21 01:00:00+05:30,16.4,285.0,26.5,1001.2,99.33276917088209,100
2024-05-21 02:00:00+05:30,17.7,290.0,26.7,1000.6,99.92268247234566,100
2024-05-21 03:00:00+05:30,17.3,291.0,26.4,1000.6,100.0,100
2024-05-21 04:00:00+05:30,18.4,296.0,26.2,1000.3,99.71216408480994,100
2024-05-21 05:00:00+05:30,18.4,293.0,26.1,1000.6,97.75841242631328,100
2024-05-21 06:00:00+05:30,16.2,267.0,26.7,1000.8,100.0,100
2024-05-21 07:00:00+05:30,16.2,267.0,27.3,1001.2,94.42675628433017,100
2024-05-21 08:00:00+05:30,18.4,267.0,28.6,1001.9,97.11288344533757,100
2024-05-21 09:00:00+05:30,22.5,283.0,28.5,1002.4,97.02943787467214,100
2024-05-21 10:00:00+05:30,17.3,291.0,27.8,1002.3,100.0,100
2024-05-21 11:00:00+05:30,22.7,280.0,29.5,1002.3,98.88712665884121,100
2024-05-21 12:00:00+05:30,25.3,274.0,28.8,1001.2,0.0,100
2024-05-21 13:00:00+05:30,27.4,272.0,29.6,1000.5,0.09637763551642489,100
2024-05-21 14:00:00+05:30,29.4,277.0,28.8,1000.2,1.2604127642369554,100
2024-05-21 15:00:00+05:30,28.5,274.0,27.6,999.6,0.2381124142812999,100
2024-05-21 16:00:00+05:30,30.3,272.0,27.0,999.7,0.0,100
2024-05-21 17:00:00+05:30,28.9,275.0,26.5,1000.3,0.0,100
2024-05-21 18:00:00+05:30,20.5,281.0,26.4,1000.0,98.22363985103843,100
2024-05-21 19:00:00+05:30,20.2,275.0,26.3,1000.8,100.0,100
2024-05-21 20:00:00+05:30,21.6,281.0,26.2,1001.1,100.0,100
2024-05-21 21:00:00+05:30,24.4,283.0,26.3,1002.1,98.16652738257649,100
2024-05-21 22:00:00+05:30,22.3,279.0,26.3,1002.3,98.4165079551155,100
2024-05-21 23:00:00+05:30,25.1,277.0,26.0,1002.1,0.0,100
2024-05-22 00:00:00+05:30,25.2,272.0,25.6,1001.8,0.0,100
2024-05-22 01:00:00+05:30,25.6,267.0,26.1,1000.5,0.20527805042466513,100
2024-05-22 02:00:00+05:30,26.5,263.0,26.1,999.5,0.4099005301975789,100
2024-05-22 03:00:00+05:30,27.3,262.0,25.7,999.3,0.464555012131755,100
2024-05-22 04:00:00+05:30,29.6,260.0,25.6,999.6,0.0,100
2024-05-22 05:00:00+05:30,29.2,261.0,25.7,999.7,0.7459925129778222,100
2024-05-22 06:00:00+05:30,24.0,261.0,26.3,1000.7,95.51104583264932,100
2024-05-22 07:00:00+05:30,29.2,257.0,26.3,1001.3,0.0,100
2024-05-22 08:00:00+05:30,30.6,261.0,26.4,1002.1,0.0,100
2024-05-22 09:00:00+05:30,29.2,266.0,27.7,1002.2,0.0,100
2024-05-22 10:00:00+05:30,28.6,264.0,27.7,1002.3,0.0,100
2024-05-22 11:00:00+05:30,28.0,246.0,26.9,1002.2,0.32291289690578723,100
2024-05-22 12:00:00+05:30,29.8,262.0,26.7,1001.5,1.0348666569811094,100
2024-05-22 13:00:00+05:30,32.1,257.0,27.6,1000.3,0.0,100
2024-05-22 14:00:00+05:30,36.2,260.0,26.9,999.6,1.7331292521629011,100
2024-05-22 15:00:00+05:30,32.6,260.0,26.4,998.7,0.9111245727387113,100
2024-05-22 16:00:00+05:30,33.0,259.0,26.5,998.3,0.0,100
2024-05-22 17:00:00+05:30,31.3,268.0,26.6,998.8,1.4689127086799452,100
2024-05-22 18:00:00+05:30,26.0,274.0,26.5,999.9,0.37303177642931734,100
2024-05-22 19:00:00+05:30,22.8,282.0,25.8,1000.7,98.31066867534115,100
2024-05-22 20:00:00+05:30,21.8,279.0,25.8,1001.5,100.0,100
2024-05-22 21:00:00+05:30,23.1,272.0,25.5,1002.3,98.12122287256432,100
2024-05-22 22:00:00+05:30,24.3,264.0,26.0,1002.4,95.80747031354346,100
2024-05-22 23:00:00+05:30,24.2,265.0,26.0,1001.5,99.11891534948364,100
2024-05-23 00:00:00+05:30,27.5,264.0,26.0,1000.7,0.0,100
2024-05-23 01:00:00+05:30,24.0,253.0,26.0,999.6,99.74356466419606,100
2024-05-23 02:00:00+05:30,26.5,262.0,25.7,999.1,0.0,100
2024-05-23 03:00:00+05:30,25.8,251.0,26.2,998.4,0.6735649977801405,100
2024-05-23 04:00:00+05:30,27.2,252.0,25.9,999.2,0.0,100
2024-05-23 05:00:00+05:30,26.5,262.0,25.9,999.5,1.141081642951481,100
2024-05-23 06:00:00+05:30,21.5,261.0,26.2,1000.7,100.0,100
2024-05-23 07:00:00+05:30,22.4,264.0,26.5,1001.1,98.90536655305073,100
2024-05-23 08:00:00+05:30,26.5,262.0,25.9,1001.7,0.0,100
2024-05-23 09:00:00+05:30,27.6,258.0,27.1,1001.3,0.045254734815081334,100
2024-05-23 10:00:00+05:30,29.9,261.0,27.9,1000.7,0.7641783816383849,100
2024-05-23 11:00:00+05:30,30.7,265.0,28.0,1000.7,0.0,100
2024-05-23 12:00:00+05:30,35.1,260.0,27.4,1000.4,0.0,100
2024-05-23 13:00:00+05:30,34.1,259.0,26.9,999.8,0.0,100
2024-05-23 14:00:00+05:30,36.7,259.0,27.0,999.3,0.37462410362066206,100
2024-05-23 15:00:00+05:30,35.3,262.0,26.9,998.3,0.31724617740695166,100
2024-05-23 16:00:00+05:30,33.9,261.0,26.9,998.6,0.9621835037054748,100
2024-05-23 17:00:00+05:30,31.8,260.0,26.2,999.0,0.0,100
2024-05-23 18:00:00+05:30,24.3,262.0,26.0,999.7,98.33432903348063,100
2024-05-23 19:00:00+05:30,27.8,260.0,26.3,1000.0,0.0,100
2024-05-23 20:00:00+05:30,23.7,261.0,26.9,1000.1,100.0,100
2024-05-23 21:00:00+05:30,23.4,260.0,26.3,1001.2,97.96519702050213,100
2024-05-23 22:00:00+05:30,19.9,274.0,26.3,1001.7,100.0,100
2024-05-23 23:00:00+05:30,24.6,263.0,26.2,1001.3,99.89221421545699,100
2024-05-24 00:00:00+05:30,24.9,272.0,25.8,1000.9,100.0,100
2024-05-24 01:00:00+05:30,23.9,259.0,25.6,1000.3,98.84530553756161,100
2024-05-24 02:00:00+05:30,25.0,263.0,25.3,1000.0,100.0,100
2024-05-24 03:00:00+05:30,24.8,269.0,25.2,999.5,98.31754488242001,100
2024-05-24 04:00:00+05:30,25.9,268.0,26.1,999.4,0.6353486074286231,100
2024-05-24 05:00:00+05:30,24.7,278.0,25.6,999.8,100.0,100
2024-05-24 06:00:00+05:30,23.4,270.0,25.8,999.3,96.84488252483987,100
2024-05-24 07:00:00+05:30,27.0,267.0,26.7,1000.2,0.0,100
2024-05-24 08:00:00+05:30,27.5,264.0,26.5,1000.9,0.7216560782608776,100
2024-05-24 09:00:00+05:30,29.1,262.0,27.8,1001.1,1.380305323139734,100
2024-05-24 10:00:00+05:30,30.8,264.0,27.6,1001.3,0.0,100
2024-05-24 11:00:00+05:30,33.5,258.0,27.7,1001.1,0.24624542539117167,100
2024-05-24 12:00:00+05:30,38.6,258.0,28.4,1000.4,0.0,100
2024-05-24 13:00:00+05:30,35.1,255.0,28.0,999.6,0.0,100
2024-05-24 14:00:00+05:30,39.7,254.0,27.2,998.6,0.5499058637105364,100
2024-05-24 15:00:00+05:30,42.9,253.0,26.9,997.8,0.0,100
2024-05-24 16:00:00+05:30,41.0,271.0,26.3,998.4,0.0,100
2024-05-24 17:00:00+05:30,28.8,273.0,25.7,998.9,0.3337552053609077,100
2024-05-24 18:00:00+05:30,27.4,268.0,26.7,999.2,0.0,100
2024-05-24 19:00:00+05:30,27.8,267.0,26.5,1000.4,0.0,100
2024-05-24 20:00:00+05:30,31.7,272.0,25.7,1001.0,1.1152390949002646,100
2024-05-24 21:00:00+05:30,30.3,274.0,26.1,1001.6,1.8513431693069684,100
2024-05-24 22:00:00+05:30,31.5,277.0,25.6,1002.5,0.47564338407507556,100
2024-05-24 23:00:00+05:30,30.6,269.0,26.1,1002.4,0.0,100
2024-05-25 00:00:00+05:30,32.8,271.0,25.8,1001.8,0.0,100
2024-05-25 01:00:00+05:30,32.4,273.0,25.9,1001.1,0.0,100
2024-05-25 02:00:00+05:30,30.1,276.0,25.8,1000.5,0.32274749262757363,100
2024-05-25 03:00:00+05:30,28.9,276.0,25.4,1000.5,2.0329264352902205,100
2024-05-25 04:00:00+05:30,27.8,280.0,25.4,1000.0,0.5501236672279246,100
2024-05-25 05:00:00+05:30,29.0,276.0,25.5,1000.3,1.214543343694177,100
2024-05-25 06:00:00+05:30,24.4,279.0,26.5,999.9,95.11994002004141,100
2024-05-25 07:00:00+05:30,26.9,278.0,27.1,1000.6,0.18834322991418892,100
2024-05-25 08:00:00+05:30,30.5,277.0,27.6,1001.3,0.0,100
2024-05-25 09:00:00+05:30,31.1,276.0,27.5,1001.6,3.0312146538504794,100
2024-05-25 10:00:00+05:30,29.6,274.0,27.2,1001.9,0.0,100
2024-05-25 11:00:00+05:30,33.5,269.0,27.7,1001.6,1.689629311533068,100
2024-05-25 12:00:00+05:30,27.7,272.0,26.8,1001.2,0.0,100
2024-05-25 13:00:00+05:30,29.6,267.0,27.1,1000.3,0.0,100
2024-05-25 14:00:00+05:30,31.0,274.0,27.6,1000.0,0.0,100
2024-05-25 15:00:00+05:30,30.0,283.0,27.2,999.8,0.0,100
2024-05-25 16:00:00+05:30,26.9,278.0,27.3,999.8,0.0,100
2024-05-25 17:00:00+05:30,24.9,274.0,26.6,999.9,100.0,100
2024-05-25 18:00:00+05:30,24.5,273.0,27.4,1000.2,100.0,100
2024-05-25 19:00:00+05:30,26.2,278.0,27.3,1001.1,0.0,100
2024-05-25 20:00:00+05:30,26.8,282.0,27.1,1001.8,0.9324545146005434,100
2024-05-25 21:00:00+05:30,29.8,282.0,27.4,1002.1,0.0,100
2024-05-25 22:00:00+05:30,30.4,284.0,27.2,1003.0,0.06944881439857044,100
2024-05-25 23:00:00+05:30,30.7,284.0,26.5,1002.5,0.0,100
2024-05-26 00:00:00+05:30,29.5,286.0,26.1,1002.1,0.11558007726274296,100
2024-05-26 01:00:00+05:30,28.1,280.0,26.2,1001.4,0.17188325074901675,100
2024-05-26 02:00:00+05:30,27.8,273.0,26.2,1001.2,0.0,100
2024-05-26 03:00:00+05:30,28.1,272.0,25.9,1001.0,1.4042777078965516,100
2024-05-26 04:00:00+05:30,28.5,268.0,25.8,1001.2,0.0,100
2024-05-26 05:00:00+05:30,26.8,276.0,25.6,1001.3,0.0,100
2024-05-26 06:00:00+05:30,25.3,287.0,25.4,1001.9,0.81727114359479,100
2024-05-26 07:00:00+05:30,25.9,286.0,26.0,1002.9,0.0,100
2024-05-26 08:00:00+05:30,23.8,274.0,27.6,1002.6,98.94629663525077,100
2024-05-26 09:00:00+05:30,27.4,275.0,28.7,1002.9,0.0,100
2024-05-26 10:00:00+05:30,33.8,271.0,29.5,1003.3,0.00040777839583290137,100
2024-05-26 11:00:00+05:30,33.2,272.0,29.3,1003.2,0.7526962574591824,100
2024-05-26 12:00:00+05:30,34.2,268.0,28.2,1002.5,0.0,100
2024-05-26 13:00:00+05:30,32.4,269.0,28.4,1001.4,0.0,100
2024-05-26 14:00:00+05:30,34.6,272.0,29.1,1000.6,1.3798995631966782,100
2024-05-26 15:00:00+05:30,33.8,269.0,28.8,999.8,0.0,100
2024-05-26 16:00:00+05:30,33.5,272.0,28.7,1000.1,0.0,100
2024-05-26 17:00:00+05:30,29.5,270.0,28.0,1000.5,1.4705138003832723,100
2024-05-26 18:00:00+05:30,29.8,278.0,27.7,1000.4,2.2399759086475304,100
2024-05-26 19:00:00+05:30,26.7,274.0,26.6,1001.4,1.521687156521883,100
2024-05-26 20:00:00+05:30,26.4,275.0,26.6,1002.3,0.0,100
2024-05-26 21:00:00+05:30,25.6,272.0,26.4,1003.4,0.6989892460811594,100
2024-05-26 22:00:00+05:30,25.8,282.0,25.4,1003.5,0.0,100
2024-05-26 23:00:00+05:30,26.6,272.0,25.5,1003.3,1.3610588023805894,100
2024-05-27 00:00:00+05:30,27.7,271.0,25.8,1003.0,2.8804702069517782,100
2024-05-27 01:00:00+05:30,28.4,271.0,25.9,1002.6,0.0,100
2024-05-27 02:00:00+05:30,30.6,272.0,26.0,1002.1,0.0,100
2024-05-27 03:00:00+05:30,29.3,276.0,25.6,1001.7,0.6834417512845907,100
2024-05-27 04:00:00+05:30,28.5,280.0,25.8,1001.5,0.30273227993991564,100
2024-05-27 05:00:00+05:30,26.7,280.0,25.7,1001.9,0.0,100
2024-05-27 06:00:00+05:30,25.9,280.0,26.6,1001.7,0.0,100
2024-05-27 07:00:00+05:30,27.2,281.0,26.9,1002.1,0.3837120133152521,100
2024-05-27 08:00:00+05:30,26.0,273.0,28.0,1003.1,0.3022911459592259,100
2024-05-27 09:00:00+05:30,27.8,274.0,28.9,1003.6,0.0,100
2024-05-27 10:00:00+05:30,32.0,270.0,29.5,1003.2,1.0194695178149225,100
2024-05-27 11:00:00+05:30,31.7,267.0,30.0,1002.9,0.0,100
2024-05-27 12:00:00+05:30,30.1,264.0,29.6,1002.4,0.0,100
2024-05-27 13:00:00+05:30,31.5,259.0,29.7,1001.9,0.0,100
2024-05-27 14:00:00+05:30,33.5,258.0,29.2,1001.6,0.0,100
2024-05-27 15:00:00+05:30,32.8,258.0,28.3,1001.3,0.0,100
2024-05-27 16:00:00+05:30,29.7,263.0,27.8,1001.1,0.0,100
2024-05-27 17:00:00+05:30,29.6,265.0,27.4,1001.5,0.09633703808820313,100
2024-05-27 18:00:00+05:30,25.3,259.0,27.3,1001.4,0.7147639124357595,100
2024-05-27 19:00:00+05:30,26.4,259.0,27.3,1002.6,0.0,100
2024-05-27 20:00:00+05:30,29.2,273.0,26.7,1003.7,0.0,100
2024-05-27 21:00:00+05:30,26.6,271.0,26.0,1003.9,2.0217705273862823,100
2024-05-27 22:00:00+05:30,27.8,275.0,26.0,1003.6,0.0,100
2024-05-27 23:00:00+05:30,26.0,274.0,26.1,1003.9,0.0,100
2024-05-28 00:00:00+05:30,27.7,271.0,26.3,1003.7,0.7091996865596855,100
2024-05-28 01:00:00+05:30,28.9,274.0,25.7,1003.0,0.0,100
2024-05-28 02:00:00+05:30,27.2,281.0,25.3,1002.2,0.41005737285805316,100
2024-05-28 03:00:00+05:30,29.6,280.0,25.2,1002.3,0.015761321660445596,100
2024-05-28 04:00:00+05:30,29.3,281.0,25.2,1002.0,0.5776546313313472,100
2024-05-28 05:00:00+05:30,29.4,278.0,25.3,1001.8,1.1284095958154454,100
2024-05-28 06:00:00+05:30,31.6,285.0,26.2,1001.6,0.0,100
2024-05-28 07:00:00+05:30,32.3,287.0,26.3,1002.3,0.6452782121042998,100
2024-05-28 08:00:00+05:30,33.6,289.0,26.4,1003.2,0.0,100
2024-05-28 09:00:00+05:30,33.9,289.0,26.6,1003.2,0.8580230120124447,100
2024-05-28 10:00:00+05:30,32.7,287.0,27.5,1002.8,0.0,100
2024-05-28 11:00:00+05:30,34.7,275.0,27.5,1003.3,0.650162432543023,100
2024-05-28 12:00:00+05:30,37.0,283.0,28.1,1002.4,0.1940902822702576,100
2024-05-28 13:00:00+05:30,34.1,281.0,27.9,1001.4,0.0,100
2024-05-28 14:00:00+05:30,35.3,279.0,28.8,1000.9,1.8612595619207752,100
2024-05-28 15:00:00+05:30,37.1,281.0,28.8,1000.3,0.0,100
2024-05-28 16:00:00+05:30,32.8,283.0,27.4,1000.1,0.0,100
2024-05-28 17:00:00+05:30,34.5,281.0,27.2,1000.6,0.5296077027023877,100
2024-05-28 18:00:00+05:30,24.1,270.0,27.0,1001.8,98.98183354526839,100
2024-05-28 19:00:00+05:30,26.8,276.0,27.1,1002.2,0.04630442816732629,100
2024-05-28 20:00:00+05:30,26.1,276.0,26.9,1002.9,0.26373018728908587,100
2024-05-28 21:00:00+05:30,24.9,272.0,26.8,1003.4,0.0,100
2024-05-28 22:00:00+05:30,25.2,273.0,26.5,1003.3,0.0,100
2024-05-28 23:00:00+05:30,25.7,275.0,26.4,1003.0,0.0,100
2024-05-29 00:00:00+05:30,27.5,276.0,26.3,1002.4,0.0,100
2024-05-29 01:00:00+05:30,27.3,279.0,26.3,1002.0,0.9655524608885007,100
2024-05-29 02:00:00+05:30,27.9,281.0,26.0,1001.6,0.0,100
2024-05-29 03:00:00+05:30,26.6,283.0,26.1,1001.2,0.24028127630403245,100
2024-05-29 04:00:00+05:30,27.6,282.0,26.0,1001.2,0.17722569338923405,100
2024-05-29 05:00:00+05:30,25.0,282.0,25.8,1001.5,100.0,100
2024-05-29 06:00:00+05:30,26.2,279.0,26.1,1002.1,0.0,100
2024-05-29 07:00:00+05:30,27.4,280.0,26.6,1002.8,0.0,100
2024-05-29 08:00:00+05:30,31.6,281.0,27.1,1003.1,0.8489294774145074,100
2024-05-29 09:00:00+05:30,31.6,278.0,28.1,1003.1,0.3366462046865157,100
2024-05-29 10:00:00+05:30,36.2,276.0,28.8,1003.0,1.0696634759439716,100
2024-05-29 11:00:00+05:30,37.1,273.0,29.5,1002.7,0.0,100
2024-05-29 12:00:00+05:30,35.3,272.0,29.5,1002.1,1.4658506965824107,100
2024-05-29 13:00:00+05:30,34.9,278.0,29.8,1001.4,0.5396525345215109,100
2024-05-29 14:00:00+05:30,33.0,278.0,29.7,1000.9,0.0,100
2024-05-29 15:00:00+05:30,38.1,278.0,28.9,1000.4,0.0,100
2024-05-29 16:00:00+05:30,34.8,283.0,28.1,1000.1,0.3207357726438203,100
2024-05-29 17:00:00+05:30,34.0,283.0,28.0,1000.4,0.45157656255340484,100
2024-05-29 18:00:00+05:30,37.0,288.0,27.6,1001.2,0.0,100
2024-05-29 19:00:00+05:30,35.7,282.0,27.3,1001.8,0.0,100
2024-05-29 20:00:00+05:30,35.5,276.0,27.5,1002.0,0.6679045616368973,100
2024-05-29 21:00:00+05:30,33.9,274.0,26.8,1002.0,0.0,100
2024-05-29 22:00:00+05:30,35.6,271.0,26.6,1002.3,1.4775002073835417,100
2024-05-29 23:00:00+05:30,31.8,274.0,26.4,1002.1,0.9290803034899296,100
2024-05-30 00:00:00+05:30,29.7,281.0,26.2,1001.5,0.0,100
2024-05-30 01:00:00+05:30,26.1,285.0,26.0,1000.9,0.0,100
2024-05-30 02:00:00+05:30,26.1,285.0,26.3,1000.4,0.0,100
2024-05-30 03:00:00+05:30,25.7,285.0,26.3,1000.6,0.25138706156388385,100
2024-05-30 04:00:00+05:30,26.6,283.0,26.4,1001.3,1.532426819641191,100
2024-05-30 05:00:00+05:30,27.7,286.0,26.1,1001.7,0.0,100
2024-05-30 06:00:00+05:30,26.5,277.0,26.6,1002.6,0.0,100
2024-05-30 07:00:00+05:30,29.7,276.0,26.6,1003.3,0.0,100
2024-05-30 08:00:00+05:30,28.0,282.0,26.7,1003.7,1.2913044449348285,100
2024-05-30 09:00:00+05:30,26.8,282.0,28.1,1003.8,1.035007525437098,100
2024-05-30 10:00:00+05:30,31.4,280.0,29.4,1004.0,0.003711146055194325,100
2024-05-30 11:00:00+05:30,35.8,283.0,29.4,1003.7,1.112852424806113,100
2024-05-30 12:00:00+05:30,35.6,288.0,29.8,1002.5,1.7163208649160013,100
2024-05-30 13:00:00+05:30,38.8,289.0,30.2,1001.6,1.5586278842454049,100
2024-05-30 14:00:00+05:30,40.9,290.0,30.3,1000.8,0.316543996076429,100
2024-05-30 15:00:00+05:30,39.4,288.0,29.8,1000.3,0.7140512967479938,100
2024-05-30 16:00:00+05:30,37.0,288.0,29.1,999.9,0.9827525555821318,100
2024-05-30 17:00:00+05:30,34.5,286.0,28.2,1000.1,0.7318280942661757,100
2024-05-30 18:00:00+05:30,36.2,291.0,28.6,1000.3,0.7411353478840376,100
2024-05-30 19:00:00+05:30,38.3,294.0,27.9,1001.5,0.0,100
2024-05-30 20:00:00+05:30,35.2,292.0,27.9,1001.9,0.1950157656468498,100
2024-05-30 21:00:00+05:30,37.1,290.0,27.5,1002.6,0.09221389650718805,100
2024-05-30 22:00:00+05:30,39.3,295.0,27.3,1002.4,1.6928610421888217,100
2024-05-30 23:00:00+05:30,36.9,297.0,27.2,1002.0,0.0,100
2024-05-31 00:00:00+05:30,33.8,295.0,27.1,1001.4,0.5032659326806639,100
2024-05-31 01:00:00+05:30,31.8,292.0,26.8,1000.7,0.0,100
2024-05-31 02:00:00+05:30,31.5,292.0,26.6,1000.0,0.0,100
2024-05-31 03:00:00+05:30,30.3,290.0,26.4,999.9,0.1267705254712972,100
2024-05-31 04:00:00+05:30,31.6,287.0,26.4,1000.4,0.0,100
2024-05-31 05:00:00+05:30,32.6,293.0,26.7,1000.9,0.4497056595684142,100
2024-05-31 06:00:00+05:30,28.5,295.0,27.5,1001.6,0.4196519423329929,100
2024-05-31 07:00:00+05:30,27.7,291.0,27.7,1002.4,0.0,100
2024-05-31 08:00:00+05:30,25.1,291.0,28.3,1002.9,0.09670533548297952,100
2024-05-31 09:00:00+05:30,29.9,292.0,29.2,1003.6,0.22294646258517767,100
2024-05-31 10:00:00+05:30,26.8,294.0,30.6,1003.1,0.29705714864488125,100
2024-05-31 11:00:00+05:30,32.2,286.0,30.8,1002.7,0.0,100
2024-05-31 12:00:00+05:30,31.7,295.0,31.8,1002.0,1.0416695423598301,100
2024-05-31 13:00:00+05:30,31.0,293.0,32.0,1000.8,0.3556867550463507,100
2024-05-31 14:00:00+05:30,28.7,288.0,31.9,999.9,0.4812106170062889,100
2024-05-31 15:00:00+05:30,28.6,284.0,31.6,999.4,0.0,100
2024-05-31 16:00:00+05:30,28.0,278.0,30.5,999.3,0.0,100
2024-05-31 17:00:00+05:30,27.2,281.0,29.4,1000.1,0.3576580478566154,100
2024-05-31 18:00:00+05:30,29.5,286.0,29.4,1001.2,0.0,100
2024-05-31 19:00:00+05:30,26.1,290.0,28.6,1001.7,0.4968853820391007,100
2024-05-31 20:00:00+05:30,24.7,286.0,28.0,1002.8,94.88606888550709,100
2024-05-31 21:00:00+05:30,23.5,285.0,26.6,1003.8,97.40847196590731,100
2024-05-31 22:00:00+05:30,23.1,266.0,26.2,1003.1,100.0,100
2024-05-31 23:00:00+05:30,25.2,279.0,26.0,1002.8,0.41413467860491004,100
2024-06-01 00:00:00+05:30,28.4,285.0,25.9,1001.9,0.0,100
2024-06-01 01:00:00+05:30,26.7,291.0,26.0,1001.6,0.5826538591217694,100
2024-06-01 02:00:00+05:30,24.8,287.0,26.2,1001.6,100.0,100
2024-06-01 03:00:00+05:30,24.7,283.0,26.3,1001.4,100.0,100
2024-06-01 04:00:00+05:30,24.6,285.0,26.4,1001.4,100.0,100
2024-06-01 05:00:00+05:30,25.4,291.0,26.6,1001.7,0.0,100
2024-06-01 06:00:00+05:30,24.6,281.0,26.9,1001.7,96.50502726711201,100
2024-06-01 07:00:00+05:30,24.3,276.0,27.5,1002.2,98.83490593283405,100
2024-06-01 08:00:00+05:30,25.2,280.0,28.3,1003.0,0.363864842309157,100
2024-06-01 09:00:00+05:30,27.2,290.0,29.6,1003.6,2.4762383505198606,100
2024-06-01 10:00:00+05:30,28.5,280.0,30.6,1003.7,0.0,100
2024-06-01 11:00:00+05:30,27.4,280.0,30.4,1003.7,1.1677992063498663,100
2024-06-01 12:00:00+05:30,27.3,279.0,31.5,1002.8,0.0,100
2024-06-01 13:00:00+05:30,26.7,274.0,30.6,1002.3,1.4381629846533173,100
2024-06-01 14:00:00+05:30,26.6,283.0,31.2,1001.3,0.8456719091137661,100
2024-06-01 15:00:00+05:30,22.5,286.0,30.3,1001.1,94.03343969876543,100
2024-06-01 16:00:00+05:30,23.9,277.0,29.2,1001.2,100.0,100
2024-06-01 17:00:00+05:30,27.6,278.0,28.2,1001.1,0.0,100
2024-06-01 18:00:00+05:30,24.5,290.0,29.5,1002.0,99.83231621990157,100
2024-06-01 19:00:00+05:30,28.0,288.0,28.9,1001.8,2.227483184243927,100
2024-06-01 20:00:00+05:30,27.0,291.0,28.7,1002.1,0.0,100
2024-06-01 21:00:00+05:30,26.7,280.0,28.4,1002.5,0.0,100
2024-06-01 22:00:00+05:30,31.0,288.0,27.9,1002.5,0.0,100
2024-06-01 23:00:00+05:30,29.3,289.0,27.7,1002.4,0.0,100
2024-06-02 00:00:00+05:30,23.1,288.0,27.6,1002.3,99.99239566866166,100
2024-06-02 01:00:00+05:30,24.3,282.0,27.1,1002.1,98.1677326112996,100
2024-06-02 02:00:00+05:30,26.0,287.0,26.9,1001.1,0.0,100
2024-06-02 03:00:00+05:30,24.2,285.0,26.7,1001.2,99.95951096490992,100
2024-06-02 04:00:00+05:30,25.8,285.0,26.6,1001.6,0.0,100
2024-06-02 05:00:00+05:30,24.8,294.0,26.7,1001.9,100.0,100
2024-06-02 06:00:00+05:30,19.5,289.0,27.5,1002.8,98.834695334626,100
2024-06-02 07:00:00+05:30,18.4,293.0,28.7,1003.1,100.0,100
2024-06-02 08:00:00+05:30,23.5,291.0,30.0,1003.6,95.64398499721018,100
2024-06-02 09:00:00+05:30,21.7,282.0,28.4,1004.7,98.98335955671746,100
2024-06-02 10:00:00+05:30,24.3,258.0,28.9,1004.9,100.0,100
2024-06-02 11:00:00+05:30,27.3,286.0,29.4,1003.7,0.0,100
2024-06-02 12:00:00+05:30,27.8,289.0,30.0,1002.7,0.3388459314010589,100
2024-06-02 13:00:00+05:30,27.8,280.0,30.0,1002.9,0.0,100
2024-06-02 14:00:00+05:30,23.4,272.0,28.7,1002.5,94.74966978242786,100
2024-06-02 15:00:00+05:30,25.7,275.0,28.5,1002.3,0.0,100
2024-06-02 16:00:00+05:30,25.3,275.0,28.1,1002.1,0.0,100
2024-06-02 17:00:00+05:30,22.1,277.0,27.8,1002.9,98.59394532047027,100
2024-06-02 18:00:00+05:30,22.0,270.0,27.9,1003.2,100.0,100
2024-06-02 19:00:00+05:30,20.9,273.0,27.5,1003.7,98.75267517123878,100
2024-06-02 20:00:00+05:30,20.4,278.0,27.2,1004.4,100.0,100
2024-06-02 21:00:00+05:30,21.5,279.0,27.2,1005.1,100.0,100
2024-06-02 22:00:00+05:30,19.7,279.0,27.0,1004.6,100.0,100
2024-06-02 23:00:00+05:30,20.7,278.0,26.8,1004.5,98.69273785797019,100
2024-06-03 00:00:00+05:30,21.2,280.0,26.7,1004.2,100.0,100
2024-06-03 01:00:00+05:30,21.3,275.0,26.7,1003.4,95.7230974588179,100
2024-06-03 02:00:00+05:30,20.2,270.0,26.5,1003.3,100.0,100
2024-06-03 03:00:00+05:30,19.8,271.0,26.3,1003.1,100.0,100
2024-06-03 04:00:00+05:30,18.4,271.0,26.3,1003.6,100.0,100
2024-06-03 05:00:00+05:30,21.9,279.0,26.2,1004.6,99.72845477058385,100
2024-06-03 06:00:00+05:30,17.4,277.0,26.0,1004.3,98.78907970395177,100
2024-06-03 07:00:00+05:30,15.5,283.0,26.2,1004.7,98.3174941854518,100
2024-06-03 08:00:00+05:30,13.1,262.0,27.1,1005.2,100.0,100
2024-06-03 09:00:00+05:30,15.9,264.0,28.1,1005.2,98.64799157132381,100
2024-06-03 10:00:00+05:30,20.8,261.0,29.3,1005.3,100.0,100
2024-06-03 11:00:00+05:30,22.9,257.0,29.5,1005.2,100.0,100
2024-06-03 12:00:00+05:30,23.4,260.0,30.1,1004.5,98.54488186234623,100
2024-06-03 13:00:00+05:30,22.3,267.0,29.4,1003.8,99.02446999990445,100
2024-06-03 14:00:00+05:30,21.7,251.0,29.5,1002.6,100.0,100
2024-06-03 15:00:00+05:30,23.0,256.0,29.0,1002.4,99.36721530167557,100
2024-06-03 16:00:00+05:30,22.8,265.0,28.8,1002.6,99.13133197118788,100
2024-06-03 17:00:00+05:30,22.0,267.0,28.3,1003.1,95.98543855354438,100
2024-06-03 18:00:00+05:30,19.5,258.0,28.0,1003.2,98.24875852509092,100
2024-06-03 19:00:00+05:30,18.0,271.0,27.6,1004.0,98.03963125457776,100
2024-06-03 20:00:00+05:30,17.6,271.0,27.3,1005.1,100.0,100
2024-06-03 21:00:00+05:30,19.6,277.0,27.0,1005.7,98.8719347450846,100
2024-06-03 22:00:00+05:30,17.1,277.0,26.5,1005.8,100.0,100
2024-06-03 23:00:00+05:30,17.0,276.0,26.3,1005.6,98.99765100351325,100
2024-06-04 00:00:00+05:30,17.2,281.0,26.0,1005.5,97.01974851313051,100
2024-06-04 01:00:00+05:30,16.9,271.0,25.8,1004.7,98.65012024282298,100
2024-06-04 02:00:00+05:30,16.2,273.0,25.7,1004.2,100.0,100
2024-06-04 03:00:00+05:30,16.2,270.0,25.8,1004.3,100.0,100
2024-06-04 04:00:00+05:30,15.9,273.0,25.7,1004.4,100.0,100
2024-06-04 05:00:00+05:30,15.5,274.0,25.7,1005.0,100.0,100
2024-06-04 06:00:00+05:30,15.0,259.0,27.0,1005.1,100.0,100
2024-06-04 07:00:00+05:30,18.2,278.0,26.4,1006.4,100.0,100
2024-06-04 08:00:00+05:30,15.3,261.0,26.6,1006.7,99.50289087244191,100
2024-06-04 09:00:00+05:30,18.4,269.0,28.1,1006.7,97.0716173650334,100
2024-06-04 10:00:00+05:30,19.4,259.0,29.2,1006.5,98.16773661214079,100
2024-06-04 11:00:00+05:30,22.0,255.0,29.2,1006.3,100.0,100
2024-06-04 12:00:00+05:30,23.0,253.0,29.7,1005.6,99.15177066432072,100
2024-06-04 13:00:00+05:30,23.8,252.0,29.8,1005.0,96.85215637958872,100
2024-06-04 14:00:00+05:30,23.9,254.0,29.5,1004.4,100.0,100
2024-06-04 15:00:00+05:30,21.1,256.0,28.7,1003.9,99.39231032851688,100
2024-06-04 16:00:00+05:30,21.9,253.0,28.7,1003.5,100.0,100
2024-06-04 17:00:00+05:30,19.4,260.0,28.0,1003.9,98.64408276524401,100
2024-06-04 18:00:00+05:30,19.8,243.0,27.6,1004.2,99.35549940866407,100
2024-06-04 19:00:00+05:30,19.1,250.0,26.8,1004.9,99.26613697454206,100
2024-06-04 20:00:00+05:30,16.6,257.0,26.8,1005.6,99.18612204305916,100
2024-06-04 21:00:00+05:30,16.0,262.0,26.8,1006.2,98.39160070337019,100
2024-06-04 22:00:00+05:30,16.4,261.0,26.8,1006.4,97.32119213401434,100
2024-06-04 23:00:00+05:30,15.9,264.0,26.8,1006.4,100.0,100
2024-06-05 00:00:00+05:30,16.7,256.0,26.8,1006.5,100.0,100
2024-06-05 01:00:00+05:30,16.2,258.0,26.4,1005.6,99.32451938361481,100
2024-06-05 02:00:00+05:30,18.7,271.0,26.0,1005.6,97.21411772972618,100
2024-06-05 03:00:00+05:30,15.1,267.0,25.4,1005.5,99.80996338893283,100
2024-06-05 04:00:00+05:30,14.1,266.0,25.1,1005.5,100.0,100
2024-06-05 05:00:00+05:30,13.0,267.0,25.1,1005.9,99.02332094359019,100
2024-06-05 06:00:00+05:30,14.8,271.0,25.9,1005.8,100.0,100
2024-06-05 07:00:00+05:30,15.3,297.0,25.4,1007.5,99.93221933002064,100
2024-06-05 08:00:00+05:30,7.0,258.0,25.6,1007.1,8.95210023109863,100
2024-06-05 09:00:00+05:30,15.2,265.0,27.2,1007.4,97.4868383097314,100
2024-06-05 10:00:00+05:30,17.1,252.0,28.5,1007.6,95.58246295507564,100
2024-06-05 11:00:00+05:30,20.0,244.0,29.0,1006.9,100.0,100
2024-06-05 12:00:00+05:30,20.8,242.0,29.2,1006.1,98.94168951796776,100
2024-06-05 13:00:00+05:30,22.5,243.0,29.3,1005.4,100.0,100
2024-06-05 14:00:00+05:30,21.9,243.0,29.0,1004.7,100.0,100
2024-06-05 15:00:00+05:30,23.7,246.0,28.9,1004.0,100.0,100
2024-06-05 16:00:00+05:30,20.9,251.0,28.2,1003.6,100.0,100
2024-06-05 17:00:00+05:30,20.4,261.0,27.5,1004.5,100.0,100
2024-06-05 18:00:00+05:30,16.8,227.0,27.8,1004.3,100.0,100
2024-06-05 19:00:00+05:30,16.3,242.0,27.2,1005.7,100.0,100
2024-06-05 20:00:00+05:30,16.3,235.0,27.2,1006.2,97.30468189157718,100
2024-06-05 21:00:00+05:30,14.8,241.0,26.3,1007.4,100.0,100
2024-06-05 22:00:00+05:30,9.9,237.0,26.3,1007.2,43.659282287731195,100
2024-06-05 23:00:00+05:30,12.7,255.0,26.1,1007.4,99.70818343226156,100
2024-06-06 00:00:00+05:30,13.2,292.0,24.6,1007.8,100.0,100
2024-06-06 01:00:00+05:30,11.0,289.0,24.7,1006.6,72.60116529468431,100
2024-06-06 02:00:00+05:30,12.4,280.0,24.8,1005.9,100.0,100
2024-06-06 03:00:00+05:30,12.2,270.0,25.0,1005.8,100.0,100
2024-06-06 04:00:00+05:30,12.9,257.0,25.2,1005.9,100.0,100
2024-06-06 05:00:00+05:30,14.6,261.0,25.5,1006.4,100.0,100
2024-06-06 06:00:00+05:30,14.4,217.0,26.8,1005.9,97.8204009763203,100
2024-06-06 07:00:00+05:30,17.1,235.0,26.7,1007.1,99.80628306201291,100
2024-06-06 08:00:00+05:30,15.1,232.0,26.7,1007.1,100.0,100
2024-06-06 09:00:00+05:30,14.1,230.0,27.6,1007.3,95.91298740541873,100
2024-06-06 10:00:00+05:30,19.0,233.0,27.4,1007.7,100.0,100
2024-06-06 11:00:00+05:30,23.2,240.0,26.8,1007.8,100.0,100
2024-06-06 12:00:00+05:30,19.5,242.0,26.7,1007.5,100.0,100
2024-06-06 13:00:00+05:30,20.8,260.0,27.2,1006.6,98.43758801512347,100
2024-06-06 14:00:00+05:30,24.4,262.0,27.8,1005.9,92.06394111603,100
2024-06-06 15:00:00+05:30,18.9,262.0,28.1,1005.0,100.0,100
2024-06-06 16:00:00+05:30,22.7,260.0,28.1,1005.0,99.0464335687441,100
2024-06-06 17:00:00+05:30,20.3,264.0,27.3,1005.1,94.97035923219717,100
2024-06-06 18:00:00+05:30,16.3,262.0,27.1,1005.4,100.0,100
2024-06-06 19:00:00+05:30,15.1,252.0,26.6,1005.8,98.2241000185191,100
2024-06-06 20:00:00+05:30,14.8,266.0,26.6,1006.5,98.70664226420317,100
2024-06-06 21:00:00+05:30,13.0,268.0,26.5,1007.5,100.0,100
2024-06-06 22:00:00+05:30,15.2,265.0,26.4,1007.7,100.0,100
2024-06-06 23:00:00+05:30,18.5,243.0,26.2,1007.2,99.65001915587231,100
2024-06-07 00:00:00+05:30,17.2,254.0,25.8,1006.8,100.0,100
2024-06-07 01:00:00+05:30,16.2,249.0,25.8,1006.2,98.60703023025447,100
2024-06-07 02:00:00+05:30,17.1,245.0,25.9,1005.5,99.90527410873347,100
2024-06-07 03:00:00+05:30,16.7,245.0,26.0,1004.9,100.0,100
2024-06-07 04:00:00+05:30,15.8,246.0,26.3,1004.8,100.0,100
2024-06-07 05:00:00+05:30,16.3,248.0,26.3,1005.0,98.3926039081056,100
2024-06-07 06:00:00+05:30,13.7,247.0,26.1,1005.5,99.68842759059243,100
2024-06-07 07:00:00+05:30,14.4,238.0,26.5,1006.2,100.0,100
2024-06-07 08:00:00+05:30,17.2,237.0,27.3,1006.6,97.09206535532218,100
2024-06-07 09:00:00+05:30,18.9,239.0,27.7,1007.1,100.0,100
2024-06-07 10:00:00+05:30,21.8,248.0,27.0,1007.5,99.45713582942122,100
2024-06-07 11:00:00+05:30,20.4,238.0,27.4,1006.9,100.0,100
2024-06-07 12:00:00+05:30,23.5,241.0,27.8,1006.0,98.96574463255719,100
2024-06-07 13:00:00+05:30,21.6,252.0,27.3,1005.5,100.0,100
2024-06-07 14:00:00+05:30,26.1,247.0,27.9,1004.5,0.0,100
2024-06-07 15:00:00+05:30,26.1,252.0,27.1,1003.9,0.0,100
2024-06-07 16:00:00+05:30,23.1,252.0,26.9,1003.7,100.0,100
2024-06-07 17:00:00+05:30,19.5,258.0,26.8,1004.0,94.53519907424875,100
2024-06-07 18:00:00+05:30,18.5,249.0,26.6,1003.7,100.0,100
2024-06-07 19:00:00+05:30,18.7,247.0,26.2,1004.8,100.0,100
2024-06-07 20:00:00+05:30,19.7,246.0,26.4,1005.7,98.00553716998684,100
2024-06-07 21:00:00+05:30,21.5,256.0,25.3,1006.8,100.0,100
2024-06-07 22:00:00+05:30,15.9,267.0,25.6,1007.1,99.48242008422609,100
2024-06-07 23:00:00+05:30,18.2,261.0,25.1,1006.7,98.85404617496567,100
2024-06-08 00:00:00+05:30,16.6,270.0,25.2,1006.5,100.0,100
2024-06-08 01:00:00+05:30,15.8,269.0,25.1,1005.8,100.0,100
2024-06-08 02:00:00+05:30,16.2,287.0,24.7,1005.5,100.0,100
2024-06-08 03:00:00+05:30,15.6,277.0,24.8,1005.5,99.90788148814738,100
2024-06-08 04:00:00+05:30,15.6,262.0,24.8,1005.1,100.0,100
2024-06-08 05:00:00+05:30,13.5,261.0,25.3,1005.6,98.13833421017539,100
2024-06-08 06:00:00+05:30,12.7,255.0,25.0,1005.4,96.56886530710881,100
2024-06-08 07:00:00+05:30,11.5,266.0,25.4,1006.0,83.84839131515207,100
2024-06-08 08:00:00+05:30,17.4,257.0,26.6,1006.5,99.8530253935528,100
2024-06-08 09:00:00+05:30,19.6,253.0,26.9,1007.0,98.21299104031323,100
2024-06-08 10:00:00+05:30,20.0,252.0,27.3,1007.2,99.1938044274522,100
2024-06-08 11:00:00+05:30,23.7,246.0,27.3,1007.0,95.21874502899122,100
2024-06-08 12:00:00+05:30,21.1,250.0,27.3,1006.2,99.83295093089905,100
2024-06-08 13:00:00+05:30,25.3,247.0,27.8,1005.4,0.4954362389272794,100
2024-06-08 14:00:00+05:30,24.7,249.0,27.1,1004.6,96.51401634066139,100
2024-06-08 15:00:00+05:30,24.4,248.0,27.3,1003.8,100.0,100
2024-06-08 16:00:00+05:30,23.9,264.0,26.3,1003.8,99.54740268185736,100
2024-06-08 17:00:00+05:30,18.8,267.0,25.4,1004.1,100.0,100
2024-06-08 18:00:00+05:30,16.3,264.0,25.3,1005.1,98.78611250268321,100
2024-06-08 19:00:00+05:30,19.8,258.0,25.8,1005.7,99.87186370832366,100
2024-06-08 20:00:00+05:30,22.8,265.0,25.6,1006.2,99.46443208980051,100
2024-06-08 21:00:00+05:30,21.0,257.0,25.6,1006.6,99.65048098312816,100
2024-06-08 22:00:00+05:30,21.0,263.0,25.5,1007.0,99.437429483343,100
2024-06-08 23:00:00+05:30,19.1,248.0,25.0,1006.9,99.50552624215909,100
2024-06-09 00:00:00+05:30,19.5,272.0,25.1,1006.1,100.0,100
2024-06-09 01:00:00+05:30,18.7,271.0,24.7,1005.8,100.0,100
2024-06-09 02:00:00+05:30,16.2,283.0,24.6,1004.9,100.0,100
2024-06-09 03:00:00+05:30,17.7,272.0,24.9,1004.6,100.0,100
2024-06-09 04:00:00+05:30,18.0,258.0,25.2,1004.7,98.9597023115448,100
2024-06-09 05:00:00+05:30,19.6,264.0,25.0,1004.9,100.0,100
2024-06-09 06:00:00+05:30,14.8,273.0,25.5,1005.1,100.0,100
2024-06-09 07:00:00+05:30,16.9,270.0,26.2,1005.9,99.30636016658539,100
2024-06-09 08:00:00+05:30,17.7,257.0,26.8,1006.9,97.93575968530585,100
2024-06-09 09:00:00+05:30,19.8,260.0,26.6,1007.4,100.0,100
2024-06-09 10:00:00+05:30,21.5,252.0,27.1,1008.0,100.0,100
2024-06-09 11:00:00+05:30,24.1,253.0,27.3,1007.4,99.74713433122949,100
2024-06-09 12:00:00+05:30,25.7,259.0,27.4,1006.7,1.6681880672560534,100
2024-06-09 13:00:00+05:30,26.2,261.0,27.4,1006.0,0.6729854912972213,100
2024-06-09 14:00:00+05:30,27.1,266.0,27.0,1005.0,0.0,100
2024-06-09 15:00:00+05:30,24.8,270.0,27.3,1004.3,97.00700976716271,100
2024-06-09 16:00:00+05:30,24.2,267.0,27.2,1003.9,97.34806135993324,100
2024-06-09 17:00:00+05:30,24.2,266.0,26.9,1004.1,100.0,100
2024-06-09 18:00:00+05:30,22.8,265.0,27.1,1004.6,100.0,100
2024-06-09 19:00:00+05:30,23.1,266.0,26.8,1004.9,99.3771148197383,100
2024-06-09 20:00:00+05:30,20.6,276.0,27.0,1005.4,100.0,100
2024-06-09 21:00:00+05:30,19.1,274.0,26.4,1006.1,100.0,100
2024-06-09 22:00:00+05:30,19.7,279.0,26.1,1006.3,99.49262314153948,100
2024-06-09 23:00:00+05:30,18.6,280.0,26.0,1006.1,100.0,100
2024-06-10 00:00:00+05:30,18.4,276.0,25.9,1005.7,100.0,100
2024-06-10 01:00:00+05:30,20.6,265.0,25.9,1005.5,97.76781267255231,100
2024-06-10 02:00:00+05:30,18.4,272.0,26.0,1005.0,100.0,100
2024-06-10 03:00:00+05:30,17.3,272.0,25.9,1004.7,100.0,100
2024-06-10 04:00:00+05:30,20.2,270.0,26.0,1004.6,100.0,100
2024-06-10 05:00:00+05:30,19.8,272.0,25.9,1004.9,100.0,100
2024-06-10 06:00:00+05:30,16.8,279.0,26.4,1005.4,100.0,100
2024-06-10 07:00:00+05:30,18.6,285.0,26.9,1005.8,98.83684376152239,100
2024-06-10 08:00:00+05:30,20.4,284.0,27.4,1006.3,97.90786978918521,100
2024-06-10 09:00:00+05:30,23.8,274.0,28.4,1006.5,99.77052069100583,100
2024-06-10 10:00:00+05:30,26.6,268.0,28.8,1006.4,0.0,100
2024-06-10 11:00:00+05:30,27.5,264.0,28.9,1006.2,0.0,100
2024-06-10 12:00:00+05:30,28.9,264.0,29.1,1005.7,0.0,100
2024-06-10 13:00:00+05:30,28.9,265.0,29.1,1004.9,1.474627622763106,100
2024-06-10 14:00:00+05:30,31.0,268.0,29.2,1004.2,0.5635745987257964,100
2024-06-10 15:00:00+05:30,31.0,270.0,28.7,1003.7,0.0,100
2024-06-10 16:00:00+05:30,27.4,268.0,27.9,1003.7,0.0,100
2024-06-10 17:00:00+05:30,24.9,267.0,27.9,1004.1,100.0,100
2024-06-10 18:00:00+05:30,23.4,271.0,27.4,1005.4,99.49867687878468,100
2024-06-10 19:00:00+05:30,20.5,270.0,27.0,1006.0,97.14386682171002,100
2024-06-10 20:00:00+05:30,21.3,274.0,26.9,1007.0,100.0,100
2024-06-10 21:00:00+05:30,23.8,274.0,26.6,1007.9,100.0,100
2024-06-10 22:00:00+05:30,23.7,283.0,25.9,1008.2,100.0,100
2024-06-10 23:00:00+05:30,22.2,290.0,25.5,1008.1,100.0,100
2024-06-11 00:00:00+05:30,20.8,284.0,25.4,1007.2,97.8145031383546,100
2024-06-11 01:00:00+05:30,21.0,282.0,25.3,1006.2,100.0,100
2024-06-11 02:00:00+05:30,21.0,283.0,25.4,1005.5,100.0,100
2024-06-11 03:00:00+05:30,20.8,279.0,25.4,1005.1,97.60143800358006,100
2024-06-11 04:00:00+05:30,22.3,280.0,25.5,1005.1,100.0,100
2024-06-11 05:00:00+05:30,21.8,278.0,25.6,1005.2,100.0,100
2024-06-11 06:00:00+05:30,22.1,277.0,26.1,1005.7,100.0,100
2024-06-11 07:00:00+05:30,21.4,278.0,26.8,1006.1,100.0,100
2024-06-11 08:00:00+05:30,22.9,278.0,27.6,1006.5,95.25174794527804,100
2024-06-11 09:00:00+05:30,26.7,272.0,28.8,1006.6,0.015348838473533239,100
2024-06-11 10:00:00+05:30,27.4,268.0,29.1,1006.4,0.4335909160322901,100
2024-06-11 11:00:00+05:30,26.7,265.0,29.7,1006.0,0.0,100
2024-06-11 12:00:00+05:30,28.0,263.0,29.9,1005.4,0.0,100
2024-06-11 13:00:00+05:30,29.7,264.0,29.6,1004.7,0.2896299874685681,100
2024-06-11 14:00:00+05:30,30.6,271.0,27.9,1004.7,1.1196791304836622,100
2024-06-11 15:00:00+05:30,30.6,273.0,28.3,1003.9,1.1413028024416672,100
2024-06-11 16:00:00+05:30,26.3,272.0,28.0,1003.7,0.0,100
2024-06-11 17:00:00+05:30,25.2,269.0,27.7,1004.4,0.0,100
2024-06-11 18:00:00+05:30,20.2,268.0,27.6,1005.1,100.0,100
2024-06-11 19:00:00+05:30,20.9,269.0,27.4,1005.3,99.51673691399134,100
2024-06-11 20:00:00+05:30,20.9,270.0,26.9,1006.3,100.0,100
2024-06-11 21:00:00+05:30,25.2,267.0,26.3,1007.5,0.0,100
2024-06-11 22:00:00+05:30,24.5,267.0,25.9,1007.8,100.0,100
2024-06-11 23:00:00+05:30,22.4,276.0,26.1,1007.5,100.0,100
2024-06-12 00:00:00+05:30,23.9,281.0,25.8,1006.9,99.83137295107854,100
2024-06-12 01:00:00+05:30,23.6,282.0,25.6,1006.3,100.0,100
2024-06-12 02:00:00+05:30,21.3,282.0,25.4,1006.1,100.0,100
2024-06-12 03:00:00+05:30,22.8,282.0,25.4,1005.5,100.0,100
2024-06-12 04:00:00+05:30,22.7,285.0,25.1,1005.2,96.18505936966648,100
2024-06-12 05:00:00+05:30,21.3,282.0,25.4,1006.0,100.0,100
2024-06-12 06:00:00+05:30,19.9,276.0,26.4,1007.4,100.0,100
2024-06-12 07:00:00+05:30,21.1,279.0,26.4,1008.0,100.0,100
2024-06-12 08:00:00+05:30,20.5,272.0,26.8,1008.6,99.42758015609378,100
2024-06-12 09:00:00+05:30,19.5,274.0,27.1,1008.6,100.0,100
2024-06-12 10:00:00+05:30,20.3,276.0,27.8,1008.3,97.92569699733116,100
2024-06-12 11:00:00+05:30,22.7,273.0,28.5,1007.8,99.73405031858815,100
2024-06-12 12:00:00+05:30,24.5,270.0,28.6,1007.1,100.0,100
2024-06-12 13:00:00+05:30,25.3,275.0,27.7,1006.5,0.0,100
2024-06-12 14:00:00+05:30,24.3,277.0,28.0,1006.0,99.78525690960207,100
2024-06-12 15:00:00+05:30,24.1,270.0,28.4,1005.2,98.23770122378089,100
2024-06-12 16:00:00+05:30,21.7,275.0,27.6,1005.1,99.4290278731976,100
2024-06-12 17:00:00+05:30,21.6,273.0,27.3,1005.2,100.0,100
2024-06-12 18:00:00+05:30,18.7,269.0,27.2,1005.6,98.58371554841615,100
2024-06-12 19:00:00+05:30,19.5,267.0,27.1,1006.1,100.0,100
2024-06-12 20:00:00+05:30,19.1,270.0,26.8,1007.1,100.0,100
2024-06-12 21:00:00+05:30,19.5,273.0,26.8,1007.5,100.0,100
2024-06-12 22:00:00+05:30,20.4,279.0,26.7,1007.6,100.0,100
2024-06-12 23:00:00+05:30,20.7,277.0,26.5,1007.3,97.00142720138732,100
2024-06-13 00:00:00+05:30,21.4,278.0,26.3,1006.8,100.0,100
2024-06-13 01:00:00+05:30,21.3,276.0,26.1,1006.2,97.78269748143062,100
2024-06-13 02:00:00+05:30,20.9,274.0,25.8,1006.0,98.26465029674497,100
2024-06-13 03:00:00+05:30,22.0,273.0,25.8,1005.6,100.0,100
2024-06-13 04:00:00+05:30,20.6,276.0,25.7,1005.8,98.01994641636404,100
2024-06-13 05:00:00+05:30,20.0,277.0,25.6,1006.2,100.0,100
2024-06-13 06:00:00+05:30,17.3,272.0,26.2,1006.6,99.16550389628168,100
2024-06-13 07:00:00+05:30,18.4,274.0,26.8,1007.1,100.0,100
2024-06-13 08:00:00+05:30,20.9,270.0,27.8,1007.6,100.0,100
2024-06-13 09:00:00+05:30,21.6,266.0,28.6,1007.8,100.0,100
2024-06-13 10:00:00+05:30,22.4,265.0,29.2,1007.9,100.0,100
2024-06-13 11:00:00+05:30,23.9,263.0,29.7,1007.1,100.0,100
2024-06-13 12:00:00+05:30,26.0,260.0,29.8,1006.5,0.22506058706204746,100
2024-06-13 13:00:00+05:30,26.6,261.0,29.5,1005.8,0.0,100
2024-06-13 14:00:00+05:30,28.4,261.0,29.7,1005.1,0.0,100
2024-06-13 15:00:00+05:30,27.8,265.0,29.4,1004.2,0.24579772203932482,100
2024-06-13 16:00:00+05:30,27.2,264.0,28.9,1003.7,1.276705198250311,100
2024-06-13 17:00:00+05:30,25.6,268.0,28.2,1004.2,0.0,100
2024-06-13 18:00:00+05:30,21.2,260.0,27.5,1004.8,100.0,100
2024-06-13 19:00:00+05:30,20.6,265.0,27.1,1005.3,99.29410837619109,100
2024-06-13 20:00:00+05:30,20.5,271.0,27.0,1005.6,100.0,100
2024-06-13 21:00:00+05:30,18.8,275.0,26.8,1006.2,97.20834660364122,100
2024-06-13 22:00:00+05:30,18.1,277.0,26.6,1006.2,96.5916390360845,100
2024-06-13 23:00:00+05:30,18.8,274.0,26.5,1006.0,97.2263866204637,100
2024-06-14 00:00:00+05:30,19.6,276.0,26.2,1005.7,99.24827895176261,100
2024-06-14 01:00:00+05:30,19.5,273.0,26.1,1005.1,99.41342794146391,100
2024-06-14 02:00:00+05:30,21.3,274.0,25.9,1004.6,100.0,100
2024-06-14 03:00:00+05:30,21.0,277.0,25.9,1004.4,100.0,100
2024-06-14 04:00:00+05:30,20.2,281.0,25.7,1004.4,100.0,100
2024-06-14 05:00:00+05:30,19.8,282.0,25.6,1004.7,100.0,100
2024-06-14 06:00:00+05:30,17.4,283.0,26.3,1004.8,100.0,100
2024-06-14 07:00:00+05:30,18.2,284.0,27.2,1005.5,100.0,100
2024-06-14 08:00:00+05:30,21.6,281.0,28.4,1005.8,100.0,100
2024-06-14 09:00:00+05:30,23.3,278.0,29.1,1005.7,100.0,100
2024-06-14 10:00:00+05:30,24.3,276.0,30.2,1005.6,99.45085373499265,100
2024-06-14 11:00:00+05:30,25.6,274.0,30.6,1005.1,0.0,100
2024-06-14 12:00:00+05:30,25.9,269.0,30.4,1004.6,0.0,100
2024-06-14 13:00:00+05:30,26.7,266.0,30.3,1003.9,0.15125271582447633,100
2024-06-14 14:00:00+05:30,26.6,268.0,30.1,1003.2,0.0,100
2024-06-14 15:00:00+05:30,26.7,267.0,30.0,1002.5,0.0,100
2024-06-14 16:00:00+05:30,28.8,269.0,29.4,1002.3,0.5008073380836102,100
2024-06-14 17:00:00+05:30,27.4,270.0,28.8,1002.7,0.0,100
2024-06-14 18:00:00+05:30,21.7,264.0,27.8,1003.5,100.0,100
2024-06-14 19:00:00+05:30,22.4,265.0,27.7,1004.2,99.77235805559626,100
2024-06-14 20:00:00+05:30,22.7,267.0,27.3,1005.0,100.0,100
2024-06-14 21:00:00+05:30,23.0,269.0,27.0,1005.5,100.0,100
2024-06-14 22:00:00+05:30,23.4,271.0,26.5,1005.8,100.0,100
2024-06-14 23:00:00+05:30,24.2,266.0,26.4,1005.9,100.0,100
2024-06-15 00:00:00+05:30,23.9,275.0,26.2,1005.5,100.0,100
2024-06-15 01:00:00+05:30,24.1,279.0,25.9,1005.1,94.90179475014064,100
2024-06-15 02:00:00+05:30,21.5,284.0,25.5,1004.4,98.83594080317089,100
2024-06-15 03:00:00+05:30,21.1,278.0,25.4,1004.0,99.58657985851973,100
2024-06-15 04:00:00+05:30,21.3,276.0,25.5,1004.2,99.29832080743049,100
2024-06-15 05:00:00+05:30,22.4,276.0,25.4,1004.3,100.0,100
2024-06-15 06:00:00+05:30,18.6,280.0,26.0,1004.6,98.26024607409444,100
2024-06-15 07:00:00+05:30,18.9,278.0,26.6,1005.0,100.0,100
2024-06-15 08:00:00+05:30,23.5,275.0,27.4,1005.4,97.8465387862405,100
2024-06-15 09:00:00+05:30,24.6,277.0,28.3,1005.2,96.8708755633823,100
2024-06-15 10:00:00+05:30,22.0,275.0,28.9,1004.6,100.0,100
2024-06-15 11:00:00+05:30,23.1,268.0,29.6,1004.5,100.0,100
2024-06-15 12:00:00+05:30,24.0,262.0,30.0,1003.8,100.0,100
2024-06-15 13:00:00+05:30,25.9,260.0,30.0,1003.3,0.0,100
2024-06-15 14:00:00+05:30,26.9,262.0,29.8,1002.8,0.857641996076784,100
2024-06-15 15:00:00+05:30,27.6,262.0,29.7,1002.5,0.0,100
2024-06-15 16:00:00+05:30,26.4,264.0,29.1,1002.3,0.5668200267750714,100
2024-06-15 17:00:00+05:30,25.8,263.0,28.6,1002.4,0.09051066350822635,100
2024-06-15 18:00:00+05:30,23.3,261.0,27.5,1003.3,100.0,100
2024-06-15 19:00:00+05:30,23.5,265.0,27.2,1003.7,97.93868882536516,100
2024-06-15 20:00:00+05:30,23.8,267.0,27.1,1004.2,99.7602836293459,100
2024-06-15 21:00:00+05:30,24.1,271.0,27.0,1004.6,100.0,100
2024-06-15 22:00:00+05:30,22.8,275.0,26.9,1005.2,100.0,100
2024-06-15 23:00:00+05:30,21.9,279.0,26.7,1005.5,100.0,100
2024-06-16 00:00:00+05:30,20.5,280.0,26.3,1004.7,98.507307958984,100
2024-06-16 01:00:00+05:30,20.5,281.0,26.1,1004.5,100.0,100
2024-06-16 02:00:00+05:30,20.6,282.0,25.8,1003.9,97.41985827295355,100
2024-06-16 03:00:00+05:30,20.1,285.0,25.8,1003.9,100.0,100
2024-06-16 04:00:00+05:30,19.8,282.0,25.7,1004.1,95.84512597045473,100
2024-06-16 05:00:00+05:30,19.9,283.0,25.6,1004.7,95.00347036432085,100
2024-06-16 06:00:00+05:30,18.3,280.0,26.5,1004.8,99.13976104953413,100
2024-06-16 07:00:00+05:30,20.5,280.0,27.3,1005.0,98.40053273103157,100
2024-06-16 08:00:00+05:30,21.5,280.0,28.1,1005.2,99.60907217629834,100
2024-06-16 09:00:00+05:30,23.9,275.0,29.0,1005.3,100.0,100
2024-06-16 10:00:00+05:30,24.8,269.0,29.9,1005.2,100.0,100
2024-06-16 11:00:00+05:30,26.0,264.0,30.4,1004.8,1.553521858398332,100
2024-06-16 12:00:00+05:30,27.3,262.0,30.5,1004.1,0.0,100
2024-06-16 13:00:00+05:30,28.0,262.0,30.1,1003.4,0.0,100
2024-06-16 14:00:00+05:30,29.3,264.0,29.8,1002.9,0.0,100
2024-06-16 15:00:00+05:30,29.9,269.0,29.4,1002.4,0.09466767622279106,100
2024-06-16 16:00:00+05:30,28.1,274.0,28.9,1002.0,0.2265932828494022,100
2024-06-16 17:00:00+05:30,25.7,276.0,28.3,1002.1,0.8196555239181725,100
2024-06-16 18:00:00+05:30,22.0,272.0,27.9,1003.2,100.0,100
2024-06-16 19:00:00+05:30,21.6,271.0,27.5,1004.0,100.0,100
2024-06-16 20:00:00+05:30,21.3,274.0,27.2,1004.6,100.0,100
2024-06-16 21:00:00+05:30,22.1,277.0,27.0,1004.9,100.0,100
2024-06-16 22:00:00+05:30,21.1,278.0,26.8,1005.3,99.47789763594146,100
2024-06-16 23:00:00+05:30,20.3,277.0,26.6,1005.2,100.0,100
2024-06-17 00:00:00+05:30,20.7,277.0,26.5,1004.7,100.0,100
2024-06-17 01:00:00+05:30,20.4,278.0,26.3,1004.2,99.26316788933549,100
2024-06-17 02:00:00+05:30,20.7,278.0,26.2,1003.7,99.62944608137228,100
2024-06-17 03:00:00+05:30,21.4,278.0,26.1,1003.6,100.0,100
2024-06-17 04:00:00+05:30,19.5,275.0,26.0,1003.6,100.0,100
2024-06-17 05:00:00+05:30,21.5,284.0,25.9,1004.2,100.0,100
2024-06-17 06:00:00+05:30,15.5,270.0,26.9,1004.2,99.21388628449317,100
2024-06-17 07:00:00+05:30,15.8,270.0,27.7,1005.1,99.15715423152513,100
2024-06-17 08:00:00+05:30,17.9,261.0,28.4,1005.4,100.0,100
2024-06-17 09:00:00+05:30,22.7,270.0,28.9,1006.5,100.0,100
2024-06-17 10:00:00+05:30,19.1,271.0,28.9,1006.5,99.35280285425871,100
2024-06-17 11:00:00+05:30,22.4,264.0,29.0,1006.1,97.40741486238105,100
2024-06-17 12:00:00+05:30,26.6,254.0,29.7,1005.3,1.0347170017215623,100
2024-06-17 13:00:00+05:30,27.7,254.0,29.1,1004.6,0.0,100
2024-06-17 14:00:00+05:30,26.5,252.0,28.7,1003.8,0.0,100
2024-06-17 15:00:00+05:30,25.5,254.0,28.7,1003.3,0.0,100
2024-06-17 16:00:00+05:30,26.9,258.0,28.3,1003.2,0.0,100
2024-06-17 17:00:00+05:30,25.0,263.0,27.7,1003.4,98.09364797344047,100
2024-06-17 18:00:00+05:30,20.2,266.0,27.5,1003.6,100.0,100
2024-06-17 19:00:00+05:30,21.2,269.0,27.2,1004.4,99.55286742502987,100
2024-06-17 20:00:00+05:30,20.6,275.0,27.0,1005.2,100.0,100
2024-06-17 21:00:00+05:30,20.6,276.0,26.7,1005.7,100.0,100
2024-06-17 22:00:00+05:30,19.9,276.0,26.5,1005.9,96.99613802483093,100
2024-06-17 23:00:00+05:30,21.0,277.0,26.4,1005.9,100.0,100
2024-06-18 00:00:00+05:30,20.2,275.0,26.3,1005.6,98.71757633985969,100
2024-06-18 01:00:00+05:30,20.5,272.0,26.1,1005.2,98.76379087075637,100
2024-06-18 02:00:00+05:30,20.0,277.0,25.8,1004.3,100.0,100
2024-06-18 03:00:00+05:30,18.5,278.0,25.3,1004.3,100.0,100
2024-06-18 04:00:00+05:30,18.7,281.0,25.2,1004.6,100.0,100
2024-06-18 05:00:00+05:30,20.3,282.0,25.2,1005.2,97.53835200284308,100
2024-06-18 06:00:00+05:30,20.4,279.0,25.6,1005.1,100.0,100
2024-06-18 07:00:00+05:30,19.5,282.0,26.3,1005.6,100.0,100
2024-06-18 08:00:00+05:30,21.0,282.0,27.4,1006.0,100.0,100
2024-06-18 09:00:00+05:30,23.5,276.0,28.4,1006.3,99.85753068274211,100
2024-06-18 10:00:00+05:30,23.4,266.0,29.4,1006.1,98.7556602479623,100
2024-06-18 11:00:00+05:30,26.2,262.0,29.6,1005.6,0.0,100
2024-06-18 12:00:00+05:30,26.8,263.0,30.1,1005.0,0.239495989171613,100
2024-06-18 13:00:00+05:30,27.6,263.0,28.8,1004.5,1.9323083030167767,100
2024-06-18 14:00:00+05:30,27.9,263.0,29.3,1003.7,0.37448899370696476,100
2024-06-18 15:00:00+05:30,26.8,265.0,28.9,1003.2,0.0,100
2024-06-18 16:00:00+05:30,27.4,266.0,28.6,1003.0,0.4143915168879274,100
2024-06-18 17:00:00+05:30,25.2,268.0,28.0,1003.3,0.7791534533765697,100
2024-06-18 18:00:00+05:30,21.8,262.0,27.1,1003.9,100.0,100
2024-06-18 19:00:00+05:30,19.9,265.0,26.9,1004.8,100.0,100
2024-06-18 20:00:00+05:30,19.8,268.0,26.6,1005.5,99.74690448809807,100
2024-06-18 21:00:00+05:30,19.1,270.0,26.5,1006.0,100.0,100
2024-06-18 22:00:00+05:30,19.5,273.0,26.3,1006.3,100.0,100
2024-06-18 23:00:00+05:30,22.4,274.0,26.2,1006.2,97.94616716466432,100
2024-06-19 00:00:00+05:30,20.5,280.0,25.7,1005.3,100.0,100
2024-06-19 01:00:00+05:30,20.4,284.0,25.2,1004.7,98.3825679307978,100
2024-06-19 02:00:00+05:30,20.3,283.0,25.4,1004.1,100.0,100
2024-06-19 03:00:00+05:30,19.8,282.0,25.3,1004.1,98.24291254192718,100
2024-06-19 04:00:00+05:30,19.2,276.0,25.2,1004.2,97.37389175676458,100
2024-06-19 05:00:00+05:30,18.0,271.0,25.3,1004.1,97.09350722450598,100
2024-06-19 06:00:00+05:30,17.7,274.0,25.9,1004.1,97.26402994276488,100
2024-06-19 07:00:00+05:30,18.4,266.0,26.5,1004.9,98.14427686849444,100
2024-06-19 08:00:00+05:30,20.9,259.0,27.3,1005.1,100.0,100
2024-06-19 09:00:00+05:30,24.1,260.0,27.3,1005.4,100.0,100
2024-06-19 10:00:00+05:30,28.0,257.0,27.9,1005.4,0.0,100
2024-06-19 11:00:00+05:30,29.0,263.0,27.9,1004.9,0.0,100
2024-06-19 12:00:00+05:30,29.3,264.0,27.8,1004.6,0.19265075980107613,100
2024-06-19 13:00:00+05:30,27.1,259.0,27.6,1003.6,0.0,100
2024-06-19 14:00:00+05:30,31.2,263.0,27.4,1003.5,0.0,100
2024-06-19 15:00:00+05:30,29.4,262.0,27.6,1002.6,0.44343988747333635,100
2024-06-19 16:00:00+05:30,27.7,270.0,27.3,1002.7,0.0,100
2024-06-19 17:00:00+05:30,26.0,266.0,26.4,1003.0,0.5728534198060103,100
2024-06-19 18:00:00+05:30,22.7,274.0,26.2,1003.5,100.0,100
2024-06-19 19:00:00+05:30,20.6,276.0,26.2,1003.8,96.35627752739748,100
2024-06-19 20:00:00+05:30,19.5,275.0,26.1,1004.1,100.0,100
2024-06-19 21:00:00+05:30,20.3,276.0,26.1,1004.8,100.0,100
2024-06-19 22:00:00+05:30,18.9,278.0,26.0,1005.4,100.0,100
2024-06-19 23:00:00+05:30,21.0,275.0,25.6,1005.5,98.96066395086174,100
2024-06-20 00:00:00+05:30,22.4,276.0,25.8,1005.0,100.0,100
2024-06-20 01:00:00+05:30,24.3,277.0,25.5,1004.6,97.79618423957625,100
2024-06-20 02:00:00+05:30,21.6,281.0,24.9,1004.0,100.0,100
2024-06-20 03:00:00+05:30,21.0,275.0,25.2,1003.2,99.73075629364102,100
2024-06-20 04:00:00+05:30,22.0,268.0,25.5,1003.2,100.0,100
2024-06-20 05:00:00+05:30,22.7,269.0,25.2,1003.8,97.54772721018801,100
2024-06-20 06:00:00+05:30,20.2,273.0,25.3,1004.3,97.306618802968,100
2024-06-20 07:00:00+05:30,21.8,278.0,26.0,1005.0,100.0,100
2024-06-20 08:00:00+05:30,20.2,281.0,26.2,1005.6,95.81374934779625,100
2024-06-20 09:00:00+05:30,22.4,281.0,26.9,1005.8,100.0,100
2024-06-20 10:00:00+05:30,26.4,275.0,27.8,1006.0,0.3134423537507127,100
2024-06-20 11:00:00+05:30,30.0,276.0,27.9,1005.7,0.0,100
2024-06-20 12:00:00+05:30,26.0,273.0,28.2,1005.1,0.2710772608966859,100
2024-06-20 13:00:00+05:30,26.6,271.0,28.3,1004.3,0.0,100
2024-06-20 14:00:00+05:30,28.8,272.0,28.2,1003.6,0.6581721839674172,100
2024-06-20 15:00:00+05:30,26.0,276.0,27.6,1002.7,0.0,100
2024-06-20 16:00:00+05:30,25.0,277.0,27.0,1002.4,100.0,100
2024-06-20 17:00:00+05:30,21.0,277.0,26.5,1002.8,100.0,100
2024-06-20 18:00:00+05:30,17.6,281.0,26.2,1003.1,97.00850850718001,100
2024-06-20 19:00:00+05:30,18.2,278.0,26.0,1003.4,99.34976891947703,100
2024-06-20 20:00:00+05:30,18.4,276.0,26.0,1004.0,100.0,100
2024-06-20 21:00:00+05:30,18.8,275.0,26.0,1004.6,100.0,100
2024-06-20 22:00:00+05:30,19.2,276.0,26.0,1005.2,100.0,100
2024-06-20 23:00:00+05:30,19.8,280.0,25.9,1005.3,100.0,100
2024-06-21 00:00:00+05:30,21.6,270.0,25.7,1005.0,100.0,100
2024-06-21 01:00:00+05:30,21.7,277.0,25.6,1004.5,99.93000498175923,100
2024-06-21 02:00:00+05:30,20.8,279.0,25.3,1003.7,94.49965164035886,100
2024-06-21 03:00:00+05:30,18.7,281.0,25.2,1003.4,100.0,100
2024-06-21 04:00:00+05:30,17.8,278.0,25.2,1003.5,99.96060206687132,100
2024-06-21 05:00:00+05:30,19.7,279.0,25.1,1004.0,99.88143227887466,100
2024-06-21 06:00:00+05:30,20.0,278.0,25.3,1004.1,100.0,100
2024-06-21 07:00:00+05:30,22.4,276.0,25.8,1005.1,99.7423778699421,100
2024-06-21 08:00:00+05:30,25.4,282.0,25.6,1005.5,0.0,100
2024-06-21 09:00:00+05:30,26.6,283.0,26.1,1005.6,0.0,100
2024-06-21 10:00:00+05:30,30.6,279.0,27.6,1005.8,0.8727905439961333,100
2024-06-21 11:00:00+05:30,28.8,283.0,27.5,1005.2,0.0,100
2024-06-21 12:00:00+05:30,29.1,285.0,27.5,1004.2,0.0,100
2024-06-21 13:00:00+05:30,31.1,281.0,28.8,1003.3,1.1048966829554676,100
2024-06-21 14:00:00+05:30,31.5,277.0,29.3,1002.8,0.28020097479849204,100
2024-06-21 15:00:00+05:30,31.2,277.0,28.6,1002.2,0.0,100
2024-06-21 16:00:00+05:30,28.7,278.0,27.9,1002.0,0.0,100
2024-06-21 17:00:00+05:30,26.1,276.0,27.4,1002.2,2.1379266876168384,100
2024-06-21 18:00:00+05:30,23.2,276.0,26.9,1002.6,100.0,100
2024-06-21 19:00:00+05:30,23.0,271.0,26.6,1003.1,100.0,100
2024-06-21 20:00:00+05:30,22.3,267.0,26.2,1004.0,100.0,100
2024-06-21 21:00:00+05:30,20.9,274.0,26.2,1004.5,100.0,100
2024-06-21 22:00:00+05:30,21.6,274.0,26.1,1004.7,97.48252017601857,100
2024-06-21 23:00:00+05:30,22.0,273.0,26.0,1004.4,100.0,100
2024-06-22 00:00:00+05:30,23.8,269.0,26.0,1003.9,98.49539372968334,100
2024-06-22 01:00:00+05:30,23.1,274.0,25.5,1002.9,100.0,100
2024-06-22 02:00:00+05:30,24.3,276.0,25.4,1002.5,99.93832841203908,100
2024-06-22 03:00:00+05:30,24.7,278.0,24.8,1002.3,98.07966880799295,100
2024-06-22 04:00:00+05:30,23.3,283.0,24.4,1001.8,99.46937634129591,100
2024-06-22 05:00:00+05:30,24.3,285.0,24.4,1002.1,99.36324736732857,100
2024-06-22 06:00:00+05:30,25.9,286.0,25.0,1002.2,0.0,100
2024-06-22 07:00:00+05:30,24.9,284.0,25.5,1003.1,100.0,100
2024-06-22 08:00:00+05:30,21.2,285.0,26.2,1002.5,100.0,100
2024-06-22 09:00:00+05:30,27.0,279.0,27.9,1003.0,0.8551788216019974,100
2024-06-22 10:00:00+05:30,30.2,279.0,29.0,1003.1,0.0,100
2024-06-22 11:00:00+05:30,31.2,277.0,29.4,1002.4,1.6029148696505737,100
2024-06-22 12:00:00+05:30,31.4,273.0,29.3,1002.2,0.0,100
2024-06-22 13:00:00+05:30,32.8,271.0,28.8,1001.6,0.0,100
2024-06-22 14:00:00+05:30,32.8,273.0,27.9,1001.3,0.0,100
2024-06-22 15:00:00+05:30,34.7,265.0,27.3,1000.7,0.0,100
2024-06-22 16:00:00+05:30,31.9,281.0,26.7,1000.3,1.1030240791957786,100
2024-06-22 17:00:00+05:30,30.7,280.0,26.8,1000.9,0.0,100
2024-06-22 18:00:00+05:30,23.7,280.0,26.1,1001.7,100.0,100
2024-06-22 19:00:00+05:30,21.6,285.0,25.8,1002.5,97.19432482964459,100
2024-06-22 20:00:00+05:30,20.5,280.0,25.6,1003.0,98.19660326714231,100
2024-06-22 21:00:00+05:30,21.8,278.0,25.7,1004.0,100.0,100
2024-06-22 22:00:00+05:30,26.2,279.0,25.7,1004.1,0.0,100
2024-06-22 23:00:00+05:30,26.7,272.0,25.5,1003.8,0.0,100
2024-06-23 00:00:00+05:30,27.1,274.0,25.3,1003.4,0.0,100
2024-06-23 01:00:00+05:30,26.9,278.0,25.2,1002.5,0.0,100
2024-06-23 02:00:00+05:30,24.4,279.0,24.7,1002.4,100.0,100
2024-06-23 03:00:00+05:30,25.6,281.0,24.7,1002.2,0.0,100
2024-06-23 04:00:00+05:30,23.0,284.0,24.6,1002.2,100.0,100
2024-06-23 05:00:00+05:30,22.0,291.0,24.5,1002.3,100.0,100
2024-06-23 06:00:00+05:30,21.8,279.0,24.9,1002.1,96.70927903750625,100
2024-06-23 07:00:00+05:30,24.1,279.0,25.4,1002.4,100.0,100
2024-06-23 08:00:00+05:30,25.4,282.0,26.3,1002.9,0.49187027782904885,100
2024-06-23 09:00:00+05:30,31.6,285.0,26.5,1003.5,0.0,100
2024-06-23 10:00:00+05:30,27.5,281.0,26.6,1003.4,0.0,100
2024-06-23 11:00:00+05:30,30.5,277.0,27.8,1003.3,0.5220230689593053,100
2024-06-23 12:00:00+05:30,27.7,272.0,27.0,1003.1,1.3539471868160007,100
2024-06-23 13:00:00+05:30,27.8,275.0,26.3,1002.6,0.20539187614142151,100
2024-06-23 14:00:00+05:30,33.5,271.0,26.4,1001.6,0.1925414484301641,100
2024-06-23 15:00:00+05:30,29.6,267.0,26.9,1000.9,0.5922433179901404,100
2024-06-23 16:00:00+05:30,31.0,266.0,26.3,1000.9,0.6587706276908261,100
2024-06-23 17:00:00+05:30,29.9,271.0,25.7,1001.4,0.3687172497941559,100
2024-06-23 18:00:00+05:30,23.8,280.0,25.9,1001.5,100.0,100
2024-06-23 19:00:00+05:30,22.8,282.0,25.6,1002.4,100.0,100
2024-06-23 20:00:00+05:30,24.3,276.0,25.4,1003.3,100.0,100
2024-06-23 21:00:00+05:30,21.7,275.0,25.2,1004.0,100.0,100
2024-06-23 22:00:00+05:30,22.2,278.0,25.3,1004.8,98.5200350005476,100
2024-06-23 23:00:00+05:30,21.3,276.0,24.6,1005.0,100.0,100
2024-06-24 00:00:00+05:30,19.9,275.0,24.5,1004.0,100.0,100
2024-06-24 01:00:00+05:30,26.8,276.0,24.7,1003.5,0.13555477068637797,100
2024-06-24 02:00:00+05:30,28.3,282.0,24.5,1002.7,1.4868786391121593,100
2024-06-24 03:00:00+05:30,25.8,285.0,24.1,1002.4,1.7402193197587452,100
2024-06-24 04:00:00+05:30,27.4,280.0,24.3,1002.3,0.25561496483518004,100
2024-06-24 05:00:00+05:30,28.1,283.0,24.4,1001.9,0.0,100
2024-06-24 06:00:00+05:30,22.5,277.0,25.0,1002.3,100.0,100
2024-06-24 07:00:00+05:30,22.3,284.0,25.2,1002.8,97.13135192816397,100
2024-06-24 08:00:00+05:30,24.3,278.0,25.9,1003.0,98.5133443674286,100
2024-06-24 09:00:00+05:30,25.6,268.0,26.7,1003.4,0.0,100
2024-06-24 10:00:00+05:30,23.8,266.0,27.2,1003.1,97.20842201949314,100
2024-06-24 11:00:00+05:30,30.3,273.0,27.0,1003.3,0.6155767785584344,100
2024-06-24 12:00:00+05:30,27.4,275.0,27.4,1002.8,0.7246950447823155,100
2024-06-24 13:00:00+05:30,30.7,261.0,28.2,1001.9,0.0,100
2024-06-24 14:00:00+05:30,29.5,268.0,26.6,1001.8,0.0,100
2024-06-24 15:00:00+05:30,31.6,258.0,25.2,1001.9,0.9017767796052032,100
2024-06-24 16:00:00+05:30,30.4,264.0,25.8,1000.9,0.1384588144642942,100
2024-06-24 17:00:00+05:30,27.2,263.0,25.8,1001.1,0.0,100
2024-06-24 18:00:00+05:30,24.0,283.0,25.1,1001.7,97.11192330411309,100
2024-06-24 19:00:00+05:30,24.3,278.0,25.2,1002.5,100.0,100
2024-06-24 20:00:00+05:30,25.6,269.0,25.1,1003.3,1.168371062080044,100
2024-06-24 21:00:00+05:30,23.1,281.0,25.0,1003.8,100.0,100
2024-06-24 22:00:00+05:30,20.8,284.0,24.8,1003.9,98.8128903538178,100
2024-06-24 23:00:00+05:30,24.8,271.0,24.4,1003.9,100.0,100
2024-06-25 00:00:00+05:30,23.8,269.0,24.1,1003.3,99.62235800147394,100
2024-06-25 01:00:00+05:30,22.7,271.0,24.4,1002.3,100.0,100
2024-06-25 02:00:00+05:30,25.3,276.0,24.4,1001.8,0.7201926923942497,100
2024-06-25 03:00:00+05:30,23.8,280.0,24.3,1001.5,99.13934325804694,100
2024-06-25 04:00:00+05:30,22.7,274.0,24.4,1001.9,99.3028702492138,100
2024-06-25 05:00:00+05:30,23.8,274.0,24.6,1001.8,99.73536045797408,100
2024-06-25 06:00:00+05:30,21.3,282.0,24.3,1002.2,100.0,100
2024-06-25 07:00:00+05:30,21.2,285.0,24.6,1002.8,100.0,100
2024-06-25 08:00:00+05:30,21.6,273.0,25.3,1003.0,100.0,100
2024-06-25 09:00:00+05:30,22.7,269.0,26.3,1003.4,96.47285959830901,100
2024-06-25 10:00:00+05:30,30.2,269.0,26.4,1003.5,0.0,100
2024-06-25 11:00:00+05:30,32.8,272.0,26.3,1003.5,0.3457352439848677,100
2024-06-25 12:00:00+05:30,34.6,271.0,27.2,1002.7,0.0,100
2024-06-25 13:00:00+05:30,31.7,269.0,27.3,1002.6,0.0,100
2024-06-25 14:00:00+05:30,35.5,277.0,26.7,1001.8,0.0,100
2024-06-25 15:00:00+05:30,30.5,277.0,26.5,1000.9,0.06493895011100947,100
2024-06-25 16:00:00+05:30,28.1,273.0,26.5,1000.9,1.2372069894795397,100
2024-06-25 17:00:00+05:30,28.5,274.0,25.6,1001.2,0.27296929364663125,100
2024-06-25 18:00:00+05:30,27.8,275.0,25.5,1001.6,0.3472096504247265,100
2024-06-25 19:00:00+05:30,27.3,288.0,24.9,1002.0,0.9916126967587809,100
2024-06-25 20:00:00+05:30,26.0,284.0,24.8,1002.2,0.12758984936472467,100
2024-06-25 21:00:00+05:30,26.8,282.0,25.0,1002.7,0.696375890713205,100
2024-06-25 22:00:00+05:30,26.8,281.0,25.3,1003.2,0.0,100
2024-06-25 23:00:00+05:30,26.8,277.0,25.2,1003.5,0.72123354664693,100
2024-06-26 00:00:00+05:30,29.7,280.0,24.8,1003.1,0.0,100
2024-06-26 01:00:00+05:30,28.9,276.0,24.8,1002.8,0.9639192021655731,100
2024-06-26 02:00:00+05:30,24.7,283.0,25.2,1002.0,100.0,100
2024-06-26 03:00:00+05:30,27.7,269.0,24.9,1001.8,0.21915485083678712,100
2024-06-26 04:00:00+05:30,28.5,272.0,24.9,1001.6,0.043573467406520114,100
2024-06-26 05:00:00+05:30,28.5,274.0,24.3,1001.9,0.14597898164568235,100
2024-06-26 06:00:00+05:30,26.8,281.0,25.1,1001.9,0.0,100
2024-06-26 07:00:00+05:30,26.6,279.0,25.2,1002.8,0.5057486670940846,100
2024-06-26 08:00:00+05:30,27.0,279.0,25.6,1002.9,0.0,100
2024-06-26 09:00:00+05:30,29.9,283.0,26.0,1002.9,0.0,100
2024-06-26 10:00:00+05:30,27.3,283.0,26.4,1002.7,0.0,100
2024-06-26 11:00:00+05:30,27.9,276.0,27.0,1002.7,0.0,100
2024-06-26 12:00:00+05:30,31.0,272.0,27.8,1002.5,0.0,100
2024-06-26 13:00:00+05:30,29.6,273.0,28.0,1001.8,0.0,100
2024-06-26 14:00:00+05:30,28.5,274.0,28.1,1001.4,0.27464335185598954,100
2024-06-26 15:00:00+05:30,27.6,277.0,27.8,1001.3,0.0,100
2024-06-26 16:00:00+05:30,29.1,278.0,27.7,1001.2,0.0,100
2024-06-26 17:00:00+05:30,23.7,290.0,26.2,1001.8,100.0,100
2024-06-26 18:00:00+05:30,19.7,285.0,25.3,1003.0,100.0,100
2024-06-26 19:00:00+05:30,21.0,286.0,25.1,1003.5,99.46045102116972,100
2024-06-26 20:00:00+05:30,21.7,285.0,24.8,1004.5,100.0,100
2024-06-26 21:00:00+05:30,24.0,283.0,24.7,1004.9,100.0,100
2024-06-26 22:00:00+05:30,25.1,282.0,24.1,1005.0,0.1013850152417582,100
2024-06-26 23:00:00+05:30,23.7,284.0,23.9,1004.7,100.0,100
2024-06-27 00:00:00+05:30,22.7,280.0,24.1,1003.9,99.55382091661859,100
2024-06-27 01:00:00+05:30,19.9,287.0,23.9,1003.4,100.0,100
2024-06-27 02:00:00+05:30,22.3,284.0,24.2,1003.0,99.30658001037025,100
2024-06-27 03:00:00+05:30,21.7,281.0,24.1,1002.7,100.0,100
2024-06-27 04:00:00+05:30,23.4,281.0,23.9,1002.9,98.34732371251117,100
2024-06-27 05:00:00+05:30,24.4,278.0,24.3,1003.1,96.36160234311185,100
2024-06-27 06:00:00+05:30,21.7,281.0,24.4,1002.8,100.0,100
2024-06-27 07:00:00+05:30,20.7,277.0,25.0,1003.4,100.0,100
2024-06-27 08:00:00+05:30,21.0,275.0,25.9,1004.1,98.91721525902541,100
2024-06-27 09:00:00+05:30,23.1,274.0,27.0,1004.6,100.0,100
2024-06-27 10:00:00+05:30,24.5,274.0,27.5,1004.3,100.0,100
2024-06-27 11:00:00+05:30,25.9,272.0,28.3,1004.1,1.2179680100841126,100
2024-06-27 12:00:00+05:30,25.6,268.0,28.4,1004.0,0.0,100
2024-06-27 13:00:00+05:30,28.1,269.0,27.9,1003.7,0.44153943055267525,100
2024-06-27 14:00:00+05:30,28.5,266.0,27.8,1003.4,0.0,100
2024-06-27 15:00:00+05:30,24.8,271.0,27.1,1003.1,100.0,100
2024-06-27 16:00:00+05:30,23.2,277.0,26.9,1002.8,99.64578193709131,100
2024-06-27 17:00:00+05:30,22.4,275.0,26.7,1003.2,100.0,100
2024-06-27 18:00:00+05:30,19.6,276.0,25.9,1003.6,99.81654685956961,100
2024-06-27 19:00:00+05:30,17.1,277.0,25.5,1004.4,100.0,100
2024-06-27 20:00:00+05:30,17.4,276.0,25.7,1005.2,99.84934257174244,100
2024-06-27 21:00:00+05:30,18.9,279.0,25.8,1005.7,100.0,100
2024-06-27 22:00:00+05:30,22.4,276.0,25.6,1005.9,100.0,100
2024-06-27 23:00:00+05:30,21.9,284.0,25.0,1005.8,98.01075787493107,100
2024-06-28 00:00:00+05:30,18.9,284.0,24.9,1005.2,98.27577762292526,100
2024-06-28 01:00:00+05:30,18.7,293.0,24.7,1005.1,100.0,100
2024-06-28 02:00:00+05:30,20.3,287.0,24.3,1004.4,96.96920304118669,100
2024-06-28 03:00:00+05:30,19.9,287.0,24.3,1004.1,100.0,100
2024-06-28 04:00:00+05:30,19.7,279.0,24.3,1004.2,99.26855517762897,100
2024-06-28 05:00:00+05:30,17.0,283.0,24.2,1004.2,100.0,100
2024-06-28 06:00:00+05:30,17.7,282.0,24.7,1004.5,99.87179367991222,100
2024-06-28 07:00:00+05:30,16.2,287.0,25.8,1005.1,97.67823497601854,100
2024-06-28 08:00:00+05:30,13.8,279.0,26.7,1005.7,99.88490558491543,100
2024-06-28 09:00:00+05:30,18.8,267.0,28.1,1005.9,100.0,100
2024-06-28 10:00:00+05:30,21.5,260.0,28.2,1005.8,97.49586956718687,100
2024-06-28 11:00:00+05:30,21.5,260.0,28.3,1005.1,100.0,100
2024-06-28 12:00:00+05:30,23.4,256.0,28.9,1004.4,97.93761960004265,100
2024-06-28 13:00:00+05:30,24.4,256.0,28.9,1003.6,100.0,100
2024-06-28 14:00:00+05:30,26.5,262.0,29.0,1003.0,0.0,100
2024-06-28 15:00:00+05:30,25.6,269.0,28.7,1002.3,0.0,100
2024-06-28 16:00:00+05:30,24.6,276.0,28.2,1001.8,99.27999273150321,100
2024-06-28 17:00:00+05:30,22.9,277.0,27.4,1002.1,100.0,100
2024-06-28 18:00:00+05:30,18.9,278.0,26.9,1003.1,100.0,100
2024-06-28 19:00:00+05:30,19.3,279.0,26.2,1003.7,100.0,100
2024-06-28 20:00:00+05:30,20.3,277.0,25.8,1004.2,97.08111563576938,100
2024-06-28 21:00:00+05:30,21.2,271.0,25.6,1004.7,97.9476512317129,100
2024-06-28 22:00:00+05:30,23.8,271.0,25.3,1004.8,99.98990129701507,100
2024-06-28 23:00:00+05:30,22.7,273.0,25.2,1004.9,97.40370469986684,100
2024-06-29 00:00:00+05:30,19.5,273.0,25.0,1004.8,100.0,100
2024-06-29 01:00:00+05:30,17.0,276.0,24.8,1004.6,100.0,100
2024-06-29 02:00:00+05:30,17.0,275.0,24.7,1004.3,100.0,100
2024-06-29 03:00:00+05:30,16.0,278.0,24.8,1003.8,100.0,100
2024-06-29 04:00:00+05:30,16.1,280.0,24.6,1004.2,96.83668827291923,100
2024-06-29 05:00:00+05:30,15.7,279.0,24.4,1004.6,100.0,100
2024-06-29 06:00:00+05:30,17.7,275.0,25.1,1004.7,100.0,100
2024-06-29 07:00:00+05:30,20.1,279.0,26.1,1005.0,100.0,100
2024-06-29 08:00:00+05:30,19.7,279.0,27.0,1005.3,99.041172309314,100
2024-06-29 09:00:00+05:30,23.6,278.0,28.3,1005.5,99.21486506762096,100
2024-06-29 10:00:00+05:30,22.7,272.0,29.0,1005.4,97.35271117187668,100
2024-06-29 11:00:00+05:30,23.4,266.0,29.6,1005.0,100.0,100
2024-06-29 12:00:00+05:30,23.9,265.0,29.5,1004.5,97.44630688984812,100
2024-06-29 13:00:00+05:30,25.1,262.0,29.5,1003.8,0.3200084240251452,100
2024-06-29 14:00:00+05:30,25.8,263.0,28.9,1003.4,1.3251773716285098,100
2024-06-29 15:00:00+05:30,27.0,268.0,29.0,1003.1,0.39284750012696934,100
2024-06-29 16:00:00+05:30,27.7,271.0,28.6,1002.8,0.4554670510394066,100
2024-06-29 17:00:00+05:30,24.9,275.0,28.1,1002.9,98.12828044363775,100
2024-06-29 18:00:00+05:30,20.9,270.0,27.4,1003.1,100.0,100
2024-06-29 19:00:00+05:30,19.8,273.0,26.8,1003.8,100.0,100
2024-06-29 20:00:00+05:30,19.6,276.0,26.6,1004.7,100.0,100
2024-06-29 21:00:00+05:30,18.1,276.0,26.5,1005.4,97.40007744132616,100
2024-06-29 22:00:00+05:30,16.6,275.0,26.3,1005.7,96.43005784064061,100
2024-06-29 23:00:00+05:30,16.6,274.0,26.0,1005.6,97.87787974653406,100
2024-06-30 00:00:00+05:30,17.3,271.0,25.8,1005.2,99.65006845785331,100
2024-06-30 01:00:00+05:30,17.3,271.0,25.8,1004.8,100.0,100
2024-06-30 02:00:00+05:30,15.9,273.0,25.6,1004.4,99.11271775205694,100
2024-06-30 03:00:00+05:30,16.9,272.0,25.4,1004.1,100.0,100
2024-06-30 04:00:00+05:30,17.7,275.0,25.3,1004.4,100.0,100
2024-06-30 05:00:00+05:30,18.4,273.0,25.4,1004.7,94.7754748080651,100
2024-06-30 06:00:00+05:30,17.3,275.0,25.9,1004.9,99.9403536171751,100
2024-06-30 07:00:00+05:30,18.1,276.0,26.9,1005.6,99.61197035296597,100
2024-06-30 08:00:00+05:30,21.4,277.0,28.0,1006.0,99.19040098770512,100
2024-06-30 09:00:00+05:30,19.8,271.0,28.8,1006.2,100.0,100
2024-06-30 10:00:00+05:30,21.1,262.0,29.5,1006.4,98.71565790320146,100
2024-06-30 11:00:00+05:30,23.1,256.0,29.3,1005.8,100.0,100
2024-06-30 12:00:00+05:30,25.3,255.0,29.3,1005.4,0.0,100
2024-06-30 13:00:00+05:30,26.6,261.0,29.2,1004.8,0.7172591268374084,100
2024-06-30 14:00:00+05:30,25.4,263.0,29.3,1004.3,0.6345140869458672,100
2024-06-30 15:00:00+05:30,27.2,263.0,28.8,1003.5,0.0,100
2024-06-30 16:00:00+05:30,27.4,268.0,28.5,1003.4,0.0,100
2024-06-30 17:00:00+05:30,24.5,270.0,27.5,1003.8,100.0,100
2024-06-30 18:00:00+05:30,22.4,264.0,27.4,1004.1,100.0,100
2024-06-30 19:00:00+05:30,21.3,266.0,27.0,1004.9,100.0,100
2024-06-30 20:00:00+05:30,20.5,271.0,26.7,1005.6,100.0,100
2024-06-30 21:00:00+05:30,19.5,268.0,26.5,1006.3,100.0,100
2024-06-30 22:00:00+05:30,19.8,267.0,26.2,1006.4,98.86470146213499,100
2024-06-30 23:00:00+05:30,19.8,270.0,26.2,1006.5,97.13881995069612,100
2024-07-01 00:00:00+05:30,21.3,272.0,26.1,1006.3,98.18642811877426,100
2024-07-01 01:00:00+05:30,23.4,267.0,25.7,1006.2,100.0,100
2024-07-01 02:00:00+05:30,20.2,271.0,25.6,1005.4,97.67533330130729,100
2024-07-01 03:00:00+05:30,20.0,277.0,25.6,1005.0,98.80732120096644,100
2024-07-01 04:00:00+05:30,17.9,261.0,25.5,1004.7,100.0,100
2024-07-01 05:00:00+05:30,18.4,270.0,25.6,1005.0,100.0,100
2024-07-01 06:00:00+05:30,18.0,271.0,25.5,1005.3,94.72131253011537,100
2024-07-01 07:00:00+05:30,20.1,260.0,26.2,1006.9,99.36738673457089,100
2024-07-01 08:00:00+05:30,18.1,264.0,26.2,1006.5,95.75135865614884,100
2024-07-01 09:00:00+05:30,23.5,266.0,27.7,1006.9,97.45258436741429,100
2024-07-01 10:00:00+05:30,23.8,269.0,28.4,1006.5,100.0,100
2024-07-01 11:00:00+05:30,25.2,267.0,28.5,1006.4,0.0,100
2024-07-01 12:00:00+05:30,27.4,269.0,28.6,1005.7,0.0,100
2024-07-01 13:00:00+05:30,26.6,272.0,29.5,1004.7,1.3305381111151142,100
2024-07-01 14:00:00+05:30,25.2,270.0,28.8,1003.9,0.0,100
2024-07-01 15:00:00+05:30,26.3,272.0,28.8,1003.0,0.0,100
2024-07-01 16:00:00+05:30,26.7,272.0,28.4,1002.8,0.0,100
2024-07-01 17:00:00+05:30,24.5,273.0,27.9,1003.1,100.0,100
2024-07-01 18:00:00+05:30,20.7,277.0,27.1,1004.0,96.84495145371172,100
2024-07-01 19:00:00+05:30,19.2,278.0,26.7,1004.7,97.55807863459552,100
2024-07-01 20:00:00+05:30,20.3,276.0,26.4,1005.4,98.34577335053594,100
2024-07-01 21:00:00+05:30,19.5,282.0,26.1,1006.0,100.0,100
2024-07-01 22:00:00+05:30,19.0,280.0,25.9,1006.0,100.0,100
2024-07-01 23:00:00+05:30,19.5,274.0,25.8,1005.8,100.0,100
2024-07-02 00:00:00+05:30,20.5,272.0,25.8,1005.4,100.0,100
2024-07-02 01:00:00+05:30,21.6,272.0,25.8,1004.7,99.53473464868252,100
2024-07-02 02:00:00+05:30,21.6,274.0,25.9,1004.5,97.41020408089192,100
2024-07-02 03:00:00+05:30,20.6,282.0,25.6,1004.1,100.0,100
2024-07-02 04:00:00+05:30,19.8,286.0,25.6,1003.7,100.0,100
2024-07-02 05:00:00+05:30,19.4,280.0,25.5,1004.1,99.44196078924368,100
2024-07-02 06:00:00+05:30,20.5,288.0,25.7,1003.7,100.0,100
2024-07-02 07:00:00+05:30,21.0,286.0,26.5,1004.3,97.65255400955274,100
2024-07-02 08:00:00+05:30,19.9,274.0,27.5,1004.6,100.0,100
2024-07-02 09:00:00+05:30,20.2,274.0,28.5,1004.7,98.11140167659501,100
2024-07-02 10:00:00+05:30,24.4,278.0,29.7,1004.8,100.0,100
2024-07-02 11:00:00+05:30,24.5,274.0,30.4,1004.2,98.21160017304094,100
2024-07-02 12:00:00+05:30,24.5,267.0,30.4,1003.4,100.0,100
2024-07-02 13:00:00+05:30,25.7,264.0,29.9,1002.9,0.8388013303677982,100
2024-07-02 14:00:00+05:30,25.9,271.0,29.6,1002.4,0.0,100
2024-07-02 15:00:00+05:30,26.3,279.0,29.3,1002.0,0.0,100
2024-07-02 16:00:00+05:30,23.9,281.0,28.7,1002.0,100.0,100
2024-07-02 17:00:00+05:30,22.6,278.0,28.2,1002.1,100.0,100
2024-07-02 18:00:00+05:30,21.6,272.0,27.5,1002.5,96.76812338045337,100
2024-07-02 19:00:00+05:30,22.0,275.0,26.9,1003.3,97.45336871241373,100
2024-07-02 20:00:00+05:30,21.3,273.0,26.7,1004.2,98.69389890392775,100
2024-07-02 21:00:00+05:30,21.6,274.0,26.9,1004.8,98.07392041489356,100
2024-07-02 22:00:00+05:30,21.3,276.0,26.7,1005.2,100.0,100
2024-07-02 23:00:00+05:30,21.3,276.0,26.5,1005.0,96.78080867642016,100
2024-07-03 00:00:00+05:30,20.7,278.0,26.3,1004.4,100.0,100
2024-07-03 01:00:00+05:30,21.1,279.0,25.9,1003.6,95.50899226524714,100
2024-07-03 02:00:00+05:30,21.0,277.0,25.6,1003.3,98.64599471699817,100
2024-07-03 03:00:00+05:30,22.1,282.0,25.6,1003.3,100.0,100
2024-07-03 04:00:00+05:30,20.6,286.0,25.8,1003.6,100.0,100
2024-07-03 05:00:00+05:30,20.2,281.0,25.6,1004.1,100.0,100
2024-07-03 06:00:00+05:30,19.6,283.0,25.7,1004.6,100.0,100
2024-07-03 07:00:00+05:30,17.8,284.0,26.3,1005.1,96.59673197209656,100
2024-07-03 08:00:00+05:30,20.9,281.0,27.3,1005.7,98.16779906156461,100
2024-07-03 09:00:00+05:30,23.4,280.0,28.6,1005.8,100.0,100
2024-07-03 10:00:00+05:30,23.4,281.0,29.3,1005.2,98.77572465883635,100
2024-07-03 11:00:00+05:30,23.4,274.0,30.2,1004.7,100.0,100
2024-07-03 12:00:00+05:30,24.8,270.0,30.2,1004.1,99.41502650746443,100
2024-07-03 13:00:00+05:30,26.1,263.0,30.0,1003.1,0.9899032796465607,100
2024-07-03 14:00:00+05:30,27.6,262.0,29.7,1002.6,0.44618577220699723,100
2024-07-03 15:00:00+05:30,29.0,263.0,29.2,1002.0,0.23111346906530647,100
2024-07-03 16:00:00+05:30,31.0,271.0,28.5,1001.8,0.0016228748115723257,100
2024-07-03 17:00:00+05:30,30.3,273.0,28.6,1002.2,0.0,100
2024-07-03 18:00:00+05:30,23.8,273.0,27.4,1003.0,100.0,100
2024-07-03 19:00:00+05:30,23.4,274.0,27.3,1003.6,100.0,100
2024-07-03 20:00:00+05:30,23.1,272.0,27.2,1004.7,98.46866707987326,100
2024-07-03 21:00:00+05:30,21.6,273.0,26.8,1005.5,100.0,100
2024-07-03 22:00:00+05:30,22.0,268.0,26.7,1005.9,99.88087430951747,100
2024-07-03 23:00:00+05:30,22.3,271.0,26.5,1006.1,100.0,100
2024-07-04 00:00:00+05:30,23.2,276.0,26.1,1005.5,99.18355747625425,100
2024-07-04 01:00:00+05:30,21.2,285.0,25.8,1004.6,100.0,100
2024-07-04 02:00:00+05:30,19.7,278.0,25.3,1003.9,97.9126281165278,100
2024-07-04 03:00:00+05:30,23.8,268.0,25.3,1004.7,99.24874946876395,100
2024-07-04 04:00:00+05:30,22.7,285.0,25.6,1004.9,100.0,100
2024-07-04 05:00:00+05:30,24.6,265.0,24.8,1005.3,98.71652207079879,100
2024-07-04 06:00:00+05:30,20.5,285.0,26.0,1004.2,98.48047088392435,100
2024-07-04 07:00:00+05:30,19.6,284.0,26.2,1004.6,100.0,100
2024-07-04 08:00:00+05:30,18.8,274.0,27.2,1005.3,97.25142232700198,100
2024-07-04 09:00:00+05:30,19.1,274.0,28.7,1005.6,96.03301809786184,100
2024-07-04 10:00:00+05:30,21.6,271.0,29.7,1005.5,97.91848553460964,100
2024-07-04 11:00:00+05:30,23.1,266.0,30.5,1005.2,97.01486921420721,100
2024-07-04 12:00:00+05:30,24.0,262.0,31.1,1004.5,100.0,100
2024-07-04 13:00:00+05:30,25.5,254.0,30.2,1003.8,0.0,100
2024-07-04 14:00:00+05:30,27.9,259.0,29.8,1003.4,0.0,100
2024-07-04 15:00:00+05:30,25.9,260.0,29.5,1003.4,1.5304564911599485,100
2024-07-04 16:00:00+05:30,26.8,263.0,28.8,1003.4,0.0,100
2024-07-04 17:00:00+05:30,25.2,272.0,28.3,1003.7,0.8573746684256794,100
2024-07-04 18:00:00+05:30,24.3,262.0,27.3,1003.2,98.26280752998082,100
2024-07-04 19:00:00+05:30,24.1,270.0,26.8,1004.1,100.0,100
2024-07-04 20:00:00+05:30,25.0,276.0,26.7,1004.7,100.0,100
2024-07-04 21:00:00+05:30,24.6,281.0,26.7,1005.2,98.83470114948257,100
2024-07-04 22:00:00+05:30,23.2,282.0,26.6,1005.5,100.0,100
2024-07-04 23:00:00+05:30,22.3,280.0,26.5,1005.4,100.0,100
2024-07-05 00:00:00+05:30,21.0,277.0,26.4,1005.1,100.0,100
2024-07-05 01:00:00+05:30,21.2,280.0,26.1,1004.4,100.0,100
2024-07-05 02:00:00+05:30,21.1,279.0,25.9,1003.9,97.309257776539,100
2024-07-05 03:00:00+05:30,21.1,278.0,25.9,1003.8,100.0,100
2024-07-05 04:00:00+05:30,21.9,279.0,25.8,1004.2,100.0,100
2024-07-05 05:00:00+05:30,23.3,287.0,25.4,1004.3,97.10136664274482,100
2024-07-05 06:00:00+05:30,20.6,289.0,25.4,1004.2,99.81007345512349,100
2024-07-05 07:00:00+05:30,21.0,286.0,25.7,1004.6,96.98736488452144,100
2024-07-05 08:00:00+05:30,20.4,278.0,26.9,1004.9,95.67763947794018,100
2024-07-05 09:00:00+05:30,26.3,283.0,28.4,1005.0,0.9146341310557381,100
2024-07-05 10:00:00+05:30,24.1,279.0,29.1,1004.9,100.0,100
2024-07-05 11:00:00+05:30,26.4,275.0,30.2,1004.7,2.0659334214659624,100
2024-07-05 12:00:00+05:30,27.4,268.0,30.1,1004.1,0.9351563542837885,100
2024-07-05 13:00:00+05:30,30.6,269.0,30.0,1003.3,0.0,100
2024-07-05 14:00:00+05:30,29.2,271.0,29.2,1002.8,0.6321575585161575,100
2024-07-05 15:00:00+05:30,28.4,278.0,28.4,1002.4,0.8855132572032686,100
2024-07-05 16:00:00+05:30,27.5,276.0,27.8,1001.8,0.383849467177201,100
2024-07-05 17:00:00+05:30,27.7,271.0,27.5,1001.9,1.0594165422549997,100
2024-07-05 18:00:00+05:30,23.2,282.0,26.5,1002.6,100.0,100
2024-07-05 19:00:00+05:30,21.1,279.0,26.1,1003.5,100.0,100
2024-07-05 20:00:00+05:30,20.2,271.0,26.0,1005.3,99.67912031800543,100
2024-07-05 21:00:00+05:30,22.0,272.0,25.9,1005.2,100.0,100
2024-07-05 22:00:00+05:30,27.4,271.0,25.0,1005.7,1.8366374896587487,100
2024-07-05 23:00:00+05:30,22.4,274.0,24.7,1005.5,96.55521340614473,100
2024-07-06 00:00:00+05:30,20.3,283.0,24.6,1004.6,99.268616694634,100
2024-07-06 01:00:00+05:30,18.7,281.0,24.8,1004.1,100.0,100
2024-07-06 02:00:00+05:30,21.0,282.0,24.8,1003.3,98.4091770106691,100
2024-07-06 03:00:00+05:30,21.1,284.0,24.7,1002.8,99.29694549543488,100
2024-07-06 04:00:00+05:30,20.3,287.0,24.6,1002.9,96.96425958343576,100
2024-07-06 05:00:00+05:30,19.4,285.0,24.6,1003.2,98.43477592982572,100
2024-07-06 06:00:00+05:30,18.7,281.0,24.7,1004.2,100.0,100
2024-07-06 07:00:00+05:30,19.9,287.0,25.7,1004.7,100.0,100
2024-07-06 08:00:00+05:30,17.1,288.0,26.6,1004.5,97.95196315759885,100
2024-07-06 09:00:00+05:30,19.3,279.0,27.1,1004.7,100.0,100
2024-07-06 10:00:00+05:30,24.9,280.0,29.5,1004.5,97.96739233115949,100
2024-07-06 11:00:00+05:30,24.2,273.0,30.0,1004.2,100.0,100
2024-07-06 12:00:00+05:30,23.8,267.0,29.5,1003.6,99.10025360833613,100
2024-07-06 13:00:00+05:30,24.1,270.0,29.9,1003.0,98.02351077330371,100
2024-07-06 14:00:00+05:30,23.1,266.0,29.5,1002.4,100.0,100
2024-07-06 15:00:00+05:30,21.1,262.0,28.2,1001.9,100.0,100
2024-07-06 16:00:00+05:30,19.5,267.0,27.9,1001.9,98.83547411141951,100
2024-07-06 17:00:00+05:30,17.7,272.0,27.6,1002.3,97.8083752105774,100
2024-07-06 18:00:00+05:30,19.8,260.0,27.1,1002.3,99.24165168549195,100
2024-07-06 19:00:00+05:30,20.5,260.0,26.8,1003.1,97.15262176533686,100
2024-07-06 20:00:00+05:30,19.5,265.0,26.6,1004.3,100.0,100
2024-07-06 21:00:00+05:30,16.6,270.0,26.4,1004.8,100.0,100
2024-07-06 22:00:00+05:30,15.5,274.0,26.3,1004.7,100.0,100
2024-07-06 23:00:00+05:30,15.2,274.0,26.1,1004.7,99.53419098594851,100
2024-07-07 00:00:00+05:30,16.6,274.0,25.8,1004.1,100.0,100
2024-07-07 01:00:00+05:30,18.1,276.0,25.6,1003.5,97.96651281328798,100
2024-07-07 02:00:00+05:30,17.4,277.0,25.3,1003.1,98.10090211246688,100
2024-07-07 03:00:00+05:30,17.2,281.0,25.4,1002.4,99.40966953274237,100
2024-07-07 04:00:00+05:30,16.5,281.0,25.3,1002.6,97.82292900777983,100
2024-07-07 05:00:00+05:30,17.8,277.0,25.1,1002.6,100.0,100
2024-07-07 06:00:00+05:30,18.8,282.0,25.7,1003.5,99.57015600854169,100
2024-07-07 07:00:00+05:30,20.2,286.0,26.3,1004.1,100.0,100
2024-07-07 08:00:00+05:30,22.2,287.0,27.1,1004.3,100.0,100
2024-07-07 09:00:00+05:30,25.5,278.0,28.6,1004.3,1.2833077763866902,100
2024-07-07 10:00:00+05:30,24.5,272.0,29.5,1004.0,100.0,100
2024-07-07 11:00:00+05:30,24.1,261.0,30.0,1003.6,100.0,100
2024-07-07 12:00:00+05:30,26.6,261.0,30.2,1003.2,1.7700220816263679,100
2024-07-07 13:00:00+05:30,27.4,265.0,30.0,1002.5,0.12780021259041108,100
2024-07-07 14:00:00+05:30,27.4,267.0,29.2,1002.1,0.0,100
2024-07-07 15:00:00+05:30,25.9,261.0,29.2,1001.2,0.47830906278325414,100
2024-07-07 16:00:00+05:30,25.8,263.0,28.8,1000.9,0.0,100
2024-07-07 17:00:00+05:30,25.6,267.0,28.1,1001.4,0.0,100
2024-07-07 18:00:00+05:30,22.0,270.0,27.5,1002.2,99.9038505531549,100
2024-07-07 19:00:00+05:30,22.7,274.0,27.3,1002.8,100.0,100
2024-07-07 20:00:00+05:30,21.2,271.0,26.9,1003.3,99.1736084194821,100
2024-07-07 21:00:00+05:30,21.4,278.0,26.5,1004.1,100.0,100
2024-07-07 22:00:00+05:30,20.5,271.0,26.3,1004.1,99.90365572365042,100
2024-07-07 23:00:00+05:30,22.0,273.0,26.2,1003.9,100.0,100
2024-07-08 00:00:00+05:30,22.7,274.0,26.0,1003.4,100.0,100
2024-07-08 01:00:00+05:30,24.0,279.0,25.9,1002.9,95.67053745282512,100
2024-07-08 02:00:00+05:30,24.8,279.0,25.3,1002.9,97.638938846104,100
2024-07-08 03:00:00+05:30,25.7,276.0,25.2,1002.3,0.0,100
2024-07-08 04:00:00+05:30,24.4,279.0,25.0,1002.5,99.49354973779775,100
2024-07-08 05:00:00+05:30,24.1,284.0,24.6,1002.5,100.0,100
2024-07-08 06:00:00+05:30,22.3,288.0,24.4,1003.1,100.0,100
2024-07-08 07:00:00+05:30,24.2,285.0,24.9,1003.3,95.738300229144,100
2024-07-08 08:00:00+05:30,23.8,288.0,26.2,1003.2,100.0,100
2024-07-08 09:00:00+05:30,22.0,285.0,27.6,1003.5,99.82755645383453,100
2024-07-08 10:00:00+05:30,24.0,287.0,29.0,1003.4,98.76016097390219,100
2024-07-08 11:00:00+05:30,24.2,288.0,29.5,1003.3,100.0,100
2024-07-08 12:00:00+05:30,28.0,283.0,30.3,1002.8,1.2567359148565314,100
2024-07-08 13:00:00+05:30,27.8,275.0,30.2,1002.3,0.0,100
2024-07-08 14:00:00+05:30,27.4,273.0,30.3,1001.7,0.5179246327582577,100
2024-07-08 15:00:00+05:30,27.4,272.0,29.1,1001.3,0.023387672446278863,100
2024-07-08 16:00:00+05:30,27.1,274.0,28.4,1001.5,0.0,100
2024-07-08 17:00:00+05:30,25.4,277.0,28.0,1001.8,0.8884100581569764,100
2024-07-08 18:00:00+05:30,25.5,279.0,27.0,1002.0,0.0,100
2024-07-08 19:00:00+05:30,24.8,283.0,26.4,1002.7,100.0,100
2024-07-08 20:00:00+05:30,25.3,285.0,26.0,1003.1,0.0,100
2024-07-08 21:00:00+05:30,23.9,286.0,25.8,1003.6,98.70660747907277,100
2024-07-08 22:00:00+05:30,21.1,284.0,25.7,1004.1,100.0,100
2024-07-08 23:00:00+05:30,22.6,284.0,25.6,1003.9,95.37210193070212,100
2024-07-09 00:00:00+05:30,22.7,285.0,25.4,1003.5,100.0,100
2024-07-09 01:00:00+05:30,22.5,286.0,25.5,1003.0,100.0,100
2024-07-09 02:00:00+05:30,23.3,287.0,25.6,1002.4,100.0,100
2024-07-09 03:00:00+05:30,22.6,287.0,25.5,1002.2,99.56113421606675,100
2024-07-09 04:00:00+05:30,21.5,288.0,25.5,1002.3,100.0,100
2024-07-09 05:00:00+05:30,22.7,288.0,25.6,1002.7,97.36838014733173,100
2024-07-09 06:00:00+05:30,20.7,287.0,25.7,1003.0,99.55284693318221,100
2024-07-09 07:00:00+05:30,22.9,289.0,26.5,1003.6,99.93122252938225,100
2024-07-09 08:00:00+05:30,19.2,283.0,27.2,1004.4,100.0,100
2024-07-09 09:00:00+05:30,19.8,282.0,28.0,1004.8,100.0,100
2024-07-09 10:00:00+05:30,27.0,283.0,29.3,1004.8,0.03935965673320984,100
2024-07-09 11:00:00+05:30,26.0,273.0,29.9,1004.7,0.0,100
2024-07-09 12:00:00+05:30,26.3,270.0,29.9,1004.3,0.0,100
2024-07-09 13:00:00+05:30,27.4,267.0,30.0,1003.9,0.0,100
2024-07-09 14:00:00+05:30,28.6,264.0,29.5,1003.1,0.0,100
2024-07-09 15:00:00+05:30,27.7,269.0,29.0,1002.6,1.030625183325838,100
2024-07-09 16:00:00+05:30,27.1,274.0,28.4,1002.3,2.9512153182151577,100
2024-07-09 17:00:00+05:30,24.9,275.0,27.7,1002.7,100.0,100
2024-07-09 18:00:00+05:30,20.1,280.0,26.9,1003.6,99.73535128172158,100
2024-07-09 19:00:00+05:30,19.7,279.0,26.4,1004.4,100.0,100
2024-07-09 20:00:00+05:30,19.6,276.0,26.0,1005.1,100.0,100
2024-07-09 21:00:00+05:30,20.8,280.0,25.8,1005.7,98.04510064133711,100
2024-07-09 22:00:00+05:30,21.5,280.0,25.6,1005.8,98.60735574174915,100
2024-07-09 23:00:00+05:30,22.9,283.0,25.4,1006.3,100.0,100
2024-07-10 00:00:00+05:30,23.0,284.0,25.4,1006.1,99.57951737534981,100
2024-07-10 01:00:00+05:30,22.5,283.0,25.5,1005.6,97.78877529738824,100
2024-07-10 02:00:00+05:30,22.9,277.0,25.4,1005.3,98.88986406473113,100
2024-07-10 03:00:00+05:30,22.0,281.0,25.1,1005.2,100.0,100
2024-07-10 04:00:00+05:30,21.3,282.0,25.1,1005.3,100.0,100
2024-07-10 05:00:00+05:30,21.9,284.0,25.2,1005.7,97.41294414278943,100
2024-07-10 06:00:00+05:30,21.7,281.0,25.3,1005.9,99.05581487507725,100
2024-07-10 07:00:00+05:30,21.5,284.0,26.3,1006.4,98.83155775286063,100
2024-07-10 08:00:00+05:30,19.2,276.0,27.4,1006.9,100.0,100
2024-07-10 09:00:00+05:30,21.3,272.0,28.7,1007.1,100.0,100
2024-07-10 10:00:00+05:30,24.9,273.0,29.7,1007.0,99.44574303399668,100
2024-07-10 11:00:00+05:30,25.9,271.0,30.4,1006.3,0.0,100
2024-07-10 12:00:00+05:30,27.4,268.0,30.4,1006.0,0.0,100
2024-07-10 13:00:00+05:30,30.2,269.0,30.3,1005.5,0.18769998815186992,100
2024-07-10 14:00:00+05:30,30.7,273.0,30.0,1004.8,0.0,100
2024-07-10 15:00:00+05:30,29.6,274.0,29.9,1004.0,0.0,100
2024-07-10 16:00:00+05:30,30.6,273.0,29.2,1004.0,0.8375053682356974,100
2024-07-10 17:00:00+05:30,27.4,274.0,28.1,1004.4,0.0,100
2024-07-10 18:00:00+05:30,27.0,272.0,27.4,1005.1,0.0,100
2024-07-10 19:00:00+05:30,26.8,275.0,26.8,1006.1,0.0,100
2024-07-10 20:00:00+05:30,26.4,281.0,26.6,1006.6,0.42737886315713397,100
2024-07-10 21:00:00+05:30,24.6,285.0,26.4,1007.1,100.0,100
2024-07-10 22:00:00+05:30,25.1,282.0,26.1,1007.4,0.434515226944716,100
2024-07-10 23:00:00+05:30,25.2,284.0,25.9,1007.7,0.5234578992966205,100
2024-07-11 00:00:00+05:30,21.1,284.0,25.8,1006.4,97.39039709784687,100
2024-07-11 01:00:00+05:30,21.0,282.0,25.5,1005.8,98.43584062450367,100
2024-07-11 02:00:00+05:30,20.9,289.0,25.3,1005.7,100.0,100
2024-07-11 03:00:00+05:30,19.1,290.0,25.2,1005.4,99.71882812525428,100
2024-07-11 04:00:00+05:30,19.2,287.0,24.9,1005.3,95.87288160407046,100
2024-07-11 05:00:00+05:30,19.6,283.0,25.1,1005.3,98.02297615964375,100
2024-07-11 06:00:00+05:30,22.7,280.0,25.8,1005.3,99.2674784253367,100
2024-07-11 07:00:00+05:30,22.9,283.0,26.7,1005.9,99.34227812131584,100
2024-07-11 08:00:00+05:30,22.5,283.0,27.8,1006.1,100.0,100
2024-07-11 09:00:00+05:30,23.2,286.0,29.2,1006.2,100.0,100
2024-07-11 10:00:00+05:30,23.7,287.0,30.6,1006.2,99.46761024214427,100
2024-07-11 11:00:00+05:30,23.9,281.0,31.4,1005.5,98.47225248810093,100
2024-07-11 12:00:00+05:30,26.6,279.0,31.9,1004.6,0.0,100
2024-07-11 13:00:00+05:30,26.4,276.0,31.9,1003.7,0.0,100
2024-07-11 14:00:00+05:30,26.8,275.0,31.7,1002.9,0.0,100
2024-07-11 15:00:00+05:30,26.7,275.0,31.2,1002.1,0.0,100
2024-07-11 16:00:00+05:30,26.7,273.0,30.1,1002.0,0.0023152755829640307,100
2024-07-11 17:00:00+05:30,26.3,272.0,28.8,1002.2,2.0503032514484976,100
2024-07-11 18:00:00+05:30,23.8,271.0,27.6,1002.6,100.0,100
2024-07-11 19:00:00+05:30,24.8,279.0,27.1,1003.0,98.50042966602479,100
2024-07-11 20:00:00+05:30,25.5,278.0,26.7,1003.7,0.6499226596728922,100
2024-07-11 21:00:00+05:30,26.2,279.0,26.5,1004.8,0.14487411627504668,100
2024-07-11 22:00:00+05:30,27.0,280.0,26.3,1005.1,0.0,100
2024-07-11 23:00:00+05:30,27.3,282.0,26.0,1004.6,0.5483587178709313,100
2024-07-12 00:00:00+05:30,26.9,286.0,25.9,1004.0,0.0,100
2024-07-12 01:00:00+05:30,24.4,286.0,25.8,1003.4,97.63750573143145,100
2024-07-12 02:00:00+05:30,22.2,283.0,25.8,1003.0,100.0,100
2024-07-12 03:00:00+05:30,22.0,281.0,25.8,1002.8,98.10515167183156,100
2024-07-12 04:00:00+05:30,22.5,282.0,25.9,1003.3,99.8477002318336,100
2024-07-12 05:00:00+05:30,24.9,284.0,25.8,1004.2,100.0,100
2024-07-12 06:00:00+05:30,22.4,281.0,25.9,1004.2,100.0,100
2024-07-12 07:00:00+05:30,20.3,276.0,26.6,1004.5,100.0,100
2024-07-12 08:00:00+05:30,24.3,277.0,27.7,1004.8,100.0,100
2024-07-12 09:00:00+05:30,27.6,277.0,29.1,1005.2,0.0,100
2024-07-12 10:00:00+05:30,28.6,276.0,29.2,1005.4,0.0,100
2024-07-12 11:00:00+05:30,26.3,273.0,29.5,1004.9,0.0,100
2024-07-12 12:00:00+05:30,28.1,260.0,30.3,1004.2,0.0,100
2024-07-12 13:00:00+05:30,28.7,258.0,29.7,1003.6,0.8481900430190956,100
2024-07-12 14:00:00+05:30,30.2,262.0,29.4,1003.0,0.0,100
2024-07-12 15:00:00+05:30,29.9,268.0,27.6,1003.2,0.0,100
2024-07-12 16:00:00+05:30,29.4,278.0,27.7,1002.8,0.0,100
2024-07-12 17:00:00+05:30,26.6,283.0,27.2,1002.4,1.0727995037305318,100
2024-07-12 18:00:00+05:30,23.5,276.0,26.8,1003.6,99.12881577783222,100
2024-07-12 19:00:00+05:30,23.3,279.0,26.2,1004.0,100.0,100
2024-07-12 20:00:00+05:30,22.3,284.0,25.9,1004.4,98.83515286695766,100
2024-07-12 21:00:00+05:30,19.8,286.0,25.6,1005.3,100.0,100
2024-07-12 22:00:00+05:30,18.8,282.0,25.4,1005.4,100.0,100
2024-07-12 23:00:00+05:30,20.3,283.0,25.3,1004.8,99.28182932237158,100
2024-07-13 00:00:00+05:30,21.5,280.0,25.3,1004.2,100.0,100
2024-07-13 01:00:00+05:30,22.6,279.0,25.4,1003.3,100.0,100
2024-07-13 02:00:00+05:30,23.4,280.0,25.2,1002.6,100.0,100
2024-07-13 03:00:00+05:30,24.2,281.0,25.1,1002.3,99.98574365473038,100
2024-07-13 04:00:00+05:30,24.8,283.0,25.2,1002.9,99.88706336016972,100
2024-07-13 05:00:00+05:30,24.6,282.0,25.1,1003.2,96.86793409554164,100
2024-07-13 06:00:00+05:30,24.9,281.0,25.1,1003.6,100.0,100
2024-07-13 07:00:00+05:30,25.4,286.0,25.9,1004.6,0.669500036804373,100
2024-07-13 08:00:00+05:30,24.9,281.0,26.4,1004.7,100.0,100
2024-07-13 09:00:00+05:30,31.0,290.0,28.1,1005.1,0.15938456804492745,100
2024-07-13 10:00:00+05:30,29.3,291.0,28.9,1004.8,1.3043715569114875,100
2024-07-13 11:00:00+05:30,30.7,279.0,29.1,1005.0,0.0,100
2024-07-13 12:00:00+05:30,32.3,278.0,29.1,1004.4,0.0,100
2024-07-13 13:00:00+05:30,33.1,278.0,28.0,1004.0,0.0,100
2024-07-13 14:00:00+05:30,29.9,285.0,27.3,1003.2,0.0,100
2024-07-13 15:00:00+05:30,28.0,283.0,27.3,1002.5,0.7379700095617927,100
2024-07-13 16:00:00+05:30,27.5,284.0,27.2,1002.5,0.9235669708889989,100
2024-07-13 17:00:00+05:30,25.8,285.0,26.6,1002.9,0.3683178320990611,100
2024-07-13 18:00:00+05:30,25.7,281.0,25.8,1003.3,1.8063817311470955,100
2024-07-13 19:00:00+05:30,25.5,283.0,25.1,1003.8,1.2586874706984053,100
2024-07-13 20:00:00+05:30,25.2,287.0,24.5,1004.2,0.0,100
2024-07-13 21:00:00+05:30,25.7,285.0,24.5,1005.0,0.0,100
2024-07-13 22:00:00+05:30,26.7,286.0,24.7,1005.0,0.0,100
2024-07-13 23:00:00+05:30,26.1,288.0,24.6,1004.6,0.9094101270235119,100
2024-07-14 00:00:00+05:30,26.6,289.0,24.5,1004.0,0.0,100
2024-07-14 01:00:00+05:30,25.8,289.0,24.4,1003.3,1.179737337324133,100
2024-07-14 02:00:00+05:30,25.5,289.0,24.3,1002.4,1.4246811282807235,100
2024-07-14 03:00:00+05:30,23.9,288.0,24.4,1002.2,100.0,100
2024-07-14 04:00:00+05:30,25.5,289.0,24.6,1001.9,0.7606091618214371,100
2024-07-14 05:00:00+05:30,24.8,289.0,24.7,1002.1,98.70504468522614,100
2024-07-14 06:00:00+05:30,24.6,291.0,25.4,1001.9,97.34650291798341,100
2024-07-14 07:00:00+05:30,24.2,288.0,26.2,1002.5,100.0,100
2024-07-14 08:00:00+05:30,22.3,284.0,26.9,1003.0,100.0,100
2024-07-14 09:00:00+05:30,23.7,280.0,27.6,1003.2,100.0,100
2024-07-14 10:00:00+05:30,31.9,286.0,29.3,1003.4,0.5516209484972192,100
2024-07-14 11:00:00+05:30,29.7,281.0,30.2,1003.3,0.4565036833194783,100
2024-07-14 12:00:00+05:30,29.3,275.0,30.1,1002.5,0.0,100
2024-07-14 13:00:00+05:30,31.8,274.0,29.5,1001.6,0.17294783300532593,100
2024-07-14 14:00:00+05:30,28.8,273.0,29.2,1000.9,0.0,100
2024-07-14 15:00:00+05:30,29.9,273.0,28.8,1000.7,0.0,100
2024-07-14 16:00:00+05:30,30.0,280.0,28.3,1000.9,0.0,100
2024-07-14 17:00:00+05:30,27.0,289.0,27.0,1001.2,0.8408137860466793,100
2024-07-14 18:00:00+05:30,26.4,284.0,26.7,1001.8,1.1458912750412267,100
2024-07-14 19:00:00+05:30,26.5,282.0,26.7,1002.1,0.0,100
2024-07-14 20:00:00+05:30,25.9,284.0,26.5,1002.5,0.0,100
2024-07-14 21:00:00+05:30,26.1,282.0,26.3,1003.3,0.44902211364272593,100
2024-07-14 22:00:00+05:30,25.8,283.0,26.1,1003.9,0.01504929257820676,100
2024-07-14 23:00:00+05:30,23.5,281.0,25.7,1004.2,100.0,100
2024-07-15 00:00:00+05:30,24.0,279.0,25.3,1003.6,100.0,100
2024-07-15 01:00:00+05:30,23.6,277.0,25.2,1003.2,100.0,100
2024-07-15 02:00:00+05:30,22.9,283.0,24.9,1002.6,97.25010913815306,100
2024-07-15 03:00:00+05:30,24.2,285.0,24.8,1002.4,100.0,100
2024-07-15 04:00:00+05:30,24.2,285.0,24.4,1002.5,98.92963260611045,100
2024-07-15 05:00:00+05:30,25.7,281.0,24.5,1002.9,0.2500175751365776,100
2024-07-15 06:00:00+05:30,22.7,271.0,24.3,1003.3,100.0,100
2024-07-15 07:00:00+05:30,19.5,286.0,24.3,1003.4,100.0,100
2024-07-15 08:00:00+05:30,23.7,284.0,25.4,1003.5,98.30703891162023,100
2024-07-15 09:00:00+05:30,26.3,280.0,25.7,1004.4,0.07765851042929965,100
2024-07-15 10:00:00+05:30,24.2,275.0,25.4,1004.4,97.77556352292798,100
2024-07-15 11:00:00+05:30,21.3,275.0,24.9,1004.2,100.0,100
2024-07-15 12:00:00+05:30,22.6,278.0,25.3,1003.3,98.7445791364862,100
2024-07-15 13:00:00+05:30,25.5,286.0,25.9,1002.4,0.9759160240085349,100
2024-07-15 14:00:00+05:30,22.0,280.0,26.2,1001.7,97.49343954308438,100
2024-07-15 15:00:00+05:30,27.3,278.0,25.9,1001.8,1.351929969308916,100
2024-07-15 16:00:00+05:30,28.3,277.0,25.8,1002.0,0.0,100
2024-07-15 17:00:00+05:30,30.0,280.0,25.4,1002.0,0.0,100
2024-07-15 18:00:00+05:30,29.5,283.0,24.9,1002.3,0.33002875732108927,100
2024-07-15 19:00:00+05:30,28.9,289.0,24.7,1003.2,0.0,100
2024-07-15 20:00:00+05:30,27.6,278.0,24.5,1003.9,0.0,100
2024-07-15 21:00:00+05:30,32.4,278.0,25.0,1004.8,0.0,100
2024-07-15 22:00:00+05:30,29.5,283.0,25.0,1004.2,0.0,100
2024-07-15 23:00:00+05:30,26.9,286.0,25.1,1004.0,0.0,100
2024-07-16 00:00:00+05:30,25.9,284.0,25.1,1003.3,0.0,100
2024-07-16 01:00:00+05:30,24.9,280.0,25.1,1002.9,96.73871918050445,100
2024-07-16 02:00:00+05:30,23.2,282.0,25.2,1002.4,100.0,100
2024-07-16 03:00:00+05:30,23.8,280.0,25.5,1002.0,99.4301200811086,100
2024-07-16 04:00:00+05:30,25.1,282.0,25.5,1001.8,0.0,100
2024-07-16 05:00:00+05:30,25.9,280.0,25.7,1001.9,0.0,100
2024-07-16 06:00:00+05:30,23.9,288.0,25.2,1002.9,100.0,100
2024-07-16 07:00:00+05:30,22.7,290.0,25.4,1003.5,97.78441262351592,100
2024-07-16 08:00:00+05:30,25.1,283.0,27.0,1003.9,1.1954064873272252,100
2024-07-16 09:00:00+05:30,33.4,278.0,27.0,1004.6,0.35669063784881416,100
2024-07-16 10:00:00+05:30,33.3,283.0,27.2,1004.6,0.0,100
2024-07-16 11:00:00+05:30,29.7,276.0,27.9,1004.1,0.0,100
2024-07-16 12:00:00+05:30,33.9,274.0,28.7,1003.7,1.6668691558697222,100
2024-07-16 13:00:00+05:30,32.8,270.0,28.6,1003.2,0.0,100
2024-07-16 14:00:00+05:30,30.2,271.0,27.7,1002.5,0.5006989493521499,100
2024-07-16 15:00:00+05:30,26.3,273.0,27.2,1002.1,0.0,100
2024-07-16 16:00:00+05:30,27.1,274.0,27.0,1002.3,0.7078808344208076,100
2024-07-16 17:00:00+05:30,29.9,273.0,26.2,1002.8,0.6970475498789607,100
2024-07-16 18:00:00+05:30,25.2,269.0,26.6,1002.8,0.0,100
2024-07-16 19:00:00+05:30,26.5,277.0,25.9,1003.2,0.21547525665237968,100
2024-07-16 20:00:00+05:30,22.4,276.0,25.9,1003.8,95.5364088137797,100
2024-07-16 21:00:00+05:30,24.5,273.0,25.9,1004.5,100.0,100
2024-07-16 22:00:00+05:30,27.7,279.0,25.6,1004.9,0.5930955122375422,100
2024-07-16 23:00:00+05:30,25.4,282.0,25.4,1004.5,0.22525581755696603,100
2024-07-17 00:00:00+05:30,22.4,285.0,25.6,1004.1,99.49843429697245,100
2024-07-17 01:00:00+05:30,22.1,282.0,25.3,1003.1,100.0,100
2024-07-17 02:00:00+05:30,22.6,279.0,25.4,1002.6,100.0,100
2024-07-17 03:00:00+05:30,21.4,277.0,25.3,1002.2,97.54751183445735,100
2024-07-17 04:00:00+05:30,24.2,281.0,25.1,1002.8,98.95572318677941,100
2024-07-17 05:00:00+05:30,23.7,283.0,25.1,1002.8,100.0,100
2024-07-17 06:00:00+05:30,22.6,284.0,24.8,1004.0,98.335420015107,100
2024-07-17 07:00:00+05:30,21.8,286.0,24.8,1004.3,100.0,100
2024-07-17 08:00:00+05:30,28.5,280.0,25.8,1005.5,0.0,100
2024-07-17 09:00:00+05:30,24.0,283.0,25.9,1005.4,100.0,100
2024-07-17 10:00:00+05:30,28.8,286.0,26.9,1005.5,0.0,100
2024-07-17 11:00:00+05:30,27.8,280.0,27.7,1004.9,0.0,100
2024-07-17 12:00:00+05:30,26.3,279.0,28.1,1004.6,1.709653475354031,100
2024-07-17 13:00:00+05:30,29.5,272.0,28.4,1003.9,0.5998054985379777,100
2024-07-17 14:00:00+05:30,28.9,274.0,27.7,1003.3,1.926061587169657,100
2024-07-17 15:00:00+05:30,30.3,283.0,26.8,1003.5,0.0,100
2024-07-17 16:00:00+05:30,25.9,284.0,26.2,1003.3,0.27828041084908384,100
2024-07-17 17:00:00+05:30,25.5,279.0,25.8,1003.8,0.04160912746280566,100
2024-07-17 18:00:00+05:30,23.7,283.0,26.1,1003.9,99.20622145320846,100
2024-07-17 19:00:00+05:30,23.3,292.0,25.5,1004.9,100.0,100
2024-07-17 20:00:00+05:30,23.5,288.0,24.9,1005.5,96.0148890992924,100
2024-07-17 21:00:00+05:30,26.4,287.0,24.6,1006.2,0.0,100
2024-07-17 22:00:00+05:30,26.3,280.0,24.6,1006.3,0.7297107397271729,100
2024-07-17 23:00:00+05:30,23.9,282.0,24.8,1005.7,100.0,100
2024-07-18 00:00:00+05:30,25.9,291.0,24.8,1005.4,0.9803370555569396,100
2024-07-18 01:00:00+05:30,25.3,285.0,24.6,1004.1,0.6970276855038123,100
2024-07-18 02:00:00+05:30,27.6,278.0,24.4,1004.1,0.0,100
2024-07-18 03:00:00+05:30,25.8,283.0,24.3,1003.8,0.17950446994625463,100
2024-07-18 04:00:00+05:30,22.5,286.0,24.0,1003.7,96.69839592974701,100
2024-07-18 05:00:00+05:30,21.9,284.0,24.2,1003.7,100.0,100
2024-07-18 06:00:00+05:30,23.5,291.0,24.1,1004.3,97.39590738594036,100
2024-07-18 07:00:00+05:30,24.1,287.0,24.0,1005.0,100.0,100
2024-07-18 08:00:00+05:30,24.4,286.0,24.7,1005.6,98.27087364997269,100
2024-07-18 09:00:00+05:30,26.8,285.0,25.6,1005.7,1.18727795981884,100
2024-07-18 10:00:00+05:30,26.2,283.0,26.8,1005.5,0.6918127809133762,100
2024-07-18 11:00:00+05:30,29.0,281.0,27.4,1005.1,0.13976019628225556,100
2024-07-18 12:00:00+05:30,29.4,287.0,28.2,1004.3,0.9594632335997543,100
2024-07-18 13:00:00+05:30,28.9,287.0,28.6,1003.6,0.0,100
2024-07-18 14:00:00+05:30,28.4,278.0,28.6,1003.0,0.5728796050063167,100
2024-07-18 15:00:00+05:30,28.7,278.0,28.7,1002.4,0.0,100
2024-07-18 16:00:00+05:30,29.4,278.0,28.3,1002.4,0.4273278192529197,100
2024-07-18 17:00:00+05:30,26.3,280.0,27.4,1002.7,1.4872659003098687,100
2024-07-18 18:00:00+05:30,24.0,279.0,27.3,1003.3,98.96712166071237,100
2024-07-18 19:00:00+05:30,22.0,281.0,26.8,1003.9,100.0,100
2024-07-18 20:00:00+05:30,18.8,282.0,26.4,1004.9,100.0,100
2024-07-18 21:00:00+05:30,19.0,280.0,26.1,1005.2,100.0,100
2024-07-18 22:00:00+05:30,18.1,283.0,25.8,1005.1,99.21812075195906,100
2024-07-18 23:00:00+05:30,18.5,283.0,25.5,1005.0,99.75201302689028,100
2024-07-19 00:00:00+05:30,18.4,282.0,25.3,1004.5,96.99670149350175,100
2024-07-19 01:00:00+05:30,19.1,282.0,25.3,1003.9,100.0,100
2024-07-19 02:00:00+05:30,18.7,286.0,25.3,1003.3,100.0,100
2024-07-19 03:00:00+05:30,17.6,285.0,25.1,1002.7,100.0,100
2024-07-19 04:00:00+05:30,17.3,287.0,25.1,1002.9,100.0,100
2024-07-19 05:00:00+05:30,16.7,289.0,25.0,1003.1,98.97835933913034,100
2024-07-19 06:00:00+05:30,19.9,287.0,25.2,1003.1,99.71641269615425,100
2024-07-19 07:00:00+05:30,21.1,293.0,26.0,1004.1,99.49801003653964,100
2024-07-19 08:00:00+05:30,24.8,289.0,26.8,1004.3,100.0,100
2024-07-19 09:00:00+05:30,24.5,287.0,27.9,1004.3,100.0,100
2024-07-19 10:00:00+05:30,28.8,279.0,29.0,1004.3,0.0,100
2024-07-19 11:00:00+05:30,28.3,277.0,28.7,1003.9,0.0,100
2024-07-19 12:00:00+05:30,27.4,280.0,28.7,1003.6,0.5664457712468649,100
2024-07-19 13:00:00+05:30,30.3,274.0,28.7,1002.7,0.32387908340969285,100
2024-07-19 14:00:00+05:30,28.9,274.0,29.1,1002.1,1.175169052824476,100
2024-07-19 15:00:00+05:30,30.5,277.0,28.7,1001.6,0.0,100
2024-07-19 16:00:00+05:30,27.2,288.0,27.1,1001.7,0.0,100
2024-07-19 17:00:00+05:30,23.0,287.0,26.7,1001.7,94.02875763041664,100
2024-07-19 18:00:00+05:30,22.6,284.0,27.3,1002.7,100.0,100
2024-07-19 19:00:00+05:30,18.9,284.0,26.7,1003.5,100.0,100
2024-07-19 20:00:00+05:30,18.3,286.0,26.3,1003.9,100.0,100
2024-07-19 21:00:00+05:30,19.2,275.0,25.8,1004.7,100.0,100
2024-07-19 22:00:00+05:30,18.1,283.0,25.6,1004.9,100.0,100
2024-07-19 23:00:00+05:30,18.9,284.0,25.2,1004.5,99.65430764447434,100
2024-07-20 00:00:00+05:30,18.1,283.0,25.2,1003.8,97.11472800882582,100
2024-07-20 01:00:00+05:30,18.4,281.0,24.8,1003.3,100.0,100
2024-07-20 02:00:00+05:30,17.0,287.0,24.9,1002.7,98.24107681543151,100
2024-07-20 03:00:00+05:30,17.9,280.0,25.1,1002.5,100.0,100
2024-07-20 04:00:00+05:30,19.2,278.0,25.0,1002.7,100.0,100
2024-07-20 05:00:00+05:30,18.4,287.0,24.9,1003.2,97.8873094619198,100
2024-07-20 06:00:00+05:30,17.9,285.0,25.3,1003.2,100.0,100
2024-07-20 07:00:00+05:30,18.0,286.0,25.8,1004.0,99.68554449460656,100
2024-07-20 08:00:00+05:30,19.5,286.0,26.2,1004.9,100.0,100
2024-07-20 09:00:00+05:30,19.9,283.0,26.9,1005.3,99.4156423499115,100
2024-07-20 10:00:00+05:30,19.5,274.0,27.4,1005.0,100.0,100
2024-07-20 11:00:00+05:30,22.0,274.0,28.3,1004.6,99.35864201362057,100
2024-07-20 12:00:00+05:30,22.7,267.0,28.8,1004.1,99.24593484218315,100
2024-07-20 13:00:00+05:30,25.6,268.0,29.5,1003.7,0.36162630391520406,100
2024-07-20 14:00:00+05:30,26.3,268.0,29.2,1002.8,0.0,100
2024-07-20 15:00:00+05:30,27.7,270.0,29.3,1002.1,0.0,100
2024-07-20 16:00:00+05:30,28.4,270.0,28.9,1002.0,0.216921171381151,100
2024-07-20 17:00:00+05:30,25.1,277.0,27.8,1002.1,1.9460546565266974,100
2024-07-20 18:00:00+05:30,19.5,268.0,27.5,1003.1,100.0,100
2024-07-20 19:00:00+05:30,18.0,270.0,26.9,1004.1,100.0,100
2024-07-20 20:00:00+05:30,17.0,276.0,26.4,1004.8,98.04555591049612,100
2024-07-20 21:00:00+05:30,15.8,282.0,26.1,1005.3,96.25797459621062,100
2024-07-20 22:00:00+05:30,14.9,290.0,25.9,1005.3,100.0,100
2024-07-20 23:00:00+05:30,14.9,290.0,25.7,1005.4,97.32312716375773,100
2024-07-21 00:00:00+05:30,13.9,291.0,25.2,1005.0,99.43319051742704,100
2024-07-21 01:00:00+05:30,15.7,290.0,25.4,1004.5,100.0,100
2024-07-21 02:00:00+05:30,15.0,291.0,25.2,1003.8,99.56628045016663,100
2024-07-21 03:00:00+05:30,16.4,289.0,25.1,1003.6,98.67226365924067,100
2024-07-21 04:00:00+05:30,16.7,284.0,24.9,1003.8,100.0,100
2024-07-21 05:00:00+05:30,17.1,285.0,25.0,1004.0,100.0,100
2024-07-21 06:00:00+05:30,17.1,278.0,25.4,1004.0,100.0,100
2024-07-21 07:00:00+05:30,19.4,280.0,26.3,1004.7,100.0,100
2024-07-21 08:00:00+05:30,21.2,280.0,27.3,1005.2,100.0,100
2024-07-21 09:00:00+05:30,23.8,274.0,28.5,1005.5,100.0,100
2024-07-21 10:00:00+05:30,26.3,268.0,29.4,1005.5,0.02528808534218612,100
2024-07-21 11:00:00+05:30,28.3,263.0,30.0,1005.3,0.0456753167620839,100
2024-07-21 12:00:00+05:30,29.1,261.0,30.0,1004.5,1.7599854691845815,100
2024-07-21 13:00:00+05:30,28.1,266.0,30.5,1003.9,0.0,100
2024-07-21 14:00:00+05:30,27.5,265.0,30.2,1003.3,0.0,100
2024-07-21 15:00:00+05:30,26.0,265.0,29.7,1003.1,0.7987690002955935,100
2024-07-21 16:00:00+05:30,25.7,264.0,29.1,1003.1,0.0,100
2024-07-21 17:00:00+05:30,24.0,261.0,28.2,1003.4,97.53312906414116,100
2024-07-21 18:00:00+05:30,19.8,258.0,27.0,1004.3,100.0,100
2024-07-21 19:00:00+05:30,18.4,264.0,26.5,1005.3,100.0,100
2024-07-21 20:00:00+05:30,16.6,268.0,26.5,1006.2,100.0,100
2024-07-21 21:00:00+05:30,16.6,271.0,26.3,1006.5,99.44315190848934,100
2024-07-21 22:00:00+05:30,17.3,272.0,26.1,1006.5,100.0,100
2024-07-21 23:00:00+05:30,17.8,278.0,25.7,1006.3,100.0,100
2024-07-22 00:00:00+05:30,17.5,278.0,25.6,1006.1,100.0,100
2024-07-22 01:00:00+05:30,19.1,274.0,25.8,1005.5,98.73707890304534,100
2024-07-22 02:00:00+05:30,19.4,271.0,25.5,1005.1,99.87015253235234,100
2024-07-22 03:00:00+05:30,21.3,273.0,25.1,1005.0,100.0,100
2024-07-22 04:00:00+05:30,20.3,283.0,25.0,1005.1,100.0,100
2024-07-22 05:00:00+05:30,21.7,281.0,24.9,1005.6,98.80837839574963,100
2024-07-22 06:00:00+05:30,22.7,280.0,25.3,1005.4,98.61453193044882,100
2024-07-22 07:00:00+05:30,27.6,282.0,25.6,1006.5,2.3133734367823306,100
2024-07-22 08:00:00+05:30,15.6,278.0,25.5,1007.3,100.0,100
2024-07-22 09:00:00+05:30,21.6,288.0,25.3,1007.8,100.0,100
2024-07-22 10:00:00+05:30,23.6,286.0,27.4,1007.7,100.0,100
2024-07-22 11:00:00+05:30,24.1,279.0,28.7,1007.1,96.06868834852274,100
2024-07-22 12:00:00+05:30,26.4,275.0,29.7,1006.3,0.0,100
2024-07-22 13:00:00+05:30,28.8,269.0,29.8,1005.7,0.343617954861203,100
2024-07-22 14:00:00+05:30,29.9,269.0,29.6,1004.8,1.3533439022755172,100
2024-07-22 15:00:00+05:30,28.4,270.0,29.2,1004.3,0.0,100
2024-07-22 16:00:00+05:30,28.4,271.0,28.6,1004.4,0.0,100
2024-07-22 17:00:00+05:30,23.8,267.0,27.9,1004.7,99.35443392966745,100
2024-07-22 18:00:00+05:30,16.2,267.0,27.1,1005.8,99.08115699593944,100
2024-07-22 19:00:00+05:30,16.6,274.0,26.5,1006.6,100.0,100
2024-07-22 20:00:00+05:30,16.2,273.0,26.1,1007.4,97.46802113839573,100
2024-07-22 21:00:00+05:30,15.5,271.0,26.0,1007.9,99.12815205554175,100
2024-07-22 22:00:00+05:30,15.9,274.0,25.9,1008.1,100.0,100
2024-07-22 23:00:00+05:30,17.1,277.0,25.7,1007.8,98.34538222773224,100
2024-07-23 00:00:00+05:30,17.0,276.0,25.7,1007.2,99.52743066827384,100
2024-07-23 01:00:00+05:30,17.0,275.0,25.8,1006.8,99.7751768395576,100
2024-07-23 02:00:00+05:30,17.0,274.0,25.7,1006.4,100.0,100
2024-07-23 03:00:00+05:30,17.7,274.0,25.7,1006.3,98.12592585823516,100
2024-07-23 04:00:00+05:30,17.6,271.0,25.7,1006.3,98.51520147586662,100
2024-07-23 05:00:00+05:30,17.3,268.0,25.7,1006.3,97.35130810195382,100
2024-07-23 06:00:00+05:30,17.7,272.0,25.5,1006.8,100.0,100
2024-07-23 07:00:00+05:30,18.5,278.0,26.3,1007.3,99.91142818534301,100
2024-07-23 08:00:00+05:30,18.5,277.0,27.3,1007.4,100.0,100
2024-07-23 09:00:00+05:30,20.9,269.0,28.6,1007.5,98.47973331689327,100
2024-07-23 10:00:00+05:30,24.1,271.0,28.7,1007.7,100.0,100
2024-07-23 11:00:00+05:30,23.9,264.0,29.3,1007.3,95.70010708044636,100
2024-07-23 12:00:00+05:30,26.2,262.0,29.3,1006.8,1.361769040312075,100
2024-07-23 13:00:00+05:30,25.4,258.0,29.1,1006.1,1.6031775301898081,100
2024-07-23 14:00:00+05:30,27.2,259.0,29.0,1005.3,1.2613530357001521,100
2024-07-23 15:00:00+05:30,27.2,262.0,28.7,1004.8,0.34112996727232314,100
2024-07-23 16:00:00+05:30,27.1,265.0,28.3,1004.5,0.0,100
2024-07-23 17:00:00+05:30,25.6,268.0,27.8,1004.5,0.8365400368006866,100
2024-07-23 18:00:00+05:30,20.8,256.0,26.9,1004.9,97.02585243923058,100
2024-07-23 19:00:00+05:30,20.1,260.0,26.4,1005.7,100.0,100
2024-07-23 20:00:00+05:30,19.5,266.0,26.2,1006.5,99.8466476549889,100
2024-07-23 21:00:00+05:30,17.6,271.0,26.2,1007.1,100.0,100
2024-07-23 22:00:00+05:30,18.0,271.0,26.1,1007.4,100.0,100
2024-07-23 23:00:00+05:30,16.9,271.0,25.9,1007.3,98.28080517857504,100
2024-07-24 00:00:00+05:30,17.3,275.0,25.8,1007.0,100.0,100
2024-07-24 01:00:00+05:30,17.3,274.0,25.7,1006.3,100.0,100
2024-07-24 02:00:00+05:30,16.6,274.0,25.6,1005.9,97.80292655547042,100
2024-07-24 03:00:00+05:30,17.0,274.0,25.6,1005.7,100.0,100
2024-07-24 04:00:00+05:30,17.3,272.0,25.7,1005.6,95.02160495154517,100
2024-07-24 05:00:00+05:30,18.1,276.0,25.6,1005.5,98.77460050816597,100
2024-07-24 06:00:00+05:30,15.6,285.0,25.4,1004.9,100.0,100
2024-07-24 07:00:00+05:30,16.4,285.0,26.3,1005.1,100.0,100
2024-07-24 08:00:00+05:30,15.2,274.0,27.3,1005.5,100.0,100
2024-07-24 09:00:00+05:30,22.4,274.0,28.9,1005.7,100.0,100
2024-07-24 10:00:00+05:30,23.0,271.0,29.6,1005.5,100.0,100
2024-07-24 11:00:00+05:30,24.9,266.0,29.9,1005.0,96.95380772296951,100
2024-07-24 12:00:00+05:30,24.6,263.0,29.9,1004.2,98.45391746056553,100
2024-07-24 13:00:00+05:30,25.7,264.0,29.7,1003.5,0.0,100
2024-07-24 14:00:00+05:30,26.0,265.0,29.6,1003.0,0.9771845678004856,100
2024-07-24 15:00:00+05:30,26.7,268.0,29.4,1002.4,0.0,100
2024-07-24 16:00:00+05:30,25.6,269.0,28.6,1002.2,0.0,100
2024-07-24 17:00:00+05:30,27.8,273.0,28.2,1002.3,0.0,100
2024-07-24 18:00:00+05:30,20.4,262.0,27.8,1002.4,100.0,100
2024-07-24 19:00:00+05:30,19.9,265.0,27.4,1003.1,99.52086287660757,100
2024-07-24 20:00:00+05:30,19.5,266.0,27.0,1004.0,100.0,100
2024-07-24 21:00:00+05:30,17.7,266.0,26.6,1004.9,97.62453186801372,100
2024-07-24 22:00:00+05:30,15.8,271.0,26.4,1005.4,100.0,100
2024-07-24 23:00:00+05:30,14.8,271.0,26.2,1005.3,98.66010197350914,100
2024-07-25 00:00:00+05:30,16.7,277.0,25.8,1004.7,100.0,100
2024-07-25 01:00:00+05:30,19.5,275.0,25.7,1004.4,97.48268669939863,100
2024-07-25 02:00:00+05:30,22.8,275.0,25.7,1003.9,100.0,100
2024-07-25 03:00:00+05:30,21.0,276.0,25.7,1003.3,100.0,100
2024-07-25 04:00:00+05:30,21.0,282.0,25.6,1003.4,100.0,100
2024-07-25 05:00:00+05:30,22.8,276.0,25.4,1003.3,97.64973924146652,100
2024-07-25 06:00:00+05:30,18.9,284.0,25.4,1003.4,97.24003866296395,100
2024-07-25 07:00:00+05:30,18.9,283.0,26.2,1003.5,99.56561279788178,100
2024-07-25 08:00:00+05:30,21.8,279.0,27.5,1004.5,100.0,100
2024-07-25 09:00:00+05:30,24.0,279.0,27.6,1004.7,98.51525753289974,100
2024-07-25 10:00:00+05:30,26.4,276.0,28.4,1004.5,0.0,100
2024-07-25 11:00:00+05:30,28.5,274.0,29.4,1004.3,0.31935978795326175,100
2024-07-25 12:00:00+05:30,30.3,273.0,29.7,1003.7,2.3141806391754303,100
2024-07-25 13:00:00+05:30,30.2,271.0,29.7,1003.1,0.0,100
2024-07-25 14:00:00+05:30,31.4,273.0,29.5,1002.5,0.37089808012645453,100
2024-07-25 15:00:00+05:30,30.2,270.0,29.5,1002.3,0.0,100
2024-07-25 16:00:00+05:30,28.4,271.0,28.9,1002.3,0.0,100
2024-07-25 17:00:00+05:30,24.5,272.0,28.1,1002.4,100.0,100
2024-07-25 18:00:00+05:30,21.0,275.0,27.6,1002.8,100.0,100
2024-07-25 19:00:00+05:30,17.8,284.0,26.7,1003.6,99.4868714295312,100
2024-07-25 20:00:00+05:30,19.5,282.0,26.1,1004.4,99.31983664771235,100
2024-07-25 21:00:00+05:30,23.9,282.0,25.3,1005.5,99.09978497192476,100
2024-07-25 22:00:00+05:30,24.3,295.0,24.8,1005.7,95.03648235505447,100
2024-07-25 23:00:00+05:30,22.2,297.0,24.5,1005.3,98.13726955999655,100
2024-07-26 00:00:00+05:30,19.8,289.0,24.4,1004.6,96.70966125437559,100
2024-07-26 01:00:00+05:30,21.1,284.0,24.7,1004.1,100.0,100
2024-07-26 02:00:00+05:30,22.5,282.0,24.7,1003.1,99.29939636653208,100
2024-07-26 03:00:00+05:30,23.5,288.0,24.6,1003.0,98.09918080796376,100
2024-07-26 04:00:00+05:30,22.0,288.0,24.3,1003.2,94.90752963446985,100
2024-07-26 05:00:00+05:30,22.3,288.0,24.5,1003.2,100.0,100
2024-07-26 06:00:00+05:30,21.2,285.0,25.4,1003.3,100.0,100
2024-07-26 07:00:00+05:30,21.5,288.0,26.1,1003.5,97.32453731672766,100
2024-07-26 08:00:00+05:30,21.0,283.0,27.2,1004.2,100.0,100
2024-07-26 09:00:00+05:30,28.4,282.0,28.0,1005.2,0.0,100
2024-07-26 10:00:00+05:30,27.8,275.0,28.6,1005.6,0.0,100
2024-07-26 11:00:00+05:30,30.5,277.0,29.2,1004.7,1.5418747365723435,100
2024-07-26 12:00:00+05:30,30.7,274.0,29.2,1004.0,0.0,100
2024-07-26 13:00:00+05:30,32.5,275.0,29.1,1003.3,0.0,100
2024-07-26 14:00:00+05:30,32.9,276.0,29.7,1002.5,1.8001506148711155,100
2024-07-26 15:00:00+05:30,32.3,277.0,29.2,1002.5,0.0,100
2024-07-26 16:00:00+05:30,28.3,277.0,28.2,1002.4,0.6151737755665818,100
2024-07-26 17:00:00+05:30,24.5,280.0,27.6,1002.4,98.29838404868303,100
2024-07-26 18:00:00+05:30,22.1,282.0,27.2,1002.9,97.49874369038535,100
2024-07-26 19:00:00+05:30,20.3,287.0,26.9,1003.5,100.0,100
2024-07-26 20:00:00+05:30,18.9,288.0,27.1,1004.3,97.4953561235365,100
2024-07-26 21:00:00+05:30,17.1,292.0,27.1,1004.8,100.0,100
2024-07-26 22:00:00+05:30,14.9,290.0,26.7,1005.5,98.62780082516464,100
2024-07-26 23:00:00+05:30,13.8,279.0,26.6,1005.4,99.74549399771445,100
2024-07-27 00:00:00+05:30,14.7,281.0,26.4,1005.5,100.0,100
2024-07-27 01:00:00+05:30,14.7,281.0,26.1,1004.4,100.0,100
2024-07-27 02:00:00+05:30,15.1,282.0,25.9,1003.7,100.0,100
2024-07-27 03:00:00+05:30,16.4,285.0,25.6,1003.5,100.0,100
2024-07-27 04:00:00+05:30,16.4,285.0,25.5,1003.7,98.32214522751215,100
2024-07-27 05:00:00+05:30,19.1,286.0,25.4,1003.6,100.0,100
2024-07-27 06:00:00+05:30,18.1,283.0,26.0,1003.7,99.51157592795632,100
2024-07-27 07:00:00+05:30,20.8,288.0,26.6,1004.5,100.0,100
2024-07-27 08:00:00+05:30,18.9,279.0,27.5,1005.1,0.0,100
2024-07-27 09:00:00+05:30,25.3,287.0,28.4,1005.2,0.0,100
2024-07-27 10:00:00+05:30,25.3,287.0,29.6,1004.7,0.14492813397185764,100
2024-07-27 11:00:00+05:30,27.9,285.0,30.0,1004.1,1.5395003729686008,100
2024-07-27 12:00:00+05:30,31.4,283.0,30.1,1003.5,0.5950973507412685,100
2024-07-27 13:00:00+05:30,30.7,280.0,29.6,1003.4,0.0,100
2024-07-27 14:00:00+05:30,31.1,280.0,28.4,1003.4,0.2821497597391497,100
2024-07-27 15:00:00+05:30,27.4,284.0,28.3,1002.7,0.0,100
2024-07-27 16:00:00+05:30,28.7,285.0,28.5,1002.5,0.948929175922547,100
2024-07-27 17:00:00+05:30,22.8,282.0,27.4,1003.4,98.69726741841997,100
2024-07-27 18:00:00+05:30,20.7,278.0,27.9,1002.8,99.91544631711999,100
2024-07-27 19:00:00+05:30,20.4,279.0,27.5,1003.7,100.0,100
2024-07-27 20:00:00+05:30,20.8,288.0,26.8,1004.8,100.0,100
2024-07-27 21:00:00+05:30,20.6,289.0,26.3,1005.3,100.0,100
2024-07-27 22:00:00+05:30,21.8,286.0,26.0,1005.0,100.0,100
2024-07-27 23:00:00+05:30,22.1,282.0,25.8,1005.4,99.77597625174329,100
2024-07-28 00:00:00+05:30,22.9,283.0,25.7,1004.7,100.0,100
2024-07-28 01:00:00+05:30,24.7,283.0,25.5,1003.8,96.81647948499197,100
2024-07-28 02:00:00+05:30,25.6,272.0,25.6,1003.6,0.0,100
2024-07-28 03:00:00+05:30,23.8,280.0,25.6,1003.1,100.0,100
2024-07-28 04:00:00+05:30,25.7,281.0,25.5,1003.2,0.3067515841518477,100
2024-07-28 05:00:00+05:30,27.5,281.0,25.2,1003.6,0.8038729373977224,100
2024-07-28 06:00:00+05:30,26.7,284.0,25.4,1003.2,0.0,100
2024-07-28 07:00:00+05:30,24.5,287.0,26.0,1003.7,95.20604922924207,100
2024-07-28 08:00:00+05:30,23.0,279.0,26.7,1004.6,100.0,100
2024-07-28 09:00:00+05:30,22.0,274.0,27.5,1004.9,100.0,100
2024-07-28 10:00:00+05:30,22.0,275.0,27.0,1004.4,100.0,100
2024-07-28 11:00:00+05:30,23.8,280.0,27.0,1004.1,100.0,100
2024-07-28 12:00:00+05:30,29.4,281.0,27.7,1003.7,1.0812400685546615,100
2024-07-28 13:00:00+05:30,30.2,271.0,28.8,1002.8,0.10025867410445725,100
2024-07-28 14:00:00+05:30,29.5,269.0,28.3,1002.2,1.7410824713077409,100
2024-07-28 15:00:00+05:30,32.1,273.0,28.2,1001.2,0.3016439856559748,100
2024-07-28 16:00:00+05:30,27.8,275.0,26.7,1001.5,1.9422550766317102,100
2024-07-28 17:00:00+05:30,27.6,277.0,25.1,1002.1,0.6547502909239812,100
2024-07-28 18:00:00+05:30,23.1,285.0,26.0,1001.5,100.0,100
2024-07-28 19:00:00+05:30,20.0,278.0,25.8,1002.2,98.02627929666833,100
2024-07-28 20:00:00+05:30,21.7,276.0,25.7,1003.2,100.0,100
2024-07-28 21:00:00+05:30,22.1,276.0,25.6,1003.4,99.3007886287169,100
2024-07-28 22:00:00+05:30,22.3,284.0,25.3,1003.7,96.86529918438548,100
2024-07-28 23:00:00+05:30,22.5,283.0,25.2,1003.6,94.34669090234394,100
2024-07-29 00:00:00+05:30,22.7,285.0,25.0,1002.7,100.0,100
2024-07-29 01:00:00+05:30,23.0,280.0,25.0,1002.1,97.3414324089175,100
2024-07-29 02:00:00+05:30,23.3,283.0,24.9,1001.6,98.13003570133066,100
2024-07-29 03:00:00+05:30,24.1,279.0,24.8,1001.1,100.0,100
2024-07-29 04:00:00+05:30,25.0,282.0,24.7,1001.0,99.05152361166091,100
2024-07-29 05:00:00+05:30,24.6,275.0,24.9,1001.5,100.0,100
2024-07-29 06:00:00+05:30,23.5,276.0,25.2,1001.4,96.18060672211116,100
2024-07-29 07:00:00+05:30,25.6,272.0,25.4,1002.3,0.2274430468231295,100
2024-07-29 08:00:00+05:30,25.7,276.0,25.6,1003.2,0.0,100
2024-07-29 09:00:00+05:30,27.7,271.0,26.2,1003.4,0.0,100
2024-07-29 10:00:00+05:30,28.9,274.0,26.8,1003.4,0.0,100
2024-07-29 11:00:00+05:30,32.1,274.0,27.1,1003.0,0.0,100
2024-07-29 12:00:00+05:30,32.6,276.0,26.9,1002.4,1.4772890392068536,100
2024-07-29 13:00:00+05:30,30.1,277.0,27.1,1001.8,0.0,100
2024-07-29 14:00:00+05:30,27.5,275.0,26.5,1001.1,0.0,100
2024-07-29 15:00:00+05:30,29.1,278.0,26.4,1000.9,0.0010894554050928625,100
2024-07-29 16:00:00+05:30,25.3,275.0,25.9,1001.1,1.4469239362992148,100
2024-07-29 17:00:00+05:30,25.6,272.0,25.7,1001.6,0.0,100
2024-07-29 18:00:00+05:30,20.2,275.0,26.3,1001.5,100.0,100
2024-07-29 19:00:00+05:30,21.7,275.0,26.0,1002.4,97.80920796839533,100
2024-07-29 20:00:00+05:30,20.6,282.0,25.5,1003.5,100.0,100
2024-07-29 21:00:00+05:30,21.0,282.0,25.2,1004.4,100.0,100
2024-07-29 22:00:00+05:30,20.3,282.0,24.9,1004.8,100.0,100
2024-07-29 23:00:00+05:30,18.9,283.0,24.6,1004.3,100.0,100
2024-07-30 00:00:00+05:30,20.4,279.0,24.3,1004.2,100.0,100
2024-07-30 01:00:00+05:30,21.0,275.0,24.3,1003.7,100.0,100
2024-07-30 02:00:00+05:30,21.3,281.0,24.1,1003.7,100.0,100
2024-07-30 03:00:00+05:30,22.1,276.0,24.1,1003.3,99.62336250548819,100
2024-07-30 04:00:00+05:30,20.9,281.0,23.9,1003.3,96.30401572868435,100
2024-07-30 05:00:00+05:30,21.8,279.0,24.1,1004.0,100.0,100
2024-07-30 06:00:00+05:30,21.1,290.0,24.1,1004.3,99.35301244262048,100
2024-07-30 07:00:00+05:30,24.8,287.0,24.4,1004.5,97.02496433604985,100
2024-07-30 08:00:00+05:30,22.7,288.0,25.2,1004.9,98.37793140432285,100
2024-07-30 09:00:00+05:30,25.0,285.0,25.3,1005.3,98.55018912660029,100
2024-07-30 10:00:00+05:30,26.8,281.0,26.4,1005.0,0.0,100
2024-07-30 11:00:00+05:30,32.9,288.0,28.2,1004.7,0.0,100
2024-07-30 12:00:00+05:30,31.5,284.0,29.2,1004.0,0.7771831576772411,100
2024-07-30 13:00:00+05:30,32.0,278.0,30.0,1003.3,0.0,100
2024-07-30 14:00:00+05:30,30.4,276.0,29.8,1003.1,0.0,100
2024-07-30 15:00:00+05:30,30.2,279.0,29.1,1002.9,0.2552405398042763,100
2024-07-30 16:00:00+05:30,27.9,276.0,28.4,1003.1,0.7749839774734854,100
2024-07-30 17:00:00+05:30,25.9,284.0,27.1,1003.5,2.4920175419429733,100
2024-07-30 18:00:00+05:30,23.2,282.0,26.6,1003.8,98.46740997216732,100
2024-07-30 19:00:00+05:30,22.1,286.0,26.1,1004.2,96.14748959357024,100
2024-07-30 20:00:00+05:30,21.2,285.0,25.9,1004.9,98.7459807465253,100
2024-07-30 21:00:00+05:30,21.4,283.0,25.7,1005.8,100.0,100
2024-07-30 22:00:00+05:30,20.9,281.0,25.6,1006.3,100.0,100
2024-07-30 23:00:00+05:30,21.0,282.0,25.5,1006.3,93.12819894635842,100
2024-07-31 00:00:00+05:30,21.5,284.0,25.3,1005.9,100.0,100
2024-07-31 01:00:00+05:30,21.4,287.0,25.3,1005.6,98.00985061249037,100
2024-07-31 02:00:00+05:30,21.8,283.0,25.1,1005.3,100.0,100
2024-07-31 03:00:00+05:30,20.8,280.0,25.0,1004.8,100.0,100
2024-07-31 04:00:00+05:30,21.1,284.0,25.0,1005.0,98.76883099189531,100
2024-07-31 05:00:00+05:30,22.0,281.0,25.0,1005.5,100.0,100
2024-07-31 06:00:00+05:30,20.3,282.0,25.0,1005.7,100.0,100
2024-07-31 07:00:00+05:30,22.3,284.0,25.5,1006.4,98.23467520745201,100
2024-07-31 08:00:00+05:30,21.4,287.0,26.8,1006.4,98.7645059271631,100
2024-07-31 09:00:00+05:30,29.5,278.0,28.1,1006.8,0.0,100
2024-07-31 10:00:00+05:30,29.8,278.0,29.1,1006.8,0.0,100
2024-07-31 11:00:00+05:30,30.0,276.0,29.4,1006.2,0.0,100
2024-07-31 12:00:00+05:30,29.7,276.0,30.1,1005.5,0.06158949720639633,100
2024-07-31 13:00:00+05:30,28.2,276.0,29.7,1005.2,0.0,100
2024-07-31 14:00:00+05:30,29.0,276.0,29.7,1004.6,0.0,100
2024-07-31 15:00:00+05:30,29.7,277.0,29.2,1004.1,0.0,100
2024-07-31 16:00:00+05:30,26.1,281.0,28.6,1003.9,0.0,100
2024-07-31 17:00:00+05:30,26.1,276.0,27.6,1004.3,0.05331591033607633,100
2024-07-31 18:00:00+05:30,23.0,279.0,27.0,1005.1,98.4659611573446,100
2024-07-31 19:00:00+05:30,21.5,288.0,26.1,1005.2,97.07007604974144,100
2024-07-31 20:00:00+05:30,21.3,276.0,25.7,1006.0,100.0,100
2024-07-31 21:00:00+05:30,19.2,276.0,25.4,1007.0,96.08811512913334,100
2024-07-31 22:00:00+05:30,19.7,278.0,25.3,1007.3,100.0,100
2024-07-31 23:00:00+05:30,19.1,272.0,25.1,1007.1,99.5838228250684,100
2024-08-01 00:00:00+05:30,20.1,279.0,25.1,1006.5,97.21781125646187,100
2024-08-01 01:00:00+05:30,20.4,279.0,25.1,1005.5,100.0,100
2024-08-01 02:00:00+05:30,20.4,284.0,24.8,1004.6,100.0,100
2024-08-01 03:00:00+05:30,19.5,282.0,24.9,1004.4,99.29913697279027,100
2024-08-01 04:00:00+05:30,19.7,279.0,24.9,1005.0,100.0,100
2024-08-01 05:00:00+05:30,19.8,280.0,24.9,1005.3,97.23240902378588,100
2024-08-01 06:00:00+05:30,18.8,277.0,25.4,1005.2,100.0,100
2024-08-01 07:00:00+05:30,21.0,276.0,26.4,1005.9,98.30508586026181,100
2024-08-01 08:00:00+05:30,24.9,273.0,27.1,1006.9,99.69247126805703,100
2024-08-01 09:00:00+05:30,27.4,270.0,27.1,1007.8,0.0,100
2024-08-01 10:00:00+05:30,27.4,273.0,27.6,1007.1,0.6846460183903835,100
2024-08-01 11:00:00+05:30,25.3,265.0,29.1,1006.2,0.0,100
2024-08-01 12:00:00+05:30,26.2,254.0,29.1,1005.6,0.7815592899304378,100
2024-08-01 13:00:00+05:30,27.5,256.0,29.2,1005.0,0.0,100
2024-08-01 14:00:00+05:30,31.3,258.0,28.3,1004.7,0.08319074272838782,100
2024-08-01 15:00:00+05:30,29.7,264.0,28.1,1004.2,0.0,100
2024-08-01 16:00:00+05:30,26.5,263.0,27.8,1004.4,0.0,100
2024-08-01 17:00:00+05:30,24.1,268.0,27.2,1005.1,97.77802353338814,100
2024-08-01 18:00:00+05:30,23.3,261.0,27.0,1004.9,98.57533775343506,100
2024-08-01 19:00:00+05:30,23.1,266.0,26.7,1005.5,98.61962908626128,100
2024-08-01 20:00:00+05:30,22.7,269.0,26.5,1006.0,100.0,100
2024-08-01 21:00:00+05:30,23.0,271.0,26.1,1006.9,99.6814184917931,100
2024-08-01 22:00:00+05:30,21.0,275.0,26.0,1007.5,100.0,100
2024-08-01 23:00:00+05:30,20.7,278.0,26.0,1007.2,96.01019933585708,100
2024-08-02 00:00:00+05:30,19.9,275.0,25.5,1006.4,97.68875565675859,100
2024-08-02 01:00:00+05:30,20.2,267.0,25.0,1006.0,95.97724058785381,100
2024-08-02 02:00:00+05:30,20.9,272.0,24.8,1005.8,100.0,100
2024-08-02 03:00:00+05:30,28.5,274.0,24.5,1006.0,0.0,100
2024-08-02 04:00:00+05:30,21.2,271.0,24.1,1005.9,99.5015080675867,100
2024-08-02 05:00:00+05:30,19.9,276.0,24.2,1005.9,97.69552984013774,100
2024-08-02 06:00:00+05:30,21.1,278.0,25.4,1005.9,99.82607017340882,100
2024-08-02 07:00:00+05:30,21.6,281.0,25.7,1006.3,100.0,100
2024-08-02 08:00:00+05:30,23.4,284.0,26.5,1006.8,100.0,100
2024-08-02 09:00:00+05:30,27.3,282.0,27.5,1007.2,0.46305227426945317,100
2024-08-02 10:00:00+05:30,28.7,282.0,28.2,1006.7,0.19033232730135113,100
2024-08-02 11:00:00+05:30,26.1,277.0,29.7,1005.8,0.0,100
2024-08-02 12:00:00+05:30,27.1,275.0,30.2,1005.0,1.1751704156690141,100
2024-08-02 13:00:00+05:30,27.7,269.0,29.8,1004.5,0.0,100
2024-08-02 14:00:00+05:30,28.2,264.0,29.7,1003.6,0.15541388882916274,100
2024-08-02 15:00:00+05:30,29.4,263.0,29.0,1003.1,1.2461274841277725,100
2024-08-02 16:00:00+05:30,29.7,264.0,28.3,1002.9,0.8822017362524917,100
2024-08-02 17:00:00+05:30,28.1,268.0,27.5,1003.4,0.0,100
2024-08-02 18:00:00+05:30,24.1,272.0,27.1,1003.7,100.0,100
2024-08-02 19:00:00+05:30,22.0,272.0,26.6,1004.2,100.0,100
2024-08-02 20:00:00+05:30,23.0,270.0,26.2,1005.1,100.0,100
2024-08-02 21:00:00+05:30,23.8,274.0,25.9,1006.1,100.0,100
2024-08-02 22:00:00+05:30,23.2,277.0,26.0,1006.7,100.0,100
2024-08-02 23:00:00+05:30,23.4,280.0,26.0,1006.5,99.91526024360161,100
2024-08-03 00:00:00+05:30,23.2,283.0,25.8,1005.9,98.2462815934553,100
2024-08-03 01:00:00+05:30,22.9,277.0,25.6,1005.3,100.0,100
2024-08-03 02:00:00+05:30,24.1,279.0,25.6,1004.9,100.0,100
2024-08-03 03:00:00+05:30,24.5,280.0,25.4,1004.7,98.44425776890859,100
2024-08-03 04:00:00+05:30,22.0,281.0,25.3,1004.8,100.0,100
2024-08-03 05:00:00+05:30,19.1,282.0,25.3,1004.6,100.0,100
2024-08-03 06:00:00+05:30,18.1,276.0,25.6,1005.2,100.0,100
2024-08-03 07:00:00+05:30,18.2,278.0,26.7,1005.8,97.07970147787175,100
2024-08-03 08:00:00+05:30,17.3,271.0,27.8,1006.5,98.85541080862866,100
2024-08-03 09:00:00+05:30,20.2,272.0,29.1,1007.0,95.00170016517829,100
2024-08-03 10:00:00+05:30,25.1,277.0,30.3,1006.7,0.0,100
2024-08-03 11:00:00+05:30,23.8,273.0,30.8,1006.3,100.0,100
2024-08-03 12:00:00+05:30,26.6,272.0,31.1,1005.7,0.8842624176180881,100
2024-08-03 13:00:00+05:30,25.9,268.0,30.8,1005.0,1.8084858621157573,100
2024-08-03 14:00:00+05:30,27.4,268.0,30.9,1003.9,0.4399973223784168,100
2024-08-03 15:00:00+05:30,29.5,270.0,30.3,1003.5,1.0061079659554486,100
2024-08-03 16:00:00+05:30,29.2,272.0,29.5,1003.5,0.19254878217053975,100
2024-08-03 17:00:00+05:30,27.6,277.0,28.4,1004.0,0.27046721042988836,100
2024-08-03 18:00:00+05:30,26.6,271.0,27.2,1004.4,0.0,100
2024-08-03 19:00:00+05:30,24.5,273.0,26.7,1005.1,99.5571884159594,100
2024-08-03 20:00:00+05:30,22.2,278.0,26.8,1006.0,100.0,100
2024-08-03 21:00:00+05:30,21.3,276.0,26.6,1007.2,100.0,100
2024-08-03 22:00:00+05:30,23.8,274.0,26.4,1007.8,99.09202969165544,100
2024-08-03 23:00:00+05:30,26.7,284.0,26.1,1007.6,0.44210183188998886,100
2024-08-04 00:00:00+05:30,21.7,285.0,25.8,1006.3,98.69944637808953,100
2024-08-04 01:00:00+05:30,24.2,281.0,25.4,1006.2,99.94277076447932,100
2024-08-04 02:00:00+05:30,22.8,282.0,25.3,1005.2,100.0,100
2024-08-04 03:00:00+05:30,23.4,284.0,25.1,1004.6,100.0,100
2024-08-04 04:00:00+05:30,23.3,287.0,25.0,1004.7,94.48888841044307,100
2024-08-04 05:00:00+05:30,22.8,286.0,24.9,1005.2,97.27685804689912,100
2024-08-04 06:00:00+05:30,22.3,291.0,25.8,1005.2,100.0,100
2024-08-04 07:00:00+05:30,21.0,286.0,26.7,1005.9,99.00609052258858,100
2024-08-04 08:00:00+05:30,25.0,288.0,27.9,1006.4,100.0,100
2024-08-04 09:00:00+05:30,26.6,289.0,29.3,1006.5,0.17250010692566214,100
2024-08-04 10:00:00+05:30,26.1,290.0,30.7,1006.4,0.0,100
2024-08-04 11:00:00+05:30,26.6,293.0,31.9,1005.7,0.31223910525045484,100
2024-08-04 12:00:00+05:30,26.1,288.0,33.1,1004.7,0.0,100
2024-08-04 13:00:00+05:30,29.3,275.0,31.9,1003.7,0.0,100
2024-08-04 14:00:00+05:30,31.8,276.0,30.9,1002.9,0.9704865423890024,100
2024-08-04 15:00:00+05:30,31.8,280.0,30.4,1002.3,0.05962963716579257,100
2024-08-04 16:00:00+05:30,29.3,284.0,29.6,1002.6,0.0,100
2024-08-04 17:00:00+05:30,27.9,284.0,28.7,1002.9,0.0,100
2024-08-04 18:00:00+05:30,26.8,292.0,28.8,1003.1,0.26265699024770145,100
2024-08-04 19:00:00+05:30,26.6,297.0,28.1,1004.0,0.0,100
2024-08-04 20:00:00+05:30,25.2,301.0,27.8,1005.2,0.7712670345566697,100
2024-08-04 21:00:00+05:30,22.6,295.0,27.4,1006.3,100.0,100
2024-08-04 22:00:00+05:30,21.4,290.0,27.0,1006.7,98.91822602990332,100
2024-08-04 23:00:00+05:30,22.2,290.0,26.6,1006.6,100.0,100
2024-08-05 00:00:00+05:30,22.9,289.0,26.1,1006.2,98.41662420618876,100
2024-08-05 01:00:00+05:30,23.3,290.0,25.7,1005.1,97.4889336144082,100
2024-08-05 02:00:00+05:30,19.8,297.0,25.4,1004.6,98.77048052373799,100
2024-08-05 03:00:00+05:30,17.7,294.0,25.2,1004.4,100.0,100
2024-08-05 04:00:00+05:30,16.9,294.0,25.0,1004.4,100.0,100
2024-08-05 05:00:00+05:30,17.8,291.0,24.9,1004.7,100.0,100
2024-08-05 06:00:00+05:30,16.6,294.0,25.5,1004.9,100.0,100
2024-08-05 07:00:00+05:30,13.0,289.0,26.7,1005.2,100.0,100
2024-08-05 08:00:00+05:30,12.6,290.0,28.5,1005.6,100.0,100
2024-08-05 09:00:00+05:30,12.0,277.0,30.2,1006.2,99.42685239630461,100
2024-08-05 10:00:00+05:30,18.1,263.0,30.9,1006.9,100.0,100
2024-08-05 11:00:00+05:30,23.8,272.0,31.1,1006.9,100.0,100
2024-08-05 12:00:00+05:30,23.8,273.0,30.8,1005.9,100.0,100
2024-08-05 13:00:00+05:30,27.0,270.0,30.6,1004.4,1.4869383187163288,100
2024-08-05 14:00:00+05:30,31.5,264.0,30.5,1004.1,1.260882354512472,100
2024-08-05 15:00:00+05:30,32.1,273.0,27.9,1004.0,0.4572263876013696,100
2024-08-05 16:00:00+05:30,28.1,283.0,28.1,1003.4,0.0,100
2024-08-05 17:00:00+05:30,27.6,282.0,27.8,1003.8,0.0,100
2024-08-05 18:00:00+05:30,25.3,266.0,27.0,1005.0,0.08961396679653717,100
2024-08-05 19:00:00+05:30,25.2,269.0,26.4,1005.8,0.0,100
2024-08-05 20:00:00+05:30,23.8,273.0,26.3,1006.5,100.0,100
2024-08-05 21:00:00+05:30,23.4,280.0,26.0,1007.3,100.0,100
2024-08-05 22:00:00+05:30,20.4,284.0,25.4,1007.2,97.93981618657577,100
2024-08-05 23:00:00+05:30,20.4,284.0,25.0,1006.7,100.0,100
2024-08-06 00:00:00+05:30,21.8,279.0,24.8,1006.2,97.45844325745139,100
2024-08-06 01:00:00+05:30,24.3,285.0,24.7,1005.1,100.0,100
2024-08-06 02:00:00+05:30,23.3,290.0,24.7,1004.1,97.44956095984665,100
2024-08-06 03:00:00+05:30,22.8,288.0,24.8,1003.8,99.91348447773188,100
2024-08-06 04:00:00+05:30,21.8,283.0,24.9,1003.6,100.0,100
2024-08-06 05:00:00+05:30,20.8,284.0,24.8,1003.8,100.0,100
2024-08-06 06:00:00+05:30,18.2,288.0,25.7,1003.4,96.41048172002753,100
2024-08-06 07:00:00+05:30,18.7,293.0,26.8,1004.3,97.61827532152141,100
2024-08-06 08:00:00+05:30,17.0,291.0,28.5,1004.9,99.48452066898251,100
2024-08-06 09:00:00+05:30,18.2,288.0,29.9,1005.2,100.0,100
2024-08-06 10:00:00+05:30,21.3,281.0,30.5,1004.9,98.81663598960911,100
2024-08-06 11:00:00+05:30,23.6,282.0,31.0,1004.4,99.87481315535912,100
2024-08-06 12:00:00+05:30,24.2,281.0,31.9,1003.6,99.91920004243072,100
2024-08-06 13:00:00+05:30,25.3,274.0,31.7,1002.8,0.43089337699734453,100
2024-08-06 14:00:00+05:30,26.0,273.0,31.6,1002.1,0.8087416127659265,100
2024-08-06 15:00:00+05:30,27.8,280.0,30.9,1001.6,0.0,100
2024-08-06 16:00:00+05:30,26.6,279.0,30.1,1001.4,0.0,100
2024-08-06 17:00:00+05:30,26.5,282.0,29.0,1002.0,0.6032946098219929,100
2024-08-06 18:00:00+05:30,25.0,277.0,27.9,1002.8,98.77592082564021,100
2024-08-06 19:00:00+05:30,23.4,281.0,27.1,1003.6,100.0,100
2024-08-06 20:00:00+05:30,24.2,285.0,26.8,1004.4,100.0,100
2024-08-06 21:00:00+05:30,22.5,286.0,26.5,1005.0,96.63032395797786,100
2024-08-06 22:00:00+05:30,23.0,287.0,26.4,1005.5,100.0,100
2024-08-06 23:00:00+05:30,23.2,289.0,26.0,1005.2,100.0,100
2024-08-07 00:00:00+05:30,22.0,285.0,25.8,1004.9,99.44644164844144,100
2024-08-07 01:00:00+05:30,22.8,288.0,25.5,1004.2,98.73418897288795,100
2024-08-07 02:00:00+05:30,22.4,289.0,25.4,1003.4,100.0,100
2024-08-07 03:00:00+05:30,21.7,291.0,25.3,1003.0,99.10494948074256,100
2024-08-07 04:00:00+05:30,18.4,296.0,25.3,1002.8,97.46616923501702,100
2024-08-07 05:00:00+05:30,17.0,287.0,25.1,1003.3,100.0,100
2024-08-07 06:00:00+05:30,10.8,285.0,25.2,1004.0,65.42546780078503,100
2024-08-07 07:00:00+05:30,13.2,287.0,26.3,1004.6,100.0,100
2024-08-07 08:00:00+05:30,13.0,298.0,28.1,1005.3,100.0,100
2024-08-07 09:00:00+05:30,13.2,287.0,29.9,1005.5,97.68064792484137,100
2024-08-07 10:00:00+05:30,15.9,276.0,31.4,1005.2,97.6962748240498,100
2024-08-07 11:00:00+05:30,22.2,278.0,32.1,1004.7,100.0,100
2024-08-07 12:00:00+05:30,24.1,272.0,32.2,1004.1,100.0,100
2024-08-07 13:00:00+05:30,27.0,268.0,31.6,1003.0,0.0,100
2024-08-07 14:00:00+05:30,26.9,278.0,31.4,1002.3,0.0,100
2024-08-07 15:00:00+05:30,28.9,274.0,31.0,1001.8,0.0,100
2024-08-07 16:00:00+05:30,28.9,280.0,29.9,1002.0,0.3396080718599049,100
2024-08-07 17:00:00+05:30,25.9,286.0,28.6,1002.6,0.0,100
2024-08-07 18:00:00+05:30,24.9,284.0,27.4,1003.5,97.29274159931326,100
2024-08-07 19:00:00+05:30,22.9,286.0,26.9,1004.3,100.0,100
2024-08-07 20:00:00+05:30,22.0,288.0,26.7,1005.1,100.0,100
2024-08-07 21:00:00+05:30,22.0,281.0,26.6,1005.8,97.52217197944456,100
2024-08-07 22:00:00+05:30,23.2,282.0,26.3,1006.2,100.0,100
2024-08-07 23:00:00+05:30,23.6,282.0,26.2,1005.9,100.0,100
2024-08-08 00:00:00+05:30,24.5,284.0,26.1,1005.3,100.0,100
2024-08-08 01:00:00+05:30,24.0,283.0,25.8,1004.4,97.46782698694565,100
2024-08-08 02:00:00+05:30,25.2,287.0,25.7,1004.2,0.0,100
2024-08-08 03:00:00+05:30,25.3,285.0,25.6,1004.1,0.11722584161445732,100
2024-08-08 04:00:00+05:30,25.1,286.0,25.5,1004.8,0.0,100
2024-08-08 05:00:00+05:30,24.1,284.0,25.3,1005.6,100.0,100
2024-08-08 06:00:00+05:30,20.7,290.0,25.4,1005.5,99.36462158233151,100
2024-08-08 07:00:00+05:30,20.3,297.0,26.5,1005.9,99.68228413872868,100
2024-08-08 08:00:00+05:30,18.4,293.0,27.7,1006.0,97.12906662268355,100
2024-08-08 09:00:00+05:30,20.4,279.0,29.5,1006.6,98.22995902869738,100
2024-08-08 10:00:00+05:30,24.5,287.0,30.9,1006.6,94.61993340520253,100
2024-08-08 11:00:00+05:30,24.5,284.0,31.9,1006.1,100.0,100
2024-08-08 12:00:00+05:30,23.8,274.0,31.8,1005.3,100.0,100
2024-08-08 13:00:00+05:30,27.7,269.0,31.7,1004.3,1.0447925558816815,100
2024-08-08 14:00:00+05:30,28.5,266.0,30.2,1004.0,0.0,100
2024-08-08 15:00:00+05:30,28.8,269.0,30.2,1003.9,0.5864821504984539,100
2024-08-08 16:00:00+05:30,25.6,274.0,29.4,1004.2,0.0,100
2024-08-08 17:00:00+05:30,25.0,276.0,28.2,1004.4,100.0,100
2024-08-08 18:00:00+05:30,24.5,267.0,27.3,1005.6,100.0,100
2024-08-08 19:00:00+05:30,22.7,273.0,26.7,1006.4,97.9867312543307,100
2024-08-08 20:00:00+05:30,22.0,273.0,26.6,1007.1,96.45420498180661,100
2024-08-08 21:00:00+05:30,20.2,274.0,26.3,1007.5,100.0,100
2024-08-08 22:00:00+05:30,19.4,280.0,25.9,1007.6,100.0,100
2024-08-08 23:00:00+05:30,17.5,279.0,25.6,1007.2,100.0,100
2024-08-09 00:00:00+05:30,16.8,280.0,25.3,1006.7,98.54794642211417,100
2024-08-09 01:00:00+05:30,17.9,280.0,25.0,1005.9,100.0,100
2024-08-09 02:00:00+05:30,17.2,286.0,24.8,1005.1,100.0,100
2024-08-09 03:00:00+05:30,16.6,283.0,24.7,1004.9,100.0,100
2024-08-09 04:00:00+05:30,18.2,278.0,24.6,1004.9,98.92719613683919,100
2024-08-09 05:00:00+05:30,18.6,279.0,24.7,1005.3,100.0,100
2024-08-09 06:00:00+05:30,19.1,274.0,25.2,1005.4,98.4421879380892,100
2024-08-09 07:00:00+05:30,19.3,279.0,26.4,1006.0,98.74092905159695,100
2024-08-09 08:00:00+05:30,21.1,284.0,28.2,1006.3,100.0,100
2024-08-09 09:00:00+05:30,23.5,285.0,30.1,1006.2,98.72193268460562,100
2024-08-09 10:00:00+05:30,23.9,276.0,31.0,1006.0,97.41188311791211,100
2024-08-09 11:00:00+05:30,24.2,273.0,32.2,1005.4,100.0,100
2024-08-09 12:00:00+05:30,27.0,267.0,32.4,1004.7,0.7389405793906917,100
2024-08-09 13:00:00+05:30,30.1,264.0,31.8,1004.3,0.0,100
2024-08-09 14:00:00+05:30,29.9,267.0,31.3,1003.9,0.0,100
2024-08-09 15:00:00+05:30,29.2,266.0,30.3,1003.7,0.727363598438835,100
2024-08-09 16:00:00+05:30,29.2,266.0,29.5,1003.7,2.0703529438117165,100
2024-08-09 17:00:00+05:30,27.4,271.0,28.3,1004.3,0.0,100
2024-08-09 18:00:00+05:30,24.8,269.0,26.5,1004.8,97.8858552827484,100
2024-08-09 19:00:00+05:30,23.8,272.0,26.2,1005.6,100.0,100
2024-08-09 20:00:00+05:30,24.3,277.0,26.3,1006.4,100.0,100
2024-08-09 21:00:00+05:30,21.7,277.0,26.1,1007.0,99.93955419270961,100
2024-08-09 22:00:00+05:30,20.7,278.0,25.9,1007.4,100.0,100
2024-08-09 23:00:00+05:30,18.8,275.0,25.8,1007.4,99.92298664350561,100
2024-08-10 00:00:00+05:30,19.4,280.0,25.7,1007.0,100.0,100
2024-08-10 01:00:00+05:30,19.0,280.0,25.6,1006.3,98.61385679014435,100
2024-08-10 02:00:00+05:30,19.5,282.0,25.3,1005.9,100.0,100
2024-08-10 03:00:00+05:30,20.5,281.0,25.2,1005.6,98.6004110568382,100
2024-08-10 04:00:00+05:30,20.2,289.0,25.4,1005.9,100.0,100
2024-08-10 05:00:00+05:30,18.3,286.0,25.3,1005.6,100.0,100
2024-08-10 06:00:00+05:30,20.7,283.0,25.8,1005.9,100.0,100
2024-08-10 07:00:00+05:30,17.8,278.0,26.4,1006.1,99.30864827071414,100
2024-08-10 08:00:00+05:30,20.5,281.0,28.1,1006.8,100.0,100
2024-08-10 09:00:00+05:30,25.1,286.0,29.6,1007.2,0.0668573665262365,100
2024-08-10 10:00:00+05:30,22.3,284.0,30.0,1006.7,100.0,100
2024-08-10 11:00:00+05:30,23.9,275.0,31.2,1006.2,97.3545303085053,100
2024-08-10 12:00:00+05:30,26.0,267.0,31.3,1005.2,1.0978825201956484,100
2024-08-10 13:00:00+05:30,28.1,270.0,30.2,1004.4,0.0,100
2024-08-10 14:00:00+05:30,27.8,274.0,30.4,1003.5,0.0,100
2024-08-10 15:00:00+05:30,28.2,274.0,30.2,1003.6,0.042704557109597314,100
2024-08-10 16:00:00+05:30,28.9,280.0,29.2,1003.6,0.0,100
2024-08-10 17:00:00+05:30,26.9,286.0,28.4,1003.6,0.0,100
2024-08-10 18:00:00+05:30,20.1,280.0,27.7,1003.5,100.0,100
2024-08-10 19:00:00+05:30,21.3,276.0,27.1,1004.0,97.57169654695676,100
2024-08-10 20:00:00+05:30,23.3,278.0,26.7,1004.8,97.63306932728615,100
2024-08-10 21:00:00+05:30,23.8,280.0,26.5,1005.6,98.11869616916721,100
2024-08-10 22:00:00+05:30,23.1,281.0,26.3,1005.5,97.70296985909528,100
2024-08-10 23:00:00+05:30,23.7,283.0,26.1,1005.1,100.0,100
2024-08-11 00:00:00+05:30,23.8,285.0,25.9,1004.0,100.0,100
2024-08-11 01:00:00+05:30,24.7,278.0,25.8,1003.6,95.90338033485924,100
2024-08-11 02:00:00+05:30,26.2,283.0,25.8,1003.2,0.2135855329085555,100
2024-08-11 03:00:00+05:30,25.8,303.0,25.7,1002.2,0.2137731217900863,100
2024-08-11 04:00:00+05:30,24.9,273.0,25.6,1002.8,100.0,100
2024-08-11 05:00:00+05:30,25.7,288.0,25.6,1003.1,0.0,100
2024-08-11 06:00:00+05:30,23.1,288.0,25.7,1003.1,98.98494318667751,100
2024-08-11 07:00:00+05:30,22.5,297.0,26.6,1003.7,100.0,100
2024-08-11 08:00:00+05:30,21.6,300.0,28.5,1004.0,97.85339690931347,100
2024-08-11 09:00:00+05:30,18.7,308.0,30.5,1004.2,100.0,100
2024-08-11 10:00:00+05:30,10.6,332.0,32.3,1002.9,61.82202143589409,100
2024-08-11 11:00:00+05:30,7.3,200.0,33.2,1003.3,11.37692368308097,100
2024-08-11 12:00:00+05:30,18.9,220.0,28.8,1003.6,97.9211625404777,100
2024-08-11 13:00:00+05:30,25.4,252.0,25.6,1004.0,1.0173176253564784,100
2024-08-11 14:00:00+05:30,15.8,291.0,26.4,1001.8,100.0,100
2024-08-11 15:00:00+05:30,18.0,273.0,28.3,1001.2,96.85920931511117,100
2024-08-11 16:00:00+05:30,21.8,279.0,28.4,1000.9,98.68246854019306,100
2024-08-11 17:00:00+05:30,21.0,282.0,27.7,1000.8,97.0797256700975,100
2024-08-11 18:00:00+05:30,22.3,284.0,27.1,1001.6,100.0,100
2024-08-11 19:00:00+05:30,23.4,293.0,26.8,1002.2,100.0,100
2024-08-11 20:00:00+05:30,23.0,299.0,26.5,1002.7,99.40422970204594,100
2024-08-11 21:00:00+05:30,20.6,299.0,26.3,1003.0,100.0,100
2024-08-11 22:00:00+05:30,17.8,291.0,25.9,1003.0,99.65119058046062,100
2024-08-11 23:00:00+05:30,17.8,288.0,25.7,1003.0,100.0,100
2024-08-12 00:00:00+05:30,19.0,297.0,25.4,1002.8,96.69431533298044,100
2024-08-12 01:00:00+05:30,15.6,293.0,25.3,1002.7,100.0,100
2024-08-12 02:00:00+05:30,19.2,296.0,25.2,1001.8,100.0,100
2024-08-12 03:00:00+05:30,16.4,303.0,25.1,1001.3,100.0,100
2024-08-12 04:00:00+05:30,12.3,310.0,24.9,1001.9,96.3418455111303,100
2024-08-12 05:00:00+05:30,5.9,349.0,24.7,1001.6,2.9607164098640375,100
2024-08-12 06:00:00+05:30,8.7,300.0,25.3,1002.3,26.483902729930442,100
2024-08-12 07:00:00+05:30,4.9,287.0,26.4,1003.2,0.0,100
2024-08-12 08:00:00+05:30,2.9,270.0,27.9,1003.4,0.0,100
2024-08-12 09:00:00+05:30,3.8,221.0,29.1,1003.4,0.27833663442117285,100
2024-08-12 10:00:00+05:30,5.4,200.0,29.9,1002.8,1.7046238181352926,100
2024-08-12 11:00:00+05:30,9.0,203.0,30.5,1002.3,30.901777075443384,100
2024-08-12 12:00:00+05:30,16.8,227.0,30.2,1001.9,100.0,100
2024-08-12 13:00:00+05:30,16.4,255.0,29.2,1001.3,100.0,100
2024-08-12 14:00:00+05:30,22.6,278.0,29.0,1000.8,100.0,100
2024-08-12 15:00:00+05:30,17.9,300.0,28.7,1000.1,100.0,100
2024-08-12 16:00:00+05:30,20.5,285.0,28.6,1000.1,99.34372820409979,100
2024-08-12 17:00:00+05:30,20.9,285.0,27.6,1000.6,100.0,100
2024-08-12 18:00:00+05:30,20.1,285.0,27.3,1000.7,91.89478550867858,100
2024-08-12 19:00:00+05:30,19.4,285.0,26.6,1001.1,100.0,100
2024-08-12 20:00:00+05:30,18.9,288.0,26.2,1001.6,96.09826896209586,100
2024-08-12 21:00:00+05:30,17.6,293.0,26.0,1002.5,100.0,100
2024-08-12 22:00:00+05:30,15.8,294.0,25.8,1002.8,100.0,100
2024-08-12 23:00:00+05:30,11.6,292.0,25.4,1002.5,87.05909261058467,100
2024-08-13 00:00:00+05:30,11.7,281.0,25.1,1002.4,89.19307942489601,100
2024-08-13 01:00:00+05:30,14.5,293.0,25.0,1001.9,100.0,100
2024-08-13 02:00:00+05:30,12.3,308.0,24.7,1001.3,94.68257750189032,100
2024-08-13 03:00:00+05:30,9.4,313.0,24.5,1001.2,38.10535280074611,100
2024-08-13 04:00:00+05:30,7.0,325.0,24.5,1001.4,9.076895512206994,100
2024-08-13 05:00:00+05:30,4.0,5.0,24.5,1001.5,0.5526431389381168,100
2024-08-13 06:00:00+05:30,1.1,162.0,25.4,1002.4,0.0,100
2024-08-13 07:00:00+05:30,4.3,85.0,26.1,1002.8,0.0,100
2024-08-13 08:00:00+05:30,5.5,67.0,26.6,1003.4,1.8757603652196002,100
2024-08-13 09:00:00+05:30,3.9,56.0,28.5,1003.5,0.0,100
2024-08-13 10:00:00+05:30,4.0,175.0,29.6,1003.5,0.0,100
2024-08-13 11:00:00+05:30,12.7,195.0,28.7,1003.2,98.43576172031682,100
2024-08-13 12:00:00+05:30,9.9,224.0,26.4,1002.9,45.13655056725797,100
2024-08-13 13:00:00+05:30,2.1,211.0,28.2,1001.9,0.0,100
2024-08-13 14:00:00+05:30,4.7,189.0,27.9,1001.1,1.1461886657132834,100
2024-08-13 15:00:00+05:30,7.2,183.0,28.4,1000.7,10.114998547662498,100
2024-08-13 16:00:00+05:30,9.9,199.0,27.7,1000.6,45.611154178883346,100
2024-08-13 17:00:00+05:30,11.6,240.0,27.3,1001.0,85.87808512824192,100
2024-08-13 18:00:00+05:30,10.9,243.0,26.1,1001.9,67.7967508020797,100
2024-08-13 19:00:00+05:30,10.0,249.0,25.9,1002.8,45.87998679384712,100
2024-08-13 20:00:00+05:30,7.7,259.0,25.5,1003.3,14.510199481665591,100
2024-08-13 21:00:00+05:30,5.4,278.0,25.3,1003.9,1.798906907504822,100
2024-08-13 22:00:00+05:30,6.2,291.0,25.2,1004.1,5.742737297996787,100
2024-08-13 23:00:00+05:30,7.0,282.0,25.4,1003.7,10.01007077626784,100
2024-08-14 00:00:00+05:30,6.1,273.0,25.2,1003.0,2.954631658514269,100
2024-08-14 01:00:00+05:30,7.3,281.0,25.0,1002.0,10.590810851392863,100
2024-08-14 02:00:00+05:30,9.8,262.0,24.9,1001.3,42.877887992136515,100
2024-08-14 03:00:00+05:30,10.2,262.0,24.9,1001.0,48.04247476719022,100
2024-08-14 04:00:00+05:30,9.4,293.0,24.8,1001.0,35.5675519051259,100
2024-08-14 05:00:00+05:30,4.9,253.0,24.8,1001.6,1.8553002618675216,100
2024-08-14 06:00:00+05:30,12.0,286.0,25.2,1002.1,99.37793614449244,100
2024-08-14 07:00:00+05:30,16.6,288.0,26.3,1002.7,100.0,100
2024-08-14 08:00:00+05:30,21.0,283.0,27.4,1003.6,100.0,100
2024-08-14 09:00:00+05:30,23.3,278.0,27.0,1003.9,100.0,100
2024-08-14 10:00:00+05:30,22.3,279.0,28.2,1003.9,99.25751224111269,100
2024-08-14 11:00:00+05:30,24.0,261.0,27.8,1003.6,97.01706399444947,100
2024-08-14 12:00:00+05:30,28.6,276.0,28.3,1002.7,0.0,100
2024-08-14 13:00:00+05:30,29.0,281.0,28.7,1001.9,0.0,100
2024-08-14 14:00:00+05:30,28.9,274.0,28.8,1001.4,0.0,100
2024-08-14 15:00:00+05:30,31.0,272.0,28.4,1001.1,0.0,100
2024-08-14 16:00:00+05:30,28.9,276.0,27.8,1001.0,0.6093296048413974,100
2024-08-14 17:00:00+05:30,27.0,280.0,27.0,1001.3,0.3839298179574623,100
2024-08-14 18:00:00+05:30,22.3,273.0,27.1,1001.1,99.90362663783272,100
2024-08-14 19:00:00+05:30,19.9,275.0,26.7,1001.9,99.18819255681913,100
2024-08-14 20:00:00+05:30,19.6,276.0,26.4,1002.6,100.0,100
2024-08-14 21:00:00+05:30,20.2,275.0,26.2,1003.6,97.5680493845989,100
2024-08-14 22:00:00+05:30,19.3,279.0,26.1,1003.8,100.0,100
2024-08-14 23:00:00+05:30,19.1,281.0,25.9,1003.4,100.0,100
2024-08-15 00:00:00+05:30,18.2,278.0,25.7,1002.6,98.09537788783207,100
2024-08-15 01:00:00+05:30,17.0,276.0,25.7,1002.1,97.93460919975804,100
2024-08-15 02:00:00+05:30,16.3,275.0,25.7,1001.7,99.7217106593372,100
2024-08-15 03:00:00+05:30,16.9,272.0,25.7,1001.4,99.69643564001191,100
2024-08-15 04:00:00+05:30,17.8,278.0,25.6,1001.4,100.0,100
2024-08-15 05:00:00+05:30,17.8,277.0,25.5,1001.7,98.390524171866,100
2024-08-15 06:00:00+05:30,17.4,277.0,25.5,1001.9,100.0,100
2024-08-15 07:00:00+05:30,19.6,277.0,26.6,1002.3,100.0,100
2024-08-15 08:00:00+05:30,22.9,277.0,27.5,1003.0,99.42267318197663,100
2024-08-15 09:00:00+05:30,21.6,273.0,28.5,1002.9,100.0,100
2024-08-15 10:00:00+05:30,23.8,270.0,29.0,1003.0,100.0,100
2024-08-15 11:00:00+05:30,26.8,265.0,29.2,1002.8,0.0,100
2024-08-15 12:00:00+05:30,27.0,271.0,29.0,1002.4,0.0,100
2024-08-15 13:00:00+05:30,29.7,264.0,29.5,1001.1,0.43012997594045405,100
2024-08-15 14:00:00+05:30,31.0,269.0,29.0,1000.6,0.534080344701397,100
2024-08-15 15:00:00+05:30,29.5,270.0,29.0,1000.0,0.3549839832511165,100
2024-08-15 16:00:00+05:30,29.2,270.0,28.5,999.7,0.0,100
2024-08-15 17:00:00+05:30,29.9,269.0,27.9,999.9,0.0,100
2024-08-15 18:00:00+05:30,17.7,253.0,27.0,999.8,99.61041219356065,100
2024-08-15 19:00:00+05:30,17.5,261.0,26.6,1000.5,100.0,100
2024-08-15 20:00:00+05:30,19.0,260.0,26.2,1001.3,98.70587943017912,100
2024-08-15 21:00:00+05:30,19.8,267.0,26.2,1001.9,100.0,100
2024-08-15 22:00:00+05:30,20.2,273.0,26.2,1002.4,100.0,100
2024-08-15 23:00:00+05:30,21.4,278.0,26.1,1002.4,100.0,100
2024-08-16 00:00:00+05:30,20.3,287.0,26.0,1001.5,100.0,100
2024-08-16 01:00:00+05:30,19.4,288.0,25.9,1000.9,99.69830922425271,100
2024-08-16 02:00:00+05:30,18.5,291.0,26.0,1000.1,97.78277933447296,100
2024-08-16 03:00:00+05:30,19.1,286.0,26.0,999.5,100.0,100
2024-08-16 04:00:00+05:30,18.5,277.0,25.9,1000.0,100.0,100
2024-08-16 05:00:00+05:30,18.9,283.0,25.9,1000.3,100.0,100
2024-08-16 06:00:00+05:30,17.9,298.0,25.6,1000.1,100.0,100
2024-08-16 07:00:00+05:30,17.3,274.0,26.6,1001.0,100.0,100
2024-08-16 08:00:00+05:30,24.7,289.0,28.2,1001.9,100.0,100
2024-08-16 09:00:00+05:30,19.2,293.0,29.0,1001.8,100.0,100
2024-08-16 10:00:00+05:30,21.1,262.0,30.2,1002.1,100.0,100
2024-08-16 11:00:00+05:30,25.2,273.0,29.3,1001.9,0.0,100
2024-08-16 12:00:00+05:30,25.2,268.0,29.8,1001.7,0.0,100
2024-08-16 13:00:00+05:30,25.6,267.0,28.5,1000.6,0.36003447169779323,100
2024-08-16 14:00:00+05:30,29.2,266.0,28.9,1000.1,1.1745675831676334,100
2024-08-16 15:00:00+05:30,28.0,278.0,28.7,999.8,0.01414667234208409,100
2024-08-16 16:00:00+05:30,27.7,270.0,28.1,1000.1,0.0,100
2024-08-16 17:00:00+05:30,21.6,281.0,26.5,1000.8,100.0,100
2024-08-16 18:00:00+05:30,25.7,275.0,27.1,999.9,0.1116610953602725,100
2024-08-16 19:00:00+05:30,24.6,276.0,26.4,1001.2,100.0,100
2024-08-16 20:00:00+05:30,24.0,279.0,26.1,1001.9,98.65218898305378,100
2024-08-16 21:00:00+05:30,23.8,285.0,26.0,1002.4,100.0,100
2024-08-16 22:00:00+05:30,22.2,283.0,26.1,1002.6,98.85340885217677,100
2024-08-16 23:00:00+05:30,22.3,280.0,26.0,1002.9,97.42490897942902,100
2024-08-17 00:00:00+05:30,21.7,281.0,25.9,1002.6,100.0,100
2024-08-17 01:00:00+05:30,23.2,277.0,25.7,1002.5,95.930387268087,100
2024-08-17 02:00:00+05:30,23.4,280.0,25.7,1001.7,100.0,100
2024-08-17 03:00:00+05:30,23.9,281.0,25.6,1001.2,100.0,100
2024-08-17 04:00:00+05:30,22.5,283.0,25.5,1001.4,100.0,100
2024-08-17 05:00:00+05:30,21.4,283.0,25.4,1001.9,100.0,100
2024-08-17 06:00:00+05:30,24.6,275.0,25.5,1002.5,99.5177851647952,100
2024-08-17 07:00:00+05:30,23.2,283.0,25.4,1002.4,100.0,100
2024-08-17 08:00:00+05:30,29.4,287.0,26.9,1002.8,0.0,100
2024-08-17 09:00:00+05:30,24.0,287.0,27.9,1003.3,97.30950074507493,100
2024-08-17 10:00:00+05:30,26.2,283.0,29.2,1003.3,0.0,100
2024-08-17 11:00:00+05:30,28.3,282.0,29.8,1002.8,0.3514793405812265,100
2024-08-17 12:00:00+05:30,29.3,275.0,30.3,1002.3,1.0514081940960722,100
2024-08-17 13:00:00+05:30,30.2,269.0,29.5,1001.7,0.0,100
2024-08-17 14:00:00+05:30,30.6,273.0,29.5,1001.0,0.0,100
2024-08-17 15:00:00+05:30,32.1,273.0,28.7,1000.9,0.0,100
2024-08-17 16:00:00+05:30,31.4,273.0,28.1,1000.8,0.8962993877214634,100
2024-08-17 17:00:00+05:30,28.4,271.0,27.3,1001.3,0.0,100
2024-08-17 18:00:00+05:30,27.0,270.0,26.5,1002.2,0.0,100
2024-08-17 19:00:00+05:30,24.6,276.0,25.8,1002.9,99.82998862304736,100
2024-08-17 20:00:00+05:30,23.9,277.0,25.6,1003.6,98.89908704043646,100
2024-08-17 21:00:00+05:30,25.5,278.0,25.7,1003.8,1.0027135992695302,100
2024-08-17 22:00:00+05:30,24.9,275.0,25.6,1004.4,99.90065058528117,100
2024-08-17 23:00:00+05:30,24.0,279.0,25.3,1004.2,100.0,100
2024-08-18 00:00:00+05:30,22.8,275.0,25.2,1004.2,99.5798480556863,100
2024-08-18 01:00:00+05:30,21.0,276.0,25.2,1003.8,100.0,100
2024-08-18 02:00:00+05:30,21.9,284.0,25.2,1002.8,100.0,100
2024-08-18 03:00:00+05:30,21.0,283.0,24.6,1002.4,100.0,100
2024-08-18 04:00:00+05:30,20.6,286.0,24.5,1002.1,95.73849499170312,100
2024-08-18 05:00:00+05:30,20.6,282.0,24.5,1002.2,100.0,100
2024-08-18 06:00:00+05:30,21.6,285.0,25.3,1003.0,100.0,100
2024-08-18 07:00:00+05:30,21.9,284.0,26.0,1003.1,100.0,100
2024-08-18 08:00:00+05:30,24.9,284.0,27.0,1004.0,100.0,100
2024-08-18 09:00:00+05:30,22.3,280.0,28.1,1004.3,100.0,100
2024-08-18 10:00:00+05:30,23.0,279.0,28.9,1004.2,100.0,100
2024-08-18 11:00:00+05:30,24.5,267.0,30.1,1003.7,98.23390843115243,100
2024-08-18 12:00:00+05:30,24.9,268.0,29.8,1003.0,100.0,100
2024-08-18 13:00:00+05:30,25.9,268.0,29.8,1002.1,1.6136692964464316,100
2024-08-18 14:00:00+05:30,26.0,265.0,29.8,1001.3,0.0,100
2024-08-18 15:00:00+05:30,25.9,268.0,29.4,1001.1,0.31187882055370647,100
2024-08-18 16:00:00+05:30,25.7,275.0,29.1,1001.1,0.2737493229912143,100
2024-08-18 17:00:00+05:30,25.3,275.0,28.4,1001.2,0.624292364492661,100
2024-08-18 18:00:00+05:30,22.4,265.0,27.3,1001.5,98.02126778392734,100
2024-08-18 19:00:00+05:30,23.4,267.0,26.8,1002.5,100.0,100
2024-08-18 20:00:00+05:30,24.5,273.0,26.6,1003.3,96.59260495940002,100
2024-08-18 21:00:00+05:30,22.7,280.0,26.4,1004.0,100.0,100
2024-08-18 22:00:00+05:30,21.8,283.0,26.2,1004.6,100.0,100
2024-08-18 23:00:00+05:30,20.8,279.0,26.2,1004.7,99.0340353128033,100
2024-08-19 00:00:00+05:30,19.2,283.0,26.0,1004.0,98.06337399642098,100
2024-08-19 01:00:00+05:30,18.6,279.0,25.8,1003.0,100.0,100
2024-08-19 02:00:00+05:30,18.4,276.0,25.6,1002.7,100.0,100
2024-08-19 03:00:00+05:30,19.5,282.0,25.6,1002.3,100.0,100
2024-08-19 04:00:00+05:30,17.7,287.0,25.4,1002.4,100.0,100
2024-08-19 05:00:00+05:30,16.0,279.0,25.4,1002.5,100.0,100
2024-08-19 06:00:00+05:30,19.9,275.0,25.6,1002.8,98.65044347878242,100
2024-08-19 07:00:00+05:30,18.9,279.0,26.5,1003.6,98.28278390745002,100
2024-08-19 08:00:00+05:30,19.4,285.0,27.6,1003.7,100.0,100
2024-08-19 09:00:00+05:30,19.1,272.0,29.0,1003.7,100.0,100
2024-08-19 10:00:00+05:30,20.3,247.0,29.6,1004.2,100.0,100
2024-08-19 11:00:00+05:30,22.7,250.0,29.4,1004.2,100.0,100
2024-08-19 12:00:00+05:30,16.6,265.0,29.8,1002.9,98.44406048259786,100
2024-08-19 13:00:00+05:30,24.5,237.0,29.3,1002.4,100.0,100
2024-08-19 14:00:00+05:30,26.7,249.0,28.8,1001.7,0.0,100
2024-08-19 15:00:00+05:30,26.8,250.0,28.4,1001.6,0.837519313229351,100
2024-08-19 16:00:00+05:30,22.3,271.0,27.5,1000.8,100.0,100
2024-08-19 17:00:00+05:30,25.2,268.0,27.3,1001.3,0.0,100
2024-08-19 18:00:00+05:30,21.6,270.0,26.5,1002.0,99.64885842787494,100
2024-08-19 19:00:00+05:30,18.4,273.0,26.2,1002.6,96.7799115043034,100
2024-08-19 20:00:00+05:30,19.3,279.0,25.9,1003.5,100.0,100
2024-08-19 21:00:00+05:30,17.4,276.0,25.7,1004.4,100.0,100
2024-08-19 22:00:00+05:30,17.2,290.0,25.5,1004.6,98.2175122643548,100
2024-08-19 23:00:00+05:30,17.4,276.0,25.4,1004.4,99.1763183292791,100
2024-08-20 00:00:00+05:30,15.2,284.0,25.2,1003.6,100.0,100
2024-08-20 01:00:00+05:30,13.7,267.0,25.1,1003.4,99.48759458067329,100
2024-08-20 02:00:00+05:30,12.7,263.0,25.0,1002.5,100.0,100
2024-08-20 03:00:00+05:30,11.8,282.0,24.7,1001.9,93.94511160668065,100
2024-08-20 04:00:00+05:30,14.8,264.0,24.6,1002.3,99.72346726878202,100
2024-08-20 05:00:00+05:30,12.9,288.0,24.4,1002.2,100.0,100
2024-08-20 06:00:00+05:30,12.7,277.0,25.2,1002.8,100.0,100
2024-08-20 07:00:00+05:30,15.2,274.0,26.0,1003.1,99.31346254108253,100
2024-08-20 08:00:00+05:30,10.9,262.0,26.0,1004.2,68.99165118076859,100
2024-08-20 09:00:00+05:30,8.9,230.0,26.7,1004.4,28.229178016790925,100
2024-08-20 10:00:00+05:30,14.1,212.0,27.7,1004.2,99.68790965054485,100
2024-08-20 11:00:00+05:30,16.1,220.0,28.5,1004.1,97.69594814906797,100
2024-08-20 12:00:00+05:30,16.5,224.0,28.6,1003.4,100.0,100
2024-08-20 13:00:00+05:30,18.9,228.0,28.4,1002.9,100.0,100
2024-08-20 14:00:00+05:30,19.5,219.0,28.2,1002.2,99.1567467830723,100
2024-08-20 15:00:00+05:30,21.5,218.0,28.0,1001.8,97.3297459825513,100
2024-08-20 16:00:00+05:30,19.9,224.0,27.0,1002.4,100.0,100
2024-08-20 17:00:00+05:30,18.7,220.0,26.4,1002.5,100.0,100
2024-08-20 18:00:00+05:30,19.7,239.0,26.4,1003.2,98.21027359867313,100
2024-08-20 19:00:00+05:30,17.9,245.0,26.3,1003.9,99.85297189445983,100
2024-08-20 20:00:00+05:30,18.0,244.0,26.1,1004.5,97.02437188712912,100
2024-08-20 21:00:00+05:30,14.8,256.0,25.9,1005.7,95.36502910072164,100
2024-08-20 22:00:00+05:30,18.5,243.0,25.8,1006.2,100.0,100
2024-08-20 23:00:00+05:30,16.2,249.0,25.9,1005.7,100.0,100
2024-08-21 00:00:00+05:30,17.4,248.0,24.9,1005.6,100.0,100
2024-08-21 01:00:00+05:30,16.0,256.0,25.2,1004.7,99.44146689601598,100
2024-08-21 02:00:00+05:30,19.9,253.0,25.0,1004.4,97.95421253796853,100
2024-08-21 03:00:00+05:30,18.7,247.0,25.1,1004.5,100.0,100
2024-08-21 04:00:00+05:30,19.1,250.0,24.7,1004.6,100.0,100
2024-08-21 05:00:00+05:30,19.8,245.0,24.8,1004.8,99.22309703364174,100
2024-08-21 06:00:00+05:30,23.4,273.0,24.9,1004.8,96.2137163332985,100
2024-08-21 07:00:00+05:30,25.5,278.0,25.5,1005.4,0.783403288348364,100
2024-08-21 08:00:00+05:30,24.3,285.0,26.2,1006.1,99.59389986970882,100
2024-08-21 09:00:00+05:30,18.7,281.0,26.7,1007.0,100.0,100
2024-08-21 10:00:00+05:30,16.6,275.0,26.8,1006.9,97.08462480526222,100
2024-08-21 11:00:00+05:30,20.2,272.0,27.6,1006.2,100.0,100
2024-08-21 12:00:00+05:30,25.1,258.0,28.9,1006.0,0.0,100
2024-08-21 13:00:00+05:30,24.7,254.0,28.1,1004.9,100.0,100
2024-08-21 14:00:00+05:30,23.0,253.0,27.6,1004.6,100.0,100
2024-08-21 15:00:00+05:30,23.6,249.0,27.6,1004.4,100.0,100
2024-08-21 16:00:00+05:30,23.1,247.0,27.4,1004.2,100.0,100
2024-08-21 17:00:00+05:30,22.7,243.0,27.0,1005.1,100.0,100
2024-08-21 18:00:00+05:30,14.8,247.0,25.3,1005.8,99.10153786236818,100
2024-08-21 19:00:00+05:30,15.6,244.0,25.1,1005.9,99.61407853121449,100
2024-08-21 20:00:00+05:30,15.3,261.0,25.1,1006.3,100.0,100
2024-08-21 21:00:00+05:30,14.4,267.0,25.1,1007.4,100.0,100
2024-08-21 22:00:00+05:30,17.3,266.0,25.2,1007.7,98.6346699003027,100
2024-08-21 23:00:00+05:30,20.1,261.0,25.0,1007.6,100.0,100
2024-08-22 00:00:00+05:30,19.2,257.0,24.8,1007.1,99.42122520784089,100
2024-08-22 01:00:00+05:30,18.0,267.0,24.5,1006.9,96.59291064217295,100
2024-08-22 02:00:00+05:30,15.5,273.0,24.4,1006.3,100.0,100
2024-08-22 03:00:00+05:30,16.3,276.0,24.3,1005.6,100.0,100
2024-08-22 04:00:00+05:30,17.5,279.0,24.3,1005.4,98.66970538835133,100
2024-08-22 05:00:00+05:30,15.5,283.0,24.3,1005.6,100.0,100
2024-08-22 06:00:00+05:30,14.5,284.0,24.6,1006.0,100.0,100
2024-08-22 07:00:00+05:30,15.0,287.0,24.9,1006.5,100.0,100
2024-08-22 08:00:00+05:30,13.3,268.0,25.4,1007.6,100.0,100
2024-08-22 09:00:00+05:30,14.4,271.0,25.7,1007.9,100.0,100
2024-08-22 10:00:00+05:30,15.3,262.0,27.1,1007.7,100.0,100
2024-08-22 11:00:00+05:30,18.2,262.0,27.9,1007.0,97.6669864601992,100
2024-08-22 12:00:00+05:30,19.1,250.0,28.8,1006.4,99.38820452168848,100
2024-08-22 13:00:00+05:30,18.9,249.0,28.7,1005.5,100.0,100
2024-08-22 14:00:00+05:30,18.3,250.0,27.9,1004.8,98.16251964285337,100
2024-08-22 15:00:00+05:30,17.9,255.0,27.9,1004.6,98.58142224721269,100
2024-08-22 16:00:00+05:30,17.7,257.0,27.3,1004.6,99.6838189308188,100
2024-08-22 17:00:00+05:30,18.4,258.0,27.3,1005.0,99.71507034241888,100
2024-08-22 18:00:00+05:30,17.1,245.0,26.7,1005.5,100.0,100
2024-08-22 19:00:00+05:30,15.7,250.0,26.5,1006.4,100.0,100
2024-08-22 20:00:00+05:30,15.5,258.0,26.2,1007.1,99.28138290517244,100
2024-08-22 21:00:00+05:30,14.9,262.0,26.0,1007.8,100.0,100
2024-08-22 22:00:00+05:30,13.4,264.0,25.8,1008.1,99.31615602346064,100
2024-08-22 23:00:00+05:30,13.7,270.0,25.5,1007.6,98.09593574416341,100
2024-08-23 00:00:00+05:30,13.7,273.0,25.4,1007.2,100.0,100
2024-08-23 01:00:00+05:30,13.0,275.0,25.4,1006.7,100.0,100
2024-08-23 02:00:00+05:30,14.2,277.0,25.4,1006.3,100.0,100
2024-08-23 03:00:00+05:30,13.7,273.0,25.4,1005.9,98.6121635277885,100
2024-08-23 04:00:00+05:30,13.3,270.0,25.3,1006.1,98.2578519958867,100
2024-08-23 05:00:00+05:30,13.3,268.0,25.0,1006.1,96.5479886365694,100
2024-08-23 06:00:00+05:30,13.0,267.0,25.3,1006.6,96.68154852337763,100
2024-08-23 07:00:00+05:30,13.7,267.0,26.3,1007.4,98.01691524127178,100
2024-08-23 08:00:00+05:30,15.9,266.0,27.6,1007.6,98.94291004000561,100
2024-08-23 09:00:00+05:30,17.2,260.0,28.9,1007.8,99.48708825681888,100
2024-08-23 10:00:00+05:30,19.7,252.0,29.9,1007.7,97.75509093270432,100
2024-08-23 11:00:00+05:30,21.5,247.0,30.1,1007.4,97.36842277022699,100
2024-08-23 12:00:00+05:30,23.1,239.0,29.2,1006.7,100.0,100
2024-08-23 13:00:00+05:30,23.8,243.0,29.2,1006.0,98.85066317505947,100
2024-08-23 14:00:00+05:30,24.2,247.0,29.5,1005.7,100.0,100
2024-08-23 15:00:00+05:30,24.7,249.0,29.3,1005.3,99.79304356008983,100
2024-08-23 16:00:00+05:30,24.1,253.0,28.7,1005.3,97.76266288096295,100
2024-08-23 17:00:00+05:30,22.1,258.0,28.0,1005.7,100.0,100
2024-08-23 18:00:00+05:30,17.2,260.0,27.2,1006.6,97.40133717356149,100
2024-08-23 19:00:00+05:30,16.9,259.0,26.7,1007.2,99.96374607367525,100
2024-08-23 20:00:00+05:30,16.4,255.0,26.5,1008.0,100.0,100
2024-08-23 21:00:00+05:30,14.8,252.0,26.5,1008.8,100.0,100
2024-08-23 22:00:00+05:30,13.6,248.0,26.3,1009.0,100.0,100
2024-08-23 23:00:00+05:30,13.7,247.0,26.3,1008.8,99.67859018825776,100
2024-08-24 00:00:00+05:30,15.6,247.0,26.1,1008.2,100.0,100
2024-08-24 01:00:00+05:30,15.1,252.0,26.0,1007.8,100.0,100
2024-08-24 02:00:00+05:30,14.2,263.0,25.7,1007.5,100.0,100
2024-08-24 03:00:00+05:30,15.6,262.0,25.2,1007.2,97.47207185416843,100
2024-08-24 04:00:00+05:30,14.8,270.0,24.9,1007.3,99.26219008106672,100
2024-08-24 05:00:00+05:30,15.1,267.0,25.0,1007.5,100.0,100
2024-08-24 06:00:00+05:30,14.4,266.0,24.8,1008.1,99.10593770664536,100
2024-08-24 07:00:00+05:30,15.5,267.0,25.8,1009.0,100.0,100
2024-08-24 08:00:00+05:30,16.4,261.0,26.8,1009.7,100.0,100
2024-08-24 09:00:00+05:30,21.0,258.0,27.7,1009.6,97.84968623099932,100
2024-08-24 10:00:00+05:30,22.6,261.0,28.5,1009.6,97.44753418520817,100
2024-08-24 11:00:00+05:30,24.1,261.0,29.2,1008.9,100.0,100
2024-08-24 12:00:00+05:30,25.4,258.0,29.8,1007.8,0.0,100
2024-08-24 13:00:00+05:30,26.5,258.0,29.8,1007.2,1.9412271867900728,100
2024-08-24 14:00:00+05:30,27.1,259.0,29.7,1006.0,0.0,100
2024-08-24 15:00:00+05:30,28.1,268.0,29.5,1005.5,0.963851879177016,100
2024-08-24 16:00:00+05:30,27.0,267.0,28.9,1005.4,0.0,100
2024-08-24 17:00:00+05:30,25.6,272.0,28.1,1006.0,0.0,100
2024-08-24 18:00:00+05:30,22.0,268.0,27.1,1006.3,99.63144160798466,100
2024-08-24 19:00:00+05:30,22.1,276.0,26.5,1006.7,100.0,100
2024-08-24 20:00:00+05:30,21.1,278.0,26.3,1007.7,98.53984829191816,100
2024-08-24 21:00:00+05:30,20.0,278.0,26.1,1008.8,100.0,100
2024-08-24 22:00:00+05:30,20.1,285.0,25.9,1008.9,100.0,100
2024-08-24 23:00:00+05:30,18.7,281.0,25.6,1008.6,100.0,100
2024-08-25 00:00:00+05:30,18.5,277.0,25.4,1008.3,100.0,100
2024-08-25 01:00:00+05:30,19.8,282.0,25.3,1007.7,100.0,100
2024-08-25 02:00:00+05:30,19.6,283.0,25.2,1007.3,100.0,100
2024-08-25 03:00:00+05:30,19.2,283.0,25.2,1007.1,97.0105554255273,100
2024-08-25 04:00:00+05:30,19.1,282.0,25.0,1006.9,99.35041933034917,100
2024-08-25 05:00:00+05:30,19.3,284.0,24.9,1007.0,100.0,100
2024-08-25 06:00:00+05:30,18.1,277.0,25.1,1008.0,100.0,100
2024-08-25 07:00:00+05:30,18.3,280.0,26.1,1008.5,99.08154067691994,100
2024-08-25 08:00:00+05:30,22.2,283.0,27.4,1008.6,100.0,100
2024-08-25 09:00:00+05:30,23.2,277.0,29.0,1008.7,100.0,100
2024-08-25 10:00:00+05:30,24.5,269.0,30.1,1008.1,100.0,100
2024-08-25 11:00:00+05:30,26.9,262.0,30.3,1007.9,0.0,100
2024-08-25 12:00:00+05:30,29.0,259.0,30.5,1007.3,0.48296187660242773,100
2024-08-25 13:00:00+05:30,29.5,257.0,30.4,1006.6,0.0,100
2024-08-25 14:00:00+05:30,29.8,258.0,30.2,1006.0,0.0,100
2024-08-25 15:00:00+05:30,29.7,260.0,29.8,1005.6,0.0,100
2024-08-25 16:00:00+05:30,28.6,264.0,29.1,1005.4,0.10980987556421504,100
2024-08-25 17:00:00+05:30,27.7,268.0,28.4,1005.5,0.0,100
2024-08-25 18:00:00+05:30,22.0,273.0,27.3,1006.2,99.37781280175923,100
2024-08-25 19:00:00+05:30,20.2,273.0,26.7,1006.7,99.35634562383585,100
2024-08-25 20:00:00+05:30,19.5,274.0,26.4,1007.4,99.19144376332159,100
2024-08-25 21:00:00+05:30,18.1,276.0,26.3,1008.1,100.0,100
2024-08-25 22:00:00+05:30,17.5,278.0,26.1,1008.5,97.6236159200803,100
2024-08-25 23:00:00+05:30,18.6,280.0,25.8,1008.5,96.89749702616218,100
2024-08-26 00:00:00+05:30,18.0,286.0,25.3,1008.0,100.0,100
2024-08-26 01:00:00+05:30,18.3,285.0,25.1,1007.5,93.64763423052028,100
2024-08-26 02:00:00+05:30,19.0,280.0,24.8,1007.0,98.35481459507415,100
2024-08-26 03:00:00+05:30,20.3,282.0,24.7,1006.3,98.7532691119837,100
2024-08-26 04:00:00+05:30,20.5,281.0,24.9,1005.9,94.42793157669936,100
2024-08-26 05:00:00+05:30,21.8,279.0,25.0,1005.8,100.0,100
2024-08-26 06:00:00+05:30,17.1,285.0,25.3,1006.6,97.24712360235303,100
2024-08-26 07:00:00+05:30,17.4,288.0,26.4,1007.2,100.0,100
2024-08-26 08:00:00+05:30,19.6,276.0,27.8,1007.8,100.0,100
2024-08-26 09:00:00+05:30,21.5,261.0,28.9,1008.1,98.79696786444899,100
2024-08-26 10:00:00+05:30,24.9,256.0,29.6,1007.7,98.48404974553463,100
2024-08-26 11:00:00+05:30,25.6,256.0,29.9,1007.2,0.0,100
2024-08-26 12:00:00+05:30,27.2,255.0,30.2,1006.4,0.4382560397344767,100
2024-08-26 13:00:00+05:30,27.6,255.0,30.1,1005.5,0.1954969843409267,100
2024-08-26 14:00:00+05:30,27.5,259.0,30.2,1004.8,0.0,100
2024-08-26 15:00:00+05:30,28.2,259.0,29.8,1004.3,1.9281686962431952,100
2024-08-26 16:00:00+05:30,28.0,262.0,29.1,1004.2,0.920362528255387,100
2024-08-26 17:00:00+05:30,26.9,262.0,28.3,1004.5,0.5488042946528179,100
2024-08-26 18:00:00+05:30,20.9,266.0,27.6,1005.4,100.0,100
2024-08-26 19:00:00+05:30,18.8,263.0,27.2,1006.2,98.45467807186138,100
2024-08-26 20:00:00+05:30,18.0,273.0,26.9,1007.5,96.99083685814718,100
2024-08-26 21:00:00+05:30,18.4,273.0,26.5,1008.2,96.51825866812231,100
2024-08-26 22:00:00+05:30,19.1,269.0,26.3,1008.7,100.0,100
2024-08-26 23:00:00+05:30,18.4,269.0,25.6,1008.3,100.0,100
2024-08-27 00:00:00+05:30,16.7,276.0,25.7,1007.5,100.0,100
2024-08-27 01:00:00+05:30,17.7,276.0,25.6,1006.8,98.79685988998952,100
2024-08-27 02:00:00+05:30,17.8,277.0,25.2,1006.5,99.0839533831088,100
2024-08-27 03:00:00+05:30,19.5,274.0,25.3,1006.3,98.00970905102501,100
2024-08-27 04:00:00+05:30,19.6,276.0,25.3,1006.4,99.25669627757809,100
2024-08-27 05:00:00+05:30,19.0,285.0,25.2,1006.8,99.51547722233563,100
2024-08-27 06:00:00+05:30,17.1,285.0,25.1,1006.9,100.0,100
2024-08-27 07:00:00+05:30,18.4,282.0,25.7,1007.5,100.0,100
2024-08-27 08:00:00+05:30,21.5,279.0,26.4,1008.1,100.0,100
2024-08-27 09:00:00+05:30,22.7,274.0,27.4,1008.2,97.75129476503497,100
2024-08-27 10:00:00+05:30,25.0,264.0,28.4,1007.7,100.0,100
2024-08-27 11:00:00+05:30,27.0,260.0,29.1,1007.4,0.0,100
2024-08-27 12:00:00+05:30,27.2,262.0,29.6,1006.5,1.0892197223184539,100
2024-08-27 13:00:00+05:30,28.2,264.0,29.6,1005.9,0.42463304198167534,100
2024-08-27 14:00:00+05:30,29.0,264.0,29.6,1005.3,0.6116164596920933,100
2024-08-27 15:00:00+05:30,29.2,266.0,28.9,1004.9,0.07746095226963447,100
2024-08-27 16:00:00+05:30,27.4,270.0,28.3,1004.8,0.002269555099841815,100
2024-08-27 17:00:00+05:30,24.6,276.0,27.9,1005.4,98.17168498481152,100
2024-08-27 18:00:00+05:30,19.9,276.0,27.4,1006.0,99.83802144328753,100
2024-08-27 19:00:00+05:30,17.0,283.0,26.8,1007.0,100.0,100
2024-08-27 20:00:00+05:30,14.6,290.0,26.3,1008.0,100.0,100
2024-08-27 21:00:00+05:30,14.6,286.0,26.2,1008.6,96.10934588842828,100
2024-08-27 22:00:00+05:30,15.7,281.0,25.9,1008.8,98.40722680775279,100
2024-08-27 23:00:00+05:30,16.8,285.0,25.7,1008.9,98.58575302512196,100
2024-08-28 00:00:00+05:30,16.5,280.0,25.5,1008.3,100.0,100
2024-08-28 01:00:00+05:30,16.5,280.0,25.4,1007.6,100.0,100
2024-08-28 02:00:00+05:30,16.5,281.0,25.2,1006.9,97.57771459309868,100
2024-08-28 03:00:00+05:30,17.0,283.0,24.9,1006.7,100.0,100
2024-08-28 04:00:00+05:30,17.0,283.0,25.2,1006.7,97.8944639820449,100
2024-08-28 05:00:00+05:30,15.9,283.0,25.1,1007.0,100.0,100
2024-08-28 06:00:00+05:30,17.8,278.0,25.1,1007.4,98.92643442730692,100
2024-08-28 07:00:00+05:30,18.9,279.0,26.0,1007.7,100.0,100
2024-08-28 08:00:00+05:30,21.3,281.0,26.9,1008.1,100.0,100
2024-08-28 09:00:00+05:30,21.4,277.0,28.0,1008.3,100.0,100
2024-08-28 10:00:00+05:30,21.6,274.0,27.8,1008.2,97.57251154446725,100
2024-08-28 11:00:00+05:30,23.4,271.0,28.5,1007.6,100.0,100
2024-08-28 12:00:00+05:30,23.4,274.0,29.2,1006.8,97.31001704889933,100
2024-08-28 13:00:00+05:30,25.2,269.0,29.5,1005.6,0.8899909991020901,100
2024-08-28 14:00:00+05:30,27.7,269.0,29.4,1004.9,0.0,100
2024-08-28 15:00:00+05:30,28.5,274.0,28.8,1004.6,0.7827516659065248,100
2024-08-28 16:00:00+05:30,28.6,276.0,28.1,1004.7,0.0,100
2024-08-28 17:00:00+05:30,26.1,277.0,27.3,1005.2,0.0,100
2024-08-28 18:00:00+05:30,22.3,272.0,27.0,1006.2,100.0,100
2024-08-28 19:00:00+05:30,22.3,269.0,26.4,1006.7,100.0,100
2024-08-28 20:00:00+05:30,22.1,276.0,26.2,1007.5,100.0,100
2024-08-28 21:00:00+05:30,24.6,275.0,25.5,1007.6,100.0,100
2024-08-28 22:00:00+05:30,23.3,279.0,25.3,1007.6,100.0,100
2024-08-28 23:00:00+05:30,22.7,280.0,25.4,1007.5,100.0,100
2024-08-29 00:00:00+05:30,22.1,282.0,25.1,1006.7,98.39570857345933,100
2024-08-29 01:00:00+05:30,22.2,283.0,24.8,1005.9,100.0,100
2024-08-29 02:00:00+05:30,19.8,282.0,24.5,1005.4,100.0,100
2024-08-29 03:00:00+05:30,21.3,281.0,24.7,1004.8,98.29251748977408,100
2024-08-29 04:00:00+05:30,20.5,281.0,24.5,1005.0,99.43015008178858,100
2024-08-29 05:00:00+05:30,20.1,279.0,24.7,1005.3,94.69977371538604,100
2024-08-29 06:00:00+05:30,18.2,284.0,25.6,1005.6,96.2742008297092,100
2024-08-29 07:00:00+05:30,19.5,286.0,26.0,1006.3,100.0,100
2024-08-29 08:00:00+05:30,21.0,283.0,27.0,1006.7,100.0,100
2024-08-29 09:00:00+05:30,23.9,276.0,28.6,1006.9,100.0,100
2024-08-29 10:00:00+05:30,26.9,278.0,29.4,1006.8,0.05985373609922743,100
2024-08-29 11:00:00+05:30,27.7,271.0,30.5,1006.2,0.7929009575400191,100
2024-08-29 12:00:00+05:30,28.9,264.0,30.2,1005.2,0.0,100
2024-08-29 13:00:00+05:30,30.8,259.0,30.4,1004.1,0.0,100
2024-08-29 14:00:00+05:30,33.4,263.0,29.3,1003.5,0.898295460698135,100
2024-08-29 15:00:00+05:30,31.9,264.0,28.6,1003.1,0.0,100
2024-08-29 16:00:00+05:30,29.2,274.0,27.6,1003.4,2.247630257315924,100
2024-08-29 17:00:00+05:30,27.5,275.0,26.6,1003.7,0.6463159855213866,100
2024-08-29 18:00:00+05:30,19.8,280.0,27.5,1004.5,100.0,100
2024-08-29 19:00:00+05:30,21.8,279.0,27.1,1005.2,100.0,100
2024-08-29 20:00:00+05:30,18.1,277.0,26.6,1005.7,98.80376767819881,100
2024-08-29 21:00:00+05:30,17.2,286.0,26.1,1006.5,100.0,100
2024-08-29 22:00:00+05:30,22.1,276.0,25.6,1007.3,100.0,100
2024-08-29 23:00:00+05:30,18.8,273.0,25.2,1006.8,100.0,100
2024-08-30 00:00:00+05:30,19.5,275.0,24.9,1005.8,100.0,100
2024-08-30 01:00:00+05:30,18.7,271.0,25.3,1005.1,100.0,100
2024-08-30 02:00:00+05:30,21.3,274.0,25.1,1004.7,100.0,100
2024-08-30 03:00:00+05:30,21.7,282.0,24.9,1004.4,100.0,100
2024-08-30 04:00:00+05:30,21.6,281.0,24.6,1004.8,100.0,100
2024-08-30 05:00:00+05:30,21.0,283.0,24.5,1004.8,100.0,100
2024-08-30 06:00:00+05:30,23.2,277.0,24.8,1005.4,100.0,100
2024-08-30 07:00:00+05:30,23.4,281.0,24.9,1006.1,96.29849526978326,100
2024-08-30 08:00:00+05:30,21.9,279.0,24.8,1007.0,100.0,100
2024-08-30 09:00:00+05:30,19.0,285.0,25.1,1007.2,98.5908852539396,100
2024-08-30 10:00:00+05:30,23.6,277.0,25.3,1007.6,97.47911013881105,100
2024-08-30 11:00:00+05:30,26.0,274.0,27.0,1006.5,0.0,100
2024-08-30 12:00:00+05:30,28.8,269.0,27.5,1005.8,1.0823963154613223,100
2024-08-30 13:00:00+05:30,31.1,264.0,28.0,1004.8,0.5536609341284462,100
2024-08-30 14:00:00+05:30,31.3,262.0,28.1,1004.5,0.46305013466353384,100
2024-08-30 15:00:00+05:30,30.4,265.0,27.8,1003.9,0.0,100
2024-08-30 16:00:00+05:30,29.9,267.0,27.1,1003.8,0.0,100
2024-08-30 17:00:00+05:30,27.4,269.0,26.7,1004.6,0.8626048409036537,100
2024-08-30 18:00:00+05:30,22.3,273.0,25.6,1004.6,100.0,100
2024-08-30 19:00:00+05:30,21.0,277.0,25.4,1005.1,100.0,100
2024-08-30 20:00:00+05:30,21.3,275.0,25.8,1006.0,99.65975330676676,100
2024-08-30 21:00:00+05:30,22.1,276.0,25.6,1006.8,100.0,100
2024-08-30 22:00:00+05:30,22.7,274.0,25.8,1007.6,100.0,100
2024-08-30 23:00:00+05:30,20.3,277.0,25.3,1006.6,98.74059570896611,100
2024-08-31 00:00:00+05:30,21.4,277.0,25.2,1006.0,100.0,100
2024-08-31 01:00:00+05:30,20.4,278.0,24.9,1005.2,99.30956513193213,100
2024-08-31 02:00:00+05:30,21.7,276.0,24.9,1004.6,100.0,100
2024-08-31 03:00:00+05:30,23.8,267.0,24.7,1005.1,99.72572877039983,100
2024-08-31 04:00:00+05:30,24.0,289.0,23.9,1005.2,97.50198643611519,100
2024-08-31 05:00:00+05:30,20.9,274.0,23.8,1005.4,100.0,100
2024-08-31 06:00:00+05:30,22.4,276.0,25.3,1004.9,100.0,100
2024-08-31 07:00:00+05:30,22.3,284.0,25.9,1005.8,99.28792131241453,100
2024-08-31 08:00:00+05:30,23.5,285.0,26.8,1006.4,98.96981487973804,100
2024-08-31 09:00:00+05:30,26.4,281.0,28.4,1006.1,0.0,100
2024-08-31 10:00:00+05:30,26.6,279.0,28.9,1006.0,0.0,100
2024-08-31 11:00:00+05:30,28.1,273.0,29.3,1005.9,0.0,100
2024-08-31 12:00:00+05:30,29.9,269.0,29.3,1005.0,0.0,100
2024-08-31 13:00:00+05:30,31.7,267.0,29.1,1004.0,0.0,100
2024-08-31 14:00:00+05:30,32.4,271.0,29.0,1003.7,0.7679657955456801,100
2024-08-31 15:00:00+05:30,33.8,269.0,28.3,1003.4,0.0,100
2024-08-31 16:00:00+05:30,28.5,273.0,27.0,1003.6,0.0,100
2024-08-31 17:00:00+05:30,29.8,278.0,26.7,1003.8,1.1406258556165507,100
2024-08-31 18:00:00+05:30,24.2,273.0,26.5,1003.6,100.0,100
2024-08-31 19:00:00+05:30,25.6,280.0,26.2,1004.4,0.2062538165538477,100
2024-08-31 20:00:00+05:30,25.1,282.0,25.6,1004.9,0.0,100
2024-08-31 21:00:00+05:30,25.3,285.0,25.0,1005.4,0.0,100
2024-08-31 22:00:00+05:30,24.6,275.0,24.7,1006.3,98.03425816284322,100
2024-08-31 23:00:00+05:30,24.0,283.0,24.7,1005.9,100.0,100
2024-09-01 00:00:00+05:30,22.4,281.0,24.7,1005.1,99.08651063996666,100
2024-09-01 01:00:00+05:30,22.5,282.0,24.7,1004.6,100.0,100
2024-09-01 02:00:00+05:30,22.1,282.0,24.6,1003.8,100.0,100
2024-09-01 03:00:00+05:30,22.3,280.0,24.7,1003.7,100.0,100
2024-09-01 04:00:00+05:30,20.4,279.0,25.0,1004.0,97.85882963695866,100
2024-09-01 05:00:00+05:30,20.5,280.0,24.9,1004.6,100.0,100
2024-09-01 06:00:00+05:30,24.1,284.0,25.2,1004.6,98.78474779243926,100
2024-09-01 07:00:00+05:30,23.2,277.0,26.3,1005.2,99.96634507593508,100
2024-09-01 08:00:00+05:30,24.5,274.0,27.6,1006.0,98.2842166850478,100
2024-09-01 09:00:00+05:30,29.4,281.0,28.9,1006.7,0.0,100
2024-09-01 10:00:00+05:30,29.6,274.0,29.2,1006.4,0.0,100
2024-09-01 11:00:00+05:30,31.8,275.0,29.5,1005.9,0.7336545160949727,100
2024-09-01 12:00:00+05:30,33.7,280.0,29.1,1004.8,0.032598535585905176,100
2024-09-01 13:00:00+05:30,34.6,284.0,29.6,1003.9,1.0026456715010632,100
2024-09-01 14:00:00+05:30,35.1,280.0,29.7,1002.7,0.0,100
2024-09-01 15:00:00+05:30,35.7,282.0,29.2,1002.0,0.0,100
2024-09-01 16:00:00+05:30,36.0,278.0,28.5,1001.9,0.0,100
2024-09-01 17:00:00+05:30,30.8,281.0,27.4,1002.2,0.0,100
2024-09-01 18:00:00+05:30,26.3,280.0,26.9,1002.8,0.6741985674193348,100
2024-09-01 19:00:00+05:30,27.6,278.0,26.4,1003.7,0.0,100
2024-09-01 20:00:00+05:30,26.9,282.0,25.9,1004.6,1.9273941142121245,100
2024-09-01 21:00:00+05:30,26.7,280.0,25.8,1005.5,0.0573799961745478,100
2024-09-01 22:00:00+05:30,27.2,278.0,25.8,1005.9,0.0,100
2024-09-01 23:00:00+05:30,28.7,282.0,25.9,1005.1,0.0629222814684452,100
2024-09-02 00:00:00+05:30,26.2,283.0,25.7,1004.7,0.0,100
2024-09-02 01:00:00+05:30,26.8,287.0,25.5,1004.0,0.0,100
2024-09-02 02:00:00+05:30,25.3,285.0,25.4,1003.4,0.0,100
2024-09-02 03:00:00+05:30,25.1,286.0,25.3,1003.2,2.0798716929986094,100
2024-09-02 04:00:00+05:30,23.1,285.0,25.3,1003.4,97.89333058039118,100
2024-09-02 05:00:00+05:30,21.6,285.0,25.2,1003.5,100.0,100
2024-09-02 06:00:00+05:30,19.3,284.0,25.4,1004.2,100.0,100
2024-09-02 07:00:00+05:30,19.7,278.0,25.9,1004.8,100.0,100
2024-09-02 08:00:00+05:30,22.6,284.0,26.5,1005.6,98.1873305676808,100
2024-09-02 09:00:00+05:30,29.2,290.0,29.1,1005.7,0.866722923809645,100
2024-09-02 10:00:00+05:30,30.5,287.0,30.4,1005.6,0.9991235179352135,100
2024-09-02 11:00:00+05:30,32.4,289.0,31.3,1004.8,0.0,100
2024-09-02 12:00:00+05:30,33.2,288.0,31.6,1003.6,0.0,100
2024-09-02 13:00:00+05:30,33.3,283.0,31.7,1003.0,0.39953469725486346,100
2024-09-02 14:00:00+05:30,34.8,277.0,30.9,1002.0,0.0,100
2024-09-02 15:00:00+05:30,35.0,279.0,30.1,1001.5,0.0,100
2024-09-02 16:00:00+05:30,34.1,277.0,29.1,1001.4,0.0,100
2024-09-02 17:00:00+05:30,32.2,276.0,27.9,1002.4,0.6518161640319661,100
2024-09-02 18:00:00+05:30,27.2,281.0,27.3,1003.4,0.0,100
2024-09-02 19:00:00+05:30,25.0,282.0,26.7,1003.9,100.0,100
2024-09-02 20:00:00+05:30,25.1,277.0,26.5,1005.2,0.0,100
2024-09-02 21:00:00+05:30,24.9,274.0,26.4,1006.3,100.0,100
2024-09-02 22:00:00+05:30,24.9,272.0,26.1,1006.7,99.58531817679278,100
2024-09-02 23:00:00+05:30,26.0,276.0,25.7,1006.8,0.9722373587046544,100
2024-09-03 00:00:00+05:30,24.3,276.0,25.3,1005.6,99.67383031382914,100
2024-09-03 01:00:00+05:30,23.0,280.0,25.2,1004.7,99.17953926576834,100
2024-09-03 02:00:00+05:30,21.7,277.0,25.0,1003.9,99.55340211810272,100
2024-09-03 03:00:00+05:30,20.2,275.0,25.1,1004.2,100.0,100
2024-09-03 04:00:00+05:30,24.9,266.0,24.9,1004.8,100.0,100
2024-09-03 05:00:00+05:30,22.3,272.0,24.7,1005.3,96.5229771853076,100
2024-09-03 06:00:00+05:30,25.2,271.0,25.1,1006.1,1.7097607405350017,100
2024-09-03 07:00:00+05:30,22.0,280.0,25.1,1006.2,97.6726548042361,100
2024-09-03 08:00:00+05:30,23.7,279.0,25.9,1007.5,94.80807345832136,100
2024-09-03 09:00:00+05:30,25.6,271.0,24.8,1008.8,0.0,100
2024-09-03 10:00:00+05:30,26.5,277.0,25.5,1007.6,1.7182810581030314,100
2024-09-03 11:00:00+05:30,32.5,283.0,28.4,1007.3,0.0,100
2024-09-03 12:00:00+05:30,31.0,279.0,28.6,1006.4,1.7636968738045913,100
2024-09-03 13:00:00+05:30,30.2,279.0,28.3,1005.5,0.409606657555318,100
2024-09-03 14:00:00+05:30,29.7,280.0,28.2,1004.5,0.0,100
2024-09-03 15:00:00+05:30,30.8,277.0,27.9,1004.2,3.6031162814496436,100
2024-09-03 16:00:00+05:30,28.4,278.0,27.8,1004.4,0.0,100
2024-09-03 17:00:00+05:30,26.2,279.0,26.7,1005.1,0.0,100
2024-09-03 18:00:00+05:30,21.8,278.0,25.6,1005.5,100.0,100
2024-09-03 19:00:00+05:30,21.7,277.0,25.4,1006.5,98.90938506698807,100
2024-09-03 20:00:00+05:30,22.0,272.0,25.3,1007.2,98.11814806703096,100
2024-09-03 21:00:00+05:30,23.5,274.0,25.3,1008.0,99.22005554514344,100
2024-09-03 22:00:00+05:30,23.8,273.0,25.2,1008.1,98.0571028105337,100
2024-09-03 23:00:00+05:30,24.6,276.0,25.1,1007.5,100.0,100
2024-09-04 00:00:00+05:30,23.1,275.0,25.0,1006.9,100.0,100
2024-09-04 01:00:00+05:30,22.4,281.0,24.8,1006.1,100.0,100
2024-09-04 02:00:00+05:30,22.9,283.0,24.8,1005.8,97.75923479487892,100
2024-09-04 03:00:00+05:30,24.1,284.0,24.8,1005.5,99.45327551663759,100
2024-09-04 04:00:00+05:30,23.9,282.0,24.7,1005.5,98.99543883967037,100
2024-09-04 05:00:00+05:30,23.4,284.0,24.8,1005.8,100.0,100
2024-09-04 06:00:00+05:30,23.5,285.0,25.3,1006.1,100.0,100
2024-09-04 07:00:00+05:30,22.2,283.0,26.3,1006.7,100.0,100
2024-09-04 08:00:00+05:30,28.1,289.0,27.7,1007.4,0.8556135244044314,100
2024-09-04 09:00:00+05:30,27.2,288.0,28.2,1007.7,0.0,100
2024-09-04 10:00:00+05:30,28.2,284.0,29.3,1007.3,0.0,100
2024-09-04 11:00:00+05:30,28.1,280.0,30.2,1006.7,0.5764146306861523,100
2024-09-04 12:00:00+05:30,29.2,280.0,30.8,1005.5,0.0,100
2024-09-04 13:00:00+05:30,29.6,273.0,30.9,1004.5,0.0,100
2024-09-04 14:00:00+05:30,31.0,271.0,30.2,1003.7,0.0,100
2024-09-04 15:00:00+05:30,32.1,273.0,30.0,1003.4,0.0,100
2024-09-04 16:00:00+05:30,31.2,277.0,29.3,1002.9,0.0,100
2024-09-04 17:00:00+05:30,29.9,273.0,28.1,1003.6,0.0,100
2024-09-04 18:00:00+05:30,25.2,272.0,27.3,1004.5,0.0,100
2024-09-04 19:00:00+05:30,26.2,279.0,27.0,1004.8,0.0,100
2024-09-04 20:00:00+05:30,27.0,283.0,26.7,1005.4,0.0,100
2024-09-04 21:00:00+05:30,26.1,285.0,26.5,1005.7,0.40257746175598436,100
2024-09-04 22:00:00+05:30,24.0,283.0,26.2,1006.1,100.0,100
2024-09-04 23:00:00+05:30,23.8,280.0,26.0,1005.9,100.0,100
2024-09-05 00:00:00+05:30,24.6,281.0,25.7,1005.2,98.84002745562553,100
2024-09-05 01:00:00+05:30,25.6,280.0,25.5,1004.4,0.0,100
2024-09-05 02:00:00+05:30,25.5,283.0,25.3,1004.0,1.41729337683805,100
2024-09-05 03:00:00+05:30,25.0,285.0,25.4,1003.6,97.9072828056754,100
2024-09-05 04:00:00+05:30,24.3,282.0,25.4,1003.9,100.0,100
2024-09-05 05:00:00+05:30,23.7,284.0,25.3,1004.1,100.0,100
2024-09-05 06:00:00+05:30,22.1,282.0,25.4,1004.4,99.56548705743033,100
2024-09-05 07:00:00+05:30,22.6,287.0,26.1,1005.1,97.07042197644924,100
2024-09-05 08:00:00+05:30,23.5,285.0,27.5,1005.6,100.0,100
2024-09-05 09:00:00+05:30,27.8,291.0,29.1,1005.6,0.0,100
2024-09-05 10:00:00+05:30,30.6,294.0,30.8,1005.5,0.8946906464142509,100
2024-09-05 11:00:00+05:30,30.6,291.0,32.3,1005.0,0.49719636160782626,100
2024-09-05 12:00:00+05:30,31.2,289.0,32.5,1003.8,2.2724688875858767,100
2024-09-05 13:00:00+05:30,31.6,287.0,32.7,1003.0,0.0,100
2024-09-05 14:00:00+05:30,30.9,282.0,32.1,1002.3,0.0,100
2024-09-05 15:00:00+05:30,31.8,280.0,31.0,1001.6,0.11988237596915088,100
2024-09-05 16:00:00+05:30,31.2,277.0,30.0,1001.3,0.0,100
2024-09-05 17:00:00+05:30,30.9,277.0,28.7,1001.5,0.0,100
2024-09-05 18:00:00+05:30,26.1,276.0,28.1,1002.5,0.6040502654616328,100
2024-09-05 19:00:00+05:30,27.2,281.0,27.6,1003.6,0.0,100
2024-09-05 20:00:00+05:30,28.6,281.0,27.4,1004.6,0.12522261372575666,100
2024-09-05 21:00:00+05:30,29.8,282.0,27.1,1005.2,0.0,100
2024-09-05 22:00:00+05:30,30.5,284.0,26.7,1005.2,0.6922217821329917,100
2024-09-05 23:00:00+05:30,30.1,287.0,26.3,1004.9,0.0,100
2024-09-06 00:00:00+05:30,28.8,286.0,26.0,1004.3,0.0,100
2024-09-06 01:00:00+05:30,28.0,282.0,25.7,1003.7,0.2795934181642061,100
2024-09-06 02:00:00+05:30,28.2,284.0,25.5,1003.4,0.0,100
2024-09-06 03:00:00+05:30,28.8,286.0,25.3,1003.1,1.3630111527404516,100
2024-09-06 04:00:00+05:30,28.9,289.0,25.2,1003.0,0.38131785486029807,100
2024-09-06 05:00:00+05:30,27.8,287.0,25.3,1003.5,0.0,100
2024-09-06 06:00:00+05:30,27.4,284.0,26.0,1004.1,0.6843961338149975,100
2024-09-06 07:00:00+05:30,25.8,283.0,27.1,1005.1,0.6252356657625465,100
2024-09-06 08:00:00+05:30,30.1,285.0,28.6,1006.1,0.8453999172997231,100
2024-09-06 09:00:00+05:30,30.2,282.0,29.6,1006.3,0.050874828139976805,100
2024-09-06 10:00:00+05:30,30.2,279.0,30.6,1006.2,0.7199292666554558,100
2024-09-06 11:00:00+05:30,30.8,277.0,31.3,1005.7,0.0,100
2024-09-06 12:00:00+05:30,32.2,276.0,31.6,1004.7,0.0,100
2024-09-06 13:00:00+05:30,33.3,276.0,31.8,1003.4,0.0,100
2024-09-06 14:00:00+05:30,34.5,278.0,31.4,1002.9,1.950768850265519,100
2024-09-06 15:00:00+05:30,33.7,277.0,30.7,1002.4,1.232841116466038,100
2024-09-06 16:00:00+05:30,33.2,274.0,29.6,1002.1,0.0,100
2024-09-06 17:00:00+05:30,32.9,276.0,28.3,1002.5,0.09601959432678392,100
2024-09-06 18:00:00+05:30,26.9,282.0,27.6,1003.4,1.014248825793251,100
2024-09-06 19:00:00+05:30,27.2,285.0,27.1,1004.2,0.0,100
2024-09-06 20:00:00+05:30,27.2,285.0,26.9,1004.8,0.5798015126644106,100
2024-09-06 21:00:00+05:30,27.2,285.0,26.7,1005.1,0.0,100
2024-09-06 22:00:00+05:30,27.1,287.0,26.5,1005.5,0.0,100
2024-09-06 23:00:00+05:30,26.9,286.0,26.2,1005.5,0.0,100
2024-09-07 00:00:00+05:30,25.6,284.0,26.0,1005.4,0.0,100
2024-09-07 01:00:00+05:30,24.3,282.0,25.8,1005.1,99.21329130257556,100
2024-09-07 02:00:00+05:30,24.6,281.0,25.6,1004.6,100.0,100
2024-09-07 03:00:00+05:30,23.7,280.0,25.5,1004.6,100.0,100
2024-09-07 04:00:00+05:30,23.9,282.0,25.4,1004.8,100.0,100
2024-09-07 05:00:00+05:30,23.4,284.0,25.3,1005.0,99.40824330749908,100
2024-09-07 06:00:00+05:30,23.3,283.0,25.6,1005.1,100.0,100
2024-09-07 07:00:00+05:30,22.8,276.0,26.8,1005.8,97.09041400093642,100
2024-09-07 08:00:00+05:30,25.6,281.0,28.1,1006.4,1.2264066705101604,100
2024-09-07 09:00:00+05:30,29.2,283.0,30.1,1006.7,0.014413809245668735,100
2024-09-07 10:00:00+05:30,30.5,277.0,31.3,1006.3,0.2907526899929085,100
2024-09-07 11:00:00+05:30,31.1,275.0,32.0,1006.0,1.6564841443987826,100
2024-09-07 12:00:00+05:30,30.2,271.0,31.8,1005.5,0.0,100
2024-09-07 13:00:00+05:30,31.0,269.0,31.6,1004.5,0.6740611972485921,100
2024-09-07 14:00:00+05:30,31.3,269.0,31.1,1003.8,0.0,100
2024-09-07 15:00:00+05:30,30.6,270.0,30.5,1003.2,0.0,100
2024-09-07 16:00:00+05:30,30.6,269.0,29.5,1003.2,0.0,100
2024-09-07 17:00:00+05:30,30.2,269.0,28.6,1004.0,0.0,100
2024-09-07 18:00:00+05:30,25.2,271.0,27.8,1004.9,0.7833927945664224,100
2024-09-07 19:00:00+05:30,24.9,272.0,27.5,1005.6,99.19494892166779,100
2024-09-07 20:00:00+05:30,24.6,275.0,27.3,1006.4,100.0,100
2024-09-07 21:00:00+05:30,22.9,278.0,27.0,1007.0,100.0,100
2024-09-07 22:00:00+05:30,22.1,277.0,26.9,1007.6,98.43479837404146,100
2024-09-07 23:00:00+05:30,22.1,277.0,26.7,1007.5,100.0,100
2024-09-08 00:00:00+05:30,22.9,277.0,26.4,1007.2,100.0,100
2024-09-08 01:00:00+05:30,23.0,279.0,26.2,1006.6,99.77157780361864,100
2024-09-08 02:00:00+05:30,22.4,281.0,25.8,1006.1,97.70860481986038,100
2024-09-08 03:00:00+05:30,21.2,280.0,25.7,1006.0,95.97127392002824,100
2024-09-08 04:00:00+05:30,21.4,278.0,25.8,1006.0,100.0,100
2024-09-08 05:00:00+05:30,21.5,279.0,25.7,1006.5,100.0,100
2024-09-08 06:00:00+05:30,20.2,275.0,26.0,1007.1,99.50491096502566,100
2024-09-08 07:00:00+05:30,21.7,276.0,26.7,1007.9,100.0,100
2024-09-08 08:00:00+05:30,26.4,275.0,27.8,1008.4,0.6808707785873014,100
2024-09-08 09:00:00+05:30,27.4,272.0,29.2,1008.2,0.5687283611785807,100
2024-09-08 10:00:00+05:30,28.5,268.0,30.1,1007.5,1.5993843330229598,100
2024-09-08 11:00:00+05:30,29.3,264.0,30.8,1006.9,0.0,100
2024-09-08 12:00:00+05:30,31.1,265.0,30.8,1006.1,0.0,100
2024-09-08 13:00:00+05:30,31.7,270.0,30.6,1005.7,0.0,100
2024-09-08 14:00:00+05:30,29.6,275.0,30.2,1004.8,0.0,100
2024-09-08 15:00:00+05:30,32.4,273.0,30.2,1004.3,0.9993899681392836,100
2024-09-08 16:00:00+05:30,32.7,278.0,29.0,1004.0,0.0,100
2024-09-08 17:00:00+05:30,29.2,279.0,28.0,1004.6,0.46779678234563926,100
2024-09-08 18:00:00+05:30,24.8,271.0,27.4,1004.9,100.0,100
2024-09-08 19:00:00+05:30,25.3,275.0,26.9,1005.7,0.2022023647437114,100
2024-09-08 20:00:00+05:30,25.3,275.0,26.5,1006.5,0.947464049283375,100
2024-09-08 21:00:00+05:30,24.0,279.0,26.3,1007.0,96.30041725571007,100
2024-09-08 22:00:00+05:30,22.7,280.0,26.0,1007.3,99.32042726968261,100
2024-09-08 23:00:00+05:30,22.9,278.0,25.8,1007.1,100.0,100
2024-09-09 00:00:00+05:30,22.1,276.0,25.7,1006.4,99.20353532523598,100
2024-09-09 01:00:00+05:30,22.0,273.0,25.9,1005.6,99.92295875240343,100
2024-09-09 02:00:00+05:30,22.3,269.0,25.8,1005.3,99.52178835511461,100
2024-09-09 03:00:00+05:30,22.7,269.0,25.7,1005.1,99.2533884273062,100
2024-09-09 04:00:00+05:30,25.2,269.0,25.6,1005.3,0.7003981603902862,100
2024-09-09 05:00:00+05:30,23.4,271.0,25.3,1005.4,100.0,100
2024-09-09 06:00:00+05:30,21.8,278.0,25.5,1005.5,100.0,100
2024-09-09 07:00:00+05:30,22.1,276.0,26.0,1006.3,99.71348949096802,100
2024-09-09 08:00:00+05:30,25.4,277.0,27.1,1006.6,0.0,100
2024-09-09 09:00:00+05:30,26.3,273.0,28.0,1006.9,0.5850493811205771,100
2024-09-09 10:00:00+05:30,27.0,270.0,29.0,1006.5,0.0,100
2024-09-09 11:00:00+05:30,28.1,266.0,29.7,1006.0,0.0,100
2024-09-09 12:00:00+05:30,32.1,266.0,29.8,1005.0,0.0,100
2024-09-09 13:00:00+05:30,33.5,271.0,29.6,1004.1,1.2153144650323398,100
2024-09-09 14:00:00+05:30,33.8,269.0,29.5,1003.5,0.14470358201249117,100
2024-09-09 15:00:00+05:30,33.8,270.0,29.1,1003.2,0.0,100
2024-09-09 16:00:00+05:30,32.1,274.0,27.8,1002.8,0.0,100
2024-09-09 17:00:00+05:30,30.3,275.0,27.3,1003.3,0.0,100
2024-09-09 18:00:00+05:30,26.0,276.0,26.7,1003.8,0.0,100
2024-09-09 19:00:00+05:30,24.1,279.0,26.3,1004.5,98.1993881096854,100
2024-09-09 20:00:00+05:30,23.6,278.0,26.1,1005.1,100.0,100
2024-09-09 21:00:00+05:30,23.0,284.0,26.0,1005.6,100.0,100
2024-09-09 22:00:00+05:30,21.0,286.0,25.6,1006.0,97.82795948055171,100
2024-09-09 23:00:00+05:30,20.8,284.0,25.5,1005.4,100.0,100
2024-09-10 00:00:00+05:30,20.7,283.0,25.5,1005.0,99.02095351747423,100
2024-09-10 01:00:00+05:30,20.1,280.0,25.5,1004.3,100.0,100
2024-09-10 02:00:00+05:30,21.2,280.0,25.3,1004.3,100.0,100
2024-09-10 03:00:00+05:30,20.2,281.0,25.2,1004.2,98.83316052526939,100
2024-09-10 04:00:00+05:30,20.2,289.0,24.8,1004.6,100.0,100
2024-09-10 05:00:00+05:30,20.1,280.0,24.5,1005.5,99.31682370162756,100
2024-09-10 06:00:00+05:30,18.9,284.0,25.5,1005.4,99.26656722448051,100
2024-09-10 07:00:00+05:30,21.2,288.0,26.2,1006.2,98.91307217228417,100
2024-09-10 08:00:00+05:30,23.0,287.0,27.1,1006.9,99.15895536455304,100
2024-09-10 09:00:00+05:30,27.2,277.0,28.1,1007.0,0.0,100
2024-09-10 10:00:00+05:30,28.9,275.0,28.5,1006.7,0.2987007421338518,100
2024-09-10 11:00:00+05:30,28.8,269.0,28.9,1006.0,0.0,100
2024-09-10 12:00:00+05:30,31.1,265.0,29.9,1005.0,0.0,100
2024-09-10 13:00:00+05:30,30.0,266.0,30.0,1004.1,0.0,100
2024-09-10 14:00:00+05:30,28.9,265.0,29.4,1003.4,0.08139499458696,100
2024-09-10 15:00:00+05:30,28.1,268.0,27.8,1003.1,2.048790433449802,100
2024-09-10 16:00:00+05:30,28.8,268.0,28.3,1002.7,0.0,100
2024-09-10 17:00:00+05:30,27.4,272.0,27.6,1003.4,0.12164399231515352,100
2024-09-10 18:00:00+05:30,20.9,272.0,27.2,1003.8,99.60593139474793,100
2024-09-10 19:00:00+05:30,21.3,267.0,26.7,1004.8,100.0,100
2024-09-10 20:00:00+05:30,20.2,274.0,26.5,1005.8,100.0,100
2024-09-10 21:00:00+05:30,22.3,273.0,26.2,1006.6,100.0,100
2024-09-10 22:00:00+05:30,21.7,276.0,26.1,1007.0,100.0,100
2024-09-10 23:00:00+05:30,20.3,282.0,25.6,1006.7,97.83521584316915,100
2024-09-11 00:00:00+05:30,20.2,292.0,24.9,1006.4,94.35146962534596,100
2024-09-11 01:00:00+05:30,22.4,276.0,24.3,1006.2,100.0,100
2024-09-11 02:00:00+05:30,22.3,280.0,24.3,1005.2,98.33902799003408,100
2024-09-11 03:00:00+05:30,19.5,286.0,24.5,1004.8,98.45429467780484,100
2024-09-11 04:00:00+05:30,20.6,282.0,24.1,1005.3,100.0,100
2024-09-11 05:00:00+05:30,20.7,278.0,24.6,1005.7,99.03225761504349,100
2024-09-11 06:00:00+05:30,19.0,289.0,24.4,1005.4,100.0,100
2024-09-11 07:00:00+05:30,20.4,291.0,25.7,1006.2,100.0,100
2024-09-11 08:00:00+05:30,22.5,282.0,26.8,1007.2,100.0,100
2024-09-11 09:00:00+05:30,23.1,275.0,28.0,1007.6,100.0,100
2024-09-11 10:00:00+05:30,23.8,267.0,29.2,1007.3,100.0,100
2024-09-11 11:00:00+05:30,26.4,265.0,28.9,1006.7,0.0,100
2024-09-11 12:00:00+05:30,31.3,271.0,27.5,1006.4,0.0,100
2024-09-11 13:00:00+05:30,28.8,269.0,27.9,1005.4,0.0,100
2024-09-11 14:00:00+05:30,28.9,274.0,28.8,1004.5,1.205983795603054,100
2024-09-11 15:00:00+05:30,31.0,270.0,29.1,1003.9,0.8239793687478506,100
2024-09-11 16:00:00+05:30,29.6,274.0,28.3,1003.9,0.6362450602783418,100
2024-09-11 17:00:00+05:30,26.8,276.0,27.6,1004.6,0.0,100
2024-09-11 18:00:00+05:30,19.9,275.0,26.5,1005.1,100.0,100
2024-09-11 19:00:00+05:30,19.1,269.0,26.1,1006.1,98.8827480669988,100
2024-09-11 20:00:00+05:30,17.7,276.0,26.2,1006.9,99.85246372790733,100
2024-09-11 21:00:00+05:30,16.8,279.0,26.2,1007.1,100.0,100
2024-09-11 22:00:00+05:30,20.2,274.0,26.1,1007.9,100.0,100
2024-09-11 23:00:00+05:30,19.5,275.0,25.7,1007.5,100.0,100
2024-09-12 00:00:00+05:30,19.1,272.0,25.3,1007.0,100.0,100
2024-09-12 01:00:00+05:30,17.8,277.0,25.2,1006.4,98.47905883062697,100
2024-09-12 02:00:00+05:30,18.1,287.0,25.0,1005.9,99.87158527060178,100
2024-09-12 03:00:00+05:30,17.5,289.0,25.0,1005.9,99.81814917447355,100
2024-09-12 04:00:00+05:30,18.2,288.0,25.0,1006.2,99.83187749528867,100
2024-09-12 05:00:00+05:30,19.4,288.0,24.9,1006.4,97.34750855816866,100
2024-09-12 06:00:00+05:30,19.5,272.0,25.5,1007.2,100.0,100
2024-09-12 07:00:00+05:30,19.6,284.0,25.7,1007.8,99.35596760897172,100
2024-09-12 08:00:00+05:30,23.1,281.0,26.8,1008.6,100.0,100
2024-09-12 09:00:00+05:30,23.3,278.0,28.0,1008.5,100.0,100
2024-09-12 10:00:00+05:30,23.8,273.0,29.4,1007.9,95.93273280559907,100
2024-09-12 11:00:00+05:30,24.8,271.0,29.8,1007.2,100.0,100
2024-09-12 12:00:00+05:30,27.0,270.0,30.9,1006.1,1.780983918854017,100
2024-09-12 13:00:00+05:30,28.1,271.0,30.7,1005.1,0.0,100
2024-09-12 14:00:00+05:30,28.8,269.0,30.7,1004.1,0.0,100
2024-09-12 15:00:00+05:30,28.5,274.0,29.8,1004.0,0.5266621310952313,100
2024-09-12 16:00:00+05:30,28.6,275.0,29.3,1004.1,0.0,100
2024-09-12 17:00:00+05:30,26.6,279.0,28.5,1004.6,0.5482961615843354,100
2024-09-12 18:00:00+05:30,20.2,269.0,27.6,1004.9,100.0,100
2024-09-12 19:00:00+05:30,21.2,270.0,27.2,1006.2,100.0,100
2024-09-12 20:00:00+05:30,22.3,271.0,27.0,1006.6,95.68900132143422,100
2024-09-12 21:00:00+05:30,23.4,273.0,26.8,1007.0,100.0,100
2024-09-12 22:00:00+05:30,24.6,277.0,26.6,1007.1,100.0,100
2024-09-12 23:00:00+05:30,25.0,277.0,26.2,1006.6,100.0,100
2024-09-13 00:00:00+05:30,25.5,278.0,26.0,1006.2,0.3820013039084173,100
2024-09-13 01:00:00+05:30,26.8,281.0,25.7,1005.6,0.0,100
2024-09-13 02:00:00+05:30,24.8,279.0,25.4,1005.0,100.0,100
2024-09-13 03:00:00+05:30,24.4,278.0,25.3,1004.9,97.16108081358284,100
2024-09-13 04:00:00+05:30,23.7,279.0,25.1,1005.0,96.64011624778827,100
2024-09-13 05:00:00+05:30,22.9,278.0,25.1,1005.5,100.0,100
2024-09-13 06:00:00+05:30,22.3,280.0,25.6,1005.9,100.0,100
2024-09-13 07:00:00+05:30,22.0,281.0,26.9,1006.5,99.93015634026845,100
2024-09-13 08:00:00+05:30,23.5,281.0,28.6,1007.0,97.38394200463586,100
2024-09-13 09:00:00+05:30,25.9,280.0,30.5,1007.0,1.0432667598503076,100
2024-09-13 10:00:00+05:30,26.4,275.0,31.4,1006.3,0.0,100
2024-09-13 11:00:00+05:30,26.3,272.0,32.1,1005.7,1.734957490602767,100
2024-09-13 12:00:00+05:30,28.2,266.0,31.8,1004.7,0.6710562603756535,100
2024-09-13 13:00:00+05:30,29.2,266.0,31.4,1003.9,0.5328752810722294,100
2024-09-13 14:00:00+05:30,31.0,267.0,31.3,1003.2,0.0,100
2024-09-13 15:00:00+05:30,31.7,269.0,30.8,1002.9,1.7453439081268878,100
2024-09-13 16:00:00+05:30,30.6,269.0,29.8,1002.9,2.280681359529393,100
2024-09-13 17:00:00+05:30,28.4,270.0,28.7,1003.2,0.7951649349833653,100
2024-09-13 18:00:00+05:30,24.9,267.0,27.7,1004.1,99.3406965696169,100
2024-09-13 19:00:00+05:30,25.2,269.0,27.3,1005.0,0.0,100
2024-09-13 20:00:00+05:30,25.6,271.0,27.0,1005.8,0.0,100
2024-09-13 21:00:00+05:30,25.6,273.0,26.8,1006.4,2.349778654113478,100
2024-09-13 22:00:00+05:30,25.6,274.0,26.5,1006.6,0.0,100
2024-09-13 23:00:00+05:30,25.3,276.0,26.3,1006.1,0.0,100
2024-09-14 00:00:00+05:30,25.4,277.0,26.1,1005.6,0.0,100
2024-09-14 01:00:00+05:30,25.1,277.0,25.9,1005.0,0.0,100
2024-09-14 02:00:00+05:30,23.8,280.0,25.6,1004.4,100.0,100
2024-09-14 03:00:00+05:30,24.5,280.0,25.5,1004.1,97.86839731400053,100
2024-09-14 04:00:00+05:30,23.6,282.0,25.2,1004.4,100.0,100
2024-09-14 05:00:00+05:30,23.2,283.0,25.1,1004.9,100.0,100
2024-09-14 06:00:00+05:30,20.6,286.0,25.5,1005.3,100.0,100
2024-09-14 07:00:00+05:30,20.5,288.0,26.5,1006.2,100.0,100
2024-09-14 08:00:00+05:30,24.0,289.0,28.0,1006.8,95.02384395700773,100
2024-09-14 09:00:00+05:30,27.2,290.0,29.8,1007.0,0.2415207878706137,100
2024-09-14 10:00:00+05:30,26.6,286.0,31.2,1006.6,0.0,100
2024-09-14 11:00:00+05:30,28.2,280.0,32.0,1005.8,0.6268153188372038,100
2024-09-14 12:00:00+05:30,28.1,273.0,31.9,1004.6,0.0,100
2024-09-14 13:00:00+05:30,28.8,272.0,31.8,1003.6,0.11886475611341263,100
2024-09-14 14:00:00+05:30,28.8,268.0,31.5,1002.9,0.0,100
2024-09-14 15:00:00+05:30,30.3,267.0,30.4,1002.5,0.0,100
2024-09-14 16:00:00+05:30,30.2,270.0,29.7,1002.6,1.38929289663996,100
2024-09-14 17:00:00+05:30,28.1,273.0,28.5,1003.3,0.0,100
2024-09-14 18:00:00+05:30,22.7,274.0,27.6,1004.0,100.0,100
2024-09-14 19:00:00+05:30,22.5,276.0,27.3,1004.9,99.63057026449276,100
2024-09-14 20:00:00+05:30,22.1,277.0,27.1,1005.9,99.65570217579024,100
2024-09-14 21:00:00+05:30,21.6,281.0,26.9,1006.5,99.0917073764526,100
2024-09-14 22:00:00+05:30,20.7,283.0,26.8,1006.8,100.0,100
2024-09-14 23:00:00+05:30,20.7,283.0,26.6,1006.5,100.0,100
2024-09-15 00:00:00+05:30,21.1,284.0,26.3,1005.7,100.0,100
2024-09-15 01:00:00+05:30,22.5,283.0,26.2,1004.8,100.0,100
2024-09-15 02:00:00+05:30,23.4,281.0,26.1,1004.1,100.0,100
2024-09-15 03:00:00+05:30,24.9,280.0,25.9,1003.8,100.0,100
2024-09-15 04:00:00+05:30,26.3,280.0,25.9,1004.0,0.0,100
2024-09-15 05:00:00+05:30,26.0,280.0,25.8,1004.3,0.6066566239194109,100
2024-09-15 06:00:00+05:30,23.0,280.0,26.0,1005.4,99.89355446428333,100
2024-09-15 07:00:00+05:30,22.4,281.0,27.1,1005.9,97.97026979913288,100
2024-09-15 08:00:00+05:30,23.2,283.0,28.7,1006.5,100.0,100
2024-09-15 09:00:00+05:30,26.0,280.0,30.6,1006.8,0.8499363825149334,100
2024-09-15 10:00:00+05:30,26.7,275.0,31.4,1006.4,1.871042247069762,100
2024-09-15 11:00:00+05:30,27.0,270.0,31.8,1005.9,0.7297284408656355,100
2024-09-15 12:00:00+05:30,29.2,270.0,31.9,1004.7,0.0,100
2024-09-15 13:00:00+05:30,29.2,271.0,31.8,1003.6,0.14330437125375553,100
2024-09-15 14:00:00+05:30,32.3,277.0,31.6,1002.9,0.0,100
2024-09-15 15:00:00+05:30,30.7,279.0,31.0,1002.3,0.0,100
2024-09-15 16:00:00+05:30,29.8,278.0,30.3,1002.7,0.7299610446255878,100
2024-09-15 17:00:00+05:30,30.4,280.0,29.1,1003.3,0.0,100
2024-09-15 18:00:00+05:30,26.7,272.0,27.9,1003.6,1.8255189001333694,100
2024-09-15 19:00:00+05:30,26.8,276.0,27.7,1004.5,1.6640031923985426,100
2024-09-15 20:00:00+05:30,27.2,277.0,27.5,1005.4,0.0,100
2024-09-15 21:00:00+05:30,27.2,278.0,27.2,1006.1,0.0,100
2024-09-15 22:00:00+05:30,26.6,279.0,26.9,1006.4,0.0,100
2024-09-15 23:00:00+05:30,25.9,279.0,26.5,1006.0,1.149392536622997,100
2024-09-16 00:00:00+05:30,26.3,280.0,26.2,1005.2,0.19222030058648215,100
2024-09-16 01:00:00+05:30,25.7,281.0,26.0,1004.6,0.0,100
2024-09-16 02:00:00+05:30,25.3,281.0,25.9,1004.1,0.0,100
2024-09-16 03:00:00+05:30,24.2,281.0,25.8,1004.1,100.0,100
2024-09-16 04:00:00+05:30,23.8,280.0,25.6,1004.6,100.0,100
2024-09-16 05:00:00+05:30,23.7,279.0,25.5,1005.2,100.0,100
2024-09-16 06:00:00+05:30,26.7,284.0,25.8,1005.0,1.2046311808929673,100
2024-09-16 07:00:00+05:30,22.8,286.0,26.8,1005.5,98.2952678827419,100
2024-09-16 08:00:00+05:30,24.3,278.0,28.6,1006.1,99.88785473384053,100
2024-09-16 09:00:00+05:30,29.3,281.0,30.4,1006.6,0.0,100
2024-09-16 10:00:00+05:30,30.1,285.0,31.7,1006.2,0.0,100
2024-09-16 11:00:00+05:30,30.7,279.0,32.9,1005.4,0.0,100
2024-09-16 12:00:00+05:30,32.5,274.0,32.7,1004.4,1.3275194030712814,100
2024-09-16 13:00:00+05:30,31.5,275.0,32.5,1003.6,0.0,100
2024-09-16 14:00:00+05:30,32.5,274.0,32.2,1003.1,1.4291847733132315,100
2024-09-16 15:00:00+05:30,33.5,272.0,30.9,1003.3,0.0,100
2024-09-16 16:00:00+05:30,34.0,276.0,30.1,1003.4,0.0,100
2024-09-16 17:00:00+05:30,32.5,280.0,29.0,1003.4,0.0,100
2024-09-16 18:00:00+05:30,28.9,274.0,28.3,1004.0,0.0,100
2024-09-16 19:00:00+05:30,30.4,275.0,27.9,1005.0,0.6035810996329355,100
2024-09-16 20:00:00+05:30,30.8,277.0,27.8,1005.6,0.0,100
2024-09-16 21:00:00+05:30,29.3,276.0,27.6,1006.4,0.0,100
2024-09-16 22:00:00+05:30,28.3,277.0,27.3,1006.7,0.3120843583626354,100
2024-09-16 23:00:00+05:30,28.9,281.0,26.9,1006.4,0.0,100
2024-09-17 00:00:00+05:30,28.8,279.0,26.5,1005.2,0.3887437892546071,100
2024-09-17 01:00:00+05:30,29.7,280.0,25.9,1004.7,0.7869988832349812,100
2024-09-17 02:00:00+05:30,29.2,280.0,25.8,1004.3,1.009087748577157,100
2024-09-17 03:00:00+05:30,29.2,283.0,25.5,1003.9,0.5225822465612225,100
2024-09-17 04:00:00+05:30,28.8,286.0,25.2,1004.0,0.5574406339281127,100
2024-09-17 05:00:00+05:30,26.6,286.0,25.1,1004.2,0.0,100
2024-09-17 06:00:00+05:30,24.0,279.0,25.8,1005.0,98.11947115443712,100
2024-09-17 07:00:00+05:30,23.8,280.0,26.9,1005.7,100.0,100
2024-09-17 08:00:00+05:30,23.7,287.0,29.1,1005.8,99.7826826750798,100
2024-09-17 09:00:00+05:30,26.9,286.0,30.8,1006.3,1.2446023084895432,100
2024-09-17 10:00:00+05:30,27.7,291.0,32.2,1005.8,1.4034759773373766,100
2024-09-17 11:00:00+05:30,29.2,286.0,33.7,1005.2,0.0,100
2024-09-17 12:00:00+05:30,31.1,281.0,34.2,1004.1,1.8499424521994425,100
2024-09-17 13:00:00+05:30,31.8,280.0,33.2,1003.2,0.0,100
2024-09-17 14:00:00+05:30,31.2,277.0,32.6,1002.2,0.6476613432607564,100
2024-09-17 15:00:00+05:30,33.4,281.0,31.9,1001.6,0.6202289772293209,100
2024-09-17 16:00:00+05:30,33.6,280.0,30.6,1001.6,0.8336966144556595,100
2024-09-17 17:00:00+05:30,32.7,278.0,29.1,1002.3,1.3284011401324385,100
2024-09-17 18:00:00+05:30,27.6,277.0,28.4,1003.0,0.0,100
2024-09-17 19:00:00+05:30,29.8,282.0,27.7,1003.5,0.0,100
2024-09-17 20:00:00+05:30,29.6,283.0,27.2,1004.2,0.0,100
2024-09-17 21:00:00+05:30,29.9,283.0,27.0,1004.9,0.0,100
2024-09-17 22:00:00+05:30,29.7,284.0,26.7,1005.1,0.0,100
2024-09-17 23:00:00+05:30,28.0,283.0,26.3,1005.0,0.0,100
2024-09-18 00:00:00+05:30,27.5,281.0,25.9,1004.6,0.05051989363274254,100
2024-09-18 01:00:00+05:30,26.7,284.0,25.7,1004.1,0.013748250159141122,100
2024-09-18 02:00:00+05:30,27.0,286.0,25.4,1003.4,0.0,100
2024-09-18 03:00:00+05:30,27.7,286.0,25.2,1003.1,0.0,100
2024-09-18 04:00:00+05:30,26.7,291.0,25.1,1002.8,0.0,100
2024-09-18 05:00:00+05:30,24.9,290.0,25.1,1002.7,100.0,100
2024-09-18 06:00:00+05:30,24.3,291.0,25.9,1002.8,98.31539818487119,100
2024-09-18 07:00:00+05:30,21.2,288.0,27.1,1003.2,100.0,100
2024-09-18 08:00:00+05:30,25.3,293.0,29.5,1003.9,0.3731947499023716,100
2024-09-18 09:00:00+05:30,27.2,288.0,31.0,1004.6,1.030382802822917,100
2024-09-18 10:00:00+05:30,25.6,281.0,32.1,1004.7,0.0,100
2024-09-18 11:00:00+05:30,25.4,277.0,33.1,1004.1,0.0,100
2024-09-18 12:00:00+05:30,27.4,273.0,33.4,1002.9,0.0,100
2024-09-18 13:00:00+05:30,28.4,271.0,32.9,1001.8,0.24324736161632998,100
2024-09-18 14:00:00+05:30,31.1,265.0,31.9,1001.5,0.0,100
2024-09-18 15:00:00+05:30,31.6,263.0,30.4,1001.7,0.8285318523518385,100
2024-09-18 16:00:00+05:30,28.5,273.0,29.6,1001.5,1.1983450938518028,100
2024-09-18 17:00:00+05:30,27.7,271.0,28.7,1001.8,0.7224178314143636,100
2024-09-18 18:00:00+05:30,23.2,263.0,27.8,1002.2,100.0,100
2024-09-18 19:00:00+05:30,24.2,274.0,27.4,1002.8,100.0,100
2024-09-18 20:00:00+05:30,24.1,273.0,27.0,1003.5,100.0,100
2024-09-18 21:00:00+05:30,24.2,274.0,26.8,1004.4,95.51615916775525,100
2024-09-18 22:00:00+05:30,24.1,284.0,26.4,1004.8,100.0,100
2024-09-18 23:00:00+05:30,23.7,287.0,26.0,1004.4,98.48847946754606,100
2024-09-19 00:00:00+05:30,22.7,280.0,25.7,1003.8,98.89835531696266,100
2024-09-19 01:00:00+05:30,21.3,281.0,25.7,1003.3,100.0,100
2024-09-19 02:00:00+05:30,19.1,282.0,25.4,1002.9,100.0,100
2024-09-19 03:00:00+05:30,19.0,280.0,25.2,1002.9,96.98560933387813,100
2024-09-19 04:00:00+05:30,19.6,283.0,25.0,1003.1,100.0,100
2024-09-19 05:00:00+05:30,20.4,287.0,24.9,1003.4,100.0,100
2024-09-19 06:00:00+05:30,22.6,287.0,25.5,1004.4,97.44889740996454,100
2024-09-19 07:00:00+05:30,22.3,288.0,26.8,1004.9,99.43404210545741,100
2024-09-19 08:00:00+05:30,24.5,290.0,28.7,1005.4,98.9742005994457,100
2024-09-19 09:00:00+05:30,25.0,288.0,30.1,1005.7,95.79811353017602,100
2024-09-19 10:00:00+05:30,24.1,279.0,31.6,1005.4,98.5617192474815,100
2024-09-19 11:00:00+05:30,25.6,271.0,32.6,1004.5,0.009174654478016716,100
2024-09-19 12:00:00+05:30,27.8,266.0,32.6,1003.6,0.9935136697151705,100
2024-09-19 13:00:00+05:30,29.6,266.0,32.4,1002.6,0.23904893107606545,100
2024-09-19 14:00:00+05:30,30.9,263.0,31.4,1002.1,0.0,100
2024-09-19 15:00:00+05:30,30.8,264.0,30.9,1001.8,0.5851237282099679,100
2024-09-19 16:00:00+05:30,30.3,265.0,29.8,1002.0,0.19919549184280055,100
2024-09-19 17:00:00+05:30,28.1,269.0,28.4,1002.2,0.0,100
2024-09-19 18:00:00+05:30,22.7,269.0,27.6,1002.7,100.0,100
2024-09-19 19:00:00+05:30,22.3,272.0,27.2,1003.5,100.0,100
2024-09-19 20:00:00+05:30,22.0,274.0,27.1,1004.6,97.76384933433934,100
2024-09-19 21:00:00+05:30,20.7,277.0,26.9,1005.3,100.0,100
2024-09-19 22:00:00+05:30,20.9,281.0,26.7,1005.6,100.0,100
2024-09-19 23:00:00+05:30,20.5,281.0,26.4,1005.5,97.93448231254325,100
2024-09-20 00:00:00+05:30,21.6,281.0,26.0,1005.1,97.82338876740458,100
2024-09-20 01:00:00+05:30,22.8,282.0,25.7,1004.2,95.78576861591215,100
2024-09-20 02:00:00+05:30,23.4,284.0,25.2,1003.6,100.0,100
2024-09-20 03:00:00+05:30,22.9,283.0,24.6,1003.1,100.0,100
2024-09-20 04:00:00+05:30,25.3,285.0,24.5,1003.2,0.0,100
2024-09-20 05:00:00+05:30,23.2,289.0,24.1,1003.3,100.0,100
2024-09-20 06:00:00+05:30,21.9,284.0,25.2,1003.7,100.0,100
2024-09-20 07:00:00+05:30,21.6,281.0,26.5,1004.2,96.94196265439672,100
2024-09-20 08:00:00+05:30,22.1,282.0,28.5,1004.9,99.0011687298085,100
2024-09-20 09:00:00+05:30,22.8,276.0,30.2,1005.4,100.0,100
2024-09-20 10:00:00+05:30,23.6,277.0,31.8,1005.1,100.0,100
2024-09-20 11:00:00+05:30,25.6,271.0,32.7,1004.6,1.1393570277938114,100
2024-09-20 12:00:00+05:30,28.3,263.0,32.5,1003.7,0.0,100
2024-09-20 13:00:00+05:30,31.0,261.0,32.0,1002.7,0.0,100
2024-09-20 14:00:00+05:30,31.4,261.0,31.6,1002.1,0.24270962322818251,100
2024-09-20 15:00:00+05:30,31.4,261.0,30.7,1001.9,0.0,100
2024-09-20 16:00:00+05:30,30.3,265.0,29.4,1002.0,0.0,100
2024-09-20 17:00:00+05:30,29.5,269.0,28.3,1002.2,0.0,100
2024-09-20 18:00:00+05:30,26.7,267.0,27.1,1003.3,1.3990098510802893,100
2024-09-20 19:00:00+05:30,26.7,272.0,26.9,1004.0,0.7649838448340905,100
2024-09-20 20:00:00+05:30,26.8,275.0,26.6,1004.9,0.0,100
2024-09-20 21:00:00+05:30,26.2,278.0,26.2,1005.4,0.20999779590865805,100
2024-09-20 22:00:00+05:30,25.1,278.0,25.9,1005.9,0.2926529113789437,100
2024-09-20 23:00:00+05:30,25.9,279.0,25.6,1005.7,0.5045263698604975,100
2024-09-21 00:00:00+05:30,26.4,281.0,25.4,1005.1,0.0,100
2024-09-21 01:00:00+05:30,27.6,282.0,25.1,1004.5,0.0,100
2024-09-21 02:00:00+05:30,27.1,284.0,24.8,1003.8,0.0,100
2024-09-21 03:00:00+05:30,26.7,286.0,24.6,1003.5,0.7564876784925274,100
2024-09-21 04:00:00+05:30,26.8,285.0,24.7,1003.5,0.3454607230189656,100
2024-09-21 05:00:00+05:30,26.8,285.0,24.6,1003.6,1.2463774093151643,100
2024-09-21 06:00:00+05:30,25.3,285.0,25.5,1003.9,0.6354869280177382,100
2024-09-21 07:00:00+05:30,23.4,284.0,26.9,1004.8,100.0,100
2024-09-21 08:00:00+05:30,25.6,284.0,28.7,1005.5,0.0,100
2024-09-21 09:00:00+05:30,28.3,282.0,30.3,1005.9,0.0,100
2024-09-21 10:00:00+05:30,28.4,279.0,31.8,1005.6,0.0,100
2024-09-21 11:00:00+05:30,29.2,274.0,32.4,1004.8,0.0,100
2024-09-21 12:00:00+05:30,30.3,272.0,32.5,1003.9,0.0,100
2024-09-21 13:00:00+05:30,31.3,269.0,32.2,1002.9,0.22815643811595326,100
2024-09-21 14:00:00+05:30,32.8,269.0,31.6,1002.1,0.0,100
2024-09-21 15:00:00+05:30,34.6,270.0,31.0,1001.8,0.15786637629940795,100
2024-09-21 16:00:00+05:30,32.5,275.0,30.3,1001.4,0.12283185643520783,100
2024-09-21 17:00:00+05:30,33.1,278.0,29.5,1002.0,0.0,100
2024-09-21 18:00:00+05:30,27.0,271.0,28.6,1002.8,1.8353875453079975,100
2024-09-21 19:00:00+05:30,27.4,274.0,28.2,1003.7,0.0,100
2024-09-21 20:00:00+05:30,26.4,276.0,27.7,1004.7,0.0,100
2024-09-21 21:00:00+05:30,25.6,280.0,27.4,1005.5,1.1545292604975341,100
2024-09-21 22:00:00+05:30,25.9,280.0,27.0,1005.5,0.0,100
2024-09-21 23:00:00+05:30,25.8,282.0,26.6,1005.2,0.0,100
2024-09-22 00:00:00+05:30,26.7,284.0,26.2,1004.1,1.890639227159485,100
2024-09-22 01:00:00+05:30,24.4,284.0,25.7,1003.8,100.0,100
2024-09-22 02:00:00+05:30,23.0,287.0,25.4,1003.4,99.39479542015923,100
2024-09-22 03:00:00+05:30,22.7,290.0,25.1,1003.1,100.0,100
2024-09-22 04:00:00+05:30,22.1,289.0,25.0,1003.4,100.0,100
2024-09-22 05:00:00+05:30,22.1,289.0,24.8,1003.8,97.28191613994954,100
2024-09-22 06:00:00+05:30,23.5,288.0,25.4,1003.5,100.0,100
2024-09-22 07:00:00+05:30,21.9,284.0,26.8,1003.8,100.0,100
2024-09-22 08:00:00+05:30,23.9,282.0,28.6,1004.4,98.92879962430592,100
2024-09-22 09:00:00+05:30,26.1,282.0,30.3,1005.0,2.4090531147991125,100
2024-09-22 10:00:00+05:30,27.2,278.0,31.9,1004.9,0.7198343316418299,100
2024-09-22 11:00:00+05:30,28.8,271.0,31.8,1004.7,0.0,100
2024-09-22 12:00:00+05:30,30.2,269.0,31.4,1003.9,0.0,100
2024-09-22 13:00:00+05:30,31.7,271.0,31.3,1002.9,0.22747225038928356,100
2024-09-22 14:00:00+05:30,32.4,272.0,31.2,1002.1,0.1751367442902374,100
2024-09-22 15:00:00+05:30,34.2,271.0,30.7,1001.8,0.0,100
2024-09-22 16:00:00+05:30,36.1,274.0,29.6,1001.8,0.0,100
2024-09-22 17:00:00+05:30,33.8,277.0,28.2,1001.9,0.29534839178116806,100
2024-09-22 18:00:00+05:30,25.9,268.0,27.0,1002.8,0.0,100
2024-09-22 19:00:00+05:30,24.1,270.0,26.9,1003.4,100.0,100
2024-09-22 20:00:00+05:30,28.1,271.0,26.9,1004.1,0.0,100
2024-09-22 21:00:00+05:30,28.9,275.0,26.4,1005.0,0.018404665076377447,100
2024-09-22 22:00:00+05:30,29.1,279.0,26.2,1005.0,0.0,100
2024-09-22 23:00:00+05:30,29.1,279.0,25.7,1004.6,0.6221367578001815,100
2024-09-23 00:00:00+05:30,29.6,280.0,25.3,1003.8,0.6443253840327907,100
2024-09-23 01:00:00+05:30,29.1,279.0,25.0,1003.0,0.0,100
2024-09-23 02:00:00+05:30,27.6,282.0,24.8,1002.5,2.6957433159631505,100
2024-09-23 03:00:00+05:30,27.1,284.0,24.8,1002.4,0.9185360880372336,100
2024-09-23 04:00:00+05:30,25.4,282.0,24.6,1002.7,0.0,100
2024-09-23 05:00:00+05:30,26.5,282.0,24.6,1003.0,0.0,100
2024-09-23 06:00:00+05:30,25.4,282.0,24.8,1003.5,1.0415797201178874,100
2024-09-23 07:00:00+05:30,25.8,283.0,26.1,1004.4,1.1671311562540583,100
2024-09-23 08:00:00+05:30,27.9,284.0,27.0,1004.9,0.7808967464469162,100
2024-09-23 09:00:00+05:30,29.7,280.0,28.9,1005.0,0.0,100
2024-09-23 10:00:00+05:30,30.1,278.0,29.4,1004.8,0.0,100
2024-09-23 11:00:00+05:30,31.5,276.0,30.8,1004.3,0.0,100
2024-09-23 12:00:00+05:30,31.7,273.0,31.2,1003.2,0.0,100
2024-09-23 13:00:00+05:30,32.4,271.0,30.8,1002.4,0.0,100
2024-09-23 14:00:00+05:30,32.4,271.0,30.3,1001.9,0.0,100
2024-09-23 15:00:00+05:30,31.4,273.0,30.6,1001.2,1.0673245866214491,100
2024-09-23 16:00:00+05:30,31.8,275.0,30.0,1001.3,0.0,100
2024-09-23 17:00:00+05:30,30.1,276.0,28.6,1001.9,0.0,100
2024-09-23 18:00:00+05:30,25.6,272.0,27.6,1002.5,0.0,100
2024-09-23 19:00:00+05:30,25.4,277.0,27.0,1003.5,0.12624735506843765,100
2024-09-23 20:00:00+05:30,25.2,279.0,26.7,1004.3,0.8248917097414971,100
2024-09-23 21:00:00+05:30,25.9,284.0,26.5,1005.0,0.8089005574263871,100
2024-09-23 22:00:00+05:30,25.1,283.0,26.3,1005.0,0.0,100
2024-09-23 23:00:00+05:30,26.1,281.0,26.1,1004.5,0.0,100
2024-09-24 00:00:00+05:30,25.8,283.0,25.8,1004.1,0.4329369542915948,100
2024-09-24 01:00:00+05:30,26.9,282.0,25.6,1003.3,0.0,100
2024-09-24 02:00:00+05:30,29.3,281.0,25.2,1002.7,0.0,100
2024-09-24 03:00:00+05:30,28.6,281.0,25.3,1002.2,0.05631091507823956,100
2024-09-24 04:00:00+05:30,26.6,283.0,25.0,1002.5,0.0,100
2024-09-24 05:00:00+05:30,26.9,282.0,25.0,1002.7,0.3569843299219953,100
2024-09-24 06:00:00+05:30,24.0,279.0,25.9,1003.1,100.0,100
2024-09-24 07:00:00+05:30,22.1,276.0,27.3,1003.8,99.2773773087595,100
2024-09-24 08:00:00+05:30,28.7,282.0,29.0,1004.2,1.2978470113806746,100
2024-09-24 09:00:00+05:30,30.3,280.0,30.6,1004.7,0.05684473027347578,100
2024-09-24 10:00:00+05:30,31.0,271.0,30.4,1004.7,1.080696570558574,100
2024-09-24 11:00:00+05:30,31.7,270.0,30.8,1004.1,0.0,100
2024-09-24 12:00:00+05:30,32.1,268.0,30.7,1003.2,0.0,100
2024-09-24 13:00:00+05:30,35.3,267.0,30.9,1002.2,0.6708364702766414,100
2024-09-24 14:00:00+05:30,35.3,268.0,30.3,1001.3,1.7367433630732203,100
2024-09-24 15:00:00+05:30,35.3,270.0,29.8,1000.7,1.4166540499521103,100
2024-09-24 16:00:00+05:30,34.9,269.0,29.2,1001.0,0.0,100
2024-09-24 17:00:00+05:30,32.0,271.0,28.1,1001.3,0.0,100
2024-09-24 18:00:00+05:30,23.9,275.0,27.2,1002.2,100.0,100
2024-09-24 19:00:00+05:30,23.6,278.0,26.8,1003.0,99.73750354201015,100
2024-09-24 20:00:00+05:30,22.8,276.0,26.5,1003.7,100.0,100
2024-09-24 21:00:00+05:30,22.5,276.0,26.5,1004.3,100.0,100
2024-09-24 22:00:00+05:30,22.5,276.0,26.2,1004.5,98.43368031511706,100
2024-09-24 23:00:00+05:30,24.1,279.0,26.2,1004.5,97.56479164924905,100
2024-09-25 00:00:00+05:30,23.9,282.0,25.9,1003.9,99.351729065372,100
2024-09-25 01:00:00+05:30,24.3,282.0,25.7,1003.0,98.31819276513458,100
2024-09-25 02:00:00+05:30,23.9,282.0,25.7,1002.8,100.0,100
2024-09-25 03:00:00+05:30,24.0,283.0,25.6,1002.5,98.94324854830418,100
2024-09-25 04:00:00+05:30,24.0,287.0,25.3,1002.4,100.0,100
2024-09-25 05:00:00+05:30,23.1,285.0,25.1,1002.5,100.0,100
2024-09-25 06:00:00+05:30,23.4,284.0,25.7,1003.1,99.01839426390377,100
2024-09-25 07:00:00+05:30,23.1,281.0,26.9,1003.7,99.57930292033414,100
2024-09-25 08:00:00+05:30,29.1,285.0,28.7,1004.3,0.0,100
2024-09-25 09:00:00+05:30,30.1,281.0,30.3,1004.8,0.0,100
2024-09-25 10:00:00+05:30,30.7,275.0,31.7,1004.2,0.0,100
2024-09-25 11:00:00+05:30,32.2,268.0,32.0,1003.8,0.9187656562789315,100
2024-09-25 12:00:00+05:30,32.6,271.0,31.7,1003.0,0.0,100
2024-09-25 13:00:00+05:30,34.0,268.0,31.6,1001.9,0.0,100
2024-09-25 14:00:00+05:30,34.0,269.0,31.2,1001.2,0.13297471680568448,100
2024-09-25 15:00:00+05:30,34.2,275.0,30.6,1001.0,0.0,100
2024-09-25 16:00:00+05:30,32.8,277.0,29.9,1001.0,1.1800595933403566,100
2024-09-25 17:00:00+05:30,28.6,275.0,28.6,1001.3,0.0,100
2024-09-25 18:00:00+05:30,24.4,274.0,27.6,1001.9,99.677072638256,100
2024-09-25 19:00:00+05:30,25.4,270.0,27.2,1003.1,0.0,100
2024-09-25 20:00:00+05:30,25.1,274.0,26.9,1003.7,0.0,100
2024-09-25 21:00:00+05:30,24.6,279.0,26.7,1003.9,100.0,100
2024-09-25 22:00:00+05:30,23.9,279.0,26.5,1003.7,100.0,100
2024-09-25 23:00:00+05:30,23.0,280.0,26.2,1003.6,98.23095626824889,100
2024-09-26 00:00:00+05:30,22.7,283.0,26.0,1003.1,100.0,100
2024-09-26 01:00:00+05:30,23.9,287.0,25.6,1002.2,98.89411436161659,100
2024-09-26 02:00:00+05:30,22.3,286.0,25.4,1001.6,99.52631555542641,100
2024-09-26 03:00:00+05:30,19.8,283.0,25.3,1001.8,100.0,100
2024-09-26 04:00:00+05:30,20.1,275.0,25.3,1001.7,100.0,100
2024-09-26 05:00:00+05:30,21.6,273.0,25.1,1002.5,99.04460044666317,100
2024-09-26 06:00:00+05:30,19.1,281.0,25.6,1002.7,95.27801274237412,100
2024-09-26 07:00:00+05:30,19.6,277.0,27.2,1003.8,99.90275751916045,100
2024-09-26 08:00:00+05:30,21.3,289.0,29.1,1003.8,100.0,100
2024-09-26 09:00:00+05:30,22.9,288.0,31.3,1004.3,100.0,100
2024-09-26 10:00:00+05:30,24.5,283.0,32.5,1004.3,95.6544354063576,100
2024-09-26 11:00:00+05:30,26.3,278.0,33.5,1003.6,0.008542963169886357,100
2024-09-26 12:00:00+05:30,27.6,265.0,32.8,1003.0,0.2653135499843913,100
2024-09-26 13:00:00+05:30,28.5,272.0,32.4,1001.9,1.4652758775566757,100
2024-09-26 14:00:00+05:30,27.4,274.0,32.3,1001.0,0.2953342353696956,100
2024-09-26 15:00:00+05:30,28.1,273.0,32.1,1000.6,0.0,100
2024-09-26 16:00:00+05:30,30.6,269.0,30.4,1001.2,0.0,100
2024-09-26 17:00:00+05:30,29.2,273.0,28.9,1001.9,0.42953606989748283,100
2024-09-26 18:00:00+05:30,24.0,280.0,28.4,1002.1,97.39243684598607,100
2024-09-26 19:00:00+05:30,23.3,281.0,27.9,1002.6,100.0,100
2024-09-26 20:00:00+05:30,24.2,283.0,27.6,1003.4,97.30479622718,100
2024-09-26 21:00:00+05:30,24.0,287.0,27.3,1004.1,98.161738604573,100
2024-09-26 22:00:00+05:30,24.8,283.0,27.0,1004.5,95.24278425246442,100
2024-09-26 23:00:00+05:30,25.0,284.0,26.7,1004.6,100.0,100
2024-09-27 00:00:00+05:30,25.0,287.0,26.3,1003.9,99.54950797442754,100
2024-09-27 01:00:00+05:30,25.8,287.0,26.1,1003.4,0.05384489529828265,100
2024-09-27 02:00:00+05:30,25.6,287.0,25.9,1003.0,0.0,100
2024-09-27 03:00:00+05:30,24.1,284.0,25.7,1002.6,100.0,100
2024-09-27 04:00:00+05:30,24.2,288.0,25.6,1002.9,100.0,100
2024-09-27 05:00:00+05:30,23.7,292.0,25.4,1003.1,100.0,100
2024-09-27 06:00:00+05:30,23.1,294.0,25.9,1004.1,100.0,100
2024-09-27 07:00:00+05:30,20.8,288.0,27.3,1004.8,99.1671236711753,100
2024-09-27 08:00:00+05:30,23.1,291.0,29.3,1005.5,96.92816438186988,100
2024-09-27 09:00:00+05:30,23.5,288.0,31.2,1005.9,100.0,100
2024-09-27 10:00:00+05:30,23.5,288.0,32.9,1005.9,97.81702973447894,100
2024-09-27 11:00:00+05:30,22.3,283.0,33.7,1005.1,100.0,100
2024-09-27 12:00:00+05:30,23.8,272.0,33.9,1004.2,100.0,100
2024-09-27 13:00:00+05:30,25.2,277.0,33.2,1003.3,0.0,100
2024-09-27 14:00:00+05:30,26.3,270.0,32.3,1002.6,0.07762426848056432,100
2024-09-27 15:00:00+05:30,27.0,283.0,32.2,1002.3,0.0,100
2024-09-27 16:00:00+05:30,26.3,285.0,31.3,1002.3,0.0,100
2024-09-27 17:00:00+05:30,25.1,285.0,29.7,1002.9,0.0,100
2024-09-27 18:00:00+05:30,21.5,287.0,29.3,1003.5,97.3175934598609,100
2024-09-27 19:00:00+05:30,21.1,286.0,28.8,1004.2,100.0,100
2024-09-27 20:00:00+05:30,23.3,290.0,28.3,1004.8,97.85065567539112,100
2024-09-27 21:00:00+05:30,24.2,295.0,27.9,1005.3,100.0,100
2024-09-27 22:00:00+05:30,23.5,298.0,27.4,1005.3,99.12124343435717,100
2024-09-27 23:00:00+05:30,22.1,299.0,27.2,1004.9,99.55519740151368,100
2024-09-28 00:00:00+05:30,20.5,298.0,26.9,1004.3,100.0,100
2024-09-28 01:00:00+05:30,18.8,299.0,26.5,1003.6,98.60514798025523,100
2024-09-28 02:00:00+05:30,17.1,304.0,26.2,1003.3,97.90032322806097,100
2024-09-28 03:00:00+05:30,14.3,307.0,25.8,1003.2,97.37771713568819,100
2024-09-28 04:00:00+05:30,10.6,304.0,25.5,1003.4,60.28540770968763,100
2024-09-28 05:00:00+05:30,9.0,292.0,25.3,1003.9,29.8381637105982,100
2024-09-28 06:00:00+05:30,9.0,300.0,25.7,1004.7,29.226007397644796,100
2024-09-28 07:00:00+05:30,7.0,305.0,27.3,1005.6,7.85244261385867,100
2024-09-28 08:00:00+05:30,3.6,279.0,30.2,1006.2,0.5454660517710468,100
2024-09-28 09:00:00+05:30,3.7,203.0,32.3,1006.7,0.5682891659383865,100
2024-09-28 10:00:00+05:30,6.8,140.0,32.9,1006.3,6.657882297379656,100
2024-09-28 11:00:00+05:30,11.6,144.0,30.8,1006.1,89.43509709795067,100
2024-09-28 12:00:00+05:30,15.7,207.0,31.8,1004.9,100.0,100
2024-09-28 13:00:00+05:30,6.5,265.0,31.6,1004.1,6.9384105227272235,100
2024-09-28 14:00:00+05:30,2.2,175.0,32.1,1003.2,0.25686811565316753,100
2024-09-28 15:00:00+05:30,6.7,204.0,31.0,1002.5,5.020540535363902,100
2024-09-28 16:00:00+05:30,3.4,223.0,30.7,1002.8,0.22956416930841173,100
2024-09-28 17:00:00+05:30,7.5,291.0,30.3,1003.0,13.276031666758524,100
2024-09-28 18:00:00+05:30,13.6,290.0,28.1,1003.5,99.56149350816607,100
2024-09-28 19:00:00+05:30,10.6,285.0,27.2,1004.5,59.28450643491303,100
2024-09-28 20:00:00+05:30,9.8,284.0,26.7,1005.6,44.90798526439933,100
2024-09-28 21:00:00+05:30,9.8,294.0,26.4,1006.4,43.63496041312252,100
2024-09-28 22:00:00+05:30,8.1,305.0,26.1,1006.5,19.331760388419095,100
2024-09-28 23:00:00+05:30,4.3,327.0,25.9,1006.3,0.31107952917535714,100
2024-09-29 00:00:00+05:30,6.9,14.0,25.4,1005.8,8.482346258153042,100
2024-09-29 01:00:00+05:30,5.2,56.0,25.6,1005.4,1.7773869042940413,100
2024-09-29 02:00:00+05:30,8.8,46.0,26.1,1005.0,26.096456877873898,100
2024-09-29 03:00:00+05:30,9.6,34.0,26.0,1004.8,40.897149193214176,100
2024-09-29 04:00:00+05:30,9.5,15.0,25.6,1004.7,39.91145458592024,100
2024-09-29 05:00:00+05:30,5.9,12.0,25.2,1004.8,0.0,100
2024-09-29 06:00:00+05:30,7.4,6.0,25.6,1005.9,11.811331822783222,100
2024-09-29 07:00:00+05:30,6.5,347.0,27.2,1006.8,5.398014547552196,100
2024-09-29 08:00:00+05:30,7.0,10.0,29.4,1007.1,9.15675488633567,100
2024-09-29 09:00:00+05:30,10.3,52.0,31.7,1007.4,56.33365017054662,100
2024-09-29 10:00:00+05:30,14.2,72.0,32.9,1006.8,100.0,100
2024-09-29 11:00:00+05:30,16.9,82.0,33.5,1005.7,98.78950507373949,100
2024-09-29 12:00:00+05:30,17.7,92.0,33.6,1004.2,100.0,100
2024-09-29 13:00:00+05:30,15.7,123.0,32.5,1003.4,100.0,100
2024-09-29 14:00:00+05:30,10.0,163.0,29.9,1003.2,47.27575803864433,100
2024-09-29 15:00:00+05:30,11.3,239.0,28.0,1003.2,80.29959457557183,100
2024-09-29 16:00:00+05:30,14.2,269.0,27.6,1003.6,98.68517714596888,100
2024-09-29 17:00:00+05:30,8.9,283.0,27.9,1004.0,27.94883534065201,100
2024-09-29 18:00:00+05:30,14.8,270.0,26.9,1004.8,100.0,100
2024-09-29 19:00:00+05:30,9.6,291.0,26.9,1005.8,38.96427867509702,100
2024-09-29 20:00:00+05:30,10.6,310.0,26.5,1006.2,56.56526866096102,100
2024-09-29 21:00:00+05:30,2.7,122.0,26.3,1007.6,0.0,100
2024-09-29 22:00:00+05:30,8.4,81.0,26.0,1007.5,22.267791779785497,100
2024-09-29 23:00:00+05:30,9.5,80.0,25.5,1007.5,35.81137132698864,100
2024-09-30 00:00:00+05:30,12.1,85.0,24.9,1006.6,95.9515819507588,100
2024-09-30 01:00:00+05:30,12.1,84.0,24.6,1005.6,95.85910942633807,100
2024-09-30 02:00:00+05:30,16.7,70.0,24.4,1005.0,100.0,100
2024-09-30 03:00:00+05:30,13.7,52.0,24.3,1004.8,96.01411126576025,100
2024-09-30 04:00:00+05:30,14.4,53.0,24.4,1004.8,100.0,100
2024-09-30 05:00:00+05:30,13.9,49.0,24.4,1005.3,100.0,100
2024-09-30 06:00:00+05:30,15.0,45.0,24.9,1005.8,98.46797645742674,100
2024-09-30 07:00:00+05:30,14.5,56.0,25.9,1006.5,98.70654219821994,100
2024-09-30 08:00:00+05:30,18.3,64.0,27.5,1007.4,97.94379238751911,100
2024-09-30 09:00:00+05:30,22.7,62.0,29.4,1007.8,99.95025271675817,100
2024-09-30 10:00:00+05:30,21.9,64.0,29.8,1007.2,100.0,100
2024-09-30 11:00:00+05:30,19.5,79.0,30.0,1006.4,96.26778734420496,100
2024-09-30 12:00:00+05:30,18.6,96.0,30.3,1005.3,100.0,100
2024-09-30 13:00:00+05:30,18.4,117.0,29.7,1004.2,99.87766151634294,100
2024-09-30 14:00:00+05:30,14.8,100.0,28.3,1003.6,100.0,100
2024-09-30 15:00:00+05:30,16.9,102.0,28.8,1003.2,96.71401157269865,100
2024-09-30 16:00:00+05:30,17.6,108.0,28.2,1003.8,99.83084218252988,100
2024-09-30 17:00:00+05:30,13.7,111.0,28.0,1004.0,98.18356608644861,100
2024-09-30 18:00:00+05:30,22.1,81.0,28.2,1003.5,98.40800469560236,100
2024-09-30 19:00:00+05:30,18.1,71.0,27.9,1004.7,99.16435543554516,100
2024-09-30 20:00:00+05:30,15.3,63.0,27.5,1005.4,100.0,100
2024-09-30 21:00:00+05:30,13.6,62.0,27.1,1006.1,97.55439455789892,100
2024-09-30 22:00:00+05:30,12.3,56.0,26.8,1005.7,94.74080644076113,100
2024-09-30 23:00:00+05:30,8.9,40.0,26.4,1005.8,29.04694821025707,100
2024-10-01 00:00:00+05:30,6.9,53.0,26.2,1005.4,8.007253835884198,100
2024-10-01 01:00:00+05:30,12.7,108.0,25.0,1004.8,100.0,100
2024-10-01 02:00:00+05:30,13.2,84.0,24.8,1004.6,98.40969205925592,100
2024-10-01 03:00:00+05:30,15.3,87.0,24.2,1005.0,100.0,100
2024-10-01 04:00:00+05:30,12.3,46.0,23.9,1005.1,99.90281720530848,100
2024-10-01 05:00:00+05:30,8.9,63.0,24.0,1005.4,28.581848111982367,100
2024-10-01 06:00:00+05:30,10.2,81.0,25.5,1005.4,51.85293906459037,100
2024-10-01 07:00:00+05:30,15.2,56.0,25.7,1006.5,99.00363142678832,100
2024-10-01 08:00:00+05:30,15.3,47.0,26.5,1006.3,100.0,100
2024-10-01 09:00:00+05:30,12.1,91.0,28.2,1007.4,100.0,100
2024-10-01 10:00:00+05:30,12.6,115.0,28.6,1006.4,100.0,100
2024-10-01 11:00:00+05:30,13.9,141.0,28.9,1005.7,100.0,100
2024-10-01 12:00:00+05:30,13.3,142.0,28.9,1004.5,98.30728582974187,100
2024-10-01 13:00:00+05:30,13.6,149.0,29.0,1003.7,100.0,100
2024-10-01 14:00:00+05:30,15.0,150.0,28.9,1003.1,97.87299284234042,100
2024-10-01 15:00:00+05:30,15.9,157.0,28.6,1002.6,100.0,100
2024-10-01 16:00:00+05:30,13.7,167.0,28.6,1002.9,97.46132620084444,100
2024-10-01 17:00:00+05:30,13.8,173.0,28.2,1003.3,99.42002499991492,100
2024-10-01 18:00:00+05:30,7.8,167.0,27.2,1003.8,16.72701858481633,100
2024-10-01 19:00:00+05:30,4.7,157.0,27.1,1004.7,0.0,100
2024-10-01 20:00:00+05:30,5.9,157.0,27.0,1005.6,3.3863583067610135,100
2024-10-01 21:00:00+05:30,7.9,150.0,27.1,1006.6,18.736407717935645,100
2024-10-01 22:00:00+05:30,10.1,137.0,26.5,1006.8,45.79790603473129,100
2024-10-01 23:00:00+05:30,5.9,153.0,26.2,1006.7,2.807726809439959,100
2024-10-02 00:00:00+05:30,7.2,208.0,24.9,1006.7,10.486258356633272,100
2024-10-02 01:00:00+05:30,3.5,189.0,24.8,1006.0,0.0,100
2024-10-02 02:00:00+05:30,8.8,178.0,24.9,1005.7,27.12883034684971,100
2024-10-02 03:00:00+05:30,7.1,199.0,25.1,1005.8,10.395463301585627,100
2024-10-02 04:00:00+05:30,7.2,168.0,25.0,1005.5,9.49570467646018,100
2024-10-02 05:00:00+05:30,5.3,190.0,25.4,1005.8,1.3165482010681124,100
2024-10-02 06:00:00+05:30,10.3,184.0,25.7,1006.3,54.62847277118991,100
2024-10-02 07:00:00+05:30,10.8,179.0,26.5,1006.7,67.67179672172392,100
2024-10-02 08:00:00+05:30,11.2,180.0,27.3,1007.3,78.03924794150736,100
2024-10-02 09:00:00+05:30,11.8,200.0,28.2,1008.1,97.7984103683277,100
2024-10-02 10:00:00+05:30,15.7,208.0,27.0,1008.1,99.17575663554469,100
2024-10-02 11:00:00+05:30,9.4,228.0,27.2,1007.3,34.02431348744121,100
2024-10-02 12:00:00+05:30,14.4,217.0,28.6,1006.1,96.63794623218594,100
2024-10-02 13:00:00+05:30,16.8,227.0,28.6,1005.3,96.26700717323037,100
2024-10-02 14:00:00+05:30,16.8,223.0,28.9,1004.1,100.0,100
2024-10-02 15:00:00+05:30,18.3,229.0,28.8,1004.1,99.96554213284892,100
2024-10-02 16:00:00+05:30,19.3,231.0,27.5,1004.6,100.0,100
2024-10-02 17:00:00+05:30,16.0,241.0,26.9,1005.2,100.0,100
2024-10-02 18:00:00+05:30,11.6,227.0,27.3,1005.5,87.49084375276506,100
2024-10-02 19:00:00+05:30,9.8,227.0,27.2,1006.3,43.47206338374174,100
2024-10-02 20:00:00+05:30,9.5,234.0,26.9,1007.5,39.561598368061034,100
2024-10-02 21:00:00+05:30,9.7,235.0,26.8,1008.4,40.974048477150184,100
2024-10-02 22:00:00+05:30,11.4,245.0,27.0,1008.6,79.79178049971084,100
2024-10-02 23:00:00+05:30,12.0,249.0,26.8,1008.1,98.68280226802919,100
2024-10-03 00:00:00+05:30,11.7,243.0,26.5,1007.3,91.36575444529224,100
2024-10-03 01:00:00+05:30,11.4,251.0,26.3,1006.6,79.37261776615458,100
2024-10-03 02:00:00+05:30,11.6,255.0,26.3,1005.9,87.2746919979461,100
2024-10-03 03:00:00+05:30,11.1,262.0,26.2,1005.6,74.93691741652765,100
2024-10-03 04:00:00+05:30,10.5,266.0,26.0,1005.9,58.41100764611957,100
2024-10-03 05:00:00+05:30,10.8,266.0,25.8,1006.0,64.59267237827406,100
2024-10-03 06:00:00+05:30,13.1,272.0,25.1,1007.1,96.69294410618429,100
2024-10-03 07:00:00+05:30,15.7,264.0,25.8,1007.7,100.0,100
2024-10-03 08:00:00+05:30,17.0,260.0,26.8,1008.3,100.0,100
2024-10-03 09:00:00+05:30,17.5,250.0,27.4,1008.7,100.0,100
2024-10-03 10:00:00+05:30,18.9,242.0,28.1,1008.3,100.0,100
2024-10-03 11:00:00+05:30,21.6,243.0,28.6,1007.5,99.46222661757817,100
2024-10-03 12:00:00+05:30,19.7,239.0,29.1,1006.2,98.01969581105294,100
2024-10-03 13:00:00+05:30,21.3,240.0,29.7,1005.3,100.0,100
2024-10-03 14:00:00+05:30,21.1,239.0,29.3,1004.3,100.0,100
2024-10-03 15:00:00+05:30,21.9,244.0,29.4,1003.8,100.0,100
2024-10-03 16:00:00+05:30,21.6,245.0,28.7,1003.7,97.98797865433919,100
2024-10-03 17:00:00+05:30,18.9,249.0,28.2,1004.3,94.9870712796985,100
2024-10-03 18:00:00+05:30,16.3,250.0,28.0,1004.5,100.0,100
2024-10-03 19:00:00+05:30,17.0,250.0,27.7,1005.7,98.51817241748344,100
2024-10-03 20:00:00+05:30,16.5,248.0,27.7,1006.8,100.0,100
2024-10-03 21:00:00+05:30,15.2,253.0,27.4,1007.8,100.0,100
2024-10-03 22:00:00+05:30,15.1,255.0,27.1,1008.1,100.0,100
2024-10-03 23:00:00+05:30,14.8,260.0,26.9,1007.6,98.81665386400407,100
2024-10-04 00:00:00+05:30,14.7,263.0,26.5,1007.1,96.04997319634458,100
2024-10-04 01:00:00+05:30,14.8,267.0,26.3,1006.4,95.89822898921243,100
2024-10-04 02:00:00+05:30,14.6,269.0,26.0,1005.6,98.2220776426251,100
2024-10-04 03:00:00+05:30,14.9,271.0,25.9,1005.4,100.0,100
2024-10-04 04:00:00+05:30,14.8,265.0,25.7,1005.3,99.08762369003104,100
2024-10-04 05:00:00+05:30,15.1,269.0,25.7,1005.7,100.0,100
2024-10-04 06:00:00+05:30,12.6,269.0,26.0,1006.0,99.34604537615952,100
2024-10-04 07:00:00+05:30,15.6,276.0,27.2,1006.6,100.0,100
2024-10-04 08:00:00+05:30,17.1,273.0,28.4,1007.3,99.21252822288099,100
2024-10-04 09:00:00+05:30,16.7,263.0,29.1,1007.9,99.61573459504592,100
2024-10-04 10:00:00+05:30,20.6,248.0,29.6,1007.6,100.0,100
2024-10-04 11:00:00+05:30,23.1,245.0,29.7,1006.8,99.94552098401827,100
2024-10-04 12:00:00+05:30,22.3,252.0,29.1,1006.0,100.0,100
2024-10-04 13:00:00+05:30,23.5,249.0,29.4,1004.9,97.40598056912349,100
2024-10-04 14:00:00+05:30,23.5,252.0,28.9,1004.1,96.99288523725588,100
2024-10-04 15:00:00+05:30,22.9,254.0,28.9,1003.6,98.60025611810285,100
2024-10-04 16:00:00+05:30,23.7,257.0,27.8,1004.0,98.8801527466187,100
2024-10-04 17:00:00+05:30,20.0,266.0,27.3,1004.4,100.0,100
2024-10-04 18:00:00+05:30,17.7,266.0,28.1,1004.6,100.0,100
2024-10-04 19:00:00+05:30,18.0,271.0,27.9,1005.3,100.0,100
2024-10-04 20:00:00+05:30,18.5,272.0,27.5,1006.4,99.69989341460771,100
2024-10-04 21:00:00+05:30,17.9,274.0,27.1,1007.3,96.36105944987631,100
2024-10-04 22:00:00+05:30,18.0,273.0,26.8,1007.4,100.0,100
2024-10-04 23:00:00+05:30,17.9,274.0,26.5,1007.2,100.0,100
2024-10-05 00:00:00+05:30,16.4,273.0,26.2,1006.5,99.1406163625564,100
2024-10-05 01:00:00+05:30,16.0,281.0,25.9,1005.8,97.94378245884525,100
2024-10-05 02:00:00+05:30,15.2,287.0,25.7,1005.2,100.0,100
2024-10-05 03:00:00+05:30,13.6,278.0,25.6,1004.8,100.0,100
2024-10-05 04:00:00+05:30,14.4,274.0,25.5,1005.0,100.0,100
2024-10-05 05:00:00+05:30,14.2,274.0,25.6,1005.4,100.0,100
2024-10-05 06:00:00+05:30,13.0,290.0,24.4,1005.9,97.5655966394475,100
2024-10-05 07:00:00+05:30,12.1,280.0,25.5,1006.6,100.0,100
2024-10-05 08:00:00+05:30,11.4,276.0,27.2,1007.4,78.4920196058057,100
2024-10-05 09:00:00+05:30,13.4,258.0,28.6,1007.9,100.0,100
2024-10-05 10:00:00+05:30,15.3,251.0,29.4,1007.6,100.0,100
2024-10-05 11:00:00+05:30,15.9,248.0,30.1,1006.8,97.46955690694294,100
2024-10-05 12:00:00+05:30,20.5,238.0,30.0,1005.6,100.0,100
2024-10-05 13:00:00+05:30,22.0,244.0,29.8,1004.5,100.0,100
2024-10-05 14:00:00+05:30,22.4,240.0,29.6,1003.8,99.96428719750556,100
2024-10-05 15:00:00+05:30,22.7,243.0,29.4,1003.9,97.16426892208405,100
2024-10-05 16:00:00+05:30,20.8,248.0,28.9,1003.7,100.0,100
2024-10-05 17:00:00+05:30,19.5,252.0,28.3,1004.4,100.0,100
2024-10-05 18:00:00+05:30,16.3,264.0,27.6,1004.7,100.0,100
2024-10-05 19:00:00+05:30,15.3,271.0,27.2,1005.7,98.04432799092469,100
2024-10-05 20:00:00+05:30,15.0,275.0,27.1,1006.5,99.95248321897724,100
2024-10-05 21:00:00+05:30,13.8,279.0,26.9,1007.0,98.70618290842738,100
2024-10-05 22:00:00+05:30,12.5,278.0,26.6,1007.1,98.73772392535686,100
2024-10-05 23:00:00+05:30,14.1,274.0,26.2,1006.9,98.97856885728915,100
2024-10-06 00:00:00+05:30,14.9,272.0,26.0,1005.9,98.24733700877252,100
2024-10-06 01:00:00+05:30,14.4,269.0,25.8,1005.6,100.0,100
2024-10-06 02:00:00+05:30,14.2,279.0,25.6,1004.8,99.19838936279366,100
2024-10-06 03:00:00+05:30,13.4,275.0,25.6,1004.5,100.0,100
2024-10-06 04:00:00+05:30,15.9,257.0,25.4,1004.8,100.0,100
2024-10-06 05:00:00+05:30,17.6,264.0,25.1,1005.4,100.0,100
2024-10-06 06:00:00+05:30,12.5,278.0,25.9,1005.1,95.81930997362268,100
2024-10-06 07:00:00+05:30,13.1,283.0,27.1,1006.0,99.60824382555218,100
2024-10-06 08:00:00+05:30,12.0,279.0,28.6,1006.8,98.158471423727,100
2024-10-06 09:00:00+05:30,12.3,265.0,29.7,1007.0,100.0,100
2024-10-06 10:00:00+05:30,12.6,251.0,30.5,1006.9,100.0,100
2024-10-06 11:00:00+05:30,14.2,246.0,30.9,1006.0,98.29438308615961,100
2024-10-06 12:00:00+05:30,16.2,230.0,31.0,1005.0,100.0,100
2024-10-06 13:00:00+05:30,15.1,245.0,28.1,1004.5,100.0,100
2024-10-06 14:00:00+05:30,17.5,251.0,29.0,1003.7,100.0,100
2024-10-06 15:00:00+05:30,18.2,268.0,28.6,1003.4,100.0,100
2024-10-06 16:00:00+05:30,19.2,260.0,27.9,1004.0,100.0,100
2024-10-06 17:00:00+05:30,21.1,262.0,26.8,1004.6,100.0,100
2024-10-06 18:00:00+05:30,13.3,269.0,26.9,1005.0,100.0,100
2024-10-06 19:00:00+05:30,13.8,259.0,26.4,1005.7,99.76300197045809,100
2024-10-06 20:00:00+05:30,15.4,252.0,26.3,1006.7,99.77257559495526,100
2024-10-06 21:00:00+05:30,17.8,248.0,25.6,1007.3,100.0,100
2024-10-06 22:00:00+05:30,16.4,269.0,25.4,1007.5,100.0,100
2024-10-06 23:00:00+05:30,15.7,285.0,24.8,1007.2,96.85318859419019,100
2024-10-07 00:00:00+05:30,15.4,286.0,24.6,1006.4,100.0,100
2024-10-07 01:00:00+05:30,12.4,296.0,24.2,1006.2,100.0,100
2024-10-07 02:00:00+05:30,12.9,310.0,23.7,1005.2,98.76958664759627,100
2024-10-07 03:00:00+05:30,10.1,301.0,24.0,1005.2,48.438229144458816,100
2024-10-07 04:00:00+05:30,8.7,277.0,24.1,1005.8,26.055581124768214,100
2024-10-07 05:00:00+05:30,9.9,308.0,23.6,1006.1,44.24300259024975,100
2024-10-07 06:00:00+05:30,5.1,333.0,24.1,1006.6,1.6715174608355141,100
2024-10-07 07:00:00+05:30,1.3,304.0,24.3,1007.9,0.0,100
2024-10-07 08:00:00+05:30,1.4,270.0,24.7,1008.2,0.06643014612280267,100
2024-10-07 09:00:00+05:30,7.1,236.0,25.8,1009.0,8.896812801034052,100
2024-10-07 10:00:00+05:30,12.4,240.0,26.0,1008.6,100.0,100
2024-10-07 11:00:00+05:30,18.3,235.0,27.8,1007.6,100.0,100
2024-10-07 12:00:00+05:30,18.3,244.0,27.4,1006.7,98.44604353182345,100
2024-10-07 13:00:00+05:30,20.9,247.0,26.7,1006.0,100.0,100
2024-10-07 14:00:00+05:30,21.7,251.0,26.5,1005.7,99.23420694051508,100
2024-10-07 15:00:00+05:30,20.9,255.0,26.2,1005.3,100.0,100
2024-10-07 16:00:00+05:30,17.9,265.0,26.2,1005.0,100.0,100
2024-10-07 17:00:00+05:30,18.2,267.0,25.7,1005.6,100.0,100
2024-10-07 18:00:00+05:30,18.4,272.0,25.2,1006.1,100.0,100
2024-10-07 19:00:00+05:30,16.0,271.0,25.0,1007.4,100.0,100
2024-10-07 20:00:00+05:30,14.9,278.0,25.2,1007.9,97.17791009805097,100
2024-10-07 21:00:00+05:30,15.8,277.0,24.7,1008.7,99.17118524056966,100
2024-10-07 22:00:00+05:30,15.0,274.0,24.8,1008.7,100.0,100
2024-10-07 23:00:00+05:30,16.0,278.0,24.8,1008.5,96.95830534028559,100
2024-10-08 00:00:00+05:30,12.6,280.0,24.1,1007.9,99.53662996758653,100
2024-10-08 01:00:00+05:30,12.5,277.0,24.1,1007.4,100.0,100
2024-10-08 02:00:00+05:30,15.1,273.0,23.8,1007.0,100.0,100
2024-10-08 03:00:00+05:30,12.1,265.0,23.8,1006.7,98.82610705964076,100
2024-10-08 04:00:00+05:30,12.2,284.0,23.8,1006.2,99.95183372491519,100
2024-10-08 05:00:00+05:30,10.5,299.0,23.8,1006.6,59.28223542389064,100
2024-10-08 06:00:00+05:30,8.9,283.0,25.0,1007.5,27.855425074124625,100
2024-10-08 07:00:00+05:30,10.2,283.0,25.7,1007.8,53.807304872300065,100
2024-10-08 08:00:00+05:30,10.4,284.0,26.8,1008.5,55.6668689257114,100
2024-10-08 09:00:00+05:30,10.6,284.0,27.2,1009.0,61.15361135239073,100
2024-10-08 10:00:00+05:30,11.9,273.0,28.3,1008.4,94.82061618666033,100
2024-10-08 11:00:00+05:30,15.1,262.0,29.7,1007.8,100.0,100
2024-10-08 12:00:00+05:30,17.8,254.0,30.4,1006.6,99.40103585521733,100
2024-10-08 13:00:00+05:30,18.9,246.0,30.3,1005.4,98.52739196906315,100
2024-10-08 14:00:00+05:30,20.0,248.0,29.8,1004.9,98.59356280760954,100
2024-10-08 15:00:00+05:30,19.6,248.0,29.4,1004.2,100.0,100
2024-10-08 16:00:00+05:30,20.5,253.0,28.8,1004.2,100.0,100
2024-10-08 17:00:00+05:30,18.5,263.0,28.2,1004.9,99.94693808198215,100
2024-10-08 18:00:00+05:30,12.7,243.0,27.7,1005.6,100.0,100
2024-10-08 19:00:00+05:30,11.1,253.0,27.5,1006.9,74.47819205446518,100
2024-10-08 20:00:00+05:30,8.3,269.0,27.3,1007.6,18.632959604615383,100
2024-10-08 21:00:00+05:30,7.0,271.0,27.1,1008.1,10.682384391917493,100
2024-10-08 22:00:00+05:30,9.8,256.0,26.8,1007.8,43.29896319495622,100
2024-10-08 23:00:00+05:30,13.1,257.0,26.5,1007.4,100.0,100
2024-10-09 00:00:00+05:30,17.9,257.0,24.8,1007.7,100.0,100
2024-10-09 01:00:00+05:30,11.9,265.0,24.8,1005.7,96.56965202516132,100
2024-10-09 02:00:00+05:30,13.6,281.0,24.7,1005.6,100.0,100
2024-10-09 03:00:00+05:30,14.6,288.0,24.7,1005.6,98.10620206952358,100
2024-10-09 04:00:00+05:30,11.5,284.0,24.3,1005.2,80.75108388317798,100
2024-10-09 05:00:00+05:30,13.0,276.0,24.4,1005.4,100.0,100
2024-10-09 06:00:00+05:30,13.4,287.0,25.1,1005.9,100.0,100
2024-10-09 07:00:00+05:30,11.9,293.0,26.3,1006.8,95.77980066901425,100
2024-10-09 08:00:00+05:30,11.0,271.0,27.6,1007.4,69.45858396953304,100
2024-10-09 09:00:00+05:30,11.2,249.0,28.5,1007.4,75.39425115743231,100
2024-10-09 10:00:00+05:30,17.0,237.0,29.6,1007.2,100.0,100
2024-10-09 11:00:00+05:30,19.0,257.0,27.9,1007.0,97.88141200599394,100
2024-10-09 12:00:00+05:30,20.2,251.0,28.4,1005.7,100.0,100
2024-10-09 13:00:00+05:30,18.8,255.0,28.7,1004.4,95.62484756496218,100
2024-10-09 14:00:00+05:30,20.0,246.0,28.6,1003.6,100.0,100
2024-10-09 15:00:00+05:30,17.3,265.0,26.5,1003.6,100.0,100
2024-10-09 16:00:00+05:30,18.9,267.0,26.9,1003.0,99.37569474658243,100
2024-10-09 17:00:00+05:30,18.9,278.0,26.1,1003.6,97.67527956005853,100
2024-10-09 18:00:00+05:30,16.2,280.0,25.9,1004.3,100.0,100
2024-10-09 19:00:00+05:30,16.7,286.0,25.4,1004.9,100.0,100
2024-10-09 20:00:00+05:30,15.3,283.0,25.4,1005.6,97.45087079090166,100
2024-10-09 21:00:00+05:30,18.1,285.0,25.2,1006.2,99.03709431418403,100
2024-10-09 22:00:00+05:30,20.3,283.0,25.2,1006.4,100.0,100
2024-10-09 23:00:00+05:30,20.1,292.0,24.5,1006.2,100.0,100
2024-10-10 00:00:00+05:30,17.8,288.0,24.3,1005.0,100.0,100
2024-10-10 01:00:00+05:30,17.0,290.0,24.2,1004.5,100.0,100
2024-10-10 02:00:00+05:30,15.4,293.0,24.0,1003.9,100.0,100
2024-10-10 03:00:00+05:30,14.3,293.0,24.1,1003.4,99.99453606882315,100
2024-10-10 04:00:00+05:30,13.9,290.0,24.1,1003.5,97.06757838600966,100
2024-10-10 05:00:00+05:30,15.2,289.0,24.1,1004.0,98.57304585831912,100
2024-10-10 06:00:00+05:30,15.2,291.0,24.0,1004.7,98.9926625238617,100
2024-10-10 07:00:00+05:30,16.7,287.0,25.1,1005.5,99.22739265167675,100
2024-10-10 08:00:00+05:30,17.6,284.0,26.2,1006.0,98.29278980614367,100
2024-10-10 09:00:00+05:30,17.3,281.0,27.6,1006.3,98.00241565818924,100
2024-10-10 10:00:00+05:30,20.4,274.0,28.9,1006.3,94.57911518347395,100
2024-10-10 11:00:00+05:30,22.0,266.0,28.8,1005.4,99.68498960394335,100
2024-10-10 12:00:00+05:30,22.6,262.0,28.5,1003.9,100.0,100
2024-10-10 13:00:00+05:30,23.4,262.0,28.3,1003.4,95.50734553567271,100
2024-10-10 14:00:00+05:30,22.1,264.0,28.0,1002.5,97.70228081331715,100
2024-10-10 15:00:00+05:30,24.5,268.0,28.0,1002.1,100.0,100
2024-10-10 16:00:00+05:30,25.4,268.0,27.1,1002.5,0.0,100
2024-10-10 17:00:00+05:30,21.7,275.0,26.4,1002.9,99.87231902829348,100
2024-10-10 18:00:00+05:30,21.9,284.0,26.3,1002.7,95.15470298854015,100
2024-10-10 19:00:00+05:30,20.7,285.0,26.0,1003.7,100.0,100
2024-10-10 20:00:00+05:30,18.9,278.0,25.9,1004.6,100.0,100
2024-10-10 21:00:00+05:30,17.8,276.0,25.7,1005.6,99.98382679090253,100
2024-10-10 22:00:00+05:30,17.9,275.0,25.7,1005.4,100.0,100
2024-10-10 23:00:00+05:30,18.7,269.0,25.6,1005.3,99.4970223351321,100
2024-10-11 00:00:00+05:30,17.0,274.0,25.2,1004.4,97.37065318919447,100
2024-10-11 01:00:00+05:30,15.2,274.0,25.0,1003.8,98.82518250056732,100
2024-10-11 02:00:00+05:30,12.6,275.0,24.9,1002.8,95.93408355367671,100
2024-10-11 03:00:00+05:30,9.4,266.0,24.7,1002.8,35.76300056562166,100
2024-10-11 04:00:00+05:30,6.3,272.0,24.5,1002.7,4.474402513090247,100
2024-10-11 05:00:00+05:30,9.9,289.0,24.3,1003.3,44.51546798821114,100
2024-10-11 06:00:00+05:30,16.4,295.0,24.7,1004.1,100.0,100
2024-10-11 07:00:00+05:30,18.6,289.0,25.6,1005.2,94.83758710735265,100
2024-10-11 08:00:00+05:30,17.4,290.0,26.3,1006.0,98.05850249778885,100
2024-10-11 09:00:00+05:30,19.0,283.0,27.4,1006.4,100.0,100
2024-10-11 10:00:00+05:30,17.8,276.0,28.0,1006.0,100.0,100
2024-10-11 11:00:00+05:30,19.6,268.0,28.5,1005.3,99.01652554359974,100
2024-10-11 12:00:00+05:30,21.5,264.0,28.6,1004.2,100.0,100
2024-10-11 13:00:00+05:30,23.8,263.0,28.3,1003.2,98.79339869701963,100
2024-10-11 14:00:00+05:30,23.1,278.0,27.3,1002.7,100.0,100
2024-10-11 15:00:00+05:30,20.8,282.0,26.7,1002.4,100.0,100
2024-10-11 16:00:00+05:30,19.3,284.0,26.1,1002.7,100.0,100
2024-10-11 17:00:00+05:30,18.5,281.0,25.8,1003.2,100.0,100
2024-10-11 18:00:00+05:30,18.6,273.0,25.6,1003.8,100.0,100
2024-10-11 19:00:00+05:30,16.9,271.0,25.3,1004.9,100.0,100
2024-10-11 20:00:00+05:30,16.5,276.0,25.0,1005.7,99.38709817992846,100
2024-10-11 21:00:00+05:30,16.6,272.0,25.1,1006.3,100.0,100
2024-10-11 22:00:00+05:30,17.5,266.0,24.9,1006.3,100.0,100
2024-10-11 23:00:00+05:30,17.7,273.0,24.5,1006.0,99.84229815532125,100
2024-10-12 00:00:00+05:30,17.8,278.0,24.4,1005.4,100.0,100
2024-10-12 01:00:00+05:30,17.7,282.0,24.3,1004.3,100.0,100
2024-10-12 02:00:00+05:30,17.2,291.0,24.2,1003.2,100.0,100
2024-10-12 03:00:00+05:30,18.6,292.0,24.2,1003.2,100.0,100
2024-10-12 04:00:00+05:30,16.8,289.0,24.0,1003.6,100.0,100
2024-10-12 05:00:00+05:30,17.5,292.0,24.2,1004.1,100.0,100
2024-10-12 06:00:00+05:30,18.2,290.0,23.5,1005.6,100.0,100
2024-10-12 07:00:00+05:30,15.2,283.0,24.0,1006.0,99.2435358783949,100
2024-10-12 08:00:00+05:30,15.3,269.0,25.2,1006.7,100.0,100
2024-10-12 09:00:00+05:30,19.4,276.0,26.1,1006.7,99.29870954740906,100
2024-10-12 10:00:00+05:30,21.9,279.0,27.6,1006.3,100.0,100
2024-10-12 11:00:00+05:30,21.6,272.0,28.6,1005.8,98.23866179438025,100
2024-10-12 12:00:00+05:30,21.5,267.0,28.8,1004.8,99.72300786861247,100
2024-10-12 13:00:00+05:30,21.5,264.0,28.3,1003.9,98.05524093003987,100
2024-10-12 14:00:00+05:30,21.2,263.0,28.2,1003.2,99.01805802257873,100
2024-10-12 15:00:00+05:30,21.6,266.0,28.3,1002.6,99.1508729447231,100
2024-10-12 16:00:00+05:30,22.4,265.0,27.4,1002.9,100.0,100
2024-10-12 17:00:00+05:30,19.8,269.0,26.6,1003.6,98.41468802093748,100
2024-10-12 18:00:00+05:30,20.0,263.0,26.4,1004.2,98.05526037593924,100
2024-10-12 19:00:00+05:30,16.3,275.0,26.0,1005.0,100.0,100
2024-10-12 20:00:00+05:30,17.8,271.0,25.9,1005.7,100.0,100
2024-10-12 21:00:00+05:30,16.8,273.0,25.9,1006.7,100.0,100
2024-10-12 22:00:00+05:30,16.2,269.0,26.0,1006.8,95.57357049266257,100
2024-10-12 23:00:00+05:30,15.8,271.0,25.6,1006.3,98.6730538896902,100
2024-10-13 00:00:00+05:30,14.8,268.0,25.4,1005.7,97.53541788866112,100
2024-10-13 01:00:00+05:30,14.6,270.0,25.3,1005.2,99.2082443528571,100
2024-10-13 02:00:00+05:30,14.7,281.0,25.2,1004.3,98.25838250279129,100
2024-10-13 03:00:00+05:30,12.7,285.0,25.0,1003.8,100.0,100
2024-10-13 04:00:00+05:30,11.9,280.0,24.7,1004.1,96.87121503233884,100
2024-10-13 05:00:00+05:30,11.2,286.0,24.7,1004.7,75.86466231599674,100
2024-10-13 06:00:00+05:30,11.1,287.0,24.8,1005.3,74.84758831073292,100
2024-10-13 07:00:00+05:30,13.1,291.0,26.0,1006.0,100.0,100
2024-10-13 08:00:00+05:30,14.2,285.0,27.4,1006.6,100.0,100
2024-10-13 09:00:00+05:30,14.2,278.0,28.6,1007.2,100.0,100
2024-10-13 10:00:00+05:30,16.6,269.0,29.6,1006.9,97.82547275030808,100
2024-10-13 11:00:00+05:30,18.1,257.0,30.1,1006.2,100.0,100
2024-10-13 12:00:00+05:30,21.4,255.0,30.3,1004.7,100.0,100
2024-10-13 13:00:00+05:30,23.0,254.0,30.2,1003.8,100.0,100
2024-10-13 14:00:00+05:30,23.5,254.0,29.9,1003.3,100.0,100
2024-10-13 15:00:00+05:30,24.2,254.0,29.0,1003.1,98.12786051776315,100
2024-10-13 16:00:00+05:30,20.7,270.0,28.5,1003.1,100.0,100
2024-10-13 17:00:00+05:30,17.8,276.0,27.8,1004.1,100.0,100
2024-10-13 18:00:00+05:30,16.0,267.0,27.2,1004.1,100.0,100
2024-10-13 19:00:00+05:30,13.5,282.0,26.9,1005.0,97.8473184944755,100
2024-10-13 20:00:00+05:30,13.1,283.0,26.7,1005.8,99.66622220483558,100
2024-10-13 21:00:00+05:30,11.8,278.0,26.5,1006.4,91.47936017907325,100
2024-10-13 22:00:00+05:30,13.3,283.0,26.2,1006.0,100.0,100
2024-10-13 23:00:00+05:30,12.9,285.0,25.8,1005.5,98.81230424164484,100
2024-10-14 00:00:00+05:30,12.7,285.0,25.4,1004.9,100.0,100
2024-10-14 01:00:00+05:30,12.8,284.0,25.3,1004.1,98.22984891180087,100
2024-10-14 02:00:00+05:30,12.5,288.0,25.1,1003.8,97.68253929907192,100
2024-10-14 03:00:00+05:30,10.9,286.0,25.1,1003.4,68.72115730831183,100
2024-10-14 04:00:00+05:30,13.0,269.0,25.0,1003.6,100.0,100
2024-10-14 05:00:00+05:30,12.8,272.0,24.8,1003.9,100.0,100
2024-10-14 06:00:00+05:30,13.3,279.0,25.5,1004.7,97.09178267731491,100
2024-10-14 07:00:00+05:30,13.9,280.0,26.2,1005.9,99.46760236465991,100
2024-10-14 08:00:00+05:30,15.5,280.0,27.8,1006.5,100.0,100
2024-10-14 09:00:00+05:30,16.1,281.0,28.5,1006.7,96.34122626651623,100
2024-10-14 10:00:00+05:30,17.3,266.0,29.1,1006.8,100.0,100
2024-10-14 11:00:00+05:30,19.7,265.0,28.1,1005.9,100.0,100
2024-10-14 12:00:00+05:30,21.2,260.0,28.3,1005.6,98.84757382342285,100
2024-10-14 13:00:00+05:30,19.1,275.0,28.1,1004.4,100.0,100
2024-10-14 14:00:00+05:30,18.2,269.0,27.7,1003.6,95.82800448080265,100
2024-10-14 15:00:00+05:30,17.8,272.0,27.5,1003.4,100.0,100
2024-10-14 16:00:00+05:30,17.4,277.0,27.1,1003.5,100.0,100
2024-10-14 17:00:00+05:30,16.0,281.0,26.6,1003.9,100.0,100
2024-10-14 18:00:00+05:30,10.6,240.0,26.1,1004.4,61.9533825319156,100
2024-10-14 19:00:00+05:30,11.8,246.0,26.0,1005.6,95.71702857628455,100
2024-10-14 20:00:00+05:30,10.9,257.0,26.0,1006.9,67.28210218889171,100
2024-10-14 21:00:00+05:30,11.8,257.0,26.0,1007.1,91.79716028661468,100
2024-10-14 22:00:00+05:30,11.2,266.0,25.7,1007.0,74.70552178680336,100
2024-10-14 23:00:00+05:30,13.2,274.0,25.6,1006.4,100.0,100
2024-10-15 00:00:00+05:30,13.6,278.0,25.5,1005.5,96.39439545907148,100
2024-10-15 01:00:00+05:30,12.4,283.0,25.4,1004.9,100.0,100
2024-10-15 02:00:00+05:30,14.6,289.0,25.1,1003.9,100.0,100
2024-10-15 03:00:00+05:30,15.0,288.0,25.1,1003.7,100.0,100
2024-10-15 04:00:00+05:30,14.9,279.0,24.9,1003.7,99.71608196894466,100
2024-10-15 05:00:00+05:30,15.9,280.0,24.8,1004.2,100.0,100
2024-10-15 06:00:00+05:30,11.9,274.0,24.8,1004.9,98.32597136108313,100
2024-10-15 07:00:00+05:30,11.8,289.0,25.8,1006.0,95.97104408935127,100
2024-10-15 08:00:00+05:30,13.6,285.0,26.9,1006.6,100.0,100
2024-10-15 09:00:00+05:30,15.0,280.0,28.2,1006.8,100.0,100
2024-10-15 10:00:00+05:30,18.0,273.0,29.2,1006.5,97.79503966427299,100
2024-10-15 11:00:00+05:30,20.5,268.0,29.5,1005.3,100.0,100
2024-10-15 12:00:00+05:30,21.3,262.0,30.0,1004.5,99.1683113277515,100
2024-10-15 13:00:00+05:30,23.7,256.0,30.0,1003.6,99.74399223023242,100
2024-10-15 14:00:00+05:30,23.5,256.0,29.8,1003.4,100.0,100
2024-10-15 15:00:00+05:30,24.3,258.0,28.9,1002.8,100.0,100
2024-10-15 16:00:00+05:30,23.3,266.0,28.3,1003.0,99.355971362789,100
2024-10-15 17:00:00+05:30,19.5,274.0,27.7,1003.9,97.22608530560078,100
2024-10-15 18:00:00+05:30,18.7,269.0,27.0,1004.2,100.0,100
2024-10-15 19:00:00+05:30,19.6,273.0,26.3,1005.0,98.76752377206834,100
2024-10-15 20:00:00+05:30,20.1,285.0,25.6,1005.6,99.59961703732665,100
2024-10-15 21:00:00+05:30,17.5,282.0,25.0,1006.1,95.76617159900788,100
2024-10-15 22:00:00+05:30,16.0,284.0,25.0,1006.0,96.4572336923134,100
2024-10-15 23:00:00+05:30,15.5,280.0,24.9,1006.0,100.0,100
2024-10-16 00:00:00+05:30,17.0,280.0,24.8,1005.4,100.0,100
2024-10-16 01:00:00+05:30,17.6,281.0,24.7,1004.6,97.92447222333894,100
2024-10-16 02:00:00+05:30,17.8,281.0,24.7,1004.1,98.26230128748239,100
2024-10-16 03:00:00+05:30,18.1,286.0,24.7,1003.7,100.0,100
2024-10-16 04:00:00+05:30,18.3,285.0,24.8,1003.9,100.0,100
2024-10-16 05:00:00+05:30,18.6,283.0,24.9,1004.2,100.0,100
2024-10-16 06:00:00+05:30,16.7,277.0,25.3,1005.1,100.0,100
2024-10-16 07:00:00+05:30,17.2,286.0,26.1,1006.1,98.3245342375253,100
2024-10-16 08:00:00+05:30,19.2,285.0,26.9,1006.6,100.0,100
2024-10-16 09:00:00+05:30,18.9,291.0,28.3,1006.8,100.0,100
2024-10-16 10:00:00+05:30,20.0,277.0,29.8,1006.4,100.0,100
2024-10-16 11:00:00+05:30,22.1,270.0,30.3,1005.6,100.0,100
2024-10-16 12:00:00+05:30,24.7,263.0,30.0,1004.4,100.0,100
2024-10-16 13:00:00+05:30,26.7,268.0,29.9,1003.4,0.0,100
2024-10-16 14:00:00+05:30,25.7,271.0,29.9,1002.7,0.4481975096698248,100
2024-10-16 15:00:00+05:30,25.9,270.0,29.1,1002.4,0.0,100
2024-10-16 16:00:00+05:30,25.2,272.0,28.6,1002.7,0.0,100
2024-10-16 17:00:00+05:30,22.3,277.0,27.8,1003.3,97.05542642871882,100
2024-10-16 18:00:00+05:30,21.1,284.0,26.7,1003.7,100.0,100
2024-10-16 19:00:00+05:30,18.6,282.0,26.2,1004.4,100.0,100
2024-10-16 20:00:00+05:30,18.2,282.0,26.0,1005.5,100.0,100
2024-10-16 21:00:00+05:30,18.5,281.0,25.7,1006.3,96.90645197279758,100
2024-10-16 22:00:00+05:30,19.3,275.0,25.6,1006.2,99.50811109254006,100
2024-10-16 23:00:00+05:30,19.7,280.0,25.3,1005.9,100.0,100
2024-10-17 00:00:00+05:30,19.7,280.0,25.2,1005.3,99.9639273756821,100
2024-10-17 01:00:00+05:30,18.7,284.0,25.0,1004.6,98.5158870676817,100
2024-10-17 02:00:00+05:30,17.7,280.0,24.9,1004.0,99.40550601314658,100
2024-10-17 03:00:00+05:30,17.8,283.0,24.7,1003.9,100.0,100
2024-10-17 04:00:00+05:30,17.6,284.0,24.7,1004.0,100.0,100
2024-10-17 05:00:00+05:30,18.0,288.0,24.6,1004.2,97.54709012862078,100
2024-10-17 06:00:00+05:30,15.5,288.0,25.1,1005.0,98.76093762946871,100
2024-10-17 07:00:00+05:30,16.2,287.0,26.4,1005.6,100.0,100
2024-10-17 08:00:00+05:30,16.9,281.0,27.9,1005.9,100.0,100
2024-10-17 09:00:00+05:30,21.1,273.0,29.1,1006.5,100.0,100
2024-10-17 10:00:00+05:30,24.5,269.0,30.1,1006.1,96.63842660814088,100
2024-10-17 11:00:00+05:30,26.1,271.0,30.2,1005.7,0.7850808058745197,100
2024-10-17 12:00:00+05:30,26.8,272.0,30.0,1004.7,0.12586458897035244,100
2024-10-17 13:00:00+05:30,27.4,268.0,30.2,1003.7,0.0,100
2024-10-17 14:00:00+05:30,27.1,274.0,29.6,1003.1,0.0,100
2024-10-17 15:00:00+05:30,26.5,266.0,29.3,1002.9,0.9875276583888922,100
2024-10-17 16:00:00+05:30,25.6,272.0,28.5,1003.1,0.0,100
2024-10-17 17:00:00+05:30,22.1,277.0,27.7,1003.6,97.82528340794478,100
2024-10-17 18:00:00+05:30,17.3,268.0,27.4,1004.1,100.0,100
2024-10-17 19:00:00+05:30,15.5,274.0,27.2,1004.7,100.0,100
2024-10-17 20:00:00+05:30,15.2,276.0,26.9,1005.5,97.03247406316368,100
2024-10-17 21:00:00+05:30,14.0,278.0,26.7,1006.3,95.92756445314559,100
2024-10-17 22:00:00+05:30,13.7,284.0,26.3,1006.3,100.0,100
2024-10-17 23:00:00+05:30,13.2,282.0,26.0,1006.0,100.0,100
2024-10-18 00:00:00+05:30,13.6,278.0,25.4,1005.5,100.0,100
2024-10-18 01:00:00+05:30,13.2,275.0,25.2,1004.7,100.0,100
2024-10-18 02:00:00+05:30,14.2,283.0,25.1,1004.0,96.66624127130213,100
2024-10-18 03:00:00+05:30,13.7,284.0,25.0,1003.8,100.0,100
2024-10-18 04:00:00+05:30,13.5,289.0,24.8,1003.9,98.72816153450059,100
2024-10-18 05:00:00+05:30,12.5,288.0,24.6,1004.5,99.78176913237756,100
2024-10-18 06:00:00+05:30,12.2,284.0,25.9,1004.9,97.23713097794715,100
2024-10-18 07:00:00+05:30,12.7,288.0,27.2,1005.8,100.0,100
2024-10-18 08:00:00+05:30,13.8,282.0,28.5,1006.7,99.52151220125867,100
2024-10-18 09:00:00+05:30,16.6,265.0,29.3,1006.9,100.0,100
2024-10-18 10:00:00+05:30,18.1,254.0,30.0,1006.7,100.0,100
2024-10-18 11:00:00+05:30,18.9,262.0,30.4,1006.1,98.10699882199441,100
2024-10-18 12:00:00+05:30,22.7,249.0,30.2,1005.1,98.08106720423449,100
2024-10-18 13:00:00+05:30,25.6,249.0,30.1,1004.1,0.0,100
2024-10-18 14:00:00+05:30,26.4,252.0,29.7,1003.5,0.9826447881557664,100
2024-10-18 15:00:00+05:30,25.8,262.0,29.1,1003.2,1.3783695043792004,100
2024-10-18 16:00:00+05:30,24.1,268.0,28.3,1003.4,100.0,100
2024-10-18 17:00:00+05:30,21.3,272.0,27.7,1004.3,98.16775707764559,100
2024-10-18 18:00:00+05:30,16.6,272.0,27.0,1004.7,99.96892730354081,100
2024-10-18 19:00:00+05:30,18.4,270.0,26.6,1005.5,100.0,100
2024-10-18 20:00:00+05:30,19.8,274.0,26.6,1006.2,98.8448311103675,100
2024-10-18 21:00:00+05:30,18.5,278.0,26.3,1006.9,100.0,100
2024-10-18 22:00:00+05:30,17.3,281.0,26.1,1006.9,100.0,100
2024-10-18 23:00:00+05:30,17.3,282.0,25.8,1006.9,99.6236072638627,100
2024-10-19 00:00:00+05:30,18.1,280.0,25.6,1006.3,100.0,100
2024-10-19 01:00:00+05:30,18.1,280.0,25.3,1005.6,98.67774806297463,100
2024-10-19 02:00:00+05:30,18.2,284.0,25.1,1005.2,100.0,100
2024-10-19 03:00:00+05:30,17.5,279.0,24.9,1005.1,100.0,100
2024-10-19 04:00:00+05:30,16.9,286.0,24.6,1005.3,100.0,100
2024-10-19 05:00:00+05:30,16.1,286.0,24.6,1006.0,98.14851479652079,100
2024-10-19 06:00:00+05:30,17.8,286.0,25.5,1006.4,98.8550164398872,100
2024-10-19 07:00:00+05:30,16.9,286.0,26.6,1007.4,100.0,100
2024-10-19 08:00:00+05:30,17.1,281.0,28.1,1007.8,100.0,100
2024-10-19 09:00:00+05:30,20.3,271.0,29.8,1007.8,100.0,100
2024-10-19 10:00:00+05:30,20.2,261.0,30.5,1007.8,97.98926907308214,100
2024-10-19 11:00:00+05:30,22.2,259.0,30.9,1006.9,99.79844823040551,100
2024-10-19 12:00:00+05:30,23.1,255.0,30.5,1006.0,98.16313141190517,100
2024-10-19 13:00:00+05:30,23.6,258.0,30.2,1005.4,100.0,100
2024-10-19 14:00:00+05:30,23.8,260.0,29.6,1004.5,100.0,100
2024-10-19 15:00:00+05:30,23.1,259.0,29.5,1004.0,99.46941440428985,100
2024-10-19 16:00:00+05:30,21.7,265.0,29.1,1004.1,98.70374600303053,100
2024-10-19 17:00:00+05:30,19.4,271.0,28.2,1004.6,100.0,100
2024-10-19 18:00:00+05:30,16.7,277.0,27.9,1004.8,100.0,100
2024-10-19 19:00:00+05:30,17.4,284.0,27.3,1005.7,100.0,100
2024-10-19 20:00:00+05:30,15.7,285.0,27.0,1006.5,100.0,100
2024-10-19 21:00:00+05:30,13.7,286.0,26.6,1007.1,99.38871243845962,100
2024-10-19 22:00:00+05:30,12.7,285.0,26.3,1007.4,99.11233377827908,100
2024-10-19 23:00:00+05:30,13.0,274.0,26.2,1007.3,99.4734169680705,100
2024-10-20 00:00:00+05:30,12.4,286.0,25.8,1006.8,98.50676203811815,100
2024-10-20 01:00:00+05:30,12.6,283.0,25.6,1006.2,100.0,100
2024-10-20 02:00:00+05:30,14.0,278.0,25.6,1005.6,98.93146324765324,100
2024-10-20 03:00:00+05:30,13.5,279.0,25.4,1005.4,99.50069630555785,100
2024-10-20 04:00:00+05:30,12.0,278.0,25.1,1005.7,99.8686591813274,100
2024-10-20 05:00:00+05:30,12.8,281.0,25.1,1006.2,99.56102095815257,100
2024-10-20 06:00:00+05:30,11.1,283.0,25.9,1006.7,71.8849879290401,100
2024-10-20 07:00:00+05:30,11.0,285.0,27.2,1007.6,70.10998413581623,100
2024-10-20 08:00:00+05:30,13.1,279.0,29.0,1008.0,100.0,100
2024-10-20 09:00:00+05:30,14.5,276.0,30.4,1008.4,100.0,100
2024-10-20 10:00:00+05:30,14.2,269.0,31.4,1008.2,99.73177871193315,100
2024-10-20 11:00:00+05:30,15.2,256.0,31.5,1007.4,99.48810498967889,100
2024-10-20 12:00:00+05:30,18.0,250.0,31.1,1006.1,96.8180694250406,100
2024-10-20 13:00:00+05:30,18.7,251.0,30.6,1005.3,100.0,100
2024-10-20 14:00:00+05:30,16.2,280.0,30.6,1004.9,100.0,100
2024-10-20 15:00:00+05:30,17.0,266.0,30.2,1004.3,99.79374065808717,100
2024-10-20 16:00:00+05:30,16.8,258.0,29.6,1004.5,97.55901145297646,100
2024-10-20 17:00:00+05:30,17.4,263.0,28.7,1004.9,100.0,100
2024-10-20 18:00:00+05:30,16.0,267.0,28.1,1005.2,97.5635819906241,100
2024-10-20 19:00:00+05:30,14.2,274.0,27.6,1006.2,99.06474458773357,100
2024-10-20 20:00:00+05:30,13.8,276.0,27.3,1007.0,96.23126000832734,100
2024-10-20 21:00:00+05:30,13.4,275.0,27.0,1007.6,100.0,100
2024-10-20 22:00:00+05:30,11.9,280.0,26.7,1007.6,96.40293169293992,100
2024-10-20 23:00:00+05:30,11.3,278.0,26.4,1007.7,80.65412006592831,100
2024-10-21 00:00:00+05:30,11.0,280.0,26.1,1007.2,72.19322963910783,100
2024-10-21 01:00:00+05:30,12.5,281.0,26.1,1006.5,98.10405588831406,100
2024-10-21 02:00:00+05:30,12.8,285.0,26.1,1005.9,100.0,100
2024-10-21 03:00:00+05:30,11.7,287.0,26.0,1006.0,87.79023964165,100
2024-10-21 04:00:00+05:30,12.1,282.0,25.6,1006.1,100.0,100
2024-10-21 05:00:00+05:30,12.8,290.0,25.2,1006.4,97.95655754631963,100
2024-10-21 06:00:00+05:30,11.2,285.0,26.0,1006.7,73.2237707509036,100
2024-10-21 07:00:00+05:30,10.0,284.0,27.1,1007.5,47.173438541481964,100
2024-10-21 08:00:00+05:30,10.6,279.0,28.5,1008.1,62.553384201442604,100
2024-10-21 09:00:00+05:30,12.4,253.0,29.4,1008.7,99.5341938991119,100
2024-10-21 10:00:00+05:30,14.1,251.0,30.5,1008.4,98.34903153643316,100
2024-10-21 11:00:00+05:30,16.2,247.0,30.8,1007.4,99.60801367506393,100
2024-10-21 12:00:00+05:30,17.3,240.0,31.1,1006.5,100.0,100
2024-10-21 13:00:00+05:30,16.8,242.0,30.2,1005.7,96.75169760111656,100
2024-10-21 14:00:00+05:30,16.5,245.0,28.9,1005.3,98.3675004290607,100
2024-10-21 15:00:00+05:30,13.7,249.0,28.4,1004.8,100.0,100
2024-10-21 16:00:00+05:30,14.5,258.0,28.4,1004.4,97.66941760247055,100
2024-10-21 17:00:00+05:30,15.0,260.0,28.1,1004.9,100.0,100
2024-10-21 18:00:00+05:30,14.3,265.0,27.5,1005.1,100.0,100
2024-10-21 19:00:00+05:30,13.0,273.0,27.2,1005.8,100.0,100
2024-10-21 20:00:00+05:30,12.3,280.0,26.8,1006.6,100.0,100
2024-10-21 21:00:00+05:30,11.3,284.0,26.5,1007.3,77.07155891666282,100
2024-10-21 22:00:00+05:30,11.4,286.0,26.2,1007.5,79.35293517116487,100
2024-10-21 23:00:00+05:30,11.7,288.0,26.1,1007.4,90.64496684506464,100
2024-10-22 00:00:00+05:30,11.7,288.0,25.8,1006.8,87.66628442754825,100
2024-10-22 01:00:00+05:30,12.2,289.0,25.8,1006.0,100.0,100
2024-10-22 02:00:00+05:30,11.2,294.0,25.6,1005.5,76.14288360989552,100
2024-10-22 03:00:00+05:30,11.7,290.0,25.5,1005.4,89.72239390109843,100
2024-10-22 04:00:00+05:30,10.9,303.0,25.3,1005.6,69.09402584218782,100
2024-10-22 05:00:00+05:30,8.8,303.0,25.2,1006.1,26.697196214437593,100
2024-10-22 06:00:00+05:30,12.7,288.0,26.0,1006.6,99.02570889746207,100
2024-10-22 07:00:00+05:30,11.8,299.0,27.2,1007.7,89.94755799002724,100
2024-10-22 08:00:00+05:30,9.1,300.0,28.9,1008.0,31.664797165885776,100
2024-10-22 09:00:00+05:30,2.8,281.0,30.0,1008.3,0.0,100
2024-10-22 10:00:00+05:30,6.7,182.0,30.7,1008.5,8.086668319723797,100
2024-10-22 11:00:00+05:30,11.4,208.0,26.9,1007.9,83.85734797329017,100
2024-10-22 12:00:00+05:30,8.7,207.0,27.4,1007.3,24.53690592781965,100
2024-10-22 13:00:00+05:30,3.5,208.0,27.7,1005.7,0.0,100
2024-10-22 14:00:00+05:30,7.7,191.0,28.5,1005.2,15.124766980227157,100
2024-10-22 15:00:00+05:30,10.7,217.0,28.4,1005.0,62.99139611156385,100
2024-10-22 16:00:00+05:30,12.1,240.0,27.8,1005.3,96.30821467100161,100
2024-10-22 17:00:00+05:30,11.4,258.0,27.4,1005.8,82.50884827776581,100
2024-10-22 18:00:00+05:30,9.5,284.0,27.0,1005.7,36.59447393486959,100
2024-10-22 19:00:00+05:30,7.6,288.0,26.5,1006.7,12.714719608544527,100
2024-10-22 20:00:00+05:30,5.6,303.0,26.1,1007.4,2.677406239562978,100
2024-10-22 21:00:00+05:30,12.3,321.0,25.1,1008.7,99.30218217533533,100
2024-10-22 22:00:00+05:30,9.5,272.0,24.9,1007.9,37.62397637078304,100
2024-10-22 23:00:00+05:30,9.1,291.0,24.6,1007.5,30.89602828224253,100
2024-10-23 00:00:00+05:30,9.2,293.0,24.4,1007.3,32.209790320795236,100
2024-10-23 01:00:00+05:30,8.4,298.0,24.3,1006.8,19.995759601043467,100
2024-10-23 02:00:00+05:30,12.2,296.0,24.2,1005.9,100.0,100
2024-10-23 03:00:00+05:30,10.3,269.0,24.2,1005.5,51.977355796314676,100
2024-10-23 04:00:00+05:30,9.4,275.0,24.2,1005.4,37.07839779186237,100
2024-10-23 05:00:00+05:30,9.7,292.0,23.9,1005.9,40.96985558612753,100
2024-10-23 06:00:00+05:30,8.8,293.0,24.7,1005.7,26.850362675022748,100
2024-10-23 07:00:00+05:30,8.7,278.0,26.4,1007.0,22.125832724555497,100
2024-10-23 08:00:00+05:30,11.7,279.0,28.0,1007.6,89.17699991081378,100
2024-10-23 09:00:00+05:30,12.7,277.0,29.4,1007.8,100.0,100
2024-10-23 10:00:00+05:30,9.1,253.0,29.7,1007.7,32.33435267186916,100
2024-10-23 11:00:00+05:30,10.8,195.0,27.4,1007.2,64.94856354722191,100
2024-10-23 12:00:00+05:30,13.1,199.0,26.8,1006.7,100.0,100
2024-10-23 13:00:00+05:30,13.9,213.0,27.4,1005.5,96.6119344148854,100
2024-10-23 14:00:00+05:30,16.3,232.0,27.4,1005.1,0.0,100
2024-10-23 15:00:00+05:30,17.6,241.0,27.7,1004.8,100.0,100
2024-10-23 16:00:00+05:30,16.2,253.0,27.2,1004.9,98.7287074776074,100
2024-10-23 17:00:00+05:30,15.7,265.0,26.7,1005.7,100.0,100
2024-10-23 18:00:00+05:30,11.4,274.0,25.7,1006.2,82.20767868262259,100
2024-10-23 19:00:00+05:30,11.3,272.0,25.6,1007.1,75.37832987341028,100
2024-10-23 20:00:00+05:30,13.0,266.0,25.4,1007.8,96.81433790422754,100
2024-10-23 21:00:00+05:30,11.7,270.0,25.3,1008.0,90.27504927704196,100
2024-10-23 22:00:00+05:30,14.6,274.0,25.2,1007.9,98.73119928843929,100
2024-10-23 23:00:00+05:30,14.9,285.0,25.0,1007.5,100.0,100
2024-10-24 00:00:00+05:30,17.4,283.0,24.9,1007.2,99.47860657584653,100
2024-10-24 01:00:00+05:30,14.5,278.0,24.2,1006.2,99.30931152847774,100
2024-10-24 02:00:00+05:30,15.3,279.0,24.4,1006.2,99.04926580287439,100
2024-10-24 03:00:00+05:30,11.9,285.0,24.0,1005.9,92.46915499427685,100
2024-10-24 04:00:00+05:30,15.4,296.0,23.8,1006.3,100.0,100
2024-10-24 05:00:00+05:30,10.5,297.0,23.8,1006.0,57.47814532012981,100
2024-10-24 06:00:00+05:30,12.6,295.0,24.9,1006.7,100.0,100
2024-10-24 07:00:00+05:30,12.0,300.0,25.9,1007.5,98.96899534452612,100
2024-10-24 08:00:00+05:30,12.6,281.0,27.0,1008.5,100.0,100
2024-10-24 09:00:00+05:30,13.5,272.0,27.3,1009.2,97.62299701138572,100
2024-10-24 10:00:00+05:30,15.6,259.0,27.3,1009.3,99.68837117457934,100
2024-10-24 11:00:00+05:30,12.3,255.0,28.0,1008.2,100.0,100
2024-10-24 12:00:00+05:30,16.9,248.0,28.5,1006.9,99.88028658925585,100
2024-10-24 13:00:00+05:30,18.7,247.0,28.5,1005.8,100.0,100
2024-10-24 14:00:00+05:30,16.3,253.0,28.3,1004.7,100.0,100
2024-10-24 15:00:00+05:30,17.5,265.0,28.3,1004.8,100.0,100
2024-10-24 16:00:00+05:30,17.5,271.0,28.0,1005.2,100.0,100
2024-10-24 17:00:00+05:30,18.2,270.0,27.2,1005.9,98.9762222868787,100
2024-10-24 18:00:00+05:30,15.5,273.0,26.9,1005.6,100.0,100
2024-10-24 19:00:00+05:30,15.8,272.0,26.3,1006.5,100.0,100
2024-10-24 20:00:00+05:30,15.5,280.0,26.1,1007.2,95.40644237734729,100
2024-10-24 21:00:00+05:30,15.4,280.0,26.2,1007.8,100.0,100
2024-10-24 22:00:00+05:30,18.9,269.0,25.9,1007.8,100.0,100
2024-10-24 23:00:00+05:30,16.3,277.0,25.5,1007.9,95.65053889053489,100
2024-10-25 00:00:00+05:30,16.3,289.0,24.1,1007.8,100.0,100
2024-10-25 01:00:00+05:30,11.6,282.0,24.1,1006.9,87.89139251418587,100
2024-10-25 02:00:00+05:30,5.2,270.0,23.8,1005.5,3.0725428981240963,100
2024-10-25 03:00:00+05:30,10.3,283.0,23.9,1005.2,53.061189336819815,100
2024-10-25 04:00:00+05:30,12.4,292.0,24.5,1005.1,98.25638313373233,100
2024-10-25 05:00:00+05:30,11.6,283.0,24.6,1006.1,87.0874268754438,100
2024-10-25 06:00:00+05:30,7.7,270.0,24.5,1006.6,14.900921059666514,100
2024-10-25 07:00:00+05:30,9.1,300.0,24.0,1008.0,30.077981985730688,100
2024-10-25 08:00:00+05:30,9.8,284.0,24.8,1009.2,41.83644875203118,100
2024-10-25 09:00:00+05:30,13.9,270.0,25.8,1009.6,97.88041672657329,100
2024-10-25 10:00:00+05:30,12.8,268.0,26.1,1008.9,100.0,100
2024-10-25 11:00:00+05:30,15.4,259.0,26.9,1007.7,100.0,100
2024-10-25 12:00:00+05:30,16.6,254.0,27.8,1006.7,98.29392341188881,100
2024-10-25 13:00:00+05:30,18.3,249.0,27.9,1005.8,99.46715960379376,100
2024-10-25 14:00:00+05:30,23.4,263.0,27.0,1005.3,97.8483160013098,100
2024-10-25 15:00:00+05:30,20.6,265.0,26.9,1005.2,98.98009362832163,100
2024-10-25 16:00:00+05:30,22.9,269.0,26.2,1006.0,99.26449782208586,100
2024-10-25 17:00:00+05:30,20.9,277.0,25.2,1006.6,99.09375102509969,100
2024-10-25 18:00:00+05:30,12.8,280.0,24.5,1006.7,100.0,100
2024-10-25 19:00:00+05:30,13.3,286.0,24.6,1007.7,100.0,100
2024-10-25 20:00:00+05:30,12.6,290.0,24.5,1008.6,97.75257010188653,100
2024-10-25 21:00:00+05:30,13.3,279.0,24.6,1008.9,100.0,100
2024-10-25 22:00:00+05:30,13.5,282.0,24.5,1008.7,100.0,100
2024-10-25 23:00:00+05:30,13.4,290.0,24.4,1008.6,98.06399986306506,100
2024-10-26 00:00:00+05:30,13.3,288.0,23.8,1007.0,99.93217393031952,100
2024-10-26 01:00:00+05:30,16.2,287.0,23.9,1006.9,100.0,100
2024-10-26 02:00:00+05:30,13.2,299.0,23.5,1006.3,98.44232786612277,100
2024-10-26 03:00:00+05:30,13.4,302.0,23.0,1006.1,98.7291726717485,100
2024-10-26 04:00:00+05:30,15.4,288.0,23.2,1006.0,99.699435122081,100
2024-10-26 05:00:00+05:30,13.6,292.0,23.6,1006.5,100.0,100
2024-10-26 06:00:00+05:30,14.0,298.0,23.8,1007.0,100.0,100
2024-10-26 07:00:00+05:30,14.2,273.0,24.9,1008.3,97.27648226225213,100
2024-10-26 08:00:00+05:30,19.6,271.0,26.0,1008.9,100.0,100
2024-10-26 09:00:00+05:30,17.0,255.0,27.2,1009.2,100.0,100
2024-10-26 10:00:00+05:30,16.7,256.0,27.9,1008.3,97.97216828968699,100
2024-10-26 11:00:00+05:30,19.5,252.0,28.7,1007.1,98.09759049255891,100
2024-10-26 12:00:00+05:30,21.4,253.0,29.3,1006.3,100.0,100
2024-10-26 13:00:00+05:30,23.8,257.0,28.3,1005.4,100.0,100
2024-10-26 14:00:00+05:30,24.3,262.0,27.6,1004.5,99.26791250200684,100
2024-10-26 15:00:00+05:30,23.6,272.0,27.8,1004.3,100.0,100
2024-10-26 16:00:00+05:30,27.2,268.0,26.7,1005.2,0.03986844605222352,100
2024-10-26 17:00:00+05:30,22.0,289.0,25.5,1005.4,98.02383339658783,100
2024-10-26 18:00:00+05:30,20.3,281.0,26.8,1005.6,99.9867123358973,100
2024-10-26 19:00:00+05:30,19.7,282.0,26.6,1006.7,98.84708682004862,100
2024-10-26 20:00:00+05:30,19.4,283.0,26.3,1007.6,97.64528904426714,100
2024-10-26 21:00:00+05:30,18.0,284.0,26.1,1008.0,98.77476650825093,100
2024-10-26 22:00:00+05:30,18.3,283.0,25.9,1007.6,100.0,100
2024-10-26 23:00:00+05:30,17.1,278.0,25.9,1006.9,97.72808401854932,100
2024-10-27 00:00:00+05:30,17.0,279.0,25.6,1006.3,100.0,100
2024-10-27 01:00:00+05:30,18.0,277.0,25.3,1005.6,100.0,100
2024-10-27 02:00:00+05:30,17.5,273.0,24.7,1005.3,100.0,100
2024-10-27 03:00:00+05:30,15.6,277.0,24.5,1005.1,100.0,100
2024-10-27 04:00:00+05:30,16.2,283.0,24.3,1005.2,98.6767454181875,100
2024-10-27 05:00:00+05:30,18.8,304.0,23.3,1006.1,100.0,100
2024-10-27 06:00:00+05:30,14.7,287.0,24.7,1006.3,98.49456915063,100
2024-10-27 07:00:00+05:30,17.2,286.0,25.8,1007.1,100.0,100
2024-10-27 08:00:00+05:30,18.9,272.0,26.7,1007.8,100.0,100
2024-10-27 09:00:00+05:30,20.7,273.0,27.4,1008.0,99.65123319925316,100
2024-10-27 10:00:00+05:30,22.1,264.0,28.0,1007.4,100.0,100
2024-10-27 11:00:00+05:30,22.2,261.0,28.2,1006.6,100.0,100
2024-10-27 12:00:00+05:30,22.9,262.0,27.1,1005.8,95.35137636519009,100
2024-10-27 13:00:00+05:30,23.2,269.0,27.3,1004.7,100.0,100
2024-10-27 14:00:00+05:30,26.5,267.0,26.8,1003.9,0.0,100
2024-10-27 15:00:00+05:30,27.3,275.0,26.9,1004.0,0.5833825651544708,100
2024-10-27 16:00:00+05:30,24.8,281.0,26.5,1004.2,100.0,100
2024-10-27 17:00:00+05:30,22.1,286.0,26.0,1004.5,98.0622130128695,100
2024-10-27 18:00:00+05:30,17.9,283.0,26.2,1003.7,96.37439535656404,100
2024-10-27 19:00:00+05:30,19.1,288.0,25.8,1004.7,97.9232665781083,100
2024-10-27 20:00:00+05:30,19.7,286.0,25.7,1005.6,100.0,100
2024-10-27 21:00:00+05:30,18.7,287.0,25.7,1005.9,100.0,100
2024-10-27 22:00:00+05:30,17.8,290.0,25.7,1005.8,97.90669409217645,100
2024-10-27 23:00:00+05:30,17.3,287.0,25.6,1005.4,97.06414767920482,100
2024-10-28 00:00:00+05:30,16.7,288.0,25.6,1004.7,100.0,100
2024-10-28 01:00:00+05:30,15.8,282.0,25.7,1004.2,98.19987517009783,100
2024-10-28 02:00:00+05:30,15.6,277.0,25.4,1003.7,99.4213334084755,100
2024-10-28 03:00:00+05:30,14.8,273.0,25.3,1003.8,100.0,100
2024-10-28 04:00:00+05:30,17.0,261.0,24.9,1004.4,100.0,100
2024-10-28 05:00:00+05:30,15.6,264.0,24.9,1005.0,98.26132200222762,100
2024-10-28 06:00:00+05:30,14.4,268.0,25.5,1005.0,100.0,100
2024-10-28 07:00:00+05:30,12.8,272.0,26.3,1005.9,100.0,100
2024-10-28 08:00:00+05:30,11.9,256.0,27.6,1006.8,100.0,100
2024-10-28 09:00:00+05:30,14.8,247.0,28.9,1007.0,98.73374842806703,100
2024-10-28 10:00:00+05:30,16.4,244.0,29.5,1006.6,100.0,100
2024-10-28 11:00:00+05:30,16.4,253.0,30.3,1005.5,100.0,100
2024-10-28 12:00:00+05:30,19.7,255.0,30.7,1004.1,100.0,100
2024-10-28 13:00:00+05:30,21.9,251.0,30.2,1003.2,100.0,100
2024-10-28 14:00:00+05:30,24.4,251.0,29.9,1002.8,97.93709715473457,100
2024-10-28 15:00:00+05:30,24.8,254.0,29.4,1002.8,100.0,100
2024-10-28 16:00:00+05:30,24.5,258.0,28.8,1003.2,97.20860857916495,100
2024-10-28 17:00:00+05:30,22.5,260.0,28.1,1003.9,100.0,100
2024-10-28 18:00:00+05:30,18.6,264.0,27.6,1004.3,100.0,100
2024-10-28 19:00:00+05:30,19.6,269.0,27.4,1005.4,100.0,100
2024-10-28 20:00:00+05:30,20.7,272.0,27.2,1006.3,100.0,100
2024-10-28 21:00:00+05:30,20.1,276.0,26.8,1006.8,96.20394519842606,100
2024-10-28 22:00:00+05:30,22.1,279.0,26.4,1007.0,100.0,100
2024-10-28 23:00:00+05:30,19.8,283.0,26.2,1006.2,99.14661538427957,100
2024-10-29 00:00:00+05:30,20.0,281.0,25.7,1005.2,100.0,100
2024-10-29 01:00:00+05:30,20.5,278.0,25.5,1004.6,96.33658736727712,100
2024-10-29 02:00:00+05:30,19.2,285.0,25.3,1004.0,99.3324731128084,100
2024-10-29 03:00:00+05:30,18.1,281.0,25.1,1004.0,98.593427637525,100
2024-10-29 04:00:00+05:30,17.1,285.0,25.0,1004.1,100.0,100
2024-10-29 05:00:00+05:30,17.1,287.0,25.0,1004.9,100.0,100
2024-10-29 06:00:00+05:30,16.6,289.0,25.7,1005.6,95.82258091743331,100
2024-10-29 07:00:00+05:30,15.8,282.0,26.8,1006.5,98.13861568296502,100
2024-10-29 08:00:00+05:30,16.6,276.0,28.3,1007.1,99.99513458229329,100
2024-10-29 09:00:00+05:30,16.7,269.0,29.5,1007.3,99.88532059570007,100
2024-10-29 10:00:00+05:30,17.7,264.0,30.5,1007.0,99.15753963819158,100
2024-10-29 11:00:00+05:30,19.1,259.0,31.0,1006.4,98.41867102752573,100
2024-10-29 12:00:00+05:30,21.3,259.0,31.3,1005.2,100.0,100
2024-10-29 13:00:00+05:30,21.3,266.0,30.7,1004.4,100.0,100
2024-10-29 14:00:00+05:30,22.0,273.0,30.4,1003.9,96.78870233144903,100
2024-10-29 15:00:00+05:30,22.1,277.0,30.3,1003.5,100.0,100
2024-10-29 16:00:00+05:30,22.1,277.0,29.6,1004.0,97.79583720088345,100
2024-10-29 17:00:00+05:30,20.0,284.0,28.5,1004.6,99.32363073699955,100
2024-10-29 18:00:00+05:30,17.4,278.0,28.1,1004.6,100.0,100
2024-10-29 19:00:00+05:30,18.4,282.0,27.5,1005.2,100.0,100
2024-10-29 20:00:00+05:30,18.4,285.0,27.2,1005.9,98.31586512637934,100
2024-10-29 21:00:00+05:30,17.6,285.0,27.0,1006.5,100.0,100
2024-10-29 22:00:00+05:30,17.2,288.0,26.8,1006.5,98.84813607276784,100
2024-10-29 23:00:00+05:30,16.2,289.0,26.4,1006.3,94.24679429392218,100
2024-10-30 00:00:00+05:30,15.6,286.0,26.1,1005.6,100.0,100
2024-10-30 01:00:00+05:30,14.6,284.0,25.8,1005.0,100.0,100
2024-10-30 02:00:00+05:30,14.3,285.0,25.5,1004.6,100.0,100
2024-10-30 03:00:00+05:30,14.0,283.0,25.2,1004.6,99.4166474368518,100
2024-10-30 04:00:00+05:30,14.2,282.0,25.1,1004.7,100.0,100
2024-10-30 05:00:00+05:30,14.7,281.0,25.0,1005.4,94.96155423885293,100
2024-10-30 06:00:00+05:30,15.0,280.0,25.8,1006.0,100.0,100
2024-10-30 07:00:00+05:30,15.4,281.0,27.1,1006.8,100.0,100
2024-10-30 08:00:00+05:30,17.3,283.0,28.8,1007.1,100.0,100
2024-10-30 09:00:00+05:30,18.6,284.0,30.2,1007.3,99.52420437587088,100
2024-10-30 10:00:00+05:30,18.3,280.0,31.2,1007.0,100.0,100
2024-10-30 11:00:00+05:30,17.3,272.0,32.0,1006.3,100.0,100
2024-10-30 12:00:00+05:30,17.2,263.0,32.3,1005.4,100.0,100
2024-10-30 13:00:00+05:30,19.5,261.0,31.9,1004.5,97.51273690863722,100
2024-10-30 14:00:00+05:30,20.5,263.0,31.3,1004.0,100.0,100
2024-10-30 15:00:00+05:30,21.3,266.0,30.8,1003.6,100.0,100
2024-10-30 16:00:00+05:30,19.6,272.0,30.0,1003.8,100.0,100
2024-10-30 17:00:00+05:30,17.5,274.0,29.0,1004.2,100.0,100
2024-10-30 18:00:00+05:30,14.6,268.0,28.1,1004.8,100.0,100
2024-10-30 19:00:00+05:30,14.6,270.0,27.7,1005.8,95.71875822805762,100
2024-10-30 20:00:00+05:30,13.9,272.0,27.4,1006.7,100.0,100
2024-10-30 21:00:00+05:30,13.3,272.0,27.2,1007.2,97.73544480946966,100
2024-10-30 22:00:00+05:30,12.8,276.0,26.9,1007.1,98.48678889021325,100
2024-10-30 23:00:00+05:30,12.8,280.0,26.6,1007.0,100.0,100
2024-10-31 00:00:00+05:30,12.5,282.0,26.3,1006.6,100.0,100
2024-10-31 01:00:00+05:30,12.2,283.0,26.0,1006.2,100.0,100
2024-10-31 02:00:00+05:30,12.6,279.0,25.7,1005.7,100.0,100
2024-10-31 03:00:00+05:30,13.0,284.0,25.5,1005.5,100.0,100
2024-10-31 04:00:00+05:30,14.0,277.0,25.5,1005.5,98.7719883929017,100
2024-10-31 05:00:00+05:30,12.7,283.0,25.3,1006.1,99.82024911733022,100
2024-10-31 06:00:00+05:30,11.2,286.0,26.2,1006.6,72.27926869794084,100
2024-10-31 07:00:00+05:30,13.9,267.0,27.2,1007.5,99.9069292032997,100
2024-10-31 08:00:00+05:30,15.5,270.0,28.3,1008.1,96.52348330343739,100
2024-10-31 09:00:00+05:30,14.2,269.0,29.3,1008.3,99.86208905215578,100
2024-10-31 10:00:00+05:30,13.8,258.0,30.2,1008.2,99.59588745273143,100
2024-10-31 11:00:00+05:30,13.0,251.0,30.8,1007.6,99.06099142819636,100
2024-10-31 12:00:00+05:30,15.1,241.0,30.7,1006.5,99.96395484073103,100
2024-10-31 13:00:00+05:30,15.3,248.0,31.4,1005.7,100.0,100
2024-10-31 14:00:00+05:30,16.2,278.0,29.1,1005.2,94.62467694625275,100
2024-10-31 15:00:00+05:30,13.9,268.0,29.7,1004.7,99.6024703341518,100
2024-10-31 16:00:00+05:30,15.5,268.0,29.6,1005.0,100.0,100
2024-10-31 17:00:00+05:30,13.5,284.0,28.1,1005.4,98.16946277497857,100
2024-10-31 18:00:00+05:30,11.2,288.0,27.0,1005.6,75.41346183439063,100
2024-10-31 19:00:00+05:30,11.2,280.0,26.5,1006.7,75.4564893316657,100
2024-10-31 20:00:00+05:30,11.3,278.0,26.3,1007.4,77.0725710172536,100
2024-10-31 21:00:00+05:30,10.0,276.0,26.1,1007.9,47.725761909562216,100
2024-10-31 22:00:00+05:30,9.4,274.0,25.9,1008.0,35.4127972162368,100
2024-10-31 23:00:00+05:30,9.0,272.0,25.8,1007.8,29.384284840329414,100
2024-11-01 00:00:00+05:30,9.0,285.0,25.7,1007.3,30.345337032076998,100
2024-11-01 01:00:00+05:30,8.9,291.0,25.5,1006.6,25.12993594086479,100
2024-11-01 02:00:00+05:30,12.1,263.0,25.5,1006.2,99.21182372118754,100
2024-11-01 03:00:00+05:30,11.9,273.0,25.3,1006.0,99.69060645031567,100
2024-11-01 04:00:00+05:30,12.3,277.0,25.0,1006.2,100.0,100
2024-11-01 05:00:00+05:30,13.4,290.0,24.8,1006.6,98.92995788473422,100
2024-11-01 06:00:00+05:30,11.1,295.0,25.3,1007.2,74.98907149690086,100
2024-11-01 07:00:00+05:30,10.0,287.0,26.6,1008.0,47.64737344335759,100
2024-11-01 08:00:00+05:30,12.4,283.0,28.5,1008.6,100.0,100
2024-11-01 09:00:00+05:30,11.6,285.0,30.0,1008.9,86.54541348788796,100
2024-11-01 10:00:00+05:30,9.0,280.0,31.1,1008.9,30.336848208502207,100
2024-11-01 11:00:00+05:30,7.7,242.0,31.8,1008.0,15.128348309960018,100
2024-11-01 12:00:00+05:30,14.5,226.0,30.9,1006.9,100.0,100
2024-11-01 13:00:00+05:30,7.7,252.0,28.6,1006.4,13.853115911728432,100
2024-11-01 14:00:00+05:30,10.7,263.0,28.3,1005.6,62.58095257839443,100
2024-11-01 15:00:00+05:30,8.4,277.0,29.2,1005.5,22.09694827045088,100
2024-11-01 16:00:00+05:30,10.4,269.0,28.8,1005.7,56.92580436254171,100
2024-11-01 17:00:00+05:30,11.4,276.0,27.8,1006.3,81.54013777386136,100
2024-11-01 18:00:00+05:30,11.1,278.0,27.7,1006.7,75.0417819666959,100
2024-11-01 19:00:00+05:30,10.4,280.0,26.9,1007.6,54.997334018216215,100
2024-11-01 20:00:00+05:30,9.3,292.0,26.5,1008.5,32.69480149175576,100
2024-11-01 21:00:00+05:30,5.4,326.0,26.3,1009.1,1.4205540523070146,100
2024-11-01 22:00:00+05:30,4.4,21.0,25.7,1009.2,0.0,100
2024-11-01 23:00:00+05:30,4.0,27.0,25.5,1008.8,0.4216529820414019,100
2024-11-02 00:00:00+05:30,5.0,38.0,25.3,1008.4,0.0,100
2024-11-02 01:00:00+05:30,3.9,34.0,25.0,1007.5,0.8337673384270152,100
2024-11-02 02:00:00+05:30,3.5,21.0,24.6,1006.8,0.24730056102264175,100
2024-11-02 03:00:00+05:30,3.1,36.0,24.4,1006.6,0.0,100
2024-11-02 04:00:00+05:30,0.9,360.0,24.6,1006.9,0.0,100
2024-11-02 05:00:00+05:30,4.0,357.0,24.4,1007.5,0.9611026677610417,100
2024-11-02 06:00:00+05:30,5.6,42.0,24.9,1008.3,2.896445527561187,100
2024-11-02 07:00:00+05:30,6.1,360.0,26.1,1009.0,4.470742667505387,100
2024-11-02 08:00:00+05:30,2.9,317.0,27.3,1009.5,1.2586442392068782,100
2024-11-02 09:00:00+05:30,2.3,203.0,28.0,1009.9,0.08875105588164742,100
2024-11-02 10:00:00+05:30,3.1,193.0,29.5,1009.7,0.0,100
2024-11-02 11:00:00+05:30,13.3,189.0,27.0,1009.4,97.19662836555696,100
2024-11-02 12:00:00+05:30,10.8,169.0,26.3,1008.6,64.73286652310593,100
2024-11-02 13:00:00+05:30,10.0,167.0,25.7,1007.7,45.444943283270234,100
2024-11-02 14:00:00+05:30,3.4,137.0,26.0,1006.8,0.5090600393221358,100
2024-11-02 15:00:00+05:30,2.6,78.0,26.6,1006.4,0.0,100
2024-11-02 16:00:00+05:30,5.6,178.0,27.0,1006.4,3.4133262682953482,100
2024-11-02 17:00:00+05:30,1.9,139.0,26.2,1007.2,0.0,100
2024-11-02 18:00:00+05:30,4.5,119.0,25.8,1006.8,0.8986662729533608,100
2024-11-02 19:00:00+05:30,4.0,100.0,25.5,1007.4,0.0,100
2024-11-02 20:00:00+05:30,5.5,79.0,25.3,1008.3,2.718646134279354,100
2024-11-02 21:00:00+05:30,8.6,67.0,25.3,1008.9,23.168688476137365,100
2024-11-02 22:00:00+05:30,11.1,51.0,25.0,1009.2,72.53970619894973,100
2024-11-02 23:00:00+05:30,8.0,40.0,24.7,1008.3,16.36524843423247,100
2024-11-03 00:00:00+05:30,10.6,42.0,24.5,1007.7,60.211567745672085,100
2024-11-03 01:00:00+05:30,10.7,37.0,24.2,1007.0,64.27876704609515,100
2024-11-03 02:00:00+05:30,11.8,34.0,24.3,1006.2,97.81095354421277,100
2024-11-03 03:00:00+05:30,11.4,33.0,24.0,1005.8,81.4428654857358,100
2024-11-03 04:00:00+05:30,10.5,29.0,23.9,1005.8,59.753282223115214,100
2024-11-03 05:00:00+05:30,10.1,27.0,24.0,1006.5,47.87458225109915,100
2024-11-03 06:00:00+05:30,5.5,32.0,24.5,1007.3,2.4206912419951987,100
2024-11-03 07:00:00+05:30,9.8,52.0,25.9,1008.0,42.34632858969819,100
2024-11-03 08:00:00+05:30,14.7,54.0,27.3,1008.9,98.75453607052424,100
2024-11-03 09:00:00+05:30,20.6,58.0,27.6,1009.6,98.11622110211663,100
2024-11-03 10:00:00+05:30,19.8,59.0,27.6,1009.3,98.9703579254749,100
2024-11-03 11:00:00+05:30,17.6,53.0,28.3,1008.3,98.66009567151256,100
2024-11-03 12:00:00+05:30,14.6,68.0,29.7,1007.3,100.0,100
2024-11-03 13:00:00+05:30,12.6,87.0,30.2,1006.3,97.14741209565639,100
2024-11-03 14:00:00+05:30,16.3,115.0,29.3,1005.4,99.53623868223069,100
2024-11-03 15:00:00+05:30,8.2,113.0,27.5,1005.2,20.91883407218054,100
2024-11-03 16:00:00+05:30,5.0,131.0,27.8,1005.7,0.5792800615700676,100
2024-11-03 17:00:00+05:30,6.8,72.0,25.6,1006.6,6.864087066939797,100
2024-11-03 18:00:00+05:30,4.6,103.0,26.9,1006.6,1.721568380047246,100
2024-11-03 19:00:00+05:30,6.2,75.0,26.1,1007.5,4.640462521457341,100
2024-11-03 20:00:00+05:30,2.9,94.0,26.0,1008.4,0.0,100
2024-11-03 21:00:00+05:30,3.9,56.0,25.4,1008.9,0.0,100
2024-11-03 22:00:00+05:30,8.5,58.0,25.3,1008.9,22.90661046087883,100
2024-11-03 23:00:00+05:30,9.7,59.0,24.9,1008.8,41.90951826790101,100
2024-11-04 00:00:00+05:30,13.2,50.0,24.4,1008.0,100.0,100
2024-11-04 01:00:00+05:30,14.3,39.0,24.0,1007.1,100.0,100
2024-11-04 02:00:00+05:30,14.8,39.0,23.7,1006.3,100.0,100
2024-11-04 03:00:00+05:30,11.5,35.0,23.5,1006.1,81.96160563573841,100
2024-11-04 04:00:00+05:30,9.4,36.0,23.6,1006.0,36.043995898303024,100
2024-11-04 05:00:00+05:30,8.3,39.0,23.6,1006.4,22.214092853163557,100
2024-11-04 06:00:00+05:30,13.6,44.0,24.4,1006.9,100.0,100
2024-11-04 07:00:00+05:30,13.4,41.0,25.4,1007.5,100.0,100
2024-11-04 08:00:00+05:30,13.5,38.0,27.4,1007.9,99.49755823513411,100
2024-11-04 09:00:00+05:30,14.2,41.0,29.0,1008.1,99.83784019985048,100
2024-11-04 10:00:00+05:30,15.0,63.0,29.7,1008.0,100.0,100
2024-11-04 11:00:00+05:30,18.2,91.0,28.6,1007.3,99.97080542999575,100
2024-11-04 12:00:00+05:30,13.9,107.0,28.2,1006.3,100.0,100
2024-11-04 13:00:00+05:30,13.5,71.0,26.4,1005.7,100.0,100
2024-11-04 14:00:00+05:30,6.1,66.0,27.2,1005.0,3.7898072751722944,100
2024-11-04 15:00:00+05:30,4.3,107.0,27.7,1004.5,0.14583552264041533,100
2024-11-04 16:00:00+05:30,8.8,92.0,26.1,1005.0,27.56523602922059,100
2024-11-04 17:00:00+05:30,5.2,44.0,25.4,1005.8,2.4050143222412372,100
2024-11-04 18:00:00+05:30,11.3,42.0,24.9,1006.0,75.20732966450412,100
2024-11-04 19:00:00+05:30,9.0,29.0,24.6,1006.8,30.516359228476954,100
2024-11-04 20:00:00+05:30,8.9,29.0,24.6,1007.6,26.92614189232772,100
2024-11-04 21:00:00+05:30,7.0,18.0,24.5,1008.2,9.965762921411319,100
2024-11-04 22:00:00+05:30,4.6,9.0,24.1,1008.3,0.0,100
2024-11-04 23:00:00+05:30,3.5,28.0,23.8,1007.7,0.0,100
2024-11-05 00:00:00+05:30,3.8,25.0,23.6,1007.3,0.0,100
2024-11-05 01:00:00+05:30,8.7,48.0,23.5,1006.6,26.6607691826557,100
2024-11-05 02:00:00+05:30,10.4,34.0,23.4,1005.9,55.37436628781631,100
2024-11-05 03:00:00+05:30,8.8,41.0,23.3,1005.8,28.439857890327247,100
2024-11-05 04:00:00+05:30,12.8,40.0,23.4,1005.5,98.71109756110769,100
2024-11-05 05:00:00+05:30,12.2,33.0,23.3,1006.1,100.0,100
2024-11-05 06:00:00+05:30,7.2,13.0,24.0,1007.4,10.866799360677907,100
2024-11-05 07:00:00+05:30,7.7,11.0,25.0,1008.1,13.59655547622851,100
2024-11-05 08:00:00+05:30,7.6,8.0,26.6,1008.7,13.163593031771459,100
2024-11-05 09:00:00+05:30,9.2,20.0,28.3,1009.0,32.85448424379545,100
2024-11-05 10:00:00+05:30,11.8,47.0,29.5,1008.7,90.64055601415834,100
2024-11-05 11:00:00+05:30,14.4,60.0,30.2,1007.8,100.0,100
2024-11-05 12:00:00+05:30,15.2,59.0,30.6,1006.3,100.0,100
2024-11-05 13:00:00+05:30,11.6,69.0,30.6,1005.4,85.17781718186215,100
2024-11-05 14:00:00+05:30,4.5,143.0,29.0,1005.0,1.017537427317442,100
2024-11-05 15:00:00+05:30,9.3,255.0,26.3,1005.6,35.07740405066149,100
2024-11-05 16:00:00+05:30,4.6,279.0,25.6,1005.9,0.0,100
2024-11-05 17:00:00+05:30,5.2,299.0,25.9,1006.0,0.0,100
2024-11-05 18:00:00+05:30,6.1,256.0,25.6,1006.4,4.00160391370889,100
2024-11-05 19:00:00+05:30,10.2,278.0,25.4,1007.3,49.89446390358329,100
2024-11-05 20:00:00+05:30,9.6,286.0,24.5,1008.1,38.477107035843076,100
2024-11-05 21:00:00+05:30,7.8,314.0,24.4,1008.3,15.382183167929536,100
2024-11-05 22:00:00+05:30,7.3,310.0,24.4,1008.4,10.093631134977604,100
2024-11-05 23:00:00+05:30,6.9,313.0,24.2,1008.3,8.313206194771746,100
2024-11-06 00:00:00+05:30,5.3,336.0,23.7,1007.7,0.3798177755462595,100
2024-11-06 01:00:00+05:30,4.3,2.0,23.4,1007.1,0.7863169209665182,100
2024-11-06 02:00:00+05:30,5.1,10.0,22.9,1006.3,0.08158369868266235,100
2024-11-06 03:00:00+05:30,4.3,360.0,22.9,1005.9,0.27108311061106366,100
2024-11-06 04:00:00+05:30,4.4,341.0,22.8,1006.1,1.6265157047843282,100
2024-11-06 05:00:00+05:30,4.6,324.0,22.6,1007.0,1.1257897938009984,100
2024-11-06 06:00:00+05:30,7.9,315.0,23.9,1008.0,16.102090837437487,100
2024-11-06 07:00:00+05:30,6.2,296.0,25.7,1008.7,4.991172502669601,100
2024-11-06 08:00:00+05:30,3.2,289.0,27.3,1009.3,0.7247814705359743,100
2024-11-06 09:00:00+05:30,3.6,20.0,28.8,1009.3,0.0,100
2024-11-06 10:00:00+05:30,1.5,69.0,30.0,1008.8,0.0,100
2024-11-06 11:00:00+05:30,4.2,234.0,30.1,1008.3,1.1092426747064725,100
2024-11-06 12:00:00+05:30,7.0,230.0,29.8,1007.4,8.534197806655651,100
2024-11-06 13:00:00+05:30,6.1,273.0,26.4,1007.1,3.6431991036678024,100
2024-11-06 14:00:00+05:30,11.1,263.0,27.5,1006.1,72.31017180426669,100
2024-11-06 15:00:00+05:30,7.8,279.0,27.5,1005.3,13.789975280720267,100
2024-11-06 16:00:00+05:30,7.0,282.0,27.9,1005.3,7.842388819388479,100
2024-11-06 17:00:00+05:30,6.0,279.0,27.6,1006.0,4.379211358418724,100
2024-11-06 18:00:00+05:30,7.3,298.0,26.2,1005.8,10.42128764478145,100
2024-11-06 19:00:00+05:30,7.7,301.0,25.6,1006.5,13.55116448734966,100
2024-11-06 20:00:00+05:30,8.2,302.0,25.2,1007.3,18.499153849519235,100
2024-11-06 21:00:00+05:30,9.7,301.0,25.1,1007.8,42.10603089749736,100
2024-11-06 22:00:00+05:30,11.3,297.0,25.0,1007.7,79.17688965067273,100
2024-11-06 23:00:00+05:30,11.9,301.0,24.8,1007.6,92.47957915079867,100
2024-11-07 00:00:00+05:30,12.7,297.0,24.8,1007.1,99.72361011780838,100
2024-11-07 01:00:00+05:30,13.2,301.0,24.6,1006.7,100.0,100
2024-11-07 02:00:00+05:30,12.7,300.0,24.4,1006.2,97.87254808185905,100
2024-11-07 03:00:00+05:30,12.8,294.0,24.3,1006.1,97.16099935551074,100
2024-11-07 04:00:00+05:30,13.6,298.0,24.3,1006.1,100.0,100
2024-11-07 05:00:00+05:30,15.1,299.0,24.2,1006.5,99.94021642290222,100
2024-11-07 06:00:00+05:30,10.0,290.0,25.1,1007.8,46.408146825998394,100
2024-11-07 07:00:00+05:30,12.3,288.0,25.9,1008.0,99.69128873249895,100
2024-11-07 08:00:00+05:30,12.0,291.0,27.2,1008.8,93.05057260953657,100
2024-11-07 09:00:00+05:30,8.1,291.0,28.6,1008.7,18.906815564630897,100
2024-11-07 10:00:00+05:30,2.9,277.0,29.5,1008.2,0.6994072486470039,100
2024-11-07 11:00:00+05:30,4.1,221.0,30.0,1007.4,0.4961152899564518,100
2024-11-07 12:00:00+05:30,7.3,220.0,29.8,1006.7,10.312195966381672,100
2024-11-07 13:00:00+05:30,7.7,213.0,29.5,1005.7,14.72954344231219,100
2024-11-07 14:00:00+05:30,9.9,217.0,29.2,1005.2,45.98798660848156,100
2024-11-07 15:00:00+05:30,11.3,239.0,28.4,1005.1,78.17985338832838,100
2024-11-07 16:00:00+05:30,9.2,239.0,28.5,1005.3,34.45451690178341,100
2024-11-07 17:00:00+05:30,7.2,242.0,27.7,1006.1,9.862160882196129,100
2024-11-07 18:00:00+05:30,3.4,252.0,26.9,1005.9,1.3456410835765904,100
2024-11-07 19:00:00+05:30,3.5,249.0,26.5,1006.7,0.0,100
2024-11-07 20:00:00+05:30,4.5,268.0,26.0,1007.7,0.5639125085844532,100
2024-11-07 21:00:00+05:30,5.9,315.0,25.6,1008.1,3.0407468405639713,100
2024-11-07 22:00:00+05:30,3.0,57.0,25.2,1008.3,0.0,100
2024-11-07 23:00:00+05:30,3.0,128.0,25.4,1008.0,0.0,100
2024-11-08 00:00:00+05:30,2.2,145.0,26.0,1007.6,0.0,100
2024-11-08 01:00:00+05:30,8.5,96.0,24.7,1007.9,24.733387590364764,100
2024-11-08 02:00:00+05:30,4.3,178.0,24.7,1006.6,1.2258577394554648,100
2024-11-08 03:00:00+05:30,1.0,31.0,25.0,1006.3,0.0,100
2024-11-08 04:00:00+05:30,2.7,274.0,24.6,1005.7,0.0,100
2024-11-08 05:00:00+05:30,3.9,286.0,24.1,1006.0,0.0,100
2024-11-08 06:00:00+05:30,3.5,325.0,25.1,1006.6,0.7435720853557379,100
2024-11-08 07:00:00+05:30,5.9,358.0,26.0,1007.7,3.89971571002146,100
2024-11-08 08:00:00+05:30,4.9,350.0,26.9,1008.6,0.09960769308986572,100
2024-11-08 09:00:00+05:30,7.9,286.0,27.0,1008.6,16.241089043462107,100
2024-11-08 10:00:00+05:30,9.0,272.0,26.7,1008.7,28.62216744733788,100
2024-11-08 11:00:00+05:30,14.4,242.0,26.7,1007.9,100.0,100
2024-11-08 12:00:00+05:30,11.6,255.0,26.6,1006.7,89.6252316287939,100
2024-11-08 13:00:00+05:30,10.5,264.0,26.7,1006.2,57.65850374301421,100
2024-11-08 14:00:00+05:30,15.4,277.0,25.7,1005.9,95.54965417123437,100
2024-11-08 15:00:00+05:30,12.8,296.0,26.0,1005.7,100.0,100
2024-11-08 16:00:00+05:30,11.9,301.0,25.2,1006.3,96.91310979044056,100
2024-11-08 17:00:00+05:30,9.2,305.0,25.0,1006.7,31.723692868064635,100
2024-11-08 18:00:00+05:30,2.9,270.0,24.9,1007.4,0.7192250041112994,100
2024-11-08 19:00:00+05:30,5.7,323.0,24.7,1007.3,1.6353914148307829,100
2024-11-08 20:00:00+05:30,6.9,300.0,24.5,1007.9,8.468404119220228,100
2024-11-08 21:00:00+05:30,5.7,307.0,24.4,1008.0,2.9722489227313256,100
2024-11-08 22:00:00+05:30,7.1,294.0,24.4,1008.2,8.884467068909359,100
2024-11-08 23:00:00+05:30,9.1,311.0,24.2,1007.6,31.323421685452512,100
2024-11-09 00:00:00+05:30,9.8,306.0,24.1,1006.4,40.78683361249378,100
2024-11-09 01:00:00+05:30,8.7,318.0,24.0,1005.6,24.69367150801812,100
2024-11-09 02:00:00+05:30,7.8,316.0,23.9,1005.3,13.64044090450189,100
2024-11-09 03:00:00+05:30,7.6,329.0,23.9,1004.8,12.842100532023093,100
2024-11-09 04:00:00+05:30,5.3,325.0,23.7,1004.6,2.870834595288202,100
2024-11-09 05:00:00+05:30,5.2,299.0,23.0,1005.6,2.239761661076126,100
2024-11-09 06:00:00+05:30,3.5,345.0,23.9,1007.0,0.0,100
2024-11-09 07:00:00+05:30,5.6,17.0,25.9,1007.6,1.9869626486238292,100
2024-11-09 08:00:00+05:30,10.4,28.0,27.9,1008.0,55.12389900617682,100
2024-11-09 09:00:00+05:30,17.6,26.0,29.3,1007.7,100.0,100
2024-11-09 10:00:00+05:30,17.6,24.0,30.3,1007.3,100.0,100
2024-11-09 11:00:00+05:30,14.7,25.0,31.1,1007.1,97.37294725422852,100
2024-11-09 12:00:00+05:30,10.6,4.0,31.0,1006.1,57.25071349045809,100
2024-11-09 13:00:00+05:30,5.1,297.0,30.6,1005.5,1.0796053983973206,100
2024-11-09 14:00:00+05:30,8.0,260.0,29.7,1004.9,17.441426061587993,100
2024-11-09 15:00:00+05:30,11.7,249.0,28.7,1004.9,90.82437377974891,100
2024-11-09 16:00:00+05:30,8.0,245.0,27.1,1005.4,15.548937372111007,100
2024-11-09 17:00:00+05:30,15.0,253.0,25.7,1006.3,99.07965150912702,100
2024-11-09 18:00:00+05:30,5.2,286.0,26.4,1006.0,1.2078356272048965,100
2024-11-09 19:00:00+05:30,5.2,301.0,25.8,1007.0,2.223555203248451,100
2024-11-09 20:00:00+05:30,6.0,314.0,25.3,1007.7,3.925530943097444,100
2024-11-09 21:00:00+05:30,6.9,315.0,25.0,1008.5,7.873400684291932,100
2024-11-09 22:00:00+05:30,5.8,356.0,24.8,1008.4,4.424281442507971,100
2024-11-09 23:00:00+05:30,6.2,100.0,24.5,1007.8,2.940284990308161,100
2024-11-10 00:00:00+05:30,3.5,15.0,24.1,1007.1,0.5976663249038038,100
2024-11-10 01:00:00+05:30,3.9,344.0,23.4,1006.4,0.0,100
2024-11-10 02:00:00+05:30,4.6,329.0,23.5,1005.9,0.0,100
2024-11-10 03:00:00+05:30,5.6,338.0,23.5,1005.4,0.8083406428875324,100
2024-11-10 04:00:00+05:30,4.8,345.0,23.1,1005.4,1.4448095947788193,100
2024-11-10 05:00:00+05:30,6.3,353.0,22.6,1005.9,3.552156031583087,100
2024-11-10 06:00:00+05:30,4.8,340.0,23.4,1007.0,0.0,100
2024-11-10 07:00:00+05:30,6.9,355.0,25.9,1007.8,8.621456397339037,100
2024-11-10 08:00:00+05:30,9.6,4.0,27.8,1008.4,40.32507774453562,100
2024-11-10 09:00:00+05:30,15.8,21.0,29.0,1008.4,99.38939115916504,100
2024-11-10 10:00:00+05:30,16.0,21.0,30.3,1007.8,100.0,100
2024-11-10 11:00:00+05:30,17.0,34.0,31.1,1007.0,100.0,100
2024-11-10 12:00:00+05:30,17.2,41.0,31.5,1005.9,100.0,100
2024-11-10 13:00:00+05:30,12.6,41.0,31.5,1005.1,97.94371069461947,100
2024-11-10 14:00:00+05:30,6.3,7.0,30.7,1004.5,5.3048085697027725,100
2024-11-10 15:00:00+05:30,1.3,16.0,29.6,1004.7,1.4131771333688232,100
2024-11-10 16:00:00+05:30,4.3,204.0,28.6,1005.1,0.21546721098314314,100
2024-11-10 17:00:00+05:30,6.0,243.0,27.5,1005.5,4.744651273602946,100
2024-11-10 18:00:00+05:30,11.9,260.0,26.5,1005.5,94.86798204261835,100
2024-11-10 19:00:00+05:30,6.1,300.0,25.7,1006.5,4.636376656394632,100
2024-11-10 20:00:00+05:30,5.8,321.0,25.2,1007.3,2.6534423374315574,100
2024-11-10 21:00:00+05:30,6.7,333.0,25.0,1007.9,6.4187752105844496,100
2024-11-10 22:00:00+05:30,7.9,330.0,24.8,1007.9,14.738587601513844,100
2024-11-10 23:00:00+05:30,8.0,322.0,24.5,1007.4,18.210662356879837,100
2024-11-11 00:00:00+05:30,5.7,316.0,23.9,1006.6,2.174797912658085,100
2024-11-11 01:00:00+05:30,4.6,321.0,23.2,1006.2,0.7614523372157591,100
2024-11-11 02:00:00+05:30,5.2,329.0,22.8,1005.5,2.152829988256408,100
2024-11-11 03:00:00+05:30,5.4,330.0,22.5,1005.4,2.6015531855836365,100
2024-11-11 04:00:00+05:30,5.2,326.0,22.4,1005.6,0.8545469197442377,100
2024-11-11 05:00:00+05:30,6.6,327.0,21.8,1006.2,8.66744157985206,100
2024-11-11 06:00:00+05:30,5.7,24.0,23.8,1006.7,2.9445024035270353,100
2024-11-11 07:00:00+05:30,10.5,27.0,25.8,1007.6,59.50743311593916,100
2024-11-11 08:00:00+05:30,14.2,26.0,28.0,1008.0,96.88241144365169,100
2024-11-11 09:00:00+05:30,17.1,25.0,29.3,1007.8,100.0,100
2024-11-11 10:00:00+05:30,17.5,25.0,30.5,1007.2,97.68528396557456,100
2024-11-11 11:00:00+05:30,16.8,28.0,31.4,1006.2,100.0,100
2024-11-11 12:00:00+05:30,10.0,15.0,31.7,1005.0,46.70963838153274,100
2024-11-11 13:00:00+05:30,5.0,283.0,31.4,1004.0,0.0,100
2024-11-11 14:00:00+05:30,9.0,250.0,30.7,1003.2,30.84445234197725,100
2024-11-11 15:00:00+05:30,15.5,245.0,29.3,1003.1,99.93443019997949,100
2024-11-11 16:00:00+05:30,15.9,250.0,28.3,1003.7,99.83262912942685,100
2024-11-11 17:00:00+05:30,12.2,246.0,27.6,1004.3,98.08684600901961,100
2024-11-11 18:00:00+05:30,11.8,262.0,27.1,1004.8,95.99169509409744,100
2024-11-11 19:00:00+05:30,6.0,273.0,26.1,1005.8,4.3909411958212905,100
2024-11-11 20:00:00+05:30,5.6,274.0,25.7,1006.7,3.221573703594007,100
2024-11-11 21:00:00+05:30,8.7,275.0,25.6,1007.2,25.568045319343753,100
2024-11-11 22:00:00+05:30,9.6,276.0,25.4,1007.1,40.24218473983848,100
2024-11-11 23:00:00+05:30,10.8,285.0,25.3,1007.0,64.41675410413876,100
2024-11-12 00:00:00+05:30,11.6,288.0,24.9,1006.4,91.1053620832478,100
2024-11-12 01:00:00+05:30,12.6,294.0,25.0,1005.6,100.0,100
2024-11-12 02:00:00+05:30,12.9,291.0,24.6,1005.0,95.99921303747468,100
2024-11-12 03:00:00+05:30,13.6,299.0,24.6,1004.6,100.0,100
2024-11-12 04:00:00+05:30,11.9,305.0,24.4,1004.6,94.28841729604996,100
2024-11-12 05:00:00+05:30,10.3,317.0,24.1,1004.9,52.96356246781358,100
2024-11-12 06:00:00+05:30,6.2,22.0,24.9,1005.4,4.621338338626207,100
2024-11-12 07:00:00+05:30,6.6,33.0,26.2,1006.1,7.195192973494143,100
2024-11-12 08:00:00+05:30,5.3,24.0,27.8,1006.8,3.850675821379247,100
2024-11-12 09:00:00+05:30,3.3,41.0,29.0,1007.1,0.8211361994286858,100
2024-11-12 10:00:00+05:30,1.5,159.0,29.4,1006.8,0.0,100
2024-11-12 11:00:00+05:30,2.9,191.0,29.5,1006.3,2.8739905283880596,100
2024-11-12 12:00:00+05:30,6.4,207.0,29.3,1005.1,5.237828390618145,100
2024-11-12 13:00:00+05:30,13.9,213.0,29.3,1004.1,100.0,100
2024-11-12 14:00:00+05:30,13.1,228.0,28.8,1003.6,100.0,100
2024-11-12 15:00:00+05:30,9.9,245.0,28.0,1003.4,44.89825541641687,100
2024-11-12 16:00:00+05:30,14.2,266.0,27.2,1003.7,98.14827798584926,100
2024-11-12 17:00:00+05:30,12.5,263.0,26.9,1003.8,100.0,100
2024-11-12 18:00:00+05:30,10.6,270.0,27.1,1003.8,59.6524110963838,100
2024-11-12 19:00:00+05:30,10.8,274.0,26.3,1005.1,67.57791894076756,100
2024-11-12 20:00:00+05:30,11.7,275.0,26.2,1005.4,91.706009229265,100
2024-11-12 21:00:00+05:30,11.5,274.0,26.2,1005.8,85.62965117739775,100
2024-11-12 22:00:00+05:30,10.6,274.0,26.0,1005.7,0.0,100
2024-11-12 23:00:00+05:30,11.3,271.0,25.9,1005.1,76.72777097196399,100
2024-11-13 00:00:00+05:30,10.3,293.0,25.6,1004.4,52.2534304821591,100
2024-11-13 01:00:00+05:30,8.3,309.0,25.2,1003.7,20.984764909692142,100
2024-11-13 02:00:00+05:30,6.6,315.0,24.8,1003.0,6.189753306112338,100
2024-11-13 03:00:00+05:30,7.1,308.0,24.7,1002.5,10.346754049311809,100
2024-11-13 04:00:00+05:30,6.4,302.0,24.5,1002.7,4.768666695521424,100
2024-11-13 05:00:00+05:30,6.9,321.0,24.5,1003.7,6.812302005433531,100
2024-11-13 06:00:00+05:30,6.4,310.0,25.9,1003.8,6.550791238262155,100
2024-11-13 07:00:00+05:30,6.3,309.0,27.6,1004.8,6.165942353729585,100
2024-11-13 08:00:00+05:30,4.6,309.0,29.1,1005.8,0.8643446406627209,100
2024-11-13 09:00:00+05:30,0.3,135.0,30.4,1005.9,0.0,100
2024-11-13 10:00:00+05:30,6.7,153.0,31.1,1005.6,7.302004848402758,100
2024-11-13 11:00:00+05:30,10.8,159.0,31.1,1004.7,65.87273900188269,100
2024-11-13 12:00:00+05:30,10.5,174.0,30.8,1003.8,56.27926913725072,100
2024-11-13 13:00:00+05:30,8.8,185.0,30.1,1002.9,26.222289413217364,100
2024-11-13 14:00:00+05:30,8.1,186.0,30.0,1002.2,19.88093171689749,100
2024-11-13 15:00:00+05:30,7.4,206.0,29.8,1001.9,11.99558223349717,100
2024-11-13 16:00:00+05:30,9.9,125.0,28.3,1002.5,43.038551741186325,100
2024-11-13 17:00:00+05:30,6.6,69.0,27.5,1003.1,6.327401954897812,100
2024-11-13 18:00:00+05:30,8.7,69.0,27.0,1003.8,25.336151844231903,100
2024-11-13 19:00:00+05:30,0.4,270.0,26.4,1004.5,0.7259910233401488,100
2024-11-13 20:00:00+05:30,1.6,360.0,25.9,1005.5,0.0,100
2024-11-13 21:00:00+05:30,3.8,25.0,26.0,1005.9,0.0,100
2024-11-13 22:00:00+05:30,2.5,30.0,25.7,1005.8,0.0,100
2024-11-13 23:00:00+05:30,8.9,47.0,25.5,1005.6,28.581652667434565,100
2024-11-14 00:00:00+05:30,12.6,29.0,24.9,1005.1,100.0,100
2024-11-14 01:00:00+05:30,14.9,52.0,24.6,1004.4,98.26199711908305,100
2024-11-14 02:00:00+05:30,13.0,70.0,24.6,1003.7,100.0,100
2024-11-14 03:00:00+05:30,10.6,87.0,24.4,1003.8,58.56566851294951,100
2024-11-14 04:00:00+05:30,11.4,75.0,24.3,1003.9,78.89490014275252,100
2024-11-14 05:00:00+05:30,5.0,60.0,24.3,1004.6,0.8814595109993475,100
2024-11-14 06:00:00+05:30,7.7,25.0,25.1,1005.1,16.196793005241044,100
2024-11-14 07:00:00+05:30,5.9,52.0,26.7,1006.1,3.7982415468371773,100
2024-11-14 08:00:00+05:30,12.9,49.0,27.5,1006.8,100.0,100
2024-11-14 09:00:00+05:30,16.3,48.0,29.1,1007.1,99.32475819566967,100
2024-11-14 10:00:00+05:30,17.5,53.0,30.1,1007.0,100.0,100
2024-11-14 11:00:00+05:30,15.7,66.0,31.2,1006.0,99.85110390004108,100
2024-11-14 12:00:00+05:30,13.0,84.0,31.4,1005.0,100.0,100
2024-11-14 13:00:00+05:30,7.9,125.0,28.3,1004.5,16.105330273169873,100
2024-11-14 14:00:00+05:30,11.7,61.0,26.1,1004.3,89.49867776226648,100
2024-11-14 15:00:00+05:30,4.9,24.0,27.5,1003.8,1.4039681893042675,100
2024-11-14 16:00:00+05:30,5.3,24.0,27.7,1004.5,1.5837110456054402,100
2024-11-14 17:00:00+05:30,9.2,50.0,26.2,1005.2,33.47044071052123,100
2024-11-14 18:00:00+05:30,7.4,284.0,25.9,1005.7,13.112926702755274,100
2024-11-14 19:00:00+05:30,8.2,319.0,25.5,1006.8,18.536066961764703,100
2024-11-14 20:00:00+05:30,4.4,351.0,25.2,1007.3,0.5491131811223458,100
2024-11-14 21:00:00+05:30,8.3,33.0,25.5,1007.8,19.904909778950888,100
2024-11-14 22:00:00+05:30,11.7,38.0,25.1,1008.0,91.39580768891352,100
2024-11-14 23:00:00+05:30,9.7,39.0,24.9,1007.2,43.41669512653229,100
2024-11-15 00:00:00+05:30,8.1,18.0,24.6,1006.8,19.20357844195726,100
2024-11-15 01:00:00+05:30,5.4,21.0,24.4,1005.9,2.1206634161123086,100
2024-11-15 02:00:00+05:30,6.5,39.0,24.4,1005.3,7.204556060953433,100
2024-11-15 03:00:00+05:30,13.2,68.0,23.8,1005.8,99.66873593403506,100
2024-11-15 04:00:00+05:30,15.9,22.0,23.4,1005.8,100.0,100
2024-11-15 05:00:00+05:30,6.4,8.0,23.5,1006.6,5.79337125927613,100
2024-11-15 06:00:00+05:30,12.5,28.0,24.7,1006.3,100.0,100
2024-11-15 07:00:00+05:30,11.7,13.0,25.5,1006.7,92.54743807431274,100
2024-11-15 08:00:00+05:30,8.7,17.0,26.9,1007.8,27.969265843558716,100
2024-11-15 09:00:00+05:30,8.7,30.0,29.1,1008.2,26.71433049736281,100
2024-11-15 10:00:00+05:30,10.5,52.0,28.7,1008.0,58.3518923977411,100
2024-11-15 11:00:00+05:30,15.0,47.0,28.3,1006.9,98.29096476216668,100
2024-11-15 12:00:00+05:30,10.6,42.0,28.1,1006.0,60.797463854036074,100
2024-11-15 13:00:00+05:30,14.0,53.0,28.6,1004.5,100.0,100
2024-11-15 14:00:00+05:30,9.2,50.0,28.9,1004.0,32.82587047905401,100
2024-11-15 15:00:00+05:30,12.5,47.0,28.6,1003.9,100.0,100
2024-11-15 16:00:00+05:30,4.7,32.0,27.3,1004.4,0.7039536814025341,100
2024-11-15 17:00:00+05:30,8.1,21.0,26.9,1004.9,19.367084347021006,100
2024-11-15 18:00:00+05:30,3.5,201.0,25.8,1005.3,0.22310377952576638,100
2024-11-15 19:00:00+05:30,5.9,284.0,25.7,1006.2,2.86879487836681,100
2024-11-15 20:00:00+05:30,4.5,360.0,25.4,1006.8,0.0,100
2024-11-15 21:00:00+05:30,13.0,64.0,24.8,1007.6,100.0,100
2024-11-15 22:00:00+05:30,10.4,56.0,24.6,1007.9,56.129653145264506,100
2024-11-15 23:00:00+05:30,14.9,47.0,24.4,1007.1,100.0,100
2024-11-16 00:00:00+05:30,13.8,40.0,24.4,1006.3,100.0,100
2024-11-16 01:00:00+05:30,13.6,35.0,24.3,1005.7,100.0,100
2024-11-16 02:00:00+05:30,12.1,37.0,24.3,1004.9,100.0,100
2024-11-16 03:00:00+05:30,13.6,42.0,24.4,1004.6,99.89129627399834,100
2024-11-16 04:00:00+05:30,15.1,36.0,24.2,1004.6,100.0,100
2024-11-16 05:00:00+05:30,13.0,27.0,24.2,1005.2,99.48893652477787,100
2024-11-16 06:00:00+05:30,10.9,39.0,24.9,1005.6,68.23426943918494,100
2024-11-16 07:00:00+05:30,16.4,38.0,25.8,1006.1,100.0,100
2024-11-16 08:00:00+05:30,17.3,39.0,27.4,1007.0,99.94630488543197,100
2024-11-16 09:00:00+05:30,24.3,47.0,28.7,1007.2,98.95340076189534,100
2024-11-16 10:00:00+05:30,24.0,52.0,29.5,1006.7,100.0,100
2024-11-16 11:00:00+05:30,22.4,57.0,30.4,1006.0,97.36718246986527,100
2024-11-16 12:00:00+05:30,20.7,57.0,30.0,1005.1,95.33908640945178,100
2024-11-16 13:00:00+05:30,20.0,73.0,30.7,1003.8,100.0,100
2024-11-16 14:00:00+05:30,21.4,82.0,29.4,1003.2,100.0,100
2024-11-16 15:00:00+05:30,18.6,71.0,29.0,1003.1,99.40223475875575,100
2024-11-16 16:00:00+05:30,17.4,67.0,27.9,1003.6,99.69706789449431,100
2024-11-16 17:00:00+05:30,17.2,63.0,27.2,1003.7,98.76260102148858,100
2024-11-16 18:00:00+05:30,17.3,48.0,27.4,1004.2,100.0,100
2024-11-16 19:00:00+05:30,16.6,48.0,27.0,1005.1,99.05746133183621,100
2024-11-16 20:00:00+05:30,16.5,49.0,26.7,1006.0,100.0,100
2024-11-16 21:00:00+05:30,20.5,56.0,26.5,1006.6,100.0,100
2024-11-16 22:00:00+05:30,24.4,48.0,25.5,1006.6,100.0,100
2024-11-16 23:00:00+05:30,19.7,40.0,24.7,1006.2,99.71560336265972,100
2024-11-17 00:00:00+05:30,17.9,49.0,24.7,1005.5,99.71542744118398,100
2024-11-17 01:00:00+05:30,19.6,49.0,25.1,1004.8,100.0,100
2024-11-17 02:00:00+05:30,20.6,44.0,25.1,1004.1,99.01653200690832,100
2024-11-17 03:00:00+05:30,21.4,41.0,25.0,1003.7,98.22463470830304,100
2024-11-17 04:00:00+05:30,21.8,38.0,24.8,1004.0,98.21299233519801,100
2024-11-17 05:00:00+05:30,22.1,38.0,24.7,1004.5,100.0,100
2024-11-17 06:00:00+05:30,19.4,43.0,25.2,1004.7,100.0,100
2024-11-17 07:00:00+05:30,20.4,42.0,26.7,1005.6,94.41264286464708,100
2024-11-17 08:00:00+05:30,22.0,42.0,27.6,1006.5,100.0,100
2024-11-17 09:00:00+05:30,22.7,42.0,28.6,1006.6,100.0,100
2024-11-17 10:00:00+05:30,23.2,51.0,29.7,1006.5,98.50316925832593,100
2024-11-17 11:00:00+05:30,22.9,59.0,30.4,1005.9,100.0,100
2024-11-17 12:00:00+05:30,21.4,69.0,30.7,1005.1,97.56559539481738,100
2024-11-17 13:00:00+05:30,22.2,63.0,30.1,1003.9,100.0,100
2024-11-17 14:00:00+05:30,22.5,62.0,30.3,1003.1,99.09679915038956,100
2024-11-17 15:00:00+05:30,21.4,59.0,30.1,1002.6,96.29040381384517,100
2024-11-17 16:00:00+05:30,23.3,50.0,28.8,1002.7,100.0,100
2024-11-17 17:00:00+05:30,18.4,51.0,28.1,1003.3,100.0,100
2024-11-17 18:00:00+05:30,19.4,41.0,28.5,1003.9,98.64743422234363,100
2024-11-17 19:00:00+05:30,21.1,38.0,27.9,1004.9,99.46210268150118,100
2024-11-17 20:00:00+05:30,20.6,32.0,27.0,1005.5,97.0889545550841,100
2024-11-17 21:00:00+05:30,18.1,31.0,26.9,1006.2,99.6884575285317,100
2024-11-17 22:00:00+05:30,19.3,39.0,26.7,1006.6,100.0,100
2024-11-17 23:00:00+05:30,21.3,43.0,26.7,1006.1,99.90402605230656,100
2024-11-18 00:00:00+05:30,24.3,37.0,26.4,1005.5,98.88921299601571,100
2024-11-18 01:00:00+05:30,25.4,40.0,26.3,1005.1,0.0,100
2024-11-18 02:00:00+05:30,26.5,39.0,26.0,1004.2,0.0,100
2024-11-18 03:00:00+05:30,27.4,45.0,25.7,1004.2,0.0,100
2024-11-18 04:00:00+05:30,26.2,43.0,25.3,1004.3,0.0,100
2024-11-18 05:00:00+05:30,24.7,43.0,25.3,1004.8,100.0,100
2024-11-18 06:00:00+05:30,30.2,39.0,26.1,1004.4,3.1063454965739856,100
2024-11-18 07:00:00+05:30,29.8,38.0,27.0,1005.2,0.0,100
2024-11-18 08:00:00+05:30,32.3,37.0,28.4,1005.8,1.0883471997157517,100
2024-11-18 09:00:00+05:30,34.8,37.0,29.1,1006.6,0.0,100
2024-11-18 10:00:00+05:30,34.3,38.0,29.8,1006.3,0.0,100
2024-11-18 11:00:00+05:30,30.5,41.0,30.5,1005.8,0.0,100
2024-11-18 12:00:00+05:30,27.4,42.0,30.9,1004.9,0.0,100
2024-11-18 13:00:00+05:30,27.9,45.0,30.8,1004.0,0.0,100
2024-11-18 14:00:00+05:30,25.0,49.0,30.2,1003.6,99.53928169306907,100
2024-11-18 15:00:00+05:30,23.8,51.0,30.1,1003.6,100.0,100
2024-11-18 16:00:00+05:30,22.0,56.0,29.4,1004.1,97.74319169553462,100
2024-11-18 17:00:00+05:30,19.3,49.0,28.1,1004.6,100.0,100
2024-11-18 18:00:00+05:30,17.4,38.0,27.6,1004.8,100.0,100
2024-11-18 19:00:00+05:30,18.4,37.0,27.0,1006.4,99.99245305510979,100
2024-11-18 20:00:00+05:30,17.8,39.0,26.7,1007.3,99.68319683123752,100
2024-11-18 21:00:00+05:30,19.4,62.0,25.9,1008.2,99.67781236275911,100
2024-11-18 22:00:00+05:30,18.5,60.0,25.5,1008.1,100.0,100
2024-11-18 23:00:00+05:30,22.1,54.0,25.1,1008.0,100.0,100
2024-11-19 00:00:00+05:30,22.5,53.0,24.5,1007.4,100.0,100
2024-11-19 01:00:00+05:30,19.4,50.0,24.5,1006.5,99.92603965206247,100
2024-11-19 02:00:00+05:30,18.7,46.0,24.2,1006.0,100.0,100
2024-11-19 03:00:00+05:30,19.0,41.0,24.4,1005.6,99.41467676775017,100
2024-11-19 04:00:00+05:30,20.5,49.0,24.0,1005.8,100.0,100
2024-11-19 05:00:00+05:30,17.5,49.0,23.4,1006.3,97.07933386926119,100
2024-11-19 06:00:00+05:30,23.1,33.0,26.2,1006.2,100.0,100
2024-11-19 07:00:00+05:30,24.1,34.0,27.3,1007.1,100.0,100
2024-11-19 08:00:00+05:30,28.2,38.0,27.8,1007.7,0.8787569885699024,100
2024-11-19 09:00:00+05:30,31.7,33.0,28.1,1007.6,1.4557095947611252,100
2024-11-19 10:00:00+05:30,32.2,30.0,28.3,1007.5,0.10850873754664445,100
2024-11-19 11:00:00+05:30,31.4,26.0,29.6,1006.8,0.769846619132867,100
2024-11-19 12:00:00+05:30,32.4,28.0,30.1,1006.1,0.05065156452335463,100
2024-11-19 13:00:00+05:30,30.6,30.0,30.4,1005.0,0.0,100
2024-11-19 14:00:00+05:30,32.1,30.0,30.0,1004.2,0.43733014347314564,100
2024-11-19 15:00:00+05:30,28.4,31.0,30.0,1003.9,0.0,100
2024-11-19 16:00:00+05:30,25.0,33.0,29.1,1004.0,100.0,100
2024-11-19 17:00:00+05:30,24.0,33.0,28.3,1004.7,100.0,100
2024-11-19 18:00:00+05:30,18.6,35.0,27.6,1005.0,100.0,100
2024-11-19 19:00:00+05:30,16.6,41.0,27.4,1006.1,97.48606097555901,100
2024-11-19 20:00:00+05:30,15.0,33.0,27.0,1007.0,100.0,100
2024-11-19 21:00:00+05:30,16.4,55.0,26.8,1008.0,100.0,100
2024-11-19 22:00:00+05:30,18.9,49.0,26.1,1007.7,99.50181610826122,100
2024-11-19 23:00:00+05:30,17.5,32.0,25.2,1007.9,98.90253186764437,100
2024-11-20 00:00:00+05:30,18.4,37.0,24.6,1007.3,97.87861842032203,100
2024-11-20 01:00:00+05:30,21.4,30.0,24.5,1005.9,100.0,100
2024-11-20 02:00:00+05:30,22.1,25.0,24.6,1005.1,99.90781986754602,100
2024-11-20 03:00:00+05:30,19.4,17.0,24.6,1004.6,99.85566200978433,100
2024-11-20 04:00:00+05:30,10.9,6.0,23.9,1005.3,66.48904653741953,100
2024-11-20 05:00:00+05:30,11.5,14.0,23.9,1005.8,83.59845875071682,100
2024-11-20 06:00:00+05:30,5.5,347.0,23.5,1006.6,3.430023638892094,100
2024-11-20 07:00:00+05:30,4.4,30.0,24.0,1007.6,0.0,100
2024-11-20 08:00:00+05:30,6.4,40.0,23.9,1008.3,4.120515816171304,100
2024-11-20 09:00:00+05:30,10.9,38.0,24.1,1009.0,66.25940615623101,100
2024-11-20 10:00:00+05:30,16.6,34.0,24.4,1008.7,100.0,100
2024-11-20 11:00:00+05:30,21.8,34.0,24.9,1007.6,100.0,100
2024-11-20 12:00:00+05:30,22.5,35.0,25.8,1006.2,98.99805463633659,100
2024-11-20 13:00:00+05:30,22.2,29.0,26.5,1005.4,96.19613940044553,100
2024-11-20 14:00:00+05:30,23.9,32.0,26.7,1004.5,99.20312730731975,100
2024-11-20 15:00:00+05:30,25.2,28.0,26.6,1003.7,0.7860778359396122,100
2024-11-20 16:00:00+05:30,23.7,34.0,26.5,1004.3,100.0,100
2024-11-20 17:00:00+05:30,22.7,34.0,26.3,1004.7,100.0,100
2024-11-20 18:00:00+05:30,25.4,30.0,26.6,1004.6,0.027222345623247986,100
2024-11-20 19:00:00+05:30,28.2,28.0,26.3,1005.5,0.24384550235627242,100
2024-11-20 20:00:00+05:30,27.0,31.0,26.4,1006.0,0.0,100
2024-11-20 21:00:00+05:30,25.5,31.0,26.2,1006.7,1.2290117309451263,100
2024-11-20 22:00:00+05:30,21.9,28.0,26.2,1006.6,98.47065608074044,100
2024-11-20 23:00:00+05:30,17.7,23.0,25.9,1006.5,100.0,100
2024-11-21 00:00:00+05:30,14.3,24.0,25.7,1006.2,100.0,100
2024-11-21 01:00:00+05:30,15.3,22.0,25.6,1005.4,97.9171864331387,100
2024-11-21 02:00:00+05:30,13.6,18.0,25.0,1005.1,97.8687675639219,100
2024-11-21 03:00:00+05:30,10.2,17.0,24.1,1005.1,51.532264070927226,100
2024-11-21 04:00:00+05:30,6.0,5.0,23.4,1005.2,2.8003366372197513,100
2024-11-21 05:00:00+05:30,16.4,35.0,23.9,1005.0,100.0,100
2024-11-21 06:00:00+05:30,20.7,34.0,25.4,1006.1,100.0,100
2024-11-21 07:00:00+05:30,19.6,32.0,26.0,1007.2,100.0,100
2024-11-21 08:00:00+05:30,19.8,34.0,26.7,1008.2,99.52508895588983,100
2024-11-21 09:00:00+05:30,22.7,34.0,27.5,1008.0,100.0,100
2024-11-21 10:00:00+05:30,26.4,38.0,27.7,1007.6,0.5363043565664551,100
2024-11-21 11:00:00+05:30,29.3,38.0,28.5,1006.6,0.0,100
2024-11-21 12:00:00+05:30,31.2,37.0,28.5,1005.9,0.0,100
2024-11-21 13:00:00+05:30,29.3,34.0,28.7,1004.7,0.0,100
2024-11-21 14:00:00+05:30,28.3,29.0,28.8,1003.8,0.8305234207293087,100
2024-11-21 15:00:00+05:30,25.9,25.0,28.8,1003.4,0.05509469091014121,100
2024-11-21 16:00:00+05:30,22.1,24.0,29.0,1004.4,100.0,100
2024-11-21 17:00:00+05:30,11.8,8.0,27.9,1005.3,90.27490951814303,100
2024-11-21 18:00:00+05:30,7.4,51.0,27.2,1005.8,12.369087473592106,100
2024-11-21 19:00:00+05:30,11.7,37.0,26.8,1006.9,90.69463358168548,100
2024-11-21 20:00:00+05:30,13.0,38.0,26.6,1007.4,97.95538277188462,100
2024-11-21 21:00:00+05:30,16.8,35.0,26.6,1007.6,100.0,100
2024-11-21 22:00:00+05:30,20.7,41.0,26.5,1007.7,97.86719041694364,100
2024-11-21 23:00:00+05:30,20.7,40.0,26.4,1007.1,96.88571000500939,100
2024-11-22 00:00:00+05:30,22.9,44.0,26.2,1006.1,96.72768721041336,100
2024-11-22 01:00:00+05:30,23.6,42.0,25.9,1005.5,100.0,100
2024-11-22 02:00:00+05:30,18.4,34.0,25.7,1005.4,100.0,100
2024-11-22 03:00:00+05:30,16.3,33.0,25.5,1005.1,97.87751675217376,100
2024-11-22 04:00:00+05:30,16.7,27.0,25.6,1005.2,97.39870995019264,100
2024-11-22 05:00:00+05:30,13.4,26.0,25.5,1006.1,98.05391665405334,100
2024-11-22 06:00:00+05:30,29.7,34.0,25.8,1005.0,0.0,100
2024-11-22 07:00:00+05:30,29.4,34.0,26.6,1006.0,0.0,100
2024-11-22 08:00:00+05:30,29.4,36.0,27.9,1007.0,0.29002491771473027,100
2024-11-22 09:00:00+05:30,28.8,37.0,29.2,1007.3,1.0744474585443213,100
2024-11-22 10:00:00+05:30,27.2,36.0,29.9,1007.1,0.0,100
2024-11-22 11:00:00+05:30,26.4,38.0,30.9,1006.7,0.0,100
2024-11-22 12:00:00+05:30,24.9,38.0,31.7,1005.4,99.32663776432159,100
2024-11-22 13:00:00+05:30,21.7,37.0,31.4,1004.4,100.0,100
2024-11-22 14:00:00+05:30,16.7,41.0,31.4,1003.9,99.74781308216026,100
2024-11-22 15:00:00+05:30,14.7,61.0,27.3,1004.3,100.0,100
2024-11-22 16:00:00+05:30,2.4,73.0,24.8,1004.7,0.0,100
2024-11-22 17:00:00+05:30,4.4,249.0,24.7,1005.3,1.833611705858075,100
2024-11-22 18:00:00+05:30,0.2,360.0,26.7,1005.9,0.0,100
2024-11-22 19:00:00+05:30,3.4,6.0,26.0,1006.5,0.18409464260786507,100
2024-11-22 20:00:00+05:30,6.1,32.0,26.0,1007.1,2.8429428295535564,100
2024-11-22 21:00:00+05:30,7.3,23.0,26.0,1007.8,12.594221819335736,100
2024-11-22 22:00:00+05:30,8.8,11.0,25.8,1007.9,27.479770183117438,100
2024-11-22 23:00:00+05:30,11.2,22.0,25.7,1007.8,75.47860268032373,100
2024-11-23 00:00:00+05:30,14.8,21.0,25.9,1006.7,100.0,100
2024-11-23 01:00:00+05:30,13.2,22.0,25.8,1006.6,97.729668870819,100
2024-11-23 02:00:00+05:30,13.4,17.0,25.6,1006.1,100.0,100
2024-11-23 03:00:00+05:30,11.6,32.0,25.5,1005.9,90.57737581527726,100
2024-11-23 04:00:00+05:30,14.3,25.0,25.2,1006.1,97.43115681750761,100
2024-11-23 05:00:00+05:30,11.0,21.0,25.1,1006.2,72.35946252444576,100
2024-11-23 06:00:00+05:30,16.7,36.0,25.9,1006.9,100.0,100
2024-11-23 07:00:00+05:30,18.2,39.0,26.6,1007.6,99.25264059803881,100
2024-11-23 08:00:00+05:30,21.7,38.0,27.9,1008.3,96.9664436312417,100
2024-11-23 09:00:00+05:30,26.0,35.0,29.0,1008.2,0.0,100
2024-11-23 10:00:00+05:30,26.9,29.0,30.0,1007.5,0.0,100
2024-11-23 11:00:00+05:30,25.4,27.0,31.6,1006.7,0.0,100
2024-11-23 12:00:00+05:30,20.6,29.0,32.5,1006.0,99.40468585265587,100
2024-11-23 13:00:00+05:30,9.9,27.0,31.7,1005.0,44.44789445615182,100
2024-11-23 14:00:00+05:30,6.9,343.0,29.6,1004.7,7.74195819429497,100
2024-11-23 15:00:00+05:30,10.6,26.0,29.7,1004.4,58.95525646838882,100
2024-11-23 16:00:00+05:30,12.7,21.0,29.0,1004.6,100.0,100
2024-11-23 17:00:00+05:30,12.3,35.0,28.4,1005.1,100.0,100
2024-11-23 18:00:00+05:30,13.5,38.0,28.2,1005.8,100.0,100
2024-11-23 19:00:00+05:30,15.9,28.0,27.7,1006.8,100.0,100
2024-11-23 20:00:00+05:30,15.3,27.0,27.2,1007.3,95.58838611535356,100
2024-11-23 21:00:00+05:30,13.7,23.0,27.0,1007.7,95.21185956359666,100
2024-11-23 22:00:00+05:30,11.0,18.0,26.6,1007.8,70.26610361074977,100
2024-11-23 23:00:00+05:30,8.5,354.0,26.1,1007.5,22.152384363953555,100
2024-11-24 00:00:00+05:30,6.1,12.0,25.5,1007.6,3.5394805624866263,100
2024-11-24 01:00:00+05:30,5.4,326.0,25.0,1006.8,3.1479458128479654,100
2024-11-24 02:00:00+05:30,7.1,294.0,24.3,1006.2,10.42557510328156,100
2024-11-24 03:00:00+05:30,7.4,283.0,23.8,1005.7,10.33713432976953,100
2024-11-24 04:00:00+05:30,7.4,293.0,23.6,1006.0,11.903216509198385,100
2024-11-24 05:00:00+05:30,6.6,323.0,23.6,1006.2,5.9190057538625975,100
2024-11-24 06:00:00+05:30,10.3,6.0,25.3,1006.9,49.77444916113806,100
2024-11-24 07:00:00+05:30,9.5,15.0,26.4,1008.0,36.528363429423734,100
2024-11-24 08:00:00+05:30,11.2,18.0,28.1,1008.6,76.13499530524196,100
2024-11-24 09:00:00+05:30,16.0,26.0,29.5,1008.5,97.02826518353159,100
2024-11-24 10:00:00+05:30,18.7,34.0,31.0,1007.9,99.83316976219203,100
2024-11-24 11:00:00+05:30,21.1,43.0,30.7,1007.3,100.0,100
2024-11-24 12:00:00+05:30,21.6,37.0,30.9,1006.3,99.6887991410641,100
2024-11-24 13:00:00+05:30,22.0,37.0,30.8,1005.3,100.0,100
2024-11-24 14:00:00+05:30,18.9,32.0,31.1,1004.7,99.46242052839636,100
2024-11-24 15:00:00+05:30,16.9,36.0,30.8,1004.2,98.06263841832295,100
2024-11-24 16:00:00+05:30,16.9,30.0,30.2,1004.3,100.0,100
2024-11-24 17:00:00+05:30,15.5,39.0,29.2,1004.9,100.0,100
2024-11-24 18:00:00+05:30,17.7,51.0,28.9,1005.9,100.0,100
2024-11-24 19:00:00+05:30,17.4,49.0,28.2,1006.5,96.91590025463138,100
2024-11-24 20:00:00+05:30,17.4,38.0,27.5,1007.2,99.84188854418957,100
2024-11-24 21:00:00+05:30,16.3,33.0,27.0,1007.6,100.0,100
2024-11-24 22:00:00+05:30,20.6,44.0,27.0,1007.4,97.49757782360602,100
2024-11-24 23:00:00+05:30,20.0,30.0,26.5,1006.9,100.0,100
2024-11-25 00:00:00+05:30,16.3,18.0,26.0,1006.2,100.0,100
2024-11-25 01:00:00+05:30,13.4,12.0,26.0,1005.5,100.0,100
2024-11-25 02:00:00+05:30,14.3,25.0,25.8,1004.9,99.56166117050005,100
2024-11-25 03:00:00+05:30,14.6,22.0,25.8,1004.2,100.0,100
2024-11-25 04:00:00+05:30,13.1,16.0,25.4,1004.3,99.50352347737929,100
2024-11-25 05:00:00+05:30,11.2,16.0,25.0,1004.7,77.30313292967455,100
2024-11-25 06:00:00+05:30,15.1,29.0,25.6,1006.0,99.15244168782979,100
2024-11-25 07:00:00+05:30,18.2,30.0,25.9,1006.8,100.0,100
2024-11-25 08:00:00+05:30,21.9,39.0,27.1,1007.2,100.0,100
2024-11-25 09:00:00+05:30,22.6,32.0,27.6,1007.4,100.0,100
2024-11-25 10:00:00+05:30,23.2,38.0,29.1,1006.6,100.0,100
2024-11-25 11:00:00+05:30,25.0,38.0,29.9,1006.0,100.0,100
2024-11-25 12:00:00+05:30,21.8,34.0,29.2,1005.2,100.0,100
2024-11-25 13:00:00+05:30,14.0,15.0,28.5,1004.7,100.0,100
2024-11-25 14:00:00+05:30,14.6,32.0,29.8,1004.0,98.6445508136261,100
2024-11-25 15:00:00+05:30,11.2,35.0,28.7,1003.5,80.14338156074083,100
2024-11-25 16:00:00+05:30,11.0,58.0,26.8,1004.0,71.39137018705404,100
2024-11-25 17:00:00+05:30,14.5,54.0,24.4,1004.7,100.0,100
2024-11-25 18:00:00+05:30,13.0,39.0,25.4,1005.2,98.72301310876,100
2024-11-25 19:00:00+05:30,14.3,29.0,25.1,1005.6,98.84230639789001,100
2024-11-25 20:00:00+05:30,14.6,33.0,25.0,1006.5,100.0,100
2024-11-25 21:00:00+05:30,12.7,23.0,25.0,1006.8,97.77462480227975,100
2024-11-25 22:00:00+05:30,8.5,5.0,24.9,1006.8,23.784093646471977,100
2024-11-25 23:00:00+05:30,5.2,329.0,24.7,1006.3,1.7432204761964,100
2024-11-26 00:00:00+05:30,6.2,314.0,24.7,1005.4,4.222903624713779,100
2024-11-26 01:00:00+05:30,5.3,315.0,24.3,1005.0,2.0613238229733075,100
2024-11-26 02:00:00+05:30,8.2,310.0,24.4,1003.7,19.603608609823922,100
2024-11-26 03:00:00+05:30,11.3,314.0,24.3,1003.2,75.75762725298269,100
2024-11-26 04:00:00+05:30,9.4,320.0,24.1,1003.1,36.060382445400464,100
2024-11-26 05:00:00+05:30,7.6,315.0,24.1,1003.9,12.88766955174038,100
2024-11-26 06:00:00+05:30,11.6,316.0,24.8,1004.8,84.41476993838448,100
2024-11-26 07:00:00+05:30,11.9,312.0,25.1,1005.5,99.35455123655498,100
2024-11-26 08:00:00+05:30,11.3,303.0,26.1,1006.2,76.45304448056224,100
2024-11-26 09:00:00+05:30,12.0,307.0,26.8,1006.4,100.0,100
2024-11-26 10:00:00+05:30,9.8,302.0,28.0,1006.1,42.888478140704336,100
2024-11-26 11:00:00+05:30,8.3,292.0,29.3,1005.4,20.6015326767107,100
2024-11-26 12:00:00+05:30,7.3,277.0,27.4,1004.5,9.829030779522904,100
2024-11-26 13:00:00+05:30,7.0,270.0,27.7,1003.6,8.637390783164893,100
2024-11-26 14:00:00+05:30,4.6,252.0,27.5,1003.2,0.0,100
2024-11-26 15:00:00+05:30,4.5,293.0,27.2,1002.6,2.275256851216846,100
2024-11-26 16:00:00+05:30,6.2,280.0,26.7,1002.7,3.4719642431600857,100
2024-11-26 17:00:00+05:30,6.3,283.0,26.0,1003.1,3.839884899648211,100
2024-11-26 18:00:00+05:30,5.1,42.0,24.4,1004.1,2.2958187470076954,100
2024-11-26 19:00:00+05:30,6.4,40.0,24.2,1005.0,4.788683326155522,100
2024-11-26 20:00:00+05:30,4.7,9.0,24.0,1006.0,0.0,100
2024-11-26 21:00:00+05:30,4.1,345.0,24.0,1006.6,0.0,100
2024-11-26 22:00:00+05:30,5.2,326.0,23.9,1006.2,1.067552157327988,100
2024-11-26 23:00:00+05:30,6.5,309.0,23.9,1005.6,5.414121708687544,100
2024-11-27 00:00:00+05:30,7.3,286.0,23.6,1004.7,11.205438554904807,100
2024-11-27 01:00:00+05:30,12.0,302.0,23.8,1003.7,96.99297949896923,100
2024-11-27 02:00:00+05:30,10.8,303.0,23.4,1003.1,62.52151096171295,100
2024-11-27 03:00:00+05:30,12.6,297.0,23.5,1002.8,99.89255917291703,100
2024-11-27 04:00:00+05:30,14.1,301.0,23.1,1002.7,97.31103953241664,100
2024-11-27 05:00:00+05:30,12.9,303.0,23.5,1002.9,99.15722029963352,100
2024-11-27 06:00:00+05:30,13.4,312.0,23.2,1003.5,99.07565648433263,100
2024-11-27 07:00:00+05:30,11.6,314.0,24.0,1004.5,87.99597721907364,100
2024-11-27 08:00:00+05:30,9.3,295.0,25.0,1005.3,33.54693740332624,100
2024-11-27 09:00:00+05:30,9.0,293.0,27.0,1005.3,29.579551149581814,100
2024-11-27 10:00:00+05:30,8.9,306.0,29.1,1004.8,28.73340918259474,100
2024-11-27 11:00:00+05:30,3.2,38.0,29.9,1004.7,1.4339385959941182,100
2024-11-27 12:00:00+05:30,2.8,50.0,28.2,1004.0,1.1086322890654574,100
2024-11-27 13:00:00+05:30,6.7,38.0,27.4,1003.1,7.452593141973608,100
2024-11-27 14:00:00+05:30,4.1,41.0,27.4,1002.3,0.0,100
2024-11-27 15:00:00+05:30,2.0,360.0,26.7,1001.9,0.0,100
2024-11-27 16:00:00+05:30,3.8,270.0,26.3,1001.8,0.0,100
2024-11-27 17:00:00+05:30,4.5,277.0,26.1,1002.3,1.9344772795697136,100
2024-11-27 18:00:00+05:30,7.9,349.0,25.3,1002.6,17.670638011846023,100
2024-11-27 19:00:00+05:30,6.5,309.0,25.3,1003.5,5.161508864243226,100
2024-11-27 20:00:00+05:30,3.2,333.0,24.7,1004.6,0.0,100
2024-11-27 21:00:00+05:30,2.7,356.0,24.7,1005.3,0.0,100
2024-11-27 22:00:00+05:30,6.1,24.0,24.4,1005.4,4.885055285496419,100
2024-11-27 23:00:00+05:30,4.0,30.0,24.2,1004.8,0.2701479785670454,100
2024-11-28 00:00:00+05:30,3.6,57.0,24.0,1004.5,0.3117663787647707,100
2024-11-28 01:00:00+05:30,3.1,187.0,23.9,1003.8,0.4336512878893301,100
2024-11-28 02:00:00+05:30,8.3,222.0,23.9,1003.0,19.662681753850386,100
2024-11-28 03:00:00+05:30,8.4,247.0,23.6,1002.2,20.803000076178733,100
2024-11-28 04:00:00+05:30,9.7,281.0,23.7,1002.2,41.352980654495894,100
2024-11-28 05:00:00+05:30,10.2,288.0,24.0,1002.8,51.15186237037958,100
2024-11-28 06:00:00+05:30,2.2,325.0,24.1,1003.5,1.3729038381448115,100
2024-11-28 07:00:00+05:30,4.9,332.0,24.8,1004.2,1.9309511240611879,100
2024-11-28 08:00:00+05:30,6.1,34.0,25.6,1005.3,5.421501555994091,100
2024-11-28 09:00:00+05:30,3.7,14.0,27.2,1005.4,0.0,100
2024-11-28 10:00:00+05:30,9.1,36.0,28.3,1005.5,32.012512903464255,100
2024-11-28 11:00:00+05:30,9.8,44.0,28.3,1004.8,44.245592819368646,100
2024-11-28 12:00:00+05:30,10.5,31.0,27.4,1003.7,57.011978780194106,100
2024-11-28 13:00:00+05:30,6.5,19.0,27.2,1002.6,6.253208309292757,100
2024-11-28 14:00:00+05:30,2.0,360.0,27.2,1001.9,0.42540739431396934,100
2024-11-28 15:00:00+05:30,6.5,236.0,27.7,1001.7,4.194705446239797,100
2024-11-28 16:00:00+05:30,5.7,229.0,27.5,1002.0,1.2270689595470077,100
2024-11-28 17:00:00+05:30,4.1,241.0,26.9,1002.4,0.0,100
2024-11-28 18:00:00+05:30,3.8,109.0,26.3,1002.9,0.0,100
2024-11-28 19:00:00+05:30,3.1,190.0,25.9,1003.4,0.7872193455737948,100
2024-11-28 20:00:00+05:30,7.3,211.0,25.9,1004.3,10.85423403926551,100
2024-11-28 21:00:00+05:30,6.0,245.0,26.0,1004.9,3.8998729339836955,100
2024-11-28 22:00:00+05:30,6.9,261.0,25.9,1005.1,6.878776302487699,100
2024-11-28 23:00:00+05:30,9.0,265.0,25.6,1004.1,30.045571877837055,100
2024-11-29 00:00:00+05:30,9.8,262.0,25.4,1003.4,43.77216808194417,100
2024-11-29 01:00:00+05:30,10.3,269.0,25.2,1002.7,52.18645177581437,100
2024-11-29 02:00:00+05:30,11.9,281.0,25.3,1002.0,97.40743831582587,100
2024-11-29 03:00:00+05:30,12.6,283.0,25.2,1001.5,100.0,100
2024-11-29 04:00:00+05:30,14.0,292.0,25.2,1001.4,100.0,100
2024-11-29 05:00:00+05:30,13.7,286.0,25.1,1002.1,99.59464720281568,100
2024-11-29 06:00:00+05:30,13.2,274.0,25.6,1003.6,100.0,100
2024-11-29 07:00:00+05:30,13.7,267.0,26.0,1004.6,98.34666558346035,100
2024-11-29 08:00:00+05:30,11.5,278.0,27.2,1005.2,81.37854110957159,100
2024-11-29 09:00:00+05:30,8.9,284.0,28.9,1005.6,28.74605663067579,100
2024-11-29 10:00:00+05:30,11.9,271.0,29.0,1004.5,100.0,100
2024-11-29 11:00:00+05:30,16.0,273.0,30.5,1003.9,97.32300973046173,100
2024-11-29 12:00:00+05:30,16.1,276.0,30.0,1003.1,98.68939964311357,100
2024-11-29 13:00:00+05:30,17.3,284.0,30.3,1001.9,100.0,100
2024-11-29 14:00:00+05:30,17.0,294.0,30.3,1001.3,100.0,100
2024-11-29 15:00:00+05:30,17.7,287.0,29.7,1001.2,100.0,100
2024-11-29 16:00:00+05:30,19.7,284.0,29.1,1001.2,98.38902938436162,100
2024-11-29 17:00:00+05:30,17.0,287.0,28.2,1001.5,99.27354514025306,100
2024-11-29 18:00:00+05:30,10.5,290.0,27.5,1002.4,57.78411169879772,100
2024-11-29 19:00:00+05:30,8.8,293.0,26.8,1003.3,26.716829471604225,100
2024-11-29 20:00:00+05:30,7.1,313.0,26.4,1004.4,10.984083821857698,100
2024-11-29 21:00:00+05:30,5.9,320.0,25.8,1004.8,2.7656652818638956,100
2024-11-29 22:00:00+05:30,6.9,311.0,25.7,1004.6,8.7092784572108,100
2024-11-29 23:00:00+05:30,9.9,285.0,25.7,1004.0,45.801442656732505,100
2024-11-30 00:00:00+05:30,14.2,278.0,25.9,1003.3,95.4366713419731,100
2024-11-30 01:00:00+05:30,17.2,281.0,26.0,1002.5,100.0,100
2024-11-30 02:00:00+05:30,19.3,282.0,25.9,1001.7,100.0,100
2024-11-30 03:00:00+05:30,20.0,286.0,26.0,1000.9,98.49102991090624,100
2024-11-30 04:00:00+05:30,19.8,289.0,26.1,1001.2,100.0,100
2024-11-30 05:00:00+05:30,19.8,286.0,26.1,1001.7,100.0,100
2024-11-30 06:00:00+05:30,14.2,279.0,26.0,1002.7,100.0,100
2024-11-30 07:00:00+05:30,16.6,279.0,26.8,1003.6,98.96886715237592,100
2024-11-30 08:00:00+05:30,16.1,276.0,28.3,1004.1,97.17327445201914,100
2024-11-30 09:00:00+05:30,20.2,288.0,29.5,1004.7,100.0,100
2024-11-30 10:00:00+05:30,22.3,289.0,30.4,1004.5,98.7692560141886,100
2024-11-30 11:00:00+05:30,22.5,292.0,31.0,1004.1,97.94527704963141,100
2024-11-30 12:00:00+05:30,23.8,289.0,31.4,1002.7,98.22802870866437,100
2024-11-30 13:00:00+05:30,24.8,287.0,31.5,1001.6,100.0,100
2024-11-30 14:00:00+05:30,24.7,278.0,31.0,1000.5,97.83389298918097,100
2024-11-30 15:00:00+05:30,27.2,277.0,30.5,1000.0,0.0,100
2024-11-30 16:00:00+05:30,27.4,278.0,29.8,1000.0,0.0,100
2024-11-30 17:00:00+05:30,27.9,279.0,28.7,1000.1,0.0,100
2024-11-30 18:00:00+05:30,20.0,278.0,27.5,1001.7,100.0,100
2024-11-30 19:00:00+05:30,23.2,280.0,27.3,1002.7,100.0,100
2024-11-30 20:00:00+05:30,23.0,277.0,27.0,1003.2,100.0,100
2024-11-30 21:00:00+05:30,25.0,276.0,26.8,1003.5,99.8865905001021,100
2024-11-30 22:00:00+05:30,23.6,286.0,26.5,1004.0,100.0,100
2024-11-30 23:00:00+05:30,22.3,282.0,26.2,1003.6,100.0,100
2024-12-01 00:00:00+05:30,24.3,276.0,25.9,1002.5,100.0,100
2024-12-01 01:00:00+05:30,26.2,276.0,25.6,1001.6,0.3324975322383678,100
2024-12-01 02:00:00+05:30,28.2,275.0,25.4,1000.6,0.9873429197555302,100
2024-12-01 03:00:00+05:30,27.8,282.0,25.4,1000.5,0.0,100
2024-12-01 04:00:00+05:30,26.5,287.0,25.2,1001.1,0.0229712008019106,100
2024-12-01 05:00:00+05:30,26.5,280.0,25.1,1001.6,0.0,100
2024-12-01 06:00:00+05:30,29.0,281.0,25.9,1001.3,0.0,100
2024-12-01 07:00:00+05:30,26.3,281.0,26.7,1001.7,2.1089787930169237,100
2024-12-01 08:00:00+05:30,27.7,283.0,27.9,1002.4,0.0,100
2024-12-01 09:00:00+05:30,32.2,287.0,28.9,1003.0,0.43305947494550556,100
2024-12-01 10:00:00+05:30,31.5,285.0,30.2,1003.0,1.2003014409883137,100
2024-12-01 11:00:00+05:30,30.1,283.0,29.9,1002.5,0.2761071856196671,100
2024-12-01 12:00:00+05:30,29.2,277.0,29.3,1001.5,0.0,100
2024-12-01 13:00:00+05:30,33.2,275.0,29.1,1000.7,0.27934571056900404,100
2024-12-01 14:00:00+05:30,32.6,273.0,29.0,999.9,1.014725636191043,100
2024-12-01 15:00:00+05:30,33.0,272.0,28.1,999.6,0.0,100
2024-12-01 16:00:00+05:30,28.1,276.0,27.0,1000.3,0.21570871568026778,100
2024-12-01 17:00:00+05:30,24.8,277.0,25.5,1000.8,100.0,100
2024-12-01 18:00:00+05:30,24.0,288.0,26.0,1001.7,96.89790297080299,100
2024-12-01 19:00:00+05:30,22.5,289.0,24.9,1002.2,98.20864537687869,100
2024-12-01 20:00:00+05:30,22.0,296.0,24.2,1002.9,100.0,100
2024-12-01 21:00:00+05:30,22.5,290.0,24.1,1003.4,100.0,100
2024-12-01 22:00:00+05:30,23.1,280.0,24.3,1003.2,99.93347461262948,100
2024-12-01 23:00:00+05:30,22.0,287.0,24.4,1002.8,100.0,100
2024-12-02 00:00:00+05:30,19.0,292.0,24.2,1002.4,100.0,100
2024-12-02 01:00:00+05:30,20.0,287.0,24.3,1002.0,96.75586937777442,100
2024-12-02 02:00:00+05:30,21.4,285.0,24.0,1001.1,99.43085733943795,100
2024-12-02 03:00:00+05:30,21.7,288.0,24.0,1000.4,99.51388830820714,100
2024-12-02 04:00:00+05:30,20.7,288.0,24.2,1000.2,100.0,100
2024-12-02 05:00:00+05:30,21.1,285.0,24.2,1001.0,100.0,100
2024-12-02 06:00:00+05:30,20.8,293.0,25.0,1001.6,100.0,100
2024-12-02 07:00:00+05:30,18.6,285.0,25.5,1003.0,100.0,100
2024-12-02 08:00:00+05:30,21.5,286.0,26.9,1004.2,100.0,100
2024-12-02 09:00:00+05:30,23.3,287.0,27.5,1004.5,100.0,100
2024-12-02 10:00:00+05:30,24.6,284.0,28.1,1004.2,100.0,100
2024-12-02 11:00:00+05:30,27.3,275.0,28.5,1003.8,0.0,100
2024-12-02 12:00:00+05:30,28.3,272.0,28.8,1002.9,0.0,100
2024-12-02 13:00:00+05:30,28.1,277.0,29.0,1002.4,0.0,100
2024-12-02 14:00:00+05:30,27.9,279.0,28.8,1001.8,0.0,100
2024-12-02 15:00:00+05:30,27.5,275.0,29.3,1001.5,0.0,100
2024-12-02 16:00:00+05:30,26.7,273.0,28.9,1001.8,0.0,100
2024-12-02 17:00:00+05:30,24.7,273.0,28.6,1002.2,100.0,100
2024-12-02 18:00:00+05:30,21.9,300.0,26.4,1002.8,98.32237610255558,100
2024-12-02 19:00:00+05:30,19.8,294.0,25.5,1003.8,100.0,100
2024-12-02 20:00:00+05:30,19.0,292.0,26.0,1004.6,100.0,100
2024-12-02 21:00:00+05:30,20.2,292.0,26.1,1005.1,98.88876082287341,100
2024-12-02 22:00:00+05:30,21.7,289.0,26.1,1005.1,100.0,100
2024-12-02 23:00:00+05:30,18.8,296.0,26.1,1005.1,97.91839888183829,100
2024-12-03 00:00:00+05:30,14.8,300.0,25.7,1004.7,99.95413958160289,100
2024-12-03 01:00:00+05:30,14.9,300.0,25.6,1004.0,99.21101462034423,100
2024-12-03 02:00:00+05:30,15.7,302.0,25.5,1003.3,96.70988298221943,100
2024-12-03 03:00:00+05:30,17.1,304.0,25.0,1002.9,98.44525336659981,100
2024-12-03 04:00:00+05:30,17.1,300.0,25.1,1002.8,100.0,100
2024-12-03 05:00:00+05:30,17.0,296.0,25.0,1003.0,100.0,100
2024-12-03 06:00:00+05:30,13.0,296.0,25.4,1004.3,100.0,100
2024-12-03 07:00:00+05:30,14.9,297.0,26.7,1005.1,98.50206979731207,100
2024-12-03 08:00:00+05:30,16.1,292.0,28.4,1005.7,97.13331366058098,100
2024-12-03 09:00:00+05:30,19.6,280.0,30.0,1006.2,99.64475942172362,100
2024-12-03 10:00:00+05:30,21.2,277.0,31.1,1005.9,100.0,100
2024-12-03 11:00:00+05:30,21.9,276.0,31.6,1005.1,97.77617500891654,100
2024-12-03 12:00:00+05:30,22.0,275.0,32.2,1004.5,100.0,100
2024-12-03 13:00:00+05:30,19.9,275.0,32.3,1003.7,100.0,100
2024-12-03 14:00:00+05:30,19.6,269.0,32.3,1002.9,98.90348639612662,100
2024-12-03 15:00:00+05:30,22.0,266.0,31.5,1002.5,100.0,100
2024-12-03 16:00:00+05:30,23.6,270.0,30.3,1002.6,98.95876857076397,100
2024-12-03 17:00:00+05:30,21.3,275.0,29.4,1003.0,98.95565556474436,100
2024-12-03 18:00:00+05:30,17.3,281.0,29.2,1004.1,98.85148621234643,100
2024-12-03 19:00:00+05:30,15.8,291.0,28.6,1005.1,100.0,100
2024-12-03 20:00:00+05:30,14.1,295.0,28.0,1005.6,100.0,100
2024-12-03 21:00:00+05:30,13.0,294.0,27.6,1006.1,99.64970520403094,100
2024-12-03 22:00:00+05:30,12.5,298.0,27.2,1006.2,97.62060083671463,100
2024-12-03 23:00:00+05:30,11.2,308.0,27.3,1005.9,75.90460682969191,100
2024-12-04 00:00:00+05:30,7.4,319.0,27.0,1005.6,11.673803323913615,100
2024-12-04 01:00:00+05:30,6.9,313.0,26.8,1005.2,7.641111388256463,100
2024-12-04 02:00:00+05:30,5.6,318.0,26.6,1004.6,1.7725034311563164,100
2024-12-04 03:00:00+05:30,4.8,326.0,26.4,1004.3,0.2607864692994345,100
2024-12-04 04:00:00+05:30,5.5,343.0,26.2,1004.5,1.346730179169994,100
2024-12-04 05:00:00+05:30,7.7,342.0,25.9,1004.8,12.923122799473568,100
2024-12-04 06:00:00+05:30,4.9,360.0,25.4,1005.5,2.367409591956502,100
2024-12-04 07:00:00+05:30,0.7,104.0,27.5,1006.3,1.9097992678250126,100
2024-12-04 08:00:00+05:30,6.1,120.0,27.8,1007.3,4.218315023256023,100
2024-12-04 09:00:00+05:30,7.7,65.0,29.8,1007.4,14.130777710336163,100
2024-12-04 10:00:00+05:30,17.2,66.0,29.2,1007.6,100.0,100
2024-12-04 11:00:00+05:30,14.7,66.0,30.5,1007.1,100.0,100
2024-12-04 12:00:00+05:30,13.7,100.0,30.7,1006.0,98.1483592436557,100
2024-12-04 13:00:00+05:30,14.1,105.0,30.2,1005.2,100.0,100
2024-12-04 14:00:00+05:30,11.9,110.0,29.3,1004.5,97.72848819127312,100
2024-12-04 15:00:00+05:30,11.9,119.0,29.0,1003.9,98.3823707341216,100
2024-12-04 16:00:00+05:30,9.7,125.0,28.5,1004.0,41.31361533796996,100
2024-12-04 17:00:00+05:30,7.5,130.0,27.7,1004.5,12.16476219164617,100
2024-12-04 18:00:00+05:30,9.8,108.0,27.7,1005.3,41.57483071128976,100
2024-12-04 19:00:00+05:30,4.0,90.0,27.4,1006.2,0.0,100
2024-12-04 20:00:00+05:30,3.8,49.0,26.2,1007.1,0.0,100
2024-12-04 21:00:00+05:30,7.6,27.0,25.8,1007.6,13.24165624376225,100
2024-12-04 22:00:00+05:30,7.3,28.0,25.5,1007.8,13.167942783136887,100
2024-12-04 23:00:00+05:30,6.6,45.0,25.5,1007.4,7.8135351030305085,100
2024-12-05 00:00:00+05:30,8.4,45.0,25.2,1006.9,21.345307169770553,100
2024-12-05 01:00:00+05:30,10.1,44.0,25.2,1006.2,48.97922429062559,100
2024-12-05 02:00:00+05:30,12.4,47.0,25.2,1005.6,100.0,100
2024-12-05 03:00:00+05:30,15.4,54.0,24.8,1005.4,98.81345597102035,100
2024-12-05 04:00:00+05:30,15.5,55.0,24.6,1005.3,96.02459289127553,100
2024-12-05 05:00:00+05:30,16.3,48.0,24.8,1005.7,100.0,100
2024-12-05 06:00:00+05:30,14.3,47.0,25.5,1006.3,100.0,100
2024-12-05 07:00:00+05:30,13.7,44.0,26.4,1007.2,100.0,100
2024-12-05 08:00:00+05:30,15.4,47.0,28.0,1007.9,100.0,100
2024-12-05 09:00:00+05:30,16.2,59.0,29.9,1008.0,98.64874021533058,100
2024-12-05 10:00:00+05:30,19.5,69.0,29.6,1007.8,100.0,100
2024-12-05 11:00:00+05:30,19.3,63.0,30.2,1007.1,97.93951764532696,100
2024-12-05 12:00:00+05:30,18.1,69.0,31.4,1006.1,97.87802480702254,100
2024-12-05 13:00:00+05:30,19.5,84.0,30.2,1005.4,97.25410493022684,100
2024-12-05 14:00:00+05:30,18.0,83.0,30.4,1004.3,100.0,100
2024-12-05 15:00:00+05:30,18.4,87.0,30.2,1003.6,100.0,100
2024-12-05 16:00:00+05:30,18.6,93.0,29.4,1004.0,96.18328471984341,100
2024-12-05 17:00:00+05:30,14.9,88.0,28.4,1004.6,99.7187412181207,100
2024-12-05 18:00:00+05:30,8.7,56.0,27.9,1005.5,25.60358860542049,100
2024-12-05 19:00:00+05:30,4.9,36.0,27.1,1006.1,0.8076172085011719,100
2024-12-05 20:00:00+05:30,7.3,42.0,26.6,1007.1,11.870217460410544,100
2024-12-05 21:00:00+05:30,12.7,47.0,26.4,1007.9,98.63946737605845,100
2024-12-05 22:00:00+05:30,13.9,44.0,26.2,1007.7,99.48194313926354,100
2024-12-05 23:00:00+05:30,14.2,40.0,26.0,1007.4,96.58565350187033,100
2024-12-06 00:00:00+05:30,16.2,40.0,26.2,1007.0,100.0,100
2024-12-06 01:00:00+05:30,14.2,41.0,25.8,1006.5,97.40502255075279,100
2024-12-06 02:00:00+05:30,12.2,43.0,25.6,1006.0,100.0,100
2024-12-06 03:00:00+05:30,12.7,23.0,25.1,1005.7,96.0987405063063,100
2024-12-06 04:00:00+05:30,9.0,3.0,24.7,1005.7,28.56878243608889,100
2024-12-06 05:00:00+05:30,5.4,4.0,24.5,1006.2,3.3684088747539978,100
2024-12-06 06:00:00+05:30,8.0,18.0,24.9,1007.0,17.014291836546843,100
2024-12-06 07:00:00+05:30,9.6,38.0,26.6,1007.7,40.02817614927169,100
2024-12-06 08:00:00+05:30,15.1,41.0,29.0,1008.4,100.0,100
2024-12-06 09:00:00+05:30,19.9,42.0,30.7,1008.5,100.0,100
2024-12-06 10:00:00+05:30,21.3,47.0,31.7,1008.0,100.0,100
2024-12-06 11:00:00+05:30,22.8,51.0,32.5,1007.1,97.97278583965272,100
2024-12-06 12:00:00+05:30,24.8,54.0,32.9,1005.9,97.07341856067859,100
2024-12-06 13:00:00+05:30,24.6,63.0,32.7,1004.9,100.0,100
2024-12-06 14:00:00+05:30,24.9,69.0,33.0,1003.8,100.0,100
2024-12-06 15:00:00+05:30,25.2,66.0,32.5,1003.3,0.0,100
2024-12-06 16:00:00+05:30,23.5,67.0,32.0,1003.4,98.1191068023434,100
2024-12-06 17:00:00+05:30,21.2,66.0,30.5,1004.0,100.0,100
2024-12-06 18:00:00+05:30,15.9,55.0,29.5,1005.1,97.56924986836702,100
2024-12-06 19:00:00+05:30,13.7,45.0,28.5,1005.8,99.48028251864247,100
2024-12-06 20:00:00+05:30,13.8,40.0,27.9,1006.5,95.63087691227722,100
2024-12-06 21:00:00+05:30,13.6,37.0,27.3,1007.2,100.0,100
2024-12-06 22:00:00+05:30,13.6,26.0,26.7,1007.2,100.0,100
2024-12-06 23:00:00+05:30,12.7,16.0,26.3,1006.7,100.0,100
2024-12-07 00:00:00+05:30,7.0,1.0,25.8,1006.5,8.779479816781384,100
2024-12-07 01:00:00+05:30,4.7,356.0,25.0,1005.9,1.2174369735483688,100
2024-12-07 02:00:00+05:30,4.0,342.0,24.5,1005.6,0.0,100
2024-12-07 03:00:00+05:30,3.2,357.0,24.0,1005.4,1.6113068961883266,100
2024-12-07 04:00:00+05:30,3.2,3.0,23.7,1005.5,1.7844680955661598,100
2024-12-07 05:00:00+05:30,3.6,360.0,23.4,1005.9,0.0,100
2024-12-07 06:00:00+05:30,3.8,25.0,24.6,1006.6,0.0,100
2024-12-07 07:00:00+05:30,6.9,28.0,26.9,1007.3,8.161939261648058,100
2024-12-07 08:00:00+05:30,9.8,41.0,29.3,1007.7,42.61886668928787,100
2024-12-07 09:00:00+05:30,15.7,47.0,31.4,1008.1,100.0,100
2024-12-07 10:00:00+05:30,19.8,54.0,32.5,1007.7,100.0,100
2024-12-07 11:00:00+05:30,22.5,58.0,32.6,1006.8,100.0,100
2024-12-07 12:00:00+05:30,23.5,67.0,31.9,1006.1,99.53705896150748,100
2024-12-07 13:00:00+05:30,23.3,68.0,31.2,1005.4,99.50982403025317,100
2024-12-07 14:00:00+05:30,20.4,68.0,30.1,1004.7,100.0,100
2024-12-07 15:00:00+05:30,17.8,67.0,30.2,1004.4,97.81518826673116,100
2024-12-07 16:00:00+05:30,15.9,57.0,29.6,1004.4,98.39437683984804,100
2024-12-07 17:00:00+05:30,12.0,39.0,29.0,1004.9,99.5151737735234,100
2024-12-07 18:00:00+05:30,10.1,43.0,29.2,1005.6,48.700489695323675,100
2024-12-07 19:00:00+05:30,7.5,349.0,28.0,1006.5,12.874076479131647,100
2024-12-07 20:00:00+05:30,4.6,342.0,27.1,1007.1,0.18204424266955194,100
2024-12-07 21:00:00+05:30,6.5,14.0,26.6,1007.5,7.325167213950106,100
2024-12-07 22:00:00+05:30,10.5,24.0,26.7,1007.3,57.18536182555488,100
2024-12-07 23:00:00+05:30,9.6,12.0,26.3,1007.0,39.95254599808264,100
2024-12-08 00:00:00+05:30,9.5,1.0,25.9,1006.7,38.1987667453355,100
2024-12-08 01:00:00+05:30,7.7,360.0,25.3,1006.3,12.672063032406527,100
2024-12-08 02:00:00+05:30,6.9,355.0,24.9,1005.9,7.743747216244705,100
2024-12-08 03:00:00+05:30,4.9,350.0,24.4,1005.7,1.5936467361696542,100
2024-12-08 04:00:00+05:30,4.0,355.0,23.7,1005.8,0.48629897608495953,100
2024-12-08 05:00:00+05:30,4.3,5.0,23.7,1006.4,0.0,100
2024-12-08 06:00:00+05:30,10.2,31.0,25.3,1006.6,50.13746143996304,100
2024-12-08 07:00:00+05:30,11.1,27.0,27.2,1007.2,73.69033788690486,100
2024-12-08 08:00:00+05:30,15.6,34.0,29.3,1007.6,100.0,100
2024-12-08 09:00:00+05:30,19.5,45.0,30.6,1007.8,100.0,100
2024-12-08 10:00:00+05:30,21.6,49.0,31.3,1007.5,100.0,100
2024-12-08 11:00:00+05:30,23.3,52.0,31.5,1006.7,97.38012137626527,100
2024-12-08 12:00:00+05:30,24.8,58.0,32.1,1005.8,100.0,100
2024-12-08 13:00:00+05:30,25.4,63.0,32.5,1004.9,0.0,100
2024-12-08 14:00:00+05:30,24.2,70.0,32.4,1004.1,100.0,100
2024-12-08 15:00:00+05:30,22.5,78.0,32.0,1003.7,98.40600592385633,100
2024-12-08 16:00:00+05:30,20.1,74.0,31.2,1003.9,100.0,100
2024-12-08 17:00:00+05:30,18.3,68.0,30.2,1004.5,100.0,100
2024-12-08 18:00:00+05:30,16.0,55.0,29.7,1005.6,100.0,100
2024-12-08 19:00:00+05:30,13.3,48.0,28.7,1006.2,99.65832540689071,100
2024-12-08 20:00:00+05:30,11.1,43.0,27.9,1007.0,70.07853667132946,100
2024-12-08 21:00:00+05:30,9.0,26.0,27.3,1007.2,30.26499296782862,100
2024-12-08 22:00:00+05:30,8.1,359.0,26.7,1007.5,16.62625369586426,100
2024-12-08 23:00:00+05:30,5.4,346.0,26.1,1007.1,3.722085970825372,100
2024-12-09 00:00:00+05:30,4.2,355.0,25.2,1006.6,0.0,100
2024-12-09 01:00:00+05:30,4.7,7.0,24.6,1006.1,1.4221226984251913,100
2024-12-09 02:00:00+05:30,5.8,353.0,24.3,1005.3,2.8759791795871843,100
2024-12-09 03:00:00+05:30,4.8,349.0,23.8,1005.1,0.5875636274465893,100
2024-12-09 04:00:00+05:30,4.8,345.0,23.5,1005.3,0.6573257191091554,100
2024-12-09 05:00:00+05:30,4.5,360.0,23.1,1005.7,0.0,100
2024-12-09 06:00:00+05:30,4.9,8.0,24.5,1006.5,0.0,100
2024-12-09 07:00:00+05:30,7.1,19.0,26.6,1007.4,9.38036330307522,100
2024-12-09 08:00:00+05:30,8.7,34.0,28.8,1007.8,23.703637630922806,100
2024-12-09 09:00:00+05:30,10.2,42.0,30.6,1007.9,50.11996026553547,100
2024-12-09 10:00:00+05:30,10.7,60.0,32.1,1007.6,63.760572131116064,100
2024-12-09 11:00:00+05:30,11.0,75.0,33.0,1006.6,68.9364482063752,100
2024-12-09 12:00:00+05:30,9.5,92.0,33.1,1005.8,36.050279560302016,100
2024-12-09 13:00:00+05:30,7.3,123.0,32.2,1005.2,10.309770737141015,100
2024-12-09 14:00:00+05:30,8.4,146.0,30.9,1004.4,19.890369190586206,100
2024-12-09 15:00:00+05:30,8.7,159.0,29.2,1004.2,24.493821418178708,100
2024-12-09 16:00:00+05:30,9.3,162.0,28.6,1004.1,33.389833375831465,100
2024-12-09 17:00:00+05:30,5.4,143.0,27.4,1004.8,3.1774957199050093,100
2024-12-09 18:00:00+05:30,4.6,211.0,27.7,1005.2,1.2452968458126508,100
2024-12-09 19:00:00+05:30,5.4,184.0,26.7,1006.3,1.5349213462498592,100
2024-12-09 20:00:00+05:30,8.4,208.0,26.1,1007.3,21.140886516853403,100
2024-12-09 21:00:00+05:30,4.2,250.0,26.0,1007.7,0.0,100
2024-12-09 22:00:00+05:30,5.5,279.0,25.7,1007.6,0.9098659309904646,100
2024-12-09 23:00:00+05:30,6.6,303.0,25.4,1007.1,6.449837649164744,100
2024-12-10 00:00:00+05:30,8.0,304.0,25.2,1006.6,17.625061281689906,100
2024-12-10 01:00:00+05:30,8.1,313.0,24.8,1006.0,17.948700966892336,100
2024-12-10 02:00:00+05:30,6.9,355.0,24.6,1005.3,9.173148034608817,100
2024-12-10 03:00:00+05:30,5.4,34.0,24.4,1004.7,1.3687965560232793,100
2024-12-10 04:00:00+05:30,5.5,44.0,24.0,1005.0,3.497422263490471,100
2024-12-10 05:00:00+05:30,4.0,5.0,23.6,1005.2,1.5934698978196102,100
2024-12-10 06:00:00+05:30,6.0,16.0,24.5,1005.8,3.587972236535396,100
2024-12-10 07:00:00+05:30,7.6,12.0,26.2,1006.6,12.126888979422429,100
2024-12-10 08:00:00+05:30,4.3,358.0,28.6,1007.1,0.0,100
2024-12-10 09:00:00+05:30,3.7,11.0,30.3,1007.4,0.38988246057453857,100
2024-12-10 10:00:00+05:30,6.2,46.0,31.9,1007.2,5.537352664322615,100
2024-12-10 11:00:00+05:30,9.8,52.0,33.2,1006.6,44.202032462021286,100
2024-12-10 12:00:00+05:30,10.0,73.0,33.7,1005.2,47.211377489718814,100
2024-12-10 13:00:00+05:30,2.1,149.0,32.6,1004.5,0.0,100
2024-12-10 14:00:00+05:30,7.5,240.0,31.6,1003.9,12.222835416788376,100
2024-12-10 15:00:00+05:30,7.2,231.0,30.8,1003.4,10.508867432197633,100
2024-12-10 16:00:00+05:30,10.5,243.0,29.5,1003.4,58.85016723030613,100
2024-12-10 17:00:00+05:30,12.7,245.0,28.3,1004.0,100.0,100
2024-12-10 18:00:00+05:30,10.3,234.0,27.2,1004.7,53.35267570048012,100
2024-12-10 19:00:00+05:30,9.6,275.0,26.9,1006.0,39.729956697513344,100
2024-12-10 20:00:00+05:30,9.4,282.0,26.6,1006.9,34.30816159502238,100
2024-12-10 21:00:00+05:30,7.3,287.0,26.2,1007.5,13.576421280685286,100
2024-12-10 22:00:00+05:30,6.4,299.0,25.8,1007.3,4.911866315735954,100
2024-12-10 23:00:00+05:30,5.8,324.0,25.3,1006.9,2.6542334737313342,100
2024-12-11 00:00:00+05:30,4.0,355.0,25.0,1006.6,0.0,100
2024-12-11 01:00:00+05:30,3.7,11.0,24.8,1006.0,0.0,100
2024-12-11 02:00:00+05:30,4.1,2.0,24.2,1005.1,0.0,100
2024-12-11 03:00:00+05:30,4.9,2.0,24.0,1004.7,0.3251504285956629,100
2024-12-11 04:00:00+05:30,4.9,354.0,23.8,1004.8,0.0,100
2024-12-11 05:00:00+05:30,4.7,356.0,23.6,1005.1,0.0,100
2024-12-11 06:00:00+05:30,6.3,342.0,24.5,1005.7,6.80746831728707,100
2024-12-11 07:00:00+05:30,6.5,347.0,26.2,1006.5,5.439843277686528,100
2024-12-11 08:00:00+05:30,4.9,352.0,28.4,1007.2,0.675701276419026,100
2024-12-11 09:00:00+05:30,7.5,8.0,30.3,1007.6,12.980009330412601,100
2024-12-11 10:00:00+05:30,13.7,27.0,32.6,1006.8,100.0,100
2024-12-11 11:00:00+05:30,18.0,40.0,33.9,1005.8,100.0,100
2024-12-11 12:00:00+05:30,19.5,32.0,34.8,1004.5,100.0,100
2024-12-11 13:00:00+05:30,11.5,20.0,33.9,1003.5,83.24284203195322,100
2024-12-11 14:00:00+05:30,4.5,7.0,32.5,1002.9,1.2447222079106153,100
2024-12-11 15:00:00+05:30,6.0,260.0,31.9,1002.7,2.0659408113797895,100
2024-12-11 16:00:00+05:30,9.1,240.0,29.7,1002.9,31.167334331260797,100
2024-12-11 17:00:00+05:30,14.4,234.0,27.8,1003.1,98.5454401922197,100
2024-12-11 18:00:00+05:30,6.2,291.0,29.3,1004.1,4.215478487910907,100
2024-12-11 19:00:00+05:30,2.3,302.0,28.5,1005.1,0.0,100
2024-12-11 20:00:00+05:30,1.6,360.0,28.1,1005.6,1.492759063355759,100
2024-12-11 21:00:00+05:30,2.2,355.0,27.3,1006.1,0.15232866876293719,100
2024-12-11 22:00:00+05:30,1.7,342.0,26.8,1006.0,0.0,100
2024-12-11 23:00:00+05:30,2.5,339.0,26.8,1005.4,0.0,100
2024-12-12 00:00:00+05:30,6.1,326.0,26.3,1005.1,5.303811462528993,100
2024-12-12 01:00:00+05:30,8.0,293.0,25.8,1004.0,17.447230816375487,100
2024-12-12 02:00:00+05:30,8.1,307.0,25.5,1003.4,17.92242706969673,100
2024-12-12 03:00:00+05:30,9.7,315.0,25.3,1002.7,39.87160202601525,100
2024-12-12 04:00:00+05:30,9.8,310.0,25.0,1002.6,42.34604874302236,100
2024-12-12 05:00:00+05:30,9.1,304.0,24.7,1002.9,33.25916921921505,100
2024-12-12 06:00:00+05:30,6.2,308.0,26.2,1003.8,4.557775010856512,100
2024-12-12 07:00:00+05:30,2.2,284.0,26.6,1004.6,0.0,100
2024-12-12 08:00:00+05:30,3.6,300.0,27.5,1005.6,1.1540041892888973,100
2024-12-12 09:00:00+05:30,10.4,284.0,28.0,1006.0,55.389720173577736,100
2024-12-12 10:00:00+05:30,13.6,288.0,28.3,1005.8,100.0,100
2024-12-12 11:00:00+05:30,14.3,287.0,29.2,1005.3,100.0,100
2024-12-12 12:00:00+05:30,13.0,287.0,29.7,1004.4,99.07675423405522,100
2024-12-12 13:00:00+05:30,12.2,295.0,26.6,1003.2,100.0,100
2024-12-12 14:00:00+05:30,9.7,310.0,27.6,1002.6,43.66534040415504,100
2024-12-12 15:00:00+05:30,9.2,310.0,28.1,1002.1,33.04048667189964,100
2024-12-12 16:00:00+05:30,8.4,312.0,28.4,1002.2,22.313963865492017,100
2024-12-12 17:00:00+05:30,4.1,347.0,28.0,1002.7,1.8129599732536765,100
2024-12-12 18:00:00+05:30,6.6,21.0,25.6,1003.2,5.682932185463349,100
2024-12-12 19:00:00+05:30,2.4,17.0,25.4,1004.2,0.2820259801247483,100
2024-12-12 20:00:00+05:30,2.9,281.0,25.2,1004.6,0.0,100
2024-12-12 21:00:00+05:30,5.1,293.0,24.7,1005.0,1.1342934445921145,100
2024-12-12 22:00:00+05:30,4.8,292.0,24.5,1005.0,1.2829308531142822,100
2024-12-12 23:00:00+05:30,3.7,284.0,24.1,1004.9,0.0,100
2024-12-13 00:00:00+05:30,2.8,297.0,24.1,1004.6,0.0,100
2024-12-13 01:00:00+05:30,5.4,300.0,24.2,1004.1,2.478064921841963,100
2024-12-13 02:00:00+05:30,6.0,321.0,24.2,1003.3,5.075306091306804,100
2024-12-13 03:00:00+05:30,6.4,338.0,24.2,1002.9,5.209660550360786,100
2024-12-13 04:00:00+05:30,6.4,333.0,24.2,1003.1,4.648639112524449,100
2024-12-13 05:00:00+05:30,5.8,344.0,24.1,1003.7,3.5996413312826308,100
2024-12-13 06:00:00+05:30,7.0,203.0,24.9,1004.7,9.600928334785753,100
2024-12-13 07:00:00+05:30,8.3,224.0,25.7,1005.7,19.525215669197763,100
2024-12-13 08:00:00+05:30,4.7,272.0,26.4,1006.4,1.3508411841702677,100
2024-12-13 09:00:00+05:30,1.3,262.0,27.6,1006.7,0.5171705130247924,100
2024-12-13 10:00:00+05:30,1.1,90.0,28.2,1006.4,0.13297013412750303,100
2024-12-13 11:00:00+05:30,4.2,115.0,28.9,1005.9,0.0,100
2024-12-13 12:00:00+05:30,8.1,125.0,29.0,1005.0,17.59817035786937,100
2024-12-13 13:00:00+05:30,9.3,131.0,28.3,1003.8,34.80761276874304,100
2024-12-13 14:00:00+05:30,8.5,134.0,27.6,1003.3,22.06417749017617,100
2024-12-13 15:00:00+05:30,9.3,134.0,28.1,1003.3,33.58737155849545,100
2024-12-13 16:00:00+05:30,10.6,130.0,27.7,1003.6,62.757711604498034,100
2024-12-13 17:00:00+05:30,8.8,133.0,27.3,1004.3,27.458989767699823,100
2024-12-13 18:00:00+05:30,15.2,67.0,25.9,1004.8,99.36021476956832,100
2024-12-13 19:00:00+05:30,14.1,56.0,25.4,1006.1,100.0,100
2024-12-13 20:00:00+05:30,15.0,61.0,25.0,1006.8,98.0429837013688,100
2024-12-13 21:00:00+05:30,13.6,48.0,24.5,1007.5,100.0,100
2024-12-13 22:00:00+05:30,14.8,39.0,23.4,1008.2,99.35729685908527,100
2024-12-13 23:00:00+05:30,16.7,52.0,23.5,1008.0,100.0,100
2024-12-14 00:00:00+05:30,14.9,46.0,23.5,1007.4,100.0,100
2024-12-14 01:00:00+05:30,14.2,41.0,23.6,1006.6,100.0,100
2024-12-14 02:00:00+05:30,13.3,42.0,23.7,1005.9,100.0,100
2024-12-14 03:00:00+05:30,14.6,52.0,23.7,1005.5,100.0,100
2024-12-14 04:00:00+05:30,17.3,44.0,23.6,1005.8,100.0,100
2024-12-14 05:00:00+05:30,18.3,43.0,23.6,1006.1,100.0,100
2024-12-14 06:00:00+05:30,18.9,38.0,23.5,1006.6,96.68841867315325,100
2024-12-14 07:00:00+05:30,17.8,34.0,23.8,1007.9,100.0,100
2024-12-14 08:00:00+05:30,17.5,25.0,24.0,1008.6,100.0,100
2024-12-14 09:00:00+05:30,18.7,44.0,25.2,1008.6,100.0,100
2024-12-14 10:00:00+05:30,22.5,43.0,24.9,1008.6,99.09335218335065,100
2024-12-14 11:00:00+05:30,20.4,41.0,24.9,1008.0,100.0,100
2024-12-14 12:00:00+05:30,19.5,32.0,24.4,1007.0,100.0,100
2024-12-14 13:00:00+05:30,15.7,31.0,25.0,1005.7,98.03070601536415,100
2024-12-14 14:00:00+05:30,18.5,31.0,26.1,1004.9,98.84664954340928,100
2024-12-14 15:00:00+05:30,16.2,37.0,24.3,1004.9,100.0,100
2024-12-14 16:00:00+05:30,11.2,18.0,24.3,1005.5,75.26526440271445,100
2024-12-14 17:00:00+05:30,6.2,46.0,24.8,1005.7,4.982009946023212,100
2024-12-14 18:00:00+05:30,13.3,35.0,26.2,1006.7,99.39942475746903,100
2024-12-14 19:00:00+05:30,12.2,47.0,25.5,1007.5,100.0,100
2024-12-14 20:00:00+05:30,18.4,41.0,25.4,1008.0,96.68711989554987,100
2024-12-14 21:00:00+05:30,22.7,39.0,25.7,1008.6,96.777453604662,100
2024-12-14 22:00:00+05:30,22.7,40.0,25.6,1009.0,98.07561803604038,100
2024-12-14 23:00:00+05:30,24.0,41.0,25.7,1008.6,99.49166543430538,100
2024-12-15 00:00:00+05:30,25.8,40.0,25.8,1008.0,1.1604475775504552,100
2024-12-15 01:00:00+05:30,27.3,42.0,25.7,1007.1,1.0047488347973996,100
2024-12-15 02:00:00+05:30,29.8,40.0,25.5,1006.0,0.0,100
2024-12-15 03:00:00+05:30,32.4,37.0,25.5,1005.3,0.0,100
2024-12-15 04:00:00+05:30,34.2,34.0,25.3,1005.3,0.0,100
2024-12-15 05:00:00+05:30,33.6,37.0,25.1,1005.8,0.7294224632088986,100
2024-12-15 06:00:00+05:30,34.7,36.0,25.1,1006.2,0.0,100
2024-12-15 07:00:00+05:30,34.6,38.0,25.8,1006.9,0.7906727826778285,100
2024-12-15 08:00:00+05:30,34.4,37.0,26.8,1007.8,0.8686288279928079,100
2024-12-15 09:00:00+05:30,36.5,36.0,27.6,1008.1,0.5295046602927957,100
2024-12-15 10:00:00+05:30,36.4,36.0,28.5,1008.0,1.5617020019736354,100
2024-12-15 11:00:00+05:30,34.4,35.0,29.4,1007.7,0.0,100
2024-12-15 12:00:00+05:30,33.1,33.0,29.9,1007.3,0.06382138068185143,100
2024-12-15 13:00:00+05:30,31.9,32.0,30.3,1006.2,0.0,100
2024-12-15 14:00:00+05:30,30.8,32.0,30.3,1005.4,0.9636608237292988,100
2024-12-15 15:00:00+05:30,29.2,31.0,30.0,1004.7,0.0,100
2024-12-15 16:00:00+05:30,28.6,36.0,29.6,1004.7,0.0,100
2024-12-15 17:00:00+05:30,26.6,37.0,28.6,1005.3,1.0231967640818769,100
2024-12-15 18:00:00+05:30,22.5,36.0,27.7,1006.3,99.63207321358496,100
2024-12-15 19:00:00+05:30,20.9,34.0,27.2,1007.5,98.76707211369342,100
2024-12-15 20:00:00+05:30,18.7,33.0,26.8,1008.6,100.0,100
2024-12-15 21:00:00+05:30,18.3,34.0,26.5,1009.1,99.68525262301091,100
2024-12-15 22:00:00+05:30,19.2,36.0,26.0,1008.8,97.01693387126089,100
2024-12-15 23:00:00+05:30,20.2,37.0,25.9,1008.5,100.0,100
2024-12-16 00:00:00+05:30,21.0,38.0,25.7,1007.8,98.43666471924635,100
2024-12-16 01:00:00+05:30,21.1,37.0,25.5,1006.9,99.73033865737115,100
2024-12-16 02:00:00+05:30,21.7,29.0,25.2,1006.0,95.80778268698731,100
2024-12-16 03:00:00+05:30,19.3,29.0,24.8,1005.6,96.94444875231926,100
2024-12-16 04:00:00+05:30,21.4,32.0,24.8,1005.5,98.95301307282887,100
2024-12-16 05:00:00+05:30,21.7,24.0,25.0,1005.6,99.57242249023385,100
2024-12-16 06:00:00+05:30,18.8,37.0,24.4,1006.5,100.0,100
2024-12-16 07:00:00+05:30,18.9,35.0,25.1,1007.4,100.0,100
2024-12-16 08:00:00+05:30,19.8,40.0,26.6,1007.9,100.0,100
2024-12-16 09:00:00+05:30,26.5,41.0,27.9,1008.4,0.5600840545791264,100
2024-12-16 10:00:00+05:30,29.0,36.0,28.2,1008.1,1.0398553618518465,100
2024-12-16 11:00:00+05:30,26.7,33.0,29.1,1007.6,1.087042908639066,100
2024-12-16 12:00:00+05:30,23.0,36.0,27.9,1006.8,96.22807751724277,100
2024-12-16 13:00:00+05:30,21.7,37.0,28.4,1005.7,100.0,100
2024-12-16 14:00:00+05:30,21.0,42.0,29.5,1004.7,100.0,100
2024-12-16 15:00:00+05:30,21.9,44.0,28.8,1004.3,99.73451121767502,100
2024-12-16 16:00:00+05:30,19.6,48.0,28.1,1004.4,98.89748158384384,100
2024-12-16 17:00:00+05:30,18.5,49.0,27.5,1005.1,99.51076258305743,100
2024-12-16 18:00:00+05:30,13.6,41.0,25.7,1006.1,96.76812047735879,100
2024-12-16 19:00:00+05:30,13.9,39.0,25.6,1006.7,100.0,100
2024-12-16 20:00:00+05:30,14.0,41.0,25.5,1007.4,100.0,100
2024-12-16 21:00:00+05:30,17.0,48.0,25.3,1007.8,100.0,100
2024-12-16 22:00:00+05:30,18.2,43.0,25.3,1007.7,100.0,100
2024-12-16 23:00:00+05:30,17.3,36.0,25.1,1007.3,95.75817965680946,100
2024-12-17 00:00:00+05:30,16.4,36.0,24.9,1006.7,100.0,100
2024-12-17 01:00:00+05:30,13.9,34.0,24.6,1005.9,100.0,100
2024-12-17 02:00:00+05:30,12.7,35.0,24.1,1005.0,100.0,100
2024-12-17 03:00:00+05:30,10.5,24.0,23.8,1004.3,55.16623742346294,100
2024-12-17 04:00:00+05:30,7.7,11.0,23.5,1004.3,13.504369812873941,100
2024-12-17 05:00:00+05:30,6.3,3.0,23.3,1004.7,3.1269953579226786,100
2024-12-17 06:00:00+05:30,15.8,36.0,25.1,1005.9,100.0,100
2024-12-17 07:00:00+05:30,16.2,34.0,26.2,1006.4,99.26302562936917,100
2024-12-17 08:00:00+05:30,16.8,35.0,28.0,1007.2,100.0,100
2024-12-17 09:00:00+05:30,17.1,34.0,29.4,1007.4,99.19130356466194,100
2024-12-17 10:00:00+05:30,16.0,34.0,30.6,1007.1,100.0,100
2024-12-17 11:00:00+05:30,12.2,41.0,31.7,1006.4,98.14530243443795,100
2024-12-17 12:00:00+05:30,8.7,63.0,32.5,1005.3,24.58694073802897,100
2024-12-17 13:00:00+05:30,6.2,100.0,32.9,1003.9,5.2368741415349,100
2024-12-17 14:00:00+05:30,8.7,187.0,31.7,1003.5,25.430811712275304,100
2024-12-17 15:00:00+05:30,16.4,212.0,30.0,1003.6,97.62600965891872,100
2024-12-17 16:00:00+05:30,13.6,220.0,28.8,1004.0,98.63565061054662,100
2024-12-17 17:00:00+05:30,11.9,231.0,28.6,1004.7,94.60162859402563,100
2024-12-17 18:00:00+05:30,10.4,271.0,27.0,1006.1,53.40227125240697,100
2024-12-17 19:00:00+05:30,9.6,287.0,25.7,1007.3,39.71883906210843,100
2024-12-17 20:00:00+05:30,5.9,301.0,25.2,1007.3,3.7311762452661146,100
2024-12-17 21:00:00+05:30,6.1,270.0,25.1,1007.3,4.1640795431162925,100
2024-12-17 22:00:00+05:30,6.0,273.0,24.9,1007.4,3.244168222448409,100
2024-12-17 23:00:00+05:30,6.7,278.0,24.9,1007.2,6.924596689612512,100
2024-12-18 00:00:00+05:30,8.1,276.0,24.8,1007.0,18.815383415799186,100
2024-12-18 01:00:00+05:30,9.7,294.0,24.8,1006.2,40.84272964576365,100
2024-12-18 02:00:00+05:30,10.2,302.0,24.6,1005.1,51.57469964607997,100
2024-12-18 03:00:00+05:30,9.1,292.0,24.3,1004.6,31.915351368184535,100
2024-12-18 04:00:00+05:30,7.9,290.0,24.0,1004.4,15.537142915637265,100
2024-12-18 05:00:00+05:30,7.0,310.0,23.9,1004.7,9.835954937135305,100
2024-12-18 06:00:00+05:30,3.1,357.0,24.3,1005.6,0.009143236030678927,100
2024-12-18 07:00:00+05:30,6.7,6.0,26.1,1006.3,6.191514016682492,100
2024-12-18 08:00:00+05:30,3.8,8.0,28.5,1007.1,0.0,100
2024-12-18 09:00:00+05:30,0.8,243.0,30.1,1007.2,0.0,100
2024-12-18 10:00:00+05:30,4.8,228.0,31.3,1006.9,0.9303922902195256,100
2024-12-18 11:00:00+05:30,10.7,228.0,32.3,1006.1,62.13982910501931,100
2024-12-18 12:00:00+05:30,18.4,244.0,31.2,1005.2,99.74872117392202,100
2024-12-18 13:00:00+05:30,22.2,253.0,29.7,1004.4,100.0,100
2024-12-18 14:00:00+05:30,19.5,258.0,29.8,1003.7,100.0,100
2024-12-18 15:00:00+05:30,17.1,268.0,29.9,1003.1,99.31246957665307,100
2024-12-18 16:00:00+05:30,17.7,275.0,29.6,1003.2,100.0,100
2024-12-18 17:00:00+05:30,16.7,284.0,28.5,1003.6,96.43453071603417,100
2024-12-18 18:00:00+05:30,15.9,267.0,27.6,1004.4,99.89364097081314,100
2024-12-18 19:00:00+05:30,15.0,266.0,27.0,1005.3,99.28950346787175,100
2024-12-18 20:00:00+05:30,14.6,271.0,26.8,1005.6,98.39274537157523,100
2024-12-18 21:00:00+05:30,14.7,278.0,26.7,1006.1,97.23615882473506,100
2024-12-18 22:00:00+05:30,15.4,281.0,26.5,1006.1,96.58210684039689,100
2024-12-18 23:00:00+05:30,15.0,283.0,26.2,1006.1,98.78083411016581,100
2024-12-19 00:00:00+05:30,15.9,285.0,26.1,1006.0,100.0,100
2024-12-19 01:00:00+05:30,14.3,284.0,25.8,1005.1,100.0,100
2024-12-19 02:00:00+05:30,12.3,285.0,25.6,1004.4,100.0,100
2024-12-19 03:00:00+05:30,11.4,285.0,25.2,1004.0,83.15888527935688,100
2024-12-19 04:00:00+05:30,12.1,280.0,25.1,1004.3,99.95871644581887,100
2024-12-19 05:00:00+05:30,12.4,287.0,24.9,1004.2,98.29217312557168,100
2024-12-19 06:00:00+05:30,12.0,287.0,25.6,1005.5,100.0,100
2024-12-19 07:00:00+05:30,11.5,284.0,26.9,1006.3,82.6136142862946,100
2024-12-19 08:00:00+05:30,9.7,288.0,29.0,1007.2,40.49706236676764,100
2024-12-19 09:00:00+05:30,7.7,294.0,30.7,1007.4,16.85834952608824,100
2024-12-19 10:00:00+05:30,3.8,287.0,32.1,1006.8,0.5005511319611851,100
2024-12-19 11:00:00+05:30,5.3,172.0,33.0,1006.5,2.2450727847808842,100
2024-12-19 12:00:00+05:30,11.1,168.0,32.3,1005.9,69.11717014002333,100
2024-12-19 13:00:00+05:30,11.5,172.0,30.8,1005.1,85.76496960584396,100
2024-12-19 14:00:00+05:30,9.7,209.0,30.2,1004.3,40.47794147228993,100
2024-12-19 15:00:00+05:30,11.4,235.0,30.2,1003.7,78.63560828900583,100
2024-12-19 16:00:00+05:30,13.4,253.0,29.4,1003.7,100.0,100
2024-12-19 17:00:00+05:30,14.6,257.0,28.5,1003.9,97.53738297221922,100
2024-12-19 18:00:00+05:30,11.9,272.0,27.7,1004.8,94.45726643204843,100
2024-12-19 19:00:00+05:30,10.8,288.0,27.1,1005.8,63.91120880494084,100
2024-12-19 20:00:00+05:30,10.0,284.0,26.7,1006.5,47.89909607504048,100
2024-12-19 21:00:00+05:30,11.0,274.0,26.5,1007.0,71.3175936359809,100
2024-12-19 22:00:00+05:30,11.8,279.0,26.3,1006.9,91.09821393402896,100
2024-12-19 23:00:00+05:30,13.4,282.0,26.1,1006.4,94.19402587806114,100
2024-12-20 00:00:00+05:30,13.4,281.0,25.9,1006.1,100.0,100
2024-12-20 01:00:00+05:30,14.4,282.0,25.9,1005.3,100.0,100
2024-12-20 02:00:00+05:30,16.1,286.0,25.6,1004.5,100.0,100
2024-12-20 03:00:00+05:30,16.2,283.0,25.3,1003.8,100.0,100
2024-12-20 04:00:00+05:30,15.6,282.0,25.2,1003.7,98.52113791567905,100
2024-12-20 05:00:00+05:30,15.0,281.0,25.1,1003.9,96.38008385083633,100
2024-12-20 06:00:00+05:30,14.0,271.0,26.0,1004.9,99.6027704800206,100
2024-12-20 07:00:00+05:30,14.2,271.0,26.9,1005.7,97.96182471093785,100
2024-12-20 08:00:00+05:30,15.2,277.0,28.9,1006.3,96.00154895777752,100
2024-12-20 09:00:00+05:30,15.3,272.0,30.7,1006.9,100.0,100
2024-12-20 10:00:00+05:30,13.9,264.0,32.2,1006.6,98.15026531456672,100
2024-12-20 11:00:00+05:30,14.5,248.0,32.9,1006.1,100.0,100
2024-12-20 12:00:00+05:30,17.8,238.0,32.8,1005.5,100.0,100
2024-12-20 13:00:00+05:30,16.1,250.0,31.5,1004.5,100.0,100
2024-12-20 14:00:00+05:30,14.2,241.0,31.5,1003.6,98.55459447817698,100
2024-12-20 15:00:00+05:30,15.3,251.0,31.0,1003.1,100.0,100
2024-12-20 16:00:00+05:30,15.5,243.0,29.8,1003.5,95.22458382100646,100
2024-12-20 17:00:00+05:30,15.6,231.0,28.2,1004.4,100.0,100
2024-12-20 18:00:00+05:30,14.3,280.0,28.0,1004.5,100.0,100
2024-12-20 19:00:00+05:30,13.4,278.0,26.7,1005.8,100.0,100
2024-12-20 20:00:00+05:30,12.5,252.0,26.6,1006.7,100.0,100
2024-12-20 21:00:00+05:30,14.6,257.0,26.4,1007.2,100.0,100
2024-12-20 22:00:00+05:30,13.7,265.0,26.0,1006.9,99.8975929930541,100
2024-12-20 23:00:00+05:30,13.1,272.0,25.7,1006.6,100.0,100
2024-12-21 00:00:00+05:30,15.1,273.0,25.6,1006.1,100.0,100
2024-12-21 01:00:00+05:30,14.7,284.0,25.4,1005.0,100.0,100
2024-12-21 02:00:00+05:30,12.6,272.0,25.2,1004.2,100.0,100
2024-12-21 03:00:00+05:30,12.1,285.0,24.9,1003.4,96.87451850187257,100
2024-12-21 04:00:00+05:30,10.7,293.0,24.6,1003.3,62.011240996728105,100
2024-12-21 05:00:00+05:30,7.2,305.0,24.3,1004.1,9.714903800038023,100
2024-12-21 06:00:00+05:30,6.8,310.0,24.7,1004.3,9.076631685683875,100
2024-12-21 07:00:00+05:30,6.6,315.0,26.1,1005.2,6.308790633138424,100
2024-12-21 08:00:00+05:30,3.6,303.0,28.7,1006.2,0.6834349652865036,100
2024-12-21 09:00:00+05:30,3.5,285.0,30.8,1007.1,0.0,100
2024-12-21 10:00:00+05:30,0.4,153.0,32.7,1006.6,0.0,100
2024-12-21 11:00:00+05:30,4.7,212.0,33.5,1005.9,0.46562239474921924,100
2024-12-21 12:00:00+05:30,4.8,233.0,33.9,1004.8,0.6552438427211502,100
2024-12-21 13:00:00+05:30,11.8,259.0,33.8,1004.2,95.57489592250734,100
2024-12-21 14:00:00+05:30,13.6,275.0,32.7,1003.7,96.89809991891698,100
2024-12-21 15:00:00+05:30,16.5,278.0,31.7,1003.7,96.8072437219952,100
2024-12-21 16:00:00+05:30,19.6,277.0,30.8,1003.7,98.8000975604409,100
2024-12-21 17:00:00+05:30,20.0,279.0,30.0,1004.1,100.0,100
2024-12-21 18:00:00+05:30,18.6,276.0,29.6,1005.5,100.0,100
2024-12-21 19:00:00+05:30,18.2,279.0,29.0,1006.2,100.0,100
2024-12-21 20:00:00+05:30,17.2,284.0,28.4,1007.0,100.0,100
2024-12-21 21:00:00+05:30,14.5,292.0,27.9,1007.5,100.0,100
2024-12-21 22:00:00+05:30,11.6,300.0,27.1,1007.9,88.5561128490642,100
2024-12-21 23:00:00+05:30,11.3,297.0,26.4,1007.6,78.42657988085594,100
2024-12-22 00:00:00+05:30,13.4,290.0,25.9,1007.1,100.0,100
2024-12-22 01:00:00+05:30,14.3,288.0,25.8,1006.6,99.33146883404635,100
2024-12-22 02:00:00+05:30,15.5,295.0,25.7,1005.5,96.96854480420863,100
2024-12-22 03:00:00+05:30,14.3,295.0,25.4,1004.7,98.3674881055177,100
2024-12-22 04:00:00+05:30,12.0,300.0,25.0,1004.9,99.76417569679376,100
2024-12-22 05:00:00+05:30,10.4,309.0,24.7,1005.6,55.86538570248192,100
2024-12-22 06:00:00+05:30,6.9,317.0,25.7,1005.9,7.4458152761339775,100
2024-12-22 07:00:00+05:30,6.9,303.0,27.1,1006.8,7.534015093104905,100
2024-12-22 08:00:00+05:30,3.9,332.0,29.6,1007.3,0.8923551726399552,100
2024-12-22 09:00:00+05:30,1.5,21.0,31.5,1007.6,0.0,100
2024-12-22 10:00:00+05:30,3.2,133.0,33.0,1007.2,0.0,100
2024-12-22 11:00:00+05:30,8.9,152.0,33.6,1006.8,29.059699182452285,100
2024-12-22 12:00:00+05:30,14.9,157.0,32.1,1006.2,100.0,100
2024-12-22 13:00:00+05:30,16.3,146.0,29.4,1005.7,100.0,100
2024-12-22 14:00:00+05:30,13.5,146.0,29.0,1004.9,98.51365855691381,100
2024-12-22 15:00:00+05:30,17.2,152.0,29.1,1004.6,100.0,100
2024-12-22 16:00:00+05:30,13.9,134.0,27.2,1004.8,98.66419534761432,100
2024-12-22 17:00:00+05:30,13.6,127.0,26.5,1005.2,100.0,100
2024-12-22 18:00:00+05:30,6.8,119.0,26.8,1005.5,6.973699134475008,100
2024-12-22 19:00:00+05:30,2.7,113.0,26.4,1006.9,0.0,100
2024-12-22 20:00:00+05:30,1.6,63.0,26.4,1007.7,0.0,100
2024-12-22 21:00:00+05:30,2.4,9.0,26.1,1008.3,0.0,100
2024-12-22 22:00:00+05:30,2.6,309.0,25.5,1008.4,2.157334911575094,100
2024-12-22 23:00:00+05:30,3.1,301.0,24.9,1008.0,0.8462783833500523,100
2024-12-23 00:00:00+05:30,3.5,305.0,24.4,1007.6,0.0,100
2024-12-23 01:00:00+05:30,4.6,315.0,24.2,1007.0,0.7051146103792227,100
2024-12-23 02:00:00+05:30,5.3,298.0,23.8,1006.2,1.2484278892502072,100
2024-12-23 03:00:00+05:30,5.1,315.0,23.0,1005.8,1.038068947571989,100
2024-12-23 04:00:00+05:30,6.0,344.0,22.9,1005.6,3.3985312483936068,100
2024-12-23 05:00:00+05:30,9.5,37.0,22.8,1006.4,37.792975656674784,100
2024-12-23 06:00:00+05:30,8.2,29.0,22.5,1007.3,18.58181416887256,100
2024-12-23 07:00:00+05:30,9.1,30.0,23.9,1008.2,31.42148152625597,100
2024-12-23 08:00:00+05:30,7.1,38.0,27.0,1008.7,10.72227891018013,100
2024-12-23 09:00:00+05:30,4.7,47.0,29.2,1008.8,0.2822691566131117,100
2024-12-23 10:00:00+05:30,2.4,99.0,31.1,1008.6,1.8938724388077197,100
2024-12-23 11:00:00+05:30,6.9,150.0,32.2,1007.8,9.165369460054228,100
2024-12-23 12:00:00+05:30,14.2,165.0,31.7,1006.8,100.0,100
2024-12-23 13:00:00+05:30,19.7,170.0,30.0,1005.9,99.04162446676487,100
2024-12-23 14:00:00+05:30,15.3,162.0,29.6,1005.2,100.0,100
2024-12-23 15:00:00+05:30,11.8,169.0,30.1,1004.6,95.04601500210758,100
2024-12-23 16:00:00+05:30,13.2,176.0,29.7,1004.5,100.0,100
2024-12-23 17:00:00+05:30,9.4,169.0,28.5,1005.0,36.08823363188565,100
2024-12-23 18:00:00+05:30,7.9,120.0,27.9,1005.5,16.31436889549279,100
2024-12-23 19:00:00+05:30,3.9,114.0,27.5,1006.1,0.16367853743110855,100
2024-12-23 20:00:00+05:30,1.0,121.0,26.8,1006.8,1.441847428942362,100
2024-12-23 21:00:00+05:30,0.4,297.0,26.3,1007.4,0.6681040139409131,100
2024-12-23 22:00:00+05:30,3.7,299.0,25.2,1007.2,0.3818876209050948,100
2024-12-23 23:00:00+05:30,5.5,297.0,24.7,1006.8,2.2487117515254114,100
2024-12-24 00:00:00+05:30,8.3,303.0,24.8,1006.4,18.21366450749431,100
2024-12-24 01:00:00+05:30,8.4,301.0,24.4,1006.1,20.788559243660234,100
2024-12-24 02:00:00+05:30,8.5,302.0,24.0,1005.6,23.850606613780595,100
2024-12-24 03:00:00+05:30,9.3,307.0,23.8,1005.5,36.774266393205046,100
2024-12-24 04:00:00+05:30,8.9,313.0,23.7,1005.8,26.891988845079325,100
2024-12-24 05:00:00+05:30,8.6,311.0,23.7,1006.3,24.03642463449493,100
2024-12-24 06:00:00+05:30,5.9,320.0,23.6,1006.8,3.9165731992213586,100
2024-12-24 07:00:00+05:30,7.7,311.0,25.6,1007.8,13.93224401835916,100
2024-12-24 08:00:00+05:30,7.8,304.0,28.0,1008.3,15.085705398434252,100
2024-12-24 09:00:00+05:30,7.8,285.0,29.7,1008.8,14.676096613499903,100
2024-12-24 10:00:00+05:30,9.2,249.0,31.2,1008.5,33.37159428987113,100
2024-12-24 11:00:00+05:30,13.8,238.0,32.4,1007.7,97.99728676278822,100
2024-12-24 12:00:00+05:30,18.0,243.0,32.6,1006.8,100.0,100
2024-12-24 13:00:00+05:30,20.6,247.0,32.4,1005.5,98.23411444860183,100
2024-12-24 14:00:00+05:30,22.7,248.0,31.7,1004.8,99.60068695265169,100
2024-12-24 15:00:00+05:30,21.9,261.0,31.3,1004.4,99.19574233099804,100
2024-12-24 16:00:00+05:30,21.1,269.0,30.6,1004.6,97.37695504157492,100
2024-12-24 17:00:00+05:30,21.2,271.0,29.4,1004.9,100.0,100
2024-12-24 18:00:00+05:30,18.0,263.0,28.4,1005.3,100.0,100
2024-12-24 19:00:00+05:30,18.2,268.0,27.8,1006.6,98.38136515452697,100
2024-12-24 20:00:00+05:30,17.6,278.0,27.4,1007.5,99.17164404600483,100
2024-12-24 21:00:00+05:30,16.0,285.0,26.8,1008.2,96.60855277151073,100
2024-12-24 22:00:00+05:30,14.5,289.0,26.0,1008.4,100.0,100
2024-12-24 23:00:00+05:30,13.8,296.0,25.3,1008.0,99.64814492770259,100
2024-12-25 00:00:00+05:30,14.6,300.0,25.0,1007.8,100.0,100
2024-12-25 01:00:00+05:30,15.0,304.0,25.1,1007.0,99.22216106125575,100
2024-12-25 02:00:00+05:30,13.2,304.0,24.9,1006.1,100.0,100
2024-12-25 03:00:00+05:30,11.8,295.0,24.4,1005.9,90.30540211211093,100
2024-12-25 04:00:00+05:30,11.6,298.0,24.1,1006.2,88.43926141693241,100
2024-12-25 05:00:00+05:30,11.7,302.0,23.9,1007.0,87.96969304757276,100
2024-12-25 06:00:00+05:30,12.6,303.0,24.3,1007.5,100.0,100
2024-12-25 07:00:00+05:30,13.9,304.0,25.7,1008.5,100.0,100
2024-12-25 08:00:00+05:30,15.9,304.0,28.1,1009.0,100.0,100
2024-12-25 09:00:00+05:30,13.4,298.0,30.2,1009.2,96.79751349506175,100
2024-12-25 10:00:00+05:30,8.6,290.0,31.8,1008.7,25.861973301146772,100
2024-12-25 11:00:00+05:30,4.8,250.0,33.0,1007.9,0.0,100
2024-12-25 12:00:00+05:30,7.3,200.0,33.8,1006.9,9.87157968468458,100
2024-12-25 13:00:00+05:30,13.8,204.0,33.2,1006.3,98.65492619862344,100
2024-12-25 14:00:00+05:30,18.8,218.0,31.7,1005.6,96.77018390449125,100
2024-12-25 15:00:00+05:30,19.9,226.0,30.7,1005.5,100.0,100
2024-12-25 16:00:00+05:30,18.0,237.0,30.0,1005.7,100.0,100
2024-12-25 17:00:00+05:30,16.9,248.0,29.1,1005.8,99.69949787268133,100
2024-12-25 18:00:00+05:30,13.1,254.0,28.7,1006.4,100.0,100
2024-12-25 19:00:00+05:30,12.5,264.0,28.2,1007.7,100.0,100
2024-12-25 20:00:00+05:30,11.4,273.0,27.7,1008.6,78.6504877780629,100
2024-12-25 21:00:00+05:30,11.8,279.0,27.2,1009.3,92.28693725023517,100
2024-12-25 22:00:00+05:30,11.6,283.0,26.8,1009.6,85.5807639537703,100
2024-12-25 23:00:00+05:30,11.0,285.0,26.3,1009.4,70.78129332586167,100
2024-12-26 00:00:00+05:30,11.3,283.0,25.8,1009.3,77.32025803818574,100
2024-12-26 01:00:00+05:30,11.4,286.0,25.2,1008.3,81.5588640599782,100
2024-12-26 02:00:00+05:30,11.6,288.0,24.7,1007.5,87.50137241949227,100
2024-12-26 03:00:00+05:30,11.7,295.0,24.4,1007.0,91.51793361295232,100
2024-12-26 04:00:00+05:30,10.1,311.0,24.1,1007.2,48.96680817489791,100
2024-12-26 05:00:00+05:30,7.6,315.0,23.7,1007.9,14.649824048358598,100
2024-12-26 06:00:00+05:30,7.5,303.0,24.1,1008.7,12.892507732548305,100
2024-12-26 07:00:00+05:30,9.8,310.0,25.8,1009.7,42.02843609670259,100
2024-12-26 08:00:00+05:30,7.3,316.0,28.9,1010.3,11.304722233735722,100
2024-12-26 09:00:00+05:30,3.6,30.0,30.8,1010.5,0.0,100
2024-12-26 10:00:00+05:30,9.4,101.0,32.6,1010.1,36.369098667500815,100
2024-12-26 11:00:00+05:30,13.6,138.0,32.8,1009.6,100.0,100
2024-12-26 12:00:00+05:30,16.9,178.0,30.2,1008.8,99.2974898545072,100
2024-12-26 13:00:00+05:30,16.0,195.0,29.9,1007.9,97.18462645802244,100
2024-12-26 14:00:00+05:30,11.4,176.0,29.3,1007.0,80.09236476404715,100
2024-12-26 15:00:00+05:30,9.1,155.0,29.7,1006.7,31.679548329458378,100
2024-12-26 16:00:00+05:30,8.7,142.0,29.3,1006.8,28.043489313055055,100
2024-12-26 17:00:00+05:30,9.6,130.0,28.5,1007.2,40.073151038518816,100
2024-12-26 18:00:00+05:30,12.4,133.0,28.0,1007.9,98.02884967507008,100
2024-12-26 19:00:00+05:30,9.7,146.0,27.7,1009.2,41.62131999492787,100
2024-12-26 20:00:00+05:30,4.7,164.0,27.6,1009.7,0.6298630647409755,100
2024-12-26 21:00:00+05:30,2.4,207.0,26.7,1010.3,0.7960463412322989,100
2024-12-26 22:00:00+05:30,1.1,252.0,26.4,1010.3,0.0,100
2024-12-26 23:00:00+05:30,1.2,297.0,25.9,1009.7,0.16272775240047377,100
2024-12-27 00:00:00+05:30,1.3,315.0,25.5,1009.5,0.9460132904441666,100
2024-12-27 01:00:00+05:30,2.9,330.0,24.8,1008.8,0.0,100
2024-12-27 02:00:00+05:30,4.8,347.0,24.6,1008.2,0.15904859878337074,100
2024-12-27 03:00:00+05:30,4.9,8.0,24.3,1007.8,1.6101080218453432,100
2024-12-27 04:00:00+05:30,8.3,33.0,24.3,1008.0,22.457374208826007,100
2024-12-27 05:00:00+05:30,11.6,32.0,24.4,1008.5,88.47174523986676,100
2024-12-27 06:00:00+05:30,12.8,56.0,24.5,1008.9,98.16534313647415,100
2024-12-27 07:00:00+05:30,17.1,50.0,25.5,1009.9,100.0,100
2024-12-27 08:00:00+05:30,16.3,38.0,27.1,1010.6,95.7092267051458,100
2024-12-27 09:00:00+05:30,15.9,43.0,29.8,1010.9,100.0,100
2024-12-27 10:00:00+05:30,18.9,61.0,31.4,1010.9,100.0,100
2024-12-27 11:00:00+05:30,20.6,69.0,32.0,1010.1,96.74383583842258,100
2024-12-27 12:00:00+05:30,20.4,74.0,32.6,1009.2,100.0,100
2024-12-27 13:00:00+05:30,20.4,87.0,33.2,1008.2,99.86606024762511,100
2024-12-27 14:00:00+05:30,22.5,98.0,32.2,1007.1,98.86088826591343,100
2024-12-27 15:00:00+05:30,24.2,98.0,31.0,1006.4,100.0,100
2024-12-27 16:00:00+05:30,27.0,93.0,30.1,1006.6,0.0,100
2024-12-27 17:00:00+05:30,26.0,84.0,29.3,1007.0,0.0,100
2024-12-27 18:00:00+05:30,27.6,56.0,29.6,1007.9,0.9926434979962541,100
2024-12-27 19:00:00+05:30,24.7,48.0,28.2,1009.1,99.8608092535978,100
2024-12-27 20:00:00+05:30,23.1,39.0,27.7,1010.1,98.34942354701332,100
2024-12-27 21:00:00+05:30,27.7,42.0,26.8,1010.9,0.6155419104636024,100
2024-12-27 22:00:00+05:30,26.0,38.0,25.8,1010.8,0.7442686872256798,100
2024-12-27 23:00:00+05:30,26.6,38.0,25.5,1010.5,0.0,100
2024-12-28 00:00:00+05:30,23.4,39.0,25.4,1009.8,100.0,100
2024-12-28 01:00:00+05:30,23.0,40.0,25.7,1009.0,100.0,100
2024-12-28 02:00:00+05:30,22.4,36.0,25.5,1008.3,100.0,100
2024-12-28 03:00:00+05:30,21.2,33.0,25.9,1008.1,97.35867445050171,100
2024-12-28 04:00:00+05:30,19.8,27.0,26.0,1008.0,97.35197988522835,100
2024-12-28 05:00:00+05:30,21.3,25.0,26.1,1008.5,98.99923484024835,100
2024-12-28 06:00:00+05:30,29.1,34.0,25.6,1008.6,0.551145251058331,100
2024-12-28 07:00:00+05:30,28.8,35.0,26.3,1009.7,0.0,100
2024-12-28 08:00:00+05:30,31.8,35.0,27.9,1010.4,0.3459436766167082,100
2024-12-28 09:00:00+05:30,30.5,37.0,29.7,1010.7,0.0,100
2024-12-28 10:00:00+05:30,28.5,41.0,30.7,1010.6,0.0,100
2024-12-28 11:00:00+05:30,28.3,41.0,31.7,1009.9,0.0,100
2024-12-28 12:00:00+05:30,28.7,39.0,32.5,1009.0,0.6531185816521731,100
2024-12-28 13:00:00+05:30,27.7,39.0,33.1,1007.9,0.0,100
2024-12-28 14:00:00+05:30,26.2,41.0,33.8,1006.5,0.4826138714148891,100
2024-12-28 15:00:00+05:30,26.0,47.0,33.6,1006.0,0.0,100
2024-12-28 16:00:00+05:30,26.5,43.0,31.8,1006.2,0.0,100
2024-12-28 17:00:00+05:30,24.4,37.0,30.8,1006.9,100.0,100
2024-12-28 18:00:00+05:30,22.6,40.0,30.3,1007.3,100.0,100
2024-12-28 19:00:00+05:30,18.0,42.0,29.7,1008.1,100.0,100
2024-12-28 20:00:00+05:30,15.0,47.0,28.9,1009.1,98.15971510111696,100
2024-12-28 21:00:00+05:30,14.9,53.0,27.9,1009.7,98.47484956374458,100
2024-12-28 22:00:00+05:30,15.8,45.0,27.1,1009.8,98.96183513091337,100
2024-12-28 23:00:00+05:30,17.0,37.0,26.6,1009.6,97.41210283227637,100
2024-12-29 00:00:00+05:30,17.6,34.0,26.3,1009.1,97.27433335844516,100
2024-12-29 01:00:00+05:30,17.7,33.0,26.0,1008.5,97.36439695879967,100
2024-12-29 02:00:00+05:30,18.6,37.0,25.8,1007.7,100.0,100
2024-12-29 03:00:00+05:30,17.6,41.0,25.6,1007.5,98.96285183254192,100
2024-12-29 04:00:00+05:30,18.0,29.0,25.5,1007.4,98.34892701355511,100
2024-12-29 05:00:00+05:30,18.3,32.0,25.5,1008.1,100.0,100
2024-12-29 06:00:00+05:30,19.1,34.0,25.7,1008.8,99.91253732500262,100
2024-12-29 07:00:00+05:30,21.8,29.0,26.5,1009.8,96.7309297163438,100
2024-12-29 08:00:00+05:30,25.5,31.0,28.3,1010.5,0.0,100
2024-12-29 09:00:00+05:30,28.4,33.0,29.7,1010.6,0.7403076680948777,100
2024-12-29 10:00:00+05:30,28.0,34.0,31.3,1010.3,0.21615088592141576,100
2024-12-29 11:00:00+05:30,28.3,36.0,32.6,1009.3,0.0,100
2024-12-29 12:00:00+05:30,27.5,40.0,33.4,1008.3,0.41042242870681644,100
2024-12-29 13:00:00+05:30,25.9,42.0,33.9,1007.3,0.08021838467845663,100
2024-12-29 14:00:00+05:30,23.3,39.0,34.2,1006.1,98.59535890553731,100
2024-12-29 15:00:00+05:30,20.3,33.0,34.2,1005.5,100.0,100
2024-12-29 16:00:00+05:30,13.0,20.0,33.8,1005.5,99.94998686717076,100
2024-12-29 17:00:00+05:30,7.3,351.0,32.5,1006.1,9.784691735760363,100
2024-12-29 18:00:00+05:30,7.5,339.0,31.0,1006.6,13.046106105028443,100
2024-12-29 19:00:00+05:30,3.3,324.0,29.1,1008.0,0.0,100
2024-12-29 20:00:00+05:30,1.7,347.0,28.5,1009.2,0.0,100
2024-12-29 21:00:00+05:30,2.2,294.0,27.9,1009.5,2.295063833362412,100
2024-12-29 22:00:00+05:30,2.6,344.0,27.0,1009.6,0.4873792936968921,100
2024-12-29 23:00:00+05:30,5.6,29.0,26.9,1009.3,3.7726621422206277,100
2024-12-30 00:00:00+05:30,13.4,26.0,27.1,1008.7,94.00086703195298,100
2024-12-30 01:00:00+05:30,14.8,21.0,26.7,1008.0,97.66266121038237,100
2024-12-30 02:00:00+05:30,15.9,23.0,26.4,1007.5,98.1334950530326,100
2024-12-30 03:00:00+05:30,18.9,22.0,26.5,1006.9,100.0,100
2024-12-30 04:00:00+05:30,19.1,18.0,26.3,1007.0,100.0,100
2024-12-30 05:00:00+05:30,18.5,24.0,26.0,1007.5,100.0,100
2024-12-30 06:00:00+05:30,15.6,12.0,26.7,1008.0,100.0,100
2024-12-30 07:00:00+05:30,15.0,21.0,27.0,1009.0,96.5629212786413,100
2024-12-30 08:00:00+05:30,17.0,19.0,28.2,1009.9,94.94052854369747,100
2024-12-30 09:00:00+05:30,20.4,22.0,29.3,1010.3,99.98059988568464,100
2024-12-30 10:00:00+05:30,22.9,29.0,30.8,1009.7,100.0,100
2024-12-30 11:00:00+05:30,24.4,49.0,31.3,1009.1,97.63729937813365,100
2024-12-30 12:00:00+05:30,25.1,39.0,27.4,1008.6,0.6147441449325002,100
2024-12-30 13:00:00+05:30,22.4,47.0,30.7,1007.1,96.0912977290749,100
2024-12-30 14:00:00+05:30,25.5,47.0,30.0,1006.1,0.0,100
2024-12-30 15:00:00+05:30,21.6,51.0,30.6,1005.5,100.0,100
2024-12-30 16:00:00+05:30,22.5,40.0,29.4,1005.6,100.0,100
2024-12-30 17:00:00+05:30,21.4,39.0,28.7,1006.3,99.43535798540428,100
2024-12-30 18:00:00+05:30,23.8,35.0,26.8,1006.7,100.0,100
2024-12-30 19:00:00+05:30,22.9,28.0,26.4,1007.8,100.0,100
2024-12-30 20:00:00+05:30,21.7,38.0,26.2,1008.7,96.84162038966558,100
2024-12-30 21:00:00+05:30,25.3,50.0,25.8,1009.9,0.28137234800728655,100
2024-12-30 22:00:00+05:30,25.8,38.0,24.8,1009.5,0.8045986178487748,100
2024-12-30 23:00:00+05:30,24.0,39.0,25.1,1008.8,98.14590323691687,100
2024-12-31 00:00:00+05:30,22.6,42.0,25.5,1008.9,100.0,100
2024-12-31 01:00:00+05:30,26.7,36.0,25.1,1007.8,0.0,100
2024-12-31 02:00:00+05:30,24.8,37.0,25.6,1006.9,98.89184910852171,100
2024-12-31 03:00:00+05:30,26.2,34.0,25.3,1006.7,0.0,100
2024-12-31 04:00:00+05:30,25.3,31.0,25.3,1006.5,0.0,100
2024-12-31 05:00:00+05:30,26.3,30.0,25.1,1007.0,0.6726439072637109,100
2024-12-31 06:00:00+05:30,32.2,34.0,25.2,1007.2,1.6281791578815394,100
2024-12-31 07:00:00+05:30,32.4,35.0,25.5,1008.4,0.0,100
2024-12-31 08:00:00+05:30,30.8,34.0,26.1,1009.3,0.0,100
2024-12-31 09:00:00+05:30,32.5,32.0,26.9,1009.4,0.0,100
2024-12-31 10:00:00+05:30,31.0,32.0,27.9,1009.4,0.009172675141990279,100
2024-12-31 11:00:00+05:30,30.0,31.0,28.8,1008.8,1.0066629599355454,100
2024-12-31 12:00:00+05:30,30.9,41.0,30.2,1007.6,0.09217887861836895,100
2024-12-31 13:00:00+05:30,30.7,53.0,29.4,1006.6,0.0,100
2024-12-31 14:00:00+05:30,27.0,43.0,29.4,1005.8,0.0,100
2024-12-31 15:00:00+05:30,30.2,46.0,30.0,1005.6,1.6012165775846692,100
2024-12-31 16:00:00+05:30,28.0,46.0,28.4,1005.3,0.24884950592661198,100
2024-12-31 17:00:00+05:30,28.3,46.0,27.8,1005.9,0.0,100
2024-12-31 18:00:00+05:30,25.6,42.0,26.6,1006.1,0.0026764510156047595,100
2024-12-31 19:00:00+05:30,26.2,36.0,26.2,1007.0,0.6514685155864367,100
2024-12-31 20:00:00+05:30,28.6,38.0,26.2,1007.8,0.0,100
2024-12-31 21:00:00+05:30,27.6,39.0,25.9,1008.4,0.1905856870282477,100
2024-12-31 22:00:00+05:30,29.0,39.0,26.0,1008.4,0.0,100
2024-12-31 23:00:00+05:30,29.2,40.0,26.1,1008.2,1.2525717848450768,100
