timestamp,ghi,dni,dhi,temp_air,wind_speed,humidity,cloud_cover,pressure,capacity_kw,latitude,longitude,generation_kw
2024-01-01 00:00:00+05:30,0.0,0.0,0.0,11.0,11.2,90.0,85.0,997.0,100,27.5667,72.0667,0.0
2024-01-01 01:00:00+05:30,0.0,0.0,0.0,10.6,11.5,91.0,29.0,996.9,100,27.5667,72.0667,0.0
2024-01-01 02:00:00+05:30,0.0,0.0,0.0,9.8,11.2,93.0,0.0,996.5,100,27.5667,72.0667,0.0
2024-01-01 03:00:00+05:30,0.0,0.0,0.0,9.1,11.3,95.0,0.0,996.4,100,27.5667,72.0667,0.0
2024-01-01 04:00:00+05:30,0.0,0.0,0.0,8.6,11.1,95.0,0.0,996.3,100,27.5667,72.0667,0.0
2024-01-01 05:00:00+05:30,0.0,0.0,0.0,8.1,10.5,95.0,0.0,996.4,100,27.5667,72.0667,0.0
2024-01-01 06:00:00+05:30,0.0,0.0,0.0,7.4,9.4,96.0,0.0,997.1,100,27.5667,72.0667,0.0
2024-01-01 07:00:00+05:30,0.0,0.0,0.0,6.9,9.5,97.0,0.0,997.7,100,27.5667,72.0667,0.0
2024-01-01 08:00:00+05:30,42.0,116.8,29.0,7.8,8.7,94.0,0.0,998.3,100,27.5667,72.0667,5.6801504672295025
2024-01-01 09:00:00+05:30,196.0,387.8,91.0,9.8,6.9,85.0,0.0,999.1,100,27.5667,72.0667,28.434439998033987
2024-01-01 10:00:00+05:30,368.0,560.0,127.0,12.5,7.8,74.0,0.0,999.6,100,27.5667,72.0667,50.78820262335287
2024-01-01 11:00:00+05:30,507.0,658.4,146.0,15.3,10.2,61.0,0.0,999.1,100,27.5667,72.0667,65.58294006710973
2024-01-01 12:00:00+05:30,591.0,705.5,156.0,17.4,11.2,49.0,0.0,997.9,100,27.5667,72.0667,75.01619117152863
2024-01-01 13:00:00+05:30,609.0,718.5,156.0,19.1,13.0,41.0,0.0,996.7,100,27.5667,72.0667,77.24833107704106
2024-01-01 14:00:00+05:30,559.0,695.9,149.0,20.1,15.3,36.0,0.0,995.8,100,27.5667,72.0667,71.98151412604145
2024-01-01 15:00:00+05:30,447.0,629.9,135.0,20.5,16.7,35.0,0.0,995.4,100,27.5667,72.0667,58.81042585585055
2024-01-01 16:00:00+05:30,287.0,503.5,108.0,20.1,17.5,36.0,0.0,995.2,100,27.5667,72.0667,40.10922044557552
2024-01-01 17:00:00+05:30,113.0,279.2,63.0,18.9,15.2,41.0,0.0,995.2,100,27.5667,72.0667,16.398479737593753
2024-01-01 18:00:00+05:30,7.0,16.2,6.0,15.5,13.6,54.0,0.0,996.2,100,27.5667,72.0667,0.23561266009914364
2024-01-01 19:00:00+05:30,0.0,0.0,0.0,14.1,13.2,61.0,0.0,997.0,100,27.5667,72.0667,0.0
2024-01-01 20:00:00+05:30,0.0,0.0,0.0,13.0,13.3,66.0,0.0,997.4,100,27.5667,72.0667,0.0
2024-01-01 21:00:00+05:30,0.0,0.0,0.0,12.1,14.0,71.0,0.0,997.6,100,27.5667,72.0667,0.0
2024-01-01 22:00:00+05:30,0.0,0.0,0.0,11.2,13.6,76.0,0.0,997.6,100,27.5667,72.0667,0.0
2024-01-01 23:00:00+05:30,0.0,0.0,0.0,10.3,12.6,81.0,0.0,997.2,100,27.5667,72.0667,0.0
2024-01-02 00:00:00+05:30,0.0,0.0,0.0,9.5,12.3,85.0,0.0,996.8,100,27.5667,72.0667,0.0
2024-01-02 01:00:00+05:30,0.0,0.0,0.0,8.8,11.5,89.0,0.0,996.4,100,27.5667,72.0667,0.0
2024-01-02 02:00:00+05:30,0.0,0.0,0.0,8.2,10.6,92.0,0.0,996.0,100,27.5667,72.0667,0.0
2024-01-02 03:00:00+05:30,0.0,0.0,0.0,7.7,10.5,93.0,0.0,995.7,100,27.5667,72.0667,0.0
2024-01-02 04:00:00+05:30,0.0,0.0,0.0,7.2,10.2,94.0,0.0,995.7,100,27.5667,72.0667,0.0
2024-01-02 05:00:00+05:30,0.0,0.0,0.0,6.7,10.0,95.0,0.0,995.6,100,27.5667,72.0667,0.0
2024-01-02 06:00:00+05:30,0.0,0.0,0.0,6.5,10.0,96.0,0.0,996.0,100,27.5667,72.0667,0.0
2024-01-02 07:00:00+05:30,0.0,0.0,0.0,6.1,10.0,96.0,0.0,996.8,100,27.5667,72.0667,0.0
2024-01-02 08:00:00+05:30,43.0,126.1,29.0,6.9,9.4,94.0,0.0,997.1,100,27.5667,72.0667,6.103366945789501
2024-01-02 09:00:00+05:30,198.0,396.0,91.0,9.0,7.6,84.0,0.0,998.1,100,27.5667,72.0667,28.920220218611988
2024-01-02 10:00:00+05:30,372.0,571.8,126.0,11.4,6.8,73.0,0.0,998.5,100,27.5667,72.0667,50.919290609262184
2024-01-02 11:00:00+05:30,512.0,667.2,146.0,14.1,6.3,61.0,0.0,997.8,100,27.5667,72.0667,65.70478298149945
2024-01-02 12:00:00+05:30,597.0,716.0,155.0,16.4,6.9,50.0,0.0,996.7,100,27.5667,72.0667,74.46168119490964
2024-01-02 13:00:00+05:30,615.0,726.6,156.0,18.3,9.0,43.0,0.0,995.7,100,27.5667,72.0667,76.80095560938045
2024-01-02 14:00:00+05:30,565.0,700.7,151.0,19.7,12.3,36.0,0.0,994.9,100,27.5667,72.0667,71.52068960387714
2024-01-02 15:00:00+05:30,452.0,637.4,135.0,20.3,15.0,33.0,0.0,994.4,100,27.5667,72.0667,57.6813499411475
2024-01-02 16:00:00+05:30,292.0,511.5,109.0,20.0,16.1,34.0,0.0,994.4,100,27.5667,72.0667,40.67098308035394
2024-01-02 17:00:00+05:30,116.0,286.5,64.0,18.9,13.5,38.0,0.0,994.5,100,27.5667,72.0667,17.262406287536937
2024-01-02 18:00:00+05:30,7.0,15.9,6.0,15.6,13.5,53.0,0.0,995.1,100,27.5667,72.0667,0.2368708000203337
2024-01-02 19:00:00+05:30,0.0,0.0,0.0,14.3,13.5,60.0,0.0,995.6,100,27.5667,72.0667,0.0
2024-01-02 20:00:00+05:30,0.0,0.0,0.0,13.2,13.2,66.0,0.0,995.9,100,27.5667,72.0667,0.0
2024-01-02 21:00:00+05:30,0.0,0.0,0.0,12.3,13.5,70.0,0.0,996.1,100,27.5667,72.0667,0.0
2024-01-02 22:00:00+05:30,0.0,0.0,0.0,11.5,13.9,74.0,0.0,996.2,100,27.5667,72.0667,0.0
2024-01-02 23:00:00+05:30,0.0,0.0,0.0,10.6,13.9,78.0,0.0,995.9,100,27.5667,72.0667,0.0
2024-01-03 00:00:00+05:30,0.0,0.0,0.0,9.8,13.4,82.0,0.0,995.6,100,27.5667,72.0667,0.0
2024-01-03 01:00:00+05:30,0.0,0.0,0.0,9.0,12.2,86.0,0.0,995.3,100,27.5667,72.0667,0.0
2024-01-03 02:00:00+05:30,0.0,0.0,0.0,8.3,11.2,89.0,0.0,995.0,100,27.5667,72.0667,0.0
2024-01-03 03:00:00+05:30,0.0,0.0,0.0,7.5,9.4,91.0,0.0,994.8,100,27.5667,72.0667,0.0
2024-01-03 04:00:00+05:30,0.0,0.0,0.0,6.6,7.8,93.0,0.0,994.8,100,27.5667,72.0667,0.0
2024-01-03 05:00:00+05:30,0.0,0.0,0.0,6.1,8.7,94.0,0.0,994.9,100,27.5667,72.0667,0.0
2024-01-03 06:00:00+05:30,0.0,0.0,0.0,5.8,9.5,95.0,0.0,995.7,100,27.5667,72.0667,0.0
2024-01-03 07:00:00+05:30,0.0,0.0,0.0,5.5,10.2,95.0,0.0,996.4,100,27.5667,72.0667,0.0
2024-01-03 08:00:00+05:30,42.0,126.5,28.0,6.3,9.9,91.0,0.0,997.1,100,27.5667,72.0667,5.812118053203456
2024-01-03 09:00:00+05:30,198.0,396.6,91.0,8.5,9.4,79.0,0.0,998.0,100,27.5667,72.0667,29.456413652542828
2024-01-03 10:00:00+05:30,372.0,571.9,126.0,11.6,10.0,66.0,0.0,998.5,100,27.5667,72.0667,51.159851090234206
2024-01-03 11:00:00+05:30,513.0,670.3,145.0,14.8,11.6,54.0,0.0,997.9,100,27.5667,72.0667,67.42499501508956
2024-01-03 12:00:00+05:30,599.0,718.2,155.0,17.4,12.4,44.0,0.0,996.7,100,27.5667,72.0667,77.22085422104823
2024-01-03 13:00:00+05:30,618.0,729.8,156.0,19.3,12.9,36.0,0.0,995.6,100,27.5667,72.0667,77.41507444607343
2024-01-03 14:00:00+05:30,569.0,707.1,150.0,20.4,13.1,31.0,0.0,995.0,100,27.5667,72.0667,73.56893136654442
2024-01-03 15:00:00+05:30,456.0,644.7,134.0,20.7,14.5,29.0,0.0,994.5,100,27.5667,72.0667,62.00674506832408
2024-01-03 16:00:00+05:30,295.0,516.5,109.0,20.3,16.1,30.0,0.0,994.5,100,27.5667,72.0667,40.92405005179194
2024-01-03 17:00:00+05:30,119.0,293.6,65.0,19.1,14.5,33.0,0.0,994.6,100,27.5667,72.0667,17.16730745520541
2024-01-03 18:00:00+05:30,8.0,15.6,7.0,15.7,14.3,49.0,0.0,995.0,100,27.5667,72.0667,0.34065227235184276
2024-01-03 19:00:00+05:30,0.0,0.0,0.0,14.3,14.8,55.0,0.0,995.4,100,27.5667,72.0667,0.0
2024-01-03 20:00:00+05:30,0.0,0.0,0.0,13.0,13.8,62.0,0.0,996.1,100,27.5667,72.0667,0.0
2024-01-03 21:00:00+05:30,0.0,0.0,0.0,11.9,14.1,69.0,0.0,996.8,100,27.5667,72.0667,0.0
2024-01-03 22:00:00+05:30,0.0,0.0,0.0,10.9,14.3,74.0,0.0,997.0,100,27.5667,72.0667,0.0
2024-01-03 23:00:00+05:30,0.0,0.0,0.0,10.0,14.4,79.0,0.0,996.8,100,27.5667,72.0667,0.0
2024-01-04 00:00:00+05:30,0.0,0.0,0.0,9.1,13.4,85.0,0.0,996.4,100,27.5667,72.0667,0.0
2024-01-04 01:00:00+05:30,0.0,0.0,0.0,8.3,12.6,89.0,0.0,995.9,100,27.5667,72.0667,0.0
2024-01-04 02:00:00+05:30,0.0,0.0,0.0,7.7,11.7,92.0,0.0,996.1,100,27.5667,72.0667,0.0
2024-01-04 03:00:00+05:30,0.0,0.0,0.0,7.0,10.6,94.0,0.0,996.1,100,27.5667,72.0667,0.0
2024-01-04 04:00:00+05:30,0.0,0.0,0.0,6.4,9.7,95.0,0.0,996.1,100,27.5667,72.0667,0.0
2024-01-04 05:00:00+05:30,0.0,0.0,0.0,5.8,9.2,96.0,0.0,996.4,100,27.5667,72.0667,0.0
2024-01-04 06:00:00+05:30,0.0,0.0,0.0,6.1,10.2,96.0,0.0,997.6,100,27.5667,72.0667,0.0
2024-01-04 07:00:00+05:30,0.0,0.0,0.0,5.9,10.2,96.0,0.0,998.2,100,27.5667,72.0667,0.0
2024-01-04 08:00:00+05:30,41.0,117.7,28.0,6.7,10.5,94.0,0.0,998.9,100,27.5667,72.0667,5.656474681947035
2024-01-04 09:00:00+05:30,195.0,386.0,91.0,8.8,10.2,83.0,0.0,999.6,100,27.5667,72.0667,28.862277207495953
2024-01-04 10:00:00+05:30,368.0,560.2,127.0,11.6,13.0,72.0,0.0,999.9,100,27.5667,72.0667,51.43809561633773
2024-01-04 11:00:00+05:30,509.0,660.6,146.0,14.3,13.7,59.0,0.0,998.8,100,27.5667,72.0667,67.07047448265668
2024-01-04 12:00:00+05:30,595.0,710.6,155.0,16.5,11.9,47.0,0.0,997.5,100,27.5667,72.0667,75.21132341876873
2024-01-04 13:00:00+05:30,616.0,723.4,157.0,18.3,9.9,39.0,0.0,996.4,100,27.5667,72.0667,76.92632829982895
2024-01-04 14:00:00+05:30,567.0,701.5,150.0,19.5,9.9,34.0,0.0,995.5,100,27.5667,72.0667,72.84969036265261
2024-01-04 15:00:00+05:30,455.0,637.9,135.0,20.0,11.7,30.0,0.0,995.0,100,27.5667,72.0667,57.81344776147671
2024-01-04 16:00:00+05:30,295.0,513.1,109.0,19.7,12.6,30.0,0.0,994.8,100,27.5667,72.0667,40.27886479192241
2024-01-04 17:00:00+05:30,119.0,289.6,65.0,18.5,11.6,34.0,0.0,994.9,100,27.5667,72.0667,17.52244734007955
2024-01-04 18:00:00+05:30,8.0,15.3,7.0,15.4,12.6,48.0,0.0,995.8,100,27.5667,72.0667,0.35117998481388146
2024-01-04 19:00:00+05:30,0.0,0.0,0.0,14.1,13.7,55.0,0.0,996.1,100,27.5667,72.0667,0.0
2024-01-04 20:00:00+05:30,0.0,0.0,0.0,12.9,13.5,62.0,0.0,996.4,100,27.5667,72.0667,0.0
2024-01-04 21:00:00+05:30,0.0,0.0,0.0,11.8,12.7,69.0,0.0,996.7,100,27.5667,72.0667,0.0
2024-01-04 22:00:00+05:30,0.0,0.0,0.0,10.8,12.3,75.0,0.0,996.8,100,27.5667,72.0667,0.0
2024-01-04 23:00:00+05:30,0.0,0.0,0.0,9.9,11.5,81.0,0.0,996.4,100,27.5667,72.0667,0.0
2024-01-05 00:00:00+05:30,0.0,0.0,0.0,9.2,10.9,87.0,0.0,996.0,100,27.5667,72.0667,0.0
2024-01-05 01:00:00+05:30,0.0,0.0,0.0,8.5,10.6,89.0,0.0,995.9,100,27.5667,72.0667,0.0
2024-01-05 02:00:00+05:30,0.0,0.0,0.0,7.7,9.7,91.0,0.0,995.7,100,27.5667,72.0667,0.0
2024-01-05 03:00:00+05:30,0.0,0.0,0.0,7.0,8.6,93.0,0.0,995.4,100,27.5667,72.0667,0.0
2024-01-05 04:00:00+05:30,0.0,0.0,0.0,6.4,8.2,94.0,0.0,995.0,100,27.5667,72.0667,0.0
2024-01-05 05:00:00+05:30,0.0,0.0,0.0,5.8,7.4,95.0,0.0,995.3,100,27.5667,72.0667,0.0
2024-01-05 06:00:00+05:30,0.0,0.0,0.0,5.7,9.1,96.0,0.0,996.4,100,27.5667,72.0667,0.0
2024-01-05 07:00:00+05:30,0.0,0.0,0.0,5.5,9.7,96.0,0.0,996.9,100,27.5667,72.0667,0.0
2024-01-05 08:00:00+05:30,40.0,117.9,27.0,6.3,9.4,94.0,0.0,997.5,100,27.5667,72.0667,5.598832012679145
2024-01-05 09:00:00+05:30,192.0,382.7,89.0,8.6,6.8,83.0,0.0,998.3,100,27.5667,72.0667,28.32706935249668
2024-01-05 10:00:00+05:30,365.0,557.6,125.0,11.4,7.6,71.0,0.0,998.8,100,27.5667,72.0667,51.48559771716176
2024-01-05 11:00:00+05:30,504.0,652.6,145.0,14.0,6.0,62.0,0.0,998.2,100,27.5667,72.0667,65.0572499063893
2024-01-05 12:00:00+05:30,589.0,699.7,155.0,16.0,4.6,52.0,0.0,997.3,100,27.5667,72.0667,71.28957703001413
2024-01-05 13:00:00+05:30,609.0,710.6,157.0,17.7,7.1,43.0,0.0,996.3,100,27.5667,72.0667,76.10861778320668
2024-01-05 14:00:00+05:30,560.0,687.5,150.0,19.0,10.0,37.0,0.0,995.9,100,27.5667,72.0667,70.57017086730971
2024-01-05 15:00:00+05:30,449.0,623.2,135.0,19.6,13.4,33.0,0.0,995.6,100,27.5667,72.0667,58.98900706662752
2024-01-05 16:00:00+05:30,291.0,498.7,109.0,19.4,14.5,34.0,0.0,995.7,100,27.5667,72.0667,39.51141823910479
2024-01-05 17:00:00+05:30,118.0,280.4,65.0,18.5,13.2,37.0,0.0,995.8,100,27.5667,72.0667,17.08103962251386
2024-01-05 18:00:00+05:30,8.0,15.0,7.0,15.7,12.8,50.0,0.0,996.4,100,27.5667,72.0667,0.34950859422659813
2024-01-05 19:00:00+05:30,0.0,0.0,0.0,14.6,13.2,55.0,0.0,996.9,100,27.5667,72.0667,0.0
2024-01-05 20:00:00+05:30,0.0,0.0,0.0,13.5,12.7,60.0,0.0,997.1,100,27.5667,72.0667,0.0
2024-01-05 21:00:00+05:30,0.0,0.0,0.0,12.4,11.2,66.0,0.0,997.2,100,27.5667,72.0667,0.0
2024-01-05 22:00:00+05:30,0.0,0.0,0.0,11.3,9.3,73.0,0.0,997.7,100,27.5667,72.0667,0.0
2024-01-05 23:00:00+05:30,0.0,0.0,0.0,10.2,8.2,81.0,0.0,997.6,100,27.5667,72.0667,0.0
2024-01-06 00:00:00+05:30,0.0,0.0,0.0,9.3,7.9,86.0,0.0,997.4,100,27.5667,72.0667,0.0
2024-01-06 01:00:00+05:30,0.0,0.0,0.0,8.6,8.0,90.0,0.0,997.3,100,27.5667,72.0667,0.0
2024-01-06 02:00:00+05:30,0.0,0.0,0.0,7.9,7.9,92.0,0.0,997.0,100,27.5667,72.0667,0.0
2024-01-06 03:00:00+05:30,0.0,0.0,0.0,7.4,8.2,94.0,0.0,996.7,100,27.5667,72.0667,0.0
2024-01-06 04:00:00+05:30,0.0,0.0,0.0,6.9,8.4,95.0,0.0,996.6,100,27.5667,72.0667,0.0
2024-01-06 05:00:00+05:30,0.0,0.0,0.0,6.7,9.8,96.0,0.0,996.8,100,27.5667,72.0667,0.0
2024-01-06 06:00:00+05:30,0.0,0.0,0.0,6.9,10.4,95.0,0.0,998.0,100,27.5667,72.0667,0.0
2024-01-06 07:00:00+05:30,0.0,0.0,0.0,6.7,10.8,95.0,0.0,998.6,100,27.5667,72.0667,0.0
2024-01-06 08:00:00+05:30,40.0,109.0,28.0,7.5,9.7,93.0,0.0,999.4,100,27.5667,72.0667,5.206596678223006
2024-01-06 09:00:00+05:30,191.0,375.5,90.0,9.6,7.9,83.0,0.0,1000.1,100,27.5667,72.0667,28.047580245108797
2024-01-06 10:00:00+05:30,363.0,552.7,125.0,12.3,8.7,72.0,0.0,1000.6,100,27.5667,72.0667,48.99562627130544
2024-01-06 11:00:00+05:30,504.0,649.9,146.0,15.1,9.0,62.0,0.0,999.9,100,27.5667,72.0667,66.01856444824497
2024-01-06 12:00:00+05:30,590.0,696.8,157.0,17.1,9.1,51.0,0.0,998.7,100,27.5667,72.0667,73.34855457261251
2024-01-06 13:00:00+05:30,610.0,710.4,157.0,18.7,8.4,43.0,0.0,997.5,100,27.5667,72.0667,74.9389292287274
2024-01-06 14:00:00+05:30,563.0,688.6,151.0,19.9,9.3,37.0,0.0,996.6,100,27.5667,72.0667,72.00100163156145
2024-01-06 15:00:00+05:30,454.0,628.2,136.0,20.6,12.4,32.0,0.0,996.2,100,27.5667,72.0667,58.47907008071969
2024-01-06 16:00:00+05:30,296.0,506.1,110.0,20.4,15.0,31.0,0.0,996.3,100,27.5667,72.0667,40.896135516535864
2024-01-06 17:00:00+05:30,122.0,292.2,66.0,19.3,14.2,36.0,0.0,996.6,100,27.5667,72.0667,17.94323343442298
2024-01-06 18:00:00+05:30,9.0,14.7,8.0,15.7,13.9,53.0,0.0,997.8,100,27.5667,72.0667,0.45887981669347017
2024-01-06 19:00:00+05:30,0.0,0.0,0.0,14.5,13.5,60.0,0.0,998.6,100,27.5667,72.0667,0.0
2024-01-06 20:00:00+05:30,0.0,0.0,0.0,13.4,13.0,66.0,0.0,999.1,100,27.5667,72.0667,0.0
2024-01-06 21:00:00+05:30,0.0,0.0,0.0,12.4,12.4,72.0,0.0,999.4,100,27.5667,72.0667,0.0
2024-01-06 22:00:00+05:30,0.0,0.0,0.0,11.5,12.3,77.0,0.0,999.4,100,27.5667,72.0667,0.0
2024-01-06 23:00:00+05:30,0.0,0.0,0.0,10.7,12.1,83.0,0.0,999.1,100,27.5667,72.0667,0.0
2024-01-07 00:00:00+05:30,0.0,0.0,0.0,10.0,11.7,89.0,0.0,998.6,100,27.5667,72.0667,0.0
2024-01-07 01:00:00+05:30,0.0,0.0,0.0,9.3,10.3,92.0,0.0,998.1,100,27.5667,72.0667,0.0
2024-01-07 02:00:00+05:30,0.0,0.0,0.0,8.6,9.7,93.0,0.0,997.7,100,27.5667,72.0667,0.0
2024-01-07 03:00:00+05:30,0.0,0.0,0.0,8.0,10.0,95.0,0.0,997.6,100,27.5667,72.0667,0.0
2024-01-07 04:00:00+05:30,0.0,0.0,0.0,7.5,10.5,96.0,0.0,997.5,100,27.5667,72.0667,0.0
2024-01-07 05:00:00+05:30,0.0,0.0,0.0,7.1,10.2,97.0,0.0,997.4,100,27.5667,72.0667,0.0
2024-01-07 06:00:00+05:30,0.0,0.0,0.0,7.1,10.0,97.0,0.0,998.5,100,27.5667,72.0667,0.0
2024-01-07 07:00:00+05:30,0.0,0.0,0.0,6.9,10.1,97.0,0.0,999.1,100,27.5667,72.0667,0.0
2024-01-07 08:00:00+05:30,40.0,109.1,28.0,7.7,9.4,95.0,0.0,999.9,100,27.5667,72.0667,5.248468604172704
2024-01-07 09:00:00+05:30,192.0,379.3,90.0,9.8,7.2,84.0,0.0,1000.8,100,27.5667,72.0667,27.9158760515918
2024-01-07 10:00:00+05:30,366.0,556.9,126.0,12.5,9.0,71.0,0.0,1001.4,100,27.5667,72.0667,49.689782245627725
2024-01-07 11:00:00+05:30,509.0,656.2,147.0,15.1,10.4,60.0,0.0,1000.6,100,27.5667,72.0667,66.67274277051635
2024-01-07 12:00:00+05:30,596.0,706.6,156.0,17.1,11.2,52.0,0.0,999.2,100,27.5667,72.0667,74.88323028124573
2024-01-07 13:00:00+05:30,618.0,719.5,158.0,18.6,12.3,45.0,0.0,998.1,100,27.5667,72.0667,77.34633522668472
2024-01-07 14:00:00+05:30,571.0,697.8,152.0,19.5,13.7,40.0,0.0,997.5,100,27.5667,72.0667,73.97988670464086
2024-01-07 15:00:00+05:30,460.0,635.1,137.0,19.7,15.5,39.0,0.0,996.8,100,27.5667,72.0667,0.0
2024-01-07 16:00:00+05:30,302.0,513.4,112.0,19.4,16.9,40.0,0.0,996.6,100,27.5667,72.0667,40.925950960835266
2024-01-07 17:00:00+05:30,125.0,298.5,67.0,18.3,15.9,44.0,0.0,996.6,100,27.5667,72.0667,18.54966743151125
2024-01-07 18:00:00+05:30,10.0,28.8,8.0,15.1,14.0,63.0,0.0,997.1,100,27.5667,72.0667,0.7196630773584995
2024-01-07 19:00:00+05:30,0.0,0.0,0.0,13.9,12.5,69.0,0.0,997.7,100,27.5667,72.0667,0.0
2024-01-07 20:00:00+05:30,0.0,0.0,0.0,12.6,10.3,76.0,0.0,998.0,100,27.5667,72.0667,0.0
2024-01-07 21:00:00+05:30,0.0,0.0,0.0,11.6,10.3,82.0,0.0,998.6,100,27.5667,72.0667,0.0
2024-01-07 22:00:00+05:30,0.0,0.0,0.0,10.6,9.8,88.0,0.0,998.9,100,27.5667,72.0667,0.0
2024-01-07 23:00:00+05:30,0.0,0.0,0.0,9.6,8.4,91.0,0.0,998.4,100,27.5667,72.0667,0.0
2024-01-08 00:00:00+05:30,0.0,0.0,0.0,8.8,8.1,93.0,0.0,997.8,100,27.5667,72.0667,0.0
2024-01-08 01:00:00+05:30,0.0,0.0,0.0,8.2,8.5,95.0,0.0,997.2,100,27.5667,72.0667,0.0
2024-01-08 02:00:00+05:30,0.0,0.0,0.0,7.7,9.3,96.0,0.0,997.0,100,27.5667,72.0667,0.0
2024-01-08 03:00:00+05:30,0.0,0.0,0.0,7.3,9.9,97.0,0.0,996.8,100,27.5667,72.0667,0.0
2024-01-08 04:00:00+05:30,0.0,0.0,0.0,7.2,10.5,97.0,0.0,997.0,100,27.5667,72.0667,0.0
2024-01-08 05:00:00+05:30,0.0,0.0,0.0,7.0,10.9,96.0,0.0,997.0,100,27.5667,72.0667,0.0
2024-01-08 06:00:00+05:30,0.0,0.0,0.0,7.1,11.8,96.0,0.0,997.9,100,27.5667,72.0667,0.0
2024-01-08 07:00:00+05:30,0.0,0.0,0.0,6.9,11.3,96.0,0.0,998.2,100,27.5667,72.0667,0.0
2024-01-08 08:00:00+05:30,40.0,118.3,27.0,7.6,10.0,94.0,0.0,999.0,100,27.5667,72.0667,5.431399269340387
2024-01-08 09:00:00+05:30,194.0,383.0,91.0,9.6,7.8,85.0,0.0,999.8,100,27.5667,72.0667,28.435648044183147
2024-01-08 10:00:00+05:30,368.0,560.9,126.0,12.0,7.5,74.0,0.0,1000.0,100,27.5667,72.0667,50.89793331881387
2024-01-08 11:00:00+05:30,512.0,660.6,147.0,14.8,7.5,62.0,0.0,999.3,100,27.5667,72.0667,67.70556594336516
2024-01-08 12:00:00+05:30,600.0,709.9,157.0,16.8,5.9,54.0,0.0,998.2,100,27.5667,72.0667,75.13849094040722
2024-01-08 13:00:00+05:30,621.0,722.2,158.0,18.2,7.7,49.0,0.0,997.1,100,27.5667,72.0667,77.16260501190337
2024-01-08 14:00:00+05:30,574.0,700.3,152.0,19.2,10.4,45.0,0.0,996.5,100,27.5667,72.0667,73.70201341313229
2024-01-08 15:00:00+05:30,463.0,638.0,137.0,19.5,12.2,44.0,0.0,995.8,100,27.5667,72.0667,60.184518421903896
2024-01-08 16:00:00+05:30,304.0,517.9,111.0,19.3,14.0,46.0,0.0,995.7,100,27.5667,72.0667,42.68664203866239
2024-01-08 17:00:00+05:30,127.0,299.5,68.0,18.3,15.1,50.0,0.0,995.8,100,27.5667,72.0667,18.324342738028644
2024-01-08 18:00:00+05:30,10.0,28.2,8.0,15.4,14.1,63.0,0.0,997.5,100,27.5667,72.0667,0.7246928596814294
2024-01-08 19:00:00+05:30,0.0,0.0,0.0,14.2,14.5,70.0,0.0,997.9,100,27.5667,72.0667,0.0
2024-01-08 20:00:00+05:30,0.0,0.0,0.0,13.2,14.0,75.0,0.0,998.5,100,27.5667,72.0667,0.0
2024-01-08 21:00:00+05:30,0.0,0.0,0.0,12.2,13.7,80.0,0.0,999.0,100,27.5667,72.0667,0.0
2024-01-08 22:00:00+05:30,0.0,0.0,0.0,11.5,13.0,85.0,1.0,999.0,100,27.5667,72.0667,0.0
2024-01-08 23:00:00+05:30,0.0,0.0,0.0,11.0,13.1,89.0,24.0,998.5,100,27.5667,72.0667,0.0
2024-01-09 00:00:00+05:30,0.0,0.0,0.0,10.6,12.1,91.0,2.0,998.4,100,27.5667,72.0667,0.0
2024-01-09 01:00:00+05:30,0.0,0.0,0.0,9.8,11.4,93.0,0.0,998.3,100,27.5667,72.0667,0.0
2024-01-09 02:00:00+05:30,0.0,0.0,0.0,9.2,11.2,94.0,0.0,998.3,100,27.5667,72.0667,0.0
2024-01-09 03:00:00+05:30,0.0,0.0,0.0,8.7,12.0,95.0,0.0,998.1,100,27.5667,72.0667,0.0
2024-01-09 04:00:00+05:30,0.0,0.0,0.0,8.2,12.8,96.0,0.0,998.2,100,27.5667,72.0667,0.0
2024-01-09 05:00:00+05:30,0.0,0.0,0.0,7.8,12.3,96.0,0.0,998.2,100,27.5667,72.0667,0.0
2024-01-09 06:00:00+05:30,0.0,0.0,0.0,6.9,9.7,98.0,0.0,999.0,100,27.5667,72.0667,0.0
2024-01-09 07:00:00+05:30,0.0,0.0,0.0,6.5,9.8,99.0,0.0,999.6,100,27.5667,72.0667,0.0
2024-01-09 08:00:00+05:30,40.0,109.2,28.0,7.4,9.5,98.0,0.0,1000.4,100,27.5667,72.0667,5.301848345678455
2024-01-09 09:00:00+05:30,191.0,364.2,93.0,9.6,7.4,88.0,0.0,1001.4,100,27.5667,72.0667,27.832460451727556
2024-01-09 10:00:00+05:30,365.0,544.0,130.0,12.2,10.2,76.0,0.0,1001.8,100,27.5667,72.0667,49.78000265913831
2024-01-09 11:00:00+05:30,506.0,641.3,151.0,14.6,13.1,66.0,0.0,1001.3,100,27.5667,72.0667,65.92829831487293
2024-01-09 12:00:00+05:30,595.0,692.2,162.0,16.3,15.9,59.0,0.0,1000.2,100,27.5667,72.0667,75.33282224218502
2024-01-09 13:00:00+05:30,618.0,710.8,161.0,17.5,17.8,53.0,0.0,999.1,100,27.5667,72.0667,75.75004753078548
2024-01-09 14:00:00+05:30,572.0,691.2,154.0,18.4,17.9,49.0,0.0,998.5,100,27.5667,72.0667,72.53987970374811
2024-01-09 15:00:00+05:30,463.0,629.0,140.0,18.7,17.7,46.0,0.0,998.1,100,27.5667,72.0667,61.76326298680132
2024-01-09 16:00:00+05:30,305.0,508.9,114.0,18.7,16.7,43.0,0.0,998.0,100,27.5667,72.0667,42.24509732054368
2024-01-09 17:00:00+05:30,129.0,300.4,69.0,17.9,14.0,45.0,0.0,998.2,100,27.5667,72.0667,18.975674046550065
2024-01-09 18:00:00+05:30,11.0,27.7,9.0,15.0,14.1,56.0,0.0,999.3,100,27.5667,72.0667,0.8217020615125402
2024-01-09 19:00:00+05:30,0.0,0.0,0.0,13.8,15.3,64.0,0.0,999.7,100,27.5667,72.0667,0.0
2024-01-09 20:00:00+05:30,0.0,0.0,0.0,12.7,13.4,71.0,0.0,1000.2,100,27.5667,72.0667,0.0
2024-01-09 21:00:00+05:30,0.0,0.0,0.0,11.6,11.8,76.0,0.0,1000.3,100,27.5667,72.0667,0.0
2024-01-09 22:00:00+05:30,0.0,0.0,0.0,10.6,11.0,79.0,0.0,1000.3,100,27.5667,72.0667,0.0
2024-01-09 23:00:00+05:30,0.0,0.0,0.0,9.7,10.3,84.0,0.0,1000.1,100,27.5667,72.0667,0.0
2024-01-10 00:00:00+05:30,0.0,0.0,0.0,8.7,9.2,89.0,0.0,999.8,100,27.5667,72.0667,0.0
2024-01-10 01:00:00+05:30,0.0,0.0,0.0,7.9,8.4,91.0,0.0,999.3,100,27.5667,72.0667,0.0
2024-01-10 02:00:00+05:30,0.0,0.0,0.0,7.1,7.6,93.0,0.0,999.2,100,27.5667,72.0667,0.0
2024-01-10 03:00:00+05:30,0.0,0.0,0.0,6.7,6.7,95.0,0.0,998.6,100,27.5667,72.0667,0.0
2024-01-10 04:00:00+05:30,0.0,0.0,0.0,6.1,6.8,96.0,0.0,997.9,100,27.5667,72.0667,0.0
2024-01-10 05:00:00+05:30,0.0,0.0,0.0,5.7,6.3,97.0,0.0,998.0,100,27.5667,72.0667,0.0
2024-01-10 06:00:00+05:30,0.0,0.0,0.0,5.3,8.4,98.0,0.0,998.8,100,27.5667,72.0667,0.0
2024-01-10 07:00:00+05:30,0.0,0.0,0.0,4.9,8.4,98.0,0.0,999.4,100,27.5667,72.0667,0.0
2024-01-10 08:00:00+05:30,41.0,118.3,28.0,6.4,7.6,96.0,0.0,1000.0,100,27.5667,72.0667,5.4425048127097435
2024-01-10 09:00:00+05:30,198.0,401.0,90.0,9.1,6.8,83.0,0.0,1000.9,100,27.5667,72.0667,29.140144231842505
2024-01-10 10:00:00+05:30,376.0,577.9,126.0,12.0,5.8,71.0,0.0,1001.4,100,27.5667,72.0667,51.01687293407595
2024-01-10 11:00:00+05:30,520.0,670.7,148.0,14.4,7.1,63.0,0.0,1000.7,100,27.5667,72.0667,68.54011108730784
2024-01-10 12:00:00+05:30,610.0,720.9,158.0,16.2,7.9,54.0,0.0,999.0,100,27.5667,72.0667,76.0267227989752
2024-01-10 13:00:00+05:30,635.0,736.5,160.0,17.7,8.6,46.0,0.0,997.6,100,27.5667,72.0667,77.587683397747
2024-01-10 14:00:00+05:30,589.0,718.2,153.0,18.8,11.0,41.0,0.0,996.8,100,27.5667,72.0667,73.84260242665574
2024-01-10 15:00:00+05:30,478.0,658.9,138.0,19.3,12.0,38.0,0.0,996.3,100,27.5667,72.0667,62.49843505509667
2024-01-10 16:00:00+05:30,318.0,539.6,114.0,19.2,12.6,37.0,0.0,996.1,100,27.5667,72.0667,43.840909183637734
2024-01-10 17:00:00+05:30,136.0,321.0,71.0,18.3,12.0,41.0,0.0,996.3,100,27.5667,72.0667,20.166071956956532
2024-01-10 18:00:00+05:30,12.0,27.2,10.0,15.5,11.3,51.0,0.0,996.5,100,27.5667,72.0667,0.9568388207681061
2024-01-10 19:00:00+05:30,0.0,0.0,0.0,14.0,11.8,57.0,0.0,997.0,100,27.5667,72.0667,0.0
2024-01-10 20:00:00+05:30,0.0,0.0,0.0,12.5,10.6,64.0,0.0,997.5,100,27.5667,72.0667,0.0
2024-01-10 21:00:00+05:30,0.0,0.0,0.0,11.2,9.7,72.0,0.0,997.8,100,27.5667,72.0667,0.0
2024-01-10 22:00:00+05:30,0.0,0.0,0.0,10.1,8.5,80.0,0.0,997.9,100,27.5667,72.0667,0.0
2024-01-10 23:00:00+05:30,0.0,0.0,0.0,9.2,8.6,84.0,0.0,997.7,100,27.5667,72.0667,0.0
2024-01-11 00:00:00+05:30,0.0,0.0,0.0,8.7,10.2,85.0,0.0,997.2,100,27.5667,72.0667,0.0
2024-01-11 01:00:00+05:30,0.0,0.0,0.0,7.9,10.3,87.0,0.0,996.8,100,27.5667,72.0667,0.0
2024-01-11 02:00:00+05:30,0.0,0.0,0.0,7.0,9.2,89.0,0.0,996.9,100,27.5667,72.0667,0.0
2024-01-11 03:00:00+05:30,0.0,0.0,0.0,6.2,8.4,91.0,0.0,997.0,100,27.5667,72.0667,0.0
2024-01-11 04:00:00+05:30,0.0,0.0,0.0,5.8,8.9,92.0,0.0,996.9,100,27.5667,72.0667,0.0
2024-01-11 05:00:00+05:30,0.0,0.0,0.0,5.3,8.9,93.0,0.0,996.8,100,27.5667,72.0667,0.0
2024-01-11 06:00:00+05:30,0.0,0.0,0.0,4.9,10.0,94.0,0.0,997.8,100,27.5667,72.0667,0.0
2024-01-11 07:00:00+05:30,0.0,0.0,0.0,4.5,10.2,94.0,0.0,998.2,100,27.5667,72.0667,0.0
2024-01-11 08:00:00+05:30,41.0,127.3,27.0,5.6,10.2,92.0,0.0,999.1,100,27.5667,72.0667,5.6113741051332555
2024-01-11 09:00:00+05:30,200.0,407.9,90.0,8.8,10.5,78.0,0.0,1000.0,100,27.5667,72.0667,29.54824019180172
2024-01-11 10:00:00+05:30,380.0,586.1,126.0,12.5,8.7,64.0,0.0,1000.5,100,27.5667,72.0667,50.99086059672324
2024-01-11 11:00:00+05:30,527.0,683.7,147.0,15.6,8.2,51.0,0.0,1000.1,100,27.5667,72.0667,69.19960229812075
2024-01-11 12:00:00+05:30,617.0,733.3,156.0,17.9,6.0,39.0,0.0,998.9,100,27.5667,72.0667,74.40372236557045
2024-01-11 13:00:00+05:30,641.0,746.6,158.0,19.4,3.9,31.0,0.0,997.7,100,27.5667,72.0667,76.42681678170126
2024-01-11 14:00:00+05:30,595.0,727.0,152.0,20.4,3.4,27.0,0.0,996.9,100,27.5667,72.0667,70.57402123992019
2024-01-11 15:00:00+05:30,485.0,669.1,138.0,21.0,4.3,24.0,0.0,996.3,100,27.5667,72.0667,62.606687440347294
2024-01-11 16:00:00+05:30,323.0,548.9,114.0,21.1,6.2,25.0,0.0,996.2,100,27.5667,72.0667,43.01995747290315
2024-01-11 17:00:00+05:30,139.0,331.4,71.0,20.0,6.5,32.0,0.0,996.1,100,27.5667,72.0667,19.26133359227303
2024-01-11 18:00:00+05:30,13.0,40.0,10.0,17.2,8.9,40.0,0.0,996.3,100,27.5667,72.0667,1.1826214953769656
2024-01-11 19:00:00+05:30,0.0,0.0,0.0,15.8,10.5,40.0,0.0,996.9,100,27.5667,72.0667,0.0
2024-01-11 20:00:00+05:30,0.0,0.0,0.0,14.3,11.0,44.0,0.0,997.1,100,27.5667,72.0667,0.0
2024-01-11 21:00:00+05:30,0.0,0.0,0.0,13.2,11.5,48.0,0.0,997.5,100,27.5667,72.0667,0.0
2024-01-11 22:00:00+05:30,0.0,0.0,0.0,12.0,11.3,52.0,0.0,997.3,100,27.5667,72.0667,0.0
2024-01-11 23:00:00+05:30,0.0,0.0,0.0,10.9,11.1,55.0,0.0,996.6,100,27.5667,72.0667,0.0
2024-01-12 00:00:00+05:30,0.0,0.0,0.0,9.7,10.0,60.0,0.0,996.5,100,27.5667,72.0667,0.0
2024-01-12 01:00:00+05:30,0.0,0.0,0.0,9.2,10.8,61.0,0.0,996.0,100,27.5667,72.0667,0.0
2024-01-12 02:00:00+05:30,0.0,0.0,0.0,8.8,12.0,61.0,0.0,995.7,100,27.5667,72.0667,0.0
2024-01-12 03:00:00+05:30,0.0,0.0,0.0,7.9,11.2,64.0,0.0,995.4,100,27.5667,72.0667,0.0
2024-01-12 04:00:00+05:30,0.0,0.0,0.0,7.0,10.4,68.0,0.0,995.3,100,27.5667,72.0667,0.0
2024-01-12 05:00:00+05:30,0.0,0.0,0.0,6.7,11.9,68.0,0.0,995.1,100,27.5667,72.0667,0.0
2024-01-12 06:00:00+05:30,0.0,0.0,0.0,6.3,12.1,75.0,1.0,995.9,100,27.5667,72.0667,0.0
2024-01-12 07:00:00+05:30,0.0,0.0,0.0,6.0,11.9,77.0,1.0,996.6,100,27.5667,72.0667,0.0
2024-01-12 08:00:00+05:30,42.0,127.1,28.0,7.0,11.9,73.0,5.0,997.3,100,27.5667,72.0667,5.6810801400713835
2024-01-12 09:00:00+05:30,202.0,414.6,90.0,9.9,10.0,62.0,20.0,998.1,100,27.5667,72.0667,29.5821655819411
2024-01-12 10:00:00+05:30,383.0,591.9,126.0,13.1,7.9,52.0,10.0,998.9,100,27.5667,72.0667,51.36894228036077
2024-01-12 11:00:00+05:30,529.0,685.7,147.0,16.8,7.5,42.0,4.0,998.5,100,27.5667,72.0667,66.79591304322109
2024-01-12 12:00:00+05:30,621.0,736.1,157.0,19.9,8.3,31.0,46.0,997.5,100,27.5667,72.0667,76.76561621518184
2024-01-12 13:00:00+05:30,644.0,742.7,162.0,21.5,8.4,23.0,30.0,996.2,100,27.5667,72.0667,76.2442286550351
2024-01-12 14:00:00+05:30,598.0,719.2,158.0,22.3,6.4,20.0,1.0,995.4,100,27.5667,72.0667,72.4893004890496
2024-01-12 15:00:00+05:30,490.0,675.3,138.0,22.7,5.5,19.0,0.0,995.0,100,27.5667,72.0667,62.810089571792346
2024-01-12 16:00:00+05:30,327.0,555.4,114.0,22.7,5.6,19.0,44.0,994.8,100,27.5667,72.0667,41.91954135976535
2024-01-12 17:00:00+05:30,141.0,317.3,75.0,21.0,5.2,33.0,90.0,994.8,100,27.5667,72.0667,18.70446169942795
2024-01-12 18:00:00+05:30,13.0,13.1,12.0,18.9,10.3,30.0,83.0,995.1,100,27.5667,72.0667,0.8385907200317266
2024-01-12 19:00:00+05:30,0.0,0.0,0.0,17.5,12.1,32.0,96.0,995.1,100,27.5667,72.0667,0.0
2024-01-12 20:00:00+05:30,0.0,0.0,0.0,16.2,11.8,36.0,53.0,995.1,100,27.5667,72.0667,0.0
2024-01-12 21:00:00+05:30,0.0,0.0,0.0,14.5,11.9,42.0,19.0,995.3,100,27.5667,72.0667,0.0
2024-01-12 22:00:00+05:30,0.0,0.0,0.0,13.1,11.0,48.0,73.0,995.3,100,27.5667,72.0667,0.0
2024-01-12 23:00:00+05:30,0.0,0.0,0.0,11.9,10.2,52.0,99.0,994.9,100,27.5667,72.0667,0.0
2024-01-13 00:00:00+05:30,0.0,0.0,0.0,11.0,9.1,56.0,98.0,994.3,100,27.5667,72.0667,0.0
2024-01-13 01:00:00+05:30,0.0,0.0,0.0,10.5,9.7,57.0,100.0,993.8,100,27.5667,72.0667,0.0
2024-01-13 02:00:00+05:30,0.0,0.0,0.0,10.1,9.5,59.0,100.0,993.3,100,27.5667,72.0667,0.0
2024-01-13 03:00:00+05:30,0.0,0.0,0.0,9.5,8.6,63.0,100.0,992.9,100,27.5667,72.0667,0.0
2024-01-13 04:00:00+05:30,0.0,0.0,0.0,9.2,5.7,67.0,100.0,992.8,100,27.5667,72.0667,0.0
2024-01-13 05:00:00+05:30,0.0,0.0,0.0,10.3,1.4,58.0,100.0,993.4,100,27.5667,72.0667,0.0
2024-01-13 06:00:00+05:30,0.0,0.0,0.0,9.8,1.8,61.0,100.0,994.3,100,27.5667,72.0667,0.0
2024-01-13 07:00:00+05:30,0.0,0.0,0.0,9.5,2.5,63.0,100.0,994.8,100,27.5667,72.0667,0.0
2024-01-13 08:00:00+05:30,32.0,18.1,30.0,9.1,2.6,72.0,100.0,995.5,100,27.5667,72.0667,2.8239202650339044
2024-01-13 09:00:00+05:30,158.0,144.1,119.0,11.2,1.8,59.0,100.0,996.3,100,27.5667,72.0667,17.864121339964807
2024-01-13 10:00:00+05:30,339.0,351.6,186.0,14.2,2.4,48.0,74.0,996.7,100,27.5667,72.0667,40.99280680983237
2024-01-13 11:00:00+05:30,476.0,449.4,225.0,17.2,3.8,39.0,100.0,996.1,100,27.5667,72.0667,54.20476596356684
2024-01-13 12:00:00+05:30,564.0,514.1,239.0,20.1,6.3,31.0,62.0,995.5,100,27.5667,72.0667,65.01426624197504
2024-01-13 13:00:00+05:30,621.0,641.9,203.0,22.1,9.9,26.0,18.0,994.8,100,27.5667,72.0667,72.4908180774876
2024-01-13 14:00:00+05:30,598.0,711.4,161.0,22.9,11.2,23.0,0.0,994.4,100,27.5667,72.0667,73.26677193467116
2024-01-13 15:00:00+05:30,493.0,677.6,138.0,23.1,11.5,21.0,0.0,993.9,100,27.5667,72.0667,62.78954810573217
2024-01-13 16:00:00+05:30,331.0,561.8,114.0,22.8,10.2,21.0,4.0,994.0,100,27.5667,72.0667,44.091249038169444
2024-01-13 17:00:00+05:30,146.0,346.4,73.0,21.5,7.4,25.0,89.0,994.0,100,27.5667,72.0667,20.514623612310388
2024-01-13 18:00:00+05:30,15.0,38.6,12.0,18.5,8.7,35.0,88.0,994.3,100,27.5667,72.0667,1.388203171093364
2024-01-13 19:00:00+05:30,0.0,0.0,0.0,16.9,9.7,38.0,85.0,994.6,100,27.5667,72.0667,0.0
2024-01-13 20:00:00+05:30,0.0,0.0,0.0,15.4,9.5,42.0,92.0,995.1,100,27.5667,72.0667,0.0
2024-01-13 21:00:00+05:30,0.0,0.0,0.0,14.1,9.7,45.0,62.0,995.4,100,27.5667,72.0667,0.0
2024-01-13 22:00:00+05:30,0.0,0.0,0.0,13.1,7.9,51.0,81.0,995.5,100,27.5667,72.0667,0.0
2024-01-13 23:00:00+05:30,0.0,0.0,0.0,12.9,7.0,53.0,64.0,995.2,100,27.5667,72.0667,0.0
2024-01-14 00:00:00+05:30,0.0,0.0,0.0,11.1,8.3,61.0,42.0,994.9,100,27.5667,72.0667,0.0
2024-01-14 01:00:00+05:30,0.0,0.0,0.0,10.0,9.2,68.0,12.0,994.7,100,27.5667,72.0667,0.0
2024-01-14 02:00:00+05:30,0.0,0.0,0.0,9.3,10.3,74.0,47.0,994.6,100,27.5667,72.0667,0.0
2024-01-14 03:00:00+05:30,0.0,0.0,0.0,8.7,10.8,84.0,5.0,994.2,100,27.5667,72.0667,0.0
2024-01-14 04:00:00+05:30,0.0,0.0,0.0,8.0,10.0,90.0,10.0,994.0,100,27.5667,72.0667,0.0
2024-01-14 05:00:00+05:30,0.0,0.0,0.0,7.2,8.6,92.0,7.0,994.4,100,27.5667,72.0667,0.0
2024-01-14 06:00:00+05:30,0.0,0.0,0.0,6.8,6.1,93.0,0.0,995.4,100,27.5667,72.0667,0.0
2024-01-14 07:00:00+05:30,0.0,0.0,0.0,6.0,7.1,95.0,23.0,996.3,100,27.5667,72.0667,0.0
2024-01-14 08:00:00+05:30,42.0,126.5,28.0,7.6,8.7,92.0,0.0,997.0,100,27.5667,72.0667,5.669179274233845
2024-01-14 09:00:00+05:30,201.0,405.4,91.0,10.3,8.4,79.0,9.0,998.0,100,27.5667,72.0667,28.579244632124144
2024-01-14 10:00:00+05:30,381.0,584.5,126.0,13.2,8.1,67.0,4.0,998.4,100,27.5667,72.0667,52.413504558828365
2024-01-14 11:00:00+05:30,527.0,680.4,146.0,16.5,7.7,57.0,1.0,998.1,100,27.5667,72.0667,65.97862407963939
2024-01-14 12:00:00+05:30,618.0,727.1,157.0,19.2,9.3,48.0,0.0,997.2,100,27.5667,72.0667,75.86193851566254
2024-01-14 13:00:00+05:30,642.0,740.7,158.0,20.9,10.6,42.0,15.0,996.2,100,27.5667,72.0667,79.23180957553605
2024-01-14 14:00:00+05:30,597.0,721.5,152.0,21.8,10.0,37.0,22.0,995.4,100,27.5667,72.0667,75.2623215871187
2024-01-14 15:00:00+05:30,488.0,662.7,139.0,22.2,10.7,34.0,26.0,995.0,100,27.5667,72.0667,61.76428147214937
2024-01-14 16:00:00+05:30,328.0,547.4,115.0,22.0,11.3,34.0,25.0,995.1,100,27.5667,72.0667,44.15544516590631
2024-01-14 17:00:00+05:30,145.0,337.1,73.0,21.1,10.8,36.0,38.0,995.4,100,27.5667,72.0667,19.62921932011383
2024-01-14 18:00:00+05:30,15.0,37.9,12.0,18.0,10.4,49.0,27.0,996.1,100,27.5667,72.0667,1.3818004219059468
2024-01-14 19:00:00+05:30,0.0,0.0,0.0,16.6,11.8,54.0,0.0,996.6,100,27.5667,72.0667,0.0
2024-01-14 20:00:00+05:30,0.0,0.0,0.0,15.3,12.3,58.0,0.0,997.0,100,27.5667,72.0667,0.0
2024-01-14 21:00:00+05:30,0.0,0.0,0.0,14.0,11.0,62.0,7.0,997.4,100,27.5667,72.0667,0.0
2024-01-14 22:00:00+05:30,0.0,0.0,0.0,12.7,10.6,66.0,0.0,997.5,100,27.5667,72.0667,0.0
2024-01-14 23:00:00+05:30,0.0,0.0,0.0,11.6,9.9,70.0,8.0,996.9,100,27.5667,72.0667,0.0
2024-01-15 00:00:00+05:30,0.0,0.0,0.0,10.7,9.7,73.0,7.0,996.5,100,27.5667,72.0667,0.0
2024-01-15 01:00:00+05:30,0.0,0.0,0.0,9.8,9.8,77.0,14.0,996.1,100,27.5667,72.0667,0.0
2024-01-15 02:00:00+05:30,0.0,0.0,0.0,9.0,9.2,81.0,31.0,995.5,100,27.5667,72.0667,0.0
2024-01-15 03:00:00+05:30,0.0,0.0,0.0,8.3,8.6,84.0,65.0,995.3,100,27.5667,72.0667,0.0
2024-01-15 04:00:00+05:30,0.0,0.0,0.0,7.7,8.3,86.0,43.0,994.8,100,27.5667,72.0667,0.0
2024-01-15 05:00:00+05:30,0.0,0.0,0.0,7.2,8.6,87.0,29.0,994.8,100,27.5667,72.0667,0.0
2024-01-15 06:00:00+05:30,0.0,0.0,0.0,6.3,8.6,90.0,64.0,996.1,100,27.5667,72.0667,0.0
2024-01-15 07:00:00+05:30,0.0,0.0,0.0,6.2,10.0,90.0,68.0,996.3,100,27.5667,72.0667,0.0
2024-01-15 08:00:00+05:30,42.0,126.1,28.0,7.3,8.5,85.0,34.0,996.7,100,27.5667,72.0667,5.630450140697107
2024-01-15 09:00:00+05:30,202.0,411.5,90.0,10.3,8.1,69.0,56.0,997.9,100,27.5667,72.0667,28.98255163173993
2024-01-15 10:00:00+05:30,383.0,589.8,125.0,13.9,7.6,55.0,43.0,998.2,100,27.5667,72.0667,50.75337300577686
2024-01-15 11:00:00+05:30,532.0,689.1,145.0,16.9,9.2,45.0,20.0,997.6,100,27.5667,72.0667,67.57897718781076
2024-01-15 12:00:00+05:30,625.0,737.4,156.0,18.8,6.3,39.0,20.0,996.3,100,27.5667,72.0667,76.03724109018167
2024-01-15 13:00:00+05:30,651.0,750.3,159.0,20.1,3.3,34.0,8.0,995.3,100,27.5667,72.0667,75.6417050162487
2024-01-15 14:00:00+05:30,606.0,732.9,152.0,21.2,2.3,31.0,0.0,994.3,100,27.5667,72.0667,72.17168857632382
2024-01-15 15:00:00+05:30,497.0,678.0,138.0,21.8,1.8,28.0,23.0,993.6,100,27.5667,72.0667,59.57885757538538
2024-01-15 16:00:00+05:30,335.0,561.2,115.0,21.9,2.9,27.0,30.0,993.5,100,27.5667,72.0667,43.92180950088126
2024-01-15 17:00:00+05:30,150.0,346.5,75.0,21.4,4.2,29.0,99.0,993.5,100,27.5667,72.0667,20.02054565667709
2024-01-15 18:00:00+05:30,16.0,24.8,14.0,18.6,6.4,41.0,94.0,993.6,100,27.5667,72.0667,1.2480648561086973
2024-01-15 19:00:00+05:30,0.0,0.0,0.0,16.7,7.8,46.0,15.0,994.0,100,27.5667,72.0667,0.0
2024-01-15 20:00:00+05:30,0.0,0.0,0.0,15.3,7.1,50.0,31.0,994.2,100,27.5667,72.0667,0.0
2024-01-15 21:00:00+05:30,0.0,0.0,0.0,13.9,7.6,54.0,53.0,994.4,100,27.5667,72.0667,0.0
2024-01-15 22:00:00+05:30,0.0,0.0,0.0,12.7,8.1,57.0,32.0,994.2,100,27.5667,72.0667,0.0
2024-01-15 23:00:00+05:30,0.0,0.0,0.0,11.6,8.7,60.0,75.0,993.7,100,27.5667,72.0667,0.0
2024-01-16 00:00:00+05:30,0.0,0.0,0.0,10.7,9.3,63.0,71.0,992.9,100,27.5667,72.0667,0.0
2024-01-16 01:00:00+05:30,0.0,0.0,0.0,10.0,10.3,65.0,51.0,992.3,100,27.5667,72.0667,0.0
2024-01-16 02:00:00+05:30,0.0,0.0,0.0,9.2,10.3,68.0,83.0,991.7,100,27.5667,72.0667,0.0
2024-01-16 03:00:00+05:30,0.0,0.0,0.0,8.4,10.3,71.0,85.0,991.3,100,27.5667,72.0667,0.0
2024-01-16 04:00:00+05:30,0.0,0.0,0.0,7.8,10.0,72.0,95.0,990.9,100,27.5667,72.0667,0.0
2024-01-16 05:00:00+05:30,0.0,0.0,0.0,7.3,9.5,74.0,52.0,991.0,100,27.5667,72.0667,0.0
2024-01-16 06:00:00+05:30,0.0,0.0,0.0,7.0,11.2,74.0,99.0,991.8,100,27.5667,72.0667,0.0
2024-01-16 07:00:00+05:30,0.0,0.0,0.0,6.8,11.0,76.0,100.0,992.1,100,27.5667,72.0667,0.0
2024-01-16 08:00:00+05:30,42.0,89.8,32.0,8.1,9.7,72.0,100.0,992.8,100,27.5667,72.0667,4.72995992945487
2024-01-16 09:00:00+05:30,195.0,340.6,102.0,11.2,8.1,60.0,97.0,993.6,100,27.5667,72.0667,26.212339210982492
2024-01-16 10:00:00+05:30,371.0,503.7,150.0,15.4,4.7,47.0,100.0,994.0,100,27.5667,72.0667,46.50220890286666
2024-01-16 11:00:00+05:30,495.0,518.4,203.0,18.4,2.6,38.0,100.0,993.9,100,27.5667,72.0667,57.65757231240045
2024-01-16 12:00:00+05:30,576.0,542.2,230.0,20.5,0.7,31.0,100.0,992.7,100,27.5667,72.0667,64.37337363086026
2024-01-16 13:00:00+05:30,613.0,597.1,220.0,21.6,2.2,28.0,91.0,991.5,100,27.5667,72.0667,68.64028628184258
2024-01-16 14:00:00+05:30,554.0,504.7,240.0,22.2,2.7,27.0,100.0,990.7,100,27.5667,72.0667,59.60458704780224
2024-01-16 15:00:00+05:30,459.0,490.3,198.0,22.6,4.8,26.0,100.0,990.2,100,27.5667,72.0667,52.906089173192804
2024-01-16 16:00:00+05:30,304.0,369.6,158.0,22.5,5.9,26.0,100.0,990.0,100,27.5667,72.0667,36.755590652866985
2024-01-16 17:00:00+05:30,138.0,200.5,94.0,21.9,6.5,27.0,100.0,990.2,100,27.5667,72.0667,16.03261745490165
2024-01-16 18:00:00+05:30,15.0,12.2,14.0,19.3,8.6,35.0,100.0,990.9,100,27.5667,72.0667,0.9523830235982842
2024-01-16 19:00:00+05:30,0.0,0.0,0.0,18.1,10.1,37.0,100.0,991.2,100,27.5667,72.0667,0.0
2024-01-16 20:00:00+05:30,0.0,0.0,0.0,16.9,11.7,40.0,100.0,991.4,100,27.5667,72.0667,0.0
2024-01-16 21:00:00+05:30,0.0,0.0,0.0,15.8,12.2,43.0,100.0,991.9,100,27.5667,72.0667,0.0
2024-01-16 22:00:00+05:30,0.0,0.0,0.0,14.8,12.6,45.0,79.0,992.0,100,27.5667,72.0667,0.0
2024-01-16 23:00:00+05:30,0.0,0.0,0.0,13.8,14.2,49.0,65.0,991.8,100,27.5667,72.0667,0.0
2024-01-17 00:00:00+05:30,0.0,0.0,0.0,12.6,12.8,56.0,71.0,991.2,100,27.5667,72.0667,0.0
2024-01-17 01:00:00+05:30,0.0,0.0,0.0,11.5,10.8,62.0,32.0,990.7,100,27.5667,72.0667,0.0
2024-01-17 02:00:00+05:30,0.0,0.0,0.0,10.4,9.6,66.0,24.0,990.6,100,27.5667,72.0667,0.0
2024-01-17 03:00:00+05:30,0.0,0.0,0.0,9.5,8.9,69.0,9.0,990.7,100,27.5667,72.0667,0.0
2024-01-17 04:00:00+05:30,0.0,0.0,0.0,8.9,9.8,71.0,6.0,990.7,100,27.5667,72.0667,0.0
2024-01-17 05:00:00+05:30,0.0,0.0,0.0,8.4,10.8,75.0,9.0,991.0,100,27.5667,72.0667,0.0
2024-01-17 06:00:00+05:30,0.0,0.0,0.0,7.7,11.0,85.0,63.0,992.0,100,27.5667,72.0667,0.0
2024-01-17 07:00:00+05:30,0.0,0.0,0.0,7.3,10.5,90.0,10.0,992.3,100,27.5667,72.0667,0.0
2024-01-17 08:00:00+05:30,41.0,125.2,27.0,8.1,9.2,88.0,80.0,992.9,100,27.5667,72.0667,5.282563950831177
2024-01-17 09:00:00+05:30,199.0,397.8,90.0,10.4,8.9,78.0,51.0,993.7,100,27.5667,72.0667,27.642345982894373
2024-01-17 10:00:00+05:30,377.0,572.5,125.0,13.1,10.6,67.0,63.0,994.2,100,27.5667,72.0667,49.05932005222302
2024-01-17 11:00:00+05:30,524.0,670.7,145.0,15.9,11.5,60.0,2.0,993.8,100,27.5667,72.0667,66.23255113609169
2024-01-17 12:00:00+05:30,616.0,719.9,155.0,18.2,13.7,53.0,0.0,992.9,100,27.5667,72.0667,76.83418800925202
2024-01-17 13:00:00+05:30,642.0,732.5,158.0,19.9,14.8,45.0,0.0,992.0,100,27.5667,72.0667,80.64277123075078
2024-01-17 14:00:00+05:30,599.0,715.2,152.0,21.0,14.3,39.0,0.0,991.5,100,27.5667,72.0667,74.5569168307499
2024-01-17 15:00:00+05:30,491.0,659.4,138.0,21.5,15.3,35.0,0.0,991.4,100,27.5667,72.0667,62.887858841061934
2024-01-17 16:00:00+05:30,332.0,545.2,115.0,21.3,16.3,34.0,4.0,991.6,100,27.5667,72.0667,42.97973309340663
2024-01-17 17:00:00+05:30,150.0,337.2,75.0,20.4,16.4,35.0,0.0,992.0,100,27.5667,72.0667,21.091519158170566
2024-01-17 18:00:00+05:30,17.0,47.8,13.0,17.7,14.5,44.0,0.0,993.2,100,27.5667,72.0667,1.6561299895260093
2024-01-17 19:00:00+05:30,0.0,0.0,0.0,16.4,14.3,48.0,0.0,994.1,100,27.5667,72.0667,0.0
2024-01-17 20:00:00+05:30,0.0,0.0,0.0,15.2,13.7,52.0,0.0,994.5,100,27.5667,72.0667,0.0
2024-01-17 21:00:00+05:30,0.0,0.0,0.0,14.1,12.6,56.0,0.0,994.9,100,27.5667,72.0667,0.0
2024-01-17 22:00:00+05:30,0.0,0.0,0.0,13.0,12.0,61.0,0.0,995.1,100,27.5667,72.0667,0.0
2024-01-17 23:00:00+05:30,0.0,0.0,0.0,12.0,10.9,68.0,0.0,994.9,100,27.5667,72.0667,0.0
2024-01-18 00:00:00+05:30,0.0,0.0,0.0,11.1,10.7,75.0,0.0,994.6,100,27.5667,72.0667,0.0
2024-01-18 01:00:00+05:30,0.0,0.0,0.0,10.2,10.7,83.0,0.0,994.4,100,27.5667,72.0667,0.0
2024-01-18 02:00:00+05:30,0.0,0.0,0.0,9.5,10.8,90.0,0.0,994.4,100,27.5667,72.0667,0.0
2024-01-18 03:00:00+05:30,0.0,0.0,0.0,9.0,10.5,93.0,0.0,994.3,100,27.5667,72.0667,0.0
2024-01-18 04:00:00+05:30,0.0,0.0,0.0,8.4,9.7,95.0,0.0,994.4,100,27.5667,72.0667,0.0
2024-01-18 05:00:00+05:30,0.0,0.0,0.0,7.8,8.7,97.0,0.0,994.5,100,27.5667,72.0667,0.0
2024-01-18 06:00:00+05:30,0.0,0.0,0.0,6.8,8.2,98.0,0.0,995.3,100,27.5667,72.0667,0.0
2024-01-18 07:00:00+05:30,0.0,0.0,0.0,6.6,8.7,99.0,0.0,995.8,100,27.5667,72.0667,0.0
2024-01-18 08:00:00+05:30,41.0,115.8,28.0,7.6,7.7,98.0,0.0,996.2,100,27.5667,72.0667,5.1818544949565695
2024-01-18 09:00:00+05:30,200.0,396.2,91.0,9.8,6.4,88.0,0.0,996.9,100,27.5667,72.0667,28.879237871744436
2024-01-18 10:00:00+05:30,382.0,581.9,125.0,12.5,5.5,77.0,0.0,997.3,100,27.5667,72.0667,49.408817088519974
2024-01-18 11:00:00+05:30,528.0,670.2,148.0,15.2,5.2,69.0,0.0,997.0,100,27.5667,72.0667,65.89898016410054
2024-01-18 12:00:00+05:30,621.0,720.4,158.0,17.4,5.3,62.0,0.0,995.8,100,27.5667,72.0667,77.0318292633285
2024-01-18 13:00:00+05:30,649.0,738.6,159.0,19.1,6.9,48.0,0.0,995.0,100,27.5667,72.0667,77.25944113076233
2024-01-18 14:00:00+05:30,607.0,721.5,154.0,20.2,8.6,41.0,0.0,994.3,100,27.5667,72.0667,73.22746885708568
2024-01-18 15:00:00+05:30,499.0,666.8,140.0,20.8,10.1,38.0,0.0,993.8,100,27.5667,72.0667,61.343941716217344
2024-01-18 16:00:00+05:30,339.0,553.4,117.0,20.8,11.5,36.0,0.0,994.0,100,27.5667,72.0667,45.09618099184801
2024-01-18 17:00:00+05:30,155.0,350.4,76.0,20.1,12.3,36.0,32.0,994.3,100,27.5667,72.0667,21.338494862075486
2024-01-18 18:00:00+05:30,19.0,46.9,15.0,17.7,11.5,46.0,86.0,995.0,100,27.5667,72.0667,1.7883644806886585
2024-01-18 19:00:00+05:30,0.0,0.0,0.0,16.3,11.9,48.0,32.0,995.5,100,27.5667,72.0667,0.0
2024-01-18 20:00:00+05:30,0.0,0.0,0.0,15.0,12.4,51.0,32.0,996.1,100,27.5667,72.0667,0.0
2024-01-18 21:00:00+05:30,0.0,0.0,0.0,13.8,12.2,55.0,6.0,996.6,100,27.5667,72.0667,0.0
2024-01-18 22:00:00+05:30,0.0,0.0,0.0,12.9,11.8,59.0,2.0,996.7,100,27.5667,72.0667,0.0
2024-01-18 23:00:00+05:30,0.0,0.0,0.0,11.9,11.8,65.0,4.0,996.2,100,27.5667,72.0667,0.0
2024-01-19 00:00:00+05:30,0.0,0.0,0.0,11.2,11.3,71.0,0.0,995.8,100,27.5667,72.0667,0.0
2024-01-19 01:00:00+05:30,0.0,0.0,0.0,10.4,11.3,81.0,41.0,995.2,100,27.5667,72.0667,0.0
2024-01-19 02:00:00+05:30,0.0,0.0,0.0,9.8,11.0,88.0,4.0,995.0,100,27.5667,72.0667,0.0
2024-01-19 03:00:00+05:30,0.0,0.0,0.0,9.3,10.7,92.0,5.0,994.8,100,27.5667,72.0667,0.0
2024-01-19 04:00:00+05:30,0.0,0.0,0.0,8.7,9.7,94.0,1.0,994.8,100,27.5667,72.0667,0.0
2024-01-19 05:00:00+05:30,0.0,0.0,0.0,7.9,8.3,95.0,0.0,995.0,100,27.5667,72.0667,0.0
2024-01-19 06:00:00+05:30,0.0,0.0,0.0,7.2,10.1,95.0,66.0,996.1,100,27.5667,72.0667,0.0
2024-01-19 07:00:00+05:30,0.0,0.0,0.0,6.6,8.7,96.0,3.0,996.6,100,27.5667,72.0667,0.0
2024-01-19 08:00:00+05:30,43.0,124.1,29.0,8.0,6.8,94.0,0.0,997.1,100,27.5667,72.0667,5.559021084825404
2024-01-19 09:00:00+05:30,205.0,405.4,93.0,10.6,5.8,82.0,0.0,997.8,100,27.5667,72.0667,28.360711063854303
2024-01-19 10:00:00+05:30,388.0,586.6,128.0,13.7,5.1,69.0,0.0,997.9,100,27.5667,72.0667,51.78501356686437
2024-01-19 11:00:00+05:30,538.0,683.6,149.0,16.9,4.0,58.0,0.0,997.7,100,27.5667,72.0667,66.15131662398308
2024-01-19 12:00:00+05:30,632.0,733.3,159.0,19.2,5.2,50.0,0.0,996.6,100,27.5667,72.0667,77.27904092533315
2024-01-19 13:00:00+05:30,660.0,749.1,161.0,20.6,6.0,42.0,0.0,995.4,100,27.5667,72.0667,79.43239424321584
2024-01-19 14:00:00+05:30,617.0,732.4,155.0,21.5,6.8,36.0,0.0,994.8,100,27.5667,72.0667,76.43541638791297
2024-01-19 15:00:00+05:30,508.0,677.7,141.0,22.1,8.7,31.0,0.0,994.5,100,27.5667,72.0667,62.78019569850094
2024-01-19 16:00:00+05:30,346.0,563.9,118.0,22.1,10.5,29.0,0.0,994.2,100,27.5667,72.0667,45.04338649347253
2024-01-19 17:00:00+05:30,160.0,358.8,78.0,21.4,12.0,30.0,0.0,994.5,100,27.5667,72.0667,22.029526790631294
2024-01-19 18:00:00+05:30,20.0,57.6,15.0,18.7,11.5,39.0,0.0,995.2,100,27.5667,72.0667,1.9922678414403656
2024-01-19 19:00:00+05:30,0.0,0.0,0.0,17.2,12.8,43.0,0.0,995.5,100,27.5667,72.0667,0.0
2024-01-19 20:00:00+05:30,0.0,0.0,0.0,15.9,13.0,47.0,0.0,995.9,100,27.5667,72.0667,0.0
2024-01-19 21:00:00+05:30,0.0,0.0,0.0,14.7,13.0,51.0,0.0,996.1,100,27.5667,72.0667,0.0
2024-01-19 22:00:00+05:30,0.0,0.0,0.0,13.7,12.8,55.0,0.0,996.0,100,27.5667,72.0667,0.0
2024-01-19 23:00:00+05:30,0.0,0.0,0.0,12.5,11.7,62.0,0.0,995.7,100,27.5667,72.0667,0.0
2024-01-20 00:00:00+05:30,0.0,0.0,0.0,11.4,10.2,69.0,0.0,995.3,100,27.5667,72.0667,0.0
2024-01-20 01:00:00+05:30,0.0,0.0,0.0,10.3,9.4,75.0,0.0,995.0,100,27.5667,72.0667,0.0
2024-01-20 02:00:00+05:30,0.0,0.0,0.0,9.5,7.6,80.0,0.0,994.8,100,27.5667,72.0667,0.0
2024-01-20 03:00:00+05:30,0.0,0.0,0.0,9.4,6.5,80.0,0.0,994.3,100,27.5667,72.0667,0.0
2024-01-20 04:00:00+05:30,0.0,0.0,0.0,8.8,6.6,83.0,0.0,994.3,100,27.5667,72.0667,0.0
2024-01-20 05:00:00+05:30,0.0,0.0,0.0,10.2,4.0,76.0,0.0,994.6,100,27.5667,72.0667,0.0
2024-01-20 06:00:00+05:30,0.0,0.0,0.0,9.7,3.1,79.0,0.0,995.5,100,27.5667,72.0667,0.0
2024-01-20 07:00:00+05:30,0.0,0.0,0.0,9.1,3.0,82.0,0.0,996.2,100,27.5667,72.0667,0.0
2024-01-20 08:00:00+05:30,43.0,123.5,29.0,8.1,5.1,89.0,0.0,997.0,100,27.5667,72.0667,5.436544462868838
2024-01-20 09:00:00+05:30,205.0,407.1,92.0,11.0,5.1,75.0,0.0,998.0,100,27.5667,72.0667,28.71398759050528
2024-01-20 10:00:00+05:30,387.0,582.1,128.0,14.4,5.0,62.0,0.0,998.6,100,27.5667,72.0667,50.99398744937846
2024-01-20 11:00:00+05:30,536.0,679.3,148.0,17.5,4.5,52.0,0.0,998.3,100,27.5667,72.0667,66.95477266162538
2024-01-20 12:00:00+05:30,631.0,728.9,159.0,20.0,5.4,42.0,0.0,997.4,100,27.5667,72.0667,75.35963917695454
2024-01-20 13:00:00+05:30,659.0,744.5,161.0,21.6,5.8,31.0,0.0,996.5,100,27.5667,72.0667,81.03556151379708
2024-01-20 14:00:00+05:30,617.0,728.9,155.0,22.6,6.6,25.0,0.0,995.8,100,27.5667,72.0667,73.86074109773101
2024-01-20 15:00:00+05:30,509.0,673.8,142.0,23.1,8.3,22.0,62.0,995.4,100,27.5667,72.0667,61.17828949921687
2024-01-20 16:00:00+05:30,347.0,559.5,119.0,23.1,9.4,21.0,85.0,995.4,100,27.5667,72.0667,42.670067357272444
2024-01-20 17:00:00+05:30,161.0,349.6,80.0,22.3,9.4,23.0,95.0,995.5,100,27.5667,72.0667,20.93377495294735
2024-01-20 18:00:00+05:30,21.0,56.5,16.0,19.1,10.1,34.0,20.0,996.3,100,27.5667,72.0667,2.030224620452484
2024-01-20 19:00:00+05:30,0.0,0.0,0.0,17.5,11.2,39.0,95.0,996.9,100,27.5667,72.0667,0.0
2024-01-20 20:00:00+05:30,0.0,0.0,0.0,16.1,11.3,44.0,54.0,997.4,100,27.5667,72.0667,0.0
2024-01-20 21:00:00+05:30,0.0,0.0,0.0,14.8,10.8,49.0,81.0,997.8,100,27.5667,72.0667,0.0
2024-01-20 22:00:00+05:30,0.0,0.0,0.0,13.8,11.0,54.0,32.0,997.8,100,27.5667,72.0667,0.0
2024-01-20 23:00:00+05:30,0.0,0.0,0.0,12.9,11.8,59.0,43.0,997.5,100,27.5667,72.0667,0.0
2024-01-21 00:00:00+05:30,0.0,0.0,0.0,11.9,11.5,66.0,19.0,997.2,100,27.5667,72.0667,0.0
2024-01-21 01:00:00+05:30,0.0,0.0,0.0,11.0,11.2,75.0,52.0,996.6,100,27.5667,72.0667,0.0
2024-01-21 02:00:00+05:30,0.0,0.0,0.0,10.1,10.1,84.0,0.0,996.4,100,27.5667,72.0667,0.0
2024-01-21 03:00:00+05:30,0.0,0.0,0.0,9.1,8.4,90.0,0.0,995.9,100,27.5667,72.0667,0.0
2024-01-21 04:00:00+05:30,0.0,0.0,0.0,8.4,6.5,91.0,0.0,995.9,100,27.5667,72.0667,0.0
2024-01-21 05:00:00+05:30,0.0,0.0,0.0,8.9,4.2,89.0,0.0,995.9,100,27.5667,72.0667,0.0
2024-01-21 06:00:00+05:30,0.0,0.0,0.0,7.4,5.8,93.0,12.0,997.2,100,27.5667,72.0667,0.0
2024-01-21 07:00:00+05:30,0.0,0.0,0.0,6.6,6.1,96.0,0.0,997.7,100,27.5667,72.0667,0.0
2024-01-21 08:00:00+05:30,43.0,122.8,29.0,7.9,5.9,93.0,0.0,998.0,100,27.5667,72.0667,5.538942127084155
2024-01-21 09:00:00+05:30,205.0,401.6,93.0,10.4,4.7,80.0,0.0,998.8,100,27.5667,72.0667,29.155315890625083
2024-01-21 10:00:00+05:30,388.0,579.8,129.0,14.0,3.7,64.0,0.0,999.0,100,27.5667,72.0667,49.81695372270883
2024-01-21 11:00:00+05:30,538.0,678.5,149.0,17.2,3.2,54.0,0.0,998.8,100,27.5667,72.0667,65.54087712152995
2024-01-21 12:00:00+05:30,633.0,727.6,160.0,19.6,1.3,43.0,0.0,998.2,100,27.5667,72.0667,74.93217487504135
2024-01-21 13:00:00+05:30,661.0,741.3,163.0,21.0,4.2,36.0,5.0,996.9,100,27.5667,72.0667,74.36364357719812
2024-01-21 14:00:00+05:30,619.0,725.3,157.0,21.9,6.3,32.0,45.0,996.0,100,27.5667,72.0667,73.89766441084525
2024-01-21 15:00:00+05:30,510.0,664.3,146.0,22.3,6.8,30.0,34.0,995.3,100,27.5667,72.0667,62.880385784683426
2024-01-21 16:00:00+05:30,350.0,559.9,120.0,22.3,7.1,30.0,20.0,995.3,100,27.5667,72.0667,44.430810722097505
2024-01-21 17:00:00+05:30,164.0,357.7,80.0,21.7,8.7,31.0,0.0,995.4,100,27.5667,72.0667,22.260714847427636
2024-01-21 18:00:00+05:30,22.0,55.5,17.0,18.8,10.0,45.0,99.0,996.5,100,27.5667,72.0667,2.058870727190227
2024-01-21 19:00:00+05:30,0.0,0.0,0.0,17.1,10.1,51.0,6.0,997.0,100,27.5667,72.0667,0.0
2024-01-21 20:00:00+05:30,0.0,0.0,0.0,15.6,9.7,59.0,0.0,997.3,100,27.5667,72.0667,0.0
2024-01-21 21:00:00+05:30,0.0,0.0,0.0,14.1,8.7,66.0,4.0,997.5,100,27.5667,72.0667,0.0
2024-01-21 22:00:00+05:30,0.0,0.0,0.0,12.9,8.2,72.0,14.0,997.3,100,27.5667,72.0667,0.0
2024-01-21 23:00:00+05:30,0.0,0.0,0.0,12.1,9.1,76.0,1.0,996.6,100,27.5667,72.0667,0.0
2024-01-22 00:00:00+05:30,0.0,0.0,0.0,11.4,9.8,79.0,1.0,995.9,100,27.5667,72.0667,0.0
2024-01-22 01:00:00+05:30,0.0,0.0,0.0,10.7,10.0,82.0,1.0,995.1,100,27.5667,72.0667,0.0
2024-01-22 02:00:00+05:30,0.0,0.0,0.0,10.1,11.1,84.0,4.0,994.8,100,27.5667,72.0667,0.0
2024-01-22 03:00:00+05:30,0.0,0.0,0.0,9.6,11.5,86.0,9.0,994.5,100,27.5667,72.0667,0.0
2024-01-22 04:00:00+05:30,0.0,0.0,0.0,9.2,10.8,86.0,73.0,994.1,100,27.5667,72.0667,0.0
2024-01-22 05:00:00+05:30,0.0,0.0,0.0,8.5,9.3,88.0,51.0,994.0,100,27.5667,72.0667,0.0
2024-01-22 06:00:00+05:30,0.0,0.0,0.0,7.5,9.7,90.0,75.0,995.6,100,27.5667,72.0667,0.0
2024-01-22 07:00:00+05:30,0.0,0.0,0.0,7.2,10.1,90.0,63.0,996.2,100,27.5667,72.0667,0.0
2024-01-22 08:00:00+05:30,43.0,113.4,30.0,8.2,8.9,85.0,68.0,996.6,100,27.5667,72.0667,5.067141175504871
2024-01-22 09:00:00+05:30,201.0,367.4,98.0,11.1,8.2,71.0,26.0,997.5,100,27.5667,72.0667,27.163036991942842
2024-01-22 10:00:00+05:30,383.0,557.3,133.0,14.8,7.1,56.0,16.0,998.3,100,27.5667,72.0667,49.986414235339225
2024-01-22 11:00:00+05:30,534.0,667.1,150.0,18.7,7.5,42.0,0.0,998.2,100,27.5667,72.0667,63.95931286997193
2024-01-22 12:00:00+05:30,628.0,717.0,160.0,21.3,8.0,33.0,10.0,996.9,100,27.5667,72.0667,73.98502482187182
2024-01-22 13:00:00+05:30,656.0,729.2,164.0,22.7,7.7,29.0,11.0,995.8,100,27.5667,72.0667,76.3853170144073
2024-01-22 14:00:00+05:30,602.0,678.0,168.0,23.5,8.1,26.0,20.0,995.1,100,27.5667,72.0667,69.68433410070028
2024-01-22 15:00:00+05:30,488.0,586.0,165.0,23.8,8.0,26.0,10.0,994.7,100,27.5667,72.0667,60.08169828361155
2024-01-22 16:00:00+05:30,341.0,516.8,127.0,23.7,6.0,27.0,0.0,994.7,100,27.5667,72.0667,43.20025403707364
2024-01-22 17:00:00+05:30,157.0,323.5,80.0,23.2,6.5,29.0,0.0,994.8,100,27.5667,72.0667,20.601041384155195
2024-01-22 18:00:00+05:30,20.0,43.6,16.0,21.4,11.3,34.0,22.0,995.3,100,27.5667,72.0667,1.775476142001365
2024-01-22 19:00:00+05:30,0.0,0.0,0.0,20.1,17.3,37.0,45.0,996.0,100,27.5667,72.0667,0.0
2024-01-22 20:00:00+05:30,0.0,0.0,0.0,19.1,16.3,39.0,27.0,996.4,100,27.5667,72.0667,0.0
2024-01-22 21:00:00+05:30,0.0,0.0,0.0,17.6,15.2,42.0,33.0,996.9,100,27.5667,72.0667,0.0
2024-01-22 22:00:00+05:30,0.0,0.0,0.0,16.6,13.1,45.0,14.0,997.2,100,27.5667,72.0667,0.0
2024-01-22 23:00:00+05:30,0.0,0.0,0.0,15.5,11.0,49.0,7.0,997.0,100,27.5667,72.0667,0.0
2024-01-23 00:00:00+05:30,0.0,0.0,0.0,14.4,9.9,56.0,3.0,996.5,100,27.5667,72.0667,0.0
2024-01-23 01:00:00+05:30,0.0,0.0,0.0,13.6,11.1,62.0,0.0,996.2,100,27.5667,72.0667,0.0
2024-01-23 02:00:00+05:30,0.0,0.0,0.0,12.9,11.2,67.0,8.0,995.9,100,27.5667,72.0667,0.0
2024-01-23 03:00:00+05:30,0.0,0.0,0.0,11.7,6.6,74.0,14.0,995.5,100,27.5667,72.0667,0.0
2024-01-23 04:00:00+05:30,0.0,0.0,0.0,11.9,10.8,72.0,23.0,995.5,100,27.5667,72.0667,0.0
2024-01-23 05:00:00+05:30,0.0,0.0,0.0,11.6,11.3,74.0,31.0,995.4,100,27.5667,72.0667,0.0
2024-01-23 06:00:00+05:30,0.0,0.0,0.0,9.9,12.8,91.0,5.0,996.8,100,27.5667,72.0667,0.0
2024-01-23 07:00:00+05:30,0.0,0.0,0.0,9.3,11.9,95.0,0.0,997.1,100,27.5667,72.0667,0.0
2024-01-23 08:00:00+05:30,43.0,112.6,30.0,9.9,7.9,93.0,0.0,997.5,100,27.5667,72.0667,5.3051471405804875
2024-01-23 09:00:00+05:30,203.0,383.1,95.0,12.0,4.7,81.0,0.0,998.5,100,27.5667,72.0667,27.0947506660188
2024-01-23 10:00:00+05:30,385.0,566.0,130.0,14.6,8.0,67.0,0.0,998.9,100,27.5667,72.0667,48.93416514295336
2024-01-23 11:00:00+05:30,538.0,667.9,152.0,17.1,9.5,55.0,0.0,998.6,100,27.5667,72.0667,65.27478645274327
2024-01-23 12:00:00+05:30,635.0,720.1,163.0,19.2,10.5,48.0,0.0,997.6,100,27.5667,72.0667,78.18821111666907
2024-01-23 13:00:00+05:30,665.0,737.7,165.0,20.7,11.8,43.0,0.0,996.5,100,27.5667,72.0667,79.45628761451319
2024-01-23 14:00:00+05:30,624.0,724.4,158.0,21.4,13.3,39.0,0.0,995.5,100,27.5667,72.0667,77.25055213105645
2024-01-23 15:00:00+05:30,516.0,669.1,145.0,21.6,13.6,38.0,0.0,995.2,100,27.5667,72.0667,63.93555996864429
2024-01-23 16:00:00+05:30,355.0,558.2,122.0,21.3,13.4,39.0,0.0,995.0,100,27.5667,72.0667,45.28543063347791
2024-01-23 17:00:00+05:30,169.0,356.4,83.0,20.4,12.9,42.0,0.0,995.2,100,27.5667,72.0667,22.945357397905386
2024-01-23 18:00:00+05:30,24.0,64.3,18.0,17.2,10.5,55.0,0.0,996.1,100,27.5667,72.0667,2.3972752556330548
2024-01-23 19:00:00+05:30,0.0,0.0,0.0,16.0,10.1,60.0,0.0,996.4,100,27.5667,72.0667,0.0
2024-01-23 20:00:00+05:30,0.0,0.0,0.0,14.7,10.1,66.0,0.0,996.6,100,27.5667,72.0667,0.0
2024-01-23 21:00:00+05:30,0.0,0.0,0.0,13.4,9.0,72.0,0.0,996.9,100,27.5667,72.0667,0.0
2024-01-23 22:00:00+05:30,0.0,0.0,0.0,12.1,8.3,77.0,0.0,997.0,100,27.5667,72.0667,0.0
2024-01-23 23:00:00+05:30,0.0,0.0,0.0,11.3,9.0,80.0,0.0,996.9,100,27.5667,72.0667,0.0
2024-01-24 00:00:00+05:30,0.0,0.0,0.0,10.3,9.2,85.0,0.0,996.2,100,27.5667,72.0667,0.0
2024-01-24 01:00:00+05:30,0.0,0.0,0.0,9.5,8.9,89.0,0.0,996.0,100,27.5667,72.0667,0.0
2024-01-24 02:00:00+05:30,0.0,0.0,0.0,8.7,8.1,92.0,0.0,995.9,100,27.5667,72.0667,0.0
2024-01-24 03:00:00+05:30,0.0,0.0,0.0,8.1,7.7,95.0,0.0,995.7,100,27.5667,72.0667,0.0
2024-01-24 04:00:00+05:30,0.0,0.0,0.0,7.6,8.1,96.0,0.0,995.7,100,27.5667,72.0667,0.0
2024-01-24 05:00:00+05:30,0.0,0.0,0.0,7.2,8.4,98.0,0.0,995.9,100,27.5667,72.0667,0.0
2024-01-24 06:00:00+05:30,0.0,0.0,0.0,6.4,7.8,98.0,0.0,996.8,100,27.5667,72.0667,0.0
2024-01-24 07:00:00+05:30,0.0,0.0,0.0,6.2,8.1,98.0,0.0,997.5,100,27.5667,72.0667,0.0
2024-01-24 08:00:00+05:30,46.0,129.1,31.0,7.9,7.2,96.0,0.0,998.1,100,27.5667,72.0667,5.6604840345263305
2024-01-24 09:00:00+05:30,211.0,405.6,96.0,10.6,5.0,84.0,0.0,999.2,100,27.5667,72.0667,28.146846584699176
2024-01-24 10:00:00+05:30,396.0,583.3,132.0,13.8,5.4,69.0,0.0,999.7,100,27.5667,72.0667,52.21510374154607
2024-01-24 11:00:00+05:30,549.0,682.3,153.0,16.5,6.8,59.0,0.0,999.6,100,27.5667,72.0667,68.99169103379377
2024-01-24 12:00:00+05:30,646.0,730.7,165.0,18.2,6.9,51.0,0.0,998.2,100,27.5667,72.0667,76.09170348370708
2024-01-24 13:00:00+05:30,675.0,747.6,166.0,19.5,4.9,44.0,0.0,997.2,100,27.5667,72.0667,79.87488114828642
2024-01-24 14:00:00+05:30,632.0,730.0,160.0,20.5,4.2,39.0,0.0,996.3,100,27.5667,72.0667,75.94033489596181
2024-01-24 15:00:00+05:30,524.0,675.8,147.0,21.1,3.6,35.0,0.0,995.8,100,27.5667,72.0667,62.85366196961881
2024-01-24 16:00:00+05:30,361.0,568.1,122.0,21.3,3.1,34.0,0.0,995.3,100,27.5667,72.0667,45.24116016477733
2024-01-24 17:00:00+05:30,173.0,368.1,83.0,21.0,3.3,34.0,0.0,995.3,100,27.5667,72.0667,22.822194725696068
2024-01-24 18:00:00+05:30,25.0,73.7,18.0,18.4,4.7,48.0,0.0,996.2,100,27.5667,72.0667,2.5798298253369545
2024-01-24 19:00:00+05:30,0.0,0.0,0.0,16.4,9.1,53.0,0.0,996.7,100,27.5667,72.0667,0.0
2024-01-24 20:00:00+05:30,0.0,0.0,0.0,15.2,10.1,57.0,20.0,997.2,100,27.5667,72.0667,0.0
2024-01-24 21:00:00+05:30,0.0,0.0,0.0,14.2,10.8,62.0,17.0,997.5,100,27.5667,72.0667,0.0
2024-01-24 22:00:00+05:30,0.0,0.0,0.0,13.4,12.4,67.0,52.0,997.8,100,27.5667,72.0667,0.0
2024-01-24 23:00:00+05:30,0.0,0.0,0.0,12.5,12.2,72.0,69.0,997.8,100,27.5667,72.0667,0.0
2024-01-25 00:00:00+05:30,0.0,0.0,0.0,11.6,11.4,76.0,94.0,997.4,100,27.5667,72.0667,0.0
2024-01-25 01:00:00+05:30,0.0,0.0,0.0,10.8,10.6,79.0,97.0,997.1,100,27.5667,72.0667,0.0
2024-01-25 02:00:00+05:30,0.0,0.0,0.0,10.1,10.2,81.0,100.0,996.9,100,27.5667,72.0667,0.0
2024-01-25 03:00:00+05:30,0.0,0.0,0.0,9.7,10.6,82.0,100.0,996.4,100,27.5667,72.0667,0.0
2024-01-25 04:00:00+05:30,0.0,0.0,0.0,9.3,11.1,83.0,92.0,996.3,100,27.5667,72.0667,0.0
2024-01-25 05:00:00+05:30,0.0,0.0,0.0,8.8,11.4,84.0,82.0,996.4,100,27.5667,72.0667,0.0
2024-01-25 06:00:00+05:30,0.0,0.0,0.0,8.2,14.7,80.0,99.0,997.3,100,27.5667,72.0667,0.0
2024-01-25 07:00:00+05:30,0.0,0.0,0.0,7.8,15.2,82.0,100.0,997.7,100,27.5667,72.0667,0.0
2024-01-25 08:00:00+05:30,44.0,102.6,32.0,8.7,15.0,77.0,93.0,998.1,100,27.5667,72.0667,5.210164849036686
2024-01-25 09:00:00+05:30,204.0,364.6,100.0,11.1,13.1,65.0,99.0,999.2,100,27.5667,72.0667,26.849518930646845
2024-01-25 10:00:00+05:30,384.0,523.4,146.0,14.3,11.9,54.0,97.0,999.9,100,27.5667,72.0667,48.64197030876661
2024-01-25 11:00:00+05:30,524.0,578.1,187.0,17.6,11.0,45.0,100.0,999.9,100,27.5667,72.0667,62.18790095961748
2024-01-25 12:00:00+05:30,618.0,624.7,205.0,20.9,11.2,33.0,100.0,998.8,100,27.5667,72.0667,69.5596772936712
2024-01-25 13:00:00+05:30,630.0,577.5,235.0,22.3,8.1,26.0,100.0,998.0,100,27.5667,72.0667,68.63788109496251
2024-01-25 14:00:00+05:30,546.0,393.9,290.0,22.8,3.4,23.0,100.0,997.0,100,27.5667,72.0667,58.965999539625145
2024-01-25 15:00:00+05:30,456.0,393.8,235.0,23.1,2.2,22.0,100.0,996.5,100,27.5667,72.0667,49.76657604886276
2024-01-25 16:00:00+05:30,315.0,316.0,181.0,23.2,4.4,22.0,100.0,996.4,100,27.5667,72.0667,34.471076836058955
2024-01-25 17:00:00+05:30,166.0,282.5,96.0,22.7,6.9,22.0,97.0,996.4,100,27.5667,72.0667,20.19101274666348
2024-01-25 18:00:00+05:30,26.0,62.1,20.0,20.0,10.2,30.0,80.0,996.7,100,27.5667,72.0667,2.461024014799567
2024-01-25 19:00:00+05:30,0.0,0.0,0.0,18.6,12.2,32.0,87.0,997.0,100,27.5667,72.0667,0.0
2024-01-25 20:00:00+05:30,0.0,0.0,0.0,17.3,16.5,37.0,86.0,997.7,100,27.5667,72.0667,0.0
2024-01-25 21:00:00+05:30,0.0,0.0,0.0,16.1,18.4,49.0,86.0,997.8,100,27.5667,72.0667,0.0
2024-01-25 22:00:00+05:30,0.0,0.0,0.0,15.1,17.6,52.0,79.0,997.8,100,27.5667,72.0667,0.0
2024-01-25 23:00:00+05:30,0.0,0.0,0.0,14.1,16.0,53.0,31.0,997.6,100,27.5667,72.0667,0.0
2024-01-26 00:00:00+05:30,0.0,0.0,0.0,13.4,15.5,50.0,41.0,997.4,100,27.5667,72.0667,0.0
2024-01-26 01:00:00+05:30,0.0,0.0,0.0,12.5,14.5,52.0,18.0,997.0,100,27.5667,72.0667,0.0
2024-01-26 02:00:00+05:30,0.0,0.0,0.0,11.7,13.4,57.0,0.0,996.7,100,27.5667,72.0667,0.0
2024-01-26 03:00:00+05:30,0.0,0.0,0.0,11.0,13.0,60.0,5.0,996.5,100,27.5667,72.0667,0.0
2024-01-26 04:00:00+05:30,0.0,0.0,0.0,10.3,12.3,63.0,14.0,996.5,100,27.5667,72.0667,0.0
2024-01-26 05:00:00+05:30,0.0,0.0,0.0,9.3,9.9,68.0,85.0,996.5,100,27.5667,72.0667,0.0
2024-01-26 06:00:00+05:30,0.0,0.0,0.0,8.3,9.9,75.0,80.0,998.1,100,27.5667,72.0667,0.0
2024-01-26 07:00:00+05:30,0.0,0.0,0.0,7.8,11.0,79.0,89.0,998.8,100,27.5667,72.0667,0.0
2024-01-26 08:00:00+05:30,45.0,101.8,33.0,8.7,11.3,78.0,91.0,999.8,100,27.5667,72.0667,5.213791193412478
2024-01-26 09:00:00+05:30,206.0,372.7,99.0,11.0,10.2,71.0,99.0,1000.7,100,27.5667,72.0667,26.771566034127034
2024-01-26 10:00:00+05:30,388.0,549.3,137.0,14.0,10.7,58.0,100.0,1001.2,100,27.5667,72.0667,48.71856152826358
2024-01-26 11:00:00+05:30,532.0,614.9,172.0,16.8,9.4,47.0,100.0,1001.0,100,27.5667,72.0667,64.32877924345358
2024-01-26 12:00:00+05:30,620.0,632.5,200.0,19.2,8.0,40.0,100.0,1000.0,100,27.5667,72.0667,71.40095701802412
2024-01-26 13:00:00+05:30,649.0,649.1,203.0,21.0,7.9,36.0,99.0,998.9,100,27.5667,72.0667,72.51856600728773
2024-01-26 14:00:00+05:30,611.0,646.0,189.0,22.2,10.4,33.0,97.0,998.2,100,27.5667,72.0667,68.5083201055796
2024-01-26 15:00:00+05:30,504.0,582.6,175.0,22.7,13.3,32.0,100.0,997.8,100,27.5667,72.0667,59.65517712236398
2024-01-26 16:00:00+05:30,327.0,369.6,169.0,22.6,15.3,32.0,100.0,997.7,100,27.5667,72.0667,37.521429550383935
2024-01-26 17:00:00+05:30,148.0,155.4,109.0,21.9,16.7,35.0,100.0,997.9,100,27.5667,72.0667,16.058090675741777
2024-01-26 18:00:00+05:30,25.0,30.5,22.0,19.6,12.4,44.0,100.0,999.0,100,27.5667,72.0667,2.0050040517428
2024-01-26 19:00:00+05:30,0.0,0.0,0.0,18.6,12.0,48.0,100.0,999.5,100,27.5667,72.0667,0.0
2024-01-26 20:00:00+05:30,0.0,0.0,0.0,17.4,11.4,52.0,100.0,999.5,100,27.5667,72.0667,0.0
2024-01-26 21:00:00+05:30,0.0,0.0,0.0,16.6,11.8,55.0,100.0,999.8,100,27.5667,72.0667,0.0
2024-01-26 22:00:00+05:30,0.0,0.0,0.0,15.9,13.7,57.0,100.0,1000.4,100,27.5667,72.0667,0.0
2024-01-26 23:00:00+05:30,0.0,0.0,0.0,15.0,12.6,59.0,100.0,1000.4,100,27.5667,72.0667,0.0
2024-01-27 00:00:00+05:30,0.0,0.0,0.0,13.7,10.3,67.0,51.0,1000.0,100,27.5667,72.0667,0.0
2024-01-27 01:00:00+05:30,0.0,0.0,0.0,12.5,10.0,76.0,0.0,999.5,100,27.5667,72.0667,0.0
2024-01-27 02:00:00+05:30,0.0,0.0,0.0,11.7,10.6,83.0,0.0,999.3,100,27.5667,72.0667,0.0
2024-01-27 03:00:00+05:30,0.0,0.0,0.0,10.9,10.6,88.0,0.0,999.0,100,27.5667,72.0667,0.0
2024-01-27 04:00:00+05:30,0.0,0.0,0.0,10.4,11.0,90.0,0.0,998.6,100,27.5667,72.0667,0.0
2024-01-27 05:00:00+05:30,0.0,0.0,0.0,9.8,11.3,92.0,0.0,998.3,100,27.5667,72.0667,0.0
2024-01-27 06:00:00+05:30,0.0,0.0,0.0,9.3,11.8,92.0,96.0,999.0,100,27.5667,72.0667,0.0
2024-01-27 07:00:00+05:30,0.0,0.0,0.0,8.9,11.2,92.0,78.0,999.4,100,27.5667,72.0667,0.0
2024-01-27 08:00:00+05:30,46.0,109.5,33.0,9.8,9.4,87.0,98.0,999.9,100,27.5667,72.0667,5.200204179759019
2024-01-27 09:00:00+05:30,205.0,359.9,101.0,12.1,7.6,75.0,100.0,1000.4,100,27.5667,72.0667,26.081266768895897
2024-01-27 10:00:00+05:30,385.0,529.2,142.0,15.0,7.6,62.0,56.0,1001.0,100,27.5667,72.0667,47.96815038747213
2024-01-27 11:00:00+05:30,538.0,641.0,161.0,17.7,6.2,53.0,3.0,1000.9,100,27.5667,72.0667,65.34841078068418
2024-01-27 12:00:00+05:30,638.0,704.7,168.0,20.2,5.6,45.0,95.0,999.7,100,27.5667,72.0667,71.73630908115386
2024-01-27 13:00:00+05:30,648.0,643.2,204.0,22.3,5.9,38.0,92.0,998.3,100,27.5667,72.0667,74.26931485937432
2024-01-27 14:00:00+05:30,608.0,625.9,197.0,23.4,4.2,32.0,100.0,997.2,100,27.5667,72.0667,66.5492173764371
2024-01-27 15:00:00+05:30,495.0,535.1,191.0,23.9,3.8,30.0,100.0,996.4,100,27.5667,72.0667,56.91889481608556
2024-01-27 16:00:00+05:30,332.0,389.9,164.0,23.9,4.4,29.0,100.0,996.1,100,27.5667,72.0667,38.23517546818839
2024-01-27 17:00:00+05:30,162.0,239.9,101.0,23.6,5.8,30.0,100.0,996.4,100,27.5667,72.0667,18.843036499922412
2024-01-27 18:00:00+05:30,26.0,30.0,23.0,20.8,8.1,37.0,100.0,996.8,100,27.5667,72.0667,2.091881326414547
2024-01-27 19:00:00+05:30,0.0,0.0,0.0,19.4,9.2,41.0,99.0,997.1,100,27.5667,72.0667,0.0
2024-01-27 20:00:00+05:30,0.0,0.0,0.0,18.1,9.7,45.0,100.0,997.4,100,27.5667,72.0667,0.0
2024-01-27 21:00:00+05:30,0.0,0.0,0.0,17.4,9.1,47.0,100.0,997.7,100,27.5667,72.0667,0.0
2024-01-27 22:00:00+05:30,0.0,0.0,0.0,16.3,9.2,51.0,100.0,997.8,100,27.5667,72.0667,0.0
2024-01-27 23:00:00+05:30,0.0,0.0,0.0,15.2,8.9,55.0,100.0,997.7,100,27.5667,72.0667,0.0
2024-01-28 00:00:00+05:30,0.0,0.0,0.0,14.0,7.7,60.0,100.0,997.4,100,27.5667,72.0667,0.0
2024-01-28 01:00:00+05:30,0.0,0.0,0.0,13.1,7.4,63.0,100.0,996.7,100,27.5667,72.0667,0.0
2024-01-28 02:00:00+05:30,0.0,0.0,0.0,12.4,7.6,65.0,100.0,996.1,100,27.5667,72.0667,0.0
2024-01-28 03:00:00+05:30,0.0,0.0,0.0,11.9,8.0,67.0,100.0,995.2,100,27.5667,72.0667,0.0
2024-01-28 04:00:00+05:30,0.0,0.0,0.0,11.4,7.4,69.0,100.0,995.0,100,27.5667,72.0667,0.0
2024-01-28 05:00:00+05:30,0.0,0.0,0.0,11.3,5.8,69.0,100.0,995.0,100,27.5667,72.0667,0.0
2024-01-28 06:00:00+05:30,0.0,0.0,0.0,10.8,6.2,72.0,98.0,995.4,100,27.5667,72.0667,0.0
2024-01-28 07:00:00+05:30,0.0,0.0,0.0,10.4,6.6,75.0,100.0,995.9,100,27.5667,72.0667,0.0
2024-01-28 08:00:00+05:30,44.0,66.8,36.0,11.8,6.6,66.0,100.0,996.3,100,27.5667,72.0667,4.560847778393382
2024-01-28 09:00:00+05:30,181.0,192.5,125.0,14.2,4.5,55.0,93.0,997.0,100,27.5667,72.0667,20.418903814833506
2024-01-28 10:00:00+05:30,346.0,331.5,193.0,17.2,3.2,44.0,99.0,997.5,100,27.5667,72.0667,39.470652015574174
2024-01-28 11:00:00+05:30,473.0,396.0,239.0,19.8,3.9,35.0,99.0,997.3,100,27.5667,72.0667,51.945641845272355
2024-01-28 12:00:00+05:30,602.0,552.2,232.0,21.8,4.8,32.0,100.0,996.2,100,27.5667,72.0667,65.29452376492449
2024-01-28 13:00:00+05:30,608.0,493.1,266.0,22.9,7.2,32.0,100.0,994.8,100,27.5667,72.0667,66.50062376596648
2024-01-28 14:00:00+05:30,529.0,383.3,276.0,23.5,10.1,32.0,100.0,994.2,100,27.5667,72.0667,55.565757350900014
2024-01-28 15:00:00+05:30,463.0,411.1,228.0,23.8,11.9,32.0,100.0,994.0,100,27.5667,72.0667,51.06418856550889
2024-01-28 16:00:00+05:30,324.0,333.9,179.0,23.6,10.9,33.0,100.0,993.7,100,27.5667,72.0667,35.513119703849476
2024-01-28 17:00:00+05:30,151.0,139.8,115.0,23.1,10.4,34.0,100.0,993.8,100,27.5667,72.0667,16.209017254086323
2024-01-28 18:00:00+05:30,26.0,19.7,24.0,21.5,9.0,40.0,100.0,994.2,100,27.5667,72.0667,2.033436469490992
2024-01-28 19:00:00+05:30,0.0,0.0,0.0,19.9,9.7,44.0,100.0,994.8,100,27.5667,72.0667,0.0
2024-01-28 20:00:00+05:30,0.0,0.0,0.0,18.6,9.4,49.0,100.0,995.2,100,27.5667,72.0667,0.0
2024-01-28 21:00:00+05:30,0.0,0.0,0.0,17.4,8.3,54.0,100.0,995.5,100,27.5667,72.0667,0.0
2024-01-28 22:00:00+05:30,0.0,0.0,0.0,16.6,7.7,57.0,100.0,995.6,100,27.5667,72.0667,0.0
2024-01-28 23:00:00+05:30,0.0,0.0,0.0,15.9,7.9,59.0,99.0,995.5,100,27.5667,72.0667,0.0
2024-01-29 00:00:00+05:30,0.0,0.0,0.0,15.3,7.1,61.0,91.0,995.3,100,27.5667,72.0667,0.0
2024-01-29 01:00:00+05:30,0.0,0.0,0.0,14.4,7.0,65.0,81.0,994.9,100,27.5667,72.0667,0.0
2024-01-29 02:00:00+05:30,0.0,0.0,0.0,13.4,7.6,68.0,30.0,994.7,100,27.5667,72.0667,0.0
2024-01-29 03:00:00+05:30,0.0,0.0,0.0,13.1,8.9,68.0,0.0,994.4,100,27.5667,72.0667,0.0
2024-01-29 04:00:00+05:30,0.0,0.0,0.0,12.6,9.0,70.0,0.0,994.4,100,27.5667,72.0667,0.0
2024-01-29 05:00:00+05:30,0.0,0.0,0.0,12.2,8.3,71.0,0.0,994.7,100,27.5667,72.0667,0.0
2024-01-29 06:00:00+05:30,0.0,0.0,0.0,11.5,9.5,74.0,0.0,995.6,100,27.5667,72.0667,0.0
2024-01-29 07:00:00+05:30,0.0,0.0,0.0,11.3,9.8,74.0,0.0,996.6,100,27.5667,72.0667,0.0
2024-01-29 08:00:00+05:30,47.0,124.3,32.0,12.8,8.4,68.0,0.0,997.4,100,27.5667,72.0667,5.406171058780817
2024-01-29 09:00:00+05:30,207.0,378.8,96.0,16.3,7.4,54.0,18.0,998.2,100,27.5667,72.0667,26.45490950117231
2024-01-29 10:00:00+05:30,389.0,549.6,134.0,19.8,6.8,43.0,63.0,998.6,100,27.5667,72.0667,47.105021330086366
2024-01-29 11:00:00+05:30,538.0,636.7,160.0,22.0,6.3,39.0,67.0,998.3,100,27.5667,72.0667,62.418586275014086
2024-01-29 12:00:00+05:30,625.0,661.1,180.0,23.1,4.1,38.0,100.0,997.5,100,27.5667,72.0667,70.43588159514397
2024-01-29 13:00:00+05:30,659.0,680.2,185.0,24.0,4.2,37.0,90.0,996.3,100,27.5667,72.0667,70.58656288958919
2024-01-29 14:00:00+05:30,619.0,667.7,176.0,24.7,6.8,37.0,99.0,995.3,100,27.5667,72.0667,70.73984513695503
2024-01-29 15:00:00+05:30,502.0,558.2,181.0,25.1,8.0,36.0,100.0,994.9,100,27.5667,72.0667,56.530076113417046
2024-01-29 16:00:00+05:30,328.0,351.8,174.0,25.0,8.4,36.0,98.0,994.9,100,27.5667,72.0667,36.17955191916217
2024-01-29 17:00:00+05:30,159.0,191.7,109.0,24.5,9.0,37.0,100.0,995.1,100,27.5667,72.0667,17.53277085133517
2024-01-29 18:00:00+05:30,28.0,29.1,25.0,22.8,9.4,40.0,99.0,995.9,100,27.5667,72.0667,2.231046610332085
2024-01-29 19:00:00+05:30,0.0,0.0,0.0,21.4,10.3,44.0,100.0,996.5,100,27.5667,72.0667,0.0
2024-01-29 20:00:00+05:30,0.0,0.0,0.0,20.3,11.2,48.0,100.0,996.7,100,27.5667,72.0667,0.0
2024-01-29 21:00:00+05:30,0.0,0.0,0.0,19.2,10.3,51.0,100.0,997.0,100,27.5667,72.0667,0.0
2024-01-29 22:00:00+05:30,0.0,0.0,0.0,18.1,10.2,55.0,100.0,996.8,100,27.5667,72.0667,0.0
2024-01-29 23:00:00+05:30,0.0,0.0,0.0,17.1,9.5,60.0,100.0,996.7,100,27.5667,72.0667,0.0
2024-01-30 00:00:00+05:30,0.0,0.0,0.0,16.1,9.4,64.0,100.0,996.4,100,27.5667,72.0667,0.0
2024-01-30 01:00:00+05:30,0.0,0.0,0.0,15.8,10.2,66.0,100.0,995.9,100,27.5667,72.0667,0.0
2024-01-30 02:00:00+05:30,0.0,0.0,0.0,15.3,10.9,68.0,100.0,995.4,100,27.5667,72.0667,0.0
2024-01-30 03:00:00+05:30,0.0,0.0,0.0,14.7,10.7,71.0,100.0,994.9,100,27.5667,72.0667,0.0
2024-01-30 04:00:00+05:30,0.0,0.0,0.0,14.0,10.4,73.0,100.0,994.6,100,27.5667,72.0667,0.0
2024-01-30 05:00:00+05:30,0.0,0.0,0.0,13.6,10.0,75.0,99.0,994.5,100,27.5667,72.0667,0.0
2024-01-30 06:00:00+05:30,0.0,0.0,0.0,13.3,10.2,75.0,100.0,995.5,100,27.5667,72.0667,0.0
2024-01-30 07:00:00+05:30,0.0,0.0,0.0,13.1,11.1,75.0,100.0,996.0,100,27.5667,72.0667,0.0
2024-01-30 08:00:00+05:30,42.0,32.9,38.0,14.1,11.6,70.0,100.0,996.5,100,27.5667,72.0667,3.8060383296720617
2024-01-30 09:00:00+05:30,178.0,159.2,131.0,16.5,10.1,60.0,100.0,997.0,100,27.5667,72.0667,18.994931486127687
2024-01-30 10:00:00+05:30,327.0,257.2,207.0,19.4,12.0,50.0,100.0,997.3,100,27.5667,72.0667,36.65940905296965
2024-01-30 11:00:00+05:30,450.0,325.2,256.0,22.5,13.5,41.0,100.0,996.7,100,27.5667,72.0667,49.01225723849067
2024-01-30 12:00:00+05:30,502.0,269.1,320.0,24.2,11.6,37.0,100.0,995.8,100,27.5667,72.0667,51.16732217446418
2024-01-30 13:00:00+05:30,469.0,178.5,344.0,24.9,9.0,36.0,100.0,994.6,100,27.5667,72.0667,44.943007073559585
2024-01-30 14:00:00+05:30,413.0,137.9,321.0,25.5,9.1,35.0,100.0,993.6,100,27.5667,72.0667,40.42270191783492
2024-01-30 15:00:00+05:30,330.0,81.2,283.0,25.9,10.6,35.0,100.0,992.8,100,27.5667,72.0667,30.81489720739766
2024-01-30 16:00:00+05:30,220.0,61.2,193.0,25.8,13.1,35.0,100.0,992.5,100,27.5667,72.0667,20.497512700996218
2024-01-30 17:00:00+05:30,100.0,18.9,95.0,25.5,11.5,36.0,100.0,992.5,100,27.5667,72.0667,8.871052339333364
2024-01-30 18:00:00+05:30,20.0,0.0,20.0,23.6,8.3,41.0,100.0,993.4,100,27.5667,72.0667,1.2357230589446595
2024-01-30 19:00:00+05:30,0.0,0.0,0.0,22.8,10.4,43.0,100.0,993.6,100,27.5667,72.0667,0.0
2024-01-30 20:00:00+05:30,0.0,0.0,0.0,21.9,9.3,46.0,100.0,994.1,100,27.5667,72.0667,0.0
2024-01-30 21:00:00+05:30,0.0,0.0,0.0,20.8,10.1,49.0,100.0,994.6,100,27.5667,72.0667,0.0
2024-01-30 22:00:00+05:30,0.0,0.0,0.0,20.2,10.3,51.0,100.0,994.8,100,27.5667,72.0667,0.0
2024-01-30 23:00:00+05:30,0.0,0.0,0.0,19.8,10.2,53.0,100.0,994.4,100,27.5667,72.0667,0.0
2024-01-31 00:00:00+05:30,0.0,0.0,0.0,19.0,8.9,58.0,100.0,993.8,100,27.5667,72.0667,0.0
2024-01-31 01:00:00+05:30,0.0,0.0,0.0,18.5,10.0,62.0,100.0,993.4,100,27.5667,72.0667,0.0
2024-01-31 02:00:00+05:30,0.0,0.0,0.0,17.7,9.6,66.0,100.0,993.1,100,27.5667,72.0667,0.0
2024-01-31 03:00:00+05:30,0.0,0.0,0.0,17.1,8.7,69.0,92.0,992.6,100,27.5667,72.0667,0.0
2024-01-31 04:00:00+05:30,0.0,0.0,0.0,16.3,9.7,72.0,75.0,992.3,100,27.5667,72.0667,0.0
2024-01-31 05:00:00+05:30,0.0,0.0,0.0,14.9,9.9,77.0,8.0,992.1,100,27.5667,72.0667,0.0
2024-01-31 06:00:00+05:30,0.0,0.0,0.0,14.5,9.3,89.0,17.0,993.1,100,27.5667,72.0667,0.0
2024-01-31 07:00:00+05:30,0.0,0.0,0.0,13.9,9.5,90.0,0.0,993.6,100,27.5667,72.0667,0.0
2024-01-31 08:00:00+05:30,49.0,130.3,33.0,15.2,8.9,85.0,7.0,994.1,100,27.5667,72.0667,5.723152440255559
2024-01-31 09:00:00+05:30,208.0,366.6,99.0,18.2,8.3,70.0,0.0,994.9,100,27.5667,72.0667,26.576451068618937
2024-01-31 10:00:00+05:30,391.0,545.7,135.0,21.1,8.9,56.0,0.0,995.2,100,27.5667,72.0667,47.75023972386091
2024-01-31 11:00:00+05:30,544.0,647.3,156.0,22.7,9.8,51.0,0.0,994.8,100,27.5667,72.0667,62.917152532320664
2024-01-31 12:00:00+05:30,641.0,697.7,167.0,24.1,12.4,46.0,0.0,993.9,100,27.5667,72.0667,74.1965231898815
2024-01-31 13:00:00+05:30,672.0,713.5,170.0,25.2,15.3,43.0,0.0,992.7,100,27.5667,72.0667,77.46628599689322
2024-01-31 14:00:00+05:30,635.0,704.1,163.0,25.9,15.3,40.0,12.0,991.5,100,27.5667,72.0667,72.42222303247408
2024-01-31 15:00:00+05:30,477.0,551.5,156.0,26.1,15.5,37.0,32.0,990.9,100,27.5667,72.0667,56.22817634109545
2024-01-31 16:00:00+05:30,338.0,467.9,130.0,26.1,15.9,37.0,24.0,990.5,100,27.5667,72.0667,40.856413639084394
2024-01-31 17:00:00+05:30,172.0,325.5,85.0,25.6,14.8,38.0,2.0,990.5,100,27.5667,72.0667,21.411959233901182
2024-01-31 18:00:00+05:30,31.0,75.2,23.0,24.3,10.5,41.0,20.0,990.5,100,27.5667,72.0667,2.9701974739329056
2024-01-31 19:00:00+05:30,0.0,0.0,0.0,22.6,10.6,47.0,17.0,991.1,100,27.5667,72.0667,0.0
2024-01-31 20:00:00+05:30,0.0,0.0,0.0,21.4,10.9,52.0,1.0,991.5,100,27.5667,72.0667,0.0
2024-01-31 21:00:00+05:30,0.0,0.0,0.0,20.5,11.6,55.0,0.0,992.0,100,27.5667,72.0667,0.0
2024-01-31 22:00:00+05:30,0.0,0.0,0.0,20.0,13.4,57.0,0.0,992.2,100,27.5667,72.0667,0.0
2024-01-31 23:00:00+05:30,0.0,0.0,0.0,19.0,13.2,59.0,0.0,991.9,100,27.5667,72.0667,0.0
2024-02-01 00:00:00+05:30,0.0,0.0,0.0,17.6,11.0,62.0,0.0,991.6,100,27.5667,72.0667,0.0
2024-02-01 01:00:00+05:30,0.0,0.0,0.0,16.5,10.5,64.0,0.0,991.2,100,27.5667,72.0667,0.0
2024-02-01 02:00:00+05:30,0.0,0.0,0.0,15.6,10.7,64.0,0.0,991.0,100,27.5667,72.0667,0.0
2024-02-01 03:00:00+05:30,0.0,0.0,0.0,14.7,11.0,66.0,0.0,990.8,100,27.5667,72.0667,0.0
2024-02-01 04:00:00+05:30,0.0,0.0,0.0,14.3,12.3,67.0,0.0,990.7,100,27.5667,72.0667,0.0
2024-02-01 05:00:00+05:30,0.0,0.0,0.0,13.9,12.8,69.0,0.0,990.9,100,27.5667,72.0667,0.0
2024-02-01 06:00:00+05:30,0.0,0.0,0.0,12.8,11.6,75.0,0.0,991.7,100,27.5667,72.0667,0.0
2024-02-01 07:00:00+05:30,0.0,0.0,0.0,12.8,12.5,77.0,0.0,992.4,100,27.5667,72.0667,0.0
2024-02-01 08:00:00+05:30,52.0,145.3,34.0,14.4,13.5,72.0,0.0,993.3,100,27.5667,72.0667,6.146638796116144
2024-02-01 09:00:00+05:30,223.0,417.2,98.0,18.0,12.2,58.0,0.0,994.5,100,27.5667,72.0667,28.760327092853863
2024-02-01 10:00:00+05:30,413.0,591.4,134.0,21.2,11.2,48.0,0.0,995.3,100,27.5667,72.0667,51.71103864045611
2024-02-01 11:00:00+05:30,568.0,685.6,155.0,23.0,16.7,38.0,0.0,995.5,100,27.5667,72.0667,67.78573204758894
2024-02-01 12:00:00+05:30,668.0,735.4,166.0,24.1,18.4,27.0,0.0,994.7,100,27.5667,72.0667,79.7229266993664
2024-02-01 13:00:00+05:30,703.0,753.9,170.0,25.1,17.3,20.0,0.0,993.8,100,27.5667,72.0667,81.56238564340775
2024-02-01 14:00:00+05:30,664.0,740.5,165.0,25.7,17.3,17.0,0.0,993.2,100,27.5667,72.0667,77.2511494862343
2024-02-01 15:00:00+05:30,556.0,690.0,152.0,25.9,16.4,16.0,0.0,992.9,100,27.5667,72.0667,65.93237615224358
2024-02-01 16:00:00+05:30,393.0,589.4,129.0,25.6,16.1,17.0,0.0,993.0,100,27.5667,72.0667,48.791089933809054
2024-02-01 17:00:00+05:30,198.0,395.6,91.0,24.9,14.9,17.0,0.0,993.2,100,27.5667,72.0667,25.092793158616733
2024-02-01 18:00:00+05:30,36.0,101.8,25.0,21.7,7.6,27.0,0.0,994.2,100,27.5667,72.0667,3.6772161682411144
2024-02-01 19:00:00+05:30,0.0,0.0,0.0,21.6,5.2,27.0,0.0,994.8,100,27.5667,72.0667,0.0
2024-02-01 20:00:00+05:30,0.0,0.0,0.0,19.6,6.6,32.0,0.0,995.0,100,27.5667,72.0667,0.0
2024-02-01 21:00:00+05:30,0.0,0.0,0.0,17.9,10.5,35.0,0.0,995.3,100,27.5667,72.0667,0.0
2024-02-01 22:00:00+05:30,0.0,0.0,0.0,16.9,12.2,37.0,0.0,995.5,100,27.5667,72.0667,0.0
2024-02-01 23:00:00+05:30,0.0,0.0,0.0,16.0,12.6,39.0,0.0,995.4,100,27.5667,72.0667,0.0
2024-02-02 00:00:00+05:30,0.0,0.0,0.0,15.3,14.8,41.0,0.0,995.3,100,27.5667,72.0667,0.0
2024-02-02 01:00:00+05:30,0.0,0.0,0.0,14.8,16.8,45.0,41.0,995.3,100,27.5667,72.0667,0.0
2024-02-02 02:00:00+05:30,0.0,0.0,0.0,14.1,17.2,49.0,16.0,995.2,100,27.5667,72.0667,0.0
2024-02-02 03:00:00+05:30,0.0,0.0,0.0,13.4,17.2,52.0,15.0,995.2,100,27.5667,72.0667,0.0
2024-02-02 04:00:00+05:30,0.0,0.0,0.0,13.2,16.8,54.0,27.0,995.1,100,27.5667,72.0667,0.0
2024-02-02 05:00:00+05:30,0.0,0.0,0.0,12.9,16.4,57.0,59.0,995.1,100,27.5667,72.0667,0.0
2024-02-02 06:00:00+05:30,0.0,0.0,0.0,13.2,15.1,65.0,60.0,996.3,100,27.5667,72.0667,0.0
2024-02-02 07:00:00+05:30,0.0,0.0,0.0,13.1,16.1,71.0,68.0,997.1,100,27.5667,72.0667,0.0
2024-02-02 08:00:00+05:30,50.0,104.0,37.0,14.0,16.5,71.0,93.0,998.0,100,27.5667,72.0667,5.357109686079232
2024-02-02 09:00:00+05:30,157.0,112.6,123.0,16.0,17.1,65.0,67.0,999.0,100,27.5667,72.0667,16.320876729340956
2024-02-02 10:00:00+05:30,365.0,440.5,156.0,18.4,19.1,57.0,99.0,999.4,100,27.5667,72.0667,43.676555983862734
2024-02-02 11:00:00+05:30,408.0,241.2,262.0,20.6,18.5,50.0,92.0,999.3,100,27.5667,72.0667,42.969173372698215
2024-02-02 12:00:00+05:30,481.0,300.4,275.0,23.2,19.2,37.0,100.0,998.3,100,27.5667,72.0667,50.77232188735456
2024-02-02 13:00:00+05:30,245.0,19.7,231.0,23.6,16.5,32.0,100.0,997.2,100,27.5667,72.0667,22.0332830925697
2024-02-02 14:00:00+05:30,358.0,147.6,258.0,24.6,14.4,28.0,61.0,996.3,100,27.5667,72.0667,35.54195968705892
2024-02-02 15:00:00+05:30,461.0,417.7,215.0,25.3,14.3,25.0,41.0,995.6,100,27.5667,72.0667,51.46841318752531
2024-02-02 16:00:00+05:30,374.0,527.4,136.0,25.4,14.9,23.0,30.0,995.2,100,27.5667,72.0667,47.49803408557461
2024-02-02 17:00:00+05:30,191.0,361.7,92.0,24.8,15.6,23.0,8.0,994.8,100,27.5667,72.0667,23.599518468090384
2024-02-02 18:00:00+05:30,35.0,91.2,25.0,22.8,9.4,28.0,6.0,995.2,100,27.5667,72.0667,3.483529842669079
2024-02-02 19:00:00+05:30,0.0,0.0,0.0,21.3,10.1,30.0,16.0,995.6,100,27.5667,72.0667,0.0
2024-02-02 20:00:00+05:30,0.0,0.0,0.0,20.3,13.2,31.0,37.0,996.0,100,27.5667,72.0667,0.0
2024-02-02 21:00:00+05:30,0.0,0.0,0.0,19.7,19.1,32.0,87.0,996.1,100,27.5667,72.0667,0.0
2024-02-02 22:00:00+05:30,0.0,0.0,0.0,19.7,20.3,30.0,55.0,996.2,100,27.5667,72.0667,0.0
2024-02-02 23:00:00+05:30,0.0,0.0,0.0,18.3,20.9,33.0,84.0,995.7,100,27.5667,72.0667,0.0
2024-02-03 00:00:00+05:30,0.0,0.0,0.0,17.9,15.7,35.0,86.0,995.7,100,27.5667,72.0667,0.0
2024-02-03 01:00:00+05:30,0.0,0.0,0.0,17.8,17.9,35.0,67.0,994.8,100,27.5667,72.0667,0.0
2024-02-03 02:00:00+05:30,0.0,0.0,0.0,17.0,16.7,37.0,64.0,994.4,100,27.5667,72.0667,0.0
2024-02-03 03:00:00+05:30,0.0,0.0,0.0,15.8,11.4,44.0,100.0,994.3,100,27.5667,72.0667,0.0
2024-02-03 04:00:00+05:30,0.0,0.0,0.0,16.3,12.9,41.0,95.0,994.0,100,27.5667,72.0667,0.0
2024-02-03 05:00:00+05:30,0.0,0.0,0.0,16.4,14.3,41.0,55.0,993.6,100,27.5667,72.0667,0.0
2024-02-03 06:00:00+05:30,0.0,0.0,0.0,15.4,10.2,58.0,66.0,994.7,100,27.5667,72.0667,0.0
2024-02-03 07:00:00+05:30,0.0,0.0,0.0,14.4,10.8,63.0,100.0,995.3,100,27.5667,72.0667,0.0
2024-02-03 08:00:00+05:30,43.0,47.5,37.0,15.7,9.8,58.0,99.0,995.9,100,27.5667,72.0667,4.133894583847532
2024-02-03 09:00:00+05:30,165.0,115.0,130.0,17.6,9.4,51.0,99.0,996.6,100,27.5667,72.0667,16.960720784099735
2024-02-03 10:00:00+05:30,264.0,113.2,210.0,20.0,12.8,42.0,98.0,996.9,100,27.5667,72.0667,26.828453200533723
2024-02-03 11:00:00+05:30,372.0,151.2,280.0,21.9,17.4,43.0,100.0,996.6,100,27.5667,72.0667,37.41902645257993
2024-02-03 12:00:00+05:30,537.0,343.9,300.0,23.7,20.0,47.0,100.0,995.6,100,27.5667,72.0667,56.51796769766022
2024-02-03 13:00:00+05:30,546.0,337.6,305.0,24.1,18.1,48.0,100.0,994.8,100,27.5667,72.0667,56.854412965132795
2024-02-03 14:00:00+05:30,365.0,136.6,272.0,24.2,19.7,48.0,100.0,994.1,100,27.5667,72.0667,36.46979610008982
2024-02-03 15:00:00+05:30,310.0,94.5,254.0,23.7,14.3,51.0,100.0,993.4,100,27.5667,72.0667,29.564284838157555
2024-02-03 16:00:00+05:30,308.0,272.7,184.0,24.0,13.0,51.0,100.0,993.3,100,27.5667,72.0667,33.45203411251746
2024-02-03 17:00:00+05:30,102.0,25.3,95.0,23.7,12.4,52.0,100.0,993.6,100,27.5667,72.0667,9.15643579766341
2024-02-03 18:00:00+05:30,28.0,27.0,25.0,22.0,16.6,59.0,100.0,994.1,100,27.5667,72.0667,2.2072069797569522
2024-02-03 19:00:00+05:30,0.0,0.0,0.0,20.7,12.9,66.0,100.0,994.9,100,27.5667,72.0667,0.0
2024-02-03 20:00:00+05:30,0.0,0.0,0.0,19.8,9.9,72.0,99.0,995.1,100,27.5667,72.0667,0.0
2024-02-03 21:00:00+05:30,0.0,0.0,0.0,18.9,9.1,78.0,100.0,995.5,100,27.5667,72.0667,0.0
2024-02-03 22:00:00+05:30,0.0,0.0,0.0,18.1,6.6,83.0,99.0,995.2,100,27.5667,72.0667,0.0
2024-02-03 23:00:00+05:30,0.0,0.0,0.0,17.6,9.0,84.0,100.0,994.8,100,27.5667,72.0667,0.0
2024-02-04 00:00:00+05:30,0.0,0.0,0.0,17.5,7.4,85.0,43.0,994.3,100,27.5667,72.0667,0.0
2024-02-04 01:00:00+05:30,0.0,0.0,0.0,16.5,7.2,90.0,44.0,994.0,100,27.5667,72.0667,0.0
2024-02-04 02:00:00+05:30,0.0,0.0,0.0,15.9,6.8,92.0,99.0,993.5,100,27.5667,72.0667,0.0
2024-02-04 03:00:00+05:30,0.0,0.0,0.0,16.0,6.9,92.0,100.0,992.8,100,27.5667,72.0667,0.0
2024-02-04 04:00:00+05:30,0.0,0.0,0.0,16.3,8.7,89.0,100.0,992.6,100,27.5667,72.0667,0.0
2024-02-04 05:00:00+05:30,0.0,0.0,0.0,16.4,8.9,87.0,100.0,992.3,100,27.5667,72.0667,0.0
2024-02-04 06:00:00+05:30,0.0,0.0,0.0,14.6,3.9,93.0,67.0,993.5,100,27.5667,72.0667,0.0
2024-02-04 07:00:00+05:30,0.0,0.0,0.0,15.0,4.9,91.0,100.0,994.1,100,27.5667,72.0667,0.0
2024-02-04 08:00:00+05:30,30.0,0.0,30.0,15.7,4.6,86.0,59.0,994.9,100,27.5667,72.0667,2.274336370635922
2024-02-04 09:00:00+05:30,145.0,117.3,109.0,16.6,5.3,81.0,97.0,995.5,100,27.5667,72.0667,15.038084796295058
2024-02-04 10:00:00+05:30,290.0,218.7,185.0,17.8,10.8,75.0,86.0,996.1,100,27.5667,72.0667,30.966989985089455
2024-02-04 11:00:00+05:30,422.0,358.1,203.0,18.4,12.7,72.0,100.0,996.3,100,27.5667,72.0667,45.57019392388255
2024-02-04 12:00:00+05:30,359.0,147.3,257.0,18.9,12.6,69.0,100.0,995.7,100,27.5667,72.0667,36.4068983044825
2024-02-04 13:00:00+05:30,316.0,37.6,289.0,19.4,14.3,66.0,100.0,994.7,100,27.5667,72.0667,28.3160545781271
2024-02-04 14:00:00+05:30,317.0,92.0,254.0,19.7,15.0,64.0,86.0,994.0,100,27.5667,72.0667,31.545545493136984
2024-02-04 15:00:00+05:30,328.0,152.7,237.0,20.2,15.1,62.0,11.0,993.5,100,27.5667,72.0667,33.55676453247343
2024-02-04 16:00:00+05:30,360.0,462.8,148.0,20.4,13.8,60.0,1.0,993.4,100,27.5667,72.0667,43.0000065217195
2024-02-04 17:00:00+05:30,195.0,357.0,95.0,20.0,11.3,61.0,0.0,993.7,100,27.5667,72.0667,24.727181176712918
2024-02-04 18:00:00+05:30,38.0,97.5,27.0,18.8,8.9,67.0,2.0,994.2,100,27.5667,72.0667,3.9296899678524095
2024-02-04 19:00:00+05:30,0.0,0.0,0.0,17.4,9.4,73.0,2.0,995.1,100,27.5667,72.0667,0.0
2024-02-04 20:00:00+05:30,0.0,0.0,0.0,16.1,7.8,80.0,36.0,995.4,100,27.5667,72.0667,0.0
2024-02-04 21:00:00+05:30,0.0,0.0,0.0,15.4,6.5,82.0,17.0,995.7,100,27.5667,72.0667,0.0
2024-02-04 22:00:00+05:30,0.0,0.0,0.0,14.6,6.9,84.0,0.0,995.9,100,27.5667,72.0667,0.0
2024-02-04 23:00:00+05:30,0.0,0.0,0.0,13.8,7.2,86.0,0.0,995.8,100,27.5667,72.0667,0.0
2024-02-05 00:00:00+05:30,0.0,0.0,0.0,13.2,9.1,87.0,0.0,995.5,100,27.5667,72.0667,0.0
2024-02-05 01:00:00+05:30,0.0,0.0,0.0,12.9,10.4,88.0,0.0,995.4,100,27.5667,72.0667,0.0
2024-02-05 02:00:00+05:30,0.0,0.0,0.0,12.3,10.5,89.0,0.0,995.2,100,27.5667,72.0667,0.0
2024-02-05 03:00:00+05:30,0.0,0.0,0.0,12.0,10.9,88.0,0.0,994.9,100,27.5667,72.0667,0.0
2024-02-05 04:00:00+05:30,0.0,0.0,0.0,11.2,9.6,91.0,0.0,994.9,100,27.5667,72.0667,0.0
2024-02-05 05:00:00+05:30,0.0,0.0,0.0,10.1,6.9,94.0,0.0,995.0,100,27.5667,72.0667,0.0
2024-02-05 06:00:00+05:30,0.0,0.0,0.0,10.0,8.1,97.0,0.0,995.9,100,27.5667,72.0667,0.0
2024-02-05 07:00:00+05:30,0.0,0.0,0.0,9.8,9.1,98.0,0.0,996.5,100,27.5667,72.0667,0.0
2024-02-05 08:00:00+05:30,56.0,147.5,37.0,11.1,9.0,96.0,0.0,997.2,100,27.5667,72.0667,6.5051285078277274
2024-02-05 09:00:00+05:30,229.0,403.6,104.0,13.6,9.1,87.0,2.0,998.2,100,27.5667,72.0667,29.814176001731038
2024-02-05 10:00:00+05:30,418.0,571.3,142.0,16.4,10.9,77.0,9.0,998.7,100,27.5667,72.0667,50.53252707191785
2024-02-05 11:00:00+05:30,573.0,665.2,164.0,18.8,12.8,66.0,29.0,998.4,100,27.5667,72.0667,66.51780753082468
2024-02-05 12:00:00+05:30,669.0,699.7,182.0,20.3,10.5,56.0,54.0,997.7,100,27.5667,72.0667,76.39449228978161
2024-02-05 13:00:00+05:30,690.0,672.7,205.0,21.3,8.0,49.0,43.0,996.8,100,27.5667,72.0667,77.09581408891177
2024-02-05 14:00:00+05:30,656.0,680.1,188.0,22.0,6.5,44.0,14.0,995.9,100,27.5667,72.0667,73.0034288954712
2024-02-05 15:00:00+05:30,552.0,650.4,162.0,22.4,4.7,39.0,4.0,995.2,100,27.5667,72.0667,62.7924149823966
2024-02-05 16:00:00+05:30,394.0,561.1,135.0,22.5,4.0,37.0,14.0,994.7,100,27.5667,72.0667,47.60528093741375
2024-02-05 17:00:00+05:30,203.0,381.2,95.0,22.3,3.6,36.0,36.0,994.7,100,27.5667,72.0667,24.82652725308654
2024-02-05 18:00:00+05:30,40.0,104.9,28.0,19.8,5.8,46.0,68.0,995.5,100,27.5667,72.0667,4.0125750541589476
2024-02-05 19:00:00+05:30,0.0,0.0,0.0,19.0,13.1,39.0,82.0,996.1,100,27.5667,72.0667,0.0
2024-02-05 20:00:00+05:30,0.0,0.0,0.0,18.0,14.1,45.0,59.0,996.9,100,27.5667,72.0667,0.0
2024-02-05 21:00:00+05:30,0.0,0.0,0.0,17.0,12.8,49.0,72.0,997.2,100,27.5667,72.0667,0.0
2024-02-05 22:00:00+05:30,0.0,0.0,0.0,16.2,12.6,52.0,85.0,997.3,100,27.5667,72.0667,0.0
2024-02-05 23:00:00+05:30,0.0,0.0,0.0,15.5,12.2,53.0,93.0,997.2,100,27.5667,72.0667,0.0
2024-02-06 00:00:00+05:30,0.0,0.0,0.0,14.8,13.3,53.0,85.0,996.9,100,27.5667,72.0667,0.0
2024-02-06 01:00:00+05:30,0.0,0.0,0.0,14.0,13.8,51.0,89.0,996.5,100,27.5667,72.0667,0.0
2024-02-06 02:00:00+05:30,0.0,0.0,0.0,13.3,13.7,50.0,87.0,996.0,100,27.5667,72.0667,0.0
2024-02-06 03:00:00+05:30,0.0,0.0,0.0,12.5,14.1,54.0,70.0,995.9,100,27.5667,72.0667,0.0
2024-02-06 04:00:00+05:30,0.0,0.0,0.0,11.9,14.1,60.0,91.0,995.9,100,27.5667,72.0667,0.0
2024-02-06 05:00:00+05:30,0.0,0.0,0.0,11.4,14.1,66.0,93.0,995.9,100,27.5667,72.0667,0.0
2024-02-06 06:00:00+05:30,0.0,0.0,0.0,12.0,14.7,68.0,87.0,997.1,100,27.5667,72.0667,0.0
2024-02-06 07:00:00+05:30,0.0,0.0,0.0,11.8,15.8,73.0,18.0,998.0,100,27.5667,72.0667,0.0
2024-02-06 08:00:00+05:30,53.0,130.6,36.0,12.6,17.1,72.0,13.0,998.4,100,27.5667,72.0667,6.17530753001538
2024-02-06 09:00:00+05:30,214.0,352.0,104.0,14.7,17.3,64.0,4.0,999.3,100,27.5667,72.0667,26.78247522909951
2024-02-06 10:00:00+05:30,407.0,545.0,142.0,17.6,18.3,54.0,5.0,999.8,100,27.5667,72.0667,52.104730176962214
2024-02-06 11:00:00+05:30,562.0,635.7,169.0,20.6,21.3,39.0,5.0,999.5,100,27.5667,72.0667,69.44001875913297
2024-02-06 12:00:00+05:30,659.0,681.8,182.0,22.2,19.9,30.0,44.0,998.7,100,27.5667,72.0667,77.46301566221103
2024-02-06 13:00:00+05:30,692.0,703.8,182.0,23.1,17.0,28.0,18.0,997.6,100,27.5667,72.0667,80.06107147432203
2024-02-06 14:00:00+05:30,656.0,689.5,179.0,23.6,14.1,28.0,15.0,996.8,100,27.5667,72.0667,75.37210350821822
2024-02-06 15:00:00+05:30,521.0,555.3,186.0,23.7,13.0,27.0,89.0,996.0,100,27.5667,72.0667,59.35047202529614
2024-02-06 16:00:00+05:30,371.0,443.0,165.0,23.6,11.2,27.0,99.0,995.8,100,27.5667,72.0667,41.84897777640085
2024-02-06 17:00:00+05:30,152.0,136.1,113.0,23.1,12.0,27.0,94.0,995.8,100,27.5667,72.0667,16.042895658996617
2024-02-06 18:00:00+05:30,37.0,43.1,32.0,22.0,11.2,26.0,97.0,997.0,100,27.5667,72.0667,3.256481690931233
2024-02-06 19:00:00+05:30,0.0,0.0,0.0,20.2,17.4,27.0,87.0,997.4,100,27.5667,72.0667,0.0
2024-02-06 20:00:00+05:30,0.0,0.0,0.0,19.3,21.6,28.0,85.0,997.6,100,27.5667,72.0667,0.0
2024-02-06 21:00:00+05:30,0.0,0.0,0.0,18.3,19.6,29.0,97.0,998.0,100,27.5667,72.0667,0.0
2024-02-06 22:00:00+05:30,0.0,0.0,0.0,17.6,19.2,29.0,99.0,998.2,100,27.5667,72.0667,0.0
2024-02-06 23:00:00+05:30,0.0,0.0,0.0,16.8,19.5,29.0,100.0,998.0,100,27.5667,72.0667,0.0
2024-02-07 00:00:00+05:30,0.0,0.0,0.0,16.5,19.4,29.0,100.0,997.5,100,27.5667,72.0667,0.0
2024-02-07 01:00:00+05:30,0.0,0.0,0.0,16.0,20.1,31.0,100.0,997.1,100,27.5667,72.0667,0.0
2024-02-07 02:00:00+05:30,0.0,0.0,0.0,15.9,19.6,33.0,100.0,996.7,100,27.5667,72.0667,0.0
2024-02-07 03:00:00+05:30,0.0,0.0,0.0,15.4,18.6,35.0,100.0,996.4,100,27.5667,72.0667,0.0
2024-02-07 04:00:00+05:30,0.0,0.0,0.0,15.1,18.2,37.0,72.0,996.3,100,27.5667,72.0667,0.0
2024-02-07 05:00:00+05:30,0.0,0.0,0.0,14.7,15.0,40.0,97.0,996.4,100,27.5667,72.0667,0.0
2024-02-07 06:00:00+05:30,0.0,0.0,0.0,14.8,14.8,49.0,94.0,998.4,100,27.5667,72.0667,0.0
2024-02-07 07:00:00+05:30,0.0,0.0,0.0,14.5,14.4,56.0,91.0,999.4,100,27.5667,72.0667,0.0
2024-02-07 08:00:00+05:30,39.0,68.4,30.0,14.9,14.0,53.0,49.0,1000.2,100,27.5667,72.0667,3.795862666824905
2024-02-07 09:00:00+05:30,192.0,285.4,102.0,16.4,19.4,50.0,95.0,1000.8,100,27.5667,72.0667,22.431764287422286
2024-02-07 10:00:00+05:30,402.0,496.6,159.0,19.1,22.1,41.0,93.0,1001.3,100,27.5667,72.0667,46.45744217095021
2024-02-07 11:00:00+05:30,489.0,447.2,211.0,20.5,20.0,36.0,29.0,1001.3,100,27.5667,72.0667,55.96439704366542
2024-02-07 12:00:00+05:30,650.0,659.9,186.0,21.6,19.4,32.0,7.0,1000.4,100,27.5667,72.0667,78.33329165470543
2024-02-07 13:00:00+05:30,697.0,702.9,185.0,22.2,19.0,31.0,30.0,999.9,100,27.5667,72.0667,80.67846839277756
2024-02-07 14:00:00+05:30,666.0,695.9,182.0,22.5,17.3,31.0,1.0,999.3,100,27.5667,72.0667,76.37435234494593
2024-02-07 15:00:00+05:30,561.0,657.5,162.0,22.5,17.1,31.0,4.0,998.9,100,27.5667,72.0667,66.1042734841225
2024-02-07 16:00:00+05:30,402.0,563.5,138.0,22.2,17.9,32.0,0.0,998.7,100,27.5667,72.0667,49.78859097785378
2024-02-07 17:00:00+05:30,211.0,386.5,99.0,21.5,18.0,33.0,0.0,999.1,100,27.5667,72.0667,26.410593189733966
2024-02-07 18:00:00+05:30,44.0,110.5,31.0,20.9,15.2,36.0,0.0,999.8,100,27.5667,72.0667,4.532927999246939
2024-02-07 19:00:00+05:30,0.0,0.0,0.0,19.5,15.0,38.0,0.0,1000.4,100,27.5667,72.0667,0.0
2024-02-07 20:00:00+05:30,0.0,0.0,0.0,18.4,13.9,41.0,0.0,1001.1,100,27.5667,72.0667,0.0
2024-02-07 21:00:00+05:30,0.0,0.0,0.0,17.1,14.6,45.0,1.0,1001.5,100,27.5667,72.0667,0.0
2024-02-07 22:00:00+05:30,0.0,0.0,0.0,16.0,12.6,52.0,87.0,1001.9,100,27.5667,72.0667,0.0
2024-02-07 23:00:00+05:30,0.0,0.0,0.0,14.8,10.2,59.0,53.0,1001.6,100,27.5667,72.0667,0.0
2024-02-08 00:00:00+05:30,0.0,0.0,0.0,13.8,9.7,64.0,83.0,1001.3,100,27.5667,72.0667,0.0
2024-02-08 01:00:00+05:30,0.0,0.0,0.0,12.9,9.2,69.0,99.0,1001.0,100,27.5667,72.0667,0.0
2024-02-08 02:00:00+05:30,0.0,0.0,0.0,12.2,8.0,74.0,97.0,1000.4,100,27.5667,72.0667,0.0
2024-02-08 03:00:00+05:30,0.0,0.0,0.0,11.7,6.0,78.0,100.0,1000.3,100,27.5667,72.0667,0.0
2024-02-08 04:00:00+05:30,0.0,0.0,0.0,11.2,6.1,80.0,94.0,1000.1,100,27.5667,72.0667,0.0
2024-02-08 05:00:00+05:30,0.0,0.0,0.0,10.5,8.0,85.0,98.0,999.9,100,27.5667,72.0667,0.0
2024-02-08 06:00:00+05:30,0.0,0.0,0.0,11.6,4.2,78.0,99.0,1001.5,100,27.5667,72.0667,0.0
2024-02-08 07:00:00+05:30,0.0,0.0,0.0,10.5,5.2,85.0,79.0,1001.6,100,27.5667,72.0667,0.0
2024-02-08 08:00:00+05:30,60.0,127.8,43.0,11.7,6.6,78.0,100.0,1002.2,100,27.5667,72.0667,6.548327374700385
2024-02-08 09:00:00+05:30,201.0,188.5,141.0,14.1,4.3,67.0,97.0,1002.9,100,27.5667,72.0667,21.724077009499254
2024-02-08 10:00:00+05:30,402.0,422.2,194.0,17.2,4.8,56.0,99.0,1003.2,100,27.5667,72.0667,44.120868691926304
2024-02-08 11:00:00+05:30,560.0,526.3,231.0,18.9,2.5,48.0,100.0,1003.2,100,27.5667,72.0667,59.99658467247722
2024-02-08 12:00:00+05:30,601.0,415.9,307.0,20.1,4.0,38.0,97.0,1002.2,100,27.5667,72.0667,60.62199696580545
2024-02-08 13:00:00+05:30,704.0,622.9,248.0,21.9,8.5,29.0,0.0,1000.8,100,27.5667,72.0667,79.07569626932182
2024-02-08 14:00:00+05:30,704.0,757.9,174.0,23.2,10.2,21.0,0.0,999.6,100,27.5667,72.0667,79.2891270281888
2024-02-08 15:00:00+05:30,591.0,701.0,163.0,23.6,12.0,20.0,0.0,998.6,100,27.5667,72.0667,70.48326352365989
2024-02-08 16:00:00+05:30,423.0,601.8,139.0,23.5,11.1,21.0,0.0,998.0,100,27.5667,72.0667,50.74097661314525
2024-02-08 17:00:00+05:30,223.0,416.4,101.0,22.9,9.7,21.0,0.0,997.7,100,27.5667,72.0667,27.54893991964617
2024-02-08 18:00:00+05:30,47.0,125.8,32.0,20.9,8.2,24.0,0.0,997.5,100,27.5667,72.0667,4.915442717014763
2024-02-08 19:00:00+05:30,0.0,0.0,0.0,19.3,6.0,28.0,0.0,997.6,100,27.5667,72.0667,0.0
2024-02-08 20:00:00+05:30,0.0,0.0,0.0,19.6,4.8,27.0,0.0,998.0,100,27.5667,72.0667,0.0
2024-02-08 21:00:00+05:30,0.0,0.0,0.0,17.4,6.3,30.0,0.0,997.8,100,27.5667,72.0667,0.0
2024-02-08 22:00:00+05:30,0.0,0.0,0.0,15.4,10.0,34.0,0.0,997.7,100,27.5667,72.0667,0.0
2024-02-08 23:00:00+05:30,0.0,0.0,0.0,14.5,10.9,36.0,0.0,997.4,100,27.5667,72.0667,0.0
2024-02-09 00:00:00+05:30,0.0,0.0,0.0,13.6,10.4,37.0,0.0,996.9,100,27.5667,72.0667,0.0
2024-02-09 01:00:00+05:30,0.0,0.0,0.0,12.8,10.2,39.0,0.0,996.4,100,27.5667,72.0667,0.0
2024-02-09 02:00:00+05:30,0.0,0.0,0.0,12.2,11.3,40.0,0.0,996.0,100,27.5667,72.0667,0.0
2024-02-09 03:00:00+05:30,0.0,0.0,0.0,11.8,12.6,41.0,0.0,995.6,100,27.5667,72.0667,0.0
2024-02-09 04:00:00+05:30,0.0,0.0,0.0,11.3,12.2,46.0,0.0,995.6,100,27.5667,72.0667,0.0
2024-02-09 05:00:00+05:30,0.0,0.0,0.0,10.7,12.1,54.0,0.0,995.4,100,27.5667,72.0667,0.0
2024-02-09 06:00:00+05:30,0.0,0.0,0.0,10.7,11.6,60.0,0.0,996.4,100,27.5667,72.0667,0.0
2024-02-09 07:00:00+05:30,0.0,0.0,0.0,10.2,11.4,64.0,0.0,997.0,100,27.5667,72.0667,0.0
2024-02-09 08:00:00+05:30,66.0,170.9,43.0,11.9,8.9,59.0,0.0,998.1,100,27.5667,72.0667,7.813869175993426
2024-02-09 09:00:00+05:30,250.0,441.9,108.0,15.0,5.5,50.0,0.0,998.9,100,27.5667,72.0667,31.321452468270074
2024-02-09 10:00:00+05:30,449.0,615.0,144.0,18.0,4.8,43.0,0.0,999.3,100,27.5667,72.0667,53.94163929013604
2024-02-09 11:00:00+05:30,612.0,709.4,166.0,20.8,7.1,35.0,0.0,999.4,100,27.5667,72.0667,72.15026870749865
2024-02-09 12:00:00+05:30,714.0,754.4,178.0,22.6,9.9,26.0,0.0,998.9,100,27.5667,72.0667,81.79071008674131
2024-02-09 13:00:00+05:30,747.0,767.8,182.0,23.6,10.5,22.0,0.0,997.8,100,27.5667,72.0667,83.06752607529263
2024-02-09 14:00:00+05:30,706.0,753.9,176.0,24.3,10.0,19.0,0.0,996.7,100,27.5667,72.0667,79.89257621695239
2024-02-09 15:00:00+05:30,596.0,706.6,162.0,24.7,8.0,17.0,0.0,996.2,100,27.5667,72.0667,66.46692785086998
2024-02-09 16:00:00+05:30,429.0,607.9,140.0,24.7,6.2,16.0,0.0,996.1,100,27.5667,72.0667,50.12571404701175
2024-02-09 17:00:00+05:30,228.0,425.4,102.0,24.3,4.7,15.0,0.0,996.3,100,27.5667,72.0667,26.747740069090842
2024-02-09 18:00:00+05:30,49.0,132.4,33.0,24.2,2.6,14.0,0.0,996.5,100,27.5667,72.0667,5.0916903753270635
2024-02-09 19:00:00+05:30,0.0,0.0,0.0,23.3,1.5,15.0,0.0,997.3,100,27.5667,72.0667,0.0
2024-02-09 20:00:00+05:30,0.0,0.0,0.0,20.4,6.1,19.0,0.0,997.6,100,27.5667,72.0667,0.0
2024-02-09 21:00:00+05:30,0.0,0.0,0.0,17.8,11.9,22.0,0.0,997.8,100,27.5667,72.0667,0.0
2024-02-09 22:00:00+05:30,0.0,0.0,0.0,16.8,12.1,23.0,0.0,998.1,100,27.5667,72.0667,0.0
2024-02-09 23:00:00+05:30,0.0,0.0,0.0,15.7,12.2,25.0,0.0,998.1,100,27.5667,72.0667,0.0
2024-02-10 00:00:00+05:30,0.0,0.0,0.0,14.5,15.0,28.0,0.0,998.1,100,27.5667,72.0667,0.0
2024-02-10 01:00:00+05:30,0.0,0.0,0.0,13.4,13.0,31.0,0.0,997.8,100,27.5667,72.0667,0.0
2024-02-10 02:00:00+05:30,0.0,0.0,0.0,12.5,11.2,34.0,0.0,997.4,100,27.5667,72.0667,0.0
2024-02-10 03:00:00+05:30,0.0,0.0,0.0,11.4,10.3,38.0,0.0,997.2,100,27.5667,72.0667,0.0
2024-02-10 04:00:00+05:30,0.0,0.0,0.0,10.7,11.8,40.0,0.0,997.3,100,27.5667,72.0667,0.0
2024-02-10 05:00:00+05:30,0.0,0.0,0.0,10.2,12.0,43.0,0.0,997.6,100,27.5667,72.0667,0.0
2024-02-10 06:00:00+05:30,0.0,0.0,0.0,11.1,13.3,48.0,0.0,998.4,100,27.5667,72.0667,0.0
2024-02-10 07:00:00+05:30,0.0,0.0,0.0,10.7,13.2,48.0,0.0,999.2,100,27.5667,72.0667,0.0
2024-02-10 08:00:00+05:30,69.0,176.3,45.0,12.3,12.2,44.0,0.0,1000.1,100,27.5667,72.0667,8.230231836386848
2024-02-10 09:00:00+05:30,255.0,450.0,109.0,15.6,10.8,36.0,0.0,1001.1,100,27.5667,72.0667,31.09781707097069
2024-02-10 10:00:00+05:30,456.0,618.8,147.0,19.3,11.8,29.0,0.0,1001.7,100,27.5667,72.0667,54.13824779733888
2024-02-10 11:00:00+05:30,619.0,711.7,169.0,22.6,13.8,22.0,0.0,1001.6,100,27.5667,72.0667,70.71663021703554
2024-02-10 12:00:00+05:30,724.0,760.2,181.0,24.2,14.4,15.0,0.0,1001.1,100,27.5667,72.0667,82.1210094971589
2024-02-10 13:00:00+05:30,758.0,774.6,185.0,25.0,13.9,14.0,0.0,1000.0,100,27.5667,72.0667,87.71110247347929
2024-02-10 14:00:00+05:30,716.0,759.8,179.0,25.6,14.0,12.0,0.0,999.0,100,27.5667,72.0667,83.30391675982794
2024-02-10 15:00:00+05:30,604.0,708.9,166.0,25.9,14.7,11.0,0.0,998.3,100,27.5667,72.0667,69.62305234804187
2024-02-10 16:00:00+05:30,434.0,609.7,142.0,25.8,14.9,11.0,0.0,998.2,100,27.5667,72.0667,51.23357146543829
2024-02-10 17:00:00+05:30,231.0,424.1,104.0,25.1,15.5,11.0,0.0,998.5,100,27.5667,72.0667,28.118699447470103
2024-02-10 18:00:00+05:30,50.0,130.6,34.0,22.9,13.3,16.0,0.0,999.0,100,27.5667,72.0667,5.156034141258231
2024-02-10 19:00:00+05:30,0.0,0.0,0.0,20.8,11.5,19.0,0.0,999.3,100,27.5667,72.0667,0.0
2024-02-10 20:00:00+05:30,0.0,0.0,0.0,18.7,10.0,22.0,0.0,999.8,100,27.5667,72.0667,0.0
2024-02-10 21:00:00+05:30,0.0,0.0,0.0,17.1,9.6,26.0,0.0,1000.1,100,27.5667,72.0667,0.0
2024-02-10 22:00:00+05:30,0.0,0.0,0.0,16.2,11.0,27.0,0.0,1000.4,100,27.5667,72.0667,0.0
2024-02-10 23:00:00+05:30,0.0,0.0,0.0,15.7,12.9,27.0,0.0,1000.1,100,27.5667,72.0667,0.0
2024-02-11 00:00:00+05:30,0.0,0.0,0.0,15.3,14.3,28.0,0.0,999.7,100,27.5667,72.0667,0.0
2024-02-11 01:00:00+05:30,0.0,0.0,0.0,14.7,15.5,32.0,0.0,999.3,100,27.5667,72.0667,0.0
2024-02-11 02:00:00+05:30,0.0,0.0,0.0,14.1,15.5,36.0,0.0,998.7,100,27.5667,72.0667,0.0
2024-02-11 03:00:00+05:30,0.0,0.0,0.0,13.5,15.5,37.0,0.0,998.2,100,27.5667,72.0667,0.0
2024-02-11 04:00:00+05:30,0.0,0.0,0.0,12.7,14.8,39.0,0.0,998.2,100,27.5667,72.0667,0.0
2024-02-11 05:00:00+05:30,0.0,0.0,0.0,11.6,14.2,41.0,0.0,998.4,100,27.5667,72.0667,0.0
2024-02-11 06:00:00+05:30,0.0,0.0,0.0,11.7,14.5,41.0,0.0,999.1,100,27.5667,72.0667,0.0
2024-02-11 07:00:00+05:30,0.0,0.0,0.0,11.1,14.5,43.0,0.0,999.8,100,27.5667,72.0667,0.0
2024-02-11 08:00:00+05:30,70.0,181.6,45.0,12.2,12.6,42.0,0.0,1000.7,100,27.5667,72.0667,8.39950644064194
2024-02-11 09:00:00+05:30,258.0,448.7,111.0,15.0,11.3,37.0,0.0,1001.7,100,27.5667,72.0667,31.224150514760264
2024-02-11 10:00:00+05:30,458.0,618.6,147.0,18.2,11.9,32.0,0.0,1002.3,100,27.5667,72.0667,55.915854227430465
2024-02-11 11:00:00+05:30,622.0,710.8,170.0,21.5,11.9,25.0,0.0,1002.2,100,27.5667,72.0667,71.61356005512765
2024-02-11 12:00:00+05:30,726.0,757.6,182.0,23.1,10.4,18.0,0.0,1001.3,100,27.5667,72.0667,82.96792505530965
2024-02-11 13:00:00+05:30,761.0,773.3,186.0,23.9,9.5,16.0,0.0,1000.2,100,27.5667,72.0667,83.85725937113385
2024-02-11 14:00:00+05:30,720.0,759.9,180.0,24.6,10.3,14.0,0.0,999.2,100,27.5667,72.0667,82.42813124879503
2024-02-11 15:00:00+05:30,608.0,711.2,166.0,24.9,13.0,13.0,0.0,998.5,100,27.5667,72.0667,70.79974150223272
2024-02-11 16:00:00+05:30,438.0,611.5,143.0,24.8,14.5,13.0,0.0,998.4,100,27.5667,72.0667,51.045537526871364
2024-02-11 17:00:00+05:30,235.0,429.5,105.0,24.2,16.9,14.0,0.0,998.3,100,27.5667,72.0667,28.91386148551863
2024-02-11 18:00:00+05:30,53.0,137.0,36.0,22.2,12.5,16.0,25.0,998.3,100,27.5667,72.0667,5.36287809395858
2024-02-11 19:00:00+05:30,0.0,0.0,0.0,20.2,11.2,19.0,0.0,998.9,100,27.5667,72.0667,0.0
2024-02-11 20:00:00+05:30,0.0,0.0,0.0,18.4,10.9,23.0,0.0,999.2,100,27.5667,72.0667,0.0
2024-02-11 21:00:00+05:30,0.0,0.0,0.0,16.4,8.0,30.0,0.0,999.9,100,27.5667,72.0667,0.0
2024-02-11 22:00:00+05:30,0.0,0.0,0.0,15.3,9.2,31.0,3.0,999.9,100,27.5667,72.0667,0.0
2024-02-11 23:00:00+05:30,0.0,0.0,0.0,14.6,11.4,32.0,100.0,999.7,100,27.5667,72.0667,0.0
2024-02-12 00:00:00+05:30,0.0,0.0,0.0,14.1,11.4,35.0,100.0,999.4,100,27.5667,72.0667,0.0
2024-02-12 01:00:00+05:30,0.0,0.0,0.0,14.0,12.8,37.0,100.0,998.9,100,27.5667,72.0667,0.0
2024-02-12 02:00:00+05:30,0.0,0.0,0.0,13.2,10.4,42.0,99.0,998.6,100,27.5667,72.0667,0.0
2024-02-12 03:00:00+05:30,0.0,0.0,0.0,13.2,12.3,44.0,91.0,997.8,100,27.5667,72.0667,0.0
2024-02-12 04:00:00+05:30,0.0,0.0,0.0,13.0,12.9,47.0,43.0,997.4,100,27.5667,72.0667,0.0
2024-02-12 05:00:00+05:30,0.0,0.0,0.0,11.8,12.9,51.0,93.0,997.6,100,27.5667,72.0667,0.0
2024-02-12 06:00:00+05:30,0.0,0.0,0.0,11.0,12.0,56.0,100.0,998.4,100,27.5667,72.0667,0.0
2024-02-12 07:00:00+05:30,0.0,0.0,0.0,10.6,11.5,55.0,100.0,999.0,100,27.5667,72.0667,0.0
2024-02-12 08:00:00+05:30,53.0,28.7,49.0,12.2,12.0,50.0,100.0,999.7,100,27.5667,72.0667,4.758457412093157
2024-02-12 09:00:00+05:30,111.0,0.0,111.0,13.8,9.2,47.0,100.0,1000.3,100,27.5667,72.0667,9.89142285333548
2024-02-12 10:00:00+05:30,248.0,43.5,226.0,16.4,9.4,41.0,100.0,1000.7,100,27.5667,72.0667,23.252153755189383
2024-02-12 11:00:00+05:30,349.0,71.9,303.0,19.0,9.6,37.0,100.0,1000.5,100,27.5667,72.0667,32.435020960157665
2024-02-12 12:00:00+05:30,435.0,116.4,351.0,21.0,12.0,28.0,100.0,999.2,100,27.5667,72.0667,41.56219988221081
2024-02-12 13:00:00+05:30,427.0,100.4,352.0,21.6,11.3,25.0,100.0,998.0,100,27.5667,72.0667,39.52231605289352
2024-02-12 14:00:00+05:30,388.0,95.2,320.0,22.0,10.9,23.0,60.0,996.9,100,27.5667,72.0667,37.38610550256611
2024-02-12 15:00:00+05:30,531.0,467.1,239.0,22.6,12.2,22.0,99.0,996.3,100,27.5667,72.0667,57.80570029258445
2024-02-12 16:00:00+05:30,367.0,352.0,196.0,22.5,13.7,21.0,100.0,996.4,100,27.5667,72.0667,40.439590074904544
2024-02-12 17:00:00+05:30,218.0,317.1,121.0,21.8,15.1,19.0,100.0,996.5,100,27.5667,72.0667,24.452828292301202
2024-02-12 18:00:00+05:30,53.0,135.3,36.0,20.2,14.2,20.0,5.0,997.2,100,27.5667,72.0667,5.668464199091306
2024-02-12 19:00:00+05:30,0.0,0.0,0.0,18.3,13.0,24.0,0.0,997.7,100,27.5667,72.0667,0.0
2024-02-12 20:00:00+05:30,0.0,0.0,0.0,16.7,10.9,28.0,3.0,998.2,100,27.5667,72.0667,0.0
2024-02-12 21:00:00+05:30,0.0,0.0,0.0,15.3,9.9,33.0,11.0,998.4,100,27.5667,72.0667,0.0
2024-02-12 22:00:00+05:30,0.0,0.0,0.0,14.2,9.0,37.0,1.0,998.3,100,27.5667,72.0667,0.0
2024-02-12 23:00:00+05:30,0.0,0.0,0.0,13.6,7.3,39.0,0.0,998.3,100,27.5667,72.0667,0.0
2024-02-13 00:00:00+05:30,0.0,0.0,0.0,12.4,8.4,43.0,15.0,997.9,100,27.5667,72.0667,0.0
2024-02-13 01:00:00+05:30,0.0,0.0,0.0,11.7,9.2,45.0,20.0,997.5,100,27.5667,72.0667,0.0
2024-02-13 02:00:00+05:30,0.0,0.0,0.0,10.7,8.2,49.0,0.0,997.2,100,27.5667,72.0667,0.0
2024-02-13 03:00:00+05:30,0.0,0.0,0.0,10.0,7.8,52.0,0.0,996.8,100,27.5667,72.0667,0.0
2024-02-13 04:00:00+05:30,0.0,0.0,0.0,9.7,8.8,53.0,0.0,996.5,100,27.5667,72.0667,0.0
2024-02-13 05:00:00+05:30,0.0,0.0,0.0,9.3,9.4,55.0,4.0,996.7,100,27.5667,72.0667,0.0
2024-02-13 06:00:00+05:30,0.0,0.0,0.0,9.6,9.9,58.0,94.0,997.7,100,27.5667,72.0667,0.0
2024-02-13 07:00:00+05:30,0.0,0.0,0.0,9.2,9.4,61.0,98.0,998.4,100,27.5667,72.0667,0.0
2024-02-13 08:00:00+05:30,67.0,106.4,52.0,11.2,7.6,55.0,100.0,999.2,100,27.5667,72.0667,6.724934807990717
2024-02-13 09:00:00+05:30,219.0,212.5,148.0,14.0,7.6,47.0,57.0,999.6,100,27.5667,72.0667,24.20563061950826
2024-02-13 10:00:00+05:30,442.0,549.2,162.0,17.4,7.2,41.0,59.0,1000.1,100,27.5667,72.0667,50.941327889228155
2024-02-13 11:00:00+05:30,608.0,663.7,181.0,20.3,10.4,35.0,100.0,1000.2,100,27.5667,72.0667,68.19246155551802
2024-02-13 12:00:00+05:30,689.0,621.4,238.0,21.8,14.1,31.0,100.0,999.3,100,27.5667,72.0667,73.8462031523086
2024-02-13 13:00:00+05:30,679.0,511.1,295.0,22.5,14.3,29.0,100.0,998.4,100,27.5667,72.0667,71.91316278451107
2024-02-13 14:00:00+05:30,625.0,465.0,291.0,23.0,14.2,26.0,100.0,997.3,100,27.5667,72.0667,65.26733579360737
2024-02-13 15:00:00+05:30,509.0,353.0,287.0,23.4,13.5,24.0,100.0,996.9,100,27.5667,72.0667,53.97253019059161
2024-02-13 16:00:00+05:30,411.0,482.3,175.0,23.5,15.4,23.0,8.0,996.8,100,27.5667,72.0667,46.24162303885717
2024-02-13 17:00:00+05:30,233.0,417.4,104.0,23.0,15.3,24.0,0.0,996.8,100,27.5667,72.0667,27.796547177053714
2024-02-13 18:00:00+05:30,45.0,47.1,39.0,21.1,9.6,29.0,100.0,997.5,100,27.5667,72.0667,3.9969477662134203
2024-02-13 19:00:00+05:30,0.0,0.0,0.0,20.2,10.2,30.0,100.0,997.8,100,27.5667,72.0667,0.0
2024-02-13 20:00:00+05:30,0.0,0.0,0.0,19.4,10.8,31.0,100.0,998.2,100,27.5667,72.0667,0.0
2024-02-13 21:00:00+05:30,0.0,0.0,0.0,18.1,9.2,35.0,100.0,998.9,100,27.5667,72.0667,0.0
2024-02-13 22:00:00+05:30,0.0,0.0,0.0,16.9,9.5,38.0,92.0,998.9,100,27.5667,72.0667,0.0
2024-02-13 23:00:00+05:30,0.0,0.0,0.0,15.5,9.3,42.0,96.0,998.5,100,27.5667,72.0667,0.0
2024-02-14 00:00:00+05:30,0.0,0.0,0.0,15.1,6.3,44.0,43.0,998.3,100,27.5667,72.0667,0.0
2024-02-14 01:00:00+05:30,0.0,0.0,0.0,13.4,7.3,49.0,22.0,998.0,100,27.5667,72.0667,0.0
2024-02-14 02:00:00+05:30,0.0,0.0,0.0,12.0,8.3,53.0,0.0,997.5,100,27.5667,72.0667,0.0
2024-02-14 03:00:00+05:30,0.0,0.0,0.0,11.8,7.1,53.0,0.0,997.4,100,27.5667,72.0667,0.0
2024-02-14 04:00:00+05:30,0.0,0.0,0.0,12.6,4.9,49.0,0.0,997.4,100,27.5667,72.0667,0.0
2024-02-14 05:00:00+05:30,0.0,0.0,0.0,13.1,2.9,46.0,0.0,997.7,100,27.5667,72.0667,0.0
2024-02-14 06:00:00+05:30,0.0,0.0,0.0,10.8,5.9,60.0,0.0,998.2,100,27.5667,72.0667,0.0
2024-02-14 07:00:00+05:30,0.0,0.0,0.0,9.9,6.4,64.0,0.0,998.7,100,27.5667,72.0667,0.0
2024-02-14 08:00:00+05:30,75.0,189.3,48.0,11.8,5.6,57.0,0.0,999.5,100,27.5667,72.0667,8.590035971600926
2024-02-14 09:00:00+05:30,263.0,444.4,113.0,14.8,4.3,47.0,0.0,1000.6,100,27.5667,72.0667,32.598102993597365
2024-02-14 10:00:00+05:30,462.0,609.6,149.0,18.0,5.4,38.0,0.0,1001.1,100,27.5667,72.0667,54.49091607876139
2024-02-14 11:00:00+05:30,624.0,700.0,171.0,20.6,4.7,33.0,0.0,1000.9,100,27.5667,72.0667,69.36438693211242
2024-02-14 12:00:00+05:30,728.0,745.6,184.0,22.4,6.5,28.0,0.0,999.9,100,27.5667,72.0667,77.56544824821641
2024-02-14 13:00:00+05:30,762.0,761.5,187.0,23.7,10.9,24.0,0.0,998.8,100,27.5667,72.0667,85.05058143006853
2024-02-14 14:00:00+05:30,722.0,747.9,182.0,24.4,13.0,22.0,0.0,997.8,100,27.5667,72.0667,80.41504786265241
2024-02-14 15:00:00+05:30,611.0,701.9,167.0,24.7,13.6,21.0,0.0,997.0,100,27.5667,72.0667,70.39447362832271
2024-02-14 16:00:00+05:30,443.0,606.8,144.0,24.7,13.4,21.0,0.0,996.7,100,27.5667,72.0667,52.67195839322564
2024-02-14 17:00:00+05:30,240.0,429.2,106.0,24.2,13.3,20.0,0.0,996.8,100,27.5667,72.0667,29.415590998767442
2024-02-14 18:00:00+05:30,58.0,155.2,38.0,21.8,8.0,25.0,0.0,997.2,100,27.5667,72.0667,6.181817867691743
2024-02-14 19:00:00+05:30,0.0,0.0,0.0,19.6,8.2,29.0,0.0,997.6,100,27.5667,72.0667,0.0
2024-02-14 20:00:00+05:30,0.0,0.0,0.0,18.2,7.8,32.0,0.0,997.9,100,27.5667,72.0667,0.0
2024-02-14 21:00:00+05:30,0.0,0.0,0.0,16.8,8.9,35.0,0.0,998.1,100,27.5667,72.0667,0.0
2024-02-14 22:00:00+05:30,0.0,0.0,0.0,15.6,9.9,37.0,0.0,998.4,100,27.5667,72.0667,0.0
2024-02-14 23:00:00+05:30,0.0,0.0,0.0,14.4,10.1,39.0,0.0,998.2,100,27.5667,72.0667,0.0
2024-02-15 00:00:00+05:30,0.0,0.0,0.0,13.4,9.7,43.0,0.0,998.1,100,27.5667,72.0667,0.0
2024-02-15 01:00:00+05:30,0.0,0.0,0.0,12.4,9.4,47.0,0.0,998.0,100,27.5667,72.0667,0.0
2024-02-15 02:00:00+05:30,0.0,0.0,0.0,11.8,9.2,49.0,0.0,997.7,100,27.5667,72.0667,0.0
2024-02-15 03:00:00+05:30,0.0,0.0,0.0,11.2,8.9,52.0,0.0,997.3,100,27.5667,72.0667,0.0
2024-02-15 04:00:00+05:30,0.0,0.0,0.0,10.6,9.2,54.0,0.0,997.3,100,27.5667,72.0667,0.0
2024-02-15 05:00:00+05:30,0.0,0.0,0.0,10.2,10.6,55.0,0.0,997.3,100,27.5667,72.0667,0.0
2024-02-15 06:00:00+05:30,0.0,0.0,0.0,9.7,11.9,64.0,0.0,997.8,100,27.5667,72.0667,0.0
2024-02-15 07:00:00+05:30,0.0,0.0,0.0,9.3,12.1,66.0,0.0,998.4,100,27.5667,72.0667,0.0
2024-02-15 08:00:00+05:30,79.0,193.9,51.0,11.3,11.0,57.0,0.0,999.2,100,27.5667,72.0667,9.07571018838193
2024-02-15 09:00:00+05:30,271.0,460.4,114.0,15.2,9.2,45.0,0.0,1000.1,100,27.5667,72.0667,33.379149456344436
2024-02-15 10:00:00+05:30,474.0,624.6,151.0,19.0,7.4,36.0,0.0,1000.5,100,27.5667,72.0667,55.440663728200626
2024-02-15 11:00:00+05:30,638.0,714.3,173.0,21.6,7.3,30.0,0.0,1000.5,100,27.5667,72.0667,72.9666504828926
2024-02-15 12:00:00+05:30,743.0,760.7,185.0,22.9,4.7,24.0,0.0,1000.0,100,27.5667,72.0667,78.70757359534572
2024-02-15 13:00:00+05:30,777.0,774.7,189.0,24.2,4.3,18.0,0.0,999.0,100,27.5667,72.0667,80.42203900908224
2024-02-15 14:00:00+05:30,736.0,761.9,183.0,25.2,4.9,15.0,0.0,998.0,100,27.5667,72.0667,79.18619715418825
2024-02-15 15:00:00+05:30,625.0,715.2,170.0,25.9,5.1,13.0,0.0,997.2,100,27.5667,72.0667,70.6877407593831
2024-02-15 16:00:00+05:30,455.0,620.7,147.0,26.1,5.8,14.0,0.0,996.9,100,27.5667,72.0667,51.92353369040463
2024-02-15 17:00:00+05:30,248.0,443.9,108.0,25.8,7.1,15.0,0.0,996.8,100,27.5667,72.0667,28.96136458354159
2024-02-15 18:00:00+05:30,60.0,161.0,39.0,25.0,1.6,15.0,0.0,997.3,100,27.5667,72.0667,6.257715684845198
2024-02-15 19:00:00+05:30,0.0,0.0,0.0,23.9,3.4,16.0,0.0,997.6,100,27.5667,72.0667,0.0
2024-02-15 20:00:00+05:30,0.0,0.0,0.0,20.0,6.6,23.0,0.0,997.9,100,27.5667,72.0667,0.0
2024-02-15 21:00:00+05:30,0.0,0.0,0.0,19.2,5.8,23.0,0.0,998.2,100,27.5667,72.0667,0.0
2024-02-15 22:00:00+05:30,0.0,0.0,0.0,17.8,7.0,24.0,0.0,998.4,100,27.5667,72.0667,0.0
2024-02-15 23:00:00+05:30,0.0,0.0,0.0,16.9,7.0,26.0,0.0,998.2,100,27.5667,72.0667,0.0
2024-02-16 00:00:00+05:30,0.0,0.0,0.0,17.0,6.5,26.0,0.0,998.2,100,27.5667,72.0667,0.0
2024-02-16 01:00:00+05:30,0.0,0.0,0.0,15.6,7.3,30.0,0.0,997.9,100,27.5667,72.0667,0.0
2024-02-16 02:00:00+05:30,0.0,0.0,0.0,14.4,8.0,33.0,0.0,997.6,100,27.5667,72.0667,0.0
2024-02-16 03:00:00+05:30,0.0,0.0,0.0,12.3,10.0,39.0,0.0,997.1,100,27.5667,72.0667,0.0
2024-02-16 04:00:00+05:30,0.0,0.0,0.0,11.4,9.8,43.0,0.0,997.0,100,27.5667,72.0667,0.0
2024-02-16 05:00:00+05:30,0.0,0.0,0.0,10.9,9.7,46.0,0.0,996.8,100,27.5667,72.0667,0.0
2024-02-16 06:00:00+05:30,0.0,0.0,0.0,11.2,11.4,52.0,0.0,997.6,100,27.5667,72.0667,0.0
2024-02-16 07:00:00+05:30,1.0,0.0,1.0,10.8,12.4,55.0,0.0,998.5,100,27.5667,72.0667,0.0
2024-02-16 08:00:00+05:30,80.0,198.5,51.0,12.5,9.5,51.0,0.0,999.4,100,27.5667,72.0667,9.312933612558
2024-02-16 09:00:00+05:30,272.0,455.8,115.0,16.4,8.9,41.0,0.0,1000.3,100,27.5667,72.0667,33.61291892616825
2024-02-16 10:00:00+05:30,474.0,620.2,151.0,20.7,8.2,31.0,0.0,1000.9,100,27.5667,72.0667,56.162914897082906
2024-02-16 11:00:00+05:30,637.0,708.6,173.0,24.6,8.4,24.0,0.0,1000.8,100,27.5667,72.0667,71.82781446818575
2024-02-16 12:00:00+05:30,741.0,752.6,186.0,26.3,7.4,20.0,0.0,1000.1,100,27.5667,72.0667,78.33711653552653
2024-02-16 13:00:00+05:30,773.0,766.8,188.0,27.1,4.9,17.0,0.0,999.3,100,27.5667,72.0667,82.42964511536475
2024-02-16 14:00:00+05:30,732.0,751.1,184.0,27.7,4.7,14.0,0.0,998.3,100,27.5667,72.0667,76.41846675738968
2024-02-16 15:00:00+05:30,621.0,704.9,170.0,27.9,5.1,13.0,0.0,997.4,100,27.5667,72.0667,68.80110916271748
2024-02-16 16:00:00+05:30,452.0,612.5,146.0,27.8,5.7,13.0,0.0,996.8,100,27.5667,72.0667,50.85007102734419
2024-02-16 17:00:00+05:30,248.0,436.4,109.0,27.5,6.1,13.0,0.0,996.5,100,27.5667,72.0667,28.636130077543868
2024-02-16 18:00:00+05:30,61.0,159.1,40.0,24.8,7.1,18.0,0.0,996.5,100,27.5667,72.0667,6.2537017245621245
2024-02-16 19:00:00+05:30,0.0,0.0,0.0,25.2,4.3,15.0,0.0,997.0,100,27.5667,72.0667,0.0
2024-02-16 20:00:00+05:30,0.0,0.0,0.0,22.0,6.8,20.0,0.0,997.1,100,27.5667,72.0667,0.0
2024-02-16 21:00:00+05:30,0.0,0.0,0.0,19.8,8.7,24.0,0.0,997.0,100,27.5667,72.0667,0.0
2024-02-16 22:00:00+05:30,0.0,0.0,0.0,19.9,7.3,23.0,0.0,997.2,100,27.5667,72.0667,0.0
2024-02-16 23:00:00+05:30,0.0,0.0,0.0,18.8,7.6,25.0,0.0,996.7,100,27.5667,72.0667,0.0
2024-02-17 00:00:00+05:30,0.0,0.0,0.0,16.4,9.2,31.0,0.0,996.2,100,27.5667,72.0667,0.0
2024-02-17 01:00:00+05:30,0.0,0.0,0.0,15.1,10.2,34.0,14.0,995.7,100,27.5667,72.0667,0.0
2024-02-17 02:00:00+05:30,0.0,0.0,0.0,13.9,8.9,38.0,1.0,995.0,100,27.5667,72.0667,0.0
2024-02-17 03:00:00+05:30,0.0,0.0,0.0,13.4,10.3,39.0,1.0,994.7,100,27.5667,72.0667,0.0
2024-02-17 04:00:00+05:30,0.0,0.0,0.0,12.7,10.3,42.0,0.0,994.2,100,27.5667,72.0667,0.0
2024-02-17 05:00:00+05:30,0.0,0.0,0.0,11.7,9.9,46.0,0.0,993.9,100,27.5667,72.0667,0.0
2024-02-17 06:00:00+05:30,0.0,0.0,0.0,11.7,10.9,48.0,0.0,994.4,100,27.5667,72.0667,0.0
2024-02-17 07:00:00+05:30,1.0,0.0,1.0,11.5,11.6,50.0,13.0,994.8,100,27.5667,72.0667,0.0
2024-02-17 08:00:00+05:30,82.0,202.8,52.0,14.1,11.1,43.0,14.0,995.7,100,27.5667,72.0667,9.384913120506024
2024-02-17 09:00:00+05:30,276.0,462.7,115.0,18.8,10.7,34.0,12.0,996.4,100,27.5667,72.0667,33.013318195326455
2024-02-17 10:00:00+05:30,478.0,621.5,152.0,23.2,9.3,27.0,3.0,996.5,100,27.5667,72.0667,52.80871954413748
2024-02-17 11:00:00+05:30,642.0,712.0,173.0,26.3,11.1,21.0,1.0,996.0,100,27.5667,72.0667,71.47593363464667
2024-02-17 12:00:00+05:30,747.0,758.1,185.0,27.7,7.6,16.0,2.0,995.1,100,27.5667,72.0667,79.78444582138296
2024-02-17 13:00:00+05:30,780.0,772.0,188.0,28.5,5.5,14.0,0.0,993.7,100,27.5667,72.0667,82.30695273827627
2024-02-17 14:00:00+05:30,738.0,758.1,182.0,29.2,5.8,13.0,1.0,992.6,100,27.5667,72.0667,79.73620424330737
2024-02-17 15:00:00+05:30,626.0,711.8,168.0,29.6,6.3,12.0,0.0,992.1,100,27.5667,72.0667,67.41210412535611
2024-02-17 16:00:00+05:30,456.0,616.3,146.0,29.5,7.1,12.0,0.0,991.6,100,27.5667,72.0667,49.3511377358329
2024-02-17 17:00:00+05:30,250.0,444.6,107.0,29.0,8.1,12.0,0.0,991.3,100,27.5667,72.0667,28.567356284207012
2024-02-17 18:00:00+05:30,63.0,164.8,41.0,26.4,5.8,17.0,0.0,991.5,100,27.5667,72.0667,6.3844625139593605
2024-02-17 19:00:00+05:30,0.0,0.0,0.0,26.1,5.2,16.0,0.0,991.6,100,27.5667,72.0667,0.0
2024-02-17 20:00:00+05:30,0.0,0.0,0.0,26.5,2.4,15.0,0.0,992.2,100,27.5667,72.0667,0.0
2024-02-17 21:00:00+05:30,0.0,0.0,0.0,21.3,9.0,22.0,0.0,991.9,100,27.5667,72.0667,0.0
2024-02-17 22:00:00+05:30,0.0,0.0,0.0,21.0,7.2,22.0,0.0,991.7,100,27.5667,72.0667,0.0
2024-02-17 23:00:00+05:30,0.0,0.0,0.0,19.4,13.0,23.0,0.0,991.0,100,27.5667,72.0667,0.0
2024-02-18 00:00:00+05:30,0.0,0.0,0.0,18.0,12.6,26.0,0.0,990.2,100,27.5667,72.0667,0.0
2024-02-18 01:00:00+05:30,0.0,0.0,0.0,16.9,11.9,28.0,2.0,989.7,100,27.5667,72.0667,0.0
2024-02-18 02:00:00+05:30,0.0,0.0,0.0,16.4,13.5,28.0,1.0,989.3,100,27.5667,72.0667,0.0
2024-02-18 03:00:00+05:30,0.0,0.0,0.0,16.5,14.0,27.0,0.0,988.9,100,27.5667,72.0667,0.0
2024-02-18 04:00:00+05:30,0.0,0.0,0.0,16.5,15.9,26.0,2.0,988.6,100,27.5667,72.0667,0.0
2024-02-18 05:00:00+05:30,0.0,0.0,0.0,16.2,16.4,27.0,30.0,988.5,100,27.5667,72.0667,0.0
2024-02-18 06:00:00+05:30,0.0,0.0,0.0,15.5,15.8,31.0,32.0,989.2,100,27.5667,72.0667,0.0
2024-02-18 07:00:00+05:30,1.0,0.0,1.0,14.9,14.6,33.0,97.0,990.0,100,27.5667,72.0667,0.0
2024-02-18 08:00:00+05:30,79.0,133.6,59.0,16.8,13.4,30.0,98.0,990.7,100,27.5667,72.0667,7.918852306143107
2024-02-18 09:00:00+05:30,239.0,236.1,156.0,20.6,13.7,25.0,99.0,991.2,100,27.5667,72.0667,25.510439148869615
2024-02-18 10:00:00+05:30,430.0,395.6,221.0,24.9,15.1,20.0,91.0,991.2,100,27.5667,72.0667,47.094838599096136
2024-02-18 11:00:00+05:30,611.0,573.6,231.0,28.1,24.8,17.0,94.0,990.8,100,27.5667,72.0667,65.9236978821918
2024-02-18 12:00:00+05:30,721.0,652.2,235.0,29.5,31.9,16.0,99.0,989.8,100,27.5667,72.0667,75.46615956293225
2024-02-18 13:00:00+05:30,754.0,672.1,236.0,30.6,34.5,14.0,92.0,988.1,100,27.5667,72.0667,81.91248661763302
2024-02-18 14:00:00+05:30,718.0,672.8,222.0,31.5,35.8,11.0,70.0,986.6,100,27.5667,72.0667,76.70683192024369
2024-02-18 15:00:00+05:30,614.0,652.2,192.0,31.7,36.4,11.0,94.0,985.7,100,27.5667,72.0667,67.62341378748408
2024-02-18 16:00:00+05:30,451.0,588.5,153.0,31.4,36.5,10.0,84.0,985.4,100,27.5667,72.0667,49.60908285738475
2024-02-18 17:00:00+05:30,245.0,400.4,115.0,30.4,33.6,11.0,65.0,985.4,100,27.5667,72.0667,26.59179292045887
2024-02-18 18:00:00+05:30,62.0,133.3,44.0,28.8,23.1,17.0,60.0,986.2,100,27.5667,72.0667,5.895283503452352
2024-02-18 19:00:00+05:30,0.0,0.0,0.0,27.1,19.3,19.0,29.0,986.7,100,27.5667,72.0667,0.0
2024-02-18 20:00:00+05:30,0.0,0.0,0.0,25.7,18.4,22.0,100.0,986.8,100,27.5667,72.0667,0.0
2024-02-18 21:00:00+05:30,0.0,0.0,0.0,24.8,18.6,25.0,97.0,986.9,100,27.5667,72.0667,0.0
2024-02-18 22:00:00+05:30,0.0,0.0,0.0,24.0,19.4,28.0,28.0,987.0,100,27.5667,72.0667,0.0
2024-02-18 23:00:00+05:30,0.0,0.0,0.0,23.2,20.0,31.0,0.0,986.7,100,27.5667,72.0667,0.0
2024-02-19 00:00:00+05:30,0.0,0.0,0.0,22.6,21.7,34.0,0.0,986.2,100,27.5667,72.0667,0.0
2024-02-19 01:00:00+05:30,0.0,0.0,0.0,21.9,21.3,37.0,0.0,985.8,100,27.5667,72.0667,0.0
2024-02-19 02:00:00+05:30,0.0,0.0,0.0,21.3,22.1,38.0,0.0,985.3,100,27.5667,72.0667,0.0
2024-02-19 03:00:00+05:30,0.0,0.0,0.0,20.7,23.2,38.0,0.0,984.9,100,27.5667,72.0667,0.0
2024-02-19 04:00:00+05:30,0.0,0.0,0.0,20.2,24.8,39.0,0.0,984.6,100,27.5667,72.0667,0.0
2024-02-19 05:00:00+05:30,0.0,0.0,0.0,19.6,26.7,48.0,0.0,984.3,100,27.5667,72.0667,0.0
2024-02-19 06:00:00+05:30,0.0,0.0,0.0,19.2,26.1,59.0,0.0,985.0,100,27.5667,72.0667,0.0
2024-02-19 07:00:00+05:30,1.0,0.0,1.0,18.8,24.7,69.0,1.0,985.6,100,27.5667,72.0667,0.0
2024-02-19 08:00:00+05:30,83.0,198.0,53.0,19.9,26.4,72.0,3.0,986.2,100,27.5667,72.0667,9.036392654517554
2024-02-19 09:00:00+05:30,268.0,428.0,116.0,21.7,28.1,69.0,2.0,987.1,100,27.5667,72.0667,32.15568995330537
2024-02-19 10:00:00+05:30,460.0,578.9,152.0,23.8,32.1,64.0,5.0,987.6,100,27.5667,72.0667,54.00945863305725
2024-02-19 11:00:00+05:30,619.0,663.3,177.0,26.7,39.7,51.0,76.0,987.4,100,27.5667,72.0667,69.26121541515975
2024-02-19 12:00:00+05:30,481.0,271.0,278.0,27.5,36.5,48.0,46.0,986.7,100,27.5667,72.0667,48.79589376390031
2024-02-19 13:00:00+05:30,597.0,392.5,293.0,28.8,35.2,43.0,8.0,985.8,100,27.5667,72.0667,61.66620300633539
2024-02-19 14:00:00+05:30,696.0,691.0,184.0,30.3,36.2,35.0,16.0,984.9,100,27.5667,72.0667,77.59778865138153
2024-02-19 15:00:00+05:30,575.0,614.8,175.0,30.4,37.0,32.0,28.0,984.5,100,27.5667,72.0667,62.38036832958236
2024-02-19 16:00:00+05:30,381.0,468.9,142.0,30.1,36.3,29.0,0.0,984.3,100,27.5667,72.0667,43.99027825401676
2024-02-19 17:00:00+05:30,245.0,424.1,106.0,29.5,35.5,27.0,0.0,984.7,100,27.5667,72.0667,28.774822855144613
2024-02-19 18:00:00+05:30,61.0,153.8,40.0,28.0,21.0,34.0,2.0,986.3,100,27.5667,72.0667,6.045091625461901
2024-02-19 19:00:00+05:30,0.0,0.0,0.0,26.5,18.2,34.0,2.0,986.9,100,27.5667,72.0667,0.0
2024-02-19 20:00:00+05:30,0.0,0.0,0.0,25.8,20.2,31.0,3.0,987.5,100,27.5667,72.0667,0.0
2024-02-19 21:00:00+05:30,0.0,0.0,0.0,24.5,20.5,31.0,4.0,988.0,100,27.5667,72.0667,0.0
2024-02-19 22:00:00+05:30,0.0,0.0,0.0,22.8,15.7,34.0,24.0,988.7,100,27.5667,72.0667,0.0
2024-02-19 23:00:00+05:30,0.0,0.0,0.0,21.6,11.4,35.0,0.0,988.8,100,27.5667,72.0667,0.0
2024-02-20 00:00:00+05:30,0.0,0.0,0.0,20.1,9.8,39.0,46.0,988.5,100,27.5667,72.0667,0.0
2024-02-20 01:00:00+05:30,0.0,0.0,0.0,20.4,11.4,38.0,14.0,988.4,100,27.5667,72.0667,0.0
2024-02-20 02:00:00+05:30,0.0,0.0,0.0,19.6,14.5,41.0,9.0,988.4,100,27.5667,72.0667,0.0
2024-02-20 03:00:00+05:30,0.0,0.0,0.0,18.6,12.0,43.0,5.0,988.2,100,27.5667,72.0667,0.0
2024-02-20 04:00:00+05:30,0.0,0.0,0.0,18.3,12.7,44.0,0.0,988.0,100,27.5667,72.0667,0.0
2024-02-20 05:00:00+05:30,0.0,0.0,0.0,16.7,9.2,51.0,0.0,988.3,100,27.5667,72.0667,0.0
2024-02-20 06:00:00+05:30,0.0,0.0,0.0,16.0,6.3,57.0,0.0,989.2,100,27.5667,72.0667,0.0
2024-02-20 07:00:00+05:30,1.0,0.0,1.0,16.0,5.3,59.0,0.0,989.9,100,27.5667,72.0667,0.0
2024-02-20 08:00:00+05:30,86.0,208.7,54.0,17.3,6.6,57.0,0.0,990.7,100,27.5667,72.0667,9.503586954180353
2024-02-20 09:00:00+05:30,277.0,448.8,116.0,20.2,4.6,49.0,0.0,991.5,100,27.5667,72.0667,31.839129662771196
2024-02-20 10:00:00+05:30,476.0,606.6,151.0,23.0,4.1,36.0,0.0,992.2,100,27.5667,72.0667,54.05468863241334
2024-02-20 11:00:00+05:30,638.0,693.7,173.0,24.9,2.9,23.0,2.0,992.2,100,27.5667,72.0667,69.13974018283483
2024-02-20 12:00:00+05:30,742.0,741.0,184.0,26.3,4.0,18.0,6.0,991.3,100,27.5667,72.0667,77.91806881982599
2024-02-20 13:00:00+05:30,778.0,757.9,188.0,27.4,8.0,17.0,0.0,990.0,100,27.5667,72.0667,82.51925365188859
2024-02-20 14:00:00+05:30,739.0,748.0,182.0,28.3,12.3,16.0,0.0,989.0,100,27.5667,72.0667,77.3194457082443
2024-02-20 15:00:00+05:30,628.0,703.2,168.0,28.6,15.5,15.0,0.0,988.2,100,27.5667,72.0667,67.84194090625874
2024-02-20 16:00:00+05:30,459.0,610.2,146.0,28.4,15.9,15.0,0.0,987.6,100,27.5667,72.0667,51.33397448716055
2024-02-20 17:00:00+05:30,254.0,441.3,108.0,27.8,13.4,15.0,0.0,987.6,100,27.5667,72.0667,28.700574295998667
2024-02-20 18:00:00+05:30,67.0,173.9,43.0,25.3,10.0,17.0,0.0,988.4,100,27.5667,72.0667,6.825610320675025
2024-02-20 19:00:00+05:30,0.0,0.0,0.0,23.3,10.2,20.0,0.0,988.5,100,27.5667,72.0667,0.0
2024-02-20 20:00:00+05:30,0.0,0.0,0.0,21.6,9.0,22.0,0.0,989.1,100,27.5667,72.0667,0.0
2024-02-20 21:00:00+05:30,0.0,0.0,0.0,20.4,10.4,19.0,0.0,989.5,100,27.5667,72.0667,0.0
2024-02-20 22:00:00+05:30,0.0,0.0,0.0,19.3,12.2,17.0,0.0,989.8,100,27.5667,72.0667,0.0
2024-02-20 23:00:00+05:30,0.0,0.0,0.0,17.6,10.3,19.0,0.0,989.6,100,27.5667,72.0667,0.0
2024-02-21 00:00:00+05:30,0.0,0.0,0.0,16.5,10.2,21.0,0.0,989.3,100,27.5667,72.0667,0.0
2024-02-21 01:00:00+05:30,0.0,0.0,0.0,15.3,8.9,24.0,0.0,988.9,100,27.5667,72.0667,0.0
2024-02-21 02:00:00+05:30,0.0,0.0,0.0,14.7,8.2,25.0,0.0,988.7,100,27.5667,72.0667,0.0
2024-02-21 03:00:00+05:30,0.0,0.0,0.0,14.7,6.5,25.0,0.0,988.7,100,27.5667,72.0667,0.0
2024-02-21 04:00:00+05:30,0.0,0.0,0.0,13.0,8.5,28.0,1.0,988.4,100,27.5667,72.0667,0.0
2024-02-21 05:00:00+05:30,0.0,0.0,0.0,12.4,8.9,28.0,0.0,988.2,100,27.5667,72.0667,0.0
2024-02-21 06:00:00+05:30,0.0,0.0,0.0,13.5,13.4,28.0,0.0,989.1,100,27.5667,72.0667,0.0
2024-02-21 07:00:00+05:30,2.0,0.0,2.0,12.8,12.6,32.0,3.0,989.5,100,27.5667,72.0667,0.0
2024-02-21 08:00:00+05:30,91.0,225.6,56.0,14.6,12.0,30.0,0.0,990.2,100,27.5667,72.0667,10.11822133278096
2024-02-21 09:00:00+05:30,289.0,471.9,118.0,18.2,9.2,25.0,0.0,991.1,100,27.5667,72.0667,33.27066897249524
2024-02-21 10:00:00+05:30,492.0,628.2,153.0,22.1,10.5,20.0,0.0,991.6,100,27.5667,72.0667,54.24655827588577
2024-02-21 11:00:00+05:30,656.0,714.9,174.0,25.2,9.1,14.0,1.0,991.5,100,27.5667,72.0667,70.75004183468073
2024-02-21 12:00:00+05:30,755.0,743.8,192.0,26.4,8.9,12.0,17.0,990.7,100,27.5667,72.0667,79.80948500650071
2024-02-21 13:00:00+05:30,772.0,722.3,207.0,27.1,12.4,11.0,15.0,989.6,100,27.5667,72.0667,82.41045595127198
2024-02-21 14:00:00+05:30,714.0,682.8,203.0,27.4,14.5,11.0,3.0,988.7,100,27.5667,72.0667,76.8737160531849
2024-02-21 15:00:00+05:30,624.0,676.6,179.0,27.4,16.1,12.0,1.0,987.9,100,27.5667,72.0667,68.02028111086766
2024-02-21 16:00:00+05:30,463.0,608.2,149.0,27.1,18.0,13.0,0.0,987.6,100,27.5667,72.0667,52.70626040646475
2024-02-21 17:00:00+05:30,260.0,449.4,110.0,26.4,18.7,12.0,0.0,987.7,100,27.5667,72.0667,29.030724526789378
2024-02-21 18:00:00+05:30,69.0,179.2,44.0,25.0,13.2,12.0,0.0,988.7,100,27.5667,72.0667,6.875710293668698
2024-02-21 19:00:00+05:30,0.0,0.0,0.0,23.0,12.1,14.0,0.0,989.2,100,27.5667,72.0667,0.0
2024-02-21 20:00:00+05:30,0.0,0.0,0.0,21.8,14.5,15.0,0.0,990.1,100,27.5667,72.0667,0.0
2024-02-21 21:00:00+05:30,0.0,0.0,0.0,20.4,14.2,17.0,3.0,990.6,100,27.5667,72.0667,0.0
2024-02-21 22:00:00+05:30,0.0,0.0,0.0,18.8,11.5,20.0,0.0,990.7,100,27.5667,72.0667,0.0
2024-02-21 23:00:00+05:30,0.0,0.0,0.0,17.2,10.1,23.0,0.0,990.5,100,27.5667,72.0667,0.0
2024-02-22 00:00:00+05:30,0.0,0.0,0.0,16.0,9.0,27.0,0.0,990.5,100,27.5667,72.0667,0.0
2024-02-22 01:00:00+05:30,0.0,0.0,0.0,15.0,9.0,28.0,0.0,990.2,100,27.5667,72.0667,0.0
2024-02-22 02:00:00+05:30,0.0,0.0,0.0,14.5,6.8,29.0,0.0,990.1,100,27.5667,72.0667,0.0
2024-02-22 03:00:00+05:30,0.0,0.0,0.0,16.6,3.6,23.0,0.0,990.1,100,27.5667,72.0667,0.0
2024-02-22 04:00:00+05:30,0.0,0.0,0.0,16.1,1.6,25.0,0.0,990.0,100,27.5667,72.0667,0.0
2024-02-22 05:00:00+05:30,0.0,0.0,0.0,13.6,6.0,31.0,0.0,989.8,100,27.5667,72.0667,0.0
2024-02-22 06:00:00+05:30,0.0,0.0,0.0,12.4,12.4,42.0,37.0,990.7,100,27.5667,72.0667,0.0
2024-02-22 07:00:00+05:30,2.0,0.0,2.0,12.1,12.8,48.0,40.0,991.4,100,27.5667,72.0667,0.0
2024-02-22 08:00:00+05:30,91.0,202.5,59.0,13.8,12.5,45.0,9.0,992.4,100,27.5667,72.0667,10.085059349731932
2024-02-22 09:00:00+05:30,287.0,453.5,121.0,17.1,11.2,37.0,23.0,993.5,100,27.5667,72.0667,32.91889397343827
2024-02-22 10:00:00+05:30,446.0,474.8,188.0,20.8,13.3,30.0,60.0,994.0,100,27.5667,72.0667,48.58037353933187
2024-02-22 11:00:00+05:30,548.0,430.6,256.0,23.5,13.2,21.0,11.0,993.8,100,27.5667,72.0667,58.98840057507336
2024-02-22 12:00:00+05:30,761.0,745.2,194.0,25.1,8.0,15.0,7.0,993.2,100,27.5667,72.0667,79.6432452428767
2024-02-22 13:00:00+05:30,790.0,750.6,200.0,26.1,10.3,13.0,0.0,992.0,100,27.5667,72.0667,84.27762492388695
2024-02-22 14:00:00+05:30,755.0,755.3,187.0,26.7,15.9,12.0,0.0,991.0,100,27.5667,72.0667,81.52851503515355
2024-02-22 15:00:00+05:30,644.0,710.9,174.0,26.8,17.5,10.0,0.0,990.5,100,27.5667,72.0667,72.0824812371668
2024-02-22 16:00:00+05:30,474.0,623.7,150.0,26.7,16.9,8.0,0.0,990.3,100,27.5667,72.0667,52.383707906801455
2024-02-22 17:00:00+05:30,267.0,457.3,113.0,26.0,16.6,9.0,0.0,990.7,100,27.5667,72.0667,30.670164142276654
2024-02-22 18:00:00+05:30,71.0,177.3,46.0,24.2,6.4,16.0,0.0,992.0,100,27.5667,72.0667,6.962945291947176
2024-02-22 19:00:00+05:30,0.0,0.0,0.0,22.4,9.8,18.0,0.0,992.6,100,27.5667,72.0667,0.0
2024-02-22 20:00:00+05:30,0.0,0.0,0.0,21.6,13.7,18.0,0.0,993.2,100,27.5667,72.0667,0.0
2024-02-22 21:00:00+05:30,0.0,0.0,0.0,19.9,10.9,20.0,0.0,993.7,100,27.5667,72.0667,0.0
2024-02-22 22:00:00+05:30,0.0,0.0,0.0,18.7,12.0,22.0,0.0,994.2,100,27.5667,72.0667,0.0
2024-02-22 23:00:00+05:30,0.0,0.0,0.0,18.6,23.8,23.0,0.0,994.7,100,27.5667,72.0667,0.0
2024-02-23 00:00:00+05:30,0.0,0.0,0.0,17.6,21.4,26.0,0.0,994.2,100,27.5667,72.0667,0.0
2024-02-23 01:00:00+05:30,0.0,0.0,0.0,16.4,18.2,28.0,0.0,994.3,100,27.5667,72.0667,0.0
2024-02-23 02:00:00+05:30,0.0,0.0,0.0,15.4,15.5,30.0,0.0,994.0,100,27.5667,72.0667,0.0
2024-02-23 03:00:00+05:30,0.0,0.0,0.0,14.8,15.7,33.0,0.0,993.5,100,27.5667,72.0667,0.0
2024-02-23 04:00:00+05:30,0.0,0.0,0.0,14.2,15.2,35.0,0.0,993.5,100,27.5667,72.0667,0.0
2024-02-23 05:00:00+05:30,0.0,0.0,0.0,13.5,14.0,38.0,0.0,993.5,100,27.5667,72.0667,0.0
2024-02-23 06:00:00+05:30,0.0,0.0,0.0,13.8,15.0,43.0,0.0,994.5,100,27.5667,72.0667,0.0
2024-02-23 07:00:00+05:30,2.0,0.0,2.0,13.5,15.4,46.0,0.0,995.3,100,27.5667,72.0667,0.0
2024-02-23 08:00:00+05:30,96.0,222.8,60.0,15.1,14.3,42.0,0.0,996.0,100,27.5667,72.0667,10.492135342339846
2024-02-23 09:00:00+05:30,296.0,470.6,122.0,17.9,14.2,35.0,0.0,996.5,100,27.5667,72.0667,34.35783850473926
2024-02-23 10:00:00+05:30,500.0,626.7,157.0,21.0,15.0,29.0,0.0,996.6,100,27.5667,72.0667,57.040972994157265
2024-02-23 11:00:00+05:30,665.0,712.6,179.0,23.8,15.9,22.0,0.0,996.5,100,27.5667,72.0667,72.4958476336972
2024-02-23 12:00:00+05:30,769.0,755.8,191.0,25.0,9.3,16.0,0.0,995.7,100,27.5667,72.0667,83.13828032400755
2024-02-23 13:00:00+05:30,801.0,767.2,195.0,25.4,5.0,14.0,0.0,994.3,100,27.5667,72.0667,84.54814634997553
2024-02-23 14:00:00+05:30,759.0,754.2,189.0,25.7,3.3,14.0,0.0,993.2,100,27.5667,72.0667,78.65008457101904
2024-02-23 15:00:00+05:30,646.0,708.7,175.0,25.9,1.5,13.0,0.0,992.2,100,27.5667,72.0667,67.12865760463153
2024-02-23 16:00:00+05:30,474.0,617.9,151.0,26.1,3.6,12.0,0.0,992.1,100,27.5667,72.0667,50.13477347905121
2024-02-23 17:00:00+05:30,266.0,447.4,114.0,25.9,8.3,12.0,0.0,992.0,100,27.5667,72.0667,30.050424057644683
2024-02-23 18:00:00+05:30,73.0,182.5,47.0,24.6,8.6,14.0,0.0,992.3,100,27.5667,72.0667,7.292549191006959
2024-02-23 19:00:00+05:30,0.0,0.0,0.0,23.0,14.6,14.0,0.0,993.0,100,27.5667,72.0667,0.0
2024-02-23 20:00:00+05:30,0.0,0.0,0.0,21.6,16.1,15.0,0.0,993.4,100,27.5667,72.0667,0.0
2024-02-23 21:00:00+05:30,0.0,0.0,0.0,20.7,16.8,17.0,0.0,993.8,100,27.5667,72.0667,0.0
2024-02-23 22:00:00+05:30,0.0,0.0,0.0,19.5,13.0,19.0,0.0,993.8,100,27.5667,72.0667,0.0
2024-02-23 23:00:00+05:30,0.0,0.0,0.0,18.0,15.8,18.0,0.0,993.9,100,27.5667,72.0667,0.0
2024-02-24 00:00:00+05:30,0.0,0.0,0.0,16.9,15.5,16.0,0.0,993.8,100,27.5667,72.0667,0.0
2024-02-24 01:00:00+05:30,0.0,0.0,0.0,16.0,14.7,18.0,0.0,993.1,100,27.5667,72.0667,0.0
2024-02-24 02:00:00+05:30,0.0,0.0,0.0,14.8,12.7,23.0,0.0,992.6,100,27.5667,72.0667,0.0
2024-02-24 03:00:00+05:30,0.0,0.0,0.0,13.1,9.6,31.0,0.0,992.4,100,27.5667,72.0667,0.0
2024-02-24 04:00:00+05:30,0.0,0.0,0.0,14.4,2.4,29.0,3.0,992.3,100,27.5667,72.0667,0.0
2024-02-24 05:00:00+05:30,0.0,0.0,0.0,14.0,2.2,30.0,23.0,992.1,100,27.5667,72.0667,0.0
2024-02-24 06:00:00+05:30,0.0,0.0,0.0,12.1,12.7,38.0,1.0,993.2,100,27.5667,72.0667,0.0
2024-02-24 07:00:00+05:30,3.0,0.0,3.0,11.8,13.8,39.0,10.0,994.1,100,27.5667,72.0667,0.0
2024-02-24 08:00:00+05:30,100.0,230.0,62.0,13.7,14.0,37.0,15.0,994.9,100,27.5667,72.0667,11.055839669695883
2024-02-24 09:00:00+05:30,301.0,471.1,125.0,16.8,13.8,33.0,10.0,995.5,100,27.5667,72.0667,35.11178533749206
2024-02-24 10:00:00+05:30,507.0,631.4,159.0,20.1,14.1,29.0,3.0,996.0,100,27.5667,72.0667,58.16291980384134
2024-02-24 11:00:00+05:30,672.0,715.8,181.0,23.3,12.8,24.0,3.0,996.0,100,27.5667,72.0667,72.81895474655423
2024-02-24 12:00:00+05:30,777.0,759.7,193.0,24.8,7.3,14.0,3.0,995.2,100,27.5667,72.0667,80.09504056442121
2024-02-24 13:00:00+05:30,810.0,773.6,196.0,25.5,6.8,11.0,1.0,994.2,100,27.5667,72.0667,86.96069669623674
2024-02-24 14:00:00+05:30,768.0,759.8,191.0,26.0,10.5,9.0,0.0,993.2,100,27.5667,72.0667,80.45221089895249
2024-02-24 15:00:00+05:30,655.0,715.5,177.0,26.2,14.2,8.0,0.0,992.5,100,27.5667,72.0667,71.86122544094707
2024-02-24 16:00:00+05:30,482.0,625.6,153.0,25.9,16.2,9.0,0.0,992.4,100,27.5667,72.0667,54.01218067538986
2024-02-24 17:00:00+05:30,272.0,455.3,116.0,25.2,15.1,9.0,0.0,992.5,100,27.5667,72.0667,30.04832887904443
2024-02-24 18:00:00+05:30,76.0,187.6,49.0,23.5,11.4,11.0,0.0,993.1,100,27.5667,72.0667,7.422806264253102
2024-02-24 19:00:00+05:30,0.0,0.0,0.0,21.3,10.8,13.0,6.0,993.7,100,27.5667,72.0667,0.0
2024-02-24 20:00:00+05:30,0.0,0.0,0.0,19.4,9.8,16.0,0.0,994.2,100,27.5667,72.0667,0.0
2024-02-24 21:00:00+05:30,0.0,0.0,0.0,18.0,9.9,18.0,0.0,994.6,100,27.5667,72.0667,0.0
2024-02-24 22:00:00+05:30,0.0,0.0,0.0,17.4,12.7,17.0,4.0,995.1,100,27.5667,72.0667,0.0
2024-02-24 23:00:00+05:30,0.0,0.0,0.0,16.3,12.8,19.0,1.0,995.4,100,27.5667,72.0667,0.0
2024-02-25 00:00:00+05:30,0.0,0.0,0.0,15.3,12.7,22.0,0.0,994.9,100,27.5667,72.0667,0.0
2024-02-25 01:00:00+05:30,0.0,0.0,0.0,14.5,13.7,24.0,16.0,994.5,100,27.5667,72.0667,0.0
2024-02-25 02:00:00+05:30,0.0,0.0,0.0,14.6,17.5,23.0,5.0,994.2,100,27.5667,72.0667,0.0
2024-02-25 03:00:00+05:30,0.0,0.0,0.0,14.2,17.7,26.0,0.0,994.1,100,27.5667,72.0667,0.0
2024-02-25 04:00:00+05:30,0.0,0.0,0.0,13.5,16.1,30.0,49.0,994.1,100,27.5667,72.0667,0.0
2024-02-25 05:00:00+05:30,0.0,0.0,0.0,12.5,14.0,33.0,0.0,993.5,100,27.5667,72.0667,0.0
2024-02-25 06:00:00+05:30,0.0,0.0,0.0,12.1,12.6,43.0,34.0,994.9,100,27.5667,72.0667,0.0
2024-02-25 07:00:00+05:30,3.0,0.0,3.0,11.7,13.5,45.0,0.0,995.8,100,27.5667,72.0667,0.0
2024-02-25 08:00:00+05:30,101.0,230.9,62.0,13.4,13.0,43.0,0.0,996.9,100,27.5667,72.0667,11.02533711265876
2024-02-25 09:00:00+05:30,301.0,471.6,123.0,16.1,14.3,44.0,18.0,997.6,100,27.5667,72.0667,34.779754938109996
2024-02-25 10:00:00+05:30,504.0,621.4,159.0,19.0,13.6,41.0,32.0,997.8,100,27.5667,72.0667,56.37289945506549
2024-02-25 11:00:00+05:30,665.0,697.1,184.0,22.0,13.0,33.0,77.0,997.4,100,27.5667,72.0667,71.33271543836511
2024-02-25 12:00:00+05:30,744.0,669.1,227.0,24.2,12.3,25.0,51.0,996.5,100,27.5667,72.0667,77.97145800065343
2024-02-25 13:00:00+05:30,798.0,753.5,197.0,25.6,13.7,19.0,21.0,995.6,100,27.5667,72.0667,85.27250748948045
2024-02-25 14:00:00+05:30,753.0,735.2,192.0,26.3,13.7,17.0,96.0,994.8,100,27.5667,72.0667,79.73154338225892
2024-02-25 15:00:00+05:30,603.0,555.5,230.0,26.6,12.6,16.0,100.0,994.2,100,27.5667,72.0667,63.21446922147006
2024-02-25 16:00:00+05:30,387.0,274.1,242.0,26.5,12.3,15.0,100.0,994.0,100,27.5667,72.0667,38.1220235556154
2024-02-25 17:00:00+05:30,185.0,92.6,153.0,26.1,12.7,15.0,100.0,994.1,100,27.5667,72.0667,16.956854098839
2024-02-25 18:00:00+05:30,66.0,82.6,54.0,24.6,9.8,17.0,97.0,994.8,100,27.5667,72.0667,5.791659341836004
2024-02-25 19:00:00+05:30,0.0,0.0,0.0,23.5,10.0,19.0,100.0,995.4,100,27.5667,72.0667,0.0
2024-02-25 20:00:00+05:30,0.0,0.0,0.0,23.1,14.2,20.0,100.0,995.5,100,27.5667,72.0667,0.0
2024-02-25 21:00:00+05:30,0.0,0.0,0.0,21.8,20.2,24.0,100.0,995.8,100,27.5667,72.0667,0.0
2024-02-25 22:00:00+05:30,0.0,0.0,0.0,21.1,22.6,25.0,1.0,996.1,100,27.5667,72.0667,0.0
2024-02-25 23:00:00+05:30,0.0,0.0,0.0,20.0,21.3,27.0,18.0,996.0,100,27.5667,72.0667,0.0
2024-02-26 00:00:00+05:30,0.0,0.0,0.0,19.0,20.6,29.0,61.0,995.9,100,27.5667,72.0667,0.0
2024-02-26 01:00:00+05:30,0.0,0.0,0.0,18.4,22.9,30.0,98.0,995.5,100,27.5667,72.0667,0.0
2024-02-26 02:00:00+05:30,0.0,0.0,0.0,18.2,19.8,32.0,100.0,995.6,100,27.5667,72.0667,0.0
2024-02-26 03:00:00+05:30,0.0,0.0,0.0,18.2,21.7,32.0,99.0,994.9,100,27.5667,72.0667,0.0
2024-02-26 04:00:00+05:30,0.0,0.0,0.0,17.4,20.3,34.0,100.0,994.5,100,27.5667,72.0667,0.0
2024-02-26 05:00:00+05:30,0.0,0.0,0.0,17.0,18.0,34.0,100.0,994.4,100,27.5667,72.0667,0.0
2024-02-26 06:00:00+05:30,0.0,0.0,0.0,17.2,18.6,38.0,100.0,994.9,100,27.5667,72.0667,0.0
2024-02-26 07:00:00+05:30,2.0,0.0,2.0,17.0,17.1,38.0,100.0,995.6,100,27.5667,72.0667,0.0
2024-02-26 08:00:00+05:30,55.0,11.6,53.0,18.1,16.3,36.0,100.0,996.4,100,27.5667,72.0667,4.4909712812742795
2024-02-26 09:00:00+05:30,158.0,36.7,144.0,19.4,17.6,34.0,100.0,997.1,100,27.5667,72.0667,14.439049128870732
2024-02-26 10:00:00+05:30,251.0,50.1,223.0,20.8,21.1,32.0,100.0,997.4,100,27.5667,72.0667,23.34130963413799
2024-02-26 11:00:00+05:30,263.0,14.4,253.0,21.9,24.6,30.0,81.0,996.5,100,27.5667,72.0667,23.390043364061597
2024-02-26 12:00:00+05:30,750.0,672.1,228.0,24.9,28.8,25.0,85.0,995.8,100,27.5667,72.0667,80.61975626505144
2024-02-26 13:00:00+05:30,761.0,648.8,241.0,25.8,25.9,24.0,100.0,994.5,100,27.5667,72.0667,80.18191319559448
2024-02-26 14:00:00+05:30,688.0,530.8,281.0,26.4,20.5,23.0,76.0,993.7,100,27.5667,72.0667,71.63253586346076
2024-02-26 15:00:00+05:30,560.0,437.1,265.0,26.6,13.1,23.0,99.0,993.3,100,27.5667,72.0667,56.55954220895948
2024-02-26 16:00:00+05:30,311.0,127.8,243.0,26.4,8.3,23.0,100.0,993.3,100,27.5667,72.0667,28.99550138539303
2024-02-26 17:00:00+05:30,102.0,14.4,97.0,24.5,6.8,30.0,100.0,993.7,100,27.5667,72.0667,8.559931503271663
2024-02-26 18:00:00+05:30,55.0,27.3,51.0,24.6,15.6,27.0,100.0,994.0,100,27.5667,72.0667,4.582530638944222
2024-02-26 19:00:00+05:30,0.0,0.0,0.0,23.5,15.0,30.0,100.0,994.7,100,27.5667,72.0667,0.0
2024-02-26 20:00:00+05:30,0.0,0.0,0.0,23.0,13.5,31.0,100.0,995.3,100,27.5667,72.0667,0.0
2024-02-26 21:00:00+05:30,0.0,0.0,0.0,22.2,9.0,33.0,100.0,996.3,100,27.5667,72.0667,0.0
2024-02-26 22:00:00+05:30,0.0,0.0,0.0,19.6,3.2,47.0,100.0,997.2,100,27.5667,72.0667,0.0
2024-02-26 23:00:00+05:30,0.0,0.0,0.0,18.4,14.1,58.0,100.0,997.1,100,27.5667,72.0667,0.0
2024-02-27 00:00:00+05:30,0.0,0.0,0.0,17.6,15.7,63.0,97.0,996.4,100,27.5667,72.0667,0.0
2024-02-27 01:00:00+05:30,0.0,0.0,0.0,16.8,15.6,63.0,94.0,996.1,100,27.5667,72.0667,0.0
2024-02-27 02:00:00+05:30,0.0,0.0,0.0,16.5,14.8,65.0,89.0,995.6,100,27.5667,72.0667,0.0
2024-02-27 03:00:00+05:30,0.0,0.0,0.0,16.3,16.6,66.0,84.0,995.6,100,27.5667,72.0667,0.0
2024-02-27 04:00:00+05:30,0.0,0.0,0.0,15.7,13.7,68.0,35.0,995.6,100,27.5667,72.0667,0.0
2024-02-27 05:00:00+05:30,0.0,0.0,0.0,15.3,13.4,69.0,97.0,995.9,100,27.5667,72.0667,0.0
2024-02-27 06:00:00+05:30,0.0,0.0,0.0,15.9,13.8,66.0,99.0,997.6,100,27.5667,72.0667,0.0
2024-02-27 07:00:00+05:30,2.0,0.0,2.0,15.6,12.3,69.0,91.0,998.0,100,27.5667,72.0667,0.0
2024-02-27 08:00:00+05:30,76.0,119.0,55.0,16.1,12.1,68.0,100.0,998.6,100,27.5667,72.0667,7.133455018857222
2024-02-27 09:00:00+05:30,193.0,70.1,166.0,17.3,14.8,63.0,3.0,999.1,100,27.5667,72.0667,19.359451050912575
2024-02-27 10:00:00+05:30,462.0,504.2,178.0,19.4,13.9,55.0,11.0,999.1,100,27.5667,72.0667,51.754223622198936
2024-02-27 11:00:00+05:30,637.0,633.2,195.0,21.3,13.5,47.0,2.0,998.7,100,27.5667,72.0667,71.57652000583163
2024-02-27 12:00:00+05:30,749.0,700.7,202.0,23.0,11.8,41.0,0.0,998.0,100,27.5667,72.0667,79.25339541851665
2024-02-27 13:00:00+05:30,786.0,728.9,199.0,24.1,12.3,37.0,1.0,997.1,100,27.5667,72.0667,80.69064802653071
2024-02-27 14:00:00+05:30,745.0,715.2,194.0,24.7,12.2,34.0,0.0,996.0,100,27.5667,72.0667,79.55289618560892
2024-02-27 15:00:00+05:30,633.0,669.3,179.0,25.0,13.4,32.0,0.0,995.3,100,27.5667,72.0667,69.36089593906384
2024-02-27 16:00:00+05:30,466.0,580.9,155.0,24.8,14.8,32.0,0.0,994.9,100,27.5667,72.0667,52.464028961429335
2024-02-27 17:00:00+05:30,263.0,418.5,116.0,24.2,14.9,34.0,0.0,995.0,100,27.5667,72.0667,28.777368735920295
2024-02-27 18:00:00+05:30,76.0,175.5,50.0,22.9,15.1,34.0,0.0,995.7,100,27.5667,72.0667,7.448268015910396
2024-02-27 19:00:00+05:30,1.0,0.0,1.0,21.4,14.5,38.0,0.0,996.1,100,27.5667,72.0667,0.0
2024-02-27 20:00:00+05:30,0.0,0.0,0.0,20.3,13.4,41.0,0.0,996.5,100,27.5667,72.0667,0.0
2024-02-27 21:00:00+05:30,0.0,0.0,0.0,19.2,11.5,44.0,0.0,996.8,100,27.5667,72.0667,0.0
2024-02-27 22:00:00+05:30,0.0,0.0,0.0,18.2,11.5,48.0,0.0,997.1,100,27.5667,72.0667,0.0
2024-02-27 23:00:00+05:30,0.0,0.0,0.0,17.5,13.2,50.0,0.0,996.7,100,27.5667,72.0667,0.0
2024-02-28 00:00:00+05:30,0.0,0.0,0.0,16.6,11.8,53.0,0.0,996.5,100,27.5667,72.0667,0.0
2024-02-28 01:00:00+05:30,0.0,0.0,0.0,15.6,13.4,56.0,0.0,996.5,100,27.5667,72.0667,0.0
2024-02-28 02:00:00+05:30,0.0,0.0,0.0,15.0,13.8,56.0,0.0,996.3,100,27.5667,72.0667,0.0
2024-02-28 03:00:00+05:30,0.0,0.0,0.0,14.6,14.4,57.0,0.0,995.7,100,27.5667,72.0667,0.0
2024-02-28 04:00:00+05:30,0.0,0.0,0.0,14.2,13.0,61.0,0.0,995.7,100,27.5667,72.0667,0.0
2024-02-28 05:00:00+05:30,0.0,0.0,0.0,13.7,12.6,64.0,0.0,995.7,100,27.5667,72.0667,0.0
2024-02-28 06:00:00+05:30,0.0,0.0,0.0,13.4,12.1,65.0,0.0,996.9,100,27.5667,72.0667,0.0
2024-02-28 07:00:00+05:30,4.0,0.0,4.0,13.3,12.3,66.0,0.0,997.4,100,27.5667,72.0667,0.0
2024-02-28 08:00:00+05:30,105.0,221.7,65.0,15.0,11.2,60.0,29.0,997.8,100,27.5667,72.0667,11.005206499523768
2024-02-28 09:00:00+05:30,292.0,413.4,131.0,17.5,11.6,51.0,5.0,998.5,100,27.5667,72.0667,31.66188237486627
2024-02-28 10:00:00+05:30,496.0,586.9,163.0,20.5,11.7,42.0,21.0,998.6,100,27.5667,72.0667,54.53457036013298
2024-02-28 11:00:00+05:30,646.0,628.1,205.0,23.0,11.6,34.0,21.0,998.1,100,27.5667,72.0667,69.59411960399976
2024-02-28 12:00:00+05:30,712.0,614.3,230.0,24.1,9.2,30.0,80.0,997.4,100,27.5667,72.0667,71.16585986985251
2024-02-28 13:00:00+05:30,691.0,538.8,255.0,25.0,9.8,28.0,37.0,996.1,100,27.5667,72.0667,70.25462374740268
2024-02-28 14:00:00+05:30,652.0,527.1,244.0,25.6,10.2,27.0,13.0,994.9,100,27.5667,72.0667,69.19212581343086
2024-02-28 15:00:00+05:30,633.0,649.8,190.0,26.0,10.0,26.0,1.0,994.2,100,27.5667,72.0667,67.02800148979523
2024-02-28 16:00:00+05:30,469.0,585.0,154.0,26.0,10.5,26.0,1.0,993.8,100,27.5667,72.0667,51.80548265162776
2024-02-28 17:00:00+05:30,266.0,420.9,117.0,25.6,11.1,26.0,0.0,994.0,100,27.5667,72.0667,28.975741559249347
2024-02-28 18:00:00+05:30,78.0,180.6,51.0,24.6,11.6,29.0,0.0,993.9,100,27.5667,72.0667,7.657197070092702
2024-02-28 19:00:00+05:30,1.0,0.0,1.0,22.9,13.8,34.0,0.0,994.4,100,27.5667,72.0667,0.0
2024-02-28 20:00:00+05:30,0.0,0.0,0.0,21.6,14.8,37.0,0.0,994.6,100,27.5667,72.0667,0.0
2024-02-28 21:00:00+05:30,0.0,0.0,0.0,20.5,12.4,40.0,0.0,995.0,100,27.5667,72.0667,0.0
2024-02-28 22:00:00+05:30,0.0,0.0,0.0,19.3,10.2,44.0,1.0,995.0,100,27.5667,72.0667,0.0
2024-02-28 23:00:00+05:30,0.0,0.0,0.0,18.0,8.7,49.0,0.0,994.4,100,27.5667,72.0667,0.0
2024-02-29 00:00:00+05:30,0.0,0.0,0.0,17.1,8.0,52.0,0.0,994.0,100,27.5667,72.0667,0.0
2024-02-29 01:00:00+05:30,0.0,0.0,0.0,16.4,8.2,55.0,0.0,993.4,100,27.5667,72.0667,0.0
2024-02-29 02:00:00+05:30,0.0,0.0,0.0,15.9,9.9,55.0,0.0,992.9,100,27.5667,72.0667,0.0
2024-02-29 03:00:00+05:30,0.0,0.0,0.0,15.1,9.0,59.0,0.0,992.4,100,27.5667,72.0667,0.0
2024-02-29 04:00:00+05:30,0.0,0.0,0.0,14.6,9.6,60.0,0.0,992.2,100,27.5667,72.0667,0.0
2024-02-29 05:00:00+05:30,0.0,0.0,0.0,14.3,10.8,60.0,0.0,992.2,100,27.5667,72.0667,0.0
2024-02-29 06:00:00+05:30,0.0,0.0,0.0,14.7,13.8,59.0,0.0,992.7,100,27.5667,72.0667,0.0
2024-02-29 07:00:00+05:30,5.0,0.0,5.0,14.6,13.5,59.0,45.0,993.6,100,27.5667,72.0667,0.0
2024-02-29 08:00:00+05:30,108.0,222.3,67.0,16.6,14.2,51.0,0.0,994.1,100,27.5667,72.0667,11.04401401643052
2024-02-29 09:00:00+05:30,306.0,462.5,124.0,19.7,14.0,42.0,0.0,994.8,100,27.5667,72.0667,33.8436031018647
2024-02-29 10:00:00+05:30,506.0,605.4,160.0,23.2,16.2,34.0,0.0,995.3,100,27.5667,72.0667,55.6652260599137
2024-02-29 11:00:00+05:30,665.0,685.3,181.0,26.0,17.8,27.0,0.0,994.8,100,27.5667,72.0667,71.02646430989745
2024-02-29 12:00:00+05:30,766.0,725.3,194.0,27.8,14.3,23.0,0.0,994.0,100,27.5667,72.0667,82.70262917584265
2024-02-29 13:00:00+05:30,797.0,739.3,196.0,29.1,9.6,21.0,4.0,993.1,100,27.5667,72.0667,79.86277043765433
2024-02-29 14:00:00+05:30,753.0,721.4,192.0,29.8,6.4,19.0,6.0,992.1,100,27.5667,72.0667,75.49582155415102
2024-02-29 15:00:00+05:30,640.0,674.4,178.0,30.3,5.9,19.0,28.0,991.3,100,27.5667,72.0667,65.82978164859072
2024-02-29 16:00:00+05:30,471.0,585.4,154.0,30.4,6.6,18.0,12.0,991.2,100,27.5667,72.0667,48.92391152674557
2024-02-29 17:00:00+05:30,267.0,423.2,116.0,30.1,5.8,19.0,2.0,990.9,100,27.5667,72.0667,27.512748894117376
2024-02-29 18:00:00+05:30,78.0,179.0,51.0,28.4,5.8,22.0,10.0,991.6,100,27.5667,72.0667,7.26454235539321
2024-02-29 19:00:00+05:30,1.0,0.0,1.0,26.6,10.5,25.0,36.0,991.9,100,27.5667,72.0667,0.0
2024-02-29 20:00:00+05:30,0.0,0.0,0.0,25.2,11.1,27.0,79.0,992.2,100,27.5667,72.0667,0.0
2024-02-29 21:00:00+05:30,0.0,0.0,0.0,24.2,12.0,29.0,100.0,992.5,100,27.5667,72.0667,0.0
2024-02-29 22:00:00+05:30,0.0,0.0,0.0,23.6,13.3,31.0,100.0,992.4,100,27.5667,72.0667,0.0
2024-02-29 23:00:00+05:30,0.0,0.0,0.0,22.8,16.1,33.0,100.0,992.0,100,27.5667,72.0667,0.0
2024-03-01 00:00:00+05:30,0.0,0.0,0.0,22.1,16.2,35.0,100.0,991.4,100,27.5667,72.0667,0.0
2024-03-01 01:00:00+05:30,0.0,0.0,0.0,21.8,17.4,34.0,99.0,990.6,100,27.5667,72.0667,0.0
2024-03-01 02:00:00+05:30,0.0,0.0,0.0,21.4,18.9,35.0,99.0,989.8,100,27.5667,72.0667,0.0
2024-03-01 03:00:00+05:30,0.0,0.0,0.0,21.1,17.6,35.0,100.0,989.2,100,27.5667,72.0667,0.0
2024-03-01 04:00:00+05:30,0.0,0.0,0.0,20.0,15.3,38.0,100.0,989.1,100,27.5667,72.0667,0.0
2024-03-01 05:00:00+05:30,0.0,0.0,0.0,19.4,13.4,40.0,100.0,989.0,100,27.5667,72.0667,0.0
2024-03-01 06:00:00+05:30,0.0,0.0,0.0,18.1,6.2,49.0,100.0,990.9,100,27.5667,72.0667,0.0
2024-03-01 07:00:00+05:30,4.0,0.0,4.0,18.2,11.4,45.0,100.0,991.5,100,27.5667,72.0667,0.0
2024-03-01 08:00:00+05:30,80.0,37.1,73.0,19.5,9.9,42.0,100.0,991.9,100,27.5667,72.0667,7.0124814547068475
2024-03-01 09:00:00+05:30,207.0,90.5,171.0,21.9,13.6,40.0,100.0,991.8,100,27.5667,72.0667,18.772755083742222
2024-03-01 10:00:00+05:30,354.0,163.3,260.0,24.0,18.5,42.0,80.0,991.1,100,27.5667,72.0667,34.13586903992208
2024-03-01 11:00:00+05:30,624.0,541.9,239.0,27.3,19.1,37.0,34.0,990.5,100,27.5667,72.0667,65.80749938887699
2024-03-01 12:00:00+05:30,711.0,616.9,222.0,30.2,21.0,31.0,100.0,989.3,100,27.5667,72.0667,73.37276898068862
2024-03-01 13:00:00+05:30,683.0,430.9,331.0,32.3,18.2,25.0,100.0,987.8,100,27.5667,72.0667,67.52991372942317
2024-03-01 14:00:00+05:30,572.0,252.2,375.0,33.3,20.7,19.0,100.0,986.7,100,27.5667,72.0667,53.485539451625456
2024-03-01 15:00:00+05:30,391.0,122.0,307.0,32.8,26.5,18.0,100.0,986.2,100,27.5667,72.0667,35.96963991437084
2024-03-01 16:00:00+05:30,358.0,218.5,239.0,32.6,23.4,19.0,100.0,985.6,100,27.5667,72.0667,33.37830456802875
2024-03-01 17:00:00+05:30,177.0,61.2,155.0,29.9,31.1,24.0,100.0,985.6,100,27.5667,72.0667,15.39694114195484
2024-03-01 18:00:00+05:30,45.0,0.0,45.0,25.6,24.5,35.0,100.0,987.7,100,27.5667,72.0667,3.4833467447547357
2024-03-01 19:00:00+05:30,0.0,0.0,0.0,23.7,20.2,45.0,100.0,988.5,100,27.5667,72.0667,0.0
2024-03-01 20:00:00+05:30,0.0,0.0,0.0,22.4,23.2,45.0,97.0,989.0,100,27.5667,72.0667,0.0
2024-03-01 21:00:00+05:30,0.0,0.0,0.0,20.8,15.1,53.0,100.0,989.1,100,27.5667,72.0667,0.0
2024-03-01 22:00:00+05:30,0.0,0.0,0.0,20.5,21.4,53.0,100.0,989.7,100,27.5667,72.0667,0.0
2024-03-01 23:00:00+05:30,0.0,0.0,0.0,19.3,12.2,63.0,100.0,989.5,100,27.5667,72.0667,0.0
2024-03-02 00:00:00+05:30,0.0,0.0,0.0,19.6,21.7,63.0,100.0,989.4,100,27.5667,72.0667,0.0
2024-03-02 01:00:00+05:30,0.0,0.0,0.0,19.7,18.0,60.0,67.0,988.5,100,27.5667,72.0667,0.0
2024-03-02 02:00:00+05:30,0.0,0.0,0.0,19.7,17.3,60.0,23.0,987.3,100,27.5667,72.0667,0.0
2024-03-02 03:00:00+05:30,0.0,0.0,0.0,18.8,16.9,64.0,51.0,986.7,100,27.5667,72.0667,0.0
2024-03-02 04:00:00+05:30,0.0,0.0,0.0,17.4,15.9,74.0,100.0,987.1,100,27.5667,72.0667,0.0
2024-03-02 05:00:00+05:30,0.0,0.0,0.0,17.5,15.3,76.0,44.0,986.9,100,27.5667,72.0667,0.0
2024-03-02 06:00:00+05:30,0.0,0.0,0.0,19.4,29.4,75.0,25.0,987.6,100,27.5667,72.0667,0.0
2024-03-02 07:00:00+05:30,5.0,0.0,5.0,19.1,26.5,78.0,34.0,987.6,100,27.5667,72.0667,0.0
2024-03-02 08:00:00+05:30,91.0,161.0,60.0,19.5,29.6,76.0,44.0,988.2,100,27.5667,72.0667,8.785072808378475
2024-03-02 09:00:00+05:30,255.0,278.7,143.0,20.3,30.8,72.0,35.0,988.6,100,27.5667,72.0667,26.793232333986506
2024-03-02 10:00:00+05:30,439.0,438.0,185.0,21.4,28.0,65.0,22.0,988.5,100,27.5667,72.0667,47.02544775715727
2024-03-02 11:00:00+05:30,614.0,585.0,196.0,22.5,29.5,57.0,27.0,988.2,100,27.5667,72.0667,66.99799089732164
2024-03-02 12:00:00+05:30,719.0,618.8,226.0,23.0,30.0,51.0,30.0,987.9,100,27.5667,72.0667,78.44266804309963
2024-03-02 13:00:00+05:30,734.0,604.4,238.0,22.9,28.9,33.0,2.0,987.1,100,27.5667,72.0667,80.77333918890176
2024-03-02 14:00:00+05:30,759.0,686.8,220.0,23.2,29.9,25.0,1.0,986.4,100,27.5667,72.0667,82.1113161189385
2024-03-02 15:00:00+05:30,671.0,701.2,186.0,23.0,31.7,25.0,4.0,985.9,100,27.5667,72.0667,73.15596959409591
2024-03-02 16:00:00+05:30,496.0,617.3,158.0,22.1,35.5,28.0,0.0,985.6,100,27.5667,72.0667,54.94480411527729
2024-03-02 17:00:00+05:30,287.0,460.9,120.0,20.4,34.3,26.0,0.0,985.9,100,27.5667,72.0667,31.50406466153897
2024-03-02 18:00:00+05:30,87.0,208.4,55.0,19.2,31.3,21.0,0.0,987.0,100,27.5667,72.0667,8.631715916960887
2024-03-02 19:00:00+05:30,1.0,0.0,1.0,18.0,25.0,19.0,0.0,987.4,100,27.5667,72.0667,0.0
2024-03-02 20:00:00+05:30,0.0,0.0,0.0,16.9,24.5,22.0,0.0,987.9,100,27.5667,72.0667,0.0
2024-03-02 21:00:00+05:30,0.0,0.0,0.0,16.0,24.5,27.0,0.0,988.9,100,27.5667,72.0667,0.0
2024-03-02 22:00:00+05:30,0.0,0.0,0.0,15.5,23.9,29.0,0.0,989.3,100,27.5667,72.0667,0.0
2024-03-02 23:00:00+05:30,0.0,0.0,0.0,13.2,18.4,35.0,0.0,989.9,100,27.5667,72.0667,0.0
2024-03-03 00:00:00+05:30,0.0,0.0,0.0,11.8,16.4,32.0,0.0,989.8,100,27.5667,72.0667,0.0
2024-03-03 01:00:00+05:30,0.0,0.0,0.0,10.8,14.7,34.0,0.0,989.6,100,27.5667,72.0667,0.0
2024-03-03 02:00:00+05:30,0.0,0.0,0.0,9.9,13.5,37.0,0.0,989.4,100,27.5667,72.0667,0.0
2024-03-03 03:00:00+05:30,0.0,0.0,0.0,9.2,13.2,39.0,0.0,989.5,100,27.5667,72.0667,0.0
2024-03-03 04:00:00+05:30,0.0,0.0,0.0,8.5,11.7,42.0,0.0,989.8,100,27.5667,72.0667,0.0
2024-03-03 05:00:00+05:30,0.0,0.0,0.0,7.7,10.2,46.0,0.0,990.0,100,27.5667,72.0667,0.0
2024-03-03 06:00:00+05:30,0.0,0.0,0.0,8.2,10.4,52.0,0.0,991.1,100,27.5667,72.0667,0.0
2024-03-03 07:00:00+05:30,7.0,15.3,6.0,8.0,10.3,52.0,0.0,991.5,100,27.5667,72.0667,0.02624306879892297
2024-03-03 08:00:00+05:30,128.0,269.6,75.0,10.4,9.0,45.0,0.0,992.2,100,27.5667,72.0667,13.548375150891006
2024-03-03 09:00:00+05:30,341.0,514.8,132.0,13.5,11.5,34.0,0.0,993.2,100,27.5667,72.0667,37.31395265744566
2024-03-03 10:00:00+05:30,552.0,657.5,168.0,15.7,13.8,26.0,0.0,993.5,100,27.5667,72.0667,62.716126345335816
2024-03-03 11:00:00+05:30,720.0,737.5,190.0,17.6,14.4,21.0,0.0,993.4,100,27.5667,72.0667,80.81316565540038
2024-03-03 12:00:00+05:30,825.0,776.9,203.0,19.1,15.9,19.0,0.0,992.8,100,27.5667,72.0667,90.25134306899432
2024-03-03 13:00:00+05:30,856.0,788.4,206.0,20.2,18.1,17.0,0.0,991.9,100,27.5667,72.0667,94.01418861336187
2024-03-03 14:00:00+05:30,810.0,773.8,200.0,20.8,19.2,16.0,0.0,990.8,100,27.5667,72.0667,86.01276587201622
2024-03-03 15:00:00+05:30,692.0,729.6,185.0,21.2,19.3,14.0,0.0,990.3,100,27.5667,72.0667,75.42599317013858
2024-03-03 16:00:00+05:30,515.0,641.2,162.0,21.1,22.0,12.0,0.0,990.4,100,27.5667,72.0667,58.907308209307885
2024-03-03 17:00:00+05:30,299.0,479.4,124.0,20.3,22.3,13.0,0.0,990.6,100,27.5667,72.0667,32.840720280052494
2024-03-03 18:00:00+05:30,92.0,219.5,58.0,18.7,18.7,14.0,0.0,991.4,100,27.5667,72.0667,9.052765996034138
2024-03-03 19:00:00+05:30,1.0,0.0,1.0,17.2,15.3,16.0,0.0,992.0,100,27.5667,72.0667,0.0
2024-03-03 20:00:00+05:30,0.0,0.0,0.0,15.8,13.7,19.0,0.0,992.6,100,27.5667,72.0667,0.0
2024-03-03 21:00:00+05:30,0.0,0.0,0.0,14.7,13.0,22.0,0.0,993.1,100,27.5667,72.0667,0.0
2024-03-03 22:00:00+05:30,0.0,0.0,0.0,13.2,12.0,25.0,0.0,993.5,100,27.5667,72.0667,0.0
2024-03-03 23:00:00+05:30,0.0,0.0,0.0,12.1,11.9,27.0,0.0,993.3,100,27.5667,72.0667,0.0
2024-03-04 00:00:00+05:30,0.0,0.0,0.0,11.5,12.7,29.0,0.0,993.3,100,27.5667,72.0667,0.0
2024-03-04 01:00:00+05:30,0.0,0.0,0.0,10.6,12.7,31.0,0.0,993.4,100,27.5667,72.0667,0.0
2024-03-04 02:00:00+05:30,0.0,0.0,0.0,9.4,10.7,35.0,0.0,993.2,100,27.5667,72.0667,0.0
2024-03-04 03:00:00+05:30,0.0,0.0,0.0,8.5,10.2,39.0,0.0,993.1,100,27.5667,72.0667,0.0
2024-03-04 04:00:00+05:30,0.0,0.0,0.0,7.5,9.4,44.0,0.0,993.1,100,27.5667,72.0667,0.0
2024-03-04 05:00:00+05:30,0.0,0.0,0.0,7.3,5.6,47.0,14.0,993.3,100,27.5667,72.0667,0.0
2024-03-04 06:00:00+05:30,0.0,0.0,0.0,7.9,5.5,53.0,22.0,994.4,100,27.5667,72.0667,0.0
2024-03-04 07:00:00+05:30,7.0,14.8,6.0,7.0,6.0,60.0,6.0,995.2,100,27.5667,72.0667,0.02906913666008997
2024-03-04 08:00:00+05:30,130.0,269.0,76.0,9.4,4.0,48.0,30.0,996.2,100,27.5667,72.0667,13.967246413928208
2024-03-04 09:00:00+05:30,343.0,504.6,136.0,12.9,2.0,38.0,0.0,997.6,100,27.5667,72.0667,37.3785395634692
2024-03-04 10:00:00+05:30,554.0,651.1,171.0,15.7,3.2,30.0,0.0,998.2,100,27.5667,72.0667,59.70843804764296
2024-03-04 11:00:00+05:30,721.0,730.5,193.0,18.0,6.5,25.0,0.0,998.2,100,27.5667,72.0667,76.0975193929001
2024-03-04 12:00:00+05:30,825.0,769.3,206.0,19.5,9.7,20.0,4.0,998.0,100,27.5667,72.0667,87.18117074974231
2024-03-04 13:00:00+05:30,854.0,774.0,213.0,20.6,10.5,18.0,0.0,997.1,100,27.5667,72.0667,86.79551044591892
2024-03-04 14:00:00+05:30,809.0,764.0,204.0,21.3,9.7,16.0,0.0,996.3,100,27.5667,72.0667,84.6954970106565
2024-03-04 15:00:00+05:30,690.0,719.0,188.0,21.8,10.2,14.0,0.0,995.7,100,27.5667,72.0667,71.55509375614183
2024-03-04 16:00:00+05:30,512.0,628.7,164.0,21.9,12.7,13.0,0.0,995.1,100,27.5667,72.0667,54.937682813698025
2024-03-04 17:00:00+05:30,296.0,467.8,124.0,21.5,13.2,13.0,0.0,995.2,100,27.5667,72.0667,31.052582876078613
2024-03-04 18:00:00+05:30,91.0,211.3,58.0,20.7,12.2,14.0,1.0,996.7,100,27.5667,72.0667,8.673082372720593
2024-03-04 19:00:00+05:30,1.0,0.0,1.0,18.5,10.1,18.0,100.0,996.9,100,27.5667,72.0667,0.0
2024-03-04 20:00:00+05:30,0.0,0.0,0.0,17.1,9.8,21.0,100.0,997.2,100,27.5667,72.0667,0.0
2024-03-04 21:00:00+05:30,0.0,0.0,0.0,16.5,11.1,22.0,100.0,997.7,100,27.5667,72.0667,0.0
2024-03-04 22:00:00+05:30,0.0,0.0,0.0,15.7,13.8,23.0,35.0,997.8,100,27.5667,72.0667,0.0
2024-03-04 23:00:00+05:30,0.0,0.0,0.0,15.0,16.6,25.0,17.0,997.5,100,27.5667,72.0667,0.0
2024-03-05 00:00:00+05:30,0.0,0.0,0.0,14.1,15.7,29.0,0.0,997.2,100,27.5667,72.0667,0.0
2024-03-05 01:00:00+05:30,0.0,0.0,0.0,13.3,15.9,32.0,0.0,997.0,100,27.5667,72.0667,0.0
2024-03-05 02:00:00+05:30,0.0,0.0,0.0,12.8,17.4,33.0,4.0,996.8,100,27.5667,72.0667,0.0
2024-03-05 03:00:00+05:30,0.0,0.0,0.0,12.2,18.1,35.0,9.0,996.9,100,27.5667,72.0667,0.0
2024-03-05 04:00:00+05:30,0.0,0.0,0.0,11.6,17.2,37.0,0.0,996.6,100,27.5667,72.0667,0.0
2024-03-05 05:00:00+05:30,0.0,0.0,0.0,11.1,15.7,40.0,0.0,996.9,100,27.5667,72.0667,0.0
2024-03-05 06:00:00+05:30,0.0,0.0,0.0,10.8,14.2,45.0,0.0,997.7,100,27.5667,72.0667,0.0
2024-03-05 07:00:00+05:30,8.0,14.4,7.0,10.2,13.3,48.0,12.0,998.3,100,27.5667,72.0667,0.11993692779256883
2024-03-05 08:00:00+05:30,130.0,258.6,77.0,12.0,11.9,44.0,2.0,998.9,100,27.5667,72.0667,13.320749889233648
2024-03-05 09:00:00+05:30,340.0,494.6,135.0,15.0,13.0,36.0,54.0,999.8,100,27.5667,72.0667,37.16661430451739
2024-03-05 10:00:00+05:30,542.0,611.0,180.0,17.9,14.9,28.0,11.0,1000.2,100,27.5667,72.0667,57.616790995605214
2024-03-05 11:00:00+05:30,712.0,712.6,194.0,20.0,17.3,23.0,7.0,999.6,100,27.5667,72.0667,76.44035409028625
2024-03-05 12:00:00+05:30,815.0,751.9,207.0,21.2,16.2,21.0,2.0,998.8,100,27.5667,72.0667,85.81661361528646
2024-03-05 13:00:00+05:30,845.0,765.7,208.0,22.0,14.9,19.0,75.0,997.8,100,27.5667,72.0667,87.38942642147286
2024-03-05 14:00:00+05:30,771.0,668.9,239.0,22.4,14.5,17.0,94.0,996.6,100,27.5667,72.0667,79.08264558864931
2024-03-05 15:00:00+05:30,623.0,496.2,275.0,22.6,14.5,16.0,96.0,995.7,100,27.5667,72.0667,63.97016213797508
2024-03-05 16:00:00+05:30,422.0,310.9,249.0,22.5,14.4,16.0,80.0,995.0,100,27.5667,72.0667,42.09517654966422
2024-03-05 17:00:00+05:30,275.0,353.8,144.0,22.0,15.5,17.0,3.0,995.0,100,27.5667,72.0667,28.536568136486288
2024-03-05 18:00:00+05:30,63.0,31.7,58.0,20.5,12.6,20.0,100.0,996.1,100,27.5667,72.0667,5.3124552218432415
2024-03-05 19:00:00+05:30,1.0,0.0,1.0,19.0,9.6,23.0,100.0,996.2,100,27.5667,72.0667,0.0
2024-03-05 20:00:00+05:30,0.0,0.0,0.0,18.3,11.7,25.0,100.0,996.6,100,27.5667,72.0667,0.0
2024-03-05 21:00:00+05:30,0.0,0.0,0.0,18.0,12.5,26.0,95.0,996.7,100,27.5667,72.0667,0.0
2024-03-05 22:00:00+05:30,0.0,0.0,0.0,17.0,10.2,29.0,49.0,996.9,100,27.5667,72.0667,0.0
2024-03-05 23:00:00+05:30,0.0,0.0,0.0,14.9,7.4,37.0,57.0,996.3,100,27.5667,72.0667,0.0
2024-03-06 00:00:00+05:30,0.0,0.0,0.0,14.5,7.4,38.0,30.0,995.9,100,27.5667,72.0667,0.0
2024-03-06 01:00:00+05:30,0.0,0.0,0.0,13.7,7.0,41.0,4.0,995.7,100,27.5667,72.0667,0.0
2024-03-06 02:00:00+05:30,0.0,0.0,0.0,12.5,10.5,45.0,0.0,995.1,100,27.5667,72.0667,0.0
2024-03-06 03:00:00+05:30,0.0,0.0,0.0,11.2,9.0,51.0,0.0,994.8,100,27.5667,72.0667,0.0
2024-03-06 04:00:00+05:30,0.0,0.0,0.0,10.6,9.3,53.0,0.0,994.6,100,27.5667,72.0667,0.0
2024-03-06 05:00:00+05:30,0.0,0.0,0.0,10.1,9.5,55.0,0.0,994.3,100,27.5667,72.0667,0.0
2024-03-06 06:00:00+05:30,0.0,0.0,0.0,11.7,9.7,47.0,100.0,994.9,100,27.5667,72.0667,0.0
2024-03-06 07:00:00+05:30,4.0,0.0,4.0,12.6,10.4,45.0,90.0,995.2,100,27.5667,72.0667,0.0
2024-03-06 08:00:00+05:30,101.0,100.4,80.0,14.0,10.6,42.0,60.0,996.2,100,27.5667,72.0667,9.481802318453578
2024-03-06 09:00:00+05:30,291.0,334.4,151.0,16.7,10.2,35.0,18.0,997.4,100,27.5667,72.0667,31.578807300985055
2024-03-06 10:00:00+05:30,497.0,519.6,187.0,19.6,9.4,27.0,78.0,997.7,100,27.5667,72.0667,51.646483348235826
2024-03-06 11:00:00+05:30,608.0,458.3,273.0,21.1,8.5,24.0,94.0,997.5,100,27.5667,72.0667,61.07736208780474
2024-03-06 12:00:00+05:30,526.0,224.0,344.0,21.4,5.8,23.0,46.0,996.3,100,27.5667,72.0667,50.05188648052345
2024-03-06 13:00:00+05:30,747.0,542.1,294.0,22.4,4.7,21.0,3.0,995.2,100,27.5667,72.0667,75.9713724796803
2024-03-06 14:00:00+05:30,785.0,726.1,205.0,23.1,4.3,20.0,0.0,993.9,100,27.5667,72.0667,78.84292659606649
2024-03-06 15:00:00+05:30,672.0,688.4,187.0,23.5,4.4,19.0,0.0,992.9,100,27.5667,72.0667,68.79641570386391
2024-03-06 16:00:00+05:30,498.0,602.6,161.0,23.7,4.3,19.0,0.0,992.3,100,27.5667,72.0667,52.40678999593909
2024-03-06 17:00:00+05:30,289.0,445.1,123.0,23.6,4.0,19.0,0.0,992.1,100,27.5667,72.0667,30.58053036045428
2024-03-06 18:00:00+05:30,90.0,201.6,58.0,22.6,4.8,32.0,0.0,992.6,100,27.5667,72.0667,8.678255498192078
2024-03-06 19:00:00+05:30,2.0,0.0,2.0,20.8,8.8,32.0,0.0,992.8,100,27.5667,72.0667,0.0
2024-03-06 20:00:00+05:30,0.0,0.0,0.0,19.5,9.1,35.0,0.0,993.0,100,27.5667,72.0667,0.0
2024-03-06 21:00:00+05:30,0.0,0.0,0.0,18.3,10.3,36.0,0.0,993.3,100,27.5667,72.0667,0.0
2024-03-06 22:00:00+05:30,0.0,0.0,0.0,17.0,9.2,39.0,0.0,993.6,100,27.5667,72.0667,0.0
2024-03-06 23:00:00+05:30,0.0,0.0,0.0,15.8,7.5,46.0,0.0,993.3,100,27.5667,72.0667,0.0
2024-03-07 00:00:00+05:30,0.0,0.0,0.0,14.9,8.5,47.0,0.0,992.8,100,27.5667,72.0667,0.0
2024-03-07 01:00:00+05:30,0.0,0.0,0.0,14.3,9.6,46.0,12.0,992.4,100,27.5667,72.0667,0.0
2024-03-07 02:00:00+05:30,0.0,0.0,0.0,13.5,8.8,50.0,18.0,991.5,100,27.5667,72.0667,0.0
2024-03-07 03:00:00+05:30,0.0,0.0,0.0,12.9,6.1,56.0,28.0,991.3,100,27.5667,72.0667,0.0
2024-03-07 04:00:00+05:30,0.0,0.0,0.0,13.8,4.5,50.0,19.0,991.3,100,27.5667,72.0667,0.0
2024-03-07 05:00:00+05:30,0.0,0.0,0.0,13.6,5.2,51.0,1.0,991.5,100,27.5667,72.0667,0.0
2024-03-07 06:00:00+05:30,0.0,0.0,0.0,13.4,7.2,53.0,5.0,991.9,100,27.5667,72.0667,0.0
2024-03-07 07:00:00+05:30,9.0,13.6,8.0,13.7,5.8,52.0,0.0,993.0,100,27.5667,72.0667,0.2165609677867174
2024-03-07 08:00:00+05:30,131.0,253.1,77.0,16.2,3.4,41.0,0.0,993.9,100,27.5667,72.0667,13.215374673120374
2024-03-07 09:00:00+05:30,336.0,475.3,135.0,19.4,2.4,34.0,0.0,995.0,100,27.5667,72.0667,35.147979743743456
2024-03-07 10:00:00+05:30,537.0,612.5,169.0,22.1,2.8,31.0,0.0,995.5,100,27.5667,72.0667,55.80951081125737
2024-03-07 11:00:00+05:30,698.0,687.0,193.0,23.9,4.3,29.0,1.0,995.2,100,27.5667,72.0667,70.45847885425762
2024-03-07 12:00:00+05:30,798.0,725.1,206.0,25.1,5.6,28.0,0.0,994.5,100,27.5667,72.0667,80.1554932048673
2024-03-07 13:00:00+05:30,829.0,739.9,208.0,26.1,7.6,27.0,0.0,993.3,100,27.5667,72.0667,80.2485896622152
2024-03-07 14:00:00+05:30,785.0,728.0,201.0,26.8,10.1,25.0,0.0,992.4,100,27.5667,72.0667,80.38724666758205
2024-03-07 15:00:00+05:30,671.0,686.8,185.0,27.3,14.0,24.0,0.0,991.7,100,27.5667,72.0667,68.8443138260623
2024-03-07 16:00:00+05:30,494.0,592.4,161.0,27.0,16.1,22.0,0.0,991.7,100,27.5667,72.0667,52.896865676509606
2024-03-07 17:00:00+05:30,292.0,450.1,123.0,26.4,16.8,21.0,0.0,992.0,100,27.5667,72.0667,29.401955927393686
2024-03-07 18:00:00+05:30,95.0,218.0,60.0,24.7,15.1,20.0,0.0,993.2,100,27.5667,72.0667,8.830848765549709
2024-03-07 19:00:00+05:30,2.0,0.0,2.0,22.7,11.9,25.0,0.0,993.6,100,27.5667,72.0667,0.0
2024-03-07 20:00:00+05:30,0.0,0.0,0.0,21.1,10.1,30.0,0.0,994.2,100,27.5667,72.0667,0.0
2024-03-07 21:00:00+05:30,0.0,0.0,0.0,19.6,9.8,34.0,0.0,994.8,100,27.5667,72.0667,0.0
2024-03-07 22:00:00+05:30,0.0,0.0,0.0,18.9,13.8,35.0,0.0,994.9,100,27.5667,72.0667,0.0
2024-03-07 23:00:00+05:30,0.0,0.0,0.0,18.4,14.9,40.0,0.0,994.7,100,27.5667,72.0667,0.0
2024-03-08 00:00:00+05:30,0.0,0.0,0.0,17.3,13.3,45.0,0.0,994.5,100,27.5667,72.0667,0.0
2024-03-08 01:00:00+05:30,0.0,0.0,0.0,16.5,14.4,50.0,0.0,994.2,100,27.5667,72.0667,0.0
2024-03-08 02:00:00+05:30,0.0,0.0,0.0,15.9,14.1,53.0,0.0,993.9,100,27.5667,72.0667,0.0
2024-03-08 03:00:00+05:30,0.0,0.0,0.0,15.2,13.7,56.0,0.0,993.6,100,27.5667,72.0667,0.0
2024-03-08 04:00:00+05:30,0.0,0.0,0.0,14.2,11.9,61.0,0.0,993.6,100,27.5667,72.0667,0.0
2024-03-08 05:00:00+05:30,0.0,0.0,0.0,13.1,10.6,65.0,0.0,994.0,100,27.5667,72.0667,0.0
2024-03-08 06:00:00+05:30,0.0,0.0,0.0,12.1,8.7,69.0,0.0,994.8,100,27.5667,72.0667,0.0
2024-03-08 07:00:00+05:30,11.0,13.2,10.0,11.9,8.0,70.0,0.0,995.7,100,27.5667,72.0667,0.42264182464351624
2024-03-08 08:00:00+05:30,141.0,271.2,82.0,14.3,4.2,58.0,0.0,996.6,100,27.5667,72.0667,13.781328554730344
2024-03-08 09:00:00+05:30,353.0,503.4,138.0,17.3,4.3,46.0,0.0,997.3,100,27.5667,72.0667,37.73479035885559
2024-03-08 10:00:00+05:30,561.0,641.3,173.0,20.5,6.1,38.0,0.0,997.3,100,27.5667,72.0667,60.37399879586785
2024-03-08 11:00:00+05:30,727.0,718.4,196.0,23.1,6.2,32.0,0.0,996.8,100,27.5667,72.0667,72.66521009722483
2024-03-08 12:00:00+05:30,830.0,758.3,208.0,25.0,8.4,25.0,0.0,996.3,100,27.5667,72.0667,83.05528377238441
2024-03-08 13:00:00+05:30,858.0,767.6,211.0,26.1,10.1,21.0,0.0,995.2,100,27.5667,72.0667,85.75699310288404
2024-03-08 14:00:00+05:30,809.0,751.0,204.0,26.8,13.0,19.0,0.0,994.3,100,27.5667,72.0667,82.42783242287744
2024-03-08 15:00:00+05:30,690.0,704.9,189.0,27.2,14.7,19.0,0.0,993.7,100,27.5667,72.0667,71.5484215143651
2024-03-08 16:00:00+05:30,512.0,616.0,164.0,27.1,15.5,18.0,0.0,993.5,100,27.5667,72.0667,53.0608282073083
2024-03-08 17:00:00+05:30,299.0,457.6,126.0,26.7,15.0,18.0,0.0,993.7,100,27.5667,72.0667,30.047188139550176
2024-03-08 18:00:00+05:30,95.0,208.7,61.0,25.0,13.4,22.0,0.0,994.5,100,27.5667,72.0667,8.867643534423458
2024-03-08 19:00:00+05:30,2.0,0.0,2.0,23.3,12.3,24.0,0.0,995.0,100,27.5667,72.0667,0.0
2024-03-08 20:00:00+05:30,0.0,0.0,0.0,21.8,11.1,27.0,0.0,995.3,100,27.5667,72.0667,0.0
2024-03-08 21:00:00+05:30,0.0,0.0,0.0,20.3,10.5,30.0,0.0,996.0,100,27.5667,72.0667,0.0
2024-03-08 22:00:00+05:30,0.0,0.0,0.0,19.2,11.3,31.0,0.0,996.2,100,27.5667,72.0667,0.0
2024-03-08 23:00:00+05:30,0.0,0.0,0.0,18.1,11.3,32.0,0.0,996.0,100,27.5667,72.0667,0.0
2024-03-09 00:00:00+05:30,0.0,0.0,0.0,17.4,12.3,33.0,0.0,995.8,100,27.5667,72.0667,0.0
2024-03-09 01:00:00+05:30,0.0,0.0,0.0,16.5,12.9,36.0,0.0,995.6,100,27.5667,72.0667,0.0
2024-03-09 02:00:00+05:30,0.0,0.0,0.0,15.6,13.4,40.0,0.0,995.3,100,27.5667,72.0667,0.0
2024-03-09 03:00:00+05:30,0.0,0.0,0.0,14.9,12.6,43.0,0.0,995.0,100,27.5667,72.0667,0.0
2024-03-09 04:00:00+05:30,0.0,0.0,0.0,14.2,12.3,46.0,6.0,994.7,100,27.5667,72.0667,0.0
2024-03-09 05:00:00+05:30,0.0,0.0,0.0,13.4,11.4,49.0,5.0,995.1,100,27.5667,72.0667,0.0
2024-03-09 06:00:00+05:30,0.0,0.0,0.0,13.6,11.6,54.0,10.0,995.5,100,27.5667,72.0667,0.0
2024-03-09 07:00:00+05:30,11.0,25.6,9.0,13.8,12.1,53.0,0.0,995.8,100,27.5667,72.0667,0.3366546689591477
2024-03-09 08:00:00+05:30,143.0,270.6,83.0,16.2,9.9,46.0,0.0,996.7,100,27.5667,72.0667,14.365696168261138
2024-03-09 09:00:00+05:30,355.0,500.8,139.0,19.4,9.2,37.0,1.0,997.6,100,27.5667,72.0667,37.085343755891735
2024-03-09 10:00:00+05:30,562.0,636.9,174.0,22.6,10.8,29.0,22.0,998.0,100,27.5667,72.0667,59.98667288329522
2024-03-09 11:00:00+05:30,728.0,714.5,197.0,24.8,13.2,22.0,10.0,997.8,100,27.5667,72.0667,74.58748240589641
2024-03-09 12:00:00+05:30,831.0,754.8,209.0,26.1,14.8,19.0,29.0,996.9,100,27.5667,72.0667,82.87774913399798
2024-03-09 13:00:00+05:30,862.0,766.7,213.0,26.9,14.7,17.0,99.0,995.9,100,27.5667,72.0667,85.21897181909017
2024-03-09 14:00:00+05:30,809.0,728.2,220.0,27.5,14.3,16.0,100.0,994.7,100,27.5667,72.0667,79.15182100690745
2024-03-09 15:00:00+05:30,666.0,596.8,240.0,27.7,13.1,15.0,100.0,994.0,100,27.5667,72.0667,66.54676924689265
2024-03-09 16:00:00+05:30,456.0,369.9,246.0,27.6,11.9,15.0,100.0,994.0,100,27.5667,72.0667,44.539304394514836
2024-03-09 17:00:00+05:30,248.0,176.0,181.0,27.1,10.9,15.0,100.0,994.0,100,27.5667,72.0667,22.71246414444187
2024-03-09 18:00:00+05:30,76.0,48.4,68.0,26.2,9.1,18.0,100.0,994.9,100,27.5667,72.0667,6.155088063480094
2024-03-09 19:00:00+05:30,2.0,0.0,2.0,24.7,10.1,20.0,100.0,995.1,100,27.5667,72.0667,0.0
2024-03-09 20:00:00+05:30,0.0,0.0,0.0,23.3,9.3,23.0,100.0,995.3,100,27.5667,72.0667,0.0
2024-03-09 21:00:00+05:30,0.0,0.0,0.0,21.7,6.6,28.0,99.0,995.4,100,27.5667,72.0667,0.0
2024-03-09 22:00:00+05:30,0.0,0.0,0.0,21.8,5.7,27.0,100.0,995.4,100,27.5667,72.0667,0.0
2024-03-09 23:00:00+05:30,0.0,0.0,0.0,21.8,4.7,26.0,100.0,995.4,100,27.5667,72.0667,0.0
2024-03-10 00:00:00+05:30,0.0,0.0,0.0,19.2,7.0,33.0,99.0,994.7,100,27.5667,72.0667,0.0
2024-03-10 01:00:00+05:30,0.0,0.0,0.0,18.3,8.6,35.0,100.0,993.9,100,27.5667,72.0667,0.0
2024-03-10 02:00:00+05:30,0.0,0.0,0.0,17.8,9.6,34.0,97.0,993.6,100,27.5667,72.0667,0.0
2024-03-10 03:00:00+05:30,0.0,0.0,0.0,16.0,7.9,40.0,60.0,993.3,100,27.5667,72.0667,0.0
2024-03-10 04:00:00+05:30,0.0,0.0,0.0,16.0,6.5,39.0,38.0,993.2,100,27.5667,72.0667,0.0
2024-03-10 05:00:00+05:30,0.0,0.0,0.0,15.2,6.8,42.0,13.0,993.3,100,27.5667,72.0667,0.0
2024-03-10 06:00:00+05:30,0.0,0.0,0.0,16.0,10.7,45.0,92.0,994.0,100,27.5667,72.0667,0.0
2024-03-10 07:00:00+05:30,11.0,12.5,10.0,16.1,11.7,45.0,100.0,994.6,100,27.5667,72.0667,0.3916520320200531
2024-03-10 08:00:00+05:30,117.0,84.1,98.0,18.3,10.9,39.0,82.0,995.3,100,27.5667,72.0667,10.699231440973797
2024-03-10 09:00:00+05:30,314.0,319.1,175.0,21.3,9.4,32.0,100.0,995.9,100,27.5667,72.0667,31.117515879659447
2024-03-10 10:00:00+05:30,454.0,270.7,288.0,24.4,11.0,26.0,74.0,996.1,100,27.5667,72.0667,44.643460282880405
2024-03-10 11:00:00+05:30,700.0,621.0,236.0,26.6,7.1,19.0,42.0,995.9,100,27.5667,72.0667,66.38401294609193
2024-03-10 12:00:00+05:30,807.0,690.9,235.0,27.5,1.8,16.0,10.0,995.4,100,27.5667,72.0667,75.74018842340428
2024-03-10 13:00:00+05:30,844.0,734.1,220.0,28.4,5.8,15.0,12.0,994.7,100,27.5667,72.0667,82.59959228581772
2024-03-10 14:00:00+05:30,804.0,738.8,204.0,29.0,6.9,14.0,14.0,993.8,100,27.5667,72.0667,76.88453045068313
2024-03-10 15:00:00+05:30,678.0,651.5,211.0,29.2,6.9,13.0,100.0,992.9,100,27.5667,72.0667,65.91671574857625
2024-03-10 16:00:00+05:30,351.0,187.6,244.0,29.0,7.0,13.0,98.0,992.6,100,27.5667,72.0667,32.11569322297377
2024-03-10 17:00:00+05:30,252.0,227.1,165.0,28.9,8.9,13.0,95.0,992.7,100,27.5667,72.0667,22.980450244005493
2024-03-10 18:00:00+05:30,81.0,77.6,68.0,27.7,10.6,14.0,100.0,992.9,100,27.5667,72.0667,6.969569554650507
2024-03-10 19:00:00+05:30,2.0,0.0,2.0,26.2,10.5,16.0,100.0,993.2,100,27.5667,72.0667,0.0
2024-03-10 20:00:00+05:30,0.0,0.0,0.0,25.4,8.6,18.0,42.0,993.8,100,27.5667,72.0667,0.0
2024-03-10 21:00:00+05:30,0.0,0.0,0.0,26.2,4.0,16.0,13.0,994.5,100,27.5667,72.0667,0.0
2024-03-10 22:00:00+05:30,0.0,0.0,0.0,23.2,5.5,22.0,81.0,995.1,100,27.5667,72.0667,0.0
2024-03-10 23:00:00+05:30,0.0,0.0,0.0,21.0,11.0,25.0,6.0,995.1,100,27.5667,72.0667,0.0
2024-03-11 00:00:00+05:30,0.0,0.0,0.0,19.6,10.5,30.0,0.0,994.9,100,27.5667,72.0667,0.0
2024-03-11 01:00:00+05:30,0.0,0.0,0.0,18.9,10.6,32.0,0.0,994.5,100,27.5667,72.0667,0.0
2024-03-11 02:00:00+05:30,0.0,0.0,0.0,17.6,8.4,36.0,0.0,994.2,100,27.5667,72.0667,0.0
2024-03-11 03:00:00+05:30,0.0,0.0,0.0,17.2,10.8,37.0,5.0,993.9,100,27.5667,72.0667,0.0
2024-03-11 04:00:00+05:30,0.0,0.0,0.0,16.6,10.3,39.0,0.0,993.7,100,27.5667,72.0667,0.0
2024-03-11 05:00:00+05:30,0.0,0.0,0.0,16.0,9.6,43.0,0.0,993.9,100,27.5667,72.0667,0.0
2024-03-11 06:00:00+05:30,0.0,0.0,0.0,16.5,9.9,45.0,0.0,994.5,100,27.5667,72.0667,0.0
2024-03-11 07:00:00+05:30,13.0,24.3,11.0,16.9,10.9,41.0,0.0,995.2,100,27.5667,72.0667,0.5265965365166083
2024-03-11 08:00:00+05:30,144.0,265.1,83.0,19.7,10.0,33.0,0.0,996.0,100,27.5667,72.0667,13.992076476804842
2024-03-11 09:00:00+05:30,353.0,486.7,139.0,23.7,10.0,25.0,0.0,996.4,100,27.5667,72.0667,36.345089161537615
2024-03-11 10:00:00+05:30,557.0,620.3,174.0,26.7,11.1,20.0,0.0,996.5,100,27.5667,72.0667,57.16927515517495
2024-03-11 11:00:00+05:30,718.0,695.0,196.0,28.7,9.5,17.0,0.0,996.3,100,27.5667,72.0667,73.31109611042206
2024-03-11 12:00:00+05:30,817.0,732.3,208.0,29.8,8.3,16.0,0.0,995.6,100,27.5667,72.0667,79.023890593794
2024-03-11 13:00:00+05:30,844.0,741.6,211.0,30.7,10.0,17.0,2.0,994.6,100,27.5667,72.0667,82.9240989047274
2024-03-11 14:00:00+05:30,795.0,721.1,207.0,31.3,11.9,16.0,12.0,993.6,100,27.5667,72.0667,78.37867181931458
2024-03-11 15:00:00+05:30,676.0,668.3,195.0,31.6,12.0,16.0,12.0,992.7,100,27.5667,72.0667,68.1997211016397
2024-03-11 16:00:00+05:30,502.0,582.8,168.0,31.5,10.8,17.0,1.0,992.1,100,27.5667,72.0667,49.64527300362045
2024-03-11 17:00:00+05:30,296.0,443.5,125.0,31.1,10.7,17.0,13.0,992.2,100,27.5667,72.0667,29.766724268619694
2024-03-11 18:00:00+05:30,97.0,206.1,62.0,29.4,12.9,19.0,0.0,993.2,100,27.5667,72.0667,8.798908502717172
2024-03-11 19:00:00+05:30,3.0,0.0,3.0,27.6,13.2,22.0,8.0,993.6,100,27.5667,72.0667,0.0
2024-03-11 20:00:00+05:30,0.0,0.0,0.0,26.4,15.1,24.0,1.0,994.1,100,27.5667,72.0667,0.0
2024-03-11 21:00:00+05:30,0.0,0.0,0.0,25.2,12.6,27.0,1.0,994.5,100,27.5667,72.0667,0.0
2024-03-11 22:00:00+05:30,0.0,0.0,0.0,24.0,12.7,29.0,1.0,994.4,100,27.5667,72.0667,0.0
2024-03-11 23:00:00+05:30,0.0,0.0,0.0,23.4,18.8,29.0,0.0,994.7,100,27.5667,72.0667,0.0
2024-03-12 00:00:00+05:30,0.0,0.0,0.0,22.2,17.3,32.0,0.0,994.7,100,27.5667,72.0667,0.0
2024-03-12 01:00:00+05:30,0.0,0.0,0.0,20.9,14.1,36.0,0.0,994.5,100,27.5667,72.0667,0.0
2024-03-12 02:00:00+05:30,0.0,0.0,0.0,19.8,12.1,38.0,0.0,994.1,100,27.5667,72.0667,0.0
2024-03-12 03:00:00+05:30,0.0,0.0,0.0,18.8,12.3,42.0,0.0,993.7,100,27.5667,72.0667,0.0
2024-03-12 04:00:00+05:30,0.0,0.0,0.0,18.2,12.8,48.0,0.0,993.5,100,27.5667,72.0667,0.0
2024-03-12 05:00:00+05:30,0.0,0.0,0.0,17.6,12.5,52.0,0.0,993.7,100,27.5667,72.0667,0.0
2024-03-12 06:00:00+05:30,0.0,0.0,0.0,17.2,11.6,61.0,0.0,994.6,100,27.5667,72.0667,0.0
2024-03-12 07:00:00+05:30,14.0,23.7,12.0,17.2,10.6,61.0,0.0,995.4,100,27.5667,72.0667,0.6206015389512451
2024-03-12 08:00:00+05:30,149.0,268.9,86.0,19.3,8.7,53.0,0.0,996.2,100,27.5667,72.0667,14.588301512885895
2024-03-12 09:00:00+05:30,358.0,491.1,140.0,22.0,9.0,45.0,0.0,996.8,100,27.5667,72.0667,37.597820351006646
2024-03-12 10:00:00+05:30,563.0,624.3,175.0,25.1,8.6,36.0,0.0,996.8,100,27.5667,72.0667,57.7934747114864
2024-03-12 11:00:00+05:30,725.0,699.4,197.0,27.6,9.0,29.0,0.0,996.6,100,27.5667,72.0667,72.86441167785136
2024-03-12 12:00:00+05:30,826.0,737.5,210.0,28.9,8.7,25.0,0.0,995.9,100,27.5667,72.0667,80.93933993617956
2024-03-12 13:00:00+05:30,854.0,749.1,212.0,29.7,7.3,23.0,0.0,994.8,100,27.5667,72.0667,83.62762190958726
2024-03-12 14:00:00+05:30,807.0,734.2,206.0,30.2,6.7,21.0,0.0,993.6,100,27.5667,72.0667,78.26361959229214
2024-03-12 15:00:00+05:30,689.0,689.1,191.0,30.4,6.9,21.0,0.0,992.6,100,27.5667,72.0667,67.41227484275704
2024-03-12 16:00:00+05:30,512.0,602.7,165.0,30.3,7.5,20.0,0.0,992.1,100,27.5667,72.0667,49.73584339819596
2024-03-12 17:00:00+05:30,301.0,448.5,127.0,30.0,8.3,20.0,0.0,991.9,100,27.5667,72.0667,29.15799698497773
2024-03-12 18:00:00+05:30,100.0,209.2,64.0,29.3,11.2,20.0,0.0,992.6,100,27.5667,72.0667,8.822003628906163
2024-03-12 19:00:00+05:30,3.0,0.0,3.0,27.3,9.4,23.0,0.0,992.6,100,27.5667,72.0667,0.0
2024-03-12 20:00:00+05:30,0.0,0.0,0.0,25.3,8.1,28.0,0.0,992.7,100,27.5667,72.0667,0.0
2024-03-12 21:00:00+05:30,0.0,0.0,0.0,23.9,8.5,30.0,0.0,993.1,100,27.5667,72.0667,0.0
2024-03-12 22:00:00+05:30,0.0,0.0,0.0,22.7,8.9,32.0,0.0,992.8,100,27.5667,72.0667,0.0
2024-03-12 23:00:00+05:30,0.0,0.0,0.0,21.9,10.0,33.0,0.0,992.2,100,27.5667,72.0667,0.0
2024-03-13 00:00:00+05:30,0.0,0.0,0.0,21.2,11.2,34.0,0.0,991.2,100,27.5667,72.0667,0.0
2024-03-13 01:00:00+05:30,0.0,0.0,0.0,20.4,10.9,36.0,0.0,990.5,100,27.5667,72.0667,0.0
2024-03-13 02:00:00+05:30,0.0,0.0,0.0,19.2,10.4,38.0,6.0,989.8,100,27.5667,72.0667,0.0
2024-03-13 03:00:00+05:30,0.0,0.0,0.0,18.6,10.7,40.0,8.0,989.4,100,27.5667,72.0667,0.0
2024-03-13 04:00:00+05:30,0.0,0.0,0.0,18.1,11.7,41.0,23.0,989.9,100,27.5667,72.0667,0.0
2024-03-13 05:00:00+05:30,0.0,0.0,0.0,18.4,18.5,54.0,23.0,990.2,100,27.5667,72.0667,0.0
2024-03-13 06:00:00+05:30,0.0,0.0,0.0,18.1,11.0,68.0,99.0,991.8,100,27.5667,72.0667,0.0
2024-03-13 07:00:00+05:30,6.0,0.0,6.0,18.4,8.1,68.0,98.0,992.1,100,27.5667,72.0667,0.0
2024-03-13 08:00:00+05:30,99.0,71.3,82.0,19.4,7.0,65.0,56.0,991.4,100,27.5667,72.0667,8.79762859536551
2024-03-13 09:00:00+05:30,272.0,256.7,157.0,21.2,7.4,59.0,1.0,992.5,100,27.5667,72.0667,26.45463009028248
2024-03-13 10:00:00+05:30,554.0,605.9,175.0,24.6,19.1,44.0,0.0,992.5,100,27.5667,72.0667,58.66549983243486
2024-03-13 11:00:00+05:30,717.0,687.9,195.0,26.5,25.4,39.0,0.0,992.2,100,27.5667,72.0667,75.43380823148037
2024-03-13 12:00:00+05:30,820.0,729.5,208.0,27.6,26.6,33.0,0.0,991.5,100,27.5667,72.0667,84.90567047158656
2024-03-13 13:00:00+05:30,850.0,743.8,210.0,28.5,26.3,29.0,0.0,990.6,100,27.5667,72.0667,87.2040227571561
2024-03-13 14:00:00+05:30,806.0,732.6,204.0,29.1,24.8,26.0,0.0,989.6,100,27.5667,72.0667,81.51985822296751
2024-03-13 15:00:00+05:30,690.0,690.5,189.0,29.4,23.9,23.0,0.0,988.8,100,27.5667,72.0667,71.63042220959309
2024-03-13 16:00:00+05:30,516.0,608.6,164.0,29.4,23.1,21.0,0.0,988.6,100,27.5667,72.0667,53.800738520781564
2024-03-13 17:00:00+05:30,305.0,455.9,127.0,28.6,24.7,23.0,0.0,988.7,100,27.5667,72.0667,30.979980806539636
2024-03-13 18:00:00+05:30,102.0,218.0,64.0,27.5,19.9,23.0,0.0,990.0,100,27.5667,72.0667,9.08240562352125
2024-03-13 19:00:00+05:30,3.0,0.0,3.0,26.1,17.7,25.0,0.0,990.5,100,27.5667,72.0667,0.0
2024-03-13 20:00:00+05:30,0.0,0.0,0.0,25.3,18.4,27.0,0.0,991.4,100,27.5667,72.0667,0.0
2024-03-13 21:00:00+05:30,0.0,0.0,0.0,24.1,16.5,28.0,0.0,992.1,100,27.5667,72.0667,0.0
2024-03-13 22:00:00+05:30,0.0,0.0,0.0,22.7,16.4,36.0,0.0,992.6,100,27.5667,72.0667,0.0
2024-03-13 23:00:00+05:30,0.0,0.0,0.0,21.4,13.5,43.0,0.0,992.4,100,27.5667,72.0667,0.0
2024-03-14 00:00:00+05:30,0.0,0.0,0.0,19.8,9.8,48.0,0.0,992.3,100,27.5667,72.0667,0.0
2024-03-14 01:00:00+05:30,0.0,0.0,0.0,18.8,10.3,52.0,0.0,992.0,100,27.5667,72.0667,0.0
2024-03-14 02:00:00+05:30,0.0,0.0,0.0,17.6,9.8,55.0,0.0,991.6,100,27.5667,72.0667,0.0
2024-03-14 03:00:00+05:30,0.0,0.0,0.0,16.1,6.8,60.0,0.0,991.4,100,27.5667,72.0667,0.0
2024-03-14 04:00:00+05:30,0.0,0.0,0.0,16.6,4.7,56.0,0.0,991.5,100,27.5667,72.0667,0.0
2024-03-14 05:00:00+05:30,0.0,0.0,0.0,17.2,3.6,53.0,0.0,992.0,100,27.5667,72.0667,0.0
2024-03-14 06:00:00+05:30,0.0,0.0,0.0,15.0,7.6,59.0,0.0,992.9,100,27.5667,72.0667,0.0
2024-03-14 07:00:00+05:30,17.0,33.9,14.0,15.2,5.9,58.0,0.0,993.9,100,27.5667,72.0667,0.862448468292417
2024-03-14 08:00:00+05:30,162.0,296.8,90.0,17.8,5.5,47.0,0.0,995.1,100,27.5667,72.0667,15.357956042381021
2024-03-14 09:00:00+05:30,377.0,515.4,144.0,20.7,7.6,38.0,0.0,995.8,100,27.5667,72.0667,37.49962705651487
2024-03-14 10:00:00+05:30,583.0,643.4,178.0,23.1,7.3,33.0,0.0,996.0,100,27.5667,72.0667,59.34109008829803
2024-03-14 11:00:00+05:30,746.0,715.9,200.0,25.3,5.9,29.0,0.0,995.7,100,27.5667,72.0667,72.40478050383959
2024-03-14 12:00:00+05:30,846.0,752.5,212.0,27.1,4.8,24.0,0.0,995.2,100,27.5667,72.0667,82.08026501867458
2024-03-14 13:00:00+05:30,874.0,762.9,215.0,28.5,3.3,20.0,0.0,994.5,100,27.5667,72.0667,80.05366151124768
2024-03-14 14:00:00+05:30,827.0,749.3,209.0,29.3,1.1,16.0,0.0,993.6,100,27.5667,72.0667,78.09686527569488
2024-03-14 15:00:00+05:30,709.0,707.1,194.0,29.7,1.4,14.0,0.0,992.7,100,27.5667,72.0667,65.87272134134668
2024-03-14 16:00:00+05:30,531.0,623.1,169.0,29.8,3.3,13.0,0.0,992.2,100,27.5667,72.0667,50.528826772386275
2024-03-14 17:00:00+05:30,315.0,468.5,131.0,29.7,3.9,13.0,0.0,992.2,100,27.5667,72.0667,30.43671368537433
2024-03-14 18:00:00+05:30,106.0,226.6,66.0,29.4,9.2,12.0,0.0,992.9,100,27.5667,72.0667,9.291499058409867
2024-03-14 19:00:00+05:30,3.0,0.0,3.0,27.2,11.8,15.0,0.0,993.1,100,27.5667,72.0667,0.0
2024-03-14 20:00:00+05:30,0.0,0.0,0.0,25.9,13.5,16.0,0.0,993.5,100,27.5667,72.0667,0.0
2024-03-14 21:00:00+05:30,0.0,0.0,0.0,24.2,11.5,17.0,0.0,994.0,100,27.5667,72.0667,0.0
2024-03-14 22:00:00+05:30,0.0,0.0,0.0,22.9,13.4,19.0,0.0,994.1,100,27.5667,72.0667,0.0
2024-03-14 23:00:00+05:30,0.0,0.0,0.0,22.1,16.1,24.0,0.0,993.7,100,27.5667,72.0667,0.0
2024-03-15 00:00:00+05:30,0.0,0.0,0.0,22.2,22.2,28.0,0.0,993.3,100,27.5667,72.0667,0.0
2024-03-15 01:00:00+05:30,0.0,0.0,0.0,21.4,19.8,31.0,0.0,993.0,100,27.5667,72.0667,0.0
2024-03-15 02:00:00+05:30,0.0,0.0,0.0,20.2,17.2,33.0,0.0,992.6,100,27.5667,72.0667,0.0
2024-03-15 03:00:00+05:30,0.0,0.0,0.0,19.0,14.1,36.0,0.0,992.5,100,27.5667,72.0667,0.0
2024-03-15 04:00:00+05:30,0.0,0.0,0.0,18.0,12.5,38.0,0.0,992.5,100,27.5667,72.0667,0.0
2024-03-15 05:00:00+05:30,0.0,0.0,0.0,16.7,9.7,41.0,0.0,992.8,100,27.5667,72.0667,0.0
2024-03-15 06:00:00+05:30,0.0,0.0,0.0,17.2,12.3,50.0,89.0,994.0,100,27.5667,72.0667,0.0
2024-03-15 07:00:00+05:30,17.0,22.1,15.0,17.4,11.9,49.0,79.0,994.8,100,27.5667,72.0667,0.8632101583121833
2024-03-15 08:00:00+05:30,159.0,271.5,92.0,19.5,8.3,44.0,0.0,995.7,100,27.5667,72.0667,14.694379337330556
2024-03-15 09:00:00+05:30,374.0,504.1,144.0,22.1,11.2,37.0,0.0,996.5,100,27.5667,72.0667,38.502130061219816
2024-03-15 10:00:00+05:30,580.0,634.6,178.0,24.7,11.5,32.0,0.0,996.5,100,27.5667,72.0667,57.90114096050327
2024-03-15 11:00:00+05:30,742.0,708.4,199.0,26.7,11.6,26.0,0.0,996.2,100,27.5667,72.0667,76.32372199723241
2024-03-15 12:00:00+05:30,842.0,744.5,212.0,28.2,10.7,23.0,0.0,995.3,100,27.5667,72.0667,83.831726770002
2024-03-15 13:00:00+05:30,869.0,755.4,214.0,29.3,11.5,20.0,0.0,994.2,100,27.5667,72.0667,83.97899174646298
2024-03-15 14:00:00+05:30,821.0,740.5,208.0,29.9,13.3,18.0,0.0,993.2,100,27.5667,72.0667,83.35904859959167
2024-03-15 15:00:00+05:30,703.0,696.2,194.0,30.1,13.4,17.0,0.0,992.4,100,27.5667,72.0667,69.52896990262603
2024-03-15 16:00:00+05:30,525.0,611.8,168.0,30.1,13.7,16.0,0.0,991.9,100,27.5667,72.0667,52.22473333566745
2024-03-15 17:00:00+05:30,312.0,460.6,130.0,29.6,13.3,16.0,0.0,992.0,100,27.5667,72.0667,30.230976813973648
2024-03-15 18:00:00+05:30,105.0,218.2,66.0,28.2,10.5,20.0,0.0,992.7,100,27.5667,72.0667,8.916727197551953
2024-03-15 19:00:00+05:30,4.0,0.0,4.0,26.2,9.7,22.0,0.0,993.2,100,27.5667,72.0667,0.0
2024-03-15 20:00:00+05:30,0.0,0.0,0.0,24.8,10.5,24.0,0.0,993.7,100,27.5667,72.0667,0.0
2024-03-15 21:00:00+05:30,0.0,0.0,0.0,23.3,10.3,26.0,10.0,994.2,100,27.5667,72.0667,0.0
2024-03-15 22:00:00+05:30,0.0,0.0,0.0,21.9,9.7,30.0,68.0,994.4,100,27.5667,72.0667,0.0
2024-03-15 23:00:00+05:30,0.0,0.0,0.0,20.9,11.0,32.0,79.0,994.0,100,27.5667,72.0667,0.0
2024-03-16 00:00:00+05:30,0.0,0.0,0.0,20.3,12.0,33.0,100.0,993.7,100,27.5667,72.0667,0.0
2024-03-16 01:00:00+05:30,0.0,0.0,0.0,19.8,13.9,35.0,100.0,993.0,100,27.5667,72.0667,0.0
2024-03-16 02:00:00+05:30,0.0,0.0,0.0,18.8,11.6,37.0,100.0,992.6,100,27.5667,72.0667,0.0
2024-03-16 03:00:00+05:30,0.0,0.0,0.0,18.3,10.1,38.0,100.0,992.6,100,27.5667,72.0667,0.0
2024-03-16 04:00:00+05:30,0.0,0.0,0.0,18.3,10.9,39.0,96.0,992.4,100,27.5667,72.0667,0.0
2024-03-16 05:00:00+05:30,0.0,0.0,0.0,18.0,12.5,39.0,99.0,992.6,100,27.5667,72.0667,0.0
2024-03-16 06:00:00+05:30,0.0,0.0,0.0,18.6,13.3,42.0,96.0,993.9,100,27.5667,72.0667,0.0
2024-03-16 07:00:00+05:30,19.0,32.3,16.0,18.3,15.1,42.0,91.0,994.9,100,27.5667,72.0667,0.9724740046416085
2024-03-16 08:00:00+05:30,160.0,247.0,98.0,20.5,13.1,35.0,9.0,996.1,100,27.5667,72.0667,14.553550372504395
2024-03-16 09:00:00+05:30,376.0,495.2,148.0,23.6,15.7,27.0,0.0,996.9,100,27.5667,72.0667,37.5830065607222
2024-03-16 10:00:00+05:30,585.0,636.8,179.0,26.8,19.2,23.0,0.0,996.9,100,27.5667,72.0667,59.370927848579264
2024-03-16 11:00:00+05:30,747.0,707.5,202.0,28.8,18.4,18.0,0.0,996.5,100,27.5667,72.0667,75.91760706479108
2024-03-16 12:00:00+05:30,848.0,746.1,214.0,29.8,12.3,16.0,0.0,995.8,100,27.5667,72.0667,84.66176509520453
2024-03-16 13:00:00+05:30,876.0,757.1,217.0,30.4,7.6,15.0,0.0,994.8,100,27.5667,72.0667,82.77327720762591
2024-03-16 14:00:00+05:30,829.0,743.8,211.0,30.9,7.1,13.0,0.0,993.7,100,27.5667,72.0667,80.50515402339649
2024-03-16 15:00:00+05:30,710.0,701.7,195.0,31.3,8.3,12.0,0.0,992.7,100,27.5667,72.0667,68.32299686842619
2024-03-16 16:00:00+05:30,532.0,617.7,170.0,31.3,8.1,12.0,0.0,992.5,100,27.5667,72.0667,52.63017016606018
2024-03-16 17:00:00+05:30,316.0,465.5,131.0,30.8,8.9,12.0,0.0,992.7,100,27.5667,72.0667,29.995427012613007
2024-03-16 18:00:00+05:30,108.0,221.1,68.0,29.7,8.9,14.0,2.0,993.4,100,27.5667,72.0667,9.12404769729722
2024-03-16 19:00:00+05:30,4.0,0.0,4.0,27.6,12.7,16.0,98.0,993.8,100,27.5667,72.0667,0.0
2024-03-16 20:00:00+05:30,0.0,0.0,0.0,26.4,13.7,17.0,98.0,994.3,100,27.5667,72.0667,0.0
2024-03-16 21:00:00+05:30,0.0,0.0,0.0,25.4,14.1,18.0,86.0,994.7,100,27.5667,72.0667,0.0
2024-03-16 22:00:00+05:30,0.0,0.0,0.0,24.4,15.7,19.0,81.0,994.8,100,27.5667,72.0667,0.0
2024-03-16 23:00:00+05:30,0.0,0.0,0.0,23.5,16.6,19.0,42.0,994.3,100,27.5667,72.0667,0.0
2024-03-17 00:00:00+05:30,0.0,0.0,0.0,22.4,15.9,19.0,33.0,993.9,100,27.5667,72.0667,0.0
2024-03-17 01:00:00+05:30,0.0,0.0,0.0,21.2,14.5,20.0,1.0,993.7,100,27.5667,72.0667,0.0
2024-03-17 02:00:00+05:30,0.0,0.0,0.0,20.2,14.4,21.0,0.0,993.2,100,27.5667,72.0667,0.0
2024-03-17 03:00:00+05:30,0.0,0.0,0.0,19.3,14.8,22.0,0.0,993.0,100,27.5667,72.0667,0.0
2024-03-17 04:00:00+05:30,0.0,0.0,0.0,18.6,15.5,23.0,0.0,993.2,100,27.5667,72.0667,0.0
2024-03-17 05:00:00+05:30,0.0,0.0,0.0,18.0,15.6,25.0,0.0,993.4,100,27.5667,72.0667,0.0
2024-03-17 06:00:00+05:30,0.0,0.0,0.0,18.1,16.3,33.0,0.0,994.6,100,27.5667,72.0667,0.0
2024-03-17 07:00:00+05:30,20.0,42.1,16.0,17.9,16.7,35.0,75.0,995.6,100,27.5667,72.0667,1.020630435614856
2024-03-17 08:00:00+05:30,168.0,285.9,95.0,19.8,13.5,32.0,100.0,996.2,100,27.5667,72.0667,15.098466356230693
2024-03-17 09:00:00+05:30,361.0,387.4,181.0,22.9,15.1,28.0,100.0,996.8,100,27.5667,72.0667,34.52374940673998
2024-03-17 10:00:00+05:30,510.0,361.6,278.0,26.1,14.9,23.0,100.0,997.0,100,27.5667,72.0667,48.438356603485225
2024-03-17 11:00:00+05:30,625.0,346.2,357.0,28.2,13.4,17.0,87.0,996.7,100,27.5667,72.0667,58.36810810956606
2024-03-17 12:00:00+05:30,802.0,589.5,299.0,29.6,11.2,14.0,0.0,996.0,100,27.5667,72.0667,75.9980842044137
2024-03-17 13:00:00+05:30,888.0,764.6,220.0,30.6,10.4,12.0,0.0,995.1,100,27.5667,72.0667,83.65966407890052
2024-03-17 14:00:00+05:30,839.0,749.5,214.0,31.3,10.8,10.0,0.0,994.1,100,27.5667,72.0667,80.01079697360423
2024-03-17 15:00:00+05:30,718.0,704.6,199.0,31.6,12.7,9.0,0.0,993.3,100,27.5667,72.0667,70.49908246684896
2024-03-17 16:00:00+05:30,538.0,620.2,173.0,31.5,13.3,9.0,0.0,992.9,100,27.5667,72.0667,50.65616809846668
2024-03-17 17:00:00+05:30,320.0,467.9,133.0,31.0,12.8,9.0,0.0,993.0,100,27.5667,72.0667,31.283116619293445
2024-03-17 18:00:00+05:30,109.0,224.0,68.0,29.5,8.7,11.0,0.0,993.6,100,27.5667,72.0667,9.059367500802688
2024-03-17 19:00:00+05:30,4.0,0.0,4.0,26.5,8.0,15.0,0.0,993.9,100,27.5667,72.0667,0.0
2024-03-17 20:00:00+05:30,0.0,0.0,0.0,24.9,8.7,16.0,0.0,994.2,100,27.5667,72.0667,0.0
2024-03-17 21:00:00+05:30,0.0,0.0,0.0,23.4,9.7,18.0,0.0,994.6,100,27.5667,72.0667,0.0
2024-03-17 22:00:00+05:30,0.0,0.0,0.0,22.0,8.8,21.0,0.0,994.7,100,27.5667,72.0667,0.0
2024-03-17 23:00:00+05:30,0.0,0.0,0.0,21.2,10.1,23.0,0.0,994.4,100,27.5667,72.0667,0.0
2024-03-18 00:00:00+05:30,0.0,0.0,0.0,21.0,12.9,25.0,0.0,993.9,100,27.5667,72.0667,0.0
2024-03-18 01:00:00+05:30,0.0,0.0,0.0,20.4,13.8,28.0,0.0,993.6,100,27.5667,72.0667,0.0
2024-03-18 02:00:00+05:30,0.0,0.0,0.0,19.5,12.5,31.0,0.0,993.0,100,27.5667,72.0667,0.0
2024-03-18 03:00:00+05:30,0.0,0.0,0.0,18.5,11.7,34.0,0.0,992.7,100,27.5667,72.0667,0.0
2024-03-18 04:00:00+05:30,0.0,0.0,0.0,18.0,11.9,37.0,0.0,992.6,100,27.5667,72.0667,0.0
2024-03-18 05:00:00+05:30,0.0,0.0,0.0,17.3,11.9,41.0,0.0,992.7,100,27.5667,72.0667,0.0
2024-03-18 06:00:00+05:30,0.0,0.0,0.0,17.1,13.4,46.0,0.0,993.3,100,27.5667,72.0667,0.0
2024-03-18 07:00:00+05:30,21.0,41.2,17.0,17.5,14.4,44.0,0.0,993.9,100,27.5667,72.0667,1.1278145164425848
2024-03-18 08:00:00+05:30,171.0,296.6,94.0,20.1,12.7,36.0,0.0,994.9,100,27.5667,72.0667,15.380707347644858
2024-03-18 09:00:00+05:30,386.0,509.8,147.0,23.6,14.1,29.0,0.0,995.5,100,27.5667,72.0667,38.074445460731994
2024-03-18 10:00:00+05:30,591.0,633.5,182.0,27.6,14.7,23.0,0.0,995.7,100,27.5667,72.0667,58.15668353256503
2024-03-18 11:00:00+05:30,751.0,704.4,203.0,29.9,11.5,19.0,0.0,995.2,100,27.5667,72.0667,72.36809008641308
2024-03-18 12:00:00+05:30,850.0,739.9,216.0,30.8,3.4,16.0,0.0,994.5,100,27.5667,72.0667,78.1197200051823
2024-03-18 13:00:00+05:30,876.0,749.2,219.0,31.5,1.8,15.0,0.0,993.4,100,27.5667,72.0667,80.49683415809399
2024-03-18 14:00:00+05:30,826.0,733.7,212.0,32.1,2.8,14.0,0.0,992.2,100,27.5667,72.0667,77.77930623879506
2024-03-18 15:00:00+05:30,705.0,689.9,195.0,32.4,2.4,13.0,0.0,991.4,100,27.5667,72.0667,67.06682650465548
2024-03-18 16:00:00+05:30,527.0,604.1,170.0,32.6,2.3,12.0,0.0,990.9,100,27.5667,72.0667,48.819004250873526
2024-03-18 17:00:00+05:30,313.0,452.8,131.0,32.5,4.2,12.0,0.0,990.8,100,27.5667,72.0667,28.947464523804634
2024-03-18 18:00:00+05:30,108.0,216.0,68.0,31.8,5.8,13.0,0.0,991.0,100,27.5667,72.0667,8.852015328246285
2024-03-18 19:00:00+05:30,4.0,0.0,4.0,29.9,4.3,15.0,0.0,991.5,100,27.5667,72.0667,0.0
2024-03-18 20:00:00+05:30,0.0,0.0,0.0,27.2,6.7,18.0,0.0,992.0,100,27.5667,72.0667,0.0
2024-03-18 21:00:00+05:30,0.0,0.0,0.0,28.3,3.1,15.0,0.0,992.5,100,27.5667,72.0667,0.0
2024-03-18 22:00:00+05:30,0.0,0.0,0.0,26.5,5.6,18.0,0.0,992.4,100,27.5667,72.0667,0.0
2024-03-18 23:00:00+05:30,0.0,0.0,0.0,24.5,13.7,20.0,0.0,991.8,100,27.5667,72.0667,0.0
2024-03-19 00:00:00+05:30,0.0,0.0,0.0,23.1,14.3,22.0,0.0,991.2,100,27.5667,72.0667,0.0
2024-03-19 01:00:00+05:30,0.0,0.0,0.0,22.7,14.4,23.0,0.0,990.6,100,27.5667,72.0667,0.0
2024-03-19 02:00:00+05:30,0.0,0.0,0.0,22.1,13.9,23.0,0.0,990.1,100,27.5667,72.0667,0.0
2024-03-19 03:00:00+05:30,0.0,0.0,0.0,20.5,13.8,25.0,0.0,990.4,100,27.5667,72.0667,0.0
2024-03-19 04:00:00+05:30,0.0,0.0,0.0,18.7,7.2,30.0,0.0,990.2,100,27.5667,72.0667,0.0
2024-03-19 05:00:00+05:30,0.0,0.0,0.0,18.5,9.8,29.0,0.0,990.2,100,27.5667,72.0667,0.0
2024-03-19 06:00:00+05:30,0.0,0.0,0.0,19.2,13.8,31.0,0.0,991.1,100,27.5667,72.0667,0.0
2024-03-19 07:00:00+05:30,22.0,40.3,18.0,19.5,13.7,30.0,0.0,991.6,100,27.5667,72.0667,1.2041342291570978
2024-03-19 08:00:00+05:30,171.0,291.7,94.0,22.6,11.2,25.0,2.0,992.5,100,27.5667,72.0667,15.762977777880721
2024-03-19 09:00:00+05:30,378.0,473.5,154.0,26.7,8.1,19.0,0.0,993.3,100,27.5667,72.0667,37.42642853609716
2024-03-19 10:00:00+05:30,593.0,637.3,179.0,30.2,7.2,16.0,0.0,993.7,100,27.5667,72.0667,57.47910852271609
2024-03-19 11:00:00+05:30,752.0,704.8,201.0,32.1,7.5,18.0,0.0,993.2,100,27.5667,72.0667,71.59809279730989
2024-03-19 12:00:00+05:30,847.0,733.4,216.0,33.6,10.9,16.0,3.0,992.3,100,27.5667,72.0667,80.99444884876429
2024-03-19 13:00:00+05:30,864.0,732.8,219.0,34.7,13.8,13.0,6.0,991.3,100,27.5667,72.0667,82.3314622762895
2024-03-19 14:00:00+05:30,801.0,699.0,214.0,35.1,16.4,12.0,3.0,990.3,100,27.5667,72.0667,78.59453570404807
2024-03-19 15:00:00+05:30,698.0,672.6,199.0,35.1,16.4,12.0,1.0,989.5,100,27.5667,72.0667,67.10137853455555
2024-03-19 16:00:00+05:30,526.0,598.3,171.0,34.9,14.7,12.0,0.0,989.3,100,27.5667,72.0667,51.624328786241634
2024-03-19 17:00:00+05:30,315.0,452.8,132.0,34.6,14.1,12.0,0.0,989.7,100,27.5667,72.0667,29.359362849948642
2024-03-19 18:00:00+05:30,109.0,218.9,68.0,32.6,12.9,15.0,0.0,990.3,100,27.5667,72.0667,8.743443828258291
2024-03-19 19:00:00+05:30,5.0,0.0,5.0,30.2,10.5,17.0,0.0,991.1,100,27.5667,72.0667,0.0
2024-03-19 20:00:00+05:30,0.0,0.0,0.0,28.2,9.8,19.0,0.0,991.7,100,27.5667,72.0667,0.0
2024-03-19 21:00:00+05:30,0.0,0.0,0.0,27.5,14.0,18.0,0.0,992.5,100,27.5667,72.0667,0.0
2024-03-19 22:00:00+05:30,0.0,0.0,0.0,27.2,20.5,18.0,0.0,992.8,100,27.5667,72.0667,0.0
2024-03-19 23:00:00+05:30,0.0,0.0,0.0,26.2,18.9,20.0,0.0,992.9,100,27.5667,72.0667,0.0
2024-03-20 00:00:00+05:30,0.0,0.0,0.0,25.0,17.7,22.0,9.0,992.7,100,27.5667,72.0667,0.0
2024-03-20 01:00:00+05:30,0.0,0.0,0.0,23.7,16.3,24.0,11.0,992.6,100,27.5667,72.0667,0.0
2024-03-20 02:00:00+05:30,0.0,0.0,0.0,22.2,13.2,26.0,0.0,992.5,100,27.5667,72.0667,0.0
2024-03-20 03:00:00+05:30,0.0,0.0,0.0,21.2,13.3,28.0,0.0,992.3,100,27.5667,72.0667,0.0
2024-03-20 04:00:00+05:30,0.0,0.0,0.0,20.6,14.0,29.0,11.0,992.2,100,27.5667,72.0667,0.0
2024-03-20 05:00:00+05:30,0.0,0.0,0.0,20.0,13.9,29.0,0.0,992.4,100,27.5667,72.0667,0.0
2024-03-20 06:00:00+05:30,0.0,0.0,0.0,20.1,16.3,36.0,0.0,992.6,100,27.5667,72.0667,0.0
2024-03-20 07:00:00+05:30,25.0,49.3,20.0,20.0,12.4,36.0,0.0,993.7,100,27.5667,72.0667,1.3885220170321568
2024-03-20 08:00:00+05:30,181.0,309.4,98.0,22.3,9.7,32.0,0.0,994.6,100,27.5667,72.0667,16.45321739671694
2024-03-20 09:00:00+05:30,401.0,521.8,152.0,25.3,8.8,27.0,0.0,995.7,100,27.5667,72.0667,38.681484717218
2024-03-20 10:00:00+05:30,609.0,645.6,187.0,28.5,11.9,23.0,0.0,995.8,100,27.5667,72.0667,59.034567775449695
2024-03-20 11:00:00+05:30,772.0,716.7,209.0,30.9,13.8,17.0,0.0,995.1,100,27.5667,72.0667,75.69803067267905
2024-03-20 12:00:00+05:30,874.0,754.8,222.0,32.1,11.9,14.0,0.0,994.1,100,27.5667,72.0667,84.40443855371008
2024-03-20 13:00:00+05:30,900.0,765.3,224.0,32.9,8.6,13.0,0.0,993.0,100,27.5667,72.0667,86.40203153603852
2024-03-20 14:00:00+05:30,849.0,748.9,218.0,33.6,5.7,11.0,1.0,991.9,100,27.5667,72.0667,78.48073144437838
2024-03-20 15:00:00+05:30,726.0,705.2,201.0,34.2,6.6,10.0,99.0,991.3,100,27.5667,72.0667,64.9396933330711
2024-03-20 16:00:00+05:30,533.0,570.8,193.0,34.2,9.9,9.0,98.0,990.7,100,27.5667,72.0667,49.865756770903566
2024-03-20 17:00:00+05:30,298.0,317.5,169.0,33.8,9.9,9.0,100.0,990.8,100,27.5667,72.0667,26.36042597485012
2024-03-20 18:00:00+05:30,105.0,121.5,82.0,32.3,6.1,10.0,52.0,991.0,100,27.5667,72.0667,8.240881215845212
2024-03-20 19:00:00+05:30,5.0,0.0,5.0,29.5,8.4,13.0,100.0,991.3,100,27.5667,72.0667,0.0
2024-03-20 20:00:00+05:30,0.0,0.0,0.0,27.8,7.1,16.0,99.0,991.9,100,27.5667,72.0667,0.0
2024-03-20 21:00:00+05:30,0.0,0.0,0.0,27.7,6.5,17.0,75.0,992.4,100,27.5667,72.0667,0.0
2024-03-20 22:00:00+05:30,0.0,0.0,0.0,27.3,13.7,15.0,100.0,991.9,100,27.5667,72.0667,0.0
2024-03-20 23:00:00+05:30,0.0,0.0,0.0,26.4,7.9,17.0,49.0,992.1,100,27.5667,72.0667,0.0
2024-03-21 00:00:00+05:30,0.0,0.0,0.0,24.5,7.7,20.0,70.0,991.6,100,27.5667,72.0667,0.0
2024-03-21 01:00:00+05:30,0.0,0.0,0.0,23.1,7.7,22.0,96.0,991.4,100,27.5667,72.0667,0.0
2024-03-21 02:00:00+05:30,0.0,0.0,0.0,23.6,11.6,19.0,100.0,990.5,100,27.5667,72.0667,0.0
2024-03-21 03:00:00+05:30,0.0,0.0,0.0,23.8,11.2,19.0,100.0,990.4,100,27.5667,72.0667,0.0
2024-03-21 04:00:00+05:30,0.0,0.0,0.0,23.1,6.9,23.0,100.0,990.3,100,27.5667,72.0667,0.0
2024-03-21 05:00:00+05:30,0.0,0.0,0.0,23.2,9.5,21.0,98.0,990.5,100,27.5667,72.0667,0.0
2024-03-21 06:00:00+05:30,0.0,0.0,0.0,23.7,13.4,24.0,98.0,991.2,100,27.5667,72.0667,0.0
2024-03-21 07:00:00+05:30,10.0,0.0,10.0,24.0,13.5,21.0,49.0,991.2,100,27.5667,72.0667,0.35471684308583595
2024-03-21 08:00:00+05:30,149.0,176.1,101.0,26.0,16.9,18.0,7.0,991.5,100,27.5667,72.0667,12.99879898357494
2024-03-21 09:00:00+05:30,381.0,471.5,154.0,29.0,18.7,16.0,14.0,991.7,100,27.5667,72.0667,37.12364281379897
2024-03-21 10:00:00+05:30,572.0,562.6,202.0,32.1,21.2,13.0,32.0,991.8,100,27.5667,72.0667,56.4755300059845
2024-03-21 11:00:00+05:30,684.0,543.5,255.0,34.0,23.1,11.0,5.0,991.1,100,27.5667,72.0667,67.05216081354875
2024-03-21 12:00:00+05:30,844.0,721.8,218.0,35.3,19.2,10.0,4.0,990.0,100,27.5667,72.0667,81.28594742191322
2024-03-21 13:00:00+05:30,870.0,732.1,221.0,36.1,15.0,10.0,25.0,988.9,100,27.5667,72.0667,82.97292252224379
2024-03-21 14:00:00+05:30,806.0,668.3,241.0,36.6,14.6,10.0,14.0,987.7,100,27.5667,72.0667,76.61729466147501
2024-03-21 15:00:00+05:30,695.0,650.6,209.0,36.9,15.8,10.0,9.0,987.0,100,27.5667,72.0667,64.4364864532573
2024-03-21 16:00:00+05:30,526.0,592.0,172.0,36.8,15.8,10.0,28.0,986.5,100,27.5667,72.0667,48.52586159209869
2024-03-21 17:00:00+05:30,304.0,404.0,139.0,36.4,15.9,10.0,49.0,986.5,100,27.5667,72.0667,26.71822136088762
2024-03-21 18:00:00+05:30,109.0,193.3,72.0,35.0,9.8,10.0,63.0,987.0,100,27.5667,72.0667,8.405363688172951
2024-03-21 19:00:00+05:30,5.0,0.0,5.0,32.2,10.5,12.0,24.0,987.4,100,27.5667,72.0667,0.0
2024-03-21 20:00:00+05:30,0.0,0.0,0.0,30.0,10.1,13.0,29.0,987.9,100,27.5667,72.0667,0.0
2024-03-21 21:00:00+05:30,0.0,0.0,0.0,29.2,12.0,14.0,1.0,988.5,100,27.5667,72.0667,0.0
2024-03-21 22:00:00+05:30,0.0,0.0,0.0,28.2,14.0,14.0,0.0,988.4,100,27.5667,72.0667,0.0
2024-03-21 23:00:00+05:30,0.0,0.0,0.0,27.0,16.3,15.0,86.0,987.9,100,27.5667,72.0667,0.0
2024-03-22 00:00:00+05:30,0.0,0.0,0.0,25.8,13.7,16.0,47.0,987.3,100,27.5667,72.0667,0.0
2024-03-22 01:00:00+05:30,0.0,0.0,0.0,24.8,13.4,18.0,41.0,987.0,100,27.5667,72.0667,0.0
2024-03-22 02:00:00+05:30,0.0,0.0,0.0,24.6,15.4,19.0,93.0,986.9,100,27.5667,72.0667,0.0
2024-03-22 03:00:00+05:30,0.0,0.0,0.0,24.2,17.5,18.0,5.0,986.5,100,27.5667,72.0667,0.0
2024-03-22 04:00:00+05:30,0.0,0.0,0.0,24.1,20.7,17.0,0.0,986.1,100,27.5667,72.0667,0.0
2024-03-22 05:00:00+05:30,0.0,0.0,0.0,22.9,19.2,19.0,0.0,986.3,100,27.5667,72.0667,0.0
2024-03-22 06:00:00+05:30,0.0,0.0,0.0,22.8,17.6,22.0,0.0,987.0,100,27.5667,72.0667,0.0
2024-03-22 07:00:00+05:30,27.0,56.7,21.0,22.5,15.1,23.0,0.0,987.8,100,27.5667,72.0667,1.4430480320376362
2024-03-22 08:00:00+05:30,184.0,310.5,98.0,24.7,10.7,21.0,0.0,988.5,100,27.5667,72.0667,16.69795044955455
2024-03-22 09:00:00+05:30,401.0,514.8,151.0,27.7,12.0,18.0,0.0,989.3,100,27.5667,72.0667,38.95140499111539
2024-03-22 10:00:00+05:30,605.0,634.8,185.0,30.1,13.7,17.0,0.0,989.7,100,27.5667,72.0667,60.83141481193333
2024-03-22 11:00:00+05:30,764.0,703.7,206.0,32.2,11.9,17.0,0.0,989.2,100,27.5667,72.0667,72.2249338353227
2024-03-22 12:00:00+05:30,862.0,739.6,218.0,34.5,10.2,16.0,0.0,988.6,100,27.5667,72.0667,80.79057138266145
2024-03-22 13:00:00+05:30,886.0,747.6,221.0,36.0,9.8,13.0,0.0,987.4,100,27.5667,72.0667,82.23216752446854
2024-03-22 14:00:00+05:30,833.0,730.9,213.0,36.7,9.0,12.0,0.0,986.4,100,27.5667,72.0667,76.79527924663385
2024-03-22 15:00:00+05:30,709.0,683.1,197.0,37.0,9.2,12.0,2.0,985.7,100,27.5667,72.0667,65.93463464697058
2024-03-22 16:00:00+05:30,524.0,583.1,174.0,37.0,11.5,13.0,33.0,985.4,100,27.5667,72.0667,48.460590226812634
2024-03-22 17:00:00+05:30,306.0,406.7,139.0,36.4,13.6,14.0,26.0,985.4,100,27.5667,72.0667,27.160768574492813
2024-03-22 18:00:00+05:30,110.0,206.8,70.0,34.6,1.5,18.0,31.0,985.5,100,27.5667,72.0667,8.536757011702193
2024-03-22 19:00:00+05:30,5.0,0.0,5.0,33.9,0.4,15.0,4.0,986.1,100,27.5667,72.0667,0.0
2024-03-22 20:00:00+05:30,0.0,0.0,0.0,33.0,2.3,16.0,1.0,986.4,100,27.5667,72.0667,0.0
2024-03-22 21:00:00+05:30,0.0,0.0,0.0,29.7,6.6,20.0,0.0,986.8,100,27.5667,72.0667,0.0
2024-03-22 22:00:00+05:30,0.0,0.0,0.0,28.0,10.4,17.0,0.0,987.2,100,27.5667,72.0667,0.0
2024-03-22 23:00:00+05:30,0.0,0.0,0.0,26.3,10.0,16.0,75.0,987.2,100,27.5667,72.0667,0.0
2024-03-23 00:00:00+05:30,0.0,0.0,0.0,25.2,9.7,17.0,94.0,987.0,100,27.5667,72.0667,0.0
2024-03-23 01:00:00+05:30,0.0,0.0,0.0,24.4,9.5,18.0,0.0,986.6,100,27.5667,72.0667,0.0
2024-03-23 02:00:00+05:30,0.0,0.0,0.0,23.4,7.2,22.0,0.0,986.3,100,27.5667,72.0667,0.0
2024-03-23 03:00:00+05:30,0.0,0.0,0.0,23.0,6.5,23.0,0.0,986.1,100,27.5667,72.0667,0.0
2024-03-23 04:00:00+05:30,0.0,0.0,0.0,22.9,6.2,24.0,100.0,985.8,100,27.5667,72.0667,0.0
2024-03-23 05:00:00+05:30,0.0,0.0,0.0,24.7,1.8,20.0,17.0,986.3,100,27.5667,72.0667,0.0
2024-03-23 06:00:00+05:30,0.0,0.0,0.0,21.4,6.3,32.0,6.0,987.2,100,27.5667,72.0667,0.0
2024-03-23 07:00:00+05:30,28.0,55.5,22.0,21.9,9.7,30.0,11.0,987.8,100,27.5667,72.0667,1.5744383317795805
2024-03-23 08:00:00+05:30,186.0,309.3,99.0,24.5,3.4,26.0,3.0,988.8,100,27.5667,72.0667,16.228746119445308
2024-03-23 09:00:00+05:30,400.0,506.3,152.0,27.7,1.9,22.0,9.0,989.3,100,27.5667,72.0667,37.405870348062024
2024-03-23 10:00:00+05:30,603.0,628.0,185.0,30.8,4.4,19.0,50.0,989.6,100,27.5667,72.0667,56.758552048350026
2024-03-23 11:00:00+05:30,760.0,687.9,212.0,33.4,4.3,18.0,26.0,989.5,100,27.5667,72.0667,68.09339193873879
2024-03-23 12:00:00+05:30,859.0,733.4,218.0,35.2,5.4,17.0,6.0,988.6,100,27.5667,72.0667,78.76194528017236
2024-03-23 13:00:00+05:30,883.0,740.5,222.0,36.3,4.7,13.0,34.0,987.4,100,27.5667,72.0667,76.50939737263532
2024-03-23 14:00:00+05:30,833.0,728.6,213.0,37.1,5.6,12.0,24.0,986.4,100,27.5667,72.0667,74.87609788738942
2024-03-23 15:00:00+05:30,712.0,679.5,201.0,37.6,8.1,11.0,5.0,985.4,100,27.5667,72.0667,65.59770364589775
2024-03-23 16:00:00+05:30,536.0,605.8,171.0,37.7,10.2,11.0,23.0,985.0,100,27.5667,72.0667,49.05413576700852
2024-03-23 17:00:00+05:30,310.0,412.0,140.0,38.0,12.7,10.0,83.0,984.7,100,27.5667,72.0667,27.59658778803354
2024-03-23 18:00:00+05:30,101.0,112.6,79.0,36.1,12.9,12.0,100.0,985.7,100,27.5667,72.0667,7.4888202048473715
2024-03-23 19:00:00+05:30,5.0,0.0,5.0,34.0,9.3,14.0,96.0,985.9,100,27.5667,72.0667,0.0
2024-03-23 20:00:00+05:30,0.0,0.0,0.0,32.4,6.5,17.0,100.0,986.5,100,27.5667,72.0667,0.0
2024-03-23 21:00:00+05:30,0.0,0.0,0.0,30.7,7.1,19.0,100.0,987.4,100,27.5667,72.0667,0.0
2024-03-23 22:00:00+05:30,0.0,0.0,0.0,31.8,1.6,16.0,98.0,987.4,100,27.5667,72.0667,0.0
2024-03-23 23:00:00+05:30,0.0,0.0,0.0,28.4,9.0,21.0,100.0,987.0,100,27.5667,72.0667,0.0
2024-03-24 00:00:00+05:30,0.0,0.0,0.0,28.5,10.8,20.0,100.0,986.6,100,27.5667,72.0667,0.0
2024-03-24 01:00:00+05:30,0.0,0.0,0.0,27.5,14.0,21.0,100.0,986.4,100,27.5667,72.0667,0.0
2024-03-24 02:00:00+05:30,0.0,0.0,0.0,25.9,9.7,25.0,100.0,985.9,100,27.5667,72.0667,0.0
2024-03-24 03:00:00+05:30,0.0,0.0,0.0,26.0,12.0,27.0,94.0,985.4,100,27.5667,72.0667,0.0
2024-03-24 04:00:00+05:30,0.0,0.0,0.0,25.1,11.1,29.0,100.0,985.2,100,27.5667,72.0667,0.0
2024-03-24 05:00:00+05:30,0.0,0.0,0.0,25.0,14.3,29.0,100.0,985.9,100,27.5667,72.0667,0.0
2024-03-24 06:00:00+05:30,0.0,0.0,0.0,24.3,11.3,34.0,95.0,987.2,100,27.5667,72.0667,0.0
2024-03-24 07:00:00+05:30,28.0,36.3,24.0,24.7,11.2,33.0,99.0,988.2,100,27.5667,72.0667,1.6703606018922197
2024-03-24 08:00:00+05:30,127.0,126.1,91.0,27.0,8.8,30.0,92.0,989.3,100,27.5667,72.0667,10.730410377109978
2024-03-24 09:00:00+05:30,310.0,273.3,175.0,29.2,12.4,27.0,48.0,990.7,100,27.5667,72.0667,28.4153320336151
2024-03-24 10:00:00+05:30,543.0,494.4,212.0,30.7,11.5,24.0,13.0,990.9,100,27.5667,72.0667,52.595191727165016
2024-03-24 11:00:00+05:30,736.0,649.8,216.0,32.9,15.8,21.0,5.0,990.6,100,27.5667,72.0667,71.36235606085997
2024-03-24 12:00:00+05:30,836.0,695.3,226.0,34.4,15.8,19.0,7.0,989.8,100,27.5667,72.0667,77.67963097692356
2024-03-24 13:00:00+05:30,868.0,721.3,222.0,35.5,17.0,18.0,0.0,988.9,100,27.5667,72.0667,84.64492841814051
2024-03-24 14:00:00+05:30,817.0,706.4,214.0,36.2,13.6,17.0,0.0,988.0,100,27.5667,72.0667,77.65850291039554
2024-03-24 15:00:00+05:30,698.0,661.4,199.0,36.5,10.2,16.0,21.0,987.5,100,27.5667,72.0667,64.21749618960096
2024-03-24 16:00:00+05:30,502.0,532.5,180.0,36.4,6.5,16.0,42.0,987.6,100,27.5667,72.0667,44.50014199306341
2024-03-24 17:00:00+05:30,258.0,277.3,143.0,36.2,7.3,16.0,87.0,987.9,100,27.5667,72.0667,21.9882624732623
2024-03-24 18:00:00+05:30,107.0,182.4,71.0,34.4,12.7,19.0,44.0,988.6,100,27.5667,72.0667,8.056645025230575
2024-03-24 19:00:00+05:30,6.0,0.0,6.0,32.3,17.7,22.0,30.0,988.9,100,27.5667,72.0667,0.0
2024-03-24 20:00:00+05:30,0.0,0.0,0.0,31.1,16.1,24.0,21.0,990.0,100,27.5667,72.0667,0.0
2024-03-24 21:00:00+05:30,0.0,0.0,0.0,29.7,15.5,27.0,28.0,990.9,100,27.5667,72.0667,0.0
2024-03-24 22:00:00+05:30,0.0,0.0,0.0,28.4,12.6,30.0,63.0,991.0,100,27.5667,72.0667,0.0
2024-03-24 23:00:00+05:30,0.0,0.0,0.0,27.3,10.8,32.0,2.0,991.1,100,27.5667,72.0667,0.0
2024-03-25 00:00:00+05:30,0.0,0.0,0.0,26.5,11.0,34.0,0.0,991.2,100,27.5667,72.0667,0.0
2024-03-25 01:00:00+05:30,0.0,0.0,0.0,25.0,8.5,39.0,0.0,991.0,100,27.5667,72.0667,0.0
2024-03-25 02:00:00+05:30,0.0,0.0,0.0,23.9,8.0,43.0,0.0,990.9,100,27.5667,72.0667,0.0
2024-03-25 03:00:00+05:30,0.0,0.0,0.0,23.7,12.5,42.0,0.0,990.5,100,27.5667,72.0667,0.0
2024-03-25 04:00:00+05:30,0.0,0.0,0.0,23.0,10.9,44.0,0.0,990.4,100,27.5667,72.0667,0.0
2024-03-25 05:00:00+05:30,0.0,0.0,0.0,22.6,11.2,46.0,1.0,990.8,100,27.5667,72.0667,0.0
2024-03-25 06:00:00+05:30,0.0,0.0,0.0,24.0,15.3,47.0,26.0,991.9,100,27.5667,72.0667,0.0
2024-03-25 07:00:00+05:30,31.0,53.3,25.0,24.3,16.2,46.0,11.0,992.7,100,27.5667,72.0667,1.789740083178054
2024-03-25 08:00:00+05:30,187.0,293.2,102.0,26.4,15.6,41.0,2.0,993.4,100,27.5667,72.0667,16.297727203279006
2024-03-25 09:00:00+05:30,397.0,487.9,154.0,29.3,15.4,34.0,1.0,994.2,100,27.5667,72.0667,37.287396503419366
2024-03-25 10:00:00+05:30,596.0,606.0,188.0,32.6,16.0,26.0,4.0,994.3,100,27.5667,72.0667,57.396766751280886
2024-03-25 11:00:00+05:30,753.0,674.3,211.0,34.5,16.4,22.0,10.0,993.8,100,27.5667,72.0667,71.79117877622905
2024-03-25 12:00:00+05:30,849.0,713.1,221.0,35.6,12.3,20.0,96.0,992.8,100,27.5667,72.0667,77.64610314368637
2024-03-25 13:00:00+05:30,857.0,674.5,251.0,36.2,8.0,19.0,100.0,991.7,100,27.5667,72.0667,76.88019510676273
2024-03-25 14:00:00+05:30,778.0,567.6,292.0,36.6,4.4,18.0,100.0,990.7,100,27.5667,72.0667,66.38747018784252
2024-03-25 15:00:00+05:30,629.0,449.3,289.0,36.6,1.1,17.0,100.0,989.9,100,27.5667,72.0667,53.5527402014066
2024-03-25 16:00:00+05:30,427.0,281.8,256.0,36.5,1.1,17.0,100.0,989.6,100,27.5667,72.0667,36.0597972380792
2024-03-25 17:00:00+05:30,268.0,227.9,173.0,36.3,3.4,16.0,100.0,989.4,100,27.5667,72.0667,21.9853797352766
2024-03-25 18:00:00+05:30,94.0,55.2,83.0,35.9,5.9,18.0,100.0,990.0,100,27.5667,72.0667,7.3009856108105184
2024-03-25 19:00:00+05:30,6.0,0.0,6.0,33.9,9.4,21.0,88.0,990.3,100,27.5667,72.0667,0.0
2024-03-25 20:00:00+05:30,0.0,0.0,0.0,32.3,12.3,24.0,100.0,990.9,100,27.5667,72.0667,0.0
2024-03-25 21:00:00+05:30,0.0,0.0,0.0,31.5,11.9,25.0,100.0,991.3,100,27.5667,72.0667,0.0
2024-03-25 22:00:00+05:30,0.0,0.0,0.0,30.3,10.4,28.0,97.0,991.4,100,27.5667,72.0667,0.0
2024-03-25 23:00:00+05:30,0.0,0.0,0.0,28.5,8.4,33.0,31.0,991.1,100,27.5667,72.0667,0.0
2024-03-26 00:00:00+05:30,0.0,0.0,0.0,27.5,10.7,34.0,100.0,990.2,100,27.5667,72.0667,0.0
2024-03-26 01:00:00+05:30,0.0,0.0,0.0,26.7,11.0,34.0,100.0,989.6,100,27.5667,72.0667,0.0
2024-03-26 02:00:00+05:30,0.0,0.0,0.0,26.0,10.7,35.0,100.0,988.9,100,27.5667,72.0667,0.0
2024-03-26 03:00:00+05:30,0.0,0.0,0.0,25.7,12.0,34.0,100.0,988.7,100,27.5667,72.0667,0.0
2024-03-26 04:00:00+05:30,0.0,0.0,0.0,25.3,12.0,34.0,76.0,988.6,100,27.5667,72.0667,0.0
2024-03-26 05:00:00+05:30,0.0,0.0,0.0,24.5,11.1,35.0,100.0,988.8,100,27.5667,72.0667,0.0
2024-03-26 06:00:00+05:30,0.0,0.0,0.0,25.9,18.7,37.0,100.0,989.7,100,27.5667,72.0667,0.0
2024-03-26 07:00:00+05:30,19.0,0.0,19.0,26.4,19.2,36.0,100.0,990.3,100,27.5667,72.0667,1.1658185659449634
2024-03-26 08:00:00+05:30,165.0,142.8,123.0,28.4,13.9,32.0,100.0,990.9,100,27.5667,72.0667,13.832201441095867
2024-03-26 09:00:00+05:30,349.0,278.8,209.0,31.3,18.1,27.0,96.0,991.5,100,27.5667,72.0667,30.933748620910684
2024-03-26 10:00:00+05:30,575.0,524.3,220.0,34.5,24.6,21.0,4.0,992.0,100,27.5667,72.0667,54.663767380118536
2024-03-26 11:00:00+05:30,749.0,665.1,212.0,36.4,24.4,20.0,9.0,991.5,100,27.5667,72.0667,71.10795994742554
2024-03-26 12:00:00+05:30,842.0,702.6,221.0,37.5,20.8,18.0,3.0,990.7,100,27.5667,72.0667,79.62785761814581
2024-03-26 13:00:00+05:30,865.0,708.9,226.0,38.4,19.3,16.0,15.0,989.9,100,27.5667,72.0667,79.8912248657634
2024-03-26 14:00:00+05:30,761.0,626.4,223.0,38.7,18.3,16.0,29.0,989.0,100,27.5667,72.0667,69.78230812229512
2024-03-26 15:00:00+05:30,615.0,549.3,198.0,38.7,18.8,15.0,27.0,988.4,100,27.5667,72.0667,59.099047596853005
2024-03-26 16:00:00+05:30,485.0,507.4,176.0,38.6,15.9,15.0,13.0,988.1,100,27.5667,72.0667,45.12549986100586
2024-03-26 17:00:00+05:30,300.0,398.8,133.0,38.4,9.6,15.0,2.0,987.9,100,27.5667,72.0667,25.925297157679026
2024-03-26 18:00:00+05:30,112.0,198.7,72.0,37.8,11.5,17.0,81.0,988.1,100,27.5667,72.0667,8.025118045438026
2024-03-26 19:00:00+05:30,6.0,0.0,6.0,36.0,14.2,18.0,33.0,988.5,100,27.5667,72.0667,0.0
2024-03-26 20:00:00+05:30,0.0,0.0,0.0,35.2,15.5,19.0,89.0,989.0,100,27.5667,72.0667,0.0
2024-03-26 21:00:00+05:30,0.0,0.0,0.0,34.6,14.0,20.0,90.0,989.7,100,27.5667,72.0667,0.0
2024-03-26 22:00:00+05:30,0.0,0.0,0.0,32.8,10.8,23.0,26.0,990.0,100,27.5667,72.0667,0.0
2024-03-26 23:00:00+05:30,0.0,0.0,0.0,31.0,12.6,26.0,61.0,990.0,100,27.5667,72.0667,0.0
2024-03-27 00:00:00+05:30,0.0,0.0,0.0,30.0,12.2,27.0,47.0,989.6,100,27.5667,72.0667,0.0
2024-03-27 01:00:00+05:30,0.0,0.0,0.0,29.8,13.2,27.0,6.0,989.3,100,27.5667,72.0667,0.0
2024-03-27 02:00:00+05:30,0.0,0.0,0.0,29.1,13.3,28.0,97.0,989.0,100,27.5667,72.0667,0.0
2024-03-27 03:00:00+05:30,0.0,0.0,0.0,28.3,11.8,30.0,88.0,988.9,100,27.5667,72.0667,0.0
2024-03-27 04:00:00+05:30,0.0,0.0,0.0,26.9,7.1,35.0,96.0,988.7,100,27.5667,72.0667,0.0
2024-03-27 05:00:00+05:30,0.0,0.0,0.0,25.6,6.7,39.0,98.0,990.0,100,27.5667,72.0667,0.0
2024-03-27 06:00:00+05:30,0.0,0.0,0.0,25.1,14.3,41.0,30.0,990.7,100,27.5667,72.0667,0.0
2024-03-27 07:00:00+05:30,33.0,59.9,26.0,26.1,14.3,40.0,45.0,991.2,100,27.5667,72.0667,1.8541836151053646
2024-03-27 08:00:00+05:30,191.0,291.6,104.0,28.8,12.4,35.0,25.0,991.9,100,27.5667,72.0667,15.59441042886521
2024-03-27 09:00:00+05:30,400.0,478.1,158.0,31.9,13.5,29.0,33.0,992.4,100,27.5667,72.0667,37.40446004680547
2024-03-27 10:00:00+05:30,596.0,590.4,194.0,34.7,15.8,22.0,42.0,992.7,100,27.5667,72.0667,54.86056878667298
2024-03-27 11:00:00+05:30,747.0,648.7,221.0,37.1,14.5,18.0,44.0,992.5,100,27.5667,72.0667,68.22664448606741
2024-03-27 12:00:00+05:30,840.0,683.2,234.0,38.6,17.6,17.0,36.0,991.8,100,27.5667,72.0667,78.91073348262424
2024-03-27 13:00:00+05:30,865.0,696.7,235.0,39.7,21.5,15.0,15.0,990.9,100,27.5667,72.0667,80.68301957430296
2024-03-27 14:00:00+05:30,808.0,680.3,222.0,40.3,25.5,14.0,44.0,989.6,100,27.5667,72.0667,74.66488700013284
2024-03-27 15:00:00+05:30,642.0,563.4,213.0,40.4,27.0,14.0,10.0,988.7,100,27.5667,72.0667,60.275061867131654
2024-03-27 16:00:00+05:30,501.0,536.7,173.0,40.1,28.0,14.0,99.0,988.0,100,27.5667,72.0667,45.10269269303209
2024-03-27 17:00:00+05:30,301.0,368.4,146.0,39.5,26.8,13.0,100.0,988.0,100,27.5667,72.0667,25.449245381531025
2024-03-27 18:00:00+05:30,116.0,191.8,77.0,38.2,21.5,14.0,91.0,988.8,100,27.5667,72.0667,8.577374503961675
2024-03-27 19:00:00+05:30,7.0,0.0,7.0,36.3,18.9,16.0,100.0,989.4,100,27.5667,72.0667,0.04042578022940698
2024-03-27 20:00:00+05:30,0.0,0.0,0.0,35.2,20.6,17.0,100.0,990.0,100,27.5667,72.0667,0.0
2024-03-27 21:00:00+05:30,0.0,0.0,0.0,34.2,17.3,18.0,100.0,990.4,100,27.5667,72.0667,0.0
2024-03-27 22:00:00+05:30,0.0,0.0,0.0,32.6,15.3,20.0,100.0,990.8,100,27.5667,72.0667,0.0
2024-03-27 23:00:00+05:30,0.0,0.0,0.0,31.2,14.9,21.0,100.0,990.9,100,27.5667,72.0667,0.0
2024-03-28 00:00:00+05:30,0.0,0.0,0.0,29.5,13.2,40.0,100.0,990.8,100,27.5667,72.0667,0.0
2024-03-28 01:00:00+05:30,0.0,0.0,0.0,28.3,16.2,46.0,100.0,990.3,100,27.5667,72.0667,0.0
2024-03-28 02:00:00+05:30,0.0,0.0,0.0,27.5,17.6,46.0,100.0,989.6,100,27.5667,72.0667,0.0
2024-03-28 03:00:00+05:30,0.0,0.0,0.0,26.6,18.5,47.0,100.0,989.2,100,27.5667,72.0667,0.0
2024-03-28 04:00:00+05:30,0.0,0.0,0.0,25.6,18.7,47.0,100.0,988.9,100,27.5667,72.0667,0.0
2024-03-28 05:00:00+05:30,0.0,0.0,0.0,24.9,18.0,48.0,100.0,989.0,100,27.5667,72.0667,0.0
2024-03-28 06:00:00+05:30,0.0,0.0,0.0,23.3,17.9,62.0,100.0,990.8,100,27.5667,72.0667,0.0
2024-03-28 07:00:00+05:30,33.0,25.2,30.0,23.5,15.3,63.0,99.0,991.2,100,27.5667,72.0667,2.2043700798246735
2024-03-28 08:00:00+05:30,180.0,175.2,127.0,24.8,17.9,59.0,100.0,991.9,100,27.5667,72.0667,14.995608421808232
2024-03-28 09:00:00+05:30,397.0,429.3,178.0,26.9,18.4,53.0,99.0,992.0,100,27.5667,72.0667,35.46960309105349
2024-03-28 10:00:00+05:30,594.0,539.0,225.0,29.3,14.8,45.0,99.0,992.1,100,27.5667,72.0667,54.28113491625541
2024-03-28 11:00:00+05:30,750.0,621.5,244.0,31.5,12.3,38.0,100.0,991.6,100,27.5667,72.0667,68.12165900915925
2024-03-28 12:00:00+05:30,807.0,556.1,312.0,33.2,11.8,33.0,91.0,991.1,100,27.5667,72.0667,73.74271535216326
2024-03-28 13:00:00+05:30,829.0,568.9,313.0,34.4,12.8,29.0,99.0,990.2,100,27.5667,72.0667,73.07230022819911
2024-03-28 14:00:00+05:30,767.0,526.7,312.0,35.3,10.9,26.0,86.0,989.4,100,27.5667,72.0667,68.36088506904957
2024-03-28 15:00:00+05:30,690.0,602.4,230.0,35.9,11.9,24.0,40.0,988.7,100,27.5667,72.0667,65.1089523366928
2024-03-28 16:00:00+05:30,527.0,567.5,179.0,35.9,13.3,23.0,34.0,988.2,100,27.5667,72.0667,48.16097610904648
2024-03-28 17:00:00+05:30,315.0,416.4,139.0,35.4,13.0,24.0,32.0,987.9,100,27.5667,72.0667,27.855981041301376
2024-03-28 18:00:00+05:30,117.0,204.6,75.0,34.6,13.3,25.0,46.0,988.4,100,27.5667,72.0667,8.698153962328451
2024-03-28 19:00:00+05:30,7.0,14.5,6.0,33.1,14.2,28.0,100.0,988.8,100,27.5667,72.0667,0.0
2024-03-28 20:00:00+05:30,0.0,0.0,0.0,32.0,16.1,30.0,59.0,989.0,100,27.5667,72.0667,0.0
2024-03-28 21:00:00+05:30,0.0,0.0,0.0,30.6,21.6,35.0,97.0,989.5,100,27.5667,72.0667,0.0
2024-03-28 22:00:00+05:30,0.0,0.0,0.0,29.3,23.7,39.0,92.0,989.6,100,27.5667,72.0667,0.0
2024-03-28 23:00:00+05:30,0.0,0.0,0.0,28.0,23.0,42.0,95.0,989.2,100,27.5667,72.0667,0.0
2024-03-29 00:00:00+05:30,0.0,0.0,0.0,27.2,20.4,43.0,77.0,989.1,100,27.5667,72.0667,0.0
2024-03-29 01:00:00+05:30,0.0,0.0,0.0,26.4,18.3,45.0,92.0,988.8,100,27.5667,72.0667,0.0
2024-03-29 02:00:00+05:30,0.0,0.0,0.0,25.7,18.4,46.0,27.0,988.5,100,27.5667,72.0667,0.0
2024-03-29 03:00:00+05:30,0.0,0.0,0.0,24.6,18.6,50.0,1.0,988.1,100,27.5667,72.0667,0.0
2024-03-29 04:00:00+05:30,0.0,0.0,0.0,23.7,18.3,57.0,0.0,987.9,100,27.5667,72.0667,0.0
2024-03-29 05:00:00+05:30,0.0,0.0,0.0,23.0,17.4,64.0,0.0,988.0,100,27.5667,72.0667,0.0
2024-03-29 06:00:00+05:30,0.0,0.0,0.0,22.9,14.3,61.0,35.0,989.0,100,27.5667,72.0667,0.0
2024-03-29 07:00:00+05:30,37.0,66.1,29.0,23.3,12.2,62.0,73.0,989.3,100,27.5667,72.0667,2.176843454755928
2024-03-29 08:00:00+05:30,198.0,293.5,108.0,25.1,13.6,56.0,68.0,989.9,100,27.5667,72.0667,16.68845920045449
2024-03-29 09:00:00+05:30,408.0,474.7,164.0,27.9,14.8,47.0,77.0,990.6,100,27.5667,72.0667,37.524255233419616
2024-03-29 10:00:00+05:30,608.0,598.6,196.0,30.6,14.6,38.0,94.0,990.7,100,27.5667,72.0667,55.15938568623118
2024-03-29 11:00:00+05:30,760.0,655.6,224.0,32.5,10.8,32.0,99.0,990.4,100,27.5667,72.0667,67.11583189342342
2024-03-29 12:00:00+05:30,846.0,662.9,254.0,33.9,6.5,29.0,96.0,989.5,100,27.5667,72.0667,72.81751404767029
2024-03-29 13:00:00+05:30,862.0,656.2,265.0,34.9,3.7,26.0,100.0,988.6,100,27.5667,72.0667,74.171327626422
2024-03-29 14:00:00+05:30,806.0,626.8,263.0,36.0,9.3,22.0,99.0,987.6,100,27.5667,72.0667,71.34137273145251
2024-03-29 15:00:00+05:30,676.0,565.4,243.0,36.7,16.1,18.0,76.0,986.8,100,27.5667,72.0667,60.25950648550847
2024-03-29 16:00:00+05:30,409.0,354.3,191.0,36.5,19.1,17.0,38.0,986.1,100,27.5667,72.0667,35.56609333976291
2024-03-29 17:00:00+05:30,271.0,292.0,147.0,36.1,22.1,16.0,22.0,985.8,100,27.5667,72.0667,23.031322845853726
2024-03-29 18:00:00+05:30,112.0,178.6,75.0,35.6,12.5,16.0,37.0,986.2,100,27.5667,72.0667,8.285837532845182
2024-03-29 19:00:00+05:30,7.0,0.0,7.0,34.0,14.7,18.0,21.0,986.6,100,27.5667,72.0667,0.04871759422829328
2024-03-29 20:00:00+05:30,0.0,0.0,0.0,32.8,18.1,21.0,5.0,987.0,100,27.5667,72.0667,0.0
2024-03-29 21:00:00+05:30,0.0,0.0,0.0,31.5,14.8,24.0,12.0,987.4,100,27.5667,72.0667,0.0
2024-03-29 22:00:00+05:30,0.0,0.0,0.0,30.1,12.4,26.0,9.0,987.9,100,27.5667,72.0667,0.0
2024-03-29 23:00:00+05:30,0.0,0.0,0.0,29.0,11.5,28.0,0.0,988.2,100,27.5667,72.0667,0.0
2024-03-30 00:00:00+05:30,0.0,0.0,0.0,27.8,11.6,31.0,0.0,988.1,100,27.5667,72.0667,0.0
2024-03-30 01:00:00+05:30,0.0,0.0,0.0,27.1,12.1,33.0,45.0,988.0,100,27.5667,72.0667,0.0
2024-03-30 02:00:00+05:30,0.0,0.0,0.0,26.4,18.5,31.0,7.0,987.9,100,27.5667,72.0667,0.0
2024-03-30 03:00:00+05:30,0.0,0.0,0.0,26.1,17.6,30.0,0.0,987.8,100,27.5667,72.0667,0.0
2024-03-30 04:00:00+05:30,0.0,0.0,0.0,24.9,17.2,32.0,0.0,987.8,100,27.5667,72.0667,0.0
2024-03-30 05:00:00+05:30,0.0,0.0,0.0,23.8,16.2,35.0,1.0,988.2,100,27.5667,72.0667,0.0
2024-03-30 06:00:00+05:30,0.0,0.0,0.0,23.6,16.1,31.0,0.0,989.1,100,27.5667,72.0667,0.0
2024-03-30 07:00:00+05:30,41.0,81.2,31.0,23.7,15.9,29.0,0.0,989.7,100,27.5667,72.0667,2.505368956162147
2024-03-30 08:00:00+05:30,216.0,331.4,113.0,25.2,15.8,28.0,0.0,990.5,100,27.5667,72.0667,18.46188996488942
2024-03-30 09:00:00+05:30,439.0,529.1,165.0,27.3,18.1,28.0,0.0,990.9,100,27.5667,72.0667,41.23760356422742
2024-03-30 10:00:00+05:30,646.0,644.6,200.0,29.7,18.8,27.0,1.0,991.3,100,27.5667,72.0667,60.30930351548316
2024-03-30 11:00:00+05:30,805.0,710.2,222.0,31.7,18.3,22.0,41.0,991.2,100,27.5667,72.0667,76.20244529102686
2024-03-30 12:00:00+05:30,888.0,713.1,249.0,33.2,18.9,17.0,1.0,990.7,100,27.5667,72.0667,84.49102880302101
2024-03-30 13:00:00+05:30,912.0,742.0,235.0,34.4,20.2,14.0,0.0,989.8,100,27.5667,72.0667,84.60615647961737
2024-03-30 14:00:00+05:30,854.0,721.8,227.0,35.0,20.7,13.0,0.0,988.8,100,27.5667,72.0667,79.59962726219558
2024-03-30 15:00:00+05:30,729.0,677.1,209.0,35.3,22.1,12.0,0.0,987.8,100,27.5667,72.0667,66.69939427117203
2024-03-30 16:00:00+05:30,549.0,594.6,182.0,35.0,23.9,12.0,0.0,987.3,100,27.5667,72.0667,50.26892517615973
2024-03-30 17:00:00+05:30,333.0,447.7,142.0,34.3,23.7,13.0,4.0,987.4,100,27.5667,72.0667,28.542540063774734
2024-03-30 18:00:00+05:30,123.0,220.0,77.0,34.0,18.5,11.0,2.0,987.8,100,27.5667,72.0667,9.170236402425065
2024-03-30 19:00:00+05:30,8.0,14.1,7.0,32.2,18.7,14.0,0.0,988.4,100,27.5667,72.0667,0.05006482147810275
2024-03-30 20:00:00+05:30,0.0,0.0,0.0,31.2,19.0,17.0,0.0,989.0,100,27.5667,72.0667,0.0
2024-03-30 21:00:00+05:30,0.0,0.0,0.0,29.9,15.1,20.0,1.0,989.9,100,27.5667,72.0667,0.0
2024-03-30 22:00:00+05:30,0.0,0.0,0.0,27.9,10.5,24.0,0.0,990.5,100,27.5667,72.0667,0.0
2024-03-30 23:00:00+05:30,0.0,0.0,0.0,26.8,18.8,26.0,0.0,991.1,100,27.5667,72.0667,0.0
2024-03-31 00:00:00+05:30,0.0,0.0,0.0,25.4,15.2,45.0,0.0,991.0,100,27.5667,72.0667,0.0
2024-03-31 01:00:00+05:30,0.0,0.0,0.0,24.3,11.5,51.0,0.0,990.8,100,27.5667,72.0667,0.0
2024-03-31 02:00:00+05:30,0.0,0.0,0.0,23.1,8.2,56.0,4.0,990.7,100,27.5667,72.0667,0.0
2024-03-31 03:00:00+05:30,0.0,0.0,0.0,22.2,7.3,60.0,3.0,990.5,100,27.5667,72.0667,0.0
2024-03-31 04:00:00+05:30,0.0,0.0,0.0,21.9,9.1,61.0,0.0,990.7,100,27.5667,72.0667,0.0
2024-03-31 05:00:00+05:30,0.0,0.0,0.0,20.9,8.0,65.0,0.0,991.2,100,27.5667,72.0667,0.0
2024-03-31 06:00:00+05:30,0.0,0.0,0.0,20.2,5.2,67.0,0.0,992.4,100,27.5667,72.0667,0.0
2024-03-31 07:00:00+05:30,42.0,79.9,32.0,21.2,3.8,61.0,0.0,993.6,100,27.5667,72.0667,2.561776370388886
2024-03-31 08:00:00+05:30,209.0,311.3,111.0,23.3,5.2,55.0,0.0,994.3,100,27.5667,72.0667,17.44670078901922
2024-03-31 09:00:00+05:30,423.0,496.5,164.0,25.0,6.2,53.0,0.0,994.7,100,27.5667,72.0667,38.4567580392352
2024-03-31 10:00:00+05:30,623.0,609.7,199.0,27.2,4.8,45.0,0.0,994.7,100,27.5667,72.0667,56.532353323298345
2024-03-31 11:00:00+05:30,779.0,677.1,221.0,29.2,5.5,36.0,0.0,994.2,100,27.5667,72.0667,71.40424338730546
2024-03-31 12:00:00+05:30,872.0,710.8,233.0,30.9,5.1,30.0,0.0,993.8,100,27.5667,72.0667,78.25300253406252
2024-03-31 13:00:00+05:30,892.0,718.1,235.0,32.3,4.8,24.0,0.0,993.0,100,27.5667,72.0667,76.95272344555407
2024-03-31 14:00:00+05:30,838.0,701.5,227.0,33.3,7.4,21.0,0.0,992.1,100,27.5667,72.0667,75.3961185963341
2024-03-31 15:00:00+05:30,716.0,655.7,211.0,33.9,11.3,18.0,0.0,991.2,100,27.5667,72.0667,65.00059586190837
2024-03-31 16:00:00+05:30,537.0,573.3,182.0,33.9,15.4,18.0,0.0,990.7,100,27.5667,72.0667,50.2958361059508
2024-03-31 17:00:00+05:30,326.0,429.4,142.0,33.4,16.1,18.0,0.0,990.5,100,27.5667,72.0667,28.650954207069187
2024-03-31 18:00:00+05:30,122.0,208.5,78.0,31.9,16.6,20.0,60.0,991.1,100,27.5667,72.0667,8.982210882370508
2024-03-31 19:00:00+05:30,8.0,14.0,7.0,30.5,15.8,23.0,5.0,991.4,100,27.5667,72.0667,0.05395398685784875
2024-03-31 20:00:00+05:30,0.0,0.0,0.0,29.3,16.2,26.0,0.0,991.6,100,27.5667,72.0667,0.0
2024-03-31 21:00:00+05:30,0.0,0.0,0.0,28.3,18.8,28.0,9.0,991.9,100,27.5667,72.0667,0.0
2024-03-31 22:00:00+05:30,0.0,0.0,0.0,27.2,19.1,29.0,37.0,992.0,100,27.5667,72.0667,0.0
2024-03-31 23:00:00+05:30,0.0,0.0,0.0,26.0,18.2,30.0,85.0,991.5,100,27.5667,72.0667,0.0
2024-04-01 00:00:00+05:30,0.0,0.0,0.0,24.9,20.2,33.0,46.0,991.0,100,27.5667,72.0667,0.0
2024-04-01 01:00:00+05:30,0.0,0.0,0.0,24.0,22.7,36.0,87.0,990.3,100,27.5667,72.0667,0.0
2024-04-01 02:00:00+05:30,0.0,0.0,0.0,23.1,16.6,39.0,47.0,990.2,100,27.5667,72.0667,0.0
2024-04-01 03:00:00+05:30,0.0,0.0,0.0,21.9,11.1,43.0,49.0,990.1,100,27.5667,72.0667,0.0
2024-04-01 04:00:00+05:30,0.0,0.0,0.0,20.9,8.9,47.0,34.0,989.9,100,27.5667,72.0667,0.0
2024-04-01 05:00:00+05:30,0.0,0.0,0.0,19.8,7.2,51.0,32.0,990.1,100,27.5667,72.0667,0.0
2024-04-01 06:00:00+05:30,0.0,0.0,0.0,20.0,6.3,56.0,47.0,990.9,100,27.5667,72.0667,0.0
2024-04-01 07:00:00+05:30,43.0,62.9,35.0,21.1,5.7,52.0,99.0,991.3,100,27.5667,72.0667,2.7538660237724852
2024-04-01 08:00:00+05:30,182.0,147.4,135.0,23.0,3.4,48.0,99.0,991.8,100,27.5667,72.0667,15.46909712479403
2024-04-01 09:00:00+05:30,393.0,359.7,204.0,25.2,5.5,43.0,77.0,992.1,100,27.5667,72.0667,34.863877529283805
2024-04-01 10:00:00+05:30,602.0,529.4,232.0,27.4,5.2,34.0,42.0,992.1,100,27.5667,72.0667,55.89194295527041
2024-04-01 11:00:00+05:30,774.0,646.8,239.0,29.0,1.8,27.0,84.0,991.4,100,27.5667,72.0667,68.13337530332686
2024-04-01 12:00:00+05:30,825.0,574.4,307.0,30.3,2.9,22.0,51.0,990.7,100,27.5667,72.0667,71.20940102560829
2024-04-01 13:00:00+05:30,890.0,700.8,247.0,31.7,8.1,19.0,85.0,989.9,100,27.5667,72.0667,79.63196728507009
2024-04-01 14:00:00+05:30,838.0,683.6,241.0,32.5,11.0,16.0,70.0,988.9,100,27.5667,72.0667,74.33424367447931
2024-04-01 15:00:00+05:30,716.0,643.6,219.0,33.1,13.2,14.0,99.0,988.2,100,27.5667,72.0667,63.518869249339104
2024-04-01 16:00:00+05:30,531.0,532.9,200.0,33.2,14.4,13.0,100.0,987.4,100,27.5667,72.0667,46.910209646195675
2024-04-01 17:00:00+05:30,294.0,269.5,178.0,32.9,15.0,13.0,100.0,987.1,100,27.5667,72.0667,25.11123599086824
2024-04-01 18:00:00+05:30,114.0,117.4,89.0,32.4,12.3,13.0,100.0,987.7,100,27.5667,72.0667,8.595503471307683
2024-04-01 19:00:00+05:30,8.0,0.0,8.0,30.9,11.7,14.0,100.0,987.9,100,27.5667,72.0667,0.1425163004206413
2024-04-01 20:00:00+05:30,0.0,0.0,0.0,29.7,11.0,17.0,97.0,988.3,100,27.5667,72.0667,0.0
2024-04-01 21:00:00+05:30,0.0,0.0,0.0,28.5,9.7,19.0,93.0,988.6,100,27.5667,72.0667,0.0
2024-04-01 22:00:00+05:30,0.0,0.0,0.0,26.8,8.1,21.0,65.0,988.6,100,27.5667,72.0667,0.0
2024-04-01 23:00:00+05:30,0.0,0.0,0.0,26.0,7.6,23.0,15.0,988.1,100,27.5667,72.0667,0.0
2024-04-02 00:00:00+05:30,0.0,0.0,0.0,24.7,8.3,25.0,0.0,987.6,100,27.5667,72.0667,0.0
2024-04-02 01:00:00+05:30,0.0,0.0,0.0,23.6,9.4,26.0,64.0,987.2,100,27.5667,72.0667,0.0
2024-04-02 02:00:00+05:30,0.0,0.0,0.0,22.9,9.7,27.0,71.0,986.7,100,27.5667,72.0667,0.0
2024-04-02 03:00:00+05:30,0.0,0.0,0.0,23.3,4.3,26.0,100.0,986.3,100,27.5667,72.0667,0.0
2024-04-02 04:00:00+05:30,0.0,0.0,0.0,23.3,2.3,25.0,9.0,986.4,100,27.5667,72.0667,0.0
2024-04-02 05:00:00+05:30,0.0,0.0,0.0,22.8,2.5,26.0,4.0,986.4,100,27.5667,72.0667,0.0
2024-04-02 06:00:00+05:30,0.0,0.0,0.0,23.7,2.5,27.0,17.0,987.0,100,27.5667,72.0667,0.0
2024-04-02 07:00:00+05:30,46.0,92.9,34.0,22.6,3.9,43.0,3.0,987.2,100,27.5667,72.0667,2.726432911737991
2024-04-02 08:00:00+05:30,220.0,328.5,114.0,25.2,3.8,31.0,26.0,988.0,100,27.5667,72.0667,18.39166155457197
2024-04-02 09:00:00+05:30,437.0,512.2,166.0,28.6,5.2,23.0,32.0,988.8,100,27.5667,72.0667,38.88605265984047
2024-04-02 10:00:00+05:30,635.0,608.1,208.0,31.3,7.4,18.0,4.0,989.0,100,27.5667,72.0667,58.335712718964515
2024-04-02 11:00:00+05:30,793.0,684.1,225.0,32.9,5.1,14.0,94.0,988.5,100,27.5667,72.0667,67.67666416420157
2024-04-02 12:00:00+05:30,884.0,712.0,240.0,34.0,4.1,12.0,99.0,987.9,100,27.5667,72.0667,73.95899999131615
2024-04-02 13:00:00+05:30,892.0,655.4,289.0,34.9,5.2,10.0,100.0,987.0,100,27.5667,72.0667,76.61564495795994
2024-04-02 14:00:00+05:30,464.0,100.5,376.0,34.7,6.0,9.0,100.0,985.9,100,27.5667,72.0667,38.70357469497996
2024-04-02 15:00:00+05:30,441.0,139.5,333.0,35.1,6.6,9.0,100.0,985.2,100,27.5667,72.0667,36.56633527163535
2024-04-02 16:00:00+05:30,261.0,99.5,199.0,34.6,4.7,10.0,100.0,984.9,100,27.5667,72.0667,22.109054786395152
2024-04-02 17:00:00+05:30,280.0,303.1,149.0,34.7,6.0,10.0,100.0,984.7,100,27.5667,72.0667,22.795848251977233
2024-04-02 18:00:00+05:30,97.0,97.7,76.0,34.0,1.1,10.0,89.0,985.3,100,27.5667,72.0667,7.175314564840259
2024-04-02 19:00:00+05:30,8.0,0.0,8.0,31.3,4.9,17.0,98.0,985.5,100,27.5667,72.0667,0.13780173526993392
2024-04-02 20:00:00+05:30,0.0,0.0,0.0,29.8,12.0,15.0,17.0,985.9,100,27.5667,72.0667,0.0
2024-04-02 21:00:00+05:30,0.0,0.0,0.0,28.8,13.8,15.0,73.0,986.2,100,27.5667,72.0667,0.0
2024-04-02 22:00:00+05:30,0.0,0.0,0.0,28.1,13.6,16.0,33.0,986.3,100,27.5667,72.0667,0.0
2024-04-02 23:00:00+05:30,0.0,0.0,0.0,26.2,9.9,19.0,19.0,985.9,100,27.5667,72.0667,0.0
2024-04-03 00:00:00+05:30,0.0,0.0,0.0,25.2,7.8,22.0,44.0,985.7,100,27.5667,72.0667,0.0
2024-04-03 01:00:00+05:30,0.0,0.0,0.0,24.3,8.3,23.0,68.0,985.2,100,27.5667,72.0667,0.0
2024-04-03 02:00:00+05:30,0.0,0.0,0.0,24.1,14.5,20.0,47.0,985.0,100,27.5667,72.0667,0.0
2024-04-03 03:00:00+05:30,0.0,0.0,0.0,23.4,11.7,19.0,49.0,984.9,100,27.5667,72.0667,0.0
2024-04-03 04:00:00+05:30,0.0,0.0,0.0,22.2,9.4,22.0,98.0,984.7,100,27.5667,72.0667,0.0
2024-04-03 05:00:00+05:30,0.0,0.0,0.0,21.6,10.0,23.0,80.0,985.1,100,27.5667,72.0667,0.0
2024-04-03 06:00:00+05:30,0.0,0.0,0.0,23.3,15.5,29.0,99.0,986.0,100,27.5667,72.0667,0.0
2024-04-03 07:00:00+05:30,46.0,61.0,38.0,24.0,17.3,32.0,100.0,986.6,100,27.5667,72.0667,2.938278505258648
2024-04-03 08:00:00+05:30,185.0,177.6,127.0,25.6,16.7,42.0,100.0,987.6,100,27.5667,72.0667,15.414471987900487
2024-04-03 09:00:00+05:30,385.0,330.4,209.0,28.2,19.7,40.0,100.0,988.1,100,27.5667,72.0667,33.51907609140397
2024-04-03 10:00:00+05:30,568.0,442.2,256.0,30.8,18.9,31.0,95.0,988.3,100,27.5667,72.0667,51.23663780326676
2024-04-03 11:00:00+05:30,775.0,643.2,239.0,32.9,16.3,24.0,100.0,988.2,100,27.5667,72.0667,70.89568450813177
2024-04-03 12:00:00+05:30,846.0,617.2,286.0,34.6,13.2,18.0,96.0,987.6,100,27.5667,72.0667,74.40677155445606
2024-04-03 13:00:00+05:30,884.0,678.7,258.0,35.6,10.9,14.0,99.0,986.7,100,27.5667,72.0667,76.98230894585686
2024-04-03 14:00:00+05:30,820.0,616.4,279.0,36.1,9.7,13.0,100.0,985.5,100,27.5667,72.0667,70.84792609979947
2024-04-03 15:00:00+05:30,691.0,559.1,257.0,36.4,9.1,12.0,99.0,985.0,100,27.5667,72.0667,59.536943369310244
2024-04-03 16:00:00+05:30,484.0,417.6,223.0,36.4,8.5,11.0,99.0,984.5,100,27.5667,72.0667,41.806141976589224
2024-04-03 17:00:00+05:30,292.0,322.5,152.0,36.2,8.9,10.0,87.0,984.6,100,27.5667,72.0667,23.690813755590057
2024-04-03 18:00:00+05:30,120.0,156.9,86.0,35.3,6.3,12.0,98.0,985.4,100,27.5667,72.0667,8.800541727770291
2024-04-03 19:00:00+05:30,9.0,13.4,8.0,33.0,11.9,12.0,74.0,985.7,100,27.5667,72.0667,0.1325726023959839
2024-04-03 20:00:00+05:30,0.0,0.0,0.0,31.7,13.6,13.0,75.0,986.4,100,27.5667,72.0667,0.0
2024-04-03 21:00:00+05:30,0.0,0.0,0.0,29.4,7.9,19.0,57.0,986.7,100,27.5667,72.0667,0.0
2024-04-03 22:00:00+05:30,0.0,0.0,0.0,27.9,9.0,20.0,57.0,987.1,100,27.5667,72.0667,0.0
2024-04-03 23:00:00+05:30,0.0,0.0,0.0,27.5,11.3,18.0,56.0,986.9,100,27.5667,72.0667,0.0
2024-04-04 00:00:00+05:30,0.0,0.0,0.0,27.2,13.4,19.0,42.0,986.5,100,27.5667,72.0667,0.0
2024-04-04 01:00:00+05:30,0.0,0.0,0.0,25.2,10.8,24.0,51.0,986.5,100,27.5667,72.0667,0.0
2024-04-04 02:00:00+05:30,0.0,0.0,0.0,23.7,8.4,30.0,43.0,986.0,100,27.5667,72.0667,0.0
2024-04-04 03:00:00+05:30,0.0,0.0,0.0,23.2,11.1,30.0,31.0,985.9,100,27.5667,72.0667,0.0
2024-04-04 04:00:00+05:30,0.0,0.0,0.0,21.8,8.3,36.0,85.0,985.7,100,27.5667,72.0667,0.0
2024-04-04 05:00:00+05:30,0.0,0.0,0.0,21.6,8.0,36.0,62.0,985.7,100,27.5667,72.0667,0.0
2024-04-04 06:00:00+05:30,0.0,0.0,0.0,22.9,11.9,37.0,40.0,986.8,100,27.5667,72.0667,0.0
2024-04-04 07:00:00+05:30,49.0,82.6,38.0,24.0,9.1,37.0,84.0,987.5,100,27.5667,72.0667,2.9764563732598073
2024-04-04 08:00:00+05:30,218.0,284.5,124.0,26.9,7.1,31.0,100.0,988.4,100,27.5667,72.0667,17.8949391035393
2024-04-04 09:00:00+05:30,431.0,460.5,184.0,30.3,9.7,24.0,100.0,989.4,100,27.5667,72.0667,36.61869422055256
2024-04-04 10:00:00+05:30,615.0,523.4,244.0,32.2,17.1,18.0,98.0,989.8,100,27.5667,72.0667,54.94977819663749
2024-04-04 11:00:00+05:30,778.0,617.0,262.0,34.1,13.8,14.0,92.0,989.6,100,27.5667,72.0667,68.08267308690206
2024-04-04 12:00:00+05:30,873.0,658.3,274.0,35.8,14.1,11.0,100.0,989.2,100,27.5667,72.0667,75.76494229806862
2024-04-04 13:00:00+05:30,902.0,699.6,255.0,37.0,14.5,10.0,99.0,988.4,100,27.5667,72.0667,80.10689085195406
2024-04-04 14:00:00+05:30,844.0,675.1,250.0,37.3,13.6,9.0,99.0,987.5,100,27.5667,72.0667,74.08175482668067
2024-04-04 15:00:00+05:30,690.0,529.4,278.0,37.4,13.7,9.0,100.0,986.7,100,27.5667,72.0667,60.998466377145874
2024-04-04 16:00:00+05:30,446.0,303.1,256.0,37.6,13.6,8.0,100.0,986.0,100,27.5667,72.0667,38.72849457969214
2024-04-04 17:00:00+05:30,257.0,192.7,173.0,37.3,12.6,9.0,100.0,985.6,100,27.5667,72.0667,21.836441512786987
2024-04-04 18:00:00+05:30,118.0,132.6,89.0,35.2,10.6,12.0,100.0,986.9,100,27.5667,72.0667,8.705139666834224
2024-04-04 19:00:00+05:30,9.0,0.0,9.0,32.9,13.7,14.0,100.0,987.3,100,27.5667,72.0667,0.2207247610556761
2024-04-04 20:00:00+05:30,0.0,0.0,0.0,31.0,10.0,18.0,100.0,987.7,100,27.5667,72.0667,0.0
2024-04-04 21:00:00+05:30,0.0,0.0,0.0,29.6,12.6,19.0,99.0,988.2,100,27.5667,72.0667,0.0
2024-04-04 22:00:00+05:30,0.0,0.0,0.0,29.0,13.0,24.0,99.0,988.8,100,27.5667,72.0667,0.0
2024-04-04 23:00:00+05:30,0.0,0.0,0.0,27.0,7.3,35.0,100.0,988.9,100,27.5667,72.0667,0.0
2024-04-05 00:00:00+05:30,0.0,0.0,0.0,26.7,12.3,31.0,100.0,989.1,100,27.5667,72.0667,0.0
2024-04-05 01:00:00+05:30,0.0,0.0,0.0,27.4,1.8,29.0,99.0,988.4,100,27.5667,72.0667,0.0
2024-04-05 02:00:00+05:30,0.0,0.0,0.0,25.4,5.5,40.0,95.0,988.2,100,27.5667,72.0667,0.0
2024-04-05 03:00:00+05:30,0.0,0.0,0.0,24.2,6.9,48.0,94.0,988.3,100,27.5667,72.0667,0.0
2024-04-05 04:00:00+05:30,0.0,0.0,0.0,24.8,12.8,42.0,90.0,987.3,100,27.5667,72.0667,0.0
2024-04-05 05:00:00+05:30,0.0,0.0,0.0,24.2,15.7,45.0,92.0,987.9,100,27.5667,72.0667,0.0
2024-04-05 06:00:00+05:30,0.0,0.0,0.0,24.5,16.1,48.0,99.0,988.7,100,27.5667,72.0667,0.0
2024-04-05 07:00:00+05:30,33.0,29.6,29.0,25.8,7.6,52.0,78.0,988.7,100,27.5667,72.0667,2.098853722153955
2024-04-05 08:00:00+05:30,182.0,194.5,117.0,28.9,13.2,33.0,63.0,989.4,100,27.5667,72.0667,14.81183680576643
2024-04-05 09:00:00+05:30,343.0,301.9,180.0,30.9,10.0,27.0,65.0,989.9,100,27.5667,72.0667,28.681186925767598
2024-04-05 10:00:00+05:30,550.0,433.9,241.0,31.2,4.5,23.0,64.0,990.1,100,27.5667,72.0667,49.29650231548811
2024-04-05 11:00:00+05:30,605.0,349.1,312.0,32.1,4.7,23.0,33.0,989.7,100,27.5667,72.0667,52.256945039025844
2024-04-05 12:00:00+05:30,831.0,587.3,295.0,33.2,19.0,23.0,51.0,989.5,100,27.5667,72.0667,75.39846736424357
2024-04-05 13:00:00+05:30,720.0,409.9,340.0,34.0,19.5,19.0,26.0,988.4,100,27.5667,72.0667,64.02914206533481
2024-04-05 14:00:00+05:30,703.0,479.6,280.0,34.3,10.5,18.0,65.0,987.6,100,27.5667,72.0667,61.53871220772677
2024-04-05 15:00:00+05:30,608.0,466.6,244.0,34.4,2.3,17.0,70.0,987.0,100,27.5667,72.0667,51.845151180177375
2024-04-05 16:00:00+05:30,474.0,437.5,199.0,34.7,10.8,16.0,17.0,986.5,100,27.5667,72.0667,41.336664576409945
2024-04-05 17:00:00+05:30,300.0,356.4,144.0,33.8,19.1,17.0,14.0,986.5,100,27.5667,72.0667,25.0850748518035
2024-04-05 18:00:00+05:30,125.0,204.1,80.0,32.0,17.3,21.0,5.0,987.2,100,27.5667,72.0667,8.866516115166224
2024-04-05 19:00:00+05:30,9.0,13.1,8.0,29.5,13.4,26.0,0.0,987.7,100,27.5667,72.0667,0.14974778598314778
2024-04-05 20:00:00+05:30,0.0,0.0,0.0,27.8,12.7,30.0,0.0,988.0,100,27.5667,72.0667,0.0
2024-04-05 21:00:00+05:30,0.0,0.0,0.0,26.3,10.7,37.0,0.0,988.4,100,27.5667,72.0667,0.0
2024-04-05 22:00:00+05:30,0.0,0.0,0.0,25.0,8.5,46.0,1.0,988.3,100,27.5667,72.0667,0.0
2024-04-05 23:00:00+05:30,0.0,0.0,0.0,24.1,8.6,48.0,0.0,987.9,100,27.5667,72.0667,0.0
2024-04-06 00:00:00+05:30,0.0,0.0,0.0,23.7,8.3,47.0,0.0,987.7,100,27.5667,72.0667,0.0
2024-04-06 01:00:00+05:30,0.0,0.0,0.0,24.2,7.2,42.0,0.0,987.5,100,27.5667,72.0667,0.0
2024-04-06 02:00:00+05:30,0.0,0.0,0.0,22.5,9.8,47.0,0.0,987.1,100,27.5667,72.0667,0.0
2024-04-06 03:00:00+05:30,0.0,0.0,0.0,22.2,12.1,44.0,0.0,987.1,100,27.5667,72.0667,0.0
2024-04-06 04:00:00+05:30,0.0,0.0,0.0,21.0,8.9,50.0,0.0,986.9,100,27.5667,72.0667,0.0
2024-04-06 05:00:00+05:30,0.0,0.0,0.0,20.9,9.4,47.0,0.0,987.1,100,27.5667,72.0667,0.0
2024-04-06 06:00:00+05:30,0.0,0.0,0.0,19.8,7.4,48.0,0.0,988.3,100,27.5667,72.0667,0.0
2024-04-06 07:00:00+05:30,54.0,102.1,40.0,21.7,8.7,41.0,0.0,989.1,100,27.5667,72.0667,3.3726034794969966
2024-04-06 08:00:00+05:30,231.0,331.3,119.0,25.3,5.3,32.0,0.0,989.8,100,27.5667,72.0667,18.817407800745464
2024-04-06 09:00:00+05:30,448.0,509.7,171.0,29.1,4.8,25.0,0.0,990.6,100,27.5667,72.0667,39.1371764857476
2024-04-06 10:00:00+05:30,649.0,619.2,206.0,31.6,2.9,20.0,0.0,990.5,100,27.5667,72.0667,57.08986353164719
2024-04-06 11:00:00+05:30,803.0,682.8,228.0,33.6,5.9,15.0,0.0,990.3,100,27.5667,72.0667,72.35748418079407
2024-04-06 12:00:00+05:30,894.0,714.6,240.0,35.0,8.7,13.0,0.0,989.6,100,27.5667,72.0667,78.4027393218097
2024-04-06 13:00:00+05:30,913.0,721.9,242.0,35.8,9.4,11.0,1.0,988.6,100,27.5667,72.0667,82.42860782436603
2024-04-06 14:00:00+05:30,858.0,703.6,236.0,36.3,9.8,10.0,2.0,987.5,100,27.5667,72.0667,75.39999755504905
2024-04-06 15:00:00+05:30,734.0,658.5,219.0,36.5,13.2,10.0,3.0,986.6,100,27.5667,72.0667,66.36395147731449
2024-04-06 16:00:00+05:30,552.0,575.8,189.0,36.2,18.4,9.0,2.0,985.9,100,27.5667,72.0667,48.64826802094635
2024-04-06 17:00:00+05:30,340.0,439.1,147.0,35.4,21.9,9.0,1.0,985.9,100,27.5667,72.0667,28.12353973984831
2024-04-06 18:00:00+05:30,130.0,215.9,82.0,34.5,18.3,11.0,5.0,986.4,100,27.5667,72.0667,9.187149432264212
2024-04-06 19:00:00+05:30,10.0,12.9,9.0,32.4,14.1,13.0,4.0,986.9,100,27.5667,72.0667,0.22603994490279167
2024-04-06 20:00:00+05:30,0.0,0.0,0.0,30.1,7.1,16.0,0.0,987.2,100,27.5667,72.0667,0.0
2024-04-06 21:00:00+05:30,0.0,0.0,0.0,31.7,4.1,13.0,0.0,987.9,100,27.5667,72.0667,0.0
2024-04-06 22:00:00+05:30,0.0,0.0,0.0,30.8,3.1,14.0,0.0,988.3,100,27.5667,72.0667,0.0
2024-04-06 23:00:00+05:30,0.0,0.0,0.0,30.0,1.9,15.0,0.0,987.8,100,27.5667,72.0667,0.0
2024-04-07 00:00:00+05:30,0.0,0.0,0.0,29.7,4.7,15.0,0.0,987.5,100,27.5667,72.0667,0.0
2024-04-07 01:00:00+05:30,0.0,0.0,0.0,25.6,7.0,19.0,0.0,986.9,100,27.5667,72.0667,0.0
2024-04-07 02:00:00+05:30,0.0,0.0,0.0,23.7,8.4,22.0,0.0,986.4,100,27.5667,72.0667,0.0
2024-04-07 03:00:00+05:30,0.0,0.0,0.0,23.4,10.7,22.0,0.0,986.2,100,27.5667,72.0667,0.0
2024-04-07 04:00:00+05:30,0.0,0.0,0.0,23.7,16.2,21.0,0.0,986.7,100,27.5667,72.0667,0.0
2024-04-07 05:00:00+05:30,0.0,0.0,0.0,22.5,14.1,23.0,0.0,986.6,100,27.5667,72.0667,0.0
2024-04-07 06:00:00+05:30,0.0,0.0,0.0,23.3,17.7,21.0,0.0,987.6,100,27.5667,72.0667,0.0
2024-04-07 07:00:00+05:30,58.0,107.8,43.0,25.0,18.8,19.0,0.0,988.4,100,27.5667,72.0667,3.645791024838242
2024-04-07 08:00:00+05:30,239.0,342.2,122.0,27.9,14.3,17.0,0.0,989.3,100,27.5667,72.0667,19.98421097825961
2024-04-07 09:00:00+05:30,457.0,519.2,173.0,31.6,17.9,14.0,0.0,989.9,100,27.5667,72.0667,40.026532612746244
2024-04-07 10:00:00+05:30,658.0,627.6,207.0,35.0,23.1,11.0,0.0,989.7,100,27.5667,72.0667,60.22289310081601
2024-04-07 11:00:00+05:30,813.0,689.9,230.0,36.2,12.6,10.0,0.0,989.3,100,27.5667,72.0667,72.812893429553
2024-04-07 12:00:00+05:30,904.0,721.3,242.0,36.7,7.6,9.0,0.0,988.4,100,27.5667,72.0667,77.11863941611149
2024-04-07 13:00:00+05:30,924.0,728.8,245.0,37.0,5.9,8.0,0.0,987.6,100,27.5667,72.0667,79.353106046207
2024-04-07 14:00:00+05:30,867.0,712.1,236.0,37.3,4.6,8.0,0.0,986.6,100,27.5667,72.0667,75.36969338896812
2024-04-07 15:00:00+05:30,741.0,667.2,218.0,37.3,6.1,8.0,0.0,985.8,100,27.5667,72.0667,64.06766462279951
2024-04-07 16:00:00+05:30,559.0,583.7,190.0,37.1,8.7,8.0,0.0,985.5,100,27.5667,72.0667,48.73603067097234
2024-04-07 17:00:00+05:30,343.0,441.9,148.0,36.7,4.6,7.0,0.0,985.4,100,27.5667,72.0667,27.3778966110865
2024-04-07 18:00:00+05:30,120.0,160.6,84.0,36.2,5.1,7.0,9.0,985.8,100,27.5667,72.0667,8.886783233753842
2024-04-07 19:00:00+05:30,10.0,12.8,9.0,35.4,1.1,8.0,0.0,986.1,100,27.5667,72.0667,0.2203326251275909
2024-04-07 20:00:00+05:30,0.0,0.0,0.0,34.6,4.7,9.0,0.0,986.3,100,27.5667,72.0667,0.0
2024-04-07 21:00:00+05:30,0.0,0.0,0.0,30.5,10.8,12.0,0.0,986.7,100,27.5667,72.0667,0.0
2024-04-07 22:00:00+05:30,0.0,0.0,0.0,29.2,12.4,14.0,0.0,987.2,100,27.5667,72.0667,0.0
2024-04-07 23:00:00+05:30,0.0,0.0,0.0,28.4,13.8,14.0,0.0,987.1,100,27.5667,72.0667,0.0
2024-04-08 00:00:00+05:30,0.0,0.0,0.0,27.2,11.4,15.0,0.0,986.8,100,27.5667,72.0667,0.0
2024-04-08 01:00:00+05:30,0.0,0.0,0.0,25.8,10.7,17.0,0.0,986.5,100,27.5667,72.0667,0.0
2024-04-08 02:00:00+05:30,0.0,0.0,0.0,25.0,11.4,16.0,0.0,986.3,100,27.5667,72.0667,0.0
2024-04-08 03:00:00+05:30,0.0,0.0,0.0,24.2,9.9,17.0,0.0,985.9,100,27.5667,72.0667,0.0
2024-04-08 04:00:00+05:30,0.0,0.0,0.0,22.8,9.0,19.0,0.0,986.2,100,27.5667,72.0667,0.0
2024-04-08 05:00:00+05:30,0.0,0.0,0.0,22.1,9.2,21.0,0.0,986.5,100,27.5667,72.0667,0.0
2024-04-08 06:00:00+05:30,0.0,0.0,0.0,22.3,15.0,22.0,0.0,987.4,100,27.5667,72.0667,0.0
2024-04-08 07:00:00+05:30,60.0,113.4,44.0,23.6,12.9,20.0,0.0,987.9,100,27.5667,72.0667,3.6637594092687555
2024-04-08 08:00:00+05:30,242.0,344.2,123.0,26.9,12.1,17.0,0.0,989.0,100,27.5667,72.0667,20.020469116287092
2024-04-08 09:00:00+05:30,462.0,521.4,175.0,31.8,12.4,13.0,0.0,989.7,100,27.5667,72.0667,41.09209740779966
2024-04-08 10:00:00+05:30,664.0,629.0,210.0,35.3,12.7,11.0,0.0,990.1,100,27.5667,72.0667,57.81699027192202
2024-04-08 11:00:00+05:30,818.0,691.2,232.0,37.4,12.3,9.0,3.0,990.0,100,27.5667,72.0667,75.25979314068879
2024-04-08 12:00:00+05:30,908.0,720.5,245.0,38.4,11.7,7.0,60.0,989.5,100,27.5667,72.0667,78.46933461197182
2024-04-08 13:00:00+05:30,908.0,691.7,262.0,38.8,12.1,7.0,68.0,988.8,100,27.5667,72.0667,78.78532946441597
2024-04-08 14:00:00+05:30,865.0,697.1,246.0,39.0,9.7,7.0,49.0,987.7,100,27.5667,72.0667,72.27878216018865
2024-04-08 15:00:00+05:30,739.0,649.1,229.0,39.1,7.5,6.0,0.0,986.7,100,27.5667,72.0667,64.32892634976938
2024-04-08 16:00:00+05:30,562.0,585.3,191.0,39.2,9.7,6.0,8.0,986.3,100,27.5667,72.0667,48.05985816537958
2024-04-08 17:00:00+05:30,345.0,442.5,149.0,38.7,18.3,6.0,9.0,986.1,100,27.5667,72.0667,28.330684829699877
2024-04-08 18:00:00+05:30,136.0,225.7,85.0,37.0,17.8,6.0,40.0,986.6,100,27.5667,72.0667,9.098094503938839
2024-04-08 19:00:00+05:30,11.0,12.6,10.0,35.3,19.5,7.0,100.0,986.9,100,27.5667,72.0667,0.29528273689792733
2024-04-08 20:00:00+05:30,0.0,0.0,0.0,34.2,15.5,8.0,100.0,987.4,100,27.5667,72.0667,0.0
2024-04-08 21:00:00+05:30,0.0,0.0,0.0,32.6,5.0,10.0,100.0,988.1,100,27.5667,72.0667,0.0
2024-04-08 22:00:00+05:30,0.0,0.0,0.0,29.7,8.0,12.0,100.0,988.3,100,27.5667,72.0667,0.0
2024-04-08 23:00:00+05:30,0.0,0.0,0.0,28.8,8.5,12.0,100.0,987.9,100,27.5667,72.0667,0.0
2024-04-09 00:00:00+05:30,0.0,0.0,0.0,28.5,10.0,12.0,42.0,987.4,100,27.5667,72.0667,0.0
2024-04-09 01:00:00+05:30,0.0,0.0,0.0,29.5,5.1,11.0,96.0,987.0,100,27.5667,72.0667,0.0
2024-04-09 02:00:00+05:30,0.0,0.0,0.0,29.1,4.1,11.0,61.0,987.0,100,27.5667,72.0667,0.0
2024-04-09 03:00:00+05:30,0.0,0.0,0.0,25.2,11.9,14.0,52.0,986.7,100,27.5667,72.0667,0.0
2024-04-09 04:00:00+05:30,0.0,0.0,0.0,24.1,11.2,15.0,16.0,986.4,100,27.5667,72.0667,0.0
2024-04-09 05:00:00+05:30,0.0,0.0,0.0,23.5,9.4,16.0,2.0,986.6,100,27.5667,72.0667,0.0
2024-04-09 06:00:00+05:30,0.0,0.0,0.0,23.2,13.3,19.0,100.0,987.4,100,27.5667,72.0667,0.0
2024-04-09 07:00:00+05:30,45.0,7.0,44.0,24.8,12.2,17.0,67.0,988.5,100,27.5667,72.0667,3.3864990094465175
2024-04-09 08:00:00+05:30,231.0,280.4,133.0,28.1,8.3,15.0,92.0,989.0,100,27.5667,72.0667,17.714812078789983
2024-04-09 09:00:00+05:30,425.0,366.5,222.0,32.5,9.5,12.0,41.0,989.5,100,27.5667,72.0667,37.49373093525352
2024-04-09 10:00:00+05:30,642.0,554.6,240.0,35.4,10.8,10.0,97.0,989.6,100,27.5667,72.0667,56.902486343746034
2024-04-09 11:00:00+05:30,739.0,484.3,327.0,37.1,9.5,9.0,100.0,989.5,100,27.5667,72.0667,62.2062006459576
2024-04-09 12:00:00+05:30,785.0,434.6,384.0,38.3,7.9,8.0,100.0,989.2,100,27.5667,72.0667,65.53058579494751
2024-04-09 13:00:00+05:30,705.0,264.9,457.0,38.8,3.1,7.0,96.0,988.4,100,27.5667,72.0667,55.339586210398124
2024-04-09 14:00:00+05:30,762.0,443.8,367.0,39.5,2.5,6.0,100.0,987.3,100,27.5667,72.0667,61.05570683655781
2024-04-09 15:00:00+05:30,300.0,10.2,292.0,38.9,5.6,6.0,100.0,986.5,100,27.5667,72.0667,24.950534525636627
2024-04-09 16:00:00+05:30,307.0,85.0,253.0,38.8,3.8,6.0,95.0,986.0,100,27.5667,72.0667,24.658467461947662
2024-04-09 17:00:00+05:30,281.0,281.1,156.0,38.6,17.7,7.0,100.0,985.9,100,27.5667,72.0667,21.507659934929805
2024-04-09 18:00:00+05:30,127.0,171.2,88.0,37.3,21.0,7.0,99.0,986.4,100,27.5667,72.0667,8.918929852492298
2024-04-09 19:00:00+05:30,10.0,0.0,10.0,35.6,17.7,8.0,100.0,986.6,100,27.5667,72.0667,0.3122655473272636
2024-04-09 20:00:00+05:30,0.0,0.0,0.0,34.1,15.2,10.0,100.0,987.2,100,27.5667,72.0667,0.0
2024-04-09 21:00:00+05:30,0.0,0.0,0.0,33.2,13.2,11.0,78.0,987.8,100,27.5667,72.0667,0.0
2024-04-09 22:00:00+05:30,0.0,0.0,0.0,31.0,7.1,15.0,89.0,988.1,100,27.5667,72.0667,0.0
2024-04-09 23:00:00+05:30,0.0,0.0,0.0,29.8,11.0,14.0,100.0,988.1,100,27.5667,72.0667,0.0
2024-04-10 00:00:00+05:30,0.0,0.0,0.0,29.2,10.3,14.0,18.0,987.6,100,27.5667,72.0667,0.0
2024-04-10 01:00:00+05:30,0.0,0.0,0.0,27.6,10.4,16.0,21.0,986.9,100,27.5667,72.0667,0.0
2024-04-10 02:00:00+05:30,0.0,0.0,0.0,27.4,13.3,16.0,94.0,986.3,100,27.5667,72.0667,0.0
2024-04-10 03:00:00+05:30,0.0,0.0,0.0,26.7,5.8,19.0,100.0,986.2,100,27.5667,72.0667,0.0
2024-04-10 04:00:00+05:30,0.0,0.0,0.0,26.4,16.1,16.0,100.0,986.8,100,27.5667,72.0667,0.0
2024-04-10 05:00:00+05:30,0.0,0.0,0.0,27.7,19.4,13.0,64.0,986.7,100,27.5667,72.0667,0.0
2024-04-10 06:00:00+05:30,0.0,0.0,0.0,25.2,16.3,22.0,100.0,987.5,100,27.5667,72.0667,0.0
2024-04-10 07:00:00+05:30,53.0,48.3,46.0,25.3,10.0,24.0,43.0,988.7,100,27.5667,72.0667,3.776047367353673
2024-04-10 08:00:00+05:30,242.0,322.8,128.0,28.1,7.6,20.0,41.0,989.1,100,27.5667,72.0667,19.524196814880735
2024-04-10 09:00:00+05:30,443.0,436.0,200.0,31.2,13.8,16.0,79.0,989.5,100,27.5667,72.0667,38.48866376522635
2024-04-10 10:00:00+05:30,606.0,443.7,283.0,34.3,15.1,12.0,97.0,989.4,100,27.5667,72.0667,52.838382917591844
2024-04-10 11:00:00+05:30,708.0,397.3,369.0,36.8,12.5,10.0,98.0,989.1,100,27.5667,72.0667,60.258877849410084
2024-04-10 12:00:00+05:30,763.0,354.6,435.0,38.3,10.3,9.0,100.0,988.2,100,27.5667,72.0667,63.81083431215713
2024-04-10 13:00:00+05:30,685.0,277.1,425.0,39.1,6.0,8.0,85.0,987.4,100,27.5667,72.0667,57.46451010776827
2024-04-10 14:00:00+05:30,822.0,553.9,328.0,39.9,6.6,7.0,49.0,986.5,100,27.5667,72.0667,67.18969228144529
2024-04-10 15:00:00+05:30,669.0,499.3,275.0,40.2,6.0,7.0,26.0,985.4,100,27.5667,72.0667,55.93746092845452
2024-04-10 16:00:00+05:30,507.0,461.4,213.0,39.9,14.3,7.0,98.0,984.9,100,27.5667,72.0667,42.25705504504621
2024-04-10 17:00:00+05:30,130.0,15.7,123.0,38.8,22.5,8.0,78.0,984.6,100,27.5667,72.0667,10.55242054315262
2024-04-10 18:00:00+05:30,102.0,100.2,79.0,37.5,9.6,9.0,21.0,985.8,100,27.5667,72.0667,7.440054961051322
2024-04-10 19:00:00+05:30,11.0,12.3,10.0,34.4,12.1,12.0,32.0,985.9,100,27.5667,72.0667,0.31770831906977964
2024-04-10 20:00:00+05:30,0.0,0.0,0.0,32.1,10.5,15.0,21.0,986.5,100,27.5667,72.0667,0.0
2024-04-10 21:00:00+05:30,0.0,0.0,0.0,31.0,6.6,18.0,0.0,987.3,100,27.5667,72.0667,0.0
2024-04-10 22:00:00+05:30,0.0,0.0,0.0,29.9,8.4,19.0,1.0,987.7,100,27.5667,72.0667,0.0
2024-04-10 23:00:00+05:30,0.0,0.0,0.0,29.5,8.3,19.0,2.0,987.6,100,27.5667,72.0667,0.0
2024-04-11 00:00:00+05:30,0.0,0.0,0.0,28.4,13.6,18.0,0.0,987.5,100,27.5667,72.0667,0.0
2024-04-11 01:00:00+05:30,0.0,0.0,0.0,27.2,12.9,19.0,0.0,987.1,100,27.5667,72.0667,0.0
2024-04-11 02:00:00+05:30,0.0,0.0,0.0,27.3,14.7,17.0,0.0,986.5,100,27.5667,72.0667,0.0
2024-04-11 03:00:00+05:30,0.0,0.0,0.0,25.3,14.4,19.0,0.0,986.5,100,27.5667,72.0667,0.0
2024-04-11 04:00:00+05:30,0.0,0.0,0.0,24.2,13.6,22.0,2.0,986.2,100,27.5667,72.0667,0.0
2024-04-11 05:00:00+05:30,0.0,0.0,0.0,23.6,14.7,25.0,0.0,986.6,100,27.5667,72.0667,0.0
2024-04-11 06:00:00+05:30,0.0,0.0,0.0,23.7,15.1,27.0,0.0,987.5,100,27.5667,72.0667,0.0
2024-04-11 07:00:00+05:30,65.0,115.8,48.0,25.6,12.1,23.0,0.0,988.3,100,27.5667,72.0667,4.111773961989515
2024-04-11 08:00:00+05:30,248.0,341.9,126.0,28.9,4.1,18.0,0.0,989.1,100,27.5667,72.0667,19.757739461372598
2024-04-11 09:00:00+05:30,465.0,513.7,177.0,31.0,2.1,17.0,0.0,990.2,100,27.5667,72.0667,39.878480330391255
2024-04-11 10:00:00+05:30,664.0,618.4,212.0,33.3,1.8,14.0,0.0,990.3,100,27.5667,72.0667,56.61036232858174
2024-04-11 11:00:00+05:30,816.0,678.7,235.0,35.8,4.0,12.0,0.0,989.9,100,27.5667,72.0667,70.08350629201479
2024-04-11 12:00:00+05:30,906.0,709.5,248.0,37.8,3.7,10.0,87.0,989.4,100,27.5667,72.0667,75.54584896896682
2024-04-11 13:00:00+05:30,922.0,711.5,253.0,39.0,4.6,9.0,92.0,988.5,100,27.5667,72.0667,75.27707596764836
2024-04-11 14:00:00+05:30,864.0,687.1,250.0,39.9,6.0,8.0,94.0,987.4,100,27.5667,72.0667,70.69298460782566
2024-04-11 15:00:00+05:30,719.0,594.3,249.0,40.6,4.9,7.0,99.0,986.4,100,27.5667,72.0667,58.88695250498335
2024-04-11 16:00:00+05:30,439.0,288.0,255.0,40.4,5.4,6.0,100.0,985.7,100,27.5667,72.0667,36.63999805416722
2024-04-11 17:00:00+05:30,190.0,82.6,153.0,39.7,6.4,7.0,100.0,985.6,100,27.5667,72.0667,15.09404670293562
2024-04-11 18:00:00+05:30,136.0,211.7,87.0,37.8,12.7,9.0,22.0,987.1,100,27.5667,72.0667,9.270106689749662
2024-04-11 19:00:00+05:30,12.0,12.2,11.0,35.7,18.9,10.0,2.0,987.1,100,27.5667,72.0667,0.3930343233085226
2024-04-11 20:00:00+05:30,0.0,0.0,0.0,34.6,17.2,11.0,1.0,987.5,100,27.5667,72.0667,0.0
2024-04-11 21:00:00+05:30,0.0,0.0,0.0,33.0,12.4,12.0,1.0,987.8,100,27.5667,72.0667,0.0
2024-04-11 22:00:00+05:30,0.0,0.0,0.0,31.2,11.4,13.0,9.0,988.0,100,27.5667,72.0667,0.0
2024-04-11 23:00:00+05:30,0.0,0.0,0.0,29.7,11.3,15.0,37.0,987.8,100,27.5667,72.0667,0.0
2024-04-12 00:00:00+05:30,0.0,0.0,0.0,28.6,12.5,17.0,8.0,987.7,100,27.5667,72.0667,0.0
2024-04-12 01:00:00+05:30,0.0,0.0,0.0,27.0,11.9,19.0,14.0,987.5,100,27.5667,72.0667,0.0
2024-04-12 02:00:00+05:30,0.0,0.0,0.0,26.6,15.4,19.0,0.0,986.8,100,27.5667,72.0667,0.0
2024-04-12 03:00:00+05:30,0.0,0.0,0.0,26.4,16.4,22.0,0.0,986.5,100,27.5667,72.0667,0.0
2024-04-12 04:00:00+05:30,0.0,0.0,0.0,26.3,17.6,26.0,0.0,986.4,100,27.5667,72.0667,0.0
2024-04-12 05:00:00+05:30,0.0,0.0,0.0,25.5,16.0,31.0,0.0,986.6,100,27.5667,72.0667,0.0
2024-04-12 06:00:00+05:30,0.0,0.0,0.0,26.7,17.7,40.0,26.0,988.3,100,27.5667,72.0667,0.0
2024-04-12 07:00:00+05:30,65.0,107.6,49.0,27.2,19.1,39.0,100.0,989.0,100,27.5667,72.0667,4.130400253321855
2024-04-12 08:00:00+05:30,231.0,258.0,138.0,29.6,19.3,35.0,100.0,989.4,100,27.5667,72.0667,18.04439631703605
2024-04-12 09:00:00+05:30,405.0,313.8,228.0,32.4,25.3,30.0,71.0,989.8,100,27.5667,72.0667,34.98416552387239
2024-04-12 10:00:00+05:30,632.0,545.0,232.0,35.2,25.3,25.0,100.0,989.6,100,27.5667,72.0667,54.831477107601096
2024-04-12 11:00:00+05:30,761.0,548.5,290.0,36.9,23.3,21.0,100.0,989.0,100,27.5667,72.0667,65.40403493421825
2024-04-12 12:00:00+05:30,842.0,569.0,313.0,38.0,21.0,18.0,92.0,988.4,100,27.5667,72.0667,73.7810408361474
2024-04-12 13:00:00+05:30,771.0,439.4,357.0,38.4,18.9,16.0,24.0,987.5,100,27.5667,72.0667,68.00005369652024
2024-04-12 14:00:00+05:30,800.0,594.1,268.0,39.1,17.0,15.0,66.0,986.5,100,27.5667,72.0667,67.4341124428398
2024-04-12 15:00:00+05:30,521.0,359.6,236.0,38.6,16.3,15.0,92.0,985.9,100,27.5667,72.0667,44.867705976285535
2024-04-12 16:00:00+05:30,346.0,181.1,230.0,37.9,17.3,16.0,68.0,985.2,100,27.5667,72.0667,29.244314115245384
2024-04-12 17:00:00+05:30,265.0,249.1,153.0,37.4,16.9,17.0,13.0,984.8,100,27.5667,72.0667,21.8533107488338
2024-04-12 18:00:00+05:30,79.0,81.5,60.0,32.4,24.3,30.0,89.0,987.7,100,27.5667,72.0667,5.593101922261583
2024-04-12 19:00:00+05:30,6.0,0.0,6.0,30.5,12.0,31.0,99.0,987.9,100,27.5667,72.0667,0.0
2024-04-12 20:00:00+05:30,0.0,0.0,0.0,31.4,1.8,33.0,92.0,987.9,100,27.5667,72.0667,0.0
2024-04-12 21:00:00+05:30,0.0,0.0,0.0,31.4,14.6,28.0,77.0,988.3,100,27.5667,72.0667,0.0
2024-04-12 22:00:00+05:30,0.0,0.0,0.0,31.4,17.8,27.0,76.0,987.8,100,27.5667,72.0667,0.0
2024-04-12 23:00:00+05:30,0.0,0.0,0.0,31.0,20.4,28.0,55.0,987.4,100,27.5667,72.0667,0.0
2024-04-13 00:00:00+05:30,0.0,0.0,0.0,30.7,17.8,28.0,100.0,987.0,100,27.5667,72.0667,0.0
2024-04-13 01:00:00+05:30,0.0,0.0,0.0,30.4,15.0,27.0,100.0,986.8,100,27.5667,72.0667,0.0
2024-04-13 02:00:00+05:30,0.0,0.0,0.0,31.1,17.9,25.0,100.0,986.2,100,27.5667,72.0667,0.0
2024-04-13 03:00:00+05:30,0.0,0.0,0.0,29.2,14.4,31.0,100.0,986.3,100,27.5667,72.0667,0.0
2024-04-13 04:00:00+05:30,0.0,0.0,0.0,28.5,11.0,31.0,100.0,985.5,100,27.5667,72.0667,0.0
2024-04-13 05:00:00+05:30,0.0,0.0,0.0,27.8,10.8,31.0,100.0,985.8,100,27.5667,72.0667,0.0
2024-04-13 06:00:00+05:30,0.0,0.0,0.0,27.0,16.2,38.0,100.0,986.7,100,27.5667,72.0667,0.0
2024-04-13 07:00:00+05:30,53.0,33.2,48.0,27.3,20.0,39.0,100.0,987.7,100,27.5667,72.0667,3.8660342746207164
2024-04-13 08:00:00+05:30,200.0,134.6,151.0,29.3,17.5,34.0,99.0,988.9,100,27.5667,72.0667,15.859486686019384
2024-04-13 09:00:00+05:30,254.0,81.1,208.0,30.0,11.2,33.0,87.0,989.2,100,27.5667,72.0667,21.4884028664904
2024-04-13 10:00:00+05:30,537.0,348.8,280.0,32.3,8.7,28.0,43.0,989.0,100,27.5667,72.0667,45.424532026579165
2024-04-13 11:00:00+05:30,737.0,524.9,285.0,34.8,10.9,23.0,20.0,988.3,100,27.5667,72.0667,64.10781409788794
2024-04-13 12:00:00+05:30,871.0,654.6,261.0,36.9,15.3,19.0,8.0,987.0,100,27.5667,72.0667,80.45831653899282
2024-04-13 13:00:00+05:30,875.0,659.8,252.0,38.0,19.6,18.0,88.0,986.0,100,27.5667,72.0667,75.96694069767334
2024-04-13 14:00:00+05:30,716.0,465.9,298.0,38.5,18.6,17.0,35.0,984.8,100,27.5667,72.0667,62.49891665379777
2024-04-13 15:00:00+05:30,563.0,374.0,266.0,38.0,27.8,17.0,72.0,984.1,100,27.5667,72.0667,49.730117683977944
2024-04-13 16:00:00+05:30,371.0,272.6,196.0,38.0,14.3,18.0,95.0,983.6,100,27.5667,72.0667,30.434418801652928
2024-04-13 17:00:00+05:30,232.0,226.0,130.0,37.7,18.6,17.0,100.0,983.4,100,27.5667,72.0667,18.172394628433103
2024-04-13 18:00:00+05:30,123.0,178.7,81.0,34.1,18.1,25.0,41.0,985.2,100,27.5667,72.0667,8.764339948007896
2024-04-13 19:00:00+05:30,11.0,11.9,10.0,28.3,40.2,48.0,95.0,986.3,100,27.5667,72.0667,0.32597638809517127
2024-04-13 20:00:00+05:30,0.0,0.0,0.0,26.6,30.2,54.0,83.0,987.1,100,27.5667,72.0667,0.0
2024-04-13 21:00:00+05:30,0.0,0.0,0.0,27.0,17.6,53.0,94.0,987.8,100,27.5667,72.0667,0.0
2024-04-13 22:00:00+05:30,0.0,0.0,0.0,26.8,26.1,51.0,99.0,988.0,100,27.5667,72.0667,0.0
2024-04-13 23:00:00+05:30,0.0,0.0,0.0,26.2,24.3,52.0,100.0,987.6,100,27.5667,72.0667,0.0
2024-04-14 00:00:00+05:30,0.0,0.0,0.0,26.1,20.5,52.0,100.0,988.1,100,27.5667,72.0667,0.0
2024-04-14 01:00:00+05:30,0.0,0.0,0.0,26.0,20.0,50.0,100.0,988.0,100,27.5667,72.0667,0.0
2024-04-14 02:00:00+05:30,0.0,0.0,0.0,25.5,18.1,50.0,100.0,988.1,100,27.5667,72.0667,0.0
2024-04-14 03:00:00+05:30,0.0,0.0,0.0,25.0,17.6,53.0,100.0,987.9,100,27.5667,72.0667,0.0
2024-04-14 04:00:00+05:30,0.0,0.0,0.0,24.8,12.9,53.0,100.0,988.0,100,27.5667,72.0667,0.0
2024-04-14 05:00:00+05:30,0.0,0.0,0.0,23.9,18.1,57.0,97.0,988.6,100,27.5667,72.0667,0.0
2024-04-14 06:00:00+05:30,0.0,0.0,0.0,22.4,16.9,72.0,100.0,989.5,100,27.5667,72.0667,0.0
2024-04-14 07:00:00+05:30,18.0,0.0,18.0,22.5,13.1,72.0,100.0,989.7,100,27.5667,72.0667,1.0976106575790008
2024-04-14 08:00:00+05:30,234.0,269.4,135.0,24.3,10.1,64.0,76.0,990.7,100,27.5667,72.0667,18.402612538751505
2024-04-14 09:00:00+05:30,436.0,426.0,193.0,26.6,9.5,55.0,100.0,991.4,100,27.5667,72.0667,36.090073571194246
2024-04-14 10:00:00+05:30,617.0,512.4,238.0,28.5,11.7,48.0,100.0,991.8,100,27.5667,72.0667,54.7620381885477
2024-04-14 11:00:00+05:30,693.0,393.7,353.0,29.9,13.2,44.0,100.0,991.4,100,27.5667,72.0667,62.18764625162168
2024-04-14 12:00:00+05:30,735.0,338.3,419.0,31.0,16.5,40.0,100.0,990.9,100,27.5667,72.0667,63.496759558154174
2024-04-14 13:00:00+05:30,786.0,428.1,381.0,31.9,19.1,37.0,100.0,990.3,100,27.5667,72.0667,68.56241228375472
2024-04-14 14:00:00+05:30,723.0,379.3,382.0,32.4,19.6,35.0,100.0,989.3,100,27.5667,72.0667,63.89873300264319
2024-04-14 15:00:00+05:30,589.0,295.3,354.0,32.5,21.4,35.0,100.0,988.8,100,27.5667,72.0667,50.6712011957582
2024-04-14 16:00:00+05:30,476.0,351.1,250.0,32.2,20.3,36.0,100.0,988.3,100,27.5667,72.0667,40.1156603739559
2024-04-14 17:00:00+05:30,260.0,130.3,201.0,31.9,19.7,37.0,100.0,988.6,100,27.5667,72.0667,21.0750541428677
2024-04-14 18:00:00+05:30,100.0,38.0,91.0,31.7,21.9,38.0,100.0,989.8,100,27.5667,72.0667,7.704021236678373
2024-04-14 19:00:00+05:30,8.0,0.0,8.0,30.8,19.0,40.0,100.0,990.5,100,27.5667,72.0667,0.14217782996241599
2024-04-14 20:00:00+05:30,0.0,0.0,0.0,30.3,15.6,41.0,100.0,991.2,100,27.5667,72.0667,0.0
2024-04-14 21:00:00+05:30,0.0,0.0,0.0,29.4,15.2,45.0,100.0,992.0,100,27.5667,72.0667,0.0
2024-04-14 22:00:00+05:30,0.0,0.0,0.0,28.2,14.1,50.0,100.0,992.3,100,27.5667,72.0667,0.0
2024-04-14 23:00:00+05:30,0.0,0.0,0.0,27.7,10.4,50.0,100.0,991.8,100,27.5667,72.0667,0.0
2024-04-15 00:00:00+05:30,0.0,0.0,0.0,26.8,12.6,55.0,100.0,991.3,100,27.5667,72.0667,0.0
2024-04-15 01:00:00+05:30,0.0,0.0,0.0,25.9,10.7,61.0,100.0,991.0,100,27.5667,72.0667,0.0
2024-04-15 02:00:00+05:30,0.0,0.0,0.0,25.5,4.7,62.0,100.0,990.6,100,27.5667,72.0667,0.0
2024-04-15 03:00:00+05:30,0.0,0.0,0.0,25.3,6.3,63.0,100.0,990.8,100,27.5667,72.0667,0.0
2024-04-15 04:00:00+05:30,0.0,0.0,0.0,24.8,7.4,65.0,100.0,990.6,100,27.5667,72.0667,0.0
2024-04-15 05:00:00+05:30,0.0,0.0,0.0,24.2,12.0,70.0,100.0,990.7,100,27.5667,72.0667,0.0
2024-04-15 06:00:00+05:30,1.0,0.0,1.0,24.5,17.6,70.0,100.0,991.0,100,27.5667,72.0667,0.0
2024-04-15 07:00:00+05:30,53.0,13.0,51.0,25.0,16.3,67.0,100.0,991.7,100,27.5667,72.0667,4.139553368803749
2024-04-15 08:00:00+05:30,167.0,51.2,148.0,26.2,19.7,60.0,100.0,992.5,100,27.5667,72.0667,14.186404867440721
2024-04-15 09:00:00+05:30,345.0,156.9,255.0,28.0,21.3,49.0,100.0,993.1,100,27.5667,72.0667,29.694632548320858
2024-04-15 10:00:00+05:30,478.0,183.2,342.0,29.3,23.0,43.0,100.0,992.9,100,27.5667,72.0667,42.16977498737008
2024-04-15 11:00:00+05:30,538.0,157.0,402.0,30.4,21.6,41.0,100.0,992.5,100,27.5667,72.0667,47.580451746461485
2024-04-15 12:00:00+05:30,688.0,301.2,406.0,32.1,22.9,35.0,100.0,991.7,100,27.5667,72.0667,61.13652084346167
2024-04-15 13:00:00+05:30,684.0,244.7,452.0,33.1,25.3,32.0,99.0,990.8,100,27.5667,72.0667,58.46597310603684
2024-04-15 14:00:00+05:30,618.0,253.2,390.0,34.1,29.3,28.0,44.0,989.6,100,27.5667,72.0667,54.88975022304072
2024-04-15 15:00:00+05:30,681.0,564.4,231.0,34.7,32.9,25.0,99.0,988.8,100,27.5667,72.0667,59.49830713318772
2024-04-15 16:00:00+05:30,512.0,452.6,220.0,34.4,32.4,26.0,85.0,988.3,100,27.5667,72.0667,44.07810328379863
2024-04-15 17:00:00+05:30,306.0,290.4,174.0,33.8,30.5,27.0,100.0,988.3,100,27.5667,72.0667,24.614771009402308
2024-04-15 18:00:00+05:30,116.0,88.0,95.0,32.7,23.6,30.0,100.0,989.9,100,27.5667,72.0667,8.499095232651397
2024-04-15 19:00:00+05:30,10.0,0.0,10.0,31.8,17.8,31.0,94.0,990.2,100,27.5667,72.0667,0.3112447269421349
2024-04-15 20:00:00+05:30,0.0,0.0,0.0,30.4,15.7,34.0,100.0,990.6,100,27.5667,72.0667,0.0
2024-04-15 21:00:00+05:30,0.0,0.0,0.0,30.1,19.4,34.0,100.0,991.1,100,27.5667,72.0667,0.0
2024-04-15 22:00:00+05:30,0.0,0.0,0.0,30.0,20.6,33.0,98.0,991.5,100,27.5667,72.0667,0.0
2024-04-15 23:00:00+05:30,0.0,0.0,0.0,29.3,16.6,34.0,97.0,991.5,100,27.5667,72.0667,0.0
2024-04-16 00:00:00+05:30,0.0,0.0,0.0,27.9,13.0,38.0,100.0,991.5,100,27.5667,72.0667,0.0
2024-04-16 01:00:00+05:30,0.0,0.0,0.0,27.1,11.9,40.0,100.0,991.0,100,27.5667,72.0667,0.0
2024-04-16 02:00:00+05:30,0.0,0.0,0.0,26.2,9.4,44.0,100.0,990.4,100,27.5667,72.0667,0.0
2024-04-16 03:00:00+05:30,0.0,0.0,0.0,25.3,7.8,47.0,100.0,990.0,100,27.5667,72.0667,0.0
2024-04-16 04:00:00+05:30,0.0,0.0,0.0,24.8,7.4,50.0,58.0,990.0,100,27.5667,72.0667,0.0
2024-04-16 05:00:00+05:30,0.0,0.0,0.0,23.7,6.9,56.0,100.0,990.5,100,27.5667,72.0667,0.0
2024-04-16 06:00:00+05:30,1.0,0.0,1.0,24.1,7.9,55.0,99.0,991.4,100,27.5667,72.0667,0.0
2024-04-16 07:00:00+05:30,64.0,44.9,57.0,25.5,4.5,51.0,52.0,991.7,100,27.5667,72.0667,4.642402337845882
2024-04-16 08:00:00+05:30,237.0,251.1,143.0,27.6,5.8,45.0,5.0,992.3,100,27.5667,72.0667,18.618513828216294
2024-04-16 09:00:00+05:30,460.0,480.4,183.0,29.8,6.9,38.0,15.0,992.5,100,27.5667,72.0667,38.93142977495134
2024-04-16 10:00:00+05:30,656.0,591.9,215.0,31.6,7.9,30.0,41.0,993.0,100,27.5667,72.0667,55.91948902298764
2024-04-16 11:00:00+05:30,787.0,611.4,256.0,33.2,10.3,24.0,40.0,992.6,100,27.5667,72.0667,67.58456527830613
2024-04-16 12:00:00+05:30,879.0,656.5,263.0,34.4,11.8,21.0,100.0,991.7,100,27.5667,72.0667,73.44587898173228
2024-04-16 13:00:00+05:30,867.0,581.2,315.0,35.1,12.3,20.0,100.0,990.9,100,27.5667,72.0667,74.47534760285713
2024-04-16 14:00:00+05:30,784.0,499.9,333.0,35.6,13.7,19.0,91.0,990.1,100,27.5667,72.0667,65.56748751994152
2024-04-16 15:00:00+05:30,668.0,474.5,289.0,35.8,14.6,18.0,96.0,989.3,100,27.5667,72.0667,55.70467463755143
2024-04-16 16:00:00+05:30,479.0,338.7,260.0,35.6,14.8,18.0,16.0,988.9,100,27.5667,72.0667,42.154753129818204
2024-04-16 17:00:00+05:30,334.0,396.8,153.0,35.3,14.1,17.0,4.0,989.0,100,27.5667,72.0667,27.067844695757454
2024-04-16 18:00:00+05:30,135.0,195.6,88.0,34.9,14.1,19.0,28.0,989.4,100,27.5667,72.0667,9.129848733031642
2024-04-16 19:00:00+05:30,14.0,11.6,13.0,33.6,14.1,21.0,62.0,989.7,100,27.5667,72.0667,0.5677585598145697
2024-04-16 20:00:00+05:30,0.0,0.0,0.0,32.5,14.0,22.0,60.0,990.2,100,27.5667,72.0667,0.0
2024-04-16 21:00:00+05:30,0.0,0.0,0.0,31.1,10.7,25.0,14.0,990.8,100,27.5667,72.0667,0.0
2024-04-16 22:00:00+05:30,0.0,0.0,0.0,30.0,9.7,27.0,50.0,991.1,100,27.5667,72.0667,0.0
2024-04-16 23:00:00+05:30,0.0,0.0,0.0,29.4,13.6,28.0,97.0,991.1,100,27.5667,72.0667,0.0
2024-04-17 00:00:00+05:30,0.0,0.0,0.0,29.1,15.9,31.0,100.0,990.6,100,27.5667,72.0667,0.0
2024-04-17 01:00:00+05:30,0.0,0.0,0.0,28.4,15.6,33.0,43.0,989.7,100,27.5667,72.0667,0.0
2024-04-17 02:00:00+05:30,0.0,0.0,0.0,27.0,12.1,37.0,84.0,989.1,100,27.5667,72.0667,0.0
2024-04-17 03:00:00+05:30,0.0,0.0,0.0,26.2,10.8,39.0,83.0,988.7,100,27.5667,72.0667,0.0
2024-04-17 04:00:00+05:30,0.0,0.0,0.0,25.6,10.4,42.0,100.0,988.8,100,27.5667,72.0667,0.0
2024-04-17 05:00:00+05:30,0.0,0.0,0.0,25.6,11.3,43.0,100.0,989.0,100,27.5667,72.0667,0.0
2024-04-17 06:00:00+05:30,1.0,0.0,1.0,24.8,11.6,45.0,9.0,989.3,100,27.5667,72.0667,0.0
2024-04-17 07:00:00+05:30,73.0,107.9,56.0,25.9,11.6,42.0,30.0,990.1,100,27.5667,72.0667,4.788410643497362
2024-04-17 08:00:00+05:30,250.0,309.8,133.0,28.1,11.3,37.0,98.0,990.9,100,27.5667,72.0667,18.848068149667935
2024-04-17 09:00:00+05:30,387.0,274.3,228.0,30.5,14.1,32.0,100.0,991.0,100,27.5667,72.0667,32.89121317939069
2024-04-17 10:00:00+05:30,495.0,234.0,320.0,32.3,11.6,27.0,79.0,991.0,100,27.5667,72.0667,41.10901851878159
2024-04-17 11:00:00+05:30,644.0,300.9,382.0,33.7,5.1,24.0,100.0,990.9,100,27.5667,72.0667,53.72353313734924
2024-04-17 12:00:00+05:30,626.0,187.2,450.0,34.6,9.7,21.0,100.0,990.7,100,27.5667,72.0667,52.70085624250295
2024-04-17 13:00:00+05:30,525.0,118.8,412.0,34.9,16.4,20.0,100.0,990.2,100,27.5667,72.0667,45.197845940728016
2024-04-17 14:00:00+05:30,203.0,4.4,199.0,33.5,21.9,22.0,100.0,989.2,100,27.5667,72.0667,16.707110074958656
2024-04-17 15:00:00+05:30,297.0,27.5,275.0,33.1,18.8,23.0,100.0,988.4,100,27.5667,72.0667,25.729041353869906
2024-04-17 16:00:00+05:30,120.0,0.0,120.0,32.4,13.0,24.0,100.0,988.0,100,27.5667,72.0667,9.588554019317638
2024-04-17 17:00:00+05:30,147.0,30.6,133.0,32.2,11.6,24.0,29.0,987.7,100,27.5667,72.0667,12.440874120596987
2024-04-17 18:00:00+05:30,51.0,0.0,51.0,33.3,10.4,22.0,100.0,987.6,100,27.5667,72.0667,3.7775604396788363
2024-04-17 19:00:00+05:30,6.0,0.0,6.0,32.3,14.1,24.0,32.0,987.5,100,27.5667,72.0667,0.0
2024-04-17 20:00:00+05:30,0.0,0.0,0.0,31.0,15.2,26.0,9.0,987.8,100,27.5667,72.0667,0.0
2024-04-17 21:00:00+05:30,0.0,0.0,0.0,29.7,14.6,28.0,9.0,988.1,100,27.5667,72.0667,0.0
2024-04-17 22:00:00+05:30,0.0,0.0,0.0,28.8,12.2,30.0,3.0,988.2,100,27.5667,72.0667,0.0
2024-04-17 23:00:00+05:30,0.0,0.0,0.0,27.5,9.3,33.0,2.0,988.1,100,27.5667,72.0667,0.0
2024-04-18 00:00:00+05:30,0.0,0.0,0.0,26.2,6.7,36.0,18.0,988.0,100,27.5667,72.0667,0.0
2024-04-18 01:00:00+05:30,0.0,0.0,0.0,25.6,8.0,36.0,25.0,987.5,100,27.5667,72.0667,0.0
2024-04-18 02:00:00+05:30,0.0,0.0,0.0,25.2,10.1,36.0,76.0,986.7,100,27.5667,72.0667,0.0
2024-04-18 03:00:00+05:30,0.0,0.0,0.0,24.8,11.6,36.0,91.0,986.3,100,27.5667,72.0667,0.0
2024-04-18 04:00:00+05:30,0.0,0.0,0.0,25.0,14.0,35.0,86.0,986.1,100,27.5667,72.0667,0.0
2024-04-18 05:00:00+05:30,0.0,0.0,0.0,25.0,15.3,33.0,90.0,986.2,100,27.5667,72.0667,0.0
2024-04-18 06:00:00+05:30,1.0,0.0,1.0,26.3,18.8,32.0,63.0,986.3,100,27.5667,72.0667,0.0
2024-04-18 07:00:00+05:30,73.0,100.3,57.0,27.6,15.0,32.0,69.0,986.8,100,27.5667,72.0667,4.838334192206735
2024-04-18 08:00:00+05:30,232.0,223.1,147.0,30.3,13.6,28.0,58.0,987.4,100,27.5667,72.0667,18.436478449255528
2024-04-18 09:00:00+05:30,453.0,448.1,192.0,31.4,16.2,26.0,11.0,987.7,100,27.5667,72.0667,38.84756989761399
2024-04-18 10:00:00+05:30,654.0,579.8,219.0,33.7,16.8,23.0,17.0,988.0,100,27.5667,72.0667,56.98599805510163
2024-04-18 11:00:00+05:30,769.0,584.2,259.0,35.3,20.8,22.0,64.0,987.6,100,27.5667,72.0667,66.95533051141545
2024-04-18 12:00:00+05:30,765.0,450.0,341.0,36.0,24.1,22.0,47.0,987.0,100,27.5667,72.0667,66.53004538142802
2024-04-18 13:00:00+05:30,787.0,525.6,286.0,36.5,32.6,21.0,79.0,986.8,100,27.5667,72.0667,68.4178759056813
2024-04-18 14:00:00+05:30,640.0,341.3,331.0,36.7,30.8,20.0,65.0,985.5,100,27.5667,72.0667,55.946957374493884
2024-04-18 15:00:00+05:30,561.0,304.3,317.0,36.1,32.6,22.0,100.0,985.1,100,27.5667,72.0667,47.737745152036
2024-04-18 16:00:00+05:30,279.0,67.7,235.0,32.6,47.4,31.0,100.0,986.1,100,27.5667,72.0667,23.987114247943687
2024-04-18 17:00:00+05:30,66.0,0.0,66.0,31.5,27.9,33.0,49.0,985.3,100,27.5667,72.0667,5.244314043226164
2024-04-18 18:00:00+05:30,70.0,32.8,62.0,31.8,30.0,31.0,61.0,985.2,100,27.5667,72.0667,5.2697774458043405
2024-04-18 19:00:00+05:30,12.0,11.3,11.0,30.0,24.3,40.0,46.0,985.0,100,27.5667,72.0667,0.4169606916805345
2024-04-18 20:00:00+05:30,0.0,0.0,0.0,29.4,24.9,39.0,32.0,985.4,100,27.5667,72.0667,0.0
2024-04-18 21:00:00+05:30,0.0,0.0,0.0,28.8,21.9,40.0,28.0,986.1,100,27.5667,72.0667,0.0
2024-04-18 22:00:00+05:30,0.0,0.0,0.0,27.8,21.5,49.0,0.0,986.4,100,27.5667,72.0667,0.0
2024-04-18 23:00:00+05:30,0.0,0.0,0.0,27.2,21.3,51.0,0.0,986.0,100,27.5667,72.0667,0.0
2024-04-19 00:00:00+05:30,0.0,0.0,0.0,26.6,19.5,51.0,0.0,985.6,100,27.5667,72.0667,0.0
2024-04-19 01:00:00+05:30,0.0,0.0,0.0,26.2,18.1,54.0,0.0,985.2,100,27.5667,72.0667,0.0
2024-04-19 02:00:00+05:30,0.0,0.0,0.0,25.6,15.9,58.0,0.0,984.5,100,27.5667,72.0667,0.0
2024-04-19 03:00:00+05:30,0.0,0.0,0.0,25.0,15.9,60.0,0.0,983.9,100,27.5667,72.0667,0.0
2024-04-19 04:00:00+05:30,0.0,0.0,0.0,25.0,18.4,62.0,0.0,983.9,100,27.5667,72.0667,0.0
2024-04-19 05:00:00+05:30,0.0,0.0,0.0,24.6,19.1,64.0,0.0,984.2,100,27.5667,72.0667,0.0
2024-04-19 06:00:00+05:30,2.0,0.0,2.0,24.8,23.0,64.0,0.0,984.4,100,27.5667,72.0667,0.0
2024-04-19 07:00:00+05:30,80.0,128.9,59.0,25.3,20.5,62.0,0.0,984.7,100,27.5667,72.0667,5.171037842992979
2024-04-19 08:00:00+05:30,265.0,333.2,137.0,26.5,27.2,57.0,0.0,985.2,100,27.5667,72.0667,20.790348029233755
2024-04-19 09:00:00+05:30,479.0,497.2,188.0,28.3,30.8,45.0,0.0,985.4,100,27.5667,72.0667,41.33634162571331
2024-04-19 10:00:00+05:30,676.0,601.8,223.0,30.3,32.9,36.0,0.0,985.3,100,27.5667,72.0667,61.54282907917652
2024-04-19 11:00:00+05:30,826.0,661.6,247.0,32.0,33.5,26.0,0.0,985.0,100,27.5667,72.0667,75.54399633070881
2024-04-19 12:00:00+05:30,909.0,689.6,258.0,33.3,32.2,22.0,0.0,984.4,100,27.5667,72.0667,81.12435447353663
2024-04-19 13:00:00+05:30,918.0,690.2,259.0,34.1,32.2,21.0,1.0,983.5,100,27.5667,72.0667,83.73102232278717
2024-04-19 14:00:00+05:30,856.0,668.3,250.0,34.9,32.2,19.0,2.0,982.5,100,27.5667,72.0667,77.17171156615034
2024-04-19 15:00:00+05:30,730.0,621.3,231.0,35.1,32.4,18.0,3.0,981.7,100,27.5667,72.0667,66.06138923423534
2024-04-19 16:00:00+05:30,551.0,539.1,200.0,34.7,31.9,21.0,4.0,981.0,100,27.5667,72.0667,48.64733533323051
2024-04-19 17:00:00+05:30,337.0,394.9,155.0,34.3,30.3,23.0,8.0,981.0,100,27.5667,72.0667,27.389356611984788
2024-04-19 18:00:00+05:30,136.0,187.4,90.0,33.0,27.4,24.0,18.0,982.3,100,27.5667,72.0667,9.49798080603242
2024-04-19 19:00:00+05:30,14.0,11.2,13.0,31.9,20.5,26.0,11.0,982.7,100,27.5667,72.0667,0.5827278018419683
2024-04-19 20:00:00+05:30,0.0,0.0,0.0,30.7,16.1,28.0,2.0,983.3,100,27.5667,72.0667,0.0
2024-04-19 21:00:00+05:30,0.0,0.0,0.0,29.5,13.5,31.0,3.0,984.1,100,27.5667,72.0667,0.0
2024-04-19 22:00:00+05:30,0.0,0.0,0.0,28.1,12.1,34.0,1.0,984.3,100,27.5667,72.0667,0.0
2024-04-19 23:00:00+05:30,0.0,0.0,0.0,27.0,11.2,39.0,2.0,984.5,100,27.5667,72.0667,0.0
2024-04-20 00:00:00+05:30,0.0,0.0,0.0,26.1,10.0,44.0,2.0,984.5,100,27.5667,72.0667,0.0
2024-04-20 01:00:00+05:30,0.0,0.0,0.0,25.1,9.8,49.0,0.0,984.2,100,27.5667,72.0667,0.0
2024-04-20 02:00:00+05:30,0.0,0.0,0.0,24.2,9.5,52.0,1.0,984.0,100,27.5667,72.0667,0.0
2024-04-20 03:00:00+05:30,0.0,0.0,0.0,23.3,7.9,56.0,0.0,984.0,100,27.5667,72.0667,0.0
2024-04-20 04:00:00+05:30,0.0,0.0,0.0,22.7,5.0,59.0,0.0,984.3,100,27.5667,72.0667,0.0
2024-04-20 05:00:00+05:30,0.0,0.0,0.0,22.6,4.2,59.0,0.0,984.7,100,27.5667,72.0667,0.0
2024-04-20 06:00:00+05:30,2.0,0.0,2.0,22.7,7.9,61.0,0.0,985.7,100,27.5667,72.0667,0.0
2024-04-20 07:00:00+05:30,80.0,120.3,60.0,23.9,7.7,55.0,0.0,986.3,100,27.5667,72.0667,5.29163091722952
2024-04-20 08:00:00+05:30,259.0,317.7,136.0,25.9,10.2,48.0,0.0,986.9,100,27.5667,72.0667,20.54628449480868
2024-04-20 09:00:00+05:30,467.0,474.5,188.0,27.9,11.5,43.0,0.0,987.6,100,27.5667,72.0667,40.42350432026777
2024-04-20 10:00:00+05:30,657.0,573.4,224.0,29.9,11.0,38.0,0.0,987.5,100,27.5667,72.0667,58.87352309474354
2024-04-20 11:00:00+05:30,802.0,631.6,248.0,31.5,7.7,32.0,65.0,987.1,100,27.5667,72.0667,66.78724591374639
2024-04-20 12:00:00+05:30,878.0,647.1,266.0,32.5,4.1,29.0,100.0,986.5,100,27.5667,72.0667,72.01619125095884
2024-04-20 13:00:00+05:30,854.0,601.2,279.0,33.6,3.5,26.0,100.0,985.7,100,27.5667,72.0667,70.26627677079533
2024-04-20 14:00:00+05:30,697.0,393.1,340.0,34.3,5.9,24.0,100.0,984.8,100,27.5667,72.0667,55.995200654098326
2024-04-20 15:00:00+05:30,615.0,412.7,283.0,34.7,5.6,22.0,62.0,983.9,100,27.5667,72.0667,51.775831083106326
2024-04-20 16:00:00+05:30,473.0,412.3,204.0,35.0,6.4,20.0,100.0,983.4,100,27.5667,72.0667,38.20205552311101
2024-04-20 17:00:00+05:30,235.0,181.7,151.0,34.5,12.6,21.0,100.0,983.4,100,27.5667,72.0667,18.469223152606403
2024-04-20 18:00:00+05:30,73.0,36.4,64.0,33.2,16.2,24.0,58.0,984.8,100,27.5667,72.0667,5.3185866920909834
2024-04-20 19:00:00+05:30,11.0,11.1,10.0,32.4,13.4,25.0,35.0,985.1,100,27.5667,72.0667,0.3075714287474663
2024-04-20 20:00:00+05:30,0.0,0.0,0.0,31.5,11.6,26.0,78.0,985.2,100,27.5667,72.0667,0.0
2024-04-20 21:00:00+05:30,0.0,0.0,0.0,30.2,8.7,28.0,97.0,985.8,100,27.5667,72.0667,0.0
2024-04-20 22:00:00+05:30,0.0,0.0,0.0,29.6,12.3,31.0,100.0,986.5,100,27.5667,72.0667,0.0
2024-04-20 23:00:00+05:30,0.0,0.0,0.0,28.4,11.8,34.0,100.0,986.2,100,27.5667,72.0667,0.0
2024-04-21 00:00:00+05:30,0.0,0.0,0.0,28.0,10.5,35.0,100.0,986.2,100,27.5667,72.0667,0.0
2024-04-21 01:00:00+05:30,0.0,0.0,0.0,26.9,10.8,38.0,94.0,985.5,100,27.5667,72.0667,0.0
2024-04-21 02:00:00+05:30,0.0,0.0,0.0,26.1,8.6,40.0,82.0,985.3,100,27.5667,72.0667,0.0
2024-04-21 03:00:00+05:30,0.0,0.0,0.0,25.8,9.7,40.0,98.0,985.2,100,27.5667,72.0667,0.0
2024-04-21 04:00:00+05:30,0.0,0.0,0.0,25.8,9.2,39.0,97.0,985.3,100,27.5667,72.0667,0.0
2024-04-21 05:00:00+05:30,0.0,0.0,0.0,25.5,10.6,40.0,99.0,985.7,100,27.5667,72.0667,0.0
2024-04-21 06:00:00+05:30,1.0,0.0,1.0,25.6,8.6,40.0,100.0,986.8,100,27.5667,72.0667,0.0
2024-04-21 07:00:00+05:30,65.0,47.2,57.0,26.2,9.5,39.0,41.0,987.3,100,27.5667,72.0667,4.655183096193501
2024-04-21 08:00:00+05:30,214.0,161.5,151.0,27.7,15.3,37.0,4.0,987.6,100,27.5667,72.0667,17.300559958084683
2024-04-21 09:00:00+05:30,457.0,438.5,198.0,30.2,17.9,31.0,9.0,988.2,100,27.5667,72.0667,39.56624955617824
2024-04-21 10:00:00+05:30,647.0,537.3,240.0,32.1,18.3,27.0,0.0,988.1,100,27.5667,72.0667,57.51502498794839
2024-04-21 11:00:00+05:30,799.0,611.9,261.0,33.4,13.4,25.0,35.0,987.8,100,27.5667,72.0667,70.11959308440755
2024-04-21 12:00:00+05:30,727.0,474.9,277.0,34.0,8.7,23.0,18.0,987.1,100,27.5667,72.0667,62.89799563080567
2024-04-21 13:00:00+05:30,800.0,547.0,276.0,34.7,5.4,22.0,31.0,986.3,100,27.5667,72.0667,68.21673489188957
2024-04-21 14:00:00+05:30,721.0,493.6,272.0,34.9,5.4,22.0,20.0,985.5,100,27.5667,72.0667,60.068607097446076
2024-04-21 15:00:00+05:30,639.0,479.0,253.0,35.2,7.1,21.0,26.0,984.6,100,27.5667,72.0667,53.48605538761583
2024-04-21 16:00:00+05:30,475.0,402.2,212.0,35.2,9.8,21.0,26.0,984.3,100,27.5667,72.0667,39.95289869299239
2024-04-21 17:00:00+05:30,288.0,282.4,157.0,34.8,13.3,21.0,26.0,984.0,100,27.5667,72.0667,23.381198775143474
2024-04-21 18:00:00+05:30,135.0,176.7,91.0,34.8,17.3,16.0,32.0,984.6,100,27.5667,72.0667,8.899102947411025
2024-04-21 19:00:00+05:30,16.0,22.0,14.0,33.6,13.4,17.0,27.0,984.8,100,27.5667,72.0667,0.658189188406779
2024-04-21 20:00:00+05:30,0.0,0.0,0.0,32.1,9.0,19.0,10.0,985.1,100,27.5667,72.0667,0.0
2024-04-21 21:00:00+05:30,0.0,0.0,0.0,30.8,10.4,20.0,1.0,985.6,100,27.5667,72.0667,0.0
2024-04-21 22:00:00+05:30,0.0,0.0,0.0,29.9,11.8,21.0,1.0,985.9,100,27.5667,72.0667,0.0
2024-04-21 23:00:00+05:30,0.0,0.0,0.0,29.3,11.5,21.0,2.0,985.9,100,27.5667,72.0667,0.0
2024-04-22 00:00:00+05:30,0.0,0.0,0.0,28.1,14.8,24.0,2.0,985.9,100,27.5667,72.0667,0.0
2024-04-22 01:00:00+05:30,0.0,0.0,0.0,27.2,14.5,26.0,8.0,985.7,100,27.5667,72.0667,0.0
2024-04-22 02:00:00+05:30,0.0,0.0,0.0,26.3,11.8,28.0,7.0,985.4,100,27.5667,72.0667,0.0
2024-04-22 03:00:00+05:30,0.0,0.0,0.0,25.3,9.8,30.0,5.0,985.3,100,27.5667,72.0667,0.0
2024-04-22 04:00:00+05:30,0.0,0.0,0.0,24.1,7.1,33.0,10.0,985.5,100,27.5667,72.0667,0.0
2024-04-22 05:00:00+05:30,0.0,0.0,0.0,23.8,6.8,34.0,15.0,985.9,100,27.5667,72.0667,0.0
2024-04-22 06:00:00+05:30,3.0,0.0,3.0,23.9,9.1,34.0,24.0,986.7,100,27.5667,72.0667,0.0
2024-04-22 07:00:00+05:30,76.0,92.6,60.0,25.7,9.9,31.0,24.0,987.3,100,27.5667,72.0667,5.0182161644798065
2024-04-22 08:00:00+05:30,249.0,277.3,140.0,28.3,11.2,27.0,2.0,988.1,100,27.5667,72.0667,19.591164908935433
2024-04-22 09:00:00+05:30,470.0,465.2,194.0,31.4,13.0,22.0,0.0,988.8,100,27.5667,72.0667,39.74837174955879
2024-04-22 10:00:00+05:30,666.0,572.6,231.0,33.4,11.0,19.0,0.0,988.7,100,27.5667,72.0667,58.22549273998497
2024-04-22 11:00:00+05:30,814.0,633.3,256.0,34.7,6.5,17.0,1.0,988.5,100,27.5667,72.0667,70.222721893755
2024-04-22 12:00:00+05:30,898.0,661.6,270.0,35.5,2.0,15.0,1.0,988.0,100,27.5667,72.0667,74.12070638518375
2024-04-22 13:00:00+05:30,911.0,666.0,272.0,36.3,3.1,14.0,2.0,987.0,100,27.5667,72.0667,75.9203381638476
2024-04-22 14:00:00+05:30,855.0,651.0,262.0,37.0,7.4,13.0,6.0,986.1,100,27.5667,72.0667,71.1358239028107
2024-04-22 15:00:00+05:30,722.0,592.2,244.0,37.3,10.8,12.0,7.0,985.0,100,27.5667,72.0667,61.31593712591951
2024-04-22 16:00:00+05:30,533.0,488.4,213.0,37.2,12.1,12.0,27.0,984.4,100,27.5667,72.0667,44.2670038520769
2024-04-22 17:00:00+05:30,313.0,322.3,163.0,36.5,10.1,13.0,1.0,984.2,100,27.5667,72.0667,24.187770949541196
2024-04-22 18:00:00+05:30,140.0,183.4,94.0,35.4,14.8,13.0,4.0,985.2,100,27.5667,72.0667,9.475844116579902
2024-04-22 19:00:00+05:30,16.0,21.8,14.0,34.0,9.8,14.0,11.0,985.6,100,27.5667,72.0667,0.6414103291299321
2024-04-22 20:00:00+05:30,0.0,0.0,0.0,32.7,10.5,15.0,13.0,986.1,100,27.5667,72.0667,0.0
2024-04-22 21:00:00+05:30,0.0,0.0,0.0,31.7,11.4,17.0,30.0,986.7,100,27.5667,72.0667,0.0
2024-04-22 22:00:00+05:30,0.0,0.0,0.0,30.9,12.6,18.0,4.0,987.0,100,27.5667,72.0667,0.0
2024-04-22 23:00:00+05:30,0.0,0.0,0.0,29.4,10.1,20.0,6.0,986.7,100,27.5667,72.0667,0.0
2024-04-23 00:00:00+05:30,0.0,0.0,0.0,28.7,11.7,21.0,0.0,986.1,100,27.5667,72.0667,0.0
2024-04-23 01:00:00+05:30,0.0,0.0,0.0,27.9,13.0,22.0,0.0,985.6,100,27.5667,72.0667,0.0
2024-04-23 02:00:00+05:30,0.0,0.0,0.0,26.4,10.7,24.0,10.0,985.1,100,27.5667,72.0667,0.0
2024-04-23 03:00:00+05:30,0.0,0.0,0.0,25.0,7.3,27.0,2.0,985.0,100,27.5667,72.0667,0.0
2024-04-23 04:00:00+05:30,0.0,0.0,0.0,26.6,3.3,23.0,0.0,985.0,100,27.5667,72.0667,0.0
2024-04-23 05:00:00+05:30,0.0,0.0,0.0,23.9,12.3,28.0,0.0,985.3,100,27.5667,72.0667,0.0
2024-04-23 06:00:00+05:30,3.0,0.0,3.0,23.9,10.0,30.0,0.0,986.2,100,27.5667,72.0667,0.0
2024-04-23 07:00:00+05:30,88.0,125.0,66.0,25.1,7.5,29.0,0.0,986.9,100,27.5667,72.0667,5.70288960698737
2024-04-23 08:00:00+05:30,271.0,323.3,143.0,27.0,10.0,26.0,0.0,987.8,100,27.5667,72.0667,20.65444403593053
2024-04-23 09:00:00+05:30,482.0,478.4,197.0,28.9,8.9,24.0,0.0,988.4,100,27.5667,72.0667,41.555332558730825
2024-04-23 10:00:00+05:30,673.0,576.2,234.0,31.1,5.3,21.0,0.0,988.6,100,27.5667,72.0667,57.45214668933216
2024-04-23 11:00:00+05:30,819.0,634.2,259.0,33.3,2.6,18.0,0.0,988.4,100,27.5667,72.0667,68.96228443493818
2024-04-23 12:00:00+05:30,904.0,663.6,273.0,35.1,2.5,15.0,0.0,987.8,100,27.5667,72.0667,73.69970537827018
2024-04-23 13:00:00+05:30,918.0,670.3,274.0,36.5,5.2,13.0,0.0,986.9,100,27.5667,72.0667,74.11416120292724
2024-04-23 14:00:00+05:30,861.0,654.4,264.0,37.5,10.1,10.0,0.0,985.8,100,27.5667,72.0667,72.24902325149668
2024-04-23 15:00:00+05:30,738.0,609.8,245.0,37.7,13.6,10.0,0.0,984.8,100,27.5667,72.0667,62.337597819010504
2024-04-23 16:00:00+05:30,559.0,528.5,212.0,37.5,14.7,10.0,0.0,984.4,100,27.5667,72.0667,46.17495848632674
2024-04-23 17:00:00+05:30,348.0,394.0,164.0,37.1,18.4,10.0,0.0,984.0,100,27.5667,72.0667,27.217379349626242
2024-04-23 18:00:00+05:30,145.0,194.1,96.0,36.3,13.4,10.0,0.0,984.5,100,27.5667,72.0667,9.319654794623013
2024-04-23 19:00:00+05:30,17.0,21.5,15.0,34.5,10.5,11.0,0.0,984.3,100,27.5667,72.0667,0.7471556667045626
2024-04-23 20:00:00+05:30,0.0,0.0,0.0,33.1,14.7,13.0,0.0,984.5,100,27.5667,72.0667,0.0
2024-04-23 21:00:00+05:30,0.0,0.0,0.0,31.9,13.7,16.0,0.0,985.1,100,27.5667,72.0667,0.0
2024-04-23 22:00:00+05:30,0.0,0.0,0.0,30.7,12.6,17.0,0.0,985.5,100,27.5667,72.0667,0.0
2024-04-23 23:00:00+05:30,0.0,0.0,0.0,30.1,16.6,18.0,0.0,985.6,100,27.5667,72.0667,0.0
2024-04-24 00:00:00+05:30,0.0,0.0,0.0,28.8,16.3,21.0,0.0,985.4,100,27.5667,72.0667,0.0
2024-04-24 01:00:00+05:30,0.0,0.0,0.0,27.8,13.7,23.0,0.0,984.8,100,27.5667,72.0667,0.0
2024-04-24 02:00:00+05:30,0.0,0.0,0.0,26.7,11.8,25.0,0.0,984.4,100,27.5667,72.0667,0.0
2024-04-24 03:00:00+05:30,0.0,0.0,0.0,25.7,10.2,26.0,0.0,984.4,100,27.5667,72.0667,0.0
2024-04-24 04:00:00+05:30,0.0,0.0,0.0,25.3,12.9,26.0,0.0,984.5,100,27.5667,72.0667,0.0
2024-04-24 05:00:00+05:30,0.0,0.0,0.0,24.5,11.8,27.0,0.0,984.8,100,27.5667,72.0667,0.0
2024-04-24 06:00:00+05:30,3.0,0.0,3.0,25.1,13.1,27.0,0.0,985.6,100,27.5667,72.0667,0.0
2024-04-24 07:00:00+05:30,89.0,122.8,67.0,26.4,13.0,24.0,0.0,986.5,100,27.5667,72.0667,5.772351969459747
2024-04-24 08:00:00+05:30,271.0,318.5,144.0,28.8,13.5,21.0,0.0,987.1,100,27.5667,72.0667,20.830038849454883
2024-04-24 09:00:00+05:30,481.0,473.1,198.0,31.9,16.0,18.0,0.0,987.7,100,27.5667,72.0667,41.62633473084614
2024-04-24 10:00:00+05:30,674.0,573.3,236.0,35.1,17.6,15.0,0.0,987.6,100,27.5667,72.0667,57.68979462349219
2024-04-24 11:00:00+05:30,821.0,632.9,261.0,36.9,14.5,13.0,0.0,987.4,100,27.5667,72.0667,70.32980043600774
2024-04-24 12:00:00+05:30,905.0,661.5,275.0,37.9,7.4,11.0,0.0,986.8,100,27.5667,72.0667,74.89959800313088
2024-04-24 13:00:00+05:30,917.0,666.2,276.0,38.5,3.3,10.0,5.0,986.0,100,27.5667,72.0667,72.54023805171543
2024-04-24 14:00:00+05:30,850.0,634.9,270.0,39.0,1.8,9.0,0.0,985.0,100,27.5667,72.0667,67.64880086610445
2024-04-24 15:00:00+05:30,732.0,600.1,246.0,39.7,2.4,8.0,59.0,983.9,100,27.5667,72.0667,57.740101302633406
2024-04-24 16:00:00+05:30,499.0,396.7,238.0,40.3,5.4,6.0,71.0,982.9,100,27.5667,72.0667,40.1356935529698
2024-04-24 17:00:00+05:30,212.0,96.1,167.0,38.9,16.4,9.0,79.0,982.7,100,27.5667,72.0667,16.19849626104747
2024-04-24 18:00:00+05:30,130.0,153.4,91.0,38.6,11.8,8.0,36.0,983.8,100,27.5667,72.0667,8.793153609538429
2024-04-24 19:00:00+05:30,17.0,21.3,15.0,35.4,6.6,11.0,7.0,984.1,100,27.5667,72.0667,0.7436771230267892
2024-04-24 20:00:00+05:30,0.0,0.0,0.0,34.3,11.7,12.0,7.0,984.5,100,27.5667,72.0667,0.0
2024-04-24 21:00:00+05:30,0.0,0.0,0.0,32.6,10.8,14.0,0.0,985.1,100,27.5667,72.0667,0.0
2024-04-24 22:00:00+05:30,0.0,0.0,0.0,31.9,13.3,15.0,0.0,985.7,100,27.5667,72.0667,0.0
2024-04-24 23:00:00+05:30,0.0,0.0,0.0,31.0,12.8,15.0,0.0,985.5,100,27.5667,72.0667,0.0
2024-04-25 00:00:00+05:30,0.0,0.0,0.0,29.8,14.2,16.0,0.0,985.4,100,27.5667,72.0667,0.0
2024-04-25 01:00:00+05:30,0.0,0.0,0.0,29.8,19.8,16.0,3.0,985.0,100,27.5667,72.0667,0.0
2024-04-25 02:00:00+05:30,0.0,0.0,0.0,29.7,20.3,16.0,82.0,984.7,100,27.5667,72.0667,0.0
2024-04-25 03:00:00+05:30,0.0,0.0,0.0,28.8,18.3,17.0,99.0,984.8,100,27.5667,72.0667,0.0
2024-04-25 04:00:00+05:30,0.0,0.0,0.0,27.8,18.2,19.0,100.0,985.1,100,27.5667,72.0667,0.0
2024-04-25 05:00:00+05:30,0.0,0.0,0.0,27.6,21.2,19.0,97.0,985.6,100,27.5667,72.0667,0.0
2024-04-25 06:00:00+05:30,3.0,0.0,3.0,27.8,20.9,21.0,96.0,986.3,100,27.5667,72.0667,0.0
2024-04-25 07:00:00+05:30,82.0,87.8,66.0,29.1,20.6,19.0,92.0,986.8,100,27.5667,72.0667,5.499277568532738
2024-04-25 08:00:00+05:30,254.0,256.6,151.0,30.7,19.8,18.0,92.0,987.2,100,27.5667,72.0667,19.215754190366525
2024-04-25 09:00:00+05:30,449.0,389.6,215.0,33.6,21.8,16.0,49.0,987.4,100,27.5667,72.0667,37.598937415954964
2024-04-25 10:00:00+05:30,653.0,524.8,251.0,35.7,22.3,16.0,34.0,987.6,100,27.5667,72.0667,55.62747626991318
2024-04-25 11:00:00+05:30,810.0,619.2,261.0,37.5,18.6,14.0,100.0,987.1,100,27.5667,72.0667,68.23202516871204
2024-04-25 12:00:00+05:30,856.0,538.8,342.0,38.8,15.8,13.0,87.0,986.3,100,27.5667,72.0667,71.6611851420693
2024-04-25 13:00:00+05:30,823.0,512.7,329.0,39.7,12.3,12.0,53.0,985.5,100,27.5667,72.0667,68.83933325241448
2024-04-25 14:00:00+05:30,806.0,561.8,292.0,40.4,13.6,11.0,70.0,984.4,100,27.5667,72.0667,66.17872666573042
2024-04-25 15:00:00+05:30,720.0,575.8,253.0,40.6,15.9,11.0,16.0,983.5,100,27.5667,72.0667,60.67126328914428
2024-04-25 16:00:00+05:30,541.0,492.9,216.0,40.3,16.9,11.0,8.0,983.0,100,27.5667,72.0667,43.90568446201921
2024-04-25 17:00:00+05:30,340.0,372.3,165.0,39.7,15.5,11.0,7.0,982.4,100,27.5667,72.0667,26.10855858947528
2024-04-25 18:00:00+05:30,140.0,171.9,96.0,38.9,18.1,12.0,8.0,983.1,100,27.5667,72.0667,9.249318357826356
2024-04-25 19:00:00+05:30,17.0,21.1,15.0,37.0,13.9,13.0,7.0,983.0,100,27.5667,72.0667,0.7161165702115326
2024-04-25 20:00:00+05:30,0.0,0.0,0.0,35.1,10.7,15.0,4.0,983.6,100,27.5667,72.0667,0.0
2024-04-25 21:00:00+05:30,0.0,0.0,0.0,33.8,12.9,16.0,4.0,984.2,100,27.5667,72.0667,0.0
2024-04-25 22:00:00+05:30,0.0,0.0,0.0,32.9,13.0,17.0,13.0,984.6,100,27.5667,72.0667,0.0
2024-04-25 23:00:00+05:30,0.0,0.0,0.0,31.8,13.7,19.0,28.0,984.5,100,27.5667,72.0667,0.0
2024-04-26 00:00:00+05:30,0.0,0.0,0.0,31.1,15.9,18.0,22.0,984.2,100,27.5667,72.0667,0.0
2024-04-26 01:00:00+05:30,0.0,0.0,0.0,30.5,14.0,19.0,6.0,983.8,100,27.5667,72.0667,0.0
2024-04-26 02:00:00+05:30,0.0,0.0,0.0,31.3,27.2,19.0,11.0,983.5,100,27.5667,72.0667,0.0
2024-04-26 03:00:00+05:30,0.0,0.0,0.0,30.1,23.4,21.0,21.0,983.6,100,27.5667,72.0667,0.0
2024-04-26 04:00:00+05:30,0.0,0.0,0.0,29.2,20.0,22.0,26.0,983.6,100,27.5667,72.0667,0.0
2024-04-26 05:00:00+05:30,0.0,0.0,0.0,28.2,18.7,23.0,19.0,984.0,100,27.5667,72.0667,0.0
2024-04-26 06:00:00+05:30,4.0,0.0,4.0,27.6,18.7,29.0,0.0,984.6,100,27.5667,72.0667,0.0
2024-04-26 07:00:00+05:30,92.0,124.2,69.0,28.3,15.5,34.0,0.0,984.8,100,27.5667,72.0667,5.791112575381366
2024-04-26 08:00:00+05:30,274.0,316.7,146.0,30.3,15.9,36.0,0.0,985.5,100,27.5667,72.0667,20.879044689347566
2024-04-26 09:00:00+05:30,482.0,469.4,199.0,32.6,17.8,34.0,0.0,985.8,100,27.5667,72.0667,40.39081806595055
2024-04-26 10:00:00+05:30,671.0,565.0,237.0,34.8,18.1,27.0,0.0,985.7,100,27.5667,72.0667,57.34966342101537
2024-04-26 11:00:00+05:30,815.0,622.5,262.0,36.5,21.9,18.0,0.0,985.2,100,27.5667,72.0667,72.00926981382536
2024-04-26 12:00:00+05:30,892.0,644.7,276.0,37.4,25.1,14.0,3.0,984.7,100,27.5667,72.0667,77.97241340670625
2024-04-26 13:00:00+05:30,908.0,647.7,283.0,38.1,25.6,14.0,6.0,984.0,100,27.5667,72.0667,76.72075168590239
2024-04-26 14:00:00+05:30,842.0,617.9,276.0,38.4,27.0,13.0,9.0,983.0,100,27.5667,72.0667,73.00094550593374
2024-04-26 15:00:00+05:30,706.0,557.7,253.0,38.4,26.8,15.0,7.0,982.3,100,27.5667,72.0667,61.862271451986665
2024-04-26 16:00:00+05:30,536.0,484.4,216.0,38.3,25.3,15.0,2.0,981.6,100,27.5667,72.0667,44.981152515455406
2024-04-26 17:00:00+05:30,334.0,360.6,164.0,37.8,25.8,15.0,8.0,981.3,100,27.5667,72.0667,26.234661814856654
2024-04-26 18:00:00+05:30,144.0,182.4,97.0,36.1,24.0,16.0,3.0,982.3,100,27.5667,72.0667,9.315112776698124
2024-04-26 19:00:00+05:30,18.0,20.9,16.0,34.7,16.5,18.0,1.0,982.6,100,27.5667,72.0667,0.8382443906499552
2024-04-26 20:00:00+05:30,0.0,0.0,0.0,33.7,19.8,20.0,3.0,983.4,100,27.5667,72.0667,0.0
2024-04-26 21:00:00+05:30,0.0,0.0,0.0,33.2,18.0,20.0,27.0,984.0,100,27.5667,72.0667,0.0
2024-04-26 22:00:00+05:30,0.0,0.0,0.0,33.1,20.5,20.0,22.0,984.5,100,27.5667,72.0667,0.0
2024-04-26 23:00:00+05:30,0.0,0.0,0.0,31.7,12.4,21.0,5.0,984.5,100,27.5667,72.0667,0.0
2024-04-27 00:00:00+05:30,0.0,0.0,0.0,29.7,13.9,24.0,16.0,984.4,100,27.5667,72.0667,0.0
2024-04-27 01:00:00+05:30,0.0,0.0,0.0,28.4,9.1,24.0,19.0,983.8,100,27.5667,72.0667,0.0
2024-04-27 02:00:00+05:30,0.0,0.0,0.0,27.5,10.8,25.0,0.0,984.0,100,27.5667,72.0667,0.0
2024-04-27 03:00:00+05:30,0.0,0.0,0.0,26.3,9.2,27.0,0.0,983.5,100,27.5667,72.0667,0.0
2024-04-27 04:00:00+05:30,0.0,0.0,0.0,26.1,13.2,28.0,0.0,983.6,100,27.5667,72.0667,0.0
2024-04-27 05:00:00+05:30,0.0,0.0,0.0,25.8,15.6,30.0,0.0,983.9,100,27.5667,72.0667,0.0
2024-04-27 06:00:00+05:30,4.0,0.0,4.0,23.3,8.6,51.0,0.0,987.0,100,27.5667,72.0667,0.0
2024-04-27 07:00:00+05:30,91.0,116.9,69.0,24.7,10.5,47.0,0.0,987.7,100,27.5667,72.0667,5.976475458987192
2024-04-27 08:00:00+05:30,268.0,297.5,147.0,26.8,13.2,42.0,0.0,988.3,100,27.5667,72.0667,20.65363635572752
2024-04-27 09:00:00+05:30,472.0,446.1,202.0,29.2,14.7,35.0,3.0,988.4,100,27.5667,72.0667,39.88449733515852
2024-04-27 10:00:00+05:30,655.0,535.0,243.0,31.1,12.4,29.0,0.0,988.3,100,27.5667,72.0667,56.613185636557006
2024-04-27 11:00:00+05:30,800.0,600.0,266.0,32.8,9.4,25.0,0.0,987.9,100,27.5667,72.0667,68.81816294253314
2024-04-27 12:00:00+05:30,881.0,629.1,279.0,34.1,6.2,23.0,22.0,987.4,100,27.5667,72.0667,71.9836004941754
2024-04-27 13:00:00+05:30,821.0,536.1,303.0,35.1,8.4,20.0,9.0,986.8,100,27.5667,72.0667,69.7933642005331
2024-04-27 14:00:00+05:30,798.0,569.1,276.0,36.0,10.3,19.0,4.0,985.8,100,27.5667,72.0667,65.77143580431431
2024-04-27 15:00:00+05:30,698.0,549.5,251.0,36.9,13.7,18.0,10.0,984.8,100,27.5667,72.0667,60.46270790699728
2024-04-27 16:00:00+05:30,518.0,450.2,220.0,36.6,19.5,17.0,4.0,984.3,100,27.5667,72.0667,43.73517041933216
2024-04-27 17:00:00+05:30,333.0,353.1,166.0,36.1,19.2,17.0,2.0,984.1,100,27.5667,72.0667,25.85452714022392
2024-04-27 18:00:00+05:30,142.0,173.4,97.0,35.7,12.4,17.0,24.0,985.0,100,27.5667,72.0667,9.405474621349883
2024-04-27 19:00:00+05:30,18.0,20.7,16.0,34.6,10.9,18.0,22.0,985.1,100,27.5667,72.0667,0.8181274414927441
2024-04-27 20:00:00+05:30,0.0,0.0,0.0,33.3,8.9,20.0,31.0,985.7,100,27.5667,72.0667,0.0
2024-04-27 21:00:00+05:30,0.0,0.0,0.0,32.4,12.8,21.0,15.0,986.3,100,27.5667,72.0667,0.0
2024-04-27 22:00:00+05:30,0.0,0.0,0.0,31.7,16.4,22.0,11.0,986.6,100,27.5667,72.0667,0.0
2024-04-27 23:00:00+05:30,0.0,0.0,0.0,30.9,20.4,23.0,23.0,986.8,100,27.5667,72.0667,0.0
2024-04-28 00:00:00+05:30,0.0,0.0,0.0,29.7,15.7,26.0,33.0,986.6,100,27.5667,72.0667,0.0
2024-04-28 01:00:00+05:30,0.0,0.0,0.0,28.4,12.6,29.0,84.0,986.3,100,27.5667,72.0667,0.0
2024-04-28 02:00:00+05:30,0.0,0.0,0.0,27.4,11.6,31.0,73.0,985.9,100,27.5667,72.0667,0.0
2024-04-28 03:00:00+05:30,0.0,0.0,0.0,26.9,11.6,32.0,99.0,985.5,100,27.5667,72.0667,0.0
2024-04-28 04:00:00+05:30,0.0,0.0,0.0,26.1,9.8,33.0,98.0,985.4,100,27.5667,72.0667,0.0
2024-04-28 05:00:00+05:30,0.0,0.0,0.0,25.1,7.9,36.0,95.0,985.9,100,27.5667,72.0667,0.0
2024-04-28 06:00:00+05:30,4.0,0.0,4.0,25.3,8.7,36.0,99.0,987.3,100,27.5667,72.0667,0.0
2024-04-28 07:00:00+05:30,88.0,78.5,73.0,26.5,4.2,34.0,99.0,987.9,100,27.5667,72.0667,5.921066645141089
2024-04-28 08:00:00+05:30,257.0,241.8,158.0,28.8,9.8,29.0,11.0,988.5,100,27.5667,72.0667,20.124296294979576
2024-04-28 09:00:00+05:30,473.0,444.5,203.0,31.1,2.6,26.0,66.0,988.7,100,27.5667,72.0667,38.26656893092432
2024-04-28 10:00:00+05:30,656.0,529.8,247.0,33.3,2.9,22.0,89.0,988.5,100,27.5667,72.0667,52.87233468049465
2024-04-28 11:00:00+05:30,788.0,561.9,287.0,35.1,5.1,19.0,96.0,988.2,100,27.5667,72.0667,62.283873525544955
2024-04-28 12:00:00+05:30,810.0,497.8,333.0,36.4,9.0,17.0,15.0,987.6,100,27.5667,72.0667,68.39562503219665
2024-04-28 13:00:00+05:30,793.0,522.0,288.0,37.6,12.6,16.0,33.0,986.9,100,27.5667,72.0667,65.8249151476666
2024-04-28 14:00:00+05:30,801.0,567.3,280.0,38.4,15.5,15.0,100.0,985.9,100,27.5667,72.0667,65.67323613377498
2024-04-28 15:00:00+05:30,537.0,270.0,317.0,38.2,18.4,15.0,100.0,985.0,100,27.5667,72.0667,43.92539233678781
2024-04-28 16:00:00+05:30,403.0,187.0,279.0,37.9,19.9,15.0,86.0,984.6,100,27.5667,72.0667,32.793102570913106
2024-04-28 17:00:00+05:30,292.0,210.8,192.0,37.5,17.6,16.0,62.0,984.2,100,27.5667,72.0667,22.747341500087952
2024-04-28 18:00:00+05:30,127.0,134.0,92.0,36.6,20.5,17.0,75.0,984.8,100,27.5667,72.0667,8.37774555781228
2024-04-28 19:00:00+05:30,15.0,10.3,14.0,35.5,14.8,19.0,57.0,985.0,100,27.5667,72.0667,0.6523159229696345
2024-04-28 20:00:00+05:30,0.0,0.0,0.0,34.3,10.2,20.0,64.0,985.5,100,27.5667,72.0667,0.0
2024-04-28 21:00:00+05:30,0.0,0.0,0.0,33.2,13.7,22.0,13.0,986.0,100,27.5667,72.0667,0.0
2024-04-28 22:00:00+05:30,0.0,0.0,0.0,32.1,16.7,22.0,2.0,986.5,100,27.5667,72.0667,0.0
2024-04-28 23:00:00+05:30,0.0,0.0,0.0,31.1,24.2,18.0,3.0,986.7,100,27.5667,72.0667,0.0
2024-04-29 00:00:00+05:30,0.0,0.0,0.0,29.8,14.8,16.0,8.0,986.3,100,27.5667,72.0667,0.0
2024-04-29 01:00:00+05:30,0.0,0.0,0.0,28.6,10.7,17.0,11.0,985.8,100,27.5667,72.0667,0.0
2024-04-29 02:00:00+05:30,0.0,0.0,0.0,27.5,9.4,18.0,2.0,985.5,100,27.5667,72.0667,0.0
2024-04-29 03:00:00+05:30,0.0,0.0,0.0,26.3,8.9,20.0,8.0,985.3,100,27.5667,72.0667,0.0
2024-04-29 04:00:00+05:30,0.0,0.0,0.0,25.7,10.4,21.0,41.0,985.6,100,27.5667,72.0667,0.0
2024-04-29 05:00:00+05:30,0.0,0.0,0.0,25.1,10.7,22.0,11.0,986.4,100,27.5667,72.0667,0.0
2024-04-29 06:00:00+05:30,4.0,0.0,4.0,25.0,7.5,26.0,49.0,987.3,100,27.5667,72.0667,0.0
2024-04-29 07:00:00+05:30,72.0,72.2,58.0,25.9,5.0,26.0,20.0,988.0,100,27.5667,72.0667,4.70511556513125
2024-04-29 08:00:00+05:30,248.0,250.1,145.0,27.6,4.2,26.0,1.0,988.1,100,27.5667,72.0667,18.77799242673399
2024-04-29 09:00:00+05:30,473.0,434.7,208.0,29.9,5.4,23.0,0.0,988.7,100,27.5667,72.0667,39.01708939202419
2024-04-29 10:00:00+05:30,668.0,545.3,246.0,32.0,12.1,19.0,0.0,988.7,100,27.5667,72.0667,55.939715765148115
2024-04-29 11:00:00+05:30,813.0,602.3,275.0,33.6,19.9,16.0,0.0,988.7,100,27.5667,72.0667,71.74697616793496
2024-04-29 12:00:00+05:30,899.0,634.6,290.0,34.7,22.7,13.0,0.0,988.0,100,27.5667,72.0667,80.44414563359139
2024-04-29 13:00:00+05:30,921.0,647.3,294.0,35.4,26.3,9.0,0.0,987.4,100,27.5667,72.0667,79.06793817477768
2024-04-29 14:00:00+05:30,871.0,637.3,285.0,35.6,28.2,7.0,0.0,986.6,100,27.5667,72.0667,74.78899168050908
2024-04-29 15:00:00+05:30,747.0,593.2,263.0,35.7,26.7,8.0,0.0,986.0,100,27.5667,72.0667,64.01121548884338
2024-04-29 16:00:00+05:30,565.0,510.1,226.0,35.7,26.1,9.0,0.0,985.6,100,27.5667,72.0667,47.738670263602025
2024-04-29 17:00:00+05:30,353.0,374.0,175.0,34.9,28.2,7.0,0.0,985.6,100,27.5667,72.0667,26.915355866077686
2024-04-29 18:00:00+05:30,152.0,182.5,104.0,34.8,11.2,8.0,0.0,986.3,100,27.5667,72.0667,9.875135267356226
2024-04-29 19:00:00+05:30,21.0,30.5,18.0,31.8,9.0,9.0,0.0,986.7,100,27.5667,72.0667,0.994083086580111
2024-04-29 20:00:00+05:30,0.0,0.0,0.0,30.4,11.3,8.0,0.0,987.5,100,27.5667,72.0667,0.0
2024-04-29 21:00:00+05:30,0.0,0.0,0.0,29.6,16.8,10.0,0.0,988.2,100,27.5667,72.0667,0.0
2024-04-29 22:00:00+05:30,0.0,0.0,0.0,28.4,16.4,7.0,0.0,988.3,100,27.5667,72.0667,0.0
2024-04-29 23:00:00+05:30,0.0,0.0,0.0,26.9,13.5,7.0,0.0,988.2,100,27.5667,72.0667,0.0
2024-04-30 00:00:00+05:30,0.0,0.0,0.0,25.7,13.2,8.0,0.0,987.7,100,27.5667,72.0667,0.0
2024-04-30 01:00:00+05:30,0.0,0.0,0.0,24.5,11.6,9.0,0.0,987.3,100,27.5667,72.0667,0.0
2024-04-30 02:00:00+05:30,0.0,0.0,0.0,23.6,6.8,11.0,0.0,987.0,100,27.5667,72.0667,0.0
2024-04-30 03:00:00+05:30,0.0,0.0,0.0,25.5,3.2,9.0,0.0,986.7,100,27.5667,72.0667,0.0
2024-04-30 04:00:00+05:30,0.0,0.0,0.0,21.5,8.3,13.0,0.0,986.5,100,27.5667,72.0667,0.0
2024-04-30 05:00:00+05:30,0.0,0.0,0.0,21.0,7.0,13.0,0.0,987.1,100,27.5667,72.0667,0.0
2024-04-30 06:00:00+05:30,6.0,0.0,6.0,20.7,9.7,15.0,0.0,988.3,100,27.5667,72.0667,0.0
2024-04-30 07:00:00+05:30,101.0,122.0,77.0,22.3,7.7,14.0,0.0,988.9,100,27.5667,72.0667,6.812821380775071
2024-04-30 08:00:00+05:30,289.0,313.8,159.0,25.7,7.2,12.0,0.0,989.2,100,27.5667,72.0667,21.54398271249702
2024-04-30 09:00:00+05:30,502.0,465.9,217.0,29.1,10.1,10.0,0.0,989.5,100,27.5667,72.0667,40.088789932366225
2024-04-30 10:00:00+05:30,695.0,563.4,258.0,31.4,11.3,9.0,0.0,988.9,100,27.5667,72.0667,57.620851785557754
2024-04-30 11:00:00+05:30,842.0,622.6,285.0,33.1,10.8,8.0,0.0,988.0,100,27.5667,72.0667,71.74280224602671
2024-04-30 12:00:00+05:30,926.0,652.5,299.0,34.4,13.9,7.0,0.0,987.2,100,27.5667,72.0667,78.986051549969
2024-04-30 13:00:00+05:30,938.0,657.9,300.0,35.4,17.6,7.0,0.0,986.2,100,27.5667,72.0667,82.62424808563232
2024-04-30 14:00:00+05:30,878.0,639.7,289.0,36.0,21.6,6.0,0.0,985.0,100,27.5667,72.0667,76.69932776629342
2024-04-30 15:00:00+05:30,751.0,594.9,265.0,35.9,23.9,7.0,0.0,984.2,100,27.5667,72.0667,63.494090765551725
2024-04-30 16:00:00+05:30,569.0,512.2,228.0,35.6,26.0,7.0,0.0,983.5,100,27.5667,72.0667,48.46320656560421
2024-04-30 17:00:00+05:30,356.0,377.0,176.0,34.8,25.7,8.0,0.0,982.9,100,27.5667,72.0667,27.185345759426767
2024-04-30 18:00:00+05:30,153.0,185.1,104.0,34.6,22.8,8.0,0.0,983.2,100,27.5667,72.0667,10.230880863253482
2024-04-30 19:00:00+05:30,21.0,30.3,18.0,32.7,18.3,9.0,0.0,983.6,100,27.5667,72.0667,1.0109908896677118
2024-04-30 20:00:00+05:30,0.0,0.0,0.0,31.0,17.9,11.0,0.0,984.0,100,27.5667,72.0667,0.0
2024-04-30 21:00:00+05:30,0.0,0.0,0.0,29.4,15.3,13.0,0.0,984.6,100,27.5667,72.0667,0.0
2024-04-30 22:00:00+05:30,0.0,0.0,0.0,28.3,20.2,14.0,0.0,985.1,100,27.5667,72.0667,0.0
2024-04-30 23:00:00+05:30,0.0,0.0,0.0,27.0,17.1,15.0,0.0,985.0,100,27.5667,72.0667,0.0
2024-05-01 00:00:00+05:30,0.0,0.0,0.0,25.5,11.9,18.0,0.0,984.7,100,27.5667,72.0667,0.0
2024-05-01 01:00:00+05:30,0.0,0.0,0.0,24.4,12.7,23.0,0.0,984.1,100,27.5667,72.0667,0.0
2024-05-01 02:00:00+05:30,0.0,0.0,0.0,23.1,11.6,28.0,0.0,983.5,100,27.5667,72.0667,0.0
2024-05-01 03:00:00+05:30,0.0,0.0,0.0,22.1,11.4,31.0,0.0,983.2,100,27.5667,72.0667,0.0
2024-05-01 04:00:00+05:30,0.0,0.0,0.0,20.6,8.3,35.0,0.0,983.4,100,27.5667,72.0667,0.0
2024-05-01 05:00:00+05:30,0.0,0.0,0.0,20.2,9.3,36.0,0.0,983.7,100,27.5667,72.0667,0.0
2024-05-01 06:00:00+05:30,6.0,0.0,6.0,20.4,8.5,45.0,0.0,984.8,100,27.5667,72.0667,0.0
2024-05-01 07:00:00+05:30,101.0,120.3,77.0,21.8,5.2,41.0,0.0,985.9,100,27.5667,72.0667,6.787743183096878
2024-05-01 08:00:00+05:30,285.0,307.2,157.0,24.0,6.1,36.0,0.0,986.3,100,27.5667,72.0667,22.15440674318255
2024-05-01 09:00:00+05:30,494.0,456.2,214.0,26.4,8.9,32.0,0.0,986.7,100,27.5667,72.0667,41.60256155782182
2024-05-01 10:00:00+05:30,684.0,553.2,254.0,28.4,8.0,27.0,0.0,986.7,100,27.5667,72.0667,58.23633173106353
2024-05-01 11:00:00+05:30,828.0,610.4,281.0,30.0,3.8,23.0,0.0,986.4,100,27.5667,72.0667,67.91915047135542
2024-05-01 12:00:00+05:30,911.0,640.2,295.0,31.4,2.6,18.0,0.0,985.8,100,27.5667,72.0667,74.89097640519236
2024-05-01 13:00:00+05:30,924.0,645.8,297.0,32.8,6.5,14.0,0.0,985.2,100,27.5667,72.0667,78.82040182248171
2024-05-01 14:00:00+05:30,863.0,626.0,286.0,33.6,10.4,12.0,0.0,984.5,100,27.5667,72.0667,71.8547674150611
2024-05-01 15:00:00+05:30,737.0,579.4,263.0,34.0,14.3,12.0,0.0,983.8,100,27.5667,72.0667,62.806914901450895
2024-05-01 16:00:00+05:30,558.0,497.7,226.0,34.0,15.0,12.0,0.0,983.5,100,27.5667,72.0667,47.727881039321794
2024-05-01 17:00:00+05:30,350.0,365.4,175.0,33.7,14.8,13.0,0.0,983.1,100,27.5667,72.0667,26.485761864389413
2024-05-01 18:00:00+05:30,151.0,176.4,104.0,33.0,15.9,13.0,0.0,983.6,100,27.5667,72.0667,10.010721270470071
2024-05-01 19:00:00+05:30,22.0,30.0,19.0,31.5,13.7,14.0,0.0,984.2,100,27.5667,72.0667,1.1186128235776485
2024-05-01 20:00:00+05:30,0.0,0.0,0.0,30.1,15.5,15.0,0.0,984.8,100,27.5667,72.0667,0.0
2024-05-01 21:00:00+05:30,0.0,0.0,0.0,28.7,15.1,17.0,0.0,985.5,100,27.5667,72.0667,0.0
2024-05-01 22:00:00+05:30,0.0,0.0,0.0,27.2,12.1,18.0,0.0,985.9,100,27.5667,72.0667,0.0
2024-05-01 23:00:00+05:30,0.0,0.0,0.0,25.6,9.9,21.0,0.0,985.8,100,27.5667,72.0667,0.0
2024-05-02 00:00:00+05:30,0.0,0.0,0.0,24.1,8.4,24.0,0.0,985.4,100,27.5667,72.0667,0.0
2024-05-02 01:00:00+05:30,0.0,0.0,0.0,22.9,7.2,27.0,0.0,984.9,100,27.5667,72.0667,0.0
2024-05-02 02:00:00+05:30,0.0,0.0,0.0,23.0,5.6,27.0,0.0,984.7,100,27.5667,72.0667,0.0
2024-05-02 03:00:00+05:30,0.0,0.0,0.0,23.1,4.9,27.0,0.0,984.5,100,27.5667,72.0667,0.0
2024-05-02 04:00:00+05:30,0.0,0.0,0.0,22.0,5.8,29.0,0.0,984.4,100,27.5667,72.0667,0.0
2024-05-02 05:00:00+05:30,0.0,0.0,0.0,20.4,8.6,32.0,0.0,984.9,100,27.5667,72.0667,0.0
2024-05-02 06:00:00+05:30,7.0,0.0,7.0,20.9,11.7,32.0,0.0,985.7,100,27.5667,72.0667,0.08266372621082696
2024-05-02 07:00:00+05:30,103.0,123.7,78.0,22.8,11.8,29.0,96.0,986.4,100,27.5667,72.0667,6.71505419037331
2024-05-02 08:00:00+05:30,284.0,288.7,163.0,25.9,10.7,23.0,100.0,987.0,100,27.5667,72.0667,21.0798960308724
2024-05-02 09:00:00+05:30,450.0,311.8,258.0,29.0,12.7,19.0,95.0,987.7,100,27.5667,72.0667,36.25642543266031
2024-05-02 10:00:00+05:30,629.0,403.1,315.0,31.3,11.5,16.0,99.0,987.7,100,27.5667,72.0667,50.948764227244745
2024-05-02 11:00:00+05:30,726.0,384.4,381.0,32.7,7.1,14.0,100.0,987.4,100,27.5667,72.0667,58.6904225010732
2024-05-02 12:00:00+05:30,825.0,446.4,395.0,33.8,3.8,12.0,99.0,986.7,100,27.5667,72.0667,67.02319336100119
2024-05-02 13:00:00+05:30,871.0,517.5,368.0,34.9,2.4,11.0,94.0,985.8,100,27.5667,72.0667,68.79835840473329
2024-05-02 14:00:00+05:30,836.0,552.7,326.0,35.7,2.0,10.0,100.0,984.8,100,27.5667,72.0667,65.7143172569784
2024-05-02 15:00:00+05:30,719.0,526.1,288.0,36.1,2.8,10.0,89.0,983.9,100,27.5667,72.0667,55.50881782930821
2024-05-02 16:00:00+05:30,550.0,466.9,238.0,36.4,4.5,10.0,9.0,983.4,100,27.5667,72.0667,43.82919542054231
2024-05-02 17:00:00+05:30,350.0,360.2,177.0,36.3,6.1,10.0,16.0,983.4,100,27.5667,72.0667,25.786643857435234
2024-05-02 18:00:00+05:30,151.0,171.6,105.0,36.0,9.7,9.0,68.0,984.4,100,27.5667,72.0667,9.843689481595264
2024-05-02 19:00:00+05:30,22.0,19.8,20.0,33.6,7.6,11.0,93.0,984.8,100,27.5667,72.0667,1.1831940659758668
2024-05-02 20:00:00+05:30,0.0,0.0,0.0,33.1,4.4,12.0,100.0,985.3,100,27.5667,72.0667,0.0
2024-05-02 21:00:00+05:30,0.0,0.0,0.0,33.2,3.3,11.0,87.0,985.9,100,27.5667,72.0667,0.0
2024-05-02 22:00:00+05:30,0.0,0.0,0.0,29.9,6.9,15.0,92.0,985.7,100,27.5667,72.0667,0.0
2024-05-02 23:00:00+05:30,0.0,0.0,0.0,27.8,8.6,17.0,98.0,985.3,100,27.5667,72.0667,0.0
2024-05-03 00:00:00+05:30,0.0,0.0,0.0,27.4,12.2,16.0,56.0,984.9,100,27.5667,72.0667,0.0
2024-05-03 01:00:00+05:30,0.0,0.0,0.0,25.8,11.0,18.0,0.0,984.4,100,27.5667,72.0667,0.0
2024-05-03 02:00:00+05:30,0.0,0.0,0.0,24.9,12.3,20.0,3.0,984.1,100,27.5667,72.0667,0.0
2024-05-03 03:00:00+05:30,0.0,0.0,0.0,24.5,11.7,20.0,11.0,984.1,100,27.5667,72.0667,0.0
2024-05-03 04:00:00+05:30,0.0,0.0,0.0,24.1,12.2,21.0,9.0,984.3,100,27.5667,72.0667,0.0
2024-05-03 05:00:00+05:30,0.0,0.0,0.0,23.8,14.0,21.0,91.0,985.0,100,27.5667,72.0667,0.0
2024-05-03 06:00:00+05:30,7.0,0.0,7.0,23.4,11.2,24.0,79.0,985.4,100,27.5667,72.0667,0.07395378000239206
2024-05-03 07:00:00+05:30,100.0,102.6,79.0,25.7,12.0,21.0,42.0,985.9,100,27.5667,72.0667,6.78088584794848
2024-05-03 08:00:00+05:30,273.0,261.1,163.0,29.7,11.6,16.0,97.0,986.2,100,27.5667,72.0667,20.20451376653808
2024-05-03 09:00:00+05:30,477.0,411.2,223.0,33.9,15.6,11.0,100.0,986.5,100,27.5667,72.0667,38.9857322861882
2024-05-03 10:00:00+05:30,542.0,265.2,335.0,36.0,21.6,10.0,100.0,986.2,100,27.5667,72.0667,45.13265748954262
2024-05-03 11:00:00+05:30,334.0,30.0,307.0,35.6,23.0,11.0,100.0,985.9,100,27.5667,72.0667,28.242977183995794
2024-05-03 12:00:00+05:30,319.0,11.4,308.0,36.1,23.6,9.0,100.0,985.5,100,27.5667,72.0667,26.71664765196509
2024-05-03 13:00:00+05:30,773.0,376.2,407.0,38.7,20.5,8.0,98.0,984.8,100,27.5667,72.0667,64.80330322413373
2024-05-03 14:00:00+05:30,749.0,387.5,391.0,39.5,19.7,7.0,100.0,984.0,100,27.5667,72.0667,61.32047511728817
2024-05-03 15:00:00+05:30,496.0,160.9,364.0,39.4,19.6,7.0,100.0,983.5,100,27.5667,72.0667,40.30287929177904
2024-05-03 16:00:00+05:30,419.0,168.8,306.0,39.6,17.4,7.0,100.0,983.1,100,27.5667,72.0667,33.78318308333867
2024-05-03 17:00:00+05:30,272.0,145.3,202.0,39.5,15.5,8.0,100.0,983.0,100,27.5667,72.0667,20.786056946463404
2024-05-03 18:00:00+05:30,80.0,7.4,78.0,38.7,13.8,9.0,100.0,983.5,100,27.5667,72.0667,6.048600881374876
2024-05-03 19:00:00+05:30,9.0,0.0,9.0,37.2,16.9,9.0,100.0,983.6,100,27.5667,72.0667,0.21351254544060155
2024-05-03 20:00:00+05:30,0.0,0.0,0.0,36.2,19.7,9.0,100.0,983.7,100,27.5667,72.0667,0.0
2024-05-03 21:00:00+05:30,0.0,0.0,0.0,35.0,16.5,10.0,100.0,984.2,100,27.5667,72.0667,0.0
2024-05-03 22:00:00+05:30,0.0,0.0,0.0,34.3,17.6,10.0,100.0,984.2,100,27.5667,72.0667,0.0
2024-05-03 23:00:00+05:30,0.0,0.0,0.0,33.4,17.7,11.0,100.0,984.4,100,27.5667,72.0667,0.0
2024-05-04 00:00:00+05:30,0.0,0.0,0.0,33.0,18.8,11.0,100.0,984.2,100,27.5667,72.0667,0.0
2024-05-04 01:00:00+05:30,0.0,0.0,0.0,33.9,26.7,17.0,100.0,984.5,100,27.5667,72.0667,0.0
2024-05-04 02:00:00+05:30,0.0,0.0,0.0,32.3,13.4,21.0,100.0,984.8,100,27.5667,72.0667,0.0
2024-05-04 03:00:00+05:30,0.0,0.0,0.0,30.9,21.5,27.0,94.0,984.8,100,27.5667,72.0667,0.0
2024-05-04 04:00:00+05:30,0.0,0.0,0.0,29.1,9.9,37.0,20.0,984.0,100,27.5667,72.0667,0.0
2024-05-04 05:00:00+05:30,0.0,0.0,0.0,27.9,13.4,40.0,2.0,985.0,100,27.5667,72.0667,0.0
2024-05-04 06:00:00+05:30,7.0,0.0,7.0,29.4,19.3,41.0,0.0,985.5,100,27.5667,72.0667,0.06090122372818179
2024-05-04 07:00:00+05:30,98.0,106.1,76.0,30.0,18.9,41.0,0.0,986.5,100,27.5667,72.0667,6.590148579050124
2024-05-04 08:00:00+05:30,272.0,278.6,154.0,31.5,27.9,38.0,0.0,987.0,100,27.5667,72.0667,20.221628940376277
2024-05-04 09:00:00+05:30,465.0,411.6,210.0,32.9,25.8,36.0,0.0,987.2,100,27.5667,72.0667,37.5601937016852
2024-05-04 10:00:00+05:30,644.0,503.7,250.0,34.3,23.9,33.0,0.0,987.1,100,27.5667,72.0667,54.01789862188406
2024-05-04 11:00:00+05:30,786.0,564.3,278.0,35.6,21.2,30.0,0.0,986.6,100,27.5667,72.0667,68.04488696923123
2024-05-04 12:00:00+05:30,866.0,593.4,293.0,37.0,20.3,27.0,0.0,985.9,100,27.5667,72.0667,73.51461398164955
2024-05-04 13:00:00+05:30,882.0,603.7,294.0,38.1,22.0,24.0,8.0,985.3,100,27.5667,72.0667,75.55677613572394
2024-05-04 14:00:00+05:30,787.0,545.0,283.0,38.9,22.3,20.0,2.0,984.0,100,27.5667,72.0667,67.63233351991101
2024-05-04 15:00:00+05:30,702.0,536.9,261.0,39.1,22.8,19.0,2.0,983.4,100,27.5667,72.0667,59.968950074081086
2024-05-04 16:00:00+05:30,531.0,456.2,225.0,38.8,23.1,17.0,0.0,982.9,100,27.5667,72.0667,42.952743735785724
2024-05-04 17:00:00+05:30,335.0,335.3,173.0,38.2,22.7,17.0,0.0,982.6,100,27.5667,72.0667,25.460190957239764
2024-05-04 18:00:00+05:30,145.0,158.4,102.0,37.6,20.7,19.0,0.0,983.5,100,27.5667,72.0667,9.475783734169761
2024-05-04 19:00:00+05:30,22.0,19.5,20.0,36.1,19.7,23.0,0.0,983.7,100,27.5667,72.0667,1.2091304634287565
2024-05-04 20:00:00+05:30,0.0,0.0,0.0,35.3,20.5,24.0,0.0,984.1,100,27.5667,72.0667,0.0
2024-05-04 21:00:00+05:30,0.0,0.0,0.0,34.4,17.0,25.0,0.0,984.6,100,27.5667,72.0667,0.0
2024-05-04 22:00:00+05:30,0.0,0.0,0.0,33.5,18.8,26.0,3.0,985.0,100,27.5667,72.0667,0.0
2024-05-04 23:00:00+05:30,0.0,0.0,0.0,32.9,20.6,26.0,4.0,985.2,100,27.5667,72.0667,0.0
2024-05-05 00:00:00+05:30,0.0,0.0,0.0,31.6,18.7,28.0,0.0,984.7,100,27.5667,72.0667,0.0
2024-05-05 01:00:00+05:30,0.0,0.0,0.0,30.7,18.4,29.0,0.0,984.2,100,27.5667,72.0667,0.0
2024-05-05 02:00:00+05:30,0.0,0.0,0.0,29.7,17.1,30.0,0.0,983.7,100,27.5667,72.0667,0.0
2024-05-05 03:00:00+05:30,0.0,0.0,0.0,28.9,18.3,30.0,0.0,983.5,100,27.5667,72.0667,0.0
2024-05-05 04:00:00+05:30,0.0,0.0,0.0,28.0,16.2,31.0,99.0,983.5,100,27.5667,72.0667,0.0
2024-05-05 05:00:00+05:30,0.0,0.0,0.0,27.0,14.8,35.0,99.0,983.9,100,27.5667,72.0667,0.0
2024-05-05 06:00:00+05:30,8.0,0.0,8.0,26.4,10.2,40.0,100.0,984.4,100,27.5667,72.0667,0.15791225713536497
2024-05-05 07:00:00+05:30,94.0,62.0,81.0,27.5,8.9,38.0,100.0,985.0,100,27.5667,72.0667,6.685428674704647
2024-05-05 08:00:00+05:30,249.0,171.5,176.0,29.3,9.2,35.0,100.0,985.5,100,27.5667,72.0667,18.397374382405502
2024-05-05 09:00:00+05:30,426.0,278.4,253.0,31.4,6.8,32.0,100.0,985.9,100,27.5667,72.0667,33.81969464736996
2024-05-05 10:00:00+05:30,592.0,349.6,318.0,33.5,5.3,27.0,20.0,985.9,100,27.5667,72.0667,49.08082506779013
2024-05-05 11:00:00+05:30,796.0,569.1,283.0,35.6,5.0,23.0,67.0,985.5,100,27.5667,72.0667,67.528901929486
2024-05-05 12:00:00+05:30,870.0,584.5,305.0,37.2,7.0,20.0,0.0,984.7,100,27.5667,72.0667,72.67021289084866
2024-05-05 13:00:00+05:30,887.0,605.2,297.0,38.4,8.9,17.0,0.0,983.9,100,27.5667,72.0667,74.01018319911266
2024-05-05 14:00:00+05:30,829.0,586.6,286.0,39.1,9.2,16.0,0.0,982.9,100,27.5667,72.0667,67.6819872481618
2024-05-05 15:00:00+05:30,707.0,542.4,261.0,39.5,10.2,15.0,1.0,982.0,100,27.5667,72.0667,57.24169790387877
2024-05-05 16:00:00+05:30,535.0,461.4,225.0,39.5,12.3,15.0,1.0,981.5,100,27.5667,72.0667,43.70800160418636
2024-05-05 17:00:00+05:30,335.0,334.3,173.0,39.0,13.2,15.0,1.0,981.4,100,27.5667,72.0667,24.280822758533322
2024-05-05 18:00:00+05:30,146.0,161.0,102.0,38.8,13.1,15.0,0.0,981.9,100,27.5667,72.0667,9.312095306460687
2024-05-05 19:00:00+05:30,22.0,29.0,19.0,37.4,14.1,16.0,0.0,982.3,100,27.5667,72.0667,1.0418217544140196
2024-05-05 20:00:00+05:30,0.0,0.0,0.0,36.1,13.4,18.0,0.0,982.8,100,27.5667,72.0667,0.0
2024-05-05 21:00:00+05:30,0.0,0.0,0.0,34.4,9.7,20.0,0.0,983.3,100,27.5667,72.0667,0.0
2024-05-05 22:00:00+05:30,0.0,0.0,0.0,32.6,6.3,24.0,0.0,983.4,100,27.5667,72.0667,0.0
2024-05-05 23:00:00+05:30,0.0,0.0,0.0,31.9,6.1,25.0,0.0,983.4,100,27.5667,72.0667,0.0
2024-05-06 00:00:00+05:30,0.0,0.0,0.0,32.3,4.6,24.0,0.0,983.0,100,27.5667,72.0667,0.0
2024-05-06 01:00:00+05:30,0.0,0.0,0.0,30.4,5.8,27.0,0.0,982.5,100,27.5667,72.0667,0.0
2024-05-06 02:00:00+05:30,0.0,0.0,0.0,31.5,0.8,25.0,0.0,982.2,100,27.5667,72.0667,0.0
2024-05-06 03:00:00+05:30,0.0,0.0,0.0,30.6,5.1,26.0,0.0,982.2,100,27.5667,72.0667,0.0
2024-05-06 04:00:00+05:30,0.0,0.0,0.0,28.7,13.2,29.0,0.0,982.3,100,27.5667,72.0667,0.0
2024-05-06 05:00:00+05:30,0.0,0.0,0.0,27.1,8.9,32.0,0.0,982.6,100,27.5667,72.0667,0.0
2024-05-06 06:00:00+05:30,8.0,0.0,8.0,27.2,10.1,32.0,0.0,983.7,100,27.5667,72.0667,0.16094382300264184
2024-05-06 07:00:00+05:30,102.0,108.4,79.0,29.5,8.9,28.0,0.0,984.3,100,27.5667,72.0667,6.724416823273717
2024-05-06 08:00:00+05:30,277.0,280.6,157.0,32.8,8.6,23.0,0.0,985.1,100,27.5667,72.0667,19.977358218992514
2024-05-06 09:00:00+05:30,477.0,420.5,215.0,35.5,15.7,20.0,0.0,985.7,100,27.5667,72.0667,37.89764793298652
2024-05-06 10:00:00+05:30,659.0,513.3,256.0,37.8,12.2,18.0,0.0,985.8,100,27.5667,72.0667,56.023634802905576
2024-05-06 11:00:00+05:30,797.0,568.3,284.0,39.4,10.5,16.0,8.0,985.7,100,27.5667,72.0667,64.67588597811131
2024-05-06 12:00:00+05:30,848.0,569.4,297.0,40.4,10.2,14.0,15.0,985.0,100,27.5667,72.0667,69.54460837268236
2024-05-06 13:00:00+05:30,838.0,542.1,309.0,41.1,12.3,13.0,3.0,984.3,100,27.5667,72.0667,67.80441292438957
2024-05-06 14:00:00+05:30,819.0,567.6,293.0,41.6,15.9,13.0,2.0,983.5,100,27.5667,72.0667,67.69491026795045
2024-05-06 15:00:00+05:30,691.0,517.4,265.0,41.5,19.7,13.0,4.0,982.8,100,27.5667,72.0667,57.24123996168071
2024-05-06 16:00:00+05:30,514.0,427.9,226.0,41.0,21.1,13.0,3.0,982.4,100,27.5667,72.0667,40.81992009041667
2024-05-06 17:00:00+05:30,332.0,323.1,175.0,40.6,19.0,13.0,7.0,982.4,100,27.5667,72.0667,24.945466448876108
2024-05-06 18:00:00+05:30,146.0,156.4,103.0,40.1,16.3,14.0,6.0,982.7,100,27.5667,72.0667,9.562912516379084
2024-05-06 19:00:00+05:30,23.0,28.7,20.0,37.9,4.4,18.0,14.0,983.1,100,27.5667,72.0667,1.1402606639588482
2024-05-06 20:00:00+05:30,0.0,0.0,0.0,36.7,6.9,19.0,17.0,983.2,100,27.5667,72.0667,0.0
2024-05-06 21:00:00+05:30,0.0,0.0,0.0,36.3,9.2,18.0,8.0,983.7,100,27.5667,72.0667,0.0
2024-05-06 22:00:00+05:30,0.0,0.0,0.0,35.3,11.6,19.0,1.0,983.9,100,27.5667,72.0667,0.0
2024-05-06 23:00:00+05:30,0.0,0.0,0.0,33.1,7.2,21.0,1.0,983.9,100,27.5667,72.0667,0.0
2024-05-07 00:00:00+05:30,0.0,0.0,0.0,31.5,7.8,23.0,0.0,983.8,100,27.5667,72.0667,0.0
2024-05-07 01:00:00+05:30,0.0,0.0,0.0,31.6,11.4,21.0,0.0,983.2,100,27.5667,72.0667,0.0
2024-05-07 02:00:00+05:30,0.0,0.0,0.0,31.9,13.9,19.0,0.0,982.8,100,27.5667,72.0667,0.0
2024-05-07 03:00:00+05:30,0.0,0.0,0.0,30.6,11.9,21.0,0.0,982.8,100,27.5667,72.0667,0.0
2024-05-07 04:00:00+05:30,0.0,0.0,0.0,29.9,12.2,24.0,0.0,983.1,100,27.5667,72.0667,0.0
2024-05-07 05:00:00+05:30,0.0,0.0,0.0,28.9,10.7,27.0,0.0,983.5,100,27.5667,72.0667,0.0
2024-05-07 06:00:00+05:30,8.0,0.0,8.0,30.4,14.8,28.0,0.0,984.1,100,27.5667,72.0667,0.14693959522291627
2024-05-07 07:00:00+05:30,102.0,107.3,79.0,32.0,14.5,26.0,0.0,985.0,100,27.5667,72.0667,6.7104508188466285
2024-05-07 08:00:00+05:30,276.0,274.7,158.0,34.5,14.1,23.0,0.0,985.8,100,27.5667,72.0667,20.685816214290096
2024-05-07 09:00:00+05:30,473.0,413.0,215.0,37.1,18.0,21.0,0.0,986.3,100,27.5667,72.0667,37.788449342789136
2024-05-07 10:00:00+05:30,654.0,503.5,258.0,39.5,19.2,19.0,0.0,986.4,100,27.5667,72.0667,53.32318633812558
2024-05-07 11:00:00+05:30,792.0,561.0,285.0,41.4,16.2,14.0,23.0,986.3,100,27.5667,72.0667,62.87564638565865
2024-05-07 12:00:00+05:30,808.0,502.8,321.0,42.2,11.3,13.0,0.0,985.8,100,27.5667,72.0667,66.51584487798691
2024-05-07 13:00:00+05:30,879.0,588.7,304.0,42.9,10.9,12.0,1.0,985.2,100,27.5667,72.0667,70.88752968286006
2024-05-07 14:00:00+05:30,825.0,575.7,291.0,43.4,12.4,11.0,27.0,984.3,100,27.5667,72.0667,65.89927657457221
2024-05-07 15:00:00+05:30,668.0,471.9,279.0,43.4,14.8,11.0,20.0,983.4,100,27.5667,72.0667,55.52437582336802
2024-05-07 16:00:00+05:30,508.0,409.4,232.0,43.3,16.9,11.0,18.0,983.1,100,27.5667,72.0667,39.30911888938103
2024-05-07 17:00:00+05:30,319.0,291.4,177.0,42.8,16.2,11.0,9.0,982.9,100,27.5667,72.0667,22.606185870559305
2024-05-07 18:00:00+05:30,146.0,148.2,105.0,41.5,24.5,10.0,0.0,983.5,100,27.5667,72.0667,9.406510213684882
2024-05-07 19:00:00+05:30,23.0,28.5,20.0,40.1,18.3,11.0,0.0,983.9,100,27.5667,72.0667,1.129774097513018
2024-05-07 20:00:00+05:30,0.0,0.0,0.0,38.6,1.4,15.0,1.0,984.2,100,27.5667,72.0667,0.0
2024-05-07 21:00:00+05:30,0.0,0.0,0.0,37.7,7.2,12.0,0.0,984.5,100,27.5667,72.0667,0.0
2024-05-07 22:00:00+05:30,0.0,0.0,0.0,36.9,6.9,13.0,0.0,984.8,100,27.5667,72.0667,0.0
2024-05-07 23:00:00+05:30,0.0,0.0,0.0,34.4,13.7,15.0,0.0,985.0,100,27.5667,72.0667,0.0
2024-05-08 00:00:00+05:30,0.0,0.0,0.0,33.3,14.0,16.0,0.0,984.6,100,27.5667,72.0667,0.0
2024-05-08 01:00:00+05:30,0.0,0.0,0.0,32.7,14.4,17.0,0.0,984.0,100,27.5667,72.0667,0.0
2024-05-08 02:00:00+05:30,0.0,0.0,0.0,31.7,13.0,19.0,0.0,983.4,100,27.5667,72.0667,0.0
2024-05-08 03:00:00+05:30,0.0,0.0,0.0,30.2,10.6,21.0,0.0,983.1,100,27.5667,72.0667,0.0
2024-05-08 04:00:00+05:30,0.0,0.0,0.0,29.3,9.7,23.0,0.0,983.1,100,27.5667,72.0667,0.0
2024-05-08 05:00:00+05:30,0.0,0.0,0.0,28.7,9.1,23.0,0.0,983.4,100,27.5667,72.0667,0.0
2024-05-08 06:00:00+05:30,9.0,13.3,8.0,33.0,0.7,20.0,0.0,984.7,100,27.5667,72.0667,0.1355314388660463
2024-05-08 07:00:00+05:30,105.0,110.8,81.0,32.6,2.3,20.0,0.0,985.4,100,27.5667,72.0667,6.785923171484322
2024-05-08 08:00:00+05:30,280.0,275.8,161.0,34.2,10.9,19.0,0.0,986.0,100,27.5667,72.0667,20.425582735335386
2024-05-08 09:00:00+05:30,481.0,416.7,220.0,36.8,12.0,18.0,0.0,986.4,100,27.5667,72.0667,37.58544175466116
2024-05-08 10:00:00+05:30,663.0,509.1,262.0,39.3,9.6,15.0,0.0,986.2,100,27.5667,72.0667,52.95884280063016
2024-05-08 11:00:00+05:30,803.0,565.9,291.0,41.3,6.4,12.0,0.0,985.8,100,27.5667,72.0667,63.768125160835204
2024-05-08 12:00:00+05:30,883.0,595.1,306.0,42.6,4.8,10.0,0.0,985.2,100,27.5667,72.0667,69.31447435008393
2024-05-08 13:00:00+05:30,894.0,600.4,307.0,43.3,5.1,9.0,0.0,984.2,100,27.5667,72.0667,71.13582998213612
2024-05-08 14:00:00+05:30,837.0,582.7,296.0,43.8,6.2,8.0,0.0,983.1,100,27.5667,72.0667,63.954328136224966
2024-05-08 15:00:00+05:30,715.0,538.0,271.0,44.0,8.3,8.0,0.0,982.4,100,27.5667,72.0667,55.85055038991383
2024-05-08 16:00:00+05:30,542.0,457.6,233.0,44.0,13.3,8.0,0.0,981.8,100,27.5667,72.0667,42.221835757218614
2024-05-08 17:00:00+05:30,342.0,331.5,180.0,43.3,19.2,8.0,0.0,981.6,100,27.5667,72.0667,25.183207332374646
2024-05-08 18:00:00+05:30,149.0,154.5,106.0,43.5,18.3,5.0,1.0,982.1,100,27.5667,72.0667,9.795979585253892
2024-05-08 19:00:00+05:30,24.0,28.2,21.0,40.7,11.3,6.0,0.0,981.7,100,27.5667,72.0667,1.2253735900634737
2024-05-08 20:00:00+05:30,0.0,0.0,0.0,40.0,4.2,7.0,0.0,982.3,100,27.5667,72.0667,0.0
2024-05-08 21:00:00+05:30,0.0,0.0,0.0,37.0,6.3,10.0,0.0,983.0,100,27.5667,72.0667,0.0
2024-05-08 22:00:00+05:30,0.0,0.0,0.0,38.1,0.0,9.0,0.0,983.3,100,27.5667,72.0667,0.0
2024-05-08 23:00:00+05:30,0.0,0.0,0.0,37.4,3.6,10.0,0.0,982.8,100,27.5667,72.0667,0.0
2024-05-09 00:00:00+05:30,0.0,0.0,0.0,34.3,6.4,12.0,0.0,982.4,100,27.5667,72.0667,0.0
2024-05-09 01:00:00+05:30,0.0,0.0,0.0,33.1,14.5,12.0,0.0,981.6,100,27.5667,72.0667,0.0
2024-05-09 02:00:00+05:30,0.0,0.0,0.0,31.7,12.6,14.0,0.0,981.2,100,27.5667,72.0667,0.0
2024-05-09 03:00:00+05:30,0.0,0.0,0.0,31.0,11.6,15.0,0.0,981.3,100,27.5667,72.0667,0.0
2024-05-09 04:00:00+05:30,0.0,0.0,0.0,32.0,4.7,14.0,0.0,981.8,100,27.5667,72.0667,0.0
2024-05-09 05:00:00+05:30,0.0,0.0,0.0,28.8,9.4,17.0,0.0,981.7,100,27.5667,72.0667,0.0
2024-05-09 06:00:00+05:30,9.0,13.1,8.0,30.1,15.0,19.0,0.0,982.6,100,27.5667,72.0667,0.14644491864833636
2024-05-09 07:00:00+05:30,106.0,109.7,82.0,31.2,15.8,21.0,0.0,983.6,100,27.5667,72.0667,7.035683757181536
2024-05-09 08:00:00+05:30,283.0,276.9,163.0,33.7,15.8,22.0,0.0,984.1,100,27.5667,72.0667,20.638777355505034
2024-05-09 09:00:00+05:30,482.0,415.7,221.0,36.9,18.4,23.0,0.0,984.3,100,27.5667,72.0667,38.639276012601094
2024-05-09 10:00:00+05:30,663.0,507.0,263.0,39.6,20.0,20.0,0.0,983.9,100,27.5667,72.0667,52.912121530374925
2024-05-09 11:00:00+05:30,799.0,563.0,289.0,42.1,20.2,15.0,0.0,983.6,100,27.5667,72.0667,65.7130049858258
2024-05-09 12:00:00+05:30,877.0,590.5,304.0,44.0,16.4,10.0,26.0,983.4,100,27.5667,72.0667,69.68617574682621
2024-05-09 13:00:00+05:30,835.0,525.3,321.0,44.5,11.6,9.0,25.0,982.5,100,27.5667,72.0667,67.62927795126797
2024-05-09 14:00:00+05:30,763.0,473.5,323.0,44.8,12.6,9.0,8.0,981.8,100,27.5667,72.0667,62.13381285379421
2024-05-09 15:00:00+05:30,683.0,476.9,289.0,44.8,14.4,9.0,22.0,981.1,100,27.5667,72.0667,54.12787659754696
2024-05-09 16:00:00+05:30,398.0,245.4,232.0,44.1,16.5,10.0,32.0,980.6,100,27.5667,72.0667,32.02180231166075
2024-05-09 17:00:00+05:30,325.0,289.7,183.0,43.7,14.8,9.0,4.0,980.7,100,27.5667,72.0667,24.027091788634447
2024-05-09 18:00:00+05:30,150.0,153.6,107.0,43.1,11.4,7.0,3.0,981.4,100,27.5667,72.0667,9.726243200280749
2024-05-09 19:00:00+05:30,25.0,28.0,22.0,39.6,7.6,11.0,2.0,981.3,100,27.5667,72.0667,1.3417880989376298
2024-05-09 20:00:00+05:30,0.0,0.0,0.0,39.0,12.4,11.0,1.0,981.7,100,27.5667,72.0667,0.0
2024-05-09 21:00:00+05:30,0.0,0.0,0.0,36.5,8.8,13.0,1.0,982.1,100,27.5667,72.0667,0.0
2024-05-09 22:00:00+05:30,0.0,0.0,0.0,35.3,9.5,14.0,1.0,981.9,100,27.5667,72.0667,0.0
2024-05-09 23:00:00+05:30,0.0,0.0,0.0,34.8,14.8,14.0,2.0,982.0,100,27.5667,72.0667,0.0
2024-05-10 00:00:00+05:30,0.0,0.0,0.0,34.6,17.3,14.0,24.0,982.5,100,27.5667,72.0667,0.0
2024-05-10 01:00:00+05:30,0.0,0.0,0.0,34.7,17.8,16.0,0.0,982.0,100,27.5667,72.0667,0.0
2024-05-10 02:00:00+05:30,0.0,0.0,0.0,33.8,19.0,19.0,0.0,981.7,100,27.5667,72.0667,0.0
2024-05-10 03:00:00+05:30,0.0,0.0,0.0,33.3,21.7,21.0,0.0,981.8,100,27.5667,72.0667,0.0
2024-05-10 04:00:00+05:30,0.0,0.0,0.0,32.9,23.4,24.0,0.0,982.0,100,27.5667,72.0667,0.0
2024-05-10 05:00:00+05:30,0.0,0.0,0.0,32.3,20.9,27.0,0.0,982.8,100,27.5667,72.0667,0.0
2024-05-10 06:00:00+05:30,9.0,13.0,8.0,30.9,15.8,29.0,0.0,984.6,100,27.5667,72.0667,0.14284125739321019
2024-05-10 07:00:00+05:30,104.0,104.2,81.0,31.9,5.1,30.0,0.0,985.7,100,27.5667,72.0667,6.633218397229734
2024-05-10 08:00:00+05:30,269.0,252.9,159.0,33.7,8.8,31.0,37.0,986.9,100,27.5667,72.0667,19.486173280629114
2024-05-10 09:00:00+05:30,419.0,324.2,215.0,35.4,14.3,32.0,43.0,987.1,100,27.5667,72.0667,33.404786908148786
2024-05-10 10:00:00+05:30,542.0,348.0,267.0,37.4,16.5,29.0,17.0,986.6,100,27.5667,72.0667,44.92952570402593
2024-05-10 11:00:00+05:30,734.0,473.1,305.0,40.1,19.4,21.0,13.0,986.2,100,27.5667,72.0667,61.28023272686941
2024-05-10 12:00:00+05:30,823.0,515.8,322.0,41.8,22.6,17.0,8.0,985.7,100,27.5667,72.0667,67.55445695217307
2024-05-10 13:00:00+05:30,855.0,557.6,309.0,42.7,21.0,15.0,6.0,984.7,100,27.5667,72.0667,68.45813247114847
2024-05-10 14:00:00+05:30,803.0,540.8,300.0,43.6,19.1,13.0,62.0,983.8,100,27.5667,72.0667,66.70891778404834
2024-05-10 15:00:00+05:30,582.0,351.8,291.0,42.9,19.8,14.0,20.0,983.1,100,27.5667,72.0667,47.68720601796922
2024-05-10 16:00:00+05:30,484.0,369.0,234.0,42.4,18.4,14.0,5.0,982.5,100,27.5667,72.0667,38.863171345964005
2024-05-10 17:00:00+05:30,315.0,278.7,178.0,42.0,13.4,15.0,2.0,982.4,100,27.5667,72.0667,22.669705459074837
2024-05-10 18:00:00+05:30,146.0,145.6,105.0,42.5,16.3,11.0,3.0,982.9,100,27.5667,72.0667,9.439078745518012
2024-05-10 19:00:00+05:30,25.0,27.8,22.0,40.4,15.6,13.0,2.0,983.4,100,27.5667,72.0667,1.3272393385488088
2024-05-10 20:00:00+05:30,0.0,0.0,0.0,39.1,16.6,14.0,38.0,984.3,100,27.5667,72.0667,0.0
2024-05-10 21:00:00+05:30,0.0,0.0,0.0,38.0,16.9,15.0,49.0,985.2,100,27.5667,72.0667,0.0
2024-05-10 22:00:00+05:30,0.0,0.0,0.0,37.3,17.4,17.0,49.0,985.3,100,27.5667,72.0667,0.0
2024-05-10 23:00:00+05:30,0.0,0.0,0.0,37.3,16.9,17.0,49.0,985.8,100,27.5667,72.0667,0.0
2024-05-11 00:00:00+05:30,0.0,0.0,0.0,34.4,19.2,22.0,58.0,986.5,100,27.5667,72.0667,0.0
2024-05-11 01:00:00+05:30,0.0,0.0,0.0,33.8,5.2,22.0,22.0,986.1,100,27.5667,72.0667,0.0
2024-05-11 02:00:00+05:30,0.0,0.0,0.0,33.0,16.3,23.0,11.0,985.6,100,27.5667,72.0667,0.0
2024-05-11 03:00:00+05:30,0.0,0.0,0.0,31.6,10.3,26.0,2.0,985.9,100,27.5667,72.0667,0.0
2024-05-11 04:00:00+05:30,0.0,0.0,0.0,30.7,12.0,29.0,1.0,986.2,100,27.5667,72.0667,0.0
2024-05-11 05:00:00+05:30,0.0,0.0,0.0,30.6,13.8,32.0,0.0,986.3,100,27.5667,72.0667,0.0
2024-05-11 06:00:00+05:30,9.0,0.0,9.0,30.4,19.9,35.0,20.0,988.1,100,27.5667,72.0667,0.23112990360831107
2024-05-11 07:00:00+05:30,97.0,80.8,79.0,31.4,15.9,36.0,23.0,989.0,100,27.5667,72.0667,6.76649785808453
2024-05-11 08:00:00+05:30,241.0,203.8,152.0,33.2,16.0,34.0,13.0,989.5,100,27.5667,72.0667,17.84092182094887
2024-05-11 09:00:00+05:30,431.0,333.0,221.0,35.2,15.4,32.0,10.0,989.7,100,27.5667,72.0667,34.01304768958267
2024-05-11 10:00:00+05:30,610.0,432.2,268.0,36.2,17.0,32.0,26.0,990.0,100,27.5667,72.0667,49.343805353355
2024-05-11 11:00:00+05:30,641.0,377.9,298.0,35.8,16.2,31.0,92.0,989.5,100,27.5667,72.0667,52.36085396051023
2024-05-11 12:00:00+05:30,494.0,166.7,332.0,36.8,10.6,29.0,53.0,989.0,100,27.5667,72.0667,41.03944402217641
2024-05-11 13:00:00+05:30,667.0,345.9,328.0,37.9,4.3,27.0,56.0,988.1,100,27.5667,72.0667,54.1731890051626
2024-05-11 14:00:00+05:30,669.0,367.4,327.0,39.2,4.4,24.0,80.0,986.9,100,27.5667,72.0667,53.65373667318402
2024-05-11 15:00:00+05:30,537.0,277.8,307.0,39.4,14.5,23.0,95.0,986.2,100,27.5667,72.0667,43.319766878758585
2024-05-11 16:00:00+05:30,370.0,221.0,220.0,37.7,12.4,24.0,31.0,985.8,100,27.5667,72.0667,30.79696313570428
2024-05-11 17:00:00+05:30,290.0,239.4,172.0,38.3,6.5,22.0,17.0,985.5,100,27.5667,72.0667,21.883511840544546
2024-05-11 18:00:00+05:30,145.0,134.2,107.0,41.5,19.5,13.0,52.0,984.7,100,27.5667,72.0667,9.499343669820723
2024-05-11 19:00:00+05:30,25.0,18.4,23.0,39.4,13.0,15.0,35.0,985.1,100,27.5667,72.0667,1.4168422612080438
2024-05-11 20:00:00+05:30,0.0,0.0,0.0,37.4,9.1,17.0,23.0,985.7,100,27.5667,72.0667,0.0
2024-05-11 21:00:00+05:30,0.0,0.0,0.0,36.3,8.8,19.0,20.0,986.3,100,27.5667,72.0667,0.0
2024-05-11 22:00:00+05:30,0.0,0.0,0.0,36.6,19.3,19.0,10.0,986.6,100,27.5667,72.0667,0.0
2024-05-11 23:00:00+05:30,0.0,0.0,0.0,35.8,17.8,20.0,0.0,987.0,100,27.5667,72.0667,0.0
2024-05-12 00:00:00+05:30,0.0,0.0,0.0,34.1,15.5,23.0,0.0,986.9,100,27.5667,72.0667,0.0
2024-05-12 01:00:00+05:30,0.0,0.0,0.0,33.4,15.9,24.0,0.0,986.6,100,27.5667,72.0667,0.0
2024-05-12 02:00:00+05:30,0.0,0.0,0.0,32.4,14.1,25.0,6.0,986.0,100,27.5667,72.0667,0.0
2024-05-12 03:00:00+05:30,0.0,0.0,0.0,31.4,12.1,27.0,13.0,986.0,100,27.5667,72.0667,0.0
2024-05-12 04:00:00+05:30,0.0,0.0,0.0,30.7,11.9,29.0,65.0,986.0,100,27.5667,72.0667,0.0
2024-05-12 05:00:00+05:30,0.0,0.0,0.0,30.3,11.9,30.0,81.0,986.3,100,27.5667,72.0667,0.0
2024-05-12 06:00:00+05:30,10.0,0.0,10.0,29.1,16.9,36.0,0.0,988.2,100,27.5667,72.0667,0.3382978997678166
2024-05-12 07:00:00+05:30,104.0,97.9,82.0,30.7,15.9,30.0,28.0,988.9,100,27.5667,72.0667,6.7484844994234505
2024-05-12 08:00:00+05:30,270.0,239.6,165.0,32.9,17.7,24.0,33.0,989.5,100,27.5667,72.0667,20.391520037622975
2024-05-12 09:00:00+05:30,461.0,368.8,228.0,35.4,21.0,24.0,0.0,989.5,100,27.5667,72.0667,36.830105273106874
2024-05-12 10:00:00+05:30,645.0,477.1,267.0,36.9,22.7,25.0,0.0,988.9,100,27.5667,72.0667,53.01286663768188
2024-05-12 11:00:00+05:30,781.0,532.7,297.0,38.5,20.9,23.0,0.0,988.5,100,27.5667,72.0667,64.31570469783456
2024-05-12 12:00:00+05:30,859.0,563.3,311.0,39.6,23.3,21.0,57.0,988.0,100,27.5667,72.0667,71.66355255806285
2024-05-12 13:00:00+05:30,757.0,424.2,341.0,40.1,21.6,19.0,62.0,987.1,100,27.5667,72.0667,62.65851126599385
2024-05-12 14:00:00+05:30,729.0,413.3,344.0,41.1,22.9,16.0,71.0,986.1,100,27.5667,72.0667,60.06531104335878
2024-05-12 15:00:00+05:30,585.0,342.6,301.0,41.3,24.1,14.0,71.0,985.2,100,27.5667,72.0667,46.31369245465367
2024-05-12 16:00:00+05:30,470.0,306.0,262.0,41.3,22.8,13.0,100.0,984.8,100,27.5667,72.0667,35.781677812269955
2024-05-12 17:00:00+05:30,199.0,50.6,174.0,40.7,21.2,13.0,88.0,984.2,100,27.5667,72.0667,15.200136154531704
2024-05-12 18:00:00+05:30,145.0,129.9,108.0,40.7,20.5,12.0,39.0,985.0,100,27.5667,72.0667,9.538341782107967
2024-05-12 19:00:00+05:30,26.0,27.4,23.0,38.6,16.9,15.0,8.0,985.5,100,27.5667,72.0667,1.392600061344523
2024-05-12 20:00:00+05:30,0.0,0.0,0.0,37.1,17.5,17.0,100.0,986.0,100,27.5667,72.0667,0.0
2024-05-12 21:00:00+05:30,0.0,0.0,0.0,35.5,14.1,19.0,28.0,986.7,100,27.5667,72.0667,0.0
2024-05-12 22:00:00+05:30,0.0,0.0,0.0,34.3,13.9,19.0,0.0,986.7,100,27.5667,72.0667,0.0
2024-05-12 23:00:00+05:30,0.0,0.0,0.0,33.5,11.9,19.0,0.0,986.7,100,27.5667,72.0667,0.0
2024-05-13 00:00:00+05:30,0.0,0.0,0.0,32.1,8.8,21.0,0.0,986.5,100,27.5667,72.0667,0.0
2024-05-13 01:00:00+05:30,0.0,0.0,0.0,31.2,13.8,22.0,0.0,986.2,100,27.5667,72.0667,0.0
2024-05-13 02:00:00+05:30,0.0,0.0,0.0,30.2,10.1,23.0,0.0,985.9,100,27.5667,72.0667,0.0
2024-05-13 03:00:00+05:30,0.0,0.0,0.0,32.0,3.3,21.0,0.0,986.3,100,27.5667,72.0667,0.0
2024-05-13 04:00:00+05:30,0.0,0.0,0.0,29.8,13.3,22.0,0.0,986.6,100,27.5667,72.0667,0.0
2024-05-13 05:00:00+05:30,0.0,0.0,0.0,29.0,11.7,23.0,0.0,987.2,100,27.5667,72.0667,0.0
2024-05-13 06:00:00+05:30,10.0,12.5,9.0,27.8,4.9,48.0,0.0,987.6,100,27.5667,72.0667,0.2408932172644036
2024-05-13 07:00:00+05:30,105.0,97.2,83.0,29.5,3.5,38.0,0.0,988.4,100,27.5667,72.0667,7.144589268260484
2024-05-13 08:00:00+05:30,273.0,250.2,163.0,32.7,6.8,32.0,0.0,988.8,100,27.5667,72.0667,20.21529232262934
2024-05-13 09:00:00+05:30,466.0,380.7,225.0,35.1,11.1,26.0,0.0,989.2,100,27.5667,72.0667,37.89616113267197
2024-05-13 10:00:00+05:30,644.0,471.5,270.0,37.2,9.8,21.0,0.0,988.7,100,27.5667,72.0667,53.49248310753309
2024-05-13 11:00:00+05:30,787.0,536.7,299.0,39.0,8.4,19.0,1.0,988.1,100,27.5667,72.0667,62.315415823715156
2024-05-13 12:00:00+05:30,848.0,549.6,313.0,40.5,6.2,15.0,17.0,987.8,100,27.5667,72.0667,68.32540187310356
2024-05-13 13:00:00+05:30,806.0,494.2,321.0,41.2,6.8,14.0,57.0,987.3,100,27.5667,72.0667,63.13758227833735
2024-05-13 14:00:00+05:30,734.0,408.7,353.0,41.6,10.1,13.0,100.0,986.8,100,27.5667,72.0667,56.162966270520094
2024-05-13 15:00:00+05:30,392.0,150.6,267.0,41.1,14.9,13.0,99.0,986.0,100,27.5667,72.0667,31.0492140958992
2024-05-13 16:00:00+05:30,286.0,80.8,231.0,40.8,16.5,13.0,100.0,985.5,100,27.5667,72.0667,21.96934180467055
2024-05-13 17:00:00+05:30,285.0,153.4,209.0,40.5,18.1,13.0,81.0,985.6,100,27.5667,72.0667,21.631848847239503
2024-05-13 18:00:00+05:30,146.0,129.1,109.0,40.1,17.4,11.0,6.0,986.3,100,27.5667,72.0667,9.748078975316622
2024-05-13 19:00:00+05:30,26.0,27.2,23.0,37.8,10.1,15.0,0.0,986.2,100,27.5667,72.0667,1.4040929692594635
2024-05-13 20:00:00+05:30,0.0,0.0,0.0,35.7,7.3,22.0,1.0,986.7,100,27.5667,72.0667,0.0
2024-05-13 21:00:00+05:30,0.0,0.0,0.0,34.5,9.7,20.0,47.0,987.1,100,27.5667,72.0667,0.0
2024-05-13 22:00:00+05:30,0.0,0.0,0.0,33.9,12.8,19.0,24.0,987.0,100,27.5667,72.0667,0.0
2024-05-13 23:00:00+05:30,0.0,0.0,0.0,33.4,12.9,20.0,23.0,987.0,100,27.5667,72.0667,0.0
2024-05-14 00:00:00+05:30,0.0,0.0,0.0,32.0,11.9,22.0,6.0,986.8,100,27.5667,72.0667,0.0
2024-05-14 01:00:00+05:30,0.0,0.0,0.0,30.6,9.8,25.0,0.0,986.5,100,27.5667,72.0667,0.0
2024-05-14 02:00:00+05:30,0.0,0.0,0.0,29.6,4.8,30.0,0.0,986.8,100,27.5667,72.0667,0.0
2024-05-14 03:00:00+05:30,0.0,0.0,0.0,28.9,5.9,31.0,0.0,987.0,100,27.5667,72.0667,0.0
2024-05-14 04:00:00+05:30,0.0,0.0,0.0,28.6,12.1,29.0,0.0,987.0,100,27.5667,72.0667,0.0
2024-05-14 05:00:00+05:30,0.0,0.0,0.0,27.7,9.7,31.0,0.0,987.3,100,27.5667,72.0667,0.0
2024-05-14 06:00:00+05:30,10.0,12.4,9.0,28.7,8.0,35.0,19.0,989.5,100,27.5667,72.0667,0.23956135762021855
2024-05-14 07:00:00+05:30,102.0,87.7,82.0,30.7,9.7,34.0,13.0,989.9,100,27.5667,72.0667,6.868899773786299
2024-05-14 08:00:00+05:30,270.0,238.0,165.0,32.5,11.5,32.0,14.0,990.6,100,27.5667,72.0667,19.55432584879815
2024-05-14 09:00:00+05:30,454.0,356.4,228.0,34.8,12.6,31.0,2.0,990.8,100,27.5667,72.0667,36.269300587680895
2024-05-14 10:00:00+05:30,631.0,450.8,273.0,37.5,12.4,26.0,3.0,989.9,100,27.5667,72.0667,51.583365211358924
2024-05-14 11:00:00+05:30,769.0,510.9,304.0,39.5,8.5,19.0,17.0,989.6,100,27.5667,72.0667,60.86476651041339
2024-05-14 12:00:00+05:30,826.0,519.4,320.0,40.9,7.3,16.0,15.0,989.2,100,27.5667,72.0667,65.95118283295442
2024-05-14 13:00:00+05:30,810.0,485.8,333.0,41.6,5.2,14.0,20.0,988.2,100,27.5667,72.0667,62.239166435884364
2024-05-14 14:00:00+05:30,777.0,489.8,320.0,42.3,6.4,13.0,72.0,987.0,100,27.5667,72.0667,60.23725266330597
2024-05-14 15:00:00+05:30,658.0,438.2,294.0,42.6,11.6,12.0,56.0,986.0,100,27.5667,72.0667,50.88052942390432
2024-05-14 16:00:00+05:30,452.0,288.9,255.0,42.3,20.0,11.0,70.0,985.4,100,27.5667,72.0667,36.21739143178547
2024-05-14 17:00:00+05:30,247.0,130.8,182.0,41.5,23.5,11.0,77.0,985.7,100,27.5667,72.0667,18.33848396809386
2024-05-14 18:00:00+05:30,140.0,107.6,109.0,41.0,19.1,11.0,59.0,986.9,100,27.5667,72.0667,9.337714664498343
2024-05-14 19:00:00+05:30,26.0,18.0,24.0,39.0,8.7,13.0,40.0,986.8,100,27.5667,72.0667,1.5137469364936886
2024-05-14 20:00:00+05:30,0.0,0.0,0.0,37.7,10.3,15.0,10.0,986.8,100,27.5667,72.0667,0.0
2024-05-14 21:00:00+05:30,0.0,0.0,0.0,37.5,13.7,15.0,3.0,987.0,100,27.5667,72.0667,0.0
2024-05-14 22:00:00+05:30,0.0,0.0,0.0,35.5,12.4,16.0,0.0,986.8,100,27.5667,72.0667,0.0
2024-05-14 23:00:00+05:30,0.0,0.0,0.0,33.6,9.2,18.0,0.0,986.9,100,27.5667,72.0667,0.0
2024-05-15 00:00:00+05:30,0.0,0.0,0.0,32.1,7.4,20.0,0.0,986.6,100,27.5667,72.0667,0.0
2024-05-15 01:00:00+05:30,0.0,0.0,0.0,31.2,9.8,21.0,0.0,986.5,100,27.5667,72.0667,0.0
2024-05-15 02:00:00+05:30,0.0,0.0,0.0,31.0,15.8,22.0,1.0,986.4,100,27.5667,72.0667,0.0
2024-05-15 03:00:00+05:30,0.0,0.0,0.0,30.6,15.1,24.0,0.0,986.1,100,27.5667,72.0667,0.0
2024-05-15 04:00:00+05:30,0.0,0.0,0.0,30.3,13.4,23.0,0.0,986.0,100,27.5667,72.0667,0.0
2024-05-15 05:00:00+05:30,0.0,0.0,0.0,29.5,13.3,25.0,0.0,986.5,100,27.5667,72.0667,0.0
2024-05-15 06:00:00+05:30,11.0,12.2,10.0,29.1,10.6,34.0,0.0,988.3,100,27.5667,72.0667,0.32587970688326845
2024-05-15 07:00:00+05:30,107.0,95.8,85.0,30.8,16.6,33.0,0.0,989.5,100,27.5667,72.0667,7.186029772657277
2024-05-15 08:00:00+05:30,274.0,244.1,166.0,33.4,15.4,27.0,0.0,990.1,100,27.5667,72.0667,20.757181732641843
2024-05-15 09:00:00+05:30,467.0,374.7,229.0,36.1,18.1,24.0,0.0,990.3,100,27.5667,72.0667,36.78201116636514
2024-05-15 10:00:00+05:30,645.0,466.7,274.0,38.7,16.3,22.0,0.0,989.7,100,27.5667,72.0667,53.3073044113111
2024-05-15 11:00:00+05:30,781.0,522.6,305.0,40.7,14.2,19.0,10.0,989.1,100,27.5667,72.0667,63.91256374136388
2024-05-15 12:00:00+05:30,855.0,546.8,322.0,42.4,8.7,11.0,2.0,988.6,100,27.5667,72.0667,67.62629938541345
2024-05-15 13:00:00+05:30,866.0,550.6,325.0,43.0,5.9,10.0,5.0,987.4,100,27.5667,72.0667,65.62017557781174
2024-05-15 14:00:00+05:30,810.0,533.3,312.0,43.5,5.6,9.0,9.0,986.6,100,27.5667,72.0667,62.345732557767086
2024-05-15 15:00:00+05:30,692.0,488.2,286.0,43.9,7.2,9.0,18.0,985.5,100,27.5667,72.0667,53.85015933232744
2024-05-15 16:00:00+05:30,524.0,411.4,243.0,44.0,8.4,8.0,30.0,984.9,100,27.5667,72.0667,38.886353952820784
2024-05-15 17:00:00+05:30,332.0,291.0,187.0,43.4,8.4,8.0,13.0,984.9,100,27.5667,72.0667,23.54882417660443
2024-05-15 18:00:00+05:30,146.0,124.2,110.0,41.9,11.0,10.0,31.0,986.2,100,27.5667,72.0667,9.426748303971834
2024-05-15 19:00:00+05:30,26.0,26.7,23.0,40.0,14.7,10.0,24.0,986.6,100,27.5667,72.0667,1.3670152155539157
2024-05-15 20:00:00+05:30,0.0,0.0,0.0,38.0,9.2,11.0,23.0,986.8,100,27.5667,72.0667,0.0
2024-05-15 21:00:00+05:30,0.0,0.0,0.0,37.6,4.3,12.0,14.0,987.4,100,27.5667,72.0667,0.0
2024-05-15 22:00:00+05:30,0.0,0.0,0.0,37.3,4.2,12.0,5.0,987.8,100,27.5667,72.0667,0.0
2024-05-15 23:00:00+05:30,0.0,0.0,0.0,34.3,9.0,15.0,4.0,987.7,100,27.5667,72.0667,0.0
2024-05-16 00:00:00+05:30,0.0,0.0,0.0,34.1,16.1,16.0,0.0,987.4,100,27.5667,72.0667,0.0
2024-05-16 01:00:00+05:30,0.0,0.0,0.0,33.2,16.3,18.0,7.0,987.1,100,27.5667,72.0667,0.0
2024-05-16 02:00:00+05:30,0.0,0.0,0.0,32.8,16.6,19.0,2.0,986.9,100,27.5667,72.0667,0.0
2024-05-16 03:00:00+05:30,0.0,0.0,0.0,32.3,16.4,20.0,0.0,987.1,100,27.5667,72.0667,0.0
2024-05-16 04:00:00+05:30,0.0,0.0,0.0,31.8,20.1,21.0,0.0,987.5,100,27.5667,72.0667,0.0
2024-05-16 05:00:00+05:30,0.0,0.0,0.0,31.6,21.5,24.0,0.0,987.8,100,27.5667,72.0667,0.0
2024-05-16 06:00:00+05:30,10.0,12.1,9.0,31.8,18.0,29.0,30.0,988.9,100,27.5667,72.0667,0.23108617091307598
2024-05-16 07:00:00+05:30,92.0,69.2,76.0,32.9,16.1,28.0,16.0,989.6,100,27.5667,72.0667,6.274154658054064
2024-05-16 08:00:00+05:30,261.0,209.6,168.0,34.8,16.2,25.0,0.0,990.0,100,27.5667,72.0667,19.773929309947867
2024-05-16 09:00:00+05:30,459.0,358.3,231.0,37.5,17.7,21.0,0.0,990.1,100,27.5667,72.0667,36.10101825578581
2024-05-16 10:00:00+05:30,640.0,458.7,275.0,40.5,20.3,16.0,0.0,989.8,100,27.5667,72.0667,51.57053879822562
2024-05-16 11:00:00+05:30,777.0,515.7,307.0,42.5,21.8,12.0,2.0,989.1,100,27.5667,72.0667,64.24882269207096
2024-05-16 12:00:00+05:30,853.0,541.3,325.0,43.4,16.2,10.0,6.0,988.1,100,27.5667,72.0667,68.21097689062239
2024-05-16 13:00:00+05:30,866.0,548.2,327.0,43.9,14.5,9.0,5.0,987.1,100,27.5667,72.0667,69.46899028069681
2024-05-16 14:00:00+05:30,808.0,529.7,313.0,44.1,14.1,9.0,6.0,986.2,100,27.5667,72.0667,64.81570802759218
2024-05-16 15:00:00+05:30,691.0,487.7,285.0,44.1,14.1,9.0,3.0,985.3,100,27.5667,72.0667,53.990879184042456
2024-05-16 16:00:00+05:30,524.0,409.3,244.0,43.8,12.6,9.0,3.0,984.7,100,27.5667,72.0667,40.444909947357935
2024-05-16 17:00:00+05:30,331.0,288.2,187.0,43.4,10.9,9.0,2.0,984.4,100,27.5667,72.0667,23.49696052517966
2024-05-16 18:00:00+05:30,134.0,109.8,102.0,42.5,10.2,11.0,35.0,984.8,100,27.5667,72.0667,8.569690724495562
2024-05-16 19:00:00+05:30,25.0,17.7,23.0,40.8,3.6,13.0,12.0,984.9,100,27.5667,72.0667,1.3805637472475776
2024-05-16 20:00:00+05:30,0.0,0.0,0.0,40.1,3.7,13.0,6.0,985.3,100,27.5667,72.0667,0.0
2024-05-16 21:00:00+05:30,0.0,0.0,0.0,37.2,8.4,16.0,8.0,985.7,100,27.5667,72.0667,0.0
2024-05-16 22:00:00+05:30,0.0,0.0,0.0,36.5,13.0,15.0,8.0,986.0,100,27.5667,72.0667,0.0
2024-05-16 23:00:00+05:30,0.0,0.0,0.0,35.3,10.5,16.0,6.0,985.8,100,27.5667,72.0667,0.0
2024-05-17 00:00:00+05:30,0.0,0.0,0.0,34.7,13.7,16.0,21.0,985.4,100,27.5667,72.0667,0.0
2024-05-17 01:00:00+05:30,0.0,0.0,0.0,33.8,12.2,17.0,31.0,985.0,100,27.5667,72.0667,0.0
2024-05-17 02:00:00+05:30,0.0,0.0,0.0,33.3,14.1,17.0,27.0,984.8,100,27.5667,72.0667,0.0
2024-05-17 03:00:00+05:30,0.0,0.0,0.0,32.3,11.5,19.0,32.0,985.0,100,27.5667,72.0667,0.0
2024-05-17 04:00:00+05:30,0.0,0.0,0.0,31.4,10.6,20.0,35.0,985.3,100,27.5667,72.0667,0.0
2024-05-17 05:00:00+05:30,0.0,0.0,0.0,30.7,10.9,22.0,0.0,986.0,100,27.5667,72.0667,0.0
2024-05-17 06:00:00+05:30,12.0,12.0,11.0,30.3,10.4,25.0,0.0,986.3,100,27.5667,72.0667,0.42232916852485053
2024-05-17 07:00:00+05:30,108.0,94.5,86.0,32.1,8.0,22.0,0.0,987.0,100,27.5667,72.0667,7.521157343262048
2024-05-17 08:00:00+05:30,276.0,242.7,168.0,34.6,6.3,20.0,0.0,987.5,100,27.5667,72.0667,20.38497518945555
2024-05-17 09:00:00+05:30,468.0,373.5,230.0,37.2,7.0,17.0,0.0,987.5,100,27.5667,72.0667,36.79346572637094
2024-05-17 10:00:00+05:30,646.0,464.5,276.0,39.7,6.8,15.0,0.0,987.3,100,27.5667,72.0667,49.796417714028856
2024-05-17 11:00:00+05:30,782.0,521.9,306.0,42.4,10.2,12.0,7.0,986.6,100,27.5667,72.0667,59.942864809863735
2024-05-17 12:00:00+05:30,850.0,540.0,323.0,44.1,11.4,9.0,8.0,985.7,100,27.5667,72.0667,67.8722433578917
2024-05-17 13:00:00+05:30,802.0,479.8,330.0,44.5,9.4,8.0,1.0,984.8,100,27.5667,72.0667,62.97328713632251
2024-05-17 14:00:00+05:30,809.0,528.3,315.0,45.2,12.0,8.0,18.0,983.7,100,27.5667,72.0667,62.80590026782938
2024-05-17 15:00:00+05:30,669.0,452.4,292.0,45.3,13.6,8.0,5.0,982.7,100,27.5667,72.0667,52.23318963529691
2024-05-17 16:00:00+05:30,526.0,408.7,246.0,45.1,17.9,8.0,11.0,982.2,100,27.5667,72.0667,41.119248823323026
2024-05-17 17:00:00+05:30,331.0,283.5,189.0,44.4,23.7,8.0,4.0,982.0,100,27.5667,72.0667,24.208367984443758
2024-05-17 18:00:00+05:30,132.0,92.1,105.0,43.4,19.7,7.0,42.0,982.5,100,27.5667,72.0667,8.926842887416928
2024-05-17 19:00:00+05:30,27.0,26.3,24.0,42.1,17.4,8.0,18.0,983.0,100,27.5667,72.0667,1.4509015412186856
2024-05-17 20:00:00+05:30,0.0,0.0,0.0,40.6,4.3,9.0,5.0,983.2,100,27.5667,72.0667,0.0
2024-05-17 21:00:00+05:30,0.0,0.0,0.0,38.0,15.5,12.0,32.0,984.1,100,27.5667,72.0667,0.0
2024-05-17 22:00:00+05:30,0.0,0.0,0.0,36.9,14.2,16.0,2.0,984.2,100,27.5667,72.0667,0.0
2024-05-17 23:00:00+05:30,0.0,0.0,0.0,36.0,14.6,17.0,5.0,984.0,100,27.5667,72.0667,0.0
2024-05-18 00:00:00+05:30,0.0,0.0,0.0,35.1,15.5,17.0,0.0,983.7,100,27.5667,72.0667,0.0
2024-05-18 01:00:00+05:30,0.0,0.0,0.0,34.4,16.6,18.0,0.0,983.0,100,27.5667,72.0667,0.0
2024-05-18 02:00:00+05:30,0.0,0.0,0.0,33.7,17.0,18.0,0.0,982.9,100,27.5667,72.0667,0.0
2024-05-18 03:00:00+05:30,0.0,0.0,0.0,33.0,17.3,20.0,0.0,983.1,100,27.5667,72.0667,0.0
2024-05-18 04:00:00+05:30,0.0,0.0,0.0,33.3,20.4,19.0,0.0,983.0,100,27.5667,72.0667,0.0
2024-05-18 05:00:00+05:30,0.0,0.0,0.0,33.0,22.6,19.0,0.0,983.3,100,27.5667,72.0667,0.0
2024-05-18 06:00:00+05:30,12.0,11.9,11.0,31.6,13.1,23.0,0.0,984.4,100,27.5667,72.0667,0.40160272965660704
2024-05-18 07:00:00+05:30,109.0,98.2,86.0,33.1,11.7,22.0,0.0,985.1,100,27.5667,72.0667,7.18494337392943
2024-05-18 08:00:00+05:30,276.0,244.4,167.0,35.3,9.1,20.0,0.0,985.5,100,27.5667,72.0667,19.927141782704705
2024-05-18 09:00:00+05:30,466.0,371.4,229.0,37.3,11.1,18.0,5.0,985.5,100,27.5667,72.0667,35.72758536225027
2024-05-18 10:00:00+05:30,641.0,456.6,277.0,39.7,13.7,15.0,2.0,985.2,100,27.5667,72.0667,52.26471573541254
2024-05-18 11:00:00+05:30,775.0,513.9,306.0,42.0,14.9,13.0,0.0,984.6,100,27.5667,72.0667,63.03475880134199
2024-05-18 12:00:00+05:30,857.0,549.9,320.0,43.9,18.3,11.0,37.0,983.7,100,27.5667,72.0667,70.63359316369117
2024-05-18 13:00:00+05:30,756.0,428.7,334.0,44.4,15.9,10.0,20.0,982.8,100,27.5667,72.0667,61.542274901275704
2024-05-18 14:00:00+05:30,747.0,443.5,332.0,45.1,16.6,9.0,26.0,981.8,100,27.5667,72.0667,59.142856058487425
2024-05-18 15:00:00+05:30,654.0,441.2,286.0,45.0,18.1,10.0,17.0,980.9,100,27.5667,72.0667,52.561829345673964
2024-05-18 16:00:00+05:30,511.0,384.7,247.0,44.8,18.7,10.0,3.0,980.4,100,27.5667,72.0667,39.20454897193053
2024-05-18 17:00:00+05:30,331.0,288.7,186.0,44.1,19.7,10.0,6.0,980.1,100,27.5667,72.0667,23.07173441022685
2024-05-18 18:00:00+05:30,153.0,142.5,111.0,43.4,18.8,10.0,3.0,980.2,100,27.5667,72.0667,9.937485875606527
2024-05-18 19:00:00+05:30,29.0,26.1,26.0,41.4,13.8,11.0,2.0,980.5,100,27.5667,72.0667,1.6196975628315595
2024-05-18 20:00:00+05:30,0.0,0.0,0.0,40.1,12.6,11.0,3.0,980.7,100,27.5667,72.0667,0.0
2024-05-18 21:00:00+05:30,0.0,0.0,0.0,38.5,15.3,13.0,14.0,981.2,100,27.5667,72.0667,0.0
2024-05-18 22:00:00+05:30,0.0,0.0,0.0,38.1,17.7,13.0,28.0,981.4,100,27.5667,72.0667,0.0
2024-05-18 23:00:00+05:30,0.0,0.0,0.0,38.5,21.4,12.0,2.0,981.2,100,27.5667,72.0667,0.0
2024-05-19 00:00:00+05:30,0.0,0.0,0.0,36.8,18.0,14.0,2.0,980.9,100,27.5667,72.0667,0.0
2024-05-19 01:00:00+05:30,0.0,0.0,0.0,35.5,17.9,15.0,7.0,980.5,100,27.5667,72.0667,0.0
2024-05-19 02:00:00+05:30,0.0,0.0,0.0,34.0,11.2,17.0,1.0,980.5,100,27.5667,72.0667,0.0
2024-05-19 03:00:00+05:30,0.0,0.0,0.0,34.2,2.5,17.0,2.0,980.4,100,27.5667,72.0667,0.0
2024-05-19 04:00:00+05:30,0.0,0.0,0.0,31.5,12.5,20.0,1.0,980.3,100,27.5667,72.0667,0.0
2024-05-19 05:00:00+05:30,0.0,0.0,0.0,30.3,11.7,22.0,1.0,980.5,100,27.5667,72.0667,0.0
2024-05-19 06:00:00+05:30,12.0,11.8,11.0,30.7,9.3,23.0,3.0,981.7,100,27.5667,72.0667,0.40838540837139176
2024-05-19 07:00:00+05:30,110.0,97.6,87.0,32.4,3.7,22.0,9.0,982.3,100,27.5667,72.0667,7.111180317011155
2024-05-19 08:00:00+05:30,276.0,241.5,168.0,35.2,5.9,18.0,15.0,982.9,100,27.5667,72.0667,19.860664783463978
2024-05-19 09:00:00+05:30,467.0,366.2,233.0,38.6,7.8,15.0,10.0,983.2,100,27.5667,72.0667,35.99720920282392
2024-05-19 10:00:00+05:30,635.0,443.7,281.0,41.4,9.1,12.0,5.0,983.2,100,27.5667,72.0667,50.085818348135874
2024-05-19 11:00:00+05:30,771.0,502.6,312.0,42.8,13.0,11.0,22.0,982.7,100,27.5667,72.0667,62.99444370978738
2024-05-19 12:00:00+05:30,774.0,469.8,315.0,43.4,15.1,11.0,23.0,982.4,100,27.5667,72.0667,62.437842892542676
2024-05-19 13:00:00+05:30,783.0,448.8,341.0,44.0,16.3,11.0,21.0,981.5,100,27.5667,72.0667,62.39401362732904
2024-05-19 14:00:00+05:30,770.0,476.3,324.0,44.7,20.3,10.0,19.0,980.5,100,27.5667,72.0667,60.568396578181975
2024-05-19 15:00:00+05:30,682.0,467.1,292.0,44.9,21.4,10.0,5.0,979.4,100,27.5667,72.0667,52.942733377286636
2024-05-19 16:00:00+05:30,508.0,388.5,241.0,44.8,24.5,10.0,40.0,978.9,100,27.5667,72.0667,38.618070915129316
2024-05-19 17:00:00+05:30,284.0,214.4,176.0,43.9,26.6,10.0,35.0,978.5,100,27.5667,72.0667,20.398155597768284
2024-05-19 18:00:00+05:30,101.0,47.2,87.0,42.4,27.4,11.0,38.0,979.3,100,27.5667,72.0667,7.126536551633337
2024-05-19 19:00:00+05:30,24.0,17.3,22.0,41.2,18.8,11.0,37.0,979.7,100,27.5667,72.0667,1.2820587232194975
2024-05-19 20:00:00+05:30,0.0,0.0,0.0,39.8,12.3,12.0,34.0,980.1,100,27.5667,72.0667,0.0
2024-05-19 21:00:00+05:30,0.0,0.0,0.0,38.5,12.6,13.0,7.0,980.7,100,27.5667,72.0667,0.0
2024-05-19 22:00:00+05:30,0.0,0.0,0.0,36.2,8.4,15.0,1.0,980.8,100,27.5667,72.0667,0.0
2024-05-19 23:00:00+05:30,0.0,0.0,0.0,36.4,4.8,14.0,0.0,980.6,100,27.5667,72.0667,0.0
2024-05-20 00:00:00+05:30,0.0,0.0,0.0,34.6,11.3,15.0,0.0,980.4,100,27.5667,72.0667,0.0
2024-05-20 01:00:00+05:30,0.0,0.0,0.0,33.9,12.7,17.0,0.0,979.9,100,27.5667,72.0667,0.0
2024-05-20 02:00:00+05:30,0.0,0.0,0.0,33.9,16.9,17.0,0.0,979.8,100,27.5667,72.0667,0.0
2024-05-20 03:00:00+05:30,0.0,0.0,0.0,32.8,16.0,19.0,0.0,980.1,100,27.5667,72.0667,0.0
2024-05-20 04:00:00+05:30,0.0,0.0,0.0,32.1,16.0,21.0,0.0,980.5,100,27.5667,72.0667,0.0
2024-05-20 05:00:00+05:30,0.0,0.0,0.0,31.4,15.3,23.0,0.0,981.1,100,27.5667,72.0667,0.0
2024-05-20 06:00:00+05:30,12.0,11.7,11.0,31.0,14.4,28.0,19.0,982.0,100,27.5667,72.0667,0.4122089063514764
2024-05-20 07:00:00+05:30,103.0,80.2,84.0,32.1,11.6,28.0,14.0,982.6,100,27.5667,72.0667,7.05461265184369
2024-05-20 08:00:00+05:30,265.0,216.4,168.0,33.5,14.2,30.0,10.0,983.2,100,27.5667,72.0667,19.664334665528276
2024-05-20 09:00:00+05:30,440.0,331.4,228.0,35.3,12.3,28.0,25.0,983.4,100,27.5667,72.0667,34.305283741431396
2024-05-20 10:00:00+05:30,567.0,359.4,280.0,37.5,12.7,24.0,24.0,983.7,100,27.5667,72.0667,45.802596319718766
2024-05-20 11:00:00+05:30,690.0,419.2,307.0,39.6,15.6,20.0,25.0,983.6,100,27.5667,72.0667,55.60813904166712
2024-05-20 12:00:00+05:30,710.0,387.8,331.0,41.3,16.5,16.0,32.0,983.0,100,27.5667,72.0667,57.68302301357575
2024-05-20 13:00:00+05:30,783.0,450.6,339.0,43.2,18.4,13.0,15.0,982.3,100,27.5667,72.0667,63.13180002667268
2024-05-20 14:00:00+05:30,780.0,499.4,312.0,44.0,21.4,11.0,37.0,981.1,100,27.5667,72.0667,62.743506506894015
2024-05-20 15:00:00+05:30,662.0,451.1,285.0,44.0,20.0,10.0,25.0,980.2,100,27.5667,72.0667,52.14362609424604
2024-05-20 16:00:00+05:30,497.0,367.5,244.0,44.1,20.4,10.0,3.0,979.7,100,27.5667,72.0667,38.101088555835155
2024-05-20 17:00:00+05:30,334.0,293.1,186.0,43.5,25.3,10.0,3.0,979.1,100,27.5667,72.0667,23.921224715198065
2024-05-20 18:00:00+05:30,157.0,144.3,114.0,42.2,36.2,11.0,0.0,980.1,100,27.5667,72.0667,10.19460218961301
2024-05-20 19:00:00+05:30,31.0,34.3,27.0,40.7,25.3,13.0,0.0,980.7,100,27.5667,72.0667,1.7313439858463942
2024-05-20 20:00:00+05:30,0.0,0.0,0.0,39.3,14.9,14.0,0.0,980.7,100,27.5667,72.0667,0.0
2024-05-20 21:00:00+05:30,0.0,0.0,0.0,37.8,13.5,15.0,0.0,981.0,100,27.5667,72.0667,0.0
2024-05-20 22:00:00+05:30,0.0,0.0,0.0,36.5,15.2,17.0,0.0,981.6,100,27.5667,72.0667,0.0
2024-05-20 23:00:00+05:30,0.0,0.0,0.0,35.5,15.4,17.0,0.0,981.4,100,27.5667,72.0667,0.0
2024-05-21 00:00:00+05:30,0.0,0.0,0.0,34.4,15.5,17.0,0.0,981.1,100,27.5667,72.0667,0.0
2024-05-21 01:00:00+05:30,0.0,0.0,0.0,33.4,14.1,18.0,0.0,980.5,100,27.5667,72.0667,0.0
2024-05-21 02:00:00+05:30,0.0,0.0,0.0,32.3,15.0,19.0,0.0,980.3,100,27.5667,72.0667,0.0
2024-05-21 03:00:00+05:30,0.0,0.0,0.0,31.8,18.3,21.0,0.0,980.6,100,27.5667,72.0667,0.0
2024-05-21 04:00:00+05:30,0.0,0.0,0.0,31.8,19.9,23.0,0.0,980.8,100,27.5667,72.0667,0.0
2024-05-21 05:00:00+05:30,0.0,0.0,0.0,31.2,20.7,31.0,0.0,981.0,100,27.5667,72.0667,0.0
2024-05-21 06:00:00+05:30,13.0,11.6,12.0,30.7,15.7,48.0,0.0,982.1,100,27.5667,72.0667,0.4977296826581242
2024-05-21 07:00:00+05:30,112.0,100.8,88.0,31.7,9.8,48.0,0.0,982.6,100,27.5667,72.0667,7.481944346377703
2024-05-21 08:00:00+05:30,280.0,249.4,168.0,33.7,9.8,43.0,0.0,983.1,100,27.5667,72.0667,20.604373369852247
2024-05-21 09:00:00+05:30,471.0,377.9,229.0,36.5,10.6,35.0,0.0,983.1,100,27.5667,72.0667,36.085000675566896
2024-05-21 10:00:00+05:30,647.0,468.1,273.0,38.9,11.7,27.0,0.0,983.0,100,27.5667,72.0667,52.08797135068503
2024-05-21 11:00:00+05:30,783.0,525.1,303.0,41.0,5.2,20.0,0.0,982.5,100,27.5667,72.0667,62.5006729961061
2024-05-21 12:00:00+05:30,861.0,554.3,319.0,42.4,2.3,15.0,0.0,981.8,100,27.5667,72.0667,64.62986528158953
2024-05-21 13:00:00+05:30,874.0,560.9,321.0,43.7,7.9,13.0,13.0,981.0,100,27.5667,72.0667,66.29208197495545
2024-05-21 14:00:00+05:30,800.0,518.3,314.0,44.3,11.5,12.0,1.0,980.2,100,27.5667,72.0667,63.18368209092439
2024-05-21 15:00:00+05:30,685.0,478.1,285.0,44.5,13.4,11.0,0.0,979.5,100,27.5667,72.0667,54.329248012863985
2024-05-21 16:00:00+05:30,531.0,417.7,243.0,44.5,16.3,10.0,0.0,979.0,100,27.5667,72.0667,39.12274008894635
2024-05-21 17:00:00+05:30,338.0,300.2,186.0,44.0,19.1,10.0,1.0,978.9,100,27.5667,72.0667,23.837260911065947
2024-05-21 18:00:00+05:30,154.0,140.2,112.0,43.6,17.1,10.0,5.0,979.4,100,27.5667,72.0667,9.990629594640138
2024-05-21 19:00:00+05:30,31.0,34.1,27.0,41.8,14.9,11.0,4.0,979.8,100,27.5667,72.0667,1.7558487685963151
2024-05-21 20:00:00+05:30,0.0,0.0,0.0,40.0,10.2,12.0,1.0,980.1,100,27.5667,72.0667,0.0
2024-05-21 21:00:00+05:30,0.0,0.0,0.0,38.1,8.2,13.0,0.0,980.4,100,27.5667,72.0667,0.0
2024-05-21 22:00:00+05:30,0.0,0.0,0.0,36.8,9.8,14.0,0.0,980.8,100,27.5667,72.0667,0.0
2024-05-21 23:00:00+05:30,0.0,0.0,0.0,35.4,8.6,17.0,0.0,980.8,100,27.5667,72.0667,0.0
2024-05-22 00:00:00+05:30,0.0,0.0,0.0,35.1,5.5,18.0,0.0,980.5,100,27.5667,72.0667,0.0
2024-05-22 01:00:00+05:30,0.0,0.0,0.0,33.4,9.5,20.0,0.0,979.9,100,27.5667,72.0667,0.0
2024-05-22 02:00:00+05:30,0.0,0.0,0.0,32.8,7.1,23.0,0.0,979.7,100,27.5667,72.0667,0.0
2024-05-22 03:00:00+05:30,0.0,0.0,0.0,32.1,7.1,24.0,0.0,979.7,100,27.5667,72.0667,0.0
2024-05-22 04:00:00+05:30,0.0,0.0,0.0,31.3,7.4,23.0,0.0,979.7,100,27.5667,72.0667,0.0
2024-05-22 05:00:00+05:30,0.0,0.0,0.0,33.3,3.9,18.0,0.0,980.4,100,27.5667,72.0667,0.0
2024-05-22 06:00:00+05:30,13.0,11.5,12.0,31.3,5.1,29.0,0.0,981.0,100,27.5667,72.0667,0.5016833552741661
2024-05-22 07:00:00+05:30,112.0,100.3,88.0,33.2,5.8,26.0,0.0,981.5,100,27.5667,72.0667,7.257733954605323
2024-05-22 08:00:00+05:30,280.0,248.9,168.0,35.8,3.5,22.0,0.0,981.8,100,27.5667,72.0667,19.840868415165808
2024-05-22 09:00:00+05:30,472.0,379.0,229.0,39.5,6.5,18.0,0.0,982.1,100,27.5667,72.0667,36.111906262549184
2024-05-22 10:00:00+05:30,647.0,467.8,273.0,42.1,12.2,15.0,0.0,982.1,100,27.5667,72.0667,49.943017717703945
2024-05-22 11:00:00+05:30,781.0,522.7,303.0,43.5,13.4,13.0,0.0,981.7,100,27.5667,72.0667,63.12294690425232
2024-05-22 12:00:00+05:30,858.0,551.0,319.0,44.7,8.5,11.0,0.0,981.0,100,27.5667,72.0667,66.58411272746703
2024-05-22 13:00:00+05:30,870.0,556.6,321.0,45.3,7.8,9.0,0.0,980.2,100,27.5667,72.0667,65.67724572227304
2024-05-22 14:00:00+05:30,815.0,539.3,309.0,45.6,8.4,8.0,0.0,979.4,100,27.5667,72.0667,62.91488911459988
2024-05-22 15:00:00+05:30,684.0,472.9,288.0,45.8,18.2,8.0,4.0,978.7,100,27.5667,72.0667,53.513020891588845
2024-05-22 16:00:00+05:30,482.0,333.1,252.0,45.7,23.8,7.0,1.0,978.0,100,27.5667,72.0667,36.24906816414885
2024-05-22 17:00:00+05:30,338.0,293.5,189.0,45.8,21.5,8.0,2.0,977.5,100,27.5667,72.0667,23.60312191052021
2024-05-22 18:00:00+05:30,159.0,146.1,115.0,44.7,20.4,8.0,9.0,978.6,100,27.5667,72.0667,9.99747541728765
2024-05-22 19:00:00+05:30,23.0,16.9,21.0,42.8,22.6,9.0,0.0,978.7,100,27.5667,72.0667,1.216249792965825
2024-05-22 20:00:00+05:30,0.0,0.0,0.0,41.0,17.7,9.0,0.0,979.1,100,27.5667,72.0667,0.0
2024-05-22 21:00:00+05:30,0.0,0.0,0.0,38.3,8.3,11.0,0.0,979.7,100,27.5667,72.0667,0.0
2024-05-22 22:00:00+05:30,0.0,0.0,0.0,36.8,8.3,12.0,0.0,979.9,100,27.5667,72.0667,0.0
2024-05-22 23:00:00+05:30,0.0,0.0,0.0,36.1,7.7,13.0,0.0,979.8,100,27.5667,72.0667,0.0
2024-05-23 00:00:00+05:30,0.0,0.0,0.0,36.0,7.1,13.0,0.0,979.2,100,27.5667,72.0667,0.0
2024-05-23 01:00:00+05:30,0.0,0.0,0.0,34.1,9.4,14.0,0.0,978.6,100,27.5667,72.0667,0.0
2024-05-23 02:00:00+05:30,0.0,0.0,0.0,33.3,10.0,14.0,0.0,978.4,100,27.5667,72.0667,0.0
2024-05-23 03:00:00+05:30,0.0,0.0,0.0,33.1,13.8,13.0,0.0,978.5,100,27.5667,72.0667,0.0
2024-05-23 04:00:00+05:30,0.0,0.0,0.0,33.1,18.4,13.0,0.0,978.8,100,27.5667,72.0667,0.0
2024-05-23 05:00:00+05:30,0.0,0.0,0.0,32.5,17.4,13.0,0.0,978.9,100,27.5667,72.0667,0.0
2024-05-23 06:00:00+05:30,14.0,11.5,13.0,32.6,13.6,18.0,3.0,980.0,100,27.5667,72.0667,0.5772320467280302
2024-05-23 07:00:00+05:30,113.0,99.9,89.0,34.4,12.9,17.0,8.0,980.3,100,27.5667,72.0667,7.261590749781822
2024-05-23 08:00:00+05:30,282.0,250.7,169.0,36.9,9.3,16.0,1.0,980.7,100,27.5667,72.0667,19.86474050122689
2024-05-23 09:00:00+05:30,475.0,381.8,230.0,39.9,11.7,14.0,1.0,981.4,100,27.5667,72.0667,35.319917162021824
2024-05-23 10:00:00+05:30,650.0,468.8,275.0,41.6,16.8,12.0,0.0,981.4,100,27.5667,72.0667,50.900047993495
2024-05-23 11:00:00+05:30,783.0,520.3,307.0,44.1,12.8,11.0,0.0,980.9,100,27.5667,72.0667,61.36405969354314
2024-05-23 12:00:00+05:30,862.0,551.8,322.0,45.4,10.7,9.0,0.0,980.3,100,27.5667,72.0667,68.57534663407263
2024-05-23 13:00:00+05:30,882.0,569.5,320.0,46.3,9.4,8.0,53.0,979.5,100,27.5667,72.0667,67.48496757446632
2024-05-23 14:00:00+05:30,764.0,444.1,347.0,46.4,12.0,8.0,24.0,978.5,100,27.5667,72.0667,59.909366645964575
2024-05-23 15:00:00+05:30,643.0,393.7,313.0,46.4,12.1,8.0,17.0,977.6,100,27.5667,72.0667,50.524182689796966
2024-05-23 16:00:00+05:30,497.0,347.1,257.0,46.0,8.3,8.0,7.0,977.1,100,27.5667,72.0667,36.884392459520626
2024-05-23 17:00:00+05:30,334.0,275.1,194.0,45.9,3.0,8.0,12.0,976.5,100,27.5667,72.0667,24.22590800889292
2024-05-23 18:00:00+05:30,126.0,85.9,100.0,44.4,24.2,8.0,21.0,977.7,100,27.5667,72.0667,8.408269901387941
2024-05-23 19:00:00+05:30,32.0,33.6,28.0,43.0,18.2,8.0,10.0,978.2,100,27.5667,72.0667,1.7654284751289178
2024-05-23 20:00:00+05:30,0.0,0.0,0.0,41.6,12.6,8.0,0.0,978.2,100,27.5667,72.0667,0.0
2024-05-23 21:00:00+05:30,0.0,0.0,0.0,39.1,10.2,9.0,0.0,978.6,100,27.5667,72.0667,0.0
2024-05-23 22:00:00+05:30,0.0,0.0,0.0,37.4,10.0,11.0,0.0,978.7,100,27.5667,72.0667,0.0
2024-05-23 23:00:00+05:30,0.0,0.0,0.0,36.9,11.4,11.0,0.0,978.6,100,27.5667,72.0667,0.0
2024-05-24 00:00:00+05:30,0.0,0.0,0.0,36.2,11.9,12.0,0.0,978.2,100,27.5667,72.0667,0.0
2024-05-24 01:00:00+05:30,0.0,0.0,0.0,35.6,15.7,12.0,0.0,977.8,100,27.5667,72.0667,0.0
2024-05-24 02:00:00+05:30,0.0,0.0,0.0,34.4,14.4,12.0,0.0,977.5,100,27.5667,72.0667,0.0
2024-05-24 03:00:00+05:30,0.0,0.0,0.0,32.7,11.0,14.0,0.0,977.6,100,27.5667,72.0667,0.0
2024-05-24 04:00:00+05:30,0.0,0.0,0.0,32.3,11.8,15.0,0.0,978.0,100,27.5667,72.0667,0.0
2024-05-24 05:00:00+05:30,0.0,0.0,0.0,31.9,14.0,18.0,0.0,978.3,100,27.5667,72.0667,0.0
2024-05-24 06:00:00+05:30,14.0,11.4,13.0,31.5,11.6,18.0,0.0,979.1,100,27.5667,72.0667,0.5764840367273243
2024-05-24 07:00:00+05:30,115.0,103.6,90.0,33.1,7.6,18.0,0.0,980.3,100,27.5667,72.0667,7.529512241112112
2024-05-24 08:00:00+05:30,284.0,254.7,169.0,35.5,7.5,15.0,0.0,980.8,100,27.5667,72.0667,20.408348889095755
2024-05-24 09:00:00+05:30,476.0,383.0,230.0,39.2,6.5,12.0,0.0,980.6,100,27.5667,72.0667,36.37051773073117
2024-05-24 10:00:00+05:30,653.0,472.3,275.0,42.6,5.4,10.0,0.0,980.7,100,27.5667,72.0667,49.38445777415316
2024-05-24 11:00:00+05:30,788.0,526.6,306.0,44.5,6.0,10.0,0.0,980.6,100,27.5667,72.0667,59.85686926969374
2024-05-24 12:00:00+05:30,868.0,556.7,323.0,45.8,8.0,8.0,0.0,979.9,100,27.5667,72.0667,66.13773939528188
2024-05-24 13:00:00+05:30,883.0,565.2,325.0,46.9,16.4,6.0,0.0,979.2,100,27.5667,72.0667,70.9122013277589
2024-05-24 14:00:00+05:30,830.0,549.2,314.0,47.1,19.2,6.0,0.0,978.5,100,27.5667,72.0667,66.08727691048898
2024-05-24 15:00:00+05:30,711.0,504.2,288.0,47.1,16.4,6.0,0.0,977.7,100,27.5667,72.0667,55.03613436616507
2024-05-24 16:00:00+05:30,543.0,427.4,247.0,46.9,13.2,6.0,0.0,977.3,100,27.5667,72.0667,39.986331629938825
2024-05-24 17:00:00+05:30,348.0,307.7,191.0,46.3,14.0,6.0,0.0,976.8,100,27.5667,72.0667,24.29546569173703
2024-05-24 18:00:00+05:30,150.0,121.6,113.0,45.5,20.8,7.0,0.0,977.1,100,27.5667,72.0667,10.102173801997289
2024-05-24 19:00:00+05:30,31.0,33.4,27.0,43.8,17.6,8.0,0.0,977.2,100,27.5667,72.0667,1.7170902402779737
2024-05-24 20:00:00+05:30,0.0,0.0,0.0,41.7,15.6,9.0,0.0,977.7,100,27.5667,72.0667,0.0
2024-05-24 21:00:00+05:30,0.0,0.0,0.0,40.3,16.8,10.0,0.0,978.3,100,27.5667,72.0667,0.0
2024-05-24 22:00:00+05:30,0.0,0.0,0.0,39.5,17.0,11.0,0.0,978.4,100,27.5667,72.0667,0.0
2024-05-24 23:00:00+05:30,0.0,0.0,0.0,38.6,18.7,14.0,0.0,978.6,100,27.5667,72.0667,0.0
2024-05-25 00:00:00+05:30,0.0,0.0,0.0,37.5,15.8,16.0,0.0,978.6,100,27.5667,72.0667,0.0
2024-05-25 01:00:00+05:30,0.0,0.0,0.0,36.5,14.4,16.0,0.0,978.4,100,27.5667,72.0667,0.0
2024-05-25 02:00:00+05:30,0.0,0.0,0.0,35.8,15.6,17.0,0.0,978.2,100,27.5667,72.0667,0.0
2024-05-25 03:00:00+05:30,0.0,0.0,0.0,34.8,13.5,19.0,0.0,978.2,100,27.5667,72.0667,0.0
2024-05-25 04:00:00+05:30,0.0,0.0,0.0,33.7,13.9,20.0,0.0,978.4,100,27.5667,72.0667,0.0
2024-05-25 05:00:00+05:30,0.0,0.0,0.0,33.3,15.0,21.0,0.0,978.7,100,27.5667,72.0667,0.0
2024-05-25 06:00:00+05:30,14.0,11.3,13.0,33.4,15.0,25.0,0.0,979.6,100,27.5667,72.0667,0.5769639571672174
2024-05-25 07:00:00+05:30,113.0,99.1,89.0,35.0,15.1,24.0,0.0,980.5,100,27.5667,72.0667,7.548181779565268
2024-05-25 08:00:00+05:30,279.0,247.7,167.0,37.2,15.3,25.0,0.0,980.9,100,27.5667,72.0667,19.292517754113586
2024-05-25 09:00:00+05:30,469.0,373.4,229.0,39.5,15.5,24.0,0.0,981.3,100,27.5667,72.0667,35.65917353317202
2024-05-25 10:00:00+05:30,641.0,459.6,273.0,41.9,14.9,21.0,0.0,981.4,100,27.5667,72.0667,50.20117221163168
2024-05-25 11:00:00+05:30,772.0,513.3,302.0,44.2,16.1,17.0,13.0,980.9,100,27.5667,72.0667,61.55584729471881
2024-05-25 12:00:00+05:30,790.0,490.1,310.0,45.5,9.0,12.0,27.0,980.5,100,27.5667,72.0667,61.09149154883942
2024-05-25 13:00:00+05:30,748.0,432.3,321.0,45.9,6.6,11.0,31.0,979.9,100,27.5667,72.0667,55.975995193681484
2024-05-25 14:00:00+05:30,672.0,376.6,318.0,46.2,8.9,10.0,18.0,979.1,100,27.5667,72.0667,51.14013443485639
2024-05-25 15:00:00+05:30,635.0,410.9,290.0,46.3,9.6,10.0,3.0,978.2,100,27.5667,72.0667,49.52030726993865
2024-05-25 16:00:00+05:30,518.0,398.0,242.0,46.6,10.2,10.0,1.0,977.6,100,27.5667,72.0667,39.187467732142466
2024-05-25 17:00:00+05:30,337.0,293.3,187.0,46.6,8.7,9.0,2.0,977.1,100,27.5667,72.0667,24.224664689034114
2024-05-25 18:00:00+05:30,159.0,143.8,115.0,45.6,19.2,9.0,1.0,977.9,100,27.5667,72.0667,10.206498451097819
2024-05-25 19:00:00+05:30,33.0,33.2,29.0,43.6,17.9,10.0,0.0,978.1,100,27.5667,72.0667,1.8812735348628837
2024-05-25 20:00:00+05:30,0.0,0.0,0.0,41.7,12.3,12.0,0.0,978.3,100,27.5667,72.0667,0.0
2024-05-25 21:00:00+05:30,0.0,0.0,0.0,40.2,11.8,13.0,0.0,978.7,100,27.5667,72.0667,0.0
2024-05-25 22:00:00+05:30,0.0,0.0,0.0,38.5,9.0,15.0,0.0,979.0,100,27.5667,72.0667,0.0
2024-05-25 23:00:00+05:30,0.0,0.0,0.0,37.7,8.0,16.0,0.0,979.2,100,27.5667,72.0667,0.0
2024-05-26 00:00:00+05:30,0.0,0.0,0.0,37.1,8.0,17.0,0.0,978.8,100,27.5667,72.0667,0.0
2024-05-26 01:00:00+05:30,0.0,0.0,0.0,36.2,10.7,17.0,0.0,978.2,100,27.5667,72.0667,0.0
2024-05-26 02:00:00+05:30,0.0,0.0,0.0,35.1,10.3,18.0,0.0,978.0,100,27.5667,72.0667,0.0
2024-05-26 03:00:00+05:30,0.0,0.0,0.0,34.2,13.0,19.0,0.0,978.3,100,27.5667,72.0667,0.0
2024-05-26 04:00:00+05:30,0.0,0.0,0.0,33.5,13.7,19.0,0.0,978.6,100,27.5667,72.0667,0.0
2024-05-26 05:00:00+05:30,0.0,0.0,0.0,32.7,10.5,21.0,0.0,978.9,100,27.5667,72.0667,0.0
2024-05-26 06:00:00+05:30,14.0,11.3,13.0,33.2,13.5,24.0,0.0,979.7,100,27.5667,72.0667,0.580441755955396
2024-05-26 07:00:00+05:30,113.0,98.8,89.0,35.1,12.0,22.0,0.0,980.2,100,27.5667,72.0667,7.2795022062688135
2024-05-26 08:00:00+05:30,278.0,242.9,168.0,38.4,15.9,19.0,1.0,980.4,100,27.5667,72.0667,20.020135162874308
2024-05-26 09:00:00+05:30,464.0,365.4,229.0,41.8,19.0,17.0,5.0,980.5,100,27.5667,72.0667,35.78100199941156
2024-05-26 10:00:00+05:30,627.0,440.6,274.0,43.7,25.0,18.0,6.0,980.3,100,27.5667,72.0667,49.87952747769481
2024-05-26 11:00:00+05:30,760.0,490.3,311.0,45.6,27.8,14.0,21.0,979.9,100,27.5667,72.0667,60.77156357119372
2024-05-26 12:00:00+05:30,750.0,454.3,305.0,47.0,26.1,9.0,26.0,979.3,100,27.5667,72.0667,60.38523772813964
2024-05-26 13:00:00+05:30,768.0,451.4,322.0,48.0,20.8,8.0,2.0,978.3,100,27.5667,72.0667,61.419539434299516
2024-05-26 14:00:00+05:30,815.0,534.8,312.0,48.8,20.4,7.0,0.0,976.9,100,27.5667,72.0667,63.318702187265316
2024-05-26 15:00:00+05:30,701.0,496.2,284.0,49.3,33.5,7.0,34.0,975.7,100,27.5667,72.0667,54.780542938001624
2024-05-26 16:00:00+05:30,386.0,246.2,215.0,46.9,38.6,8.0,32.0,975.5,100,27.5667,72.0667,30.006562459010024
2024-05-26 17:00:00+05:30,325.0,269.1,187.0,47.2,31.8,8.0,1.0,974.9,100,27.5667,72.0667,23.10095315855598
2024-05-26 18:00:00+05:30,162.0,149.6,116.0,46.2,27.5,8.0,0.0,975.4,100,27.5667,72.0667,10.064965342866335
2024-05-26 19:00:00+05:30,35.0,33.0,31.0,44.7,26.8,8.0,0.0,975.5,100,27.5667,72.0667,2.005536135864236
2024-05-26 20:00:00+05:30,0.0,0.0,0.0,43.3,20.7,9.0,0.0,975.8,100,27.5667,72.0667,0.0
2024-05-26 21:00:00+05:30,0.0,0.0,0.0,41.5,14.1,10.0,0.0,976.1,100,27.5667,72.0667,0.0
2024-05-26 22:00:00+05:30,0.0,0.0,0.0,39.5,14.5,11.0,0.0,976.8,100,27.5667,72.0667,0.0
2024-05-26 23:00:00+05:30,0.0,0.0,0.0,36.8,7.9,14.0,0.0,977.1,100,27.5667,72.0667,0.0
2024-05-27 00:00:00+05:30,0.0,0.0,0.0,39.7,1.6,10.0,0.0,976.6,100,27.5667,72.0667,0.0
2024-05-27 01:00:00+05:30,0.0,0.0,0.0,40.1,2.4,10.0,0.0,976.1,100,27.5667,72.0667,0.0
2024-05-27 02:00:00+05:30,0.0,0.0,0.0,38.9,4.8,11.0,0.0,975.9,100,27.5667,72.0667,0.0
2024-05-27 03:00:00+05:30,0.0,0.0,0.0,34.8,16.9,13.0,0.0,975.8,100,27.5667,72.0667,0.0
2024-05-27 04:00:00+05:30,0.0,0.0,0.0,34.5,18.9,17.0,0.0,975.8,100,27.5667,72.0667,0.0
2024-05-27 05:00:00+05:30,0.0,0.0,0.0,33.4,19.4,24.0,0.0,975.9,100,27.5667,72.0667,0.0
2024-05-27 06:00:00+05:30,15.0,11.2,14.0,33.4,21.5,32.0,0.0,977.0,100,27.5667,72.0667,0.6775839108374698
2024-05-27 07:00:00+05:30,119.0,106.6,93.0,34.4,19.9,32.0,0.0,977.2,100,27.5667,72.0667,7.7783929940368965
2024-05-27 08:00:00+05:30,291.0,262.5,172.0,36.3,15.0,29.0,0.0,977.4,100,27.5667,72.0667,20.507423906005517
2024-05-27 09:00:00+05:30,485.0,393.1,232.0,38.8,18.3,21.0,0.0,977.4,100,27.5667,72.0667,36.92371936289684
2024-05-27 10:00:00+05:30,664.0,482.9,277.0,41.9,21.6,12.0,0.0,977.2,100,27.5667,72.0667,50.95826234671953
2024-05-27 11:00:00+05:30,802.0,539.2,308.0,44.2,22.9,9.0,0.0,976.7,100,27.5667,72.0667,63.491384527667606
2024-05-27 12:00:00+05:30,882.0,569.5,324.0,46.1,23.2,8.0,0.0,976.1,100,27.5667,72.0667,71.89983701324394
2024-05-27 13:00:00+05:30,894.0,574.7,326.0,48.1,24.1,5.0,0.0,975.2,100,27.5667,72.0667,71.25117173743631
2024-05-27 14:00:00+05:30,844.0,562.1,315.0,48.7,26.9,3.0,0.0,974.1,100,27.5667,72.0667,67.77879217839822
2024-05-27 15:00:00+05:30,734.0,525.4,292.0,48.4,30.7,3.0,0.0,973.5,100,27.5667,72.0667,57.03102143667381
2024-05-27 16:00:00+05:30,566.0,450.0,253.0,47.8,29.6,4.0,0.0,973.0,100,27.5667,72.0667,42.67661586733207
2024-05-27 17:00:00+05:30,365.0,328.8,196.0,47.2,27.4,4.0,0.0,972.8,100,27.5667,72.0667,25.606345529404813
2024-05-27 18:00:00+05:30,173.0,165.1,122.0,45.6,24.5,4.0,0.0,973.6,100,27.5667,72.0667,10.746340844902107
2024-05-27 19:00:00+05:30,37.0,40.9,32.0,43.7,25.6,5.0,0.0,974.0,100,27.5667,72.0667,2.127414869107925
2024-05-27 20:00:00+05:30,0.0,0.0,0.0,42.6,21.6,6.0,0.0,974.3,100,27.5667,72.0667,0.0
2024-05-27 21:00:00+05:30,0.0,0.0,0.0,40.8,16.4,7.0,0.0,974.7,100,27.5667,72.0667,0.0
2024-05-27 22:00:00+05:30,0.0,0.0,0.0,37.9,10.6,8.0,0.0,974.6,100,27.5667,72.0667,0.0
2024-05-27 23:00:00+05:30,0.0,0.0,0.0,37.0,14.2,9.0,0.0,974.6,100,27.5667,72.0667,0.0
2024-05-28 00:00:00+05:30,0.0,0.0,0.0,36.3,15.0,9.0,0.0,974.5,100,27.5667,72.0667,0.0
2024-05-28 01:00:00+05:30,0.0,0.0,0.0,35.4,14.7,10.0,0.0,973.9,100,27.5667,72.0667,0.0
2024-05-28 02:00:00+05:30,0.0,0.0,0.0,35.1,17.6,11.0,0.0,973.3,100,27.5667,72.0667,0.0
2024-05-28 03:00:00+05:30,0.0,0.0,0.0,34.8,19.0,12.0,0.0,973.1,100,27.5667,72.0667,0.0
2024-05-28 04:00:00+05:30,0.0,0.0,0.0,34.2,24.3,14.0,0.0,973.6,100,27.5667,72.0667,0.0
2024-05-28 05:00:00+05:30,0.0,0.0,0.0,33.8,26.2,18.0,0.0,973.2,100,27.5667,72.0667,0.0
2024-05-28 06:00:00+05:30,15.0,11.2,14.0,33.7,27.8,23.0,0.0,974.4,100,27.5667,72.0667,0.6717515938017927
2024-05-28 07:00:00+05:30,120.0,110.4,93.0,34.7,24.3,24.0,0.0,974.9,100,27.5667,72.0667,7.804314074459898
2024-05-28 08:00:00+05:30,294.0,266.6,173.0,36.2,27.5,31.0,0.0,975.5,100,27.5667,72.0667,20.99762002792359
2024-05-28 09:00:00+05:30,486.0,394.5,232.0,38.8,28.8,27.0,0.0,975.8,100,27.5667,72.0667,36.62576749094157
2024-05-28 10:00:00+05:30,664.0,484.0,276.0,42.3,29.3,17.0,0.0,975.6,100,27.5667,72.0667,53.90338964631617
2024-05-28 11:00:00+05:30,801.0,540.2,306.0,45.1,29.6,10.0,0.0,975.1,100,27.5667,72.0667,63.77897338132131
2024-05-28 12:00:00+05:30,881.0,570.3,322.0,46.9,29.9,7.0,0.0,974.6,100,27.5667,72.0667,70.89591404002138
2024-05-28 13:00:00+05:30,898.0,578.5,326.0,47.3,30.8,6.0,0.0,974.2,100,27.5667,72.0667,73.44321395835537
2024-05-28 14:00:00+05:30,842.0,560.8,314.0,47.6,29.2,6.0,0.0,973.3,100,27.5667,72.0667,66.58189195826293
2024-05-28 15:00:00+05:30,724.0,516.7,289.0,47.8,27.0,5.0,0.0,972.5,100,27.5667,72.0667,57.17020671027753
2024-05-28 16:00:00+05:30,556.0,440.8,249.0,48.0,25.2,5.0,0.0,971.7,100,27.5667,72.0667,42.124403195581394
2024-05-28 17:00:00+05:30,360.0,322.2,194.0,47.7,29.4,4.0,0.0,971.2,100,27.5667,72.0667,24.25649154833287
2024-05-28 18:00:00+05:30,172.0,164.3,121.0,46.1,22.9,5.0,0.0,972.2,100,27.5667,72.0667,10.786322698424812
2024-05-28 19:00:00+05:30,38.0,40.7,33.0,43.7,21.4,5.0,0.0,972.5,100,27.5667,72.0667,2.1421159716489586
2024-05-28 20:00:00+05:30,0.0,0.0,0.0,41.2,16.9,6.0,0.0,972.9,100,27.5667,72.0667,0.0
2024-05-28 21:00:00+05:30,0.0,0.0,0.0,39.1,17.2,7.0,0.0,973.3,100,27.5667,72.0667,0.0
2024-05-28 22:00:00+05:30,0.0,0.0,0.0,39.0,22.2,7.0,0.0,973.5,100,27.5667,72.0667,0.0
2024-05-28 23:00:00+05:30,0.0,0.0,0.0,38.2,20.9,8.0,0.0,973.3,100,27.5667,72.0667,0.0
2024-05-29 00:00:00+05:30,0.0,0.0,0.0,36.1,18.7,9.0,0.0,973.3,100,27.5667,72.0667,0.0
2024-05-29 01:00:00+05:30,0.0,0.0,0.0,34.9,21.3,12.0,0.0,973.3,100,27.5667,72.0667,0.0
2024-05-29 02:00:00+05:30,0.0,0.0,0.0,34.3,29.0,24.0,0.0,973.2,100,27.5667,72.0667,0.0
2024-05-29 03:00:00+05:30,0.0,0.0,0.0,33.5,29.8,38.0,0.0,973.0,100,27.5667,72.0667,0.0
2024-05-29 04:00:00+05:30,0.0,0.0,0.0,32.4,29.1,45.0,0.0,973.4,100,27.5667,72.0667,0.0
2024-05-29 05:00:00+05:30,0.0,0.0,0.0,31.4,27.2,47.0,0.0,974.2,100,27.5667,72.0667,0.0
2024-05-29 06:00:00+05:30,16.0,11.1,15.0,31.3,30.0,50.0,0.0,974.8,100,27.5667,72.0667,0.7564940107465031
2024-05-29 07:00:00+05:30,121.0,110.1,94.0,31.9,26.7,47.0,0.0,975.4,100,27.5667,72.0667,7.992332362324955
2024-05-29 08:00:00+05:30,294.0,264.1,174.0,33.5,31.3,43.0,0.0,975.8,100,27.5667,72.0667,21.302413996538455
2024-05-29 09:00:00+05:30,489.0,395.8,234.0,36.1,32.6,37.0,0.0,976.0,100,27.5667,72.0667,38.329922115648976
2024-05-29 10:00:00+05:30,667.0,485.1,278.0,38.6,29.5,32.0,0.0,976.3,100,27.5667,72.0667,53.02313942490497
2024-05-29 11:00:00+05:30,796.0,534.7,306.0,40.8,27.4,26.0,0.0,976.3,100,27.5667,72.0667,64.40558746326232
2024-05-29 12:00:00+05:30,866.0,558.0,319.0,42.7,26.5,21.0,0.0,975.7,100,27.5667,72.0667,71.12356880250643
2024-05-29 13:00:00+05:30,880.0,565.2,321.0,44.2,25.1,17.0,0.0,975.2,100,27.5667,72.0667,70.82150220055989
2024-05-29 14:00:00+05:30,823.0,545.6,309.0,45.3,24.2,14.0,15.0,974.5,100,27.5667,72.0667,65.38755683297944
2024-05-29 15:00:00+05:30,670.0,461.7,281.0,46.1,24.7,9.0,23.0,974.1,100,27.5667,72.0667,51.973220198666795
2024-05-29 16:00:00+05:30,482.0,334.1,249.0,45.9,22.4,9.0,1.0,973.6,100,27.5667,72.0667,37.540888606935596
2024-05-29 17:00:00+05:30,349.0,306.0,191.0,45.5,23.5,9.0,0.0,973.5,100,27.5667,72.0667,23.750839599716592
2024-05-29 18:00:00+05:30,166.0,153.9,118.0,44.4,23.7,10.0,0.0,974.4,100,27.5667,72.0667,10.316916951318586
2024-05-29 19:00:00+05:30,37.0,40.4,32.0,42.3,20.2,11.0,0.0,974.6,100,27.5667,72.0667,2.117381189145544
2024-05-29 20:00:00+05:30,0.0,0.0,0.0,40.4,14.8,13.0,0.0,975.1,100,27.5667,72.0667,0.0
2024-05-29 21:00:00+05:30,0.0,0.0,0.0,38.5,12.3,16.0,0.0,975.7,100,27.5667,72.0667,0.0
2024-05-29 22:00:00+05:30,0.0,0.0,0.0,37.2,18.3,24.0,0.0,976.3,100,27.5667,72.0667,0.0
2024-05-29 23:00:00+05:30,0.0,0.0,0.0,36.9,26.1,38.0,0.0,976.4,100,27.5667,72.0667,0.0
2024-05-30 00:00:00+05:30,0.0,0.0,0.0,36.4,26.5,39.0,0.0,976.2,100,27.5667,72.0667,0.0
2024-05-30 01:00:00+05:30,0.0,0.0,0.0,35.7,30.8,41.0,0.0,976.1,100,27.5667,72.0667,0.0
2024-05-30 02:00:00+05:30,0.0,0.0,0.0,34.2,31.6,51.0,0.0,976.0,100,27.5667,72.0667,0.0
2024-05-30 03:00:00+05:30,0.0,0.0,0.0,32.8,32.1,55.0,0.0,976.4,100,27.5667,72.0667,0.0
2024-05-30 04:00:00+05:30,0.0,0.0,0.0,31.7,30.8,58.0,0.0,976.8,100,27.5667,72.0667,0.0
2024-05-30 05:00:00+05:30,0.0,0.0,0.0,30.8,29.0,60.0,0.0,977.2,100,27.5667,72.0667,0.0
2024-05-30 06:00:00+05:30,15.0,11.1,14.0,30.9,29.5,62.0,0.0,978.3,100,27.5667,72.0667,0.6877318992787891
2024-05-30 07:00:00+05:30,118.0,101.7,93.0,31.4,26.3,60.0,0.0,978.7,100,27.5667,72.0667,7.844762676685848
2024-05-30 08:00:00+05:30,289.0,252.9,174.0,32.9,28.4,53.0,0.0,979.3,100,27.5667,72.0667,20.8092317644185
2024-05-30 09:00:00+05:30,481.0,383.3,234.0,35.1,31.4,45.0,0.0,979.7,100,27.5667,72.0667,36.97093631787774
2024-05-30 10:00:00+05:30,656.0,470.1,279.0,37.7,32.3,36.0,0.0,979.7,100,27.5667,72.0667,53.90855164372454
2024-05-30 11:00:00+05:30,791.0,524.8,310.0,40.0,31.6,29.0,0.0,979.4,100,27.5667,72.0667,63.65095933114554
2024-05-30 12:00:00+05:30,867.0,552.8,325.0,42.0,30.4,24.0,0.0,979.0,100,27.5667,72.0667,72.46261052778875
2024-05-30 13:00:00+05:30,877.0,556.9,326.0,43.4,28.8,20.0,0.0,978.3,100,27.5667,72.0667,72.6100528553715
2024-05-30 14:00:00+05:30,820.0,537.9,313.0,44.5,26.2,16.0,0.0,977.7,100,27.5667,72.0667,65.3939916806065
2024-05-30 15:00:00+05:30,689.0,477.9,286.0,45.4,23.7,11.0,9.0,977.1,100,27.5667,72.0667,54.84820192088539
2024-05-30 16:00:00+05:30,496.0,360.9,244.0,45.7,22.7,8.0,2.0,976.8,100,27.5667,72.0667,38.591727052968224
2024-05-30 17:00:00+05:30,345.0,297.6,191.0,45.3,22.7,9.0,0.0,976.7,100,27.5667,72.0667,23.99321454931677
2024-05-30 18:00:00+05:30,167.0,150.0,120.0,44.7,21.5,9.0,0.0,977.4,100,27.5667,72.0667,10.59372237602251
2024-05-30 19:00:00+05:30,37.0,40.2,32.0,42.4,21.3,12.0,0.0,978.0,100,27.5667,72.0667,2.1280116073518682
2024-05-30 20:00:00+05:30,0.0,0.0,0.0,41.0,24.0,14.0,0.0,978.6,100,27.5667,72.0667,0.0
2024-05-30 21:00:00+05:30,0.0,0.0,0.0,39.7,23.9,17.0,0.0,979.2,100,27.5667,72.0667,0.0
2024-05-30 22:00:00+05:30,0.0,0.0,0.0,38.8,25.7,19.0,0.0,979.6,100,27.5667,72.0667,0.0
2024-05-30 23:00:00+05:30,0.0,0.0,0.0,37.4,24.5,23.0,0.0,979.9,100,27.5667,72.0667,0.0
2024-05-31 00:00:00+05:30,0.0,0.0,0.0,36.6,30.0,25.0,0.0,979.6,100,27.5667,72.0667,0.0
2024-05-31 01:00:00+05:30,0.0,0.0,0.0,35.9,29.0,31.0,0.0,979.3,100,27.5667,72.0667,0.0
2024-05-31 02:00:00+05:30,0.0,0.0,0.0,35.1,29.3,38.0,0.0,979.0,100,27.5667,72.0667,0.0
2024-05-31 03:00:00+05:30,0.0,0.0,0.0,33.9,29.4,45.0,0.0,978.9,100,27.5667,72.0667,0.0
2024-05-31 04:00:00+05:30,0.0,0.0,0.0,32.0,27.9,58.0,0.0,979.2,100,27.5667,72.0667,0.0
2024-05-31 05:00:00+05:30,0.0,0.0,0.0,30.8,27.2,65.0,0.0,979.7,100,27.5667,72.0667,0.0
2024-05-31 06:00:00+05:30,15.0,11.0,14.0,31.1,24.1,64.0,0.0,980.8,100,27.5667,72.0667,0.6669934924133025
2024-05-31 07:00:00+05:30,114.0,93.4,91.0,31.8,23.5,60.0,0.0,981.5,100,27.5667,72.0667,7.6711606813346815
2024-05-31 08:00:00+05:30,281.0,241.7,171.0,33.2,27.8,54.0,0.0,982.0,100,27.5667,72.0667,19.967669056982935
2024-05-31 09:00:00+05:30,472.0,369.2,234.0,35.8,29.9,41.0,0.0,982.4,100,27.5667,72.0667,36.543851757606774
2024-05-31 10:00:00+05:30,646.0,457.5,279.0,38.4,29.5,31.0,0.0,982.4,100,27.5667,72.0667,51.75376202025891
2024-05-31 11:00:00+05:30,779.0,512.7,309.0,40.5,28.9,23.0,0.0,982.0,100,27.5667,72.0667,62.897600724066265
2024-05-31 12:00:00+05:30,857.0,541.4,326.0,42.2,26.3,19.0,0.0,981.3,100,27.5667,72.0667,69.83745585074101
2024-05-31 13:00:00+05:30,869.0,546.7,328.0,43.5,24.1,15.0,0.0,980.3,100,27.5667,72.0667,69.20438988350392
2024-05-31 14:00:00+05:30,814.0,529.2,315.0,44.4,23.3,13.0,8.0,979.1,100,27.5667,72.0667,65.17186313728236
2024-05-31 15:00:00+05:30,649.0,430.1,286.0,44.8,24.1,11.0,27.0,978.3,100,27.5667,72.0667,50.89299647479856
2024-05-31 16:00:00+05:30,488.0,329.0,258.0,44.8,23.4,10.0,17.0,978.0,100,27.5667,72.0667,36.79533884759856
2024-05-31 17:00:00+05:30,330.0,264.1,193.0,44.3,23.2,10.0,19.0,977.8,100,27.5667,72.0667,22.83797310539269
2024-05-31 18:00:00+05:30,162.0,133.5,120.0,43.2,22.3,10.0,2.0,978.7,100,27.5667,72.0667,10.663370958606505
2024-05-31 19:00:00+05:30,38.0,40.0,33.0,41.4,18.6,11.0,2.0,978.9,100,27.5667,72.0667,2.2096048941415867
2024-05-31 20:00:00+05:30,0.0,0.0,0.0,39.6,18.0,14.0,0.0,979.2,100,27.5667,72.0667,0.0
2024-05-31 21:00:00+05:30,0.0,0.0,0.0,38.3,20.4,17.0,0.0,979.9,100,27.5667,72.0667,0.0
2024-05-31 22:00:00+05:30,0.0,0.0,0.0,37.4,25.5,22.0,0.0,980.4,100,27.5667,72.0667,0.0
2024-05-31 23:00:00+05:30,0.0,0.0,0.0,36.5,26.5,27.0,0.0,980.5,100,27.5667,72.0667,0.0
2024-06-01 00:00:00+05:30,0.0,0.0,0.0,35.6,25.8,30.0,0.0,980.0,100,27.5667,72.0667,0.0
2024-06-01 01:00:00+05:30,0.0,0.0,0.0,34.9,22.7,32.0,0.0,979.8,100,27.5667,72.0667,0.0
2024-06-01 02:00:00+05:30,0.0,0.0,0.0,34.1,21.1,36.0,0.0,979.6,100,27.5667,72.0667,0.0
2024-06-01 03:00:00+05:30,0.0,0.0,0.0,33.0,22.4,44.0,0.0,979.9,100,27.5667,72.0667,0.0
2024-06-01 04:00:00+05:30,0.0,0.0,0.0,31.6,23.7,54.0,0.0,980.2,100,27.5667,72.0667,0.0
2024-06-01 05:00:00+05:30,0.0,0.0,0.0,30.6,20.1,59.0,0.0,980.6,100,27.5667,72.0667,0.0
2024-06-01 06:00:00+05:30,15.0,11.0,14.0,31.2,23.9,56.0,0.0,981.4,100,27.5667,72.0667,0.6864741035955929
2024-06-01 07:00:00+05:30,114.0,93.2,91.0,31.7,18.9,55.0,0.0,982.2,100,27.5667,72.0667,7.45830719871326
2024-06-01 08:00:00+05:30,278.0,237.2,170.0,32.9,20.8,51.0,0.0,982.8,100,27.5667,72.0667,19.768365412204812
2024-06-01 09:00:00+05:30,462.0,358.2,231.0,34.5,21.9,44.0,0.0,983.1,100,27.5667,72.0667,35.818996359906784
2024-06-01 10:00:00+05:30,630.0,442.5,275.0,36.2,24.4,37.0,0.0,982.9,100,27.5667,72.0667,52.26876166314662
2024-06-01 11:00:00+05:30,762.0,497.4,306.0,38.0,26.4,31.0,0.0,982.6,100,27.5667,72.0667,62.03091035576998
2024-06-01 12:00:00+05:30,839.0,526.1,323.0,39.5,25.0,26.0,0.0,981.8,100,27.5667,72.0667,68.52155280266801
2024-06-01 13:00:00+05:30,850.0,532.4,323.0,40.7,23.0,23.0,0.0,980.9,100,27.5667,72.0667,70.73654815882588
2024-06-01 14:00:00+05:30,798.0,515.1,312.0,41.5,21.3,20.0,0.0,980.4,100,27.5667,72.0667,64.71872293296535
2024-06-01 15:00:00+05:30,684.0,472.4,285.0,42.1,20.2,18.0,0.0,979.5,100,27.5667,72.0667,55.39582858670338
2024-06-01 16:00:00+05:30,526.0,400.0,246.0,42.2,20.9,16.0,3.0,979.0,100,27.5667,72.0667,39.99033048274536
2024-06-01 17:00:00+05:30,327.0,269.4,187.0,42.1,18.8,15.0,10.0,978.9,100,27.5667,72.0667,23.076229553786057
2024-06-01 18:00:00+05:30,160.0,136.1,117.0,41.3,13.8,14.0,12.0,979.6,100,27.5667,72.0667,10.235289668131431
2024-06-01 19:00:00+05:30,37.0,39.8,32.0,39.7,8.3,15.0,10.0,980.0,100,27.5667,72.0667,2.138371993868835
2024-06-01 20:00:00+05:30,0.0,0.0,0.0,37.9,9.4,17.0,8.0,980.3,100,27.5667,72.0667,0.0
2024-06-01 21:00:00+05:30,0.0,0.0,0.0,36.8,13.4,20.0,2.0,980.6,100,27.5667,72.0667,0.0
2024-06-01 22:00:00+05:30,0.0,0.0,0.0,35.9,16.9,22.0,1.0,981.1,100,27.5667,72.0667,0.0
2024-06-01 23:00:00+05:30,0.0,0.0,0.0,34.7,16.2,23.0,1.0,981.1,100,27.5667,72.0667,0.0
2024-06-02 00:00:00+05:30,0.0,0.0,0.0,34.1,18.6,24.0,1.0,980.8,100,27.5667,72.0667,0.0
2024-06-02 01:00:00+05:30,0.0,0.0,0.0,33.7,19.0,29.0,1.0,980.6,100,27.5667,72.0667,0.0
2024-06-02 02:00:00+05:30,0.0,0.0,0.0,33.5,20.0,35.0,0.0,980.7,100,27.5667,72.0667,0.0
2024-06-02 03:00:00+05:30,0.0,0.0,0.0,32.9,21.8,47.0,0.0,981.0,100,27.5667,72.0667,0.0
2024-06-02 04:00:00+05:30,0.0,0.0,0.0,32.2,21.4,54.0,0.0,981.7,100,27.5667,72.0667,0.0
2024-06-02 05:00:00+05:30,0.0,0.0,0.0,31.5,18.7,58.0,0.0,982.0,100,27.5667,72.0667,0.0
2024-06-02 06:00:00+05:30,15.0,11.0,14.0,31.6,20.6,62.0,0.0,982.8,100,27.5667,72.0667,0.6701628827617723
2024-06-02 07:00:00+05:30,111.0,89.0,89.0,32.3,19.5,59.0,0.0,983.8,100,27.5667,72.0667,7.371240784093755
2024-06-02 08:00:00+05:30,270.0,223.9,168.0,33.6,24.7,53.0,0.0,984.5,100,27.5667,72.0667,20.165547819495394
2024-06-02 09:00:00+05:30,452.0,344.2,230.0,35.3,27.3,45.0,0.0,984.8,100,27.5667,72.0667,34.880367306084025
2024-06-02 10:00:00+05:30,622.0,432.5,275.0,37.0,27.1,38.0,0.0,984.6,100,27.5667,72.0667,50.680238886335474
2024-06-02 11:00:00+05:30,753.0,487.5,306.0,38.8,26.8,32.0,0.0,984.2,100,27.5667,72.0667,61.80940802652294
2024-06-02 12:00:00+05:30,830.0,516.8,323.0,40.3,25.4,26.0,9.0,983.6,100,27.5667,72.0667,67.26510117490957
2024-06-02 13:00:00+05:30,804.0,481.7,327.0,41.5,20.2,20.0,17.0,982.6,100,27.5667,72.0667,63.965716097238456
2024-06-02 14:00:00+05:30,731.0,445.0,311.0,42.1,14.0,17.0,11.0,982.0,100,27.5667,72.0667,57.14490702282718
2024-06-02 15:00:00+05:30,615.0,407.0,271.0,42.3,11.9,17.0,7.0,981.3,100,27.5667,72.0667,48.91962450237162
2024-06-02 16:00:00+05:30,513.0,378.1,248.0,42.5,12.8,16.0,4.0,980.9,100,27.5667,72.0667,38.8746080600595
2024-06-02 17:00:00+05:30,333.0,274.5,190.0,42.1,15.0,16.0,2.0,980.7,100,27.5667,72.0667,23.402407332291965
2024-06-02 18:00:00+05:30,161.0,135.5,118.0,41.6,14.8,15.0,0.0,981.5,100,27.5667,72.0667,10.44472789285141
2024-06-02 19:00:00+05:30,38.0,39.5,33.0,40.1,10.9,16.0,0.0,981.8,100,27.5667,72.0667,2.22843935833882
2024-06-02 20:00:00+05:30,0.0,0.0,0.0,38.5,12.3,18.0,0.0,982.1,100,27.5667,72.0667,0.0
2024-06-02 21:00:00+05:30,0.0,0.0,0.0,37.4,14.8,19.0,0.0,982.5,100,27.5667,72.0667,0.0
2024-06-02 22:00:00+05:30,0.0,0.0,0.0,36.4,18.1,20.0,0.0,982.7,100,27.5667,72.0667,0.0
2024-06-02 23:00:00+05:30,0.0,0.0,0.0,35.9,21.3,20.0,0.0,982.5,100,27.5667,72.0667,0.0
2024-06-03 00:00:00+05:30,0.0,0.0,0.0,35.3,24.2,22.0,0.0,982.0,100,27.5667,72.0667,0.0
2024-06-03 01:00:00+05:30,0.0,0.0,0.0,34.4,24.7,25.0,0.0,981.4,100,27.5667,72.0667,0.0
2024-06-03 02:00:00+05:30,0.0,0.0,0.0,33.7,22.5,29.0,0.0,981.4,100,27.5667,72.0667,0.0
2024-06-03 03:00:00+05:30,0.0,0.0,0.0,32.9,20.4,30.0,0.0,981.5,100,27.5667,72.0667,0.0
2024-06-03 04:00:00+05:30,0.0,0.0,0.0,32.2,18.6,32.0,0.0,982.1,100,27.5667,72.0667,0.0
2024-06-03 05:00:00+05:30,0.0,0.0,0.0,31.7,22.6,34.0,0.0,982.6,100,27.5667,72.0667,0.0
2024-06-03 06:00:00+05:30,15.0,11.0,14.0,31.6,19.7,54.0,0.0,983.2,100,27.5667,72.0667,0.678881390354748
2024-06-03 07:00:00+05:30,110.0,84.9,89.0,32.3,17.1,54.0,0.0,983.8,100,27.5667,72.0667,7.502126892310166
2024-06-03 08:00:00+05:30,270.0,223.8,168.0,33.9,18.5,48.0,0.0,984.1,100,27.5667,72.0667,19.21561595402037
2024-06-03 09:00:00+05:30,453.0,345.7,230.0,36.3,20.8,39.0,0.0,984.4,100,27.5667,72.0667,35.438625222051755
2024-06-03 10:00:00+05:30,623.0,432.5,276.0,38.8,22.9,28.0,0.0,984.2,100,27.5667,72.0667,48.376573125163794
2024-06-03 11:00:00+05:30,754.0,488.6,306.0,40.5,21.5,23.0,0.0,983.8,100,27.5667,72.0667,61.53058260971058
2024-06-03 12:00:00+05:30,831.0,517.8,323.0,41.8,19.1,20.0,8.0,983.1,100,27.5667,72.0667,66.0559426301406
2024-06-03 13:00:00+05:30,829.0,509.9,324.0,42.9,17.0,18.0,8.0,982.2,100,27.5667,72.0667,64.65307025841385
2024-06-03 14:00:00+05:30,724.0,440.5,308.0,43.4,16.8,16.0,6.0,981.3,100,27.5667,72.0667,57.95093256501657
2024-06-03 15:00:00+05:30,636.0,419.7,281.0,43.7,17.6,15.0,4.0,980.5,100,27.5667,72.0667,51.41137163841005
2024-06-03 16:00:00+05:30,509.0,374.7,246.0,43.7,20.1,15.0,0.0,979.7,100,27.5667,72.0667,39.0707029385578
2024-06-03 17:00:00+05:30,337.0,279.7,191.0,43.1,22.4,15.0,0.0,979.4,100,27.5667,72.0667,24.446604924680475
2024-06-03 18:00:00+05:30,162.0,138.1,118.0,42.2,21.7,16.0,0.0,980.0,100,27.5667,72.0667,10.753554703242616
2024-06-03 19:00:00+05:30,38.0,39.3,33.0,40.8,22.3,17.0,0.0,980.3,100,27.5667,72.0667,2.2360892526431795
2024-06-03 20:00:00+05:30,0.0,0.0,0.0,39.6,24.1,18.0,0.0,981.0,100,27.5667,72.0667,0.0
2024-06-03 21:00:00+05:30,0.0,0.0,0.0,38.5,24.2,19.0,0.0,981.5,100,27.5667,72.0667,0.0
2024-06-03 22:00:00+05:30,0.0,0.0,0.0,37.7,25.2,20.0,0.0,981.8,100,27.5667,72.0667,0.0
2024-06-03 23:00:00+05:30,0.0,0.0,0.0,36.8,25.5,20.0,0.0,981.8,100,27.5667,72.0667,0.0
2024-06-04 00:00:00+05:30,0.0,0.0,0.0,36.0,25.7,21.0,0.0,981.2,100,27.5667,72.0667,0.0
2024-06-04 01:00:00+05:30,0.0,0.0,0.0,35.3,25.9,22.0,0.0,980.7,100,27.5667,72.0667,0.0
2024-06-04 02:00:00+05:30,0.0,0.0,0.0,34.8,27.6,23.0,0.0,980.5,100,27.5667,72.0667,0.0
2024-06-04 03:00:00+05:30,0.0,0.0,0.0,33.5,31.5,26.0,0.0,980.7,100,27.5667,72.0667,0.0
2024-06-04 04:00:00+05:30,0.0,0.0,0.0,32.2,28.6,36.0,0.0,981.3,100,27.5667,72.0667,0.0
2024-06-04 05:00:00+05:30,0.0,0.0,0.0,31.2,26.9,46.0,0.0,981.7,100,27.5667,72.0667,0.0
2024-06-04 06:00:00+05:30,15.0,11.0,14.0,31.0,23.6,54.0,0.0,982.7,100,27.5667,72.0667,0.6931027451385389
2024-06-04 07:00:00+05:30,113.0,88.8,91.0,31.4,24.7,55.0,0.0,983.2,100,27.5667,72.0667,7.735319588952781
2024-06-04 08:00:00+05:30,274.0,228.2,170.0,33.0,26.8,47.0,0.0,983.8,100,27.5667,72.0667,19.693282831540586
2024-06-04 09:00:00+05:30,459.0,353.5,231.0,36.2,29.0,31.0,0.0,983.9,100,27.5667,72.0667,36.06801938063862
2024-06-04 10:00:00+05:30,636.0,443.8,280.0,38.7,37.1,23.0,0.0,983.6,100,27.5667,72.0667,51.89611554412547
2024-06-04 11:00:00+05:30,767.0,498.4,310.0,40.1,39.2,21.0,0.0,983.3,100,27.5667,72.0667,64.00395001789072
2024-06-04 12:00:00+05:30,844.0,527.9,326.0,41.3,37.2,19.0,0.0,982.3,100,27.5667,72.0667,70.79998873692837
2024-06-04 13:00:00+05:30,858.0,534.0,329.0,42.5,34.4,14.0,0.0,981.6,100,27.5667,72.0667,70.81287507042435
2024-06-04 14:00:00+05:30,808.0,518.7,318.0,43.3,32.6,11.0,0.0,980.7,100,27.5667,72.0667,65.77217483799944
2024-06-04 15:00:00+05:30,699.0,479.6,293.0,43.5,31.1,11.0,0.0,979.7,100,27.5667,72.0667,55.95313575119353
2024-06-04 16:00:00+05:30,537.0,405.6,252.0,43.1,30.8,11.0,0.0,979.1,100,27.5667,72.0667,40.557358309508025
2024-06-04 17:00:00+05:30,349.0,292.5,196.0,42.6,29.1,12.0,0.0,979.1,100,27.5667,72.0667,25.134529270854244
2024-06-04 18:00:00+05:30,167.0,143.8,121.0,41.9,25.2,12.0,0.0,980.0,100,27.5667,72.0667,10.895153654826675
2024-06-04 19:00:00+05:30,40.0,39.1,35.0,40.0,20.6,14.0,0.0,980.1,100,27.5667,72.0667,2.3831686976304813
2024-06-04 20:00:00+05:30,0.0,0.0,0.0,38.4,20.5,18.0,0.0,980.7,100,27.5667,72.0667,0.0
2024-06-04 21:00:00+05:30,0.0,0.0,0.0,37.3,21.8,22.0,0.0,981.2,100,27.5667,72.0667,0.0
2024-06-04 22:00:00+05:30,0.0,0.0,0.0,36.3,23.0,26.0,0.0,981.7,100,27.5667,72.0667,0.0
2024-06-04 23:00:00+05:30,0.0,0.0,0.0,35.6,24.1,29.0,0.0,982.1,100,27.5667,72.0667,0.0
2024-06-05 00:00:00+05:30,0.0,0.0,0.0,34.8,26.2,34.0,0.0,982.0,100,27.5667,72.0667,0.0
2024-06-05 01:00:00+05:30,0.0,0.0,0.0,33.9,31.4,43.0,0.0,982.1,100,27.5667,72.0667,0.0
2024-06-05 02:00:00+05:30,0.0,0.0,0.0,32.9,28.8,48.0,0.0,981.8,100,27.5667,72.0667,0.0
2024-06-05 03:00:00+05:30,0.0,0.0,0.0,31.6,28.2,51.0,0.0,981.7,100,27.5667,72.0667,0.0
2024-06-05 04:00:00+05:30,0.0,0.0,0.0,30.6,28.0,55.0,0.0,981.8,100,27.5667,72.0667,0.0
2024-06-05 05:00:00+05:30,0.0,0.0,0.0,29.8,22.9,58.0,0.0,982.3,100,27.5667,72.0667,0.0
2024-06-05 06:00:00+05:30,15.0,10.9,14.0,30.0,20.4,61.0,0.0,983.0,100,27.5667,72.0667,0.6809033265817258
2024-06-05 07:00:00+05:30,113.0,88.8,91.0,30.2,25.8,60.0,0.0,983.5,100,27.5667,72.0667,7.761136995642579
2024-06-05 08:00:00+05:30,275.0,228.2,171.0,31.1,28.7,57.0,0.0,983.9,100,27.5667,72.0667,20.23045092509448
2024-06-05 09:00:00+05:30,459.0,350.4,233.0,32.6,31.3,51.0,0.0,984.3,100,27.5667,72.0667,36.70276063486303
2024-06-05 10:00:00+05:30,629.0,435.1,280.0,34.5,34.5,44.0,0.0,983.8,100,27.5667,72.0667,51.78265315906902
2024-06-05 11:00:00+05:30,760.0,490.8,310.0,36.6,35.2,37.0,0.0,983.2,100,27.5667,72.0667,63.414381518700516
2024-06-05 12:00:00+05:30,836.0,518.7,327.0,38.4,33.7,31.0,0.0,982.6,100,27.5667,72.0667,69.74602122441117
2024-06-05 13:00:00+05:30,847.0,523.8,328.0,39.7,34.0,28.0,0.0,981.7,100,27.5667,72.0667,68.62987765222485
2024-06-05 14:00:00+05:30,793.0,506.8,314.0,40.8,33.7,26.0,0.0,980.7,100,27.5667,72.0667,66.07943731757526
2024-06-05 15:00:00+05:30,681.0,463.9,288.0,41.4,31.6,24.0,0.0,979.9,100,27.5667,72.0667,54.03331951869827
2024-06-05 16:00:00+05:30,523.0,392.3,247.0,41.5,30.1,23.0,0.0,979.3,100,27.5667,72.0667,40.88446128512067
2024-06-05 17:00:00+05:30,340.0,282.3,192.0,41.1,28.6,23.0,0.0,979.1,100,27.5667,72.0667,24.74796093270433
2024-06-05 18:00:00+05:30,165.0,140.1,120.0,39.6,32.0,24.0,9.0,979.8,100,27.5667,72.0667,10.572884921657252
2024-06-05 19:00:00+05:30,39.0,38.9,34.0,38.4,25.0,28.0,39.0,980.8,100,27.5667,72.0667,2.246041485307313
2024-06-05 20:00:00+05:30,0.0,0.0,0.0,37.3,20.0,32.0,43.0,981.8,100,27.5667,72.0667,0.0
2024-06-05 21:00:00+05:30,0.0,0.0,0.0,36.6,15.0,34.0,72.0,981.9,100,27.5667,72.0667,0.0
2024-06-05 22:00:00+05:30,0.0,0.0,0.0,35.8,14.6,37.0,0.0,982.0,100,27.5667,72.0667,0.0
2024-06-05 23:00:00+05:30,0.0,0.0,0.0,35.0,15.2,40.0,0.0,982.2,100,27.5667,72.0667,0.0
2024-06-06 00:00:00+05:30,0.0,0.0,0.0,34.4,18.6,42.0,0.0,982.1,100,27.5667,72.0667,0.0
2024-06-06 01:00:00+05:30,0.0,0.0,0.0,33.8,20.5,45.0,0.0,982.0,100,27.5667,72.0667,0.0
2024-06-06 02:00:00+05:30,0.0,0.0,0.0,32.9,23.5,48.0,0.0,982.4,100,27.5667,72.0667,0.0
2024-06-06 03:00:00+05:30,0.0,0.0,0.0,31.8,27.5,52.0,0.0,982.8,100,27.5667,72.0667,0.0
2024-06-06 04:00:00+05:30,0.0,0.0,0.0,30.9,24.7,55.0,0.0,983.4,100,27.5667,72.0667,0.0
2024-06-06 05:00:00+05:30,0.0,0.0,0.0,30.1,18.4,58.0,0.0,984.4,100,27.5667,72.0667,0.0
2024-06-06 06:00:00+05:30,15.0,10.9,14.0,30.6,16.8,57.0,0.0,985.7,100,27.5667,72.0667,0.6798416942071175
2024-06-06 07:00:00+05:30,108.0,80.7,88.0,31.0,19.5,56.0,0.0,985.9,100,27.5667,72.0667,7.398943592128468
2024-06-06 08:00:00+05:30,264.0,212.8,167.0,31.9,17.7,53.0,0.0,986.1,100,27.5667,72.0667,19.22346675517453
2024-06-06 09:00:00+05:30,447.0,335.0,231.0,33.4,18.8,48.0,0.0,986.4,100,27.5667,72.0667,34.572603994923945
2024-06-06 10:00:00+05:30,617.0,422.7,278.0,34.9,21.3,43.0,0.0,986.2,100,27.5667,72.0667,50.55270787269214
2024-06-06 11:00:00+05:30,749.0,477.7,311.0,36.4,22.2,38.0,0.0,986.1,100,27.5667,72.0667,62.74186649431581
2024-06-06 12:00:00+05:30,821.0,504.4,326.0,37.5,18.9,36.0,0.0,986.0,100,27.5667,72.0667,66.81598794975717
2024-06-06 13:00:00+05:30,829.0,505.5,328.0,38.6,19.2,34.0,0.0,984.6,100,27.5667,72.0667,68.1192554309687
2024-06-06 14:00:00+05:30,781.0,492.8,315.0,39.8,19.3,31.0,0.0,983.5,100,27.5667,72.0667,64.13028370607978
2024-06-06 15:00:00+05:30,670.0,450.6,288.0,40.4,17.8,30.0,0.0,982.8,100,27.5667,72.0667,52.892658158451674
2024-06-06 16:00:00+05:30,512.0,376.2,247.0,40.8,16.3,29.0,0.0,982.2,100,27.5667,72.0667,38.14661128291561
2024-06-06 17:00:00+05:30,329.0,264.6,190.0,40.6,14.7,30.0,0.0,981.6,100,27.5667,72.0667,24.14160612981962
2024-06-06 18:00:00+05:30,160.0,130.2,118.0,40.3,11.1,27.0,32.0,982.7,100,27.5667,72.0667,10.564560913850814
2024-06-06 19:00:00+05:30,38.0,31.0,34.0,39.4,16.6,28.0,32.0,982.9,100,27.5667,72.0667,2.2982429254996934
2024-06-06 20:00:00+05:30,0.0,0.0,0.0,38.8,10.5,28.0,100.0,983.2,100,27.5667,72.0667,0.0
2024-06-06 21:00:00+05:30,0.0,0.0,0.0,37.2,13.8,32.0,83.0,983.6,100,27.5667,72.0667,0.0
2024-06-06 22:00:00+05:30,0.0,0.0,0.0,33.6,16.1,43.0,79.0,984.0,100,27.5667,72.0667,0.0
2024-06-06 23:00:00+05:30,0.0,0.0,0.0,33.1,9.6,45.0,0.0,983.8,100,27.5667,72.0667,0.0
2024-06-07 00:00:00+05:30,0.0,0.0,0.0,33.1,9.0,44.0,0.0,983.1,100,27.5667,72.0667,0.0
2024-06-07 01:00:00+05:30,0.0,0.0,0.0,32.4,12.6,46.0,0.0,982.3,100,27.5667,72.0667,0.0
2024-06-07 02:00:00+05:30,0.0,0.0,0.0,32.1,13.6,47.0,0.0,982.3,100,27.5667,72.0667,0.0
2024-06-07 03:00:00+05:30,0.0,0.0,0.0,31.9,13.1,48.0,0.0,982.3,100,27.5667,72.0667,0.0
2024-06-07 04:00:00+05:30,0.0,0.0,0.0,31.6,11.2,50.0,0.0,982.7,100,27.5667,72.0667,0.0
2024-06-07 05:00:00+05:30,0.0,0.0,0.0,31.3,15.5,51.0,0.0,983.0,100,27.5667,72.0667,0.0
2024-06-07 06:00:00+05:30,10.0,0.0,10.0,30.9,13.8,55.0,100.0,984.3,100,27.5667,72.0667,0.3218830474766072
2024-06-07 07:00:00+05:30,90.0,20.2,85.0,31.1,19.1,58.0,54.0,984.6,100,27.5667,72.0667,6.993891739384394
2024-06-07 08:00:00+05:30,263.0,201.9,171.0,32.2,19.9,56.0,7.0,985.0,100,27.5667,72.0667,19.14641331351367
2024-06-07 09:00:00+05:30,446.0,332.0,232.0,34.2,18.8,47.0,2.0,985.3,100,27.5667,72.0667,34.31035704845229
2024-06-07 10:00:00+05:30,614.0,421.5,276.0,36.4,16.1,37.0,3.0,985.2,100,27.5667,72.0667,48.63595431266806
2024-06-07 11:00:00+05:30,743.0,473.4,309.0,38.0,12.7,30.0,1.0,984.7,100,27.5667,72.0667,58.42498993177138
2024-06-07 12:00:00+05:30,821.0,505.4,325.0,39.4,9.2,25.0,0.0,984.1,100,27.5667,72.0667,64.03053567744023
2024-06-07 13:00:00+05:30,834.0,510.4,328.0,40.4,8.1,22.0,0.0,983.0,100,27.5667,72.0667,64.20973234010654
2024-06-07 14:00:00+05:30,781.0,492.6,315.0,41.3,8.7,21.0,16.0,981.7,100,27.5667,72.0667,60.61327153141379
2024-06-07 15:00:00+05:30,640.0,411.3,291.0,41.5,12.5,20.0,37.0,980.5,100,27.5667,72.0667,50.14840148732394
2024-06-07 16:00:00+05:30,407.0,245.3,234.0,41.4,7.3,20.0,49.0,979.9,100,27.5667,72.0667,31.65460266882714
2024-06-07 17:00:00+05:30,269.0,157.7,186.0,41.6,8.4,19.0,78.0,979.8,100,27.5667,72.0667,19.73811350909928
2024-06-07 18:00:00+05:30,121.0,58.7,102.0,39.1,32.4,20.0,81.0,980.5,100,27.5667,72.0667,8.76347027876884
2024-06-07 19:00:00+05:30,30.0,23.1,27.0,36.2,19.5,26.0,49.0,980.9,100,27.5667,72.0667,1.7189257656581187
2024-06-07 20:00:00+05:30,0.0,0.0,0.0,35.8,13.6,27.0,38.0,981.2,100,27.5667,72.0667,0.0
2024-06-07 21:00:00+05:30,0.0,0.0,0.0,35.4,10.3,27.0,99.0,981.9,100,27.5667,72.0667,0.0
2024-06-07 22:00:00+05:30,0.0,0.0,0.0,34.8,7.9,30.0,40.0,982.3,100,27.5667,72.0667,0.0
2024-06-07 23:00:00+05:30,0.0,0.0,0.0,33.2,4.7,34.0,33.0,982.0,100,27.5667,72.0667,0.0
2024-06-08 00:00:00+05:30,0.0,0.0,0.0,33.6,1.6,32.0,40.0,981.9,100,27.5667,72.0667,0.0
2024-06-08 01:00:00+05:30,0.0,0.0,0.0,31.8,4.8,37.0,62.0,981.3,100,27.5667,72.0667,0.0
2024-06-08 02:00:00+05:30,0.0,0.0,0.0,31.4,8.4,37.0,49.0,980.7,100,27.5667,72.0667,0.0
2024-06-08 03:00:00+05:30,0.0,0.0,0.0,30.5,5.5,39.0,94.0,980.9,100,27.5667,72.0667,0.0
2024-06-08 04:00:00+05:30,0.0,0.0,0.0,30.3,6.7,39.0,81.0,981.1,100,27.5667,72.0667,0.0
2024-06-08 05:00:00+05:30,0.0,0.0,0.0,29.8,5.9,40.0,7.0,981.2,100,27.5667,72.0667,0.0
2024-06-08 06:00:00+05:30,10.0,0.0,10.0,26.5,4.0,77.0,86.0,983.3,100,27.5667,72.0667,0.3414389607066534
2024-06-08 07:00:00+05:30,77.0,24.2,71.0,27.7,6.6,67.0,59.0,983.7,100,27.5667,72.0667,5.780513683850237
2024-06-08 08:00:00+05:30,225.0,133.9,164.0,29.6,8.4,57.0,80.0,984.2,100,27.5667,72.0667,16.554013398785823
2024-06-08 09:00:00+05:30,387.0,203.3,256.0,31.7,7.0,50.0,24.0,984.5,100,27.5667,72.0667,30.904635825922014
2024-06-08 10:00:00+05:30,556.0,323.1,297.0,33.2,10.6,46.0,100.0,984.4,100,27.5667,72.0667,43.42646217125403
2024-06-08 11:00:00+05:30,452.0,168.0,298.0,33.7,10.7,44.0,100.0,984.0,100,27.5667,72.0667,36.44590510493298
2024-06-08 12:00:00+05:30,234.0,0.0,234.0,33.2,12.1,45.0,100.0,983.4,100,27.5667,72.0667,19.704364276284398
2024-06-08 13:00:00+05:30,375.0,52.4,323.0,34.0,11.8,43.0,97.0,982.6,100,27.5667,72.0667,31.13381885673884
2024-06-08 14:00:00+05:30,470.0,147.9,330.0,35.2,9.4,38.0,28.0,981.5,100,27.5667,72.0667,38.40805216272037
2024-06-08 15:00:00+05:30,657.0,428.7,293.0,36.9,7.1,33.0,14.0,980.3,100,27.5667,72.0667,51.498987263641716
2024-06-08 16:00:00+05:30,495.0,354.0,245.0,38.0,5.4,30.0,22.0,979.5,100,27.5667,72.0667,37.87087901770134
2024-06-08 17:00:00+05:30,266.0,172.5,175.0,35.6,21.2,35.0,81.0,979.8,100,27.5667,72.0667,19.54877581988843
2024-06-08 18:00:00+05:30,160.0,129.2,118.0,37.9,15.6,24.0,6.0,979.7,100,27.5667,72.0667,10.430411979713556
2024-06-08 19:00:00+05:30,40.0,38.3,35.0,37.4,12.7,24.0,10.0,980.1,100,27.5667,72.0667,2.411674185897074
2024-06-08 20:00:00+05:30,0.0,0.0,0.0,36.4,10.0,26.0,92.0,980.6,100,27.5667,72.0667,0.0
2024-06-08 21:00:00+05:30,0.0,0.0,0.0,35.2,6.0,29.0,1.0,981.2,100,27.5667,72.0667,0.0
2024-06-08 22:00:00+05:30,0.0,0.0,0.0,33.6,15.5,32.0,7.0,981.9,100,27.5667,72.0667,0.0
2024-06-08 23:00:00+05:30,0.0,0.0,0.0,32.9,12.9,34.0,3.0,981.6,100,27.5667,72.0667,0.0
2024-06-09 00:00:00+05:30,0.0,0.0,0.0,32.0,11.7,36.0,19.0,981.3,100,27.5667,72.0667,0.0
2024-06-09 01:00:00+05:30,0.0,0.0,0.0,31.2,10.0,37.0,15.0,980.7,100,27.5667,72.0667,0.0
2024-06-09 02:00:00+05:30,0.0,0.0,0.0,30.7,9.0,38.0,0.0,980.7,100,27.5667,72.0667,0.0
2024-06-09 03:00:00+05:30,0.0,0.0,0.0,29.8,5.9,42.0,0.0,980.8,100,27.5667,72.0667,0.0
2024-06-09 04:00:00+05:30,0.0,0.0,0.0,30.5,1.6,38.0,0.0,981.3,100,27.5667,72.0667,0.0
2024-06-09 05:00:00+05:30,0.0,0.0,0.0,30.2,2.3,39.0,0.0,981.4,100,27.5667,72.0667,0.0
2024-06-09 06:00:00+05:30,15.0,10.9,14.0,28.6,5.9,58.0,7.0,982.6,100,27.5667,72.0667,0.6988506831280756
2024-06-09 07:00:00+05:30,105.0,76.7,86.0,30.4,5.6,51.0,14.0,983.1,100,27.5667,72.0667,7.197521796152471
2024-06-09 08:00:00+05:30,255.0,195.5,166.0,32.6,4.3,41.0,2.0,983.3,100,27.5667,72.0667,17.990676559687543
2024-06-09 09:00:00+05:30,442.0,326.0,232.0,35.0,6.4,34.0,0.0,983.5,100,27.5667,72.0667,33.54857570473599
2024-06-09 10:00:00+05:30,612.0,418.0,277.0,37.2,8.4,29.0,0.0,983.5,100,27.5667,72.0667,48.44161505376843
2024-06-09 11:00:00+05:30,742.0,472.5,309.0,38.7,12.2,26.0,0.0,983.1,100,27.5667,72.0667,58.516893416299915
2024-06-09 12:00:00+05:30,819.0,502.4,326.0,39.6,12.7,24.0,14.0,982.5,100,27.5667,72.0667,64.14508027316525
2024-06-09 13:00:00+05:30,797.0,468.9,332.0,40.3,12.2,23.0,17.0,981.8,100,27.5667,72.0667,62.86565113003942
2024-06-09 14:00:00+05:30,753.0,455.2,322.0,40.9,11.8,22.0,24.0,980.9,100,27.5667,72.0667,59.94237419941549
2024-06-09 15:00:00+05:30,624.0,394.3,289.0,41.0,10.0,21.0,26.0,980.3,100,27.5667,72.0667,47.251380448207065
2024-06-09 16:00:00+05:30,480.0,322.5,252.0,41.3,12.3,20.0,38.0,979.9,100,27.5667,72.0667,36.90656234440842
2024-06-09 17:00:00+05:30,280.0,177.8,186.0,39.3,21.6,23.0,56.0,979.9,100,27.5667,72.0667,20.42694995196638
2024-06-09 18:00:00+05:30,151.0,110.3,115.0,40.0,9.4,17.0,11.0,980.1,100,27.5667,72.0667,10.203383613644853
2024-06-09 19:00:00+05:30,39.0,30.5,35.0,38.5,5.8,23.0,9.0,980.6,100,27.5667,72.0667,2.3712100543380705
2024-06-09 20:00:00+05:30,0.0,0.0,0.0,37.0,8.9,26.0,15.0,981.0,100,27.5667,72.0667,0.0
2024-06-09 21:00:00+05:30,0.0,0.0,0.0,35.7,16.5,30.0,7.0,981.3,100,27.5667,72.0667,0.0
2024-06-09 22:00:00+05:30,0.0,0.0,0.0,34.7,13.0,33.0,4.0,981.6,100,27.5667,72.0667,0.0
2024-06-09 23:00:00+05:30,0.0,0.0,0.0,33.6,9.2,37.0,2.0,981.8,100,27.5667,72.0667,0.0
2024-06-10 00:00:00+05:30,0.0,0.0,0.0,32.8,9.5,39.0,1.0,981.5,100,27.5667,72.0667,0.0
2024-06-10 01:00:00+05:30,0.0,0.0,0.0,32.0,7.6,42.0,0.0,981.0,100,27.5667,72.0667,0.0
2024-06-10 02:00:00+05:30,0.0,0.0,0.0,31.4,6.2,47.0,0.0,980.7,100,27.5667,72.0667,0.0
2024-06-10 03:00:00+05:30,0.0,0.0,0.0,31.5,5.2,44.0,0.0,980.4,100,27.5667,72.0667,0.0
2024-06-10 04:00:00+05:30,0.0,0.0,0.0,31.1,4.8,45.0,0.0,980.6,100,27.5667,72.0667,0.0
2024-06-10 05:00:00+05:30,0.0,0.0,0.0,30.4,5.7,47.0,0.0,980.9,100,27.5667,72.0667,0.0
2024-06-10 06:00:00+05:30,15.0,11.0,14.0,28.7,8.7,60.0,0.0,982.4,100,27.5667,72.0667,0.6926592778878151
2024-06-10 07:00:00+05:30,108.0,80.8,88.0,30.1,7.3,55.0,0.0,983.0,100,27.5667,72.0667,7.172304602980197
2024-06-10 08:00:00+05:30,265.0,213.2,168.0,32.3,7.6,46.0,0.0,983.5,100,27.5667,72.0667,18.588192703580457
2024-06-10 09:00:00+05:30,445.0,332.4,231.0,34.5,8.2,39.0,0.0,983.6,100,27.5667,72.0667,33.27379679807945
2024-06-10 10:00:00+05:30,612.0,418.1,277.0,36.3,6.3,33.0,0.0,983.6,100,27.5667,72.0667,48.34505949979458
2024-06-10 11:00:00+05:30,742.0,472.6,309.0,37.8,4.7,28.0,0.0,983.4,100,27.5667,72.0667,58.945287152474144
2024-06-10 12:00:00+05:30,818.0,501.4,326.0,39.3,6.8,24.0,6.0,982.8,100,27.5667,72.0667,62.15513517830701
2024-06-10 13:00:00+05:30,815.0,487.0,332.0,40.6,8.7,20.0,19.0,981.9,100,27.5667,72.0667,63.71589912265579
2024-06-10 14:00:00+05:30,750.0,442.4,331.0,41.5,9.1,18.0,11.0,981.1,100,27.5667,72.0667,56.84802133996601
2024-06-10 15:00:00+05:30,652.0,417.5,297.0,42.2,9.0,16.0,4.0,980.2,100,27.5667,72.0667,50.54115935213874
2024-06-10 16:00:00+05:30,515.0,372.9,251.0,42.4,10.5,16.0,8.0,979.9,100,27.5667,72.0667,38.90797560938653
2024-06-10 17:00:00+05:30,332.0,260.6,194.0,42.0,13.5,16.0,21.0,979.5,100,27.5667,72.0667,23.60838610743917
2024-06-10 18:00:00+05:30,155.0,119.0,116.0,40.8,7.9,16.0,15.0,980.3,100,27.5667,72.0667,10.223151168684868
2024-06-10 19:00:00+05:30,37.0,30.4,33.0,39.7,7.9,18.0,10.0,980.7,100,27.5667,72.0667,2.2103812990086826
2024-06-10 20:00:00+05:30,0.0,0.0,0.0,38.5,10.2,19.0,8.0,980.9,100,27.5667,72.0667,0.0
2024-06-10 21:00:00+05:30,0.0,0.0,0.0,37.6,12.5,17.0,3.0,981.1,100,27.5667,72.0667,0.0
2024-06-10 22:00:00+05:30,0.0,0.0,0.0,36.5,11.2,16.0,3.0,981.4,100,27.5667,72.0667,0.0
2024-06-10 23:00:00+05:30,0.0,0.0,0.0,36.6,4.4,16.0,1.0,981.5,100,27.5667,72.0667,0.0
2024-06-11 00:00:00+05:30,0.0,0.0,0.0,34.1,7.3,21.0,0.0,981.0,100,27.5667,72.0667,0.0
2024-06-11 01:00:00+05:30,0.0,0.0,0.0,32.7,11.4,23.0,0.0,980.6,100,27.5667,72.0667,0.0
2024-06-11 02:00:00+05:30,0.0,0.0,0.0,31.4,7.6,27.0,0.0,980.1,100,27.5667,72.0667,0.0
2024-06-11 03:00:00+05:30,0.0,0.0,0.0,31.2,9.9,26.0,0.0,979.8,100,27.5667,72.0667,0.0
2024-06-11 04:00:00+05:30,0.0,0.0,0.0,31.8,3.4,25.0,0.0,980.8,100,27.5667,72.0667,0.0
2024-06-11 05:00:00+05:30,0.0,0.0,0.0,30.2,11.0,28.0,0.0,981.1,100,27.5667,72.0667,0.0
2024-06-11 06:00:00+05:30,15.0,11.0,14.0,30.5,15.5,38.0,0.0,982.0,100,27.5667,72.0667,0.6936648032724885
2024-06-11 07:00:00+05:30,111.0,85.0,90.0,31.7,18.2,36.0,0.0,982.4,100,27.5667,72.0667,7.5872448229128535
2024-06-11 08:00:00+05:30,271.0,222.2,170.0,32.9,20.6,48.0,0.0,982.8,100,27.5667,72.0667,19.456653973326155
2024-06-11 09:00:00+05:30,452.0,341.9,232.0,35.5,19.1,43.0,0.0,983.1,100,27.5667,72.0667,34.660753985293226
2024-06-11 10:00:00+05:30,620.0,427.0,278.0,38.5,18.4,30.0,0.0,982.8,100,27.5667,72.0667,48.03155687315671
2024-06-11 11:00:00+05:30,753.0,483.6,310.0,40.6,16.3,21.0,0.0,982.5,100,27.5667,72.0667,59.271847630578
2024-06-11 12:00:00+05:30,816.0,499.3,326.0,42.0,11.7,17.0,14.0,981.9,100,27.5667,72.0667,63.843260469718494
2024-06-11 13:00:00+05:30,763.0,425.4,341.0,42.7,8.7,14.0,22.0,981.0,100,27.5667,72.0667,59.41915894056296
2024-06-11 14:00:00+05:30,708.0,411.6,318.0,43.0,8.4,13.0,25.0,980.5,100,27.5667,72.0667,55.315458730958895
2024-06-11 15:00:00+05:30,586.0,350.2,288.0,43.1,8.9,13.0,44.0,979.9,100,27.5667,72.0667,44.26551236291238
2024-06-11 16:00:00+05:30,403.0,232.8,238.0,42.6,7.6,13.0,48.0,979.4,100,27.5667,72.0667,30.56549211106062
2024-06-11 17:00:00+05:30,285.0,197.9,180.0,42.4,3.8,12.0,30.0,978.9,100,27.5667,72.0667,20.456326575560894
2024-06-11 18:00:00+05:30,168.0,139.9,122.0,42.0,17.7,11.0,3.0,979.4,100,27.5667,72.0667,10.824238848017005
2024-06-11 19:00:00+05:30,42.0,37.8,37.0,40.7,16.4,11.0,2.0,979.7,100,27.5667,72.0667,2.575416426207836
2024-06-11 20:00:00+05:30,0.0,0.0,0.0,38.8,8.1,13.0,1.0,979.8,100,27.5667,72.0667,0.0
2024-06-11 21:00:00+05:30,0.0,0.0,0.0,37.7,11.5,13.0,0.0,980.2,100,27.5667,72.0667,0.0
2024-06-11 22:00:00+05:30,0.0,0.0,0.0,36.2,9.8,16.0,0.0,980.5,100,27.5667,72.0667,0.0
2024-06-11 23:00:00+05:30,0.0,0.0,0.0,35.7,14.0,17.0,0.0,980.3,100,27.5667,72.0667,0.0
2024-06-12 00:00:00+05:30,0.0,0.0,0.0,35.1,17.3,19.0,0.0,980.1,100,27.5667,72.0667,0.0
2024-06-12 01:00:00+05:30,0.0,0.0,0.0,34.5,17.4,22.0,0.0,979.7,100,27.5667,72.0667,0.0
2024-06-12 02:00:00+05:30,0.0,0.0,0.0,33.6,17.7,23.0,0.0,979.7,100,27.5667,72.0667,0.0
2024-06-12 03:00:00+05:30,0.0,0.0,0.0,32.9,17.9,25.0,0.0,979.9,100,27.5667,72.0667,0.0
2024-06-12 04:00:00+05:30,0.0,0.0,0.0,32.4,23.6,30.0,0.0,980.7,100,27.5667,72.0667,0.0
2024-06-12 05:00:00+05:30,0.0,0.0,0.0,30.9,25.4,54.0,0.0,981.5,100,27.5667,72.0667,0.0
2024-06-12 06:00:00+05:30,15.0,11.0,14.0,30.6,22.5,62.0,0.0,982.5,100,27.5667,72.0667,0.6840560645570369
2024-06-12 07:00:00+05:30,108.0,81.0,88.0,30.9,22.4,61.0,0.0,983.1,100,27.5667,72.0667,7.299280600564088
2024-06-12 08:00:00+05:30,265.0,213.6,168.0,32.0,22.2,57.0,0.0,983.3,100,27.5667,72.0667,18.663138329196812
2024-06-12 09:00:00+05:30,445.0,334.3,230.0,33.9,22.9,50.0,0.0,983.6,100,27.5667,72.0667,35.04433820131138
2024-06-12 10:00:00+05:30,613.0,419.7,277.0,36.0,20.8,43.0,0.0,983.6,100,27.5667,72.0667,49.587217866770835
2024-06-12 11:00:00+05:30,743.0,473.9,309.0,38.7,20.9,33.0,0.0,983.2,100,27.5667,72.0667,61.00333765021066
2024-06-12 12:00:00+05:30,820.0,504.5,325.0,40.8,22.7,25.0,0.0,982.6,100,27.5667,72.0667,66.76435278512714
2024-06-12 13:00:00+05:30,833.0,508.0,329.0,41.9,21.6,21.0,11.0,981.7,100,27.5667,72.0667,67.52513545351185
2024-06-12 14:00:00+05:30,757.0,463.1,318.0,42.7,19.1,19.0,11.0,980.9,100,27.5667,72.0667,60.18309732280657
2024-06-12 15:00:00+05:30,631.0,399.3,291.0,43.1,17.1,16.0,37.0,980.1,100,27.5667,72.0667,49.079519711300875
2024-06-12 16:00:00+05:30,445.0,277.7,248.0,43.0,15.1,15.0,15.0,979.5,100,27.5667,72.0667,33.42716200826717
2024-06-12 17:00:00+05:30,312.0,235.1,187.0,42.5,16.3,16.0,11.0,979.0,100,27.5667,72.0667,22.24545031726789
2024-06-12 18:00:00+05:30,167.0,136.4,122.0,41.1,14.8,15.0,1.0,979.6,100,27.5667,72.0667,10.877142376193236
2024-06-12 19:00:00+05:30,43.0,37.6,38.0,39.8,14.5,16.0,0.0,980.1,100,27.5667,72.0667,2.6623151752972376
2024-06-12 20:00:00+05:30,0.0,0.0,0.0,38.4,18.1,17.0,0.0,980.5,100,27.5667,72.0667,0.0
2024-06-12 21:00:00+05:30,0.0,0.0,0.0,37.5,19.0,19.0,7.0,981.0,100,27.5667,72.0667,0.0
2024-06-12 22:00:00+05:30,0.0,0.0,0.0,36.4,20.5,20.0,12.0,981.2,100,27.5667,72.0667,0.0
2024-06-12 23:00:00+05:30,0.0,0.0,0.0,35.7,22.0,22.0,0.0,981.3,100,27.5667,72.0667,0.0
2024-06-13 00:00:00+05:30,0.0,0.0,0.0,35.0,22.9,25.0,0.0,981.0,100,27.5667,72.0667,0.0
2024-06-13 01:00:00+05:30,0.0,0.0,0.0,34.4,23.5,28.0,0.0,980.2,100,27.5667,72.0667,0.0
2024-06-13 02:00:00+05:30,0.0,0.0,0.0,34.0,23.6,32.0,0.0,979.9,100,27.5667,72.0667,0.0
2024-06-13 03:00:00+05:30,0.0,0.0,0.0,33.3,26.6,35.0,0.0,980.2,100,27.5667,72.0667,0.0
2024-06-13 04:00:00+05:30,0.0,0.0,0.0,31.7,29.1,51.0,0.0,981.1,100,27.5667,72.0667,0.0
2024-06-13 05:00:00+05:30,0.0,0.0,0.0,30.6,28.5,59.0,0.0,981.7,100,27.5667,72.0667,0.0
2024-06-13 06:00:00+05:30,15.0,11.0,14.0,30.6,26.9,61.0,0.0,982.3,100,27.5667,72.0667,0.6650935108768945
2024-06-13 07:00:00+05:30,107.0,77.1,88.0,30.6,25.6,61.0,0.0,982.6,100,27.5667,72.0667,7.522201789691386
2024-06-13 08:00:00+05:30,261.0,207.1,167.0,31.4,25.3,59.0,0.0,983.1,100,27.5667,72.0667,18.59218591382013
2024-06-13 09:00:00+05:30,441.0,328.3,230.0,32.8,25.2,54.0,0.0,983.4,100,27.5667,72.0667,35.32479954848818
2024-06-13 10:00:00+05:30,608.0,412.4,278.0,34.7,24.9,47.0,0.0,983.2,100,27.5667,72.0667,48.80530260077604
2024-06-13 11:00:00+05:30,739.0,468.5,310.0,36.6,26.0,41.0,0.0,982.7,100,27.5667,72.0667,59.99144853451304
2024-06-13 12:00:00+05:30,798.0,479.0,328.0,38.4,26.8,35.0,4.0,982.0,100,27.5667,72.0667,66.3218867559863
2024-06-13 13:00:00+05:30,798.0,466.6,335.0,39.9,26.4,29.0,18.0,980.8,100,27.5667,72.0667,64.9406277002301
2024-06-13 14:00:00+05:30,741.0,439.8,324.0,41.0,26.5,25.0,4.0,979.8,100,27.5667,72.0667,60.383890901765014
2024-06-13 15:00:00+05:30,668.0,443.6,290.0,41.6,25.5,23.0,0.0,978.7,100,27.5667,72.0667,54.61569439794097
2024-06-13 16:00:00+05:30,518.0,378.7,249.0,41.8,23.8,22.0,1.0,977.9,100,27.5667,72.0667,40.97739758121579
2024-06-13 17:00:00+05:30,330.0,261.0,191.0,41.4,23.1,22.0,1.0,977.3,100,27.5667,72.0667,24.02301191706339
2024-06-13 18:00:00+05:30,167.0,135.9,122.0,40.9,18.3,20.0,1.0,978.2,100,27.5667,72.0667,11.013071795309607
2024-06-13 19:00:00+05:30,43.0,37.4,38.0,39.8,16.9,22.0,0.0,978.4,100,27.5667,72.0667,2.662544457753058
2024-06-13 20:00:00+05:30,0.0,0.0,0.0,38.5,17.8,24.0,0.0,979.0,100,27.5667,72.0667,0.0
2024-06-13 21:00:00+05:30,0.0,0.0,0.0,37.6,21.2,26.0,2.0,979.6,100,27.5667,72.0667,0.0
2024-06-13 22:00:00+05:30,0.0,0.0,0.0,36.6,22.0,29.0,1.0,979.9,100,27.5667,72.0667,0.0
2024-06-13 23:00:00+05:30,0.0,0.0,0.0,36.1,20.7,30.0,0.0,980.0,100,27.5667,72.0667,0.0
2024-06-14 00:00:00+05:30,0.0,0.0,0.0,35.3,21.3,31.0,0.0,979.5,100,27.5667,72.0667,0.0
2024-06-14 01:00:00+05:30,0.0,0.0,0.0,34.5,25.6,35.0,0.0,979.3,100,27.5667,72.0667,0.0
2024-06-14 02:00:00+05:30,0.0,0.0,0.0,33.7,31.7,41.0,0.0,979.0,100,27.5667,72.0667,0.0
2024-06-14 03:00:00+05:30,0.0,0.0,0.0,32.4,32.6,51.0,0.0,979.2,100,27.5667,72.0667,0.0
2024-06-14 04:00:00+05:30,0.0,0.0,0.0,31.6,29.1,56.0,0.0,980.1,100,27.5667,72.0667,0.0
2024-06-14 05:00:00+05:30,0.0,0.0,0.0,30.8,25.9,59.0,0.0,980.7,100,27.5667,72.0667,0.0
2024-06-14 06:00:00+05:30,15.0,11.0,14.0,30.5,25.1,62.0,0.0,981.1,100,27.5667,72.0667,0.6987533624786688
2024-06-14 07:00:00+05:30,107.0,77.2,88.0,30.6,24.4,62.0,0.0,981.6,100,27.5667,72.0667,7.246238455988232
2024-06-14 08:00:00+05:30,262.0,209.6,167.0,31.5,24.5,61.0,0.0,981.8,100,27.5667,72.0667,18.821607213580165
2024-06-14 09:00:00+05:30,442.0,328.5,231.0,32.9,26.2,55.0,0.0,982.1,100,27.5667,72.0667,33.81832570657189
2024-06-14 10:00:00+05:30,611.0,416.3,278.0,34.3,27.1,48.0,0.0,981.7,100,27.5667,72.0667,50.276408539652586
2024-06-14 11:00:00+05:30,743.0,473.0,310.0,35.9,26.7,43.0,1.0,981.3,100,27.5667,72.0667,60.266034247733586
2024-06-14 12:00:00+05:30,817.0,498.4,328.0,37.6,27.0,38.0,0.0,980.7,100,27.5667,72.0667,67.01538820315008
2024-06-14 13:00:00+05:30,830.0,504.8,329.0,39.4,23.9,30.0,0.0,980.1,100,27.5667,72.0667,66.71019587049845
2024-06-14 14:00:00+05:30,779.0,488.1,316.0,40.5,22.1,26.0,0.0,979.2,100,27.5667,72.0667,62.50190914154043
2024-06-14 15:00:00+05:30,672.0,448.0,290.0,41.2,21.5,22.0,0.0,978.3,100,27.5667,72.0667,54.10411469077336
2024-06-14 16:00:00+05:30,518.0,378.3,249.0,41.4,20.9,21.0,36.0,977.7,100,27.5667,72.0667,39.13896920226209
2024-06-14 17:00:00+05:30,282.0,194.9,178.0,40.6,23.0,23.0,8.0,977.4,100,27.5667,72.0667,20.797330823373944
2024-06-14 18:00:00+05:30,168.0,135.5,123.0,38.9,16.3,24.0,0.0,978.5,100,27.5667,72.0667,11.065489729044081
2024-06-14 19:00:00+05:30,43.0,37.3,38.0,38.1,13.0,25.0,0.0,979.0,100,27.5667,72.0667,2.6899428584329086
2024-06-14 20:00:00+05:30,0.0,0.0,0.0,37.0,12.1,28.0,0.0,979.6,100,27.5667,72.0667,0.0
2024-06-14 21:00:00+05:30,0.0,0.0,0.0,36.0,15.1,30.0,1.0,979.9,100,27.5667,72.0667,0.0
2024-06-14 22:00:00+05:30,0.0,0.0,0.0,35.2,14.5,32.0,0.0,980.4,100,27.5667,72.0667,0.0
2024-06-14 23:00:00+05:30,0.0,0.0,0.0,34.4,14.9,34.0,0.0,980.5,100,27.5667,72.0667,0.0
2024-06-15 00:00:00+05:30,0.0,0.0,0.0,33.8,18.7,36.0,0.0,980.4,100,27.5667,72.0667,0.0
2024-06-15 01:00:00+05:30,0.0,0.0,0.0,33.5,20.7,39.0,0.0,979.9,100,27.5667,72.0667,0.0
2024-06-15 02:00:00+05:30,0.0,0.0,0.0,33.0,23.4,42.0,0.0,979.7,100,27.5667,72.0667,0.0
2024-06-15 03:00:00+05:30,0.0,0.0,0.0,32.5,24.4,45.0,0.0,980.0,100,27.5667,72.0667,0.0
2024-06-15 04:00:00+05:30,0.0,0.0,0.0,32.0,26.2,49.0,0.0,980.6,100,27.5667,72.0667,0.0
2024-06-15 05:00:00+05:30,0.0,0.0,0.0,31.3,24.2,55.0,0.0,980.7,100,27.5667,72.0667,0.0
2024-06-15 06:00:00+05:30,14.0,11.1,13.0,30.5,23.0,60.0,0.0,981.4,100,27.5667,72.0667,0.6052620452424526
2024-06-15 07:00:00+05:30,107.0,77.4,88.0,30.7,23.6,61.0,0.0,981.9,100,27.5667,72.0667,7.2976822038928955
2024-06-15 08:00:00+05:30,261.0,207.6,167.0,31.9,21.1,57.0,0.0,982.1,100,27.5667,72.0667,18.733644316867164
2024-06-15 09:00:00+05:30,440.0,325.7,231.0,33.6,23.2,50.0,0.0,982.2,100,27.5667,72.0667,34.31230209684356
2024-06-15 10:00:00+05:30,606.0,411.5,277.0,35.3,23.8,44.0,0.0,982.2,100,27.5667,72.0667,48.773439764231966
2024-06-15 11:00:00+05:30,737.0,467.7,309.0,37.0,22.5,38.0,0.0,981.6,100,27.5667,72.0667,58.50419934571388
2024-06-15 12:00:00+05:30,814.0,497.4,326.0,38.2,23.1,35.0,0.0,981.1,100,27.5667,72.0667,65.74306175430652
2024-06-15 13:00:00+05:30,827.0,501.7,329.0,39.3,22.8,31.0,0.0,980.4,100,27.5667,72.0667,67.78296960667373
2024-06-15 14:00:00+05:30,776.0,484.8,316.0,40.1,22.4,28.0,0.0,979.5,100,27.5667,72.0667,63.6963274953859
2024-06-15 15:00:00+05:30,669.0,444.2,290.0,40.6,22.0,26.0,0.0,978.8,100,27.5667,72.0667,52.555227023549975
2024-06-15 16:00:00+05:30,515.0,373.7,249.0,40.6,21.1,25.0,0.0,978.4,100,27.5667,72.0667,40.18069370785487
2024-06-15 17:00:00+05:30,337.0,267.6,194.0,40.2,19.3,25.0,0.0,978.1,100,27.5667,72.0667,24.471607457190263
2024-06-15 18:00:00+05:30,151.0,111.1,114.0,39.6,10.9,25.0,25.0,978.6,100,27.5667,72.0667,10.151396185885563
2024-06-15 19:00:00+05:30,41.0,29.7,37.0,38.9,8.7,26.0,17.0,979.0,100,27.5667,72.0667,2.595182106065066
2024-06-15 20:00:00+05:30,0.0,0.0,0.0,38.0,10.3,26.0,1.0,979.2,100,27.5667,72.0667,0.0
2024-06-15 21:00:00+05:30,0.0,0.0,0.0,37.2,12.9,26.0,0.0,979.8,100,27.5667,72.0667,0.0
2024-06-15 22:00:00+05:30,0.0,0.0,0.0,36.4,12.2,27.0,0.0,980.2,100,27.5667,72.0667,0.0
2024-06-15 23:00:00+05:30,0.0,0.0,0.0,35.2,15.0,31.0,0.0,980.5,100,27.5667,72.0667,0.0
2024-06-16 00:00:00+05:30,0.0,0.0,0.0,34.5,17.8,36.0,0.0,980.6,100,27.5667,72.0667,0.0
2024-06-16 01:00:00+05:30,0.0,0.0,0.0,34.2,22.0,39.0,0.0,980.3,100,27.5667,72.0667,0.0
2024-06-16 02:00:00+05:30,0.0,0.0,0.0,33.6,24.6,45.0,0.0,980.3,100,27.5667,72.0667,0.0
2024-06-16 03:00:00+05:30,0.0,0.0,0.0,33.1,24.1,47.0,0.0,980.2,100,27.5667,72.0667,0.0
2024-06-16 04:00:00+05:30,0.0,0.0,0.0,32.7,24.1,48.0,0.0,980.4,100,27.5667,72.0667,0.0
2024-06-16 05:00:00+05:30,0.0,0.0,0.0,32.2,21.7,50.0,0.0,981.1,100,27.5667,72.0667,0.0
2024-06-16 06:00:00+05:30,14.0,11.1,13.0,32.1,21.0,52.0,0.0,981.8,100,27.5667,72.0667,0.5982165953922157
2024-06-16 07:00:00+05:30,105.0,73.5,87.0,32.6,21.4,54.0,0.0,982.5,100,27.5667,72.0667,7.101350073274931
2024-06-16 08:00:00+05:30,256.0,201.2,165.0,33.7,23.6,53.0,0.0,982.7,100,27.5667,72.0667,18.293213425982028
2024-06-16 09:00:00+05:30,433.0,318.1,229.0,35.2,24.7,48.0,0.0,982.8,100,27.5667,72.0667,32.69267190738924
2024-06-16 10:00:00+05:30,599.0,404.2,276.0,36.7,23.2,42.0,0.0,982.7,100,27.5667,72.0667,47.433207378120976
2024-06-16 11:00:00+05:30,728.0,459.1,308.0,38.3,20.6,36.0,0.0,982.2,100,27.5667,72.0667,58.84389658780199
2024-06-16 12:00:00+05:30,805.0,488.3,326.0,39.6,21.2,33.0,0.0,981.7,100,27.5667,72.0667,64.71642903298694
2024-06-16 13:00:00+05:30,818.0,493.6,328.0,40.8,22.4,29.0,0.0,980.7,100,27.5667,72.0667,68.03793144392425
2024-06-16 14:00:00+05:30,770.0,479.3,315.0,41.7,22.1,25.0,15.0,979.8,100,27.5667,72.0667,62.508966419538
2024-06-16 15:00:00+05:30,604.0,378.4,281.0,42.1,20.7,23.0,20.0,979.0,100,27.5667,72.0667,47.38994877101294
2024-06-16 16:00:00+05:30,450.0,306.0,232.0,42.1,20.0,22.0,17.0,978.7,100,27.5667,72.0667,35.02449361635205
2024-06-16 17:00:00+05:30,300.0,222.3,181.0,41.6,21.0,23.0,10.0,978.0,100,27.5667,72.0667,22.23475548445107
2024-06-16 18:00:00+05:30,162.0,125.7,120.0,40.6,17.7,25.0,2.0,978.7,100,27.5667,72.0667,10.742203163777152
2024-06-16 19:00:00+05:30,42.0,37.0,37.0,39.8,15.9,26.0,2.0,979.2,100,27.5667,72.0667,2.5846910782385515
2024-06-16 20:00:00+05:30,0.0,0.0,0.0,38.8,14.0,28.0,1.0,979.7,100,27.5667,72.0667,0.0
2024-06-16 21:00:00+05:30,0.0,0.0,0.0,38.0,13.8,29.0,0.0,980.2,100,27.5667,72.0667,0.0
2024-06-16 22:00:00+05:30,0.0,0.0,0.0,37.2,14.8,31.0,0.0,980.4,100,27.5667,72.0667,0.0
2024-06-16 23:00:00+05:30,0.0,0.0,0.0,36.4,17.9,33.0,0.0,980.4,100,27.5667,72.0667,0.0
2024-06-17 00:00:00+05:30,0.0,0.0,0.0,35.7,21.2,36.0,0.0,980.3,100,27.5667,72.0667,0.0
2024-06-17 01:00:00+05:30,0.0,0.0,0.0,35.1,20.5,40.0,0.0,979.9,100,27.5667,72.0667,0.0
2024-06-17 02:00:00+05:30,0.0,0.0,0.0,34.5,20.5,43.0,0.0,979.9,100,27.5667,72.0667,0.0
2024-06-17 03:00:00+05:30,0.0,0.0,0.0,34.0,22.3,45.0,0.0,980.1,100,27.5667,72.0667,0.0
2024-06-17 04:00:00+05:30,0.0,0.0,0.0,33.5,22.2,48.0,0.0,980.5,100,27.5667,72.0667,0.0
2024-06-17 05:00:00+05:30,0.0,0.0,0.0,33.0,20.2,50.0,0.0,980.9,100,27.5667,72.0667,0.0
2024-06-17 06:00:00+05:30,14.0,11.1,13.0,32.6,22.9,52.0,0.0,981.7,100,27.5667,72.0667,0.5938201417330264
2024-06-17 07:00:00+05:30,104.0,73.6,86.0,32.8,26.7,57.0,0.0,982.4,100,27.5667,72.0667,7.103046054990052
2024-06-17 08:00:00+05:30,254.0,199.2,164.0,33.5,27.1,56.0,0.0,982.7,100,27.5667,72.0667,18.372037581308675
2024-06-17 09:00:00+05:30,430.0,315.3,228.0,35.0,26.6,51.0,0.0,982.8,100,27.5667,72.0667,33.55516283605473
2024-06-17 10:00:00+05:30,594.0,400.7,274.0,37.0,25.3,43.0,0.0,982.7,100,27.5667,72.0667,47.5826841564515
2024-06-17 11:00:00+05:30,723.0,454.8,307.0,38.8,26.0,35.0,0.0,982.4,100,27.5667,72.0667,59.13444104577607
2024-06-17 12:00:00+05:30,800.0,484.3,325.0,40.2,27.8,31.0,0.0,981.8,100,27.5667,72.0667,66.96901754979376
2024-06-17 13:00:00+05:30,815.0,490.6,328.0,41.2,27.3,28.0,0.0,980.8,100,27.5667,72.0667,64.64311769674579
2024-06-17 14:00:00+05:30,766.0,475.0,315.0,41.9,26.8,27.0,0.0,979.9,100,27.5667,72.0667,62.689152161190165
2024-06-17 15:00:00+05:30,659.0,434.3,288.0,42.3,25.7,26.0,0.0,979.4,100,27.5667,72.0667,52.001848047442756
2024-06-17 16:00:00+05:30,508.0,364.6,248.0,42.3,25.5,25.0,0.0,978.8,100,27.5667,72.0667,39.12644755977109
2024-06-17 17:00:00+05:30,331.0,261.2,191.0,41.9,25.0,25.0,2.0,978.3,100,27.5667,72.0667,24.35693664601604
2024-06-17 18:00:00+05:30,158.0,119.4,118.0,41.2,22.3,28.0,0.0,978.4,100,27.5667,72.0667,10.782449351432541
2024-06-17 19:00:00+05:30,43.0,36.9,38.0,40.4,22.7,29.0,1.0,978.9,100,27.5667,72.0667,2.636108207091946
2024-06-17 20:00:00+05:30,0.0,0.0,0.0,39.5,20.8,31.0,0.0,979.4,100,27.5667,72.0667,0.0
2024-06-17 21:00:00+05:30,0.0,0.0,0.0,38.7,21.6,33.0,0.0,980.0,100,27.5667,72.0667,0.0
2024-06-17 22:00:00+05:30,0.0,0.0,0.0,37.7,25.5,36.0,0.0,980.4,100,27.5667,72.0667,0.0
2024-06-17 23:00:00+05:30,0.0,0.0,0.0,36.7,27.5,41.0,0.0,980.6,100,27.5667,72.0667,0.0
2024-06-18 00:00:00+05:30,0.0,0.0,0.0,36.1,27.3,43.0,0.0,979.9,100,27.5667,72.0667,0.0
2024-06-18 01:00:00+05:30,0.0,0.0,0.0,35.5,27.5,44.0,0.0,979.1,100,27.5667,72.0667,0.0
2024-06-18 02:00:00+05:30,0.0,0.0,0.0,34.9,27.8,45.0,0.0,979.3,100,27.5667,72.0667,0.0
2024-06-18 03:00:00+05:30,0.0,0.0,0.0,33.9,27.7,49.0,0.0,979.7,100,27.5667,72.0667,0.0
2024-06-18 04:00:00+05:30,0.0,0.0,0.0,32.9,26.9,53.0,0.0,980.0,100,27.5667,72.0667,0.0
2024-06-18 05:00:00+05:30,0.0,0.0,0.0,32.2,24.0,56.0,0.0,980.5,100,27.5667,72.0667,0.0
2024-06-18 06:00:00+05:30,14.0,11.2,13.0,31.8,23.0,58.0,0.0,981.0,100,27.5667,72.0667,0.5804876635223589
2024-06-18 07:00:00+05:30,104.0,73.8,86.0,32.1,25.6,56.0,0.0,981.3,100,27.5667,72.0667,7.035807886212735
2024-06-18 08:00:00+05:30,256.0,201.7,165.0,33.0,27.1,52.0,0.0,981.3,100,27.5667,72.0667,18.468700701662478
2024-06-18 09:00:00+05:30,433.0,320.2,228.0,34.4,28.8,47.0,0.0,981.2,100,27.5667,72.0667,33.96376359933332
2024-06-18 10:00:00+05:30,599.0,407.2,274.0,36.0,31.0,42.0,0.0,980.8,100,27.5667,72.0667,47.88523764678012
2024-06-18 11:00:00+05:30,730.0,463.7,306.0,37.8,32.7,37.0,0.0,980.3,100,27.5667,72.0667,60.225809169983826
2024-06-18 12:00:00+05:30,808.0,494.5,323.0,39.4,34.1,33.0,0.0,979.4,100,27.5667,72.0667,67.86852423140975
2024-06-18 13:00:00+05:30,825.0,502.6,326.0,40.7,33.9,30.0,0.0,978.3,100,27.5667,72.0667,67.24313664177637
2024-06-18 14:00:00+05:30,778.0,488.5,314.0,41.5,33.3,28.0,0.0,977.2,100,27.5667,72.0667,62.611535161544346
2024-06-18 15:00:00+05:30,672.0,449.3,288.0,41.9,32.4,27.0,0.0,976.3,100,27.5667,72.0667,54.03572013754984
2024-06-18 16:00:00+05:30,518.0,379.7,247.0,41.8,31.4,27.0,0.0,975.4,100,27.5667,72.0667,39.85173462569605
2024-06-18 17:00:00+05:30,340.0,275.7,192.0,41.4,31.0,28.0,0.0,974.9,100,27.5667,72.0667,23.919521783727433
2024-06-18 18:00:00+05:30,168.0,137.0,122.0,40.3,25.9,31.0,0.0,975.9,100,27.5667,72.0667,10.860979598898814
2024-06-18 19:00:00+05:30,44.0,36.8,39.0,39.3,25.5,33.0,0.0,976.2,100,27.5667,72.0667,2.7587627173265488
2024-06-18 20:00:00+05:30,0.0,0.0,0.0,38.4,23.5,36.0,0.0,976.7,100,27.5667,72.0667,0.0
2024-06-18 21:00:00+05:30,0.0,0.0,0.0,37.5,23.3,38.0,0.0,977.3,100,27.5667,72.0667,0.0
2024-06-18 22:00:00+05:30,0.0,0.0,0.0,36.7,24.8,41.0,0.0,977.6,100,27.5667,72.0667,0.0
2024-06-18 23:00:00+05:30,0.0,0.0,0.0,36.0,28.3,43.0,1.0,977.6,100,27.5667,72.0667,0.0
2024-06-19 00:00:00+05:30,0.0,0.0,0.0,35.3,28.8,45.0,0.0,977.2,100,27.5667,72.0667,0.0
2024-06-19 01:00:00+05:30,0.0,0.0,0.0,34.1,36.9,49.0,0.0,976.8,100,27.5667,72.0667,0.0
2024-06-19 02:00:00+05:30,0.0,0.0,0.0,33.0,31.9,52.0,0.0,976.6,100,27.5667,72.0667,0.0
2024-06-19 03:00:00+05:30,0.0,0.0,0.0,32.2,30.6,54.0,0.0,976.8,100,27.5667,72.0667,0.0
2024-06-19 04:00:00+05:30,0.0,0.0,0.0,31.3,28.2,59.0,0.0,977.0,100,27.5667,72.0667,0.0
2024-06-19 05:00:00+05:30,0.0,0.0,0.0,30.6,26.7,61.0,0.0,977.3,100,27.5667,72.0667,0.0
2024-06-19 06:00:00+05:30,14.0,11.2,13.0,30.4,19.6,64.0,0.0,977.7,100,27.5667,72.0667,0.593665519349675
2024-06-19 07:00:00+05:30,105.0,78.1,86.0,30.7,23.2,64.0,0.0,977.8,100,27.5667,72.0667,7.359751593703106
2024-06-19 08:00:00+05:30,259.0,208.6,165.0,31.4,26.0,63.0,0.0,978.0,100,27.5667,72.0667,18.410447286396792
2024-06-19 09:00:00+05:30,437.0,326.7,228.0,32.8,28.5,58.0,0.0,978.2,100,27.5667,72.0667,33.49191133317672
2024-06-19 10:00:00+05:30,604.0,413.6,274.0,34.8,28.0,50.0,0.0,977.9,100,27.5667,72.0667,48.38504125147864
2024-06-19 11:00:00+05:30,735.0,470.4,305.0,36.8,28.8,44.0,0.0,977.2,100,27.5667,72.0667,60.84186852602812
2024-06-19 12:00:00+05:30,814.0,501.7,322.0,38.5,29.2,39.0,0.0,976.3,100,27.5667,72.0667,67.19507475562511
2024-06-19 13:00:00+05:30,830.0,510.6,323.0,40.0,29.8,35.0,0.0,975.3,100,27.5667,72.0667,69.62568129367914
2024-06-19 14:00:00+05:30,783.0,495.7,312.0,41.1,28.8,32.0,0.0,974.3,100,27.5667,72.0667,63.269316299544755
2024-06-19 15:00:00+05:30,676.0,456.1,286.0,41.6,28.4,31.0,0.0,973.6,100,27.5667,72.0667,53.91014950813599
2024-06-19 16:00:00+05:30,523.0,386.3,247.0,41.8,28.2,30.0,0.0,973.0,100,27.5667,72.0667,40.13320597079262
2024-06-19 17:00:00+05:30,344.0,280.9,193.0,41.4,27.7,30.0,0.0,972.6,100,27.5667,72.0667,24.642303867167474
2024-06-19 18:00:00+05:30,122.0,77.2,96.0,40.1,21.5,29.0,6.0,973.5,100,27.5667,72.0667,8.555700911998953
2024-06-19 19:00:00+05:30,43.0,36.6,38.0,39.4,22.5,30.0,13.0,973.8,100,27.5667,72.0667,2.629382031709305
2024-06-19 20:00:00+05:30,0.0,0.0,0.0,38.5,21.9,35.0,2.0,974.2,100,27.5667,72.0667,0.0
2024-06-19 21:00:00+05:30,0.0,0.0,0.0,37.8,19.4,37.0,16.0,974.9,100,27.5667,72.0667,0.0
2024-06-19 22:00:00+05:30,0.0,0.0,0.0,37.2,22.3,39.0,7.0,975.4,100,27.5667,72.0667,0.0
2024-06-19 23:00:00+05:30,0.0,0.0,0.0,36.8,21.1,40.0,5.0,975.5,100,27.5667,72.0667,0.0
2024-06-20 00:00:00+05:30,0.0,0.0,0.0,36.0,24.8,43.0,6.0,974.9,100,27.5667,72.0667,0.0
2024-06-20 01:00:00+05:30,0.0,0.0,0.0,35.0,26.4,48.0,0.0,974.5,100,27.5667,72.0667,0.0
2024-06-20 02:00:00+05:30,0.0,0.0,0.0,33.9,26.4,50.0,0.0,974.6,100,27.5667,72.0667,0.0
2024-06-20 03:00:00+05:30,0.0,0.0,0.0,32.7,28.5,54.0,0.0,975.0,100,27.5667,72.0667,0.0
2024-06-20 04:00:00+05:30,0.0,0.0,0.0,31.5,25.2,58.0,0.0,975.5,100,27.5667,72.0667,0.0
2024-06-20 05:00:00+05:30,0.0,0.0,0.0,30.9,22.2,60.0,0.0,975.9,100,27.5667,72.0667,0.0
2024-06-20 06:00:00+05:30,14.0,11.2,13.0,30.0,23.4,65.0,0.0,975.9,100,27.5667,72.0667,0.6003879427453588
2024-06-20 07:00:00+05:30,107.0,82.4,87.0,30.3,25.5,65.0,0.0,976.3,100,27.5667,72.0667,7.235311853533694
2024-06-20 08:00:00+05:30,264.0,217.8,166.0,31.2,28.0,61.0,0.0,976.7,100,27.5667,72.0667,19.222376140484513
2024-06-20 09:00:00+05:30,447.0,342.6,228.0,32.8,29.5,54.0,0.0,976.9,100,27.5667,72.0667,34.88691936086354
2024-06-20 10:00:00+05:30,615.0,427.7,274.0,34.5,26.9,48.0,0.0,977.3,100,27.5667,72.0667,49.725389864084015
2024-06-20 11:00:00+05:30,743.0,478.2,306.0,36.3,23.4,41.0,0.0,977.5,100,27.5667,72.0667,59.54017279936645
2024-06-20 12:00:00+05:30,817.0,504.9,322.0,37.9,25.7,36.0,0.0,976.6,100,27.5667,72.0667,67.0052483167308
2024-06-20 13:00:00+05:30,836.0,514.6,325.0,39.2,25.4,32.0,0.0,975.8,100,27.5667,72.0667,69.37509756450179
2024-06-20 14:00:00+05:30,788.0,499.8,313.0,40.3,24.8,29.0,0.0,974.9,100,27.5667,72.0667,62.94337547175464
2024-06-20 15:00:00+05:30,679.0,458.2,287.0,40.7,25.6,28.0,0.0,974.2,100,27.5667,72.0667,53.95238518110679
2024-06-20 16:00:00+05:30,525.0,388.8,247.0,41.0,26.3,27.0,0.0,973.5,100,27.5667,72.0667,40.10613010960991
2024-06-20 17:00:00+05:30,346.0,282.4,194.0,40.8,24.2,27.0,0.0,973.3,100,27.5667,72.0667,25.00759471759055
2024-06-20 18:00:00+05:30,172.0,145.2,123.0,39.3,21.2,30.0,0.0,973.4,100,27.5667,72.0667,11.53526354170055
2024-06-20 19:00:00+05:30,46.0,36.5,41.0,38.4,22.5,31.0,0.0,973.7,100,27.5667,72.0667,2.9453005896366884
2024-06-20 20:00:00+05:30,0.0,0.0,0.0,37.6,16.3,33.0,0.0,974.8,100,27.5667,72.0667,0.0
2024-06-20 21:00:00+05:30,0.0,0.0,0.0,36.9,12.2,35.0,0.0,975.9,100,27.5667,72.0667,0.0
2024-06-20 22:00:00+05:30,0.0,0.0,0.0,36.0,14.2,38.0,0.0,976.7,100,27.5667,72.0667,0.0
2024-06-20 23:00:00+05:30,0.0,0.0,0.0,35.7,16.0,39.0,18.0,977.0,100,27.5667,72.0667,0.0
2024-06-21 00:00:00+05:30,0.0,0.0,0.0,35.2,15.5,41.0,4.0,976.9,100,27.5667,72.0667,0.0
2024-06-21 01:00:00+05:30,0.0,0.0,0.0,34.8,17.0,43.0,0.0,976.6,100,27.5667,72.0667,0.0
2024-06-21 02:00:00+05:30,0.0,0.0,0.0,32.9,14.3,49.0,38.0,976.9,100,27.5667,72.0667,0.0
2024-06-21 03:00:00+05:30,0.0,0.0,0.0,27.3,29.8,68.0,99.0,976.5,100,27.5667,72.0667,0.0
2024-06-21 04:00:00+05:30,0.0,0.0,0.0,27.7,26.7,67.0,36.0,976.3,100,27.5667,72.0667,0.0
2024-06-21 05:00:00+05:30,0.0,0.0,0.0,28.6,18.0,66.0,59.0,977.2,100,27.5667,72.0667,0.0
2024-06-21 06:00:00+05:30,13.0,11.3,12.0,29.8,10.2,68.0,73.0,978.8,100,27.5667,72.0667,0.49480106801384927
2024-06-21 07:00:00+05:30,82.0,45.5,71.0,30.0,11.8,64.0,35.0,979.3,100,27.5667,72.0667,5.856554654708817
2024-06-21 08:00:00+05:30,224.0,149.1,157.0,31.3,10.2,60.0,12.0,979.5,100,27.5667,72.0667,16.514970196158444
2024-06-21 09:00:00+05:30,415.0,289.7,230.0,32.8,10.5,58.0,81.0,980.2,100,27.5667,72.0667,31.402719832203005
2024-06-21 10:00:00+05:30,515.0,274.8,296.0,33.5,13.3,54.0,34.0,980.4,100,27.5667,72.0667,41.33308678384051
2024-06-21 11:00:00+05:30,675.0,389.7,319.0,35.0,13.3,49.0,8.0,980.3,100,27.5667,72.0667,56.10008270638849
2024-06-21 12:00:00+05:30,778.0,460.0,327.0,36.2,14.0,43.0,7.0,979.7,100,27.5667,72.0667,63.711012511427846
2024-06-21 13:00:00+05:30,801.0,478.3,326.0,37.4,15.0,38.0,7.0,978.8,100,27.5667,72.0667,64.54140504113953
2024-06-21 14:00:00+05:30,755.0,467.1,311.0,38.1,12.7,35.0,2.0,977.7,100,27.5667,72.0667,58.24733097630093
2024-06-21 15:00:00+05:30,659.0,437.0,285.0,39.0,11.0,32.0,0.0,976.5,100,27.5667,72.0667,50.871733670552246
2024-06-21 16:00:00+05:30,522.0,381.6,249.0,39.3,11.4,30.0,0.0,976.0,100,27.5667,72.0667,40.62234119513876
2024-06-21 17:00:00+05:30,343.0,276.5,194.0,39.5,14.3,29.0,0.0,975.6,100,27.5667,72.0667,24.704940713004543
2024-06-21 18:00:00+05:30,163.0,124.2,121.0,38.5,4.1,34.0,42.0,976.4,100,27.5667,72.0667,10.597795441200804
2024-06-21 19:00:00+05:30,34.0,21.9,31.0,34.2,19.5,48.0,39.0,977.7,100,27.5667,72.0667,2.187394738828706
2024-06-21 20:00:00+05:30,0.0,0.0,0.0,32.1,10.2,54.0,15.0,977.4,100,27.5667,72.0667,0.0
2024-06-21 21:00:00+05:30,0.0,0.0,0.0,32.8,9.9,56.0,18.0,978.4,100,27.5667,72.0667,0.0
2024-06-21 22:00:00+05:30,0.0,0.0,0.0,32.6,14.2,53.0,16.0,978.9,100,27.5667,72.0667,0.0
2024-06-21 23:00:00+05:30,0.0,0.0,0.0,31.8,15.5,55.0,8.0,978.8,100,27.5667,72.0667,0.0
2024-06-22 00:00:00+05:30,0.0,0.0,0.0,31.5,13.7,58.0,1.0,978.3,100,27.5667,72.0667,0.0
2024-06-22 01:00:00+05:30,0.0,0.0,0.0,31.3,13.6,61.0,2.0,977.8,100,27.5667,72.0667,0.0
2024-06-22 02:00:00+05:30,0.0,0.0,0.0,30.9,12.3,62.0,1.0,977.5,100,27.5667,72.0667,0.0
2024-06-22 03:00:00+05:30,0.0,0.0,0.0,30.4,10.6,63.0,0.0,977.4,100,27.5667,72.0667,0.0
2024-06-22 04:00:00+05:30,0.0,0.0,0.0,29.9,9.3,65.0,0.0,977.6,100,27.5667,72.0667,0.0
2024-06-22 05:00:00+05:30,0.0,0.0,0.0,29.5,8.9,65.0,0.0,977.8,100,27.5667,72.0667,0.0
2024-06-22 06:00:00+05:30,13.0,11.3,12.0,28.8,15.5,68.0,9.0,979.2,100,27.5667,72.0667,0.5215160113961217
2024-06-22 07:00:00+05:30,103.0,70.5,86.0,29.9,12.3,62.0,89.0,980.1,100,27.5667,72.0667,6.82640527102699
2024-06-22 08:00:00+05:30,145.0,42.4,126.0,30.3,2.3,57.0,41.0,979.6,100,27.5667,72.0667,11.73388961751507
2024-06-22 09:00:00+05:30,394.0,255.5,231.0,32.5,5.7,50.0,55.0,980.2,100,27.5667,72.0667,29.72953878615864
2024-06-22 10:00:00+05:30,503.0,282.5,278.0,33.9,7.2,46.0,5.0,980.2,100,27.5667,72.0667,39.96198502496527
2024-06-22 11:00:00+05:30,714.0,438.0,314.0,36.0,7.2,39.0,4.0,980.1,100,27.5667,72.0667,57.23226357019611
2024-06-22 12:00:00+05:30,800.0,484.6,325.0,37.4,5.3,35.0,5.0,979.3,100,27.5667,72.0667,63.86283924301453
2024-06-22 13:00:00+05:30,788.0,468.3,323.0,38.4,2.4,33.0,48.0,978.8,100,27.5667,72.0667,58.746557194377864
2024-06-22 14:00:00+05:30,603.0,299.8,318.0,39.0,2.5,31.0,29.0,977.7,100,27.5667,72.0667,46.05618409540975
2024-06-22 15:00:00+05:30,587.0,346.9,290.0,39.6,4.4,30.0,28.0,977.0,100,27.5667,72.0667,44.543916405626895
2024-06-22 16:00:00+05:30,479.0,319.8,250.0,40.0,7.3,29.0,35.0,976.4,100,27.5667,72.0667,36.084568477405185
2024-06-22 17:00:00+05:30,305.0,216.9,188.0,39.9,11.2,28.0,74.0,976.1,100,27.5667,72.0667,21.789839554737163
2024-06-22 18:00:00+05:30,157.0,115.1,118.0,39.0,9.5,27.0,11.0,976.9,100,27.5667,72.0667,10.65982566934418
2024-06-22 19:00:00+05:30,43.0,36.4,38.0,38.6,12.2,27.0,12.0,977.5,100,27.5667,72.0667,2.6178352509796
2024-06-22 20:00:00+05:30,0.0,0.0,0.0,37.9,11.6,28.0,6.0,978.1,100,27.5667,72.0667,0.0
2024-06-22 21:00:00+05:30,0.0,0.0,0.0,37.3,10.6,28.0,10.0,979.0,100,27.5667,72.0667,0.0
2024-06-22 22:00:00+05:30,0.0,0.0,0.0,36.2,6.8,31.0,25.0,979.6,100,27.5667,72.0667,0.0
2024-06-22 23:00:00+05:30,0.0,0.0,0.0,35.2,7.2,35.0,4.0,979.5,100,27.5667,72.0667,0.0
2024-06-23 00:00:00+05:30,0.0,0.0,0.0,34.4,8.0,41.0,2.0,979.2,100,27.5667,72.0667,0.0
2024-06-23 01:00:00+05:30,0.0,0.0,0.0,33.5,7.6,46.0,1.0,979.0,100,27.5667,72.0667,0.0
2024-06-23 02:00:00+05:30,0.0,0.0,0.0,32.6,6.5,49.0,0.0,978.7,100,27.5667,72.0667,0.0
2024-06-23 03:00:00+05:30,0.0,0.0,0.0,32.0,7.9,50.0,0.0,978.5,100,27.5667,72.0667,0.0
2024-06-23 04:00:00+05:30,0.0,0.0,0.0,31.5,7.7,52.0,0.0,979.0,100,27.5667,72.0667,0.0
2024-06-23 05:00:00+05:30,0.0,0.0,0.0,30.9,5.4,54.0,0.0,979.1,100,27.5667,72.0667,0.0
2024-06-23 06:00:00+05:30,13.0,11.4,12.0,31.2,7.3,51.0,0.0,980.5,100,27.5667,72.0667,0.5051419269146715
2024-06-23 07:00:00+05:30,103.0,74.9,85.0,32.4,6.0,48.0,0.0,981.1,100,27.5667,72.0667,6.882890533075919
2024-06-23 08:00:00+05:30,255.0,203.2,164.0,33.9,7.3,45.0,0.0,981.1,100,27.5667,72.0667,18.217436298160436
2024-06-23 09:00:00+05:30,433.0,323.2,227.0,35.6,7.3,40.0,0.0,981.1,100,27.5667,72.0667,33.00980155936283
2024-06-23 10:00:00+05:30,600.0,409.6,274.0,37.1,4.5,34.0,4.0,981.1,100,27.5667,72.0667,45.32119595304401
2024-06-23 11:00:00+05:30,730.0,464.5,306.0,38.6,3.8,29.0,13.0,980.9,100,27.5667,72.0667,55.6431574554309
2024-06-23 12:00:00+05:30,756.0,445.9,319.0,39.7,8.2,26.0,8.0,980.2,100,27.5667,72.0667,58.989567834152744
2024-06-23 13:00:00+05:30,773.0,453.1,323.0,40.5,6.8,25.0,4.0,979.2,100,27.5667,72.0667,61.86725296853558
2024-06-23 14:00:00+05:30,756.0,465.8,313.0,41.3,7.6,23.0,4.0,977.9,100,27.5667,72.0667,58.08844792912414
2024-06-23 15:00:00+05:30,660.0,436.6,286.0,42.1,12.8,21.0,6.0,976.8,100,27.5667,72.0667,50.43607110495183
2024-06-23 16:00:00+05:30,469.0,333.6,230.0,42.0,15.7,21.0,7.0,976.2,100,27.5667,72.0667,36.32423628644889
2024-06-23 17:00:00+05:30,298.0,211.1,184.0,41.7,14.2,21.0,20.0,975.8,100,27.5667,72.0667,21.73009240912294
2024-06-23 18:00:00+05:30,167.0,135.6,121.0,41.2,12.8,18.0,8.0,976.1,100,27.5667,72.0667,11.087739401224102
2024-06-23 19:00:00+05:30,45.0,36.3,40.0,40.7,5.9,19.0,7.0,976.7,100,27.5667,72.0667,2.8504373396639475
2024-06-23 20:00:00+05:30,0.0,0.0,0.0,39.1,6.1,20.0,11.0,977.2,100,27.5667,72.0667,0.0
2024-06-23 21:00:00+05:30,0.0,0.0,0.0,38.0,8.7,21.0,9.0,977.8,100,27.5667,72.0667,0.0
2024-06-23 22:00:00+05:30,0.0,0.0,0.0,36.8,6.9,23.0,6.0,978.1,100,27.5667,72.0667,0.0
2024-06-23 23:00:00+05:30,0.0,0.0,0.0,36.8,3.8,24.0,5.0,978.2,100,27.5667,72.0667,0.0
2024-06-24 00:00:00+05:30,0.0,0.0,0.0,35.1,8.2,26.0,5.0,977.9,100,27.5667,72.0667,0.0
2024-06-24 01:00:00+05:30,0.0,0.0,0.0,35.0,12.1,26.0,4.0,977.5,100,27.5667,72.0667,0.0
2024-06-24 02:00:00+05:30,0.0,0.0,0.0,34.6,15.1,27.0,3.0,977.1,100,27.5667,72.0667,0.0
2024-06-24 03:00:00+05:30,0.0,0.0,0.0,33.8,15.4,30.0,0.0,977.0,100,27.5667,72.0667,0.0
2024-06-24 04:00:00+05:30,0.0,0.0,0.0,33.1,12.4,30.0,0.0,977.2,100,27.5667,72.0667,0.0
2024-06-24 05:00:00+05:30,0.0,0.0,0.0,32.3,9.0,33.0,0.0,977.3,100,27.5667,72.0667,0.0
2024-06-24 06:00:00+05:30,13.0,11.4,12.0,31.0,3.8,48.0,0.0,978.4,100,27.5667,72.0667,0.486962098387121
2024-06-24 07:00:00+05:30,105.0,83.5,85.0,32.6,2.8,37.0,0.0,979.1,100,27.5667,72.0667,6.706670096856647
2024-06-24 08:00:00+05:30,260.0,214.7,164.0,34.7,2.5,34.0,0.0,979.2,100,27.5667,72.0667,18.39332062618816
2024-06-24 09:00:00+05:30,441.0,337.7,226.0,36.5,4.0,33.0,0.0,979.1,100,27.5667,72.0667,32.49560289584284
2024-06-24 10:00:00+05:30,610.0,425.0,272.0,38.6,3.7,29.0,0.0,978.8,100,27.5667,72.0667,46.811713870830964
2024-06-24 11:00:00+05:30,742.0,480.0,304.0,40.6,5.9,23.0,0.0,978.5,100,27.5667,72.0667,56.47500335401048
2024-06-24 12:00:00+05:30,818.0,509.2,319.0,42.0,8.7,20.0,0.0,977.8,100,27.5667,72.0667,63.04935216976645
2024-06-24 13:00:00+05:30,839.0,519.6,323.0,43.1,10.4,17.0,1.0,976.8,100,27.5667,72.0667,63.822612984802696
2024-06-24 14:00:00+05:30,806.0,522.5,309.0,43.8,12.6,16.0,1.0,975.7,100,27.5667,72.0667,63.092550655363624
2024-06-24 15:00:00+05:30,683.0,463.2,286.0,44.2,15.1,15.0,3.0,975.0,100,27.5667,72.0667,52.18803946751068
2024-06-24 16:00:00+05:30,526.0,387.8,248.0,44.1,16.2,14.0,3.0,974.1,100,27.5667,72.0667,40.000276704550075
2024-06-24 17:00:00+05:30,343.0,277.5,193.0,43.8,16.0,14.0,2.0,973.4,100,27.5667,72.0667,24.04797060542704
2024-06-24 18:00:00+05:30,171.0,141.2,123.0,42.4,14.8,18.0,5.0,974.1,100,27.5667,72.0667,11.182734060955923
2024-06-24 19:00:00+05:30,46.0,36.2,41.0,41.5,14.1,18.0,1.0,974.3,100,27.5667,72.0667,2.8471223522507434
2024-06-24 20:00:00+05:30,0.0,0.0,0.0,40.2,10.4,20.0,13.0,974.7,100,27.5667,72.0667,0.0
2024-06-24 21:00:00+05:30,0.0,0.0,0.0,38.8,8.6,22.0,41.0,975.3,100,27.5667,72.0667,0.0
2024-06-24 22:00:00+05:30,0.0,0.0,0.0,38.8,16.3,22.0,3.0,975.7,100,27.5667,72.0667,0.0
2024-06-24 23:00:00+05:30,0.0,0.0,0.0,37.7,24.6,28.0,3.0,975.6,100,27.5667,72.0667,0.0
2024-06-25 00:00:00+05:30,0.0,0.0,0.0,34.3,34.5,45.0,6.0,976.3,100,27.5667,72.0667,0.0
2024-06-25 01:00:00+05:30,0.0,0.0,0.0,33.6,30.2,48.0,66.0,976.1,100,27.5667,72.0667,0.0
2024-06-25 02:00:00+05:30,0.0,0.0,0.0,33.1,17.6,51.0,92.0,975.8,100,27.5667,72.0667,0.0
2024-06-25 03:00:00+05:30,0.0,0.0,0.0,33.1,15.0,51.0,66.0,975.6,100,27.5667,72.0667,0.0
2024-06-25 04:00:00+05:30,0.0,0.0,0.0,32.8,15.5,52.0,14.0,975.6,100,27.5667,72.0667,0.0
2024-06-25 05:00:00+05:30,0.0,0.0,0.0,32.0,14.7,55.0,3.0,975.8,100,27.5667,72.0667,0.0
2024-06-25 06:00:00+05:30,13.0,11.5,12.0,31.3,20.7,61.0,0.0,977.2,100,27.5667,72.0667,0.5130433957169614
2024-06-25 07:00:00+05:30,102.0,75.4,84.0,32.5,20.3,54.0,0.0,977.3,100,27.5667,72.0667,6.704015937350321
2024-06-25 08:00:00+05:30,254.0,206.2,162.0,34.4,20.6,48.0,0.0,977.3,100,27.5667,72.0667,18.13173349279983
2024-06-25 09:00:00+05:30,431.0,327.1,223.0,36.5,18.2,42.0,5.0,977.2,100,27.5667,72.0667,33.42672950799063
2024-06-25 10:00:00+05:30,598.0,413.9,269.0,38.4,13.4,37.0,1.0,976.9,100,27.5667,72.0667,45.94084863225977
2024-06-25 11:00:00+05:30,724.0,462.7,302.0,39.9,9.6,32.0,1.0,976.3,100,27.5667,72.0667,56.2481223258905
2024-06-25 12:00:00+05:30,801.0,495.0,316.0,41.2,7.0,29.0,1.0,975.7,100,27.5667,72.0667,62.15209731478788
2024-06-25 13:00:00+05:30,809.0,492.4,320.0,42.2,6.9,27.0,6.0,974.9,100,27.5667,72.0667,63.36027873531826
2024-06-25 14:00:00+05:30,755.0,470.9,307.0,43.2,7.6,25.0,8.0,974.1,100,27.5667,72.0667,58.24763299365928
2024-06-25 15:00:00+05:30,628.0,409.4,277.0,43.5,8.7,24.0,23.0,973.2,100,27.5667,72.0667,47.734741351452726
2024-06-25 16:00:00+05:30,467.0,312.2,243.0,43.5,12.7,23.0,83.0,972.6,100,27.5667,72.0667,34.638821332049346
2024-06-25 17:00:00+05:30,280.0,183.0,181.0,41.8,16.4,25.0,51.0,972.7,100,27.5667,72.0667,20.254597404508697
2024-06-25 18:00:00+05:30,144.0,99.9,110.0,43.0,13.7,22.0,40.0,972.9,100,27.5667,72.0667,9.373521718608545
2024-06-25 19:00:00+05:30,37.0,21.7,34.0,37.0,30.5,36.0,62.0,974.0,100,27.5667,72.0667,2.3361685649753117
2024-06-25 20:00:00+05:30,0.0,0.0,0.0,36.0,24.7,40.0,100.0,974.9,100,27.5667,72.0667,0.0
2024-06-25 21:00:00+05:30,0.0,0.0,0.0,36.2,24.4,44.0,98.0,975.7,100,27.5667,72.0667,0.0
2024-06-25 22:00:00+05:30,0.0,0.0,0.0,35.1,20.9,45.0,100.0,976.4,100,27.5667,72.0667,0.0
2024-06-25 23:00:00+05:30,0.0,0.0,0.0,34.7,16.3,47.0,100.0,976.5,100,27.5667,72.0667,0.0
2024-06-26 00:00:00+05:30,0.0,0.0,0.0,33.6,16.2,55.0,99.0,976.3,100,27.5667,72.0667,0.0
2024-06-26 01:00:00+05:30,0.0,0.0,0.0,33.0,13.7,59.0,90.0,975.6,100,27.5667,72.0667,0.0
2024-06-26 02:00:00+05:30,0.0,0.0,0.0,32.6,13.4,62.0,100.0,975.7,100,27.5667,72.0667,0.0
2024-06-26 03:00:00+05:30,0.0,0.0,0.0,32.3,14.5,64.0,100.0,976.0,100,27.5667,72.0667,0.0
2024-06-26 04:00:00+05:30,0.0,0.0,0.0,31.7,16.6,66.0,82.0,976.1,100,27.5667,72.0667,0.0
2024-06-26 05:00:00+05:30,0.0,0.0,0.0,31.2,16.2,68.0,100.0,976.2,100,27.5667,72.0667,0.0
2024-06-26 06:00:00+05:30,7.0,0.0,7.0,31.1,13.2,70.0,75.0,977.3,100,27.5667,72.0667,0.05503478637074772
2024-06-26 07:00:00+05:30,86.0,25.2,80.0,31.9,12.8,65.0,100.0,977.4,100,27.5667,72.0667,6.35785572858679
2024-06-26 08:00:00+05:30,166.0,47.2,145.0,33.2,13.6,58.0,18.0,977.1,100,27.5667,72.0667,12.944077611625715
2024-06-26 09:00:00+05:30,405.0,281.8,226.0,35.4,11.8,50.0,59.0,977.3,100,27.5667,72.0667,30.52473346369387
2024-06-26 10:00:00+05:30,410.0,144.8,295.0,36.6,9.5,46.0,67.0,977.0,100,27.5667,72.0667,32.977543271784015
2024-06-26 11:00:00+05:30,428.0,92.1,344.0,37.7,10.4,42.0,100.0,976.7,100,27.5667,72.0667,34.07374659847999
2024-06-26 12:00:00+05:30,604.0,238.9,370.0,39.2,11.0,38.0,64.0,976.0,100,27.5667,72.0667,48.399205975913794
2024-06-26 13:00:00+05:30,718.0,356.5,364.0,40.5,11.2,35.0,6.0,975.4,100,27.5667,72.0667,57.79221422364701
2024-06-26 14:00:00+05:30,767.0,484.5,306.0,41.7,10.1,31.0,10.0,974.5,100,27.5667,72.0667,58.539884504357296
2024-06-26 15:00:00+05:30,631.0,399.9,288.0,42.5,9.8,28.0,19.0,973.7,100,27.5667,72.0667,49.34226232908387
2024-06-26 16:00:00+05:30,474.0,317.6,246.0,43.1,13.2,25.0,34.0,972.8,100,27.5667,72.0667,35.98049678713063
2024-06-26 17:00:00+05:30,300.0,223.4,179.0,42.9,13.8,24.0,36.0,972.6,100,27.5667,72.0667,20.965133121776667
2024-06-26 18:00:00+05:30,152.0,114.4,113.0,42.0,14.0,28.0,60.0,974.3,100,27.5667,72.0667,10.012871027552052
2024-06-26 19:00:00+05:30,28.0,14.4,26.0,33.4,37.4,64.0,100.0,976.6,100,27.5667,72.0667,1.6946139684475847
2024-06-26 20:00:00+05:30,0.0,0.0,0.0,31.0,35.1,69.0,100.0,977.7,100,27.5667,72.0667,0.0
2024-06-26 21:00:00+05:30,0.0,0.0,0.0,30.6,23.4,71.0,100.0,977.9,100,27.5667,72.0667,0.0
2024-06-26 22:00:00+05:30,0.0,0.0,0.0,30.2,18.2,75.0,95.0,977.9,100,27.5667,72.0667,0.0
2024-06-26 23:00:00+05:30,0.0,0.0,0.0,29.7,20.3,75.0,97.0,978.0,100,27.5667,72.0667,0.0
2024-06-27 00:00:00+05:30,0.0,0.0,0.0,29.6,17.1,75.0,48.0,977.4,100,27.5667,72.0667,0.0
2024-06-27 01:00:00+05:30,0.0,0.0,0.0,29.2,15.9,78.0,98.0,977.6,100,27.5667,72.0667,0.0
2024-06-27 02:00:00+05:30,0.0,0.0,0.0,29.0,16.2,79.0,100.0,977.4,100,27.5667,72.0667,0.0
2024-06-27 03:00:00+05:30,0.0,0.0,0.0,29.0,14.9,76.0,100.0,977.1,100,27.5667,72.0667,0.0
2024-06-27 04:00:00+05:30,0.0,0.0,0.0,28.7,12.0,79.0,53.0,977.3,100,27.5667,72.0667,0.0
2024-06-27 05:00:00+05:30,0.0,0.0,0.0,28.4,11.5,81.0,14.0,977.6,100,27.5667,72.0667,0.0
2024-06-27 06:00:00+05:30,12.0,11.6,11.0,30.4,9.5,67.0,72.0,977.9,100,27.5667,72.0667,0.40600653442245116
2024-06-27 07:00:00+05:30,88.0,42.3,78.0,30.9,11.4,66.0,26.0,978.7,100,27.5667,72.0667,6.373444541517847
2024-06-27 08:00:00+05:30,216.0,135.0,156.0,32.1,15.2,61.0,12.0,978.9,100,27.5667,72.0667,15.755849631311106
2024-06-27 09:00:00+05:30,412.0,294.8,225.0,33.8,13.0,53.0,89.0,979.0,100,27.5667,72.0667,30.842682370411605
2024-06-27 10:00:00+05:30,462.0,197.8,305.0,35.0,14.0,49.0,100.0,978.9,100,27.5667,72.0667,36.50757738480741
2024-06-27 11:00:00+05:30,371.0,61.5,315.0,35.5,16.9,49.0,99.0,979.0,100,27.5667,72.0667,29.728870676445222
2024-06-27 12:00:00+05:30,382.0,59.2,324.0,35.7,19.9,49.0,92.0,978.9,100,27.5667,72.0667,31.14273561504486
2024-06-27 13:00:00+05:30,404.0,80.6,324.0,36.5,17.6,46.0,96.0,978.0,100,27.5667,72.0667,32.18044318898738
2024-06-27 14:00:00+05:30,550.0,239.6,322.0,37.7,14.3,43.0,96.0,976.7,100,27.5667,72.0667,45.53821059390948
2024-06-27 15:00:00+05:30,513.0,261.1,289.0,38.3,14.0,42.0,100.0,976.5,100,27.5667,72.0667,39.5922380920951
2024-06-27 16:00:00+05:30,362.0,115.6,279.0,34.5,29.2,58.0,99.0,976.6,100,27.5667,72.0667,30.43373152857838
2024-06-27 17:00:00+05:30,143.0,35.1,124.0,32.9,10.2,67.0,100.0,977.0,100,27.5667,72.0667,11.388513219848837
2024-06-27 18:00:00+05:30,16.0,0.0,16.0,30.3,9.7,80.0,100.0,977.9,100,27.5667,72.0667,0.8386503839263275
2024-06-27 19:00:00+05:30,8.0,0.0,8.0,30.3,8.5,81.0,100.0,977.7,100,27.5667,72.0667,0.14020697721274614
2024-06-27 20:00:00+05:30,0.0,0.0,0.0,30.1,10.4,83.0,100.0,978.5,100,27.5667,72.0667,0.0
2024-06-27 21:00:00+05:30,0.0,0.0,0.0,29.8,13.4,85.0,100.0,979.1,100,27.5667,72.0667,0.0
2024-06-27 22:00:00+05:30,0.0,0.0,0.0,29.4,14.6,87.0,100.0,979.8,100,27.5667,72.0667,0.0
2024-06-27 23:00:00+05:30,0.0,0.0,0.0,29.0,13.8,87.0,100.0,979.8,100,27.5667,72.0667,0.0
2024-06-28 00:00:00+05:30,0.0,0.0,0.0,28.8,11.4,87.0,100.0,979.4,100,27.5667,72.0667,0.0
2024-06-28 01:00:00+05:30,0.0,0.0,0.0,28.6,10.1,88.0,100.0,978.8,100,27.5667,72.0667,0.0
2024-06-28 02:00:00+05:30,0.0,0.0,0.0,28.4,10.8,89.0,97.0,978.7,100,27.5667,72.0667,0.0
2024-06-28 03:00:00+05:30,0.0,0.0,0.0,28.1,11.0,90.0,100.0,978.5,100,27.5667,72.0667,0.0
2024-06-28 04:00:00+05:30,0.0,0.0,0.0,28.0,9.4,89.0,100.0,978.5,100,27.5667,72.0667,0.0
2024-06-28 05:00:00+05:30,0.0,0.0,0.0,27.9,6.7,89.0,100.0,979.0,100,27.5667,72.0667,0.0
2024-06-28 06:00:00+05:30,11.0,0.0,11.0,28.2,5.1,85.0,96.0,979.4,100,27.5667,72.0667,0.42270554033405605
2024-06-28 07:00:00+05:30,95.0,59.4,81.0,28.7,8.7,83.0,90.0,980.1,100,27.5667,72.0667,6.628376284627676
2024-06-28 08:00:00+05:30,213.0,133.0,154.0,29.5,9.7,79.0,97.0,980.5,100,27.5667,72.0667,15.19233843169141
2024-06-28 09:00:00+05:30,288.0,135.7,202.0,30.1,7.8,76.0,82.0,980.4,100,27.5667,72.0667,22.550598220117603
2024-06-28 10:00:00+05:30,474.0,248.4,277.0,30.4,13.8,75.0,82.0,980.4,100,27.5667,72.0667,38.61295063855442
2024-06-28 11:00:00+05:30,494.0,217.4,296.0,30.5,11.9,74.0,83.0,980.2,100,27.5667,72.0667,40.034648680334975
2024-06-28 12:00:00+05:30,389.0,119.5,272.0,30.5,10.4,74.0,73.0,979.5,100,27.5667,72.0667,32.76405956498182
2024-06-28 13:00:00+05:30,408.0,108.8,300.0,30.1,10.2,76.0,98.0,978.9,100,27.5667,72.0667,33.82425827641334
2024-06-28 14:00:00+05:30,353.0,113.5,245.0,30.4,9.4,76.0,100.0,978.1,100,27.5667,72.0667,29.785885997271816
2024-06-28 15:00:00+05:30,243.0,39.6,209.0,30.4,12.8,78.0,100.0,977.4,100,27.5667,72.0667,20.930175254294525
2024-06-28 16:00:00+05:30,239.0,54.3,200.0,30.4,14.6,79.0,100.0,976.8,100,27.5667,72.0667,19.580536698606238
2024-06-28 17:00:00+05:30,112.0,16.6,103.0,29.9,12.0,81.0,100.0,976.2,100,27.5667,72.0667,9.089255662685225
2024-06-28 18:00:00+05:30,94.0,43.9,79.0,33.8,14.4,60.0,96.0,976.6,100,27.5667,72.0667,6.559067271865389
2024-06-28 19:00:00+05:30,36.0,7.2,35.0,33.7,12.8,60.0,100.0,976.7,100,27.5667,72.0667,2.472579237414323
2024-06-28 20:00:00+05:30,0.0,0.0,0.0,33.6,13.1,61.0,100.0,977.1,100,27.5667,72.0667,0.0
2024-06-28 21:00:00+05:30,0.0,0.0,0.0,32.2,18.4,68.0,100.0,977.7,100,27.5667,72.0667,0.0
2024-06-28 22:00:00+05:30,0.0,0.0,0.0,31.2,18.4,70.0,100.0,978.1,100,27.5667,72.0667,0.0
2024-06-28 23:00:00+05:30,0.0,0.0,0.0,30.6,18.3,71.0,100.0,978.0,100,27.5667,72.0667,0.0
2024-06-29 00:00:00+05:30,0.0,0.0,0.0,30.2,17.4,72.0,100.0,977.7,100,27.5667,72.0667,0.0
2024-06-29 01:00:00+05:30,0.0,0.0,0.0,29.8,17.1,74.0,100.0,977.1,100,27.5667,72.0667,0.0
2024-06-29 02:00:00+05:30,0.0,0.0,0.0,29.6,16.3,75.0,100.0,976.9,100,27.5667,72.0667,0.0
2024-06-29 03:00:00+05:30,0.0,0.0,0.0,29.3,18.2,77.0,100.0,976.9,100,27.5667,72.0667,0.0
2024-06-29 04:00:00+05:30,0.0,0.0,0.0,28.9,18.1,81.0,100.0,977.1,100,27.5667,72.0667,0.0
2024-06-29 05:00:00+05:30,0.0,0.0,0.0,28.8,15.2,82.0,90.0,977.5,100,27.5667,72.0667,0.0
2024-06-29 06:00:00+05:30,9.0,0.0,9.0,29.0,16.4,81.0,91.0,977.8,100,27.5667,72.0667,0.2392132199730311
2024-06-29 07:00:00+05:30,82.0,34.1,74.0,29.5,17.4,78.0,99.0,978.6,100,27.5667,72.0667,5.989671867093558
2024-06-29 08:00:00+05:30,196.0,90.4,156.0,30.5,17.3,72.0,100.0,979.2,100,27.5667,72.0667,15.160609891870749
2024-06-29 09:00:00+05:30,206.0,17.4,195.0,31.3,17.1,68.0,100.0,979.2,100,27.5667,72.0667,17.47691602924271
2024-06-29 10:00:00+05:30,414.0,146.4,298.0,32.9,17.3,61.0,83.0,978.9,100,27.5667,72.0667,33.103535289962224
2024-06-29 11:00:00+05:30,629.0,326.2,332.0,34.7,16.6,54.0,94.0,979.2,100,27.5667,72.0667,50.61201499318217
2024-06-29 12:00:00+05:30,735.0,398.4,345.0,36.0,15.1,49.0,100.0,978.8,100,27.5667,72.0667,57.03518874706802
2024-06-29 13:00:00+05:30,768.0,406.8,364.0,36.9,13.8,46.0,98.0,977.9,100,27.5667,72.0667,60.50501247025007
2024-06-29 14:00:00+05:30,725.0,419.1,326.0,37.5,11.8,44.0,96.0,976.7,100,27.5667,72.0667,57.77736770737925
2024-06-29 15:00:00+05:30,629.0,376.2,306.0,37.9,10.6,43.0,100.0,975.8,100,27.5667,72.0667,47.507909602136856
2024-06-29 16:00:00+05:30,478.0,293.5,267.0,38.2,11.7,42.0,100.0,975.2,100,27.5667,72.0667,35.92461218978104
2024-06-29 17:00:00+05:30,288.0,165.8,198.0,36.8,18.3,47.0,100.0,975.6,100,27.5667,72.0667,20.50105846994735
2024-06-29 18:00:00+05:30,133.0,55.5,114.0,32.8,11.2,64.0,100.0,976.3,100,27.5667,72.0667,9.750396430544527
2024-06-29 19:00:00+05:30,40.0,14.4,38.0,32.0,10.2,70.0,100.0,976.6,100,27.5667,72.0667,2.7916580274667204
2024-06-29 20:00:00+05:30,0.0,0.0,0.0,31.3,8.4,74.0,97.0,977.0,100,27.5667,72.0667,0.0
2024-06-29 21:00:00+05:30,0.0,0.0,0.0,30.8,11.3,77.0,94.0,978.1,100,27.5667,72.0667,0.0
2024-06-29 22:00:00+05:30,0.0,0.0,0.0,30.0,20.5,80.0,100.0,978.4,100,27.5667,72.0667,0.0
2024-06-29 23:00:00+05:30,0.0,0.0,0.0,29.5,22.7,82.0,53.0,978.6,100,27.5667,72.0667,0.0
2024-06-30 00:00:00+05:30,0.0,0.0,0.0,28.8,23.9,85.0,98.0,978.2,100,27.5667,72.0667,0.0
2024-06-30 01:00:00+05:30,0.0,0.0,0.0,28.4,25.9,86.0,37.0,977.7,100,27.5667,72.0667,0.0
2024-06-30 02:00:00+05:30,0.0,0.0,0.0,27.9,25.3,88.0,0.0,977.3,100,27.5667,72.0667,0.0
2024-06-30 03:00:00+05:30,0.0,0.0,0.0,27.8,25.1,90.0,0.0,977.3,100,27.5667,72.0667,0.0
2024-06-30 04:00:00+05:30,0.0,0.0,0.0,27.8,22.1,90.0,3.0,977.7,100,27.5667,72.0667,0.0
2024-06-30 05:00:00+05:30,0.0,0.0,0.0,27.8,19.4,90.0,10.0,978.0,100,27.5667,72.0667,0.0
2024-06-30 06:00:00+05:30,11.0,11.9,10.0,28.3,16.8,90.0,0.0,978.3,100,27.5667,72.0667,0.33324974387716394
2024-06-30 07:00:00+05:30,97.0,68.6,81.0,29.1,17.8,86.0,0.0,978.6,100,27.5667,72.0667,6.66742926018851
2024-06-30 08:00:00+05:30,244.0,192.6,159.0,30.4,20.0,79.0,0.0,978.7,100,27.5667,72.0667,17.572265472504302
2024-06-30 09:00:00+05:30,421.0,314.9,222.0,31.7,19.7,75.0,0.0,979.0,100,27.5667,72.0667,32.25297346030436
2024-06-30 10:00:00+05:30,586.0,400.4,269.0,33.1,19.4,69.0,0.0,978.8,100,27.5667,72.0667,48.15943889810532
2024-06-30 11:00:00+05:30,717.0,458.3,300.0,34.6,18.2,62.0,1.0,978.5,100,27.5667,72.0667,58.365434273014216
2024-06-30 12:00:00+05:30,775.0,470.0,315.0,35.8,18.0,56.0,3.0,977.8,100,27.5667,72.0667,63.11533715314157
2024-06-30 13:00:00+05:30,793.0,476.3,320.0,36.8,16.4,52.0,7.0,977.1,100,27.5667,72.0667,64.26754638771871
2024-06-30 14:00:00+05:30,745.0,457.9,309.0,37.4,14.8,49.0,5.0,975.9,100,27.5667,72.0667,60.673583650141175
2024-06-30 15:00:00+05:30,641.0,418.0,282.0,37.6,13.4,47.0,4.0,975.0,100,27.5667,72.0667,51.86890294349899
2024-06-30 16:00:00+05:30,506.0,362.8,245.0,37.9,13.8,45.0,3.0,974.3,100,27.5667,72.0667,39.33070311534607
2024-06-30 17:00:00+05:30,333.0,263.2,190.0,37.8,17.0,45.0,5.0,974.0,100,27.5667,72.0667,23.962286023270455
2024-06-30 18:00:00+05:30,170.0,140.1,122.0,37.0,16.1,44.0,7.0,975.0,100,27.5667,72.0667,11.40173577592709
2024-06-30 19:00:00+05:30,45.0,35.9,40.0,36.0,11.9,47.0,13.0,975.0,100,27.5667,72.0667,2.8991674329169217
2024-06-30 20:00:00+05:30,0.0,0.0,0.0,34.9,15.2,52.0,15.0,975.6,100,27.5667,72.0667,0.0
2024-06-30 21:00:00+05:30,0.0,0.0,0.0,33.6,14.6,59.0,4.0,976.0,100,27.5667,72.0667,0.0
2024-06-30 22:00:00+05:30,0.0,0.0,0.0,32.4,20.6,64.0,11.0,976.3,100,27.5667,72.0667,0.0
2024-06-30 23:00:00+05:30,0.0,0.0,0.0,31.0,29.8,72.0,25.0,976.4,100,27.5667,72.0667,0.0
2024-07-01 00:00:00+05:30,0.0,0.0,0.0,29.5,30.5,78.0,8.0,976.4,100,27.5667,72.0667,0.0
2024-07-01 01:00:00+05:30,0.0,0.0,0.0,28.9,27.0,81.0,4.0,976.0,100,27.5667,72.0667,0.0
2024-07-01 02:00:00+05:30,0.0,0.0,0.0,28.2,26.5,84.0,1.0,975.6,100,27.5667,72.0667,0.0
2024-07-01 03:00:00+05:30,0.0,0.0,0.0,27.8,25.3,86.0,1.0,975.6,100,27.5667,72.0667,0.0
2024-07-01 04:00:00+05:30,0.0,0.0,0.0,27.6,23.8,86.0,0.0,975.9,100,27.5667,72.0667,0.0
2024-07-01 05:00:00+05:30,0.0,0.0,0.0,27.4,21.7,87.0,0.0,975.8,100,27.5667,72.0667,0.0
2024-07-01 06:00:00+05:30,11.0,12.0,10.0,28.0,19.2,85.0,8.0,975.9,100,27.5667,72.0667,0.329901051241304
2024-07-01 07:00:00+05:30,98.0,73.2,81.0,29.2,22.1,78.0,29.0,976.2,100,27.5667,72.0667,6.616751449765025
2024-07-01 08:00:00+05:30,248.0,202.1,159.0,30.4,23.2,73.0,55.0,976.7,100,27.5667,72.0667,17.629392021071453
2024-07-01 09:00:00+05:30,424.0,320.1,222.0,32.1,23.9,66.0,2.0,976.9,100,27.5667,72.0667,32.455950894427474
2024-07-01 10:00:00+05:30,593.0,413.4,266.0,33.9,24.6,58.0,0.0,976.5,100,27.5667,72.0667,49.50730232644205
2024-07-01 11:00:00+05:30,725.0,470.6,297.0,35.5,23.3,51.0,17.0,976.2,100,27.5667,72.0667,58.48239288779834
2024-07-01 12:00:00+05:30,804.0,499.8,315.0,37.0,21.2,46.0,38.0,975.4,100,27.5667,72.0667,65.3641835830352
2024-07-01 13:00:00+05:30,822.0,507.6,318.0,38.1,20.5,41.0,4.0,974.3,100,27.5667,72.0667,67.45975993149952
2024-07-01 14:00:00+05:30,778.0,497.8,304.0,38.9,19.2,40.0,5.0,973.2,100,27.5667,72.0667,61.96415196849912
2024-07-01 15:00:00+05:30,674.0,458.6,280.0,39.7,19.5,38.0,13.0,972.1,100,27.5667,72.0667,53.22681193291848
2024-07-01 16:00:00+05:30,519.0,383.5,243.0,39.9,21.6,37.0,20.0,971.7,100,27.5667,72.0667,40.57538960994717
2024-07-01 17:00:00+05:30,341.0,277.8,190.0,39.3,26.0,38.0,100.0,971.5,100,27.5667,72.0667,24.00981335757068
2024-07-01 18:00:00+05:30,174.0,145.9,124.0,37.7,22.2,41.0,2.0,972.2,100,27.5667,72.0667,11.537735901321128
2024-07-01 19:00:00+05:30,47.0,35.8,42.0,36.7,22.6,44.0,10.0,972.9,100,27.5667,72.0667,2.9755064697757194
2024-07-01 20:00:00+05:30,0.0,0.0,0.0,35.7,24.3,47.0,4.0,973.8,100,27.5667,72.0667,0.0
2024-07-01 21:00:00+05:30,0.0,0.0,0.0,34.8,25.8,50.0,80.0,974.3,100,27.5667,72.0667,0.0
2024-07-01 22:00:00+05:30,0.0,0.0,0.0,34.3,20.4,51.0,100.0,974.7,100,27.5667,72.0667,0.0
2024-07-01 23:00:00+05:30,0.0,0.0,0.0,33.7,22.6,53.0,100.0,974.2,100,27.5667,72.0667,0.0
2024-07-02 00:00:00+05:30,0.0,0.0,0.0,32.3,24.6,64.0,100.0,973.5,100,27.5667,72.0667,0.0
2024-07-02 01:00:00+05:30,0.0,0.0,0.0,31.1,26.1,70.0,100.0,972.9,100,27.5667,72.0667,0.0
2024-07-02 02:00:00+05:30,0.0,0.0,0.0,30.3,25.5,74.0,100.0,972.5,100,27.5667,72.0667,0.0
2024-07-02 03:00:00+05:30,0.0,0.0,0.0,29.5,25.3,78.0,76.0,972.8,100,27.5667,72.0667,0.0
2024-07-02 04:00:00+05:30,0.0,0.0,0.0,28.8,24.5,81.0,25.0,973.0,100,27.5667,72.0667,0.0
2024-07-02 05:00:00+05:30,0.0,0.0,0.0,28.3,22.4,83.0,14.0,973.4,100,27.5667,72.0667,0.0
2024-07-02 06:00:00+05:30,9.0,0.0,9.0,29.2,18.8,80.0,93.0,973.4,100,27.5667,72.0667,0.23578330934645994
2024-07-02 07:00:00+05:30,83.0,30.3,76.0,29.8,20.5,77.0,100.0,974.0,100,27.5667,72.0667,6.126679184933562
2024-07-02 08:00:00+05:30,186.0,86.5,148.0,30.8,24.2,72.0,28.0,974.6,100,27.5667,72.0667,14.43084066455764
2024-07-02 09:00:00+05:30,334.0,173.0,225.0,32.3,23.3,65.0,18.0,974.7,100,27.5667,72.0667,26.749701409012545
2024-07-02 10:00:00+05:30,585.0,403.6,266.0,34.6,21.3,55.0,98.0,974.5,100,27.5667,72.0667,45.39971385534208
2024-07-02 11:00:00+05:30,717.0,456.5,302.0,36.6,21.0,48.0,93.0,974.1,100,27.5667,72.0667,56.43835266250202
2024-07-02 12:00:00+05:30,795.0,484.6,321.0,38.3,19.1,42.0,87.0,973.4,100,27.5667,72.0667,64.31695880208885
2024-07-02 13:00:00+05:30,818.0,502.6,319.0,39.6,17.7,38.0,26.0,972.8,100,27.5667,72.0667,65.78009053761572
2024-07-02 14:00:00+05:30,772.0,489.3,306.0,40.6,19.9,35.0,19.0,971.9,100,27.5667,72.0667,62.75020926400045
2024-07-02 15:00:00+05:30,667.0,448.1,282.0,41.1,22.5,34.0,5.0,971.2,100,27.5667,72.0667,52.04343861413387
2024-07-02 16:00:00+05:30,500.0,363.9,238.0,41.0,25.5,34.0,16.0,971.0,100,27.5667,72.0667,38.91943567784208
2024-07-02 17:00:00+05:30,331.0,264.8,187.0,40.4,26.5,35.0,32.0,970.7,100,27.5667,72.0667,23.730135027261543
2024-07-02 18:00:00+05:30,167.0,119.5,126.0,38.6,23.1,38.0,100.0,971.7,100,27.5667,72.0667,11.047642176230912
2024-07-02 19:00:00+05:30,45.0,21.5,42.0,37.5,25.2,40.0,100.0,972.2,100,27.5667,72.0667,2.9197289113941762
2024-07-02 20:00:00+05:30,0.0,0.0,0.0,36.5,24.2,44.0,99.0,972.9,100,27.5667,72.0667,0.0
2024-07-02 21:00:00+05:30,0.0,0.0,0.0,36.1,21.3,45.0,100.0,973.7,100,27.5667,72.0667,0.0
2024-07-02 22:00:00+05:30,0.0,0.0,0.0,35.4,22.0,48.0,100.0,974.3,100,27.5667,72.0667,0.0
2024-07-02 23:00:00+05:30,0.0,0.0,0.0,33.0,31.8,64.0,100.0,974.6,100,27.5667,72.0667,0.0
2024-07-03 00:00:00+05:30,0.0,0.0,0.0,32.1,31.0,69.0,100.0,974.5,100,27.5667,72.0667,0.0
2024-07-03 01:00:00+05:30,0.0,0.0,0.0,31.0,27.3,75.0,0.0,974.1,100,27.5667,72.0667,0.0
2024-07-03 02:00:00+05:30,0.0,0.0,0.0,30.6,24.4,77.0,17.0,973.9,100,27.5667,72.0667,0.0
2024-07-03 03:00:00+05:30,0.0,0.0,0.0,30.5,23.6,74.0,45.0,974.0,100,27.5667,72.0667,0.0
2024-07-03 04:00:00+05:30,0.0,0.0,0.0,30.0,21.0,76.0,14.0,974.5,100,27.5667,72.0667,0.0
2024-07-03 05:00:00+05:30,0.0,0.0,0.0,29.5,20.0,78.0,2.0,975.1,100,27.5667,72.0667,0.0
2024-07-03 06:00:00+05:30,11.0,0.0,11.0,29.6,18.8,77.0,99.0,975.7,100,27.5667,72.0667,0.41787220003206177
2024-07-03 07:00:00+05:30,97.0,74.0,80.0,30.0,21.5,75.0,99.0,975.9,100,27.5667,72.0667,6.340486330417782
2024-07-03 08:00:00+05:30,246.0,194.0,161.0,31.1,22.7,70.0,91.0,976.0,100,27.5667,72.0667,17.64284248042157
2024-07-03 09:00:00+05:30,424.0,319.5,223.0,33.0,23.2,61.0,78.0,976.2,100,27.5667,72.0667,32.00013864087061
2024-07-03 10:00:00+05:30,592.0,411.6,267.0,35.3,23.5,50.0,93.0,976.3,100,27.5667,72.0667,46.59983473749583
2024-07-03 11:00:00+05:30,725.0,470.0,298.0,37.5,23.1,42.0,99.0,976.0,100,27.5667,72.0667,57.59460156092703
2024-07-03 12:00:00+05:30,803.0,496.0,318.0,39.1,22.1,38.0,53.0,975.5,100,27.5667,72.0667,64.63281954593843
2024-07-03 13:00:00+05:30,824.0,508.6,319.0,40.3,22.0,34.0,34.0,975.0,100,27.5667,72.0667,65.56794403893052
2024-07-03 14:00:00+05:30,778.0,493.5,308.0,41.2,22.6,33.0,46.0,974.1,100,27.5667,72.0667,62.18782464306648
2024-07-03 15:00:00+05:30,675.0,456.1,283.0,41.8,23.1,32.0,69.0,973.3,100,27.5667,72.0667,52.67974641576357
2024-07-03 16:00:00+05:30,525.0,391.6,243.0,41.9,22.8,31.0,1.0,973.0,100,27.5667,72.0667,40.92721021552558
2024-07-03 17:00:00+05:30,349.0,288.6,192.0,41.7,21.6,30.0,15.0,972.7,100,27.5667,72.0667,25.019349329341573
2024-07-03 18:00:00+05:30,175.0,148.6,124.0,40.2,18.8,33.0,7.0,973.8,100,27.5667,72.0667,11.310816007265744
2024-07-03 19:00:00+05:30,47.0,43.0,41.0,39.9,15.4,33.0,26.0,974.3,100,27.5667,72.0667,2.88954373969612
2024-07-03 20:00:00+05:30,0.0,0.0,0.0,39.1,20.3,36.0,99.0,974.8,100,27.5667,72.0667,0.0
2024-07-03 21:00:00+05:30,0.0,0.0,0.0,37.0,30.1,45.0,99.0,975.6,100,27.5667,72.0667,0.0
2024-07-03 22:00:00+05:30,0.0,0.0,0.0,36.2,30.5,49.0,100.0,976.7,100,27.5667,72.0667,0.0
2024-07-03 23:00:00+05:30,0.0,0.0,0.0,35.0,29.1,54.0,100.0,977.0,100,27.5667,72.0667,0.0
2024-07-04 00:00:00+05:30,0.0,0.0,0.0,34.0,30.7,57.0,100.0,976.9,100,27.5667,72.0667,0.0
2024-07-04 01:00:00+05:30,0.0,0.0,0.0,32.7,30.8,65.0,100.0,976.2,100,27.5667,72.0667,0.0
2024-07-04 02:00:00+05:30,0.0,0.0,0.0,32.1,26.2,69.0,100.0,975.8,100,27.5667,72.0667,0.0
2024-07-04 03:00:00+05:30,0.0,0.0,0.0,31.5,24.5,73.0,100.0,976.3,100,27.5667,72.0667,0.0
2024-07-04 04:00:00+05:30,0.0,0.0,0.0,31.1,22.1,75.0,100.0,976.9,100,27.5667,72.0667,0.0
2024-07-04 05:00:00+05:30,0.0,0.0,0.0,31.1,20.0,75.0,100.0,977.6,100,27.5667,72.0667,0.0
2024-07-04 06:00:00+05:30,10.0,0.0,10.0,31.0,18.7,75.0,100.0,978.4,100,27.5667,72.0667,0.3172765761289495
2024-07-04 07:00:00+05:30,85.0,21.9,80.0,31.7,22.2,69.0,100.0,978.4,100,27.5667,72.0667,6.310266190340698
2024-07-04 08:00:00+05:30,203.0,73.2,171.0,32.7,21.9,63.0,99.0,979.0,100,27.5667,72.0667,15.52651465504846
2024-07-04 09:00:00+05:30,385.0,224.4,244.0,34.1,22.3,57.0,100.0,979.0,100,27.5667,72.0667,29.670640234587115
2024-07-04 10:00:00+05:30,568.0,356.2,287.0,35.8,22.1,51.0,100.0,979.1,100,27.5667,72.0667,44.91555444240869
2024-07-04 11:00:00+05:30,676.0,382.1,329.0,37.5,21.4,45.0,100.0,978.6,100,27.5667,72.0667,53.67880492480198
2024-07-04 12:00:00+05:30,779.0,452.1,337.0,39.1,21.7,40.0,100.0,978.1,100,27.5667,72.0667,62.82585940453449
2024-07-04 13:00:00+05:30,806.0,473.4,336.0,40.1,23.0,38.0,11.0,977.0,100,27.5667,72.0667,65.69475601151113
2024-07-04 14:00:00+05:30,775.0,491.3,307.0,40.9,23.7,36.0,16.0,975.9,100,27.5667,72.0667,63.119664090949165
2024-07-04 15:00:00+05:30,670.0,447.9,285.0,41.2,19.7,35.0,75.0,975.7,100,27.5667,72.0667,52.389212396834395
2024-07-04 16:00:00+05:30,463.0,313.7,237.0,41.2,21.3,34.0,100.0,975.0,100,27.5667,72.0667,34.72568193211454
2024-07-04 17:00:00+05:30,335.0,259.1,194.0,41.2,18.8,34.0,89.0,974.6,100,27.5667,72.0667,24.488658422336275
2024-07-04 18:00:00+05:30,102.0,14.6,97.0,37.6,15.0,44.0,100.0,976.4,100,27.5667,72.0667,7.560565487703329
2024-07-04 19:00:00+05:30,22.0,0.0,22.0,34.3,24.3,56.0,100.0,976.4,100,27.5667,72.0667,1.34800299108127
2024-07-04 20:00:00+05:30,0.0,0.0,0.0,35.7,20.9,51.0,100.0,976.7,100,27.5667,72.0667,0.0
2024-07-04 21:00:00+05:30,0.0,0.0,0.0,35.5,22.3,51.0,100.0,977.3,100,27.5667,72.0667,0.0
2024-07-04 22:00:00+05:30,0.0,0.0,0.0,35.3,22.9,51.0,100.0,977.5,100,27.5667,72.0667,0.0
2024-07-04 23:00:00+05:30,0.0,0.0,0.0,34.6,26.8,52.0,100.0,977.2,100,27.5667,72.0667,0.0
2024-07-05 00:00:00+05:30,0.0,0.0,0.0,33.3,27.2,56.0,100.0,976.8,100,27.5667,72.0667,0.0
2024-07-05 01:00:00+05:30,0.0,0.0,0.0,32.9,27.4,56.0,100.0,976.4,100,27.5667,72.0667,0.0
2024-07-05 02:00:00+05:30,0.0,0.0,0.0,31.9,27.1,63.0,98.0,976.3,100,27.5667,72.0667,0.0
2024-07-05 03:00:00+05:30,0.0,0.0,0.0,31.3,23.6,67.0,100.0,976.2,100,27.5667,72.0667,0.0
2024-07-05 04:00:00+05:30,0.0,0.0,0.0,31.0,20.7,69.0,99.0,976.2,100,27.5667,72.0667,0.0
2024-07-05 05:00:00+05:30,0.0,0.0,0.0,30.7,19.9,71.0,100.0,976.2,100,27.5667,72.0667,0.0
2024-07-05 06:00:00+05:30,10.0,0.0,10.0,30.9,20.0,68.0,99.0,976.5,100,27.5667,72.0667,0.3228447372185354
2024-07-05 07:00:00+05:30,92.0,52.9,80.0,31.6,21.7,66.0,100.0,977.0,100,27.5667,72.0667,6.375302487170888
2024-07-05 08:00:00+05:30,222.0,121.6,169.0,32.5,21.1,62.0,100.0,977.5,100,27.5667,72.0667,16.2101653059077
2024-07-05 09:00:00+05:30,403.0,267.8,235.0,34.0,23.5,54.0,100.0,977.3,100,27.5667,72.0667,30.390526093755977
2024-07-05 10:00:00+05:30,573.0,371.7,280.0,35.5,24.2,48.0,97.0,977.1,100,27.5667,72.0667,44.61368919541891
2024-07-05 11:00:00+05:30,718.0,458.4,302.0,37.2,24.8,42.0,95.0,976.5,100,27.5667,72.0667,57.41687742927289
2024-07-05 12:00:00+05:30,799.0,493.2,317.0,38.7,25.9,38.0,99.0,975.3,100,27.5667,72.0667,63.57631742162337
2024-07-05 13:00:00+05:30,820.0,504.7,319.0,39.9,24.8,35.0,99.0,974.5,100,27.5667,72.0667,64.26477405102065
2024-07-05 14:00:00+05:30,776.0,494.5,305.0,40.8,23.4,32.0,100.0,973.6,100,27.5667,72.0667,61.8837279206178
2024-07-05 15:00:00+05:30,666.0,438.5,289.0,41.3,23.2,31.0,100.0,972.9,100,27.5667,72.0667,52.541383475330626
2024-07-05 16:00:00+05:30,470.0,265.1,279.0,41.1,21.9,31.0,100.0,972.1,100,27.5667,72.0667,35.779336437278914
2024-07-05 17:00:00+05:30,303.0,183.7,203.0,40.8,22.4,32.0,90.0,971.4,100,27.5667,72.0667,22.410881531921248
2024-07-05 18:00:00+05:30,132.0,35.0,120.0,38.8,22.9,35.0,100.0,972.6,100,27.5667,72.0667,9.898592888560499
2024-07-05 19:00:00+05:30,41.0,21.5,38.0,38.0,23.2,37.0,100.0,972.7,100,27.5667,72.0667,2.63487553531918
2024-07-05 20:00:00+05:30,0.0,0.0,0.0,37.7,21.1,37.0,100.0,973.7,100,27.5667,72.0667,0.0
2024-07-05 21:00:00+05:30,0.0,0.0,0.0,37.1,17.3,39.0,100.0,973.9,100,27.5667,72.0667,0.0
2024-07-05 22:00:00+05:30,0.0,0.0,0.0,36.4,18.7,41.0,100.0,974.2,100,27.5667,72.0667,0.0
2024-07-05 23:00:00+05:30,0.0,0.0,0.0,35.1,28.3,46.0,100.0,973.8,100,27.5667,72.0667,0.0
2024-07-06 00:00:00+05:30,0.0,0.0,0.0,34.6,28.5,48.0,100.0,973.2,100,27.5667,72.0667,0.0
2024-07-06 01:00:00+05:30,0.0,0.0,0.0,33.5,29.7,52.0,91.0,972.3,100,27.5667,72.0667,0.0
2024-07-06 02:00:00+05:30,0.0,0.0,0.0,31.4,29.6,64.0,100.0,972.1,100,27.5667,72.0667,0.0
2024-07-06 03:00:00+05:30,0.0,0.0,0.0,31.2,29.1,66.0,100.0,972.5,100,27.5667,72.0667,0.0
2024-07-06 04:00:00+05:30,0.0,0.0,0.0,30.5,27.1,69.0,100.0,973.1,100,27.5667,72.0667,0.0
2024-07-06 05:00:00+05:30,0.0,0.0,0.0,30.0,24.6,71.0,100.0,973.6,100,27.5667,72.0667,0.0
2024-07-06 06:00:00+05:30,9.0,0.0,9.0,31.3,26.5,66.0,100.0,973.7,100,27.5667,72.0667,0.22673101885234595
2024-07-06 07:00:00+05:30,73.0,8.9,71.0,31.4,26.7,64.0,100.0,974.5,100,27.5667,72.0667,5.712570505210461
2024-07-06 08:00:00+05:30,190.0,80.5,155.0,31.7,27.7,62.0,99.0,974.5,100,27.5667,72.0667,14.451698462784742
2024-07-06 09:00:00+05:30,405.0,282.6,228.0,33.1,27.7,56.0,100.0,974.5,100,27.5667,72.0667,31.560061970857237
2024-07-06 10:00:00+05:30,568.0,358.1,286.0,34.3,26.0,52.0,96.0,974.4,100,27.5667,72.0667,45.14492715052862
2024-07-06 11:00:00+05:30,700.0,418.9,320.0,35.7,25.0,48.0,100.0,974.2,100,27.5667,72.0667,56.606957155072756
2024-07-06 12:00:00+05:30,785.0,460.6,335.0,37.4,27.6,43.0,100.0,973.6,100,27.5667,72.0667,63.52731782084334
2024-07-06 13:00:00+05:30,800.0,456.4,347.0,38.8,30.4,39.0,100.0,972.7,100,27.5667,72.0667,64.57984214837063
2024-07-06 14:00:00+05:30,770.0,474.5,318.0,39.8,29.9,36.0,100.0,971.9,100,27.5667,72.0667,63.36549492269065
2024-07-06 15:00:00+05:30,672.0,452.4,283.0,40.5,30.4,34.0,100.0,971.3,100,27.5667,72.0667,52.463296495755934
2024-07-06 16:00:00+05:30,518.0,371.9,250.0,40.6,29.8,33.0,100.0,970.7,100,27.5667,72.0667,39.02096056715174
2024-07-06 17:00:00+05:30,339.0,257.2,199.0,40.5,30.3,33.0,13.0,970.3,100,27.5667,72.0667,25.424780109377124
2024-07-06 18:00:00+05:30,138.0,87.4,108.0,40.2,24.0,32.0,34.0,971.3,100,27.5667,72.0667,9.348605636515213
2024-07-06 19:00:00+05:30,36.0,21.5,33.0,39.4,23.8,34.0,55.0,971.7,100,27.5667,72.0667,2.164677031337454
2024-07-06 20:00:00+05:30,0.0,0.0,0.0,38.9,26.3,36.0,58.0,972.2,100,27.5667,72.0667,0.0
2024-07-06 21:00:00+05:30,0.0,0.0,0.0,37.1,29.4,40.0,45.0,973.1,100,27.5667,72.0667,0.0
2024-07-06 22:00:00+05:30,0.0,0.0,0.0,34.1,35.1,53.0,43.0,973.7,100,27.5667,72.0667,0.0
2024-07-06 23:00:00+05:30,0.0,0.0,0.0,32.8,28.4,61.0,97.0,975.5,100,27.5667,72.0667,0.0
2024-07-07 00:00:00+05:30,0.0,0.0,0.0,31.7,17.9,70.0,100.0,975.3,100,27.5667,72.0667,0.0
2024-07-07 01:00:00+05:30,0.0,0.0,0.0,31.4,28.0,69.0,100.0,974.7,100,27.5667,72.0667,0.0
2024-07-07 02:00:00+05:30,0.0,0.0,0.0,31.0,28.8,69.0,100.0,974.0,100,27.5667,72.0667,0.0
2024-07-07 03:00:00+05:30,0.0,0.0,0.0,30.4,27.7,71.0,99.0,974.5,100,27.5667,72.0667,0.0
2024-07-07 04:00:00+05:30,0.0,0.0,0.0,29.9,24.8,73.0,43.0,974.5,100,27.5667,72.0667,0.0
2024-07-07 05:00:00+05:30,0.0,0.0,0.0,29.6,20.9,75.0,89.0,974.8,100,27.5667,72.0667,0.0
2024-07-07 06:00:00+05:30,10.0,0.0,10.0,30.8,21.9,68.0,98.0,975.5,100,27.5667,72.0667,0.32061119866670645
2024-07-07 07:00:00+05:30,92.0,62.4,78.0,31.2,22.1,67.0,81.0,976.2,100,27.5667,72.0667,6.086969584035844
2024-07-07 08:00:00+05:30,210.0,136.1,151.0,31.9,20.1,64.0,100.0,977.3,100,27.5667,72.0667,14.980313895979327
2024-07-07 09:00:00+05:30,242.0,70.3,198.0,32.3,17.6,62.0,96.0,977.7,100,27.5667,72.0667,19.504251080600888
2024-07-07 10:00:00+05:30,365.0,124.6,267.0,33.7,15.8,56.0,32.0,977.6,100,27.5667,72.0667,30.578710070928892
2024-07-07 11:00:00+05:30,659.0,366.2,327.0,35.6,10.6,49.0,33.0,977.4,100,27.5667,72.0667,52.17759219789738
2024-07-07 12:00:00+05:30,710.0,398.3,321.0,35.9,5.6,48.0,100.0,977.2,100,27.5667,72.0667,55.46768203568891
2024-07-07 13:00:00+05:30,557.0,205.6,353.0,36.1,8.9,47.0,92.0,976.5,100,27.5667,72.0667,44.80071612310906
2024-07-07 14:00:00+05:30,581.0,267.7,326.0,37.3,9.1,43.0,41.0,975.7,100,27.5667,72.0667,47.400486063896516
2024-07-07 15:00:00+05:30,537.0,287.3,290.0,38.2,14.0,41.0,100.0,975.2,100,27.5667,72.0667,43.295948192990885
2024-07-07 16:00:00+05:30,291.0,50.0,255.0,38.3,14.3,40.0,100.0,974.7,100,27.5667,72.0667,23.20761028745286
2024-07-07 17:00:00+05:30,163.0,25.7,149.0,37.6,8.6,41.0,99.0,974.7,100,27.5667,72.0667,12.733502056946676
2024-07-07 18:00:00+05:30,80.0,26.2,71.0,35.7,5.4,46.0,98.0,975.7,100,27.5667,72.0667,5.720674785020827
2024-07-07 19:00:00+05:30,31.0,14.3,29.0,35.8,3.6,46.0,63.0,976.3,100,27.5667,72.0667,1.9363744311486684
2024-07-07 20:00:00+05:30,0.0,0.0,0.0,35.5,6.5,46.0,62.0,977.0,100,27.5667,72.0667,0.0
2024-07-07 21:00:00+05:30,0.0,0.0,0.0,34.5,8.3,50.0,92.0,978.1,100,27.5667,72.0667,0.0
2024-07-07 22:00:00+05:30,0.0,0.0,0.0,34.0,13.0,52.0,56.0,978.6,100,27.5667,72.0667,0.0
2024-07-07 23:00:00+05:30,0.0,0.0,0.0,33.5,17.0,54.0,22.0,979.1,100,27.5667,72.0667,0.0
2024-07-08 00:00:00+05:30,0.0,0.0,0.0,33.0,17.1,57.0,13.0,979.0,100,27.5667,72.0667,0.0
2024-07-08 01:00:00+05:30,0.0,0.0,0.0,32.6,14.5,59.0,30.0,978.8,100,27.5667,72.0667,0.0
2024-07-08 02:00:00+05:30,0.0,0.0,0.0,32.1,12.8,61.0,51.0,978.5,100,27.5667,72.0667,0.0
2024-07-08 03:00:00+05:30,0.0,0.0,0.0,31.3,16.0,66.0,93.0,978.7,100,27.5667,72.0667,0.0
2024-07-08 04:00:00+05:30,0.0,0.0,0.0,30.6,14.5,70.0,87.0,978.7,100,27.5667,72.0667,0.0
2024-07-08 05:00:00+05:30,0.0,0.0,0.0,30.0,11.4,74.0,100.0,979.0,100,27.5667,72.0667,0.0
2024-07-08 06:00:00+05:30,8.0,0.0,8.0,30.6,7.6,73.0,100.0,979.3,100,27.5667,72.0667,0.14686597458577977
2024-07-08 07:00:00+05:30,79.0,44.8,69.0,30.9,8.6,72.0,98.0,980.1,100,27.5667,72.0667,5.4593986220120305
2024-07-08 08:00:00+05:30,208.0,143.4,146.0,31.6,8.6,69.0,86.0,980.6,100,27.5667,72.0667,14.428714924545467
2024-07-08 09:00:00+05:30,336.0,213.0,203.0,32.6,7.6,64.0,52.0,980.6,100,27.5667,72.0667,25.75525261002179
2024-07-08 10:00:00+05:30,498.0,299.0,263.0,33.8,5.0,59.0,79.0,980.4,100,27.5667,72.0667,39.84315914682521
2024-07-08 11:00:00+05:30,686.0,421.6,304.0,35.2,5.4,54.0,30.0,980.5,100,27.5667,72.0667,53.8655501512413
2024-07-08 12:00:00+05:30,752.0,433.2,329.0,36.1,5.5,52.0,29.0,980.3,100,27.5667,72.0667,59.94720505121657
2024-07-08 13:00:00+05:30,779.0,446.5,336.0,37.7,5.6,44.0,100.0,979.5,100,27.5667,72.0667,59.129880297626755
2024-07-08 14:00:00+05:30,425.0,206.8,228.0,34.3,17.4,61.0,63.0,978.9,100,27.5667,72.0667,34.38931823541402
2024-07-08 15:00:00+05:30,460.0,201.2,287.0,35.4,9.5,56.0,85.0,978.5,100,27.5667,72.0667,37.05343109089451
2024-07-08 16:00:00+05:30,332.0,136.0,234.0,34.5,16.3,57.0,84.0,978.1,100,27.5667,72.0667,26.279766322719396
2024-07-08 17:00:00+05:30,288.0,174.5,193.0,34.8,11.0,55.0,99.0,977.7,100,27.5667,72.0667,21.769362797211496
2024-07-08 18:00:00+05:30,128.0,55.4,109.0,31.5,1.3,66.0,100.0,978.9,100,27.5667,72.0667,9.41437491126055
2024-07-08 19:00:00+05:30,28.0,0.0,28.0,32.3,7.4,64.0,100.0,979.2,100,27.5667,72.0667,1.9008451349269597
2024-07-08 20:00:00+05:30,0.0,0.0,0.0,32.4,4.7,67.0,99.0,979.6,100,27.5667,72.0667,0.0
2024-07-08 21:00:00+05:30,0.0,0.0,0.0,32.3,7.8,69.0,28.0,980.0,100,27.5667,72.0667,0.0
2024-07-08 22:00:00+05:30,0.0,0.0,0.0,31.7,12.6,69.0,21.0,980.5,100,27.5667,72.0667,0.0
2024-07-08 23:00:00+05:30,0.0,0.0,0.0,31.0,11.6,72.0,36.0,980.4,100,27.5667,72.0667,0.0
2024-07-09 00:00:00+05:30,0.0,0.0,0.0,30.6,11.5,73.0,61.0,980.3,100,27.5667,72.0667,0.0
2024-07-09 01:00:00+05:30,0.0,0.0,0.0,30.3,11.2,74.0,41.0,980.2,100,27.5667,72.0667,0.0
2024-07-09 02:00:00+05:30,0.0,0.0,0.0,30.0,10.3,76.0,52.0,980.0,100,27.5667,72.0667,0.0
2024-07-09 03:00:00+05:30,0.0,0.0,0.0,29.7,10.2,77.0,4.0,979.9,100,27.5667,72.0667,0.0
2024-07-09 04:00:00+05:30,0.0,0.0,0.0,29.4,11.7,78.0,4.0,980.2,100,27.5667,72.0667,0.0
2024-07-09 05:00:00+05:30,0.0,0.0,0.0,29.1,11.2,79.0,16.0,980.6,100,27.5667,72.0667,0.0
2024-07-09 06:00:00+05:30,8.0,0.0,8.0,29.9,10.9,73.0,100.0,981.0,100,27.5667,72.0667,0.1453871023476822
2024-07-09 07:00:00+05:30,89.0,54.1,77.0,30.4,13.1,69.0,96.0,981.7,100,27.5667,72.0667,6.115459523306424
2024-07-09 08:00:00+05:30,238.0,185.5,158.0,31.6,15.3,62.0,94.0,982.1,100,27.5667,72.0667,16.63459797326602
2024-07-09 09:00:00+05:30,412.0,301.5,224.0,33.1,15.3,56.0,78.0,982.4,100,27.5667,72.0667,32.32559383332506
2024-07-09 10:00:00+05:30,579.0,389.6,273.0,34.6,10.5,51.0,92.0,982.4,100,27.5667,72.0667,44.402901622081494
2024-07-09 11:00:00+05:30,714.0,453.8,303.0,36.1,10.0,47.0,98.0,982.3,100,27.5667,72.0667,57.538706088380835
2024-07-09 12:00:00+05:30,749.0,414.9,344.0,37.2,11.2,44.0,100.0,981.8,100,27.5667,72.0667,58.18077131171086
2024-07-09 13:00:00+05:30,691.0,331.6,362.0,38.1,12.6,41.0,100.0,981.1,100,27.5667,72.0667,55.56067232822266
2024-07-09 14:00:00+05:30,683.0,346.5,353.0,38.9,14.8,39.0,100.0,980.1,100,27.5667,72.0667,54.04294520284466
2024-07-09 15:00:00+05:30,587.0,309.4,321.0,39.4,15.1,37.0,100.0,979.4,100,27.5667,72.0667,45.51309573479954
2024-07-09 16:00:00+05:30,435.0,234.5,266.0,39.6,14.2,36.0,97.0,978.7,100,27.5667,72.0667,34.082993424954886
2024-07-09 17:00:00+05:30,321.0,226.0,198.0,39.7,14.7,35.0,99.0,978.1,100,27.5667,72.0667,23.03349904296289
2024-07-09 18:00:00+05:30,158.0,119.7,117.0,38.7,15.5,38.0,19.0,978.4,100,27.5667,72.0667,10.853010331014575
2024-07-09 19:00:00+05:30,44.0,35.9,39.0,38.2,15.9,39.0,15.0,979.0,100,27.5667,72.0667,2.698677005744547
2024-07-09 20:00:00+05:30,0.0,0.0,0.0,37.3,16.2,40.0,20.0,979.3,100,27.5667,72.0667,0.0
2024-07-09 21:00:00+05:30,0.0,0.0,0.0,36.6,12.3,42.0,14.0,980.6,100,27.5667,72.0667,0.0
2024-07-09 22:00:00+05:30,0.0,0.0,0.0,36.0,9.4,44.0,38.0,981.1,100,27.5667,72.0667,0.0
2024-07-09 23:00:00+05:30,0.0,0.0,0.0,35.3,7.8,47.0,12.0,981.3,100,27.5667,72.0667,0.0
2024-07-10 00:00:00+05:30,0.0,0.0,0.0,34.7,9.8,48.0,0.0,981.0,100,27.5667,72.0667,0.0
2024-07-10 01:00:00+05:30,0.0,0.0,0.0,34.1,14.1,51.0,0.0,980.9,100,27.5667,72.0667,0.0
2024-07-10 02:00:00+05:30,0.0,0.0,0.0,33.4,16.6,56.0,1.0,980.4,100,27.5667,72.0667,0.0
2024-07-10 03:00:00+05:30,0.0,0.0,0.0,32.7,15.5,61.0,0.0,980.3,100,27.5667,72.0667,0.0
2024-07-10 04:00:00+05:30,0.0,0.0,0.0,32.1,14.5,69.0,0.0,980.6,100,27.5667,72.0667,0.0
2024-07-10 05:00:00+05:30,0.0,0.0,0.0,31.8,13.2,71.0,1.0,981.1,100,27.5667,72.0667,0.0
2024-07-10 06:00:00+05:30,9.0,0.0,9.0,31.5,11.2,69.0,12.0,982.2,100,27.5667,72.0667,0.2331248669676036
2024-07-10 07:00:00+05:30,91.0,68.1,76.0,32.2,13.5,65.0,9.0,982.9,100,27.5667,72.0667,6.2441622154714755
2024-07-10 08:00:00+05:30,239.0,192.9,156.0,33.3,13.0,61.0,64.0,983.0,100,27.5667,72.0667,17.13402426217717
2024-07-10 09:00:00+05:30,413.0,306.7,222.0,34.9,11.5,56.0,100.0,983.0,100,27.5667,72.0667,30.671985855566938
2024-07-10 10:00:00+05:30,575.0,382.3,275.0,36.6,10.6,49.0,79.0,982.8,100,27.5667,72.0667,43.76016031001516
2024-07-10 11:00:00+05:30,715.0,456.3,302.0,38.2,10.0,43.0,0.0,982.3,100,27.5667,72.0667,57.26214562686741
2024-07-10 12:00:00+05:30,800.0,496.0,316.0,39.6,6.9,37.0,11.0,981.7,100,27.5667,72.0667,64.0235726289769
2024-07-10 13:00:00+05:30,790.0,472.8,321.0,40.6,4.9,33.0,13.0,980.9,100,27.5667,72.0667,59.890885946760676
2024-07-10 14:00:00+05:30,707.0,427.4,300.0,41.5,4.7,29.0,36.0,979.9,100,27.5667,72.0667,54.150070477241975
2024-07-10 15:00:00+05:30,626.0,402.4,280.0,42.1,5.7,27.0,30.0,979.0,100,27.5667,72.0667,47.97020634375458
2024-07-10 16:00:00+05:30,508.0,359.5,249.0,42.5,6.4,25.0,32.0,978.2,100,27.5667,72.0667,37.9954045423727
2024-07-10 17:00:00+05:30,321.0,250.0,185.0,42.3,6.7,25.0,15.0,978.2,100,27.5667,72.0667,23.017475186583106
2024-07-10 18:00:00+05:30,162.0,125.6,119.0,42.5,4.8,23.0,26.0,978.6,100,27.5667,72.0667,10.720339469196078
2024-07-10 19:00:00+05:30,44.0,35.9,39.0,41.9,4.7,24.0,17.0,979.0,100,27.5667,72.0667,2.685259456161046
2024-07-10 20:00:00+05:30,0.0,0.0,0.0,41.0,5.6,26.0,86.0,979.3,100,27.5667,72.0667,0.0
2024-07-10 21:00:00+05:30,0.0,0.0,0.0,39.7,3.6,29.0,100.0,979.7,100,27.5667,72.0667,0.0
2024-07-10 22:00:00+05:30,0.0,0.0,0.0,38.6,5.8,31.0,100.0,980.3,100,27.5667,72.0667,0.0
2024-07-10 23:00:00+05:30,0.0,0.0,0.0,36.8,29.5,48.0,30.0,980.5,100,27.5667,72.0667,0.0
2024-07-11 00:00:00+05:30,0.0,0.0,0.0,34.4,35.0,59.0,0.0,980.1,100,27.5667,72.0667,0.0
2024-07-11 01:00:00+05:30,0.0,0.0,0.0,33.4,31.3,62.0,61.0,979.9,100,27.5667,72.0667,0.0
2024-07-11 02:00:00+05:30,0.0,0.0,0.0,32.6,30.6,64.0,100.0,979.7,100,27.5667,72.0667,0.0
2024-07-11 03:00:00+05:30,0.0,0.0,0.0,31.9,28.3,66.0,97.0,979.7,100,27.5667,72.0667,0.0
2024-07-11 04:00:00+05:30,0.0,0.0,0.0,31.4,25.5,68.0,96.0,979.8,100,27.5667,72.0667,0.0
2024-07-11 05:00:00+05:30,0.0,0.0,0.0,30.9,23.0,70.0,99.0,980.3,100,27.5667,72.0667,0.0
2024-07-11 06:00:00+05:30,9.0,0.0,9.0,30.9,20.5,70.0,0.0,980.9,100,27.5667,72.0667,0.23705557380410816
2024-07-11 07:00:00+05:30,90.0,68.5,75.0,31.5,21.2,68.0,19.0,981.2,100,27.5667,72.0667,6.008928284693966
2024-07-11 08:00:00+05:30,238.0,193.5,155.0,32.7,21.7,64.0,31.0,981.2,100,27.5667,72.0667,16.707130871765013
2024-07-11 09:00:00+05:30,414.0,313.6,219.0,34.5,22.7,57.0,5.0,980.9,100,27.5667,72.0667,31.816224757073076
2024-07-11 10:00:00+05:30,583.0,406.9,264.0,36.3,22.0,50.0,0.0,980.6,100,27.5667,72.0667,46.134061996615706
2024-07-11 11:00:00+05:30,717.0,465.4,296.0,38.1,21.1,44.0,0.0,980.3,100,27.5667,72.0667,58.13238940508438
2024-07-11 12:00:00+05:30,798.0,496.2,314.0,39.7,20.9,39.0,2.0,979.5,100,27.5667,72.0667,65.16192360922676
2024-07-11 13:00:00+05:30,809.0,497.1,316.0,40.9,20.1,35.0,76.0,978.1,100,27.5667,72.0667,64.48693478509723
2024-07-11 14:00:00+05:30,752.0,461.0,313.0,41.8,19.9,32.0,91.0,977.1,100,27.5667,72.0667,58.28406551378406
2024-07-11 15:00:00+05:30,655.0,436.2,280.0,42.3,20.9,31.0,99.0,975.8,100,27.5667,72.0667,50.77095763812412
2024-07-11 16:00:00+05:30,498.0,351.2,245.0,42.0,22.1,31.0,98.0,974.9,100,27.5667,72.0667,37.025507155985416
2024-07-11 17:00:00+05:30,343.0,277.7,192.0,41.5,22.4,31.0,95.0,974.4,100,27.5667,72.0667,24.33675085082028
2024-07-11 18:00:00+05:30,168.0,134.5,122.0,40.3,22.5,34.0,38.0,974.8,100,27.5667,72.0667,11.276348980976351
2024-07-11 19:00:00+05:30,41.0,36.0,36.0,39.1,22.2,37.0,53.0,975.2,100,27.5667,72.0667,2.4742894423421298
2024-07-11 20:00:00+05:30,0.0,0.0,0.0,38.5,23.7,38.0,30.0,975.7,100,27.5667,72.0667,0.0
2024-07-11 21:00:00+05:30,0.0,0.0,0.0,37.5,29.6,40.0,22.0,976.3,100,27.5667,72.0667,0.0
2024-07-11 22:00:00+05:30,0.0,0.0,0.0,36.2,32.2,45.0,9.0,976.9,100,27.5667,72.0667,0.0
2024-07-11 23:00:00+05:30,0.0,0.0,0.0,35.3,28.1,48.0,8.0,976.8,100,27.5667,72.0667,0.0
2024-07-12 00:00:00+05:30,0.0,0.0,0.0,34.8,32.1,51.0,8.0,976.5,100,27.5667,72.0667,0.0
2024-07-12 01:00:00+05:30,0.0,0.0,0.0,33.3,32.0,59.0,1.0,976.1,100,27.5667,72.0667,0.0
2024-07-12 02:00:00+05:30,0.0,0.0,0.0,32.3,31.7,64.0,0.0,976.2,100,27.5667,72.0667,0.0
2024-07-12 03:00:00+05:30,0.0,0.0,0.0,31.5,32.5,68.0,31.0,975.6,100,27.5667,72.0667,0.0
2024-07-12 04:00:00+05:30,0.0,0.0,0.0,30.9,30.3,70.0,64.0,975.7,100,27.5667,72.0667,0.0
2024-07-12 05:00:00+05:30,0.0,0.0,0.0,30.2,26.5,71.0,1.0,975.8,100,27.5667,72.0667,0.0
2024-07-12 06:00:00+05:30,9.0,0.0,9.0,30.7,27.6,71.0,2.0,976.2,100,27.5667,72.0667,0.23963669175592156
2024-07-12 07:00:00+05:30,90.0,68.9,75.0,30.7,30.6,71.0,1.0,976.5,100,27.5667,72.0667,6.029549172603115
2024-07-12 08:00:00+05:30,240.0,198.7,155.0,31.8,29.9,66.0,0.0,976.6,100,27.5667,72.0667,17.236314308328154
2024-07-12 09:00:00+05:30,420.0,328.6,216.0,33.2,31.0,60.0,0.0,976.5,100,27.5667,72.0667,32.41485198742679
2024-07-12 10:00:00+05:30,592.0,420.0,263.0,34.7,30.5,54.0,1.0,976.4,100,27.5667,72.0667,47.64616507355422
2024-07-12 11:00:00+05:30,726.0,476.7,295.0,36.5,31.3,47.0,1.0,976.1,100,27.5667,72.0667,60.71215464985844
2024-07-12 12:00:00+05:30,809.0,510.7,311.0,38.2,30.6,41.0,1.0,975.4,100,27.5667,72.0667,67.65706385682043
2024-07-12 13:00:00+05:30,829.0,518.4,315.0,39.4,30.1,38.0,0.0,974.6,100,27.5667,72.0667,69.69025225679881
2024-07-12 14:00:00+05:30,786.0,506.3,304.0,40.1,30.0,35.0,0.0,973.5,100,27.5667,72.0667,66.7035939271853
2024-07-12 15:00:00+05:30,682.0,467.7,280.0,40.4,30.8,35.0,0.0,972.9,100,27.5667,72.0667,54.53923008303522
2024-07-12 16:00:00+05:30,531.0,400.0,243.0,40.0,31.3,36.0,0.0,972.3,100,27.5667,72.0667,40.70486793759387
2024-07-12 17:00:00+05:30,353.0,296.3,192.0,39.3,30.2,37.0,0.0,972.0,100,27.5667,72.0667,26.342242403345562
2024-07-12 18:00:00+05:30,141.0,99.6,107.0,37.9,25.3,41.0,48.0,973.4,100,27.5667,72.0667,9.642363468128492
2024-07-12 19:00:00+05:30,38.0,28.8,34.0,37.3,24.5,42.0,15.0,973.8,100,27.5667,72.0667,2.369215361884717
2024-07-12 20:00:00+05:30,0.0,0.0,0.0,36.5,28.4,43.0,45.0,974.7,100,27.5667,72.0667,0.0
2024-07-12 21:00:00+05:30,0.0,0.0,0.0,36.0,27.1,44.0,2.0,974.9,100,27.5667,72.0667,0.0
2024-07-12 22:00:00+05:30,0.0,0.0,0.0,35.4,25.8,47.0,3.0,974.6,100,27.5667,72.0667,0.0
2024-07-12 23:00:00+05:30,0.0,0.0,0.0,35.3,23.8,47.0,9.0,975.3,100,27.5667,72.0667,0.0
2024-07-13 00:00:00+05:30,0.0,0.0,0.0,34.3,27.1,53.0,9.0,976.2,100,27.5667,72.0667,0.0
2024-07-13 01:00:00+05:30,0.0,0.0,0.0,25.6,22.5,93.0,98.0,977.9,100,27.5667,72.0667,0.0
2024-07-13 02:00:00+05:30,0.0,0.0,0.0,27.3,25.6,83.0,93.0,975.9,100,27.5667,72.0667,0.0
2024-07-13 03:00:00+05:30,0.0,0.0,0.0,27.7,15.7,86.0,79.0,975.7,100,27.5667,72.0667,0.0
2024-07-13 04:00:00+05:30,0.0,0.0,0.0,28.8,23.7,83.0,16.0,974.6,100,27.5667,72.0667,0.0
2024-07-13 05:00:00+05:30,0.0,0.0,0.0,28.7,13.5,83.0,17.0,975.6,100,27.5667,72.0667,0.0
2024-07-13 06:00:00+05:30,7.0,0.0,7.0,31.1,15.6,69.0,12.0,977.4,100,27.5667,72.0667,0.055739287590605896
2024-07-13 07:00:00+05:30,76.0,46.3,66.0,31.1,17.6,68.0,43.0,977.7,100,27.5667,72.0667,5.115798327955429
2024-07-13 08:00:00+05:30,178.0,103.1,134.0,31.8,32.8,64.0,7.0,976.8,100,27.5667,72.0667,13.520587583602314
2024-07-13 09:00:00+05:30,411.0,303.3,223.0,33.2,18.7,57.0,7.0,978.0,100,27.5667,72.0667,32.114928365990316
2024-07-13 10:00:00+05:30,581.0,401.3,267.0,34.6,17.6,51.0,15.0,978.1,100,27.5667,72.0667,47.1036877431841
2024-07-13 11:00:00+05:30,679.0,406.2,312.0,36.0,16.1,46.0,17.0,977.7,100,27.5667,72.0667,56.046393203025744
2024-07-13 12:00:00+05:30,764.0,451.4,324.0,37.2,16.6,41.0,15.0,977.0,100,27.5667,72.0667,63.52931356845273
2024-07-13 13:00:00+05:30,792.0,471.1,325.0,38.2,15.6,38.0,7.0,976.3,100,27.5667,72.0667,63.880659141871
2024-07-13 14:00:00+05:30,771.0,485.4,309.0,39.0,14.7,36.0,4.0,975.5,100,27.5667,72.0667,61.61823677769869
2024-07-13 15:00:00+05:30,661.0,435.2,287.0,39.7,13.6,33.0,6.0,974.8,100,27.5667,72.0667,53.10576949183517
2024-07-13 16:00:00+05:30,508.0,368.1,243.0,39.9,13.2,32.0,10.0,974.1,100,27.5667,72.0667,39.22082767256742
2024-07-13 17:00:00+05:30,326.0,254.1,188.0,39.8,13.0,32.0,10.0,973.3,100,27.5667,72.0667,23.453602706459698
2024-07-13 18:00:00+05:30,137.0,93.9,105.0,38.8,4.2,34.0,26.0,973.7,100,27.5667,72.0667,9.379357812880889
2024-07-13 19:00:00+05:30,41.0,28.9,37.0,38.1,15.3,36.0,26.0,974.3,100,27.5667,72.0667,2.5749776477095536
2024-07-13 20:00:00+05:30,0.0,0.0,0.0,36.9,12.6,38.0,42.0,974.9,100,27.5667,72.0667,0.0
2024-07-13 21:00:00+05:30,0.0,0.0,0.0,36.3,11.3,39.0,31.0,975.7,100,27.5667,72.0667,0.0
2024-07-13 22:00:00+05:30,0.0,0.0,0.0,35.9,13.7,41.0,11.0,975.9,100,27.5667,72.0667,0.0
2024-07-13 23:00:00+05:30,0.0,0.0,0.0,35.6,19.9,47.0,5.0,976.1,100,27.5667,72.0667,0.0
2024-07-14 00:00:00+05:30,0.0,0.0,0.0,35.1,18.4,49.0,1.0,975.9,100,27.5667,72.0667,0.0
2024-07-14 01:00:00+05:30,0.0,0.0,0.0,34.5,19.3,50.0,1.0,975.2,100,27.5667,72.0667,0.0
2024-07-14 02:00:00+05:30,0.0,0.0,0.0,34.0,19.7,52.0,2.0,975.1,100,27.5667,72.0667,0.0
2024-07-14 03:00:00+05:30,0.0,0.0,0.0,33.5,24.0,54.0,0.0,975.3,100,27.5667,72.0667,0.0
2024-07-14 04:00:00+05:30,0.0,0.0,0.0,32.3,28.6,62.0,8.0,976.0,100,27.5667,72.0667,0.0
2024-07-14 05:00:00+05:30,0.0,0.0,0.0,31.0,26.1,68.0,0.0,976.1,100,27.5667,72.0667,0.0
2024-07-14 06:00:00+05:30,8.0,0.0,8.0,30.9,19.0,69.0,2.0,977.1,100,27.5667,72.0667,0.14617155270013488
2024-07-14 07:00:00+05:30,88.0,65.2,74.0,31.3,19.6,67.0,0.0,977.2,100,27.5667,72.0667,5.911611786871121
2024-07-14 08:00:00+05:30,238.0,199.8,153.0,32.6,18.5,62.0,0.0,977.6,100,27.5667,72.0667,17.025853892976286
2024-07-14 09:00:00+05:30,417.0,324.8,216.0,34.2,15.9,55.0,3.0,977.7,100,27.5667,72.0667,32.788401620027585
2024-07-14 10:00:00+05:30,583.0,408.0,264.0,35.8,13.6,49.0,4.0,977.3,100,27.5667,72.0667,46.84398965075602
2024-07-14 11:00:00+05:30,702.0,450.7,295.0,37.2,11.2,45.0,9.0,976.9,100,27.5667,72.0667,56.142588525682676
2024-07-14 12:00:00+05:30,761.0,459.8,313.0,38.3,9.7,41.0,26.0,976.4,100,27.5667,72.0667,61.39628275345912
2024-07-14 13:00:00+05:30,743.0,420.8,326.0,39.2,8.6,38.0,19.0,975.5,100,27.5667,72.0667,59.43534143050676
2024-07-14 14:00:00+05:30,698.0,397.2,320.0,40.2,10.3,35.0,89.0,974.6,100,27.5667,72.0667,54.4147248078237
2024-07-14 15:00:00+05:30,421.0,142.0,299.0,40.0,11.9,34.0,45.0,973.6,100,27.5667,72.0667,35.1549897599799
2024-07-14 16:00:00+05:30,450.0,271.0,255.0,40.3,8.1,33.0,44.0,973.3,100,27.5667,72.0667,34.99790996129305
2024-07-14 17:00:00+05:30,237.0,156.7,152.0,28.3,37.8,79.0,89.0,975.2,100,27.5667,72.0667,18.376930265242304
2024-07-14 18:00:00+05:30,146.0,82.3,118.0,37.4,4.1,38.0,62.0,974.9,100,27.5667,72.0667,10.267700819157977
2024-07-14 19:00:00+05:30,35.0,21.7,32.0,37.2,6.1,39.0,70.0,975.4,100,27.5667,72.0667,2.098377311976581
2024-07-14 20:00:00+05:30,0.0,0.0,0.0,31.6,20.1,60.0,49.0,976.1,100,27.5667,72.0667,0.0
2024-07-14 21:00:00+05:30,0.0,0.0,0.0,31.1,10.8,61.0,51.0,977.3,100,27.5667,72.0667,0.0
2024-07-14 22:00:00+05:30,0.0,0.0,0.0,31.3,8.7,62.0,29.0,978.0,100,27.5667,72.0667,0.0
2024-07-14 23:00:00+05:30,0.0,0.0,0.0,31.5,11.5,61.0,7.0,978.3,100,27.5667,72.0667,0.0
2024-07-15 00:00:00+05:30,0.0,0.0,0.0,31.7,10.8,59.0,10.0,978.1,100,27.5667,72.0667,0.0
2024-07-15 01:00:00+05:30,0.0,0.0,0.0,31.5,10.2,61.0,4.0,977.8,100,27.5667,72.0667,0.0
2024-07-15 02:00:00+05:30,0.0,0.0,0.0,31.3,7.2,60.0,6.0,977.4,100,27.5667,72.0667,0.0
2024-07-15 03:00:00+05:30,0.0,0.0,0.0,31.3,6.5,59.0,8.0,977.2,100,27.5667,72.0667,0.0
2024-07-15 04:00:00+05:30,0.0,0.0,0.0,31.2,8.6,59.0,14.0,977.5,100,27.5667,72.0667,0.0
2024-07-15 05:00:00+05:30,0.0,0.0,0.0,31.1,8.5,59.0,0.0,978.2,100,27.5667,72.0667,0.0
2024-07-15 06:00:00+05:30,8.0,0.0,8.0,31.8,8.2,57.0,7.0,978.6,100,27.5667,72.0667,0.1463287788890268
2024-07-15 07:00:00+05:30,86.0,65.7,72.0,32.3,7.7,58.0,0.0,979.2,100,27.5667,72.0667,5.794033978130856
2024-07-15 08:00:00+05:30,235.0,193.3,153.0,33.4,5.8,55.0,1.0,979.6,100,27.5667,72.0667,16.399172797177112
2024-07-15 09:00:00+05:30,414.0,320.4,216.0,34.7,4.1,51.0,6.0,979.8,100,27.5667,72.0667,31.35884910258425
2024-07-15 10:00:00+05:30,581.0,404.6,265.0,36.5,7.6,44.0,25.0,979.7,100,27.5667,72.0667,45.440038548604704
2024-07-15 11:00:00+05:30,659.0,407.7,291.0,37.7,10.2,40.0,16.0,979.7,100,27.5667,72.0667,53.12007315828712
2024-07-15 12:00:00+05:30,749.0,443.5,317.0,38.7,9.3,37.0,4.0,979.1,100,27.5667,72.0667,61.21122882363239
2024-07-15 13:00:00+05:30,791.0,479.5,316.0,39.7,8.4,34.0,11.0,978.3,100,27.5667,72.0667,62.834864953950124
2024-07-15 14:00:00+05:30,728.0,442.5,307.0,40.5,7.1,31.0,9.0,977.3,100,27.5667,72.0667,56.946587618401175
2024-07-15 15:00:00+05:30,616.0,398.2,274.0,41.3,9.6,28.0,17.0,976.5,100,27.5667,72.0667,46.72589230052779
2024-07-15 16:00:00+05:30,486.0,346.2,237.0,41.7,10.1,25.0,8.0,975.8,100,27.5667,72.0667,37.6700565053005
2024-07-15 17:00:00+05:30,334.0,269.3,188.0,42.0,12.6,25.0,5.0,975.3,100,27.5667,72.0667,24.145151543429193
2024-07-15 18:00:00+05:30,165.0,132.5,120.0,40.2,22.4,28.0,11.0,976.4,100,27.5667,72.0667,11.440102262539405
2024-07-15 19:00:00+05:30,42.0,36.3,37.0,38.9,22.9,31.0,14.0,977.1,100,27.5667,72.0667,2.558624402081619
2024-07-15 20:00:00+05:30,0.0,0.0,0.0,38.2,14.3,33.0,10.0,977.3,100,27.5667,72.0667,0.0
2024-07-15 21:00:00+05:30,0.0,0.0,0.0,37.2,7.8,38.0,21.0,978.2,100,27.5667,72.0667,0.0
2024-07-15 22:00:00+05:30,0.0,0.0,0.0,36.6,14.8,42.0,25.0,978.9,100,27.5667,72.0667,0.0
2024-07-15 23:00:00+05:30,0.0,0.0,0.0,35.6,18.5,47.0,99.0,979.2,100,27.5667,72.0667,0.0
2024-07-16 00:00:00+05:30,0.0,0.0,0.0,35.3,15.6,48.0,16.0,978.9,100,27.5667,72.0667,0.0
2024-07-16 01:00:00+05:30,0.0,0.0,0.0,34.2,8.5,52.0,27.0,978.4,100,27.5667,72.0667,0.0
2024-07-16 02:00:00+05:30,0.0,0.0,0.0,33.3,10.2,53.0,3.0,977.9,100,27.5667,72.0667,0.0
2024-07-16 03:00:00+05:30,0.0,0.0,0.0,32.7,8.2,55.0,0.0,977.6,100,27.5667,72.0667,0.0
2024-07-16 04:00:00+05:30,0.0,0.0,0.0,32.1,5.5,58.0,0.0,977.9,100,27.5667,72.0667,0.0
2024-07-16 05:00:00+05:30,0.0,0.0,0.0,31.6,2.8,65.0,0.0,978.6,100,27.5667,72.0667,0.0
2024-07-16 06:00:00+05:30,7.0,0.0,7.0,32.2,2.3,56.0,97.0,979.2,100,27.5667,72.0667,0.051486792977955644
2024-07-16 07:00:00+05:30,86.0,56.7,74.0,33.0,5.4,53.0,34.0,980.0,100,27.5667,72.0667,5.919459029873429
2024-07-16 08:00:00+05:30,235.0,191.5,154.0,34.4,9.4,50.0,12.0,980.2,100,27.5667,72.0667,16.874241821937275
2024-07-16 09:00:00+05:30,414.0,319.3,217.0,35.9,12.9,48.0,7.0,980.3,100,27.5667,72.0667,30.68336542538071
2024-07-16 10:00:00+05:30,583.0,408.8,264.0,37.6,18.2,41.0,18.0,980.1,100,27.5667,72.0667,46.192460076140605
2024-07-16 11:00:00+05:30,698.0,442.4,299.0,38.9,21.0,36.0,15.0,979.7,100,27.5667,72.0667,57.14012857325232
2024-07-16 12:00:00+05:30,775.0,471.4,316.0,39.9,21.3,33.0,28.0,979.0,100,27.5667,72.0667,61.70852677198888
2024-07-16 13:00:00+05:30,769.0,455.4,318.0,40.7,21.3,33.0,15.0,978.1,100,27.5667,72.0667,62.18431653270343
2024-07-16 14:00:00+05:30,723.0,437.4,307.0,41.4,21.2,33.0,52.0,977.2,100,27.5667,72.0667,58.418745994717895
2024-07-16 15:00:00+05:30,635.0,407.7,285.0,41.6,22.7,32.0,31.0,976.3,100,27.5667,72.0667,51.67489841119377
2024-07-16 16:00:00+05:30,490.0,332.5,251.0,40.6,23.8,34.0,33.0,975.6,100,27.5667,72.0667,37.99658337124139
2024-07-16 17:00:00+05:30,295.0,208.7,182.0,39.5,20.0,38.0,23.0,975.2,100,27.5667,72.0667,22.055829829132094
2024-07-16 18:00:00+05:30,156.0,112.2,118.0,38.9,20.5,39.0,37.0,975.9,100,27.5667,72.0667,10.703692334646286
2024-07-16 19:00:00+05:30,39.0,29.1,35.0,37.9,24.1,43.0,18.0,976.1,100,27.5667,72.0667,2.382272709830923
2024-07-16 20:00:00+05:30,0.0,0.0,0.0,37.7,19.7,44.0,15.0,976.8,100,27.5667,72.0667,0.0
2024-07-16 21:00:00+05:30,0.0,0.0,0.0,37.1,20.6,46.0,20.0,977.6,100,27.5667,72.0667,0.0
2024-07-16 22:00:00+05:30,0.0,0.0,0.0,36.6,18.4,49.0,32.0,978.1,100,27.5667,72.0667,0.0
2024-07-16 23:00:00+05:30,0.0,0.0,0.0,36.1,16.2,51.0,80.0,978.3,100,27.5667,72.0667,0.0
2024-07-17 00:00:00+05:30,0.0,0.0,0.0,34.2,20.1,57.0,95.0,978.2,100,27.5667,72.0667,0.0
2024-07-17 01:00:00+05:30,0.0,0.0,0.0,32.9,11.8,62.0,72.0,977.6,100,27.5667,72.0667,0.0
2024-07-17 02:00:00+05:30,0.0,0.0,0.0,33.0,12.0,62.0,32.0,977.7,100,27.5667,72.0667,0.0
2024-07-17 03:00:00+05:30,0.0,0.0,0.0,32.8,11.6,63.0,1.0,977.0,100,27.5667,72.0667,0.0
2024-07-17 04:00:00+05:30,0.0,0.0,0.0,32.6,15.3,64.0,100.0,978.0,100,27.5667,72.0667,0.0
2024-07-17 05:00:00+05:30,0.0,0.0,0.0,31.7,12.7,67.0,100.0,978.2,100,27.5667,72.0667,0.0
2024-07-17 06:00:00+05:30,7.0,0.0,7.0,33.0,16.3,59.0,23.0,979.1,100,27.5667,72.0667,0.04956187095693355
2024-07-17 07:00:00+05:30,81.0,57.1,69.0,33.5,18.4,58.0,39.0,979.8,100,27.5667,72.0667,5.405784123880396
2024-07-17 08:00:00+05:30,230.0,187.3,151.0,34.1,14.5,57.0,10.0,980.4,100,27.5667,72.0667,16.640693395993615
2024-07-17 09:00:00+05:30,400.0,297.1,217.0,34.6,8.7,56.0,38.0,980.2,100,27.5667,72.0667,30.352785825011203
2024-07-17 10:00:00+05:30,570.0,391.3,265.0,35.8,5.5,52.0,6.0,979.7,100,27.5667,72.0667,45.28043262325322
2024-07-17 11:00:00+05:30,693.0,436.0,300.0,37.4,7.5,47.0,14.0,979.7,100,27.5667,72.0667,55.096092808112395
2024-07-17 12:00:00+05:30,755.0,455.2,312.0,38.9,10.0,42.0,21.0,979.3,100,27.5667,72.0667,60.64811234155411
2024-07-17 13:00:00+05:30,789.0,473.7,320.0,40.3,11.3,38.0,8.0,978.5,100,27.5667,72.0667,61.73143786145633
2024-07-17 14:00:00+05:30,751.0,470.1,304.0,41.3,11.2,35.0,82.0,977.5,100,27.5667,72.0667,57.859460184386336
2024-07-17 15:00:00+05:30,657.0,440.5,279.0,42.0,11.9,33.0,24.0,976.3,100,27.5667,72.0667,51.64127333414228
2024-07-17 16:00:00+05:30,485.0,349.4,234.0,42.2,13.4,31.0,19.0,975.4,100,27.5667,72.0667,37.57373388819226
2024-07-17 17:00:00+05:30,310.0,238.5,181.0,42.0,13.1,31.0,18.0,975.1,100,27.5667,72.0667,22.818506955137508
2024-07-17 18:00:00+05:30,143.0,109.5,106.0,41.4,15.8,29.0,58.0,975.4,100,27.5667,72.0667,9.486653922815352
2024-07-17 19:00:00+05:30,35.0,21.9,32.0,36.2,17.8,48.0,70.0,976.7,100,27.5667,72.0667,2.107179625818973
2024-07-17 20:00:00+05:30,0.0,0.0,0.0,33.8,23.8,57.0,100.0,977.7,100,27.5667,72.0667,0.0
2024-07-17 21:00:00+05:30,0.0,0.0,0.0,33.1,19.5,60.0,68.0,978.1,100,27.5667,72.0667,0.0
2024-07-17 22:00:00+05:30,0.0,0.0,0.0,33.4,18.9,59.0,100.0,978.4,100,27.5667,72.0667,0.0
2024-07-17 23:00:00+05:30,0.0,0.0,0.0,32.0,22.3,67.0,82.0,978.7,100,27.5667,72.0667,0.0
2024-07-18 00:00:00+05:30,0.0,0.0,0.0,31.5,18.1,71.0,19.0,978.1,100,27.5667,72.0667,0.0
2024-07-18 01:00:00+05:30,0.0,0.0,0.0,30.8,17.1,77.0,29.0,977.9,100,27.5667,72.0667,0.0
2024-07-18 02:00:00+05:30,0.0,0.0,0.0,30.5,14.6,78.0,45.0,977.5,100,27.5667,72.0667,0.0
2024-07-18 03:00:00+05:30,0.0,0.0,0.0,30.3,13.5,79.0,94.0,977.5,100,27.5667,72.0667,0.0
2024-07-18 04:00:00+05:30,0.0,0.0,0.0,30.0,14.9,80.0,100.0,977.7,100,27.5667,72.0667,0.0
2024-07-18 05:00:00+05:30,0.0,0.0,0.0,29.9,13.2,80.0,99.0,977.8,100,27.5667,72.0667,0.0
2024-07-18 06:00:00+05:30,7.0,0.0,7.0,30.3,8.0,79.0,1.0,978.5,100,27.5667,72.0667,0.060504211514716334
2024-07-18 07:00:00+05:30,85.0,67.1,71.0,31.0,8.0,75.0,5.0,978.9,100,27.5667,72.0667,5.613774744324485
2024-07-18 08:00:00+05:30,232.0,192.7,151.0,32.1,8.9,70.0,30.0,979.0,100,27.5667,72.0667,16.863787787613315
2024-07-18 09:00:00+05:30,409.0,318.8,213.0,33.7,10.0,63.0,8.0,979.2,100,27.5667,72.0667,32.089706397625235
2024-07-18 10:00:00+05:30,576.0,407.1,259.0,35.5,9.8,55.0,61.0,979.0,100,27.5667,72.0667,44.465945401009314
2024-07-18 11:00:00+05:30,708.0,460.7,293.0,37.2,9.0,48.0,40.0,978.6,100,27.5667,72.0667,56.76670310795006
2024-07-18 12:00:00+05:30,791.0,495.5,309.0,38.7,8.4,43.0,32.0,977.9,100,27.5667,72.0667,62.57928816627131
2024-07-18 13:00:00+05:30,813.0,506.2,312.0,40.1,8.0,39.0,23.0,977.0,100,27.5667,72.0667,64.55586231221235
2024-07-18 14:00:00+05:30,741.0,460.8,303.0,41.2,6.6,36.0,26.0,975.7,100,27.5667,72.0667,58.812490457745696
2024-07-18 15:00:00+05:30,612.0,381.2,285.0,41.3,8.7,35.0,54.0,974.6,100,27.5667,72.0667,45.67202364055932
2024-07-18 16:00:00+05:30,397.0,243.8,222.0,33.4,0.8,61.0,73.0,975.2,100,27.5667,72.0667,30.40776873544913
2024-07-18 17:00:00+05:30,256.0,153.6,173.0,35.5,18.0,57.0,63.0,974.6,100,27.5667,72.0667,20.241664775732723
2024-07-18 18:00:00+05:30,163.0,136.5,117.0,39.3,7.9,39.0,82.0,974.8,100,27.5667,72.0667,10.737994546818438
2024-07-18 19:00:00+05:30,41.0,36.7,36.0,38.5,13.8,40.0,100.0,975.6,100,27.5667,72.0667,2.4172622264064882
2024-07-18 20:00:00+05:30,0.0,0.0,0.0,36.2,25.0,50.0,100.0,976.4,100,27.5667,72.0667,0.0
2024-07-18 21:00:00+05:30,0.0,0.0,0.0,31.9,22.1,68.0,100.0,977.8,100,27.5667,72.0667,0.0
2024-07-18 22:00:00+05:30,0.0,0.0,0.0,31.2,23.4,73.0,100.0,978.0,100,27.5667,72.0667,0.0
2024-07-18 23:00:00+05:30,0.0,0.0,0.0,30.8,21.4,76.0,100.0,978.0,100,27.5667,72.0667,0.0
2024-07-19 00:00:00+05:30,0.0,0.0,0.0,30.5,17.6,78.0,100.0,977.4,100,27.5667,72.0667,0.0
2024-07-19 01:00:00+05:30,0.0,0.0,0.0,30.1,17.3,81.0,100.0,976.6,100,27.5667,72.0667,0.0
2024-07-19 02:00:00+05:30,0.0,0.0,0.0,29.9,14.7,81.0,80.0,975.9,100,27.5667,72.0667,0.0
2024-07-19 03:00:00+05:30,0.0,0.0,0.0,29.5,12.5,83.0,99.0,975.6,100,27.5667,72.0667,0.0
2024-07-19 04:00:00+05:30,0.0,0.0,0.0,29.3,10.0,85.0,100.0,976.1,100,27.5667,72.0667,0.0
2024-07-19 05:00:00+05:30,0.0,0.0,0.0,29.4,11.3,84.0,99.0,976.5,100,27.5667,72.0667,0.0
2024-07-19 06:00:00+05:30,6.0,0.0,6.0,29.2,7.6,83.0,100.0,977.2,100,27.5667,72.0667,0.0
2024-07-19 07:00:00+05:30,78.0,33.8,71.0,29.8,7.3,80.0,100.0,977.9,100,27.5667,72.0667,5.681920116323641
2024-07-19 08:00:00+05:30,218.0,147.9,156.0,30.9,5.6,75.0,84.0,978.1,100,27.5667,72.0667,15.749989935797684
2024-07-19 09:00:00+05:30,396.0,288.4,219.0,32.7,5.4,67.0,10.0,977.9,100,27.5667,72.0667,31.38698412402138
2024-07-19 10:00:00+05:30,571.0,394.6,264.0,34.5,2.5,59.0,3.0,977.4,100,27.5667,72.0667,45.50065095088754
2024-07-19 11:00:00+05:30,709.0,462.1,293.0,36.2,2.9,51.0,24.0,977.0,100,27.5667,72.0667,55.324579930553355
2024-07-19 12:00:00+05:30,746.0,450.5,308.0,37.7,8.3,45.0,25.0,976.5,100,27.5667,72.0667,59.73646079856158
2024-07-19 13:00:00+05:30,756.0,442.7,318.0,38.9,11.4,42.0,24.0,975.8,100,27.5667,72.0667,62.24410321348631
2024-07-19 14:00:00+05:30,736.0,448.3,310.0,39.7,13.0,39.0,94.0,974.9,100,27.5667,72.0667,57.61452282397839
2024-07-19 15:00:00+05:30,616.0,358.1,309.0,40.1,15.0,37.0,100.0,973.6,100,27.5667,72.0667,47.40228242595187
2024-07-19 16:00:00+05:30,449.0,270.5,255.0,39.8,18.2,36.0,43.0,972.7,100,27.5667,72.0667,35.11757460709007
2024-07-19 17:00:00+05:30,322.0,252.1,186.0,39.5,18.3,37.0,10.0,972.9,100,27.5667,72.0667,23.699518210322708
2024-07-19 18:00:00+05:30,160.0,136.9,114.0,38.6,17.2,38.0,55.0,974.4,100,27.5667,72.0667,10.354573845441896
2024-07-19 19:00:00+05:30,40.0,36.8,35.0,37.7,17.4,40.0,95.0,975.6,100,27.5667,72.0667,2.367508004345369
2024-07-19 20:00:00+05:30,0.0,0.0,0.0,37.1,18.2,43.0,100.0,975.7,100,27.5667,72.0667,0.0
2024-07-19 21:00:00+05:30,0.0,0.0,0.0,33.0,22.1,64.0,100.0,976.3,100,27.5667,72.0667,0.0
2024-07-19 22:00:00+05:30,0.0,0.0,0.0,32.8,18.8,65.0,99.0,976.7,100,27.5667,72.0667,0.0
2024-07-19 23:00:00+05:30,0.0,0.0,0.0,32.3,15.1,68.0,99.0,976.8,100,27.5667,72.0667,0.0
2024-07-20 00:00:00+05:30,0.0,0.0,0.0,32.0,11.9,70.0,46.0,976.6,100,27.5667,72.0667,0.0
2024-07-20 01:00:00+05:30,0.0,0.0,0.0,31.7,10.8,71.0,41.0,976.0,100,27.5667,72.0667,0.0
2024-07-20 02:00:00+05:30,0.0,0.0,0.0,31.5,8.4,72.0,91.0,975.8,100,27.5667,72.0667,0.0
2024-07-20 03:00:00+05:30,0.0,0.0,0.0,31.3,8.6,72.0,12.0,975.9,100,27.5667,72.0667,0.0
2024-07-20 04:00:00+05:30,0.0,0.0,0.0,30.9,10.5,74.0,81.0,976.6,100,27.5667,72.0667,0.0
2024-07-20 05:00:00+05:30,0.0,0.0,0.0,30.6,8.8,75.0,80.0,976.8,100,27.5667,72.0667,0.0
2024-07-20 06:00:00+05:30,6.0,0.0,6.0,31.5,7.2,71.0,58.0,977.1,100,27.5667,72.0667,0.0
2024-07-20 07:00:00+05:30,71.0,48.7,61.0,32.2,8.7,67.0,38.0,977.9,100,27.5667,72.0667,4.813908998751464
2024-07-20 08:00:00+05:30,205.0,150.8,142.0,33.4,9.5,61.0,7.0,978.3,100,27.5667,72.0667,15.301413858513506
2024-07-20 09:00:00+05:30,406.0,311.7,215.0,35.0,7.5,53.0,9.0,978.3,100,27.5667,72.0667,31.37800672476983
2024-07-20 10:00:00+05:30,581.0,414.4,259.0,36.4,3.6,48.0,20.0,978.3,100,27.5667,72.0667,44.0525422710151
2024-07-20 11:00:00+05:30,713.0,468.0,292.0,38.0,5.0,42.0,14.0,977.7,100,27.5667,72.0667,56.205315018030696
2024-07-20 12:00:00+05:30,754.0,467.2,300.0,39.3,8.6,39.0,3.0,977.1,100,27.5667,72.0667,59.666174458572726
2024-07-20 13:00:00+05:30,805.0,500.5,310.0,40.7,9.7,35.0,5.0,976.3,100,27.5667,72.0667,62.720768154466604
2024-07-20 14:00:00+05:30,760.0,483.3,301.0,41.8,9.9,32.0,24.0,975.5,100,27.5667,72.0667,58.53821949677833
2024-07-20 15:00:00+05:30,617.0,393.3,280.0,41.9,12.4,31.0,25.0,974.7,100,27.5667,72.0667,48.35372651714639
2024-07-20 16:00:00+05:30,469.0,327.9,234.0,41.9,12.3,31.0,21.0,973.9,100,27.5667,72.0667,37.82280270588737
2024-07-20 17:00:00+05:30,308.0,235.7,181.0,41.5,11.5,31.0,14.0,974.2,100,27.5667,72.0667,22.50719227051075
2024-07-20 18:00:00+05:30,140.0,98.5,107.0,31.4,23.7,72.0,90.0,977.1,100,27.5667,72.0667,9.814847973610066
2024-07-20 19:00:00+05:30,30.0,14.8,28.0,31.3,13.0,74.0,45.0,977.6,100,27.5667,72.0667,1.8694414793443317
2024-07-20 20:00:00+05:30,0.0,0.0,0.0,30.8,6.3,76.0,65.0,977.9,100,27.5667,72.0667,0.0
2024-07-20 21:00:00+05:30,0.0,0.0,0.0,31.0,7.0,77.0,98.0,978.5,100,27.5667,72.0667,0.0
2024-07-20 22:00:00+05:30,0.0,0.0,0.0,30.8,7.4,79.0,100.0,978.9,100,27.5667,72.0667,0.0
2024-07-20 23:00:00+05:30,0.0,0.0,0.0,30.4,11.1,82.0,100.0,978.8,100,27.5667,72.0667,0.0
2024-07-21 00:00:00+05:30,0.0,0.0,0.0,30.2,5.1,84.0,99.0,978.2,100,27.5667,72.0667,0.0
2024-07-21 01:00:00+05:30,0.0,0.0,0.0,30.0,4.1,85.0,100.0,977.7,100,27.5667,72.0667,0.0
2024-07-21 02:00:00+05:30,0.0,0.0,0.0,29.8,5.5,86.0,100.0,977.1,100,27.5667,72.0667,0.0
2024-07-21 03:00:00+05:30,0.0,0.0,0.0,29.7,5.1,87.0,56.0,976.9,100,27.5667,72.0667,0.0
2024-07-21 04:00:00+05:30,0.0,0.0,0.0,29.6,4.8,88.0,4.0,977.1,100,27.5667,72.0667,0.0
2024-07-21 05:00:00+05:30,0.0,0.0,0.0,29.4,6.0,89.0,0.0,977.2,100,27.5667,72.0667,0.0
2024-07-21 06:00:00+05:30,6.0,0.0,6.0,30.8,4.2,75.0,18.0,977.7,100,27.5667,72.0667,0.0
2024-07-21 07:00:00+05:30,82.0,58.9,70.0,31.4,5.2,72.0,75.0,978.1,100,27.5667,72.0667,5.640602166412613
2024-07-21 08:00:00+05:30,228.0,189.7,149.0,33.0,7.2,63.0,97.0,978.6,100,27.5667,72.0667,16.024049418232444
2024-07-21 09:00:00+05:30,405.0,310.6,215.0,34.7,8.0,56.0,92.0,978.7,100,27.5667,72.0667,29.989625189216632
2024-07-21 10:00:00+05:30,574.0,404.5,260.0,36.2,6.9,50.0,65.0,978.5,100,27.5667,72.0667,44.249300445049634
2024-07-21 11:00:00+05:30,714.0,473.9,288.0,37.5,2.4,46.0,90.0,978.1,100,27.5667,72.0667,54.24240856861643
2024-07-21 12:00:00+05:30,730.0,430.3,312.0,38.6,1.3,43.0,94.0,977.5,100,27.5667,72.0667,55.76114220588205
2024-07-21 13:00:00+05:30,746.0,413.7,337.0,39.7,0.7,40.0,31.0,976.7,100,27.5667,72.0667,58.38762173316092
2024-07-21 14:00:00+05:30,707.0,418.2,310.0,40.3,6.4,38.0,100.0,975.9,100,27.5667,72.0667,55.128458230645016
2024-07-21 15:00:00+05:30,359.0,144.8,235.0,38.9,10.1,40.0,90.0,975.5,100,27.5667,72.0667,29.163730287168036
2024-07-21 16:00:00+05:30,309.0,148.0,203.0,36.5,17.4,51.0,35.0,975.2,100,27.5667,72.0667,25.25726480774139
2024-07-21 17:00:00+05:30,302.0,206.4,191.0,38.2,8.9,44.0,37.0,974.7,100,27.5667,72.0667,22.69042255805605
2024-07-21 18:00:00+05:30,129.0,77.9,103.0,37.5,13.2,47.0,65.0,975.5,100,27.5667,72.0667,9.30088137298804
2024-07-21 19:00:00+05:30,36.0,22.3,33.0,37.3,7.1,46.0,48.0,975.8,100,27.5667,72.0667,2.2591847872981035
2024-07-21 20:00:00+05:30,0.0,0.0,0.0,37.4,7.8,45.0,41.0,976.1,100,27.5667,72.0667,0.0
2024-07-21 21:00:00+05:30,0.0,0.0,0.0,37.2,12.4,46.0,27.0,977.1,100,27.5667,72.0667,0.0
2024-07-21 22:00:00+05:30,0.0,0.0,0.0,35.1,10.5,55.0,80.0,978.0,100,27.5667,72.0667,0.0
2024-07-21 23:00:00+05:30,0.0,0.0,0.0,33.9,16.1,60.0,31.0,977.5,100,27.5667,72.0667,0.0
2024-07-22 00:00:00+05:30,0.0,0.0,0.0,33.6,15.6,61.0,32.0,977.3,100,27.5667,72.0667,0.0
2024-07-22 01:00:00+05:30,0.0,0.0,0.0,33.1,15.1,64.0,18.0,976.7,100,27.5667,72.0667,0.0
2024-07-22 02:00:00+05:30,0.0,0.0,0.0,32.8,13.8,65.0,18.0,976.3,100,27.5667,72.0667,0.0
2024-07-22 03:00:00+05:30,0.0,0.0,0.0,32.5,14.6,66.0,13.0,976.1,100,27.5667,72.0667,0.0
2024-07-22 04:00:00+05:30,0.0,0.0,0.0,32.3,14.6,66.0,8.0,976.4,100,27.5667,72.0667,0.0
2024-07-22 05:00:00+05:30,0.0,0.0,0.0,32.2,12.5,67.0,18.0,976.5,100,27.5667,72.0667,0.0
2024-07-22 06:00:00+05:30,6.0,0.0,6.0,31.0,13.6,75.0,60.0,977.2,100,27.5667,72.0667,0.0
2024-07-22 07:00:00+05:30,82.0,59.3,70.0,31.6,14.8,70.0,88.0,977.7,100,27.5667,72.0667,5.509536109856094
2024-07-22 08:00:00+05:30,224.0,173.4,152.0,33.0,15.0,64.0,94.0,978.2,100,27.5667,72.0667,15.859758703715533
2024-07-22 09:00:00+05:30,403.0,309.5,214.0,34.6,18.6,59.0,64.0,978.6,100,27.5667,72.0667,30.832244043283485
2024-07-22 10:00:00+05:30,576.0,411.4,257.0,36.2,19.0,54.0,14.0,978.5,100,27.5667,72.0667,47.78255113988802
2024-07-22 11:00:00+05:30,711.0,473.1,286.0,37.5,18.4,49.0,9.0,978.4,100,27.5667,72.0667,59.046083617450776
2024-07-22 12:00:00+05:30,793.0,503.7,304.0,38.8,14.2,45.0,44.0,977.8,100,27.5667,72.0667,66.00885544129586
2024-07-22 13:00:00+05:30,748.0,423.0,330.0,39.6,11.0,42.0,42.0,977.0,100,27.5667,72.0667,60.82835556592043
2024-07-22 14:00:00+05:30,747.0,463.7,307.0,40.3,10.0,40.0,9.0,975.9,100,27.5667,72.0667,59.114726189532405
2024-07-22 15:00:00+05:30,640.0,425.3,276.0,40.9,9.0,38.0,16.0,975.0,100,27.5667,72.0667,51.284950548598545
2024-07-22 16:00:00+05:30,495.0,366.3,233.0,41.0,8.6,37.0,23.0,974.4,100,27.5667,72.0667,37.74840036714364
2024-07-22 17:00:00+05:30,289.0,223.5,169.0,40.6,8.0,37.0,32.0,973.8,100,27.5667,72.0667,21.600806740220136
2024-07-22 18:00:00+05:30,137.0,99.2,104.0,35.5,16.4,54.0,32.0,975.0,100,27.5667,72.0667,9.52171048443828
2024-07-22 19:00:00+05:30,39.0,29.8,35.0,34.9,13.4,56.0,32.0,975.4,100,27.5667,72.0667,2.392656605742548
2024-07-22 20:00:00+05:30,0.0,0.0,0.0,33.9,8.6,59.0,96.0,976.5,100,27.5667,72.0667,0.0
2024-07-22 21:00:00+05:30,0.0,0.0,0.0,30.6,19.9,79.0,100.0,979.3,100,27.5667,72.0667,0.0
2024-07-22 22:00:00+05:30,0.0,0.0,0.0,29.5,15.7,85.0,100.0,979.1,100,27.5667,72.0667,0.0
2024-07-22 23:00:00+05:30,0.0,0.0,0.0,29.3,15.2,87.0,100.0,978.9,100,27.5667,72.0667,0.0
2024-07-23 00:00:00+05:30,0.0,0.0,0.0,29.1,15.8,89.0,100.0,977.9,100,27.5667,72.0667,0.0
2024-07-23 01:00:00+05:30,0.0,0.0,0.0,29.3,14.2,90.0,100.0,978.1,100,27.5667,72.0667,0.0
2024-07-23 02:00:00+05:30,0.0,0.0,0.0,29.1,17.1,90.0,100.0,977.4,100,27.5667,72.0667,0.0
2024-07-23 03:00:00+05:30,0.0,0.0,0.0,28.8,16.0,91.0,100.0,976.8,100,27.5667,72.0667,0.0
2024-07-23 04:00:00+05:30,0.0,0.0,0.0,28.8,13.6,91.0,100.0,977.0,100,27.5667,72.0667,0.0
2024-07-23 05:00:00+05:30,0.0,0.0,0.0,28.8,12.8,91.0,100.0,977.2,100,27.5667,72.0667,0.0
2024-07-23 06:00:00+05:30,5.0,0.0,5.0,29.0,12.6,87.0,98.0,977.2,100,27.5667,72.0667,0.0
2024-07-23 07:00:00+05:30,80.0,44.9,71.0,29.5,13.5,85.0,99.0,978.0,100,27.5667,72.0667,5.73707527855778
2024-07-23 08:00:00+05:30,223.0,174.0,151.0,30.3,15.6,82.0,93.0,978.3,100,27.5667,72.0667,16.313286291492325
2024-07-23 09:00:00+05:30,395.0,295.3,215.0,31.2,22.5,78.0,86.0,979.1,100,27.5667,72.0667,30.64190473281387
2024-07-23 10:00:00+05:30,556.0,366.6,272.0,31.9,18.4,73.0,85.0,978.8,100,27.5667,72.0667,46.44065727246064
2024-07-23 11:00:00+05:30,711.0,462.3,296.0,33.1,17.2,70.0,51.0,978.5,100,27.5667,72.0667,58.874444377583416
2024-07-23 12:00:00+05:30,795.0,507.0,303.0,34.0,17.6,66.0,98.0,978.1,100,27.5667,72.0667,64.78304559068961
2024-07-23 13:00:00+05:30,826.0,527.5,305.0,35.1,15.8,60.0,10.0,977.1,100,27.5667,72.0667,69.33431573355807
2024-07-23 14:00:00+05:30,762.0,493.5,294.0,35.7,15.8,58.0,28.0,975.9,100,27.5667,72.0667,62.49946786347711
2024-07-23 15:00:00+05:30,648.0,425.6,284.0,36.4,14.4,55.0,96.0,974.9,100,27.5667,72.0667,51.554806455522666
2024-07-23 16:00:00+05:30,496.0,345.6,249.0,36.6,15.5,54.0,100.0,974.2,100,27.5667,72.0667,38.722203708773954
2024-07-23 17:00:00+05:30,310.0,205.2,200.0,36.3,15.5,54.0,69.0,973.4,100,27.5667,72.0667,23.812782804378926
2024-07-23 18:00:00+05:30,165.0,141.8,118.0,35.5,10.1,59.0,3.0,974.5,100,27.5667,72.0667,11.335810810440707
2024-07-23 19:00:00+05:30,39.0,30.0,35.0,34.3,7.0,70.0,6.0,974.7,100,27.5667,72.0667,2.5048703847818987
2024-07-23 20:00:00+05:30,0.0,0.0,0.0,33.4,4.7,77.0,35.0,975.1,100,27.5667,72.0667,0.0
2024-07-23 21:00:00+05:30,0.0,0.0,0.0,33.1,5.1,79.0,100.0,975.7,100,27.5667,72.0667,0.0
2024-07-23 22:00:00+05:30,0.0,0.0,0.0,32.5,10.8,75.0,100.0,976.2,100,27.5667,72.0667,0.0
2024-07-23 23:00:00+05:30,0.0,0.0,0.0,31.8,15.7,73.0,100.0,976.2,100,27.5667,72.0667,0.0
2024-07-24 00:00:00+05:30,0.0,0.0,0.0,31.0,21.0,76.0,100.0,976.1,100,27.5667,72.0667,0.0
2024-07-24 01:00:00+05:30,0.0,0.0,0.0,30.3,21.6,80.0,100.0,975.6,100,27.5667,72.0667,0.0
2024-07-24 02:00:00+05:30,0.0,0.0,0.0,29.9,20.5,82.0,98.0,975.1,100,27.5667,72.0667,0.0
2024-07-24 03:00:00+05:30,0.0,0.0,0.0,29.6,18.9,84.0,88.0,974.9,100,27.5667,72.0667,0.0
2024-07-24 04:00:00+05:30,0.0,0.0,0.0,29.3,17.8,85.0,95.0,974.8,100,27.5667,72.0667,0.0
2024-07-24 05:00:00+05:30,0.0,0.0,0.0,29.0,15.5,86.0,89.0,974.8,100,27.5667,72.0667,0.0
2024-07-24 06:00:00+05:30,6.0,0.0,6.0,29.5,13.5,84.0,100.0,974.9,100,27.5667,72.0667,0.0
2024-07-24 07:00:00+05:30,82.0,60.3,70.0,30.0,10.9,82.0,75.0,975.6,100,27.5667,72.0667,5.659013479437358
2024-07-24 08:00:00+05:30,231.0,198.8,149.0,31.1,14.3,77.0,79.0,976.0,100,27.5667,72.0667,16.454756689901338
2024-07-24 09:00:00+05:30,413.0,328.7,213.0,32.4,15.5,70.0,89.0,976.0,100,27.5667,72.0667,31.521889877367762
2024-07-24 10:00:00+05:30,580.0,411.0,262.0,33.8,17.1,64.0,10.0,975.6,100,27.5667,72.0667,47.34599502178598
2024-07-24 11:00:00+05:30,727.0,495.0,283.0,35.0,17.0,59.0,34.0,975.2,100,27.5667,72.0667,60.78461064384105
2024-07-24 12:00:00+05:30,812.0,531.1,297.0,36.0,17.3,55.0,0.0,974.5,100,27.5667,72.0667,68.04357041535528
2024-07-24 13:00:00+05:30,833.0,538.9,301.0,37.1,16.5,50.0,0.0,973.5,100,27.5667,72.0667,68.37601426526555
2024-07-24 14:00:00+05:30,790.0,527.5,290.0,38.0,15.8,46.0,0.0,972.4,100,27.5667,72.0667,65.00461628562691
2024-07-24 15:00:00+05:30,684.0,487.9,267.0,38.5,15.5,44.0,1.0,971.6,100,27.5667,72.0667,55.13588976804979
2024-07-24 16:00:00+05:30,531.0,420.3,231.0,38.8,14.7,43.0,1.0,970.7,100,27.5667,72.0667,41.180428451798605
2024-07-24 17:00:00+05:30,350.0,314.1,182.0,38.7,15.4,42.0,60.0,970.5,100,27.5667,72.0667,25.013618770004932
2024-07-24 18:00:00+05:30,167.0,157.5,115.0,37.3,16.2,45.0,9.0,971.2,100,27.5667,72.0667,11.27974923970581
2024-07-24 19:00:00+05:30,40.0,37.7,35.0,36.3,14.8,49.0,62.0,972.1,100,27.5667,72.0667,2.312734952493242
2024-07-24 20:00:00+05:30,0.0,0.0,0.0,34.4,2.9,58.0,100.0,973.3,100,27.5667,72.0667,0.0
2024-07-24 21:00:00+05:30,0.0,0.0,0.0,32.6,11.9,63.0,100.0,974.2,100,27.5667,72.0667,0.0
2024-07-24 22:00:00+05:30,0.0,0.0,0.0,30.9,9.5,70.0,100.0,973.6,100,27.5667,72.0667,0.0
2024-07-24 23:00:00+05:30,0.0,0.0,0.0,30.7,3.1,73.0,100.0,973.6,100,27.5667,72.0667,0.0
2024-07-25 00:00:00+05:30,0.0,0.0,0.0,30.4,5.2,76.0,100.0,973.0,100,27.5667,72.0667,0.0
2024-07-25 01:00:00+05:30,0.0,0.0,0.0,30.0,9.5,78.0,100.0,972.6,100,27.5667,72.0667,0.0
2024-07-25 02:00:00+05:30,0.0,0.0,0.0,30.3,15.5,77.0,100.0,972.2,100,27.5667,72.0667,0.0
2024-07-25 03:00:00+05:30,0.0,0.0,0.0,30.0,19.6,79.0,100.0,972.4,100,27.5667,72.0667,0.0
2024-07-25 04:00:00+05:30,0.0,0.0,0.0,29.6,17.6,81.0,96.0,972.6,100,27.5667,72.0667,0.0
2024-07-25 05:00:00+05:30,0.0,0.0,0.0,29.1,17.8,83.0,86.0,972.8,100,27.5667,72.0667,0.0
2024-07-25 06:00:00+05:30,5.0,0.0,5.0,29.9,15.0,75.0,7.0,973.3,100,27.5667,72.0667,0.0
2024-07-25 07:00:00+05:30,82.0,70.9,68.0,30.5,17.4,72.0,2.0,973.6,100,27.5667,72.0667,5.488064032963401
2024-07-25 08:00:00+05:30,234.0,214.1,146.0,31.4,15.1,67.0,4.0,974.3,100,27.5667,72.0667,16.858413381664153
2024-07-25 09:00:00+05:30,415.0,342.4,207.0,32.7,13.5,62.0,23.0,974.5,100,27.5667,72.0667,33.35864790103355
2024-07-25 10:00:00+05:30,588.0,436.0,251.0,34.2,13.6,57.0,2.0,974.6,100,27.5667,72.0667,47.62424272277722
2024-07-25 11:00:00+05:30,723.0,493.1,281.0,35.6,15.6,52.0,28.0,974.4,100,27.5667,72.0667,60.947267519380205
2024-07-25 12:00:00+05:30,798.0,509.7,304.0,37.0,18.2,47.0,21.0,973.9,100,27.5667,72.0667,66.61826151034656
2024-07-25 13:00:00+05:30,817.0,509.8,314.0,37.7,17.9,44.0,2.0,973.0,100,27.5667,72.0667,68.38247511470443
2024-07-25 14:00:00+05:30,785.0,521.5,291.0,38.8,18.1,41.0,1.0,972.2,100,27.5667,72.0667,65.25309208047089
2024-07-25 15:00:00+05:30,679.0,484.8,265.0,39.6,19.4,38.0,25.0,971.6,100,27.5667,72.0667,55.00650732700774
2024-07-25 16:00:00+05:30,522.0,409.6,230.0,39.6,19.9,37.0,100.0,971.1,100,27.5667,72.0667,39.68326605732385
2024-07-25 17:00:00+05:30,336.0,273.5,190.0,39.8,21.0,36.0,100.0,970.8,100,27.5667,72.0667,24.569545804277134
2024-07-25 18:00:00+05:30,165.0,139.9,119.0,36.9,8.8,44.0,99.0,972.3,100,27.5667,72.0667,11.006637496889763
2024-07-25 19:00:00+05:30,40.0,22.7,37.0,37.0,7.3,43.0,100.0,973.0,100,27.5667,72.0667,2.5455000932553724
2024-07-25 20:00:00+05:30,0.0,0.0,0.0,36.1,21.3,44.0,100.0,973.3,100,27.5667,72.0667,0.0
2024-07-25 21:00:00+05:30,0.0,0.0,0.0,35.0,27.0,48.0,100.0,974.1,100,27.5667,72.0667,0.0
2024-07-25 22:00:00+05:30,0.0,0.0,0.0,34.5,27.6,50.0,100.0,974.4,100,27.5667,72.0667,0.0
2024-07-25 23:00:00+05:30,0.0,0.0,0.0,32.9,31.1,57.0,100.0,974.5,100,27.5667,72.0667,0.0
2024-07-26 00:00:00+05:30,0.0,0.0,0.0,32.5,29.4,58.0,100.0,974.2,100,27.5667,72.0667,0.0
2024-07-26 01:00:00+05:30,0.0,0.0,0.0,31.9,26.5,60.0,96.0,973.9,100,27.5667,72.0667,0.0
2024-07-26 02:00:00+05:30,0.0,0.0,0.0,31.3,25.2,64.0,76.0,974.1,100,27.5667,72.0667,0.0
2024-07-26 03:00:00+05:30,0.0,0.0,0.0,30.8,26.0,67.0,42.0,974.4,100,27.5667,72.0667,0.0
2024-07-26 04:00:00+05:30,0.0,0.0,0.0,30.3,26.0,70.0,100.0,974.4,100,27.5667,72.0667,0.0
2024-07-26 05:00:00+05:30,0.0,0.0,0.0,29.9,24.7,73.0,61.0,974.8,100,27.5667,72.0667,0.0
2024-07-26 06:00:00+05:30,5.0,0.0,5.0,30.3,20.9,74.0,32.0,974.8,100,27.5667,72.0667,0.0
2024-07-26 07:00:00+05:30,81.0,71.5,67.0,30.7,20.2,73.0,64.0,975.2,100,27.5667,72.0667,5.216809817650781
2024-07-26 08:00:00+05:30,229.0,195.3,149.0,31.7,20.4,70.0,91.0,975.6,100,27.5667,72.0667,16.77625752154475
2024-07-26 09:00:00+05:30,423.0,351.3,210.0,33.4,19.6,62.0,29.0,975.9,100,27.5667,72.0667,32.760589083215265
2024-07-26 10:00:00+05:30,567.0,382.1,272.0,35.2,19.4,52.0,45.0,976.2,100,27.5667,72.0667,46.68502997154437
2024-07-26 11:00:00+05:30,644.0,353.9,327.0,36.3,20.2,47.0,23.0,976.0,100,27.5667,72.0667,55.0334109567145
2024-07-26 12:00:00+05:30,699.0,348.9,361.0,37.2,21.9,42.0,88.0,975.6,100,27.5667,72.0667,56.87015060696209
2024-07-26 13:00:00+05:30,602.0,234.3,371.0,37.7,22.9,40.0,39.0,975.0,100,27.5667,72.0667,49.92045671673626
2024-07-26 14:00:00+05:30,792.0,532.4,288.0,39.2,22.4,36.0,66.0,974.2,100,27.5667,72.0667,63.89476491766615
2024-07-26 15:00:00+05:30,678.0,481.7,267.0,39.6,21.6,35.0,60.0,973.2,100,27.5667,72.0667,54.29134623643453
2024-07-26 16:00:00+05:30,518.0,398.9,234.0,39.7,20.3,35.0,51.0,972.6,100,27.5667,72.0667,40.65288366946263
2024-07-26 17:00:00+05:30,347.0,309.8,182.0,39.6,18.9,35.0,84.0,972.6,100,27.5667,72.0667,25.07749497500309
2024-07-26 18:00:00+05:30,148.0,119.1,109.0,39.2,16.3,36.0,100.0,973.4,100,27.5667,72.0667,9.927713317981482
2024-07-26 19:00:00+05:30,38.0,22.8,35.0,38.2,19.6,38.0,100.0,973.9,100,27.5667,72.0667,2.3843131671549176
2024-07-26 20:00:00+05:30,0.0,0.0,0.0,37.3,20.8,39.0,100.0,974.5,100,27.5667,72.0667,0.0
2024-07-26 21:00:00+05:30,0.0,0.0,0.0,36.6,24.9,42.0,100.0,975.4,100,27.5667,72.0667,0.0
2024-07-26 22:00:00+05:30,0.0,0.0,0.0,35.1,30.5,48.0,100.0,975.9,100,27.5667,72.0667,0.0
2024-07-26 23:00:00+05:30,0.0,0.0,0.0,34.6,26.3,50.0,100.0,975.9,100,27.5667,72.0667,0.0
2024-07-27 00:00:00+05:30,0.0,0.0,0.0,33.6,27.0,54.0,100.0,975.9,100,27.5667,72.0667,0.0
2024-07-27 01:00:00+05:30,0.0,0.0,0.0,32.6,28.0,60.0,100.0,975.7,100,27.5667,72.0667,0.0
2024-07-27 02:00:00+05:30,0.0,0.0,0.0,31.8,26.8,66.0,100.0,975.4,100,27.5667,72.0667,0.0
2024-07-27 03:00:00+05:30,0.0,0.0,0.0,31.0,25.3,71.0,100.0,975.4,100,27.5667,72.0667,0.0
2024-07-27 04:00:00+05:30,0.0,0.0,0.0,30.6,23.5,74.0,100.0,975.8,100,27.5667,72.0667,0.0
2024-07-27 05:00:00+05:30,0.0,0.0,0.0,30.2,22.3,75.0,9.0,976.0,100,27.5667,72.0667,0.0
2024-07-27 06:00:00+05:30,5.0,0.0,5.0,30.4,22.6,74.0,1.0,976.5,100,27.5667,72.0667,0.0
2024-07-27 07:00:00+05:30,81.0,72.2,67.0,30.7,24.6,71.0,92.0,977.3,100,27.5667,72.0667,5.290948073276854
2024-07-27 08:00:00+05:30,231.0,205.7,147.0,31.9,24.8,66.0,99.0,977.6,100,27.5667,72.0667,16.174163945423413
2024-07-27 09:00:00+05:30,402.0,302.4,219.0,33.7,23.1,59.0,99.0,977.4,100,27.5667,72.0667,31.075730245036393
2024-07-27 10:00:00+05:30,579.0,411.0,262.0,35.8,21.9,51.0,100.0,977.2,100,27.5667,72.0667,47.155073639333104
2024-07-27 11:00:00+05:30,691.0,423.5,312.0,37.5,21.9,45.0,100.0,977.0,100,27.5667,72.0667,56.47828678589402
2024-07-27 12:00:00+05:30,714.0,353.3,372.0,38.6,21.4,42.0,94.0,976.7,100,27.5667,72.0667,56.702829743389245
2024-07-27 13:00:00+05:30,778.0,432.3,352.0,39.7,20.9,39.0,71.0,976.1,100,27.5667,72.0667,63.64480706443771
2024-07-27 14:00:00+05:30,762.0,469.3,318.0,40.4,20.7,37.0,65.0,975.4,100,27.5667,72.0667,61.01472697717861
2024-07-27 15:00:00+05:30,661.0,462.2,267.0,41.0,18.7,35.0,49.0,974.9,100,27.5667,72.0667,52.394499516259074
2024-07-27 16:00:00+05:30,489.0,361.5,232.0,41.1,18.4,34.0,63.0,974.7,100,27.5667,72.0667,38.11356489858961
2024-07-27 17:00:00+05:30,330.0,271.0,186.0,40.7,19.2,35.0,94.0,974.6,100,27.5667,72.0667,24.341086716157026
2024-07-27 18:00:00+05:30,145.0,92.1,115.0,38.6,23.2,38.0,100.0,975.0,100,27.5667,72.0667,9.984089648504726
2024-07-27 19:00:00+05:30,29.0,0.0,29.0,37.3,25.0,39.0,100.0,975.8,100,27.5667,72.0667,1.906353075088283
2024-07-27 20:00:00+05:30,0.0,0.0,0.0,36.7,24.0,40.0,100.0,976.5,100,27.5667,72.0667,0.0
2024-07-27 21:00:00+05:30,0.0,0.0,0.0,35.0,29.2,45.0,100.0,977.0,100,27.5667,72.0667,0.0
2024-07-27 22:00:00+05:30,0.0,0.0,0.0,33.6,27.3,51.0,100.0,977.5,100,27.5667,72.0667,0.0
2024-07-27 23:00:00+05:30,0.0,0.0,0.0,33.1,24.8,52.0,100.0,977.5,100,27.5667,72.0667,0.0
2024-07-28 00:00:00+05:30,0.0,0.0,0.0,32.7,23.3,54.0,100.0,977.1,100,27.5667,72.0667,0.0
2024-07-28 01:00:00+05:30,0.0,0.0,0.0,32.2,20.4,56.0,100.0,976.8,100,27.5667,72.0667,0.0
2024-07-28 02:00:00+05:30,0.0,0.0,0.0,31.7,20.8,60.0,100.0,976.3,100,27.5667,72.0667,0.0
2024-07-28 03:00:00+05:30,0.0,0.0,0.0,31.5,20.0,62.0,82.0,976.2,100,27.5667,72.0667,0.0
2024-07-28 04:00:00+05:30,0.0,0.0,0.0,31.4,18.9,64.0,95.0,976.6,100,27.5667,72.0667,0.0
2024-07-28 05:00:00+05:30,0.0,0.0,0.0,31.0,18.1,69.0,100.0,977.0,100,27.5667,72.0667,0.0
2024-07-28 06:00:00+05:30,5.0,0.0,5.0,31.2,16.0,66.0,100.0,977.3,100,27.5667,72.0667,0.0
2024-07-28 07:00:00+05:30,77.0,46.8,68.0,31.6,13.8,66.0,100.0,978.1,100,27.5667,72.0667,5.414007697731066
2024-07-28 08:00:00+05:30,216.0,152.3,154.0,32.6,12.7,62.0,100.0,978.4,100,27.5667,72.0667,15.958292179785909
2024-07-28 09:00:00+05:30,391.0,289.7,216.0,34.2,13.3,56.0,81.0,978.3,100,27.5667,72.0667,30.77859877723466
2024-07-28 10:00:00+05:30,579.0,424.5,252.0,35.8,13.1,50.0,82.0,978.0,100,27.5667,72.0667,45.95977072863945
2024-07-28 11:00:00+05:30,723.0,490.9,284.0,37.5,12.2,44.0,90.0,977.6,100,27.5667,72.0667,57.282943007772104
2024-07-28 12:00:00+05:30,796.0,510.6,302.0,38.7,9.4,40.0,85.0,976.8,100,27.5667,72.0667,63.93479002680284
2024-07-28 13:00:00+05:30,818.0,519.9,306.0,39.8,4.7,38.0,54.0,976.1,100,27.5667,72.0667,63.543260085312966
2024-07-28 14:00:00+05:30,754.0,471.8,308.0,40.7,4.3,36.0,29.0,975.4,100,27.5667,72.0667,59.17875448443892
2024-07-28 15:00:00+05:30,629.0,413.3,277.0,41.2,5.5,34.0,69.0,974.6,100,27.5667,72.0667,49.3531595178273
2024-07-28 16:00:00+05:30,440.0,284.5,238.0,41.4,4.9,34.0,100.0,973.7,100,27.5667,72.0667,32.8761581508956
2024-07-28 17:00:00+05:30,166.0,11.3,160.0,41.2,3.5,33.0,100.0,973.2,100,27.5667,72.0667,12.663889383379875
2024-07-28 18:00:00+05:30,129.0,70.9,106.0,35.4,10.4,54.0,97.0,975.5,100,27.5667,72.0667,9.145601321368403
2024-07-28 19:00:00+05:30,33.0,23.1,30.0,35.4,11.7,53.0,71.0,975.0,100,27.5667,72.0667,1.975755024432733
2024-07-28 20:00:00+05:30,0.0,0.0,0.0,35.5,6.5,53.0,23.0,975.5,100,27.5667,72.0667,0.0
2024-07-28 21:00:00+05:30,0.0,0.0,0.0,35.3,1.6,54.0,39.0,975.8,100,27.5667,72.0667,0.0
2024-07-28 22:00:00+05:30,0.0,0.0,0.0,35.2,1.5,54.0,84.0,976.2,100,27.5667,72.0667,0.0
2024-07-28 23:00:00+05:30,0.0,0.0,0.0,35.2,3.5,54.0,57.0,976.0,100,27.5667,72.0667,0.0
2024-07-29 00:00:00+05:30,0.0,0.0,0.0,35.0,4.1,54.0,7.0,975.7,100,27.5667,72.0667,0.0
2024-07-29 01:00:00+05:30,0.0,0.0,0.0,34.7,6.1,55.0,1.0,975.2,100,27.5667,72.0667,0.0
2024-07-29 02:00:00+05:30,0.0,0.0,0.0,34.2,5.1,56.0,1.0,974.7,100,27.5667,72.0667,0.0
2024-07-29 03:00:00+05:30,0.0,0.0,0.0,33.7,2.6,59.0,6.0,974.9,100,27.5667,72.0667,0.0
2024-07-29 04:00:00+05:30,0.0,0.0,0.0,33.4,2.3,60.0,27.0,975.1,100,27.5667,72.0667,0.0
2024-07-29 05:00:00+05:30,0.0,0.0,0.0,33.1,2.2,62.0,25.0,975.4,100,27.5667,72.0667,0.0
2024-07-29 06:00:00+05:30,4.0,0.0,4.0,32.1,3.9,66.0,46.0,975.9,100,27.5667,72.0667,0.0
2024-07-29 07:00:00+05:30,66.0,47.2,57.0,32.6,8.7,64.0,39.0,976.6,100,27.5667,72.0667,4.488030895830475
2024-07-29 08:00:00+05:30,189.0,143.0,131.0,33.1,13.3,62.0,78.0,977.4,100,27.5667,72.0667,13.356478804644603
2024-07-29 09:00:00+05:30,353.0,245.4,205.0,34.7,11.0,56.0,100.0,977.5,100,27.5667,72.0667,27.611519987542348
2024-07-29 10:00:00+05:30,337.0,117.0,247.0,35.5,10.5,53.0,95.0,976.8,100,27.5667,72.0667,27.159111566480473
2024-07-29 11:00:00+05:30,643.0,373.8,309.0,37.7,12.9,46.0,94.0,976.5,100,27.5667,72.0667,51.75467199069445
2024-07-29 12:00:00+05:30,653.0,280.3,382.0,38.8,15.2,42.0,98.0,975.4,100,27.5667,72.0667,52.44799530434118
2024-07-29 13:00:00+05:30,629.0,229.6,403.0,40.2,16.9,36.0,75.0,974.1,100,27.5667,72.0667,51.28672415910157
2024-07-29 14:00:00+05:30,705.0,404.4,323.0,41.1,19.5,34.0,11.0,973.3,100,27.5667,72.0667,58.81777971421532
2024-07-29 15:00:00+05:30,627.0,424.4,266.0,41.8,19.1,33.0,15.0,972.8,100,27.5667,72.0667,50.093577272921465
2024-07-29 16:00:00+05:30,500.0,389.4,224.0,42.3,21.7,31.0,44.0,972.3,100,27.5667,72.0667,39.063099254424735
2024-07-29 17:00:00+05:30,338.0,291.3,184.0,42.3,21.5,30.0,66.0,972.0,100,27.5667,72.0667,25.332372480871534
2024-07-29 18:00:00+05:30,135.0,99.2,103.0,38.3,22.2,42.0,55.0,973.7,100,27.5667,72.0667,9.499755349407247
2024-07-29 19:00:00+05:30,31.0,31.1,27.0,33.6,23.2,60.0,81.0,975.4,100,27.5667,72.0667,1.7465236852458788
2024-07-29 20:00:00+05:30,0.0,0.0,0.0,30.9,18.1,71.0,76.0,975.9,100,27.5667,72.0667,0.0
2024-07-29 21:00:00+05:30,0.0,0.0,0.0,29.9,5.5,78.0,76.0,977.0,100,27.5667,72.0667,0.0
2024-07-29 22:00:00+05:30,0.0,0.0,0.0,28.9,13.7,85.0,100.0,977.5,100,27.5667,72.0667,0.0
2024-07-29 23:00:00+05:30,0.0,0.0,0.0,29.2,7.2,86.0,88.0,977.8,100,27.5667,72.0667,0.0
2024-07-30 00:00:00+05:30,0.0,0.0,0.0,29.1,9.2,86.0,64.0,977.0,100,27.5667,72.0667,0.0
2024-07-30 01:00:00+05:30,0.0,0.0,0.0,29.1,7.9,89.0,12.0,976.4,100,27.5667,72.0667,0.0
2024-07-30 02:00:00+05:30,0.0,0.0,0.0,29.3,5.8,89.0,1.0,975.6,100,27.5667,72.0667,0.0
2024-07-30 03:00:00+05:30,0.0,0.0,0.0,29.4,6.6,90.0,0.0,975.1,100,27.5667,72.0667,0.0
2024-07-30 04:00:00+05:30,0.0,0.0,0.0,29.4,8.9,91.0,0.0,975.3,100,27.5667,72.0667,0.0
2024-07-30 05:00:00+05:30,0.0,0.0,0.0,29.5,8.5,87.0,0.0,976.1,100,27.5667,72.0667,0.0
2024-07-30 06:00:00+05:30,4.0,0.0,4.0,31.6,8.4,70.0,36.0,977.7,100,27.5667,72.0667,0.0
2024-07-30 07:00:00+05:30,70.0,52.9,60.0,31.3,6.6,74.0,14.0,978.5,100,27.5667,72.0667,4.75700211800607
2024-07-30 08:00:00+05:30,211.0,173.1,141.0,32.8,4.1,65.0,1.0,979.0,100,27.5667,72.0667,15.723430121275069
2024-07-30 09:00:00+05:30,411.0,345.5,203.0,34.5,8.4,59.0,37.0,979.4,100,27.5667,72.0667,31.768638447992863
2024-07-30 10:00:00+05:30,587.0,443.7,246.0,35.7,9.7,54.0,55.0,979.5,100,27.5667,72.0667,47.282334758435994
2024-07-30 11:00:00+05:30,704.0,478.3,277.0,36.9,12.0,50.0,96.0,978.7,100,27.5667,72.0667,56.62640494433413
2024-07-30 12:00:00+05:30,731.0,424.4,321.0,38.0,13.8,46.0,98.0,978.0,100,27.5667,72.0667,58.349938068156874
2024-07-30 13:00:00+05:30,812.0,504.3,316.0,39.2,14.1,42.0,93.0,977.3,100,27.5667,72.0667,64.51934341709307
2024-07-30 14:00:00+05:30,724.0,460.9,289.0,40.1,13.8,39.0,82.0,976.3,100,27.5667,72.0667,57.154845854128304
2024-07-30 15:00:00+05:30,639.0,440.1,265.0,40.4,14.2,38.0,12.0,975.6,100,27.5667,72.0667,51.080866419521314
2024-07-30 16:00:00+05:30,479.0,360.3,224.0,40.2,13.1,38.0,20.0,975.4,100,27.5667,72.0667,37.46789768011237
2024-07-30 17:00:00+05:30,321.0,261.7,183.0,39.7,15.2,39.0,67.0,975.0,100,27.5667,72.0667,23.510106812384436
2024-07-30 18:00:00+05:30,158.0,149.6,110.0,38.5,13.0,40.0,27.0,976.1,100,27.5667,72.0667,10.543572616362292
2024-07-30 19:00:00+05:30,33.0,31.3,29.0,37.4,11.5,44.0,83.0,976.9,100,27.5667,72.0667,1.8755063728032382
2024-07-30 20:00:00+05:30,0.0,0.0,0.0,36.7,13.9,46.0,100.0,977.8,100,27.5667,72.0667,0.0
2024-07-30 21:00:00+05:30,0.0,0.0,0.0,30.9,24.4,72.0,100.0,979.5,100,27.5667,72.0667,0.0
2024-07-30 22:00:00+05:30,0.0,0.0,0.0,31.7,21.0,70.0,100.0,980.4,100,27.5667,72.0667,0.0
2024-07-30 23:00:00+05:30,0.0,0.0,0.0,29.8,18.9,77.0,99.0,979.7,100,27.5667,72.0667,0.0
2024-07-31 00:00:00+05:30,0.0,0.0,0.0,29.3,15.0,79.0,100.0,978.9,100,27.5667,72.0667,0.0
2024-07-31 01:00:00+05:30,0.0,0.0,0.0,29.3,12.1,80.0,99.0,979.0,100,27.5667,72.0667,0.0
2024-07-31 02:00:00+05:30,0.0,0.0,0.0,29.1,11.8,81.0,100.0,978.6,100,27.5667,72.0667,0.0
2024-07-31 03:00:00+05:30,0.0,0.0,0.0,28.8,14.2,84.0,58.0,978.7,100,27.5667,72.0667,0.0
2024-07-31 04:00:00+05:30,0.0,0.0,0.0,28.5,17.0,85.0,98.0,978.8,100,27.5667,72.0667,0.0
2024-07-31 05:00:00+05:30,0.0,0.0,0.0,28.1,16.2,87.0,96.0,978.8,100,27.5667,72.0667,0.0
2024-07-31 06:00:00+05:30,4.0,0.0,4.0,28.9,17.1,89.0,24.0,980.1,100,27.5667,72.0667,0.0
2024-07-31 07:00:00+05:30,75.0,64.0,63.0,29.1,18.9,87.0,12.0,980.4,100,27.5667,72.0667,5.1072851460129804
2024-07-31 08:00:00+05:30,225.0,201.0,144.0,29.9,19.4,84.0,53.0,980.4,100,27.5667,72.0667,16.996125930779503
2024-07-31 09:00:00+05:30,378.0,257.9,223.0,31.0,17.3,78.0,100.0,980.5,100,27.5667,72.0667,30.689198533835345
2024-07-31 10:00:00+05:30,554.0,359.5,278.0,32.2,16.3,73.0,94.0,980.5,100,27.5667,72.0667,45.46082179734723
2024-07-31 11:00:00+05:30,678.0,405.8,316.0,33.3,14.2,68.0,100.0,980.6,100,27.5667,72.0667,55.794271862838166
2024-07-31 12:00:00+05:30,774.0,444.4,345.0,34.5,12.6,63.0,96.0,980.1,100,27.5667,72.0667,63.425954606896944
2024-07-31 13:00:00+05:30,817.0,504.7,321.0,35.8,11.6,57.0,100.0,979.3,100,27.5667,72.0667,65.50779153478665
2024-07-31 14:00:00+05:30,743.0,448.5,320.0,36.5,13.2,54.0,79.0,978.2,100,27.5667,72.0667,60.541608066343876
2024-07-31 15:00:00+05:30,643.0,440.6,269.0,36.6,13.6,52.0,72.0,977.0,100,27.5667,72.0667,52.80715172299559
2024-07-31 16:00:00+05:30,464.0,331.2,230.0,36.4,15.0,54.0,92.0,976.3,100,27.5667,72.0667,36.40724571601457
2024-07-31 17:00:00+05:30,287.0,194.0,185.0,35.7,15.9,56.0,100.0,976.5,100,27.5667,72.0667,21.961450559312773
2024-07-31 18:00:00+05:30,148.0,137.9,104.0,33.6,17.5,66.0,49.0,976.6,100,27.5667,72.0667,9.99795433687688
2024-07-31 19:00:00+05:30,34.0,31.5,30.0,32.6,16.2,70.0,26.0,977.0,100,27.5667,72.0667,2.035001706346458
2024-07-31 20:00:00+05:30,0.0,0.0,0.0,31.9,19.8,74.0,87.0,977.4,100,27.5667,72.0667,0.0
2024-07-31 21:00:00+05:30,0.0,0.0,0.0,31.4,23.4,73.0,100.0,978.6,100,27.5667,72.0667,0.0
2024-07-31 22:00:00+05:30,0.0,0.0,0.0,30.5,26.7,77.0,100.0,978.3,100,27.5667,72.0667,0.0
2024-07-31 23:00:00+05:30,0.0,0.0,0.0,29.9,26.7,79.0,100.0,977.9,100,27.5667,72.0667,0.0
2024-08-01 00:00:00+05:30,0.0,0.0,0.0,29.4,25.5,82.0,100.0,978.1,100,27.5667,72.0667,0.0
2024-08-01 01:00:00+05:30,0.0,0.0,0.0,29.0,24.7,84.0,100.0,977.3,100,27.5667,72.0667,0.0
2024-08-01 02:00:00+05:30,0.0,0.0,0.0,28.8,24.2,85.0,100.0,977.3,100,27.5667,72.0667,0.0
2024-08-01 03:00:00+05:30,0.0,0.0,0.0,28.5,25.6,86.0,100.0,976.7,100,27.5667,72.0667,0.0
2024-08-01 04:00:00+05:30,0.0,0.0,0.0,28.2,25.5,88.0,100.0,976.8,100,27.5667,72.0667,0.0
2024-08-01 05:00:00+05:30,0.0,0.0,0.0,27.9,25.1,88.0,100.0,977.4,100,27.5667,72.0667,0.0
2024-08-01 06:00:00+05:30,4.0,0.0,4.0,28.1,23.7,87.0,100.0,977.5,100,27.5667,72.0667,0.0
2024-08-01 07:00:00+05:30,63.0,16.1,60.0,28.4,26.0,84.0,100.0,978.1,100,27.5667,72.0667,4.747990337779651
2024-08-01 08:00:00+05:30,148.0,22.4,139.0,28.8,28.1,81.0,100.0,978.2,100,27.5667,72.0667,12.272177494475683
2024-08-01 09:00:00+05:30,199.0,16.7,189.0,29.3,29.2,77.0,100.0,978.2,100,27.5667,72.0667,16.51381316607164
2024-08-01 10:00:00+05:30,327.0,46.9,291.0,30.9,29.0,68.0,100.0,978.4,100,27.5667,72.0667,27.160787259572654
2024-08-01 11:00:00+05:30,512.0,154.8,374.0,32.6,26.3,61.0,100.0,978.5,100,27.5667,72.0667,42.53048544472386
2024-08-01 12:00:00+05:30,709.0,373.2,349.0,34.2,26.8,55.0,100.0,977.6,100,27.5667,72.0667,60.75422739632516
2024-08-01 13:00:00+05:30,507.0,124.2,385.0,34.7,25.1,53.0,100.0,977.0,100,27.5667,72.0667,41.46617147749327
2024-08-01 14:00:00+05:30,421.0,57.3,367.0,35.2,27.6,50.0,100.0,975.8,100,27.5667,72.0667,34.9441580073124
2024-08-01 15:00:00+05:30,358.0,42.5,322.0,35.9,24.3,47.0,100.0,975.3,100,27.5667,72.0667,30.20170334631339
2024-08-01 16:00:00+05:30,262.0,25.5,244.0,34.8,29.3,52.0,100.0,975.1,100,27.5667,72.0667,21.853429169843103
2024-08-01 17:00:00+05:30,234.0,59.1,203.0,34.3,26.7,53.0,100.0,975.0,100,27.5667,72.0667,19.3138113260197
2024-08-01 18:00:00+05:30,77.0,0.0,77.0,31.9,17.4,62.0,100.0,976.5,100,27.5667,72.0667,6.200736543677886
2024-08-01 19:00:00+05:30,21.0,0.0,21.0,30.9,13.0,68.0,100.0,977.3,100,27.5667,72.0667,1.2888303942584185
2024-08-01 20:00:00+05:30,0.0,0.0,0.0,30.4,13.8,72.0,100.0,977.8,100,27.5667,72.0667,0.0
2024-08-01 21:00:00+05:30,0.0,0.0,0.0,30.0,13.8,74.0,100.0,978.4,100,27.5667,72.0667,0.0
2024-08-01 22:00:00+05:30,0.0,0.0,0.0,29.5,17.3,76.0,100.0,978.6,100,27.5667,72.0667,0.0
2024-08-01 23:00:00+05:30,0.0,0.0,0.0,29.0,20.3,79.0,100.0,978.3,100,27.5667,72.0667,0.0
2024-08-02 00:00:00+05:30,0.0,0.0,0.0,28.8,18.4,80.0,100.0,978.1,100,27.5667,72.0667,0.0
2024-08-02 01:00:00+05:30,0.0,0.0,0.0,28.7,20.6,81.0,100.0,976.9,100,27.5667,72.0667,0.0
2024-08-02 02:00:00+05:30,0.0,0.0,0.0,28.6,18.7,83.0,100.0,976.6,100,27.5667,72.0667,0.0
2024-08-02 03:00:00+05:30,0.0,0.0,0.0,28.0,16.8,86.0,100.0,976.3,100,27.5667,72.0667,0.0
2024-08-02 04:00:00+05:30,0.0,0.0,0.0,27.3,15.4,89.0,100.0,976.3,100,27.5667,72.0667,0.0
2024-08-02 05:00:00+05:30,0.0,0.0,0.0,27.1,14.8,90.0,100.0,976.5,100,27.5667,72.0667,0.0
2024-08-02 06:00:00+05:30,0.0,0.0,0.0,27.9,16.9,88.0,100.0,976.9,100,27.5667,72.0667,0.0
2024-08-02 07:00:00+05:30,15.0,0.0,15.0,27.8,13.7,89.0,100.0,977.1,100,27.5667,72.0667,0.7878208539545875
2024-08-02 08:00:00+05:30,40.0,0.0,40.0,28.1,15.5,88.0,100.0,976.7,100,27.5667,72.0667,3.023254434283584
2024-08-02 09:00:00+05:30,70.0,0.0,70.0,28.0,18.4,87.0,100.0,977.1,100,27.5667,72.0667,5.692903637208003
2024-08-02 10:00:00+05:30,147.0,0.0,147.0,28.6,19.5,86.0,100.0,977.1,100,27.5667,72.0667,12.537106871106682
2024-08-02 11:00:00+05:30,290.0,21.3,271.0,29.2,18.5,83.0,100.0,976.9,100,27.5667,72.0667,24.375827698935918
2024-08-02 12:00:00+05:30,318.0,24.9,294.0,29.3,19.6,82.0,100.0,976.2,100,27.5667,72.0667,28.07313150939375
2024-08-02 13:00:00+05:30,278.0,12.2,266.0,29.3,12.2,81.0,100.0,976.0,100,27.5667,72.0667,23.42944394005837
2024-08-02 14:00:00+05:30,169.0,5.3,164.0,29.3,10.1,81.0,100.0,975.1,100,27.5667,72.0667,14.456229297993705
2024-08-02 15:00:00+05:30,98.0,0.0,98.0,29.0,3.6,83.0,100.0,974.6,100,27.5667,72.0667,7.938133799545731
2024-08-02 16:00:00+05:30,113.0,0.0,113.0,29.4,13.9,82.0,100.0,973.8,100,27.5667,72.0667,9.370014825047074
2024-08-02 17:00:00+05:30,84.0,0.0,84.0,29.2,10.0,84.0,100.0,974.2,100,27.5667,72.0667,6.6534974027923655
2024-08-02 18:00:00+05:30,61.0,0.0,61.0,27.2,8.8,88.0,100.0,974.9,100,27.5667,72.0667,4.6747036137348985
2024-08-02 19:00:00+05:30,11.0,0.0,11.0,27.1,6.3,91.0,100.0,975.5,100,27.5667,72.0667,0.42170129513496774
2024-08-02 20:00:00+05:30,0.0,0.0,0.0,27.1,5.0,91.0,100.0,975.7,100,27.5667,72.0667,0.0
2024-08-02 21:00:00+05:30,0.0,0.0,0.0,27.2,3.6,91.0,100.0,976.2,100,27.5667,72.0667,0.0
2024-08-02 22:00:00+05:30,0.0,0.0,0.0,27.3,5.5,92.0,100.0,976.8,100,27.5667,72.0667,0.0
2024-08-02 23:00:00+05:30,0.0,0.0,0.0,26.9,7.7,94.0,100.0,977.0,100,27.5667,72.0667,0.0
2024-08-03 00:00:00+05:30,0.0,0.0,0.0,26.4,12.9,93.0,100.0,976.9,100,27.5667,72.0667,0.0
2024-08-03 01:00:00+05:30,0.0,0.0,0.0,25.4,18.0,94.0,100.0,976.3,100,27.5667,72.0667,0.0
2024-08-03 02:00:00+05:30,0.0,0.0,0.0,25.6,11.9,93.0,100.0,975.5,100,27.5667,72.0667,0.0
2024-08-03 03:00:00+05:30,0.0,0.0,0.0,25.5,8.6,93.0,100.0,975.1,100,27.5667,72.0667,0.0
2024-08-03 04:00:00+05:30,0.0,0.0,0.0,25.5,8.3,93.0,100.0,975.3,100,27.5667,72.0667,0.0
2024-08-03 05:00:00+05:30,0.0,0.0,0.0,25.6,6.4,93.0,100.0,975.7,100,27.5667,72.0667,0.0
2024-08-03 06:00:00+05:30,1.0,0.0,1.0,26.0,4.2,96.0,100.0,975.4,100,27.5667,72.0667,0.0
2024-08-03 07:00:00+05:30,33.0,0.0,33.0,26.4,2.4,94.0,100.0,976.2,100,27.5667,72.0667,2.3924966603970157
2024-08-03 08:00:00+05:30,72.0,0.0,72.0,27.0,4.5,91.0,100.0,976.5,100,27.5667,72.0667,5.849193007352114
2024-08-03 09:00:00+05:30,192.0,31.8,173.0,27.7,8.4,86.0,95.0,976.9,100,27.5667,72.0667,16.06312409657655
2024-08-03 10:00:00+05:30,430.0,172.5,298.0,28.7,8.3,81.0,92.0,977.0,100,27.5667,72.0667,36.04637782927587
2024-08-03 11:00:00+05:30,480.0,193.3,308.0,29.7,12.4,76.0,79.0,976.7,100,27.5667,72.0667,41.55255959568162
2024-08-03 12:00:00+05:30,594.0,219.1,383.0,30.5,14.9,73.0,47.0,976.5,100,27.5667,72.0667,51.63536221710353
2024-08-03 13:00:00+05:30,718.0,378.4,347.0,31.5,16.0,70.0,31.0,975.9,100,27.5667,72.0667,60.753918416668576
2024-08-03 14:00:00+05:30,642.0,363.7,300.0,31.3,19.2,70.0,97.0,975.4,100,27.5667,72.0667,54.77568040814303
2024-08-03 15:00:00+05:30,484.0,216.5,301.0,31.0,14.4,72.0,89.0,975.0,100,27.5667,72.0667,40.696016156159324
2024-08-03 16:00:00+05:30,375.0,195.1,238.0,30.9,13.9,73.0,18.0,974.7,100,27.5667,72.0667,31.78320297688678
2024-08-03 17:00:00+05:30,309.0,263.1,172.0,30.8,12.4,74.0,16.0,974.5,100,27.5667,72.0667,22.774230319525547
2024-08-03 18:00:00+05:30,150.0,127.8,110.0,30.3,13.0,77.0,65.0,975.7,100,27.5667,72.0667,10.658497067226703
2024-08-03 19:00:00+05:30,30.0,16.1,28.0,29.0,16.9,84.0,63.0,976.2,100,27.5667,72.0667,1.9212911004306916
2024-08-03 20:00:00+05:30,0.0,0.0,0.0,28.0,18.8,88.0,86.0,977.1,100,27.5667,72.0667,0.0
2024-08-03 21:00:00+05:30,0.0,0.0,0.0,27.4,16.4,90.0,37.0,978.1,100,27.5667,72.0667,0.0
2024-08-03 22:00:00+05:30,0.0,0.0,0.0,27.0,17.6,91.0,66.0,978.8,100,27.5667,72.0667,0.0
2024-08-03 23:00:00+05:30,0.0,0.0,0.0,27.0,19.7,91.0,26.0,978.9,100,27.5667,72.0667,0.0
2024-08-04 00:00:00+05:30,0.0,0.0,0.0,26.7,20.7,91.0,68.0,978.5,100,27.5667,72.0667,0.0
2024-08-04 01:00:00+05:30,0.0,0.0,0.0,26.5,21.8,92.0,100.0,977.9,100,27.5667,72.0667,0.0
2024-08-04 02:00:00+05:30,0.0,0.0,0.0,26.4,20.3,92.0,40.0,977.7,100,27.5667,72.0667,0.0
2024-08-04 03:00:00+05:30,0.0,0.0,0.0,26.3,18.1,93.0,86.0,977.7,100,27.5667,72.0667,0.0
2024-08-04 04:00:00+05:30,0.0,0.0,0.0,26.4,14.6,93.0,83.0,978.1,100,27.5667,72.0667,0.0
2024-08-04 05:00:00+05:30,0.0,0.0,0.0,26.3,13.2,93.0,85.0,978.2,100,27.5667,72.0667,0.0
2024-08-04 06:00:00+05:30,3.0,0.0,3.0,26.6,17.6,93.0,55.0,977.9,100,27.5667,72.0667,0.0
2024-08-04 07:00:00+05:30,68.0,55.2,58.0,27.4,18.9,88.0,94.0,978.8,100,27.5667,72.0667,4.5949129748478965
2024-08-04 08:00:00+05:30,183.0,80.5,151.0,28.1,19.7,85.0,53.0,979.5,100,27.5667,72.0667,14.695974010235767
2024-08-04 09:00:00+05:30,327.0,214.5,199.0,28.7,19.1,84.0,55.0,980.2,100,27.5667,72.0667,27.108799303299183
2024-08-04 10:00:00+05:30,421.0,223.8,250.0,29.5,19.1,80.0,100.0,980.6,100,27.5667,72.0667,36.62424539303147
2024-08-04 11:00:00+05:30,296.0,15.7,282.0,29.4,16.9,81.0,81.0,980.4,100,27.5667,72.0667,26.002907288389444
2024-08-04 12:00:00+05:30,698.0,406.3,307.0,30.6,18.8,77.0,22.0,979.9,100,27.5667,72.0667,60.241961666381954
2024-08-04 13:00:00+05:30,754.0,459.4,304.0,31.2,20.3,76.0,17.0,978.9,100,27.5667,72.0667,67.31107494295685
2024-08-04 14:00:00+05:30,742.0,471.6,299.0,31.6,18.7,75.0,9.0,977.9,100,27.5667,72.0667,63.190318971100034
2024-08-04 15:00:00+05:30,655.0,463.2,264.0,31.8,16.8,72.0,19.0,977.5,100,27.5667,72.0667,56.331924263753365
2024-08-04 16:00:00+05:30,486.0,366.7,229.0,31.5,12.4,70.0,76.0,977.3,100,27.5667,72.0667,38.955395701285575
2024-08-04 17:00:00+05:30,221.0,115.6,161.0,31.0,10.9,74.0,79.0,977.4,100,27.5667,72.0667,17.84881928985478
2024-08-04 18:00:00+05:30,150.0,138.3,107.0,30.9,7.6,75.0,22.0,978.2,100,27.5667,72.0667,10.469409388611732
2024-08-04 19:00:00+05:30,31.0,24.4,28.0,29.8,5.7,85.0,43.0,979.1,100,27.5667,72.0667,1.880678864502501
2024-08-04 20:00:00+05:30,0.0,0.0,0.0,28.9,10.6,89.0,47.0,979.8,100,27.5667,72.0667,0.0
2024-08-04 21:00:00+05:30,0.0,0.0,0.0,27.6,13.4,90.0,28.0,980.4,100,27.5667,72.0667,0.0
2024-08-04 22:00:00+05:30,0.0,0.0,0.0,27.0,16.0,91.0,42.0,980.6,100,27.5667,72.0667,0.0
2024-08-04 23:00:00+05:30,0.0,0.0,0.0,27.1,9.5,91.0,57.0,980.6,100,27.5667,72.0667,0.0
2024-08-05 00:00:00+05:30,0.0,0.0,0.0,27.1,10.9,92.0,99.0,980.5,100,27.5667,72.0667,0.0
2024-08-05 01:00:00+05:30,0.0,0.0,0.0,26.9,8.7,92.0,52.0,980.5,100,27.5667,72.0667,0.0
2024-08-05 02:00:00+05:30,0.0,0.0,0.0,26.6,5.9,93.0,39.0,980.0,100,27.5667,72.0667,0.0
2024-08-05 03:00:00+05:30,0.0,0.0,0.0,26.4,3.8,94.0,54.0,979.8,100,27.5667,72.0667,0.0
2024-08-05 04:00:00+05:30,0.0,0.0,0.0,26.2,5.2,94.0,52.0,979.9,100,27.5667,72.0667,0.0
2024-08-05 05:00:00+05:30,0.0,0.0,0.0,26.1,7.6,95.0,73.0,979.9,100,27.5667,72.0667,0.0
2024-08-05 06:00:00+05:30,3.0,0.0,3.0,26.6,3.0,93.0,100.0,981.0,100,27.5667,72.0667,0.0
2024-08-05 07:00:00+05:30,62.0,27.9,57.0,27.0,8.0,92.0,100.0,981.2,100,27.5667,72.0667,4.528757715627892
2024-08-05 08:00:00+05:30,193.0,106.0,151.0,27.8,10.9,88.0,100.0,981.0,100,27.5667,72.0667,15.022501073766726
2024-08-05 09:00:00+05:30,359.0,223.3,226.0,29.1,13.0,83.0,91.0,981.4,100,27.5667,72.0667,29.218579809368425
2024-08-05 10:00:00+05:30,539.0,355.1,268.0,30.4,12.5,80.0,79.0,981.8,100,27.5667,72.0667,44.97992833068286
2024-08-05 11:00:00+05:30,597.0,309.6,322.0,31.5,11.3,75.0,100.0,981.5,100,27.5667,72.0667,50.65586421468621
2024-08-05 12:00:00+05:30,500.0,140.4,365.0,31.8,12.5,71.0,100.0,980.8,100,27.5667,72.0667,42.974085054932935
2024-08-05 13:00:00+05:30,263.0,0.0,263.0,30.0,11.4,79.0,100.0,980.2,100,27.5667,72.0667,21.733145104653865
2024-08-05 14:00:00+05:30,140.0,0.0,140.0,30.2,6.4,80.0,100.0,978.7,100,27.5667,72.0667,11.176727760386505
2024-08-05 15:00:00+05:30,330.0,53.4,285.0,30.8,4.1,78.0,100.0,977.9,100,27.5667,72.0667,27.064150393192104
2024-08-05 16:00:00+05:30,71.0,0.0,71.0,29.2,7.2,84.0,100.0,978.0,100,27.5667,72.0667,5.723043278522732
2024-08-05 17:00:00+05:30,30.0,0.0,30.0,27.4,2.1,94.0,100.0,978.2,100,27.5667,72.0667,2.104021392733292
2024-08-05 18:00:00+05:30,12.0,0.0,12.0,27.7,11.0,88.0,100.0,978.5,100,27.5667,72.0667,0.5074113451659709
2024-08-05 19:00:00+05:30,1.0,0.0,1.0,27.0,18.0,92.0,100.0,978.9,100,27.5667,72.0667,0.0
2024-08-05 20:00:00+05:30,0.0,0.0,0.0,27.3,16.3,91.0,100.0,979.1,100,27.5667,72.0667,0.0
2024-08-05 21:00:00+05:30,0.0,0.0,0.0,27.0,12.9,93.0,100.0,979.7,100,27.5667,72.0667,0.0
2024-08-05 22:00:00+05:30,0.0,0.0,0.0,26.8,16.4,93.0,100.0,980.0,100,27.5667,72.0667,0.0
2024-08-05 23:00:00+05:30,0.0,0.0,0.0,26.5,16.8,93.0,100.0,979.8,100,27.5667,72.0667,0.0
2024-08-06 00:00:00+05:30,0.0,0.0,0.0,26.6,15.0,93.0,100.0,979.2,100,27.5667,72.0667,0.0
2024-08-06 01:00:00+05:30,0.0,0.0,0.0,26.5,20.9,94.0,100.0,978.4,100,27.5667,72.0667,0.0
2024-08-06 02:00:00+05:30,0.0,0.0,0.0,26.6,21.3,94.0,100.0,977.4,100,27.5667,72.0667,0.0
2024-08-06 03:00:00+05:30,0.0,0.0,0.0,26.5,25.4,95.0,100.0,977.2,100,27.5667,72.0667,0.0
2024-08-06 04:00:00+05:30,0.0,0.0,0.0,26.4,22.5,95.0,100.0,977.3,100,27.5667,72.0667,0.0
2024-08-06 05:00:00+05:30,0.0,0.0,0.0,26.5,19.1,94.0,100.0,977.8,100,27.5667,72.0667,0.0
2024-08-06 06:00:00+05:30,1.0,0.0,1.0,26.1,16.1,90.0,95.0,979.1,100,27.5667,72.0667,0.0
2024-08-06 07:00:00+05:30,43.0,16.9,40.0,26.5,19.8,90.0,92.0,979.7,100,27.5667,72.0667,3.0459454237191093
2024-08-06 08:00:00+05:30,178.0,126.6,128.0,27.2,19.3,88.0,63.0,979.7,100,27.5667,72.0667,13.641385001980389
2024-08-06 09:00:00+05:30,318.0,181.7,210.0,27.9,23.3,87.0,89.0,979.6,100,27.5667,72.0667,25.870371045287257
2024-08-06 10:00:00+05:30,270.0,76.1,212.0,28.5,20.2,85.0,93.0,979.9,100,27.5667,72.0667,23.26251903331518
2024-08-06 11:00:00+05:30,341.0,93.5,258.0,28.1,19.6,84.0,94.0,979.5,100,27.5667,72.0667,29.859781269069604
2024-08-06 12:00:00+05:30,438.0,171.7,273.0,29.0,24.7,83.0,98.0,979.4,100,27.5667,72.0667,37.69273988208158
2024-08-06 13:00:00+05:30,518.0,142.2,379.0,29.4,28.4,81.0,100.0,978.9,100,27.5667,72.0667,45.78824906366359
2024-08-06 14:00:00+05:30,461.0,157.9,313.0,28.8,29.5,80.0,87.0,978.4,100,27.5667,72.0667,39.02305771562482
2024-08-06 15:00:00+05:30,342.0,93.9,263.0,28.9,29.7,78.0,76.0,977.6,100,27.5667,72.0667,29.74923775369787
2024-08-06 16:00:00+05:30,386.0,200.7,246.0,29.5,27.2,78.0,88.0,977.4,100,27.5667,72.0667,31.820986700654316
2024-08-06 17:00:00+05:30,262.0,153.4,183.0,29.4,24.9,78.0,97.0,977.1,100,27.5667,72.0667,21.510916189027363
2024-08-06 18:00:00+05:30,92.0,42.4,79.0,27.9,22.6,86.0,38.0,977.4,100,27.5667,72.0667,7.008796890402934
2024-08-06 19:00:00+05:30,28.0,16.6,26.0,27.4,20.6,88.0,42.0,977.8,100,27.5667,72.0667,1.738910008231711
2024-08-06 20:00:00+05:30,0.0,0.0,0.0,27.3,19.2,88.0,47.0,978.6,100,27.5667,72.0667,0.0
2024-08-06 21:00:00+05:30,0.0,0.0,0.0,26.8,21.7,90.0,96.0,979.4,100,27.5667,72.0667,0.0
2024-08-06 22:00:00+05:30,0.0,0.0,0.0,26.6,24.6,90.0,100.0,979.7,100,27.5667,72.0667,0.0
2024-08-06 23:00:00+05:30,0.0,0.0,0.0,26.5,24.1,90.0,70.0,979.5,100,27.5667,72.0667,0.0
2024-08-07 00:00:00+05:30,0.0,0.0,0.0,26.3,23.0,90.0,79.0,979.5,100,27.5667,72.0667,0.0
2024-08-07 01:00:00+05:30,0.0,0.0,0.0,26.3,21.9,91.0,98.0,979.2,100,27.5667,72.0667,0.0
2024-08-07 02:00:00+05:30,0.0,0.0,0.0,26.3,22.9,92.0,93.0,978.8,100,27.5667,72.0667,0.0
2024-08-07 03:00:00+05:30,0.0,0.0,0.0,26.3,23.0,91.0,80.0,978.6,100,27.5667,72.0667,0.0
2024-08-07 04:00:00+05:30,0.0,0.0,0.0,26.1,22.4,91.0,35.0,978.8,100,27.5667,72.0667,0.0
2024-08-07 05:00:00+05:30,0.0,0.0,0.0,25.9,21.2,91.0,28.0,979.0,100,27.5667,72.0667,0.0
2024-08-07 06:00:00+05:30,3.0,0.0,3.0,26.1,21.0,92.0,96.0,979.4,100,27.5667,72.0667,0.0
2024-08-07 07:00:00+05:30,67.0,45.4,59.0,26.6,23.0,89.0,97.0,979.9,100,27.5667,72.0667,4.755795487832845
2024-08-07 08:00:00+05:30,197.0,127.0,147.0,27.4,27.4,85.0,100.0,980.4,100,27.5667,72.0667,14.816775852254262
2024-08-07 09:00:00+05:30,298.0,99.4,239.0,28.4,27.2,80.0,100.0,980.3,100,27.5667,72.0667,24.259167458597457
2024-08-07 10:00:00+05:30,398.0,97.2,324.0,29.4,25.8,76.0,100.0,980.6,100,27.5667,72.0667,33.31937380030715
2024-08-07 11:00:00+05:30,459.0,95.9,374.0,29.9,23.4,75.0,63.0,980.6,100,27.5667,72.0667,40.56036259122126
2024-08-07 12:00:00+05:30,671.0,275.0,407.0,30.9,22.7,71.0,100.0,980.3,100,27.5667,72.0667,58.61180113227286
2024-08-07 13:00:00+05:30,640.0,261.1,385.0,31.2,23.2,69.0,97.0,980.0,100,27.5667,72.0667,54.63291035912422
2024-08-07 14:00:00+05:30,591.0,275.7,333.0,31.7,21.7,69.0,92.0,979.4,100,27.5667,72.0667,50.88933640974177
2024-08-07 15:00:00+05:30,590.0,366.6,282.0,32.1,22.0,66.0,95.0,978.7,100,27.5667,72.0667,50.8488136623577
2024-08-07 16:00:00+05:30,495.0,385.1,227.0,31.9,21.0,67.0,86.0,978.2,100,27.5667,72.0667,40.636277255579095
2024-08-07 17:00:00+05:30,263.0,173.5,174.0,31.4,18.4,72.0,99.0,978.3,100,27.5667,72.0667,21.099599010966372
2024-08-07 18:00:00+05:30,133.0,92.1,105.0,29.8,17.4,78.0,100.0,979.1,100,27.5667,72.0667,9.713770280388626
2024-08-07 19:00:00+05:30,29.0,16.8,27.0,28.7,17.7,83.0,100.0,979.6,100,27.5667,72.0667,1.8156109540926983
2024-08-07 20:00:00+05:30,0.0,0.0,0.0,28.0,20.3,86.0,100.0,980.3,100,27.5667,72.0667,0.0
2024-08-07 21:00:00+05:30,0.0,0.0,0.0,27.6,18.9,86.0,100.0,981.5,100,27.5667,72.0667,0.0
2024-08-07 22:00:00+05:30,0.0,0.0,0.0,27.4,18.5,87.0,100.0,981.6,100,27.5667,72.0667,0.0
2024-08-07 23:00:00+05:30,0.0,0.0,0.0,27.2,19.5,87.0,100.0,981.4,100,27.5667,72.0667,0.0
2024-08-08 00:00:00+05:30,0.0,0.0,0.0,27.0,18.9,88.0,97.0,981.2,100,27.5667,72.0667,0.0
2024-08-08 01:00:00+05:30,0.0,0.0,0.0,26.8,17.7,88.0,97.0,980.6,100,27.5667,72.0667,0.0
2024-08-08 02:00:00+05:30,0.0,0.0,0.0,26.4,17.3,89.0,72.0,980.4,100,27.5667,72.0667,0.0
2024-08-08 03:00:00+05:30,0.0,0.0,0.0,26.2,16.8,90.0,55.0,980.7,100,27.5667,72.0667,0.0
2024-08-08 04:00:00+05:30,0.0,0.0,0.0,25.9,17.1,90.0,59.0,980.9,100,27.5667,72.0667,0.0
2024-08-08 05:00:00+05:30,0.0,0.0,0.0,25.6,17.1,91.0,96.0,981.2,100,27.5667,72.0667,0.0
2024-08-08 06:00:00+05:30,3.0,0.0,3.0,26.0,18.8,90.0,37.0,980.9,100,27.5667,72.0667,0.0
2024-08-08 07:00:00+05:30,73.0,74.5,60.0,26.3,17.9,90.0,34.0,981.7,100,27.5667,72.0667,4.799704305786327
2024-08-08 08:00:00+05:30,225.0,219.2,139.0,27.2,24.0,85.0,82.0,982.3,100,27.5667,72.0667,16.769385218452506
2024-08-08 09:00:00+05:30,405.0,327.6,211.0,28.2,21.7,79.0,83.0,983.1,100,27.5667,72.0667,32.52358421258517
2024-08-08 10:00:00+05:30,522.0,260.4,324.0,29.4,18.3,75.0,100.0,982.9,100,27.5667,72.0667,43.87855621322748
2024-08-08 11:00:00+05:30,563.0,188.6,396.0,30.3,19.4,71.0,98.0,982.8,100,27.5667,72.0667,47.57128701748668
2024-08-08 12:00:00+05:30,676.0,272.2,415.0,31.2,16.1,68.0,100.0,982.5,100,27.5667,72.0667,57.414228723935665
2024-08-08 13:00:00+05:30,649.0,263.4,392.0,31.7,17.6,65.0,100.0,981.6,100,27.5667,72.0667,55.41931556348836
2024-08-08 14:00:00+05:30,582.0,187.2,407.0,32.0,18.5,64.0,100.0,980.9,100,27.5667,72.0667,49.1423935212758
2024-08-08 15:00:00+05:30,529.0,183.6,375.0,32.2,19.1,65.0,100.0,980.3,100,27.5667,72.0667,44.84462912334341
2024-08-08 16:00:00+05:30,298.0,60.5,256.0,31.8,16.6,67.0,100.0,980.2,100,27.5667,72.0667,25.290677694101145
2024-08-08 17:00:00+05:30,225.0,66.6,191.0,31.3,16.5,72.0,100.0,980.0,100,27.5667,72.0667,18.100342469645373
2024-08-08 18:00:00+05:30,103.0,16.6,98.0,30.4,15.1,75.0,100.0,980.5,100,27.5667,72.0667,8.288670468141927
2024-08-08 19:00:00+05:30,26.0,0.0,26.0,29.2,13.7,81.0,99.0,981.2,100,27.5667,72.0667,1.7242101488281605
2024-08-08 20:00:00+05:30,0.0,0.0,0.0,28.6,12.7,84.0,10.0,981.8,100,27.5667,72.0667,0.0
2024-08-08 21:00:00+05:30,0.0,0.0,0.0,28.1,13.9,85.0,35.0,982.5,100,27.5667,72.0667,0.0
2024-08-08 22:00:00+05:30,0.0,0.0,0.0,27.9,14.5,86.0,20.0,982.9,100,27.5667,72.0667,0.0
2024-08-08 23:00:00+05:30,0.0,0.0,0.0,27.5,14.0,87.0,26.0,982.7,100,27.5667,72.0667,0.0
2024-08-09 00:00:00+05:30,0.0,0.0,0.0,27.2,13.8,89.0,7.0,982.4,100,27.5667,72.0667,0.0
2024-08-09 01:00:00+05:30,0.0,0.0,0.0,26.8,13.6,90.0,6.0,982.1,100,27.5667,72.0667,0.0
2024-08-09 02:00:00+05:30,0.0,0.0,0.0,26.7,13.9,90.0,8.0,982.1,100,27.5667,72.0667,0.0
2024-08-09 03:00:00+05:30,0.0,0.0,0.0,26.5,16.9,91.0,34.0,982.0,100,27.5667,72.0667,0.0
2024-08-09 04:00:00+05:30,0.0,0.0,0.0,26.5,14.9,91.0,47.0,982.4,100,27.5667,72.0667,0.0
2024-08-09 05:00:00+05:30,0.0,0.0,0.0,26.4,15.0,91.0,25.0,982.7,100,27.5667,72.0667,0.0
2024-08-09 06:00:00+05:30,2.0,0.0,2.0,26.7,12.7,91.0,41.0,982.8,100,27.5667,72.0667,0.0
2024-08-09 07:00:00+05:30,73.0,75.2,60.0,27.2,14.8,90.0,56.0,983.3,100,27.5667,72.0667,4.824253109295109
2024-08-09 08:00:00+05:30,229.0,227.7,140.0,27.9,17.8,86.0,35.0,983.7,100,27.5667,72.0667,17.012451365782344
2024-08-09 09:00:00+05:30,416.0,362.1,202.0,28.9,18.3,83.0,91.0,984.2,100,27.5667,72.0667,34.17738931517879
2024-08-09 10:00:00+05:30,435.0,180.4,298.0,29.6,16.4,80.0,86.0,984.2,100,27.5667,72.0667,36.97386734970233
2024-08-09 11:00:00+05:30,611.0,288.3,356.0,30.8,15.5,76.0,89.0,983.8,100,27.5667,72.0667,51.19963783238133
2024-08-09 12:00:00+05:30,576.0,186.8,397.0,31.5,15.7,72.0,73.0,983.4,100,27.5667,72.0667,49.156467093176246
2024-08-09 13:00:00+05:30,707.0,363.2,353.0,32.2,14.5,69.0,90.0,982.7,100,27.5667,72.0667,59.60881912230037
2024-08-09 14:00:00+05:30,683.0,370.7,337.0,32.5,12.2,67.0,81.0,982.2,100,27.5667,72.0667,57.18486669974315
2024-08-09 15:00:00+05:30,548.0,284.3,310.0,32.6,13.8,66.0,29.0,981.6,100,27.5667,72.0667,46.40359514646994
2024-08-09 16:00:00+05:30,482.0,382.8,217.0,32.6,14.6,66.0,58.0,980.8,100,27.5667,72.0667,38.904580805377016
2024-08-09 17:00:00+05:30,281.0,222.2,168.0,31.8,15.6,69.0,77.0,981.0,100,27.5667,72.0667,22.2344904081076
2024-08-09 18:00:00+05:30,108.0,60.2,90.0,31.2,9.5,77.0,95.0,981.3,100,27.5667,72.0667,8.208270710274382
2024-08-09 19:00:00+05:30,16.0,0.0,16.0,30.4,8.4,81.0,100.0,981.9,100,27.5667,72.0667,0.8498784291456923
2024-08-09 20:00:00+05:30,0.0,0.0,0.0,29.8,7.4,83.0,100.0,982.3,100,27.5667,72.0667,0.0
2024-08-09 21:00:00+05:30,0.0,0.0,0.0,29.5,11.9,83.0,100.0,982.5,100,27.5667,72.0667,0.0
2024-08-09 22:00:00+05:30,0.0,0.0,0.0,28.9,13.7,86.0,100.0,982.7,100,27.5667,72.0667,0.0
2024-08-09 23:00:00+05:30,0.0,0.0,0.0,28.3,18.0,88.0,100.0,982.7,100,27.5667,72.0667,0.0
2024-08-10 00:00:00+05:30,0.0,0.0,0.0,27.8,21.1,87.0,100.0,982.3,100,27.5667,72.0667,0.0
2024-08-10 01:00:00+05:30,0.0,0.0,0.0,27.5,19.8,89.0,100.0,981.8,100,27.5667,72.0667,0.0
2024-08-10 02:00:00+05:30,0.0,0.0,0.0,27.0,19.0,90.0,99.0,981.3,100,27.5667,72.0667,0.0
2024-08-10 03:00:00+05:30,0.0,0.0,0.0,26.7,18.5,92.0,100.0,981.3,100,27.5667,72.0667,0.0
2024-08-10 04:00:00+05:30,0.0,0.0,0.0,26.6,16.9,92.0,98.0,981.5,100,27.5667,72.0667,0.0
2024-08-10 05:00:00+05:30,0.0,0.0,0.0,26.3,16.3,93.0,100.0,981.8,100,27.5667,72.0667,0.0
2024-08-10 06:00:00+05:30,2.0,0.0,2.0,26.8,16.3,90.0,100.0,982.4,100,27.5667,72.0667,0.0
2024-08-10 07:00:00+05:30,71.0,58.4,61.0,27.2,17.1,89.0,99.0,982.6,100,27.5667,72.0667,5.037364566574432
2024-08-10 08:00:00+05:30,227.0,220.8,141.0,27.9,19.4,86.0,99.0,983.0,100,27.5667,72.0667,16.707940656213832
2024-08-10 09:00:00+05:30,383.0,284.8,215.0,28.8,18.9,84.0,100.0,983.1,100,27.5667,72.0667,31.17185568959671
2024-08-10 10:00:00+05:30,506.0,279.5,294.0,29.9,20.4,80.0,99.0,983.3,100,27.5667,72.0667,42.73521024283338
2024-08-10 11:00:00+05:30,617.0,301.0,351.0,30.9,21.3,77.0,89.0,983.0,100,27.5667,72.0667,53.46246640678253
2024-08-10 12:00:00+05:30,808.0,532.9,298.0,32.1,22.0,74.0,37.0,982.3,100,27.5667,72.0667,70.81401845391815
2024-08-10 13:00:00+05:30,825.0,542.3,297.0,32.6,23.7,71.0,22.0,981.5,100,27.5667,72.0667,70.9624909659818
2024-08-10 14:00:00+05:30,758.0,507.4,285.0,32.9,22.2,68.0,56.0,980.6,100,27.5667,72.0667,65.53999351587146
2024-08-10 15:00:00+05:30,638.0,434.5,275.0,33.1,21.4,67.0,64.0,979.8,100,27.5667,72.0667,55.41007961690947
2024-08-10 16:00:00+05:30,455.0,341.9,219.0,33.0,20.2,66.0,49.0,979.2,100,27.5667,72.0667,37.963610656291955
2024-08-10 17:00:00+05:30,319.0,286.4,174.0,32.8,19.8,67.0,85.0,979.2,100,27.5667,72.0667,24.85366011464347
2024-08-10 18:00:00+05:30,136.0,104.7,105.0,31.8,15.7,70.0,100.0,980.2,100,27.5667,72.0667,9.811311550931828
2024-08-10 19:00:00+05:30,26.0,17.4,24.0,30.4,16.4,77.0,99.0,980.1,100,27.5667,72.0667,1.550847673643576
2024-08-10 20:00:00+05:30,0.0,0.0,0.0,29.6,15.6,80.0,100.0,980.6,100,27.5667,72.0667,0.0
2024-08-10 21:00:00+05:30,0.0,0.0,0.0,29.2,14.1,82.0,100.0,981.2,100,27.5667,72.0667,0.0
2024-08-10 22:00:00+05:30,0.0,0.0,0.0,28.6,15.1,85.0,100.0,981.5,100,27.5667,72.0667,0.0
2024-08-10 23:00:00+05:30,0.0,0.0,0.0,28.3,17.7,85.0,100.0,981.1,100,27.5667,72.0667,0.0
2024-08-11 00:00:00+05:30,0.0,0.0,0.0,27.9,20.2,85.0,98.0,980.3,100,27.5667,72.0667,0.0
2024-08-11 01:00:00+05:30,0.0,0.0,0.0,27.5,22.0,87.0,21.0,979.6,100,27.5667,72.0667,0.0
2024-08-11 02:00:00+05:30,0.0,0.0,0.0,27.2,21.6,88.0,75.0,979.2,100,27.5667,72.0667,0.0
2024-08-11 03:00:00+05:30,0.0,0.0,0.0,27.2,22.5,89.0,2.0,979.4,100,27.5667,72.0667,0.0
2024-08-11 04:00:00+05:30,0.0,0.0,0.0,27.0,20.2,90.0,3.0,979.7,100,27.5667,72.0667,0.0
2024-08-11 05:00:00+05:30,0.0,0.0,0.0,26.6,19.0,91.0,25.0,980.1,100,27.5667,72.0667,0.0
2024-08-11 06:00:00+05:30,2.0,0.0,2.0,26.8,18.1,92.0,73.0,979.7,100,27.5667,72.0667,0.0
2024-08-11 07:00:00+05:30,72.0,82.6,58.0,27.1,19.2,89.0,100.0,980.4,100,27.5667,72.0667,4.705389692574241
2024-08-11 08:00:00+05:30,226.0,221.6,140.0,27.8,23.9,86.0,86.0,980.3,100,27.5667,72.0667,17.240267691062463
2024-08-11 09:00:00+05:30,419.0,380.5,195.0,29.0,25.0,81.0,34.0,980.6,100,27.5667,72.0667,34.278199357550044
2024-08-11 10:00:00+05:30,597.0,472.7,239.0,30.3,23.9,75.0,40.0,981.0,100,27.5667,72.0667,51.126845102056336
2024-08-11 11:00:00+05:30,723.0,509.8,273.0,32.0,24.5,66.0,22.0,980.6,100,27.5667,72.0667,64.74451620169629
2024-08-11 12:00:00+05:30,794.0,513.6,303.0,32.9,25.6,62.0,38.0,979.8,100,27.5667,72.0667,69.36785805707069
2024-08-11 13:00:00+05:30,780.0,440.1,352.0,33.3,24.2,60.0,100.0,979.3,100,27.5667,72.0667,66.72214820061052
2024-08-11 14:00:00+05:30,540.0,207.4,347.0,33.2,23.1,58.0,100.0,978.7,100,27.5667,72.0667,45.17474000308315
2024-08-11 15:00:00+05:30,567.0,314.2,305.0,33.6,22.6,57.0,100.0,977.9,100,27.5667,72.0667,48.21533139318078
2024-08-11 16:00:00+05:30,425.0,242.6,258.0,33.2,23.4,59.0,99.0,977.5,100,27.5667,72.0667,35.47944055983995
2024-08-11 17:00:00+05:30,309.0,259.9,178.0,32.9,22.4,61.0,100.0,977.2,100,27.5667,72.0667,23.537632357472884
2024-08-11 18:00:00+05:30,155.0,173.8,104.0,31.8,13.7,68.0,99.0,978.4,100,27.5667,72.0667,10.333318128077282
2024-08-11 19:00:00+05:30,28.0,26.4,25.0,30.3,14.2,75.0,100.0,979.1,100,27.5667,72.0667,1.6256042433279603
2024-08-11 20:00:00+05:30,0.0,0.0,0.0,29.6,13.9,79.0,100.0,979.6,100,27.5667,72.0667,0.0
2024-08-11 21:00:00+05:30,0.0,0.0,0.0,28.9,13.8,83.0,100.0,980.1,100,27.5667,72.0667,0.0
2024-08-11 22:00:00+05:30,0.0,0.0,0.0,28.4,15.4,83.0,100.0,980.2,100,27.5667,72.0667,0.0
2024-08-11 23:00:00+05:30,0.0,0.0,0.0,28.0,15.5,86.0,100.0,980.4,100,27.5667,72.0667,0.0
2024-08-12 00:00:00+05:30,0.0,0.0,0.0,27.6,15.8,87.0,100.0,980.2,100,27.5667,72.0667,0.0
2024-08-12 01:00:00+05:30,0.0,0.0,0.0,27.3,14.1,89.0,100.0,980.2,100,27.5667,72.0667,0.0
2024-08-12 02:00:00+05:30,0.0,0.0,0.0,27.0,13.7,90.0,100.0,980.1,100,27.5667,72.0667,0.0
2024-08-12 03:00:00+05:30,0.0,0.0,0.0,26.8,12.4,91.0,100.0,980.2,100,27.5667,72.0667,0.0
2024-08-12 04:00:00+05:30,0.0,0.0,0.0,26.5,12.9,92.0,100.0,980.6,100,27.5667,72.0667,0.0
2024-08-12 05:00:00+05:30,0.0,0.0,0.0,26.4,13.2,93.0,96.0,980.9,100,27.5667,72.0667,0.0
2024-08-12 06:00:00+05:30,2.0,0.0,2.0,26.6,13.7,92.0,98.0,981.2,100,27.5667,72.0667,0.0
2024-08-12 07:00:00+05:30,70.0,59.6,60.0,27.1,13.8,90.0,91.0,982.0,100,27.5667,72.0667,4.759839144480234
2024-08-12 08:00:00+05:30,232.0,245.6,137.0,28.1,17.4,85.0,86.0,982.1,100,27.5667,72.0667,17.350744811823333
2024-08-12 09:00:00+05:30,428.0,406.8,189.0,29.2,15.3,80.0,2.0,982.6,100,27.5667,72.0667,36.12903920652588
2024-08-12 10:00:00+05:30,610.0,506.4,227.0,30.7,13.5,73.0,31.0,983.0,100,27.5667,72.0667,51.48966152028068
2024-08-12 11:00:00+05:30,692.0,471.9,276.0,31.4,10.9,69.0,16.0,983.0,100,27.5667,72.0667,58.71578719648588
2024-08-12 12:00:00+05:30,774.0,499.5,297.0,32.1,10.2,66.0,39.0,982.6,100,27.5667,72.0667,64.97491389496777
2024-08-12 13:00:00+05:30,748.0,478.8,283.0,32.7,11.4,63.0,25.0,982.1,100,27.5667,72.0667,64.67211747529251
2024-08-12 14:00:00+05:30,767.0,513.3,290.0,33.3,12.1,60.0,9.0,981.2,100,27.5667,72.0667,65.39139375084862
2024-08-12 15:00:00+05:30,668.0,497.5,254.0,33.9,12.9,57.0,11.0,980.2,100,27.5667,72.0667,54.985333928589114
2024-08-12 16:00:00+05:30,515.0,438.6,214.0,34.1,13.8,56.0,19.0,979.8,100,27.5667,72.0667,42.95667606492133
2024-08-12 17:00:00+05:30,336.0,338.9,166.0,33.8,13.7,56.0,47.0,979.7,100,27.5667,72.0667,26.49241026231459
2024-08-12 18:00:00+05:30,154.0,178.9,102.0,33.3,9.0,61.0,82.0,980.5,100,27.5667,72.0667,10.298220933679922
2024-08-12 19:00:00+05:30,26.0,26.7,23.0,31.5,5.6,74.0,74.0,980.5,100,27.5667,72.0667,1.4199333093838917
2024-08-12 20:00:00+05:30,0.0,0.0,0.0,30.7,8.9,76.0,40.0,981.4,100,27.5667,72.0667,0.0
2024-08-12 21:00:00+05:30,0.0,0.0,0.0,29.9,1.6,84.0,53.0,982.1,100,27.5667,72.0667,0.0
2024-08-12 22:00:00+05:30,0.0,0.0,0.0,28.8,7.4,86.0,17.0,982.3,100,27.5667,72.0667,0.0
2024-08-12 23:00:00+05:30,0.0,0.0,0.0,28.0,10.5,90.0,26.0,982.3,100,27.5667,72.0667,0.0
2024-08-13 00:00:00+05:30,0.0,0.0,0.0,27.6,10.5,89.0,46.0,982.2,100,27.5667,72.0667,0.0
2024-08-13 01:00:00+05:30,0.0,0.0,0.0,27.5,6.5,90.0,27.0,981.8,100,27.5667,72.0667,0.0
2024-08-13 02:00:00+05:30,0.0,0.0,0.0,27.6,8.5,89.0,20.0,981.7,100,27.5667,72.0667,0.0
2024-08-13 03:00:00+05:30,0.0,0.0,0.0,27.4,10.1,88.0,21.0,981.6,100,27.5667,72.0667,0.0
2024-08-13 04:00:00+05:30,0.0,0.0,0.0,27.1,10.5,88.0,17.0,981.8,100,27.5667,72.0667,0.0
2024-08-13 05:00:00+05:30,0.0,0.0,0.0,26.9,12.5,90.0,26.0,982.3,100,27.5667,72.0667,0.0
2024-08-13 06:00:00+05:30,2.0,0.0,2.0,27.0,12.7,89.0,6.0,982.9,100,27.5667,72.0667,0.0
2024-08-13 07:00:00+05:30,71.0,84.3,57.0,27.6,12.5,87.0,0.0,983.4,100,27.5667,72.0667,4.515034531527022
2024-08-13 08:00:00+05:30,230.0,246.5,135.0,28.9,14.8,83.0,0.0,984.0,100,27.5667,72.0667,17.172288190771777
2024-08-13 09:00:00+05:30,421.0,394.0,190.0,30.7,15.3,74.0,1.0,984.4,100,27.5667,72.0667,34.78663105407651
2024-08-13 10:00:00+05:30,599.0,491.2,228.0,32.2,14.3,66.0,2.0,984.5,100,27.5667,72.0667,50.3105431460474
2024-08-13 11:00:00+05:30,736.0,545.1,256.0,33.4,11.7,60.0,11.0,984.3,100,27.5667,72.0667,63.15881835298257
2024-08-13 12:00:00+05:30,784.0,527.3,281.0,34.2,10.5,57.0,11.0,983.4,100,27.5667,72.0667,67.04574615564762
2024-08-13 13:00:00+05:30,822.0,565.0,274.0,35.0,10.1,55.0,11.0,982.4,100,27.5667,72.0667,70.14604340060633
2024-08-13 14:00:00+05:30,762.0,538.9,262.0,35.6,10.9,53.0,21.0,981.6,100,27.5667,72.0667,64.626706487941
2024-08-13 15:00:00+05:30,651.0,499.8,236.0,35.9,11.6,51.0,90.0,980.8,100,27.5667,72.0667,53.00288654417998
2024-08-13 16:00:00+05:30,492.0,407.8,213.0,36.1,13.1,50.0,91.0,980.3,100,27.5667,72.0667,39.47571902728928
2024-08-13 17:00:00+05:30,206.0,116.2,148.0,35.4,10.8,51.0,31.0,980.1,100,27.5667,72.0667,16.840850059228043
2024-08-13 18:00:00+05:30,114.0,76.4,92.0,29.4,8.6,75.0,100.0,982.5,100,27.5667,72.0667,8.323569934548575
2024-08-13 19:00:00+05:30,10.0,0.0,10.0,29.1,3.3,77.0,100.0,982.6,100,27.5667,72.0667,0.32479119918260696
2024-08-13 20:00:00+05:30,0.0,0.0,0.0,28.2,11.4,83.0,100.0,983.8,100,27.5667,72.0667,0.0
2024-08-13 21:00:00+05:30,0.0,0.0,0.0,27.4,11.1,88.0,100.0,983.6,100,27.5667,72.0667,0.0
2024-08-13 22:00:00+05:30,0.0,0.0,0.0,27.4,10.5,90.0,100.0,983.8,100,27.5667,72.0667,0.0
2024-08-13 23:00:00+05:30,0.0,0.0,0.0,27.5,12.2,90.0,100.0,983.6,100,27.5667,72.0667,0.0
2024-08-14 00:00:00+05:30,0.0,0.0,0.0,27.5,10.9,90.0,100.0,983.1,100,27.5667,72.0667,0.0
2024-08-14 01:00:00+05:30,0.0,0.0,0.0,27.3,12.1,90.0,100.0,982.6,100,27.5667,72.0667,0.0
2024-08-14 02:00:00+05:30,0.0,0.0,0.0,26.9,18.9,89.0,67.0,982.5,100,27.5667,72.0667,0.0
2024-08-14 03:00:00+05:30,0.0,0.0,0.0,26.6,8.2,91.0,100.0,982.4,100,27.5667,72.0667,0.0
2024-08-14 04:00:00+05:30,0.0,0.0,0.0,27.0,8.4,90.0,100.0,982.1,100,27.5667,72.0667,0.0
2024-08-14 05:00:00+05:30,0.0,0.0,0.0,27.1,8.7,91.0,99.0,982.7,100,27.5667,72.0667,0.0
2024-08-14 06:00:00+05:30,2.0,0.0,2.0,27.5,12.5,86.0,97.0,983.6,100,27.5667,72.0667,0.0
2024-08-14 07:00:00+05:30,62.0,42.6,55.0,27.9,11.8,86.0,99.0,984.1,100,27.5667,72.0667,4.293663899428026
2024-08-14 08:00:00+05:30,213.0,177.1,145.0,29.0,14.1,81.0,100.0,984.5,100,27.5667,72.0667,16.40637843932293
2024-08-14 09:00:00+05:30,364.0,249.5,218.0,30.1,16.4,78.0,100.0,984.8,100,27.5667,72.0667,29.781069313644142
2024-08-14 10:00:00+05:30,496.0,281.1,284.0,31.1,15.3,75.0,100.0,985.0,100,27.5667,72.0667,41.56431121855562
2024-08-14 11:00:00+05:30,620.0,316.1,342.0,32.1,14.1,70.0,100.0,984.5,100,27.5667,72.0667,51.92730357768336
2024-08-14 12:00:00+05:30,650.0,258.2,404.0,32.6,14.3,69.0,100.0,983.9,100,27.5667,72.0667,55.530502535408466
2024-08-14 13:00:00+05:30,528.0,149.7,383.0,32.7,14.5,69.0,100.0,982.9,100,27.5667,72.0667,44.697452978389556
2024-08-14 14:00:00+05:30,464.0,112.3,360.0,32.7,15.9,68.0,100.0,982.0,100,27.5667,72.0667,40.120932352365614
2024-08-14 15:00:00+05:30,406.0,107.4,317.0,32.9,15.1,66.0,100.0,981.1,100,27.5667,72.0667,33.7244143194681
2024-08-14 16:00:00+05:30,385.0,151.0,282.0,33.3,12.7,63.0,100.0,980.9,100,27.5667,72.0667,31.279343150607723
2024-08-14 17:00:00+05:30,278.0,163.1,197.0,33.3,12.5,61.0,100.0,980.7,100,27.5667,72.0667,22.270352400752078
2024-08-14 18:00:00+05:30,130.0,87.7,105.0,31.8,10.9,70.0,100.0,981.7,100,27.5667,72.0667,9.66864274209427
2024-08-14 19:00:00+05:30,20.0,0.0,20.0,30.4,12.8,78.0,100.0,981.9,100,27.5667,72.0667,1.2175514619344996
2024-08-14 20:00:00+05:30,0.0,0.0,0.0,29.6,14.3,79.0,100.0,982.6,100,27.5667,72.0667,0.0
2024-08-14 21:00:00+05:30,0.0,0.0,0.0,29.2,16.8,81.0,100.0,982.5,100,27.5667,72.0667,0.0
2024-08-14 22:00:00+05:30,0.0,0.0,0.0,28.7,15.7,81.0,100.0,983.1,100,27.5667,72.0667,0.0
2024-08-14 23:00:00+05:30,0.0,0.0,0.0,28.3,16.6,83.0,100.0,983.2,100,27.5667,72.0667,0.0
2024-08-15 00:00:00+05:30,0.0,0.0,0.0,27.8,16.9,82.0,100.0,982.9,100,27.5667,72.0667,0.0
2024-08-15 01:00:00+05:30,0.0,0.0,0.0,27.4,16.5,85.0,100.0,981.9,100,27.5667,72.0667,0.0
2024-08-15 02:00:00+05:30,0.0,0.0,0.0,27.4,16.1,90.0,100.0,981.7,100,27.5667,72.0667,0.0
2024-08-15 03:00:00+05:30,0.0,0.0,0.0,27.3,15.8,90.0,100.0,981.3,100,27.5667,72.0667,0.0
2024-08-15 04:00:00+05:30,0.0,0.0,0.0,27.2,14.5,90.0,100.0,981.4,100,27.5667,72.0667,0.0
2024-08-15 05:00:00+05:30,0.0,0.0,0.0,27.2,15.3,90.0,81.0,981.4,100,27.5667,72.0667,0.0
2024-08-15 06:00:00+05:30,2.0,0.0,2.0,27.6,17.3,88.0,27.0,982.4,100,27.5667,72.0667,0.0
2024-08-15 07:00:00+05:30,67.0,73.7,55.0,28.2,16.0,86.0,82.0,982.6,100,27.5667,72.0667,4.298438253302583
2024-08-15 08:00:00+05:30,218.0,224.8,132.0,29.3,19.5,81.0,100.0,983.0,100,27.5667,72.0667,16.139367213913843
2024-08-15 09:00:00+05:30,390.0,328.8,198.0,30.4,18.8,77.0,100.0,983.8,100,27.5667,72.0667,31.33010560138682
2024-08-15 10:00:00+05:30,413.0,166.0,288.0,31.1,16.6,75.0,62.0,983.7,100,27.5667,72.0667,34.41073791890624
2024-08-15 11:00:00+05:30,437.0,225.4,239.0,31.1,21.3,74.0,77.0,982.9,100,27.5667,72.0667,37.8111630660738
2024-08-15 12:00:00+05:30,730.0,436.1,315.0,32.7,19.7,69.0,100.0,982.2,100,27.5667,72.0667,62.865322892036914
2024-08-15 13:00:00+05:30,743.0,429.0,328.0,33.4,17.6,65.0,100.0,981.4,100,27.5667,72.0667,62.087067545424084
2024-08-15 14:00:00+05:30,680.0,402.3,308.0,32.5,18.0,66.0,100.0,980.7,100,27.5667,72.0667,57.166184654234904
2024-08-15 15:00:00+05:30,459.0,194.8,298.0,32.6,18.4,68.0,100.0,980.2,100,27.5667,72.0667,38.55314404954825
2024-08-15 16:00:00+05:30,266.0,38.3,240.0,32.7,17.3,67.0,100.0,979.8,100,27.5667,72.0667,22.076728451806005
2024-08-15 17:00:00+05:30,138.0,6.1,135.0,32.2,15.8,70.0,100.0,979.3,100,27.5667,72.0667,11.370369710852485
2024-08-15 18:00:00+05:30,66.0,7.1,64.0,30.1,18.5,78.0,100.0,980.2,100,27.5667,72.0667,5.170320619246076
2024-08-15 19:00:00+05:30,11.0,0.0,11.0,29.1,14.8,83.0,100.0,980.4,100,27.5667,72.0667,0.4114323567370814
2024-08-15 20:00:00+05:30,0.0,0.0,0.0,28.6,13.0,86.0,100.0,981.0,100,27.5667,72.0667,0.0
2024-08-15 21:00:00+05:30,0.0,0.0,0.0,28.1,12.5,87.0,100.0,981.0,100,27.5667,72.0667,0.0
2024-08-15 22:00:00+05:30,0.0,0.0,0.0,27.6,14.3,88.0,100.0,981.7,100,27.5667,72.0667,0.0
2024-08-15 23:00:00+05:30,0.0,0.0,0.0,27.2,20.1,88.0,100.0,981.1,100,27.5667,72.0667,0.0
2024-08-16 00:00:00+05:30,0.0,0.0,0.0,26.5,17.0,89.0,100.0,981.0,100,27.5667,72.0667,0.0
2024-08-16 01:00:00+05:30,0.0,0.0,0.0,26.2,19.0,91.0,100.0,981.1,100,27.5667,72.0667,0.0
2024-08-16 02:00:00+05:30,0.0,0.0,0.0,26.1,18.6,91.0,100.0,980.1,100,27.5667,72.0667,0.0
2024-08-16 03:00:00+05:30,0.0,0.0,0.0,26.2,16.2,90.0,100.0,979.7,100,27.5667,72.0667,0.0
2024-08-16 04:00:00+05:30,0.0,0.0,0.0,26.4,10.8,91.0,100.0,979.9,100,27.5667,72.0667,0.0
2024-08-16 05:00:00+05:30,0.0,0.0,0.0,26.4,11.1,91.0,100.0,979.9,100,27.5667,72.0667,0.0
2024-08-16 06:00:00+05:30,0.0,0.0,0.0,26.4,9.5,92.0,100.0,980.6,100,27.5667,72.0667,0.0
2024-08-16 07:00:00+05:30,5.0,0.0,5.0,26.4,9.2,92.0,100.0,980.9,100,27.5667,72.0667,0.0
2024-08-16 08:00:00+05:30,21.0,2.6,20.0,26.5,11.6,91.0,100.0,981.3,100,27.5667,72.0667,1.2738377839102473
2024-08-16 09:00:00+05:30,32.0,0.0,32.0,26.5,11.9,91.0,100.0,981.7,100,27.5667,72.0667,2.2867095853942985
2024-08-16 10:00:00+05:30,80.0,0.0,80.0,26.7,11.4,89.0,100.0,981.7,100,27.5667,72.0667,6.533798745719426
2024-08-16 11:00:00+05:30,91.0,0.0,91.0,26.6,14.8,91.0,100.0,981.6,100,27.5667,72.0667,7.516058985146335
2024-08-16 12:00:00+05:30,112.0,0.0,112.0,26.7,15.8,90.0,100.0,981.3,100,27.5667,72.0667,9.653638982779755
2024-08-16 13:00:00+05:30,117.0,0.0,117.0,27.0,11.7,88.0,100.0,980.6,100,27.5667,72.0667,9.824256613934491
2024-08-16 14:00:00+05:30,150.0,6.5,144.0,27.3,12.0,87.0,100.0,979.6,100,27.5667,72.0667,12.864561087568715
2024-08-16 15:00:00+05:30,245.0,14.6,233.0,27.8,15.3,86.0,100.0,978.9,100,27.5667,72.0667,21.020713742078158
2024-08-16 16:00:00+05:30,219.0,25.1,202.0,27.6,15.5,86.0,100.0,978.8,100,27.5667,72.0667,18.689596594938084
2024-08-16 17:00:00+05:30,102.0,0.0,102.0,27.2,10.9,88.0,100.0,978.7,100,27.5667,72.0667,8.506136781511886
2024-08-16 18:00:00+05:30,24.0,0.0,24.0,27.2,7.7,88.0,100.0,979.2,100,27.5667,72.0667,1.53922412645765
2024-08-16 19:00:00+05:30,3.0,0.0,3.0,27.0,12.7,90.0,100.0,979.7,100,27.5667,72.0667,0.0
2024-08-16 20:00:00+05:30,0.0,0.0,0.0,26.9,21.4,89.0,100.0,980.1,100,27.5667,72.0667,0.0
2024-08-16 21:00:00+05:30,0.0,0.0,0.0,26.6,18.6,90.0,100.0,980.9,100,27.5667,72.0667,0.0
2024-08-16 22:00:00+05:30,0.0,0.0,0.0,26.4,19.5,91.0,100.0,981.4,100,27.5667,72.0667,0.0
2024-08-16 23:00:00+05:30,0.0,0.0,0.0,26.4,20.4,91.0,100.0,981.2,100,27.5667,72.0667,0.0
2024-08-17 00:00:00+05:30,0.0,0.0,0.0,26.2,19.5,91.0,100.0,981.1,100,27.5667,72.0667,0.0
2024-08-17 01:00:00+05:30,0.0,0.0,0.0,26.1,17.3,92.0,100.0,980.8,100,27.5667,72.0667,0.0
2024-08-17 02:00:00+05:30,0.0,0.0,0.0,26.0,17.1,92.0,100.0,980.5,100,27.5667,72.0667,0.0
2024-08-17 03:00:00+05:30,0.0,0.0,0.0,26.0,17.4,92.0,100.0,980.6,100,27.5667,72.0667,0.0
2024-08-17 04:00:00+05:30,0.0,0.0,0.0,25.8,20.4,93.0,100.0,980.7,100,27.5667,72.0667,0.0
2024-08-17 05:00:00+05:30,0.0,0.0,0.0,25.9,22.0,93.0,100.0,980.6,100,27.5667,72.0667,0.0
2024-08-17 06:00:00+05:30,0.0,0.0,0.0,25.7,14.5,92.0,100.0,981.3,100,27.5667,72.0667,0.0
2024-08-17 07:00:00+05:30,41.0,0.0,41.0,25.9,18.4,90.0,100.0,982.0,100,27.5667,72.0667,3.0907263379682877
2024-08-17 08:00:00+05:30,111.0,7.9,108.0,26.4,20.2,89.0,100.0,982.6,100,27.5667,72.0667,9.420622700911858
2024-08-17 09:00:00+05:30,189.0,75.7,145.0,26.7,22.7,88.0,100.0,983.1,100,27.5667,72.0667,16.09363144128301
2024-08-17 10:00:00+05:30,366.0,103.9,288.0,27.9,25.7,81.0,100.0,983.5,100,27.5667,72.0667,31.34666119363471
2024-08-17 11:00:00+05:30,345.0,41.1,309.0,28.2,26.3,80.0,100.0,983.6,100,27.5667,72.0667,29.633677756376542
2024-08-17 12:00:00+05:30,392.0,43.2,351.0,28.6,26.7,79.0,100.0,983.0,100,27.5667,72.0667,34.240438400021574
2024-08-17 13:00:00+05:30,667.0,287.2,390.0,29.7,29.7,74.0,100.0,982.4,100,27.5667,72.0667,58.48113036555728
2024-08-17 14:00:00+05:30,648.0,315.8,357.0,30.1,29.5,71.0,99.0,981.9,100,27.5667,72.0667,56.95881626921256
2024-08-17 15:00:00+05:30,546.0,283.2,313.0,30.1,28.2,71.0,100.0,981.4,100,27.5667,72.0667,48.580138755018545
2024-08-17 16:00:00+05:30,379.0,205.9,240.0,30.0,25.3,71.0,100.0,981.2,100,27.5667,72.0667,32.79029245731928
2024-08-17 17:00:00+05:30,272.0,186.2,181.0,29.6,20.6,75.0,100.0,981.3,100,27.5667,72.0667,21.34739220706752
2024-08-17 18:00:00+05:30,113.0,79.7,91.0,27.8,15.5,84.0,100.0,982.3,100,27.5667,72.0667,8.267053667973567
2024-08-17 19:00:00+05:30,13.0,0.0,13.0,27.2,13.4,87.0,100.0,983.0,100,27.5667,72.0667,0.6091671231977722
2024-08-17 20:00:00+05:30,0.0,0.0,0.0,26.9,13.4,88.0,100.0,983.5,100,27.5667,72.0667,0.0
2024-08-17 21:00:00+05:30,0.0,0.0,0.0,26.8,14.1,89.0,100.0,984.0,100,27.5667,72.0667,0.0
2024-08-17 22:00:00+05:30,0.0,0.0,0.0,26.6,14.1,89.0,100.0,984.6,100,27.5667,72.0667,0.0
2024-08-17 23:00:00+05:30,0.0,0.0,0.0,26.4,12.9,90.0,100.0,984.7,100,27.5667,72.0667,0.0
2024-08-18 00:00:00+05:30,0.0,0.0,0.0,26.2,12.7,90.0,100.0,984.5,100,27.5667,72.0667,0.0
2024-08-18 01:00:00+05:30,0.0,0.0,0.0,26.2,12.6,91.0,100.0,984.2,100,27.5667,72.0667,0.0
2024-08-18 02:00:00+05:30,0.0,0.0,0.0,26.2,14.2,91.0,100.0,984.2,100,27.5667,72.0667,0.0
2024-08-18 03:00:00+05:30,0.0,0.0,0.0,26.2,14.7,91.0,100.0,983.8,100,27.5667,72.0667,0.0
2024-08-18 04:00:00+05:30,0.0,0.0,0.0,26.1,14.2,91.0,100.0,984.0,100,27.5667,72.0667,0.0
2024-08-18 05:00:00+05:30,0.0,0.0,0.0,26.0,14.0,91.0,100.0,984.2,100,27.5667,72.0667,0.0
2024-08-18 06:00:00+05:30,1.0,0.0,1.0,26.1,17.5,91.0,100.0,984.5,100,27.5667,72.0667,0.0
2024-08-18 07:00:00+05:30,40.0,0.0,40.0,26.5,17.7,90.0,100.0,985.3,100,27.5667,72.0667,2.9271421628592442
2024-08-18 08:00:00+05:30,131.0,31.7,119.0,27.0,19.5,87.0,80.0,985.4,100,27.5667,72.0667,11.172134431586484
2024-08-18 09:00:00+05:30,365.0,265.4,211.0,28.1,22.7,83.0,82.0,985.8,100,27.5667,72.0667,31.200001081151832
2024-08-18 10:00:00+05:30,542.0,389.5,250.0,29.2,23.2,77.0,74.0,985.9,100,27.5667,72.0667,46.82697607238249
2024-08-18 11:00:00+05:30,695.0,466.3,287.0,30.2,22.7,73.0,24.0,985.7,100,27.5667,72.0667,62.344402010902584
2024-08-18 12:00:00+05:30,776.0,524.4,279.0,31.0,20.9,72.0,74.0,985.6,100,27.5667,72.0667,69.5380221983535
2024-08-18 13:00:00+05:30,819.0,562.8,277.0,31.5,20.5,70.0,95.0,985.1,100,27.5667,72.0667,71.61008535938188
2024-08-18 14:00:00+05:30,748.0,516.5,273.0,31.8,19.1,69.0,16.0,984.2,100,27.5667,72.0667,68.06620058176854
2024-08-18 15:00:00+05:30,653.0,498.4,244.0,31.9,19.6,68.0,22.0,983.4,100,27.5667,72.0667,57.52167748721048
2024-08-18 16:00:00+05:30,490.0,425.2,204.0,31.7,19.6,68.0,16.0,982.8,100,27.5667,72.0667,42.00035381306828
2024-08-18 17:00:00+05:30,286.0,267.6,156.0,30.8,17.3,72.0,18.0,982.5,100,27.5667,72.0667,23.433718483131777
2024-08-18 18:00:00+05:30,131.0,146.6,91.0,29.9,10.7,77.0,12.0,983.2,100,27.5667,72.0667,9.208488379653215
2024-08-18 19:00:00+05:30,21.0,19.4,19.0,28.8,7.8,84.0,17.0,983.8,100,27.5667,72.0667,1.1121046690261143
2024-08-18 20:00:00+05:30,0.0,0.0,0.0,28.4,8.8,86.0,10.0,984.2,100,27.5667,72.0667,0.0
2024-08-18 21:00:00+05:30,0.0,0.0,0.0,28.0,10.5,87.0,44.0,984.8,100,27.5667,72.0667,0.0
2024-08-18 22:00:00+05:30,0.0,0.0,0.0,27.7,11.3,87.0,95.0,985.2,100,27.5667,72.0667,0.0
2024-08-18 23:00:00+05:30,0.0,0.0,0.0,27.3,11.0,88.0,99.0,985.6,100,27.5667,72.0667,0.0
2024-08-19 00:00:00+05:30,0.0,0.0,0.0,26.9,9.0,90.0,95.0,985.4,100,27.5667,72.0667,0.0
2024-08-19 01:00:00+05:30,0.0,0.0,0.0,26.6,8.8,91.0,99.0,985.1,100,27.5667,72.0667,0.0
2024-08-19 02:00:00+05:30,0.0,0.0,0.0,26.3,10.1,92.0,98.0,984.8,100,27.5667,72.0667,0.0
2024-08-19 03:00:00+05:30,0.0,0.0,0.0,26.1,10.7,91.0,98.0,984.5,100,27.5667,72.0667,0.0
2024-08-19 04:00:00+05:30,0.0,0.0,0.0,25.9,10.7,91.0,68.0,984.3,100,27.5667,72.0667,0.0
2024-08-19 05:00:00+05:30,0.0,0.0,0.0,25.8,12.9,90.0,6.0,984.1,100,27.5667,72.0667,0.0
2024-08-19 06:00:00+05:30,1.0,0.0,1.0,25.9,12.2,90.0,74.0,985.0,100,27.5667,72.0667,0.0
2024-08-19 07:00:00+05:30,67.0,82.7,54.0,26.4,11.9,90.0,86.0,985.3,100,27.5667,72.0667,4.234211010198712
2024-08-19 08:00:00+05:30,228.0,254.7,132.0,27.5,14.6,86.0,97.0,985.5,100,27.5667,72.0667,16.94299277791876
2024-08-19 09:00:00+05:30,422.0,402.4,189.0,28.6,16.4,81.0,90.0,985.5,100,27.5667,72.0667,34.606069753391544
2024-08-19 10:00:00+05:30,606.0,511.7,223.0,29.8,17.9,76.0,16.0,985.5,100,27.5667,72.0667,53.27919766753978
2024-08-19 11:00:00+05:30,751.0,577.9,246.0,30.7,18.9,71.0,17.0,985.2,100,27.5667,72.0667,68.91364565313675
2024-08-19 12:00:00+05:30,803.0,566.3,267.0,31.6,18.6,66.0,70.0,984.7,100,27.5667,72.0667,70.25097637987304
2024-08-19 13:00:00+05:30,805.0,540.8,285.0,31.8,18.8,65.0,98.0,984.0,100,27.5667,72.0667,69.60995613969469
2024-08-19 14:00:00+05:30,700.0,461.9,276.0,32.1,19.6,63.0,100.0,983.2,100,27.5667,72.0667,60.39241760867079
2024-08-19 15:00:00+05:30,664.0,485.0,267.0,32.5,20.2,60.0,99.0,982.3,100,27.5667,72.0667,56.93088052837381
2024-08-19 16:00:00+05:30,514.0,450.6,212.0,32.4,19.7,60.0,69.0,981.5,100,27.5667,72.0667,43.784999692898076
2024-08-19 17:00:00+05:30,318.0,333.3,157.0,31.9,16.0,64.0,58.0,981.0,100,27.5667,72.0667,24.967308847604045
2024-08-19 18:00:00+05:30,143.0,177.9,95.0,30.8,11.2,72.0,81.0,981.5,100,27.5667,72.0667,9.727051498290637
2024-08-19 19:00:00+05:30,20.0,19.7,18.0,29.3,10.0,80.0,98.0,982.0,100,27.5667,72.0667,1.0069481265554436
2024-08-19 20:00:00+05:30,0.0,0.0,0.0,28.7,9.7,83.0,95.0,982.6,100,27.5667,72.0667,0.0
2024-08-19 21:00:00+05:30,0.0,0.0,0.0,28.2,11.4,85.0,15.0,983.1,100,27.5667,72.0667,0.0
2024-08-19 22:00:00+05:30,0.0,0.0,0.0,27.9,14.4,86.0,1.0,983.6,100,27.5667,72.0667,0.0
2024-08-19 23:00:00+05:30,0.0,0.0,0.0,27.6,15.1,86.0,3.0,983.3,100,27.5667,72.0667,0.0
2024-08-20 00:00:00+05:30,0.0,0.0,0.0,27.3,15.2,88.0,1.0,982.8,100,27.5667,72.0667,0.0
2024-08-20 01:00:00+05:30,0.0,0.0,0.0,26.9,13.8,89.0,1.0,982.5,100,27.5667,72.0667,0.0
2024-08-20 02:00:00+05:30,0.0,0.0,0.0,26.7,14.2,90.0,3.0,982.3,100,27.5667,72.0667,0.0
2024-08-20 03:00:00+05:30,0.0,0.0,0.0,26.5,13.5,91.0,1.0,982.0,100,27.5667,72.0667,0.0
2024-08-20 04:00:00+05:30,0.0,0.0,0.0,26.4,13.4,91.0,1.0,982.0,100,27.5667,72.0667,0.0
2024-08-20 05:00:00+05:30,0.0,0.0,0.0,26.2,13.3,92.0,0.0,982.1,100,27.5667,72.0667,0.0
2024-08-20 06:00:00+05:30,1.0,0.0,1.0,26.4,11.7,91.0,0.0,982.9,100,27.5667,72.0667,0.0
2024-08-20 07:00:00+05:30,67.0,89.5,53.0,26.9,10.0,90.0,1.0,983.4,100,27.5667,72.0667,4.19343168417807
2024-08-20 08:00:00+05:30,228.0,258.3,131.0,27.9,14.4,85.0,5.0,983.6,100,27.5667,72.0667,17.851898928233833
2024-08-20 09:00:00+05:30,419.0,401.6,187.0,29.1,16.7,80.0,0.0,984.1,100,27.5667,72.0667,36.842067846531805
2024-08-20 10:00:00+05:30,602.0,508.5,222.0,30.2,18.5,73.0,25.0,984.4,100,27.5667,72.0667,53.414916880009834
2024-08-20 11:00:00+05:30,656.0,474.4,242.0,30.9,20.2,69.0,15.0,984.3,100,27.5667,72.0667,59.218052251126444
2024-08-20 12:00:00+05:30,765.0,522.6,271.0,32.0,21.5,63.0,10.0,984.0,100,27.5667,72.0667,69.87079744623645
2024-08-20 13:00:00+05:30,820.0,576.0,267.0,32.7,22.0,59.0,3.0,983.4,100,27.5667,72.0667,73.48841679969775
2024-08-20 14:00:00+05:30,784.0,573.1,259.0,33.0,21.8,57.0,4.0,982.7,100,27.5667,72.0667,69.62544453317275
2024-08-20 15:00:00+05:30,666.0,524.2,238.0,33.0,20.9,57.0,13.0,981.9,100,27.5667,72.0667,59.944619161823574
2024-08-20 16:00:00+05:30,500.0,437.3,208.0,32.6,20.1,58.0,10.0,981.4,100,27.5667,72.0667,43.76372155219124
2024-08-20 17:00:00+05:30,318.0,337.4,156.0,32.0,17.2,62.0,5.0,981.3,100,27.5667,72.0667,26.19799939380738
2024-08-20 18:00:00+05:30,139.0,176.3,92.0,31.5,10.0,70.0,31.0,981.8,100,27.5667,72.0667,9.590688632863525
2024-08-20 19:00:00+05:30,19.0,20.0,17.0,30.0,9.8,77.0,16.0,982.2,100,27.5667,72.0667,0.9340783480998565
2024-08-20 20:00:00+05:30,0.0,0.0,0.0,29.2,11.3,77.0,2.0,983.1,100,27.5667,72.0667,0.0
2024-08-20 21:00:00+05:30,0.0,0.0,0.0,28.7,11.6,78.0,2.0,983.9,100,27.5667,72.0667,0.0
2024-08-20 22:00:00+05:30,0.0,0.0,0.0,28.2,12.4,82.0,40.0,984.3,100,27.5667,72.0667,0.0
2024-08-20 23:00:00+05:30,0.0,0.0,0.0,27.8,12.0,85.0,92.0,984.6,100,27.5667,72.0667,0.0
2024-08-21 00:00:00+05:30,0.0,0.0,0.0,27.5,12.4,86.0,45.0,984.5,100,27.5667,72.0667,0.0
2024-08-21 01:00:00+05:30,0.0,0.0,0.0,27.3,11.5,87.0,39.0,984.0,100,27.5667,72.0667,0.0
2024-08-21 02:00:00+05:30,0.0,0.0,0.0,27.0,10.6,88.0,5.0,983.8,100,27.5667,72.0667,0.0
2024-08-21 03:00:00+05:30,0.0,0.0,0.0,26.8,11.6,89.0,14.0,983.8,100,27.5667,72.0667,0.0
2024-08-21 04:00:00+05:30,0.0,0.0,0.0,26.7,11.0,89.0,7.0,983.7,100,27.5667,72.0667,0.0
2024-08-21 05:00:00+05:30,0.0,0.0,0.0,26.6,10.9,89.0,0.0,983.8,100,27.5667,72.0667,0.0
2024-08-21 06:00:00+05:30,1.0,0.0,1.0,26.8,10.5,88.0,1.0,984.3,100,27.5667,72.0667,0.0
2024-08-21 07:00:00+05:30,65.0,89.9,51.0,27.4,10.0,87.0,0.0,984.9,100,27.5667,72.0667,4.1560620737020075
2024-08-21 08:00:00+05:30,226.0,259.3,129.0,28.4,13.8,82.0,7.0,985.3,100,27.5667,72.0667,17.702926571902694
2024-08-21 09:00:00+05:30,421.0,411.1,184.0,29.5,15.0,78.0,22.0,985.9,100,27.5667,72.0667,35.45310461451252
2024-08-21 10:00:00+05:30,600.0,505.3,223.0,30.6,14.3,72.0,1.0,986.2,100,27.5667,72.0667,52.77287907450268
2024-08-21 11:00:00+05:30,736.0,562.3,246.0,31.6,13.0,68.0,6.0,985.8,100,27.5667,72.0667,64.94809050546046
2024-08-21 12:00:00+05:30,796.0,564.7,263.0,32.2,14.3,64.0,22.0,985.1,100,27.5667,72.0667,70.5579312541192
2024-08-21 13:00:00+05:30,772.0,522.7,271.0,32.6,13.4,63.0,22.0,984.3,100,27.5667,72.0667,68.32758311517706
2024-08-21 14:00:00+05:30,736.0,520.7,260.0,33.0,13.4,61.0,13.0,983.7,100,27.5667,72.0667,63.35623713255658
2024-08-21 15:00:00+05:30,616.0,463.0,239.0,32.9,13.1,60.0,15.0,982.8,100,27.5667,72.0667,55.060655243154486
2024-08-21 16:00:00+05:30,479.0,411.9,205.0,32.9,14.3,59.0,12.0,982.5,100,27.5667,72.0667,41.456677907554464
2024-08-21 17:00:00+05:30,278.0,257.7,155.0,32.5,12.3,59.0,12.0,982.0,100,27.5667,72.0667,22.540443974949394
2024-08-21 18:00:00+05:30,134.0,167.1,90.0,32.2,10.1,64.0,6.0,982.5,100,27.5667,72.0667,9.136798814489284
2024-08-21 19:00:00+05:30,18.0,20.4,16.0,30.6,9.6,73.0,5.0,982.9,100,27.5667,72.0667,0.8567507553457894
2024-08-21 20:00:00+05:30,0.0,0.0,0.0,29.7,9.8,77.0,6.0,983.5,100,27.5667,72.0667,0.0
2024-08-21 21:00:00+05:30,0.0,0.0,0.0,29.0,10.2,80.0,13.0,984.2,100,27.5667,72.0667,0.0
2024-08-21 22:00:00+05:30,0.0,0.0,0.0,28.5,11.2,81.0,21.0,984.5,100,27.5667,72.0667,0.0
2024-08-21 23:00:00+05:30,0.0,0.0,0.0,28.2,12.8,82.0,18.0,984.2,100,27.5667,72.0667,0.0
2024-08-22 00:00:00+05:30,0.0,0.0,0.0,27.8,9.8,83.0,1.0,984.1,100,27.5667,72.0667,0.0
2024-08-22 01:00:00+05:30,0.0,0.0,0.0,27.4,9.0,84.0,14.0,983.6,100,27.5667,72.0667,0.0
2024-08-22 02:00:00+05:30,0.0,0.0,0.0,27.1,10.2,85.0,90.0,983.4,100,27.5667,72.0667,0.0
2024-08-22 03:00:00+05:30,0.0,0.0,0.0,26.8,10.9,86.0,89.0,983.3,100,27.5667,72.0667,0.0
2024-08-22 04:00:00+05:30,0.0,0.0,0.0,26.7,10.1,87.0,97.0,983.6,100,27.5667,72.0667,0.0
2024-08-22 05:00:00+05:30,0.0,0.0,0.0,26.6,10.9,88.0,100.0,983.8,100,27.5667,72.0667,0.0
2024-08-22 06:00:00+05:30,1.0,0.0,1.0,26.6,9.7,87.0,53.0,984.2,100,27.5667,72.0667,0.0
2024-08-22 07:00:00+05:30,65.0,90.3,51.0,27.2,8.2,87.0,18.0,984.8,100,27.5667,72.0667,4.135189156489147
2024-08-22 08:00:00+05:30,227.0,265.6,128.0,28.6,10.1,80.0,4.0,984.9,100,27.5667,72.0667,17.23233525616471
2024-08-22 09:00:00+05:30,424.0,422.5,181.0,30.1,10.2,73.0,22.0,984.9,100,27.5667,72.0667,35.5275578159637
2024-08-22 10:00:00+05:30,605.0,520.9,217.0,31.4,9.2,68.0,11.0,985.1,100,27.5667,72.0667,51.899500910119585
2024-08-22 11:00:00+05:30,746.0,579.2,242.0,32.7,8.2,61.0,3.0,984.6,100,27.5667,72.0667,65.77553344332244
2024-08-22 12:00:00+05:30,824.0,603.8,255.0,33.6,10.6,55.0,12.0,984.1,100,27.5667,72.0667,71.0318491142425
2024-08-22 13:00:00+05:30,784.0,537.2,270.0,34.0,10.9,52.0,14.0,983.4,100,27.5667,72.0667,66.79752203406343
2024-08-22 14:00:00+05:30,772.0,563.4,258.0,34.5,12.1,50.0,11.0,982.5,100,27.5667,72.0667,66.93122205030096
2024-08-22 15:00:00+05:30,656.0,524.7,230.0,34.6,13.4,49.0,4.0,981.5,100,27.5667,72.0667,56.56980879525119
2024-08-22 16:00:00+05:30,510.0,472.5,197.0,34.4,14.5,50.0,2.0,980.9,100,27.5667,72.0667,43.725401768221
2024-08-22 17:00:00+05:30,322.0,354.3,154.0,33.9,13.7,52.0,3.0,980.9,100,27.5667,72.0667,25.2308072350958
2024-08-22 18:00:00+05:30,131.0,165.4,88.0,33.1,10.4,56.0,8.0,981.3,100,27.5667,72.0667,8.850584644540215
2024-08-22 19:00:00+05:30,17.0,20.7,15.0,31.2,15.5,65.0,24.0,981.7,100,27.5667,72.0667,0.765518373547092
2024-08-22 20:00:00+05:30,0.0,0.0,0.0,30.1,13.8,69.0,80.0,982.5,100,27.5667,72.0667,0.0
2024-08-22 21:00:00+05:30,0.0,0.0,0.0,29.5,11.9,72.0,100.0,983.3,100,27.5667,72.0667,0.0
2024-08-22 22:00:00+05:30,0.0,0.0,0.0,28.9,13.1,76.0,98.0,983.4,100,27.5667,72.0667,0.0
2024-08-22 23:00:00+05:30,0.0,0.0,0.0,28.3,17.3,81.0,89.0,983.5,100,27.5667,72.0667,0.0
2024-08-23 00:00:00+05:30,0.0,0.0,0.0,27.6,16.8,86.0,0.0,983.4,100,27.5667,72.0667,0.0
2024-08-23 01:00:00+05:30,0.0,0.0,0.0,27.1,16.5,85.0,0.0,983.0,100,27.5667,72.0667,0.0
2024-08-23 02:00:00+05:30,0.0,0.0,0.0,26.6,16.7,84.0,0.0,982.8,100,27.5667,72.0667,0.0
2024-08-23 03:00:00+05:30,0.0,0.0,0.0,26.2,15.7,83.0,0.0,982.6,100,27.5667,72.0667,0.0
2024-08-23 04:00:00+05:30,0.0,0.0,0.0,25.9,14.4,83.0,2.0,982.7,100,27.5667,72.0667,0.0
2024-08-23 05:00:00+05:30,0.0,0.0,0.0,25.8,12.2,85.0,19.0,983.1,100,27.5667,72.0667,0.0
2024-08-23 06:00:00+05:30,1.0,0.0,1.0,26.5,13.5,85.0,50.0,983.6,100,27.5667,72.0667,0.0
2024-08-23 07:00:00+05:30,65.0,90.8,51.0,27.3,11.4,83.0,100.0,984.0,100,27.5667,72.0667,4.128449869029833
2024-08-23 08:00:00+05:30,226.0,258.5,130.0,28.9,12.4,78.0,53.0,984.4,100,27.5667,72.0667,17.239557370405265
2024-08-23 09:00:00+05:30,423.0,419.9,182.0,30.8,13.2,70.0,64.0,984.9,100,27.5667,72.0667,35.569566233919964
2024-08-23 10:00:00+05:30,603.0,515.1,220.0,32.5,10.8,63.0,100.0,985.1,100,27.5667,72.0667,52.26753664987606
2024-08-23 11:00:00+05:30,732.0,538.7,264.0,33.7,10.0,57.0,100.0,984.7,100,27.5667,72.0667,61.461613021853964
2024-08-23 12:00:00+05:30,774.0,510.1,294.0,34.7,10.8,52.0,98.0,984.1,100,27.5667,72.0667,65.37012297260935
2024-08-23 13:00:00+05:30,825.0,588.4,263.0,35.6,13.1,48.0,91.0,983.3,100,27.5667,72.0667,69.24144243764034
2024-08-23 14:00:00+05:30,792.0,596.5,249.0,36.2,14.0,46.0,6.0,982.4,100,27.5667,72.0667,69.33808860200614
2024-08-23 15:00:00+05:30,673.0,547.2,230.0,36.5,13.2,43.0,15.0,981.5,100,27.5667,72.0667,57.30475523078945
2024-08-23 16:00:00+05:30,504.0,463.8,198.0,36.4,14.7,43.0,18.0,981.0,100,27.5667,72.0667,42.88966794135212
2024-08-23 17:00:00+05:30,304.0,320.5,153.0,35.8,16.1,44.0,7.0,980.8,100,27.5667,72.0667,24.80531753918481
2024-08-23 18:00:00+05:30,115.0,117.0,85.0,33.9,5.4,49.0,63.0,982.3,100,27.5667,72.0667,7.933860875426002
2024-08-23 19:00:00+05:30,13.0,10.6,12.0,32.2,12.2,58.0,70.0,982.9,100,27.5667,72.0667,0.48846972884271167
2024-08-23 20:00:00+05:30,0.0,0.0,0.0,30.5,10.5,68.0,62.0,983.6,100,27.5667,72.0667,0.0
2024-08-23 21:00:00+05:30,0.0,0.0,0.0,29.9,10.6,72.0,39.0,983.9,100,27.5667,72.0667,0.0
2024-08-23 22:00:00+05:30,0.0,0.0,0.0,29.4,10.1,75.0,28.0,984.0,100,27.5667,72.0667,0.0
2024-08-23 23:00:00+05:30,0.0,0.0,0.0,28.7,12.8,77.0,55.0,983.9,100,27.5667,72.0667,0.0
2024-08-24 00:00:00+05:30,0.0,0.0,0.0,28.4,13.5,78.0,17.0,983.7,100,27.5667,72.0667,0.0
2024-08-24 01:00:00+05:30,0.0,0.0,0.0,28.1,15.1,84.0,30.0,983.4,100,27.5667,72.0667,0.0
2024-08-24 02:00:00+05:30,0.0,0.0,0.0,27.8,14.8,86.0,39.0,983.0,100,27.5667,72.0667,0.0
2024-08-24 03:00:00+05:30,0.0,0.0,0.0,27.5,12.2,87.0,71.0,982.9,100,27.5667,72.0667,0.0
2024-08-24 04:00:00+05:30,0.0,0.0,0.0,27.2,10.9,87.0,55.0,983.0,100,27.5667,72.0667,0.0
2024-08-24 05:00:00+05:30,0.0,0.0,0.0,27.1,10.2,87.0,13.0,983.3,100,27.5667,72.0667,0.0
2024-08-24 06:00:00+05:30,1.0,0.0,1.0,27.0,10.1,83.0,98.0,984.0,100,27.5667,72.0667,0.0
2024-08-24 07:00:00+05:30,55.0,26.1,51.0,27.5,9.9,81.0,97.0,984.6,100,27.5667,72.0667,3.962638844824111
2024-08-24 08:00:00+05:30,198.0,140.6,146.0,28.6,10.4,76.0,99.0,985.0,100,27.5667,72.0667,15.934680625145981
2024-08-24 09:00:00+05:30,377.0,270.7,222.0,30.2,10.5,70.0,97.0,985.2,100,27.5667,72.0667,32.03027113010957
2024-08-24 10:00:00+05:30,588.0,474.2,236.0,31.9,7.9,62.0,45.0,985.2,100,27.5667,72.0667,49.97399118450586
2024-08-24 11:00:00+05:30,742.0,574.1,244.0,33.3,4.4,56.0,3.0,985.0,100,27.5667,72.0667,63.37996592087071
2024-08-24 12:00:00+05:30,821.0,600.4,257.0,34.5,6.2,50.0,6.0,984.3,100,27.5667,72.0667,69.74049786580363
2024-08-24 13:00:00+05:30,823.0,588.5,262.0,35.6,9.5,46.0,11.0,983.6,100,27.5667,72.0667,70.00153089617773
2024-08-24 14:00:00+05:30,772.0,574.8,250.0,36.3,11.7,43.0,13.0,982.4,100,27.5667,72.0667,68.58386463897709
2024-08-24 15:00:00+05:30,660.0,532.8,230.0,36.7,12.4,41.0,9.0,981.2,100,27.5667,72.0667,56.56418877799009
2024-08-24 16:00:00+05:30,501.0,462.8,197.0,36.4,12.8,41.0,17.0,980.2,100,27.5667,72.0667,43.83216525137514
2024-08-24 17:00:00+05:30,313.0,346.2,151.0,36.3,10.2,42.0,21.0,980.0,100,27.5667,72.0667,24.498988048602964
2024-08-24 18:00:00+05:30,130.0,170.0,87.0,35.0,11.2,47.0,3.0,980.7,100,27.5667,72.0667,8.886380583730498
2024-08-24 19:00:00+05:30,15.0,21.5,13.0,34.1,10.6,50.0,3.0,981.4,100,27.5667,72.0667,0.5788823294723074
2024-08-24 20:00:00+05:30,0.0,0.0,0.0,33.4,9.8,54.0,3.0,981.8,100,27.5667,72.0667,0.0
2024-08-24 21:00:00+05:30,0.0,0.0,0.0,32.3,9.0,59.0,3.0,982.5,100,27.5667,72.0667,0.0
2024-08-24 22:00:00+05:30,0.0,0.0,0.0,31.4,6.3,65.0,2.0,982.4,100,27.5667,72.0667,0.0
2024-08-24 23:00:00+05:30,0.0,0.0,0.0,30.7,6.9,69.0,2.0,982.5,100,27.5667,72.0667,0.0
2024-08-25 00:00:00+05:30,0.0,0.0,0.0,30.1,5.8,73.0,8.0,982.3,100,27.5667,72.0667,0.0
2024-08-25 01:00:00+05:30,0.0,0.0,0.0,29.6,4.8,76.0,6.0,981.8,100,27.5667,72.0667,0.0
2024-08-25 02:00:00+05:30,0.0,0.0,0.0,29.1,7.0,77.0,7.0,981.3,100,27.5667,72.0667,0.0
2024-08-25 03:00:00+05:30,0.0,0.0,0.0,28.9,7.6,77.0,10.0,981.0,100,27.5667,72.0667,0.0
2024-08-25 04:00:00+05:30,0.0,0.0,0.0,28.6,7.1,79.0,20.0,981.2,100,27.5667,72.0667,0.0
2024-08-25 05:00:00+05:30,0.0,0.0,0.0,28.1,9.5,83.0,7.0,981.1,100,27.5667,72.0667,0.0
2024-08-25 06:00:00+05:30,1.0,0.0,1.0,28.2,5.5,80.0,100.0,981.8,100,27.5667,72.0667,0.0
2024-08-25 07:00:00+05:30,55.0,26.2,51.0,28.6,7.2,79.0,100.0,981.8,100,27.5667,72.0667,3.8436550412001513
2024-08-25 08:00:00+05:30,195.0,141.1,143.0,30.0,8.1,73.0,100.0,982.2,100,27.5667,72.0667,15.668702782985847
2024-08-25 09:00:00+05:30,345.0,203.0,229.0,27.5,14.8,84.0,100.0,983.5,100,27.5667,72.0667,29.907531367494006
2024-08-25 10:00:00+05:30,232.0,27.0,212.0,28.2,9.8,81.0,99.0,982.4,100,27.5667,72.0667,20.02235987722192
2024-08-25 11:00:00+05:30,665.0,409.9,310.0,30.7,10.2,71.0,100.0,982.1,100,27.5667,72.0667,56.59870287173695
2024-08-25 12:00:00+05:30,792.0,540.6,285.0,32.2,10.5,66.0,99.0,981.4,100,27.5667,72.0667,67.40956545113968
2024-08-25 13:00:00+05:30,824.0,564.4,287.0,33.3,14.0,61.0,97.0,980.6,100,27.5667,72.0667,69.58044848511967
2024-08-25 14:00:00+05:30,639.0,417.2,261.0,33.6,15.8,60.0,37.0,979.7,100,27.5667,72.0667,56.994453475665274
2024-08-25 15:00:00+05:30,645.0,509.6,235.0,33.9,15.2,59.0,22.0,978.8,100,27.5667,72.0667,57.69818358142345
2024-08-25 16:00:00+05:30,465.0,408.2,198.0,33.9,17.1,58.0,35.0,978.1,100,27.5667,72.0667,39.77138715842255
2024-08-25 17:00:00+05:30,299.0,312.1,154.0,33.4,18.6,60.0,46.0,977.7,100,27.5667,72.0667,23.787705083712314
2024-08-25 18:00:00+05:30,124.0,120.3,94.0,32.1,15.1,64.0,91.0,978.2,100,27.5667,72.0667,8.981752882065768
2024-08-25 19:00:00+05:30,15.0,11.0,14.0,30.9,11.5,72.0,100.0,978.8,100,27.5667,72.0667,0.666276700713818
2024-08-25 20:00:00+05:30,0.0,0.0,0.0,30.2,11.1,76.0,63.0,979.5,100,27.5667,72.0667,0.0
2024-08-25 21:00:00+05:30,0.0,0.0,0.0,29.8,9.3,79.0,92.0,979.8,100,27.5667,72.0667,0.0
2024-08-25 22:00:00+05:30,0.0,0.0,0.0,29.5,9.7,81.0,100.0,979.7,100,27.5667,72.0667,0.0
2024-08-25 23:00:00+05:30,0.0,0.0,0.0,28.9,11.0,84.0,100.0,979.5,100,27.5667,72.0667,0.0
2024-08-26 00:00:00+05:30,0.0,0.0,0.0,28.5,11.9,84.0,98.0,979.3,100,27.5667,72.0667,0.0
2024-08-26 01:00:00+05:30,0.0,0.0,0.0,28.2,12.2,84.0,100.0,979.1,100,27.5667,72.0667,0.0
2024-08-26 02:00:00+05:30,0.0,0.0,0.0,27.9,11.4,85.0,96.0,978.7,100,27.5667,72.0667,0.0
2024-08-26 03:00:00+05:30,0.0,0.0,0.0,27.7,12.7,87.0,52.0,978.5,100,27.5667,72.0667,0.0
2024-08-26 04:00:00+05:30,0.0,0.0,0.0,27.5,14.8,88.0,94.0,978.7,100,27.5667,72.0667,0.0
2024-08-26 05:00:00+05:30,0.0,0.0,0.0,27.4,17.1,88.0,9.0,978.7,100,27.5667,72.0667,0.0
2024-08-26 06:00:00+05:30,1.0,0.0,1.0,27.5,17.3,88.0,18.0,979.3,100,27.5667,72.0667,0.0
2024-08-26 07:00:00+05:30,61.0,85.5,48.0,28.1,18.7,85.0,44.0,979.9,100,27.5667,72.0667,3.7612971442401695
2024-08-26 08:00:00+05:30,219.0,247.9,128.0,29.1,26.4,78.0,89.0,980.3,100,27.5667,72.0667,17.100814264778037
2024-08-26 09:00:00+05:30,402.0,389.5,180.0,30.2,26.5,70.0,38.0,980.4,100,27.5667,72.0667,34.479735547377324
2024-08-26 10:00:00+05:30,586.0,486.7,226.0,31.5,27.1,65.0,45.0,980.3,100,27.5667,72.0667,51.146628185145495
2024-08-26 11:00:00+05:30,695.0,514.7,250.0,32.5,29.5,61.0,72.0,980.0,100,27.5667,72.0667,64.5988101927505
2024-08-26 12:00:00+05:30,804.0,570.4,270.0,33.6,29.7,58.0,11.0,979.5,100,27.5667,72.0667,74.89694637899818
2024-08-26 13:00:00+05:30,810.0,584.5,255.0,34.1,30.2,57.0,40.0,978.7,100,27.5667,72.0667,72.71645607064241
2024-08-26 14:00:00+05:30,757.0,543.3,266.0,34.5,30.8,55.0,15.0,977.5,100,27.5667,72.0667,67.65599261574495
2024-08-26 15:00:00+05:30,634.0,508.7,226.0,34.3,32.0,55.0,28.0,976.3,100,27.5667,72.0667,56.08836872513032
2024-08-26 16:00:00+05:30,431.0,364.0,194.0,33.4,28.8,58.0,49.0,976.2,100,27.5667,72.0667,38.772183337763934
2024-08-26 17:00:00+05:30,246.0,205.9,151.0,32.8,28.3,60.0,52.0,976.4,100,27.5667,72.0667,20.33307562585171
2024-08-26 18:00:00+05:30,116.0,118.1,87.0,31.6,24.6,63.0,84.0,977.7,100,27.5667,72.0667,8.462969952211504
2024-08-26 19:00:00+05:30,10.0,0.0,10.0,30.4,20.8,70.0,68.0,978.1,100,27.5667,72.0667,0.32808696257024916
2024-08-26 20:00:00+05:30,0.0,0.0,0.0,29.6,18.4,75.0,100.0,978.6,100,27.5667,72.0667,0.0
2024-08-26 21:00:00+05:30,0.0,0.0,0.0,29.0,21.7,78.0,85.0,979.3,100,27.5667,72.0667,0.0
2024-08-26 22:00:00+05:30,0.0,0.0,0.0,28.3,22.3,82.0,89.0,979.2,100,27.5667,72.0667,0.0
2024-08-26 23:00:00+05:30,0.0,0.0,0.0,27.9,24.0,85.0,94.0,979.1,100,27.5667,72.0667,0.0
2024-08-27 00:00:00+05:30,0.0,0.0,0.0,27.5,25.8,84.0,19.0,978.5,100,27.5667,72.0667,0.0
2024-08-27 01:00:00+05:30,0.0,0.0,0.0,27.0,23.1,86.0,87.0,977.9,100,27.5667,72.0667,0.0
2024-08-27 02:00:00+05:30,0.0,0.0,0.0,26.9,21.0,86.0,44.0,977.3,100,27.5667,72.0667,0.0
2024-08-27 03:00:00+05:30,0.0,0.0,0.0,26.7,20.6,87.0,86.0,977.7,100,27.5667,72.0667,0.0
2024-08-27 04:00:00+05:30,0.0,0.0,0.0,26.6,20.1,88.0,45.0,978.0,100,27.5667,72.0667,0.0
2024-08-27 05:00:00+05:30,0.0,0.0,0.0,26.3,18.9,88.0,58.0,978.2,100,27.5667,72.0667,0.0
2024-08-27 06:00:00+05:30,0.0,0.0,0.0,26.0,24.7,86.0,76.0,978.7,100,27.5667,72.0667,0.0
2024-08-27 07:00:00+05:30,47.0,19.8,44.0,26.4,24.9,83.0,100.0,979.3,100,27.5667,72.0667,3.4804425689856795
2024-08-27 08:00:00+05:30,59.0,0.0,59.0,26.5,24.9,82.0,100.0,979.9,100,27.5667,72.0667,4.790226715188166
2024-08-27 09:00:00+05:30,132.0,1.8,131.0,27.2,29.1,77.0,100.0,980.6,100,27.5667,72.0667,10.96205780279974
2024-08-27 10:00:00+05:30,141.0,2.7,139.0,27.7,31.4,74.0,100.0,980.7,100,27.5667,72.0667,11.959665263498348
2024-08-27 11:00:00+05:30,372.0,51.0,328.0,29.9,35.4,63.0,100.0,980.3,100,27.5667,72.0667,33.046189480986236
2024-08-27 12:00:00+05:30,183.0,0.0,183.0,29.5,32.0,65.0,100.0,979.8,100,27.5667,72.0667,15.612004582549744
2024-08-27 13:00:00+05:30,459.0,87.6,376.0,30.7,33.6,62.0,76.0,979.3,100,27.5667,72.0667,40.50960652829302
2024-08-27 14:00:00+05:30,654.0,379.4,312.0,32.6,34.1,55.0,26.0,978.1,100,27.5667,72.0667,58.78735606894603
2024-08-27 15:00:00+05:30,573.0,387.8,263.0,33.0,29.6,53.0,35.0,977.5,100,27.5667,72.0667,51.26148825824801
2024-08-27 16:00:00+05:30,469.0,401.2,209.0,32.9,28.8,52.0,100.0,978.0,100,27.5667,72.0667,41.45888001931389
2024-08-27 17:00:00+05:30,157.0,32.8,142.0,31.5,25.9,57.0,100.0,978.2,100,27.5667,72.0667,13.227913074009193
2024-08-27 18:00:00+05:30,78.0,41.3,68.0,30.2,18.3,65.0,99.0,979.6,100,27.5667,72.0667,5.796815840252984
2024-08-27 19:00:00+05:30,5.0,0.0,5.0,29.2,16.7,70.0,100.0,980.1,100,27.5667,72.0667,0.0
2024-08-27 20:00:00+05:30,0.0,0.0,0.0,28.9,12.7,72.0,100.0,981.0,100,27.5667,72.0667,0.0
2024-08-27 21:00:00+05:30,0.0,0.0,0.0,28.4,15.1,76.0,100.0,981.8,100,27.5667,72.0667,0.0
2024-08-27 22:00:00+05:30,0.0,0.0,0.0,27.7,19.0,81.0,32.0,981.7,100,27.5667,72.0667,0.0
2024-08-27 23:00:00+05:30,0.0,0.0,0.0,27.3,18.4,79.0,36.0,981.4,100,27.5667,72.0667,0.0
2024-08-28 00:00:00+05:30,0.0,0.0,0.0,27.2,20.9,77.0,99.0,980.9,100,27.5667,72.0667,0.0
2024-08-28 01:00:00+05:30,0.0,0.0,0.0,26.9,21.3,79.0,100.0,980.6,100,27.5667,72.0667,0.0
2024-08-28 02:00:00+05:30,0.0,0.0,0.0,26.5,22.1,80.0,100.0,980.1,100,27.5667,72.0667,0.0
2024-08-28 03:00:00+05:30,0.0,0.0,0.0,26.0,20.6,82.0,100.0,980.2,100,27.5667,72.0667,0.0
2024-08-28 04:00:00+05:30,0.0,0.0,0.0,25.9,20.5,83.0,100.0,980.0,100,27.5667,72.0667,0.0
2024-08-28 05:00:00+05:30,0.0,0.0,0.0,25.6,20.6,84.0,98.0,980.1,100,27.5667,72.0667,0.0
2024-08-28 06:00:00+05:30,0.0,0.0,0.0,25.2,14.0,86.0,37.0,981.1,100,27.5667,72.0667,0.0
2024-08-28 07:00:00+05:30,59.0,73.0,48.0,25.8,14.4,83.0,10.0,981.5,100,27.5667,72.0667,4.051794443419243
2024-08-28 08:00:00+05:30,220.0,255.4,127.0,26.9,18.2,77.0,18.0,981.6,100,27.5667,72.0667,17.359550696962486
2024-08-28 09:00:00+05:30,420.0,433.6,174.0,28.4,20.1,70.0,13.0,981.9,100,27.5667,72.0667,37.40807442165505
2024-08-28 10:00:00+05:30,582.0,491.2,220.0,29.9,20.3,64.0,10.0,982.0,100,27.5667,72.0667,53.82033033533917
2024-08-28 11:00:00+05:30,741.0,580.3,241.0,31.2,20.1,59.0,17.0,981.6,100,27.5667,72.0667,68.05319809239114
2024-08-28 12:00:00+05:30,827.0,615.3,253.0,32.5,18.7,53.0,51.0,980.7,100,27.5667,72.0667,73.10217676284739
2024-08-28 13:00:00+05:30,826.0,600.7,258.0,33.6,17.9,48.0,32.0,980.1,100,27.5667,72.0667,74.0409744922233
2024-08-28 14:00:00+05:30,677.0,408.2,310.0,34.2,17.7,45.0,38.0,979.0,100,27.5667,72.0667,60.111903182599036
2024-08-28 15:00:00+05:30,535.0,305.1,292.0,34.5,15.3,44.0,100.0,978.0,100,27.5667,72.0667,45.00712337615719
2024-08-28 16:00:00+05:30,376.0,232.6,226.0,33.4,21.8,49.0,100.0,977.8,100,27.5667,72.0667,31.914293071960394
2024-08-28 17:00:00+05:30,146.0,15.4,139.0,31.1,24.0,59.0,100.0,977.9,100,27.5667,72.0667,12.327366619778042
2024-08-28 18:00:00+05:30,60.0,16.8,56.0,32.0,19.1,54.0,32.0,978.9,100,27.5667,72.0667,4.666350236880024
2024-08-28 19:00:00+05:30,10.0,11.7,9.0,30.8,18.0,60.0,56.0,979.6,100,27.5667,72.0667,0.22875224722505558
2024-08-28 20:00:00+05:30,0.0,0.0,0.0,30.0,20.3,63.0,19.0,980.2,100,27.5667,72.0667,0.0
2024-08-28 21:00:00+05:30,0.0,0.0,0.0,29.3,22.2,65.0,24.0,980.6,100,27.5667,72.0667,0.0
2024-08-28 22:00:00+05:30,0.0,0.0,0.0,28.8,19.1,67.0,7.0,980.7,100,27.5667,72.0667,0.0
2024-08-28 23:00:00+05:30,0.0,0.0,0.0,28.2,17.2,71.0,15.0,980.5,100,27.5667,72.0667,0.0
2024-08-29 00:00:00+05:30,0.0,0.0,0.0,27.7,16.9,74.0,15.0,980.2,100,27.5667,72.0667,0.0
2024-08-29 01:00:00+05:30,0.0,0.0,0.0,27.3,17.5,76.0,17.0,979.8,100,27.5667,72.0667,0.0
2024-08-29 02:00:00+05:30,0.0,0.0,0.0,26.9,17.9,78.0,65.0,979.4,100,27.5667,72.0667,0.0
2024-08-29 03:00:00+05:30,0.0,0.0,0.0,26.7,18.4,80.0,51.0,979.0,100,27.5667,72.0667,0.0
2024-08-29 04:00:00+05:30,0.0,0.0,0.0,26.6,16.3,80.0,100.0,979.0,100,27.5667,72.0667,0.0
2024-08-29 05:00:00+05:30,0.0,0.0,0.0,26.6,12.7,81.0,8.0,979.0,100,27.5667,72.0667,0.0
2024-08-29 06:00:00+05:30,0.0,0.0,0.0,26.2,12.6,83.0,10.0,979.9,100,27.5667,72.0667,0.0
2024-08-29 07:00:00+05:30,59.0,80.0,47.0,26.9,12.6,80.0,13.0,980.7,100,27.5667,72.0667,3.843064149307026
2024-08-29 08:00:00+05:30,213.0,237.1,127.0,28.1,16.2,74.0,7.0,981.0,100,27.5667,72.0667,16.694189148094498
2024-08-29 09:00:00+05:30,413.0,408.2,182.0,29.7,16.8,67.0,5.0,981.3,100,27.5667,72.0667,36.75795604090112
2024-08-29 10:00:00+05:30,599.0,522.0,215.0,31.6,17.1,59.0,32.0,981.4,100,27.5667,72.0667,54.21885804501738
2024-08-29 11:00:00+05:30,666.0,434.8,292.0,32.8,17.9,54.0,28.0,981.2,100,27.5667,72.0667,59.3503147264304
2024-08-29 12:00:00+05:30,662.0,423.2,268.0,33.5,18.3,51.0,45.0,980.6,100,27.5667,72.0667,59.717561099529156
2024-08-29 13:00:00+05:30,687.0,437.7,274.0,33.3,19.3,53.0,62.0,979.8,100,27.5667,72.0667,63.83877236998266
2024-08-29 14:00:00+05:30,588.0,346.8,277.0,33.0,18.1,57.0,53.0,978.8,100,27.5667,72.0667,53.10539922511349
2024-08-29 15:00:00+05:30,577.0,415.7,247.0,33.6,16.6,57.0,14.0,977.9,100,27.5667,72.0667,49.727028039474305
2024-08-29 16:00:00+05:30,498.0,481.5,189.0,33.5,19.4,55.0,63.0,977.8,100,27.5667,72.0667,44.5398705153071
2024-08-29 17:00:00+05:30,225.0,188.5,140.0,32.7,17.6,57.0,38.0,978.2,100,27.5667,72.0667,18.276066595399005
2024-08-29 18:00:00+05:30,109.0,128.1,79.0,31.8,17.8,58.0,10.0,979.2,100,27.5667,72.0667,7.949890996471455
2024-08-29 19:00:00+05:30,11.0,12.0,10.0,31.0,13.5,62.0,15.0,979.8,100,27.5667,72.0667,0.3165653969707967
2024-08-29 20:00:00+05:30,0.0,0.0,0.0,30.3,12.5,67.0,11.0,980.9,100,27.5667,72.0667,0.0
2024-08-29 21:00:00+05:30,0.0,0.0,0.0,29.6,17.6,69.0,9.0,981.6,100,27.5667,72.0667,0.0
2024-08-29 22:00:00+05:30,0.0,0.0,0.0,29.0,18.3,71.0,14.0,981.8,100,27.5667,72.0667,0.0
2024-08-29 23:00:00+05:30,0.0,0.0,0.0,28.4,18.1,74.0,1.0,981.7,100,27.5667,72.0667,0.0
2024-08-30 00:00:00+05:30,0.0,0.0,0.0,28.0,19.2,76.0,3.0,981.3,100,27.5667,72.0667,0.0
2024-08-30 01:00:00+05:30,0.0,0.0,0.0,27.4,17.8,78.0,28.0,981.3,100,27.5667,72.0667,0.0
2024-08-30 02:00:00+05:30,0.0,0.0,0.0,26.9,14.3,79.0,49.0,981.3,100,27.5667,72.0667,0.0
2024-08-30 03:00:00+05:30,0.0,0.0,0.0,26.5,12.5,81.0,74.0,981.4,100,27.5667,72.0667,0.0
2024-08-30 04:00:00+05:30,0.0,0.0,0.0,26.1,11.5,83.0,9.0,981.8,100,27.5667,72.0667,0.0
2024-08-30 05:00:00+05:30,0.0,0.0,0.0,25.8,9.7,85.0,17.0,982.4,100,27.5667,72.0667,0.0
2024-08-30 06:00:00+05:30,0.0,0.0,0.0,26.2,7.8,83.0,16.0,983.2,100,27.5667,72.0667,0.0
2024-08-30 07:00:00+05:30,57.0,73.7,46.0,26.7,9.0,80.0,20.0,984.1,100,27.5667,72.0667,3.830907689076756
2024-08-30 08:00:00+05:30,202.0,193.8,132.0,27.8,12.3,74.0,17.0,984.6,100,27.5667,72.0667,16.495225021876145
2024-08-30 09:00:00+05:30,381.0,333.0,193.0,29.0,14.2,68.0,4.0,985.1,100,27.5667,72.0667,32.86145713819845
2024-08-30 10:00:00+05:30,580.0,464.5,239.0,30.6,16.0,61.0,7.0,985.4,100,27.5667,72.0667,51.605999208426425
2024-08-30 11:00:00+05:30,720.0,549.8,248.0,32.4,18.4,53.0,17.0,985.0,100,27.5667,72.0667,65.3195077428824
2024-08-30 12:00:00+05:30,735.0,501.5,269.0,33.3,18.5,49.0,17.0,984.5,100,27.5667,72.0667,66.29034077649142
2024-08-30 13:00:00+05:30,762.0,530.0,263.0,34.4,16.4,46.0,21.0,983.9,100,27.5667,72.0667,69.31270215612469
2024-08-30 14:00:00+05:30,709.0,490.9,270.0,35.0,17.1,44.0,21.0,982.6,100,27.5667,72.0667,65.0124249604458
2024-08-30 15:00:00+05:30,622.0,475.4,246.0,35.1,18.1,43.0,15.0,982.0,100,27.5667,72.0667,54.97023384382023
2024-08-30 16:00:00+05:30,475.0,435.4,197.0,34.8,17.9,45.0,8.0,981.2,100,27.5667,72.0667,40.990206026601705
2024-08-30 17:00:00+05:30,298.0,339.9,146.0,34.5,14.8,45.0,10.0,981.3,100,27.5667,72.0667,24.382750526856476
2024-08-30 18:00:00+05:30,114.0,152.0,79.0,33.0,17.3,48.0,13.0,983.3,100,27.5667,72.0667,8.130666804989627
2024-08-30 19:00:00+05:30,10.0,12.3,9.0,31.8,12.3,55.0,18.0,984.4,100,27.5667,72.0667,0.2256128334312123
2024-08-30 20:00:00+05:30,0.0,0.0,0.0,30.9,14.3,61.0,23.0,985.4,100,27.5667,72.0667,0.0
2024-08-30 21:00:00+05:30,0.0,0.0,0.0,29.8,12.8,68.0,5.0,986.0,100,27.5667,72.0667,0.0
2024-08-30 22:00:00+05:30,0.0,0.0,0.0,29.1,14.3,72.0,11.0,986.4,100,27.5667,72.0667,0.0
2024-08-30 23:00:00+05:30,0.0,0.0,0.0,28.5,11.6,75.0,3.0,986.3,100,27.5667,72.0667,0.0
2024-08-31 00:00:00+05:30,0.0,0.0,0.0,28.0,9.5,78.0,5.0,986.0,100,27.5667,72.0667,0.0
2024-08-31 01:00:00+05:30,0.0,0.0,0.0,27.5,4.8,81.0,13.0,985.8,100,27.5667,72.0667,0.0
2024-08-31 02:00:00+05:30,0.0,0.0,0.0,27.2,2.4,84.0,29.0,985.5,100,27.5667,72.0667,0.0
2024-08-31 03:00:00+05:30,0.0,0.0,0.0,27.0,2.5,85.0,64.0,985.5,100,27.5667,72.0667,0.0
2024-08-31 04:00:00+05:30,0.0,0.0,0.0,26.8,4.7,85.0,99.0,985.7,100,27.5667,72.0667,0.0
2024-08-31 05:00:00+05:30,0.0,0.0,0.0,26.4,9.7,84.0,65.0,986.1,100,27.5667,72.0667,0.0
2024-08-31 06:00:00+05:30,0.0,0.0,0.0,26.5,7.9,83.0,26.0,986.4,100,27.5667,72.0667,0.0
2024-08-31 07:00:00+05:30,57.0,74.1,46.0,27.0,9.1,80.0,5.0,986.8,100,27.5667,72.0667,3.7348828833033227
2024-08-31 08:00:00+05:30,216.0,250.1,126.0,28.4,11.0,72.0,1.0,987.3,100,27.5667,72.0667,17.382420833885046
2024-08-31 09:00:00+05:30,412.0,413.8,179.0,30.1,12.4,62.0,2.0,987.5,100,27.5667,72.0667,35.61150730858762
2024-08-31 10:00:00+05:30,593.0,509.1,220.0,31.8,11.1,55.0,7.0,987.3,100,27.5667,72.0667,53.31019477594706
2024-08-31 11:00:00+05:30,710.0,539.1,248.0,33.3,9.4,49.0,15.0,987.0,100,27.5667,72.0667,63.579217031110225
2024-08-31 12:00:00+05:30,791.0,567.2,265.0,34.5,8.1,46.0,9.0,986.3,100,27.5667,72.0667,69.4795324585701
2024-08-31 13:00:00+05:30,802.0,569.6,267.0,35.4,6.8,43.0,23.0,985.5,100,27.5667,72.0667,70.1555309451427
2024-08-31 14:00:00+05:30,662.0,391.4,313.0,36.0,6.1,41.0,96.0,984.4,100,27.5667,72.0667,55.9920550908957
2024-08-31 15:00:00+05:30,465.0,243.6,273.0,36.0,7.7,41.0,100.0,983.5,100,27.5667,72.0667,37.941236770090065
2024-08-31 16:00:00+05:30,338.0,166.9,232.0,36.0,7.1,41.0,100.0,983.2,100,27.5667,72.0667,27.29654834020069
2024-08-31 17:00:00+05:30,188.0,85.7,150.0,35.8,5.9,40.0,27.0,983.1,100,27.5667,72.0667,15.47066704332804
2024-08-31 18:00:00+05:30,104.0,114.9,78.0,34.7,8.1,43.0,51.0,984.1,100,27.5667,72.0667,7.4686643799241565
2024-08-31 19:00:00+05:30,9.0,12.6,8.0,33.8,12.2,46.0,60.0,984.8,100,27.5667,72.0667,0.1328704724994258
2024-08-31 20:00:00+05:30,0.0,0.0,0.0,33.0,16.6,49.0,39.0,985.3,100,27.5667,72.0667,0.0
2024-08-31 21:00:00+05:30,0.0,0.0,0.0,31.1,17.9,59.0,13.0,985.6,100,27.5667,72.0667,0.0
2024-08-31 22:00:00+05:30,0.0,0.0,0.0,30.8,12.9,61.0,12.0,986.0,100,27.5667,72.0667,0.0
2024-08-31 23:00:00+05:30,0.0,0.0,0.0,30.2,12.4,63.0,18.0,985.8,100,27.5667,72.0667,0.0
2024-09-01 00:00:00+05:30,0.0,0.0,0.0,29.6,12.1,66.0,14.0,985.7,100,27.5667,72.0667,0.0
2024-09-01 01:00:00+05:30,0.0,0.0,0.0,29.2,13.6,69.0,6.0,985.1,100,27.5667,72.0667,0.0
2024-09-01 02:00:00+05:30,0.0,0.0,0.0,28.7,15.7,72.0,2.0,984.8,100,27.5667,72.0667,0.0
2024-09-01 03:00:00+05:30,0.0,0.0,0.0,28.2,15.9,75.0,10.0,984.9,100,27.5667,72.0667,0.0
2024-09-01 04:00:00+05:30,0.0,0.0,0.0,27.8,15.5,76.0,7.0,985.1,100,27.5667,72.0667,0.0
2024-09-01 05:00:00+05:30,0.0,0.0,0.0,27.6,14.5,77.0,0.0,985.2,100,27.5667,72.0667,0.0
2024-09-01 06:00:00+05:30,0.0,0.0,0.0,27.8,14.3,75.0,1.0,985.2,100,27.5667,72.0667,0.0
2024-09-01 07:00:00+05:30,57.0,81.2,45.0,28.3,14.3,72.0,0.0,985.5,100,27.5667,72.0667,3.794873601959698
2024-09-01 08:00:00+05:30,218.0,267.9,122.0,29.8,15.8,64.0,0.0,985.8,100,27.5667,72.0667,17.287467540796744
2024-09-01 09:00:00+05:30,414.0,425.5,175.0,31.7,15.0,55.0,1.0,986.3,100,27.5667,72.0667,36.825819546060025
2024-09-01 10:00:00+05:30,595.0,523.8,212.0,33.2,13.7,50.0,1.0,986.3,100,27.5667,72.0667,54.34165691260664
2024-09-01 11:00:00+05:30,737.0,587.0,235.0,34.6,12.3,45.0,53.0,986.0,100,27.5667,72.0667,64.82769448879739
2024-09-01 12:00:00+05:30,818.0,614.8,249.0,35.9,11.4,40.0,48.0,985.2,100,27.5667,72.0667,70.04552016585814
2024-09-01 13:00:00+05:30,823.0,608.3,253.0,37.1,12.3,37.0,20.0,984.3,100,27.5667,72.0667,73.41874952705757
2024-09-01 14:00:00+05:30,756.0,569.1,250.0,37.8,14.1,35.0,26.0,983.1,100,27.5667,72.0667,68.04789535138256
2024-09-01 15:00:00+05:30,647.0,536.3,226.0,38.1,15.5,34.0,95.0,982.1,100,27.5667,72.0667,55.34852406160522
2024-09-01 16:00:00+05:30,449.0,360.9,221.0,37.9,16.9,34.0,97.0,981.6,100,27.5667,72.0667,37.59911622772629
2024-09-01 17:00:00+05:30,254.0,200.1,166.0,37.0,19.3,36.0,23.0,981.7,100,27.5667,72.0667,20.611951902056806
2024-09-01 18:00:00+05:30,108.0,152.9,74.0,36.2,13.5,39.0,26.0,982.3,100,27.5667,72.0667,7.437691423585317
2024-09-01 19:00:00+05:30,8.0,12.9,7.0,35.4,13.7,40.0,23.0,983.0,100,27.5667,72.0667,0.03964930960794431
2024-09-01 20:00:00+05:30,0.0,0.0,0.0,34.9,13.8,42.0,35.0,983.9,100,27.5667,72.0667,0.0
2024-09-01 21:00:00+05:30,0.0,0.0,0.0,33.7,19.2,48.0,14.0,984.6,100,27.5667,72.0667,0.0
2024-09-01 22:00:00+05:30,0.0,0.0,0.0,32.2,19.9,56.0,10.0,984.7,100,27.5667,72.0667,0.0
2024-09-01 23:00:00+05:30,0.0,0.0,0.0,31.6,18.0,58.0,54.0,984.8,100,27.5667,72.0667,0.0
2024-09-02 00:00:00+05:30,0.0,0.0,0.0,31.0,15.6,61.0,94.0,984.5,100,27.5667,72.0667,0.0
2024-09-02 01:00:00+05:30,0.0,0.0,0.0,30.4,15.5,64.0,100.0,984.3,100,27.5667,72.0667,0.0
2024-09-02 02:00:00+05:30,0.0,0.0,0.0,29.9,13.3,66.0,95.0,984.0,100,27.5667,72.0667,0.0
2024-09-02 03:00:00+05:30,0.0,0.0,0.0,29.4,13.7,67.0,99.0,983.8,100,27.5667,72.0667,0.0
2024-09-02 04:00:00+05:30,0.0,0.0,0.0,29.2,13.0,68.0,100.0,983.9,100,27.5667,72.0667,0.0
2024-09-02 05:00:00+05:30,0.0,0.0,0.0,29.0,11.9,68.0,100.0,984.0,100,27.5667,72.0667,0.0
2024-09-02 06:00:00+05:30,0.0,0.0,0.0,29.1,10.1,68.0,99.0,984.4,100,27.5667,72.0667,0.0
2024-09-02 07:00:00+05:30,56.0,68.0,46.0,29.7,10.8,65.0,96.0,984.8,100,27.5667,72.0667,3.6167516836331632
2024-09-02 08:00:00+05:30,213.0,243.8,126.0,31.0,12.0,59.0,62.0,985.2,100,27.5667,72.0667,17.050426121727988
2024-09-02 09:00:00+05:30,410.0,410.6,180.0,32.5,10.8,53.0,91.0,985.8,100,27.5667,72.0667,35.15492134447685
2024-09-02 10:00:00+05:30,590.0,501.6,224.0,33.9,6.8,48.0,74.0,985.9,100,27.5667,72.0667,51.68586583794556
2024-09-02 11:00:00+05:30,726.0,551.8,255.0,35.1,3.6,44.0,97.0,985.5,100,27.5667,72.0667,62.533728230262234
2024-09-02 12:00:00+05:30,729.0,467.8,297.0,36.3,2.2,41.0,69.0,984.7,100,27.5667,72.0667,61.29539647329693
2024-09-02 13:00:00+05:30,782.0,555.2,263.0,37.2,0.8,39.0,95.0,983.6,100,27.5667,72.0667,65.61387404764373
2024-09-02 14:00:00+05:30,703.0,454.6,300.0,38.0,3.0,37.0,100.0,982.0,100,27.5667,72.0667,56.95510875722652
2024-09-02 15:00:00+05:30,390.0,107.4,306.0,38.1,5.0,36.0,100.0,980.7,100,27.5667,72.0667,32.45520481928241
2024-09-02 16:00:00+05:30,243.0,98.7,181.0,37.7,8.8,37.0,100.0,980.2,100,27.5667,72.0667,20.18061563168597
2024-09-02 17:00:00+05:30,143.0,78.0,109.0,27.3,8.0,83.0,100.0,981.5,100,27.5667,72.0667,12.150603898383702
2024-09-02 18:00:00+05:30,74.0,50.4,63.0,34.2,16.5,47.0,100.0,982.0,100,27.5667,72.0667,5.449535673375878
2024-09-02 19:00:00+05:30,7.0,0.0,7.0,33.8,9.8,48.0,100.0,982.6,100,27.5667,72.0667,0.046833284238350655
2024-09-02 20:00:00+05:30,0.0,0.0,0.0,29.3,6.6,69.0,100.0,983.6,100,27.5667,72.0667,0.0
2024-09-02 21:00:00+05:30,0.0,0.0,0.0,30.2,3.8,65.0,100.0,984.1,100,27.5667,72.0667,0.0
2024-09-02 22:00:00+05:30,0.0,0.0,0.0,30.6,6.6,67.0,100.0,984.3,100,27.5667,72.0667,0.0
2024-09-02 23:00:00+05:30,0.0,0.0,0.0,30.7,3.3,70.0,100.0,984.3,100,27.5667,72.0667,0.0
2024-09-03 00:00:00+05:30,0.0,0.0,0.0,30.3,2.2,72.0,100.0,983.6,100,27.5667,72.0667,0.0
2024-09-03 01:00:00+05:30,0.0,0.0,0.0,29.8,4.0,75.0,100.0,982.9,100,27.5667,72.0667,0.0
2024-09-03 02:00:00+05:30,0.0,0.0,0.0,29.0,8.3,80.0,100.0,982.4,100,27.5667,72.0667,0.0
2024-09-03 03:00:00+05:30,0.0,0.0,0.0,28.5,10.4,79.0,98.0,982.7,100,27.5667,72.0667,0.0
2024-09-03 04:00:00+05:30,0.0,0.0,0.0,28.4,9.2,81.0,91.0,983.0,100,27.5667,72.0667,0.0
2024-09-03 05:00:00+05:30,0.0,0.0,0.0,26.6,10.8,88.0,98.0,983.4,100,27.5667,72.0667,0.0
2024-09-03 06:00:00+05:30,0.0,0.0,0.0,28.6,6.1,79.0,10.0,984.1,100,27.5667,72.0667,0.0
2024-09-03 07:00:00+05:30,55.0,75.2,44.0,29.2,5.4,77.0,2.0,984.5,100,27.5667,72.0667,3.6353714977987805
2024-09-03 08:00:00+05:30,213.0,256.1,122.0,30.3,3.4,72.0,3.0,985.0,100,27.5667,72.0667,16.890847801749626
2024-09-03 09:00:00+05:30,410.0,420.6,175.0,31.6,2.5,65.0,16.0,985.4,100,27.5667,72.0667,35.7624541046235
2024-09-03 10:00:00+05:30,565.0,471.1,222.0,32.4,2.4,62.0,15.0,986.0,100,27.5667,72.0667,49.15775952062407
2024-09-03 11:00:00+05:30,578.0,346.3,283.0,32.1,10.2,61.0,100.0,985.7,100,27.5667,72.0667,49.437423011661316
2024-09-03 12:00:00+05:30,360.0,84.6,282.0,31.5,6.6,65.0,100.0,985.3,100,27.5667,72.0667,31.61747121448471
2024-09-03 13:00:00+05:30,444.0,84.7,365.0,31.9,7.4,65.0,100.0,984.3,100,27.5667,72.0667,38.29815648810172
2024-09-03 14:00:00+05:30,501.0,173.1,348.0,32.2,9.0,64.0,100.0,982.7,100,27.5667,72.0667,43.22813688778789
2024-09-03 15:00:00+05:30,479.0,240.1,292.0,32.5,6.5,61.0,97.0,982.2,100,27.5667,72.0667,40.36321297515622
2024-09-03 16:00:00+05:30,402.0,284.8,224.0,32.7,6.6,60.0,98.0,983.0,100,27.5667,72.0667,33.58844696014156
2024-09-03 17:00:00+05:30,233.0,192.0,150.0,30.9,16.9,68.0,99.0,983.0,100,27.5667,72.0667,19.61325155178531
2024-09-03 18:00:00+05:30,63.0,37.3,55.0,28.8,15.5,78.0,100.0,984.1,100,27.5667,72.0667,4.682779062973175
2024-09-03 19:00:00+05:30,4.0,0.0,4.0,27.7,4.5,85.0,100.0,985.0,100,27.5667,72.0667,0.0
2024-09-03 20:00:00+05:30,0.0,0.0,0.0,27.2,8.9,86.0,100.0,985.4,100,27.5667,72.0667,0.0
2024-09-03 21:00:00+05:30,0.0,0.0,0.0,27.1,5.2,87.0,100.0,985.6,100,27.5667,72.0667,0.0
2024-09-03 22:00:00+05:30,0.0,0.0,0.0,27.1,8.7,88.0,100.0,985.8,100,27.5667,72.0667,0.0
2024-09-03 23:00:00+05:30,0.0,0.0,0.0,26.9,4.7,88.0,100.0,985.1,100,27.5667,72.0667,0.0
2024-09-04 00:00:00+05:30,0.0,0.0,0.0,26.8,3.8,89.0,100.0,984.8,100,27.5667,72.0667,0.0
2024-09-04 01:00:00+05:30,0.0,0.0,0.0,26.5,6.7,90.0,100.0,984.6,100,27.5667,72.0667,0.0
2024-09-04 02:00:00+05:30,0.0,0.0,0.0,25.9,5.4,91.0,100.0,983.8,100,27.5667,72.0667,0.0
2024-09-04 03:00:00+05:30,0.0,0.0,0.0,25.2,8.0,93.0,100.0,983.6,100,27.5667,72.0667,0.0
2024-09-04 04:00:00+05:30,0.0,0.0,0.0,24.9,2.7,93.0,96.0,983.6,100,27.5667,72.0667,0.0
2024-09-04 05:00:00+05:30,0.0,0.0,0.0,24.9,0.8,93.0,100.0,984.2,100,27.5667,72.0667,0.0
2024-09-04 06:00:00+05:30,0.0,0.0,0.0,25.8,6.1,90.0,97.0,984.7,100,27.5667,72.0667,0.0
2024-09-04 07:00:00+05:30,44.0,48.1,37.0,25.9,2.1,89.0,97.0,984.7,100,27.5667,72.0667,2.8674299485980392
2024-09-04 08:00:00+05:30,132.0,76.3,105.0,26.3,1.0,87.0,100.0,985.1,100,27.5667,72.0667,10.59090499206771
2024-09-04 09:00:00+05:30,208.0,50.3,180.0,26.7,3.2,86.0,55.0,985.2,100,27.5667,72.0667,18.147736600984654
2024-09-04 10:00:00+05:30,511.0,375.8,238.0,28.0,1.3,78.0,59.0,985.1,100,27.5667,72.0667,45.46478732368604
2024-09-04 11:00:00+05:30,476.0,212.9,295.0,28.7,2.6,75.0,100.0,984.7,100,27.5667,72.0667,41.1173662925971
2024-09-04 12:00:00+05:30,310.0,32.6,280.0,29.0,2.0,73.0,100.0,984.2,100,27.5667,72.0667,25.961628879714816
2024-09-04 13:00:00+05:30,429.0,134.4,304.0,29.4,2.9,72.0,100.0,983.3,100,27.5667,72.0667,36.904576151879766
2024-09-04 14:00:00+05:30,474.0,144.1,347.0,29.9,2.3,71.0,88.0,981.9,100,27.5667,72.0667,40.98946707117124
2024-09-04 15:00:00+05:30,445.0,241.0,258.0,30.2,5.2,71.0,56.0,980.7,100,27.5667,72.0667,39.087534574014676
2024-09-04 16:00:00+05:30,432.0,350.8,214.0,30.4,5.8,73.0,41.0,980.5,100,27.5667,72.0667,37.34525507106309
2024-09-04 17:00:00+05:30,253.0,259.0,142.0,29.9,4.4,75.0,60.0,980.4,100,27.5667,72.0667,20.945227592552396
2024-09-04 18:00:00+05:30,62.0,14.3,59.0,29.5,5.2,74.0,99.0,981.1,100,27.5667,72.0667,4.7103509821641385
2024-09-04 19:00:00+05:30,6.0,0.0,6.0,28.7,7.3,82.0,52.0,981.5,100,27.5667,72.0667,0.0
2024-09-04 20:00:00+05:30,0.0,0.0,0.0,27.7,10.6,86.0,45.0,981.9,100,27.5667,72.0667,0.0
2024-09-04 21:00:00+05:30,0.0,0.0,0.0,26.8,11.2,91.0,25.0,982.4,100,27.5667,72.0667,0.0
2024-09-04 22:00:00+05:30,0.0,0.0,0.0,26.3,11.8,92.0,31.0,982.7,100,27.5667,72.0667,0.0
2024-09-04 23:00:00+05:30,0.0,0.0,0.0,26.3,11.8,91.0,8.0,982.5,100,27.5667,72.0667,0.0
2024-09-05 00:00:00+05:30,0.0,0.0,0.0,26.0,11.9,91.0,63.0,981.8,100,27.5667,72.0667,0.0
2024-09-05 01:00:00+05:30,0.0,0.0,0.0,25.8,9.8,92.0,91.0,981.1,100,27.5667,72.0667,0.0
2024-09-05 02:00:00+05:30,0.0,0.0,0.0,25.7,9.2,93.0,83.0,980.7,100,27.5667,72.0667,0.0
2024-09-05 03:00:00+05:30,0.0,0.0,0.0,25.6,9.1,94.0,11.0,980.6,100,27.5667,72.0667,0.0
2024-09-05 04:00:00+05:30,0.0,0.0,0.0,25.5,8.2,94.0,10.0,980.6,100,27.5667,72.0667,0.0
2024-09-05 05:00:00+05:30,0.0,0.0,0.0,25.4,7.5,95.0,23.0,981.0,100,27.5667,72.0667,0.0
2024-09-05 06:00:00+05:30,0.0,0.0,0.0,25.7,7.7,95.0,0.0,981.3,100,27.5667,72.0667,0.0
2024-09-05 07:00:00+05:30,56.0,89.9,43.0,26.1,8.9,93.0,5.0,981.9,100,27.5667,72.0667,3.648449900375181
2024-09-05 08:00:00+05:30,219.0,275.4,122.0,27.2,11.4,88.0,4.0,982.5,100,27.5667,72.0667,18.335931101283876
2024-09-05 09:00:00+05:30,420.0,444.5,173.0,28.4,11.5,82.0,19.0,982.7,100,27.5667,72.0667,36.838400790123586
2024-09-05 10:00:00+05:30,567.0,474.6,223.0,29.6,8.2,76.0,22.0,983.0,100,27.5667,72.0667,51.65147355422146
2024-09-05 11:00:00+05:30,704.0,540.0,246.0,30.5,5.1,72.0,22.0,982.6,100,27.5667,72.0667,61.93607773948531
2024-09-05 12:00:00+05:30,766.0,537.4,273.0,31.3,3.6,68.0,18.0,981.8,100,27.5667,72.0667,68.1878619066549
2024-09-05 13:00:00+05:30,787.0,563.8,264.0,31.9,2.3,64.0,18.0,980.9,100,27.5667,72.0667,67.76230419280006
2024-09-05 14:00:00+05:30,724.0,534.0,255.0,32.3,2.6,62.0,25.0,979.9,100,27.5667,72.0667,64.06521692811116
2024-09-05 15:00:00+05:30,621.0,507.3,229.0,32.6,3.7,61.0,16.0,979.1,100,27.5667,72.0667,53.51177132449309
2024-09-05 16:00:00+05:30,464.0,445.0,189.0,32.7,3.1,60.0,16.0,978.8,100,27.5667,72.0667,41.11012680368528
2024-09-05 17:00:00+05:30,278.0,329.7,138.0,32.6,1.6,60.0,10.0,978.6,100,27.5667,72.0667,23.393003046003177
2024-09-05 18:00:00+05:30,101.0,150.5,70.0,31.9,2.9,68.0,8.0,979.2,100,27.5667,72.0667,7.210213250750383
2024-09-05 19:00:00+05:30,6.0,0.0,6.0,30.4,5.8,78.0,7.0,979.5,100,27.5667,72.0667,0.0
2024-09-05 20:00:00+05:30,0.0,0.0,0.0,29.7,8.7,80.0,6.0,980.2,100,27.5667,72.0667,0.0
2024-09-05 21:00:00+05:30,0.0,0.0,0.0,29.1,9.0,82.0,9.0,981.2,100,27.5667,72.0667,0.0
2024-09-05 22:00:00+05:30,0.0,0.0,0.0,28.6,10.4,84.0,7.0,981.5,100,27.5667,72.0667,0.0
2024-09-05 23:00:00+05:30,0.0,0.0,0.0,27.9,12.8,87.0,2.0,981.4,100,27.5667,72.0667,0.0
2024-09-06 00:00:00+05:30,0.0,0.0,0.0,27.5,13.2,88.0,1.0,981.2,100,27.5667,72.0667,0.0
2024-09-06 01:00:00+05:30,0.0,0.0,0.0,27.3,12.5,89.0,2.0,981.1,100,27.5667,72.0667,0.0
2024-09-06 02:00:00+05:30,0.0,0.0,0.0,27.0,11.3,90.0,2.0,980.7,100,27.5667,72.0667,0.0
2024-09-06 03:00:00+05:30,0.0,0.0,0.0,26.8,11.2,91.0,33.0,980.8,100,27.5667,72.0667,0.0
2024-09-06 04:00:00+05:30,0.0,0.0,0.0,26.7,10.2,91.0,26.0,980.9,100,27.5667,72.0667,0.0
2024-09-06 05:00:00+05:30,0.0,0.0,0.0,26.5,11.5,92.0,4.0,981.4,100,27.5667,72.0667,0.0
2024-09-06 06:00:00+05:30,0.0,0.0,0.0,26.7,13.4,92.0,3.0,981.8,100,27.5667,72.0667,0.0
2024-09-06 07:00:00+05:30,57.0,97.3,43.0,27.1,10.1,92.0,6.0,982.5,100,27.5667,72.0667,3.584606708919387
2024-09-06 08:00:00+05:30,212.0,265.2,119.0,28.0,8.2,89.0,6.0,983.3,100,27.5667,72.0667,17.288002632238186
2024-09-06 09:00:00+05:30,402.0,397.1,182.0,29.1,5.9,85.0,5.0,984.2,100,27.5667,72.0667,35.51324116492831
2024-09-06 10:00:00+05:30,568.0,463.3,233.0,27.0,15.3,87.0,96.0,985.0,100,27.5667,72.0667,50.978159086348434
2024-09-06 11:00:00+05:30,565.0,319.0,295.0,28.8,12.2,83.0,43.0,983.9,100,27.5667,72.0667,51.97529987721693
2024-09-06 12:00:00+05:30,718.0,504.8,256.0,30.5,5.5,77.0,6.0,983.7,100,27.5667,72.0667,66.08117002961554
2024-09-06 13:00:00+05:30,807.0,609.6,243.0,31.8,3.6,71.0,4.0,982.9,100,27.5667,72.0667,71.73063538650314
2024-09-06 14:00:00+05:30,770.0,616.8,230.0,32.7,5.1,65.0,5.0,981.8,100,27.5667,72.0667,66.90077936538299
2024-09-06 15:00:00+05:30,621.0,531.5,212.0,33.2,4.8,61.0,10.0,980.7,100,27.5667,72.0667,56.16309552992762
2024-09-06 16:00:00+05:30,464.0,457.3,183.0,33.3,4.7,59.0,15.0,980.4,100,27.5667,72.0667,42.10080707780632
2024-09-06 17:00:00+05:30,267.0,320.8,132.0,33.2,4.1,59.0,19.0,980.7,100,27.5667,72.0667,22.65901960163328
2024-09-06 18:00:00+05:30,89.0,109.0,67.0,32.4,2.9,72.0,100.0,981.4,100,27.5667,72.0667,6.37725414930036
2024-09-06 19:00:00+05:30,4.0,0.0,4.0,31.3,5.3,81.0,100.0,981.8,100,27.5667,72.0667,0.0
2024-09-06 20:00:00+05:30,0.0,0.0,0.0,27.6,27.0,86.0,100.0,983.0,100,27.5667,72.0667,0.0
2024-09-06 21:00:00+05:30,0.0,0.0,0.0,27.8,17.8,87.0,100.0,983.4,100,27.5667,72.0667,0.0
2024-09-06 22:00:00+05:30,0.0,0.0,0.0,26.7,15.9,87.0,100.0,984.1,100,27.5667,72.0667,0.0
2024-09-06 23:00:00+05:30,0.0,0.0,0.0,26.4,14.8,87.0,100.0,984.1,100,27.5667,72.0667,0.0
2024-09-07 00:00:00+05:30,0.0,0.0,0.0,25.9,16.7,88.0,100.0,983.6,100,27.5667,72.0667,0.0
2024-09-07 01:00:00+05:30,0.0,0.0,0.0,26.0,15.0,89.0,95.0,982.8,100,27.5667,72.0667,0.0
2024-09-07 02:00:00+05:30,0.0,0.0,0.0,26.2,14.8,89.0,100.0,982.7,100,27.5667,72.0667,0.0
2024-09-07 03:00:00+05:30,0.0,0.0,0.0,26.2,14.1,89.0,26.0,982.7,100,27.5667,72.0667,0.0
2024-09-07 04:00:00+05:30,0.0,0.0,0.0,26.1,13.2,90.0,14.0,982.9,100,27.5667,72.0667,0.0
2024-09-07 05:00:00+05:30,0.0,0.0,0.0,26.1,12.2,91.0,13.0,983.5,100,27.5667,72.0667,0.0
2024-09-07 06:00:00+05:30,0.0,0.0,0.0,26.3,10.5,90.0,0.0,983.5,100,27.5667,72.0667,0.0
2024-09-07 07:00:00+05:30,55.0,90.8,42.0,26.8,9.2,90.0,0.0,984.3,100,27.5667,72.0667,3.573756722464527
2024-09-07 08:00:00+05:30,220.0,292.2,118.0,27.9,11.9,87.0,0.0,984.6,100,27.5667,72.0667,18.448599794710546
2024-09-07 09:00:00+05:30,420.0,456.1,168.0,29.3,9.5,84.0,0.0,985.4,100,27.5667,72.0667,38.07777309884934
2024-09-07 10:00:00+05:30,603.0,555.8,202.0,30.8,6.2,78.0,26.0,985.2,100,27.5667,72.0667,54.58722472073216
2024-09-07 11:00:00+05:30,714.0,572.0,231.0,31.7,6.1,73.0,3.0,985.1,100,27.5667,72.0667,66.20095549363131
2024-09-07 12:00:00+05:30,790.0,599.0,243.0,32.7,3.2,67.0,14.0,984.3,100,27.5667,72.0667,69.92278514000421
2024-09-07 13:00:00+05:30,790.0,591.7,244.0,33.3,4.9,64.0,10.0,983.8,100,27.5667,72.0667,70.90110407323823
2024-09-07 14:00:00+05:30,748.0,589.0,234.0,33.7,7.3,63.0,23.0,982.8,100,27.5667,72.0667,66.07068328606385
2024-09-07 15:00:00+05:30,594.0,485.5,222.0,33.6,8.7,62.0,21.0,982.1,100,27.5667,72.0667,51.863526766389775
2024-09-07 16:00:00+05:30,428.0,402.7,182.0,34.1,5.6,56.0,21.0,982.1,100,27.5667,72.0667,37.40856056522168
2024-09-07 17:00:00+05:30,259.0,304.6,132.0,33.8,5.9,57.0,24.0,981.9,100,27.5667,72.0667,21.673604788864694
2024-09-07 18:00:00+05:30,95.0,141.6,67.0,32.4,4.0,70.0,13.0,982.4,100,27.5667,72.0667,7.0073308031886725
2024-09-07 19:00:00+05:30,5.0,0.0,5.0,31.6,1.6,76.0,13.0,983.0,100,27.5667,72.0667,0.0
2024-09-07 20:00:00+05:30,0.0,0.0,0.0,30.9,7.3,76.0,22.0,983.4,100,27.5667,72.0667,0.0
2024-09-07 21:00:00+05:30,0.0,0.0,0.0,30.1,9.9,79.0,17.0,984.1,100,27.5667,72.0667,0.0
2024-09-07 22:00:00+05:30,0.0,0.0,0.0,29.2,8.5,85.0,14.0,984.3,100,27.5667,72.0667,0.0
2024-09-07 23:00:00+05:30,0.0,0.0,0.0,28.6,8.9,87.0,3.0,984.3,100,27.5667,72.0667,0.0
2024-09-08 00:00:00+05:30,0.0,0.0,0.0,28.2,9.3,89.0,13.0,984.3,100,27.5667,72.0667,0.0
2024-09-08 01:00:00+05:30,0.0,0.0,0.0,27.8,12.2,89.0,20.0,984.1,100,27.5667,72.0667,0.0
2024-09-08 02:00:00+05:30,0.0,0.0,0.0,27.7,11.9,88.0,17.0,983.9,100,27.5667,72.0667,0.0
2024-09-08 03:00:00+05:30,0.0,0.0,0.0,27.5,12.8,89.0,56.0,983.9,100,27.5667,72.0667,0.0
2024-09-08 04:00:00+05:30,0.0,0.0,0.0,27.2,12.9,90.0,24.0,984.0,100,27.5667,72.0667,0.0
2024-09-08 05:00:00+05:30,0.0,0.0,0.0,27.0,13.0,90.0,35.0,984.2,100,27.5667,72.0667,0.0
2024-09-08 06:00:00+05:30,0.0,0.0,0.0,27.3,10.7,89.0,13.0,984.6,100,27.5667,72.0667,0.0
2024-09-08 07:00:00+05:30,55.0,91.3,42.0,27.7,8.7,88.0,10.0,985.0,100,27.5667,72.0667,3.5347429956232435
2024-09-08 08:00:00+05:30,220.0,290.7,119.0,28.8,10.5,83.0,16.0,985.5,100,27.5667,72.0667,18.060857416391148
2024-09-08 09:00:00+05:30,421.0,457.5,169.0,30.2,10.4,77.0,24.0,985.9,100,27.5667,72.0667,37.71558587399993
2024-09-08 10:00:00+05:30,605.0,558.6,203.0,31.7,10.3,72.0,20.0,985.8,100,27.5667,72.0667,55.3163351265088
2024-09-08 11:00:00+05:30,749.0,622.0,225.0,32.8,10.0,67.0,38.0,985.3,100,27.5667,72.0667,67.65954442755692
2024-09-08 12:00:00+05:30,777.0,573.1,255.0,33.8,7.9,61.0,12.0,984.7,100,27.5667,72.0667,71.08072285240105
2024-09-08 13:00:00+05:30,792.0,576.0,262.0,34.4,7.2,57.0,13.0,983.8,100,27.5667,72.0667,69.68031385188773
2024-09-08 14:00:00+05:30,734.0,556.5,250.0,34.8,6.0,54.0,19.0,983.1,100,27.5667,72.0667,63.30425380384126
2024-09-08 15:00:00+05:30,604.0,515.1,211.0,35.0,3.7,51.0,9.0,982.3,100,27.5667,72.0667,54.182367109623954
2024-09-08 16:00:00+05:30,430.0,408.4,182.0,35.1,5.5,51.0,32.0,981.9,100,27.5667,72.0667,37.14501150592639
2024-09-08 17:00:00+05:30,262.0,309.9,134.0,34.4,6.8,53.0,22.0,981.5,100,27.5667,72.0667,21.599279418414763
2024-09-08 18:00:00+05:30,95.0,149.8,66.0,32.8,6.9,66.0,6.0,982.1,100,27.5667,72.0667,6.8226565797653285
2024-09-08 19:00:00+05:30,5.0,0.0,5.0,30.9,10.6,73.0,6.0,982.2,100,27.5667,72.0667,0.0
2024-09-08 20:00:00+05:30,0.0,0.0,0.0,30.3,11.2,74.0,2.0,982.6,100,27.5667,72.0667,0.0
2024-09-08 21:00:00+05:30,0.0,0.0,0.0,29.9,11.8,75.0,0.0,983.0,100,27.5667,72.0667,0.0
2024-09-08 22:00:00+05:30,0.0,0.0,0.0,29.4,12.6,77.0,0.0,983.0,100,27.5667,72.0667,0.0
2024-09-08 23:00:00+05:30,0.0,0.0,0.0,29.0,14.8,79.0,0.0,982.9,100,27.5667,72.0667,0.0
2024-09-09 00:00:00+05:30,0.0,0.0,0.0,28.8,16.6,81.0,0.0,982.9,100,27.5667,72.0667,0.0
2024-09-09 01:00:00+05:30,0.0,0.0,0.0,28.4,17.6,83.0,0.0,982.5,100,27.5667,72.0667,0.0
2024-09-09 02:00:00+05:30,0.0,0.0,0.0,27.9,17.3,84.0,0.0,982.2,100,27.5667,72.0667,0.0
2024-09-09 03:00:00+05:30,0.0,0.0,0.0,27.6,16.7,85.0,9.0,982.1,100,27.5667,72.0667,0.0
2024-09-09 04:00:00+05:30,0.0,0.0,0.0,27.4,16.4,85.0,9.0,981.9,100,27.5667,72.0667,0.0
2024-09-09 05:00:00+05:30,0.0,0.0,0.0,27.2,15.7,86.0,4.0,982.1,100,27.5667,72.0667,0.0
2024-09-09 06:00:00+05:30,0.0,0.0,0.0,27.4,13.7,85.0,5.0,982.5,100,27.5667,72.0667,0.0
2024-09-09 07:00:00+05:30,54.0,91.9,41.0,27.9,13.1,84.0,0.0,983.0,100,27.5667,72.0667,3.468086526886827
2024-09-09 08:00:00+05:30,220.0,297.8,117.0,29.2,16.2,78.0,0.0,983.4,100,27.5667,72.0667,18.475438343786674
2024-09-09 09:00:00+05:30,422.0,466.2,166.0,30.7,17.9,72.0,0.0,983.6,100,27.5667,72.0667,38.925938336524446
2024-09-09 10:00:00+05:30,608.0,569.7,199.0,32.3,18.8,65.0,0.0,983.5,100,27.5667,72.0667,56.80232045497701
2024-09-09 11:00:00+05:30,749.0,629.4,220.0,33.8,18.4,59.0,5.0,983.0,100,27.5667,72.0667,71.41160211258445
2024-09-09 12:00:00+05:30,809.0,633.9,233.0,35.1,15.0,53.0,6.0,982.3,100,27.5667,72.0667,75.27583473264721
2024-09-09 13:00:00+05:30,827.0,646.2,234.0,36.0,11.9,47.0,4.0,981.3,100,27.5667,72.0667,76.03322735618409
2024-09-09 14:00:00+05:30,742.0,591.8,229.0,36.5,10.8,44.0,18.0,980.2,100,27.5667,72.0667,67.46478051933775
2024-09-09 15:00:00+05:30,623.0,537.0,215.0,36.7,10.8,42.0,5.0,979.3,100,27.5667,72.0667,56.28132617152382
2024-09-09 16:00:00+05:30,472.0,492.0,175.0,37.0,10.5,39.0,11.0,978.6,100,27.5667,72.0667,41.13732427776477
2024-09-09 17:00:00+05:30,262.0,320.2,131.0,36.5,8.3,39.0,46.0,978.6,100,27.5667,72.0667,22.453038748710732
2024-09-09 18:00:00+05:30,93.0,153.1,64.0,34.4,6.5,49.0,13.0,979.6,100,27.5667,72.0667,6.512272278495823
2024-09-09 19:00:00+05:30,4.0,0.0,4.0,32.9,5.5,60.0,8.0,979.7,100,27.5667,72.0667,0.0
2024-09-09 20:00:00+05:30,0.0,0.0,0.0,32.4,10.7,58.0,17.0,980.1,100,27.5667,72.0667,0.0
2024-09-09 21:00:00+05:30,0.0,0.0,0.0,31.7,8.5,59.0,13.0,980.6,100,27.5667,72.0667,0.0
2024-09-09 22:00:00+05:30,0.0,0.0,0.0,30.8,13.3,64.0,20.0,980.7,100,27.5667,72.0667,0.0
2024-09-09 23:00:00+05:30,0.0,0.0,0.0,29.4,17.0,71.0,7.0,980.6,100,27.5667,72.0667,0.0
2024-09-10 00:00:00+05:30,0.0,0.0,0.0,29.1,16.5,72.0,0.0,980.3,100,27.5667,72.0667,0.0
2024-09-10 01:00:00+05:30,0.0,0.0,0.0,28.5,13.2,75.0,1.0,980.0,100,27.5667,72.0667,0.0
2024-09-10 02:00:00+05:30,0.0,0.0,0.0,28.2,10.8,77.0,8.0,979.7,100,27.5667,72.0667,0.0
2024-09-10 03:00:00+05:30,0.0,0.0,0.0,27.9,14.6,80.0,9.0,979.7,100,27.5667,72.0667,0.0
2024-09-10 04:00:00+05:30,0.0,0.0,0.0,27.5,15.7,82.0,4.0,979.9,100,27.5667,72.0667,0.0
2024-09-10 05:00:00+05:30,0.0,0.0,0.0,27.3,14.2,84.0,2.0,980.6,100,27.5667,72.0667,0.0
2024-09-10 06:00:00+05:30,0.0,0.0,0.0,27.6,12.9,83.0,12.0,981.2,100,27.5667,72.0667,0.0
2024-09-10 07:00:00+05:30,52.0,85.3,40.0,28.1,11.9,82.0,6.0,981.6,100,27.5667,72.0667,3.4158505324810906
2024-09-10 08:00:00+05:30,213.0,281.8,116.0,29.2,14.2,76.0,13.0,982.2,100,27.5667,72.0667,17.35639747510747
2024-09-10 09:00:00+05:30,407.0,434.7,169.0,30.9,15.1,68.0,8.0,982.8,100,27.5667,72.0667,37.27265867966731
2024-09-10 10:00:00+05:30,593.0,544.6,203.0,32.8,14.0,58.0,10.0,982.8,100,27.5667,72.0667,55.30371427706948
2024-09-10 11:00:00+05:30,731.0,603.5,225.0,34.5,12.0,50.0,12.0,982.3,100,27.5667,72.0667,65.96497420052361
2024-09-10 12:00:00+05:30,795.0,604.6,247.0,35.4,8.3,47.0,13.0,981.6,100,27.5667,72.0667,69.98573341054602
2024-09-10 13:00:00+05:30,777.0,588.0,239.0,36.1,6.9,44.0,16.0,980.7,100,27.5667,72.0667,68.89656025050286
2024-09-10 14:00:00+05:30,707.0,542.9,238.0,36.6,6.2,41.0,24.0,979.6,100,27.5667,72.0667,63.97723486549118
2024-09-10 15:00:00+05:30,622.0,540.7,213.0,36.8,6.1,38.0,27.0,978.7,100,27.5667,72.0667,54.65145977589462
2024-09-10 16:00:00+05:30,425.0,400.1,185.0,36.7,3.1,36.0,10.0,978.3,100,27.5667,72.0667,36.25637123668124
2024-09-10 17:00:00+05:30,261.0,320.9,131.0,37.0,4.3,35.0,14.0,978.0,100,27.5667,72.0667,22.011323674097927
2024-09-10 18:00:00+05:30,92.0,151.2,64.0,36.5,10.3,32.0,7.0,978.7,100,27.5667,72.0667,6.5299819946795585
2024-09-10 19:00:00+05:30,4.0,0.0,4.0,35.1,8.4,36.0,6.0,979.3,100,27.5667,72.0667,0.0
2024-09-10 20:00:00+05:30,0.0,0.0,0.0,33.6,10.6,42.0,4.0,979.9,100,27.5667,72.0667,0.0
2024-09-10 21:00:00+05:30,0.0,0.0,0.0,31.6,13.2,56.0,8.0,980.7,100,27.5667,72.0667,0.0
2024-09-10 22:00:00+05:30,0.0,0.0,0.0,31.0,15.5,60.0,11.0,980.9,100,27.5667,72.0667,0.0
2024-09-10 23:00:00+05:30,0.0,0.0,0.0,30.5,13.0,61.0,3.0,980.7,100,27.5667,72.0667,0.0
2024-09-11 00:00:00+05:30,0.0,0.0,0.0,30.1,13.0,62.0,0.0,980.4,100,27.5667,72.0667,0.0
2024-09-11 01:00:00+05:30,0.0,0.0,0.0,29.9,15.6,64.0,0.0,979.7,100,27.5667,72.0667,0.0
2024-09-11 02:00:00+05:30,0.0,0.0,0.0,29.4,18.2,67.0,1.0,979.4,100,27.5667,72.0667,0.0
2024-09-11 03:00:00+05:30,0.0,0.0,0.0,28.8,18.9,70.0,0.0,979.5,100,27.5667,72.0667,0.0
2024-09-11 04:00:00+05:30,0.0,0.0,0.0,28.4,18.8,73.0,1.0,979.8,100,27.5667,72.0667,0.0
2024-09-11 05:00:00+05:30,0.0,0.0,0.0,28.1,17.3,74.0,1.0,980.3,100,27.5667,72.0667,0.0
2024-09-11 06:00:00+05:30,0.0,0.0,0.0,28.4,14.3,73.0,0.0,981.2,100,27.5667,72.0667,0.0
2024-09-11 07:00:00+05:30,53.0,92.9,40.0,29.0,12.1,71.0,0.0,981.8,100,27.5667,72.0667,3.5041442970778127
2024-09-11 08:00:00+05:30,220.0,306.5,115.0,30.7,15.5,63.0,0.0,982.4,100,27.5667,72.0667,18.64543999734627
2024-09-11 09:00:00+05:30,422.0,472.7,164.0,32.5,16.2,55.0,0.0,982.8,100,27.5667,72.0667,39.43660456747303
2024-09-11 10:00:00+05:30,607.0,575.4,196.0,34.4,15.3,50.0,0.0,983.0,100,27.5667,72.0667,57.34951857436538
2024-09-11 11:00:00+05:30,749.0,636.0,217.0,36.2,11.9,42.0,29.0,982.2,100,27.5667,72.0667,67.38264753742155
2024-09-11 12:00:00+05:30,761.0,560.9,254.0,37.4,8.4,34.0,16.0,981.3,100,27.5667,72.0667,67.1259756107587
2024-09-11 13:00:00+05:30,786.0,602.9,236.0,38.3,6.6,31.0,14.0,980.5,100,27.5667,72.0667,69.28917544817052
2024-09-11 14:00:00+05:30,748.0,608.8,224.0,38.8,8.2,27.0,22.0,979.5,100,27.5667,72.0667,66.3209911086054
2024-09-11 15:00:00+05:30,620.0,545.9,209.0,39.2,12.1,26.0,7.0,978.8,100,27.5667,72.0667,56.624259486401606
2024-09-11 16:00:00+05:30,447.0,456.3,175.0,39.6,15.7,24.0,11.0,978.2,100,27.5667,72.0667,39.04205733370713
2024-09-11 17:00:00+05:30,268.0,344.1,130.0,39.6,19.4,22.0,5.0,978.0,100,27.5667,72.0667,22.884877310315353
2024-09-11 18:00:00+05:30,89.0,149.2,62.0,37.6,10.4,30.0,28.0,979.8,100,27.5667,72.0667,6.29069731363382
2024-09-11 19:00:00+05:30,3.0,0.0,3.0,36.1,13.1,34.0,21.0,980.4,100,27.5667,72.0667,0.0
2024-09-11 20:00:00+05:30,0.0,0.0,0.0,35.4,12.4,36.0,10.0,980.9,100,27.5667,72.0667,0.0
2024-09-11 21:00:00+05:30,0.0,0.0,0.0,34.4,8.9,39.0,1.0,981.1,100,27.5667,72.0667,0.0
2024-09-11 22:00:00+05:30,0.0,0.0,0.0,32.7,7.1,46.0,1.0,981.0,100,27.5667,72.0667,0.0
2024-09-11 23:00:00+05:30,0.0,0.0,0.0,31.5,10.5,53.0,10.0,980.7,100,27.5667,72.0667,0.0
2024-09-12 00:00:00+05:30,0.0,0.0,0.0,30.6,10.7,56.0,7.0,980.2,100,27.5667,72.0667,0.0
2024-09-12 01:00:00+05:30,0.0,0.0,0.0,30.1,9.0,56.0,29.0,979.3,100,27.5667,72.0667,0.0
2024-09-12 02:00:00+05:30,0.0,0.0,0.0,29.4,11.9,59.0,100.0,978.9,100,27.5667,72.0667,0.0
2024-09-12 03:00:00+05:30,0.0,0.0,0.0,28.9,15.5,63.0,89.0,979.1,100,27.5667,72.0667,0.0
2024-09-12 04:00:00+05:30,0.0,0.0,0.0,28.7,18.8,63.0,30.0,979.4,100,27.5667,72.0667,0.0
2024-09-12 05:00:00+05:30,0.0,0.0,0.0,28.7,18.9,64.0,67.0,980.2,100,27.5667,72.0667,0.0
2024-09-12 06:00:00+05:30,0.0,0.0,0.0,28.7,20.9,72.0,82.0,980.4,100,27.5667,72.0667,0.0
2024-09-12 07:00:00+05:30,53.0,100.7,39.0,29.3,20.5,69.0,91.0,980.9,100,27.5667,72.0667,3.177110819017749
2024-09-12 08:00:00+05:30,220.0,310.9,114.0,30.9,23.8,63.0,54.0,981.6,100,27.5667,72.0667,18.670773233064818
2024-09-12 09:00:00+05:30,422.0,470.5,166.0,32.8,25.9,56.0,86.0,982.0,100,27.5667,72.0667,37.78648518932115
2024-09-12 10:00:00+05:30,607.0,578.4,195.0,34.9,25.4,49.0,88.0,982.1,100,27.5667,72.0667,54.851614496208335
2024-09-12 11:00:00+05:30,747.0,637.7,215.0,36.6,19.9,41.0,37.0,981.7,100,27.5667,72.0667,69.07706108327375
2024-09-12 12:00:00+05:30,732.0,536.9,248.0,37.6,17.0,36.0,36.0,981.0,100,27.5667,72.0667,67.37532279630284
2024-09-12 13:00:00+05:30,827.0,661.9,225.0,38.8,15.2,32.0,9.0,980.2,100,27.5667,72.0667,74.34520457212119
2024-09-12 14:00:00+05:30,732.0,586.5,229.0,39.6,14.5,28.0,15.0,979.3,100,27.5667,72.0667,65.96818084693705
2024-09-12 15:00:00+05:30,620.0,552.4,206.0,40.0,14.1,26.0,14.0,978.7,100,27.5667,72.0667,54.431204815530045
2024-09-12 16:00:00+05:30,443.0,459.2,171.0,39.9,15.0,26.0,20.0,978.3,100,27.5667,72.0667,40.70834938706664
2024-09-12 17:00:00+05:30,249.0,307.4,127.0,39.7,15.5,25.0,26.0,978.2,100,27.5667,72.0667,20.690115382649093
2024-09-12 18:00:00+05:30,84.0,141.5,59.0,37.8,5.1,29.0,17.0,979.3,100,27.5667,72.0667,5.76682436527806
2024-09-12 19:00:00+05:30,3.0,0.0,3.0,35.8,9.7,35.0,9.0,979.7,100,27.5667,72.0667,0.0
2024-09-12 20:00:00+05:30,0.0,0.0,0.0,34.7,14.6,38.0,6.0,980.2,100,27.5667,72.0667,0.0
2024-09-12 21:00:00+05:30,0.0,0.0,0.0,33.6,24.9,47.0,0.0,980.6,100,27.5667,72.0667,0.0
2024-09-12 22:00:00+05:30,0.0,0.0,0.0,32.2,28.2,57.0,1.0,980.8,100,27.5667,72.0667,0.0
2024-09-12 23:00:00+05:30,0.0,0.0,0.0,31.4,30.2,61.0,2.0,980.7,100,27.5667,72.0667,0.0
2024-09-13 00:00:00+05:30,0.0,0.0,0.0,30.8,30.6,63.0,0.0,980.4,100,27.5667,72.0667,0.0
2024-09-13 01:00:00+05:30,0.0,0.0,0.0,30.2,31.9,65.0,0.0,979.9,100,27.5667,72.0667,0.0
2024-09-13 02:00:00+05:30,0.0,0.0,0.0,29.3,30.8,69.0,3.0,979.5,100,27.5667,72.0667,0.0
2024-09-13 03:00:00+05:30,0.0,0.0,0.0,28.4,28.2,72.0,0.0,979.7,100,27.5667,72.0667,0.0
2024-09-13 04:00:00+05:30,0.0,0.0,0.0,27.6,24.7,77.0,0.0,980.4,100,27.5667,72.0667,0.0
2024-09-13 05:00:00+05:30,0.0,0.0,0.0,26.9,21.4,80.0,3.0,981.0,100,27.5667,72.0667,0.0
2024-09-13 06:00:00+05:30,0.0,0.0,0.0,26.4,25.8,82.0,0.0,981.1,100,27.5667,72.0667,0.0
2024-09-13 07:00:00+05:30,53.0,94.0,40.0,26.5,23.3,81.0,0.0,981.4,100,27.5667,72.0667,3.5927769456031426
2024-09-13 08:00:00+05:30,224.0,318.4,116.0,27.7,22.1,74.0,0.0,982.0,100,27.5667,72.0667,19.52208714301385
2024-09-13 09:00:00+05:30,431.0,492.3,164.0,29.7,22.3,65.0,0.0,982.3,100,27.5667,72.0667,40.517317429190115
2024-09-13 10:00:00+05:30,620.0,598.2,195.0,32.1,26.0,55.0,0.0,982.4,100,27.5667,72.0667,61.10638763677562
2024-09-13 11:00:00+05:30,762.0,657.3,215.0,33.7,28.1,49.0,0.0,981.9,100,27.5667,72.0667,73.8097635574281
2024-09-13 12:00:00+05:30,842.0,686.3,225.0,35.0,28.4,45.0,0.0,981.3,100,27.5667,72.0667,82.1074167555009
2024-09-13 13:00:00+05:30,850.0,688.2,226.0,36.1,28.7,40.0,0.0,980.5,100,27.5667,72.0667,79.12366809090837
2024-09-13 14:00:00+05:30,788.0,668.3,217.0,36.8,28.6,37.0,0.0,979.8,100,27.5667,72.0667,75.67693652015832
2024-09-13 15:00:00+05:30,659.0,616.7,199.0,37.0,28.6,35.0,1.0,979.2,100,27.5667,72.0667,63.05596123554322
2024-09-13 16:00:00+05:30,465.0,499.7,171.0,36.6,29.6,36.0,0.0,978.8,100,27.5667,72.0667,43.336359281162096
2024-09-13 17:00:00+05:30,271.0,366.6,127.0,35.5,30.7,39.0,0.0,978.8,100,27.5667,72.0667,23.101652110556156
2024-09-13 18:00:00+05:30,88.0,156.7,61.0,33.5,24.2,46.0,1.0,980.2,100,27.5667,72.0667,6.388461053688134
2024-09-13 19:00:00+05:30,3.0,0.0,3.0,32.4,20.7,50.0,0.0,980.6,100,27.5667,72.0667,0.0
2024-09-13 20:00:00+05:30,0.0,0.0,0.0,31.5,22.2,53.0,1.0,980.9,100,27.5667,72.0667,0.0
2024-09-13 21:00:00+05:30,0.0,0.0,0.0,30.6,21.9,57.0,1.0,981.6,100,27.5667,72.0667,0.0
2024-09-13 22:00:00+05:30,0.0,0.0,0.0,29.8,22.1,59.0,0.0,981.7,100,27.5667,72.0667,0.0
2024-09-13 23:00:00+05:30,0.0,0.0,0.0,29.0,21.5,62.0,0.0,981.5,100,27.5667,72.0667,0.0
2024-09-14 00:00:00+05:30,0.0,0.0,0.0,28.1,23.2,67.0,0.0,981.1,100,27.5667,72.0667,0.0
2024-09-14 01:00:00+05:30,0.0,0.0,0.0,27.3,24.2,72.0,0.0,980.8,100,27.5667,72.0667,0.0
2024-09-14 02:00:00+05:30,0.0,0.0,0.0,26.8,22.1,73.0,0.0,980.7,100,27.5667,72.0667,0.0
2024-09-14 03:00:00+05:30,0.0,0.0,0.0,26.2,19.8,74.0,0.0,980.9,100,27.5667,72.0667,0.0
2024-09-14 04:00:00+05:30,0.0,0.0,0.0,25.6,18.7,77.0,0.0,981.1,100,27.5667,72.0667,0.0
2024-09-14 05:00:00+05:30,0.0,0.0,0.0,25.0,18.6,80.0,0.0,981.4,100,27.5667,72.0667,0.0
2024-09-14 06:00:00+05:30,0.0,0.0,0.0,24.7,18.8,82.0,0.0,981.5,100,27.5667,72.0667,0.0
2024-09-14 07:00:00+05:30,52.0,94.6,39.0,24.9,20.9,81.0,0.0,982.2,100,27.5667,72.0667,3.4889583714549794
2024-09-14 08:00:00+05:30,221.0,314.0,115.0,25.9,22.2,76.0,4.0,982.8,100,27.5667,72.0667,19.398334656888178
2024-09-14 09:00:00+05:30,424.0,471.7,169.0,27.4,23.3,67.0,4.0,983.3,100,27.5667,72.0667,39.6520675888806
2024-09-14 10:00:00+05:30,610.0,575.9,202.0,28.9,24.7,59.0,6.0,983.5,100,27.5667,72.0667,58.75150491347543
2024-09-14 11:00:00+05:30,746.0,625.4,227.0,30.5,24.9,52.0,4.0,983.1,100,27.5667,72.0667,72.36843336817849
2024-09-14 12:00:00+05:30,831.0,669.2,231.0,32.0,24.5,47.0,1.0,982.5,100,27.5667,72.0667,80.22202683846848
2024-09-14 13:00:00+05:30,844.0,682.7,227.0,33.3,24.2,42.0,0.0,981.6,100,27.5667,72.0667,81.43465245567526
2024-09-14 14:00:00+05:30,781.0,662.6,217.0,34.2,23.8,39.0,0.0,980.7,100,27.5667,72.0667,76.49957856927368
2024-09-14 15:00:00+05:30,653.0,613.0,198.0,34.6,24.2,38.0,0.0,980.2,100,27.5667,72.0667,61.46741665227739
2024-09-14 16:00:00+05:30,475.0,521.9,170.0,34.7,23.7,37.0,0.0,979.9,100,27.5667,72.0667,43.850079713861845
2024-09-14 17:00:00+05:30,270.0,370.6,126.0,34.3,23.5,38.0,0.0,979.9,100,27.5667,72.0667,24.10503677695557
2024-09-14 18:00:00+05:30,86.0,154.9,60.0,31.9,17.7,44.0,0.0,981.5,100,27.5667,72.0667,6.381732782735056
2024-09-14 19:00:00+05:30,2.0,0.0,2.0,30.9,15.5,48.0,1.0,981.9,100,27.5667,72.0667,0.0
2024-09-14 20:00:00+05:30,0.0,0.0,0.0,29.9,16.7,51.0,1.0,982.5,100,27.5667,72.0667,0.0
2024-09-14 21:00:00+05:30,0.0,0.0,0.0,29.0,14.9,54.0,0.0,983.3,100,27.5667,72.0667,0.0
2024-09-14 22:00:00+05:30,0.0,0.0,0.0,28.3,13.0,56.0,0.0,983.6,100,27.5667,72.0667,0.0
2024-09-14 23:00:00+05:30,0.0,0.0,0.0,27.4,13.9,60.0,0.0,983.6,100,27.5667,72.0667,0.0
2024-09-15 00:00:00+05:30,0.0,0.0,0.0,26.3,16.8,65.0,0.0,983.3,100,27.5667,72.0667,0.0
2024-09-15 01:00:00+05:30,0.0,0.0,0.0,25.9,15.8,67.0,0.0,982.9,100,27.5667,72.0667,0.0
2024-09-15 02:00:00+05:30,0.0,0.0,0.0,25.4,15.5,70.0,0.0,982.7,100,27.5667,72.0667,0.0
2024-09-15 03:00:00+05:30,0.0,0.0,0.0,25.0,15.9,73.0,0.0,982.9,100,27.5667,72.0667,0.0
2024-09-15 04:00:00+05:30,0.0,0.0,0.0,24.7,16.5,75.0,0.0,982.8,100,27.5667,72.0667,0.0
2024-09-15 05:00:00+05:30,0.0,0.0,0.0,24.4,16.5,78.0,2.0,983.2,100,27.5667,72.0667,0.0
2024-09-15 06:00:00+05:30,0.0,0.0,0.0,24.9,15.7,79.0,0.0,983.6,100,27.5667,72.0667,0.0
2024-09-15 07:00:00+05:30,51.0,95.2,38.0,25.4,16.2,79.0,0.0,984.0,100,27.5667,72.0667,3.465795535813816
2024-09-15 08:00:00+05:30,220.0,312.6,115.0,26.9,18.1,71.0,0.0,984.7,100,27.5667,72.0667,19.542051427422376
2024-09-15 09:00:00+05:30,425.0,484.4,164.0,29.3,19.5,59.0,0.0,985.0,100,27.5667,72.0667,40.025154917802375
2024-09-15 10:00:00+05:30,613.0,590.2,196.0,31.1,17.8,51.0,0.0,985.1,100,27.5667,72.0667,57.74605508027951
2024-09-15 11:00:00+05:30,755.0,650.0,217.0,32.3,15.0,46.0,0.0,984.9,100,27.5667,72.0667,70.21043033075301
2024-09-15 12:00:00+05:30,834.0,679.0,227.0,33.3,13.8,41.0,0.0,984.5,100,27.5667,72.0667,76.88866180001563
2024-09-15 13:00:00+05:30,843.0,684.9,226.0,34.2,13.0,38.0,0.0,983.7,100,27.5667,72.0667,78.37244426136888
2024-09-15 14:00:00+05:30,781.0,665.2,217.0,35.0,12.2,35.0,0.0,982.8,100,27.5667,72.0667,73.25637515376229
2024-09-15 15:00:00+05:30,653.0,614.7,199.0,35.4,11.4,35.0,0.0,982.2,100,27.5667,72.0667,60.970220993602524
2024-09-15 16:00:00+05:30,473.0,523.7,169.0,35.7,11.2,33.0,11.0,981.8,100,27.5667,72.0667,43.84346774497218
2024-09-15 17:00:00+05:30,265.0,361.7,126.0,35.3,14.2,35.0,4.0,981.8,100,27.5667,72.0667,23.13617535478064
2024-09-15 18:00:00+05:30,81.0,146.9,57.0,33.1,16.6,42.0,21.0,983.0,100,27.5667,72.0667,5.910423053940894
2024-09-15 19:00:00+05:30,2.0,0.0,2.0,32.2,17.4,45.0,27.0,983.4,100,27.5667,72.0667,0.0
2024-09-15 20:00:00+05:30,0.0,0.0,0.0,31.2,19.8,48.0,13.0,984.1,100,27.5667,72.0667,0.0
2024-09-15 21:00:00+05:30,0.0,0.0,0.0,30.2,18.8,51.0,8.0,984.9,100,27.5667,72.0667,0.0
2024-09-15 22:00:00+05:30,0.0,0.0,0.0,29.5,16.5,55.0,2.0,985.3,100,27.5667,72.0667,0.0
2024-09-15 23:00:00+05:30,0.0,0.0,0.0,28.8,14.6,58.0,1.0,985.0,100,27.5667,72.0667,0.0
2024-09-16 00:00:00+05:30,0.0,0.0,0.0,28.2,14.7,60.0,0.0,984.4,100,27.5667,72.0667,0.0
2024-09-16 01:00:00+05:30,0.0,0.0,0.0,27.0,15.9,66.0,0.0,984.0,100,27.5667,72.0667,0.0
2024-09-16 02:00:00+05:30,0.0,0.0,0.0,25.8,18.1,70.0,0.0,983.9,100,27.5667,72.0667,0.0
2024-09-16 03:00:00+05:30,0.0,0.0,0.0,25.5,17.9,71.0,0.0,983.9,100,27.5667,72.0667,0.0
2024-09-16 04:00:00+05:30,0.0,0.0,0.0,25.3,17.0,72.0,0.0,984.0,100,27.5667,72.0667,0.0
2024-09-16 05:00:00+05:30,0.0,0.0,0.0,24.9,15.6,74.0,0.0,984.3,100,27.5667,72.0667,0.0
2024-09-16 06:00:00+05:30,0.0,0.0,0.0,25.0,17.1,75.0,0.0,984.8,100,27.5667,72.0667,0.0
2024-09-16 07:00:00+05:30,50.0,95.7,37.0,25.6,15.0,74.0,0.0,985.5,100,27.5667,72.0667,3.2068404376776063
2024-09-16 08:00:00+05:30,218.0,314.2,113.0,27.3,17.7,70.0,0.0,986.2,100,27.5667,72.0667,19.507117992817914
2024-09-16 09:00:00+05:30,423.0,486.1,162.0,29.4,19.0,63.0,0.0,986.7,100,27.5667,72.0667,40.04007312067245
2024-09-16 10:00:00+05:30,610.0,590.5,194.0,31.4,18.0,54.0,0.0,986.8,100,27.5667,72.0667,58.377061735988484
2024-09-16 11:00:00+05:30,752.0,651.8,214.0,33.0,14.8,46.0,0.0,986.6,100,27.5667,72.0667,70.92234547844403
2024-09-16 12:00:00+05:30,831.0,681.0,224.0,34.2,12.3,39.0,0.0,986.0,100,27.5667,72.0667,76.3904630410503
2024-09-16 13:00:00+05:30,842.0,686.1,226.0,35.2,10.9,35.0,0.0,985.4,100,27.5667,72.0667,78.36098178350188
2024-09-16 14:00:00+05:30,777.0,663.2,217.0,35.9,11.0,32.0,1.0,984.6,100,27.5667,72.0667,72.92771241485549
2024-09-16 15:00:00+05:30,646.0,609.7,198.0,36.4,10.5,30.0,3.0,984.1,100,27.5667,72.0667,59.90729210155952
2024-09-16 16:00:00+05:30,457.0,503.1,167.0,36.6,9.4,28.0,6.0,983.6,100,27.5667,72.0667,42.41361303448803
2024-09-16 17:00:00+05:30,257.0,350.1,124.0,36.6,10.1,27.0,4.0,983.5,100,27.5667,72.0667,21.92100607693154
2024-09-16 18:00:00+05:30,80.0,149.9,56.0,34.3,14.1,37.0,2.0,984.4,100,27.5667,72.0667,5.675255749578127
2024-09-16 19:00:00+05:30,1.0,0.0,1.0,33.0,16.2,44.0,8.0,984.6,100,27.5667,72.0667,0.0
2024-09-16 20:00:00+05:30,0.0,0.0,0.0,32.1,16.8,47.0,3.0,985.4,100,27.5667,72.0667,0.0
2024-09-16 21:00:00+05:30,0.0,0.0,0.0,31.0,17.0,51.0,1.0,986.3,100,27.5667,72.0667,0.0
2024-09-16 22:00:00+05:30,0.0,0.0,0.0,30.1,18.7,54.0,0.0,986.5,100,27.5667,72.0667,0.0
2024-09-16 23:00:00+05:30,0.0,0.0,0.0,29.2,18.5,57.0,0.0,986.6,100,27.5667,72.0667,0.0
2024-09-17 00:00:00+05:30,0.0,0.0,0.0,28.5,18.9,59.0,0.0,986.2,100,27.5667,72.0667,0.0
2024-09-17 01:00:00+05:30,0.0,0.0,0.0,27.5,20.5,63.0,0.0,986.0,100,27.5667,72.0667,0.0
2024-09-17 02:00:00+05:30,0.0,0.0,0.0,26.7,19.6,66.0,0.0,985.6,100,27.5667,72.0667,0.0
2024-09-17 03:00:00+05:30,0.0,0.0,0.0,26.4,19.7,68.0,0.0,985.7,100,27.5667,72.0667,0.0
2024-09-17 04:00:00+05:30,0.0,0.0,0.0,26.0,19.5,71.0,0.0,985.8,100,27.5667,72.0667,0.0
2024-09-17 05:00:00+05:30,0.0,0.0,0.0,25.7,18.8,73.0,0.0,986.2,100,27.5667,72.0667,0.0
2024-09-17 06:00:00+05:30,0.0,0.0,0.0,25.5,18.3,75.0,0.0,986.6,100,27.5667,72.0667,0.0
2024-09-17 07:00:00+05:30,49.0,88.9,37.0,26.1,14.2,73.0,0.0,987.1,100,27.5667,72.0667,3.297081709442113
2024-09-17 08:00:00+05:30,217.0,312.9,113.0,28.0,16.2,67.0,0.0,987.5,100,27.5667,72.0667,19.1931069492841
2024-09-17 09:00:00+05:30,422.0,487.8,161.0,30.3,17.1,60.0,0.0,987.7,100,27.5667,72.0667,39.723333364731346
2024-09-17 10:00:00+05:30,610.0,593.7,193.0,32.6,15.0,50.0,0.0,987.8,100,27.5667,72.0667,58.83506106564959
2024-09-17 11:00:00+05:30,752.0,654.9,213.0,34.5,12.9,41.0,0.0,987.4,100,27.5667,72.0667,69.03148372280405
2024-09-17 12:00:00+05:30,831.0,684.2,223.0,35.9,11.6,34.0,0.0,986.8,100,27.5667,72.0667,77.8800444291866
2024-09-17 13:00:00+05:30,838.0,687.3,223.0,36.8,10.9,30.0,8.0,986.2,100,27.5667,72.0667,76.48825045023848
2024-09-17 14:00:00+05:30,738.0,624.2,213.0,37.2,10.2,27.0,12.0,985.0,100,27.5667,72.0667,70.67130711765206
2024-09-17 15:00:00+05:30,595.0,547.2,195.0,37.3,10.5,26.0,2.0,984.1,100,27.5667,72.0667,54.98351688416837
2024-09-17 16:00:00+05:30,449.0,496.3,165.0,37.3,9.4,26.0,2.0,984.0,100,27.5667,72.0667,42.09276635914531
2024-09-17 17:00:00+05:30,252.0,340.8,124.0,37.2,7.6,26.0,14.0,984.2,100,27.5667,72.0667,21.841287766662727
2024-09-17 18:00:00+05:30,77.0,145.7,54.0,36.2,11.2,25.0,2.0,984.8,100,27.5667,72.0667,5.493521749579244
2024-09-17 19:00:00+05:30,1.0,0.0,1.0,34.7,14.1,29.0,1.0,984.9,100,27.5667,72.0667,0.0
2024-09-17 20:00:00+05:30,0.0,0.0,0.0,33.2,17.7,35.0,0.0,985.5,100,27.5667,72.0667,0.0
2024-09-17 21:00:00+05:30,0.0,0.0,0.0,32.5,18.4,36.0,0.0,986.0,100,27.5667,72.0667,0.0
2024-09-17 22:00:00+05:30,0.0,0.0,0.0,31.5,14.9,39.0,3.0,986.2,100,27.5667,72.0667,0.0
2024-09-17 23:00:00+05:30,0.0,0.0,0.0,30.2,14.7,41.0,0.0,986.1,100,27.5667,72.0667,0.0
2024-09-18 00:00:00+05:30,0.0,0.0,0.0,29.5,15.4,43.0,0.0,985.6,100,27.5667,72.0667,0.0
2024-09-18 01:00:00+05:30,0.0,0.0,0.0,28.8,14.3,46.0,0.0,984.9,100,27.5667,72.0667,0.0
2024-09-18 02:00:00+05:30,0.0,0.0,0.0,28.3,13.5,50.0,1.0,984.4,100,27.5667,72.0667,0.0
2024-09-18 03:00:00+05:30,0.0,0.0,0.0,27.9,14.3,54.0,0.0,984.5,100,27.5667,72.0667,0.0
2024-09-18 04:00:00+05:30,0.0,0.0,0.0,27.5,14.4,57.0,0.0,984.6,100,27.5667,72.0667,0.0
2024-09-18 05:00:00+05:30,0.0,0.0,0.0,27.3,14.4,59.0,0.0,984.5,100,27.5667,72.0667,0.0
2024-09-18 06:00:00+05:30,0.0,0.0,0.0,26.8,11.9,61.0,0.0,984.9,100,27.5667,72.0667,0.0
2024-09-18 07:00:00+05:30,48.0,89.5,36.0,27.5,9.8,60.0,0.0,985.7,100,27.5667,72.0667,3.150198510989827
2024-09-18 08:00:00+05:30,215.0,311.5,112.0,29.3,12.1,54.0,0.0,986.2,100,27.5667,72.0667,19.087371368031803
2024-09-18 09:00:00+05:30,419.0,485.7,160.0,31.5,14.7,50.0,0.0,986.4,100,27.5667,72.0667,39.48308140554931
2024-09-18 10:00:00+05:30,606.0,591.2,192.0,33.8,14.0,43.0,0.0,986.5,100,27.5667,72.0667,56.98740908845256
2024-09-18 11:00:00+05:30,746.0,650.7,212.0,35.4,11.0,38.0,0.0,985.8,100,27.5667,72.0667,70.76424564067071
2024-09-18 12:00:00+05:30,823.0,679.5,221.0,36.8,7.4,31.0,24.0,985.1,100,27.5667,72.0667,73.66432851617193
2024-09-18 13:00:00+05:30,755.0,574.2,243.0,37.5,8.3,28.0,20.0,984.4,100,27.5667,72.0667,68.93374154220642
2024-09-18 14:00:00+05:30,709.0,574.3,228.0,38.0,9.3,27.0,9.0,983.2,100,27.5667,72.0667,65.14248423650758
2024-09-18 15:00:00+05:30,589.0,528.1,205.0,38.6,11.5,25.0,13.0,982.5,100,27.5667,72.0667,54.155952013795144
2024-09-18 16:00:00+05:30,401.0,406.6,170.0,38.7,11.2,23.0,16.0,981.8,100,27.5667,72.0667,36.89993748620842
2024-09-18 17:00:00+05:30,241.0,320.6,122.0,38.5,11.3,23.0,15.0,981.8,100,27.5667,72.0667,20.645391262553964
2024-09-18 18:00:00+05:30,62.0,96.4,47.0,36.7,8.7,28.0,35.0,982.8,100,27.5667,72.0667,4.36600122656022
2024-09-18 19:00:00+05:30,1.0,0.0,1.0,36.1,7.4,29.0,6.0,983.3,100,27.5667,72.0667,0.0
2024-09-18 20:00:00+05:30,0.0,0.0,0.0,34.5,2.8,40.0,14.0,983.7,100,27.5667,72.0667,0.0
2024-09-18 21:00:00+05:30,0.0,0.0,0.0,33.7,2.2,45.0,81.0,984.1,100,27.5667,72.0667,0.0
2024-09-18 22:00:00+05:30,0.0,0.0,0.0,32.7,2.9,49.0,77.0,984.4,100,27.5667,72.0667,0.0
2024-09-18 23:00:00+05:30,0.0,0.0,0.0,32.1,2.3,51.0,17.0,984.0,100,27.5667,72.0667,0.0
2024-09-19 00:00:00+05:30,0.0,0.0,0.0,31.4,10.8,40.0,1.0,983.8,100,27.5667,72.0667,0.0
2024-09-19 01:00:00+05:30,0.0,0.0,0.0,30.1,14.8,46.0,0.0,983.3,100,27.5667,72.0667,0.0
2024-09-19 02:00:00+05:30,0.0,0.0,0.0,28.8,12.6,54.0,0.0,983.1,100,27.5667,72.0667,0.0
2024-09-19 03:00:00+05:30,0.0,0.0,0.0,28.0,11.2,59.0,0.0,983.2,100,27.5667,72.0667,0.0
2024-09-19 04:00:00+05:30,0.0,0.0,0.0,27.2,11.6,64.0,0.0,983.3,100,27.5667,72.0667,0.0
2024-09-19 05:00:00+05:30,0.0,0.0,0.0,26.7,9.4,67.0,0.0,983.9,100,27.5667,72.0667,0.0
2024-09-19 06:00:00+05:30,0.0,0.0,0.0,26.8,6.9,69.0,0.0,985.1,100,27.5667,72.0667,0.0
2024-09-19 07:00:00+05:30,47.0,90.1,35.0,27.7,8.9,65.0,0.0,985.7,100,27.5667,72.0667,3.09199156313866
2024-09-19 08:00:00+05:30,210.0,304.1,110.0,29.2,13.4,62.0,0.0,986.5,100,27.5667,72.0667,18.97297629240163
2024-09-19 09:00:00+05:30,409.0,466.8,161.0,30.5,9.7,58.0,0.0,986.7,100,27.5667,72.0667,38.58032316141264
2024-09-19 10:00:00+05:30,591.0,570.1,193.0,32.0,9.2,53.0,0.0,986.7,100,27.5667,72.0667,55.24366529522606
2024-09-19 11:00:00+05:30,729.0,630.7,213.0,33.8,15.3,45.0,7.0,986.5,100,27.5667,72.0667,70.14351298044184
2024-09-19 12:00:00+05:30,765.0,604.7,231.0,35.6,20.2,37.0,4.0,985.6,100,27.5667,72.0667,73.09057235466817
2024-09-19 13:00:00+05:30,785.0,623.5,231.0,36.4,23.2,34.0,10.0,984.8,100,27.5667,72.0667,74.21834785364646
2024-09-19 14:00:00+05:30,715.0,582.7,229.0,36.6,22.8,33.0,8.0,983.9,100,27.5667,72.0667,68.28179827543659
2024-09-19 15:00:00+05:30,614.0,569.6,202.0,37.0,25.4,31.0,16.0,983.3,100,27.5667,72.0667,57.752558615741535
2024-09-19 16:00:00+05:30,434.0,471.7,168.0,36.5,24.9,31.0,11.0,983.3,100,27.5667,72.0667,41.60387919080542
2024-09-19 17:00:00+05:30,233.0,305.3,121.0,36.3,21.7,31.0,29.0,983.3,100,27.5667,72.0667,20.426587850177555
2024-09-19 18:00:00+05:30,60.0,97.8,45.0,33.9,24.5,40.0,61.0,984.0,100,27.5667,72.0667,4.187168721936605
2024-09-19 19:00:00+05:30,1.0,0.0,1.0,32.7,18.5,44.0,9.0,984.6,100,27.5667,72.0667,0.0
2024-09-19 20:00:00+05:30,0.0,0.0,0.0,31.9,15.7,47.0,2.0,985.0,100,27.5667,72.0667,0.0
2024-09-19 21:00:00+05:30,0.0,0.0,0.0,30.6,16.9,53.0,2.0,985.2,100,27.5667,72.0667,0.0
2024-09-19 22:00:00+05:30,0.0,0.0,0.0,30.0,14.4,57.0,1.0,985.1,100,27.5667,72.0667,0.0
2024-09-19 23:00:00+05:30,0.0,0.0,0.0,29.3,13.0,61.0,2.0,984.9,100,27.5667,72.0667,0.0
2024-09-20 00:00:00+05:30,0.0,0.0,0.0,28.7,11.3,65.0,0.0,984.6,100,27.5667,72.0667,0.0
2024-09-20 01:00:00+05:30,0.0,0.0,0.0,28.1,9.4,69.0,0.0,984.2,100,27.5667,72.0667,0.0
2024-09-20 02:00:00+05:30,0.0,0.0,0.0,27.6,6.7,73.0,0.0,983.8,100,27.5667,72.0667,0.0
2024-09-20 03:00:00+05:30,0.0,0.0,0.0,27.0,4.1,79.0,0.0,983.9,100,27.5667,72.0667,0.0
2024-09-20 04:00:00+05:30,0.0,0.0,0.0,26.6,3.3,83.0,1.0,984.1,100,27.5667,72.0667,0.0
2024-09-20 05:00:00+05:30,0.0,0.0,0.0,27.0,1.1,75.0,3.0,984.6,100,27.5667,72.0667,0.0
2024-09-20 06:00:00+05:30,0.0,0.0,0.0,26.5,4.5,77.0,2.0,984.8,100,27.5667,72.0667,0.0
2024-09-20 07:00:00+05:30,45.0,83.1,34.0,27.1,2.3,75.0,4.0,985.5,100,27.5667,72.0667,2.9587494548198263
2024-09-20 08:00:00+05:30,205.0,284.3,112.0,28.9,2.6,65.0,2.0,986.2,100,27.5667,72.0667,17.79580579346322
2024-09-20 09:00:00+05:30,404.0,457.2,162.0,30.6,2.5,58.0,6.0,986.6,100,27.5667,72.0667,37.48111863028253
2024-09-20 10:00:00+05:30,582.0,553.2,197.0,32.3,0.5,52.0,16.0,986.7,100,27.5667,72.0667,54.40326580928209
2024-09-20 11:00:00+05:30,720.0,615.4,218.0,33.9,3.3,46.0,0.0,986.2,100,27.5667,72.0667,64.17909916150762
2024-09-20 12:00:00+05:30,786.0,638.4,224.0,35.3,6.8,41.0,19.0,985.4,100,27.5667,72.0667,73.08972101518486
2024-09-20 13:00:00+05:30,769.0,608.8,230.0,36.5,11.5,37.0,22.0,984.6,100,27.5667,72.0667,70.53904096272399
2024-09-20 14:00:00+05:30,717.0,597.3,221.0,37.1,12.4,36.0,6.0,983.5,100,27.5667,72.0667,66.98893692725534
2024-09-20 15:00:00+05:30,577.0,519.9,203.0,37.4,12.1,35.0,17.0,982.8,100,27.5667,72.0667,53.619757011865744
2024-09-20 16:00:00+05:30,407.0,403.7,181.0,37.2,10.8,34.0,10.0,982.4,100,27.5667,72.0667,38.141514801693006
2024-09-20 17:00:00+05:30,225.0,298.0,117.0,36.9,10.5,35.0,31.0,982.3,100,27.5667,72.0667,19.14301977723014
2024-09-20 18:00:00+05:30,63.0,105.9,47.0,35.8,13.5,38.0,16.0,983.5,100,27.5667,72.0667,4.4606877880691265
2024-09-20 19:00:00+05:30,0.0,0.0,0.0,35.2,14.0,39.0,20.0,983.6,100,27.5667,72.0667,0.0
2024-09-20 20:00:00+05:30,0.0,0.0,0.0,33.9,17.3,45.0,4.0,983.8,100,27.5667,72.0667,0.0
2024-09-20 21:00:00+05:30,0.0,0.0,0.0,32.9,18.1,50.0,3.0,984.3,100,27.5667,72.0667,0.0
2024-09-20 22:00:00+05:30,0.0,0.0,0.0,32.2,14.5,52.0,2.0,984.6,100,27.5667,72.0667,0.0
2024-09-20 23:00:00+05:30,0.0,0.0,0.0,31.6,14.0,55.0,2.0,984.5,100,27.5667,72.0667,0.0
2024-09-21 00:00:00+05:30,0.0,0.0,0.0,31.0,13.8,58.0,1.0,984.5,100,27.5667,72.0667,0.0
2024-09-21 01:00:00+05:30,0.0,0.0,0.0,30.5,14.7,59.0,4.0,984.1,100,27.5667,72.0667,0.0
2024-09-21 02:00:00+05:30,0.0,0.0,0.0,29.8,11.2,62.0,7.0,984.1,100,27.5667,72.0667,0.0
2024-09-21 03:00:00+05:30,0.0,0.0,0.0,29.2,9.4,66.0,8.0,984.0,100,27.5667,72.0667,0.0
2024-09-21 04:00:00+05:30,0.0,0.0,0.0,28.9,8.4,67.0,9.0,984.0,100,27.5667,72.0667,0.0
2024-09-21 05:00:00+05:30,0.0,0.0,0.0,28.5,9.7,69.0,9.0,984.6,100,27.5667,72.0667,0.0
2024-09-21 06:00:00+05:30,0.0,0.0,0.0,28.1,7.6,70.0,0.0,985.1,100,27.5667,72.0667,0.0
2024-09-21 07:00:00+05:30,45.0,83.7,34.0,28.6,7.1,68.0,0.0,985.7,100,27.5667,72.0667,2.978576118366512
2024-09-21 08:00:00+05:30,206.0,295.1,110.0,30.6,7.8,60.0,6.0,986.5,100,27.5667,72.0667,18.292158522958484
2024-09-21 09:00:00+05:30,395.0,434.2,166.0,32.9,8.3,50.0,11.0,986.9,100,27.5667,72.0667,37.67062368868167
2024-09-21 10:00:00+05:30,548.0,439.6,243.0,34.4,5.7,43.0,13.0,987.0,100,27.5667,72.0667,52.37605384570029
2024-09-21 11:00:00+05:30,706.0,584.1,231.0,35.6,4.4,39.0,1.0,986.8,100,27.5667,72.0667,66.21215886294854
2024-09-21 12:00:00+05:30,791.0,639.4,230.0,37.0,5.8,35.0,41.0,986.2,100,27.5667,72.0667,69.59185115453856
2024-09-21 13:00:00+05:30,717.0,494.3,281.0,37.7,7.3,33.0,30.0,985.2,100,27.5667,72.0667,64.74400000267462
2024-09-21 14:00:00+05:30,694.0,558.8,232.0,38.4,8.3,31.0,27.0,984.1,100,27.5667,72.0667,64.19705286407985
2024-09-21 15:00:00+05:30,577.0,518.6,206.0,38.8,11.0,30.0,32.0,983.4,100,27.5667,72.0667,53.5641271027198
2024-09-21 16:00:00+05:30,379.0,383.4,166.0,38.8,13.8,29.0,93.0,983.2,100,27.5667,72.0667,35.12661502958231
2024-09-21 17:00:00+05:30,167.0,139.7,117.0,37.8,18.3,31.0,96.0,983.1,100,27.5667,72.0667,14.279928811974461
2024-09-21 18:00:00+05:30,50.0,73.9,39.0,37.0,8.9,34.0,9.0,984.2,100,27.5667,72.0667,3.4368546724115983
2024-09-21 19:00:00+05:30,0.0,0.0,0.0,36.2,10.7,36.0,8.0,984.4,100,27.5667,72.0667,0.0
2024-09-21 20:00:00+05:30,0.0,0.0,0.0,35.4,9.4,37.0,2.0,984.8,100,27.5667,72.0667,0.0
2024-09-21 21:00:00+05:30,0.0,0.0,0.0,34.5,12.0,39.0,0.0,985.2,100,27.5667,72.0667,0.0
2024-09-21 22:00:00+05:30,0.0,0.0,0.0,33.3,13.5,45.0,0.0,985.7,100,27.5667,72.0667,0.0
2024-09-21 23:00:00+05:30,0.0,0.0,0.0,32.5,13.7,47.0,0.0,985.5,100,27.5667,72.0667,0.0
2024-09-22 00:00:00+05:30,0.0,0.0,0.0,32.0,12.5,49.0,0.0,985.4,100,27.5667,72.0667,0.0
2024-09-22 01:00:00+05:30,0.0,0.0,0.0,31.5,11.7,50.0,0.0,984.9,100,27.5667,72.0667,0.0
2024-09-22 02:00:00+05:30,0.0,0.0,0.0,30.7,11.8,53.0,9.0,984.5,100,27.5667,72.0667,0.0
2024-09-22 03:00:00+05:30,0.0,0.0,0.0,30.2,10.1,56.0,8.0,984.4,100,27.5667,72.0667,0.0
2024-09-22 04:00:00+05:30,0.0,0.0,0.0,29.7,10.6,59.0,10.0,984.5,100,27.5667,72.0667,0.0
2024-09-22 05:00:00+05:30,0.0,0.0,0.0,29.5,12.2,60.0,7.0,984.9,100,27.5667,72.0667,0.0
2024-09-22 06:00:00+05:30,0.0,0.0,0.0,29.5,13.4,60.0,3.0,985.8,100,27.5667,72.0667,0.0
2024-09-22 07:00:00+05:30,44.0,84.3,33.0,29.8,12.4,62.0,5.0,986.4,100,27.5667,72.0667,2.832156765789893
2024-09-22 08:00:00+05:30,204.0,296.8,108.0,31.2,16.4,58.0,0.0,987.0,100,27.5667,72.0667,18.210536980375398
2024-09-22 09:00:00+05:30,403.0,468.3,157.0,33.1,15.7,51.0,0.0,987.2,100,27.5667,72.0667,38.3292005464757
2024-09-22 10:00:00+05:30,585.0,574.1,188.0,35.1,12.6,43.0,0.0,987.1,100,27.5667,72.0667,56.221122642570016
2024-09-22 11:00:00+05:30,722.0,635.3,207.0,36.5,7.5,38.0,0.0,986.7,100,27.5667,72.0667,65.71521149080444
2024-09-22 12:00:00+05:30,798.0,663.3,218.0,37.4,4.5,35.0,0.0,985.7,100,27.5667,72.0667,73.85943212071612
2024-09-22 13:00:00+05:30,805.0,668.0,218.0,38.1,3.1,33.0,0.0,984.7,100,27.5667,72.0667,71.51720264349062
2024-09-22 14:00:00+05:30,742.0,649.9,207.0,38.8,4.0,31.0,0.0,983.5,100,27.5667,72.0667,66.26014633732794
2024-09-22 15:00:00+05:30,610.0,590.3,190.0,39.4,8.1,29.0,3.0,982.6,100,27.5667,72.0667,55.56524324277361
2024-09-22 16:00:00+05:30,429.0,480.7,164.0,39.7,14.1,28.0,4.0,982.4,100,27.5667,72.0667,40.092545570143486
2024-09-22 17:00:00+05:30,231.0,325.3,116.0,39.3,13.7,27.0,7.0,982.6,100,27.5667,72.0667,20.5666709221857
2024-09-22 18:00:00+05:30,58.0,95.6,44.0,38.3,5.2,31.0,21.0,983.4,100,27.5667,72.0667,4.096818668441196
2024-09-22 19:00:00+05:30,0.0,0.0,0.0,37.4,11.8,32.0,7.0,983.8,100,27.5667,72.0667,0.0
2024-09-22 20:00:00+05:30,0.0,0.0,0.0,36.7,16.6,33.0,0.0,984.1,100,27.5667,72.0667,0.0
2024-09-22 21:00:00+05:30,0.0,0.0,0.0,35.8,11.9,36.0,0.0,984.5,100,27.5667,72.0667,0.0
2024-09-22 22:00:00+05:30,0.0,0.0,0.0,34.9,11.6,38.0,0.0,984.5,100,27.5667,72.0667,0.0
2024-09-22 23:00:00+05:30,0.0,0.0,0.0,33.8,10.8,40.0,0.0,984.3,100,27.5667,72.0667,0.0
2024-09-23 00:00:00+05:30,0.0,0.0,0.0,32.8,11.0,44.0,0.0,984.3,100,27.5667,72.0667,0.0
2024-09-23 01:00:00+05:30,0.0,0.0,0.0,32.0,10.6,46.0,0.0,983.8,100,27.5667,72.0667,0.0
2024-09-23 02:00:00+05:30,0.0,0.0,0.0,31.3,8.9,49.0,0.0,983.2,100,27.5667,72.0667,0.0
2024-09-23 03:00:00+05:30,0.0,0.0,0.0,30.5,10.5,52.0,0.0,983.2,100,27.5667,72.0667,0.0
2024-09-23 04:00:00+05:30,0.0,0.0,0.0,29.9,10.2,55.0,0.0,983.7,100,27.5667,72.0667,0.0
2024-09-23 05:00:00+05:30,0.0,0.0,0.0,30.0,11.0,55.0,0.0,984.2,100,27.5667,72.0667,0.0
2024-09-23 06:00:00+05:30,0.0,0.0,0.0,29.7,14.6,65.0,0.0,985.5,100,27.5667,72.0667,0.0
2024-09-23 07:00:00+05:30,43.0,84.8,32.0,30.2,12.6,64.0,0.0,986.0,100,27.5667,72.0667,2.822193156005286
2024-09-23 08:00:00+05:30,205.0,301.7,108.0,31.8,15.1,59.0,0.0,986.6,100,27.5667,72.0667,18.38179947197963
2024-09-23 09:00:00+05:30,405.0,477.8,155.0,33.7,15.4,52.0,0.0,987.2,100,27.5667,72.0667,37.697403635403056
2024-09-23 10:00:00+05:30,587.0,580.4,187.0,35.6,13.3,45.0,0.0,987.1,100,27.5667,72.0667,56.07303217319929
2024-09-23 11:00:00+05:30,723.0,639.9,206.0,37.2,9.1,39.0,0.0,986.9,100,27.5667,72.0667,0.0
2024-09-23 12:00:00+05:30,799.0,667.8,217.0,38.3,5.0,35.0,0.0,986.0,100,27.5667,72.0667,71.85964620384946
2024-09-23 13:00:00+05:30,806.0,674.0,216.0,39.1,2.9,32.0,0.0,985.1,100,27.5667,72.0667,70.73175619453582
2024-09-23 14:00:00+05:30,741.0,652.8,206.0,39.7,1.1,29.0,6.0,983.8,100,27.5667,72.0667,65.84554671605969
2024-09-23 15:00:00+05:30,606.0,592.2,187.0,40.2,3.4,28.0,4.0,982.9,100,27.5667,72.0667,55.00796826829937
2024-09-23 16:00:00+05:30,432.0,500.9,158.0,40.3,7.7,27.0,2.0,982.4,100,27.5667,72.0667,39.61300521186607
2024-09-23 17:00:00+05:30,230.0,335.1,113.0,39.9,13.2,26.0,1.0,982.2,100,27.5667,72.0667,19.8241747725456
2024-09-23 18:00:00+05:30,61.0,117.9,44.0,38.2,11.2,30.0,0.0,983.3,100,27.5667,72.0667,4.271125289988801
2024-09-23 19:00:00+05:30,0.0,0.0,0.0,37.5,14.8,29.0,0.0,983.4,100,27.5667,72.0667,0.0
2024-09-23 20:00:00+05:30,0.0,0.0,0.0,36.4,12.2,31.0,0.0,983.8,100,27.5667,72.0667,0.0
2024-09-23 21:00:00+05:30,0.0,0.0,0.0,35.3,7.0,35.0,0.0,984.3,100,27.5667,72.0667,0.0
2024-09-23 22:00:00+05:30,0.0,0.0,0.0,34.3,8.7,38.0,0.0,984.4,100,27.5667,72.0667,0.0
2024-09-23 23:00:00+05:30,0.0,0.0,0.0,33.5,9.3,42.0,0.0,984.2,100,27.5667,72.0667,0.0
2024-09-24 00:00:00+05:30,0.0,0.0,0.0,32.5,10.3,46.0,0.0,983.8,100,27.5667,72.0667,0.0
2024-09-24 01:00:00+05:30,0.0,0.0,0.0,31.5,8.8,49.0,0.0,983.8,100,27.5667,72.0667,0.0
2024-09-24 02:00:00+05:30,0.0,0.0,0.0,30.7,5.8,55.0,0.0,983.3,100,27.5667,72.0667,0.0
2024-09-24 03:00:00+05:30,0.0,0.0,0.0,30.4,5.4,59.0,0.0,983.3,100,27.5667,72.0667,0.0
2024-09-24 04:00:00+05:30,0.0,0.0,0.0,30.4,7.7,57.0,0.0,983.3,100,27.5667,72.0667,0.0
2024-09-24 05:00:00+05:30,0.0,0.0,0.0,30.3,11.4,58.0,0.0,983.8,100,27.5667,72.0667,0.0
2024-09-24 06:00:00+05:30,0.0,0.0,0.0,30.0,14.6,61.0,0.0,984.4,100,27.5667,72.0667,0.0
2024-09-24 07:00:00+05:30,43.0,85.5,32.0,30.5,13.4,62.0,0.0,984.8,100,27.5667,72.0667,2.8374572595136707
2024-09-24 08:00:00+05:30,206.0,309.7,107.0,32.0,18.8,58.0,0.0,985.2,100,27.5667,72.0667,18.625146910232083
2024-09-24 09:00:00+05:30,407.0,485.4,154.0,33.9,20.2,52.0,0.0,985.6,100,27.5667,72.0667,39.319301079228495
2024-09-24 10:00:00+05:30,590.0,589.6,185.0,35.8,17.9,46.0,0.0,985.4,100,27.5667,72.0667,57.994532311711154
2024-09-24 11:00:00+05:30,726.0,648.2,204.0,37.3,13.5,40.0,0.0,984.9,100,27.5667,72.0667,68.53797338641289
2024-09-24 12:00:00+05:30,804.0,680.5,213.0,38.4,7.9,35.0,8.0,984.1,100,27.5667,72.0667,72.7478993175646
2024-09-24 13:00:00+05:30,761.0,611.2,228.0,39.2,5.3,31.0,20.0,982.9,100,27.5667,72.0667,68.17336932563744
2024-09-24 14:00:00+05:30,681.0,572.5,214.0,39.7,5.5,29.0,16.0,981.9,100,27.5667,72.0667,62.958693862285436
2024-09-24 15:00:00+05:30,581.0,534.5,205.0,40.2,6.1,27.0,13.0,981.0,100,27.5667,72.0667,54.30539469001004
2024-09-24 16:00:00+05:30,422.0,484.5,159.0,40.3,8.9,26.0,18.0,980.4,100,27.5667,72.0667,38.83518673761149
2024-09-24 17:00:00+05:30,218.0,313.3,110.0,39.9,13.3,27.0,13.0,980.3,100,27.5667,72.0667,19.115215754906462
2024-09-24 18:00:00+05:30,55.0,105.7,40.0,38.6,7.5,30.0,36.0,981.1,100,27.5667,72.0667,3.7465649090175868
2024-09-24 19:00:00+05:30,0.0,0.0,0.0,37.7,14.3,32.0,16.0,981.4,100,27.5667,72.0667,0.0
2024-09-24 20:00:00+05:30,0.0,0.0,0.0,36.9,14.9,34.0,6.0,981.9,100,27.5667,72.0667,0.0
2024-09-24 21:00:00+05:30,0.0,0.0,0.0,36.2,10.2,36.0,12.0,982.4,100,27.5667,72.0667,0.0
2024-09-24 22:00:00+05:30,0.0,0.0,0.0,35.4,10.1,38.0,7.0,982.7,100,27.5667,72.0667,0.0
2024-09-24 23:00:00+05:30,0.0,0.0,0.0,34.6,11.9,40.0,67.0,982.4,100,27.5667,72.0667,0.0
2024-09-25 00:00:00+05:30,0.0,0.0,0.0,34.3,13.0,40.0,80.0,982.3,100,27.5667,72.0667,0.0
2024-09-25 01:00:00+05:30,0.0,0.0,0.0,33.9,9.8,43.0,23.0,982.1,100,27.5667,72.0667,0.0
2024-09-25 02:00:00+05:30,0.0,0.0,0.0,33.0,9.4,46.0,7.0,981.5,100,27.5667,72.0667,0.0
2024-09-25 03:00:00+05:30,0.0,0.0,0.0,32.6,11.6,47.0,27.0,981.5,100,27.5667,72.0667,0.0
2024-09-25 04:00:00+05:30,0.0,0.0,0.0,32.0,14.9,49.0,86.0,981.6,100,27.5667,72.0667,0.0
2024-09-25 05:00:00+05:30,0.0,0.0,0.0,31.7,18.2,51.0,79.0,981.9,100,27.5667,72.0667,0.0
2024-09-25 06:00:00+05:30,0.0,0.0,0.0,31.2,15.0,54.0,88.0,982.8,100,27.5667,72.0667,0.0
2024-09-25 07:00:00+05:30,42.0,78.3,32.0,31.7,13.0,52.0,22.0,983.6,100,27.5667,72.0667,2.7995312055106814
2024-09-25 08:00:00+05:30,201.0,295.9,107.0,33.4,15.0,47.0,0.0,984.2,100,27.5667,72.0667,18.5654865224498
2024-09-25 09:00:00+05:30,402.0,477.8,154.0,35.3,15.5,41.0,0.0,984.6,100,27.5667,72.0667,39.27106991287087
2024-09-25 10:00:00+05:30,584.0,584.4,184.0,37.1,15.0,37.0,0.0,984.7,100,27.5667,72.0667,55.96147344750996
2024-09-25 11:00:00+05:30,720.0,642.9,204.0,38.8,13.1,31.0,4.0,984.0,100,27.5667,72.0667,68.73438985472056
2024-09-25 12:00:00+05:30,793.0,667.9,215.0,40.0,12.9,28.0,6.0,983.3,100,27.5667,72.0667,74.04921824849058
2024-09-25 13:00:00+05:30,797.0,666.5,218.0,40.7,13.8,26.0,7.0,982.3,100,27.5667,72.0667,73.53189697233171
2024-09-25 14:00:00+05:30,727.0,634.2,212.0,40.8,13.5,26.0,6.0,981.4,100,27.5667,72.0667,69.10359536457426
2024-09-25 15:00:00+05:30,598.0,587.6,187.0,40.9,12.1,25.0,2.0,980.6,100,27.5667,72.0667,56.169671214476104
2024-09-25 16:00:00+05:30,424.0,501.3,154.0,40.8,12.1,24.0,3.0,979.9,100,27.5667,72.0667,39.691061271754855
2024-09-25 17:00:00+05:30,219.0,323.2,109.0,40.5,13.3,24.0,7.0,979.6,100,27.5667,72.0667,19.382816075497576
2024-09-25 18:00:00+05:30,53.0,100.2,39.0,39.2,11.6,26.0,3.0,980.4,100,27.5667,72.0667,3.6225757696916867
2024-09-25 19:00:00+05:30,0.0,0.0,0.0,38.5,9.4,27.0,74.0,980.9,100,27.5667,72.0667,0.0
2024-09-25 20:00:00+05:30,0.0,0.0,0.0,37.5,9.6,28.0,91.0,981.3,100,27.5667,72.0667,0.0
2024-09-25 21:00:00+05:30,0.0,0.0,0.0,36.8,10.4,28.0,88.0,981.9,100,27.5667,72.0667,0.0
2024-09-25 22:00:00+05:30,0.0,0.0,0.0,35.6,7.8,33.0,47.0,982.0,100,27.5667,72.0667,0.0
2024-09-25 23:00:00+05:30,0.0,0.0,0.0,34.3,5.6,39.0,44.0,981.8,100,27.5667,72.0667,0.0
2024-09-26 00:00:00+05:30,0.0,0.0,0.0,34.0,11.2,37.0,18.0,981.5,100,27.5667,72.0667,0.0
2024-09-26 01:00:00+05:30,0.0,0.0,0.0,33.4,11.7,39.0,4.0,981.5,100,27.5667,72.0667,0.0
2024-09-26 02:00:00+05:30,0.0,0.0,0.0,31.9,5.7,49.0,1.0,980.9,100,27.5667,72.0667,0.0
2024-09-26 03:00:00+05:30,0.0,0.0,0.0,31.8,9.8,48.0,0.0,980.6,100,27.5667,72.0667,0.0
2024-09-26 04:00:00+05:30,0.0,0.0,0.0,31.4,11.4,49.0,0.0,980.5,100,27.5667,72.0667,0.0
2024-09-26 05:00:00+05:30,0.0,0.0,0.0,30.1,6.2,55.0,0.0,980.7,100,27.5667,72.0667,0.0
2024-09-26 06:00:00+05:30,0.0,0.0,0.0,30.2,5.6,57.0,27.0,981.6,100,27.5667,72.0667,0.0
2024-09-26 07:00:00+05:30,41.0,78.8,31.0,30.9,5.6,53.0,76.0,982.6,100,27.5667,72.0667,2.60261723458964
2024-09-26 08:00:00+05:30,200.0,297.7,106.0,32.6,9.4,49.0,82.0,983.1,100,27.5667,72.0667,17.496090392434787
2024-09-26 09:00:00+05:30,400.0,477.8,153.0,34.8,11.5,44.0,49.0,983.3,100,27.5667,72.0667,38.363023440343596
2024-09-26 10:00:00+05:30,582.0,585.0,183.0,36.9,14.5,39.0,53.0,983.2,100,27.5667,72.0667,55.2603531234658
2024-09-26 11:00:00+05:30,718.0,643.9,203.0,38.6,14.5,33.0,53.0,983.0,100,27.5667,72.0667,68.92188479586129
2024-09-26 12:00:00+05:30,793.0,674.9,211.0,39.7,13.4,30.0,14.0,982.0,100,27.5667,72.0667,75.02963380346354
2024-09-26 13:00:00+05:30,747.0,611.4,218.0,40.3,12.5,28.0,18.0,981.1,100,27.5667,72.0667,70.6572538238731
2024-09-26 14:00:00+05:30,680.0,574.0,216.0,40.8,11.9,27.0,10.0,980.0,100,27.5667,72.0667,63.47059336531478
2024-09-26 15:00:00+05:30,553.0,517.7,193.0,41.1,12.0,25.0,20.0,979.0,100,27.5667,72.0667,51.83413866262296
2024-09-26 16:00:00+05:30,403.0,458.5,158.0,40.8,10.3,24.0,16.0,978.3,100,27.5667,72.0667,38.06603190842433
2024-09-26 17:00:00+05:30,212.0,303.6,110.0,40.4,7.9,24.0,12.0,978.4,100,27.5667,72.0667,18.626513484696517
2024-09-26 18:00:00+05:30,50.0,94.6,37.0,39.0,8.4,29.0,13.0,979.3,100,27.5667,72.0667,3.394777564632144
2024-09-26 19:00:00+05:30,0.0,0.0,0.0,37.9,13.2,32.0,27.0,979.8,100,27.5667,72.0667,0.0
2024-09-26 20:00:00+05:30,0.0,0.0,0.0,36.9,14.6,34.0,22.0,980.5,100,27.5667,72.0667,0.0
2024-09-26 21:00:00+05:30,0.0,0.0,0.0,36.1,10.7,36.0,10.0,981.1,100,27.5667,72.0667,0.0
2024-09-26 22:00:00+05:30,0.0,0.0,0.0,35.3,11.6,39.0,51.0,981.6,100,27.5667,72.0667,0.0
2024-09-26 23:00:00+05:30,0.0,0.0,0.0,34.6,18.7,44.0,50.0,981.6,100,27.5667,72.0667,0.0
2024-09-27 00:00:00+05:30,0.0,0.0,0.0,34.0,17.7,48.0,22.0,981.5,100,27.5667,72.0667,0.0
2024-09-27 01:00:00+05:30,0.0,0.0,0.0,33.1,17.1,53.0,2.0,981.3,100,27.5667,72.0667,0.0
2024-09-27 02:00:00+05:30,0.0,0.0,0.0,32.4,15.8,57.0,1.0,980.9,100,27.5667,72.0667,0.0
2024-09-27 03:00:00+05:30,0.0,0.0,0.0,31.7,16.9,62.0,1.0,980.7,100,27.5667,72.0667,0.0
2024-09-27 04:00:00+05:30,0.0,0.0,0.0,31.2,16.3,65.0,0.0,980.4,100,27.5667,72.0667,0.0
2024-09-27 05:00:00+05:30,0.0,0.0,0.0,30.7,16.4,68.0,4.0,980.7,100,27.5667,72.0667,0.0
2024-09-27 06:00:00+05:30,0.0,0.0,0.0,30.0,15.2,69.0,0.0,981.8,100,27.5667,72.0667,0.0
2024-09-27 07:00:00+05:30,41.0,79.5,31.0,30.3,15.7,68.0,0.0,982.3,100,27.5667,72.0667,2.811621691001983
2024-09-27 08:00:00+05:30,201.0,306.0,105.0,31.7,18.9,63.0,0.0,983.0,100,27.5667,72.0667,18.643135867590228
2024-09-27 09:00:00+05:30,400.0,481.8,152.0,33.6,19.9,55.0,0.0,983.5,100,27.5667,72.0667,39.821046617423306
2024-09-27 10:00:00+05:30,581.0,588.6,181.0,35.4,17.9,48.0,0.0,983.9,100,27.5667,72.0667,56.501579358540745
2024-09-27 11:00:00+05:30,716.0,646.1,201.0,36.8,13.4,42.0,6.0,983.4,100,27.5667,72.0667,70.67408156116326
2024-09-27 12:00:00+05:30,749.0,618.0,218.0,37.9,9.2,37.0,11.0,982.6,100,27.5667,72.0667,70.75085854543944
2024-09-27 13:00:00+05:30,775.0,645.2,219.0,38.8,7.4,32.0,10.0,981.6,100,27.5667,72.0667,69.73198645151454
2024-09-27 14:00:00+05:30,674.0,571.7,214.0,39.5,8.3,27.0,17.0,980.7,100,27.5667,72.0667,64.06339232174103
2024-09-27 15:00:00+05:30,555.0,538.0,183.0,39.7,8.9,26.0,4.0,979.9,100,27.5667,72.0667,51.67485503294587
2024-09-27 16:00:00+05:30,401.0,471.6,151.0,39.6,8.7,25.0,7.0,979.4,100,27.5667,72.0667,38.37867852971754
2024-09-27 17:00:00+05:30,207.0,307.6,105.0,39.2,10.4,25.0,6.0,979.4,100,27.5667,72.0667,18.667214072830323
2024-09-27 18:00:00+05:30,49.0,96.1,36.0,37.8,20.3,30.0,6.0,979.8,100,27.5667,72.0667,3.3633759577239415
2024-09-27 19:00:00+05:30,0.0,0.0,0.0,36.9,18.8,33.0,8.0,980.5,100,27.5667,72.0667,0.0
2024-09-27 20:00:00+05:30,0.0,0.0,0.0,36.0,15.2,37.0,11.0,981.4,100,27.5667,72.0667,0.0
2024-09-27 21:00:00+05:30,0.0,0.0,0.0,35.1,16.8,40.0,14.0,982.2,100,27.5667,72.0667,0.0
2024-09-27 22:00:00+05:30,0.0,0.0,0.0,34.5,17.2,42.0,4.0,982.6,100,27.5667,72.0667,0.0
2024-09-27 23:00:00+05:30,0.0,0.0,0.0,33.9,17.2,45.0,0.0,982.7,100,27.5667,72.0667,0.0
2024-09-28 00:00:00+05:30,0.0,0.0,0.0,32.7,25.3,52.0,4.0,982.8,100,27.5667,72.0667,0.0
2024-09-28 01:00:00+05:30,0.0,0.0,0.0,31.6,21.3,59.0,0.0,982.5,100,27.5667,72.0667,0.0
2024-09-28 02:00:00+05:30,0.0,0.0,0.0,30.8,20.0,63.0,0.0,982.0,100,27.5667,72.0667,0.0
2024-09-28 03:00:00+05:30,0.0,0.0,0.0,30.1,19.7,69.0,9.0,981.8,100,27.5667,72.0667,0.0
2024-09-28 04:00:00+05:30,0.0,0.0,0.0,29.6,18.1,72.0,0.0,982.1,100,27.5667,72.0667,0.0
2024-09-28 05:00:00+05:30,0.0,0.0,0.0,29.3,13.8,74.0,0.0,982.4,100,27.5667,72.0667,0.0
2024-09-28 06:00:00+05:30,0.0,0.0,0.0,28.7,11.8,72.0,0.0,983.8,100,27.5667,72.0667,0.0
2024-09-28 07:00:00+05:30,40.0,72.1,31.0,29.0,14.4,72.0,0.0,984.6,100,27.5667,72.0667,2.715378455727881
2024-09-28 08:00:00+05:30,197.0,298.4,104.0,30.4,15.0,66.0,0.0,985.4,100,27.5667,72.0667,18.483647808262674
2024-09-28 09:00:00+05:30,395.0,472.2,153.0,32.6,14.4,55.0,0.0,986.1,100,27.5667,72.0667,39.17341817460234
2024-09-28 10:00:00+05:30,576.0,580.4,183.0,34.2,14.4,48.0,0.0,986.4,100,27.5667,72.0667,55.69673578386241
2024-09-28 11:00:00+05:30,711.0,640.8,202.0,35.7,13.5,43.0,0.0,985.9,100,27.5667,72.0667,68.02372123327692
2024-09-28 12:00:00+05:30,787.0,674.0,210.0,37.0,11.9,38.0,10.0,985.3,100,27.5667,72.0667,75.71808365154216
2024-09-28 13:00:00+05:30,774.0,654.8,212.0,37.8,10.3,35.0,2.0,984.3,100,27.5667,72.0667,73.08748024042033
2024-09-28 14:00:00+05:30,697.0,614.4,205.0,38.4,9.5,33.0,3.0,983.3,100,27.5667,72.0667,65.30318765042985
2024-09-28 15:00:00+05:30,566.0,554.3,185.0,38.6,8.0,31.0,6.0,982.6,100,27.5667,72.0667,53.17254780804123
2024-09-28 16:00:00+05:30,399.0,464.0,155.0,38.6,6.5,30.0,11.0,982.5,100,27.5667,72.0667,37.93527705435725
2024-09-28 17:00:00+05:30,197.0,275.0,107.0,38.3,7.6,29.0,26.0,982.6,100,27.5667,72.0667,17.668279098708858
2024-09-28 18:00:00+05:30,35.0,60.1,27.0,38.2,10.3,31.0,40.0,982.9,100,27.5667,72.0667,2.2287529518487155
2024-09-28 19:00:00+05:30,0.0,0.0,0.0,37.6,5.1,32.0,81.0,984.3,100,27.5667,72.0667,0.0
2024-09-28 20:00:00+05:30,0.0,0.0,0.0,28.0,17.4,71.0,31.0,986.6,100,27.5667,72.0667,0.0
2024-09-28 21:00:00+05:30,0.0,0.0,0.0,28.6,17.3,70.0,85.0,987.2,100,27.5667,72.0667,0.0
2024-09-28 22:00:00+05:30,0.0,0.0,0.0,28.0,17.7,77.0,31.0,987.7,100,27.5667,72.0667,0.0
2024-09-28 23:00:00+05:30,0.0,0.0,0.0,27.7,17.5,75.0,81.0,986.8,100,27.5667,72.0667,0.0
2024-09-29 00:00:00+05:30,0.0,0.0,0.0,27.9,16.8,72.0,28.0,986.6,100,27.5667,72.0667,0.0
2024-09-29 01:00:00+05:30,0.0,0.0,0.0,27.8,16.0,72.0,7.0,986.2,100,27.5667,72.0667,0.0
2024-09-29 02:00:00+05:30,0.0,0.0,0.0,27.6,14.0,73.0,30.0,985.9,100,27.5667,72.0667,0.0
2024-09-29 03:00:00+05:30,0.0,0.0,0.0,27.8,13.4,73.0,98.0,986.1,100,27.5667,72.0667,0.0
2024-09-29 04:00:00+05:30,0.0,0.0,0.0,27.8,12.0,74.0,95.0,986.7,100,27.5667,72.0667,0.0
2024-09-29 05:00:00+05:30,0.0,0.0,0.0,27.7,7.1,76.0,43.0,987.2,100,27.5667,72.0667,0.0
2024-09-29 06:00:00+05:30,0.0,0.0,0.0,27.8,4.0,76.0,14.0,988.0,100,27.5667,72.0667,0.0
2024-09-29 07:00:00+05:30,38.0,64.6,30.0,28.5,6.0,71.0,31.0,988.8,100,27.5667,72.0667,2.514925856635124
2024-09-29 08:00:00+05:30,186.0,242.2,111.0,29.7,6.1,65.0,7.0,989.3,100,27.5667,72.0667,17.18178967567695
2024-09-29 09:00:00+05:30,381.0,423.4,165.0,30.9,5.8,61.0,1.0,989.4,100,27.5667,72.0667,37.26003840330635
2024-09-29 10:00:00+05:30,568.0,566.3,186.0,32.5,5.8,55.0,0.0,989.4,100,27.5667,72.0667,55.42081666510118
2024-09-29 11:00:00+05:30,704.0,626.7,208.0,33.9,5.7,49.0,0.0,989.1,100,27.5667,72.0667,68.39998790384331
2024-09-29 12:00:00+05:30,778.0,663.6,212.0,35.2,4.3,45.0,1.0,988.3,100,27.5667,72.0667,73.80577115829463
2024-09-29 13:00:00+05:30,777.0,659.8,213.0,36.1,2.2,41.0,18.0,987.4,100,27.5667,72.0667,69.05803010208652
2024-09-29 14:00:00+05:30,662.0,563.3,213.0,36.8,1.6,39.0,67.0,986.7,100,27.5667,72.0667,60.45066025718869
2024-09-29 15:00:00+05:30,549.0,496.1,210.0,37.2,1.8,36.0,19.0,986.0,100,27.5667,72.0667,49.783120398405195
2024-09-29 16:00:00+05:30,363.0,402.5,153.0,37.3,3.1,33.0,94.0,985.7,100,27.5667,72.0667,33.280729871680805
2024-09-29 17:00:00+05:30,193.0,269.4,106.0,37.2,7.3,33.0,99.0,985.6,100,27.5667,72.0667,17.504316784110713
2024-09-29 18:00:00+05:30,41.0,76.4,31.0,36.3,6.5,35.0,75.0,986.5,100,27.5667,72.0667,2.6388552574410036
2024-09-29 19:00:00+05:30,0.0,0.0,0.0,34.7,15.5,41.0,12.0,987.2,100,27.5667,72.0667,0.0
2024-09-29 20:00:00+05:30,0.0,0.0,0.0,33.8,12.1,44.0,5.0,988.3,100,27.5667,72.0667,0.0
2024-09-29 21:00:00+05:30,0.0,0.0,0.0,33.2,9.3,45.0,58.0,988.9,100,27.5667,72.0667,0.0
2024-09-29 22:00:00+05:30,0.0,0.0,0.0,32.7,8.2,47.0,89.0,988.9,100,27.5667,72.0667,0.0
2024-09-29 23:00:00+05:30,0.0,0.0,0.0,31.9,7.3,50.0,85.0,988.4,100,27.5667,72.0667,0.0
2024-09-30 00:00:00+05:30,0.0,0.0,0.0,31.4,8.0,52.0,18.0,988.2,100,27.5667,72.0667,0.0
2024-09-30 01:00:00+05:30,0.0,0.0,0.0,30.9,10.3,52.0,1.0,987.8,100,27.5667,72.0667,0.0
2024-09-30 02:00:00+05:30,0.0,0.0,0.0,30.5,8.5,51.0,1.0,987.1,100,27.5667,72.0667,0.0
2024-09-30 03:00:00+05:30,0.0,0.0,0.0,30.2,8.3,52.0,1.0,987.2,100,27.5667,72.0667,0.0
2024-09-30 04:00:00+05:30,0.0,0.0,0.0,29.9,10.1,54.0,1.0,987.7,100,27.5667,72.0667,0.0
2024-09-30 05:00:00+05:30,0.0,0.0,0.0,29.5,9.6,57.0,1.0,988.1,100,27.5667,72.0667,0.0
2024-09-30 06:00:00+05:30,0.0,0.0,0.0,28.5,7.3,65.0,0.0,988.8,100,27.5667,72.0667,0.0
2024-09-30 07:00:00+05:30,38.0,73.3,29.0,29.2,6.4,63.0,0.0,989.4,100,27.5667,72.0667,2.558340504357042
2024-09-30 08:00:00+05:30,195.0,295.9,104.0,31.4,10.2,56.0,0.0,990.0,100,27.5667,72.0667,18.147773449618956
2024-09-30 09:00:00+05:30,393.0,474.5,152.0,33.2,12.8,51.0,0.0,990.4,100,27.5667,72.0667,38.22956065683436
2024-09-30 10:00:00+05:30,573.0,580.4,183.0,34.9,12.6,44.0,5.0,990.4,100,27.5667,72.0667,54.99166166327312
2024-09-30 11:00:00+05:30,707.0,641.7,201.0,36.4,11.7,39.0,28.0,989.9,100,27.5667,72.0667,68.88585979590275
2024-09-30 12:00:00+05:30,775.0,653.2,220.0,37.5,11.9,35.0,50.0,989.0,100,27.5667,72.0667,73.74536378670258
2024-09-30 13:00:00+05:30,778.0,656.6,219.0,38.4,13.0,32.0,28.0,987.9,100,27.5667,72.0667,75.49245046263093
2024-09-30 14:00:00+05:30,704.0,625.3,208.0,39.0,13.4,29.0,12.0,986.9,100,27.5667,72.0667,67.23967309072958
2024-09-30 15:00:00+05:30,523.0,484.3,194.0,39.2,13.0,28.0,17.0,985.9,100,27.5667,72.0667,50.06259590242305
2024-09-30 16:00:00+05:30,347.0,369.1,156.0,39.1,12.9,27.0,40.0,985.6,100,27.5667,72.0667,32.79342420780875
2024-09-30 17:00:00+05:30,189.0,266.8,104.0,38.9,13.7,27.0,96.0,985.6,100,27.5667,72.0667,16.820858244856023
2024-09-30 18:00:00+05:30,38.0,70.0,29.0,37.1,10.4,32.0,19.0,986.5,100,27.5667,72.0667,2.5600007982933466
2024-09-30 19:00:00+05:30,0.0,0.0,0.0,36.3,10.4,34.0,18.0,986.8,100,27.5667,72.0667,0.0
2024-09-30 20:00:00+05:30,0.0,0.0,0.0,35.6,12.8,36.0,20.0,987.3,100,27.5667,72.0667,0.0
2024-09-30 21:00:00+05:30,0.0,0.0,0.0,34.9,12.7,38.0,21.0,987.5,100,27.5667,72.0667,0.0
2024-09-30 22:00:00+05:30,0.0,0.0,0.0,34.2,13.5,40.0,7.0,987.4,100,27.5667,72.0667,0.0
2024-09-30 23:00:00+05:30,0.0,0.0,0.0,33.4,15.4,42.0,2.0,986.8,100,27.5667,72.0667,0.0
2024-10-01 00:00:00+05:30,0.0,0.0,0.0,32.6,18.0,46.0,0.0,986.5,100,27.5667,72.0667,0.0
2024-10-01 01:00:00+05:30,0.0,0.0,0.0,31.9,16.1,47.0,6.0,986.2,100,27.5667,72.0667,0.0
2024-10-01 02:00:00+05:30,0.0,0.0,0.0,31.1,12.9,50.0,10.0,985.6,100,27.5667,72.0667,0.0
2024-10-01 03:00:00+05:30,0.0,0.0,0.0,30.4,14.0,53.0,0.0,985.6,100,27.5667,72.0667,0.0
2024-10-01 04:00:00+05:30,0.0,0.0,0.0,29.8,15.4,56.0,0.0,985.8,100,27.5667,72.0667,0.0
2024-10-01 05:00:00+05:30,0.0,0.0,0.0,29.4,16.1,59.0,0.0,986.0,100,27.5667,72.0667,0.0
2024-10-01 06:00:00+05:30,0.0,0.0,0.0,29.1,16.7,64.0,0.0,986.7,100,27.5667,72.0667,0.0
2024-10-01 07:00:00+05:30,38.0,73.9,29.0,29.5,15.3,61.0,0.0,987.3,100,27.5667,72.0667,2.5449920767677536
2024-10-01 08:00:00+05:30,195.0,304.5,102.0,31.0,20.4,56.0,0.0,987.8,100,27.5667,72.0667,18.934609922087706
2024-10-01 09:00:00+05:30,394.0,484.6,149.0,33.1,23.7,49.0,0.0,988.1,100,27.5667,72.0667,39.45083591942109
2024-10-01 10:00:00+05:30,576.0,593.1,179.0,35.1,25.2,42.0,0.0,988.0,100,27.5667,72.0667,57.0278186289333
2024-10-01 11:00:00+05:30,711.0,654.3,197.0,36.7,24.7,37.0,0.0,987.4,100,27.5667,72.0667,71.73770676389859
2024-10-01 12:00:00+05:30,784.0,682.8,206.0,38.0,24.6,33.0,0.0,986.4,100,27.5667,72.0667,77.702357535873
2024-10-01 13:00:00+05:30,788.0,686.5,206.0,39.0,24.7,29.0,0.0,985.2,100,27.5667,72.0667,76.25974765759318
2024-10-01 14:00:00+05:30,721.0,665.1,196.0,39.7,24.6,26.0,1.0,984.1,100,27.5667,72.0667,71.28103889273393
2024-10-01 15:00:00+05:30,589.0,610.2,177.0,39.9,24.0,25.0,6.0,983.4,100,27.5667,72.0667,59.96630760942586
2024-10-01 16:00:00+05:30,409.0,508.6,148.0,39.6,22.9,25.0,1.0,983.3,100,27.5667,72.0667,39.34659195254959
2024-10-01 17:00:00+05:30,192.0,292.7,100.0,38.9,20.9,25.0,8.0,983.3,100,27.5667,72.0667,17.6980081493047
2024-10-01 18:00:00+05:30,43.0,87.0,32.0,36.9,17.1,30.0,1.0,984.1,100,27.5667,72.0667,3.0176724328833466
2024-10-01 19:00:00+05:30,0.0,0.0,0.0,35.6,17.1,32.0,4.0,984.7,100,27.5667,72.0667,0.0
2024-10-01 20:00:00+05:30,0.0,0.0,0.0,34.6,19.0,35.0,4.0,985.3,100,27.5667,72.0667,0.0
2024-10-01 21:00:00+05:30,0.0,0.0,0.0,34.0,19.8,35.0,4.0,985.5,100,27.5667,72.0667,0.0
2024-10-01 22:00:00+05:30,0.0,0.0,0.0,33.5,20.0,36.0,6.0,985.4,100,27.5667,72.0667,0.0
2024-10-01 23:00:00+05:30,0.0,0.0,0.0,32.6,20.4,38.0,5.0,985.1,100,27.5667,72.0667,0.0
2024-10-02 00:00:00+05:30,0.0,0.0,0.0,32.2,22.1,38.0,1.0,985.2,100,27.5667,72.0667,0.0
2024-10-02 01:00:00+05:30,0.0,0.0,0.0,31.7,23.6,39.0,0.0,984.8,100,27.5667,72.0667,0.0
2024-10-02 02:00:00+05:30,0.0,0.0,0.0,30.6,23.4,45.0,0.0,984.3,100,27.5667,72.0667,0.0
2024-10-02 03:00:00+05:30,0.0,0.0,0.0,29.8,23.2,51.0,0.0,984.6,100,27.5667,72.0667,0.0
2024-10-02 04:00:00+05:30,0.0,0.0,0.0,29.3,23.3,54.0,0.0,985.0,100,27.5667,72.0667,0.0
2024-10-02 05:00:00+05:30,0.0,0.0,0.0,28.7,22.7,58.0,0.0,985.6,100,27.5667,72.0667,0.0
2024-10-02 06:00:00+05:30,0.0,0.0,0.0,28.5,20.9,65.0,0.0,986.5,100,27.5667,72.0667,0.0
2024-10-02 07:00:00+05:30,38.0,74.5,29.0,28.8,20.1,66.0,0.0,987.2,100,27.5667,72.0667,2.5897656947259593
2024-10-02 08:00:00+05:30,197.0,313.2,102.0,30.2,22.1,62.0,0.0,987.6,100,27.5667,72.0667,19.142013102632433
2024-10-02 09:00:00+05:30,398.0,496.9,148.0,32.3,25.2,53.0,0.0,987.8,100,27.5667,72.0667,40.73746715999097
2024-10-02 10:00:00+05:30,582.0,606.0,178.0,35.1,26.8,41.0,0.0,987.5,100,27.5667,72.0667,60.5954788016341
2024-10-02 11:00:00+05:30,720.0,669.6,196.0,37.2,26.6,33.0,0.0,986.9,100,27.5667,72.0667,71.65946243956282
2024-10-02 12:00:00+05:30,796.0,700.9,205.0,38.9,25.6,28.0,0.0,985.8,100,27.5667,72.0667,77.84118155667137
2024-10-02 13:00:00+05:30,800.0,706.1,204.0,40.3,24.0,23.0,0.0,984.5,100,27.5667,72.0667,77.79924420994756
2024-10-02 14:00:00+05:30,730.0,681.2,195.0,41.4,22.2,17.0,0.0,983.5,100,27.5667,72.0667,72.6516081871423
2024-10-02 15:00:00+05:30,593.0,619.9,177.0,41.6,20.5,16.0,1.0,982.8,100,27.5667,72.0667,58.61974474700506
2024-10-02 16:00:00+05:30,411.0,514.8,149.0,41.4,18.9,15.0,3.0,982.4,100,27.5667,72.0667,40.06387767022677
2024-10-02 17:00:00+05:30,207.0,335.6,103.0,40.9,17.8,15.0,4.0,982.3,100,27.5667,72.0667,19.40194911204437
2024-10-02 18:00:00+05:30,42.0,88.6,31.0,38.0,14.4,21.0,3.0,983.3,100,27.5667,72.0667,2.8273234970328582
2024-10-02 19:00:00+05:30,0.0,0.0,0.0,36.6,19.5,26.0,4.0,983.5,100,27.5667,72.0667,0.0
2024-10-02 20:00:00+05:30,0.0,0.0,0.0,35.6,23.3,29.0,0.0,984.1,100,27.5667,72.0667,0.0
2024-10-02 21:00:00+05:30,0.0,0.0,0.0,34.5,24.1,34.0,0.0,984.6,100,27.5667,72.0667,0.0
2024-10-02 22:00:00+05:30,0.0,0.0,0.0,33.8,24.7,37.0,0.0,984.7,100,27.5667,72.0667,0.0
2024-10-02 23:00:00+05:30,0.0,0.0,0.0,33.3,24.9,37.0,0.0,984.7,100,27.5667,72.0667,0.0
2024-10-03 00:00:00+05:30,0.0,0.0,0.0,32.5,25.7,40.0,0.0,984.4,100,27.5667,72.0667,0.0
2024-10-03 01:00:00+05:30,0.0,0.0,0.0,31.3,26.1,49.0,0.0,984.2,100,27.5667,72.0667,0.0
2024-10-03 02:00:00+05:30,0.0,0.0,0.0,30.6,29.1,57.0,0.0,983.9,100,27.5667,72.0667,0.0
2024-10-03 03:00:00+05:30,0.0,0.0,0.0,30.0,29.8,61.0,0.0,983.9,100,27.5667,72.0667,0.0
2024-10-03 04:00:00+05:30,0.0,0.0,0.0,29.4,28.6,64.0,0.0,984.3,100,27.5667,72.0667,0.0
2024-10-03 05:00:00+05:30,0.0,0.0,0.0,28.8,27.8,67.0,0.0,984.3,100,27.5667,72.0667,0.0
2024-10-03 06:00:00+05:30,0.0,0.0,0.0,28.3,25.6,71.0,0.0,984.7,100,27.5667,72.0667,0.0
2024-10-03 07:00:00+05:30,37.0,75.2,28.0,28.3,21.6,70.0,0.0,985.2,100,27.5667,72.0667,2.542713244373163
2024-10-03 08:00:00+05:30,198.0,318.8,102.0,29.6,23.8,64.0,0.0,985.7,100,27.5667,72.0667,19.613943065843635
2024-10-03 09:00:00+05:30,400.0,503.2,148.0,31.7,25.1,55.0,0.0,986.0,100,27.5667,72.0667,41.06669748228517
2024-10-03 10:00:00+05:30,584.0,613.0,177.0,34.3,26.0,45.0,0.0,985.7,100,27.5667,72.0667,59.915790830783685
2024-10-03 11:00:00+05:30,720.0,674.7,194.0,37.0,27.5,36.0,0.0,985.1,100,27.5667,72.0667,72.25200573646481
2024-10-03 12:00:00+05:30,793.0,702.6,203.0,38.8,27.2,30.0,0.0,984.1,100,27.5667,72.0667,77.80113144868903
2024-10-03 13:00:00+05:30,795.0,705.6,202.0,40.0,25.8,25.0,1.0,983.2,100,27.5667,72.0667,81.66374010876744
2024-10-03 14:00:00+05:30,712.0,657.7,198.0,40.7,23.5,21.0,16.0,982.3,100,27.5667,72.0667,70.43919205738115
2024-10-03 15:00:00+05:30,542.0,530.8,188.0,40.7,21.8,19.0,12.0,981.5,100,27.5667,72.0667,52.76654371166905
2024-10-03 16:00:00+05:30,379.0,453.8,150.0,40.4,21.0,18.0,16.0,981.3,100,27.5667,72.0667,36.21486879531767
2024-10-03 17:00:00+05:30,187.0,284.7,100.0,39.7,21.0,19.0,5.0,981.4,100,27.5667,72.0667,17.92462104781529
2024-10-03 18:00:00+05:30,38.0,73.8,29.0,37.2,18.2,28.0,11.0,982.5,100,27.5667,72.0667,2.481666200473544
2024-10-03 19:00:00+05:30,0.0,0.0,0.0,36.1,19.8,34.0,12.0,983.2,100,27.5667,72.0667,0.0
2024-10-03 20:00:00+05:30,0.0,0.0,0.0,35.3,18.6,37.0,10.0,983.7,100,27.5667,72.0667,0.0
2024-10-03 21:00:00+05:30,0.0,0.0,0.0,34.3,21.1,40.0,4.0,983.7,100,27.5667,72.0667,0.0
2024-10-03 22:00:00+05:30,0.0,0.0,0.0,33.6,23.7,41.0,0.0,983.6,100,27.5667,72.0667,0.0
2024-10-03 23:00:00+05:30,0.0,0.0,0.0,32.8,21.6,45.0,1.0,983.7,100,27.5667,72.0667,0.0
2024-10-04 00:00:00+05:30,0.0,0.0,0.0,31.9,20.9,50.0,3.0,983.6,100,27.5667,72.0667,0.0
2024-10-04 01:00:00+05:30,0.0,0.0,0.0,31.2,21.6,55.0,0.0,983.5,100,27.5667,72.0667,0.0
2024-10-04 02:00:00+05:30,0.0,0.0,0.0,30.4,21.0,60.0,0.0,983.2,100,27.5667,72.0667,0.0
2024-10-04 03:00:00+05:30,0.0,0.0,0.0,29.5,20.1,64.0,0.0,983.5,100,27.5667,72.0667,0.0
2024-10-04 04:00:00+05:30,0.0,0.0,0.0,28.5,19.3,70.0,0.0,983.7,100,27.5667,72.0667,0.0
2024-10-04 05:00:00+05:30,0.0,0.0,0.0,27.5,16.4,74.0,0.0,984.1,100,27.5667,72.0667,0.0
2024-10-04 06:00:00+05:30,0.0,0.0,0.0,26.6,22.9,78.0,0.0,984.6,100,27.5667,72.0667,0.0
2024-10-04 07:00:00+05:30,37.0,75.8,28.0,26.5,25.1,78.0,0.0,985.2,100,27.5667,72.0667,2.5863946322554985
2024-10-04 08:00:00+05:30,197.0,317.8,102.0,27.3,26.7,73.0,0.0,985.8,100,27.5667,72.0667,19.700299855507172
2024-10-04 09:00:00+05:30,399.0,503.7,148.0,29.0,26.5,65.0,0.0,986.3,100,27.5667,72.0667,42.41637197237767
2024-10-04 10:00:00+05:30,584.0,614.0,178.0,31.1,27.0,56.0,0.0,986.5,100,27.5667,72.0667,62.74077866302567
2024-10-04 11:00:00+05:30,719.0,674.8,195.0,33.1,26.6,48.0,0.0,986.2,100,27.5667,72.0667,73.89656291076984
2024-10-04 12:00:00+05:30,792.0,703.0,204.0,34.9,24.7,41.0,0.0,985.4,100,27.5667,72.0667,78.90356184655836
2024-10-04 13:00:00+05:30,793.0,705.1,203.0,36.3,22.7,37.0,0.0,984.3,100,27.5667,72.0667,81.80823892633106
2024-10-04 14:00:00+05:30,723.0,680.4,194.0,37.3,21.9,33.0,0.0,983.4,100,27.5667,72.0667,72.90802818534038
2024-10-04 15:00:00+05:30,589.0,624.7,175.0,37.7,21.0,30.0,2.0,982.7,100,27.5667,72.0667,60.10514385611976
2024-10-04 16:00:00+05:30,402.0,507.7,148.0,37.5,19.7,29.0,8.0,982.5,100,27.5667,72.0667,39.75787061919441
2024-10-04 17:00:00+05:30,188.0,288.9,101.0,36.7,18.9,31.0,53.0,982.7,100,27.5667,72.0667,17.787952863332286
2024-10-04 18:00:00+05:30,38.0,83.5,28.0,34.8,14.3,36.0,0.0,984.0,100,27.5667,72.0667,2.5947887790156514
2024-10-04 19:00:00+05:30,0.0,0.0,0.0,33.7,13.5,38.0,0.0,984.5,100,27.5667,72.0667,0.0
2024-10-04 20:00:00+05:30,0.0,0.0,0.0,32.6,14.1,41.0,0.0,985.3,100,27.5667,72.0667,0.0
2024-10-04 21:00:00+05:30,0.0,0.0,0.0,31.8,16.7,45.0,0.0,985.7,100,27.5667,72.0667,0.0
2024-10-04 22:00:00+05:30,0.0,0.0,0.0,31.0,15.9,49.0,0.0,985.9,100,27.5667,72.0667,0.0
2024-10-04 23:00:00+05:30,0.0,0.0,0.0,30.2,13.8,54.0,0.0,985.9,100,27.5667,72.0667,0.0
2024-10-05 00:00:00+05:30,0.0,0.0,0.0,29.5,13.9,57.0,0.0,985.7,100,27.5667,72.0667,0.0
2024-10-05 01:00:00+05:30,0.0,0.0,0.0,28.9,16.2,61.0,1.0,985.5,100,27.5667,72.0667,0.0
2024-10-05 02:00:00+05:30,0.0,0.0,0.0,28.6,17.1,62.0,2.0,985.3,100,27.5667,72.0667,0.0
2024-10-05 03:00:00+05:30,0.0,0.0,0.0,28.1,18.2,63.0,1.0,985.3,100,27.5667,72.0667,0.0
2024-10-05 04:00:00+05:30,0.0,0.0,0.0,27.7,18.2,68.0,0.0,985.7,100,27.5667,72.0667,0.0
2024-10-05 05:00:00+05:30,0.0,0.0,0.0,27.0,16.7,75.0,0.0,986.4,100,27.5667,72.0667,0.0
2024-10-05 06:00:00+05:30,0.0,0.0,0.0,26.0,15.1,81.0,0.0,987.0,100,27.5667,72.0667,0.0
2024-10-05 07:00:00+05:30,36.0,68.0,28.0,26.3,12.6,80.0,0.0,987.7,100,27.5667,72.0667,2.5917378960315802
2024-10-05 08:00:00+05:30,193.0,306.7,102.0,27.4,13.8,75.0,0.0,988.4,100,27.5667,72.0667,19.059817097380673
2024-10-05 09:00:00+05:30,395.0,494.1,150.0,29.2,13.1,66.0,0.0,988.9,100,27.5667,72.0667,41.12395947871657
2024-10-05 10:00:00+05:30,579.0,607.5,179.0,31.0,16.1,57.0,0.0,988.9,100,27.5667,72.0667,59.510992777456494
2024-10-05 11:00:00+05:30,715.0,669.8,197.0,32.7,16.6,48.0,0.0,988.4,100,27.5667,72.0667,72.8522305914806
2024-10-05 12:00:00+05:30,789.0,699.9,206.0,34.1,16.2,41.0,0.0,987.5,100,27.5667,72.0667,76.92316564243856
2024-10-05 13:00:00+05:30,790.0,702.3,205.0,35.2,16.0,36.0,0.0,986.5,100,27.5667,72.0667,78.47044187686183
2024-10-05 14:00:00+05:30,720.0,678.8,195.0,35.9,15.7,33.0,0.0,985.3,100,27.5667,72.0667,73.3804927073009
2024-10-05 15:00:00+05:30,586.0,622.6,176.0,36.2,15.5,30.0,1.0,984.8,100,27.5667,72.0667,59.583790843307895
2024-10-05 16:00:00+05:30,395.0,498.1,148.0,36.0,15.8,30.0,8.0,985.1,100,27.5667,72.0667,39.74368902130515
2024-10-05 17:00:00+05:30,186.0,293.1,99.0,35.4,14.4,30.0,11.0,985.4,100,27.5667,72.0667,17.81889202267651
2024-10-05 18:00:00+05:30,36.0,76.6,27.0,33.5,10.6,36.0,1.0,986.4,100,27.5667,72.0667,2.4828128792481965
2024-10-05 19:00:00+05:30,0.0,0.0,0.0,32.6,8.7,39.0,0.0,986.9,100,27.5667,72.0667,0.0
2024-10-05 20:00:00+05:30,0.0,0.0,0.0,31.6,10.3,42.0,1.0,987.5,100,27.5667,72.0667,0.0
2024-10-05 21:00:00+05:30,0.0,0.0,0.0,30.7,9.4,45.0,1.0,988.0,100,27.5667,72.0667,0.0
2024-10-05 22:00:00+05:30,0.0,0.0,0.0,30.1,12.4,47.0,0.0,988.5,100,27.5667,72.0667,0.0
2024-10-05 23:00:00+05:30,0.0,0.0,0.0,29.2,12.8,51.0,0.0,988.5,100,27.5667,72.0667,0.0
2024-10-06 00:00:00+05:30,0.0,0.0,0.0,28.7,15.7,54.0,0.0,988.5,100,27.5667,72.0667,0.0
2024-10-06 01:00:00+05:30,0.0,0.0,0.0,28.3,18.4,54.0,0.0,988.5,100,27.5667,72.0667,0.0
2024-10-06 02:00:00+05:30,0.0,0.0,0.0,27.8,20.0,56.0,0.0,988.3,100,27.5667,72.0667,0.0
2024-10-06 03:00:00+05:30,0.0,0.0,0.0,27.3,19.7,58.0,0.0,988.6,100,27.5667,72.0667,0.0
2024-10-06 04:00:00+05:30,0.0,0.0,0.0,27.0,18.8,59.0,0.0,988.9,100,27.5667,72.0667,0.0
2024-10-06 05:00:00+05:30,0.0,0.0,0.0,26.6,17.0,61.0,0.0,989.0,100,27.5667,72.0667,0.0
2024-10-06 06:00:00+05:30,0.0,0.0,0.0,26.3,14.0,66.0,0.0,990.5,100,27.5667,72.0667,0.0
2024-10-06 07:00:00+05:30,34.0,68.7,26.0,26.7,12.1,65.0,0.0,991.1,100,27.5667,72.0667,2.336511187038668
2024-10-06 08:00:00+05:30,190.0,302.2,101.0,28.4,13.4,61.0,0.0,991.9,100,27.5667,72.0667,18.75952516467123
2024-10-06 09:00:00+05:30,388.0,486.5,148.0,30.2,12.6,59.0,0.0,992.3,100,27.5667,72.0667,39.82506375724634
2024-10-06 10:00:00+05:30,571.0,597.9,179.0,31.9,9.2,51.0,0.0,992.5,100,27.5667,72.0667,56.842964567995054
2024-10-06 11:00:00+05:30,706.0,660.8,197.0,33.0,5.1,45.0,0.0,992.2,100,27.5667,72.0667,68.7080412597017
2024-10-06 12:00:00+05:30,778.0,689.6,206.0,34.1,2.1,40.0,0.0,991.5,100,27.5667,72.0667,74.70156471196215
2024-10-06 13:00:00+05:30,778.0,692.3,204.0,35.2,1.1,35.0,0.0,990.5,100,27.5667,72.0667,70.73772554254336
2024-10-06 14:00:00+05:30,708.0,666.7,195.0,36.2,2.6,29.0,2.0,989.8,100,27.5667,72.0667,65.05535061595388
2024-10-06 15:00:00+05:30,562.0,590.0,176.0,36.9,5.6,23.0,30.0,989.1,100,27.5667,72.0667,55.85879078838566
2024-10-06 16:00:00+05:30,327.0,372.3,144.0,36.9,7.8,21.0,15.0,989.0,100,27.5667,72.0667,31.688192305314896
2024-10-06 17:00:00+05:30,175.0,270.2,96.0,36.6,10.0,21.0,14.0,989.2,100,27.5667,72.0667,16.530652912009717
2024-10-06 18:00:00+05:30,31.0,60.7,24.0,35.7,7.9,25.0,21.0,990.0,100,27.5667,72.0667,2.0111979436687037
2024-10-06 19:00:00+05:30,0.0,0.0,0.0,34.6,8.9,28.0,14.0,990.4,100,27.5667,72.0667,0.0
2024-10-06 20:00:00+05:30,0.0,0.0,0.0,33.3,10.4,31.0,13.0,991.0,100,27.5667,72.0667,0.0
2024-10-06 21:00:00+05:30,0.0,0.0,0.0,32.2,9.5,33.0,2.0,991.0,100,27.5667,72.0667,0.0
2024-10-06 22:00:00+05:30,0.0,0.0,0.0,31.2,10.2,36.0,1.0,991.2,100,27.5667,72.0667,0.0
2024-10-06 23:00:00+05:30,0.0,0.0,0.0,30.4,10.3,37.0,0.0,991.3,100,27.5667,72.0667,0.0
2024-10-07 00:00:00+05:30,0.0,0.0,0.0,29.8,14.2,37.0,0.0,991.3,100,27.5667,72.0667,0.0
2024-10-07 01:00:00+05:30,0.0,0.0,0.0,29.3,12.8,36.0,0.0,991.2,100,27.5667,72.0667,0.0
2024-10-07 02:00:00+05:30,0.0,0.0,0.0,28.4,10.7,37.0,0.0,991.2,100,27.5667,72.0667,0.0
2024-10-07 03:00:00+05:30,0.0,0.0,0.0,27.4,9.8,40.0,0.0,991.3,100,27.5667,72.0667,0.0
2024-10-07 04:00:00+05:30,0.0,0.0,0.0,26.9,10.8,42.0,0.0,991.3,100,27.5667,72.0667,0.0
2024-10-07 05:00:00+05:30,0.0,0.0,0.0,26.4,11.2,42.0,0.0,991.3,100,27.5667,72.0667,0.0
2024-10-07 06:00:00+05:30,0.0,0.0,0.0,25.8,8.5,51.0,0.0,992.7,100,27.5667,72.0667,0.0
2024-10-07 07:00:00+05:30,33.0,69.3,25.0,26.8,7.4,47.0,0.0,993.2,100,27.5667,72.0667,2.294757394701486
2024-10-07 08:00:00+05:30,188.0,304.5,99.0,29.3,6.5,40.0,0.0,993.9,100,27.5667,72.0667,18.52226515885823
2024-10-07 09:00:00+05:30,386.0,487.0,147.0,31.7,8.1,36.0,0.0,994.1,100,27.5667,72.0667,38.89804407484542
2024-10-07 10:00:00+05:30,567.0,597.5,177.0,33.9,9.2,32.0,0.0,994.0,100,27.5667,72.0667,57.558653607055916
2024-10-07 11:00:00+05:30,700.0,657.1,196.0,35.4,7.4,28.0,0.0,993.5,100,27.5667,72.0667,68.12384247810236
2024-10-07 12:00:00+05:30,770.0,685.3,204.0,36.3,4.6,26.0,13.0,992.7,100,27.5667,72.0667,75.12580702001335
2024-10-07 13:00:00+05:30,734.0,633.7,211.0,36.9,5.6,24.0,10.0,991.8,100,27.5667,72.0667,70.95296007565166
2024-10-07 14:00:00+05:30,677.0,623.2,200.0,37.4,6.1,23.0,7.0,990.7,100,27.5667,72.0667,63.87729280910148
2024-10-07 15:00:00+05:30,497.0,498.4,173.0,37.5,6.7,22.0,17.0,990.0,100,27.5667,72.0667,49.10619892582978
2024-10-07 16:00:00+05:30,335.0,369.4,155.0,37.4,8.1,22.0,14.0,989.8,100,27.5667,72.0667,32.24890708627426
2024-10-07 17:00:00+05:30,168.0,253.4,95.0,37.0,9.3,22.0,14.0,990.0,100,27.5667,72.0667,15.89108982828368
2024-10-07 18:00:00+05:30,32.0,61.9,25.0,35.4,11.4,22.0,5.0,990.5,100,27.5667,72.0667,2.1491120789656404
2024-10-07 19:00:00+05:30,0.0,0.0,0.0,34.3,10.3,24.0,1.0,991.0,100,27.5667,72.0667,0.0
2024-10-07 20:00:00+05:30,0.0,0.0,0.0,33.0,8.4,27.0,0.0,991.6,100,27.5667,72.0667,0.0
2024-10-07 21:00:00+05:30,0.0,0.0,0.0,31.7,8.9,29.0,0.0,991.5,100,27.5667,72.0667,0.0
2024-10-07 22:00:00+05:30,0.0,0.0,0.0,30.9,9.8,30.0,3.0,991.7,100,27.5667,72.0667,0.0
2024-10-07 23:00:00+05:30,0.0,0.0,0.0,30.4,9.7,31.0,9.0,991.5,100,27.5667,72.0667,0.0
2024-10-08 00:00:00+05:30,0.0,0.0,0.0,29.4,9.6,33.0,2.0,991.3,100,27.5667,72.0667,0.0
2024-10-08 01:00:00+05:30,0.0,0.0,0.0,28.2,8.8,37.0,1.0,991.1,100,27.5667,72.0667,0.0
2024-10-08 02:00:00+05:30,0.0,0.0,0.0,27.5,8.5,39.0,1.0,990.6,100,27.5667,72.0667,0.0
2024-10-08 03:00:00+05:30,0.0,0.0,0.0,27.1,5.4,42.0,0.0,990.3,100,27.5667,72.0667,0.0
2024-10-08 04:00:00+05:30,0.0,0.0,0.0,29.0,3.1,35.0,0.0,990.6,100,27.5667,72.0667,0.0
2024-10-08 05:00:00+05:30,0.0,0.0,0.0,28.0,4.2,39.0,0.0,990.6,100,27.5667,72.0667,0.0
2024-10-08 06:00:00+05:30,0.0,0.0,0.0,25.4,8.8,50.0,0.0,991.6,100,27.5667,72.0667,0.0
2024-10-08 07:00:00+05:30,33.0,70.0,25.0,26.1,9.6,48.0,0.0,992.1,100,27.5667,72.0667,2.3125234879339662
2024-10-08 08:00:00+05:30,189.0,310.4,99.0,29.0,9.6,40.0,0.0,993.1,100,27.5667,72.0667,19.365089403564095
2024-10-08 09:00:00+05:30,388.0,497.8,145.0,32.7,10.8,32.0,0.0,993.9,100,27.5667,72.0667,40.48186257105661
2024-10-08 10:00:00+05:30,569.0,606.3,175.0,35.4,9.9,25.0,0.0,993.8,100,27.5667,72.0667,57.55776944884145
2024-10-08 11:00:00+05:30,702.0,665.1,194.0,36.5,9.5,22.0,16.0,992.9,100,27.5667,72.0667,66.9445926696715
2024-10-08 12:00:00+05:30,695.0,588.5,211.0,37.2,9.2,20.0,10.0,992.0,100,27.5667,72.0667,69.74283561985666
2024-10-08 13:00:00+05:30,725.0,626.9,210.0,37.6,9.0,19.0,10.0,990.8,100,27.5667,72.0667,70.41930877033394
2024-10-08 14:00:00+05:30,666.0,610.8,201.0,38.1,9.7,19.0,11.0,989.5,100,27.5667,72.0667,63.332444698779355
2024-10-08 15:00:00+05:30,526.0,546.6,173.0,38.0,11.5,19.0,9.0,989.0,100,27.5667,72.0667,51.77275435334027
2024-10-08 16:00:00+05:30,358.0,443.2,144.0,37.6,13.3,19.0,13.0,989.0,100,27.5667,72.0667,34.29687902726019
2024-10-08 17:00:00+05:30,173.0,275.0,95.0,37.0,13.5,20.0,17.0,988.9,100,27.5667,72.0667,16.39441929311255
2024-10-08 18:00:00+05:30,27.0,54.1,21.0,35.0,12.3,25.0,20.0,990.4,100,27.5667,72.0667,1.7668044126262668
2024-10-08 19:00:00+05:30,0.0,0.0,0.0,34.1,13.1,27.0,15.0,990.8,100,27.5667,72.0667,0.0
2024-10-08 20:00:00+05:30,0.0,0.0,0.0,33.3,12.5,28.0,11.0,990.9,100,27.5667,72.0667,0.0
2024-10-08 21:00:00+05:30,0.0,0.0,0.0,32.6,13.7,29.0,8.0,991.1,100,27.5667,72.0667,0.0
2024-10-08 22:00:00+05:30,0.0,0.0,0.0,31.9,13.3,31.0,12.0,991.1,100,27.5667,72.0667,0.0
2024-10-08 23:00:00+05:30,0.0,0.0,0.0,30.6,13.1,34.0,1.0,990.9,100,27.5667,72.0667,0.0
2024-10-09 00:00:00+05:30,0.0,0.0,0.0,30.0,15.7,36.0,2.0,990.6,100,27.5667,72.0667,0.0
2024-10-09 01:00:00+05:30,0.0,0.0,0.0,29.2,12.5,37.0,0.0,990.1,100,27.5667,72.0667,0.0
2024-10-09 02:00:00+05:30,0.0,0.0,0.0,28.3,11.8,40.0,0.0,989.8,100,27.5667,72.0667,0.0
2024-10-09 03:00:00+05:30,0.0,0.0,0.0,27.6,10.2,44.0,0.0,989.5,100,27.5667,72.0667,0.0
2024-10-09 04:00:00+05:30,0.0,0.0,0.0,27.0,8.6,49.0,0.0,989.3,100,27.5667,72.0667,0.0
2024-10-09 05:00:00+05:30,0.0,0.0,0.0,26.6,9.1,51.0,0.0,989.2,100,27.5667,72.0667,0.0
2024-10-09 06:00:00+05:30,0.0,0.0,0.0,25.8,8.2,49.0,0.0,990.3,100,27.5667,72.0667,0.0
2024-10-09 07:00:00+05:30,32.0,61.9,25.0,26.3,7.1,48.0,1.0,990.8,100,27.5667,72.0667,2.2444220981526257
2024-10-09 08:00:00+05:30,182.0,295.5,97.0,28.2,5.9,43.0,4.0,991.6,100,27.5667,72.0667,18.023026665645787
2024-10-09 09:00:00+05:30,373.0,463.4,148.0,30.5,2.7,37.0,5.0,992.2,100,27.5667,72.0667,37.58848677916952
2024-10-09 10:00:00+05:30,552.0,573.5,181.0,32.7,1.8,33.0,4.0,992.2,100,27.5667,72.0667,55.39068314915941
2024-10-09 11:00:00+05:30,685.0,640.3,198.0,34.5,3.1,28.0,5.0,991.6,100,27.5667,72.0667,66.29625844655726
2024-10-09 12:00:00+05:30,752.0,669.3,204.0,35.5,3.3,27.0,7.0,990.5,100,27.5667,72.0667,69.62552890645587
2024-10-09 13:00:00+05:30,759.0,680.0,203.0,36.3,5.5,25.0,9.0,989.5,100,27.5667,72.0667,71.71125676097112
2024-10-09 14:00:00+05:30,678.0,616.8,211.0,36.9,6.6,24.0,11.0,988.4,100,27.5667,72.0667,66.78116018162811
2024-10-09 15:00:00+05:30,567.0,607.9,177.0,37.1,10.6,23.0,20.0,987.7,100,27.5667,72.0667,55.72085096324089
2024-10-09 16:00:00+05:30,318.0,334.3,158.0,36.7,14.5,23.0,28.0,987.2,100,27.5667,72.0667,31.417915645383992
2024-10-09 17:00:00+05:30,159.0,239.8,92.0,36.0,14.4,24.0,12.0,987.0,100,27.5667,72.0667,15.467258453017775
2024-10-09 18:00:00+05:30,26.0,55.2,20.0,35.1,11.9,24.0,15.0,987.8,100,27.5667,72.0667,1.5953174351650656
2024-10-09 19:00:00+05:30,0.0,0.0,0.0,34.1,10.1,26.0,12.0,988.3,100,27.5667,72.0667,0.0
2024-10-09 20:00:00+05:30,0.0,0.0,0.0,32.3,4.7,33.0,15.0,988.9,100,27.5667,72.0667,0.0
2024-10-09 21:00:00+05:30,0.0,0.0,0.0,31.4,6.7,32.0,31.0,989.5,100,27.5667,72.0667,0.0
2024-10-09 22:00:00+05:30,0.0,0.0,0.0,31.1,15.5,35.0,30.0,990.1,100,27.5667,72.0667,0.0
2024-10-09 23:00:00+05:30,0.0,0.0,0.0,30.4,16.3,38.0,15.0,990.1,100,27.5667,72.0667,0.0
2024-10-10 00:00:00+05:30,0.0,0.0,0.0,29.4,18.3,41.0,7.0,989.6,100,27.5667,72.0667,0.0
2024-10-10 01:00:00+05:30,0.0,0.0,0.0,28.6,16.7,45.0,1.0,989.0,100,27.5667,72.0667,0.0
2024-10-10 02:00:00+05:30,0.0,0.0,0.0,28.1,13.3,46.0,0.0,988.6,100,27.5667,72.0667,0.0
2024-10-10 03:00:00+05:30,0.0,0.0,0.0,27.2,11.7,49.0,0.0,988.3,100,27.5667,72.0667,0.0
2024-10-10 04:00:00+05:30,0.0,0.0,0.0,26.5,9.1,53.0,0.0,988.2,100,27.5667,72.0667,0.0
2024-10-10 05:00:00+05:30,0.0,0.0,0.0,25.6,7.9,57.0,0.0,988.4,100,27.5667,72.0667,0.0
2024-10-10 06:00:00+05:30,0.0,0.0,0.0,24.5,12.9,68.0,0.0,989.2,100,27.5667,72.0667,0.0
2024-10-10 07:00:00+05:30,32.0,71.4,24.0,25.1,13.1,64.0,0.0,989.5,100,27.5667,72.0667,2.2425919597564263
2024-10-10 08:00:00+05:30,188.0,319.0,97.0,27.6,10.0,55.0,0.0,990.1,100,27.5667,72.0667,19.41699091835622
2024-10-10 09:00:00+05:30,388.0,507.3,143.0,31.2,12.1,42.0,0.0,990.6,100,27.5667,72.0667,40.88634359321836
2024-10-10 10:00:00+05:30,570.0,616.5,173.0,33.5,5.6,32.0,0.0,990.9,100,27.5667,72.0667,57.33262716719837
2024-10-10 11:00:00+05:30,702.0,673.5,192.0,34.6,5.2,28.0,23.0,990.2,100,27.5667,72.0667,68.37778795425126
2024-10-10 12:00:00+05:30,677.0,550.8,228.0,35.3,7.8,25.0,24.0,989.3,100,27.5667,72.0667,66.90486595806922
2024-10-10 13:00:00+05:30,712.0,608.3,217.0,36.1,9.2,22.0,32.0,988.5,100,27.5667,72.0667,69.93539645397252
2024-10-10 14:00:00+05:30,606.0,495.3,233.0,36.3,10.5,21.0,25.0,987.5,100,27.5667,72.0667,60.279704048024826
2024-10-10 15:00:00+05:30,466.0,433.1,190.0,36.2,12.0,21.0,24.0,987.1,100,27.5667,72.0667,47.747666771563516
2024-10-10 16:00:00+05:30,258.0,238.3,145.0,35.9,12.3,20.0,7.0,987.1,100,27.5667,72.0667,25.294221735683493
2024-10-10 17:00:00+05:30,147.0,200.0,92.0,35.5,11.4,20.0,2.0,987.2,100,27.5667,72.0667,14.363339623636236
2024-10-10 18:00:00+05:30,25.0,46.9,20.0,34.7,12.0,18.0,3.0,987.6,100,27.5667,72.0667,1.5466626841672146
2024-10-10 19:00:00+05:30,0.0,0.0,0.0,33.0,10.3,20.0,5.0,988.1,100,27.5667,72.0667,0.0
2024-10-10 20:00:00+05:30,0.0,0.0,0.0,31.5,9.8,23.0,2.0,988.8,100,27.5667,72.0667,0.0
2024-10-10 21:00:00+05:30,0.0,0.0,0.0,30.2,10.0,25.0,0.0,989.4,100,27.5667,72.0667,0.0
2024-10-10 22:00:00+05:30,0.0,0.0,0.0,29.2,9.4,26.0,0.0,989.6,100,27.5667,72.0667,0.0
2024-10-10 23:00:00+05:30,0.0,0.0,0.0,27.9,7.3,30.0,0.0,989.4,100,27.5667,72.0667,0.0
2024-10-11 00:00:00+05:30,0.0,0.0,0.0,27.6,7.1,30.0,0.0,988.9,100,27.5667,72.0667,0.0
2024-10-11 01:00:00+05:30,0.0,0.0,0.0,27.3,13.0,28.0,0.0,988.3,100,27.5667,72.0667,0.0
2024-10-11 02:00:00+05:30,0.0,0.0,0.0,26.0,14.0,33.0,0.0,988.1,100,27.5667,72.0667,0.0
2024-10-11 03:00:00+05:30,0.0,0.0,0.0,25.4,11.0,35.0,0.0,988.1,100,27.5667,72.0667,0.0
2024-10-11 04:00:00+05:30,0.0,0.0,0.0,25.0,11.3,36.0,0.0,988.0,100,27.5667,72.0667,0.0
2024-10-11 05:00:00+05:30,0.0,0.0,0.0,24.4,11.1,38.0,0.0,988.3,100,27.5667,72.0667,0.0
2024-10-11 06:00:00+05:30,0.0,0.0,0.0,24.2,12.5,41.0,0.0,989.5,100,27.5667,72.0667,0.0
2024-10-11 07:00:00+05:30,32.0,72.1,24.0,24.6,12.5,40.0,0.0,990.0,100,27.5667,72.0667,2.2494509244811676
2024-10-11 08:00:00+05:30,190.0,328.7,97.0,27.1,10.2,35.0,0.0,990.7,100,27.5667,72.0667,19.739767939937682
2024-10-11 09:00:00+05:30,393.0,518.5,144.0,30.1,7.6,29.0,0.0,991.4,100,27.5667,72.0667,40.54564750945655
2024-10-11 10:00:00+05:30,577.0,630.3,173.0,32.5,6.4,24.0,0.0,991.5,100,27.5667,72.0667,58.38405301743062
2024-10-11 11:00:00+05:30,712.0,692.4,190.0,34.2,4.0,20.0,0.0,991.0,100,27.5667,72.0667,69.97506601881085
2024-10-11 12:00:00+05:30,784.0,719.6,200.0,35.2,4.0,18.0,0.0,989.9,100,27.5667,72.0667,74.87631236509938
2024-10-11 13:00:00+05:30,783.0,722.4,198.0,36.1,7.7,16.0,0.0,989.1,100,27.5667,72.0667,77.60843284052476
2024-10-11 14:00:00+05:30,710.0,695.6,189.0,36.5,7.9,14.0,0.0,988.1,100,27.5667,72.0667,69.77053006843019
2024-10-11 15:00:00+05:30,572.0,633.5,171.0,36.6,8.7,14.0,0.0,987.4,100,27.5667,72.0667,57.64216306768874
2024-10-11 16:00:00+05:30,386.0,521.4,141.0,36.5,11.6,14.0,0.0,987.0,100,27.5667,72.0667,39.5363371460329
2024-10-11 17:00:00+05:30,182.0,325.0,94.0,35.8,14.4,14.0,0.0,987.2,100,27.5667,72.0667,18.631814298560062
2024-10-11 18:00:00+05:30,27.0,57.5,21.0,33.9,11.3,17.0,0.0,988.0,100,27.5667,72.0667,1.7284973588593193
2024-10-11 19:00:00+05:30,0.0,0.0,0.0,32.6,12.5,19.0,0.0,988.3,100,27.5667,72.0667,0.0
2024-10-11 20:00:00+05:30,0.0,0.0,0.0,31.7,10.4,20.0,0.0,988.9,100,27.5667,72.0667,0.0
2024-10-11 21:00:00+05:30,0.0,0.0,0.0,30.0,8.6,25.0,0.0,989.2,100,27.5667,72.0667,0.0
2024-10-11 22:00:00+05:30,0.0,0.0,0.0,28.7,5.9,29.0,0.0,989.3,100,27.5667,72.0667,0.0
2024-10-11 23:00:00+05:30,0.0,0.0,0.0,29.2,1.3,25.0,0.0,989.3,100,27.5667,72.0667,0.0
2024-10-12 00:00:00+05:30,0.0,0.0,0.0,29.2,1.5,25.0,0.0,988.8,100,27.5667,72.0667,0.0
2024-10-12 01:00:00+05:30,0.0,0.0,0.0,27.6,5.9,30.0,0.0,988.4,100,27.5667,72.0667,0.0
2024-10-12 02:00:00+05:30,0.0,0.0,0.0,26.0,12.4,31.0,0.0,988.0,100,27.5667,72.0667,0.0
2024-10-12 03:00:00+05:30,0.0,0.0,0.0,24.8,10.6,38.0,0.0,988.0,100,27.5667,72.0667,0.0
2024-10-12 04:00:00+05:30,0.0,0.0,0.0,24.2,10.1,41.0,0.0,987.9,100,27.5667,72.0667,0.0
2024-10-12 05:00:00+05:30,0.0,0.0,0.0,23.1,9.2,47.0,0.0,988.1,100,27.5667,72.0667,0.0
2024-10-12 06:00:00+05:30,0.0,0.0,0.0,25.8,4.4,34.0,0.0,989.0,100,27.5667,72.0667,0.0
2024-10-12 07:00:00+05:30,31.0,72.9,23.0,23.7,9.7,41.0,0.0,989.3,100,27.5667,72.0667,2.216994646755074
2024-10-12 08:00:00+05:30,190.0,331.6,97.0,25.7,7.5,38.0,0.0,990.1,100,27.5667,72.0667,19.73592946439397
2024-10-12 09:00:00+05:30,395.0,525.6,144.0,29.3,6.0,29.0,0.0,990.8,100,27.5667,72.0667,42.928733743256295
2024-10-12 10:00:00+05:30,578.0,634.9,173.0,32.0,4.5,23.0,0.0,991.0,100,27.5667,72.0667,58.762287530442315
2024-10-12 11:00:00+05:30,711.0,694.1,190.0,33.9,7.2,21.0,0.0,990.7,100,27.5667,72.0667,72.24180671042518
2024-10-12 12:00:00+05:30,779.0,719.2,198.0,35.3,8.7,17.0,0.0,989.9,100,27.5667,72.0667,77.29802509788524
2024-10-12 13:00:00+05:30,776.0,717.2,198.0,35.9,5.6,15.0,0.0,989.0,100,27.5667,72.0667,75.75257005955555
2024-10-12 14:00:00+05:30,702.0,690.1,188.0,36.2,4.3,15.0,0.0,988.2,100,27.5667,72.0667,69.2551979784487
2024-10-12 15:00:00+05:30,564.0,628.2,169.0,36.2,3.1,15.0,0.0,987.6,100,27.5667,72.0667,56.04149837841187
2024-10-12 16:00:00+05:30,378.0,513.3,139.0,36.1,4.1,15.0,0.0,987.4,100,27.5667,72.0667,38.03572250610521
2024-10-12 17:00:00+05:30,176.0,315.1,92.0,35.5,6.5,15.0,0.0,987.6,100,27.5667,72.0667,17.61819446504136
2024-10-12 18:00:00+05:30,25.0,58.7,19.0,34.3,11.4,17.0,2.0,988.5,100,27.5667,72.0667,1.555631660908438
2024-10-12 19:00:00+05:30,0.0,0.0,0.0,33.1,13.5,16.0,0.0,988.7,100,27.5667,72.0667,0.0
2024-10-12 20:00:00+05:30,0.0,0.0,0.0,30.7,7.1,18.0,0.0,989.0,100,27.5667,72.0667,0.0
2024-10-12 21:00:00+05:30,0.0,0.0,0.0,30.3,5.0,18.0,0.0,989.2,100,27.5667,72.0667,0.0
2024-10-12 22:00:00+05:30,0.0,0.0,0.0,28.5,6.9,23.0,1.0,989.2,100,27.5667,72.0667,0.0
2024-10-12 23:00:00+05:30,0.0,0.0,0.0,27.6,11.2,25.0,1.0,989.0,100,27.5667,72.0667,0.0
2024-10-13 00:00:00+05:30,0.0,0.0,0.0,27.1,15.9,36.0,0.0,988.9,100,27.5667,72.0667,0.0
2024-10-13 01:00:00+05:30,0.0,0.0,0.0,26.9,13.7,45.0,0.0,988.8,100,27.5667,72.0667,0.0
2024-10-13 02:00:00+05:30,0.0,0.0,0.0,25.7,10.5,50.0,0.0,988.6,100,27.5667,72.0667,0.0
2024-10-13 03:00:00+05:30,0.0,0.0,0.0,25.2,10.9,55.0,0.0,988.6,100,27.5667,72.0667,0.0
2024-10-13 04:00:00+05:30,0.0,0.0,0.0,25.1,12.3,59.0,0.0,988.6,100,27.5667,72.0667,0.0
2024-10-13 05:00:00+05:30,0.0,0.0,0.0,24.6,13.5,62.0,1.0,989.1,100,27.5667,72.0667,0.0
2024-10-13 06:00:00+05:30,0.0,0.0,0.0,24.5,14.7,64.0,2.0,990.2,100,27.5667,72.0667,0.0
2024-10-13 07:00:00+05:30,29.0,64.5,22.0,24.9,13.8,64.0,0.0,990.9,100,27.5667,72.0667,2.0405760955197763
2024-10-13 08:00:00+05:30,180.0,309.3,94.0,27.0,9.9,58.0,2.0,991.4,100,27.5667,72.0667,18.79487201401329
2024-10-13 09:00:00+05:30,376.0,492.8,142.0,29.5,13.2,51.0,9.0,992.1,100,27.5667,72.0667,40.74252220405684
2024-10-13 10:00:00+05:30,559.0,609.6,172.0,31.6,13.9,44.0,98.0,992.0,100,27.5667,72.0667,56.6604664495257
2024-10-13 11:00:00+05:30,398.0,125.8,304.0,32.3,12.8,40.0,74.0,991.3,100,27.5667,72.0667,36.23256419525105
2024-10-13 12:00:00+05:30,522.0,274.8,301.0,33.5,9.4,33.0,23.0,990.6,100,27.5667,72.0667,49.920068589994095
2024-10-13 13:00:00+05:30,715.0,582.3,248.0,34.8,5.5,26.0,58.0,989.7,100,27.5667,72.0667,68.8819807132034
2024-10-13 14:00:00+05:30,503.0,383.4,219.0,35.1,3.7,23.0,66.0,988.9,100,27.5667,72.0667,48.58788723709349
2024-10-13 15:00:00+05:30,459.0,411.5,202.0,35.4,1.9,22.0,85.0,988.4,100,27.5667,72.0667,43.048334571067144
2024-10-13 16:00:00+05:30,230.0,119.2,175.0,35.5,1.8,21.0,98.0,988.0,100,27.5667,72.0667,20.31828364046531
2024-10-13 17:00:00+05:30,80.0,41.9,69.0,35.3,7.3,21.0,21.0,987.7,100,27.5667,72.0667,6.736792952342471
2024-10-13 18:00:00+05:30,22.0,39.9,18.0,32.0,19.7,34.0,3.0,988.8,100,27.5667,72.0667,1.344153616228011
2024-10-13 19:00:00+05:30,0.0,0.0,0.0,31.0,16.4,32.0,0.0,989.6,100,27.5667,72.0667,0.0
2024-10-13 20:00:00+05:30,0.0,0.0,0.0,30.0,14.8,34.0,0.0,990.1,100,27.5667,72.0667,0.0
2024-10-13 21:00:00+05:30,0.0,0.0,0.0,29.1,13.1,40.0,0.0,990.3,100,27.5667,72.0667,0.0
2024-10-13 22:00:00+05:30,0.0,0.0,0.0,28.1,14.1,47.0,61.0,990.3,100,27.5667,72.0667,0.0
2024-10-13 23:00:00+05:30,0.0,0.0,0.0,27.3,14.4,51.0,0.0,990.2,100,27.5667,72.0667,0.0
2024-10-14 00:00:00+05:30,0.0,0.0,0.0,26.6,13.5,54.0,0.0,989.9,100,27.5667,72.0667,0.0
2024-10-14 01:00:00+05:30,0.0,0.0,0.0,25.9,13.6,56.0,0.0,989.8,100,27.5667,72.0667,0.0
2024-10-14 02:00:00+05:30,0.0,0.0,0.0,25.4,13.6,59.0,50.0,989.4,100,27.5667,72.0667,0.0
2024-10-14 03:00:00+05:30,0.0,0.0,0.0,24.8,11.9,61.0,91.0,989.5,100,27.5667,72.0667,0.0
2024-10-14 04:00:00+05:30,0.0,0.0,0.0,23.7,7.7,67.0,92.0,989.8,100,27.5667,72.0667,0.0
2024-10-14 05:00:00+05:30,0.0,0.0,0.0,22.9,6.7,72.0,0.0,990.2,100,27.5667,72.0667,0.0
2024-10-14 06:00:00+05:30,0.0,0.0,0.0,22.8,9.6,74.0,100.0,991.1,100,27.5667,72.0667,0.0
2024-10-14 07:00:00+05:30,28.0,46.6,23.0,23.3,9.7,74.0,66.0,991.9,100,27.5667,72.0667,1.9364990725344617
2024-10-14 08:00:00+05:30,177.0,286.7,98.0,25.4,9.2,68.0,15.0,992.8,100,27.5667,72.0667,18.332691316641057
2024-10-14 09:00:00+05:30,376.0,493.6,143.0,28.1,11.6,58.0,0.0,993.5,100,27.5667,72.0667,39.33947926905255
2024-10-14 10:00:00+05:30,556.0,609.4,171.0,30.6,10.7,45.0,0.0,993.4,100,27.5667,72.0667,57.62556114290168
2024-10-14 11:00:00+05:30,689.0,672.2,189.0,32.3,7.3,36.0,1.0,992.8,100,27.5667,72.0667,71.08139393591973
2024-10-14 12:00:00+05:30,760.0,704.5,196.0,33.5,3.4,30.0,32.0,991.6,100,27.5667,72.0667,73.77442755325879
2024-10-14 13:00:00+05:30,758.0,700.4,199.0,34.7,5.9,23.0,18.0,990.7,100,27.5667,72.0667,73.74012912298154
2024-10-14 14:00:00+05:30,690.0,673.3,194.0,35.4,6.8,20.0,15.0,989.9,100,27.5667,72.0667,69.27309502003
2024-10-14 15:00:00+05:30,549.0,599.6,177.0,35.7,6.0,19.0,62.0,989.2,100,27.5667,72.0667,55.328734908840666
2024-10-14 16:00:00+05:30,340.0,382.7,165.0,35.8,10.1,17.0,100.0,989.0,100,27.5667,72.0667,34.306938725928596
2024-10-14 17:00:00+05:30,82.0,34.8,73.0,35.0,15.9,18.0,97.0,988.7,100,27.5667,72.0667,6.943498508415844
2024-10-14 18:00:00+05:30,19.0,20.4,17.0,33.8,14.5,22.0,80.0,989.3,100,27.5667,72.0667,1.0838500081902258
2024-10-14 19:00:00+05:30,0.0,0.0,0.0,33.0,7.5,24.0,70.0,990.1,100,27.5667,72.0667,0.0
2024-10-14 20:00:00+05:30,0.0,0.0,0.0,31.8,4.6,29.0,92.0,990.7,100,27.5667,72.0667,0.0
2024-10-14 21:00:00+05:30,0.0,0.0,0.0,32.7,1.0,24.0,95.0,991.2,100,27.5667,72.0667,0.0
2024-10-14 22:00:00+05:30,0.0,0.0,0.0,30.0,6.4,33.0,32.0,991.6,100,27.5667,72.0667,0.0
2024-10-14 23:00:00+05:30,0.0,0.0,0.0,28.5,10.4,34.0,80.0,991.6,100,27.5667,72.0667,0.0
2024-10-15 00:00:00+05:30,0.0,0.0,0.0,28.0,7.9,36.0,40.0,991.1,100,27.5667,72.0667,0.0
2024-10-15 01:00:00+05:30,0.0,0.0,0.0,26.8,9.7,38.0,11.0,990.4,100,27.5667,72.0667,0.0
2024-10-15 02:00:00+05:30,0.0,0.0,0.0,25.7,8.6,41.0,6.0,989.9,100,27.5667,72.0667,0.0
2024-10-15 03:00:00+05:30,0.0,0.0,0.0,24.9,9.2,43.0,0.0,989.5,100,27.5667,72.0667,0.0
2024-10-15 04:00:00+05:30,0.0,0.0,0.0,24.2,9.0,45.0,8.0,989.5,100,27.5667,72.0667,0.0
2024-10-15 05:00:00+05:30,0.0,0.0,0.0,23.5,8.8,47.0,0.0,989.6,100,27.5667,72.0667,0.0
2024-10-15 06:00:00+05:30,0.0,0.0,0.0,24.3,0.8,45.0,86.0,991.2,100,27.5667,72.0667,0.0
2024-10-15 07:00:00+05:30,27.0,37.7,23.0,23.5,4.7,51.0,84.0,991.6,100,27.5667,72.0667,1.9066882931805365
2024-10-15 08:00:00+05:30,167.0,223.4,106.0,25.6,5.5,42.0,55.0,992.1,100,27.5667,72.0667,16.836135710086182
2024-10-15 09:00:00+05:30,367.0,443.3,159.0,28.5,5.7,36.0,55.0,992.7,100,27.5667,72.0667,38.74903668129559
2024-10-15 10:00:00+05:30,517.0,455.0,231.0,31.2,6.5,29.0,8.0,992.8,100,27.5667,72.0667,52.929004423829014
2024-10-15 11:00:00+05:30,685.0,651.0,203.0,33.2,5.8,24.0,4.0,992.2,100,27.5667,72.0667,69.68829206490102
2024-10-15 12:00:00+05:30,771.0,734.2,186.0,34.4,3.4,22.0,91.0,991.5,100,27.5667,72.0667,73.45032750351763
2024-10-15 13:00:00+05:30,731.0,612.0,245.0,35.2,2.8,20.0,62.0,990.4,100,27.5667,72.0667,69.24874046014175
2024-10-15 14:00:00+05:30,661.0,602.0,220.0,35.8,2.5,18.0,100.0,989.6,100,27.5667,72.0667,62.7101317690914
2024-10-15 15:00:00+05:30,364.0,172.0,258.0,35.7,4.1,18.0,50.0,989.2,100,27.5667,72.0667,34.81607982905369
2024-10-15 16:00:00+05:30,277.0,269.3,155.0,35.7,6.1,17.0,1.0,989.1,100,27.5667,72.0667,27.711208625521657
2024-10-15 17:00:00+05:30,166.0,306.8,88.0,35.3,7.4,17.0,3.0,989.2,100,27.5667,72.0667,17.114043503871503
2024-10-15 18:00:00+05:30,21.0,41.6,17.0,33.4,6.1,22.0,15.0,989.3,100,27.5667,72.0667,1.2503333159034307
2024-10-15 19:00:00+05:30,0.0,0.0,0.0,32.5,8.7,22.0,70.0,989.8,100,27.5667,72.0667,0.0
2024-10-15 20:00:00+05:30,0.0,0.0,0.0,31.2,8.0,24.0,2.0,990.4,100,27.5667,72.0667,0.0
2024-10-15 21:00:00+05:30,0.0,0.0,0.0,31.9,3.6,22.0,2.0,990.4,100,27.5667,72.0667,0.0
2024-10-15 22:00:00+05:30,0.0,0.0,0.0,28.8,7.2,29.0,2.0,990.5,100,27.5667,72.0667,0.0
2024-10-15 23:00:00+05:30,0.0,0.0,0.0,27.6,10.1,30.0,0.0,990.1,100,27.5667,72.0667,0.0
2024-10-16 00:00:00+05:30,0.0,0.0,0.0,26.5,9.8,33.0,5.0,989.3,100,27.5667,72.0667,0.0
2024-10-16 01:00:00+05:30,0.0,0.0,0.0,25.9,11.2,35.0,22.0,988.6,100,27.5667,72.0667,0.0
2024-10-16 02:00:00+05:30,0.0,0.0,0.0,25.8,14.0,34.0,38.0,988.0,100,27.5667,72.0667,0.0
2024-10-16 03:00:00+05:30,0.0,0.0,0.0,25.6,15.8,34.0,57.0,987.9,100,27.5667,72.0667,0.0
2024-10-16 04:00:00+05:30,0.0,0.0,0.0,25.7,15.2,34.0,92.0,987.9,100,27.5667,72.0667,0.0
2024-10-16 05:00:00+05:30,0.0,0.0,0.0,25.1,14.2,35.0,85.0,988.2,100,27.5667,72.0667,0.0
2024-10-16 06:00:00+05:30,0.0,0.0,0.0,23.8,10.8,45.0,93.0,988.7,100,27.5667,72.0667,0.0
2024-10-16 07:00:00+05:30,24.0,47.7,19.0,23.9,9.8,46.0,12.0,989.3,100,27.5667,72.0667,1.655298338147209
2024-10-16 08:00:00+05:30,176.0,306.8,93.0,26.8,8.3,39.0,0.0,990.3,100,27.5667,72.0667,18.49264656365363
2024-10-16 09:00:00+05:30,373.0,501.7,139.0,30.2,9.9,31.0,20.0,990.9,100,27.5667,72.0667,39.99718194452036
2024-10-16 10:00:00+05:30,544.0,580.3,181.0,33.2,12.6,25.0,100.0,990.9,100,27.5667,72.0667,55.86145659857874
2024-10-16 11:00:00+05:30,665.0,607.9,217.0,34.9,14.9,21.0,86.0,990.4,100,27.5667,72.0667,68.10332029192179
2024-10-16 12:00:00+05:30,713.0,595.1,241.0,35.8,13.2,20.0,100.0,989.2,100,27.5667,72.0667,71.67310013320088
2024-10-16 13:00:00+05:30,391.0,45.6,355.0,35.6,12.5,20.0,100.0,988.2,100,27.5667,72.0667,33.67991601505998
2024-10-16 14:00:00+05:30,383.0,130.4,288.0,35.9,10.9,20.0,100.0,987.4,100,27.5667,72.0667,34.45953952970821
2024-10-16 15:00:00+05:30,275.0,58.8,239.0,36.0,9.7,20.0,100.0,986.9,100,27.5667,72.0667,24.008507175843956
2024-10-16 16:00:00+05:30,145.0,31.2,131.0,35.8,9.9,21.0,100.0,986.9,100,27.5667,72.0667,12.19520197111396
2024-10-16 17:00:00+05:30,93.0,67.9,76.0,35.5,7.8,22.0,100.0,986.9,100,27.5667,72.0667,8.109566367953201
2024-10-16 18:00:00+05:30,5.0,0.0,5.0,33.3,11.0,26.0,100.0,987.8,100,27.5667,72.0667,0.0
2024-10-16 19:00:00+05:30,0.0,0.0,0.0,32.2,10.9,28.0,28.0,988.1,100,27.5667,72.0667,0.0
2024-10-16 20:00:00+05:30,0.0,0.0,0.0,30.4,9.1,32.0,21.0,988.2,100,27.5667,72.0667,0.0
2024-10-16 21:00:00+05:30,0.0,0.0,0.0,29.2,8.0,35.0,99.0,988.8,100,27.5667,72.0667,0.0
2024-10-16 22:00:00+05:30,0.0,0.0,0.0,29.4,8.8,34.0,86.0,989.3,100,27.5667,72.0667,0.0
2024-10-16 23:00:00+05:30,0.0,0.0,0.0,29.0,11.7,34.0,41.0,989.5,100,27.5667,72.0667,0.0
2024-10-17 00:00:00+05:30,0.0,0.0,0.0,28.5,12.2,32.0,6.0,988.8,100,27.5667,72.0667,0.0
2024-10-17 01:00:00+05:30,0.0,0.0,0.0,27.7,12.2,34.0,16.0,988.5,100,27.5667,72.0667,0.0
2024-10-17 02:00:00+05:30,0.0,0.0,0.0,26.9,11.1,38.0,6.0,988.0,100,27.5667,72.0667,0.0
2024-10-17 03:00:00+05:30,0.0,0.0,0.0,27.3,15.2,38.0,84.0,987.6,100,27.5667,72.0667,0.0
2024-10-17 04:00:00+05:30,0.0,0.0,0.0,27.4,16.8,37.0,17.0,987.5,100,27.5667,72.0667,0.0
2024-10-17 05:00:00+05:30,0.0,0.0,0.0,26.9,15.5,40.0,98.0,987.6,100,27.5667,72.0667,0.0
2024-10-17 06:00:00+05:30,0.0,0.0,0.0,26.6,16.3,59.0,44.0,988.4,100,27.5667,72.0667,0.0
2024-10-17 07:00:00+05:30,24.0,38.6,20.0,27.0,15.5,66.0,71.0,989.1,100,27.5667,72.0667,1.5781402462353735
2024-10-17 08:00:00+05:30,137.0,126.9,103.0,28.7,13.6,64.0,96.0,989.7,100,27.5667,72.0667,12.946054950431352
2024-10-17 09:00:00+05:30,314.0,302.0,174.0,31.0,18.2,53.0,38.0,990.4,100,27.5667,72.0667,32.7709172015916
2024-10-17 10:00:00+05:30,499.0,482.1,199.0,33.1,17.8,42.0,100.0,990.4,100,27.5667,72.0667,50.427174653149
2024-10-17 11:00:00+05:30,627.0,529.0,239.0,34.8,15.5,34.0,100.0,990.0,100,27.5667,72.0667,61.08321263166325
2024-10-17 12:00:00+05:30,554.0,330.6,293.0,35.6,12.6,29.0,100.0,989.0,100,27.5667,72.0667,51.867556388797176
2024-10-17 13:00:00+05:30,236.0,11.4,227.0,35.2,10.3,28.0,100.0,988.1,100,27.5667,72.0667,19.943848009997556
2024-10-17 14:00:00+05:30,239.0,24.8,221.0,35.2,4.6,26.0,100.0,987.5,100,27.5667,72.0667,19.990721147458224
2024-10-17 15:00:00+05:30,176.0,51.0,145.0,35.3,3.7,25.0,69.0,987.1,100,27.5667,72.0667,15.336730369874521
2024-10-17 16:00:00+05:30,266.0,251.7,154.0,35.7,4.6,24.0,7.0,987.0,100,27.5667,72.0667,26.906627719758415
2024-10-17 17:00:00+05:30,150.0,276.0,82.0,35.3,7.5,25.0,2.0,987.3,100,27.5667,72.0667,15.248821608051152
2024-10-17 18:00:00+05:30,18.0,32.6,15.0,33.3,10.5,33.0,3.0,987.9,100,27.5667,72.0667,1.0523197846995334
2024-10-17 19:00:00+05:30,0.0,0.0,0.0,32.3,9.5,35.0,3.0,988.3,100,27.5667,72.0667,0.0
2024-10-17 20:00:00+05:30,0.0,0.0,0.0,30.9,7.4,40.0,2.0,988.7,100,27.5667,72.0667,0.0
2024-10-17 21:00:00+05:30,0.0,0.0,0.0,30.1,8.8,41.0,0.0,988.9,100,27.5667,72.0667,0.0
2024-10-17 22:00:00+05:30,0.0,0.0,0.0,29.3,13.1,42.0,0.0,989.2,100,27.5667,72.0667,0.0
2024-10-17 23:00:00+05:30,0.0,0.0,0.0,29.0,12.9,42.0,0.0,989.0,100,27.5667,72.0667,0.0
2024-10-18 00:00:00+05:30,0.0,0.0,0.0,28.0,15.6,44.0,0.0,988.6,100,27.5667,72.0667,0.0
2024-10-18 01:00:00+05:30,0.0,0.0,0.0,27.5,16.2,43.0,0.0,988.2,100,27.5667,72.0667,0.0
2024-10-18 02:00:00+05:30,0.0,0.0,0.0,26.9,15.7,45.0,0.0,987.6,100,27.5667,72.0667,0.0
2024-10-18 03:00:00+05:30,0.0,0.0,0.0,26.7,16.4,47.0,0.0,987.5,100,27.5667,72.0667,0.0
2024-10-18 04:00:00+05:30,0.0,0.0,0.0,26.6,16.0,47.0,0.0,987.6,100,27.5667,72.0667,0.0
2024-10-18 05:00:00+05:30,0.0,0.0,0.0,26.1,14.8,48.0,0.0,988.0,100,27.5667,72.0667,0.0
2024-10-18 06:00:00+05:30,0.0,0.0,0.0,25.4,12.5,55.0,0.0,989.0,100,27.5667,72.0667,0.0
2024-10-18 07:00:00+05:30,25.0,58.6,19.0,25.7,11.6,56.0,0.0,989.8,100,27.5667,72.0667,1.7331662320767478
2024-10-18 08:00:00+05:30,171.0,305.1,90.0,28.1,9.1,51.0,0.0,990.4,100,27.5667,72.0667,18.685960913626058
2024-10-18 09:00:00+05:30,366.0,497.1,137.0,30.9,9.0,48.0,0.0,990.9,100,27.5667,72.0667,39.52676382189235
2024-10-18 10:00:00+05:30,545.0,612.1,166.0,33.0,7.1,43.0,0.0,990.8,100,27.5667,72.0667,58.20747846123604
2024-10-18 11:00:00+05:30,677.0,676.7,183.0,34.8,4.5,33.0,1.0,990.5,100,27.5667,72.0667,68.46266017310637
2024-10-18 12:00:00+05:30,726.0,679.6,192.0,36.2,3.5,23.0,1.0,989.6,100,27.5667,72.0667,71.49780753813276
2024-10-18 13:00:00+05:30,692.0,626.2,202.0,36.7,4.3,20.0,2.0,988.5,100,27.5667,72.0667,69.46636709709918
2024-10-18 14:00:00+05:30,629.0,617.6,184.0,37.1,4.6,19.0,5.0,987.8,100,27.5667,72.0667,62.24010125251427
2024-10-18 15:00:00+05:30,507.0,566.2,165.0,37.4,4.3,18.0,8.0,987.4,100,27.5667,72.0667,52.69115320360113
2024-10-18 16:00:00+05:30,339.0,469.4,132.0,37.4,4.4,17.0,4.0,987.2,100,27.5667,72.0667,36.18988897276603
2024-10-18 17:00:00+05:30,150.0,280.4,82.0,37.0,4.9,18.0,3.0,987.3,100,27.5667,72.0667,15.629604267454392
2024-10-18 18:00:00+05:30,17.0,33.3,14.0,34.6,3.8,26.0,4.0,987.9,100,27.5667,72.0667,0.9472075750308665
2024-10-18 19:00:00+05:30,0.0,0.0,0.0,33.4,3.0,26.0,0.0,988.4,100,27.5667,72.0667,0.0
2024-10-18 20:00:00+05:30,0.0,0.0,0.0,31.6,9.0,27.0,3.0,989.0,100,27.5667,72.0667,0.0
2024-10-18 21:00:00+05:30,0.0,0.0,0.0,30.7,10.7,28.0,2.0,989.2,100,27.5667,72.0667,0.0
2024-10-18 22:00:00+05:30,0.0,0.0,0.0,29.5,9.0,30.0,0.0,989.4,100,27.5667,72.0667,0.0
2024-10-18 23:00:00+05:30,0.0,0.0,0.0,28.6,11.0,32.0,0.0,989.4,100,27.5667,72.0667,0.0
2024-10-19 00:00:00+05:30,0.0,0.0,0.0,27.6,13.2,33.0,0.0,989.1,100,27.5667,72.0667,0.0
2024-10-19 01:00:00+05:30,0.0,0.0,0.0,27.8,16.6,33.0,0.0,988.9,100,27.5667,72.0667,0.0
2024-10-19 02:00:00+05:30,0.0,0.0,0.0,27.3,16.6,40.0,0.0,988.8,100,27.5667,72.0667,0.0
2024-10-19 03:00:00+05:30,0.0,0.0,0.0,26.7,14.7,42.0,0.0,988.8,100,27.5667,72.0667,0.0
2024-10-19 04:00:00+05:30,0.0,0.0,0.0,25.3,9.1,47.0,0.0,989.1,100,27.5667,72.0667,0.0
2024-10-19 05:00:00+05:30,0.0,0.0,0.0,24.2,6.8,53.0,0.0,989.6,100,27.5667,72.0667,0.0
2024-10-19 06:00:00+05:30,0.0,0.0,0.0,24.0,9.3,55.0,0.0,990.0,100,27.5667,72.0667,0.0
2024-10-19 07:00:00+05:30,25.0,49.4,20.0,25.2,11.8,51.0,0.0,990.8,100,27.5667,72.0667,1.7921323220954914
2024-10-19 08:00:00+05:30,170.0,308.2,89.0,27.6,10.6,44.0,0.0,991.7,100,27.5667,72.0667,18.337329197041242
2024-10-19 09:00:00+05:30,365.0,500.2,136.0,30.5,10.3,36.0,0.0,992.2,100,27.5667,72.0667,39.77681905593388
2024-10-19 10:00:00+05:30,542.0,612.1,165.0,33.3,11.5,32.0,0.0,992.1,100,27.5667,72.0667,57.222470109838696
2024-10-19 11:00:00+05:30,672.0,674.4,182.0,35.1,11.9,30.0,0.0,991.5,100,27.5667,72.0667,70.49077248228028
2024-10-19 12:00:00+05:30,740.0,704.6,189.0,36.3,8.5,24.0,1.0,990.5,100,27.5667,72.0667,75.8349337335303
2024-10-19 13:00:00+05:30,736.0,701.2,190.0,37.1,4.2,19.0,13.0,989.5,100,27.5667,72.0667,73.0372477391007
2024-10-19 14:00:00+05:30,638.0,628.0,188.0,37.4,2.3,17.0,7.0,988.7,100,27.5667,72.0667,63.16432091768419
2024-10-19 15:00:00+05:30,519.0,594.9,162.0,37.4,1.5,16.0,7.0,988.1,100,27.5667,72.0667,51.96577383680436
2024-10-19 16:00:00+05:30,341.0,478.1,132.0,37.2,1.9,16.0,7.0,987.8,100,27.5667,72.0667,35.284308657763994
2024-10-19 17:00:00+05:30,146.0,272.2,81.0,36.7,3.1,16.0,5.0,987.7,100,27.5667,72.0667,15.154827184794552
2024-10-19 18:00:00+05:30,15.0,34.0,12.0,35.3,11.0,19.0,36.0,988.2,100,27.5667,72.0667,0.7581681803910851
2024-10-19 19:00:00+05:30,0.0,0.0,0.0,34.2,12.4,19.0,30.0,988.8,100,27.5667,72.0667,0.0
2024-10-19 20:00:00+05:30,0.0,0.0,0.0,32.6,8.6,22.0,31.0,989.1,100,27.5667,72.0667,0.0
2024-10-19 21:00:00+05:30,0.0,0.0,0.0,31.8,5.6,25.0,84.0,989.6,100,27.5667,72.0667,0.0
2024-10-19 22:00:00+05:30,0.0,0.0,0.0,31.3,10.6,25.0,95.0,990.0,100,27.5667,72.0667,0.0
2024-10-19 23:00:00+05:30,0.0,0.0,0.0,30.0,6.5,31.0,39.0,990.0,100,27.5667,72.0667,0.0
2024-10-20 00:00:00+05:30,0.0,0.0,0.0,29.4,10.4,30.0,11.0,989.6,100,27.5667,72.0667,0.0
2024-10-20 01:00:00+05:30,0.0,0.0,0.0,29.0,15.7,27.0,6.0,989.2,100,27.5667,72.0667,0.0
2024-10-20 02:00:00+05:30,0.0,0.0,0.0,28.2,12.2,30.0,0.0,988.8,100,27.5667,72.0667,0.0
2024-10-20 03:00:00+05:30,0.0,0.0,0.0,26.9,13.4,31.0,0.0,989.1,100,27.5667,72.0667,0.0
2024-10-20 04:00:00+05:30,0.0,0.0,0.0,26.7,15.8,35.0,0.0,988.8,100,27.5667,72.0667,0.0
2024-10-20 05:00:00+05:30,0.0,0.0,0.0,26.4,16.3,39.0,0.0,989.0,100,27.5667,72.0667,0.0
2024-10-20 06:00:00+05:30,0.0,0.0,0.0,25.8,13.6,40.0,14.0,989.7,100,27.5667,72.0667,0.0
2024-10-20 07:00:00+05:30,23.0,50.1,18.0,26.4,12.8,39.0,28.0,990.6,100,27.5667,72.0667,1.5959910419850203
2024-10-20 08:00:00+05:30,161.0,246.0,97.0,29.0,11.5,36.0,29.0,991.1,100,27.5667,72.0667,17.17333186172277
2024-10-20 09:00:00+05:30,352.0,441.9,151.0,31.7,15.1,33.0,23.0,991.9,100,27.5667,72.0667,37.78772160648658
2024-10-20 10:00:00+05:30,528.0,559.8,185.0,33.7,16.5,31.0,15.0,992.0,100,27.5667,72.0667,56.25597921259745
2024-10-20 11:00:00+05:30,655.0,619.6,207.0,35.1,14.5,27.0,11.0,991.6,100,27.5667,72.0667,66.61813330234813
2024-10-20 12:00:00+05:30,697.0,602.6,228.0,35.9,10.7,23.0,37.0,990.7,100,27.5667,72.0667,71.66063964324249
2024-10-20 13:00:00+05:30,601.0,502.1,212.0,36.3,6.6,20.0,16.0,990.1,100,27.5667,72.0667,60.08031565821654
2024-10-20 14:00:00+05:30,587.0,557.1,190.0,36.6,4.6,18.0,27.0,989.4,100,27.5667,72.0667,57.482463138922455
2024-10-20 15:00:00+05:30,447.0,463.0,171.0,36.2,1.7,18.0,18.0,989.0,100,27.5667,72.0667,44.97156311453754
2024-10-20 16:00:00+05:30,289.0,369.3,129.0,36.1,4.2,18.0,15.0,989.0,100,27.5667,72.0667,30.030904615287582
2024-10-20 17:00:00+05:30,116.0,174.4,75.0,35.7,8.7,18.0,12.0,989.0,100,27.5667,72.0667,11.391168220873805
2024-10-20 18:00:00+05:30,14.0,23.1,12.0,34.0,6.0,23.0,8.0,989.4,100,27.5667,72.0667,0.7146421569011254
2024-10-20 19:00:00+05:30,0.0,0.0,0.0,32.7,5.3,27.0,6.0,989.7,100,27.5667,72.0667,0.0
2024-10-20 20:00:00+05:30,0.0,0.0,0.0,31.5,9.0,26.0,42.0,990.1,100,27.5667,72.0667,0.0
2024-10-20 21:00:00+05:30,0.0,0.0,0.0,30.6,13.1,25.0,60.0,990.7,100,27.5667,72.0667,0.0
2024-10-20 22:00:00+05:30,0.0,0.0,0.0,30.0,13.5,24.0,13.0,990.7,100,27.5667,72.0667,0.0
2024-10-20 23:00:00+05:30,0.0,0.0,0.0,29.4,16.8,26.0,31.0,990.7,100,27.5667,72.0667,0.0
2024-10-21 00:00:00+05:30,0.0,0.0,0.0,28.7,16.3,30.0,94.0,990.5,100,27.5667,72.0667,0.0
2024-10-21 01:00:00+05:30,0.0,0.0,0.0,28.5,17.8,34.0,67.0,990.2,100,27.5667,72.0667,0.0
2024-10-21 02:00:00+05:30,0.0,0.0,0.0,28.1,17.7,36.0,1.0,990.2,100,27.5667,72.0667,0.0
2024-10-21 03:00:00+05:30,0.0,0.0,0.0,26.9,14.0,40.0,2.0,990.3,100,27.5667,72.0667,0.0
2024-10-21 04:00:00+05:30,0.0,0.0,0.0,26.2,11.9,43.0,25.0,990.4,100,27.5667,72.0667,0.0
2024-10-21 05:00:00+05:30,0.0,0.0,0.0,25.7,11.4,45.0,17.0,990.5,100,27.5667,72.0667,0.0
2024-10-21 06:00:00+05:30,0.0,0.0,0.0,25.9,15.4,53.0,29.0,991.4,100,27.5667,72.0667,0.0
2024-10-21 07:00:00+05:30,20.0,40.6,16.0,26.7,19.5,52.0,63.0,991.8,100,27.5667,72.0667,1.26272851196249
2024-10-21 08:00:00+05:30,130.0,170.8,86.0,28.2,10.8,48.0,7.0,992.6,100,27.5667,72.0667,13.035893286405987
2024-10-21 09:00:00+05:30,317.0,402.8,135.0,29.6,4.8,45.0,47.0,993.7,100,27.5667,72.0667,34.38772096245563
2024-10-21 10:00:00+05:30,405.0,342.9,196.0,31.4,10.7,40.0,16.0,993.4,100,27.5667,72.0667,42.14489543047671
2024-10-21 11:00:00+05:30,616.0,557.3,215.0,33.5,6.1,33.0,16.0,992.6,100,27.5667,72.0667,65.10570862167243
2024-10-21 12:00:00+05:30,661.0,551.2,234.0,34.7,7.1,26.0,35.0,991.6,100,27.5667,72.0667,66.31782359756605
2024-10-21 13:00:00+05:30,676.0,581.1,228.0,35.5,1.2,22.0,16.0,990.7,100,27.5667,72.0667,66.70278788259152
2024-10-21 14:00:00+05:30,625.0,609.6,193.0,35.6,8.0,21.0,18.0,989.9,100,27.5667,72.0667,64.09401078772696
2024-10-21 15:00:00+05:30,385.0,364.7,169.0,34.0,29.3,26.0,94.0,989.8,100,27.5667,72.0667,39.02236932834619
2024-10-21 16:00:00+05:30,254.0,256.2,144.0,33.6,16.1,25.0,19.0,989.5,100,27.5667,72.0667,25.702393275433867
2024-10-21 17:00:00+05:30,135.0,237.7,80.0,34.3,4.5,23.0,9.0,989.7,100,27.5667,72.0667,13.69887093451813
2024-10-21 18:00:00+05:30,12.0,23.6,10.0,33.6,7.7,22.0,13.0,989.8,100,27.5667,72.0667,0.5355043637993626
2024-10-21 19:00:00+05:30,0.0,0.0,0.0,32.4,6.9,25.0,6.0,990.4,100,27.5667,72.0667,0.0
2024-10-21 20:00:00+05:30,0.0,0.0,0.0,31.1,8.8,27.0,2.0,990.8,100,27.5667,72.0667,0.0
2024-10-21 21:00:00+05:30,0.0,0.0,0.0,29.9,12.8,35.0,6.0,991.1,100,27.5667,72.0667,0.0
2024-10-21 22:00:00+05:30,0.0,0.0,0.0,28.3,6.7,42.0,1.0,991.1,100,27.5667,72.0667,0.0
2024-10-21 23:00:00+05:30,0.0,0.0,0.0,27.9,12.7,42.0,3.0,991.4,100,27.5667,72.0667,0.0
2024-10-22 00:00:00+05:30,0.0,0.0,0.0,27.9,13.9,40.0,1.0,991.4,100,27.5667,72.0667,0.0
2024-10-22 01:00:00+05:30,0.0,0.0,0.0,27.1,13.4,43.0,0.0,990.8,100,27.5667,72.0667,0.0
2024-10-22 02:00:00+05:30,0.0,0.0,0.0,26.3,12.9,48.0,0.0,990.4,100,27.5667,72.0667,0.0
2024-10-22 03:00:00+05:30,0.0,0.0,0.0,25.6,12.8,53.0,0.0,990.3,100,27.5667,72.0667,0.0
2024-10-22 04:00:00+05:30,0.0,0.0,0.0,24.9,10.4,57.0,0.0,990.6,100,27.5667,72.0667,0.0
2024-10-22 05:00:00+05:30,0.0,0.0,0.0,24.1,8.3,62.0,0.0,990.9,100,27.5667,72.0667,0.0
2024-10-22 06:00:00+05:30,0.0,0.0,0.0,23.3,9.1,74.0,0.0,992.1,100,27.5667,72.0667,0.0
2024-10-22 07:00:00+05:30,22.0,41.1,18.0,23.6,7.1,73.0,0.0,992.9,100,27.5667,72.0667,1.5558444537014928
2024-10-22 08:00:00+05:30,160.0,286.5,87.0,25.1,5.4,67.0,0.0,993.6,100,27.5667,72.0667,17.591797348970427
2024-10-22 09:00:00+05:30,350.0,476.8,136.0,27.3,5.1,59.0,0.0,994.6,100,27.5667,72.0667,39.37818648973551
2024-10-22 10:00:00+05:30,523.0,589.0,166.0,29.9,6.0,49.0,0.0,994.6,100,27.5667,72.0667,56.3456865058997
2024-10-22 11:00:00+05:30,641.0,632.7,188.0,31.7,5.8,41.0,0.0,994.3,100,27.5667,72.0667,67.39224227701644
2024-10-22 12:00:00+05:30,710.0,669.4,194.0,32.8,2.1,35.0,2.0,993.5,100,27.5667,72.0667,71.78780548270913
2024-10-22 13:00:00+05:30,690.0,649.3,192.0,33.9,4.6,30.0,8.0,992.4,100,27.5667,72.0667,69.72040055230387
2024-10-22 14:00:00+05:30,577.0,554.8,186.0,34.5,7.7,26.0,30.0,991.4,100,27.5667,72.0667,58.75484744953732
2024-10-22 15:00:00+05:30,398.0,387.6,170.0,34.3,6.9,26.0,16.0,991.1,100,27.5667,72.0667,41.49955509736659
2024-10-22 16:00:00+05:30,294.0,390.1,128.0,34.2,7.0,25.0,30.0,990.9,100,27.5667,72.0667,30.756323080686055
2024-10-22 17:00:00+05:30,118.0,202.0,72.0,33.8,7.9,26.0,22.0,991.1,100,27.5667,72.0667,12.117177249346984
2024-10-22 18:00:00+05:30,13.0,24.2,11.0,32.6,10.2,27.0,10.0,991.0,100,27.5667,72.0667,0.6314639841720886
2024-10-22 19:00:00+05:30,0.0,0.0,0.0,31.4,11.8,29.0,14.0,991.7,100,27.5667,72.0667,0.0
2024-10-22 20:00:00+05:30,0.0,0.0,0.0,30.4,11.0,31.0,3.0,992.0,100,27.5667,72.0667,0.0
2024-10-22 21:00:00+05:30,0.0,0.0,0.0,29.4,11.4,32.0,1.0,992.2,100,27.5667,72.0667,0.0
2024-10-22 22:00:00+05:30,0.0,0.0,0.0,28.3,12.7,35.0,0.0,992.2,100,27.5667,72.0667,0.0
2024-10-22 23:00:00+05:30,0.0,0.0,0.0,27.5,11.2,37.0,0.0,991.9,100,27.5667,72.0667,0.0
2024-10-23 00:00:00+05:30,0.0,0.0,0.0,26.2,8.7,43.0,0.0,991.8,100,27.5667,72.0667,0.0
2024-10-23 01:00:00+05:30,0.0,0.0,0.0,25.2,7.3,49.0,0.0,991.6,100,27.5667,72.0667,0.0
2024-10-23 02:00:00+05:30,0.0,0.0,0.0,24.7,9.7,49.0,0.0,991.6,100,27.5667,72.0667,0.0
2024-10-23 03:00:00+05:30,0.0,0.0,0.0,24.0,9.0,52.0,0.0,991.6,100,27.5667,72.0667,0.0
2024-10-23 04:00:00+05:30,0.0,0.0,0.0,23.7,9.6,54.0,0.0,991.7,100,27.5667,72.0667,0.0
2024-10-23 05:00:00+05:30,0.0,0.0,0.0,22.9,8.1,59.0,0.0,992.0,100,27.5667,72.0667,0.0
2024-10-23 06:00:00+05:30,0.0,0.0,0.0,22.2,7.6,67.0,0.0,992.7,100,27.5667,72.0667,0.0
2024-10-23 07:00:00+05:30,21.0,41.7,17.0,22.8,6.7,64.0,0.0,993.5,100,27.5667,72.0667,1.5006578084609465
2024-10-23 08:00:00+05:30,161.0,297.5,86.0,25.0,8.3,57.0,0.0,994.5,100,27.5667,72.0667,17.916702758664965
2024-10-23 09:00:00+05:30,353.0,491.2,134.0,28.5,8.6,48.0,0.0,995.2,100,27.5667,72.0667,39.59198197640659
2024-10-23 10:00:00+05:30,528.0,605.5,163.0,31.7,10.2,38.0,0.0,995.0,100,27.5667,72.0667,57.3588823609462
2024-10-23 11:00:00+05:30,657.0,668.2,181.0,33.3,7.2,31.0,0.0,994.3,100,27.5667,72.0667,71.10160394529973
2024-10-23 12:00:00+05:30,722.0,696.1,188.0,34.4,2.4,25.0,7.0,993.3,100,27.5667,72.0667,71.8636933154953
2024-10-23 13:00:00+05:30,701.0,665.7,193.0,35.2,3.1,21.0,8.0,992.2,100,27.5667,72.0667,69.83496019925879
2024-10-23 14:00:00+05:30,609.0,607.9,183.0,35.7,7.0,19.0,8.0,991.4,100,27.5667,72.0667,62.062865478181166
2024-10-23 15:00:00+05:30,491.0,563.0,162.0,35.8,11.2,18.0,4.0,990.7,100,27.5667,72.0667,52.72716374783979
2024-10-23 16:00:00+05:30,324.0,462.3,129.0,35.6,13.2,18.0,2.0,990.8,100,27.5667,72.0667,35.333683797487595
2024-10-23 17:00:00+05:30,137.0,263.3,78.0,35.0,11.6,18.0,1.0,991.1,100,27.5667,72.0667,14.439171005753456
2024-10-23 18:00:00+05:30,13.0,24.7,11.0,32.5,7.7,24.0,0.0,991.8,100,27.5667,72.0667,0.6474441206695506
2024-10-23 19:00:00+05:30,0.0,0.0,0.0,31.6,10.5,25.0,0.0,992.1,100,27.5667,72.0667,0.0
2024-10-23 20:00:00+05:30,0.0,0.0,0.0,30.5,6.1,29.0,0.0,992.2,100,27.5667,72.0667,0.0
2024-10-23 21:00:00+05:30,0.0,0.0,0.0,32.2,0.6,24.0,0.0,992.3,100,27.5667,72.0667,0.0
2024-10-23 22:00:00+05:30,0.0,0.0,0.0,29.2,5.6,31.0,0.0,992.3,100,27.5667,72.0667,0.0
2024-10-23 23:00:00+05:30,0.0,0.0,0.0,26.6,7.4,38.0,0.0,992.3,100,27.5667,72.0667,0.0
2024-10-24 00:00:00+05:30,0.0,0.0,0.0,26.2,5.6,39.0,0.0,991.8,100,27.5667,72.0667,0.0
2024-10-24 01:00:00+05:30,0.0,0.0,0.0,25.4,5.9,41.0,0.0,991.5,100,27.5667,72.0667,0.0
2024-10-24 02:00:00+05:30,0.0,0.0,0.0,24.9,5.5,42.0,0.0,991.4,100,27.5667,72.0667,0.0
2024-10-24 03:00:00+05:30,0.0,0.0,0.0,23.7,6.8,46.0,0.0,991.4,100,27.5667,72.0667,0.0
2024-10-24 04:00:00+05:30,0.0,0.0,0.0,22.9,7.3,48.0,0.0,991.4,100,27.5667,72.0667,0.0
2024-10-24 05:00:00+05:30,0.0,0.0,0.0,24.6,4.0,41.0,0.0,991.8,100,27.5667,72.0667,0.0
2024-10-24 06:00:00+05:30,0.0,0.0,0.0,22.3,6.3,53.0,0.0,992.5,100,27.5667,72.0667,0.0
2024-10-24 07:00:00+05:30,21.0,42.3,17.0,22.7,8.9,51.0,0.0,993.1,100,27.5667,72.0667,1.5456929440410656
2024-10-24 08:00:00+05:30,160.0,300.8,85.0,25.0,6.5,45.0,0.0,993.9,100,27.5667,72.0667,17.831116142937077
2024-10-24 09:00:00+05:30,353.0,496.9,133.0,28.7,5.9,35.0,0.0,994.6,100,27.5667,72.0667,39.266925120837804
2024-10-24 10:00:00+05:30,529.0,612.2,162.0,31.6,4.7,28.0,0.0,994.7,100,27.5667,72.0667,57.500780603047474
2024-10-24 11:00:00+05:30,657.0,674.4,179.0,33.6,4.4,24.0,0.0,994.2,100,27.5667,72.0667,68.16840017844116
2024-10-24 12:00:00+05:30,723.0,702.2,187.0,35.0,8.7,21.0,0.0,993.0,100,27.5667,72.0667,74.92729021613852
2024-10-24 13:00:00+05:30,718.0,702.0,185.0,35.9,12.9,19.0,0.0,991.7,100,27.5667,72.0667,76.64167908963599
2024-10-24 14:00:00+05:30,644.0,671.6,176.0,36.4,15.3,18.0,0.0,990.8,100,27.5667,72.0667,69.57158483799047
2024-10-24 15:00:00+05:30,508.0,604.7,157.0,36.6,15.5,18.0,0.0,990.2,100,27.5667,72.0667,54.75480640653185
2024-10-24 16:00:00+05:30,327.0,480.9,126.0,36.4,14.3,17.0,0.0,990.2,100,27.5667,72.0667,35.95575836140388
2024-10-24 17:00:00+05:30,136.0,267.6,77.0,35.7,10.8,18.0,0.0,990.2,100,27.5667,72.0667,14.60623235559396
2024-10-24 18:00:00+05:30,12.0,25.3,10.0,32.9,8.6,25.0,0.0,990.6,100,27.5667,72.0667,0.5354572621438712
2024-10-24 19:00:00+05:30,0.0,0.0,0.0,31.4,9.1,27.0,0.0,990.9,100,27.5667,72.0667,0.0
2024-10-24 20:00:00+05:30,0.0,0.0,0.0,29.8,6.5,33.0,0.0,991.0,100,27.5667,72.0667,0.0
2024-10-24 21:00:00+05:30,0.0,0.0,0.0,31.1,2.0,29.0,0.0,991.4,100,27.5667,72.0667,0.0
2024-10-24 22:00:00+05:30,0.0,0.0,0.0,30.3,2.7,30.0,0.0,991.4,100,27.5667,72.0667,0.0
2024-10-24 23:00:00+05:30,0.0,0.0,0.0,29.5,3.2,32.0,0.0,991.3,100,27.5667,72.0667,0.0
2024-10-25 00:00:00+05:30,0.0,0.0,0.0,28.3,4.0,35.0,0.0,990.7,100,27.5667,72.0667,0.0
2024-10-25 01:00:00+05:30,0.0,0.0,0.0,26.4,6.0,41.0,0.0,990.3,100,27.5667,72.0667,0.0
2024-10-25 02:00:00+05:30,0.0,0.0,0.0,27.6,3.8,36.0,0.0,990.2,100,27.5667,72.0667,0.0
2024-10-25 03:00:00+05:30,0.0,0.0,0.0,24.5,8.9,46.0,0.0,990.2,100,27.5667,72.0667,0.0
2024-10-25 04:00:00+05:30,0.0,0.0,0.0,23.3,6.6,52.0,0.0,990.3,100,27.5667,72.0667,0.0
2024-10-25 05:00:00+05:30,0.0,0.0,0.0,22.8,7.1,54.0,0.0,990.5,100,27.5667,72.0667,0.0
2024-10-25 06:00:00+05:30,0.0,0.0,0.0,22.1,8.6,56.0,0.0,991.3,100,27.5667,72.0667,0.0
2024-10-25 07:00:00+05:30,20.0,42.9,16.0,22.5,8.6,55.0,0.0,991.8,100,27.5667,72.0667,1.398158686842913
2024-10-25 08:00:00+05:30,156.0,292.0,84.0,25.4,6.0,46.0,0.0,992.5,100,27.5667,72.0667,17.480478020109338
2024-10-25 09:00:00+05:30,347.0,491.3,131.0,29.8,7.6,34.0,0.0,993.2,100,27.5667,72.0667,38.5511001741521
2024-10-25 10:00:00+05:30,522.0,607.3,160.0,32.7,10.9,27.0,0.0,993.2,100,27.5667,72.0667,56.714576477378856
2024-10-25 11:00:00+05:30,651.0,670.7,178.0,34.5,12.5,24.0,0.0,992.7,100,27.5667,72.0667,69.8606152999919
2024-10-25 12:00:00+05:30,716.0,699.2,185.0,35.6,13.0,22.0,0.0,991.6,100,27.5667,72.0667,77.01521918023063
2024-10-25 13:00:00+05:30,713.0,700.4,184.0,36.4,13.2,20.0,0.0,990.6,100,27.5667,72.0667,75.12828125483416
2024-10-25 14:00:00+05:30,639.0,669.6,175.0,36.9,12.6,19.0,0.0,989.5,100,27.5667,72.0667,69.37836874925507
2024-10-25 15:00:00+05:30,503.0,603.5,155.0,37.0,12.0,19.0,0.0,989.1,100,27.5667,72.0667,54.531245968631865
2024-10-25 16:00:00+05:30,323.0,478.0,125.0,36.8,10.8,19.0,0.0,989.1,100,27.5667,72.0667,36.307009437280996
2024-10-25 17:00:00+05:30,133.0,267.4,75.0,36.0,8.3,20.0,0.0,989.5,100,27.5667,72.0667,14.19840390643406
2024-10-25 18:00:00+05:30,11.0,25.8,9.0,32.7,6.7,28.0,83.0,989.8,100,27.5667,72.0667,0.4378196429398108
2024-10-25 19:00:00+05:30,0.0,0.0,0.0,31.4,6.0,32.0,0.0,990.3,100,27.5667,72.0667,0.0
2024-10-25 20:00:00+05:30,0.0,0.0,0.0,30.7,5.8,33.0,0.0,990.7,100,27.5667,72.0667,0.0
2024-10-25 21:00:00+05:30,0.0,0.0,0.0,29.1,8.0,35.0,0.0,990.9,100,27.5667,72.0667,0.0
2024-10-25 22:00:00+05:30,0.0,0.0,0.0,28.6,10.1,34.0,0.0,990.7,100,27.5667,72.0667,0.0
2024-10-25 23:00:00+05:30,0.0,0.0,0.0,27.7,11.1,36.0,0.0,990.5,100,27.5667,72.0667,0.0
2024-10-26 00:00:00+05:30,0.0,0.0,0.0,26.7,10.4,37.0,0.0,990.2,100,27.5667,72.0667,0.0
2024-10-26 01:00:00+05:30,0.0,0.0,0.0,26.1,11.1,38.0,0.0,989.9,100,27.5667,72.0667,0.0
2024-10-26 02:00:00+05:30,0.0,0.0,0.0,25.2,10.7,41.0,0.0,989.6,100,27.5667,72.0667,0.0
2024-10-26 03:00:00+05:30,0.0,0.0,0.0,24.4,10.6,43.0,0.0,989.6,100,27.5667,72.0667,0.0
2024-10-26 04:00:00+05:30,0.0,0.0,0.0,23.8,10.4,44.0,0.0,989.7,100,27.5667,72.0667,0.0
2024-10-26 05:00:00+05:30,0.0,0.0,0.0,23.2,10.1,46.0,0.0,989.9,100,27.5667,72.0667,0.0
2024-10-26 06:00:00+05:30,0.0,0.0,0.0,22.1,9.2,52.0,0.0,990.5,100,27.5667,72.0667,0.0
2024-10-26 07:00:00+05:30,19.0,43.6,15.0,22.7,8.7,50.0,0.0,991.1,100,27.5667,72.0667,1.3274206218011106
2024-10-26 08:00:00+05:30,156.0,295.4,84.0,25.7,6.9,41.0,0.0,991.6,100,27.5667,72.0667,17.95737727416956
2024-10-26 09:00:00+05:30,347.0,497.1,130.0,29.6,7.3,33.0,0.0,992.4,100,27.5667,72.0667,39.31962843749587
2024-10-26 10:00:00+05:30,522.0,612.4,159.0,32.8,9.1,26.0,0.0,992.5,100,27.5667,72.0667,55.86043693956511
2024-10-26 11:00:00+05:30,650.0,675.6,176.0,34.9,11.1,22.0,0.0,992.0,100,27.5667,72.0667,68.87509909109279
2024-10-26 12:00:00+05:30,716.0,704.0,184.0,36.5,13.5,20.0,0.0,990.9,100,27.5667,72.0667,74.58099925862214
2024-10-26 13:00:00+05:30,711.0,702.7,183.0,37.6,15.4,18.0,0.0,989.8,100,27.5667,72.0667,75.24255299187126
2024-10-26 14:00:00+05:30,637.0,673.4,173.0,38.2,15.1,17.0,0.0,988.5,100,27.5667,72.0667,66.5192020110038
2024-10-26 15:00:00+05:30,501.0,605.9,154.0,38.4,13.8,16.0,0.0,988.0,100,27.5667,72.0667,54.04349392768445
2024-10-26 16:00:00+05:30,321.0,479.9,124.0,38.3,11.7,16.0,0.0,987.8,100,27.5667,72.0667,34.705857144558614
2024-10-26 17:00:00+05:30,131.0,267.0,74.0,37.1,6.7,18.0,0.0,988.1,100,27.5667,72.0667,13.679995806190561
2024-10-26 18:00:00+05:30,11.0,26.4,9.0,35.7,3.4,20.0,0.0,988.5,100,27.5667,72.0667,0.43888202966460915
2024-10-26 19:00:00+05:30,0.0,0.0,0.0,32.8,6.4,26.0,0.0,989.0,100,27.5667,72.0667,0.0
2024-10-26 20:00:00+05:30,0.0,0.0,0.0,31.3,9.8,27.0,0.0,989.3,100,27.5667,72.0667,0.0
2024-10-26 21:00:00+05:30,0.0,0.0,0.0,30.2,10.7,28.0,0.0,989.5,100,27.5667,72.0667,0.0
2024-10-26 22:00:00+05:30,0.0,0.0,0.0,29.6,12.4,28.0,0.0,989.3,100,27.5667,72.0667,0.0
2024-10-26 23:00:00+05:30,0.0,0.0,0.0,29.1,13.1,29.0,0.0,989.0,100,27.5667,72.0667,0.0
2024-10-27 00:00:00+05:30,0.0,0.0,0.0,28.1,11.8,30.0,0.0,988.5,100,27.5667,72.0667,0.0
2024-10-27 01:00:00+05:30,0.0,0.0,0.0,27.1,11.3,33.0,0.0,988.0,100,27.5667,72.0667,0.0
2024-10-27 02:00:00+05:30,0.0,0.0,0.0,26.6,11.4,34.0,0.0,987.6,100,27.5667,72.0667,0.0
2024-10-27 03:00:00+05:30,0.0,0.0,0.0,26.0,11.6,35.0,0.0,987.4,100,27.5667,72.0667,0.0
2024-10-27 04:00:00+05:30,0.0,0.0,0.0,25.6,11.8,36.0,0.0,987.5,100,27.5667,72.0667,0.0
2024-10-27 05:00:00+05:30,0.0,0.0,0.0,24.9,10.8,38.0,0.0,987.9,100,27.5667,72.0667,0.0
2024-10-27 06:00:00+05:30,0.0,0.0,0.0,23.1,9.8,47.0,0.0,989.0,100,27.5667,72.0667,0.0
2024-10-27 07:00:00+05:30,18.0,44.2,14.0,23.9,10.2,44.0,0.0,989.5,100,27.5667,72.0667,1.231557911699969
2024-10-27 08:00:00+05:30,154.0,294.7,83.0,26.5,8.8,38.0,0.0,989.9,100,27.5667,72.0667,17.62017217560896
2024-10-27 09:00:00+05:30,345.0,498.4,129.0,29.7,8.1,31.0,0.0,990.6,100,27.5667,72.0667,39.05574108407452
2024-10-27 10:00:00+05:30,520.0,614.3,158.0,32.8,9.1,26.0,0.0,990.6,100,27.5667,72.0667,56.38537780894031
2024-10-27 11:00:00+05:30,648.0,677.7,175.0,35.6,10.2,23.0,4.0,990.0,100,27.5667,72.0667,69.74116599313729
2024-10-27 12:00:00+05:30,714.0,706.2,183.0,37.6,12.5,20.0,16.0,988.7,100,27.5667,72.0667,73.57257141146273
2024-10-27 13:00:00+05:30,710.0,706.3,182.0,38.7,13.0,17.0,6.0,987.7,100,27.5667,72.0667,73.43722761774539
2024-10-27 14:00:00+05:30,636.0,677.3,172.0,39.2,12.5,16.0,67.0,986.7,100,27.5667,72.0667,65.89852701398101
2024-10-27 15:00:00+05:30,500.0,608.2,154.0,39.2,11.8,16.0,58.0,986.2,100,27.5667,72.0667,52.47171964878874
2024-10-27 16:00:00+05:30,319.0,481.7,123.0,39.0,11.2,16.0,0.0,986.0,100,27.5667,72.0667,35.36451533406591
2024-10-27 17:00:00+05:30,129.0,266.6,73.0,37.8,8.6,17.0,0.0,986.1,100,27.5667,72.0667,14.247456939652798
2024-10-27 18:00:00+05:30,10.0,13.5,9.0,35.5,12.5,20.0,0.0,986.4,100,27.5667,72.0667,0.3265889925832539
2024-10-27 19:00:00+05:30,0.0,0.0,0.0,34.2,12.3,22.0,0.0,986.7,100,27.5667,72.0667,0.0
2024-10-27 20:00:00+05:30,0.0,0.0,0.0,32.9,11.6,25.0,0.0,986.8,100,27.5667,72.0667,0.0
2024-10-27 21:00:00+05:30,0.0,0.0,0.0,30.9,9.4,29.0,11.0,986.8,100,27.5667,72.0667,0.0
2024-10-27 22:00:00+05:30,0.0,0.0,0.0,29.8,12.7,31.0,2.0,986.8,100,27.5667,72.0667,0.0
2024-10-27 23:00:00+05:30,0.0,0.0,0.0,29.1,12.7,30.0,0.0,986.5,100,27.5667,72.0667,0.0
2024-10-28 00:00:00+05:30,0.0,0.0,0.0,28.4,12.9,31.0,0.0,985.8,100,27.5667,72.0667,0.0
2024-10-28 01:00:00+05:30,0.0,0.0,0.0,27.5,12.7,33.0,0.0,985.5,100,27.5667,72.0667,0.0
2024-10-28 02:00:00+05:30,0.0,0.0,0.0,26.7,12.8,34.0,0.0,985.2,100,27.5667,72.0667,0.0
2024-10-28 03:00:00+05:30,0.0,0.0,0.0,25.6,11.0,37.0,0.0,985.2,100,27.5667,72.0667,0.0
2024-10-28 04:00:00+05:30,0.0,0.0,0.0,24.8,10.1,39.0,0.0,985.3,100,27.5667,72.0667,0.0
2024-10-28 05:00:00+05:30,0.0,0.0,0.0,24.1,8.7,42.0,0.0,985.4,100,27.5667,72.0667,0.0
2024-10-28 06:00:00+05:30,0.0,0.0,0.0,23.0,7.4,54.0,2.0,985.9,100,27.5667,72.0667,0.0
2024-10-28 07:00:00+05:30,18.0,33.7,15.0,23.7,5.6,54.0,0.0,986.4,100,27.5667,72.0667,1.2118901138178393
2024-10-28 08:00:00+05:30,153.0,298.2,82.0,26.5,6.4,43.0,0.0,987.3,100,27.5667,72.0667,17.352497097101732
2024-10-28 09:00:00+05:30,344.0,499.7,129.0,30.0,8.4,36.0,0.0,988.2,100,27.5667,72.0667,39.20322101047184
2024-10-28 10:00:00+05:30,518.0,617.9,156.0,33.0,9.9,33.0,0.0,988.3,100,27.5667,72.0667,58.47669681422823
2024-10-28 11:00:00+05:30,647.0,682.7,173.0,35.5,9.7,27.0,0.0,987.8,100,27.5667,72.0667,68.23814662473795
2024-10-28 12:00:00+05:30,713.0,711.2,181.0,37.3,10.8,20.0,0.0,986.7,100,27.5667,72.0667,73.95559608215126
2024-10-28 13:00:00+05:30,709.0,711.4,180.0,38.2,13.7,17.0,0.0,985.7,100,27.5667,72.0667,74.30283432272405
2024-10-28 14:00:00+05:30,636.0,682.6,171.0,38.5,13.9,16.0,0.0,984.7,100,27.5667,72.0667,66.82554998505884
2024-10-28 15:00:00+05:30,500.0,615.8,152.0,38.5,13.4,15.0,0.0,984.2,100,27.5667,72.0667,55.1095644874169
2024-10-28 16:00:00+05:30,319.0,488.5,122.0,38.2,12.4,15.0,0.0,984.3,100,27.5667,72.0667,35.564423881546546
2024-10-28 17:00:00+05:30,128.0,271.0,72.0,37.0,10.0,16.0,0.0,984.5,100,27.5667,72.0667,13.688963667704378
2024-10-28 18:00:00+05:30,9.0,13.8,8.0,34.0,9.3,22.0,0.0,985.4,100,27.5667,72.0667,0.24735212752015875
2024-10-28 19:00:00+05:30,0.0,0.0,0.0,32.3,9.3,25.0,0.0,985.9,100,27.5667,72.0667,0.0
2024-10-28 20:00:00+05:30,0.0,0.0,0.0,31.0,7.2,28.0,0.0,986.3,100,27.5667,72.0667,0.0
2024-10-28 21:00:00+05:30,0.0,0.0,0.0,32.9,3.5,23.0,0.0,986.7,100,27.5667,72.0667,0.0
2024-10-28 22:00:00+05:30,0.0,0.0,0.0,31.4,4.8,26.0,0.0,986.5,100,27.5667,72.0667,0.0
2024-10-28 23:00:00+05:30,0.0,0.0,0.0,32.3,1.8,24.0,0.0,986.3,100,27.5667,72.0667,0.0
2024-10-29 00:00:00+05:30,0.0,0.0,0.0,28.8,7.2,31.0,0.0,985.8,100,27.5667,72.0667,0.0
2024-10-29 01:00:00+05:30,0.0,0.0,0.0,26.8,11.3,35.0,0.0,985.3,100,27.5667,72.0667,0.0
2024-10-29 02:00:00+05:30,0.0,0.0,0.0,25.4,12.9,38.0,0.0,985.3,100,27.5667,72.0667,0.0
2024-10-29 03:00:00+05:30,0.0,0.0,0.0,24.7,10.5,40.0,0.0,985.1,100,27.5667,72.0667,0.0
2024-10-29 04:00:00+05:30,0.0,0.0,0.0,24.2,10.8,42.0,0.0,985.3,100,27.5667,72.0667,0.0
2024-10-29 05:00:00+05:30,0.0,0.0,0.0,23.8,11.2,44.0,0.0,985.7,100,27.5667,72.0667,0.0
2024-10-29 06:00:00+05:30,0.0,0.0,0.0,24.2,13.2,44.0,0.0,986.8,100,27.5667,72.0667,0.0
2024-10-29 07:00:00+05:30,17.0,34.2,14.0,24.6,13.6,43.0,0.0,987.3,100,27.5667,72.0667,1.124008100560848
2024-10-29 08:00:00+05:30,152.0,297.6,82.0,27.4,12.8,37.0,0.0,988.2,100,27.5667,72.0667,17.730877305245706
2024-10-29 09:00:00+05:30,343.0,503.4,128.0,31.2,12.1,29.0,0.0,989.2,100,27.5667,72.0667,40.2272826081468
2024-10-29 10:00:00+05:30,517.0,619.8,156.0,34.2,16.3,24.0,0.0,989.4,100,27.5667,72.0667,58.166641476101745
2024-10-29 11:00:00+05:30,645.0,682.0,174.0,36.4,16.2,22.0,0.0,989.0,100,27.5667,72.0667,70.23087606966504
2024-10-29 12:00:00+05:30,709.0,709.4,181.0,38.1,18.4,17.0,0.0,988.1,100,27.5667,72.0667,77.37860223506382
2024-10-29 13:00:00+05:30,704.0,708.3,180.0,38.7,18.0,15.0,0.0,987.1,100,27.5667,72.0667,75.81239760106232
2024-10-29 14:00:00+05:30,630.0,677.6,171.0,38.9,17.1,14.0,0.0,986.3,100,27.5667,72.0667,67.01937876482478
2024-10-29 15:00:00+05:30,494.0,609.2,152.0,38.8,16.4,13.0,0.0,985.8,100,27.5667,72.0667,54.41213152054287
2024-10-29 16:00:00+05:30,314.0,480.3,122.0,38.4,15.3,13.0,0.0,985.8,100,27.5667,72.0667,35.56459023059444
2024-10-29 17:00:00+05:30,125.0,265.6,71.0,37.1,12.5,15.0,0.0,985.9,100,27.5667,72.0667,13.94863805807768
2024-10-29 18:00:00+05:30,9.0,14.1,8.0,34.2,11.2,19.0,0.0,986.5,100,27.5667,72.0667,0.25224558568779554
2024-10-29 19:00:00+05:30,0.0,0.0,0.0,32.9,13.0,20.0,0.0,987.1,100,27.5667,72.0667,0.0
2024-10-29 20:00:00+05:30,0.0,0.0,0.0,31.5,11.3,22.0,0.0,987.4,100,27.5667,72.0667,0.0
2024-10-29 21:00:00+05:30,0.0,0.0,0.0,30.3,11.7,24.0,0.0,987.6,100,27.5667,72.0667,0.0
2024-10-29 22:00:00+05:30,0.0,0.0,0.0,29.0,12.1,26.0,0.0,987.8,100,27.5667,72.0667,0.0
2024-10-29 23:00:00+05:30,0.0,0.0,0.0,27.9,12.5,28.0,0.0,987.6,100,27.5667,72.0667,0.0
2024-10-30 00:00:00+05:30,0.0,0.0,0.0,27.7,13.9,28.0,0.0,987.2,100,27.5667,72.0667,0.0
2024-10-30 01:00:00+05:30,0.0,0.0,0.0,27.4,14.7,29.0,0.0,986.8,100,27.5667,72.0667,0.0
2024-10-30 02:00:00+05:30,0.0,0.0,0.0,27.4,15.6,28.0,0.0,986.5,100,27.5667,72.0667,0.0
2024-10-30 03:00:00+05:30,0.0,0.0,0.0,26.6,15.1,29.0,0.0,986.7,100,27.5667,72.0667,0.0
2024-10-30 04:00:00+05:30,0.0,0.0,0.0,25.8,14.6,31.0,0.0,986.8,100,27.5667,72.0667,0.0
2024-10-30 05:00:00+05:30,0.0,0.0,0.0,23.8,8.3,37.0,0.0,987.7,100,27.5667,72.0667,0.0
2024-10-30 06:00:00+05:30,0.0,0.0,0.0,23.1,14.5,45.0,0.0,988.8,100,27.5667,72.0667,0.0
2024-10-30 07:00:00+05:30,16.0,34.8,13.0,23.6,14.3,45.0,0.0,989.4,100,27.5667,72.0667,1.082988083077823
2024-10-30 08:00:00+05:30,147.0,288.4,80.0,26.3,13.9,42.0,0.0,990.0,100,27.5667,72.0667,17.542464664414297
2024-10-30 09:00:00+05:30,336.0,493.0,127.0,29.3,12.8,38.0,0.0,990.8,100,27.5667,72.0667,38.81983617784072
2024-10-30 10:00:00+05:30,510.0,611.4,156.0,32.5,14.4,34.0,0.0,991.3,100,27.5667,72.0667,55.908744745446114
2024-10-30 11:00:00+05:30,637.0,675.4,173.0,35.1,16.8,26.0,0.0,990.9,100,27.5667,72.0667,70.1874669092842
2024-10-30 12:00:00+05:30,702.0,703.6,181.0,36.3,15.9,22.0,0.0,990.1,100,27.5667,72.0667,77.72364705150724
2024-10-30 13:00:00+05:30,696.0,701.1,180.0,37.2,14.0,17.0,0.0,989.3,100,27.5667,72.0667,75.65845376353928
2024-10-30 14:00:00+05:30,623.0,671.0,171.0,37.6,14.3,15.0,0.0,988.8,100,27.5667,72.0667,68.11298483707093
2024-10-30 15:00:00+05:30,488.0,600.6,153.0,37.5,15.0,15.0,0.0,988.4,100,27.5667,72.0667,54.354284698889366
2024-10-30 16:00:00+05:30,308.0,471.9,121.0,37.1,14.4,15.0,0.0,988.4,100,27.5667,72.0667,34.17783988111635
2024-10-30 17:00:00+05:30,121.0,254.9,70.0,35.9,10.1,16.0,0.0,988.7,100,27.5667,72.0667,13.53935750795801
2024-10-30 18:00:00+05:30,8.0,14.5,7.0,33.3,10.5,20.0,0.0,989.6,100,27.5667,72.0667,0.14345253602929495
2024-10-30 19:00:00+05:30,0.0,0.0,0.0,31.7,9.8,22.0,0.0,990.3,100,27.5667,72.0667,0.0
2024-10-30 20:00:00+05:30,0.0,0.0,0.0,29.8,8.6,26.0,0.0,990.6,100,27.5667,72.0667,0.0
2024-10-30 21:00:00+05:30,0.0,0.0,0.0,28.1,7.5,30.0,0.0,991.0,100,27.5667,72.0667,0.0
2024-10-30 22:00:00+05:30,0.0,0.0,0.0,27.0,8.2,31.0,1.0,991.3,100,27.5667,72.0667,0.0
2024-10-30 23:00:00+05:30,0.0,0.0,0.0,26.2,8.2,30.0,0.0,991.3,100,27.5667,72.0667,0.0
2024-10-31 00:00:00+05:30,0.0,0.0,0.0,25.9,6.3,30.0,0.0,991.1,100,27.5667,72.0667,0.0
2024-10-31 01:00:00+05:30,0.0,0.0,0.0,24.7,7.3,33.0,0.0,990.9,100,27.5667,72.0667,0.0
2024-10-31 02:00:00+05:30,0.0,0.0,0.0,24.7,11.7,31.0,0.0,990.6,100,27.5667,72.0667,0.0
2024-10-31 03:00:00+05:30,0.0,0.0,0.0,23.8,10.3,33.0,0.0,990.4,100,27.5667,72.0667,0.0
2024-10-31 04:00:00+05:30,0.0,0.0,0.0,23.3,10.5,35.0,0.0,990.5,100,27.5667,72.0667,0.0
2024-10-31 05:00:00+05:30,0.0,0.0,0.0,22.9,10.4,38.0,0.0,990.9,100,27.5667,72.0667,0.0
2024-10-31 06:00:00+05:30,0.0,0.0,0.0,21.3,7.8,56.0,0.0,991.8,100,27.5667,72.0667,0.0
2024-10-31 07:00:00+05:30,15.0,35.4,12.0,22.0,8.0,63.0,0.0,992.6,100,27.5667,72.0667,1.0084383597154585
2024-10-31 08:00:00+05:30,142.0,274.6,79.0,24.5,5.7,62.0,0.0,993.5,100,27.5667,72.0667,16.73892958362285
2024-10-31 09:00:00+05:30,328.0,475.4,128.0,27.5,5.0,55.0,0.0,994.2,100,27.5667,72.0667,37.57473826098466
2024-10-31 10:00:00+05:30,499.0,594.2,157.0,30.2,4.9,47.0,0.0,994.5,100,27.5667,72.0667,54.470047688618585
2024-10-31 11:00:00+05:30,625.0,660.0,174.0,32.4,2.5,37.0,0.0,993.9,100,27.5667,72.0667,66.55472418925464
2024-10-31 12:00:00+05:30,689.0,688.2,182.0,33.7,3.8,30.0,0.0,993.1,100,27.5667,72.0667,69.90265235583836
2024-10-31 13:00:00+05:30,684.0,687.0,181.0,34.8,7.2,26.0,0.0,992.2,100,27.5667,72.0667,71.17391614852357
2024-10-31 14:00:00+05:30,611.0,656.9,171.0,35.5,9.7,22.0,0.0,991.3,100,27.5667,72.0667,66.53868575525053
2024-10-31 15:00:00+05:30,477.0,586.5,152.0,35.6,11.3,21.0,0.0,990.7,100,27.5667,72.0667,51.52472231422926
2024-10-31 16:00:00+05:30,300.0,455.7,121.0,35.3,11.6,21.0,0.0,990.5,100,27.5667,72.0667,34.1401915326274
2024-10-31 17:00:00+05:30,116.0,243.7,68.0,34.4,10.2,23.0,0.0,990.5,100,27.5667,72.0667,13.009051769193821
2024-10-31 18:00:00+05:30,7.0,14.8,6.0,32.2,7.4,29.0,0.0,991.1,100,27.5667,72.0667,0.053380497657322584
2024-10-31 19:00:00+05:30,0.0,0.0,0.0,30.8,5.9,35.0,0.0,991.5,100,27.5667,72.0667,0.0
2024-10-31 20:00:00+05:30,0.0,0.0,0.0,29.5,6.9,38.0,1.0,991.8,100,27.5667,72.0667,0.0
2024-10-31 21:00:00+05:30,0.0,0.0,0.0,28.6,8.6,40.0,0.0,991.9,100,27.5667,72.0667,0.0
2024-10-31 22:00:00+05:30,0.0,0.0,0.0,28.0,6.3,43.0,0.0,991.9,100,27.5667,72.0667,0.0
2024-10-31 23:00:00+05:30,0.0,0.0,0.0,29.5,3.4,38.0,0.0,991.9,100,27.5667,72.0667,0.0
2024-11-01 00:00:00+05:30,0.0,0.0,0.0,27.5,5.1,45.0,0.0,991.5,100,27.5667,72.0667,0.0
2024-11-01 01:00:00+05:30,0.0,0.0,0.0,28.2,2.9,42.0,0.0,991.1,100,27.5667,72.0667,0.0
2024-11-01 02:00:00+05:30,0.0,0.0,0.0,27.5,0.3,44.0,0.0,990.9,100,27.5667,72.0667,0.0
2024-11-01 03:00:00+05:30,0.0,0.0,0.0,25.7,4.6,50.0,0.0,990.7,100,27.5667,72.0667,0.0
2024-11-01 04:00:00+05:30,0.0,0.0,0.0,23.5,7.8,58.0,0.0,990.7,100,27.5667,72.0667,0.0
2024-11-01 05:00:00+05:30,0.0,0.0,0.0,23.2,10.5,56.0,0.0,991.2,100,27.5667,72.0667,0.0
2024-11-01 06:00:00+05:30,0.0,0.0,0.0,21.6,9.4,69.0,0.0,991.6,100,27.5667,72.0667,0.0
2024-11-01 07:00:00+05:30,15.0,24.0,13.0,21.9,9.2,66.0,0.0,992.1,100,27.5667,72.0667,0.9729357305519833
2024-11-01 08:00:00+05:30,140.0,269.3,79.0,24.9,7.8,54.0,0.0,993.0,100,27.5667,72.0667,16.611811083344563
2024-11-01 09:00:00+05:30,325.0,474.2,127.0,28.9,8.8,41.0,0.0,994.1,100,27.5667,72.0667,37.611578608233906
2024-11-01 10:00:00+05:30,497.0,596.1,156.0,32.0,12.3,32.0,0.0,994.3,100,27.5667,72.0667,56.27879358334103
2024-11-01 11:00:00+05:30,625.0,665.0,173.0,33.9,12.7,26.0,0.0,993.6,100,27.5667,72.0667,70.34334001467417
2024-11-01 12:00:00+05:30,691.0,695.8,181.0,35.1,14.0,24.0,0.0,992.7,100,27.5667,72.0667,75.67142986566859
2024-11-01 13:00:00+05:30,687.0,694.7,181.0,35.9,15.6,21.0,0.0,991.7,100,27.5667,72.0667,75.52972441576007
2024-11-01 14:00:00+05:30,612.0,663.5,170.0,36.2,16.6,20.0,0.0,990.9,100,27.5667,72.0667,67.09943488361341
2024-11-01 15:00:00+05:30,478.0,592.1,152.0,36.3,16.4,19.0,0.0,990.6,100,27.5667,72.0667,54.23812245500843
2024-11-01 16:00:00+05:30,300.0,462.2,120.0,36.0,15.3,18.0,0.0,990.5,100,27.5667,72.0667,34.4081442320558
2024-11-01 17:00:00+05:30,116.0,247.6,68.0,34.9,12.0,19.0,0.0,990.7,100,27.5667,72.0667,12.786347914812227
2024-11-01 18:00:00+05:30,7.0,15.1,6.0,32.1,8.3,25.0,0.0,991.2,100,27.5667,72.0667,0.05568759687663946
2024-11-01 19:00:00+05:30,0.0,0.0,0.0,30.6,7.6,29.0,0.0,991.6,100,27.5667,72.0667,0.0
2024-11-01 20:00:00+05:30,0.0,0.0,0.0,29.7,7.2,31.0,0.0,992.0,100,27.5667,72.0667,0.0
2024-11-01 21:00:00+05:30,0.0,0.0,0.0,28.7,9.8,32.0,0.0,992.2,100,27.5667,72.0667,0.0
2024-11-01 22:00:00+05:30,0.0,0.0,0.0,27.8,10.6,34.0,0.0,992.3,100,27.5667,72.0667,0.0
2024-11-01 23:00:00+05:30,0.0,0.0,0.0,27.2,12.1,36.0,0.0,992.1,100,27.5667,72.0667,0.0
2024-11-02 00:00:00+05:30,0.0,0.0,0.0,27.1,13.8,35.0,0.0,991.7,100,27.5667,72.0667,0.0
2024-11-02 01:00:00+05:30,0.0,0.0,0.0,26.7,15.3,36.0,0.0,991.3,100,27.5667,72.0667,0.0
2024-11-02 02:00:00+05:30,0.0,0.0,0.0,25.9,14.2,38.0,0.0,991.0,100,27.5667,72.0667,0.0
2024-11-02 03:00:00+05:30,0.0,0.0,0.0,25.2,12.1,40.0,0.0,990.7,100,27.5667,72.0667,0.0
2024-11-02 04:00:00+05:30,0.0,0.0,0.0,23.9,10.3,44.0,0.0,990.8,100,27.5667,72.0667,0.0
2024-11-02 05:00:00+05:30,0.0,0.0,0.0,23.1,10.9,47.0,0.0,991.2,100,27.5667,72.0667,0.0
2024-11-02 06:00:00+05:30,0.0,0.0,0.0,21.9,12.0,55.0,0.0,991.7,100,27.5667,72.0667,0.0
2024-11-02 07:00:00+05:30,14.0,24.4,12.0,22.3,12.8,53.0,0.0,992.2,100,27.5667,72.0667,0.8732750616211582
2024-11-02 08:00:00+05:30,139.0,272.8,78.0,25.0,11.6,46.0,0.0,993.0,100,27.5667,72.0667,17.24657902455718
2024-11-02 09:00:00+05:30,324.0,477.9,126.0,28.4,12.0,37.0,0.0,994.0,100,27.5667,72.0667,38.21394600493951
2024-11-02 10:00:00+05:30,497.0,601.5,155.0,31.4,15.6,30.0,0.0,994.3,100,27.5667,72.0667,56.088817499980635
2024-11-02 11:00:00+05:30,624.0,668.6,172.0,33.9,19.1,24.0,0.0,993.6,100,27.5667,72.0667,68.95928009563906
2024-11-02 12:00:00+05:30,690.0,699.4,180.0,35.1,19.1,20.0,0.0,992.5,100,27.5667,72.0667,76.3284531334676
2024-11-02 13:00:00+05:30,685.0,696.9,180.0,35.8,17.2,19.0,0.0,991.6,100,27.5667,72.0667,73.9552628120186
2024-11-02 14:00:00+05:30,611.0,665.7,170.0,36.1,15.9,18.0,0.0,990.8,100,27.5667,72.0667,67.94448035559937
2024-11-02 15:00:00+05:30,476.0,594.1,151.0,36.2,14.8,17.0,0.0,990.4,100,27.5667,72.0667,53.68146838578044
2024-11-02 16:00:00+05:30,298.0,463.5,119.0,35.9,14.1,17.0,0.0,990.3,100,27.5667,72.0667,35.014998250348285
2024-11-02 17:00:00+05:30,113.0,246.2,66.0,34.6,11.2,19.0,0.0,990.5,100,27.5667,72.0667,12.944561993679153
2024-11-02 18:00:00+05:30,7.0,15.5,6.0,32.0,9.2,23.0,0.0,991.0,100,27.5667,72.0667,0.05902485565598519
2024-11-02 19:00:00+05:30,0.0,0.0,0.0,30.8,10.4,25.0,0.0,991.6,100,27.5667,72.0667,0.0
2024-11-02 20:00:00+05:30,0.0,0.0,0.0,29.5,10.8,27.0,0.0,991.9,100,27.5667,72.0667,0.0
2024-11-02 21:00:00+05:30,0.0,0.0,0.0,28.1,10.9,30.0,0.0,992.1,100,27.5667,72.0667,0.0
2024-11-02 22:00:00+05:30,0.0,0.0,0.0,27.0,12.7,33.0,0.0,992.2,100,27.5667,72.0667,0.0
2024-11-02 23:00:00+05:30,0.0,0.0,0.0,26.7,13.7,34.0,0.0,992.3,100,27.5667,72.0667,0.0
2024-11-03 00:00:00+05:30,0.0,0.0,0.0,26.8,16.9,33.0,0.0,992.0,100,27.5667,72.0667,0.0
2024-11-03 01:00:00+05:30,0.0,0.0,0.0,26.4,20.2,35.0,0.0,991.8,100,27.5667,72.0667,0.0
2024-11-03 02:00:00+05:30,0.0,0.0,0.0,25.8,19.3,37.0,0.0,991.6,100,27.5667,72.0667,0.0
2024-11-03 03:00:00+05:30,0.0,0.0,0.0,25.3,18.6,39.0,0.0,991.4,100,27.5667,72.0667,0.0
2024-11-03 04:00:00+05:30,0.0,0.0,0.0,24.8,19.0,40.0,0.0,991.2,100,27.5667,72.0667,0.0
2024-11-03 05:00:00+05:30,0.0,0.0,0.0,24.5,19.4,40.0,0.0,991.4,100,27.5667,72.0667,0.0
2024-11-03 06:00:00+05:30,0.0,0.0,0.0,23.8,17.8,45.0,0.0,992.2,100,27.5667,72.0667,0.0
2024-11-03 07:00:00+05:30,13.0,24.8,11.0,23.3,14.8,46.0,0.0,993.1,100,27.5667,72.0667,0.776010528112606
2024-11-03 08:00:00+05:30,137.0,271.9,77.0,25.0,10.3,42.0,0.0,994.1,100,27.5667,72.0667,16.060498319580272
2024-11-03 09:00:00+05:30,322.0,476.8,126.0,27.9,10.2,36.0,0.0,994.9,100,27.5667,72.0667,38.037570700713744
2024-11-03 10:00:00+05:30,494.0,599.8,155.0,31.0,11.9,30.0,0.0,995.2,100,27.5667,72.0667,56.607953197660024
2024-11-03 11:00:00+05:30,620.0,666.2,172.0,33.5,13.2,25.0,0.0,994.7,100,27.5667,72.0667,68.56309488202874
2024-11-03 12:00:00+05:30,684.0,694.6,180.0,34.9,13.4,21.0,0.0,993.7,100,27.5667,72.0667,74.67499742648612
2024-11-03 13:00:00+05:30,679.0,694.9,178.0,35.5,11.3,19.0,0.0,992.7,100,27.5667,72.0667,72.6569805917521
2024-11-03 14:00:00+05:30,606.0,663.3,169.0,35.8,9.6,19.0,0.0,991.8,100,27.5667,72.0667,66.70830671819571
2024-11-03 15:00:00+05:30,471.0,590.5,150.0,35.7,8.6,18.0,0.0,991.2,100,27.5667,72.0667,50.35638300332524
2024-11-03 16:00:00+05:30,294.0,456.9,119.0,35.5,7.9,18.0,0.0,991.2,100,27.5667,72.0667,33.3927015669075
2024-11-03 17:00:00+05:30,111.0,239.4,66.0,34.3,6.5,20.0,0.0,991.5,100,27.5667,72.0667,12.803637686334737
2024-11-03 18:00:00+05:30,6.0,15.8,5.0,31.7,7.1,28.0,0.0,992.4,100,27.5667,72.0667,0.0
2024-11-03 19:00:00+05:30,0.0,0.0,0.0,30.4,7.4,30.0,0.0,992.7,100,27.5667,72.0667,0.0
2024-11-03 20:00:00+05:30,0.0,0.0,0.0,30.1,6.2,30.0,0.0,993.2,100,27.5667,72.0667,0.0
2024-11-03 21:00:00+05:30,0.0,0.0,0.0,28.4,7.3,34.0,0.0,993.3,100,27.5667,72.0667,0.0
2024-11-03 22:00:00+05:30,0.0,0.0,0.0,26.8,8.4,38.0,0.0,993.4,100,27.5667,72.0667,0.0
2024-11-03 23:00:00+05:30,0.0,0.0,0.0,25.9,7.1,40.0,0.0,993.2,100,27.5667,72.0667,0.0
2024-11-04 00:00:00+05:30,0.0,0.0,0.0,25.6,12.3,39.0,0.0,992.7,100,27.5667,72.0667,0.0
2024-11-04 01:00:00+05:30,0.0,0.0,0.0,24.8,11.7,40.0,0.0,992.2,100,27.5667,72.0667,0.0
2024-11-04 02:00:00+05:30,0.0,0.0,0.0,24.6,11.6,40.0,0.0,991.6,100,27.5667,72.0667,0.0
2024-11-04 03:00:00+05:30,0.0,0.0,0.0,23.4,8.8,44.0,0.0,991.4,100,27.5667,72.0667,0.0
2024-11-04 04:00:00+05:30,0.0,0.0,0.0,22.3,7.2,49.0,0.0,991.5,100,27.5667,72.0667,0.0
2024-11-04 05:00:00+05:30,0.0,0.0,0.0,21.8,7.5,51.0,0.0,991.5,100,27.5667,72.0667,0.0
2024-11-04 06:00:00+05:30,0.0,0.0,0.0,21.2,10.1,53.0,0.0,992.0,100,27.5667,72.0667,0.0
2024-11-04 07:00:00+05:30,13.0,25.3,11.0,21.7,10.1,51.0,0.0,992.4,100,27.5667,72.0667,0.8213510427918971
2024-11-04 08:00:00+05:30,134.0,266.3,76.0,24.1,7.1,45.0,0.0,993.3,100,27.5667,72.0667,16.0366544547616
2024-11-04 09:00:00+05:30,317.0,473.2,124.0,27.7,7.4,36.0,0.0,993.7,100,27.5667,72.0667,37.11248436274464
2024-11-04 10:00:00+05:30,488.0,594.6,154.0,30.7,9.1,29.0,0.0,993.9,100,27.5667,72.0667,55.409741241847
2024-11-04 11:00:00+05:30,613.0,660.8,171.0,32.7,10.8,25.0,0.0,993.3,100,27.5667,72.0667,68.0246930296817
2024-11-04 12:00:00+05:30,677.0,691.2,178.0,34.1,13.0,23.0,0.0,992.3,100,27.5667,72.0667,74.78088867133093
2024-11-04 13:00:00+05:30,672.0,690.1,177.0,34.8,13.4,22.0,0.0,991.1,100,27.5667,72.0667,72.70352674144891
2024-11-04 14:00:00+05:30,598.0,657.7,167.0,35.2,13.0,21.0,0.0,990.3,100,27.5667,72.0667,67.42840700124893
2024-11-04 15:00:00+05:30,465.0,586.8,148.0,35.2,12.8,21.0,0.0,989.6,100,27.5667,72.0667,52.56182665358263
2024-11-04 16:00:00+05:30,289.0,452.8,117.0,34.9,13.4,21.0,0.0,989.5,100,27.5667,72.0667,33.27753107839546
2024-11-04 17:00:00+05:30,108.0,237.6,64.0,34.0,11.4,23.0,0.0,989.8,100,27.5667,72.0667,12.169648060327349
2024-11-04 18:00:00+05:30,6.0,16.2,5.0,31.6,8.4,29.0,0.0,990.5,100,27.5667,72.0667,0.0
2024-11-04 19:00:00+05:30,0.0,0.0,0.0,30.0,8.2,33.0,0.0,991.1,100,27.5667,72.0667,0.0
2024-11-04 20:00:00+05:30,0.0,0.0,0.0,28.9,8.3,35.0,0.0,991.4,100,27.5667,72.0667,0.0
2024-11-04 21:00:00+05:30,0.0,0.0,0.0,28.5,11.5,35.0,0.0,991.4,100,27.5667,72.0667,0.0
2024-11-04 22:00:00+05:30,0.0,0.0,0.0,27.6,13.2,37.0,0.0,991.7,100,27.5667,72.0667,0.0
2024-11-04 23:00:00+05:30,0.0,0.0,0.0,27.1,12.1,37.0,0.0,991.5,100,27.5667,72.0667,0.0
2024-11-05 00:00:00+05:30,0.0,0.0,0.0,26.2,11.7,40.0,0.0,991.3,100,27.5667,72.0667,0.0
2024-11-05 01:00:00+05:30,0.0,0.0,0.0,25.3,11.4,42.0,0.0,991.1,100,27.5667,72.0667,0.0
2024-11-05 02:00:00+05:30,0.0,0.0,0.0,24.9,11.1,43.0,0.0,991.0,100,27.5667,72.0667,0.0
2024-11-05 03:00:00+05:30,0.0,0.0,0.0,24.3,11.5,45.0,0.0,990.8,100,27.5667,72.0667,0.0
2024-11-05 04:00:00+05:30,0.0,0.0,0.0,23.6,10.0,47.0,0.0,990.9,100,27.5667,72.0667,0.0
2024-11-05 05:00:00+05:30,0.0,0.0,0.0,23.0,5.4,51.0,0.0,991.3,100,27.5667,72.0667,0.0
2024-11-05 06:00:00+05:30,0.0,0.0,0.0,21.2,8.9,57.0,0.0,992.4,100,27.5667,72.0667,0.0
2024-11-05 07:00:00+05:30,12.0,25.8,10.0,21.8,9.6,55.0,0.0,993.2,100,27.5667,72.0667,0.7161519498988738
2024-11-05 08:00:00+05:30,131.0,260.7,75.0,24.1,5.5,48.0,0.0,994.1,100,27.5667,72.0667,15.804912048742164
2024-11-05 09:00:00+05:30,312.0,467.0,123.0,27.2,5.0,40.0,0.0,995.0,100,27.5667,72.0667,36.471129618605296
2024-11-05 10:00:00+05:30,481.0,589.3,152.0,30.4,8.8,33.0,0.0,995.3,100,27.5667,72.0667,55.92262556303101
2024-11-05 11:00:00+05:30,606.0,655.4,170.0,32.7,10.8,29.0,0.0,994.7,100,27.5667,72.0667,65.52141527943986
2024-11-05 12:00:00+05:30,670.0,685.0,178.0,34.1,11.3,26.0,0.0,993.8,100,27.5667,72.0667,73.71179779645846
2024-11-05 13:00:00+05:30,665.0,682.4,178.0,34.9,11.2,24.0,0.0,992.9,100,27.5667,72.0667,72.94423319933054
2024-11-05 14:00:00+05:30,592.0,652.0,167.0,35.3,11.2,22.0,0.0,992.2,100,27.5667,72.0667,66.15747477015205
2024-11-05 15:00:00+05:30,459.0,579.2,148.0,35.4,11.1,22.0,0.0,991.7,100,27.5667,72.0667,51.731037062462775
2024-11-05 16:00:00+05:30,285.0,445.8,117.0,35.1,10.7,22.0,0.0,991.7,100,27.5667,72.0667,32.67343824053252
2024-11-05 17:00:00+05:30,105.0,230.2,63.0,34.2,8.2,23.0,0.0,992.0,100,27.5667,72.0667,11.93858813877927
2024-11-05 18:00:00+05:30,5.0,0.0,5.0,31.6,6.1,32.0,0.0,992.7,100,27.5667,72.0667,0.0
2024-11-05 19:00:00+05:30,0.0,0.0,0.0,31.9,3.7,30.0,0.0,993.3,100,27.5667,72.0667,0.0
2024-11-05 20:00:00+05:30,0.0,0.0,0.0,31.4,2.6,30.0,0.0,993.7,100,27.5667,72.0667,0.0
2024-11-05 21:00:00+05:30,0.0,0.0,0.0,30.4,3.0,32.0,0.0,993.9,100,27.5667,72.0667,0.0
2024-11-05 22:00:00+05:30,0.0,0.0,0.0,30.0,0.9,33.0,0.0,994.1,100,27.5667,72.0667,0.0
2024-11-05 23:00:00+05:30,0.0,0.0,0.0,29.2,4.5,35.0,0.0,993.9,100,27.5667,72.0667,0.0
2024-11-06 00:00:00+05:30,0.0,0.0,0.0,26.3,10.6,43.0,0.0,993.4,100,27.5667,72.0667,0.0
2024-11-06 01:00:00+05:30,0.0,0.0,0.0,24.8,8.3,48.0,0.0,993.1,100,27.5667,72.0667,0.0
2024-11-06 02:00:00+05:30,0.0,0.0,0.0,24.2,6.1,51.0,0.0,992.8,100,27.5667,72.0667,0.0
2024-11-06 03:00:00+05:30,0.0,0.0,0.0,23.8,9.6,50.0,0.0,992.6,100,27.5667,72.0667,0.0
2024-11-06 04:00:00+05:30,0.0,0.0,0.0,23.3,8.9,52.0,0.0,992.6,100,27.5667,72.0667,0.0
2024-11-06 05:00:00+05:30,0.0,0.0,0.0,22.8,8.7,54.0,0.0,992.8,100,27.5667,72.0667,0.0
2024-11-06 06:00:00+05:30,0.0,0.0,0.0,21.2,9.1,60.0,0.0,994.1,100,27.5667,72.0667,0.0
2024-11-06 07:00:00+05:30,11.0,26.3,9.0,21.4,9.1,58.0,0.0,995.0,100,27.5667,72.0667,0.6028104384042434
2024-11-06 08:00:00+05:30,128.0,254.8,74.0,23.8,6.7,50.0,0.0,995.7,100,27.5667,72.0667,15.901161211043775
2024-11-06 09:00:00+05:30,309.0,463.3,123.0,27.3,6.7,41.0,0.0,996.4,100,27.5667,72.0667,37.10175636817462
2024-11-06 10:00:00+05:30,478.0,585.7,153.0,30.4,7.5,33.0,0.0,996.6,100,27.5667,72.0667,55.1119273923933
2024-11-06 11:00:00+05:30,603.0,654.3,170.0,32.7,8.5,29.0,0.0,996.2,100,27.5667,72.0667,65.76209056796151
2024-11-06 12:00:00+05:30,667.0,684.2,178.0,34.1,11.4,26.0,0.0,995.1,100,27.5667,72.0667,73.79000902943868
2024-11-06 13:00:00+05:30,663.0,684.3,177.0,35.1,13.1,23.0,0.0,994.0,100,27.5667,72.0667,73.02673682577012
2024-11-06 14:00:00+05:30,591.0,652.3,168.0,35.6,14.1,22.0,0.0,993.3,100,27.5667,72.0667,67.01211997371348
2024-11-06 15:00:00+05:30,458.0,580.7,148.0,35.7,14.8,21.0,0.0,992.9,100,27.5667,72.0667,53.62674628168066
2024-11-06 16:00:00+05:30,283.0,446.6,116.0,35.3,14.8,21.0,0.0,992.7,100,27.5667,72.0667,33.31041124611867
2024-11-06 17:00:00+05:30,104.0,228.0,63.0,34.1,12.2,23.0,0.0,992.8,100,27.5667,72.0667,12.23176524776495
2024-11-06 18:00:00+05:30,5.0,0.0,5.0,31.5,10.0,30.0,0.0,993.5,100,27.5667,72.0667,0.0
2024-11-06 19:00:00+05:30,0.0,0.0,0.0,29.8,8.5,35.0,0.0,993.7,100,27.5667,72.0667,0.0
2024-11-06 20:00:00+05:30,0.0,0.0,0.0,28.6,7.2,40.0,0.0,993.7,100,27.5667,72.0667,0.0
2024-11-06 21:00:00+05:30,0.0,0.0,0.0,29.0,5.6,38.0,0.0,993.6,100,27.5667,72.0667,0.0
2024-11-06 22:00:00+05:30,0.0,0.0,0.0,28.7,5.2,38.0,0.0,993.5,100,27.5667,72.0667,0.0
2024-11-06 23:00:00+05:30,0.0,0.0,0.0,28.3,4.8,39.0,0.0,993.2,100,27.5667,72.0667,0.0
2024-11-07 00:00:00+05:30,0.0,0.0,0.0,26.1,5.8,45.0,0.0,992.5,100,27.5667,72.0667,0.0
2024-11-07 01:00:00+05:30,0.0,0.0,0.0,24.3,9.7,50.0,0.0,992.0,100,27.5667,72.0667,0.0
2024-11-07 02:00:00+05:30,0.0,0.0,0.0,23.7,10.8,51.0,0.0,991.5,100,27.5667,72.0667,0.0
2024-11-07 03:00:00+05:30,0.0,0.0,0.0,22.9,10.0,53.0,0.0,991.4,100,27.5667,72.0667,0.0
2024-11-07 04:00:00+05:30,0.0,0.0,0.0,22.3,10.4,55.0,0.0,991.4,100,27.5667,72.0667,0.0
2024-11-07 05:00:00+05:30,0.0,0.0,0.0,21.8,10.4,56.0,0.0,991.7,100,27.5667,72.0667,0.0
2024-11-07 06:00:00+05:30,0.0,0.0,0.0,20.5,10.1,63.0,0.0,992.4,100,27.5667,72.0667,0.0
2024-11-07 07:00:00+05:30,11.0,26.8,9.0,20.9,10.5,61.0,0.0,993.4,100,27.5667,72.0667,0.6107332435040452
2024-11-07 08:00:00+05:30,129.0,263.2,74.0,23.8,8.3,50.0,0.0,994.3,100,27.5667,72.0667,15.678714770521957
2024-11-07 09:00:00+05:30,312.0,474.5,123.0,27.3,7.9,40.0,0.0,995.1,100,27.5667,72.0667,37.552102846484196
2024-11-07 10:00:00+05:30,484.0,602.0,152.0,30.2,9.2,32.0,0.0,995.2,100,27.5667,72.0667,56.673852310156164
2024-11-07 11:00:00+05:30,610.0,669.9,169.0,32.6,11.7,29.0,0.0,994.6,100,27.5667,72.0667,68.41148629751876
2024-11-07 12:00:00+05:30,674.0,698.8,177.0,34.2,13.6,24.0,0.0,993.7,100,27.5667,72.0667,74.29180553157059
2024-11-07 13:00:00+05:30,670.0,699.0,176.0,35.1,13.5,21.0,0.0,992.5,100,27.5667,72.0667,73.61562641717502
2024-11-07 14:00:00+05:30,597.0,668.0,166.0,35.7,13.4,19.0,0.0,991.9,100,27.5667,72.0667,64.78123833620938
2024-11-07 15:00:00+05:30,463.0,593.6,148.0,35.9,13.2,18.0,0.0,991.4,100,27.5667,72.0667,52.77432688919359
2024-11-07 16:00:00+05:30,286.0,458.1,116.0,35.6,12.1,18.0,0.0,991.3,100,27.5667,72.0667,33.45245694455408
2024-11-07 17:00:00+05:30,105.0,236.8,63.0,34.0,8.6,20.0,0.0,991.4,100,27.5667,72.0667,12.424002376595363
2024-11-07 18:00:00+05:30,5.0,0.0,5.0,31.4,9.6,25.0,0.0,991.9,100,27.5667,72.0667,0.0
2024-11-07 19:00:00+05:30,0.0,0.0,0.0,30.4,11.3,26.0,0.0,992.5,100,27.5667,72.0667,0.0
2024-11-07 20:00:00+05:30,0.0,0.0,0.0,29.3,11.3,29.0,0.0,992.8,100,27.5667,72.0667,0.0
2024-11-07 21:00:00+05:30,0.0,0.0,0.0,28.0,11.2,32.0,0.0,993.0,100,27.5667,72.0667,0.0
2024-11-07 22:00:00+05:30,0.0,0.0,0.0,26.9,11.3,34.0,0.0,992.9,100,27.5667,72.0667,0.0
2024-11-07 23:00:00+05:30,0.0,0.0,0.0,25.8,11.2,37.0,0.0,992.4,100,27.5667,72.0667,0.0
2024-11-08 00:00:00+05:30,0.0,0.0,0.0,24.9,11.6,39.0,0.0,992.2,100,27.5667,72.0667,0.0
2024-11-08 01:00:00+05:30,0.0,0.0,0.0,24.5,12.4,39.0,0.0,991.5,100,27.5667,72.0667,0.0
2024-11-08 02:00:00+05:30,0.0,0.0,0.0,23.9,13.4,39.0,0.0,991.2,100,27.5667,72.0667,0.0
2024-11-08 03:00:00+05:30,0.0,0.0,0.0,23.6,13.9,40.0,0.0,991.1,100,27.5667,72.0667,0.0
2024-11-08 04:00:00+05:30,0.0,0.0,0.0,22.8,11.7,44.0,0.0,991.1,100,27.5667,72.0667,0.0
2024-11-08 05:00:00+05:30,0.0,0.0,0.0,21.9,10.2,48.0,0.0,991.6,100,27.5667,72.0667,0.0
2024-11-08 06:00:00+05:30,0.0,0.0,0.0,20.9,11.5,55.0,0.0,992.5,100,27.5667,72.0667,0.0
2024-11-08 07:00:00+05:30,10.0,13.6,9.0,21.2,11.7,55.0,0.0,993.5,100,27.5667,72.0667,0.4534596216687603
2024-11-08 08:00:00+05:30,126.0,262.1,72.0,23.6,10.5,48.0,0.0,994.3,100,27.5667,72.0667,15.562888672473992
2024-11-08 09:00:00+05:30,307.0,470.8,121.0,26.6,10.2,41.0,0.0,994.9,100,27.5667,72.0667,37.30249674575411
2024-11-08 10:00:00+05:30,477.0,592.9,152.0,29.3,12.5,38.0,0.0,994.8,100,27.5667,72.0667,55.79925477683103
2024-11-08 11:00:00+05:30,601.0,659.7,169.0,31.6,14.7,39.0,0.0,994.2,100,27.5667,72.0667,65.97078318165346
2024-11-08 12:00:00+05:30,665.0,689.5,177.0,33.5,16.8,33.0,0.0,992.9,100,27.5667,72.0667,73.44393474909765
2024-11-08 13:00:00+05:30,660.0,689.6,175.0,34.7,17.5,26.0,0.0,991.9,100,27.5667,72.0667,74.30352022037253
2024-11-08 14:00:00+05:30,587.0,657.4,165.0,35.2,17.2,24.0,0.0,991.2,100,27.5667,72.0667,65.71795030886189
2024-11-08 15:00:00+05:30,455.0,583.7,147.0,35.3,16.0,23.0,0.0,990.7,100,27.5667,72.0667,53.35496499625607
2024-11-08 16:00:00+05:30,280.0,447.8,115.0,35.0,14.4,23.0,0.0,990.9,100,27.5667,72.0667,33.72304072345232
2024-11-08 17:00:00+05:30,101.0,228.6,61.0,33.6,9.6,25.0,0.0,991.1,100,27.5667,72.0667,11.94824753472098
2024-11-08 18:00:00+05:30,4.0,0.0,4.0,31.2,10.7,34.0,0.0,991.6,100,27.5667,72.0667,0.0
2024-11-08 19:00:00+05:30,0.0,0.0,0.0,29.8,9.3,37.0,0.0,992.0,100,27.5667,72.0667,0.0
2024-11-08 20:00:00+05:30,0.0,0.0,0.0,28.8,5.0,41.0,0.0,992.3,100,27.5667,72.0667,0.0
2024-11-08 21:00:00+05:30,0.0,0.0,0.0,28.9,3.7,39.0,0.0,992.7,100,27.5667,72.0667,0.0
2024-11-08 22:00:00+05:30,0.0,0.0,0.0,27.3,5.0,45.0,0.0,992.7,100,27.5667,72.0667,0.0
2024-11-08 23:00:00+05:30,0.0,0.0,0.0,27.9,3.1,43.0,0.0,992.5,100,27.5667,72.0667,0.0
2024-11-09 00:00:00+05:30,0.0,0.0,0.0,24.3,9.1,52.0,0.0,992.0,100,27.5667,72.0667,0.0
2024-11-09 01:00:00+05:30,0.0,0.0,0.0,23.1,8.5,47.0,0.0,991.7,100,27.5667,72.0667,0.0
2024-11-09 02:00:00+05:30,0.0,0.0,0.0,22.4,8.6,45.0,0.0,991.5,100,27.5667,72.0667,0.0
2024-11-09 03:00:00+05:30,0.0,0.0,0.0,21.8,8.7,44.0,0.0,991.4,100,27.5667,72.0667,0.0
2024-11-09 04:00:00+05:30,0.0,0.0,0.0,21.4,9.0,45.0,0.0,991.4,100,27.5667,72.0667,0.0
2024-11-09 05:00:00+05:30,0.0,0.0,0.0,21.2,10.1,45.0,0.0,991.7,100,27.5667,72.0667,0.0
2024-11-09 06:00:00+05:30,0.0,0.0,0.0,19.1,7.1,54.0,0.0,992.7,100,27.5667,72.0667,0.0
2024-11-09 07:00:00+05:30,10.0,13.9,9.0,19.9,5.1,52.0,0.0,993.7,100,27.5667,72.0667,0.451883288004193
2024-11-09 08:00:00+05:30,124.0,256.1,72.0,22.0,5.8,44.0,0.0,994.6,100,27.5667,72.0667,15.128971628882628
2024-11-09 09:00:00+05:30,306.0,469.5,122.0,25.7,6.8,35.0,0.0,995.3,100,27.5667,72.0667,37.32700201507955
2024-11-09 10:00:00+05:30,477.0,598.4,151.0,29.1,9.1,29.0,0.0,995.6,100,27.5667,72.0667,55.561128729380655
2024-11-09 11:00:00+05:30,604.0,669.4,168.0,31.4,10.3,27.0,0.0,994.9,100,27.5667,72.0667,68.33324389323028
2024-11-09 12:00:00+05:30,669.0,700.0,176.0,32.9,11.4,25.0,0.0,993.9,100,27.5667,72.0667,73.77146239778794
2024-11-09 13:00:00+05:30,664.0,698.6,175.0,34.0,13.2,21.0,0.0,993.0,100,27.5667,72.0667,72.50234735821306
2024-11-09 14:00:00+05:30,590.0,665.4,165.0,34.5,13.4,19.0,0.0,992.1,100,27.5667,72.0667,67.17427567933916
2024-11-09 15:00:00+05:30,456.0,590.7,146.0,34.5,12.8,20.0,0.0,991.7,100,27.5667,72.0667,54.184955728215805
2024-11-09 16:00:00+05:30,279.0,451.1,114.0,34.1,12.0,22.0,0.0,991.8,100,27.5667,72.0667,33.32993878637761
2024-11-09 17:00:00+05:30,100.0,225.9,61.0,32.7,9.5,24.0,0.0,991.9,100,27.5667,72.0667,11.802730946070543
2024-11-09 18:00:00+05:30,4.0,0.0,4.0,29.7,9.3,21.0,0.0,992.3,100,27.5667,72.0667,0.0
2024-11-09 19:00:00+05:30,0.0,0.0,0.0,28.2,9.3,24.0,0.0,992.7,100,27.5667,72.0667,0.0
2024-11-09 20:00:00+05:30,0.0,0.0,0.0,26.9,8.8,27.0,0.0,992.9,100,27.5667,72.0667,0.0
2024-11-09 21:00:00+05:30,0.0,0.0,0.0,27.2,6.5,27.0,0.0,993.1,100,27.5667,72.0667,0.0
2024-11-09 22:00:00+05:30,0.0,0.0,0.0,28.9,0.6,22.0,0.0,993.3,100,27.5667,72.0667,0.0
2024-11-09 23:00:00+05:30,0.0,0.0,0.0,25.3,7.4,30.0,0.0,993.0,100,27.5667,72.0667,0.0
2024-11-10 00:00:00+05:30,0.0,0.0,0.0,23.1,8.9,35.0,0.0,992.6,100,27.5667,72.0667,0.0
2024-11-10 01:00:00+05:30,0.0,0.0,0.0,23.2,5.5,36.0,0.0,992.3,100,27.5667,72.0667,0.0
2024-11-10 02:00:00+05:30,0.0,0.0,0.0,22.0,5.8,40.0,0.0,992.2,100,27.5667,72.0667,0.0
2024-11-10 03:00:00+05:30,0.0,0.0,0.0,20.1,7.9,48.0,0.0,991.9,100,27.5667,72.0667,0.0
2024-11-10 04:00:00+05:30,0.0,0.0,0.0,19.9,10.5,47.0,0.0,991.9,100,27.5667,72.0667,0.0
2024-11-10 05:00:00+05:30,0.0,0.0,0.0,19.1,9.1,50.0,0.0,992.1,100,27.5667,72.0667,0.0
2024-11-10 06:00:00+05:30,0.0,0.0,0.0,18.2,10.4,55.0,0.0,993.1,100,27.5667,72.0667,0.0
2024-11-10 07:00:00+05:30,9.0,14.2,8.0,18.4,9.3,54.0,0.0,994.0,100,27.5667,72.0667,0.3687780115060146
2024-11-10 08:00:00+05:30,123.0,259.9,71.0,21.1,7.2,45.0,0.0,994.9,100,27.5667,72.0667,15.628306622651621
2024-11-10 09:00:00+05:30,304.0,473.4,120.0,25.0,7.7,35.0,0.0,995.9,100,27.5667,72.0667,36.04311358937298
2024-11-10 10:00:00+05:30,474.0,598.4,150.0,28.1,8.1,30.0,0.0,996.3,100,27.5667,72.0667,55.19619449118159
2024-11-10 11:00:00+05:30,600.0,668.3,167.0,30.3,8.1,27.0,0.0,995.6,100,27.5667,72.0667,67.49092237598504
2024-11-10 12:00:00+05:30,665.0,699.1,175.0,32.2,9.6,25.0,0.0,994.4,100,27.5667,72.0667,72.68754561791333
2024-11-10 13:00:00+05:30,662.0,699.0,175.0,33.8,12.8,18.0,0.0,993.2,100,27.5667,72.0667,73.85099231697554
2024-11-10 14:00:00+05:30,589.0,667.1,165.0,34.4,12.9,16.0,0.0,992.4,100,27.5667,72.0667,68.20360708837963
2024-11-10 15:00:00+05:30,455.0,592.1,146.0,34.5,12.1,16.0,0.0,991.9,100,27.5667,72.0667,52.120808219421455
2024-11-10 16:00:00+05:30,279.0,454.3,114.0,34.3,10.5,15.0,0.0,991.9,100,27.5667,72.0667,33.043462096108684
2024-11-10 17:00:00+05:30,99.0,228.8,60.0,32.1,7.2,19.0,0.0,992.0,100,27.5667,72.0667,11.786352084511009
2024-11-10 18:00:00+05:30,4.0,0.0,4.0,32.0,1.6,20.0,0.0,992.7,100,27.5667,72.0667,0.0
2024-11-10 19:00:00+05:30,0.0,0.0,0.0,28.0,7.5,28.0,0.0,992.9,100,27.5667,72.0667,0.0
2024-11-10 20:00:00+05:30,0.0,0.0,0.0,26.5,8.0,31.0,0.0,993.4,100,27.5667,72.0667,0.0
2024-11-10 21:00:00+05:30,0.0,0.0,0.0,25.7,10.6,30.0,0.0,993.9,100,27.5667,72.0667,0.0
2024-11-10 22:00:00+05:30,0.0,0.0,0.0,24.6,11.0,31.0,0.0,993.7,100,27.5667,72.0667,0.0
2024-11-10 23:00:00+05:30,0.0,0.0,0.0,23.7,11.1,33.0,0.0,993.4,100,27.5667,72.0667,0.0
2024-11-11 00:00:00+05:30,0.0,0.0,0.0,23.2,12.1,34.0,0.0,993.1,100,27.5667,72.0667,0.0
2024-11-11 01:00:00+05:30,0.0,0.0,0.0,22.8,14.1,34.0,0.0,992.3,100,27.5667,72.0667,0.0
2024-11-11 02:00:00+05:30,0.0,0.0,0.0,22.4,14.4,35.0,0.0,991.9,100,27.5667,72.0667,0.0
2024-11-11 03:00:00+05:30,0.0,0.0,0.0,21.7,11.4,37.0,0.0,991.7,100,27.5667,72.0667,0.0
2024-11-11 04:00:00+05:30,0.0,0.0,0.0,20.5,8.6,42.0,0.0,991.9,100,27.5667,72.0667,0.0
2024-11-11 05:00:00+05:30,0.0,0.0,0.0,20.0,8.5,45.0,0.0,992.1,100,27.5667,72.0667,0.0
2024-11-11 06:00:00+05:30,0.0,0.0,0.0,19.0,6.8,52.0,0.0,993.0,100,27.5667,72.0667,0.0
2024-11-11 07:00:00+05:30,9.0,14.5,8.0,18.4,7.6,55.0,0.0,993.8,100,27.5667,72.0667,0.3523406712792421
2024-11-11 08:00:00+05:30,119.0,253.7,69.0,21.4,7.7,45.0,0.0,994.6,100,27.5667,72.0667,14.908501477318296
2024-11-11 09:00:00+05:30,300.0,467.0,120.0,24.6,6.5,38.0,0.0,995.2,100,27.5667,72.0667,37.63159408550296
2024-11-11 10:00:00+05:30,469.0,594.7,149.0,27.8,8.9,32.0,0.0,995.5,100,27.5667,72.0667,55.40923897345584
2024-11-11 11:00:00+05:30,594.0,664.1,166.0,30.6,12.2,27.0,0.0,994.8,100,27.5667,72.0667,67.85001043655565
2024-11-11 12:00:00+05:30,658.0,694.0,174.0,32.6,16.7,23.0,0.0,993.8,100,27.5667,72.0667,72.9052929626461
2024-11-11 13:00:00+05:30,653.0,693.7,172.0,33.6,17.5,19.0,0.0,992.6,100,27.5667,72.0667,73.02021428990285
2024-11-11 14:00:00+05:30,581.0,660.8,163.0,33.9,16.4,19.0,0.0,991.8,100,27.5667,72.0667,66.32886250332338
2024-11-11 15:00:00+05:30,448.0,583.7,145.0,33.9,15.6,18.0,0.0,991.5,100,27.5667,72.0667,54.1141726348588
2024-11-11 16:00:00+05:30,273.0,443.6,113.0,33.5,14.4,19.0,21.0,991.4,100,27.5667,72.0667,33.806800807043004
2024-11-11 17:00:00+05:30,96.0,219.9,59.0,32.0,11.1,21.0,44.0,991.5,100,27.5667,72.0667,11.090303619969617
2024-11-11 18:00:00+05:30,4.0,0.0,4.0,29.7,10.2,26.0,41.0,991.8,100,27.5667,72.0667,0.0
2024-11-11 19:00:00+05:30,0.0,0.0,0.0,28.5,11.6,28.0,23.0,992.2,100,27.5667,72.0667,0.0
2024-11-11 20:00:00+05:30,0.0,0.0,0.0,27.7,12.6,29.0,4.0,992.4,100,27.5667,72.0667,0.0
2024-11-11 21:00:00+05:30,0.0,0.0,0.0,27.1,13.6,31.0,1.0,992.9,100,27.5667,72.0667,0.0
2024-11-11 22:00:00+05:30,0.0,0.0,0.0,26.2,13.1,33.0,0.0,992.7,100,27.5667,72.0667,0.0
2024-11-11 23:00:00+05:30,0.0,0.0,0.0,25.2,13.0,35.0,1.0,992.7,100,27.5667,72.0667,0.0
2024-11-12 00:00:00+05:30,0.0,0.0,0.0,24.1,13.6,38.0,1.0,992.2,100,27.5667,72.0667,0.0
2024-11-12 01:00:00+05:30,0.0,0.0,0.0,23.5,13.3,41.0,8.0,991.8,100,27.5667,72.0667,0.0
2024-11-12 02:00:00+05:30,0.0,0.0,0.0,22.8,13.3,43.0,14.0,991.4,100,27.5667,72.0667,0.0
2024-11-12 03:00:00+05:30,0.0,0.0,0.0,22.4,12.5,44.0,72.0,991.4,100,27.5667,72.0667,0.0
2024-11-12 04:00:00+05:30,0.0,0.0,0.0,20.6,7.4,52.0,94.0,991.6,100,27.5667,72.0667,0.0
2024-11-12 05:00:00+05:30,0.0,0.0,0.0,20.4,5.8,53.0,98.0,991.8,100,27.5667,72.0667,0.0
2024-11-12 06:00:00+05:30,0.0,0.0,0.0,18.8,6.5,62.0,24.0,992.9,100,27.5667,72.0667,0.0
2024-11-12 07:00:00+05:30,8.0,14.8,7.0,20.6,2.1,54.0,10.0,993.8,100,27.5667,72.0667,0.23997776573182372
2024-11-12 08:00:00+05:30,115.0,237.0,69.0,21.5,6.0,52.0,37.0,994.6,100,27.5667,72.0667,14.3927025326258
2024-11-12 09:00:00+05:30,291.0,450.0,119.0,24.8,7.5,42.0,0.0,995.4,100,27.5667,72.0667,36.62958304964647
2024-11-12 10:00:00+05:30,458.0,577.9,149.0,27.9,9.2,35.0,0.0,995.7,100,27.5667,72.0667,54.50040098842216
2024-11-12 11:00:00+05:30,582.0,647.4,167.0,30.1,10.0,31.0,0.0,995.1,100,27.5667,72.0667,66.61332920650257
2024-11-12 12:00:00+05:30,647.0,680.0,175.0,31.7,12.4,27.0,0.0,994.0,100,27.5667,72.0667,72.90876383632872
2024-11-12 13:00:00+05:30,643.0,681.0,173.0,32.6,13.0,24.0,0.0,992.9,100,27.5667,72.0667,73.34088615109395
2024-11-12 14:00:00+05:30,571.0,646.5,164.0,32.9,11.5,22.0,0.0,992.0,100,27.5667,72.0667,65.232098349483
2024-11-12 15:00:00+05:30,440.0,573.3,144.0,32.8,9.5,22.0,0.0,991.5,100,27.5667,72.0667,52.08778422108628
2024-11-12 16:00:00+05:30,268.0,432.6,113.0,32.5,7.8,23.0,0.0,991.4,100,27.5667,72.0667,32.450265480534355
2024-11-12 17:00:00+05:30,94.0,216.6,58.0,31.1,5.3,27.0,0.0,991.6,100,27.5667,72.0667,11.69450217693652
2024-11-12 18:00:00+05:30,3.0,0.0,3.0,28.1,1.2,31.0,0.0,991.9,100,27.5667,72.0667,0.0
2024-11-12 19:00:00+05:30,0.0,0.0,0.0,26.8,1.4,34.0,0.0,992.5,100,27.5667,72.0667,0.0
2024-11-12 20:00:00+05:30,0.0,0.0,0.0,25.4,2.9,39.0,0.0,992.8,100,27.5667,72.0667,0.0
2024-11-12 21:00:00+05:30,0.0,0.0,0.0,24.2,1.9,42.0,0.0,993.3,100,27.5667,72.0667,0.0
2024-11-12 22:00:00+05:30,0.0,0.0,0.0,23.0,3.7,44.0,0.0,993.1,100,27.5667,72.0667,0.0
2024-11-12 23:00:00+05:30,0.0,0.0,0.0,23.2,0.9,46.0,0.0,992.7,100,27.5667,72.0667,0.0
2024-11-13 00:00:00+05:30,0.0,0.0,0.0,22.7,3.5,44.0,0.0,992.3,100,27.5667,72.0667,0.0
2024-11-13 01:00:00+05:30,0.0,0.0,0.0,21.5,5.8,47.0,0.0,991.7,100,27.5667,72.0667,0.0
2024-11-13 02:00:00+05:30,0.0,0.0,0.0,21.0,7.1,48.0,0.0,991.2,100,27.5667,72.0667,0.0
2024-11-13 03:00:00+05:30,0.0,0.0,0.0,20.4,6.4,51.0,0.0,990.9,100,27.5667,72.0667,0.0
2024-11-13 04:00:00+05:30,0.0,0.0,0.0,19.5,4.5,55.0,0.0,990.9,100,27.5667,72.0667,0.0
2024-11-13 05:00:00+05:30,0.0,0.0,0.0,18.6,3.4,57.0,0.0,991.2,100,27.5667,72.0667,0.0
2024-11-13 06:00:00+05:30,0.0,0.0,0.0,17.6,4.7,66.0,0.0,992.2,100,27.5667,72.0667,0.0
2024-11-13 07:00:00+05:30,7.0,15.2,6.0,17.5,7.2,66.0,0.0,993.0,100,27.5667,72.0667,0.14557461324862353
2024-11-13 08:00:00+05:30,113.0,240.8,67.0,20.3,9.0,55.0,0.0,993.7,100,27.5667,72.0667,14.276205106355487
2024-11-13 09:00:00+05:30,291.0,456.5,118.0,24.2,7.2,43.0,0.0,994.3,100,27.5667,72.0667,36.57026600099663
2024-11-13 10:00:00+05:30,461.0,589.1,148.0,27.7,6.8,34.0,0.0,994.2,100,27.5667,72.0667,54.84797014503139
2024-11-13 11:00:00+05:30,586.0,658.7,166.0,30.0,6.4,29.0,0.0,993.6,100,27.5667,72.0667,65.18278239512254
2024-11-13 12:00:00+05:30,648.0,687.7,173.0,31.1,1.3,25.0,0.0,992.5,100,27.5667,72.0667,68.98757853316434
2024-11-13 13:00:00+05:30,644.0,685.7,173.0,31.6,3.5,23.0,0.0,991.3,100,27.5667,72.0667,71.66623017667101
2024-11-13 14:00:00+05:30,571.0,652.8,162.0,31.8,3.9,23.0,0.0,990.4,100,27.5667,72.0667,63.322681276105065
2024-11-13 15:00:00+05:30,439.0,576.3,143.0,31.6,3.2,23.0,0.0,989.9,100,27.5667,72.0667,50.74750396861789
2024-11-13 16:00:00+05:30,267.0,435.4,112.0,31.2,3.5,24.0,1.0,989.8,100,27.5667,72.0667,31.66566918238668
2024-11-13 17:00:00+05:30,92.0,213.1,57.0,28.8,6.1,29.0,2.0,989.9,100,27.5667,72.0667,11.36917811909498
2024-11-13 18:00:00+05:30,3.0,0.0,3.0,26.8,7.6,31.0,8.0,990.6,100,27.5667,72.0667,0.0
2024-11-13 19:00:00+05:30,0.0,0.0,0.0,25.6,3.0,35.0,10.0,991.1,100,27.5667,72.0667,0.0
2024-11-13 20:00:00+05:30,0.0,0.0,0.0,24.4,2.6,38.0,0.0,991.5,100,27.5667,72.0667,0.0
2024-11-13 21:00:00+05:30,0.0,0.0,0.0,23.1,5.1,39.0,0.0,991.7,100,27.5667,72.0667,0.0
2024-11-13 22:00:00+05:30,0.0,0.0,0.0,22.7,5.2,40.0,0.0,991.8,100,27.5667,72.0667,0.0
2024-11-13 23:00:00+05:30,0.0,0.0,0.0,21.6,4.9,43.0,0.0,991.5,100,27.5667,72.0667,0.0
2024-11-14 00:00:00+05:30,0.0,0.0,0.0,20.5,6.5,45.0,0.0,991.3,100,27.5667,72.0667,0.0
2024-11-14 01:00:00+05:30,0.0,0.0,0.0,20.2,8.8,44.0,0.0,991.0,100,27.5667,72.0667,0.0
2024-11-14 02:00:00+05:30,0.0,0.0,0.0,19.9,9.9,44.0,0.0,990.8,100,27.5667,72.0667,0.0
2024-11-14 03:00:00+05:30,0.0,0.0,0.0,19.1,6.5,46.0,0.0,990.8,100,27.5667,72.0667,0.0
2024-11-14 04:00:00+05:30,0.0,0.0,0.0,18.8,8.3,46.0,0.0,991.0,100,27.5667,72.0667,0.0
2024-11-14 05:00:00+05:30,0.0,0.0,0.0,18.2,10.1,47.0,0.0,991.4,100,27.5667,72.0667,0.0
2024-11-14 06:00:00+05:30,0.0,0.0,0.0,18.1,8.4,52.0,0.0,992.6,100,27.5667,72.0667,0.0
2024-11-14 07:00:00+05:30,7.0,15.5,6.0,18.2,10.1,50.0,0.0,993.3,100,27.5667,72.0667,0.1481686453049042
2024-11-14 08:00:00+05:30,110.0,239.4,65.0,20.3,10.2,44.0,0.0,994.1,100,27.5667,72.0667,13.980508999795644
2024-11-14 09:00:00+05:30,285.0,447.1,117.0,23.5,8.1,38.0,0.0,994.9,100,27.5667,72.0667,36.12469406379794
2024-11-14 10:00:00+05:30,451.0,575.8,147.0,27.4,6.4,32.0,0.0,995.5,100,27.5667,72.0667,52.27986955581364
2024-11-14 11:00:00+05:30,575.0,646.4,165.0,30.4,8.5,25.0,0.0,994.9,100,27.5667,72.0667,65.76143211136149
2024-11-14 12:00:00+05:30,639.0,677.9,173.0,31.5,4.3,23.0,0.0,994.2,100,27.5667,72.0667,70.98938430279222
2024-11-14 13:00:00+05:30,636.0,677.1,173.0,31.8,2.2,22.0,0.0,993.0,100,27.5667,72.0667,67.41897110637464
2024-11-14 14:00:00+05:30,564.0,644.6,162.0,32.0,1.3,21.0,0.0,992.0,100,27.5667,72.0667,60.88107461109301
2024-11-14 15:00:00+05:30,434.0,569.5,143.0,31.8,1.0,22.0,1.0,991.7,100,27.5667,72.0667,49.18259081937998
2024-11-14 16:00:00+05:30,261.0,418.5,113.0,31.4,2.2,22.0,1.0,991.5,100,27.5667,72.0667,31.10219277522649
2024-11-14 17:00:00+05:30,90.0,203.3,57.0,29.3,3.8,28.0,0.0,991.6,100,27.5667,72.0667,11.286738548819146
2024-11-14 18:00:00+05:30,3.0,0.0,3.0,27.3,4.5,30.0,3.0,992.3,100,27.5667,72.0667,0.0
2024-11-14 19:00:00+05:30,0.0,0.0,0.0,26.2,7.8,32.0,0.0,992.8,100,27.5667,72.0667,0.0
2024-11-14 20:00:00+05:30,0.0,0.0,0.0,24.7,5.3,35.0,0.0,993.3,100,27.5667,72.0667,0.0
2024-11-14 21:00:00+05:30,0.0,0.0,0.0,24.3,0.9,37.0,0.0,993.7,100,27.5667,72.0667,0.0
2024-11-14 22:00:00+05:30,0.0,0.0,0.0,23.0,3.0,40.0,0.0,993.8,100,27.5667,72.0667,0.0
2024-11-14 23:00:00+05:30,0.0,0.0,0.0,22.6,2.0,42.0,0.0,993.6,100,27.5667,72.0667,0.0
2024-11-15 00:00:00+05:30,0.0,0.0,0.0,22.6,0.3,41.0,0.0,993.0,100,27.5667,72.0667,0.0
2024-11-15 01:00:00+05:30,0.0,0.0,0.0,21.7,4.2,42.0,0.0,992.5,100,27.5667,72.0667,0.0
2024-11-15 02:00:00+05:30,0.0,0.0,0.0,20.3,6.2,46.0,0.0,992.1,100,27.5667,72.0667,0.0
2024-11-15 03:00:00+05:30,0.0,0.0,0.0,19.4,9.2,48.0,0.0,992.2,100,27.5667,72.0667,0.0
2024-11-15 04:00:00+05:30,0.0,0.0,0.0,18.7,7.3,49.0,0.0,992.4,100,27.5667,72.0667,0.0
2024-11-15 05:00:00+05:30,0.0,0.0,0.0,18.4,6.5,51.0,0.0,992.4,100,27.5667,72.0667,0.0
2024-11-15 06:00:00+05:30,0.0,0.0,0.0,17.4,3.6,60.0,0.0,993.3,100,27.5667,72.0667,0.0
2024-11-15 07:00:00+05:30,6.0,15.9,5.0,17.9,8.0,57.0,0.0,993.8,100,27.5667,72.0667,0.047264173490183525
2024-11-15 08:00:00+05:30,107.0,232.5,64.0,20.3,8.3,49.0,0.0,994.6,100,27.5667,72.0667,13.845740515551158
2024-11-15 09:00:00+05:30,280.0,440.3,116.0,23.5,6.4,42.0,0.0,995.2,100,27.5667,72.0667,34.547855019788685
2024-11-15 10:00:00+05:30,446.0,571.9,146.0,27.1,5.0,34.0,0.0,995.6,100,27.5667,72.0667,54.812062396576735
2024-11-15 11:00:00+05:30,570.0,642.0,165.0,29.9,5.2,27.0,0.0,995.1,100,27.5667,72.0667,63.93210317872903
2024-11-15 12:00:00+05:30,633.0,673.9,172.0,31.2,1.6,23.0,3.0,994.0,100,27.5667,72.0667,68.687828192492
2024-11-15 13:00:00+05:30,618.0,640.6,182.0,31.7,3.1,22.0,1.0,992.8,100,27.5667,72.0667,66.48443553888914
2024-11-15 14:00:00+05:30,558.0,636.3,163.0,32.0,3.8,21.0,48.0,991.9,100,27.5667,72.0667,61.554458598076074
2024-11-15 15:00:00+05:30,390.0,434.6,169.0,31.9,4.8,20.0,18.0,991.3,100,27.5667,72.0667,43.94408228440465
2024-11-15 16:00:00+05:30,255.0,398.3,115.0,31.4,7.1,21.0,12.0,990.9,100,27.5667,72.0667,31.915995108982155
2024-11-15 17:00:00+05:30,88.0,199.4,56.0,28.8,6.4,28.0,10.0,991.0,100,27.5667,72.0667,10.721221243013582
2024-11-15 18:00:00+05:30,3.0,0.0,3.0,26.4,4.7,33.0,1.0,991.9,100,27.5667,72.0667,0.0
2024-11-15 19:00:00+05:30,0.0,0.0,0.0,25.2,5.3,35.0,1.0,992.2,100,27.5667,72.0667,0.0
2024-11-15 20:00:00+05:30,0.0,0.0,0.0,24.0,6.0,37.0,1.0,992.5,100,27.5667,72.0667,0.0
2024-11-15 21:00:00+05:30,0.0,0.0,0.0,23.2,4.7,39.0,0.0,992.5,100,27.5667,72.0667,0.0
2024-11-15 22:00:00+05:30,0.0,0.0,0.0,22.4,3.1,41.0,0.0,992.8,100,27.5667,72.0667,0.0
2024-11-15 23:00:00+05:30,0.0,0.0,0.0,21.6,1.0,44.0,0.0,992.6,100,27.5667,72.0667,0.0
2024-11-16 00:00:00+05:30,0.0,0.0,0.0,20.7,1.7,45.0,0.0,992.2,100,27.5667,72.0667,0.0
2024-11-16 01:00:00+05:30,0.0,0.0,0.0,19.6,2.8,48.0,0.0,992.1,100,27.5667,72.0667,0.0
2024-11-16 02:00:00+05:30,0.0,0.0,0.0,19.0,2.1,51.0,0.0,991.8,100,27.5667,72.0667,0.0
2024-11-16 03:00:00+05:30,0.0,0.0,0.0,19.5,0.8,53.0,0.0,991.7,100,27.5667,72.0667,0.0
2024-11-16 04:00:00+05:30,0.0,0.0,0.0,19.1,0.2,50.0,0.0,991.7,100,27.5667,72.0667,0.0
2024-11-16 05:00:00+05:30,0.0,0.0,0.0,18.1,3.6,53.0,0.0,991.7,100,27.5667,72.0667,0.0
2024-11-16 06:00:00+05:30,0.0,0.0,0.0,16.7,4.2,62.0,0.0,992.3,100,27.5667,72.0667,0.0
2024-11-16 07:00:00+05:30,6.0,16.3,5.0,16.7,5.1,62.0,0.0,992.7,100,27.5667,72.0667,0.05127331896858899
2024-11-16 08:00:00+05:30,105.0,225.4,64.0,19.5,6.8,52.0,0.0,993.2,100,27.5667,72.0667,13.570413593509064
2024-11-16 09:00:00+05:30,277.0,438.7,115.0,23.6,5.0,40.0,0.0,994.1,100,27.5667,72.0667,35.07650563090941
2024-11-16 10:00:00+05:30,443.0,569.8,146.0,26.9,5.2,33.0,0.0,994.4,100,27.5667,72.0667,50.85388631992167
2024-11-16 11:00:00+05:30,567.0,642.2,164.0,28.8,6.9,29.0,0.0,993.9,100,27.5667,72.0667,64.73417562813437
2024-11-16 12:00:00+05:30,631.0,674.2,172.0,30.1,7.7,26.0,0.0,992.9,100,27.5667,72.0667,72.84813241465037
2024-11-16 13:00:00+05:30,627.0,673.0,171.0,30.7,8.0,26.0,0.0,992.0,100,27.5667,72.0667,70.50605750329926
2024-11-16 14:00:00+05:30,556.0,639.2,161.0,31.0,8.0,25.0,0.0,991.3,100,27.5667,72.0667,62.47925337866461
2024-11-16 15:00:00+05:30,427.0,563.2,142.0,30.9,9.1,25.0,0.0,990.8,100,27.5667,72.0667,50.94636611587154
2024-11-16 16:00:00+05:30,258.0,426.5,109.0,30.4,10.9,25.0,25.0,990.5,100,27.5667,72.0667,31.940965746054612
2024-11-16 17:00:00+05:30,83.0,176.4,55.0,28.5,6.4,30.0,5.0,990.7,100,27.5667,72.0667,9.836431008405627
2024-11-16 18:00:00+05:30,3.0,0.0,3.0,26.2,9.5,35.0,0.0,991.5,100,27.5667,72.0667,0.0
2024-11-16 19:00:00+05:30,0.0,0.0,0.0,24.9,8.6,37.0,0.0,992.0,100,27.5667,72.0667,0.0
2024-11-16 20:00:00+05:30,0.0,0.0,0.0,24.1,10.5,37.0,0.0,992.6,100,27.5667,72.0667,0.0
2024-11-16 21:00:00+05:30,0.0,0.0,0.0,23.0,8.8,36.0,0.0,993.0,100,27.5667,72.0667,0.0
2024-11-16 22:00:00+05:30,0.0,0.0,0.0,22.1,9.0,37.0,0.0,993.1,100,27.5667,72.0667,0.0
2024-11-16 23:00:00+05:30,0.0,0.0,0.0,21.2,8.4,41.0,0.0,993.1,100,27.5667,72.0667,0.0
2024-11-17 00:00:00+05:30,0.0,0.0,0.0,20.2,5.8,44.0,0.0,992.8,100,27.5667,72.0667,0.0
2024-11-17 01:00:00+05:30,0.0,0.0,0.0,19.5,5.5,47.0,0.0,992.6,100,27.5667,72.0667,0.0
2024-11-17 02:00:00+05:30,0.0,0.0,0.0,18.9,7.6,49.0,0.0,992.3,100,27.5667,72.0667,0.0
2024-11-17 03:00:00+05:30,0.0,0.0,0.0,18.3,7.7,54.0,0.0,992.4,100,27.5667,72.0667,0.0
2024-11-17 04:00:00+05:30,0.0,0.0,0.0,17.5,7.9,58.0,0.0,992.4,100,27.5667,72.0667,0.0
2024-11-17 05:00:00+05:30,0.0,0.0,0.0,16.8,7.3,61.0,0.0,992.7,100,27.5667,72.0667,0.0
2024-11-17 06:00:00+05:30,0.0,0.0,0.0,15.8,7.8,76.0,0.0,993.3,100,27.5667,72.0667,0.0
2024-11-17 07:00:00+05:30,6.0,16.7,5.0,15.6,7.7,77.0,0.0,993.9,100,27.5667,72.0667,0.055321221906783805
2024-11-17 08:00:00+05:30,107.0,240.4,64.0,17.8,7.1,68.0,0.0,994.8,100,27.5667,72.0667,14.11023012589938
2024-11-17 09:00:00+05:30,283.0,456.3,116.0,20.8,3.0,58.0,0.0,995.8,100,27.5667,72.0667,36.003712969961335
2024-11-17 10:00:00+05:30,452.0,588.9,147.0,23.8,3.6,49.0,0.0,996.1,100,27.5667,72.0667,54.308680932823165
2024-11-17 11:00:00+05:30,578.0,663.2,164.0,26.4,4.4,39.0,0.0,995.8,100,27.5667,72.0667,65.36863931852564
2024-11-17 12:00:00+05:30,644.0,696.5,172.0,28.1,4.1,29.0,0.0,994.8,100,27.5667,72.0667,70.15203093355618
2024-11-17 13:00:00+05:30,641.0,698.2,170.0,29.0,4.6,24.0,0.0,993.7,100,27.5667,72.0667,72.14094765525726
2024-11-17 14:00:00+05:30,570.0,664.8,161.0,29.3,4.6,21.0,0.0,992.9,100,27.5667,72.0667,65.34823522594436
2024-11-17 15:00:00+05:30,438.0,589.7,141.0,29.2,4.0,21.0,0.0,992.5,100,27.5667,72.0667,51.211876170016225
2024-11-17 16:00:00+05:30,265.0,446.2,110.0,28.7,4.2,21.0,0.0,992.4,100,27.5667,72.0667,32.45466284205107
2024-11-17 17:00:00+05:30,90.0,222.8,55.0,26.4,3.1,28.0,0.0,992.6,100,27.5667,72.0667,11.862283588388568
2024-11-17 18:00:00+05:30,3.0,0.0,3.0,24.0,4.0,32.0,0.0,992.9,100,27.5667,72.0667,0.0
2024-11-17 19:00:00+05:30,0.0,0.0,0.0,22.5,4.5,34.0,0.0,993.5,100,27.5667,72.0667,0.0
2024-11-17 20:00:00+05:30,0.0,0.0,0.0,21.3,4.6,36.0,0.0,993.8,100,27.5667,72.0667,0.0
2024-11-17 21:00:00+05:30,0.0,0.0,0.0,20.2,4.5,39.0,0.0,994.1,100,27.5667,72.0667,0.0
2024-11-17 22:00:00+05:30,0.0,0.0,0.0,19.2,4.9,42.0,0.0,994.1,100,27.5667,72.0667,0.0
2024-11-17 23:00:00+05:30,0.0,0.0,0.0,18.4,4.3,45.0,0.0,994.2,100,27.5667,72.0667,0.0
2024-11-18 00:00:00+05:30,0.0,0.0,0.0,17.9,3.8,46.0,0.0,993.8,100,27.5667,72.0667,0.0
2024-11-18 01:00:00+05:30,0.0,0.0,0.0,17.2,4.6,48.0,0.0,993.4,100,27.5667,72.0667,0.0
2024-11-18 02:00:00+05:30,0.0,0.0,0.0,16.2,5.3,51.0,0.0,993.4,100,27.5667,72.0667,0.0
2024-11-18 03:00:00+05:30,0.0,0.0,0.0,15.5,6.7,53.0,0.0,993.6,100,27.5667,72.0667,0.0
2024-11-18 04:00:00+05:30,0.0,0.0,0.0,15.0,7.4,54.0,0.0,993.6,100,27.5667,72.0667,0.0
2024-11-18 05:00:00+05:30,0.0,0.0,0.0,14.8,8.3,54.0,0.0,993.8,100,27.5667,72.0667,0.0
2024-11-18 06:00:00+05:30,0.0,0.0,0.0,14.4,8.7,63.0,0.0,994.2,100,27.5667,72.0667,0.0
2024-11-18 07:00:00+05:30,5.0,0.0,5.0,14.2,8.7,64.0,0.0,994.9,100,27.5667,72.0667,0.0
2024-11-18 08:00:00+05:30,104.0,238.9,62.0,16.3,9.1,57.0,0.0,995.8,100,27.5667,72.0667,14.435018461456439
2024-11-18 09:00:00+05:30,279.0,454.8,114.0,19.8,6.8,47.0,0.0,996.6,100,27.5667,72.0667,36.217320554118565
2024-11-18 10:00:00+05:30,447.0,586.8,145.0,23.7,4.6,37.0,0.0,997.0,100,27.5667,72.0667,53.27788953637189
2024-11-18 11:00:00+05:30,573.0,660.3,163.0,26.7,5.2,29.0,0.0,996.7,100,27.5667,72.0667,66.19060153665437
2024-11-18 12:00:00+05:30,638.0,692.4,171.0,27.9,4.4,26.0,0.0,995.7,100,27.5667,72.0667,72.04872942880598
2024-11-18 13:00:00+05:30,635.0,690.8,171.0,28.5,3.4,24.0,0.0,994.7,100,27.5667,72.0667,72.81821696853254
2024-11-18 14:00:00+05:30,564.0,657.9,161.0,28.8,2.7,22.0,0.0,994.1,100,27.5667,72.0667,65.78119565547641
2024-11-18 15:00:00+05:30,434.0,582.5,142.0,28.7,2.3,21.0,0.0,993.6,100,27.5667,72.0667,52.07015468837994
2024-11-18 16:00:00+05:30,262.0,440.0,110.0,28.3,2.5,22.0,0.0,993.6,100,27.5667,72.0667,32.866761540887225
2024-11-18 17:00:00+05:30,89.0,218.6,55.0,25.9,2.9,29.0,0.0,993.8,100,27.5667,72.0667,11.600121869724632
2024-11-18 18:00:00+05:30,2.0,0.0,2.0,24.1,6.0,31.0,0.0,993.9,100,27.5667,72.0667,0.0
2024-11-18 19:00:00+05:30,0.0,0.0,0.0,23.1,3.2,33.0,0.0,994.4,100,27.5667,72.0667,0.0
2024-11-18 20:00:00+05:30,0.0,0.0,0.0,22.4,0.8,34.0,0.0,994.9,100,27.5667,72.0667,0.0
2024-11-18 21:00:00+05:30,0.0,0.0,0.0,20.9,2.3,38.0,0.0,995.3,100,27.5667,72.0667,0.0
2024-11-18 22:00:00+05:30,0.0,0.0,0.0,19.9,2.6,41.0,0.0,995.3,100,27.5667,72.0667,0.0
2024-11-18 23:00:00+05:30,0.0,0.0,0.0,19.3,2.7,43.0,0.0,995.4,100,27.5667,72.0667,0.0
2024-11-19 00:00:00+05:30,0.0,0.0,0.0,18.2,4.0,45.0,0.0,994.9,100,27.5667,72.0667,0.0
2024-11-19 01:00:00+05:30,0.0,0.0,0.0,17.1,5.7,48.0,0.0,994.7,100,27.5667,72.0667,0.0
2024-11-19 02:00:00+05:30,0.0,0.0,0.0,16.2,7.0,50.0,0.0,994.3,100,27.5667,72.0667,0.0
2024-11-19 03:00:00+05:30,0.0,0.0,0.0,15.7,8.1,51.0,0.0,994.3,100,27.5667,72.0667,0.0
2024-11-19 04:00:00+05:30,0.0,0.0,0.0,15.3,8.3,51.0,0.0,994.1,100,27.5667,72.0667,0.0
2024-11-19 05:00:00+05:30,0.0,0.0,0.0,14.8,8.4,52.0,0.0,994.5,100,27.5667,72.0667,0.0
2024-11-19 06:00:00+05:30,0.0,0.0,0.0,13.7,8.8,56.0,0.0,995.1,100,27.5667,72.0667,0.0
2024-11-19 07:00:00+05:30,5.0,0.0,5.0,13.7,9.2,57.0,0.0,996.0,100,27.5667,72.0667,0.0
2024-11-19 08:00:00+05:30,102.0,231.5,62.0,15.9,10.0,51.0,0.0,996.9,100,27.5667,72.0667,13.503074893147636
2024-11-19 09:00:00+05:30,277.0,453.2,114.0,19.4,8.2,43.0,0.0,997.8,100,27.5667,72.0667,36.28147840985909
2024-11-19 10:00:00+05:30,445.0,586.6,145.0,23.4,5.6,34.0,0.0,998.1,100,27.5667,72.0667,54.68752226561356
2024-11-19 11:00:00+05:30,570.0,658.9,163.0,26.8,6.7,26.0,0.0,997.9,100,27.5667,72.0667,66.0345683907274
2024-11-19 12:00:00+05:30,635.0,691.1,171.0,28.2,3.7,22.0,0.0,996.8,100,27.5667,72.0667,71.72878220386681
2024-11-19 13:00:00+05:30,632.0,690.8,170.0,28.7,1.5,21.0,0.0,995.8,100,27.5667,72.0667,69.99787862981712
2024-11-19 14:00:00+05:30,561.0,655.8,161.0,29.0,2.1,20.0,0.0,995.0,100,27.5667,72.0667,63.65289263456797
2024-11-19 15:00:00+05:30,431.0,581.1,141.0,28.9,3.0,20.0,0.0,994.5,100,27.5667,72.0667,50.09090232332036
2024-11-19 16:00:00+05:30,259.0,436.6,109.0,28.4,4.1,21.0,0.0,994.2,100,27.5667,72.0667,32.31640174350506
2024-11-19 17:00:00+05:30,87.0,214.2,54.0,25.9,4.6,28.0,0.0,994.4,100,27.5667,72.0667,11.466290544670933
2024-11-19 18:00:00+05:30,2.0,0.0,2.0,24.1,5.4,30.0,0.0,994.6,100,27.5667,72.0667,0.0
2024-11-19 19:00:00+05:30,0.0,0.0,0.0,22.9,5.7,31.0,0.0,995.1,100,27.5667,72.0667,0.0
2024-11-19 20:00:00+05:30,0.0,0.0,0.0,21.8,5.1,33.0,0.0,995.4,100,27.5667,72.0667,0.0
2024-11-19 21:00:00+05:30,0.0,0.0,0.0,20.5,5.0,36.0,0.0,995.6,100,27.5667,72.0667,0.0
2024-11-19 22:00:00+05:30,0.0,0.0,0.0,19.8,2.9,38.0,0.0,995.5,100,27.5667,72.0667,0.0
2024-11-19 23:00:00+05:30,0.0,0.0,0.0,18.8,3.6,40.0,0.0,995.4,100,27.5667,72.0667,0.0
2024-11-20 00:00:00+05:30,0.0,0.0,0.0,17.7,4.9,41.0,0.0,994.8,100,27.5667,72.0667,0.0
2024-11-20 01:00:00+05:30,0.0,0.0,0.0,16.7,5.2,44.0,0.0,994.3,100,27.5667,72.0667,0.0
2024-11-20 02:00:00+05:30,0.0,0.0,0.0,16.1,7.8,46.0,0.0,993.9,100,27.5667,72.0667,0.0
2024-11-20 03:00:00+05:30,0.0,0.0,0.0,15.4,7.8,48.0,0.0,993.5,100,27.5667,72.0667,0.0
2024-11-20 04:00:00+05:30,0.0,0.0,0.0,14.9,7.9,49.0,0.0,993.5,100,27.5667,72.0667,0.0
2024-11-20 05:00:00+05:30,0.0,0.0,0.0,14.4,7.6,50.0,0.0,993.6,100,27.5667,72.0667,0.0
2024-11-20 06:00:00+05:30,0.0,0.0,0.0,13.6,8.2,54.0,0.0,994.5,100,27.5667,72.0667,0.0
2024-11-20 07:00:00+05:30,4.0,0.0,4.0,13.6,8.8,54.0,0.0,995.2,100,27.5667,72.0667,0.0
2024-11-20 08:00:00+05:30,100.0,229.7,61.0,15.9,9.3,47.0,0.0,996.0,100,27.5667,72.0667,13.64554115956867
2024-11-20 09:00:00+05:30,274.0,451.7,113.0,19.4,6.3,40.0,0.0,997.1,100,27.5667,72.0667,36.01126150851113
2024-11-20 10:00:00+05:30,442.0,586.4,144.0,23.2,4.2,32.0,0.0,997.2,100,27.5667,72.0667,55.79320816844057
2024-11-20 11:00:00+05:30,568.0,660.6,162.0,26.6,5.2,25.0,0.0,996.7,100,27.5667,72.0667,66.96471276264005
2024-11-20 12:00:00+05:30,634.0,694.2,170.0,28.1,4.1,22.0,0.0,995.4,100,27.5667,72.0667,72.09485101665169
2024-11-20 13:00:00+05:30,632.0,695.2,169.0,28.7,2.7,21.0,0.0,994.3,100,27.5667,72.0667,70.78148280626236
2024-11-20 14:00:00+05:30,562.0,663.4,159.0,29.0,3.6,20.0,0.0,993.6,100,27.5667,72.0667,65.28166460088273
2024-11-20 15:00:00+05:30,432.0,585.6,141.0,28.9,3.9,20.0,0.0,993.1,100,27.5667,72.0667,52.58651054515166
2024-11-20 16:00:00+05:30,260.0,441.8,109.0,28.3,4.0,21.0,0.0,993.1,100,27.5667,72.0667,32.13030789736478
2024-11-20 17:00:00+05:30,87.0,216.1,54.0,25.6,4.2,28.0,0.0,993.1,100,27.5667,72.0667,11.491950147564964
2024-11-20 18:00:00+05:30,2.0,0.0,2.0,24.2,3.3,30.0,0.0,993.6,100,27.5667,72.0667,0.0
2024-11-20 19:00:00+05:30,0.0,0.0,0.0,23.1,3.3,32.0,0.0,993.8,100,27.5667,72.0667,0.0
2024-11-20 20:00:00+05:30,0.0,0.0,0.0,21.6,4.3,36.0,0.0,994.0,100,27.5667,72.0667,0.0
2024-11-20 21:00:00+05:30,0.0,0.0,0.0,19.8,5.2,40.0,0.0,994.2,100,27.5667,72.0667,0.0
2024-11-20 22:00:00+05:30,0.0,0.0,0.0,18.8,6.2,40.0,0.0,994.3,100,27.5667,72.0667,0.0
2024-11-20 23:00:00+05:30,0.0,0.0,0.0,18.2,6.2,41.0,0.0,994.0,100,27.5667,72.0667,0.0
2024-11-21 00:00:00+05:30,0.0,0.0,0.0,17.5,7.3,43.0,0.0,993.7,100,27.5667,72.0667,0.0
2024-11-21 01:00:00+05:30,0.0,0.0,0.0,16.7,7.2,45.0,0.0,993.0,100,27.5667,72.0667,0.0
2024-11-21 02:00:00+05:30,0.0,0.0,0.0,16.0,7.2,46.0,0.0,992.8,100,27.5667,72.0667,0.0
2024-11-21 03:00:00+05:30,0.0,0.0,0.0,15.5,8.5,47.0,0.0,992.8,100,27.5667,72.0667,0.0
2024-11-21 04:00:00+05:30,0.0,0.0,0.0,15.3,9.0,47.0,0.0,992.9,100,27.5667,72.0667,0.0
2024-11-21 05:00:00+05:30,0.0,0.0,0.0,14.8,8.2,49.0,0.0,993.0,100,27.5667,72.0667,0.0
2024-11-21 06:00:00+05:30,0.0,0.0,0.0,13.7,7.1,56.0,0.0,993.6,100,27.5667,72.0667,0.0
2024-11-21 07:00:00+05:30,4.0,0.0,4.0,13.4,7.2,58.0,0.0,994.4,100,27.5667,72.0667,0.0
2024-11-21 08:00:00+05:30,98.0,233.8,59.0,15.6,8.3,51.0,0.0,995.5,100,27.5667,72.0667,13.742172074198644
2024-11-21 09:00:00+05:30,272.0,450.0,113.0,19.2,6.1,42.0,0.0,996.5,100,27.5667,72.0667,35.393766012973096
2024-11-21 10:00:00+05:30,440.0,588.1,143.0,23.0,5.0,33.0,0.0,996.5,100,27.5667,72.0667,52.011799350851526
2024-11-21 11:00:00+05:30,566.0,662.4,161.0,26.3,6.0,26.0,0.0,996.1,100,27.5667,72.0667,66.91270088778599
2024-11-21 12:00:00+05:30,631.0,695.8,168.0,28.0,5.9,22.0,0.0,994.9,100,27.5667,72.0667,73.43286411033203
2024-11-21 13:00:00+05:30,629.0,696.6,167.0,28.6,4.2,21.0,0.0,993.7,100,27.5667,72.0667,71.35144871739571
2024-11-21 14:00:00+05:30,560.0,662.7,159.0,28.9,3.3,21.0,0.0,993.0,100,27.5667,72.0667,65.17556317790971
2024-11-21 15:00:00+05:30,430.0,586.0,140.0,28.8,2.5,20.0,0.0,992.6,100,27.5667,72.0667,50.81762705490258
2024-11-21 16:00:00+05:30,259.0,443.9,108.0,28.3,1.5,23.0,0.0,992.4,100,27.5667,72.0667,32.145862884458516
2024-11-21 17:00:00+05:30,87.0,217.9,54.0,25.9,0.8,28.0,0.0,992.7,100,27.5667,72.0667,11.252918494167764
2024-11-21 18:00:00+05:30,2.0,0.0,2.0,24.1,3.0,31.0,0.0,993.3,100,27.5667,72.0667,0.0
2024-11-21 19:00:00+05:30,0.0,0.0,0.0,22.4,4.2,33.0,0.0,993.6,100,27.5667,72.0667,0.0
2024-11-21 20:00:00+05:30,0.0,0.0,0.0,21.1,7.8,34.0,0.0,993.7,100,27.5667,72.0667,0.0
2024-11-21 21:00:00+05:30,0.0,0.0,0.0,20.2,7.9,35.0,0.0,993.7,100,27.5667,72.0667,0.0
2024-11-21 22:00:00+05:30,0.0,0.0,0.0,19.4,7.6,36.0,0.0,993.7,100,27.5667,72.0667,0.0
2024-11-21 23:00:00+05:30,0.0,0.0,0.0,18.4,7.2,40.0,0.0,993.5,100,27.5667,72.0667,0.0
2024-11-22 00:00:00+05:30,0.0,0.0,0.0,17.5,6.1,43.0,0.0,993.0,100,27.5667,72.0667,0.0
2024-11-22 01:00:00+05:30,0.0,0.0,0.0,16.7,5.8,45.0,0.0,992.9,100,27.5667,72.0667,0.0
2024-11-22 02:00:00+05:30,0.0,0.0,0.0,16.4,7.3,44.0,0.0,992.5,100,27.5667,72.0667,0.0
2024-11-22 03:00:00+05:30,0.0,0.0,0.0,16.0,8.2,44.0,0.0,992.4,100,27.5667,72.0667,0.0
2024-11-22 04:00:00+05:30,0.0,0.0,0.0,15.1,6.0,47.0,0.0,992.3,100,27.5667,72.0667,0.0
2024-11-22 05:00:00+05:30,0.0,0.0,0.0,14.3,5.1,52.0,0.0,992.5,100,27.5667,72.0667,0.0
2024-11-22 06:00:00+05:30,0.0,0.0,0.0,13.0,5.5,58.0,0.0,993.2,100,27.5667,72.0667,0.0
2024-11-22 07:00:00+05:30,4.0,0.0,4.0,13.1,7.1,59.0,0.0,993.9,100,27.5667,72.0667,0.0
2024-11-22 08:00:00+05:30,96.0,232.0,58.0,15.3,9.7,52.0,0.0,994.9,100,27.5667,72.0667,13.51836579787552
2024-11-22 09:00:00+05:30,269.0,448.3,112.0,18.9,8.0,43.0,0.0,995.9,100,27.5667,72.0667,36.08621918335772
2024-11-22 10:00:00+05:30,436.0,587.8,141.0,22.9,6.3,34.0,0.0,996.4,100,27.5667,72.0667,54.99888887424443
2024-11-22 11:00:00+05:30,562.0,660.8,160.0,26.3,7.7,26.0,0.0,995.7,100,27.5667,72.0667,66.2330428430068
2024-11-22 12:00:00+05:30,628.0,695.8,167.0,28.0,8.6,22.0,0.0,994.4,100,27.5667,72.0667,72.5669100236727
2024-11-22 13:00:00+05:30,626.0,696.3,166.0,28.7,7.4,20.0,0.0,993.1,100,27.5667,72.0667,73.42497612425402
2024-11-22 14:00:00+05:30,557.0,663.6,157.0,28.9,6.4,19.0,0.0,992.3,100,27.5667,72.0667,65.31603438997885
2024-11-22 15:00:00+05:30,428.0,588.3,138.0,28.9,6.2,19.0,0.0,991.8,100,27.5667,72.0667,51.48773832776337
2024-11-22 16:00:00+05:30,257.0,443.0,107.0,28.3,6.6,20.0,0.0,991.5,100,27.5667,72.0667,32.86731463256788
2024-11-22 17:00:00+05:30,86.0,219.6,53.0,25.6,4.7,25.0,0.0,991.6,100,27.5667,72.0667,11.331011158123836
2024-11-22 18:00:00+05:30,2.0,0.0,2.0,24.3,4.9,27.0,0.0,992.1,100,27.5667,72.0667,0.0
2024-11-22 19:00:00+05:30,0.0,0.0,0.0,22.6,7.7,29.0,0.0,992.6,100,27.5667,72.0667,0.0
2024-11-22 20:00:00+05:30,0.0,0.0,0.0,21.3,8.8,32.0,0.0,992.8,100,27.5667,72.0667,0.0
2024-11-22 21:00:00+05:30,0.0,0.0,0.0,20.6,8.6,32.0,0.0,992.8,100,27.5667,72.0667,0.0
2024-11-22 22:00:00+05:30,0.0,0.0,0.0,19.7,7.6,32.0,0.0,993.0,100,27.5667,72.0667,0.0
2024-11-22 23:00:00+05:30,0.0,0.0,0.0,18.5,6.3,35.0,0.0,992.7,100,27.5667,72.0667,0.0
2024-11-23 00:00:00+05:30,0.0,0.0,0.0,17.3,7.3,38.0,0.0,992.3,100,27.5667,72.0667,0.0
2024-11-23 01:00:00+05:30,0.0,0.0,0.0,16.6,8.6,41.0,0.0,992.0,100,27.5667,72.0667,0.0
2024-11-23 02:00:00+05:30,0.0,0.0,0.0,16.3,8.6,43.0,0.0,991.8,100,27.5667,72.0667,0.0
2024-11-23 03:00:00+05:30,0.0,0.0,0.0,15.7,8.1,46.0,0.0,992.0,100,27.5667,72.0667,0.0
2024-11-23 04:00:00+05:30,0.0,0.0,0.0,15.3,6.8,49.0,0.0,992.1,100,27.5667,72.0667,0.0
2024-11-23 05:00:00+05:30,0.0,0.0,0.0,14.7,6.5,51.0,0.0,992.6,100,27.5667,72.0667,0.0
2024-11-23 06:00:00+05:30,0.0,0.0,0.0,14.1,9.0,54.0,0.0,993.4,100,27.5667,72.0667,0.0
2024-11-23 07:00:00+05:30,3.0,0.0,3.0,14.4,10.2,53.0,0.0,994.2,100,27.5667,72.0667,0.0
2024-11-23 08:00:00+05:30,93.0,223.8,57.0,16.7,11.3,46.0,0.0,995.1,100,27.5667,72.0667,12.618172341144735
2024-11-23 09:00:00+05:30,265.0,446.5,110.0,20.2,9.8,39.0,0.0,995.8,100,27.5667,72.0667,35.309447971267694
2024-11-23 10:00:00+05:30,432.0,585.4,140.0,23.9,6.7,32.0,0.0,995.9,100,27.5667,72.0667,54.09215151476929
2024-11-23 11:00:00+05:30,558.0,660.7,158.0,27.1,8.2,25.0,0.0,995.4,100,27.5667,72.0667,66.55239530869247
2024-11-23 12:00:00+05:30,624.0,692.7,167.0,28.6,7.9,20.0,0.0,994.3,100,27.5667,72.0667,72.14376922311988
2024-11-23 13:00:00+05:30,622.0,694.5,165.0,29.3,6.3,18.0,0.0,993.2,100,27.5667,72.0667,70.27665795079184
2024-11-23 14:00:00+05:30,553.0,661.1,156.0,29.6,5.5,18.0,0.0,992.6,100,27.5667,72.0667,64.07626105328893
2024-11-23 15:00:00+05:30,424.0,582.4,138.0,29.4,4.7,18.0,0.0,992.3,100,27.5667,72.0667,51.292438771172485
2024-11-23 16:00:00+05:30,254.0,436.1,107.0,28.9,4.0,19.0,0.0,992.1,100,27.5667,72.0667,32.38904622801106
2024-11-23 17:00:00+05:30,84.0,214.5,52.0,26.2,2.9,25.0,0.0,992.2,100,27.5667,72.0667,11.071089624635553
2024-11-23 18:00:00+05:30,2.0,0.0,2.0,24.6,4.6,27.0,0.0,992.6,100,27.5667,72.0667,0.0
2024-11-23 19:00:00+05:30,0.0,0.0,0.0,22.9,6.7,29.0,0.0,993.1,100,27.5667,72.0667,0.0
2024-11-23 20:00:00+05:30,0.0,0.0,0.0,21.4,5.5,32.0,1.0,993.4,100,27.5667,72.0667,0.0
2024-11-23 21:00:00+05:30,0.0,0.0,0.0,20.5,5.4,34.0,4.0,993.7,100,27.5667,72.0667,0.0
2024-11-23 22:00:00+05:30,0.0,0.0,0.0,20.1,4.7,35.0,10.0,993.7,100,27.5667,72.0667,0.0
2024-11-23 23:00:00+05:30,0.0,0.0,0.0,19.0,5.5,37.0,3.0,993.5,100,27.5667,72.0667,0.0
2024-11-24 00:00:00+05:30,0.0,0.0,0.0,18.0,8.3,38.0,0.0,993.1,100,27.5667,72.0667,0.0
2024-11-24 01:00:00+05:30,0.0,0.0,0.0,17.6,8.9,39.0,0.0,992.9,100,27.5667,72.0667,0.0
2024-11-24 02:00:00+05:30,0.0,0.0,0.0,17.0,8.0,40.0,1.0,992.6,100,27.5667,72.0667,0.0
2024-11-24 03:00:00+05:30,0.0,0.0,0.0,16.4,4.4,44.0,11.0,992.5,100,27.5667,72.0667,0.0
2024-11-24 04:00:00+05:30,0.0,0.0,0.0,15.7,4.4,47.0,12.0,992.8,100,27.5667,72.0667,0.0
2024-11-24 05:00:00+05:30,0.0,0.0,0.0,15.0,4.8,50.0,19.0,993.1,100,27.5667,72.0667,0.0
2024-11-24 06:00:00+05:30,0.0,0.0,0.0,14.3,4.7,53.0,18.0,994.2,100,27.5667,72.0667,0.0
2024-11-24 07:00:00+05:30,3.0,0.0,3.0,14.1,7.9,54.0,5.0,995.1,100,27.5667,72.0667,0.0
2024-11-24 08:00:00+05:30,90.0,215.2,56.0,16.2,8.8,47.0,1.0,995.8,100,27.5667,72.0667,12.16948322433316
2024-11-24 09:00:00+05:30,258.0,432.9,109.0,19.5,5.2,39.0,10.0,996.8,100,27.5667,72.0667,33.13541687860871
2024-11-24 10:00:00+05:30,423.0,568.8,141.0,22.9,2.9,31.0,9.0,996.8,100,27.5667,72.0667,52.61843177784227
2024-11-24 11:00:00+05:30,547.0,644.0,159.0,25.9,3.3,25.0,4.0,996.4,100,27.5667,72.0667,63.24231289910985
2024-11-24 12:00:00+05:30,612.0,677.4,167.0,27.8,4.5,22.0,32.0,995.4,100,27.5667,72.0667,68.52802745546778
2024-11-24 13:00:00+05:30,611.0,677.3,167.0,28.9,4.7,20.0,16.0,994.6,100,27.5667,72.0667,68.32185125306317
2024-11-24 14:00:00+05:30,543.0,643.4,158.0,29.3,5.0,20.0,10.0,993.9,100,27.5667,72.0667,62.18741717777368
2024-11-24 15:00:00+05:30,416.0,568.2,138.0,29.3,5.4,21.0,1.0,993.5,100,27.5667,72.0667,49.86465793620292
2024-11-24 16:00:00+05:30,249.0,428.9,105.0,28.7,6.2,23.0,0.0,993.3,100,27.5667,72.0667,31.61073286787869
2024-11-24 17:00:00+05:30,82.0,202.4,52.0,26.1,8.0,29.0,0.0,993.4,100,27.5667,72.0667,10.98709733567848
2024-11-24 18:00:00+05:30,2.0,0.0,2.0,24.3,8.9,40.0,0.0,994.0,100,27.5667,72.0667,0.0
2024-11-24 19:00:00+05:30,0.0,0.0,0.0,23.5,9.4,44.0,1.0,994.2,100,27.5667,72.0667,0.0
2024-11-24 20:00:00+05:30,0.0,0.0,0.0,22.2,7.7,48.0,0.0,994.5,100,27.5667,72.0667,0.0
2024-11-24 21:00:00+05:30,0.0,0.0,0.0,21.2,7.6,51.0,0.0,994.6,100,27.5667,72.0667,0.0
2024-11-24 22:00:00+05:30,0.0,0.0,0.0,20.5,8.5,55.0,0.0,994.7,100,27.5667,72.0667,0.0
2024-11-24 23:00:00+05:30,0.0,0.0,0.0,19.9,8.7,59.0,0.0,994.5,100,27.5667,72.0667,0.0
2024-11-25 00:00:00+05:30,0.0,0.0,0.0,19.1,8.2,63.0,0.0,994.4,100,27.5667,72.0667,0.0
2024-11-25 01:00:00+05:30,0.0,0.0,0.0,18.4,7.4,65.0,0.0,994.1,100,27.5667,72.0667,0.0
2024-11-25 02:00:00+05:30,0.0,0.0,0.0,17.7,6.8,66.0,0.0,994.2,100,27.5667,72.0667,0.0
2024-11-25 03:00:00+05:30,0.0,0.0,0.0,16.9,6.4,70.0,0.0,994.2,100,27.5667,72.0667,0.0
2024-11-25 04:00:00+05:30,0.0,0.0,0.0,16.3,6.4,72.0,0.0,994.3,100,27.5667,72.0667,0.0
2024-11-25 05:00:00+05:30,0.0,0.0,0.0,15.8,5.7,74.0,0.0,994.5,100,27.5667,72.0667,0.0
2024-11-25 06:00:00+05:30,0.0,0.0,0.0,14.1,5.5,80.0,0.0,995.5,100,27.5667,72.0667,0.0
2024-11-25 07:00:00+05:30,3.0,0.0,3.0,13.9,6.6,81.0,0.0,996.1,100,27.5667,72.0667,0.0
2024-11-25 08:00:00+05:30,86.0,206.3,54.0,16.0,8.4,71.0,0.0,996.9,100,27.5667,72.0667,11.912468682123865
2024-11-25 09:00:00+05:30,252.0,419.1,109.0,19.0,5.7,60.0,0.0,997.9,100,27.5667,72.0667,33.01743429032492
2024-11-25 10:00:00+05:30,416.0,558.0,141.0,22.3,4.3,48.0,0.0,998.1,100,27.5667,72.0667,50.805357795924635
2024-11-25 11:00:00+05:30,540.0,635.4,159.0,25.1,3.9,39.0,0.0,997.3,100,27.5667,72.0667,64.10554488600053
2024-11-25 12:00:00+05:30,606.0,671.0,167.0,26.6,1.8,34.0,0.0,996.1,100,27.5667,72.0667,68.99889675867962
2024-11-25 13:00:00+05:30,606.0,673.6,166.0,27.5,2.2,31.0,0.0,995.2,100,27.5667,72.0667,69.49232994183059
2024-11-25 14:00:00+05:30,539.0,642.3,156.0,27.9,3.8,29.0,0.0,994.2,100,27.5667,72.0667,64.87442263553056
2024-11-25 15:00:00+05:30,414.0,568.0,137.0,28.0,4.3,28.0,0.0,993.8,100,27.5667,72.0667,49.28756922566363
2024-11-25 16:00:00+05:30,248.0,424.5,106.0,27.6,3.8,28.0,0.0,993.6,100,27.5667,72.0667,32.37841355357342
2024-11-25 17:00:00+05:30,81.0,203.7,51.0,25.4,1.5,36.0,0.0,993.6,100,27.5667,72.0667,10.937838660968026
2024-11-25 18:00:00+05:30,2.0,0.0,2.0,24.2,1.1,38.0,0.0,993.7,100,27.5667,72.0667,0.0
2024-11-25 19:00:00+05:30,0.0,0.0,0.0,23.3,0.7,40.0,0.0,994.1,100,27.5667,72.0667,0.0
2024-11-25 20:00:00+05:30,0.0,0.0,0.0,22.0,1.5,43.0,0.0,994.5,100,27.5667,72.0667,0.0
2024-11-25 21:00:00+05:30,0.0,0.0,0.0,20.6,2.3,48.0,0.0,994.8,100,27.5667,72.0667,0.0
2024-11-25 22:00:00+05:30,0.0,0.0,0.0,19.9,1.3,50.0,0.0,994.9,100,27.5667,72.0667,0.0
2024-11-25 23:00:00+05:30,0.0,0.0,0.0,19.3,1.5,52.0,0.0,994.6,100,27.5667,72.0667,0.0
2024-11-26 00:00:00+05:30,0.0,0.0,0.0,18.1,6.8,54.0,0.0,994.2,100,27.5667,72.0667,0.0
2024-11-26 01:00:00+05:30,0.0,0.0,0.0,17.2,7.5,55.0,0.0,993.8,100,27.5667,72.0667,0.0
2024-11-26 02:00:00+05:30,0.0,0.0,0.0,16.6,4.0,58.0,0.0,993.9,100,27.5667,72.0667,0.0
2024-11-26 03:00:00+05:30,0.0,0.0,0.0,16.2,2.7,59.0,0.0,993.9,100,27.5667,72.0667,0.0
2024-11-26 04:00:00+05:30,0.0,0.0,0.0,15.6,4.8,60.0,0.0,993.9,100,27.5667,72.0667,0.0
2024-11-26 05:00:00+05:30,0.0,0.0,0.0,14.7,3.9,64.0,0.0,994.1,100,27.5667,72.0667,0.0
2024-11-26 06:00:00+05:30,0.0,0.0,0.0,13.8,4.4,69.0,0.0,994.5,100,27.5667,72.0667,0.0
2024-11-26 07:00:00+05:30,2.0,0.0,2.0,13.6,4.7,71.0,0.0,995.2,100,27.5667,72.0667,0.0
2024-11-26 08:00:00+05:30,84.0,203.5,53.0,15.8,7.1,62.0,0.0,995.9,100,27.5667,72.0667,11.343571594522205
2024-11-26 09:00:00+05:30,249.0,416.8,108.0,20.0,6.3,48.0,0.0,996.8,100,27.5667,72.0667,33.86045425086659
2024-11-26 10:00:00+05:30,412.0,559.3,138.0,23.9,5.3,38.0,0.0,996.9,100,27.5667,72.0667,51.27612088168096
2024-11-26 11:00:00+05:30,536.0,635.0,157.0,26.8,6.7,31.0,0.0,996.3,100,27.5667,72.0667,63.77841943545591
2024-11-26 12:00:00+05:30,600.0,667.5,165.0,28.4,7.8,30.0,0.0,994.8,100,27.5667,72.0667,69.15398580770636
2024-11-26 13:00:00+05:30,600.0,669.8,164.0,29.2,8.1,29.0,0.0,993.7,100,27.5667,72.0667,68.61863771970441
2024-11-26 14:00:00+05:30,533.0,635.9,155.0,29.7,8.6,28.0,0.0,992.9,100,27.5667,72.0667,63.712237987009324
2024-11-26 15:00:00+05:30,408.0,559.6,136.0,29.7,9.3,27.0,0.0,992.6,100,27.5667,72.0667,50.004942250701816
2024-11-26 16:00:00+05:30,244.0,417.0,105.0,29.2,8.6,28.0,1.0,992.2,100,27.5667,72.0667,31.020057422655174
2024-11-26 17:00:00+05:30,80.0,197.9,51.0,26.7,4.9,35.0,2.0,992.2,100,27.5667,72.0667,10.363100847876819
2024-11-26 18:00:00+05:30,2.0,0.0,2.0,25.2,4.3,39.0,4.0,992.6,100,27.5667,72.0667,0.0
2024-11-26 19:00:00+05:30,0.0,0.0,0.0,24.0,2.3,43.0,3.0,993.0,100,27.5667,72.0667,0.0
2024-11-26 20:00:00+05:30,0.0,0.0,0.0,23.1,1.9,46.0,0.0,993.2,100,27.5667,72.0667,0.0
2024-11-26 21:00:00+05:30,0.0,0.0,0.0,22.6,0.9,49.0,0.0,993.6,100,27.5667,72.0667,0.0
2024-11-26 22:00:00+05:30,0.0,0.0,0.0,21.4,2.9,51.0,0.0,993.8,100,27.5667,72.0667,0.0
2024-11-26 23:00:00+05:30,0.0,0.0,0.0,20.5,2.0,53.0,0.0,993.6,100,27.5667,72.0667,0.0
2024-11-27 00:00:00+05:30,0.0,0.0,0.0,19.6,2.3,55.0,0.0,992.9,100,27.5667,72.0667,0.0
2024-11-27 01:00:00+05:30,0.0,0.0,0.0,18.9,3.8,57.0,0.0,992.4,100,27.5667,72.0667,0.0
2024-11-27 02:00:00+05:30,0.0,0.0,0.0,17.6,3.7,61.0,0.0,992.2,100,27.5667,72.0667,0.0
2024-11-27 03:00:00+05:30,0.0,0.0,0.0,16.8,5.5,64.0,0.0,992.1,100,27.5667,72.0667,0.0
2024-11-27 04:00:00+05:30,0.0,0.0,0.0,16.4,6.2,66.0,0.0,992.1,100,27.5667,72.0667,0.0
2024-11-27 05:00:00+05:30,0.0,0.0,0.0,15.9,3.5,69.0,0.0,992.1,100,27.5667,72.0667,0.0
2024-11-27 06:00:00+05:30,0.0,0.0,0.0,15.4,1.7,72.0,0.0,992.9,100,27.5667,72.0667,0.0
2024-11-27 07:00:00+05:30,2.0,0.0,2.0,15.3,2.0,73.0,0.0,993.4,100,27.5667,72.0667,0.0
2024-11-27 08:00:00+05:30,84.0,207.3,53.0,17.2,3.6,65.0,0.0,994.1,100,27.5667,72.0667,11.921007239195248
2024-11-27 09:00:00+05:30,251.0,429.3,107.0,20.9,3.5,53.0,0.0,994.9,100,27.5667,72.0667,32.3479231364215
2024-11-27 10:00:00+05:30,417.0,572.8,138.0,24.7,2.6,43.0,0.0,995.2,100,27.5667,72.0667,51.75261992635965
2024-11-27 11:00:00+05:30,542.0,649.7,156.0,27.1,3.7,38.0,0.0,994.8,100,27.5667,72.0667,64.67379649074712
2024-11-27 12:00:00+05:30,609.0,685.4,164.0,28.6,4.6,32.0,0.0,993.6,100,27.5667,72.0667,71.20536823743245
2024-11-27 13:00:00+05:30,609.0,687.5,163.0,29.3,5.6,27.0,0.0,992.7,100,27.5667,72.0667,68.78918727582881
2024-11-27 14:00:00+05:30,542.0,654.8,154.0,29.7,5.1,24.0,0.0,991.9,100,27.5667,72.0667,61.838859132177014
2024-11-27 15:00:00+05:30,417.0,579.8,136.0,29.7,4.3,22.0,0.0,991.4,100,27.5667,72.0667,50.80790368579097
2024-11-27 16:00:00+05:30,250.0,436.4,105.0,29.2,3.7,23.0,0.0,991.5,100,27.5667,72.0667,31.0797376469979
2024-11-27 17:00:00+05:30,83.0,212.5,52.0,26.7,1.3,30.0,0.0,991.6,100,27.5667,72.0667,10.900304184143025
2024-11-27 18:00:00+05:30,2.0,0.0,2.0,25.0,2.7,32.0,0.0,992.1,100,27.5667,72.0667,0.0
2024-11-27 19:00:00+05:30,0.0,0.0,0.0,23.5,2.8,35.0,0.0,992.7,100,27.5667,72.0667,0.0
2024-11-27 20:00:00+05:30,0.0,0.0,0.0,22.3,1.9,38.0,0.0,993.1,100,27.5667,72.0667,0.0
2024-11-27 21:00:00+05:30,0.0,0.0,0.0,21.3,1.7,40.0,0.0,993.5,100,27.5667,72.0667,0.0
2024-11-27 22:00:00+05:30,0.0,0.0,0.0,19.9,4.0,43.0,0.0,993.5,100,27.5667,72.0667,0.0
2024-11-27 23:00:00+05:30,0.0,0.0,0.0,18.6,5.9,46.0,0.0,993.5,100,27.5667,72.0667,0.0
2024-11-28 00:00:00+05:30,0.0,0.0,0.0,17.9,8.3,46.0,0.0,993.0,100,27.5667,72.0667,0.0
2024-11-28 01:00:00+05:30,0.0,0.0,0.0,17.2,8.7,48.0,0.0,992.8,100,27.5667,72.0667,0.0
2024-11-28 02:00:00+05:30,0.0,0.0,0.0,16.7,9.7,49.0,0.0,992.7,100,27.5667,72.0667,0.0
2024-11-28 03:00:00+05:30,0.0,0.0,0.0,16.4,10.3,48.0,0.0,992.7,100,27.5667,72.0667,0.0
2024-11-28 04:00:00+05:30,0.0,0.0,0.0,16.2,10.4,46.0,0.0,992.8,100,27.5667,72.0667,0.0
2024-11-28 05:00:00+05:30,0.0,0.0,0.0,15.7,10.3,47.0,0.0,993.0,100,27.5667,72.0667,0.0
2024-11-28 06:00:00+05:30,0.0,0.0,0.0,14.9,10.4,49.0,0.0,993.9,100,27.5667,72.0667,0.0
2024-11-28 07:00:00+05:30,2.0,0.0,2.0,14.7,10.7,52.0,0.0,994.4,100,27.5667,72.0667,0.0
2024-11-28 08:00:00+05:30,84.0,211.1,53.0,16.5,11.6,49.0,0.0,995.3,100,27.5667,72.0667,12.077231914937672
2024-11-28 09:00:00+05:30,251.0,435.9,106.0,19.3,9.1,43.0,0.0,996.1,100,27.5667,72.0667,34.5998301733322
2024-11-28 10:00:00+05:30,418.0,578.1,138.0,22.8,6.8,37.0,0.0,996.5,100,27.5667,72.0667,53.21580619856888
2024-11-28 11:00:00+05:30,543.0,656.0,155.0,26.4,6.7,30.0,0.0,996.3,100,27.5667,72.0667,65.75771184561461
2024-11-28 12:00:00+05:30,610.0,691.0,163.0,28.6,6.9,22.0,0.0,995.3,100,27.5667,72.0667,70.24966001286104
2024-11-28 13:00:00+05:30,610.0,691.3,163.0,29.4,5.0,20.0,0.0,994.4,100,27.5667,72.0667,71.34468640787915
2024-11-28 14:00:00+05:30,543.0,658.4,154.0,29.5,5.8,19.0,0.0,993.4,100,27.5667,72.0667,67.2139178771742
2024-11-28 15:00:00+05:30,418.0,583.5,136.0,29.4,5.8,18.0,0.0,993.0,100,27.5667,72.0667,50.46684559698029
2024-11-28 16:00:00+05:30,251.0,440.6,105.0,28.9,5.2,19.0,0.0,992.9,100,27.5667,72.0667,32.76493991988125
2024-11-28 17:00:00+05:30,82.0,213.4,51.0,26.1,4.3,24.0,0.0,993.0,100,27.5667,72.0667,11.119032518039809
2024-11-28 18:00:00+05:30,2.0,0.0,2.0,24.6,3.3,25.0,0.0,993.5,100,27.5667,72.0667,0.0
2024-11-28 19:00:00+05:30,0.0,0.0,0.0,22.5,5.6,27.0,0.0,994.0,100,27.5667,72.0667,0.0
2024-11-28 20:00:00+05:30,0.0,0.0,0.0,21.4,9.0,27.0,0.0,994.3,100,27.5667,72.0667,0.0
2024-11-28 21:00:00+05:30,0.0,0.0,0.0,21.0,9.7,25.0,0.0,994.5,100,27.5667,72.0667,0.0
2024-11-28 22:00:00+05:30,0.0,0.0,0.0,19.9,10.8,25.0,0.0,994.8,100,27.5667,72.0667,0.0
2024-11-28 23:00:00+05:30,0.0,0.0,0.0,18.9,10.3,26.0,0.0,994.9,100,27.5667,72.0667,0.0
2024-11-29 00:00:00+05:30,0.0,0.0,0.0,18.1,10.5,29.0,0.0,994.5,100,27.5667,72.0667,0.0
2024-11-29 01:00:00+05:30,0.0,0.0,0.0,17.3,10.4,31.0,0.0,994.2,100,27.5667,72.0667,0.0
2024-11-29 02:00:00+05:30,0.0,0.0,0.0,16.8,11.5,34.0,0.0,994.2,100,27.5667,72.0667,0.0
2024-11-29 03:00:00+05:30,0.0,0.0,0.0,16.3,11.7,35.0,0.0,994.3,100,27.5667,72.0667,0.0
2024-11-29 04:00:00+05:30,0.0,0.0,0.0,15.8,11.4,38.0,0.0,994.3,100,27.5667,72.0667,0.0
2024-11-29 05:00:00+05:30,0.0,0.0,0.0,15.5,11.3,42.0,0.0,994.6,100,27.5667,72.0667,0.0
2024-11-29 06:00:00+05:30,0.0,0.0,0.0,14.6,11.0,48.0,0.0,995.4,100,27.5667,72.0667,0.0
2024-11-29 07:00:00+05:30,2.0,0.0,2.0,14.4,11.3,54.0,0.0,995.9,100,27.5667,72.0667,0.0
2024-11-29 08:00:00+05:30,80.0,208.1,50.0,15.9,12.0,53.0,0.0,996.7,100,27.5667,72.0667,11.361975094560265
2024-11-29 09:00:00+05:30,245.0,424.3,105.0,18.6,8.7,48.0,0.0,997.5,100,27.5667,72.0667,34.2582093541122
2024-11-29 10:00:00+05:30,410.0,568.9,136.0,21.9,7.7,41.0,0.0,997.8,100,27.5667,72.0667,51.45452543881545
2024-11-29 11:00:00+05:30,536.0,646.9,155.0,25.1,7.4,34.0,0.0,997.3,100,27.5667,72.0667,64.56928783877595
2024-11-29 12:00:00+05:30,603.0,684.2,162.0,27.2,7.6,26.0,0.0,996.1,100,27.5667,72.0667,71.05140523276957
2024-11-29 13:00:00+05:30,604.0,685.6,162.0,28.3,5.9,20.0,0.0,995.1,100,27.5667,72.0667,71.79411228761045
2024-11-29 14:00:00+05:30,539.0,655.1,153.0,28.7,5.5,18.0,0.0,994.1,100,27.5667,72.0667,63.49379223944828
2024-11-29 15:00:00+05:30,414.0,578.7,135.0,28.6,6.3,17.0,0.0,993.6,100,27.5667,72.0667,51.05378369115288
2024-11-29 16:00:00+05:30,248.0,435.7,104.0,28.0,6.6,18.0,0.0,993.5,100,27.5667,72.0667,32.355686629804914
2024-11-29 17:00:00+05:30,81.0,214.0,50.0,25.2,4.3,24.0,0.0,993.6,100,27.5667,72.0667,11.120809128774416
2024-11-29 18:00:00+05:30,2.0,0.0,2.0,23.9,5.1,26.0,0.0,994.1,100,27.5667,72.0667,0.0
2024-11-29 19:00:00+05:30,0.0,0.0,0.0,22.5,5.1,28.0,0.0,994.5,100,27.5667,72.0667,0.0
2024-11-29 20:00:00+05:30,0.0,0.0,0.0,21.1,6.2,31.0,0.0,994.8,100,27.5667,72.0667,0.0
2024-11-29 21:00:00+05:30,0.0,0.0,0.0,19.8,7.9,35.0,0.0,995.2,100,27.5667,72.0667,0.0
2024-11-29 22:00:00+05:30,0.0,0.0,0.0,19.4,9.8,35.0,0.0,995.4,100,27.5667,72.0667,0.0
2024-11-29 23:00:00+05:30,0.0,0.0,0.0,19.0,11.0,35.0,0.0,995.3,100,27.5667,72.0667,0.0
2024-11-30 00:00:00+05:30,0.0,0.0,0.0,18.3,9.6,35.0,0.0,995.1,100,27.5667,72.0667,0.0
2024-11-30 01:00:00+05:30,0.0,0.0,0.0,17.5,9.8,36.0,0.0,994.7,100,27.5667,72.0667,0.0
2024-11-30 02:00:00+05:30,0.0,0.0,0.0,17.1,11.3,37.0,0.0,994.4,100,27.5667,72.0667,0.0
2024-11-30 03:00:00+05:30,0.0,0.0,0.0,16.5,11.0,39.0,0.0,994.2,100,27.5667,72.0667,0.0
2024-11-30 04:00:00+05:30,0.0,0.0,0.0,15.9,8.6,42.0,0.0,994.2,100,27.5667,72.0667,0.0
2024-11-30 05:00:00+05:30,0.0,0.0,0.0,15.4,7.8,44.0,0.0,994.2,100,27.5667,72.0667,0.0
2024-11-30 06:00:00+05:30,0.0,0.0,0.0,13.9,5.2,50.0,0.0,995.5,100,27.5667,72.0667,0.0
2024-11-30 07:00:00+05:30,1.0,0.0,1.0,13.3,4.4,55.0,0.0,996.0,100,27.5667,72.0667,0.0
2024-11-30 08:00:00+05:30,77.0,196.9,49.0,14.9,6.9,50.0,0.0,996.9,100,27.5667,72.0667,10.828562646938925
2024-11-30 09:00:00+05:30,239.0,412.6,104.0,17.8,3.7,43.0,0.0,997.5,100,27.5667,72.0667,31.9352295118205
2024-11-30 10:00:00+05:30,402.0,555.4,136.0,20.6,4.4,37.0,0.0,997.7,100,27.5667,72.0667,50.46029690252141
2024-11-30 11:00:00+05:30,526.0,632.6,155.0,23.0,4.1,33.0,0.0,997.2,100,27.5667,72.0667,63.85352243998341
2024-11-30 12:00:00+05:30,592.0,667.9,163.0,24.9,4.5,30.0,0.0,996.0,100,27.5667,72.0667,71.51129310650083
2024-11-30 13:00:00+05:30,593.0,670.6,162.0,26.1,4.7,28.0,0.0,994.5,100,27.5667,72.0667,70.7258533122108
2024-11-30 14:00:00+05:30,528.0,638.1,153.0,26.7,4.4,27.0,0.0,993.4,100,27.5667,72.0667,63.82680438312577
2024-11-30 15:00:00+05:30,405.0,563.4,134.0,26.8,4.1,27.0,0.0,992.7,100,27.5667,72.0667,50.10078786536013
2024-11-30 16:00:00+05:30,242.0,421.5,103.0,26.5,3.9,28.0,0.0,992.7,100,27.5667,72.0667,31.477775196737987
2024-11-30 17:00:00+05:30,79.0,200.7,50.0,24.6,1.7,34.0,0.0,992.3,100,27.5667,72.0667,10.395675413257766
2024-11-30 18:00:00+05:30,2.0,0.0,2.0,23.1,7.1,37.0,0.0,992.8,100,27.5667,72.0667,0.0
2024-11-30 19:00:00+05:30,0.0,0.0,0.0,21.7,5.2,40.0,0.0,993.2,100,27.5667,72.0667,0.0
2024-11-30 20:00:00+05:30,0.0,0.0,0.0,20.7,4.4,43.0,0.0,993.5,100,27.5667,72.0667,0.0
2024-11-30 21:00:00+05:30,0.0,0.0,0.0,19.9,4.2,45.0,0.0,993.8,100,27.5667,72.0667,0.0
2024-11-30 22:00:00+05:30,0.0,0.0,0.0,19.3,3.8,47.0,0.0,993.7,100,27.5667,72.0667,0.0
2024-11-30 23:00:00+05:30,0.0,0.0,0.0,18.6,4.3,48.0,0.0,993.5,100,27.5667,72.0667,0.0
2024-12-01 00:00:00+05:30,0.0,0.0,0.0,17.9,6.7,50.0,0.0,993.0,100,27.5667,72.0667,0.0
2024-12-01 01:00:00+05:30,0.0,0.0,0.0,17.1,7.8,51.0,0.0,992.5,100,27.5667,72.0667,0.0
2024-12-01 02:00:00+05:30,0.0,0.0,0.0,16.4,6.5,54.0,0.0,992.5,100,27.5667,72.0667,0.0
2024-12-01 03:00:00+05:30,0.0,0.0,0.0,15.9,5.7,56.0,0.0,992.1,100,27.5667,72.0667,0.0
2024-12-01 04:00:00+05:30,0.0,0.0,0.0,15.4,6.0,58.0,0.0,992.1,100,27.5667,72.0667,0.0
2024-12-01 05:00:00+05:30,0.0,0.0,0.0,15.0,7.3,59.0,0.0,992.2,100,27.5667,72.0667,0.0
2024-12-01 06:00:00+05:30,0.0,0.0,0.0,14.4,8.6,61.0,0.0,993.2,100,27.5667,72.0667,0.0
2024-12-01 07:00:00+05:30,1.0,0.0,1.0,14.2,8.5,63.0,0.0,993.6,100,27.5667,72.0667,0.0
2024-12-01 08:00:00+05:30,75.0,191.8,48.0,15.9,9.8,57.0,0.0,994.2,100,27.5667,72.0667,10.439528238378044
2024-12-01 09:00:00+05:30,236.0,409.9,103.0,18.7,7.3,49.0,0.0,995.0,100,27.5667,72.0667,32.143363846942705
2024-12-01 10:00:00+05:30,399.0,554.3,135.0,22.2,4.6,41.0,0.0,995.0,100,27.5667,72.0667,49.71519866696198
2024-12-01 11:00:00+05:30,524.0,633.6,154.0,25.2,5.6,34.0,0.0,994.6,100,27.5667,72.0667,63.55510230826257
2024-12-01 12:00:00+05:30,591.0,668.6,163.0,26.8,5.4,30.0,0.0,993.5,100,27.5667,72.0667,70.57789619434111
2024-12-01 13:00:00+05:30,592.0,670.9,162.0,27.5,3.4,28.0,0.0,992.2,100,27.5667,72.0667,67.48352632488265
2024-12-01 14:00:00+05:30,528.0,641.4,152.0,27.7,2.7,27.0,0.0,991.0,100,27.5667,72.0667,62.16870570822937
2024-12-01 15:00:00+05:30,406.0,566.7,134.0,27.7,3.4,27.0,0.0,990.4,100,27.5667,72.0667,49.83945374666705
2024-12-01 16:00:00+05:30,243.0,425.3,103.0,27.2,4.8,27.0,0.0,990.2,100,27.5667,72.0667,31.767154200425047
2024-12-01 17:00:00+05:30,80.0,207.9,50.0,24.9,4.1,34.0,0.0,989.9,100,27.5667,72.0667,10.901758033680668
2024-12-01 18:00:00+05:30,2.0,0.0,2.0,23.4,4.2,38.0,0.0,990.8,100,27.5667,72.0667,0.0
2024-12-01 19:00:00+05:30,0.0,0.0,0.0,21.9,4.7,42.0,0.0,991.0,100,27.5667,72.0667,0.0
2024-12-01 20:00:00+05:30,0.0,0.0,0.0,20.9,3.8,45.0,1.0,991.3,100,27.5667,72.0667,0.0
2024-12-01 21:00:00+05:30,0.0,0.0,0.0,20.2,3.8,46.0,0.0,991.5,100,27.5667,72.0667,0.0
2024-12-01 22:00:00+05:30,0.0,0.0,0.0,19.4,4.6,48.0,0.0,991.6,100,27.5667,72.0667,0.0
2024-12-01 23:00:00+05:30,0.0,0.0,0.0,18.6,6.8,49.0,0.0,991.4,100,27.5667,72.0667,0.0
2024-12-02 00:00:00+05:30,0.0,0.0,0.0,17.9,7.7,51.0,0.0,991.3,100,27.5667,72.0667,0.0
2024-12-02 01:00:00+05:30,0.0,0.0,0.0,17.2,7.5,53.0,0.0,991.1,100,27.5667,72.0667,0.0
2024-12-02 02:00:00+05:30,0.0,0.0,0.0,16.6,5.8,56.0,0.0,990.9,100,27.5667,72.0667,0.0
2024-12-02 03:00:00+05:30,0.0,0.0,0.0,16.0,6.6,58.0,0.0,990.5,100,27.5667,72.0667,0.0
2024-12-02 04:00:00+05:30,0.0,0.0,0.0,15.5,6.5,60.0,0.0,990.6,100,27.5667,72.0667,0.0
2024-12-02 05:00:00+05:30,0.0,0.0,0.0,15.2,7.7,61.0,0.0,991.0,100,27.5667,72.0667,0.0
2024-12-02 06:00:00+05:30,0.0,0.0,0.0,14.9,8.3,62.0,0.0,991.5,100,27.5667,72.0667,0.0
2024-12-02 07:00:00+05:30,1.0,0.0,1.0,14.9,9.4,63.0,0.0,992.1,100,27.5667,72.0667,0.0
2024-12-02 08:00:00+05:30,73.0,186.6,47.0,16.6,10.8,58.0,0.0,993.0,100,27.5667,72.0667,10.222813954208041
2024-12-02 09:00:00+05:30,232.0,401.0,103.0,19.3,7.9,50.0,0.0,993.9,100,27.5667,72.0667,31.74123911053574
2024-12-02 10:00:00+05:30,394.0,546.8,135.0,22.5,6.8,42.0,0.0,994.4,100,27.5667,72.0667,52.02783842044317
2024-12-02 11:00:00+05:30,517.0,624.2,154.0,25.4,7.0,36.0,0.0,994.1,100,27.5667,72.0667,63.026192296102955
2024-12-02 12:00:00+05:30,584.0,661.4,162.0,26.9,7.0,31.0,0.0,993.4,100,27.5667,72.0667,69.09541033312746
2024-12-02 13:00:00+05:30,586.0,665.0,161.0,27.6,6.7,29.0,0.0,992.5,100,27.5667,72.0667,67.67284392645337
2024-12-02 14:00:00+05:30,523.0,632.6,153.0,27.9,6.7,28.0,0.0,991.9,100,27.5667,72.0667,63.70533769104032
2024-12-02 15:00:00+05:30,401.0,559.5,133.0,27.8,5.6,29.0,0.0,991.5,100,27.5667,72.0667,50.36943687073968
2024-12-02 16:00:00+05:30,240.0,416.8,103.0,27.5,5.0,29.0,0.0,991.4,100,27.5667,72.0667,31.12917146922752
2024-12-02 17:00:00+05:30,79.0,201.2,50.0,25.3,3.5,37.0,0.0,991.3,100,27.5667,72.0667,11.061096489662049
2024-12-02 18:00:00+05:30,2.0,0.0,2.0,23.6,4.0,40.0,0.0,991.8,100,27.5667,72.0667,0.0
2024-12-02 19:00:00+05:30,0.0,0.0,0.0,22.4,5.4,42.0,0.0,992.5,100,27.5667,72.0667,0.0
2024-12-02 20:00:00+05:30,0.0,0.0,0.0,21.5,7.1,43.0,0.0,992.8,100,27.5667,72.0667,0.0
2024-12-02 21:00:00+05:30,0.0,0.0,0.0,20.8,8.7,45.0,1.0,993.2,100,27.5667,72.0667,0.0
2024-12-02 22:00:00+05:30,0.0,0.0,0.0,20.2,8.8,46.0,2.0,993.6,100,27.5667,72.0667,0.0
2024-12-02 23:00:00+05:30,0.0,0.0,0.0,19.4,8.6,49.0,0.0,993.8,100,27.5667,72.0667,0.0
2024-12-03 00:00:00+05:30,0.0,0.0,0.0,18.9,8.3,51.0,0.0,993.7,100,27.5667,72.0667,0.0
2024-12-03 01:00:00+05:30,0.0,0.0,0.0,18.2,7.1,54.0,0.0,993.7,100,27.5667,72.0667,0.0
2024-12-03 02:00:00+05:30,0.0,0.0,0.0,17.4,5.8,58.0,0.0,993.7,100,27.5667,72.0667,0.0
2024-12-03 03:00:00+05:30,0.0,0.0,0.0,16.7,5.3,61.0,0.0,993.6,100,27.5667,72.0667,0.0
2024-12-03 04:00:00+05:30,0.0,0.0,0.0,16.0,5.2,63.0,0.0,993.6,100,27.5667,72.0667,0.0
2024-12-03 05:00:00+05:30,0.0,0.0,0.0,15.5,6.9,65.0,0.0,993.7,100,27.5667,72.0667,0.0
2024-12-03 06:00:00+05:30,0.0,0.0,0.0,14.7,6.7,70.0,0.0,993.8,100,27.5667,72.0667,0.0
2024-12-03 07:00:00+05:30,1.0,0.0,1.0,14.3,6.8,71.0,0.0,994.6,100,27.5667,72.0667,0.0
2024-12-03 08:00:00+05:30,71.0,181.2,46.0,16.0,7.6,63.0,0.0,995.5,100,27.5667,72.0667,9.79929338654917
2024-12-03 09:00:00+05:30,229.0,398.1,102.0,18.7,2.6,53.0,0.0,996.5,100,27.5667,72.0667,30.526630623472137
2024-12-03 10:00:00+05:30,391.0,543.4,135.0,21.1,7.0,47.0,0.0,997.4,100,27.5667,72.0667,50.053860793740625
2024-12-03 11:00:00+05:30,514.0,619.8,155.0,23.1,6.0,43.0,0.0,996.8,100,27.5667,72.0667,63.77194632803225
2024-12-03 12:00:00+05:30,582.0,658.9,163.0,24.8,6.2,39.0,0.0,996.1,100,27.5667,72.0667,70.33117859559378
2024-12-03 13:00:00+05:30,585.0,662.0,163.0,26.1,6.4,35.0,0.0,995.2,100,27.5667,72.0667,69.0764646351352
2024-12-03 14:00:00+05:30,522.0,632.2,153.0,26.8,6.9,33.0,0.0,994.2,100,27.5667,72.0667,63.86625229985344
2024-12-03 15:00:00+05:30,401.0,558.3,134.0,27.0,7.7,32.0,0.0,993.9,100,27.5667,72.0667,51.01119995532606
2024-12-03 16:00:00+05:30,241.0,417.3,104.0,26.7,8.5,32.0,1.0,993.6,100,27.5667,72.0667,32.27528850037688
2024-12-03 17:00:00+05:30,79.0,201.2,50.0,24.7,7.1,37.0,0.0,993.8,100,27.5667,72.0667,10.799445183828885
2024-12-03 18:00:00+05:30,2.0,0.0,2.0,23.3,8.0,40.0,1.0,994.6,100,27.5667,72.0667,0.0
2024-12-03 19:00:00+05:30,0.0,0.0,0.0,22.3,9.1,43.0,1.0,995.3,100,27.5667,72.0667,0.0
2024-12-03 20:00:00+05:30,0.0,0.0,0.0,21.5,10.0,44.0,1.0,995.6,100,27.5667,72.0667,0.0
2024-12-03 21:00:00+05:30,0.0,0.0,0.0,21.0,11.0,47.0,3.0,996.0,100,27.5667,72.0667,0.0
2024-12-03 22:00:00+05:30,0.0,0.0,0.0,20.4,10.6,50.0,5.0,996.2,100,27.5667,72.0667,0.0
2024-12-03 23:00:00+05:30,0.0,0.0,0.0,19.5,9.1,55.0,2.0,996.3,100,27.5667,72.0667,0.0
2024-12-04 00:00:00+05:30,0.0,0.0,0.0,18.6,9.1,59.0,0.0,996.0,100,27.5667,72.0667,0.0
2024-12-04 01:00:00+05:30,0.0,0.0,0.0,17.9,9.2,62.0,0.0,995.8,100,27.5667,72.0667,0.0
2024-12-04 02:00:00+05:30,0.0,0.0,0.0,17.5,9.4,64.0,0.0,995.6,100,27.5667,72.0667,0.0
2024-12-04 03:00:00+05:30,0.0,0.0,0.0,17.0,9.6,66.0,0.0,995.1,100,27.5667,72.0667,0.0
2024-12-04 04:00:00+05:30,0.0,0.0,0.0,16.5,8.7,69.0,0.0,994.9,100,27.5667,72.0667,0.0
2024-12-04 05:00:00+05:30,0.0,0.0,0.0,15.8,7.7,73.0,0.0,994.9,100,27.5667,72.0667,0.0
2024-12-04 06:00:00+05:30,0.0,0.0,0.0,15.0,6.5,86.0,0.0,995.8,100,27.5667,72.0667,0.0
2024-12-04 07:00:00+05:30,1.0,0.0,1.0,14.5,5.7,88.0,0.0,996.2,100,27.5667,72.0667,0.0
2024-12-04 08:00:00+05:30,70.0,175.8,46.0,15.9,6.0,81.0,0.0,997.3,100,27.5667,72.0667,9.479783959163615
2024-12-04 09:00:00+05:30,228.0,395.1,103.0,18.1,3.3,72.0,0.0,998.0,100,27.5667,72.0667,30.905400972151618
2024-12-04 10:00:00+05:30,391.0,542.0,137.0,20.5,3.6,61.0,0.0,998.2,100,27.5667,72.0667,49.95033627221277
2024-12-04 11:00:00+05:30,517.0,625.7,156.0,22.7,3.1,53.0,0.0,997.7,100,27.5667,72.0667,62.99399342467089
2024-12-04 12:00:00+05:30,586.0,665.6,164.0,24.4,3.4,46.0,0.0,996.7,100,27.5667,72.0667,69.82261216369594
2024-12-04 13:00:00+05:30,590.0,669.9,164.0,25.4,3.8,41.0,0.0,995.6,100,27.5667,72.0667,70.15646047128256
2024-12-04 14:00:00+05:30,528.0,642.1,154.0,25.9,5.2,38.0,0.0,994.6,100,27.5667,72.0667,62.820177203964334
2024-12-04 15:00:00+05:30,407.0,569.6,135.0,25.9,6.3,37.0,0.0,994.1,100,27.5667,72.0667,51.39122888419436
2024-12-04 16:00:00+05:30,245.0,429.9,104.0,25.5,6.8,37.0,0.0,994.0,100,27.5667,72.0667,32.536353020936566
2024-12-04 17:00:00+05:30,81.0,208.1,51.0,23.4,3.9,43.0,0.0,994.0,100,27.5667,72.0667,11.352203033047422
2024-12-04 18:00:00+05:30,2.0,0.0,2.0,22.3,3.0,41.0,0.0,994.4,100,27.5667,72.0667,0.0
2024-12-04 19:00:00+05:30,0.0,0.0,0.0,20.7,3.8,45.0,0.0,994.8,100,27.5667,72.0667,0.0
2024-12-04 20:00:00+05:30,0.0,0.0,0.0,19.3,3.5,48.0,0.0,995.1,100,27.5667,72.0667,0.0
2024-12-04 21:00:00+05:30,0.0,0.0,0.0,18.6,1.7,49.0,0.0,995.1,100,27.5667,72.0667,0.0
2024-12-04 22:00:00+05:30,0.0,0.0,0.0,18.1,1.0,49.0,0.0,995.3,100,27.5667,72.0667,0.0
2024-12-04 23:00:00+05:30,0.0,0.0,0.0,17.7,0.5,48.0,0.0,995.0,100,27.5667,72.0667,0.0
2024-12-05 00:00:00+05:30,0.0,0.0,0.0,17.2,0.5,49.0,0.0,994.4,100,27.5667,72.0667,0.0
2024-12-05 01:00:00+05:30,0.0,0.0,0.0,16.4,0.6,52.0,0.0,994.0,100,27.5667,72.0667,0.0
2024-12-05 02:00:00+05:30,0.0,0.0,0.0,15.4,0.9,56.0,0.0,993.7,100,27.5667,72.0667,0.0
2024-12-05 03:00:00+05:30,0.0,0.0,0.0,14.5,1.1,60.0,0.0,993.3,100,27.5667,72.0667,0.0
2024-12-05 04:00:00+05:30,0.0,0.0,0.0,13.8,1.8,63.0,0.0,993.1,100,27.5667,72.0667,0.0
2024-12-05 05:00:00+05:30,0.0,0.0,0.0,13.2,2.8,65.0,0.0,993.0,100,27.5667,72.0667,0.0
2024-12-05 06:00:00+05:30,0.0,0.0,0.0,11.7,2.8,75.0,0.0,993.8,100,27.5667,72.0667,0.0
2024-12-05 07:00:00+05:30,1.0,0.0,1.0,11.4,2.9,76.0,0.0,994.5,100,27.5667,72.0667,0.0
2024-12-05 08:00:00+05:30,71.0,185.0,46.0,13.1,5.8,68.0,0.0,995.3,100,27.5667,72.0667,10.110813579058643
2024-12-05 09:00:00+05:30,233.0,417.5,102.0,17.2,5.1,52.0,0.0,996.1,100,27.5667,72.0667,32.03715223769773
2024-12-05 10:00:00+05:30,398.0,568.5,133.0,21.3,5.7,40.0,0.0,996.3,100,27.5667,72.0667,50.13490455388509
2024-12-05 11:00:00+05:30,525.0,650.8,151.0,24.1,6.9,32.0,0.0,995.9,100,27.5667,72.0667,65.22492971072471
2024-12-05 12:00:00+05:30,595.0,686.6,161.0,25.5,6.8,28.0,0.0,994.6,100,27.5667,72.0667,72.4224915276087
2024-12-05 13:00:00+05:30,598.0,690.4,160.0,26.3,6.0,26.0,0.0,993.9,100,27.5667,72.0667,69.49663914223724
2024-12-05 14:00:00+05:30,534.0,658.7,151.0,26.7,6.3,25.0,0.0,992.8,100,27.5667,72.0667,64.98695196859252
2024-12-05 15:00:00+05:30,412.0,585.1,133.0,26.8,7.5,25.0,0.0,992.4,100,27.5667,72.0667,52.84666110737441
2024-12-05 16:00:00+05:30,248.0,439.3,104.0,26.3,7.8,27.0,0.0,992.3,100,27.5667,72.0667,33.49121316374659
2024-12-05 17:00:00+05:30,82.0,214.7,51.0,23.7,4.7,34.0,0.0,992.2,100,27.5667,72.0667,11.558678589635392
2024-12-05 18:00:00+05:30,2.0,0.0,2.0,22.3,5.2,39.0,0.0,992.8,100,27.5667,72.0667,0.0
2024-12-05 19:00:00+05:30,0.0,0.0,0.0,20.9,5.0,43.0,0.0,993.2,100,27.5667,72.0667,0.0
2024-12-05 20:00:00+05:30,0.0,0.0,0.0,20.1,2.4,46.0,0.0,993.4,100,27.5667,72.0667,0.0
2024-12-05 21:00:00+05:30,0.0,0.0,0.0,18.9,2.4,49.0,0.0,993.5,100,27.5667,72.0667,0.0
2024-12-05 22:00:00+05:30,0.0,0.0,0.0,17.8,4.4,52.0,0.0,993.5,100,27.5667,72.0667,0.0
2024-12-05 23:00:00+05:30,0.0,0.0,0.0,17.5,3.3,53.0,0.0,993.4,100,27.5667,72.0667,0.0
2024-12-06 00:00:00+05:30,0.0,0.0,0.0,17.0,2.4,55.0,7.0,993.1,100,27.5667,72.0667,0.0
2024-12-06 01:00:00+05:30,0.0,0.0,0.0,15.9,3.8,59.0,22.0,992.9,100,27.5667,72.0667,0.0
2024-12-06 02:00:00+05:30,0.0,0.0,0.0,14.9,6.0,64.0,8.0,992.7,100,27.5667,72.0667,0.0
2024-12-06 03:00:00+05:30,0.0,0.0,0.0,14.2,5.1,67.0,9.0,992.5,100,27.5667,72.0667,0.0
2024-12-06 04:00:00+05:30,0.0,0.0,0.0,13.7,5.6,69.0,5.0,992.3,100,27.5667,72.0667,0.0
2024-12-06 05:00:00+05:30,0.0,0.0,0.0,13.4,6.4,71.0,4.0,992.5,100,27.5667,72.0667,0.0
2024-12-06 06:00:00+05:30,0.0,0.0,0.0,12.3,6.2,79.0,2.0,992.7,100,27.5667,72.0667,0.0
2024-12-06 07:00:00+05:30,1.0,0.0,1.0,12.2,7.3,79.0,7.0,993.4,100,27.5667,72.0667,0.0
2024-12-06 08:00:00+05:30,70.0,186.9,45.0,14.4,8.0,69.0,0.0,994.3,100,27.5667,72.0667,9.97239271242941
2024-12-06 09:00:00+05:30,235.0,427.4,102.0,17.9,6.1,56.0,0.0,994.9,100,27.5667,72.0667,32.913938255382526
2024-12-06 10:00:00+05:30,403.0,582.3,133.0,21.3,5.3,45.0,0.0,995.2,100,27.5667,72.0667,52.48699463488474
2024-12-06 11:00:00+05:30,534.0,667.2,152.0,23.8,7.3,31.0,0.0,994.8,100,27.5667,72.0667,67.23125740000512
2024-12-06 12:00:00+05:30,607.0,709.2,160.0,25.1,8.8,22.0,0.0,993.6,100,27.5667,72.0667,71.69297477092975
2024-12-06 13:00:00+05:30,612.0,715.7,159.0,25.8,8.6,20.0,0.0,992.6,100,27.5667,72.0667,73.67262135447707
2024-12-06 14:00:00+05:30,549.0,685.7,151.0,26.2,8.1,19.0,0.0,991.7,100,27.5667,72.0667,66.38672094861329
2024-12-06 15:00:00+05:30,424.0,610.9,133.0,26.2,7.6,20.0,0.0,991.1,100,27.5667,72.0667,54.91226451631144
2024-12-06 16:00:00+05:30,256.0,463.8,104.0,25.7,6.7,21.0,0.0,990.9,100,27.5667,72.0667,34.955740918996874
2024-12-06 17:00:00+05:30,85.0,228.2,52.0,23.0,2.3,29.0,0.0,990.6,100,27.5667,72.0667,12.03368789221118
2024-12-06 18:00:00+05:30,2.0,0.0,2.0,21.9,2.3,33.0,0.0,991.0,100,27.5667,72.0667,0.0
2024-12-06 19:00:00+05:30,0.0,0.0,0.0,20.1,4.3,37.0,0.0,991.4,100,27.5667,72.0667,0.0
2024-12-06 20:00:00+05:30,0.0,0.0,0.0,18.9,4.0,39.0,0.0,991.7,100,27.5667,72.0667,0.0
2024-12-06 21:00:00+05:30,0.0,0.0,0.0,18.0,2.7,40.0,0.0,991.9,100,27.5667,72.0667,0.0
2024-12-06 22:00:00+05:30,0.0,0.0,0.0,16.7,4.5,43.0,0.0,992.0,100,27.5667,72.0667,0.0
2024-12-06 23:00:00+05:30,0.0,0.0,0.0,15.6,4.6,47.0,0.0,991.7,100,27.5667,72.0667,0.0
2024-12-07 00:00:00+05:30,0.0,0.0,0.0,14.6,4.7,51.0,0.0,991.1,100,27.5667,72.0667,0.0
2024-12-07 01:00:00+05:30,0.0,0.0,0.0,13.7,5.5,56.0,0.0,990.8,100,27.5667,72.0667,0.0
2024-12-07 02:00:00+05:30,0.0,0.0,0.0,13.0,5.8,60.0,0.0,990.4,100,27.5667,72.0667,0.0
2024-12-07 03:00:00+05:30,0.0,0.0,0.0,12.4,5.7,63.0,0.0,990.0,100,27.5667,72.0667,0.0
2024-12-07 04:00:00+05:30,0.0,0.0,0.0,11.7,5.9,66.0,0.0,989.7,100,27.5667,72.0667,0.0
2024-12-07 05:00:00+05:30,0.0,0.0,0.0,11.1,5.5,69.0,0.0,989.8,100,27.5667,72.0667,0.0
2024-12-07 06:00:00+05:30,0.0,0.0,0.0,10.2,3.7,74.0,0.0,990.9,100,27.5667,72.0667,0.0
2024-12-07 07:00:00+05:30,0.0,0.0,0.0,9.7,3.8,77.0,0.0,991.3,100,27.5667,72.0667,0.0
2024-12-07 08:00:00+05:30,70.0,196.4,44.0,11.6,5.6,68.0,1.0,992.0,100,27.5667,72.0667,10.29066795165903
2024-12-07 09:00:00+05:30,237.0,443.8,100.0,16.0,5.8,53.0,0.0,992.5,100,27.5667,72.0667,33.161541613776784
2024-12-07 10:00:00+05:30,409.0,600.4,132.0,20.1,4.4,41.0,0.0,993.0,100,27.5667,72.0667,54.73292707642799
2024-12-07 11:00:00+05:30,541.0,685.4,150.0,23.0,6.9,29.0,0.0,992.5,100,27.5667,72.0667,67.48074604493817
2024-12-07 12:00:00+05:30,614.0,723.9,159.0,24.7,10.2,20.0,0.0,991.4,100,27.5667,72.0667,75.04391685137988
2024-12-07 13:00:00+05:30,619.0,729.9,158.0,25.7,11.6,15.0,0.0,990.4,100,27.5667,72.0667,76.03316339534004
2024-12-07 14:00:00+05:30,558.0,702.2,151.0,26.1,12.1,11.0,0.0,989.6,100,27.5667,72.0667,69.70457992302786
2024-12-07 15:00:00+05:30,434.0,632.5,133.0,26.1,11.9,10.0,0.0,989.1,100,27.5667,72.0667,56.471174632826056
2024-12-07 16:00:00+05:30,265.0,488.3,105.0,25.4,10.3,11.0,0.0,989.1,100,27.5667,72.0667,35.6320480436468
2024-12-07 17:00:00+05:30,89.0,248.3,53.0,22.1,8.3,13.0,0.0,989.0,100,27.5667,72.0667,13.335749710165121
2024-12-07 18:00:00+05:30,2.0,0.0,2.0,20.5,10.0,16.0,0.0,989.8,100,27.5667,72.0667,0.0
2024-12-07 19:00:00+05:30,0.0,0.0,0.0,19.0,8.3,18.0,0.0,990.5,100,27.5667,72.0667,0.0
2024-12-07 20:00:00+05:30,0.0,0.0,0.0,17.3,5.8,21.0,0.0,990.7,100,27.5667,72.0667,0.0
2024-12-07 21:00:00+05:30,0.0,0.0,0.0,16.1,8.7,22.0,0.0,991.0,100,27.5667,72.0667,0.0
2024-12-07 22:00:00+05:30,0.0,0.0,0.0,15.3,9.1,23.0,0.0,991.1,100,27.5667,72.0667,0.0
2024-12-07 23:00:00+05:30,0.0,0.0,0.0,14.5,8.9,23.0,0.0,990.6,100,27.5667,72.0667,0.0
2024-12-08 00:00:00+05:30,0.0,0.0,0.0,14.2,11.4,23.0,0.0,990.3,100,27.5667,72.0667,0.0
2024-12-08 01:00:00+05:30,0.0,0.0,0.0,14.0,11.7,24.0,1.0,990.3,100,27.5667,72.0667,0.0
2024-12-08 02:00:00+05:30,0.0,0.0,0.0,13.2,10.1,26.0,5.0,989.9,100,27.5667,72.0667,0.0
2024-12-08 03:00:00+05:30,0.0,0.0,0.0,12.6,10.5,26.0,24.0,989.6,100,27.5667,72.0667,0.0
2024-12-08 04:00:00+05:30,0.0,0.0,0.0,12.4,11.9,26.0,16.0,989.5,100,27.5667,72.0667,0.0
2024-12-08 05:00:00+05:30,0.0,0.0,0.0,12.3,12.9,25.0,51.0,989.5,100,27.5667,72.0667,0.0
2024-12-08 06:00:00+05:30,0.0,0.0,0.0,10.4,11.8,32.0,0.0,990.3,100,27.5667,72.0667,0.0
2024-12-08 07:00:00+05:30,0.0,0.0,0.0,10.4,12.1,32.0,4.0,991.1,100,27.5667,72.0667,0.0
2024-12-08 08:00:00+05:30,70.0,198.3,44.0,12.0,11.6,29.0,10.0,991.7,100,27.5667,72.0667,10.306497955539689
2024-12-08 09:00:00+05:30,243.0,457.2,103.0,15.0,13.1,24.0,9.0,992.2,100,27.5667,72.0667,34.77035249919913
2024-12-08 10:00:00+05:30,417.0,618.7,133.0,18.5,13.0,17.0,7.0,992.7,100,27.5667,72.0667,56.28021394831924
2024-12-08 11:00:00+05:30,551.0,703.7,151.0,20.8,15.4,15.0,25.0,992.0,100,27.5667,72.0667,71.63719897298685
2024-12-08 12:00:00+05:30,624.0,741.8,159.0,23.2,20.2,12.0,50.0,991.0,100,27.5667,72.0667,76.71768144995914
2024-12-08 13:00:00+05:30,629.0,744.0,160.0,23.8,22.6,11.0,74.0,990.2,100,27.5667,72.0667,78.90144860119986
2024-12-08 14:00:00+05:30,562.0,708.4,152.0,23.4,21.7,11.0,22.0,989.9,100,27.5667,72.0667,72.35550796923044
2024-12-08 15:00:00+05:30,434.0,632.9,133.0,23.0,20.0,12.0,65.0,990.1,100,27.5667,72.0667,56.55449891229408
2024-12-08 16:00:00+05:30,263.0,482.0,105.0,22.1,15.6,13.0,78.0,990.4,100,27.5667,72.0667,35.521385639892344
2024-12-08 17:00:00+05:30,88.0,247.5,52.0,19.7,9.9,17.0,43.0,990.8,100,27.5667,72.0667,13.052179434854633
2024-12-08 18:00:00+05:30,2.0,0.0,2.0,18.9,13.2,20.0,58.0,991.8,100,27.5667,72.0667,0.0
2024-12-08 19:00:00+05:30,0.0,0.0,0.0,17.9,13.2,27.0,44.0,992.6,100,27.5667,72.0667,0.0
2024-12-08 20:00:00+05:30,0.0,0.0,0.0,16.9,11.4,34.0,27.0,993.1,100,27.5667,72.0667,0.0
2024-12-08 21:00:00+05:30,0.0,0.0,0.0,15.5,9.6,40.0,19.0,993.3,100,27.5667,72.0667,0.0
2024-12-08 22:00:00+05:30,0.0,0.0,0.0,14.3,7.9,46.0,15.0,993.7,100,27.5667,72.0667,0.0
2024-12-08 23:00:00+05:30,0.0,0.0,0.0,13.5,8.1,50.0,1.0,993.5,100,27.5667,72.0667,0.0
2024-12-09 00:00:00+05:30,0.0,0.0,0.0,12.5,6.0,55.0,0.0,993.3,100,27.5667,72.0667,0.0
2024-12-09 01:00:00+05:30,0.0,0.0,0.0,11.8,5.7,59.0,0.0,993.0,100,27.5667,72.0667,0.0
2024-12-09 02:00:00+05:30,0.0,0.0,0.0,11.6,9.4,62.0,0.0,992.9,100,27.5667,72.0667,0.0
2024-12-09 03:00:00+05:30,0.0,0.0,0.0,11.4,10.6,65.0,0.0,992.7,100,27.5667,72.0667,0.0
2024-12-09 04:00:00+05:30,0.0,0.0,0.0,10.8,9.5,69.0,0.0,992.6,100,27.5667,72.0667,0.0
2024-12-09 05:00:00+05:30,0.0,0.0,0.0,9.9,6.5,74.0,0.0,993.0,100,27.5667,72.0667,0.0
2024-12-09 06:00:00+05:30,0.0,0.0,0.0,9.0,5.5,79.0,4.0,993.7,100,27.5667,72.0667,0.0
2024-12-09 07:00:00+05:30,0.0,0.0,0.0,8.7,7.1,80.0,10.0,995.0,100,27.5667,72.0667,0.0
2024-12-09 08:00:00+05:30,65.0,177.2,42.0,10.3,9.9,73.0,5.0,996.3,100,27.5667,72.0667,9.34467585234645
2024-12-09 09:00:00+05:30,228.0,418.0,101.0,13.2,6.9,61.0,3.0,997.4,100,27.5667,72.0667,32.2211053084048
2024-12-09 10:00:00+05:30,396.0,571.3,135.0,16.1,6.7,50.0,2.0,998.1,100,27.5667,72.0667,54.266656411573145
2024-12-09 11:00:00+05:30,525.0,654.9,154.0,18.4,6.6,43.0,5.0,997.8,100,27.5667,72.0667,65.95946340572682
2024-12-09 12:00:00+05:30,598.0,697.3,162.0,20.1,6.4,36.0,12.0,996.9,100,27.5667,72.0667,75.31181157550154
2024-12-09 13:00:00+05:30,604.0,704.0,161.0,21.2,6.4,31.0,2.0,996.0,100,27.5667,72.0667,71.91661054204756
2024-12-09 14:00:00+05:30,543.0,676.3,152.0,21.8,7.3,27.0,0.0,995.3,100,27.5667,72.0667,67.01092344078428
2024-12-09 15:00:00+05:30,421.0,601.7,135.0,21.8,8.3,26.0,0.0,994.8,100,27.5667,72.0667,54.39580815006356
2024-12-09 16:00:00+05:30,255.0,457.4,105.0,21.2,9.1,27.0,0.0,994.8,100,27.5667,72.0667,34.94094782523135
2024-12-09 17:00:00+05:30,86.0,226.0,53.0,19.1,7.6,32.0,0.0,995.1,100,27.5667,72.0667,12.213328087341186
2024-12-09 18:00:00+05:30,2.0,0.0,2.0,17.7,9.0,34.0,0.0,995.8,100,27.5667,72.0667,0.0
2024-12-09 19:00:00+05:30,0.0,0.0,0.0,16.6,8.2,37.0,0.0,996.5,100,27.5667,72.0667,0.0
2024-12-09 20:00:00+05:30,0.0,0.0,0.0,15.5,6.6,40.0,0.0,997.2,100,27.5667,72.0667,0.0
2024-12-09 21:00:00+05:30,0.0,0.0,0.0,14.4,6.0,44.0,0.0,997.2,100,27.5667,72.0667,0.0
2024-12-09 22:00:00+05:30,0.0,0.0,0.0,13.6,5.7,46.0,0.0,997.3,100,27.5667,72.0667,0.0
2024-12-09 23:00:00+05:30,0.0,0.0,0.0,12.9,8.0,48.0,0.0,997.2,100,27.5667,72.0667,0.0
2024-12-10 00:00:00+05:30,0.0,0.0,0.0,12.3,8.4,49.0,0.0,996.8,100,27.5667,72.0667,0.0
2024-12-10 01:00:00+05:30,0.0,0.0,0.0,11.9,8.7,51.0,0.0,996.6,100,27.5667,72.0667,0.0
2024-12-10 02:00:00+05:30,0.0,0.0,0.0,11.2,7.9,54.0,1.0,996.6,100,27.5667,72.0667,0.0
2024-12-10 03:00:00+05:30,0.0,0.0,0.0,10.5,7.3,58.0,8.0,996.5,100,27.5667,72.0667,0.0
2024-12-10 04:00:00+05:30,0.0,0.0,0.0,9.8,7.6,62.0,0.0,996.4,100,27.5667,72.0667,0.0
2024-12-10 05:00:00+05:30,0.0,0.0,0.0,9.2,7.3,66.0,0.0,996.3,100,27.5667,72.0667,0.0
2024-12-10 06:00:00+05:30,0.0,0.0,0.0,8.5,7.7,76.0,0.0,997.2,100,27.5667,72.0667,0.0
2024-12-10 07:00:00+05:30,0.0,0.0,0.0,8.0,8.1,80.0,0.0,997.8,100,27.5667,72.0667,0.0
2024-12-10 08:00:00+05:30,64.0,171.2,42.0,9.7,9.9,72.0,0.0,998.5,100,27.5667,72.0667,9.251285744954382
2024-12-10 09:00:00+05:30,226.0,418.0,100.0,12.8,7.7,60.0,0.0,999.0,100,27.5667,72.0667,33.579890999367066
2024-12-10 10:00:00+05:30,395.0,576.2,133.0,16.2,5.8,49.0,0.0,999.3,100,27.5667,72.0667,54.14105224633245
2024-12-10 11:00:00+05:30,527.0,662.4,153.0,19.1,7.3,38.0,0.0,998.7,100,27.5667,72.0667,67.52114744927074
2024-12-10 12:00:00+05:30,600.0,703.7,161.0,20.4,6.9,29.0,0.0,997.6,100,27.5667,72.0667,75.35118616120724
2024-12-10 13:00:00+05:30,608.0,711.5,161.0,21.1,4.9,27.0,0.0,996.5,100,27.5667,72.0667,72.84568606843192
2024-12-10 14:00:00+05:30,546.0,683.9,151.0,21.5,3.7,26.0,0.0,995.7,100,27.5667,72.0667,65.95585158744895
2024-12-10 15:00:00+05:30,423.0,608.1,134.0,21.5,3.2,25.0,0.0,995.3,100,27.5667,72.0667,54.662696801052554
2024-12-10 16:00:00+05:30,257.0,463.1,105.0,21.2,3.5,26.0,0.0,995.0,100,27.5667,72.0667,34.91708824228407
2024-12-10 17:00:00+05:30,86.0,231.9,52.0,19.0,1.9,33.0,0.0,995.0,100,27.5667,72.0667,12.961981394448895
2024-12-10 18:00:00+05:30,2.0,0.0,2.0,17.4,5.1,37.0,0.0,995.5,100,27.5667,72.0667,0.0
2024-12-10 19:00:00+05:30,0.0,0.0,0.0,16.3,7.9,37.0,0.0,996.0,100,27.5667,72.0667,0.0
2024-12-10 20:00:00+05:30,0.0,0.0,0.0,15.4,8.4,38.0,0.0,996.4,100,27.5667,72.0667,0.0
2024-12-10 21:00:00+05:30,0.0,0.0,0.0,14.4,8.0,40.0,0.0,996.6,100,27.5667,72.0667,0.0
2024-12-10 22:00:00+05:30,0.0,0.0,0.0,13.5,7.7,42.0,0.0,996.8,100,27.5667,72.0667,0.0
2024-12-10 23:00:00+05:30,0.0,0.0,0.0,12.6,8.2,44.0,0.0,996.6,100,27.5667,72.0667,0.0
2024-12-11 00:00:00+05:30,0.0,0.0,0.0,11.8,8.9,45.0,0.0,996.1,100,27.5667,72.0667,0.0
2024-12-11 01:00:00+05:30,0.0,0.0,0.0,11.0,8.8,47.0,0.0,995.7,100,27.5667,72.0667,0.0
2024-12-11 02:00:00+05:30,0.0,0.0,0.0,10.2,8.0,49.0,0.0,995.3,100,27.5667,72.0667,0.0
2024-12-11 03:00:00+05:30,0.0,0.0,0.0,9.6,7.9,50.0,0.0,995.2,100,27.5667,72.0667,0.0
2024-12-11 04:00:00+05:30,0.0,0.0,0.0,9.0,8.1,52.0,0.0,995.2,100,27.5667,72.0667,0.0
2024-12-11 05:00:00+05:30,0.0,0.0,0.0,8.7,9.1,53.0,0.0,995.6,100,27.5667,72.0667,0.0
2024-12-11 06:00:00+05:30,0.0,0.0,0.0,7.4,8.9,58.0,0.0,996.5,100,27.5667,72.0667,0.0
2024-12-11 07:00:00+05:30,0.0,0.0,0.0,7.0,8.3,60.0,0.0,997.1,100,27.5667,72.0667,0.0
2024-12-11 08:00:00+05:30,63.0,180.7,40.0,8.6,9.7,55.0,0.0,997.6,100,27.5667,72.0667,9.458625501291731
2024-12-11 09:00:00+05:30,227.0,427.8,99.0,11.8,8.7,46.0,0.0,998.4,100,27.5667,72.0667,32.59099319525853
2024-12-11 10:00:00+05:30,398.0,587.7,132.0,15.3,6.4,37.0,0.0,998.8,100,27.5667,72.0667,53.51198619856972
2024-12-11 11:00:00+05:30,529.0,673.3,150.0,18.8,6.1,30.0,0.0,998.5,100,27.5667,72.0667,68.80384458603312
2024-12-11 12:00:00+05:30,602.0,711.7,159.0,20.9,6.0,24.0,0.0,997.4,100,27.5667,72.0667,72.91313933675957
2024-12-11 13:00:00+05:30,609.0,717.4,159.0,21.7,3.2,21.0,0.0,996.2,100,27.5667,72.0667,73.0425105623949
2024-12-11 14:00:00+05:30,548.0,688.0,151.0,22.1,2.6,20.0,0.0,995.4,100,27.5667,72.0667,65.85799034025094
2024-12-11 15:00:00+05:30,426.0,614.5,134.0,22.1,3.1,19.0,0.0,994.9,100,27.5667,72.0667,54.60528236829603
2024-12-11 16:00:00+05:30,260.0,471.7,105.0,21.8,4.7,20.0,0.0,994.6,100,27.5667,72.0667,35.78379128051021
2024-12-11 17:00:00+05:30,88.0,237.6,53.0,19.1,4.3,27.0,0.0,994.4,100,27.5667,72.0667,12.837261688839341
2024-12-11 18:00:00+05:30,2.0,0.0,2.0,17.4,5.9,28.0,0.0,994.8,100,27.5667,72.0667,0.0
2024-12-11 19:00:00+05:30,0.0,0.0,0.0,16.2,5.4,30.0,0.0,995.3,100,27.5667,72.0667,0.0
2024-12-11 20:00:00+05:30,0.0,0.0,0.0,14.9,5.1,33.0,0.0,995.5,100,27.5667,72.0667,0.0
2024-12-11 21:00:00+05:30,0.0,0.0,0.0,13.9,3.6,37.0,0.0,995.5,100,27.5667,72.0667,0.0
2024-12-11 22:00:00+05:30,0.0,0.0,0.0,13.2,2.7,38.0,0.0,995.4,100,27.5667,72.0667,0.0
2024-12-11 23:00:00+05:30,0.0,0.0,0.0,12.5,2.5,40.0,0.0,994.9,100,27.5667,72.0667,0.0
2024-12-12 00:00:00+05:30,0.0,0.0,0.0,11.4,4.2,42.0,0.0,994.3,100,27.5667,72.0667,0.0
2024-12-12 01:00:00+05:30,0.0,0.0,0.0,10.5,3.8,44.0,0.0,993.8,100,27.5667,72.0667,0.0
2024-12-12 02:00:00+05:30,0.0,0.0,0.0,9.7,3.4,45.0,0.0,993.7,100,27.5667,72.0667,0.0
2024-12-12 03:00:00+05:30,0.0,0.0,0.0,9.1,3.8,47.0,0.0,993.3,100,27.5667,72.0667,0.0
2024-12-12 04:00:00+05:30,0.0,0.0,0.0,8.8,4.1,48.0,0.0,993.0,100,27.5667,72.0667,0.0
2024-12-12 05:00:00+05:30,0.0,0.0,0.0,8.6,6.6,49.0,0.0,993.0,100,27.5667,72.0667,0.0
2024-12-12 06:00:00+05:30,0.0,0.0,0.0,7.6,7.1,54.0,0.0,993.7,100,27.5667,72.0667,0.0
2024-12-12 07:00:00+05:30,0.0,0.0,0.0,7.3,7.0,55.0,0.0,994.5,100,27.5667,72.0667,0.0
2024-12-12 08:00:00+05:30,61.0,174.4,39.0,9.1,7.5,49.0,0.0,995.5,100,27.5667,72.0667,8.987410293099199
2024-12-12 09:00:00+05:30,225.0,427.6,98.0,12.3,6.0,41.0,0.0,996.8,100,27.5667,72.0667,32.03566695864262
2024-12-12 10:00:00+05:30,395.0,588.1,130.0,15.2,4.9,36.0,0.0,997.5,100,27.5667,72.0667,51.84788876564536
2024-12-12 11:00:00+05:30,528.0,675.3,149.0,17.6,4.6,30.0,0.0,997.2,100,27.5667,72.0667,68.42068557476169
2024-12-12 12:00:00+05:30,603.0,716.4,158.0,19.6,4.5,25.0,0.0,996.6,100,27.5667,72.0667,75.63686845319502
2024-12-12 13:00:00+05:30,614.0,726.3,159.0,20.8,5.6,22.0,0.0,995.7,100,27.5667,72.0667,77.00884900690144
2024-12-12 14:00:00+05:30,556.0,700.6,152.0,21.4,5.8,21.0,0.0,995.3,100,27.5667,72.0667,69.32275881886926
2024-12-12 15:00:00+05:30,433.0,627.1,135.0,21.5,6.0,20.0,0.0,995.2,100,27.5667,72.0667,56.08268454734228
2024-12-12 16:00:00+05:30,264.0,483.2,105.0,21.0,6.2,22.0,0.0,995.1,100,27.5667,72.0667,35.857980110558344
2024-12-12 17:00:00+05:30,90.0,243.1,54.0,18.3,5.0,29.0,0.0,995.4,100,27.5667,72.0667,13.553376125979579
2024-12-12 18:00:00+05:30,2.0,0.0,2.0,16.7,7.9,33.0,0.0,996.0,100,27.5667,72.0667,0.0
2024-12-12 19:00:00+05:30,0.0,0.0,0.0,15.5,7.6,34.0,0.0,996.4,100,27.5667,72.0667,0.0
2024-12-12 20:00:00+05:30,0.0,0.0,0.0,14.5,7.2,36.0,0.0,996.8,100,27.5667,72.0667,0.0
2024-12-12 21:00:00+05:30,0.0,0.0,0.0,13.4,6.7,39.0,0.0,997.3,100,27.5667,72.0667,0.0
2024-12-12 22:00:00+05:30,0.0,0.0,0.0,12.7,7.6,42.0,0.0,997.8,100,27.5667,72.0667,0.0
2024-12-12 23:00:00+05:30,0.0,0.0,0.0,12.2,9.6,43.0,5.0,997.9,100,27.5667,72.0667,0.0
2024-12-13 00:00:00+05:30,0.0,0.0,0.0,11.3,9.3,45.0,47.0,997.7,100,27.5667,72.0667,0.0
2024-12-13 01:00:00+05:30,0.0,0.0,0.0,10.7,9.2,46.0,0.0,997.6,100,27.5667,72.0667,0.0
2024-12-13 02:00:00+05:30,0.0,0.0,0.0,10.2,8.8,47.0,0.0,997.6,100,27.5667,72.0667,0.0
2024-12-13 03:00:00+05:30,0.0,0.0,0.0,9.6,8.4,48.0,3.0,997.4,100,27.5667,72.0667,0.0
2024-12-13 04:00:00+05:30,0.0,0.0,0.0,9.0,8.6,50.0,63.0,997.3,100,27.5667,72.0667,0.0
2024-12-13 05:00:00+05:30,0.0,0.0,0.0,8.5,8.1,51.0,0.0,997.3,100,27.5667,72.0667,0.0
2024-12-13 06:00:00+05:30,0.0,0.0,0.0,7.4,7.2,59.0,0.0,997.9,100,27.5667,72.0667,0.0
2024-12-13 07:00:00+05:30,0.0,0.0,0.0,7.0,6.4,60.0,0.0,999.0,100,27.5667,72.0667,0.0
2024-12-13 08:00:00+05:30,61.0,176.0,39.0,8.7,8.1,54.0,0.0,1000.2,100,27.5667,72.0667,9.091562926473253
2024-12-13 09:00:00+05:30,224.0,423.9,99.0,11.7,5.8,45.0,0.0,1001.2,100,27.5667,72.0667,32.52808552281108
2024-12-13 10:00:00+05:30,394.0,583.9,132.0,14.8,3.2,38.0,0.0,1001.7,100,27.5667,72.0667,51.497713538346076
2024-12-13 11:00:00+05:30,526.0,668.3,152.0,17.7,3.5,32.0,0.0,1001.1,100,27.5667,72.0667,67.07872080443781
2024-12-13 12:00:00+05:30,600.0,709.7,160.0,19.7,5.1,29.0,0.0,999.9,100,27.5667,72.0667,72.98065807537178
2024-12-13 13:00:00+05:30,608.0,716.0,160.0,20.8,7.2,26.0,8.0,998.6,100,27.5667,72.0667,75.78335057485188
2024-12-13 14:00:00+05:30,547.0,681.9,154.0,21.4,8.8,22.0,0.0,997.7,100,27.5667,72.0667,69.34197400424517
2024-12-13 15:00:00+05:30,427.0,614.3,135.0,21.4,10.0,21.0,0.0,997.3,100,27.5667,72.0667,55.90475836104074
2024-12-13 16:00:00+05:30,262.0,473.3,106.0,20.8,9.9,21.0,0.0,997.1,100,27.5667,72.0667,36.65372286993226
2024-12-13 17:00:00+05:30,90.0,241.7,54.0,18.1,6.9,28.0,0.0,997.2,100,27.5667,72.0667,13.65658897457704
2024-12-13 18:00:00+05:30,2.0,0.0,2.0,16.6,7.4,30.0,0.0,997.6,100,27.5667,72.0667,0.0
2024-12-13 19:00:00+05:30,0.0,0.0,0.0,15.3,7.9,32.0,0.0,998.1,100,27.5667,72.0667,0.0
2024-12-13 20:00:00+05:30,0.0,0.0,0.0,14.3,7.2,34.0,0.0,998.4,100,27.5667,72.0667,0.0
2024-12-13 21:00:00+05:30,0.0,0.0,0.0,13.2,6.6,37.0,0.0,998.6,100,27.5667,72.0667,0.0
2024-12-13 22:00:00+05:30,0.0,0.0,0.0,12.3,6.2,40.0,0.0,998.5,100,27.5667,72.0667,0.0
2024-12-13 23:00:00+05:30,0.0,0.0,0.0,11.4,5.7,43.0,0.0,998.2,100,27.5667,72.0667,0.0
2024-12-14 00:00:00+05:30,0.0,0.0,0.0,10.4,5.6,45.0,0.0,997.8,100,27.5667,72.0667,0.0
2024-12-14 01:00:00+05:30,0.0,0.0,0.0,9.7,4.4,48.0,0.0,997.3,100,27.5667,72.0667,0.0
2024-12-14 02:00:00+05:30,0.0,0.0,0.0,9.4,2.7,49.0,0.0,997.0,100,27.5667,72.0667,0.0
2024-12-14 03:00:00+05:30,0.0,0.0,0.0,8.9,2.2,50.0,0.0,996.6,100,27.5667,72.0667,0.0
2024-12-14 04:00:00+05:30,0.0,0.0,0.0,8.1,2.3,52.0,0.0,996.8,100,27.5667,72.0667,0.0
2024-12-14 05:00:00+05:30,0.0,0.0,0.0,7.0,3.7,56.0,0.0,996.9,100,27.5667,72.0667,0.0
2024-12-14 06:00:00+05:30,0.0,0.0,0.0,5.3,5.2,61.0,0.0,997.5,100,27.5667,72.0667,0.0
2024-12-14 07:00:00+05:30,0.0,0.0,0.0,4.5,6.3,64.0,0.0,998.0,100,27.5667,72.0667,0.0
2024-12-14 08:00:00+05:30,60.0,169.5,39.0,6.4,7.5,57.0,0.0,998.8,100,27.5667,72.0667,8.867070833957914
2024-12-14 09:00:00+05:30,225.0,433.7,98.0,10.2,5.8,44.0,0.0,999.9,100,27.5667,72.0667,34.34869012157997
2024-12-14 10:00:00+05:30,399.0,597.4,132.0,14.6,4.2,34.0,0.0,1000.5,100,27.5667,72.0667,53.67139836709068
2024-12-14 11:00:00+05:30,534.0,686.2,151.0,17.8,4.2,27.0,0.0,1000.1,100,27.5667,72.0667,68.20776253278814
2024-12-14 12:00:00+05:30,611.0,728.7,160.0,19.6,3.5,22.0,0.0,999.1,100,27.5667,72.0667,74.18710178891092
2024-12-14 13:00:00+05:30,619.0,734.4,160.0,20.7,3.7,19.0,0.0,998.2,100,27.5667,72.0667,77.63712444799064
2024-12-14 14:00:00+05:30,559.0,704.7,153.0,21.4,4.4,18.0,0.0,997.2,100,27.5667,72.0667,67.96507344595749
2024-12-14 15:00:00+05:30,436.0,632.9,135.0,21.6,4.9,18.0,0.0,996.6,100,27.5667,72.0667,57.25122006470681
2024-12-14 16:00:00+05:30,268.0,487.5,107.0,21.2,5.0,19.0,0.0,996.4,100,27.5667,72.0667,36.628766553276606
2024-12-14 17:00:00+05:30,92.0,253.5,54.0,18.5,2.6,25.0,0.0,996.2,100,27.5667,72.0667,13.729362626073113
2024-12-14 18:00:00+05:30,2.0,0.0,2.0,17.4,3.2,27.0,0.0,996.5,100,27.5667,72.0667,0.0
2024-12-14 19:00:00+05:30,0.0,0.0,0.0,15.7,3.4,30.0,0.0,997.1,100,27.5667,72.0667,0.0
2024-12-14 20:00:00+05:30,0.0,0.0,0.0,14.5,4.1,32.0,0.0,997.4,100,27.5667,72.0667,0.0
2024-12-14 21:00:00+05:30,0.0,0.0,0.0,13.2,6.0,34.0,0.0,997.8,100,27.5667,72.0667,0.0
2024-12-14 22:00:00+05:30,0.0,0.0,0.0,12.0,6.6,36.0,0.0,997.9,100,27.5667,72.0667,0.0
2024-12-14 23:00:00+05:30,0.0,0.0,0.0,11.0,6.6,38.0,0.0,997.6,100,27.5667,72.0667,0.0
2024-12-15 00:00:00+05:30,0.0,0.0,0.0,10.0,6.3,41.0,0.0,997.0,100,27.5667,72.0667,0.0
2024-12-15 01:00:00+05:30,0.0,0.0,0.0,9.0,6.2,42.0,0.0,996.4,100,27.5667,72.0667,0.0
2024-12-15 02:00:00+05:30,0.0,0.0,0.0,8.0,6.2,43.0,0.0,996.1,100,27.5667,72.0667,0.0
2024-12-15 03:00:00+05:30,0.0,0.0,0.0,7.2,5.8,44.0,0.0,996.0,100,27.5667,72.0667,0.0
2024-12-15 04:00:00+05:30,0.0,0.0,0.0,6.7,6.7,44.0,0.0,996.0,100,27.5667,72.0667,0.0
2024-12-15 05:00:00+05:30,0.0,0.0,0.0,6.3,7.9,45.0,0.0,996.2,100,27.5667,72.0667,0.0
2024-12-15 06:00:00+05:30,0.0,0.0,0.0,5.2,9.2,50.0,0.0,996.9,100,27.5667,72.0667,0.0
2024-12-15 07:00:00+05:30,0.0,0.0,0.0,5.1,9.6,50.0,0.0,997.7,100,27.5667,72.0667,0.0
2024-12-15 08:00:00+05:30,60.0,179.1,38.0,6.8,10.4,46.0,0.0,998.6,100,27.5667,72.0667,9.124480591387716
2024-12-15 09:00:00+05:30,227.0,440.0,99.0,10.2,9.2,38.0,0.0,999.6,100,27.5667,72.0667,33.104904725899175
2024-12-15 10:00:00+05:30,402.0,606.4,132.0,14.0,5.5,31.0,0.0,1000.2,100,27.5667,72.0667,54.841299971745
2024-12-15 11:00:00+05:30,537.0,693.3,151.0,17.9,5.0,24.0,0.0,1000.1,100,27.5667,72.0667,68.30326615708057
2024-12-15 12:00:00+05:30,613.0,733.1,160.0,20.8,5.6,19.0,0.0,999.1,100,27.5667,72.0667,75.57623326458865
2024-12-15 13:00:00+05:30,622.0,738.2,161.0,22.3,5.1,15.0,0.0,997.7,100,27.5667,72.0667,74.53517339957254
2024-12-15 14:00:00+05:30,562.0,711.7,152.0,23.0,4.5,14.0,0.0,996.7,100,27.5667,72.0667,70.15298183018696
2024-12-15 15:00:00+05:30,439.0,638.7,135.0,23.2,4.8,14.0,0.0,996.2,100,27.5667,72.0667,55.456185909552055
2024-12-15 16:00:00+05:30,270.0,495.6,106.0,22.6,5.2,16.0,0.0,996.0,100,27.5667,72.0667,37.63870729099175
2024-12-15 17:00:00+05:30,94.0,258.4,55.0,19.3,7.2,21.0,0.0,996.1,100,27.5667,72.0667,14.337281948175477
2024-12-15 18:00:00+05:30,3.0,0.0,3.0,18.0,9.4,23.0,0.0,996.5,100,27.5667,72.0667,0.0
2024-12-15 19:00:00+05:30,0.0,0.0,0.0,16.6,9.4,24.0,0.0,996.7,100,27.5667,72.0667,0.0
2024-12-15 20:00:00+05:30,0.0,0.0,0.0,15.2,8.6,26.0,0.0,996.8,100,27.5667,72.0667,0.0
2024-12-15 21:00:00+05:30,0.0,0.0,0.0,14.2,8.0,28.0,0.0,997.1,100,27.5667,72.0667,0.0
2024-12-15 22:00:00+05:30,0.0,0.0,0.0,13.2,7.9,29.0,0.0,996.8,100,27.5667,72.0667,0.0
2024-12-15 23:00:00+05:30,0.0,0.0,0.0,12.3,8.5,31.0,0.0,996.2,100,27.5667,72.0667,0.0
2024-12-16 00:00:00+05:30,0.0,0.0,0.0,11.0,6.2,33.0,0.0,995.8,100,27.5667,72.0667,0.0
2024-12-16 01:00:00+05:30,0.0,0.0,0.0,9.9,5.7,36.0,0.0,995.5,100,27.5667,72.0667,0.0
2024-12-16 02:00:00+05:30,0.0,0.0,0.0,9.1,6.4,38.0,0.0,995.1,100,27.5667,72.0667,0.0
2024-12-16 03:00:00+05:30,0.0,0.0,0.0,8.2,5.5,40.0,0.0,994.9,100,27.5667,72.0667,0.0
2024-12-16 04:00:00+05:30,0.0,0.0,0.0,7.6,3.6,42.0,0.0,994.9,100,27.5667,72.0667,0.0
2024-12-16 05:00:00+05:30,0.0,0.0,0.0,7.3,1.1,43.0,0.0,995.0,100,27.5667,72.0667,0.0
2024-12-16 06:00:00+05:30,0.0,0.0,0.0,5.8,3.5,44.0,0.0,995.9,100,27.5667,72.0667,0.0
2024-12-16 07:00:00+05:30,0.0,0.0,0.0,5.2,5.3,46.0,0.0,996.7,100,27.5667,72.0667,0.0
2024-12-16 08:00:00+05:30,58.0,172.4,37.0,7.0,8.3,42.0,0.0,997.4,100,27.5667,72.0667,8.66796480646556
2024-12-16 09:00:00+05:30,222.0,432.4,97.0,10.6,6.7,35.0,0.0,998.3,100,27.5667,72.0667,33.49252633628842
2024-12-16 10:00:00+05:30,394.0,595.1,130.0,14.4,4.9,31.0,0.0,998.7,100,27.5667,72.0667,52.56594623644046
2024-12-16 11:00:00+05:30,529.0,684.0,149.0,17.9,5.2,29.0,0.0,998.0,100,27.5667,72.0667,66.32403871301388
2024-12-16 12:00:00+05:30,606.0,727.7,157.0,20.7,5.6,26.0,0.0,996.9,100,27.5667,72.0667,74.48349674646686
2024-12-16 13:00:00+05:30,617.0,735.5,158.0,22.4,6.2,21.0,0.0,995.6,100,27.5667,72.0667,76.26566690313267
2024-12-16 14:00:00+05:30,558.0,708.2,150.0,23.2,5.9,19.0,0.0,994.7,100,27.5667,72.0667,69.21786892219308
2024-12-16 15:00:00+05:30,436.0,636.1,133.0,23.3,5.9,18.0,0.0,994.2,100,27.5667,72.0667,57.04527465096102
2024-12-16 16:00:00+05:30,269.0,491.4,106.0,22.8,5.9,18.0,0.0,993.7,100,27.5667,72.0667,37.9417371586744
2024-12-16 17:00:00+05:30,94.0,256.6,55.0,19.6,6.3,24.0,0.0,993.6,100,27.5667,72.0667,14.240900582173392
2024-12-16 18:00:00+05:30,3.0,0.0,3.0,18.2,9.2,26.0,0.0,993.6,100,27.5667,72.0667,0.0
2024-12-16 19:00:00+05:30,0.0,0.0,0.0,17.0,10.5,28.0,0.0,994.3,100,27.5667,72.0667,0.0
2024-12-16 20:00:00+05:30,0.0,0.0,0.0,16.0,11.0,28.0,0.0,994.5,100,27.5667,72.0667,0.0
2024-12-16 21:00:00+05:30,0.0,0.0,0.0,15.0,10.6,29.0,0.0,994.8,100,27.5667,72.0667,0.0
2024-12-16 22:00:00+05:30,0.0,0.0,0.0,14.0,9.7,31.0,0.0,994.8,100,27.5667,72.0667,0.0
2024-12-16 23:00:00+05:30,0.0,0.0,0.0,12.7,8.4,35.0,0.0,994.5,100,27.5667,72.0667,0.0
2024-12-17 00:00:00+05:30,0.0,0.0,0.0,11.7,7.3,40.0,0.0,994.1,100,27.5667,72.0667,0.0
2024-12-17 01:00:00+05:30,0.0,0.0,0.0,10.7,6.2,45.0,0.0,993.6,100,27.5667,72.0667,0.0
2024-12-17 02:00:00+05:30,0.0,0.0,0.0,9.9,5.4,51.0,0.0,993.2,100,27.5667,72.0667,0.0
2024-12-17 03:00:00+05:30,0.0,0.0,0.0,9.2,4.6,55.0,0.0,992.9,100,27.5667,72.0667,0.0
2024-12-17 04:00:00+05:30,0.0,0.0,0.0,8.4,5.0,60.0,0.0,992.7,100,27.5667,72.0667,0.0
2024-12-17 05:00:00+05:30,0.0,0.0,0.0,7.5,5.1,65.0,0.0,992.8,100,27.5667,72.0667,0.0
2024-12-17 06:00:00+05:30,0.0,0.0,0.0,6.5,5.2,68.0,0.0,993.8,100,27.5667,72.0667,0.0
2024-12-17 07:00:00+05:30,0.0,0.0,0.0,5.9,5.6,72.0,0.0,994.4,100,27.5667,72.0667,0.0
2024-12-17 08:00:00+05:30,56.0,173.8,35.0,7.6,8.2,65.0,0.0,995.5,100,27.5667,72.0667,8.525142262080408
2024-12-17 09:00:00+05:30,220.0,431.6,96.0,10.8,6.5,54.0,0.0,996.3,100,27.5667,72.0667,32.67376753669776
2024-12-17 10:00:00+05:30,393.0,597.1,129.0,14.0,4.7,44.0,0.0,997.1,100,27.5667,72.0667,54.40733668267619
2024-12-17 11:00:00+05:30,526.0,683.7,147.0,17.1,5.3,38.0,0.0,996.9,100,27.5667,72.0667,68.68169071227382
2024-12-17 12:00:00+05:30,602.0,723.7,156.0,19.8,6.9,33.0,0.0,995.8,100,27.5667,72.0667,75.50412835648412
2024-12-17 13:00:00+05:30,613.0,731.1,157.0,21.7,9.9,25.0,0.0,995.1,100,27.5667,72.0667,75.82049697574921
2024-12-17 14:00:00+05:30,555.0,702.9,150.0,22.3,11.0,21.0,0.0,994.6,100,27.5667,72.0667,69.33969542462951
2024-12-17 15:00:00+05:30,433.0,631.2,132.0,22.3,11.1,21.0,0.0,994.2,100,27.5667,72.0667,57.429272187073984
2024-12-17 16:00:00+05:30,268.0,490.1,105.0,21.7,11.2,21.0,0.0,994.1,100,27.5667,72.0667,37.90994348034501
2024-12-17 17:00:00+05:30,94.0,254.7,55.0,19.2,8.1,26.0,0.0,994.0,100,27.5667,72.0667,14.03358667544992
2024-12-17 18:00:00+05:30,3.0,0.0,3.0,17.6,9.8,29.0,0.0,994.2,100,27.5667,72.0667,0.0
2024-12-17 19:00:00+05:30,0.0,0.0,0.0,16.5,10.3,31.0,0.0,994.7,100,27.5667,72.0667,0.0
2024-12-17 20:00:00+05:30,0.0,0.0,0.0,15.6,10.7,33.0,0.0,995.4,100,27.5667,72.0667,0.0
2024-12-17 21:00:00+05:30,0.0,0.0,0.0,14.7,10.7,35.0,0.0,995.8,100,27.5667,72.0667,0.0
2024-12-17 22:00:00+05:30,0.0,0.0,0.0,13.8,10.3,39.0,0.0,996.2,100,27.5667,72.0667,0.0
2024-12-17 23:00:00+05:30,0.0,0.0,0.0,13.0,10.3,42.0,0.0,995.9,100,27.5667,72.0667,0.0
2024-12-18 00:00:00+05:30,0.0,0.0,0.0,11.9,9.0,45.0,0.0,995.5,100,27.5667,72.0667,0.0
2024-12-18 01:00:00+05:30,0.0,0.0,0.0,10.9,8.0,48.0,0.0,995.3,100,27.5667,72.0667,0.0
2024-12-18 02:00:00+05:30,0.0,0.0,0.0,10.1,7.8,51.0,0.0,995.1,100,27.5667,72.0667,0.0
2024-12-18 03:00:00+05:30,0.0,0.0,0.0,9.3,7.5,54.0,0.0,994.8,100,27.5667,72.0667,0.0
2024-12-18 04:00:00+05:30,0.0,0.0,0.0,8.6,6.9,57.0,0.0,994.6,100,27.5667,72.0667,0.0
2024-12-18 05:00:00+05:30,0.0,0.0,0.0,7.9,6.5,60.0,0.0,994.5,100,27.5667,72.0667,0.0
2024-12-18 06:00:00+05:30,0.0,0.0,0.0,6.1,6.0,61.0,3.0,995.3,100,27.5667,72.0667,0.0
2024-12-18 07:00:00+05:30,0.0,0.0,0.0,5.7,7.6,62.0,0.0,995.6,100,27.5667,72.0667,0.0
2024-12-18 08:00:00+05:30,55.0,166.7,35.0,7.1,7.1,57.0,0.0,996.5,100,27.5667,72.0667,8.320155566318626
2024-12-18 09:00:00+05:30,218.0,427.0,96.0,10.0,4.7,48.0,0.0,997.4,100,27.5667,72.0667,32.0161245464863
2024-12-18 10:00:00+05:30,391.0,596.7,128.0,13.4,3.6,41.0,1.0,997.4,100,27.5667,72.0667,54.415444151202784
2024-12-18 11:00:00+05:30,528.0,686.7,148.0,16.8,5.3,34.0,0.0,996.5,100,27.5667,72.0667,66.86223193353288
2024-12-18 12:00:00+05:30,608.0,732.5,157.0,19.2,7.2,28.0,0.0,995.2,100,27.5667,72.0667,76.87335453144563
2024-12-18 13:00:00+05:30,619.0,740.9,157.0,20.6,7.8,22.0,0.0,994.1,100,27.5667,72.0667,75.56838021401167
2024-12-18 14:00:00+05:30,559.0,711.3,149.0,21.4,8.3,18.0,0.0,993.3,100,27.5667,72.0667,71.30518180872207
2024-12-18 15:00:00+05:30,439.0,640.8,133.0,21.6,8.0,17.0,0.0,992.8,100,27.5667,72.0667,58.22281709768096
2024-12-18 16:00:00+05:30,272.0,500.7,105.0,21.1,8.4,18.0,0.0,992.5,100,27.5667,72.0667,37.98486697504051
2024-12-18 17:00:00+05:30,97.0,265.6,56.0,18.2,6.9,25.0,0.0,992.2,100,27.5667,72.0667,14.56186181121003
2024-12-18 18:00:00+05:30,3.0,0.0,3.0,16.9,8.5,31.0,0.0,992.5,100,27.5667,72.0667,0.0
2024-12-18 19:00:00+05:30,0.0,0.0,0.0,15.6,9.0,36.0,0.0,992.8,100,27.5667,72.0667,0.0
2024-12-18 20:00:00+05:30,0.0,0.0,0.0,14.3,7.9,40.0,0.0,993.0,100,27.5667,72.0667,0.0
2024-12-18 21:00:00+05:30,0.0,0.0,0.0,13.0,6.3,45.0,0.0,993.3,100,27.5667,72.0667,0.0
2024-12-18 22:00:00+05:30,0.0,0.0,0.0,12.1,6.7,47.0,0.0,993.3,100,27.5667,72.0667,0.0
2024-12-18 23:00:00+05:30,0.0,0.0,0.0,11.3,8.2,49.0,0.0,993.1,100,27.5667,72.0667,0.0
2024-12-19 00:00:00+05:30,0.0,0.0,0.0,10.5,7.9,52.0,0.0,992.7,100,27.5667,72.0667,0.0
2024-12-19 01:00:00+05:30,0.0,0.0,0.0,9.8,7.3,53.0,0.0,992.3,100,27.5667,72.0667,0.0
2024-12-19 02:00:00+05:30,0.0,0.0,0.0,9.0,8.6,52.0,0.0,992.2,100,27.5667,72.0667,0.0
2024-12-19 03:00:00+05:30,0.0,0.0,0.0,8.3,8.5,50.0,0.0,991.8,100,27.5667,72.0667,0.0
2024-12-19 04:00:00+05:30,0.0,0.0,0.0,7.6,7.6,51.0,0.0,991.8,100,27.5667,72.0667,0.0
2024-12-19 05:00:00+05:30,0.0,0.0,0.0,6.9,6.0,54.0,0.0,991.9,100,27.5667,72.0667,0.0
2024-12-19 06:00:00+05:30,0.0,0.0,0.0,5.2,5.8,58.0,0.0,992.3,100,27.5667,72.0667,0.0
2024-12-19 07:00:00+05:30,0.0,0.0,0.0,4.8,6.6,61.0,0.0,992.9,100,27.5667,72.0667,0.0
2024-12-19 08:00:00+05:30,54.0,167.9,34.0,6.3,7.4,56.0,0.0,993.9,100,27.5667,72.0667,7.948411787126586
2024-12-19 09:00:00+05:30,218.0,432.9,95.0,9.9,5.4,46.0,0.0,995.1,100,27.5667,72.0667,32.788311717693546
2024-12-19 10:00:00+05:30,391.0,600.7,127.0,13.9,4.5,38.0,0.0,995.7,100,27.5667,72.0667,54.10944200279615
2024-12-19 11:00:00+05:30,527.0,687.9,147.0,17.4,6.4,31.0,0.0,995.5,100,27.5667,72.0667,69.33009582368841
2024-12-19 12:00:00+05:30,605.0,729.9,156.0,19.7,9.8,25.0,0.0,994.1,100,27.5667,72.0667,76.69709685815205
2024-12-19 13:00:00+05:30,616.0,739.4,155.0,20.9,11.5,22.0,0.0,993.4,100,27.5667,72.0667,76.25359792349607
2024-12-19 14:00:00+05:30,559.0,710.9,149.0,21.5,12.0,20.0,0.0,992.6,100,27.5667,72.0667,71.56759054655022
2024-12-19 15:00:00+05:30,438.0,639.8,132.0,21.5,11.8,20.0,0.0,992.0,100,27.5667,72.0667,57.630627633878845
2024-12-19 16:00:00+05:30,273.0,502.1,105.0,20.9,11.2,21.0,0.0,992.1,100,27.5667,72.0667,38.796998311869885
2024-12-19 17:00:00+05:30,97.0,263.4,56.0,18.3,7.7,27.0,0.0,992.0,100,27.5667,72.0667,14.77827164173341
2024-12-19 18:00:00+05:30,3.0,0.0,3.0,16.6,9.4,30.0,0.0,992.1,100,27.5667,72.0667,0.0
2024-12-19 19:00:00+05:30,0.0,0.0,0.0,15.6,9.9,33.0,0.0,992.7,100,27.5667,72.0667,0.0
2024-12-19 20:00:00+05:30,0.0,0.0,0.0,14.7,10.8,35.0,0.0,993.1,100,27.5667,72.0667,0.0
2024-12-19 21:00:00+05:30,0.0,0.0,0.0,14.2,12.0,38.0,0.0,993.5,100,27.5667,72.0667,0.0
2024-12-19 22:00:00+05:30,0.0,0.0,0.0,13.5,11.2,42.0,0.0,993.9,100,27.5667,72.0667,0.0
2024-12-19 23:00:00+05:30,0.0,0.0,0.0,12.7,10.8,46.0,0.0,993.7,100,27.5667,72.0667,0.0
2024-12-20 00:00:00+05:30,0.0,0.0,0.0,12.0,11.0,49.0,0.0,993.7,100,27.5667,72.0667,0.0
2024-12-20 01:00:00+05:30,0.0,0.0,0.0,11.4,11.0,52.0,0.0,993.6,100,27.5667,72.0667,0.0
2024-12-20 02:00:00+05:30,0.0,0.0,0.0,10.9,11.1,55.0,0.0,993.7,100,27.5667,72.0667,0.0
2024-12-20 03:00:00+05:30,0.0,0.0,0.0,10.7,11.4,57.0,0.0,993.5,100,27.5667,72.0667,0.0
2024-12-20 04:00:00+05:30,0.0,0.0,0.0,10.5,11.1,59.0,0.0,993.5,100,27.5667,72.0667,0.0
2024-12-20 05:00:00+05:30,0.0,0.0,0.0,10.1,10.6,62.0,0.0,993.6,100,27.5667,72.0667,0.0
2024-12-20 06:00:00+05:30,0.0,0.0,0.0,9.0,10.1,65.0,0.0,994.2,100,27.5667,72.0667,0.0
2024-12-20 07:00:00+05:30,0.0,0.0,0.0,8.8,10.6,65.0,0.0,995.2,100,27.5667,72.0667,0.0
2024-12-20 08:00:00+05:30,51.0,143.8,34.0,9.8,11.2,62.0,0.0,996.1,100,27.5667,72.0667,7.388814311129488
2024-12-20 09:00:00+05:30,208.0,399.8,95.0,12.0,8.7,55.0,0.0,997.2,100,27.5667,72.0667,30.137254712352465
2024-12-20 10:00:00+05:30,376.0,563.6,129.0,14.5,9.4,49.0,0.0,997.6,100,27.5667,72.0667,51.35230781545373
2024-12-20 11:00:00+05:30,508.0,652.7,148.0,17.1,10.8,45.0,0.0,997.1,100,27.5667,72.0667,64.69079827989489
2024-12-20 12:00:00+05:30,584.0,693.0,158.0,19.1,13.6,42.0,0.0,996.0,100,27.5667,72.0667,76.48534194034399
2024-12-20 13:00:00+05:30,594.0,699.3,158.0,20.5,15.1,39.0,0.0,994.8,100,27.5667,72.0667,77.56676631963707
2024-12-20 14:00:00+05:30,538.0,672.2,150.0,21.2,15.4,38.0,0.0,994.0,100,27.5667,72.0667,68.39390084797499
2024-12-20 15:00:00+05:30,422.0,603.2,133.0,21.3,15.0,38.0,0.0,993.5,100,27.5667,72.0667,55.71455809327092
2024-12-20 16:00:00+05:30,262.0,467.5,105.0,20.8,14.4,39.0,0.0,993.1,100,27.5667,72.0667,37.17874205016405
2024-12-20 17:00:00+05:30,94.0,241.8,56.0,19.2,10.8,43.0,0.0,993.3,100,27.5667,72.0667,13.981515752633497
2024-12-20 18:00:00+05:30,3.0,0.0,3.0,17.2,11.0,47.0,0.0,993.8,100,27.5667,72.0667,0.0
2024-12-20 19:00:00+05:30,0.0,0.0,0.0,16.0,10.8,49.0,0.0,994.3,100,27.5667,72.0667,0.0
2024-12-20 20:00:00+05:30,0.0,0.0,0.0,15.0,10.5,50.0,0.0,994.6,100,27.5667,72.0667,0.0
2024-12-20 21:00:00+05:30,0.0,0.0,0.0,14.1,9.7,50.0,0.0,995.1,100,27.5667,72.0667,0.0
2024-12-20 22:00:00+05:30,0.0,0.0,0.0,13.3,9.9,51.0,0.0,995.2,100,27.5667,72.0667,0.0
2024-12-20 23:00:00+05:30,0.0,0.0,0.0,12.7,10.4,53.0,0.0,995.1,100,27.5667,72.0667,0.0
2024-12-21 00:00:00+05:30,0.0,0.0,0.0,12.1,10.7,56.0,0.0,994.7,100,27.5667,72.0667,0.0
2024-12-21 01:00:00+05:30,0.0,0.0,0.0,11.5,10.4,59.0,0.0,994.5,100,27.5667,72.0667,0.0
2024-12-21 02:00:00+05:30,0.0,0.0,0.0,10.7,9.6,62.0,0.0,994.5,100,27.5667,72.0667,0.0
2024-12-21 03:00:00+05:30,0.0,0.0,0.0,10.0,8.7,66.0,0.0,994.3,100,27.5667,72.0667,0.0
2024-12-21 04:00:00+05:30,0.0,0.0,0.0,9.3,8.1,71.0,0.0,994.0,100,27.5667,72.0667,0.0
2024-12-21 05:00:00+05:30,0.0,0.0,0.0,8.7,8.0,76.0,0.0,994.1,100,27.5667,72.0667,0.0
2024-12-21 06:00:00+05:30,0.0,0.0,0.0,8.3,7.3,81.0,0.0,994.7,100,27.5667,72.0667,0.0
2024-12-21 07:00:00+05:30,0.0,0.0,0.0,7.3,6.6,87.0,0.0,995.4,100,27.5667,72.0667,0.0
2024-12-21 08:00:00+05:30,50.0,144.8,33.0,8.6,7.6,83.0,0.0,996.2,100,27.5667,72.0667,7.234191375057885
2024-12-21 09:00:00+05:30,205.0,394.8,94.0,11.0,5.6,74.0,0.0,997.1,100,27.5667,72.0667,29.284945775015313
2024-12-21 10:00:00+05:30,373.0,560.5,128.0,14.0,6.1,64.0,0.0,997.4,100,27.5667,72.0667,51.9212797558767
2024-12-21 11:00:00+05:30,507.0,651.8,148.0,17.0,6.6,55.0,0.0,996.8,100,27.5667,72.0667,64.56503607165654
2024-12-21 12:00:00+05:30,585.0,696.7,157.0,19.4,7.3,48.0,0.0,995.5,100,27.5667,72.0667,72.39749932746447
2024-12-21 13:00:00+05:30,598.0,705.6,158.0,21.1,7.5,42.0,0.0,994.6,100,27.5667,72.0667,76.46944038513753
2024-12-21 14:00:00+05:30,543.0,682.0,149.0,21.8,7.8,39.0,0.0,993.6,100,27.5667,72.0667,68.44304785347596
2024-12-21 15:00:00+05:30,428.0,614.5,133.0,22.0,8.4,38.0,0.0,992.9,100,27.5667,72.0667,55.31281823449238
2024-12-21 16:00:00+05:30,267.0,477.6,106.0,21.5,9.1,38.0,0.0,992.8,100,27.5667,72.0667,36.43731065809117
2024-12-21 17:00:00+05:30,96.0,252.1,56.0,19.4,7.3,45.0,4.0,992.8,100,27.5667,72.0667,14.22147054401075
2024-12-21 18:00:00+05:30,4.0,0.0,4.0,17.5,8.8,53.0,31.0,993.7,100,27.5667,72.0667,0.0
2024-12-21 19:00:00+05:30,0.0,0.0,0.0,16.4,9.6,56.0,95.0,994.2,100,27.5667,72.0667,0.0
2024-12-21 20:00:00+05:30,0.0,0.0,0.0,15.6,10.2,59.0,100.0,994.2,100,27.5667,72.0667,0.0
2024-12-21 21:00:00+05:30,0.0,0.0,0.0,15.0,10.0,60.0,100.0,994.5,100,27.5667,72.0667,0.0
2024-12-21 22:00:00+05:30,0.0,0.0,0.0,14.3,9.6,62.0,99.0,994.4,100,27.5667,72.0667,0.0
2024-12-21 23:00:00+05:30,0.0,0.0,0.0,13.7,10.1,64.0,96.0,994.1,100,27.5667,72.0667,0.0
2024-12-22 00:00:00+05:30,0.0,0.0,0.0,13.2,10.4,67.0,100.0,993.8,100,27.5667,72.0667,0.0
2024-12-22 01:00:00+05:30,0.0,0.0,0.0,12.7,10.0,70.0,100.0,993.4,100,27.5667,72.0667,0.0
2024-12-22 02:00:00+05:30,0.0,0.0,0.0,12.4,9.7,72.0,100.0,992.9,100,27.5667,72.0667,0.0
2024-12-22 03:00:00+05:30,0.0,0.0,0.0,12.1,8.6,74.0,34.0,992.6,100,27.5667,72.0667,0.0
2024-12-22 04:00:00+05:30,0.0,0.0,0.0,11.4,8.7,77.0,0.0,992.3,100,27.5667,72.0667,0.0
2024-12-22 05:00:00+05:30,0.0,0.0,0.0,10.9,8.9,80.0,0.0,992.1,100,27.5667,72.0667,0.0
2024-12-22 06:00:00+05:30,0.0,0.0,0.0,10.2,8.4,81.0,0.0,992.4,100,27.5667,72.0667,0.0
2024-12-22 07:00:00+05:30,0.0,0.0,0.0,9.9,8.3,82.0,0.0,992.9,100,27.5667,72.0667,0.0
2024-12-22 08:00:00+05:30,48.0,137.1,32.0,11.1,9.0,75.0,0.0,993.3,100,27.5667,72.0667,6.829118477818585
2024-12-22 09:00:00+05:30,200.0,386.0,92.0,13.6,6.1,64.0,0.0,993.8,100,27.5667,72.0667,28.994010245871504
2024-12-22 10:00:00+05:30,367.0,552.7,126.0,16.5,6.3,54.0,1.0,994.5,100,27.5667,72.0667,50.03182833497257
2024-12-22 11:00:00+05:30,496.0,634.4,147.0,19.1,4.5,49.0,44.0,993.8,100,27.5667,72.0667,60.93074320987931
2024-12-22 12:00:00+05:30,509.0,488.5,209.0,21.2,1.6,44.0,30.0,992.7,100,27.5667,72.0667,59.06695303715873
2024-12-22 13:00:00+05:30,546.0,570.7,190.0,22.9,1.5,40.0,66.0,991.6,100,27.5667,72.0667,63.384590426040596
2024-12-22 14:00:00+05:30,455.0,428.8,207.0,23.5,4.4,39.0,34.0,990.7,100,27.5667,72.0667,51.344313707331295
2024-12-22 15:00:00+05:30,369.0,457.3,149.0,23.6,5.6,39.0,37.0,990.1,100,27.5667,72.0667,46.97410769865633
2024-12-22 16:00:00+05:30,238.0,351.5,119.0,23.3,7.9,40.0,19.0,989.8,100,27.5667,72.0667,31.405726075011014
2024-12-22 17:00:00+05:30,87.0,199.6,55.0,21.7,9.3,44.0,34.0,989.8,100,27.5667,72.0667,11.926695638618266
2024-12-22 18:00:00+05:30,3.0,0.0,3.0,20.5,12.4,47.0,38.0,990.1,100,27.5667,72.0667,0.0
2024-12-22 19:00:00+05:30,0.0,0.0,0.0,19.6,11.4,49.0,29.0,990.8,100,27.5667,72.0667,0.0
2024-12-22 20:00:00+05:30,0.0,0.0,0.0,18.6,11.2,50.0,19.0,991.1,100,27.5667,72.0667,0.0
2024-12-22 21:00:00+05:30,0.0,0.0,0.0,17.4,9.9,55.0,37.0,991.4,100,27.5667,72.0667,0.0
2024-12-22 22:00:00+05:30,0.0,0.0,0.0,16.9,8.7,57.0,38.0,991.7,100,27.5667,72.0667,0.0
2024-12-22 23:00:00+05:30,0.0,0.0,0.0,15.8,6.2,62.0,45.0,991.5,100,27.5667,72.0667,0.0
2024-12-23 00:00:00+05:30,0.0,0.0,0.0,15.2,7.5,67.0,39.0,991.5,100,27.5667,72.0667,0.0
2024-12-23 01:00:00+05:30,0.0,0.0,0.0,15.0,10.0,74.0,38.0,990.9,100,27.5667,72.0667,0.0
2024-12-23 02:00:00+05:30,0.0,0.0,0.0,14.3,5.2,80.0,30.0,990.3,100,27.5667,72.0667,0.0
2024-12-23 03:00:00+05:30,0.0,0.0,0.0,13.8,3.5,83.0,26.0,990.1,100,27.5667,72.0667,0.0
2024-12-23 04:00:00+05:30,0.0,0.0,0.0,12.9,6.9,86.0,17.0,990.2,100,27.5667,72.0667,0.0
2024-12-23 05:00:00+05:30,0.0,0.0,0.0,11.7,6.3,91.0,0.0,990.5,100,27.5667,72.0667,0.0
2024-12-23 06:00:00+05:30,0.0,0.0,0.0,12.2,7.1,87.0,15.0,990.8,100,27.5667,72.0667,0.0
2024-12-23 07:00:00+05:30,0.0,0.0,0.0,11.6,7.1,89.0,5.0,991.6,100,27.5667,72.0667,0.0
2024-12-23 08:00:00+05:30,46.0,120.8,32.0,11.9,8.0,87.0,4.0,992.6,100,27.5667,72.0667,6.129243841065691
2024-12-23 09:00:00+05:30,195.0,369.9,92.0,13.7,5.4,79.0,0.0,993.4,100,27.5667,72.0667,27.444218823807056
2024-12-23 10:00:00+05:30,361.0,535.5,128.0,16.2,5.7,68.0,0.0,994.3,100,27.5667,72.0667,47.15672394439838
2024-12-23 11:00:00+05:30,494.0,627.8,149.0,18.4,7.5,59.0,0.0,994.1,100,27.5667,72.0667,63.58336893336706
2024-12-23 12:00:00+05:30,572.0,674.3,158.0,20.0,9.5,53.0,0.0,993.1,100,27.5667,72.0667,71.66234877438436
2024-12-23 13:00:00+05:30,587.0,687.4,158.0,21.2,10.4,48.0,0.0,992.3,100,27.5667,72.0667,74.16736280524925
2024-12-23 14:00:00+05:30,534.0,663.0,150.0,21.8,11.3,45.0,0.0,991.7,100,27.5667,72.0667,68.2503552707729
2024-12-23 15:00:00+05:30,421.0,595.1,134.0,21.8,11.6,44.0,0.0,991.6,100,27.5667,72.0667,55.32950669661064
2024-12-23 16:00:00+05:30,263.0,458.8,107.0,21.3,12.1,45.0,6.0,991.9,100,27.5667,72.0667,37.03427247011328
2024-12-23 17:00:00+05:30,94.0,222.1,58.0,20.0,9.9,50.0,0.0,992.2,100,27.5667,72.0667,12.979050585573804
2024-12-23 18:00:00+05:30,4.0,0.0,4.0,18.7,10.6,58.0,0.0,992.5,100,27.5667,72.0667,0.0
2024-12-23 19:00:00+05:30,0.0,0.0,0.0,17.4,10.5,63.0,3.0,993.3,100,27.5667,72.0667,0.0
2024-12-23 20:00:00+05:30,0.0,0.0,0.0,16.4,10.9,68.0,14.0,993.8,100,27.5667,72.0667,0.0
2024-12-23 21:00:00+05:30,0.0,0.0,0.0,15.8,11.0,72.0,4.0,994.3,100,27.5667,72.0667,0.0
2024-12-23 22:00:00+05:30,0.0,0.0,0.0,15.1,10.3,77.0,0.0,994.7,100,27.5667,72.0667,0.0
2024-12-23 23:00:00+05:30,0.0,0.0,0.0,14.2,10.9,82.0,1.0,994.7,100,27.5667,72.0667,0.0
2024-12-24 00:00:00+05:30,0.0,0.0,0.0,13.5,11.0,87.0,0.0,994.6,100,27.5667,72.0667,0.0
2024-12-24 01:00:00+05:30,0.0,0.0,0.0,12.8,11.4,90.0,0.0,994.6,100,27.5667,72.0667,0.0
2024-12-24 02:00:00+05:30,0.0,0.0,0.0,12.2,11.2,94.0,0.0,994.7,100,27.5667,72.0667,0.0
2024-12-24 03:00:00+05:30,0.0,0.0,0.0,11.6,10.6,95.0,0.0,994.7,100,27.5667,72.0667,0.0
2024-12-24 04:00:00+05:30,0.0,0.0,0.0,11.2,10.7,97.0,11.0,994.7,100,27.5667,72.0667,0.0
2024-12-24 05:00:00+05:30,0.0,0.0,0.0,10.8,9.8,97.0,24.0,995.0,100,27.5667,72.0667,0.0
2024-12-24 06:00:00+05:30,0.0,0.0,0.0,10.2,9.8,97.0,3.0,995.6,100,27.5667,72.0667,0.0
2024-12-24 07:00:00+05:30,0.0,0.0,0.0,10.0,9.3,97.0,0.0,996.3,100,27.5667,72.0667,0.0
2024-12-24 08:00:00+05:30,45.0,112.8,32.0,10.4,10.3,95.0,0.0,996.9,100,27.5667,72.0667,5.999480017821343
2024-12-24 09:00:00+05:30,193.0,349.9,96.0,11.8,9.1,87.0,0.0,998.0,100,27.5667,72.0667,27.038204751758162
2024-12-24 10:00:00+05:30,359.0,522.8,132.0,13.9,10.4,73.0,0.0,998.4,100,27.5667,72.0667,48.16799272167209
2024-12-24 11:00:00+05:30,493.0,621.1,152.0,16.1,10.7,61.0,0.0,997.9,100,27.5667,72.0667,65.14067451397138
2024-12-24 12:00:00+05:30,572.0,669.4,161.0,17.9,11.7,54.0,0.0,997.0,100,27.5667,72.0667,72.57845034392498
2024-12-24 13:00:00+05:30,587.0,680.5,162.0,19.1,13.2,49.0,0.0,996.1,100,27.5667,72.0667,74.35566462559021
2024-12-24 14:00:00+05:30,535.0,656.8,154.0,19.8,13.9,47.0,0.0,995.6,100,27.5667,72.0667,67.08083111260227
2024-12-24 15:00:00+05:30,421.0,587.3,137.0,19.9,14.6,46.0,0.0,995.2,100,27.5667,72.0667,56.89724955051346
2024-12-24 16:00:00+05:30,264.0,456.6,108.0,19.4,14.4,46.0,0.0,995.4,100,27.5667,72.0667,36.29197756790833
2024-12-24 17:00:00+05:30,97.0,237.9,58.0,18.2,10.8,50.0,0.0,995.7,100,27.5667,72.0667,14.098414740829632
2024-12-24 18:00:00+05:30,4.0,0.0,4.0,16.3,10.3,58.0,0.0,996.2,100,27.5667,72.0667,0.0
2024-12-24 19:00:00+05:30,0.0,0.0,0.0,15.2,10.6,61.0,0.0,996.9,100,27.5667,72.0667,0.0
2024-12-24 20:00:00+05:30,0.0,0.0,0.0,14.4,10.3,63.0,0.0,997.5,100,27.5667,72.0667,0.0
2024-12-24 21:00:00+05:30,0.0,0.0,0.0,13.5,10.1,67.0,0.0,998.0,100,27.5667,72.0667,0.0
2024-12-24 22:00:00+05:30,0.0,0.0,0.0,12.8,10.4,71.0,0.0,998.3,100,27.5667,72.0667,0.0
2024-12-24 23:00:00+05:30,0.0,0.0,0.0,12.2,9.9,72.0,0.0,998.4,100,27.5667,72.0667,0.0
2024-12-25 00:00:00+05:30,0.0,0.0,0.0,11.6,9.7,74.0,0.0,998.1,100,27.5667,72.0667,0.0
2024-12-25 01:00:00+05:30,0.0,0.0,0.0,11.2,9.8,74.0,0.0,997.7,100,27.5667,72.0667,0.0
2024-12-25 02:00:00+05:30,0.0,0.0,0.0,10.6,9.1,76.0,0.0,997.5,100,27.5667,72.0667,0.0
2024-12-25 03:00:00+05:30,0.0,0.0,0.0,10.1,8.7,78.0,0.0,997.4,100,27.5667,72.0667,0.0
2024-12-25 04:00:00+05:30,0.0,0.0,0.0,9.5,8.4,81.0,0.0,997.2,100,27.5667,72.0667,0.0
2024-12-25 05:00:00+05:30,0.0,0.0,0.0,9.1,8.1,83.0,0.0,997.3,100,27.5667,72.0667,0.0
2024-12-25 06:00:00+05:30,0.0,0.0,0.0,8.3,7.5,88.0,0.0,997.6,100,27.5667,72.0667,0.0
2024-12-25 07:00:00+05:30,0.0,0.0,0.0,8.0,7.8,90.0,0.0,998.4,100,27.5667,72.0667,0.0
2024-12-25 08:00:00+05:30,46.0,122.2,32.0,9.1,8.6,85.0,0.0,999.0,100,27.5667,72.0667,6.219165120977523
2024-12-25 09:00:00+05:30,198.0,380.4,93.0,11.6,6.0,74.0,0.0,999.9,100,27.5667,72.0667,27.972162614422682
2024-12-25 10:00:00+05:30,367.0,546.9,130.0,14.5,6.6,62.0,0.0,1000.4,100,27.5667,72.0667,49.73652559428621
2024-12-25 11:00:00+05:30,501.0,641.6,149.0,17.2,9.2,53.0,0.0,999.9,100,27.5667,72.0667,67.21427116552671
2024-12-25 12:00:00+05:30,581.0,685.7,160.0,19.0,11.1,48.0,0.0,998.9,100,27.5667,72.0667,74.309176023753
2024-12-25 13:00:00+05:30,595.0,694.3,161.0,19.9,12.0,42.0,0.0,997.9,100,27.5667,72.0667,75.67638990487892
2024-12-25 14:00:00+05:30,542.0,669.5,153.0,20.4,12.2,40.0,0.0,997.3,100,27.5667,72.0667,70.23544549821376
2024-12-25 15:00:00+05:30,428.0,600.0,137.0,20.4,12.1,39.0,0.0,996.9,100,27.5667,72.0667,56.82618801041733
2024-12-25 16:00:00+05:30,269.0,468.9,108.0,19.9,11.6,40.0,0.0,997.0,100,27.5667,72.0667,36.78623348269266
2024-12-25 17:00:00+05:30,100.0,247.3,59.0,18.4,8.5,46.0,0.0,997.4,100,27.5667,72.0667,14.702339364699842
2024-12-25 18:00:00+05:30,5.0,0.0,5.0,16.1,9.3,56.0,0.0,997.7,100,27.5667,72.0667,0.0
2024-12-25 19:00:00+05:30,0.0,0.0,0.0,15.0,9.7,61.0,0.0,998.3,100,27.5667,72.0667,0.0
2024-12-25 20:00:00+05:30,0.0,0.0,0.0,14.2,9.8,64.0,0.0,998.7,100,27.5667,72.0667,0.0
2024-12-25 21:00:00+05:30,0.0,0.0,0.0,13.5,10.3,67.0,0.0,999.1,100,27.5667,72.0667,0.0
2024-12-25 22:00:00+05:30,0.0,0.0,0.0,13.0,10.6,69.0,0.0,999.5,100,27.5667,72.0667,0.0
2024-12-25 23:00:00+05:30,0.0,0.0,0.0,12.3,9.7,73.0,0.0,999.3,100,27.5667,72.0667,0.0
2024-12-26 00:00:00+05:30,0.0,0.0,0.0,11.8,9.4,75.0,0.0,998.9,100,27.5667,72.0667,0.0
2024-12-26 01:00:00+05:30,0.0,0.0,0.0,11.3,9.5,79.0,0.0,998.5,100,27.5667,72.0667,0.0
2024-12-26 02:00:00+05:30,0.0,0.0,0.0,10.7,8.8,83.0,0.0,998.4,100,27.5667,72.0667,0.0
2024-12-26 03:00:00+05:30,0.0,0.0,0.0,10.1,8.2,85.0,0.0,998.2,100,27.5667,72.0667,0.0
2024-12-26 04:00:00+05:30,0.0,0.0,0.0,9.8,8.2,87.0,2.0,998.1,100,27.5667,72.0667,0.0
2024-12-26 05:00:00+05:30,0.0,0.0,0.0,9.5,8.3,89.0,1.0,998.3,100,27.5667,72.0667,0.0
2024-12-26 06:00:00+05:30,0.0,0.0,0.0,9.0,7.5,90.0,10.0,998.5,100,27.5667,72.0667,0.0
2024-12-26 07:00:00+05:30,0.0,0.0,0.0,8.6,7.2,91.0,9.0,999.5,100,27.5667,72.0667,0.0
2024-12-26 08:00:00+05:30,44.0,114.1,31.0,9.8,9.2,86.0,1.0,1000.3,100,27.5667,72.0667,5.904456638967613
2024-12-26 09:00:00+05:30,192.0,356.4,94.0,12.2,7.2,75.0,0.0,1001.0,100,27.5667,72.0667,27.971356178340407
2024-12-26 10:00:00+05:30,358.0,529.4,129.0,15.2,7.7,62.0,0.0,1001.4,100,27.5667,72.0667,49.16784734379166
2024-12-26 11:00:00+05:30,493.0,623.8,151.0,17.9,7.9,54.0,0.0,1001.0,100,27.5667,72.0667,65.08404044141967
2024-12-26 12:00:00+05:30,572.0,669.2,161.0,20.1,7.9,49.0,0.0,999.9,100,27.5667,72.0667,72.55943616428651
2024-12-26 13:00:00+05:30,587.0,680.8,161.0,21.5,8.8,45.0,0.0,998.7,100,27.5667,72.0667,70.72980122737711
2024-12-26 14:00:00+05:30,534.0,654.5,153.0,22.2,9.6,40.0,0.0,997.7,100,27.5667,72.0667,65.25560096204372
2024-12-26 15:00:00+05:30,421.0,585.9,136.0,22.2,10.7,41.0,2.0,997.4,100,27.5667,72.0667,54.98379270360943
2024-12-26 16:00:00+05:30,265.0,452.0,109.0,21.9,10.2,41.0,46.0,997.1,100,27.5667,72.0667,35.91916130916121
2024-12-26 17:00:00+05:30,87.0,166.8,59.0,20.4,13.0,46.0,6.0,997.1,100,27.5667,72.0667,11.367458462425072
2024-12-26 18:00:00+05:30,4.0,0.0,4.0,18.8,12.7,52.0,58.0,997.2,100,27.5667,72.0667,0.0
2024-12-26 19:00:00+05:30,0.0,0.0,0.0,18.0,12.3,54.0,100.0,997.8,100,27.5667,72.0667,0.0
2024-12-26 20:00:00+05:30,0.0,0.0,0.0,17.5,11.8,54.0,100.0,998.0,100,27.5667,72.0667,0.0
2024-12-26 21:00:00+05:30,0.0,0.0,0.0,17.4,11.5,55.0,100.0,998.2,100,27.5667,72.0667,0.0
2024-12-26 22:00:00+05:30,0.0,0.0,0.0,16.9,12.2,56.0,96.0,998.3,100,27.5667,72.0667,0.0
2024-12-26 23:00:00+05:30,0.0,0.0,0.0,16.4,11.2,58.0,36.0,998.2,100,27.5667,72.0667,0.0
2024-12-27 00:00:00+05:30,0.0,0.0,0.0,15.5,9.4,60.0,56.0,997.8,100,27.5667,72.0667,0.0
2024-12-27 01:00:00+05:30,0.0,0.0,0.0,14.5,9.1,63.0,2.0,997.3,100,27.5667,72.0667,0.0
2024-12-27 02:00:00+05:30,0.0,0.0,0.0,13.6,9.8,67.0,0.0,996.9,100,27.5667,72.0667,0.0
2024-12-27 03:00:00+05:30,0.0,0.0,0.0,12.9,9.9,69.0,3.0,996.8,100,27.5667,72.0667,0.0
2024-12-27 04:00:00+05:30,0.0,0.0,0.0,12.3,9.4,71.0,2.0,996.4,100,27.5667,72.0667,0.0
2024-12-27 05:00:00+05:30,0.0,0.0,0.0,11.8,9.6,73.0,1.0,996.4,100,27.5667,72.0667,0.0
2024-12-27 06:00:00+05:30,0.0,0.0,0.0,11.9,8.6,74.0,17.0,996.4,100,27.5667,72.0667,0.0
2024-12-27 07:00:00+05:30,0.0,0.0,0.0,11.4,8.3,77.0,5.0,997.3,100,27.5667,72.0667,0.0
2024-12-27 08:00:00+05:30,42.0,105.9,30.0,11.6,9.7,76.0,3.0,998.2,100,27.5667,72.0667,5.534872584945258
2024-12-27 09:00:00+05:30,188.0,346.8,93.0,13.3,8.5,68.0,6.0,999.2,100,27.5667,72.0667,26.343517072728815
2024-12-27 10:00:00+05:30,350.0,502.4,133.0,15.5,8.9,59.0,7.0,999.6,100,27.5667,72.0667,45.8903724151247
2024-12-27 11:00:00+05:30,484.0,596.6,157.0,17.8,10.4,53.0,0.0,999.1,100,27.5667,72.0667,63.379103553044445
2024-12-27 12:00:00+05:30,571.0,668.9,160.0,19.5,11.7,51.0,0.0,998.0,100,27.5667,72.0667,73.14599541375505
2024-12-27 13:00:00+05:30,589.0,684.8,160.0,20.7,13.2,47.0,0.0,996.8,100,27.5667,72.0667,75.09381776736716
2024-12-27 14:00:00+05:30,541.0,666.9,152.0,21.3,14.2,44.0,0.0,996.2,100,27.5667,72.0667,69.79486355015545
2024-12-27 15:00:00+05:30,431.0,604.5,136.0,21.4,14.3,40.0,0.0,996.0,100,27.5667,72.0667,57.146336076343886
2024-12-27 16:00:00+05:30,274.0,478.4,108.0,20.8,13.8,39.0,0.0,996.0,100,27.5667,72.0667,38.14546759770047
2024-12-27 17:00:00+05:30,105.0,259.0,61.0,19.4,9.8,42.0,0.0,996.3,100,27.5667,72.0667,15.610251212158511
2024-12-27 18:00:00+05:30,5.0,17.6,4.0,17.3,10.1,48.0,0.0,996.6,100,27.5667,72.0667,0.017571246122106827
2024-12-27 19:00:00+05:30,0.0,0.0,0.0,16.5,11.4,48.0,0.0,997.2,100,27.5667,72.0667,0.0
2024-12-27 20:00:00+05:30,0.0,0.0,0.0,15.5,10.0,51.0,0.0,997.9,100,27.5667,72.0667,0.0
2024-12-27 21:00:00+05:30,0.0,0.0,0.0,14.1,8.1,55.0,0.0,998.0,100,27.5667,72.0667,0.0
2024-12-27 22:00:00+05:30,0.0,0.0,0.0,13.2,8.0,59.0,0.0,998.2,100,27.5667,72.0667,0.0
2024-12-27 23:00:00+05:30,0.0,0.0,0.0,11.9,5.6,65.0,0.0,997.9,100,27.5667,72.0667,0.0
2024-12-28 00:00:00+05:30,0.0,0.0,0.0,10.9,7.5,70.0,0.0,997.7,100,27.5667,72.0667,0.0
2024-12-28 01:00:00+05:30,0.0,0.0,0.0,9.9,5.4,76.0,0.0,997.3,100,27.5667,72.0667,0.0
2024-12-28 02:00:00+05:30,0.0,0.0,0.0,9.1,5.1,80.0,0.0,997.1,100,27.5667,72.0667,0.0
2024-12-28 03:00:00+05:30,0.0,0.0,0.0,8.6,5.8,82.0,0.0,997.2,100,27.5667,72.0667,0.0
2024-12-28 04:00:00+05:30,0.0,0.0,0.0,8.2,5.6,83.0,0.0,997.0,100,27.5667,72.0667,0.0
2024-12-28 05:00:00+05:30,0.0,0.0,0.0,8.0,4.1,82.0,0.0,997.1,100,27.5667,72.0667,0.0
2024-12-28 06:00:00+05:30,0.0,0.0,0.0,7.8,1.3,77.0,0.0,997.3,100,27.5667,72.0667,0.0
2024-12-28 07:00:00+05:30,0.0,0.0,0.0,7.8,0.6,76.0,0.0,998.0,100,27.5667,72.0667,0.0
2024-12-28 08:00:00+05:30,45.0,133.1,30.0,8.6,0.4,75.0,0.0,998.8,100,27.5667,72.0667,6.172197076506057
2024-12-28 09:00:00+05:30,201.0,399.3,92.0,11.9,2.3,61.0,0.0,999.7,100,27.5667,72.0667,28.737061405101834
2024-12-28 10:00:00+05:30,374.0,574.9,126.0,15.5,1.7,48.0,0.0,1000.4,100,27.5667,72.0667,49.17925047336367
2024-12-28 11:00:00+05:30,512.0,668.0,146.0,18.0,1.1,40.0,0.0,1000.1,100,27.5667,72.0667,63.31655745332055
2024-12-28 12:00:00+05:30,595.0,712.5,157.0,19.6,2.4,34.0,0.0,998.9,100,27.5667,72.0667,72.96967145922643
2024-12-28 13:00:00+05:30,611.0,723.8,157.0,20.8,3.8,29.0,0.0,997.9,100,27.5667,72.0667,73.55450659784391
2024-12-28 14:00:00+05:30,559.0,697.9,151.0,21.4,5.8,27.0,0.0,997.3,100,27.5667,72.0667,70.90028394192159
2024-12-28 15:00:00+05:30,444.0,631.0,135.0,21.6,7.2,26.0,0.0,997.1,100,27.5667,72.0667,56.73461350315463
2024-12-28 16:00:00+05:30,283.0,498.6,109.0,21.0,7.4,28.0,0.0,997.1,100,27.5667,72.0667,38.23812250034902
2024-12-28 17:00:00+05:30,108.0,273.2,61.0,18.7,4.3,36.0,0.0,997.4,100,27.5667,72.0667,16.211496211661046
2024-12-28 18:00:00+05:30,6.0,17.3,5.0,16.9,7.0,42.0,0.0,998.1,100,27.5667,72.0667,0.12499861459102017
2024-12-28 19:00:00+05:30,0.0,0.0,0.0,15.6,7.0,47.0,0.0,998.7,100,27.5667,72.0667,0.0
2024-12-28 20:00:00+05:30,0.0,0.0,0.0,14.4,8.3,52.0,0.0,999.0,100,27.5667,72.0667,0.0
2024-12-28 21:00:00+05:30,0.0,0.0,0.0,13.4,9.1,58.0,0.0,999.5,100,27.5667,72.0667,0.0
2024-12-28 22:00:00+05:30,0.0,0.0,0.0,12.7,9.5,62.0,0.0,999.9,100,27.5667,72.0667,0.0
2024-12-28 23:00:00+05:30,0.0,0.0,0.0,11.8,9.0,66.0,0.0,999.9,100,27.5667,72.0667,0.0
2024-12-29 00:00:00+05:30,0.0,0.0,0.0,11.0,8.7,70.0,0.0,999.6,100,27.5667,72.0667,0.0
2024-12-29 01:00:00+05:30,0.0,0.0,0.0,10.2,8.5,75.0,0.0,999.2,100,27.5667,72.0667,0.0
2024-12-29 02:00:00+05:30,0.0,0.0,0.0,9.7,9.0,78.0,0.0,999.1,100,27.5667,72.0667,0.0
2024-12-29 03:00:00+05:30,0.0,0.0,0.0,9.6,9.9,79.0,0.0,998.9,100,27.5667,72.0667,0.0
2024-12-29 04:00:00+05:30,0.0,0.0,0.0,9.0,8.9,83.0,0.0,998.8,100,27.5667,72.0667,0.0
2024-12-29 05:00:00+05:30,0.0,0.0,0.0,8.5,8.5,85.0,0.0,999.0,100,27.5667,72.0667,0.0
2024-12-29 06:00:00+05:30,0.0,0.0,0.0,7.7,9.1,86.0,0.0,999.7,100,27.5667,72.0667,0.0
2024-12-29 07:00:00+05:30,0.0,0.0,0.0,7.6,8.6,88.0,0.0,1000.5,100,27.5667,72.0667,0.0
2024-12-29 08:00:00+05:30,44.0,124.8,30.0,8.2,9.3,85.0,0.0,1001.1,100,27.5667,72.0667,6.189302591539444
2024-12-29 09:00:00+05:30,200.0,393.2,93.0,10.9,7.4,73.0,0.0,1002.2,100,27.5667,72.0667,28.360642411995787
2024-12-29 10:00:00+05:30,372.0,566.3,128.0,14.2,4.5,60.0,0.0,1003.0,100,27.5667,72.0667,52.65576027260764
2024-12-29 11:00:00+05:30,510.0,658.9,149.0,17.1,6.5,49.0,0.0,1002.7,100,27.5667,72.0667,67.04381801236931
2024-12-29 12:00:00+05:30,592.0,705.5,158.0,19.0,6.7,41.0,0.0,1001.7,100,27.5667,72.0667,73.660511409883
2024-12-29 13:00:00+05:30,608.0,713.2,160.0,20.2,6.9,36.0,0.0,1000.7,100,27.5667,72.0667,75.44507249793912
2024-12-29 14:00:00+05:30,555.0,686.1,153.0,21.0,8.8,31.0,0.0,999.9,100,27.5667,72.0667,71.81567651953533
2024-12-29 15:00:00+05:30,442.0,620.7,137.0,21.0,9.5,31.0,0.0,999.4,100,27.5667,72.0667,57.86538261571644
2024-12-29 16:00:00+05:30,281.0,490.1,109.0,20.4,9.1,33.0,0.0,999.3,100,27.5667,72.0667,38.33718027133449
2024-12-29 17:00:00+05:30,108.0,264.0,62.0,18.4,5.8,40.0,0.0,999.3,100,27.5667,72.0667,15.789067365154533
2024-12-29 18:00:00+05:30,6.0,16.9,5.0,15.7,8.0,53.0,0.0,999.8,100,27.5667,72.0667,0.12537392363891506
2024-12-29 19:00:00+05:30,0.0,0.0,0.0,14.4,8.0,60.0,0.0,1000.2,100,27.5667,72.0667,0.0
2024-12-29 20:00:00+05:30,0.0,0.0,0.0,13.1,7.2,67.0,0.0,1000.5,100,27.5667,72.0667,0.0
2024-12-29 21:00:00+05:30,0.0,0.0,0.0,12.1,7.2,73.0,2.0,1000.7,100,27.5667,72.0667,0.0
2024-12-29 22:00:00+05:30,0.0,0.0,0.0,11.4,7.9,78.0,0.0,1000.6,100,27.5667,72.0667,0.0
2024-12-29 23:00:00+05:30,0.0,0.0,0.0,10.8,8.1,83.0,0.0,1000.0,100,27.5667,72.0667,0.0
2024-12-30 00:00:00+05:30,0.0,0.0,0.0,10.2,8.3,87.0,0.0,999.6,100,27.5667,72.0667,0.0
2024-12-30 01:00:00+05:30,0.0,0.0,0.0,9.5,7.5,90.0,0.0,999.1,100,27.5667,72.0667,0.0
2024-12-30 02:00:00+05:30,0.0,0.0,0.0,8.9,7.2,92.0,6.0,998.6,100,27.5667,72.0667,0.0
2024-12-30 03:00:00+05:30,0.0,0.0,0.0,8.4,6.1,94.0,0.0,998.2,100,27.5667,72.0667,0.0
2024-12-30 04:00:00+05:30,0.0,0.0,0.0,7.7,4.0,96.0,25.0,998.2,100,27.5667,72.0667,0.0
2024-12-30 05:00:00+05:30,0.0,0.0,0.0,7.1,3.5,97.0,0.0,998.4,100,27.5667,72.0667,0.0
2024-12-30 06:00:00+05:30,0.0,0.0,0.0,6.0,4.9,99.0,21.0,998.6,100,27.5667,72.0667,0.0
2024-12-30 07:00:00+05:30,0.0,0.0,0.0,6.1,5.5,99.0,39.0,999.5,100,27.5667,72.0667,0.0
2024-12-30 08:00:00+05:30,43.0,116.3,30.0,7.2,7.2,98.0,48.0,1000.3,100,27.5667,72.0667,5.7397324095442785
2024-12-30 09:00:00+05:30,197.0,386.9,92.0,9.8,6.7,90.0,3.0,1000.9,100,27.5667,72.0667,28.76047817725114
2024-12-30 10:00:00+05:30,370.0,559.8,129.0,13.0,5.3,76.0,0.0,1001.5,100,27.5667,72.0667,50.70518687054521
2024-12-30 11:00:00+05:30,508.0,657.0,148.0,15.8,5.9,59.0,11.0,1001.0,100,27.5667,72.0667,66.50846446216778
2024-12-30 12:00:00+05:30,592.0,704.9,158.0,17.8,4.8,45.0,1.0,999.8,100,27.5667,72.0667,74.52957109776396
2024-12-30 13:00:00+05:30,611.0,718.4,159.0,19.2,3.1,35.0,0.0,998.9,100,27.5667,72.0667,74.34406010065209
2024-12-30 14:00:00+05:30,560.0,696.3,151.0,20.1,2.9,30.0,8.0,998.0,100,27.5667,72.0667,68.33446042783889
2024-12-30 15:00:00+05:30,447.0,632.6,135.0,20.4,2.8,29.0,0.0,997.5,100,27.5667,72.0667,56.802029932581654
2024-12-30 16:00:00+05:30,286.0,501.3,109.0,20.1,2.7,30.0,1.0,997.3,100,27.5667,72.0667,38.950455882653756
2024-12-30 17:00:00+05:30,111.0,277.6,62.0,18.5,0.6,39.0,12.0,997.0,100,27.5667,72.0667,16.282334813335684
2024-12-30 18:00:00+05:30,6.0,16.6,5.0,15.4,5.6,49.0,15.0,997.3,100,27.5667,72.0667,0.1264454399222857
2024-12-30 19:00:00+05:30,0.0,0.0,0.0,13.9,7.0,53.0,76.0,997.7,100,27.5667,72.0667,0.0
2024-12-30 20:00:00+05:30,0.0,0.0,0.0,12.8,6.9,59.0,18.0,998.1,100,27.5667,72.0667,0.0
2024-12-30 21:00:00+05:30,0.0,0.0,0.0,11.9,7.7,66.0,7.0,998.5,100,27.5667,72.0667,0.0
2024-12-30 22:00:00+05:30,0.0,0.0,0.0,10.9,8.3,74.0,4.0,998.8,100,27.5667,72.0667,0.0
2024-12-30 23:00:00+05:30,0.0,0.0,0.0,10.6,8.1,80.0,6.0,998.6,100,27.5667,72.0667,0.0
2024-12-31 00:00:00+05:30,0.0,0.0,0.0,9.7,7.6,87.0,2.0,998.0,100,27.5667,72.0667,0.0
2024-12-31 01:00:00+05:30,0.0,0.0,0.0,8.6,7.2,91.0,0.0,997.6,100,27.5667,72.0667,0.0
2024-12-31 02:00:00+05:30,0.0,0.0,0.0,8.2,7.4,93.0,4.0,997.3,100,27.5667,72.0667,0.0
2024-12-31 03:00:00+05:30,0.0,0.0,0.0,7.6,6.7,95.0,31.0,997.1,100,27.5667,72.0667,0.0
2024-12-31 04:00:00+05:30,0.0,0.0,0.0,7.2,5.6,96.0,0.0,997.0,100,27.5667,72.0667,0.0
2024-12-31 05:00:00+05:30,0.0,0.0,0.0,6.7,5.2,97.0,7.0,997.4,100,27.5667,72.0667,0.0
2024-12-31 06:00:00+05:30,0.0,0.0,0.0,6.3,5.8,96.0,0.0,998.2,100,27.5667,72.0667,0.0
2024-12-31 07:00:00+05:30,0.0,0.0,0.0,6.0,6.2,97.0,1.0,998.8,100,27.5667,72.0667,0.0
2024-12-31 08:00:00+05:30,42.0,116.8,29.0,6.8,7.7,96.0,0.0,999.5,100,27.5667,72.0667,5.683095772615789
2024-12-31 09:00:00+05:30,196.0,387.9,91.0,9.4,7.3,87.0,0.0,1000.3,100,27.5667,72.0667,27.76726041734883
2024-12-31 10:00:00+05:30,368.0,562.5,126.0,12.7,4.6,70.0,3.0,1000.9,100,27.5667,72.0667,50.33558307140753
2024-12-31 11:00:00+05:30,507.0,658.6,146.0,16.4,4.9,54.0,37.0,1000.8,100,27.5667,72.0667,65.07034744996363
2024-12-31 12:00:00+05:30,590.0,702.5,157.0,19.0,5.5,41.0,81.0,999.8,100,27.5667,72.0667,71.33978592880395
2024-12-31 13:00:00+05:30,606.0,707.6,160.0,20.5,5.8,34.0,54.0,998.3,100,27.5667,72.0667,73.04598578339085
2024-12-31 14:00:00+05:30,557.0,689.4,151.0,21.3,5.2,31.0,20.0,997.4,100,27.5667,72.0667,69.98496867033643
2024-12-31 15:00:00+05:30,444.0,622.1,136.0,21.7,4.5,29.0,32.0,997.0,100,27.5667,72.0667,56.29749617930343
2024-12-31 16:00:00+05:30,283.0,487.0,110.0,21.4,4.8,30.0,100.0,997.1,100,27.5667,72.0667,36.65614400350917
2024-12-31 17:00:00+05:30,109.0,240.5,66.0,19.1,4.8,37.0,97.0,997.0,100,27.5667,72.0667,15.207578276385767
2024-12-31 18:00:00+05:30,7.0,16.3,6.0,16.7,9.7,47.0,29.0,997.7,100,27.5667,72.0667,0.22998793001619158
2024-12-31 19:00:00+05:30,0.0,0.0,0.0,15.4,10.1,55.0,39.0,997.9,100,27.5667,72.0667,0.0
2024-12-31 20:00:00+05:30,0.0,0.0,0.0,14.2,9.7,63.0,15.0,998.6,100,27.5667,72.0667,0.0
2024-12-31 21:00:00+05:30,0.0,0.0,0.0,13.1,9.3,70.0,16.0,998.8,100,27.5667,72.0667,0.0
2024-12-31 22:00:00+05:30,0.0,0.0,0.0,12.2,9.5,76.0,38.0,998.7,100,27.5667,72.0667,0.0
2024-12-31 23:00:00+05:30,0.0,0.0,0.0,11.4,8.9,81.0,25.0,998.5,100,27.5667,72.0667,0.0
