tree
version=v4
num_class=1
num_tree_per_iteration=1
label_index=0
max_feature_idx=18
objective=regression
feature_names=wind_speed_10m wind_speed_100m wind_gusts_10m wind_dir_sin wind_dir_cos air_density temperature_2m surface_pressure hour_sin hour_cos month_sin month_cos day_of_year_sin day_of_year_cos wind_speed_rolling_3h wind_speed_rolling_6h power_curve_estimate wind_speed_lag_1h wind_speed_lag_6h
feature_infos=[0:41.399999999999999] [0:57.147908554559429] [0:53.82] [-1:1] [-1:1] [1.0517791527130496:1.236908453160398] [6.2999999999999998:48.299999999999997] [964:996.60000000000002] [-1:1] [-1:1] [-0.86599999999999999:1] [-1:0.86599999999999999] [-0.78390000000000004:1] [-1:0.99990000000000001] [1.03:41] [2.48:39.579999999999998] [0:100] [0:41.399999999999999] [0:41.399999999999999]
tree_sizes=1337 1400 1375 1361 1375 1397 1382 1408 1408 1381 1412 1416 1419 1405 1403 1405 1413 1410 1392 1419 1391 1408 1408 1393 1412 1414 1407 1409 1411 1409 1402 1413 1393 1386 1427 1407 1421 1393 1388 1413 1397 1428 1396 1398 1407 1399 1416 1431 1395 1404 1378 1419 1414 1428 1381 1428 1429 1440 1435 1438 1445 1414 1417 1400 1438 1434 1414 1446 1448 1426 1440 1439 1443 1443 1438 1433 1441 1437 1431 1445 1404 1419 1431 1442 1442 1422 1447 1436 1428 1447 1434 1448 1445 1440 1426 1426 1444 1430 1437 1445 1432 1444 1446 1441 1431 1442 1443 1453 1436 1459 1445 1456 1431 1449 1455 1457 1448 1453 1441 1431 1442 1458 1462 1441 1451 1436 1452 1443 1453 1446 1445 1448 1449 1441 1444 1458 1447 1468 1469 1475 1464 1469 1449 1451 1452 1453 1462 1460 1465 1445 1449 1461 1457 1468 1475 1469 1477 1463 1466 1451 1460 1446 1460 1455 1465 1460 1451 1462 1463 1462 1451 1459 1461 1456 1441 1468 1454 1471 1442 1463 1460 1456 1453 1457 1452 1452 1448 1461 1457 1458 1451 1460 1440 1452 1461 1443

Tree=0
num_leaves=15
num_cat=0
split_feature=16 16 0 0 16 0 0 0 0 0 0 16 0 0
split_gain=8.67785e+06 538005 365793 46583.2 42963.4 21206 15813.4 6936.7 4314.94 3622.73 3394.59 3266.13 1806.8 1723.17
threshold=54.474691358024721 21.011042524005504 11.450000000000001 9.5500000000000025 7.8320301783264759 10.950000000000001 11.850000000000003 9.0500000000000025 9.9500000000000011 7.5500000000000007 10.65 2.5554869684499324 11.65 11.250000000000002
decision_type=2 2 2 2 2 2 2 2 2 2 2 2 2 2
left_child=1 4 5 7 11 10 12 -3 -5 -6 -2 -1 -4 -7
right_child=2 3 6 8 9 13 -8 -9 -10 -11 -12 -13 -14 -15
leaf_value=59.210533859644933 62.071018288230526 60.473816660227506 63.472684052320638 61.306387866977126 59.685188718172625 62.858806574359825 64.134816688190369 60.910128469882025 61.678070366593104 60.011450671029472 62.434228944800047 59.439647776258454 63.795458574597362 63.177357856011326
leaf_weight=1037 115 190 82 141 147 113 2757 175 175 202 146 183 92 68
leaf_count=1037 115 190 82 141 147 113 2757 175 175 202 146 183 92 68
internal_value=62.2992 59.8942 63.9034 61.0678 59.3848 62.5626 64.1056 60.683 61.5122 59.874 62.2742 59.2449 63.6433 62.9785
internal_weight=5623 2250 3373 681 1569 442 2931 365 316 349 261 1220 174 181
internal_count=5623 2250 3373 681 1569 442 2931 365 316 349 261 1220 174 181
is_linear=0
shrinkage=1


Tree=1
num_leaves=15
num_cat=0
split_feature=0 0 0 0 0 0 0 0 0 0 0 0 0 0
split_gain=3.60045e+06 4.3069e+06 514678 241938 30849.3 24307 23776.2 20759.9 4635.5 3597.5 3470.38 3065.13 2796.66 2142.97
threshold=10.050000000000002 25.050000000000004 11.350000000000003 8.2500000000000018 10.750000000000002 9.2500000000000018 6.8500000000000005 11.750000000000002 10.350000000000003 9.6500000000000004 11.050000000000002 8.8500000000000032 7.5500000000000007 5.8500000000000005
decision_type=2 2 2 2 2 2 2 2 2 2 2 2 2 2
left_child=3 2 4 6 8 11 13 -4 -2 -7 -6 -5 -8 -1
right_child=1 -3 7 5 10 9 12 -9 -10 -11 -12 -13 -14 -15
leaf_value=-2.9176669062990133 -0.53263069663460805 -2.9400812642377123 1.1291476609755537 -1.8371539299828665 0.26412679167545361 -1.2265913017397005 -2.483289792586346 1.7386636668577173 -0.13721279964750907 -0.87245966833691269 0.64849960724512734 -1.5038689066382016 -2.1911340930010823 -2.7003577166383375
leaf_weight=396 127 665 147 140 115 123 147 2813 178 172 120 136 185 159
leaf_count=396 127 665 147 140 115 123 147 2813 178 172 120 136 185 159
internal_value=3.98888e-08 0.748576 1.44942 -2.13842 0.029864 -1.33566 -2.65519 1.70839 -0.301862 -1.02011 0.460402 -1.67293 -2.32049 -2.85541
internal_weight=5623 4165 3500 1458 540 571 887 2960 305 295 235 276 332 555
internal_count=5623 4165 3500 1458 540 571 887 2960 305 295 235 276 332 555
is_linear=0
shrinkage=0.05


Tree=2
num_leaves=15
num_cat=0
split_feature=16 16 0 16 0 0 0 0 0 0 0 16 0 0
split_gain=7.06857e+06 411256 327441 40381.2 29097.9 19880.5 13036.1 4209.5 3833.73 2914.69 2725.88 2678.94 2179.26 1439.31
threshold=52.281550068587116 22.21117969821675 11.450000000000001 7.8320301783264759 9.5500000000000025 10.850000000000003 11.850000000000003 9.0500000000000025 7.6500000000000012 11.15 9.9500000000000011 2.5554869684499324 10.550000000000002 11.65
decision_type=2 2 2 2 2 2 2 2 2 2 2 2 2 2
left_child=1 3 5 11 7 12 13 -3 -5 -7 -6 -1 -2 -4
right_child=2 4 6 8 10 9 -8 -9 -10 -11 -12 -13 -14 -15
leaf_value=-2.7876098555562123 -0.2609680557375153 -1.6070620009617778 1.0583733837778977 -2.3320347849527994 -0.89739277954642649 0.34910328015685083 1.6569236156254694 -1.2528011349269323 -2.0132056949114561 0.7100538833082215 -0.59118618901570641 -2.580110819873914 0.039128615255238586 1.3464586921360182
leaf_weight=1037 120 161 82 180 141 104 2757 175 198 121 150 183 122 92
leaf_count=1037 120 161 82 180 141 104 2757 175 198 121 150 183 122 92
internal_value=-3.01179e-08 -2.19078 1.43451 -2.61658 -1.10556 0.204884 1.63043 -1.42255 -2.16503 0.543214 -0.739554 -2.75649 -0.10968 1.21069
internal_weight=5623 2225 3398 1598 627 467 2931 336 378 225 291 1220 242 174
internal_count=5623 2225 3398 1598 627 467 2931 336 378 225 291 1220 242 174
is_linear=0
shrinkage=0.05


Tree=3
num_leaves=15
num_cat=0
split_feature=16 16 0 0 16 0 0 0 0 0 0 0 0 16
split_gain=6.37938e+06 371481 295516 32563.4 28886.2 17942.1 11765 4848.5 3639.97 3390.24 2630.5 1988.78 1298.98 1176.03
threshold=52.281550068587116 19.854938271604947 11.450000000000001 9.4500000000000011 6.1406721536351165 10.850000000000003 11.850000000000003 8.9500000000000011 9.8500000000000032 7.4500000000000011 11.15 10.65 11.65 2.2771604938271608
decision_type=2 2 2 2 2 2 2 2 2 2 2 2 2 2
left_child=1 4 5 7 13 11 12 -3 -5 -6 -7 -2 -4 -1
right_child=2 3 6 8 9 10 -8 -9 -10 -11 -12 -13 -14 -15
leaf_value=-2.6494117327434261 -0.22654207623430664 -1.6210303003388333 1.0054546652770624 -0.93483696197395894 -2.2838382751383679 0.33164811438092823 1.5740775292707518 -1.2498407987242972 -0.59340963618640596 -1.987377398905128 0.67455116599059306 0.063730776361012875 1.2791357703830886 -2.4953991355625451
leaf_weight=1025 140 173 82 134 188 104 2757 179 187 198 121 102 92 141
leaf_count=1025 140 173 82 134 188 104 2757 179 187 198 121 102 92 141
internal_value=2.49754e-08 -2.08124 1.36279 -1.10014 -2.50668 0.19464 1.54891 -1.43227 -0.735937 -2.13177 0.516054 -0.104196 1.15016 -2.63079
internal_weight=5623 2225 3398 673 1552 467 2931 352 321 386 225 242 174 1166
internal_count=5623 2225 3398 673 1552 467 2931 352 321 386 225 242 174 1166
is_linear=0
shrinkage=0.05


Tree=4
num_leaves=15
num_cat=0
split_feature=16 16 0 16 0 0 0 0 16 0 0 0 0 0
split_gain=5.75779e+06 357725 242699 32909.8 26880.1 14199.5 10618 3417.68 3059.24 2979.84 2464.91 2285.47 1221.9 1172.33
threshold=54.474691358024721 22.21117969821675 11.450000000000001 8.4580932784636502 9.5500000000000025 10.950000000000001 11.850000000000003 9.0500000000000025 3.5246227709190676 10.050000000000002 7.8500000000000005 10.65 11.250000000000002 11.65
decision_type=2 2 2 2 2 2 2 2 2 2 2 2 2 2
left_child=1 3 5 8 7 11 13 -3 -1 -6 -5 -2 -7 -4
right_child=2 4 6 10 9 12 -8 -9 -10 -11 -12 -13 -14 -15
leaf_value=-2.512089476647315 -0.18812506623090366 -1.4495768002101355 0.95518200281189714 -2.0482550246553273 -0.76679844578737943 0.45412078093638464 1.4953736488223293 -1.1303690883091517 -2.2872565757144581 -0.45363046878904811 -1.7789236180922565 0.10990021003710029 0.72236653215744928 1.2151789374973463
leaf_weight=1078 115 161 82 191 189 113 2757 175 176 127 153 146 68 92
leaf_count=1078 115 161 82 191 189 113 2757 175 176 127 153 146 68 92
internal_value=1.58737e-08 -1.95898 1.30676 -2.36169 -0.971982 0.214587 1.47147 -1.28332 -2.48053 -0.640937 -1.92847 -0.0214136 0.554898 1.09265
internal_weight=5623 2250 3373 1598 652 442 2931 336 1254 316 344 261 181 174
internal_count=5623 2250 3373 1598 652 442 2931 336 1254 316 344 261 181 174
is_linear=0
shrinkage=0.05


Tree=5
num_leaves=15
num_cat=0
split_feature=16 16 1 16 1 1 1 1 1 1 1 16 1 1
split_gain=5.19641e+06 322847 219036 29732.2 24259.3 12815 9582.7 3355 3084.46 2706.89 2062.64 1457.05 1102.76 1058.03
threshold=54.474691358024721 22.21117969821675 15.805399829703033 7.237654320987656 13.182669726957551 15.115207697401591 16.357553535544188 10.559939624212069 12.492477594656108 13.734823432798706 14.701092418020723 2.2771604938271608 15.529322976782455 16.081476682623613
decision_type=2 2 2 2 2 2 2 2 2 2 2 2 2 2
left_child=1 3 5 11 8 10 13 -5 -3 -6 -2 -1 -7 -4
right_child=2 4 6 7 9 12 -8 -9 -10 -11 -12 -13 -14 -15
leaf_value=-2.3913367240719681 -0.17871881332491404 -1.3770979360023641 0.90742285658673549 -2.0140007186517486 -0.77192111116774542 0.43141474607771474 1.420604915051604 -1.7254253199606233 -1.0738506289890835 -0.47753315925598144 0.10440520039593724 -2.2332827848546648 0.68624821550705861 1.1544200606968091
leaf_weight=1025 115 161 82 205 141 113 2757 198 175 175 146 170 68 92
leaf_count=1025 115 161 82 205 141 113 2757 198 175 175 146 170 68 92
internal_value=-1.28545e-08 -1.86103 1.24143 -2.24361 -0.923383 0.203858 1.39789 -1.87222 -1.21916 -0.60889 -0.0203429 -2.36885 0.527153 1.03802
internal_weight=5623 2250 3373 1598 652 442 2931 403 336 316 261 1195 181 174
internal_count=5623 2250 3373 1598 652 442 2931 403 336 316 261 1195 181 174
is_linear=0
shrinkage=0.05


Tree=6
num_leaves=15
num_cat=0
split_feature=16 16 0 0 16 0 0 0 0 0 0 0 0 16
split_gain=4.69022e+06 273527 216963 26855.2 18157.8 13329.5 8648.39 4554.87 2808.94 1971.52 1939.83 1426.36 954.869 869.423
threshold=52.281550068587116 18.742043895747596 11.450000000000001 9.3500000000000032 6.1406721536351165 10.850000000000003 11.850000000000003 9.7500000000000018 8.7500000000000018 11.15 7.3500000000000005 10.550000000000002 11.65 2.0198216735253784
decision_type=2 2 2 2 2 2 2 2 2 2 2 2 2 2
left_child=1 4 5 8 13 11 12 -5 -3 -7 -6 -2 -4 -1
right_child=2 3 6 7 10 9 -8 -9 -10 -11 -12 -13 -14 -15
leaf_value=-2.2726603989069227 -0.21237202781252562 -1.4634747621175406 0.86205170561627653 -0.88508412301540373 -1.9752395283092152 0.28498802968802361 1.3495746796227124 -0.53447084101763642 -1.1663622967032499 0.58184874038065759 -1.7420247987373589 0.030413177966323424 1.0966990180637526 -2.1447857326931423
leaf_weight=1013 120 148 82 160 165 104 2757 220 172 121 194 122 92 153
leaf_count=1013 120 148 82 160 165 104 2757 220 172 121 194 122 92 153
internal_value=-1.0018e-10 -1.78455 1.16852 -0.966294 -2.16015 0.167598 1.328 -0.682097 -1.30378 0.444633 -1.84921 -0.0899762 0.986118 -2.25588
internal_weight=5623 2225 3398 700 1525 467 2931 380 320 225 359 242 174 1166
internal_count=5623 2225 3398 700 1525 467 2931 380 320 225 359 242 174 1166
is_linear=0
shrinkage=0.05


Tree=7
num_leaves=15
num_cat=0
split_feature=16 16 0 0 16 0 0 0 0 0 0 0 16 0
split_gain=4.23293e+06 246858 195812 24236.8 16387.4 11167.9 9485.52 4135.18 2535.07 1840.97 1750.69 964.712 784.655 656.713
threshold=52.281550068587116 18.742043895747596 11.350000000000003 9.3500000000000032 6.1406721536351165 11.750000000000002 10.750000000000002 9.8500000000000032 8.7500000000000018 11.050000000000002 7.3500000000000005 11.950000000000001 2.0198216735253784 10.550000000000002
decision_type=2 2 2 2 2 2 2 2 2 2 2 2 2 2
left_child=1 4 6 8 12 -4 13 -5 -3 -8 -6 -7 -1 -2
right_child=2 3 5 7 10 11 9 -9 -10 -11 -12 -13 -14 -15
leaf_value=-2.1590274031282295 -0.2017534191037218 -1.3903010458559604 0.83124784287952247 -0.81034835929079996 -1.876477577903054 1.1331530120156028 0.19669509524560494 -0.48042758881727005 -1.1080441957296328 0.47665012538433071 -1.6549235673294853 1.2842077128586398 -2.0375464408226263 -0.018827060443813444
leaf_weight=1013 120 148 147 193 165 110 115 187 172 120 194 2703 153 83
leaf_count=1013 120 148 147 193 165 110 115 187 172 120 194 2703 153 83
internal_value=-1.4114e-08 -1.69533 1.11009 -0.917979 -2.05214 1.2561 0.12339 -0.647993 -1.23859 0.339651 -1.75675 1.2783 -2.14309 -0.126961
internal_weight=5623 2225 3398 700 1525 2960 438 380 320 235 359 2813 1166 203
internal_count=5623 2225 3398 700 1525 2960 438 380 320 235 359 2813 1166 203
is_linear=0
shrinkage=0.05


Tree=8
num_leaves=15
num_cat=0
split_feature=16 16 1 16 1 1 1 1 1 16 1 1 1 1
split_gain=3.82026e+06 237633 161027 21904.5 17951.9 9450.17 7027.96 2265.11 2132.92 2017.74 1701.23 1499.77 842.077 792.19
threshold=54.474691358024721 22.21117969821675 15.805399829703033 8.4580932784636502 13.182669726957551 15.115207697401591 16.357553535544188 12.492477594656108 13.872861859258993 4.2907407407407412 10.974054903592936 14.701092418020723 15.529322976782455 16.081476682623613
decision_type=2 2 2 2 2 2 2 2 2 2 2 2 2 2
left_child=1 3 5 9 7 11 13 -3 -6 -1 -5 -2 -7 -4
right_child=2 4 6 10 8 12 -8 -9 -10 -11 -12 -13 -14 -15
leaf_value=-2.0444263212477449 -0.15277844489997497 -1.1810281007186227 0.77738676071167001 -1.6503004834515409 -0.62719303716427444 0.36876428886852436 1.2180335393538284 -0.92116025270734514 -0.36224048729017966 -1.8500969911876479 -1.4155940634572608 0.088643432449396348 0.59144957626567174 0.99111325118852711
leaf_weight=1102 115 161 82 227 189 113 2757 175 127 152 117 146 68 92
leaf_count=1102 115 161 82 227 189 113 2757 175 127 152 117 146 68 92
internal_value=1.76233e-08 -1.59569 1.06443 -1.92391 -0.791246 0.174799 1.19858 -1.04568 -0.520709 -2.02087 -1.57047 -0.0177302 0.452425 0.890392
internal_weight=5623 2250 3373 1598 652 442 2931 336 316 1254 344 261 181 174
internal_count=5623 2250 3373 1598 652 442 2931 336 316 1254 344 261 181 174
is_linear=0
shrinkage=0.05


Tree=9
num_leaves=15
num_cat=0
split_feature=16 16 0 0 16 0 0 0 0 0 0 0 0 16
split_gain=3.44797e+06 201085 159554 19837.1 13362.1 9870.85 6342.73 3337.19 2051.67 1481.31 1458.78 1024.7 714.951 666.738
threshold=52.281550068587116 18.742043895747596 11.450000000000001 9.4500000000000011 6.1406721536351165 10.850000000000003 11.850000000000003 8.8500000000000032 9.8500000000000032 7.4500000000000011 11.15 10.550000000000002 11.65 1.5648148148148149
decision_type=2 2 2 2 2 2 2 2 2 2 2 2 2 2
left_child=1 4 5 7 13 11 12 -3 -5 -6 -7 -2 -4 -1
right_child=2 3 6 8 9 10 -8 -9 -10 -11 -12 -13 -14 -15
leaf_value=-1.9500795781612397 -0.18184492932011687 -1.2406216273050823 0.73851740767316132 -0.68860480856539608 -1.6822535185103722 0.24462266569384017 1.1571318022098758 -0.94177131472893483 -0.43227252692462292 -1.4788945276137682 0.49997900182550609 0.023935748235316332 0.94155762610228178 -1.84396707052472
leaf_weight=992 120 167 82 134 188 104 2757 212 187 171 121 122 92 174
leaf_count=992 120 167 82 134 188 104 2757 212 187 171 121 122 92 174
internal_value=-1.4393e-08 -1.53008 1.00189 -0.828496 -1.85212 0.143548 1.13865 -1.07345 -0.539277 -1.58539 0.381948 -0.0781043 0.845872 -1.93424
internal_weight=5623 2225 3398 700 1525 467 2931 379 321 359 225 242 174 1166
internal_count=5623 2225 3398 700 1525 467 2931 379 321 359 225 242 174 1166
is_linear=0
shrinkage=0.05


Tree=10
num_leaves=15
num_cat=0
split_feature=16 16 0 16 0 0 0 0 16 0 0 0 0 0
split_gain=3.1118e+06 193732 131279 17859.8 14661.5 10125.7 3188.51 2172.53 1808.59 1520.15 1274.72 1265.02 1206.28 336.589
threshold=54.474691358024721 22.21117969821675 11.550000000000002 9.1166666666666654 9.6500000000000004 10.950000000000001 11.850000000000003 9.1500000000000004 3.5246227709190676 10.050000000000002 10.750000000000002 7.9500000000000011 11.250000000000002 8.8500000000000032
decision_type=2 2 2 2 2 2 2 2 2 2 2 2 2 2
left_child=1 3 5 8 7 10 -4 13 -1 -6 -2 -5 -7 -3
right_child=2 4 6 11 9 12 -8 -9 -10 -11 -12 -13 -14 -15
leaf_value=-1.8471720458404033 -0.091610237831521904 -1.1185342433604788 0.85214001314483423 -1.4824394146601358 -0.55305730631185135 0.33210649627499877 1.0992752423180936 -0.80477579249892139 -1.6787283193618856 -0.32497967185936577 0.14566273305969066 -1.2783029213929789 0.56749686014084588 -0.98206471629526426
leaf_weight=1078 178 94 137 216 172 113 2757 172 187 127 83 117 105 87
leaf_count=1078 178 94 137 216 172 113 2757 172 187 127 83 117 105 87
internal_value=6.53642e-09 -1.44015 0.960671 -1.73651 -0.713806 0.193943 1.08758 -0.932021 -1.82227 -0.456182 -0.0161556 -1.41072 0.445483 -1.05294
internal_weight=5623 2250 3373 1598 652 479 2894 353 1265 299 261 333 218 181
internal_count=5623 2250 3373 1598 652 479 2894 353 1265 299 261 333 218 181
is_linear=0
shrinkage=0.05


Tree=11
num_leaves=15
num_cat=0
split_feature=16 16 1 1 16 1 1 1 1 1 1 16 1 1
split_gain=2.80858e+06 163845 130089 14488.2 12734.1 7428.01 6330.49 2182.4 1693.44 1381.47 1222.63 734.377 670.672 439.905
threshold=52.281550068587116 19.854938271604947 15.667361403242746 13.044631300497263 6.6741426611797001 16.2195151090839 14.839130844481014 12.354439168195821 13.596785006338417 10.421901197751781 15.253246123861878 2.0198216735253784 16.495591962004479 14.563053991560436
decision_type=2 2 2 2 2 2 2 2 2 2 2 2 2 2
left_child=1 4 6 7 11 -4 13 -3 -5 -6 -8 -1 -7 -2
right_child=2 3 5 8 9 12 10 -9 -10 -11 -12 -13 -14 -15
leaf_value=-1.7591021145202097 -0.16574124140354496 -1.0775541046451282 0.67675691786266512 -0.62210724264828132 -1.5037700264147542 0.92032756198536259 0.16016464876496922 -0.82852002575410821 -0.38922634099256548 -1.3089299341150233 0.38831056366364164 -1.6481810231889999 1.046275316782453 -0.016025455653069946
leaf_weight=1013 120 173 147 134 179 110 115 179 187 185 120 175 2703 83
leaf_count=1013 120 173 147 134 179 110 115 179 187 185 120 175 2703 83
internal_value=-2.51351e-09 -1.38094 0.904237 -0.729375 -1.66349 1.02324 0.0999935 -0.950915 -0.486441 -1.40474 0.276665 -1.74276 1.04135 -0.104527
internal_weight=5623 2225 3398 673 1552 2960 438 352 321 364 235 1188 2813 203
internal_count=5623 2225 3398 673 1552 2960 438 352 321 364 235 1188 2813 203
is_linear=0
shrinkage=0.05


Tree=12
num_leaves=15
num_cat=0
split_feature=16 16 0 16 0 0 0 0 16 0 0 0 0 0
split_gain=2.53474e+06 148025 117406 14544.6 10486.6 6703.78 5713.27 1538.37 1480.16 1112.51 1103.43 1056.9 605.281 397.014
threshold=52.281550068587116 22.21117969821675 11.350000000000003 9.1166666666666654 9.5500000000000025 11.750000000000002 10.750000000000002 9.1500000000000004 4.2907407407407412 9.9500000000000011 11.050000000000002 7.8500000000000005 11.950000000000001 10.550000000000002
decision_type=2 2 2 2 2 2 2 2 2 2 2 2 2 2
left_child=1 3 6 8 7 -4 13 -3 -1 -6 -8 -5 -7 -2
right_child=2 4 5 11 9 12 10 -9 -10 -11 -12 -13 -14 -15
leaf_value=-1.6655482432370612 -0.15745418117692075 -0.95012863354129695 0.64291907346167543 -1.3554721593856813 -0.54193852911604212 0.87431116364218975 0.15215641725970352 -0.73551139554669787 -1.5041178270351667 -0.34631816585858666 0.36889502733945845 -1.1767303298501408 0.99396151314388603 -0.01522418555343546
leaf_weight=1102 120 181 147 180 141 110 115 155 163 150 120 153 2703 83
leaf_count=1102 120 181 147 180 141 110 115 155 163 150 120 153 2703 83
internal_value=-2.1612e-08 -1.3119 0.859025 -1.56735 -0.660827 0.972082 0.0949938 -0.851124 -1.64475 -0.441103 0.262831 -1.27335 0.989283 -0.099301
internal_weight=5623 2225 3398 1598 627 2960 438 336 1265 291 235 333 2813 203
internal_count=5623 2225 3398 1598 627 2960 438 336 1265 291 235 333 2813 203
is_linear=0
shrinkage=0.05


Tree=13
num_leaves=15
num_cat=0
split_feature=16 16 0 16 0 0 0 16 0 0 0 0 0 0
split_gain=2.28771e+06 142535 96776.1 14143 10004.4 7377.15 2273.82 1502.46 1371.06 1165.1 972.704 918.746 867.728 321.284
threshold=54.474691358024721 23.456172839506181 11.550000000000002 9.8085733882030191 9.6500000000000004 10.950000000000001 11.850000000000003 3.1783950617283958 9.2500000000000018 10.050000000000002 7.9500000000000011 10.65 11.250000000000002 8.8500000000000032
decision_type=2 2 2 2 2 2 2 2 2 2 2 2 2 2
left_child=1 3 5 7 8 11 -4 -1 13 -6 -5 -2 -7 -3
right_child=2 4 6 10 9 12 -8 -9 -10 -11 -12 -13 -14 -15
leaf_value=-1.5851306053291054 -0.11963504430594976 -0.94428519840481917 0.73384195070197122 -1.264158304138939 -0.47568607163983723 0.28394014263047584 0.94254011552663308 -1.4410118422377001 -0.65478227390506405 -0.2760120143571238 -1.0896279645688607 0.069321763688979091 0.48358410517374673 -0.81750517803079947
leaf_weight=1061 115 79 137 202 172 113 2757 218 123 127 132 146 105 136
leaf_count=1061 115 79 137 202 172 113 2757 218 123 127 132 146 105 136
internal_value=-8.36316e-09 -1.23482 0.823701 -1.48491 -0.601553 0.165396 0.93266 -1.56057 -0.787921 -0.390875 -1.19518 -0.0139351 0.380099 -0.864089
internal_weight=5623 2250 3373 1613 637 479 2894 1279 338 299 334 261 218 215
internal_count=5623 2250 3373 1613 637 479 2894 1279 338 299 334 261 218 215
is_linear=0
shrinkage=0.05


Tree=14
num_leaves=15
num_cat=0
split_feature=16 16 0 16 0 0 0 0 16 0 0 0 0 0
split_gain=2.06478e+06 138053 77723.1 12764.1 10364 5667.35 2052.12 1942.83 1379.5 939.46 877.865 817.574 456.019 295.956
threshold=56.728326474622797 23.456172839506181 11.550000000000002 9.8085733882030191 9.7500000000000018 11.050000000000002 11.850000000000003 9.2500000000000018 4.7122770919067225 10.750000000000002 7.9500000000000011 10.15 11.350000000000003 8.9500000000000011
decision_type=2 2 2 2 2 2 2 2 2 2 2 2 2 2
left_child=1 3 5 8 7 9 -4 13 -1 -2 -5 -6 -7 -3
right_child=2 4 6 10 11 12 -8 -9 -10 -11 -12 -13 -14 -15
leaf_value=-1.5021031263044904 -0.052129106360468892 -0.87714165023395008 0.69714984963410098 -1.2009503916938709 -0.39306801421732845 0.33300906106829647 0.89541315117477294 -0.59720641852772172 -1.3447200391277578 0.13809651413122598 -1.0351465535886362 -0.21826407281232291 0.49663626027829721 -0.75971266459492803
leaf_weight=1120 149 112 137 202 158 120 2757 177 159 115 132 116 66 103
leaf_count=1120 149 112 137 202 158 120 2757 177 159 115 132 116 66 103
internal_value=6.05424e-09 -1.1606 0.790974 -1.41066 -0.554984 0.179673 0.886028 -0.719887 -1.48254 0.0307343 -1.13542 -0.319063 0.39107 -0.820885
internal_weight=5623 2279 3344 1613 666 450 2894 392 1279 264 334 274 186 215
internal_count=5623 2279 3344 1613 666 450 2894 392 1279 264 334 274 186 215
is_linear=0
shrinkage=0.05


Tree=15
num_leaves=15
num_cat=0
split_feature=16 16 0 0 16 0 0 0 0 0 0 0 0 16
split_gain=1.86347e+06 108863 86364 10903.2 7262.82 5377.71 3481.63 1902.03 1128.17 843.338 805.931 565.519 451.236 400.809
threshold=52.281550068587116 18.742043895747596 11.450000000000001 9.3500000000000032 6.1406721536351165 10.850000000000003 11.750000000000002 9.7500000000000018 8.7500000000000018 7.4500000000000011 11.15 10.550000000000002 11.950000000000001 1.5648148148148149
decision_type=2 2 2 2 2 2 2 2 2 2 2 2 2 2
left_child=1 4 5 8 13 11 -4 -5 -3 -6 -7 -2 -8 -1
right_child=2 3 6 7 9 10 12 -9 -10 -11 -12 -13 -14 -15
leaf_value=-1.4346227531471563 -0.1356262997701318 -0.92487871002506561 0.57109400599689808 -0.55871890962123871 -1.2382385588706808 0.17893967636359426 0.74905697389082482 -0.33215048617937348 -0.73658433875372253 -1.0847976561875372 0.36874172234338176 0.01724667987580121 0.85236577592511731 -1.3523497121087438
leaf_weight=992 120 148 118 160 188 104 110 220 172 171 121 122 2703 174
leaf_count=992 120 148 118 160 188 104 110 220 172 171 121 122 2703 174
internal_value=-1.62322e-08 -1.12485 0.736547 -0.608632 -1.3618 0.105046 0.837165 -0.427548 -0.82367 -1.16515 0.281011 -0.0585581 0.848326 -1.42235
internal_weight=5623 2225 3398 700 1525 467 2931 380 320 359 225 242 2813 1166
internal_count=5623 2225 3398 700 1525 467 2931 380 320 359 225 242 2813 1166
is_linear=0
shrinkage=0.05


Tree=16
num_leaves=15
num_cat=0
split_feature=16 16 0 16 0 0 0 0 16 0 0 0 0 0
split_gain=1.68197e+06 112495 63332.9 10399.1 8410.09 4598.32 1654.55 1131.34 1120.09 995.712 767.935 717.818 384.173 303.986
threshold=56.728326474622797 23.456172839506181 11.550000000000002 9.8085733882030191 9.6500000000000004 11.050000000000002 11.950000000000001 10.050000000000002 4.7122770919067225 9.1500000000000004 10.750000000000002 7.8500000000000005 11.250000000000002 11.750000000000002
decision_type=2 2 2 2 2 2 2 2 2 2 2 2 2 2
left_child=1 3 5 8 9 10 13 -6 -1 -3 -2 -5 -7 -4
right_child=2 4 6 11 7 12 -8 -9 -10 -11 -12 -13 -14 -15
leaf_value=-1.3557369586399624 -0.046999208214255239 -0.76319474513272212 0.58396766745013962 -1.0985362512519561 -0.40887974722440856 0.27068144140052208 0.8097475067580403 -0.2229376612469936 -1.2139214503690132 -0.59153168381646626 0.1249864553724942 -0.95193368593851724 0.41560953526269828 0.71160411314530814
leaf_weight=1120 149 166 81 166 172 81 2703 156 159 172 115 168 105 110
leaf_count=1120 149 166 81 166 172 81 2703 156 159 172 115 168 105 110
internal_value=-8.47237e-09 -1.0475 0.713894 -1.27323 -0.50081 0.162077 0.799698 -0.320444 -1.33811 -0.67584 0.0279188 -1.0248 0.352496 0.657476
internal_weight=5623 2279 3344 1613 666 450 2894 328 1279 338 264 334 186 191
internal_count=5623 2279 3344 1613 666 450 2894 328 1279 338 264 334 186 191
is_linear=0
shrinkage=0.05


Tree=17
num_leaves=15
num_cat=0
split_feature=16 16 0 16 0 0 0 0 16 0 0 0 0 0
split_gain=1.51797e+06 101526 57157.9 9389.34 7634.25 4149.99 1498.84 1437.68 922.599 739.144 693.062 639.058 346.716 225.184
threshold=56.728326474622797 23.456172839506181 11.550000000000002 9.1166666666666654 9.7500000000000018 11.050000000000002 11.850000000000003 9.2500000000000018 2.2771604938271608 7.7500000000000009 10.750000000000002 10.15 11.250000000000002 8.9500000000000011
decision_type=2 2 2 2 2 2 2 2 2 2 2 2 2 2
left_child=1 3 5 8 7 10 -4 13 -1 -5 -2 -6 -7 -3
right_child=2 4 6 9 11 12 -8 -9 -10 -11 -12 -13 -14 -15
leaf_value=-1.293503528408888 -0.044649247127903892 -0.75325204815183378 0.59829345167118264 -1.0585585111379625 -0.3387167903441417 0.25714736128294907 0.76773408212478422 -0.51176564181591833 -1.1845969291528067 -0.91234572136655767 0.11873713161472393 -0.18417072655825781 0.39482906704857235 -0.65082133070936488
leaf_weight=1025 149 112 137 160 158 81 2757 177 240 188 115 116 105 103
leaf_count=1025 149 112 137 160 158 81 2757 177 240 188 115 116 105 103
internal_value=-9.12551e-09 -0.995128 0.678199 -1.20957 -0.475769 0.153973 0.759713 -0.617299 -1.27284 -0.97957 0.0265228 -0.273289 0.334871 -0.704181
internal_weight=5623 2279 3344 1613 666 450 2894 392 1265 348 264 274 186 215
internal_count=5623 2279 3344 1613 666 450 2894 392 1265 348 264 274 186 215
is_linear=0
shrinkage=0.05


Tree=18
num_leaves=15
num_cat=0
split_feature=16 16 0 0 16 0 0 0 0 0 0 0 0 0
split_gain=1.37003e+06 80134.1 63536.5 8013 5340.66 3644.37 3100.47 1395.22 824.65 622.898 426.572 355.4 334.317 309.165
threshold=52.281550068587116 18.742043895747596 11.350000000000003 9.3500000000000032 6.1406721536351165 11.750000000000002 10.850000000000003 9.7500000000000018 8.7500000000000018 7.3500000000000005 10.550000000000002 11.15 11.950000000000001 10.15
decision_type=2 2 2 2 2 2 2 2 2 2 2 2 2 2
left_child=1 4 6 8 -1 -4 10 -5 -3 -6 -2 -8 -7 -9
right_child=2 3 5 7 9 12 11 13 -10 -11 -12 -13 -14 -15
leaf_value=-1.2197042422679032 -0.11716471531700033 -0.7924714632936426 0.47201815397561009 -0.47870033994317063 -1.0705699787717877 0.64195025010542439 0.1539820197539834 -0.32178094990645789 -0.63148668255916862 -0.93841518618396869 0.015606314219824483 0.28889263032571127 0.73087342894169927 -0.19003059878464668
leaf_weight=1166 120 148 147 160 165 110 104 158 172 194 122 92 2703 62
leaf_count=1166 120 148 147 160 165 110 104 158 172 194 122 92 2703 62
internal_value=-6.32282e-09 -0.964489 0.631545 -0.521595 -1.16778 0.714714 0.0694896 -0.366356 -0.705942 -0.999155 -0.0502306 0.217307 0.727396 -0.284651
internal_weight=5623 2225 3398 700 1525 2960 438 380 320 359 242 196 2813 220
internal_count=5623 2225 3398 700 1525 2960 438 380 320 359 242 196 2813 220
is_linear=0
shrinkage=0.05


Tree=19
num_leaves=15
num_cat=0
split_feature=16 16 0 16 0 0 0 16 0 0 0 0 0 0
split_gain=1.23653e+06 82729.1 46607.7 7644.78 6209.89 3357.9 1215.84 869.999 833.078 730.502 566.403 551.865 275.974 220.068
threshold=56.728326474622797 23.456172839506181 11.550000000000002 9.8085733882030191 9.6500000000000004 11.050000000000002 11.950000000000001 3.1783950617283958 10.050000000000002 9.1500000000000004 10.750000000000002 7.9500000000000011 11.350000000000003 11.750000000000002
decision_type=2 2 2 2 2 2 2 2 2 2 2 2 2 2
left_child=1 3 5 7 9 10 13 -1 -6 -3 -2 -5 -7 -4
right_child=2 4 6 11 8 12 -8 -9 -10 -11 -12 -13 -14 -15
leaf_value=-1.1660428746481419 -0.040256535687566666 -0.65455474480088938 0.50125370614322617 -0.93067102054558193 -0.35023113669351091 0.25628135970017563 0.6943297735285503 -1.0563751964394106 -0.1906713854899863 -0.50751970049946804 0.10744754507813765 -0.79921001557147875 0.38357251575498874 0.60985272017392245
leaf_weight=1061 149 166 81 202 172 120 2703 218 156 172 115 132 66 110
leaf_count=1061 149 166 81 202 172 120 2703 218 156 172 115 132 66 110
internal_value=2.72648e-10 -0.898151 0.612107 -1.09173 -0.42933 0.138728 0.685715 -1.14735 -0.274343 -0.579732 0.0240843 -0.878716 0.301449 0.563798
internal_weight=5623 2279 3344 1613 666 450 2894 1279 328 338 264 334 186 191
internal_count=5623 2279 3344 1613 666 450 2894 1279 328 338 264 334 186 191
is_linear=0
shrinkage=0.05


Tree=20
num_leaves=15
num_cat=0
split_feature=16 16 0 0 0 16 0 0 0 0 0 0 0 0
split_gain=1.11602e+06 65281.6 51750.2 7039.6 4098.1 3929.56 1152.81 1097.29 769.742 615.107 521.546 424.008 198.611 187.052
threshold=52.281550068587116 17.671536351165987 11.550000000000002 9.3500000000000032 10.950000000000001 5.1605624142661197 9.8500000000000032 11.950000000000001 8.7500000000000018 10.65 7.3500000000000005 11.250000000000002 11.750000000000002 10.15
decision_type=2 2 2 2 2 2 2 2 2 2 2 2 2 2
left_child=1 5 4 8 9 -1 -5 12 -3 -2 -7 -6 -4 -8
right_child=2 3 7 6 11 10 13 -9 -10 -11 -12 -13 -14 -15
leaf_value=-1.1041583840882916 -0.096930944834020927 -0.72093803968774273 0.47619102442706079 -0.41619799254471773 0.1985160864164344 -0.97272575538937422 -0.27721900634765623 0.65961326292343514 -0.57000561869421673 0.049754776008274049 -0.85498414012518809 0.33807296139853343 0.57936008106578485 -0.17099549865290042
leaf_weight=1129 140 166 81 193 113 202 125 2703 172 146 176 105 110 62
leaf_count=1129 140 166 81 193 113 202 125 2703 172 146 176 105 110 62
internal_value=-7.44279e-09 -0.870499 0.57 -0.47813 0.102428 -1.05744 -0.330474 0.651429 -0.644132 -0.0220494 -0.917904 0.265734 0.535608 -0.242001
internal_weight=5623 2225 3398 718 504 1507 380 2894 338 286 378 218 191 187
internal_count=5623 2225 3398 718 504 1507 380 2894 338 286 378 218 191 187
is_linear=0
shrinkage=0.05


Tree=21
num_leaves=15
num_cat=0
split_feature=16 16 0 16 0 0 0 0 0 0 16 0 0 0
split_gain=1.0073e+06 67411.8 37920.4 6238.66 5074.55 2741.81 990.308 951.183 702.055 466.287 462.027 412.004 230.043 179.246
threshold=56.728326474622797 23.456172839506181 11.550000000000002 7.8320301783264759 9.7500000000000018 11.050000000000002 11.950000000000001 9.2500000000000018 7.7500000000000009 10.750000000000002 1.5648148148148149 10.15 11.350000000000003 11.750000000000002
decision_type=2 2 2 2 2 2 2 2 2 2 2 2 2 2
left_child=1 3 5 10 7 9 13 -3 -5 -2 -1 -6 -7 -4
right_child=2 4 6 8 11 12 -8 -9 -10 -11 -12 -13 -14 -15
leaf_value=-1.0559343194769275 -0.036498236536804667 -0.57349238262620084 0.45238147105699711 -0.87611614297075979 -0.2748877787891823 0.23127367981554323 0.62663262997386282 -0.4169834189495798 -0.74233468796344515 0.097517707289156069 -0.97700099526790152 -0.15079725181748127 0.34749023787903066 0.55039208130403006
leaf_weight=992 149 215 81 205 158 120 2703 177 188 115 228 116 66 110
leaf_count=992 149 215 81 205 158 120 2703 177 188 115 228 116 66 110
internal_value=7.66922e-09 -0.810635 0.552463 -0.985372 -0.387435 0.125474 0.618858 -0.502824 -0.812119 0.0218799 -1.04118 -0.222353 0.272512 0.508827
internal_weight=5623 2279 3344 1613 666 450 2894 392 393 264 1220 274 186 191
internal_count=5623 2279 3344 1613 666 450 2894 392 393 264 1220 274 186 191
is_linear=0
shrinkage=0.05


Tree=22
num_leaves=15
num_cat=0
split_feature=16 16 0 16 0 0 0 0 0 0 0 16 0 0
split_gain=909084 60855 34223.2 5238.62 4934.53 2474.48 893.753 662.171 646.296 605.149 420.824 324.929 213.653 161.77
threshold=56.728326474622797 22.21117969821675 11.550000000000002 7.237654320987656 9.6500000000000004 11.050000000000002 11.950000000000001 7.6500000000000012 9.0500000000000025 10.050000000000002 10.750000000000002 1.5648148148148149 11.250000000000002 11.750000000000002
decision_type=2 2 2 2 2 2 2 2 2 2 2 2 2 2
left_child=1 3 5 11 8 10 13 -5 -3 -6 -2 -1 -7 -4
right_child=2 4 6 7 9 12 -8 -9 -10 -11 -12 -13 -14 -15
leaf_value=-1.003137621571941 -0.034673323437271503 -0.57793707018313201 0.42976239286823043 -0.84586761939816368 -0.29936879249506221 0.19787359725178025 0.59530099545237847 -0.71766469791682086 -0.44210277535021308 -0.16337731829247415 0.0926418225758876 -0.93370807464486871 0.3059531092643738 0.52287247527729386
leaf_weight=992 149 161 81 205 172 81 2703 198 192 156 115 203 105 110
leaf_count=992 149 161 81 205 172 81 2703 198 192 156 115 203 105 110
internal_value=2.13745e-09 -0.770103 0.52484 -0.938771 -0.374317 0.119201 0.587915 -0.78288 -0.504056 -0.23469 0.0207859 -0.991343 0.258886 0.483386
internal_weight=5623 2279 3344 1598 681 450 2894 403 353 328 264 1195 186 191
internal_count=5623 2279 3344 1598 681 450 2894 403 353 328 264 1195 186 191
is_linear=0
shrinkage=0.05


Tree=23
num_leaves=15
num_cat=0
split_feature=16 16 0 0 16 0 0 0 0 0 0 0 0 0
split_gain=820499 48083.8 38030.1 5172.13 2889.07 2158.33 1878.91 853.784 571.004 384.789 264.813 217.743 200.168 134.529
threshold=52.281550068587116 17.671536351165987 11.350000000000003 9.3500000000000032 5.1605624142661197 11.750000000000002 10.850000000000003 9.8500000000000032 8.7500000000000018 7.3500000000000005 10.550000000000002 11.15 11.950000000000001 10.15
decision_type=2 2 2 2 2 2 2 2 2 2 2 2 2 2
left_child=1 4 6 8 -1 -4 10 -5 -3 -6 -2 -8 -7 -9
right_child=2 3 5 7 9 12 11 13 -10 -11 -12 -13 -14 -15
leaf_value=-0.94689704833355914 -0.092036623922758742 -0.61809903052916015 0.36631434336811508 -0.35686565100220202 -0.83428286491054127 0.49672887368635704 0.11940296134696558 -0.23682108783721922 -0.48810317100480544 -0.73314931365576663 0.012574149765929238 0.22500195006799439 0.56553596105127479 -0.14673699657282521
leaf_weight=1129 120 166 147 193 202 110 104 125 172 176 122 92 2703 62
leaf_count=1129 120 166 147 193 202 110 104 125 172 176 122 92 2703 62
internal_value=9.90825e-09 -0.7464 0.48874 -0.409657 -0.906839 0.553085 0.0538989 -0.283093 -0.551947 -0.787194 -0.039299 0.16897 0.562845 -0.206954
internal_weight=5623 2225 3398 718 1507 2960 438 380 338 378 242 196 2813 187
internal_count=5623 2225 3398 718 1507 2960 438 380 338 378 242 196 2813 187
is_linear=0
shrinkage=0.05


Tree=24
num_leaves=15
num_cat=0
split_feature=16 16 0 16 0 0 0 0 16 0 0 0 0 18
split_gain=740530 49634.2 27909.1 4960.85 3485.72 2011.99 715.677 596.324 544.18 379.876 299.368 277.467 217.653 140.592
threshold=56.728326474622797 24.746844993141291 11.550000000000002 9.8085733882030191 9.7500000000000018 10.950000000000001 11.850000000000003 9.2500000000000018 1.5648148148148149 7.9500000000000011 10.15 11.250000000000002 10.750000000000002 24.850000000000005
decision_type=2 2 2 2 2 2 2 2 2 2 2 2 2 2
left_child=1 3 5 8 7 12 -4 -3 -1 -5 -6 -7 -2 -8
right_child=2 4 6 9 10 11 13 -9 -10 -11 -12 -13 -14 -15
leaf_value=-0.90563587911667376 -0.031251481652959885 -0.48388429215205975 0.41911003285080844 -0.72023921012878422 -0.23480167494544502 0.16207022887090039 0.54037940003002438 -0.35773289621213067 -0.82745877491887865 -0.6147960772385469 -0.12902487032757751 0.27496410940374644 0.069781765436013068 0.50573128182608806
leaf_weight=992 149 199 137 202 158 113 2424 177 287 148 116 105 83 333
leaf_count=992 149 199 137 202 158 113 2424 177 287 148 116 105 83 333
internal_value=-1.17265e-09 -0.695053 0.473692 -0.842449 -0.325657 0.107379 0.530652 -0.424499 -0.888093 -0.675652 -0.19002 0.216446 0.00489403 0.536194
internal_weight=5623 2279 3344 1629 650 450 2894 376 1279 350 274 218 232 2757
internal_count=5623 2279 3344 1629 650 450 2894 376 1279 350 274 218 232 2757
is_linear=0
shrinkage=0.05


Tree=25
num_leaves=15
num_cat=0
split_feature=16 16 0 0 16 0 0 0 0 0 0 0 16 18
split_gain=668339 41735.4 28285.7 3704.42 3348.3 2164.92 657.195 526.211 460.427 409.237 301.36 250.414 227.855 136.11
threshold=54.474691358024721 21.011042524005504 11.550000000000002 9.4500000000000011 6.6741426611797001 10.950000000000001 11.950000000000001 9.9500000000000011 8.9500000000000011 7.5500000000000007 10.65 11.250000000000002 0.73696844993141308 24.850000000000005
decision_type=2 2 2 2 2 2 2 2 2 2 2 2 2 2
left_child=1 4 5 8 12 10 -4 -5 -3 -6 -2 -7 -1 -8
right_child=2 3 6 7 9 11 13 -9 -10 -11 -12 -13 -14 -15
leaf_value=-0.8619343350362727 -0.068370464321063917 -0.5218629187498337 0.41448488453919979 -0.28818924196979456 -0.73536416218933454 0.15396671738904136 0.51465145987028416 -0.16485867175353427 -0.40435040010420303 -0.6315353910521706 0.039849651282117385 0.26121590421313334 -0.80813521477113293 0.48046898655144565
leaf_weight=939 115 156 191 171 179 113 2371 175 179 202 146 105 249 332
leaf_count=939 115 156 191 171 179 113 2371 175 179 202 146 105 249 332
internal_value=-4.52547e-09 -0.667423 0.445213 -0.340558 -0.809294 0.0893139 0.504119 -0.225811 -0.459073 -0.680316 -0.00783354 0.205623 -0.850658 0.510453
internal_weight=5623 2250 3373 681 1569 479 2894 346 335 381 261 218 1188 2703
internal_count=5623 2250 3373 681 1569 479 2894 346 335 381 261 218 1188 2703
is_linear=0
shrinkage=0.05


Tree=26
num_leaves=15
num_cat=0
split_feature=16 16 0 0 16 0 0 0 0 0 0 0 0 18
split_gain=603222 35386.8 27975 3811.93 2140.23 1608.84 1383.34 669.331 377.69 279.054 196.165 162.72 140.656 122.839
threshold=52.281550068587116 17.671536351165987 11.350000000000003 9.4500000000000011 5.1605624142661197 11.750000000000002 10.850000000000003 8.8500000000000032 9.9500000000000011 7.3500000000000005 10.550000000000002 11.15 11.950000000000001 24.850000000000005
decision_type=2 2 2 2 2 2 2 2 2 2 2 2 2 2
left_child=1 4 6 7 -1 -4 10 -3 -5 -6 -2 -8 -7 -14
right_child=2 3 5 8 9 12 11 -9 -10 -11 -12 -13 13 -15
leaf_value=-0.81210069027065279 -0.079248708852877214 -0.52419856651409258 0.31299554263653401 -0.2737797820428659 -0.71474488702150862 0.42725181081078267 0.10199723580780512 -0.39405224469472783 -0.16507545455545189 -0.62862007699229505 0.010787706298478804 0.19328393282611733 0.48891889324222426 0.45644554722021868
leaf_weight=1129 120 185 147 171 202 110 104 212 150 176 122 92 2371 332
leaf_count=1129 120 185 147 171 202 110 104 212 150 176 122 92 2371 332
internal_value=-1.20279e-10 -0.639987 0.419061 -0.351105 -0.777623 0.474248 0.0461098 -0.4547 -0.222983 -0.674644 -0.0338584 0.144846 0.482675 0.48493
internal_weight=5623 2225 3398 718 1507 2960 438 397 321 378 242 196 2813 2703
internal_count=5623 2225 3398 718 1507 2960 438 397 321 378 242 196 2813 2703
is_linear=0
shrinkage=0.05


Tree=27
num_leaves=15
num_cat=0
split_feature=16 16 0 16 0 0 0 0 16 0 0 0 0 7
split_gain=544457 36549.3 20526.1 3635.22 2574.78 1474.87 526.082 438.714 412.012 278.438 254.702 227.175 120.122 115.847
threshold=56.728326474622797 24.746844993141291 11.550000000000002 9.8085733882030191 9.7500000000000018 11.050000000000002 11.950000000000001 9.2500000000000018 1.5648148148148149 7.9500000000000011 10.750000000000002 10.15 11.350000000000003 968.1500000000002
decision_type=2 2 2 2 2 2 2 2 2 2 2 2 2 2
left_child=1 3 5 8 7 10 -4 -3 -1 -5 -2 -6 -7 -8
right_child=2 4 6 9 11 12 13 -9 -10 -11 -12 -13 -14 -15
leaf_value=-0.77679605709929622 -0.027103550660880223 -0.41487537161189708 0.37482076552525867 -0.61784932330103204 -0.20142487408239629 0.170063558020629 0.40323704719543463 -0.30667182355277284 -0.70877187027748456 -0.52757546498968799 0.071944461537768012 -0.10928071414056267 0.25404357287016782 0.46254893126061525
leaf_weight=992 149 199 191 202 158 120 85 177 287 148 115 116 66 2618
leaf_count=992 149 199 191 202 158 120 85 177 287 148 115 116 66 2618
internal_value=-8.56035e-09 -0.595976 0.406169 -0.722459 -0.278989 0.0920215 0.455017 -0.363939 -0.761532 -0.579676 0.0160424 -0.162415 0.199863 0.460684
internal_weight=5623 2279 3344 1629 650 450 2894 376 1279 350 264 274 186 2703
internal_count=5623 2279 3344 1629 650 450 2894 376 1279 350 264 274 186 2703
is_linear=0
shrinkage=0.05


Tree=28
num_leaves=15
num_cat=0
split_feature=16 16 0 16 0 0 0 16 0 0 0 0 0 18
split_gain=491372 32985.7 18524.8 3288.91 2323.74 1331.07 482.249 460.386 395.939 229.868 205.025 185.127 109.636 103.439
threshold=56.728326474622797 24.746844993141291 11.550000000000002 10.534636488340192 9.7500000000000018 11.050000000000002 11.850000000000003 4.2907407407407412 9.2500000000000018 10.750000000000002 10.15 7.9500000000000011 11.250000000000002 24.850000000000005
decision_type=2 2 2 2 2 2 2 2 2 2 2 2 2 2
left_child=1 3 5 7 8 9 -4 -1 -3 -2 -6 -5 -7 -8
right_child=2 4 6 11 10 12 13 -9 -10 -11 -12 -13 -14 -15
leaf_value=-0.73423013613574517 -0.025748371185762998 -0.39413159744224358 0.3407043096357889 -0.57767939006581026 -0.1913536257570303 0.14616355993497518 0.44040561161517311 -0.65328912369942549 -0.29133823025698041 0.068347238293525001 -0.10381667770862837 -0.50119669018565005 0.22358599532395604 0.41068604405935827
leaf_weight=1102 149 199 137 170 158 81 2424 209 177 115 116 148 105 333
leaf_count=1102 149 199 137 170 158 81 2424 209 177 115 116 148 105 333
internal_value=7.6728e-09 -0.566177 0.38586 -0.686336 -0.265039 0.0874205 0.432266 -0.721326 -0.345742 0.0152402 -0.154294 -0.542084 0.18987 0.436816
internal_weight=5623 2279 3344 1629 650 450 2894 1311 376 264 274 318 186 2757
internal_count=5623 2279 3344 1629 650 450 2894 1311 376 264 274 318 186 2757
is_linear=0
shrinkage=0.05


Tree=29
num_leaves=15
num_cat=0
split_feature=16 16 0 16 0 0 0 0 16 0 0 0 0 18
split_gain=443463 29769.6 16718.7 2970.27 2098.04 1205.31 436.023 297.489 287.529 283.516 223.39 163.645 135.89 99.7053
threshold=56.728326474622797 24.746844993141291 11.550000000000002 8.4580932784636502 9.6500000000000004 10.950000000000001 11.950000000000001 10.050000000000002 1.5648148148148149 7.7500000000000009 9.1500000000000004 11.250000000000002 10.65 24.850000000000005
decision_type=2 2 2 2 2 2 2 2 2 2 2 2 2 2
left_child=1 3 5 8 10 12 -4 -6 -1 -5 -3 -7 -2 -8
right_child=2 4 6 9 7 11 13 -9 -10 -11 -12 -13 -14 -15
leaf_value=-0.70124474215892052 -0.046132730793337837 -0.38704591862360638 0.33764290310325423 -0.5760407587241011 -0.20813213690768842 0.12570748795977735 0.41940527501323965 -0.11278319001579895 -0.64235313302688013 -0.48875140863306382 -0.30355865012767702 0.21240669707457227 0.033095947006870421 0.39014910748565057
leaf_weight=992 86 150 191 171 172 113 2371 156 262 204 172 105 146 332
leaf_count=992 86 150 191 171 172 113 2371 156 262 204 172 105 146 332
internal_value=8.88789e-10 -0.537868 0.366567 -0.652019 -0.251788 0.0830494 0.410653 -0.162783 -0.68894 -0.528555 -0.34245 0.167466 0.0037267 0.415812
internal_weight=5623 2279 3344 1629 650 450 2894 328 1254 375 322 218 232 2703
internal_count=5623 2279 3344 1629 650 450 2894 328 1254 375 322 218 232 2703
is_linear=0
shrinkage=0.05


Tree=30
num_leaves=15
num_cat=0
split_feature=16 16 0 0 16 0 0 0 0 0 0 0 0 18
split_gain=400260 23511.8 18573.5 2386.01 1597.81 1173.12 777.012 400.793 255.36 226.365 174.533 133.523 82.689 89.9841
threshold=52.281550068587116 18.742043895747596 11.450000000000001 9.4500000000000011 5.1605624142661197 10.850000000000003 11.750000000000002 8.9500000000000011 9.8500000000000032 7.4500000000000011 11.15 10.65 11.950000000000001 24.850000000000005
decision_type=2 2 2 2 2 2 2 2 2 2 2 2 2 2
left_child=1 4 5 7 -1 11 -4 -3 -5 -6 -7 -2 -8 -14
right_child=2 3 6 8 9 10 12 -9 -10 -11 -12 -13 13 -15
leaf_value=-0.66174892690775144 -0.059612092748284343 -0.41501508998870851 0.26232368731397693 -0.23379348754438004 -0.57797723155551484 0.083188143440929715 0.35079712082039227 -0.31202194144605927 -0.14336071811706066 -0.50165826312282635 0.17151456131053366 0.015600709166542135 0.39843501789705105 0.37064165097762308
leaf_weight=1129 140 200 118 134 225 104 110 179 187 171 121 102 2371 332
leaf_count=1129 140 200 118 134 225 104 110 179 187 171 121 102 2371 332
internal_value=6.47878e-09 -0.521319 0.341358 -0.281417 -0.631438 0.0485019 0.388019 -0.366372 -0.181111 -0.545021 0.130688 -0.0279108 0.393292 0.395021
internal_weight=5623 2225 3398 700 1525 467 2931 379 321 396 225 242 2813 2703
internal_count=5623 2225 3398 700 1525 467 2931 379 321 396 225 242 2813 2703
is_linear=0
shrinkage=0.05


Tree=31
num_leaves=15
num_cat=0
split_feature=16 16 1 16 1 1 1 16 1 1 1 1 7 1
split_gain=361248 24275.8 13620.5 2420.14 1714.19 979.526 359.036 347.213 292.393 172.075 157.428 136.7 96.2372 85.0538
threshold=56.728326474622797 24.746844993141291 15.94343825616332 10.534636488340192 13.458746579878129 15.253246123861878 16.2195151090839 2.2771604938271608 12.768554447576685 14.839130844481014 14.010900285719282 10.974054903592936 968.1500000000002 15.667361403242746
decision_type=2 2 2 2 2 2 2 2 2 2 2 2 2 2
left_child=1 3 5 7 8 9 -4 -1 -3 -2 -6 -5 -8 -7
right_child=2 4 6 11 10 13 12 -9 -10 -11 -12 -13 -14 -15
leaf_value=-0.63214475682886639 -0.022438750225400567 -0.33801522847995091 0.26685444951793297 -0.49538296040366681 -0.16447386021218913 0.13775460022191208 0.3212347671564888 -0.56983951121777088 -0.24967988934894067 0.058973211529057316 -0.087767969987531808 -0.42966058592538581 0.3752597684297394 0.20842062948328077
leaf_weight=1025 149 199 81 170 158 120 85 286 177 115 116 148 2728 66
leaf_count=1025 149 199 81 170 158 120 85 286 177 115 116 148 2728 66
internal_value=3.11678e-10 -0.485456 0.330847 -0.588537 -0.227117 0.0749441 0.370639 -0.618553 -0.296432 0.0130248 -0.132 -0.464795 0.373627 0.16283
internal_weight=5623 2279 3344 1629 650 450 2894 1311 376 264 274 318 2813 186
internal_count=5623 2279 3344 1629 650 450 2894 1311 376 264 274 318 2813 186
is_linear=0
shrinkage=0.05


Tree=32
num_leaves=15
num_cat=0
split_feature=16 16 0 16 0 0 0 0 0 16 0 0 0 7
split_gain=326026 21908.9 12292.5 2191.01 1547.05 886.237 330.53 263.885 259.264 170.962 142.079 122.731 100.615 90.1792
threshold=56.728326474622797 24.746844993141291 11.550000000000002 7.8320301783264759 9.7500000000000018 10.950000000000001 11.850000000000003 9.2500000000000018 7.7500000000000009 0.73696844993141308 10.15 11.250000000000002 10.65 968.1500000000002
decision_type=2 2 2 2 2 2 2 2 2 2 2 2 2 2
left_child=1 3 5 9 7 12 -4 -3 -5 -1 -6 -7 -2 -8
right_child=2 4 6 8 10 11 13 -9 -10 -11 -12 -13 -14 -15
leaf_value=-0.60292434174412746 -0.039723551402079636 -0.32111446611845318 0.27630424405971582 -0.49867234346343248 -0.1562501680636425 0.10741909499881806 0.30517303200329055 -0.23719589195009005 -0.41905438163701225 -0.55847010357948379 -0.08337957223371506 0.18250200132972427 0.028450505072825066 0.35748653124772506
leaf_weight=939 86 199 137 205 158 113 85 177 204 281 116 105 146 2672
leaf_count=939 86 199 137 205 158 113 85 177 204 281 116 105 146 2672
internal_value=4.98159e-09 -0.461183 0.314305 -0.55911 -0.215762 0.0711969 0.352107 -0.28161 -0.458961 -0.592685 -0.1254 0.143583 0.00317909 0.355874
internal_weight=5623 2279 3344 1629 650 450 2894 376 409 1220 274 218 232 2757
internal_count=5623 2279 3344 1629 650 450 2894 376 409 1220 274 218 232 2757
is_linear=0
shrinkage=0.05


Tree=33
num_leaves=15
num_cat=0
split_feature=16 16 0 0 16 0 0 0 0 0 0 0 7 0
split_gain=294246 17316.1 13667 1883.05 1063.94 813.005 685.348 339.484 191.481 133.482 118.834 99.9944 83.8917 80.7307
threshold=52.281550068587116 17.671536351165987 11.350000000000003 9.4500000000000011 5.1605624142661197 11.65 10.850000000000003 8.8500000000000032 9.9500000000000011 7.4500000000000011 11.950000000000001 10.550000000000002 968.1500000000002 11.15
decision_type=2 2 2 2 2 2 2 2 2 2 2 2 2 2
left_child=1 4 6 7 -1 -4 11 -3 -5 -6 -7 -2 -12 -8
right_child=2 3 5 8 9 10 13 -9 -10 -11 12 -13 -14 -15
leaf_value=-0.56756905820963133 -0.056690995423123239 -0.36720620902808943 0.19849805999043826 -0.19101858084139073 -0.49515501011742491 0.29248873495484057 0.071319092059722894 -0.27451870160282782 -0.11361843434348702 -0.43462216822929634 0.2899143758240868 0.0075918270290264338 0.34038726579998402 0.13561849530948245
leaf_weight=1129 120 185 111 171 225 146 104 212 150 153 85 122 2618 92
leaf_count=1129 120 185 111 171 225 146 104 212 150 153 85 122 2618 92
internal_value=4.87574e-10 -0.44698 0.292681 -0.2449 -0.54326 0.331254 0.0320031 -0.317711 -0.15485 -0.470654 0.336427 -0.024284 0.3388 0.1015
internal_weight=5623 2225 3398 718 1507 2960 438 397 321 378 2849 242 2703 196
internal_count=5623 2225 3398 718 1507 2960 438 397 321 378 2849 242 2703 196
is_linear=0
shrinkage=0.05


Tree=34
num_leaves=15
num_cat=0
split_feature=16 16 1 16 1 1 1 1 1 1 1 16 18 7
split_gain=265575 17865.8 10010.9 1549.46 1477.24 722.926 271.717 209.227 204.51 178.285 129.939 111.574 79.4711 171.202
threshold=56.728326474622797 22.21117969821675 15.94343825616332 6.6741426611797001 13.182669726957551 15.253246123861878 16.495591962004479 13.872861859258993 10.559939624212069 12.354439168195821 14.839130844481014 0.33888888888888902 24.850000000000005 971.45000000000016
decision_type=2 2 2 2 2 2 2 2 2 2 2 2 2 2
left_child=1 3 5 11 9 10 -4 -6 -5 -3 -2 -1 -8 -14
right_child=2 4 6 8 7 -7 12 -9 -10 -11 -12 -13 13 -15
leaf_value=-0.54551609085104558 -0.019727776829940862 -0.32313197635290192 0.26015253088861234 -0.45794496626224163 -0.16448882264651793 0.13978537273723432 0.32506821309340056 -0.086254826417336103 -0.38727770700599207 -0.24801785047544819 0.051017971132760465 -0.51036271568965608 0.25153512678855705 0.32613868342615415
leaf_weight=885 149 127 191 212 189 186 2371 156 198 209 115 303 121 211
leaf_count=885 149 127 191 212 189 186 2371 156 198 209 115 303 121 211
internal_value=-1.38523e-09 -0.416237 0.283674 -0.507626 -0.201788 0.0642838 0.317787 -0.129113 -0.423818 -0.276409 0.0110895 -0.53655 0.32186 0.298949
internal_weight=5623 2279 3344 1598 681 450 2894 345 410 336 264 1188 2703 332
internal_count=5623 2279 3344 1598 681 450 2894 345 410 336 264 1188 2703 332
is_linear=0
shrinkage=0.05


Tree=35
num_leaves=15
num_cat=0
split_feature=16 16 0 0 16 0 0 0 0 0 0 7 0 0
split_gain=239688 14117.3 11151.8 1537.18 867.487 662.843 553.783 258.049 173.571 114.365 82.646 68.9157 65.3276 55.323
threshold=52.281550068587116 17.671536351165987 11.350000000000003 9.3500000000000032 4.7122770919067225 11.750000000000002 10.850000000000003 9.8500000000000032 8.8500000000000032 7.3500000000000005 10.550000000000002 968.1500000000002 11.15 11.950000000000001
decision_type=2 2 2 2 2 2 2 2 2 2 2 2 2 2
left_child=1 4 6 8 -1 -4 10 -5 -3 -6 -2 -7 -8 -13
right_child=2 3 5 7 9 11 12 -9 -10 -11 -12 13 -14 -15
leaf_value=-0.51265144156558173 -0.051373199539957573 -0.33111165948816246 0.19549715043913549 -0.19251498587699753 -0.45064092575091319 0.26007359483662773 0.064007294138606938 -0.1100986584453261 -0.25912775128495458 -0.39605583670464428 0.0070678528153994046 0.27105434413660662 0.1218483006419695 0.3072506217234765
leaf_weight=1120 120 185 147 193 211 85 104 187 153 176 122 110 92 2618
leaf_count=1120 120 185 147 193 211 85 104 187 153 176 122 110 92 2618
internal_value=3.03193e-09 -0.403419 0.264157 -0.220955 -0.490352 0.299001 0.0286856 -0.151957 -0.298527 -0.425817 -0.0219112 0.30441 0.0911572 0.305791
internal_weight=5623 2225 3398 718 1507 2960 438 380 338 387 242 2813 196 2728
internal_count=5623 2225 3398 718 1507 2960 438 380 338 387 242 2813 196 2728
is_linear=0
shrinkage=0.05


Tree=36
num_leaves=15
num_cat=0
split_feature=16 1 16 1 16 1 1 1 1 1 1 1 18 18
split_gain=216347 12355.7 10760 1018.35 782.907 667.436 606.694 144.923 135.37 103.214 92.3922 81.0356 71.2291 167.435
threshold=50.148079561042522 15.667361403242746 17.671536351165987 12.768554447576685 4.7122770919067225 14.839130844481014 16.081476682623613 13.458746579878129 12.078362315275244 10.145824344831206 15.391284550322167 16.495591962004479 24.850000000000005 25.750000000000004
decision_type=2 2 2 2 2 2 2 2 2 2 2 2 2 2
left_child=2 5 4 8 -1 -2 -3 -5 -4 -6 -7 -8 -13 -14
right_child=1 6 3 7 9 10 11 -9 -10 -11 -12 12 13 -15
leaf_value=-0.48701886943408423 -0.039075929454861665 0.16936915287966128 -0.31824797298534807 -0.19332127999619575 -0.42810887725432334 0.051522681539083695 0.25223548137040636 -0.12744242932523683 -0.25327026682515297 -0.37625305070118475 0.11575588773652588 0.29351595757456078 0.19541611805085154 0.28597184379747809
leaf_weight=1120 265 111 166 177 211 143 146 158 155 176 92 2371 63 269
leaf_count=1120 265 111 166 177 211 143 146 158 155 176 92 2371 63 269
internal_value=4.95245e-09 0.245217 -0.392257 -0.223231 -0.465835 0.0153243 0.284051 -0.16225 -0.286872 -0.404526 0.0766693 0.288519 0.290479 0.268788
internal_weight=5623 3460 2163 656 1507 500 2960 335 321 387 235 2849 2703 332
internal_count=5623 3460 2163 656 1507 500 2960 335 321 387 235 2849 2703 332
is_linear=0
shrinkage=0.05


Tree=37
num_leaves=15
num_cat=0
split_feature=0 0 0 0 0 0 0 0 0 0 0 0 0 0
split_gain=89244 108544 12732.4 5913.55 746.976 619.281 560.468 547.542 115.638 104.396 84.9567 83.3839 77.6767 73.1346
threshold=10.050000000000002 25.050000000000004 11.350000000000003 8.3500000000000032 10.750000000000002 7.2500000000000009 9.3500000000000032 11.65 5.8500000000000005 10.450000000000001 8.9500000000000011 11.15 9.7500000000000018 11.950000000000001
decision_type=2 2 2 2 2 2 2 2 2 2 2 2 2 2
left_child=3 2 4 5 9 8 10 -4 -1 -2 -5 -6 -8 -9
right_child=1 -3 7 6 11 -7 12 13 -10 -11 -12 -13 -14 -15
leaf_value=-0.45846031235926077 -0.07436685458852503 -0.46772968966261791 0.16090069447249711 -0.28284206718970567 0.048946547099564981 -0.35001467715862189 -0.18062660851981494 0.23962370849227252 -0.41502738771438602 -0.015846652062547286 -0.2268830150862535 0.10996809165985527 -0.1271533355404923 0.27595477430484133
leaf_weight=396 156 665 111 156 143 258 160 146 250 149 120 92 118 2703
leaf_count=396 156 665 111 156 143 258 160 146 250 149 120 92 118 2703
internal_value=-4.51219e-10 0.117855 0.229116 -0.33667 0.00584082 -0.415499 -0.208039 0.269848 -0.441652 -0.0457783 -0.258512 0.0728358 -0.157929 0.274093
internal_weight=5623 4165 3500 1458 540 904 554 2960 646 305 276 235 278 2849
internal_count=5623 4165 3500 1458 540 904 554 2960 646 305 276 235 278 2849
is_linear=0
shrinkage=0.05


Tree=38
num_leaves=15
num_cat=0
split_feature=0 0 0 0 0 0 0 0 0 0 0 0 0 7
split_gain=80542.7 97961.3 11491 5342.53 674.146 655.594 494.156 422.376 105.682 94.2171 91.4273 75.254 66.004 65.8392
threshold=10.050000000000002 25.050000000000004 11.350000000000003 8.4500000000000011 10.750000000000002 7.2500000000000009 11.65 9.4500000000000011 4.7500000000000009 10.450000000000001 8.9500000000000011 11.15 11.950000000000001 968.1500000000002
decision_type=2 2 2 2 2 2 2 2 2 2 2 2 2 2
left_child=3 2 4 5 9 8 -4 10 -1 -2 -5 -6 -8 -14
right_child=1 -3 6 7 11 -7 12 -9 -10 -11 -12 -13 13 -15
leaf_value=-0.44313343328281046 -0.070648511366333627 -0.44434320783256587 0.15285565981825999 -0.26263077305996513 0.046499219832622771 -0.32875151285311072 0.22764251596000917 -0.13923108026419329 -0.4022129324815607 -0.015054319315158682 -0.20716307103300893 0.10446968650566819 0.21884938571382972 0.26356313062605513
leaf_weight=274 156 665 111 127 143 287 146 219 372 149 179 92 85 2618
leaf_count=274 156 665 111 127 143 287 146 219 372 149 179 92 85 2618
internal_value=7.3033e-10 0.111962 0.21766 -0.319836 0.00554877 -0.391633 0.256356 -0.192244 -0.419569 -0.0434894 -0.230184 0.069194 0.260388 0.262157
internal_weight=5623 4165 3500 1458 540 933 2960 525 646 305 306 235 2849 2703
internal_count=5623 4165 3500 1458 540 933 2960 525 646 305 306 235 2849 2703
is_linear=0
shrinkage=0.05


Tree=39
num_leaves=15
num_cat=0
split_feature=16 16 0 16 0 0 0 0 0 0 16 0 18 7
split_gain=159087 10719.8 5990.91 1072.62 762.472 434.196 165.452 155.173 112.74 81.3621 76.2126 60.8484 56.9554 152.854
threshold=56.728326474622797 24.746844993141291 11.550000000000002 6.6741426611797001 9.6500000000000004 10.950000000000001 11.750000000000002 7.6500000000000012 10.15 9.0500000000000025 0.33888888888888902 11.250000000000002 24.850000000000005 971.45000000000016
decision_type=2 2 2 2 2 2 2 2 2 2 2 2 2 2
left_child=1 3 5 10 9 -2 -4 -5 -6 -3 -1 -7 -8 -14
right_child=2 4 6 7 8 11 12 -9 -10 -11 -12 -13 13 -15
leaf_value=-0.4227833773456724 0.0022275715416291294 -0.23568395146956811 0.17549136423586328 -0.35488703340854288 -0.11851193209196319 0.075039783509167957 0.25057998187839986 -0.29552468529955273 -0.057199352621582572 -0.18445838229187456 -0.39372985787910997 0.12790728731524378 0.18371746577014608 0.25414951205438108
leaf_weight=885 232 130 81 212 212 113 2480 229 116 192 303 105 121 212
leaf_count=885 232 130 81 212 212 113 2480 229 116 192 303 105 121 212
internal_value=9.37998e-10 -0.322154 0.219554 -0.390654 -0.150484 0.0498368 0.245944 -0.324062 -0.0968282 -0.20514 -0.415373 0.100503 0.247973 0.228557
internal_weight=5623 2279 3344 1629 650 450 2894 441 328 322 1188 218 2813 333
internal_count=5623 2279 3344 1629 650 450 2894 441 328 322 1188 218 2813 333
is_linear=0
shrinkage=0.05


Tree=40
num_leaves=15
num_cat=0
split_feature=16 16 0 16 0 0 0 0 0 16 0 7 0 0
split_gain=143576 9674.61 5406.8 968.187 690.111 391.862 149.428 138.222 113.864 72.5866 64.3005 56.0628 54.9156 54.2515
threshold=56.728326474622797 24.746844993141291 11.550000000000002 7.237654320987656 9.7500000000000018 10.950000000000001 11.850000000000003 7.8500000000000005 9.2500000000000018 0.33888888888888902 10.15 968.1500000000002 11.250000000000002 10.65
decision_type=2 2 2 2 2 2 2 2 2 2 2 2 2 2
left_child=1 3 5 9 8 13 -4 -5 -3 -1 -6 -8 -7 -2
right_child=2 4 6 7 10 12 11 -9 -10 -11 -12 -13 -14 -15
leaf_value=-0.40164421967867403 -0.029387330995915936 -0.21288915920497187 0.18267929333731206 -0.33136560907363893 -0.10336180844733232 0.071287795310774074 0.19620386181508795 -0.27426715078561203 -0.15776481142236015 -0.37352976268337623 -0.054339386805378156 0.23745140706561574 0.12151192278556883 0.020673063661679286
leaf_weight=885 86 199 137 250 158 113 85 184 177 310 116 2672 105 146
leaf_count=885 86 199 137 250 158 113 85 184 177 310 116 2672 105 146
internal_value=2.30203e-09 -0.306046 0.208576 -0.371121 -0.14296 0.047345 0.233647 -0.307158 -0.18694 -0.394351 -0.0826078 0.23618 0.0954783 0.00211619
internal_weight=5623 2279 3344 1629 650 450 2894 434 376 1195 274 2757 218 232
internal_count=5623 2279 3344 1629 650 450 2894 434 376 1195 274 2757 218 232
is_linear=0
shrinkage=0.05


Tree=41
num_leaves=15
num_cat=0
split_feature=16 16 1 1 16 1 1 1 1 1 1 7 1 16
split_gain=129578 7666.3 6015.33 830.469 470.363 367.678 309.596 142.032 88.5594 60.8887 51.0003 51.9099 50.0804 33.5817
threshold=52.281550068587116 17.671536351165987 15.667361403242746 13.044631300497263 4.7122770919067225 16.081476682623613 14.977169270941301 12.216400741735532 13.734823432798706 10.421901197751781 16.495591962004479 968.1500000000002 14.563053991560436 0.33888888888888902
decision_type=2 2 2 2 2 2 2 2 2 2 2 2 2 2
left_child=1 4 6 7 13 -4 12 -3 -5 -6 -7 -12 -2 -1
right_child=2 3 5 8 9 10 -8 -9 -10 -11 11 -13 -14 -15
leaf_value=-0.38156199681556835 -0.039481604195510354 -0.24252630349752066 0.13053749523855546 -0.12695371473959663 -0.32809102375980337 0.19450904786433668 0.067994059859870046 -0.18257419500007946 -0.074316109851002704 -0.28681658259459908 0.18639367222785952 0.22609671650154162 0.0060110342246098604 -0.36029899698622686
leaf_weight=885 120 185 111 171 247 146 196 212 150 140 85 2618 122 235
leaf_count=885 120 185 111 171 247 146 196 212 150 140 85 2618 122 235
internal_value=9.27248e-10 -0.296618 0.194225 -0.162158 -0.36068 0.219815 0.021284 -0.210512 -0.102357 -0.31316 0.223293 0.224848 -0.0165473 -0.377101
internal_weight=5623 2225 3398 718 1507 2960 438 397 321 387 2849 2703 242 1120
internal_count=5623 2225 3398 718 1507 2960 438 397 321 387 2849 2703 242 1120
is_linear=0
shrinkage=0.05


Tree=42
num_leaves=15
num_cat=0
split_feature=16 0 16 0 16 0 0 0 0 0 0 0 18 18
split_gain=116965 6664.85 5844.83 546.165 424.809 365.539 331.829 81.33 69.3431 52.5868 52.4842 46.0278 57.1967 153.231
threshold=50.148079561042522 11.350000000000003 17.671536351165987 9.3500000000000032 5.1605624142661197 10.750000000000002 11.65 8.8500000000000032 9.7500000000000018 11.15 7.5500000000000007 11.950000000000001 24.850000000000005 25.750000000000004
decision_type=2 2 2 2 2 2 2 2 2 2 2 2 2 2
left_child=2 5 4 7 -1 -2 -3 -4 -5 -7 -6 -8 -13 -14
right_child=1 6 3 8 10 9 11 -9 -10 -11 -12 12 13 -15
leaf_value=-0.35800706102744578 -0.02880062395144465 0.12401062000106584 -0.23039998821310098 -0.14000972602283582 -0.31105711389990415 0.037885370314564119 0.18478359446337778 -0.18112549012392953 -0.093311887988938566 0.086345028709215316 -0.27247575266020641 0.21632745815215154 0.1239780991559937 0.2106075083539167
leaf_weight=1129 265 111 185 160 238 143 146 153 158 92 140 2371 63 269
leaf_count=1129 265 111 185 160 238 143 146 153 158 92 140 2371 63 269
internal_value=1.68571e-09 0.180303 -0.288418 -0.163843 -0.342646 0.0114584 0.208824 -0.208095 -0.116808 0.0568568 -0.296768 0.212129 0.213606 0.194169
internal_weight=5623 3460 2163 656 1507 500 2960 338 318 235 378 2849 2703 332
internal_count=5623 3460 2163 656 1507 500 2960 338 318 235 378 2849 2703 332
is_linear=0
shrinkage=0.05


Tree=43
num_leaves=15
num_cat=0
split_feature=16 16 0 16 0 0 0 16 0 0 0 0 18 6
split_gain=105590 7114.38 3963.2 713.348 505.787 289.779 113.104 83.2448 71.8828 71.8082 55.9828 52.8503 46.3055 149.24
threshold=56.728326474622797 24.746844993141291 11.550000000000002 8.4580932784636502 9.6500000000000004 11.050000000000002 11.750000000000002 0.73696844993141308 7.8500000000000005 10.15 9.1500000000000004 10.65 24.850000000000005 38.250000000000007
decision_type=2 2 2 2 2 2 2 2 2 2 2 2 2 2
left_child=1 3 5 7 10 11 -4 -1 -5 -6 -3 -2 -8 -14
right_child=2 4 6 8 9 -7 12 -9 -10 -11 -12 -13 13 -15
leaf_value=-0.34381636778513591 -0.025032837584961293 -0.18944491622845333 0.14208332784588876 -0.2792421451413819 -0.096209837575574886 0.088632173252402136 0.20436222983648131 -0.31411276393466525 -0.2354523966817752 -0.047277382929164093 -0.14765076802631968 0.022702114258891529 0.19923079520410536 0.10842043433890299
leaf_weight=939 86 150 81 191 212 186 2480 315 184 116 172 178 279 54
leaf_count=939 86 150 81 191 212 186 2480 315 184 116 172 178 279 54
internal_value=-1.46675e-10 -0.262458 0.17887 -0.318261 -0.122605 0.0408305 0.200334 -0.336355 -0.257756 -0.0789045 -0.16712 0.00715209 0.202012 0.184505
internal_weight=5623 2279 3344 1629 650 450 2894 1254 375 328 322 264 2813 333
internal_count=5623 2279 3344 1629 650 450 2894 1254 375 328 322 264 2813 333
is_linear=0
shrinkage=0.05


Tree=44
num_leaves=15
num_cat=0
split_feature=16 16 0 16 0 0 0 0 0 7 0 16 0 0
split_gain=95295.4 6420.73 3576.79 644.717 457.72 262.572 103.383 102.866 72.7417 45.5513 43.2765 40.073 39.034 35.6762
threshold=56.728326474622797 24.746844993141291 11.550000000000002 6.1406721536351165 9.5500000000000025 10.950000000000001 11.950000000000001 7.6500000000000012 10.050000000000002 968.1500000000002 9.0500000000000025 0.33888888888888902 11.250000000000002 10.65
decision_type=2 2 2 2 2 2 2 2 2 2 2 2 2 2
left_child=1 3 5 11 10 13 -4 -5 -6 -8 -3 -1 -7 -2
right_child=2 4 6 7 8 12 9 -9 -10 -11 -12 -13 -14 -15
leaf_value=-0.3273927272511068 -0.023781195815739245 -0.18295142555466065 0.154766477402836 -0.27574517971430068 -0.097882805501293191 0.057794904084855582 0.15680718537639171 -0.22860717898373004 -0.051753389956250499 0.19399917114463247 -0.144866287955216 -0.30571965942179186 0.10013833728574571 0.016814267303003637
leaf_weight=885 86 130 191 234 189 113 85 229 156 2618 175 281 105 146
leaf_count=885 86 130 191 234 189 113 85 229 156 2618 175 281 105 146
internal_value=3.38216e-09 -0.249335 0.169926 -0.302348 -0.116475 0.038789 0.190317 -0.252431 -0.0770243 0.19283 -0.161099 -0.32217 0.0781897 0.00176595
internal_weight=5623 2279 3344 1629 650 450 2894 463 345 2703 305 1166 218 232
internal_count=5623 2279 3344 1629 650 450 2894 463 345 2703 305 1166 218 232
is_linear=0
shrinkage=0.05


Tree=45
num_leaves=15
num_cat=0
split_feature=16 16 0 16 0 0 0 0 0 0 7 0 16 18
split_gain=86004.1 5796.19 3230.8 506.79 482.812 316.957 76.0347 66.6374 57.0301 55.9735 38.9484 36.4831 36.1659 35.7654
threshold=56.728326474622797 22.21117969821675 11.65 6.1406721536351165 9.5500000000000025 11.15 7.6500000000000012 9.9500000000000011 9.0500000000000025 10.750000000000002 968.1500000000002 11.950000000000001 0.33888888888888902 27.550000000000004
decision_type=2 2 2 2 2 2 2 2 2 2 2 2 2 2
left_child=1 3 5 12 8 9 -5 -6 -3 -2 -4 -12 -1 -13
right_child=2 4 10 6 7 -7 -8 -9 -10 -11 11 13 -14 -15
leaf_value=-0.31102309462714328 -0.011281590718750987 -0.17885736490813842 0.14877891932116 -0.26195791358621712 -0.099604770232071274 0.091509785313902456 -0.21985836853884688 -0.054904105692563182 -0.13762297375713076 0.032510080520662808 0.15853377040604066 0.1858099897891532 -0.29043367939911707 0.16169278375895285
leaf_weight=885 149 161 86 234 141 203 198 204 175 143 145 2454 281 164
leaf_count=885 149 161 86 234 141 203 198 204 175 143 145 2454 281 164
internal_value=1.5006e-09 -0.236868 0.16143 -0.288922 -0.114721 0.0435242 -0.242662 -0.0731731 -0.157381 0.0101643 0.181916 0.182947 -0.306061 0.184299
internal_weight=5623 2279 3344 1598 681 495 432 345 336 292 2849 2763 1166 2618
internal_count=5623 2279 3344 1598 681 495 432 345 336 292 2849 2763 1166 2618
is_linear=0
shrinkage=0.05


Tree=46
num_leaves=15
num_cat=0
split_feature=16 0 16 0 16 0 0 0 0 0 6 6 0 0
split_gain=77630.5 4432.5 3887.51 360.781 282.336 242.352 216.731 52.6595 47.0507 44.8339 36.9085 181.247 35.3583 30.2922
threshold=50.148079561042522 11.350000000000003 17.671536351165987 9.3500000000000032 4.7122770919067225 10.850000000000003 11.65 8.8500000000000032 9.7500000000000018 10.550000000000002 37.850000000000001 38.45000000000001 7.4500000000000011 11.950000000000001
decision_type=2 2 2 2 2 2 2 2 2 2 2 2 2 2
left_child=2 5 4 7 -1 9 -3 -4 -5 -2 13 -12 -6 -8
right_child=1 6 3 8 12 -7 10 -9 -10 -11 11 -13 -14 -15
leaf_value=-0.29191696919500826 -0.034476726674116574 0.10160527715358783 -0.18728648882459953 -0.11425627633332625 -0.25459895358126389 0.052548174519413772 0.15189486639643157 -0.14763721763308532 -0.075790169660909734 0.0046969625152281074 0.072423322990817843 0.17292786005327052 -0.22368762103560705 0.17624509946160874
leaf_weight=1120 182 111 185 160 234 196 135 153 158 122 53 292 153 2369
leaf_count=1120 182 111 185 160 234 196 135 153 158 122 53 292 153 2369
internal_value=-7.48501e-11 0.14689 -0.23497 -0.133372 -0.279195 0.00919541 0.170149 -0.169339 -0.0951442 -0.0187557 0.17282 0.157488 -0.242378 0.174932
internal_weight=5623 3460 2163 656 1507 500 2960 338 318 304 2849 345 387 2504
internal_count=5623 3460 2163 656 1507 500 2960 338 318 304 2849 345 387 2504
is_linear=0
shrinkage=0.05


Tree=47
num_leaves=15
num_cat=0
split_feature=16 0 16 0 16 0 0 0 0 0 6 17 0 0
split_gain=70061.6 4000.33 3508.48 325.864 254.808 218.722 195.652 48.8437 41.3785 40.4626 36.9657 152.982 32.5329 25.8392
threshold=50.148079561042522 11.350000000000003 17.671536351165987 9.2500000000000018 4.7122770919067225 10.850000000000003 11.750000000000002 9.7500000000000018 8.6500000000000004 10.550000000000002 38.250000000000007 14.850000000000003 7.2500000000000009 22.050000000000004
decision_type=2 2 2 2 2 2 2 2 2 2 2 2 2 2
left_child=2 5 4 8 -1 9 -3 -5 -4 -2 13 -12 -6 -8
right_child=1 6 3 7 12 -7 10 -9 -10 -11 11 -13 -14 -15
leaf_value=-0.27732112310826779 -0.032752890878223945 0.10540863269192427 -0.18563139474355295 -0.11024624767508043 -0.24494473428626337 0.049920764464257777 0.16847874381771738 -0.072000660834822192 -0.14864828201038904 0.0044621149291757681 0.0902474241461661 0.16996111977148001 -0.21594846455418334 0.15310274369011706
leaf_weight=1120 182 147 122 177 191 196 2199 158 199 122 83 219 196 312
leaf_count=1120 182 147 122 177 191 196 2199 158 199 122 83 219 196 312
internal_value=-6.88055e-10 0.139546 -0.223221 -0.126704 -0.265236 0.00873564 0.161642 -0.092208 -0.162704 -0.0178179 0.16458 0.148053 -0.230259 0.166568
internal_weight=5623 3460 2163 656 1507 500 2960 335 321 304 2813 302 387 2511
internal_count=5623 3460 2163 656 1507 500 2960 335 321 304 2813 302 387 2511
is_linear=0
shrinkage=0.05


Tree=48
num_leaves=15
num_cat=0
split_feature=16 16 0 16 0 0 16 0 0 7 0 0 0 0
split_gain=63236.7 4263.65 2376.41 430.814 304.175 178.086 72.6255 69.7361 51.5372 35.458 31.0905 27.8073 27.71 27.669
threshold=56.728326474622797 24.746844993141291 11.550000000000002 10.534636488340192 9.7500000000000018 11.050000000000002 1.5648148148148149 11.950000000000001 9.1500000000000004 968.1500000000002 10.65 7.9500000000000011 10.15 21.350000000000005
decision_type=2 2 2 2 2 2 2 2 2 2 2 2 2 2
left_child=1 3 5 6 8 10 -1 -4 -3 -9 -2 -5 -6 -11
right_child=2 4 7 11 12 -7 -8 9 -10 13 -12 -13 -14 -15
leaf_value=-0.26564746918457172 -0.019554814852254337 -0.1467641158849001 0.12584609686523793 -0.20789717555046083 -0.068400628413839995 0.069005960671441449 -0.23822132520914827 0.12532563500544605 -0.10896126750765978 0.1605094483439069 0.017057428199776941 -0.17825515352038515 -0.036219158439880945 0.1469912363704769
leaf_weight=992 86 150 191 170 158 186 319 85 226 2159 178 148 116 459
leaf_count=992 86 150 191 170 158 186 319 85 226 2159 178 148 116 459
internal_value=2.9392e-09 -0.20311 0.138423 -0.24631 -0.094844 0.0315325 -0.258974 0.155044 -0.124042 0.157107 0.00513071 -0.194102 -0.0547764 0.158139
internal_weight=5623 2279 3344 1629 650 450 1311 2894 376 2703 264 318 274 2618
internal_count=5623 2279 3344 1629 650 450 1311 2894 376 2703 264 318 274 2618
is_linear=0
shrinkage=0.05


Tree=49
num_leaves=15
num_cat=0
split_feature=16 16 0 0 16 0 0 0 0 0 18 18 12 0
split_gain=57071.1 3848.51 2149.58 366.942 293.011 215.249 51.0885 47.4692 43.9628 35.6569 33.8297 141.132 105.606 31.76
threshold=56.728326474622797 21.011042524005504 11.65 9.5500000000000025 5.1605624142661197 11.15 8.9500000000000011 7.5500000000000007 9.9500000000000011 10.750000000000002 24.850000000000005 25.750000000000004 -0.43054999999999993 11.950000000000001
decision_type=2 2 2 2 2 2 2 2 2 2 2 2 2 2
left_child=1 4 5 6 -1 9 -3 -6 -5 -2 13 -12 -13 -4
right_child=2 3 10 8 7 -7 -8 -9 -10 -11 11 12 -14 -15
leaf_value=-0.25015162883130082 -0.009279911086313276 -0.15296410057419099 0.127397964865021 -0.080862358440017559 -0.21718099124792245 0.074872300560067731 -0.11515098676942155 -0.18422470314077813 -0.044554756840065525 0.025672078557586027 0.066503365710377696 0.083491764888167397 0.16399261796762321 0.1515822068349553
leaf_weight=1129 149 156 144 141 238 203 209 202 204 143 64 50 220 2371
leaf_count=1129 149 156 144 141 238 203 209 202 204 143 64 50 220 2371
internal_value=4.77108e-10 -0.192955 0.131502 -0.0963658 -0.236663 0.0353282 -0.131312 -0.202051 -0.0593935 0.00783699 0.148212 0.133261 0.149085 0.150198
internal_weight=5623 2279 3344 710 1569 495 365 440 345 292 2849 334 270 2515
internal_count=5623 2279 3344 710 1569 495 365 440 345 292 2849 334 270 2515
is_linear=0
shrinkage=0.05


Tree=50
num_leaves=15
num_cat=0
split_feature=0 0 0 0 0 0 0 0 0 0 7 18 18 0
split_gain=23506.2 28687.9 3366.96 1564.02 201.013 197.164 143.23 110.922 38.2988 37.0511 30.7642 28.2316 190.943 25.0703
threshold=10.050000000000002 25.050000000000004 11.350000000000003 8.0500000000000025 9.1500000000000004 10.65 11.65 6.2500000000000009 11.15 9.5500000000000025 968.1500000000002 27.550000000000004 28.950000000000003 11.950000000000001
decision_type=2 2 2 2 2 2 2 2 2 2 2 2 2 2
left_child=3 2 5 7 -5 -2 -4 -1 -7 -6 -8 13 -13 -12
right_child=1 -3 6 4 9 8 10 -9 -10 -11 11 12 -14 -15
leaf_value=-0.23381589186060561 -0.030658728179756612 -0.24056273394061212 0.08290850560197624 -0.14436060383176322 -0.10496185126804536 0.018115073144752355 0.11135118485883225 -0.19740144664310977 0.05691607506621791 -0.071981678791738377 0.12278536941149626 0.0435209629248898 0.15887802064141915 0.14418131689895505
leaf_weight=455 242 665 111 272 155 206 86 387 92 189 145 53 111 2454
leaf_count=455 242 665 111 272 155 206 86 387 92 189 145 53 111 2454
internal_value=3.79978e-10 0.0604851 0.117684 -0.172785 -0.11224 0.00286773 0.13863 -0.217079 0.0300939 -0.0868419 0.140801 0.141718 0.121598 0.142988
internal_weight=5623 4165 3500 1458 616 540 2960 842 298 344 2849 2763 164 2599
internal_count=5623 4165 3500 1458 616 540 2960 842 298 344 2849 2763 164 2599
is_linear=0
shrinkage=0.05


Tree=51
num_leaves=15
num_cat=0
split_feature=16 0 16 0 0 16 0 0 18 18 9 0 0 0
split_gain=46504.2 2657.25 2328.77 241.711 146.008 145.183 129.265 40.0028 28.4401 129.673 99.4137 27.2039 26.1523 25.5475
threshold=50.148079561042522 11.350000000000003 16.642592592592603 9.3500000000000032 10.850000000000003 3.8951303155006847 11.65 8.7500000000000018 24.850000000000005 25.750000000000004 -0.3793999999999999 9.8500000000000032 11.950000000000001 10.550000000000002
decision_type=2 2 2 2 2 2 2 2 2 2 2 2 2 2
left_child=2 4 5 7 13 -1 -3 -4 12 -10 -11 -5 -8 -2
right_child=1 6 3 11 -6 -7 8 -9 9 10 -12 -13 -14 -15
leaf_value=-0.22650943912744084 -0.026485368211569452 0.078763080873686053 -0.14892006896746654 -0.085332318080014347 0.040726901597595226 -0.19111033536210845 0.11489276905259532 -0.11571909224744453 0.056062793685123326 0.086299701176583768 0.15403687487810086 -0.055391391417779962 0.13683834048076438 0.0030856055943257192
leaf_weight=1086 182 111 192 193 196 395 144 172 64 75 195 125 2371 122
leaf_count=1086 182 111 192 193 196 395 144 172 64 75 195 125 2371 122
internal_value=1.3898e-10 0.11369 -0.181862 -0.10541 0.00707716 -0.217068 0.131699 -0.133232 0.133761 0.120053 0.135221 -0.0735631 0.135582 -0.0146181
internal_weight=5623 3460 2163 682 500 1481 2960 364 2849 334 270 318 2515 304
internal_count=5623 3460 2163 682 500 1481 2960 364 2849 334 270 318 2515 304
is_linear=0
shrinkage=0.05


Tree=52
num_leaves=15
num_cat=0
split_feature=16 16 0 0 16 0 0 0 6 6 7 18 8 0
split_gain=41974 2484.22 1950.31 253.878 170.352 116.662 100.562 42.4123 28.8525 167.562 30.3863 49.7954 124.241 28.6864
threshold=52.281550068587116 18.742043895747596 11.350000000000003 9.4500000000000011 5.1605624142661197 11.65 10.850000000000003 8.9500000000000011 37.850000000000001 38.45000000000001 970.1500000000002 27.550000000000004 -1.0000000180025095e-35 9.8500000000000032
decision_type=2 2 2 2 2 2 2 2 2 2 2 2 2 2
left_child=1 4 6 7 -1 -4 -2 -3 10 -10 -7 -12 -13 -5
right_child=2 3 5 13 -6 8 -8 -9 9 -11 11 12 -14 -15
leaf_value=-0.21451100947795665 -0.0094919478878054634 -0.13437469638884067 0.074824925462572689 -0.075777318669872279 -0.17639702225875376 0.14885166257703572 0.038690556129036775 -0.10087089896326958 0.031727133304724153 0.12836302978254549 0.12905495180250157 0.14350668949385484 0.03736090756514493 -0.045467245415037369
leaf_weight=1129 242 200 111 134 396 178 196 179 53 292 2215 60 51 187
leaf_count=1129 242 200 111 134 396 178 196 179 53 292 2215 60 51 187
internal_value=2.24711e-09 -0.16882 0.110543 -0.0908391 -0.204614 0.125114 0.0120692 -0.118551 0.127073 0.113518 0.128941 0.127417 0.094737 -0.05812
internal_weight=5623 2225 3398 700 1525 2960 438 379 2849 345 2504 2326 111 321
internal_count=5623 2225 3398 700 1525 2960 438 379 2849 345 2504 2326 111 321
is_linear=0
shrinkage=0.05


Tree=53
num_leaves=15
num_cat=0
split_feature=16 0 16 0 16 0 0 6 18 0 7 7 8 0
split_gain=37887.5 2160.91 1898.88 196.068 119.144 118.225 106.78 30.9998 144.272 29.257 26.3155 43.793 136.193 25.6009
threshold=50.148079561042522 11.350000000000003 16.642592592592603 9.2500000000000018 2.2771604938271608 10.850000000000003 11.750000000000002 38.250000000000007 25.050000000000004 8.6500000000000004 969.95000000000016 971.45000000000016 0.60355000000000014 9.7500000000000018
decision_type=2 2 2 2 2 2 2 2 2 2 2 2 2 2
left_child=2 5 4 9 -1 -2 -3 10 -9 -4 -8 12 -12 -5
right_child=1 6 3 13 -6 -7 7 8 -10 -11 11 -13 -14 -15
leaf_value=-0.20540117464995966 -0.013045715347796336 0.077315503709670788 -0.13829149789101369 -0.080889267180020277 -0.17467983553937652 0.036756027910183661 0.14221309167673676 0.12128773890879184 0.028310013234615329 -0.10893580234099423 0.13515431618595378 0.12334993707130022 0.041859086678683093 -0.053200432092918061
leaf_weight=1025 304 147 148 177 456 196 164 252 50 199 94 2186 67 158
leaf_count=1025 304 147 148 177 456 196 164 252 50 199 94 2186 67 158
internal_value=7.08002e-10 0.102618 -0.164151 -0.095115 -0.195942 0.00647657 0.118858 0.121029 0.105894 -0.121456 0.122849 0.121496 0.0963296 -0.0678301
internal_weight=5623 3460 2163 682 1481 500 2960 2813 302 347 2511 2347 161 335
internal_count=5623 3460 2163 682 1481 500 2960 2813 302 347 2511 2347 161 335
is_linear=0
shrinkage=0.05


Tree=54
num_leaves=15
num_cat=0
split_feature=16 16 0 16 0 0 16 7 0 9 18 0 9 12
split_gain=34210.7 2306.93 1277.57 245.674 161.712 131.912 42.1813 28.7222 25.4232 22.1453 117.39 20.7365 22.7393 19.8075
threshold=56.728326474622797 24.746844993141291 11.65 10.534636488340192 9.5500000000000025 11.15 0.33888888888888902 968.1500000000002 10.15 -0.3793999999999999 26.550000000000004 10.65 -0.3793999999999999 0.70900000000000019
decision_type=2 2 2 2 2 2 2 2 2 2 2 2 2 2
left_child=1 3 5 6 -3 11 -1 -4 -6 10 -9 -2 -13 -11
right_child=2 4 7 -5 8 -7 -8 9 -10 13 -12 12 -14 -15
leaf_value=-0.1969547165652453 -0.014472840074043678 -0.096278881582042175 0.086239762257697972 -0.14174367240717953 -0.055965806977804566 0.058626868660685616 -0.17780531943543976 0.11362673043885366 -0.027234965764941523 0.12321070072198198 0.036354845017194749 -0.01346652556720348 0.024535614960930416 0.11260311107764134
leaf_weight=885 86 305 86 318 229 203 426 897 116 1063 52 53 153 751
leaf_count=885 86 305 86 318 229 203 426 897 116 1063 52 53 153 751
internal_value=1.87388e-09 -0.149392 0.101814 -0.181169 -0.0697546 0.0276703 -0.190732 0.114696 -0.0463056 0.115581 0.109393 0.00614917 0.0147584 0.118819
internal_weight=5623 2279 3344 1629 650 495 1311 2849 345 2763 949 292 206 1814
internal_count=5623 2279 3344 1629 650 495 1311 2849 345 2763 949 292 206 1814
is_linear=0
shrinkage=0.05


Tree=55
num_leaves=15
num_cat=0
split_feature=16 16 0 16 0 0 0 16 14 7 7 4 3 18
split_gain=30875.2 2082 1155.21 221.72 146.379 65.9994 62.0767 38.0687 27.6193 27.1136 109.841 26.8239 177.73 25.5924
threshold=56.728326474622797 24.746844993141291 11.450000000000001 10.534636488340192 9.6500000000000004 10.950000000000001 11.750000000000002 0.33888888888888902 11.950000000000001 967.95000000000016 968.75000000000011 -0.90992662233962529 -0.35836794954530055 23.450000000000003
decision_type=2 2 2 2 2 2 2 2 2 2 2 2 2 2
left_child=1 3 5 7 -3 -2 8 -1 -4 -8 -11 12 -12 -13
right_child=2 4 6 -5 -6 -7 9 -9 -10 10 11 13 -14 -15
leaf_value=-0.18710698037160992 0.00077946700694155881 -0.090214472461523643 0.050754914459310276 -0.13465648852933035 -0.042757317802028322 0.04106339343781043 0.13975069988781297 -0.16891505305476032 0.09947897354857281 0.042110989899298207 0.019479272920699394 0.11022337726147896 0.11124206175396452 0.12661755627190449
leaf_weight=885 232 322 66 318 328 181 71 426 52 61 61 1958 391 271
leaf_count=885 232 322 66 318 328 181 71 426 52 61 61 1958 391 271
internal_value=1.75707e-09 -0.141923 0.096723 -0.172111 -0.0662669 0.0184342 0.107754 -0.181196 0.0722265 0.109245 0.108455 0.109964 0.0988581 0.112217
internal_weight=5623 2279 3344 1629 650 413 2931 1311 118 2813 2742 2681 452 2229
internal_count=5623 2279 3344 1629 650 413 2931 1311 118 2813 2742 2681 452 2229
is_linear=0
shrinkage=0.05


Tree=56
num_leaves=15
num_cat=0
split_feature=16 0 16 0 0 16 0 7 0 18 18 18 14 6
split_gain=27868.7 1587.61 1401.56 146.208 87.7408 87.2873 77.7094 27.3528 25.716 21.1907 167.266 20.9118 18.4122 14.7514
threshold=50.148079561042522 11.350000000000003 16.642592592592603 9.1500000000000004 10.750000000000002 4.2907407407407412 11.750000000000002 968.1500000000002 9.7500000000000018 27.550000000000004 28.950000000000003 25.750000000000004 11.950000000000001 18.250000000000004
decision_type=2 2 2 2 2 2 2 2 2 2 2 2 2 2
left_child=2 4 5 -4 -2 -1 12 -8 -5 11 -11 -9 -3 -6
right_child=1 6 3 8 13 -7 7 9 -10 10 -12 -13 -14 -15
leaf_value=-0.17521547603872209 -0.014120602122033544 0.052001803316472278 -0.10775324323569307 -0.071898104732112333 0.043052903207043483 -0.14739832585397369 0.075850764692706227 0.10492113792634344 -0.045604253902182555 0.014152296337316623 0.12212076132093463 0.12986143491734034 0.088102370828895257 0.017526242462918163
leaf_weight=1102 265 88 298 226 95 379 85 2477 158 53 111 87 59 140
leaf_count=1102 265 88 298 226 95 379 85 2477 158 53 111 87 59 140
internal_value=5.49008e-10 0.0880105 -0.140784 -0.0814735 0.00560348 -0.168097 0.101931 0.103783 -0.0610793 0.104653 0.0872285 0.105767 0.0664911 0.0278455
internal_weight=5623 3460 2163 682 500 1481 2960 2813 384 2728 164 2564 147 235
internal_count=5623 3460 2163 682 500 1481 2960 2813 384 2728 164 2564 147 235
is_linear=0
shrinkage=0.05


Tree=57
num_leaves=15
num_cat=0
split_feature=16 16 2 2 16 2 13 13 7 2 16 2 2 17
split_gain=25157.6 1698.33 939.636 158.407 134.427 99.3681 28.5987 163.583 108.281 26.1274 24.8409 22.7034 20.0435 19.2935
threshold=56.728326474622797 21.011042524005504 15.145000000000001 12.285000000000002 8.4580932784636502 14.495000000000001 -0.91249999999999987 -0.8940499999999999 969.95000000000016 12.935000000000002 0.20980795610425237 15.535000000000002 11.635000000000003 12.050000000000002
decision_type=2 2 2 2 2 2 2 2 2 2 2 2 2 2
left_child=1 4 5 12 10 -2 -4 -8 -9 -5 -1 13 -3 -10
right_child=2 3 6 9 -6 -7 7 8 11 -11 -12 -13 -14 -15
leaf_value=-0.16924340941185176 0.0050446096106335899 -0.10203384757877734 0.10829753153949356 -0.056038679530005353 -0.12794417336819663 0.050591275356985224 0.0090212832784877638 0.025892643419130907 0.060047832194429177 -0.029540223532411106 -0.15408320607154202 0.10087087110061671 -0.077515559885182606 0.099198489981230167
leaf_weight=860 292 156 577 171 315 203 53 51 65 204 394 2042 179 61
leaf_count=860 292 156 577 171 315 203 53 51 65 204 394 2042 179 61
internal_value=7.22e-10 -0.12811 0.0873092 -0.0639456 -0.157145 0.0237233 0.0983569 0.0958324 0.0979058 -0.0416235 -0.16448 0.0995999 -0.088933 0.0790017
internal_weight=5623 2279 3344 710 1569 495 2849 2272 2219 375 1254 2168 335 126
internal_count=5623 2279 3344 710 1569 495 2849 2272 2219 375 1254 2168 335 126
is_linear=0
shrinkage=0.05


Tree=58
num_leaves=15
num_cat=0
split_feature=16 1 16 1 1 1 16 7 7 4 4 18 1 8
split_gain=22705.5 1293.63 1145.96 136.405 73.1793 62.6837 57.9527 26.653 94.9689 24.8597 121 24.902 23.2682 20.9693
threshold=50.148079561042522 15.667361403242746 15.65438957475995 12.492477594656108 14.977169270941301 16.357553535544188 1.5648148148148149 967.95000000000016 968.75000000000011 -0.90992662233962529 -0.93038214053199442 23.450000000000003 13.458746579878129 -0.60354999999999992
decision_type=2 2 2 2 2 2 2 2 2 2 2 2 2 2
left_child=2 4 6 -4 -2 13 -1 -7 -9 10 -10 -11 -5 -3
right_child=1 5 3 12 -6 7 -8 8 9 11 -12 -13 -14 -15
leaf_value=-0.15949572324701172 -0.010306026952610792 0.040085621279175004 -0.10016577756833167 -0.065849317759829121 0.02887575257550545 0.12421786089306436 -0.13791152812853028 0.031506130003444779 0.095272314527630811 0.094807249836974389 0.024504583375528455 0.11103077189100011 -0.041260039262308541 0.075477461094689918
leaf_weight=992 304 59 314 246 196 71 453 61 375 1908 72 270 158 144
leaf_count=992 304 59 314 246 196 71 453 61 375 1908 72 270 158 144
internal_value=4.20181e-11 0.0794404 -0.127075 -0.0754458 0.00505323 0.0920058 -0.152729 0.0939802 0.0931809 0.0946141 0.0838735 0.0968184 -0.0562327 0.0651912
internal_weight=5623 3460 2163 718 500 2960 1445 2757 2686 2625 447 2178 404 203
internal_count=5623 3460 2163 718 500 2960 1445 2757 2686 2625 447 2178 404 203
is_linear=0
shrinkage=0.05


Tree=59
num_leaves=15
num_cat=0
split_feature=16 16 1 16 1 1 16 7 8 18 18 14 1 12
split_gain=20501.2 1386.09 765.83 149.538 95.4731 80.3989 25.6675 25.6016 21.8139 127.057 21.4488 16.3341 16.243 16.2342
threshold=56.728326474622797 24.746844993141291 16.081476682623613 10.534636488340192 13.182669726957551 15.391284550322167 0.20980795610425237 968.1500000000002 0.78655000000000008 27.250000000000004 25.250000000000004 10.085000000000003 13.734823432798706 0.29345000000000004
decision_type=2 2 2 2 2 2 2 2 2 2 2 2 2 2
left_child=1 3 5 6 -3 11 -1 -4 10 -10 -9 -2 -6 -12
right_child=2 4 7 -5 12 -7 -8 8 9 -11 13 -13 -14 -15
leaf_value=-0.15280645243303723 -0.016649599232967351 -0.074297808018116071 0.061924093114185091 -0.10951997137455703 -0.048949555853210022 0.045579203282565504 -0.13807907092928093 0.090291493904292211 0.088244260259009943 0.0056621146333568247 0.12073109627605599 0.011187981066582182 -0.02688027528781152 0.093252078124701432
leaf_weight=860 69 305 86 318 141 203 451 1960 537 51 107 223 204 108
leaf_count=860 69 305 86 318 141 203 451 1960 537 51 107 223 204 108
internal_value=1.27042e-09 -0.115648 0.078816 -0.140279 -0.0539174 0.0214115 -0.14774 0.0887898 0.089626 0.0810815 0.091936 0.00460992 -0.0358999 0.106928
internal_weight=5623 2279 3344 1629 650 495 1311 2849 2763 588 2175 292 345 215
internal_count=5623 2279 3344 1629 650 495 1311 2849 2763 588 2175 292 345 215
is_linear=0
shrinkage=0.05


Tree=60
num_leaves=15
num_cat=0
split_feature=16 16 0 0 16 0 0 7 7 4 3 0 18 12
split_gain=18502.5 1170.13 778.797 131.521 69.4855 50.9533 39.3282 25.9382 78.6861 25.4624 147.267 22.1386 21.4511 20.466
threshold=54.474691358024721 17.671536351165987 11.450000000000001 9.4500000000000011 6.1406721536351165 10.850000000000003 11.950000000000001 967.95000000000016 968.75000000000011 -0.90992662233962529 -0.35836794954530055 8.9500000000000011 23.450000000000003 0.70900000000000019
decision_type=2 2 2 2 2 2 2 2 2 2 2 2 2 2
left_child=1 4 5 11 -1 13 -4 -8 -9 10 -10 -3 -11 -2
right_child=2 3 6 -5 -6 -7 7 8 9 12 -12 -13 -14 -15
leaf_value=-0.14217426081573012 0.010635227502218255 -0.090035840826228675 0.063465027596899551 -0.03716436163707356 -0.11651481948028214 0.028880337326063051 0.11491076259703284 0.027682217303663492 0.0018593279287839931 0.085961589187855514 0.086135355716576101 -0.066306517066192741 0.10106659418830587 -0.020083415365635276
leaf_weight=1166 106 218 228 346 341 225 71 60 60 1862 381 179 269 111
leaf_count=1166 106 218 228 346 341 225 71 60 60 1862 381 179 269 111
internal_value=1.23699e-09 -0.11105 0.0740772 -0.0596979 -0.136368 0.0122085 0.0834071 0.0850892 0.0842847 0.0856052 0.0746692 -0.0793367 0.0878683 -0.005078
internal_weight=5623 2250 3373 743 1507 442 2931 2703 2632 2572 441 397 2131 217
internal_count=5623 2250 3373 743 1507 442 2931 2703 2632 2572 441 397 2131 217
is_linear=0
shrinkage=0.05


Tree=61
num_leaves=15
num_cat=0
split_feature=16 0 16 0 0 16 0 13 13 7 9 8 18 18
split_gain=16705.6 951.229 844.445 99.3405 68.3381 43.7277 42.2806 27.0552 143.202 94.9882 23.6114 20.8036 17.9951 17.1362
threshold=50.148079561042522 11.250000000000002 15.65438957475995 9.0500000000000025 11.65 0.73696844993141308 10.65 -0.91249999999999987 -0.8940499999999999 969.95000000000016 -0.3793999999999999 1.0000000180025095e-35 28.750000000000004 25.750000000000004
decision_type=2 2 2 2 2 2 2 2 2 2 2 2 2 2
left_child=2 6 5 -4 11 -1 -2 12 -9 -10 -8 -3 -6 -11
right_child=1 4 3 -5 7 -7 10 8 9 13 -12 -13 -14 -15
leaf_value=-0.13740688586335817 -0.01587238943868197 0.025077861999435458 -0.085775873739462188 -0.048283770905074547 0.087011697545615635 -0.11917320612151722 -0.011169631321999161 -0.0035275972171528443 0.012187549910124612 0.080170365172622965 0.023474509023380868 0.062482300228098545 0.11758422824852872 0.10000453169579092
leaf_weight=939 202 68 314 404 524 506 66 53 51 2053 193 82 53 115
leaf_count=939 202 68 314 404 524 506 66 53 51 2053 193 82 53 115
internal_value=1.07908e-09 0.0681407 -0.109 -0.06468 0.0784194 -0.131022 0.00127367 0.0801513 0.0776958 0.0796358 0.0146463 0.0455256 0.0898199 0.0812225
internal_weight=5623 3460 2163 718 2999 1445 461 2849 2272 2219 259 150 577 2168
internal_count=5623 3460 2163 718 2999 1445 461 2849 2272 2219 259 150 577 2168
is_linear=0
shrinkage=0.05


Tree=62
num_leaves=15
num_cat=0
split_feature=16 0 16 0 0 16 0 13 7 12 9 0 5 8
split_gain=15076.8 858.484 762.112 90.7121 61.6752 39.4643 38.1582 24.9649 153.623 380.22 21.3093 19.0744 19.0028 18.7752
threshold=50.148079561042522 11.250000000000002 15.65438957475995 9.3500000000000032 11.65 0.73696844993141308 10.65 -0.90159999999999985 971.45000000000016 -0.44599999999999995 -0.3793999999999999 11.950000000000001 1.1918379643060337 1.0000000180025095e-35
decision_type=2 2 2 2 2 2 2 2 2 2 2 2 2 2
left_child=2 6 5 -4 13 -1 -2 -6 9 -9 -8 -10 -13 -3
right_child=1 4 3 -5 7 -7 10 8 11 -11 -12 12 -14 -15
leaf_value=-0.13053654279079807 -0.015078769557018888 0.023823969438672068 -0.077292196131384119 -0.041513761021006484 0.085110790444414913 -0.1132145445536189 -0.010611149979134401 0.095287253500686758 0.057953711816668509 -0.080225984862557165 0.022300783289931812 0.076300277807300892 0.091441550610111444 0.059358185003852343
leaf_weight=939 202 68 400 318 610 506 66 72 125 54 193 1753 235 82
leaf_count=939 202 68 400 318 610 506 66 72 125 54 193 1753 235 82
internal_value=6.83489e-10 0.0647337 -0.10355 -0.061446 0.0744984 -0.124471 0.00120999 0.0761437 0.0737007 0.0200673 0.013914 0.0768989 0.0780901 0.0432493
internal_weight=5623 3460 2163 718 2999 1445 461 2849 2239 126 259 2113 1988 150
internal_count=5623 3460 2163 718 2999 1445 461 2849 2239 126 259 2113 1988 150
is_linear=0
shrinkage=0.05


Tree=63
num_leaves=15
num_cat=0
split_feature=16 16 0 16 0 0 14 14 7 16 7 14 7 18
split_gain=13607.2 927.616 508.301 100.811 66.7155 55.3515 25.0481 139.414 98.0447 17.361 14.7082 13.6747 13.278 14.6061
threshold=56.728326474622797 24.746844993141291 11.65 10.534636488340192 9.8500000000000032 11.15 22.150000000000002 21.785000000000004 968.1500000000002 0.20980795610425237 970.45000000000016 10.085000000000003 987.55000000000007 10.65
decision_type=2 2 2 2 2 2 2 2 2 2 2 2 2 2
left_child=1 3 5 9 -3 11 7 8 -4 -1 -10 -2 13 -7
right_child=2 4 6 -5 -6 12 -8 -9 10 -11 -12 -13 -14 -15
leaf_value=-0.12466024494258861 -0.015949087106771228 -0.056014318421681142 0.0030506289787590505 -0.08911225103462736 -0.022850102780935553 0.0078892713129149611 0.084605490413722756 -0.0074525829936776845 0.089641309980357048 -0.11254809449556927 0.072823048353218664 0.0095217574135120549 0.054027025254541318 0.042188174426172897
leaf_weight=860 69 409 50 318 241 54 363 56 138 451 2242 223 76 73
leaf_count=860 69 409 50 318 241 54 363 56 138 451 2242 223 76 73
internal_value=5.51497e-10 -0.0942174 0.064211 -0.114368 -0.043718 0.0174438 0.0723365 0.070545 0.0723425 -0.120494 0.0737982 0.00350296 0.0374966 0.0276044
internal_weight=5623 2279 3344 1629 650 495 2849 2486 2430 1311 2380 292 203 127
internal_count=5623 2279 3344 1629 650 495 2849 2486 2430 1311 2380 292 203 127
is_linear=0
shrinkage=0.05


Tree=64
num_leaves=15
num_cat=0
split_feature=1 1 1 1 1 1 1 7 7 1 9 15 12 8
split_gain=5618.67 6764.93 920.759 327.801 50.0466 49.3635 44.2846 27.0602 71.0341 25.7364 25.0353 120.808 20.2446 19.7444
threshold=13.734823432798706 34.578625828302272 15.529322976782455 10.974054903592936 16.357553535544188 14.701092418020723 12.354439168195821 967.95000000000016 968.75000000000011 9.4556322125297623 -0.3793999999999999 23.640000000000004 0.70900000000000019 -0.60354999999999992
decision_type=2 2 2 2 2 2 2 2 2 2 2 2 2 2
left_child=3 2 5 9 13 -2 -5 -6 -9 -1 11 -10 -12 -4
right_child=1 -3 4 6 7 -7 -8 8 10 -11 12 -13 -14 -15
leaf_value=-0.11305346634322862 -0.017356828354812903 -0.11743348402778192 0.022827128762635741 -0.074489560124433793 0.099623962255640769 0.012676979375384662 -0.046739714821667548 0.01501116670790266 0.067940111622112553 -0.094015418648205951 0.077809302418875279 -0.0028070757480768058 0.06683141528921796 0.05446098161505452
leaf_weight=555 290 665 69 244 71 259 350 61 842 261 987 65 731 173
leaf_count=555 290 665 69 244 71 259 350 61 842 261 987 65 731 173
internal_value=6.99028e-10 0.0289146 0.0563445 -0.0863951 0.0672426 -0.00318787 -0.0581386 0.0691562 0.0683508 -0.106964 0.0695903 0.06287 0.0731383 0.0454414
internal_weight=5623 4213 3548 1410 2999 549 594 2757 2686 816 2625 907 1718 242
internal_count=5623 4213 3548 1410 2999 549 594 2757 2686 816 2625 907 1718 242
is_linear=0
shrinkage=0.05


Tree=65
num_leaves=15
num_cat=0
split_feature=16 0 16 0 0 0 16 7 7 18 18 18 17 14
split_gain=11091 629.171 561.299 73.276 38.6105 33.0131 26.1859 24.0741 59.0121 24.2313 147.358 15.927 15.6297 15.4564
threshold=50.148079561042522 11.350000000000003 14.706104252400552 9.1500000000000004 10.850000000000003 11.950000000000001 0.73696844993141308 967.95000000000016 968.75000000000011 27.550000000000004 29.050000000000004 10.550000000000002 9.6500000000000004 12.515000000000002
decision_type=2 2 2 2 2 2 2 2 2 2 2 2 2 2
left_child=2 4 6 -4 12 11 -1 -7 -9 -10 -11 -3 -2 -13
right_child=1 5 3 -5 -6 7 -8 8 9 10 -12 13 -14 -15
leaf_value=-0.11201988285639511 -0.029686445720855978 0.030768946201064962 -0.069829926264939612 -0.038293547800761496 0.020948201210573031 0.09464276561146262 -0.09772239082795664 0.016119506098330023 0.067488985023696615 -0.021253486153168175 0.082879215551122112 0.046073864096658187 -0.0017157755065813211 0.079107346156468764
leaf_weight=939 63 94 354 384 196 71 486 60 2422 52 98 111 241 52
leaf_count=939 63 94 354 384 196 71 486 60 2422 52 98 111 241 52
internal_value=6.0741e-10 0.0555215 -0.0888138 -0.0534208 0.0036442 0.0642845 -0.107144 0.0659127 0.0651377 0.0662812 0.0467799 0.0471598 -0.00751233 0.0566122
internal_weight=5623 3460 2163 738 500 2960 1425 2703 2632 2572 150 257 304 163
internal_count=5623 3460 2163 738 500 2960 1425 2703 2632 2572 150 257 304 163
is_linear=0
shrinkage=0.05


Tree=66
num_leaves=15
num_cat=0
split_feature=0 0 0 0 0 0 0 0 14 14 7 9 7 8
split_gain=4582.63 5509.64 748.644 267.063 42.0428 40.3389 31.4498 25.8604 24.4879 124.492 91.2837 18.9761 16.2976 15.8671
threshold=9.9500000000000011 25.050000000000004 11.250000000000002 8.0500000000000025 11.65 10.65 8.9500000000000011 7.1500000000000012 22.150000000000002 21.785000000000004 968.1500000000002 -0.3793999999999999 969.55000000000007 1.0000000180025095e-35
decision_type=2 2 2 2 2 2 2 2 2 2 2 2 2 2
left_child=3 2 5 7 13 -2 -5 -1 9 10 -6 -7 -12 -4
right_child=1 -3 4 6 8 11 -8 -9 -10 -11 12 -13 -14 -15
leaf_value=-0.10123637231773658 -0.015621566778281705 -0.10596081676129672 0.017036190236274919 -0.06643782059380085 -0.0048800777122378347 -0.011615146194217784 -0.042244771037782944 -0.081517062587826927 0.074183801625077248 -0.013424080001589442 0.086481733735952832 0.019442767395464213 0.062643444267049486 0.049702727515818328
leaf_weight=614 290 665 68 218 50 66 350 228 363 56 74 193 2306 82
leaf_count=614 290 665 68 218 50 66 350 228 363 56 74 193 2306 82
internal_value=4.11452e-10 0.026113 0.0508676 -0.0780242 0.0606944 -0.00281311 -0.0515301 -0.0958967 0.0620528 0.0602814 0.06198 0.0115284 0.0633846 0.0348939
internal_weight=5623 4213 3548 1410 2999 549 568 842 2849 2486 2430 259 2380 150
internal_count=5623 4213 3548 1410 2999 549 568 842 2849 2486 2430 259 2380 150
is_linear=0
shrinkage=0.05


Tree=67
num_leaves=15
num_cat=0
split_feature=16 1 16 1 1 7 7 1 16 4 3 18 15 6
split_gain=9037.03 512.164 457.366 61.0016 37.9436 24.605 57.4232 23.1829 22.1377 21.1913 128.699 24.8143 18.1556 15.1904
threshold=50.148079561042522 15.529322976782455 14.706104252400552 12.906592874036976 16.081476682623613 967.95000000000016 968.75000000000011 14.839130844481014 1.5648148148148149 -0.90992662233962529 -0.35836794954530055 24.450000000000003 17.925000000000004 14.750000000000002
decision_type=2 2 2 2 2 2 2 2 2 2 2 2 2 2
left_child=2 7 8 -4 -3 -6 -7 -2 -1 10 -8 -11 -12 -5
right_child=1 4 3 13 5 6 9 -9 -10 11 12 -13 -14 -15
leaf_value=-0.10083281127726584 -0.0085907190348865157 0.033149202574665353 -0.060729089762677352 -0.009494478733188684 0.087807561967444298 0.010225786537420555 -0.018143889674397767 0.014089802085726086 -0.087282652755463652 0.059511948611966931 0.051839591494457084 0.076908665733195422 0.07411293775833154 -0.037078141204074204
leaf_weight=992 265 150 420 62 72 61 61 196 433 2030 254 228 143 256
leaf_count=992 265 150 420 62 72 61 61 196 433 2030 254 228 143 256
internal_value=3.68018e-10 0.0501175 -0.0801694 -0.0482207 0.0576597 0.0589502 0.058202 0.00105219 -0.0967155 0.0592795 0.049473 0.0612686 0.0598625 -0.0317002
internal_weight=5623 3460 2163 738 2999 2849 2777 461 1425 2716 458 2258 397 318
internal_count=5623 3460 2163 738 2999 2849 2777 461 1425 2716 458 2258 397 318
is_linear=0
shrinkage=0.05


Tree=68
num_leaves=15
num_cat=0
split_feature=16 16 1 16 1 1 13 13 5 8 15 14 6 4
split_gain=8158.1 560.132 304.004 60.045 41.4936 33.9073 22.9485 101.292 49.2098 201.347 17.8084 16.0806 15.0545 14.518
threshold=56.728326474622797 24.746844993141291 16.081476682623613 10.534636488340192 13.458746579878129 15.253246123861878 -0.90159999999999985 -0.88619999999999988 1.0842883927277012 -0.78654999999999986 20.635000000000002 10.085000000000003 26.350000000000005 0.64942331933852337
decision_type=2 2 2 2 2 2 2 2 2 2 2 2 2 2
left_child=1 3 5 -1 -3 11 -4 -8 9 -9 -10 -2 -12 -13
right_child=2 4 6 -5 -6 -7 7 8 10 -11 12 13 -14 -15
leaf_value=-0.093338648609203961 -0.021444054795429112 -0.044495252667625308 0.064599969340335642 -0.069119774546099341 -0.018912448124436623 0.027540777366430985 -0.011554212097463937 0.087280062406456901 0.055338981594189943 -0.050763634685426953 0.044673466011881831 -0.002168201984361161 0.075201265644282103 0.025495680464431642
leaf_weight=1311 60 376 610 318 274 231 58 56 1815 50 50 129 210 75
leaf_count=1311 60 376 610 318 274 231 58 56 1815 50 50 129 210 75
internal_value=2.27123e-10 -0.0729527 0.0497187 -0.0886108 -0.0337111 0.013551 0.0560026 0.0536604 0.0553946 0.0221651 0.0570921 0.00130998 0.0693305 0.00800234
internal_weight=5623 2279 3344 1629 650 495 2849 2239 2181 106 2075 264 260 204
internal_count=5623 2279 3344 1629 650 495 2849 2239 2181 106 2075 264 260 204
is_linear=0
shrinkage=0.05


Tree=69
num_leaves=15
num_cat=0
split_feature=16 16 0 16 0 5 5 7 7 8 15 5 5 0
split_gain=7364.85 582.774 200.933 54.2074 47.2361 22.0589 140.758 47.0014 31.0331 126.722 20.0285 23.3836 31.1618 19.0884
threshold=59.043278463648846 24.746844993141291 11.65 9.8085733882030191 9.7500000000000018 1.0796802329729027 1.0842883927277012 969.95000000000016 971.45000000000016 0.60355000000000014 13.550000000000002 1.1823024578929047 1.2035199842419433 11.050000000000002
decision_type=2 2 2 2 2 2 2 2 2 2 2 2 2 2
left_child=1 3 10 -1 -3 -4 -7 -8 9 -9 11 13 -13 -2
right_child=2 4 5 -5 -6 6 7 8 -10 -11 -12 12 -14 -15
leaf_value=-0.088951604615531407 -0.015388851132593119 -0.042270490108413918 0.074003213341920407 -0.066744575532685438 -0.016552907417636188 -0.015744983515941311 0.08061534138779522 0.067770391750168441 0.053978297997399963 -0.021454742422966817 0.041609586389568541 0.055209919007226695 0.0087545847600345988 0.014871672860330396
leaf_weight=1279 96 376 122 350 340 74 158 98 2330 67 67 59 93 114
leaf_count=1279 96 376 122 350 340 74 158 98 2330 67 67 59 93 114
internal_value=9.19475e-11 -0.0676552 0.0483988 -0.0841803 -0.0300582 0.0532025 0.0522719 0.0541691 0.0524944 0.0315396 0.0164975 0.0118497 0.0267866 0.00103829
internal_weight=5623 2345 3278 1629 716 2849 2727 2653 2495 165 429 362 152 210
internal_count=5623 2345 3278 1629 716 2849 2727 2653 2495 165 429 362 152 210
is_linear=0
shrinkage=0.05


Tree=70
num_leaves=15
num_cat=0
split_feature=0 0 0 0 0 0 7 3 0 7 7 8 8 0
split_gain=3036.86 3668.07 496.781 177.416 29.8532 26.5959 23.8404 23.7691 22.0749 20.9521 33.8281 142.433 18.7923 17.3206
threshold=9.9500000000000011 25.050000000000004 11.250000000000002 8.2500000000000018 11.950000000000001 10.550000000000002 968.1500000000002 0.86159635224327558 6.6500000000000012 970.1500000000002 971.45000000000016 0.60355000000000014 -0.78654999999999986 9.2500000000000018
decision_type=2 2 2 2 2 2 2 2 2 2 2 2 2 2
left_child=3 2 5 8 7 -2 -6 12 -1 -8 11 -11 -4 -5
right_child=1 -3 4 13 6 -7 9 -9 -10 10 -12 -13 -14 -15
leaf_value=-0.083715685405349988 -0.013459591165064247 -0.086506623457697107 0.017183831637977796 -0.049026390134383917 0.025051149272305125 0.0085534369899241645 0.06872145518574907 0.0065758318457080694 -0.067680305415106584 0.065534556035560618 0.052310556039827628 -0.032282552818457287 0.049790913993704389 -0.030800054952132741
leaf_weight=523 270 665 59 276 85 279 174 61 364 98 2286 60 176 247
leaf_count=523 270 665 59 276 85 279 174 61 364 98 2286 60 176 247
internal_value=1.44033e-10 0.0212575 0.0414557 -0.0635162 0.0494606 -0.00227264 0.0511114 0.0343857 -0.0771352 0.0519576 0.0507641 0.0283888 0.0416045 -0.0404185
internal_weight=5623 4213 3548 1410 2999 549 2703 296 887 2618 2444 158 235 523
internal_count=5623 4213 3548 1410 2999 549 2703 296 887 2618 2444 158 235 523
is_linear=0
shrinkage=0.05


Tree=71
num_leaves=15
num_cat=0
split_feature=16 0 16 0 0 7 7 9 15 15 12 7 5 0
split_gain=6003.57 339.277 305.419 44.1319 26.9426 22.7171 50.6166 22.3812 106.037 19.7055 19.2374 16.012 17.2951 15.7052
threshold=50.148079561042522 11.250000000000002 13.796913580246914 9.0500000000000025 11.950000000000001 967.95000000000016 968.75000000000011 -0.3793999999999999 23.640000000000004 14.175000000000002 0.70290000000000019 972.75000000000011 1.1918379643060337 10.750000000000002
decision_type=2 2 2 2 2 2 2 2 2 2 2 2 2 2
left_child=2 13 -1 -4 9 -6 -7 8 -8 10 -3 -9 -13 -2
right_child=1 4 3 -5 5 6 7 11 -10 -11 -12 12 -14 -15
leaf_value=-0.079213608540478167 -0.0070222122503668591 0.03728518568692564 -0.052649402028808384 -0.028557525182374532 0.076464433923099706 0.0024053850521643955 0.047294095127115271 0.062859228301831355 -0.0190301228622691 0.061281860105693343 0.0081149055823599072 0.047712206505769517 0.063574135548143243 0.011645494631434583
leaf_weight=1400 265 158 359 404 71 60 827 294 65 50 88 1185 201 196
leaf_count=1400 265 158 359 404 71 60 827 294 65 50 88 1185 201 196
internal_value=5.24416e-10 0.040849 -0.0653432 -0.039893 0.0469876 0.0485559 0.047803 0.0488621 0.0424611 0.0326664 0.0268503 0.0522607 0.0500125 0.0009146
internal_weight=5623 3460 2163 763 2999 2703 2632 2572 892 296 246 1680 1386 461
internal_count=5623 3460 2163 763 2999 2703 2632 2572 892 296 246 1680 1386 461
is_linear=0
shrinkage=0.05


Tree=72
num_leaves=15
num_cat=0
split_feature=0 0 0 0 14 14 7 0 0 0 3 8 7 5
split_gain=2472.18 2970.99 445.295 128.275 27.1326 108.246 79.8978 28.305 25.0182 23.0397 21.3482 17.4175 14.0648 14.6314
threshold=9.8500000000000032 25.050000000000004 11.250000000000002 7.6500000000000012 22.150000000000002 21.785000000000004 968.1500000000002 11.950000000000001 10.550000000000002 8.8500000000000032 0.86159635224327558 -0.78654999999999986 969.55000000000007 1.1918379643060337
decision_type=2 2 2 2 2 2 2 2 2 2 2 2 2 2
left_child=3 2 8 -1 5 6 -4 10 -2 -5 11 -8 -9 -14
right_child=1 -3 4 9 -6 -7 7 12 -10 -11 -12 -13 13 -15
leaf_value=-0.072567880631354803 -0.012864806621217134 -0.07822061162371946 -0.018223576806485654 -0.052268531109359473 0.057454053560636181 -0.025899900139068323 0.014420081630854285 0.069583065147910794 0.0078211643814241113 -0.03319683647916432 0.0047020927957091181 0.045834299190235989 0.045383796320104253 0.058647366763440324
leaf_weight=735 307 665 50 292 363 56 59 70 279 346 61 175 1932 233
leaf_count=735 307 665 50 292 363 56 59 70 279 346 61 175 1932 233
internal_value=4.03039e-10 0.0188437 0.0368487 -0.0583291 0.0446382 0.0428734 0.0443661 0.0456031 -0.00301603 -0.0419256 0.0310462 0.0379136 0.0475244 0.0468112
internal_weight=5623 4250 3585 1373 2999 2636 2580 2530 586 638 295 234 2235 2165
internal_count=5623 4250 3585 1373 2999 2636 2580 2530 586 638 295 234 2235 2165
is_linear=0
shrinkage=0.05


Tree=73
num_leaves=15
num_cat=0
split_feature=16 0 16 0 7 7 16 18 18 0 0 8 14 18
split_gain=4892.09 275.999 248.782 28.7218 24.1856 48.0886 20.5916 18.9527 127.947 19.2871 18.3465 16.0215 20.8213 15.0666
threshold=50.148079561042522 11.350000000000003 16.642592592592603 9.4500000000000011 967.95000000000016 968.75000000000011 0.20980795610425237 27.550000000000004 29.050000000000004 11.850000000000003 10.850000000000003 -0.60354999999999992 11.950000000000001 25.750000000000004
decision_type=2 2 2 2 2 2 2 2 2 2 2 2 2 2
left_child=2 10 6 -4 -3 -6 -1 9 -9 11 -2 -7 -13 -11
right_child=1 4 3 -5 5 7 -8 8 -10 13 -12 12 -14 -15
leaf_value=-0.075502275501886873 -0.0051756975176652691 0.071302557514152598 -0.042025963835782609 -0.020883859721017809 -0.0019582156030858149 0.0068099464321958614 -0.063554203928029837 -0.036958567200685452 0.05930272860433719 0.044373021253200369 0.014442857557774656 0.022774282355803525 0.062077365002848883 0.066169517080685719
leaf_weight=860 304 72 423 259 61 58 621 53 99 2393 196 87 55 82
leaf_count=860 304 72 423 259 61 58 621 53 99 2393 196 87 55 82
internal_value=3.46234e-10 0.0368743 -0.0589852 -0.0339969 0.0426783 0.0419646 -0.0704923 0.0429124 0.0257379 0.0438883 0.00251478 0.028953 0.0379973 0.0450952
internal_weight=5623 3460 2163 682 2960 2888 1481 2827 152 2675 500 200 142 2475
internal_count=5623 3460 2163 682 2960 2888 1481 2827 152 2675 500 200 142 2475
is_linear=0
shrinkage=0.05


Tree=74
num_leaves=15
num_cat=0
split_feature=16 0 16 0 14 0 5 7 0 15 3 17 3 6
split_gain=4415.12 249.179 225.174 33.3218 22.8195 104.704 114.204 57.2706 19.9974 17.7571 14.4678 24.6285 15.126 13.2955
threshold=50.148079561042522 11.450000000000001 13.796913580246914 9.3500000000000032 22.150000000000002 22.050000000000004 1.1154035431671299 968.35000000000002 10.850000000000003 23.010000000000002 0.78257835753184668 11.850000000000003 0.30069434954884217 14.750000000000002
decision_type=2 2 2 2 2 2 2 2 2 2 2 2 2 2
left_child=2 8 -1 -4 5 7 -7 -3 -2 -9 11 12 -10 -5
right_child=1 4 3 13 -6 6 -8 9 10 -11 -12 -13 -14 -15
leaf_value=-0.06794559501259001 -0.0049169125838058169 -0.0096738883570112576 -0.043016346601476331 -0.0010482283549443367 0.052465361366997747 0.037257006336447032 -0.063391664847001136 0.041760376529670379 0.01902673945745878 0.071582225921983808 -0.0051458481756540449 -0.0050453182626164182 0.056705979596823455 -0.026854186622222189
leaf_weight=1400 304 54 445 62 363 63 51 2349 57 51 65 53 50 256
leaf_count=1400 304 54 445 62 363 63 51 2349 57 51 65 53 50 256
internal_value=2.13886e-10 0.0350306 -0.056036 -0.0341834 0.040731 0.0390723 -0.00777003 0.0412483 0.0034465 0.0423941 0.0147464 0.0228276 0.0366339 -0.0218228
internal_weight=5623 3460 2163 763 2931 2568 114 2454 529 2400 225 160 107 318
internal_count=5623 3460 2163 763 2931 2568 114 2454 529 2400 225 160 107 318
is_linear=0
shrinkage=0.05


Tree=75
num_leaves=15
num_cat=0
split_feature=16 16 0 16 0 7 7 4 3 18 14 3 15 15
split_gain=3986.14 318.891 111.237 32.0716 25.9286 22.3564 43.6997 19.8269 115.454 23.707 17.2275 22.3041 16.5452 15.2548
threshold=59.043278463648846 24.746844993141291 11.65 6.1406721536351165 9.5500000000000025 967.95000000000016 968.75000000000011 -0.90992662233962529 -0.35836794954530055 24.450000000000003 11.015000000000002 0.63605400036818838 17.925000000000004 13.550000000000002
decision_type=2 2 2 2 2 2 2 2 2 2 2 2 2 2
left_child=1 3 10 -1 -3 -4 -7 8 -8 -9 11 -2 -10 -12
right_child=2 4 5 -5 -6 6 7 9 12 -11 13 -13 -14 -15
leaf_value=-0.066418159843810262 0.013733670280092314 -0.033006930104953036 0.066687859620692 -0.050863834069103921 -0.013765158883149798 -0.003385045562611252 -0.034121101149586872 0.039614456473463198 0.032103462088999786 0.056618599597724119 0.013450171124628364 -0.021151712888644803 0.053366058262169259 0.042596948244532605
leaf_weight=1166 126 305 72 463 411 61 61 2030 254 228 170 72 143 61
leaf_count=1166 126 305 72 463 411 61 61 2030 254 228 170 72 143 61
internal_value=4.48391e-10 -0.0497732 0.0356065 -0.0619973 -0.0219617 0.0391806 0.0384675 0.0394074 0.0299219 0.0413314 0.0118705 0.00104808 0.0397623 0.0211469
internal_weight=5623 2345 3278 1629 716 2849 2777 2716 458 2258 429 198 397 231
internal_count=5623 2345 3278 1629 716 2849 2777 2716 458 2258 429 198 397 231
is_linear=0
shrinkage=0.05


Tree=76
num_leaves=15
num_cat=0
split_feature=16 0 16 13 7 12 0 16 0 4 12 7 3 5
split_gain=3599.21 203.932 184.248 23.1011 126.855 328.777 23.7982 21.8231 15.8218 15.7007 36.6179 13.3454 13.2285 12.9753
threshold=50.148079561042522 11.250000000000002 19.854938271604947 -0.90529999999999988 971.45000000000016 -0.44599999999999995 11.950000000000001 1.5648148148148149 9.4500000000000011 0.30069434954884205 0.70290000000000019 968.75000000000011 0.47714059151611399 1.1984337850310982
decision_type=2 2 2 2 2 2 2 2 2 2 2 2 2 2
left_child=2 -2 7 11 5 -5 9 -1 -4 10 -6 -3 -11 -10
right_child=1 3 8 4 6 -7 -8 -9 13 12 -12 -13 -14 -15
leaf_value=-0.064204975769544329 0.00066777404883589572 0.060813394163258205 -0.034237933383503165 0.053644483321656791 0.03481026850366855 -0.10815918147951986 0.038720031709882689 -0.05185904165673752 -0.023497872743330216 0.049271622469116538 -0.019269364515865417 0.04157153976203587 0.015978496586187527 0.0046445405804643449
leaf_weight=992 461 109 352 75 68 54 1993 560 208 70 58 520 52 51
leaf_count=992 461 109 352 75 68 54 1993 560 208 70 58 520 52 51
internal_value=1.47978e-10 0.0316286 -0.050594 0.0363878 0.0341271 -0.0140873 0.0369025 -0.0597503 -0.0273362 0.0222958 0.00991647 0.044906 0.0350811 -0.0179563
internal_weight=5623 3460 2163 2999 2370 129 2241 1552 611 248 126 629 122 259
internal_count=5623 3460 2163 2999 2370 129 2241 1552 611 248 126 629 122 259
is_linear=0
shrinkage=0.05


Tree=77
num_leaves=15
num_cat=0
split_feature=16 16 0 16 5 5 7 7 9 0 14 3 3 15
split_gain=3251.58 259.736 89.8992 31.0532 23.9052 123.557 42.4334 25.8194 114.986 16.8238 15.3515 19.7728 14.9016 13.7283
threshold=59.043278463648846 26.08401920438958 11.65 7.8320301783264759 1.0796802329729027 1.0842883927277012 969.95000000000016 971.45000000000016 -1.0000000180025095e-35 9.8500000000000032 11.015000000000002 0.63605400036818838 0.1822285865217376 23.010000000000002
decision_type=2 2 2 2 2 2 2 2 2 2 2 2 2 2
left_child=1 3 10 -1 -4 -6 -7 8 -8 -3 11 12 -2 -9
right_child=2 9 4 -5 5 6 7 13 -10 -11 -12 -13 -14 -15
leaf_value=-0.059650999745816863 -0.0016310341730713844 -0.025953354122219226 0.057025621898594447 -0.044320991362132051 -0.029322505812789945 0.061308921506934913 -0.03902512027225534 0.03488685561006552 0.047442551842854862 -0.010071491952666996 0.019577198085129199 -0.020297883047411841 0.033400245660952496 0.049890795745318989
leaf_weight=1220 75 365 122 453 74 158 61 2166 104 307 231 72 51 164
leaf_count=1220 75 365 122 453 74 158 61 2166 104 307 231 72 51 164
internal_value=3.4345e-10 -0.0449538 0.0321588 -0.0555001 0.0353719 0.0344032 0.0361807 0.0345894 0.0154757 -0.0186978 0.0108204 0.000604229 0.0125483 0.0359429
internal_weight=5623 2345 3278 1673 2849 2727 2653 2495 165 672 429 198 126 2330
internal_count=5623 2345 3278 1673 2849 2727 2653 2495 165 672 429 198 126 2330
is_linear=0
shrinkage=0.05


Tree=78
num_leaves=15
num_cat=0
split_feature=16 16 0 16 5 5 7 7 18 7 0 8 15 5
split_gain=2934.55 234.412 81.134 28.4346 22.6721 155.543 37.1438 160.094 16.6266 15.6843 16.0935 15.2804 14.7738 20.7481
threshold=59.043278463648846 26.08401920438958 11.65 11.29567901234568 1.0820490108852658 1.0851213964390702 971.35000000000002 971.85000000000002 25.550000000000004 971.85000000000002 9.8500000000000032 0.78655000000000008 13.550000000000002 1.1823024578929047
decision_type=2 2 2 2 2 2 2 2 2 2 2 2 2 2
left_child=1 3 11 -1 -4 -6 8 -8 -7 -3 -11 12 13 -2
right_child=2 9 4 -5 5 6 7 -9 -10 10 -12 -13 -14 -15
leaf_value=-0.056029300566568165 -0.0099395883411674182 0.0091789713762700561 0.052135475711801493 -0.039865642408288916 -0.050691225691275169 0.043469342132032456 -0.054639165604916912 0.034087933532097867 0.069553903391906285 -0.027421162255925016 -0.011295424897552413 0.026547981414047107 0.028926765654271228 0.019438223053629584
leaf_weight=1331 177 50 156 342 55 224 52 2278 84 333 289 108 53 91
leaf_count=1331 177 50 156 342 55 224 52 2278 84 333 289 108 53 91
internal_value=2.40574e-12 -0.0427061 0.0305509 -0.0527251 0.0336033 0.0325298 0.0342649 0.0321078 0.0505833 -0.0177629 -0.0199287 0.0102794 0.00480589 3.57133e-05
internal_weight=5623 2345 3278 1673 2849 2693 2638 2330 308 672 622 429 321 268
internal_count=5623 2345 3278 1673 2849 2693 2638 2330 308 672 622 429 321 268
is_linear=0
shrinkage=0.05


Tree=79
num_leaves=15
num_cat=0
split_feature=16 16 1 16 5 5 8 6 6 18 14 3 3 17
split_gain=2649.01 183.412 99.3218 21.2156 20.4616 140.377 17.2367 104.645 154.63 18.8923 17.0069 18.935 18.6948 18.325
threshold=56.728326474622797 23.456172839506181 16.081476682623613 3.1783950617283958 1.0820490108852658 1.0851213964390702 0.78655000000000008 29.950000000000003 30.950000000000003 25.750000000000004 11.015000000000002 0.63605400036818838 0.25037047035109428 11.950000000000001
decision_type=2 2 2 2 2 2 2 2 2 2 2 2 2 2
left_child=1 3 10 -1 -4 -6 9 -8 -9 -7 11 12 -2 -12
right_child=2 -3 4 -5 5 6 7 8 -10 -11 13 -13 -14 -15
leaf_value=-0.054821426744338458 -0.0042084805764413128 -0.019496297420564673 0.049528702101312008 -0.042735290869166137 -0.048156665504317395 0.033348832687589432 0.035960288384651887 -0.071682506358070719 0.038691252389779461 0.051401583890202253 0.030598743796562317 -0.020417541790414939 0.033015634303312537 0.0039546385081145018
leaf_weight=1061 96 666 156 552 55 1884 470 62 65 157 122 88 52 137
leaf_count=1061 96 666 156 552 55 1884 470 62 65 157 122 88 52 137
internal_value=1.6063e-10 -0.0415708 0.0283313 -0.0506853 0.0319232 0.0309033 0.0325516 0.0250786 -0.015192 0.0347375 0.00765836 -0.00205061 0.00887026 0.0165051
internal_weight=5623 2279 3344 1613 2849 2693 2638 597 127 2041 495 236 148 259
internal_count=5623 2279 3344 1613 2849 2693 2638 597 127 2041 495 236 148 259
is_linear=0
shrinkage=0.05


Tree=80
num_leaves=15
num_cat=0
split_feature=16 0 16 13 7 18 0 0 18 18 6 5 12 5
split_gain=2393.62 137.366 123.983 23.1888 121.148 305.1 21.2408 20.1554 14.4404 21.4174 13.8357 12.6357 15.1948 12.2064
threshold=50.148079561042522 11.15 12.925994513031549 -0.90529999999999988 971.45000000000016 23.750000000000004 12.15 8.9500000000000011 15.15 13.250000000000002 17.250000000000004 1.1384164487690773 0.38245000000000007 1.136952204363525
decision_type=2 2 2 2 2 2 2 2 2 2 2 2 2 2
left_child=2 -2 -1 -3 5 -5 8 -4 9 11 -8 -6 -13 -12
right_child=1 3 7 4 6 -7 10 -9 -10 -11 13 12 -14 -15
leaf_value=-0.050394180484504253 -0.0014547668318104401 0.037913349975881444 -0.034372561492738651 0.040801413655281067 -0.0019286928613754838 -0.11664504842832685 0.042518817989438185 -0.0183790377314632 -0.0036594672687351709 0.050798359147289342 0.033531802927630402 0.0021234010745372093 0.033583066433851352 0.024632342139747545
leaf_weight=1367 408 638 358 80 66 50 267 438 60 57 1046 56 122 610
leaf_count=1367 408 638 358 80 66 50 267 438 60 57 1046 56 122 610
internal_value=1.89826e-10 0.0257931 -0.0412595 0.0294357 0.0271951 -0.0197549 0.0298674 -0.0255721 0.0187388 0.0232035 0.0319566 0.0167572 0.0236856 0.0302536
internal_weight=5623 3460 2163 3052 2414 130 2284 796 361 301 1923 244 178 1656
internal_count=5623 3460 2163 3052 2414 130 2284 796 361 301 1923 244 178 1656
is_linear=0
shrinkage=0.05


Tree=81
num_leaves=15
num_cat=0
split_feature=16 16 0 16 7 7 7 18 7 8 3 7 18 17
split_gain=2161.25 172.211 59.5417 21.7594 21.261 28.72 128.308 15.786 14.1378 13.7887 22.6718 16.1577 13.3968 13.143
threshold=59.043278463648846 26.08401920438958 11.65 4.7122770919067225 968.1500000000002 971.35000000000002 971.85000000000002 25.350000000000005 971.85000000000002 0.78655000000000008 0.63605400036818838 987.55000000000007 11.750000000000002 10.950000000000001
decision_type=2 2 2 2 2 2 2 2 2 2 2 2 2 2
left_child=1 3 9 -1 -4 7 -7 -6 -3 10 11 12 -2 -12
right_child=2 8 4 -5 5 6 -8 -9 -10 -11 13 -13 -14 -15
leaf_value=-0.049244106855257999 -0.0094374086306197574 0.010308604734018446 0.0043507400575245533 -0.037122231533634691 0.036842163212965302 -0.045119823376506066 0.029525584283113412 0.061558002059940588 -0.017326794836222469 0.024306723379736973 -0.032977270032718498 0.037467231634346877 0.01898958619770616 0.0025785033755442678
leaf_weight=1120 80 50 86 553 243 59 2373 88 622 108 53 51 86 51
leaf_count=1120 80 50 86 553 243 59 2373 88 622 108 53 51 86 51
internal_value=1.0057e-10 -0.0366498 0.0262184 -0.0452373 0.0288333 0.0295953 0.0277147 0.0434131 -0.0152706 0.00885262 0.00365311 0.0128523 0.00528983 -0.0155413
internal_weight=5623 2345 3278 1673 2849 2763 2432 331 672 429 321 217 166 104
internal_count=5623 2345 3278 1673 2849 2763 2432 331 672 429 321 217 166 104
is_linear=0
shrinkage=0.05


Tree=82
num_leaves=15
num_cat=0
split_feature=16 0 16 14 14 7 0 3 0 8 7 8 18 18
split_gain=1953.98 125.444 90.5 22.1321 94.7794 67.7766 16.0255 15.5453 13.5843 16.6433 13.0611 16.0817 22.2129 12.7154
threshold=48.073456790123466 11.15 12.925994513031549 22.150000000000002 21.785000000000004 968.1500000000002 11.950000000000001 0.86159635224327558 9.2500000000000018 -0.3793999999999999 989.55000000000007 -0.78654999999999986 10.550000000000002 9.9500000000000011
decision_type=2 2 2 2 2 2 2 2 2 2 2 2 2 2
left_child=2 -2 -1 4 5 -3 7 10 -4 -10 11 -7 -13 -11
right_child=1 3 8 -5 -6 6 -8 -9 9 13 -12 12 -14 -15
leaf_value=-0.045521780823457217 -0.0017511683208795148 -0.031271510958671575 -0.029324519202790434 0.038170786055825405 -0.039349170441606213 -0.0046045206968362137 0.029056936906342309 -0.0041197672597507928 -0.031679046777291942 0.012714764978415494 0.045852383382618433 0.0038353823830506633 0.040484247654492017 -0.015340326583587138
leaf_weight=1367 448 50 461 363 56 60 2235 67 104 58 50 70 101 133
leaf_count=1367 448 50 461 363 56 60 2235 67 104 58 50 70 101 133
internal_value=8.08282e-11 0.0229555 -0.0378447 0.0265822 0.0250178 0.0263868 0.0275029 0.0175222 -0.023963 -0.0155845 0.0226823 0.0176672 0.0254818 -0.00682098
internal_weight=5623 3500 2123 3052 2689 2633 2583 348 756 295 281 231 171 191
internal_count=5623 3500 2123 3052 2689 2633 2583 348 756 295 281 231 171 191
is_linear=0
shrinkage=0.05


Tree=83
num_leaves=15
num_cat=0
split_feature=16 0 16 7 7 4 15 7 0 5 5 5 13 14
split_gain=1763.71 100.876 91.0688 23.9029 39.9259 17.9255 107.99 21.5099 15.2449 12.0502 13.4084 11.5833 10.3445 11.0043
threshold=50.148079561042522 11.250000000000002 12.925994513031549 967.95000000000016 968.75000000000011 -0.90992662233962529 23.640000000000004 972.75000000000011 9.4500000000000011 1.2116466501664023 1.1943298675223823 1.1984337850310982 0.30160000000000003 9.8850000000000016
decision_type=2 2 2 2 2 2 2 2 2 2 2 2 2 2
left_child=2 9 -1 -3 -5 6 -6 -7 -4 10 -2 12 13 -10
right_child=1 3 8 4 5 7 -8 -9 11 -11 -12 -13 -14 -15
leaf_value=-0.043245690623853542 -0.0013003155223226973 0.053949036345713665 -0.026777524679455995 -0.01490875317925407 0.025083038325226587 0.040417970611640916 -0.051203655279599705 0.025688692435480876 -0.024531078289907714 -0.021598046662921578 0.021130998073411841 0.0093456496557622563 -0.033243741290917728 0.0035768389456594983
leaf_weight=1367 322 72 537 62 430 281 52 2102 65 55 84 51 68 75
leaf_count=1367 322 72 537 62 430 281 52 2102 65 55 84 51 68 75
internal_value=3.48732e-10 0.0221406 -0.0354168 0.0254879 0.0247878 0.0256468 0.0168529 0.0274255 -0.021972 0.000365314 0.00334065 -0.0120085 -0.0172444 -0.00947327
internal_weight=5623 3460 2163 2999 2927 2865 482 2383 796 461 406 259 208 140
internal_count=5623 3460 2163 2999 2927 2865 482 2383 796 461 406 259 208 140
is_linear=0
shrinkage=0.05


Tree=84
num_leaves=15
num_cat=0
split_feature=16 16 1 5 5 7 18 15 16 18 7 8 3 7
split_gain=1592.87 126.917 44.2159 21.0216 125.368 35.5398 25.7252 134.754 17.8217 12.7711 12.7641 12.6621 20.0945 14.1924
threshold=59.043278463648846 26.08401920438958 16.081476682623613 1.0820490108852658 1.0851213964390702 969.95000000000016 27.550000000000004 23.760000000000002 0.20980795610425237 25.750000000000004 971.85000000000002 0.78655000000000008 0.63605400036818838 987.55000000000007
decision_type=2 2 2 2 2 2 2 2 2 2 2 2 2 2
left_child=1 8 11 -4 -5 -6 9 -8 -1 -7 -3 12 13 -2
right_child=2 10 3 4 5 6 7 -9 -10 -11 -12 -13 -14 -15
leaf_value=-0.043853349968869526 0.0041337621974385716 0.011194718037731947 0.042606510652993354 -0.050986032519828195 0.048838320096325605 0.024373993684909896 -0.05912580905625453 0.048497844787991864 -0.033528160799526967 0.046847428743226026 -0.015063740291641696 0.022352733046540785 -0.015509573792895446 0.034290847540193917
leaf_weight=860 166 50 156 55 151 2304 52 66 813 65 622 108 104 51
leaf_count=860 166 50 156 55 151 2304 52 66 813 65 622 108 104 51
internal_value=2.12054e-10 -0.0314636 0.0225083 0.0247617 0.023728 0.0252857 0.0238557 0.00107047 -0.0388358 0.0249906 -0.01311 0.00754344 0.00256088 0.0112214
internal_weight=5623 2345 3278 2849 2693 2638 2487 118 1673 2369 672 429 321 217
internal_count=5623 2345 3278 2849 2693 2638 2487 118 1673 2369 672 429 321 217
is_linear=0
shrinkage=0.05


Tree=85
num_leaves=15
num_cat=0
split_feature=16 0 16 18 18 7 7 7 14 0 8 18 18 18
split_gain=1441.02 91.721 66.5329 23.2891 101.979 382.14 21.2896 20.8044 14.6792 9.95743 14.5044 11.6939 9.8061 18.0024
threshold=48.073456790123466 11.15 12.925994513031549 27.750000000000004 25.250000000000004 972.1500000000002 969.95000000000016 971.6500000000002 19.815000000000001 9.2500000000000018 -0.3793999999999999 9.9500000000000011 10.350000000000003 8.2500000000000018
decision_type=2 2 2 2 2 2 2 2 2 2 2 2 2 2
left_child=2 -2 -1 4 6 -6 -3 -5 -7 -4 -11 -12 13 -8
right_child=1 3 9 7 5 8 12 -9 -10 10 11 -13 -14 -15
leaf_value=-0.039082212277368356 -0.0014129043884557697 0.040661031199234164 -0.025187595279676081 0.06153627424172952 -0.12802631544808929 0.019926606774330141 0.025123642542734123 0.025510115145057768 0.05824011025205255 -0.028448722136762139 0.0134917628630225 -0.013412861180092609 0.024647995507997914 0.0085289122387766838
leaf_weight=1367 448 179 461 71 52 50 359 92 50 104 58 133 1899 300
leaf_count=1367 448 179 461 71 52 50 359 92 50 104 58 133 1899 300
internal_value=1.32511e-10 0.0197134 -0.0324997 0.0228145 0.021777 -0.0180857 0.0239908 0.0412025 0.0390834 -0.0205973 -0.0134239 -0.00524287 0.0228243 0.0175691
internal_weight=5623 3500 2123 3052 2889 152 2737 163 100 756 295 191 2558 659
internal_count=5623 3500 2123 3052 2889 152 2737 163 100 756 295 191 2558 659
is_linear=0
shrinkage=0.05


Tree=86
num_leaves=15
num_cat=0
split_feature=16 0 16 17 17 7 7 5 14 0 0 8 4 6
split_gain=1300.52 83.0789 60.0459 20.758 151.414 61.6571 17.5905 17.3757 12.8349 13.7401 11.8372 13.45 27.4835 13.3973
threshold=48.073456790123466 11.250000000000002 12.925994513031549 21.850000000000005 21.550000000000004 968.35000000000002 972.1500000000002 1.0858690791537731 20.350000000000005 20.650000000000002 12.250000000000002 -0.60354999999999992 0.34202014332566893 17.250000000000004
decision_type=2 2 2 2 2 2 2 2 2 2 2 2 2 2
left_child=2 -2 -1 4 5 -3 -5 -7 9 10 11 12 -9 -12
right_child=1 3 -4 6 -6 7 -8 8 -10 -11 13 -13 -14 -15
leaf_value=-0.03712810097413978 -0.0001196285855548341 -0.030441578375175596 -0.019567407128780991 0.044977815711208013 -0.064281839870203 0.041403350688335373 0.024162589055728378 -0.027407639312521354 0.037644437160934248 0.0040117771110751415 0.034675188442265768 0.020189006365689131 0.021966913516174944 0.022122191103398494
leaf_weight=1367 501 55 756 163 52 123 269 51 126 110 249 286 63 1452
leaf_count=1367 501 55 756 163 52 123 269 51 126 110 249 286 63 1452
internal_value=3.66575e-10 0.0187277 -0.0308747 0.0218763 0.0201698 0.0219159 0.0320165 0.0230865 0.0221225 0.0212379 0.0221398 0.0144005 -0.000121702 0.0239598
internal_weight=5623 3500 2123 2999 2567 2515 432 2460 2337 2211 2101 400 114 1701
internal_count=5623 3500 2123 2999 2567 2515 432 2460 2337 2211 2101 400 114 1701
is_linear=0
shrinkage=0.05


Tree=87
num_leaves=15
num_cat=0
split_feature=16 16 0 7 7 18 18 3 16 18 7 5 5 3
split_gain=1174.3 98.4409 29.7065 21.8849 37.6122 19.728 110.017 18.801 14.7906 13.553 13.2535 12.4668 30.9256 15.5302
threshold=61.420370370370371 27.468518518518525 11.750000000000002 967.95000000000016 968.75000000000011 27.550000000000004 29.050000000000004 0.9426055981926128 0.20980795610425237 23.650000000000002 971.85000000000002 1.1724081717896022 1.2047564083605393 -0.043617726472722225
decision_type=2 2 2 2 2 2 2 2 2 2 2 2 2 2
left_child=1 8 7 -4 -5 9 -7 11 -1 -6 -3 13 -13 -2
right_child=2 10 3 4 5 6 -8 -9 -10 -11 -12 12 -14 -15
leaf_value=-0.037850166807806687 0.014720463062421099 0.013860170554150553 0.048773745148324638 -0.018165497849390033 0.021475393940579925 -0.05486276094586804 0.035114027558806903 -0.021101866859723539 -0.028499292196476324 0.034654541140774202 -0.012653093576098874 0.043662209705921051 0.00010363543285454465 -0.011547462753807532
leaf_weight=860 134 51 71 61 2318 52 98 51 832 213 622 81 82 97
leaf_count=860 134 51 71 61 2318 52 98 51 832 213 622 81 82 97
internal_value=3.66773e-10 -0.0268186 0.0194677 0.0213667 0.020657 0.0215404 0.00392207 0.00746378 -0.0332521 0.0225845 -0.0106439 0.0111614 0.0217493 0.00369021
internal_weight=5623 2365 3258 2813 2742 2681 150 445 1692 2531 673 394 163 231
internal_count=5623 2365 3258 2813 2742 2681 150 445 1692 2531 673 394 163 231
is_linear=0
shrinkage=0.05


Tree=88
num_leaves=15
num_cat=0
split_feature=16 0 16 18 18 7 7 7 14 7 9 14 3 3
split_gain=1061.98 67.5095 49.1265 21.6016 93.4435 343.336 20.0863 18.083 12.9067 8.71855 13.6052 20.9846 19.0737 15.1802
threshold=48.073456790123466 11.15 13.796913580246914 27.750000000000004 25.250000000000004 972.1500000000002 969.95000000000016 971.6500000000002 19.815000000000001 989.55000000000007 0.37940000000000002 10.885000000000002 -0.0087262032186419397 0.54463903501502731
decision_type=2 2 2 2 2 2 2 2 2 2 2 2 2 2
left_child=2 -2 -1 4 6 -6 -3 -5 -7 10 11 12 -8 -13
right_child=1 3 -4 7 5 8 9 -9 -10 -11 -12 13 -14 -15
leaf_value=-0.033365829903181293 -0.0012014125618082161 0.036896002973955358 -0.017316018294110374 0.056250406985341665 -0.12378260804913366 0.016652410768903791 0.014163245313000263 0.022663048202293399 0.052578334048390386 0.027077324627992186 0.023164149599232589 0.014773028054590621 -0.027712356984221306 0.030620691365967529
leaf_weight=1400 448 179 723 71 52 50 57 92 50 336 903 1033 52 177
leaf_count=1400 448 179 723 71 52 50 57 92 50 336 903 1033 52 177
internal_value=8.9165e-11 0.0169233 -0.0279 0.0195838 0.0185847 -0.0195734 0.0207038 0.0372931 0.0346154 0.0195707 0.0184356 0.0151984 -0.00581411 0.0170912
internal_weight=5623 3500 2123 3052 2889 152 2737 163 100 2558 2222 1319 109 1210
internal_count=5623 3500 2123 3052 2889 152 2737 163 100 2558 2222 1319 109 1210
is_linear=0
shrinkage=0.05


Tree=89
num_leaves=15
num_cat=0
split_feature=16 0 16 7 7 18 3 12 18 18 18 9 18 14
split_gain=958.44 60.9401 44.5478 19.4438 33.2013 17.1905 109.643 13.3502 16.2233 11.0221 11.1661 14.5332 14.0346 13.2259
threshold=48.073456790123466 11.250000000000002 15.65438957475995 967.95000000000016 968.75000000000011 27.550000000000004 -0.41467745240824966 0.89015000000000011 23.650000000000002 22.750000000000004 10.350000000000003 0.60355000000000014 11.950000000000001 11.885000000000002
decision_type=2 2 2 2 2 2 2 2 2 2 2 2 2 2
left_child=2 -2 -1 -3 -5 7 -7 8 9 10 -6 12 -12 -14
right_child=1 3 -4 4 5 6 -8 -9 -10 -11 11 -13 13 -15
leaf_value=-0.031466202289011057 -6.4830568341627532e-05 0.044443295518350273 -0.015931265560194013 -0.01805716751804275 0.014003935921175631 0.034539787158293207 -0.053832428804175429 0.013711672962221397 0.035488589133046151 -0.002299150495001903 0.032209541118077813 0.030907520098476488 -0.0049678795679938053 0.018788153019600684
leaf_weight=1445 501 72 678 62 428 97 55 669 197 52 183 427 64 693
leaf_count=1445 501 72 678 62 428 97 55 669 197 52 183 427 64 693
internal_value=1.8949e-10 0.0160772 -0.026505 0.0187738 0.0181423 0.0189257 0.002563 0.0198425 0.0218491 0.0203943 0.0210517 0.0232583 0.0197836 0.0167797
internal_weight=5623 3500 2123 2999 2927 2865 152 2713 2044 1847 1795 1367 940 757
internal_count=5623 3500 2123 2999 2927 2865 152 2713 2044 1847 1795 1367 940 757
is_linear=0
shrinkage=0.05


Tree=90
num_leaves=15
num_cat=0
split_feature=0 0 0 18 18 7 7 7 0 14 14 15 12 5
split_gain=396.767 477.782 74.8417 20.1937 86.5623 308.393 18.0906 17.8335 17.3912 11.5726 10.4193 13.7002 11.0199 10.2526
threshold=9.7500000000000018 25.050000000000004 11.050000000000002 27.750000000000004 25.250000000000004 972.1500000000002 971.6500000000002 968.75000000000011 7.4500000000000011 19.815000000000001 10.085000000000003 10.390000000000002 0.70900000000000019 1.2035199842419433
decision_type=2 2 2 2 2 2 2 2 2 2 2 2 2 2
left_child=8 2 10 4 7 -6 -5 -4 -1 -7 12 -12 -2 -13
right_child=1 -3 3 6 5 9 -8 -9 -10 -11 11 13 -14 -15
leaf_value=-0.029282025225576776 0.00021864147962663661 -0.031523364287533245 0.039942070628075227 0.053671549854170476 -0.11886574934559087 0.01424641290307045 0.020155918332798187 0.017896493431815354 -0.017885104463353091 0.048264941647648815 0.023280151539074725 0.0023812837219970712 -0.024530491673731773 -0.021082058537386136
leaf_weight=689 88 665 95 71 52 50 93 2669 651 50 64 236 92 58
leaf_count=689 88 665 95 71 52 50 93 2669 651 50 64 236 92 58
internal_value=-4.87255e-11 0.00742903 0.0145886 0.0175941 0.016634 -0.0201017 0.0346657 0.0186542 -0.0237452 0.0312557 -0.00261787 0.00231607 -0.0124309 -0.00224754
internal_weight=5623 4283 3618 3080 2916 152 164 2764 1340 100 538 358 180 294
internal_count=5623 4283 3618 3080 2916 152 164 2764 1340 100 538 358 180 294
is_linear=0
shrinkage=0.05


Tree=91
num_leaves=15
num_cat=0
split_feature=16 16 0 7 7 8 9 14 15 9 0 15 12 4
split_gain=782.373 64.5768 23.2778 135.587 49.5913 24.8637 145.961 16.8202 20.3913 22.0877 13.2354 13.1565 11.1066 14.9013
threshold=59.043278463648846 27.468518518518525 15.350000000000003 969.6500000000002 968.75000000000011 0.78655000000000008 -0.3793999999999999 10.885000000000002 10.475000000000003 0.37940000000000002 20.950000000000003 19.640000000000004 0.40615000000000007 -0.66259481767468253
decision_type=2 2 2 2 2 2 2 2 2 2 2 2 2 2
left_child=1 -1 3 -2 10 12 -7 8 9 -5 -4 -8 -6 -14
right_child=2 -3 4 7 5 6 11 -9 -10 -11 -12 -13 13 -15
leaf_value=-0.027205463789335877 -0.068564316257834435 -0.0086947653514288861 0.069649428494826512 0.00065200757882040406 0.02654382583246194 -0.072234243570881734 0.0097422884506131735 0.016628007881726862 -0.013339535260872386 0.035216132271715939 0.035915694058695366 0.032586439182011394 0.0049380920632347385 0.021600769570473161
leaf_weight=1692 51 653 54 126 507 51 134 1346 112 73 63 119 191 451
leaf_count=1692 51 653 54 126 507 51 134 1346 112 73 63 119 191 451
internal_value=2.40073e-10 -0.0220509 0.0157747 0.011735 0.0201694 0.0176477 0.00493193 0.0142065 0.00372638 0.0133313 0.0514851 0.0204872 0.021012 0.0166435
internal_weight=5623 2345 3278 1708 1570 1453 304 1657 311 199 117 253 1149 642
internal_count=5623 2345 3278 1708 1570 1453 304 1657 311 199 117 253 1149 642
is_linear=0
shrinkage=0.05


Tree=92
num_leaves=15
num_cat=0
split_feature=16 0 16 7 7 7 18 12 0 18 0 0 7 0
split_gain=707.65 56.2162 25.7038 22.2013 27.9421 108.015 23.7975 9.63532 13.3201 12.4427 11.7042 12.4334 13.1534 13.0529
threshold=44.097462277091928 11.550000000000002 10.534636488340192 968.1500000000002 971.35000000000002 971.85000000000002 25.250000000000004 0.75015000000000021 11.950000000000001 23.650000000000002 13.250000000000002 14.250000000000002 983.85000000000002 17.250000000000004
decision_type=2 2 2 2 2 2 2 2 2 2 2 2 2 2
left_child=2 -2 -1 -3 6 -6 -5 9 -9 -7 -10 12 -12 -13
right_child=1 3 -4 4 5 7 -8 8 10 -11 11 13 -14 -15
leaf_value=-0.027706934122873429 0.00056026855418957265 -0.0085909502786519227 -0.015984919995008336 0.022612807894369865 -0.051477017602488656 0.017900968472876085 0.052572822834846079 -0.0087237337545957427 0.025378303616453896 0.032005321019314581 0.011214813493233458 0.022682679218976848 -0.020630526447838003 0.0083276335711219493
leaf_weight=1311 691 86 727 244 59 1191 91 64 207 180 79 292 55 346
leaf_count=1311 691 86 727 244 59 1191 91 64 207 180 79 292 55 346
internal_value=5.74499e-11 0.0133737 -0.0235254 0.0164332 0.0171996 0.0153639 0.0307512 0.0169975 0.0133758 0.0197527 0.0148205 0.0119896 -0.00185603 0.0148977
internal_weight=5623 3585 2038 2894 2808 2473 335 2414 1043 1371 979 772 134 638
internal_count=5623 3585 2038 2894 2808 2473 335 2414 1043 1371 979 772 134 638
is_linear=0
shrinkage=0.05


Tree=93
num_leaves=15
num_cat=0
split_feature=16 16 13 18 13 0 5 13 3 12 5 18 18 16
split_gain=639.662 61.6419 21.5037 75.4041 250.769 16.666 15.7795 14.2329 13.8617 14.3426 23.4062 13.0843 11.8056 10.9139
threshold=63.860425240054873 28.901165980795611 -0.90529999999999988 25.050000000000004 -0.82899999999999985 12.250000000000002 1.1244410626163084 -0.65884999999999982 0.9426055981926128 0.41400000000000009 1.1841158634420679 25.550000000000004 11.950000000000001 0.20980795610425237
decision_type=2 2 2 2 2 2 2 2 2 2 2 2 2 2
left_child=1 13 11 5 -5 6 -4 -6 9 12 -11 -2 -8 -1
right_child=2 -3 3 4 7 -7 8 -9 -10 10 -12 -13 -14 -15
leaf_value=-0.028419680318491927 0.019222892636288572 -0.0068655608269580747 -0.0094477979333273 -0.09527245934830228 0.04544306974330882 0.017279893165644232 0.016039617224663929 0.010154639508935713 -0.011018703164982387 0.011904446671734441 0.045945156088753325 0.036814410018181441 -0.014285958277420531 -0.020465477353716916
leaf_weight=860 515 703 112 67 53 1833 69 62 58 159 74 133 60 865
leaf_count=860 515 703 112 67 53 1833 69 62 58 159 74 133 60 865
internal_value=4.3972e-11 -0.0193452 0.0147011 0.0126321 -0.0183801 0.0150187 0.00722761 0.026418 0.0116744 0.0153103 0.0227157 0.0228335 0.0019347 -0.0244311
internal_weight=5623 2428 3195 2547 182 2365 532 115 420 362 233 648 129 1725
internal_count=5623 2428 3195 2547 182 2365 532 115 420 362 233 648 129 1725
is_linear=0
shrinkage=0.05


Tree=94
num_leaves=15
num_cat=0
split_feature=16 0 16 5 5 7 18 0 18 3 5 6 12 3
split_gain=578.058 46.0676 20.9685 20.3231 134.354 32.0475 16.3099 119.827 13.6369 11.378 12.3812 12.5975 12.0728 11.5722
threshold=44.097462277091928 11.15 11.29567901234568 1.0796802329729027 1.0827350773302553 968.75000000000011 27.550000000000004 22.050000000000004 25.750000000000004 -0.94260559819261247 1.1183192349520594 34.550000000000004 0.94140000000000013 -0.90255091666790832
decision_type=2 2 2 2 2 2 2 2 2 2 2 2 2 2
left_child=2 -2 -1 -3 -5 -6 8 -8 9 10 11 -7 -12 -11
right_child=1 3 -4 4 5 6 7 -9 -10 13 12 -13 -14 -15
leaf_value=-0.024958836901987184 -0.0014755789816290434 0.034117755851161384 -0.014303746774082655 -0.066043393224334487 0.047086589349629851 0.035056492167652824 0.032279830186345275 -0.064453081060200937 0.035787899908307316 0.03326112471384865 -0.018003084808133726 0.0039525884974540943 0.012616292787891515 0.01487329735680938
leaf_weight=1331 533 126 707 52 76 51 89 50 77 89 82 90 53 2217
leaf_count=1331 533 126 707 52 76 51 89 50 77 89 82 90 53 2217
internal_value=2.11992e-10 0.0120873 -0.0212625 0.0144559 0.0136092 0.0150504 0.0141802 -0.00251618 0.015053 0.0144347 0.00484067 0.0152029 -0.00598214 0.015583
internal_weight=5623 3585 2038 3052 2926 2874 2798 139 2659 2582 276 141 135 2306
internal_count=5623 3585 2038 3052 2926 2874 2798 139 2659 2582 276 141 135 2306
is_linear=0
shrinkage=0.05


Tree=95
num_leaves=15
num_cat=0
split_feature=0 0 0 7 7 7 18 0 0 5 5 6 18 18
split_gain=238.69 285.442 51.4897 21.7991 24.7026 92.4244 24.841 11.1593 10.6705 10.9804 15.9463 14.1345 10.8588 17.586
threshold=9.6500000000000004 25.050000000000004 10.950000000000001 968.1500000000002 971.35000000000002 971.85000000000002 25.250000000000004 4.0500000000000007 12.250000000000002 1.2035199842419433 1.1902586222599469 10.15 23.650000000000002 22.650000000000002
decision_type=2 2 2 2 2 2 2 2 2 2 2 2 2 2
left_child=7 2 -2 -4 6 -6 -5 -1 9 10 -7 -11 13 -10
right_child=1 -3 3 4 5 8 -8 -9 12 11 -12 -13 -14 -15
leaf_value=-0.030500947147108323 -0.0028890756207796847 -0.024532649267983056 -0.01109596311071909 0.018903787465559901 -0.04870851092642018 0.0074218877896398876 0.049226644330729659 -0.017045160969461116 0.015137119857218143 0.010745468938667155 0.037658033564686777 -0.026147603092249484 0.025387990454584359 -0.013561810539527373
leaf_weight=179 560 665 87 262 60 341 91 1107 1812 54 50 50 250 55
leaf_count=179 560 665 87 262 60 341 91 1107 1812 54 50 50 250 55
internal_value=8.15068e-11 0.00560956 0.0110683 0.0135799 0.0142896 0.0126473 0.0267207 -0.0189181 0.0140567 0.00744776 0.0112884 -0.00699158 0.0156021 0.0142917
internal_weight=5623 4337 3672 3112 3025 2672 353 1286 2612 495 391 104 2117 1867
internal_count=5623 4337 3672 3112 3025 2672 353 1286 2612 495 391 104 2117 1867
is_linear=0
shrinkage=0.05


Tree=96
num_leaves=15
num_cat=0
split_feature=16 16 13 7 12 14 15 7 7 5 3 5 7 12
split_gain=471.525 41.4254 21.4516 106.43 254.579 20.9786 18.6825 13.4226 11.079 17.915 13.4983 13.3773 12.5842 10.9114
threshold=61.420370370370371 22.21117969821675 -0.90159999999999985 971.45000000000016 -0.44599999999999995 10.885000000000002 10.475000000000003 971.85000000000002 972.75000000000011 1.0931226738493129 -0.13917310096006566 1.1151075581591698 974.45000000000016 0.92275000000000007
decision_type=2 2 2 2 2 2 2 2 2 2 2 2 2 2
left_child=1 -1 8 4 -4 6 -5 -3 10 -10 11 -2 -11 -7
right_child=2 7 3 5 -6 13 -8 -9 9 12 -12 -13 -14 -15
leaf_value=-0.021578655310717641 0.040482291686539246 0.016355999251404268 0.023911367185838237 0.0094770157243712055 -0.11695157958677523 0.016252388255669267 -0.017963178138419682 -0.0092808047552526678 -0.014661893350820916 -0.002028638073334507 0.014730739726365641 0.015711057395674289 0.027375329340126105 0.0080465749949529593
leaf_weight=1598 171 55 79 169 54 1659 98 712 51 51 183 80 127 536
leaf_count=1598 171 55 79 169 54 1659 98 712 51 51 183 80 127 536
internal_value=1.01974e-10 -0.0169941 0.0123361 0.0102854 -0.0332811 0.0126389 -0.000594666 -0.00744244 0.0203628 0.0114648 0.0250578 0.0325871 0.0189506 0.0142486
internal_weight=5623 2365 3258 2595 133 2462 267 767 663 229 434 251 178 2195
internal_count=5623 2365 3258 2595 133 2462 267 767 663 229 434 251 178 2195
is_linear=0
shrinkage=0.05


Tree=97
num_leaves=15
num_cat=0
split_feature=16 0 5 5 7 7 16 3 7 6 5 15 14 7
split_gain=426.885 34.7421 22.9956 112.829 28.6083 101.667 16.3668 15.6616 9.82204 9.64124 8.66313 12.7082 9.05456 8.39859
threshold=44.097462277091928 11.65 1.0820490108852658 1.0851213964390702 971.35000000000002 971.85000000000002 6.1406721536351165 0.078456108245891859 968.75000000000011 38.850000000000001 1.0941836531032012 11.040000000000001 10.085000000000003 968.75000000000011
decision_type=2 2 2 2 2 2 2 2 2 2 2 2 2 2
left_child=6 -2 8 -4 7 -6 -1 13 -3 -7 -8 -12 -13 -5
right_child=1 2 3 4 5 9 10 -9 -10 -11 11 12 -14 -15
leaf_value=-0.022146789587390775 0.00070307647240596186 0.049295726443121496 -0.059071243953975762 0.048782154813897416 -0.057735995366238059 0.013570650693944848 0.00099626785680080403 0.0019951603896915912 0.022681437593956407 -0.0046588818033536277 -0.010988517695977222 -0.041637890065302614 -0.018700315922415778 0.027550438512293954
leaf_weight=1166 736 52 55 61 52 2203 97 50 104 75 568 61 146 197
leaf_count=1166 736 52 55 61 52 2203 97 50 104 75 568 61 146 197
internal_value=7.80358e-11 0.0103872 0.012889 0.0118078 0.0132856 0.0113925 -0.0182719 0.0276068 0.0315529 0.0129705 -0.0130906 -0.0148537 -0.0254597 0.0325703
internal_weight=5623 3585 2849 2693 2638 2330 2038 308 156 2278 872 775 207 258
internal_count=5623 3585 2849 2693 2638 2330 2038 308 156 2278 872 775 207 258
is_linear=0
shrinkage=0.05


Tree=98
num_leaves=15
num_cat=0
split_feature=16 16 7 7 7 18 0 3 8 5 18 18 18 7
split_gain=386.095 38.1814 21.2704 22.0909 70.7 23.2405 11.5165 15.5581 16.1846 10.5464 11.8002 14.6821 12.8996 11.2245
threshold=63.860425240054873 28.901165980795611 968.1500000000002 971.35000000000002 971.85000000000002 25.250000000000004 12.250000000000002 0.95368063612909471 -0.91594999999999993 1.2035199842419433 23.650000000000002 22.650000000000002 21.550000000000004 979.95000000000016
decision_type=2 2 2 2 2 2 2 2 2 2 2 2 2 2
left_child=1 -1 -2 5 -5 -4 7 8 -6 10 11 12 -8 -12
right_child=2 -3 3 4 6 -7 9 -9 -10 -11 13 -13 -14 -15
leaf_value=-0.019032204564517378 -0.012962446177656623 -0.0052077410783915772 0.016337958551978445 -0.04220018554178457 -0.01572451055427769 0.04562490984367637 0.011090849561553293 -0.017718618887010963 0.011727631358553481 0.028231264375474144 0.02831806387979216 -0.014213992059230804 0.032167455162217314 0.0023970550699335229
leaf_weight=1725 87 703 265 62 61 91 1621 64 448 115 197 55 76 53
leaf_count=1725 87 703 265 62 61 91 1621 64 448 115 197 55 76 53
internal_value=1.43999e-10 -0.0150295 0.0114215 0.012104 0.0105879 0.0238242 0.0118046 0.00551622 0.00843769 0.0135066 0.0126608 0.0112107 0.0120348 0.0228228
internal_weight=5623 2428 3195 3108 2752 356 2690 573 509 2117 2002 1752 1697 250
internal_count=5623 2428 3195 3108 2752 356 2690 573 509 2117 2002 1752 1697 250
is_linear=0
shrinkage=0.05


Tree=99
num_leaves=15
num_cat=0
split_feature=16 0 5 5 7 7 9 16 7 5 7 5 7 14
split_gain=348.649 28.2569 21.0906 100.833 25.1587 24.7339 99.8337 14.0846 12.6513 10.6622 9.50533 9.32803 9.31318 10.0622
threshold=44.097462277091928 11.65 1.0820490108852658 1.0851213964390702 969.95000000000016 971.45000000000016 -1.0000000180025095e-35 2.0198216735253784 972.45000000000016 1.0935894397434567 968.75000000000011 1.0890104437659096 973.55000000000007 19.315000000000001
decision_type=2 2 2 2 2 2 2 2 2 2 2 2 2 2
left_child=7 -2 10 -4 -5 6 -6 -1 -7 -9 -3 -10 -13 -14
right_child=1 2 3 4 5 8 -8 9 11 -11 -12 12 13 -15
leaf_value=-0.020694036422612704 0.00065358896643611731 0.046972018931634156 -0.056397342783483601 0.031821512545008729 -0.058686563134437701 0.028841305486168024 0.021882606244001252 0.0021792723718265603 -0.0092101577807355822 -0.014166743806082453 0.02079032924778473 -0.0028429646081137429 0.010840244064156073 0.019659307159353698
leaf_weight=1013 736 52 55 151 61 108 104 112 54 913 104 103 1655 402
leaf_count=1013 736 52 55 151 61 108 104 112 54 913 104 103 1655 402
internal_value=1.74538e-10 0.00938723 0.0116434 0.010608 0.012005 0.0108019 -0.00790357 -0.0165129 0.0121311 -0.0123806 0.0295176 0.0113159 0.0118291 0.0125638
internal_weight=5623 3585 2849 2693 2638 2487 165 2038 2322 1025 156 2214 2160 2057
internal_count=5623 3585 2849 2693 2638 2487 165 2038 2322 1025 156 2214 2160 2057
is_linear=0
shrinkage=0.05


Tree=100
num_leaves=15
num_cat=0
split_feature=16 16 7 7 7 18 17 17 5 1 15 12 9 7
split_gain=315.689 31.4286 20.4421 20.1051 64.6534 20.6501 9.7051 20.4917 12.9315 10.0501 20.6067 10.7439 9.64227 9.63131
threshold=63.860425240054873 24.746844993141291 968.1500000000002 971.35000000000002 971.85000000000002 25.250000000000004 10.65 8.9500000000000011 1.1930286848109921 16.495591962004479 13.550000000000002 0.6906000000000001 0.37940000000000002 971.85000000000002
decision_type=2 2 2 2 2 2 2 2 2 2 2 2 2 2
left_child=1 -1 -2 5 -5 -4 7 -6 9 10 11 -8 -9 -3
right_child=2 13 3 4 6 -7 8 12 -10 -11 -12 -13 -14 -15
leaf_value=-0.017574255048578059 -0.013576668371371498 0.014338692603632809 0.015121170849504196 -0.040929785809449615 0.021134479985413877 0.042727740921571361 0.0069502214975655082 -0.015655424880735094 0.020847559799265239 0.011386796278159333 0.024274051211902809 -0.022323498098246224 0.0077731025412076105 -0.0069891416974493734
leaf_weight=1629 87 57 265 62 94 91 50 124 336 1876 58 84 68 742
leaf_count=1629 87 57 265 62 94 91 50 124 336 1876 58 84 68 742
internal_value=3.85503e-11 -0.0135902 0.0103277 0.0109969 0.00955049 0.0221779 0.010714 0.00200678 0.0117499 0.0102717 -0.000623791 -0.0114005 -0.00735782 -0.00546763
internal_weight=5623 2428 3195 3108 2752 356 2690 286 2404 2068 192 134 192 799
internal_count=5623 2428 3195 3108 2752 356 2690 286 2404 2068 192 134 192 799
is_linear=0
shrinkage=0.05


Tree=101
num_leaves=15
num_cat=0
split_feature=16 0 5 7 7 7 18 16 8 3 14 9 5 15
split_gain=285.162 24.4678 19.4447 53.5169 14.5579 64.4179 12.5995 11.1185 8.62262 8.15874 10.7635 12.5508 10.8295 14.6232
threshold=42.19444444444445 11.750000000000002 1.0749837886844442 968.1500000000002 971.35000000000002 971.85000000000002 25.250000000000004 0.33888888888888902 0.37940000000000002 0.9426055981926128 10.085000000000003 0.60355000000000014 1.0981503861246504 11.375000000000002
decision_type=2 2 2 2 2 2 2 2 2 2 2 2 2 2
left_child=7 9 -3 -4 6 -6 8 -1 -5 10 11 -2 -12 -14
right_child=1 2 3 4 5 -7 -8 -9 -10 -11 12 -13 13 -15
leaf_value=-0.019314099343988183 -0.015130622072757541 0.038503682246950804 -0.033196178356717738 0.022113106534634899 -0.042747407158215844 0.011056136146908573 0.038543263794205897 -0.011815685473866326 0.001345765547877228 -0.013147988921388033 0.028421366840600971 0.013554267295134757 0.014754011246430524 -0.0033160963183140389
leaf_weight=885 143 61 70 154 57 2318 79 1120 74 94 50 52 187 279
leaf_count=885 143 61 70 154 57 2318 79 1120 74 94 50 52 187 279
internal_value=5.61451e-11 0.00838213 0.0105817 0.00996283 0.0110893 0.00976485 0.0213353 -0.0151255 0.0153728 0.000695788 0.00252605 -0.00748132 0.0063079 0.00393521
internal_weight=5623 3618 2813 2752 2682 2375 307 2005 228 805 711 195 516 466
internal_count=5623 3618 2813 2752 2682 2375 307 2005 228 805 711 195 516 466
is_linear=0
shrinkage=0.05


Tree=102
num_leaves=15
num_cat=0
split_feature=16 16 7 7 18 3 7 17 17 12 7 7 4 12
split_gain=258.26 25.9621 19.2479 39.6634 19.155 107.422 16.4087 10.0497 19.5843 9.99026 9.56211 9.44888 19.8059 9.82954
threshold=63.860425240054873 19.854938271604947 967.95000000000016 968.75000000000011 27.550000000000004 -0.41467745240824966 972.75000000000011 10.65 8.9500000000000011 0.79905000000000015 971.1500000000002 974.1500000000002 -0.73724926354828213 0.75015000000000021
decision_type=2 2 2 2 2 2 2 2 2 2 2 2 2 2
left_child=1 -1 -2 -4 6 -6 10 8 -8 -3 -5 12 -9 -13
right_child=2 9 3 4 5 -7 7 11 -10 -11 -12 13 -14 -15
leaf_value=-0.016176459190169273 0.034720572456717495 -0.00095017779735368207 -0.030844780712786526 0.013285275816642603 0.023692690156286167 -0.063618222902613611 0.019644195611643444 -0.017094746679067612 -0.0093747346471544628 -0.011802791592458057 0.028678671896544307 0.014218688610406524 0.01896612263764396 0.0073138844729760096
leaf_weight=1552 73 516 62 244 98 55 85 90 184 360 172 1080 66 986
leaf_count=1552 73 516 62 244 98 55 85 90 184 360 172 1080 66 986
internal_value=6.77395e-11 -0.0122921 0.00934121 0.00874778 0.00954998 -0.00769359 0.0104575 0.00892241 -0.000205184 -0.00541016 0.0196499 0.0100274 -0.00183823 0.0109234
internal_weight=5623 2428 3195 3122 3060 153 2907 2491 269 876 416 2222 156 2066
internal_count=5623 2428 3195 3122 3060 153 2907 2491 269 876 416 2222 156 2066
is_linear=0
shrinkage=0.05


Tree=103
num_leaves=15
num_cat=0
split_feature=16 13 13 7 0 3 3 7 9 17 15 5 3 5
split_gain=233.36 23.3652 98.82 62.4005 26.4588 15.1679 14.9097 11.4808 17.886 12.0027 11.2349 12.3625 11.2323 17.6784
threshold=42.19444444444445 -0.91249999999999987 -0.8940499999999999 969.6500000000002 11.950000000000001 -0.97233289553061575 0.9426055981926128 968.75000000000011 -0.3793999999999999 11.350000000000003 20.635000000000002 1.1335267554782447 -0.84335933205092506 1.1692919685696856
decision_type=2 2 2 2 2 2 2 2 2 2 2 2 2 2
left_child=-1 7 -3 -4 5 -5 12 -2 -9 -10 -6 -12 -7 -14
right_child=1 2 3 4 10 6 -8 8 9 -11 11 -13 13 -15
leaf_value=-0.013682843766822174 0.031210623342721233 -0.0613446484181892 -0.047357115636651334 -0.02592975894311586 0.009406690811221266 0.023316629441089594 -0.016610615738132533 0.0016065061413215107 0.041997732710585281 0.016187142270617186 0.024975269246170544 -0.001145626059068101 -0.0073644772856026998 0.010225738051231019
leaf_weight=2005 105 54 52 52 1756 72 94 209 53 300 237 56 258 320
leaf_count=2005 105 54 52 52 1756 72 94 209 53 300 237 56 258 320
internal_value=1.41878e-10 0.00758267 0.00567238 0.00692158 0.00791367 0.000177454 0.00200215 0.0160343 0.0131989 0.0200624 0.010919 0.0199829 0.00469384 0.00237405
internal_weight=5623 3618 2951 2897 2845 796 744 667 562 353 2049 293 650 578
internal_count=5623 3618 2951 2897 2845 796 744 667 562 353 2049 293 650 578
is_linear=0
shrinkage=0.05


Tree=104
num_leaves=15
num_cat=0
split_feature=16 16 7 7 7 18 7 14 13 15 17 9 7 17
split_gain=211.587 21.7756 18.0024 18.0619 54.9141 19.0292 9.21799 8.68794 13.7852 8.63015 11.8807 7.67143 7.61746 14.8997
threshold=63.860425240054873 19.854938271604947 968.1500000000002 971.35000000000002 971.85000000000002 25.250000000000004 971.1500000000002 17.350000000000005 -0.91594999999999993 10.990000000000002 9.6500000000000004 0.37940000000000002 988.05000000000007 11.65
decision_type=2 2 2 2 2 2 2 2 2 2 2 2 2 2
left_child=1 -1 -2 5 -5 7 -3 11 -9 -8 -11 -4 13 -12
right_child=2 6 3 4 -6 -7 9 8 -10 10 12 -13 -14 -15
leaf_value=-0.014683494035463021 -0.013977562943634031 0.016023486364632845 -0.0040867744807062834 -0.038810905075121312 0.0087844088777840664 0.039407570076758394 -0.0019689618118101278 0.0083089428783302589 0.042193238193599075 -0.034335054815388642 0.008988443263261035 0.020244987930171193 -0.022346285421525877 -0.018304657257561172
leaf_weight=1552 87 50 92 62 2690 91 501 71 52 52 111 50 71 91
leaf_count=1552 87 50 92 62 2690 91 501 71 52 52 111 50 71 91
internal_value=2.24283e-11 -0.0111261 0.00845511 0.00908305 0.00771213 0.0196807 -0.00482339 0.0129066 0.022634 -0.00608531 -0.0124308 0.00448075 -0.00825858 -0.00330696
internal_weight=5623 2428 3195 3108 2752 356 876 265 123 826 325 142 273 202
internal_count=5623 2428 3195 3108 2752 356 876 265 123 826 325 142 273 202
is_linear=0
shrinkage=0.05


Tree=105
num_leaves=15
num_cat=0
split_feature=16 13 7 12 0 7 9 3 5 6 7 6 7 7
split_gain=191.557 24.7894 82.6837 246.033 25.7949 14.1299 19.5853 13.7041 13.9414 11.7588 9.07478 8.50541 7.99887 10.7371
threshold=38.554252400548698 -0.90159999999999985 971.45000000000016 -0.44599999999999995 10.850000000000003 971.85000000000002 -0.78654999999999986 -0.13052122218260639 1.1151075581591698 26.650000000000002 970.75000000000011 34.350000000000001 972.6500000000002 973.55000000000007
decision_type=2 2 2 2 2 2 2 2 2 2 2 2 2 2
left_child=-1 5 3 -3 9 7 -7 8 -2 -4 -9 -11 -6 -14
right_child=1 2 4 -5 12 6 -8 10 -10 11 -12 -13 13 -15
leaf_value=-0.012745608199430708 0.038332296923734251 0.018342053872636623 0.0010075620367459015 -0.11665671282896289 0.027332035159426078 -0.015182732867951682 0.014035056662544902 0.0032242806973923339 0.010458568460308015 -0.025543669327679611 0.028327931771771266 0.00017658898979425433 -0.01215086994426591 0.0087773480245114475
leaf_weight=1934 150 90 321 54 56 74 255 117 64 90 52 50 63 2253
leaf_count=1934 150 90 321 54 56 74 255 117 64 90 52 50 63 2253
internal_value=7.3626e-11 0.00668203 0.00467756 -0.0322825 0.00655622 0.0150631 0.00746327 0.0215913 0.0299962 -0.0042661 0.0109485 -0.0163579 0.00865955 0.00820806
internal_weight=5623 3689 2977 144 2833 712 329 383 214 461 169 140 2372 2316
internal_count=5623 3689 2977 144 2833 712 329 383 214 461 169 140 2372 2316
is_linear=0
shrinkage=0.05


Tree=106
num_leaves=15
num_cat=0
split_feature=0 0 5 5 7 0 18 15 7 18 3 3 5 14
split_gain=77.8077 96.5936 25.4571 67.2237 29.5687 20.6758 20.5555 113.2 13.2285 8.66485 7.90189 8.32422 8.25739 8.68032
threshold=9.4500000000000011 25.050000000000004 1.0820490108852658 1.0851213964390702 968.75000000000011 11.750000000000002 27.550000000000004 23.760000000000002 968.55000000000007 25.750000000000004 0.67556448321067852 0.98624804680367306 1.0890104437659096 20.350000000000005
decision_type=2 2 2 2 2 2 2 2 2 2 2 2 2 2
left_child=-1 2 8 -4 -5 -6 9 -8 -2 10 12 -12 -7 -14
right_child=1 -3 3 4 5 6 7 -9 -10 -11 11 -13 13 -15
leaf_value=-0.011063610517251313 0.046524910107254985 -0.01442459358559104 -0.047136386985269688 0.038410300973503453 -0.0010707749501365803 -0.010767785750979943 -0.063013860078181258 0.029560297680397831 0.016196827049861896 0.026004884019494058 0.017438835827272563 -0.0029682655337041823 0.006057927034685006 0.015045599474898752
leaf_weight=1239 50 665 60 70 870 63 59 75 128 72 361 58 1527 326
leaf_count=1239 50 665 60 70 870 63 59 75 128 72 361 58 1527 326
internal_value=1.63052e-10 0.00312678 0.00626517 0.00533768 0.00624215 0.005582 0.00785981 -0.0112 0.024716 0.00892088 0.00839409 0.014614 0.0070339 0.00763914
internal_weight=5623 4384 3719 3541 3481 3411 2541 134 178 2407 2335 419 1916 1853
internal_count=5623 4384 3719 3541 3481 3411 2541 134 178 2407 2335 419 1916 1853
is_linear=0
shrinkage=0.05


Tree=107
num_leaves=15
num_cat=0
split_feature=16 6 5 7 16 15 15 15 0 15 4 6 18 18
split_gain=156.302 19.6157 112.671 26.938 16.9258 16.4042 119.455 23.3243 12.751 15.5812 10.8441 10.6904 9.52333 21.7427
threshold=63.860425240054873 40.150000000000013 1.0827350773302553 968.75000000000011 12.09252400548697 23.640000000000004 24.660000000000004 23.010000000000002 20.550000000000004 16.310000000000006 -0.81408451933196957 38.850000000000001 10.050000000000002 8.2500000000000018
decision_type=2 2 2 2 2 2 2 2 2 2 2 2 2 2
left_child=4 2 -2 -4 -1 7 -7 11 9 -3 -8 12 13 -5
right_child=1 8 3 5 -6 6 10 -9 -10 -11 -12 -13 -14 -15
leaf_value=-0.013280711242237146 -0.063891767617315062 0.01617035982283679 0.037079242529274019 0.0098018212732359587 -0.0048753225841291527 -0.069417592734098435 0.033562653947652121 0.041085733884336575 0.0044507685345861149 0.054735864393413075 0.0051742146611213694 -0.013416849403474174 0.0094316368394309937 -0.0095902900078326039
leaf_weight=1354 56 55 76 373 1074 55 61 52 53 50 75 61 1992 236
leaf_count=1354 56 55 76 373 1074 55 61 52 53 50 75 61 1992 236
internal_value=-1.31291e-11 0.00726704 0.00637344 0.00769341 -0.00956268 0.00692463 -0.00723864 0.00792138 0.0244434 0.0345349 0.0179073 0.00727354 0.00775878 0.00228698
internal_weight=5623 3195 3037 2981 2428 2905 191 2714 158 105 136 2662 2601 609
internal_count=5623 3195 3037 2981 2428 2905 191 2714 158 105 136 2662 2601 609
is_linear=0
shrinkage=0.05


Tree=108
num_leaves=15
num_cat=0
split_feature=16 5 5 7 9 15 7 17 9 15 14 7 15 14
split_gain=141.855 22.4554 63.0663 25.6909 16.2056 101.977 20.986 15.9245 20.6378 19.6655 14.9419 13.665 12.5197 11.5758
threshold=40.346982167352529 1.0820490108852658 1.0851213964390702 968.75000000000011 -0.3793999999999999 23.640000000000004 972.85000000000002 10.65 0.60355000000000014 10.540000000000001 12.050000000000002 968.55000000000007 20.635000000000002 15.485000000000001
decision_type=2 2 2 2 2 2 2 2 2 2 2 2 2 2
left_child=-1 11 -3 -4 5 10 12 8 -8 -10 -5 -2 13 -6
right_child=1 2 3 4 6 -7 7 -9 9 -11 -12 -13 -14 -15
leaf_value=-0.010895091239527345 0.045331850692629821 -0.04634478522654055 0.035993030595768624 -0.0050435814819653028 0.023454591509071181 -0.069577567018568529 -0.01741313628846473 0.0075674651957877877 0.024874152053465569 -0.01210883731400827 0.0076830449799837721 0.014438747495619787 0.034182857448761962 0.00072187557461715884
leaf_weight=1951 50 59 69 343 120 50 158 1643 82 64 704 126 99 105
leaf_count=1951 50 59 69 343 120 50 158 1643 82 64 704 126 99 105
internal_value=1.47147e-10 0.00578876 0.00491146 0.00579133 0.00517259 0.000182349 0.00758311 0.00562239 -0.00489 0.00866243 0.00351377 0.0232152 0.0193656 0.012846
internal_weight=5623 3672 3496 3437 3368 1097 2271 1947 304 146 1047 176 324 225
internal_count=5623 3672 3496 3437 3368 1097 2271 1947 304 146 1047 176 324 225
is_linear=0
shrinkage=0.05


Tree=109
num_leaves=15
num_cat=0
split_feature=16 7 5 18 4 16 6 14 4 18 4 4 14 0
split_gain=128.173 19.7322 18.3818 15.0346 99.3141 14.2933 11.9722 11.236 12.5157 11.5664 9.0755 15.569 12.5467 11.4525
threshold=63.860425240054873 968.1500000000002 1.0858690791537731 27.550000000000004 -0.90992662233962529 17.671536351165987 38.850000000000001 20.085000000000004 -0.71322329076259927 21.650000000000002 -0.93663652364155492 -0.96811077628253217 13.115000000000002 20.650000000000002
decision_type=2 2 2 2 2 2 2 2 2 2 2 2 2 2
left_child=5 -2 -3 6 -5 -1 7 10 9 -9 11 12 -4 -12
right_child=1 2 3 4 -6 -7 -8 8 -10 -11 13 -13 -14 -15
leaf_value=-0.011658614381873012 -0.016904967235824114 0.022522671737179562 -0.010695572224046504 -0.066463567718863498 0.020595229450417196 -0.0037522908411394247 -0.013177757054357461 0.01232079470441455 0.0062439275859883922 0.036020737919624492 0.0082181010431668262 -0.020956013914045904 0.014922874713582652 -0.010970424844618933
leaf_weight=1507 87 185 77 50 95 921 71 105 194 101 1944 79 126 81
leaf_count=1507 87 185 77 50 95 921 71 105 194 101 1944 79 126 81
internal_value=6.96359e-12 0.00658072 0.00723814 0.00627076 -0.00942505 -0.00865955 0.00709001 0.0076216 0.0153577 0.0239407 0.00628027 -0.00212341 0.00520553 0.00745056
internal_weight=5623 3195 3108 2923 145 2428 2778 2707 400 206 2307 282 203 2025
internal_count=5623 3195 3108 2923 145 2428 2778 2707 400 206 2307 282 203 2025
is_linear=0
shrinkage=0.05


Tree=110
num_leaves=15
num_cat=0
split_feature=16 6 7 7 7 0 7 18 7 14 14 13 6 3
split_gain=116.177 21.6842 60.8097 17.8521 43.3796 19.5163 16.8851 16.0866 13.8253 15.4724 10.8637 14.5309 10.7085 11.8225
threshold=38.554252400548698 39.750000000000007 968.1500000000002 971.35000000000002 971.85000000000002 12.250000000000002 974.45000000000016 25.250000000000004 971.6500000000002 19.715000000000003 13.650000000000002 -0.6843499999999999 27.050000000000004 0.9426055981926128
decision_type=2 2 2 2 2 2 2 2 2 2 2 2 2 2
left_child=-1 2 -2 7 -5 6 -6 -4 -3 -10 11 -8 13 -13
right_child=1 8 3 4 5 -7 10 -9 9 -11 -12 12 -14 -15
leaf_value=-0.0099259668512240006 -0.043247024473649538 0.041337492514091238 0.010029013791960077 -0.037758804570700299 -0.025924622135177728 0.0076744179773079986 0.027169369629330253 0.035423939817665534 0.025208184973929418 -0.009622464321553708 -0.018746509865829441 0.0065608573869348876 -0.010509335219775659 -0.011628649577881411
leaf_weight=1934 66 60 271 61 63 2009 55 81 88 50 66 541 171 107
leaf_count=1934 66 60 271 61 63 2009 55 81 88 50 66 541 171 107
internal_value=1.96098e-11 0.0052038 0.00429085 0.00520691 0.00398519 0.0048306 -0.000865547 0.0158727 0.0213002 0.0125884 0.000813944 0.00229105 0.000620344 0.00355734
internal_weight=5623 3689 3491 3425 3073 3012 1003 352 198 138 940 874 819 648
internal_count=5623 3689 3491 3425 3073 3012 1003 352 198 138 940 874 819 648
is_linear=0
shrinkage=0.05


Tree=111
num_leaves=15
num_cat=0
split_feature=16 7 7 18 8 7 16 7 18 15 7 14 8 3
split_gain=105.008 18.7588 40.8086 15.4921 93.7377 14.0962 12.4006 11.6798 9.17939 8.73672 18.4374 9.4925 13.8223 8.41827
threshold=63.860425240054873 967.95000000000016 968.75000000000011 27.550000000000004 0.60355000000000014 972.55000000000007 3.8951303155006847 971.1500000000002 18.050000000000004 11.110000000000001 974.05000000000007 10.085000000000003 -1.0000000180025095e-35 0.078456108245891859
decision_type=2 2 2 2 2 2 2 2 2 2 2 2 2 2
left_child=6 -2 -3 5 -5 7 -1 13 9 11 -11 -8 -13 -4
right_child=1 2 3 4 -6 -7 8 -9 -10 10 -12 12 -14 -15
leaf_value=-0.011810229718251006 0.03101129500858792 -0.034789482999833359 0.014731071808896327 0.019581015880285491 -0.062314179291327799 0.0056198106377248289 -0.0054742522065699892 0.026710142222362638 0.010191310882675175 0.010980052874882275 -0.018249471186801442 0.029768706421833487 -0.0024829019975820274 -0.006077982675728958
leaf_weight=1086 73 62 177 99 54 2512 752 151 97 67 277 50 99 67
leaf_count=1086 73 62 177 99 54 2512 752 151 97 67 277 50 99 67
internal_value=3.8762e-11 0.00595643 0.00537059 0.00618429 -0.00932317 0.00700047 -0.00783806 0.0157808 -0.00462362 -0.00577787 -0.0125565 -0.0031898 0.00833979 0.00901711
internal_weight=5623 3195 3122 3060 153 2907 2428 395 1342 1245 344 901 149 244
internal_count=5623 3195 3122 3060 153 2907 2428 395 1342 1245 344 901 149 244
is_linear=0
shrinkage=0.05


Tree=112
num_leaves=15
num_cat=0
split_feature=16 18 18 7 17 5 7 0 17 14 5 14 14 17
split_gain=95.4009 21.9516 82.2377 277.201 20.8465 24.8452 12.2252 11.4805 21.1198 11.1936 9.5323 9.46702 9.28064 13.8112
threshold=36.815432098765449 27.750000000000004 25.250000000000004 972.1500000000002 6.2500000000000009 1.0858690791537731 971.6500000000002 12.250000000000002 14.15 20.350000000000005 1.2035199842419433 19.815000000000001 11.815000000000003 8.9500000000000011
decision_type=2 2 2 2 2 2 2 2 2 2 2 2 2 2
left_child=-1 2 4 -4 -2 9 -3 8 12 -6 -9 -5 13 -7
right_child=1 6 3 11 5 7 -8 10 -10 -11 -12 -13 -14 -15
leaf_value=-0.0091021067659526386 -0.0248150881296689 0.038085985146987605 -0.12582970592551507 0.0010991540317441904 0.029709373399811358 0.014483821231624462 0.010781297303217743 0.006174864126752496 -0.025177863062787298 0.0030241175783130361 0.021044564356602596 0.031716478710994124 0.010660491548857631 -0.0036399396118646284
leaf_weight=1904 56 71 52 51 152 128 97 1975 74 53 114 50 258 588
leaf_count=1904 56 71 52 51 152 128 97 1975 74 53 114 50 258 588
internal_value=3.619e-11 0.00465997 0.00382442 -0.0320344 0.00543902 0.00594597 0.0223208 0.0048439 0.000573368 0.0228103 0.00698633 0.0162562 0.00252983 -0.000399938
internal_weight=5623 3719 3551 153 3398 3342 168 3137 1048 205 2089 101 974 716
internal_count=5623 3719 3551 153 3398 3342 168 3137 1048 205 2089 101 974 716
is_linear=0
shrinkage=0.05


Tree=113
num_leaves=15
num_cat=0
split_feature=16 18 18 7 7 5 17 17 14 5 6 3 0 3
split_gain=86.3383 19.2724 75.3375 250.174 17.127 11.0449 9.5819 11.9995 20.8358 9.85952 16.288 9.1036 8.94282 11.4522
threshold=44.097462277091928 27.750000000000004 25.250000000000004 972.1500000000002 968.75000000000011 1.1206319573918664 6.6500000000000012 8.9500000000000011 9.5850000000000026 1.0858690791537731 38.850000000000001 -0.58068084432175959 11.750000000000002 0.9426055981926128
decision_type=2 2 2 2 2 2 2 2 2 2 2 2 2 2
left_child=-1 2 4 -4 -2 -3 -6 -8 -9 -10 12 -5 13 -11
right_child=1 5 3 11 6 -7 7 8 9 10 -12 -13 -14 -15
leaf_value=-0.0082173203833277846 0.025944745623403126 0.029908073295069778 -0.11953822463177717 0.030604017712175847 -0.016255648584843106 0.0023201475247196009 0.020554850222213678 -0.026513646973543012 0.018419654746504879 0.0022642547850503041 -0.019685353538678851 0.00058011523648804309 0.0065720084382374661 -0.018792036827968286
leaf_weight=2038 99 115 52 50 53 53 122 53 133 507 68 51 2155 74
leaf_count=2038 99 115 52 50 53 53 122 53 133 507 68 51 2155 74
internal_value=-1.00696e-11 0.00467138 0.0038585 -0.0304327 0.0054659 0.0212047 0.00482533 0.00518436 0.0045572 0.00511789 0.00448696 0.0154434 0.00508774 -0.000417614
internal_weight=5623 3585 3417 153 3264 168 3165 3112 2990 2937 2804 101 2736 581
internal_count=5623 3585 3417 153 3264 168 3165 3112 2990 2937 2804 101 2736 581
is_linear=0
shrinkage=0.05


Tree=114
num_leaves=15
num_cat=0
split_feature=16 13 7 18 14 15 7 9 3 5 12 18 15 4
split_gain=78.1116 21.2079 78.256 223.198 14.3539 14.1529 12.0176 17.8154 13.6544 13.2761 9.37609 21.0757 20.1057 13.1274
threshold=36.815432098765449 -0.90529999999999988 971.45000000000016 23.750000000000004 10.885000000000002 11.660000000000002 971.85000000000002 -0.78654999999999986 -0.13052122218260639 1.1151075581591698 0.75015000000000021 10.050000000000002 11.610000000000001 0.35019404643548474
decision_type=2 2 2 2 2 2 2 2 2 2 2 2 2 2
left_child=-1 6 3 -3 5 -4 8 -8 9 -2 11 12 -6 -12
right_child=1 2 4 -5 10 -7 7 -9 -10 -11 13 -13 -14 -15
leaf_value=-0.0082361352493734094 0.034518223431116594 0.01181585883444294 -6.0284173067924406e-05 -0.11893584343791008 0.010267378974117732 -0.024430071294088574 -0.016650421403952547 0.01126582555243151 0.0074324986802098182 0.0073177670710720122 -0.00152853029786695 0.011924889528411982 -0.022012580800754002 0.0096463176606585294
leaf_weight=1904 150 94 481 50 95 68 74 251 171 64 705 999 98 419
leaf_count=1904 150 94 481 50 95 68 74 251 171 64 705 999 98 419
internal_value=6.80352e-11 0.00421662 0.00238251 -0.033584 0.00419026 -0.00307876 0.0119896 0.00490951 0.0179663 0.0263835 0.00591335 0.00900263 -0.00612348 0.00263718
internal_weight=5623 3719 3009 144 2865 549 710 325 385 214 2316 1192 193 1124
internal_count=5623 3719 3009 144 2865 549 710 325 385 214 2316 1192 193 1124
is_linear=0
shrinkage=0.05


Tree=115
num_leaves=15
num_cat=0
split_feature=16 7 7 7 3 16 17 13 5 4 4 13 4 0
split_gain=70.7459 17.8168 17.2296 46.0589 16.6267 9.91619 6.76247 13.3014 15.29 6.58367 7.7517 17.7082 13.2318 19.2089
threshold=63.860425240054873 968.1500000000002 971.35000000000002 971.85000000000002 0.078456108245891859 0.20980795610425237 15.050000000000002 -0.90159999999999985 1.1151075581591698 0.9681107762825325 0.32556815445715659 0.93235000000000012 -0.26722820045975981 11.950000000000001
decision_type=2 2 2 2 2 2 2 2 2 2 2 2 2 2
left_child=5 -2 4 -4 6 -1 -3 8 -8 10 12 -12 -5 -14
right_child=1 2 3 9 -6 -7 7 -9 -10 -11 11 -13 13 -15
leaf_value=-0.01074811805986365 -0.017427656002042966 0.0062233512289822102 -0.038432384654879574 0.0062972037960207679 -0.0040456542515276391 -0.0040670718456502592 0.029023605559107869 0.041621221056798607 -0.0055305509006275851 -0.0058646063941220445 0.015491790470489248 -0.0010744619499503947 -0.025521300586576506 0.0014471106140552898
leaf_weight=860 87 56 62 1408 81 1568 86 82 51 129 492 240 82 339
leaf_count=860 87 56 62 1408 81 1568 86 82 51 129 492 240 82 339
internal_value=5.1668e-11 0.00488906 0.00551376 0.00417479 0.0158644 -0.00643351 0.0217288 0.0256937 0.0161604 0.00515682 0.00571198 0.0100602 0.00397173 -0.00380564
internal_weight=5623 3195 3108 2752 356 2428 275 219 137 2690 2561 732 1829 421
internal_count=5623 3195 3108 2752 356 2428 275 219 137 2690 2561 732 1829 421
is_linear=0
shrinkage=0.05


Tree=116
num_leaves=15
num_cat=0
split_feature=16 17 6 5 7 7 14 9 15 7 18 5 18 8
split_gain=64.4242 20.7242 24.7782 90.2309 28.2737 21.5499 15.1387 13.8881 94.1979 20.8469 16.2239 12.6761 11.6152 9.66329
threshold=35.129698216735271 6.2500000000000009 39.750000000000007 1.083469849474429 968.75000000000011 971.6500000000002 19.715000000000003 -0.3793999999999999 23.640000000000004 972.85000000000002 23.750000000000004 1.0941836531032012 24.350000000000005 -0.91594999999999993
decision_type=2 2 2 2 2 2 2 2 2 2 2 2 2 2
left_child=-1 -2 3 -3 -5 -4 -7 8 11 10 -9 -6 -13 -11
right_child=1 2 5 4 7 6 -8 9 -10 13 -12 12 -14 -15
leaf_value=-0.0076584947945937815 -0.025661115031058002 -0.060291571590033448 0.047121340858525249 0.034216273259129619 -0.016016721352934839 0.023440436110070361 -0.011157423870638013 0.0111394710159545 -0.068084806501865394 -0.0037574168162173649 0.037112538282526662 0.0024850764501629973 0.026561176323525188 0.0054793083719873042
leaf_weight=1845 59 55 58 77 88 86 50 242 50 343 80 914 53 1623
leaf_count=1845 59 55 58 77 88 86 50 242 50 343 80 914 53 1623
internal_value=1.75538e-10 0.00374005 0.00420649 0.00324905 0.00425617 0.0216033 0.0107206 0.00357627 -0.0010268 0.00579934 0.0175924 0.00215131 0.00380466 0.00386781
internal_weight=5623 3778 3719 3525 3470 194 136 3393 1105 2288 322 1055 967 1966
internal_count=5623 3778 3719 3525 3470 194 136 3393 1105 2288 322 1055 967 1966
is_linear=0
shrinkage=0.05


Tree=117
num_leaves=15
num_cat=0
split_feature=16 15 18 7 18 15 7 18 17 16 8 7 7 4
split_gain=58.5978 19.0826 95.7146 281.093 20.0941 19.2435 16.7707 12.5489 10.5668 8.40658 8.32013 7.97197 9.86487 9.49206
threshold=63.860425240054873 23.760000000000002 25.250000000000004 972.1500000000002 25.050000000000004 26.110000000000003 972.75000000000011 10.350000000000003 19.150000000000002 0.20980795610425237 1.0000000180025095e-35 974.35000000000002 974.85000000000002 -0.73724926354828213
decision_type=2 2 2 2 2 2 2 2 2 2 2 2 2 2
left_child=9 2 6 -4 -3 -6 7 -2 -5 -1 -9 13 -13 -8
right_child=1 4 3 8 5 -7 11 10 -10 -11 -12 12 -14 -15
leaf_value=-0.0098277873493633552 -0.0012613629314060116 -0.0017767024858866211 -0.13126562541606379 -0.0036478982077560564 0.045218142135495167 0.0091950058884946503 -0.018285993267508113 0.024747664338153175 0.026538147874176507 -0.0036762770413291466 0.0084633591046079631 0.023574459316111657 0.0040891830876781075 0.0064810377873585267
leaf_weight=860 98 81 51 69 83 67 85 223 50 1568 121 67 2129 71
leaf_count=860 98 81 51 69 83 67 85 223 50 1568 121 67 2129 71
internal_value=2.58073e-11 0.00444955 0.0033708 -0.033055 0.0182912 0.0291278 0.00558711 0.014523 0.00903531 -0.00585515 0.0190198 0.00390782 0.00468368 -0.00701382
internal_weight=5623 3195 2964 170 231 150 2794 442 119 2428 344 2352 2196 156
internal_count=5623 3195 2964 170 231 150 2794 442 119 2428 344 2352 2196 156
is_linear=0
shrinkage=0.05


Tree=118
num_leaves=15
num_cat=0
split_feature=16 13 7 4 17 8 4 7 9 7 3 5 17 17
split_gain=53.0367 19.1951 73.9074 212.957 13.5373 12.6453 15.9558 11.4645 15.4171 14.5713 16.4849 24.5567 10.3718 22.6518
threshold=33.496227709190677 -0.90529999999999988 971.45000000000016 -0.64942331933852315 10.65 -0.78654999999999986 0.70088257582277247 971.85000000000002 -0.78654999999999986 971.25000000000011 -0.20791169081775965 1.1147654903584596 9.0500000000000025 7.9500000000000011
decision_type=2 2 2 2 2 2 2 2 2 2 2 2 2 2
left_child=-1 7 3 -3 5 6 -4 9 -9 10 11 -2 13 -7
right_child=1 2 4 -5 -6 12 -8 8 -10 -11 -12 -13 -14 -15
leaf_value=-0.0069966830145715411 0.036591032400209424 -0.091732758527000746 -0.036812001029992929 0.029527872095682792 0.0050465295522075272 -0.0061511177890082843 -3.4656087712695202e-05 -0.016230666350472617 0.0096921997776656769 0.040907581600378148 0.0015575544244308629 -0.0044891007596029424 -0.0054890537941552544 0.031060020199479305
leaf_weight=1828 116 75 58 70 2361 93 60 74 255 53 167 53 287 73
leaf_count=1828 116 75 58 70 2361 93 60 74 255 53 167 53 287 73
internal_value=1.40913e-13 0.00337021 0.00165247 -0.0331931 0.00337573 -0.00353276 -0.0181117 0.0107316 0.00386152 0.016542 0.0126987 0.0237079 0.000264832 0.0102128
internal_weight=5623 3795 3077 145 2932 571 118 718 329 389 336 169 453 166
internal_count=5623 3795 3077 145 2932 571 118 718 329 389 336 169 453 166
is_linear=0
shrinkage=0.05


Tree=119
num_leaves=15
num_cat=0
split_feature=16 7 7 7 15 13 5 14 17 17 3 5 12 17
split_gain=48.2526 17.5952 15.5307 47.2812 18.9608 24.8071 10.4984 9.98775 10.2419 9.2338 18.2583 8.63513 10.6686 9.36664
threshold=66.364266117969848 968.1500000000002 971.35000000000002 971.85000000000002 17.925000000000004 -0.90159999999999985 1.1141749908671239 9.1500000000000021 10.65 9.9500000000000011 0.13917310096006541 1.1930286848109921 0.41400000000000009 11.950000000000001
decision_type=2 2 2 2 2 2 2 2 2 2 2 2 2 2
left_child=-1 -2 4 -4 -3 6 -6 -5 9 10 -9 -10 13 -13
right_child=1 2 3 7 5 -7 -8 8 11 -11 -12 12 -14 -15
leaf_value=-0.0052387812544323134 -0.018078582172935037 0.0016856487769680688 -0.040083273991820267 0.025524713099002838 0.023491691548047186 0.049645920442556273 -0.0057853479729965337 -0.014185086363189235 0.0037435816883990025 -0.018416529191333963 0.024075786100531169 -0.011405236997687427 0.022929633545822333 0.012463667659672894
leaf_weight=2467 87 158 61 55 79 67 50 72 2053 92 55 61 140 126
leaf_count=2467 87 158 61 55 79 67 50 72 2053 92 55 61 140 126
internal_value=1.4512e-10 0.00409508 0.00472366 0.00343931 0.014574 0.0249635 0.012144 0.00443964 0.00399344 -0.00635378 0.00238458 0.00494556 0.0124919 0.00467755
internal_weight=5623 3156 3069 2715 354 196 129 2654 2599 219 127 2380 327 187
internal_count=5623 3156 3069 2715 354 196 129 2654 2599 219 127 2380 327 187
is_linear=0
shrinkage=0.05


Tree=120
num_leaves=15
num_cat=0
split_feature=16 7 7 17 18 18 7 18 15 17 8 17 3 7
split_gain=44.1674 19.1762 26.1623 15.0118 13.1006 104.696 15.2569 19.6872 11.4544 12.5299 11.8039 9.57867 9.98253 12.6213
threshold=33.496227709190677 967.95000000000016 968.75000000000011 6.2500000000000009 27.550000000000004 28.950000000000003 972.55000000000007 24.550000000000004 7.8900000000000015 10.65 -0.78654999999999986 9.0500000000000025 -0.62249093318774784 988.75000000000011
decision_type=2 2 2 2 2 2 2 2 2 2 2 2 2 2
left_child=-1 -2 -3 -4 6 -6 7 -5 -8 10 -10 -12 -13 -14
right_child=1 2 3 4 5 -7 8 -9 9 -11 11 12 13 -15
leaf_value=-0.0063849098260863246 0.028278947022516987 -0.028154695721562296 -0.022312275545769616 0.0091276808181104292 -0.070346065513789663 0.017165848639517749 0.020609350070315467 0.04250766754150391 -0.020862548689833504 0.0038569048648039541 0.011783122143575124 0.011297973670208683 -0.020925780801962203 0.0035952123707499017
leaf_weight=1828 74 68 57 379 50 108 89 50 94 2438 105 65 130 88
leaf_count=1828 74 68 57 379 50 108 89 50 94 2438 105 65 130 88
internal_value=1.11104e-10 0.00307552 0.0025743 0.00314632 0.00354986 -0.0105278 0.00419682 0.0130181 0.00293915 0.00240057 -0.00496568 -0.00111437 -0.00589966 -0.0110274
internal_weight=5623 3795 3721 3653 3596 158 3438 429 3009 2920 482 388 283 218
internal_count=5623 3795 3721 3653 3596 158 3438 429 3009 2920 482 388 283 218
is_linear=0
shrinkage=0.05


Tree=121
num_leaves=15
num_cat=0
split_feature=16 15 15 7 7 9 3 15 7 3 9 13 0 7
split_gain=39.9351 18.9081 77.5291 30.5453 17.0769 13 12.6803 10.6139 10.16 15.6323 9.81289 8.09183 8.40188 13.8979
threshold=31.914197530864186 23.760000000000002 23.275000000000002 968.1500000000002 972.75000000000011 -1.0000000180025095e-35 -0.53727914962411594 17.925000000000004 974.1500000000002 -0.6883283652607477 -1.0000000180025095e-35 -0.92599999999999982 14.950000000000001 978.85000000000002
decision_type=2 2 2 2 2 2 2 2 2 2 2 2 2 2
left_child=-1 2 3 -2 7 -3 -7 -5 9 -6 -11 -10 13 -13
right_child=1 5 -4 4 8 6 -8 -9 11 10 -12 12 -14 -15
leaf_value=-0.0061939379294906321 -0.031063873213357653 0.031706008109986111 -0.056395644281292338 0.0072114701371246625 0.010721189580284632 -0.0066137920501396844 0.023223390813861322 0.023241940871077151 0.017315467991965247 -0.034543989335411578 -0.0062528528731602894 -0.010841482561412872 0.0062096060592208117 0.0021114079514518379
leaf_weight=1779 65 89 56 322 65 76 67 152 94 58 65 239 945 1551
leaf_count=1779 65 89 56 322 65 76 67 152 94 58 65 239 945 1551
internal_value=5.58638e-11 0.00286655 0.00197781 0.00289708 0.00352941 0.0167032 0.00736587 0.012352 0.00214329 -0.00911228 -0.0195934 0.00289127 0.00239552 0.000381944
internal_weight=5623 3844 3612 3556 3491 232 143 474 3017 188 123 2829 2735 1790
internal_count=5623 3844 3612 3556 3491 232 143 474 3017 188 123 2829 2735 1790
is_linear=0
shrinkage=0.05


Tree=122
num_leaves=15
num_cat=0
split_feature=16 7 7 18 3 18 12 5 5 17 16 12 15 18
split_gain=36.2779 17.0826 34.0428 14.9859 88.7061 11.4469 14.5398 7.01886 14.1513 6.97501 6.87386 6.20411 8.9717 11.3056
threshold=68.932716049382734 967.95000000000016 968.75000000000011 27.550000000000004 -0.41467745240824966 24.550000000000004 0.29345000000000004 1.0858690791537731 1.0890104437659096 9.0500000000000025 0.20980795610425237 0.79385000000000006 11.475000000000003 8.7500000000000018
decision_type=2 2 2 2 2 2 2 2 2 2 2 2 2 2
left_child=10 -2 -3 5 -5 7 -7 -4 -9 -10 -1 -12 13 -13
right_child=1 2 3 4 -6 6 -8 8 9 -11 11 12 -14 -15
leaf_value=-0.0080956823231657787 0.027509332106333891 -0.033636615461399476 0.014948178371759477 0.017077577599723424 -0.062263513180342595 0.032317703828306461 0.0022609570829928679 -0.021165663357181799 0.017725963861649409 0.0033124686967217266 -2.1143740777466678e-05 -0.013221803190175855 -0.016003784282399076 0.0025505074335746129
leaf_weight=860 73 62 135 98 55 82 79 58 87 2383 972 173 175 331
leaf_count=860 73 62 135 98 55 82 79 58 87 2383 972 173 175 331
internal_value=7.10376e-11 0.00360754 0.00303339 0.00379709 -0.0114437 0.00462282 0.0175694 0.00384009 0.0032469 0.00382015 -0.00447099 -0.0025829 -0.0062501 -0.0028634
internal_weight=5623 3112 3039 2977 153 2824 161 2663 2528 2470 2511 1651 679 504
internal_count=5623 3112 3039 2977 153 2824 161 2663 2528 2470 2511 1651 679 504
is_linear=0
shrinkage=0.05


Tree=123
num_leaves=15
num_cat=0
split_feature=16 18 18 7 7 7 17 5 5 15 11 3 0 17
split_gain=33.072 18.9873 65.4353 212.99 17.1334 12.1345 10.1281 9.6966 13.9863 10.0488 9.83335 8.40556 7.62555 17.1461
threshold=31.914197530864186 27.750000000000004 25.250000000000004 972.1500000000002 968.75000000000011 971.6500000000002 6.2500000000000009 1.0858690791537731 1.0890104437659096 7.2100000000000009 -0.93299999999999994 -0.58068084432175959 12.250000000000002 14.15
decision_type=2 2 2 2 2 2 2 2 2 2 2 2 2 2
left_child=-1 2 4 -4 -2 -3 -6 -8 -9 -10 -11 -5 13 -12
right_child=1 5 3 11 6 -7 7 8 9 10 12 -13 -14 -15
leaf_value=-0.0056366351153110967 0.023337882666767226 0.034736075231306993 -0.11237288042992498 0.026741646558046339 -0.017721339588363968 0.0075915523101480649 0.015301389886892639 -0.019217855595562557 0.023016488036049193 0.012174414636551905 -5.7853388926745711e-05 -0.0021082289663015628 0.0036439500177079254 -0.026408534765130644
leaf_weight=1779 103 71 52 50 60 98 153 73 61 243 955 51 1808 66
leaf_count=1779 103 71 52 50 60 98 153 73 61 243 955 51 1808 66
internal_value=1.37846e-11 0.00260863 0.00185506 -0.0301557 0.00324565 0.0189955 0.00264035 0.00300406 0.0024172 0.0029213 0.00252228 0.0121739 0.00169319 -0.00176123
internal_weight=5623 3844 3675 153 3522 169 3419 3359 3206 3133 3072 101 2829 1021
internal_count=5623 3844 3675 153 3522 169 3419 3359 3206 3133 3072 101 2829 1021
is_linear=0
shrinkage=0.05


Tree=124
num_leaves=15
num_cat=0
split_feature=16 15 15 7 4 7 15 9 5 9 14 17 17 14
split_gain=29.9405 16.3697 70.0158 30.3599 15.746 13.4788 18.6094 12.5999 8.72016 6.81546 12.5957 6.77852 11.0109 13.1677
threshold=44.097462277091928 23.760000000000002 23.275000000000002 968.1500000000002 -0.84335933205092484 971.85000000000002 17.925000000000004 -1.0000000180025095e-35 1.1109637249361912 -0.60354999999999992 15.250000000000002 6.9500000000000011 8.9500000000000011 9.5850000000000026
decision_type=2 2 2 2 2 2 2 2 2 2 2 2 2 2
left_child=-1 2 3 -2 -3 6 9 -6 -8 -5 -11 -7 -13 -14
right_child=1 4 -4 5 7 11 8 -9 -10 10 -12 12 13 -15
leaf_value=-0.0048390282070027964 -0.031029138009135537 0.031238076362366741 -0.05357700315902808 -0.010391772602652682 0.023837842307281948 -0.015499934353507484 0.041239801060694914 -0.0072961962005744386 0.013913643824042017 0.020654208543805445 -0.0085867755493875281 0.018375884902370337 -0.023324553346261382 0.0025719047131690666
leaf_weight=2038 65 95 56 58 53 52 65 84 53 98 59 108 50 2689
leaf_count=2038 65 95 56 58 53 52 65 84 53 98 59 108 50 2689
internal_value=-1.20028e-11 0.00275089 0.00186215 0.00280379 0.0155954 0.00348422 0.0130114 0.00474836 0.0289662 0.00425474 0.00966556 0.00238987 0.00271662 0.00209917
internal_weight=5623 3585 3353 3297 232 3232 333 137 118 215 157 2899 2847 2739
internal_count=5623 3585 3353 3297 232 3232 333 137 118 215 157 2899 2847 2739
is_linear=0
shrinkage=0.05


Tree=125
num_leaves=15
num_cat=0
split_feature=16 7 7 15 15 15 7 18 12 0 15 17 5 17
split_gain=27.3015 18.49 31.2431 15.5765 96.6497 22.9934 8.95903 9.7979 11.1469 9.52129 8.69773 9.25194 10.0848 10.0162
threshold=74.266735253772282 967.95000000000016 968.75000000000011 23.640000000000004 24.475000000000005 23.010000000000002 972.75000000000011 10.350000000000003 0.074150000000000008 15.750000000000002 8.2250000000000032 10.65 1.1930286848109921 9.7500000000000018
decision_type=2 2 2 2 2 2 2 2 2 2 2 2 2 2
left_child=-1 -2 -3 5 -5 6 7 -4 9 -9 -8 13 -13 -12
right_child=1 2 3 4 -6 -7 10 8 -10 -11 11 12 -14 -15
leaf_value=-0.003795946684384969 0.028235037262654968 -0.032529780340771523 -0.0050861844884868912 -0.068173532096563655 0.0098534724704591164 0.035779428370950515 0.022156063180670822 0.022191035814583301 0.035577822724978135 0.0019604048875944435 0.0025685368411202908 0.001555168770633086 0.011605290404786564 -0.021033871079655903
leaf_weight=2571 72 62 76 53 158 57 55 100 54 139 93 1755 291 87
leaf_count=2571 72 62 76 53 158 57 55 100 54 139 93 1755 291 87
internal_value=-3.07787e-11 0.0031977 0.00259277 0.00333903 -0.00974573 0.00435894 0.0036831 0.0109113 0.0150608 0.0104251 0.0025138 0.00202848 0.00298458 -0.00883929
internal_weight=5623 3052 2980 2918 211 2707 2650 369 293 239 2281 2226 2046 180
internal_count=5623 3052 2980 2918 211 2707 2650 369 293 239 2281 2226 2046 180
is_linear=0
shrinkage=0.05


Tree=126
num_leaves=15
num_cat=0
split_feature=17 6 5 1 1 7 14 1 18 7 14 17 15 1
split_gain=14.3111 14.9775 67.9138 18.3571 121.531 28.301 17.2083 15.7893 16.3642 15.7513 14.4014 14.0108 9.97222 9.87006
threshold=6.2500000000000009 39.750000000000007 1.0827350773302553 30.437473034493614 30.989626740334767 968.75000000000011 19.050000000000004 34.578625828302272 23.750000000000004 968.85000000000002 19.985000000000003 19.650000000000002 14.360000000000001 16.2195151090839
decision_type=2 2 2 2 2 2 2 2 2 2 2 2 2 2
left_child=-1 2 -2 5 -5 -4 11 8 -6 -3 12 13 -11 -7
right_child=1 9 3 4 7 6 -8 -9 -10 10 -12 -13 -14 -15
leaf_value=-0.0084910211665964307 -0.045602877913042905 0.036949809311943894 0.039345478032733881 -0.081329108506441122 -0.00033765316198943027 -0.0016922516908917141 0.01184900976953311 -0.0058003041677690426 0.025129742962213198 0.0054747319181969525 -0.0083141054951049627 -0.022824653050666978 0.032034079792598889 0.0037165577133141817
leaf_weight=456 80 51 51 50 177 1599 387 582 98 86 99 62 60 1785
leaf_count=456 80 51 51 50 177 1599 387 582 98 86 99 62 60 1785
internal_value=2.91538e-11 0.000749353 8.57504e-05 0.000848658 -0.00555599 0.00234428 0.00185197 -0.00113515 0.008738 0.0116696 0.00640725 0.000729256 0.0163895 0.0011608
internal_weight=5623 5167 4871 4791 907 3884 3833 857 275 296 245 3446 146 3384
internal_count=5623 5167 4871 4791 907 3884 3833 857 275 296 245 3446 146 3384
is_linear=0
shrinkage=0.05


Tree=127
num_leaves=15
num_cat=0
split_feature=16 14 0 9 18 18 7 7 7 7 17 17 14 17
split_gain=22.867 15.9278 78.2597 112.539 35.9271 123.672 22.4937 18.7594 11.1368 8.86267 5.48549 11.6991 24.0221 9.99084
threshold=28.901165980795611 22.150000000000002 22.050000000000004 -0.3793999999999999 25.750000000000004 24.550000000000004 973.25000000000011 968.75000000000011 972.1500000000002 970.35000000000002 6.2500000000000009 8.9500000000000011 9.5850000000000026 8.0500000000000025
decision_type=2 2 2 2 2 2 2 2 2 2 2 2 2 2
left_child=-1 2 4 -4 5 7 -6 -2 9 -3 -9 13 -13 -12
right_child=1 8 3 -5 6 -7 -8 10 -10 -11 11 12 -14 -15
leaf_value=-0.0047931083838064804 0.029261034440535766 0.013793820399334845 -0.089335591966907185 0.010021759190580301 0.051772418332153139 -0.072274203665022338 0.010958620980381965 -0.012723287524747069 0.0047873700662106975 0.039494663403899066 0.0035712045508878841 -0.022763825785748815 0.0024238280935492637 0.024882390364570527
leaf_weight=1725 65 98 57 57 56 56 85 61 214 51 118 98 2779 103
leaf_count=1725 65 98 57 57 56 56 85 61 214 51 118 98 2779 103
internal_value=3.3866e-11 0.00212112 0.00109691 -0.0396569 0.00245498 0.0013926 0.0271684 0.00267218 0.0120951 0.0225908 0.00212508 0.00241745 0.00156585 0.0135036
internal_weight=5623 3898 3535 114 3421 3280 141 3224 363 149 3159 3098 2877 221
internal_count=5623 3898 3535 114 3421 3280 141 3224 363 149 3159 3098 2877 221
is_linear=0
shrinkage=0.05


Tree=128
num_leaves=15
num_cat=0
split_feature=17 6 5 7 0 0 18 12 0 5 0 14 5 0
split_gain=11.9899 14.6834 127.158 18.0461 16.7784 106.633 21.9444 20.6133 14.954 12.0498 10.8966 10.5753 12.339 10.189
threshold=6.2500000000000009 38.550000000000004 1.0864747737758276 968.85000000000002 22.050000000000004 22.450000000000003 25.250000000000004 -0.23644999999999997 25.050000000000004 1.1144919234709187 21.350000000000005 15.085000000000003 1.0858690791537731 11.750000000000002
decision_type=2 2 2 2 2 2 2 2 2 2 2 2 2 2
left_child=-1 2 -2 -3 6 -6 13 -8 -7 -9 11 12 -5 -4
right_child=1 3 4 10 5 8 7 9 -10 -11 -12 -13 -14 -15
leaf_value=-0.0077719709149198278 -0.077189696843753444 0.029255767055692966 -0.0017413126790044174 0.012562070001259376 -0.076475160703063025 0.0087275315117786717 0.045678971034403035 0.023653267998105059 -0.0058948046075762463 -0.006791918173951742 -0.0071493595170870651 0.022522035542708596 -0.015812892665465674 0.0036333479289288647
leaf_weight=456 53 89 1571 106 50 257 52 65 547 65 136 106 60 2010
leaf_count=456 53 89 1571 106 50 257 52 65 547 65 136 106 60 2010
internal_value=2.22769e-11 0.000685895 -0.000183635 0.00885632 0.000700342 -0.00562675 0.00213625 0.019073 -0.00122075 0.00843067 0.00440644 0.0101843 0.00230606 0.00127546
internal_weight=5623 5167 4670 497 4617 854 3763 182 804 130 408 272 166 3581
internal_count=5623 5167 4670 497 4617 854 3763 182 804 130 408 272 166 3581
is_linear=0
shrinkage=0.05


Tree=129
num_leaves=15
num_cat=0
split_feature=16 7 7 18 18 18 7 3 5 5 11 5 5 8
split_gain=18.67 15.2103 16.8547 14.1071 92.4758 15.0992 14.8764 13.4073 7.26353 13.3325 8.30161 6.97858 6.77026 6.7608
threshold=28.901165980795611 968.1500000000002 968.75000000000011 27.550000000000004 28.950000000000003 24.550000000000004 972.6500000000002 -0.58068084432175959 1.0858690791537731 1.0890104437659096 -0.93299999999999994 1.1046113561342328 1.0796802329729027 -0.91594999999999993
decision_type=2 2 2 2 2 2 2 2 2 2 2 2 2 2
left_child=-1 -2 -3 5 -5 8 -7 -8 12 -10 11 -11 -4 -12
right_child=1 2 3 4 -6 6 7 -9 9 10 13 -13 -14 -15
leaf_value=-0.0043309604150312282 -0.018516242336691097 0.030129377709494698 0.0021892681311155801 -0.068846376691712063 0.013399782957491913 0.040214548848569398 0.022801933638633243 -0.011873735755681993 -0.019848264707252386 0.020473639163232984 -0.0053674479857097812 0.0035480105062617507 0.023023428990469351 0.0020428884802913987
leaf_weight=1725 89 54 79 50 108 50 63 50 72 105 349 145 77 2607
leaf_count=1725 89 54 79 50 108 50 63 50 72 105 349 145 77 2607
internal_value=4.1751e-12 0.0019166 0.00239403 0.00199517 -0.0126275 0.00263748 0.0175065 0.00745872 0.0019317 0.00143005 0.00190791 0.0106568 0.0124728 0.00116799
internal_weight=5623 3898 3809 3755 158 3597 163 113 3434 3278 3206 250 156 2956
internal_count=5623 3898 3809 3755 158 3597 163 113 3434 3278 3206 250 156 2956
is_linear=0
shrinkage=0.05


Tree=130
num_leaves=15
num_cat=0
split_feature=16 7 7 15 4 15 15 7 7 4 15 4 6 9
split_gain=16.9671 15.6713 32.4102 15.4081 87.5309 19.7736 12.3766 7.94424 7.33531 16.405 7.20547 8.92628 8.75958 8.71716
threshold=63.860425240054873 967.95000000000016 968.75000000000011 23.640000000000004 -0.90992662233962529 23.010000000000002 24.985000000000003 972.55000000000007 974.1500000000002 -0.84335933205092484 17.925000000000004 -0.90255091666790832 31.950000000000003 0.37940000000000002
decision_type=2 2 2 2 2 2 2 2 2 2 2 2 2 2
left_child=-1 -2 -3 5 -5 7 -6 10 9 -9 11 -4 -12 -13
right_child=1 2 3 4 6 -7 -8 8 -10 -11 12 13 -14 -15
leaf_value=-0.0031506569323198896 0.025294631826755121 -0.033930954745700286 -0.0062025553760462378 -0.066766045190608844 0.025644919018215334 0.032702791315029588 -0.00304248280525065 -0.026478147866125679 0.0027061550836809515 0.0044635553870143166 0.0082886602466359077 0.0030570034618937862 0.035615702470143638 0.02913831025362015
leaf_weight=2428 73 62 103 52 61 57 98 71 2256 108 69 81 51 53
leaf_count=2428 73 62 103 52 61 57 98 71 2256 108 69 81 51 53
internal_value=-6.17298e-11 0.0023943 0.00185884 0.00258399 -0.0104534 0.00354955 0.00796338 0.00295437 0.00193314 -0.00780941 0.0099199 0.00486534 0.0199027 0.0133727
internal_weight=5623 3195 3122 3060 211 2849 159 2792 2435 179 357 237 120 134
internal_count=5623 3195 3122 3060 211 2849 159 2792 2435 179 357 237 120 134
is_linear=0
shrinkage=0.05


Tree=131
num_leaves=15
num_cat=0
split_feature=16 15 18 7 18 15 7 17 17 17 17 8 17 5
split_gain=15.5841 15.0467 76.5651 262.111 17.7395 17.586 17.1659 8.53806 6.95804 9.10787 13.4722 8.54291 8.86966 6.86463
threshold=28.901165980795611 23.760000000000002 25.250000000000004 972.1500000000002 25.050000000000004 26.110000000000003 968.75000000000011 19.150000000000002 6.2500000000000009 8.9500000000000011 9.4500000000000011 -0.78654999999999986 8.1500000000000004 1.0858690791537731
decision_type=2 2 2 2 2 2 2 2 2 2 2 2 2 2
left_child=-1 2 6 -4 -3 -6 -2 -5 -8 11 -11 -10 -13 -12
right_child=1 4 3 7 5 -7 8 -9 9 10 13 12 -14 -15
leaf_value=-0.0039568792879319942 0.023437748977448793 -0.0047776761566817672 -0.12671942081046747 -0.0030266987753087937 0.039465291519896022 0.0051201695395605776 -0.014598631930928078 0.023636602522695768 -0.0052093723530156752 -0.015825661274421716 0.013334347101460612 0.0070837531678869838 0.030141242744715569 0.0017148810706326769
leaf_weight=1725 96 81 51 73 84 67 62 51 54 107 133 91 77 2871
leaf_count=1725 96 81 51 73 84 67 62 51 54 107 133 91 77 2871
internal_value=6.57598e-11 0.00175106 0.000969578 -0.0313038 0.0140998 0.0242261 0.00258741 0.00793966 0.00199783 0.00230655 0.00160834 0.012091 0.0176518 0.00222932
internal_weight=5623 3898 3666 175 232 151 3491 124 3395 3333 3111 222 168 3004
internal_count=5623 3898 3666 175 232 151 3491 124 3395 3333 3111 222 168 3004
is_linear=0
shrinkage=0.05


Tree=132
num_leaves=15
num_cat=0
split_feature=16 7 7 18 0 18 7 3 18 18 13 9 8 0
split_gain=14.2888 15.5859 29.4751 14.5612 89.5133 11.3541 16.0817 11.9611 7.18906 14.6366 11.2726 11.7666 11.1638 9.79906
threshold=74.266735253772282 967.95000000000016 968.75000000000011 27.550000000000004 22.050000000000004 24.550000000000004 972.6500000000002 -0.5948001377222607 16.450000000000003 14.750000000000002 0.98365000000000002 -0.60354999999999992 0.78655000000000008 14.950000000000001
decision_type=2 2 2 2 2 2 2 2 2 2 2 2 2 2
left_child=-1 -2 -3 5 -5 8 -7 -8 9 10 -4 -12 -11 -10
right_child=1 2 3 4 -6 6 7 -9 13 12 11 -13 -14 -15
leaf_value=-0.0027461530689329586 0.025300562257568045 -0.032356346254387207 0.0037279968262059469 0.017977293243416414 -0.060757768166772391 0.03974165686871857 0.020450584712575694 -0.01253832394629717 -0.0095714121070421751 0.0096216572398880457 0.0058046032367515023 -0.023852420869413055 0.034289998712681111 0.0023391309606883145
leaf_weight=2571 72 62 1406 93 59 50 61 50 253 206 58 79 59 544
leaf_count=2571 72 62 1406 93 59 50 61 50 253 206 58 79 59 544
internal_value=5.50638e-11 0.00231336 0.00175796 0.0024828 -0.0125843 0.00331079 0.0161966 0.00559072 0.00251439 0.00425833 0.00239397 -0.0112969 0.0151139 -0.00144176
internal_weight=5623 3052 2980 2918 152 2766 161 111 2605 1808 1543 137 265 797
internal_count=5623 3052 2980 2918 152 2766 161 111 2605 1808 1543 137 265 797
is_linear=0
shrinkage=0.05


Tree=133
num_leaves=15
num_cat=0
split_feature=16 18 18 7 7 7 14 0 17 17 14 15 8 0
split_gain=13.1125 16.6545 62.8714 189.764 13.4749 11.0714 7.55068 5.4498 5.24144 8.05186 16.9973 14.2316 9.02226 8.5644
threshold=18.742043895747596 27.750000000000004 25.250000000000004 972.1500000000002 968.75000000000011 971.6500000000002 19.815000000000001 19.550000000000004 5.9500000000000011 9.0500000000000025 9.5850000000000026 9.0600000000000023 -0.78654999999999986 10.850000000000003
decision_type=2 2 2 2 2 2 2 2 2 2 2 2 2 2
left_child=-1 2 4 -4 7 -3 -5 -2 -6 12 11 -11 -10 -14
right_child=1 5 3 6 8 -7 -8 -9 9 10 -12 -13 13 -15
leaf_value=-0.0039580296782450375 0.030972191494590837 0.031862046239031876 -0.10826232343052443 -0.0042395301022619567 -0.011590540137242627 0.0059888906997976584 0.022847329869866373 0.0084029368642303676 -0.0060407960131183928 -0.033184565556450531 0.0018266726017601752 0.00073305847975662199 0.0087660623145186245 0.030587701954073829
leaf_weight=1525 53 71 52 53 74 99 50 54 73 65 3147 59 189 59
leaf_count=1525 53 71 52 53 74 99 50 54 73 65 3147 59 189 59
internal_value=5.32078e-13 0.00147291 0.000809799 -0.0303998 0.00209193 0.0167947 0.00890943 0.0195821 0.00158144 0.0018528 0.00111122 -0.0170463 0.0094096 0.0139575
internal_weight=5623 4098 3928 155 3773 170 103 107 3666 3592 3271 124 321 248
internal_count=5623 4098 3928 155 3773 170 103 107 3666 3592 3271 124 321 248
is_linear=0
shrinkage=0.05


Tree=134
num_leaves=15
num_cat=0
split_feature=16 7 7 7 8 7 15 13 15 7 3 4 6 18
split_gain=11.9114 16.5028 15.0783 18.0728 138.12 14.4493 13.4961 9.09742 6.03959 6.07051 11.58 11.0481 10.4485 7.1172
threshold=74.266735253772282 968.1500000000002 969.95000000000016 971.45000000000016 0.78655000000000008 971.85000000000002 15.290000000000001 -0.91594999999999993 8.0600000000000023 989.55000000000007 0.38266886095259306 0.9482875459472353 24.650000000000002 12.950000000000001
decision_type=2 2 2 2 2 2 2 2 2 2 2 2 2 2
left_child=-1 -2 7 4 6 -5 -4 -3 -7 11 -11 13 -13 -10
right_child=1 2 3 5 -6 8 -8 -9 9 10 -12 12 -14 -15
leaf_value=-0.0025073149041085693 -0.019479849336798805 0.0081732461948205923 -0.0090952929328469677 0.029599495832342657 -0.084512191711459309 0.019324893110360092 0.02273286268270264 0.032384652396043143 -0.0016692313434382884 0.029117881426853794 0.0042108739276799116 -0.026082787151847572 0.0036719671706212501 0.004372707656715589
leaf_weight=2571 86 101 51 50 50 52 96 63 801 56 280 70 51 1245
leaf_count=2571 86 101 51 50 50 52 96 63 801 56 280 70 51 1245
internal_value=-2.8065e-11 0.00211216 0.00273822 0.00187575 -0.0127265 0.00298002 0.0116904 0.017474 0.00245909 0.0021087 0.00836204 0.00113911 -0.0135415 0.00200732
internal_weight=5623 3052 2966 2802 197 2605 147 164 2555 2503 336 2167 121 2046
internal_count=5623 3052 2966 2802 197 2605 147 164 2555 2503 336 2167 121 2046
is_linear=0
shrinkage=0.05


Tree=135
num_leaves=15
num_cat=0
split_feature=16 14 14 7 9 18 18 7 3 17 5 5 17 14
split_gain=11.1571 15.1624 67.4405 39.7084 13.0041 17.558 12.6097 19.7346 9.63887 6.54217 19.758 7.6656 7.36501 12.3751
threshold=11.29567901234568 22.315000000000001 21.885000000000002 968.1500000000002 -1.0000000180025095e-35 25.750000000000004 24.550000000000004 972.25000000000011 -0.50751903745502724 5.9500000000000011 1.1168443661524072 1.0858690791537731 8.9500000000000011 10.085000000000003
decision_type=2 2 2 2 2 2 2 2 2 2 2 2 2 2
left_child=-1 2 3 -2 5 -3 9 -8 -9 10 -5 -11 -13 -14
right_child=1 4 -4 6 -6 -7 7 8 -10 11 -12 12 13 -15
leaf_value=-0.0039994643306482799 -0.041023130308498038 0.01037360579982676 -0.053156592064248082 -0.033252819666925532 0.0023170123759266594 0.045970294843701756 0.039846593003582072 0.016474503896346217 -0.009644007654578398 0.012200390455479963 0.0093673742359928931 0.0077142231493657412 -0.0092881541711149502 0.0012448829612715824
leaf_weight=1331 55 108 58 52 186 51 54 76 66 159 57 361 311 2698
leaf_count=1331 55 108 58 52 186 51 54 76 66 159 57 361 311 2698
internal_value=-5.72529e-11 0.00124028 0.000361664 0.00115983 0.0112922 0.0217914 0.00176496 0.0141187 0.00433491 0.00109939 -0.0109652 0.00147202 0.00096585 0.000156224
internal_weight=5623 4292 3947 3889 345 159 3834 196 142 3638 109 3529 3370 3009
internal_count=5623 4292 3947 3889 345 159 3834 196 142 3638 109 3529 3370 3009
is_linear=0
shrinkage=0.05


Tree=136
num_leaves=15
num_cat=0
split_feature=16 15 18 4 12 18 15 15 18 5 17 5 6 18
split_gain=10.1076 14.4079 66.9385 112.041 30.3146 17.2403 15.8422 7.45541 10.7137 10.0848 9.57401 11.9914 8.74923 8.63676
threshold=7.8320301783264759 23.760000000000002 25.250000000000004 -0.64942331933852315 0.22700000000000001 25.050000000000004 26.110000000000003 17.925000000000004 22.450000000000003 1.1151075581591698 22.450000000000003 1.1203646244671115 38.850000000000001 21.550000000000004
decision_type=2 2 2 2 2 2 2 2 2 2 2 2 2 2
left_child=-1 2 7 4 -4 -3 -7 8 -2 12 11 -11 13 -9
right_child=1 5 3 -5 -6 6 -8 9 -10 10 -12 -13 -14 -15
leaf_value=-0.0040272094221016561 0.0012537651753658822 -0.005366506355665164 -0.035173351974891763 0.027269992038165616 -0.085572740607536765 0.037690146276283837 0.0050923113474872581 0.010314745138319889 -0.020064317354311547 -0.024411382864822043 0.018742921569480979 0.0020842212842319026 -0.00045479637492133913 0.03049614570103586
leaf_weight=1220 3324 81 70 59 52 84 67 129 60 55 58 191 83 90
leaf_count=1220 3324 81 70 59 52 84 67 129 60 55 58 191 83 90
internal_value=3.83003e-11 0.00111587 0.000441315 -0.0292983 -0.0566551 0.0132434 0.0232262 0.0017904 0.000875785 0.00689778 0.000468913 -0.00383959 0.0133692 0.0186085
internal_weight=5623 4403 4171 181 122 232 151 3990 3384 606 304 246 302 219
internal_count=5623 4403 4171 181 122 232 151 3990 3384 606 304 246 302 219
is_linear=0
shrinkage=0.05


Tree=137
num_leaves=15
num_cat=0
split_feature=4 4 7 16 7 14 15 12 18 7 4 8 10 18
split_gain=9.51149 74.8302 39.5971 18.6702 20.8091 14.1598 21.105 12.0765 11.8903 9.80834 7.77766 7.28518 6.15695 10.0902
threshold=-0.91702515554752051 -0.90255091666790832 968.1500000000002 74.266735253772282 972.1500000000002 26.615000000000006 23.140000000000004 -0.049399999999999993 25.250000000000004 968.75000000000011 -0.87032255546191706 -0.78654999999999986 1.0000000180025095e-35 16.550000000000004
decision_type=2 2 2 2 2 2 2 2 2 2 2 2 2 2
left_child=5 -2 -3 -4 8 6 9 -8 -5 -1 -6 -11 -12 -14
right_child=1 2 3 4 10 -7 7 -9 -10 11 12 -13 13 -15
leaf_value=0.023546587077802734 -0.046834328343915148 -0.033445739302109805 -0.0028017103480604505 0.010874208241681206 -0.012700585551765684 -0.012782670049836823 0.045439766384661198 0.012292113984728875 0.035842658046749423 -0.012849030696560402 0.008380039854594434 0.0038703955624919011 0.0034448419554980584 -0.0057294776461557636
leaf_weight=57 87 87 2136 187 86 102 50 61 64 74 382 545 1317 388
leaf_count=57 87 87 2136 187 86 102 50 61 64 74 382 545 1317 388
internal_value=-6.42427e-12 -0.000891142 -3.10052e-05 0.000606513 0.0036098 0.00474541 0.00701715 0.0272235 0.0172407 0.00369925 0.00203532 0.00187163 0.00264255 0.00135708
internal_weight=5623 4734 4647 4560 2424 889 787 111 251 676 2173 619 2087 1705
internal_count=5623 4734 4647 4560 2424 889 787 111 251 676 2173 619 2087 1705
is_linear=0
shrinkage=0.05


Tree=138
num_leaves=15
num_cat=0
split_feature=3 3 7 16 12 18 18 16 18 13 15 5 13 13
split_gain=8.81819 162.208 48.4587 18.1227 16.9591 15.9236 17.4199 11.5754 17.8671 15.6408 15.2122 18.7606 10.9662 10.4501
threshold=-0.39073112848927366 -0.41467745240824966 968.1500000000002 91.905006858710564 0.89015000000000011 10.350000000000003 8.7500000000000018 28.901165980795611 23.450000000000003 -0.6843499999999999 21.975000000000005 1.1010158157171224 -0.14039999999999997 0.98365000000000002
decision_type=2 2 2 2 2 2 2 2 2 2 2 2 2 2
left_child=1 2 -1 -2 5 6 -5 -4 -9 10 -10 -12 -6 -7
right_child=3 -3 7 4 12 13 -8 8 9 -11 11 -13 -14 -15
leaf_value=-0.040808180288877338 -0.0017325738766198308 -0.090415986699472164 -0.004154179898378651 0.0087567228379246218 -0.0212333786477511 0.014627092228160258 -0.019451729985334541 0.00089115159342635869 0.042549525993683987 -0.0044158127630668639 -0.011107704269827582 0.027424272771431019 0.0010173789530315183 0.00017433560906762356
leaf_weight=72 1620 51 802 133 74 706 93 1427 63 76 51 83 220 152
leaf_count=72 1620 51 802 133 74 706 93 1427 63 76 51 83 220 152
internal_value=-2.19099e-11 -0.00211605 -0.000366522 0.00185278 0.00606779 0.00895651 -0.00285118 0.000797267 0.00313318 0.0148525 0.022286 0.0127591 -0.00458315 0.0120667
internal_weight=5623 2625 2574 2998 1378 1084 226 2502 1700 273 197 134 294 858
internal_count=5623 2625 2574 2998 1378 1084 226 2502 1700 273 197 134 294 858
is_linear=0
shrinkage=0.05


Tree=139
num_leaves=15
num_cat=0
split_feature=3 3 7 16 18 12 18 18 16 18 13 15 13 8
split_gain=7.95842 146.393 43.734 16.3557 15.8531 11.1332 10.7582 15.7214 10.5101 16.7603 15.2404 10.0201 9.55777 9.45791
threshold=-0.39073112848927366 -0.41467745240824966 968.1500000000002 91.905006858710564 25.750000000000004 0.89015000000000011 10.350000000000003 8.7500000000000018 10.534636488340192 23.450000000000003 -0.45079999999999992 24.985000000000003 -0.14039999999999997 -0.78654999999999986
decision_type=2 2 2 2 2 2 2 2 2 2 2 2 2 2
left_child=1 2 -1 -2 5 6 7 -5 -4 -10 11 -11 -7 -8
right_child=3 -3 8 4 -6 12 13 -9 9 10 -12 -13 -14 -15
leaf_value=-0.038767770042694695 -0.00164594511319143 -0.085895187367557316 -0.0047240801140655949 0.0083188865274274933 0.026551041444546952 -0.020021056784834301 -0.0002414572234596304 -0.018479143117143906 0.00068507388079434481 0.026184303679698963 -0.010938967959955335 0.0028167428448796273 0.0009665096283424647 0.012766787758831395
leaf_weight=72 1620 51 648 133 86 72 183 93 1578 162 50 64 220 591
leaf_count=72 1620 51 648 133 86 72 183 93 1578 162 50 64 220 591
internal_value=2.44766e-12 -0.00201025 -0.000348196 0.00176014 0.0057644 0.00438077 0.00688884 -0.00270862 0.000757403 0.00267326 0.0140405 0.0195669 -0.00420851 0.00969119
internal_weight=5623 2625 2574 2998 1378 1292 1000 226 2502 1854 276 226 292 774
internal_count=5623 2625 2574 2998 1378 1292 1000 226 2502 1854 276 226 292 774
is_linear=0
shrinkage=0.05


Tree=140
num_leaves=15
num_cat=0
split_feature=6 6 7 15 17 7 17 18 14 1 17 17 18 18
split_gain=9.07909 125.736 17.6466 13.9696 118.489 26.1432 15.8452 12.9661 21.7889 7.37231 13.4143 10.3099 6.4151 6.18983
threshold=38.45000000000001 38.050000000000004 968.55000000000007 23.640000000000004 22.250000000000004 968.55000000000007 24.150000000000002 21.550000000000004 14.350000000000001 29.195127196351017 24.450000000000003 14.250000000000002 20.250000000000004 18.350000000000005
decision_type=2 2 2 2 2 2 2 2 2 2 2 2 2 2
left_child=1 3 -2 5 -5 -1 -6 12 -9 11 -11 -4 13 -7
right_child=2 -3 9 4 6 7 -8 8 -10 10 -12 -13 -14 -15
leaf_value=0.033394473687475244 0.027644315327483196 -0.075170001020056332 -0.00050831992572938998 -0.080663878090679653 0.021205760031384795 -0.00030758706252374335 -0.0036100605497755701 -0.014103163008649762 0.015510350031259119 -0.027622199730545867 0.0040525599910887248 0.017787532480285754 -0.010867445923181044 0.0078613857271369447
leaf_weight=62 81 56 198 50 74 3570 492 78 305 51 97 126 135 248
leaf_count=62 81 56 198 50 74 3570 492 78 305 51 97 126 135 248
internal_value=-4.84175e-12 -0.000663538 0.00608343 0.000168604 -0.00688331 0.00115632 -0.000365589 0.000695351 0.0094794 0.00238336 -0.00686239 0.00660673 -0.000155722 0.000223032
internal_weight=5623 5070 553 5014 616 4398 566 4336 383 472 148 324 3953 3818
internal_count=5623 5070 553 5014 616 4398 566 4336 383 472 148 324 3953 3818
is_linear=0
shrinkage=0.05


Tree=141
num_leaves=15
num_cat=0
split_feature=3 3 7 16 18 12 18 3 18 16 18 7 15 8
split_gain=7.14678 131.875 40.863 14.6015 14.432 9.84913 9.39086 14.3775 15.5292 9.28317 15.0466 14.3438 9.45911 8.72607
threshold=-0.39073112848927366 -0.41467745240824966 968.1500000000002 91.905006858710564 25.750000000000004 0.89015000000000011 10.350000000000003 0.77159520228797462 8.9500000000000011 10.534636488340192 23.450000000000003 979.75000000000011 24.985000000000003 -0.78654999999999986
decision_type=2 2 2 2 2 2 2 2 2 2 2 2 2 2
left_child=1 2 -1 -2 5 6 7 8 -5 -4 -11 12 -12 -8
right_child=3 -3 9 4 -6 -7 13 -9 -10 10 11 -13 -14 -15
leaf_value=-0.037464629111410533 -0.0015502765309856055 -0.081522003517431385 -0.0044103979089526058 0.00015031403089140326 0.025284542079181089 -0.0039475411567390477 -0.00043215277373200397 0.01439665989967546 -0.034116964580892938 0.00065795406245101841 0.02565948031362026 -0.010345359771655731 0.0034044213014462056 0.012062683238375258
leaf_weight=72 1620 51 648 94 86 292 183 81 51 1578 155 52 69 591
leaf_count=72 1620 51 648 94 86 292 183 81 51 1578 155 52 69 591
internal_value=4.17401e-11 -0.00190499 -0.000327496 0.00166798 0.00545141 0.00413125 0.00649026 -0.00247658 -0.0119023 0.000741199 0.00254176 0.0133122 0.0188041 0.00910848
internal_weight=5623 2625 2574 2998 1378 1292 1000 226 145 2502 1854 276 224 774
internal_count=5623 2625 2574 2998 1378 1292 1000 226 145 2502 1854 276 224 774
is_linear=0
shrinkage=0.05


Tree=142
num_leaves=15
num_cat=0
split_feature=6 6 7 15 17 7 17 18 14 0 17 15 3 18
split_gain=8.26757 113.416 16.646 12.0752 109.033 23.934 13.4531 10.8094 18.9846 6.50833 12.2544 9.03919 8.89319 9.22817
threshold=38.45000000000001 38.050000000000004 968.55000000000007 23.640000000000004 22.250000000000004 968.55000000000007 24.150000000000002 21.550000000000004 14.350000000000001 21.150000000000002 24.450000000000003 13.940000000000001 -0.29237170472273694 12.050000000000002
decision_type=2 2 2 2 2 2 2 2 2 2 2 2 2 2
left_child=1 3 -2 5 -5 -1 -6 -7 -9 11 -11 12 13 -4
right_child=2 -3 9 4 6 7 -8 8 -10 10 -12 -13 -14 -15
leaf_value=0.031921462255019337 0.026745840368999376 -0.071395370742538947 0.0036089179153992409 -0.077174602524843081 0.019729543860366169 -0.00014269666157736287 -0.003136528756874576 -0.013358059480117682 0.014284149052300413 -0.026317590893264492 0.0039568607032913527 0.016997009943708903 0.012708539535815362 -0.023936191705817525
leaf_weight=62 81 56 68 50 74 3953 492 78 305 51 97 121 80 55
leaf_count=62 81 56 68 50 74 3953 492 78 305 51 97 121 80 55
internal_value=-9.77073e-11 -0.000633189 0.00580519 0.000157134 -0.00639921 0.00107544 -0.000146972 0.000634377 0.00865467 0.00221156 -0.00647555 0.00617974 -0.000267985 -0.008708
internal_weight=5623 5070 553 5014 616 4398 566 4336 383 472 148 324 203 123
internal_count=5623 5070 553 5014 616 4398 566 4336 383 472 148 324 203 123
is_linear=0
shrinkage=0.05


Tree=143
num_leaves=15
num_cat=0
split_feature=6 5 7 15 17 7 14 17 12 17 1 12 9 1
split_gain=7.46148 106.607 15.023 10.6252 98.6442 12.9488 12.6897 11.1618 11.2169 14.0808 7.83359 6.55394 6.29065 5.87376
threshold=38.45000000000001 1.0867786796903709 968.55000000000007 23.640000000000004 22.250000000000004 972.05000000000007 23.885000000000002 18.050000000000004 0.074150000000000008 13.750000000000002 11.802285462354666 -0.69754999999999989 0.37940000000000002 29.195127196351017
decision_type=2 2 2 2 2 2 2 2 2 2 2 2 2 2
left_child=1 -1 -2 5 -5 7 -6 8 9 10 -3 -7 -9 -4
right_child=2 3 13 4 6 11 -8 12 -10 -11 -12 -13 -14 -15
leaf_value=-0.069834500463171439 0.02540854844954555 -0.0069342155408646383 0.0058707575729105305 -0.073315868064761161 0.022785766260190445 0.010150095684033248 -0.0025025590030723086 0.027258035406163058 0.021674758448235451 -0.017728410481164854 0.017151324109804324 -0.00034032866044397104 0.0085670833187621274 -0.0061517741093789604
leaf_weight=55 81 56 324 50 55 155 506 97 62 90 85 3775 84 148
leaf_count=55 81 56 324 50 55 155 506 97 62 90 85 3775 84 148
internal_value=-3.5489e-11 -0.00060153 0.00551493 0.000157755 -0.00602107 0.00101499 -2.33114e-05 0.00882171 0.00279121 -0.0022771 0.00758544 7.34158e-05 0.0185838 0.00210098
internal_weight=5623 5070 553 5015 611 4404 561 474 293 231 141 3930 181 472
internal_count=5623 5070 553 5015 611 4404 561 474 293 231 141 3930 181 472
is_linear=0
shrinkage=0.05


Tree=144
num_leaves=15
num_cat=0
split_feature=6 6 7 5 3 15 17 18 7 17 16 17 17 17
split_gain=6.73399 99.6505 13.6812 11.072 10.0498 9.1612 91.7439 11.4515 16.6404 9.9448 5.78312 10.9748 7.61125 6.65072
threshold=38.45000000000001 38.050000000000004 968.85000000000002 1.0913506396645054 -0.24192189559966767 23.640000000000004 22.450000000000003 24.550000000000004 971.75000000000011 24.150000000000002 66.364266117969848 9.0500000000000025 22.950000000000003 14.15
decision_type=2 2 2 2 2 2 2 2 2 2 2 2 2 2
left_child=1 3 -2 4 -1 7 -7 10 -9 -8 -5 -12 13 -13
right_child=2 -3 -4 5 -6 6 9 8 -10 -11 11 12 -14 -15
leaf_value=0.027440430202654433 0.022184974211743293 -0.06690051178998796 0.0015893187412766966 -0.0021613821007892145 -0.00057315762407320037 -0.070856750592647594 0.018486315201153049 0.037409564297646289 0.0035745624550863318 -0.0025414403903621929 0.018859378359374707 0.0033020505745163138 0.016631851233541967 -0.0021688338271585832
leaf_weight=70 98 56 455 1734 59 50 64 50 133 463 89 1061 75 1166
leaf_count=70 98 56 455 1734 59 50 64 50 133 463 89 1061 75 1166
internal_value=-3.75428e-11 -0.000571453 0.00523918 0.000169358 0.014628 -0.000212457 -0.00612894 0.000579979 0.0128191 1.22149e-05 3.70066e-05 0.00163132 0.000965249 0.000437636
internal_weight=5623 5070 553 5014 129 4885 577 4308 183 527 4125 2391 2302 2227
internal_count=5623 5070 553 5014 129 4885 577 4308 183 527 4125 2391 2302 2227
is_linear=0
shrinkage=0.05


Tree=145
num_leaves=15
num_cat=0
split_feature=7 9 0 8 12 6 14 17 17 17 4 17 17 13
split_gain=7.05373 136.977 28.4685 8.25426 20.9921 160.987 12.6708 10.8329 9.98347 8.40771 9.67563 8.35881 9.68545 11.0415
threshold=968.1500000000002 0.37940000000000002 22.050000000000004 1.0000000180025095e-35 -0.43054999999999993 29.450000000000003 14.350000000000001 14.65 13.850000000000003 13.65 -0.98321746822993583 14.750000000000002 26.250000000000004 0.30160000000000003
decision_type=2 2 2 2 2 2 2 2 2 2 2 2 2 2
left_child=1 2 -1 6 5 -5 7 9 -8 10 -2 -10 13 -13
right_child=3 -3 -4 4 -6 -7 8 -9 11 -11 -12 12 -14 -15
leaf_value=0.045907923635446803 -0.019131025035773786 -0.079823879852890967 -0.0023760640165872045 0.0027004885465521135 -0.00012697514433082329 -0.095082415516177812 0.026100374771089393 -0.023264912490804607 -0.013490167506417986 0.012536447855155368 -0.00020197508351391111 0.010725919055460879 -0.0036090859406531228 -0.002589489541691253
leaf_weight=53 71 50 72 241 2246 51 58 52 59 122 1373 757 222 196
leaf_count=53 71 50 72 241 2246 51 58 52 59 122 1373 757 222 196
internal_value=-1.84063e-11 -0.00988086 0.0180963 0.000317392 -0.00176658 -0.014378 0.00213496 -0.000813315 0.00582714 -6.77956e-05 -0.0011327 0.00487427 0.00579639 0.00798739
internal_weight=5623 175 125 5448 2538 292 2910 1618 1292 1566 1444 1234 1175 953
internal_count=5623 175 125 5448 2538 292 2910 1618 1292 1566 1444 1234 1175 953
is_linear=0
shrinkage=0.05


Tree=146
num_leaves=15
num_cat=0
split_feature=7 7 0 8 12 3 17 7 14 15 4 17 5 0
split_gain=6.53398 63.5376 17.3567 7.71309 25.5778 159.645 12.6134 7.93367 12.351 10.0966 10.5065 9.34626 14.5899 12.0938
threshold=967.95000000000016 968.35000000000002 22.150000000000002 0.37940000000000002 -0.43054999999999993 -0.43837114678907757 6.1500000000000012 971.85000000000002 26.615000000000006 17.925000000000004 -0.78257835753184624 8.1500000000000004 1.1685276457128853 7.3500000000000005
decision_type=2 2 2 2 2 2 2 2 2 2 2 2 2 2
left_child=2 -2 -1 6 5 -5 -3 8 9 10 -8 12 -9 -13
right_child=1 3 -4 4 -6 -7 7 11 -10 -11 -12 13 -14 -15
leaf_value=0.034343652531504634 -0.055829097975191533 -0.0084543787365433786 -0.0017968934591426845 0.0040080251941996825 -0.00015097124999208274 -0.095035115446752083 -0.006657836559410814 0.017739979904400623 -0.0074342765494860635 0.023127827830357505 0.015883230366665176 -0.017786449642288826 -0.0097215509070799899 0.0013136177148461272
leaf_weight=50 51 279 99 187 1834 52 92 189 93 146 118 86 65 2282
leaf_count=50 51 279 99 187 1834 52 92 189 93 146 118 86 65 2282
internal_value=-6.07447e-11 -0.0002812 0.0103308 0.000241194 -0.00215591 -0.0175411 0.00172454 0.00264929 0.00879059 0.0130291 0.0060081 0.00159763 0.0107124 0.00061995
internal_weight=5623 5474 149 5423 2073 239 3350 3071 449 356 210 2622 254 2368
internal_count=5623 5474 149 5423 2073 239 3350 3071 449 356 210 2622 254 2368
is_linear=0
shrinkage=0.05


Tree=147
num_leaves=15
num_cat=0
split_feature=12 13 7 13 7 18 6 12 0 16 7 7 7 18
split_gain=6.86506 7.24836 57.5405 74.3342 7.20746 8.19494 8.68667 11.4695 10.3312 7.41782 11.8291 9.70829 9.17234 6.65666
threshold=-0.69754999999999989 -0.90159999999999985 968.85000000000002 -0.89019999999999988 971.85000000000002 8.9500000000000011 38.45000000000001 0.22700000000000001 23.750000000000004 38.554252400548698 971.05000000000007 968.75000000000011 967.45000000000016 19.750000000000004
decision_type=2 2 2 2 2 2 2 2 2 2 2 2 2 2
left_child=-1 4 -3 -4 9 -6 7 -7 -9 -2 11 12 -11 -13
right_child=1 2 3 -5 5 6 -8 8 -10 10 -12 13 -14 -15
leaf_value=0.0097478227897414144 0.00061790806184282277 -0.053576955802362561 -0.053291243326913741 0.00019908802353799297 0.012856366645692932 -0.010244611013538199 -0.020156816889842354 0.015416000477027901 -0.0065601124700284414 0.0026715778459150061 0.028758366599580962 0.0083187800583740083 0.031043384644010713 -0.010383493561383295
leaf_weight=175 302 52 66 4082 88 183 69 134 89 52 76 105 63 87
leaf_count=175 302 52 66 4082 88 183 69 134 89 52 76 105 63 87
internal_value=3.57729e-12 -0.000313118 -0.00130727 -0.000652012 0.00303259 -0.00115867 -0.00375514 -0.00096766 0.00664526 0.00647738 0.0110976 0.00672561 0.0182144 -0.000155688
internal_weight=5623 5448 4200 4148 1248 563 475 406 223 685 383 307 115 192
internal_count=5623 5448 4200 4148 1248 563 475 406 223 685 383 307 115 192
is_linear=0
shrinkage=0.05


Tree=148
num_leaves=15
num_cat=0
split_feature=7 9 1 7 15 15 14 15 1 3 4 7 7 17
split_gain=6.31353 120.906 24.3753 7.46251 6.64674 95.6356 13.5873 12.3432 5.81003 5.59289 5.49216 5.4873 5.52829 12.4915
threshold=968.1500000000002 0.37940000000000002 30.437473034493614 968.75000000000011 23.640000000000004 24.150000000000002 23.185000000000006 23.140000000000004 5.5905562716416837 -0.99535829673000931 -0.82409480842201666 972.35000000000002 974.1500000000002 19.650000000000002
decision_type=2 2 2 2 2 2 2 2 2 2 2 2 2 2
left_child=1 2 -1 -2 7 -6 -7 8 -5 -10 -8 -11 13 -13
right_child=3 -3 -4 4 5 6 10 -9 9 11 -12 12 -14 -15
leaf_value=0.042671467441151731 0.014999293066451655 -0.075060215689241885 -0.0020067726391264132 -0.008410930784429586 -0.070397813026519387 0.025922289162874226 0.0039686801582666156 0.023246242788930737 -0.0087170988823442423 0.0059165654511490039 -0.0061830520235155589 -0.00032514267660562558 0.0010009039318962546 -0.024227146521055454
leaf_weight=53 85 50 72 179 51 50 255 60 150 521 279 227 3519 72
leaf_count=53 85 50 72 179 51 50 255 60 150 521 279 227 3519 72
internal_value=-1.5295e-11 -0.00934806 0.0169368 0.000300277 6.73076e-05 -0.0047358 0.000998384 0.000712395 0.000422757 0.000775002 -0.00133531 0.00110315 0.000446312 -0.00608081
internal_weight=5623 175 125 5448 5363 635 584 4728 4668 4489 534 4339 3818 299
internal_count=5623 175 125 5448 5363 635 584 4728 4668 4489 534 4339 3818 299
is_linear=0
shrinkage=0.05


Tree=149
num_leaves=15
num_cat=0
split_feature=7 7 13 8 6 12 5 5 14 17 17 16 3 14
split_gain=6.44048 57.2609 13.916 6.86834 19.0599 170.918 16.8199 10.7119 10.3226 10.3086 11.6698 10.2979 10.921 14.2634
threshold=967.95000000000016 968.35000000000002 -0.9787499999999999 1.0000000180025095e-35 29.950000000000003 -0.36749999999999994 1.1183192349520594 1.1206319573918664 14.350000000000001 14.350000000000003 13.65 59.043278463648846 0.96359376111369366 12.185
decision_type=2 2 2 2 2 2 2 2 2 2 2 2 2 2
left_child=2 -2 -1 8 11 -6 -7 -8 9 10 -3 -5 13 -13
right_child=1 3 -4 4 5 6 7 -9 -10 -11 -12 12 -14 -15
leaf_value=-0.0012638326714697638 -0.053012058956950318 -0.0010581787212949065 0.030524082005851799 -0.0032551537206114353 -0.096713423458676728 0.001921486780802987 -0.034819618667717336 -0.006650948278871107 0.0052409022553996099 -0.019134946085818828 0.016523547833416575 0.016082100376610443 -0.012171576209366323 0.0022181132309853674
leaf_weight=95 51 1440 54 756 51 567 54 90 1277 73 101 257 90 667
leaf_count=95 51 1440 54 756 51 567 54 90 1277 73 101 257 90 667
internal_value=5.53995e-11 -0.000279181 0.0102566 0.00021674 -0.00168464 -0.00829626 -0.0019541 -0.0172142 0.00188201 -0.000775558 9.41603e-05 0.00116172 0.00445477 0.00607422
internal_weight=5623 5474 149 5423 2532 762 711 144 2891 1614 1541 1770 1014 924
internal_count=5623 5474 149 5423 2532 762 711 144 2891 1614 1541 1770 1014 924
is_linear=0
shrinkage=0.05


Tree=150
num_leaves=15
num_cat=0
split_feature=12 12 7 15 17 18 18 7 9 12 12 16 7 4
split_gain=6.48876 43.6519 13.379 100.2 10.8349 18.609 9.37398 5.93828 8.5693 8.69735 8.43361 16.7143 6.07835 5.48901
threshold=-0.44599999999999995 -0.39924999999999994 968.1500000000002 22.290000000000003 26.850000000000005 25.250000000000004 10.350000000000003 972.05000000000007 -0.60354999999999992 0.039750000000000008 0.074150000000000008 2.2771604938271608 971.25000000000011 -0.68832836526074781
decision_type=2 2 2 2 2 2 2 2 2 2 2 2 2 2
left_child=4 -2 3 -3 5 6 -1 8 9 -4 12 -12 -10 -8
right_child=1 2 7 -5 -6 -7 13 -9 10 -11 11 -13 -14 -15
leaf_value=-0.013784206997130125 -0.039242303037705525 -0.072180030506104234 0.0044446089205906749 0.0155898416735312 -0.01457543668220751 0.036241000842303042 0.0035753840735803046 -0.00026374016428460913 -0.00081030096932265319 -0.019564666057981198 -0.002285946666129998 0.028968009664253759 0.016320156884282382 0.01656168294502337
leaf_weight=63 72 50 94 93 64 50 321 4169 228 63 70 110 67 109
leaf_count=63 72 50 94 93 64 50 321 4169 228 63 70 110 67 109
internal_value=-1.19971e-11 -0.000590857 -2.79719e-05 -0.0150989 0.0048826 0.007176 0.00422823 0.000420923 0.00493732 -0.00518969 0.00828456 0.0168137 0.00308035 0.00686726
internal_weight=5623 5016 4944 143 607 543 493 4801 632 157 475 180 295 430
internal_count=5623 5016 4944 143 607 543 493 4801 632 157 475 180 295 430
is_linear=0
shrinkage=0.05


Tree=151
num_leaves=15
num_cat=0
split_feature=7 7 0 8 18 9 17 7 12 4 7 12 18 15
split_gain=6.9313 50.3583 14.9303 6.26896 26.3705 93.8698 10.8771 7.50325 7.60599 10.7768 8.75526 10.7334 7.28981 12.5504
threshold=967.95000000000016 968.35000000000002 22.150000000000002 0.37940000000000002 27.550000000000004 -0.3793999999999999 6.1500000000000012 991.75000000000011 0.6906000000000001 0.39073112848927366 989.55000000000007 0.39825000000000005 10.350000000000003 14.725000000000003
decision_type=2 2 2 2 2 2 2 2 2 2 2 2 2 2
left_child=2 -2 -1 6 7 -6 -3 8 10 -10 -5 -12 13 -8
right_child=1 3 -4 4 5 -7 12 -9 9 -11 11 -13 -14 -15
leaf_value=0.032911441005766394 -0.049742097210358174 -0.0079396679626292082 -0.00060779782520099118 0.0013514121130780313 -0.069300325070658045 0.01102292925669727 0.00064977893061973248 -0.016022580410621278 -0.006769697609375948 0.0063479656547802315 0.0023665006498673133 0.031734968934740336 0.0039350381160888227 -0.01831019622919967
leaf_weight=50 51 279 99 905 62 88 798 74 607 211 70 56 2175 98
leaf_count=50 51 279 99 905 62 88 798 74 607 211 70 56 2175 98
internal_value=4.39658e-11 -0.000289624 0.0106403 0.000175447 -0.00198563 -0.0221773 0.00151274 -0.000410616 0.0002142 -0.00338605 0.00307065 0.0154192 0.00237149 -0.00142397
internal_weight=5623 5474 149 5423 2073 150 3350 1923 1849 818 1031 126 3071 896
internal_count=5623 5474 149 5423 2073 150 3350 1923 1849 818 1031 126 3071 896
is_linear=0
shrinkage=0.05


Tree=152
num_leaves=15
num_cat=0
split_feature=4 4 7 15 18 3 16 7 9 0 9 14 0 0
split_gain=6.35647 51.6696 26.4923 9.13982 15.5166 10.6951 8.96087 13.3949 11.2018 10.155 8.28574 7.40291 9.36533 13.2829
threshold=-0.91702515554752051 -0.90255091666790832 968.1500000000002 28.185000000000006 25.750000000000004 -0.20791169081775965 74.266735253772282 972.1500000000002 -0.60354999999999992 16.550000000000004 1.0000000180025095e-35 8.0150000000000023 18.850000000000005 14.550000000000002
decision_type=2 2 2 2 2 2 2 2 2 2 2 2 2 2
left_child=3 -2 -3 4 5 -1 -4 8 -8 -10 -11 -7 13 -13
right_child=1 2 6 -5 -6 11 7 -9 9 10 -12 12 -14 -15
leaf_value=0.010315206679863171 -0.038905367936039797 -0.027345464856031981 -0.0018534792772112092 -0.014322910649934784 0.024299587277936029 0.011911070437576526 -0.0051173352254707304 0.0013251100336486501 0.035171641743005209 0.025892206706668971 -0.00031382301622735601 -0.0031491517405291755 0.0071241894021460963 -0.028519787970516422
leaf_weight=288 87 87 2136 64 95 78 61 2173 67 53 70 182 110 72
leaf_count=288 87 87 2136 64 95 78 61 2173 67 53 70 182 110 72
internal_value=-3.24111e-11 -0.000728502 -1.3764e-05 0.00387933 0.00529139 0.00281772 0.000507696 0.00258834 0.0135245 0.0195096 0.0109782 -0.00206752 -0.00506294 -0.0103408
internal_weight=5623 4734 4647 889 825 730 4560 2424 251 190 123 442 364 254
internal_count=5623 4734 4647 889 825 730 4560 2424 251 190 123 442 364 254
is_linear=0
shrinkage=0.05


Tree=153
num_leaves=15
num_cat=0
split_feature=7 7 0 8 18 4 17 3 7 0 18 18 4 13
split_gain=7.15786 45.4517 13.3567 5.70578 24.2654 91.0412 9.78596 8.80915 8.13616 6.83531 6.56995 11.9702 12.4244 10.3854
threshold=967.95000000000016 968.35000000000002 22.150000000000002 0.37940000000000002 27.550000000000004 -0.90992662233962529 6.1500000000000012 -0.87032255546191706 991.6500000000002 17.250000000000004 10.350000000000003 9.6500000000000004 0.39873388578253682 -0.77784999999999982
decision_type=2 2 2 2 2 2 2 2 2 2 2 2 2 2
left_child=2 -2 -1 6 7 -6 -3 9 -9 -5 11 13 -13 -8
right_child=1 3 -4 4 5 -7 10 8 -10 -11 -12 12 -14 -15
leaf_value=0.0318776918053627 -0.047275851610317533 -0.0075424376959865747 0.00017392080032614746 -0.014155733544422497 -0.071039475177071598 0.0092125148832878125 0.013426062449519844 0.0017258860673567144 -0.014333825869238878 0.0039262130830998295 0.0037222055330679849 -0.025899323347730787 0.00093582519670812108 -0.0015398127148218415
leaf_weight=50 51 279 99 184 57 93 145 1583 83 73 2175 91 82 578
leaf_count=50 51 279 99 184 57 93 145 1583 83 73 2175 91 82 578
internal_value=4.65127e-11 -0.000294319 0.0108128 0.000147514 -0.00191421 -0.0212832 0.00142332 -0.000403365 0.000925792 -0.00901962 0.00223786 -0.00136533 -0.0131798 0.00146164
internal_weight=5623 5474 149 5423 2073 150 3350 1923 1666 257 3071 896 173 723
internal_count=5623 5474 149 5423 2073 150 3350 1923 1666 257 3071 896 173 723
is_linear=0
shrinkage=0.05


Tree=154
num_leaves=15
num_cat=0
split_feature=18 18 7 9 17 17 7 0 5 12 8 4 13 4
split_gain=6.78653 58.9718 19.3709 118.353 12.7712 9.22077 7.32868 4.70998 4.58115 4.32034 3.81068 9.74603 14.1181 14.8611
threshold=27.750000000000004 27.150000000000002 968.1500000000002 -1.0000000180025095e-35 22.950000000000003 20.050000000000004 969.75000000000011 3.6500000000000008 1.118509522668149 -0.69754999999999989 -0.91594999999999993 -0.72534675097891066 -0.22489999999999996 0.32556815445715659
decision_type=2 2 2 2 2 2 2 2 2 2 2 2 2 2
left_child=1 2 3 -1 5 -2 -4 -8 -6 -9 11 -11 -13 -14
right_child=4 -3 6 -5 8 -7 7 9 -10 10 -12 12 13 -15
leaf_value=0.023831427184808435 0.0057010643845424062 -0.051063472963052629 0.0097749499486560389 -0.078152382902801035 0.0047952087339197518 0.035368624451485552 -0.0089931833875589902 0.0083843035465489685 -0.0090077836313341049 -0.020320989541685236 0.00064551585158068817 0.011244419223805464 -0.026188678444790031 -0.00067900600318442778
leaf_weight=66 50 57 206 50 218 55 137 164 83 77 4016 153 78 213
leaf_count=66 50 57 206 50 218 55 137 164 83 77 4016 153 78 213
internal_value=-2.26061e-11 -0.000484577 7.41436e-05 -0.0201271 0.00622669 0.0212412 0.000538724 0.00014545 0.000989068 0.000411775 0.00012359 -0.00389955 -0.00105169 -0.00751665
internal_weight=5623 5217 5160 116 406 105 5044 4838 301 4701 4537 521 444 291
internal_count=5623 5217 5160 116 406 105 5044 4838 301 4701 4537 521 444 291
is_linear=0
shrinkage=0.05


Tree=155
num_leaves=15
num_cat=0
split_feature=7 7 13 8 12 3 17 18 18 6 6 7 16 17
split_gain=7.35982 41.135 13.4207 5.211 22.0824 140.76 8.62644 7.86076 9.39433 8.7037 8.69157 8.05922 8.3274 8.76283
threshold=967.95000000000016 968.35000000000002 -0.9787499999999999 0.37940000000000002 -0.43054999999999993 -0.43837114678907757 6.1500000000000012 23.950000000000003 16.550000000000004 34.050000000000004 30.150000000000002 991.6500000000002 33.496227709190677 13.750000000000002
decision_type=2 2 2 2 2 2 2 2 2 2 2 2 2 2
left_child=2 -2 -1 6 5 -5 -3 8 9 11 -9 12 -6 -14
right_child=1 3 -4 4 7 -7 -8 10 -10 -11 -12 -13 13 -15
leaf_value=-0.00034933369704767279 -0.044993336246732407 -0.0070767257282490365 0.030867760427537617 0.0040906611660664737 -0.0034691398136108944 -0.088909871138345753 0.0021058833460652631 -0.0006646329656761988 -0.0094370742302301962 -0.019495942243016685 0.018543420309217368 -0.013877557625097257 0.00918743801464709 -0.0020297358151994474
leaf_weight=95 51 279 54 187 397 52 3071 123 287 52 113 81 519 262
leaf_count=95 51 279 54 187 397 52 3071 123 287 52 113 81 519 262
internal_value=7.39164e-12 -0.000298442 0.0109642 0.000121886 -0.00184842 -0.0161438 0.00134112 1.44963e-05 -0.00124347 0.000550244 0.00853244 0.0013782 0.0024272 0.00542444
internal_weight=5623 5474 149 5423 2073 239 3350 1834 1598 1311 236 1259 1178 781
internal_count=5623 5474 149 5423 2073 239 3350 1834 1598 1311 236 1259 1178 781
is_linear=0
shrinkage=0.05


Tree=156
num_leaves=15
num_cat=0
split_feature=7 7 13 12 8 12 3 17 12 4 4 12 5 5
split_gain=6.64223 37.1243 12.1122 5.37243 6.1514 48.0068 125.701 7.61535 7.14306 10.1466 8.26219 7.93753 7.98279 8.73635
threshold=967.95000000000016 968.35000000000002 -0.9787499999999999 -0.69754999999999989 0.37940000000000002 -0.43054999999999993 -0.53727914962411594 6.1500000000000012 0.6906000000000001 0.39073112848927366 0.36648727148060622 0.73280000000000012 1.131107447755374 1.1575411906165636
decision_type=2 2 2 2 2 2 2 2 2 2 2 2 2 2
left_child=2 -2 -1 -3 7 6 -6 -5 10 11 -7 -10 -13 -14
right_child=1 3 -4 4 5 8 -8 -9 9 -11 -12 12 13 -15
leaf_value=-0.00033186699214734529 -0.042743672026942181 0.0087339314629456821 0.029324372219680636 -0.0067228893545187053 0.000651764522596192 0.0052047682212257784 -0.092536872883255669 0.0019177756847852372 -0.025327709990625197 0.0058220224689927193 -0.0061745978835970163 -0.015870200877272807 0.0039372072030387046 -0.010425968434661627
leaf_weight=95 51 175 54 279 119 788 52 2964 52 222 200 129 268 175
leaf_count=95 51 175 54 279 119 788 52 2964 52 222 200 129 268 175
internal_value=8.48183e-12 -0.00028352 0.010416 0.000115792 -0.000171589 -0.00234868 -0.0276863 0.00117441 1.37715e-05 -0.00335837 0.00290125 -0.00662447 -0.00492418 -0.00173673
internal_weight=5623 5474 149 5423 5248 2005 171 3243 1834 846 988 624 572 443
internal_count=5623 5474 149 5423 5248 2005 171 3243 1834 846 988 624 572 443
is_linear=0
shrinkage=0.05


Tree=157
num_leaves=15
num_cat=0
split_feature=4 4 7 3 15 7 0 0 12 16 7 3 0 0
split_gain=6.61905 45.7195 23.6456 8.44469 11.4784 8.88237 7.84364 14.5567 9.88217 7.40158 12.6465 6.60819 8.89782 11.0524
threshold=-0.91702515554752051 -0.90255091666790832 968.1500000000002 -0.20791169081775965 28.185000000000006 968.75000000000011 18.850000000000005 14.550000000000002 -0.066599999999999993 98.351783264746246 973.1500000000002 0.67556448321067852 14.950000000000001 13.350000000000003
decision_type=2 2 2 2 2 2 2 2 2 2 2 2 2 2
left_child=3 -2 -3 4 5 -1 7 -5 -8 -4 -11 12 13 -12
right_child=1 2 9 6 -6 -7 8 -9 -10 10 11 -13 -14 -15
leaf_value=0.031242587672615493 -0.036654860527393807 -0.025892590643602543 -0.0014610803074452782 0.0010543184379595474 -0.012374574358065455 0.009191715162966364 0.025984710370275107 -0.0234099962047148 -0.0010325678921865554 0.011999736422153771 0.0016867908016697933 0.007045614285950819 0.002447711115109507 -0.01275652445766523
leaf_weight=54 87 87 2434 264 53 296 55 79 88 305 260 362 929 270
leaf_count=54 87 87 2434 264 53 296 55 79 88 305 260 362 929 270
internal_value=5.97114e-11 -0.000743396 -7.10706e-05 0.00395865 0.00931016 0.0125938 -0.000478923 -0.00458032 0.00935869 0.000421577 0.00257698 0.000998759 -0.000501557 -0.00567112
internal_weight=5623 4734 4647 889 403 350 486 343 143 4560 2126 1821 1459 530
internal_count=5623 4734 4647 889 403 350 486 343 143 4560 2126 1821 1459 530
is_linear=0
shrinkage=0.05


Tree=158
num_leaves=15
num_cat=0
split_feature=7 7 0 18 12 18 7 18 4 8 7 4 13 4
split_gain=6.59538 33.8979 10.8898 5.45431 83.1849 6.85405 4.68314 8.90662 4.77491 5.01957 7.9693 7.26381 11.4216 12.6631
threshold=967.95000000000016 968.35000000000002 22.150000000000002 27.550000000000004 -0.43054999999999993 26.850000000000005 972.55000000000007 25.050000000000004 0.99535829673000953 -0.91594999999999993 973.55000000000007 -0.72534675097891066 -0.22489999999999996 0.72534675097891099
decision_type=2 2 2 2 2 2 2 2 2 2 2 2 2 2
left_child=2 -2 -1 5 -5 6 7 -3 9 11 -11 -8 -13 -14
right_child=1 3 -4 4 -6 -7 8 -9 -10 10 -12 12 13 -15
leaf_value=0.029399592623114586 -0.040855679565164095 0.0024759709710020072 0.00077298962830970382 -0.060175239910387396 0.0046320614326358228 0.0177665376565991 -0.01992701251781883 0.023746623422177333 -0.012257978470041985 -0.010825398557102057 0.0010159528988543706 0.010472759736455547 -0.018852378865566982 0.0024225198573225902
leaf_weight=50 51 689 99 59 308 57 69 53 82 148 3557 121 136 144
leaf_count=50 51 689 99 59 308 57 69 53 82 148 3557 121 136 144
internal_value=6.80159e-12 -0.000282518 0.0103792 9.90474e-05 -0.00578655 0.000526265 0.000329687 0.0039953 -0.000309234 -7.45521e-05 0.000542938 -0.00494221 -0.00236378 -0.007911
internal_weight=5623 5474 149 5423 367 5056 4999 742 4257 4175 3705 470 401 280
internal_count=5623 5474 149 5423 367 5056 4999 742 4257 4175 3705 470 401 280
is_linear=0
shrinkage=0.05


Tree=159
num_leaves=15
num_cat=0
split_feature=5 6 0 14 12 5 5 4 14 14 17 4 3 17
split_gain=6.60787 98.7077 6.84627 14.2249 11.438 6.74993 92.4887 12.0524 12.8559 7.93918 8.70731 7.63537 7.50794 6.72921
threshold=1.0827350773302553 39.250000000000007 20.450000000000003 8.4150000000000009 0.55655000000000021 1.1158680580477516 1.1165514017361613 -0.63605400036818849 9.8150000000000031 8.8850000000000016 4.3500000000000005 0.49240481012316878 -0.72534675097891066 7.6500000000000012
decision_type=2 2 2 2 2 2 2 2 2 2 2 2 2 2
left_child=1 -1 3 -3 -5 7 -7 12 9 10 -9 -10 -2 -12
right_child=5 2 -4 4 -6 6 -8 8 11 -11 13 -13 -14 -15
leaf_value=-0.070188666537153319 0.025522918974049392 -0.010712936145460442 -0.0049460106542961596 0.034976423375071987 0.0046010534233245698 -0.05944987179316355 0.00029908359926329378 -0.023337884387001396 0.00013983439216767816 -0.028373617950059909 0.0071218200770514183 0.01645876496291623 0.0056342794541717825 -0.014669646414997127
leaf_weight=52 50 54 115 63 61 66 3473 56 407 51 103 87 931 54
leaf_count=52 50 54 115 63 61 66 3473 56 407 51 103 87 931 54
internal_value=1.54077e-11 -0.00670412 0.00456276 0.0107061 0.0200337 0.000438219 -0.000815195 0.00298901 -0.00174639 -0.0106537 -0.00641096 0.00301382 0.00664797 -0.000373334
internal_weight=5623 345 293 178 124 5278 3539 1739 758 264 213 494 981 157
internal_count=5623 345 293 178 124 5278 3539 1739 758 264 213 494 981 157
is_linear=0
shrinkage=0.05


Tree=160
num_leaves=15
num_cat=0
split_feature=18 18 7 9 17 17 7 3 7 12 4 8 18 15
split_gain=6.6331 54.4359 18.1673 106.467 10.8841 8.81538 7.63119 4.88678 5.69039 5.16708 7.43996 8.01744 7.10925 5.74151
threshold=27.750000000000004 27.150000000000002 968.1500000000002 -1.0000000180025095e-35 22.950000000000003 20.050000000000004 968.75000000000011 -0.99535829673000931 980.05000000000007 -0.33529999999999993 -0.68832836526074781 -0.78654999999999986 21.650000000000002 19.210000000000004
decision_type=2 2 2 2 2 2 2 2 2 2 2 2 2 2
left_child=1 2 3 -1 5 -2 -4 8 -8 10 11 -9 13 -13
right_child=4 -3 6 -5 -6 -7 7 9 -10 -11 -12 12 -14 -15
leaf_value=0.022186940758855959 0.0048221054619643836 -0.04907383759702115 0.017663143134268467 -0.074540394183248287 0.0013207010114550022 0.033830179026858379 -0.018219035278046872 -0.014028541873330656 0.00094497664905259307 -5.9797565136535778e-05 0.014441347342768782 0.0052251429488167694 0.016620807096035646 -0.0097580264353162652
leaf_weight=66 50 57 64 50 301 55 76 69 79 4206 152 215 92 91
leaf_count=66 50 57 64 50 301 55 76 69 79 4206 152 215 92 91
internal_value=-3.09895e-11 -0.000479068 5.7735e-05 -0.0195059 0.0061559 0.0200168 0.000507651 0.000287179 -0.00845157 0.000567906 0.00483305 0.00170572 0.00443352 0.000769364
internal_weight=5623 5217 5160 116 406 105 5044 4980 155 4825 619 467 398 306
internal_count=5623 5217 5160 116 406 105 5044 4980 155 4825 619 467 398 306
is_linear=0
shrinkage=0.05


Tree=161
num_leaves=15
num_cat=0
split_feature=7 7 13 0 0 4 4 0 18 18 7 7 18 18
split_gain=7.4046 31.3223 10.4742 5.40907 69.2055 120.05 14.8447 12.4554 12.5408 9.48238 14.0487 7.0554 6.16781 4.52958
threshold=967.95000000000016 968.35000000000002 -0.9787499999999999 21.350000000000005 22.150000000000002 -0.83385407025023273 -0.11319890333640036 24.750000000000004 23.750000000000004 25.250000000000004 972.35000000000002 977.45000000000016 27.950000000000003 22.350000000000005
decision_type=2 2 2 2 2 2 2 2 2 2 2 2 2 2
left_child=2 -2 -1 9 5 -5 7 8 11 13 -11 -6 -10 -3
right_child=1 3 -4 4 6 -7 -8 -9 12 10 -12 -13 -14 -15
leaf_value=0.0010027918337207091 -0.039300629530243547 0.0006774245761157696 0.028580930693661452 -0.098077657744288449 -0.005458265866805939 0.0011706731391873642 -0.019155436350056568 -0.00039548217700908117 0.038764384900238001 0.034635851033031941 0.0032765070036053661 0.016720489473616491 0.014173988377054534 -0.0080585864324171051
leaf_weight=95 51 4065 54 50 87 78 78 573 51 50 125 61 51 154
leaf_count=95 51 4065 54 50 87 78 78 573 51 50 125 61 51 154
internal_value=-8.25691e-12 -0.000299349 0.0109976 6.74344e-05 -0.00319569 -0.0375982 0.00169168 0.00366747 0.0129798 0.000831603 0.0122363 0.00368298 0.0264692 0.000358547
internal_weight=5623 5474 149 5423 1029 128 901 823 250 4394 175 148 102 4219
internal_count=5623 5474 149 5423 1029 128 901 823 250 4394 175 148 102 4219
is_linear=0
shrinkage=0.05


Tree=162
num_leaves=15
num_cat=0
split_feature=7 7 13 18 12 18 3 6 7 12 4 5 18 1
split_gain=6.68265 28.2683 9.45297 5.51801 73.9847 6.84811 4.23692 5.23518 5.39101 4.66911 5.47715 7.29683 10.2249 6.93488
threshold=967.95000000000016 968.35000000000002 -0.9787499999999999 27.550000000000004 -0.43054999999999993 26.850000000000005 -0.99353402350479758 27.250000000000004 979.75000000000011 -0.33529999999999993 -0.67556448321067808 1.1158680580477516 17.450000000000003 20.912821608733704
decision_type=2 2 2 2 2 2 2 2 2 2 2 2 2 2
left_child=2 -2 -1 5 -5 6 7 -3 -9 10 11 12 -8 -13
right_child=1 3 -4 4 -6 -7 9 8 -10 -11 -12 13 -14 -15
leaf_value=0.00095265220360536338 -0.037335591175703002 -0.020809635207486139 0.027151884021306479 -0.057148691967634835 0.0039697815760117413 0.017726573651133663 -0.0046129434895452242 -0.010283190895509171 0.010731116937948209 -2.7969853426239728e-05 0.013073783642484819 -0.01284714216126664 0.023172945876456338 0.0026861319926204576
leaf_weight=95 51 51 54 59 308 57 56 76 51 4188 146 101 81 249
leaf_count=95 51 51 54 59 308 57 56 76 51 4188 146 101 81 249
internal_value=2.81468e-11 -0.000284381 0.0104477 6.40626e-05 -0.0058558 0.000493768 0.000297275 -0.00727824 -0.00184437 0.000576977 0.00457937 0.00203279 0.0118152 -0.00179633
internal_weight=5623 5474 149 5423 367 5056 4999 178 127 4821 633 487 137 350
internal_count=5623 5474 149 5423 367 5056 4999 178 127 4821 633 487 137 350
is_linear=0
shrinkage=0.05


Tree=163
num_leaves=15
num_cat=0
split_feature=18 18 7 9 17 17 7 5 3 7 7 18 7 4
split_gain=6.48309 51.0567 17.5613 96.4463 9.71479 8.81972 7.7748 4.32218 3.95436 4.99216 3.89511 9.36679 5.17472 11.4766
threshold=27.750000000000004 27.150000000000002 968.1500000000002 -1.0000000180025095e-35 22.950000000000003 20.050000000000004 968.75000000000011 1.118509522668149 -0.99535829673000931 980.05000000000007 972.55000000000007 25.050000000000004 974.35000000000002 -0.73724926354828213
decision_type=2 2 2 2 2 2 2 2 2 2 2 2 2 2
left_child=1 2 3 -1 5 -2 -4 -6 9 -8 11 -10 13 -12
right_child=4 -3 6 -5 7 -7 8 -9 10 -11 12 -13 -14 -15
leaf_value=0.020494019730143587 0.0039826488932594656 -0.047535924392490929 0.01780477202119073 -0.07156892114132643 0.0052147932985045636 0.032997863881967286 -0.016743517839839975 -0.0081923799319978223 0.002280414920935702 0.0012062933083765116 -0.014424195916987681 0.023784122785384006 0.00049301266225300019 0.0031405331288791591
leaf_weight=66 50 57 64 50 218 55 76 83 639 79 187 55 3759 185
leaf_count=66 50 57 64 50 218 55 76 83 639 79 187 55 3759 185
internal_value=-6.75832e-11 -0.000473619 4.62548e-05 -0.0191883 0.00608589 0.0191811 0.000488603 0.0015178 0.000266066 -0.0075949 0.000518595 0.0039846 -6.36871e-05 -0.00568905
internal_weight=5623 5217 5160 116 406 105 5044 301 4980 155 4825 694 4131 372
internal_count=5623 5217 5160 116 406 105 5044 301 4980 155 4825 694 4131 372
is_linear=0
shrinkage=0.05


Tree=164
num_leaves=15
num_cat=0
split_feature=7 7 13 12 18 15 15 18 0 7 7 7 7 18
split_gain=6.84492 25.85 8.89694 5.48567 6.18246 90.9214 14.7558 8.21733 3.68315 4.65687 3.48428 5.51232 9.0927 12.41
threshold=967.95000000000016 968.35000000000002 -0.9787499999999999 -0.69754999999999989 27.550000000000004 23.760000000000002 26.325000000000003 26.850000000000005 16.350000000000005 976.35000000000002 972.35000000000002 978.35000000000002 979.35000000000002 22.550000000000004
decision_type=2 2 2 2 2 2 2 2 2 2 2 2 2 2
left_child=2 -2 -1 8 7 -6 -7 10 -3 -10 -5 -12 -13 -14
right_child=1 3 -4 4 5 6 -8 -9 9 -11 11 12 13 -15
leaf_value=0.0013622156417879621 -0.035718720749148405 -0.00045559594491079673 0.026779249756967789 0.0032705904116304232 -0.057690069266994083 0.026016391219868176 -0.00051375075207100421 0.019436208688315346 0.0046462364756224448 0.025443506127625123 -0.0035611935478408402 0.011204414322298576 0.00037954292744277651 -0.020790752960027945
leaf_weight=95 51 67 54 697 70 69 218 55 57 51 1112 188 2768 71
leaf_count=95 51 67 54 697 70 69 218 55 57 51 1112 188 2768 71
internal_value=1.50518e-11 -0.000287813 0.0105738 4.53927e-05 -0.000245001 -0.00659712 0.00586458 0.000218648 0.00875388 0.0144672 8.59279e-08 -0.000550661 0.000555289 -0.000149901
internal_weight=5623 5474 149 5423 5248 357 287 4891 175 108 4836 4139 3027 2839
internal_count=5623 5474 149 5423 5248 357 287 4891 175 108 4836 4139 3027 2839
is_linear=0
shrinkage=0.05


Tree=165
num_leaves=15
num_cat=0
split_feature=18 18 7 6 17 7 17 5 16 17 0 17 18 7
split_gain=6.45635 46.932 16.4003 93.707 10.063 7.42731 6.94513 3.94806 3.88751 5.44337 10.373 9.50648 10.8664 8.08132
threshold=27.750000000000004 27.150000000000002 968.1500000000002 38.050000000000004 22.950000000000003 968.75000000000011 20.050000000000004 1.118509522668149 95.091975308642006 9.0500000000000025 10.850000000000003 9.4500000000000011 7.1500000000000012 992.05000000000007
decision_type=2 2 2 2 2 2 2 2 2 2 2 2 2 2
left_child=1 2 3 -1 6 -4 -2 -6 9 10 -7 -11 -13 -14
right_child=4 -3 5 -5 7 8 -8 -9 -10 11 -12 12 13 -15
leaf_value=0.02194571659056237 0.0059142821282148362 -0.045593936450518013 0.01737804327203776 -0.068417849151928042 0.0049574536584326232 0.00051497729053196308 0.031661979305473244 -0.0078563442936234445 0.0016513821575309725 -0.016560388240613975 0.023647903899351758 -0.016199038027302739 0.00036979637687363726 -0.018739593339730697
leaf_weight=64 50 57 64 52 218 973 55 83 2457 120 51 121 1200 58
leaf_count=64 50 57 64 52 218 973 55 83 2457 120 51 121 1200 58
internal_value=7.09551e-11 -0.000472642 2.57914e-05 -0.0185621 0.00607333 0.000453268 0.0194012 0.00142408 0.000235761 -0.00114283 0.00166711 -0.00306236 -0.00188776 -0.000511241
internal_weight=5623 5217 5160 116 406 5044 105 301 4980 2523 1024 1499 1379 1258
internal_count=5623 5217 5160 116 406 5044 105 301 4980 2523 1024 1499 1379 1258
is_linear=0
shrinkage=0.05


Tree=166
num_leaves=15
num_cat=0
split_feature=7 7 0 0 17 15 18 18 7 14 12 6 9 12
split_gain=6.98484 23.6834 9.60359 5.12268 62.6546 115.909 16.5309 9.51008 12.2583 9.26476 14.5163 7.02546 6.22906 4.00111
threshold=967.95000000000016 968.35000000000002 22.150000000000002 21.350000000000005 21.650000000000002 21.210000000000004 17.750000000000004 25.250000000000004 972.35000000000002 24.850000000000005 -0.083749999999999977 30.450000000000003 -1.0000000180025095e-35 -0.69754999999999989
decision_type=2 2 2 2 2 2 2 2 2 2 2 2 2 2
left_child=2 -2 -1 7 5 6 -5 13 -9 10 -6 -12 -13 -3
right_child=1 3 -4 4 9 -7 -8 8 -10 -11 11 12 -14 -15
leaf_value=0.028543126143864356 -0.034204386268724123 0.0090740001826946221 0.0016601544865136591 -0.019663069773919118 0.025472813875091323 -0.093693438311125726 0.016325166235091511 0.033116833372041583 0.003823774642124772 -0.0012277370778579298 -0.014057290435805187 0.015501623013271735 -0.005934572068077547 2.7954202017375068e-05
leaf_weight=50 51 126 99 78 98 51 54 50 125 552 51 91 54 4093
leaf_count=50 51 126 99 78 98 51 54 50 125 552 51 91 54 4093
internal_value=6.3927e-12 -0.00029074 0.0106813 2.8197e-05 -0.00314737 -0.029675 -0.00494061 0.00077186 0.0121932 0.00259088 0.00976053 0.00190438 0.00751849 0.000298113
internal_weight=5623 5474 149 5423 1029 183 132 4394 175 846 294 196 145 4219
internal_count=5623 5474 149 5423 1029 183 132 4394 175 846 294 196 145 4219
is_linear=0
shrinkage=0.05


Tree=167
num_leaves=15
num_cat=0
split_feature=7 7 0 18 12 18 0 8 16 18 0 0 17 12
split_gain=6.30382 21.3743 8.66724 5.00825 67.4644 7.48663 4.21374 4.22512 3.67394 3.97437 3.80582 9.6012 3.98923 9.59266
threshold=967.95000000000016 968.35000000000002 22.150000000000002 27.550000000000004 -0.43054999999999993 26.850000000000005 23.750000000000004 1.0000000180025095e-35 0.15987654320987646 25.250000000000004 24.150000000000002 23.250000000000004 21.750000000000004 0.77245000000000019
decision_type=2 2 2 2 2 2 2 2 2 2 2 2 2 2
left_child=2 -2 -1 5 -5 8 7 -6 -3 10 11 12 -10 -14
right_child=1 3 -4 4 6 -7 -8 -9 9 -11 -12 -13 13 -15
leaf_value=0.027115969728678465 -0.032494160765782001 -0.0036684139126070287 0.0015771467865040058 -0.054593563268885564 0.002165592893485039 0.018454467318135135 -0.00090277667895474658 0.02095324306855011 0.00070897304253933512 0.010712143125434974 -0.012026423191030821 0.02068503710393936 0.0013285024036602008 -0.022288872330234605
leaf_weight=50 51 539 99 59 63 57 188 57 4052 97 60 59 127 65
leaf_count=50 51 539 99 59 63 57 188 57 4052 97 60 59 127 65
internal_value=-2.32656e-11 -0.000276203 0.0101472 2.6787e-05 -0.00561301 0.000436163 0.00376963 0.0110897 0.000230713 0.000701931 0.00047938 0.000653758 0.000375283 -0.00666696
internal_weight=5623 5474 149 5423 367 5056 308 120 4999 4460 4363 4303 4244 192
internal_count=5623 5474 149 5423 367 5056 308 120 4999 4460 4363 4303 4244 192
is_linear=0
shrinkage=0.05


Tree=168
num_leaves=15
num_cat=0
split_feature=18 18 18 9 17 17 9 12 4 18 18 4 3 13
split_gain=6.37026 43.4582 13.4886 133.163 8.81401 7.06957 6.18416 3.83685 7.70102 5.66067 13.1543 13.7117 9.71842 13.654
threshold=27.750000000000004 27.150000000000002 25.250000000000004 0.60355000000000014 22.950000000000003 20.050000000000004 -0.60354999999999992 0.75015000000000021 -0.99140711019144601 10.250000000000002 9.5500000000000025 -0.92384435400961373 0.52247866957162981 -0.93544999999999989
decision_type=2 2 2 2 2 2 2 2 2 2 2 2 2 2
left_child=1 2 7 6 5 -2 -4 9 -9 10 11 -1 13 -13
right_child=4 -3 3 -5 -6 -7 -8 8 -10 -11 -12 12 -14 -15
leaf_value=0.021286324556843428 0.0048988418336957697 -0.043888809908132417 0.0019329917200497891 -0.080046083661068662 0.0016815415304695623 0.030876194577325475 0.024046042581206899 -0.018733108301692811 -0.00067903287116059721 0.002987771602219717 -0.014259564366109451 0.012925803310104778 0.0054165581398526374 -0.011763316421539848
leaf_weight=76 50 57 57 53 301 55 71 61 1863 2157 170 70 302 280
leaf_count=76 50 57 57 53 301 55 71 61 1863 2157 170 70 302 280
internal_value=2.90277e-11 -0.00046948 1.01522e-05 -0.0133978 0.0060327 0.018506 0.0141988 0.000497565 -0.00125143 0.00159906 -0.00173662 0.00118769 -0.00115509 -0.00682549
internal_weight=5623 5217 5160 181 406 105 128 4979 1924 3055 898 728 652 350
internal_count=5623 5217 5160 181 406 105 128 4979 1924 3055 898 728 652 350
is_linear=0
shrinkage=0.05


Tree=169
num_leaves=15
num_cat=0
split_feature=4 4 7 7 7 18 15 13 18 13 12 15 18 16
split_gain=6.09043 41.74 19.311 8.5861 18.1002 7.44712 12.0377 12.1579 6.2087 5.5831 7.98952 9.20175 15.1182 10.2583
threshold=-0.91702515554752051 -0.90255091666790832 968.1500000000002 968.55000000000007 967.45000000000016 23.450000000000003 24.985000000000003 -0.6843499999999999 22.750000000000004 -0.96904999999999986 0.80930000000000013 10.610000000000001 11.350000000000003 95.091975308642006
decision_type=2 2 2 2 2 2 2 2 2 2 2 2 2 2
left_child=3 -2 -3 4 -1 8 7 -7 -4 -5 11 -11 -13 -14
right_child=1 2 5 9 -6 6 -8 -9 -10 10 -12 12 13 -15
leaf_value=-0.0040332852446008476 -0.035026115581832142 -0.023405738603109603 -0.00013393987553283901 -0.0056775148438279474 0.038099939641184535 0.021980375838266012 -0.00089171019050383611 -0.0016234483576958955 -0.016899725117920233 0.023247365347850019 -0.0057246270733291678 -0.021226825781166553 -0.0046131764862331606 0.014327155819202226
leaf_weight=50 87 87 3962 181 52 163 297 82 56 78 149 50 105 224
leaf_count=50 87 87 3962 181 52 163 297 82 56 78 149 50 105 224
internal_value=7.48969e-11 -0.000713094 -7.06936e-05 0.00379728 0.0174464 0.000374515 0.00587609 0.0140803 -0.000367609 0.00202828 0.00432984 0.00760799 0.00438934 0.00828237
internal_weight=5623 4734 4647 889 102 4560 542 245 4018 787 606 457 379 329
internal_count=5623 4734 4647 889 102 4560 542 245 4018 787 606 457 379 329
is_linear=0
shrinkage=0.05


Tree=170
num_leaves=15
num_cat=0
split_feature=17 14 5 6 14 5 5 12 14 12 18 14 0 0
split_gain=6.06399 106.341 13.6231 99.7149 11.1266 10.8042 9.40811 8.66945 7.5067 12.8534 13.8572 6.44001 7.13879 6.14256
threshold=21.650000000000002 21.650000000000002 1.0827350773302553 40.150000000000013 8.4150000000000009 1.1408230641324602 1.0858690791537731 0.58485000000000009 24.850000000000005 -0.39924999999999994 22.350000000000005 20.350000000000005 22.350000000000005 21.850000000000005
decision_type=2 2 2 2 2 2 2 2 2 2 2 2 2 2
left_child=1 2 3 -1 -5 8 -4 -6 9 10 -2 12 -8 -11
right_child=5 -3 6 4 7 -7 11 -9 -10 13 -12 -13 -14 -15
leaf_value=-0.070248137920332895 0.0072045120277575078 -0.071220386056405197 0.020636805022488641 -0.011014945806898907 0.031657265055538071 -0.017501952822351733 0.00026690468709898051 0.0027797735643153099 0.00091668333670598444 -0.0042004958016707769 0.043049070388615995 0.012029355751431508 -0.0185578218204718 0.0099104330131975834
leaf_weight=55 56 53 58 51 53 59 4029 51 612 124 52 115 51 204
leaf_count=55 56 53 58 51 53 59 4029 51 612 124 52 115 51 204
internal_value=1.16937e-11 -0.000812946 2.31715e-05 -0.0124086 0.0081151 0.00331641 0.000637014 0.0174962 0.00448844 0.009502 0.024463 0.000360497 3.15956e-05 0.00457581
internal_weight=5623 4516 4463 210 155 1107 4253 104 1048 436 108 4195 4080 328
internal_count=5623 4516 4463 210 155 1107 4253 104 1048 436 108 4195 4080 328
is_linear=0
shrinkage=0.05


Tree=171
num_leaves=15
num_cat=0
split_feature=7 7 0 8 6 6 18 16 14 7 5 5 16 3
split_gain=6.65901 20.0771 8.00089 4.99762 17 126.222 18.2567 8.83288 7.68304 9.19465 7.51386 9.19251 7.04106 9.97059
threshold=967.95000000000016 968.35000000000002 22.150000000000002 1.0000000180025095e-35 29.950000000000003 30.350000000000005 23.650000000000002 98.351783264746246 14.615000000000002 969.75000000000011 1.1179786912237708 1.1212524900122867 59.043278463648846 0.96359376111369366
decision_type=2 2 2 2 2 2 2 2 2 2 2 2 2 2
left_child=2 -2 -1 8 12 -6 10 -8 9 -3 -7 -12 -5 -14
right_child=1 3 -4 4 5 6 7 -9 -10 -11 11 -13 13 -15
leaf_value=0.026732599720358848 -0.031508865657116414 0.020333659119904042 0.0021951309848218721 -0.0025762234694758218 -0.074493922143458166 -0.0029967883794655859 0.0020947025475811353 0.026219736362411962 0.0044319646540018198 -0.0014372975822198267 -0.033146434138510747 -0.0039266939846831451 0.0053463857030971998 -0.012087418652243085
leaf_weight=50 51 50 99 756 65 437 79 73 1227 1614 51 57 924 90
leaf_count=50 51 50 99 756 65 437 79 73 1227 1614 51 57 924 90
internal_value=-7.44016e-12 -0.000283878 0.0104292 9.77395e-06 -0.00161213 -0.00785626 -0.00164184 0.0136811 0.00143027 -0.000783122 -0.00591539 -0.0177249 0.00107603 0.00379901
internal_weight=5623 5474 149 5423 2532 762 697 152 2891 1664 545 108 1770 1014
internal_count=5623 5474 149 5423 2532 762 697 152 2891 1664 545 108 1770 1014
is_linear=0
shrinkage=0.05


Tree=172
num_leaves=15
num_cat=0
split_feature=7 7 13 18 15 15 18 0 15 4 7 4 4 9
split_gain=6.00976 18.1195 7.59629 5.14085 68.046 12.1002 7.47252 3.21708 3.73027 4.63827 9.38253 4.99971 5.89391 8.41077
threshold=967.95000000000016 968.35000000000002 -0.9787499999999999 27.550000000000004 23.760000000000002 26.325000000000003 26.850000000000005 3.6500000000000008 5.6750000000000007 -0.99140711019144601 976.95000000000016 -0.96811077628253217 -0.97625883275952019 0.37940000000000002
decision_type=2 2 2 2 2 2 2 2 2 2 2 2 2 2
left_child=2 -2 -1 6 -5 -6 7 -3 -9 10 -10 12 13 -11
right_child=1 3 -4 4 5 -7 -8 8 9 11 -12 -13 -14 -15
leaf_value=0.0013960926213889922 -0.029933422008602353 -0.0072537612346267061 0.024881884168091888 -0.048545355727656975 0.023250934604023187 -0.00057771462381236884 0.018425361063788861 0.008756897583575422 0.0012263830589030736 0.013690756265939753 -0.022318834994974383 0.00016229274898340554 0.020352894127535732 -0.011854146847154126
leaf_weight=95 51 140 54 74 70 223 57 131 112 71 68 4351 67 59
leaf_count=95 51 140 54 74 70 223 57 131 112 71 68 4351 67 59
internal_value=2.8711e-11 -0.000269684 0.00990772 9.28529e-06 -0.00570469 0.00511514 0.000424046 0.00021879 0.000434093 0.00020349 -0.00766848 0.000515046 0.00830606 0.0020973
internal_weight=5623 5474 149 5423 367 293 5056 4999 4859 4728 180 4548 197 130
internal_count=5623 5474 149 5423 367 293 5056 4999 4859 4728 180 4548 197 130
is_linear=0
shrinkage=0.05


Tree=173
num_leaves=15
num_cat=0
split_feature=18 18 7 9 14 7 4 4 15 4 4 4 8 5
split_gain=6.11889 40.5 15.6073 89.7369 8.716 7.86825 4.75274 4.57806 4.1282 3.32928 3.19465 6.8546 3.32698 9.41906
threshold=27.750000000000004 27.150000000000002 968.1500000000002 -1.0000000180025095e-35 22.650000000000002 968.75000000000011 -0.87878364999916114 -0.92384435400961373 28.185000000000006 0.99535829673000953 0.98624804680367306 0.97233289553061597 -0.91594999999999993 1.0952099673536362
decision_type=2 2 2 2 2 2 2 2 2 2 2 2 2 2
left_child=1 2 3 -1 -2 -4 7 -6 -8 10 11 12 13 -7
right_child=4 -3 5 -5 6 9 8 -9 -10 -11 -12 -13 -14 -15
leaf_value=0.020147150150980009 0.018988001754641839 -0.042375594891583254 0.01783983107889071 -0.068655846072360874 0.00017156286030513003 0.00799546630570434 -0.013397964021334283 0.019480001506241736 0.0022247769689949402 -0.009124544079346146 0.010413176845759153 -0.014992168872323755 0.00091695593601549569 -0.0072344759985215352
leaf_weight=66 97 57 64 50 64 137 65 59 121 94 78 73 4206 392
leaf_count=66 97 57 64 50 64 137 65 59 121 94 78 73 4206 392
internal_value=-3.50812e-11 -0.000460124 2.89575e-06 -0.01813 0.00591248 0.000419909 0.00180787 0.00943333 -0.00323478 0.000196039 0.000375354 0.000212511 0.000446923 -0.00329024
internal_weight=5623 5217 5160 116 406 5044 309 123 186 4980 4886 4808 4735 529
internal_count=5623 5217 5160 116 406 5044 309 123 186 4980 4886 4808 4735 529
is_linear=0
shrinkage=0.05


Tree=174
num_leaves=15
num_cat=0
split_feature=5 6 7 7 7 7 7 7 18 14 0 14 3 4
split_gain=6.18049 86.7907 29.2373 14.4115 11.8336 6.83901 75.5845 8.73052 6.93118 19.2648 6.55807 5.26682 4.87271 6.58359
threshold=1.0827350773302553 39.250000000000007 968.35000000000002 967.6500000000002 968.55000000000007 971.45000000000016 971.1500000000002 971.85000000000002 25.250000000000004 24.085000000000004 20.150000000000002 8.6500000000000021 -0.70088257582277247 -0.91702515554752051
decision_type=2 2 2 2 2 2 2 2 2 2 2 2 2 2
left_child=1 -1 3 -2 -3 6 8 -7 12 -10 11 -6 -4 -14
right_child=2 4 5 -5 10 7 -8 -9 9 -11 -12 -13 13 -15
leaf_value=-0.066012775418438169 0.0083058290657098011 0.023476858797573275 -0.015717362973373384 0.043882813632318919 -0.0078236810990846631 0.016782919402567691 -0.057413477559513863 0.00022094741789822808 0.035423576973378661 -0.0025877636604636793 -0.012374342182729708 0.012023741286247969 -0.0080801498479873158 0.006773795319073227
leaf_weight=52 59 62 60 55 51 81 62 4511 50 100 83 97 139 161
leaf_count=52 59 62 60 55 51 81 62 4511 50 100 83 97 139 161
internal_value=-1.01958e-11 -0.00648369 0.000423811 0.0254702 0.00408119 -0.00012911 -0.00528468 0.00051309 0.00105255 0.0100827 -0.00112457 0.00518443 -0.00271 -0.000108533
internal_weight=5623 345 5278 114 293 5164 572 4592 510 150 231 148 360 300
internal_count=5623 345 5278 114 293 5164 572 4592 510 150 231 148 360 300
is_linear=0
shrinkage=0.05


Tree=175
num_leaves=15
num_cat=0
split_feature=7 7 3 18 15 15 18 3 7 7 18 7 4 15
split_gain=5.98078 18.7393 7.72891 4.94141 63.4128 10.8001 7.5121 3.20085 4.43539 3.49955 6.91405 5.11577 4.52611 4.46371
threshold=967.95000000000016 968.35000000000002 -0.35019404643548446 27.550000000000004 23.760000000000002 26.325000000000003 26.850000000000005 -0.99535829673000931 980.05000000000007 972.6500000000002 25.050000000000004 973.25000000000011 0.99535829673000953 10.475000000000003
decision_type=2 2 2 2 2 2 2 2 2 2 2 2 2 2
left_child=2 -2 -1 6 -5 -6 7 8 -3 10 -9 -11 13 -13
right_child=1 3 -4 4 5 -7 -8 9 -10 11 -12 12 -14 -15
leaf_value=0.020459662294597364 -0.030435833343711007 -0.015373651813957598 -0.0023780579707396313 -0.046943830279633406 0.021991401594132185 -0.00052071560498936768 0.01847022030535236 0.0022605454569993816 0.0014895306593632395 -0.011301540112588555 0.020996627302945787 0.0028772296810589603 -0.011550724907364283 -0.0007559158094802875
leaf_weight=80 51 77 69 74 70 223 57 694 79 100 53 1235 81 2680
leaf_count=80 51 77 69 74 70 223 57 694 79 100 53 1235 81 2680
internal_value=3.84173e-11 -0.000269033 0.00988381 1.46673e-05 -0.00558737 0.00485761 0.000421303 0.000215504 -0.00683396 0.000442577 0.00358988 -0.000131406 0.000148127 0.000390172
internal_weight=5623 5474 149 5423 367 293 5056 4999 156 4843 747 4096 3996 3915
internal_count=5623 5474 149 5423 367 293 5056 4999 156 4843 747 4096 3996 3915
is_linear=0
shrinkage=0.05


Tree=176
num_leaves=15
num_cat=0
split_feature=4 4 7 7 7 18 15 7 6 18 3 0 12 18
split_gain=5.8026 38.0983 18.4345 8.41239 17.5928 6.28989 11.1943 10.2291 9.14146 5.83009 5.6668 7.53513 6.69974 9.96527
threshold=-0.91702515554752051 -0.90255091666790832 968.1500000000002 968.55000000000007 967.45000000000016 23.450000000000003 24.985000000000003 971.75000000000011 29.550000000000004 22.750000000000004 -0.35019404643548446 19.050000000000004 0.80930000000000013 9.3500000000000032
decision_type=2 2 2 2 2 2 2 2 2 2 2 2 2 2
left_child=3 -2 -3 4 -1 9 7 -7 -9 -4 11 -5 13 -12
right_child=1 2 5 10 -6 6 -8 8 -10 -11 12 -13 -14 -15
leaf_value=-0.0039596842657774693 -0.033478046294794173 -0.022881636171248453 -0.00010291322324748665 0.026783098693937066 0.037578805176935237 0.032534690201282503 -0.0011176280019591603 -0.0069930364002487554 0.015928626253322187 -0.016349475817488773 0.020099068199559839 0.0013691578007170133 -0.0098852574167058883 -1.8040919988204927e-05
leaf_weight=50 87 87 3962 50 52 54 297 67 124 56 71 70 133 463
leaf_count=50 87 87 3962 50 52 54 297 67 124 56 71 70 133 463
internal_value=1.00484e-11 -0.00069604 -8.23028e-05 0.00370647 0.0172168 0.000352684 0.00540877 0.0133204 0.00788804 -0.000329346 0.00195545 0.0119583 0.000155835 0.00265671
internal_weight=5623 4734 4647 889 102 4560 542 245 191 4018 787 120 667 534
internal_count=5623 4734 4647 889 102 4560 542 245 191 4018 787 120 667 534
is_linear=0
shrinkage=0.05


Tree=177
num_leaves=15
num_cat=0
split_feature=7 7 3 8 18 15 3 17 7 17 14 15 6 12
split_gain=6.0204 18.0388 7.63538 4.80737 23.9138 93.446 6.88863 6.51092 6.45581 6.06206 11.9161 8.9849 8.2249 6.88734
threshold=967.95000000000016 968.35000000000002 -0.39073112848927366 0.37940000000000002 27.550000000000004 25.385000000000002 -0.87032255546191706 6.1500000000000012 991.6500000000002 8.9500000000000011 9.5850000000000026 9.1250000000000018 21.250000000000004 0.9990500000000001
decision_type=2 2 2 2 2 2 2 2 2 2 2 2 2 2
left_child=2 -2 -1 7 6 -6 -5 -3 -8 12 11 -11 -9 -12
right_child=1 3 -4 4 5 -7 8 9 -10 10 13 -13 -14 -15
leaf_value=0.022609342797130179 -0.029867525289163872 -0.0061336969392621178 -0.00017663016634802503 -0.0080035243957966625 -0.076923201449215425 0.0067932648833375422 0.001503895212469925 -0.0060103545658463653 -0.012801612173038794 -0.025693816919876655 0.0014006153249280014 -0.00035788611225459887 0.011490870664867092 0.019786623894022064
leaf_weight=66 51 279 83 257 50 100 1583 86 83 71 2487 69 306 52
leaf_count=66 51 279 83 257 50 100 1583 86 83 71 2487 69 306 52
internal_value=-7.37244e-11 -0.000269923 0.00991649 8.42468e-06 -0.00188404 -0.0211122 -0.000384178 0.00117949 0.000791196 0.00184389 0.000994132 -0.0132068 0.00765132 0.00177717
internal_weight=5623 5474 149 5423 2073 150 1923 3350 1666 3071 2679 140 392 2539
internal_count=5623 5474 149 5423 2073 150 1923 3350 1666 3071 2679 140 392 2539
is_linear=0
shrinkage=0.05


Tree=178
num_leaves=15
num_cat=0
split_feature=18 18 7 7 7 18 14 3 5 15 5 0 5 6
split_gain=6.40829 40.4232 155.789 15.8724 12.8858 12.3059 9.69956 3.87522 3.3403 3.30205 3.27598 4.79782 2.94009 11.0164
threshold=27.750000000000004 25.250000000000004 971.45000000000016 968.55000000000007 967.45000000000016 26.850000000000005 22.150000000000002 -0.5663846699108962 1.1206319573918664 26.685000000000006 1.0820490108852658 25.550000000000004 1.2254343586508496 9.0500000000000025
decision_type=2 2 2 2 2 2 2 2 2 2 2 2 2 2
left_child=1 3 -3 4 -1 7 -2 -4 10 12 -8 -12 13 -5
right_child=6 2 5 9 -6 -7 8 -9 -10 -11 11 -13 -14 -15
leaf_value=0.0013712466751726775 0.021296313134616759 -0.079096307784512446 0.0071591921902906435 0.022592304967005147 0.032287443075329068 0.026564721400447362 -0.0063181585874050291 -0.011964535769247622 -0.007360542381906675 -0.0092098466353490952 0.019051992596359923 0.0024308144829787871 -0.010701582610004078 8.255735361542953e-05
leaf_weight=65 83 77 52 55 70 55 52 54 72 95 64 135 61 4633
leaf_count=65 83 77 52 55 70 55 52 54 72 95 64 135 61 4633
internal_value=5.07824e-11 -0.000470879 -0.0206015 0.000491381 0.0174019 0.00737424 0.00605069 -0.00258308 0.00213308 2.00935e-05 0.00485635 0.00777632 0.000204731 0.000346644
internal_weight=5623 5217 238 4979 135 161 406 106 323 4844 251 199 4749 4688
internal_count=5623 5217 238 4979 135 161 406 106 323 4844 251 199 4749 4688
is_linear=0
shrinkage=0.05


Tree=179
num_leaves=15
num_cat=0
split_feature=18 18 7 6 14 7 5 3 18 12 3 3 7 7
split_gain=5.78348 37.0644 14.7957 87.2377 8.75386 6.60556 3.01462 3.23877 5.46445 2.90378 3.64124 2.95438 4.53385 3.72158
threshold=27.750000000000004 27.150000000000002 968.1500000000002 38.050000000000004 22.150000000000002 968.75000000000011 1.1206319573918664 -0.47714059151611382 30.950000000000003 -0.69754999999999989 -0.33379414889141262 -0.99535829673000931 979.75000000000011 972.05000000000007
decision_type=2 2 2 2 2 2 2 2 2 2 2 2 2 2
left_child=1 2 3 -1 -2 -4 7 -6 -9 10 -7 12 -11 -13
right_child=4 -3 5 -5 6 9 -8 8 -10 11 -12 13 -14 -15
leaf_value=0.021424983840552161 0.020231497465879714 -0.040545619110037623 0.016362709847453517 -0.065763584338128567 -0.0002426203762698951 0.011673314967437794 -0.0069925153563316494 0.023270702693611384 0.00052930121143747661 -0.016237992405159666 -0.0045104420762509109 0.0039029054788910357 0.00099161270384987205 -0.00033998690224844731
leaf_weight=64 83 57 64 52 145 114 72 50 56 70 50 592 84 4070
leaf_count=64 83 57 64 52 145 114 72 50 56 70 50 592 84 4070
internal_value=1.88052e-11 -0.000447335 -4.38931e-06 -0.0176595 0.00574815 0.000401637 0.00202642 0.00461353 0.0112564 0.000196515 0.00673924 -2.62854e-05 -0.00684003 0.000198793
internal_weight=5623 5217 5160 116 406 5044 323 251 106 4980 164 4816 154 4662
internal_count=5623 5217 5160 116 406 5044 323 251 106 4980 164 4816 154 4662
is_linear=0
shrinkage=0.05


Tree=180
num_leaves=15
num_cat=0
split_feature=7 7 0 18 15 15 18 17 0 15 4 17 4 4
split_gain=6.16458 17.371 8.15735 4.61054 58.3594 10.4509 7.38792 2.86545 2.83861 3.39943 4.14766 8.58097 4.44964 5.4433
threshold=967.95000000000016 968.35000000000002 22.150000000000002 27.550000000000004 23.760000000000002 26.325000000000003 26.850000000000005 26.350000000000005 3.6500000000000008 5.6750000000000007 -0.99140711019144601 13.450000000000001 -0.96811077628253217 -0.97625883275952019
decision_type=2 2 2 2 2 2 2 2 2 2 2 2 2 2
left_child=2 -2 -1 6 -5 -6 8 -7 -3 -10 11 -11 13 -12
right_child=1 3 -4 4 5 7 -8 -9 9 10 12 -13 -14 -15
leaf_value=0.026496582545340066 -0.02931769376748479 -0.0068305427481287293 0.00172036557312528 -0.045085642864059257 0.021463478252823867 -0.010708492996033145 0.018291921864606833 0.002522079549907547 0.0083361039218094683 -0.017485080066641481 0.0018486754640112989 0.0043975307686542646 0.00013264372256707865 0.019392531295654492
leaf_weight=50 51 140 99 74 70 54 57 169 131 96 130 84 4351 67
leaf_count=50 51 140 99 74 70 54 57 169 131 96 130 84 4351 67
internal_value=-3.15468e-12 -0.000273136 0.0100345 1.05192e-08 -0.00541123 0.00460893 0.000392796 -0.000681736 0.000188705 0.000390948 0.000170809 -0.0072732 0.000465427 0.00781537
internal_weight=5623 5474 149 5423 367 293 5056 223 4999 4859 4728 180 4548 197
internal_count=5623 5474 149 5423 367 293 5056 223 4999 4859 4728 180 4548 197
is_linear=0
shrinkage=0.05


Tree=181
num_leaves=15
num_cat=0
split_feature=18 18 7 7 18 7 14 3 15 8 4 13 4 16
split_gain=5.68959 35.4352 140.178 15.1295 11.748 11.7308 9.2186 3.52529 3.01012 2.76879 8.41677 10.0007 10.896 7.67446
threshold=27.750000000000004 25.250000000000004 971.45000000000016 968.55000000000007 26.850000000000005 967.45000000000016 22.150000000000002 -0.5663846699108962 26.685000000000006 -0.91594999999999993 -0.72534675097891066 -0.22489999999999996 0.16504132135358049 61.420370370370371
decision_type=2 2 2 2 2 2 2 2 2 2 2 2 2 2
left_child=1 3 -3 5 7 -1 -2 -4 9 10 -5 13 -13 -12
right_child=6 2 4 8 -6 -7 -8 -9 -10 -11 11 12 -14 -15
leaf_value=0.0016718288532529886 0.020564134798506387 -0.074778116955240434 0.0068086949060671038 -0.016775965821425223 0.025996036785231397 0.031170045914394519 0.0018820552603736659 -0.011431179456930195 -0.0088153734773789589 0.00061527776719076427 -0.0057975359517952497 -0.025235916208475831 -0.0011816967302701504 0.016446111449955874
leaf_weight=65 83 77 52 94 55 70 323 54 95 4188 58 59 233 117
leaf_count=65 83 77 52 94 55 70 323 54 95 4188 58 59 233 117
internal_value=3.02932e-11 -0.000443689 -0.0192914 0.000457248 0.00724566 0.0169672 0.0057013 -0.00248332 -2.87663e-06 0.00017341 -0.00312524 -0.000377551 -0.00604197 0.00907393
internal_weight=5623 5217 238 4979 161 135 406 106 4844 4749 561 467 292 175
internal_count=5623 5217 238 4979 161 135 406 106 4844 4749 561 467 292 175
is_linear=0
shrinkage=0.05


Tree=182
num_leaves=15
num_cat=0
split_feature=17 17 7 15 7 17 5 6 16 18 13 18 1 1
split_gain=5.79442 112.133 42.084 11.1377 9.97752 5.93404 5.52407 5.54224 6.72279 10.8013 6.84286 6.60661 4.88102 5.17682
threshold=21.850000000000005 21.550000000000004 968.1500000000002 23.010000000000002 968.55000000000007 25.350000000000005 1.1408230641324602 40.550000000000004 88.790054869684482 25.050000000000004 -0.91934999999999989 28.050000000000004 30.851588313874476 20.63674475581313
decision_type=2 2 2 2 2 2 2 2 2 2 2 2 2 2
left_child=1 2 -1 12 5 -2 7 8 -6 10 -10 -11 13 -4
right_child=4 -3 3 -5 6 -7 -8 -9 9 11 -12 -13 -14 -15
leaf_value=-0.04261684149111572 0.029280934365941032 -0.073082058286329493 -0.00041326154055047905 0.023404305897442239 -0.00023251915813555358 0.0080174619292729017 -0.013809130264313095 -0.011541280392063501 -0.012648820892315019 0.034764022075642761 0.0077629107523781941 0.010220315997842058 -0.011113685607439378 0.0035963630620170065
leaf_weight=57 51 53 3223 53 481 92 56 66 55 52 162 58 91 1073
leaf_count=57 51 53 3223 53 481 92 56 66 55 52 162 58 91 1073
internal_value=-1.92958e-11 -0.000779444 7.26881e-05 0.000620729 0.00330519 0.0156009 0.00141456 0.00238999 0.00352794 0.00905937 0.00258943 0.0218228 0.000345478 0.000588211
internal_weight=5623 4550 4497 4440 1073 143 930 874 808 327 217 110 4387 4296
internal_count=5623 4550 4497 4440 1073 143 930 874 808 327 217 110 4387 4296
is_linear=0
shrinkage=0.05


Tree=183
num_leaves=15
num_cat=0
split_feature=7 7 3 7 15 17 15 4 0 3 3 12 0 15
split_gain=5.97577 37.5735 8.99692 8.0143 5.44148 91.2489 11.3246 5.29703 5.2036 3.57913 5.7832 3.31974 4.27696 3.89907
threshold=967.6500000000002 968.1500000000002 -0.39073112848927366 968.75000000000011 23.640000000000004 22.250000000000004 23.140000000000004 -0.81408451933196957 24.450000000000003 -0.35019404643548446 -0.4539904997395468 -0.69754999999999989 18.750000000000004 22.710000000000004
decision_type=2 2 2 2 2 2 2 2 2 2 2 2 2 2
left_child=2 -2 -1 -3 6 -6 11 8 -7 10 -10 12 -5 -13
right_child=1 3 -4 4 5 7 -8 -9 9 -11 -12 13 -14 -15
leaf_value=0.026442854751323193 -0.042961917883333041 0.015387882460884558 -0.00078169300260258392 0.00059857933741548793 -0.069264241328462969 0.019555828938194152 0.022081393364302739 -0.003673258165171197 -0.00058631462630181184 -0.0078287555538423242 0.018224675545025094 0.00013074017653068345 0.017589149287631434 -0.013773036231378131
leaf_weight=53 51 85 71 92 50 56 60 291 113 61 64 4463 62 51
leaf_count=53 51 85 71 92 50 56 60 291 113 61 64 4463 62 51
internal_value=-2.95347e-11 -0.000244767 0.0108546 0.000155119 -8.63105e-05 -0.00443218 0.000497366 0.00110903 0.00584251 0.00261585 0.0062154 0.000219937 0.00743894 -2.63472e-05
internal_weight=5623 5499 124 5448 5363 635 4728 585 294 238 177 4668 154 4514
internal_count=5623 5499 124 5448 5363 635 4728 585 294 238 177 4668 154 4514
is_linear=0
shrinkage=0.05


Tree=184
num_leaves=15
num_cat=0
split_feature=7 7 0 18 12 18 0 8 17 7 18 7 18 8
split_gain=5.68297 15.5858 8.74662 4.46672 60.9457 6.36958 4.11663 4.26106 3.24405 2.75287 8.46875 4.81489 7.71062 5.345
threshold=967.95000000000016 968.35000000000002 22.150000000000002 27.550000000000004 -0.43054999999999993 26.850000000000005 23.750000000000004 1.0000000180025095e-35 26.850000000000005 972.6500000000002 25.050000000000004 970.75000000000011 20.650000000000002 -0.60354999999999992
decision_type=2 2 2 2 2 2 2 2 2 2 2 2 2 2
left_child=2 -2 -1 5 -5 9 7 -6 -8 10 11 12 13 -3
right_child=1 3 -4 4 6 -7 8 -9 -10 -11 -12 -13 -14 -15
leaf_value=0.026680865515023473 -0.027773929555106033 0.010120833971138513 0.001025353901727934 -0.051883785619195238 0.0018613909371197224 0.017002901506789944 -0.010741986290125525 0.020728771596852887 0.0034117648011622159 -0.00030322884467952235 0.022049037546471317 0.0055875614336991803 -0.01448139087994026 -0.0045807896883807318
leaf_weight=50 51 112 99 59 63 57 59 57 129 4239 54 357 99 138
leaf_count=50 51 112 99 59 63 57 59 57 129 4239 54 357 99 138
internal_value=2.39656e-11 -0.000262249 0.00963459 -3.51886e-06 -0.00532969 0.000383092 0.00358814 0.0108234 -0.0010301 0.000193588 0.00296465 0.00150494 -0.00267127 0.00200554
internal_weight=5623 5474 149 5423 367 5056 308 120 188 4999 760 706 349 250
internal_count=5623 5474 149 5423 367 5056 308 120 188 4999 760 706 349 250
is_linear=0
shrinkage=0.05


Tree=185
num_leaves=15
num_cat=0
split_feature=17 14 7 7 5 6 13 4 0 13 7 17 5 5
split_gain=5.74097 91.0333 31.1547 8.98454 7.25967 6.72252 8.94072 9.5092 12.5889 5.8465 5.71222 4.39615 4.26701 11.0316
threshold=21.650000000000002 21.650000000000002 968.1500000000002 968.55000000000007 1.1408230641324602 40.550000000000004 -0.91249999999999987 -0.81408451933196957 25.050000000000004 -0.96904999999999986 967.6500000000002 26.250000000000004 1.0858690791537731 1.0820490108852658
decision_type=2 2 2 2 2 2 2 2 2 2 2 2 2 2
left_child=1 2 -1 10 5 6 9 8 -8 -5 -2 -9 13 -4
right_child=3 -3 12 4 -6 -7 7 11 -10 -11 -12 -13 -14 -15
leaf_value=-0.036745904137690862 0.0064257369415991646 -0.065934133789730523 -6.7603943727103771e-05 0.001894218649249524 -0.015501732841702337 -0.012640551076472197 0.03142031530463478 0.0071726728070320355 0.0063268132096709452 -0.012478644072837695 0.026675781421363357 -0.0052133602043222486 9.764195751111076e-05 0.024166485103917546
leaf_weight=57 83 53 157 226 59 67 82 180 128 103 60 119 4182 67
leaf_count=57 83 53 157 226 59 67 82 180 128 103 60 119 4182 67
internal_value=-2.20429e-11 -0.000790998 -1.73957e-05 0.00322687 0.00149197 0.00259985 0.00381836 0.00797051 0.0161252 -0.00260549 0.0149223 0.00224311 0.000457757 0.00718099
internal_weight=5623 4516 4463 1107 964 905 838 509 210 329 143 299 4406 224
internal_count=5623 4516 4463 1107 964 905 838 509 210 329 143 299 4406 224
is_linear=0
shrinkage=0.05


Tree=186
num_leaves=15
num_cat=0
split_feature=18 18 17 7 7 0 7 17 17 18 7 7 7 9
split_gain=5.52758 34.5415 148.566 211.161 15.2051 14.1752 11.1418 9.51157 5.85595 3.80716 2.7433 4.72348 5.41498 4.54781
threshold=27.750000000000004 25.250000000000004 21.850000000000005 973.75000000000011 968.55000000000007 25.050000000000004 967.45000000000016 22.950000000000003 20.050000000000004 29.050000000000004 969.25000000000011 969.75000000000011 970.55000000000007 -1.0000000180025095e-35
decision_type=2 2 2 2 2 2 2 2 2 2 2 2 2 2
left_child=1 4 3 -3 6 -4 -1 8 -2 -9 -6 -12 13 -13
right_child=7 2 5 -5 10 -7 -8 9 -10 -11 11 12 -14 -15
leaf_value=0.0020969654762974153 0.0061927840150892734 -0.13781422917358577 0.035741522393443373 0.0035535702556704304 -0.0092501675132426291 0.0025065763814181284 0.030845034399036589 -0.011205624625122604 0.029835478771816599 0.0036692208338985413 0.012268422225702413 -0.02035209769856627 0.00023133264904542201 -0.0017968326037128765
leaf_weight=65 50 50 55 56 79 77 70 52 55 249 79 59 4552 75
leaf_count=65 50 50 55 56 79 77 70 52 55 249 79 59 4552 75
internal_value=-1.34941e-11 -0.000437327 -0.0190459 -0.0631294 0.000452177 0.0163545 0.0170034 0.00561954 0.0185771 0.00109948 -9.09741e-06 0.000144112 -6.02881e-05 -0.00996669
internal_weight=5623 5217 238 106 4979 132 135 406 105 301 4844 4765 4686 134
internal_count=5623 5217 238 106 4979 132 135 406 105 301 4844 4765 4686 134
is_linear=0
shrinkage=0.05


Tree=187
num_leaves=15
num_cat=0
split_feature=7 7 4 7 15 15 15 14 4 0 15 18 18 5
split_gain=5.24612 34.7871 8.62105 6.91692 4.93223 83.5508 10.8478 6.62489 4.67668 4.37791 3.13864 4.59094 10.219 7.2434
threshold=967.6500000000002 968.1500000000002 -0.87032255546191706 968.75000000000011 23.640000000000004 24.150000000000002 23.010000000000002 23.185000000000006 -0.82409480842201666 24.350000000000005 22.425000000000004 18.350000000000005 16.850000000000005 1.0842883927277012
decision_type=2 2 2 2 2 2 2 2 2 2 2 2 2 2
left_child=2 -2 -1 -3 6 -6 10 -7 -9 -10 11 12 -5 -13
right_child=1 3 -4 4 5 7 -8 8 9 -11 -12 13 -14 -15
leaf_value=-0.0006666258491128935 -0.041332097585294769 0.014306928115513396 0.026209086500108243 0.00026184444333767989 -0.065579716254975287 0.018556866902858019 0.018859312910869532 0.0044181451309636679 -0.016667163244358473 -0.0016017862315577229 -0.010568992215306012 0.021892420693005149 -0.010886227612281134 0.002558068020136417
leaf_weight=74 51 85 50 3604 51 50 79 255 62 217 67 52 218 708
leaf_count=74 51 85 50 3604 51 50 79 255 62 217 67 52 218 708
internal_value=8.25432e-12 -0.000229337 0.0101704 0.000155436 -6.88562e-05 -0.00420637 0.000486838 0.00115329 -0.000476264 -0.00494965 0.000174637 0.000331735 -0.000374022 0.00388094
internal_weight=5623 5499 124 5448 5363 635 4728 584 534 279 4649 4582 3822 760
internal_count=5623 5499 124 5448 5363 635 4728 584 534 279 4649 4582 3822 760
is_linear=0
shrinkage=0.05


Tree=188
num_leaves=15
num_cat=0
split_feature=0 7 7 7 8 5 4 12 14 7 18 14 3 14
split_gain=5.29161 128.307 33.3083 32.2117 12.8514 74.5149 7.71106 6.64529 7.96244 8.73539 6.83354 13.1434 7.46664 6.63476
threshold=15.350000000000003 969.05000000000007 968.55000000000007 967.95000000000016 0.78655000000000008 1.1163628122050369 -0.91702515554752051 -0.43054999999999993 16.015000000000004 985.55000000000007 18.350000000000005 25.315000000000001 -0.43049470426488828 17.350000000000005
decision_type=2 2 2 2 2 2 2 2 2 2 2 2 2 2
left_child=1 -1 3 6 7 -6 -2 10 -9 -10 -4 12 -12 -3
right_child=2 13 4 -5 5 -7 -8 8 9 -11 11 -13 -14 -15
leaf_value=-0.077701385643471177 -0.0049946940744355801 -0.00031950717920212104 -0.0024062175932696699 0.051770858341431039 -0.057918212429753368 0.001025861517021743 0.019139228594935383 0.0084223614348533007 -0.00013150170478274208 -0.017128069789405124 0.012323736637750621 -0.0059550966541733474 0.034724410723954921 0.015936041000531986
leaf_weight=54 62 3270 98 61 63 360 71 253 968 82 93 62 62 64
leaf_count=54 62 3270 98 61 63 360 71 253 968 82 93 62 62 64
internal_value=6.55087e-11 -0.0012458 0.00188848 0.0216868 6.62444e-06 -0.00775304 0.00788883 0.00203526 0.000459756 -0.00145885 0.00855237 0.0135014 0.021284 -7.46306e-06
internal_weight=5623 3388 2235 194 2041 423 133 1618 1303 1050 315 217 155 3334
internal_count=5623 3388 2235 194 2041 423 133 1618 1303 1050 315 217 155 3334
is_linear=0
shrinkage=0.05


Tree=189
num_leaves=15
num_cat=0
split_feature=7 7 0 18 12 18 7 0 8 7 15 5 6 5
split_gain=5.14857 16.0459 10.1617 4.38593 56.1526 6.37087 14.789 3.61225 3.93296 3.0979 2.62045 2.65895 9.93188 2.77397
threshold=967.95000000000016 968.35000000000002 22.150000000000002 27.550000000000004 -0.43054999999999993 25.250000000000004 971.75000000000011 23.750000000000004 1.0000000180025095e-35 970.45000000000016 26.685000000000006 1.2254343586508496 9.0500000000000025 1.2078214230343409
decision_type=2 2 2 2 2 2 2 2 2 2 2 2 2 2
left_child=2 -2 -1 5 -5 10 -7 8 -6 -9 11 12 -3 -14
right_child=1 3 -4 4 7 6 -8 9 -10 -11 -12 -13 13 -15
leaf_value=0.027543909041211009 -0.028164381536143812 0.021458015126938172 -0.00010913661163714198 -0.049950863073690462 0.0014625742007786085 0.031498110425417072 0.00087277387724934172 -0.011693993273423985 0.019589022935874629 0.0028324177832869087 -0.008142931075417437 -0.010171177942061523 0.00037238528465338336 -0.0051152894273400308
leaf_weight=50 51 55 99 59 63 54 146 50 57 138 96 61 4401 243
leaf_count=50 51 55 99 59 63 54 146 50 57 138 96 61 4401 243
internal_value=-2.30346e-11 -0.000249615 0.00917041 1.29066e-05 -0.00526488 0.000396005 0.00914161 0.0032951 0.0100726 -0.00103099 3.58072e-05 0.000200757 0.0003354 8.52395e-05
internal_weight=5623 5474 149 5423 367 5056 200 308 120 188 4856 4760 4699 4644
internal_count=5623 5474 149 5423 367 5056 200 308 120 188 4856 4760 4699 4644
is_linear=0
shrinkage=0.05


Tree=190
num_leaves=15
num_cat=0
split_feature=15 15 7 14 3 17 3 3 18 12 3 5 13 15
split_gain=5.13239 83.7589 13.8723 10.004 5.69056 6.34504 6.1726 5.89042 5.66865 9.0131 4.79431 4.60156 3.32367 2.58593
threshold=23.760000000000002 23.390000000000004 968.1500000000002 22.815000000000001 -0.58068084432175959 25.350000000000005 -0.35836794954530055 -0.4539904997395468 25.250000000000004 0.039750000000000008 -0.58068084432175959 1.1171711757301654 -0.88219999999999987 26.110000000000003
decision_type=2 2 2 2 2 2 2 2 2 2 2 2 2 2
left_child=1 2 -1 -2 11 -6 7 -7 -4 -10 -11 13 -13 -5
right_child=3 -3 8 4 5 6 -8 -9 9 10 -12 12 -14 -15
leaf_value=-0.020152965679495451 0.024816797677216666 -0.061941118308088995 0.0001403301925727343 0.011344982165422651 0.020096070522887876 0.0019591435439128809 -0.007274844744242729 0.019443747664273189 0.026806945510011601 0.012257646893461545 -0.0085326281196454121 -0.019057028154090334 -0.0036476878514600415 -0.0020183847724706276
leaf_weight=83 53 55 4585 62 69 138 95 74 52 54 57 52 107 87
leaf_count=83 53 55 4585 62 69 138 95 74 52 54 57 52 107 87
internal_value=-8.18639e-12 -0.000586682 0.000111826 0.00388946 0.00226789 0.00639553 0.00331625 0.00806226 0.000466076 0.00962892 0.00158156 -0.00277103 -0.00868722 0.00354221
internal_weight=5623 4886 4831 737 684 376 307 212 4748 163 111 308 159 149
internal_count=5623 4886 4831 737 684 376 307 212 4748 163 111 308 159 149
is_linear=0
shrinkage=0.05


Tree=191
num_leaves=15
num_cat=0
split_feature=7 7 0 18 18 15 18 0 7 18 7 7 18 6
split_gain=5.10689 14.3079 9.6242 4.23496 54.7243 7.44812 5.82119 2.9026 2.68006 7.50478 4.43592 10.6057 11.0512 8.10689
threshold=967.95000000000016 968.35000000000002 22.150000000000002 27.550000000000004 28.550000000000004 26.325000000000003 26.850000000000005 26.050000000000004 972.6500000000002 25.050000000000004 978.35000000000002 979.35000000000002 22.550000000000004 28.050000000000004
decision_type=2 2 2 2 2 2 2 2 2 2 2 2 2 2
left_child=2 -2 -1 6 -5 -6 8 -7 9 -3 13 -12 -13 -10
right_child=1 3 -4 4 5 7 -8 -9 10 -11 11 12 -14 -15
leaf_value=0.027014213928952813 -0.026608324301082134 0.0015546236583336768 0.00010240525477612861 -0.046042326552821186 0.0156003136435484 -0.011218483376909387 0.016264009052528099 0.0021976488667065342 0.0050822248814501878 0.020894186260799568 0.011670852435675894 0.00042096203071872594 -0.019556544558473037 -0.0050166083201382099
leaf_weight=50 51 706 99 67 94 55 57 151 252 54 206 2770 71 940
leaf_count=50 51 706 99 67 94 55 57 151 252 54 206 2770 71 940
internal_value=-4.21203e-11 -0.000248602 0.00913321 -7.0524e-07 -0.00518686 0.00393753 0.000375742 -0.00138433 0.00019458 0.00292875 -0.000295623 0.000716031 -7.82998e-05 -0.00288162
internal_weight=5623 5474 149 5423 367 300 5056 206 4999 760 4239 3047 2841 1192
internal_count=5623 5474 149 5423 367 300 5056 206 4999 760 4239 3047 2841 1192
is_linear=0
shrinkage=0.05


Tree=192
num_leaves=15
num_cat=0
split_feature=18 18 17 7 7 0 7 17 18 18 0 15 7 12
split_gain=5.04576 34.1958 133.198 193.01 14.897 12.9318 11.8162 7.93147 6.33887 2.75865 2.47663 3.3036 6.05914 7.77586
threshold=27.750000000000004 25.250000000000004 21.850000000000005 973.75000000000011 968.55000000000007 24.850000000000005 967.6500000000002 22.950000000000003 29.850000000000005 29.050000000000004 3.6500000000000008 6.9250000000000007 984.75000000000011 0.61235000000000006
decision_type=2 2 2 2 2 2 2 2 2 2 2 2 2 2
left_child=1 4 3 -3 6 -4 -1 8 -2 -9 -6 12 13 -12
right_child=7 2 5 -5 10 -7 -8 9 -10 -11 11 -13 -14 -15
leaf_value=0.0032172715552916675 0.029842766698486373 -0.13207707904465496 0.034628033213317394 0.003078475666032838 -0.0065427944892352185 0.0023657654128150969 0.032901053223758935 -0.0092330276106412593 0.0052623807901033652 0.003428904105531403 0.0135067426856646 -0.00013768786039326108 0.013514592156570871 -0.008942995220853912
leaf_weight=73 51 50 50 56 140 82 62 52 54 249 60 4408 128 108
leaf_count=73 51 50 50 56 140 82 62 52 54 249 60 4408 128 108
internal_value=2.49023e-11 -0.000417832 -0.018933 -0.0606741 0.000467209 0.0145863 0.0168498 0.00536904 0.0172014 0.00124146 1.06337e-05 0.000205676 0.00531902 -0.000925232
internal_weight=5623 5217 238 106 4979 132 135 406 105 301 4844 4704 296 168
internal_count=5623 5217 238 106 4979 132 135 406 105 301 4844 4704 296 168
is_linear=0
shrinkage=0.05


Tree=193
num_leaves=15
num_cat=0
split_feature=12 12 18 18 7 7 18 4 3 18 8 3 0 6
split_gain=4.9303 41.313 10.6227 134.851 14.6784 10.281 10.0115 5.8184 6.93006 5.31003 5.5478 5.94323 5.38482 3.338
threshold=-0.44599999999999995 -0.39924999999999994 25.750000000000004 25.250000000000004 968.35000000000002 968.1500000000002 27.550000000000004 -0.68832836526074781 -0.8949002852437673 12.750000000000002 -0.78654999999999986 -0.35836794954530055 17.650000000000002 30.150000000000002
decision_type=2 2 2 2 2 2 2 2 2 2 2 2 2 2
left_child=6 -2 3 5 -4 -3 7 9 -9 -1 -11 12 -12 -6
right_child=1 2 4 -5 13 -7 -8 8 -10 10 11 -13 -14 -15
leaf_value=-0.015372081412510438 -0.038116731018655835 0.01807135657254088 0.028990058933215386 -0.082380711462581538 -0.0027482164070428607 -0.00012974897762989967 0.025016779494735433 -0.0047264276590545246 0.01770466357614529 -0.012166669886679419 -0.014351827343560608 0.015585841931941281 0.0045205812815541707 0.0067643544213719028
leaf_weight=55 72 79 66 50 138 4333 53 51 106 62 51 83 146 278
leaf_count=55 72 79 66 50 138 4333 53 51 106 62 51 83 146 278
internal_value=-7.4479e-11 -0.000515037 3.25606e-05 -0.00072918 0.00708419 0.000196155 0.00425605 0.00226992 0.0104181 -0.000952422 0.00136653 0.00436317 -0.000365169 0.00360874
internal_weight=5623 5016 4944 4462 482 4412 607 554 157 397 342 280 197 416
internal_count=5623 5016 4944 4462 482 4412 607 554 157 397 342 280 197 416
is_linear=0
shrinkage=0.05


Tree=194
num_leaves=15
num_cat=0
split_feature=0 7 7 7 8 9 17 14 12 3 4 18 4 14
split_gain=4.84295 117.664 28.913 24.1567 11.7563 68.3197 9.5683 14.4425 8.23807 11.7677 7.60082 7.07276 6.63496 6.37226
threshold=15.350000000000003 969.05000000000007 968.35000000000002 967.6500000000002 0.78655000000000008 -0.3793999999999999 15.750000000000002 16.350000000000005 -0.43054999999999993 -0.33379414889141262 -0.81408451933196957 15.850000000000003 -0.91702515554752051 17.350000000000005
decision_type=2 2 2 2 2 2 2 2 2 2 2 2 2 2
left_child=1 -1 3 12 6 -6 -4 -8 9 -9 -7 -12 -2 -3
right_child=2 13 4 -5 5 10 7 8 -10 -11 11 -13 -14 -15
leaf_value=-0.074407852870515656 -0.0050033258782191713 -0.00031175894607244768 0.010623052904566567 0.046087254604531662 -0.049877662921714444 0.013026878869753671 -0.019716202541964042 0.0038598938866264442 -0.00044715714992355111 0.028679328991985716 0.008041541134614659 -0.0096125459350406423 0.01933997534013766 0.015618975122924894
leaf_weight=54 55 3270 273 63 77 110 84 220 995 61 92 148 57 64
leaf_count=54 55 3270 273 63 77 110 84 220 995 61 92 148 57 64
internal_value=-5.05264e-11 -0.00119181 0.00180665 0.0213182 0.000149111 -0.00723761 0.0020806 0.000365833 0.00168785 0.00924774 0.0021432 -0.00284515 0.00738568 -5.95001e-06
internal_weight=5623 3388 2235 175 2060 427 1633 1360 1276 281 350 240 112 3334
internal_count=5623 3388 2235 175 2060 427 1633 1360 1276 281 350 240 112 3334
is_linear=0
shrinkage=0.05


Tree=195
num_leaves=15
num_cat=0
split_feature=5 5 7 7 16 7 7 7 7 18 14 17 4 4
split_gain=4.54268 79.7669 20.6825 14.2849 15.5813 13.876 5.67793 71.8852 7.83514 7.45907 19.4393 4.24526 5.97988 4.80432
threshold=1.0820490108852658 1.0842883927277012 968.35000000000002 969.45000000000016 98.351783264746246 967.6500000000002 971.45000000000016 971.1500000000002 971.85000000000002 25.250000000000004 24.185000000000006 10.850000000000003 -0.71322329076259927 -0.91702515554752051
decision_type=2 2 2 2 2 2 2 2 2 2 2 2 2 2
left_child=3 -2 5 4 -1 -3 7 9 -8 11 -11 -4 13 -13
right_child=1 2 6 -5 -6 -7 8 -9 -10 10 -12 12 -14 -15
leaf_value=0.0015098683288200729 -0.05375892349478343 0.0043215129303892982 0.0074047810795557934 -0.0025133171479741873 0.037102768820573076 0.039525592892684723 0.016288056609208706 -0.056100570368504181 0.00020206436378350257 0.035430627004601638 -0.0025274272711859188 -0.0074183565490629254 -0.018287671117139036 0.0083830487195260921
leaf_weight=62 69 57 82 199 61 55 77 61 4481 52 96 123 69 79
leaf_count=62 69 57 82 199 61 55 77 61 4481 52 96 123 69 79
internal_value=8.62229e-12 -0.00035026 0.000354097 0.00576624 0.0191616 0.0216092 -0.000110859 -0.00485272 0.000473811 0.00138704 0.0108092 -0.00256333 -0.00557951 -0.0012386
internal_weight=5623 5301 5232 322 123 112 5120 562 4558 501 148 353 271 202
internal_count=5623 5301 5232 322 123 112 5120 562 4558 501 148 353 271 202
is_linear=0
shrinkage=0.05


end of trees

feature_importances:
wind_speed_10m=655
surface_pressure=406
power_curve_estimate=360
wind_speed_lag_6h=262
air_density=125
wind_speed_lag_1h=123
wind_speed_rolling_6h=115
wind_speed_100m=104
wind_dir_sin=99
wind_speed_rolling_3h=95
wind_dir_cos=89
day_of_year_sin=79
temperature_2m=61
hour_sin=60
day_of_year_cos=53
hour_cos=49
wind_gusts_10m=6
month_cos=2
month_sin=1

parameters:
[boosting: gbdt]
[objective: regression]
[metric: l1]
[tree_learner: serial]
[device_type: cpu]
[data_sample_strategy: bagging]
[data: ]
[valid: ]
[num_iterations: 213]
[learning_rate: 0.05]
[num_leaves: 15]
[num_threads: 20]
[seed: 42]
[deterministic: 0]
[force_col_wise: 0]
[force_row_wise: 0]
[histogram_pool_size: -1]
[max_depth: -1]
[min_data_in_leaf: 50]
[min_sum_hessian_in_leaf: 0.001]
[bagging_fraction: 0.85]
[pos_bagging_fraction: 1]
[neg_bagging_fraction: 1]
[bagging_freq: 0]
[bagging_seed: 400]
[bagging_by_query: 0]
[feature_fraction: 0.9]
[feature_fraction_bynode: 1]
[feature_fraction_seed: 30056]
[extra_trees: 0]
[extra_seed: 12879]
[early_stopping_round: 0]
[early_stopping_min_delta: 0]
[first_metric_only: 0]
[max_delta_step: 0]
[lambda_l1: 0]
[lambda_l2: 0]
[linear_lambda: 0]
[min_gain_to_split: 0]
[drop_rate: 0.1]
[max_drop: 50]
[skip_drop: 0.5]
[xgboost_dart_mode: 0]
[uniform_drop: 0]
[drop_seed: 17869]
[top_rate: 0.2]
[other_rate: 0.1]
[min_data_per_group: 100]
[max_cat_threshold: 32]
[cat_l2: 10]
[cat_smooth: 10]
[max_cat_to_onehot: 4]
[top_k: 20]
[monotone_constraints: ]
[monotone_constraints_method: basic]
[monotone_penalty: 0]
[feature_contri: ]
[forcedsplits_filename: ]
[refit_decay_rate: 0.9]
[cegb_tradeoff: 1]
[cegb_penalty_split: 0]
[cegb_penalty_feature_lazy: ]
[cegb_penalty_feature_coupled: ]
[path_smooth: 0]
[interaction_constraints: ]
[verbosity: -1]
[saved_feature_importance_type: 0]
[use_quantized_grad: 0]
[num_grad_quant_bins: 4]
[quant_train_renew_leaf: 0]
[stochastic_rounding: 1]
[linear_tree: 0]
[max_bin: 255]
[max_bin_by_feature: ]
[min_data_in_bin: 3]
[bin_construct_sample_cnt: 200000]
[data_random_seed: 175]
[is_enable_sparse: 1]
[enable_bundle: 1]
[use_missing: 1]
[zero_as_missing: 0]
[feature_pre_filter: 1]
[pre_partition: 0]
[two_round: 0]
[header: 0]
[label_column: ]
[weight_column: ]
[group_column: ]
[ignore_column: ]
[categorical_feature: ]
[forcedbins_filename: ]
[precise_float_parser: 0]
[parser_config_file: ]
[objective_seed: 16083]
[num_class: 1]
[is_unbalance: 0]
[scale_pos_weight: 1]
[sigmoid: 1]
[boost_from_average: 1]
[reg_sqrt: 0]
[alpha: 0.9]
[fair_c: 1]
[poisson_max_delta_step: 0.7]
[tweedie_variance_power: 1.5]
[lambdarank_truncation_level: 30]
[lambdarank_norm: 1]
[label_gain: ]
[lambdarank_position_bias_regularization: 0]
[eval_at: ]
[multi_error_top_k: 1]
[auc_mu_weights: ]
[num_machines: 1]
[local_listen_port: 12400]
[time_out: 120]
[machine_list_filename: ]
[machines: ]
[gpu_platform_id: -1]
[gpu_device_id: -1]
[gpu_device_id_list: ]
[gpu_use_dp: 0]
[num_gpu: 1]

end of parameters

pandas_categorical:[]
