tree
version=v4
num_class=1
num_tree_per_iteration=1
label_index=0
max_feature_idx=14
objective=regression
feature_names=wind_speed_hub wind_dir_sin wind_dir_cos pressure air_density hour_sin hour_cos month_sin month_cos lag_1h_generation lag_24h_generation rolling_mean_6h turbine_rated_capacity_kw power_curve_estimate wind_speed_std_3h
feature_infos=[0:55.390200768145036] [-1:1] [-1:1] [964:996.60000000000002] none [-1:1] [-1:1] [-1:1] [-1:0.86602540378443871] [0:100] [0:100] [0:100] none [0:100] [0:16.6602320912205]
tree_sizes=2644 2735 2716 2698 2693 2696 2698 2714 2694 2700 2709 2732 2712 2711 2702 2714 2721 2735 2738 2725 2741 2755 2713 2757 2749 2735 2729 2745 2752 2756 2740 2772 2764 2736 2748 2758 2739 2754 2752 2759 2764 2756 2757 2770 2741 2744 2753 2773 2753 2767 2753 2754 2773 2774 2789 2769 2738 2764 2753 2758 2768 2768 2766 2762 2762 2791 2793 2793 2782 2776 2798 2783 2786 2776 2784 2797 2773 2776 2809 2799 2794 2797 2827 2814 2791 2814 2807 2810 2802 2778 2817 2808 2785 2788 2787 2790 2817 2784 2795 2794 2780 2814 2828 2789 2839 2812 2783 2789 2796 2809 2824 2822 2828 2807 2793 2815 2802 2814 2814 2796 2862 2829 2812 2812 2809 2858 2817 2842 2810 2833 2839 2830 2846 2861 2823 2804 2840 2809 2831 2814 2812 2798 2805 2845 2807 2831 2833 2820 2800 2824 2843 2820 2811 2866 2824 2834 2824 2793 2808 2825 2835 2836 2821 2828 2846 2823 2832 2786 2838 2845 2825 2823 2825 2824 2856 2814 2833 2847 2752 2852 2819 2828 2839 2843 2840 2802 2843 2825 2836 2833 2825 2790 2832 2802 2838 2828 2822

Tree=0
num_leaves=31
num_cat=0
split_feature=13 13 11 11 11 14 11 13 5 6 14 11 14 5 3 1 3 11 14 11 11 14 3 6 2 1 14 14 2 3
split_gain=3.70725e+06 1.81635e+06 990127 287371 160013 114874 106888 81464.5 68697.4 63924.1 58651.7 86986.4 53124.2 44490.4 43128.4 46725.6 34645 31727.5 28900.6 27013.2 25472 25406.7 25405.2 22304.2 29902.2 21605.2 17324.3 16132.2 15344.6 16037.1
threshold=98.47502576271755 1.0000000180025095e-35 34.437112341808508 83.816185955726482 95.314703660012043 4.3833014991161035 13.748945964406369 46.412478551908059 -0.70710678118654735 0.60355339059327384 1.61296422383711 45.839039232178386 2.6689573494781178 0.91597561503675362 975.45000000000016 -0.49240481012316845 972.45000000000016 10.687399566638165 2.9501412395566855 50.801180876171514 97.33108727521676 2.0033305601755513 970.75000000000011 -0.78656609248549325 -0.77159520228797429 -0.95368063612909426 3.7898905885935448 3.4122328955294616 -0.72534675097891077 975.6500000000002
decision_type=2 2 2 2 2 2 2 2 2 2 2 2 2 2 2 2 2 2 2 2 2 2 2 2 2 2 2 2 2 2
left_child=1 2 6 9 10 21 12 -3 -8 23 11 -2 -1 27 15 -11 -15 26 -6 -16 -7 -5 -17 24 -4 -25 -12 -10 29 -23
right_child=4 7 3 5 18 20 8 -9 13 14 17 -13 -14 16 19 22 -18 -19 -20 -21 -22 28 -24 25 -26 -27 -28 -29 -30 -31
leaf_value=59.367131051734653 61.916207484036207 59.107168257700067 60.733760185909027 63.69945507964502 63.682541449192563 62.204671927891283 62.280997552956677 59.915485425690164 59.914218227596542 59.614895096516648 61.610996481190227 62.870147883944142 61.164731422672773 62.942886594481479 60.635550741062666 60.326599517442418 60.659037886980514 63.231734450487863 62.818044751404692 62.553907836189495 59.973506921550403 61.811591732655074 62.052743618970254 60.986755838028955 62.409060980745544 62.589199239395953 63.18311065633948 61.252735293064617 63.475526954661539 63.157867627455893
leaf_weight=300 300 859 50 449 1015 24 69 514 158 61 49 1170 49 28 24 33 38 1026 110 68 26 43 57 22 55 256 26 28 76 44
leaf_count=300 300 859 50 449 1015 24 69 514 158 61 49 1170 49 28 24 33 38 1026 110 68 26 43 57 22 55 256 26 28 76 44
internal_value=62.0111 60.8016 61.7797 62.5906 63.1013 63.316 60.2222 59.408 60.8862 61.8226 62.883 62.6755 59.6164 60.5047 61.19 60.6728 61.6275 63.1592 63.5988 62.044 61.0274 63.5043 61.4083 62.225 61.6068 62.4592 62.1642 60.1106 62.9598 62.4977
internal_weight=7027 3331 1958 1288 3696 662 670 1373 321 626 2571 1470 349 252 243 151 66 1101 1125 92 50 612 90 383 105 278 75 186 163 87
internal_count=7027 3331 1958 1288 3696 662 670 1373 321 626 2571 1470 349 252 243 151 66 1101 1125 92 50 612 90 383 105 278 75 186 163 87
is_linear=0
shrinkage=1


Tree=1
num_leaves=31
num_cat=0
split_feature=9 13 9 13 14 14 13 13 14 13 13 14 14 11 14 14 9 14 13 14 1 1 14 9 13 9 14 8 2 11
split_gain=5.51427e+06 1.38083e+06 267831 230512 155210 109861 106564 137347 40276.9 32230.9 42779.8 50170.5 29231 25213.9 28651.4 20512.2 38151.6 19047.6 17781.6 17300.7 20377.3 15982.8 15811.6 25286.3 15703.5 14876.8 16150.1 12127.2 11964.2 11355.8
threshold=57.827491105447372 98.47502576271755 93.429480066634895 98.47502576271755 2.7309947812737287 1.8876793513023775 98.47502576271755 0.023272343141408275 6.4487721615662421 61.10258936931379 1.0000000180025095e-35 3.2908965343808636 1.3650396819628909 98.761686625146027 4.0420703792484352 3.7898905885935448 10.947455176544299 0.80208062770104227 98.47502576271755 3.6129394429070785 -0.83385407025023295 -0.80382625221112003 0.85049005481195949 34.444690269345777 26.271811105083241 74.86724145929243 1.4000000000000163 -0.24999999999999994 -0.83385407025023273 89.852097786220469
decision_type=2 2 2 2 2 2 2 2 2 2 2 2 2 2 2 2 2 2 2 2 2 2 2 2 2 2 2 2 2 2
left_child=1 9 3 -2 12 22 7 8 13 10 11 17 -4 -6 28 16 -7 -1 -14 -13 -21 27 -3 -24 -12 26 -5 -19 -15 -8
right_child=2 5 4 25 6 15 29 -9 -10 -11 24 19 18 14 -16 -17 -18 21 -20 20 -22 -23 23 -25 -26 -27 -28 -29 -30 -31
leaf_value=-2.8273276223550297 -1.9152933391089579 -0.75020806445736277 1.6559665913239261 0.15759396930927128 1.0114606092155325 -0.57052482175476416 1.4553176237696195 -2.3588182359583239 -1.1725159159573642 -1.8517222753232414 -2.8589721237985715 -0.056168711980183916 1.0141754806937511 -0.37089451017833897 -1.6678975296020508 1.2561836216173003 0.84067104430286443 -1.025078930404951 1.4631948017596015 -0.091765772501627596 -1.8436430630825535 -2.3126975509003329 -0.63380191289403909 0.28796256745553445 -2.4019423370787556 0.9200579493498241 0.97350445110222406 -2.4481071770709497 1.2154494053976876 0.881830675835376
leaf_weight=178 102 238 1711 202 172 67 250 50 32 273 588 23 345 20 20 111 162 52 677 20 100 428 158 139 357 275 86 22 27 142
leaf_count=178 102 238 1711 202 172 67 250 50 32 273 588 23 345 20 20 111 162 52 677 20 100 428 158 139 357 275 86 22 27 142
internal_value=-7.1919e-05 -1.66282 1.17946 0.260289 1.35671 -0.00094545 0.698304 0.0223381 0.468741 -2.37493 -2.45462 -2.18251 1.52815 0.692482 -0.129148 0.700664 0.427081 -2.36254 1.31276 -1.31592 -1.55488 -2.19243 -0.447312 -0.202868 -2.68904 0.65715 0.403777 -1.47521 0.546642 1.25036
internal_weight=7027 2916 4111 665 3446 875 713 321 271 2041 1768 823 2733 239 67 340 229 680 1022 143 120 502 535 297 945 563 288 74 47 392
internal_count=7027 2916 4111 665 3446 875 713 321 271 2041 1768 823 2733 239 67 340 229 680 1022 143 120 502 535 297 945 563 288 74 47 392
is_linear=0
shrinkage=0.05


Tree=2
num_leaves=31
num_cat=0
split_feature=9 9 9 14 14 14 11 9 14 14 9 9 11 11 11 14 9 14 14 6 3 2 11 1 6 11 14 7 5 11
split_gain=4.97787e+06 403250 241733 181876 140129 68686.3 62939.8 57986.3 31799.5 26507.1 26240.2 24879 24631.5 24337.9 23943.9 22749.5 22347.1 21422.2 15356.3 13847 13373.1 11895.7 11250.5 8529.03 8319.87 8113.05 13934.9 7888.57 7789.02 7751.9
threshold=57.827491105447372 25.360440903574794 93.429480066634895 3.1358142149942365 2.7309947812737287 6.4487721615662421 48.697631480270807 9.9077102352433482 2.5990381056766223 1.3114877048604043 14.627295336203543 34.444690269345777 69.743873369044337 62.63610087241198 95.696115902446749 3.9929103838344568 81.354789141006933 4.8242438823684672 0.98657657246324848 -0.12940952255126037 972.45000000000016 -0.49240481012316833 13.15079082119686 -0.90255091666790832 0.37940952255126048 85.684356921407883 1.0392304845413292 0.68301270189221941 -0.98296291314453399 22.121877948397245
decision_type=2 2 2 2 2 2 2 2 2 2 2 2 2 2 2 2 2 2 2 2 2 2 2 2 2 2 2 2 2 2
left_child=1 3 8 7 9 14 10 18 16 -4 15 -3 -7 -10 28 -5 23 -16 -1 -8 -17 25 -23 -2 -21 26 -13 -15 -6 -22
right_child=2 11 4 6 5 12 19 -9 13 -11 -12 21 -14 27 17 20 -18 -19 -20 24 29 22 -24 -25 -26 -27 -28 -29 -30 -31
leaf_value=-2.5669087958907255 -0.40934434897759381 -1.0552322720616094 1.5809940743253137 -1.0989011882884163 0.18321704118340107 0.17680104868752619 -2.396043562316895 -1.6370334369498138 0.26571466691927476 1.2585032398244198 1.2946572079441765 -0.60332617898782104 -1.8398555445671083 -1.5872640881887299 0.58292643308639525 -0.81535678401137845 0.88633947628594589 -0.83452122061483325 -2.1850922746899761 -0.39522465387980144 0.85303983773378433 0.47988511251366656 -0.66619242847005111 0.28544603167960564 -1.5692464715081293 -0.74671241565754543 0.45798835622168133 -0.37305649605664343 1.0840607749562206 -0.26080918958553906
leaf_weight=458 50 247 1634 90 26 27 49 424 54 1099 21 47 33 40 193 32 167 30 868 20 39 22 378 333 73 37 86 21 404 25
leaf_count=458 50 247 1634 90 26 27 49 424 54 1099 21 47 33 40 193 32 167 30 868 20 39 22 378 333 73 37 86 21 404 25
internal_value=-0.000168243 -1.57997 1.12052 -1.94673 1.28892 0.663318 -0.900928 -2.15466 0.247285 1.45182 -0.341749 -0.636482 -0.944257 -0.505782 0.812254 -0.532466 0.405386 0.389342 -2.31881 -1.70794 0.00436887 -0.453484 -0.602106 0.1939 -1.32371 -0.102279 0.0811965 -1.1821 1.03015 0.420547
internal_weight=7027 2916 4111 2099 3446 713 349 1750 665 2733 207 817 60 115 653 186 550 223 1326 142 96 570 400 383 93 170 133 61 430 64
internal_count=7027 2916 4111 2099 3446 713 349 1750 665 2733 207 817 60 115 653 186 550 223 1326 142 96 570 400 383 93 170 133 61 430 64
is_linear=0
shrinkage=0.05


Tree=3
num_leaves=31
num_cat=0
split_feature=0 0 0 0 0 0 0 0 0 0 0 0 11 0 0 0 0 11 0 0 0 0 0 11 11 0 0 11 11 1
split_gain=4.26585e+06 4.70152e+06 550494 245921 39034.8 28912.4 24996.9 16941.8 5711.13 3299.34 2576.98 1854.94 1371.03 1164.57 825.723 821.212 557.745 511.036 414.124 289.271 274.716 109.628 102.833 79.9404 74.7673 71.4411 56.7423 53.9104 49.586 30.0539
threshold=13.579964681079039 33.515085247392115 15.319270502300986 11.037902326985426 14.382721213950706 12.643415392728761 9.0310109948062571 15.720648768736817 14.784099480386539 13.981342947514873 13.178586414643204 11.706866104378483 1.0754633823555715 10.235145794113759 15.85444152421543 15.051684991343762 14.115135702993483 83.01299834721631 14.65030672490793 15.453063257779595 13.71375743655765 14.516513969429317 12.375829881771539 81.985041430089026 76.837903701632641 14.917892235865152 14.248928458472095 56.613984541916516 84.656714070058385 0.25037047035109428
decision_type=2 2 2 2 2 2 2 2 2 2 2 2 2 2 2 2 2 2 2 2 2 2 2 2 2 2 2 2 2 2
left_child=3 2 4 6 9 11 -1 19 18 20 -7 -5 -9 -8 -14 25 28 -16 21 -4 -2 29 -13 26 -23 -10 -18 -22 -11 -6
right_child=1 -3 7 5 8 10 13 12 15 16 -12 22 14 -15 17 -17 23 -19 -20 -21 27 24 -24 -25 -26 -27 -28 -29 -30 -31
leaf_value=-2.6258680633331513 -0.57122089657518593 -2.8224015070827631 0.94068499234257907 -1.6961756812694462 0.053291564201160026 -1.0563881383953673 -2.2411783615869423 2.0097675032182174 0.44203039206956563 -0.22833898321940352 -0.75349065194722098 -1.4976193572479544 1.40045912511421 -1.9865768123367458 1.7140252793551796 0.76760499209892474 -0.11913707127875608 1.64371315210044 0.33992949428657693 1.1849898559570313 -0.31517781763076785 0.27320207517147066 -1.306976237398513 -0.15000073759942445 0.13838531138805243 0.58067340598386874 -0.020605792202228725 -0.45096577469183474 -0.3303849461078644 0.1368569124221802
leaf_weight=714 71 772 48 171 23 164 261 54 37 51 152 205 65 205 1463 81 22 1910 47 99 24 24 93 36 25 67 42 48 29 24
leaf_count=714 71 772 48 171 23 164 261 54 37 51 152 205 65 205 1463 81 22 1910 47 99 24 24 93 36 25 67 42 48 29 24
internal_value=-0.000242854 0.767319 1.41381 -1.97693 0.0745408 -1.28844 -2.43347 1.65331 0.458075 -0.315127 -0.913543 -1.53855 1.67577 -2.13368 1.66994 0.641057 -0.171168 1.67471 0.218508 1.11215 -0.493852 0.156118 -1.44271 -0.0909528 0.208661 0.536076 -0.0558646 -0.410709 -0.269015 0.0980296
internal_weight=7027 5062 4290 1965 651 785 1180 3639 328 323 316 469 3492 466 3438 185 180 3373 143 147 143 96 298 100 49 104 64 72 80 47
internal_count=7027 5062 4290 1965 651 785 1180 3639 328 323 316 469 3492 466 3438 185 180 3373 143 147 143 96 298 100 49 104 64 72 80 47
is_linear=0
shrinkage=0.05


Tree=4
num_leaves=31
num_cat=0
split_feature=0 0 0 0 0 0 0 0 0 0 0 0 0 0 0 0 0 0 0 14 0 0 11 0 11 11 11 0 11 11
split_gain=3.85112e+06 4.24374e+06 496874 222038 35302.2 28808.7 19428.8 15251.7 5157.97 2982 2661.51 2326.7 1306.27 740.613 642.787 567.39 504.515 373.812 339.635 296.672 258.008 247.08 184.214 99.3113 72.2726 67.7386 65.8894 51.4584 48.1218 45.1185
threshold=13.579964681079039 33.515085247392115 15.319270502300986 10.904109571506813 14.382721213950706 12.643415392728761 8.8972182393276462 15.720648768736817 14.784099480386539 13.981342947514873 11.57307334889987 13.178586414643204 30.571644626862664 15.051684991343762 15.85444152421543 10.101353038635148 14.115135702993483 14.65030672490793 12.375829881771539 2.9143323992525767 15.453063257779595 13.71375743655765 88.489910823988694 14.516513969429317 81.985041430089026 76.837903701632641 90.261910086359975 14.248928458472095 56.613984541916516 84.656714070058385
decision_type=2 2 2 2 2 2 2 2 2 2 2 2 2 2 2 2 2 2 2 2 2 2 2 2 2 2 2 2 2 2
left_child=3 2 4 6 9 10 -1 20 17 21 -5 -7 14 26 -9 -8 29 23 -12 -16 -4 -2 -14 -6 27 -25 -10 -18 -23 -11
right_child=1 -3 7 5 8 11 15 12 13 16 18 -13 22 -15 19 -17 24 -19 -20 -21 -22 28 -24 25 -26 -27 -28 -29 -30 -31
leaf_value=-2.4992356703318817 -0.54305653466118708 -2.6814640044179034 0.8946106252864916 -1.6849240131506182 0.093331391210667802 -1.0038888542290889 -2.157202133439545 1.331497113198945 0.53739305104528157 -0.21714159679527467 -1.4434749477081878 -0.71606235781526262 1.8030819493980819 0.72969278905449853 1.5683287498770406 -1.932372712286833 -0.11343921147934768 0.32328711210439603 -1.2423226216498842 1.6528944220328119 1.12633285446167 -0.30004928677082066 1.5829826223953911 0.26008837466239931 -0.14270340094695222 0.13173217233556969 0.38085988684134053 -0.019599462960695112 -0.42887766108220937 -0.31441634043057765
leaf_weight=700 71 772 48 148 47 164 233 65 83 51 262 152 185 81 2574 213 22 47 93 554 99 24 114 24 36 25 21 42 48 29
leaf_count=700 71 772 48 148 47 164 233 65 83 51 262 152 185 81 2574 213 22 47 93 554 99 24 114 24 36 25 21 42 48 29
internal_value=-0.000277355 0.729019 1.34323 -1.87842 0.0708552 -1.24718 -2.32806 1.57077 0.435592 -0.299713 -1.48309 -0.868152 1.59208 0.609488 1.57911 -2.0544 -0.162849 0.207916 -1.39443 1.58383 1.05726 -0.469627 1.72474 0.14863 -0.0865535 0.198645 0.509761 -0.0531828 -0.390702 -0.255912
internal_weight=7027 5062 4290 1965 651 819 1146 3639 328 323 503 316 3492 185 3193 446 180 143 355 3128 147 143 299 96 100 49 104 64 72 80
internal_count=7027 5062 4290 1965 651 819 1146 3639 328 323 503 316 3492 185 3193 446 180 143 355 3128 147 143 299 96 100 49 104 64 72 80
is_linear=0
shrinkage=0.05


Tree=5
num_leaves=31
num_cat=0
split_feature=9 0 0 13 0 0 0 0 0 0 0 0 0 0 0 0 0 0 0 0 0 0 0 0 0 0 0 0 0 0
split_gain=3.64077e+06 1.17562e+06 953308 801139 276508 111973 105272 766807 84021.6 43859.7 23622.1 22905.5 13822.9 12506 6474.92 6460.89 3358.9 2988.13 2329.14 2257.52 1974.62 1096.95 860.443 777.814 751.538 657.151 396.955 315.624 238.161 225.507
threshold=48.730823633128871 14.516513969429317 33.515085247392115 98.47502576271755 14.516513969429317 12.77720814820737 33.515085247392115 24.952348896760991 15.586856013258206 9.5661820167207026 13.312379170121817 15.453063257779595 13.71375743655765 10.904109571506813 11.037902326985426 15.051684991343762 12.77720814820737 13.847550192036261 15.85444152421543 7.8268761954987562 14.115135702993483 13.312379170121817 14.917892235865152 15.720648768736817 14.917892235865152 15.319270502300986 9.5661820167207026 14.382721213950706 14.248928458472095 12.375829881771539
decision_type=2 2 2 2 2 2 2 2 2 2 2 2 2 2 2 2 2 2 2 2 2 2 2 2 2 2 2 2 2 2
left_child=3 5 8 6 10 13 7 9 15 19 16 22 21 26 -11 24 -5 -12 -10 -1 -14 -7 -6 -13 -3 -17 -2 -22 -19 -15
right_child=1 2 -4 4 11 12 -8 -9 18 14 17 23 20 29 -16 25 -18 28 -20 -21 27 -23 -24 -25 -26 -27 -28 -29 -30 -31
leaf_value=-2.4153279795882732 -2.3559360459645591 0.24606906248947205 -2.8069482646914694 -1.2162665307244589 0.37735636534898176 -0.94115162725572477 -2.4867659016406445 1.8644351315498353 1.1903147450360387 -1.8556167701172503 -0.4924522956132889 1.0953454662504649 -0.34452666073753724 -1.5211082383125061 -1.4363210541388893 0.67178803289853617 -0.82481843714811376 -0.13200784512880176 1.4970697850049759 -2.1603813124072646 -0.099600707588619317 -0.66225969184528699 0.70930876887121874 1.5738941292955697 0.49575428524017334 0.92326566628047402 -1.9318715626643255 0.07861419170289427 0.059367747192199422 -1.2285598464239214
leaf_weight=504 59 88 138 171 45 76 634 135 87 291 99 20 104 123 172 64 97 43 3135 257 75 98 42 172 49 83 64 36 25 41
leaf_count=504 59 88 138 171 45 76 634 135 87 291 99 20 104 123 172 64 97 43 3135 257 75 98 42 172 49 83 64 36 25 41
internal_value=-0.000299303 0.900549 1.25578 -1.43773 -0.000539097 -1.01336 -1.95235 -1.70139 1.41645 -2.09588 -0.787959 1.22557 -0.458663 -1.76097 -1.70329 0.589205 -1.0782 -0.318512 1.48916 -2.33218 -0.189057 -0.788785 0.543905 1.53 0.338354 0.819091 -2.15268 -0.0415708 -0.061736 -1.45589
internal_weight=7027 4320 3644 2707 714 676 1993 1359 3506 1224 435 279 389 287 463 284 268 167 3222 761 215 174 87 192 137 147 123 111 68 164
internal_count=7027 4320 3644 2707 714 676 1993 1359 3506 1224 435 279 389 287 463 284 268 167 3222 761 215 174 87 192 137 147 123 111 68 164
is_linear=0
shrinkage=0.05


Tree=6
num_leaves=31
num_cat=0
split_feature=9 0 0 13 0 0 0 0 0 0 0 0 0 0 0 0 0 0 0 0 0 0 0 0 0 0 0 0 0 0
split_gain=3.28596e+06 1.06168e+06 860825 723257 249802 101214 95000.6 692415 75762.8 39749.9 21331.3 20674.6 12491.5 11318.3 5837.7 4599.43 3623.55 3029.64 2699.32 2088.72 1784 1017.15 793.851 686.254 680.303 592.818 365.263 285.437 215.578 199.431
threshold=48.730823633128871 14.516513969429317 33.515085247392115 98.47502576271755 14.516513969429317 12.77720814820737 33.515085247392115 24.952348896760991 15.586856013258206 9.8337675276779262 13.312379170121817 15.453063257779595 13.71375743655765 10.904109571506813 15.051684991343762 11.305487837942648 8.2282544619345916 12.77720814820737 13.847550192036261 15.85444152421543 14.115135702993483 13.178586414643204 14.784099480386539 15.720648768736817 14.917892235865152 15.319270502300986 9.6999747721993135 14.382721213950706 14.248928458472095 13.579964681079039
decision_type=2 2 2 2 2 2 2 2 2 2 2 2 2 2 2 2 2 2 2 2 2 2 2 2 2 2 2 2 2 2
left_child=3 5 8 6 10 13 7 9 14 16 17 22 21 26 24 -11 -1 -5 -12 -10 -14 -7 -6 -13 -3 -16 -2 -22 -20 -23
right_child=1 2 -4 4 11 12 -8 -9 19 15 18 23 20 -15 25 -17 -18 -19 28 -21 27 29 -24 -25 -26 -27 -28 -29 -30 -31
leaf_value=-2.2825170625371043 -2.2181030461325579 0.23390385096118355 -2.6676105480056873 -1.1558067655563355 0.29904917836189271 -0.93269011238874033 -2.3626234218567377 1.7718988146501429 1.1314753328670155 -1.6980555025074218 -0.46807590217590334 1.0431861523219517 -0.32746438356808255 -1.3839307439399489 0.63871538485013524 -1.2960582411673762 -2.0024354066115158 -0.78399833435914967 -0.12555746078999205 1.4222401709945833 -0.094686198101967198 -0.71385647503105387 0.63071045553475091 1.4956543157279836 0.4714623273849487 0.87765193292072841 -1.8134984414330846 0.074789716577207718 0.056513528113181777 -0.53072365078059114
leaf_weight=555 66 88 138 171 31 58 634 135 87 287 99 20 104 164 64 123 259 97 43 3135 75 73 56 172 49 83 57 36 25 43
leaf_count=555 66 88 138 171 31 58 634 135 87 287 99 20 104 164 64 123 259 97 43 3135 75 73 56 172 49 83 57 36 25 43
internal_value=-0.000385 0.855443 1.19302 -1.36598 -0.000431037 -0.963357 -1.85495 -1.61654 1.3457 -1.99141 -0.748861 1.16496 -0.435984 -1.67415 0.560157 -1.58092 -2.19597 -1.02467 -0.302755 1.41474 -0.179688 -0.749805 0.51733 1.4542 0.321707 0.778677 -2.04678 -0.0394994 -0.0586982 -0.65113
internal_weight=7027 4320 3644 2707 714 676 1993 1359 3506 1224 435 279 389 287 284 410 814 268 167 3222 215 174 87 192 137 147 123 111 68 116
internal_count=7027 4320 3644 2707 714 676 1993 1359 3506 1224 435 279 389 287 284 410 814 268 167 3222 215 174 87 192 137 147 123 111 68 116
is_linear=0
shrinkage=0.05


Tree=7
num_leaves=31
num_cat=0
split_feature=0 0 0 0 0 0 0 0 0 0 0 0 0 0 0 0 14 0 0 0 0 0 14 0 14 0 0 1 14 0
split_gain=2.83523e+06 3.12181e+06 365339 163542 21426.2 21126.3 16576.5 14398.5 2681.61 2208.15 2049.99 1680.78 1077.21 993.94 661.222 454.167 357.894 352.309 316.312 300.897 179.353 157.247 58.4438 57.6019 54.7877 43.2424 21.7575 26.0627 16.7396 13.5696
threshold=13.579964681079039 33.515085247392115 15.185477746822373 10.904109571506813 14.382721213950706 12.643415392728761 15.720648768736817 8.6296327283704262 14.784099480386539 13.981342947514873 11.57307334889987 13.178586414643204 30.571644626862664 10.101353038635148 15.453063257779595 15.85444152421543 1.3316656236960418 14.115135702993483 12.375829881771539 14.65030672490793 14.917892235865152 13.71375743655765 0.80208062770104227 14.516513969429317 1.3000000000000491 13.446171925600426 14.248928458472095 -0.21643137258081238 0.89628864398336761 13.044793659164593
decision_type=2 2 2 2 2 2 2 2 2 2 2 2 2 2 2 2 2 2 2 2 2 2 2 2 2 2 2 2 2 2
left_child=3 2 4 7 9 10 14 -1 19 21 -5 29 15 -9 -4 -8 -17 -11 -12 23 -10 -2 -19 24 -6 -13 -24 -28 -23 -7
right_child=1 -3 6 5 8 11 12 13 20 17 18 25 -14 -15 -16 16 -18 22 -20 -21 -22 28 26 -25 -26 -27 27 -29 -30 -31
leaf_value=-2.1606599484730062 -0.46198008252514733 -2.2998280345329496 0.73935507684595458 -1.4484472973714739 0.1288985406248658 -0.8976713158473496 1.1431031706838899 -1.8722284122981827 0.36269453986694938 -0.21614646710731364 -1.2387410538096846 -0.65302740248123026 1.4829509894688924 -1.6572919507784265 0.96842168874740597 1.3272483757555138 1.3865564921152196 -0.019118275561315175 -1.0594331672343802 0.28068696248965957 0.5177774838219702 -0.26863280181884769 -0.1431247164193622 0.16264432924576105 0.019793438559228726 -0.53412905180229331 -0.034346711351112884 -0.11269836227893829 -0.36627644308975765 -0.74351357714335131
leaf_weight=645 71 772 84 148 26 120 65 288 37 80 262 100 299 213 99 1536 1592 33 93 47 112 24 22 49 21 52 21 24 48 44
leaf_count=645 71 772 84 148 26 120 65 288 37 80 262 100 299 213 99 1536 1592 33 93 47 112 24 22 49 21 52 21 24 48 44
internal_value=-0.000456319 0.625299 1.1521 -1.61195 0.0241045 -1.0702 1.34081 -1.99785 0.333915 -0.256123 -1.27223 -0.745602 1.36533 -1.78434 0.867893 1.35386 1.35787 -0.138358 -1.19489 0.177333 0.481975 -0.402333 -0.0745542 0.124309 0.0816816 -0.616141 -0.101102 -0.0777845 -0.337923 -0.861099
internal_weight=7027 5062 4290 1965 615 819 3675 1146 292 323 503 316 3492 501 183 3193 3128 180 355 143 149 143 100 96 47 152 67 45 72 164
internal_count=7027 5062 4290 1965 615 819 3675 1146 292 323 503 316 3492 501 183 3193 3128 180 355 143 149 143 100 96 47 152 67 45 72 164
is_linear=0
shrinkage=0.05


Tree=8
num_leaves=31
num_cat=0
split_feature=9 0 0 13 0 0 0 0 0 0 0 0 0 0 0 0 0 0 13 0 0 0 0 0 0 0 0 0 9 9
split_gain=2.66729e+06 867018 706170 589904 203958 82805.8 77128.7 568245 61758.2 32530.5 17498.3 16822.1 10252.2 9251.03 4842.77 4800.12 2482.98 2213.6 1775.04 1662.74 1475.39 821.223 653.121 574.089 549.924 480.833 332.965 224.4 208.906 182.28
threshold=48.730823633128871 14.516513969429317 33.515085247392115 98.47502576271755 14.516513969429317 12.77720814820737 33.515085247392115 24.952348896760991 15.586856013258206 9.5661820167207026 13.312379170121817 15.453063257779595 13.71375743655765 10.904109571506813 11.037902326985426 15.051684991343762 12.77720814820737 13.847550192036261 11.897521560655624 15.85444152421543 14.248928458472095 13.178586414643204 14.917892235865152 15.85444152421543 14.784099480386539 15.319270502300986 9.5661820167207026 12.375829881771539 68.490413883127289 89.430736010044981
decision_type=2 2 2 2 2 2 2 2 2 2 2 2 2 2 2 2 2 2 2 2 2 2 2 2 2 2 2 2 2 2
left_child=3 5 8 6 10 13 7 9 15 18 16 22 21 26 -11 24 -5 -12 -1 -10 28 -7 -6 -13 -3 -17 -2 -15 -14 -22
right_child=1 2 -4 4 11 12 -8 -9 19 14 17 23 20 27 -16 25 -18 -19 -20 -21 29 -23 -24 -25 -26 -27 -28 -29 -30 -31
leaf_value=-2.0846704246604837 -2.0301012535095215 0.17859974345305202 -2.4210254718588411 -1.0423346138000489 0.32617170243159582 -0.84494410482503612 -2.1298679783137766 1.6119831668629363 1.0227110501852905 -1.5907391832952631 -0.41955629057884219 1.0416656843821208 -0.17490680562286842 -1.3119540892877888 -1.2286134654800327 0.5766670343692486 -0.70589209060279701 -0.048906238000246072 -1.8701144798080642 1.2829700869625928 0.045502484451447216 -0.59146545642461534 0.61522973127143332 1.3705945330028291 0.38385620241295804 0.792037429923103 -1.6607396862323469 -1.0510681520189558 -0.32257375519900094 -0.096379829548103257
leaf_weight=454 59 65 138 171 45 58 634 135 87 291 99 35 40 123 172 64 97 68 307 3135 55 116 42 157 72 83 64 41 83 37
leaf_count=454 59 65 138 171 45 58 634 135 87 291 99 35 40 123 172 64 97 68 307 3135 55 116 42 157 72 83 64 41 83 37
internal_value=-0.000488266 0.770576 1.07564 -1.23083 0.00240355 -0.873045 -1.67243 -1.45761 1.21393 -1.79721 -0.673863 1.05546 -0.396025 -1.51596 -1.45916 0.504697 -0.923658 -0.269852 -2.00069 1.27626 -0.163827 -0.680332 0.471179 1.31637 0.288508 0.702834 -1.8529 -1.25353 -0.27639 -0.0119279
internal_weight=7027 4320 3644 2707 714 676 1993 1359 3506 1224 435 279 389 287 463 284 268 167 761 3222 215 174 87 192 137 147 123 164 123 92
internal_count=7027 4320 3644 2707 714 676 1993 1359 3506 1224 435 279 389 287 463 284 268 167 761 3222 215 174 87 192 137 147 123 164 123 92
is_linear=0
shrinkage=0.05


Tree=9
num_leaves=31
num_cat=0
split_feature=9 0 0 0 0 0 0 0 0 0 0 0 0 0 0 0 0 0 0 0 0 0 0 0 0 0 0 0 9 0
split_gain=2.40734e+06 783009 637663 271138 676485 352872 74844.1 55689.6 27032.5 18470.1 15589.7 9295.32 8418.03 4337.69 3790.39 2828.78 1490.87 1270.31 1079.62 1073.37 1031.92 866.22 791.702 512.48 508.865 458.964 433.738 395.447 324.031 244.808
threshold=48.730823633128871 14.516513969429317 33.515085247392115 11.305487837942648 33.515085247392115 14.65030672490793 12.77720814820737 15.586856013258206 13.178586414643204 15.586856013258206 9.1648037502848698 13.847550192036261 10.502731305070983 15.051684991343762 13.847550192036261 12.509622637250152 15.85444152421543 25.75510542963266 10.502731305070983 13.579964681079039 14.248928458472095 11.439280593421261 15.051684991343762 14.917892235865152 7.5592906845415344 14.382721213950706 15.319270502300986 13.446171925600426 93.429480066634895 13.178586414643204
decision_type=2 2 2 2 2 2 2 2 2 2 2 2 2 2 2 2 2 2 2 2 2 2 2 2 2 2 2 2 2 2
left_child=3 6 7 10 5 8 12 13 15 22 24 19 -2 23 27 -5 -9 -11 -12 29 -13 -14 -7 -3 -1 -16 -15 -10 -18 -8
right_child=1 2 -4 4 -6 9 11 16 14 17 18 20 21 26 25 -17 28 -19 -20 -21 -22 -23 -24 -25 -26 -27 -28 -29 -30 -31
leaf_value=-1.9770758049366841 -1.8469059023293117 0.19817666382183519 -2.3008450536933736 -1.0919952571445042 -2.0235422887126293 0.40277789067248904 -0.80341295177653693 0.97215658122842974 -0.5462903617895567 1.2817001639585444 -1.6012452815718441 -0.24040939952404994 -1.4306019903329705 0.54827726356799789 -0.077423422310103934 -0.78952899224228335 1.307735171839876 1.5406974579567134 -1.3740653974904955 -0.43623161635091229 -0.011356165881759377 -1.1387013053894044 0.72958505078365932 0.40418061771392821 -1.7963212488810223 0.17213364711514229 0.7529070056052436 -0.34913956900165505 1.2102137327592686 -0.61919030137964204
leaf_weight=471 92 88 138 224 634 48 58 87 51 186 248 105 64 64 57 143 264 128 158 61 92 131 37 49 224 26 83 72 2871 73
leaf_count=471 92 88 138 224 634 48 58 87 51 186 248 105 64 64 57 143 264 128 158 61 92 131 37 49 224 26 83 72 2871 73
internal_value=-0.000552122 0.731975 1.02188 -1.1694 -0.754318 0.0747738 -0.829989 1.15329 -0.719762 1.21476 -1.77364 -0.37648 -1.44122 0.479803 -0.259624 -0.97662 1.21249 1.39185 -1.51644 -0.623201 -0.134063 -1.24134 0.551923 0.274288 -1.92149 0.00181012 0.668157 -0.434672 1.21884 -0.706261
internal_weight=7027 4320 3644 2707 1606 972 676 3506 573 399 1101 389 287 284 206 367 3222 314 406 192 197 195 85 137 695 83 147 123 3135 131
internal_count=7027 4320 3644 2707 1606 972 676 3506 573 399 1101 389 287 284 206 367 3222 314 406 192 197 195 85 137 695 83 147 123 3135 131
is_linear=0
shrinkage=0.05


Tree=10
num_leaves=31
num_cat=0
split_feature=9 0 0 13 0 0 0 0 0 0 0 0 0 0 0 0 13 0 0 0 0 0 0 0 0 0 0 14 0 9
split_gain=2.17286e+06 707152 579005 480885 166410 75420.3 62791.3 463448 38601.8 26683.8 14249.2 13727.9 9641.75 8258.1 3097.43 2616.22 2483.59 2081.29 1799.14 1417.66 1337.02 836.553 553.367 488.82 453.209 379.178 375.708 272.609 269.785 175.691
threshold=48.730823633128871 14.65030672490793 33.515085247392115 98.47502576271755 14.516513969429317 12.911000903685983 33.515085247392115 24.952348896760991 15.586856013258206 9.8337675276779262 13.312379170121817 15.453063257779595 13.847550192036261 10.904109571506813 11.305487837942648 15.185477746822373 16.754446268631131 12.77720814820737 13.847550192036261 14.248928458472095 15.85444152421543 13.579964681079039 14.784099480386539 15.85444152421543 12.375829881771539 14.917892235865152 9.1648037502848698 2.9143323992525767 14.382721213950706 91.959135942942467
decision_type=2 2 2 2 2 2 2 2 2 2 2 2 2 2 2 2 2 2 2 2 2 2 2 2 2 2 2 2 2 2
left_child=3 5 8 6 10 13 7 9 15 16 17 22 21 26 -11 25 -1 -5 -12 29 -10 -7 -6 -13 -15 -3 -2 -22 -21 -14
right_child=1 2 -4 4 11 12 -8 -9 20 14 18 23 19 24 -16 -17 -18 -19 -20 28 27 -23 -24 -25 -26 -27 -28 -29 -30 -31
leaf_value=-1.8684718661189768 -1.8773303035813935 0.24149919587915591 -2.1866304543035495 -0.94239340615826994 0.24383206091821197 -0.65761849760040048 -1.9225244920385167 1.4561747573403752 0.92410111719911758 -1.3823987064096663 -0.37884430701732641 0.93869303782780966 -0.16508203479193026 -1.1865253234678699 -1.052962567114061 0.6827578929014374 -1.6444110376273404 -0.63486244551989512 -0.044670521922517518 -0.06169472847983503 1.1469214748068248 -0.41477183538098483 0.52033356401481123 1.238819130281859 -0.92951499284482475 0.42133985844396404 -1.5230079402421652 1.2184476125827439 0.084380343226899579 -0.3015918120990197
leaf_weight=522 48 54 138 171 31 122 634 135 87 287 99 35 58 123 123 113 292 97 68 56 2669 61 56 157 50 83 75 466 70 47
leaf_count=522 48 54 138 171 31 122 634 135 87 287 99 35 58 123 123 113 292 97 68 56 2669 61 56 157 50 83 75 466 70 47
internal_value=-0.000602516 0.695336 0.97901 -1.11107 0.00238899 -0.746346 -1.50978 -1.31595 1.10543 -1.62264 -0.608463 0.953582 -0.309301 -1.3545 -1.28638 0.504061 -1.79022 -0.833878 -0.243879 -0.0937364 1.15192 -0.579391 0.425757 1.18928 -1.11804 0.352754 -1.67535 1.15794 0.0194441 -0.228502
internal_weight=7027 4320 3610 2707 714 710 1993 1359 3472 1224 435 279 414 296 410 250 814 268 167 231 3222 183 87 192 173 137 123 3135 126 105
internal_count=7027 4320 3610 2707 714 710 1993 1359 3472 1224 435 279 414 296 410 250 814 268 167 231 3222 183 87 192 173 137 123 3135 126 105
is_linear=0
shrinkage=0.05


Tree=11
num_leaves=31
num_cat=0
split_feature=9 13 9 13 13 13 13 13 1 6 3 9 3 5 6 13 13 6 3 5 7 6 2 3 5 11 2 1 3 1
split_gain=1.96112e+06 434136 142239 126376 29904.5 126328 10936.8 17914.7 12192.8 7635.16 8290.03 7499.84 7125.9 6634.12 6025.46 5640.8 5437.85 5409.96 8737.92 5312.57 4866.69 4292.84 3858.62 4663.4 3576.54 3224.25 3026.84 2610.66 3656.05 2460.57
threshold=48.730823633128871 98.47502576271755 93.429480066634895 98.47502576271755 98.47502576271755 0.023272343141408275 61.10258936931379 1.0000000180025095e-35 -0.80382625221112003 0.60355339059327384 970.05000000000007 74.86724145929243 984.05000000000007 -0.70710678118654735 -0.12940952255126037 22.780733433811225 2.6637347371744737 1.0000000180025095e-35 973.1500000000002 0.91597561503675362 -0.68301270189221897 0.98296291314453421 -0.89490028524376719 971.05000000000007 -0.98296291314453399 60.830954716761148 -0.608738249238853 -0.8949002852437673 984.6500000000002 -0.5663846699108962
decision_type=2 2 2 2 2 2 2 2 2 2 2 2 2 2 2 2 2 2 2 2 2 2 2 2 2 2 2 2 2 2
left_child=1 6 3 16 5 9 7 8 17 -4 -11 25 24 14 -10 -9 -2 -1 -19 -15 -12 26 -16 -24 -3 -5 -22 -27 -29 -21
right_child=2 12 4 11 -6 -7 -8 15 13 10 20 -13 -14 19 22 -17 -18 18 -20 29 21 -23 23 -25 -26 27 -28 28 -30 -31
leaf_value=-1.1207532173839969 -0.43008076894850955 0.63335731918161564 0.81043683660461951 0.39894107167305348 0.91203052486913083 -1.4934009246265187 -1.1092161076214848 -1.7461569335438385 -1.4121786375045779 -0.42632517901333894 0.80990926968609855 0.57010961705575824 -0.18773607479255291 -1.522460620095653 -0.11199314571562267 -1.4742072251121405 -1.3434404163506197 -1.2206379172915505 0.089275493621826185 -0.76979986657036681 0.34335425714651746 -0.18362727412471067 -1.4077876685215878 -0.4160895851135254 0.090784849654312952 -0.25309549947579701 0.8451295338506285 0.42722948913197767 0.021526878893375397 -1.3634241259725473
leaf_weight=66 20 32 800 183 2258 67 244 534 59 21 134 275 291 495 20 393 130 20 32 44 95 26 25 24 391 38 45 94 134 37
leaf_count=66 20 32 800 183 2258 67 244 534 59 21 134 275 291 495 20 393 130 20 32 44 95 26 25 24 391 38 45 94 134 37
internal_value=-0.000644169 -1.05562 0.660516 0.0906917 0.804969 0.600881 -1.43445 -1.47916 -1.30436 0.727276 0.518132 0.364673 0.00233499 -1.38398 -1.03955 -1.63258 -1.22535 -0.821662 -0.427968 -1.45858 0.585458 0.400479 -0.705237 -0.940194 0.133239 0.23785 0.509525 0.125926 0.189947 -1.05434
internal_weight=7027 2707 4320 874 3446 1188 1993 1749 822 1121 321 724 714 704 128 927 150 118 52 576 300 166 69 49 423 449 140 266 228 81
internal_count=7027 2707 4320 874 3446 1188 1993 1749 822 1121 321 724 714 704 128 927 150 118 52 576 300 166 69 49 423 449 140 266 228 81
is_linear=0
shrinkage=0.05


Tree=12
num_leaves=31
num_cat=0
split_feature=9 0 0 13 0 0 0 0 0 0 0 0 0 0 0 0 0 0 0 0 0 0 9 0 0 0 9 0 14 9
split_gain=1.77046e+06 606923 517804 392025 149477 59814.1 57456.5 410281 33950.9 22226.1 12862.8 12262.1 8002.81 6559.71 2621.09 2312.01 2110.57 2099.69 1239.98 1201.51 1198.92 835.939 827.318 722.262 491.944 426.249 353.681 339.285 291.641 263.983
threshold=48.730823633128871 14.65030672490793 33.515085247392115 98.47502576271755 14.516513969429317 13.044793659164593 33.515085247392115 24.952348896760991 15.586856013258206 9.8337675276779262 13.178586414643204 15.453063257779595 10.502731305070983 13.981342947514873 11.305487837942648 15.185477746822373 7.8268761954987562 13.847550192036261 12.643415392728761 12.375829881771539 15.85444152421543 14.382721213950706 93.429480066634895 13.579964681079039 14.917892235865152 15.85444152421543 94.103452799977234 13.446171925600426 2.9709706077246101 73.782022760639265
decision_type=2 2 2 2 2 2 2 2 2 2 2 2 2 2 2 2 2 2 2 2 2 2 2 2 2 2 2 2 2 2
left_child=3 5 8 6 10 12 7 9 15 16 18 24 -2 23 -11 26 -1 27 -5 -14 -10 29 -22 -7 -6 -13 -3 -12 -24 -15
right_child=1 2 -4 4 11 13 -8 -9 20 14 17 25 19 21 -16 -17 -18 -19 -20 -21 22 -23 28 -25 -26 -27 -28 -29 -30 -31
leaf_value=-1.6946088196405094 -1.6058303117239348 0.3829783106181357 -2.1032729328622062 -0.91417902527628725 0.27916735154131184 -0.60388184846102544 -1.7576247329711916 1.4301995061425603 0.8397968028892171 -1.2477316919962567 -0.49275789939440212 0.89064342763688831 -1.1305220845130184 -0.07576501567430538 -0.94572548535562329 0.61380831500940169 -1.4918631946772241 -0.043278484366078313 -0.66122834896554761 -0.85548119855214333 1.1639231261487277 0.053875976794097627 1.0385578169851593 -0.39112725740605658 0.52978617718053422 1.1731111141397983 0.21501213724266238 -0.31103918521371604 1.1118097638844247 -0.2202375098435502
leaf_weight=504 92 71 138 147 45 90 634 135 87 287 51 35 154 57 123 113 310 68 97 82 264 70 2474 90 42 157 66 72 397 75
leaf_count=504 92 71 138 147 45 90 634 135 87 287 51 35 154 57 123 113 310 68 97 82 264 70 2474 90 42 157 66 72 397 75
internal_value=-0.00069783 0.627502 0.890307 -1.00308 0.00225575 -0.708096 -1.36307 -1.17784 1.00986 -1.46643 -0.576684 0.903758 -1.2024 -0.281627 -1.15966 0.446073 -1.61933 -0.26732 -0.816751 -1.03899 1.05346 -0.0852573 1.05911 -0.500281 0.404858 1.12653 0.304241 -0.389793 1.04907 -0.158928
internal_weight=7027 4320 3610 2707 714 710 1993 1359 3472 1224 435 279 328 382 410 250 814 191 244 236 3222 202 3135 180 87 192 137 123 2871 132
internal_count=7027 4320 3610 2707 714 710 1993 1359 3472 1224 435 279 328 382 410 250 814 191 244 236 3222 202 3135 180 87 192 137 123 2871 132
is_linear=0
shrinkage=0.05


Tree=13
num_leaves=31
num_cat=0
split_feature=9 0 0 13 0 0 0 0 0 0 0 0 0 0 0 0 0 0 0 0 9 0 0 0 13 0 0 0 0 0
split_gain=1.598e+06 548028 467582 353898 135056 54029.5 51852.7 370480 30621.3 20146.5 11618.3 11068.5 7281.21 5926.59 3500.52 2087.16 1711.11 1432.4 1075.73 755.579 750.269 749.775 709.135 652.501 544.455 457.324 383.855 348.703 281.544 277.764
threshold=48.730823633128871 14.65030672490793 33.515085247392115 98.47502576271755 14.516513969429317 13.044793659164593 33.515085247392115 24.952348896760991 15.586856013258206 9.298596505763479 13.312379170121817 15.453063257779595 10.904109571506813 13.981342947514873 10.904109571506813 15.185477746822373 12.911000903685983 13.847550192036261 15.85444152421543 14.382721213950706 93.429480066634895 7.2917051735843117 12.643415392728761 13.579964681079039 22.780733433811225 14.784099480386539 15.720648768736817 14.917892235865152 11.706866104378483 12.509622637250152
decision_type=2 2 2 2 2 2 2 2 2 2 2 2 2 2 2 2 2 2 2 2 2 2 2 2 2 2 2 2 2 2
left_child=3 5 8 6 10 12 7 9 15 21 16 25 24 23 -11 27 29 -12 -10 -15 -20 -1 -14 -7 -2 -6 -13 -3 -16 -5
right_child=1 2 -4 4 11 13 -8 -9 18 14 17 26 22 19 28 -17 -18 -19 20 -21 -22 -23 -24 -25 -26 -27 -28 -29 -30 -31
leaf_value=-1.6234875405106917 -1.7082791824340822 0.1845503248897466 -1.998865846043868 -0.91506109677109082 0.21978195099160078 -0.57401956091870321 -1.6698818825849402 1.3592153340227464 0.79828411687504175 -1.2571314364510613 -0.33935491849184035 0.76579839252290272 -1.0111292320642717 -0.15109474166453976 -1.0204401044050853 0.58338711320308223 -0.55452607796109954 -0.041145921623793207 1.1059465734733724 0.051220119442580883 0.9966562861253957 -1.4662984283656291 -0.74698399786855663 -0.37178580049957549 -1.3372405944400365 0.47103164626840965 1.1015341324337646 0.35429607611681735 -0.82217684390181212 -0.73914884730083197
leaf_weight=437 34 54 138 101 31 90 634 135 87 295 99 20 155 132 143 113 86 68 264 70 2871 291 50 90 89 56 172 83 58 81
leaf_count=437 34 54 138 101 31 90 634 135 87 295 99 20 155 132 143 113 86 68 264 70 2871 291 50 90 89 56 172 83 58 81
internal_value=-0.000711624 0.596109 0.845837 -0.953025 0.00217375 -0.673032 -1.29506 -1.1191 0.959448 -1.39333 -0.54813 0.859086 -1.14282 -0.267708 -1.142 0.424013 -0.751674 -0.218926 1.00085 -0.0810541 1.00621 -1.56276 -0.950667 -0.475543 -1.45279 0.385078 1.07074 0.289247 -0.967608 -0.841265
internal_weight=7027 4320 3610 2707 714 710 1993 1359 3472 1224 435 279 328 382 496 250 268 167 3222 202 3135 728 205 180 123 87 192 137 201 182
internal_count=7027 4320 3610 2707 714 710 1993 1359 3472 1224 435 279 328 382 496 250 268 167 3222 202 3135 728 205 180 123 87 192 137 201 182
is_linear=0
shrinkage=0.05


Tree=14
num_leaves=31
num_cat=0
split_feature=9 0 0 0 0 0 0 0 0 0 0 0 0 0 0 0 0 0 0 0 9 0 0 0 0 0 0 9 9 0
split_gain=1.44235e+06 494898 422227 164205 423339 235202 48831.4 27617.1 17008.2 12873.4 9713.79 6630.23 5355.54 3079.96 1884.33 1515.78 993.43 992.403 895.269 712.298 681.399 674.747 589.475 580.757 500.891 477.881 342.344 322.759 291.84 192.332
threshold=48.730823633128871 14.65030672490793 33.515085247392115 11.305487837942648 33.515085247392115 14.65030672490793 13.044793659164593 15.586856013258206 13.044793659164593 15.586856013258206 9.298596505763479 10.502731305070983 13.981342947514873 13.847550192036261 15.185477746822373 25.75510542963266 12.375829881771539 15.988234279694042 12.509622637250152 14.248928458472095 93.429480066634895 7.2917051735843117 13.579964681079039 15.051684991343762 10.502731305070983 13.446171925600426 14.248928458472095 94.103452799977234 89.430736010044981 14.917892235865152
decision_type=2 2 2 2 2 2 2 2 2 2 2 2 2 2 2 2 2 2 2 2 2 2 2 2 2 2 2 2 2 2
left_child=3 6 7 10 5 8 11 14 18 23 21 -2 22 25 27 -11 -13 -9 -5 -14 -19 -1 -8 -7 -12 -10 -15 29 -21 -3
right_child=1 2 -4 4 -6 9 12 17 13 15 24 16 19 26 -16 -17 -18 20 -20 28 -22 -23 -24 -25 -26 -27 -28 -29 -30 -31
leaf_value=-1.5424984982460057 -1.4534766301801127 0.23292464165851989 -1.8996415832574418 -0.86432523820665164 -1.5865192745539149 0.32409579719815934 -0.54563397805769365 0.79994223081148597 -0.46698940578895282 1.0424805114358504 -1.2277296031845939 -1.0208692536507884 -0.19683638358609629 -0.096916915630413741 0.55447363263682325 1.3015495242628941 -0.77123132349496881 1.0555448279190063 -0.6707268317132935 0.059718464376777414 0.94855321326498265 -1.3932345861278168 -0.35340078934945246 0.6023688553508959 -1.059100424088772 -0.27896495601902271 0.10389639935297211 0.19026515677182088 -0.093556614428899204 0.4189759900895032
leaf_weight=437 92 28 138 224 634 48 90 142 78 186 215 154 76 43 113 128 82 249 116 74 2831 291 90 37 158 72 40 66 52 43
leaf_count=437 92 28 138 224 634 48 90 142 78 186 215 154 76 43 113 128 82 249 116 74 2831 291 90 37 158 72 40 66 52 43
internal_value=-0.000749937 0.566259 0.803573 -0.905495 -0.582473 0.0733813 -0.639794 0.911534 -0.575304 1.00407 -1.37572 -1.08641 -0.25446 -0.244727 0.403038 1.1519 -0.937772 0.95085 -0.800449 -0.0770247 0.957544 -1.48483 -0.452029 0.45088 -1.15934 -0.379216 0 0.274982 -0.00373713 0.349927
internal_weight=7027 4320 3610 2707 1606 972 710 3472 573 399 1101 328 382 233 250 314 236 3222 340 202 3080 728 180 85 373 150 83 137 126 71
internal_count=7027 4320 3610 2707 1606 972 710 3472 573 399 1101 328 382 233 250 314 236 3222 340 202 3080 728 180 85 373 150 83 137 126 71
is_linear=0
shrinkage=0.05


Tree=15
num_leaves=31
num_cat=0
split_feature=9 0 0 13 0 0 0 0 0 0 0 0 0 0 0 0 0 0 0 0 0 0 0 0 0 0 9 0 9 0
split_gain=1.30187e+06 446882 379211 288337 110290 42229.2 302139 39281.1 32615.4 16496.8 9512.02 9021.22 5064.93 4804.56 2150.6 2050.51 1557.08 1534.51 1529.01 942.31 869.106 379.55 375.611 347.533 344.569 268.801 245.963 217.697 201.392 173.349
threshold=48.730823633128871 14.516513969429317 33.515085247392115 98.47502576271755 14.516513969429317 33.515085247392115 24.952348896760991 12.911000903685983 15.453063257779595 10.101353038635148 13.178586414643204 15.453063257779595 13.71375743655765 10.502731305070983 8.2282544619345916 15.85444152421543 13.71375743655765 14.917892235865152 11.439280593421261 12.509622637250152 14.115135702993483 11.439280593421261 14.917892235865152 13.312379170121817 15.85444152421543 15.185477746822373 89.430736010044981 14.248928458472095 82.219688003249146 12.911000903685983
decision_type=2 2 2 2 2 2 2 2 2 2 2 2 2 2 2 2 2 2 2 2 2 2 2 2 2 2 2 2 2 2
left_child=3 7 8 5 10 6 9 13 17 14 19 22 23 -2 -1 -10 -12 -3 -11 -5 28 -15 -6 -9 -13 -19 -22 -18 -14 -21
right_child=1 2 -4 4 11 -7 -8 12 15 18 16 24 20 21 -16 -17 27 25 -20 29 26 -23 -24 -25 -26 -27 -28 -29 -30 -31
leaf_value=-1.4458615408012336 -1.3815842353656729 0.12799212315172123 -1.8053428116119166 -0.82696402979832073 0.23867655582078126 -1.5073182394673506 1.2278220346394708 -0.6083919065138873 0.68999762054590086 -1.0427894914561304 -0.35505129017211773 0.76039778444502093 -0.17109221006040726 -1.0615887659513035 -1.2528419511049789 0.90822707582493223 -0.11880159750394524 0.32153825140425135 -0.79359924788868763 -0.6695147429442988 0.016249707821867805 -0.85961668048344608 0.45731533616088155 -0.44062952508830061 1.0083045468752898 0.46769783192210729 -0.13409451059349206 0.055011588724759912 -0.31725488026187104 -0.51901626806410528
leaf_weight=555 92 88 138 101 45 634 135 67 129 260 107 35 52 64 301 3135 59 83 108 81 66 140 42 98 157 71 45 25 52 62
leaf_count=555 92 88 138 101 45 634 135 67 129 260 107 35 52 64 301 3135 59 83 108 81 66 140 42 98 157 71 45 25 52 62
internal_value=-0.000768691 0.537922 0.75694 -0.860328 0.00186464 -1.16906 -1.01026 -0.64207 0.858282 -1.25791 -0.495429 0.776233 -0.304383 -1.07309 -1.37954 0.899818 -0.229392 0.296645 -0.97202 -0.701872 -0.143366 -0.927874 0.34828 -0.512036 0.967313 0.391538 -0.0453091 -0.0669741 -0.246547 -0.608356
internal_weight=7027 4320 3644 2707 714 1993 1359 676 3506 1224 435 279 380 296 856 3264 191 242 368 244 215 204 87 165 192 154 111 84 104 143
internal_count=7027 4320 3644 2707 714 1993 1359 676 3506 1224 435 279 380 296 856 3264 191 242 368 244 215 204 87 165 192 154 111 84 104 143
is_linear=0
shrinkage=0.05


Tree=16
num_leaves=31
num_cat=0
split_feature=9 0 0 13 0 0 0 0 0 0 0 0 0 0 0 0 0 0 13 0 0 0 0 14 0 0 0 0 9 0
split_gain=1.17501e+06 403628 344292 260281 99655.6 39858.1 38111 272827 22471.9 14932 8615.78 8142.99 6141.36 3680.85 2296.03 1522.36 1267.36 1049.31 889.521 812.545 777.863 639.91 585.489 398.224 349.528 309.854 306.387 256.26 213.853 202.991
threshold=48.730823633128871 14.65030672490793 33.515085247392115 98.47502576271755 14.516513969429317 13.178586414643204 33.515085247392115 24.952348896760991 15.586856013258206 9.5661820167207026 13.312379170121817 15.453063257779595 11.037902326985426 13.981342947514873 11.171695082464039 15.051684991343762 12.911000903685983 13.847550192036261 11.897521560655624 15.988234279694042 12.643415392728761 8.3620472174132008 14.382721213950706 2.9143323992525767 14.784099480386539 13.579964681079039 15.85444152421543 15.319270502300986 91.959135942942467 12.242037126292926
decision_type=2 2 2 2 2 2 2 2 2 2 2 2 2 2 2 2 2 2 2 2 2 2 2 2 2 2 2 2 2 2
left_child=3 5 8 6 10 12 7 9 15 18 16 24 21 25 -11 -3 29 -12 -1 -10 -14 -2 28 -21 -6 -7 -13 -17 -15 -5
right_child=1 2 -4 4 11 13 -8 -9 19 14 17 26 20 22 -16 27 -18 -19 -20 23 -22 -23 -24 -25 -26 -27 -28 -29 -30 -31
leaf_value=-1.3908932118258635 -1.4985952932184394 0.21342896601937422 -1.7157250789944216 -0.84048060286278814 0.18703790182131344 -0.46987774591188175 -1.432071008186641 1.1668823355786941 0.72176947907134381 -1.0477819894297056 -0.29052471361756321 0.72343400107489697 -0.86253051423079141 -0.077601186105515807 -0.79223558068275457 0.37780615936792816 -0.47654827457734905 -0.035275545840192102 -1.2431040798534045 0.85398644813423952 -0.62799313236685361 -1.1413824339011283 0.046673467589122525 0.92063837189098896 0.4063348032089702 -0.3190080953299344 0.95820840322518652 0.53121043338662099 -0.20858046875852679 -0.67291974533769428
leaf_weight=454 32 103 138 50 31 73 634 135 142 312 99 35 150 79 151 64 86 68 307 2617 67 96 70 463 56 90 157 83 53 132
leaf_count=454 32 103 138 50 31 73 634 135 142 312 99 35 150 79 151 64 86 68 307 2617 67 96 70 463 56 90 157 83 53 132
internal_value=-0.000794726 0.510976 0.725294 -0.8174 0.00177319 -0.578202 -1.11073 -0.959869 0.822783 -1.1952 -0.470938 0.737864 -0.962799 -0.213028 -0.966337 0.364086 -0.646218 -0.187449 -1.33299 0.858249 -0.793352 -1.24165 -0.069742 0.864303 0.331265 -0.389059 0.919407 0.46746 -0.131402 -0.723322
internal_weight=7027 4320 3610 2707 714 710 1993 1359 3472 1224 435 279 345 365 463 250 268 167 761 3222 217 128 202 3080 87 163 192 147 132 182
internal_count=7027 4320 3610 2707 714 710 1993 1359 3472 1224 435 279 345 365 463 250 268 167 761 3222 217 128 202 3080 87 163 192 147 132 182
is_linear=0
shrinkage=0.05


Tree=17
num_leaves=31
num_cat=0
split_feature=9 0 0 13 0 0 0 0 0 0 0 0 0 0 0 0 0 0 0 0 0 0 0 0 14 9 0 0 14 9
split_gain=1.06053e+06 364505 310897 234956 90045.2 36035.1 34393.4 246361 20264.4 13601.9 7817.82 7361.77 4958.52 3946.61 2167.61 1623.61 1376.23 965.912 759.024 729.828 659.909 592.587 547.559 438.148 360.87 235.32 231.186 193.522 187.326 154.958
threshold=48.730823633128871 14.65030672490793 33.515085247392115 98.47502576271755 14.516513969429317 13.044793659164593 33.515085247392115 24.952348896760991 15.586856013258206 10.235145794113759 13.446171925600426 15.586856013258206 10.502731305070983 13.981342947514873 8.3620472174132008 12.911000903685983 15.051684991343762 11.439280593421261 12.375829881771539 15.988234279694042 15.051684991343762 13.981342947514873 14.248928458472095 13.579964681079039 2.9143323992525767 89.430736010044981 15.319270502300986 12.509622637250152 2.8536526301099099 86.495046505340113
decision_type=2 2 2 2 2 2 2 2 2 2 2 2 2 2 2 2 2 2 2 2 2 2 2 2 2 2 2 2 2 2
left_child=3 5 8 6 10 12 7 9 16 14 15 20 -2 23 -1 27 -3 -11 -14 -10 -6 -12 -15 29 28 -24 -18 -5 -21 -7
right_child=1 2 -4 4 11 13 -8 -9 19 17 21 -13 18 22 -16 -17 26 -19 -20 24 -22 -23 25 -25 -26 -27 -28 -29 -30 -31
leaf_value=-1.3026526342166795 -1.2506467370064029 0.20286012758357594 -1.630555985951595 -0.74859819898418367 0.24743549916427582 -0.39394944334929843 -1.3605802210409812 1.10896722092348 0.68593336798928006 -0.92221075020005205 -0.2255725492845948 0.89314233975940283 -0.87719525934034781 -0.17136032601020165 -1.1181071919823296 -0.43684054567102804 0.35920647004017464 -0.71503495443851584 -0.65997169873800632 0.81299321522648393 0.52038850897236866 -0.017370347230151916 0.054903931965182229 -0.30323297092056539 0.8747056496965474 -0.082731469643811867 0.50496611234687616 -0.60321157030942962 0.59458246111869817 -0.55866034263219588
leaf_weight=575 92 103 138 101 63 52 634 135 142 225 81 179 154 76 316 113 64 108 82 2594 37 59 74 90 463 52 83 81 23 38
leaf_count=575 92 103 138 101 63 52 634 135 142 225 81 179 154 76 316 113 64 108 82 2594 37 59 74 90 463 52 83 81 23 38
internal_value=-0.000812376 0.48539 0.689056 -0.776619 0.00168098 -0.549657 -1.05531 -0.911998 0.781697 -1.13563 -0.447659 0.701379 -0.933322 -0.218637 -1.23853 -0.593345 0.346108 -0.857376 -0.804844 0.815375 0.35263 -0.138611 -0.0663139 -0.388239 0.821117 -0.00206278 0.444396 -0.68757 0.811303 -0.468924
internal_weight=7027 4320 3610 2707 714 710 1993 1359 3472 1224 435 279 328 382 891 295 250 333 236 3222 100 140 202 180 3080 126 147 182 2617 90
internal_count=7027 4320 3610 2707 714 710 1993 1359 3472 1224 435 279 328 382 891 295 250 333 236 3222 100 140 202 180 3080 126 147 182 2617 90
is_linear=0
shrinkage=0.05


Tree=18
num_leaves=31
num_cat=0
split_feature=9 13 9 13 14 13 13 14 14 13 13 14 5 11 14 9 11 14 9 3 10 11 10 13 13 1 1 1 14 3
split_gain=957235 212082 65569.8 62195.5 26636 23681.2 39433.9 21735.5 8591.36 5669.78 8519.32 5934.56 7801.33 5036.67 4832.21 5886.9 4472.75 4428.08 6921.31 4255.02 3265.77 4250.01 3151.5 2823.27 2687.91 2628 2085.78 3375.28 1961.42 1947.26
threshold=48.730823633128871 98.47502576271755 93.429480066634895 98.47502576271755 1.9857828011475336 98.47502576271755 0.023272343141408275 1.6010413278031737 5.4503822410139433 61.10258936931379 1.0000000180025095e-35 0.98657657246324848 -0.78656609248549303 63.671414108618002 1.3826270592468186 72.639082997253823 86.568900636777627 3.7898905885935448 10.947455176544299 981.05000000000007 2.2453978928957423 98.807243888479064 98.437662972975147 2.6637347371744737 30.102537191332733 -0.82409480842201666 -0.24192189559966767 -0.72534675097891055 0.85049005481195949 978.05000000000007
decision_type=2 2 2 2 2 2 2 2 2 2 2 2 2 2 2 2 2 2 2 2 2 2 2 2 2 2 2 2 2 2
left_child=1 9 3 23 -4 6 8 28 19 10 11 -1 22 -10 15 -5 -16 18 -9 20 21 -6 -13 -2 -12 -14 27 29 -3 -22
right_child=2 7 4 14 5 -7 -8 17 13 -11 24 12 25 -15 16 -17 -18 -19 -20 -21 26 -23 -24 -25 -26 -27 -28 -29 -30 -31
leaf_value=-1.125723609064446 -0.2782832291012719 -0.40034587504821478 0.65871698638570519 0.034458584047245742 0.25105538783534881 0.55212162755094518 -1.061699673086405 -0.23059852260577529 0.33697660570559296 -0.76894644608789564 -1.2055501041690573 -0.69249525264158096 -0.56634297925775701 -0.58589124952043814 0.58387005918940837 0.38442996998226242 0.071334230046847788 0.5485652971840822 0.32977956435149491 0.77751169151730004 0.67773946686396525 -0.5212161777496338 -0.15731029810728853 -0.93404084576905244 -1.008684641948113 -0.95699674886680508 0.69728150098220165 0.09523119251379808 -0.16259065540369275 0.10520418802897136
leaf_weight=243 20 170 2279 293 61 688 63 78 22 244 616 58 54 41 171 203 57 103 182 53 62 24 53 130 311 414 45 88 181 20
leaf_count=243 20 170 2279 293 61 688 63 78 22 244 616 58 54 41 171 203 57 103 182 53 62 24 53 130 311 414 45 88 181 20
internal_value=-0.000818343 -0.737875 0.461099 0.0741935 0.559177 0.364387 0.0941402 0.00156996 0.271322 -1.00265 -1.0348 -0.914157 -0.823568 -0.263312 0.26639 0.178188 0.456629 0.272481 0.161408 0.367226 0.292383 0.0294189 -0.440687 -0.849062 -1.14067 -0.913236 0.395706 0.312237 -0.278567 0.541107
internal_weight=7027 2707 4320 874 3446 1167 479 714 416 1993 1749 822 579 63 724 496 228 363 260 353 300 85 111 150 927 468 215 170 351 82
internal_count=7027 2707 4320 874 3446 1167 479 714 416 1993 1749 822 579 63 724 496 228 363 260 353 300 85 111 150 927 468 215 170 351 82
is_linear=0
shrinkage=0.05


Tree=19
num_leaves=31
num_cat=0
split_feature=0 0 0 0 0 0 9 13 9 0 9 0 14 9 0 14 0 0 9 9 0 0 9 9 9 9 13 0 0 0
split_gain=870625 1.00391e+06 100187 49365.1 7347.18 6669.99 5332.71 4821.83 3736.49 3440.74 1479.32 840.485 775.57 772.05 750.367 525.285 510.492 450.823 445.401 419.77 441.31 418.919 395.555 338.443 319.81 175.785 171.246 97.566 91.1125 77.7987
threshold=13.71375743655765 33.515085247392115 15.319270502300986 10.904109571506813 12.911000903685983 14.516513969429317 3.768334638836135 22.780733433811225 94.523829473393974 15.720648768736817 93.429480066634895 14.917892235865152 3.2908965343808636 86.495046505340113 14.115135702993483 1.9148540176971489 13.446171925600426 24.952348896760991 94.103452799977234 90.837962714856985 11.57307334889987 10.101353038635148 77.690488573339138 72.639082997253823 89.430736010044981 80.148939679135069 1.0000000180025095e-35 12.509622637250152 14.382721213950706 15.988234279694042
decision_type=2 2 2 2 2 2 2 2 2 2 2 2 2 2 2 2 2 2 2 2 2 2 2 2 2 2 2 2 2 2
left_child=3 2 5 7 19 14 12 26 -3 25 -11 23 -4 16 22 29 -6 -17 -13 20 -5 -9 -2 -7 28 -8 -1 -22 -16 -12
right_child=1 8 6 4 13 11 9 21 -10 10 15 18 -14 -15 24 17 -18 -19 -20 -21 27 -23 -24 -25 -26 -27 -28 -29 -30 -31
leaf_value=-1.3582280537060329 -0.12754167347353826 -1.2456478368043902 1.159807770118285 -0.77419288920660101 -0.41675647179285691 0.19676345908297943 0.58692813845241776 -1.0203541128627789 -1.5614065257115151 0.84521609257429076 0.61371692157182534 0.3712602833927946 0.88497553485713609 -0.56403461448962877 -0.019819696318844091 0.74099848201321794 -0.26668490829516428 0.83187609495678005 0.18570040023486531 -0.85810430710775809 -0.67479948799282896 -0.89495653357461247 -0.29510173995792865 0.034791323086410239 -0.14505836010627124 0.44308515869081022 -1.1678886854585515 -0.58174882424844288 0.079232279628515256 0.7241616044090885
leaf_weight=55 93 639 88 136 173 77 50 312 133 428 60 93 72 64 68 558 97 336 55 56 254 213 59 56 45 95 566 110 34 1952
leaf_count=55 93 639 88 136 173 77 50 312 133 428 60 93 72 64 68 558 97 336 55 56 254 213 59 56 45 95 566 110 34 1952
internal_value=-0.000809813 0.354655 0.658031 -0.871935 -0.591434 0.0476183 0.75528 -1.08907 -1.302 0.741776 0.752295 0.22214 1.04243 -0.403949 -0.116574 0.738321 -0.364043 0.776051 0.304045 -0.703123 -0.684077 -0.971286 -0.194118 0.129371 -0.0355886 0.496401 -1.18691 -0.648364 0.0135978 0.721177
internal_weight=7027 4991 4219 2036 890 580 3639 1146 772 3479 3334 281 160 334 299 2906 270 894 148 556 500 525 152 133 147 145 621 364 102 2012
internal_count=7027 4991 4219 2036 890 580 3639 1146 772 3479 3334 281 160 334 299 2906 270 894 148 556 500 525 152 133 147 145 621 364 102 2012
is_linear=0
shrinkage=0.05


Tree=20
num_leaves=31
num_cat=0
split_feature=9 13 9 13 14 13 13 14 14 13 13 14 10 14 9 6 14 9 3 10 6 13 2 14 13 8 3 14 9 1
split_gain=779292 172647 53499.6 50734.5 21630.1 19273.4 32357.8 17539.2 6847.81 4672 6586.49 4805.73 3972.58 3887.26 4759.94 3597.24 3521.72 5565.52 3448.99 2650.83 5448.52 2647.68 2539.87 2523.34 2309.07 2213.92 3846.09 1747.97 2665.73 1723.5
threshold=48.730823633128871 98.47502576271755 93.429480066634895 98.47502576271755 1.9857828011475336 98.47502576271755 0.023272343141408275 1.6010413278031737 5.4503822410139433 64.370251861765482 1.0000000180025095e-35 3.2908965343808636 2.710304223788548 1.3826270592468186 72.639082997253823 0.78656609248549303 3.7898905885935448 10.947455176544299 981.05000000000007 2.2453978928957423 0.60355339059327384 32.150196285977799 -0.3090169943749474 0.80208062770104227 2.6637347371744737 -0.24999999999999994 977.35000000000002 2.6689573494781178 28.608131802586211 -0.28400453026986777
decision_type=2 2 2 2 2 2 2 2 2 2 2 2 2 2 2 2 2 2 2 2 2 2 2 2 2 2 2 2 2 2
left_child=1 9 3 24 -4 6 8 -3 18 10 11 23 -13 14 -5 -10 17 -9 19 20 -6 -12 -14 -1 -2 26 -25 28 -19 -21
right_child=2 7 4 13 5 -7 -8 16 15 -11 21 12 22 -15 -16 -17 -18 27 -20 29 -22 -23 -24 25 -26 -27 -28 -29 -30 -31
leaf_value=-1.0505200120723448 -0.2511769621712821 -0.25031095438509843 0.59427112674029359 0.031720701195426339 0.32118055684225899 0.49839919236957675 -0.9617818194627763 -0.20589822964200488 0.06676538872718811 -0.67762810940017359 -1.0845248032802741 -0.85584652070076239 -0.1144564614729448 0.41071400117308032 0.3464211856783368 -0.69993995170593259 0.49091587928911817 -0.017548191423394848 0.7007484744213246 0.27508492799238726 -0.50505014604137788 -0.8937935873809133 -0.7041614726611547 -0.81136508333814017 -0.84421869467232991 -1.0375122857561301 -0.27323595731686323 0.53974759417884755 0.43388690373589917 0.61015742962176978
leaf_weight=178 20 351 2279 293 55 688 63 78 39 216 642 61 54 228 203 24 103 69 53 164 30 313 27 363 130 101 38 52 61 51
leaf_count=178 20 351 2279 293 55 688 63 78 39 216 642 61 54 228 203 24 103 69 53 164 30 313 27 363 130 101 38 52 61 51
internal_value=-0.000799799 -0.66583 0.415978 0.0664937 0.504571 0.329035 0.0852297 0.00133437 0.24573 -0.904728 -0.931933 -0.82499 -0.553036 0.240082 0.160967 -0.231608 0.244694 0.145626 0.331348 0.263959 0.0270297 -1.02302 -0.317276 -0.880877 -0.767367 -0.818746 -0.761189 0.296608 0.195936 0.357047
internal_weight=7027 2707 4320 874 3446 1167 479 714 416 1993 1777 822 142 724 496 63 363 260 353 300 85 955 81 680 150 502 401 182 130 215
internal_count=7027 2707 4320 874 3446 1167 479 714 416 1993 1777 822 142 724 496 63 363 260 353 300 85 955 81 680 150 502 401 182 130 215
is_linear=0
shrinkage=0.05


Tree=21
num_leaves=31
num_cat=0
split_feature=0 0 0 0 0 0 13 0 11 11 11 0 0 14 0 0 0 0 13 0 11 11 14 11 14 0 14 14 11 14
split_gain=725369 852197 87317 37521.4 5958.97 5957.69 3771.4 3330.57 2243.26 1862.34 1319.31 947.159 720.554 700.844 664.241 515.538 326.207 307.033 303.264 262.447 246.559 225.003 215.514 209.161 197.241 201.038 178.291 157.446 128.029 112.621
threshold=13.71375743655765 33.515085247392115 15.319270502300986 10.770316816028204 14.516513969429317 12.911000903685983 22.780733433811225 15.720648768736817 1.0754633823555715 33.501944707248548 87.92173451199649 29.902680849469608 14.917892235865152 2.7309947812737287 14.115135702993483 13.178586414643204 36.19094035696434 11.439280593421261 1.0000000180025095e-35 10.101353038635148 93.048950055398564 75.536509659330008 1.2489995996796883 95.314703660012043 0.50000000000000167 24.952348896760991 0.80208062770104227 0.43588989435458453 67.820586291690361 1.1000000000000918
decision_type=2 2 2 2 2 2 2 2 2 2 2 2 2 2 2 2 2 2 2 2 2 2 2 2 2 2 2 2 2 2
left_child=3 2 4 6 14 17 18 -4 -9 -3 11 24 21 -12 20 -7 -11 -5 -1 -8 -2 -6 -17 29 27 -26 -16 -10 -19 -14
right_child=1 9 7 5 12 15 19 8 10 16 13 -13 23 -15 26 22 -18 28 -20 -21 -22 -23 -24 -25 25 -27 -28 -29 -30 -31
leaf_value=-1.2505497152464731 -0.15681716096133758 -1.1226826990500265 0.45473065205925228 -0.72992673090751603 0.16833173137303295 -0.4782261898049287 -0.92175833004351237 1.0343758196397264 0.66445267014276421 -1.4046604955018458 0.6530577718381303 0.84566739329226737 0.34913485819643197 0.77071427878686949 0.027416256002529907 -0.29196942558725375 -1.2285448209521839 -0.59538727963474436 -1.0562714637608335 -0.81135964102494096 -0.30958499597536554 0.036357561044138058 -0.40151430116054859 0.12359830547933992 0.70871495231749515 0.77469403304428353 -0.086569620182443616 0.466004704284668 -0.68126913289766067 0.24107129679091513
leaf_weight=55 116 434 147 150 76 111 312 54 104 133 1564 196 65 176 53 130 205 283 566 189 36 57 93 22 1070 304 94 24 147 61
leaf_count=55 116 434 147 150 76 111 312 54 104 133 1564 196 65 176 53 130 205 283 566 189 36 57 93 22 1070 304 94 24 147 61
internal_value=-0.000802062 0.323657 0.603171 -0.795944 0.033333 -0.557064 -0.989867 0.693959 0.703896 -1.20269 0.698404 0.731813 0.198306 0.665397 -0.121836 -0.386751 -1.3018 -0.654297 -1.07547 -0.88182 -0.194819 0.112502 -0.339265 0.274108 0.716399 0.723869 -0.0455313 0.631183 -0.626271 0.299168
internal_weight=7027 4991 4219 2036 580 914 1122 3639 3492 772 3438 1698 281 1740 299 334 338 580 621 501 152 133 223 148 1502 1374 147 128 430 126
internal_count=7027 4991 4219 2036 580 914 1122 3639 3492 772 3438 1698 281 1740 299 334 338 580 621 501 152 133 223 148 1502 1374 147 128 430 126
is_linear=0
shrinkage=0.05


Tree=22
num_leaves=31
num_cat=0
split_feature=0 0 0 0 9 0 0 9 0 0 9 0 14 9 9 9 14 0 9 0 9 0 14 14 9 13 0 0 0 0
split_gain=654903 769399 78816.9 33864.6 6327.37 5389.07 5142.43 4660.12 3709.17 2662.1 1723.97 1004.65 957.799 740.064 734.614 667.344 652.37 584.717 577.422 512.829 439.857 413.296 293.25 250.631 239.043 237.979 218.218 159.787 113.512 103.9
threshold=13.71375743655765 33.515085247392115 15.319270502300986 10.904109571506813 3.768334638836135 14.382721213950706 13.044793659164593 94.523829473393974 8.2282544619345916 15.720648768736817 93.429480066634895 14.784099480386539 3.2908965343808636 77.690488573339138 85.226622822597761 94.103452799977234 1.944649602318747 12.509622637250152 94.103452799977234 24.952348896760991 72.639082997253823 9.9675602831565353 4.8242438823684672 3.1358142149942365 80.148939679135069 1.0000000180025095e-35 13.446171925600426 14.115135702993483 15.051684991343762 14.115135702993483
decision_type=2 2 2 2 2 2 2 2 2 2 2 2 2 2 2 2 2 2 2 2 2 2 2 2 2 2 2 2 2 2
left_child=3 2 5 8 12 13 15 23 25 24 -11 20 -4 27 26 17 -12 -5 28 -18 -7 -10 -9 -3 -6 -1 -8 -2 -13 -15
right_child=1 7 4 6 9 11 14 22 21 10 16 18 -14 29 -16 -17 19 -19 -20 -21 -22 -23 -24 -25 -26 -27 -28 -29 -30 -31
leaf_value=-1.1891387925829207 -0.11434456457790146 -1.0586676106340029 1.0938565277785399 -0.61865675955180877 0.52639359764024318 0.1398215130025364 -0.34125906860828398 -1.5047352415323259 -0.88448656570620665 0.75200863372473725 0.62159133752737095 0.25650420535411406 0.80531677507374388 -0.2931178487787644 -0.50692963017357717 -0.77239346610175241 0.64398132300937372 -0.49485305502301175 0.12316379829593327 0.73573304710445464 -0.03648623484757639 -0.77133155961916688 -1.1892388250888923 -1.210081603423409 0.37289565338753161 -1.008230006484556 -0.23217728710422914 -0.010657682823874649 0.37066163755380188 -0.17605988302291969
leaf_weight=55 93 548 88 394 50 82 119 95 327 428 2022 66 72 59 53 62 552 167 68 332 61 232 38 91 95 532 95 62 51 38
leaf_count=55 93 548 88 394 50 82 119 95 327 428 2022 66 72 59 53 62 552 167 68 332 61 232 38 91 95 532 95 62 51 38
internal_value=-0.000791904 0.307505 0.573094 -0.756325 0.659349 0.031701 -0.523911 -1.1428 -0.936203 0.644793 0.654041 0.165081 0.969853 -0.141851 -0.33815 -0.602845 0.639357 -0.582758 0.241766 0.679238 0.0648475 -0.838994 -1.42418 -1.0821 0.429103 -1.02718 -0.294163 -0.073236 0.309027 -0.249576
internal_weight=7027 4991 4219 2036 3639 580 890 772 1146 3479 3334 328 160 252 267 623 2906 561 185 884 143 559 133 639 145 587 214 155 117 97
internal_count=7027 4991 4219 2036 3639 580 890 772 1146 3479 3334 328 160 252 267 623 2906 561 185 884 143 559 133 639 145 587 214 155 117 97
is_linear=0
shrinkage=0.05


Tree=23
num_leaves=31
num_cat=0
split_feature=9 13 9 13 14 13 13 14 14 13 13 6 6 11 2 2 11 14 9 11 14 14 9 9 14 13 2 13 6 6
split_gain=569124 127283 38764 37494.5 15926.7 12721.6 20034.5 12705.9 4477.08 3461.71 5238.55 3415.1 5971.13 3172.22 2966.19 2931.84 2984.33 2785.76 3444.7 2981.31 2424.4 2373.37 2860.37 2363.41 3036.83 1740.89 1648.07 1645.3 1569.9 1496.57
threshold=48.730823633128871 98.47502576271755 93.429480066634895 98.47502576271755 2.4576411454888585 98.47502576271755 0.023272343141408275 2.0502032419575693 5.4503822410139433 61.10258936931379 1.0000000180025095e-35 -0.12940952255126037 0.60355339059327384 63.671414108618002 -0.89490028524376719 -0.53727914962411594 98.761686625146027 1.3826270592468186 72.639082997253823 86.568900636777627 1.3114877048604043 0.85049005481195949 25.360440903574794 11.391137530829257 2.9501412395566855 2.6637347371744737 -0.58068084432175959 32.150196285977799 0.78656609248549303 0.1294095225512602
decision_type=2 2 2 2 2 2 2 2 2 2 2 2 2 2 2 2 2 2 2 2 2 2 2 2 2 2 2 2 2 2
left_child=1 9 3 25 20 6 8 21 15 10 11 -1 14 -10 -13 16 -6 18 -5 -19 -4 -3 -23 24 -9 -2 -16 -12 -15 -28
right_child=2 7 4 17 5 -7 -8 23 13 -11 27 12 -14 28 26 -17 -18 19 -20 -21 -22 22 -24 -25 -26 -27 29 -29 -30 -31
leaf_value=-0.80997643944086539 -0.21120876675560363 -0.31035788549584131 0.53023306867972442 0.030160862781664955 0.29118031797155869 0.41222894127292897 -0.83933169080500025 -0.30335706581087679 0.2797015364273735 -0.59175697889133383 -0.92979515591824602 0.11146419671865611 -0.7761724644554987 -0.13905929738825018 -0.57522309071084732 0.50195164648691815 -0.16128640210186995 0.4554448446804702 0.29789303081219692 0.0374065775501317 0.42793784695426834 -0.25472914989216855 0.074906220550105082 0.39432759917612326 0.25163539463529982 -0.72566693662687121 -0.56143969445001518 -0.77246776584145072 -0.75898929868425646 -0.020669744154986215
leaf_weight=406 20 170 1634 293 112 485 56 33 22 244 642 25 224 21 114 89 53 171 203 57 954 117 148 157 89 130 20 285 20 33
leaf_count=406 20 170 1634 293 112 485 56 33 22 244 642 25 224 21 114 89 53 171 203 57 954 117 148 157 89 130 20 285 20 33
internal_value=-0.000794997 -0.569118 0.355376 0.0578866 0.430787 0.243657 0.0239377 0.00372531 0.178615 -0.774242 -0.799345 -0.704811 -0.600466 -0.196327 -0.39249 0.272037 0.145716 0.207115 0.140126 0.351577 0.492706 -0.165065 -0.0710226 0.26656 0.100228 -0.658959 -0.468177 -0.882316 -0.452454 -0.231445
internal_weight=7027 2707 4320 874 3446 858 373 714 317 1993 1749 822 416 63 192 254 165 724 496 228 2588 435 265 279 122 150 167 927 41 53
internal_count=7027 2707 4320 874 3446 858 373 714 317 1993 1749 822 416 63 192 254 165 724 496 228 2588 435 265 279 122 150 167 927 41 53
is_linear=0
shrinkage=0.05


Tree=24
num_leaves=31
num_cat=0
split_feature=9 13 9 13 14 13 13 14 14 13 13 14 10 11 11 14 9 11 3 9 14 10 6 13 14 1 13 9 6 7
split_gain=513751 114909 34987.3 33869.2 14440.8 12938.9 21965.9 11565.9 4462.37 3129.39 4484.78 3242.23 2880.02 3296.36 2876.83 2516 3110.48 2691.92 2477.85 2392.63 4313.73 1901.41 3855.94 1778.03 1749.11 1736.62 1569.27 1545.4 1423.95 1340.72
threshold=48.730823633128871 98.47502576271755 93.429480066634895 98.47502576271755 1.9857828011475336 98.47502576271755 0.023272343141408275 1.6010413278031737 5.4503822410139433 64.370251861765482 1.0000000180025095e-35 3.2908965343808636 2.710304223788548 23.190508669292118 63.671414108618002 1.3826270592468186 72.639082997253823 86.568900636777627 981.05000000000007 28.608131802586211 2.9501412395566855 2.2453978928957423 0.60355339059327384 34.28868095945176 0.80208062770104227 -0.93038214053199442 2.6637347371744737 13.558093205431087 0.78656609248549303 0.68301270189221941
decision_type=2 2 2 2 2 2 2 2 2 2 2 2 2 2 2 2 2 2 2 2 2 2 2 2 2 2 2 2 2 2
left_child=1 9 3 26 -4 6 8 -3 18 10 11 24 -13 -14 -10 16 -5 -17 21 20 27 22 -6 -12 -1 -26 -2 -9 -16 -23
right_child=2 7 4 15 5 -7 -8 19 14 -11 23 12 13 -15 28 17 -18 -19 -20 -21 -22 29 -24 -25 25 -27 -28 -29 -30 -31
leaf_value=-0.85652577901019744 -0.20115120842343287 -0.20082324396136261 0.4825472374520543 0.028657948920522265 0.25749124578067234 0.40459962703720143 -0.79656080856919287 -0.29039733594969697 0.26632449813511067 -0.54985638069117682 -0.8794355345477719 -0.70409746816081387 0.2248781101520245 -0.45684943901865105 -0.13242238304831763 0.43280499819926055 0.28307139130777176 0.035568494479460963 0.58040676350946785 0.38999746756449993 0.31470726149777573 0.33632218545076081 -0.43756506273823392 -0.7184118755177672 -0.31643253841915647 -0.69015079396184564 -0.68966055404138937 0.065428341282813843 -0.7228469494410924 -0.038827949592045378
leaf_weight=178 20 351 2279 293 55 688 63 56 22 216 675 61 25 56 21 171 203 57 53 114 128 188 30 280 36 466 130 65 20 27
leaf_count=178 20 351 2279 293 55 688 63 56 22 216 675 61 25 56 21 171 203 57 53 114 128 188 30 280 36 466 130 65 20 27
internal_value=-0.000788367 -0.540756 0.337612 0.054986 0.409256 0.265832 0.0660774 0.00352837 0.198326 -0.735655 -0.757914 -0.669732 -0.446487 -0.246202 -0.186994 0.196817 0.133153 0.334107 0.267443 0.201147 0.113451 0.210391 0.00988364 -0.833031 -0.715619 -0.664043 -0.626323 -0.100241 -0.430907 0.289226
internal_weight=7027 2707 4320 874 3446 1167 479 714 416 1993 1777 822 142 81 63 724 496 228 353 363 249 300 85 955 680 502 150 121 41 215
internal_count=7027 2707 4320 874 3446 1167 479 714 416 1993 1777 822 142 81 63 724 496 228 353 363 249 300 85 955 680 502 150 121 41 215
is_linear=0
shrinkage=0.05


Tree=25
num_leaves=31
num_cat=0
split_feature=0 0 0 0 9 9 0 0 13 9 14 9 0 9 9 14 9 14 0 0 0 0 14 0 0 13 0 0 0 0
split_gain=506938 624976 53136.9 25181.9 9041.68 6891.97 5948.59 4298.83 2152.36 1869.48 1313.86 1217.22 1078.07 1004.58 995.418 926.527 910.321 674.618 641.554 596.618 510.074 453.442 419.603 322.138 303.357 289.032 280.5 212.59 199.812 194.436
threshold=13.981342947514873 33.515085247392115 15.453063257779595 10.502731305070983 3.768334638836135 94.523829473393974 13.044793659164593 14.65030672490793 8.9463325452962774 93.429480066634895 3.2908965343808636 73.782022760639265 15.988234279694042 93.429480066634895 73.782022760639265 1.944649602318747 94.103452799977234 4.8242438823684672 15.85444152421543 24.952348896760991 11.305487837942648 13.446171925600426 3.1358142149942365 15.051684991343762 14.382721213950706 1.0000000180025095e-35 15.051684991343762 9.298596505763479 14.382721213950706 24.952348896760991
decision_type=2 2 2 2 2 2 2 2 2 2 2 2 2 2 2 2 2 2 2 2 2 2 2 2 2 2 2 2 2 2
left_child=3 2 7 8 10 22 13 14 25 18 -4 21 -11 20 24 -14 23 -7 -6 -17 -5 -8 -3 -9 -2 -1 -18 -10 -16 -12
right_child=1 5 4 6 9 17 11 16 27 12 29 -13 15 -15 28 19 26 -19 -20 -21 -22 -23 -24 -25 -26 -27 -28 -29 -30 -31
leaf_value=-1.0687242358071465 -0.043243820582042049 -0.93225268469916456 1.1004180717468264 -0.61111048863018835 0.51634192868282924 -1.4559448522329332 -0.31474218385115915 0.21070283909614132 -0.79520020517809631 0.40770347692072395 0.61416794579604572 -0.45314455990839486 0.54400341289479459 -0.74090948161325976 -0.23379205504138217 0.57303133178377685 0.0014613259526399466 -1.0984913170643342 0.69579031251668932 0.66836874250893119 -0.50460475702737939 -0.17433328285464086 -1.0904488233897998 0.35388232018152871 0.10061986860952209 -0.88957452151649885 0.16367750516477308 -0.70814967219034841 -0.093103635534644139 0.86346204432574192
leaf_weight=55 105 548 88 196 75 95 114 100 347 127 28 98 1962 75 75 537 51 38 399 332 463 127 91 74 55 379 55 254 41 43
leaf_count=55 105 548 88 196 75 95 114 100 347 127 28 98 1962 75 75 537 51 38 399 332 463 127 91 74 55 379 55 254 41 43
internal_value=-0.000781601 0.277225 0.520421 -0.649334 0.59083 -1.02814 -0.4788 0.0654244 -0.825492 0.573407 0.96094 -0.304063 0.557938 -0.558972 -0.0744862 0.564529 0.203128 -1.36281 0.668554 0.610187 -0.537167 -0.241798 -0.956458 0.273298 0.00649607 -0.914694 0.0864199 -0.759656 -0.185329 0.775114
internal_weight=7027 4919 4147 2108 3591 772 1073 556 1035 3432 159 339 2958 734 276 2831 280 133 474 869 659 241 639 174 160 434 106 601 116 71
internal_count=7027 4919 4147 2108 3591 772 1073 556 1035 3432 159 339 2958 734 276 2831 280 133 474 869 659 241 639 174 160 434 106 601 116 71
is_linear=0
shrinkage=0.05


Tree=26
num_leaves=31
num_cat=0
split_feature=0 0 0 0 9 9 0 0 13 9 14 9 0 9 9 14 9 14 0 0 0 0 14 0 0 13 0 0 0 0
split_gain=457687 564328 47964 22731.5 8194.16 6246.87 5367.88 3885.07 1945.23 1690.2 1180.94 1099.88 970.972 910.726 899.939 839.094 822.291 602.707 576.61 575.435 461.333 409.611 383.213 291.261 274.223 266.098 257.951 191.407 180.399 174.473
threshold=13.981342947514873 33.515085247392115 15.453063257779595 10.502731305070983 3.768334638836135 94.523829473393974 13.044793659164593 14.65030672490793 8.9463325452962774 93.429480066634895 3.2908965343808636 73.782022760639265 15.988234279694042 93.429480066634895 73.782022760639265 2.0033305601755513 94.103452799977234 4.8242438823684672 15.85444152421543 24.952348896760991 11.305487837942648 13.446171925600426 3.1358142149942365 15.051684991343762 14.382721213950706 1.0000000180025095e-35 15.185477746822373 9.298596505763479 14.382721213950706 24.952348896760991
decision_type=2 2 2 2 2 2 2 2 2 2 2 2 2 2 2 2 2 2 2 2 2 2 2 2 2 2 2 2 2 2
left_child=3 2 7 8 10 22 13 14 25 18 -4 21 -11 20 24 -14 23 -7 -6 -17 -5 -8 -3 -9 -2 -1 -18 -10 -16 -12
right_child=1 5 4 6 9 17 11 16 27 12 29 -13 15 -15 28 19 26 -19 -20 -21 -22 -23 -24 -25 -26 -27 -28 -29 -30 -31
leaf_value=-1.0162422336850849 -0.041102027872682745 -0.88572495790561467 1.046015379616384 -0.58071006757958898 0.4908645323389455 -1.383905915617943 -0.29914192097083386 0.20027200645186227 -0.75555444947604478 0.38747756449505688 0.58451845300608662 -0.43071619411911632 0.51749140165382224 -0.70435144957743212 -0.22225626165047285 0.54441817042428686 0.020572563316117027 -1.0449750746213473 0.66108777164220811 0.64003227761596637 -0.47942889339451134 -0.16568471764679998 -1.0365190165975819 0.33642412620385487 0.095678715069911324 -0.8452128481112029 0.18072507509734573 -0.67288103728200888 -0.088559291876098595 0.82127014875411986
leaf_weight=55 105 548 88 196 75 95 114 100 347 127 28 98 2005 75 75 513 66 38 399 313 463 127 91 74 55 379 40 254 41 43
leaf_count=55 105 548 88 196 75 95 114 100 347 127 28 98 2005 75 75 513 66 38 399 313 463 127 91 74 55 379 40 254 41 43
internal_value=-0.00077385 0.263383 0.494478 -0.617017 0.561372 -0.977033 -0.454991 0.062195 -0.784385 0.544786 0.913702 -0.289 0.530078 -0.53115 -0.0708115 0.536334 0.193105 -1.29563 0.635254 0.581386 -0.510394 -0.22981 -0.908793 0.259796 0.00618753 -0.869185 0.0821784 -0.721798 -0.176205 0.737388
internal_weight=7027 4919 4147 2108 3591 772 1073 556 1035 3432 159 339 2958 734 276 2831 280 133 474 826 659 241 639 174 160 434 106 601 116 71
internal_count=7027 4919 4147 2108 3591 772 1073 556 1035 3432 159 339 2958 734 276 2831 280 133 474 826 659 241 639 174 160 434 106 601 116 71
is_linear=0
shrinkage=0.05


Tree=27
num_leaves=31
num_cat=0
split_feature=0 0 0 0 9 9 0 0 13 9 14 9 0 9 9 14 9 0 14 0 3 0 0 14 0 0 13 0 0 0
split_gain=413221 509567 43294 20519.5 7426.06 5662.1 4843.85 3511.35 1758.03 1528.11 1061.44 993.849 874.51 826.209 813.795 775.261 742.584 574.486 538.39 518.227 455.963 418.154 370.015 363.612 287.772 263.34 244.909 235.199 177.383 329.404
threshold=13.981342947514873 33.515085247392115 15.453063257779595 10.502731305070983 3.768334638836135 94.523829473393974 13.044793659164593 14.65030672490793 8.9463325452962774 93.429480066634895 3.2908965343808636 73.782022760639265 15.988234279694042 92.692745489228955 92.692745489228955 1.3316656236960418 94.103452799977234 24.952348896760991 4.8242438823684672 15.85444152421543 969.05000000000007 11.305487837942648 13.446171925600426 0.90737717258775175 14.382721213950706 15.051684991343762 1.0000000180025095e-35 15.051684991343762 12.643415392728761 11.974451615335704
decision_type=2 2 2 2 2 2 2 2 2 2 2 2 2 2 2 2 2 2 2 2 2 2 2 2 2 2 2 2 2 2
left_child=3 2 7 8 10 23 13 14 26 19 -4 22 -11 21 24 -14 25 20 -7 -6 -17 -5 -8 -3 -2 -9 -1 -18 29 -23
right_child=1 5 4 6 9 18 11 16 -10 12 -12 -13 15 -15 -16 17 27 -19 -20 -21 -22 28 -24 -25 -26 -27 -28 -29 -30 -31
leaf_value=-0.9663374887193954 -0.058220478534814005 -0.78653439054489138 0.99430226229549801 -0.55179007269898239 0.46664424093146073 -1.3154314023256304 -0.28431488561630247 0.19035755055338732 -0.68582749758051875 0.36825504192151132 0.7014981265862783 -0.40939791697444339 0.48298643609432879 -0.66726384493020874 -0.20421734999674254 0.25483014333815807 0.00038081800636763759 0.5854695214578497 -0.99406603470826749 0.62811601810455331 0.51683194570252389 -0.41486802697895531 -0.15746520210290327 -0.89644182505791425 0.066559704699450079 0.31982720078627269 -0.80306341477444299 0.14890977890014517 -0.38431694411314449 -0.52317106561562454
leaf_weight=55 128 199 88 195 75 95 114 100 601 127 71 98 1494 77 77 20 51 493 38 399 824 166 127 440 71 74 379 55 103 193
leaf_count=55 128 199 88 195 75 95 114 100 601 127 71 98 1494 77 77 20 51 493 38 399 824 166 127 440 71 74 379 55 103 193
internal_value=-0.000764587 0.250233 0.46983 -0.586308 0.533383 -0.928464 -0.432367 0.0591289 -0.745325 0.517595 0.868786 -0.274683 0.50361 -0.504714 -0.067318 0.509548 0.183583 0.538841 -1.23175 0.603613 0.510938 -0.48467 -0.218416 -0.863504 -0.0135657 0.246961 -0.82594 0.0781659 -0.455199 -0.474398
internal_weight=7027 4919 4147 2108 3591 772 1073 556 1035 3432 159 339 2958 734 276 2831 280 1337 133 474 844 657 241 639 199 174 434 106 462 359
internal_count=7027 4919 4147 2108 3591 772 1073 556 1035 3432 159 339 2958 734 276 2831 280 1337 133 474 844 657 241 639 199 174 434 106 462 359
is_linear=0
shrinkage=0.05


Tree=28
num_leaves=31
num_cat=0
split_feature=0 0 0 0 0 0 11 11 0 11 0 0 14 11 0 0 0 0 14 0 14 11 14 3 14 11 0 0 0 14
split_gain=373078 460110 39077.5 18513.6 4373.37 3173.14 2333.86 1901.63 1602.81 1259.5 1236.84 688.163 673.591 509.941 430.251 413.837 379.739 364.733 348.932 311.145 295.304 268.355 257.431 235.416 257.299 207.695 196.32 188.427 252.025 247.654
threshold=13.981342947514873 33.515085247392115 15.453063257779595 10.502731305070983 13.044793659164593 14.65030672490793 1.0754633823555715 33.501944707248548 7.8268761954987562 95.314703660012043 29.902680849469608 34.184049024785175 2.1501937897161247 87.565258810760682 15.85444152421543 15.85444152421543 14.382721213950706 15.051684991343762 3.2375397171705318 12.643415392728761 3.1358142149942365 83.487781493857867 3.0816660261399726 968.1500000000002 0.61101009266095996 90.913030038093083 13.446171925600426 24.952348896760991 17.727540100915988 2.423151606875829
decision_type=2 2 2 2 2 2 2 2 2 2 2 2 2 2 2 2 2 2 2 2 2 2 2 2 2 2 2 2 2 2
left_child=3 2 5 8 19 16 -4 20 18 10 14 -9 15 22 -8 -11 -2 25 -1 -5 -3 -13 26 -16 -25 -7 -6 28 -26 -29
right_child=1 7 6 4 13 17 9 11 -10 12 -12 21 -14 -15 23 -17 -18 -19 -20 -21 -22 -23 -24 24 27 -27 -28 29 -30 -31
leaf_value=-0.74522194637586647 -0.10663242035674043 -0.78662549129640214 0.83701779053427972 -0.49544478487386939 -0.26274212760925292 0.14996810067845276 0.40783185458816257 -1.2015006768968373 -0.63950227708987173 0.27540755423903468 0.64706536889076238 -0.9007758085498252 0.5461253636902299 -0.37858860438664754 0.33166888038317366 0.4543954671913204 0.016195181002840401 0.23644711639216315 -0.88092772201615943 -0.39537888820506328 -0.98259288120269772 -1.0848700200465689 -0.369694729089737 0.46316036046864184 0.5596374048741658 0.0045942493155598637 -0.16660436777337251 0.52021943675805327 0.5000290104604187 0.63149759218499479
leaf_weight=436 180 395 54 614 99 120 112 44 502 39 211 238 240 74 23 1212 96 129 97 120 39 56 29 226 374 31 137 160 793 147
leaf_count=436 180 395 54 614 99 120 112 44 502 39 211 238 240 74 23 1212 96 129 97 120 39 56 29 226 374 31 137 160 793 147
internal_value=-0.000757571 0.237736 0.446405 -0.557133 -0.410908 0.056215 0.506784 -0.8823 -0.708178 0.501506 0.527845 -0.976993 0.46503 -0.261075 0.513789 0.449044 -0.0639875 0.174524 -0.771532 -0.479652 -0.806465 -0.939417 -0.226942 0.520433 0.522787 0.120383 -0.207893 0.531606 0.519599 0.575396
internal_weight=7027 4919 4147 2108 1073 556 3591 772 1035 3537 2046 338 1491 339 1835 1251 276 280 533 734 434 294 265 1723 1700 151 236 1474 1167 307
internal_count=7027 4919 4147 2108 1073 556 3591 772 1035 3537 2046 338 1491 339 1835 1251 276 280 533 734 434 294 265 1723 1700 151 236 1474 1167 307
is_linear=0
shrinkage=0.05


Tree=29
num_leaves=31
num_cat=0
split_feature=0 0 0 0 0 0 0 11 0 11 11 0 11 0 0 0 0 0 0 0 0 0 11 11 11 11 0 0 0 11
split_gain=336809 415513 35277.1 16709.9 3942.44 2865.96 2161.27 1722.45 1448.66 1266.98 825.349 638.042 460.813 419.774 366.788 342.949 329.367 279.749 259.57 248.205 246.859 238.011 208.177 187.57 180.885 152.632 149.527 170.956 176.645 130.75
threshold=13.981342947514873 33.515085247392115 15.453063257779595 10.502731305070983 13.044793659164593 14.65030672490793 30.571644626862664 33.501944707248548 7.8268761954987562 33.634077408571464 95.314703660012043 34.451634535742393 87.565258810760682 15.85444152421543 15.720648768736817 14.382721213950706 15.051684991343762 12.643415392728761 24.952348896760991 3.1441297537473631 17.727540100915988 13.579964681079039 97.33108727521676 90.913030038093083 81.985041430089026 60.830954716761148 11.439280593421261 11.974451615335704 12.242037126292926 49.384877086069977
decision_type=2 2 2 2 2 2 2 2 2 2 2 2 2 2 2 2 2 2 2 2 2 2 2 2 2 2 2 2 2 2
left_child=3 2 5 8 17 15 10 -3 19 -8 13 -9 21 -4 -12 24 23 25 20 -1 -15 -6 -11 -7 -2 26 -5 -28 -29 -20
right_child=1 7 6 4 12 16 9 11 -10 22 14 -13 -14 18 -16 -17 -18 -19 29 -21 -22 -23 -24 -25 -26 -27 27 28 -30 -31
leaf_value=-0.8560835790634157 -0.062229681968850939 -0.76634597322310527 0.38762072154378469 -0.49107215183233133 -0.25633258079106991 0.14253166626954128 0.78226211259531431 -1.1043793113647946 -0.60759072999593988 0.59817120644898547 0.25066571066456461 -0.88526885817627621 -0.35991156798203788 0.51962493797143294 0.44233342022407024 0.015393770559854116 0.22471570265124768 -0.37577332254283685 0.59492112897336491 -0.71422825890563446 0.46688786810550714 -0.15671805364224506 0.47494778258129228 0.0043717165675479916 -0.16685616384691268 -0.50938182129520759 -0.3534097695350647 -0.54931761942969426 -0.39837461371965044 0.51173326554298404
leaf_weight=65 114 434 112 152 155 120 85 62 502 112 30 276 74 467 1355 96 129 120 127 468 902 110 102 31 66 238 102 44 78 299
leaf_count=65 114 434 112 152 155 120 85 62 502 112 30 276 74 467 1355 96 129 120 127 468 902 110 102 31 66 238 102 44 78 299
internal_value=-0.000739655 0.225866 0.424163 -0.52938 -0.39046 0.0534321 0.481532 -0.838507 -0.672879 0.612658 0.469438 -0.928615 -0.248197 0.491759 0.438369 -0.0608035 0.165869 -0.455731 0.498034 -0.733108 0.485248 -0.215747 0.541944 0.114416 -0.10133 -0.470713 -0.444937 -0.411565 -0.456877 0.53788
internal_weight=7027 4919 4147 2108 1073 556 3591 772 1035 299 3292 338 339 1907 1385 276 280 734 1795 533 1369 265 214 151 180 614 376 224 122 426
internal_count=7027 4919 4147 2108 1073 556 3591 772 1035 299 3292 338 339 1907 1385 276 280 734 1795 533 1369 265 214 151 180 614 376 224 122 426
is_linear=0
shrinkage=0.05


Tree=30
num_leaves=31
num_cat=0
split_feature=9 13 9 13 13 13 13 13 6 6 2 3 3 8 13 6 2 3 13 9 10 3 2 6 3 5 11 5 10 10
split_gain=271890 62666.6 18359.6 18515.3 4141.35 19619.1 1563.22 2684.75 1677.72 2869.31 1627.05 1008.55 968.499 983.729 918.019 886.891 1380.14 865.327 802.884 799.819 770.542 1118.16 1243.28 1386.81 924.589 772.072 2411.38 677.941 633.944 630.395
threshold=48.730823633128871 94.798390353760212 93.429480066634895 98.47502576271755 98.47502576271755 0.023272343141408275 1.0000000180025095e-35 38.846011676332452 -0.12940952255126037 0.60355339059327384 -0.89490028524376719 984.6500000000002 969.75000000000011 -0.5 2.6637347371744737 0.98296291314453421 -0.82409480842201666 978.1500000000002 74.868000847569036 74.86724145929243 98.765169597812914 981.05000000000007 0.66913060635885813 0.60355339059327384 972.55000000000007 0.25881904510252091 35.265651210912964 -0.98296291314453399 96.776624706431633 59.274808173671737
decision_type=2 2 2 2 2 2 2 2 2 2 2 2 2 2 2 2 2 2 2 2 2 2 2 2 2 2 2 2 2 2
left_child=1 6 3 14 5 15 8 -8 -1 10 -10 27 -12 28 -2 20 -17 -11 -16 -5 21 22 23 25 -25 -4 -27 -3 -14 -26
right_child=2 11 4 19 -6 -7 7 -9 9 17 12 -13 13 -15 18 16 -18 -19 -20 -21 -22 -23 -24 24 29 26 -28 -29 -30 -31
leaf_value=-0.56105825852996305 -0.13882125082470123 0.26037092962048275 0.34913829086975734 0.10404476425311425 0.33719410449772708 -0.60383952358189752 -0.64201819169672658 -0.4796653301105942 0.10246155518751879 -0.57679522183274978 -0.56807528299443866 -0.076997999318481725 -0.29268952978418228 -0.45485672145419653 -0.6132761635780335 0.32111852912902838 -0.2044848502159119 -0.28165733221805461 -0.34478469665233907 0.21276638363717476 0.32986279189843004 0.40359718640645348 -0.16661828336261569 -0.11170315909385682 0.058228750575672505 -0.24596388688454263 0.27858569832505847 0.024999967283924795 -0.027771948602464465 0.31468326384370976
leaf_weight=406 20 32 192 449 2258 67 708 429 25 192 33 290 46 44 79 24 24 32 51 275 464 92 20 39 54 25 144 426 44 43
leaf_count=406 20 32 192 449 2258 67 708 429 25 192 33 290 46 44 79 24 24 32 51 275 464 92 20 39 54 25 144 426 44 43
internal_value=-0.000725489 -0.393541 0.245454 0.0407172 0.297352 0.221401 -0.54213 -0.581241 -0.487384 -0.414296 -0.270131 -0.00417783 -0.326216 -0.26285 -0.463021 0.271223 0.0594049 -0.536094 -0.511419 0.145584 0.280629 0.242631 0.213253 0.228854 0.0918286 0.280065 0.19997 0.0419874 -0.164958 0.174017
internal_weight=7027 2707 4320 874 3446 1188 1959 1137 822 416 192 748 167 134 150 1121 48 224 130 724 1073 609 517 497 136 361 169 458 90 97
internal_count=7027 2707 4320 874 3446 1188 1959 1137 822 416 192 748 167 134 150 1121 48 224 130 724 1073 609 517 497 136 361 169 458 90 97
is_linear=0
shrinkage=0.05


Tree=31
num_leaves=31
num_cat=0
split_feature=13 13 11 11 14 11 13 5 6 2 10 14 2 1 1 6 14 11 6 11 11 5 14 2 1 8 14 14 1 5
split_gain=158220 79673.9 41031.6 11477 10668 5357.43 4243.94 3473.95 2872.69 2886.88 2721.11 2439.83 2353.25 2215.98 2195.93 1589.42 1571.72 2034.36 1360.06 1350.37 2591.17 1301.36 1934.14 1472.67 1209.56 1152.66 1323.29 1135.35 1081.39 1088.89
threshold=98.47502576271755 1.0000000180025095e-35 67.223588062953681 29.559194624355651 4.3833014991161035 97.33108727521676 51.96676718334583 -0.37940952255126059 -0.12940952255126037 -0.93038214053199442 1.8138205639960416 1.3114877048604043 -0.35019404643548441 -0.81408451933196946 -0.05233595624294396 0.37940952255126048 2.7574142476845491 27.591591859264422 0.1294095225512602 83.290261016161182 80.342679261567085 0.91597561503675362 1.2529964086141649 -0.73724926354828224 -0.29237170472273694 -0.68301270189221952 5.6141169687977746 2.9501412395566855 -0.8949002852437673 -0.70710678118654735
decision_type=2 2 2 2 2 2 2 2 2 2 2 2 2 2 2 2 2 2 2 2 2 2 2 2 2 2 2 2 2 2
left_child=1 2 3 8 11 12 -3 14 -1 -10 15 -4 18 -11 28 -9 17 -14 -2 20 -13 22 24 -23 -12 26 -6 -7 -5 -30
right_child=5 6 4 7 25 27 -8 10 9 13 21 19 16 -15 -16 -17 -18 -19 -20 -21 -22 23 -24 -25 -26 -27 -28 -29 29 -31
leaf_value=-0.52733937418049781 0.17924657691255186 -0.60460204132734496 0.35676278813277623 -0.094348144382238389 -0.18184281610673475 0.34086659855169199 -0.41519667279352701 -0.17257955035118211 0.14183122045853561 0.13177558785393126 -0.49823649872673886 0.43016978655542648 -0.052500822428999283 -0.41826560191336404 -0.22532472980783341 -0.49827869601365998 0.25965714611170604 0.14657487199980834 0.29019837101820206 0.23407135162541201 -0.1345463426693066 0.44441900336224105 -0.0039768125279114981 -0.078014846859556258 -0.02911403951190767 -0.064064749382637648 -0.66024759674072264 0.1646836036629975 0.35737895230452221 0.048652748575015947
leaf_weight=289 498 920 394 31 30 905 453 72 33 20 44 27 144 172 46 81 258 1143 643 288 73 22 100 32 20 36 29 105 71 48
leaf_count=289 498 920 394 31 30 905 453 72 33 20 44 27 144 172 46 81 258 1143 643 288 73 22 100 32 20 36 29 105 71 48
internal_value=-0.000712793 -0.250591 -0.045748 -0.251808 0.208236 0.224494 -0.542462 -0.0964047 -0.422706 -0.28655 -0.186193 0.269044 0.187444 -0.360558 0.0736085 -0.347157 0.147038 0.124273 0.241976 0.179267 0.020627 -0.0721304 -0.142083 0.138948 -0.354416 -0.289843 -0.424159 0.322736 0.1662 0.234336
internal_weight=7027 3331 1958 1081 877 3696 1373 567 514 225 371 782 2686 192 196 153 1545 1287 1141 388 100 218 164 54 64 95 59 1010 150 119
internal_count=7027 3331 1958 1081 877 3696 1373 567 514 225 371 782 2686 192 196 153 1545 1287 1141 388 100 218 164 54 64 95 59 1010 150 119
is_linear=0
shrinkage=0.05


Tree=32
num_leaves=31
num_cat=0
split_feature=0 0 0 0 0 0 0 0 13 14 0 14 14 14 3 13 14 14 14 0 0 0 0 0 0 14 0 0 0 0
split_gain=266505 343933 22859.4 11780.6 3890 2591.17 1795.87 1572 1125.75 1114.64 873.551 754.44 735.953 462.191 429.667 428.991 382.608 370.584 338.596 287.32 267.761 252.011 237.681 233.348 230.239 229.498 221.705 210.31 168.309 163.729
threshold=14.115135702993483 33.515085247392115 15.453063257779595 10.235145794113759 13.178586414643204 30.571644626862664 36.458525867921558 14.784099480386539 8.9463325452962774 1.3051181300302164 24.952348896760991 0.80208062770104227 2.4785748593362165 1.1532562594668236 968.85000000000002 1.0000000180025095e-35 5.4503822410139433 1.6802777548170857 0.81445278152469569 11.974451615335704 15.720648768736817 12.242037126292926 11.439280593421261 13.71375743655765 15.85444152421543 0.81853527718725638 12.509622637250152 17.593747345437375 14.516513969429317 11.974451615335704
decision_type=2 2 2 2 2 2 2 2 2 2 2 2 2 2 2 2 2 2 2 2 2 2 2 2 2 2 2 2 2 2
left_child=3 2 7 8 17 9 13 25 15 20 14 -7 -8 -3 -11 -1 -12 26 -6 22 -4 -21 -19 -20 -16 -2 29 -22 -27 -5
right_child=1 6 5 4 18 11 12 -9 -10 10 16 -13 -14 -15 24 -17 -18 19 23 21 27 -23 -24 -25 -26 28 -28 -29 -30 -31
leaf_value=-0.80239192026002071 0.032244788724024906 -0.74351059742462944 0.26063409017512995 -0.38306565302122531 -0.14757025005773081 0.42064379496706855 -0.66072446674266194 0.15679440847893533 -0.53647680769987216 0.18839979041706434 0.4940755018856085 0.62206276398038252 -0.80874106656784983 -0.9333774877291674 0.33959994568066165 -0.62697725991198894 0.68594822274314038 -0.45482913485959053 -0.29485103984809902 -0.68528009451352634 0.42947419263000763 -0.47821827952350893 -0.31428667504211955 -0.19338938476803066 0.43628731655208297 -0.10534146827154905 -0.32629327927892277 0.38013527717528406 0.0089042481869459154 -0.47072222968907029
leaf_weight=55 102 77 48 280 120 71 377 233 541 21 422 228 148 170 87 379 35 116 145 25 370 111 57 110 1155 92 147 1154 49 102
leaf_count=55 102 77 48 280 120 71 377 233 541 21 422 228 148 170 87 379 35 116 145 25 370 111 57 110 1155 92 147 1154 49 102
internal_value=-0.000685278 0.206364 0.39004 -0.458486 -0.353916 0.433188 -0.760508 0.0642863 -0.58808 0.420062 0.448626 0.575812 -0.703919 -0.877445 0.42594 -0.651012 0.510247 -0.413908 -0.219097 -0.460762 0.388539 -0.521042 -0.410624 -0.252029 0.429797 -0.0246735 -0.385712 0.392391 -0.0658207 -0.407652
internal_weight=7027 4839 4067 2188 1213 3591 772 476 975 3292 1720 299 525 247 1263 434 457 838 375 309 1572 136 173 255 1242 243 529 1524 141 382
internal_count=7027 4839 4067 2188 1213 3591 772 476 975 3292 1720 299 525 247 1263 434 457 838 375 309 1572 136 173 255 1242 243 529 1524 141 382
is_linear=0
shrinkage=0.05


Tree=33
num_leaves=31
num_cat=0
split_feature=0 0 0 0 9 9 0 9 0 0 9 13 9 9 14 14 9 0 14 13 0 0 0 0 9 14 14 0 14 0
split_gain=240631 310547 20636.4 10626.6 7545.53 5929.21 3514.52 1835.95 1419.48 1135.16 1044.93 1018.25 985.033 790.744 758.16 736.16 673.988 629.925 397.367 391.091 363.572 279.183 278.807 236.757 233.149 212.08 272.297 193.294 160.83 160.484
threshold=14.115135702993483 33.515085247392115 15.453063257779595 10.235145794113759 3.768334638836135 94.523829473393974 13.178586414643204 93.429480066634895 14.784099480386539 25.88889818511127 85.226622822597761 8.9463325452962774 92.692745489228955 92.692745489228955 2.8919428302325176 4.8242438823684672 94.103452799977234 15.988234279694042 3.1358142149942365 1.0000000180025095e-35 15.85444152421543 12.911000903685983 13.71375743655765 24.952348896760991 50.091155101319409 1.3316656236960418 2.8160255680657533 24.417177874846548 3.2908965343808636 14.516513969429317
decision_type=2 2 2 2 2 2 2 2 2 2 2 2 2 2 2 2 2 2 2 2 2 2 2 2 2 2 2 2 2 2
left_child=3 2 8 11 9 18 12 20 13 -4 22 19 21 29 17 -7 -10 -9 -3 -1 -6 -5 -8 -16 -21 -19 -27 -22 -11 -2
right_child=1 5 4 6 7 15 10 14 16 28 -12 -13 -14 -15 23 -17 -18 25 -20 24 27 -23 -24 -25 -26 26 -28 -29 -30 -31
leaf_value=-0.76298874650682724 -0.0062863274708495681 -0.63692687390714831 0.46814263602665496 -0.38567868226585966 0.37457842185309059 -1.1153298181295397 -0.19596834469156069 0.24910142527612963 0.21795310528988532 0.87655804480629418 -0.3503123767988891 -0.50970245634057865 -0.55519094810057223 -0.16684898219678715 0.40853952835115159 -0.79181040543776293 0.04390264584593713 0.3619037921101752 -0.77170605783877178 -0.58212001395225521 0.49745315199149287 -0.28361292502154473 -0.090442221092023697 0.49558985251326898 -0.80009204637436637 0.40110514596924096 0.21858032281582174 0.69114945706867037 0.67818840014934545 0.090942345225501445
leaf_weight=55 105 548 34 659 75 95 178 112 140 86 96 541 88 68 266 38 93 1494 91 359 379 91 101 171 20 890 25 20 39 70
leaf_count=55 105 548 34 659 75 95 178 112 140 86 96 541 88 68 266 38 93 1494 91 359 379 91 101 171 20 890 25 20 39 70
internal_value=-0.000683249 0.196059 0.370592 -0.435693 0.411589 -0.722687 -0.336376 0.395758 0.0610822 0.748644 -0.208228 -0.558777 -0.3934 -0.0234509 0.38074 -1.02953 0.148988 0.369658 -0.657304 -0.618626 0.488472 -0.373695 -0.158244 0.443668 -0.595711 0.375155 0.396368 0.508878 0.82058 0.0328725
internal_weight=7027 4839 4067 2188 3591 772 1213 3432 476 159 375 975 838 243 2958 133 233 2521 639 434 474 750 279 437 379 2409 915 399 125 175
internal_count=7027 4839 4067 2188 3591 772 1213 3432 476 159 375 975 838 243 2958 133 233 2521 639 434 474 750 279 437 379 2409 915 399 125 175
is_linear=0
shrinkage=0.05


Tree=34
num_leaves=31
num_cat=0
split_feature=0 0 0 0 9 9 0 9 0 0 9 13 9 9 14 14 0 9 14 13 11 0 11 0 0 9 0 0 0 14
split_gain=217264 280424 18631.1 9595.79 6833.57 5369.77 3171.31 1666.42 1284.72 1023.61 970.186 922.823 893.033 833.41 703.147 666.525 631.625 534.698 394.18 355.825 309.809 258.922 253.488 246.658 239.302 216.243 197.021 192.511 147.052 146.734
threshold=14.115135702993483 33.515085247392115 15.453063257779595 10.235145794113759 3.768334638836135 94.523829473393974 13.178586414643204 81.354789141006933 14.917892235865152 25.88889818511127 70.255790035383413 8.9463325452962774 93.429480066634895 73.782022760639265 3.0816660261399726 4.3015501081974268 15.988234279694042 94.103452799977234 0.90737717258775175 1.0000000180025095e-35 83.01299834721631 13.446171925600426 83.290261016161182 24.952348896760991 12.77720814820737 50.091155101319409 13.71375743655765 14.382721213950706 15.85444152421543 1.6623276853056284
decision_type=2 2 2 2 2 2 2 2 2 2 2 2 2 2 2 2 2 2 2 2 2 2 2 2 2 2 2 2 2 2
left_child=3 2 8 11 9 18 12 28 13 -4 21 19 24 27 16 -7 -9 -10 -3 -1 -18 -8 -22 -16 -5 -21 -12 -2 -6 -29
right_child=1 5 4 6 7 15 10 14 17 -11 26 -13 -14 -15 23 -17 20 -19 -20 25 22 -23 -24 -25 -26 -27 -28 29 -30 -31
leaf_value=-0.72552055239677438 -0.0092767588340587192 -0.55463975367546092 0.44540428420475547 -0.36770612779338474 0.38201390601041024 -1.073426122231917 -0.21114941247678423 0.24584419163761378 0.22408625268019164 0.78016998612691491 -0.36630328161129055 -0.48426435621902075 -0.52981482896311538 -0.11353310290145975 0.39066966100782158 -0.78060665475561264 0.38627206657936108 0.055368513924150188 -0.65482721635814156 -0.55309486288494536 0.17984007535157381 -0.098001796177686742 0.34862992722837327 0.48286925696409666 -0.2800179528867876 -0.76199243500119163 -0.2372870747269028 0.13871163446064058 0.49350861551648101 0.0061119539936383563
leaf_weight=55 61 199 34 642 56 87 76 138 116 125 68 541 86 115 239 46 845 80 440 359 26 160 1659 155 110 20 71 75 314 29
leaf_count=55 61 199 34 642 56 87 76 138 116 125 68 541 86 115 239 46 845 80 440 359 26 160 1659 155 110 20 71 75 314 29
internal_value=-0.000662827 0.186283 0.352135 -0.414013 0.39109 -0.686768 -0.319635 0.376025 0.0580469 0.711847 -0.197903 -0.530975 -0.373803 -0.010728 0.363582 -0.978769 0.353898 0.155878 -0.62455 -0.587943 0.359691 -0.135197 0.346137 0.428084 -0.355275 -0.566108 -0.302604 0.0611463 0.477722 0.102195
internal_weight=7027 4839 4067 2188 3591 772 1213 3432 476 159 375 975 838 280 3062 133 2668 196 639 434 2530 236 1685 394 752 379 139 165 370 104
internal_count=7027 4839 4067 2188 3591 772 1213 3432 476 159 375 975 838 280 3062 133 2668 196 639 434 2530 236 1685 394 752 379 139 165 370 104
is_linear=0
shrinkage=0.05


Tree=35
num_leaves=31
num_cat=0
split_feature=0 0 0 0 0 11 11 11 0 0 11 13 14 14 14 11 11 0 0 0 14 0 3 14 0 14 11 0 0 14
split_gain=196164 253213 16817.3 8664.33 2761.41 2116.66 1864.69 1265.4 1175.41 1073.62 935.63 925.014 613.112 567.402 327.64 324.557 306.248 302.342 297.296 259.812 238.484 225.309 221.79 213.424 226.41 240.415 212.35 202.839 202.262 198.864
threshold=14.115135702993483 33.515085247392115 15.453063257779595 10.36893854959237 13.178586414643204 1.0754633823555715 83.290261016161182 95.314703660012043 14.784099480386539 29.902680849469608 16.505354654652766 8.9463325452962774 2.7309947812737287 4.3833014991161035 3.3201405592735633 59.480923967744836 84.656714070058385 15.85444152421543 36.458525867921558 15.720648768736817 3.2908965343808636 30.839230137819886 968.1500000000002 0.61101009266095996 24.952348896760991 4.6877497203106646 76.837903701632641 17.727540100915988 12.509622637250152 1.6802777548170857
decision_type=2 2 2 2 2 2 2 2 2 2 2 2 2 2 2 2 2 2 2 2 2 2 2 2 2 2 2 2 2 2
left_child=3 2 8 11 15 21 10 9 26 19 -3 14 17 -8 -1 28 20 -9 -12 -7 -6 -4 -21 -24 27 -26 29 -25 -5 -2
right_child=1 6 5 4 16 7 13 12 -10 -11 18 -13 -14 -15 -16 -17 -18 -19 -20 22 -22 -23 23 24 25 -27 -28 -29 -30 -31
leaf_value=-0.53255092493512413 0.05790294002228398 -0.54935736991619244 0.52550440641549911 -0.34422653529647346 -0.14169181894595304 0.27486746755668096 -1.0169984881083172 0.17876732660900982 0.1351696782474979 0.50204453772531366 -0.75168372967663943 -0.45689996721021803 0.43497639308010583 -0.67744242310523983 -0.66198797816321975 -0.39358088221456916 -0.26092162289700216 0.3242449463199073 -0.63625605913985706 0.21319773276646933 -0.29919577266488762 0.79726169967651372 0.33532901132867693 0.41425470627226479 0.41271601411826825 0.55046708288192747 -0.074992895926577305 0.36496922993239589 -0.26105990648269656 -0.072158486034188951
leaf_weight=351 97 289 25 357 242 69 47 41 233 211 135 573 136 31 83 332 106 1314 270 23 27 29 234 409 258 49 105 793 117 41
leaf_count=351 97 289 25 357 242 69 47 41 233 211 135 573 136 31 83 332 106 1314 270 23 27 29 234 409 258 49 105 793 117 41
internal_value=-0.000652821 0.176984 0.334584 -0.393419 -0.30106 0.371593 -0.652629 0.36664 0.0551767 0.392611 -0.624429 -0.501325 0.330759 -0.892393 -0.558781 -0.353297 -0.188131 0.319982 -0.676501 0.379758 -0.158569 0.683381 0.383696 0.385819 0.393418 0.436434 -0.0217435 0.382074 -0.324301 0.0189844
internal_weight=7027 4839 4067 2188 1181 3591 772 3537 476 2046 694 1007 1491 78 434 806 375 1355 405 1835 269 54 1766 1743 1509 307 243 1202 474 138
internal_count=7027 4839 4067 2188 1181 3591 772 3537 476 2046 694 1007 1491 78 434 806 375 1355 405 1835 269 54 1766 1743 1509 307 243 1202 474 138
is_linear=0
shrinkage=0.05


Tree=36
num_leaves=31
num_cat=0
split_feature=0 0 0 0 9 9 0 9 0 14 9 9 13 9 14 14 9 0 0 0 14 0 9 0 0 0 0 0 0 0
split_gain=177101 228673 15184.7 7841.31 5864.19 4598.66 2690.96 1507.36 1070.65 943.014 846.357 717.369 664.988 656.264 579.2 574.011 480.934 480.693 406.259 380.643 370.65 356.912 311.353 298.578 278.379 232.414 187.738 184.194 481.932 181.905
threshold=14.115135702993483 33.515085247392115 15.453063257779595 10.101353038635148 3.768334638836135 94.523829473393974 13.178586414643204 93.429480066634895 14.65030672490793 3.2908965343808636 70.255790035383413 73.782022760639265 1.0000000180025095e-35 87.621977398153518 1.944649602318747 4.8242438823684672 74.86724145929243 24.952348896760991 15.85444152421543 11.974451615335704 3.1358142149942365 8.2282544619345916 33.597978593069435 11.171695082464039 15.85444152421543 13.446171925600426 24.417177874846548 11.974451615335704 12.509622637250152 11.706866104378483
decision_type=2 2 2 2 2 2 2 2 2 2 2 2 2 2 2 2 2 2 2 2 2 2 2 2 2 2 2 2 2 2
left_child=3 2 8 12 9 20 11 24 16 -4 25 23 -1 -10 18 -7 -2 -16 -9 -13 -3 22 -14 -5 -6 -8 -26 29 -29 -25
right_child=1 5 4 6 7 15 10 14 13 -11 -12 19 21 -15 17 -17 -18 -19 -20 -21 -22 -23 -24 27 26 -27 -28 28 -30 -31
leaf_value=-0.66189115592411585 0.02726574051493811 -0.54376840594904885 0.76437164392364165 -0.36734541559415596 0.323537855022832 -0.96555753866831473 -0.19216889861051911 0.17803143654138812 0.18147386015744996 0.49989159464836119 -0.27657740086636373 -0.35229572157712952 -0.48486072413916415 0.02684812560952345 0.33031659149259801 -0.68195801686017943 -0.13160344307287597 0.4099797357703831 0.31419966110425868 -0.53459080587114605 -0.6696395902011707 -0.42711840004330065 -0.63450603335511457 -0.29134501451048361 0.43013314041965889 -0.085143453128930902 0.61329173224312916 -0.39767128525756479 -0.26661895943249708 -0.18267024186295522
leaf_weight=55 117 548 88 242 75 95 76 61 159 71 139 68 482 121 570 38 79 332 1995 69 91 346 50 115 379 160 20 126 190 70
leaf_count=55 117 548 88 242 75 95 76 61 159 71 139 68 482 121 570 38 79 332 1995 69 91 346 50 115 379 160 20 126 190 70
internal_value=-0.000631629 0.168153 0.317922 -0.373825 0.353089 -0.620234 -0.291767 0.339139 0.0524222 0.650164 -0.178819 -0.339635 -0.483767 0.115005 0.325559 -0.89026 -0.0370859 0.360065 0.310251 -0.447353 -0.56272 -0.471863 -0.500099 -0.319192 0.423008 -0.120296 0.440837 -0.295237 -0.319979 -0.251455
internal_weight=7027 4839 4067 2188 3591 772 1255 3432 476 159 375 880 933 280 2958 133 196 902 2056 137 639 878 532 743 474 236 399 501 316 185
internal_count=7027 4839 4067 2188 3591 772 1255 3432 476 159 375 880 933 280 2958 133 196 902 2056 137 639 878 532 743 474 236 399 501 316 185
is_linear=0
shrinkage=0.05


Tree=37
num_leaves=31
num_cat=0
split_feature=0 0 0 0 0 11 11 11 0 0 0 0 14 14 14 11 0 14 11 0 0 0 0 3 0 0 14 0 14 0
split_gain=159915 206486 13708.2 7076.67 2430.52 1754.09 1551.9 1065.31 996.532 890.363 626.694 589.733 534.993 339.097 277.665 255.607 250.019 247.501 302.81 443.236 221.268 220.064 213.574 203.264 199.258 193.885 190.031 181.382 178.718 194.487
threshold=14.115135702993483 33.515085247392115 15.453063257779595 10.101353038635148 13.178586414643204 1.0754633823555715 33.501944707248548 95.314703660012043 14.917892235865152 29.902680849469608 35.254391068614062 6.8903269071484781 2.7309947812737287 3.1358142149942365 3.3201405592735633 84.656714070058385 15.85444152421543 1.44222051018543 16.127765286841971 11.974451615335704 14.382721213950706 15.720648768736817 13.579964681079039 968.1500000000002 11.439280593421261 30.839230137819886 0.80208062770104227 11.305487837942648 0.61101009266095996 24.952348896760991
decision_type=2 2 2 2 2 2 2 2 2 2 2 2 2 2 2 2 2 2 2 2 2 2 2 2 2 2 2 2 2 2
left_child=3 2 8 11 17 25 13 9 20 21 -8 14 16 -3 -1 22 -9 27 -19 24 -2 -7 -6 -23 -20 -4 -11 -5 -25 -30
right_child=1 6 5 4 15 7 10 12 -10 26 -12 -13 -14 -15 -16 -17 -18 18 19 -21 -22 23 -24 28 -26 -27 -28 -29 29 -31
leaf_value=-0.48157092873302026 -0.070023487031386042 -0.5059938748557159 0.47443171262741091 -0.34122865619659426 -0.1939782417653981 0.24686802049406939 -0.7934285751978557 0.15976087055568186 0.13597567191262383 0.3343155564665794 -0.62201698215281387 -0.42064074962459808 0.39521752253066023 -0.68206220912933357 -0.6017485266197018 -0.23643135978065641 0.29191668446475333 -0.25108557863511899 -0.3570400957478822 -0.44817350609214224 0.022352024127024316 0.18537368059158327 -0.10264540504700706 0.30264213073000001 -0.23293420337938833 0.72398676935831707 0.47953421560326071 -0.2718564315421973 0.34521356278437432 0.3953416552288192
leaf_weight=340 100 395 25 174 117 69 95 41 196 39 243 512 136 39 81 106 1314 68 130 134 180 23 152 234 55 29 172 319 1202 307
leaf_count=340 100 395 25 174 117 69 95 41 196 39 243 512 136 39 81 106 1314 68 130 134 180 23 152 234 55 29 172 319 1202 307
internal_value=-0.000629059 0.159757 0.302075 -0.355253 -0.277298 0.335489 -0.589408 0.330981 0.0498125 0.354797 -0.672408 -0.459698 0.29808 -0.523359 -0.506076 -0.169953 0.288042 -0.322791 -0.354794 -0.376031 -0.0107532 0.343098 -0.14296 0.346713 -0.321621 0.61927 0.45442 -0.296992 0.348732 0.35567
internal_weight=7027 4839 4067 2188 1255 3591 772 3537 476 2046 338 933 1491 434 421 375 1355 880 387 319 280 1835 269 1766 185 54 211 493 1743 1509
internal_count=7027 4839 4067 2188 1255 3591 772 3537 476 2046 338 933 1491 434 421 375 1355 880 387 319 280 1835 269 1766 185 54 211 493 1743 1509
is_linear=0
shrinkage=0.05


Tree=38
num_leaves=31
num_cat=0
split_feature=0 0 0 0 9 9 0 9 9 13 9 0 14 9 14 0 14 9 14 0 0 0 0 13 0 0 2 14 0 0
split_gain=144388 186453 12380.4 6403.94 5126.28 4016.36 1767.27 1302.19 1000.33 974.332 889.911 863.1 817.988 732.331 531.12 516.226 483.648 408.653 355.884 286.698 260.474 273.084 290.543 256.471 241.705 191.309 166.057 161.55 243.245 159.899
threshold=14.115135702993483 33.515085247392115 15.319270502300986 10.770316816028204 3.768334638836135 94.523829473393974 13.312379170121817 81.354789141006933 92.692745489228955 22.780733433811225 92.692745489228955 15.720648768736817 3.2908965343808636 70.255790035383413 6.1447808621297453 14.65030672490793 3.0816660261399726 29.356962927092745 0.96436507609913547 14.784099480386539 12.911000903685983 11.974451615335704 11.706866104378483 1.0000000180025095e-35 12.242037126292926 15.85444152421543 -0.59480013772226059 1.3316656236960418 24.952348896760991 25.88889818511127
decision_type=2 2 2 2 2 2 2 2 2 2 2 2 2 2 2 2 2 2 2 2 2 2 2 2 2 2 2 2 2 2
left_child=3 2 10 9 12 18 8 25 20 17 15 -9 -4 -8 -7 -2 27 23 -3 -12 21 22 -5 -1 -23 -6 -20 -13 -29 -14
right_child=1 5 4 6 7 14 13 11 -10 -11 19 16 29 -15 -16 -17 -18 -19 26 -21 -22 24 -24 -25 -26 -27 -28 28 -30 -31
leaf_value=-0.57047282924652098 0.013015920994016276 -0.44599712447232981 0.70035549624582361 -0.28208977380070083 0.30603089284565715 -0.85974201539976414 -0.091865600146470827 0.14149490785912464 -0.46110469192634396 -0.3669802310599749 -0.14422363319366738 0.27850084738042624 0.35103434660855465 -0.24379052720296737 -0.53095403996380897 0.14619959654175485 0.35153392278404966 -0.58774939886281186 -0.51630666355068766 -1.4711454510688778e-05 -0.20383949244900268 -0.41874349147554429 -0.16185312605991559 -0.43413705346124543 -0.2950600553681117 0.41014764916707602 -0.62558122312518916 0.28755202903836613 0.34321762040474679 0.5330788742303848
leaf_weight=49 141 214 88 210 71 112 200 94 80 501 68 1595 33 133 21 150 388 70 355 69 128 62 73 502 180 314 70 675 342 39
leaf_count=49 141 214 88 210 71 112 200 94 80 501 68 1595 33 133 21 150 388 70 355 69 128 62 73 502 180 314 70 675 342 39
internal_value=-0.00061276 0.151788 0.287026 -0.337582 0.316937 -0.560107 -0.249388 0.304036 -0.292854 -0.421072 0.032557 0.29299 0.593789 -0.153108 -0.812215 0.08195 0.297687 -0.464043 -0.506439 -0.0721555 -0.27156 -0.287642 -0.251771 -0.447282 -0.328361 0.391802 -0.535743 0.289555 0.306595 0.455662
internal_weight=7027 4839 4067 2188 3639 772 1066 3479 733 1122 428 3094 160 333 133 291 3000 621 639 137 653 525 283 551 242 385 425 2612 1017 72
internal_count=7027 4839 4067 2188 3639 772 1066 3479 733 1122 428 3094 160 333 133 291 3000 621 639 137 653 525 283 551 242 385 425 2612 1017 72
is_linear=0
shrinkage=0.05


Tree=39
num_leaves=31
num_cat=0
split_feature=0 0 0 0 0 11 11 11 0 0 0 0 0 11 0 11 11 0 3 0 0 11 0 0 0 0 0 0 0 11
split_gain=130368 168374 11182.9 5806.56 2098.96 1443.75 1329 892.575 827.544 786.958 734.172 442.955 294.414 256.026 215.728 199.551 188.613 186.855 192.141 191.955 186.753 168.099 178.527 166.488 163.788 181.177 161.471 248.459 157.326 155.174
threshold=14.115135702993483 33.515085247392115 15.453063257779595 9.8337675276779262 13.044793659164593 1.0754633823555715 16.849685965554478 95.314703660012043 14.917892235865152 36.19094035696434 29.902680849469608 3.1441297537473631 13.579964681079039 85.684356921407883 15.720648768736817 76.837903701632641 81.985041430089026 15.988234279694042 968.1500000000002 29.501302583033773 7.8268761954987562 59.480923967744836 11.171695082464039 30.839230137819886 11.974451615335704 11.439280593421261 24.952348896760991 17.593747345437375 12.375829881771539 93.048950055398564
decision_type=2 2 2 2 2 2 2 2 2 2 2 2 2 2 2 2 2 2 2 2 2 2 2 2 2 2 2 2 2 2
left_child=3 2 8 11 21 23 -3 10 15 13 17 -1 16 -8 -9 -2 -6 -7 -19 26 -13 22 -5 -4 25 -23 27 -20 -26 -14
right_child=1 6 5 4 12 7 9 14 -10 -11 -12 20 29 -15 -16 -17 -18 18 19 -21 -22 24 -24 -25 28 -27 -28 -29 -30 -31
leaf_value=-0.55367923895517979 0.025382763320124402 -0.45002928981960388 0.42759011461184582 -0.31462632599743934 -0.17236982323806471 0.25391943335126749 -0.62688567870372058 0.12924348338176647 0.12339442755313126 -0.53581202586757704 0.41104921940924993 -0.43215868858386203 -0.09782446447613366 -0.81059582527647633 0.2714818536397452 -0.059880092887491999 -0.28567353233695031 0.16041431208451593 0.34659421631180543 0.18126236684860725 -0.37589260848318218 -0.32287245483326732 -0.25115112486983016 0.65653752549489341 -0.44727476398899868 -0.20512320633097128 0.35532198296301071 0.29518204952778065 -0.32503497430571804 -0.20199715405702592
leaf_weight=65 163 318 25 219 141 164 110 30 196 298 211 468 177 46 1461 117 55 23 388 30 352 132 320 29 52 54 319 911 107 46
leaf_count=65 163 318 25 219 141 164 110 30 196 298 211 468 177 46 1461 117 55 23 388 30 352 132 320 29 52 54 319 911 107 46
internal_value=-0.00060637 0.144207 0.272721 -0.320798 -0.253295 0.302901 -0.532296 0.298812 0.0448755 -0.588791 0.320602 -0.41978 -0.160466 -0.685906 0.268712 -0.0103134 -0.205478 0.309981 0.315325 0.317385 -0.408499 -0.297057 -0.277486 0.560336 -0.326729 -0.289994 0.319793 0.310797 -0.36759 -0.120141
internal_weight=7027 4839 4067 2188 1303 3591 772 3537 476 454 2046 885 419 156 1491 280 196 1835 1671 1648 820 884 539 54 345 186 1618 1299 159 223
internal_count=7027 4839 4067 2188 1303 3591 772 3537 476 454 2046 885 419 156 1491 280 196 1835 1671 1648 820 884 539 54 345 186 1618 1299 159 223
is_linear=0
shrinkage=0.05


Tree=40
num_leaves=31
num_cat=0
split_feature=0 0 0 0 0 11 11 0 11 0 11 13 14 14 0 0 2 11 0 3 14 14 11 14 5 14 5 14 0 11
split_gain=117713 152038 10125.4 5238.67 1894.68 1345.57 1202.38 852.595 806.462 684.255 640.99 475.046 451.966 434.787 399.173 297.269 294.132 268.73 228.185 317.081 252.452 225.022 207.225 190.147 184.722 182.868 176.137 170.106 282.582 350.386
threshold=14.115135702993483 33.515085247392115 15.185477746822373 9.8337675276779262 13.044793659164593 1.0754633823555715 83.290261016161182 15.720648768736817 97.33108727521676 29.768888093990999 16.505354654652766 1.0000000180025095e-35 4.3015501081974268 2.1501937897161247 14.516513969429317 29.501302583033773 -0.5663846699108962 84.656714070058385 24.952348896760991 968.75000000000011 4.6877497203106646 3.3201405592735633 95.314703660012043 2.7952334667561165 0.78656609248549325 2.7952334667561165 -0.70710678118654735 1.44222051018543 11.974451615335704 24.497705231599522
decision_type=2 2 2 2 2 2 2 2 2 2 2 2 2 2 2 2 2 2 2 2 2 2 2 2 2 2 2 2 2 2
left_child=3 2 14 11 27 23 10 -7 9 15 25 -1 -8 -10 -2 18 24 21 19 -9 -20 -6 -16 -4 26 -3 -12 -5 -29 -30
right_child=1 6 5 4 17 7 12 8 13 -11 16 -13 -14 -15 22 -17 -18 -19 20 -21 -22 -23 -24 -25 -26 -27 -28 28 29 -31
leaf_value=-0.54872572285788401 -0.047412775716039579 -0.40621723046463531 0.61393096773965017 -0.2607117052088031 -0.11183704894861622 0.17410483735213664 -0.80823601499516917 0.085744759213356739 0.24326764763970804 0.39074249492933577 -0.61972355383413813 -0.38828402286545605 -0.51937234892989648 0.32221119765782252 0.076186708586039736 0.10679986974467402 -0.61656477625652029 -0.21620883903843313 0.31784070585164603 0.29181079329941889 0.45136049781526832 -0.26292572579213552 -0.049726112637764372 0.37330560093834286 -0.59405252647399898 -0.57651352167129521 -0.45344641446026135 -0.2728326082965512 -0.22770072031021119 -0.41375006886797216
leaf_weight=55 147 266 34 494 272 183 46 20 1148 226 26 830 32 220 207 22 92 120 292 1462 48 27 38 20 59 23 228 243 39 108
leaf_count=55 147 266 34 494 272 183 46 20 1148 226 26 830 32 220 207 22 92 120 292 1462 48 27 38 20 59 23 228 243 39 108
internal_value=-0.000596338 0.137009 0.25913 -0.30485 -0.240732 0.28489 -0.505838 0.281037 0.286675 0.306685 -0.483276 -0.398869 -0.697866 0.256193 0.0175074 0.296174 -0.526036 -0.152535 0.298398 0.289093 0.337974 -0.126328 0.0565143 0.533309 -0.497532 -0.421729 -0.47285 -0.282311 -0.308921 -0.366296
internal_weight=7027 4839 4067 2188 1303 3675 772 3621 3438 2070 694 885 78 1368 392 1844 405 419 1822 1482 340 299 245 54 313 289 254 884 390 147
internal_count=7027 4839 4067 2188 1303 3675 772 3621 3438 2070 694 885 78 1368 392 1844 405 419 1822 1482 340 299 245 54 313 289 254 884 390 147
is_linear=0
shrinkage=0.05


Tree=41
num_leaves=31
num_cat=0
split_feature=9 9 9 14 14 14 14 3 9 11 9 14 6 9 11 10 11 5 1 5 3 11 14 10 11 5 14 11 5 11
split_gain=84219.9 5527.19 4602.73 2206.98 2103.61 1055.51 964.913 902.775 875.768 766.854 689.045 649.79 524.074 568.164 523.928 507.727 405.794 698.039 397.208 384.303 430.331 529.974 318.551 311.215 322.109 274.802 705.851 679.641 565.265 356.291
threshold=48.730823633128871 95.649211004137868 13.558093205431087 1.9697715603591475 3.1077858173020831 6.4487721615662421 1.8556220879622489 968.1500000000002 72.639082997253823 66.472646292610861 34.444690269345777 3.9929103838344568 -0.12940952255126037 1.1638486907183372 69.743873369044337 0.7018164636156029 84.656714070058385 -0.91597561503675329 0.2672282004597602 0.12940952255126045 971.6500000000002 25.241371312503258 0.98657657246324848 49.842633419621578 67.820586291690361 -0.60355339059327362 3.8572437766710004 74.82099774753236 -0.98296291314453399 66.076938421294571
decision_type=2 2 2 2 2 2 2 2 2 2 2 2 2 2 2 2 2 2 2 2 2 2 2 2 2 2 2 2 2 2
left_child=2 6 4 -3 -1 7 8 -5 -2 12 11 -4 13 -6 -7 -14 17 -8 -10 20 -17 -22 -20 24 -19 28 -27 -28 29 -9
right_child=1 3 10 5 9 14 16 25 18 -11 -12 -13 15 -15 -16 19 -18 23 22 -21 21 -23 -24 -25 -26 26 27 -29 -30 -31
leaf_value=-0.29323513159185938 0.013571481372614703 0.19651965736677846 -0.17675978062421632 -0.15948319428733418 -0.33755877200947254 0.075034132187183092 -0.22930718088972157 -0.13103688904217312 0.18012377308524519 -0.31152766654717512 -0.076615832383160415 0.046857793876102991 -0.21713534432649617 -0.051821226496850295 -0.22405163123327143 0.13256756072952633 -0.12554685575773522 0.022793055158108474 0.12132256608289715 0.11406467705238157 0.022371527693101342 -0.24244420261610125 -0.031120973019688216 0.097788266263743678 -0.19909898291934625 0.13484059543811186 0.13202877113719783 -0.093741865879297268 0.19842967969924213 0.10749020255441147
leaf_weight=1435 374 2195 574 27 42 25 28 20 165 57 361 34 39 30 33 20 97 63 94 40 34 41 53 93 21 559 59 74 279 61
leaf_count=1435 374 2195 574 27 42 25 28 20 165 57 361 34 39 30 33 20 97 63 94 40 34 41 53 93 21 559 59 74 279 61
internal_value=-0.000594815 0.136418 -0.21922 0.167208 -0.267918 0.110494 0.0325097 0.121675 0.0652692 -0.147433 -0.131682 -0.16419 -0.108283 -0.220911 -0.0959639 -0.0606543 -0.0418575 -0.00181667 0.126983 -0.0141477 -0.0688097 -0.123614 0.0664872 0.0352285 -0.0343108 0.129041 0.110248 0.00661258 0.164745 0.0476539
internal_weight=7027 4320 2707 3332 1738 1137 988 1079 686 303 969 608 246 72 58 174 302 205 312 135 95 75 147 177 84 1052 692 133 360 81
internal_count=7027 4320 2707 3332 1738 1137 988 1079 686 303 969 608 246 72 58 174 302 205 312 135 95 75 147 177 84 1052 692 133 360 81
is_linear=0
shrinkage=0.05


Tree=42
num_leaves=31
num_cat=0
split_feature=0 0 0 0 11 0 11 0 0 14 11 0 14 14 11 11 14 2 0 11 0 0 14 11 11 0 14 14 0 0
split_gain=100627 131493 7704.9 4610.27 1438.41 1389.28 1256.35 1108.33 738.431 680.914 619.167 543.577 459.021 373.934 361.85 311.164 410.866 284.725 244.561 234.131 226.431 227.273 223.415 220.169 210.744 199.497 196.921 192.25 190.696 184.18
threshold=14.248928458472095 33.515085247392115 15.453063257779595 10.904109571506813 49.862219011660549 13.446171925600426 83.290261016161182 30.304059115905442 8.094461706455979 2.9501412395566855 16.505354654652766 14.917892235865152 4.3015501081974268 3.2375397171705318 77.88477974704611 95.314703660012043 2.8536526301099099 -0.5663846699108962 11.974451615335704 50.131359211815813 12.643415392728761 11.974451615335704 0.81445278152469569 0.80592788309186747 76.837903701632641 11.706866104378483 1.44222051018543 2.7952334667561165 24.952348896760991 15.988234279694042
decision_type=2 2 2 2 2 2 2 2 2 2 2 2 2 2 2 2 2 2 2 2 2 2 2 2 2 2 2 2 2 2
left_child=3 2 11 8 7 14 10 -4 13 15 27 24 -8 -1 20 16 19 -12 -16 -6 21 25 -7 -9 -2 -5 -20 -3 -11 -17
right_child=1 6 4 5 9 22 12 23 -10 28 17 -13 -14 -15 18 29 -18 -19 26 -21 -22 -23 -24 -25 -26 -27 -28 -29 -30 -31
leaf_value=-0.36922710325384656 0.037128088293121676 -0.37137559494275729 0.30271133843120546 -0.2367571371606311 0.11355728202632497 -0.045931350941459344 -0.77431172350619704 0.59956400450538183 -0.30766890935561336 0.28421988344393706 -0.46089742622557717 0.10824621600079998 -0.48791593696131852 -0.48297419682289794 -0.20917600512985257 0.12945161298469263 0.034563965336197898 -0.57624925997949417 -0.25612062865290147 0.26875473061071309 -0.17152521431465892 -0.28862323611788454 -0.14079450601874957 0.42041118847622594 -0.055162601664047177 -0.12765202279668303 -0.38962265907999982 -0.54098981102307631 0.36497289440581504 0.22891958936571669
leaf_weight=464 142 266 529 158 27 89 46 33 580 236 313 196 32 102 61 53 20 92 57 1142 187 159 216 84 108 63 82 23 141 1326
leaf_count=464 142 266 529 158 27 89 46 33 580 236 313 196 32 102 61 53 20 92 57 1142 187 159 216 84 108 63 82 23 141 1326
internal_value=-0.000574357 0.12792 0.242267 -0.279106 0.266606 -0.204221 -0.469564 0.334725 -0.348912 0.251553 -0.446718 0.0461322 -0.664543 -0.39055 -0.240147 0.24207 0.26143 -0.488468 -0.299366 0.265275 -0.21876 -0.24148 -0.11337 0.475637 -0.0027825 -0.206392 -0.337133 -0.38671 0.315321 0.225197
internal_weight=7027 4809 4037 2218 3591 1072 772 646 1146 2945 694 446 78 566 767 2568 1189 405 200 1169 567 380 305 117 250 221 139 289 377 1379
internal_count=7027 4809 4037 2218 3591 1072 772 646 1146 2945 694 446 78 566 767 2568 1189 405 200 1169 567 380 305 117 250 221 139 289 377 1379
is_linear=0
shrinkage=0.05


Tree=43
num_leaves=31
num_cat=0
split_feature=9 13 9 13 13 14 14 13 13 13 13 13 14 11 2 1 14 11 9 14 3 1 14 11 10 11 14 5 3 14
split_gain=67581.5 18352.3 4363.76 4549.84 2605.64 1777.86 1666.22 1577.33 3191.25 595.6 834.147 588.576 529.376 440.96 421.047 650.389 394.486 526.605 367.803 525.597 360.395 358.067 327.021 325.056 285.154 306.938 283.474 293.161 278.707 291.459
threshold=48.730823633128871 94.798390353760212 95.649211004137868 98.47502576271755 0.04425005506391063 1.9697715603591475 1.3051181300302164 98.47502576271755 0.023272343141408275 1.0000000180025095e-35 34.28868095945176 32.150196285977799 5.6141169687977746 65.937986003119121 -0.53727914962411594 -0.28400453026986777 5.4503822410139433 48.697631480270807 15.118174883681744 2.9501412395566855 969.45000000000016 0.40673664307580037 1.9553345834750502 35.265651210912964 99.970048885954284 49.141485414339662 2.0297783130183156 0.37940952255126054 982.55000000000007 0.98657657246324848
decision_type=2 2 2 2 2 2 2 2 2 2 2 2 2 2 2 2 2 2 2 2 2 2 2 2 2 2 2 2 2 2
left_child=1 9 3 4 22 -4 -3 8 12 16 -11 -6 14 -14 15 -7 28 -18 19 -8 -9 -5 -2 -21 25 -23 -20 -28 29 -1
right_child=2 6 5 21 11 7 18 20 -10 10 -12 -13 13 -15 -16 -17 17 -19 26 23 -22 24 -24 -25 -26 -27 27 -29 -30 -31
leaf_value=-0.29177025237666909 0.26206604396303496 -0.074049395866757725 0.17583119191151242 0.11197750648656807 -0.48272695948095878 0.017665429511635574 -0.069394541138400587 -0.048614079913367393 -0.31882210153700979 -0.33665666046932602 -0.2476136778871133 -0.23719344737606313 0.10536797512661328 -0.18415381063114514 0.17837319680342548 0.20875347567015684 0.092198150271461124 -0.24271629103907832 0.058033236045552342 0.032022422839334048 0.15509287087985463 0.12388972561510783 -0.0014924852053324383 0.21530120611190795 0.1483958086677428 7.4885673079715714e-05 0.21073893130728694 0.044175229583817879 -0.38972812125557343 -0.22173033788563715
leaf_weight=236 23 311 2195 440 33 193 83 22 57 675 462 108 21 32 113 57 20 26 114 68 642 62 23 37 55 244 98 37 37 503
leaf_count=236 23 311 2195 440 33 193 83 22 57 675 462 108 21 32 113 57 20 26 114 68 642 62 23 37 55 244 98 37 37 503
internal_value=-0.000570044 -0.196412 0.122165 0.0298358 -0.191585 0.149523 0.0142645 0.0986206 0.0287419 -0.276823 -0.300729 -0.297689 0.0770272 -0.0695182 0.0985696 0.0619115 -0.243425 -0.0981315 0.0771518 0.0241368 0.148273 0.081709 0.132952 0.0980754 0.0445955 0.0254997 0.116903 0.165785 -0.251894 -0.244468
internal_weight=7027 2707 4320 988 187 3332 748 1137 473 1959 1137 141 416 53 363 250 822 46 437 188 664 801 46 105 361 306 249 135 776 739
internal_count=7027 2707 4320 988 187 3332 748 1137 473 1959 1137 141 416 53 363 250 822 46 437 188 664 801 46 105 361 306 249 135 776 739
is_linear=0
shrinkage=0.05


Tree=44
num_leaves=31
num_cat=0
split_feature=0 0 0 9 9 0 9 0 9 9 14 9 14 14 13 0 0 14 3 9 0 0 0 0 0 6 9 0 9 14
split_gain=84830.6 113067 6786.37 5004.11 3873.47 3412.66 1563.18 1406.37 885.626 847.016 825.156 749.532 597.58 494.405 441.254 379.838 372.019 355.497 338.843 317.412 308.864 290.262 270.357 233.591 218.899 197.887 180.862 176.35 158.114 145.979
threshold=14.248928458472095 33.515085247392115 15.453063257779595 3.768334638836135 67.516714771931916 9.8337675276779262 93.429480066634895 13.446171925600426 87.621977398153518 92.692745489228955 3.2908965343808636 70.255790035383413 2.7952334667561165 1.944649602318747 1.0000000180025095e-35 24.952348896760991 14.784099480386539 0.98657657246324848 969.6500000000002 25.360440903574794 12.911000903685983 14.917892235865152 15.85444152421543 24.417177874846548 11.974451615335704 0.78656609248549303 29.990248807981875 24.952348896760991 56.260192489993123 5.2624455658309026
decision_type=2 2 2 2 2 2 2 2 2 2 2 2 2 2 2 2 2 2 2 2 2 2 2 2 2 2 2 2 2 2
left_child=5 2 8 10 17 14 23 9 16 20 -4 -9 -6 22 -1 18 -2 -3 -15 -16 26 -10 -8 -5 -11 -14 -7 -12 -22 -17
right_child=1 4 3 6 12 7 13 11 21 24 27 -13 25 15 19 29 -18 -19 -20 -21 28 -23 -24 -25 -26 -27 -28 -29 -30 -31
leaf_value=-0.47484300298350202 0.040349710277902587 -0.32835199777815083 0.62535319831933878 0.30935457885077039 -0.80855394144527259 -0.20872483946236997 0.099638283253917784 -0.045237334730425995 -0.11356649573459182 -0.26771452350880615 0.26704360723495485 -0.20481737061500549 -0.65375150680541994 0.031094372518684556 -0.30709781746531639 0.28026273290519005 0.15814081286429427 -0.41283361558475451 0.2330126832866658 -0.39406733062532218 -0.12676075804068293 0.014361624274726795 0.20908668429242414 0.49451298577444897 -0.42925183655665472 -0.44766005638667511 -0.26145489954084 0.45066617946733123 -0.23604522238175077 0.39387974309921264
leaf_weight=55 143 224 88 454 60 420 61 181 85 43 28 124 42 22 687 293 127 412 548 143 132 91 1995 20 64 34 322 43 47 39
leaf_count=55 143 224 88 454 60 420 61 181 85 43 28 124 42 22 687 293 127 412 548 143 132 91 1995 20 64 34 322 43 47 39
internal_value=-0.000548562 0.11743 0.223463 0.246305 -0.436612 -0.256286 0.233464 -0.205445 0.0394003 -0.233448 0.52025 -0.110589 -0.679644 0.219781 -0.33254 0.25117 0.0961527 -0.383649 0.225296 -0.322544 -0.217492 -0.0476862 0.205892 0.318202 -0.367461 -0.568629 -0.231936 0.383036 -0.156635 0.294767
internal_weight=7027 4809 4037 3591 772 2218 3432 1333 446 1028 159 305 136 2958 885 902 270 636 570 830 921 176 2056 474 107 76 742 71 179 332
internal_count=7027 4809 4037 3591 772 2218 3432 1333 446 1028 159 305 136 2958 885 902 270 636 570 830 921 176 2056 474 107 76 742 71 179 332
is_linear=0
shrinkage=0.05


Tree=45
num_leaves=31
num_cat=0
split_feature=0 0 0 9 9 0 9 0 9 9 0 14 14 14 9 0 9 0 14 3 0 0 14 9 13 6 0 14 0 0
split_gain=76592.8 102114 6142.43 4574.24 3513.95 3094.57 1387.97 1242.01 939.696 846.705 781.926 781.352 522.782 425.399 421.5 405.247 372.188 356.052 326.555 277.741 277.549 244.206 232.931 208.544 194.147 171.82 149.395 147.332 145.954 375.243
threshold=14.248928458472095 33.515085247392115 15.185477746822373 3.768334638836135 91.959135942942467 12.643415392728761 81.354789141006933 8.8972182393276462 70.255790035383413 74.86724145929243 15.720648768736817 3.9929103838344568 2.7309947812737287 2.0033305601755513 29.356962927092745 13.446171925600426 93.429480066634895 24.952348896760991 0.96436507609913547 969.75000000000011 13.579964681079039 11.974451615335704 1.6289055630493696 56.260192489993123 1.0000000180025095e-35 0.78656609248549303 24.952348896760991 3.1358142149942365 10.770316816028204 11.974451615335704
decision_type=2 2 2 2 2 2 2 2 2 2 2 2 2 2 2 2 2 2 2 2 2 2 2 2 2 2 2 2 2 2
left_child=5 2 9 11 18 7 -5 14 15 22 -8 -4 -6 -12 24 -7 28 19 -3 -15 -10 -18 23 -2 -1 -14 -13 -20 -9 -30
right_child=1 4 3 6 12 8 10 16 20 -11 13 26 25 17 -16 -17 21 -19 27 -21 -22 -23 -24 -25 -26 -27 -28 -29 29 -31
leaf_value=-0.4165015028953552 0.17395441094511432 -0.31012209934412049 0.56847314765861456 0.30787179811969401 -0.77257872468334132 -0.14591337356987652 0.079303253052499287 -0.25415033305054391 -0.3083101563966727 -0.07134432534651855 0.20081913252128178 0.21652574933492225 -0.62734669094993956 0.045244137557844316 -0.43567248537299341 -0.042987896301834798 -0.2717020220014284 0.28663584131077641 -0.37258765866863197 0.22527034554729675 -0.17945946855365105 -0.46933317003578967 -0.0012990903370082379 0.053558828341257247 -0.30350289168510036 -0.43354201005564796 0.4062240826200556 -0.4582733798289037 -0.17207030266587309 -0.26447627367970256
leaf_weight=49 75 214 110 399 58 205 115 393 78 157 2136 25 41 23 88 181 52 316 334 525 105 28 59 71 563 35 26 90 283 193
leaf_count=49 75 214 110 399 58 205 115 393 78 157 2136 25 41 23 88 181 52 316 334 525 105 28 59 71 563 35 26 90 283 193
internal_value=-0.000536244 0.111568 0.212334 0.231686 -0.414954 -0.24354 0.21962 -0.278262 -0.14259 0.0157615 0.208219 0.492026 -0.648505 0.213131 -0.329223 -0.0978991 -0.24036 0.243297 -0.364955 0.21782 -0.235784 -0.345875 0.0825186 0.116203 -0.313223 -0.544949 0.319283 -0.391823 -0.230255 -0.210024
internal_weight=7027 4809 4037 3675 772 2218 3514 1649 569 362 3115 161 134 3000 700 386 949 864 638 548 183 80 205 146 612 76 51 424 869 476
internal_count=7027 4809 4037 3675 772 2218 3514 1649 569 362 3115 161 134 3000 700 386 949 864 638 548 183 80 205 146 612 76 51 424 869 476
is_linear=0
shrinkage=0.05


Tree=46
num_leaves=31
num_cat=0
split_feature=0 0 0 9 0 9 0 0 9 9 14 9 0 14 0 9 0 0 0 14 0 14 3 5 0 0 0 9 0 14
split_gain=69154.8 93401.6 3966.73 4217.84 3464.9 3185.45 1903.32 1194.93 951.239 662.802 479.961 399.177 389.711 378.978 368.377 359.271 357.496 347.455 340.669 299.52 271.377 262.022 255.621 215.876 178.872 235.988 216.107 171.884 163.57 161.088
threshold=14.382721213950706 33.515085247392115 15.720648768736817 77.690488573339138 12.911000903685983 91.959135942942467 24.952348896760991 9.0310109948062571 76.751188659347875 86.495046505340113 4.3015501081974268 60.751544061474725 13.71375743655765 1.3316656236960418 11.974451615335704 32.334639737021092 24.952348896760991 15.185477746822373 15.051684991343762 0.80208062770104227 13.847550192036261 1.8488730364619066 969.05000000000007 -0.91597561503675329 11.171695082464039 11.974451615335704 12.242037126292926 93.429480066634895 3.1441297537473631 5.2624455658309026
decision_type=2 2 2 2 2 2 2 2 2 2 2 2 2 2 2 2 2 2 2 2 2 2 2 2 2 2 2 2 2 2
left_child=4 2 9 6 7 19 21 15 12 18 -7 24 -6 27 -13 28 22 -11 -2 -3 -10 -4 -15 -8 -9 -26 -27 -5 -1 -18
right_child=1 5 3 13 8 10 23 11 20 17 -12 14 -14 16 -16 -17 29 -19 -20 -21 -22 -23 -24 -25 25 26 -28 -29 -30 -31
leaf_value=-0.38389968903338323 0.076257196322696508 -0.28534798459951266 0.35999930582126649 0.26875035079740561 -0.11689538927795909 -0.69188693512569788 0.37906766790332219 -0.23385329763650342 -0.28168662601573902 -0.057093246122864511 -0.46608188142379126 -0.23673038285824335 -0.016352911790092597 0.028826529654589567 -0.39351322643573466 -0.41612828448966699 0.2475301821614273 0.070064002912580262 0.19323909008278037 -0.3686290405652462 -0.15341347047221962 0.26130238256170307 0.20706986365350871 0.55847235552138763 -0.14004301170990485 -0.30785623759031294 -0.18809924791734189 0.18230254089693512 -0.28861562401522761 0.36070460769534107
leaf_weight=60 157 171 118 64 256 87 32 428 87 109 47 111 155 21 64 80 458 104 105 467 88 214 898 107 175 55 155 1541 574 39
leaf_count=60 157 171 118 64 256 87 32 428 87 109 47 111 155 21 64 80 458 104 105 467 88 214 898 107 175 55 155 1541 574 39
internal_value=-0.000536377 0.108448 0.206381 0.224822 -0.226221 -0.3944 0.364108 -0.26234 -0.12104 0.0706165 -0.616763 -0.226159 -0.0791218 0.202991 -0.296007 -0.312012 0.222194 0.00500684 0.123715 -0.346797 -0.21845 0.297372 0.203038 0.520209 -0.210773 -0.184562 -0.220798 0.185918 -0.298231 0.257128
internal_weight=7027 4739 3967 3492 2288 772 471 1702 586 475 134 988 411 3021 175 714 1416 213 262 638 175 332 919 139 813 385 210 1605 634 497
internal_count=7027 4739 3967 3492 2288 772 471 1702 586 475 134 988 411 3021 175 714 1416 213 262 638 175 332 919 139 813 385 210 1605 634 497
is_linear=0
shrinkage=0.05


Tree=47
num_leaves=31
num_cat=0
split_feature=0 0 0 0 11 0 11 0 0 14 0 13 14 11 14 11 0 11 14 0 10 14 0 0 11 5 14 14 14 11
split_gain=62455.9 83284.8 5017.22 2534.79 1074.08 1070.66 937.549 840.364 637.064 543.419 381.705 339.5 264.91 248.978 371.738 234.069 322.818 226.055 221.895 210.437 189.693 183.208 181.02 177.575 172.361 170.756 162.542 150.473 141.596 136.5
threshold=14.248928458472095 33.515085247392115 15.453063257779595 9.6999747721993135 49.862219011660549 13.446171925600426 16.849685965554478 30.304059115905442 35.254391068614062 2.9501412395566855 14.65030672490793 1.0000000180025095e-35 1.2741009902410863 95.314703660012043 2.8536526301099099 16.127765286841971 11.974451615335704 50.131359211815813 3.5144935995244571 12.375829881771539 1.2901933981320379 0.81445278152469569 12.509622637250152 11.439280593421261 0.80592788309186747 -0.60355339059327362 5.2624455658309026 1.8147543451755144 1.6289055630493696 95.314703660012043
decision_type=2 2 2 2 2 2 2 2 2 2 2 2 2 2 2 2 2 2 2 2 2 2 2 2 2 2 2 2 2 2
left_child=3 2 10 11 7 12 18 -4 -8 13 -2 -1 22 14 17 -14 23 -6 -3 -18 -10 -7 -5 -17 -9 -26 -11 -22 -13 -12
right_child=1 6 4 5 9 21 8 24 20 26 29 28 15 -15 -16 16 19 -19 -20 -21 27 -23 -24 -25 25 -27 -28 -29 -30 -31
leaf_value=-0.41197282131229129 -0.026507572790574353 -0.29336322312387048 0.24236100248496908 -0.19613118353254172 0.064576153266908867 -0.033339357826548316 -0.53081708820016538 0.50029513786820801 -0.33682945692694038 0.23924964134022597 0.084798550432220177 -0.25355147272270184 -0.15111976970224938 0.17497783545288595 -0.0060754841849917458 -0.2285913788426357 -0.38294328442159692 0.21417290641258901 -0.47168881437995219 -0.2557294790138171 -0.35350879895059689 -0.11909396222865527 -0.13169852398769846 -0.12953709886701251 0.21240821245126429 0.39033680478411337 0.33677604271193684 -0.46355140785885673 -0.30009158814770676 -0.007553921147268646
leaf_weight=55 166 297 529 346 27 89 110 33 153 319 232 380 93 1379 20 191 52 1142 21 133 75 216 175 66 23 61 58 116 422 48
leaf_count=55 166 297 529 346 27 89 110 33 153 319 232 380 93 1379 20 191 52 1142 21 133 75 216 175 66 23 61 58 116 422 48
internal_value=-0.000522738 0.100708 0.191711 -0.219957 0.211351 -0.177282 -0.374798 0.270131 -0.421779 0.198369 0.0334478 -0.287439 -0.201139 0.18994 0.207126 -0.226413 -0.241867 0.21078 -0.306597 -0.29338 -0.385461 -0.0942776 -0.174792 -0.203773 0.392531 0.344749 0.255118 -0.422433 -0.27839 0.0689784
internal_weight=7027 4809 4037 2218 3591 1361 772 646 454 2945 446 857 1056 2568 1189 535 442 1169 318 185 344 305 521 257 117 84 377 191 802 280
internal_count=7027 4809 4037 2218 3591 1361 772 646 454 2945 446 857 1056 2568 1189 535 442 1169 318 185 344 305 521 257 117 84 377 191 802 280
is_linear=0
shrinkage=0.05


Tree=48
num_leaves=31
num_cat=0
split_feature=0 0 0 9 0 9 0 0 9 9 14 9 0 9 0 14 0 14 14 0 0 0 14 9 0 0 5 3 14 9
split_gain=56404.5 76179.7 3266.68 3677.06 2833.56 2749.1 1587.29 989.748 856.076 601.769 450.729 361.102 353.315 351.692 331.253 317.106 308.251 269.943 264.947 262.623 253.871 245.708 216.874 212.727 210.684 208.835 190.498 188.303 170.919 167.848
threshold=14.382721213950706 33.515085247392115 15.720648768736817 74.86724145929243 12.911000903685983 91.959135942942467 24.952348896760991 8.7634254838490353 86.495046505340113 75.908506481545871 2.7309947812737287 25.360440903574794 15.185477746822373 41.484370443140769 13.71375743655765 1.4106735979665739 24.952348896760991 1.8488730364619066 3.1358142149942365 11.974451615335704 15.051684991343762 11.439280593421261 1.44222051018543 93.429480066634895 13.847550192036261 11.171695082464039 -0.91597561503675329 969.25000000000011 1.6502525059315416 55.219650550459725
decision_type=2 2 2 2 2 2 2 2 2 2 2 2 2 2 2 2 2 2 2 2 2 2 2 2 2 2 2 2 2 2
left_child=4 2 9 6 7 18 17 11 14 20 -7 -1 -11 25 29 23 27 -4 -3 21 28 -15 -21 -5 -10 -9 -8 -17 -2 -6
right_child=1 5 3 15 8 10 26 13 24 12 -12 -13 -14 19 -16 16 -18 -19 -20 22 -22 -23 -24 -25 -26 -27 -28 -29 -30 -31
leaf_value=-0.26925335144510076 0.1135791204008952 -0.29748074922839585 0.34140454739332204 0.25025347342342136 -0.08204707206158976 -0.6763489015223616 0.34660867203365675 -0.20780601335146343 -0.27522998555882333 -0.049429166137449826 -0.46824105600257976 -0.38277233671058308 0.06971334395838566 -0.24554311456712516 -0.018831767914433254 0.043110248374938966 0.23492462593724853 0.23645753581474707 -0.39632659477191967 -0.23723269895595661 0.18917938413119864 -0.11962102714026797 -0.37754407940372348 0.16439413605302877 -0.15106512208714298 -0.15021815450477838 0.5139804755551397 0.18747256020573566 -0.0079014823029226657 -0.16954792304639704
leaf_weight=587 102 548 101 79 191 58 32 414 72 126 76 87 121 147 169 24 474 205 90 67 86 57 61 1613 75 282 107 857 40 79
leaf_count=587 102 548 101 79 191 58 32 414 72 126 76 87 121 147 169 24 474 205 90 67 86 57 61 1613 75 282 107 857 40 79
internal_value=-0.000515623 0.0979106 0.186355 0.20309 -0.204336 -0.356218 0.337436 -0.236999 -0.109218 0.063153 -0.562697 -0.284459 0.00896179 -0.205631 -0.0739279 0.183363 0.201717 0.272112 -0.312031 -0.248748 0.121543 -0.211139 -0.306547 0.168551 -0.213363 -0.184729 0.478236 0.183599 0.0795083 -0.108199
internal_weight=7027 4739 3967 3492 2288 772 445 1702 586 475 134 674 247 1028 439 3047 1355 306 638 332 228 204 128 1692 147 696 139 881 142 270
internal_count=7027 4739 3967 3492 2288 772 445 1702 586 475 134 674 247 1028 439 3047 1355 306 638 332 228 204 128 1692 147 696 139 881 142 270
is_linear=0
shrinkage=0.05


Tree=49
num_leaves=31
num_cat=0
split_feature=0 0 0 9 0 9 0 13 9 9 14 0 9 14 9 0 14 0 0 0 0 14 14 0 5 13 9 2 14 0
split_gain=50929.4 68793.2 2948.17 3328.76 2561.76 2489.04 1487.22 843.444 756.444 549.063 436.025 362.424 338.766 304.739 285.519 259.25 254.55 251.955 250.843 229.378 314.436 225.852 202.853 174.411 170.799 144.239 142.05 135.859 128.304 174.092
threshold=14.382721213950706 33.515085247392115 15.720648768736817 77.690488573339138 12.643415392728761 67.516714771931916 24.952348896760991 22.780733433811225 70.255790035383413 87.621977398153518 6.1447808621297453 13.446171925600426 32.334639737021092 3.0816660261399726 29.990248807981875 15.051684991343762 0.80208062770104227 15.185477746822373 13.71375743655765 11.974451615335704 11.439280593421261 3.5688465635685573 1.44222051018543 11.037902326985426 -0.91597561503675329 1.0000000180025095e-35 93.429480066634895 -0.66259481767468253 1.3316656236960418 22.008908276231548
decision_type=2 2 2 2 2 2 2 2 2 2 2 2 2 2 2 2 2 2 2 2 2 2 2 2 2 2 2 2 2 2
left_child=4 2 9 6 7 16 21 12 11 15 -7 -6 25 26 23 -2 -3 -11 -10 20 -16 -4 -21 -9 -8 -1 -5 -18 -28 -30
right_child=1 5 3 13 8 10 24 14 18 17 -12 -13 -14 -15 19 -17 27 -19 -20 22 -22 -23 -24 -25 -26 -27 28 -29 29 -31
leaf_value=-0.34784561620039101 0.066326054881385071 -0.24007947906505228 0.28521015174243047 0.22803025234937668 -0.11770360814488845 -0.575190435543395 0.32980340506091266 -0.19605208136901564 -0.24207731951278852 -0.054018766059436729 -0.31158726270000142 -0.025234179098782769 -0.39218459202071365 0.21543765783840768 -0.23686947799124425 0.167554786419151 -0.29948993385485984 0.055286174105950506 -0.13118041410243939 -0.2302619497128475 -0.11884944789560446 0.18984940168182038 -0.36464987919547343 -0.13768922080110127 0.48851940886841883 -0.2514626421956237 0.15530605309162393 -0.37480665019064241 0.15484957702728838 0.19864205998397297
leaf_weight=50 159 171 234 99 205 113 32 391 103 107 23 220 58 392 210 107 367 102 111 80 82 98 54 211 107 513 1541 98 439 550
leaf_count=50 159 171 234 99 205 113 32 391 103 107 23 220 58 392 210 107 367 102 111 80 82 98 54 211 107 513 1541 98 439 550
internal_value=-0.000503511 0.0930237 0.177071 0.192969 -0.194179 -0.338527 0.316691 -0.22713 -0.108917 0.0600284 -0.533247 -0.0700204 -0.273538 0.17358 -0.198852 0.10754 -0.29611 -0.000640718 -0.185457 -0.230834 -0.204263 0.257731 -0.286755 -0.175867 0.454633 -0.260633 0.167257 -0.316144 0.164788 0.179384
internal_weight=7027 4739 3967 3492 2288 772 471 1649 639 475 136 425 621 3021 1028 266 636 209 214 426 292 332 134 602 139 563 2629 465 2530 989
internal_count=7027 4739 3967 3492 2288 772 471 1649 639 475 136 425 621 3021 1028 266 636 209 214 426 292 332 134 602 139 563 2629 465 2530 989
is_linear=0
shrinkage=0.05


Tree=50
num_leaves=31
num_cat=0
split_feature=0 0 0 9 9 0 0 9 9 0 0 9 9 0 9 9 0 13 5 11 0 1 1 0 0 9 0 0 10 0
split_gain=46020.6 60157.1 5592.58 2956.86 2251.4 1525.91 1431.76 704.915 657.34 623.872 517.526 278.809 268.59 194.329 168.163 165.702 173.097 160.507 152.832 143.182 121.547 117.392 116.243 112.603 105.309 98.3063 90.4376 100.042 84.7037 117.5
threshold=13.981342947514873 33.515085247392115 15.185477746822373 69.267621499667371 67.516714771931916 9.298596505763479 24.952348896760991 74.86724145929243 93.429480066634895 13.044793659164593 15.988234279694042 32.334639737021092 93.429480066634895 14.516513969429317 57.045967192991931 29.990248807981875 11.57307334889987 1.0000000180025095e-35 -0.91597561503675329 38.438825627692808 5.2848138414051435 -0.7603770116708749 -0.78257835753184624 14.784099480386539 36.726111378878777 95.146726983294656 13.71375743655765 11.974451615335704 0.91534278572135452 25.487519918675439
decision_type=2 2 2 2 2 2 2 2 2 2 2 2 2 2 2 2 2 2 2 2 2 2 2 2 2 2 2 2 2 2
left_child=5 2 7 6 21 11 19 13 9 15 -5 17 -12 -2 -11 16 -7 -1 -8 -4 -13 -3 -20 25 -6 -9 27 -10 29 -14
right_child=1 4 3 10 24 8 18 23 26 14 12 20 28 -15 -16 -17 -18 -19 22 -21 -22 -23 -24 -25 -26 -27 -28 -29 -30 -31
leaf_value=-0.33079436189988076 0.0056506165876088294 -0.34039450551127337 0.19521085429301968 0.087795968996585372 -0.54533505257139825 -0.17375043888796463 0.31381293574968977 -0.041565656655778493 -0.20987898055244894 -0.057417046635906147 0.23513926739459984 -0.45671354225703653 0.1605970241283719 0.09030055053352512 -0.14324174859168301 -0.19652921544019447 -0.11297525029497767 -0.23199721679441249 0.34672699513106514 0.26674821386421194 -0.29672858676394903 -0.27103482799948464 0.50160580263862131 -0.021759819825179876 -0.41318540806120096 -0.13288273381231744 -0.15515347686906658 -0.31112554081650667 0.1604368057164991 0.22061893252531686
leaf_weight=50 132 90 134 222 93 329 32 47 50 193 145 20 206 139 82 368 197 638 28 205 73 546 78 69 43 85 23 85 2461 164
leaf_count=50 132 90 134 222 93 329 32 47 50 193 145 20 206 139 82 368 197 638 28 205 73 546 78 69 43 85 23 85 2461 164
internal_value=-0.000493578 0.0832693 0.158722 0.179526 -0.321719 -0.195903 0.295735 -0.00328255 -0.163007 -0.149807 0.162104 -0.25151 0.167614 0.0492596 -0.0834528 -0.170096 -0.151256 -0.239654 0.431998 0.239143 -0.33568 -0.281377 0.464364 -0.0740409 -0.50691 -0.100963 -0.259084 -0.275483 0.164072 0.187738
internal_weight=7027 4919 4147 3675 772 2108 477 472 1327 1169 3198 781 2976 271 275 894 526 688 138 339 93 636 106 201 136 132 158 135 2831 370
internal_count=7027 4919 4147 3675 772 2108 477 472 1327 1169 3198 781 2976 271 275 894 526 688 138 339 93 636 106 201 136 132 158 135 2831 370
is_linear=0
shrinkage=0.05


Tree=51
num_leaves=31
num_cat=0
split_feature=0 0 0 9 9 0 0 9 9 0 0 14 14 14 14 14 9 0 14 9 6 9 9 0 14 14 2 0 2 0
split_gain=41556.5 54323.2 5049.95 2675.21 2038.54 1378.17 1297.18 636.943 595.373 562.878 466.954 392.76 296.498 256.918 253.2 242.89 237.388 234.797 203.67 217.649 182.127 152.02 149.502 156.175 139.503 132.556 130.16 127.336 126.841 125.697
threshold=13.981342947514873 33.515085247392115 15.185477746822373 69.267621499667371 94.523829473393974 9.298596505763479 24.952348896760991 74.86724145929243 93.429480066634895 13.044793659164593 15.988234279694042 2.7309947812737287 3.2375397171705318 2.0120466668265702 3.5688465635685573 1.0016652800876453 93.429480066634895 24.952348896760991 1.6289055630493696 49.504082715696697 0.78656609248549303 57.045967192991931 29.990248807981875 11.57307334889987 3.2908965343808636 2.9709706077246101 -0.49240481012316833 3.1441297537473631 -0.7933231318270072 14.516513969429317
decision_type=2 2 2 2 2 2 2 2 2 2 2 2 2 2 2 2 2 2 2 2 2 2 2 2 2 2 2 2 2 2
left_child=5 2 7 6 15 12 14 18 9 22 -5 -6 -1 16 -4 -3 -12 -15 19 -2 -13 -11 23 -7 -8 -10 -17 -14 -19 -21
right_child=1 4 3 10 11 8 24 -9 25 21 13 20 27 17 -16 26 -18 28 -20 29 -22 -23 -24 -25 -26 -27 -28 -29 -30 -31
leaf_value=-0.22503629302240211 0.14253936546816401 -0.22324296041400032 0.25630148953204107 0.083425855713566532 -0.58858790955301055 -0.16508924311218842 0.45543649300761607 -0.070389860495832735 -0.29023860017801151 -0.054560992468056062 0.22547662881476913 -0.47331868625822521 -0.43940595195406962 0.1621716693685249 0.15882752605409434 -0.27734253872524611 0.145737217569402 0.25910661191339529 -0.021128758168956149 -0.015261431275938564 -0.29386808466911318 -0.13616595039211485 -0.18672938458212629 -0.10735501684662369 0.32973608168790924 -0.19059099045314198 -0.36467943817377091 -0.28417437414131541 0.18938866477855976 0.086112370792904819
leaf_weight=661 72 225 236 222 58 329 86 201 86 193 101 41 20 546 103 351 2017 125 78 64 34 82 368 197 52 72 63 100 187 57
leaf_count=661 72 225 236 222 58 329 86 201 86 193 101 41 20 546 103 351 2017 125 78 64 34 82 368 197 52 72 63 100 187 57
internal_value=-0.000482329 0.0791144 0.150815 0.170584 -0.305735 -0.186172 0.28112 -0.00312902 -0.154909 -0.142347 0.154012 -0.484339 -0.239019 0.159246 0.227254 -0.267855 0.149647 0.182736 0.0468152 0.0742675 -0.396971 -0.0793174 -0.161619 -0.143721 0.41082 -0.246345 -0.291492 -0.313505 0.218075 0.0327666
internal_weight=7027 4919 4147 3675 772 2108 477 472 1327 1169 3198 133 781 2976 339 639 2118 858 271 193 75 275 894 526 138 158 414 120 312 121
internal_count=7027 4919 4147 3675 772 2108 477 472 1327 1169 3198 133 781 2976 339 639 2118 858 271 193 75 275 894 526 138 158 414 120 312 121
is_linear=0
shrinkage=0.05


Tree=52
num_leaves=31
num_cat=0
split_feature=9 13 9 13 13 14 3 14 13 13 13 13 13 9 3 1 2 14 14 14 3 2 9 14 2 14 13 9 14 3
split_gain=25989.7 7947.04 1452.29 1627.59 1059.16 589.972 736.409 574.462 413.346 886.514 300.085 289.82 236.865 176.85 203.094 169.787 164.234 153.696 294.719 153.247 168.581 151.213 154.369 151.657 135.368 159.248 149.609 318.457 135.05 134.384
threshold=50.927927795553963 90.5596995938497 95.649211004137868 94.798390353760212 0.04425005506391063 2.7309947812737287 968.35000000000002 1.3000000000000491 86.449286421636828 0.023272343141408275 1.0000000180025095e-35 22.780733433811225 64.370251861765482 99.430726654539157 972.1500000000002 0.38266886095259306 -0.68832836526074781 0.49328828623154364 0.50332229568473619 5.6141169687977746 974.85000000000002 0.99140711019144634 13.558093205431087 5.1133746457258722 -0.29237170472273682 1.4183322323977257 98.47502576271755 98.891599246658799 5.4503822410139433 974.35000000000002
decision_type=2 2 2 2 2 2 2 2 2 2 2 2 2 2 2 2 2 2 2 2 2 2 2 2 2 2 2 2 2 2
left_child=1 10 3 4 16 17 -7 -3 9 13 28 -12 -6 -8 -15 -5 -2 -4 -19 20 -16 22 23 -9 -20 -26 27 -27 -1 -30
right_child=2 7 5 15 12 6 8 21 -10 -11 11 -13 -14 14 19 -17 -18 18 24 -21 -22 -23 -24 -25 25 26 -28 -29 29 -31
leaf_value=-0.15632191027995862 0.1763717643171549 -0.037506916989990383 0.13014907913686713 0.074195793984435418 -0.26026522752509185 -0.24096419447944278 0.10780126655764051 -0.0027926983710553424 0.094868717492277668 -0.1917049903058532 -0.21896090738170654 -0.16679532418402596 -0.11628603312053852 -0.09299147999496199 0.20397174846558347 0.026804857099817711 -0.01204871140420437 -0.074213559071719656 0.10863964731342846 -0.049810889798306647 0.043309308789859093 -0.075623327450205891 0.076717871485940517 0.13265780178209147 0.1021716924917532 -0.17271755073751727 0.073371010574317261 0.057352216181187132 -0.14204565039047831 0.02676089113408869
leaf_weight=777 23 351 446 414 66 20 89 148 371 43 537 585 55 31 20 351 22 24 1421 30 78 23 274 23 430 20 257 52 25 21
leaf_count=777 23 351 446 414 66 20 89 148 371 43 537 585 55 31 20 351 22 24 1421 30 78 23 274 23 430 20 257 52 25 21
internal_value=-0.000472035 -0.119867 0.0769491 0.0217034 -0.119754 0.0923727 0.050773 0.0107777 0.0599445 0.0152297 -0.174859 -0.191939 -0.196351 0.0517554 0.0198749 0.0525216 0.085887 0.103054 0.0975118 0.0477574 0.0778772 0.0470045 0.0535092 0.0160621 0.0994378 0.0820833 0.0555828 -0.0079781 -0.151363 -0.0659457
internal_weight=7027 2764 4263 931 166 3332 682 819 662 291 1945 1122 121 248 159 765 45 2650 2204 128 98 468 445 171 2180 759 329 72 823 46
internal_count=7027 2764 4263 931 166 3332 682 819 662 291 1945 1122 121 248 159 765 45 2650 2204 128 98 468 445 171 2180 759 329 72 823 46
is_linear=0
shrinkage=0.05


Tree=53
num_leaves=31
num_cat=0
split_feature=9 13 9 13 13 14 14 13 13 13 13 3 13 11 14 6 9 10 6 6 8 3 14 2 14 11 3 2 3 3
split_gain=23458.3 7174.44 1310.99 1470.2 958.27 536.069 517.934 498.21 1184.39 239.522 317.754 233.183 217.492 174.237 159.713 132.496 133.06 124.972 123.743 165.013 218.224 221.528 208.173 146.028 197.187 126.335 129.277 123.734 117.05 116.982
threshold=50.927927795553963 94.798390353760212 95.649211004137868 94.798390353760212 0.04425005506391063 1.9697715603591475 1.3000000000000491 98.47502576271755 0.023272343141408275 1.0000000180025095e-35 32.150196285977799 969.45000000000016 57.947435197667623 4.4568361175068762 1.9553345834750502 0.98296291314453421 97.941618566299269 95.537847186922718 1.0000000180025095e-35 0.60355339059327384 1.0000000180025095e-35 970.95000000000016 1.6010413278031737 -0.12186934340514725 5.4503822410139433 66.076938421294571 972.6500000000002 -0.64942331933852315 978.45000000000016 971.35000000000002
decision_type=2 2 2 2 2 2 2 2 2 2 2 2 2 2 2 2 2 2 2 2 2 2 2 2 2 2 2 2 2 2
left_child=1 9 3 4 14 -4 -3 8 15 18 -11 -9 -6 -8 -2 16 17 -7 -1 20 21 -20 -23 24 25 -21 -27 -24 -5 -18
right_child=2 6 5 28 12 7 13 11 -10 10 -12 -13 -14 -15 -16 -17 29 -19 19 23 -22 22 27 -25 -26 26 -28 -29 -30 -31
leaf_value=-0.16233445900908405 0.17100883256954455 -0.03359480917715358 0.10220684273667663 0.083111091592076303 -0.26405869286015349 0.20352005260331293 -0.070958818664838538 -0.069769281783829559 -0.19124483131643 -0.2034830264074633 -0.14937382268088004 0.093200025493525351 -0.12537165008392187 0.055956465128080737 -0.014694958458776062 -0.055571250447205137 -0.017091150387885078 0.058093574592045373 -0.13906215960124754 -0.20302848743877822 -0.23275649212655569 -0.085778912251645884 0.15192487434907395 -0.022775639512322168 -0.012615707147689094 -0.0063542664618719191 -0.17466959185070463 -0.014967629754025005 0.038250070071610603 0.058852764521219708
leaf_weight=440 23 339 2195 197 52 27 28 22 57 646 502 642 69 426 22 27 62 34 52 138 20 43 21 21 20 20 26 22 568 266
leaf_count=440 23 339 2195 197 52 27 28 22 57 646 502 642 69 426 22 27 62 34 52 138 20 43 21 21 20 20 26 22 568 266
internal_value=-0.000452531 -0.113884 0.0731016 0.020612 -0.113832 0.0877557 0.0131025 0.0597878 0.020497 -0.164959 -0.179977 0.0876961 -0.18669 0.0479794 0.0817658 0.0499108 0.0573687 0.124788 -0.143811 -0.122151 -0.08204 -0.0586437 -0.00892161 -0.149807 -0.162685 -0.178813 -0.103288 0.0680248 0.0499025 0.044474
internal_weight=7027 2764 4263 931 166 3332 793 1137 473 1971 1148 664 121 454 45 416 389 61 823 383 158 138 86 225 204 184 46 43 765 328
internal_count=7027 2764 4263 931 166 3332 793 1137 473 1971 1148 664 121 454 45 416 389 61 823 383 158 138 86 225 204 184 46 43 765 328
is_linear=0
shrinkage=0.05


Tree=54
num_leaves=31
num_cat=0
split_feature=9 13 9 13 13 14 3 14 13 13 13 13 13 11 14 14 11 14 14 3 5 14 9 5 3 6 5 11 14 11
split_gain=21177.2 6489.51 1183.49 1328.22 867.079 489.098 651.696 468.571 338.281 721.373 244.95 239.74 201.55 199.374 177.358 144.791 143.667 135.982 267.349 120.104 168.96 143.801 116.2 113.435 111.357 111.128 162.977 112.51 337.079 133.042
threshold=50.927927795553963 90.5596995938497 95.649211004137868 94.798390353760212 0.04425005506391063 2.7309947812737287 968.35000000000002 1.3000000000000491 86.449286421636828 0.023272343141408275 1.0000000180025095e-35 21.157634857887974 74.868000847569036 33.501944707248548 5.6141169687977746 1.9553345834750502 4.4568361175068762 0.49328828623154364 0.50332229568473619 990.35000000000002 0.12940952255126045 2.6689573494781178 34.444690269345777 -1.0000000180025095e-35 987.85000000000002 1.0000000180025095e-35 -0.91597561503675329 0.67430007402967873 1.7039170558843033 65.937986003119121
decision_type=2 2 2 2 2 2 2 2 2 2 2 2 2 2 2 2 2 2 2 2 2 2 2 2 2 2 2 2 2 2
left_child=1 10 3 4 15 17 -7 -3 9 13 25 -12 -6 -8 -15 -2 -9 -4 -19 20 21 22 -18 24 -5 -1 -27 28 -28 -29
right_child=2 7 5 23 12 6 8 16 -10 -11 11 -13 -14 14 -16 -17 19 18 -20 -21 -22 -23 -24 -25 -26 26 27 29 -30 -31
leaf_value=-0.1542361412080778 0.16281466060628497 -0.03376457963334608 0.1185572749170031 0.089158221607351984 -0.22189790426158762 -0.22892779259454638 0.19425453435807005 -0.061746882428114692 0.08572035277963326 -0.17299266951327974 -0.19844818495072342 -0.15095956621028137 -0.080862884886562847 0.055305952897479575 -0.05282982817695786 -0.013992153354313065 0.0022098130352941215 -0.075557232271134867 0.089724979399119942 0.14676678214470548 -0.001200729966060155 0.10499211228123702 0.10209391327165979 0.031261759455671438 0.022460727732461157 0.0043761818938785127 -0.16137184309404951 -0.15992462309201561 0.049801594229305496 -0.079561448354978831
leaf_weight=440 23 351 446 225 82 20 20 30 371 43 525 597 39 181 47 22 101 24 2180 29 143 125 40 452 88 26 42 209 33 73
leaf_count=440 23 351 446 225 82 20 20 30 371 43 525 597 39 181 47 22 101 24 2180 29 143 125 40 452 88 26 42 209 33 73
internal_value=-0.000439035 -0.108215 0.0694473 0.0195751 -0.108211 0.0833706 0.0454949 0.00984277 0.0541259 0.013673 -0.157909 -0.173342 -0.177517 0.0466233 0.0328596 0.077842 0.0425612 0.0930956 0.0878895 0.0498414 0.0426155 0.0661058 0.0311004 0.0474156 0.0705534 -0.136678 -0.116144 -0.124923 -0.068957 -0.139494
internal_weight=7027 2764 4263 931 166 3332 682 819 662 291 1945 1122 121 248 228 45 468 2650 2204 438 409 266 141 765 313 823 383 357 75 282
internal_count=7027 2764 4263 931 166 3332 682 819 662 291 1945 1122 121 248 228 45 468 2650 2204 438 409 266 141 765 313 823 383 357 75 282
is_linear=0
shrinkage=0.05


Tree=55
num_leaves=31
num_cat=0
split_feature=0 0 9 9 0 0 0 9 13 9 9 9 6 9 0 0 0 0 13 0 0 0 6 5 9 0 6 9 10 0
split_gain=31303.5 44197.7 2669.12 2382.73 1541.64 1124.99 1103.31 1012.69 563.624 561.209 533.408 524.307 350.152 271.839 254.827 202.814 183.103 178.453 147.227 139.974 138.594 119.498 116.261 110.029 106.207 103.369 98.9651 82.0178 80.119 110.383
threshold=14.382721213950706 33.515085247392115 3.768334638836135 67.516714771931916 15.586856013258206 13.446171925600426 25.88889818511127 93.429480066634895 8.9463325452962774 72.639082997253823 76.751188659347875 59.007192305190763 0.78656609248549303 50.091155101319409 11.974451615335704 10.636524060549592 24.417177874846548 15.051684991343762 1.0000000180025095e-35 12.375829881771539 15.988234279694042 17.326161834480157 -0.37940952255126015 -0.78656609248549303 26.478766625752431 14.784099480386539 0.60355339059327384 17.136580061226841 0.91534278572135452 25.487519918675439
decision_type=2 2 2 2 2 2 2 2 2 2 2 2 2 2 2 2 2 2 2 2 2 2 2 2 2 2 2 2 2 2
left_child=5 2 6 22 9 8 21 16 13 25 -7 15 -5 18 -13 27 -6 -11 -1 -16 -9 -2 -3 -8 -17 -4 -24 -10 29 -22
right_child=1 3 4 12 7 10 23 20 11 17 -12 14 -14 -15 19 24 -18 -19 -20 -21 28 -23 26 -25 -26 -27 -28 -29 -30 -31
leaf_value=-0.28917109692538223 0.031150447987020019 -0.20522185890918909 0.057907787575735718 -0.52567042468638903 0.20510708874575709 -0.028307573864957004 0.31930312331020838 0.072768480379392611 -0.1460227764837444 -0.05819280217930272 -0.15284248035901518 -0.16328591726890956 -0.33970978241185756 -0.39106198269387954 -0.3609198167829803 -0.096397908453363934 0.36397394600368682 0.030496812700775679 -0.19534823206067087 -0.23190293701117809 0.13072134582744235 0.19225964644440899 -0.28279564452313244 0.44686515860173898 -0.13878468045136752 0.13355954866192263 -0.22336838325287434 -0.18863030022763191 0.1304963153015429 0.18807079058298559
leaf_weight=53 21 282 79 88 426 242 39 100 399 110 133 130 48 22 32 306 20 115 359 108 206 26 167 86 317 114 187 187 2461 164
leaf_count=53 21 282 79 88 426 242 39 100 399 110 133 130 48 22 32 306 20 115 359 108 206 26 167 86 317 114 187 187 2461 164
internal_value=-0.000421273 0.0729033 0.140272 -0.273003 0.131468 -0.152262 0.332605 0.14268 -0.167794 0.0407523 -0.0727783 -0.152843 -0.463032 -0.218264 -0.216193 -0.138524 0.213041 -0.0129061 -0.208101 -0.263779 0.131902 0.122528 -0.231697 0.409956 -0.118161 0.103077 -0.252135 -0.159926 0.133963 0.156593
internal_weight=7027 4739 3967 772 3795 2288 172 3377 1913 418 375 1479 136 434 270 1209 446 225 412 140 2931 47 636 125 623 193 354 586 2831 370
internal_count=7027 4739 3967 772 3795 2288 172 3377 1913 418 375 1479 136 434 270 1209 446 225 412 140 2931 47 636 125 623 193 354 586 2831 370
is_linear=0
shrinkage=0.05


Tree=56
num_leaves=31
num_cat=0
split_feature=0 0 9 9 0 0 0 9 9 9 0 9 14 14 14 3 9 14 0 9 0 6 0 0 0 14 0 14 3 0
split_gain=28267.4 39915.4 2415.77 2155.52 1391.66 1024.37 996.12 914.193 527.163 522.035 491.644 434.478 428.55 313.243 251.057 233.903 194.747 186.008 181.011 181.351 168.971 164.234 164.22 161.991 160.206 152.564 152.107 140.974 140.283 139.8
threshold=14.382721213950706 33.515085247392115 3.768334638836135 67.516714771931916 15.720648768736817 13.312379170121817 25.88889818511127 93.429480066634895 70.255790035383413 93.429480066634895 5.819984863319589 94.103452799977234 2.7952334667561165 1.944649602318747 3.1358142149942365 968.35000000000002 32.334639737021092 2.7024680078279171 10.36893854959237 25.861601723753655 15.319270502300986 0.78656609248549303 14.917892235865152 24.417177874846548 11.974451615335704 3.2908965343808636 24.952348896760991 5.2624455658309026 981.85000000000002 11.974451615335704
decision_type=2 2 2 2 2 2 2 2 2 2 2 2 2 2 2 2 2 2 2 2 2 2 2 2 2 2 2 2 2 2
left_child=5 2 6 14 9 10 -2 23 -7 22 16 18 -5 -9 -3 -15 -1 -13 -12 -20 -11 -14 -4 -6 -19 -8 -17 28 -28 -21
right_child=1 3 4 12 7 8 25 13 -10 20 11 17 21 15 -16 26 -18 24 19 29 -22 -23 -24 -25 -26 -27 27 -29 -30 -31
leaf_value=-0.20672887540001669 0.11663905882897477 -0.20668770220544605 0.043125065708914265 -0.54467359675735716 0.19675200112309754 -0.029944886356454804 0.43070568306692714 0.11501288214320933 -0.14257181850144232 -0.064064342973387936 -0.16082638588449363 -0.33466977673768999 -0.42187569296637251 -0.012999942140145737 -0.30079433711727011 0.13837384566844532 -0.35265595427581248 -0.12813453355399163 -0.096364695227798641 -0.11291586952816163 0.033122441966373185 -0.25518428263201248 0.12058009891548466 0.34664185776596979 -0.28070571929216387 0.29084595504403116 0.1848112081685814 0.27478531110286714 0.083449361826377855 -0.1722598123390538
leaf_weight=258 47 548 126 60 408 260 86 2022 173 104 696 39 42 21 88 546 27 45 332 188 77 34 154 20 31 39 235 39 43 239
leaf_count=258 47 548 126 60 408 260 86 2022 173 104 696 39 42 21 88 546 27 45 332 188 77 34 154 20 31 39 235 39 43 239
internal_value=-0.000412552 0.0692655 0.133287 -0.259456 0.124911 -0.144702 0.316265 0.136171 -0.07518 0.0433519 -0.160878 -0.14969 -0.440198 0.12603 -0.220168 0.151066 -0.221756 -0.243738 -0.142091 -0.124714 -0.0227374 -0.351651 0.0860206 0.20456 -0.19327 0.389764 0.155074 0.183298 0.169506 -0.146468
internal_weight=7027 4739 3967 772 3795 2288 172 3334 433 461 1855 1570 136 2906 636 884 285 115 1455 759 181 76 280 428 76 125 863 317 278 427
internal_count=7027 4739 3967 772 3795 2288 172 3334 433 461 1855 1570 136 2906 636 884 285 115 1455 759 181 76 280 428 76 125 863 317 278 427
is_linear=0
shrinkage=0.05


Tree=57
num_leaves=31
num_cat=0
split_feature=0 0 9 9 0 0 14 9 14 9 9 14 0 13 9 0 14 0 14 14 0 14 14 0 0 0 0 9 14 14
split_gain=25524.2 36051.2 2185.63 1953.01 1258.58 927.33 912.091 828.427 494.132 473.676 441.413 387.74 332.642 317.148 296.842 324.325 296.183 236.551 227.353 193.486 189.492 154.027 154.012 150.836 148.721 143.826 126.6 134.694 125.517 114.253
threshold=14.382721213950706 33.515085247392115 3.768334638836135 67.516714771931916 15.586856013258206 13.446171925600426 3.7898905885935448 92.692745489228955 1.44222051018543 66.799531710151371 76.751188659347875 4.8242438823684672 17.861332856394601 1.0000000180025095e-35 17.670476059836822 11.974451615335704 2.8919428302325176 9.5661820167207026 3.1358142149942365 2.8160255680657533 8.7634254838490353 1.3316656236960418 1.6289055630493696 24.417177874846548 12.375829881771539 14.917892235865152 10.636524060549592 28.608131802586211 0.80208062770104227 3.6129394429070785
decision_type=2 2 2 2 2 2 2 2 2 2 2 2 2 2 2 2 2 2 2 2 2 2 2 2 2 2 2 2 2 2
left_child=5 2 6 18 9 8 -2 23 26 22 -7 -5 -8 -10 20 17 19 -16 28 21 -15 -9 -4 29 -17 -11 -1 -28 -3 -6
right_child=1 3 4 11 7 10 12 16 13 25 -12 -13 -14 14 15 24 -18 -19 -20 -21 -22 -23 -24 -25 -26 -27 27 -29 -30 -31
leaf_value=-0.14443918847902257 0.38912410425483634 -0.15838313420498096 0.13882956951229927 -0.47588318717976413 0.19865340830403166 -0.024897103092447307 -0.020737809567224416 0.10404000347903397 -0.30585431814193725 -0.052659937469194645 -0.13818199390391714 -0.27770559808328038 0.22314640184202128 -0.17119594873180466 -0.21584785214862467 -0.35645658392655222 0.15761817865690284 -0.12932968402303063 -0.28592360670646921 -0.024875885981779835 -0.10619554481158654 0.13026467295502489 0.034314503400163218 0.33013509709210626 -0.22775499115819514 0.023922576635283483 -0.073802572303658165 -0.12876433300798748 -0.21312541280789354 0.12743806936515448
leaf_weight=461 108 171 106 95 340 242 20 1557 46 98 133 41 44 251 160 37 434 171 88 25 218 924 54 20 91 160 193 285 377 77
leaf_count=461 108 171 106 95 340 242 20 1557 46 98 133 41 44 251 160 37 434 171 88 25 218 924 54 20 91 160 193 285 377 77
internal_value=-0.000402377 0.0658085 0.126652 -0.246596 0.118686 -0.137512 0.300697 0.128816 -0.151614 0.036719 -0.0653494 -0.418638 0.147709 -0.176716 -0.169987 -0.198935 0.119181 -0.17169 -0.2092 0.112462 -0.141283 0.113857 0.104019 0.193205 -0.267471 -0.00523861 -0.12541 -0.106784 -0.196372 0.185852
internal_weight=7027 4739 3967 772 3795 2288 172 3377 1913 418 375 136 64 974 928 459 2940 331 636 2506 469 2481 160 437 128 258 939 478 548 417
internal_count=7027 4739 3967 772 3795 2288 172 3377 1913 418 375 136 64 974 928 459 2940 331 636 2506 469 2481 160 437 128 258 939 478 548 417
is_linear=0
shrinkage=0.05


Tree=58
num_leaves=31
num_cat=0
split_feature=0 0 9 9 0 0 0 9 9 9 0 14 9 14 0 0 14 3 14 9 14 0 0 11 0 14 0 0 0 0
split_gain=23047.3 32557.4 1976.06 1766.56 1143.11 844.384 826.528 749.199 515.222 449.052 392.855 367.758 295.628 263.444 244.334 231.152 205.797 194.552 181.918 150.362 148.809 141.765 140.34 138.856 134.809 127.995 119.227 128.102 248.645 175.539
threshold=14.382721213950706 33.515085247392115 3.768334638836135 67.516714771931916 15.720648768736817 13.044793659164593 25.88889818511127 93.429480066634895 93.429480066634895 93.429480066634895 5.819984863319589 2.7952334667561165 71.242412133996325 1.3316656236960418 24.952348896760991 11.974451615335704 3.1358142149942365 969.05000000000007 3.935098422706091 57.045967192991931 5.2624455658309026 15.319270502300986 14.784099480386539 83.487781493857867 24.417177874846548 3.2908965343808636 10.235145794113759 11.974451615335704 12.242037126292926 11.57307334889987
decision_type=2 2 2 2 2 2 2 2 2 2 2 2 2 2 2 2 2 2 2 2 2 2 2 2 2 2 2 2 2 2
left_child=5 2 6 16 9 10 -2 24 19 22 18 -5 26 -9 17 23 -3 -15 -1 -7 -16 -11 -4 -14 -6 -8 -12 29 -29 -28
right_child=1 3 4 11 7 8 25 13 -10 21 12 -13 15 14 20 -17 -18 -19 -20 -21 -22 -23 -24 -25 -26 -27 27 28 -30 -31
leaf_value=-0.18364187347452815 0.1040472896086673 -0.18658782428513895 0.031883311967764581 -0.4944822799182329 0.1777676067829205 -0.024620432836433448 0.39018535964790435 0.099435249150911273 -0.16786322124544328 -0.060289444869118081 -0.14402368780478467 -0.31630208362232559 -0.19883121450664476 -0.038605695168177287 0.14958292149699162 -0.2760212224163115 -0.27178805753086394 0.11729672293674426 -0.30258754422024986 -0.088119958389144978 0.25370564005523921 0.028734872574703054 0.10556161532715216 -0.079478008496490393 0.31441438580730136 0.26246927422657612 -0.11555227910629087 -0.23050887099901832 -0.11378107826047662 -0.041253077042653519
leaf_weight=245 47 548 104 60 408 259 86 1541 114 104 647 76 63 20 454 63 88 852 40 146 39 77 176 43 20 39 276 59 219 114
leaf_count=245 47 548 104 60 408 259 86 1541 114 104 647 76 63 20 454 63 88 852 40 146 39 77 176 43 20 39 276 59 219 114
internal_value=-0.000394456 0.0625218 0.120342 -0.234359 0.112767 -0.130682 0.285833 0.122972 -0.0743639 0.0388487 -0.14715 -0.397983 -0.136609 0.113791 0.12991 -0.199398 -0.198793 0.113675 -0.201353 -0.0476846 0.158327 -0.02244 0.078424 -0.151656 0.184883 0.352777 -0.12839 -0.113049 -0.13931 -0.0940079
internal_weight=7027 4739 3967 772 3795 2288 172 3334 519 461 1769 136 1484 2906 1365 169 636 872 285 405 493 181 280 106 428 125 1315 668 278 390
internal_count=7027 4739 3967 772 3795 2288 172 3334 519 461 1769 136 1484 2906 1365 169 636 872 285 405 493 181 280 106 428 125 1315 668 278 390
is_linear=0
shrinkage=0.05


Tree=59
num_leaves=31
num_cat=0
split_feature=0 0 9 9 0 0 14 9 14 9 14 9 0 14 9 0 0 0 14 0 3 0 0 0 5 0 9 0 14 14
split_gain=20811.9 29401.9 1787.85 1598.72 1031.75 789.596 755.64 677.642 456.585 418.81 340.927 325.962 290.823 239.954 239.648 238.061 199.818 256.621 199.122 199.112 210.183 187.851 174.474 151.313 130.455 125.017 189.796 121.572 121.475 116.657
threshold=14.382721213950706 33.515085247392115 3.768334638836135 67.516714771931916 15.720648768736817 13.579964681079039 3.7898905885935448 92.692745489228955 1.44222051018543 66.799531710151371 6.1447808621297453 57.045967192991931 17.861332856394601 2.0120466668265702 12.446535787432124 7.2917051735843117 4.3482645530548654 11.974451615335704 0.98657657246324848 24.952348896760991 969.75000000000011 9.6999747721993135 12.375829881771539 15.051684991343762 -0.70710678118654735 12.509622637250152 56.260192489993123 24.417177874846548 1.6289055630493696 2.7309947812737287
decision_type=2 2 2 2 2 2 2 2 2 2 2 2 2 2 2 2 2 2 2 2 2 2 2 2 2 2 2 2 2 2
left_child=5 2 6 18 9 8 -2 27 25 28 29 -7 -8 -9 15 -10 -16 21 -3 20 -15 -18 -19 -11 -20 -1 -27 -6 -4 -5
right_child=1 3 4 10 7 11 12 13 14 23 -12 -13 -14 19 16 -17 17 22 24 -21 -22 -23 -24 -25 -26 26 -28 -29 -30 -31
leaf_value=-0.12131331793604845 0.35224101544520181 -0.14934095049434237 0.13063473073156043 -0.47300666542376502 0.16952896139975637 0.0081171531511677643 -0.024704927901426952 0.099019538963961748 -0.17274228570149772 -0.038337680564848368 -0.19024274316926801 -0.093629178219916009 0.20310170411401327 -0.041267868795178152 -0.32477376394271856 -0.097977939345702827 -0.18685409619783364 -0.32739100192722526 -0.27535036577305322 0.16337229232162143 0.11832015418409599 -0.11433544534440759 -0.19696455310781796 0.033642469206524715 -0.19580434135375846 -0.047968488561920826 -0.15001049199471109 0.2994422630752836 0.041112072897586421 -0.34562616999660217
leaf_weight=746 108 224 109 58 399 134 20 2084 198 134 23 189 44 21 24 244 191 37 70 308 502 183 119 158 342 159 64 20 60 55
leaf_count=746 108 224 109 58 399 134 20 2084 198 134 23 189 44 21 24 244 191 37 70 308 502 183 119 158 342 159 64 20 60 55
internal_value=-0.00038419 0.059403 0.11435 -0.222724 0.107145 -0.124192 0.271763 0.11684 -0.136105 0.0369182 -0.378382 -0.0515084 0.13255 0.108213 -0.16 -0.131795 -0.182216 -0.175151 -0.188889 0.131117 0.111836 -0.151783 -0.229819 0.00057531 -0.209966 -0.111399 -0.0778154 0.17644 0.0993097 -0.414627
internal_weight=7027 4739 3967 772 3795 2288 172 3334 1965 461 136 323 64 2915 996 442 554 530 636 831 523 374 156 292 412 969 223 419 169 113
internal_count=7027 4739 3967 772 3795 2288 172 3334 1965 461 136 323 64 2915 996 442 554 530 636 831 523 374 156 292 412 969 223 419 169 113
is_linear=0
shrinkage=0.05


Tree=60
num_leaves=31
num_cat=0
split_feature=0 0 0 0 0 0 14 14 13 0 14 3 2 14 0 10 14 0 10 10 14 0 2 14 3 14 14 0 0 0
split_gain=18791.3 26556.1 1261.37 713.173 482.846 454.013 413.051 278.241 267.297 231.494 222.083 203.591 198.835 187.668 182.681 408.204 155.03 152.167 124.525 122.465 117.485 112.593 105.974 105.486 123.114 99.5233 88.4764 88.4296 241.137 213.144
threshold=14.382721213950706 33.515085247392115 15.720648768736817 13.579964681079039 30.839230137819886 36.458525867921558 1.44222051018543 1.1015141094572869 1.0000000180025095e-35 24.952348896760991 2.1656407827708004 968.75000000000011 -0.63605400036818849 5.9311318167520559 29.501302583033773 99.813544625305724 0.80208062770104227 15.051684991343762 98.09438942876838 1.3759494204810943 0.81445278152469569 12.509622637250152 -0.5663846699108962 1.7039170558843033 981.6500000000002 0.78102496759059692 2.8919428302325176 11.974451615335704 11.439280593421261 12.242037126292926
decision_type=2 2 2 2 2 2 2 2 2 2 2 2 2 2 2 2 2 2 2 2 2 2 2 2 2 2 2 2 2 2
left_child=3 2 17 6 7 12 21 14 26 11 -7 -9 25 23 -4 -16 -6 -2 22 -12 -5 -1 -18 -11 -25 -3 -8 28 -10 -29
right_child=1 5 4 20 16 10 8 9 27 13 19 -13 -14 -15 15 -17 18 -19 -20 -21 -22 -23 -24 24 -26 -27 -28 29 -30 -31
leaf_value=-0.11525577210608018 0.0048479254679724337 -0.15449723847602545 0.099913937578044634 -0.0047426284906955871 0.11222906559531112 -0.15938670843751993 -0.18624404177069664 -0.038235826167193322 -0.14617747463486605 0.11327041519545643 -0.18093364373705853 0.11686470719736818 -0.33882763991108189 0.28240972899964878 0.092387498757905445 -0.1631416756862944 0.28005658698000319 0.061473724746173776 0.16200092579357991 -0.26879128860660118 -0.06950264232629294 -0.073969897516840966 0.16013001903665791 0.17449414487674439 0.085236248603584822 -0.25610327480898964 -0.34315465196967132 -0.29265080010189731 -0.045647694831714034 -0.1528540195746666
leaf_weight=746 247 37 1197 103 63 339 23 21 658 178 86 1380 76 27 53 21 72 228 100 100 220 223 32 300 48 134 23 33 67 192
leaf_count=746 247 37 1197 103 63 339 23 21 658 178 86 1380 76 27 53 21 72 228 100 100 220 223 32 300 48 134 23 33 67 192
internal_value=-0.000379132 0.0564316 0.108652 -0.118023 0.11905 -0.211695 -0.129345 0.113623 -0.152073 0.125548 -0.184583 0.114511 -0.268325 0.153244 0.0952018 0.0185974 0.183911 0.0321109 0.205368 -0.22938 -0.0489454 -0.105846 0.24508 0.146081 0.162477 -0.235173 -0.270438 -0.146058 -0.13697 -0.174584
internal_weight=7027 4739 3967 2288 3492 772 1965 3225 996 1954 525 1401 247 553 1271 74 267 475 204 186 323 969 104 526 348 171 46 950 725 225
internal_count=7027 4739 3967 2288 3492 772 1965 3225 996 1954 525 1401 247 553 1271 74 267 475 204 186 323 969 104 526 348 171 46 950 725 225
is_linear=0
shrinkage=0.05


Tree=61
num_leaves=31
num_cat=0
split_feature=0 0 9 9 0 0 0 9 9 0 9 14 9 14 14 14 9 0 9 0 0 5 14 2 14 0 0 14 0 0
split_gain=16966.2 23984.2 1556.05 1390.67 862.876 717.161 644.007 576.784 406.542 419.376 360.352 306.26 292.342 204.424 174.439 169.14 127.675 122.809 122.426 117.381 114.744 112.726 109.503 109.06 105.095 138.387 129.367 96.6036 96.4372 93.9079
threshold=14.382721213950706 33.515085247392115 11.391137530829257 67.516714771931916 15.720648768736817 25.75510542963266 13.579964681079039 93.429480066634895 92.692745489228955 9.1648037502848698 93.429480066634895 6.1447808621297453 57.045967192991931 3.0816660261399726 3.9929103838344568 0.80208062770104227 29.990248807981875 16.79099081256571 25.360440903574794 14.917892235865152 15.319270502300986 -0.70710678118654735 1.9857828011475336 -0.59480013772226059 0.7702539811708039 11.974451615335704 11.305487837942648 2.5990381056766223 12.643415392728761 12.375829881771539
decision_type=2 2 2 2 2 2 2 2 2 2 2 2 2 2 2 2 2 2 2 2 2 2 2 2 2 2 2 2 2 2
left_child=6 2 5 15 10 14 8 -6 9 18 19 22 -8 -9 -2 -3 28 -16 -1 -4 -12 -17 -5 -7 -18 26 -26 -10 -11 -27
right_child=1 3 4 11 7 23 12 13 27 16 20 -13 -14 -15 17 21 24 -19 -20 -21 -22 -23 -24 -25 25 29 -28 -29 -30 -31
leaf_value=-0.13759084184186929 0.22541095240549611 -0.1255151853207932 0.031086085611173226 -0.47263162482868543 0.16019987896327156 0.34821054412657959 0.0099404478147625923 0.091721344175467026 -0.2616502000391483 -0.090440841226108085 -0.057482369587180164 -0.16893933570943775 -0.086401705865307071 0.13158474659211242 -0.039901796820617855 -0.24257151851058004 -0.079493834308766095 0.11945369689628998 -0.20126179695129395 0.097619647822670033 0.022621711330154004 -0.1733094840040503 -0.33885206799681594 0.23617140831506772 -0.13162058352333744 -0.24054284952782298 -0.041982895048364763 -0.16978533165655485 -0.038035190270367003 -0.14311510481035122
leaf_weight=633 21 171 123 32 414 82 134 2530 51 509 104 23 189 376 20 79 144 28 92 147 77 386 81 45 122 36 62 95 109 112
leaf_count=633 21 171 123 32 414 82 134 2530 51 509 104 23 189 376 20 79 144 28 92 147 77 386 81 45 122 36 62 95 109 112
internal_value=-0.000369173 0.0536122 0.103239 -0.2012 0.0960468 0.240409 -0.112154 0.104862 -0.122913 -0.116336 0.0310536 -0.34633 -0.0465104 0.0969244 0.108361 -0.169663 -0.0965951 0.0534943 -0.145943 0.0675549 -0.0234404 -0.185583 -0.380594 0.310706 -0.116254 -0.131896 -0.101834 -0.203471 -0.0812822 -0.168303
internal_weight=7027 4739 3967 772 3771 196 2288 3320 1965 1819 451 136 323 2906 69 636 1094 48 725 270 181 465 113 127 476 332 184 146 618 148
internal_count=7027 4739 3967 772 3771 196 2288 3320 1965 1819 451 136 323 2906 69 636 1094 48 725 270 181 465 113 127 476 332 184 146 618 148
is_linear=0
shrinkage=0.05


Tree=62
num_leaves=31
num_cat=0
split_feature=0 0 0 9 9 0 13 9 0 9 6 0 9 9 2 5 9 0 13 9 7 0 0 9 9 0 0 0 0 0
split_gain=15318.8 21395.9 1410.31 1725.16 1259.85 767.388 490.161 427.311 390.27 316.212 268.841 255.68 216.676 132.568 126.997 120.026 112.239 114.92 103.258 94.7503 91.3842 71.401 81.8873 67.942 88.8894 64.2821 63.01 103.587 57.6199 123.165
threshold=14.248928458472095 33.515085247392115 15.185477746822373 69.267621499667371 67.516714771931916 24.952348896760991 11.897521560655624 94.103452799977234 13.446171925600426 94.874454504754127 0.78656609248549303 15.988234279694042 50.091155101319409 93.429480066634895 -0.66259481767468253 -0.78656609248549303 25.861601723753655 11.037902326985426 1.0000000180025095e-35 52.990053151723039 0.25000000000000011 17.326161834480157 15.85444152421543 57.827491105447372 17.670476059836822 42.077821598023228 13.847550192036261 11.974451615335704 10.770316816028204 11.974451615335704
decision_type=2 2 2 2 2 2 2 2 2 2 2 2 2 2 2 2 2 2 2 2 2 2 2 2 2 2 2 2 2 2
left_child=6 2 9 5 14 21 12 8 16 23 -6 -5 18 -13 -3 -7 17 -8 -1 -10 -17 22 -4 24 -2 -16 27 -9 -18 -30
right_child=1 4 3 11 10 15 7 26 19 -11 -12 13 -14 -15 25 20 28 -19 -20 -21 -22 -23 -24 -25 -26 -27 -28 -29 29 -31
leaf_value=-0.21300031594656132 -0.023560025771813736 -0.14908421202522257 0.12786938772186057 0.039836088371078902 -0.38284626055299564 0.21600669419311957 -0.09961323818349023 -0.12584748017136008 -0.0010439646551317543 -0.069090583419935278 -0.22543057715482251 0.14288071237319494 -0.30029573493003847 0.09328304319634427 -0.22928237149491904 0.36031016632488799 -0.14244880884111702 -0.057693462039106684 -0.13620418610523888 -0.065389429154321374 0.22480103616714478 0.1226776848358216 0.19813911270793705 0.0047612166688389456 0.07699978154144009 -0.14165403193718681 -0.10977662734179335 -0.21801577964981833 -0.067191097238982048 -0.12474841022088441
leaf_weight=53 27 505 76 222 88 45 485 55 136 109 48 145 24 2831 95 69 153 256 401 98 24 138 125 119 107 36 43 90 147 277
leaf_count=53 27 505 76 222 88 45 485 55 136 109 48 145 24 2831 95 69 153 256 401 98 24 138 125 119 107 36 43 90 147 277
internal_value=-0.000363571 0.0497708 0.0958967 0.10517 -0.19124 0.193863 -0.109039 -0.0965993 -0.0878605 0.00171537 -0.329375 0.0918823 -0.154016 0.0957485 -0.161223 0.293439 -0.0984236 -0.0852348 -0.145629 -0.0281769 0.328157 0.15257 0.172359 0.0323923 0.0566763 -0.206495 -0.167868 -0.184191 -0.115176 -0.10501
internal_weight=7027 4809 4037 3675 772 477 2218 1740 1552 362 136 3198 478 2976 636 138 1318 741 454 234 93 339 201 253 134 131 188 145 577 424
internal_count=7027 4809 4037 3675 772 477 2218 1740 1552 362 136 3198 478 2976 636 138 1318 741 454 234 93 339 201 253 134 131 188 145 577 424
is_linear=0
shrinkage=0.05


Tree=63
num_leaves=31
num_cat=0
split_feature=0 0 9 9 0 14 0 9 9 9 14 0 0 14 9 0 14 0 9 6 14 14 0 0 1 14 9 9 14 0
split_gain=13844.3 19568 1272.82 1139.59 701.156 602.934 532.244 473.039 394.704 300.667 278.857 268.807 262.538 190.088 184.077 216.027 163.59 148.056 142.462 140.018 128.808 120.5 116.019 100.81 98.726 97.434 121.855 96.8459 119.979 92.8986
threshold=14.382721213950706 33.515085247392115 11.391137530829257 67.516714771931916 15.720648768736817 3.7898905885935448 12.911000903685983 92.692745489228955 86.495046505340113 93.429480066634895 2.7952334667561165 5.819984863319589 16.389612546129879 5.1133746457258722 41.484370443140769 11.974451615335704 3.2908965343808636 11.439280593421261 32.334639737021092 0.37940952255126048 1.1590225767142606 0.850490054811195 13.71375743655765 14.784099480386539 -0.74892720285008318 1.8488730364619066 70.255790035383413 55.219650550459725 2.5106440076867389 14.784099480386539
decision_type=2 2 2 2 2 2 2 2 2 2 2 2 2 2 2 2 2 2 2 2 2 2 2 2 2 2 2 2 2 2
left_child=6 2 5 16 9 -2 11 25 22 23 -5 18 -7 20 -13 17 24 -16 -1 -12 -9 -17 27 -4 -3 26 -6 28 -8 -11
right_child=1 3 4 10 7 12 8 13 -10 29 19 14 -14 -15 15 21 -18 -19 -20 -21 -22 -23 -24 -25 -26 -27 -28 -29 -30 -31
leaf_value=-0.14752970191330061 0.2876537977879246 -0.19553028103055023 0.021909545419683443 -0.39623949910773604 0.21878220497142697 -0.04772093869390942 -0.019602978505296676 0.073848475759893922 -0.13072836647478775 -0.09235876016520167 -0.33695727441992079 -0.095575969740186784 0.16018531610996561 0.16326483620830423 -0.13031988836330932 -0.097221416615911077 -0.22086534923169673 -0.03695879348878877 -0.27069304994174415 -0.18566890857517721 0.095468446086689931 -0.21704390090071796 -0.0035694312122034133 0.085206789446652997 -0.13354954057045673 0.12112434204135623 0.13429360206473931 -0.10276163690816612 -0.12871723516782127 -0.0035290723875777367
leaf_weight=258 119 81 102 60 83 20 162 1330 147 36 27 1052 57 81 180 30 81 57 27 49 1504 98 169 168 474 216 106 79 29 145
leaf_count=258 119 81 102 60 83 20 162 1330 147 36 27 1052 57 81 180 30 81 57 27 49 1504 98 169 168 474 216 106 79 29 145
internal_value=-0.000354746 0.0484078 0.093234 -0.181752 0.0867286 0.217295 -0.101333 0.0946751 -0.0600551 0.0281396 -0.31313 -0.115498 0.1062 0.0875755 -0.106413 -0.137289 -0.153203 -0.108137 -0.160121 -0.243159 0.0853536 -0.189971 -0.0361353 0.061482 -0.14294 0.145421 0.17238 -0.0564123 -0.0367802 -0.0216347
internal_weight=7027 4739 3967 772 3771 196 2288 3320 586 451 136 1702 77 2915 1417 365 636 237 285 76 2834 128 439 270 555 405 189 270 191 181
internal_count=7027 4739 3967 772 3771 196 2288 3320 586 451 136 1702 77 2915 1417 365 636 237 285 76 2834 128 439 270 555 405 189 270 191 181
is_linear=0
shrinkage=0.05


Tree=64
num_leaves=31
num_cat=0
split_feature=0 0 9 9 0 0 0 9 9 9 0 9 6 0 9 0 2 0 2 11 0 13 0 5 0 9 0 0 11 0
split_gain=12499.5 17675.3 1150.38 1032.5 633.014 545.156 484.817 428.072 278.101 275.082 269.112 260.627 233.647 172.82 166.278 118.822 109.314 101.175 96.9361 93.5181 88.9304 80.8729 72.9763 70.1944 66.2014 65.5516 71.9028 63.8902 64.1762 62.8066
threshold=14.382721213950706 33.515085247392115 11.391137530829257 94.523829473393974 15.720648768736817 25.75510542963266 13.312379170121817 93.429480066634895 72.639082997253823 70.255790035383413 6.7565341516698663 57.827491105447372 0.78656609248549303 11.974451615335704 42.033519221038368 14.917892235865152 -0.47714059151611382 15.85444152421543 -0.59480013772226059 83.155753283110883 12.77720814820737 1.0000000180025095e-35 24.015799608410713 -0.78656609248549303 12.375829881771539 25.861601723753655 10.636524060549592 14.784099480386539 65.538172084332032 17.99512561187321
decision_type=2 2 2 2 2 2 2 2 2 2 2 2 2 2 2 2 2 2 2 2 2 2 2 2 2 2 2 2 2 2
left_child=6 2 5 16 8 17 10 22 27 -8 14 20 -5 19 21 -10 -3 -2 23 -13 25 -1 29 -7 -15 26 -12 -4 -29 -6
right_child=1 3 4 12 7 18 9 -9 15 -11 11 13 -14 24 -16 -17 -18 -19 -20 -21 -22 -23 -24 -25 -26 -27 -28 28 -30 -31
leaf_value=-0.19496551826044367 0.016981030348046072 -0.13708174183448454 0.036140454258196633 -0.34981746339249886 0.14582219030803595 0.20674414393694507 -0.015823030719637043 0.083115339284800943 -0.058274933649580696 -0.09715142985848689 -0.094022974540277179 -0.13694688715126321 -0.20197407646492749 -0.25243292671261414 -0.28431941475187034 0.015155352973328024 -0.19922819473770226 0.14058369670595444 0.19919578860797316 -0.05293982148555846 -0.045385297615425431 -0.12572915523866049 0.2307024998285554 0.33363328196963327 -0.16080764113182433 -0.11083290192425976 -0.060136359033853892 0.067359374754808174 0.1478321524821222 0.1001699104269997
leaf_weight=53 28 551 77 86 272 22 260 2906 78 173 510 86 47 32 20 181 88 41 45 57 118 324 21 60 88 328 239 76 39 121
leaf_count=53 28 551 77 86 272 22 260 2906 78 173 510 86 47 32 20 181 88 41 45 57 118 324 21 60 88 328 239 76 39 121
internal_value=-0.000348971 0.0459848 0.088588 -0.172761 0.0824033 0.206532 -0.0962977 0.0899539 0.0267333 -0.0484773 -0.107425 -0.0973306 -0.299507 -0.142584 -0.144148 -0.00707864 -0.145946 0.0914566 0.267811 -0.104096 -0.0872561 -0.135966 0.137628 0.302551 -0.187167 -0.0917927 -0.0833113 0.0721705 0.0957324 0.132069
internal_weight=7027 4739 3967 772 3771 196 2288 3320 451 433 1855 1458 133 263 397 259 639 69 127 143 1195 377 414 82 120 1077 749 192 115 393
internal_count=7027 4739 3967 772 3771 196 2288 3320 451 433 1855 1458 133 263 397 259 639 69 127 143 1195 377 414 82 120 1077 749 192 115 393
is_linear=0
shrinkage=0.05


Tree=65
num_leaves=31
num_cat=0
split_feature=0 0 0 11 13 11 0 0 0 11 11 3 13 0 6 6 11 5 11 0 0 0 3 11 0 0 0 11 6 0
split_gain=11296 15767.4 1054.09 382.193 375.867 345.406 335.198 225.204 200.143 187.951 134.068 253.102 125.66 108.272 98.7837 97.6606 94.3624 91.7345 84.3828 80.8135 118.544 177.498 79.7101 73.4148 72.5225 144.58 73.8371 71.0443 74.5173 71.0057
threshold=14.248928458472095 33.515085247392115 15.185477746822373 16.505354654652766 16.754446268631131 49.862219011660549 24.952348896760991 36.458525867921558 13.71375743655765 50.131359211815813 95.314703660012043 968.35000000000002 1.0000000180025095e-35 27.761996761811826 -0.37940952255126015 -0.12940952255126037 16.127765286841971 -0.70710678118654735 59.480923967744836 12.509622637250152 11.974451615335704 11.57307334889987 971.75000000000011 51.632340054316536 11.974451615335704 12.375829881771539 11.305487837942648 85.684356921407883 0.37940952255126048 12.108244370814317
decision_type=2 2 2 2 2 2 2 2 2 2 2 2 2 2 2 2 2 2 2 2 2 2 2 2 2 2 2 2 2 2
left_child=4 2 23 15 12 6 -4 27 18 -7 11 -11 14 -13 -1 -3 -8 -9 19 20 21 -6 -15 -2 26 -26 -20 -5 -29 -22
right_child=1 3 5 7 8 9 16 17 -10 10 -12 13 -14 22 -16 -17 -18 -19 24 -21 29 -23 -24 -25 25 -27 -28 28 -30 -31
leaf_value=-0.13574277067324148 0.033523923640067767 -0.096536915075320473 0.095176749014915032 -0.21299858467184382 -0.089540508426105669 -0.040244280080641466 0.23285727770597331 -0.24187308039930133 -0.031959004472022566 -0.063672443199157713 0.073672486908118728 0.09223207134992982 -0.12109198491806746 0.20513096210930282 -0.27928100495338443 -0.16001053247290353 0.15194229114325719 -0.15167782770512442 -0.098013485248922477 -0.051220100774868008 -0.20786722101014241 -0.01214781059036878 0.11706363836497616 -0.014555732466427513 -0.19644181751347378 -0.10361748262341933 -0.035722148557121934 -0.36475715269645059 -0.21809406486374364 -0.10675563452481214
leaf_weight=31 116 194 417 138 518 30 50 35 182 24 1507 1253 496 33 24 95 199 261 208 220 28 87 162 246 52 250 64 23 26 58
leaf_count=31 116 194 417 138 518 30 50 35 182 24 1507 1253 496 33 24 95 199 261 208 220 28 87 162 246 52 250 64 23 26 58
internal_value=-0.000337743 0.0427134 0.0823102 -0.164181 -0.0936593 0.0903269 0.123026 -0.191563 -0.0817186 0.0830494 0.0843058 0.095131 -0.129563 0.0978087 -0.202336 -0.117899 0.169077 -0.163138 -0.0877881 -0.0780777 -0.0865351 -0.078458 0.132963 0.000887144 -0.103028 -0.120213 -0.0835596 -0.235423 -0.292954 -0.141744
internal_weight=7027 4809 4037 772 2218 3675 666 483 1667 3009 2979 1472 551 1448 55 289 249 296 1485 911 691 605 195 362 574 302 272 187 49 86
internal_count=7027 4809 4037 772 2218 3675 666 483 1667 3009 2979 1472 551 1448 55 289 249 296 1485 911 691 605 195 362 574 302 272 187 49 86
is_linear=0
shrinkage=0.05


Tree=66
num_leaves=31
num_cat=0
split_feature=0 0 0 0 11 11 0 0 2 11 11 3 5 5 13 0 6 6 0 11 11 6 11 3 10 0 1 0 0 0
split_gain=10207.5 14545.4 550.239 474.291 347.391 345.697 240.128 232.551 216.462 171.591 151.542 274.29 125.984 111.699 94.4403 89.7683 89.5875 88.294 85.9017 85.5959 67.2871 66.3721 63.2907 62.5523 60.5917 60.071 54.9039 52.5957 270.933 213.141
threshold=14.516513969429317 33.515085247392115 15.988234279694042 13.579964681079039 49.862219011660549 16.505354654652766 6.7565341516698663 24.952348896760991 -0.5663846699108962 50.131359211815813 97.841302039970671 968.1500000000002 0.91597561503675362 -0.60355339059327362 1.0000000180025095e-35 15.051684991343762 -0.37940952255126015 -0.12940952255126037 27.761996761811826 16.127765286841971 11.617639171237975 0.78656609248549303 83.290261016161182 971.75000000000011 7.8461314493407182 18.128918367351819 0.95878322595067733 11.974451615335704 12.108244370814317 11.439280593421261
decision_type=2 2 2 2 2 2 2 2 2 2 2 2 2 2 2 2 2 2 2 2 2 2 2 2 2 2 2 2 2 2
left_child=3 2 15 6 7 17 14 25 12 -6 11 -11 13 -7 16 -2 -1 -3 -13 -9 -8 -21 -15 -20 -24 -4 -17 29 -29 -22
right_child=1 5 4 -5 9 8 20 19 -10 10 -12 18 -14 22 -16 26 -18 -19 23 21 27 -23 24 -25 -26 -27 -28 28 -30 -31
leaf_value=-0.12916773104821916 0.0081417170980139005 -0.091734821792262111 0.11967457285748338 -0.033669040989547448 -0.038417159855365757 -0.22851447374924372 -0.058293538662921834 0.22144270207075514 -0.24461832691516194 -0.082356861762025141 0.070132529004355654 0.091206935173768128 -0.26312891883234824 -0.13007197014366587 -0.11990251862424978 0.056155325876240829 -0.26587551646232604 -0.1520933438371867 0.1871414965038237 0.13319081936590374 -0.093519980200296129 0.2332040443874541 -0.12153767792951493 0.11261994553221898 -0.24888284307387143 0.076571142971515654 -0.012985262533184142 -0.22031242215115091 -0.091795871844670779 -0.025788376666139812
leaf_weight=31 200 194 158 370 29 45 193 50 111 21 1304 1204 30 251 342 324 24 95 37 179 743 20 20 175 26 188 31 45 448 139
leaf_count=31 200 194 158 370 29 45 193 50 111 21 1304 1204 30 251 342 324 24 95 37 179 743 20 20 175 26 188 31 45 448 139
internal_value=-0.000335812 0.0421738 0.0812464 -0.0857393 0.0888565 -0.156068 -0.0955192 0.123633 -0.18211 0.0813426 0.0826251 0.0939012 -0.162839 -0.153286 -0.130444 0.0350206 -0.192594 -0.112049 0.096575 0.160701 -0.0865959 0.144383 -0.141142 0.126467 -0.197386 0.0965568 0.0500841 -0.0905196 -0.103959 -0.0828927
internal_weight=7027 4692 3920 2335 3365 772 1965 595 483 2770 2741 1437 372 342 397 555 55 289 1416 249 1568 199 297 212 46 346 355 1375 493 882
internal_count=7027 4692 3920 2335 3365 772 1965 595 483 2770 2741 1437 372 342 397 555 55 289 1416 249 1568 199 297 212 46 346 355 1375 493 882
is_linear=0
shrinkage=0.05


Tree=67
num_leaves=31
num_cat=0
split_feature=0 0 9 9 14 0 14 9 0 14 13 0 9 9 0 9 14 0 0 14 14 0 0 0 0 14 11 14 14 5
split_gain=9215.28 13140.4 987.062 844.95 497.285 438.598 430.904 307.241 266.65 252.442 200.515 194.601 185.848 169.584 191.138 168.053 167.188 152.775 152.639 146.745 146.168 136.487 144.954 162.648 126.783 122.715 114.729 110.087 97.2612 92.1191
threshold=14.516513969429317 33.515085247392115 33.002368592365222 94.523829473393974 3.0816660261399726 15.988234279694042 1.1718930554164506 93.429480066634895 12.509622637250152 6.1447808621297453 1.0000000180025095e-35 15.586856013258206 81.354789141006933 24.966218596309922 10.36893854959237 92.692745489228955 1.3316656236960418 16.389612546129879 24.952348896760991 0.98657657246324848 1.6289055630493696 13.847550192036261 11.974451615335704 9.6999747721993135 12.242037126292926 3.7305044528928089 32.065511881209396 5.2624455658309026 1.6502525059315416 -0.70710678118654735
decision_type=2 2 2 2 2 2 2 2 2 2 2 2 2 2 2 2 2 2 2 2 2 2 2 2 2 2 2 2 2 2
left_child=6 2 4 19 17 12 8 28 -1 -5 -8 -6 20 14 -12 -10 -9 -2 -18 -3 -4 22 23 -15 -24 -16 -13 -20 -7 -21
right_child=1 3 5 9 11 7 10 16 15 -11 13 26 -14 21 25 -17 18 -19 27 29 -22 -23 24 -25 -26 -27 -28 -29 -30 -31
leaf_value=-0.076859293676485266 0.14957297799177469 -0.090667755101621159 0.087525958735367351 -0.29280802276282181 -0.033437438948700819 0.15471061364437144 -0.20089110039174557 0.059944248558749393 -0.013253262969068228 -0.097511576136404821 -0.097156820642216091 0.073607415964324338 0.0016757007676222531 -0.14362319829527823 -0.02922482897995364 -0.1386020484309772 0.071335150681027581 0.26523823016122278 0.099312089812174278 -0.19490560709205393 -0.02965268190385717 -0.058665028964121325 -0.26623543529510502 -0.071270425059051512 -0.14163250753303108 -0.15121068467264592 0.17210713281987178 0.18776097125560046 0.09723007295356062 -0.13024207237198257
leaf_weight=585 47 224 144 112 23 143 47 1494 350 21 458 62 304 139 212 28 844 101 454 72 32 96 24 185 189 22 61 39 172 343
leaf_count=585 47 224 144 112 23 143 47 1494 350 21 458 62 304 139 212 28 844 101 454 72 32 96 24 185 189 22 61 39 172 343
internal_value=-0.000328862 0.0400619 0.0771996 -0.148362 0.165252 0.0700152 -0.0814754 0.0768085 -0.0557271 -0.262967 -0.0994906 0.0986763 0.0254133 -0.0957412 -0.0783661 -0.0228928 0.0715421 0.229791 0.0844437 -0.124128 0.0661453 -0.114574 -0.124432 -0.102672 -0.156874 -0.0413095 0.123491 0.106685 0.123747 -0.141914
internal_weight=7027 4692 3920 772 294 3626 2335 3146 963 133 1372 146 480 1325 692 378 2831 148 1337 639 176 633 537 324 213 234 123 493 315 415
internal_count=7027 4692 3920 772 294 3626 2335 3146 963 133 1372 146 480 1325 692 378 2831 148 1337 639 176 633 537 324 213 234 123 493 315 415
is_linear=0
shrinkage=0.05


Tree=68
num_leaves=31
num_cat=0
split_feature=0 0 0 9 9 0 9 14 14 14 9 14 0 0 11 14 9 0 0 14 0 0 14 5 0 9 14 0 5 11
split_gain=8346.57 11331.5 1265.96 1134.18 763.87 471.815 324.959 309.968 230.677 212.074 178.957 175.771 159.445 157.675 151.675 150.439 237.43 141.894 144.239 139.386 126.944 119.961 106.255 101.309 95.6529 137.322 90.0127 111.928 272.119 88.4763
threshold=13.847550192036261 33.515085247392115 15.185477746822373 69.267621499667371 94.523829473393974 24.952348896760991 94.523829473393974 1.2741009902410863 3.935098422706091 1.7559422921420884 14.189008658581633 5.1133746457258722 10.36893854959237 15.988234279694042 97.33108727521676 1.6289055630493696 49.504082715696697 4.3482645530548654 11.974451615335704 3.2908965343808636 12.375829881771539 11.305487837942648 3.0088757590391544 -0.78656609248549303 12.509622637250152 50.091155101319409 1.1015141094572869 29.501302583033773 0.78656609248549325 97.33108727521676
decision_type=2 2 2 2 2 2 2 2 2 2 2 2 2 2 2 2 2 2 2 2 2 2 2 2 2 2 2 2 2 2
left_child=7 2 6 5 19 9 15 24 -6 -4 12 13 -9 -5 -10 16 -2 -12 21 -3 -20 -19 -8 -7 -1 -26 27 29 -29 -15
right_child=1 4 3 11 8 23 22 10 14 -11 17 -13 -14 26 -16 -17 -18 18 20 -21 -22 -23 -24 -25 25 -27 -28 28 -30 -31
leaf_value=-0.073115518223415263 0.11135946262156285 -0.10845119670288061 0.17319940519012642 0.023879697970167327 -0.30009810302146644 0.15898227221292 -0.088886001517395841 -0.096914470678144168 -0.23658701665975432 0.088452391433324423 -0.25033918681598849 0.13774370637397435 -0.034778468841879538 0.079123392290403549 -0.056050555135892778 -0.035245549827814103 0.0079776524885886504 -0.10909562122061367 -0.22663018353960732 -0.17867024659759856 -0.12793323476488391 -0.034047014575396932 0.013062080190037238 0.2586739469287877 -0.0069036922196911016 -0.079748876244165351 0.075819576166124586 0.051172710309826563 -0.11238416382344441 0.050512239985542322
leaf_weight=649 78 555 113 220 85 45 120 381 26 226 20 85 144 498 22 92 188 332 43 84 170 65 32 93 156 110 1625 123 31 616
leaf_count=649 78 555 113 220 85 45 120 381 26 226 20 85 144 498 22 92 188 332 43 84 170 65 32 93 156 110 1625 123 31 616
internal_value=-0.000318593 0.0348946 0.0673683 0.0776104 -0.140998 0.149512 -0.00643213 -0.0846218 -0.249966 0.117142 -0.101882 0.0668408 -0.0799795 0.0648596 -0.156776 0.0195748 0.0386149 -0.11997 -0.115285 -0.117954 -0.148847 -0.096937 -0.0674455 0.227579 -0.0627414 -0.0372322 0.0679649 0.057843 0.017704 0.0633665
internal_weight=7027 4957 4185 3675 772 477 510 2070 133 339 1155 3198 525 3113 48 358 266 630 610 639 213 397 152 138 915 266 2893 1268 154 1114
internal_count=7027 4957 4185 3675 772 477 510 2070 133 339 1155 3198 525 3113 48 358 266 630 610 639 213 397 152 138 915 266 2893 1268 154 1114
is_linear=0
shrinkage=0.05


Tree=69
num_leaves=31
num_cat=0
split_feature=0 0 9 9 0 0 9 13 9 9 0 6 0 9 0 9 2 9 2 5 0 13 0 0 0 5 9 9 2 9
split_gain=7539.86 10504.2 766.63 691.607 529.765 413.758 337.15 273.708 305.438 224.912 219.427 188.199 167.022 166.984 124.627 93.4207 88.8139 86.8884 80.0297 59.8438 59.476 55.4572 54.4381 136.413 60.3741 48.4759 47.968 46.5409 45.426 44.3013
threshold=14.248928458472095 33.515085247392115 11.391137530829257 94.523829473393974 15.185477746822373 25.75510542963266 81.354789141006933 11.897521560655624 94.103452799977234 74.86724145929243 13.044793659164593 0.78656609248549303 15.988234279694042 50.091155101319409 15.319270502300986 57.045967192991931 -0.59480013772226059 29.990248807981875 -0.47714059151611382 -0.78656609248549303 11.037902326985426 1.0000000180025095e-35 11.974451615335704 11.305487837942648 12.375829881771539 0.91597561503675362 55.219650550459725 1.2254375582269625 -0.95368063612909437 93.429480066634895
decision_type=2 2 2 2 2 2 2 2 2 2 2 2 2 2 2 2 2 2 2 2 2 2 2 2 2 2 2 2 2 2
left_child=7 2 5 18 9 14 -6 13 10 26 17 -5 -8 21 -2 -12 19 20 25 -7 -9 27 23 -19 -24 -3 -4 -1 -10 -14
right_child=1 3 4 11 6 16 12 8 28 -11 15 -13 29 -15 -16 -17 -18 22 -20 -21 -22 -23 24 -25 -26 -27 -28 -29 -30 -31
leaf_value=-0.10645517682656647 -0.035523863732814791 -0.099157958389437903 0.061655289351043335 -0.28238877179293798 0.11252116266855594 0.16407535651455757 0.018542245701411924 -0.0699133910804728 -0.054185902779413903 -0.04104866088132221 -0.0070986747637463475 -0.15162479960670075 0.10260315463946362 -0.23769563250541689 0.10725828491724454 -0.060868929608808298 0.15353317750050971 -0.098027087018232456 -0.15737305453151798 0.27711658902344155 -0.040117623185704637 -0.095998509173276861 -0.15266053362563253 -0.018580504521727562 -0.087267589051903127 -0.15059274745838985 0.010151752467267215 -0.20895126622656118 -0.13624500944212611 0.064498576040292022
leaf_weight=31 21 496 107 86 380 22 203 517 21 157 237 47 81 24 51 122 45 175 88 60 257 401 59 79 106 55 79 22 167 2831
leaf_count=31 21 496 107 86 380 22 203 517 21 157 237 47 81 24 51 122 45 175 88 60 257 401 59 79 106 55 79 22 167 2831
internal_value=-0.000309393 0.0348631 0.0671825 -0.134006 0.0621859 0.162731 0.0680039 -0.0765529 -0.0672628 0.00286402 -0.0598927 -0.237693 0.0625372 -0.110149 0.0656288 -0.0255038 0.2168 -0.0702068 -0.11208 0.249191 -0.0600909 -0.102888 -0.088694 -0.0735067 -0.111459 -0.104565 0.0399781 -0.152175 -0.12744 0.0655951
internal_weight=7027 4809 4037 772 3838 199 3495 2218 1740 343 1552 133 3115 478 72 359 127 1193 639 82 774 454 419 254 165 551 186 53 188 2912
internal_count=7027 4809 4037 772 3838 199 3495 2218 1740 343 1552 133 3115 478 72 359 127 1193 639 82 774 454 419 254 165 551 186 53 188 2912
is_linear=0
shrinkage=0.05


Tree=70
num_leaves=31
num_cat=0
split_feature=0 0 0 9 9 0 9 9 0 6 0 11 1 9 5 1 9 9 9 9 0 0 10 0 9 0 6 6 2 11
split_gain=6828.83 9248.95 1018.18 930.809 626.124 389.628 269.402 262.699 241.192 166.281 131.517 117.093 90.6538 87.238 81.8299 73.3441 72.1286 71.8164 97.4149 69.2255 76.5986 67.1521 65.6377 78.0775 54.8833 53.9791 48.7391 47.5387 94.2836 490.441
threshold=13.847550192036261 33.515085247392115 15.185477746822373 69.267621499667371 67.516714771931916 24.952348896760991 94.523829473393974 92.692745489228955 9.1648037502848698 0.78656609248549303 15.988234279694042 38.438825627692808 -0.78257835753184624 16.106045385417669 -0.91597561503675329 -0.79332313182700742 93.429480066634895 57.827491105447372 4.7761044420922465 33.597978593069435 12.643415392728761 39.401966488451002 0.91534278572135452 25.487519918675439 98.351200938755184 5.5523993523623654 -0.70710678118654757 -0.37940952255126015 -0.90992662233962529 78.909315685947419
decision_type=2 2 2 2 2 2 2 2 2 2 2 2 2 2 2 2 2 2 2 2 2 2 2 2 2 2 2 2 2 2
left_child=7 2 6 5 15 11 17 8 13 -6 -5 -4 -7 25 -14 21 -12 18 -2 20 -10 -3 23 -18 -8 -1 -17 28 29 -24
right_child=1 4 3 10 9 12 24 -9 19 -11 16 -13 14 -15 -16 26 22 -19 -20 -21 -22 -23 27 -25 -26 -27 -28 -29 -30 -31
leaf_value=-0.10472678048849281 -0.060926258618181399 -0.19343852353758284 0.068529596833581174 0.023020911868995752 -0.26624892621144153 0.13509297662600878 -0.10992427797544571 -0.1373475205598004 -0.055276344520877874 -0.14454734948216652 0.09777066739110199 0.12967853999452539 0.13389498838456346 -0.12830328497668042 0.25690463819647136 -0.076936779154811882 0.060050863039321029 -0.0062197331135144078 0.050921826453942977 -0.071630074391535889 -0.013792264045242378 -0.086419881979624427 -0.19007134606987242 0.10702149132142465 -0.041864231725090323 -0.072272435776805852 -0.10995033353132427 0.063198269396970791 0.056601635011929656 0.05075243116159292
leaf_weight=218 21 44 134 222 88 39 41 164 548 48 145 205 21 151 78 176 206 162 175 492 141 26 24 164 111 356 390 1647 654 136
leaf_count=218 21 44 134 222 88 39 41 164 548 48 145 205 21 151 78 176 206 162 175 492 141 26 24 164 111 356 390 1647 654 136
internal_value=-0.000302957 0.0315481 0.0608865 0.0700717 -0.127361 0.13521 -0.00529856 -0.0765571 -0.0712545 -0.224701 0.0603152 0.105795 0.20615 -0.0940062 0.232462 -0.106219 0.0630869 0.018379 0.0386643 -0.0572156 -0.0468264 -0.155536 0.0612748 0.0811161 -0.0608537 -0.0847677 -0.0998472 0.058258 0.0481906 0.0136416
internal_weight=7027 4957 4185 3675 772 477 510 2070 1906 136 3198 339 138 725 99 636 2976 358 196 1181 689 70 2831 370 152 574 566 2461 814 160
internal_count=7027 4957 4185 3675 772 477 510 2070 1906 136 3198 339 138 725 99 636 2976 358 196 1181 689 70 2831 370 152 574 566 2461 814 160
is_linear=0
shrinkage=0.05


Tree=71
num_leaves=31
num_cat=0
split_feature=0 0 0 9 9 0 14 9 14 14 14 9 14 9 0 14 0 0 0 0 11 14 11 14 6 14 0 0 11 0
split_gain=6164.74 8353.6 919.732 841.776 567.001 352.832 253.152 243.444 214.569 189.061 157.851 144.179 135.128 195.288 125.171 122.182 118.289 134.446 116.394 111.208 108.016 97.272 90.059 84.4439 83.684 81.7053 95.4965 270.687 112.1 94.6342
threshold=13.847550192036261 33.515085247392115 15.185477746822373 69.267621499667371 2.700627539457499 24.952348896760991 1.2741009902410863 94.523829473393974 2.7309947812737287 3.5688465635685573 5.1133746457258722 14.189008658581633 1.6289055630493696 49.504082715696697 8.7634254838490353 0.98657657246324848 4.3482645530548654 11.974451615335704 15.988234279694042 12.375829881771539 83.155753283110883 3.0088757590391544 79.432742670706077 2.3115651263448185 0.37940952255126048 1.3316656236960418 29.501302583033773 29.768888093990999 73.38959333015346 24.952348896760991
decision_type=2 2 2 2 2 2 2 2 2 2 2 2 2 2 2 2 2 2 2 2 2 2 2 2 2 2 2 2 2 2
left_child=6 2 7 5 15 9 -1 12 -6 -4 18 14 13 -2 -8 -3 -13 20 -5 -19 -18 -9 -12 -7 -10 26 28 -28 -20 -27
right_child=1 4 3 10 8 23 11 21 24 -11 22 16 -14 -15 -16 -17 17 19 25 -21 -22 -23 -24 -25 -26 29 27 -29 -30 -31
leaf_value=-0.05297994451950138 0.10147927527239287 -0.070211287590281821 0.12517545793535587 0.020218379633223042 -0.28525920999050142 0.23695943802169392 -0.090015272110661237 -0.078388417694440563 -0.22307958988893417 0.043368636252394378 0.090414867732246107 -0.22340693209852494 -0.034492726949273904 0.0077131987607510629 -0.040409092745936959 -0.11693049604710598 -0.099026958773562268 -0.20522069784727967 0.084881088121483719 -0.11312110258299007 -0.040475613706934775 0.019002307767443587 0.20834013383835559 0.15223950814030002 -0.11352525442838671 0.057553927239448521 -0.14839265047149228 0.038267474167542649 0.047935554229558849 0.086019555044157509
leaf_weight=915 78 224 236 220 59 69 298 120 30 103 62 20 92 188 227 407 285 43 254 170 112 32 23 69 52 877 21 165 1125 451
leaf_count=915 78 224 236 220 59 69 298 120 30 103 62 20 92 188 227 407 285 43 254 170 112 32 23 69 52 877 21 165 1125 451
internal_value=-0.00029248 0.0299702 0.0578525 0.0665823 -0.121052 0.128527 -0.072744 -0.00505105 -0.211675 0.100535 0.057304 -0.0883376 0.0174564 0.0355043 -0.0686936 -0.100491 -0.104565 -0.100301 0.0554301 -0.132609 -0.0826645 -0.0578622 0.124434 0.196035 -0.155871 0.0580982 0.0502636 0.0164854 0.0548008 0.0672823
internal_weight=7027 4957 4185 3675 772 477 2070 510 141 339 3198 1155 358 266 525 631 630 610 3113 213 397 152 85 138 82 2893 1565 186 1379 1328
internal_count=7027 4957 4185 3675 772 477 2070 510 141 339 3198 1155 358 266 525 631 630 610 3113 213 397 152 85 138 82 2893 1565 186 1379 1328
is_linear=0
shrinkage=0.05


Tree=72
num_leaves=31
num_cat=0
split_feature=9 13 9 13 13 9 13 6 2 9 2 14 11 14 13 13 6 11 2 14 2 14 10 5 14 5 2 10 6 2
split_gain=2923.64 1218.5 137.419 194.783 229.495 63.7746 62.7853 60.0777 65.7195 59.7783 56.1296 58.5983 46.4601 39.8728 40.663 285.676 85.5208 129.18 495.527 73.6328 59.0396 50.3581 42.116 42.238 44.7346 37.1506 37.6488 36.9975 36.9647 34.5754
threshold=50.927927795553963 90.5596995938497 96.0534297731365 86.449286421636828 0.04425005506391063 14.627295336203543 32.150196285977799 0.98296291314453421 -0.99535829673000931 94.523829473393974 0.97233289553061597 1.5005553499465336 3.7326217293729478 7.21086607314649 98.47502576271755 0.023272343141408275 1.0000000180025095e-35 50.131359211815813 -0.88697705852364728 3.0468545356363999 -0.93038214053199442 2.1000000000000232 69.872388988850972 0.60355339059327384 3.1077858173020831 0.60355339059327384 -0.86159635224327535 99.970048885954284 0.60355339059327384 0.97988739209073494
decision_type=2 2 2 2 2 2 2 2 2 2 2 2 2 2 2 2 2 2 2 2 2 2 2 2 2 2 2 2 2 2
left_child=1 5 3 4 9 -1 -6 8 -3 -2 13 -12 -10 14 15 16 17 18 -4 -17 28 -20 25 24 -24 26 -19 29 -18 -5
right_child=2 7 10 27 6 -7 -8 -9 12 -11 11 -13 -14 -15 -16 19 20 22 21 -21 -22 -23 23 -25 -26 -27 -28 -29 -30 -31
leaf_value=-0.057279786005246504 0.09024310795245348 -0.06891174188366643 -0.24561096228659154 0.011527988943128868 -0.147980401797841 -0.080336656942575552 -0.06001163101918694 0.070609949642792352 -0.059508912317130874 -0.0058041757854019735 0.029629861815409227 -0.04555209345735458 0.012662339174464386 0.092680876829006054 0.035414830711508472 -0.16371199018898466 0.04041555164692303 0.099103592328536216 0.065558652238626225 -0.040303229375567753 0.034563330716632784 -0.019014132612130863 0.011784448564034322 0.049974650925168632 -0.060374669221540292 -0.0011988517663308555 0.040356012214190114 0.039372495165762356 0.099692199221428718 0.076882822797411973
leaf_weight=1562 26 26 21 620 29 383 73 39 22 40 54 48 732 26 2054 20 47 38 37 31 373 32 203 64 23 34 103 180 67 20
leaf_count=1562 26 26 21 620 29 383 73 39 22 40 54 48 732 26 2054 20 47 38 37 31 373 32 203 64 23 34 103 180 67 20
internal_value=-0.000282234 -0.0403277 0.0256842 0.00932069 -0.0395662 -0.0618616 -0.0862648 0.010819 0.00773646 0.0327402 0.0306149 -0.0058001 0.0104739 0.0317885 0.0312546 0.0234066 0.0290935 0.0156184 -0.0388976 -0.0910126 0.0443764 0.0265537 0.0262414 0.0144446 0.00418518 0.0455688 0.0568103 0.0193786 0.075861 0.0136949
internal_weight=7027 2764 4263 988 168 1945 102 819 780 66 3275 102 754 3173 3147 1093 1042 555 90 51 487 69 465 290 226 175 141 820 114 640
internal_count=7027 2764 4263 988 168 1945 102 819 780 66 3275 102 754 3173 3147 1093 1042 555 90 51 487 69 465 290 226 175 141 820 114 640
is_linear=0
shrinkage=0.05


Tree=73
num_leaves=31
num_cat=0
split_feature=0 0 9 9 14 14 0 9 14 0 0 9 14 3 0 9 0 14 9 14 14 0 6 14 0 2 14 9 0 14
split_gain=5308.24 7595.52 670.69 550.869 383.894 274.55 260.478 214.745 191.95 147.905 147.685 134.598 128.328 194.491 122.55 126.087 118.13 115.03 109.9 94.3232 90.2185 88.9263 85.1541 82.5499 76.8571 105.054 74.9022 72.69 70.9455 70.6577
threshold=14.516513969429317 33.515085247392115 33.002368592365222 2.700627539457499 3.1358142149942365 1.1718930554164506 15.85444152421543 93.429480066634895 4.3833014991161035 15.586856013258206 12.509622637250152 56.260192489993123 2.1000000000000232 968.55000000000007 3.1441297537473631 25.360440903574794 12.643415392728761 3.2908965343808636 93.429480066634895 1.61296422383711 3.2375397171705318 15.586856013258206 0.78656609248549303 1.6502525059315416 24.952348896760991 -0.77159520228797429 2.8919428302325176 73.782022760639265 13.71375743655765 5.4503822410139433
decision_type=2 2 2 2 2 2 2 2 2 2 2 2 2 2 2 2 2 2 2 2 2 2 2 2 2 2 2 2 2 2
left_child=5 2 4 17 21 10 18 23 -5 -6 -1 28 -9 -14 26 16 -16 -3 19 -4 -18 -2 -10 27 -15 -26 -7 -8 -12 -17
right_child=1 3 6 8 9 14 7 12 22 -11 11 -13 13 24 15 29 20 -19 -20 -21 -22 -23 -24 -25 25 -27 -28 -29 -30 -31
leaf_value=-0.057036863689266352 0.11261104829810763 -0.084346485890892775 0.055158954121806963 -0.24708866200182175 -0.048900104165077209 -0.090187792768081032 0.15917592117713919 0.046657058807429701 -0.18000689713091689 0.092693474520380223 -0.0070864654526078879 -0.049917584864093978 -0.080205774922810849 0.062289018203822634 -0.066818476336974575 -0.09422470449807549 0.017789476699419791 -0.15025388964857811 -0.010626260395547966 -0.031673240199758618 -0.091188370245695122 0.20866005791431486 -0.049498881328105926 0.071168319877416994 0.13399189861038246 0.069956148641228857 -0.21322455384983466 0.088666217578466724 0.059353012029012601 -0.027559313899940915
leaf_weight=585 36 554 181 89 21 29 73 2100 28 122 156 169 20 476 595 577 78 77 204 37 24 115 24 175 110 165 25 85 53 44
leaf_count=585 36 554 181 89 21 29 73 2100 28 122 156 169 20 476 595 577 78 77 204 37 24 115 24 175 110 165 25 85 53 44
internal_value=-0.000269083 0.0303858 0.0586211 -0.112869 0.131192 -0.0618565 0.0527011 0.0575647 -0.202152 0.0716701 -0.0413092 -0.0168694 0.0531162 0.0706196 -0.0762343 -0.0730934 -0.0583068 -0.092622 0.0157139 0.0403212 -0.0084402 0.186685 -0.121937 0.0956286 0.0747443 0.0959812 -0.150081 0.122071 0.00994042 -0.0895612
internal_weight=7027 4692 3920 772 294 2335 3626 3204 141 143 963 378 2871 771 1372 1318 697 631 422 218 102 151 52 333 751 275 54 158 209 621
internal_count=7027 4692 3920 772 294 2335 3626 3204 141 143 963 378 2871 771 1372 1318 697 631 422 218 102 151 52 333 751 275 54 158 209 621
is_linear=0
shrinkage=0.05


Tree=74
num_leaves=31
num_cat=0
split_feature=0 0 0 14 0 14 0 13 14 0 3 0 10 1 14 10 3 1 14 14 0 6 0 3 14 5 5 0 14 1
split_gain=4792.47 6859.97 269.03 254.171 176.683 172.804 139.406 125.325 125.004 144.943 156.647 137.365 362.054 122.292 109.638 95.3503 81.9089 76.9614 70.1849 66.2383 61.8646 58.4321 57.2052 50.4975 50.0824 49.2505 51.5783 48.2289 46.1766 44.2028
threshold=14.516513969429317 33.515085247392115 15.586856013258206 1.6289055630493696 30.839230137819886 1.0016652800876453 13.71375743655765 1.0000000180025095e-35 1.1015141094572869 24.952348896760991 968.75000000000011 29.501302583033773 99.813544625305724 -0.80382625221112003 5.9311318167520559 98.09438942876838 981.6500000000002 0.2672282004597602 1.7616280348965085 2.8919428302325176 32.846121469999055 0.78656609248549303 34.853012802178228 975.55000000000007 0.96436507609913547 0.78656609248549325 -0.25881904510252113 6.3551558852340326 4.4825586542888045 -0.68832836526074759
decision_type=2 2 2 2 2 2 2 2 2 2 2 2 2 2 2 2 2 2 2 2 2 2 2 2 2 2 2 2 2 2
left_child=3 2 -2 6 8 22 27 19 11 10 -10 -4 -13 -7 16 20 18 25 -11 -5 24 -20 -3 -23 -6 26 -15 -1 -28 -26
right_child=1 5 4 7 15 13 -8 -9 9 14 -12 12 -14 17 -16 -17 -18 -19 21 -21 -22 23 -24 -25 29 -27 28 -29 -30 -31
leaf_value=-0.078350507550712295 0.015886944239553936 -0.13066693523978551 0.048592504183765622 -0.087556690446855059 0.047934350640113865 -0.18873225182982592 -0.0053054492091118566 -0.073947099965919291 -0.073708889571868857 0.062029644008330775 0.058272910290603289 0.04858767221371333 -0.19207683861255648 -0.12268411911221651 0.18421052145771685 0.068953677705679436 0.030535180956560201 -0.17788213318586352 0.091437332051850506 -0.21868304863572124 0.19418069349181269 0.2020520455748947 -0.060035193331165485 0.10366907822201031 0.066013257808011511 -0.14049779212831157 -0.089655846803379 -0.047091620946813274 -0.016288379061465654 0.15552897863230616
leaf_weight=144 384 34 1211 20 27 64 195 957 22 164 1409 53 21 129 27 136 71 44 230 23 30 26 200 35 22 91 185 996 25 52
leaf_count=144 384 34 1211 20 27 64 195 957 22 164 1409 53 21 129 27 136 71 44 230 23 30 26 200 35 22 91 185 996 25 52
internal_value=-0.000258629 0.0288689 0.0557023 -0.0587776 0.060019 -0.107273 -0.0444319 -0.0778605 0.0567867 0.0646828 0.0561903 0.0445507 -0.0212927 -0.122953 0.0865087 0.0992155 0.0811441 -0.113682 0.0889461 -0.161184 0.129834 0.103834 -0.0708316 0.148266 0.108956 -0.106704 -0.0972306 -0.0511097 -0.0810639 0.130218
internal_weight=7027 4692 3920 2335 3536 772 1335 1000 3269 1984 1431 1285 74 538 553 267 526 474 455 43 131 291 234 61 101 430 339 1140 210 74
internal_count=7027 4692 3920 2335 3536 772 1335 1000 3269 1984 1431 1285 74 538 553 267 526 474 455 43 131 291 234 61 101 430 339 1140 210 74
is_linear=0
shrinkage=0.05


Tree=75
num_leaves=31
num_cat=0
split_feature=0 0 0 11 0 14 2 11 0 0 14 11 3 14 0 14 13 5 5 0 0 0 10 14 11 14 0 3 0 14
split_gain=4327.6 6252.42 239.444 215.843 188.689 167.228 145.265 141.931 138.753 147.605 127.491 122.834 172.119 141.76 125.67 117.32 98.2721 94.6115 91.8476 89.7726 107.943 98.5066 70.9262 62.0906 74.6414 56.4281 53.6024 50.4526 56.7691 49.577
threshold=14.65030672490793 33.515085247392115 13.579964681079039 16.505354654652766 29.635095338512386 1.6802777548170857 -0.5663846699108962 33.634077408571464 29.367509827555164 15.85444152421543 5.1133746457258722 83.01299834721631 968.1500000000002 2.0120466668265702 24.952348896760991 2.7952334667561165 1.0000000180025095e-35 0.78656609248549325 -0.25881904510252113 11.974451615335704 12.242037126292926 9.8337675276779262 96.422419592336198 0.83266639978647017 52.244204177691721 2.0647840887931292 11.57307334889987 969.55000000000007 17.192369079001544 3.6129394429070785
decision_type=2 2 2 2 2 2 2 2 2 2 2 2 2 2 2 2 2 2 2 2 2 2 2 2 2 2 2 2 2 2
left_child=2 4 5 15 8 -1 17 22 9 -2 -9 14 -13 -14 27 -3 -7 18 -5 21 -21 -18 -6 24 -4 -23 -27 -11 -29 -22
right_child=1 3 23 6 7 16 -8 10 -10 11 -12 12 13 -15 -16 -17 19 -19 -20 20 29 25 -24 -25 -26 26 -28 28 -30 -31
leaf_value=-0.049372140047675123 0.023819538340660851 -0.057512936767204648 0.071522349866502216 -0.13625921411028033 0.1790385411665136 -0.15354395276758562 -0.17326200105748804 0.059847950399867983 -0.049558883460504667 0.12221590172018737 0.18278037376377898 -0.069114704770036048 0.040719379409259404 0.077011240395929673 0.097741976507178696 -0.17393980503082276 -0.079469310194558565 -0.16285637162740416 -0.075966322119152829 -0.20193900974897239 -0.074870531435355603 -0.081641404293477549 0.093167192609980715 -0.035079277731489514 -0.01330611412436509 -0.038052164020364071 0.03029013222760496 0.075943274833903965 0.048641008256051575 -0.14776530010084954
leaf_weight=1107 444 266 32 94 50 42 111 316 34 30 22 31 1324 340 261 23 427 64 214 25 128 52 55 267 120 117 37 271 693 30
leaf_count=1107 444 266 32 94 50 42 111 316 34 30 22 31 1324 340 261 23 427 64 214 25 128 52 55 267 120 117 37 271 693 30
internal_value=-0.000248012 0.0278667 -0.0549942 -0.101971 0.0537815 -0.0623119 -0.122486 0.0845475 0.0497807 0.0507916 0.0683798 0.05484 0.0459919 0.0481796 0.0667401 -0.0673638 -0.0789241 -0.106898 -0.094765 -0.074894 -0.105975 -0.0657476 0.135409 -0.0205977 0.00487057 -0.0370344 -0.0215105 0.0585046 0.0563922 -0.089585
internal_weight=7027 4643 2384 772 3871 1965 483 443 3428 3394 338 2950 1695 1664 1255 289 858 372 308 816 183 633 105 419 152 206 154 994 964 158
internal_count=7027 4643 2384 772 3871 1965 483 443 3428 3394 338 2950 1695 1664 1255 289 858 372 308 816 183 633 105 419 152 206 154 994 964 158
is_linear=0
shrinkage=0.05


Tree=76
num_leaves=31
num_cat=0
split_feature=0 0 0 9 9 0 9 9 14 14 0 14 11 14 0 14 14 14 14 14 9 14 11 11 0 1 5 9 14 14
split_gain=3908.03 5342.96 608.423 690.205 470.615 334.267 217.934 187.097 177.462 170.838 160.024 129.34 174.46 169.918 138.042 118.116 100.196 98.2704 91.1099 89.6015 99.5784 86.4442 82.1875 145.759 311.349 81.7155 74.2081 68.8161 92.3213 76.2221
threshold=13.847550192036261 33.515085247392115 15.051684991343762 81.354789141006933 91.959135942942467 24.952348896760991 92.692745489228955 94.523829473393974 6.1447808621297453 1.6502525059315416 8.7634254838490353 2.8919428302325176 94.889548773383595 2.8160255680657533 15.988234279694042 2.5990381056766223 6.4487721615662421 3.2908965343808636 3.0088757590391544 3.935098422706091 29.990248807981875 1.8147543451755144 49.532663316201628 50.131359211815813 28.698546050162104 -0.71322329076259927 -0.91597561503675329 33.597978593069435 0.50000000000000167 3.5688465635685573
decision_type=2 2 2 2 2 2 2 2 2 2 2 2 2 2 2 2 2 2 2 2 2 2 2 2 2 2 2 2 2 2
left_child=6 2 7 5 17 9 10 19 21 -4 -1 13 16 14 -5 -8 -13 -3 -9 20 -2 -6 -16 24 -24 -7 -27 29 -29 -12
right_child=1 4 3 11 8 25 15 18 -10 -11 27 12 -14 -15 22 -17 -18 -19 -20 -21 -22 -23 23 -25 -26 26 -28 28 -30 -31
leaf_value=-0.073119991564087147 0.078584283045653652 -0.070940255260282609 0.12017665486450937 0 -0.28678681690117414 0.11147763447875675 -0.16840325134415782 -0.078044543633306485 -0.045612621666355567 0.056279211168204613 -0.029445975139658978 0.041764918584993538 0.11868034266423433 -0.083393872119486345 0.074347857323237773 -0.07918973962597263 0.15274644438516014 -0.12978157207369806 0.019757905627390552 -0.087214110280786239 0.0058365084777127893 -0.17718857914555905 0.084881947920435963 0.042734328007674356 -0.18776925158642588 0.10700636475939643 0.22270313120766044 -0.0096876453659073877 -0.066458737575421395 -0.1124369402538086
leaf_weight=657 57 555 173 194 28 46 61 107 21 273 714 316 124 27 203 103 21 83 30 20 251 85 20 2210 20 21 72 87 420 28
leaf_count=657 57 555 173 194 28 46 61 107 21 273 714 316 124 27 203 103 21 83 30 20 251 85 20 2210 20 21 72 87 420 28
internal_value=-0.000240526 0.0238545 0.0461535 0.0528924 -0.0969249 0.102734 -0.0579265 -0.0077449 -0.181989 0.0812891 -0.0531091 0.0435604 0.0680626 0.0393104 0.040595 -0.113223 0.0491269 -0.0787941 -0.0566037 0.0127574 0.0195265 -0.206667 0.0438048 0.0410151 -0.0525764 0.170435 0.198048 -0.0425289 -0.056765 -0.0327316
internal_weight=7027 4957 4185 3720 772 585 2070 465 134 446 1906 3135 461 2674 2647 164 337 638 137 328 308 113 2453 2250 40 139 93 1249 507 742
internal_count=7027 4957 4185 3720 772 585 2070 465 134 446 1906 3135 461 2674 2647 164 337 638 137 328 308 113 2453 2250 40 139 93 1249 507 742
is_linear=0
shrinkage=0.05


Tree=77
num_leaves=31
num_cat=0
split_feature=0 0 9 9 14 9 0 14 0 9 14 11 0 14 14 9 14 9 0 0 0 0 14 0 14 9 11 9 14 1
split_gain=3536.27 5103.93 542.604 426.311 291.431 205.614 304.854 161.493 155.488 154.75 137.127 130.807 103.212 97.4013 96.3385 91.6481 89.4641 87.7276 82.4719 184.171 123.95 78.8565 77.3128 75.5504 73.9625 99.3218 72.8563 70.8895 89.9175 70.0771
threshold=14.65030672490793 33.515085247392115 42.033519221038368 94.523829473393974 3.0816660261399726 94.103452799977234 12.911000903685983 6.1447808621297453 15.988234279694042 93.429480066634895 2.7024680078279171 32.065511881209396 6.3551558852340326 5.1133746457258722 0.80208062770104227 1.7125471253178211 3.8572437766710004 49.504082715696697 11.974451615335704 11.57307334889987 12.108244370814317 24.952348896760991 1.8147543451755144 13.71375743655765 1.6010413278031737 20.170074754803242 81.190663868775147 93.429480066634895 1.61296422383711 -0.68832836526074759
decision_type=2 2 2 2 2 2 2 2 2 2 2 2 2 2 2 2 2 2 2 2 2 2 2 2 2 2 2 2 2 2
left_child=5 2 4 14 15 6 12 22 27 -10 -7 -6 -1 -11 -3 29 17 24 19 -14 -20 -13 -5 -12 -8 -26 -15 28 -4 -2
right_child=1 3 8 7 11 10 16 -9 9 13 23 21 18 26 -16 -17 -18 -19 20 -21 -22 -23 -24 -25 25 -27 -28 -29 -30 -31
leaf_value=-0.079802649942931209 0.12644739046241299 -0.042393508077176768 0.052491219010564596 -0.27294193880311374 0.012202088335689939 -0.12972992106089518 0.032313713537055186 -0.043435656265778971 0.082317569303773486 0.04141270142012398 -0.075378670078563581 0.0653546429882573 -0.05048629429687982 0.067629968574667562 -0.086714045635458314 0.11766617184043478 -0.11079512684182687 -0.028488985472467476 -0.15612357101589444 0.014202171165416652 -0.058879552464201762 0.17336206776883317 -0.16896287077577676 0.018774895568910457 0.014241471387079506 -0.094592577209696174 0.17862298451718833 -0.0043409813747892515 -0.04099862594397799 0.2300063236296177
leaf_weight=348 32 171 154 28 80 125 168 21 276 2751 93 52 888 60 468 108 21 256 39 125 203 26 84 27 60 31 20 233 30 49
leaf_count=348 32 171 154 28 80 125 168 21 276 2751 93 52 888 60 468 108 21 256 39 125 203 26 84 27 60 31 20 233 30 49
internal_value=-0.000231736 0.0251828 0.0485969 -0.0921259 0.108209 -0.0497202 -0.0447064 -0.173453 0.0426966 0.0465448 -0.0931133 0.0575028 -0.0556174 0.0430276 -0.0749462 0.150046 -0.012023 -0.00777885 -0.0488489 -0.0424929 -0.0751497 0.103159 -0.197187 -0.0541727 0.012703 -0.0234047 0.0973026 0.0139698 0.0370821 0.191196
internal_weight=7027 4643 3871 772 347 2384 2139 133 3524 3107 245 158 1603 2831 639 189 536 515 1255 1013 242 78 112 120 259 91 80 417 184 81
internal_count=7027 4643 3871 772 347 2384 2139 133 3524 3107 245 158 1603 2831 639 189 536 515 1255 1013 242 78 112 120 259 91 80 417 184 81
is_linear=0
shrinkage=0.05


Tree=78
num_leaves=31
num_cat=0
split_feature=0 0 0 9 9 0 9 9 14 14 0 14 14 14 9 14 14 6 0 9 5 5 9 14 14 0 14 0 5 11
split_gain=3209.65 4365.61 493.78 588.039 386.38 228.454 182.411 166.855 158.933 149.941 130.663 107.661 100.869 98.1698 152.448 85.791 75.7748 71.9586 69.3928 69.2484 68.3706 66.8568 63.2449 79.5517 68.172 78.3921 62.6662 84.7045 235.194 66.784
threshold=13.847550192036261 33.515085247392115 15.185477746822373 69.267621499667371 67.516714771931916 24.952348896760991 92.692745489228955 94.523829473393974 1.8488730364619066 2.7309947812737287 8.7634254838490353 5.9311318167520559 2.5990381056766223 1.6289055630493696 49.504082715696697 0.80208062770104227 3.0088757590391544 0.37940952255126048 15.988234279694042 11.985264177378578 -0.70710678118654735 -0.60355339059327362 33.597978593069435 0.50000000000000167 3.5688465635685573 12.375829881771539 1.1015141094572869 29.501302583033773 0.78656609248549325 97.33108727521676
decision_type=2 2 2 2 2 2 2 2 2 2 2 2 2 2 2 2 2 2 2 2 2 2 2 2 2 2 2 2 2 2
left_child=6 2 7 5 15 8 10 13 -4 -6 19 18 -8 14 -2 -3 -9 -11 -5 -1 -17 -7 24 -24 25 -12 27 29 -29 -20
right_child=1 4 3 11 9 21 12 16 -10 17 22 -13 -14 -15 -16 20 -18 -19 26 -21 -22 -23 23 -25 -26 -27 -28 28 -30 -31
leaf_value=-0.056873021913050985 0.087990710760313506 -0.040286156219636028 0.12389510262318344 0.012197615103901003 -0.22527266722614481 0.10561121999655131 -0.15406360633551114 -0.06616299774651685 0.051813531239175696 -0.17986522773216512 -0.035289156924954553 0.11836798652667893 -0.071660111748541783 -0.029956054151914414 0.0051540112698440829 -0.12496517550933642 0.019721328142014417 -0.077339021768968785 0.051343550387493941 -0.095468740316380737 -0.073078733792802858 0.18202038046871793 -0.0084747988252307886 -0.061170766367687625 -0.10450254658108643 0.0035552129752890412 0.047752160135127668 0.029357104200058649 -0.12268150497053286 0.026610897268580704
leaf_weight=501 78 171 119 221 58 52 61 120 220 28 544 43 103 92 188 79 32 50 498 156 386 86 87 420 28 170 1666 123 31 616
leaf_count=501 78 171 119 221 58 52 61 120 220 28 544 43 103 92 188 79 32 50 498 156 386 86 87 420 28 170 1666 123 31 616
internal_value=-0.000221693 0.0216144 0.0417711 0.0481676 -0.0875606 0.0999296 -0.0524999 -0.00431596 0.0774212 -0.163952 -0.0480927 0.0404166 -0.103088 0.014316 0.0297018 -0.0709857 -0.0480387 -0.116017 0.0393154 -0.0661761 -0.0821538 0.154231 -0.0385311 -0.0521726 -0.0291457 -0.0260415 0.0413515 0.0329069 -0.00180985 0.0377079
internal_weight=7027 4957 4185 3675 772 477 2070 510 339 136 1906 3198 164 358 266 636 152 78 3155 657 465 138 1249 507 742 714 2934 1268 154 1114
internal_count=7027 4957 4185 3675 772 477 2070 510 339 136 1906 3198 164 358 266 636 152 78 3155 657 465 138 1249 507 742 714 2934 1268 154 1114
is_linear=0
shrinkage=0.05


Tree=79
num_leaves=31
num_cat=0
split_feature=0 0 9 9 14 0 9 0 9 14 0 14 0 14 11 9 11 14 14 14 9 14 0 14 14 9 14 14 14 9
split_gain=2902.74 4048.67 413.055 349.965 296.19 248.101 162.498 163.649 143.822 135.397 132.561 132.381 106.368 105.221 125.073 103.176 87.7091 85.802 83.2714 82.5631 73.4223 88.9822 82.0365 74.9636 72.3813 81.7387 71.9485 71.2761 196.511 67.9596
threshold=14.248928458472095 33.515085247392115 33.002368592365222 67.516714771931916 3.1358142149942365 15.319270502300986 94.103452799977234 10.36893854959237 93.429480066634895 6.1447808621297453 15.586856013258206 2.7024680078279171 14.784099480386539 2.1000000000000232 94.039382167047705 94.874454504754127 32.065511881209396 6.4487721615662421 2.9709706077246101 3.1358142149942365 33.597978593069435 3.6835168008425767 13.446171925600426 0.56862407030773787 1.6502525059315416 59.007192305190763 1.8488730364619066 2.8536526301099099 2.9501412395566855 72.639082997253823
decision_type=2 2 2 2 2 2 2 2 2 2 2 2 2 2 2 2 2 2 2 2 2 2 2 2 2 2 2 2 2 2
left_child=6 2 4 19 12 15 7 -1 26 -5 -6 -8 -2 -10 17 24 -12 27 -16 -3 21 22 -9 -22 25 -4 29 -15 -29 -7
right_child=1 3 5 9 10 8 11 20 13 -11 16 -13 -14 14 18 -17 -18 -19 -20 -21 23 -23 -24 -25 -26 -27 -28 28 -30 -31
leaf_value=-0.057967387703198418 0.040042672625378417 -0.060009362002800638 0.071641898874355403 -0.17833887994877604 -0.052592419975304172 0.11671431593458961 -0.13673925598194314 -0.019740958653587395 0.031562560965477944 -0.042807801035038812 0.025782730730161782 -0.053997385126718311 0.16093752658507532 0.056785919164712921 0.055134212143682672 -0.039861647524535665 0.11090660846502079 0.13557007081129333 0.11159885225779076 -0.11257622974977065 -0.011422134383999069 -0.11664910346979188 0.038697033621370794 -0.053777519831004053 -0.057894748132675894 0.0032689610594683442 0.044124921031681634 -0.11568732579350471 0.03064370220803124 0.061537415643615534
leaf_weight=974 22 548 68 113 27 107 87 422 2179 23 62 113 137 208 152 124 60 21 120 88 144 20 69 389 27 120 173 24 279 127
leaf_count=974 22 548 68 113 27 107 87 422 2179 23 62 113 137 208 152 124 60 21 120 88 144 20 69 389 27 120 173 24 279 127
internal_value=-0.000215388 0.0216079 0.0416732 -0.0832308 0.0972731 0.0370547 -0.0475226 -0.0432164 0.0411321 -0.155934 0.0461135 -0.0905162 0.144596 0.0373003 0.0527861 -0.00370566 0.0682489 0.0385438 0.0803809 -0.0674559 -0.0294074 -0.0158033 -0.0114566 -0.0423866 0.017212 0.0282743 0.0690433 0.0342897 0.0186943 0.0871784
internal_weight=7027 4809 4037 772 308 3729 2218 2018 3390 136 149 200 159 2983 804 339 122 532 272 636 1044 511 491 533 215 188 407 511 303 234
internal_count=7027 4809 4037 772 308 3729 2218 2018 3390 136 149 200 159 2983 804 339 122 532 272 636 1044 511 491 533 215 188 407 511 303 234
is_linear=0
shrinkage=0.05


Tree=80
num_leaves=31
num_cat=0
split_feature=0 0 0 9 9 14 9 9 0 14 14 11 14 14 11 0 9 1 14 14 9 14 11 14 14 9 11 11 14 0
split_gain=2628.02 3564.45 403.043 484.119 316.346 223.524 156.501 152.83 149.218 130.924 115.043 150.45 97.5435 171.295 122.477 83.2151 85.3293 83.1564 82.8532 77.336 127.628 75.6263 71.908 70.5387 69.9829 68.3225 64.9985 263.215 57.4946 79.8384
threshold=13.847550192036261 33.515085247392115 15.586856013258206 81.354789141006933 67.516714771931916 1.4000000000000163 94.523829473393974 92.692745489228955 24.952348896760991 2.7309947812737287 3.5688465635685573 54.890272234774976 2.8919428302325176 2.8160255680657533 94.889548773383595 10.36893854959237 25.861601723753655 -0.78257835753184624 2.5990381056766223 1.6289055630493696 49.504082715696697 0.80208062770104227 98.996898721156199 1.4798648586948733 6.4487721615662421 45.943643654129026 49.977663631885783 50.801180876171514 0.85049005481195949 11.974451615335704
decision_type=2 2 2 2 2 2 2 2 2 2 2 2 2 2 2 2 2 2 2 2 2 2 2 2 2 2 2 2 2 2
left_child=7 2 6 5 21 25 19 10 -7 -6 15 -12 13 26 24 -1 -17 -10 -9 20 -2 -3 -11 -8 -14 -4 -5 -28 -18 -30
right_child=1 4 3 12 9 8 23 18 17 22 11 -13 14 -15 -16 16 28 -19 -20 -21 -22 -23 -24 -25 -26 -27 27 -29 29 -31
leaf_value=-0.05109497190538588 0.082071242098386094 -0.035300535620298494 0.20114901271733371 0.058793215170021978 -0.20543413252648662 0.051313143853633419 -0.063010569317175927 -0.14002559864412875 0.046678559857110183 -0.13326378637971767 -0.15858904578095798 -0.044594268512042866 0.03619602632639074 -0.094735339040545596 0.10233974354720471 -0.01020141312651817 -0.023407859046874216 0.1482775393094963 -0.06531459889535865 -0.016397685581948936 0.011695586117713347 -0.074577554007112787 -0.025196786171392257 -0.0060459185497532802 0.12909968211230907 0.11802294641733171 -0.14049199808050286 0.033373614402818295 -0.02595525224888048 -0.078217350933277474
leaf_weight=887 89 171 43 247 58 280 102 61 29 56 48 74 306 25 117 353 241 77 103 113 229 465 22 116 21 77 21 2293 128 175
leaf_count=887 89 171 43 247 58 280 102 61 29 56 48 74 306 25 117 353 241 77 103 113 229 465 22 116 21 77 21 2293 128 175
internal_value=-0.000204655 0.0195541 0.0377676 0.0444135 -0.0790957 0.0896673 0.00153785 -0.0475097 0.0707881 -0.14822 -0.0434757 -0.09041 0.0368276 0.0330811 0.0585134 -0.0402145 -0.0294048 0.121224 -0.093814 0.0189978 0.0316031 -0.0640971 -0.103551 -0.032888 0.042553 0.149267 0.0343673 0.0317336 -0.041815 -0.0563141
internal_weight=7027 4957 4185 3536 772 506 649 2070 386 136 1906 122 3030 2586 444 1784 897 106 164 431 318 636 78 218 327 120 2561 2314 544 303
internal_count=7027 4957 4185 3536 772 506 649 2070 386 136 1906 122 3030 2586 444 1784 897 106 164 431 318 636 78 218 327 120 2561 2314 544 303
is_linear=0
shrinkage=0.05


Tree=81
num_leaves=31
num_cat=0
split_feature=0 0 9 9 14 14 14 9 0 9 0 9 13 9 14 0 3 14 6 0 0 6 0 6 0 0 0 14 3 1
split_gain=2374.66 3404.04 375.551 286.405 221.452 154.948 119.096 117.585 148.233 111.015 110.018 111.235 97.911 99.4729 79.0277 93.1343 132.023 73.3331 72.4127 71.6181 122.503 65.7989 65.2131 62.7678 62.2919 228.851 60.2266 59.3389 56.3856 56.3517
threshold=14.65030672490793 33.515085247392115 42.033519221038368 67.516714771931916 3.1077858173020831 1.6289055630493696 3.935098422706091 95.649211004137868 12.509622637250152 49.504082715696697 15.988234279694042 93.429480066634895 1.0000000180025095e-35 10.947455176544299 1.3316656236960418 24.952348896760991 969.05000000000007 3.2908965343808636 0.60355339059327384 11.974451615335704 11.840658859857095 0.78656609248549303 15.720648768736817 0.78656609248549303 29.501302583033773 29.768888093990999 15.051684991343762 2.8919428302325176 972.55000000000007 -0.74892720285008318
decision_type=2 2 2 2 2 2 2 2 2 2 2 2 2 2 2 2 2 2 2 2 2 2 2 2 2 2 2 2 2 2
left_child=5 2 4 17 26 7 -5 8 19 -10 -4 -12 27 -14 24 16 -16 29 -17 20 -1 -8 -6 -24 -13 -26 -2 -7 -20 -3
right_child=1 3 10 6 22 12 21 -9 9 -11 11 14 13 -15 15 18 -18 -19 28 -21 -22 -23 23 -25 25 -27 -28 -29 -30 -31
leaf_value=-0.038326224810533625 0.056269763083507618 -0.092851536335741613 0.010679056392225069 -0.17726587355548384 -0.031624614729856455 -0.061140020374829566 -0.1302142065178071 -0.098915213955471593 0.020436040581332457 -0.027541027837303056 0.068404396181515933 0.030998429946679298 -0.031245630111163276 -0.064546106772936249 -0.090210589202387004 0.048592224467844621 0.036896510000289838 -0.1054547251688271 0.15095295012812132 -0.079011639025545199 0.058987686062122097 -0.016347955095767974 0.039878916614906536 0.12384618478602379 -0.1514592725309459 0.020157484245214456 0.1376178164637567 -0.18284149982035161 0.073520654356957468 -0.0474167814636701
leaf_weight=699 29 81 417 85 23 20 27 58 231 250 276 1308 361 609 20 348 824 81 31 100 33 24 106 28 21 165 161 23 114 474
leaf_count=699 29 81 417 85 23 20 27 58 231 250 276 1308 361 609 20 348 824 81 31 100 33 24 106 28 21 165 161 23 114 474
internal_value=-0.000197288 0.0206288 0.0397505 -0.0751729 0.0893442 -0.0407513 -0.140946 -0.029749 -0.0266169 -0.0044951 0.0348417 0.0380786 -0.0555929 -0.0522029 0.0350972 0.0439456 0.0337754 -0.0609012 0.061243 -0.0393793 -0.0338578 -0.0780711 0.0449341 0.0582488 0.0271512 4.83336e-05 0.125587 -0.129026 0.0910299 -0.0542119
internal_weight=7027 4643 3871 772 347 2384 136 1371 1313 481 3524 3107 1013 970 2831 1337 844 636 493 832 732 51 157 134 1494 186 190 43 145 555
internal_count=7027 4643 3871 772 347 2384 136 1371 1313 481 3524 3107 1013 970 2831 1337 844 636 493 832 732 51 157 134 1494 186 190 43 145 555
is_linear=0
shrinkage=0.05


Tree=82
num_leaves=31
num_cat=0
split_feature=9 13 14 9 11 11 14 1 14 9 5 2 14 13 2 7 11 6 13 9 5 13 14 1 11 11 1 2 13 7
split_gain=948.004 473.912 72.0713 54.7337 49.4585 126.113 79.0806 88.9454 62.1997 98.991 61.9073 168.102 272.649 55.0439 46.8722 41.2795 45.8525 39.02 36.1789 34.3661 31.8338 31.2722 29.139 28.4317 34.1967 26.8564 25.101 24.6767 30.5509 27.1842
threshold=50.927927795553963 86.449286421636828 3.5688465635685573 11.985264177378578 83.155753283110883 82.902715516720704 3.1077858173020831 0.38266886095259306 1.6502525059315416 91.959135942942467 0.78656609248549325 -0.87878364999916114 0.70945988845975372 54.902818188465474 -0.99535829673000931 0.68301270189221941 33.902114084848996 -0.12940952255126037 71.250986442531612 33.002368592365222 -0.98296291314453399 98.47502576271755 2.2030282189144113 0.95878322595067733 45.094808292560053 99.124595016582489 -0.64278760968653936 -0.80382625221112003 13.009024061551864 1.0000000180025095e-35
decision_type=2 2 2 2 2 2 2 2 2 2 2 2 2 2 2 2 2 2 2 2 2 2 2 2 2 2 2 2 2 2
left_child=1 3 14 27 5 8 -6 25 10 18 13 12 -12 -2 -3 20 -17 -4 -10 -16 -11 26 -20 24 -15 -8 -18 -1 29 -29
right_child=4 2 17 -5 6 -7 7 -9 9 15 11 -13 -14 23 19 16 21 -19 22 -21 -22 -23 -24 -25 -26 -27 -28 28 -30 -31
leaf_value=-0.024072350258619798 0.055179646597980005 -0.050803241633154729 -0.06314482952804959 -0.053137115939466351 0.016047345402010988 -0.081694218143330596 0.044643938361170768 -0.023884202187381139 -0.071751520792220511 -0.037421605053544048 -0.22168871056465878 0.018984961380921705 0.012675598100909303 0.049758929180921896 0.026279020300564861 0.040050157973199108 -0.018603746044848646 -0.0054516791410278535 -0.054380444611112279 0.0040771807648780399 0.020632079305564287 -0.0034664871143375306 -0.0011311036991802129 -0.011788543384755032 0.017190579926933756 0.082352404297447557 -0.080224935134937031 -0.029780165575459969 -0.023235964536768471 -0.051174142874129441
leaf_weight=568 135 26 46 409 2128 37 166 40 46 24 20 185 30 100 389 41 41 79 38 317 438 140 76 63 417 70 28 243 274 413
leaf_count=568 135 26 46 409 2128 37 166 40 46 24 20 185 30 100 389 41 41 79 38 317 438 140 76 63 417 70 28 243 274 413
internal_value=-0.000191402 -0.0229949 0.00787848 -0.0368688 0.0145945 0.00845845 0.0193319 0.0444885 0.0103358 0.00068401 0.0191798 -0.00305643 -0.0834808 0.0264892 0.0138795 0.00868498 -0.0076476 -0.0270551 -0.0347221 0.0163371 0.0175312 -0.0171745 -0.0192429 0.0197192 0.0235836 0.05615 -0.0444697 -0.0323913 -0.0374354 -0.0433142
internal_weight=7027 2764 857 1907 4263 1859 2404 276 1822 872 950 235 50 715 732 712 250 125 160 706 462 209 114 580 517 236 69 1498 930 656
internal_count=7027 2764 857 1907 4263 1859 2404 276 1822 872 950 235 50 715 732 712 250 125 160 706 462 209 114 580 517 236 69 1498 930 656
is_linear=0
shrinkage=0.05


Tree=83
num_leaves=31
num_cat=0
split_feature=9 13 14 10 11 11 13 13 14 14 1 7 9 3 6 14 14 14 3 10 1 9 11 14 14 11 11 1 1 11
split_gain=855.684 427.7 65.1389 49.8674 63.0067 158.122 82.7868 215.41 253.425 70.224 57.7576 50.9016 49.3986 47.8602 35.2926 35.1967 32.3247 30.6539 39.6963 28.5491 28.7948 27.801 27.7013 49.4804 27.1848 26.1856 23.4325 23.3363 23.3285 21.1559
threshold=50.927927795553963 86.449286421636828 3.5688465635685573 0.98095987811370466 83.155753283110883 82.902715516720704 94.798390353760212 0.023272343141408275 0.50000000000000167 2.6185225194236685 0.35019404643548463 0.68301270189221941 11.985264177378578 969.45000000000016 -0.12940952255126037 1.7009801096228971 2.6689573494781178 0.85049005481195949 970.6500000000002 2.0889693325313825 0.62249093318774806 99.683878331928796 87.119564893808288 5.4503822410139433 1.6502525059315416 93.048950055398564 99.565773785905535 -0.67556448321067808 -0.21643137258081238 84.656714070058385
decision_type=2 2 2 2 2 2 2 2 2 2 2 2 2 2 2 2 2 2 2 2 2 2 2 2 2 2 2 2 2 2
left_child=1 12 16 11 5 6 7 8 -5 17 22 -2 -1 -8 28 -9 -3 26 -19 -10 -21 -12 -11 25 -13 -24 -6 -26 -4 -20
right_child=3 2 14 4 9 -7 13 15 19 10 21 24 -14 -15 -16 -17 -18 18 29 20 -22 -23 23 -25 27 -27 -28 -29 -30 -31
leaf_value=-0.030776484686380154 0.03748120501579099 0.0092045716605761892 -0.026891268176819996 -0.14628891830444338 0.025144300801724796 -0.11555432247066939 0.076042891209324212 -0.024330855265060177 -0.034947458981819772 -0.0029172284413988775 -0.050630302366031256 0.021778813651612688 -0.050486740761951171 0.011955473433008526 -0.0051825025163125251 -0.092088667971336038 0.041103607028451561 0.043118679631253091 0.0392639400031079 0.027211356645486198 -0.031081472389076072 0.019734589793822834 0.00648689515143633 0.11661531402556985 0.0029308989793062211 0.051588033897181355 0.00080572375601173189 -0.063471442355463911 -0.099595697972746131 0.0037671330947566697
leaf_weight=1498 382 642 26 24 626 26 29 27 22 25 22 61 409 1109 79 76 90 74 43 282 22 35 39 26 29 200 118 23 20 943
leaf_count=1498 382 642 26 24 626 26 29 27 22 25 22 61 409 1109 79 76 90 74 43 282 22 35 39 26 29 200 118 23 20 943
internal_value=-0.000185737 -0.0218505 0.00747878 0.0138617 0.0118934 0.00442814 0.00646338 -0.0115907 0.00715079 0.0174983 0.0380816 0.0287806 -0.0350307 0.0136584 -0.0257315 -0.0747797 0.0131841 0.0135175 0.00803741 0.0188751 0.0228883 -0.00774227 0.0471012 0.0518319 -0.000658782 0.044307 0.0212971 -0.0269884 -0.0600548 0.00535845
internal_weight=7027 2764 857 4263 3768 1617 1591 453 350 2151 347 495 1907 1138 125 103 732 1804 1060 326 304 57 290 265 113 239 744 52 46 986
internal_count=7027 2764 857 4263 3768 1617 1591 453 350 2151 347 495 1907 1138 125 103 732 1804 1060 326 304 57 290 265 113 239 744 52 46 986
is_linear=0
shrinkage=0.05


Tree=84
num_leaves=31
num_cat=0
split_feature=0 0 9 9 14 9 0 14 11 0 9 14 0 14 0 14 9 6 5 14 0 6 5 14 1 9 11 14 0 0
split_gain=1988.04 2881.12 377.236 297.635 193.322 148.614 167.905 112.163 100.77 98.2467 106.165 98.111 81.7168 70.0704 81.8775 68.0425 64.75 64.0646 61.7822 61.7186 61.7063 61.5321 162.744 223.35 61.4314 58.7709 57.5847 67.9299 55.4029 204.622
threshold=14.65030672490793 33.515085247392115 42.033519221038368 91.959135942942467 3.1077858173020831 94.103452799977234 13.446171925600426 6.1447808621297453 32.065511881209396 15.988234279694042 93.429480066634895 2.7024680078279171 5.5523993523623654 1.3316656236960418 24.952348896760991 0.98657657246324848 1.7125471253178211 0.60355339059327384 -0.78656609248549303 1.8147543451755144 24.952348896760991 0.60355339059327384 -0.60355339059327362 2.5990381056766223 -0.68832836526074759 25.861601723753655 81.985041430089026 5.1133746457258722 29.501302583033773 29.768888093990999
decision_type=2 2 2 2 2 2 2 2 2 2 2 2 2 2 2 2 2 2 2 2 2 2 2 2 2 2 2 2 2 2
left_child=5 2 4 15 16 6 12 19 -6 -4 -11 -7 -1 28 21 -3 24 -16 -17 -5 -10 -15 23 -23 -2 -14 -13 -28 -12 -30
right_child=1 3 9 7 8 11 -8 -9 20 10 13 26 25 14 17 18 -18 -19 -20 -21 -22 22 -24 -25 -26 -27 27 -29 29 -31
leaf_value=-0.06594407804317802 0.095554551969875001 -0.032394549090022019 0.0087217862599275331 -0.22321749133282698 0.0050819028477058006 -0.10510741932347178 -0.0016011998436173029 -0.028847065859220245 0.05129163457725483 0.064225835689622576 0.027847346450444784 -0.087796066638710368 -0.02707987034845491 0.039824177649023157 0.04435284314998679 -0.11265593538526447 0.093144348072226768 0.084253159334296238 -0.058370425706327125 -0.13208396317913781 0.1468409773817769 0.017104464735715624 0.029225140882273473 -0.19485733699230923 0.19037027780115606 -0.047248920248813567 -0.04362263031159367 0.059587864256252281 -0.14458942405202171 0.017686668011606729
leaf_weight=248 32 224 417 28 80 125 355 21 51 276 1308 42 941 571 348 63 109 145 351 85 26 30 223 20 49 595 57 21 21 165
leaf_count=248 32 224 417 28 80 125 355 21 51 276 1308 42 941 571 348 63 109 145 351 85 26 30 223 20 49 595 57 21 21 165
internal_value=-0.000178015 0.0188774 0.0364692 -0.0692591 0.0861672 -0.0372841 -0.0330256 -0.136868 0.0446424 0.0315511 0.0346097 -0.0741583 -0.0392715 0.0316989 0.0400293 -0.0548594 0.12004 0.0562451 -0.0668949 -0.15647 0.0850881 0.030496 0.0108929 -0.0697405 0.154595 -0.0349217 -0.0412761 -0.0153694 0.0242189 -0.00128332
internal_weight=7027 4643 3871 772 347 2384 2139 134 157 3524 3107 245 1784 2831 1337 638 190 493 414 113 77 844 273 50 81 1536 120 78 1494 186
internal_count=7027 4643 3871 772 347 2384 2139 134 157 3524 3107 245 1784 2831 1337 638 190 493 414 113 77 844 273 50 81 1536 120 78 1494 186
is_linear=0
shrinkage=0.05


Tree=85
num_leaves=31
num_cat=0
split_feature=9 13 14 10 11 11 13 13 14 14 2 9 7 2 13 9 13 10 5 14 2 14 2 11 6 8 14 2 11 2
split_gain=692.122 355.682 63.2863 45.4383 56.052 143.048 70.3513 174.843 224.027 68.3704 45.2463 43.4882 43.086 41.9789 63.7492 36.5136 33.7761 29.051 27.6104 27.0636 30.7395 26.1847 25.2616 25.1242 24.9916 26.2558 24.7511 24.1003 23.5036 21.9709
threshold=50.927927795553963 86.449286421636828 3.8572437766710004 1.0379760437790215 83.155753283110883 82.902715516720704 94.798390353760212 0.023272343141408275 0.50000000000000167 2.6185225194236685 -0.99535829673000931 11.985264177378578 0.68301270189221941 -0.16504132135358066 74.868000847569036 33.002368592365222 41.26880003646221 2.2453978928957423 -0.91597561503675329 1.0016652800876453 -0.19080899537654469 4.4825586542888045 -0.95878322595067711 96.054947289492091 -0.5 -0.9330127018922193 1.6502525059315416 -0.87032255546191706 93.048950055398564 -0.80382625221112003
decision_type=2 2 2 2 2 2 2 2 2 2 2 2 2 2 2 2 2 2 2 2 2 2 2 2 2 2 2 2 2 2
left_child=1 11 10 12 5 6 7 8 -5 19 -3 29 -2 22 -15 -12 -9 -10 -19 23 24 -4 -11 27 -21 -26 -14 -6 -24 -1
right_child=3 2 21 4 9 -7 -8 16 17 13 15 -13 26 14 -16 -17 -18 18 -20 20 -22 -23 28 -25 25 -27 -28 -29 -30 -31
leaf_value=-0.019850145892741575 0.034509668678104975 -0.05032234000574265 -0.060198474147224006 -0.13845792213380337 -0.0064099276294881441 -0.11060824862232915 0.01207793012661933 -0.10624704595459136 -0.040077597474058473 0.081820069619200464 0.024415120385605522 -0.046173319090424651 0.021054649755824356 -0.046260886441916227 0.038138507157564165 0.0018766610319208767 -0.045420700098707606 -0.016469064215847921 0.026829367297104358 -0.00090821035238711732 -0.0074653491166540662 -0.0084375655657199563 0.0098010329649133518 0.012702699790309371 0.055027983632493532 0.014999324940199323 -0.024682260952889917 0.037401595667773034 0.048935604418856304 -0.032439162804516058
leaf_weight=568 389 27 41 24 36 26 1136 37 20 43 406 409 63 34 61 323 66 42 261 229 293 60 52 631 46 342 54 222 156 930
leaf_count=568 389 27 41 24 36 26 1136 37 20 43 406 409 63 34 61 323 66 42 261 229 293 60 52 631 46 342 54 222 156 930
internal_value=-0.000171394 -0.019656 0.00708967 0.0124623 0.0105602 0.00350816 0.00545059 -0.0112584 0.00575588 0.0158536 0.0120686 -0.0316754 0.0265261 0.0361899 0.00771309 0.014452 -0.0681305 0.0168812 0.0207767 0.0119216 0.00584235 -0.0298826 0.0468747 0.0181253 0.0121718 0.0198871 -4.25997e-05 0.0312679 0.0392696 -0.0276855
internal_weight=7027 2764 857 4263 3757 1612 1586 450 347 2145 756 1907 506 346 95 729 103 323 303 1799 910 101 251 889 617 388 117 258 208 1498
internal_count=7027 2764 857 4263 3757 1612 1586 450 347 2145 756 1907 506 346 95 729 103 323 303 1799 910 101 251 889 617 388 117 258 208 1498
is_linear=0
shrinkage=0.05


Tree=86
num_leaves=31
num_cat=0
split_feature=0 0 14 11 2 0 14 3 14 6 3 11 0 14 14 3 5 11 5 5 14 11 0 0 0 0 11 14 14 0
split_gain=1730.1 2550.41 144.568 139.763 114.774 103.321 175.161 148.693 90.6177 92.3087 80.5559 76.6545 70.1941 69.5391 69.2603 68.9041 347.264 102.072 68.7506 67.3374 65.2217 54.6702 61.7837 203.314 76.7434 56.7427 50.233 138.069 64.0337 49.9354
threshold=14.784099480386539 33.515085247392115 0.90737717258775175 0.80592788309186747 -0.59480013772226059 24.952348896760991 1.0392304845413292 968.1500000000002 6.4487721615662421 0.78656609248549303 973.05000000000007 54.890272234774976 5.5523993523623654 3.2908965343808636 3.935098422706091 971.45000000000016 0.78656609248549325 83.816185955726482 0.78656609248549325 -0.25881904510252113 2.7024680078279171 11.617639171237975 11.974451615335704 12.643415392728761 11.305487837942648 12.108244370814317 95.314703660012043 2.8160255680657533 3.5688465635685573 15.586856013258206
decision_type=2 2 2 2 2 2 2 2 2 2 2 2 2 2 2 2 2 2 2 2 2 2 2 2 2 2 2 2 2 2
left_child=2 5 -1 20 18 7 15 -2 9 11 -11 13 14 -8 -4 16 -7 -17 19 -5 -3 -14 24 25 -23 -24 28 -28 -9 -30
right_child=1 3 12 4 -6 6 8 26 -10 10 -12 -13 21 -15 -16 17 -18 -19 -20 -21 -22 22 23 -25 -26 -27 27 -29 29 -31
leaf_value=-0.015852190627627605 -0.09473942571513666 -0.02780807538540574 -0.055563732300761962 -0.089765823172848855 -0.1235956686354281 0.051748587671943284 0.091141197298306456 0.039817045378311752 0.15387096707637496 0.15684791932503384 0.069807484948209361 0.035773019198226126 -0.011827927938893954 0.02487900662202654 -0.13120586969350514 0.076661082700241454 -0.16789871095783182 0.012222291584377556 -0.11300837406724254 -0.040332901906776991 -0.11457304537296296 -0.038940538803841795 -0.17642642396467706 -0.038131443467396393 0.0067523972353794514 -0.091234075370080339 0.016142416981035877 0.085877849703243414 -0.053442277790835269 0.019769239234738056
leaf_weight=743 23 246 174 104 119 53 152 1416 25 38 97 382 172 55 37 85 26 218 67 213 23 631 26 440 107 101 930 76 25 223
leaf_count=743 23 246 174 104 119 53 152 1416 25 38 97 382 172 55 37 85 26 218 67 213 23 631 26 440 107 101 930 76 25 223
internal_value=-0.00016532 0.0178767 -0.0342707 -0.0649625 -0.0805312 0.0346145 0.0473175 0.0292621 0.0613637 0.0579546 0.0953177 0.0492354 -0.0423607 0.0737636 -0.0694079 0.0196754 -0.021673 0.0305083 -0.0668863 -0.0567976 -0.035642 -0.0384491 -0.0419422 -0.0543932 -0.0323087 -0.109956 0.0303672 0.0214957 0.0357114 0.012184
internal_weight=7027 4596 2431 772 503 3824 1131 2693 749 724 135 589 1688 207 211 382 79 303 384 317 269 1477 1305 567 738 127 2670 1006 1664 248
internal_count=7027 4596 2431 772 503 3824 1131 2693 749 724 135 589 1688 207 211 382 79 303 384 317 269 1477 1305 567 738 127 2670 1006 1664 248
is_linear=0
shrinkage=0.05


Tree=87
num_leaves=31
num_cat=0
split_feature=0 0 0 11 6 11 14 11 14 14 0 14 13 14 10 0 0 0 0 11 14 0 5 7 14 0 11 11 14 11
split_gain=1565.42 2218.99 172.143 126.21 124.262 108.644 139.48 151.096 102.627 101.974 88.5426 83.0598 79.417 58.7529 55.0522 52.9755 50.258 158.109 102.466 62.4119 112.846 57.0557 44.9666 64.0864 44.9609 41.3157 40.0917 305.957 85.9641 44.2135
threshold=14.248928458472095 33.515085247392115 15.586856013258206 17.094283930892527 0.60355339059327384 49.977663631885783 4.4825586542888045 50.306681566226352 3.4122328955294616 0.90737717258775175 24.952348896760991 3.935098422706091 1.0000000180025095e-35 2.8919428302325176 0.75403494748291544 24.952348896760991 11.974451615335704 12.242037126292926 11.305487837942648 45.094808292560053 3.3716958320050829 13.312379170121817 -0.70710678118654735 -0.68301270189221897 2.7309947812737287 34.451634535742393 83.01299834721631 83.155753283110883 2.7309947812737287 87.92173451199649
decision_type=2 2 2 2 2 2 2 2 2 2 2 2 2 2 2 2 2 2 2 2 2 2 2 2 2 2 2 2 2 2
left_child=9 2 -2 8 25 10 7 -7 -3 -1 11 -4 13 -11 -12 -8 18 -18 -14 20 -19 -21 -16 -24 -23 -5 -9 -28 29 -29
right_child=1 3 5 4 -6 6 15 26 -10 12 14 -13 16 -15 22 -17 17 19 -20 21 -22 24 23 -25 -26 -27 27 28 -30 -31
leaf_value=-0.018087031443599078 0.0032719587661934448 -0.032043235596467032 0.052165899646827163 -0.15331352674924748 -0.050621254740438118 -0.09189303132203909 0.052172792272435299 0.03854441411485704 -0.13750406964421275 -0.050260201564856936 0.1198314888252501 0.00091063900674517081 -0.038960592178364221 -0.1609689623458932 0.034212159797302723 0.12237385134893256 -0.14337610042907975 -0.0035903263935974494 0.010145734521321767 -0.078972349449865198 -0.12265097408160648 -0.050891729770905593 0.14985894264387234 0.061774938468086099 0.012434479458943794 -0.094654267954765947 -0.16456581920385363 0.049365792298996 0.061822895285931524 0.02152175374585661
leaf_weight=644 501 330 282 40 194 25 62 825 24 27 56 110 891 23 84 51 43 149 120 153 22 109 27 94 37 184 20 157 165 1578
leaf_count=644 501 330 282 40 194 25 62 825 24 27 56 110 891 23 84 51 43 149 120 153 22 109 27 94 37 184 20 157 165 1578
internal_value=-0.000160988 0.015865 0.0307201 -0.061749 -0.0803772 0.0346057 0.0304102 0.0281641 -0.0395744 -0.0349019 0.0530461 0.0378347 -0.0417626 -0.103442 0.0756416 0.0846958 -0.0396692 -0.0524716 -0.0331227 -0.0438574 -0.0195612 -0.0576244 0.0630228 0.0825383 -0.0348339 -0.105786 0.0292924 0.0252964 0.0273831 0.0240712
internal_weight=7027 4809 4037 772 418 3536 2883 2770 354 2218 653 392 1574 50 261 113 1524 513 1011 470 171 299 205 121 146 224 2745 1920 1900 1735
internal_count=7027 4809 4037 772 418 3536 2883 2770 354 2218 653 392 1574 50 261 113 1524 513 1011 470 171 299 205 121 146 224 2745 1920 1900 1735
is_linear=0
shrinkage=0.05


Tree=88
num_leaves=31
num_cat=0
split_feature=0 0 0 11 2 14 0 14 0 0 0 0 10 3 11 5 5 14 14 14 11 11 1 11 14 10 2 14 0 6
split_gain=1418.12 1954.56 231.883 116.201 100.566 92.247 87.0285 86.3046 89.3557 70.0555 116.657 111.036 61.3952 70.8372 61.3124 60.2734 60.3231 54.0793 51.1093 50.188 78.5088 46.6337 59.9817 45.5605 126.493 45.3736 44.992 43.6475 43.5171 43.2033
threshold=13.847550192036261 33.515085247392115 15.051684991343762 0.80592788309186747 -0.59480013772226059 0.90737717258775175 32.578535959041837 5.2624455658309026 25.219934407718217 11.974451615335704 12.108244370814317 9.6999747721993135 51.827987888901809 968.85000000000002 11.617639171237975 0.78656609248549325 -0.25881904510252113 2.7952334667561165 2.2590558499810034 3.935098422706091 54.890272234774976 95.696115902446749 -0.71322329076259927 51.632340054316536 1.6502525059315416 98.829752530749133 -0.71322329076259927 1.3576941236277549 25.086141652239604 0.78656609248549303
decision_type=2 2 2 2 2 2 2 2 2 2 2 2 2 2 2 2 2 2 2 2 2 2 2 2 2 2 2 2 2 2
left_child=5 2 23 17 15 -1 7 12 -9 11 -11 19 13 -4 18 16 -5 -3 -12 -7 -21 22 -15 24 -2 -8 -10 -23 -24 -14
right_child=1 3 6 4 -6 9 25 8 26 10 14 -13 29 21 -16 -17 -18 -19 -20 20 -22 27 28 -25 -26 -27 -28 -29 -30 -31
leaf_value=-0.018209322913442232 0.057192843598916257 -0.025150735751018827 0.10528091762692503 -0.08187709198892118 -0.11317654946997452 -0.042132563902184186 0.11197733726936815 0.032957953286889406 0.16309332635895962 -0.15817766427993776 0.045897002540794866 -0.014027671521472069 0.02092833455760653 0.021277992979112943 -0.059223614275819736 -0.10327899201946018 -0.035138236230400292 -0.10733604163524102 -0.055938385819846927 -0.15887844901084902 -0.050179409035814131 0.009935712589644919 0.04539872587964202 -0.01590306136081782 -0.037191815146003643 0.039124935358399303 0.068484393935650589 0.04336547873553355 0.081243067212136741 0.037230576541427071
leaf_weight=594 84 248 38 104 119 578 50 69 28 27 27 404 1814 207 340 67 213 21 21 24 55 254 395 321 60 40 27 159 111 528
leaf_count=594 84 248 38 104 119 578 50 69 28 27 27 404 1814 207 340 67 213 21 21 24 55 254 395 321 60 40 27 159 111 528
internal_value=-0.000157221 0.0143571 0.0278445 -0.0586931 -0.0728886 -0.0349069 0.0320049 0.0307808 0.0717146 -0.0416064 -0.0590739 -0.0347203 0.0293116 0.0387176 -0.0517758 -0.060129 -0.0506971 -0.031959 0.00100962 -0.0473963 -0.0848376 0.0363754 0.0441358 -0.0054251 0.0178461 0.0804392 0.118791 0.0228915 0.0534164 0.0246201
internal_weight=7027 4957 4185 772 503 2070 3720 3630 124 1476 415 1061 3506 1164 388 384 317 269 48 657 79 1126 713 465 144 90 55 413 506 2342
internal_count=7027 4957 4185 772 503 2070 3720 3630 124 1476 415 1061 3506 1164 388 384 317 269 48 657 79 1126 713 465 144 90 55 413 506 2342
is_linear=0
shrinkage=0.05


Tree=89
num_leaves=31
num_cat=0
split_feature=0 0 9 9 0 14 9 9 14 11 14 11 0 0 0 0 14 9 14 14 0 9 11 0 14 14 0 14 0 14
split_gain=1280.76 1765.79 341.298 256.913 214.656 192.649 126.813 114.079 100.109 89.307 81.5266 92.0659 79.8244 71.5505 71.1375 94.0498 76.1068 66.7727 65.3766 65.239 65.9169 63.2768 61.1518 59.7657 58.4382 55.721 55.5443 54.0698 48.9864 48.7863
threshold=13.847550192036261 33.515085247392115 33.002368592365222 91.959135942942467 15.185477746822373 3.1358142149942365 57.827491105447372 93.429480066634895 6.1447808621297453 32.065511881209396 3.5688465635685573 40.469167716086105 14.784099480386539 12.77720814820737 7.8268761954987562 11.974451615335704 2.5713161146840076 94.523829473393974 5.1133746457258722 1.61296422383711 23.748214097453495 73.782022760639265 81.190663868775147 12.509622637250152 1.4106735979665739 0.98657657246324848 15.988234279694042 1.5373136743467035 24.952348896760991 1.7009801096228971
decision_type=2 2 2 2 2 2 2 2 2 2 2 2 2 2 2 2 2 2 2 2 2 2 2 2 2 2 2 2 2 2
left_child=6 2 5 25 17 12 10 19 27 -7 13 -12 -2 -1 -8 16 29 -4 26 21 -21 -6 -20 -17 -19 -3 -9 -5 -11 -16
right_child=1 3 4 8 7 9 14 18 -10 28 11 -13 -14 -15 15 23 -18 24 22 20 -22 -23 -24 -25 -26 -27 -28 -29 -30 -31
leaf_value=-0.028828438582567242 0.049371873709321439 -0.022163529159677113 0.00354029451004243 -0.20928732550662499 0.097197660790129661 -0.0014761536599082106 -0.14171749417781832 -0.0064251741635226031 -0.017094074468213049 0.042684209188842713 -0.14478660381337008 -0.039026044733874818 0.12852710551649765 0.0015655895476888834 -0.012590871709226459 -0.13138752861242547 0.012209929402631062 -0.07362552697598361 0.039318763879662169 0.019516285466858085 0.11345467580216272 0.0435183974179345 0.13656402954588764 -0.06108306727305951 -0.010883418031957713 -0.053308609460136873 0.023384026618836672 -0.11745951663702728 0.13148657469004396 -0.10625305752840736
leaf_weight=1370 44 224 275 22 106 84 24 165 21 46 29 70 137 225 26 37 77 64 60 179 20 120 22 182 88 414 2751 91 24 30
leaf_count=1370 44 224 275 22 106 84 24 165 21 46 29 70 137 225 26 37 77 64 60 179 20 120 22 182 88 414 2751 91 24 30
internal_value=-0.000150729 0.0136427 0.0264623 -0.0557902 0.0222357 0.0748105 -0.0331747 0.0264054 -0.118563 0.033341 -0.0273094 -0.0711945 0.109689 -0.0245395 -0.0594437 -0.0534344 -0.0200106 -0.0111616 0.0229512 0.0506487 0.0295024 0.0690347 0.0668002 -0.0735269 -0.0376424 -0.0424333 0.021694 -0.13706 0.0746243 -0.0638386
internal_weight=7027 4957 4185 772 3850 335 2070 3423 134 154 1694 99 181 1595 376 352 133 427 2998 425 199 226 82 219 152 638 2916 113 70 56
internal_count=7027 4957 4185 772 3850 335 2070 3423 134 154 1694 99 181 1595 376 352 133 427 2998 425 199 226 82 219 152 638 2916 113 70 56
is_linear=0
shrinkage=0.05


Tree=90
num_leaves=31
num_cat=0
split_feature=9 13 14 2 9 9 10 11 11 14 13 14 13 7 2 13 2 11 14 10 5 14 10 8 14 11 14 14 10 10
split_gain=344.424 239.872 66.054 40.6037 40.3413 39.7122 37.7835 52.2222 123.246 69.0828 56.7401 159.906 148.374 37.4576 37.1179 29.1135 52.3149 25.7311 24.8104 23.8785 22.1786 21.6872 45.2372 47.8774 22.8618 22.2937 21.5998 20.8783 20.2393 38.8538
threshold=50.927927795553963 86.449286421636828 3.8572437766710004 -0.99535829673000931 10.520757566281903 11.985264177378578 1.0379760437790215 83.155753283110883 82.902715516720704 2.6185225194236685 94.798390353760212 0.50000000000000167 0.023272343141408275 0.68301270189221941 -0.95878322595067711 74.868000847569036 -0.23343647497176648 99.025586596494165 1.7009801096228971 2.4674274191664027 -0.91597561503675329 1.7953644012660765 18.616911704591129 -0.24999999999999994 1.3503086067019707 22.121877948397245 4.4825586542888045 1.6502525059315416 95.901225819332609 51.827987888901809
decision_type=2 2 2 2 2 2 2 2 2 2 2 2 2 2 2 2 2 2 2 2 2 2 2 2 2 2 2 2 2 2
left_child=1 5 3 -3 -5 -1 13 8 10 28 11 -8 19 -2 -11 16 17 -16 -14 -13 -21 24 -23 -24 -6 -25 -4 -15 29 -9
right_child=6 2 26 4 21 -7 7 9 -10 14 -12 12 18 27 15 -17 -18 -19 -20 20 -22 22 23 25 -26 -27 -28 -29 -30 -31
leaf_value=-0.019960194047835698 0.029032348422823141 -0.0459546627337113 -0.057257122947346598 0.043804693209251094 0.010371152807449069 -0.037591685358525778 -0.13588254946768286 0.010825554544372545 -0.10569582267215959 0.075709646662527885 0.007988204730112719 -0.039370646652850234 -0.015549899480704753 0.016233670408546459 0.005142435819472907 0.039329610222919011 -0.0414679531683214 0.059096959136092135 -0.072198777016903901 -0.018741149986595953 0.020036303674083177 0.04400691284694605 -0.055097081596376718 -0.024068732154555621 0.038180303187422479 0.031608486168268245 -0.010162769346268939 -0.025764453519982369 0.01224657468446767 -0.013981260925618362
leaf_weight=1498 389 27 41 106 372 409 24 408 26 43 1136 21 27 63 52 176 37 38 76 42 260 35 53 31 92 40 60 54 1135 256
leaf_count=1498 389 27 41 106 372 409 24 408 26 43 1136 21 27 63 52 176 37 38 76 42 260 35 53 31 92 40 60 54 1135 256
internal_value=-0.000145648 -0.0138909 0.00807064 0.0131563 0.0154124 -0.023762 0.00876635 0.00703304 0.000229068 0.0121415 0.0020342 -0.0129697 -0.00573127 0.0215868 0.0325767 0.0262102 0.0078246 0.0283773 -0.0576895 0.0109489 0.0145829 0.0105112 -0.00537653 -0.019596 0.015966 0.00723262 -0.0297032 -0.00316178 0.00819254 0.00124732
internal_weight=7027 2764 857 756 729 1907 4263 3757 1612 2145 1586 450 426 506 346 303 127 90 103 323 302 623 159 124 464 71 101 117 1799 664
internal_count=7027 2764 857 756 729 1907 4263 3757 1612 2145 1586 450 426 506 346 303 127 90 103 323 302 623 159 124 464 71 101 117 1799 664
is_linear=0
shrinkage=0.05


Tree=91
num_leaves=31
num_cat=0
split_feature=0 0 9 9 0 9 0 11 0 6 0 9 6 6 10 0 5 10 10 2 5 5 6 0 6 8 11 9 0 0
split_gain=1123.9 1654.28 347.318 243.082 188.219 135.069 112.891 98.4719 84.8753 74.9766 54.1673 55.0513 49.6946 86.5592 49.218 64.4297 294.349 78.8312 272.261 46.3161 42.6345 46.1488 48.126 40.4239 46.9125 58.1202 37.8871 73.2072 35.1812 83.9728
threshold=14.784099480386539 33.515085247392115 81.354789141006933 91.959135942942467 24.952348896760991 94.103452799977234 13.446171925600426 64.282515015832686 15.988234279694042 0.78656609248549303 5.5523993523623654 25.861601723753655 0.78656609248549303 -0.12940952255126037 99.001859223746024 29.501302583033773 0.78656609248549325 99.704355433725681 99.596613759459302 -0.58068084432175959 0.91597561503675362 -0.70710678118654735 -0.12940952255126037 24.952348896760991 0.60355339059327384 -0.68301270189221952 97.841302039970671 98.830879762352055 11.974451615335704 12.375829881771539
decision_type=2 2 2 2 2 2 2 2 2 2 2 2 2 2 2 2 2 2 2 2 2 2 2 2 2 2 2 2 2 2
left_child=5 2 4 20 7 6 10 -2 -4 -5 -1 -12 13 -6 23 17 -17 18 -16 -15 21 22 -3 -10 -25 -26 -7 -28 -13 -30
right_child=1 3 8 9 12 26 -8 -9 14 -11 11 28 -14 19 15 16 -18 -19 -20 -21 -22 -23 -24 24 25 -27 27 -29 29 -31
leaf_value=-0.050566426805897541 0.030443272061490292 -0.032405358559497797 -0.0056863605636051718 -0.14137058658209553 0.15695558445084665 -0.075871508217378134 0.00084931915298772944 0.076850092038050474 0.023564657606725905 -0.061228689347602887 -0.017755357507347365 -0.02572116874996281 0.18475700967691164 0.094641466552019132 0.018032501624684606 0.021827016466242424 -0.14695011318858828 0.026509091994826806 -0.14483162384990964 0.013545175098396582 -0.079744641825556767 -0.02802944592734536 -0.098793541423554704 0.031529133171882738 0.10368325873727686 0.037530318151804666 -0.084468241476158556 0.0054780437790003488 -0.098295231666685884 -0.034261236923347628
leaf_weight=248 325 60 270 86 41 168 389 178 1173 48 941 318 21 49 148 118 32 842 30 28 59 467 52 429 57 83 40 50 68 209
leaf_count=248 325 60 270 86 41 168 389 178 1173 48 941 318 21 49 148 118 32 842 30 28 59 467 52 429 57 83 40 50 68 209
internal_value=-0.000140323 0.0144013 0.0278816 -0.0523153 0.0614111 -0.027629 -0.0235431 0.0469954 0.021098 -0.113366 -0.0288621 -0.0253239 0.112833 0.0985464 0.0235842 0.0156211 -0.0148804 0.0201217 -0.0100443 0.0657677 -0.0393275 -0.0350699 -0.0638742 0.0289177 0.0398837 0.0650438 -0.0617996 -0.0349321 -0.0372354 -0.0502958
internal_weight=7027 4596 3824 772 642 2431 2173 503 3182 134 1784 1536 139 118 2912 1170 150 1020 178 77 638 579 112 1742 569 140 258 90 595 277
internal_count=7027 4596 3824 772 642 2431 2173 503 3182 134 1784 1536 139 118 2912 1170 150 1020 178 77 638 579 112 1742 569 140 258 90 595 277
is_linear=0
shrinkage=0.05


Tree=92
num_leaves=31
num_cat=0
split_feature=0 0 9 9 0 14 9 0 14 14 0 14 1 14 14 14 5 5 9 14 1 0 9 10 8 14 10 9 14 8
split_gain=1014.79 1494.47 314.197 219.728 170.704 124.263 122.283 101.803 93.9914 89.2942 76.6089 56.4831 52.6481 51.1859 50.1339 48.5887 47.6834 44.0293 43.8656 94.5209 39.6233 38.999 38.9441 38.7325 58.1358 193.419 115.327 267.8 39.6136 49.7533
threshold=14.784099480386539 33.515085247392115 81.354789141006933 91.959135942942467 24.952348896760991 1.6502525059315416 94.874454504754127 13.446171925600426 2.9709706077246101 6.1447808621297453 15.988234279694042 3.935098422706091 -0.71322329076259927 6.4487721615662421 0.80208062770104227 1.5373136743467035 -0.60355339059327362 -0.78656609248549303 35.62552890117427 3.5688465635685573 0.94828754594723541 15.988234279694042 52.110918110509324 99.001859223746024 -0.68301270189221952 0.50000000000000167 99.629549906136972 99.998024823357142 1.9697715603591475 -0.5
decision_type=2 2 2 2 2 2 2 2 2 2 2 2 2 2 2 2 2 2 2 2 2 2 2 2 2 2 2 2 2 2
left_child=6 2 4 14 5 22 7 11 -8 15 20 -1 -6 23 -3 -5 -14 -16 19 -7 -4 -21 -2 28 25 -25 27 -27 -12 -30
right_child=1 3 10 9 12 18 8 -9 -10 -11 13 -13 16 -15 17 -17 -18 -19 -20 21 -22 -23 -24 24 -26 26 -28 -29 29 -31
leaf_value=-0.025498384773195399 0.10644678517611642 -0.014068809166702246 0.00053428590558694616 -0.19345413062883463 0.061345868032187861 0.086608623175033886 -0.084699048631193263 0.00067952891464858342 -0.022400006145238877 -0.012152697833000938 0.021629493820626903 -0.068134850418967455 0.079141594957974223 0.098588686964728611 -0.081842853558594247 -0.10676956620634251 0.15741915841144904 -0.039096128163609953 0.0042144482660313584 -0.04937327109277248 -0.06673919186306497 0.027558663244648226 0.058718961876273248 -0.11519892256898696 0.022440150004991728 0.042716821216970624 0.022385545773367432 -0.17765507929325106 0.052679043519663682 0.021169534249231223
leaf_weight=1707 65 171 247 22 46 66 148 391 104 21 1215 81 35 21 72 91 58 395 148 22 23 57 145 33 790 30 289 24 276 234
leaf_count=1707 65 171 247 22 46 66 148 391 104 21 1215 81 35 21 72 91 58 395 148 22 23 57 145 33 790 30 289 24 276 234
internal_value=-0.000135439 0.0136822 0.026495 -0.0497297 0.0583858 0.0446568 -0.0262558 -0.0224183 -0.0591983 -0.107775 0.0200428 -0.0274697 0.107358 0.0224049 -0.037381 -0.125239 0.129168 -0.0458581 0.0234644 0.042915 -0.00540309 0.00572272 0.07395 0.0218159 0.0147455 -0.0014247 0.00981004 -0.0565846 0.0265808 0.0383012
internal_weight=7027 4596 3824 772 642 503 2431 2179 252 134 3182 1788 139 2912 638 113 93 467 293 145 270 79 210 2891 1166 376 343 54 1725 510
internal_count=7027 4596 3824 772 642 503 2431 2179 252 134 3182 1788 139 2912 638 113 93 467 293 145 270 79 210 2891 1166 376 343 54 1725 510
is_linear=0
shrinkage=0.05


Tree=93
num_leaves=31
num_cat=0
split_feature=0 0 9 9 14 9 0 9 0 14 11 0 14 9 9 14 11 14 14 14 0 0 14 3 3 14 0 14 11 14
split_gain=916.276 1299.94 249.838 198.985 162.683 107.012 92.6043 87.1442 82.8499 81.2975 73.4747 66.8276 85.6654 91.8911 53.5671 91.7631 53.0944 53.6242 51.9106 51.0028 50.8821 50.4716 47.5074 48.2274 270.921 53.37 48.4674 47.1051 50.181 46.0645
threshold=14.248928458472095 33.515085247392115 33.002368592365222 94.523829473393974 3.1358142149942365 57.827491105447372 15.988234279694042 93.429480066634895 12.77720814820737 6.1447808621297453 32.065511881209396 7.8268761954987562 2.8919428302325176 97.185174860352348 73.782022760639265 1.6010413278031737 74.151363204731396 5.1133746457258722 1.61296422383711 3.2375397171705318 23.748214097453495 14.784099480386539 6.4487721615662421 967.95000000000016 968.35000000000002 2.1000000000000232 29.501302583033773 3.2908965343808636 48.697631480270807 3.2000000000000077
decision_type=2 2 2 2 2 2 2 2 2 2 2 2 2 2 2 2 2 2 2 2 2 2 2 2 2 2 2 2 2 2
left_child=5 2 4 27 21 8 14 18 -1 -5 -6 -7 13 -13 15 -4 -14 -18 -8 -10 -20 -2 23 26 -25 -26 -9 -3 -29 -16
right_child=1 3 6 9 10 11 7 22 19 -11 -12 12 16 -15 29 -17 17 -19 20 -21 -22 -23 -24 24 25 -27 -28 28 -30 -31
leaf_value=-0.025936789318246192 0.029542006085748258 -0.030175081868264439 0.037927874170420095 -0.11956135504883177 -0.0042113956958055501 -0.12818089370727542 0.071069942501169867 0.098788213030876315 0.0091756773222005008 -0.011572682403705339 0.065771313503279666 -0.041513830053970802 -0.059102897671492474 -0.10451169157070639 -0.014874893558957759 -0.047207478779630781 -0.0097536344805808917 0.079300721272487537 0.019868963364701554 -0.066832089120677368 0.103125233667947 0.11305211571139702 0.093883316814899448 -0.15197869181632997 0.016136166991211929 0.031989663147307966 0.007458183515071869 -0.11239074813631866 -0.033978411402315535 0.047819060496985914
leaf_weight=1460 22 555 168 112 79 24 139 37 273 21 70 230 37 78 346 38 72 21 156 23 20 137 21 22 2001 726 24 38 46 31
leaf_count=1460 22 555 168 112 79 24 139 37 273 21 70 230 37 78 346 38 72 21 156 23 20 137 21 22 2001 726 24 38 46 31
internal_value=-0.000129897 0.0121309 0.023501 -0.0472737 0.0667266 -0.0267091 0.0199125 0.0233035 -0.0210492 -0.102761 0.0288523 -0.0481187 -0.0434383 -0.0577706 0.00159647 0.022047 -0.00926191 0.0109319 0.0482432 0.0030477 0.0298873 0.101785 0.0205107 0.0199274 0.0189329 0.0203688 0.0636356 -0.0355743 -0.0704144 -0.00959359
internal_weight=7027 4809 4037 772 308 2218 3729 3146 1756 133 149 462 438 308 583 206 130 93 315 296 176 159 2831 2810 2749 2727 61 639 84 377
internal_count=7027 4809 4037 772 308 2218 3729 3146 1756 133 149 462 438 308 583 206 130 93 315 296 176 159 2831 2810 2749 2727 61 639 84 377
is_linear=0
shrinkage=0.05


Tree=94
num_leaves=31
num_cat=0
split_feature=9 13 2 3 3 10 11 10 13 1 1 5 2 9 10 9 9 3 1 11 9 11 3 3 1 3 1 5 2 9
split_gain=221.697 169.126 42.7575 41.4311 156.734 55.4628 35.8263 36.3 50.2094 99.4442 453.795 46.6491 68.9216 41.2882 34.9715 33.339 28.0839 25.1992 24.0438 22.3063 21.1147 23.7355 45.4128 19.0655 18.9657 26.4565 26.3155 20.177 18.5198 25.9224
threshold=50.927927795553963 86.449286421636828 -0.99535829673000931 967.95000000000016 968.35000000000002 67.964670414991588 81.190663868775147 1.0379760437790215 78.60540820685803 -0.47714059151611382 -0.39073112848927366 -0.60355339059327362 0.36648727148060622 91.959135942942467 77.320534517909365 11.985264177378578 99.683878331928796 982.6500000000002 -0.11319890333640036 84.656714070058385 97.941618566299269 66.580340373362048 973.55000000000007 977.75000000000011 -0.13052122218260639 983.25000000000011 -0.64278760968653936 0.78656609248549325 -0.16504132135358066 85.226622822597761
decision_type=2 2 2 2 2 2 2 2 2 2 2 2 2 2 2 2 2 2 2 2 2 2 2 2 2 2 2 2 2 2
left_child=1 15 -3 5 -5 -2 7 24 9 14 -11 12 -12 -13 16 -1 -9 -4 -15 -8 -16 22 -22 -24 26 -26 -6 -28 29 -21
right_child=3 2 17 4 6 -7 19 8 -10 10 11 13 -14 18 20 -17 -18 -19 -20 28 21 -23 23 -25 25 -27 27 -29 -30 -31
leaf_value=-0.015960748164430404 0.11293905808812095 -0.049419643591099884 0.001138305545538827 -0.10564454747904695 0.0098259066951586257 0.016620600475506349 0.024150710458421269 -0.060693865594764557 0.0040295749677112108 -0.25774439060552556 0.0082994387736888952 -0.043848379073807828 -0.10429327828809619 -0.0066157469769509945 0.049494978623813947 -0.032105892477738783 0.01398118420165371 0.018629539919305632 0.056116646787543835 0.040433140578031351 -0.067291434485126631 0.052066788436925929 0.034910793066532775 -0.02053864502736057 -0.019741384043705231 0.043917266554199162 0.07371385132438607 0.013296720270406119 0.0029246453140774863 0.01093083272982372
leaf_weight=1498 20 31 433 30 66 54 283 29 1070 21 26 25 27 25 39 409 21 393 37 78 21 22 43 23 50 23 44 21 766 1399
leaf_count=1498 20 31 433 30 66 54 283 29 1070 21 26 25 27 25 39 409 21 393 37 78 21 22 43 23 50 23 44 21 766 1399
internal_value=-0.000124376 -0.0111522 0.00728745 0.00702552 0.006363 0.043878 0.00719735 0.00142079 -0.00139764 -0.0175536 -0.046612 -0.0133033 -0.0498357 0.0092087 0.00616503 -0.0194411 -0.0295731 0.00947892 0.0310385 0.0109277 0.0183897 0.00686611 -0.00496891 0.0154947 0.0210985 0.000570322 0.032409 0.0547674 0.00924714 0.0125185
internal_weight=7027 2764 857 4263 4189 74 4159 1633 1429 359 161 140 53 87 198 1907 50 826 62 2526 148 109 87 66 204 73 131 65 2243 1477
internal_count=7027 2764 857 4263 4189 74 4159 1633 1429 359 161 140 53 87 198 1907 50 826 62 2526 148 109 87 66 204 73 131 65 2243 1477
is_linear=0
shrinkage=0.05


Tree=95
num_leaves=31
num_cat=0
split_feature=0 0 9 9 0 9 14 14 0 14 14 9 2 14 9 14 1 5 0 14 0 0 5 1 10 0 14 10 10 0
split_gain=809.11 1191.49 277.299 182.283 133.689 100.973 100.556 99.0341 92.0557 78.585 75.2078 64.7854 60.4866 57.4626 60.926 49.1095 48.4807 47.812 46.429 44.2706 41.302 38.8861 38.7038 37.6323 37.5787 55.7859 283.621 68.4544 334.522 37.5222
threshold=14.917892235865152 33.515085247392115 74.86724145929243 91.959135942942467 24.952348896760991 94.874454504754127 1.4000000000000163 3.935098422706091 13.446171925600426 2.9709706077246101 2.7952334667561165 48.730823633128871 -0.5663846699108962 1.6010413278031737 11.985264177378578 4.4825586542888045 -0.68832836526074759 -0.60355339059327362 15.988234279694042 0.80208062770104227 29.768888093990999 15.586856013258206 -0.78656609248549303 0.94828754594723541 99.001859223746024 29.501302583033773 0.50000000000000167 99.683878331928796 99.596613759459302 13.71375743655765
decision_type=2 2 2 2 2 2 2 2 2 2 2 2 2 2 2 2 2 2 2 2 2 2 2 2 2 2 2 2 2 2
left_child=5 2 4 19 6 7 21 8 -1 -7 -5 13 -12 -10 -15 18 -6 -18 23 -3 -17 -2 -21 -4 -20 27 -27 28 -26 -11
right_child=1 3 15 10 16 9 -8 -9 11 29 12 -13 -14 14 -16 20 17 -19 24 22 -22 -23 -24 -25 25 26 -28 -29 -30 -31
leaf_value=-0.022377206793330089 0.050940874181131829 -0.011076078803960755 0.0027131871519236201 -0.13867066612009143 0.05800007618211496 -0.074630672807846243 0.025968126938522063 -0.068315780369378631 0.049451188531900774 -0.036916526546462984 -0.031197588511485658 -0.01325887192898155 -0.12969355834567028 0.060355538825194038 -0.042784539148211481 0.032683725283181267 0.072492206026282577 0.15163702252286454 0.023489918768471906 -0.074642649847656908 0.09921220793326696 0.10759024735924508 -0.034598189271113959 -0.062957735006736279 0.015499293723195376 -0.18270669626199051 0.012477249600424255 0.021746448799207129 -0.1861336457418899 0.028939208577076592
leaf_weight=1707 66 171 238 60 51 158 297 99 108 77 52 226 22 20 44 117 35 53 1682 72 29 62 395 23 143 21 120 827 23 29
leaf_count=1707 66 171 238 60 51 158 297 99 108 77 52 226 22 20 44 117 35 53 1682 72 29 62 395 23 143 21 120 827 23 29
internal_value=-0.00011927 0.0123626 0.0239054 -0.0442111 0.0562281 -0.0231741 0.042112 -0.0196527 -0.0173303 -0.0523683 -0.0970766 0.00430471 -0.0618857 0.0273546 -0.0100437 0.018232 0.0987437 0.121383 0.0168736 -0.0329654 0.0465173 0.0790405 -0.0409291 -0.00327303 0.0187432 0.0116837 -0.0176394 0.0158659 -0.0133551 -0.0187506
internal_weight=7027 4559 3787 772 564 2468 425 2204 2105 264 134 398 74 172 64 3223 139 88 3077 638 146 128 467 261 2816 1134 141 993 166 106
internal_count=7027 4559 3787 772 564 2468 425 2204 2105 264 134 398 74 172 64 3223 139 88 3077 638 146 128 467 261 2816 1134 141 993 166 106
is_linear=0
shrinkage=0.05


Tree=96
num_leaves=31
num_cat=0
split_feature=0 0 14 11 6 14 10 0 13 3 0 0 0 14 3 14 11 0 11 2 0 6 2 6 3 3 7 0 11 14
split_gain=730.259 1076.41 85.2787 84.0701 95.1012 74.9007 63.1245 77.3014 60.9458 59.7577 54.8096 99.6349 54.663 52.1205 45.7251 42.3669 38.3596 51.8054 80.1773 60.6377 37.7567 53.2336 37.3189 36.5684 50.6076 297.586 248.616 56.3783 56.033 54.4009
threshold=14.917892235865152 33.515085247392115 1.6010413278031737 17.094283930892527 0.60355339059327384 3.4122328955294616 51.827987888901809 32.846121469999055 1.0000000180025095e-35 971.85000000000002 11.974451615335704 12.77720814820737 9.6999747721993135 6.4487721615662421 970.55000000000007 2.8919428302325176 96.054947289492091 13.71375743655765 49.141485414339662 -0.71322329076259927 24.550970630325157 0.60355339059327384 -0.77159520228797429 0.78656609248549303 971.85000000000002 971.35000000000002 0.25000000000000011 15.720648768736817 87.92173451199649 2.9709706077246101
decision_type=2 2 2 2 2 2 2 2 2 2 2 2 2 2 2 2 2 2 2 2 2 2 2 2 2 2 2 2 2 2
left_child=2 6 16 5 22 -3 7 9 15 20 12 -12 -10 23 -6 -4 17 -1 -19 -20 -2 -22 -5 24 25 26 -8 -26 -29 -30
right_child=1 3 8 4 14 -7 13 -9 10 -11 11 -13 -14 -15 -16 -17 -18 18 19 -21 21 -23 -24 -25 27 -27 -28 28 29 -31
leaf_value=-0.017233058592446306 0.032633398585898032 -0.017575358633281527 -0.034462251029908658 -0.05619690926691804 0.0071250091055766731 -0.10752383102029561 0.026792352296193773 0.11575069362918536 -0.032257292950729398 0.025518729869378323 -0.091333997842349163 -0.03035134439764961 -0.002181101915089691 0.09156441293035944 -0.046488450505288458 -0.13571616019442445 -0.064257891847865303 0.057202687662455343 -0.069843285629017787 0.0043991005735641185 0.056091374054328728 0.14659017685962761 -0.098477861224750038 0.028692306748652391 -0.013609462684757118 -0.154297444537282 -0.14885951813691384 0.031034334760163419 0.0078576317367963795 0.054538355834562992
leaf_weight=1117 84 330 20 103 55 24 238 26 428 1076 90 263 234 23 139 23 36 61 32 164 66 22 121 556 133 29 21 670 776 67
leaf_count=1117 84 330 20 103 55 24 238 26 428 1076 90 263 234 23 139 23 36 61 32 164 66 22 121 556 133 29 21 670 776 67
internal_value=-0.000115347 0.0117427 -0.022018 -0.0420294 -0.0572152 -0.0239734 0.022714 0.0317902 -0.0327488 0.0299457 -0.0302068 -0.0461275 -0.021653 0.0180999 -0.0313045 -0.0905885 -0.0139451 -0.0125774 0.00762632 -0.00798973 0.0573037 0.0801651 -0.0793946 0.0173828 0.0141157 -0.0051919 0.0120133 0.0174981 0.0202431 0.0116339
internal_weight=7027 4559 2468 772 418 354 3787 1274 1058 1248 1015 353 662 2513 194 43 1410 1374 257 196 172 88 224 2490 1934 288 259 1646 1513 843
internal_count=7027 4559 2468 772 418 354 3787 1274 1058 1248 1015 353 662 2513 194 43 1410 1374 257 196 172 88 224 2490 1934 288 259 1646 1513 843
is_linear=0
shrinkage=0.05


Tree=97
num_leaves=31
num_cat=0
split_feature=0 0 9 9 0 14 9 14 11 0 14 14 9 14 9 0 14 9 14 11 11 14 11 14 3 3 14 3 0 14
split_gain=659.428 972.282 246.59 160.09 123.511 89.6799 87.8735 85.8536 122.243 77.6153 71.4074 70.179 58.791 48.5149 55.1636 43.9135 43.4355 54.8817 42.398 44.9016 41.9199 43.3061 39.1684 39.1196 39.4158 227.891 46.7275 45.7567 43.4862 39.1195
threshold=14.917892235865152 33.515085247392115 81.354789141006933 91.959135942942467 24.952348896760991 1.446835627614101 94.874454504754127 3.935098422706091 60.830954716761148 13.446171925600426 2.9709706077246101 6.1447808621297453 48.730823633128871 1.6010413278031737 11.985264177378578 15.988234279694042 1.4798648586948733 1.0373867663658365 1.5373136743467035 98.622603640608347 81.985041430089026 5.1133746457258722 61.465152539536483 6.4487721615662421 967.95000000000016 968.35000000000002 2.1000000000000232 979.45000000000016 29.501302583033773 0.98657657246324848
decision_type=2 2 2 2 2 2 2 2 2 2 2 2 2 2 2 2 2 2 2 2 2 2 2 2 2 2 2 2 2 2
left_child=6 2 4 29 5 -2 7 9 -9 -1 -8 18 13 -11 -15 -4 -6 -18 -5 -20 -12 -22 -7 24 28 -26 -27 -28 -17 -3
right_child=1 3 15 11 16 22 10 8 -10 12 20 -13 -14 14 -16 23 17 -19 19 -21 21 -23 -24 -25 25 26 27 -29 -30 -31
leaf_value=-0.020113620076604763 0.067936303557348462 -0.012472257762133248 -0.0040364715627460614 -0.16806046294129418 0.14145107779997801 0.010876790422136006 -0.0693769381930993 -0.12287017431110143 -0.011597522021863949 0.046643590705657233 -0.060105531406071444 -0.0049976823377338329 -0.012346355742713363 0.05892676915441241 -0.03920900754382213 0.08994465528350129 0.051451499422009189 0.13382473906823275 -0.11628710306382606 -0.042657760077130957 -0.019298522402258479 0.064620734568346633 0.049217129829339686 0.084229556728493082 -0.14050230547785761 0.013642617596039425 0.037865519015229665 0.012238658730251095 0.0035965116500854492 -0.038515563919227176
leaf_weight=1707 166 224 253 22 34 222 158 45 54 108 35 21 226 20 44 37 77 28 55 36 50 21 95 21 22 2061 466 281 24 414
leaf_count=1707 166 224 253 22 34 222 158 45 54 108 35 21 226 20 44 37 77 28 55 36 50 21 95 21 22 2061 466 281 24 414
internal_value=-0.000112745 0.0111555 0.0215827 -0.0399495 0.0503462 0.038235 -0.0209262 -0.0176414 -0.0629489 -0.0154793 -0.0481596 -0.0894871 0.00438493 0.0263422 -0.0080299 0.0159143 0.0918209 0.0745201 -0.104963 -0.0879936 -0.0161343 0.00600599 0.0225012 0.0176501 0.0171358 0.0162625 0.017542 0.0282614 0.0566582 -0.0294135
internal_weight=7027 4559 3787 772 622 483 2468 2204 99 2105 264 134 398 172 64 3165 139 105 113 91 106 71 317 2912 2891 2830 2808 747 61 638
internal_count=7027 4559 3787 772 622 483 2468 2204 99 2105 264 134 398 172 64 3165 139 105 113 91 106 71 317 2912 2891 2830 2808 747 61 638
is_linear=0
shrinkage=0.05


Tree=98
num_leaves=31
num_cat=0
split_feature=0 0 9 9 14 0 9 9 11 14 14 0 0 0 14 14 0 0 0 14 11 9 3 3 10 10 0 5 14 11
split_gain=601.616 820.339 214.324 145.208 135.23 107.747 94.1634 74.193 65.5184 63.9555 52.9245 52.7078 51.3802 84.7083 57.4008 49.1621 47.8055 44.8209 44.2121 42.9432 63.8621 41.7427 40.5821 208.133 53.7984 40.2983 39.8936 39.8852 41.3308 44.653
threshold=13.847550192036261 33.515085247392115 33.002368592365222 94.523829473393974 3.1358142149942365 15.185477746822373 57.827491105447372 93.429480066634895 32.065511881209396 6.1447808621297453 3.0816660261399726 12.242037126292926 7.5592906845415344 11.974451615335704 2.5713161146840076 1.44222051018543 12.509622637250152 12.77720814820737 23.748214097453495 4.9458712873890134 84.320483706395962 73.782022760639265 967.95000000000016 968.35000000000002 98.180664744996776 1.3759494204810943 14.784099480386539 0.91597561503675362 3.2908965343808636 49.141485414339662
decision_type=2 2 2 2 2 2 2 2 2 2 2 2 2 2 2 2 2 2 2 2 2 2 2 2 2 2 2 2 2 2
left_child=6 2 4 27 26 -4 10 15 -6 25 17 -12 -8 14 -14 21 -15 -1 -17 22 -21 -7 24 -24 -9 -5 -2 28 29 -3
right_child=1 3 5 9 8 7 12 19 -10 -11 11 -13 13 16 -16 18 -18 -19 -20 20 -22 -23 23 -25 -26 -27 -28 -29 -30 -31
leaf_value=-0.018148018176291719 0.042590442264957042 -0.0088916445473934246 -0.0089222569388085031 -0.054184930542030857 -0.0080424582572544336 0.081977204923019853 -0.12010508415373888 0.10203635815779369 0.057076786530374651 -0.0047591568428007047 -0.032234370312075211 -0.11122904287576676 -0.047871716648601653 -0.11140761474637612 0.017619132436581968 0.01437656888608066 -0.04871642285823069 0.0064499247156480262 0.090679903012656035 0.025537728580505882 0.12534335509652184 0.034768128824915305 -0.13368129289126957 0.014191847396869135 0.0083638009835373291 -0.12104103794877792 0.098971863018645745 -0.066954435352701708 -0.056888673690817806 -0.041952530111981717
leaf_weight=1303 44 356 427 36 84 85 21 29 70 21 152 24 56 37 80 210 182 215 20 72 20 110 23 2822 32 76 137 59 81 143
leaf_count=1303 44 356 427 36 84 85 21 29 70 21 152 24 56 37 80 210 182 215 20 72 20 110 23 2822 32 76 137 59 81 143
internal_value=-0.000107221 0.00934617 0.0180842 -0.0379784 0.0563944 0.0147357 -0.0227411 0.0176901 0.0217022 -0.0853709 -0.0176929 -0.0436022 -0.0453646 -0.0406043 -0.00946378 0.0372348 -0.0597891 -0.0146589 0.0213971 0.0149062 0.0484028 0.0556852 0.0138278 0.0129481 0.0539048 -0.100266 0.0856027 -0.0279885 -0.0239077 -0.018441
internal_weight=7027 4957 4185 772 335 3850 2070 3423 154 133 1694 176 376 355 136 425 219 1518 230 2998 92 195 2906 2845 61 112 181 639 580 499
internal_count=7027 4957 4185 772 335 3850 2070 3423 154 133 1694 176 376 355 136 425 219 1518 230 2998 92 195 2906 2845 61 112 181 639 580 499
is_linear=0
shrinkage=0.05


Tree=99
num_leaves=31
num_cat=0
split_feature=0 0 9 9 14 0 9 9 14 0 0 0 14 11 13 11 0 0 9 14 14 9 0 14 11 14 14 11 5 14
split_gain=543.447 741.244 193.66 131.313 122.139 97.9992 85.7522 61.9119 60.328 59.9698 55.1648 60.4023 102.352 53.3285 52.9369 51.0002 49.067 48.9066 48.5895 88.4866 42.8367 41.0952 39.762 39.0517 47.0442 37.9726 37.1404 36.7492 36.072 37.3562
threshold=13.847550192036261 33.515085247392115 33.002368592365222 94.523829473393974 3.1358142149942365 15.319270502300986 33.597978593069435 93.429480066634895 1.8147543451755144 15.586856013258206 5.819984863319589 11.974451615335704 1.2096831541082704 99.124595016582489 11.897521560655624 36.144973851799648 12.375829881771539 11.439280593421261 57.827491105447372 0.85049005481195949 1.44222051018543 73.782022760639265 23.748214097453495 5.9311318167520559 55.586924021244791 1.4571661996263046 2.5713161146840076 75.536509659330008 0.91597561503675362 3.2908965343808636
decision_type=2 2 2 2 2 2 2 2 2 2 2 2 2 2 2 2 2 2 2 2 2 2 2 2 2 2 2 2 2 2
left_child=6 2 4 28 25 18 14 20 -5 -6 -8 17 16 -10 -1 -11 -13 26 19 -4 21 -7 27 -9 -25 -2 -12 -22 29 -3
right_child=1 3 5 8 9 7 10 23 13 15 11 12 -14 -15 -16 -17 -18 -19 -20 -21 22 -23 -24 24 -26 -27 -28 -29 -30 -31
leaf_value=-0.028491342245735386 0.1160478751073804 -0.017524499165101442 0.062756669236967974 -0.1459749849089261 -0.039363074632305088 0.081336179536271425 -0.10743123644246505 0.013743509723264559 -0.082849804908968525 0.011476954121429185 -0.047347515548546139 -0.075716389012900565 -0.073723817575262501 -0.00022069712755856693 -0.0073140589245107015 0.078296336945773967 -0.012667737411566736 0.019269325140324471 -0.017229268252958507 -0.022798837702721356 0.00061534812537332375 0.032361322214038903 0.086361812440057598 0.0087746194005012511 0.11534350782632828 0.064986523445399985 -0.0056252069545623205 0.046999229136543974 -0.063662508593872194 -0.054078927819912394
leaf_weight=436 56 499 59 28 32 76 25 2942 79 77 111 36 177 26 915 45 192 75 341 60 149 103 20 21 20 125 103 59 59 81
leaf_count=436 56 499 59 28 32 76 25 2942 79 77 111 36 177 26 915 45 192 75 341 60 149 103 20 21 20 125 103 59 59 81
internal_value=-0.000103888 0.00888083 0.017187 -0.0361044 0.0536038 0.0140039 -0.0216158 0.0169424 -0.0811733 0.0206313 -0.0355638 -0.0328168 -0.045269 -0.0626315 -0.0141682 0.0366003 -0.0229318 -0.0152534 -0.00763067 0.0197473 0.0352312 0.0535192 0.0206806 0.0144345 0.062387 0.0813628 -0.027409 0.0139582 -0.0266039 -0.0227224
internal_weight=7027 4957 4185 772 335 3850 2070 3390 133 154 719 694 405 105 1351 122 228 289 460 119 407 179 228 2983 41 181 214 208 639 580
internal_count=7027 4957 4185 772 335 3850 2070 3390 133 154 719 694 405 105 1351 122 228 289 460 119 407 179 228 2983 41 181 214 208 639 580
is_linear=0
shrinkage=0.05


Tree=100
num_leaves=31
num_cat=0
split_feature=0 0 9 9 14 0 9 0 14 11 9 14 0 0 0 14 9 14 14 11 14 0 14 11 3 3 0 14 3 11
split_gain=491.798 666.165 172.456 118.861 109.613 93.9042 82.0238 74.6525 57.409 94.051 56.0443 46.4403 43.9721 43.6408 74.4027 63.5183 42.7125 100.574 39.1464 38.7417 40.8215 36.252 35.9201 56.6232 36.3049 189.269 38.7068 38.4393 47.5457 40.9046
threshold=13.71375743655765 33.515085247392115 33.002368592365222 94.523829473393974 1.61296422383711 15.319270502300986 59.007192305190763 15.586856013258206 3.935098422706091 97.33108727521676 93.429480066634895 3.2000000000000077 12.242037126292926 7.8268761954987562 11.974451615335704 2.5990381056766223 57.827491105447372 0.85049005481195949 1.8488730364619066 47.141488553165409 3.1617503941938545 12.509622637250152 4.9458712873890134 84.320483706395962 967.95000000000016 968.35000000000002 29.501302583033773 2.1000000000000232 979.45000000000016 94.039382167047705
decision_type=2 2 2 2 2 2 2 2 2 2 2 2 2 2 2 2 2 2 2 2 2 2 2 2 2 2 2 2 2 2
left_child=6 2 4 -3 -2 16 11 -6 -5 -10 18 -1 -13 -8 15 -15 17 -4 -7 20 -9 -16 24 -24 26 -26 -12 -27 29 -29
right_child=1 3 5 8 7 10 13 19 9 -11 22 12 -14 14 21 -17 -18 -19 -20 -21 -22 -23 23 -25 25 27 -28 28 -30 -31
leaf_value=-0.013620954337997294 0.10284312522353289 -0.025285018567381485 0.059978881215662777 -0.10177303382043923 -0.0085816498192614072 0.046817291485898672 -0.11014373268770135 0.076307196563109761 -0.095244160228305397 0.042554959188336912 0.082024425064262593 -0.0309370293647446 -0.10660348875043185 -0.050246190273991 -0.10246885456472032 0.02165985842520992 -0.01629231638275087 -0.027340366895955343 0.015298400432749213 0.081877011862486165 0.01515462156261007 -0.0464702103015813 0.022836973942714195 0.11678493142127991 -0.12793428177169214 0.0097144568728352552 0.00067662161886692057 0.020846229453073368 0.0064782732261775174 0.052474893188147353
leaf_weight=1539 76 639 66 85 72 234 22 39 26 22 37 131 22 51 36 74 357 64 173 66 89 161 72 20 23 2113 24 260 263 171
leaf_count=1539 76 639 66 85 72 234 22 39 26 22 37 131 22 51 36 74 357 64 173 66 89 161 72 20 23 2113 24 260 263 171
internal_value=-9.92175e-05 0.00834849 0.0161643 -0.0343243 0.0501587 0.0131521 -0.0208041 0.0347584 -0.0772038 -0.0324047 0.0161015 -0.0162563 -0.0424712 -0.0430468 -0.0381202 -0.00780407 -0.00735899 0.0170722 0.0335024 0.0508306 0.0342729 -0.0571946 0.0137152 0.0443504 0.0127236 0.0118872 0.0506265 0.0130798 0.0232904 0.033499
internal_weight=7027 4991 4219 772 342 3877 2036 266 133 48 3390 1692 153 344 322 125 487 130 407 194 128 197 2983 92 2891 2830 61 2807 694 431
internal_count=7027 4991 4219 772 342 3877 2036 266 133 48 3390 1692 153 344 322 125 487 130 407 194 128 197 2983 92 2891 2830 61 2807 694 431
is_linear=0
shrinkage=0.05


Tree=101
num_leaves=31
num_cat=0
split_feature=0 0 10 14 11 10 0 3 14 13 11 14 14 2 3 10 14 2 1 14 11 14 0 2 0 14 0 0 0 0
split_gain=446.423 650.363 66.2109 62.5926 58.5526 55.2379 63.1276 62.5642 58.7856 52.1963 48.4229 44.5154 40.4317 39.4454 35.4988 174.999 197.668 48.9202 158.43 358.847 50.1147 65.9962 37.5393 33.7452 31.798 31.7308 30.4076 119.648 72.8341 41.5741
threshold=14.917892235865152 33.515085247392115 1.8138205639960416 0.85049005481195949 0.80592788309186747 51.827987888901809 24.952348896760991 980.1500000000002 2.0033305601755513 1.0000000180025095e-35 82.676365640927543 2.8919428302325176 6.4487721615662421 -0.63605400036818849 968.1500000000002 98.765169597812914 1.44222051018543 -0.89490028524376719 -0.39073112848927366 0.8621678104251419 88.968612655204211 2.3776730034132303 15.85444152421543 -0.7933231318270072 15.988234279694042 1.1999999999999982 11.974451615335704 12.108244370814317 11.305487837942648 12.911000903685983
decision_type=2 2 2 2 2 2 2 2 2 2 2 2 2 2 2 2 2 2 2 2 2 2 2 2 2 2 2 2 2 2
left_child=3 5 -3 -1 -4 6 -2 8 10 11 -8 -5 14 -6 15 -7 -17 18 19 -16 24 22 -22 -23 25 -19 28 -28 -11 -29
right_child=1 2 4 9 13 12 7 -9 -10 26 -12 -13 -14 -15 17 16 -18 20 -20 -21 21 23 -24 -25 -26 -27 27 29 -30 -31
leaf_value=-0.0045226739073713149 0.019051751631155869 -0.016945550637717358 -0.017921943217370426 -0.027496523322730233 -0.044293284769997832 0.082347346413135528 0.063793136856208243 0.00026091261996307239 0.07961692149433057 -0.020198641569186611 0.010787784143849606 -0.12190038760037472 0.078071150854229929 -0.083640832674645255 -0.24291318107218973 0.019617434545703558 -0.19385789377703555 0.025072179494586417 0.010996933468387858 0.0047045822612637169 -0.038842264320895388 0.095223526704311376 0.0067077389431546234 0.029610821449930227 0.02933453407976205 -0.020501608014106752 -0.13032883356724467 -0.046739433657377961 0.020344860030426865 -0.01726509356506321
leaf_weight=698 906 362 127 28 179 24 77 68 125 919 98 23 23 104 20 22 20 83 437 48 47 24 780 102 814 69 27 159 125 489
leaf_count=698 906 362 127 28 179 24 77 68 125 919 98 23 23 104 20 22 20 83 437 48 47 24 780 102 814 69 27 159 125 489
internal_value=-9.47447e-05 0.00917658 -0.0326201 -0.01722 -0.0463725 0.0177047 0.026191 0.0436547 0.0534405 -0.0222189 0.0343685 -0.0716925 0.0133918 -0.0590144 0.0127613 -0.0231512 -0.0840655 0.0137503 -8.69475e-05 -0.0705167 0.0173924 0.00923461 0.00406922 0.0427992 0.0254174 0.00435262 -0.0207074 -0.0289903 -0.0153247 -0.0245658
internal_weight=7027 4559 772 2468 410 3787 1274 368 300 1770 175 51 2513 283 2490 66 42 2424 505 68 1919 953 827 126 966 152 1719 675 1044 648
internal_count=7027 4559 772 2468 410 3787 1274 368 300 1770 175 51 2513 283 2490 66 42 2424 505 68 1919 953 827 126 966 152 1719 675 1044 648
is_linear=0
shrinkage=0.05


Tree=102
num_leaves=31
num_cat=0
split_feature=13 9 6 8 11 11 2 11 6 9 14 11 11 14 9 14 14 2 2 14 7 1 9 11 1 8 2 11 9 2
split_gain=85.5869 99.1986 79.8825 59.4711 36.6245 283.952 48.7672 34.9549 40.8691 32.3764 25.0741 110.517 76.9747 60.3757 38.3733 88.5949 43.8793 30.5352 306.849 35.4498 24.6581 24.6104 24.4153 23.1632 23.0098 22.9014 22.0308 20.3375 19.4191 18.6446
threshold=82.465179678760123 87.621977398153518 0.60355339059327384 -0.68301270189221952 50.131359211815813 49.862219011660549 0.38266886095259278 33.501944707248548 -0.12940952255126037 11.985264177378578 1.6502525059315416 93.048950055398564 45.094808292560053 2.9709706077246101 10.947455176544299 3.8572437766710004 5.1133746457258722 -0.64942331933852315 -0.68832836526074781 2.1126602503321092 0.25000000000000011 -0.35019404643548446 0.97564424962113738 32.964864696295074 -0.73724926354828224 1.0000000180025095e-35 -0.21643137258081238 99.296003231723176 99.704355433725681 0.76037701167087501
decision_type=2 2 2 2 2 2 2 2 2 2 2 2 2 2 2 2 2 2 2 2 2 2 2 2 2 2 2 2 2 2
left_child=1 9 4 21 5 6 7 8 -3 -1 12 14 29 -13 15 22 -17 18 23 25 -6 28 -12 -16 -15 -19 -21 -22 -4 -2
right_child=10 2 3 -5 20 -7 -8 -9 -10 -11 11 13 -14 24 17 16 -18 19 -20 26 27 -23 -24 -25 -26 -27 -28 -29 -30 -31
leaf_value=-0.009369324269125642 0.036967011471574628 0.073316792142060064 0.059198649237553282 0.0069165288342437781 0.009472649584618513 -0.19115811327641663 -0.063355908113718037 -0.017913381815972653 0.00096434278858148243 -0.02423177831151168 0.0030731444706519444 0.0096940117542756582 0.0043556920266222161 0.081183210648596293 -0.040152094278351536 -0.078964712280651619 0.011843374717235566 -0.042686348487839629 -0.20034804355839025 0.019709515338258224 -0.018025813786049633 0.079026823804086585 0.057600496077578368 -0.0045936336982922796 0.034484764950376161 -0.0065403831422166979 -0.004863924420647113 0.016007170201720374 0.014393987055601819 0.010941404662361102
leaf_weight=1492 251 35 44 182 444 21 24 54 43 487 29 253 2036 45 55 28 24 85 22 128 190 48 72 256 70 91 310 56 55 97
leaf_count=1492 251 35 44 182 444 21 24 54 43 487 29 253 2036 45 55 28 24 85 22 128 190 48 72 256 70 91 310 56 55 97
internal_value=-9.31509e-05 -0.00617079 0.00519221 0.0261304 -0.0027684 -0.0229931 0.000685999 0.0127564 0.0340106 -0.0130397 0.00491533 -0.000222408 0.00807987 0.0234556 -0.00816244 0.0149879 -0.0375263 -0.0119198 -0.0240931 -0.00528113 0.00243822 0.0496778 0.0421768 -0.0110067 0.0533435 -0.024168 0.0023345 -0.0102248 0.03475 0.0297792
internal_weight=7027 3175 1196 329 867 177 156 132 78 1979 3852 1468 2384 368 1100 153 52 947 333 614 690 147 101 311 115 176 438 246 99 348
internal_count=7027 3175 1196 329 867 177 156 132 78 1979 3852 1468 2384 368 1100 153 52 947 333 614 690 147 101 311 115 176 438 246 99 348
is_linear=0
shrinkage=0.05


Tree=103
num_leaves=31
num_cat=0
split_feature=0 0 9 0 9 9 9 14 14 11 14 14 9 14 0 14 9 14 9 0 14 14 11 11 11 14 9 5 14 5
split_gain=396.046 576.764 174.528 138.815 108.92 73.3656 68.5275 65.2663 64.9914 105.562 53.7336 52.3409 53.1615 51.8708 49.1323 41.5603 40.7567 38.9918 37.5066 37.4947 44.3224 36.8267 58.96 43.6743 34.3122 38.0365 33.11 32.9013 34.3113 40.733
threshold=14.917892235865152 33.515085247392115 93.429480066634895 24.952348896760991 94.523829473393974 0.97564424962113738 94.874454504754127 2.9709706077246101 3.935098422706091 60.830954716761148 6.1447808621297453 3.5688465635685573 34.444690269345777 1.61296422383711 13.446171925600426 1.4798648586948733 32.334639737021092 1.6010413278031737 11.985264177378578 15.720648768736817 1.6010413278031737 0.85049005481195949 49.141485414339662 82.222273270484052 81.985041430089026 5.1133746457258722 54.374155520381741 0.91597561503675362 1.5373136743467035 -0.60355339059327362
decision_type=2 2 2 2 2 2 2 2 2 2 2 2 2 2 2 2 2 2 2 2 2 2 2 2 2 2 2 2 2 2
left_child=6 2 3 11 27 15 8 -8 14 -10 -6 12 -2 26 -1 -5 17 -16 -19 20 -4 22 -18 -23 -9 -26 -14 28 -3 -30
right_child=1 4 19 5 10 -7 7 24 9 -11 -12 -13 13 -15 16 -17 21 18 -20 -21 -22 23 -24 -25 25 -27 -28 -29 29 -31
leaf_value=-0.015127568494024702 0.076691227543598695 -0.007197397830451719 -0.04165389713162268 0.11025386183460556 -0.085406745057717892 0.14159103178681853 -0.060536554183784598 -0.049528900970601371 -0.10840220884784409 -0.005125404507937757 0.0013903840732845396 -0.00095480626148325724 0.076422060523872029 0.0035728777395825544 0.06519959327388318 0.039638050262075973 0.068712373989469874 0.054496967423529857 -0.030973110259933902 0.012520524676828751 0.015978372926040301 -0.049671687104801347 -0.0042102874814222259 0.01275809282395575 -0.013522401146736801 0.065135117843747134 0.032200650609439718 -0.057428142837869636 -0.063834937567848513 -0.019515026695258227
leaf_weight=1707 66 316 70 29 112 38 158 35 45 54 21 126 53 140 46 77 33 20 32 2906 62 74 149 44 50 21 220 59 71 193
leaf_count=1707 66 316 70 29 112 38 158 35 45 54 21 126 53 140 46 77 33 20 32 2906 62 74 149 44 50 21 220 59 71 193
internal_value=-8.95111e-05 0.00864301 0.0166742 0.0382805 -0.0307176 0.0822858 -0.0162196 -0.0402642 -0.0133203 -0.052734 -0.0717565 0.0276798 0.0352088 0.0283983 -0.0114401 0.0598541 0.0043612 0.0321889 0.00221365 0.0113348 -0.01463 -0.00478932 0.00928786 -0.0264392 -0.00971692 0.0102546 0.0410516 -0.0220692 -0.0183711 -0.0316492
internal_weight=7027 4559 3787 749 772 144 2468 264 2204 99 133 605 479 413 2105 106 398 98 52 3038 132 300 182 118 106 71 273 639 580 264
internal_count=7027 4559 3787 749 772 144 2468 264 2204 99 133 605 479 413 2105 106 398 98 52 3038 132 300 182 118 106 71 273 639 580 264
is_linear=0
shrinkage=0.05


Tree=104
num_leaves=31
num_cat=0
split_feature=11 13 14 6 14 11 9 14 9 9 11 14 11 9 14 14 11 9 10 10 3 14 9 3 14 13 1 9 9 1
split_gain=70.5204 77.2014 66.1353 64.7458 53.7698 79.9724 53.5923 296.208 53.3338 41.7749 36.3878 34.1508 37.1803 38.875 32.2071 43.8194 43.2588 29.0634 31.3336 260.013 65.6278 52.909 28.7031 28.6177 25.8266 24.6668 22.7551 22.7211 32.9274 23.7689
threshold=65.538172084332032 71.250986442531612 3.5688465635685573 -0.70710678118654757 4.3833014991161035 97.841302039970671 99.998024823357142 1.0692676621564752 91.959135942942467 96.988177008751009 11.617639171237975 3.2375397171705318 32.065511881209396 0.53869879451611158 1.6502525059315416 2.1126602503321092 45.094808292560053 1.1020380015704603 99.683878331928796 99.596613759459302 970.75000000000011 1.2096831541082704 13.082501815756736 970.45000000000016 7.21086607314649 1.0000000180025095e-35 -0.39073112848927366 15.652690584745949 73.782022760639265 0.25037047035109428
decision_type=2 2 2 2 2 2 2 2 2 2 2 2 2 2 2 2 2 2 2 2 2 2 2 2 2 2 2 2 2 2
left_child=1 3 10 8 17 24 9 -8 25 11 -3 22 13 -13 16 27 -12 -2 19 20 21 -19 -5 26 -6 -1 -20 -16 29 -29
right_child=4 2 -4 6 5 -7 7 -9 -10 -11 14 12 -14 -15 15 -17 -18 18 23 -21 -22 -23 -24 -25 -26 -27 -28 28 -30 -31
leaf_value=0.010519682057764063 -0.022773741789516952 0.037705635607163328 -0.022388212337451575 -0.010049105326279385 0.00069358790596557216 0.080936871783215222 -0.22046591745866909 -0.0089905142869101846 0.049653575092835245 0.013035203808606163 0.024360064811875741 -0.033375933398850831 -0.013335088963645533 -0.10307452033353703 0.020628688026751791 0.0062918297268578227 -0.00015385017987094163 -0.0039570586527547533 0.079920693575590854 -0.1408582899393514 0.00030662849208274888 0.054458942655296563 -0.031635749848482088 0.0087381983140657257 0.050349370640787205 -0.011732935985915323 0.020847074045942951 -0.083057750139629391 -0.0091460661433877492 -0.018509848161872167
leaf_weight=204 104 93 212 721 128 54 20 79 52 116 346 51 73 34 20 261 373 61 24 31 2150 104 196 996 32 316 51 41 61 23
leaf_count=204 104 93 212 721 128 54 20 79 52 116 346 51 73 34 20 261 373 61 24 31 2150 104 196 996 32 316 51 41 61 23
internal_value=-8.38725e-05 -0.00541899 0.00331446 -0.0121271 0.00461731 0.0288955 -0.018332 -0.0535403 0.00186533 -0.0153587 0.00780695 -0.0184365 -0.0398739 -0.0621879 0.0052996 -0.00594117 0.0116533 0.00313252 0.0039289 0.000690219 0.00264785 0.0329389 -0.0146979 0.0110112 0.0109068 -0.00299003 0.0406193 -0.0278871 -0.0357914 -0.0605794
internal_weight=7027 3292 1430 1862 3735 214 1290 99 572 1191 1218 1075 158 85 1125 406 719 3521 3417 2346 2315 165 917 1071 160 520 75 145 125 64
internal_count=7027 3292 1430 1862 3735 214 1290 99 572 1191 1218 1075 158 85 1125 406 719 3521 3417 2346 2315 165 917 1071 160 520 75 145 125 64
is_linear=0
shrinkage=0.05


Tree=105
num_leaves=31
num_cat=0
split_feature=0 0 10 0 3 6 3 11 6 14 3 11 14 14 0 0 0 11 0 14 0 2 0 0 14 14 3 11 14 10
split_gain=354.195 492.917 58.0418 54.6952 135.405 97.1954 141.948 88.2872 93.5682 68.9408 334.907 52.7362 42.875 42.8487 39.7199 98.2805 69.8115 39.0829 36.6949 36.5961 34.9386 34.0931 31.4399 31.1317 31.8495 30.4711 32.1746 29.2784 47.7396 28.7687
threshold=14.248928458472095 33.515085247392115 1.8138205639960416 24.952348896760991 968.1500000000002 0.60355339059327384 970.75000000000011 33.501944707248548 -0.12940952255126037 0.50000000000000167 972.85000000000002 0.80592788309186747 4.1046720895068871 0.90737717258775175 11.974451615335704 12.108244370814317 9.6999747721993135 11.617639171237975 15.586856013258206 2.5106440076867389 12.911000903685983 -0.63605400036818849 2.6089587318329186 11.840658859857095 3.6835168008425767 5.4503822410139433 981.6500000000002 99.124595016582489 2.9709706077246101 0.54028002068880987
decision_type=2 2 2 2 2 2 2 2 2 2 2 2 2 2 2 2 2 2 2 2 2 2 2 2 2 2 2 2 2 2
left_child=13 3 -3 4 -2 7 -7 8 -5 10 -9 -4 29 -1 16 -16 22 19 -6 -17 -19 -13 -15 24 -18 26 -11 -20 -29 -8
right_child=1 2 11 5 18 6 12 9 -10 25 -12 21 -14 14 15 17 23 20 27 -21 -22 -23 -24 -25 -26 -27 -28 28 -30 -31
leaf_value=-0.0057203137482743889 -0.10496350507736206 -0.01436824019834112 -0.014933892191711493 0.10663365145921709 -0.00039913098137275485 0.14667385386698176 0.075233086959591938 -0.20787147260847549 0.020027287077851768 0.016949486956000331 0.016566678079310806 -0.040227956762433882 0.086196024013129438 -0.069288583354881181 -0.12375790342688563 0.043861706184489389 -0.0070559255371136324 -0.053705625174510663 0.017226076778368637 -0.039643981896695636 -0.022630315524694012 -0.076793258531462585 -0.022739120442277539 0.054909465166926387 0.045050393169512974 0.069757818666597207 -0.016320632356273776 -0.00092376114521599921 0.064263519721726572 0.020663657195281657
leaf_weight=644 24 362 127 49 500 32 27 20 85 501 79 179 36 38 27 34 349 131 1915 20 301 104 619 24 31 23 84 438 29 195
leaf_count=644 24 362 127 49 500 32 27 20 85 501 79 179 36 38 27 34 349 131 1915 20 301 104 619 24 31 23 84 438 29 195
internal_value=-8.16357e-05 0.0075411 -0.0290382 0.0145429 0.0109025 0.0238743 0.048801 0.0152252 0.0522891 0.00812939 -0.0303497 -0.0419121 0.036123 -0.0166072 -0.0210519 -0.0324827 -0.015495 -0.0271578 0.0119052 0.0126843 -0.0321674 -0.0539061 -0.0255403 0.000851297 -0.00268494 0.0144427 0.012144 0.0144891 0.00324225 0.0276305
internal_weight=7027 4809 772 4037 2906 1131 290 841 134 707 99 410 258 2218 1574 513 1061 486 2882 54 432 283 657 404 380 608 585 2382 467 222
internal_count=7027 4809 772 4037 2906 1131 290 841 134 707 99 410 258 2218 1574 513 1061 486 2882 54 432 283 657 404 380 608 585 2382 467 222
is_linear=0
shrinkage=0.05


Tree=106
num_leaves=31
num_cat=0
split_feature=11 11 14 1 14 3 11 2 9 3 14 14 11 2 9 14 14 11 9 11 6 14 9 7 3 1 3 6 9 11
split_gain=59.26 190.4 62.6087 62.946 55.5601 34.3119 49.5411 32.3751 30.4527 35.357 150.193 281.672 29.6838 26.5365 23.7203 23.6182 41.498 42.0244 27.8494 28.5871 27.0204 23.1596 30.5342 22.7317 22.5466 21.4691 19.0722 23.1401 18.3464 18.1464
threshold=83.155753283110883 83.01299834721631 3.1077858173020831 0.38266886095259306 1.6502525059315416 972.75000000000011 64.775069114473141 -0.93663652364155492 4.233560397867044 972.75000000000011 0.50000000000000167 0.3511884584285711 95.696115902446749 -0.7603770116708749 90.837962714856985 3.935098422706091 6.8073375181973423 39.048025836793805 0.79530673075345959 28.396392745642814 0.37940952255126048 1.7387735140993386 25.360440903574794 0.25000000000000011 978.35000000000002 -0.90255091666790832 969.75000000000011 -0.5 99.729209496455837 3.7326217293729478
decision_type=2 2 2 2 2 2 2 2 2 2 2 2 2 2 2 2 2 2 2 2 2 2 2 2 2 2 2 2 2 2
left_child=1 4 26 12 8 6 -6 -8 23 10 11 -10 -4 -9 -11 21 17 18 -17 24 -18 22 -7 -1 -20 -19 27 -2 -5 -25
right_child=2 -3 3 28 5 15 7 13 9 14 -12 -13 -14 -15 -16 16 20 25 19 -21 -22 -23 -24 29 -26 -27 -28 -29 -30 -31
leaf_value=0.00050341811441016249 0.0043125637211852662 -0.1334881688033264 0.015609927086625248 -0.052295804040299522 -0.0074871984196917471 -0.0021078724809447114 -0.013740608708726036 0.073657775737345221 0.029970358053052971 0.0043292249638038332 0.0077545494358387916 -0.22756406344118574 0.050317080279375662 0.021672826548903318 0.0177168967652057 -0.10069473849534989 0.058295625564844716 -0.047821436777917878 -0.06087650014006573 -0.075988127947659106 -0.016897356200218202 -0.0070608694990532232 -0.056390646464740783 0.0020550575153297419 0 -0.0037863307007270433 0.0020863591957676407 0.053933682993054392 0.0073589053332805635 -0.026997089777555733
leaf_weight=425 58 27 103 26 338 48 35 39 21 1073 167 20 159 68 479 24 22 35 22 36 24 1133 56 76 45 122 2104 39 24 179
leaf_count=425 58 27 103 26 338 48 35 39 21 1073 167 20 159 68 479 24 22 35 22 36 24 1133 56 76 45 122 2104 39 24 179
internal_value=-7.78907e-05 -0.00350435 0.00607388 0.0270005 -0.0026915 -0.00876448 0.00291874 0.0276019 0.00240278 0.00587562 -0.0134293 -0.0979642 0.0368029 0.0411735 0.00847308 -0.012346 -0.0242266 -0.0313592 -0.0526568 -0.0405548 0.0194333 -0.00915556 -0.0316434 -0.00657383 -0.020605 -0.0138753 0.00309427 0.0246611 -0.0239807 -0.0183447
internal_weight=7027 4514 2513 312 4487 2047 480 142 2440 1760 208 41 262 107 1552 1567 330 284 127 103 46 1237 104 680 67 157 2201 97 50 255
internal_count=7027 4514 2513 312 4487 2047 480 142 2440 1760 208 41 262 107 1552 1567 330 284 127 103 46 1237 104 680 67 157 2201 97 50 255
is_linear=0
shrinkage=0.05


Tree=107
num_leaves=31
num_cat=0
split_feature=0 0 9 9 14 9 0 0 9 14 0 0 0 14 0 14 9 8 11 1 14 11 11 14 9 0 3 3 10 14
split_gain=317.204 427.673 150.447 103.244 85.8788 81.0655 65.6885 54.5241 53.4406 47.6847 39.6733 69.2041 72.4863 67.4375 38.1372 37.2479 42.1258 36.4082 39.9896 33.0089 38.1378 68.8027 61.3866 52.9633 42.8783 41.3556 31.9918 168.035 39.9269 35.9686
threshold=13.71375743655765 33.515085247392115 33.002368592365222 94.523829473393974 1.61296422383711 33.597978593069435 15.988234279694042 15.586856013258206 93.429480066634895 1.5373136743467035 7.8268761954987562 11.974451615335704 12.108244370814317 0.85049005481195949 6.3551558852340326 2.5713161146840076 81.354789141006933 -0.68301270189221952 82.902715516720704 0.95368063612909471 1.0598742063723872 83.487781493857867 98.519238118231058 2.6185225194236685 59.700553118140952 15.720648768736817 967.95000000000016 968.35000000000002 98.180664744996776 2.1000000000000232
decision_type=2 2 2 2 2 2 2 2 2 2 2 2 2 2 2 2 2 2 2 2 2 2 2 2 2 2 2 2 2 2
left_child=5 2 4 -3 -2 14 19 -6 -8 -5 -7 15 -13 -14 -1 16 -12 18 -11 20 22 -22 24 -23 -4 -26 28 -28 -10 -29
right_child=1 3 6 9 7 10 8 -9 26 17 11 12 13 -15 -16 -17 -18 -19 -20 -21 21 23 -24 -25 25 -27 27 29 -30 -31
leaf_value=-0.024390186290755095 0.091357539048442599 -0.019069534958496663 0.048339185313486008 -0.13387908966644951 -0.0059637598780124161 -0.07468177259201185 0.032812782107422105 0.04481596391065381 0.088144573627660677 -0.078501178398728375 -0.012379494378071846 -0.12548147718111674 -0.0074101833729787181 -0.052307055385867988 -0.0047462186664087545 0.016865238004497119 -0.088206816414992006 -0.088807900179685539 0 -0.035237687138253697 -0.034408671276052731 -0.0087068864793895737 -0.061955355171544046 0.053001561773081241 -0.003729688141505004 0.049681681260156138 -0.12427994362706236 0.007925471256221445 0.0074125149846076977 0.02079331446436343
leaf_weight=326 76 639 84 22 72 47 315 194 29 25 150 23 136 219 1018 97 20 43 43 72 166 104 25 51 185 44 22 2001 32 747
leaf_count=326 76 639 84 22 72 47 315 194 29 25 150 23 136 219 1018 97 20 43 43 72 166 104 25 51 185 44 22 2001 32 747
internal_value=-7.74082e-05 0.0067069 0.0129694 -0.0274841 0.044718 -0.0167059 0.0101567 0.0310815 0.0132935 -0.0674305 -0.030603 -0.0272727 -0.041014 -0.0351903 -0.00952936 -0.0077196 -0.0217933 -0.0531381 -0.0295496 -0.00333579 0.000190235 -0.0121254 0.0119025 0.0117747 0.0179961 0.00668241 0.011109 0.0103074 0.0466766 0.0114315
internal_weight=7027 4991 4219 772 342 2036 3877 266 3146 133 692 645 378 355 1344 267 170 111 68 731 659 321 338 155 313 229 2831 2770 61 2748
internal_count=7027 4991 4219 772 342 2036 3877 266 3146 133 692 645 378 355 1344 267 170 111 68 731 659 321 338 155 313 229 2831 2770 61 2748
is_linear=0
shrinkage=0.05


Tree=108
num_leaves=31
num_cat=0
split_feature=0 0 9 14 9 9 0 0 0 14 14 14 11 0 6 14 9 2 2 0 3 3 0 14 1 0 14 11 0 0
split_gain=286.82 399.074 136.399 102.257 93.6365 71.0286 65.9084 54.1625 51.7332 45.3079 44.8253 44.2671 48.8264 42.1856 40.8931 37.7999 62.9346 33.5889 37.4015 33.5292 32.6494 150.146 38.4006 30.7673 29.3842 39.7215 28.2843 31.586 28.0986 49.7079
threshold=14.248928458472095 33.515085247392115 57.827491105447372 1.61296422383711 94.523829473393974 33.597978593069435 15.185477746822373 15.319270502300986 15.988234279694042 6.1447808621297453 6.8073375181973423 0.50000000000000167 80.342679261567085 8.7634254838490353 0.78656609248549303 3.1358142149942365 98.351200938755184 -0.50751903745502724 -0.90992662233962529 23.882006852932104 967.95000000000016 968.35000000000002 26.022690940589879 3.8572437766710004 -0.79332313182700742 39.401966488451002 3.5688465635685573 36.144973851799648 12.375829881771539 11.974451615335704
decision_type=2 2 2 2 2 2 2 2 2 2 2 2 2 2 2 2 2 2 2 2 2 2 2 2 2 2 2 2 2 2
left_child=5 2 3 8 24 13 -5 -4 -2 -6 20 -7 17 -1 26 16 -14 18 -13 -16 22 -22 -9 28 25 -3 -8 -28 29 -15
right_child=1 4 7 6 9 11 14 10 -10 -11 -12 12 15 23 19 -17 -18 -19 -20 -21 21 -23 -24 -25 -26 -27 27 -29 -30 -31
leaf_value=-0.017786022348329426 0.046118899560269884 -0.076202162737431745 -0.012628781456869548 -0.028454482017883233 -0.076710136537069248 0.0029204481425196202 0.035831998801729881 0.097999697198038527 0.10366548362554927 0.0029039091379805043 0.082456290301951507 -0.035732160643199271 -0.013425347583516586 0.00091639241741495062 0.039260780036981614 0.010228751064084159 -0.078762486801960185 -0.034153471431854078 -0.099230955671899185 0.11894525440675872 -0.10961516449657771 0.011034686019026341 0.016565653470655285 -0.057149822219558381 -0.014260227882425239 0.00089401718401522557 -0.020205251074181155 0.036708551128991899 0.017560635676134882 -0.04764677096339795
leaf_weight=609 105 45 255 55 112 111 138 22 65 21 21 48 175 491 41 95 46 315 48 20 25 3147 41 22 568 26 64 38 200 58
leaf_count=609 105 45 255 55 112 111 138 22 65 21 21 48 175 491 41 95 46 315 48 20 25 3147 41 22 568 26 64 38 200 58
internal_value=-7.74926e-05 0.00678196 0.0130822 0.036808 -0.0261314 -0.0149486 0.021449 0.0095168 0.0686288 -0.0641743 0.0112561 -0.0264259 -0.0309113 -0.00796128 0.0306482 -0.0160339 -0.027341 -0.0422711 -0.0682288 0.0669646 0.010767 0.010048 0.046168 -0.000181415 -0.0181175 -0.04828 0.0211574 0.00109992 0.00155919 -0.00428235
internal_weight=7027 4809 4037 526 772 2218 356 3511 170 133 3256 838 727 1380 301 316 221 411 96 61 3235 3172 63 771 639 71 240 102 749 549
internal_count=7027 4809 4037 526 772 2218 356 3511 170 133 3256 838 727 1380 301 316 221 411 96 61 3235 3172 63 771 639 71 240 102 749 549
is_linear=0
shrinkage=0.05


Tree=109
num_leaves=31
num_cat=0
split_feature=0 0 9 9 9 2 0 9 6 8 2 0 0 0 0 8 0 11 1 11 6 6 11 3 3 6 3 11 3 0
split_gain=260.673 349.565 127.203 84.5742 66.8415 60.33 54.4493 45.8879 42.3789 45.119 40.8681 36.9604 53.152 66.093 40.7802 34.4045 32.2057 30.9027 30.047 29.5414 28.3378 82.3069 44.7467 26.8042 138.313 32.7418 64.4387 311.161 32.8367 32.6457
threshold=13.71375743655765 33.515085247392115 33.002368592365222 94.523829473393974 33.597978593069435 -0.59480013772226059 15.988234279694042 95.406015851798173 0.37940952255126048 -0.68301270189221952 -0.93038214053199442 5.819984863319589 11.974451615335704 12.108244370814317 11.706866104378483 -0.68301270189221952 6.3551558852340326 49.977663631885783 0.95878322595067733 35.265651210912964 -0.12940952255126037 0.60355339059327384 49.532663316201628 967.95000000000016 968.35000000000002 -0.37940952255126015 971.45000000000016 52.903763840760554 970.85000000000002 26.022690940589879
decision_type=2 2 2 2 2 2 2 2 2 2 2 2 2 2 2 2 2 2 2 2 2 2 2 2 2 2 2 2 2 2
left_child=4 2 5 20 16 10 18 -8 -5 -10 -2 -6 14 -14 -13 -7 -1 -12 -4 -17 22 -22 -3 29 -25 26 27 -26 -27 -9
right_child=1 3 6 8 11 15 7 23 9 -11 17 12 13 -15 -16 19 -18 -19 -20 -21 21 -23 -24 24 25 28 -28 -29 -30 -31
leaf_value=-0.022287824800371878 0.022162238522536223 0.0021095104159068747 0.00010191595532644289 -0.090157907549005295 -0.0865381910530134 -0.011080472922573487 0.028216363326234086 0.09312016146523612 -0.0046695372570926949 -0.090366523461011442 0.061675182059407245 -0.015784284804109844 -0.11838995484014353 -0.032199464670167925 0.044043226283392869 0.013719576281520908 -0.0042355911199346659 0.12165599744428289 -0.034787591131513605 0.061809296001980124 -0.060512856760993605 -0.0074823422280483332 -0.043863622424841833 -0.1130936578758385 -0.20652589412938274 0.039553766295755827 0.0068967685737768838 0.011042966228958806 0.012192152665037731 0.015757092232150691
leaf_weight=326 44 266 664 64 25 56 383 20 47 22 80 258 23 355 31 72 1018 32 67 58 119 189 65 22 20 117 824 75 1644 41
leaf_count=326 44 266 664 64 25 56 383 20 47 22 80 258 23 355 31 72 1018 32 67 58 119 189 65 22 20 117 824 75 1644 41
internal_value=-7.42437e-05 0.00607582 0.0117377 -0.0248354 -0.0151484 0.040931 0.00915136 0.0120072 -0.0609913 -0.0329653 0.0638066 -0.0277678 -0.0254313 -0.0377556 -0.00921982 0.0214796 -0.00863137 0.0797817 -0.00313222 0.0355212 -0.0172187 -0.0281171 -0.00700831 0.00974915 0.00899717 0.0100431 0.00238267 -0.0363831 0.0140343 0.0422955
internal_weight=7027 4991 4219 772 2036 342 3877 3146 133 69 156 692 667 378 289 186 1344 112 731 130 639 308 331 2763 2702 2680 919 95 1761 61
internal_count=7027 4991 4219 772 2036 342 3877 3146 133 69 156 692 667 378 289 186 1344 112 731 130 639 308 331 2763 2702 2680 919 95 1761 61
is_linear=0
shrinkage=0.05


Tree=110
num_leaves=31
num_cat=0
split_feature=11 11 14 1 14 13 5 10 3 11 13 3 11 11 14 11 14 1 3 14 3 6 1 3 6 14 11 14 7 10
split_gain=41.8703 178.069 60.199 54.1958 53.0248 46.9691 63.4106 93.6718 289.696 56.8901 50.8825 32.493 41.1752 27.6651 23.3985 38.1223 21.0454 20.7338 26.8273 20.4874 32.9491 22.9421 19.6587 18.5352 23.6244 16.6342 16.4361 16.2828 21.9729 16.3641
threshold=83.155753283110883 83.01299834721631 3.1077858173020831 0.38266886095259306 1.6502525059315416 82.465179678760123 0.78656609248549325 99.998024823357142 972.05000000000007 45.094808292560053 1.0000000180025095e-35 972.6500000000002 64.775069114473141 95.696115902446749 3.935098422706091 36.144973851799648 2.1126602503321092 -0.41467745240824966 970.55000000000007 4.5945614875532526 980.35000000000002 -0.12940952255126037 -0.90255091666790832 968.85000000000002 -0.37940952255126015 0.40414518843277819 11.617639171237975 4.4825586542888045 0.25000000000000011 42.452845748848702
decision_type=2 2 2 2 2 2 2 2 2 2 2 2 2 2 2 2 2 2 2 2 2 2 2 2 2 2 2 2 2 2
left_child=1 4 23 13 5 6 10 25 -9 -7 -1 12 -6 -4 16 19 26 18 -14 20 -16 -21 -17 24 -2 -8 -13 29 -29 -15
right_child=2 -3 3 -5 11 9 7 8 -10 -11 -12 14 17 27 15 22 -18 -19 -20 21 -22 -23 -24 -25 -26 -27 -28 28 -30 -31
leaf_value=0.013542705712482138 0.0054003476204220642 -0.12865730932115446 0.014262065736290352 -0.021690097525715827 -0.006086798980400523 0.026889038059732379 0.03093402119042973 -0.22576522285626696 -0.0041609683758376736 0.0028716668806499355 -0.009031242323318275 0.008154277753558729 0.069091118971224538 0.065963473651077478 -0.098141697018462093 -0.038454698755998502 -0.0034600482567386411 0.0079667690356572465 0.00015643691474741156 0.012841344326734545 -0.021165369602565012 -0.044365967073223808 -0.00046545649543891548 0.0013666989798241944 0.067879077717661856 -0.01366016548826865 -0.020608417553090362 0.034933869902576714 0.099501941178614897 0.02186262847427782
leaf_weight=474 42 27 103 50 335 348 23 21 45 843 525 56 43 30 33 43 792 74 21 25 25 54 152 2136 23 161 394 27 29 73
leaf_count=474 42 27 103 50 335 348 23 21 45 843 525 56 43 30 33 43 792 74 21 25 25 54 152 2136 23 161 394 27 29 73
internal_value=-7.34337e-05 -0.00295371 0.00509742 0.0256165 -0.00216769 0.00280891 -0.00396113 -0.0264294 -0.0770633 0.0099102 0.00167735 -0.00810066 0.0033772 0.0347116 -0.011553 -0.0233381 -0.00838242 0.0262659 0.0468992 -0.0434665 -0.0659681 -0.0262657 -0.00902154 0.00217618 0.0282775 -0.00792179 -0.0170078 0.0477557 0.0696177 0.0352664
internal_weight=7027 4514 2513 312 4487 2440 1249 250 66 1191 999 2047 473 262 1574 332 1242 138 64 137 58 79 195 2201 65 184 450 159 56 103
internal_count=7027 4514 2513 312 4487 2440 1249 250 66 1191 999 2047 473 262 1574 332 1242 138 64 137 58 79 195 2201 65 184 450 159 56 103
is_linear=0
shrinkage=0.05


Tree=111
num_leaves=31
num_cat=0
split_feature=0 0 9 0 9 9 9 14 14 11 14 14 9 14 6 10 10 11 14 0 0 0 0 9 11 9 14 14 9 0
split_gain=233.651 344.146 135.181 100.6 78.5018 59.7262 58.5198 51.5701 49.3761 80.7856 41.0633 40.7606 42.9406 45.3617 34.9479 33.8328 329.835 71.6327 319.359 31.9214 40.2832 94.8113 67.1006 38.9386 40.8433 37.6296 36.2774 33.0814 54.4763 30.4988
threshold=14.917892235865152 33.515085247392115 93.429480066634895 24.952348896760991 94.523829473393974 0.97564424962113738 94.874454504754127 2.9709706077246101 3.9929103838344568 60.830954716761148 1.5373136743467035 3.5688465635685573 34.444690269345777 1.61296422383711 0.37940952255126048 99.52655518149659 99.629549906136972 51.632340054316536 1.0066445913692075 13.044793659164593 11.974451615335704 12.108244370814317 11.57307334889987 40.004170223839807 45.839039232178386 48.730823633128871 0.70945988845975372 1.6010413278031737 11.391137530829257 24.952348896760991
decision_type=2 2 2 2 2 2 2 2 2 2 2 2 2 2 2 2 2 2 2 2 2 2 2 2 2 2 2 2 2 2
left_child=6 2 3 11 -3 -5 8 -8 19 -10 -6 12 -2 -14 -12 29 -17 18 -18 20 22 -22 -1 24 -23 27 -25 -21 -29 -4
right_child=1 4 15 5 10 -7 7 -9 9 -11 14 -13 13 -15 -16 16 17 -19 -20 25 21 23 -24 26 -26 -27 -28 28 -30 -31
leaf_value=-0.011578778005449031 0.066739868343905065 -0.016428956224424838 0.0077819336425755271 0.049149771219937605 -0.12015307939570884 0.12273713131745656 -0.052693173061329993 -0.0075280710892038083 -0.09681684979459361 -0.0030088572705594396 -0.076039551309510789 -0.0024242300323557156 0.03519190304581226 0.00017020476119203085 -0.019370556816441335 -0.195268972274803 -0.20847470943416871 0.0097430291823733736 0.0052038177642084312 0.030072896881781015 -0.099000583372828452 0.022499383170872408 0.027235825990016269 0.006118523402906517 -0.032669108890674335 -0.010352417656027041 -0.055347245084450526 0.042610133978373863 -0.037094851038579284 0.021162007885483725
leaf_weight=1173 66 639 1360 106 22 38 158 106 41 51 50 126 273 140 61 20 20 912 104 160 40 85 122 33 54 271 84 33 57 622
leaf_count=1173 66 639 1360 106 22 38 158 106 41 51 50 126 273 140 61 20 20 912 104 160 40 85 122 33 54 271 84 33 57 622
internal_value=-7.07018e-05 0.00663647 0.0128404 0.0318547 -0.0237672 0.0693157 -0.0124602 -0.0346744 -0.00978253 -0.0454599 -0.0586008 0.0228305 0.0294753 0.0233613 -0.0453928 0.00814193 0.000906499 0.00488314 -0.0306125 -0.00820526 -0.0117216 -0.0283413 -0.00790006 -0.0169391 0.000951043 0.00252514 -0.0380634 0.01649 -0.00766766 0.011992
internal_weight=7027 4559 3787 749 772 144 2468 264 2204 92 133 605 479 413 111 3038 1056 1036 124 2112 1591 296 1295 256 139 521 117 250 90 1982
internal_count=7027 4559 3787 749 772 144 2468 264 2204 92 133 605 479 413 111 3038 1056 1036 124 2112 1591 296 1295 256 139 521 117 250 90 1982
is_linear=0
shrinkage=0.05


Tree=112
num_leaves=31
num_cat=0
split_feature=0 0 0 11 11 14 14 10 0 0 0 14 11 13 14 11 1 2 11 14 2 0 0 11 0 2 11 14 11 1
split_gain=213.426 288.633 48.8288 57.1734 119.692 63.467 47.6988 45.3114 40.8937 112.013 71.1071 53.4565 61.3553 40.7039 42.507 39.3606 27.8304 229.847 29.3052 45.1438 33.9784 26.6194 36.212 26.3365 31.2352 25.2892 25.0568 23.5156 23.127 23.0824
threshold=13.71375743655765 33.515085247392115 15.988234279694042 49.977663631885783 50.306681566226352 3.0088757590391544 4.4825586542888045 1.8138205639960416 11.974451615335704 12.108244370814317 11.840658859857095 3.2000000000000077 45.094808292560053 1.0000000180025095e-35 2.8160255680657533 0.80592788309186747 -0.74892720285008318 -0.64942331933852315 87.92173451199649 2.2590558499810034 -0.93663652364155492 28.698546050162104 30.170266360426833 63.143177824151927 29.768888093990999 -0.63605400036818849 89.852097786220469 3.1077858173020831 47.141488553165409 -0.83385407025023295
decision_type=2 2 2 2 2 2 2 2 2 2 2 2 2 2 2 2 2 2 2 2 2 2 2 2 2 2 2 2 2 2
left_child=8 2 -2 5 -5 -4 16 -3 10 -10 13 12 -11 14 -1 -9 17 -6 20 26 27 -22 -23 -8 -25 -17 -20 -18 29 -7
right_child=1 7 3 4 6 28 23 15 9 11 -12 -13 -14 -15 -16 25 18 -19 19 -21 21 22 -24 24 -26 -27 -28 -29 -30 -31
leaf_value=-0.013110527558601462 -3.3616339847750484e-05 -0.0096447101788538891 0.039986047161817549 -0.092585021885378024 -0.14441770566197543 -0.023639646859632598 -0.0022062080979347227 -0.01067712788134486 -0.098788319886364842 0.010030632475645491 0.052785548425590002 -0.064731409583307281 -0.026150253781008943 -0.009306181412429157 -0.10145206953883171 -0.032561770364095639 0.0086475147169188301 0.0070387057203401817 -0.032221527941186316 0.032912581508706622 0.023635103722884049 0.099313893544262857 0.017777210312238563 0.037461271767748432 0.1071557278736778 -0.064018771432694938 0.0063038254472040913 -0.048034475090957818 0.055716647871515972 0.012248052606959978
leaf_weight=31 854 362 374 27 25 62 24 127 46 182 44 55 325 1329 24 179 141 684 43 163 464 28 27 62 22 104 1024 20 21 154
leaf_count=31 854 362 374 27 25 62 24 127 46 182 44 55 325 1329 24 179 141 684 43 163 464 28 27 62 22 104 1024 20 21 154
internal_value=-7.14911e-05 0.00549332 0.0106383 0.0133474 0.0102677 0.0271809 0.0113214 -0.0225948 -0.0137114 -0.0245688 -0.00907118 -0.0183203 -0.0131582 -0.011078 -0.0528721 -0.0339654 0.0099658 0.00149529 0.013105 0.008482 0.0214353 0.0276504 0.0604083 0.0437568 0.0568193 -0.0443243 0.00471786 0.00132236 0.0068694 0.00186244
internal_weight=7027 4991 4219 3365 2754 611 2727 772 2036 608 1428 562 507 1384 55 410 2619 709 1910 1230 680 519 55 108 84 283 1067 161 237 216
internal_count=7027 4991 4219 3365 2754 611 2727 772 2036 608 1428 562 507 1384 55 410 2619 709 1910 1230 680 519 55 108 84 283 1067 161 237 216
is_linear=0
shrinkage=0.05


Tree=113
num_leaves=31
num_cat=0
split_feature=0 0 9 9 9 2 0 9 0 0 0 0 2 6 8 0 8 10 10 0 5 3 2 1 0 5 5 6 3 9
split_gain=192.753 260.658 108.589 68.9684 58.6015 49.7524 42.8263 38.4949 35.2968 40.2687 68.7247 45.5182 34.1641 33.2114 38.7924 31.5216 30.3228 27.5468 274.194 76.7867 370.024 73.5324 30.23 27.3182 27.2772 25.8238 24.3224 29.7974 26.299 24.2193
threshold=13.71375743655765 33.515085247392115 33.002368592365222 94.523829473393974 25.861601723753655 -0.59480013772226059 15.988234279694042 95.406015851798173 5.2848138414051435 11.974451615335704 12.108244370814317 11.840658859857095 -0.93038214053199442 0.37940952255126048 -0.68301270189221952 7.5592906845415344 -0.68301270189221952 99.52655518149659 99.657494112427983 29.501302583033773 0.78656609248549325 968.75000000000011 -0.77159520228797429 0.95368063612909471 29.501302583033773 0.91597561503675362 -0.70710678118654735 -0.12940952255126037 971.35000000000002 94.874454504754127
decision_type=2 2 2 2 2 2 2 2 2 2 2 2 2 2 2 2 2 2 2 2 2 2 2 2 2 2 2 2 2 2
left_child=4 2 5 25 15 12 23 -8 -6 11 -11 -10 -2 -5 -15 -1 -7 21 -19 -20 22 24 -21 -4 -9 26 27 -3 -29 -12
right_child=1 3 6 13 8 16 7 17 9 10 29 -13 -14 14 -16 -17 -18 18 19 20 -22 -23 -24 -25 -26 -27 -28 28 -30 -31
leaf_value=-0.01646446148455772 0.019781769540574815 -0.0078013009678755633 3.2432991030597779e-05 -0.079947917708983796 -0.080650131851434714 -0.011142069590563903 0.025096315408954979 0.082624151589615016 -0.013743684814835989 -0.10480525080362955 -0.020278033227203774 0.057364783656472962 0.072460497571073021 -0.0030797356211890777 -0.082515077069401754 0.00037830432894639675 0.03259807227534875 -0.15571288851676165 0.011659702048251785 0.036747535380450162 -0.20269848846197133 0.0098216054360476743 -0.015442567965281859 -0.032196466449699174 0.012319293952147876 -0.045881990776086845 -0.0062767506841280218 -0.027349058667257911 -0.10006056164269861 -0.0519374091560642
leaf_weight=440 44 60 659 64 25 56 383 48 360 29 336 23 112 47 22 749 130 26 812 54 24 1724 55 72 20 59 468 30 22 74
leaf_count=440 44 60 659 64 25 56 383 48 360 29 336 23 112 47 22 749 130 26 812 54 24 1724 55 72 20 59 468 30 22 74
internal_value=-6.98556e-05 0.00521854 0.0101078 -0.0214736 -0.0130323 0.0370801 0.0077183 0.0102512 -0.0230776 -0.0212246 -0.0315526 -0.00932218 0.0578549 -0.0541216 -0.0292953 -0.00585891 0.0194131 0.00818325 0.00139296 0.00588077 -0.0291875 0.011857 0.0104666 -0.00317478 0.0624969 -0.0145966 -0.011332 -0.032169 -0.0595135 -0.0261168
internal_weight=7027 4991 4219 772 2036 342 3877 3146 847 822 439 383 156 133 69 1189 186 2763 971 945 133 1792 109 731 68 639 580 112 52 410
internal_count=7027 4991 4219 772 2036 342 3877 3146 847 822 439 383 156 133 69 1189 186 2763 971 945 133 1792 109 731 68 639 580 112 52 410
is_linear=0
shrinkage=0.05


Tree=114
num_leaves=31
num_cat=0
split_feature=0 0 9 14 9 9 0 14 0 14 0 14 11 6 14 9 2 2 0 0 14 14 3 3 0 3 3 14 6 0
split_gain=174.772 243.476 100.875 90.8028 62.4036 52.4761 48.5949 41.6227 37.3943 36.1719 35.8751 35.0125 43.2656 34.5564 32.8027 54.4892 30.0094 33.142 29.1832 28.5426 25.6416 25.3137 23.9196 125.122 30.2677 24.093 101.984 218.059 35.6084 33.2532
threshold=14.248928458472095 33.515085247392115 57.827491105447372 1.61296422383711 94.523829473393974 33.597978593069435 15.185477746822373 6.8073375181973423 15.988234279694042 6.1447808621297453 15.319270502300986 0.50000000000000167 80.342679261567085 0.78656609248549303 3.1358142149942365 90.837962714856985 -0.50751903745502724 -0.90992662233962529 8.7634254838490353 23.882006852932104 0.80208062770104227 3.8572437766710004 967.95000000000016 968.35000000000002 26.022690940589879 970.85000000000002 971.45000000000016 1.0016652800876453 0.60355339059327384 23.882006852932104
decision_type=2 2 2 2 2 2 2 2 2 2 2 2 2 2 2 2 2 2 2 2 2 2 2 2 2 2 2 2 2 2
left_child=5 2 3 8 20 18 -5 10 -2 -6 -4 -7 16 -8 15 -14 17 -13 -1 -15 -3 -20 24 -24 -12 28 27 -27 -25 -30
right_child=1 4 7 6 9 11 13 -9 -10 -11 22 12 14 19 -16 -17 -18 -19 21 -21 -22 -23 23 25 -26 26 -28 -29 29 -31
leaf_value=-0.013846995568743237 0.041390078759344216 0.0026511950206775004 -0.011314214734848066 -0.026677889388187655 -0.06268958549814678 0.0045373972632816216 0.015353893170527405 0.075733180296691988 0.090409474075969429 0.0082032641768455504 0.084417251225398934 -0.030234315400391971 -0.0041499363526473852 0.031991789420800547 0.012895549557094153 -0.056429714784026155 -0.02857215727446601 -0.089860616884365377 0.0023728542604895 0.10526442835018748 -0.019927702000495474 -0.050876991243466091 -0.10172141315702062 0.01226334986301663 0.012203222825413661 -0.1870902626855033 0.0087192870667578744 0.003145322239509335 0.023685667496739015 0.10192491011619567
leaf_weight=609 105 171 255 55 112 111 240 21 65 21 22 48 146 41 95 75 315 48 749 20 468 22 25 159 41 20 2859 53 32 24
leaf_count=609 105 171 255 55 112 111 240 21 65 21 22 48 146 41 95 75 315 48 749 20 468 22 25 159 41 20 2859 53 32 24
internal_value=-7.15358e-05 0.00528283 0.0102041 0.030607 -0.020425 -0.0116801 0.01615 0.00713812 0.0605811 -0.051481 0.00670236 -0.0215447 -0.0255346 0.0240546 -0.011548 -0.0220887 -0.036222 -0.0607181 -0.00567502 0.0574066 -0.0138829 0.000782992 0.00812712 0.00751189 0.0384239 0.00841328 0.00722063 -0.0507304 0.0245458 0.0585044
internal_weight=7027 4809 4037 526 772 2218 356 3511 170 133 3490 838 727 301 316 221 411 96 1380 61 639 771 3235 3172 63 3147 2932 73 215 56
internal_count=7027 4809 4037 526 772 2218 356 3511 170 133 3490 838 727 301 316 221 411 96 1380 61 639 771 3235 3172 63 3147 2932 73 215 56
is_linear=0
shrinkage=0.05


Tree=115
num_leaves=31
num_cat=0
split_feature=0 0 9 14 9 9 14 0 9 0 0 0 14 0 0 14 9 14 14 0 9 2 6 0 2 2 6 10 10 0
split_gain=158.759 213.189 91.6993 61.3666 56.3708 49.4259 35.5072 35.4486 33.3493 31.875 36.6992 63.1318 48.2123 41.092 29.9861 29.1026 48.4561 47.8722 28.8919 43.1357 31.3569 27.7615 27.6789 26.5113 25.1119 24.8698 24.8506 24.8074 248.215 69.6925
threshold=13.71375743655765 33.515085247392115 33.002368592365222 3.1358142149942365 94.523829473393974 25.861601723753655 1.5373136743467035 15.988234279694042 95.406015851798173 5.2848138414051435 11.974451615335704 12.375829881771539 1.2096831541082704 11.840658859857095 15.586856013258206 3.2000000000000077 93.429480066634895 1.6010413278031737 2.5713161146840076 10.101353038635148 79.018189528772538 0.34202014332566893 0.37940952255126048 6.3551558852340326 -0.72534675097891077 -0.92384435400961373 0.60355339059327384 99.52655518149659 99.657494112427983 29.501302583033773
decision_type=2 2 2 2 2 2 2 2 2 2 2 2 2 2 2 2 2 2 2 2 2 2 2 2 2 2 2 2 2 2
left_child=5 2 3 24 -3 23 -6 15 -9 -7 13 -12 -13 18 -5 16 17 -4 20 -20 -11 -17 -8 -1 25 -2 -16 -10 -29 -30
right_child=1 4 7 14 6 9 22 8 27 10 11 12 -14 -15 26 21 -18 -19 19 -21 -22 -23 -24 -25 -26 -27 -28 28 29 -31
leaf_value=-0.017602941234106984 0.031429299796405047 -0.013189759591031731 0.012505725049983655 -0.031963688746997808 -0.10601637258477832 -0.075757089213539783 -0.063968317218184231 0.023078884060893569 0.010823027907176113 -0.016300202451635243 -0.067653476381674418 -0.0040156912757027532 -0.041404967975908979 0.055416992666820687 0.0071036532363690317 0.0057874509908778732 -0.021739889846517386 -0.038219298711736446 -0.020227390993116559 0.037479468931942095 -0.076911987972756224 0.076500975219976342 -0.013632941565686655 -0.00073034491448597573 0.038652015354884564 0.098199625176159641 0.056686381345821747 -0.14858419849916743 0.010670273193779091 -0.028244037381164846
leaf_weight=317 22 639 334 32 22 25 50 383 1792 209 85 206 148 23 87 42 282 53 68 60 23 20 61 872 120 46 35 26 812 133
leaf_count=317 22 639 334 32 22 25 50 383 1792 209 85 206 148 23 87 42 282 53 68 60 23 20 61 872 120 46 35 26 812 133
internal_value=-6.80743e-05 0.00473132 0.00915312 0.0339393 -0.0194081 -0.0118322 -0.0489254 0.0069572 0.00926166 -0.0210576 -0.0192979 -0.0291563 -0.0197341 -0.00793845 0.0103937 -0.00295278 -0.00601017 0.0054654 -0.0121423 0.00686479 -0.0226349 0.0295299 -0.0367199 -0.00524397 0.0530431 0.0774385 0.0217141 0.00733688 0.000893475 0.00516409
internal_weight=7027 4991 4219 342 772 2036 133 3877 3146 847 822 439 354 383 154 731 669 387 360 128 232 62 111 1189 188 68 122 2763 971 945
internal_count=7027 4991 4219 342 772 2036 133 3877 3146 847 822 439 354 383 154 731 669 387 360 128 232 62 111 1189 188 68 122 2763 971 945
is_linear=0
shrinkage=0.05


Tree=116
num_leaves=31
num_cat=0
split_feature=0 0 9 14 9 9 14 14 11 9 0 1 14 11 11 9 14 11 14 3 10 3 3 11 11 0 0 14 11 11
split_gain=144.297 206.924 93.7523 70.4368 51.0852 47.3887 44.127 34.3475 66.2202 34.2739 33.9571 35.6071 32.3799 33.3035 30.1841 29.7106 46.524 29.6899 25.8125 47.6632 333.306 39.5014 32.2125 263.94 41.007 31.0349 24.9445 24.8951 24.3426 23.6901
threshold=14.784099480386539 33.515085247392115 81.354789141006933 1.4000000000000163 94.523829473393974 94.874454504754127 2.9709706077246101 3.935098422706091 58.027314222964598 52.110918110509324 24.952348896760991 -0.78257835753184624 1.8147543451755144 99.124595016582489 82.902715516720704 40.830737089431956 3.5688465635685573 81.985041430089026 1.1590225767142606 968.1500000000002 98.291913160255959 970.45000000000016 971.45000000000016 51.632340054316536 95.696115902446749 15.720648768736817 15.586856013258206 5.1133746457258722 34.437112341808508 12.433869964501197
decision_type=2 2 2 2 2 2 2 2 2 2 2 2 2 2 2 2 2 2 2 2 2 2 2 2 2 2 2 2 2 2
left_child=5 2 3 9 -3 7 -7 -1 -9 -2 14 -12 -6 -14 15 16 -5 -8 22 20 -20 -21 23 -4 -24 -26 -11 -19 -18 -13
right_child=1 4 18 10 12 6 17 8 -10 26 11 29 13 -15 -16 -17 28 27 19 21 -22 -23 24 -25 25 -27 -28 -29 -30 -31
leaf_value=-0.0061713100086953805 0.076343942418960586 -0.012531302081795731 -0.16865618232702839 0.044099659287348034 -0.09373514625532875 -0.047863659019388216 -0.042988913221018658 -0.083908512835346533 -0.00043171133446906295 0.0075894488281798818 -0.0064271530502786238 0.022134443627249811 -0.049172361723380166 0.01534164190154385 0.053474296868750541 -0.014163876440151711 -0.029663864041344735 -0.0063538754597306252 0.094880725819278852 0.039755652727938059 -0.18382663533801125 0.0097192420990213496 0.014138979145721079 0.010089789278758298 -0.051117540113627916 -0.0015157001165511028 0.053740687896160114 0.057493832236663857 0.025033575247860314 0.080029176223712681
leaf_weight=2083 83 639 24 81 28 148 34 41 55 52 29 30 79 26 32 136 52 49 21 117 20 1568 562 118 32 720 68 21 32 47
leaf_count=2083 83 639 24 81 28 148 34 41 55 52 29 30 79 26 32 136 52 49 21 117 20 1568 562 118 32 720 68 21 32 47
internal_value=-6.71025e-05 0.00514289 0.00991106 0.0273286 -0.0184514 -0.00991713 -0.0304116 -0.00753181 -0.0366323 0.0516335 0.0159865 0.0405117 -0.0465514 -0.0331563 0.00806675 0.00306174 0.0172897 -0.00530897 0.00638784 0.0105227 -0.0420948 0.0118302 0.00147895 -0.021054 0.00393197 -0.00369814 0.0340111 0.01327 -0.00871855 0.0581098
internal_weight=7027 4596 3824 642 772 2431 252 2179 96 203 439 106 133 105 333 301 165 104 3182 1726 41 1685 1456 142 1314 752 120 70 84 77
internal_count=7027 4596 3824 642 772 2431 252 2179 96 203 439 106 133 105 333 301 165 104 3182 1726 41 1685 1456 142 1314 752 120 70 84 77
is_linear=0
shrinkage=0.05


Tree=117
num_leaves=31
num_cat=0
split_feature=0 0 9 9 9 2 0 0 0 0 0 11 11 3 2 3 6 8 8 2 9 0 3 1 3 11 9 5 9 1
split_gain=132.591 175.863 78.6565 46.2344 41.4399 31.4079 28.4997 28.8885 62.021 37.5737 28.1416 27.889 208.304 43.8588 210.75 26.5186 25.9151 33.1235 24.9325 24.7237 24.7141 24.2815 24.0545 23.7371 24.4946 30.0489 32.6928 23.3559 23.2745 22.4386
threshold=13.847550192036261 33.515085247392115 34.444690269345777 94.523829473393974 25.861601723753655 -0.59480013772226059 5.2848138414051435 11.974451615335704 12.108244370814317 11.439280593421261 15.988234279694042 49.977663631885783 50.306681566226352 968.1500000000002 -0.92384435400961373 968.75000000000011 0.37940952255126048 -0.68301270189221952 -0.68301270189221952 -0.93038214053199442 0.74948185406512835 7.5592906845415344 972.45000000000016 0.95368063612909471 981.85000000000002 78.509204686961553 82.219688003249146 0.91597561503675362 68.490413883127289 -0.84335933205092495
decision_type=2 2 2 2 2 2 2 2 2 2 2 2 2 2 2 2 2 2 2 2 2 2 2 2 2 2 2 2 2 2
left_child=4 2 5 27 21 19 -6 9 -9 -8 23 -12 -13 14 -14 -15 -5 -18 20 -2 -7 -1 -21 24 25 -4 -27 29 -17 -3
right_child=1 3 10 16 6 18 7 8 -10 -11 11 12 13 15 -16 28 17 -19 -20 22 -22 -23 -24 -25 -26 26 -28 -29 -30 -31
leaf_value=-0.013931393025975142 0.015338863518916898 -0.039844104406546871 -0.030054575456464196 -0.067054838046431545 -0.070677208330195682 -0.047580729964375498 -0.015908670412433934 -0.095350280990203221 -0.020835274110425184 0.020580304624132253 0.019802355278317495 -0.14679317743940787 0.031303028670982239 0.056277753068455331 -0.16283818102308684 0.032189886748944366 0.001513068158334742 -0.071583945388379297 0.029540053223689591 0.09453181064791151 0.017128690149596271 0.0008357811602400999 0.043538033156832572 -0.030335741830457535 0.0086313290249153581 0.046073352835008075 -0.009400237982246009 -0.04164514871360734 0.0071920352977893056 -0.005669587547239445
leaf_weight=440 44 52 117 64 25 24 291 29 440 92 456 21 41 28 20 96 47 22 129 35 35 753 78 69 369 34 109 59 2480 528
leaf_count=440 44 52 117 64 25 24 291 29 440 92 456 21 41 28 20 96 47 22 129 35 35 753 78 69 369 34 109 59 2480 528
internal_value=-6.51324e-05 0.00437246 0.0084187 -0.0175382 -0.0106912 0.0312579 -0.0189383 -0.0173332 -0.0256465 -0.0070999 0.00635784 0.0083752 0.00642672 0.00769056 -0.0338689 0.00867866 -0.0442714 -0.0224115 0.0172874 0.0477399 -0.00946476 -0.00461354 0.0600671 -0.00271503 0.000350306 -0.0113713 0.00398292 -0.0119057 0.0081377 -0.00880542
internal_weight=7027 4957 4185 772 2070 345 877 852 469 383 3840 3142 2686 2665 61 2604 133 69 188 157 59 1193 113 698 629 260 143 639 2576 580
internal_count=7027 4957 4185 772 2070 345 877 852 469 383 3840 3142 2686 2665 61 2604 133 69 188 157 59 1193 113 698 629 260 143 639 2576 580
is_linear=0
shrinkage=0.05


Tree=118
num_leaves=31
num_cat=0
split_feature=0 0 9 14 9 9 2 14 14 7 9 6 3 3 0 0 0 0 0 14 0 14 9 9 6 3 5 3 14 1
split_gain=119.939 158.033 70.1669 55.8368 41.8418 39.5848 36.7455 32.6404 29.7663 29.4024 30.0751 28.6715 28.4308 96.8246 29.041 26.3494 25.8242 43.2174 54.0681 42.2134 30.2892 37.6949 31.7457 25.7894 26.6534 52.7559 372.197 27.3045 23.3528 28.867
threshold=13.71375743655765 33.515085247392115 32.334639737021092 1.61296422383711 94.523829473393974 25.861601723753655 -0.59480013772226059 6.4487721615662421 6.1447808621297453 0.68301270189221941 0.74948185406512835 0.60355339059327384 967.95000000000016 968.35000000000002 15.85444152421543 29.501302583033773 8.6296327283704262 11.974451615335704 12.375829881771539 1.2096831541082704 11.840658859857095 2.5990381056766223 79.018189528772538 95.406015851798173 -0.37940952255126015 971.45000000000016 0.60355339059327384 975.25000000000011 0.98657657246324848 -0.84335933205092495
decision_type=2 2 2 2 2 2 2 2 2 2 2 2 2 2 2 2 2 2 2 2 2 2 2 2 2 2 2 2 2 2
left_child=5 2 3 -2 28 -1 11 12 -6 10 -8 -5 15 -14 -15 -4 -7 20 -19 -20 21 22 -18 -16 25 26 -25 -26 -3 -30
right_child=1 4 7 6 8 16 9 -9 -10 -11 -12 -13 13 14 23 -17 17 18 19 -21 -22 -23 -24 24 27 -27 -28 -29 29 -31
leaf_value=-0.0043941793939775691 0.06824868777584335 0.0016702414045006867 0.062746029569335823 0.020165679974833858 -0.052286574642825046 -0.045118262661194591 -0.064180473390221593 0.054812018783653486 0.011853505200283096 0.0254996895134895 0.0022249482603122791 0.071827481309883298 -0.089330742890360179 -0.003773139593773696 0.019634537790005829 -0.0029096408516168593 -0.010671103325035227 -0.061481890882159655 -0.0024418590159649214 -0.037419831551855194 0.052244883227782951 0.02065110485853992 -0.071886500595137473 0.01542091015309047 0.019001611143176524 0.0031672992831060058 -0.22216875209783518 0.0054719754622567932 -0.060582147897787486 -0.014152100298161573
leaf_weight=1189 73 224 40 73 112 82 24 33 21 70 53 43 26 666 396 24 189 85 206 148 23 91 23 76 534 827 20 1241 36 379
leaf_count=1189 73 224 40 73 112 82 24 33 21 70 53 43 26 666 396 24 189 85 206 148 23 91 23 76 534 827 20 1241 36 379
internal_value=-6.50418e-05 0.00410642 0.0079136 0.0298047 -0.0166768 -0.0102903 0.0188969 0.00601086 -0.042109 0.00220347 -0.0189662 0.0398091 0.00557715 0.00501129 0.00568856 0.0383822 -0.0185463 -0.0156364 -0.0258601 -0.0171437 -0.00181653 -0.00609501 -0.0176422 0.00772742 0.00597127 -0.000915162 -0.0358055 0.00955352 -0.011318 -0.0183277
internal_weight=7027 4991 4219 336 772 2036 263 3883 133 147 77 116 3850 3786 3760 64 847 765 439 354 326 303 212 3094 2698 923 96 1775 639 415
internal_count=7027 4991 4219 336 772 2036 263 3883 133 147 77 116 3850 3786 3760 64 847 765 439 354 326 303 212 3094 2698 923 96 1775 639 415
is_linear=0
shrinkage=0.05


Tree=119
num_leaves=31
num_cat=0
split_feature=0 0 0 3 6 3 11 6 14 3 0 7 3 14 3 13 6 3 2 2 0 0 0 0 14 11 11 0 14 3
split_gain=108.527 147.452 35.0233 132.594 71.4709 100.864 55.3618 77.5375 56.674 280.253 30.6389 35.0632 30.6346 30.5908 47.7759 29.6251 48.2148 27.1239 24.3736 21.8688 21.3688 20.1534 93.1692 49.1425 33.5452 24.5262 22.6003 24.228 21.8962 19.892
threshold=14.248928458472095 33.515085247392115 24.952348896760991 968.1500000000002 0.60355339059327384 970.35000000000002 33.501944707248548 -0.12940952255126037 0.50000000000000167 972.85000000000002 41.275065065151566 0.68301270189221941 972.55000000000007 2.4785748593362165 975.55000000000007 1.0000000180025095e-35 -0.37940952255126015 977.85000000000002 -0.59480013772226059 -0.93038214053199442 26.95924022894016 11.974451615335704 12.108244370814317 11.57307334889987 0.81445278152469569 37.7542777357585 12.433869964501197 12.643415392728761 2.1501937897161247 973.35000000000002
decision_type=2 2 2 2 2 2 2 2 2 2 2 2 2 2 2 2 2 2 2 2 2 2 2 2 2 2 2 2 2 2
left_child=15 2 3 -2 6 -6 7 29 9 -8 11 18 20 19 -15 16 -1 -16 -3 -7 -10 23 -23 -17 25 -24 28 -28 -26 -4
right_child=1 10 4 -5 5 13 8 -9 12 -11 -12 -13 -14 14 17 21 -18 -19 -20 -21 -22 22 24 -25 26 -27 27 -29 -30 -31
leaf_value=-0.0032171129737980663 -0.10957469166368246 -0.013332160657734494 0.046301500790498468 0.0060684328613176252 0.13303524201288822 0.049186102636815165 -0.1948267916164228 0.0081553638607350203 0.054173514636195436 0.010513665948295966 -0.0012536539611508431 -0.062605947818234572 0.0011940645020298846 0.10764603784790745 -0.013990651789307596 -0.0077219870283151987 -0.096825591939687733 0.05440950662110533 -0.043853706624594674 0.0068508996928014383 0.014690853580909449 -0.082941055925602622 0.037646777149445067 0.024041518702689148 0.039218383995872554 -0.0026911149656533135 -0.04215523798444442 -0.014704317808576698 -0.019809672617663941 0.11437392310849553
leaf_weight=31 24 399 21 2882 24 38 20 85 48 79 246 49 440 26 24 1239 24 34 78 144 120 46 47 134 32 174 104 358 29 28
leaf_count=31 24 399 21 2882 24 38 20 85 48 79 246 49 440 26 24 1239 24 34 78 144 120 46 47 134 32 174 104 358 29 28
internal_value=-6.37686e-05 0.00415539 0.00798531 0.00507428 0.0154494 0.0368163 0.00804067 0.037384 0.00242713 -0.0324527 -0.0158503 -0.022652 0.00815875 0.0276504 0.0524825 -0.00921163 -0.0451533 0.0262638 -0.0184149 0.0159379 0.026255 -0.00827496 -0.0146364 -0.0046031 -0.0103009 0.00599595 -0.0171951 -0.0209722 0.0112083 0.0868095
internal_weight=7027 4809 4037 2906 1131 290 841 134 707 99 772 526 608 266 84 2218 55 58 477 182 168 2163 790 1373 744 221 523 462 61 49
internal_count=7027 4809 4037 2906 1131 290 841 134 707 99 772 526 608 266 84 2218 55 58 477 182 168 2163 790 1373 744 221 523 462 61 49
is_linear=0
shrinkage=0.05


Tree=120
num_leaves=31
num_cat=0
split_feature=10 13 3 3 3 7 5 14 3 6 3 2 13 6 2 1 14 14 1 1 2 3 3 8 1 10 14 1 2 6
split_gain=26.1196 29.8246 154.066 31.4639 41.3042 27.5792 43.5592 242.953 23.459 37.7434 26.0192 21.9252 17.2776 17.1449 16.6425 16.2474 15.7971 19.8223 16.5982 24.9824 18.2248 16.5007 15.3639 24.3974 24.3095 21.4615 18.6945 18.5345 15.5426 15.023
threshold=1.1047620574286949 64.370251861765482 968.1500000000002 968.35000000000002 967.95000000000016 -0.68301270189221897 0.78656609248549325 0.50000000000000167 974.85000000000002 0.60355339059327384 978.05000000000007 -0.52247866957162936 1.0000000180025095e-35 -0.37940952255126015 -0.42261826174069922 -0.20791169081775965 3.6835168008425767 2.8160255680657533 -0.98624804680367273 -0.71322329076259927 0.19080899537654503 972.05000000000007 982.1500000000002 -0.68301270189221952 -0.62249093318774784 99.201055709889772 0.58594652770817157 -0.93663652364155492 -0.99687937417578476 0.25881904510252057
decision_type=2 2 2 2 2 2 2 2 2 2 2 2 2 2 2 2 2 2 2 2 2 2 2 2 2 2 2 2 2 2
left_child=12 3 -3 4 15 -5 8 -8 9 -7 13 -11 -1 -10 -14 -2 17 22 -18 20 -20 -21 23 28 25 27 -27 -25 -4 -9
right_child=1 2 16 5 -6 6 7 29 10 11 -12 -13 14 -15 -16 -17 18 -19 19 21 -22 -23 -24 24 -26 26 -28 -29 -30 -31
leaf_value=0.013302648061588341 0.018343250006099321 -0.11747270469588263 0.04730682342596676 0.0010794686426513782 0.081928691897879949 -0.0074787512766555531 -0.17091211519324809 -0.0043500946348189913 -0.01258241326696834 0.037368187652140554 -0.0068829881715584147 -0.0088958943869386405 -0.0098533181800213587 -0.045140325171222177 0.0087262785722633639 -0.030093586300499738 -0.046689227494912652 0.015955253844828501 0.039239703399817583 0.016840839052838938 -0.0076276100897475305 -0.020965542200649809 0.0057268422627478098 -0.026177737750113013 -0.013358364100115518 0.051038554499391466 0.0083940104349774659 0.0030782321391147251 0.005237026904083961 -0.028272099657398131
leaf_weight=552 61 26 22 725 21 259 26 170 82 97 676 34 218 82 267 23 25 287 45 34 37 165 1531 80 529 31 136 162 517 107
leaf_count=552 61 26 22 725 21 259 26 170 82 97 676 34 218 82 267 23 25 287 45 34 37 165 1531 80 529 31 136 162 517 107
internal_value=-6.05232e-05 -0.00132991 0.00151675 -0.00570019 0.0209195 -0.00694896 -0.0107473 -0.0277036 -0.00654713 0.00357097 -0.0112494 0.0253464 0.0072612 -0.0290666 0.000361658 0.00482395 0.00240964 0.00342054 -0.00843516 -0.00486054 0.0181949 -0.0144293 0.00221801 -0.00141714 -0.00628899 0.00285261 0.0165965 -0.00664051 0.00704785 -0.0136772
internal_weight=7027 5990 3627 2363 105 2258 1533 303 1230 390 840 131 1037 164 485 84 3601 3295 306 281 82 199 3008 1477 938 409 167 242 539 277
internal_count=7027 5990 3627 2363 105 2258 1533 303 1230 390 840 131 1037 164 485 84 3601 3295 306 281 82 199 3008 1477 938 409 167 242 539 277
is_linear=0
shrinkage=0.05


Tree=121
num_leaves=31
num_cat=0
split_feature=0 0 10 3 10 14 13 6 11 0 0 0 3 14 2 14 2 11 14 10 11 0 6 0 0 2 6 0 11 2
split_gain=96.6666 140.908 36.5835 36.0808 31.2238 28.213 27.4167 38.6812 25.8097 24.3438 57.7286 36.5223 24.3022 177.261 36.6591 106.287 284.022 33.4504 44.0266 28.5227 27.6421 34.8796 27.6091 36.9137 26.9408 25.6116 23.2926 32.8281 21.5216 21.2062
threshold=14.917892235865152 33.515085247392115 51.827987888901809 971.85000000000002 1.8138205639960416 0.85049005481195949 1.0000000180025095e-35 -0.37940952255126015 0.80592788309186747 11.974451615335704 12.242037126292926 11.305487837942648 968.1500000000002 1.8032377694305768 -0.89490028524376719 0.50000000000000167 -0.94828754594723497 88.968612655204211 2.1501937897161247 59.274808173671737 77.3430939161873 24.952348896760991 -0.78656609248549325 30.304059115905442 30.170266360426833 -0.7933231318270072 0.60355339059327384 27.093032984418773 16.973080507235412 -0.20791169081775954
decision_type=2 2 2 2 2 2 2 2 2 2 2 2 2 2 2 2 2 2 2 2 2 2 2 2 2 2 2 2 2 2
left_child=5 2 3 26 -3 -1 7 -7 -6 11 -11 -8 13 -4 15 16 -14 20 19 -19 21 -16 -23 -24 -17 -20 -2 -28 -5 -13
right_child=1 4 12 28 8 6 9 -9 -10 10 -12 29 14 -15 17 24 -18 18 25 -21 -22 22 23 -25 -26 -27 27 -29 -30 -31
leaf_value=0.0004778392055648326 0.02385593907821637 -0.0044607668161102294 0.029294325309865019 0.043436108083628557 -0.0057983788815727175 -0.005310937272650855 -0.0089479917326091753 -0.092042617070674904 -0.033018589221059123 -0.073128117834302522 -0.01379925314820332 0.044228659793734554 0.021872926023514833 -0.14551013795392853 0.0031726485067483734 -0.0021319980160369335 -0.20631472070256007 -0.05144128510664249 0.068774284296508489 -0.00091686028772519071 0.028694303452238553 0.082504826557068589 0.040507534329651623 -0.0065057301956792952 0.040811882020905611 0.016390596081668787 0.027295726636244407 0.1073294283154731 0.010093084120164623 0.0024509297684455911
leaf_weight=698 129 362 46 50 127 27 919 24 283 43 632 51 33 20 519 418 22 28 28 769 272 20 101 70 39 128 30 23 1042 74
leaf_count=698 129 362 46 50 127 27 919 24 283 43 632 51 33 20 519 418 22 28 28 769 272 20 101 70 39 128 30 23 1042 74
internal_value=-5.89427e-05 0.00425494 0.00822499 0.015126 -0.0151989 -0.00802826 -0.0113838 -0.0472071 -0.0246338 -0.0102913 -0.0176887 -0.00549133 0.0047198 -0.0249833 0.00553287 -0.00634969 -0.0713671 0.00868122 0.00199797 -0.00276038 0.0151534 0.00992579 0.0281378 0.0213073 0.00160299 0.0262028 0.0357013 0.0634643 0.0116627 0.0197517
internal_weight=7027 4559 3787 1274 772 2468 1770 51 410 1719 675 1044 2513 66 2447 512 55 1935 953 797 982 710 191 171 457 156 182 53 1092 125
internal_count=7027 4559 3787 1274 772 2468 1770 51 410 1719 675 1044 2513 66 2447 512 55 1935 953 797 982 710 191 171 457 156 182 53 1092 125
is_linear=0
shrinkage=0.05


Tree=122
num_leaves=31
num_cat=0
split_feature=0 0 9 9 9 0 6 0 10 10 11 11 11 6 9 0 7 11 0 0 2 0 9 11 9 10 2 9 11 11
split_gain=87.6728 117.92 62.4802 36.9852 35.6038 35.4279 30.0745 30.3874 25.5968 247.625 61.4556 272.564 24.6208 24.1515 22.4357 21.9568 26.1457 25.2238 21.1837 24.7983 22.1819 20.5822 19.9297 18.456 19.942 19.6286 20.202 18.9942 22.7898 20.1059
threshold=13.71375743655765 33.515085247392115 57.827491105447372 25.861601723753655 99.336234617861393 15.319270502300986 0.78656609248549303 24.015799608410713 99.596613759459302 99.657494112427983 55.586924021244791 49.977663631885783 69.06198799237103 0.78656609248549303 80.148939679135069 5.2848138414051435 0.68301270189221941 90.261910086359975 24.68476338580377 30.571644626862664 -0.7933231318270072 9.4323892612420916 98.091861348443075 73.38959333015346 94.874454504754127 74.344446605676879 0.35019404643548474 98.928620245993599 98.211526548801018 97.634271771531374
decision_type=2 2 2 2 2 2 2 2 2 2 2 2 2 2 2 2 2 2 2 2 2 2 2 2 2 2 2 2 2 2
left_child=3 2 6 21 -3 23 -2 -8 12 -10 11 -11 18 -6 -14 -5 17 -17 -7 -20 -21 -1 -18 25 -25 26 -4 29 -29 -26
right_child=1 4 5 15 13 8 7 -9 9 10 -12 -13 14 -15 -16 16 22 -19 19 20 -22 -23 -24 24 27 -27 -28 28 -30 -31
leaf_value=-0.0087894161577540264 0.016119290294428597 -0.01051964153062046 -0.028121950212790042 -0.062176199947985317 -0.062372774695667134 0.011191413421714843 0.03138950331611947 0.096375650348870648 -0.16627373223700986 0.0093665833048753554 0.0081917023001862425 -0.14251212695025303 0.043290786361083008 -0.006972782017302611 0.0048489241587466245 -0.012866274980192841 -0.020974909153074907 0.017978494219401633 0.041632095529659567 0.034214219516143202 -0.033081818404793739 0.0044913491459344238 -0.056100627617561266 0.015358540197291102 -0.006019372606936556 -0.048390795061534098 0.025112066260938135 -0.024151002493169572 0.027717656001448633 -0.069323444541257162
leaf_weight=680 489 683 48 25 59 398 95 22 21 132 930 37 38 30 1508 410 287 78 145 23 24 509 47 95 25 54 27 44 39 25
leaf_count=680 489 683 48 25 59 398 95 22 21 132 930 37 38 30 1508 410 287 78 145 23 24 509 47 95 25 54 27 44 39 25
internal_value=-5.62669e-05 0.00351011 0.00679892 -0.00879869 -0.0144424 0.00430215 0.0216449 0.0443647 0.00594316 -0.000175069 0.00314252 -0.0244983 0.00915214 -0.0440391 0.00582441 -0.0167782 -0.0153175 -0.00789926 0.0178388 0.0314631 -1.88373e-05 -0.00310084 -0.0260854 -0.0106255 -0.00202001 -0.0256641 -0.00881365 -0.0144926 0.000201323 -0.0385081
internal_weight=7027 4991 4219 2036 772 3613 606 117 3256 1120 1099 169 2136 89 1546 847 822 488 590 192 47 1189 334 357 228 129 75 133 83 50
internal_count=7027 4991 4219 2036 772 3613 606 117 3256 1120 1099 169 2136 89 1546 847 822 488 590 192 47 1189 334 357 228 129 75 133 83 50
is_linear=0
shrinkage=0.05


Tree=123
num_leaves=31
num_cat=0
split_feature=0 0 9 0 9 14 9 14 0 9 0 0 0 14 9 14 0 9 10 10 0 5 0 8 14 2 9 0 0 14
split_gain=79.5129 115.104 70.2686 52.8768 48.9943 40.068 33.8907 36.5107 51.2967 49.6707 61.5548 34.1241 33.2671 51.3112 32.2118 26.0993 40.7543 25.2146 22.8724 244.281 53.609 314.211 26.3042 24.9221 33.8436 24.8602 21.9272 21.389 34.6651 21.0868
threshold=14.917892235865152 33.515085247392115 93.429480066634895 24.952348896760991 0.97564424962113738 1.4000000000000163 57.827491105447372 1.6289055630493696 12.509622637250152 10.947455176544299 11.840658859857095 13.044793659164593 7.8268761954987562 4.9458712873890134 99.336234617861393 3.2000000000000077 10.502731305070983 73.782022760639265 99.52655518149659 99.629549906136972 29.501302583033773 0.78656609248549325 16.122027035172653 -0.5 1.8147543451755144 -0.77159520228797429 96.988177008751009 11.974451615335704 11.840658859857095 2.7024680078279171
decision_type=2 2 2 2 2 2 2 2 2 2 2 2 2 2 2 2 2 2 2 2 2 2 2 2 2 2 2 2 2 2
left_child=6 2 3 5 -5 17 7 8 27 15 -11 -12 -8 26 -3 16 -9 -2 23 -20 22 25 -21 24 -4 -22 -14 28 -1 -28
right_child=1 14 18 4 -6 -7 12 9 -10 10 11 -13 13 -15 -16 -17 -18 -19 19 20 21 -23 -24 -25 -26 -27 29 -29 -30 -31
leaf_value=-0.0044193438073990392 0.046109356713000565 -0.0099944282741791703 0.0055042432121601755 0.030257814215478782 0.096463961289861275 0.0039924828788971151 -0.074024520649760964 -0.0045572321446501907 0.018802583226787642 -0.013279609199437756 -0.10245165162465791 -0.037950371345204695 -0.011498004233243509 0.040498951578465031 -0.041878487281035638 -0.022838507025229812 0.036581621025969464 0.013786988369738835 -0.17071308868271967 -0.023298616007258983 0.032414866998791696 -0.18786226728111508 0.0083981668940416986 0.0021783188705954732 0.025504231012891981 -0.014907390938273497 -0.045005282179331335 -0.027908831683504914 0.048830103736836467 -0.010793089451066948
leaf_weight=677 123 683 534 106 38 361 24 218 317 243 32 61 363 38 89 98 82 121 20 70 54 24 833 1097 351 55 122 89 31 73
leaf_count=677 123 683 534 106 38 361 24 218 317 243 32 61 363 38 89 98 82 121 20 70 54 24 833 1097 351 55 122 89 31 73
internal_value=-5.60956e-05 0.00385629 0.00744454 0.0211527 0.0483081 0.014612 -0.00728389 -0.00388218 0.00181944 -0.0125331 -0.0266589 -0.0610514 -0.0173925 -0.0149835 -0.0137261 -0.000558325 0.00675495 0.0302227 0.00405739 -0.00188142 0.00153454 -0.0279743 0.00591247 0.00722343 0.0134619 0.00857276 -0.0188365 -0.00494429 -0.00201516 -0.0323436
internal_weight=7027 4559 3787 749 144 605 2468 1848 1114 734 336 93 620 596 772 398 300 244 3038 1056 1036 133 903 1982 885 109 558 797 708 195
internal_count=7027 4559 3787 749 144 605 2468 1848 1114 734 336 93 620 596 772 398 300 244 3038 1056 1036 133 903 1982 885 109 558 797 708 195
is_linear=0
shrinkage=0.05


Tree=124
num_leaves=31
num_cat=0
split_feature=0 0 9 9 3 3 0 0 9 6 3 3 7 7 6 6 11 0 0 0 1 0 6 6 3 5 3 9 11 11
split_gain=73.0367 96.5259 52.0313 32.584 32.3867 87.0532 32.5546 30.6403 29.7061 27.0814 57.4448 26.8252 22.3211 22.0555 20.9736 60.9325 34.5978 20.9618 33.3055 30.903 20.8888 20.3572 47.4803 19.272 49.926 304.992 23.5635 23.4251 20.9921 20.495
threshold=13.71375743655765 33.515085247392115 57.827491105447372 33.597978593069435 967.95000000000016 968.35000000000002 26.022690940589879 15.319270502300986 94.523829473393974 0.78656609248549303 973.95000000000016 988.05000000000007 0.68301270189221941 0.25000000000000011 -0.12940952255126037 0.60355339059327384 49.532663316201628 7.8268761954987562 11.974451615335704 12.108244370814317 -0.017452406437283595 25.219934407718217 -0.12940952255126037 -0.37940952255126015 971.85000000000002 0.60355339059327384 970.85000000000002 69.267621499667371 33.634077408571464 75.536509659330008
decision_type=2 2 2 2 2 2 2 2 2 2 2 2 2 2 2 2 2 2 2 2 2 2 2 2 2 2 2 2 2 2
left_child=3 2 9 -1 6 -6 -4 -7 14 11 -11 21 13 -10 16 -16 -3 20 -19 -20 -5 -2 -23 24 25 -9 -25 29 -26 -28
right_child=1 8 4 17 5 7 -8 23 12 10 -12 -13 -14 -15 15 -17 -18 18 19 -21 -22 22 -24 26 28 -27 27 -29 -30 -31
leaf_value=-0.0034870757037210268 0.0028765997003554595 0.0082281525428136559 0.085200253147631883 -0.016209447542563656 -0.086180363717678662 -0.0099672427284662121 0.01136658429567303 0.0086087865885647544 -0.03542683758131332 0.11237907955827919 0.023761517021727439 0.042941020655799918 -0.078493909835815431 0.020600616918368776 -0.045762195489990221 -0.00017781443737055128 -0.03219995105215772 -0.00088539143092930333 -0.079091384249428909 -0.020166194479038752 -0.083362985243615906 0.070730424255939062 0.0033631839749176762 0.028352813084684587 0.03877410934283966 -0.19849966908720409 0.010681285091020445 0.006006468082296941 0.00218875510106269 0.077003368247639051
leaf_weight=1344 306 266 23 25 26 355 41 92 89 22 95 70 23 21 119 189 65 267 23 355 22 40 73 136 40 21 26 1915 917 21
leaf_count=1344 306 266 23 25 26 355 41 92 89 22 95 70 23 21 119 189 65 267 23 355 22 40 73 136 40 21 26 1915 917 21
internal_value=-5.61655e-05 0.00319888 0.0061745 -0.00803562 0.00389591 0.00325285 0.03888 0.00393856 -0.0130434 0.0197225 0.0412782 0.0144811 -0.0344706 -0.0245964 -0.00852895 -0.0178972 0.000200964 -0.0168448 -0.0144344 -0.023964 -0.048829 0.00962366 0.0276651 0.00550105 3.51448e-05 -0.0312401 0.00828499 0.00687767 0.00376202 0.0414056
internal_weight=7027 4991 4219 2036 3613 3549 64 3523 772 606 117 489 133 110 639 308 331 692 645 378 47 419 113 3168 1070 113 2098 1962 957 47
internal_count=7027 4991 4219 2036 3613 3549 64 3523 772 606 117 489 133 110 639 308 331 692 645 378 47 419 113 3168 1070 113 2098 1962 957 47
is_linear=0
shrinkage=0.05


Tree=125
num_leaves=31
num_cat=0
split_feature=10 11 11 14 14 11 2 1 6 11 14 2 13 11 10 13 2 13 11 7 13 13 11 2 1 1 8 2 14 5
split_gain=21.8846 20.9597 63.3925 54.8333 47.6156 79.7551 36.2475 157.178 220.077 24.6891 32.2043 21.1842 35.2334 18.0735 16.3587 16.2427 15.7462 15.2563 26.1753 19.7988 17.8651 15.4659 15.1046 28.3706 13.6142 34.2154 17.4566 20.652 15.705 13.286
threshold=1.1047620574286949 83.155753283110883 82.902715516720704 2.6185225194236685 3.1358142149942365 1.0754633823555715 -0.89490028524376719 -0.39073112848927366 -0.12940952255126037 95.696115902446749 4.3833014991161035 -0.82409480842201666 36.519962370116126 84.656714070058385 97.229676529686898 1.0000000180025095e-35 -0.42261826174069922 90.5596995938497 11.617639171237975 0.25000000000000011 1.0000000180025095e-35 98.47502576271755 55.97227509040669 -0.93663652364155492 -0.017452406437283595 -0.52247866957162958 -0.68301270189221952 0.13052122218260662 4.0420703792484352 -0.70710678118654735
decision_type=2 2 2 2 2 2 2 2 2 2 2 2 2 2 2 2 2 2 2 2 2 2 2 2 2 2 2 2 2 2
left_child=15 2 4 13 6 -6 7 8 -2 -5 11 -11 -13 14 -3 -1 -17 19 -19 20 -8 -20 24 -24 25 26 -7 -28 -29 -26
right_child=1 3 -4 9 5 22 17 -9 -10 10 -12 12 -14 -15 -16 16 -18 18 21 -21 -22 -23 23 -25 29 -27 27 28 -30 -31
leaf_value=0.01250515331825079 -0.21990433450965657 -0.001692976245487278 -0.066918754971180203 0.0039045293668285015 -0.10318271629810334 -0.047621731079895709 0.012809064549891853 -0.0039830414083341587 0.0036094151235496006 0.043176774979484356 0.066670785942890998 -0.030029230762000494 0.026849475938504858 -0.0020664779520039919 0.040419915890207096 -0.0099766554684297404 0.0080963803114849076 0.041053524329966194 0.033598337810994548 -0.007711124484554366 -0.0037019620485441531 0.0033855113461445114 -0.041781578084101545 0.0060699940968923713 -0.053353412694194247 0.018946297500720796 0.0075009897332943866 -0.0099879680418719849 -0.068853970460948488 -0.019253783402001037
leaf_weight=552 20 43 38 149 24 50 324 466 23 65 47 40 80 1761 48 218 267 50 43 675 329 1187 36 189 44 67 60 26 20 86
leaf_count=552 20 43 38 149 24 50 324 466 23 65 47 40 80 1761 48 218 267 50 43 675 329 1187 36 189 44 67 60 26 20 86
internal_value=-5.41885e-05 -0.00121618 -0.0034966 0.00261822 -0.00282941 -0.0156908 -0.000339584 -0.0125322 -0.102872 0.0198669 0.0300364 0.020394 0.0077571 -0.000936346 0.020664 0.00664768 -2.06947e-05 0.00204202 0.00593602 -0.00170912 0.00448975 0.00447223 -0.0118774 -0.00171513 -0.0183175 -0.0107072 -0.0235144 -0.0117575 -0.0366087 -0.0311525
internal_weight=7027 5990 3757 2233 3719 602 3117 509 43 381 232 185 120 1852 91 1037 485 2608 1280 1328 653 1230 578 225 353 223 156 106 46 130
internal_count=7027 5990 3757 2233 3719 602 3117 509 43 381 232 185 120 1852 91 1037 485 2608 1280 1328 653 1230 578 225 353 223 156 106 46 130
is_linear=0
shrinkage=0.05


Tree=126
num_leaves=31
num_cat=0
split_feature=0 0 9 14 14 14 9 14 3 3 0 9 14 11 6 2 1 14 0 14 11 14 14 0 11 0 0 3 9 9
split_gain=64.7994 89.2714 50.5358 44.518 33.68 32.0639 30.8015 32.6483 29.0211 79.0689 29.4002 27.5797 24.0163 32.0498 20.6172 19.944 93.4973 318.661 25.5712 36.9873 25.0055 58.1515 28.6797 36.8333 30.6055 24.1452 27.1412 33.4724 22.8271 20.7047
threshold=13.847550192036261 33.515085247392115 34.444690269345777 3.8572437766710004 4.3015501081974268 6.4487721615662421 96.66803484672171 2.1126602503321092 967.95000000000016 968.35000000000002 26.022690940589879 99.336234617861393 4.3015501081974268 54.890272234774976 0.78656609248549303 -0.89490028524376719 -0.39073112848927366 0.64291005073292062 29.367509827555164 3.7898905885935448 95.314703660012043 2.7309947812737287 1.6502525059315416 15.988234279694042 74.151363204731396 30.839230137819886 24.818556141282382 982.1500000000002 98.406642980304326 57.827491105447372
decision_type=2 2 2 2 2 2 2 2 2 2 2 2 2 2 2 2 2 2 2 2 2 2 2 2 2 2 2 2 2 2
left_child=6 2 3 -2 -5 8 12 -8 10 -10 -4 -3 -1 -14 -13 16 17 -11 19 -18 22 -22 29 24 -24 26 -25 28 -28 -17
right_child=1 11 5 4 -6 -7 7 -9 9 15 -12 14 13 -15 -16 20 18 -19 -20 -21 21 -23 23 25 -26 -27 27 -29 -30 -31
leaf_value=-0.0047924166551307533 0.03591631274785341 -0.009108831596806595 0.081005414826795463 -0.051377357324516329 0.013406237536050284 0.053369026401955066 -0.073854217195149618 -0.016414971231593797 -0.081975879375046745 -0.22174077973656714 0.010830208980256604 -0.055545332658104608 -0.084811847123783091 -0.01071992369287688 -0.0044323782370455809 0.034871056693413394 0.0032838310141457476 0.00062325200438499457 0.032896030299938643 -0.045374176191786929 -0.0033406625317803267 0.033882026418337027 -0.045046159309112349 0.0022378385054125948 0.010057519273366781 -0.046067464257634819 0.072463842685733526 -0.021006675675511361 0.024127417229322923 0.012366326501459511
leaf_weight=1868 242 683 23 26 77 32 32 104 26 20 41 59 21 45 30 115 556 69 64 41 1098 115 68 448 39 20 34 29 89 913
leaf_count=1868 242 683 23 26 77 32 32 104 26 20 41 59 21 45 30 115 556 69 64 41 1098 115 68 448 39 20 34 29 89 913
internal_value=-5.40503e-05 0.00304798 0.00593107 0.0242375 -0.0032356 0.00427917 -0.00748275 -0.030407 0.00385144 0.003274 0.0369846 -0.0125622 -0.00585323 -0.0352832 -0.0386125 0.00389338 -0.0033839 -0.0511992 0.00311423 -0.000119768 0.00573452 0.000209166 0.00954832 0.00193543 -0.0250082 0.00662621 0.00846471 0.0266503 0.0380057 0.0149202
internal_weight=7027 4957 4185 345 103 3840 2070 136 3808 3744 64 772 1934 66 89 3718 750 89 661 597 2968 1213 1755 727 107 620 600 152 123 1028
internal_count=7027 4957 4185 345 103 3840 2070 136 3808 3744 64 772 1934 66 89 3718 750 89 661 597 2968 1213 1755 727 107 620 600 152 123 1028
is_linear=0
shrinkage=0.05


Tree=127
num_leaves=31
num_cat=0
split_feature=10 14 3 2 11 14 14 11 3 3 6 14 9 10 11 13 2 14 11 11 9 11 9 11 13 9 14 11 9 2
split_gain=20.1404 17.9693 94.9072 283.726 63.4624 53.4373 24.0756 21.9673 20.2617 28.2432 49.0423 84.1813 288.016 28.9877 21.0274 26.4122 23.7759 18.9942 44.2521 20.9072 18.4892 18.1173 18.1161 17.1871 16.1419 16.3972 15.7198 15.5231 27.8028 15.3196
threshold=3.5139263568983372 1.6289055630493696 968.1500000000002 -0.78257835753184624 95.696115902446749 4.3833014991161035 7.21086607314649 50.131359211815813 968.35000000000002 974.95000000000016 0.37940952255126048 0.50000000000000167 97.586007861302917 97.281758415517842 96.054947289492091 82.465179678760123 -0.94260559819261236 3.5688465635685573 8.6748307614252855 11.617639171237975 99.918604776024935 98.573545371001686 96.588803728934607 55.97227509040669 57.947435197667623 10.947455176544299 1.8032377694305768 83.290261016161182 98.617820632273379 -0.86159635224327535
decision_type=2 2 2 2 2 2 2 2 2 2 2 2 2 2 2 2 2 2 2 2 2 2 2 2 2 2 2 2 2 2
left_child=-1 8 3 -3 6 22 17 -8 21 10 11 12 -10 -13 15 27 -17 19 -19 24 -21 -2 -6 -20 -4 -26 -22 28 -11 -28
right_child=1 2 4 -5 5 -7 7 -9 9 14 -12 13 -14 -15 -16 16 -18 18 23 20 26 -23 -24 -25 25 -27 29 -29 -30 -31
leaf_value=0.0054550294424931152 0.04967734175454825 0.031683933632884874 -0.00024836967962429577 -0.21224077734564034 0.037844470178087557 0.066373487611322904 -0.013677281055768785 0.051052493049734915 -0.0017990991411109766 -0.0041305516582934862 0.0083188655111478705 -0.028801973991158632 -0.22467471978848891 0.0024214869885084531 -0.00456845900846687 -0.012363201545085759 0.011759812449618916 -0.070518849988778429 -0.02310779463502113 -0.010514725036876785 -0.030040828706696627 -0.0015175031687343313 0.0042518126423085464 -0.0026306218254716607 0.057050361914443785 0.00071010546191878951 -0.013967228769963863 -0.035754102435671752 0.036331568149768782 0.017574282878428507
leaf_weight=1341 39 27 91 20 44 42 21 32 47 549 246 118 20 197 713 111 1159 35 199 989 27 30 381 212 31 22 50 33 45 156
leaf_count=1341 39 27 91 20 44 42 21 32 47 549 246 118 20 197 713 111 1159 35 199 989 27 30 381 212 31 22 50 33 45 156
internal_value=-5.38683e-05 -0.00135471 -0.00466814 -0.0742689 -0.003232 0.0132292 -0.00736148 0.0255339 0.00102809 0.00045103 -0.00905842 -0.0202546 -0.0707283 -0.00931323 0.00274364 0.00549553 0.00963942 -0.00833996 -0.0172943 -0.00540219 -0.00752975 0.0276436 0.00782205 -0.0125895 0.0125455 0.0342027 0.00510979 -0.00289202 -0.00100093 0.00986393
internal_weight=7027 5686 2379 47 2332 467 1865 53 3307 3238 628 382 67 315 2610 1897 1270 1812 446 1366 1222 69 425 411 144 53 233 627 594 206
internal_count=7027 5686 2379 47 2332 467 1865 53 3307 3238 628 382 67 315 2610 1897 1270 1812 446 1366 1222 69 425 411 144 53 233 627 594 206
is_linear=0
shrinkage=0.05


Tree=128
num_leaves=31
num_cat=0
split_feature=0 0 9 14 9 9 14 0 9 11 9 14 11 14 11 9 14 11 14 0 9 14 11 9 5 0 0 0 2 9
split_gain=61.0627 92.3523 59.4442 38.4123 39.7314 34.5252 28.896 27.7512 42.6136 26.8251 26.1275 25.26 55.2624 25.0569 23.2483 20.2483 25.722 25.0124 19.934 19.5902 28.2477 31.6572 44.3217 41.0902 21.3111 21.1088 51.553 35.1075 30.8353 20.2614
threshold=15.586856013258206 33.515085247392115 93.429480066634895 1.4000000000000163 73.782022760639265 94.874454504754127 3.1077858173020831 24.952348896760991 1.0373867663658365 97.33108727521676 94.523829473393974 3.9929103838344568 58.027314222964598 1.5373136743467035 99.124595016582489 35.62552890117427 3.935098422706091 75.536509659330008 0.98657657246324848 13.044793659164593 11.391137530829257 1.6010413278031737 43.400875181179366 70.255790035383413 -0.60355339059327362 11.974451615335704 12.108244370814317 11.171695082464039 -0.49240481012316833 10.947455176544299
decision_type=2 2 2 2 2 2 2 2 2 2 2 2 2 2 2 2 2 2 2 2 2 2 2 2 2 2 2 2 2 2
left_child=5 2 3 4 -2 11 -7 15 -9 -8 18 19 -13 -12 -15 16 -5 -17 -3 25 -21 22 24 -23 -22 27 -27 -1 -28 -30
right_child=1 10 -4 7 -6 6 9 8 -10 -11 13 12 -14 14 -16 17 -18 -19 -20 20 21 23 -24 -25 -26 26 28 -29 29 -31
leaf_value=-0.0063062745780365559 0.063485409341231799 0.0042189365957501449 0.004119107027013299 0.045642998385532152 0.016271871022063861 -0.029327700142279384 -0.019613173204389486 0.014140118892905833 0.082275493710555814 0.02950812108038614 -0.079867685216924417 -0.066362370448804706 0.0067848371643234387 -0.034856618194457366 0.01779190788444664 -0.015194893511975633 -0.0017523529315203951 0.023412356272781806 -0.01425172388633795 0.045414903994649647 0.0044908494916966277 -0.035638444004874481 -0.0008095759387073628 0.04028506685725667 0.049178533770992794 -0.069682397586179945 -0.036435050037563657 0.016516166208446467 0.040976093459342208 -0.0051874312330749198
leaf_weight=1097 92 224 2931 57 88 257 65 78 32 47 22 48 54 84 27 144 56 58 415 39 41 94 384 21 78 40 73 198 27 156
leaf_count=1097 92 224 2931 57 88 257 65 78 32 47 22 48 54 84 27 144 56 58 415 39 41 94 384 21 78 40 73 198 27 156
internal_value=-5.34518e-05 0.00364844 0.00707017 0.0213283 0.0406483 -0.00591978 -0.0201206 0.0130578 0.034569 0.00103469 -0.0120065 -0.00368021 -0.0278989 -0.0321015 -0.0219611 0.00544455 0.0223018 -0.00402429 -0.00777259 -0.00256718 0.00468731 0.00203983 0.00746435 -0.0215033 0.0339893 -0.00556711 -0.0175935 -0.00280291 -0.00919568 0.00178209
internal_weight=7027 4308 3536 605 180 2719 369 425 110 112 772 2350 102 133 111 315 113 202 639 2248 657 618 503 115 119 1591 296 1295 256 183
internal_count=7027 4308 3536 605 180 2719 369 425 110 112 772 2350 102 133 111 315 113 202 639 2248 657 618 503 115 119 1591 296 1295 256 183
is_linear=0
shrinkage=0.05


Tree=129
num_leaves=31
num_cat=0
split_feature=0 0 10 1 0 10 11 3 5 2 1 0 11 14 10 11 0 6 11 2 0 11 5 14 14 11 0 14 11 14
split_gain=55.975 79.8686 27.2638 32.5275 33.5796 22.9739 22.734 22.598 176.772 28.5032 124.892 283.944 25.2509 34.5061 26.5575 23.4293 30.4254 28.1889 24.7894 21.7873 21.4773 21.9262 21.4666 22.3846 21.3913 24.2175 20.6992 20.3207 19.3538 20.0685
threshold=14.917892235865152 33.515085247392115 51.827987888901809 -0.64278760968653936 24.952348896760991 1.8138205639960416 69.06198799237103 968.1500000000002 -0.70710678118654735 -0.89490028524376719 -0.39073112848927366 26.825447473461548 88.968612655204211 2.1501937897161247 95.730180938414563 77.3430939161873 19.065467655702097 -0.37940952255126015 33.634077408571464 -0.7933231318270072 30.170266360426833 94.039382167047705 0.91597561503675362 0.85049005481195949 2.0800639472509235 49.862219011660549 31.909572181648773 0.85049005481195949 98.211526548801018 4.1046720895068871
decision_type=2 2 2 2 2 2 2 2 2 2 2 2 2 2 2 2 2 2 2 2 2 2 2 2 2 2 2 2 2 2
left_child=27 2 3 -2 28 -3 -6 8 -4 10 11 -9 15 14 -14 16 -11 18 -18 -15 21 22 23 -12 25 -7 -19 -1 29 -5
right_child=1 5 7 4 6 24 -8 9 -10 12 20 -13 13 19 -16 -17 17 26 -20 -21 -22 -23 -24 -25 -26 -27 -28 -29 -30 -31
leaf_value=0.0011030430258516534 0.00083012688276797259 -0.0022063754090029726 -0.11325717351729832 0.020469652045999959 0.051089982337687384 -0.00066689591440041371 0.019703103414138973 0.0017397306331743798 0.048677335331669534 -0.0032432025348603289 0.025792734431831735 -0.21251903511907747 -0.022783284693487463 0.061625956200577064 0.00099307997273593565 0.024842954362800599 0.086336330343847689 0.014047066901727179 0.026032311912377676 0.013346980203903286 0.039765086782139698 0.013363916731067002 -0.057079500217329375 -0.013564183888846032 -0.034504018454312883 -0.033851706906563687 -0.029304811613213629 -0.0089625201914179109 -0.002909732863772661 -0.015131337059746411
leaf_weight=698 423 362 30 403 105 182 133 47 36 339 45 22 142 28 655 272 22 245 74 128 36 174 21 167 150 78 30 1770 167 43
leaf_count=698 423 362 30 403 105 182 133 47 36 339 45 22 142 28 655 272 22 245 74 128 36 174 21 167 150 78 30 1770 167 43
internal_value=-5.00021e-05 0.0032325 0.00622163 0.0121787 0.0178062 -0.0114131 0.033727 0.00319597 -0.0254464 0.00398063 -0.00649611 -0.0685633 0.00675728 0.000951115 -0.00326009 0.0123802 0.00757046 0.017447 0.0406511 0.0223816 0.00329263 -1.0737e-05 -0.0100345 -0.00510478 -0.0195047 -0.0107331 0.00921061 -0.00611446 0.0115719 0.0169999
internal_weight=7027 4559 3787 1274 851 772 238 2513 66 2447 512 69 1935 953 797 982 710 371 96 156 443 407 233 212 410 260 275 2468 613 446
internal_count=7027 4559 3787 1274 851 772 238 2513 66 2447 512 69 1935 953 797 982 710 371 96 156 443 407 233 212 410 260 275 2468 613 446
is_linear=0
shrinkage=0.05


Tree=130
num_leaves=31
num_cat=0
split_feature=10 14 11 14 3 14 11 14 3 3 3 11 10 8 3 6 14 11 11 11 11 3 13 13 3 11 11 14 3 13
split_gain=17.1697 15.9987 22.0128 19.3239 82.5528 210.841 57.569 46.6926 19.1119 25.3596 289.112 25.2621 19.4399 18.7121 18.4357 18.0045 16.9011 37.5164 19.7589 16.4225 16.2794 14.6103 14.4525 13.435 30.6427 21.7698 13.0693 13.3837 12.9729 12.8022
threshold=3.5139263568983372 7.21086607314649 50.131359211815813 1.6289055630493696 968.1500000000002 2.4006943440041186 95.696115902446749 4.3833014991161035 968.35000000000002 971.45000000000016 971.25000000000011 96.054947289492091 96.012155300808672 -0.24999999999999994 969.55000000000007 -0.78656609248549325 3.5688465635685573 8.6748307614252855 11.617639171237975 97.634271771531374 98.573545371001686 991.1500000000002 57.947435197667623 78.60540820685803 980.85000000000002 99.352305659072485 56.613984541916516 3.9929103838344568 976.75000000000011 82.465179678760123
decision_type=2 2 2 2 2 2 2 2 2 2 2 2 2 2 2 2 2 2 2 2 2 2 2 2 2 2 2 2 2 2
left_child=-1 3 -3 8 5 -5 14 19 20 10 -10 29 13 -13 -6 -14 18 -18 22 -8 -2 -15 -16 24 -21 -25 -19 -28 -29 -11
right_child=1 2 -4 4 6 -7 7 -9 9 11 -12 12 15 21 16 -17 17 26 -20 23 -22 -23 -24 25 -26 -27 27 28 -30 -31
leaf_value=0.0050382840442998638 0.047671069895848628 -0.013370131955522561 0.049811048042827419 0.023540209939755086 0.019805032364171693 -0.1885379235872201 0.040976047710035789 0.063003084228896514 0.0032652352632930835 -0.00059287023430163474 -0.18795510021123021 -0.033932977319508797 -0.02041160770133138 -0.0011557066559551223 -0.00088655710455972736 0.0033906732409923653 -0.066121201177852015 -0.021789805656533 -0.0078457744005247607 0.0045982424028387127 -0.00086424465140988763 -0.043926385032094041 0.032358783725476646 0.022212889772486987 -0.050331094219829099 -0.0081755381916719747 -0.027373423105024771 0.021116059714256168 -0.0082156907032670777 0.0073602888605123571
leaf_weight=1341 39 22 34 26 58 20 32 40 194 800 21 99 94 154 82 484 35 198 1185 109 30 22 53 160 32 92 45 61 95 1370
leaf_count=1341 39 22 34 26 58 20 32 40 194 800 21 99 94 154 82 484 35 198 1185 109 30 22 53 160 32 92 45 61 95 1370
internal_value=-4.80728e-05 -0.00124921 0.025103 -0.00151662 -0.005011 -0.0706109 -0.00365314 0.0120197 0.000937262 0.000376786 -0.0161726 0.00156042 -0.00572291 -0.0166404 -0.00768231 -0.000500218 -0.00860486 -0.0171614 -0.00577691 0.00707286 0.0267864 -0.00674826 0.0122705 0.00420262 -0.00809943 0.0111105 -0.0126996 -0.00365687 0.00328337 0.00442702
internal_weight=7027 5686 56 5630 2323 46 2277 465 3307 3238 215 3023 853 275 1812 578 1754 434 1320 425 69 176 135 393 141 252 399 201 156 2170
internal_count=7027 5686 56 5630 2323 46 2277 465 3307 3238 215 3023 853 275 1812 578 1754 434 1320 425 69 176 135 393 141 252 399 201 156 2170
is_linear=0
shrinkage=0.05


Tree=131
num_leaves=31
num_cat=0
split_feature=0 0 3 3 0 11 0 7 2 3 3 6 0 14 0 0 0 0 11 11 11 14 0 5 11 14 0 2 14 6
split_gain=51.2298 72.941 25.9837 68.9283 31.1649 22.3345 21.0044 31.4297 21.5021 17.9079 165.595 36.4653 39.2335 17.5702 18.1015 22.9645 44.6954 27.4461 19.8457 18.7924 16.7298 46.8407 31.2189 32.4821 36.1545 32.4748 31.2818 23.2231 23.0642 21.9528
threshold=14.917892235865152 33.515085247392115 967.95000000000016 968.35000000000002 29.501302583033773 98.761686625146027 42.746785375416287 0.68301270189221941 -0.59480013772226059 971.35000000000002 971.6500000000002 0.60355339059327384 27.093032984418773 0.85049005481195949 2.6089587318329186 11.974451615335704 12.643415392728761 11.305487837942648 17.258040630477662 84.320483706395962 88.235494412035408 2.7309947812737287 24.952348896760991 -0.60355339059327362 35.265651210912964 3.6835168008425767 25.88889818511127 -0.93038214053199442 1.2858201014658781 1.0000000180025095e-35
decision_type=2 2 2 2 2 2 2 2 2 2 2 2 2 2 2 2 2 2 2 2 2 2 2 2 2 2 2 2 2 2
left_child=13 2 4 -4 5 -2 7 8 -3 11 -11 -5 -13 -1 -15 17 18 -16 -17 -19 22 -22 25 -24 29 -12 -26 -27 -28 -25
right_child=1 6 3 9 -6 -7 -8 -9 -10 10 20 12 -14 14 15 16 -18 19 -20 -21 21 -23 23 24 26 27 28 -29 -30 -31
leaf_value=0.00086105821664193285 0.10067859212557476 -0.0074601271090366508 -0.071413213698000744 0.0072033444532541603 -0.0012778105406147063 0.024765501913304133 0.0034955073034888167 -0.052007191120819363 -0.035098190664180684 -0.10835682092234494 0.0089346752776528291 0.019174551366812596 0.08875656640389934 -0.041801835859194399 -0.0060678466919973466 -0.0035354528429381777 -0.0079660250556278286 0.0071434098883393282 -0.048140401539703219 0.051250526570912558 -0.00047410397116764313 0.028174480315971286 0.0028787283343573414 0.1035476975619793 0.070504290683773049 -0.059390702893336617 0.035892475154250862 -0.0067097421416684108 -0.0009402696928009391 0.037624685721051307
leaf_weight=698 20 446 28 261 32 20 190 53 83 31 1084 58 31 39 931 32 524 93 119 32 1468 157 149 24 28 23 71 169 103 30
leaf_count=698 20 446 28 261 32 20 190 53 83 31 1084 58 31 39 931 32 524 93 119 32 1468 157 149 24 28 23 71 169 103 30
internal_value=-4.81402e-05 0.00309211 0.00594871 0.00536505 0.035509 0.0643738 -0.0109038 -0.0156112 -0.011864 0.00596869 0.00483485 0.0167202 0.0441834 -0.00584988 -0.00849816 -0.00772123 -0.0149196 -0.00310547 -0.038806 0.0187917 0.0059302 0.00230634 0.0094269 0.0215098 0.0322807 0.00557407 0.0223207 -0.0133214 0.0141798 0.0683647
internal_weight=7027 4559 3787 3715 72 40 772 582 529 3687 3337 350 89 2468 1770 1731 675 1056 151 125 3306 1625 1681 405 256 1276 202 192 174 54
internal_count=7027 4559 3787 3715 72 40 772 582 529 3687 3337 350 89 2468 1770 1731 675 1056 151 125 3306 1625 1681 405 256 1276 202 192 174 54
is_linear=0
shrinkage=0.05


Tree=132
num_leaves=31
num_cat=0
split_feature=10 11 11 3 3 9 1 3 13 9 3 9 1 9 1 3 9 9 8 5 3 10 9 6 9 11 11 13 9 3
split_gain=15.4732 15.264 58.094 24.1449 22.7064 21.1187 23.6726 19.6559 21.2707 32.3457 21.4911 18.5433 17.2285 32.1562 59.5878 287.248 31.0065 26.6979 21.0998 19.0789 17.7156 16.5335 15.3742 15.2426 14.8967 14.5985 14.487 13.9964 17.7554 30.4506
threshold=1.1047620574286949 83.155753283110883 82.902715516720704 969.95000000000016 968.35000000000002 1.5802092349345149 -0.24192189559966767 982.6500000000002 51.96676718334583 57.827491105447372 984.6500000000002 74.86724145929243 -0.62249093318774784 32.334639737021092 -0.39873388578253693 971.95000000000016 64.853326087737017 97.034997803140186 -0.68301270189221952 -0.78656609248549303 969.25000000000011 12.624105145460254 98.406642980304326 1.0000000180025095e-35 68.490413883127289 26.788500359480004 71.521068906540009 0.0034565438710016569 91.959135942942467 979.45000000000016
decision_type=2 2 2 2 2 2 2 2 2 2 2 2 2 2 2 2 2 2 2 2 2 2 2 2 2 2 2 2 2 2
left_child=27 2 4 -3 5 -2 -7 12 -9 -10 26 24 17 -14 15 -15 -17 18 -6 -20 -16 -12 -19 -24 -5 -21 -11 28 -1 -30
right_child=1 3 -4 11 7 6 -8 8 9 10 21 -13 13 14 20 16 -18 22 19 25 -22 -23 23 -25 -26 -27 -28 -29 29 -31
leaf_value=0.0037095069664601827 -0.0041475493178979774 0.02498524437037607 -0.063680881537162726 0.0091309725399080065 -0.01753789411000024 0.084004661740565839 0.0098528636084950494 -0.0078119859691825402 0.014507420643306868 0.0058005025728859695 -0.040463192498213368 -0.0005386661233179801 -0.0020069910252385587 -0.19988141139149668 0.032739163395017389 -0.06880397650634959 -0.0019511748196479554 0.036116026357378601 -0.017698611276263886 0.026174695391759831 -0.011284593786631453 -0.005598927196923599 0.020866945191585232 -0.0039644620059108415 0.045240326233427317 0.00032481086812913415 0.049876652228832245 -0.00063423484740258193 0.029400590339002653 -0.024116873563297336
leaf_weight=335 36 110 38 189 252 21 22 408 508 76 37 1901 710 24 23 20 101 52 93 80 475 336 105 147 33 169 24 482 190 30
leaf_count=335 36 110 38 189 252 21 22 408 508 76 37 1901 710 24 23 20 101 52 93 80 475 336 105 147 33 169 24 482 190 30
internal_value=-4.46643e-05 -0.00102184 -0.00296799 0.00225017 -0.00232935 0.0240157 0.0472663 -0.00290893 0.00176496 0.00575702 -0.00364111 0.00105862 -0.00579472 -0.00935645 -0.0174482 -0.0455544 -0.0135156 -0.000418335 -0.00658889 0.00149183 -0.00917981 -0.00916963 0.0116043 0.00640378 0.0146998 0.00872147 0.0168174 0.00559051 0.0109969 0.022004
internal_weight=7027 5990 3757 2233 3719 79 43 3640 1389 981 473 2123 2251 1353 643 145 121 898 594 342 498 373 304 252 222 249 100 1037 555 220
internal_count=7027 5990 3757 2233 3719 79 43 3640 1389 981 473 2123 2251 1353 643 145 121 898 594 342 498 373 304 252 222 249 100 1037 555 220
is_linear=0
shrinkage=0.05


Tree=133
num_leaves=31
num_cat=0
split_feature=10 3 1 11 2 1 11 2 1 5 2 11 7 7 2 7 11 5 2 6 8 11 10 10 11 11 1 3 13 1
split_gain=14.2091 12.4065 209.692 21.3467 26.4739 188.473 25.1485 13.0384 13.2749 12.5124 12.0604 14.5161 11.6758 11.4166 14.7117 13.045 14.0438 12.3665 11.3935 11.2425 22.2766 18.8168 13.805 19.2748 16.128 15.8119 12.629 11.0844 12.114 11.3865
threshold=3.5139263568983372 968.1500000000002 -0.58068084432175959 80.342679261567085 -0.90992662233962529 -0.37460659341591213 84.656714070058385 0.99535829673000953 -0.99809679250719896 -0.70710678118654735 -0.93038214053199442 88.968612655204211 0.25000000000000011 0.68301270189221941 -0.44618082326431219 0.93301270189221952 67.223588062953681 0.78656609248549325 -0.55191596924288666 -0.70710678118654757 -0.68301270189221952 76.837903701632641 32.536815819730364 31.077585964547563 75.536509659330008 38.438825627692808 -0.71322329076259927 989.6500000000002 0.075235852993295896 -0.33379414889141262
decision_type=2 2 2 2 2 2 2 2 2 2 2 2 2 2 2 2 2 2 2 2 2 2 2 2 2 2 2 2 2 2
left_child=13 2 -2 4 5 -3 -5 8 9 -6 11 -8 -9 17 18 16 -16 -1 -15 20 -10 -22 23 24 25 -21 -27 28 -7 -30
right_child=1 3 -4 6 7 27 10 12 19 -11 -12 -13 -14 14 15 -17 -18 -19 -20 22 21 -23 -24 -25 -26 26 -28 -29 29 -31
leaf_value=0.0096595825225909305 -0.15993959881010511 -0.12776551307535131 0.015548778849239978 0.015387259755239897 -0.05506361348997979 0.0091897986337690692 -0.018390306911713099 0.0082087810264657377 -0.011513539723849758 -0.007926647848571125 -0.00087261879236201977 0.014861664421299931 -0.03452001621187837 -0.0095827172414054348 0.0098955597560087313 0.022733689388690085 -0.023051670766596137 -0.0044775891299088473 -0.048125321719050408 -0.01603428231199382 0.012368790232359508 -0.034915703305635946 -0.000313318993922084 -0.054484608733716113 -0.048466733957681321 -0.018019228253513576 0.014478370082856677 0.029861280114412133 0.018939305159396361 -0.014361033445296038
leaf_weight=848 20 33 89 340 20 87 37 22 151 45 1716 240 53 88 72 64 57 188 24 160 482 21 1612 23 22 39 117 20 27 310
leaf_count=848 20 33 89 340 20 87 37 22 151 45 1716 240 53 88 72 64 57 188 24 160 482 21 1612 23 22 39 117 20 27 310
internal_value=-4.29817e-05 -0.00113573 -0.0177667 -0.000806656 -0.00343024 -0.0142975 0.00283916 -0.00155054 -0.000971641 -0.0231206 0.00068934 0.0103519 -0.0219774 0.00458405 -0.00389845 0.00444881 -0.00468939 0.00708748 -0.0182389 -0.000413116 0.00526095 0.0103194 -0.00229817 -0.0111221 -0.00800465 -0.00502789 0.0062591 -0.0055847 -0.00733477 -0.0116301
internal_weight=7027 5686 109 5577 3244 477 2333 2767 2692 65 1993 277 75 1341 305 193 129 1036 112 2627 654 503 1973 361 338 316 156 444 424 337
internal_count=7027 5686 109 5577 3244 477 2333 2767 2692 65 1993 277 75 1341 305 193 129 1036 112 2627 654 503 1973 361 338 316 156 444 424 337
is_linear=0
shrinkage=0.05


Tree=134
num_leaves=31
num_cat=0
split_feature=0 0 9 9 0 0 1 2 1 9 0 11 3 3 0 3 5 3 0 11 9 6 3 5 8 3 5 11 9 11
split_gain=45.3001 69.7822 53.6607 31.3483 31.0531 41.8261 28.7011 23.464 23.328 22.0574 21.9406 21.3009 21.1819 87.6106 28.5826 20.1981 18.171 18.1585 25.9016 21.9939 27.3722 17.4429 48.6345 272.101 21.2878 18.0836 17.7149 16.6065 20.7546 16.5094
threshold=15.586856013258206 33.515085247392115 93.429480066634895 94.874454504754127 24.952348896760991 27.093032984418773 0.56638466991089664 -0.59480013772226059 0.86159635224327558 94.523829473393974 23.213043075539048 0.45904418956887766 967.95000000000016 968.35000000000002 26.022690940589879 970.05000000000007 0.91597561503675362 983.35000000000002 15.185477746822373 90.261910086359975 32.334639737021092 -0.37940952255126015 971.45000000000016 0.60355339059327384 -0.9330127018922193 970.45000000000016 -0.37940952255126059 87.92173451199649 99.084560952209742 99.352305659072485
decision_type=2 2 2 2 2 2 2 2 2 2 2 2 2 2 2 2 2 2 2 2 2 2 2 2 2 2 2 2 2 2
left_child=3 2 4 17 10 -6 -5 11 -8 16 -2 -7 14 -14 -4 -11 -3 19 -19 20 -1 22 23 -15 25 -23 -27 28 -24 -26
right_child=1 9 12 6 5 7 8 -9 -10 15 -12 -13 13 21 -16 -17 -18 18 -20 -21 -22 24 27 -25 29 26 -28 -29 -30 -31
leaf_value=-0.0037600054123624036 0.015848179444517586 -0.0038478370147665866 0.079720113128423697 -0.010433595696067444 0.10548525465386255 0.00085044474764303733 -0.066483017872182693 -0.00075703952161388277 -0.015973911189028751 0.015317439105023038 -0.032329755078256132 0.059644544012534134 -0.092438487851371376 0.0079879441830472877 0.007610927783396274 -0.037328506399819682 -0.03278423452097922 0.00018864757276638549 0.040692391221116231 0.02032659728511952 -0.020485740809797731 0.066838734689212975 -0.0060986069166778121 -0.19491064312912171 0.0068784412321786798 -0.0029216241249814629 0.031711022786276286 -0.0035091771562855666 0.020227000776749965 -0.0060154110871884275
leaf_weight=829 437 580 20 276 20 21 48 44 45 21 24 59 23 77 41 112 59 1066 40 68 347 20 116 20 1411 64 85 547 207 300
leaf_count=829 437 580 20 276 20 21 48 44 45 21 24 59 23 77 41 112 59 1066 40 68 347 20 116 20 1411 64 85 547 207 300
internal_value=-4.46508e-05 0.00314375 0.00611823 -0.0050975 0.0196646 0.0398862 -0.0186286 0.0285065 -0.0425263 -0.0104641 0.0132646 0.0444739 0.0033146 0.00268709 0.0322384 -0.0289264 -0.00657445 -0.00296369 0.00169347 -0.00710627 -0.0087127 0.00348952 -0.0019622 -0.0353578 0.00629589 0.0231815 0.0168816 0.00179179 0.0107675 0.00461257
internal_weight=7027 4308 3536 2719 605 144 369 124 93 772 461 80 2931 2870 61 133 639 2350 1106 1244 1176 2847 967 97 1880 169 149 870 323 1711
internal_count=7027 4308 3536 2719 605 144 369 124 93 772 461 80 2931 2870 61 133 639 2350 1106 1244 1176 2847 967 97 1880 169 149 870 323 1711
is_linear=0
shrinkage=0.05


Tree=135
num_leaves=31
num_cat=0
split_feature=0 0 9 0 0 9 14 0 14 14 9 0 0 0 11 5 14 9 10 14 0 11 14 9 2 10 10 11 11 9
split_gain=40.9493 60.1526 48.0018 32.4048 37.978 27.6804 26.3267 25.4915 45.9578 25.2908 41.0594 55.0166 36.0605 29.3048 25.0851 28.1701 24.3351 22.9266 21.634 21.4223 30.7778 21.3034 20.9031 21.8005 20.7543 20.6684 194.68 56.1687 268.557 20.5611
threshold=14.917892235865152 33.515085247392115 93.429480066634895 24.952348896760991 27.093032984418773 57.827491105447372 1.4000000000000163 7.5592906845415344 2.9709706077246101 1.6289055630493696 10.947455176544299 11.840658859857095 12.509622637250152 13.044793659164593 43.400875181179366 -0.60355339059327362 2.4006943440041186 33.597978593069435 98.437662972975147 3.2000000000000077 12.242037126292926 81.985041430089026 5.1133746457258722 96.988177008751009 -0.96359376111369344 99.596613759459302 99.683878331928796 51.632340054316536 49.532663316201628 97.185174860352348
decision_type=2 2 2 2 2 2 2 2 2 2 2 2 2 2 2 2 2 2 2 2 2 2 2 2 2 2 2 2 2 2
left_child=5 2 3 6 -5 9 24 -7 29 12 19 -12 -1 -13 15 17 -6 -14 -18 20 -11 -10 23 -23 -2 -4 -27 28 -28 -9
right_child=1 -3 25 4 16 7 -8 8 21 10 11 13 14 -15 -16 -17 18 -19 -20 -21 -22 22 -24 -25 -26 26 27 -29 -30 -31
leaf_value=-0.0030831180843718664 -0.017356829789501649 -0.0099450555062319083 0.0055435077987960255 0.10046214814696992 0.045726287323879469 -0.067339069695973933 0.0029553043505354416 -0.013037543234971367 -0.01319876478383473 0.0011564344181642524 -0.0095678381269919816 -0.093040361539884042 0.034735006159471886 -0.033338420929447297 0.0060487076789912959 0.056832633052924381 0.030310035999703767 -0.031992853436280382 -0.033154929253458976 -0.018663500686637077 0.044855269015145804 0.055564399652537844 0.070574501651254562 -0.0061591218412957267 0.029257357878670034 -0.13565046054897487 0.0060958189828492397 0.004703479040305718 -0.17758927826508883 -0.036343490943840866
leaf_weight=797 26 772 1994 20 72 21 361 334 47 253 243 32 30 61 201 65 28 21 24 98 47 20 21 44 218 26 97 897 24 133
leaf_count=797 26 772 1994 20 72 21 361 334 47 253 243 32 30 61 201 65 28 21 24 98 47 20 21 44 218 26 97 897 24 133
internal_value=-4.27794e-05 0.00276469 0.0053589 0.0166885 0.0379506 -0.0052299 0.0115653 -0.0143644 -0.0123897 -0.00215649 -0.0093575 -0.0222014 0.00258781 -0.0547055 0.0168262 0.035247 0.0271051 0.00707582 0.000851279 0.00150151 0.00814547 0.0135623 0.0283992 0.0136106 0.0242193 0.00255943 -0.0031351 0.000374271 -0.0314536 -0.0197492
internal_weight=7027 4559 3787 749 144 2468 605 620 599 1848 734 336 1114 93 317 116 124 51 52 398 300 132 85 64 244 3038 1044 1018 121 467
internal_count=7027 4559 3787 749 144 2468 605 620 599 1848 734 336 1114 93 317 116 124 51 52 398 300 132 85 64 244 3038 1044 1018 121 467
is_linear=0
shrinkage=0.05


Tree=136
num_leaves=31
num_cat=0
split_feature=0 0 9 14 9 1 14 14 1 9 14 11 11 11 14 7 0 0 2 14 6 6 14 2 5 5 14 11 9 0
split_gain=37.834 57.2016 45.7262 50.3468 26.3312 25.3539 26.3716 24.9222 20.7996 20.2682 19.5686 45.8323 18.392 175.266 30.5478 22.1359 18.6525 100.878 195.666 28.6384 16.9843 16.8894 16.1251 15.3531 16.762 14.8003 19.7014 14.5 15.8825 27.021
threshold=15.586856013258206 33.515085247392115 68.490413883127289 1.4000000000000163 94.874454504754127 0.56638466991089664 4.9458712873890134 6.8073375181973423 0.86159635224327558 99.336234617861393 3.9929103838344568 60.830954716761148 49.977663631885783 50.306681566226352 2.3437861108328648 0.25000000000000011 20.537187965966826 20.40339521048821 -0.5663846699108962 2.8160255680657533 0.37940952255126048 0.60355339059327384 0.80208062770104227 0.32556815445715659 -0.25881904510252113 -0.78656609248549303 3.7305044528928089 94.450013324127454 57.827491105447372 12.77720814820737
decision_type=2 2 2 2 2 2 2 2 2 2 2 2 2 2 2 2 2 2 2 2 2 2 2 2 2 2 2 2 2 2
left_child=4 2 3 -2 10 6 -6 12 -7 22 27 -12 14 -14 -4 -16 17 19 -19 23 -11 -5 -3 24 -15 26 -24 28 29 -1
right_child=1 9 7 21 5 8 -8 -9 -10 20 11 -13 13 16 15 -17 -18 18 -20 -21 -22 -23 25 -25 -26 -27 -28 -29 -30 -31
leaf_value=-0.003848845478394185 0.05594448906470495 0.0067062868854630532 0.024991799668510162 0.0055456702420899427 -0.015564694780696607 -0.062138601827378175 0.028776690744293423 0.056512426706877616 -0.014460286669757056 -0.053546205873756358 -0.057722705983940296 0.0087709360155013381 -0.13895336462692781 -0.018988134769841715 0.013710381438080768 -0.021947270901758728 0.0063324585412817937 -0.18701734903312867 0.021030017147958283 0.025351238677416135 -0.0096790170677654129 0.030599289229790612 -0.012553260476831514 0.0064924566678282829 -0.0011167508184967763 -0.0071715345672916531 -0.06454570854481842 0.024625594265320724 -0.011989851268764888 0.010361877170928112
leaf_weight=1404 82 172 229 248 238 48 38 21 45 44 50 52 21 187 93 80 1539 20 24 107 45 92 55 356 437 429 27 50 356 438
leaf_count=1404 82 172 229 248 238 48 38 21 45 44 50 52 21 187 93 80 1539 20 24 107 45 92 55 356 437 429 27 50 356 438
internal_value=-4.20963e-05 0.00287167 0.00556479 0.0209929 -0.00465988 -0.0170612 -0.00935982 0.00346635 -0.0395209 -0.00944845 -0.00270406 -0.0240194 0.00308642 0.00159184 0.01305 -0.00278134 0.00275073 -0.00211995 -0.0754803 0.000911613 -0.0317757 0.0124094 -0.00648952 -0.00177482 -0.00650225 -0.0109454 -0.0303044 -0.00172443 -0.00233704 -0.000463247
internal_weight=7027 4308 3536 422 2719 369 276 3114 93 772 2350 102 3093 2691 402 173 2670 1131 44 1087 89 340 683 980 624 511 82 2248 2198 1842
internal_count=7027 4308 3536 422 2719 369 276 3114 93 772 2350 102 3093 2691 402 173 2670 1131 44 1087 89 340 683 980 624 511 82 2248 2198 1842
is_linear=0
shrinkage=0.05


Tree=137
num_leaves=31
num_cat=0
split_feature=0 0 9 14 9 9 11 14 9 9 10 10 11 14 0 8 14 11 11 14 14 11 2 9 14 11 2 2 14 14
split_gain=35.1029 47.4087 35.9372 51.1499 28.9139 23.9491 23.772 23.1267 18.728 18.3389 18.2512 164.603 51.7043 263.077 26.1035 21.9383 23.2057 32.4864 21.7548 17.5965 17.212 16.5809 16.4274 19.9704 26.8176 15.7579 37.1026 22.7806 15.5188 20.3379
threshold=14.248928458472095 33.515085247392115 57.827491105447372 1.61296422383711 33.597978593069435 36.218580661170137 47.141488553165409 6.8073375181973423 0.85440854556024348 99.336234617861393 99.596613759459302 99.657494112427983 55.586924021244791 0.81445278152469569 22.544079298145991 -0.5 4.4825586542888045 82.902715516720704 60.325792219662084 1.8289295185359387 1.9857828011475336 23.877690985314015 -0.99353402350479747 96.988177008751009 2.0502032419575693 90.261910086359975 -0.49240481012316833 -0.18222858652173743 3.1358142149942365 2.0502032419575693
decision_type=2 2 2 2 2 2 2 2 2 2 2 2 2 2 2 2 2 2 2 2 2 2 2 2 2 2 2 2 2 2
left_child=4 2 3 -2 -1 6 28 10 -8 -3 15 -12 13 -13 20 16 18 -18 -4 -20 -15 -6 -23 25 -25 26 -24 -27 29 -5
right_child=1 9 7 5 21 -7 8 -9 -10 -11 11 12 -14 14 -16 -17 17 -19 19 -21 -22 22 23 24 -26 27 -28 -29 -30 -31
leaf_value=-0.00079070880049729182 0.039190043792923734 -0.0061710834495114966 0.025508615513881411 -0.010424830594233105 -0.037514153803067829 -0.015952416097605098 0.00044995909822838652 0.05381524183448743 0.050930517594314231 -0.030224828994108572 -0.13229058073212704 -0.19104928025177548 0.0044681857583496404 0.0050593814411849687 0.018087522511561521 0.00086355577812709098 0.0079008951809789469 0.091372184929038799 -0.00010001315957379484 0.016168995117637738 -0.042420843046806433 0.022930926523038318 -0.035824967312133492 -0.05966033718132592 -0.014307786057636674 0.037768612582842975 -0.0036859851525089626 -0.010257084633641202 -0.0079739959443230982 0.045579020141217952
leaf_weight=1380 170 683 162 27 61 92 27 21 58 89 23 20 981 32 77 1357 27 20 498 248 45 34 118 46 111 42 369 57 114 38
leaf_count=1380 170 683 162 27 61 92 27 21 58 89 23 20 981 32 77 1357 27 20 498 248 45 34 118 46 111 42 369 57 114 38
internal_value=-4.25206e-05 0.00235671 0.00452874 0.0167061 -0.00524543 0.00587563 0.0135327 0.00269873 0.0351453 -0.0089861 0.00237439 -0.00268687 1.86081e-06 -0.025032 -0.00234563 0.00495539 0.0107574 0.0446884 0.00894838 0.00531616 -0.0228128 -0.0125657 -0.010555 -0.0121228 -0.0279209 -0.00784131 -0.011541 0.0102414 0.00310376 0.0224346
internal_weight=7027 4809 4037 526 2218 356 264 3511 85 772 3490 1178 1155 174 154 2312 955 47 908 746 77 838 777 743 157 586 487 99 179 65
internal_count=7027 4809 4037 526 2218 356 264 3511 85 772 3490 1178 1155 174 154 2312 955 47 908 746 77 838 777 743 157 586 487 99 179 65
is_linear=0
shrinkage=0.05


Tree=138
num_leaves=31
num_cat=0
split_feature=0 0 9 13 6 9 14 11 11 14 0 0 0 0 0 5 6 0 6 6 0 9 0 11 11 14 10 11 14 6
split_gain=32.1537 48.7653 43.0445 20.1875 37.7247 18.5468 20.5053 36.7817 22.7695 22.1414 22.1729 19.0118 22.9506 18.0474 23.3867 17.7871 21.4767 17.1189 27.6852 45.1774 18.5167 17.0944 16.906 30.9418 22.8478 21.0442 29.7953 16.7374 43.9837 29.6304
threshold=15.988234279694042 33.515085247392115 95.406015851798173 1.0000000180025095e-35 -0.70710678118654757 25.861601723753655 0.85049005481195949 82.541563069363534 94.889548773383595 2.5990381056766223 13.178586414643204 11.974451615335704 11.171695082464039 11.974451615335704 12.643415392728761 0.91597561503675362 1.0000000180025095e-35 24.952348896760991 -0.12940952255126037 0.78656609248549303 23.213043075539048 32.334639737021092 12.77720814820737 49.141485414339662 72.981246996423152 0.30550504632979553 94.380027026210442 17.258040630477662 3.7305044528928089 0.60355339059327384
decision_type=2 2 2 2 2 2 2 2 2 2 2 2 2 2 2 2 2 2 2 2 2 2 2 2 2 2 2 2 2 2
left_child=3 2 17 4 -1 -5 8 13 22 -9 11 12 -11 -8 -15 27 -17 20 -19 -20 -2 -16 -7 -24 -25 26 -26 28 -3 -29
right_child=1 15 -4 5 -6 6 7 9 -10 10 -12 -13 -14 14 21 16 -18 18 19 -21 -22 -23 23 24 25 -27 -28 29 -30 -31
leaf_value=0.020156677638490998 0.014897037986603601 0.0074148242745304925 0.0027407175174111696 0.0011083234286701704 -0.064522068010539654 -0.012521358940996661 -0.0082055060604420468 -0.0086156456349821033 -0.034538374257584409 -0.0050166214200509521 0.036967430178809796 -0.032293489168805534 0.057891796479622518 -0.057804854380525655 0.010861133288494067 0.0036684164205299957 -0.051779864885223403 0.059477915253424864 -0.00063266633162170312 0.074321839803686507 -0.026470243747121303 -0.024883294132097996 0.037720915600409112 -0.011789972084610688 0.025062218654155734 0.026997624354553409 -0.053812111107551533 -0.027082417768965431 -0.067454679291695352 0.00070469036026252912
leaf_weight=20 405 296 2763 1233 35 120 242 276 41 46 65 31 20 49 37 27 47 56 88 25 28 291 74 153 24 111 22 189 20 193
leaf_count=20 405 296 2763 1233 35 120 242 276 41 46 65 31 20 49 37 27 47 56 88 25 28 291 74 153 24 111 22 189 20 193
internal_value=-4.16649e-05 0.00278424 0.00538538 -0.00408821 -0.0338304 -0.00349771 -0.0070444 -0.0111035 0.000824776 -2.929e-07 0.0146098 -0.000545359 0.0145514 -0.0189393 -0.0257763 -0.00853947 -0.0317029 0.0174907 0.0309782 0.0164128 0.0121557 -0.0208152 0.00377414 0.00889876 0.00190339 0.0152697 -0.0128962 -0.00603476 0.00246263 -0.0130651
internal_weight=7027 4137 3365 2890 55 2835 1602 1057 545 438 162 97 66 619 377 772 74 602 169 113 433 328 504 384 310 157 46 698 316 382
internal_count=7027 4137 3365 2890 55 2835 1602 1057 545 438 162 97 66 619 377 772 74 602 169 113 433 328 504 384 310 157 46 698 316 382
is_linear=0
shrinkage=0.05


Tree=139
num_leaves=31
num_cat=0
split_feature=10 14 11 14 3 11 11 3 3 14 14 13 6 13 8 5 14 9 3 10 6 10 3 9 11 10 6 9 9 9
split_gain=12.817 12.6251 21.9266 16.218 240.374 50.9284 40.3357 40.0567 33.3055 30.0431 28.3208 22.1693 16.609 16.4886 13.8039 20.7795 82.4606 260.216 23.6249 12.6468 11.7191 18.6032 10.7514 10.6954 15.8856 11.958 18.2208 11.902 13.5772 13.4675
threshold=3.5139263568983372 7.21086607314649 50.131359211815813 2.8536526301099099 968.75000000000011 95.696115902446749 1.0754633823555715 968.35000000000002 967.95000000000016 3.0088757590391544 4.3833014991161035 78.60540820685803 1.0000000180025095e-35 61.10258936931379 -0.24999999999999994 0.78656609248549325 0.50000000000000167 99.704355433725681 977.45000000000016 5.1706662484518633 -0.37940952255126015 99.336234617861393 988.85000000000002 95.649211004137868 86.100114460024244 97.350161261549246 -0.12940952255126037 61.631388668798969 38.740445974526395 25.360440903574794
decision_type=2 2 2 2 2 2 2 2 2 2 2 2 2 2 2 2 2 2 2 2 2 2 2 2 2 2 2 2 2 2
left_child=-1 3 -3 7 -5 6 -6 8 12 13 11 -7 -2 -8 15 18 17 -17 23 -11 21 -18 -21 27 -25 26 -26 28 29 -9
right_child=1 2 -4 4 5 10 9 14 -10 19 -12 -13 -14 -15 -16 16 20 -19 -20 22 -22 -23 -24 24 25 -27 -28 -29 -30 -31
leaf_value=0.0043541478270410815 -0.0012461258872644976 -0.015985150140426729 0.047014734699257786 -0.15720234792966112 -0.071138020920753484 -0.016442067069560289 -0.0028476366314750452 0.00098939067223156353 0.079617935722837083 -0.0484271182403678 0.057725205935265235 0.025516225350253725 0.047800398695468899 0.041258899805710673 0.0016485117248036356 0.0019623509757815205 -0.0075996125529387178 -0.21030554393927259 -0.0093066622634748672 -0.01025677893303256 -0.0092012021304570882 0.037382981116190935 0.021431474057691441 0.018919407433159171 -0.030408657697624849 0.008004499681306166 0.0098847167258365801 -0.021824710293757644 0.024921294160348436 -0.030991113713653002
leaf_weight=1341 55 22 34 25 24 49 38 296 25 20 40 84 24 46 2543 46 55 20 560 602 311 38 27 211 60 228 51 65 51 36
leaf_count=1341 55 22 34 25 24 49 38 296 25 20 40 84 24 46 2543 46 55 20 560 602 311 38 27 211 60 228 51 65 51 36
internal_value=-4.0346e-05 -0.00107822 0.0223308 -0.00131587 -0.00724981 -0.00304893 -0.00865048 -0.000101338 0.0304314 -0.00650356 0.021342 0.0100133 0.0140028 0.0214484 -0.00080362 -0.00388022 -0.0130841 -0.0644655 -0.00109388 -0.0101565 -0.0045393 0.0109293 -0.00885676 0.00351419 0.00818153 0.00144738 -0.0119279 -0.00221012 0.00115387 -0.00254601
internal_weight=7027 5686 56 5630 955 930 757 4675 104 733 173 133 79 84 4571 2028 470 66 1558 649 404 93 629 998 550 339 111 448 383 332
internal_count=7027 5686 56 5630 955 930 757 4675 104 733 173 133 79 84 4571 2028 470 66 1558 649 404 93 629 998 550 339 111 448 383 332
is_linear=0
shrinkage=0.05


Tree=140
num_leaves=31
num_cat=0
split_feature=0 0 9 14 9 3 3 14 14 0 9 0 14 9 2 9 0 14 14 11 0 1 0 6 9 11 11 0 6 3
split_gain=29.4517 38.4812 32.7577 29.678 24.2476 21.5354 65.1204 29.0306 21.4556 37.1711 32.6693 29.7551 27.5873 20.4624 20.3874 23.4029 19.1168 20.6972 18.8722 33.2247 18.7399 17.0308 24.8428 16.976 16.3473 16.1764 19.2499 15.6427 15.5087 31.4324
threshold=13.71375743655765 33.515085247392115 32.334639737021092 1.61296422383711 11.985264177378578 967.95000000000016 968.35000000000002 1.8488730364619066 1.6802777548170857 11.974451615335704 55.219650550459725 8.6296327283704262 2.3776730034132303 61.631388668798969 -0.59480013772226059 0.74948185406512835 6.3551558852340326 3.0088757590391544 5.9311318167520559 65.538172084332032 12.375829881771539 -0.80382625221112003 39.134380977493784 0.60355339059327384 49.504082715696697 35.265651210912964 12.433869964501197 11.305487837942648 -0.12940952255126037 971.85000000000002
decision_type=2 2 2 2 2 2 2 2 2 2 2 2 2 2 2 2 2 2 2 2 2 2 2 2 2 2 2 2 2 2
left_child=4 2 3 -2 16 7 -7 -4 -6 11 -11 24 13 -13 23 -16 -1 20 28 -20 -18 22 -3 -5 -10 26 -17 -14 29 -8
right_child=1 21 5 14 8 6 18 -9 9 10 -12 12 27 -15 15 25 17 -19 19 -21 -22 -23 -24 -25 -26 -27 -28 -29 -30 -31
leaf_value=-0.0089138035392996775 0.046878350645404417 -0.044452487020961828 0.0077538928954551632 0.011441304529387806 -0.0040394943098965297 -0.07525303515847083 -0.022482361432601648 0.079566041000098703 -0.016375665320140089 -0.075466044004371569 -0.022638571661936634 -0.0039380470963693423 0.0095228918429722288 -0.057595547633245585 -0.035931683001486033 0.028222067523002627 0.007251432558820237 -0.021018073237106458 -0.0034795118410672465 0.069143061812902834 0.041891239067582887 -0.0054648761713755782 0.012590274998780203 0.051099863722073757 -0.054954885706844696 0.031899749091438327 -0.02743109289465881 0.055509314802677734 0.0049779364316378683 0.00082288769614676481
leaf_weight=290 73 66 44 73 706 26 160 20 107 43 93 70 100 23 36 24 445 58 34 28 42 680 26 43 37 47 40 22 2147 1424
leaf_count=290 73 66 44 73 706 26 160 20 107 43 93 70 100 23 36 24 445 58 34 28 42 680 26 43 37 47 40 22 2147 1424
internal_value=-3.97853e-05 0.00202696 0.00390605 0.0188624 -0.00510712 0.00260605 0.00211835 0.031151 -0.00965448 -0.0176285 -0.0398068 -0.00912563 0.00264644 -0.0177329 0.0109191 -0.00143519 0.0014312 0.00695127 0.00266972 0.0298153 0.0103288 -0.00822763 -0.0283159 0.0264962 -0.0266335 0.00992915 -0.00637112 0.0182401 0.00220942 -0.00154072
internal_weight=7027 4991 4219 336 2036 3883 3819 64 1201 495 136 359 215 93 263 147 835 545 3793 62 487 772 92 116 144 111 64 122 3731 1584
internal_count=7027 4991 4219 336 2036 3883 3819 64 1201 495 136 359 215 93 263 147 835 545 3793 62 487 772 92 116 144 111 64 122 3731 1584
is_linear=0
shrinkage=0.05


Tree=141
num_leaves=31
num_cat=0
split_feature=0 0 9 14 9 9 1 14 1 3 3 14 3 3 5 6 0 9 14 14 0 9 9 9 14 10 14 1 1 0
split_gain=27.7654 39.8036 36.5598 26.7253 24.9115 22.2053 22.2869 21.6877 18.5816 17.8767 75.7174 27.8132 16.7994 89.5597 283.889 23.2778 17.7658 16.1195 22.4747 16.0422 15.7481 31.5873 23.3448 17.5002 18.2168 17.4715 15.3915 14.8457 14.6853 14.6835
threshold=15.586856013258206 33.515085247392115 93.429480066634895 1.4000000000000163 73.782022760639265 94.874454504754127 0.56638466991089664 4.9458712873890134 0.86159635224327558 967.95000000000016 968.35000000000002 1.8488730364619066 970.85000000000002 971.45000000000016 0.78656609248549325 0.60355339059327384 23.882006852932104 98.351200938755184 4.3833014991161035 3.9929103838344568 24.952348896760991 0.85440854556024348 0.10089797956770856 35.62552890117427 3.935098422706091 33.75207613041718 0.98657657246324848 -0.84335933205092495 -0.68832836526074759 12.375829881771539
decision_type=2 2 2 2 2 2 2 2 2 2 2 2 2 2 2 2 2 2 2 2 2 2 2 2 2 2 2 2 2 2
left_child=5 2 3 4 -2 19 7 -7 -8 11 -11 -4 15 14 -14 28 -17 26 -19 -1 23 22 -22 24 -5 -26 -3 -28 -12 -21
right_child=1 17 9 20 -6 6 8 -9 -10 10 12 -13 13 -15 -16 16 -18 18 -20 29 21 -23 -24 -25 25 -27 27 -29 -30 -31
leaf_value=-0.0013107881616057084 0.050082577696690958 0.0057389132671860146 0.0047424785164046288 0.038577344262318139 0.012681959746091554 -0.013792561612668678 -0.05780942398370529 0.026415016346443922 -0.012770912515444925 -0.086619562394917013 -0.029611606836939853 0.075777182252634134 0.01427737177834691 0.0030020398685591549 -0.2029918133230372 0.016676239389283903 0.075740692350268368 -0.042521535079394074 0.0054132078352727396 -0.0077398406150008458 0.027926349260884782 0.062186226338932386 -0.029343656851299877 -0.0055399609181635417 -0.036461192559112197 0.020088323052558636 -0.03864519681426741 -0.007316367733315449 0.01302215088158846 -0.047860873343689103
leaf_weight=2248 92 224 41 57 88 238 48 38 45 23 23 20 47 2578 21 28 24 69 37 68 45 37 28 202 21 35 41 401 126 34
leaf_count=2248 92 224 41 57 88 238 48 38 45 23 23 20 47 2578 21 28 24 69 37 68 45 37 28 202 21 35 41 401 126 34
internal_value=-3.79444e-05 0.00245807 0.00470474 0.0158861 0.0319965 -0.00399393 -0.0153821 -0.00816331 -0.0364375 0.0023904 0.00181405 0.0289598 0.0025604 0.0014967 -0.0547175 0.0164617 0.0449458 -0.00781867 -0.0258487 -0.00219785 0.00899209 0.0251957 0.00579251 0.00325604 0.0189344 -0.00129766 -0.00490708 -0.0103144 0.00625423 -0.0214969
internal_weight=7027 4308 3536 605 180 2719 369 276 93 2931 2870 61 2847 2646 68 201 52 772 106 2350 425 110 73 315 113 56 666 442 149 102
internal_count=7027 4308 3536 605 180 2719 369 276 93 2931 2870 61 2847 2646 68 201 52 772 106 2350 425 110 73 315 113 56 666 442 149 102
is_linear=0
shrinkage=0.05


Tree=142
num_leaves=31
num_cat=0
split_feature=0 0 9 14 0 0 0 11 14 14 11 3 3 0 9 11 6 3 9 0 14 9 11 0 14 9 8 1 11 6
split_gain=25.6994 30.8161 30.7525 30.4968 29.897 48.7169 34.5304 27.5072 25.5997 19.3063 30.438 18.7953 60.1848 25.6839 18.637 17.5781 19.5722 17.3597 16.1148 15.8994 17.5104 43.2254 42.9534 23.5432 20.1912 27.4188 16.5674 16.118 15.4191 15.3101
threshold=13.312379170121817 33.515085247392115 32.334639737021092 3.1358142149942365 11.974451615335704 12.108244370814317 11.840658859857095 45.094808292560053 2.5106440076867389 5.9311318167520559 67.223588062953681 967.95000000000016 968.35000000000002 26.022690940589879 36.986769566586986 32.065511881209396 1.0000000180025095e-35 978.1500000000002 0.34396930113150315 15.988234279694042 0.85049005481195949 56.260192489993123 83.487781493857867 14.115135702993483 1.5005553499465336 76.751188659347875 0.25000000000000017 -0.95878322595067689 51.632340054316536 -0.70710678118654757
decision_type=2 2 2 2 2 2 2 2 2 2 2 2 2 2 2 2 2 2 2 2 2 2 2 2 2 2 2 2 2 2
left_child=4 2 3 -2 6 -6 29 8 14 11 -11 13 -13 -4 -7 17 -17 18 -5 20 21 23 27 -14 25 -24 -26 -22 -23 -1
right_child=1 -3 9 15 5 7 -8 -9 -10 10 -12 12 19 -15 -16 16 -18 -19 -20 -21 22 28 24 -25 26 -27 -28 -29 -30 -31
leaf_value=0.0043240673996191078 0.028394003417080843 -0.0074327339717350548 0.069400462433695784 -0.0028573548328131439 -0.064750747736939715 0.029045222081154228 0.041492662378431605 -0.021035576784653436 -0.042979467392645097 0.0008707784861326219 0.069729595154661816 -0.074628214139777882 0.012628432807737384 0.0040239139566464084 -0.012540503099560738 0.05405715391337871 -0.00078526688947718837 0.0081742346000879314 -0.062149584140413654 0.0033985685940244683 -0.061646307452510186 0.021215034979720448 0.036540452218800777 0.064282962941136709 0.0084062968157231823 -0.023105482374085114 0.051301943443249912 -0.01981148808317857 -0.011428835789389941 -0.006773435600763076
leaf_weight=469 230 772 23 21 46 82 44 239 21 40 26 25 57 41 39 24 46 42 25 3012 25 42 24 36 79 83 31 242 226 915
leaf_count=469 230 772 23 21 46 82 44 239 21 40 26 25 57 41 39 24 46 42 25 3012 25 42 24 36 79 83 31 242 226 915
internal_value=-3.71712e-05 0.00177305 0.0033907 0.0168156 -0.00508525 -0.0166781 -0.00160601 -0.0107067 0.00666843 0.00208727 0.0287075 0.0016336 0.00118547 0.0283018 0.0156077 -8.01107e-05 0.018444 -0.014913 -0.0358245 0.00169739 -0.0043574 0.00396083 -0.0105674 0.0331481 0.00592576 -0.0094662 0.0208934 -0.0239627 -0.00623457 -0.00300878
internal_weight=7027 5172 4400 388 1855 427 1428 381 142 4012 66 3946 3882 64 121 158 70 88 46 3857 845 361 484 93 217 107 110 267 268 1384
internal_count=7027 5172 4400 388 1855 427 1428 381 142 4012 66 3946 3882 64 121 158 70 88 46 3857 845 361 484 93 217 107 110 267 268 1384
is_linear=0
shrinkage=0.05


Tree=143
num_leaves=31
num_cat=0
split_feature=0 0 9 6 3 9 11 0 3 3 0 9 6 11 1 10 11 5 6 0 9 7 0 3 0 3 10 6 0 7
split_gain=23.5527 29.7985 25.5724 21.6115 43.9485 21.4962 19.8582 18.6695 237.947 62.0137 38.8365 26.3644 24.3101 64.9905 297.821 31.0278 18.7017 15.2896 19.6171 14.8393 14.6442 16.4297 14.7941 14.5234 14.4873 14.0841 19.5019 13.9511 16.5007 14.0094
threshold=14.248928458472095 33.515085247392115 66.799531710151371 0.78656609248549303 973.95000000000016 25.861601723753655 82.80803116133815 20.537187965966826 969.25000000000011 968.75000000000011 29.501302583033773 93.429480066634895 -0.37940952255126015 50.131359211815813 -0.47714059151611382 36.540507049858697 82.902715516720704 0.91597561503675362 1.0000000180025095e-35 20.269602455009601 0.85440854556024348 0.68301270189221941 37.528867911750446 982.55000000000007 6.3551558852340326 980.35000000000002 2.9426051313152226 -0.78656609248549325 5.2848138414051435 0.68301270189221941
decision_type=2 2 2 2 2 2 2 2 2 2 2 2 2 2 2 2 2 2 2 2 2 2 2 2 2 2 2 2 2 2
left_child=5 2 3 6 -5 24 -2 8 -4 10 -9 -11 13 14 15 -13 -15 20 -19 23 -3 22 -22 25 -1 -10 -27 -7 -29 -30
right_child=1 17 7 4 -6 27 -8 9 19 11 -12 12 -14 16 -16 -17 -18 18 -20 -21 21 -23 -24 -25 -26 26 -28 28 29 -31
leaf_value=-0.0090007417669238626 0.0050745408819468235 0.00068127045698150026 -0.15502901287674906 0.090831724870204925 0.01670901980145641 0.0016134557166467554 0.0410672180327986 0.067082208797073703 -0.0020913453657603327 0.05885525227302596 0.0030439979081543591 -0.019663233973326224 0.0071618458304288134 0.017469255829185952 -0.20864550678325552 0.056084756633887692 -0.0042775259976381768 0.0052123986776652087 -0.047728484953258883 0.023469312011973182 -0.020381814861335321 -0.044277004132954739 0.0060554666090954813 0.0042264596836088198 0.0034141390075079271 -0.062861974913288252 -0.011638422235124565 -0.056638095841876096 -0.006035431032329959 -0.019852515455905703
leaf_weight=317 452 447 24 24 105 213 41 63 592 20 38 30 1049 126 20 23 445 27 47 66 120 38 93 770 899 21 128 20 463 306
leaf_count=317 452 447 24 24 105 213 41 63 592 20 38 30 1049 126 20 23 445 27 47 66 120 38 93 770 899 21 128 20 463 306
internal_value=-3.4492e-05 0.00193064 0.00365279 0.0129704 0.0311304 -0.00429644 0.00815504 0.00195095 -0.00198138 0.00542348 0.0433037 0.00316315 0.00246793 -0.0051694 -0.0492579 0.0135458 0.000534648 -0.00706158 -0.0285336 0.000441417 -0.00474046 -0.0143801 -0.00884105 -0.000575984 0.000168849 -0.00557209 -0.0192621 -0.00971514 -0.0127779 -0.0115587
internal_weight=7027 4809 4037 622 129 2218 493 3415 1601 1814 101 1713 1693 644 73 53 571 772 74 1577 698 251 213 1511 1216 741 149 1002 789 769
internal_count=7027 4809 4037 622 129 2218 493 3415 1601 1814 101 1713 1693 644 73 53 571 772 74 1577 698 251 213 1511 1216 741 149 1002 789 769
is_linear=0
shrinkage=0.05


Tree=144
num_leaves=31
num_cat=0
split_feature=0 0 11 11 3 10 3 13 6 0 1 5 5 11 3 7 7 3 0 11 5 0 0 5 0 10 10 11 0 11
split_gain=21.5901 30.7789 22.3433 87.9706 31.6217 190.673 27.999 16.8738 33.2524 14.6502 18.0649 15.8055 17.5282 15.1708 15.2658 14.6304 13.4819 13.3274 23.5592 36.8464 13.2679 26.6213 13.3371 23.3549 12.9267 14.1207 19.7625 12.771 12.3742 12.0708
threshold=15.988234279694042 33.515085247392115 49.977663631885783 50.306681566226352 968.1500000000002 99.596613759459302 968.75000000000011 1.0000000180025095e-35 -0.70710678118654757 41.275065065151566 -0.80382625221112003 0.78656609248549325 -0.25881904510252113 33.418930148796306 973.35000000000002 0.25000000000000011 0.25000000000000011 972.75000000000011 25.75510542963266 82.427295133587577 -0.70710678118654735 30.170266360426833 24.818556141282382 0.91597561503675362 16.657198057087097 15.822926851607113 1.8138205639960416 83.290261016161182 35.923354846007115 33.163272725766241
decision_type=2 2 2 2 2 2 2 2 2 2 2 2 2 2 2 2 2 2 2 2 2 2 2 2 2 2 2 2 2 2
left_child=7 2 16 -4 5 -5 -6 8 -1 10 -3 12 -12 14 -13 27 20 18 -8 -20 21 29 -22 -24 -18 26 -26 28 -14 -2
right_child=1 9 3 4 6 -7 17 -9 -10 -11 11 13 15 -15 -16 -17 24 -19 19 -21 22 -23 23 -25 25 -27 -28 -29 -30 -31
leaf_value=0.020093602123005053 0.0014699426147283291 -0.034004709586305054 -0.085745595544576655 0.043268043505714129 0.051435318807921106 -0.12708475136551364 0.003411255501567366 -0.0028106052721324328 -0.059368618227955361 0.0033324661617250245 -0.015020206620201197 -0.046077822170087268 0.030864922507289085 -0.055474972597012923 0.0063568779194682111 0.045507736041803248 0.029702144001921019 0.0022145344123367236 0.07226073052432086 0.011861302141234818 0.011313915184540505 -0.042102546401969761 0.054142363281920562 0.010198580923093045 0.0054788556149820006 0.0083114015411133359 -0.046577082226673762 -0.030158691841822405 -0.00091158118251447387 0.038210072470147433
leaf_weight=20 50 75 27 37 30 28 234 2835 35 246 163 20 41 29 40 21 44 2280 36 82 82 22 79 50 40 172 32 25 112 40
leaf_count=20 50 75 27 37 30 28 234 2835 35 246 163 20 41 29 40 21 44 2280 36 82 82 22 79 50 40 172 32 25 112 40
internal_value=-3.44753e-05 0.00228103 0.00434769 0.00242413 0.00333004 -0.0308526 0.00417786 -0.00335046 -0.0305412 -0.00671467 -0.0114204 -0.00758673 -0.00290069 -0.0263472 -0.0115082 0.00702681 0.0129916 0.00361798 0.0126623 0.0307826 0.0199963 0.00595771 0.0273612 0.0373578 0.00507633 0.000512089 -0.0179097 0.00223012 0.00771635 0.0180943
internal_weight=7027 4137 3365 2754 2727 65 2662 2890 55 772 526 451 362 89 60 199 611 2632 352 118 323 112 211 129 288 244 72 178 153 90
internal_count=7027 4137 3365 2754 2727 65 2662 2890 55 772 526 451 362 89 60 199 611 2632 352 118 323 112 211 129 288 244 72 178 153 90
is_linear=0
shrinkage=0.05


Tree=145
num_leaves=31
num_cat=0
split_feature=10 3 14 3 3 14 14 14 6 6 11 1 11 14 7 11 5 11 1 14 6 3 11 10 7 13 7 14 11 3
split_gain=11.733 11.1915 280.166 18.2182 27.4653 248.59 18.885 16.328 15.0017 16.5287 13.9372 19.9394 12.5833 11.6538 11.8529 15.5982 17.1735 16.6697 15.2463 14.783 11.517 10.8604 10.9575 10.6066 11.5727 12.8145 10.0511 12.6045 10.7287 11.0941
threshold=3.5139263568983372 968.1500000000002 2.4576411454888585 970.05000000000007 971.45000000000016 0.513160143944699 7.21086607314649 0.85049005481195949 0.60355339059327384 0.1294095225512602 65.937986003119121 -0.3090169943749474 99.565773785905535 0.34879930997153979 -0.93301270189221908 51.632340054316536 -0.78656609248549303 33.418930148796306 0.95368063612909471 0.23094010767585052 -0.12940952255126037 967.25000000000011 98.704390422409816 97.561274999481171 1.0000000180025095e-35 54.902818188465474 0.68301270189221941 4.0420703792484352 67.223588062953681 982.05000000000007
decision_type=2 2 2 2 2 2 2 2 2 2 2 2 2 2 2 2 2 2 2 2 2 2 2 2 2 2 2 2 2 2
left_child=26 2 21 10 5 -5 7 12 9 -7 -3 -12 13 14 -6 16 -16 -18 19 -17 -14 22 -2 24 -15 -26 -1 28 -28 -30
right_child=1 3 -4 4 6 8 -8 -9 -10 -11 11 -13 20 23 15 18 17 -19 -20 -21 -22 -23 -24 -25 25 -27 27 -29 29 -31
leaf_value=0.0065205565726335346 0.024901866058508557 0.00023302390568834898 -0.18117617182788398 -0.18210164119090355 0.023291186531766869 -0.00030825582838903262 0.033734299730975185 -0.0026434797884393015 0.019123946811382971 -0.034831111383003495 0.050233664186671384 0.0070616553371228435 -0.033360282808010067 -0.0099110503103450043 -0.02584429228367905 0.002896626213377761 0.0063422145228832971 0.05716183705876271 -0.046021001875400543 -0.023859642420917055 -7.7296847743647443e-05 0.040677664587501348 -0.022168255423506103 0.01254212669443666 -0.0091819857264456069 0.01154911595454724 0.0094267076427130021 -0.030736393454043488 -0.030492242683966955 0.0003409831496292209
leaf_weight=1036 29 101 20 20 38 126 39 3517 59 47 47 62 41 138 23 128 51 23 29 85 69 40 20 518 96 320 142 37 44 82
leaf_count=1036 29 101 20 20 38 126 39 3517 59 47 47 62 41 138 23 128 51 23 29 85 69 40 20 518 96 320 142 37 44 82
internal_value=-3.31492e-05 -0.0010262 -0.0168218 -0.000713622 -0.00128082 -0.0173626 -0.000484307 -0.000754793 -0.00241891 -0.00986231 0.0136961 0.02601 0.00350172 0.00474429 -0.00280191 -0.00580141 0.0110349 0.0227557 -0.012588 -0.00781899 -0.0127166 0.021659 0.00553045 0.00740293 0.00257473 0.00674248 0.00417139 -0.00378697 1.55014e-05 -0.0105421
internal_weight=7027 5686 109 5577 5367 252 5115 5076 232 173 210 109 1559 1449 377 339 97 74 242 213 110 89 49 1072 554 416 1341 305 268 126
internal_count=7027 5686 109 5577 5367 252 5115 5076 232 173 210 109 1559 1449 377 339 97 74 242 213 110 89 49 1072 554 416 1341 305 268 126
is_linear=0
shrinkage=0.05


Tree=146
num_leaves=31
num_cat=0
split_feature=0 0 0 0 14 0 11 3 3 0 3 3 11 6 0 10 0 14 11 14 6 3 5 6 11 14 0 14 11 14
split_gain=19.7949 27.1861 44.0909 30.7736 25.5663 23.4837 20.9104 16.6238 39.2315 23.4839 16.6944 141.881 21.2123 18.0402 25.7263 15.4175 14.3545 21.1908 13.6761 36.0448 29.9165 20.4618 16.0597 13.0221 12.7623 49.8918 37.127 33.4482 28.5119 18.4706
threshold=13.312379170121817 11.974451615335704 12.108244370814317 11.840658859857095 1.8876793513023775 33.515085247392115 46.432741431240963 967.95000000000016 968.35000000000002 26.022690940589879 971.35000000000002 971.6500000000002 99.446676112246038 0.60355339059327384 27.093032984418773 18.616911704591129 9.4323892612420916 3.6835168008425767 17.094283930892527 3.4122328955294616 0.60355339059327384 970.45000000000016 0.37940952255126054 1.0000000180025095e-35 51.632340054316536 1.6010413278031737 24.952348896760991 4.4825586542888045 78.909315685947419 3.8572437766710004
decision_type=2 2 2 2 2 2 2 2 2 2 2 2 2 2 2 2 2 2 2 2 2 2 2 2 2 2 2 2 2 2
left_child=1 3 -3 16 6 7 -4 9 -9 -2 12 -12 13 -10 -15 -6 -1 -18 19 23 -20 -22 -23 -7 25 -13 29 -26 -29 -27
right_child=5 2 4 -5 15 18 -8 8 10 -11 11 24 -14 14 -16 -17 17 -19 20 -21 21 22 -24 -25 27 26 -28 28 -30 -31
leaf_value=-0.0068206517608108454 0.065917527037858956 -0.06125081111934591 0.014761948783760484 0.039540017695890536 0.0074296454040576583 0.011808189328906961 -0.013374437290743732 -0.054412527322769168 0.0098659144496671351 0.0062873730003176372 -0.10285476148361342 0.024445012409072066 -0.024044054590431706 0.016284710029605777 0.07309221754151006 -0.038681251511949566 0.00082184142418554999 0.037699213062546089 -0.025002521547716528 -0.057137784647941593 0.028309850649170156 -0.020967001883726979 0.013516978482819268 -0.0095335349142708133 0.00035711403398155255 -0.00084942333328474635 0.022243383785996301 0.00016040077861398459 0.051673530738024664 -0.023652112253441184
leaf_weight=800 24 46 114 44 22 227 154 29 250 50 31 304 34 59 30 91 543 41 224 24 52 89 53 103 2954 265 129 49 59 133
leaf_count=800 24 46 114 44 22 227 154 29 250 50 31 304 34 59 30 91 543 41 224 24 52 89 53 103 2954 265 129 49 59 133
internal_value=-3.37448e-05 -0.00446422 -0.0155187 -0.00114667 -0.00983824 0.00155489 -0.001377 0.00296713 0.00256061 0.0263146 0.00295885 0.00199475 0.0130555 0.0168508 0.0360882 -0.0296736 -0.0024714 0.0034794 -0.00648114 0.000738972 -0.0125949 0.00176056 -0.00805674 0.0051232 0.00285715 0.00834981 -0.000953958 0.00136262 0.0285636 -0.00852213
internal_weight=7027 1855 427 1428 381 5172 268 4400 4326 74 4297 3924 373 339 89 113 1384 584 772 354 418 194 142 330 3893 831 527 3062 108 398
internal_count=7027 1855 427 1428 381 5172 268 4400 4326 74 4297 3924 373 339 89 113 1384 584 772 354 418 194 142 330 3893 831 527 3062 108 398
is_linear=0
shrinkage=0.05


Tree=147
num_leaves=31
num_cat=0
split_feature=0 0 10 3 5 3 2 1 11 0 1 10 3 2 0 6 0 5 13 5 11 2 11 6 5 11 3 5 6 2
split_gain=18.8084 26.1412 19.9554 97.967 271.052 57.4429 34.3897 263.668 25.8898 23.072 19.9393 20.1367 20.1573 20.1307 18.0137 31.5655 16.9665 24.5948 14.8752 31.2759 13.8483 14.72 15.2126 18.0235 13.7118 24.1115 13.1409 12.5731 16.7074 13.1869
threshold=15.988234279694042 33.515085247392115 98.658834594931406 968.1500000000002 -0.60355339059327362 968.75000000000011 -0.90992662233962529 -0.37460659341591213 98.211526548801018 27.360618495375991 -0.7880107536067219 16.885013511109811 984.75000000000011 -0.46173103126271881 25.88889818511127 0.1294095225512602 28.698546050162104 -0.78656609248549303 1.0000000180025095e-35 1.0000000180025095e-35 88.235494412035408 0.9482875459472353 22.121877948397245 0.1294095225512602 0.37940952255126054 71.152245719092264 971.6500000000002 0.91597561503675362 1.0000000180025095e-35 -0.47714059151611382
decision_type=2 2 2 2 2 2 2 2 2 2 2 2 2 2 2 2 2 2 2 2 2 2 2 2 2 2 2 2 2 2
left_child=18 2 5 4 -4 9 7 -5 10 -2 11 12 -7 -13 24 -16 -12 -18 19 -1 21 22 23 -8 25 -9 -24 29 -29 -3
right_child=1 27 3 6 -6 8 20 14 -10 -11 16 13 -14 -15 15 -17 17 -19 -20 -21 -22 -23 26 -25 -26 -27 -28 28 -30 -31
leaf_value=-0.073424135022189307 0.079545224998146299 -0.00098162601734021692 -0.197717497848313 -0.16892087997794153 0.051346638517941093 -0.0070495015935791014 0.018223134790148057 -0.049514387527872857 -0.0025933459060431662 0.022227553694247035 0.01055052364874493 -0.014221953415665132 -0.059570397456938567 0.021703012543378256 -0.0091157395841601572 0.055922568608334083 -0.015372075859743817 0.03843047789103337 -0.0026200121979124726 0.0023221956807024341 0.00032829351650949875 -0.019048073490880231 0.041850672473615791 -0.037559459404398997 0.014373644897341728 -0.00055023728428702607 0.013720793585537412 0.0054785676526704005 -0.043350193709290274 -0.019454300054589865
leaf_weight=22 35 583 21 24 21 112 27 37 631 37 777 57 21 118 38 35 25 121 2835 33 592 36 46 29 49 75 401 27 47 115
leaf_count=22 35 583 21 24 21 112 27 37 631 37 777 57 21 118 38 35 25 121 2835 33 592 36 46 29 49 75 401 27 47 115
internal_value=-3.19463e-05 0.0021292 0.00403387 -0.000439288 -0.0747711 0.00734474 0.00185691 -0.0145753 0.00563274 0.0508668 0.00985211 -0.00114679 -0.0157623 0.00995901 0.00188517 0.0223338 0.0135251 0.0291418 -0.003127 -0.0286572 0.00561935 0.01141 0.0136333 -0.0107287 -0.00743631 -0.0170652 0.0167137 -0.0061609 -0.0256321 -0.00405575
internal_weight=7027 4137 3365 1431 42 1934 1389 258 1862 72 1231 308 133 175 234 73 923 146 2890 55 1131 539 503 56 161 112 447 772 74 698
internal_count=7027 4137 3365 1431 42 1934 1389 258 1862 72 1231 308 133 175 234 73 923 146 2890 55 1131 539 503 56 161 112 447 772 74 698
is_linear=0
shrinkage=0.05


Tree=148
num_leaves=31
num_cat=0
split_feature=7 2 5 6 5 2 13 9 11 9 9 2 2 10 10 8 5 8 13 11 9 9 10 6 5 10 10 5 9 8
split_gain=10.4092 25.2834 57.6524 135.864 28.3304 13.9944 12.9153 22.3798 13.1002 12.0552 11.2591 18.8959 10.676 10.3682 10.2925 10.1675 9.93082 17.3347 18.8736 11.7823 9.92207 15.8011 13.7008 9.63412 9.54352 11.6632 14.5194 10.288 15.4754 9.32123
threshold=0.25000000000000011 -0.37460659341591213 -0.60355339059327362 0.60355339059327384 -1.0000000180025095e-35 0.99535829673000953 51.96676718334583 29.356962927092745 21.307233683729361 37.517969913133051 97.941618566299269 -0.72534675097891077 -0.41467745240824966 55.903164176332581 97.281758415517842 1.0000000180025095e-35 0.60355339059327384 -0.5 98.47502576271755 81.985041430089026 99.813544625305724 99.228360544762182 97.017542639835582 1.0000000180025095e-35 0.98296291314453421 0.39076054076899153 8.3078252082767232 -0.70710678118654735 98.225397262355116 -0.5
decision_type=2 2 2 2 2 2 2 2 2 2 2 2 2 2 2 2 2 2 2 2 2 2 2 2 2 2 2 2 2 2
left_child=-1 2 3 10 -4 6 -3 29 9 -9 -2 -12 16 -14 -13 -7 17 18 19 -6 21 -18 23 -22 25 -10 27 -27 -29 -8
right_child=1 5 4 -5 12 15 7 8 24 -11 11 14 13 -15 -16 -17 20 -19 -20 -21 22 -23 -24 -25 -26 26 -28 28 -30 -31
leaf_value=0.0019656293085940214 -0.022819014875005865 -0.0047405963141517876 0.015593347904753736 -0.11402718501351775 0.010862650721378271 -0.047538019756422092 -0.0039718761746254235 0.009636796608655936 0.020155784666188992 -0.037331999833229927 -0.027104715698343863 -0.0026474881249790392 -0.0024232204329399836 -0.050709591321647166 0.042969582046453771 -0.008012456579677139 -0.010352282123001648 -0.0050771196267965328 -0.0086905843662398487 0.061742889382715882 0.0020620304346084593 -0.046012247498280236 0.019900038915417962 -0.037739282447099683 0.023446428225590635 0.0098949633424098692 0.0020174701467246788 -0.0081132088492934917 -0.05399081862261218 0.020956056824065386
leaf_weight=3379 113 577 177 39 20 22 44 20 79 39 33 23 20 25 25 59 298 224 30 28 38 34 58 24 51 25 1215 47 30 231
leaf_count=3379 113 577 177 39 20 22 44 20 79 39 33 23 20 25 25 59 298 224 30 28 38 34 58 24 51 25 1215 47 30 231
internal_value=-3.28749e-05 -0.00188541 -0.00779495 -0.0300869 -0.00244273 0.00104386 0.00175122 0.0038587 0.0014553 -0.0214318 -0.0126885 0.00148914 -0.00645895 -0.0298769 0.0214014 -0.0192576 -0.00501698 0.00198647 0.0221424 0.0412992 -0.00970137 -0.0141464 0.00257057 -0.01362 0.00240611 0.00161763 0.000487377 -0.0175328 -0.0265147 0.0169495
internal_weight=7027 3648 1209 233 976 2439 2358 1781 1506 59 194 81 799 45 48 81 754 302 78 48 452 332 120 62 1447 1396 1317 102 77 275
internal_count=7027 3648 1209 233 976 2439 2358 1781 1506 59 194 81 799 45 48 81 754 302 78 48 452 332 120 62 1447 1396 1317 102 77 275
is_linear=0
shrinkage=0.05


Tree=149
num_leaves=31
num_cat=0
split_feature=10 14 11 14 14 11 11 14 13 2 14 2 1 14 11 9 6 9 11 1 10 11 14 9 14 9 13 13 11 1
split_gain=10.0858 9.65682 19.0944 12.8224 175.519 50.6208 36.5808 19.6504 22.9988 15.3917 13.2862 11.8148 88.6392 248.253 15.5477 18.2307 16.984 12.4711 11.6662 18.4347 11.424 12.7813 11.3902 13.1836 24.8677 19.9734 21.0719 20.3058 17.6707 15.8293
threshold=3.5139263568983372 7.21086607314649 50.131359211815813 2.8536526301099099 2.8919428302325176 95.696115902446749 1.0754633823555715 4.3833014991161035 78.60540820685803 -0.77159520228797429 3.0088757590391544 -0.89490028524376719 -0.39073112848927366 0.65574385243021427 98.573545371001686 99.430726654539157 -0.78656609248549325 91.959135942942467 52.244204177691721 -0.20791169081775965 69.872388988850972 99.491595666657915 1.6502525059315416 99.918604776024935 1.8876793513023775 10.947455176544299 0.11820089529107676 57.947435197667623 33.418930148796306 -0.68832836526074759
decision_type=2 2 2 2 2 2 2 2 2 2 2 2 2 2 2 2 2 2 2 2 2 2 2 2 2 2 2 2 2 2
left_child=-1 3 -3 11 -5 6 -6 8 9 -7 -8 12 13 -2 22 -16 20 -14 19 -19 -17 -22 -13 25 29 27 -27 28 -24 -25
right_child=1 2 -4 4 5 7 10 -9 -10 -11 -12 14 17 -15 15 16 -18 18 -20 -21 21 -23 23 24 -26 26 -28 -29 -30 -31
leaf_value=0.0038650359058329852 -0.20288975606362025 -0.016189158051072256 0.042568792309079853 -0.14603842908685857 -0.065910130493618824 0.016988970393484289 0.01379701067900492 0.050993541448066629 0.027573284073067562 -0.03812417243545254 -0.0088083908802069483 0.0045686695235460928 -0.0072358367842848331 -0.0063702683108193539 -0.01581465881380173 0.0072812064722753492 0.004725563831718859 0.064252290878267518 0.0029162880372558091 0.0010263939294964076 -0.052931324609301306 -0.0039433864015154538 0.010419152054793216 0.0093684480051022204 0.022569640097247452 0.021691623224152457 -0.014233694804356095 0.034181322352244303 -0.019275328336283565 -0.051522883080919693
leaf_weight=1341 20 22 34 21 26 21 71 41 83 29 663 2206 316 69 268 25 396 20 369 26 32 23 133 20 118 44 439 51 79 21
leaf_count=1341 20 22 34 21 26 21 71 41 83 29 663 2206 316 69 268 25 396 20 369 26 32 23 133 20 118 44 439 51 79 21
internal_value=-3.31527e-05 -0.000953908 0.0195185 -0.00116186 -0.00643817 -0.00314122 -0.00871874 0.0211024 0.0115387 -0.0149994 -0.00659917 -8.181e-05 -0.00552902 -0.0523512 0.00107671 -0.00540961 0.000459089 0.000228521 0.00592797 0.0294045 -0.0203958 -0.032971 0.00263077 -0.00208732 0.0109314 -0.0048797 -0.0109126 0.00618019 -0.000661314 -0.0221849
internal_weight=7027 5686 56 5630 955 934 760 174 133 50 734 4675 820 89 3855 744 476 731 415 46 80 55 3111 905 159 746 483 263 212 41
internal_count=7027 5686 56 5630 955 934 760 174 133 50 734 4675 820 89 3855 744 476 731 415 46 80 55 3111 905 159 746 483 263 212 41
is_linear=0
shrinkage=0.05


Tree=150
num_leaves=31
num_cat=0
split_feature=7 14 14 2 2 2 14 2 6 6 14 13 9 13 14 5 6 5 5 6 14 14 9 7 9 7 2 10 6 10
split_gain=9.47916 27.5317 27.6626 30.6007 377.594 29.7693 24.5828 24.582 24.1945 18.9194 14.6207 12.7912 40.1602 12.5687 11.534 11.3966 11.3897 11.1134 13.7498 11.0219 10.9412 20.2358 10.8934 10.3185 15.4695 10.8456 9.74617 12.912 14.728 12.1746
threshold=0.25000000000000011 1.8488730364619066 4.6877497203106646 -0.64942331933852315 -0.70088257582277225 -0.58068084432175959 4.1046720895068871 -0.19080899537654469 0.37940952255126048 0.1294095225512602 2.0647840887931292 51.96676718334583 27.129460747239225 57.947435197667623 5.2624455658309026 -0.37940952255126059 -0.12940952255126037 -0.91597561503675329 1.0000000180025095e-35 0.1294095225512602 0.40414518843268793 0.45825756949580748 99.970048885954284 0.68301270189221941 8.5642312728664987 0.93301270189221952 -0.95878322595067711 93.226212349472334 0.78656609248549303 43.213428605048833
decision_type=2 2 2 2 2 2 2 2 2 2 2 2 2 2 2 2 2 2 2 2 2 2 2 2 2 2 2 2 2 2
left_child=-1 11 3 4 17 8 10 -8 -4 14 -5 16 -13 -11 -7 -9 -2 -3 -19 -18 -14 -22 -12 -20 -25 -26 -23 29 -29 -28
right_child=1 2 5 6 -6 9 7 15 -10 13 22 12 20 -15 -16 -17 19 18 23 -21 21 26 -24 24 25 -27 27 28 -30 -31
leaf_value=0.0018735354381145708 0.00073411446956591947 -0.038582450881457099 0.010754972116485465 -0.018375744399911752 -0.22394912478598683 -0.012001355046575721 0.011057719964356651 -0.080170087632925616 0.07702043320536614 -0.039524938674309312 -0.0038338867457306785 0.025861328966987646 -0.0072782377600903421 0.0012803921445801454 0.032975386421128017 -0.029039727670068929 -0.037265060033649204 0.010437261676648631 0.00607916416310728 -0.0084255674686305477 0.027926250042563133 -0.025744427347090093 0.011733432615454606 0.0074850582993692839 -0.053496920673176643 -0.0083553554862737644 0.0031830988388243525 0.0033860422382386694 0.023264969638625132 -0.010884132190500028
leaf_weight=3379 365 25 32 133 21 21 20 22 24 38 476 180 318 36 40 25 39 94 40 205 76 31 146 26 39 21 375 400 121 259
leaf_count=3379 365 25 32 133 21 21 20 22 24 38 476 180 318 36 40 25 39 94 40 205 76 31 146 26 39 21 375 400 121 259
internal_value=-3.35618e-05 -0.00180143 -0.00771061 -0.0107933 -0.0255088 0.00978796 -0.00600004 -0.0348049 0.0400952 -0.00294954 -0.00339458 0.00138867 0.00355124 -0.0198546 0.0174671 -0.0542489 -0.0048485 -0.00763803 -0.00394033 -0.0131889 0.000991677 0.00308361 -0.000158827 -0.0147036 -0.0243862 -0.0381753 0.00146527 0.00222154 0.00804814 -0.00256383
internal_weight=7027 3648 1279 1088 266 191 822 67 56 135 755 2369 1760 74 61 47 609 245 220 244 1580 1262 622 126 86 60 1186 1155 521 634
internal_count=7027 3648 1279 1088 266 191 822 67 56 135 755 2369 1760 74 61 47 609 245 220 244 1580 1262 622 126 86 60 1186 1155 521 634
is_linear=0
shrinkage=0.05


Tree=151
num_leaves=31
num_cat=0
split_feature=14 14 14 11 9 1 2 6 5 1 1 3 3 9 13 3 3 14 1 3 14 11 14 6 14 14 2 11 13 2
split_gain=9.13239 214.27 16.8944 17.0114 23.7022 15.3686 17.1451 11.3658 10.7015 10.7936 10.081 197.571 33.3734 33.1878 20.5828 20.5672 15.5935 15.3365 13.1534 15.0653 14.3793 45.2761 13.7976 14.1081 12.592 14.1186 11.7841 10.199 10.0675 9.65478
threshold=0.49328828623154364 0.50000000000000167 0.39999999999998315 52.903763840760554 92.692745489228955 0.16504132135358066 -0.68832836526074781 -0.78656609248549325 -0.78656609248549303 -0.70088257582277247 -0.71322329076259927 968.75000000000011 968.75000000000011 1.1020380015704603 34.28868095945176 967.95000000000016 968.35000000000002 1.8717193521822348 -0.98624804680367273 977.55000000000007 3.3201405592735633 90.913030038093083 3.935098422706091 0.37940952255126048 1.8717193521822348 0.95043849529220836 0.19936034309715231 63.671414108618002 98.47502576271755 -0.52247866957162936
decision_type=2 2 2 2 2 2 2 2 2 2 2 2 2 2 2 2 2 2 2 2 2 2 2 2 2 2 2 2 2 2
left_child=2 -2 3 4 8 7 -7 -5 -1 -10 11 -3 13 -12 -13 17 -17 -15 22 29 24 26 23 -16 25 -21 -22 -25 -26 -20
right_child=1 10 -4 5 -6 6 -8 -9 9 -11 12 14 -14 15 18 16 -18 -19 19 20 21 -23 -24 27 28 -27 -28 -29 -30 -31
leaf_value=-0.018850264431287844 -0.13402598555157116 -0.1375122299652409 0.015620605137011429 -0.018905764733289563 0.056712626625712109 -0.057623668355601176 -0.0099475273546480118 0.0097409163069211505 0.037297957509290429 0.00458122841067492 -0.0057419483783344438 -0.0081103020315685115 0.00023071416678364533 -0.00078841685146714257 -0.012830861664631149 0.083692770342032111 0.030236557687322297 0.04592048963467623 0.0036338710489281279 -0.01141033963326897 0.02081300284340978 0.076644823926687242 -0.041403285968634816 -0.011658627534551281 0.016416499394437543 0.011204559520600522 -0.021342859026548026 0.031466357998549938 -0.019512458619778045 0.022786459075502322
leaf_weight=35 29 26 252 42 25 20 200 176 31 123 74 653 4182 44 120 29 29 28 108 104 29 24 26 20 22 200 36 39 129 172
leaf_count=35 29 26 252 42 25 20 200 176 31 123 74 653 4182 44 120 29 29 28 108 104 29 24 26 20 22 200 36 39 129 172
internal_value=-3.42448e-05 -0.000727769 0.00465324 0.000389234 0.0119187 -0.00524682 -0.0145455 0.00413787 0.00569999 0.0113975 -7.07262e-05 -0.0033292 0.00119752 0.0208949 -0.00117158 0.0360236 0.0580149 0.0176879 0.00323045 0.00605329 0.00118498 0.0194536 -0.00806602 -0.00299284 -0.0024123 0.00343945 -0.00242872 0.0168137 -0.0141713 0.015456
internal_weight=7027 6123 904 652 214 438 220 218 189 154 6094 1708 4386 204 1682 130 58 72 1029 824 544 89 205 179 455 304 65 59 151 280
internal_count=7027 6123 904 652 214 438 220 218 189 154 6094 1708 4386 204 1682 130 58 72 1029 824 544 89 205 179 455 304 65 59 151 280
is_linear=0
shrinkage=0.05


Tree=152
num_leaves=31
num_cat=0
split_feature=0 0 9 1 3 3 3 3 14 1 14 9 9 14 0 0 14 9 0 1 5 1 0 0 3 2 14 14 0 14
split_gain=17.4822 24.22 31.8637 16.3575 270.659 52.6861 32.8128 24.4396 261.345 16.2993 16.91 15.6925 26.3079 26.9164 24.9186 21.48 17.9897 15.4266 40.8415 25.006 15.1623 14.8365 14.5747 13.9744 25.0821 13.5679 13.709 28.1983 19.127 16.6647
threshold=15.988234279694042 33.515085247392115 95.406015851798173 -0.71322329076259927 969.95000000000016 969.75000000000011 985.1500000000002 971.45000000000016 0.61101009266095996 -0.47714059151611382 1.1143007257389621 10.947455176544299 4.233560397867044 3.9929103838344568 12.509622637250152 12.242037126292926 0.85049005481195949 59.700553118140952 14.115135702993483 0.95368063612909471 -0.25881904510252113 0.59480013772226081 15.720648768736817 12.375829881771539 987.95000000000016 0.9935340235047978 4.4825586542888045 3.7898905885935448 26.022690940589879 2.0800639472509235
decision_type=2 2 2 2 2 2 2 2 2 2 2 2 2 2 2 2 2 2 2 2 2 2 2 2 2 2 2 2 2 2
left_child=11 2 -2 4 -4 9 20 8 -7 -5 -11 12 13 -1 -15 -14 17 18 23 22 -6 -20 -19 -13 -25 26 27 29 -28 -9
right_child=1 -3 3 5 6 7 -8 25 -10 10 -12 16 15 14 -16 -17 -18 19 21 -21 -22 -23 -24 24 -26 -27 28 -29 -30 -31
leaf_value=-0.0002533843442139373 0.014298779921881104 -0.0059287924930708728 -0.18137735529669696 0.06753097109220646 0.011117619203429952 -0.17249974160090739 -0.041734193885190923 0.0015771927230867301 0.01150935545237735 0.002853614265124114 0.039215099693108831 -0.0074538974943325707 0.0089233755825083357 -0.0045823169604894548 -0.080374689377134767 0.045857469285062208 -0.008605979258832757 -0.0076853877694920249 0.07781741307973862 -0.047946830369970384 -0.0028708949746808622 0.020570357829953236 0.0254692771397531 -0.0044400944354761719 0.035616821064750719 -0.028247034021399237 0.0028169493259567963 -0.044822158505519231 0.057823279329708648 0.01526053704205819
leaf_weight=526 602 772 20 26 317 22 43 1192 119 55 77 189 227 23 20 47 1389 192 24 33 494 23 39 91 67 32 37 29 27 273
leaf_count=526 602 772 20 26 317 22 43 1192 119 55 77 189 227 23 20 47 1389 192 24 33 494 23 39 91 67 32 37 29 27 273
internal_value=-3.2765e-05 0.00205077 0.00388415 0.00160886 -0.00404105 0.00422635 0.000313457 0.0016922 -0.0181787 0.0317731 0.0242374 -0.00301673 0.00271838 -0.00340593 -0.0409737 0.0154207 -0.00538119 0.0014213 0.00768693 -0.00790453 0.00259767 0.0509192 -0.00198064 0.0016874 0.0126318 0.00346779 0.0041401 0.00315606 0.0266322 0.00413914
internal_weight=7027 4137 3365 2763 874 1889 854 1731 141 158 132 2890 843 569 43 274 2047 658 394 264 811 47 231 347 158 1590 1558 1494 64 1465
internal_count=7027 4137 3365 2763 874 1889 854 1731 141 158 132 2890 843 569 43 274 2047 658 394 264 811 47 231 347 158 1590 1558 1494 64 1465
is_linear=0
shrinkage=0.05


Tree=153
num_leaves=31
num_cat=0
split_feature=10 13 11 14 3 3 3 3 14 2 6 11 7 11 6 14 2 14 14 3 11 2 10 14 3 10 7 6 2 6
split_gain=9.48943 13.7993 15.2021 10.4553 10.3325 102.669 14.6567 20.4509 207.763 14.3166 13.618 12.174 12.6551 12.5191 11.9134 11.8278 10.3287 9.66996 11.0699 10.5438 10.6348 10.2353 15.395 12.1219 11.163 10.086 13.1131 9.98228 9.96332 9.23201
threshold=1.1047620574286949 0.0034565438710016569 99.061993418840146 0.95043849529220836 967.6500000000002 968.1500000000002 970.05000000000007 971.45000000000016 0.50000000000000167 -0.74892720285008296 0.60355339059327384 32.714239992892473 1.0000000180025095e-35 0.51934266809320573 0.1294095225512602 3.1358142149942365 -0.23343647497176648 0.85049005481195949 0.057735026919195194 992.85000000000002 99.565773785905535 0.97233289553061597 14.304152116873755 7.21086607314649 988.95000000000016 48.970913601627721 1.0000000180025095e-35 -0.78656609248549325 0.90255091666790865 1.0000000180025095e-35
decision_type=2 2 2 2 2 2 2 2 2 2 2 2 2 2 2 2 2 2 2 2 2 2 2 2 2 2 2 2 2 2
left_child=1 -1 29 -4 9 -6 11 8 -8 -2 14 13 16 -7 15 -10 -13 18 -9 20 25 23 -23 28 -24 26 -20 -28 -19 -3
right_child=4 2 3 -5 5 6 7 17 10 -11 -12 12 -14 -15 -16 -17 -18 21 19 -21 -22 22 24 -25 -26 -27 27 -29 -30 -31
leaf_value=0.0097497162685173458 0.0035745714519888777 0.0074247219799659569 -0.050040477859973911 -0.0074943041071497121 -0.09181120617840921 0.020937133025200595 -0.15824121601555663 -0.027254843888183434 0.0061030910985969142 0.048164453837275502 0.018118371539505948 0.016308581467915691 0.040987812466505506 -0.028441706595547268 -0.028479415385697322 -0.034729865658141318 -0.020450750385289609 -0.0021539405147744293 -0.017910188193837145 0.033284814199111584 -0.012609475683420896 0.022621157401098085 -0.025188148537312046 0.026168013219255954 0.0078261487878626221 0.0064849954837211529 0.02138828108250572 -0.0018794076950095285 0.0094434038060242122 -0.0077202435456806932
leaf_weight=555 66 259 24 36 30 20 22 29 113 24 66 112 44 32 51 20 22 3327 105 28 103 25 131 39 31 1060 56 239 195 163
leaf_count=555 66 259 24 36 30 20 22 29 113 24 66 112 44 32 51 20 22 3327 105 28 103 25 131 39 31 1060 56 239 195 163
internal_value=-3.24825e-05 0.00438039 -0.00179916 -0.0251361 -0.000797886 -0.00105639 -0.000576153 -0.00108237 -0.0144327 0.0159188 -0.00117758 0.0117665 0.0179718 -0.0093188 -0.00818651 -0.000213245 0.0101296 -0.000402409 0.0028232 0.00339136 0.00283171 -0.00179833 -0.0131715 -0.00119615 -0.0188307 0.00393236 -0.00281897 0.00257795 -0.00150792 0.00155865
internal_weight=7027 1037 482 60 5990 5900 5870 5640 272 90 250 230 178 52 184 133 134 5368 1620 1591 1563 3748 187 3561 162 1460 400 295 3522 422
internal_count=7027 1037 482 60 5990 5900 5870 5640 272 90 250 230 178 52 184 133 134 5368 1620 1591 1563 3748 187 3561 162 1460 400 295 3522 422
is_linear=0
shrinkage=0.05


Tree=154
num_leaves=31
num_cat=0
split_feature=14 14 14 11 11 7 9 7 3 3 11 3 14 6 2 14 2 14 3 3 1 9 6 14 1 2 2 14 2 11
split_gain=8.96362 193.104 14.8992 15.44 22.6733 20.3442 15.8222 12.0426 126.301 17.3489 24.4792 20.699 17.8412 12.5263 18.9957 16.9103 15.0396 15.0295 10.6771 11.4769 17.0381 20.5865 11.8977 15.2991 16.7302 14.0436 14.3896 13.1719 15.4891 13.6912
threshold=0.49328828623154364 0.50000000000000167 0.39999999999998315 52.903763840760554 25.241371312503258 -0.93301270189221908 87.621977398153518 0.25000000000000011 968.75000000000011 968.35000000000002 32.964864696295074 967.95000000000016 1.8717193521822348 -0.78656609248549325 0.32556815445715659 5.2624455658309026 0.99535829673000953 2.0647840887931292 972.1500000000002 978.05000000000007 -0.94828754594723508 59.700553118140952 0.37940952255126048 2.5990381056766223 -0.80382625221112003 -0.4539904997395468 -0.5 1.8488730364619066 -0.20791169081775954 73.38959333015346
decision_type=2 2 2 2 2 2 2 2 2 2 2 2 2 2 2 2 2 2 2 2 2 2 2 2 2 2 2 2 2 2
left_child=2 -2 3 4 -1 -5 -6 9 -9 10 -3 12 -12 15 18 -10 -16 -18 -15 20 21 -20 25 -24 -25 26 -21 -27 -29 -30
right_child=1 7 -4 5 6 -7 -8 8 13 -11 11 -13 -14 14 16 -17 17 -19 19 22 -22 -23 23 24 -26 27 -28 28 29 -31
leaf_value=-0.0037660359344118392 -0.12726265372956794 -0.0083599599254758749 0.014911441237448529 0.026694203809551571 0.018307178631970067 -0.008436197175734161 0.067619584947824482 -0.11901738749250122 0.0031362889304639287 0.0012546072681973444 -0.0018078111776923562 0.065327044477065402 0.049258551590696531 0.014492944826820998 0.0036508464183977623 0.047736875811507075 -0.0022212231361405238 -0.053905848433142126 -0.027380389525171592 -0.013946339810472112 -0.025439410817180132 0.023686763138530104 -0.0049574946888323347 -0.0040420969758803646 0.032216625738450709 0.0069331408061441922 -0.051708799909268105 0.013248372451977476 -0.042258159871428058 0.00090461973486275513
leaf_weight=113 29 56 252 45 81 393 20 22 655 2836 46 32 26 55 950 21 37 22 33 292 184 46 349 59 67 167 27 33 51 28
leaf_count=113 29 56 252 45 81 393 20 22 655 2836 46 32 26 55 950 21 37 22 33 292 184 46 349 59 67 167 27 33 51 28
internal_value=-3.23226e-05 -0.000719416 0.00461164 0.000606345 0.0115901 -0.00476293 0.0286882 -9.56229e-05 -0.00228184 0.00216337 0.0181322 0.0323886 0.0169865 -0.0014069 -0.00310148 0.00459766 0.00211655 -0.022154 -0.00688891 -0.00778307 -0.0171362 0.00221681 -0.00547209 0.000426642 0.0153008 -0.0101588 -0.0173098 -0.00193206 -0.0151393 -0.0270774
internal_weight=7027 6123 904 652 214 438 101 6094 3098 2996 160 104 72 3076 2400 676 1009 59 1391 1336 263 79 1073 475 126 598 319 279 112 79
internal_count=7027 6123 904 652 214 438 101 6094 3098 2996 160 104 72 3076 2400 676 1009 59 1391 1336 263 79 1073 475 126 598 319 279 112 79
is_linear=0
shrinkage=0.05


Tree=155
num_leaves=31
num_cat=0
split_feature=10 9 3 11 3 3 14 2 14 11 1 10 11 11 8 3 3 14 2 10 2 14 11 9 14 14 11 11 11 2
split_gain=8.69529 9.5919 94.9648 43.4599 261.211 27.5212 21.465 23.5876 21.3084 14.7129 21.0871 14.1611 16.5703 16.8662 18.6995 17.14 13.7284 13.4649 14.8019 17.0933 14.1123 11.8111 28.0188 23.4878 22.6835 20.68 24.2711 20.0499 18.2781 17.6045
threshold=1.1047620574286949 99.998024823357142 968.1500000000002 50.131359211815813 971.45000000000016 968.35000000000002 2.9501412395566855 -0.42261826174069922 5.4503822410139433 32.964864696295074 -0.13052122218260639 99.402042176256415 69.743873369044337 97.634271771531374 0.68301270189221952 971.85000000000002 974.45000000000016 2.1000000000000232 -0.87032255546191706 99.657494112427983 -0.95878322595067711 1.6502525059315416 76.324663358733275 10.947455176544299 3.7305044528928089 3.935098422706091 8.6748307614252855 96.504029750350398 98.837774746298805 -0.80382625221112003
decision_type=2 2 2 2 2 2 2 2 2 2 2 2 2 2 2 2 2 2 2 2 2 2 2 2 2 2 2 2 2 2
left_child=-1 5 -3 4 -4 9 -6 -8 11 -2 -11 12 16 14 15 -14 -5 18 20 -20 -13 27 23 25 29 -23 -27 -7 -26 -24
right_child=1 2 3 8 6 21 7 -9 -10 10 -12 17 13 -15 -16 -17 -18 -19 19 -21 -22 22 24 -25 28 26 -28 -29 -30 -31
leaf_value=0.0041927773120149668 -0.0012904785538557918 -0.080272087325109182 -0.19107398474029091 -0.017656203483167137 0.012145773350231108 0.004037937501739244 0.0088586592911319307 -0.0624692179441452 0.038331747605792575 0.06364797713808143 0.0050836171844491247 0.0054571856068837098 0.017537043941291897 -0.0015557808306734158 0.020087901374532119 -0.029447865526554953 0.021971806939063449 0.019343999235106889 0.047171066378553707 0.0031209701362767839 -0.033144809820179665 0.0054036629841321751 0.014359710626593381 -0.013487625539965449 0.015503116175532343 -0.057501873624821502 -0.0038266472477618968 -0.0073718933453585239 0.066464872915636408 -0.0057568067386572653
leaf_weight=1037 31 39 20 28 92 2125 21 24 36 38 26 42 21 357 26 176 88 138 23 275 52 418 160 713 96 29 72 469 21 334
leaf_count=1037 31 39 20 28 92 2125 21 24 36 38 26 42 21 357 26 176 88 138 23 275 52 418 160 713 96 29 72 469 21 334
internal_value=-3.13833e-05 -0.00076409 -0.00429044 -0.00214356 -0.0268661 0.000369971 -0.00164698 -0.0296052 0.000946932 0.0268566 0.0403774 -0.000177098 -0.00486742 -0.00832367 -0.0190807 -0.0243508 0.0122945 0.00597042 0.00121241 0.00668392 -0.0159686 -0.000201927 -0.00326248 -0.00760376 0.00548107 0.000480256 -0.0197 0.00197105 0.0251782 0.00076441
internal_weight=7027 5990 1458 1419 157 4532 137 45 1262 95 64 1226 696 580 223 197 116 530 392 298 94 4437 1843 1232 611 519 101 2594 117 494
internal_count=7027 5990 1458 1419 157 4532 137 45 1262 95 64 1226 696 580 223 197 116 530 392 298 94 4437 1843 1232 611 519 101 2594 117 494
is_linear=0
shrinkage=0.05


Tree=156
num_leaves=31
num_cat=0
split_feature=0 0 3 3 6 0 8 2 1 6 2 3 0 14 0 0 0 13 6 2 0 2 5 1 1 14 14 3 0 3
split_gain=16.6047 21.3409 14.5913 45.1441 21.4004 19.4743 13.1681 18.9166 213.952 17.674 22.1694 19.0913 18.168 14.9014 13.0015 48.5666 26.3142 14.003 29.3907 13.841 17.6016 16.1078 15.5879 12.4982 15.4045 23.4291 14.7223 14.1158 13.058 12.4923
threshold=14.248928458472095 33.515085247392115 967.95000000000016 968.35000000000002 1.0000000180025095e-35 26.156483696068495 -0.9330127018922193 -0.90992662233962529 -0.39073112848927366 -0.37940952255126015 -0.87032255546191706 974.85000000000002 26.557861962504326 1.8147543451755144 11.974451615335704 12.108244370814317 11.840658859857095 1.0000000180025095e-35 -0.37940952255126015 -0.66259481767468253 12.643415392728761 -0.99140711019144601 1.0000000180025095e-35 -0.13052122218260639 0.34202014332566882 3.7898905885935448 0.513160143944699 978.1500000000002 15.85444152421543 975.35000000000002
decision_type=2 2 2 2 2 2 2 2 2 2 2 2 2 2 2 2 2 2 2 2 2 2 2 2 2 2 2 2 2 2
left_child=14 2 4 -4 5 -2 9 8 -8 10 13 -11 -12 -5 16 -16 17 18 -1 20 22 -22 -17 26 25 -25 27 -10 -28 -13
right_child=1 -3 3 6 -6 -7 7 -9 23 11 12 29 -14 -15 15 19 -18 -19 -20 -21 21 -23 -24 24 -26 -27 28 -29 -30 -31
leaf_value=0.0057262414522119796 0.044149178749039064 -0.0059901535702944 -0.059485189066878677 -0.0056343967163641206 0.065167934944772202 -0.017802952104248107 -0.14912932713627816 0.0038109483578155296 0.062101188931952822 0.030459333952838702 -0.0032008926065768615 -0.032905888082016083 0.050465097966790197 -0.057948797974227508 -0.058063389622071318 -0.01111295261622771 0.036867107635777857 -0.00094514528956111954 -0.066839041280746456 -0.0016644757040751319 0.030120044787940777 -0.015642914681687443 -0.068722431174720877 -0.0067387050502002235 0.026001007467717066 -0.058356239083409311 -0.029769037440419196 0.0042947530441663486 0.0062196794048970218 0.011899627846510462
leaf_weight=31 20 772 28 37 22 31 24 2994 21 155 42 20 24 21 46 22 44 1329 24 558 22 116 26 189 28 24 27 21 250 59
leaf_count=31 20 772 28 37 22 31 24 2994 21 155 42 20 24 21 46 22 44 1329 24 558 22 116 26 189 28 24 27 21 250 59
internal_value=-3.05408e-05 0.00161936 0.00307689 0.00266411 0.0250851 0.00677766 0.00312249 0.00220415 -0.00601734 0.0122552 -0.00295993 0.0203175 0.0167013 -0.0253217 -0.00360917 -0.00875219 -0.000756305 -0.00198179 -0.0264774 -0.00562283 -0.0173987 -0.00814719 -0.0431858 0.000362008 -0.00820343 -0.0128236 0.00685412 0.0340863 0.0025993 0.000224425
internal_weight=7027 4809 4037 3964 73 51 3936 3578 584 358 124 234 66 58 2218 790 1428 1384 55 744 186 138 48 560 241 213 319 42 277 79
internal_count=7027 4809 4037 3964 73 51 3936 3578 584 358 124 234 66 58 2218 790 1428 1384 55 744 186 138 48 560 241 213 319 42 277 79
is_linear=0
shrinkage=0.05


Tree=157
num_leaves=31
num_cat=0
split_feature=0 0 9 14 10 10 10 11 14 3 14 3 3 2 11 9 3 3 9 14 0 2 2 0 7 11 14 0 0 0
split_gain=15.1732 20.224 29.4999 20.0464 20.3246 17.6544 158.62 43.3807 237.332 41.9787 22.1426 20.6248 19.4132 15.7843 15.4929 17.5035 17.8446 23.1414 14.9961 19.2217 35.1224 18.025 24.68 14.804 14.7201 15.3004 14.6181 21.7033 14.6004 14.5128
threshold=14.917892235865152 33.515085247392115 93.429480066634895 1.4000000000000163 0.91534278572135452 99.596613759459302 99.683878331928796 51.632340054316536 1.0115993936995771 968.75000000000011 3.9929103838344568 972.55000000000007 966.85000000000002 -0.94260559819261236 90.913030038093083 38.740445974526395 978.35000000000002 972.45000000000016 57.827491105447372 2.5990381056766223 9.0310109948062571 -0.90255091666790832 -0.62249093318774762 20.135809699530991 0.68301270189221941 74.151363204731396 3.935098422706091 11.57307334889987 15.988234279694042 13.446171925600426
decision_type=2 2 2 2 2 2 2 2 2 2 2 2 2 2 2 2 2 2 2 2 2 2 2 2 2 2 2 2 2 2
left_child=18 2 3 4 -2 9 -7 8 -8 12 23 -9 -4 -6 15 16 17 -5 26 29 -21 -22 -23 -10 25 -24 -1 -28 -17 -20
right_child=1 -3 5 14 13 6 7 11 10 -11 -12 -13 -14 -15 -16 28 -18 -19 19 20 21 22 24 -25 -26 -27 27 -29 -30 -31
leaf_value=0 0.069061213921416884 -0.0056910332914816529 0.0017769319442627223 0.021925958430660624 -0.01436191644985229 -0.12389135414803472 -0.18201842619061825 0.021371005841303529 -0.022024653092736293 0.0023389411828453554 -0.043129591584161277 -0.00036855542132934957 0.058460619871706879 0.023223959605664937 0.046739910292354497 -0.041178852734821185 0.027201872942054513 -0.017212429716274506 -0.027865618829199541 -0.041650503741370304 0.047955325040345387 -0.031171497433313301 7.1686594323678438e-05 0.02658899437395796 -0.0045871064474069792 0.054017478480624659 -0.0052655763904164953 -0.064257250712676489 -0.0020208719615293154 -0.0086772540633214389
leaf_weight=1772 21 772 22 69 31 26 20 126 20 1923 20 771 49 226 21 27 111 81 158 35 29 34 21 61 42 35 55 21 162 266
leaf_count=1772 21 772 22 69 31 26 20 126 20 1923 20 771 49 226 21 27 111 81 158 35 29 34 21 61 42 35 55 21 162 266
internal_value=-3.10959e-05 0.00167758 0.00318213 0.0120633 0.0226939 0.000987641 -0.0042752 -0.00109668 -0.0290747 0.00374638 0.00264979 0.00269999 0.0412347 0.0186328 0.00574338 0.00371973 0.0120993 0.000784092 -0.00318886 -0.00991185 0.00300609 0.0129421 0.00490946 0.0144024 0.0176663 0.0342317 -0.000926465 -0.0222537 -0.00782847 -0.0158881
internal_weight=7027 4559 3787 749 278 3038 1044 1018 121 1994 101 897 71 257 471 450 261 150 2468 620 196 161 132 81 98 56 1848 76 189 424
internal_count=7027 4559 3787 749 278 3038 1044 1018 121 1994 101 897 71 257 471 450 261 150 2468 620 196 161 132 81 98 56 1848 76 189 424
is_linear=0
shrinkage=0.05


Tree=158
num_leaves=31
num_cat=0
split_feature=0 0 11 11 14 3 10 3 14 11 0 11 1 5 3 0 1 5 3 13 0 0 3 3 3 5 10 10 11 8
split_gain=14.0623 19.9625 20.1903 77.2823 33.5194 27.3386 153.644 17.5537 16.5022 17.8518 20.3772 14.9227 16.0322 14.912 14.3359 19.2412 13.2248 15.0491 13.1464 21.7595 16.4702 32.7276 24.0699 23.4469 26.3599 14.8514 14.7579 14.7355 21.8845 13.7941
threshold=15.988234279694042 33.515085247392115 49.977663631885783 50.306681566226352 2.4785748593362165 968.1500000000002 99.596613759459302 968.75000000000011 4.4825586542888045 63.143177824151927 29.768888093990999 46.432741431240963 -0.83385407025023295 0.91597561503675362 971.75000000000011 31.775779426170164 -0.62249093318774784 -0.70710678118654735 982.6500000000002 1.0000000180025095e-35 11.974451615335704 12.242037126292926 978.55000000000007 974.95000000000016 971.95000000000016 -1.0000000180025095e-35 95.020095575404682 98.735492684531081 74.151363204731396 -0.24999999999999994
decision_type=2 2 2 2 2 2 2 2 2 2 2 2 2 2 2 2 2 2 2 2 2 2 2 2 2 2 2 2 2 2
left_child=18 2 4 -4 13 6 -5 -7 -9 -10 -11 12 -6 14 15 -2 17 -16 19 -1 -21 -22 23 24 -23 26 29 -24 -29 -25
right_child=1 -3 3 5 11 7 -8 8 9 10 -12 -13 -14 -15 16 -17 -18 -19 -20 20 21 22 27 25 -26 -27 -28 28 -30 -31
leaf_value=-0.051415352669472884 0.072860008330187867 -0.0054068497662999662 -0.080966665132769511 0.037294634634530859 -0.024331748453849875 0.040732467789803779 -0.11563342105322781 0.0020541652056441377 -0.016053691773364943 0.017731317653651199 0.074510198343883866 0.029298960016788663 0.0031544879550300417 -6.5905631676412606e-05 0.0096668075696181733 0.013319952012971046 0.010458813669886123 0.053393311606576815 0.00068977504038497759 -6.8971117555726073e-05 -0.056588224857240112 0.0075769226407188086 -0.028055943426992642 -0.0061516260222664902 -0.028624429409266322 0.028084096598708214 -0.017731959894054423 -0.03088810320742227 0.020756944626893686 0.044053157518307372
leaf_weight=25 35 772 27 37 73 30 28 2527 23 61 21 36 186 57 33 23 117 51 1433 746 36 91 177 27 110 82 56 36 45 26
leaf_count=25 35 772 27 37 73 30 28 2527 23 61 21 36 186 57 33 23 117 51 1433 746 36 91 177 27 110 82 56 36 45 26
internal_value=-3.13136e-05 0.00183728 0.00350183 0.00167357 0.0117181 0.002523 -0.0292602 0.00331165 0.00286791 0.0222007 0.033055 -0.000393914 -0.00463715 0.0230066 0.0280842 0.04996 0.021531 0.0365897 -0.00270762 -0.00605067 -0.00521987 -0.0108057 -0.00817939 -0.000350602 -0.0122536 0.0121482 0 -0.0200077 -0.0022322 0.0187443
internal_weight=7027 4137 3365 2754 611 2727 65 2662 2632 105 82 295 259 316 259 58 201 84 2890 1457 1432 686 650 392 201 191 109 258 81 53
internal_count=7027 4137 3365 2754 611 2727 65 2662 2632 105 82 295 259 316 259 58 201 84 2890 1457 1432 686 650 392 201 191 109 258 81 53
is_linear=0
shrinkage=0.05


Tree=159
num_leaves=31
num_cat=0
split_feature=0 0 0 0 14 9 3 9 14 0 9 14 3 3 14 3 9 14 0 14 14 2 1 3 0 14 1 3 6 0
split_gain=13.0734 22.5968 33.6739 23.8745 20.5184 26.2652 27.2464 16.0635 30.8479 14.8886 25.1379 22.942 13.9339 113.979 15.5549 15.0489 12.7204 17.1627 12.6234 12.4834 12.4091 13.0304 56.0492 248.486 16.6341 27.5609 16.0585 11.1476 10.9926 24.1879
threshold=13.312379170121817 11.974451615335704 12.108244370814317 11.840658859857095 3.6129394429070785 76.751188659347875 982.25000000000011 10.947455176544299 1.9052558883257553 33.515085247392115 32.334639737021092 3.1358142149942365 967.6500000000002 968.1500000000002 1.7616280348965085 968.75000000000011 98.351200938755184 4.3833014991161035 15.586856013258206 0.98657657246324848 6.4487721615662421 -0.89490028524376719 -0.39073112848927366 972.95000000000016 29.367509827555164 3.7898905885935448 -0.43049470426488828 983.6500000000002 -0.12940952255126037 3.1441297537473631
decision_type=2 2 2 2 2 2 2 2 2 2 2 2 2 2 2 2 2 2 2 2 2 2 2 2 2 2 2 2 2 2
left_child=1 3 -3 28 5 7 -7 -4 27 10 11 -2 14 -14 -12 -15 19 -18 -13 -11 21 22 23 -17 25 -24 -25 -9 -1 -30
right_child=9 2 4 -5 -6 6 -8 8 -10 16 12 18 13 15 -16 20 17 -19 -20 -21 -22 -23 24 26 -26 -27 -28 -29 29 -31
leaf_value=0.0022822658880290794 0.024565390240143002 -0.053677965728962357 0.026543069351068201 0.035231095549960928 -0.056831322126090524 -0.0085375152202323088 -0.082825561818178919 -0.012265781931179975 -0.054806248194405008 0.0070309840954405241 0.0050003697763423664 -0.024894455220454775 -0.11263890002600173 0.030907205786382737 0.058696356673132291 -0.18814135910435159 -0.035723023120313883 0.0061285434310373518 0.0078157786809462167 -0.0074267153782795279 0.030382104747825198 0.002314193487904518 0.00038864962069840432 -0.023897536499746918 0.024702362629337116 -0.042071565360557742 0.024463209316766422 0.0096869081249196382 -0.057017117337040284 -0.0047319725117022085
leaf_weight=756 230 46 46 44 20 31 20 97 27 224 36 38 21 42 21 21 69 37 120 442 35 3106 560 28 61 40 41 140 22 606
leaf_count=756 230 46 46 44 20 31 20 97 27 224 36 38 21 42 21 21 69 37 120 442 35 3106 560 28 61 40 41 140 22 606
internal_value=-2.95796e-05 -0.00363024 -0.0137082 -0.000605757 -0.00874146 -0.00591376 -0.0387988 -0.000380203 -0.00517271 0.00126133 0.00238597 0.014523 0.00120763 0.00084931 0.0255402 0.00148486 -0.00513686 -0.021147 -0.000126884 -0.00255332 0.00115821 0.000883919 -0.00502 -0.0418097 3.72277e-05 -0.002499 0.00470609 0.000667258 -0.0017733 -0.0066593
internal_weight=7027 1855 427 1428 381 361 51 310 264 5172 4400 388 4012 3955 57 3934 772 106 158 666 3892 3857 751 90 661 600 69 237 1384 628
internal_count=7027 1855 427 1428 381 361 51 310 264 5172 4400 388 4012 3955 57 3934 772 106 158 666 3892 3857 751 90 661 600 69 237 1384 628
is_linear=0
shrinkage=0.05


Tree=160
num_leaves=31
num_cat=0
split_feature=0 0 9 1 3 3 3 11 3 11 5 6 9 14 1 11 11 14 11 9 14 0 0 0 0 11 0 9 2 1
split_gain=12.2704 16.5499 25.6969 14.586 240.583 45.0223 90.1567 193.767 29.825 17.827 13.857 13.8185 13.5885 20.5401 16.7543 15.911 15.4257 16.8513 26.8395 14.4407 34.2881 36.3924 31.4695 26.2668 15.1603 20.4292 21.4575 17.3179 26.7006 16.9618
threshold=15.988234279694042 33.515085247392115 95.406015851798173 -0.71322329076259927 969.95000000000016 970.85000000000002 971.45000000000016 66.580340373362048 985.1500000000002 99.39863757724406 -0.25881904510252113 0.37940952255126048 94.523829473393974 3.1077858173020831 -0.74892720285008318 91.432101248644912 90.261910086359975 4.1046720895068871 58.027314222964598 10.947455176544299 1.6010413278031737 11.974451615335704 12.77720814820737 12.242037126292926 10.770316816028204 45.094808292560053 13.579964681079039 59.700553118140952 -0.71322329076259927 0.72534675097891099
decision_type=2 2 2 2 2 2 2 2 2 2 2 2 2 2 2 2 2 2 2 2 2 2 2 2 2 2 2 2 2 2
left_child=12 2 -2 4 -4 9 7 -7 10 11 -6 -5 16 -14 15 -15 17 19 -19 23 24 -22 -23 -1 -21 26 -26 -27 -29 -30
right_child=1 -3 3 5 8 6 -8 -9 -10 -11 -12 -13 13 14 -16 -17 -18 18 -20 20 21 22 -24 -25 25 27 -28 28 29 -31
leaf_value=0.0011107951825994845 0.012582278503855085 -0.0048816305087474527 -0.17134156743685405 0.021003148772721664 0.010280975401884754 -0.18189678777009252 0.0029508712335819254 0.0070597223670054712 -0.040130798664282673 -0.0073667789356878554 -0.003092001315987095 0.050013563883335645 -0.016424769000586408 -0.0012715508398555575 -0.0066408508269784929 0.058259932327270503 0.014911609611806126 -0.051097177948633381 0.0039490867588255138 -0.013207409504768293 -0.0044212392513500662 -0.087995340817918377 -0.025351484343139594 0.030837622550035637 0.0047909329026821074 0.0044379205571430363 0.033742513096523721 -0.05772553375860056 0.0091330309456543017 -0.023481010949611664
leaf_weight=715 602 772 20 144 317 20 1590 38 43 38 494 59 350 20 77 24 142 43 44 159 253 23 137 82 199 341 94 29 84 74
leaf_count=715 602 772 20 144 317 20 1590 38 43 38 494 59 350 20 77 24 142 43 44 159 253 23 137 82 199 341 94 29 84 74
internal_value=-3.13686e-05 0.00171406 0.00322974 0.00118639 -0.00414871 0.00365836 0.000697594 -0.0599916 -3.15153e-05 0.0237974 0.00213523 0.0296631 -0.00253139 -0.010293 0.00739188 0.0316621 -0.00101445 -0.00201595 -0.0234724 -0.00115096 -0.00422282 -0.0162884 -0.0348782 0.00421034 0.000868272 0.00361309 0.0141793 -0.00225665 -0.0144497 -0.00616206
internal_weight=7027 4137 3365 2763 874 1889 1648 58 854 241 811 203 2890 471 121 44 2419 2277 87 2190 1393 413 160 797 980 821 293 528 187 158
internal_count=7027 4137 3365 2763 874 1889 1648 58 854 241 811 203 2890 471 121 44 2419 2277 87 2190 1393 413 160 797 980 821 293 528 187 158
is_linear=0
shrinkage=0.05


Tree=161
num_leaves=31
num_cat=0
split_feature=0 5 10 0 3 0 3 3 3 0 0 0 0 3 0 2 14 2 0 1 14 14 10 14 2 10 1 5 3 8
split_gain=11.8619 11.6213 9.15285 14.577 12.9427 265.446 35.1343 18.6225 54.3916 174.248 16.1597 12.7994 25.5822 27.628 22.6744 17.1297 20.3271 16.2473 15.8783 12.2261 12.1561 15.9419 18.3902 14.0217 15.9893 35.0114 13.7547 17.0717 11.6213 16.0123
threshold=5.819984863319589 -0.91597561503675329 2.0889693325313825 33.515085247392115 968.1500000000002 20.670980721445435 967.25000000000011 970.85000000000002 971.45000000000016 28.698546050162104 15.586856013258206 11.974451615335704 12.643415392728761 974.95000000000016 11.840658859857095 -0.67556448321067808 1.9052558883257553 1.0000000180025095e-35 12.108244370814317 -0.77159520228797429 0.11547005383792572 0.28867513459481386 72.224259781695324 0.69282032302778973 0.41467745240824988 29.022247043164395 -0.97988739209073461 -0.98296291314453399 989.95000000000016 0.68301270189221952
decision_type=2 2 2 2 2 2 2 2 2 2 2 2 2 2 2 2 2 2 2 2 2 2 2 2 2 2 2 2 2 2
left_child=1 -1 -2 4 5 -4 -7 -6 9 -9 11 14 15 17 -10 -13 18 -14 -17 -5 -15 22 -22 24 25 -23 -25 -28 29 -29
right_child=2 -3 3 19 7 6 -8 8 10 -11 -12 12 13 20 -16 16 -18 -19 -20 -21 21 23 -24 26 -26 -27 27 28 -30 -31
leaf_value=-0.040067541978787632 0.0043896284123026317 -0.0065698554363668449 -0.17293850391393617 -0.027581573833806695 0.013178335311957083 0.0026496448788123255 0.080140507829686014 -0.0018976115836919127 -5.4145388804983425e-05 -0.16470601003794447 0.0031880530239063228 -0.049088872712648786 -0.014423844022852071 0.034789757224110263 0.038870882025131809 -0.040448881786485966 -0.045965538467909843 -0.062815358975419289 0.0073160334189242898 -0.0053480697124707807 -0.0011380748533540302 -0.026468434884496357 -0.055686700705971037 -0.029429946130789492 -0.0015975202926035437 0.044828920839088307 0.043261447241973311 -0.0028567385726077899 -0.02022905072872527 0.028073303418907715
leaf_weight=28 1179 257 20 76 276 38 23 76 913 20 2653 47 52 23 38 21 36 26 82 323 35 22 27 45 97 69 20 380 79 46
leaf_count=28 1179 257 20 76 276 38 23 76 913 20 2653 47 52 23 38 21 36 26 82 323 35 22 27 45 97 69 20 380 79 46
internal_value=-3.28684e-05 -0.0100069 0.000389438 -0.000458084 0.0002532 -0.0194512 0.0327695 0.000571947 -0.000153416 -0.0372159 0.000608515 -0.00271431 -0.00636755 -0.0029345 0.00153516 -0.0232333 -0.0141669 -0.0312086 -0.00266966 -0.00965389 -0.000278595 -0.00130949 -0.0254793 0.000691845 0.012501 0.0274375 -0.00320943 -0.000900771 -0.00274169 0.000529339
internal_weight=7027 285 6742 5563 5164 81 61 5083 4807 96 4711 2058 1107 921 951 186 139 78 103 399 843 820 62 758 188 91 570 525 505 426
internal_count=7027 285 6742 5563 5164 81 61 5083 4807 96 4711 2058 1107 921 951 186 139 78 103 399 843 820 62 758 188 91 570 525 505 426
is_linear=0
shrinkage=0.05


Tree=162
num_leaves=31
num_cat=0
split_feature=0 9 9 0 0 0 0 0 0 1 3 2 1 1 6 2 11 11 3 10 9 11 3 3 9 3 3 11 11 5
split_gain=10.7175 13.9494 9.15977 24.906 18.0699 18.19 26.2903 19.815 16.9609 16.5221 15.3953 14.4174 14.2439 17.8905 15.6203 14.277 13.8468 103.717 24.5933 170.776 13.2457 12.4321 12.9536 12.1393 11.1811 25.1193 15.4725 11.0696 10.1676 9.73768
threshold=5.819984863319589 37.517969913133051 10.947455176544299 35.254391068614062 13.312379170121817 11.974451615335704 12.108244370814317 11.439280593421261 33.515085247392115 -0.90992662233962551 970.05000000000007 0.71322329076259938 -0.63605400036818838 -0.39873388578253693 1.0000000180025095e-35 -0.84335933205092484 49.977663631885783 50.306681566226352 968.1500000000002 99.596613759459302 48.730823633128871 49.384877086069977 972.45000000000016 968.75000000000011 76.751188659347875 982.25000000000011 983.6500000000002 98.761686625146027 38.438825627692808 0.12940952255126045
decision_type=2 2 2 2 2 2 2 2 2 2 2 2 2 2 2 2 2 2 2 2 2 2 2 2 2 2 2 2 2 2
left_child=1 -1 3 12 5 7 -7 28 16 -5 -10 20 14 15 -2 -14 21 -18 19 -19 -9 -6 -23 -20 26 -26 -8 -12 -4 -29
right_child=2 -3 4 9 8 6 24 11 10 -11 27 -13 13 -15 -16 -17 17 18 23 -21 -22 22 -24 -25 25 -27 -28 29 -30 -31
leaf_value=-0.0063595782976975674 0.010516842190413628 -0.048800779119843526 -0.015616015427526204 -0.045045023026565711 0.0056371960141346125 -0.054886756643260787 -0.019996872539000621 0.010205560223809605 0.020231411340869275 -0.0025761279599140147 -0.03568625821999899 -0.011651952500322036 0.045903389238988734 0.0086086575610779866 -0.013100945041826595 0.01394441067157552 -0.097555808629150753 0.036851248558806747 0.031590496908986208 -0.13153291333764791 0.048407982019468762 0.058982212083495182 0.010611114956830679 0.0011061087692878619 -0.004827678037807346 -0.070131898558077707 0.0040580286781716334 0.021337998821621851 -0.00081889451833720435 -0.025261974694828195
leaf_weight=265 155 20 176 23 691 37 117 57 23 517 72 34 66 446 126 77 26 37 32 24 38 22 37 3311 39 23 153 20 340 23
leaf_count=265 155 20 176 23 691 37 117 57 23 517 72 34 66 446 126 77 26 37 32 24 38 22 37 3311 39 23 153 20 340 23
internal_value=-3.48435e-05 -0.00951561 0.000366541 0.00394936 -0.000580531 -0.00658416 -0.0154234 -0.0015035 0.000829349 -0.00447415 -0.0163506 0.0159386 0.00918263 0.0135954 -6.45129e-05 0.0289458 0.0014015 5.36101e-05 0.000829058 -0.0303706 0.0258837 0.00755094 0.0294136 0.00140877 -0.0108588 -0.0298615 -0.00638264 -0.0238214 -0.00589609 -0.00348158
internal_weight=7027 285 6742 1410 5332 1014 369 645 4318 540 138 129 870 589 281 143 4180 3430 3404 61 95 750 59 3343 332 62 270 115 516 43
internal_count=7027 285 6742 1410 5332 1014 369 645 4318 540 138 129 870 589 281 143 4180 3430 3404 61 95 750 59 3343 332 62 270 115 516 43
is_linear=0
shrinkage=0.05


Tree=163
num_leaves=31
num_cat=0
split_feature=0 9 0 9 3 6 3 3 3 0 1 11 6 6 3 5 8 6 3 3 0 5 9 11 0 8 9 11 0 11
split_gain=9.80853 14.4865 11.25 19.141 14.8824 21.4735 31.7763 14.8522 48.8943 18.2546 14.1103 11.5881 24.1989 17.6239 16.3234 15.1614 12.7025 11.2891 39.3085 231.45 16.82 21.5654 22.55 14.3358 26.2304 13.0759 14.79 12.9189 12.6134 11.5848
threshold=14.248928458472095 25.861601723753655 33.515085247392115 57.827491105447372 984.1500000000002 0.78656609248549303 973.95000000000016 967.95000000000016 968.35000000000002 26.022690940589879 -0.29237170472273694 17.094283930892527 0.60355339059327384 -0.12940952255126037 970.45000000000016 0.37940952255126054 -0.24999999999999994 -0.37940952255126015 971.85000000000002 971.1500000000002 24.952348896760991 -0.78656609248549303 99.948595399370177 65.538172084332032 28.96613156111933 -0.24999999999999994 96.588803728934607 55.586924021244791 14.917892235865152 99.632956414132209
decision_type=2 2 2 2 2 2 2 2 2 2 2 2 2 2 2 2 2 2 2 2 2 2 2 2 2 2 2 2 2 2
left_child=1 -1 3 4 5 10 -7 9 -9 -5 -2 13 16 -4 -14 -16 -13 18 19 -10 -19 -22 25 24 27 26 -23 -20 -25 -30
right_child=2 -3 11 7 -6 6 -8 8 17 -11 -12 12 14 -15 15 -17 -18 20 23 -21 21 22 -24 28 -26 -27 -28 -29 29 -31
leaf_value=0.00087920265780010338 0.0086552565876482548 -0.007234359911387273 0.010845935064233425 0.060503469815720683 0.025806851077057026 0.080804996923966851 0.0095413454975565217 -0.067793790354178499 0.0028873781538663475 0.004574771794889655 -0.013010282615907878 -0.025843141883150823 0.026688077611462125 -0.012217829130511761 -0.018347169240315757 0.015154211064326335 0.0082822344520172928 0.00068564378972742679 -0.0040737926428495294 -0.17666559157046408 -0.0078612969247624283 -0.0028677517709068279 0.0049123694951197609 -0.036947850450210699 0.055558361177643137 0.0059048784162630055 0.042029488725125679 0.028865918728522955 -0.0033575549186751321 0.018353130467958858
leaf_weight=1216 200 1002 224 22 130 21 56 25 97 41 119 193 52 130 89 53 31 1762 115 21 119 21 215 25 29 50 128 39 736 66
leaf_count=1216 200 1002 224 22 130 21 56 25 97 41 119 193 52 130 89 53 31 1762 115 21 119 21 215 25 29 50 128 39 736 66
internal_value=-3.49216e-05 -0.00278552 0.00123298 0.00229144 0.0111779 0.00630992 0.0298278 0.000955893 0.000511271 0.0248238 0.000542102 -0.00429132 -0.00992121 0.00235155 0.00298231 -0.00578964 -0.0210824 0.00103125 -0.00306054 -0.030241 0.00304502 0.0108194 0.0162071 0.00013682 0.0127654 0.0282993 0.0356914 0.00436824 -0.00266365 -0.00154403
internal_weight=7027 2218 4809 4037 526 396 77 3511 3448 63 319 772 418 354 194 142 224 3423 1128 118 2295 533 414 1010 183 199 149 154 827 802
internal_count=7027 2218 4809 4037 526 396 77 3511 3448 63 319 772 418 354 194 142 224 3423 1128 118 2295 533 414 1010 183 199 149 154 827 802
is_linear=0
shrinkage=0.05


Tree=164
num_leaves=31
num_cat=0
split_feature=0 9 9 0 0 0 0 14 11 0 1 0 9 0 14 1 2 2 8 10 10 10 0 14 11 0 14 11 11 0
split_gain=9.75134 8.1004 8.07491 21.519 15.9882 15.5996 15.8724 28.9591 18.7907 18.3778 15.3333 14.8514 16.9769 14.0813 18.364 13.4357 13.09 12.9376 12.5392 12.522 12.4183 146.216 57.515 220.07 15.7959 15.2056 22.8142 19.1625 17.9172 17.5883
threshold=5.5523993523623654 32.334639737021092 10.947455176544299 35.923354846007115 37.528867911750446 13.312379170121817 11.974451615335704 1.6010413278031737 90.913030038093083 11.439280593421261 -0.63605400036818838 12.108244370814317 70.255790035383413 33.515085247392115 6.1447808621297453 -0.39873388578253693 0.71322329076259938 -0.52247866957162936 -0.9330127018922193 1.3759494204810943 99.596613759459302 99.657494112427983 29.501302583033773 0.52915026221283368 28.994966462126545 24.952348896760991 4.4825586542888045 83.155753283110883 94.889548773383595 30.839230137819886
decision_type=2 2 2 2 2 2 2 2 2 2 2 2 2 2 2 2 2 2 2 2 2 2 2 2 2 2 2 2 2 2
left_child=1 -1 3 10 -5 6 9 11 17 -4 -2 -8 -13 18 19 -12 -11 -9 -7 -15 25 -22 24 -24 -23 -20 27 29 -29 -27
right_child=2 -3 5 4 -6 13 7 8 -10 16 15 12 -14 14 -16 -17 -18 -19 20 -21 21 22 23 -25 -26 26 -28 28 -30 -31
leaf_value=-0.0067008134618136584 -0.0011161222074646503 -0.037355931835869945 -0.0055964211558830711 -0.022871189721735175 -0.00028938561344510214 0.010357042417062673 -0.040570668423617326 -0.084519794756627603 -0.010843840358985796 0.024879163576212403 0.025372564929824037 0.0027232807043091013 -0.044341711916384245 0.00074574138566448891 0.023113516984964153 0.0083841530177919087 -0.010885297913636481 -0.035274026368108648 0.00040582887551451967 -0.034749814283120663 -0.12101082473993302 -0.02319806079968418 -0.18109366262597701 -0.00232334765814456 0.0038332784754117745 0.027175874938519168 0.045199537913181959 -0.032363444184168026 0.0037463964808072585 -0.010190149938687684
leaf_weight=231 299 23 523 96 411 347 26 22 44 95 155 217 20 36 25 473 34 40 2049 77 25 56 20 96 1032 150 41 38 287 39
leaf_count=231 299 23 523 96 411 347 26 22 44 95 155 217 20 36 25 473 34 40 2049 77 25 56 20 96 1032 150 41 38 287 39
internal_value=-3.2644e-05 -0.00963189 0.000327976 0.00365829 -0.00461168 -0.000566092 -0.00612151 -0.0143948 -0.036338 -0.00141671 0.00818682 -0.00542768 -0.00139706 0.000747454 -0.0149061 0.0126188 0.0154032 -0.0538919 0.00126888 -0.0234903 0.000442343 -0.00369685 -0.00115838 -0.0344729 0.00241734 0.00239849 0.00973223 0.00681114 -0.000546663 0.0194261
internal_weight=7027 254 6773 1434 507 5339 1021 369 106 652 927 263 237 4318 138 628 129 62 4180 113 3833 1229 1204 116 1088 2604 555 514 325 189
internal_count=7027 254 6773 1434 507 5339 1021 369 106 652 927 263 237 4318 138 628 129 62 4180 113 3833 1229 1204 116 1088 2604 555 514 325 189
is_linear=0
shrinkage=0.05


Tree=165
num_leaves=31
num_cat=0
split_feature=0 9 1 10 9 3 0 5 0 14 3 10 0 3 14 1 0 0 14 14 13 0 0 0 6 3 9 3 14 1
split_gain=9.05191 20.5229 12.7449 8.58824 16.1671 103.674 41.6938 200.149 38.3664 25.4364 21.6754 18.0296 18.7601 17.0809 25.6464 16.7444 18.8799 14.8563 14.2673 14.6193 14.2566 24.0932 20.572 19.3951 19.0593 19.5188 14.9059 15.2144 13.7373 13.199
threshold=8.7634254838490353 49.504082715696697 -0.12186934340514725 44.672758545447444 99.998024823357142 968.1500000000002 29.367509827555164 0.78656609248549325 30.839230137819886 4.8242438823684672 968.35000000000002 95.537847186922718 25.487519918675439 975.55000000000007 0.70945988845975372 -0.15643446504023087 34.184049024785175 16.389612546129879 0.96436507609913547 1.9052558883257553 98.47502576271755 33.515085247392115 11.706866104378483 12.77720814820737 0.37940952255126048 971.75000000000011 46.652563988099317 978.95000000000016 2.5106440076867389 -0.77159520228797429
decision_type=2 2 2 2 2 2 2 2 2 2 2 2 2 2 2 2 2 2 2 2 2 2 2 2 2 2 2 2 2 2
left_child=1 -1 -3 -2 10 -6 9 8 -8 11 15 18 17 -14 -15 16 -5 -13 -7 -20 21 22 -12 26 -24 -26 27 -22 -21 -10
right_child=3 2 -4 4 5 6 7 -9 29 -11 20 12 13 14 -16 -17 -18 -19 19 28 23 -23 24 -25 25 -27 -28 -29 -30 -31
leaf_value=-0.0033095965839951762 0.0029942809506640303 -0.010403517916621198 -0.06714002144478616 0.064225299605301447 -0.08931660938619948 0.00042087022521916558 0.040517058195990108 -0.14826300564554654 -0.050648076963455725 0.038566992519370707 0.00044648047703011297 -0.0099391291021977135 0.0027835896272550933 0.014837819764559921 -0.049883644838566679 -0.0098344492929225633 0.0029059459801231112 0.0097561399982101019 -0.047209156986554063 0.022921563085345997 -0.03580548805575217 -0.0071331700443912072 0.008532636134547484 -0.00073361344131711364 0.069125469211075041 0.022160014693190982 -0.039423918948540915 0.0067519021240027193 -0.027236111067617547 -0.0056912526778048946
leaf_weight=634 2294 20 20 34 35 84 39 27 23 41 360 117 76 21 51 21 20 505 48 20 30 303 283 1543 26 140 57 64 38 53
leaf_count=634 2294 20 20 34 35 84 39 27 23 41 360 117 76 21 51 21 20 505 48 20 30 303 283 1543 26 140 57 64 38 53
internal_value=-3.49913e-05 -0.00554075 -0.0398394 0.000549117 -0.000831967 -0.00576494 -0.00312629 -0.0283816 0.000756904 0.00047614 0.00118462 -0.00118389 0.00221869 -0.0137126 -0.0309934 0.0275336 0.0420711 0.00603337 -0.0149389 -0.0270477 0.000469017 0.00486695 0.00937086 -0.00241616 0.0164983 0.0299159 -0.0194584 -0.00701154 -0.00976026 -0.0198426
internal_weight=7027 674 40 6353 4059 1178 1143 142 115 1001 2881 960 770 148 72 75 54 622 190 106 2806 1112 809 1694 449 166 151 94 58 76
internal_count=7027 674 40 6353 4059 1178 1143 142 115 1001 2881 960 770 148 72 75 54 622 190 106 2806 1112 809 1694 449 166 151 94 58 76
is_linear=0
shrinkage=0.05


Tree=166
num_leaves=31
num_cat=0
split_feature=0 7 2 5 5 9 5 0 9 2 1 0 9 0 9 9 11 11 1 1 11 2 11 1 10 2 2 0 11 0
split_gain=8.29603 7.70149 19.4868 50.3095 74.169 282.576 18.4752 13.0118 12.8262 14.0136 12.3273 12.2404 16.6457 15.839 15.5193 15.4953 14.8943 14.0506 11.8352 19.6863 18.901 12.3943 18.3141 16.5377 19.1524 11.543 11.1767 11.1171 11.0192 10.9331
threshold=5.5523993523623654 0.25000000000000011 -0.37460659341591213 -0.60355339059327362 -0.78656609248549303 99.998024823357142 -1.0000000180025095e-35 35.254391068614062 97.941618566299269 -0.72534675097891077 -0.5663846699108962 15.988234279694042 29.990248807981875 10.235145794113759 58.42063505593913 0.97564424962113738 33.634077408571464 49.384877086069977 -0.97625883275952019 -0.87878364999916136 84.320483706395962 0.80382625221112025 99.025586596494165 0.30069434954884217 36.540507049858697 0.9935340235047978 0.98321746822993605 15.586856013258206 54.890272234774976 14.516513969429317
decision_type=2 2 2 2 2 2 2 2 2 2 2 2 2 2 2 2 2 2 2 2 2 2 2 2 2 2 2 2 2 2
left_child=-1 -2 3 4 8 10 -5 11 -3 -10 -6 12 13 -4 16 -15 -13 -18 -14 20 -20 22 27 26 -25 -16 -23 28 -21 -8
right_child=1 2 7 6 5 -7 29 -9 9 -11 -12 14 18 15 25 -17 17 -19 19 21 -22 23 -24 24 -26 -27 -28 -29 -30 -31
leaf_value=-0.0088893902506496682 0.0020379517369248693 -0.021410613261915026 -0.0037205814146939126 0.013403629580369362 -0.029687435225798538 -0.22414066406942551 -0.014091617232868531 -0.027357731637282248 -0.020745650685081881 0.025000397794964636 0.018982069688365581 1.4088087996771163e-05 -0.02595864313195689 -0.026197842562740499 0.0047454728296092673 0.017669711856932779 0.072354438106218971 0.022079803728750749 0.0008027052758261561 -0.02004828869587684 0.057352683308223885 -0.021534275919842867 -0.057866459263577343 0.058019163953987034 0.0058060631327904195 -0.024919894679504284 0.0081689852125083045 -0.040101040862500666 -0.00099197029004780934 -0.00095821253816971437
leaf_weight=254 3279 82 240 168 25 20 225 38 26 43 25 42 68 21 901 240 20 47 39 112 23 80 20 21 90 33 51 27 233 534
leaf_count=254 3279 82 240 168 25 20 225 38 26 43 25 42 68 21 901 240 20 47 39 112 23 80 20 21 90 33 51 27 233 534
internal_value=-3.53406e-05 0.000297228 -0.00133507 -0.00667069 -0.0280518 -0.0702154 -0.00154325 0.00127549 -0.00813945 0.00764121 -0.0053596 0.00176073 -0.00154226 0.00552866 0.00576918 0.0140345 0.0235444 0.038004 -0.00618679 -0.00421341 0.0224377 -0.00685877 -0.0123425 0.00201763 0.0161587 0.00366646 -0.00995825 -0.00973299 -0.00723288 -0.00487151
internal_weight=7027 6773 3494 1148 221 70 927 2346 151 69 50 2308 1265 501 1043 261 109 67 764 696 62 634 392 242 111 934 131 372 345 759
internal_count=7027 6773 3494 1148 221 70 927 2346 151 69 50 2308 1265 501 1043 261 109 67 764 696 62 634 392 242 111 934 131 372 345 759
is_linear=0
shrinkage=0.05


Tree=167
num_leaves=31
num_cat=0
split_feature=0 14 0 3 3 0 6 7 10 14 3 6 3 10 10 1 0 11 10 10 3 0 0 14 11 14 11 3 11 6
split_gain=7.76907 22.6395 6.76197 236.507 30.8797 50.3322 17.7352 31.1565 31.1966 108.914 182.953 14.8377 14.5898 14.0453 14.4979 13.8641 13.7332 14.6866 15.456 14.8037 12.7616 14.9358 12.3348 13.2576 13.4682 11.4284 11.4139 11.3451 10.9964 10.7161
threshold=2.6089587318329186 2.3018106250768917 20.537187965966826 968.1500000000002 968.35000000000002 29.501302583033773 0.60355339059327384 -0.68301270189221897 99.867632848884455 0.50000000000000167 976.55000000000007 -0.5 970.45000000000016 99.493776027006859 99.166389915226674 -0.53727914962411594 30.571644626862664 82.427295133587577 13.199252239979984 0.46896217981143001 982.6500000000002 20.269602455009601 24.417177874846548 1.7559422921420884 87.92173451199649 0.97125348562226521 33.297955447591171 980.6500000000002 99.757598723628575 1.0000000180025095e-35
decision_type=2 2 2 2 2 2 2 2 2 2 2 2 2 2 2 2 2 2 2 2 2 2 2 2 2 2 2 2 2 2
left_child=1 -1 3 -2 5 11 7 -6 13 10 -10 -4 26 14 15 16 17 18 19 -9 21 28 -11 24 -24 -18 -8 -25 -5 -20
right_child=2 -3 4 20 6 -7 12 8 9 22 -12 -13 -14 -15 -16 -17 25 -19 29 -21 -22 -23 23 27 -26 -27 -28 -29 -30 -31
leaf_value=0.015083794121376493 -0.16854254098165605 -0.056794173155318609 0.034235319996495615 -0.0030945887866516589 0.007340150597769355 0.0060526905228885323 0.0036885140627005916 0.017092784688575193 -0.19967095832296072 0.0067449913574733171 0.0021220115751028061 0.093510199058055882 0.0044753712072037165 0.029906246859908982 -0.034858338558936823 0.0051357946962933059 0.00099165963880876282 -0.012171209466543847 0.042319894558855931 -0.031373686838534573 0.0025116965839561203 0.026881692533085984 0.010627838775272604 -0.018168585502470913 -0.02554429389899824 -0.028644132373587195 0.040177180678668351 -0.057589136320352556 -0.030617190182108331 0
leaf_weight=21 20 21 22 2088 595 129 36 31 20 92 24 24 674 33 33 399 46 139 43 30 2038 40 68 77 40 107 54 24 36 23
leaf_count=21 20 21 22 2088 595 129 36 31 20 92 24 24 674 33 33 399 46 139 43 30 2038 40 68 77 40 107 54 24 36 23
internal_value=-3.551e-05 -0.0212239 9.41975e-05 -0.00116347 0.00201751 0.0222842 0.00063707 -0.00203985 -0.00658736 -0.0193168 -0.0918898 0.0665993 0.00702888 -0.00159754 -0.00285873 -0.0015207 -0.0078685 -0.000965585 0.011259 -0.00678412 -0.000325704 -0.00300013 -0.00842248 -0.0151232 -0.00283482 -0.019753 0.0258376 -0.0280576 -0.00357762 0.0278623
internal_weight=7027 42 6985 4222 2763 175 2588 1824 1229 345 44 46 764 884 851 818 419 266 127 61 4202 2164 301 209 108 153 90 101 2124 66
internal_count=7027 42 6985 4222 2763 175 2588 1824 1229 345 44 46 764 884 851 818 419 266 127 61 4202 2164 301 209 108 153 90 101 2124 66
is_linear=0
shrinkage=0.05


Tree=168
num_leaves=31
num_cat=0
split_feature=8 3 3 3 0 2 1 5 14 9 1 0 9 2 0 14 1 9 0 3 0 2 9 3 14 10 10 5 1 14
split_gain=7.52698 8.79854 94.7424 26.6943 19.7918 9.66471 108.813 11.4 14.4167 28.0308 12.5315 10.2097 14.2567 20.641 14.4783 27.265 14.3786 13.4063 12.9166 17.3625 30.4677 15.6029 14.6887 15.1461 16.1277 15.5751 12.8947 14.1104 13.8086 14.2388
threshold=-0.9330127018922193 967.95000000000016 968.1500000000002 968.35000000000002 29.501302583033773 -0.90992662233962529 -0.39073112848927366 -0.60355339059327362 4.2013884299037487 92.692745489228955 -0.15643446504023087 14.917892235865152 57.045967192991931 -0.64942331933852315 9.4323892612420916 2.7309947812737287 -0.43837114678907757 97.586007861302917 30.437851871384051 972.45000000000016 29.099924316597939 -0.84335933205092484 95.649211004137868 976.75000000000011 1.7214335111566974 67.065029046860516 95.537847186922718 -0.78656609248549303 -0.74892720285008318 1.8556220879622489
decision_type=2 2 2 2 2 2 2 2 2 2 2 2 2 2 2 2 2 2 2 2 2 2 2 2 2 2 2 2 2 2
left_child=-1 4 -3 -4 -2 6 -5 10 -9 -10 -8 12 -7 16 -15 17 -14 -16 19 20 -13 -20 23 24 -21 -25 -27 -28 -29 -30
right_child=1 2 3 5 -6 11 7 8 9 -11 -12 18 13 14 15 -17 -18 -19 21 22 -22 -23 -24 25 -26 26 27 28 29 -31
leaf_value=0.0048031577244065137 0.04321768509450595 -0.097998624826967723 0.053299275521674884 -0.086020721995271762 -9.7546038906211441e-05 -0.00012100389426545804 0.0010955439812757753 -0.00050278873207145554 -0.011242546263066207 0.068889586131342426 -0.02327926459404912 0.0098532909791041266 -0.012323449733544534 -0.038140588087262589 -0.0038423451468770509 0.022642029254901701 -0.057672837531726279 -0.027245379143658977 0.010600616585839396 0.015875300755423885 0.066925878728981369 -0.0089921629243602599 0.00018018482380580198 0.023369316816504296 -0.031680839333151072 -0.018091388636827469 -0.014975543720431106 0.040397161084996615 0.020922885011349406 -0.016766833926622687
leaf_weight=720 36 24 22 39 91 1496 98 655 21 21 112 182 37 31 255 81 34 80 129 30 26 463 1858 202 41 49 42 45 69 38
leaf_count=720 36 24 22 39 91 1496 98 655 21 21 112 182 37 31 255 81 34 80 129 30 26 463 1858 202 41 49 42 45 69 38
internal_value=-3.57157e-05 -0.000589583 -0.00085895 -0.00046357 0.0123834 -0.000665865 -0.005311 -0.00174415 0.00133009 0.0293776 -0.0119294 0.000181044 -0.00260166 -0.00974221 -0.00571288 -0.00319873 -0.0346089 -0.00951046 0.00194859 0.00347699 0.0172974 -0.00470368 0.00225723 0.00971172 -0.0115758 0.0131377 0.00455101 0.0103591 0.0174442 0.00746014
internal_weight=7027 6307 6180 6156 127 6134 946 907 697 42 210 5188 2014 518 447 416 71 335 3174 2582 208 592 2374 516 71 445 243 194 152 107
internal_count=7027 6307 6180 6156 127 6134 946 907 697 42 210 5188 2014 518 447 416 71 335 3174 2582 208 592 2374 516 71 445 243 194 152 107
is_linear=0
shrinkage=0.05


Tree=169
num_leaves=31
num_cat=0
split_feature=8 6 11 9 13 11 3 11 11 11 3 1 11 3 11 1 13 9 9 2 6 5 5 1 11 11 6 11 3 3
split_gain=6.79581 11.4675 11.2663 18.8477 13.6597 10.3119 38.8488 141.499 23.873 137.667 17.0881 22.4954 12.9674 13.0853 12.6299 20.3949 15.883 11.5704 28.8056 13.6237 12.8514 11.7664 11.4547 10.4743 10.1757 9.38984 9.10241 20.3394 14.1867 13.5593
threshold=-0.9330127018922193 -0.70710678118654757 64.775069114473141 99.918604776024935 1.0000000180025095e-35 65.538172084332032 968.1500000000002 98.122722167775251 49.977663631885783 50.131359211815813 970.55000000000007 -0.3090169943749474 34.437112341808508 984.1500000000002 9.5802680753261438 -0.13917310096006566 1.3691934021984895 59.700553118140952 77.690488573339138 -0.46173103126271881 0.25881904510252057 0.78656609248549325 0.78656609248549325 0.22495105434386511 32.714239992892473 66.472646292610861 0.60355339059327384 98.837774746298805 973.95000000000016 975.55000000000007
decision_type=2 2 2 2 2 2 2 2 2 2 2 2 2 2 2 2 2 2 2 2 2 2 2 2 2 2 2 2 2 2
left_child=26 2 3 4 -2 8 7 -7 12 -10 11 -8 13 14 -3 24 -17 22 19 -19 -21 -20 -11 -18 -16 -4 27 -1 -29 -28
right_child=1 5 25 -5 -6 6 10 -9 9 17 -12 -13 -14 -15 15 16 23 18 21 20 -22 -23 -24 -25 -26 -27 29 28 -30 -31
leaf_value=0.0044721831579425291 0.017801362977911701 0.00089481068518283593 -0.028032287681295027 0.038830247643093271 0.0016985101996696882 -0.14259949330417884 0.038410748727012264 0.025825675567311624 -0.13615523644384336 0.0068358272664293552 0.00019560830470374122 -0.0026379483652372773 0.0056464961711557128 0.0043956890068620963 -0.010620302794050877 -0.058279029046552203 -0.041329374473441288 -0.073458363670110702 -0.011849147000997397 0.0033463624119758604 -0.051656666198237382 0.018067441062502018 -0.018634421207321186 -0.0094547901936335964 0.0082961196242831645 3.0738083974153507e-05 0.019173514789088106 -0.00070039404023970883 -0.050875730231404306 -0.013815498293965665
leaf_weight=454 171 281 30 44 567 20 68 30 21 166 2449 64 465 312 272 32 36 24 164 20 21 40 59 90 95 766 173 27 29 37
leaf_count=454 171 281 30 44 567 20 68 30 21 166 2449 64 465 312 272 32 36 24 164 20 21 40 59 90 95 766 173 27 29 37
internal_value=-3.44772e-05 -0.000560791 0.00312763 0.00738691 0.00545546 -0.00179302 0.00029032 -0.0429214 -0.00440692 -0.0137478 0.00114567 0.0186006 -0.00135811 -0.00427838 -0.00764357 -0.0122162 -0.0271873 -0.00826961 -0.0152481 -0.0439793 -0.025266 -0.00589924 8.19375e-05 -0.0188549 -0.00570086 -0.00105449 0.00456333 0.0009373 -0.0272085 0.0132995
internal_weight=7027 6307 1578 782 738 4729 2631 50 2098 515 2581 132 1583 1118 806 525 158 494 269 65 41 204 225 126 367 796 720 510 56 210
internal_count=7027 6307 1578 782 738 4729 2631 50 2098 515 2581 132 1583 1118 806 525 158 494 269 65 41 204 225 126 367 796 720 510 56 210
is_linear=0
shrinkage=0.05


Tree=170
num_leaves=31
num_cat=0
split_feature=14 14 1 1 0 0 11 14 0 0 14 14 11 11 10 10 6 11 14 11 2 0 11 6 7 2 11 1 14 11
split_gain=6.92695 166.842 14.3576 20.7278 11.3624 12.7339 14.1885 34.0759 22.568 31.783 21.9668 90.9299 196.778 21.0298 20.5209 19.443 15.1773 11.3449 11.1513 17.2017 15.8652 11.8061 10.6146 32.0993 14.1393 10.9305 10.6873 10.3497 11.9694 12.8269
threshold=0.49328828623154364 0.50000000000000167 0.25037047035109428 0.40673664307580037 14.784099480386539 33.515085247392115 70.20144429135577 1.61296422383711 31.909572181648773 24.952348896760991 3.1077858173020831 2.8536526301099099 86.100114460024244 79.432742670706077 5.1706662484518633 0.98095987811370466 0.78656609248549303 99.337242460804035 0.36055512754648444 51.632340054316536 0.66913060635885813 15.453063257779595 33.634077408571464 -0.12940952255126037 1.0000000180025095e-35 -0.7603770116708749 49.977663631885783 -0.29237170472273694 6.1447808621297453 33.418930148796306
decision_type=2 2 2 2 2 2 2 2 2 2 2 2 2 2 2 2 2 2 2 2 2 2 2 2 2 2 2 2 2 2
left_child=2 -2 17 -4 -3 6 7 15 9 -9 11 -8 -13 -12 -15 -6 22 -1 19 -5 -21 -20 23 -11 -24 -25 -26 28 29 -7
right_child=1 4 3 18 5 27 10 8 -10 16 13 12 -14 14 -16 -17 -18 -19 21 20 -22 -23 24 25 26 -27 -28 -29 -30 -31
leaf_value=0.012759256382472814 -0.11826390759957335 -0.003002248987498333 -0.035332928493788295 0.01587055580690503 0.047464560485946446 0.0031523531295990568 0.00051866475302159273 -0.0036175148401197984 -0.039418658819614039 0.074852468573177858 -0.023796119773139557 -0.18534319002003899 0.0060076859621576188 0.056599664372556348 0.013528479242714931 0.014587722581860134 0.048279698265565413 -0.0089453633033803534 -0.0022652631106653384 -0.024275154454228672 0.0062055664580240033 0.030090805716289762 0.026420521144125908 -0.013440368947657672 -0.036351681020524766 0.029437608563479174 0.0048126932106127866 -0.017899817376641831 0.030660080815906876 -0.01253600971268283
leaf_weight=429 29 2133 43 71 51 308 1800 545 32 23 29 20 37 33 158 361 36 69 55 114 67 56 36 32 26 26 37 121 26 224
leaf_count=429 29 2133 43 71 51 308 1800 545 32 23 29 20 37 33 158 361 36 69 55 114 67 56 36 32 26 26 37 121 26 224
internal_value=-3.59276e-05 -0.000640022 0.0040464 -0.00291969 -6.01436e-05 0.00152328 0.0028138 0.00712767 0.00105423 0.00281217 0.000306417 -0.00146383 -0.0630847 0.0152106 0.0212522 0.0187746 0.0190002 0.00973007 0.000992684 -0.00481021 -0.0129927 0.0141368 0.0128823 0.026192 0.00178946 0.00586921 -0.0124002 -0.00470218 -0.00180448 -0.00345502
internal_weight=7027 6123 904 406 6094 3961 3282 1205 793 761 2077 1857 57 220 191 412 216 498 363 252 181 111 180 81 99 58 63 679 558 532
internal_count=7027 6123 904 406 6094 3961 3282 1205 793 761 2077 1857 57 220 191 412 216 498 363 252 181 111 180 81 99 58 63 679 558 532
is_linear=0
shrinkage=0.05


Tree=171
num_leaves=31
num_cat=0
split_feature=14 14 1 1 14 11 11 3 3 1 11 6 11 3 1 11 3 9 1 3 3 9 13 10 1 6 1 9 14 3
split_gain=6.25167 151.105 12.9595 18.7548 10.2505 12.0878 10.2485 9.14286 10.5251 8.27657 8.06322 7.84172 9.38592 11.0802 16.6232 10.0422 9.02043 11.2693 8.04653 150.533 25.4625 23.8779 15.7621 18.9945 18.3744 17.3638 26.7042 21.7216 20.4874 15.2514
threshold=0.49328828623154364 0.50000000000000167 0.25037047035109428 0.40673664307580037 0.40414518843268793 51.632340054316536 99.337242460804035 987.25000000000011 984.75000000000011 0.76037701167087512 42.666569208891637 0.98296291314453421 68.556804193556601 980.6500000000002 0.30069434954884217 50.131359211815813 978.85000000000002 40.004170223839807 -0.71322329076259927 968.75000000000011 968.75000000000011 1.3726443020773031 34.28868095945176 95.310099760426297 -0.82409480842201666 1.0000000180025095e-35 -0.98897820466835384 97.42389710624245 2.8160255680657533 967.95000000000016
decision_type=2 2 2 2 2 2 2 2 2 2 2 2 2 2 2 2 2 2 2 2 2 2 2 2 2 2 2 2 2 2
left_child=2 -2 6 -4 5 9 -1 8 -7 -5 -6 18 15 -14 -15 16 17 -13 19 -3 21 -20 -21 25 -25 26 -24 -27 -29 -23
right_child=1 11 3 4 10 7 -8 -9 -10 -11 -12 12 13 14 -16 -17 -18 -19 20 22 -22 29 23 24 -26 27 -28 28 -30 -31
leaf_value=0.012122777300237052 -0.11254782065376641 -0.12047940959946979 -0.033606432654090565 0.035989503493675822 -0.011595724242783731 -0.0064261437237503067 -0.0085044841319322599 -0.003466775072544503 -0.04992755235069328 0.0011930449951726655 0.023866177695546893 0.00062814747840166107 0.030877099259284464 -0.026996010365309544 0.029015203496584527 -0.021379544324264293 -0.0075579455731944606 0.051024142993347989 -0.0049396469785521436 -0.0075881200728944408 -0.00013409670412007149 0.015268536521018379 -0.02835079935642908 0.004154573593722166 0.027090331236873051 5.4899917915463451e-05 0.011027183635770363 -0.046381656164303425 0.0031337559271293379 0.050458571576113047
leaf_weight=429 29 26 43 25 20 30 69 143 26 51 68 24 72 26 25 40 43 20 71 634 3995 71 52 390 112 109 228 71 29 56
leaf_count=429 29 26 43 25 20 30 69 143 26 51 68 24 72 26 25 40 43 20 71 634 3995 71 52 390 112 109 228 71 29 56
internal_value=-3.47234e-05 -0.000608652 0.00384348 -0.00277428 0.00094657 -0.00379965 0.00924345 -0.0102823 -0.0272325 0.0130229 0.0157107 -5.67597e-05 0.00859614 0.0183833 0.000394289 -0.000913283 0.00857569 0.0242713 -0.000429184 -0.00338532 0.000734136 0.01819 -0.0014358 0.00249884 0.00932534 -0.00450366 0.00362147 -0.0153782 -0.0320838 0.0310974
internal_weight=7027 6123 904 406 363 275 498 199 56 76 88 6094 250 123 51 127 87 44 5844 1651 4193 198 1625 991 502 489 280 209 100 127
internal_count=7027 6123 904 406 363 275 498 199 56 76 88 6094 250 123 51 127 87 44 5844 1651 4193 198 1625 991 502 489 280 209 100 127
is_linear=0
shrinkage=0.05


Tree=172
num_leaves=31
num_cat=0
split_feature=0 14 3 3 3 0 6 14 14 5 5 3 14 14 6 3 14 14 0 0 0 6 10 5 5 5 10 14 3 1
split_gain=6.77177 20.0588 6.11322 66.5602 17.9263 14.4007 14.9827 8.15191 8.97241 8.9084 7.10401 47.7369 222.799 13.791 10.9529 10.3686 13.9382 12.2948 11.4227 10.0007 26.407 22.9622 11.42 14.9198 8.29083 8.53787 8.10777 7.6252 7.52809 8.16887
threshold=2.6089587318329186 2.3018106250768917 967.95000000000016 968.1500000000002 968.35000000000002 29.501302583033773 -0.37940952255126015 0.057735026919195194 0.15275252316519924 0.78656609248549325 0.78656609248549325 971.45000000000016 0.70237691685684189 0.20816659994662257 0.25881904510252057 971.85000000000002 7.21086607314649 7.21086607314649 25.219934407718217 31.775779426170164 27.093032984418773 0.60355339059327384 1.0000000180025095e-35 0.25881904510252091 1.0000000180025095e-35 -0.60355339059327362 16.432972545002958 3.6835168008425767 970.85000000000002 -0.24192189559966767
decision_type=2 2 2 2 2 2 2 2 2 2 2 2 2 2 2 2 2 2 2 2 2 2 2 2 2 2 2 2 2 2
left_child=1 -1 5 -4 -5 6 -2 -6 9 -9 15 12 -12 -13 -14 16 19 -17 -19 20 22 -22 -10 24 25 28 27 -15 29 -24
right_child=2 -3 3 4 7 -7 -8 8 10 -11 11 13 14 26 -16 17 -18 18 -20 -21 21 -23 23 -25 -26 -27 -28 -29 -30 -31
leaf_value=0.014343813416463409 0.00014502870426936584 -0.05330264787104997 -0.078481587335743286 0.041616199068151984 -0.024770919523681656 -0.0006637446105699329 0.05626152969464393 0.0051143099461038273 -0.021608532312693021 0.036510431218775917 -0.18102244937348935 -0.033045723883495214 0.0094125145627902123 -0.0044258256150605446 -0.019949549227472274 -0.00032133340671408888 -0.029059146060966531 0.0010794636522136304 0.052922812471432351 -0.00082810589268192424 0.01781541499698704 0.073035459224445126 0.047548073311336342 -0.013269613311979279 0.040236262016255277 -0.0020639048855751753 0.0028943387461385153 -0.035880301037049367 0.00060205138474702844 0.015518110369332134
leaf_weight=21 21 21 26 25 32 101 27 80 32 31 20 30 64 251 61 4573 25 22 20 199 54 29 31 57 28 74 954 20 39 59
leaf_count=21 21 21 26 25 32 101 27 80 32 31 20 30 64 251 61 4573 25 22 20 199 54 29 31 57 28 74 954 20 39 59
internal_value=-3.43673e-05 -0.0198161 8.66821e-05 -0.000131673 0.000178205 0.0100721 0.0323166 1.86754e-05 0.000140535 0.0141749 -9.53517e-05 -0.00325885 -0.0303187 -0.000106782 -0.0049211 0.000749042 0.00677675 -7.0098e-05 0.0265397 0.00831897 0.012839 0.0378085 0.00624937 0.00942605 0.0150809 0.0114064 0.000722104 -0.00688895 0.0191285 0.0270069
internal_weight=7027 42 6985 6836 6810 149 48 6785 6753 111 6642 1400 145 1255 125 5242 627 4615 42 602 403 83 320 288 231 203 1225 271 129 90
internal_count=7027 42 6985 6836 6810 149 48 6785 6753 111 6642 1400 145 1255 125 5242 627 4615 42 602 403 83 320 288 231 203 1225 271 129 90
is_linear=0
shrinkage=0.05


Tree=173
num_leaves=31
num_cat=0
split_feature=0 9 9 0 0 14 14 5 0 11 0 0 14 9 0 0 14 0 9 9 1 1 1 3 3 0 3 11 0 10
split_gain=6.27975 10.2342 8.14009 19.4504 13.9785 13.9429 12.9621 21.9793 16.346 15.3274 13.5957 13.3327 25.5852 29.3211 16.9086 14.5555 14.3921 16.3007 13.9326 13.3126 12.6646 12.8571 12.2105 12.1931 37.6214 14.4435 11.4559 9.98471 11.7132 9.57648
threshold=5.819984863319589 37.517969913133051 10.947455176544299 35.923354846007115 41.275065065151566 3.2908965343808636 6.8073375181973423 -0.78656609248549303 33.916463513827949 99.124595016582489 13.312379170121817 11.974451615335704 1.8876793513023775 51.625874895429668 11.840658859857095 12.375829881771539 2.4576411454888585 11.037902326985426 77.690488573339138 56.260192489993123 -0.63605400036818838 -0.38266886095259289 -0.79332313182700742 967.95000000000016 968.55000000000007 25.086141652239604 980.05000000000007 0.80592788309186747 13.446171925600426 33.75207613041718
decision_type=2 2 2 2 2 2 2 2 2 2 2 2 2 2 2 2 2 2 2 2 2 2 2 2 2 2 2 2 2 2
left_child=1 -1 3 20 5 22 8 -8 10 -10 11 14 15 -14 16 -13 18 -18 -4 -17 -2 26 -5 25 -25 -12 27 -22 -29 -23
right_child=2 -3 6 4 -6 -7 7 -9 9 -11 23 12 13 -15 -16 19 17 -19 -20 -21 21 29 -24 24 -26 -27 -28 28 -30 -31
leaf_value=-0.0045882316110997029 -0.00043482114798452302 -0.040933713492316504 -0.0060699324187462661 -0.044014427051657722 0.0046979909241278081 -0.041915754841859727 -0.015714665505290031 0.043900239655702583 -0.033812983298701221 0.010763383728486522 0.056261501624470668 -0.023788403858557159 -0.082826006639003746 -0.018232032841187903 0.03099901534224811 0.0091133094542483611 0.001400496798641437 0.041233982415869834 -0.046995333111421629 -0.019691411593103444 0.013373551589064302 -0.0014954660945149119 -0.0040153898542680984 -0.050497222352359032 0.0008407339588166478 0.0060792181190724185 0.0011971408009615748 0.012925328198075296 0.055997026474127236 0.013551903468574881
leaf_weight=265 295 20 411 20 236 33 24 40 68 26 20 80 24 63 37 147 132 31 21 54 49 173 218 35 4072 47 42 24 52 268
leaf_count=265 295 20 411 20 236 33 24 40 68 26 20 80 24 63 37 147 132 31 21 54 49 173 218 35 4072 47 42 24 52 268
internal_value=-3.31728e-05 -0.00729048 0.000273905 0.00365152 -0.00417399 -0.0119074 -0.000618854 0.0215699 -0.000893413 -0.0214472 -0.000514958 -0.00574886 -0.0133025 -0.0368466 -0.00132858 -0.00589049 -0.0033959 0.00921191 -0.00817485 0.0012908 0.00805052 0.0121698 -0.00756767 0.000738851 0.000389827 0.0217396 0.0239651 0.0315052 0.0428049 0.00764763
internal_weight=7027 285 6742 1410 507 271 5332 64 5268 94 5174 1000 368 87 632 281 595 163 432 201 903 608 238 4174 4107 67 167 125 76 441
internal_count=7027 285 6742 1410 507 271 5332 64 5268 94 5174 1000 368 87 632 281 595 163 432 201 903 608 238 4174 4107 67 167 125 76 441
is_linear=0
shrinkage=0.05


Tree=174
num_leaves=31
num_cat=0
split_feature=10 9 3 2 14 3 3 1 10 1 14 6 14 10 14 14 11 11 14 9 14 11 11 2 9 11 9 10 9 11
split_gain=6.09555 10.844 86.8137 39.8796 144.139 23.6814 14.104 13.3442 12.4979 13.7908 10.7086 10.6225 12.8747 10.2606 9.68135 9.48374 23.6591 20.1812 19.9817 17.0282 17.0114 30.8979 15.1727 14.1067 16.6472 15.4009 15.3914 13.6336 14.5419 25.7481
threshold=3.5139263568983372 99.998024823357142 968.1500000000002 -0.85260769842926898 0.50000000000000167 968.35000000000002 967.95000000000016 -0.26722820045975981 91.358118968577273 -0.93663652364155492 0.76376261582593197 -0.12940952255126037 0.64291005073292062 46.927403450141433 1.5044378795197577 1.6502525059315416 76.324663358733275 96.504029750350398 3.7305044528928089 10.947455176544299 3.5688465635685573 5.1811022940503957 98.837774746298805 -0.80382625221112003 98.660611278104469 82.902715516720704 99.629549906136972 21.644989309223028 79.018189528772538 65.158802608848717
decision_type=2 2 2 2 2 2 2 2 2 2 2 2 2 2 2 2 2 2 2 2 2 2 2 2 2 2 2 2 2 2
left_child=-1 5 -3 4 -4 6 -2 -6 11 10 -10 12 -5 -9 -12 17 19 -7 23 20 -17 -22 -20 25 -25 -18 -26 -21 -29 -30
right_child=1 2 3 8 7 15 -8 13 9 -11 14 -13 -14 -15 -16 16 18 -19 22 27 21 -23 -24 24 26 -27 -28 28 29 -31
leaf_value=0.0029978659553598686 0.014598604260351171 -0.079121391251683243 -0.11839849096373656 0.033101075554887449 -0.017041181058412597 0.0040974645769703312 0.062276279628276823 0.036292796035607658 -0.041840812478746686 0.0091855568742976925 0.023823035955429079 -0.014591213529929517 -0.0035686896970274595 -0.0013569740322776714 -0.011569819997747739 0.0054510513094859457 -0.018245833570798561 -0.0075787480807067544 0.01515938008628712 0.0043692489864550679 -0.064577659938771001 -0.0023616674893789675 0.062620801660675726 0.0014516989604647585 -0.040672749475628704 0.021242816531572672 0.0043517120704054833 -0.021706044981514832 0.0037914419832443683 -0.035617615001931509
leaf_weight=1341 65 37 31 29 154 2017 20 20 20 593 25 165 117 129 74 365 30 452 94 105 25 87 20 239 52 121 29 341 177 53
leaf_count=1341 65 37 31 29 154 2017 20 20 20 593 25 165 117 129 74 365 30 452 94 105 25 87 20 239 52 121 29 341 177 53
internal_value=-3.24582e-05 -0.000748418 -0.00457849 -0.00248555 -0.0174609 0.000495165 0.0264687 -0.00676198 0.00241114 0.00606483 -0.00939162 -0.00593017 0.00385665 0.00387161 -0.00243338 -3.45931e-05 -0.00286433 0.00195567 0.00531482 -0.00701955 0.000205521 -0.016742 0.0240015 0.000740055 -0.0051922 0.0132961 -0.0246354 -0.0121179 -0.0151607 -0.00538301
internal_weight=7027 5686 1394 1357 334 4292 85 303 1023 712 119 311 146 149 99 4207 1738 2469 585 1153 477 112 114 471 320 151 81 676 571 230
internal_count=7027 5686 1394 1357 334 4292 85 303 1023 712 119 311 146 149 99 4207 1738 2469 585 1153 477 112 114 471 320 151 81 676 571 230
is_linear=0
shrinkage=0.05


Tree=175
num_leaves=31
num_cat=0
split_feature=0 3 3 3 9 5 3 3 3 0 10 0 3 1 9 2 11 9 9 0 9 0 0 0 11 0 3 3 11 11
split_gain=6.21234 215.956 29.7779 41.551 37.9982 13.6944 66.2736 267.345 13.1332 13.4866 11.8743 11.2959 11.0993 10.9446 12.7825 12.9925 18.4583 10.6186 15.311 10.3624 17.8077 15.0757 21.2935 13.9219 15.7086 18.4403 12.8808 13.0644 11.1711 18.3071
threshold=20.537187965966826 968.1500000000002 968.35000000000002 967.95000000000016 98.091861348443075 0.78656609248549325 971.85000000000002 971.25000000000011 982.6500000000002 20.269602455009601 97.017542639835582 29.501302583033773 980.45000000000016 -0.92384435400961384 98.503782248733941 0.47714059151611404 70.645990534080923 1.1020380015704603 98.584341621663881 10.235145794113759 57.827491105447372 13.446171925600426 11.974451615335704 15.185477746822373 35.265651210912964 16.657198057087097 984.85000000000002 985.55000000000007 77.3430939161873 96.054947289492091
decision_type=2 2 2 2 2 2 2 2 2 2 2 2 2 2 2 2 2 2 2 2 2 2 2 2 2 2 2 2 2 2
left_child=1 -1 3 11 -5 -4 7 -7 9 12 17 -2 -3 -14 -15 16 -16 -8 -19 -10 23 22 -22 -21 -25 -26 -23 -28 -29 -30
right_child=2 8 5 4 -6 6 10 -9 19 -11 -12 -13 13 14 15 -17 -18 18 -20 20 21 26 -24 24 25 -27 27 28 29 -31
leaf_value=-0.16117534732712169 0.033195242801624718 -0.0018213014345943028 0.0023694143780823135 0.015293147706172683 0.11049000001851131 -0.0040993273936212066 -0.0265494104815647 -0.19689443939788775 -0.0043666019465420829 0.02525839108882881 0.0098266748684318929 -0.00044877607284077244 0.0068032483505705999 -0.0093116117037897374 0.018050824058326809 -0.062985475255797313 -0.04048684700472014 0.024450746143029795 -0.01061402867797135 0.0079759747372794201 0.011118085559690372 0.014382936804992403 -0.035307229059246874 0.00024665524642313681 0.066874651281783978 0.0072505288706584403 -0.02834699035808444 -0.0075455465559817608 0.016436227625378691 -0.0034599975359398782
leaf_weight=20 32 1694 2029 21 21 99 49 21 440 40 246 101 74 298 21 23 34 44 100 503 39 178 64 30 35 21 39 247 211 253
leaf_count=20 32 1694 2029 21 21 99 49 21 440 40 246 101 74 298 21 23 34 44 100 503 39 178 64 30 35 21 39 247 211 253
internal_value=-3.19981e-05 -0.00122932 0.00181374 0.0217153 0.0644704 0.000458202 -0.00646183 -0.0392282 -0.000436604 -0.00313822 0.00255224 0.00779603 -0.00368187 -0.0106552 -0.0141134 -0.0320452 -0.0181236 -0.00669693 0.00016046 0.00242534 0.00427471 0.000305005 -0.0177428 0.0112026 0.0297086 0.0451228 0.00233048 -0.000538661 0.00101734 0.00559278
internal_weight=7027 4264 2763 175 42 2588 559 120 4244 2184 439 133 2144 450 376 78 55 193 144 2060 1620 1031 103 589 86 56 928 750 711 464
internal_count=7027 4264 2763 175 42 2588 559 120 4244 2184 439 133 2144 450 376 78 55 193 144 2060 1620 1031 103 589 86 56 928 750 711 464
is_linear=0
shrinkage=0.05


Tree=176
num_leaves=31
num_cat=0
split_feature=14 14 1 1 14 11 2 0 9 0 0 1 2 5 0 0 9 2 14 11 14 0 14 11 8 11 5 11 5 14
split_gain=5.90731 135.119 12.9716 17.0071 9.29449 10.8331 12.6369 11.4318 14.7059 9.71915 9.17427 16.8296 30.288 186.551 18.7581 17.5773 18.7413 15.0153 26.138 13.7828 11.4972 11.0071 20.7238 22.6513 28.6207 16.6315 21.5581 13.9342 13.856 13.6641
threshold=0.49328828623154364 0.50000000000000167 0.25037047035109428 0.40673664307580037 0.40414518843268793 51.632340054316536 0.67556448321067852 15.319270502300986 62.621931071831632 12.375829881771539 15.988234279694042 -0.71322329076259927 -0.64942331933852315 -0.70710678118654735 30.036473604948217 34.184049024785175 35.62552890117427 0.1218693434051476 3.4122328955294616 98.761686625146027 4.6877497203106646 24.952348896760991 1.9857828011475336 98.807243888479064 -0.68301270189221952 82.676365640927543 0.91597561503675362 99.352305659072485 -0.60355339059327362 5.9311318167520559
decision_type=2 2 2 2 2 2 2 2 2 2 2 2 2 2 2 2 2 2 2 2 2 2 2 2 2 2 2 2 2 2
left_child=2 -2 -1 -4 5 9 7 8 -7 -5 -3 12 13 -12 17 16 -13 -14 19 -19 -20 27 25 29 -25 26 28 -18 -23 -24
right_child=1 10 3 4 -6 6 -8 -9 -10 -11 11 15 14 -15 -16 -17 21 18 20 -21 -22 22 23 24 -26 -27 -28 -29 -30 -31
leaf_value=0.0091405615721547422 -0.10644241939857602 -0.0023910795701309827 -0.032242498620497904 -0.0043723818420299465 0.014720993688685841 -0.0074906312940376148 0.0075633614581516566 -0.0084477102340509494 -0.066277304232741405 0.031049572271036191 -0.14092496297189169 0.022184476297072792 -0.00032246035618028969 0.0021258891200858772 -0.014079582846795136 -0.004605013444935903 0.0038309344168068458 0.038339462016592739 -0.041352388151836665 -0.0061369372226975187 0.0098480446255681201 0.0048320462722696517 0.0073368370623498316 0.08847543478585207 0.013409238673608612 -0.0049949054706794945 -0.030010324567390074 -0.011741152368090821 0.039738397632780323 0.049871332167901773
leaf_weight=498 29 2504 43 41 88 20 67 89 23 35 27 161 576 122 194 499 1106 90 21 21 21 50 141 25 26 238 20 164 67 21
leaf_count=498 29 2504 43 41 88 20 67 89 23 35 27 161 576 122 194 499 1106 90 21 21 21 50 141 25 26 238 20 164 67 21
internal_value=-3.19163e-05 -0.000589835 0.00373794 -0.0028828 0.000660355 -0.00385797 -0.00999472 -0.0189342 -0.03984 0.0120668 -6.79039e-05 0.00155132 -0.00369078 -0.0245294 -0.00029848 0.00378563 0.00586312 0.00337633 0.0172453 0.0299007 -0.0160022 0.00443497 0.0100867 0.0225066 0.0512964 0.00297778 0.0168002 0.00180846 0.0250309 0.0131534
internal_weight=7027 6123 904 406 363 275 199 132 43 76 6094 3590 1072 149 923 2518 2019 729 153 111 42 1858 588 213 51 375 137 1270 117 162
internal_count=7027 6123 904 406 363 275 199 132 43 76 6094 3590 1072 149 923 2518 2019 729 153 111 42 1858 588 213 51 375 137 1270 117 162
is_linear=0
shrinkage=0.05


Tree=177
num_leaves=31
num_cat=0
split_feature=3 3 3 0 6 14 14 14 0 11 11 0 14 0 11 2 0 14 11 2 14 3 0 0 11 11 14 2 10 14
split_gain=6.19075 59.6393 14.2742 13.672 13.0601 7.29931 8.43979 142.918 13.4642 13.6115 19.0867 12.3263 12.0169 11.9712 28.6835 9.91663 14.2564 8.67507 9.44135 9.37126 8.57483 11.3775 8.31892 15.5751 19.885 30.8962 16.7456 17.191 15.3723 20.9815
threshold=967.95000000000016 968.1500000000002 968.35000000000002 29.501302583033773 -0.37940952255126015 0.057735026919195194 0.49328828623154364 0.50000000000000167 22.677872053624601 62.63610087241198 72.262958041465382 14.784099480386539 0.11547005383792572 30.304059115905442 83.155753283110883 0.017452406437283369 15.85444152421543 0.40414518843268793 42.666569208891637 -0.82409480842201666 0.39999999999998315 985.75000000000011 15.988234279694042 31.909572181648773 88.235494412035408 89.357489429452201 0.56862407030773787 -0.93038214053199442 57.46321872606385 3.1077858173020831
decision_type=2 2 2 2 2 2 2 2 2 2 2 2 2 2 2 2 2 2 2 2 2 2 2 2 2 2 2 2 2 2
left_child=3 -2 -3 4 -1 -4 8 -8 9 12 11 -11 -7 14 -10 16 -12 19 -19 -14 21 -17 -9 24 26 -26 -24 28 -28 -30
right_child=1 2 5 -5 -6 6 7 22 13 10 15 -13 17 -15 -16 20 -18 18 -20 -21 -22 -23 23 -25 25 -27 27 -29 29 -31
leaf_value=0.0015619801729917528 -0.074416499049575244 0.037018110405367149 -0.023558386620698556 -0.00044445477124741852 0.054052311101529221 0.04624287795763285 -0.11334861587733031 -0.0023173287604123269 0.070199084723634383 -0.005939618566584203 0.037270164905736841 -0.050050713837146758 -0.027005712676506779 0.0033166945487416045 0.012251601757187591 -0.046571152617992911 0.00015620908164914622 0.0045663923977267455 0.045488785826242883 0.0057530870798441092 0.0089501136013052686 -0.0075331470830682316 0.047111538470937658 -0.0050041258935937961 -0.044539451787248253 0.00010317650482908048 0.0094363150067235304 0.0090061006988724161 -0.0054843127396798615 -0.051491500789468937
leaf_weight=21 26 25 32 101 27 20 27 2491 27 30 35 34 25 119 94 22 93 32 25 135 54 105 25 728 39 1240 94 1167 102 32
leaf_count=21 26 25 32 101 27 20 27 2491 27 30 35 34 25 119 94 22 93 32 25 135 54 105 25 728 39 1240 94 1167 102 32
internal_value=-3.1312e-05 -0.000251135 4.03752e-05 0.0100166 0.0316904 -9.97041e-05 1.34854e-05 -0.000652324 0.0046714 0.000708484 -0.00523232 -0.02986 0.0100621 0.0146783 0.0256924 -3.54331e-05 0.0105536 0.00650766 0.0230759 0.000467524 -0.0075681 -0.0146457 -0.000118256 0.00147895 0.00323068 -0.00128792 0.00730216 0.00655191 -0.00597229 -0.0168082
internal_weight=7027 6878 6852 149 48 6827 6795 5945 850 610 373 64 237 240 121 309 128 217 57 160 181 127 5918 3427 2699 1279 1420 1395 228 134
internal_count=7027 6878 6852 149 48 6827 6795 5945 850 610 373 64 237 240 121 309 128 217 57 160 181 127 5918 3427 2699 1279 1420 1395 228 134
is_linear=0
shrinkage=0.05


Tree=178
num_leaves=31
num_cat=0
split_feature=0 9 10 3 9 1 9 3 0 9 6 11 7 3 9 1 1 3 9 9 11 9 1 9 8 9 1 11 9 5
split_gain=5.73618 20.3511 5.73389 34.4683 198.049 378.437 17.1951 16.3398 16.339 23.5633 12.2447 13.0941 11.421 11.4119 10.9554 10.6565 12.9981 13.6413 12.7884 10.2563 9.02602 13.6777 15.8285 11.2759 11.1205 9.34113 8.4219 8.45961 14.8617 8.05029
threshold=2.6089587318329186 0.46896217981143001 99.001859223746024 971.45000000000016 99.998024823357142 -0.39073112848927366 96.588803728934607 969.55000000000007 27.360618495375991 99.948595399370177 0.60355339059327384 32.964864696295074 1.0000000180025095e-35 968.35000000000002 99.867632848884455 -0.49240481012316845 0.22495105434386511 974.85000000000002 98.180664744996776 73.782022760639265 64.282515015832686 12.446535787432124 -0.095842103007655846 65.675151635639608 -0.24999999999999994 97.757521411695492 0.47714059151611399 98.704390422409816 99.867632848884455 0.25881904510252091
decision_type=2 2 2 2 2 2 2 2 2 2 2 2 2 2 2 2 2 2 2 2 2 2 2 2 2 2 2 2 2 2
left_child=1 -1 7 4 6 -6 -4 8 9 12 14 -12 -2 -8 -10 -5 17 18 19 -17 21 -19 23 -23 29 -26 -18 -28 -29 -22
right_child=2 -3 3 15 5 -7 13 -9 10 -11 11 -13 -14 -15 -16 16 26 20 -20 -21 24 22 -24 -25 25 -27 27 28 -30 -31
leaf_value=0.017702415855157944 -0.0081979670996467271 -0.050474962218786057 -0.0021805759706905676 0.0041840277606702541 -0.22160799403825115 -0.0022907665334641935 0.056080723215515417 0.00036378712996744714 0.002409728800787801 0.061035400802219232 0 0.04903640243009879 0.036903586808754045 0.013241562030221128 -0.035463504356642563 0.011434341661375146 0.011993539813492033 0 0.029354474825784561 -0.033263793546382502 -0.0084212841738907397 -0.040162099399245699 -0.058337598295882344 0.0049040495629111931 0.019896063295503457 -0.007626663463320151 0.001974073298750332 -0.040778309279254507 0.00094588831541213107 -0.036207774820369347
leaf_weight=20 35 22 142 963 30 54 23 4427 92 36 29 25 22 48 23 28 152 42 39 22 70 25 39 29 47 85 328 34 54 42
leaf_count=20 35 22 142 963 30 54 23 4427 92 36 29 25 22 48 23 28 152 42 39 22 70 25 39 29 47 85 328 34 54 42
internal_value=-3.00681e-05 -0.0182366 8.12846e-05 -0.00196466 -0.0178285 -0.0823628 0.00786426 0.00108437 0.0131933 0.0299145 0.00384036 0.0232706 0.00945958 0.0277746 -0.00536224 0.000397533 -0.00311797 -0.0092806 0.00823008 -0.0084014 -0.0134166 -0.023769 -0.0343681 -0.0162199 -0.00759481 0.00221141 0.00195829 -0.00171642 -0.0153957 -0.0191137
internal_weight=7027 42 6985 2296 297 84 213 4689 262 93 169 54 57 71 115 1999 1036 468 89 50 379 135 93 54 244 132 568 416 88 112
internal_count=7027 42 6985 2296 297 84 213 4689 262 93 169 54 57 71 115 1999 1036 468 89 50 379 135 93 54 244 132 568 416 88 112
is_linear=0
shrinkage=0.05


Tree=179
num_leaves=31
num_cat=0
split_feature=6 0 11 14 14 14 8 0 14 14 14 7 10 11 11 9 9 9 0 7 14 10 10 11 0 0 10 9 0 9
split_gain=5.46999 19.1052 12.5412 17.2788 12.1176 11.8111 11.7794 13.4658 11.0714 92.3043 12.3818 11.3979 10.7989 10.0259 17.758 13.642 11.4097 14.9932 9.89346 9.87799 15.7224 22.186 292.103 16.0023 19.334 19.2948 14.6243 14.2641 13.6653 12.4882
threshold=-0.70710678118654757 3.1441297537473631 22.121877948397245 5.2624455658309026 3.5144935995244571 2.6185225194236685 -0.9330127018922193 31.909572181648773 0.49328828623154364 0.50332229568473619 0.40414518843268793 -0.93301270189221908 44.672758545447444 51.632340054316536 24.497705231599522 36.218580661170137 68.490413883127289 57.045967192991931 27.360618495375991 0.25000000000000011 1.6289055630493696 99.402042176256415 99.683878331928796 95.696115902446749 15.720648768736817 14.248928458472095 95.310099760426297 97.757521411695492 32.310950448084611 73.782022760639265
decision_type=2 2 2 2 2 2 2 2 2 2 2 2 2 2 2 2 2 2 2 2 2 2 2 2 2 2 2 2 2 2
left_child=2 -2 4 12 5 -1 7 18 10 -10 11 -8 -4 14 -13 -16 17 -15 -3 -11 23 26 -23 25 -25 -21 -22 -28 29 -27
right_child=1 6 3 -5 -6 -7 8 -9 9 19 -12 13 -14 16 15 -17 -18 -19 -20 20 21 22 -24 24 -26 28 27 -29 -30 -31
leaf_value=0.010579735433598136 -0.035262698165141042 0.0080256165286532316 0.0045554547658138572 0.03905991793743202 -0.021810825068365645 0.049445871976869449 0.024119077733096975 -0.0048791653407200923 -0.07891254188349614 0.0012248154686286144 0.017306523083040381 -0.011950477891347627 -0.0044613184310712834 -0.0035241718197593815 0.0048348550171439736 0.046180666820862547 -0.00158844086573525 -0.052577205716765357 0.029661878293380142 -0.0043760528496413235 -0.0077111862769947874 -0.19506366871297362 -0.0063024388614845266 -0.040892732822420924 -0.004687070454446933 0.027376754844222556 -0.0052677202003304753 0.021635633048347452 -0.015100991953620496 0.0078988916500042968
leaf_weight=329 39 298 577 27 26 20 47 176 38 1734 148 54 779 36 42 38 268 27 64 442 529 21 302 43 233 109 97 98 48 338
leaf_count=329 39 298 577 27 26 20 47 176 38 1734 148 54 779 36 42 38 268 27 64 442 529 21 302 43 233 109 97 98 48 338
internal_value=-2.99918e-05 -0.000836522 0.00238356 0.000178398 0.0104808 0.0129562 -0.000572158 0.00642684 -0.00137695 -0.00236058 0.00461908 0.000915278 -0.000620321 -0.00146605 0.0100124 0.0248635 -0.00614412 -0.0251181 0.0119358 -0.00161143 -0.00378934 -0.00827507 -0.0191544 8.20202e-05 -0.0104731 0.00320429 -0.00339481 0.00826883 0.00997826 0.0127102
internal_weight=7027 5269 1758 1383 375 349 5230 538 4692 4032 660 512 1356 465 134 80 331 63 362 3994 2260 1047 323 1213 276 937 724 195 495 447
internal_count=7027 5269 1758 1383 375 349 5230 538 4692 4032 660 512 1356 465 134 80 331 63 362 3994 2260 1047 323 1213 276 937 724 195 495 447
is_linear=0
shrinkage=0.05


Tree=180
num_leaves=31
num_cat=0
split_feature=9 11 3 3 3 3 10 0 0 2 11 1 11 0 1 1 5 0 11 3 0 0 2 11 13 0 10 5 0 0
split_gain=5.32303 16.9605 10.9829 68.9994 17.1432 49.2518 203.06 17.1686 13.6597 11.5579 10.4956 12.2166 10.2054 9.22159 9.0614 20.1272 11.8958 18.2648 8.88677 8.81507 16.294 16.8855 16.5248 15.0509 9.80259 25.5313 16.0199 15.2012 13.9705 14.6066
threshold=95.649211004137868 90.261910086359975 967.6500000000002 968.1500000000002 970.85000000000002 971.45000000000016 99.998024823357142 33.916463513827949 16.389612546129879 0.9935340235047978 99.446676112246038 -0.71322329076259927 98.361970652176382 28.698546050162104 -0.94260559819261247 -0.7880107536067219 0.25881904510252091 14.784099480386539 98.761686625146027 984.05000000000007 15.185477746822373 15.453063257779595 -0.043617726472722392 85.165911074445134 98.47502576271755 12.77720814820737 98.58095256390304 -0.37940952255126059 23.34683583101766 18.931674900223488
decision_type=2 2 2 2 2 2 2 2 2 2 2 2 2 2 2 2 2 2 2 2 2 2 2 2 2 2 2 2 2 2
left_child=1 19 12 -4 10 6 13 8 14 -10 11 -5 -2 -6 -7 16 17 -16 -9 24 23 -22 -23 -21 -1 26 27 -26 29 -27
right_child=2 -3 3 4 5 7 -8 18 9 -11 -12 -13 -14 -15 15 -17 -18 -19 -20 20 21 22 -24 -25 25 28 -28 -29 -30 -31
leaf_value=0.00080984493136561939 0.044020561057329183 0.014304575392634123 -0.086349459631989409 -0.012539936996010298 -0.0090326409246772529 -0.027690025546921872 -0.17463736330469451 -0.038125119706655441 0.0014083578330376042 -0.029320932410417062 -0.015525144137209283 0.020070018884230489 0.0026574411711249597 0.030678797799931923 8.0724192694539099e-05 -0.010226060068882574 -0.0076879225341746436 0.065669257310421572 -0.0026371776523689428 0.002737498902016224 0.058802198401906272 0.034909641301294543 0.00096488843399998364 -0.027201959399337117 -0.042068970944732428 -0.0036869869853475012 -0.058245829622063677 0.0050634989812970172 -0.040651948818046117 0.021072018774532117
leaf_weight=1605 24 233 23 33 39 52 20 46 2311 30 31 187 38 22 20 380 25 22 29 906 21 52 112 43 29 535 32 39 22 66
leaf_count=1605 24 233 23 33 39 52 20 46 2311 30 31 187 38 22 20 380 25 22 29 906 21 52 112 43 29 535 32 39 22 66
internal_value=-3.00038e-05 0.00127591 -0.00147964 -0.00187887 -0.00125259 -0.00230677 -0.0405253 -0.00122953 -0.000599903 0.00100007 0.0112698 0.0151213 0.0191929 0.00547269 -0.008103 -0.00575653 0.0192971 0.0352811 -0.0246842 0.000393731 0.00400786 0.0175424 0.0119045 0.00134845 -0.00136558 -0.00619618 -0.0295212 -0.015283 -0.00240288 -0.000929235
internal_weight=7027 3695 3332 3270 3247 2996 81 2915 2840 2341 251 220 62 61 499 447 67 42 75 3462 1134 185 164 949 2328 723 100 68 623 601
internal_count=7027 3695 3332 3270 3247 2996 81 2915 2840 2341 251 220 62 61 499 447 67 42 75 3462 1134 185 164 949 2328 723 100 68 623 601
is_linear=0
shrinkage=0.05


Tree=181
num_leaves=31
num_cat=0
split_feature=3 3 0 3 14 0 0 14 14 11 9 9 10 11 14 11 14 11 0 14 0 0 0 2 11 14 3 0 3 0
split_gain=4.90956 49.2684 12.0137 11.7228 10.6771 6.82555 8.02647 6.64628 7.34453 12.5568 23.0394 13.1211 6.62444 6.02365 36.3128 30.1004 25.0188 22.3739 34.1376 193.259 38.6719 25.42 21.4963 18.7604 15.7325 15.5102 15.3413 15.2071 15.3653 18.7884
threshold=967.95000000000016 968.1500000000002 29.501302583033773 968.35000000000002 1.5176736583776818 31.641986670691555 35.923354846007115 0.057735026919195194 0.15275252316519924 87.92173451199649 99.887459047005137 68.490413883127289 50.397218687620715 77.88477974704611 4.2013884299037487 98.879322712153666 3.935098422706091 45.094808292560053 29.501302583033773 0.50000000000000167 32.177157692606002 12.375829881771539 20.269602455009601 -0.95878322595067711 42.666569208891637 0.34879930997153979 974.45000000000016 31.641986670691555 972.05000000000007 13.847550192036261
decision_type=2 2 2 2 2 2 2 2 2 2 2 2 2 2 2 2 2 2 2 2 2 2 2 2 2 2 2 2 2 2
left_child=2 -2 4 -3 -1 -4 -7 -5 9 11 -11 12 -9 16 -15 -16 17 21 22 -20 -21 -10 25 -23 27 -19 -22 28 -18 -30
right_child=1 3 5 7 -6 6 -8 8 13 10 -12 -13 -14 14 15 -17 24 18 19 20 26 23 -24 -25 -26 -27 -28 -29 29 -31
leaf_value=0.0076441505019153883 -0.067635540998092408 0.033548966850010818 -0.024268562946429789 -0.022473126522293597 0.055160657315599652 0.031856109967285939 -0.0035922421532650962 -0.0063193762012653878 -0.0026337701700299941 -0.046403587417943135 0.025300042091791208 0.056900699342722474 0.031125222786462736 0.00011579351052146746 0.012155297586092151 0.061885706900618967 0.016827773478414333 -0.029243731505283324 -0.16007610385670612 0.03290767906629976 -0.004179832971272752 -0.014554128376528239 0.011120604483788848 0.010975517217223578 -0.0026910252092861909 -0.0032700751952263831 -0.037312058721597374 -0.058671143166720868 -0.066503352404318081 -0.016390374023167949
leaf_weight=27 26 25 23 32 21 21 57 26 881 20 23 22 20 2670 132 39 27 60 22 46 77 77 265 926 187 1026 64 25 21 139
leaf_count=27 26 25 23 32 21 21 57 26 881 20 23 22 20 2670 132 39 27 60 22 46 77 77 265 926 187 1026 64 25 21 139
internal_value=-3.05126e-05 -0.000226349 0.0089174 3.8539e-05 0.0292361 -0.000881972 0.00617069 -8.83371e-05 1.96362e-05 0.0127183 -0.00823351 0.025967 0.0101704 -0.000192371 0.00155221 0.0238202 -0.00148345 -0.000107244 -0.00453591 -0.0232924 -0.00640771 0.00355761 -0.0016155 0.00899809 -0.0133198 -0.00473527 -0.0194106 -0.022615 -0.0174816 -0.023371
internal_weight=7027 6878 149 6852 48 101 78 6827 6795 111 43 68 46 6684 2841 171 3843 3444 1560 209 187 1884 1351 1003 399 1086 141 212 187 160
internal_count=7027 6878 149 6852 48 101 78 6827 6795 111 43 68 46 6684 2841 171 3843 3444 1560 209 187 1884 1351 1003 399 1086 141 212 187 160
is_linear=0
shrinkage=0.05


Tree=182
num_leaves=31
num_cat=0
split_feature=6 0 11 2 10 3 3 1 8 0 2 0 0 3 5 2 0 2 0 3 0 3 3 2 11 2 0 0 3 5
split_gain=4.7638 17.0882 10.8913 27.8878 13.5776 19.1842 15.2863 13.4625 10.8463 11.5201 10.3275 9.62526 197.373 26.2219 15.7971 16.3372 11.0188 11.5586 11.2166 16.1338 13.1963 13.1934 10.9983 10.3367 10.2121 9.85473 9.30754 8.9974 13.0901 9.78561
threshold=-0.70710678118654757 3.1441297537473631 19.740984874260075 0.86159635224327547 44.672758545447444 974.75000000000011 973.85000000000002 -0.97233289553061575 -0.9330127018922193 31.909572181648773 -0.98897820466835384 29.501302583033773 29.768888093990999 968.1500000000002 -0.98296291314453399 0.44618082326431213 15.988234279694042 -0.97625883275952019 17.058576323522932 980.45000000000016 23.882006852932104 980.75000000000011 982.25000000000011 -0.14780378300014829 99.370078331880663 0.97233289553061597 19.868224188573766 27.360618495375991 974.75000000000011 -0.60355339059327362
decision_type=2 2 2 2 2 2 2 2 2 2 2 2 2 2 2 2 2 2 2 2 2 2 2 2 2 2 2 2 2 2
left_child=2 -2 3 -1 5 6 -4 -7 9 27 -9 13 -13 -10 -14 -16 24 -18 -19 -20 21 -21 -22 -24 -15 -23 -27 28 -3 -29
right_child=1 8 4 -5 -6 7 -8 10 11 -11 -12 12 14 16 15 -17 17 18 19 20 22 25 23 -25 -26 26 -28 29 -30 -31
leaf_value=0.014708589559047247 -0.033341416053270227 0.013836885875307911 -0.0029888295510200544 -0.032308030182495714 -0.00402392473845009 -0.01048843084542609 -0.047616123252082615 -0.018981171831812551 -0.045461648431373763 -0.0042733162698022874 0.01551096155601858 -0.15414161609655078 -0.036669336808544971 -0.0021727259662829568 0.0019576792263356277 -0.032306240601716815 -0.010155674122499698 0.012997841023530705 0.006182170192775018 -0.033563030463953807 0.0026361788038549751 0.0025185410175509529 -0.062403137815946877 -0.017081151132417077 -0.026830602337194739 -0.043199563728024561 0.0015465753104375757 0.0007916749689889992 -0.0097746040448546418 0.042062533553256544
leaf_weight=318 39 219 98 34 800 66 23 22 31 176 397 21 30 1896 581 36 164 273 960 29 28 502 21 33 42 23 22 22 79 42
leaf_count=318 39 219 98 34 800 66 23 22 31 176 397 21 30 1896 581 36 164 273 960 29 28 502 21 33 42 23 22 22 79 42
internal_value=-3.03294e-05 -0.000783044 0.00222199 0.0100744 0.000246785 0.00589026 -0.0118335 0.0103376 -0.000532973 0.00618306 0.0136471 -0.00130527 -0.00685923 -0.000380577 -0.0018406 -8.24621e-05 -1.80399e-05 0.0025308 0.00363848 0.00204917 -0.00397339 -0.00127605 -0.0226166 -0.0356114 -0.00272325 0.000484686 -0.0216569 0.0112784 0.00754899 0.028183
internal_weight=7027 5269 1758 352 1406 606 121 485 5230 538 419 4692 668 4024 647 617 3993 2055 1891 1618 658 576 82 54 1938 547 45 362 298 64
internal_count=7027 5269 1758 352 1406 606 121 485 5230 538 419 4692 668 4024 647 617 3993 2055 1891 1618 658 576 82 54 1938 547 45 362 298 64
is_linear=0
shrinkage=0.05


Tree=183
num_leaves=31
num_cat=0
split_feature=9 14 10 0 0 14 3 3 14 0 3 6 14 9 0 6 6 3 2 1 14 9 0 2 14 1 2 3 9 9
split_gain=5.30857 13.2409 12.654 12.076 12.355 18.1392 10.8524 45.2238 16.5386 25.0582 23.5763 58.3107 174.048 16.1766 22.1154 13.2436 11.9361 10.3732 10.0453 12.6426 9.83936 18.5394 15.0904 12.6882 10.869 20.9483 13.1545 11.3531 11.2532 10.4349
threshold=94.523829473393974 6.8073375181973423 51.187456485260114 33.916463513827949 13.312379170121817 2.1126602503321092 967.95000000000016 968.35000000000002 1.3503086067019707 15.720648768736817 974.35000000000002 -0.37940952255126015 0.50000000000000167 99.867632848884455 24.818556141282382 -0.12940952255126037 -0.60355339059327384 973.05000000000007 0.97233289553061597 -0.77159520228797429 1.6502525059315416 87.621977398153518 13.71375743655765 0.49240481012316878 0.30550504632979553 0.7489272028500833 -0.92384435400961373 975.6500000000002 68.490413883127289 24.121879775444146
decision_type=2 2 2 2 2 2 2 2 2 2 2 2 2 2 2 2 2 2 2 2 2 2 2 2 2 2 2 2 2 2
left_child=20 3 -3 4 5 -2 15 -8 9 16 11 12 -11 14 -13 -6 -9 -15 19 -10 22 23 -1 29 25 28 27 -26 -24 -22
right_child=1 2 -4 -5 6 -7 7 8 18 10 -12 13 -14 17 -16 -17 -18 -19 -20 -21 21 -23 24 -25 26 -27 -28 -29 -30 -31
leaf_value=-0.00038066208657381304 -0.059639258384704588 -0.0025152810385704718 0.050302128384355452 -0.019484149933188283 0.0020436124272999309 -0.007754633273308476 -0.069522324649927511 0.0046105170249938964 -0.0030483225839280643 -0.17319207799399183 0.00057996889621392202 -0.0098175739649778767 -0.013563505487635415 0.0013417208678366845 0.040941785754791155 0.048999895291199212 -0.036425699538001455 -0.033254788115620611 -0.019505855696315463 0.0071419889210742361 -0.0023584528070398035 0.024386985452129292 -0.0056635366839387262 0.0050247407585482778 -0.018711198352496416 -0.041392883023908061 0.012697391176898868 0.011827695045958868 0.032608392957065788 -0.012957629912000682
leaf_weight=1128 20 21 23 93 41 89 23 22 440 20 1218 38 93 56 47 23 82 34 46 979 759 64 60 375 67 30 720 54 27 335
leaf_count=1128 20 21 23 93 41 89 23 22 440 20 1218 38 93 56 47 23 82 34 46 979 759 64 60 375 67 30 720 54 27 335
internal_value=-3.27474e-05 -0.0014494 0.025487 -0.00181068 -0.00130086 -0.0177758 -0.000725917 -0.00115131 -0.000615854 -0.00411386 -0.00246194 -0.0153015 -0.0431316 0.00278341 0.0183409 0.0194897 -0.0277361 -0.0118949 0.00322515 0.00397876 0.00129996 -0.00173842 0.00353502 -0.00289584 0.00814636 -0.00606458 0.0101342 -0.00505605 0.00639272 -0.00561752
internal_weight=7027 3408 44 3364 3271 109 3162 3098 3075 1610 1506 288 113 175 85 64 104 90 1465 1419 3619 1533 2086 1469 958 117 841 121 87 1094
internal_count=7027 3408 44 3364 3271 109 3162 3098 3075 1610 1506 288 113 175 85 64 104 90 1465 1419 3619 1533 2086 1469 958 117 841 121 87 1094
is_linear=0
shrinkage=0.05


Tree=184
num_leaves=31
num_cat=0
split_feature=14 14 0 0 11 11 11 2 11 0 11 0 0 11 3 8 0 0 3 3 0 3 3 13 0 0 11 5 6 11
split_gain=4.90743 103.087 10.5536 12.0104 28.1202 11.7327 16.3566 13.0903 10.7736 11.3669 9.61989 9.59913 9.22412 9.17891 7.59618 7.9002 11.8906 7.19007 169.461 30.5121 44.7197 13.3442 12.6331 15.0776 12.5349 12.371 15.9338 15.6504 32.3294 23.982
threshold=0.49328828623154364 0.50000000000000167 22.677872053624601 30.304059115905442 83.155753283110883 62.63610087241198 72.262958041465382 -0.20791169081775954 24.497705231599522 15.185477746822373 97.634271771531374 14.382721213950706 14.784099480386539 76.837903701632641 985.75000000000011 0.25000000000000017 15.85444152421543 20.537187965966826 968.35000000000002 968.35000000000002 28.029582272769051 982.6500000000002 972.05000000000007 1.0000000180025095e-35 14.248928458472095 31.909572181648773 84.656714070058385 -0.60355339059327362 -0.12940952255126037 66.580340373362048
decision_type=2 2 2 2 2 2 2 2 2 2 2 2 2 2 2 2 2 2 2 2 2 2 2 2 2 2 2 2 2 2
left_child=2 -2 5 4 -4 8 12 10 -1 11 -8 -10 -7 -9 -15 -16 -17 18 -3 20 -19 22 -20 -24 -23 26 -21 28 -27 -30
right_child=1 17 3 -5 -6 6 7 13 9 -11 -12 -13 -14 14 15 16 -18 19 21 25 -22 24 23 -25 -26 27 -28 -29 29 -31
leaf_value=-0.0071542846874370685 -0.093000249579548833 -0.1312163752924651 0.067158215681889219 0.0015229602263487844 0.010231727299252801 -0.0073882139241322883 0.02741923891792172 0.023156866949229013 0.015139923892798833 0.0440883834904124 -0.0010576656370634033 -0.020117882026926333 -0.044001500300670925 -0.031071697307750581 0.021301661011847585 -0.042865409169656532 -0.0037038759539524714 0.073310719060046325 0.0064269697422105953 0.008483518590977299 0.0087897227210689249 -0.0011631205526251814 -0.044338908848488547 -0.0043893847918117157 0.0076057795156368379 0.0012382313839861014 -0.0016830836389211522 -0.00094924793277995556 -0.063244577871293436 0.0014161670349893117
leaf_weight=75 29 24 27 139 100 33 56 20 119 28 61 22 37 39 21 23 104 34 283 727 118 914 23 1693 733 88 817 572 48 20
leaf_count=75 29 24 27 139 100 33 56 20 119 28 61 22 37 39 21 23 104 34 283 727 118 914 23 1693 733 88 817 572 48 20
internal_value=-3.32919e-05 -0.000541867 0.00340267 0.0117492 0.0228034 -8.23659e-05 -0.00542164 -0.0006409 0.00850578 0.0154861 0.0126468 0.00950056 -0.0271585 -0.00820007 -0.0116857 -0.0063694 -0.0111147 -8.58712e-05 -0.0014823 0.00202603 0.0236396 -0.0005912 -0.00333725 -0.00495326 0.00273871 0.000568094 0.00310307 -0.0047983 -0.0187837 -0.0444093
internal_weight=7027 6123 904 266 127 638 394 324 244 169 117 141 70 207 187 148 127 6094 3670 2424 152 3646 1999 1716 1647 2272 1544 728 156 68
internal_count=7027 6123 904 266 127 638 394 324 244 169 117 141 70 207 187 148 127 6094 3670 2424 152 3646 1999 1716 1647 2272 1544 728 156 68
is_linear=0
shrinkage=0.05


Tree=185
num_leaves=31
num_cat=0
split_feature=9 2 3 2 2 3 3 0 3 10 6 0 0 7 9 6 0 0 2 7 0 3 2 1 2 10 9 6 0 10
split_gain=5.58077 11.5113 22.9243 145.84 18.8852 86.2202 254.747 35.4855 16.3122 10.6353 19.4328 10.4621 12.4579 9.97299 10.3923 10.0543 9.86174 27.0772 21.6055 20.0529 13.3529 11.795 11.1132 10.0685 12.0676 10.6812 9.0385 11.8151 8.71029 13.7546
threshold=94.523829473393974 -0.95878322595067711 968.1500000000002 -0.78257835753184624 -0.89490028524376719 971.55000000000007 970.45000000000016 15.988234279694042 968.35000000000002 0.98095987811370466 -0.70710678118654757 10.101353038635148 11.305487837942648 0.25000000000000011 99.998024823357142 0.91597561503675351 30.304059115905442 29.099924316597939 -0.16504132135358066 0.68301270189221941 30.036473604948217 971.6500000000002 -0.71322329076259927 -0.94260559819261247 -0.81408451933196946 97.915508590551426 90.837962714856985 -0.60355339059327384 14.248928458472095 99.136237486777574
decision_type=2 2 2 2 2 2 2 2 2 2 2 2 2 2 2 2 2 2 2 2 2 2 2 2 2 2 2 2 2 2
left_child=26 8 3 -3 5 6 -4 -7 -2 -9 -11 -6 -13 14 -12 -16 17 28 21 20 22 -18 -19 -23 25 -25 -1 -28 29 -14
right_child=1 2 4 -5 11 7 -8 9 -10 10 13 12 16 -15 15 -17 18 19 -20 -21 -22 23 -24 24 -26 -27 27 -29 -30 -31
leaf_value=0.00091942428652024173 0.039032587033297338 0.029735469745738166 0.012367154908263022 -0.13473419511860069 -0.034102847112504685 -0.064157804690656212 -0.20746579033987864 0.024138988537341356 0.0032994085280819139 -0.029843376903457841 0.015616807712779927 0.038123533106630754 -0.023956384602727161 0.029883562809166809 0.00071700170960115354 -0.039236278679842751 0.024744495875907668 0.075103985116533614 -0.039318373784050342 -0.016112319710850719 0.0037215357708434262 0.024792880603954907 0.030448339934978221 -0.014767936668966128 -0.020635031256662762 0.032911483465383452 0.048706941106780005 0.0067328726420179015 1.9665131039274574e-05 0.012637566064756054
leaf_weight=3524 34 34 35 21 22 20 20 49 375 46 57 20 89 35 45 23 32 22 49 24 26 20 44 22 114 23 21 74 2072 35
leaf_count=3524 34 34 35 21 22 20 20 49 375 46 57 20 89 35 45 23 32 22 49 24 26 20 44 22 114 23 21 74 2072 35
internal_value=-3.29083e-05 -0.00148541 -0.00256016 -0.0342573 -0.00195486 -0.0132075 -0.0697601 -0.00166706 0.00637004 0.00344611 -0.00154466 -0.000527879 -0.000227936 0.006695 0 -0.0130969 -0.000542803 0.000494978 -0.00975676 0.0239337 0.0344951 -0.00271508 0.046307 -0.00776203 -0.0120176 0.00967854 0.00133356 0.0164741 -0.000751186 -0.013569
internal_weight=7027 3408 2999 55 2944 330 55 275 409 255 206 2614 2592 160 125 68 2572 2312 260 116 92 211 66 179 159 45 3619 95 2196 124
internal_count=7027 3408 2999 55 2944 330 55 275 409 255 206 2614 2592 160 125 68 2572 2312 260 116 92 211 66 179 159 45 3619 95 2196 124
is_linear=0
shrinkage=0.05


Tree=186
num_leaves=31
num_cat=0
split_feature=9 11 9 13 3 11 2 6 3 10 3 2 5 13 9 6 1 13 1 11 11 2 3 6 6 11 2 3 10 2
split_gain=5.09113 15.0278 12.2802 16.6195 15.4893 17.674 14.8823 11.5991 16.6282 11.1457 10.7986 10.0681 13.0519 9.62959 19.4568 14.7152 23.1775 20.8646 14.0543 13.5088 20.6838 10.6343 10.5799 11.876 10.4871 11.347 9.50999 20.8091 147.109 16.657
threshold=95.649211004137868 74.151363204731396 33.597978593069435 0.04425005506391063 983.55000000000007 18.335865911275224 -0.19080899537654469 1.0000000180025095e-35 979.1500000000002 39.338016658469748 976.75000000000011 0.6360540003681886 -1.0000000180025095e-35 71.250986442531612 0.46896217981143001 -0.12940952255126037 -0.91702515554752051 0.73794014905877592 -0.078456108245891776 13.748945964406369 35.265651210912964 -0.87032255546191706 987.95000000000016 0.1294095225512602 0.60355339059327384 41.981290369323794 -0.95878322595067711 968.1500000000002 98.765169597812914 -0.90992662233962529
decision_type=2 2 2 2 2 2 2 2 2 2 2 2 2 2 2 2 2 2 2 2 2 2 2 2 2 2 2 2 2 2
left_child=1 2 13 -4 6 -6 7 8 -5 10 -8 12 -11 15 18 -1 17 -17 -15 21 22 -16 23 -21 25 -18 -2 28 -28 -29
right_child=26 -3 3 4 5 -7 9 -9 -10 11 -12 -13 -14 14 19 16 24 -19 -20 20 -22 -23 -24 -25 -26 -27 27 29 -30 -31
leaf_value=0.0039824092550782546 0.0057488777488238982 0.0075118030800459621 0.031461322119475568 -0.016000097891049725 -0.036914177738130091 0.003034501781143653 0.036224905362835638 -0.014962566846317447 -0.067093114487361161 -0.024122515503655781 -0.0033087140973657374 -0.031651667562570977 0.019402987237812745 0.0039771278939830755 -0.0061320921560020555 -0.070710357824961351 -0.0042020045482128792 -0.013068245081634889 -0.054189147404616791 -0.028512692762100524 0.016591858716633844 0.031904708003739311 0.015734242662930716 0.001174165750923219 0.0032665170159156399 -0.027424625551519807 0.038919317841064185 -0.014077084191715508 -0.12311633475422859 -0.00066375920365779699
leaf_weight=892 402 759 28 34 29 358 26 128 31 32 47 46 35 20 22 23 238 48 20 67 194 97 38 66 350 67 31 253 24 2622
leaf_count=892 402 759 28 34 29 358 26 128 31 32 47 46 35 20 22 23 238 48 20 67 194 97 38 66 350 67 31 253 24 2622
internal_value=-3.21214e-05 0.00124501 -0.000375351 -0.00568393 -0.00708749 -3.36062e-05 -0.0142581 -0.0239544 -0.0410907 -0.00409577 0.0110034 -0.0139049 -0.00136082 0.00159184 0.00747624 -0.000314211 -0.00559835 -0.0325332 -0.0255964 0.010267 0.00544769 0.0248385 -0.00718929 -0.0138447 -0.00262592 -0.00939266 -0.00144984 -0.00244084 -0.0326338 -0.00185035
internal_weight=7027 3695 2936 794 766 387 379 193 65 186 73 113 67 2142 524 1618 726 71 40 484 365 119 171 133 655 305 3332 2930 55 2875
internal_count=7027 3695 2936 794 766 387 379 193 65 186 73 113 67 2142 524 1618 726 71 40 484 365 119 171 133 655 305 3332 2930 55 2875
is_linear=0
shrinkage=0.05


Tree=187
num_leaves=31
num_cat=0
split_feature=9 9 0 14 11 10 2 14 11 14 5 0 11 0 0 14 11 0 11 14 14 9 0 2 0 11 5 2 2 11
split_gain=4.85395 18.9975 16.6465 14.3556 29.4183 17.5749 10.8845 13.02 12.0733 10.417 18.4927 10.211 11.1809 10.9268 20.1527 18.6943 16.9138 21.059 13.9111 11.1435 9.56527 22.0811 10.2642 9.5225 11.8532 9.24999 11.426 8.87702 17.0249 11.363
threshold=10.947455176544299 4.233560397867044 12.242037126292926 3.2908965343808636 5.1811022940503957 4.8235753419957765 0.49240481012316878 3.4698703145795204 49.141485414339662 6.8073375181973423 -0.78656609248549303 33.916463513827949 99.124595016582489 12.77720814820737 11.974451615335704 1.6802777548170857 38.438825627692808 11.840658859857095 77.88477974704611 3.0088757590391544 2.5990381056766223 72.639082997253823 10.904109571506813 -0.71322329076259927 12.108244370814317 43.400875181179366 0.78656609248549325 0.32556815445715659 0.38266886095259278 49.977663631885783
decision_type=2 2 2 2 2 2 2 2 2 2 2 2 2 2 2 2 2 2 2 2 2 2 2 2 2 2 2 2 2 2
left_child=1 3 -3 25 5 -5 7 -6 -9 11 -11 13 -13 14 16 23 19 20 -17 -2 21 -18 -22 -16 -25 -1 -27 29 -29 -15
right_child=9 2 -4 4 6 -7 -8 8 -10 10 -12 12 -14 27 15 18 17 -19 -20 -21 22 -23 -24 24 -26 26 -28 28 -30 -31
leaf_value=0.0047558414457251506 -0.008531693989713568 0.0078399102795530078 0.037757739135521953 -0.010515452509915289 -0.044760008567855475 -0.071920308939048216 0.022034829937525698 -0.018911631517765815 0.012494120298193372 -0.015338861006498339 0.039073569928074169 -0.02782300419241622 0.010212996756588972 0.0057463895550972669 -0.035356403799920243 -0.072263953698178132 0.00027487489375759098 0.051973959417505704 -0.022647985901683571 -0.044609860260012887 0.0047659592439354527 -0.052015285756100309 0.035844052831697108 -0.036876797730272463 0.0034377909518497176 -0.0015589121497434004 -0.030459755213931201 0.03171433016517252 0.0027073588946286047 -0.0023958065727350719
leaf_weight=854 216 227 58 21 20 27 36 56 65 24 41 68 26 511 28 23 243 21 39 23 126 21 33 21 105 240 39 52 1142 2621
leaf_count=854 216 227 58 21 20 27 36 56 65 24 41 68 26 511 28 23 243 21 39 23 126 21 33 21 105 240 39 52 1142 2621
internal_value=-3.28432e-05 0.00234442 0.0140567 -0.000118451 -0.0116289 -0.0459206 -0.00209563 -0.0084036 -0.00203566 -0.000759527 0.0189791 -0.0010052 -0.017253 -0.000708694 -0.0057215 -0.0189976 -0.00149398 0.00426997 -0.0419882 -0.0121959 0.0017729 -0.00404629 0.0114311 -0.00949819 -0.0034794 0.00217121 -0.00571103 0.00033296 0.00400031 -0.00106436
internal_weight=7027 1643 285 1358 225 48 177 141 121 5384 65 5319 94 5225 899 216 683 444 62 239 423 264 159 154 126 1133 279 4326 1194 3132
internal_count=7027 1643 285 1358 225 48 177 141 121 5384 65 5319 94 5225 899 216 683 444 62 239 423 264 159 154 126 1133 279 4326 1194 3132
is_linear=0
shrinkage=0.05


Tree=188
num_leaves=31
num_cat=0
split_feature=3 3 1 2 5 0 1 3 3 5 14 0 14 1 3 14 14 0 5 6 8 0 6 3 1 0 0 14 3 1
split_gain=5.13213 215.876 64.3792 160.232 29.8851 19.3206 25.7624 15.3862 31.0981 8.70846 7.46741 12.06 8.32238 9.0258 9.11493 8.22667 10.0367 7.56229 13.4369 16.7848 11.0848 8.66361 11.0502 10.0314 10.3047 15.1572 11.2174 8.63567 23.3818 8.75419
threshold=971.35000000000002 971.45000000000016 -0.74892720285008318 -0.55191596924288666 -0.37940952255126059 34.853012802178228 -0.21643137258081238 968.35000000000002 967.6500000000002 -0.78656609248549303 7.21086607314649 25.219934407718217 0.85049005481195949 -0.99140711019144601 992.95000000000016 1.137248140615454 1.1532562594668236 31.909572181648773 -0.60355339059327362 -0.12940952255126037 0.25000000000000017 16.389612546129879 0.98296291314453421 982.95000000000016 0.52247866957162981 12.509622637250152 4.6158500640120872 3.7898905885935448 972.6500000000002 -0.91702515554752051
decision_type=2 2 2 2 2 2 2 2 2 2 2 2 2 2 2 2 2 2 2 2 2 2 2 2 2 2 2 2 2 2
left_child=2 -2 3 -1 -5 6 7 8 9 -4 12 -12 13 -3 -15 -14 -17 21 19 -19 -20 23 27 24 -18 26 -26 -23 -29 -30
right_child=1 10 5 4 -6 -7 -8 -9 -10 -11 11 -13 15 14 -16 16 17 18 20 -21 -22 22 -24 -25 25 -27 -28 28 29 -31
leaf_value=-0.14698641424300149 -0.14717232421338561 0.022504135546041651 -0.0040564954145388167 0.036599159451091989 -0.027153075579088182 -0.0039399512481416155 0.0030274813388129823 0.017364308552669957 0.08975564289577305 0.040108698431564414 -0.0030829833547717758 0.045922641912880147 -0.0061720359776353271 0.0016363139980280124 0.030409732995820893 0.031903522542367384 -0.0031881311267021001 -0.0012920539546757938 -0.0061271011272360015 -0.050859936067524064 0.024611397688135958 0.003735806244027997 0.023257397972047331 0.0022687419307645183 -0.038616647384173808 -0.036822010138240012 0.0018652613501446626 0.034234898059118175 -0.030575644792616364 -0.0066624344244252806
leaf_weight=23 24 55 21 33 39 228 291 196 24 22 27 22 722 1731 27 23 752 33 261 35 32 1242 63 680 20 60 91 30 49 171
leaf_count=23 24 55 21 33 39 228 291 196 24 22 27 22 722 1731 27 23 752 33 261 35 32 1242 63 680 20 60 91 30 49 171
internal_value=-3.28044e-05 -0.000543947 0.00354245 -0.0350982 0.00209929 0.00828186 0.0133188 0.0246323 0.0452522 0.018824 5.36138e-05 0.0192979 -0.000103884 0.00273197 0.00209811 -0.00131119 -0.000317478 -0.000538497 -0.00738401 -0.0272447 -0.0026807 0.000244541 0.00290401 -0.00233238 -0.00572635 -0.0167761 -0.0056638 0.00202623 -0.00642804 -0.0121254
internal_weight=7027 6150 877 95 72 782 554 263 67 43 6126 49 6077 1813 1758 4264 3542 3519 361 68 293 3158 1555 1603 923 171 111 1492 250 220
internal_count=7027 6150 877 95 72 782 554 263 67 43 6126 49 6077 1813 1758 4264 3542 3519 361 68 293 3158 1555 1603 923 171 111 1492 250 220
is_linear=0
shrinkage=0.05


Tree=189
num_leaves=31
num_cat=0
split_feature=7 2 1 1 9 14 9 9 14 14 6 10 2 14 14 14 9 2 1 0 0 0 2 0 6 9 1 14 1 1
split_gain=5.1555 14.6849 31.5279 107.56 263.704 20.6162 16.2228 14.1978 11.7232 13.0798 11.2251 11.1365 9.45874 9.25597 10.1323 9.20251 22.0348 25.3623 202.51 15.373 16.9615 15.6364 17.8432 17.6836 14.1121 13.4768 11.656 11.3568 10.5932 21.9561
threshold=0.25000000000000011 -0.37460659341591213 -0.71322329076259927 -0.7603770116708749 99.228360544762182 4.5945614875532526 96.468023625455245 99.729209496455837 1.201388086062849 0.32145502536675369 1.0000000180025095e-35 49.842633419621578 -0.77159520228797429 0.50332229568473619 0.80829037686547356 1.4106735979665739 98.964784355244987 -0.89490028524376719 -0.39073112848927366 34.184049024785175 24.952348896760991 25.621312674154051 -0.63605400036818849 31.909572181648773 0.37940952255126048 99.201055709889772 -0.5663846699108962 2.2030282189144113 -0.39073112848927366 -0.29237170472273694
decision_type=2 2 2 2 2 2 2 2 2 2 2 2 2 2 2 2 2 2 2 2 2 2 2 2 2 2 2 2 2 2
left_child=15 2 3 7 -5 8 -7 -2 9 -4 11 -9 -11 -14 -15 16 -1 18 -18 20 -17 -22 24 -24 28 -19 -21 -26 -23 -30
right_child=1 -3 5 4 -6 6 -8 10 -10 12 -12 -13 13 14 -16 19 17 25 -20 26 21 22 23 -25 27 -27 -28 -29 29 -31
leaf_value=0.0031861133255767838 -0.013543261096451532 0.00089621553164057543 -0.01807258598282933 -0.0047110030184998077 -0.22195648826303938 0.0021841405167316013 0.059452662262320516 0.00012159061172734136 -0.0073127854079063749 0.017805934731089174 -0.0046685372386127714 0.048692177152977544 0.027327854917808016 -0.028791692905329371 0.0057161955900723125 0.0027102513333226289 -0.14805589255677273 -0.035955526582323587 -0.0040627003291747272 0.0062645647798378308 0.04686278616956302 0.019650509845338424 0.0053365665348963105 -0.045666739007701046 0.011350683027257523 0.0012966807559738574 -0.014908692511256158 0.044465229531257033 -0.046509845744332541 0.013096679526757688
leaf_weight=1006 222 2439 49 42 20 25 24 22 451 152 71 25 21 36 49 1104 27 25 192 103 34 87 64 22 44 364 172 67 22 46
leaf_count=1006 222 2439 49 42 20 25 24 22 451 152 71 25 21 36 49 1104 27 25 192 103 34 87 64 22 44 364 172 67 22 46
internal_value=-3.18294e-05 -0.00133578 -0.00583968 -0.0172609 -0.0772803 -0.000129785 0.0309621 -0.00610701 -0.00218441 0.0053325 0.00783747 0.0265374 0.00984957 -0.00157262 -0.00900561 0.00137442 -0.00135158 -0.00886079 -0.0224303 0.0038694 0.00587595 0.0148869 0.0116601 -0.00802825 0.0180505 -0.00117065 -0.00696626 0.0316019 0.00817348 -0.00650989
internal_weight=7027 3648 1209 402 62 807 49 340 758 307 118 47 258 106 85 3379 1614 608 219 1765 1490 386 352 86 266 389 275 111 155 68
internal_count=7027 3648 1209 402 62 807 49 340 758 307 118 47 258 106 85 3379 1614 608 219 1765 1490 386 352 86 266 389 275 111 155 68
is_linear=0
shrinkage=0.05


Tree=190
num_leaves=31
num_cat=0
split_feature=7 3 3 3 11 14 14 14 11 0 11 2 14 0 10 3 3 11 3 3 2 2 0 3 10 11 13 14 14 14
split_gain=4.6524 104.266 15.4281 28.3277 19.9698 9.84611 17.0386 142.39 18.3617 14.7375 13.1359 14.1537 12.4211 10.8096 14.8263 10.4236 9.9206 9.7697 9.53216 9.4208 12.0342 9.05382 10.4385 17.6093 14.6276 14.2563 24.9442 11.1538 9.67338 9.27842
threshold=0.25000000000000011 968.55000000000007 968.35000000000002 967.95000000000016 65.816246481390451 1.4106735979665739 0.49328828623154364 0.513160143944699 75.536509659330008 14.784099480386539 82.541563069363534 -0.12186934340514725 1.6010413278031737 35.923354846007115 10.72236375686418 978.35000000000002 970.55000000000007 80.720922229377607 977.55000000000007 971.6500000000002 0.19936034309715231 -0.99809679250719896 31.909572181648773 972.6500000000002 99.084560952209742 62.128464988259211 1.1297130343170796 5.4503822410139433 2.7574142476845491 3.2908965343808636
decision_type=2 2 2 2 2 2 2 2 2 2 2 2 2 2 2 2 2 2 2 2 2 2 2 2 2 2 2 2 2 2
left_child=2 -2 3 -1 -5 6 19 -8 9 -9 12 -12 18 14 -11 17 -16 -10 -7 -4 -21 -14 23 -23 27 26 -26 -25 -24 -28
right_child=1 -3 5 4 -6 10 7 8 15 13 11 -13 21 -15 16 -17 -18 -19 -20 20 -22 22 28 24 25 -27 29 -29 -30 -31
leaf_value=0.0043137390980932944 -0.11236321133517085 -0.00062613707638611794 0.026890347777650904 0.012509190941096419 0.081234639777491499 0.0061282752178171106 -0.1110570421887021 -0.0050846395733716299 -0.046001540997198651 0.043020684624260987 0.011912940515645301 -0.011718799613041078 -0.026997477776237896 -0.00075457747484887797 -0.019874357783600041 0.0038553717401960206 0.015673789522930314 -0.010841459579384635 0.038042233401175705 0.0066513262944643166 -0.030962315148309522 0.013244265366545797 -0.0031565928249106309 0.004359983772895224 0.037253371272236109 -0.043908809061992814 -0.03308239454930683 -0.028488778012937734 -0.02614136530458927 0.002263113512047406
leaf_weight=140 20 3628 51 20 23 84 30 260 20 45 526 71 34 123 22 123 133 413 32 278 22 227 135 332 23 36 52 27 69 28
leaf_count=140 20 3628 51 20 23 84 30 260 20 45 526 71 34 123 22 123 133 413 32 278 22 227 135 332 23 36 52 27 69 28
internal_value=-3.20008e-05 -0.00127073 0.00130384 0.0153835 0.0503937 0.000491528 -0.00241995 -0.00532276 -0.00243847 0.00375252 0.00313486 0.00907921 -0.000154821 0.0108752 0.0180205 -0.00893417 0.0105011 -0.0125793 0.0152248 0.00722126 0.00378268 -0.00202646 -0.00107913 0.00172948 -0.00352524 -0.0172377 -0.00753515 0.0018033 -0.0110448 -0.0207745
internal_weight=7027 3648 3379 183 43 3196 1520 1169 1139 583 1676 597 1079 323 200 556 155 433 116 351 300 963 929 725 498 139 103 359 204 80
internal_count=7027 3648 3379 183 43 3196 1520 1169 1139 583 1676 597 1079 323 200 556 155 433 116 351 300 963 929 725 498 139 103 359 204 80
is_linear=0
shrinkage=0.05


Tree=191
num_leaves=31
num_cat=0
split_feature=9 9 0 3 3 11 0 10 11 0 0 9 5 5 2 5 0 9 3 3 0 2 9 9 1 11 7 0 11 10
split_gain=5.03552 16.7597 15.018 9.98066 40.8676 11.6165 28.447 110.338 176.197 33.3631 22.3753 19.2334 15.9629 14.8904 12.3319 16.2688 20.8769 11.9687 11.4706 10.6002 9.9257 9.7571 11.8621 9.31352 16.6532 10.509 15.9919 14.2059 10.1235 9.68133
threshold=10.947455176544299 4.233560397867044 12.242037126292926 967.6500000000002 968.1500000000002 77.88477974704611 29.501302583033773 99.998024823357142 49.977663631885783 30.571644626862664 24.952348896760991 98.406642980304326 -0.5 -0.70710678118654735 -0.93663652364155492 0.25881904510252091 19.734431433095157 99.998024823357142 974.85000000000002 976.6500000000002 25.086141652239604 -0.90255091666790832 92.692745489228955 93.429480066634895 0.15643446504023095 84.656714070058385 -0.68301270189221897 20.002016944052379 82.902715516720704 87.224018804989868
decision_type=2 2 2 2 2 2 2 2 2 2 2 2 2 2 2 2 2 2 2 2 2 2 2 2 2 2 2 2 2 2
left_child=1 -1 -3 20 -5 6 10 9 -9 -8 14 13 -11 -12 15 16 19 -17 -14 -6 -2 22 -16 24 -7 26 27 -25 -28 -26
right_child=3 2 -4 4 5 23 7 8 -10 12 11 -13 18 -15 21 17 -18 -19 -20 -21 -22 -23 -24 25 29 -27 28 -29 -30 -31
leaf_value=6.8954025740263061e-05 0.045878755600953641 0.0074837629009791842 0.035903555194342164 -0.061266935579478744 0.0039781299668053783 0.01570407322944796 0.043022128517429037 -0.0038472701082455703 -0.1957681544071862 -0.042284757704474034 0.0074135503561600403 0.0041872145402116505 0.022037199354381302 0.061179808755264131 -0.0019852319681085647 -0.0079694432240763786 -0.057929940244389903 0.033187593863062241 -0.022203523047544339 -0.02834046294843709 0.004913542498834432 -0.0025343109905131174 0.03892749555176124 -0.044403354130361394 0.0072057855988526308 -0.0012398772964556282 0.0074174464861603666 0.0018212019074708222 0.028580835606636747 -0.013752186054166836
leaf_weight=1358 21 227 58 27 47 281 35 28 20 31 22 122 31 32 39 75 35 22 26 53 47 1806 31 22 116 1991 179 59 83 103
leaf_count=1358 21 227 58 27 47 281 35 28 20 31 22 122 31 32 39 75 35 22 26 53 47 1806 31 22 116 1991 179 59 83 103
internal_value=-3.185e-05 0.00238949 0.0133902 -0.000771989 -0.00101793 -0.000697895 -0.00321554 -0.0228275 -0.0862796 0.00239016 -0.00173568 0.015336 -0.0140159 0.039899 -0.00316999 -0.0140226 -0.0251832 0.00155752 0.00173613 -0.0132122 0.0181186 -0.00181845 0.0163559 0.00148165 0.00766746 0.000151645 0.00822362 -0.011061 0.0142241 -0.00264614
internal_weight=7027 1643 285 5384 5316 5289 2455 171 48 123 2284 176 88 54 2108 232 135 97 57 100 68 1876 70 2834 500 2334 343 81 262 219
internal_count=7027 1643 285 5384 5316 5289 2455 171 48 123 2284 176 88 54 2108 232 135 97 57 100 68 1876 70 2834 500 2334 343 81 262 219
is_linear=0
shrinkage=0.05


Tree=192
num_leaves=31
num_cat=0
split_feature=3 3 1 3 0 6 14 14 11 14 11 14 11 2 1 0 7 14 14 11 0 11 6 11 14 0 0 6 3 0
split_gain=4.30752 40.271 13.2436 9.35881 5.75339 7.34494 5.39771 6.80516 5.04132 32.1084 27.8352 20.7441 17.838 25.9117 184.284 22.0124 17.1907 16.6005 15.3337 14.2328 13.9826 13.4938 12.9896 19.7101 11.6798 11.6535 23.7988 21.0988 10.915 10.7323
threshold=967.95000000000016 968.1500000000002 -0.60873824923885311 968.35000000000002 25.086141652239604 0.37940952255126048 0.057735026919195194 0.10000000000016591 77.88477974704611 4.2013884299037487 98.761686625146027 3.935098422706091 45.094808292560053 -0.90992662233962529 -0.37460659341591213 12.375829881771539 0.25000000000000011 1.61296422383711 1.7387735140993386 52.244204177691721 30.036473604948217 45.839039232178386 0.37940952255126048 85.684356921407883 1.8289295185359387 36.19094035696434 19.868224188573766 0.60355339059327384 971.55000000000007 31.641986670691555
decision_type=2 2 2 2 2 2 2 2 2 2 2 2 2 2 2 2 2 2 2 2 2 2 2 2 2 2 2 2 2 2
left_child=2 -2 -1 -3 -4 -6 -5 -8 11 -10 22 12 15 14 -14 -9 -12 20 -19 -16 -17 29 23 -11 -20 26 -15 -27 -28 -13
right_child=1 3 4 6 5 -7 7 8 9 10 16 21 13 25 19 17 -18 18 24 -21 -22 -23 -24 -25 -26 27 28 -29 -30 -31
leaf_value=0.045188783165954406 -0.061158321103839966 0.029966773844252417 0.023361948207020762 -0.02026105493278892 -0.011177887046758673 0.018023651586224636 0.024178853042680644 -0.0024934735897032094 0.00015860513200860709 0.023204516251445623 0.020931342560797931 -0.016157092028131176 -0.15034179103405529 -0.0039487256844362361 0.015202683846000582 0.022625105187286082 0.084013766500353818 -0.026754665338349609 0.029971039074123837 -0.012220371790250857 0.0065493349479930317 -0.0018076890742199292 0.029364677623917274 -0.027417028788011524 0.0015579919318832614 -0.049264182075858115 0.035399335633183635 0.0047335233558446939 0.0081745619354701617 -0.050733983820447554
leaf_weight=20 26 25 25 32 75 29 28 892 2705 36 21 195 23 935 63 258 24 43 39 180 288 179 51 39 385 33 42 38 273 25
leaf_count=20 26 25 25 32 75 29 28 892 2705 36 21 195 23 935 63 258 24 43 39 180 288 179 51 39 385 33 42 38 273 25
internal_value=-3.08595e-05 -0.00021434 0.00835043 2.50735e-05 0.00229693 -0.00289343 -8.82114e-05 9.02113e-06 -9.3806e-05 0.00149248 0.02244 -0.00126766 -3.07729e-05 -0.00394616 -0.018154 0.00322876 0.055779 0.0082699 0.00133124 -0.00505703 0.0141822 -0.0120531 0.0101484 -0.00306729 0.00424759 -0.00106988 5.27531e-05 -0.0206302 0.0119209 -0.0203207
internal_weight=7027 6878 149 6852 129 104 6827 6795 6767 2876 171 3891 3492 1587 266 1905 45 1013 467 243 546 399 126 75 424 1321 1250 71 315 220
internal_count=7027 6878 149 6852 129 104 6827 6795 6767 2876 171 3891 3492 1587 266 1905 45 1013 467 243 546 399 126 75 424 1321 1250 71 315 220
is_linear=0
shrinkage=0.05


Tree=193
num_leaves=31
num_cat=0
split_feature=9 11 14 2 14 14 9 13 9 10 11 10 13 8 14 11 14 11 10 9 6 9 2 9 10 11 14 9 5 2
split_gain=4.84737 14.3934 15.0652 17.2852 13.2825 11.0131 14.0774 19.4018 13.7086 13.1812 19.8137 13.5639 11.4514 11.3623 16.1153 12.7809 10.9186 25.0736 16.082 10.5637 9.8265 10.2028 9.68847 12.0651 12.7449 11.5401 9.53298 11.3759 11.4649 9.19268
threshold=96.329961946637354 90.261910086359975 1.8147543451755144 -0.18222858652173743 6.8073375181973423 1.6502525059315416 10.947455176544299 86.449286421636828 4.7761044420922465 21.644989309223028 19.208511065939792 4.8235753419957765 74.868000847569036 0.25000000000000017 2.3629078131262928 65.538172084332032 3.2908965343808636 5.1811022940503957 4.8235753419957765 96.588803728934607 -0.70710678118654757 35.62552890117427 0.49240481012316878 1.0000000180025095e-35 70.902678085836172 33.634077408571464 3.1358142149942365 68.490413883127289 0.25881904510252091 -0.78257835753184624
decision_type=2 2 2 2 2 2 2 2 2 2 2 2 2 2 2 2 2 2 2 2 2 2 2 2 2 2 2 2 2 2
left_child=1 5 -3 -4 19 -1 8 20 16 10 -9 -12 -10 14 15 -11 -7 18 -18 -2 21 -8 23 24 -19 -25 -16 28 -28 -22
right_child=4 2 3 -5 -6 6 7 9 12 13 11 -13 -14 -15 26 -17 17 22 -20 -21 29 -23 -24 25 -26 -27 27 -29 -30 -31
leaf_value=0.00273682612763026 -0.02839304011365449 0.003499959697643214 0.04609286264050752 0.0037145394671560181 0.02614724699277864 0.0033467673077665809 3.2778762118971864e-05 0.035987977805946557 0.002677339181973366 -0.057047007346590017 -0.031048161651453243 0.0082690766897229925 0.03404220726899803 -0.0048475111865748967 0.0019999447887839405 -0.013330510752275588 -0.007986257624473761 0.025197375700587318 -0.066596494631043501 -0.0015097705182789596 -0.02303135192591925 0.035331353694200512 0.021475284212596112 -0.042139881806283752 -0.022504144910545577 -0.003679868433003624 -0.019915130300129331 0.0054941805113445626 -0.065952191217379136 0.0015363458153956077
leaf_weight=2004 36 183 55 43 42 456 45 27 63 57 45 41 54 83 48 25 21 41 27 3159 48 37 36 33 20 47 40 21 21 169
leaf_count=2004 36 183 55 43 42 456 45 27 63 57 45 41 54 83 48 25 21 41 27 3159 48 37 36 33 20 47 40 21 21 169
internal_value=-2.91822e-05 0.00118359 0.0120519 0.0277741 -0.00145061 0.00030865 -0.00292097 -0.00805455 0.00162534 -0.0151329 -0.000554832 -0.0123668 0.0173616 -0.0206794 -0.0268024 -0.0441002 -0.00109242 -0.0100863 -0.0417428 -0.00182303 0.00160581 0.0162542 -0.00128709 -0.00724427 0.00936617 -0.0199307 -0.0156 -0.0258626 -0.0366527 -0.00395577
internal_weight=7027 3790 281 98 3237 3509 1505 707 798 408 113 86 117 295 212 82 681 225 48 3195 299 82 177 141 61 80 130 82 61 217
internal_count=7027 3790 281 98 3237 3509 1505 707 798 408 113 86 117 295 212 82 681 225 48 3195 299 82 177 141 61 80 130 82 61 217
is_linear=0
shrinkage=0.05


Tree=194
num_leaves=31
num_cat=0
split_feature=7 3 3 3 11 2 1 5 10 11 11 0 11 6 11 1 5 11 0 3 11 11 5 1 6 2 2 3 11 11
split_gain=4.44658 95.4368 14.0511 28.2853 18.2345 8.64961 33.4622 192.916 11.682 9.72536 10.4882 9.10637 9.49534 22.6409 11.632 10.1279 12.436 10.2207 9.57201 8.46623 8.43423 8.25558 7.92602 7.84062 7.58503 9.1866 17.2796 9.25947 7.89565 13.8406
threshold=0.25000000000000011 968.55000000000007 968.35000000000002 967.95000000000016 65.816246481390451 -0.89490028524376719 -0.39073112848927366 0.78656609248549325 60.252061254985527 99.757598723628575 88.968612655204211 6.2213631297554217 93.048950055398564 -0.78656609248549325 97.634271771531374 -0.55191596924288666 0.25881904510252091 98.909032873808783 16.924783568044322 977.85000000000002 82.541563069363534 86.568900636777627 1.0000000180025095e-35 -0.74892720285008318 -0.78656609248549325 0.32556815445715659 0.36648727148060622 972.1500000000002 99.446676112246038 99.586035682146345
decision_type=2 2 2 2 2 2 2 2 2 2 2 2 2 2 2 2 2 2 2 2 2 2 2 2 2 2 2 2 2 2
left_child=2 -2 3 -1 -5 6 7 8 -4 10 21 22 20 15 18 17 -17 -14 -15 -16 -13 -8 -7 -19 -3 27 -27 -26 -28 -30
right_child=1 24 5 4 -6 11 9 -9 -10 -11 -12 12 13 14 19 16 -18 23 -20 -21 -22 -23 -24 -25 25 26 28 -29 29 -31
leaf_value=0.0036582385107597456 -0.10752430382051639 0.0038168269410766942 0.02971614356745373 0.013388545131754311 0.079184781419656555 -0.023831903350951731 -0.0017809257156916219 -0.14860497911818901 -0.0074168559239577436 -0.033629656888189773 0.0089024441374246695 0.0036016288730095591 0.011039607875487384 -0.043537060263651339 0.0022498054648430496 -0.010329775888295402 -0.064670899001260593 -0.038111548330102649 -0.0034917111390707447 0.019914737642687912 0.014413622976744204 -0.032386796970284827 0.0027494949876115875 0.00085122821586472658 0.014806139561973634 0.037679831202840436 0.001580970265636545 -0.005041938298500824 -0.049382180635418209 -0.0028042731925413227
leaf_weight=140 20 759 32 20 23 60 548 25 58 20 271 1274 33 21 342 20 23 34 48 84 210 22 51 20 60 31 1135 1555 20 68
leaf_count=140 20 759 32 20 23 60 548 25 58 20 271 1274 33 21 342 20 23 34 48 84 210 22 51 20 60 31 1135 1555 20 68
internal_value=-2.85085e-05 -0.00123954 0.00127743 0.0147142 0.0496953 0.000502134 -0.00341666 -0.0286266 0.00591251 -1.43649e-05 0.0008181 0.002228 0.00296643 -0.00219518 0.00268251 -0.0206848 -0.0403188 -0.0105759 -0.0161987 0.00578322 0.00514367 -0.00302561 -0.0116587 -0.0238369 -0.000622782 -0.00179995 0.00140734 -0.00429275 0.000453808 -0.0138823
internal_weight=7027 3648 3379 183 43 3196 976 115 90 861 841 2220 2109 625 495 130 43 87 69 426 1484 570 111 54 3628 2869 1254 1615 1223 88
internal_count=7027 3648 3379 183 43 3196 976 115 90 861 841 2220 2109 625 495 130 43 87 69 426 1484 570 111 54 3628 2869 1254 1615 1223 88
is_linear=0
shrinkage=0.05


Tree=195
num_leaves=31
num_cat=0
split_feature=9 9 0 14 11 10 10 9 10 0 0 0 11 0 14 9 14 14 9 0 14 0 2 10 10 9 0 9 8 14
split_gain=4.37629 14.2586 12.2834 10.0486 22.6606 14.7252 9.14976 8.70472 9.37383 9.34783 8.08105 19.1374 15.5997 18.7024 15.3554 12.5126 9.83764 8.93113 17.0489 11.2072 10.0016 8.30603 10.3696 8.15304 16.799 14.3719 16.8953 13.3169 45.0591 142.522
threshold=10.947455176544299 4.233560397867044 12.242037126292926 3.2908965343808636 5.1811022940503957 4.8235753419957765 99.918604776024935 1.0000000180025095e-35 45.485928672372999 17.326161834480157 12.77720814820737 11.974451615335704 38.438825627692808 11.840658859857095 1.6802777548170857 59.007192305190763 3.0088757590391544 2.6501572280401002 79.018189528772538 10.101353038635148 4.6877497203106646 12.108244370814317 -0.71322329076259927 44.672758545447444 30.288245895967155 45.943643654129026 14.248928458472095 99.998024823357142 -0.68301270189221952 0.50332229568473619
decision_type=2 2 2 2 2 2 2 2 2 2 2 2 2 2 2 2 2 2 2 2 2 2 2 2 2 2 2 2 2 2
left_child=1 3 -3 -1 5 -5 7 9 -9 -6 11 12 16 17 21 -16 -2 18 -14 20 -19 -13 -23 24 -12 -26 -27 -25 29 -29
right_child=10 2 -4 4 6 -7 -8 8 -10 -11 23 14 13 -15 15 -17 -18 19 -20 -21 -22 22 -24 27 25 26 -28 28 -30 -31
leaf_value=0.0020094577185145409 -0.007838643942702098 0.0070286507471852624 0.032739581939274981 -0.0073360777324573568 -0.0070879440337419516 -0.063411843366920947 -0.024963724846867 -0.018939305217246766 0.017126452899710449 0.031465655714273448 0.0011309056164929263 -0.03449877286950747 0.00041911073634034302 0.04944219259375876 -0.068400149115401765 -0.021188686993860062 -0.041737765961637099 0.010941925444272591 -0.044524115473031999 0.028631265866647784 -0.023563648910614951 -0.033544760728254915 0.0028353802093638567 0.0012687253699523126 0.053367430455982683 -0.030280390633713634 0.017635508934254664 -0.12872798833929536 0.0009980055813368716 -0.011046249253249924
leaf_weight=1133 216 227 58 21 24 27 32 53 26 42 1225 26 253 21 22 41 23 75 22 59 28 23 105 1903 23 20 148 27 801 323
leaf_count=1133 216 227 58 21 24 27 32 53 26 42 1225 26 253 21 22 41 23 75 22 59 28 23 105 1903 23 20 148 27 801 323
internal_value=-2.93241e-05 0.00222791 0.0123747 8.72061e-05 -0.00953634 -0.0396311 -0.00117015 0.00418162 -0.00694135 0.017475 -0.000719363 -0.00500062 -0.000947633 0.00444716 -0.0179317 -0.0385645 -0.0112821 0.00216556 -0.00330652 0.0114486 0.00137731 -0.00926446 -0.00387228 0.000155848 0.00329154 0.0170449 0.0117562 -0.00129699 -0.00554077 -0.0204797
internal_weight=7027 1643 285 1358 225 48 177 145 79 66 5384 914 697 458 217 63 239 437 275 162 103 154 128 4470 1416 191 168 3054 1151 350
internal_count=7027 1643 285 1358 225 48 177 145 79 66 5384 914 697 458 217 63 239 437 275 162 103 154 128 4470 1416 191 168 3054 1151 350
is_linear=0
shrinkage=0.05


Tree=196
num_leaves=31
num_cat=0
split_feature=3 3 1 3 9 6 0 9 0 1 0 0 6 7 11 11 5 3 1 9 13 11 0 0 0 9 0 11 0 0
split_gain=4.34556 37.8568 13.0511 7.69322 7.64406 6.94958 4.82286 9.34913 12.9331 12.4038 9.16932 8.18036 8.14251 8.19021 6.79129 11.9392 10.0049 9.27454 6.74066 18.2683 12.3175 11.9268 9.27669 11.7976 6.66257 6.48277 9.73925 6.48829 6.27475 58.7627
threshold=967.95000000000016 968.1500000000002 -0.60873824923885311 968.35000000000002 1.2254375582269625 -0.37940952255126015 36.19094035696434 10.947455176544299 9.4323892612420916 -0.63605400036818838 37.528867911750446 9.6999747721993135 1.0000000180025095e-35 0.25000000000000011 82.541563069363534 19.208511065939792 0.12940952255126045 975.25000000000011 -0.10452846326765344 0.46896217981143001 94.798390353760212 0.80592788309186747 13.71375743655765 33.11370698095628 25.621312674154051 46.652563988099317 7.8268761954987562 23.877690985314015 29.501302583033773 29.768888093990999
decision_type=2 2 2 2 2 2 2 2 2 2 2 2 2 2 2 2 2 2 2 2 2 2 2 2 2 2 2 2 2 2
left_child=2 -2 -1 -3 -4 -6 7 8 -5 12 -8 25 -10 -14 15 -12 -17 -18 21 20 -20 -11 -23 -24 -15 27 -27 -9 -13 -30
right_child=1 3 4 6 5 -7 10 11 9 18 14 28 13 24 -16 16 17 -19 19 -21 -22 22 23 -25 -26 26 -28 -29 29 -31
leaf_value=0.044958708385626475 -0.059303329339319914 0.027164743524761156 -0.012018144355081153 -0.00098974545344804668 -0.0041459531251873292 0.025887891625942183 -0.018472690858944048 -0.020734735278690117 0.0098405013678540647 0.0030823716994953054 0.0036704081274083443 0.00038871515275997761 0.0033436041123544175 -0.0055793722711503513 0.020287961944034608 -0.029298730341860882 0.011341808482842601 -0.026988639336389803 0.0034565960256538043 0.01809601307636044 -0.04657316204692636 0.011943893354593053 0.05906579259436491 0.019508532015116594 -0.043003351452946662 -0.043762177045146622 -0.0057348362619920479 0.00042550852495560032 -0.072260101382290165 -0.00060010989052168833
leaf_weight=20 26 25 53 552 34 42 98 46 101 57 221 4556 53 24 32 64 45 23 29 131 20 44 42 37 24 29 40 156 30 373
leaf_count=20 26 25 53 552 34 42 98 46 101 57 221 4556 53 24 32 64 45 23 29 131 20 44 42 37 24 29 40 156 30 373
internal_value=-3.00638e-05 -0.00021435 0.00838816 1.77554e-05 0.00237762 0.0125074 -8.48866e-05 0.000281368 0.00443868 0.00977169 -0.00489646 -0.000603871 -0.000124544 -0.0101374 -0.00138883 -0.00341975 -0.0152663 -0.00175368 0.0153234 0.00836649 -0.0173868 0.022168 0.030876 0.0410769 -0.0248891 -0.00904677 -0.0221856 -0.00444693 -0.000139744 -0.00611263
internal_weight=7027 6878 149 6852 129 76 6827 6344 1114 562 483 5230 202 101 385 353 132 68 360 180 49 180 123 79 48 271 69 202 4959 403
internal_count=7027 6878 149 6852 129 76 6827 6344 1114 562 483 5230 202 101 385 353 132 68 360 180 49 180 123 79 48 271 69 202 4959 403
is_linear=0
shrinkage=0.05


end of trees

feature_importances:
wind_speed_hub=1717
wind_speed_std_3h=977
lag_1h_generation=769
rolling_mean_6h=628
pressure=425
wind_dir_cos=253
power_curve_estimate=235
hour_cos=221
wind_dir_sin=211
lag_24h_generation=197
hour_sin=172
month_sin=56
month_cos=49

parameters:
[boosting: gbdt]
[objective: regression]
[metric: l1]
[tree_learner: serial]
[device_type: cpu]
[data_sample_strategy: bagging]
[data: ]
[valid: ]
[num_iterations: 500]
[learning_rate: 0.05]
[num_leaves: 31]
[num_threads: 4]
[seed: 42]
[deterministic: 0]
[force_col_wise: 0]
[force_row_wise: 0]
[histogram_pool_size: -1]
[max_depth: -1]
[min_data_in_leaf: 20]
[min_sum_hessian_in_leaf: 0.001]
[bagging_fraction: 0.8]
[pos_bagging_fraction: 1]
[neg_bagging_fraction: 1]
[bagging_freq: 0]
[bagging_seed: 400]
[bagging_by_query: 0]
[feature_fraction: 0.8]
[feature_fraction_bynode: 1]
[feature_fraction_seed: 30056]
[extra_trees: 0]
[extra_seed: 12879]
[early_stopping_round: 0]
[early_stopping_min_delta: 0]
[first_metric_only: 0]
[max_delta_step: 0]
[lambda_l1: 0.1]
[lambda_l2: 1]
[linear_lambda: 0]
[min_gain_to_split: 0]
[drop_rate: 0.1]
[max_drop: 50]
[skip_drop: 0.5]
[xgboost_dart_mode: 0]
[uniform_drop: 0]
[drop_seed: 17869]
[top_rate: 0.2]
[other_rate: 0.1]
[min_data_per_group: 100]
[max_cat_threshold: 32]
[cat_l2: 10]
[cat_smooth: 10]
[max_cat_to_onehot: 4]
[top_k: 20]
[monotone_constraints: ]
[monotone_constraints_method: basic]
[monotone_penalty: 0]
[feature_contri: ]
[forcedsplits_filename: ]
[refit_decay_rate: 0.9]
[cegb_tradeoff: 1]
[cegb_penalty_split: 0]
[cegb_penalty_feature_lazy: ]
[cegb_penalty_feature_coupled: ]
[path_smooth: 0]
[interaction_constraints: ]
[verbosity: -1]
[saved_feature_importance_type: 0]
[use_quantized_grad: 0]
[num_grad_quant_bins: 4]
[quant_train_renew_leaf: 0]
[stochastic_rounding: 1]
[linear_tree: 0]
[max_bin: 255]
[max_bin_by_feature: ]
[min_data_in_bin: 3]
[bin_construct_sample_cnt: 200000]
[data_random_seed: 175]
[is_enable_sparse: 1]
[enable_bundle: 1]
[use_missing: 1]
[zero_as_missing: 0]
[feature_pre_filter: 1]
[pre_partition: 0]
[two_round: 0]
[header: 0]
[label_column: ]
[weight_column: ]
[group_column: ]
[ignore_column: ]
[categorical_feature: ]
[forcedbins_filename: ]
[precise_float_parser: 0]
[parser_config_file: ]
[objective_seed: 16083]
[num_class: 1]
[is_unbalance: 0]
[scale_pos_weight: 1]
[sigmoid: 1]
[boost_from_average: 1]
[reg_sqrt: 0]
[alpha: 0.9]
[fair_c: 1]
[poisson_max_delta_step: 0.7]
[tweedie_variance_power: 1.5]
[lambdarank_truncation_level: 30]
[lambdarank_norm: 1]
[label_gain: ]
[lambdarank_position_bias_regularization: 0]
[eval_at: ]
[multi_error_top_k: 1]
[auc_mu_weights: ]
[num_machines: 1]
[local_listen_port: 12400]
[time_out: 120]
[machine_list_filename: ]
[machines: ]
[gpu_platform_id: -1]
[gpu_device_id: -1]
[gpu_device_id_list: ]
[gpu_use_dp: 0]
[num_gpu: 1]

end of parameters

pandas_categorical:[]
