timestamp,ghi,dni,dhi,temp_air,wind_speed,wind_direction,humidity,cloud_cover,pressure,capacity_kw,latitude,longitude,generation_kw
2024-01-01 00:00:00+05:30,0.0,0.0,0.0,24.1,9.4,50.0,79.0,74.0,1013.5,100,13.0827,80.275,0.0
2024-01-01 01:00:00+05:30,0.0,0.0,0.0,23.8,8.9,47.0,81.0,92.0,1012.9,100,13.0827,80.275,0.0
2024-01-01 02:00:00+05:30,0.0,0.0,0.0,23.7,8.7,42.0,81.0,93.0,1012.5,100,13.0827,80.275,0.0
2024-01-01 03:00:00+05:30,0.0,0.0,0.0,23.7,9.2,31.0,81.0,79.0,1012.1,100,13.0827,80.275,0.0
2024-01-01 04:00:00+05:30,0.0,0.0,0.0,23.5,9.8,24.0,82.0,78.0,1012.2,100,13.0827,80.275,0.0
2024-01-01 05:00:00+05:30,0.0,0.0,0.0,22.9,8.6,15.0,85.0,82.0,1012.7,100,13.0827,80.275,0.0
2024-01-01 06:00:00+05:30,0.0,0.0,0.0,23.1,7.9,344.0,84.0,100.0,1013.9,100,13.0827,80.275,0.0
2024-01-01 07:00:00+05:30,53.0,193.8,28.0,23.9,9.3,344.0,83.0,99.0,1014.8,100,13.0827,80.275,6.766343243413897
2024-01-01 08:00:00+05:30,244.0,505.3,84.0,25.7,9.7,358.0,77.0,91.0,1015.5,100,13.0827,80.275,29.873861774351838
2024-01-01 09:00:00+05:30,442.0,620.9,126.0,27.2,10.2,32.0,63.0,16.0,1015.8,100,13.0827,80.275,50.15551707282066
2024-01-01 10:00:00+05:30,598.0,660.1,162.0,28.0,11.5,46.0,60.0,15.0,1015.4,100,13.0827,80.275,65.23609619285412
2024-01-01 11:00:00+05:30,721.0,702.9,186.0,28.5,12.3,52.0,58.0,9.0,1014.6,100,13.0827,80.275,75.01205813311886
2024-01-01 12:00:00+05:30,787.0,771.3,167.0,28.7,14.0,48.0,57.0,42.0,1013.5,100,13.0827,80.275,81.63240159144726
2024-01-01 13:00:00+05:30,732.0,686.0,193.0,28.4,16.6,49.0,58.0,70.0,1012.4,100,13.0827,80.275,76.28605168432905
2024-01-01 14:00:00+05:30,662.0,710.3,159.0,28.0,17.1,48.0,60.0,50.0,1011.5,100,13.0827,80.275,71.33237300821011
2024-01-01 15:00:00+05:30,503.0,633.5,138.0,27.4,16.1,50.0,61.0,80.0,1011.4,100,13.0827,80.275,55.243254188789315
2024-01-01 16:00:00+05:30,316.0,531.3,104.0,26.6,15.9,51.0,62.0,49.0,1011.4,100,13.0827,80.275,37.7720088415996
2024-01-01 17:00:00+05:30,125.0,376.4,54.0,25.7,12.0,51.0,65.0,3.0,1011.9,100,13.0827,80.275,16.950943556566326
2024-01-01 18:00:00+05:30,5.0,16.3,4.0,25.4,12.5,51.0,70.0,27.0,1012.8,100,13.0827,80.275,0.0
2024-01-01 19:00:00+05:30,0.0,0.0,0.0,25.2,13.0,51.0,71.0,87.0,1014.1,100,13.0827,80.275,0.0
2024-01-01 20:00:00+05:30,0.0,0.0,0.0,25.1,12.8,52.0,72.0,13.0,1014.7,100,13.0827,80.275,0.0
2024-01-01 21:00:00+05:30,0.0,0.0,0.0,24.9,10.5,49.0,72.0,17.0,1015.0,100,13.0827,80.275,0.0
2024-01-01 22:00:00+05:30,0.0,0.0,0.0,24.6,8.9,47.0,74.0,37.0,1014.6,100,13.0827,80.275,0.0
2024-01-01 23:00:00+05:30,0.0,0.0,0.0,24.5,10.7,48.0,74.0,68.0,1013.9,100,13.0827,80.275,0.0
2024-01-02 00:00:00+05:30,0.0,0.0,0.0,24.4,10.0,49.0,74.0,95.0,1013.2,100,13.0827,80.275,0.0
2024-01-02 01:00:00+05:30,0.0,0.0,0.0,24.1,9.4,47.0,76.0,100.0,1012.5,100,13.0827,80.275,0.0
2024-01-02 02:00:00+05:30,0.0,0.0,0.0,23.9,9.2,39.0,77.0,100.0,1011.7,100,13.0827,80.275,0.0
2024-01-02 03:00:00+05:30,0.0,0.0,0.0,23.6,8.5,36.0,79.0,94.0,1011.4,100,13.0827,80.275,0.0
2024-01-02 04:00:00+05:30,0.0,0.0,0.0,23.5,8.1,32.0,79.0,68.0,1011.7,100,13.0827,80.275,0.0
2024-01-02 05:00:00+05:30,0.0,0.0,0.0,23.1,7.2,27.0,81.0,63.0,1012.2,100,13.0827,80.275,0.0
2024-01-02 06:00:00+05:30,0.0,0.0,0.0,23.0,6.5,360.0,82.0,100.0,1012.7,100,13.0827,80.275,0.0
2024-01-02 07:00:00+05:30,48.0,77.9,38.0,24.3,7.6,360.0,78.0,96.0,1013.6,100,13.0827,80.275,4.826345136812833
2024-01-02 08:00:00+05:30,141.0,126.8,101.0,26.0,6.9,28.0,73.0,99.0,1014.2,100,13.0827,80.275,14.6205726089581
2024-01-02 09:00:00+05:30,349.0,299.1,197.0,27.6,11.8,52.0,62.0,100.0,1014.7,100,13.0827,80.275,35.763022662890414
2024-01-02 10:00:00+05:30,236.0,13.6,227.0,27.2,13.9,59.0,62.0,100.0,1014.3,100,13.0827,80.275,20.32919334107
2024-01-02 11:00:00+05:30,317.0,106.4,236.0,27.4,13.6,58.0,63.0,100.0,1013.7,100,13.0827,80.275,29.114254728732874
2024-01-02 12:00:00+05:30,483.0,201.4,321.0,27.8,13.1,53.0,61.0,99.0,1012.5,100,13.0827,80.275,45.199836700810856
2024-01-02 13:00:00+05:30,458.0,186.8,311.0,27.8,13.8,57.0,60.0,100.0,1011.4,100,13.0827,80.275,43.07621190807818
2024-01-02 14:00:00+05:30,189.0,0.0,189.0,26.8,16.5,58.0,63.0,100.0,1010.8,100,13.0827,80.275,15.98473330565777
2024-01-02 15:00:00+05:30,245.0,117.6,177.0,26.7,15.3,56.0,65.0,100.0,1010.8,100,13.0827,80.275,22.699251370732306
2024-01-02 16:00:00+05:30,233.0,239.3,137.0,26.6,14.3,51.0,65.0,79.0,1011.0,100,13.0827,80.275,24.9186245796429
2024-01-02 17:00:00+05:30,109.0,235.7,64.0,26.0,11.0,52.0,66.0,46.0,1011.3,100,13.0827,80.275,13.487875883195034
2024-01-02 18:00:00+05:30,5.0,16.0,4.0,25.9,10.7,45.0,67.0,61.0,1012.2,100,13.0827,80.275,0.0
2024-01-02 19:00:00+05:30,0.0,0.0,0.0,25.5,12.2,47.0,71.0,54.0,1013.3,100,13.0827,80.275,0.0
2024-01-02 20:00:00+05:30,0.0,0.0,0.0,25.2,8.9,43.0,72.0,99.0,1013.9,100,13.0827,80.275,0.0
2024-01-02 21:00:00+05:30,0.0,0.0,0.0,25.6,11.2,50.0,70.0,100.0,1014.2,100,13.0827,80.275,0.0
2024-01-02 22:00:00+05:30,0.0,0.0,0.0,25.8,12.4,54.0,69.0,97.0,1013.9,100,13.0827,80.275,0.0
2024-01-02 23:00:00+05:30,0.0,0.0,0.0,25.7,12.3,50.0,69.0,97.0,1013.2,100,13.0827,80.275,0.0
2024-01-03 00:00:00+05:30,0.0,0.0,0.0,25.6,11.5,51.0,69.0,38.0,1012.8,100,13.0827,80.275,0.0
2024-01-03 01:00:00+05:30,0.0,0.0,0.0,25.1,11.5,51.0,72.0,22.0,1011.9,100,13.0827,80.275,0.0
2024-01-03 02:00:00+05:30,0.0,0.0,0.0,24.6,10.4,46.0,74.0,13.0,1011.1,100,13.0827,80.275,0.0
2024-01-03 03:00:00+05:30,0.0,0.0,0.0,24.2,7.9,43.0,76.0,16.0,1010.9,100,13.0827,80.275,0.0
2024-01-03 04:00:00+05:30,0.0,0.0,0.0,23.8,6.9,43.0,78.0,29.0,1011.1,100,13.0827,80.275,0.0
2024-01-03 05:00:00+05:30,0.0,0.0,0.0,23.8,7.0,55.0,78.0,30.0,1011.4,100,13.0827,80.275,0.0
2024-01-03 06:00:00+05:30,0.0,0.0,0.0,23.7,6.1,3.0,79.0,52.0,1012.0,100,13.0827,80.275,0.0
2024-01-03 07:00:00+05:30,43.0,117.5,28.0,25.1,7.4,39.0,76.0,84.0,1012.9,100,13.0827,80.275,4.84416625092189
2024-01-03 08:00:00+05:30,178.0,257.6,97.0,26.6,13.1,58.0,66.0,97.0,1013.9,100,13.0827,80.275,19.79248089125764
2024-01-03 09:00:00+05:30,288.0,206.9,183.0,26.9,15.9,62.0,66.0,97.0,1014.2,100,13.0827,80.275,29.346219772197983
2024-01-03 10:00:00+05:30,439.0,306.0,237.0,27.2,15.8,66.0,66.0,92.0,1014.4,100,13.0827,80.275,44.0962971767656
2024-01-03 11:00:00+05:30,381.0,151.0,266.0,27.2,15.0,63.0,65.0,85.0,1013.9,100,13.0827,80.275,36.11087905968023
2024-01-03 12:00:00+05:30,527.0,264.5,314.0,28.0,15.6,64.0,61.0,70.0,1012.5,100,13.0827,80.275,51.742851532158305
2024-01-03 13:00:00+05:30,531.0,293.0,300.0,28.0,16.6,66.0,61.0,40.0,1011.4,100,13.0827,80.275,52.31101044926642
2024-01-03 14:00:00+05:30,585.0,534.1,205.0,28.2,16.9,66.0,59.0,20.0,1010.8,100,13.0827,80.275,63.16529947085963
2024-01-03 15:00:00+05:30,385.0,406.7,149.0,27.8,16.4,64.0,60.0,15.0,1010.5,100,13.0827,80.275,43.55921763502344
2024-01-03 16:00:00+05:30,248.0,344.5,109.0,27.2,16.4,64.0,61.0,29.0,1010.4,100,13.0827,80.275,28.373607775477186
2024-01-03 17:00:00+05:30,120.0,305.4,61.0,26.6,13.7,60.0,63.0,49.0,1010.9,100,13.0827,80.275,15.091398982765574
2024-01-03 18:00:00+05:30,5.0,0.0,5.0,26.5,14.0,72.0,69.0,98.0,1011.1,100,13.0827,80.275,0.0
2024-01-03 19:00:00+05:30,0.0,0.0,0.0,26.3,14.7,79.0,70.0,97.0,1011.7,100,13.0827,80.275,0.0
2024-01-03 20:00:00+05:30,0.0,0.0,0.0,26.3,14.6,81.0,70.0,95.0,1012.3,100,13.0827,80.275,0.0
2024-01-03 21:00:00+05:30,0.0,0.0,0.0,25.9,13.9,80.0,72.0,99.0,1012.6,100,13.0827,80.275,0.0
2024-01-03 22:00:00+05:30,0.0,0.0,0.0,25.8,13.2,79.0,73.0,84.0,1012.4,100,13.0827,80.275,0.0
2024-01-03 23:00:00+05:30,0.0,0.0,0.0,25.7,12.0,74.0,73.0,36.0,1012.1,100,13.0827,80.275,0.0
2024-01-04 00:00:00+05:30,0.0,0.0,0.0,25.3,10.6,72.0,75.0,98.0,1011.6,100,13.0827,80.275,0.0
2024-01-04 01:00:00+05:30,0.0,0.0,0.0,25.5,10.2,82.0,74.0,55.0,1011.3,100,13.0827,80.275,0.0
2024-01-04 02:00:00+05:30,0.0,0.0,0.0,25.1,8.6,90.0,77.0,88.0,1010.8,100,13.0827,80.275,0.0
2024-01-04 03:00:00+05:30,0.0,0.0,0.0,25.0,7.6,82.0,78.0,77.0,1010.7,100,13.0827,80.275,0.0
2024-01-04 04:00:00+05:30,0.0,0.0,0.0,24.9,9.1,72.0,78.0,36.0,1010.9,100,13.0827,80.275,0.0
2024-01-04 05:00:00+05:30,0.0,0.0,0.0,24.7,8.8,55.0,78.0,100.0,1011.5,100,13.0827,80.275,0.0
2024-01-04 06:00:00+05:30,0.0,0.0,0.0,25.2,7.1,66.0,79.0,92.0,1012.3,100,13.0827,80.275,0.0
2024-01-04 07:00:00+05:30,45.0,149.5,26.0,25.9,9.7,63.0,77.0,90.0,1013.2,100,13.0827,80.275,5.176610074679735
2024-01-04 08:00:00+05:30,202.0,367.0,87.0,27.1,11.1,65.0,69.0,90.0,1013.9,100,13.0827,80.275,24.1365568780697
2024-01-04 09:00:00+05:30,324.0,325.5,159.0,28.0,13.1,69.0,63.0,68.0,1014.0,100,13.0827,80.275,34.801123871531345
2024-01-04 10:00:00+05:30,550.0,581.9,166.0,28.8,17.0,73.0,60.0,94.0,1013.8,100,13.0827,80.275,58.852386183189104
2024-01-04 11:00:00+05:30,651.0,591.8,200.0,29.0,18.0,74.0,59.0,87.0,1013.1,100,13.0827,80.275,67.08481532005592
2024-01-04 12:00:00+05:30,633.0,488.6,239.0,28.6,19.4,72.0,60.0,94.0,1012.0,100,13.0827,80.275,63.59598596148115
2024-01-04 13:00:00+05:30,559.0,393.8,248.0,27.6,18.2,76.0,67.0,93.0,1011.0,100,13.0827,80.275,56.185800918865425
2024-01-04 14:00:00+05:30,516.0,365.9,255.0,27.5,18.4,64.0,67.0,95.0,1010.4,100,13.0827,80.275,53.09182347300627
2024-01-04 15:00:00+05:30,358.0,353.8,152.0,26.6,16.5,58.0,71.0,100.0,1010.3,100,13.0827,80.275,36.87168102953057
2024-01-04 16:00:00+05:30,167.0,113.4,121.0,26.4,18.7,60.0,70.0,100.0,1010.4,100,13.0827,80.275,16.30486805634109
2024-01-04 17:00:00+05:30,57.0,51.1,47.0,26.2,17.4,60.0,70.0,100.0,1010.8,100,13.0827,80.275,5.387150366374096
2024-01-04 18:00:00+05:30,4.0,0.0,4.0,25.6,12.7,61.0,75.0,100.0,1011.6,100,13.0827,80.275,0.0
2024-01-04 19:00:00+05:30,0.0,0.0,0.0,25.8,13.6,73.0,73.0,100.0,1012.3,100,13.0827,80.275,0.0
2024-01-04 20:00:00+05:30,0.0,0.0,0.0,26.0,12.9,72.0,72.0,100.0,1012.7,100,13.0827,80.275,0.0
2024-01-04 21:00:00+05:30,0.0,0.0,0.0,26.1,12.4,68.0,70.0,100.0,1012.8,100,13.0827,80.275,0.0
2024-01-04 22:00:00+05:30,0.0,0.0,0.0,25.9,10.8,69.0,72.0,100.0,1012.7,100,13.0827,80.275,0.0
2024-01-04 23:00:00+05:30,0.0,0.0,0.0,25.9,9.8,66.0,72.0,100.0,1012.6,100,13.0827,80.275,0.0
2024-01-05 00:00:00+05:30,0.0,0.0,0.0,25.7,8.2,67.0,72.0,100.0,1012.2,100,13.0827,80.275,0.0
2024-01-05 01:00:00+05:30,0.0,0.0,0.0,25.5,6.9,62.0,73.0,100.0,1011.6,100,13.0827,80.275,0.0
2024-01-05 02:00:00+05:30,0.0,0.0,0.0,25.6,9.1,72.0,72.0,97.0,1010.6,100,13.0827,80.275,0.0
2024-01-05 03:00:00+05:30,0.0,0.0,0.0,25.1,5.6,63.0,75.0,98.0,1010.5,100,13.0827,80.275,0.0
2024-01-05 04:00:00+05:30,0.0,0.0,0.0,24.6,5.4,42.0,78.0,51.0,1010.7,100,13.0827,80.275,0.0
2024-01-05 05:00:00+05:30,0.0,0.0,0.0,24.5,5.6,50.0,78.0,80.0,1010.9,100,13.0827,80.275,0.0
2024-01-05 06:00:00+05:30,0.0,0.0,0.0,25.0,8.1,21.0,83.0,100.0,1012.0,100,13.0827,80.275,0.0
2024-01-05 07:00:00+05:30,15.0,0.0,15.0,25.0,8.0,5.0,86.0,100.0,1013.0,100,13.0827,80.275,0.8083557332822726
2024-01-05 08:00:00+05:30,77.0,0.0,77.0,25.6,6.9,354.0,85.0,100.0,1013.9,100,13.0827,80.275,6.4755669413608
2024-01-05 09:00:00+05:30,152.0,35.5,134.0,26.6,9.5,9.0,76.0,100.0,1014.2,100,13.0827,80.275,13.691585106343114
2024-01-05 10:00:00+05:30,254.0,48.5,222.0,27.3,13.7,30.0,68.0,99.0,1013.6,100,13.0827,80.275,23.394421961414665
2024-01-05 11:00:00+05:30,470.0,276.7,259.0,28.2,15.5,44.0,63.0,85.0,1012.6,100,13.0827,80.275,46.164582605584854
2024-01-05 12:00:00+05:30,722.0,625.6,217.0,29.0,15.3,49.0,58.0,69.0,1011.8,100,13.0827,80.275,71.87146358146462
2024-01-05 13:00:00+05:30,684.0,609.3,202.0,29.0,15.6,52.0,55.0,95.0,1010.7,100,13.0827,80.275,70.32252084882687
2024-01-05 14:00:00+05:30,614.0,566.3,209.0,28.9,15.8,55.0,56.0,1.0,1009.9,100,13.0827,80.275,65.04526119114138
2024-01-05 15:00:00+05:30,472.0,516.7,170.0,28.6,16.9,50.0,58.0,4.0,1009.7,100,13.0827,80.275,52.06430513893882
2024-01-05 16:00:00+05:30,259.0,350.5,116.0,28.1,14.6,50.0,58.0,11.0,1010.1,100,13.0827,80.275,29.03981454870225
2024-01-05 17:00:00+05:30,113.0,257.7,62.0,27.2,15.5,48.0,65.0,1.0,1010.5,100,13.0827,80.275,14.113876086527188
2024-01-05 18:00:00+05:30,6.0,15.2,5.0,26.6,13.0,44.0,69.0,14.0,1011.4,100,13.0827,80.275,0.03606388686497485
2024-01-05 19:00:00+05:30,0.0,0.0,0.0,26.4,12.5,41.0,71.0,99.0,1012.6,100,13.0827,80.275,0.0
2024-01-05 20:00:00+05:30,0.0,0.0,0.0,26.2,11.7,43.0,74.0,100.0,1013.2,100,13.0827,80.275,0.0
2024-01-05 21:00:00+05:30,0.0,0.0,0.0,26.0,11.9,55.0,75.0,100.0,1013.2,100,13.0827,80.275,0.0
2024-01-05 22:00:00+05:30,0.0,0.0,0.0,25.9,12.9,54.0,75.0,100.0,1012.9,100,13.0827,80.275,0.0
2024-01-05 23:00:00+05:30,0.0,0.0,0.0,25.5,15.0,44.0,79.0,50.0,1012.7,100,13.0827,80.275,0.0
2024-01-06 00:00:00+05:30,0.0,0.0,0.0,25.0,12.8,38.0,82.0,56.0,1012.3,100,13.0827,80.275,0.0
2024-01-06 01:00:00+05:30,0.0,0.0,0.0,24.9,13.0,46.0,83.0,58.0,1011.8,100,13.0827,80.275,0.0
2024-01-06 02:00:00+05:30,0.0,0.0,0.0,24.9,11.0,41.0,83.0,72.0,1011.1,100,13.0827,80.275,0.0
2024-01-06 03:00:00+05:30,0.0,0.0,0.0,24.6,9.3,28.0,85.0,72.0,1010.9,100,13.0827,80.275,0.0
2024-01-06 04:00:00+05:30,0.0,0.0,0.0,24.2,5.6,45.0,88.0,100.0,1011.1,100,13.0827,80.275,0.0
2024-01-06 05:00:00+05:30,0.0,0.0,0.0,24.1,7.6,45.0,89.0,100.0,1011.8,100,13.0827,80.275,0.0
2024-01-06 06:00:00+05:30,0.0,0.0,0.0,24.5,12.5,33.0,91.0,96.0,1011.6,100,13.0827,80.275,0.0
2024-01-06 07:00:00+05:30,30.0,71.4,21.0,24.8,16.7,33.0,89.0,84.0,1012.7,100,13.0827,80.275,2.8883939814518813
2024-01-06 08:00:00+05:30,168.0,192.6,108.0,25.5,19.5,38.0,82.0,100.0,1013.7,100,13.0827,80.275,17.804965625808833
2024-01-06 09:00:00+05:30,234.0,193.7,136.0,26.2,19.3,45.0,79.0,99.0,1014.0,100,13.0827,80.275,24.36963322727684
2024-01-06 10:00:00+05:30,523.0,492.5,198.0,27.7,21.5,55.0,73.0,100.0,1013.3,100,13.0827,80.275,54.423074300654854
2024-01-06 11:00:00+05:30,620.0,587.1,172.0,28.0,22.3,59.0,72.0,100.0,1012.5,100,13.0827,80.275,65.5280861726777
2024-01-06 12:00:00+05:30,613.0,421.9,272.0,28.1,22.4,60.0,71.0,100.0,1011.4,100,13.0827,80.275,60.9208435576778
2024-01-06 13:00:00+05:30,682.0,567.7,232.0,28.3,22.8,55.0,70.0,100.0,1010.5,100,13.0827,80.275,69.44457611490758
2024-01-06 14:00:00+05:30,566.0,450.5,243.0,28.1,23.4,53.0,71.0,100.0,1009.8,100,13.0827,80.275,59.35957968165726
2024-01-06 15:00:00+05:30,446.0,480.7,164.0,27.7,23.0,50.0,71.0,72.0,1009.7,100,13.0827,80.275,48.0300000929526
2024-01-06 16:00:00+05:30,264.0,355.8,118.0,27.2,21.9,48.0,73.0,32.0,1010.1,100,13.0827,80.275,30.342080807638517
2024-01-06 17:00:00+05:30,109.0,249.7,59.0,26.8,20.4,45.0,74.0,41.0,1010.7,100,13.0827,80.275,13.644153999836897
2024-01-06 18:00:00+05:30,6.0,14.9,5.0,26.2,14.7,36.0,75.0,58.0,1011.7,100,13.0827,80.275,0.036276900468134136
2024-01-06 19:00:00+05:30,0.0,0.0,0.0,26.0,14.5,42.0,76.0,100.0,1012.7,100,13.0827,80.275,0.0
2024-01-06 20:00:00+05:30,0.0,0.0,0.0,26.1,12.5,46.0,76.0,99.0,1013.4,100,13.0827,80.275,0.0
2024-01-06 21:00:00+05:30,0.0,0.0,0.0,26.2,12.5,41.0,76.0,100.0,1013.3,100,13.0827,80.275,0.0
2024-01-06 22:00:00+05:30,0.0,0.0,0.0,26.3,12.8,38.0,75.0,100.0,1013.3,100,13.0827,80.275,0.0
2024-01-06 23:00:00+05:30,0.0,0.0,0.0,26.3,14.1,32.0,75.0,100.0,1012.8,100,13.0827,80.275,0.0
2024-01-07 00:00:00+05:30,0.0,0.0,0.0,26.3,14.5,23.0,74.0,100.0,1012.2,100,13.0827,80.275,0.0
2024-01-07 01:00:00+05:30,0.0,0.0,0.0,26.2,14.8,29.0,74.0,100.0,1011.8,100,13.0827,80.275,0.0
2024-01-07 02:00:00+05:30,0.0,0.0,0.0,26.0,12.7,25.0,75.0,100.0,1011.1,100,13.0827,80.275,0.0
2024-01-07 03:00:00+05:30,0.0,0.0,0.0,25.5,13.2,11.0,78.0,100.0,1010.8,100,13.0827,80.275,0.0
2024-01-07 04:00:00+05:30,0.0,0.0,0.0,25.2,13.7,18.0,80.0,100.0,1010.9,100,13.0827,80.275,0.0
2024-01-07 05:00:00+05:30,0.0,0.0,0.0,25.2,11.5,14.0,79.0,100.0,1011.4,100,13.0827,80.275,0.0
2024-01-07 06:00:00+05:30,0.0,0.0,0.0,25.2,11.0,23.0,81.0,100.0,1012.3,100,13.0827,80.275,0.0
2024-01-07 07:00:00+05:30,12.0,0.0,12.0,25.3,11.0,23.0,82.0,100.0,1013.3,100,13.0827,80.275,0.517960019139301
2024-01-07 08:00:00+05:30,63.0,0.0,63.0,25.4,15.1,33.0,83.0,100.0,1014.3,100,13.0827,80.275,5.0733419536304325
2024-01-07 09:00:00+05:30,91.0,0.0,91.0,25.6,17.8,47.0,84.0,100.0,1014.7,100,13.0827,80.275,7.591930334226015
2024-01-07 10:00:00+05:30,177.0,15.2,167.0,25.9,17.5,53.0,82.0,80.0,1014.6,100,13.0827,80.275,15.462420069529598
2024-01-07 11:00:00+05:30,385.0,174.2,252.0,26.5,23.8,51.0,79.0,62.0,1013.5,100,13.0827,80.275,37.874033096639394
2024-01-07 12:00:00+05:30,472.0,249.6,270.0,26.6,21.3,51.0,76.0,83.0,1012.6,100,13.0827,80.275,46.16724364921598
2024-01-07 13:00:00+05:30,502.0,293.4,269.0,26.6,18.9,50.0,81.0,62.0,1011.5,100,13.0827,80.275,50.02514307285288
2024-01-07 14:00:00+05:30,459.0,333.8,219.0,25.5,18.7,62.0,83.0,96.0,1010.6,100,13.0827,80.275,47.784079966645116
2024-01-07 15:00:00+05:30,357.0,281.9,191.0,26.0,17.4,52.0,84.0,100.0,1010.3,100,13.0827,80.275,0.0
2024-01-07 16:00:00+05:30,193.0,198.7,111.0,25.4,19.7,62.0,86.0,76.0,1010.3,100,13.0827,80.275,20.234282607764673
2024-01-07 17:00:00+05:30,65.0,64.2,52.0,25.1,16.6,49.0,87.0,98.0,1010.7,100,13.0827,80.275,6.4312224090966525
2024-01-07 18:00:00+05:30,3.0,0.0,3.0,24.1,17.5,37.0,92.0,100.0,1011.6,100,13.0827,80.275,0.0
2024-01-07 19:00:00+05:30,0.0,0.0,0.0,24.3,17.1,41.0,91.0,100.0,1012.5,100,13.0827,80.275,0.0
2024-01-07 20:00:00+05:30,0.0,0.0,0.0,24.2,19.9,45.0,92.0,100.0,1013.4,100,13.0827,80.275,0.0
2024-01-07 21:00:00+05:30,0.0,0.0,0.0,24.4,17.7,51.0,91.0,100.0,1013.7,100,13.0827,80.275,0.0
2024-01-07 22:00:00+05:30,0.0,0.0,0.0,24.3,16.7,57.0,91.0,100.0,1013.5,100,13.0827,80.275,0.0
2024-01-07 23:00:00+05:30,0.0,0.0,0.0,24.1,14.8,61.0,92.0,100.0,1013.4,100,13.0827,80.275,0.0
2024-01-08 00:00:00+05:30,0.0,0.0,0.0,24.1,13.9,65.0,92.0,100.0,1012.7,100,13.0827,80.275,0.0
2024-01-08 01:00:00+05:30,0.0,0.0,0.0,24.4,11.6,64.0,91.0,100.0,1012.0,100,13.0827,80.275,0.0
2024-01-08 02:00:00+05:30,0.0,0.0,0.0,24.0,12.8,68.0,92.0,100.0,1011.6,100,13.0827,80.275,0.0
2024-01-08 03:00:00+05:30,0.0,0.0,0.0,24.2,13.2,73.0,92.0,100.0,1011.3,100,13.0827,80.275,0.0
2024-01-08 04:00:00+05:30,0.0,0.0,0.0,24.4,11.4,66.0,91.0,86.0,1011.6,100,13.0827,80.275,0.0
2024-01-08 05:00:00+05:30,0.0,0.0,0.0,24.1,11.5,58.0,92.0,100.0,1012.2,100,13.0827,80.275,0.0
2024-01-08 06:00:00+05:30,0.0,0.0,0.0,24.7,16.8,48.0,89.0,100.0,1012.4,100,13.0827,80.275,0.0
2024-01-08 07:00:00+05:30,6.0,0.0,6.0,24.5,21.4,46.0,91.0,100.0,1013.5,100,13.0827,80.275,0.0
2024-01-08 08:00:00+05:30,16.0,0.0,16.0,24.5,19.6,44.0,91.0,100.0,1014.4,100,13.0827,80.275,0.8914902607524712
2024-01-08 09:00:00+05:30,48.0,0.0,48.0,24.8,22.8,59.0,89.0,100.0,1014.6,100,13.0827,80.275,3.7969912785998194
2024-01-08 10:00:00+05:30,89.0,3.0,87.0,25.5,23.7,62.0,86.0,100.0,1014.5,100,13.0827,80.275,7.570348020314018
2024-01-08 11:00:00+05:30,128.0,2.6,126.0,25.6,19.5,62.0,86.0,100.0,1013.8,100,13.0827,80.275,11.167777534948032
2024-01-08 12:00:00+05:30,180.0,2.5,178.0,25.7,15.6,61.0,87.0,100.0,1013.1,100,13.0827,80.275,15.601323977103078
2024-01-08 13:00:00+05:30,150.0,5.0,146.0,25.5,16.0,67.0,87.0,100.0,1012.3,100,13.0827,80.275,12.957474292233695
2024-01-08 14:00:00+05:30,148.0,1.4,147.0,25.2,14.3,56.0,89.0,100.0,1011.5,100,13.0827,80.275,12.886656590109535
2024-01-08 15:00:00+05:30,158.0,1.7,157.0,25.7,14.3,47.0,88.0,100.0,1011.2,100,13.0827,80.275,13.4527574004727
2024-01-08 16:00:00+05:30,71.0,0.0,71.0,25.6,15.3,47.0,85.0,100.0,1011.4,100,13.0827,80.275,5.922199676244471
2024-01-08 17:00:00+05:30,31.0,0.0,31.0,25.6,15.3,47.0,83.0,100.0,1011.9,100,13.0827,80.275,2.2159969490696554
2024-01-08 18:00:00+05:30,5.0,0.0,5.0,26.5,17.9,50.0,74.0,100.0,1012.4,100,13.0827,80.275,0.0
2024-01-08 19:00:00+05:30,0.0,0.0,0.0,26.8,18.3,54.0,73.0,100.0,1013.4,100,13.0827,80.275,0.0
2024-01-08 20:00:00+05:30,0.0,0.0,0.0,26.6,18.9,55.0,75.0,100.0,1013.7,100,13.0827,80.275,0.0
2024-01-08 21:00:00+05:30,0.0,0.0,0.0,26.3,17.6,59.0,78.0,100.0,1014.0,100,13.0827,80.275,0.0
2024-01-08 22:00:00+05:30,0.0,0.0,0.0,26.3,17.1,62.0,78.0,100.0,1013.9,100,13.0827,80.275,0.0
2024-01-08 23:00:00+05:30,0.0,0.0,0.0,26.2,16.7,65.0,78.0,100.0,1013.2,100,13.0827,80.275,0.0
2024-01-09 00:00:00+05:30,0.0,0.0,0.0,25.9,14.7,68.0,80.0,100.0,1013.2,100,13.0827,80.275,0.0
2024-01-09 01:00:00+05:30,0.0,0.0,0.0,25.8,14.0,64.0,79.0,99.0,1012.5,100,13.0827,80.275,0.0
2024-01-09 02:00:00+05:30,0.0,0.0,0.0,25.5,13.0,62.0,80.0,48.0,1012.0,100,13.0827,80.275,0.0
2024-01-09 03:00:00+05:30,0.0,0.0,0.0,25.4,13.4,66.0,80.0,93.0,1011.5,100,13.0827,80.275,0.0
2024-01-09 04:00:00+05:30,0.0,0.0,0.0,25.6,13.7,67.0,78.0,100.0,1011.6,100,13.0827,80.275,0.0
2024-01-09 05:00:00+05:30,0.0,0.0,0.0,25.8,13.8,62.0,76.0,98.0,1012.0,100,13.0827,80.275,0.0
2024-01-09 06:00:00+05:30,0.0,0.0,0.0,25.6,15.3,43.0,83.0,100.0,1012.4,100,13.0827,80.275,0.0
2024-01-09 07:00:00+05:30,39.0,72.2,30.0,26.0,15.1,40.0,82.0,94.0,1013.7,100,13.0827,80.275,3.701228487622329
2024-01-09 08:00:00+05:30,175.0,226.3,105.0,26.9,18.4,50.0,76.0,100.0,1014.7,100,13.0827,80.275,19.324145674175096
2024-01-09 09:00:00+05:30,216.0,57.4,187.0,27.0,20.6,54.0,75.0,92.0,1015.4,100,13.0827,80.275,20.125007182006794
2024-01-09 10:00:00+05:30,421.0,345.2,193.0,27.6,20.7,55.0,71.0,57.0,1015.2,100,13.0827,80.275,44.02733149091936
2024-01-09 11:00:00+05:30,735.0,767.2,148.0,28.4,19.9,55.0,68.0,33.0,1014.6,100,13.0827,80.275,78.24284338104086
2024-01-09 12:00:00+05:30,784.0,788.4,144.0,28.3,20.0,56.0,68.0,6.0,1013.4,100,13.0827,80.275,82.73078480876009
2024-01-09 13:00:00+05:30,783.0,806.4,140.0,28.2,19.5,60.0,67.0,31.0,1012.4,100,13.0827,80.275,79.93500431936653
2024-01-09 14:00:00+05:30,677.0,733.2,147.0,28.1,18.9,59.0,67.0,52.0,1011.7,100,13.0827,80.275,71.59867792160182
2024-01-09 15:00:00+05:30,528.0,669.2,131.0,27.6,20.1,61.0,67.0,88.0,1011.5,100,13.0827,80.275,58.92004049760453
2024-01-09 16:00:00+05:30,335.0,536.6,111.0,27.1,18.8,61.0,70.0,100.0,1011.6,100,13.0827,80.275,39.01426627939351
2024-01-09 17:00:00+05:30,111.0,139.9,82.0,26.4,14.2,60.0,73.0,100.0,1012.1,100,13.0827,80.275,11.963670605713537
2024-01-09 18:00:00+05:30,7.0,0.0,7.0,26.1,16.9,50.0,79.0,100.0,1012.9,100,13.0827,80.275,0.06650586713647999
2024-01-09 19:00:00+05:30,0.0,0.0,0.0,26.0,16.1,48.0,78.0,97.0,1013.8,100,13.0827,80.275,0.0
2024-01-09 20:00:00+05:30,0.0,0.0,0.0,25.7,16.5,46.0,79.0,100.0,1014.3,100,13.0827,80.275,0.0
2024-01-09 21:00:00+05:30,0.0,0.0,0.0,25.7,15.8,43.0,78.0,100.0,1014.6,100,13.0827,80.275,0.0
2024-01-09 22:00:00+05:30,0.0,0.0,0.0,25.5,14.8,41.0,78.0,100.0,1014.5,100,13.0827,80.275,0.0
2024-01-09 23:00:00+05:30,0.0,0.0,0.0,25.6,15.5,48.0,76.0,100.0,1014.0,100,13.0827,80.275,0.0
2024-01-10 00:00:00+05:30,0.0,0.0,0.0,25.5,15.1,52.0,76.0,100.0,1013.2,100,13.0827,80.275,0.0
2024-01-10 01:00:00+05:30,0.0,0.0,0.0,25.2,13.6,53.0,77.0,100.0,1012.5,100,13.0827,80.275,0.0
2024-01-10 02:00:00+05:30,0.0,0.0,0.0,25.0,13.0,48.0,78.0,96.0,1011.8,100,13.0827,80.275,0.0
2024-01-10 03:00:00+05:30,0.0,0.0,0.0,24.8,12.0,46.0,79.0,97.0,1011.2,100,13.0827,80.275,0.0
2024-01-10 04:00:00+05:30,0.0,0.0,0.0,24.9,11.2,42.0,78.0,100.0,1011.3,100,13.0827,80.275,0.0
2024-01-10 05:00:00+05:30,0.0,0.0,0.0,24.6,11.5,39.0,79.0,99.0,1011.4,100,13.0827,80.275,0.0
2024-01-10 06:00:00+05:30,0.0,0.0,0.0,25.2,13.2,43.0,82.0,78.0,1012.3,100,13.0827,80.275,0.0
2024-01-10 07:00:00+05:30,37.0,96.5,25.0,25.8,14.1,40.0,81.0,99.0,1013.2,100,13.0827,80.275,3.887863433355218
2024-01-10 08:00:00+05:30,77.0,6.5,75.0,26.3,14.5,48.0,79.0,100.0,1014.0,100,13.0827,80.275,6.368839031652965
2024-01-10 09:00:00+05:30,247.0,134.7,179.0,27.1,18.3,58.0,73.0,98.0,1014.4,100,13.0827,80.275,24.245850674092637
2024-01-10 10:00:00+05:30,527.0,478.2,211.0,27.9,17.2,61.0,71.0,28.0,1014.3,100,13.0827,80.275,55.99042029275146
2024-01-10 11:00:00+05:30,710.0,693.3,179.0,28.2,16.6,63.0,69.0,88.0,1013.9,100,13.0827,80.275,75.32069949276806
2024-01-10 12:00:00+05:30,622.0,393.6,302.0,27.9,14.7,62.0,71.0,50.0,1012.5,100,13.0827,80.275,61.7105030269368
2024-01-10 13:00:00+05:30,694.0,570.6,238.0,28.0,13.9,59.0,71.0,89.0,1011.3,100,13.0827,80.275,69.03189908273863
2024-01-10 14:00:00+05:30,645.0,633.2,186.0,27.8,13.8,62.0,71.0,78.0,1010.7,100,13.0827,80.275,66.76673909708762
2024-01-10 15:00:00+05:30,491.0,530.6,175.0,27.5,14.2,60.0,72.0,46.0,1010.9,100,13.0827,80.275,53.335307360488464
2024-01-10 16:00:00+05:30,341.0,557.4,107.0,27.0,14.4,58.0,73.0,19.0,1011.3,100,13.0827,80.275,40.56447269594558
2024-01-10 17:00:00+05:30,139.0,367.3,62.0,26.2,10.8,53.0,77.0,92.0,1011.9,100,13.0827,80.275,18.0598900830356
2024-01-10 18:00:00+05:30,8.0,13.9,7.0,26.1,11.7,45.0,81.0,95.0,1012.4,100,13.0827,80.275,0.23114571878398676
2024-01-10 19:00:00+05:30,0.0,0.0,0.0,25.7,11.0,49.0,84.0,88.0,1013.6,100,13.0827,80.275,0.0
2024-01-10 20:00:00+05:30,0.0,0.0,0.0,25.2,10.2,45.0,87.0,100.0,1014.6,100,13.0827,80.275,0.0
2024-01-10 21:00:00+05:30,0.0,0.0,0.0,25.1,9.9,44.0,88.0,85.0,1015.0,100,13.0827,80.275,0.0
2024-01-10 22:00:00+05:30,0.0,0.0,0.0,25.0,10.7,48.0,88.0,97.0,1014.8,100,13.0827,80.275,0.0
2024-01-10 23:00:00+05:30,0.0,0.0,0.0,25.0,9.4,50.0,87.0,98.0,1014.6,100,13.0827,80.275,0.0
2024-01-11 00:00:00+05:30,0.0,0.0,0.0,25.1,9.7,51.0,85.0,84.0,1014.0,100,13.0827,80.275,0.0
2024-01-11 01:00:00+05:30,0.0,0.0,0.0,25.0,8.4,50.0,84.0,79.0,1013.4,100,13.0827,80.275,0.0
2024-01-11 02:00:00+05:30,0.0,0.0,0.0,24.4,7.7,49.0,85.0,75.0,1012.5,100,13.0827,80.275,0.0
2024-01-11 03:00:00+05:30,0.0,0.0,0.0,24.3,8.9,47.0,85.0,45.0,1012.1,100,13.0827,80.275,0.0
2024-01-11 04:00:00+05:30,0.0,0.0,0.0,24.1,10.2,42.0,85.0,93.0,1012.2,100,13.0827,80.275,0.0
2024-01-11 05:00:00+05:30,0.0,0.0,0.0,23.9,9.0,29.0,86.0,72.0,1012.7,100,13.0827,80.275,0.0
2024-01-11 06:00:00+05:30,0.0,0.0,0.0,25.0,9.1,34.0,84.0,80.0,1013.6,100,13.0827,80.275,0.0
2024-01-11 07:00:00+05:30,36.0,104.9,23.0,25.5,11.2,33.0,83.0,44.0,1014.6,100,13.0827,80.275,3.7607690756269645
2024-01-11 08:00:00+05:30,221.0,428.1,89.0,26.9,14.8,51.0,72.0,19.0,1015.4,100,13.0827,80.275,26.907127984733904
2024-01-11 09:00:00+05:30,445.0,663.6,110.0,27.6,14.0,46.0,70.0,1.0,1015.6,100,13.0827,80.275,51.80302282477298
2024-01-11 10:00:00+05:30,633.0,780.4,117.0,28.0,14.5,46.0,69.0,2.0,1015.2,100,13.0827,80.275,68.583893796991
2024-01-11 11:00:00+05:30,760.0,829.4,124.0,28.1,15.8,41.0,69.0,1.0,1014.6,100,13.0827,80.275,83.09749312215526
2024-01-11 12:00:00+05:30,812.0,831.2,135.0,28.2,16.3,41.0,68.0,2.0,1013.3,100,13.0827,80.275,84.10703058567928
2024-01-11 13:00:00+05:30,792.0,819.1,136.0,28.2,15.5,44.0,67.0,52.0,1012.3,100,13.0827,80.275,81.90157361015234
2024-01-11 14:00:00+05:30,709.0,800.6,127.0,27.8,15.8,43.0,69.0,96.0,1011.5,100,13.0827,80.275,73.05292331510502
2024-01-11 15:00:00+05:30,559.0,746.1,113.0,27.5,16.3,43.0,71.0,95.0,1011.4,100,13.0827,80.275,62.893574556094215
2024-01-11 16:00:00+05:30,334.0,530.6,110.0,26.9,16.4,40.0,73.0,100.0,1011.6,100,13.0827,80.275,38.144116841751845
2024-01-11 17:00:00+05:30,143.0,386.9,61.0,26.1,12.5,41.0,77.0,99.0,1011.8,100,13.0827,80.275,17.615630424039317
2024-01-11 18:00:00+05:30,9.0,27.4,7.0,25.4,10.9,34.0,77.0,93.0,1012.0,100,13.0827,80.275,0.3839192018367967
2024-01-11 19:00:00+05:30,0.0,0.0,0.0,25.0,10.5,38.0,79.0,93.0,1013.0,100,13.0827,80.275,0.0
2024-01-11 20:00:00+05:30,0.0,0.0,0.0,25.0,11.2,42.0,79.0,84.0,1014.0,100,13.0827,80.275,0.0
2024-01-11 21:00:00+05:30,0.0,0.0,0.0,24.9,10.5,38.0,80.0,93.0,1014.4,100,13.0827,80.275,0.0
2024-01-11 22:00:00+05:30,0.0,0.0,0.0,24.7,9.7,39.0,81.0,94.0,1014.4,100,13.0827,80.275,0.0
2024-01-11 23:00:00+05:30,0.0,0.0,0.0,24.4,8.4,40.0,82.0,85.0,1014.4,100,13.0827,80.275,0.0
2024-01-12 00:00:00+05:30,0.0,0.0,0.0,24.1,7.9,47.0,84.0,17.0,1013.7,100,13.0827,80.275,0.0
2024-01-12 01:00:00+05:30,0.0,0.0,0.0,23.8,7.7,49.0,86.0,41.0,1013.0,100,13.0827,80.275,0.0
2024-01-12 02:00:00+05:30,0.0,0.0,0.0,23.6,7.6,45.0,86.0,26.0,1012.2,100,13.0827,80.275,0.0
2024-01-12 03:00:00+05:30,0.0,0.0,0.0,23.6,7.4,51.0,86.0,20.0,1012.0,100,13.0827,80.275,0.0
2024-01-12 04:00:00+05:30,0.0,0.0,0.0,23.6,6.7,54.0,86.0,27.0,1012.2,100,13.0827,80.275,0.0
2024-01-12 05:00:00+05:30,0.0,0.0,0.0,23.4,6.4,47.0,86.0,64.0,1012.5,100,13.0827,80.275,0.0
2024-01-12 06:00:00+05:30,0.0,0.0,0.0,24.3,7.4,39.0,86.0,91.0,1013.2,100,13.0827,80.275,0.0
2024-01-12 07:00:00+05:30,45.0,161.7,25.0,25.3,9.2,45.0,84.0,99.0,1014.3,100,13.0827,80.275,5.202405714244592
2024-01-12 08:00:00+05:30,210.0,379.9,93.0,26.8,12.0,57.0,76.0,84.0,1015.0,100,13.0827,80.275,24.609401101555896
2024-01-12 09:00:00+05:30,429.0,592.2,130.0,27.6,14.5,67.0,72.0,89.0,1015.3,100,13.0827,80.275,48.164604054700895
2024-01-12 10:00:00+05:30,614.0,702.7,149.0,28.0,13.8,70.0,72.0,80.0,1015.0,100,13.0827,80.275,64.80964565912939
2024-01-12 11:00:00+05:30,749.0,786.7,145.0,28.3,12.7,65.0,70.0,94.0,1014.4,100,13.0827,80.275,76.22533915336926
2024-01-12 12:00:00+05:30,820.0,849.4,127.0,28.4,14.0,64.0,70.0,91.0,1013.4,100,13.0827,80.275,85.21317538103999
2024-01-12 13:00:00+05:30,782.0,786.2,151.0,28.3,13.5,61.0,71.0,100.0,1012.3,100,13.0827,80.275,78.28543568704298
2024-01-12 14:00:00+05:30,703.0,775.0,138.0,28.1,13.1,58.0,69.0,100.0,1011.6,100,13.0827,80.275,72.86842984525487
2024-01-12 15:00:00+05:30,553.0,714.9,124.0,27.8,13.5,56.0,71.0,81.0,1011.5,100,13.0827,80.275,61.534688762745915
2024-01-12 16:00:00+05:30,346.0,565.4,106.0,27.3,13.3,52.0,72.0,76.0,1011.7,100,13.0827,80.275,39.11240399266515
2024-01-12 17:00:00+05:30,142.0,373.4,62.0,26.4,11.0,49.0,77.0,18.0,1012.0,100,13.0827,80.275,17.83391655240485
2024-01-12 18:00:00+05:30,9.0,40.5,6.0,25.6,9.7,42.0,82.0,38.0,1012.7,100,13.0827,80.275,0.44637784612518405
2024-01-12 19:00:00+05:30,0.0,0.0,0.0,25.2,10.2,42.0,84.0,30.0,1013.5,100,13.0827,80.275,0.0
2024-01-12 20:00:00+05:30,0.0,0.0,0.0,25.1,7.9,43.0,85.0,15.0,1014.4,100,13.0827,80.275,0.0
2024-01-12 21:00:00+05:30,0.0,0.0,0.0,25.0,8.4,43.0,86.0,48.0,1014.5,100,13.0827,80.275,0.0
2024-01-12 22:00:00+05:30,0.0,0.0,0.0,24.7,7.9,47.0,87.0,28.0,1014.1,100,13.0827,80.275,0.0
2024-01-12 23:00:00+05:30,0.0,0.0,0.0,24.4,6.6,49.0,89.0,24.0,1013.9,100,13.0827,80.275,0.0
2024-01-13 00:00:00+05:30,0.0,0.0,0.0,23.5,6.2,36.0,93.0,31.0,1013.6,100,13.0827,80.275,0.0
2024-01-13 01:00:00+05:30,0.0,0.0,0.0,22.9,7.6,19.0,95.0,41.0,1013.2,100,13.0827,80.275,0.0
2024-01-13 02:00:00+05:30,0.0,0.0,0.0,22.7,6.1,360.0,95.0,38.0,1012.4,100,13.0827,80.275,0.0
2024-01-13 03:00:00+05:30,0.0,0.0,0.0,22.1,6.8,335.0,97.0,26.0,1012.2,100,13.0827,80.275,0.0
2024-01-13 04:00:00+05:30,0.0,0.0,0.0,22.5,4.8,333.0,96.0,58.0,1012.4,100,13.0827,80.275,0.0
2024-01-13 05:00:00+05:30,0.0,0.0,0.0,22.6,6.0,335.0,96.0,67.0,1012.9,100,13.0827,80.275,0.0
2024-01-13 06:00:00+05:30,0.0,0.0,0.0,23.4,6.1,332.0,96.0,81.0,1013.7,100,13.0827,80.275,0.0
2024-01-13 07:00:00+05:30,45.0,153.9,26.0,24.2,9.2,339.0,94.0,89.0,1014.7,100,13.0827,80.275,5.213473413931474
2024-01-13 08:00:00+05:30,215.0,419.3,86.0,26.0,7.9,3.0,86.0,92.0,1015.4,100,13.0827,80.275,25.742133729406643
2024-01-13 09:00:00+05:30,414.0,594.0,114.0,27.3,12.5,39.0,76.0,97.0,1015.6,100,13.0827,80.275,45.89736132386659
2024-01-13 10:00:00+05:30,604.0,705.1,137.0,28.0,14.0,42.0,73.0,100.0,1015.3,100,13.0827,80.275,64.80360647338611
2024-01-13 11:00:00+05:30,722.0,719.3,169.0,28.4,14.2,54.0,70.0,99.0,1014.6,100,13.0827,80.275,73.1537944890314
2024-01-13 12:00:00+05:30,776.0,703.5,201.0,28.5,14.7,59.0,69.0,100.0,1013.7,100,13.0827,80.275,78.54033816086917
2024-01-13 13:00:00+05:30,765.0,749.6,162.0,28.4,14.2,60.0,70.0,99.0,1012.7,100,13.0827,80.275,76.26473483000686
2024-01-13 14:00:00+05:30,700.0,761.8,143.0,28.2,14.5,60.0,70.0,87.0,1012.0,100,13.0827,80.275,72.76804951138669
2024-01-13 15:00:00+05:30,548.0,690.7,132.0,27.7,14.5,63.0,72.0,90.0,1011.8,100,13.0827,80.275,59.374226527430984
2024-01-13 16:00:00+05:30,358.0,613.9,96.0,27.1,13.5,65.0,74.0,97.0,1011.8,100,13.0827,80.275,41.22059004838518
2024-01-13 17:00:00+05:30,146.0,392.6,61.0,26.3,10.1,63.0,79.0,8.0,1012.2,100,13.0827,80.275,19.236634356410526
2024-01-13 18:00:00+05:30,10.0,39.9,7.0,25.3,7.0,55.0,83.0,74.0,1012.7,100,13.0827,80.275,0.5899716531088374
2024-01-13 19:00:00+05:30,0.0,0.0,0.0,24.8,5.6,45.0,86.0,74.0,1013.8,100,13.0827,80.275,0.0
2024-01-13 20:00:00+05:30,0.0,0.0,0.0,24.4,5.6,45.0,88.0,92.0,1014.6,100,13.0827,80.275,0.0
2024-01-13 21:00:00+05:30,0.0,0.0,0.0,24.0,5.4,37.0,90.0,42.0,1015.0,100,13.0827,80.275,0.0
2024-01-13 22:00:00+05:30,0.0,0.0,0.0,23.5,6.4,43.0,92.0,8.0,1014.9,100,13.0827,80.275,0.0
2024-01-13 23:00:00+05:30,0.0,0.0,0.0,23.1,8.0,80.0,92.0,2.0,1014.5,100,13.0827,80.275,0.0
2024-01-14 00:00:00+05:30,0.0,0.0,0.0,23.0,6.9,118.0,91.0,1.0,1013.9,100,13.0827,80.275,0.0
2024-01-14 01:00:00+05:30,0.0,0.0,0.0,22.4,8.9,117.0,92.0,0.0,1013.5,100,13.0827,80.275,0.0
2024-01-14 02:00:00+05:30,0.0,0.0,0.0,22.6,7.5,125.0,91.0,0.0,1012.5,100,13.0827,80.275,0.0
2024-01-14 03:00:00+05:30,0.0,0.0,0.0,24.1,1.8,281.0,86.0,0.0,1012.1,100,13.0827,80.275,0.0
2024-01-14 04:00:00+05:30,0.0,0.0,0.0,21.7,2.6,286.0,96.0,19.0,1012.0,100,13.0827,80.275,0.0
2024-01-14 05:00:00+05:30,0.0,0.0,0.0,20.7,3.6,276.0,98.0,57.0,1012.4,100,13.0827,80.275,0.0
2024-01-14 06:00:00+05:30,0.0,0.0,0.0,22.5,6.8,288.0,99.0,99.0,1013.5,100,13.0827,80.275,0.0
2024-01-14 07:00:00+05:30,38.0,73.0,29.0,23.0,6.9,298.0,99.0,100.0,1014.3,100,13.0827,80.275,3.770894245415268
2024-01-14 08:00:00+05:30,175.0,175.6,121.0,24.4,6.4,308.0,93.0,64.0,1015.0,100,13.0827,80.275,18.567907142248394
2024-01-14 09:00:00+05:30,371.0,358.2,190.0,26.2,4.4,9.0,85.0,67.0,1015.4,100,13.0827,80.275,38.2546207589352
2024-01-14 10:00:00+05:30,579.0,621.4,167.0,27.5,7.5,55.0,76.0,52.0,1015.1,100,13.0827,80.275,61.8375461317505
2024-01-14 11:00:00+05:30,727.0,722.1,171.0,28.1,10.0,64.0,73.0,92.0,1014.5,100,13.0827,80.275,72.34242557995475
2024-01-14 12:00:00+05:30,823.0,839.0,136.0,28.4,11.0,67.0,71.0,77.0,1013.3,100,13.0827,80.275,82.58215985146627
2024-01-14 13:00:00+05:30,807.0,837.1,132.0,28.3,11.8,67.0,69.0,95.0,1012.1,100,13.0827,80.275,82.61343304134363
2024-01-14 14:00:00+05:30,732.0,833.2,121.0,28.0,12.6,66.0,71.0,96.0,1011.2,100,13.0827,80.275,78.14614401317327
2024-01-14 15:00:00+05:30,576.0,760.8,116.0,27.5,11.6,74.0,73.0,73.0,1010.7,100,13.0827,80.275,62.718864483111616
2024-01-14 16:00:00+05:30,375.0,652.5,95.0,26.9,10.7,78.0,75.0,7.0,1010.7,100,13.0827,80.275,44.971985583854874
2024-01-14 17:00:00+05:30,156.0,438.8,60.0,26.1,8.8,71.0,79.0,6.0,1011.3,100,13.0827,80.275,19.80640049337001
2024-01-14 18:00:00+05:30,11.0,52.4,7.0,25.1,8.2,49.0,78.0,0.0,1011.7,100,13.0827,80.275,0.7740647858130347
2024-01-14 19:00:00+05:30,0.0,0.0,0.0,24.5,7.1,60.0,81.0,0.0,1012.4,100,13.0827,80.275,0.0
2024-01-14 20:00:00+05:30,0.0,0.0,0.0,24.1,6.9,62.0,81.0,0.0,1013.2,100,13.0827,80.275,0.0
2024-01-14 21:00:00+05:30,0.0,0.0,0.0,23.5,6.8,72.0,85.0,0.0,1013.8,100,13.0827,80.275,0.0
2024-01-14 22:00:00+05:30,0.0,0.0,0.0,22.9,7.6,82.0,89.0,0.0,1013.9,100,13.0827,80.275,0.0
2024-01-14 23:00:00+05:30,0.0,0.0,0.0,22.3,9.4,92.0,90.0,2.0,1013.8,100,13.0827,80.275,0.0
2024-01-15 00:00:00+05:30,0.0,0.0,0.0,22.1,9.7,105.0,90.0,1.0,1013.6,100,13.0827,80.275,0.0
2024-01-15 01:00:00+05:30,0.0,0.0,0.0,22.3,8.9,104.0,89.0,10.0,1013.0,100,13.0827,80.275,0.0
2024-01-15 02:00:00+05:30,0.0,0.0,0.0,22.9,7.2,87.0,86.0,24.0,1012.3,100,13.0827,80.275,0.0
2024-01-15 03:00:00+05:30,0.0,0.0,0.0,24.0,5.9,76.0,82.0,24.0,1011.7,100,13.0827,80.275,0.0
2024-01-15 04:00:00+05:30,0.0,0.0,0.0,23.6,3.9,68.0,84.0,12.0,1011.8,100,13.0827,80.275,0.0
2024-01-15 05:00:00+05:30,0.0,0.0,0.0,22.8,1.6,243.0,88.0,10.0,1012.2,100,13.0827,80.275,0.0
2024-01-15 06:00:00+05:30,0.0,0.0,0.0,23.8,2.8,320.0,87.0,82.0,1013.1,100,13.0827,80.275,0.0
2024-01-15 07:00:00+05:30,51.0,211.1,25.0,23.8,3.8,319.0,89.0,69.0,1013.9,100,13.0827,80.275,6.2429210221703935
2024-01-15 08:00:00+05:30,245.0,543.4,78.0,25.8,2.6,326.0,83.0,75.0,1014.7,100,13.0827,80.275,30.092245786662293
2024-01-15 09:00:00+05:30,459.0,698.3,106.0,27.3,5.3,62.0,71.0,86.0,1015.1,100,13.0827,80.275,51.04928741600107
2024-01-15 10:00:00+05:30,628.0,742.7,135.0,28.1,8.2,75.0,65.0,95.0,1014.9,100,13.0827,80.275,65.23874395475674
2024-01-15 11:00:00+05:30,775.0,844.2,124.0,28.4,9.5,81.0,62.0,91.0,1014.2,100,13.0827,80.275,78.55641178405331
2024-01-15 12:00:00+05:30,821.0,826.3,143.0,28.4,10.1,86.0,62.0,92.0,1013.0,100,13.0827,80.275,82.2787451981779
2024-01-15 13:00:00+05:30,830.0,870.9,126.0,28.3,10.5,96.0,63.0,82.0,1011.7,100,13.0827,80.275,82.1852615568783
2024-01-15 14:00:00+05:30,740.0,837.5,124.0,27.9,11.3,99.0,64.0,100.0,1010.6,100,13.0827,80.275,76.16757077693237
2024-01-15 15:00:00+05:30,573.0,738.1,125.0,27.5,11.7,99.0,65.0,95.0,1010.4,100,13.0827,80.275,60.39687337971917
2024-01-15 16:00:00+05:30,381.0,662.7,95.0,26.9,10.7,102.0,66.0,82.0,1010.5,100,13.0827,80.275,44.401099947076375
2024-01-15 17:00:00+05:30,158.0,434.2,62.0,26.0,7.3,101.0,69.0,78.0,1010.9,100,13.0827,80.275,19.743127604026153
2024-01-15 18:00:00+05:30,12.0,51.6,8.0,24.3,6.2,80.0,76.0,64.0,1011.1,100,13.0827,80.275,0.8639686883193064
2024-01-15 19:00:00+05:30,0.0,0.0,0.0,23.1,9.2,69.0,83.0,71.0,1012.0,100,13.0827,80.275,0.0
2024-01-15 20:00:00+05:30,0.0,0.0,0.0,22.7,8.9,50.0,84.0,96.0,1012.9,100,13.0827,80.275,0.0
2024-01-15 21:00:00+05:30,0.0,0.0,0.0,22.3,8.9,40.0,84.0,85.0,1013.3,100,13.0827,80.275,0.0
2024-01-15 22:00:00+05:30,0.0,0.0,0.0,21.7,9.3,28.0,85.0,81.0,1013.4,100,13.0827,80.275,0.0
2024-01-15 23:00:00+05:30,0.0,0.0,0.0,21.5,8.9,27.0,85.0,97.0,1013.1,100,13.0827,80.275,0.0
2024-01-16 00:00:00+05:30,0.0,0.0,0.0,21.9,7.5,35.0,82.0,94.0,1012.3,100,13.0827,80.275,0.0
2024-01-16 01:00:00+05:30,0.0,0.0,0.0,23.0,6.6,45.0,78.0,71.0,1011.8,100,13.0827,80.275,0.0
2024-01-16 02:00:00+05:30,0.0,0.0,0.0,23.3,7.3,81.0,78.0,1.0,1010.8,100,13.0827,80.275,0.0
2024-01-16 03:00:00+05:30,0.0,0.0,0.0,20.5,10.1,117.0,87.0,0.0,1010.5,100,13.0827,80.275,0.0
2024-01-16 04:00:00+05:30,0.0,0.0,0.0,21.3,8.4,130.0,85.0,13.0,1010.5,100,13.0827,80.275,0.0
2024-01-16 05:00:00+05:30,0.0,0.0,0.0,21.6,8.5,144.0,82.0,0.0,1011.2,100,13.0827,80.275,0.0
2024-01-16 06:00:00+05:30,0.0,0.0,0.0,21.5,9.8,118.0,87.0,0.0,1012.2,100,13.0827,80.275,0.0
2024-01-16 07:00:00+05:30,50.0,203.2,25.0,24.2,4.8,132.0,79.0,0.0,1013.0,100,13.0827,80.275,6.253176188437679
2024-01-16 08:00:00+05:30,247.0,559.8,75.0,25.9,4.1,135.0,70.0,0.0,1013.7,100,13.0827,80.275,29.602404620836424
2024-01-16 09:00:00+05:30,466.0,723.5,100.0,26.9,5.6,130.0,65.0,4.0,1014.0,100,13.0827,80.275,53.021934983664075
2024-01-16 10:00:00+05:30,652.0,806.5,116.0,27.5,6.8,122.0,61.0,0.0,1013.7,100,13.0827,80.275,69.81919971457997
2024-01-16 11:00:00+05:30,782.0,850.5,125.0,28.0,7.9,106.0,58.0,0.0,1013.0,100,13.0827,80.275,81.34629373441102
2024-01-16 12:00:00+05:30,845.0,874.5,126.0,28.1,9.4,97.0,57.0,0.0,1011.9,100,13.0827,80.275,87.5662313292042
2024-01-16 13:00:00+05:30,833.0,876.2,123.0,28.0,9.4,97.0,55.0,0.0,1010.7,100,13.0827,80.275,86.17895852686553
2024-01-16 14:00:00+05:30,749.0,858.0,116.0,27.8,8.9,104.0,53.0,0.0,1009.6,100,13.0827,80.275,76.57821672812543
2024-01-16 15:00:00+05:30,596.0,807.3,104.0,27.4,8.6,112.0,52.0,0.0,1009.1,100,13.0827,80.275,65.34671110637854
2024-01-16 16:00:00+05:30,393.0,700.5,89.0,26.7,7.3,110.0,53.0,0.0,1009.1,100,13.0827,80.275,46.96418734976308
2024-01-16 17:00:00+05:30,168.0,492.4,58.0,24.8,4.0,100.0,73.0,0.0,1009.6,100,13.0827,80.275,21.63567032087965
2024-01-16 18:00:00+05:30,13.0,63.5,8.0,22.9,7.6,65.0,78.0,0.0,1010.1,100,13.0827,80.275,1.042942286271268
2024-01-16 19:00:00+05:30,0.0,0.0,0.0,23.3,6.3,66.0,76.0,0.0,1011.3,100,13.0827,80.275,0.0
2024-01-16 20:00:00+05:30,0.0,0.0,0.0,24.0,5.6,75.0,72.0,0.0,1012.0,100,13.0827,80.275,0.0
2024-01-16 21:00:00+05:30,0.0,0.0,0.0,21.7,8.5,78.0,84.0,0.0,1012.4,100,13.0827,80.275,0.0
2024-01-16 22:00:00+05:30,0.0,0.0,0.0,21.2,9.5,81.0,86.0,0.0,1012.3,100,13.0827,80.275,0.0
2024-01-16 23:00:00+05:30,0.0,0.0,0.0,21.6,7.2,87.0,86.0,0.0,1011.9,100,13.0827,80.275,0.0
2024-01-17 00:00:00+05:30,0.0,0.0,0.0,21.7,7.2,90.0,87.0,6.0,1011.4,100,13.0827,80.275,0.0
2024-01-17 01:00:00+05:30,0.0,0.0,0.0,21.3,8.0,98.0,87.0,27.0,1011.0,100,13.0827,80.275,0.0
2024-01-17 02:00:00+05:30,0.0,0.0,0.0,20.5,10.3,115.0,88.0,50.0,1010.3,100,13.0827,80.275,0.0
2024-01-17 03:00:00+05:30,0.0,0.0,0.0,21.2,8.2,131.0,85.0,76.0,1010.3,100,13.0827,80.275,0.0
2024-01-17 04:00:00+05:30,0.0,0.0,0.0,22.2,6.0,163.0,82.0,96.0,1010.5,100,13.0827,80.275,0.0
2024-01-17 05:00:00+05:30,0.0,0.0,0.0,21.0,5.3,208.0,89.0,86.0,1011.0,100,13.0827,80.275,0.0
2024-01-17 06:00:00+05:30,0.0,0.0,0.0,21.3,4.8,228.0,92.0,96.0,1011.7,100,13.0827,80.275,0.0
2024-01-17 07:00:00+05:30,42.0,122.0,27.0,22.3,5.8,274.0,90.0,82.0,1012.6,100,13.0827,80.275,4.371258509479033
2024-01-17 08:00:00+05:30,235.0,478.4,88.0,24.5,5.2,282.0,84.0,24.0,1013.2,100,13.0827,80.275,28.61888480139996
2024-01-17 09:00:00+05:30,457.0,677.4,114.0,26.0,0.8,27.0,77.0,47.0,1013.4,100,13.0827,80.275,49.30568175880752
2024-01-17 10:00:00+05:30,644.0,772.4,130.0,27.0,4.4,81.0,71.0,13.0,1013.1,100,13.0827,80.275,66.56579464248115
2024-01-17 11:00:00+05:30,752.0,763.8,161.0,27.7,5.5,67.0,68.0,19.0,1012.3,100,13.0827,80.275,74.93542641229072
2024-01-17 12:00:00+05:30,823.0,813.2,153.0,28.1,7.8,68.0,63.0,10.0,1011.1,100,13.0827,80.275,82.87587982282078
2024-01-17 13:00:00+05:30,833.0,867.8,128.0,28.1,10.4,70.0,62.0,1.0,1009.8,100,13.0827,80.275,86.9705296672093
2024-01-17 14:00:00+05:30,747.0,845.8,121.0,27.8,12.2,66.0,63.0,0.0,1009.1,100,13.0827,80.275,79.22587844207463
2024-01-17 15:00:00+05:30,594.0,792.7,109.0,27.2,13.2,68.0,63.0,0.0,1009.0,100,13.0827,80.275,65.982890389605
2024-01-17 16:00:00+05:30,386.0,669.1,94.0,26.5,12.9,72.0,62.0,1.0,1009.4,100,13.0827,80.275,44.18699246312061
2024-01-17 17:00:00+05:30,166.0,469.6,60.0,25.6,10.7,76.0,68.0,1.0,1009.8,100,13.0827,80.275,21.809346289195666
2024-01-17 18:00:00+05:30,13.0,62.6,8.0,24.5,7.6,90.0,71.0,0.0,1010.2,100,13.0827,80.275,1.0682180149656146
2024-01-17 19:00:00+05:30,0.0,0.0,0.0,23.9,6.9,99.0,74.0,0.0,1011.3,100,13.0827,80.275,0.0
2024-01-17 20:00:00+05:30,0.0,0.0,0.0,23.8,7.9,106.0,75.0,0.0,1012.2,100,13.0827,80.275,0.0
2024-01-17 21:00:00+05:30,0.0,0.0,0.0,23.3,7.4,104.0,79.0,0.0,1012.5,100,13.0827,80.275,0.0
2024-01-17 22:00:00+05:30,0.0,0.0,0.0,23.1,7.3,101.0,81.0,0.0,1012.4,100,13.0827,80.275,0.0
2024-01-17 23:00:00+05:30,0.0,0.0,0.0,22.6,7.6,95.0,86.0,0.0,1012.1,100,13.0827,80.275,0.0
2024-01-18 00:00:00+05:30,0.0,0.0,0.0,22.1,8.7,97.0,87.0,0.0,1011.5,100,13.0827,80.275,0.0
2024-01-18 01:00:00+05:30,0.0,0.0,0.0,21.7,9.7,94.0,88.0,0.0,1010.9,100,13.0827,80.275,0.0
2024-01-18 02:00:00+05:30,0.0,0.0,0.0,21.6,9.4,88.0,88.0,4.0,1010.3,100,13.0827,80.275,0.0
2024-01-18 03:00:00+05:30,0.0,0.0,0.0,22.3,7.6,98.0,85.0,8.0,1010.2,100,13.0827,80.275,0.0
2024-01-18 04:00:00+05:30,0.0,0.0,0.0,24.1,5.4,90.0,78.0,10.0,1010.5,100,13.0827,80.275,0.0
2024-01-18 05:00:00+05:30,0.0,0.0,0.0,23.4,2.9,360.0,81.0,13.0,1011.1,100,13.0827,80.275,0.0
2024-01-18 06:00:00+05:30,0.0,0.0,0.0,20.6,4.4,305.0,96.0,48.0,1011.8,100,13.0827,80.275,0.0
2024-01-18 07:00:00+05:30,43.0,130.1,27.0,22.3,4.7,293.0,91.0,84.0,1013.1,100,13.0827,80.275,4.664448652177587
2024-01-18 08:00:00+05:30,217.0,380.7,100.0,24.9,3.1,291.0,84.0,33.0,1013.9,100,13.0827,80.275,24.917185253572395
2024-01-18 09:00:00+05:30,432.0,593.8,131.0,26.8,4.0,85.0,74.0,53.0,1014.1,100,13.0827,80.275,47.88600212136059
2024-01-18 10:00:00+05:30,602.0,664.7,159.0,27.8,8.0,95.0,68.0,23.0,1013.8,100,13.0827,80.275,61.53907945765876
2024-01-18 11:00:00+05:30,732.0,700.4,189.0,28.3,8.3,95.0,65.0,36.0,1013.1,100,13.0827,80.275,73.59343386508917
2024-01-18 12:00:00+05:30,784.0,744.8,169.0,28.5,8.6,90.0,64.0,60.0,1011.9,100,13.0827,80.275,79.8528498189189
2024-01-18 13:00:00+05:30,769.0,705.9,194.0,28.4,9.5,79.0,64.0,72.0,1010.8,100,13.0827,80.275,75.59727360532536
2024-01-18 14:00:00+05:30,695.0,724.6,157.0,28.2,10.2,80.0,65.0,23.0,1009.9,100,13.0827,80.275,71.19702637728662
2024-01-18 15:00:00+05:30,539.0,660.9,133.0,27.7,10.8,86.0,67.0,9.0,1009.5,100,13.0827,80.275,57.07014927448803
2024-01-18 16:00:00+05:30,357.0,567.3,108.0,27.0,11.6,83.0,70.0,1.0,1009.7,100,13.0827,80.275,41.47154619238416
2024-01-18 17:00:00+05:30,162.0,442.8,61.0,26.2,10.0,75.0,74.0,1.0,1010.2,100,13.0827,80.275,20.71673121941853
2024-01-18 18:00:00+05:30,13.0,49.4,9.0,25.7,9.8,54.0,77.0,10.0,1010.6,100,13.0827,80.275,0.985735784975067
2024-01-18 19:00:00+05:30,0.0,0.0,0.0,25.2,8.4,65.0,81.0,6.0,1011.7,100,13.0827,80.275,0.0
2024-01-18 20:00:00+05:30,0.0,0.0,0.0,24.8,7.6,65.0,84.0,6.0,1012.5,100,13.0827,80.275,0.0
2024-01-18 21:00:00+05:30,0.0,0.0,0.0,24.5,7.8,68.0,86.0,1.0,1012.6,100,13.0827,80.275,0.0
2024-01-18 22:00:00+05:30,0.0,0.0,0.0,24.1,7.3,81.0,89.0,0.0,1012.3,100,13.0827,80.275,0.0
2024-01-18 23:00:00+05:30,0.0,0.0,0.0,23.8,6.5,84.0,90.0,2.0,1011.8,100,13.0827,80.275,0.0
2024-01-19 00:00:00+05:30,0.0,0.0,0.0,23.6,6.5,90.0,90.0,1.0,1011.2,100,13.0827,80.275,0.0
2024-01-19 01:00:00+05:30,0.0,0.0,0.0,22.9,6.9,62.0,92.0,1.0,1010.7,100,13.0827,80.275,0.0
2024-01-19 02:00:00+05:30,0.0,0.0,0.0,22.2,8.4,40.0,93.0,3.0,1010.3,100,13.0827,80.275,0.0
2024-01-19 03:00:00+05:30,0.0,0.0,0.0,22.2,7.5,35.0,93.0,11.0,1010.3,100,13.0827,80.275,0.0
2024-01-19 04:00:00+05:30,0.0,0.0,0.0,22.3,6.3,24.0,93.0,25.0,1010.7,100,13.0827,80.275,0.0
2024-01-19 05:00:00+05:30,0.0,0.0,0.0,22.3,5.4,360.0,94.0,29.0,1011.3,100,13.0827,80.275,0.0
2024-01-19 06:00:00+05:30,0.0,0.0,0.0,22.9,5.4,340.0,94.0,53.0,1012.2,100,13.0827,80.275,0.0
2024-01-19 07:00:00+05:30,44.0,146.4,26.0,23.9,9.2,339.0,91.0,70.0,1013.4,100,13.0827,80.275,4.8402493789562335
2024-01-19 08:00:00+05:30,221.0,435.8,87.0,26.0,8.1,13.0,85.0,22.0,1014.2,100,13.0827,80.275,26.423361840190527
2024-01-19 09:00:00+05:30,441.0,628.6,122.0,27.6,13.2,55.0,75.0,31.0,1014.4,100,13.0827,80.275,48.57469989893024
2024-01-19 10:00:00+05:30,598.0,659.1,158.0,28.1,13.2,64.0,73.0,19.0,1014.0,100,13.0827,80.275,64.61831384383919
2024-01-19 11:00:00+05:30,731.0,749.3,149.0,28.5,13.1,69.0,71.0,21.0,1013.2,100,13.0827,80.275,75.48400795112504
2024-01-19 12:00:00+05:30,783.0,735.8,174.0,28.6,13.7,72.0,70.0,16.0,1012.0,100,13.0827,80.275,81.89612010206902
2024-01-19 13:00:00+05:30,738.0,688.1,176.0,28.6,13.8,75.0,69.0,17.0,1011.0,100,13.0827,80.275,76.89781372069925
2024-01-19 14:00:00+05:30,668.0,675.3,165.0,28.4,12.9,77.0,70.0,23.0,1010.3,100,13.0827,80.275,71.73829683187442
2024-01-19 15:00:00+05:30,525.0,630.6,136.0,28.0,12.2,76.0,71.0,15.0,1010.0,100,13.0827,80.275,56.39818004343699
2024-01-19 16:00:00+05:30,360.0,577.7,105.0,27.5,11.6,83.0,72.0,9.0,1010.1,100,13.0827,80.275,41.1007465517907
2024-01-19 17:00:00+05:30,161.0,425.3,63.0,26.7,9.7,86.0,76.0,4.0,1010.5,100,13.0827,80.275,20.262018380925397
2024-01-19 18:00:00+05:30,14.0,60.8,9.0,24.9,5.8,60.0,84.0,4.0,1010.9,100,13.0827,80.275,1.1458561032446908
2024-01-19 19:00:00+05:30,0.0,0.0,0.0,24.6,6.5,56.0,85.0,11.0,1012.1,100,13.0827,80.275,0.0
2024-01-19 20:00:00+05:30,0.0,0.0,0.0,24.3,6.4,47.0,86.0,6.0,1012.9,100,13.0827,80.275,0.0
2024-01-19 21:00:00+05:30,0.0,0.0,0.0,24.3,7.1,45.0,86.0,3.0,1013.0,100,13.0827,80.275,0.0
2024-01-19 22:00:00+05:30,0.0,0.0,0.0,24.5,9.8,54.0,86.0,6.0,1012.8,100,13.0827,80.275,0.0
2024-01-19 23:00:00+05:30,0.0,0.0,0.0,24.6,10.6,62.0,84.0,18.0,1012.4,100,13.0827,80.275,0.0
2024-01-20 00:00:00+05:30,0.0,0.0,0.0,24.7,10.1,63.0,83.0,27.0,1012.2,100,13.0827,80.275,0.0
2024-01-20 01:00:00+05:30,0.0,0.0,0.0,24.6,9.3,62.0,83.0,31.0,1011.7,100,13.0827,80.275,0.0
2024-01-20 02:00:00+05:30,0.0,0.0,0.0,24.5,9.4,72.0,84.0,29.0,1011.3,100,13.0827,80.275,0.0
2024-01-20 03:00:00+05:30,0.0,0.0,0.0,24.3,8.9,76.0,84.0,80.0,1011.3,100,13.0827,80.275,0.0
2024-01-20 04:00:00+05:30,0.0,0.0,0.0,24.3,7.3,81.0,84.0,93.0,1011.5,100,13.0827,80.275,0.0
2024-01-20 05:00:00+05:30,0.0,0.0,0.0,24.5,6.5,90.0,83.0,72.0,1012.1,100,13.0827,80.275,0.0
2024-01-20 06:00:00+05:30,0.0,0.0,0.0,23.9,5.8,60.0,88.0,9.0,1013.1,100,13.0827,80.275,0.0
2024-01-20 07:00:00+05:30,46.0,170.8,25.0,25.3,7.4,47.0,84.0,18.0,1014.4,100,13.0827,80.275,5.261516602347789
2024-01-20 08:00:00+05:30,226.0,451.8,87.0,27.0,9.7,59.0,75.0,19.0,1015.2,100,13.0827,80.275,26.610219840195995
2024-01-20 09:00:00+05:30,436.0,616.0,123.0,27.7,11.9,65.0,71.0,2.0,1015.8,100,13.0827,80.275,48.980302814343524
2024-01-20 10:00:00+05:30,635.0,750.8,133.0,28.3,12.9,67.0,68.0,4.0,1015.6,100,13.0827,80.275,68.66197313621834
2024-01-20 11:00:00+05:30,763.0,804.3,137.0,28.6,13.6,73.0,65.0,7.0,1014.9,100,13.0827,80.275,80.57980653103984
2024-01-20 12:00:00+05:30,809.0,799.2,146.0,28.7,14.6,74.0,65.0,6.0,1013.6,100,13.0827,80.275,83.60705566879922
2024-01-20 13:00:00+05:30,806.0,809.5,143.0,28.6,14.3,78.0,67.0,9.0,1012.6,100,13.0827,80.275,86.88438347680211
2024-01-20 14:00:00+05:30,732.0,804.2,131.0,28.3,13.4,82.0,69.0,3.0,1011.7,100,13.0827,80.275,77.3918033172041
2024-01-20 15:00:00+05:30,589.0,766.9,114.0,28.0,12.6,77.0,70.0,0.0,1011.1,100,13.0827,80.275,63.883515484216396
2024-01-20 16:00:00+05:30,389.0,664.6,94.0,27.4,11.5,76.0,72.0,2.0,1011.2,100,13.0827,80.275,43.917262107770284
2024-01-20 17:00:00+05:30,169.0,459.6,62.0,26.5,10.0,75.0,76.0,19.0,1011.7,100,13.0827,80.275,21.078504479703586
2024-01-20 18:00:00+05:30,15.0,60.0,10.0,25.5,7.7,53.0,82.0,14.0,1012.3,100,13.0827,80.275,1.2430856930490468
2024-01-20 19:00:00+05:30,0.0,0.0,0.0,24.8,6.6,45.0,85.0,6.0,1013.4,100,13.0827,80.275,0.0
2024-01-20 20:00:00+05:30,0.0,0.0,0.0,24.6,7.7,53.0,86.0,0.0,1013.9,100,13.0827,80.275,0.0
2024-01-20 21:00:00+05:30,0.0,0.0,0.0,24.6,9.2,59.0,86.0,0.0,1014.1,100,13.0827,80.275,0.0
2024-01-20 22:00:00+05:30,0.0,0.0,0.0,24.5,8.6,57.0,86.0,6.0,1014.3,100,13.0827,80.275,0.0
2024-01-20 23:00:00+05:30,0.0,0.0,0.0,24.4,9.8,66.0,85.0,3.0,1013.9,100,13.0827,80.275,0.0
2024-01-21 00:00:00+05:30,0.0,0.0,0.0,24.3,9.8,73.0,85.0,71.0,1013.4,100,13.0827,80.275,0.0
2024-01-21 01:00:00+05:30,0.0,0.0,0.0,24.1,8.7,73.0,86.0,82.0,1012.8,100,13.0827,80.275,0.0
2024-01-21 02:00:00+05:30,0.0,0.0,0.0,23.7,7.6,71.0,87.0,97.0,1012.2,100,13.0827,80.275,0.0
2024-01-21 03:00:00+05:30,0.0,0.0,0.0,22.9,6.4,74.0,90.0,87.0,1012.0,100,13.0827,80.275,0.0
2024-01-21 04:00:00+05:30,0.0,0.0,0.0,22.2,8.9,69.0,91.0,100.0,1012.1,100,13.0827,80.275,0.0
2024-01-21 05:00:00+05:30,0.0,0.0,0.0,22.4,8.1,69.0,90.0,94.0,1012.4,100,13.0827,80.275,0.0
2024-01-21 06:00:00+05:30,0.0,0.0,0.0,23.3,6.5,90.0,91.0,79.0,1013.5,100,13.0827,80.275,0.0
2024-01-21 07:00:00+05:30,43.0,146.3,25.0,25.1,6.1,93.0,86.0,46.0,1014.6,100,13.0827,80.275,4.6627728485095945
2024-01-21 08:00:00+05:30,221.0,431.9,88.0,26.8,8.2,105.0,78.0,18.0,1015.3,100,13.0827,80.275,26.42418775880385
2024-01-21 09:00:00+05:30,437.0,619.0,122.0,27.7,10.4,104.0,71.0,10.0,1015.3,100,13.0827,80.275,49.705124506319684
2024-01-21 10:00:00+05:30,635.0,750.9,132.0,28.2,10.0,105.0,67.0,2.0,1015.0,100,13.0827,80.275,66.65503481177554
2024-01-21 11:00:00+05:30,776.0,825.7,132.0,28.7,10.0,111.0,64.0,0.0,1014.2,100,13.0827,80.275,79.458517400525
2024-01-21 12:00:00+05:30,844.0,861.0,128.0,29.1,11.1,119.0,62.0,0.0,1013.0,100,13.0827,80.275,87.27653060669525
2024-01-21 13:00:00+05:30,834.0,863.3,125.0,29.0,12.6,117.0,64.0,0.0,1012.0,100,13.0827,80.275,82.5964632410962
2024-01-21 14:00:00+05:30,748.0,838.9,119.0,28.7,12.2,118.0,65.0,73.0,1011.0,100,13.0827,80.275,77.8642799898355
2024-01-21 15:00:00+05:30,597.0,784.7,109.0,28.3,11.9,119.0,65.0,71.0,1010.6,100,13.0827,80.275,64.58351679397114
2024-01-21 16:00:00+05:30,395.0,676.5,93.0,27.5,12.1,120.0,68.0,83.0,1010.7,100,13.0827,80.275,44.23201272924825
2024-01-21 17:00:00+05:30,173.0,472.0,62.0,26.6,9.4,122.0,74.0,83.0,1011.2,100,13.0827,80.275,21.368365717424396
2024-01-21 18:00:00+05:30,16.0,71.0,10.0,24.8,5.2,106.0,83.0,89.0,1011.9,100,13.0827,80.275,1.3846787837711545
2024-01-21 19:00:00+05:30,0.0,0.0,0.0,23.8,7.6,109.0,89.0,88.0,1012.7,100,13.0827,80.275,0.0
2024-01-21 20:00:00+05:30,0.0,0.0,0.0,23.5,8.0,95.0,90.0,92.0,1013.5,100,13.0827,80.275,0.0
2024-01-21 21:00:00+05:30,0.0,0.0,0.0,23.8,6.8,87.0,88.0,94.0,1014.2,100,13.0827,80.275,0.0
2024-01-21 22:00:00+05:30,0.0,0.0,0.0,22.9,8.0,72.0,91.0,87.0,1014.5,100,13.0827,80.275,0.0
2024-01-21 23:00:00+05:30,0.0,0.0,0.0,22.5,8.2,49.0,93.0,43.0,1014.4,100,13.0827,80.275,0.0
2024-01-22 00:00:00+05:30,0.0,0.0,0.0,22.7,6.4,38.0,93.0,17.0,1013.9,100,13.0827,80.275,0.0
2024-01-22 01:00:00+05:30,0.0,0.0,0.0,22.3,7.4,47.0,94.0,55.0,1013.2,100,13.0827,80.275,0.0
2024-01-22 02:00:00+05:30,0.0,0.0,0.0,22.2,7.7,62.0,93.0,100.0,1012.8,100,13.0827,80.275,0.0
2024-01-22 03:00:00+05:30,0.0,0.0,0.0,22.0,8.3,88.0,92.0,99.0,1012.5,100,13.0827,80.275,0.0
2024-01-22 04:00:00+05:30,0.0,0.0,0.0,22.6,6.6,112.0,90.0,97.0,1012.6,100,13.0827,80.275,0.0
2024-01-22 05:00:00+05:30,0.0,0.0,0.0,22.3,6.8,122.0,90.0,93.0,1012.9,100,13.0827,80.275,0.0
2024-01-22 06:00:00+05:30,0.0,0.0,0.0,22.4,0.7,270.0,98.0,100.0,1014.1,100,13.0827,80.275,0.0
2024-01-22 07:00:00+05:30,38.0,113.7,24.0,23.2,1.5,284.0,94.0,100.0,1015.3,100,13.0827,80.275,3.8015413549486103
2024-01-22 08:00:00+05:30,192.0,272.4,108.0,24.8,1.1,180.0,92.0,83.0,1016.2,100,13.0827,80.275,20.1642097192726
2024-01-22 09:00:00+05:30,408.0,467.0,170.0,27.1,8.6,123.0,74.0,19.0,1016.3,100,13.0827,80.275,43.709065336489864
2024-01-22 10:00:00+05:30,623.0,712.3,145.0,28.1,11.1,119.0,66.0,6.0,1016.1,100,13.0827,80.275,66.72577230240472
2024-01-22 11:00:00+05:30,771.0,803.5,143.0,28.4,11.8,117.0,65.0,6.0,1015.4,100,13.0827,80.275,77.24621753561684
2024-01-22 12:00:00+05:30,843.0,852.9,132.0,28.6,12.7,119.0,64.0,3.0,1014.5,100,13.0827,80.275,85.3346187652453
2024-01-22 13:00:00+05:30,832.0,852.3,130.0,28.5,12.9,120.0,64.0,26.0,1013.4,100,13.0827,80.275,84.21567567362092
2024-01-22 14:00:00+05:30,742.0,820.2,125.0,28.4,12.3,122.0,63.0,87.0,1012.7,100,13.0827,80.275,74.36275312589937
2024-01-22 15:00:00+05:30,598.0,779.8,111.0,28.0,12.3,122.0,64.0,73.0,1012.5,100,13.0827,80.275,65.16299166631136
2024-01-22 16:00:00+05:30,395.0,672.8,93.0,27.2,12.4,126.0,70.0,82.0,1012.4,100,13.0827,80.275,44.810522494056684
2024-01-22 17:00:00+05:30,174.0,471.6,62.0,26.4,10.7,130.0,73.0,82.0,1012.8,100,13.0827,80.275,21.351970670933202
2024-01-22 18:00:00+05:30,15.0,58.4,10.0,25.8,6.1,118.0,77.0,27.0,1013.1,100,13.0827,80.275,1.245461881082635
2024-01-22 19:00:00+05:30,0.0,0.0,0.0,24.3,6.5,124.0,85.0,1.0,1013.9,100,13.0827,80.275,0.0
2024-01-22 20:00:00+05:30,0.0,0.0,0.0,23.8,7.1,120.0,85.0,0.0,1014.6,100,13.0827,80.275,0.0
2024-01-22 21:00:00+05:30,0.0,0.0,0.0,25.2,5.0,120.0,78.0,38.0,1015.1,100,13.0827,80.275,0.0
2024-01-22 22:00:00+05:30,0.0,0.0,0.0,23.5,6.6,99.0,85.0,73.0,1015.1,100,13.0827,80.275,0.0
2024-01-22 23:00:00+05:30,0.0,0.0,0.0,22.3,9.1,97.0,90.0,10.0,1014.7,100,13.0827,80.275,0.0
2024-01-23 00:00:00+05:30,0.0,0.0,0.0,22.5,7.6,85.0,90.0,4.0,1014.2,100,13.0827,80.275,0.0
2024-01-23 01:00:00+05:30,0.0,0.0,0.0,22.9,6.2,80.0,90.0,1.0,1013.8,100,13.0827,80.275,0.0
2024-01-23 02:00:00+05:30,0.0,0.0,0.0,23.2,7.2,96.0,87.0,3.0,1013.7,100,13.0827,80.275,0.0
2024-01-23 03:00:00+05:30,0.0,0.0,0.0,23.8,9.7,112.0,85.0,11.0,1013.4,100,13.0827,80.275,0.0
2024-01-23 04:00:00+05:30,0.0,0.0,0.0,24.2,11.8,121.0,82.0,26.0,1013.3,100,13.0827,80.275,0.0
2024-01-23 05:00:00+05:30,0.0,0.0,0.0,24.4,12.0,134.0,82.0,34.0,1013.4,100,13.0827,80.275,0.0
2024-01-23 06:00:00+05:30,0.0,0.0,0.0,25.2,8.4,121.0,82.0,94.0,1014.1,100,13.0827,80.275,0.0
2024-01-23 07:00:00+05:30,44.0,170.3,23.0,26.0,7.4,113.0,80.0,91.0,1015.1,100,13.0827,80.275,4.695298780010114
2024-01-23 08:00:00+05:30,218.0,414.6,90.0,27.4,9.7,112.0,71.0,39.0,1016.0,100,13.0827,80.275,25.54760051076159
2024-01-23 09:00:00+05:30,427.0,581.7,130.0,28.2,13.4,110.0,68.0,17.0,1016.2,100,13.0827,80.275,46.26849648007744
2024-01-23 10:00:00+05:30,611.0,709.4,134.0,28.6,14.6,110.0,65.0,12.0,1015.6,100,13.0827,80.275,63.64179600579843
2024-01-23 11:00:00+05:30,758.0,787.7,141.0,28.9,15.3,109.0,62.0,8.0,1015.0,100,13.0827,80.275,76.73129224887822
2024-01-23 12:00:00+05:30,829.0,818.5,145.0,29.0,14.7,112.0,63.0,8.0,1013.9,100,13.0827,80.275,86.25086816803768
2024-01-23 13:00:00+05:30,805.0,795.4,148.0,29.0,14.5,117.0,62.0,12.0,1012.5,100,13.0827,80.275,81.95553194050602
2024-01-23 14:00:00+05:30,721.0,765.7,143.0,28.8,14.8,124.0,62.0,4.0,1011.6,100,13.0827,80.275,76.74178527919888
2024-01-23 15:00:00+05:30,598.0,770.3,115.0,28.4,15.1,130.0,62.0,3.0,1011.0,100,13.0827,80.275,64.60692949714202
2024-01-23 16:00:00+05:30,397.0,666.8,96.0,27.8,14.3,137.0,65.0,3.0,1011.2,100,13.0827,80.275,44.84946803314548
2024-01-23 17:00:00+05:30,176.0,471.2,63.0,26.9,11.8,140.0,69.0,78.0,1011.7,100,13.0827,80.275,21.63900208098354
2024-01-23 18:00:00+05:30,17.0,69.1,11.0,25.6,7.3,147.0,75.0,1.0,1012.0,100,13.0827,80.275,1.522161533203686
2024-01-23 19:00:00+05:30,0.0,0.0,0.0,24.8,6.0,147.0,79.0,0.0,1013.0,100,13.0827,80.275,0.0
2024-01-23 20:00:00+05:30,0.0,0.0,0.0,24.2,6.4,153.0,82.0,0.0,1013.5,100,13.0827,80.275,0.0
2024-01-23 21:00:00+05:30,0.0,0.0,0.0,23.9,6.5,161.0,83.0,3.0,1013.9,100,13.0827,80.275,0.0
2024-01-23 22:00:00+05:30,0.0,0.0,0.0,23.6,6.6,171.0,85.0,62.0,1014.0,100,13.0827,80.275,0.0
2024-01-23 23:00:00+05:30,0.0,0.0,0.0,23.2,6.8,180.0,88.0,94.0,1013.8,100,13.0827,80.275,0.0
2024-01-24 00:00:00+05:30,0.0,0.0,0.0,22.6,8.0,185.0,90.0,96.0,1013.3,100,13.0827,80.275,0.0
2024-01-24 01:00:00+05:30,0.0,0.0,0.0,22.6,6.5,177.0,91.0,12.0,1012.7,100,13.0827,80.275,0.0
2024-01-24 02:00:00+05:30,0.0,0.0,0.0,22.8,6.2,170.0,92.0,90.0,1012.3,100,13.0827,80.275,0.0
2024-01-24 03:00:00+05:30,0.0,0.0,0.0,23.0,7.0,159.0,90.0,79.0,1012.1,100,13.0827,80.275,0.0
2024-01-24 04:00:00+05:30,0.0,0.0,0.0,23.0,7.1,156.0,89.0,91.0,1012.3,100,13.0827,80.275,0.0
2024-01-24 05:00:00+05:30,0.0,0.0,0.0,23.3,7.9,156.0,87.0,90.0,1013.0,100,13.0827,80.275,0.0
2024-01-24 06:00:00+05:30,0.0,0.0,0.0,22.3,5.6,225.0,94.0,91.0,1013.5,100,13.0827,80.275,0.0
2024-01-24 07:00:00+05:30,45.0,162.0,25.0,24.0,6.9,231.0,89.0,85.0,1014.5,100,13.0827,80.275,4.825746665570522
2024-01-24 08:00:00+05:30,235.0,488.3,84.0,26.1,6.9,208.0,82.0,21.0,1015.2,100,13.0827,80.275,27.124175736223084
2024-01-24 09:00:00+05:30,452.0,660.8,114.0,28.2,12.6,167.0,66.0,9.0,1015.5,100,13.0827,80.275,48.87205656208623
2024-01-24 10:00:00+05:30,632.0,751.0,126.0,29.0,15.5,152.0,60.0,8.0,1015.3,100,13.0827,80.275,68.78711897078412
2024-01-24 11:00:00+05:30,755.0,785.9,138.0,29.3,16.6,150.0,60.0,19.0,1014.7,100,13.0827,80.275,79.68201600575681
2024-01-24 12:00:00+05:30,791.0,749.6,163.0,29.4,16.6,150.0,59.0,12.0,1013.7,100,13.0827,80.275,79.76625319174958
2024-01-24 13:00:00+05:30,791.0,750.9,169.0,29.4,16.8,149.0,57.0,6.0,1012.2,100,13.0827,80.275,82.17963512489118
2024-01-24 14:00:00+05:30,727.0,773.7,141.0,29.3,16.9,151.0,56.0,7.0,1010.9,100,13.0827,80.275,77.87434869123226
2024-01-24 15:00:00+05:30,580.0,724.2,124.0,28.9,16.6,150.0,57.0,8.0,1010.5,100,13.0827,80.275,62.50409843596376
2024-01-24 16:00:00+05:30,392.0,647.7,98.0,28.1,15.5,152.0,58.0,4.0,1010.4,100,13.0827,80.275,44.49767153295099
2024-01-24 17:00:00+05:30,177.0,474.9,62.0,27.1,12.6,153.0,63.0,3.0,1011.0,100,13.0827,80.275,21.847207484295758
2024-01-24 18:00:00+05:30,17.0,79.6,10.0,25.9,9.3,152.0,75.0,5.0,1011.9,100,13.0827,80.275,1.5665562400654047
2024-01-24 19:00:00+05:30,0.0,0.0,0.0,25.4,9.8,152.0,79.0,42.0,1012.9,100,13.0827,80.275,0.0
2024-01-24 20:00:00+05:30,0.0,0.0,0.0,25.0,9.5,155.0,81.0,86.0,1013.8,100,13.0827,80.275,0.0
2024-01-24 21:00:00+05:30,0.0,0.0,0.0,24.8,10.3,144.0,82.0,88.0,1014.2,100,13.0827,80.275,0.0
2024-01-24 22:00:00+05:30,0.0,0.0,0.0,25.1,13.5,136.0,79.0,93.0,1013.9,100,13.0827,80.275,0.0
2024-01-24 23:00:00+05:30,0.0,0.0,0.0,25.1,13.8,133.0,79.0,83.0,1013.5,100,13.0827,80.275,0.0
2024-01-25 00:00:00+05:30,0.0,0.0,0.0,24.8,10.7,138.0,81.0,67.0,1013.4,100,13.0827,80.275,0.0
2024-01-25 01:00:00+05:30,0.0,0.0,0.0,24.0,7.0,145.0,85.0,100.0,1013.0,100,13.0827,80.275,0.0
2024-01-25 02:00:00+05:30,0.0,0.0,0.0,23.2,6.3,167.0,89.0,99.0,1012.1,100,13.0827,80.275,0.0
2024-01-25 03:00:00+05:30,0.0,0.0,0.0,22.3,7.6,188.0,92.0,100.0,1011.7,100,13.0827,80.275,0.0
2024-01-25 04:00:00+05:30,0.0,0.0,0.0,22.0,6.4,218.0,93.0,99.0,1012.0,100,13.0827,80.275,0.0
2024-01-25 05:00:00+05:30,0.0,0.0,0.0,21.3,6.5,251.0,95.0,99.0,1012.7,100,13.0827,80.275,0.0
2024-01-25 06:00:00+05:30,0.0,0.0,0.0,21.9,5.0,240.0,94.0,100.0,1013.5,100,13.0827,80.275,0.0
2024-01-25 07:00:00+05:30,45.0,145.6,27.0,23.6,3.7,241.0,89.0,97.0,1014.6,100,13.0827,80.275,4.7350626634481845
2024-01-25 08:00:00+05:30,227.0,422.8,96.0,26.4,5.4,160.0,81.0,84.0,1015.6,100,13.0827,80.275,26.348206173728315
2024-01-25 09:00:00+05:30,449.0,638.1,122.0,28.2,12.8,140.0,67.0,46.0,1016.1,100,13.0827,80.275,49.23173354003313
2024-01-25 10:00:00+05:30,620.0,716.8,136.0,28.8,14.3,135.0,65.0,25.0,1015.7,100,13.0827,80.275,66.25822183652909
2024-01-25 11:00:00+05:30,745.0,745.9,158.0,29.1,14.3,131.0,63.0,16.0,1015.3,100,13.0827,80.275,76.72476906134722
2024-01-25 12:00:00+05:30,819.0,785.7,159.0,29.2,14.3,129.0,61.0,22.0,1014.5,100,13.0827,80.275,81.41807841315489
2024-01-25 13:00:00+05:30,819.0,805.3,150.0,29.1,14.6,130.0,62.0,73.0,1013.5,100,13.0827,80.275,80.56659917228359
2024-01-25 14:00:00+05:30,737.0,786.9,139.0,28.9,15.3,131.0,61.0,86.0,1012.7,100,13.0827,80.275,77.1344205562259
2024-01-25 15:00:00+05:30,592.0,737.1,126.0,28.4,14.5,134.0,62.0,93.0,1012.3,100,13.0827,80.275,62.806027024166006
2024-01-25 16:00:00+05:30,390.0,626.6,104.0,27.8,12.7,135.0,66.0,86.0,1012.5,100,13.0827,80.275,42.32854773925359
2024-01-25 17:00:00+05:30,179.0,454.0,68.0,26.9,10.2,129.0,70.0,72.0,1013.0,100,13.0827,80.275,21.51918388062611
2024-01-25 18:00:00+05:30,18.0,78.6,11.0,25.1,6.2,97.0,78.0,0.0,1013.8,100,13.0827,80.275,1.6820602382987613
2024-01-25 19:00:00+05:30,0.0,0.0,0.0,24.8,6.8,87.0,80.0,0.0,1014.7,100,13.0827,80.275,0.0
2024-01-25 20:00:00+05:30,0.0,0.0,0.0,24.8,7.9,90.0,81.0,5.0,1015.5,100,13.0827,80.275,0.0
2024-01-25 21:00:00+05:30,0.0,0.0,0.0,24.7,8.1,103.0,82.0,12.0,1015.9,100,13.0827,80.275,0.0
2024-01-25 22:00:00+05:30,0.0,0.0,0.0,24.4,7.2,108.0,84.0,3.0,1016.1,100,13.0827,80.275,0.0
2024-01-25 23:00:00+05:30,0.0,0.0,0.0,23.4,6.9,99.0,89.0,3.0,1015.9,100,13.0827,80.275,0.0
2024-01-26 00:00:00+05:30,0.0,0.0,0.0,23.4,6.2,97.0,88.0,12.0,1015.5,100,13.0827,80.275,0.0
2024-01-26 01:00:00+05:30,0.0,0.0,0.0,23.2,6.2,100.0,88.0,18.0,1014.9,100,13.0827,80.275,0.0
2024-01-26 02:00:00+05:30,0.0,0.0,0.0,22.9,6.6,103.0,89.0,11.0,1014.2,100,13.0827,80.275,0.0
2024-01-26 03:00:00+05:30,0.0,0.0,0.0,22.5,8.2,105.0,90.0,17.0,1013.9,100,13.0827,80.275,0.0
2024-01-26 04:00:00+05:30,0.0,0.0,0.0,22.7,6.7,106.0,88.0,12.0,1014.1,100,13.0827,80.275,0.0
2024-01-26 05:00:00+05:30,0.0,0.0,0.0,22.1,9.4,92.0,90.0,12.0,1014.7,100,13.0827,80.275,0.0
2024-01-26 06:00:00+05:30,0.0,0.0,0.0,23.3,5.8,7.0,93.0,59.0,1015.5,100,13.0827,80.275,0.0
2024-01-26 07:00:00+05:30,41.0,145.3,23.0,24.4,6.1,332.0,90.0,41.0,1016.6,100,13.0827,80.275,4.1915211656140485
2024-01-26 08:00:00+05:30,199.0,357.6,88.0,25.5,4.8,48.0,81.0,100.0,1017.7,100,13.0827,80.275,22.414385909945885
2024-01-26 09:00:00+05:30,316.0,307.7,158.0,26.3,1.5,104.0,71.0,46.0,1018.3,100,13.0827,80.275,32.00754763612573
2024-01-26 10:00:00+05:30,470.0,351.7,232.0,27.8,8.0,82.0,65.0,40.0,1017.9,100,13.0827,80.275,46.697061778607576
2024-01-26 11:00:00+05:30,694.0,637.7,191.0,28.6,10.8,86.0,63.0,22.0,1017.2,100,13.0827,80.275,71.26061187243356
2024-01-26 12:00:00+05:30,809.0,768.2,162.0,29.0,12.8,79.0,62.0,12.0,1016.2,100,13.0827,80.275,82.4237172433779
2024-01-26 13:00:00+05:30,797.0,775.3,151.0,29.1,12.8,74.0,60.0,4.0,1015.0,100,13.0827,80.275,80.27596355664049
2024-01-26 14:00:00+05:30,735.0,782.9,138.0,29.0,12.9,67.0,60.0,2.0,1014.1,100,13.0827,80.275,74.44040337033114
2024-01-26 15:00:00+05:30,599.0,754.5,120.0,28.6,13.4,63.0,62.0,3.0,1013.6,100,13.0827,80.275,64.83231470176537
2024-01-26 16:00:00+05:30,398.0,653.7,98.0,27.8,14.8,56.0,66.0,4.0,1014.1,100,13.0827,80.275,44.60086721225533
2024-01-26 17:00:00+05:30,176.0,449.8,65.0,26.8,14.1,50.0,71.0,2.0,1014.7,100,13.0827,80.275,21.391897957584536
2024-01-26 18:00:00+05:30,18.0,77.6,11.0,26.1,12.2,43.0,73.0,1.0,1015.1,100,13.0827,80.275,1.5866498763036896
2024-01-26 19:00:00+05:30,0.0,0.0,0.0,25.6,11.8,40.0,76.0,1.0,1015.8,100,13.0827,80.275,0.0
2024-01-26 20:00:00+05:30,0.0,0.0,0.0,25.4,11.0,41.0,78.0,0.0,1016.6,100,13.0827,80.275,0.0
2024-01-26 21:00:00+05:30,0.0,0.0,0.0,25.2,10.4,46.0,79.0,0.0,1016.9,100,13.0827,80.275,0.0
2024-01-26 22:00:00+05:30,0.0,0.0,0.0,25.1,11.0,49.0,80.0,0.0,1017.0,100,13.0827,80.275,0.0
2024-01-26 23:00:00+05:30,0.0,0.0,0.0,25.0,11.1,54.0,79.0,5.0,1016.8,100,13.0827,80.275,0.0
2024-01-27 00:00:00+05:30,0.0,0.0,0.0,24.9,11.1,61.0,79.0,11.0,1016.4,100,13.0827,80.275,0.0
2024-01-27 01:00:00+05:30,0.0,0.0,0.0,24.8,10.8,64.0,80.0,14.0,1015.9,100,13.0827,80.275,0.0
2024-01-27 02:00:00+05:30,0.0,0.0,0.0,24.6,10.2,58.0,80.0,14.0,1015.2,100,13.0827,80.275,0.0
2024-01-27 03:00:00+05:30,0.0,0.0,0.0,24.3,9.3,54.0,81.0,88.0,1014.9,100,13.0827,80.275,0.0
2024-01-27 04:00:00+05:30,0.0,0.0,0.0,24.2,9.3,54.0,81.0,87.0,1015.0,100,13.0827,80.275,0.0
2024-01-27 05:00:00+05:30,0.0,0.0,0.0,24.2,9.6,56.0,81.0,86.0,1015.5,100,13.0827,80.275,0.0
2024-01-27 06:00:00+05:30,0.0,0.0,0.0,24.0,6.9,28.0,83.0,100.0,1016.2,100,13.0827,80.275,0.0
2024-01-27 07:00:00+05:30,42.0,144.9,24.0,25.0,8.7,24.0,81.0,98.0,1017.0,100,13.0827,80.275,4.293758842175562
2024-01-27 08:00:00+05:30,226.0,459.6,83.0,26.8,9.7,63.0,72.0,91.0,1017.6,100,13.0827,80.275,25.404478859068185
2024-01-27 09:00:00+05:30,433.0,598.4,125.0,28.0,10.1,73.0,66.0,96.0,1018.1,100,13.0827,80.275,45.56437831552924
2024-01-27 10:00:00+05:30,641.0,750.4,132.0,28.6,11.4,55.0,64.0,96.0,1017.8,100,13.0827,80.275,65.38783739993568
2024-01-27 11:00:00+05:30,768.0,801.8,134.0,29.1,13.0,51.0,60.0,88.0,1017.0,100,13.0827,80.275,77.07513165628764
2024-01-27 12:00:00+05:30,821.0,805.3,141.0,29.3,14.8,51.0,59.0,97.0,1015.8,100,13.0827,80.275,80.38181204445515
2024-01-27 13:00:00+05:30,817.0,794.6,153.0,29.3,15.9,51.0,60.0,100.0,1014.9,100,13.0827,80.275,83.71489516661003
2024-01-27 14:00:00+05:30,718.0,746.3,147.0,28.9,16.4,50.0,62.0,96.0,1013.8,100,13.0827,80.275,72.13263935107385
2024-01-27 15:00:00+05:30,568.0,671.5,140.0,28.4,16.6,49.0,63.0,90.0,1013.4,100,13.0827,80.275,61.05631342620227
2024-01-27 16:00:00+05:30,391.0,615.5,107.0,27.7,16.1,50.0,67.0,94.0,1013.4,100,13.0827,80.275,43.393526226999974
2024-01-27 17:00:00+05:30,166.0,381.5,71.0,26.8,14.3,51.0,72.0,92.0,1014.1,100,13.0827,80.275,19.294928372773043
2024-01-27 18:00:00+05:30,19.0,76.7,12.0,26.1,10.4,46.0,79.0,100.0,1014.3,100,13.0827,80.275,1.6227747480892578
2024-01-27 19:00:00+05:30,0.0,0.0,0.0,25.5,10.7,48.0,82.0,37.0,1015.2,100,13.0827,80.275,0.0
2024-01-27 20:00:00+05:30,0.0,0.0,0.0,25.6,10.5,49.0,81.0,77.0,1016.0,100,13.0827,80.275,0.0
2024-01-27 21:00:00+05:30,0.0,0.0,0.0,25.2,10.4,56.0,83.0,84.0,1016.6,100,13.0827,80.275,0.0
2024-01-27 22:00:00+05:30,0.0,0.0,0.0,24.9,10.1,55.0,82.0,91.0,1017.0,100,13.0827,80.275,0.0
2024-01-27 23:00:00+05:30,0.0,0.0,0.0,24.8,8.2,61.0,81.0,97.0,1016.6,100,13.0827,80.275,0.0
2024-01-28 00:00:00+05:30,0.0,0.0,0.0,24.8,8.4,65.0,81.0,93.0,1016.0,100,13.0827,80.275,0.0
2024-01-28 01:00:00+05:30,0.0,0.0,0.0,24.6,7.4,61.0,82.0,93.0,1015.1,100,13.0827,80.275,0.0
2024-01-28 02:00:00+05:30,0.0,0.0,0.0,24.3,6.7,74.0,83.0,61.0,1014.4,100,13.0827,80.275,0.0
2024-01-28 03:00:00+05:30,0.0,0.0,0.0,23.8,6.1,62.0,84.0,22.0,1013.9,100,13.0827,80.275,0.0
2024-01-28 04:00:00+05:30,0.0,0.0,0.0,23.4,6.0,57.0,86.0,97.0,1014.1,100,13.0827,80.275,0.0
2024-01-28 05:00:00+05:30,0.0,0.0,0.0,23.3,5.8,60.0,87.0,100.0,1014.6,100,13.0827,80.275,0.0
2024-01-28 06:00:00+05:30,0.0,0.0,0.0,23.9,5.2,34.0,85.0,100.0,1015.3,100,13.0827,80.275,0.0
2024-01-28 07:00:00+05:30,47.0,184.7,24.0,25.1,8.3,56.0,81.0,71.0,1016.1,100,13.0827,80.275,4.851937938019915
2024-01-28 08:00:00+05:30,245.0,535.4,78.0,27.0,13.2,68.0,71.0,40.0,1017.1,100,13.0827,80.275,29.269324947051917
2024-01-28 09:00:00+05:30,452.0,664.9,109.0,27.8,16.9,74.0,66.0,43.0,1017.8,100,13.0827,80.275,49.548267951502325
2024-01-28 10:00:00+05:30,623.0,716.3,136.0,28.2,17.0,77.0,65.0,30.0,1017.7,100,13.0827,80.275,66.76915775549261
2024-01-28 11:00:00+05:30,778.0,788.4,153.0,28.7,16.7,76.0,62.0,20.0,1017.2,100,13.0827,80.275,80.57082745386704
2024-01-28 12:00:00+05:30,828.0,790.1,159.0,28.9,16.3,72.0,61.0,24.0,1015.9,100,13.0827,80.275,83.27604087804217
2024-01-28 13:00:00+05:30,810.0,774.3,161.0,28.9,16.1,70.0,61.0,25.0,1014.7,100,13.0827,80.275,83.39578967623473
2024-01-28 14:00:00+05:30,691.0,704.7,150.0,28.6,15.8,69.0,62.0,82.0,1014.0,100,13.0827,80.275,68.87356599203395
2024-01-28 15:00:00+05:30,562.0,615.6,168.0,28.2,15.4,69.0,63.0,26.0,1013.7,100,13.0827,80.275,58.943705508039535
2024-01-28 16:00:00+05:30,373.0,569.1,109.0,27.5,14.7,65.0,64.0,21.0,1013.7,100,13.0827,80.275,40.43929295070932
2024-01-28 17:00:00+05:30,176.0,421.8,70.0,26.8,13.2,64.0,67.0,13.0,1014.2,100,13.0827,80.275,21.339653741707647
2024-01-28 18:00:00+05:30,18.0,75.7,11.0,26.1,9.9,46.0,74.0,63.0,1014.6,100,13.0827,80.275,1.5108902684988772
2024-01-28 19:00:00+05:30,0.0,0.0,0.0,25.7,10.2,45.0,76.0,90.0,1015.3,100,13.0827,80.275,0.0
2024-01-28 20:00:00+05:30,0.0,0.0,0.0,25.5,11.2,45.0,76.0,73.0,1016.2,100,13.0827,80.275,0.0
2024-01-28 21:00:00+05:30,0.0,0.0,0.0,25.3,12.0,46.0,77.0,19.0,1016.7,100,13.0827,80.275,0.0
2024-01-28 22:00:00+05:30,0.0,0.0,0.0,25.1,12.5,46.0,78.0,22.0,1016.9,100,13.0827,80.275,0.0
2024-01-28 23:00:00+05:30,0.0,0.0,0.0,24.9,12.0,49.0,78.0,100.0,1016.6,100,13.0827,80.275,0.0
2024-01-29 00:00:00+05:30,0.0,0.0,0.0,24.6,12.0,49.0,80.0,99.0,1016.0,100,13.0827,80.275,0.0
2024-01-29 01:00:00+05:30,0.0,0.0,0.0,24.4,11.4,55.0,80.0,97.0,1015.2,100,13.0827,80.275,0.0
2024-01-29 02:00:00+05:30,0.0,0.0,0.0,24.2,10.8,53.0,81.0,99.0,1014.5,100,13.0827,80.275,0.0
2024-01-29 03:00:00+05:30,0.0,0.0,0.0,24.0,10.0,49.0,82.0,100.0,1014.0,100,13.0827,80.275,0.0
2024-01-29 04:00:00+05:30,0.0,0.0,0.0,23.8,9.2,48.0,82.0,99.0,1014.0,100,13.0827,80.275,0.0
2024-01-29 05:00:00+05:30,0.0,0.0,0.0,23.5,8.2,49.0,81.0,100.0,1014.5,100,13.0827,80.275,0.0
2024-01-29 06:00:00+05:30,0.0,0.0,0.0,24.3,9.9,44.0,78.0,99.0,1015.3,100,13.0827,80.275,0.0
2024-01-29 07:00:00+05:30,48.0,176.2,26.0,25.3,12.2,45.0,74.0,98.0,1016.3,100,13.0827,80.275,5.023113547401931
2024-01-29 08:00:00+05:30,244.0,508.4,85.0,26.7,15.2,54.0,63.0,13.0,1017.0,100,13.0827,80.275,27.742909489835657
2024-01-29 09:00:00+05:30,477.0,719.3,105.0,27.5,14.8,56.0,57.0,20.0,1017.3,100,13.0827,80.275,51.89403468583981
2024-01-29 10:00:00+05:30,679.0,827.5,115.0,28.1,14.9,53.0,54.0,32.0,1016.9,100,13.0827,80.275,70.96769735932853
2024-01-29 11:00:00+05:30,818.0,875.8,122.0,28.5,15.6,50.0,52.0,40.0,1016.1,100,13.0827,80.275,83.48937371862716
2024-01-29 12:00:00+05:30,883.0,890.4,127.0,28.7,16.2,53.0,51.0,62.0,1015.3,100,13.0827,80.275,90.38786976612435
2024-01-29 13:00:00+05:30,873.0,892.2,123.0,28.5,16.8,55.0,51.0,65.0,1014.2,100,13.0827,80.275,85.95845534940919
2024-01-29 14:00:00+05:30,787.0,862.1,123.0,28.2,16.8,55.0,51.0,87.0,1013.1,100,13.0827,80.275,82.0978635958436
2024-01-29 15:00:00+05:30,634.0,810.8,113.0,27.7,16.9,50.0,53.0,97.0,1012.6,100,13.0827,80.275,66.18764813577127
2024-01-29 16:00:00+05:30,426.0,703.4,98.0,26.9,16.1,48.0,56.0,95.0,1012.7,100,13.0827,80.275,46.18793424070359
2024-01-29 17:00:00+05:30,196.0,512.8,66.0,25.9,14.1,50.0,62.0,98.0,1013.1,100,13.0827,80.275,23.28087469123261
2024-01-29 18:00:00+05:30,21.0,85.6,13.0,25.2,10.5,38.0,65.0,92.0,1014.1,100,13.0827,80.275,1.8040896519672747
2024-01-29 19:00:00+05:30,0.0,0.0,0.0,24.6,8.4,25.0,68.0,100.0,1015.2,100,13.0827,80.275,0.0
2024-01-29 20:00:00+05:30,0.0,0.0,0.0,24.0,7.9,16.0,71.0,99.0,1015.8,100,13.0827,80.275,0.0
2024-01-29 21:00:00+05:30,0.0,0.0,0.0,23.4,6.7,16.0,75.0,97.0,1016.4,100,13.0827,80.275,0.0
2024-01-29 22:00:00+05:30,0.0,0.0,0.0,22.9,6.3,24.0,78.0,97.0,1016.4,100,13.0827,80.275,0.0
2024-01-29 23:00:00+05:30,0.0,0.0,0.0,23.1,6.9,28.0,77.0,99.0,1016.0,100,13.0827,80.275,0.0
2024-01-30 00:00:00+05:30,0.0,0.0,0.0,23.0,6.6,29.0,78.0,98.0,1015.4,100,13.0827,80.275,0.0
2024-01-30 01:00:00+05:30,0.0,0.0,0.0,22.2,6.6,22.0,82.0,88.0,1014.7,100,13.0827,80.275,0.0
2024-01-30 02:00:00+05:30,0.0,0.0,0.0,21.8,6.8,360.0,84.0,99.0,1014.1,100,13.0827,80.275,0.0
2024-01-30 03:00:00+05:30,0.0,0.0,0.0,21.0,6.1,332.0,88.0,100.0,1013.3,100,13.0827,80.275,0.0
2024-01-30 04:00:00+05:30,0.0,0.0,0.0,20.9,5.6,310.0,88.0,100.0,1013.3,100,13.0827,80.275,0.0
2024-01-30 05:00:00+05:30,0.0,0.0,0.0,20.5,6.9,309.0,89.0,75.0,1013.5,100,13.0827,80.275,0.0
2024-01-30 06:00:00+05:30,0.0,0.0,0.0,21.7,7.9,313.0,85.0,78.0,1014.3,100,13.0827,80.275,0.0
2024-01-30 07:00:00+05:30,47.0,175.6,25.0,22.5,10.0,308.0,83.0,36.0,1014.9,100,13.0827,80.275,4.967605965138554
2024-01-30 08:00:00+05:30,228.0,417.7,97.0,24.7,10.2,321.0,75.0,13.0,1015.8,100,13.0827,80.275,26.118833647545816
2024-01-30 09:00:00+05:30,434.0,561.3,143.0,26.8,8.7,355.0,68.0,7.0,1016.2,100,13.0827,80.275,45.88835770988814
2024-01-30 10:00:00+05:30,651.0,755.2,135.0,28.4,9.9,46.0,60.0,24.0,1016.0,100,13.0827,80.275,69.04918380972934
2024-01-30 11:00:00+05:30,761.0,741.7,170.0,29.1,10.4,56.0,57.0,47.0,1015.2,100,13.0827,80.275,76.39013226724046
2024-01-30 12:00:00+05:30,827.0,764.7,176.0,29.8,11.3,68.0,55.0,59.0,1013.8,100,13.0827,80.275,80.62124926321366
2024-01-30 13:00:00+05:30,815.0,746.0,186.0,29.6,13.4,76.0,55.0,15.0,1012.6,100,13.0827,80.275,80.36735548068779
2024-01-30 14:00:00+05:30,656.0,582.3,206.0,28.3,18.8,78.0,59.0,38.0,1011.5,100,13.0827,80.275,68.57720554340449
2024-01-30 15:00:00+05:30,515.0,550.3,160.0,28.1,17.2,70.0,60.0,23.0,1011.0,100,13.0827,80.275,54.50885964050382
2024-01-30 16:00:00+05:30,391.0,605.9,107.0,27.6,17.1,62.0,63.0,17.0,1011.2,100,13.0827,80.275,43.64449762972284
2024-01-30 17:00:00+05:30,190.0,485.0,66.0,26.6,16.1,61.0,66.0,17.0,1011.7,100,13.0827,80.275,23.16152508747719
2024-01-30 18:00:00+05:30,21.0,84.6,13.0,26.0,16.4,57.0,70.0,71.0,1012.7,100,13.0827,80.275,1.7765300230590937
2024-01-30 19:00:00+05:30,0.0,0.0,0.0,25.8,15.6,64.0,72.0,66.0,1013.8,100,13.0827,80.275,0.0
2024-01-30 20:00:00+05:30,0.0,0.0,0.0,25.7,14.2,74.0,73.0,56.0,1014.6,100,13.0827,80.275,0.0
2024-01-30 21:00:00+05:30,0.0,0.0,0.0,25.5,13.3,77.0,74.0,67.0,1015.1,100,13.0827,80.275,0.0
2024-01-30 22:00:00+05:30,0.0,0.0,0.0,25.4,12.4,73.0,75.0,52.0,1015.2,100,13.0827,80.275,0.0
2024-01-30 23:00:00+05:30,0.0,0.0,0.0,25.1,10.1,63.0,76.0,26.0,1015.2,100,13.0827,80.275,0.0
2024-01-31 00:00:00+05:30,0.0,0.0,0.0,24.6,8.2,52.0,79.0,34.0,1014.9,100,13.0827,80.275,0.0
2024-01-31 01:00:00+05:30,0.0,0.0,0.0,24.2,7.3,57.0,82.0,0.0,1014.1,100,13.0827,80.275,0.0
2024-01-31 02:00:00+05:30,0.0,0.0,0.0,23.4,6.6,61.0,87.0,6.0,1013.2,100,13.0827,80.275,0.0
2024-01-31 03:00:00+05:30,0.0,0.0,0.0,22.7,8.8,55.0,90.0,59.0,1012.7,100,13.0827,80.275,0.0
2024-01-31 04:00:00+05:30,0.0,0.0,0.0,22.5,7.4,23.0,90.0,59.0,1012.5,100,13.0827,80.275,0.0
2024-01-31 05:00:00+05:30,0.0,0.0,0.0,22.2,6.2,350.0,91.0,50.0,1012.9,100,13.0827,80.275,0.0
2024-01-31 06:00:00+05:30,0.0,0.0,0.0,23.2,4.6,342.0,89.0,55.0,1013.7,100,13.0827,80.275,0.0
2024-01-31 07:00:00+05:30,46.0,159.1,26.0,24.5,6.0,335.0,84.0,27.0,1014.6,100,13.0827,80.275,4.668808756946894
2024-01-31 08:00:00+05:30,229.0,445.0,89.0,26.5,4.0,10.0,77.0,22.0,1015.4,100,13.0827,80.275,25.790779810829775
2024-01-31 09:00:00+05:30,452.0,636.7,121.0,28.1,8.8,71.0,68.0,25.0,1015.9,100,13.0827,80.275,48.491874110143506
2024-01-31 10:00:00+05:30,601.0,636.5,165.0,28.8,9.4,83.0,65.0,23.0,1015.7,100,13.0827,80.275,60.81585412793571
2024-01-31 11:00:00+05:30,763.0,756.1,159.0,29.3,9.7,88.0,63.0,88.0,1015.1,100,13.0827,80.275,72.35685197982455
2024-01-31 12:00:00+05:30,809.0,779.0,144.0,29.4,10.5,82.0,61.0,63.0,1014.3,100,13.0827,80.275,78.21231632999883
2024-01-31 13:00:00+05:30,773.0,642.1,230.0,29.4,13.1,82.0,60.0,75.0,1013.2,100,13.0827,80.275,74.27228663665798
2024-01-31 14:00:00+05:30,638.0,607.4,167.0,28.9,13.8,81.0,59.0,74.0,1012.3,100,13.0827,80.275,62.267115857169394
2024-01-31 15:00:00+05:30,548.0,609.9,153.0,28.6,13.2,79.0,62.0,18.0,1011.9,100,13.0827,80.275,57.45712292931
2024-01-31 16:00:00+05:30,378.0,554.0,117.0,28.0,12.0,81.0,66.0,6.0,1011.7,100,13.0827,80.275,41.421779432507876
2024-01-31 17:00:00+05:30,188.0,469.4,67.0,27.2,11.5,92.0,69.0,4.0,1011.9,100,13.0827,80.275,22.21530239586607
2024-01-31 18:00:00+05:30,22.0,94.2,13.0,26.8,10.1,107.0,70.0,0.0,1012.2,100,13.0827,80.275,1.9098510807999018
2024-01-31 19:00:00+05:30,0.0,0.0,0.0,26.5,11.3,97.0,72.0,11.0,1013.1,100,13.0827,80.275,0.0
2024-01-31 20:00:00+05:30,0.0,0.0,0.0,26.4,12.3,97.0,74.0,38.0,1013.9,100,13.0827,80.275,0.0
2024-01-31 21:00:00+05:30,0.0,0.0,0.0,26.3,12.8,100.0,76.0,31.0,1014.4,100,13.0827,80.275,0.0
2024-01-31 22:00:00+05:30,0.0,0.0,0.0,26.1,11.5,92.0,78.0,100.0,1014.5,100,13.0827,80.275,0.0
2024-01-31 23:00:00+05:30,0.0,0.0,0.0,26.1,11.3,97.0,79.0,99.0,1014.1,100,13.0827,80.275,0.0
2024-02-01 00:00:00+05:30,0.0,0.0,0.0,25.8,10.2,98.0,80.0,96.0,1013.7,100,13.0827,80.275,0.0
2024-02-01 01:00:00+05:30,0.0,0.0,0.0,25.6,10.1,107.0,82.0,97.0,1013.2,100,13.0827,80.275,0.0
2024-02-01 02:00:00+05:30,0.0,0.0,0.0,25.1,6.6,119.0,86.0,96.0,1012.9,100,13.0827,80.275,0.0
2024-02-01 03:00:00+05:30,0.0,0.0,0.0,24.5,6.1,130.0,89.0,95.0,1012.6,100,13.0827,80.275,0.0
2024-02-01 04:00:00+05:30,0.0,0.0,0.0,23.9,6.9,141.0,92.0,99.0,1012.6,100,13.0827,80.275,0.0
2024-02-01 05:00:00+05:30,0.0,0.0,0.0,24.0,6.3,156.0,92.0,100.0,1013.1,100,13.0827,80.275,0.0
2024-02-01 06:00:00+05:30,0.0,0.0,0.0,24.7,3.9,214.0,92.0,100.0,1013.7,100,13.0827,80.275,0.0
2024-02-01 07:00:00+05:30,32.0,55.5,25.0,25.5,3.8,229.0,90.0,91.0,1014.8,100,13.0827,80.275,2.654201203326339
2024-02-01 08:00:00+05:30,201.0,323.1,99.0,26.8,4.2,250.0,83.0,100.0,1015.8,100,13.0827,80.275,21.013039030811672
2024-02-01 09:00:00+05:30,362.0,395.2,156.0,27.3,3.3,131.0,82.0,96.0,1016.4,100,13.0827,80.275,36.10262715883342
2024-02-01 10:00:00+05:30,555.0,497.9,213.0,28.5,6.5,90.0,75.0,94.0,1016.3,100,13.0827,80.275,54.5837525092771
2024-02-01 11:00:00+05:30,706.0,624.2,206.0,29.2,11.6,83.0,70.0,98.0,1015.5,100,13.0827,80.275,67.75226787171445
2024-02-01 12:00:00+05:30,744.0,639.0,197.0,29.2,13.0,95.0,68.0,99.0,1014.5,100,13.0827,80.275,72.52822949288694
2024-02-01 13:00:00+05:30,787.0,719.2,177.0,29.0,13.7,95.0,70.0,90.0,1013.3,100,13.0827,80.275,76.18226737437054
2024-02-01 14:00:00+05:30,693.0,669.7,172.0,28.8,13.8,97.0,72.0,99.0,1012.2,100,13.0827,80.275,67.76686227654801
2024-02-01 15:00:00+05:30,600.0,709.1,139.0,28.6,14.4,103.0,72.0,99.0,1011.6,100,13.0827,80.275,60.73294412409551
2024-02-01 16:00:00+05:30,365.0,528.1,115.0,28.0,13.6,112.0,76.0,95.0,1011.5,100,13.0827,80.275,38.90494993826808
2024-02-01 17:00:00+05:30,163.0,380.9,64.0,27.4,12.9,117.0,78.0,95.0,1011.7,100,13.0827,80.275,18.22555948684565
2024-02-01 18:00:00+05:30,19.0,62.1,13.0,27.0,11.3,117.0,84.0,88.0,1012.3,100,13.0827,80.275,1.3835454605582769
2024-02-01 19:00:00+05:30,0.0,0.0,0.0,26.8,10.8,120.0,85.0,95.0,1013.1,100,13.0827,80.275,0.0
2024-02-01 20:00:00+05:30,0.0,0.0,0.0,26.4,9.2,121.0,87.0,90.0,1013.7,100,13.0827,80.275,0.0
2024-02-01 21:00:00+05:30,0.0,0.0,0.0,26.2,10.6,118.0,88.0,87.0,1014.1,100,13.0827,80.275,0.0
2024-02-01 22:00:00+05:30,0.0,0.0,0.0,25.9,9.7,121.0,90.0,83.0,1014.2,100,13.0827,80.275,0.0
2024-02-01 23:00:00+05:30,0.0,0.0,0.0,25.7,8.1,122.0,91.0,85.0,1014.0,100,13.0827,80.275,0.0
2024-02-02 00:00:00+05:30,0.0,0.0,0.0,25.4,7.5,125.0,92.0,83.0,1013.7,100,13.0827,80.275,0.0
2024-02-02 01:00:00+05:30,0.0,0.0,0.0,24.9,5.1,129.0,94.0,89.0,1013.1,100,13.0827,80.275,0.0
2024-02-02 02:00:00+05:30,0.0,0.0,0.0,24.1,6.6,139.0,96.0,95.0,1012.8,100,13.0827,80.275,0.0
2024-02-02 03:00:00+05:30,0.0,0.0,0.0,23.9,6.9,152.0,96.0,85.0,1012.5,100,13.0827,80.275,0.0
2024-02-02 04:00:00+05:30,0.0,0.0,0.0,23.5,7.2,162.0,97.0,85.0,1012.5,100,13.0827,80.275,0.0
2024-02-02 05:00:00+05:30,0.0,0.0,0.0,23.5,5.4,180.0,97.0,89.0,1012.9,100,13.0827,80.275,0.0
2024-02-02 06:00:00+05:30,0.0,0.0,0.0,24.6,4.6,162.0,89.0,97.0,1013.5,100,13.0827,80.275,0.0
2024-02-02 07:00:00+05:30,47.0,165.8,26.0,26.0,6.8,155.0,84.0,94.0,1014.4,100,13.0827,80.275,4.714086932580194
2024-02-02 08:00:00+05:30,241.0,505.1,81.0,27.6,5.1,184.0,76.0,96.0,1015.3,100,13.0827,80.275,26.416746256317268
2024-02-02 09:00:00+05:30,450.0,633.1,119.0,28.9,7.0,159.0,71.0,96.0,1015.9,100,13.0827,80.275,45.91404805535416
2024-02-02 10:00:00+05:30,594.0,643.3,151.0,29.7,8.4,133.0,66.0,94.0,1015.7,100,13.0827,80.275,59.19062496056813
2024-02-02 11:00:00+05:30,697.0,676.1,154.0,29.8,12.2,124.0,66.0,98.0,1014.8,100,13.0827,80.275,67.98754789387117
2024-02-02 12:00:00+05:30,789.0,738.6,155.0,29.9,14.1,128.0,67.0,91.0,1013.6,100,13.0827,80.275,76.71594740058299
2024-02-02 13:00:00+05:30,752.0,686.5,168.0,29.8,14.6,128.0,66.0,94.0,1012.5,100,13.0827,80.275,73.92319441718583
2024-02-02 14:00:00+05:30,679.0,644.5,176.0,29.6,15.0,132.0,67.0,94.0,1011.5,100,13.0827,80.275,66.77658260859755
2024-02-02 15:00:00+05:30,592.0,691.1,141.0,29.4,14.0,136.0,66.0,97.0,1011.1,100,13.0827,80.275,59.98283452935374
2024-02-02 16:00:00+05:30,410.0,651.6,100.0,28.8,13.5,136.0,68.0,96.0,1010.9,100,13.0827,80.275,46.064999727291536
2024-02-02 17:00:00+05:30,192.0,477.2,67.0,27.8,12.0,136.0,72.0,96.0,1011.4,100,13.0827,80.275,21.590581950813988
2024-02-02 18:00:00+05:30,21.0,82.0,13.0,26.9,9.2,116.0,81.0,99.0,1012.1,100,13.0827,80.275,1.6277070271199414
2024-02-02 19:00:00+05:30,0.0,0.0,0.0,26.3,7.1,105.0,84.0,99.0,1012.9,100,13.0827,80.275,0.0
2024-02-02 20:00:00+05:30,0.0,0.0,0.0,26.0,9.2,101.0,85.0,99.0,1013.5,100,13.0827,80.275,0.0
2024-02-02 21:00:00+05:30,0.0,0.0,0.0,25.8,10.0,103.0,86.0,95.0,1013.7,100,13.0827,80.275,0.0
2024-02-02 22:00:00+05:30,0.0,0.0,0.0,25.4,9.1,99.0,88.0,99.0,1013.7,100,13.0827,80.275,0.0
2024-02-02 23:00:00+05:30,0.0,0.0,0.0,25.2,10.1,96.0,90.0,95.0,1013.7,100,13.0827,80.275,0.0
2024-02-03 00:00:00+05:30,0.0,0.0,0.0,25.0,9.6,103.0,92.0,99.0,1013.4,100,13.0827,80.275,0.0
2024-02-03 01:00:00+05:30,0.0,0.0,0.0,24.9,9.2,111.0,93.0,99.0,1013.1,100,13.0827,80.275,0.0
2024-02-03 02:00:00+05:30,0.0,0.0,0.0,24.6,6.8,122.0,93.0,100.0,1012.5,100,13.0827,80.275,0.0
2024-02-03 03:00:00+05:30,0.0,0.0,0.0,24.3,5.9,133.0,93.0,99.0,1012.5,100,13.0827,80.275,0.0
2024-02-03 04:00:00+05:30,0.0,0.0,0.0,23.7,5.9,137.0,94.0,98.0,1012.7,100,13.0827,80.275,0.0
2024-02-03 05:00:00+05:30,0.0,0.0,0.0,23.5,6.8,162.0,95.0,99.0,1013.1,100,13.0827,80.275,0.0
2024-02-03 06:00:00+05:30,0.0,0.0,0.0,23.9,6.5,161.0,91.0,99.0,1014.0,100,13.0827,80.275,0.0
2024-02-03 07:00:00+05:30,48.0,165.1,27.0,25.3,2.3,162.0,87.0,97.0,1015.0,100,13.0827,80.275,4.7376678237962775
2024-02-03 08:00:00+05:30,230.0,405.7,101.0,27.0,3.1,111.0,79.0,97.0,1015.9,100,13.0827,80.275,25.380134087474687
2024-02-03 09:00:00+05:30,461.0,644.6,123.0,28.5,8.8,109.0,69.0,99.0,1016.3,100,13.0827,80.275,47.727162981620026
2024-02-03 10:00:00+05:30,648.0,739.9,137.0,29.2,10.3,102.0,64.0,99.0,1016.3,100,13.0827,80.275,66.09945165448872
2024-02-03 11:00:00+05:30,784.0,799.6,140.0,29.6,11.2,96.0,61.0,97.0,1015.6,100,13.0827,80.275,77.00086725280345
2024-02-03 12:00:00+05:30,862.0,835.2,143.0,29.7,11.9,92.0,61.0,97.0,1014.7,100,13.0827,80.275,82.23769296508755
2024-02-03 13:00:00+05:30,865.0,856.8,134.0,29.8,12.6,93.0,60.0,98.0,1013.6,100,13.0827,80.275,82.70814691825362
2024-02-03 14:00:00+05:30,742.0,753.5,152.0,29.4,12.2,90.0,62.0,97.0,1012.8,100,13.0827,80.275,74.0031402656333
2024-02-03 15:00:00+05:30,617.0,748.0,127.0,29.0,11.7,81.0,65.0,96.0,1012.5,100,13.0827,80.275,62.38273233572121
2024-02-03 16:00:00+05:30,420.0,665.3,102.0,28.4,10.0,75.0,68.0,78.0,1012.3,100,13.0827,80.275,44.88951675821517
2024-02-03 17:00:00+05:30,201.0,511.5,66.0,27.4,9.4,67.0,71.0,27.0,1012.5,100,13.0827,80.275,23.49162806928118
2024-02-03 18:00:00+05:30,24.0,111.6,13.0,26.1,6.8,65.0,77.0,9.0,1013.0,100,13.0827,80.275,2.0417874861711174
2024-02-03 19:00:00+05:30,0.0,0.0,0.0,25.6,6.1,62.0,81.0,40.0,1014.0,100,13.0827,80.275,0.0
2024-02-03 20:00:00+05:30,0.0,0.0,0.0,25.2,6.1,50.0,83.0,5.0,1015.2,100,13.0827,80.275,0.0
2024-02-03 21:00:00+05:30,0.0,0.0,0.0,24.4,5.4,42.0,88.0,5.0,1015.8,100,13.0827,80.275,0.0
2024-02-03 22:00:00+05:30,0.0,0.0,0.0,24.1,5.6,45.0,90.0,14.0,1016.0,100,13.0827,80.275,0.0
2024-02-03 23:00:00+05:30,0.0,0.0,0.0,24.2,6.7,54.0,89.0,16.0,1015.6,100,13.0827,80.275,0.0
2024-02-04 00:00:00+05:30,0.0,0.0,0.0,24.2,7.2,63.0,88.0,33.0,1015.4,100,13.0827,80.275,0.0
2024-02-04 01:00:00+05:30,0.0,0.0,0.0,24.0,6.5,71.0,89.0,24.0,1014.7,100,13.0827,80.275,0.0
2024-02-04 02:00:00+05:30,0.0,0.0,0.0,23.5,5.8,86.0,90.0,25.0,1014.2,100,13.0827,80.275,0.0
2024-02-04 03:00:00+05:30,0.0,0.0,0.0,23.7,7.0,111.0,90.0,76.0,1013.7,100,13.0827,80.275,0.0
2024-02-04 04:00:00+05:30,0.0,0.0,0.0,23.9,6.9,118.0,89.0,73.0,1013.8,100,13.0827,80.275,0.0
2024-02-04 05:00:00+05:30,0.0,0.0,0.0,22.6,8.4,115.0,93.0,68.0,1014.5,100,13.0827,80.275,0.0
2024-02-04 06:00:00+05:30,0.0,0.0,0.0,23.8,5.9,38.0,91.0,63.0,1015.8,100,13.0827,80.275,0.0
2024-02-04 07:00:00+05:30,47.0,172.2,25.0,25.2,4.0,360.0,86.0,55.0,1016.8,100,13.0827,80.275,4.7334585381347285
2024-02-04 08:00:00+05:30,245.0,516.8,80.0,27.1,3.8,41.0,76.0,74.0,1017.7,100,13.0827,80.275,27.140442469983654
2024-02-04 09:00:00+05:30,461.0,661.6,113.0,28.3,5.6,75.0,67.0,0.0,1018.0,100,13.0827,80.275,48.546914687241504
2024-02-04 10:00:00+05:30,672.0,798.5,119.0,29.3,7.7,79.0,61.0,21.0,1017.9,100,13.0827,80.275,67.02573032686593
2024-02-04 11:00:00+05:30,810.0,846.9,126.0,29.9,10.0,77.0,57.0,58.0,1017.3,100,13.0827,80.275,76.73313041234914
2024-02-04 12:00:00+05:30,879.0,873.4,125.0,30.0,12.7,75.0,57.0,50.0,1016.4,100,13.0827,80.275,86.52586511517312
2024-02-04 13:00:00+05:30,871.0,870.6,126.0,29.9,13.4,76.0,58.0,10.0,1015.5,100,13.0827,80.275,84.16217266431501
2024-02-04 14:00:00+05:30,779.0,835.0,123.0,29.5,13.1,69.0,60.0,0.0,1014.5,100,13.0827,80.275,80.56114277788097
2024-02-04 15:00:00+05:30,637.0,800.0,111.0,29.0,12.9,67.0,60.0,0.0,1014.0,100,13.0827,80.275,65.47040769049869
2024-02-04 16:00:00+05:30,432.0,701.7,95.0,28.2,12.3,69.0,65.0,8.0,1013.7,100,13.0827,80.275,46.48737527764516
2024-02-04 17:00:00+05:30,203.0,515.2,66.0,27.1,11.6,68.0,72.0,30.0,1014.0,100,13.0827,80.275,23.743815643633027
2024-02-04 18:00:00+05:30,25.0,110.5,14.0,26.1,9.2,64.0,79.0,55.0,1014.6,100,13.0827,80.275,2.1098627072050298
2024-02-04 19:00:00+05:30,0.0,0.0,0.0,25.5,8.4,65.0,84.0,90.0,1015.2,100,13.0827,80.275,0.0
2024-02-04 20:00:00+05:30,0.0,0.0,0.0,25.3,9.0,61.0,85.0,91.0,1016.4,100,13.0827,80.275,0.0
2024-02-04 21:00:00+05:30,0.0,0.0,0.0,25.1,9.2,59.0,85.0,83.0,1016.8,100,13.0827,80.275,0.0
2024-02-04 22:00:00+05:30,0.0,0.0,0.0,24.8,8.0,63.0,87.0,76.0,1016.8,100,13.0827,80.275,0.0
2024-02-04 23:00:00+05:30,0.0,0.0,0.0,24.4,7.6,71.0,89.0,91.0,1016.3,100,13.0827,80.275,0.0
2024-02-05 00:00:00+05:30,0.0,0.0,0.0,24.0,6.8,72.0,91.0,85.0,1015.9,100,13.0827,80.275,0.0
2024-02-05 01:00:00+05:30,0.0,0.0,0.0,23.6,6.0,65.0,92.0,90.0,1015.1,100,13.0827,80.275,0.0
2024-02-05 02:00:00+05:30,0.0,0.0,0.0,23.2,5.5,67.0,93.0,97.0,1014.6,100,13.0827,80.275,0.0
2024-02-05 03:00:00+05:30,0.0,0.0,0.0,22.4,8.1,58.0,94.0,97.0,1014.2,100,13.0827,80.275,0.0
2024-02-05 04:00:00+05:30,0.0,0.0,0.0,22.3,7.1,30.0,95.0,94.0,1014.3,100,13.0827,80.275,0.0
2024-02-05 05:00:00+05:30,0.0,0.0,0.0,22.1,5.4,352.0,98.0,40.0,1014.9,100,13.0827,80.275,0.0
2024-02-05 06:00:00+05:30,0.0,0.0,0.0,22.9,4.0,333.0,96.0,46.0,1015.6,100,13.0827,80.275,0.0
2024-02-05 07:00:00+05:30,46.0,148.0,27.0,24.1,5.6,320.0,92.0,67.0,1016.4,100,13.0827,80.275,4.568840243493698
2024-02-05 08:00:00+05:30,230.0,421.1,95.0,26.3,5.1,356.0,82.0,32.0,1017.4,100,13.0827,80.275,24.691208627546793
2024-02-05 09:00:00+05:30,457.0,610.1,135.0,28.0,8.4,50.0,70.0,17.0,1017.9,100,13.0827,80.275,48.81802805730547
2024-02-05 10:00:00+05:30,658.0,739.9,144.0,29.0,9.7,59.0,62.0,10.0,1017.8,100,13.0827,80.275,65.32249422144363
2024-02-05 11:00:00+05:30,801.0,806.2,148.0,29.5,10.8,69.0,59.0,3.0,1017.1,100,13.0827,80.275,77.62057562780107
2024-02-05 12:00:00+05:30,881.0,861.7,135.0,29.8,12.4,73.0,57.0,1.0,1016.2,100,13.0827,80.275,86.98245396632122
2024-02-05 13:00:00+05:30,877.0,876.1,125.0,29.7,13.6,78.0,56.0,0.0,1015.3,100,13.0827,80.275,87.25465510196041
2024-02-05 14:00:00+05:30,793.0,853.9,120.0,29.4,13.5,81.0,55.0,0.0,1014.4,100,13.0827,80.275,79.07388751676268
2024-02-05 15:00:00+05:30,642.0,807.6,109.0,28.8,12.7,83.0,59.0,0.0,1014.1,100,13.0827,80.275,66.08233145650846
2024-02-05 16:00:00+05:30,437.0,712.9,93.0,28.0,13.0,88.0,64.0,0.0,1014.1,100,13.0827,80.275,48.571411714185686
2024-02-05 17:00:00+05:30,206.0,526.3,65.0,26.9,12.2,90.0,69.0,0.0,1014.5,100,13.0827,80.275,24.03643604716985
2024-02-05 18:00:00+05:30,26.0,119.4,14.0,25.9,9.5,81.0,76.0,0.0,1014.9,100,13.0827,80.275,2.197888962707196
2024-02-05 19:00:00+05:30,0.0,0.0,0.0,25.5,9.4,88.0,80.0,0.0,1015.7,100,13.0827,80.275,0.0
2024-02-05 20:00:00+05:30,0.0,0.0,0.0,25.3,9.7,92.0,81.0,0.0,1016.6,100,13.0827,80.275,0.0
2024-02-05 21:00:00+05:30,0.0,0.0,0.0,25.0,9.1,99.0,82.0,0.0,1017.1,100,13.0827,80.275,0.0
2024-02-05 22:00:00+05:30,0.0,0.0,0.0,24.8,8.2,105.0,81.0,0.0,1017.2,100,13.0827,80.275,0.0
2024-02-05 23:00:00+05:30,0.0,0.0,0.0,24.3,6.8,108.0,83.0,0.0,1016.7,100,13.0827,80.275,0.0
2024-02-06 00:00:00+05:30,0.0,0.0,0.0,23.6,6.2,111.0,87.0,0.0,1016.1,100,13.0827,80.275,0.0
2024-02-06 01:00:00+05:30,0.0,0.0,0.0,22.9,7.1,105.0,90.0,2.0,1015.4,100,13.0827,80.275,0.0
2024-02-06 02:00:00+05:30,0.0,0.0,0.0,22.7,7.3,110.0,90.0,5.0,1014.6,100,13.0827,80.275,0.0
2024-02-06 03:00:00+05:30,0.0,0.0,0.0,24.4,2.6,164.0,83.0,11.0,1014.2,100,13.0827,80.275,0.0
2024-02-06 04:00:00+05:30,0.0,0.0,0.0,21.6,4.6,309.0,95.0,31.0,1014.1,100,13.0827,80.275,0.0
2024-02-06 05:00:00+05:30,0.0,0.0,0.0,21.7,6.3,301.0,95.0,75.0,1014.6,100,13.0827,80.275,0.0
2024-02-06 06:00:00+05:30,0.0,0.0,0.0,22.1,7.9,294.0,98.0,95.0,1015.5,100,13.0827,80.275,0.0
2024-02-06 07:00:00+05:30,46.0,124.0,30.0,23.0,8.6,292.0,95.0,60.0,1016.3,100,13.0827,80.275,4.2332053367085365
2024-02-06 08:00:00+05:30,233.0,422.3,97.0,25.8,6.2,306.0,83.0,22.0,1017.1,100,13.0827,80.275,26.06347440216934
2024-02-06 09:00:00+05:30,466.0,632.6,131.0,27.9,5.1,39.0,71.0,19.0,1017.7,100,13.0827,80.275,48.17254081806239
2024-02-06 10:00:00+05:30,652.0,719.0,151.0,29.0,8.7,66.0,65.0,9.0,1017.5,100,13.0827,80.275,67.92018870079355
2024-02-06 11:00:00+05:30,797.0,791.6,154.0,29.6,10.9,73.0,62.0,2.0,1016.8,100,13.0827,80.275,81.10590548370025
2024-02-06 12:00:00+05:30,878.0,847.6,142.0,29.8,13.0,76.0,60.0,0.0,1015.7,100,13.0827,80.275,87.71523209333704
2024-02-06 13:00:00+05:30,877.0,866.5,131.0,29.7,13.7,76.0,60.0,0.0,1014.6,100,13.0827,80.275,87.18328662702127
2024-02-06 14:00:00+05:30,796.0,852.4,122.0,29.4,13.3,77.0,60.0,0.0,1013.8,100,13.0827,80.275,80.03973910493784
2024-02-06 15:00:00+05:30,644.0,803.1,112.0,28.8,13.0,84.0,63.0,0.0,1013.1,100,13.0827,80.275,67.59526440813593
2024-02-06 16:00:00+05:30,440.0,713.8,94.0,28.0,12.6,92.0,67.0,0.0,1013.1,100,13.0827,80.275,47.57792395247974
2024-02-06 17:00:00+05:30,208.0,522.5,67.0,27.1,11.2,96.0,72.0,0.0,1013.5,100,13.0827,80.275,24.520852907914275
2024-02-06 18:00:00+05:30,26.0,118.3,14.0,26.3,8.6,75.0,76.0,0.0,1013.9,100,13.0827,80.275,2.219596965904158
2024-02-06 19:00:00+05:30,0.0,0.0,0.0,25.8,6.9,81.0,79.0,0.0,1014.8,100,13.0827,80.275,0.0
2024-02-06 20:00:00+05:30,0.0,0.0,0.0,25.3,6.5,87.0,81.0,0.0,1015.4,100,13.0827,80.275,0.0
2024-02-06 21:00:00+05:30,0.0,0.0,0.0,24.6,5.8,94.0,85.0,2.0,1015.7,100,13.0827,80.275,0.0
2024-02-06 22:00:00+05:30,0.0,0.0,0.0,23.5,8.1,103.0,90.0,1.0,1015.8,100,13.0827,80.275,0.0
2024-02-06 23:00:00+05:30,0.0,0.0,0.0,24.2,6.2,100.0,86.0,4.0,1015.6,100,13.0827,80.275,0.0
2024-02-07 00:00:00+05:30,0.0,0.0,0.0,24.7,2.9,30.0,84.0,5.0,1015.1,100,13.0827,80.275,0.0
2024-02-07 01:00:00+05:30,0.0,0.0,0.0,22.2,3.4,302.0,94.0,21.0,1014.5,100,13.0827,80.275,0.0
2024-02-07 02:00:00+05:30,0.0,0.0,0.0,21.8,4.7,293.0,97.0,69.0,1013.9,100,13.0827,80.275,0.0
2024-02-07 03:00:00+05:30,0.0,0.0,0.0,21.7,7.3,290.0,97.0,87.0,1013.5,100,13.0827,80.275,0.0
2024-02-07 04:00:00+05:30,0.0,0.0,0.0,21.5,7.0,282.0,98.0,96.0,1013.6,100,13.0827,80.275,0.0
2024-02-07 05:00:00+05:30,0.0,0.0,0.0,21.5,6.5,276.0,98.0,97.0,1013.9,100,13.0827,80.275,0.0
2024-02-07 06:00:00+05:30,0.0,0.0,0.0,21.9,6.4,286.0,98.0,99.0,1014.5,100,13.0827,80.275,0.0
2024-02-07 07:00:00+05:30,40.0,77.1,30.0,22.4,6.6,292.0,98.0,100.0,1015.3,100,13.0827,80.275,3.565580819757822
2024-02-07 08:00:00+05:30,200.0,207.1,133.0,24.4,5.0,291.0,91.0,33.0,1016.5,100,13.0827,80.275,19.901981472998916
2024-02-07 09:00:00+05:30,458.0,566.4,157.0,27.0,4.0,27.0,77.0,28.0,1017.0,100,13.0827,80.275,46.395632993338126
2024-02-07 10:00:00+05:30,659.0,705.4,166.0,28.6,5.9,52.0,68.0,11.0,1016.8,100,13.0827,80.275,63.85276682552329
2024-02-07 11:00:00+05:30,822.0,842.0,136.0,29.7,8.7,66.0,61.0,5.0,1016.2,100,13.0827,80.275,80.08273503515767
2024-02-07 12:00:00+05:30,894.0,873.8,133.0,30.3,10.7,70.0,57.0,0.0,1015.4,100,13.0827,80.275,89.56541657288616
2024-02-07 13:00:00+05:30,889.0,882.4,127.0,30.3,12.4,73.0,58.0,0.0,1014.3,100,13.0827,80.275,87.41458749470478
2024-02-07 14:00:00+05:30,806.0,866.0,119.0,29.9,12.8,79.0,58.0,0.0,1013.4,100,13.0827,80.275,79.2668828841053
2024-02-07 15:00:00+05:30,653.0,819.8,108.0,29.3,12.3,85.0,58.0,0.0,1012.7,100,13.0827,80.275,66.87979436645077
2024-02-07 16:00:00+05:30,447.0,727.0,93.0,28.4,10.8,92.0,63.0,0.0,1012.7,100,13.0827,80.275,48.870314141146906
2024-02-07 17:00:00+05:30,213.0,544.6,65.0,27.1,9.8,98.0,73.0,0.0,1013.1,100,13.0827,80.275,24.589226854645695
2024-02-07 18:00:00+05:30,28.0,136.8,14.0,25.0,5.4,98.0,79.0,0.0,1013.2,100,13.0827,80.275,2.375144686741194
2024-02-07 19:00:00+05:30,0.0,0.0,0.0,23.5,8.7,95.0,90.0,0.0,1013.9,100,13.0827,80.275,0.0
2024-02-07 20:00:00+05:30,0.0,0.0,0.0,23.5,7.6,93.0,89.0,0.0,1014.8,100,13.0827,80.275,0.0
2024-02-07 21:00:00+05:30,0.0,0.0,0.0,23.0,8.5,102.0,91.0,0.0,1015.1,100,13.0827,80.275,0.0
2024-02-07 22:00:00+05:30,0.0,0.0,0.0,22.8,8.6,123.0,92.0,0.0,1015.2,100,13.0827,80.275,0.0
2024-02-07 23:00:00+05:30,0.0,0.0,0.0,22.9,7.7,143.0,91.0,0.0,1015.3,100,13.0827,80.275,0.0
2024-02-08 00:00:00+05:30,0.0,0.0,0.0,22.8,7.4,157.0,92.0,2.0,1014.9,100,13.0827,80.275,0.0
2024-02-08 01:00:00+05:30,0.0,0.0,0.0,22.2,6.4,196.0,94.0,8.0,1014.0,100,13.0827,80.275,0.0
2024-02-08 02:00:00+05:30,0.0,0.0,0.0,21.2,5.2,245.0,97.0,29.0,1013.1,100,13.0827,80.275,0.0
2024-02-08 03:00:00+05:30,0.0,0.0,0.0,21.4,5.6,255.0,97.0,48.0,1012.5,100,13.0827,80.275,0.0
2024-02-08 04:00:00+05:30,0.0,0.0,0.0,21.2,6.1,267.0,97.0,65.0,1012.3,100,13.0827,80.275,0.0
2024-02-08 05:00:00+05:30,0.0,0.0,0.0,21.0,6.9,279.0,98.0,96.0,1012.9,100,13.0827,80.275,0.0
2024-02-08 06:00:00+05:30,0.0,0.0,0.0,21.1,7.9,286.0,97.0,82.0,1013.6,100,13.0827,80.275,0.0
2024-02-08 07:00:00+05:30,51.0,168.6,29.0,22.0,8.8,279.0,91.0,30.0,1014.5,100,13.0827,80.275,5.127072694155084
2024-02-08 08:00:00+05:30,257.0,519.7,88.0,24.5,5.8,270.0,80.0,100.0,1015.2,100,13.0827,80.275,27.861893016471463
2024-02-08 09:00:00+05:30,491.0,705.0,115.0,27.3,2.9,263.0,70.0,97.0,1015.8,100,13.0827,80.275,49.38584418307998
2024-02-08 10:00:00+05:30,686.0,783.0,137.0,29.2,2.3,72.0,62.0,99.0,1015.6,100,13.0827,80.275,63.62910224515909
2024-02-08 11:00:00+05:30,829.0,844.4,139.0,30.5,6.9,81.0,56.0,99.0,1014.7,100,13.0827,80.275,76.96111003555616
2024-02-08 12:00:00+05:30,902.0,878.1,135.0,31.0,10.5,84.0,53.0,100.0,1013.9,100,13.0827,80.275,82.41614049738591
2024-02-08 13:00:00+05:30,897.0,891.3,125.0,30.8,12.3,85.0,53.0,100.0,1013.0,100,13.0827,80.275,86.13644013401533
2024-02-08 14:00:00+05:30,813.0,873.3,118.0,30.2,11.9,88.0,55.0,93.0,1012.1,100,13.0827,80.275,77.65192887241277
2024-02-08 15:00:00+05:30,659.0,821.3,111.0,29.7,10.9,96.0,58.0,81.0,1011.5,100,13.0827,80.275,67.16806948214638
2024-02-08 16:00:00+05:30,452.0,731.9,94.0,28.7,10.7,102.0,66.0,14.0,1011.3,100,13.0827,80.275,48.22204537984209
2024-02-08 17:00:00+05:30,217.0,548.2,67.0,27.2,8.9,111.0,78.0,0.0,1011.6,100,13.0827,80.275,24.799212805580723
2024-02-08 18:00:00+05:30,29.0,135.6,15.0,25.8,6.0,123.0,85.0,1.0,1012.1,100,13.0827,80.275,2.433056909533117
2024-02-08 19:00:00+05:30,0.0,0.0,0.0,24.9,5.9,133.0,91.0,5.0,1012.8,100,13.0827,80.275,0.0
2024-02-08 20:00:00+05:30,0.0,0.0,0.0,24.9,7.2,143.0,91.0,1.0,1013.8,100,13.0827,80.275,0.0
2024-02-08 21:00:00+05:30,0.0,0.0,0.0,24.4,6.1,140.0,91.0,0.0,1014.4,100,13.0827,80.275,0.0
2024-02-08 22:00:00+05:30,0.0,0.0,0.0,23.1,8.8,125.0,94.0,0.0,1014.6,100,13.0827,80.275,0.0
2024-02-08 23:00:00+05:30,0.0,0.0,0.0,22.8,8.9,137.0,95.0,10.0,1014.4,100,13.0827,80.275,0.0
2024-02-09 00:00:00+05:30,0.0,0.0,0.0,23.0,7.4,151.0,95.0,39.0,1014.0,100,13.0827,80.275,0.0
2024-02-09 01:00:00+05:30,0.0,0.0,0.0,22.8,6.5,186.0,96.0,31.0,1013.6,100,13.0827,80.275,0.0
2024-02-09 02:00:00+05:30,0.0,0.0,0.0,22.3,5.0,201.0,99.0,94.0,1012.9,100,13.0827,80.275,0.0
2024-02-09 03:00:00+05:30,0.0,0.0,0.0,22.3,4.4,215.0,98.0,86.0,1012.5,100,13.0827,80.275,0.0
2024-02-09 04:00:00+05:30,0.0,0.0,0.0,22.7,3.1,249.0,97.0,88.0,1012.9,100,13.0827,80.275,0.0
2024-02-09 05:00:00+05:30,0.0,0.0,0.0,22.7,5.0,291.0,96.0,100.0,1013.4,100,13.0827,80.275,0.0
2024-02-09 06:00:00+05:30,0.0,0.0,0.0,23.8,2.7,247.0,94.0,100.0,1014.2,100,13.0827,80.275,0.0
2024-02-09 07:00:00+05:30,41.0,114.2,26.0,24.5,3.4,252.0,92.0,100.0,1015.0,100,13.0827,80.275,3.5974184792023576
2024-02-09 08:00:00+05:30,199.0,269.3,111.0,25.5,1.1,180.0,91.0,49.0,1015.9,100,13.0827,80.275,20.378015189164927
2024-02-09 09:00:00+05:30,440.0,547.3,147.0,28.0,7.0,111.0,75.0,40.0,1016.4,100,13.0827,80.275,44.96085955555187
2024-02-09 10:00:00+05:30,644.0,682.4,164.0,29.2,9.3,106.0,67.0,11.0,1016.2,100,13.0827,80.275,64.60934512066852
2024-02-09 11:00:00+05:30,811.0,810.1,147.0,29.7,10.7,104.0,64.0,5.0,1015.5,100,13.0827,80.275,81.3446748679058
2024-02-09 12:00:00+05:30,889.0,857.3,138.0,30.1,11.8,102.0,61.0,1.0,1014.5,100,13.0827,80.275,87.42301220352567
2024-02-09 13:00:00+05:30,883.0,862.1,134.0,30.0,13.1,99.0,61.0,0.0,1013.7,100,13.0827,80.275,85.61727248054461
2024-02-09 14:00:00+05:30,801.0,847.9,124.0,29.5,14.2,99.0,63.0,0.0,1012.7,100,13.0827,80.275,80.4660231237143
2024-02-09 15:00:00+05:30,651.0,804.9,112.0,28.9,14.4,94.0,66.0,1.0,1012.1,100,13.0827,80.275,65.61783260449573
2024-02-09 16:00:00+05:30,437.0,677.8,104.0,28.3,14.1,93.0,69.0,10.0,1012.3,100,13.0827,80.275,46.529103217652704
2024-02-09 17:00:00+05:30,207.0,490.1,72.0,27.7,13.0,88.0,71.0,16.0,1012.9,100,13.0827,80.275,22.43649358663464
2024-02-09 18:00:00+05:30,29.0,124.9,16.0,27.0,9.4,72.0,70.0,0.0,1013.5,100,13.0827,80.275,2.3952824672007487
2024-02-09 19:00:00+05:30,0.0,0.0,0.0,26.5,8.8,71.0,75.0,0.0,1014.6,100,13.0827,80.275,0.0
2024-02-09 20:00:00+05:30,0.0,0.0,0.0,26.1,8.8,71.0,78.0,3.0,1015.6,100,13.0827,80.275,0.0
2024-02-09 21:00:00+05:30,0.0,0.0,0.0,26.0,9.7,75.0,79.0,23.0,1016.2,100,13.0827,80.275,0.0
2024-02-09 22:00:00+05:30,0.0,0.0,0.0,26.0,10.7,78.0,79.0,25.0,1016.5,100,13.0827,80.275,0.0
2024-02-09 23:00:00+05:30,0.0,0.0,0.0,25.7,10.8,75.0,81.0,30.0,1016.2,100,13.0827,80.275,0.0
2024-02-10 00:00:00+05:30,0.0,0.0,0.0,25.5,9.8,73.0,82.0,46.0,1015.6,100,13.0827,80.275,0.0
2024-02-10 01:00:00+05:30,0.0,0.0,0.0,25.4,8.8,81.0,82.0,60.0,1014.9,100,13.0827,80.275,0.0
2024-02-10 02:00:00+05:30,0.0,0.0,0.0,25.2,7.6,87.0,83.0,61.0,1014.5,100,13.0827,80.275,0.0
2024-02-10 03:00:00+05:30,0.0,0.0,0.0,25.0,6.6,99.0,84.0,74.0,1014.3,100,13.0827,80.275,0.0
2024-02-10 04:00:00+05:30,0.0,0.0,0.0,24.8,6.0,107.0,84.0,60.0,1014.4,100,13.0827,80.275,0.0
2024-02-10 05:00:00+05:30,0.0,0.0,0.0,24.4,5.0,111.0,87.0,58.0,1014.7,100,13.0827,80.275,0.0
2024-02-10 06:00:00+05:30,0.0,0.0,0.0,25.5,6.4,142.0,79.0,23.0,1015.7,100,13.0827,80.275,0.0
2024-02-10 07:00:00+05:30,47.0,151.4,27.0,26.7,0.8,63.0,74.0,22.0,1016.6,100,13.0827,80.275,4.354368446465499
2024-02-10 08:00:00+05:30,217.0,377.4,93.0,28.3,3.3,96.0,69.0,28.0,1017.3,100,13.0827,80.275,23.08851126421123
2024-02-10 09:00:00+05:30,411.0,495.0,145.0,29.5,12.3,95.0,63.0,29.0,1017.6,100,13.0827,80.275,40.92158824622612
2024-02-10 10:00:00+05:30,605.0,588.0,190.0,30.3,15.5,94.0,59.0,27.0,1017.6,100,13.0827,80.275,59.37925738734785
2024-02-10 11:00:00+05:30,797.0,788.2,149.0,30.8,15.1,90.0,57.0,8.0,1016.9,100,13.0827,80.275,77.22353948250773
2024-02-10 12:00:00+05:30,836.0,745.4,181.0,30.9,15.5,85.0,57.0,6.0,1015.9,100,13.0827,80.275,81.33198344301478
2024-02-10 13:00:00+05:30,871.0,827.4,150.0,30.7,16.2,86.0,58.0,2.0,1014.9,100,13.0827,80.275,87.96624515677938
2024-02-10 14:00:00+05:30,786.0,801.5,144.0,30.3,16.2,89.0,59.0,1.0,1013.9,100,13.0827,80.275,80.64169858207686
2024-02-10 15:00:00+05:30,634.0,761.9,122.0,29.8,15.5,90.0,61.0,2.0,1013.3,100,13.0827,80.275,64.93915532419301
2024-02-10 16:00:00+05:30,440.0,689.1,100.0,29.1,15.5,90.0,64.0,1.0,1013.2,100,13.0827,80.275,46.74143190269332
2024-02-10 17:00:00+05:30,211.0,508.5,70.0,28.3,14.4,93.0,67.0,1.0,1013.6,100,13.0827,80.275,23.637832129138346
2024-02-10 18:00:00+05:30,29.0,123.9,16.0,27.7,11.5,88.0,69.0,0.0,1014.3,100,13.0827,80.275,2.3256314952710104
2024-02-10 19:00:00+05:30,0.0,0.0,0.0,27.3,10.9,82.0,71.0,1.0,1015.0,100,13.0827,80.275,0.0
2024-02-10 20:00:00+05:30,0.0,0.0,0.0,27.0,10.5,86.0,73.0,4.0,1016.0,100,13.0827,80.275,0.0
2024-02-10 21:00:00+05:30,0.0,0.0,0.0,26.6,10.1,86.0,75.0,41.0,1016.7,100,13.0827,80.275,0.0
2024-02-10 22:00:00+05:30,0.0,0.0,0.0,26.4,10.9,84.0,76.0,90.0,1016.9,100,13.0827,80.275,0.0
2024-02-10 23:00:00+05:30,0.0,0.0,0.0,26.1,10.9,73.0,77.0,71.0,1016.7,100,13.0827,80.275,0.0
2024-02-11 00:00:00+05:30,0.0,0.0,0.0,25.7,10.4,70.0,79.0,93.0,1016.3,100,13.0827,80.275,0.0
2024-02-11 01:00:00+05:30,0.0,0.0,0.0,25.5,10.7,78.0,80.0,52.0,1015.4,100,13.0827,80.275,0.0
2024-02-11 02:00:00+05:30,0.0,0.0,0.0,25.3,10.1,88.0,82.0,42.0,1014.6,100,13.0827,80.275,0.0
2024-02-11 03:00:00+05:30,0.0,0.0,0.0,24.9,9.0,88.0,84.0,75.0,1014.5,100,13.0827,80.275,0.0
2024-02-11 04:00:00+05:30,0.0,0.0,0.0,24.8,8.2,75.0,84.0,76.0,1014.4,100,13.0827,80.275,0.0
2024-02-11 05:00:00+05:30,0.0,0.0,0.0,24.6,7.6,59.0,83.0,66.0,1014.9,100,13.0827,80.275,0.0
2024-02-11 06:00:00+05:30,0.0,0.0,0.0,25.7,7.9,60.0,74.0,43.0,1015.9,100,13.0827,80.275,0.0
2024-02-11 07:00:00+05:30,49.0,157.9,28.0,27.0,11.4,55.0,69.0,77.0,1016.9,100,13.0827,80.275,4.484178095803421
2024-02-11 08:00:00+05:30,220.0,342.1,107.0,28.3,15.8,55.0,62.0,35.0,1017.8,100,13.0827,80.275,23.421876445847335
2024-02-11 09:00:00+05:30,415.0,465.3,164.0,29.1,17.6,55.0,60.0,60.0,1018.4,100,13.0827,80.275,40.73590080917853
2024-02-11 10:00:00+05:30,592.0,564.9,192.0,29.7,18.4,59.0,58.0,30.0,1018.3,100,13.0827,80.275,59.921082864788254
2024-02-11 11:00:00+05:30,764.0,693.6,192.0,30.0,19.2,64.0,57.0,23.0,1017.7,100,13.0827,80.275,75.10626251728269
2024-02-11 12:00:00+05:30,852.0,750.0,191.0,30.0,19.1,68.0,58.0,15.0,1016.9,100,13.0827,80.275,85.1521199294702
2024-02-11 13:00:00+05:30,877.0,828.3,153.0,29.8,18.1,69.0,58.0,48.0,1015.9,100,13.0827,80.275,84.99359821072437
2024-02-11 14:00:00+05:30,773.0,779.1,147.0,29.4,16.4,75.0,59.0,52.0,1015.0,100,13.0827,80.275,77.93622794384964
2024-02-11 15:00:00+05:30,658.0,803.7,116.0,28.9,15.0,80.0,60.0,0.0,1014.2,100,13.0827,80.275,68.36014047369194
2024-02-11 16:00:00+05:30,454.0,722.5,96.0,28.2,13.8,81.0,64.0,0.0,1014.0,100,13.0827,80.275,47.583009569676484
2024-02-11 17:00:00+05:30,219.0,541.1,68.0,27.3,11.5,76.0,68.0,1.0,1014.5,100,13.0827,80.275,24.77530366782662
2024-02-11 18:00:00+05:30,29.0,122.9,16.0,26.6,9.5,79.0,72.0,15.0,1015.5,100,13.0827,80.275,2.2476345489236538
2024-02-11 19:00:00+05:30,0.0,0.0,0.0,26.0,9.2,64.0,75.0,14.0,1016.3,100,13.0827,80.275,0.0
2024-02-11 20:00:00+05:30,0.0,0.0,0.0,25.5,8.5,62.0,78.0,2.0,1016.8,100,13.0827,80.275,0.0
2024-02-11 21:00:00+05:30,0.0,0.0,0.0,25.0,6.9,62.0,80.0,5.0,1017.1,100,13.0827,80.275,0.0
2024-02-11 22:00:00+05:30,0.0,0.0,0.0,24.5,6.5,71.0,81.0,5.0,1016.9,100,13.0827,80.275,0.0
2024-02-11 23:00:00+05:30,0.0,0.0,0.0,24.0,5.9,76.0,83.0,15.0,1016.6,100,13.0827,80.275,0.0
2024-02-12 00:00:00+05:30,0.0,0.0,0.0,23.3,6.3,66.0,86.0,40.0,1016.1,100,13.0827,80.275,0.0
2024-02-12 01:00:00+05:30,0.0,0.0,0.0,22.5,7.1,41.0,90.0,89.0,1015.3,100,13.0827,80.275,0.0
2024-02-12 02:00:00+05:30,0.0,0.0,0.0,22.1,7.3,20.0,92.0,46.0,1014.8,100,13.0827,80.275,0.0
2024-02-12 03:00:00+05:30,0.0,0.0,0.0,22.5,5.9,11.0,91.0,30.0,1014.5,100,13.0827,80.275,0.0
2024-02-12 04:00:00+05:30,0.0,0.0,0.0,23.0,7.0,12.0,89.0,15.0,1014.5,100,13.0827,80.275,0.0
2024-02-12 05:00:00+05:30,0.0,0.0,0.0,22.7,6.7,16.0,91.0,39.0,1014.8,100,13.0827,80.275,0.0
2024-02-12 06:00:00+05:30,0.0,0.0,0.0,24.0,7.7,37.0,82.0,94.0,1015.9,100,13.0827,80.275,0.0
2024-02-12 07:00:00+05:30,53.0,179.3,29.0,25.8,10.7,50.0,73.0,100.0,1016.7,100,13.0827,80.275,4.814247476723172
2024-02-12 08:00:00+05:30,246.0,448.6,97.0,27.6,15.3,63.0,63.0,92.0,1017.4,100,13.0827,80.275,25.802319731331085
2024-02-12 09:00:00+05:30,474.0,631.4,132.0,28.6,16.6,68.0,59.0,96.0,1017.8,100,13.0827,80.275,48.73720025578032
2024-02-12 10:00:00+05:30,628.0,608.0,196.0,29.1,17.2,70.0,57.0,93.0,1017.8,100,13.0827,80.275,61.90655246571575
2024-02-12 11:00:00+05:30,811.0,773.7,171.0,29.6,17.1,72.0,55.0,99.0,1017.1,100,13.0827,80.275,77.62590087168888
2024-02-12 12:00:00+05:30,818.0,636.9,255.0,29.5,16.3,72.0,57.0,99.0,1016.1,100,13.0827,80.275,77.77932640966266
2024-02-12 13:00:00+05:30,815.0,676.4,222.0,29.5,15.7,70.0,57.0,97.0,1014.8,100,13.0827,80.275,76.32587573546616
2024-02-12 14:00:00+05:30,734.0,657.6,204.0,29.2,15.0,69.0,58.0,100.0,1013.9,100,13.0827,80.275,71.44539832353658
2024-02-12 15:00:00+05:30,598.0,607.4,187.0,28.9,15.1,72.0,58.0,99.0,1013.3,100,13.0827,80.275,59.18472536421199
2024-02-12 16:00:00+05:30,428.0,605.0,127.0,28.4,14.5,76.0,59.0,99.0,1013.2,100,13.0827,80.275,44.3243829570139
2024-02-12 17:00:00+05:30,207.0,466.5,76.0,27.6,13.9,73.0,62.0,98.0,1013.5,100,13.0827,80.275,21.884646020848688
2024-02-12 18:00:00+05:30,31.0,131.3,17.0,26.3,9.3,77.0,69.0,24.0,1014.4,100,13.0827,80.275,2.538517106369296
2024-02-12 19:00:00+05:30,0.0,0.0,0.0,26.0,10.3,78.0,70.0,10.0,1015.3,100,13.0827,80.275,0.0
2024-02-12 20:00:00+05:30,0.0,0.0,0.0,26.1,9.7,90.0,69.0,18.0,1016.2,100,13.0827,80.275,0.0
2024-02-12 21:00:00+05:30,0.0,0.0,0.0,26.6,10.8,90.0,66.0,78.0,1016.7,100,13.0827,80.275,0.0
2024-02-12 22:00:00+05:30,0.0,0.0,0.0,26.7,11.9,87.0,66.0,71.0,1016.9,100,13.0827,80.275,0.0
2024-02-12 23:00:00+05:30,0.0,0.0,0.0,26.2,9.7,88.0,68.0,46.0,1016.7,100,13.0827,80.275,0.0
2024-02-13 00:00:00+05:30,0.0,0.0,0.0,25.7,8.3,90.0,70.0,98.0,1015.9,100,13.0827,80.275,0.0
2024-02-13 01:00:00+05:30,0.0,0.0,0.0,25.7,7.2,84.0,71.0,98.0,1015.0,100,13.0827,80.275,0.0
2024-02-13 02:00:00+05:30,0.0,0.0,0.0,25.5,6.3,77.0,72.0,92.0,1014.3,100,13.0827,80.275,0.0
2024-02-13 03:00:00+05:30,0.0,0.0,0.0,24.6,5.6,63.0,77.0,89.0,1013.7,100,13.0827,80.275,0.0
2024-02-13 04:00:00+05:30,0.0,0.0,0.0,24.4,5.4,53.0,78.0,100.0,1013.5,100,13.0827,80.275,0.0
2024-02-13 05:00:00+05:30,0.0,0.0,0.0,24.0,5.9,52.0,80.0,86.0,1013.9,100,13.0827,80.275,0.0
2024-02-13 06:00:00+05:30,0.0,0.0,0.0,24.2,6.0,343.0,85.0,44.0,1014.7,100,13.0827,80.275,0.0
2024-02-13 07:00:00+05:30,41.0,118.7,25.0,24.8,3.6,84.0,86.0,72.0,1015.9,100,13.0827,80.275,3.508843649827055
2024-02-13 08:00:00+05:30,206.0,269.4,116.0,26.1,4.7,328.0,81.0,40.0,1016.8,100,13.0827,80.275,20.136992845071507
2024-02-13 09:00:00+05:30,408.0,457.9,159.0,28.2,11.2,40.0,70.0,20.0,1017.2,100,13.0827,80.275,41.72916201594884
2024-02-13 10:00:00+05:30,571.0,535.8,189.0,29.5,16.8,59.0,63.0,52.0,1016.9,100,13.0827,80.275,56.27406555583743
2024-02-13 11:00:00+05:30,775.0,743.5,158.0,30.1,19.0,63.0,62.0,84.0,1016.0,100,13.0827,80.275,75.76977561886146
2024-02-13 12:00:00+05:30,838.0,732.0,189.0,30.2,19.5,65.0,62.0,96.0,1014.9,100,13.0827,80.275,78.97593900636163
2024-02-13 13:00:00+05:30,849.0,777.9,165.0,30.1,19.6,64.0,63.0,100.0,1013.6,100,13.0827,80.275,81.37164160867835
2024-02-13 14:00:00+05:30,784.0,790.3,145.0,29.9,19.1,68.0,64.0,93.0,1012.9,100,13.0827,80.275,75.4250180289141
2024-02-13 15:00:00+05:30,612.0,684.8,147.0,29.5,18.9,69.0,66.0,57.0,1012.4,100,13.0827,80.275,62.65128531012988
2024-02-13 16:00:00+05:30,420.0,608.5,116.0,28.9,19.2,64.0,67.0,62.0,1012.8,100,13.0827,80.275,42.52321051296799
2024-02-13 17:00:00+05:30,196.0,421.2,77.0,28.1,17.9,62.0,71.0,13.0,1013.1,100,13.0827,80.275,20.959161031935864
2024-02-13 18:00:00+05:30,29.0,111.7,17.0,27.5,17.1,46.0,74.0,69.0,1013.6,100,13.0827,80.275,2.2281840389767638
2024-02-13 19:00:00+05:30,0.0,0.0,0.0,26.8,14.5,55.0,77.0,75.0,1014.8,100,13.0827,80.275,0.0
2024-02-13 20:00:00+05:30,0.0,0.0,0.0,27.0,15.3,47.0,78.0,10.0,1015.4,100,13.0827,80.275,0.0
2024-02-13 21:00:00+05:30,0.0,0.0,0.0,26.8,15.3,51.0,78.0,17.0,1015.8,100,13.0827,80.275,0.0
2024-02-13 22:00:00+05:30,0.0,0.0,0.0,26.6,15.1,57.0,79.0,73.0,1015.8,100,13.0827,80.275,0.0
2024-02-13 23:00:00+05:30,0.0,0.0,0.0,26.4,14.9,58.0,81.0,64.0,1015.5,100,13.0827,80.275,0.0
2024-02-14 00:00:00+05:30,0.0,0.0,0.0,26.1,14.0,61.0,83.0,24.0,1015.0,100,13.0827,80.275,0.0
2024-02-14 01:00:00+05:30,0.0,0.0,0.0,25.8,13.7,63.0,85.0,17.0,1014.3,100,13.0827,80.275,0.0
2024-02-14 02:00:00+05:30,0.0,0.0,0.0,25.7,12.7,61.0,85.0,22.0,1013.5,100,13.0827,80.275,0.0
2024-02-14 03:00:00+05:30,0.0,0.0,0.0,25.5,11.1,61.0,86.0,31.0,1013.2,100,13.0827,80.275,0.0
2024-02-14 04:00:00+05:30,0.0,0.0,0.0,25.2,8.8,55.0,88.0,11.0,1013.0,100,13.0827,80.275,0.0
2024-02-14 05:00:00+05:30,0.0,0.0,0.0,24.6,6.6,45.0,91.0,11.0,1013.5,100,13.0827,80.275,0.0
2024-02-14 06:00:00+05:30,0.0,0.0,0.0,25.6,9.3,54.0,89.0,37.0,1014.3,100,13.0827,80.275,0.0
2024-02-14 07:00:00+05:30,55.0,199.0,28.0,26.7,11.0,58.0,84.0,29.0,1015.2,100,13.0827,80.275,5.086916512700269
2024-02-14 08:00:00+05:30,259.0,514.9,86.0,28.0,14.4,68.0,76.0,29.0,1015.9,100,13.0827,80.275,27.28908016415999
2024-02-14 09:00:00+05:30,457.0,626.3,115.0,28.9,15.4,74.0,70.0,52.0,1016.3,100,13.0827,80.275,47.79089836680681
2024-02-14 10:00:00+05:30,681.0,767.4,132.0,29.8,15.6,71.0,62.0,94.0,1016.2,100,13.0827,80.275,67.08648129957298
2024-02-14 11:00:00+05:30,766.0,711.2,174.0,30.1,15.8,69.0,59.0,95.0,1015.4,100,13.0827,80.275,72.59996055645925
2024-02-14 12:00:00+05:30,910.0,870.4,136.0,30.5,16.6,68.0,56.0,81.0,1014.4,100,13.0827,80.275,83.97730436735891
2024-02-14 13:00:00+05:30,904.0,881.0,127.0,30.4,16.6,66.0,57.0,67.0,1013.3,100,13.0827,80.275,87.25976504215694
2024-02-14 14:00:00+05:30,819.0,857.0,124.0,30.1,16.8,67.0,58.0,94.0,1012.6,100,13.0827,80.275,78.49913607407211
2024-02-14 15:00:00+05:30,666.0,810.3,114.0,29.5,16.6,66.0,60.0,98.0,1011.8,100,13.0827,80.275,66.46051348164492
2024-02-14 16:00:00+05:30,458.0,713.7,100.0,28.7,15.8,63.0,64.0,57.0,1011.8,100,13.0827,80.275,48.25328087397365
2024-02-14 17:00:00+05:30,224.0,545.4,69.0,27.6,15.0,60.0,72.0,67.0,1012.0,100,13.0827,80.275,24.80710108232272
2024-02-14 18:00:00+05:30,32.0,138.6,17.0,26.5,12.5,49.0,76.0,96.0,1012.9,100,13.0827,80.275,2.483685334244674
2024-02-14 19:00:00+05:30,0.0,0.0,0.0,26.1,12.9,54.0,81.0,69.0,1013.9,100,13.0827,80.275,0.0
2024-02-14 20:00:00+05:30,0.0,0.0,0.0,25.8,11.9,61.0,85.0,12.0,1014.4,100,13.0827,80.275,0.0
2024-02-14 21:00:00+05:30,0.0,0.0,0.0,25.5,10.8,64.0,88.0,37.0,1014.7,100,13.0827,80.275,0.0
2024-02-14 22:00:00+05:30,0.0,0.0,0.0,25.2,9.5,65.0,90.0,28.0,1014.7,100,13.0827,80.275,0.0
2024-02-14 23:00:00+05:30,0.0,0.0,0.0,24.9,8.0,63.0,91.0,42.0,1014.5,100,13.0827,80.275,0.0
2024-02-15 00:00:00+05:30,0.0,0.0,0.0,24.4,6.2,54.0,92.0,37.0,1014.4,100,13.0827,80.275,0.0
2024-02-15 01:00:00+05:30,0.0,0.0,0.0,23.9,4.8,42.0,94.0,30.0,1013.8,100,13.0827,80.275,0.0
2024-02-15 02:00:00+05:30,0.0,0.0,0.0,23.1,6.2,36.0,95.0,57.0,1013.2,100,13.0827,80.275,0.0
2024-02-15 03:00:00+05:30,0.0,0.0,0.0,22.9,5.2,16.0,96.0,90.0,1012.7,100,13.0827,80.275,0.0
2024-02-15 04:00:00+05:30,0.0,0.0,0.0,23.0,5.1,8.0,97.0,36.0,1012.6,100,13.0827,80.275,0.0
2024-02-15 05:00:00+05:30,0.0,0.0,0.0,23.1,5.4,360.0,96.0,53.0,1013.2,100,13.0827,80.275,0.0
2024-02-15 06:00:00+05:30,0.0,0.0,0.0,23.9,7.3,20.0,92.0,95.0,1014.2,100,13.0827,80.275,0.0
2024-02-15 07:00:00+05:30,59.0,212.2,30.0,25.6,10.2,39.0,85.0,100.0,1015.1,100,13.0827,80.275,5.436362418901603
2024-02-15 08:00:00+05:30,261.0,497.1,93.0,27.5,14.4,53.0,74.0,100.0,1015.7,100,13.0827,80.275,26.75920650530139
2024-02-15 09:00:00+05:30,468.0,592.7,143.0,28.4,15.8,60.0,67.0,100.0,1016.2,100,13.0827,80.275,47.32428300737528
2024-02-15 10:00:00+05:30,677.0,716.1,163.0,29.2,15.6,61.0,62.0,100.0,1016.4,100,13.0827,80.275,65.82007233400577
2024-02-15 11:00:00+05:30,826.0,789.2,167.0,29.6,15.5,65.0,60.0,100.0,1015.6,100,13.0827,80.275,79.96332974652815
2024-02-15 12:00:00+05:30,896.0,805.1,178.0,29.8,15.0,69.0,58.0,99.0,1014.7,100,13.0827,80.275,82.46330574477803
2024-02-15 13:00:00+05:30,901.0,850.2,149.0,29.7,15.3,71.0,59.0,99.0,1013.6,100,13.0827,80.275,82.61695450920219
2024-02-15 14:00:00+05:30,821.0,847.0,132.0,29.6,15.0,69.0,57.0,8.0,1012.7,100,13.0827,80.275,80.87135034761475
2024-02-15 15:00:00+05:30,667.0,807.6,115.0,29.1,15.0,69.0,60.0,59.0,1012.2,100,13.0827,80.275,68.44149647089694
2024-02-15 16:00:00+05:30,460.0,718.9,98.0,28.3,14.7,65.0,65.0,96.0,1012.5,100,13.0827,80.275,47.16411994391457
2024-02-15 17:00:00+05:30,222.0,524.8,72.0,27.3,13.7,63.0,70.0,90.0,1012.7,100,13.0827,80.275,23.45738461816239
2024-02-15 18:00:00+05:30,30.0,100.9,19.0,26.7,12.6,59.0,77.0,98.0,1013.3,100,13.0827,80.275,2.2500569733919678
2024-02-15 19:00:00+05:30,0.0,0.0,0.0,26.4,10.6,62.0,79.0,100.0,1014.0,100,13.0827,80.275,0.0
2024-02-15 20:00:00+05:30,0.0,0.0,0.0,26.1,10.0,64.0,81.0,99.0,1014.8,100,13.0827,80.275,0.0
2024-02-15 21:00:00+05:30,0.0,0.0,0.0,25.7,9.7,63.0,81.0,100.0,1015.0,100,13.0827,80.275,0.0
2024-02-15 22:00:00+05:30,0.0,0.0,0.0,25.4,8.9,58.0,83.0,80.0,1015.2,100,13.0827,80.275,0.0
2024-02-15 23:00:00+05:30,0.0,0.0,0.0,25.0,8.7,52.0,85.0,28.0,1015.1,100,13.0827,80.275,0.0
2024-02-16 00:00:00+05:30,0.0,0.0,0.0,24.7,8.2,52.0,85.0,26.0,1014.7,100,13.0827,80.275,0.0
2024-02-16 01:00:00+05:30,0.0,0.0,0.0,24.6,7.5,55.0,85.0,33.0,1014.2,100,13.0827,80.275,0.0
2024-02-16 02:00:00+05:30,0.0,0.0,0.0,24.2,6.2,54.0,86.0,41.0,1013.6,100,13.0827,80.275,0.0
2024-02-16 03:00:00+05:30,0.0,0.0,0.0,23.7,5.4,48.0,88.0,23.0,1013.3,100,13.0827,80.275,0.0
2024-02-16 04:00:00+05:30,0.0,0.0,0.0,23.7,5.6,45.0,88.0,44.0,1013.2,100,13.0827,80.275,0.0
2024-02-16 05:00:00+05:30,0.0,0.0,0.0,23.8,5.9,47.0,88.0,52.0,1013.6,100,13.0827,80.275,0.0
2024-02-16 06:00:00+05:30,0.0,0.0,0.0,25.0,8.4,43.0,84.0,41.0,1014.4,100,13.0827,80.275,0.0
2024-02-16 07:00:00+05:30,49.0,159.8,27.0,26.5,10.2,48.0,78.0,100.0,1015.3,100,13.0827,80.275,4.285293389225561
2024-02-16 08:00:00+05:30,243.0,411.7,103.0,28.1,13.4,54.0,70.0,3.0,1016.1,100,13.0827,80.275,25.56998895410248
2024-02-16 09:00:00+05:30,481.0,657.5,119.0,29.1,14.1,58.0,65.0,13.0,1016.7,100,13.0827,80.275,50.5804953705389
2024-02-16 10:00:00+05:30,698.0,801.0,121.0,29.8,15.0,60.0,61.0,1.0,1016.8,100,13.0827,80.275,71.34684866909336
2024-02-16 11:00:00+05:30,838.0,845.3,130.0,30.2,16.0,59.0,59.0,1.0,1016.0,100,13.0827,80.275,83.35140325368134
2024-02-16 12:00:00+05:30,909.0,869.8,131.0,30.5,16.8,59.0,56.0,0.0,1014.9,100,13.0827,80.275,86.65629013936439
2024-02-16 13:00:00+05:30,904.0,874.8,128.0,30.5,16.9,61.0,56.0,0.0,1014.0,100,13.0827,80.275,89.08660728136893
2024-02-16 14:00:00+05:30,821.0,858.0,121.0,30.1,17.1,60.0,57.0,0.0,1013.2,100,13.0827,80.275,80.02773881189813
2024-02-16 15:00:00+05:30,670.0,815.2,111.0,29.6,17.4,56.0,59.0,0.0,1012.6,100,13.0827,80.275,69.430922322562
2024-02-16 16:00:00+05:30,462.0,726.1,95.0,28.8,16.4,52.0,63.0,0.0,1012.5,100,13.0827,80.275,48.51555063531567
2024-02-16 17:00:00+05:30,226.0,549.7,68.0,27.7,14.8,51.0,68.0,0.0,1012.9,100,13.0827,80.275,24.57579770135921
2024-02-16 18:00:00+05:30,32.0,145.7,16.0,26.8,11.0,49.0,78.0,0.0,1013.3,100,13.0827,80.275,2.4077622258581255
2024-02-16 19:00:00+05:30,0.0,0.0,0.0,26.3,9.7,45.0,82.0,0.0,1014.0,100,13.0827,80.275,0.0
2024-02-16 20:00:00+05:30,0.0,0.0,0.0,25.9,9.7,42.0,84.0,0.0,1014.8,100,13.0827,80.275,0.0
2024-02-16 21:00:00+05:30,0.0,0.0,0.0,25.7,9.2,42.0,85.0,0.0,1015.2,100,13.0827,80.275,0.0
2024-02-16 22:00:00+05:30,0.0,0.0,0.0,25.3,8.0,36.0,87.0,0.0,1015.3,100,13.0827,80.275,0.0
2024-02-16 23:00:00+05:30,0.0,0.0,0.0,24.9,8.1,32.0,90.0,2.0,1014.8,100,13.0827,80.275,0.0
2024-02-17 00:00:00+05:30,0.0,0.0,0.0,24.4,7.3,33.0,92.0,5.0,1014.5,100,13.0827,80.275,0.0
2024-02-17 01:00:00+05:30,0.0,0.0,0.0,24.1,6.6,29.0,92.0,2.0,1013.6,100,13.0827,80.275,0.0
2024-02-17 02:00:00+05:30,0.0,0.0,0.0,23.8,6.2,21.0,94.0,3.0,1012.9,100,13.0827,80.275,0.0
2024-02-17 03:00:00+05:30,0.0,0.0,0.0,23.4,5.9,11.0,94.0,3.0,1012.4,100,13.0827,80.275,0.0
2024-02-17 04:00:00+05:30,0.0,0.0,0.0,22.7,5.8,4.0,96.0,1.0,1012.3,100,13.0827,80.275,0.0
2024-02-17 05:00:00+05:30,0.0,0.0,0.0,22.4,5.5,349.0,96.0,7.0,1012.4,100,13.0827,80.275,0.0
2024-02-17 06:00:00+05:30,0.0,0.0,0.0,23.6,6.6,338.0,95.0,50.0,1013.4,100,13.0827,80.275,0.0
2024-02-17 07:00:00+05:30,53.0,158.7,31.0,24.9,8.4,340.0,90.0,61.0,1014.1,100,13.0827,80.275,4.636424877856112
2024-02-17 08:00:00+05:30,245.0,420.9,101.0,27.0,9.4,2.0,81.0,18.0,1014.8,100,13.0827,80.275,25.47220291439773
2024-02-17 09:00:00+05:30,487.0,643.9,131.0,29.0,12.8,38.0,67.0,10.0,1015.4,100,13.0827,80.275,49.90565041211599
2024-02-17 10:00:00+05:30,692.0,770.6,135.0,30.0,14.3,49.0,58.0,1.0,1015.1,100,13.0827,80.275,66.3075074393256
2024-02-17 11:00:00+05:30,846.0,851.0,131.0,30.7,15.0,55.0,52.0,0.0,1014.2,100,13.0827,80.275,82.53290280072112
2024-02-17 12:00:00+05:30,923.0,887.3,127.0,31.0,15.8,55.0,49.0,0.0,1013.1,100,13.0827,80.275,88.94188920865291
2024-02-17 13:00:00+05:30,919.0,893.6,124.0,31.1,16.0,59.0,47.0,0.0,1011.9,100,13.0827,80.275,89.40621388809716
2024-02-17 14:00:00+05:30,837.0,879.9,117.0,30.7,15.9,62.0,49.0,0.0,1011.0,100,13.0827,80.275,83.98886581418427
2024-02-17 15:00:00+05:30,683.0,835.9,108.0,30.0,16.1,61.0,53.0,0.0,1010.6,100,13.0827,80.275,68.59070949318088
2024-02-17 16:00:00+05:30,472.0,745.0,94.0,28.9,16.0,59.0,60.0,0.0,1010.8,100,13.0827,80.275,47.76233953728657
2024-02-17 17:00:00+05:30,232.0,567.5,68.0,27.7,14.3,56.0,68.0,0.0,1011.2,100,13.0827,80.275,24.962392771049284
2024-02-17 18:00:00+05:30,34.0,153.8,17.0,26.7,12.6,37.0,81.0,0.0,1011.5,100,13.0827,80.275,2.562254573428669
2024-02-17 19:00:00+05:30,0.0,0.0,0.0,26.0,10.7,45.0,87.0,0.0,1012.5,100,13.0827,80.275,0.0
2024-02-17 20:00:00+05:30,0.0,0.0,0.0,25.6,9.3,54.0,89.0,5.0,1013.4,100,13.0827,80.275,0.0
2024-02-17 21:00:00+05:30,0.0,0.0,0.0,25.2,7.1,60.0,91.0,4.0,1013.8,100,13.0827,80.275,0.0
2024-02-17 22:00:00+05:30,0.0,0.0,0.0,24.5,5.8,60.0,93.0,6.0,1013.9,100,13.0827,80.275,0.0
2024-02-17 23:00:00+05:30,0.0,0.0,0.0,23.6,7.1,66.0,94.0,2.0,1013.6,100,13.0827,80.275,0.0
2024-02-18 00:00:00+05:30,0.0,0.0,0.0,23.0,7.6,45.0,95.0,4.0,1013.1,100,13.0827,80.275,0.0
2024-02-18 01:00:00+05:30,0.0,0.0,0.0,22.6,6.6,22.0,97.0,5.0,1012.3,100,13.0827,80.275,0.0
2024-02-18 02:00:00+05:30,0.0,0.0,0.0,21.9,5.9,349.0,99.0,100.0,1011.6,100,13.0827,80.275,0.0
2024-02-18 03:00:00+05:30,0.0,0.0,0.0,22.4,3.9,338.0,98.0,100.0,1011.2,100,13.0827,80.275,0.0
2024-02-18 04:00:00+05:30,0.0,0.0,0.0,22.3,4.1,345.0,98.0,100.0,1011.1,100,13.0827,80.275,0.0
2024-02-18 05:00:00+05:30,0.0,0.0,0.0,22.3,3.7,331.0,97.0,100.0,1011.5,100,13.0827,80.275,0.0
2024-02-18 06:00:00+05:30,0.0,0.0,0.0,22.6,4.3,294.0,98.0,100.0,1012.4,100,13.0827,80.275,0.0
2024-02-18 07:00:00+05:30,48.0,114.5,32.0,23.2,5.8,300.0,98.0,100.0,1013.5,100,13.0827,80.275,4.070141315201423
2024-02-18 08:00:00+05:30,194.0,185.9,130.0,24.8,4.3,318.0,91.0,29.0,1014.2,100,13.0827,80.275,18.345561466600266
2024-02-18 09:00:00+05:30,412.0,354.8,215.0,27.3,5.4,70.0,79.0,53.0,1014.7,100,13.0827,80.275,40.02290731064289
2024-02-18 10:00:00+05:30,645.0,584.6,221.0,28.8,7.6,90.0,68.0,9.0,1014.6,100,13.0827,80.275,63.89771289914999
2024-02-18 11:00:00+05:30,854.0,842.4,144.0,30.0,9.7,92.0,60.0,2.0,1013.9,100,13.0827,80.275,81.46821214924573
2024-02-18 12:00:00+05:30,938.0,901.4,127.0,30.6,11.6,95.0,55.0,1.0,1012.9,100,13.0827,80.275,86.48051748890578
2024-02-18 13:00:00+05:30,933.0,907.9,123.0,30.5,13.1,98.0,55.0,0.0,1011.7,100,13.0827,80.275,90.14469818385318
2024-02-18 14:00:00+05:30,849.0,890.8,118.0,30.1,14.9,105.0,57.0,58.0,1010.3,100,13.0827,80.275,80.17257855746004
2024-02-18 15:00:00+05:30,693.0,844.9,110.0,29.5,15.1,102.0,61.0,87.0,1009.9,100,13.0827,80.275,68.3031065315388
2024-02-18 16:00:00+05:30,479.0,752.2,96.0,28.7,14.7,101.0,64.0,92.0,1009.9,100,13.0827,80.275,47.65246989107419
2024-02-18 17:00:00+05:30,236.0,567.9,71.0,27.5,13.1,99.0,69.0,97.0,1010.3,100,13.0827,80.275,23.80447682470758
2024-02-18 18:00:00+05:30,35.0,152.8,18.0,26.5,10.1,96.0,79.0,97.0,1010.9,100,13.0827,80.275,2.539491513006523
2024-02-18 19:00:00+05:30,0.0,0.0,0.0,25.7,5.8,83.0,85.0,41.0,1011.9,100,13.0827,80.275,0.0
2024-02-18 20:00:00+05:30,0.0,0.0,0.0,24.9,5.6,75.0,91.0,16.0,1013.2,100,13.0827,80.275,0.0
2024-02-18 21:00:00+05:30,0.0,0.0,0.0,24.8,5.8,86.0,92.0,16.0,1013.7,100,13.0827,80.275,0.0
2024-02-18 22:00:00+05:30,0.0,0.0,0.0,25.0,7.7,101.0,91.0,11.0,1013.6,100,13.0827,80.275,0.0
2024-02-18 23:00:00+05:30,0.0,0.0,0.0,25.0,10.5,112.0,91.0,44.0,1013.3,100,13.0827,80.275,0.0
2024-02-19 00:00:00+05:30,0.0,0.0,0.0,25.0,11.3,112.0,90.0,94.0,1012.7,100,13.0827,80.275,0.0
2024-02-19 01:00:00+05:30,0.0,0.0,0.0,24.8,10.8,116.0,90.0,99.0,1012.2,100,13.0827,80.275,0.0
2024-02-19 02:00:00+05:30,0.0,0.0,0.0,24.3,6.5,124.0,92.0,99.0,1011.7,100,13.0827,80.275,0.0
2024-02-19 03:00:00+05:30,0.0,0.0,0.0,23.3,7.4,137.0,93.0,100.0,1011.4,100,13.0827,80.275,0.0
2024-02-19 04:00:00+05:30,0.0,0.0,0.0,24.7,5.1,172.0,90.0,100.0,1011.3,100,13.0827,80.275,0.0
2024-02-19 05:00:00+05:30,0.0,0.0,0.0,23.9,3.3,229.0,94.0,98.0,1011.9,100,13.0827,80.275,0.0
2024-02-19 06:00:00+05:30,0.0,0.0,0.0,22.1,4.1,285.0,98.0,99.0,1012.9,100,13.0827,80.275,0.0
2024-02-19 07:00:00+05:30,56.0,149.2,35.0,23.8,5.5,302.0,95.0,99.0,1013.9,100,13.0827,80.275,4.6140008070917125
2024-02-19 08:00:00+05:30,234.0,326.3,121.0,26.2,3.1,315.0,86.0,62.0,1014.7,100,13.0827,80.275,22.684942883953095
2024-02-19 09:00:00+05:30,454.0,550.6,147.0,28.4,6.9,129.0,74.0,24.0,1015.1,100,13.0827,80.275,45.892281974504215
2024-02-19 10:00:00+05:30,683.0,744.7,141.0,30.1,9.9,136.0,62.0,2.0,1014.8,100,13.0827,80.275,66.93489256840392
2024-02-19 11:00:00+05:30,846.0,843.4,133.0,31.1,13.0,138.0,53.0,23.0,1014.0,100,13.0827,80.275,80.49140381599159
2024-02-19 12:00:00+05:30,922.0,878.9,129.0,31.7,15.9,142.0,47.0,20.0,1012.7,100,13.0827,80.275,86.24480867579878
2024-02-19 13:00:00+05:30,910.0,874.1,128.0,31.5,16.3,131.0,48.0,9.0,1011.6,100,13.0827,80.275,84.71168503044318
2024-02-19 14:00:00+05:30,813.0,829.9,130.0,30.9,17.4,130.0,52.0,6.0,1010.7,100,13.0827,80.275,79.41211551861909
2024-02-19 15:00:00+05:30,665.0,781.7,124.0,30.2,18.4,132.0,56.0,15.0,1010.1,100,13.0827,80.275,64.51216950190386
2024-02-19 16:00:00+05:30,454.0,686.9,103.0,29.2,16.3,135.0,62.0,4.0,1010.3,100,13.0827,80.275,47.75373877618382
2024-02-19 17:00:00+05:30,230.0,547.9,70.0,28.1,14.3,129.0,68.0,4.0,1010.9,100,13.0827,80.275,24.843365287021243
2024-02-19 18:00:00+05:30,33.0,142.9,17.0,27.1,9.2,138.0,75.0,6.0,1011.3,100,13.0827,80.275,2.3822756746886564
2024-02-19 19:00:00+05:30,0.0,0.0,0.0,26.4,9.7,135.0,80.0,14.0,1012.4,100,13.0827,80.275,0.0
2024-02-19 20:00:00+05:30,0.0,0.0,0.0,26.1,9.7,129.0,83.0,5.0,1013.4,100,13.0827,80.275,0.0
2024-02-19 21:00:00+05:30,0.0,0.0,0.0,25.8,8.9,130.0,84.0,0.0,1014.0,100,13.0827,80.275,0.0
2024-02-19 22:00:00+05:30,0.0,0.0,0.0,25.4,8.9,130.0,86.0,0.0,1014.0,100,13.0827,80.275,0.0
2024-02-19 23:00:00+05:30,0.0,0.0,0.0,25.2,9.4,130.0,88.0,0.0,1013.8,100,13.0827,80.275,0.0
2024-02-20 00:00:00+05:30,0.0,0.0,0.0,25.0,9.3,126.0,90.0,1.0,1013.1,100,13.0827,80.275,0.0
2024-02-20 01:00:00+05:30,0.0,0.0,0.0,24.8,8.9,122.0,91.0,1.0,1012.3,100,13.0827,80.275,0.0
2024-02-20 02:00:00+05:30,0.0,0.0,0.0,24.5,7.1,120.0,92.0,1.0,1011.8,100,13.0827,80.275,0.0
2024-02-20 03:00:00+05:30,0.0,0.0,0.0,23.5,7.4,119.0,94.0,2.0,1011.5,100,13.0827,80.275,0.0
2024-02-20 04:00:00+05:30,0.0,0.0,0.0,23.4,7.1,131.0,93.0,6.0,1011.7,100,13.0827,80.275,0.0
2024-02-20 05:00:00+05:30,0.0,0.0,0.0,23.3,6.2,173.0,94.0,5.0,1012.0,100,13.0827,80.275,0.0
2024-02-20 06:00:00+05:30,0.0,0.0,0.0,23.4,6.1,270.0,97.0,69.0,1013.1,100,13.0827,80.275,0.0
2024-02-20 07:00:00+05:30,59.0,183.4,33.0,24.2,7.2,270.0,94.0,50.0,1013.8,100,13.0827,80.275,5.2005392580884955
2024-02-20 08:00:00+05:30,265.0,496.4,92.0,26.6,4.0,260.0,84.0,27.0,1014.4,100,13.0827,80.275,26.807468644190582
2024-02-20 09:00:00+05:30,481.0,625.0,131.0,28.6,7.7,152.0,72.0,10.0,1014.8,100,13.0827,80.275,47.80563932228931
2024-02-20 10:00:00+05:30,696.0,766.7,136.0,30.1,12.0,134.0,62.0,2.0,1014.6,100,13.0827,80.275,69.263631159247
2024-02-20 11:00:00+05:30,847.0,839.6,135.0,30.5,14.1,128.0,60.0,10.0,1013.6,100,13.0827,80.275,82.53585428719104
2024-02-20 12:00:00+05:30,905.0,843.2,142.0,30.8,15.5,126.0,57.0,10.0,1012.4,100,13.0827,80.275,86.78712331937594
2024-02-20 13:00:00+05:30,884.0,826.0,143.0,30.9,16.3,131.0,52.0,11.0,1011.3,100,13.0827,80.275,84.9045565547447
2024-02-20 14:00:00+05:30,805.0,802.2,143.0,30.7,16.5,136.0,51.0,3.0,1010.0,100,13.0827,80.275,75.79229643284387
2024-02-20 15:00:00+05:30,669.0,792.3,119.0,30.2,16.8,138.0,54.0,2.0,1009.3,100,13.0827,80.275,65.07485874891776
2024-02-20 16:00:00+05:30,467.0,721.6,97.0,29.2,16.6,146.0,61.0,0.0,1009.5,100,13.0827,80.275,47.53482346848022
2024-02-20 17:00:00+05:30,232.0,552.0,70.0,28.1,14.5,150.0,70.0,0.0,1009.9,100,13.0827,80.275,24.201550991760026
2024-02-20 18:00:00+05:30,35.0,151.0,18.0,26.7,12.2,156.0,81.0,0.0,1010.7,100,13.0827,80.275,2.5614370463393277
2024-02-20 19:00:00+05:30,0.0,0.0,0.0,26.1,11.4,162.0,84.0,0.0,1011.8,100,13.0827,80.275,0.0
2024-02-20 20:00:00+05:30,0.0,0.0,0.0,25.8,12.0,159.0,84.0,3.0,1012.6,100,13.0827,80.275,0.0
2024-02-20 21:00:00+05:30,0.0,0.0,0.0,25.4,10.9,153.0,87.0,0.0,1013.0,100,13.0827,80.275,0.0
2024-02-20 22:00:00+05:30,0.0,0.0,0.0,25.2,10.5,142.0,88.0,0.0,1012.8,100,13.0827,80.275,0.0
2024-02-20 23:00:00+05:30,0.0,0.0,0.0,25.2,11.7,133.0,89.0,0.0,1012.5,100,13.0827,80.275,0.0
2024-02-21 00:00:00+05:30,0.0,0.0,0.0,25.0,12.5,134.0,91.0,100.0,1011.9,100,13.0827,80.275,0.0
2024-02-21 01:00:00+05:30,0.0,0.0,0.0,24.9,11.3,158.0,92.0,89.0,1011.4,100,13.0827,80.275,0.0
2024-02-21 02:00:00+05:30,0.0,0.0,0.0,24.5,9.0,175.0,94.0,25.0,1010.7,100,13.0827,80.275,0.0
2024-02-21 03:00:00+05:30,0.0,0.0,0.0,24.1,7.4,203.0,95.0,25.0,1010.5,100,13.0827,80.275,0.0
2024-02-21 04:00:00+05:30,0.0,0.0,0.0,23.9,6.7,216.0,96.0,48.0,1010.8,100,13.0827,80.275,0.0
2024-02-21 05:00:00+05:30,0.0,0.0,0.0,23.8,6.6,229.0,96.0,96.0,1011.1,100,13.0827,80.275,0.0
2024-02-21 06:00:00+05:30,0.0,0.0,0.0,23.2,7.2,233.0,97.0,69.0,1011.5,100,13.0827,80.275,0.0
2024-02-21 07:00:00+05:30,66.0,238.0,32.0,24.4,8.9,243.0,93.0,18.0,1012.3,100,13.0827,80.275,5.817671626395157
2024-02-21 08:00:00+05:30,275.0,519.0,93.0,26.8,9.9,226.0,83.0,29.0,1012.8,100,13.0827,80.275,27.57217816016843
2024-02-21 09:00:00+05:30,489.0,636.6,131.0,28.9,13.6,197.0,69.0,38.0,1013.1,100,13.0827,80.275,47.9959994752379
2024-02-21 10:00:00+05:30,694.0,743.6,149.0,30.6,14.1,186.0,59.0,55.0,1012.8,100,13.0827,80.275,64.65637072090506
2024-02-21 11:00:00+05:30,849.0,831.2,142.0,31.9,13.5,171.0,52.0,1.0,1012.1,100,13.0827,80.275,79.76656206409983
2024-02-21 12:00:00+05:30,922.0,870.6,132.0,32.2,15.9,152.0,53.0,10.0,1010.6,100,13.0827,80.275,86.91208511623029
2024-02-21 13:00:00+05:30,903.0,854.9,134.0,31.5,20.0,146.0,60.0,16.0,1009.4,100,13.0827,80.275,86.76920062054423
2024-02-21 14:00:00+05:30,814.0,825.4,131.0,31.2,20.6,147.0,59.0,1.0,1008.2,100,13.0827,80.275,79.16235065779388
2024-02-21 15:00:00+05:30,670.0,795.8,116.0,30.6,20.8,150.0,59.0,16.0,1007.7,100,13.0827,80.275,65.7217414628864
2024-02-21 16:00:00+05:30,419.0,583.1,119.0,30.0,19.6,160.0,59.0,12.0,1008.0,100,13.0827,80.275,42.613809670434655
2024-02-21 17:00:00+05:30,214.0,474.8,74.0,28.9,18.4,163.0,68.0,11.0,1008.6,100,13.0827,80.275,21.500449504857507
2024-02-21 18:00:00+05:30,35.0,150.1,18.0,27.1,20.3,143.0,87.0,0.0,1008.3,100,13.0827,80.275,2.4588861053563797
2024-02-21 19:00:00+05:30,0.0,0.0,0.0,26.7,14.5,153.0,90.0,0.0,1009.7,100,13.0827,80.275,0.0
2024-02-21 20:00:00+05:30,0.0,0.0,0.0,26.4,11.2,159.0,89.0,2.0,1010.8,100,13.0827,80.275,0.0
2024-02-21 21:00:00+05:30,0.0,0.0,0.0,26.2,11.8,149.0,89.0,0.0,1011.2,100,13.0827,80.275,0.0
2024-02-21 22:00:00+05:30,0.0,0.0,0.0,25.9,12.9,150.0,91.0,0.0,1011.5,100,13.0827,80.275,0.0
2024-02-21 23:00:00+05:30,0.0,0.0,0.0,25.7,12.6,153.0,91.0,0.0,1011.1,100,13.0827,80.275,0.0
2024-02-22 00:00:00+05:30,0.0,0.0,0.0,25.6,13.7,153.0,92.0,0.0,1010.4,100,13.0827,80.275,0.0
2024-02-22 01:00:00+05:30,0.0,0.0,0.0,25.3,11.9,166.0,93.0,2.0,1009.8,100,13.0827,80.275,0.0
2024-02-22 02:00:00+05:30,0.0,0.0,0.0,25.1,11.9,183.0,94.0,22.0,1009.4,100,13.0827,80.275,0.0
2024-02-22 03:00:00+05:30,0.0,0.0,0.0,24.9,11.7,191.0,94.0,20.0,1009.2,100,13.0827,80.275,0.0
2024-02-22 04:00:00+05:30,0.0,0.0,0.0,24.7,10.0,195.0,95.0,27.0,1009.5,100,13.0827,80.275,0.0
2024-02-22 05:00:00+05:30,0.0,0.0,0.0,24.8,9.2,211.0,95.0,39.0,1010.4,100,13.0827,80.275,0.0
2024-02-22 06:00:00+05:30,0.0,0.0,0.0,24.0,7.3,250.0,97.0,68.0,1011.4,100,13.0827,80.275,0.0
2024-02-22 07:00:00+05:30,51.0,118.1,34.0,25.4,9.0,241.0,91.0,97.0,1012.5,100,13.0827,80.275,4.233601681519314
2024-02-22 08:00:00+05:30,199.0,212.5,124.0,27.5,11.4,204.0,82.0,100.0,1013.3,100,13.0827,80.275,18.68656675264854
2024-02-22 09:00:00+05:30,418.0,384.2,201.0,29.4,12.7,187.0,70.0,96.0,1013.5,100,13.0827,80.275,39.16168615985087
2024-02-22 10:00:00+05:30,671.0,651.3,192.0,31.1,13.4,172.0,61.0,97.0,1013.0,100,13.0827,80.275,62.322754940159065
2024-02-22 11:00:00+05:30,850.0,835.7,137.0,31.9,14.8,157.0,60.0,100.0,1011.7,100,13.0827,80.275,79.29485228000758
2024-02-22 12:00:00+05:30,894.0,825.3,143.0,31.8,19.5,155.0,61.0,99.0,1010.4,100,13.0827,80.275,81.93405919497444
2024-02-22 13:00:00+05:30,785.0,698.5,155.0,30.7,22.9,156.0,69.0,100.0,1009.4,100,13.0827,80.275,74.23949202150328
2024-02-22 14:00:00+05:30,762.0,707.5,175.0,30.7,23.8,160.0,66.0,95.0,1008.5,100,13.0827,80.275,71.761940221987
2024-02-22 15:00:00+05:30,619.0,697.6,132.0,30.4,22.1,161.0,68.0,97.0,1008.2,100,13.0827,80.275,60.41884731140704
2024-02-22 16:00:00+05:30,374.0,468.8,132.0,29.7,22.9,164.0,71.0,91.0,1008.2,100,13.0827,80.275,35.842860371325166
2024-02-22 17:00:00+05:30,216.0,475.9,75.0,28.6,22.9,161.0,77.0,85.0,1008.7,100,13.0827,80.275,21.87641902265836
2024-02-22 18:00:00+05:30,35.0,149.2,18.0,27.5,17.9,155.0,82.0,99.0,1009.3,100,13.0827,80.275,2.316202889420555
2024-02-22 19:00:00+05:30,0.0,0.0,0.0,27.3,18.5,153.0,84.0,10.0,1010.1,100,13.0827,80.275,0.0
2024-02-22 20:00:00+05:30,0.0,0.0,0.0,27.2,18.4,149.0,84.0,0.0,1010.9,100,13.0827,80.275,0.0
2024-02-22 21:00:00+05:30,0.0,0.0,0.0,27.0,19.6,148.0,85.0,0.0,1011.2,100,13.0827,80.275,0.0
2024-02-22 22:00:00+05:30,0.0,0.0,0.0,26.8,18.5,151.0,86.0,0.0,1011.3,100,13.0827,80.275,0.0
2024-02-22 23:00:00+05:30,0.0,0.0,0.0,26.6,17.7,156.0,88.0,0.0,1011.2,100,13.0827,80.275,0.0
2024-02-23 00:00:00+05:30,0.0,0.0,0.0,26.4,16.6,162.0,89.0,0.0,1010.9,100,13.0827,80.275,0.0
2024-02-23 01:00:00+05:30,0.0,0.0,0.0,26.2,14.5,174.0,90.0,8.0,1010.4,100,13.0827,80.275,0.0
2024-02-23 02:00:00+05:30,0.0,0.0,0.0,25.9,13.6,191.0,91.0,21.0,1010.2,100,13.0827,80.275,0.0
2024-02-23 03:00:00+05:30,0.0,0.0,0.0,25.7,12.9,193.0,92.0,10.0,1009.7,100,13.0827,80.275,0.0
2024-02-23 04:00:00+05:30,0.0,0.0,0.0,25.6,13.0,199.0,91.0,22.0,1009.9,100,13.0827,80.275,0.0
2024-02-23 05:00:00+05:30,0.0,0.0,0.0,25.6,13.4,204.0,91.0,11.0,1010.3,100,13.0827,80.275,0.0
2024-02-23 06:00:00+05:30,0.0,0.0,0.0,26.3,11.8,207.0,91.0,29.0,1011.4,100,13.0827,80.275,0.0
2024-02-23 07:00:00+05:30,58.0,158.5,35.0,27.5,14.5,207.0,85.0,46.0,1011.9,100,13.0827,80.275,4.92978370104013
2024-02-23 08:00:00+05:30,250.0,405.4,106.0,29.1,15.2,202.0,77.0,8.0,1012.4,100,13.0827,80.275,24.579060108345846
2024-02-23 09:00:00+05:30,512.0,706.9,111.0,31.2,17.0,193.0,62.0,2.0,1012.5,100,13.0827,80.275,51.04413110803551
2024-02-23 10:00:00+05:30,700.0,773.7,129.0,32.7,17.3,185.0,51.0,0.0,1012.0,100,13.0827,80.275,67.87921551030918
2024-02-23 11:00:00+05:30,848.0,830.9,137.0,33.4,16.5,170.0,48.0,51.0,1010.9,100,13.0827,80.275,77.66528720739517
2024-02-23 12:00:00+05:30,918.0,850.5,142.0,32.7,18.9,159.0,56.0,93.0,1009.7,100,13.0827,80.275,85.81411852619485
2024-02-23 13:00:00+05:30,824.0,693.3,197.0,31.4,23.8,148.0,67.0,36.0,1008.8,100,13.0827,80.275,79.98883985573683
2024-02-23 14:00:00+05:30,753.0,670.8,195.0,31.1,24.5,154.0,65.0,33.0,1007.9,100,13.0827,80.275,72.76615726647557
2024-02-23 15:00:00+05:30,601.0,632.8,158.0,30.4,25.6,154.0,69.0,96.0,1007.4,100,13.0827,80.275,57.65977302478498
2024-02-23 16:00:00+05:30,393.0,536.9,115.0,29.6,24.7,149.0,74.0,100.0,1007.5,100,13.0827,80.275,37.50129163417362
2024-02-23 17:00:00+05:30,220.0,490.6,74.0,28.8,22.7,155.0,77.0,99.0,1008.1,100,13.0827,80.275,22.07134945593676
2024-02-23 18:00:00+05:30,34.0,139.7,18.0,28.1,18.1,149.0,83.0,94.0,1008.5,100,13.0827,80.275,2.2474432117560843
2024-02-23 19:00:00+05:30,0.0,0.0,0.0,27.9,19.7,145.0,82.0,93.0,1009.5,100,13.0827,80.275,0.0
2024-02-23 20:00:00+05:30,0.0,0.0,0.0,27.7,20.8,143.0,84.0,88.0,1009.9,100,13.0827,80.275,0.0
2024-02-23 21:00:00+05:30,0.0,0.0,0.0,27.4,20.5,141.0,85.0,87.0,1010.4,100,13.0827,80.275,0.0
2024-02-23 22:00:00+05:30,0.0,0.0,0.0,27.3,17.2,143.0,85.0,56.0,1010.6,100,13.0827,80.275,0.0
2024-02-23 23:00:00+05:30,0.0,0.0,0.0,27.0,15.4,147.0,87.0,55.0,1010.4,100,13.0827,80.275,0.0
2024-02-24 00:00:00+05:30,0.0,0.0,0.0,26.8,13.5,151.0,88.0,65.0,1009.8,100,13.0827,80.275,0.0
2024-02-24 01:00:00+05:30,0.0,0.0,0.0,26.5,13.0,161.0,89.0,44.0,1009.4,100,13.0827,80.275,0.0
2024-02-24 02:00:00+05:30,0.0,0.0,0.0,26.4,12.8,169.0,89.0,50.0,1009.1,100,13.0827,80.275,0.0
2024-02-24 03:00:00+05:30,0.0,0.0,0.0,26.3,12.6,167.0,89.0,42.0,1009.0,100,13.0827,80.275,0.0
2024-02-24 04:00:00+05:30,0.0,0.0,0.0,26.2,10.9,172.0,89.0,76.0,1009.3,100,13.0827,80.275,0.0
2024-02-24 05:00:00+05:30,0.0,0.0,0.0,26.0,9.7,178.0,91.0,61.0,1010.0,100,13.0827,80.275,0.0
2024-02-24 06:00:00+05:30,0.0,0.0,0.0,26.7,7.7,152.0,88.0,86.0,1010.9,100,13.0827,80.275,0.0
2024-02-24 07:00:00+05:30,57.0,177.8,31.0,27.8,13.6,148.0,82.0,38.0,1011.8,100,13.0827,80.275,4.731729243163113
2024-02-24 08:00:00+05:30,228.0,366.4,97.0,28.9,16.5,148.0,75.0,47.0,1012.5,100,13.0827,80.275,22.349740210336883
2024-02-24 09:00:00+05:30,413.0,459.9,151.0,29.7,17.7,156.0,70.0,92.0,1013.1,100,13.0827,80.275,40.030027656536184
2024-02-24 10:00:00+05:30,467.0,302.5,243.0,29.8,17.6,157.0,68.0,100.0,1013.0,100,13.0827,80.275,43.44220835434114
2024-02-24 11:00:00+05:30,521.0,277.3,283.0,30.0,17.9,158.0,67.0,93.0,1012.3,100,13.0827,80.275,46.87330954296733
2024-02-24 12:00:00+05:30,663.0,371.6,323.0,30.7,18.2,153.0,62.0,7.0,1011.2,100,13.0827,80.275,60.58060979099121
2024-02-24 13:00:00+05:30,859.0,744.5,184.0,30.8,21.4,144.0,63.0,11.0,1010.1,100,13.0827,80.275,84.62648373137212
2024-02-24 14:00:00+05:30,799.0,784.2,145.0,30.6,20.4,144.0,63.0,8.0,1009.1,100,13.0827,80.275,75.96386026581766
2024-02-24 15:00:00+05:30,639.0,718.0,135.0,30.1,20.7,141.0,63.0,5.0,1008.6,100,13.0827,80.275,63.18298923296191
2024-02-24 16:00:00+05:30,451.0,664.3,106.0,29.4,20.4,139.0,65.0,5.0,1008.8,100,13.0827,80.275,45.4862212147849
2024-02-24 17:00:00+05:30,224.0,498.6,75.0,28.5,18.6,137.0,70.0,5.0,1009.3,100,13.0827,80.275,22.28127774906227
2024-02-24 18:00:00+05:30,18.0,52.1,12.0,27.7,15.3,129.0,64.0,30.0,1010.4,100,13.0827,80.275,0.9155562304045731
2024-02-24 19:00:00+05:30,0.0,0.0,0.0,27.7,13.5,138.0,63.0,15.0,1010.9,100,13.0827,80.275,0.0
2024-02-24 20:00:00+05:30,0.0,0.0,0.0,27.3,13.8,137.0,67.0,12.0,1011.5,100,13.0827,80.275,0.0
2024-02-24 21:00:00+05:30,0.0,0.0,0.0,26.9,15.0,136.0,73.0,10.0,1011.8,100,13.0827,80.275,0.0
2024-02-24 22:00:00+05:30,0.0,0.0,0.0,26.8,16.3,131.0,75.0,1.0,1011.6,100,13.0827,80.275,0.0
2024-02-24 23:00:00+05:30,0.0,0.0,0.0,26.5,14.5,132.0,77.0,1.0,1012.0,100,13.0827,80.275,0.0
2024-02-25 00:00:00+05:30,0.0,0.0,0.0,26.4,13.0,132.0,78.0,9.0,1011.6,100,13.0827,80.275,0.0
2024-02-25 01:00:00+05:30,0.0,0.0,0.0,26.2,12.5,134.0,79.0,7.0,1010.6,100,13.0827,80.275,0.0
2024-02-25 02:00:00+05:30,0.0,0.0,0.0,26.0,10.5,142.0,81.0,21.0,1010.0,100,13.0827,80.275,0.0
2024-02-25 03:00:00+05:30,0.0,0.0,0.0,25.8,9.3,152.0,82.0,13.0,1009.6,100,13.0827,80.275,0.0
2024-02-25 04:00:00+05:30,0.0,0.0,0.0,25.5,7.8,146.0,83.0,18.0,1009.5,100,13.0827,80.275,0.0
2024-02-25 05:00:00+05:30,0.0,0.0,0.0,25.5,8.0,144.0,83.0,25.0,1009.9,100,13.0827,80.275,0.0
2024-02-25 06:00:00+05:30,0.0,0.0,0.0,26.6,8.4,137.0,76.0,7.0,1010.5,100,13.0827,80.275,0.0
2024-02-25 07:00:00+05:30,67.0,223.8,34.0,27.7,11.2,135.0,72.0,8.0,1011.4,100,13.0827,80.275,5.631320820026488
2024-02-25 08:00:00+05:30,272.0,497.4,93.0,29.0,14.3,131.0,65.0,12.0,1012.2,100,13.0827,80.275,26.861971421884746
2024-02-25 09:00:00+05:30,500.0,648.3,129.0,29.8,13.4,126.0,62.0,20.0,1012.7,100,13.0827,80.275,49.18905743169202
2024-02-25 10:00:00+05:30,685.0,706.4,160.0,30.3,14.4,122.0,59.0,31.0,1012.7,100,13.0827,80.275,64.98778036681571
2024-02-25 11:00:00+05:30,813.0,730.6,184.0,30.7,15.5,118.0,57.0,43.0,1012.3,100,13.0827,80.275,75.89548465744865
2024-02-25 12:00:00+05:30,900.0,784.8,180.0,30.6,16.2,111.0,57.0,7.0,1011.3,100,13.0827,80.275,84.3971857139444
2024-02-25 13:00:00+05:30,868.0,755.8,181.0,30.4,15.8,107.0,58.0,4.0,1010.4,100,13.0827,80.275,82.35735447988921
2024-02-25 14:00:00+05:30,811.0,779.8,159.0,30.2,16.1,100.0,58.0,1.0,1009.5,100,13.0827,80.275,78.81486156616155
2024-02-25 15:00:00+05:30,676.0,785.8,123.0,29.8,16.2,102.0,60.0,1.0,1008.9,100,13.0827,80.275,67.06067127686228
2024-02-25 16:00:00+05:30,472.0,714.2,100.0,29.1,15.7,106.0,62.0,0.0,1009.1,100,13.0827,80.275,46.94571692570219
2024-02-25 17:00:00+05:30,231.0,519.9,75.0,28.5,14.5,104.0,65.0,17.0,1009.5,100,13.0827,80.275,22.752378505557946
2024-02-25 18:00:00+05:30,30.0,103.7,18.0,28.2,11.9,90.0,68.0,19.0,1009.7,100,13.0827,80.275,1.905964176270629
2024-02-25 19:00:00+05:30,0.0,0.0,0.0,27.9,10.1,94.0,69.0,7.0,1010.8,100,13.0827,80.275,0.0
2024-02-25 20:00:00+05:30,0.0,0.0,0.0,27.7,10.8,90.0,68.0,10.0,1011.6,100,13.0827,80.275,0.0
2024-02-25 21:00:00+05:30,0.0,0.0,0.0,27.6,12.6,92.0,68.0,17.0,1012.0,100,13.0827,80.275,0.0
2024-02-25 22:00:00+05:30,0.0,0.0,0.0,27.1,10.5,86.0,70.0,27.0,1012.1,100,13.0827,80.275,0.0
2024-02-25 23:00:00+05:30,0.0,0.0,0.0,26.8,9.0,85.0,71.0,8.0,1012.2,100,13.0827,80.275,0.0
2024-02-26 00:00:00+05:30,0.0,0.0,0.0,26.8,9.1,97.0,70.0,26.0,1011.8,100,13.0827,80.275,0.0
2024-02-26 01:00:00+05:30,0.0,0.0,0.0,26.9,10.4,90.0,70.0,48.0,1011.2,100,13.0827,80.275,0.0
2024-02-26 02:00:00+05:30,0.0,0.0,0.0,26.9,12.2,90.0,70.0,30.0,1010.5,100,13.0827,80.275,0.0
2024-02-26 03:00:00+05:30,0.0,0.0,0.0,26.5,12.3,93.0,71.0,36.0,1010.3,100,13.0827,80.275,0.0
2024-02-26 04:00:00+05:30,0.0,0.0,0.0,26.0,10.4,92.0,70.0,63.0,1010.2,100,13.0827,80.275,0.0
2024-02-26 05:00:00+05:30,0.0,0.0,0.0,25.8,9.0,88.0,69.0,76.0,1010.4,100,13.0827,80.275,0.0
2024-02-26 06:00:00+05:30,0.0,0.0,0.0,27.1,12.1,78.0,73.0,87.0,1011.1,100,13.0827,80.275,0.0
2024-02-26 07:00:00+05:30,67.0,215.3,35.0,28.3,16.3,85.0,66.0,84.0,1012.1,100,13.0827,80.275,5.598300406337944
2024-02-26 08:00:00+05:30,250.0,394.6,107.0,29.3,20.3,84.0,60.0,90.0,1013.4,100,13.0827,80.275,23.341257276479244
2024-02-26 09:00:00+05:30,413.0,361.8,205.0,29.6,19.5,88.0,60.0,86.0,1014.0,100,13.0827,80.275,38.88242932544686
2024-02-26 10:00:00+05:30,610.0,506.8,232.0,30.3,20.2,90.0,58.0,61.0,1013.6,100,13.0827,80.275,58.042371492168115
2024-02-26 11:00:00+05:30,759.0,626.5,218.0,30.9,18.8,87.0,57.0,43.0,1013.0,100,13.0827,80.275,70.59892204860076
2024-02-26 12:00:00+05:30,836.0,677.2,213.0,30.1,20.0,83.0,62.0,33.0,1012.2,100,13.0827,80.275,79.01564229600672
2024-02-26 13:00:00+05:30,793.0,645.2,205.0,30.0,19.5,85.0,63.0,36.0,1011.2,100,13.0827,80.275,74.8232330353328
2024-02-26 14:00:00+05:30,775.0,738.5,156.0,30.4,19.6,83.0,60.0,23.0,1010.4,100,13.0827,80.275,74.39833162204022
2024-02-26 15:00:00+05:30,628.0,677.5,150.0,30.3,20.5,89.0,59.0,7.0,1009.8,100,13.0827,80.275,61.15409871374633
2024-02-26 16:00:00+05:30,438.0,620.2,114.0,29.7,18.4,86.0,61.0,9.0,1010.0,100,13.0827,80.275,43.45555788746402
2024-02-26 17:00:00+05:30,196.0,375.1,83.0,28.7,18.7,79.0,64.0,76.0,1010.4,100,13.0827,80.275,18.329130925554537
2024-02-26 18:00:00+05:30,32.0,111.9,19.0,27.5,15.0,60.0,72.0,94.0,1011.0,100,13.0827,80.275,2.0448977926593233
2024-02-26 19:00:00+05:30,0.0,0.0,0.0,27.3,14.0,61.0,72.0,93.0,1011.9,100,13.0827,80.275,0.0
2024-02-26 20:00:00+05:30,0.0,0.0,0.0,27.2,14.0,67.0,73.0,89.0,1012.7,100,13.0827,80.275,0.0
2024-02-26 21:00:00+05:30,0.0,0.0,0.0,26.9,13.9,69.0,75.0,89.0,1013.3,100,13.0827,80.275,0.0
2024-02-26 22:00:00+05:30,0.0,0.0,0.0,26.6,12.8,74.0,76.0,97.0,1013.5,100,13.0827,80.275,0.0
2024-02-26 23:00:00+05:30,0.0,0.0,0.0,26.4,12.4,73.0,76.0,95.0,1013.2,100,13.0827,80.275,0.0
2024-02-27 00:00:00+05:30,0.0,0.0,0.0,26.1,11.2,69.0,77.0,97.0,1012.7,100,13.0827,80.275,0.0
2024-02-27 01:00:00+05:30,0.0,0.0,0.0,25.9,10.8,64.0,79.0,95.0,1012.0,100,13.0827,80.275,0.0
2024-02-27 02:00:00+05:30,0.0,0.0,0.0,25.7,9.8,62.0,80.0,99.0,1011.6,100,13.0827,80.275,0.0
2024-02-27 03:00:00+05:30,0.0,0.0,0.0,25.5,9.8,62.0,81.0,99.0,1011.4,100,13.0827,80.275,0.0
2024-02-27 04:00:00+05:30,0.0,0.0,0.0,25.4,9.4,58.0,81.0,98.0,1011.3,100,13.0827,80.275,0.0
2024-02-27 05:00:00+05:30,0.0,0.0,0.0,25.3,9.6,56.0,82.0,98.0,1011.7,100,13.0827,80.275,0.0
2024-02-27 06:00:00+05:30,0.0,0.0,0.0,26.3,9.8,36.0,81.0,99.0,1012.4,100,13.0827,80.275,0.0
2024-02-27 07:00:00+05:30,72.0,240.2,36.0,27.6,13.8,41.0,75.0,97.0,1013.2,100,13.0827,80.275,5.927760834853426
2024-02-27 08:00:00+05:30,262.0,457.7,95.0,28.8,18.6,49.0,69.0,93.0,1014.2,100,13.0827,80.275,24.42929637896739
2024-02-27 09:00:00+05:30,502.0,659.7,121.0,29.6,19.4,55.0,65.0,92.0,1014.6,100,13.0827,80.275,49.83850924465835
2024-02-27 10:00:00+05:30,686.0,716.1,150.0,30.0,19.5,60.0,64.0,90.0,1014.5,100,13.0827,80.275,65.54567883037733
2024-02-27 11:00:00+05:30,847.0,793.2,160.0,30.6,18.2,63.0,61.0,94.0,1013.4,100,13.0827,80.275,80.41208232634939
2024-02-27 12:00:00+05:30,916.0,825.0,155.0,30.8,17.9,68.0,59.0,96.0,1012.5,100,13.0827,80.275,82.89500767998136
2024-02-27 13:00:00+05:30,930.0,870.1,135.0,30.9,18.1,67.0,58.0,97.0,1011.9,100,13.0827,80.275,82.20963093683558
2024-02-27 14:00:00+05:30,841.0,848.6,128.0,30.7,17.1,68.0,58.0,95.0,1010.9,100,13.0827,80.275,77.82929148814496
2024-02-27 15:00:00+05:30,686.0,803.1,118.0,30.2,16.2,69.0,61.0,97.0,1010.3,100,13.0827,80.275,65.23004962488913
2024-02-27 16:00:00+05:30,474.0,710.2,102.0,29.4,15.6,71.0,68.0,96.0,1010.3,100,13.0827,80.275,46.463207178768236
2024-02-27 17:00:00+05:30,235.0,532.5,74.0,28.2,13.7,72.0,75.0,94.0,1010.4,100,13.0827,80.275,22.461054700874875
2024-02-27 18:00:00+05:30,37.0,145.6,20.0,27.2,10.5,59.0,83.0,33.0,1010.6,100,13.0827,80.275,2.41328397583932
2024-02-27 19:00:00+05:30,0.0,0.0,0.0,26.7,7.4,61.0,88.0,14.0,1011.2,100,13.0827,80.275,0.0
2024-02-27 20:00:00+05:30,0.0,0.0,0.0,26.2,5.1,45.0,91.0,12.0,1012.2,100,13.0827,80.275,0.0
2024-02-27 21:00:00+05:30,0.0,0.0,0.0,25.6,4.8,42.0,94.0,70.0,1012.8,100,13.0827,80.275,0.0
2024-02-27 22:00:00+05:30,0.0,0.0,0.0,25.7,5.4,48.0,93.0,97.0,1012.9,100,13.0827,80.275,0.0
2024-02-27 23:00:00+05:30,0.0,0.0,0.0,25.1,5.1,51.0,94.0,89.0,1012.9,100,13.0827,80.275,0.0
2024-02-28 00:00:00+05:30,0.0,0.0,0.0,24.8,6.1,40.0,95.0,97.0,1012.4,100,13.0827,80.275,0.0
2024-02-28 01:00:00+05:30,0.0,0.0,0.0,24.1,6.9,6.0,96.0,97.0,1011.7,100,13.0827,80.275,0.0
2024-02-28 02:00:00+05:30,0.0,0.0,0.0,23.8,5.4,352.0,97.0,93.0,1011.3,100,13.0827,80.275,0.0
2024-02-28 03:00:00+05:30,0.0,0.0,0.0,24.2,4.8,347.0,98.0,94.0,1010.9,100,13.0827,80.275,0.0
2024-02-28 04:00:00+05:30,0.0,0.0,0.0,24.2,5.9,346.0,97.0,77.0,1010.9,100,13.0827,80.275,0.0
2024-02-28 05:00:00+05:30,0.0,0.0,0.0,24.2,6.4,344.0,96.0,100.0,1011.1,100,13.0827,80.275,0.0
2024-02-28 06:00:00+05:30,0.0,0.0,0.0,24.1,6.5,341.0,96.0,84.0,1012.3,100,13.0827,80.275,0.0
2024-02-28 07:00:00+05:30,74.0,244.7,37.0,25.5,8.0,352.0,90.0,75.0,1013.2,100,13.0827,80.275,6.074759865330266
2024-02-28 08:00:00+05:30,293.0,549.8,91.0,27.8,11.9,25.0,74.0,95.0,1013.9,100,13.0827,80.275,28.000501168030798
2024-02-28 09:00:00+05:30,522.0,677.4,129.0,29.2,13.3,38.0,64.0,79.0,1013.9,100,13.0827,80.275,48.423869468539124
2024-02-28 10:00:00+05:30,728.0,768.2,151.0,30.2,14.8,47.0,58.0,80.0,1013.7,100,13.0827,80.275,67.78821268297807
2024-02-28 11:00:00+05:30,883.0,865.6,131.0,30.9,14.8,56.0,53.0,39.0,1012.7,100,13.0827,80.275,82.58018461128582
2024-02-28 12:00:00+05:30,957.0,891.9,132.0,31.4,13.7,63.0,49.0,4.0,1011.6,100,13.0827,80.275,86.46576199503897
2024-02-28 13:00:00+05:30,953.0,900.7,128.0,31.5,14.2,69.0,45.0,0.0,1010.4,100,13.0827,80.275,87.67925345109693
2024-02-28 14:00:00+05:30,868.0,884.5,123.0,31.0,16.3,65.0,48.0,0.0,1009.7,100,13.0827,80.275,84.06521671728699
2024-02-28 15:00:00+05:30,706.0,835.0,114.0,30.0,16.3,62.0,57.0,0.0,1009.3,100,13.0827,80.275,68.03641440466205
2024-02-28 16:00:00+05:30,488.0,740.7,99.0,29.0,15.5,59.0,65.0,0.0,1009.5,100,13.0827,80.275,49.05778972266834
2024-02-28 17:00:00+05:30,243.0,560.3,73.0,27.8,14.5,55.0,71.0,0.0,1009.8,100,13.0827,80.275,24.076977297417013
2024-02-28 18:00:00+05:30,39.0,162.1,20.0,26.7,10.5,59.0,81.0,98.0,1010.0,100,13.0827,80.275,2.4926581293057826
2024-02-28 19:00:00+05:30,0.0,0.0,0.0,26.2,9.9,57.0,83.0,93.0,1011.0,100,13.0827,80.275,0.0
2024-02-28 20:00:00+05:30,0.0,0.0,0.0,25.7,8.2,61.0,85.0,92.0,1011.4,100,13.0827,80.275,0.0
2024-02-28 21:00:00+05:30,0.0,0.0,0.0,25.3,7.9,60.0,86.0,88.0,1011.9,100,13.0827,80.275,0.0
2024-02-28 22:00:00+05:30,0.0,0.0,0.0,25.0,7.3,57.0,89.0,91.0,1012.2,100,13.0827,80.275,0.0
2024-02-28 23:00:00+05:30,0.0,0.0,0.0,24.4,5.7,55.0,92.0,88.0,1012.2,100,13.0827,80.275,0.0
2024-02-29 00:00:00+05:30,0.0,0.0,0.0,23.7,6.4,38.0,94.0,53.0,1011.9,100,13.0827,80.275,0.0
2024-02-29 01:00:00+05:30,0.0,0.0,0.0,23.0,8.1,21.0,95.0,74.0,1011.3,100,13.0827,80.275,0.0
2024-02-29 02:00:00+05:30,0.0,0.0,0.0,22.5,7.2,6.0,97.0,82.0,1010.9,100,13.0827,80.275,0.0
2024-02-29 03:00:00+05:30,0.0,0.0,0.0,22.1,7.0,339.0,98.0,68.0,1010.8,100,13.0827,80.275,0.0
2024-02-29 04:00:00+05:30,0.0,0.0,0.0,22.4,4.1,308.0,97.0,75.0,1010.4,100,13.0827,80.275,0.0
2024-02-29 05:00:00+05:30,0.0,0.0,0.0,22.4,5.3,298.0,98.0,89.0,1010.7,100,13.0827,80.275,0.0
2024-02-29 06:00:00+05:30,0.0,0.0,0.0,23.3,5.1,309.0,96.0,100.0,1011.2,100,13.0827,80.275,0.0
2024-02-29 07:00:00+05:30,78.0,268.9,37.0,24.7,6.7,306.0,91.0,100.0,1012.2,100,13.0827,80.275,6.455222950599966
2024-02-29 08:00:00+05:30,278.0,454.0,110.0,27.0,5.8,330.0,81.0,77.0,1013.0,100,13.0827,80.275,25.658757349630473
2024-02-29 09:00:00+05:30,528.0,689.7,126.0,29.1,6.9,51.0,72.0,53.0,1013.4,100,13.0827,80.275,49.339031381183126
2024-02-29 10:00:00+05:30,732.0,793.3,134.0,30.7,10.0,77.0,61.0,64.0,1013.6,100,13.0827,80.275,67.12226900524458
2024-02-29 11:00:00+05:30,878.0,855.0,133.0,31.4,11.6,83.0,56.0,99.0,1012.6,100,13.0827,80.275,77.6843359261013
2024-02-29 12:00:00+05:30,949.0,878.8,134.0,31.9,13.0,84.0,51.0,100.0,1011.8,100,13.0827,80.275,86.67774013785876
2024-02-29 13:00:00+05:30,942.0,875.7,138.0,32.0,13.7,87.0,50.0,99.0,1010.8,100,13.0827,80.275,82.37478915875901
2024-02-29 14:00:00+05:30,854.0,855.2,132.0,31.8,14.1,87.0,51.0,89.0,1009.8,100,13.0827,80.275,76.90173922507272
2024-02-29 15:00:00+05:30,697.0,814.7,118.0,31.0,14.2,83.0,56.0,66.0,1009.3,100,13.0827,80.275,65.91207957113281
2024-02-29 16:00:00+05:30,483.0,725.5,101.0,29.9,13.7,76.0,64.0,56.0,1009.6,100,13.0827,80.275,46.018878855816375
2024-02-29 17:00:00+05:30,239.0,541.9,74.0,28.7,11.9,76.0,72.0,100.0,1010.5,100,13.0827,80.275,22.104449970520452
2024-02-29 18:00:00+05:30,39.0,161.4,20.0,27.8,9.0,67.0,77.0,96.0,1011.0,100,13.0827,80.275,2.3782511708441083
2024-02-29 19:00:00+05:30,0.0,0.0,0.0,27.1,9.7,68.0,81.0,87.0,1012.1,100,13.0827,80.275,0.0
2024-02-29 20:00:00+05:30,0.0,0.0,0.0,27.0,11.6,68.0,83.0,96.0,1013.1,100,13.0827,80.275,0.0
2024-02-29 21:00:00+05:30,0.0,0.0,0.0,26.8,9.7,75.0,85.0,92.0,1013.9,100,13.0827,80.275,0.0
2024-02-29 22:00:00+05:30,0.0,0.0,0.0,26.2,7.3,79.0,89.0,95.0,1014.1,100,13.0827,80.275,0.0
2024-02-29 23:00:00+05:30,0.0,0.0,0.0,25.8,6.6,81.0,92.0,59.0,1013.9,100,13.0827,80.275,0.0
2024-03-01 00:00:00+05:30,0.0,0.0,0.0,25.5,6.3,66.0,93.0,67.0,1012.9,100,13.0827,80.275,0.0
2024-03-01 01:00:00+05:30,0.0,0.0,0.0,25.2,5.6,50.0,94.0,88.0,1012.1,100,13.0827,80.275,0.0
2024-03-01 02:00:00+05:30,0.0,0.0,0.0,24.1,7.4,47.0,96.0,100.0,1011.3,100,13.0827,80.275,0.0
2024-03-01 03:00:00+05:30,0.0,0.0,0.0,23.7,6.9,28.0,97.0,99.0,1011.2,100,13.0827,80.275,0.0
2024-03-01 04:00:00+05:30,0.0,0.0,0.0,23.7,5.1,4.0,99.0,99.0,1011.3,100,13.0827,80.275,0.0
2024-03-01 05:00:00+05:30,0.0,0.0,0.0,23.6,3.6,315.0,99.0,100.0,1012.0,100,13.0827,80.275,0.0
2024-03-01 06:00:00+05:30,0.0,0.0,0.0,25.4,3.8,343.0,97.0,100.0,1013.1,100,13.0827,80.275,0.0
2024-03-01 07:00:00+05:30,63.0,143.0,41.0,27.0,3.7,349.0,89.0,100.0,1013.9,100,13.0827,80.275,4.981692977164327
2024-03-01 08:00:00+05:30,258.0,346.2,129.0,28.5,5.6,50.0,78.0,100.0,1014.6,100,13.0827,80.275,23.610923670153326
2024-03-01 09:00:00+05:30,502.0,585.8,159.0,30.1,7.3,70.0,67.0,100.0,1014.9,100,13.0827,80.275,44.71976350670361
2024-03-01 10:00:00+05:30,712.0,704.5,179.0,31.1,11.5,76.0,59.0,100.0,1015.0,100,13.0827,80.275,64.56641088836228
2024-03-01 11:00:00+05:30,875.0,834.1,146.0,31.5,14.6,74.0,56.0,31.0,1014.1,100,13.0827,80.275,81.32493156393673
2024-03-01 12:00:00+05:30,950.0,875.4,136.0,31.8,14.8,77.0,52.0,12.0,1013.0,100,13.0827,80.275,88.50220612825814
2024-03-01 13:00:00+05:30,945.0,884.4,131.0,32.0,13.8,83.0,50.0,4.0,1011.9,100,13.0827,80.275,88.46236308115182
2024-03-01 14:00:00+05:30,856.0,863.9,125.0,31.7,14.0,89.0,50.0,25.0,1010.9,100,13.0827,80.275,79.13998086594717
2024-03-01 15:00:00+05:30,698.0,817.1,116.0,31.1,14.0,90.0,53.0,86.0,1010.4,100,13.0827,80.275,65.28749542654205
2024-03-01 16:00:00+05:30,481.0,714.2,104.0,30.0,13.0,95.0,60.0,7.0,1010.6,100,13.0827,80.275,45.56810010614235
2024-03-01 17:00:00+05:30,240.0,546.7,73.0,28.8,11.3,97.0,69.0,43.0,1010.7,100,13.0827,80.275,22.192212985128585
2024-03-01 18:00:00+05:30,39.0,160.8,20.0,27.3,9.4,83.0,85.0,5.0,1011.3,100,13.0827,80.275,2.4178467338486835
2024-03-01 19:00:00+05:30,0.0,0.0,0.0,26.7,8.0,95.0,88.0,6.0,1012.1,100,13.0827,80.275,0.0
2024-03-01 20:00:00+05:30,0.0,0.0,0.0,26.3,6.4,106.0,90.0,30.0,1013.2,100,13.0827,80.275,0.0
2024-03-01 21:00:00+05:30,0.0,0.0,0.0,25.4,5.5,113.0,94.0,41.0,1013.8,100,13.0827,80.275,0.0
2024-03-01 22:00:00+05:30,0.0,0.0,0.0,25.0,7.0,111.0,93.0,12.0,1013.9,100,13.0827,80.275,0.0
2024-03-01 23:00:00+05:30,0.0,0.0,0.0,25.9,4.9,144.0,90.0,0.0,1013.7,100,13.0827,80.275,0.0
2024-03-02 00:00:00+05:30,0.0,0.0,0.0,25.2,1.1,270.0,93.0,5.0,1013.2,100,13.0827,80.275,0.0
2024-03-02 01:00:00+05:30,0.0,0.0,0.0,22.9,3.6,307.0,99.0,100.0,1012.6,100,13.0827,80.275,0.0
2024-03-02 02:00:00+05:30,0.0,0.0,0.0,23.0,2.6,304.0,98.0,100.0,1011.9,100,13.0827,80.275,0.0
2024-03-02 03:00:00+05:30,0.0,0.0,0.0,22.9,1.8,307.0,98.0,100.0,1011.3,100,13.0827,80.275,0.0
2024-03-02 04:00:00+05:30,0.0,0.0,0.0,23.3,0.7,270.0,98.0,100.0,1011.1,100,13.0827,80.275,0.0
2024-03-02 05:00:00+05:30,0.0,0.0,0.0,23.5,2.9,270.0,99.0,100.0,1011.4,100,13.0827,80.275,0.0
2024-03-02 06:00:00+05:30,0.0,0.0,0.0,25.2,6.0,253.0,96.0,100.0,1012.2,100,13.0827,80.275,0.0
2024-03-02 07:00:00+05:30,50.0,83.8,37.0,26.0,7.1,255.0,92.0,100.0,1013.1,100,13.0827,80.275,3.851750096447055
2024-03-02 08:00:00+05:30,260.0,349.1,129.0,27.5,4.1,255.0,82.0,100.0,1014.1,100,13.0827,80.275,23.401630386153702
2024-03-02 09:00:00+05:30,492.0,535.5,177.0,29.3,4.1,165.0,68.0,100.0,1014.5,100,13.0827,80.275,44.385114916431434
2024-03-02 10:00:00+05:30,691.0,630.9,212.0,30.8,7.2,143.0,58.0,100.0,1014.2,100,13.0827,80.275,60.591460920866616
2024-03-02 11:00:00+05:30,858.0,786.0,169.0,32.1,9.4,133.0,51.0,100.0,1013.2,100,13.0827,80.275,75.40973114012903
2024-03-02 12:00:00+05:30,924.0,777.7,199.0,32.7,13.0,132.0,45.0,99.0,1012.0,100,13.0827,80.275,82.18176394812593
2024-03-02 13:00:00+05:30,928.0,815.2,176.0,33.0,15.3,135.0,39.0,74.0,1010.9,100,13.0827,80.275,84.29439093135689
2024-03-02 14:00:00+05:30,853.0,832.5,147.0,33.0,16.1,138.0,36.0,70.0,1009.8,100,13.0827,80.275,76.56347527295165
2024-03-02 15:00:00+05:30,702.0,813.9,121.0,32.2,16.8,135.0,41.0,46.0,1008.9,100,13.0827,80.275,64.49825771905924
2024-03-02 16:00:00+05:30,485.0,712.5,108.0,30.7,18.0,127.0,48.0,88.0,1009.1,100,13.0827,80.275,45.062212525212075
2024-03-02 17:00:00+05:30,239.0,512.4,82.0,28.8,16.7,123.0,65.0,95.0,1009.5,100,13.0827,80.275,21.92985696797917
2024-03-02 18:00:00+05:30,38.0,126.5,23.0,27.2,12.9,120.0,79.0,73.0,1010.2,100,13.0827,80.275,2.4041239140191935
2024-03-02 19:00:00+05:30,0.0,0.0,0.0,26.8,14.1,122.0,82.0,99.0,1011.3,100,13.0827,80.275,0.0
2024-03-02 20:00:00+05:30,0.0,0.0,0.0,26.5,15.2,126.0,82.0,98.0,1012.1,100,13.0827,80.275,0.0
2024-03-02 21:00:00+05:30,0.0,0.0,0.0,26.3,14.6,128.0,87.0,99.0,1012.6,100,13.0827,80.275,0.0
2024-03-02 22:00:00+05:30,0.0,0.0,0.0,26.1,12.9,126.0,85.0,42.0,1012.9,100,13.0827,80.275,0.0
2024-03-02 23:00:00+05:30,0.0,0.0,0.0,25.7,11.9,119.0,87.0,100.0,1012.9,100,13.0827,80.275,0.0
2024-03-03 00:00:00+05:30,0.0,0.0,0.0,25.6,11.4,114.0,89.0,100.0,1012.4,100,13.0827,80.275,0.0
2024-03-03 01:00:00+05:30,0.0,0.0,0.0,25.3,11.8,113.0,91.0,62.0,1011.6,100,13.0827,80.275,0.0
2024-03-03 02:00:00+05:30,0.0,0.0,0.0,25.1,11.0,113.0,91.0,2.0,1011.0,100,13.0827,80.275,0.0
2024-03-03 03:00:00+05:30,0.0,0.0,0.0,24.9,9.8,114.0,92.0,7.0,1010.6,100,13.0827,80.275,0.0
2024-03-03 04:00:00+05:30,0.0,0.0,0.0,24.7,7.1,114.0,92.0,11.0,1010.6,100,13.0827,80.275,0.0
2024-03-03 05:00:00+05:30,0.0,0.0,0.0,24.0,6.2,126.0,93.0,8.0,1011.1,100,13.0827,80.275,0.0
2024-03-03 06:00:00+05:30,0.0,0.0,0.0,26.1,4.4,125.0,87.0,15.0,1011.9,100,13.0827,80.275,0.0
2024-03-03 07:00:00+05:30,83.0,274.8,40.0,26.7,1.4,180.0,86.0,19.0,1012.6,100,13.0827,80.275,6.649215223380516
2024-03-03 08:00:00+05:30,305.0,566.2,91.0,28.5,5.4,138.0,75.0,29.0,1013.2,100,13.0827,80.275,28.57317681997965
2024-03-03 09:00:00+05:30,519.0,634.5,144.0,29.8,8.2,128.0,67.0,48.0,1013.5,100,13.0827,80.275,46.94149469010848
2024-03-03 10:00:00+05:30,733.0,774.4,143.0,30.7,11.3,127.0,64.0,10.0,1013.2,100,13.0827,80.275,69.14714890408226
2024-03-03 11:00:00+05:30,885.0,853.1,135.0,31.4,14.8,133.0,57.0,44.0,1012.4,100,13.0827,80.275,82.63072302636714
2024-03-03 12:00:00+05:30,951.0,860.2,147.0,31.6,16.8,133.0,53.0,32.0,1011.3,100,13.0827,80.275,87.72002152711421
2024-03-03 13:00:00+05:30,945.0,878.2,133.0,31.3,18.6,134.0,54.0,19.0,1010.3,100,13.0827,80.275,88.69398478596288
2024-03-03 14:00:00+05:30,859.0,862.5,126.0,31.0,18.1,134.0,54.0,1.0,1009.2,100,13.0827,80.275,78.69924538980531
2024-03-03 15:00:00+05:30,688.0,795.4,119.0,30.4,17.1,136.0,57.0,6.0,1008.6,100,13.0827,80.275,65.03190632411993
2024-03-03 16:00:00+05:30,481.0,716.6,101.0,29.6,15.3,135.0,63.0,2.0,1008.7,100,13.0827,80.275,47.71465817762481
2024-03-03 17:00:00+05:30,242.0,546.6,74.0,28.3,14.0,136.0,70.0,1.0,1008.9,100,13.0827,80.275,22.92580130367142
2024-03-03 18:00:00+05:30,40.0,168.1,20.0,27.3,10.8,127.0,74.0,2.0,1009.6,100,13.0827,80.275,2.385404920746647
2024-03-03 19:00:00+05:30,0.0,0.0,0.0,26.6,9.9,134.0,78.0,0.0,1010.7,100,13.0827,80.275,0.0
2024-03-03 20:00:00+05:30,0.0,0.0,0.0,26.2,9.9,136.0,81.0,0.0,1011.5,100,13.0827,80.275,0.0
2024-03-03 21:00:00+05:30,0.0,0.0,0.0,25.9,10.9,136.0,83.0,0.0,1012.1,100,13.0827,80.275,0.0
2024-03-03 22:00:00+05:30,0.0,0.0,0.0,25.7,11.5,139.0,85.0,1.0,1012.3,100,13.0827,80.275,0.0
2024-03-03 23:00:00+05:30,0.0,0.0,0.0,25.3,10.0,139.0,88.0,0.0,1012.0,100,13.0827,80.275,0.0
2024-03-04 00:00:00+05:30,0.0,0.0,0.0,24.9,9.4,140.0,90.0,0.0,1011.3,100,13.0827,80.275,0.0
2024-03-04 01:00:00+05:30,0.0,0.0,0.0,24.3,6.5,146.0,92.0,77.0,1010.3,100,13.0827,80.275,0.0
2024-03-04 02:00:00+05:30,0.0,0.0,0.0,22.9,8.2,165.0,94.0,45.0,1009.9,100,13.0827,80.275,0.0
2024-03-04 03:00:00+05:30,0.0,0.0,0.0,22.5,7.0,201.0,95.0,49.0,1009.9,100,13.0827,80.275,0.0
2024-03-04 04:00:00+05:30,0.0,0.0,0.0,22.3,5.6,225.0,96.0,82.0,1010.0,100,13.0827,80.275,0.0
2024-03-04 05:00:00+05:30,0.0,0.0,0.0,22.4,4.7,238.0,96.0,73.0,1010.5,100,13.0827,80.275,0.0
2024-03-04 06:00:00+05:30,0.0,0.0,0.0,24.1,3.1,216.0,94.0,47.0,1011.4,100,13.0827,80.275,0.0
2024-03-04 07:00:00+05:30,72.0,183.7,43.0,25.7,4.2,211.0,88.0,60.0,1012.3,100,13.0827,80.275,5.6967852936291905
2024-03-04 08:00:00+05:30,288.0,493.9,100.0,27.7,7.8,146.0,78.0,34.0,1012.8,100,13.0827,80.275,27.776541373012975
2024-03-04 09:00:00+05:30,494.0,569.3,156.0,29.3,10.9,134.0,67.0,61.0,1012.9,100,13.0827,80.275,45.579908533292205
2024-03-04 10:00:00+05:30,734.0,773.0,143.0,30.1,13.3,128.0,62.0,16.0,1012.5,100,13.0827,80.275,68.42772165587918
2024-03-04 11:00:00+05:30,888.0,841.6,146.0,30.5,15.9,129.0,60.0,85.0,1012.1,100,13.0827,80.275,79.92733280735449
2024-03-04 12:00:00+05:30,955.0,870.9,139.0,30.8,16.4,128.0,56.0,79.0,1011.4,100,13.0827,80.275,86.27394518532373
2024-03-04 13:00:00+05:30,935.0,861.1,137.0,30.6,17.0,126.0,58.0,87.0,1010.3,100,13.0827,80.275,81.74431785924757
2024-03-04 14:00:00+05:30,857.0,854.8,129.0,30.3,17.2,127.0,58.0,92.0,1009.4,100,13.0827,80.275,77.87384824235848
2024-03-04 15:00:00+05:30,686.0,795.2,116.0,29.8,16.9,128.0,59.0,67.0,1008.7,100,13.0827,80.275,62.39153917625985
2024-03-04 16:00:00+05:30,485.0,722.5,101.0,29.0,16.4,130.0,63.0,2.0,1008.8,100,13.0827,80.275,46.2069346428651
2024-03-04 17:00:00+05:30,239.0,528.8,76.0,28.0,14.0,132.0,65.0,0.0,1009.3,100,13.0827,80.275,21.917673757429043
2024-03-04 18:00:00+05:30,36.0,134.0,20.0,27.8,12.1,113.0,73.0,91.0,1010.4,100,13.0827,80.275,2.039379316810591
2024-03-04 19:00:00+05:30,0.0,0.0,0.0,27.3,9.7,117.0,75.0,85.0,1011.4,100,13.0827,80.275,0.0
2024-03-04 20:00:00+05:30,0.0,0.0,0.0,26.7,9.2,121.0,78.0,59.0,1012.4,100,13.0827,80.275,0.0
2024-03-04 21:00:00+05:30,0.0,0.0,0.0,26.3,9.7,117.0,79.0,22.0,1013.2,100,13.0827,80.275,0.0
2024-03-04 22:00:00+05:30,0.0,0.0,0.0,25.9,10.1,125.0,81.0,13.0,1013.3,100,13.0827,80.275,0.0
2024-03-04 23:00:00+05:30,0.0,0.0,0.0,25.7,9.7,132.0,82.0,1.0,1012.8,100,13.0827,80.275,0.0
2024-03-05 00:00:00+05:30,0.0,0.0,0.0,25.4,9.2,135.0,82.0,16.0,1012.1,100,13.0827,80.275,0.0
2024-03-05 01:00:00+05:30,0.0,0.0,0.0,25.0,8.2,142.0,84.0,30.0,1011.3,100,13.0827,80.275,0.0
2024-03-05 02:00:00+05:30,0.0,0.0,0.0,24.4,7.6,155.0,87.0,13.0,1010.7,100,13.0827,80.275,0.0
2024-03-05 03:00:00+05:30,0.0,0.0,0.0,23.7,5.8,173.0,90.0,24.0,1010.3,100,13.0827,80.275,0.0
2024-03-05 04:00:00+05:30,0.0,0.0,0.0,23.2,5.2,205.0,92.0,16.0,1010.1,100,13.0827,80.275,0.0
2024-03-05 05:00:00+05:30,0.0,0.0,0.0,22.9,5.6,230.0,94.0,20.0,1010.5,100,13.0827,80.275,0.0
2024-03-05 06:00:00+05:30,0.0,0.0,0.0,24.4,7.6,262.0,92.0,47.0,1011.2,100,13.0827,80.275,0.0
2024-03-05 07:00:00+05:30,67.0,138.2,45.0,25.8,7.8,257.0,85.0,4.0,1011.9,100,13.0827,80.275,5.3602150195002904
2024-03-05 08:00:00+05:30,305.0,537.3,99.0,28.0,7.6,211.0,70.0,4.0,1012.6,100,13.0827,80.275,28.324855846361544
2024-03-05 09:00:00+05:30,545.0,712.6,120.0,29.5,8.3,162.0,64.0,47.0,1012.8,100,13.0827,80.275,50.69563315456491
2024-03-05 10:00:00+05:30,743.0,784.6,141.0,30.7,9.4,133.0,59.0,84.0,1012.5,100,13.0827,80.275,64.6954328760654
2024-03-05 11:00:00+05:30,887.0,844.8,140.0,31.3,12.1,120.0,57.0,97.0,1011.7,100,13.0827,80.275,77.75273166136421
2024-03-05 12:00:00+05:30,955.0,865.5,142.0,31.3,15.5,118.0,54.0,100.0,1011.1,100,13.0827,80.275,83.63531816778882
2024-03-05 13:00:00+05:30,933.0,825.8,166.0,31.0,16.3,121.0,54.0,100.0,1010.2,100,13.0827,80.275,83.21844238319592
2024-03-05 14:00:00+05:30,850.0,828.5,143.0,30.5,16.4,128.0,57.0,100.0,1009.3,100,13.0827,80.275,76.8764647623214
2024-03-05 15:00:00+05:30,691.0,774.1,135.0,29.9,16.1,130.0,61.0,100.0,1008.9,100,13.0827,80.275,64.15800472308553
2024-03-05 16:00:00+05:30,478.0,689.1,111.0,29.0,15.3,133.0,65.0,100.0,1009.0,100,13.0827,80.275,44.26504702816867
2024-03-05 17:00:00+05:30,233.0,478.9,85.0,28.1,14.1,140.0,69.0,100.0,1009.4,100,13.0827,80.275,20.896764915048713
2024-03-05 18:00:00+05:30,39.0,141.9,22.0,28.0,8.4,115.0,74.0,92.0,1010.0,100,13.0827,80.275,2.2648209963284573
2024-03-05 19:00:00+05:30,0.0,0.0,0.0,27.4,6.6,119.0,77.0,99.0,1010.9,100,13.0827,80.275,0.0
2024-03-05 20:00:00+05:30,0.0,0.0,0.0,27.1,5.9,128.0,78.0,98.0,1011.7,100,13.0827,80.275,0.0
2024-03-05 21:00:00+05:30,0.0,0.0,0.0,26.3,5.1,129.0,83.0,97.0,1012.3,100,13.0827,80.275,0.0
2024-03-05 22:00:00+05:30,0.0,0.0,0.0,25.6,6.7,126.0,87.0,100.0,1012.6,100,13.0827,80.275,0.0
2024-03-05 23:00:00+05:30,0.0,0.0,0.0,25.2,6.7,126.0,89.0,94.0,1012.7,100,13.0827,80.275,0.0
2024-03-06 00:00:00+05:30,0.0,0.0,0.0,24.9,6.4,153.0,90.0,95.0,1012.0,100,13.0827,80.275,0.0
2024-03-06 01:00:00+05:30,0.0,0.0,0.0,24.5,5.7,162.0,92.0,95.0,1011.3,100,13.0827,80.275,0.0
2024-03-06 02:00:00+05:30,0.0,0.0,0.0,24.4,5.5,157.0,92.0,96.0,1010.6,100,13.0827,80.275,0.0
2024-03-06 03:00:00+05:30,0.0,0.0,0.0,24.4,6.5,161.0,92.0,100.0,1010.0,100,13.0827,80.275,0.0
2024-03-06 04:00:00+05:30,0.0,0.0,0.0,23.9,5.8,180.0,93.0,97.0,1009.8,100,13.0827,80.275,0.0
2024-03-06 05:00:00+05:30,0.0,0.0,0.0,23.2,6.5,199.0,95.0,100.0,1010.2,100,13.0827,80.275,0.0
2024-03-06 06:00:00+05:30,0.0,0.0,0.0,24.1,7.9,273.0,95.0,100.0,1011.2,100,13.0827,80.275,0.0
2024-03-06 07:00:00+05:30,75.0,205.5,42.0,25.6,7.4,256.0,88.0,100.0,1012.2,100,13.0827,80.275,5.731775185602023
2024-03-06 08:00:00+05:30,226.0,243.5,132.0,27.5,8.7,228.0,79.0,94.0,1013.1,100,13.0827,80.275,20.113131785014033
2024-03-06 09:00:00+05:30,505.0,574.1,161.0,29.6,7.9,180.0,68.0,91.0,1013.4,100,13.0827,80.275,47.05632582130079
2024-03-06 10:00:00+05:30,681.0,622.2,202.0,31.0,8.1,159.0,60.0,94.0,1013.2,100,13.0827,80.275,60.1106855803863
2024-03-06 11:00:00+05:30,857.0,768.0,176.0,32.2,10.6,145.0,56.0,100.0,1012.3,100,13.0827,80.275,75.3244502867667
2024-03-06 12:00:00+05:30,942.0,832.7,158.0,32.7,14.3,135.0,56.0,83.0,1010.9,100,13.0827,80.275,82.36626987579052
2024-03-06 13:00:00+05:30,934.0,842.3,150.0,32.5,16.5,126.0,56.0,99.0,1009.7,100,13.0827,80.275,84.44297681740807
2024-03-06 14:00:00+05:30,837.0,803.4,150.0,31.6,18.6,122.0,55.0,96.0,1008.8,100,13.0827,80.275,75.16280345298371
2024-03-06 15:00:00+05:30,655.0,698.9,152.0,30.7,18.9,125.0,60.0,33.0,1008.0,100,13.0827,80.275,61.11386243064207
2024-03-06 16:00:00+05:30,467.0,665.2,112.0,29.7,20.8,127.0,67.0,11.0,1008.1,100,13.0827,80.275,44.90911217630594
2024-03-06 17:00:00+05:30,232.0,490.5,80.0,28.7,18.3,135.0,70.0,15.0,1008.7,100,13.0827,80.275,21.795756247353868
2024-03-06 18:00:00+05:30,40.0,166.5,20.0,27.4,12.5,139.0,70.0,0.0,1009.8,100,13.0827,80.275,2.3148255652248415
2024-03-06 19:00:00+05:30,0.0,0.0,0.0,26.7,11.1,151.0,76.0,0.0,1010.9,100,13.0827,80.275,0.0
2024-03-06 20:00:00+05:30,0.0,0.0,0.0,26.2,9.7,153.0,80.0,0.0,1011.7,100,13.0827,80.275,0.0
2024-03-06 21:00:00+05:30,0.0,0.0,0.0,25.9,10.1,153.0,82.0,4.0,1012.1,100,13.0827,80.275,0.0
2024-03-06 22:00:00+05:30,0.0,0.0,0.0,25.8,10.1,145.0,81.0,18.0,1012.1,100,13.0827,80.275,0.0
2024-03-06 23:00:00+05:30,0.0,0.0,0.0,25.9,13.5,134.0,83.0,2.0,1011.8,100,13.0827,80.275,0.0
2024-03-07 00:00:00+05:30,0.0,0.0,0.0,25.9,15.3,131.0,84.0,10.0,1010.6,100,13.0827,80.275,0.0
2024-03-07 01:00:00+05:30,0.0,0.0,0.0,25.7,15.5,134.0,85.0,87.0,1009.5,100,13.0827,80.275,0.0
2024-03-07 02:00:00+05:30,0.0,0.0,0.0,25.3,12.3,142.0,89.0,99.0,1008.6,100,13.0827,80.275,0.0
2024-03-07 03:00:00+05:30,0.0,0.0,0.0,24.8,8.1,159.0,91.0,100.0,1008.4,100,13.0827,80.275,0.0
2024-03-07 04:00:00+05:30,0.0,0.0,0.0,23.9,5.7,198.0,94.0,66.0,1008.6,100,13.0827,80.275,0.0
2024-03-07 05:00:00+05:30,0.0,0.0,0.0,23.5,6.4,227.0,95.0,99.0,1009.3,100,13.0827,80.275,0.0
2024-03-07 06:00:00+05:30,0.0,0.0,0.0,24.7,6.8,183.0,93.0,100.0,1010.4,100,13.0827,80.275,0.0
2024-03-07 07:00:00+05:30,86.0,209.9,52.0,26.2,8.1,201.0,86.0,99.0,1011.6,100,13.0827,80.275,6.6891829795958415
2024-03-07 08:00:00+05:30,306.0,511.8,107.0,28.3,11.5,182.0,76.0,58.0,1012.3,100,13.0827,80.275,28.35630184148218
2024-03-07 09:00:00+05:30,528.0,634.7,146.0,30.2,12.6,178.0,62.0,61.0,1012.3,100,13.0827,80.275,48.261480010623394
2024-03-07 10:00:00+05:30,756.0,814.2,127.0,32.1,15.5,168.0,51.0,23.0,1012.0,100,13.0827,80.275,69.69309123591889
2024-03-07 11:00:00+05:30,898.0,863.7,130.0,33.4,17.5,161.0,43.0,15.0,1010.9,100,13.0827,80.275,81.24363238400666
2024-03-07 12:00:00+05:30,966.0,883.7,132.0,34.1,18.4,154.0,39.0,2.0,1009.8,100,13.0827,80.275,87.77350419858696
2024-03-07 13:00:00+05:30,956.0,883.4,132.0,34.0,19.9,148.0,39.0,0.0,1008.6,100,13.0827,80.275,84.0245012181961
2024-03-07 14:00:00+05:30,868.0,866.1,126.0,33.4,21.7,148.0,40.0,33.0,1007.6,100,13.0827,80.275,79.92246421343955
2024-03-07 15:00:00+05:30,709.0,819.7,118.0,32.3,21.6,147.0,45.0,36.0,1007.1,100,13.0827,80.275,64.89695699029727
2024-03-07 16:00:00+05:30,494.0,740.6,98.0,31.1,19.5,146.0,52.0,93.0,1007.4,100,13.0827,80.275,46.09465342572603
2024-03-07 17:00:00+05:30,240.0,498.9,85.0,29.3,16.9,146.0,60.0,98.0,1007.9,100,13.0827,80.275,20.653263478193118
2024-03-07 18:00:00+05:30,37.0,99.6,25.0,27.7,15.2,149.0,78.0,100.0,1008.7,100,13.0827,80.275,2.2320372549584864
2024-03-07 19:00:00+05:30,0.0,0.0,0.0,27.2,15.9,147.0,86.0,95.0,1009.9,100,13.0827,80.275,0.0
2024-03-07 20:00:00+05:30,0.0,0.0,0.0,26.8,15.0,150.0,88.0,21.0,1011.0,100,13.0827,80.275,0.0
2024-03-07 21:00:00+05:30,0.0,0.0,0.0,26.6,15.0,150.0,88.0,6.0,1011.6,100,13.0827,80.275,0.0
2024-03-07 22:00:00+05:30,0.0,0.0,0.0,26.4,15.5,149.0,86.0,6.0,1011.7,100,13.0827,80.275,0.0
2024-03-07 23:00:00+05:30,0.0,0.0,0.0,26.2,16.8,149.0,87.0,4.0,1011.1,100,13.0827,80.275,0.0
2024-03-08 00:00:00+05:30,0.0,0.0,0.0,26.0,16.4,151.0,88.0,1.0,1010.2,100,13.0827,80.275,0.0
2024-03-08 01:00:00+05:30,0.0,0.0,0.0,25.7,15.5,155.0,90.0,0.0,1009.4,100,13.0827,80.275,0.0
2024-03-08 02:00:00+05:30,0.0,0.0,0.0,25.3,10.9,171.0,93.0,3.0,1009.0,100,13.0827,80.275,0.0
2024-03-08 03:00:00+05:30,0.0,0.0,0.0,24.9,9.8,188.0,94.0,21.0,1008.8,100,13.0827,80.275,0.0
2024-03-08 04:00:00+05:30,0.0,0.0,0.0,24.4,8.0,216.0,95.0,14.0,1008.9,100,13.0827,80.275,0.0
2024-03-08 05:00:00+05:30,0.0,0.0,0.0,23.8,7.4,241.0,96.0,36.0,1009.4,100,13.0827,80.275,0.0
2024-03-08 06:00:00+05:30,0.0,0.0,0.0,25.1,6.9,223.0,94.0,23.0,1010.5,100,13.0827,80.275,0.0
2024-03-08 07:00:00+05:30,84.0,202.0,51.0,26.2,7.6,239.0,89.0,36.0,1011.7,100,13.0827,80.275,6.69359703006765
2024-03-08 08:00:00+05:30,307.0,508.2,108.0,28.4,10.0,195.0,78.0,52.0,1012.3,100,13.0827,80.275,27.218131653643717
2024-03-08 09:00:00+05:30,530.0,631.8,148.0,30.3,10.1,182.0,67.0,5.0,1012.6,100,13.0827,80.275,49.347863467889184
2024-03-08 10:00:00+05:30,737.0,753.4,153.0,31.8,13.1,159.0,61.0,1.0,1012.3,100,13.0827,80.275,69.1675118483788
2024-03-08 11:00:00+05:30,877.0,812.0,153.0,32.1,17.2,143.0,62.0,6.0,1011.5,100,13.0827,80.275,78.32893976848938
2024-03-08 12:00:00+05:30,955.0,864.7,137.0,31.8,20.7,139.0,62.0,1.0,1010.2,100,13.0827,80.275,86.81920732664493
2024-03-08 13:00:00+05:30,892.0,789.6,154.0,31.7,22.0,145.0,58.0,16.0,1009.3,100,13.0827,80.275,81.12583826581123
2024-03-08 14:00:00+05:30,765.0,668.7,191.0,31.3,21.8,146.0,61.0,35.0,1008.5,100,13.0827,80.275,69.98182454876245
2024-03-08 15:00:00+05:30,618.0,631.3,162.0,30.7,21.6,143.0,63.0,30.0,1008.2,100,13.0827,80.275,57.47222697018345
2024-03-08 16:00:00+05:30,413.0,533.8,127.0,29.9,19.8,143.0,67.0,20.0,1008.5,100,13.0827,80.275,38.19725852239784
2024-03-08 17:00:00+05:30,207.0,401.4,82.0,29.1,18.1,145.0,71.0,18.0,1008.7,100,13.0827,80.275,18.173895810263136
2024-03-08 18:00:00+05:30,38.0,140.7,21.0,28.2,13.2,125.0,78.0,4.0,1009.4,100,13.0827,80.275,2.1441514271673032
2024-03-08 19:00:00+05:30,0.0,0.0,0.0,27.7,15.5,126.0,81.0,5.0,1010.1,100,13.0827,80.275,0.0
2024-03-08 20:00:00+05:30,0.0,0.0,0.0,27.4,16.3,125.0,84.0,7.0,1010.8,100,13.0827,80.275,0.0
2024-03-08 21:00:00+05:30,0.0,0.0,0.0,27.1,14.0,132.0,86.0,1.0,1011.7,100,13.0827,80.275,0.0
2024-03-08 22:00:00+05:30,0.0,0.0,0.0,26.8,14.0,138.0,89.0,1.0,1011.8,100,13.0827,80.275,0.0
2024-03-08 23:00:00+05:30,0.0,0.0,0.0,26.8,16.6,141.0,89.0,1.0,1011.3,100,13.0827,80.275,0.0
2024-03-09 00:00:00+05:30,0.0,0.0,0.0,26.7,17.5,148.0,89.0,24.0,1010.8,100,13.0827,80.275,0.0
2024-03-09 01:00:00+05:30,0.0,0.0,0.0,26.5,14.1,161.0,90.0,71.0,1010.4,100,13.0827,80.275,0.0
2024-03-09 02:00:00+05:30,0.0,0.0,0.0,26.0,9.7,184.0,93.0,5.0,1009.8,100,13.0827,80.275,0.0
2024-03-09 03:00:00+05:30,0.0,0.0,0.0,25.4,6.5,214.0,95.0,11.0,1009.8,100,13.0827,80.275,0.0
2024-03-09 04:00:00+05:30,0.0,0.0,0.0,24.7,5.6,230.0,96.0,19.0,1009.7,100,13.0827,80.275,0.0
2024-03-09 05:00:00+05:30,0.0,0.0,0.0,24.3,6.4,254.0,98.0,74.0,1010.0,100,13.0827,80.275,0.0
2024-03-09 06:00:00+05:30,0.0,0.0,0.0,25.4,5.8,263.0,98.0,100.0,1010.6,100,13.0827,80.275,0.0
2024-03-09 07:00:00+05:30,75.0,176.0,46.0,26.9,7.2,252.0,91.0,30.0,1011.7,100,13.0827,80.275,5.791823736893213
2024-03-09 08:00:00+05:30,291.0,461.6,109.0,28.9,7.7,208.0,79.0,29.0,1012.5,100,13.0827,80.275,26.641757558697634
2024-03-09 09:00:00+05:30,529.0,630.7,146.0,30.5,5.4,160.0,68.0,30.0,1012.9,100,13.0827,80.275,47.11386838555427
2024-03-09 10:00:00+05:30,738.0,758.6,148.0,31.7,8.7,128.0,62.0,38.0,1012.4,100,13.0827,80.275,67.13486768358042
2024-03-09 11:00:00+05:30,889.0,841.2,137.0,32.5,12.5,129.0,59.0,45.0,1011.5,100,13.0827,80.275,77.92061266267277
2024-03-09 12:00:00+05:30,956.0,863.8,137.0,32.8,16.1,129.0,55.0,18.0,1010.3,100,13.0827,80.275,83.82772141147777
2024-03-09 13:00:00+05:30,871.0,751.7,167.0,32.3,18.9,130.0,53.0,50.0,1009.4,100,13.0827,80.275,78.13841782207656
2024-03-09 14:00:00+05:30,730.0,611.7,204.0,31.2,20.1,119.0,61.0,65.0,1008.9,100,13.0827,80.275,65.40692754064271
2024-03-09 15:00:00+05:30,585.0,555.6,183.0,30.4,21.3,112.0,66.0,24.0,1008.8,100,13.0827,80.275,55.03135153690256
2024-03-09 16:00:00+05:30,434.0,564.6,131.0,30.0,18.0,127.0,65.0,24.0,1008.8,100,13.0827,80.275,40.7177570081984
2024-03-09 17:00:00+05:30,219.0,429.3,85.0,29.1,16.6,131.0,69.0,2.0,1009.2,100,13.0827,80.275,19.48855005611078
2024-03-09 18:00:00+05:30,39.0,148.6,21.0,28.5,12.9,113.0,83.0,1.0,1009.8,100,13.0827,80.275,2.0548922883902985
2024-03-09 19:00:00+05:30,0.0,0.0,0.0,28.0,14.0,108.0,87.0,23.0,1010.9,100,13.0827,80.275,0.0
2024-03-09 20:00:00+05:30,0.0,0.0,0.0,27.8,15.0,107.0,88.0,27.0,1011.8,100,13.0827,80.275,0.0
2024-03-09 21:00:00+05:30,0.0,0.0,0.0,27.5,16.3,108.0,90.0,13.0,1012.4,100,13.0827,80.275,0.0
2024-03-09 22:00:00+05:30,0.0,0.0,0.0,27.1,18.6,112.0,92.0,21.0,1012.5,100,13.0827,80.275,0.0
2024-03-09 23:00:00+05:30,0.0,0.0,0.0,27.0,19.4,112.0,90.0,48.0,1012.2,100,13.0827,80.275,0.0
2024-03-10 00:00:00+05:30,0.0,0.0,0.0,27.0,16.9,117.0,88.0,6.0,1011.8,100,13.0827,80.275,0.0
2024-03-10 01:00:00+05:30,0.0,0.0,0.0,26.7,13.2,119.0,89.0,19.0,1011.6,100,13.0827,80.275,0.0
2024-03-10 02:00:00+05:30,0.0,0.0,0.0,26.3,11.2,130.0,91.0,24.0,1011.0,100,13.0827,80.275,0.0
2024-03-10 03:00:00+05:30,0.0,0.0,0.0,25.9,6.9,152.0,90.0,16.0,1010.9,100,13.0827,80.275,0.0
2024-03-10 04:00:00+05:30,0.0,0.0,0.0,25.0,5.1,172.0,93.0,20.0,1011.1,100,13.0827,80.275,0.0
2024-03-10 05:00:00+05:30,0.0,0.0,0.0,24.6,5.1,176.0,94.0,34.0,1011.5,100,13.0827,80.275,0.0
2024-03-10 06:00:00+05:30,1.0,0.0,1.0,25.9,6.8,155.0,90.0,12.0,1012.4,100,13.0827,80.275,0.0
2024-03-10 07:00:00+05:30,91.0,264.8,47.0,27.5,8.5,168.0,82.0,17.0,1013.4,100,13.0827,80.275,7.017576454771109
2024-03-10 08:00:00+05:30,311.0,531.5,100.0,29.1,10.7,166.0,73.0,8.0,1014.1,100,13.0827,80.275,28.564165444205226
2024-03-10 09:00:00+05:30,543.0,675.5,131.0,30.5,9.3,164.0,64.0,10.0,1014.6,100,13.0827,80.275,50.05029977165776
2024-03-10 10:00:00+05:30,752.0,794.6,132.0,31.9,7.6,149.0,57.0,2.0,1014.5,100,13.0827,80.275,68.69557442752739
2024-03-10 11:00:00+05:30,894.0,846.8,135.0,32.7,11.9,119.0,53.0,0.0,1013.7,100,13.0827,80.275,76.76499167160094
2024-03-10 12:00:00+05:30,958.0,864.0,137.0,32.2,18.1,113.0,55.0,1.0,1012.7,100,13.0827,80.275,85.54691660279026
2024-03-10 13:00:00+05:30,890.0,770.5,167.0,31.9,17.9,115.0,53.0,11.0,1011.7,100,13.0827,80.275,81.39603673014277
2024-03-10 14:00:00+05:30,808.0,736.0,174.0,31.7,17.6,118.0,55.0,9.0,1010.8,100,13.0827,80.275,71.97234238674737
2024-03-10 15:00:00+05:30,655.0,698.2,149.0,31.0,17.8,111.0,59.0,0.0,1010.5,100,13.0827,80.275,61.327536329510835
2024-03-10 16:00:00+05:30,480.0,695.6,106.0,30.2,16.9,106.0,63.0,0.0,1010.8,100,13.0827,80.275,44.52474105284094
2024-03-10 17:00:00+05:30,241.0,530.6,75.0,29.1,16.1,106.0,69.0,0.0,1011.2,100,13.0827,80.275,21.08316700794602
2024-03-10 18:00:00+05:30,41.0,164.6,21.0,28.1,14.2,83.0,75.0,0.0,1011.8,100,13.0827,80.275,2.2239094950116773
2024-03-10 19:00:00+05:30,0.0,0.0,0.0,27.8,14.4,89.0,78.0,0.0,1012.8,100,13.0827,80.275,0.0
2024-03-10 20:00:00+05:30,0.0,0.0,0.0,27.6,13.3,92.0,82.0,2.0,1013.9,100,13.0827,80.275,0.0
2024-03-10 21:00:00+05:30,0.0,0.0,0.0,27.4,12.2,88.0,83.0,2.0,1014.5,100,13.0827,80.275,0.0
2024-03-10 22:00:00+05:30,0.0,0.0,0.0,27.2,12.3,87.0,83.0,3.0,1014.7,100,13.0827,80.275,0.0
2024-03-10 23:00:00+05:30,0.0,0.0,0.0,27.0,11.9,90.0,85.0,0.0,1014.8,100,13.0827,80.275,0.0
2024-03-11 00:00:00+05:30,0.0,0.0,0.0,26.7,13.1,99.0,86.0,5.0,1014.3,100,13.0827,80.275,0.0
2024-03-11 01:00:00+05:30,0.0,0.0,0.0,26.7,18.3,110.0,84.0,0.0,1012.9,100,13.0827,80.275,0.0
2024-03-11 02:00:00+05:30,0.0,0.0,0.0,26.4,13.6,122.0,86.0,1.0,1012.3,100,13.0827,80.275,0.0
2024-03-11 03:00:00+05:30,0.0,0.0,0.0,26.0,9.9,136.0,88.0,6.0,1012.3,100,13.0827,80.275,0.0
2024-03-11 04:00:00+05:30,0.0,0.0,0.0,25.5,6.6,151.0,91.0,16.0,1012.5,100,13.0827,80.275,0.0
2024-03-11 05:00:00+05:30,0.0,0.0,0.0,24.7,5.2,192.0,94.0,15.0,1012.9,100,13.0827,80.275,0.0
2024-03-11 06:00:00+05:30,1.0,0.0,1.0,26.4,6.0,163.0,90.0,43.0,1014.1,100,13.0827,80.275,0.0
2024-03-11 07:00:00+05:30,84.0,238.7,44.0,27.9,7.6,161.0,82.0,38.0,1015.2,100,13.0827,80.275,6.383889456298911
2024-03-11 08:00:00+05:30,299.0,475.4,109.0,29.4,10.6,152.0,73.0,20.0,1015.8,100,13.0827,80.275,27.072728854900006
2024-03-11 09:00:00+05:30,531.0,626.9,147.0,30.7,9.9,147.0,66.0,15.0,1016.1,100,13.0827,80.275,48.27508458181068
2024-03-11 10:00:00+05:30,744.0,770.4,141.0,31.7,11.7,133.0,60.0,1.0,1015.8,100,13.0827,80.275,67.26391317236101
2024-03-11 11:00:00+05:30,891.0,835.7,140.0,32.2,14.1,130.0,56.0,0.0,1015.0,100,13.0827,80.275,81.5550555152543
2024-03-11 12:00:00+05:30,963.0,867.4,137.0,32.7,14.8,131.0,49.0,0.0,1013.8,100,13.0827,80.275,84.68696683270083
2024-03-11 13:00:00+05:30,940.0,848.8,142.0,32.7,14.6,123.0,47.0,0.0,1012.8,100,13.0827,80.275,84.04124307439469
2024-03-11 14:00:00+05:30,853.0,835.6,132.0,31.7,16.4,116.0,55.0,0.0,1011.8,100,13.0827,80.275,77.36777893357964
2024-03-11 15:00:00+05:30,697.0,796.2,119.0,30.6,16.1,114.0,63.0,0.0,1011.2,100,13.0827,80.275,65.08322352568851
2024-03-11 16:00:00+05:30,481.0,700.0,104.0,29.8,15.3,117.0,67.0,0.0,1011.3,100,13.0827,80.275,43.824847269763346
2024-03-11 17:00:00+05:30,239.0,516.7,77.0,28.9,14.1,122.0,70.0,1.0,1011.8,100,13.0827,80.275,21.569387635077188
2024-03-11 18:00:00+05:30,40.0,156.0,21.0,28.4,10.9,124.0,74.0,0.0,1012.2,100,13.0827,80.275,2.1449787639953195
2024-03-11 19:00:00+05:30,0.0,0.0,0.0,27.9,9.7,135.0,77.0,19.0,1013.2,100,13.0827,80.275,0.0
2024-03-11 20:00:00+05:30,0.0,0.0,0.0,27.5,9.4,137.0,79.0,82.0,1014.0,100,13.0827,80.275,0.0
2024-03-11 21:00:00+05:30,0.0,0.0,0.0,27.2,10.0,139.0,81.0,93.0,1014.7,100,13.0827,80.275,0.0
2024-03-11 22:00:00+05:30,0.0,0.0,0.0,26.9,9.3,144.0,82.0,31.0,1014.8,100,13.0827,80.275,0.0
2024-03-11 23:00:00+05:30,0.0,0.0,0.0,26.5,9.5,151.0,85.0,0.0,1014.7,100,13.0827,80.275,0.0
2024-03-12 00:00:00+05:30,0.0,0.0,0.0,26.0,8.9,148.0,87.0,0.0,1013.9,100,13.0827,80.275,0.0
2024-03-12 01:00:00+05:30,0.0,0.0,0.0,25.7,9.0,157.0,89.0,48.0,1013.1,100,13.0827,80.275,0.0
2024-03-12 02:00:00+05:30,0.0,0.0,0.0,25.4,8.8,171.0,91.0,65.0,1012.2,100,13.0827,80.275,0.0
2024-03-12 03:00:00+05:30,0.0,0.0,0.0,24.8,6.0,197.0,93.0,38.0,1012.1,100,13.0827,80.275,0.0
2024-03-12 04:00:00+05:30,0.0,0.0,0.0,24.4,7.5,215.0,95.0,11.0,1012.3,100,13.0827,80.275,0.0
2024-03-12 05:00:00+05:30,0.0,0.0,0.0,24.2,9.3,216.0,95.0,36.0,1012.5,100,13.0827,80.275,0.0
2024-03-12 06:00:00+05:30,1.0,0.0,1.0,24.7,7.8,248.0,94.0,98.0,1013.6,100,13.0827,80.275,0.0
2024-03-12 07:00:00+05:30,99.0,313.8,46.0,26.2,9.4,247.0,86.0,49.0,1014.3,100,13.0827,80.275,7.471089588673113
2024-03-12 08:00:00+05:30,327.0,574.1,96.0,28.6,9.3,216.0,75.0,28.0,1015.0,100,13.0827,80.275,29.78623693906433
2024-03-12 09:00:00+05:30,542.0,648.6,143.0,30.5,9.1,198.0,64.0,14.0,1015.2,100,13.0827,80.275,49.979018325627194
2024-03-12 10:00:00+05:30,748.0,752.7,157.0,32.5,10.5,172.0,52.0,2.0,1014.8,100,13.0827,80.275,67.10345704407753
2024-03-12 11:00:00+05:30,900.0,848.1,136.0,33.4,14.7,149.0,51.0,0.0,1013.8,100,13.0827,80.275,80.61420548670739
2024-03-12 12:00:00+05:30,966.0,867.7,138.0,33.0,19.4,140.0,57.0,0.0,1012.7,100,13.0827,80.275,86.66976475282306
2024-03-12 13:00:00+05:30,929.0,830.3,147.0,33.3,21.3,143.0,44.0,0.0,1011.6,100,13.0827,80.275,84.85181820000598
2024-03-12 14:00:00+05:30,780.0,691.9,182.0,32.4,21.8,141.0,48.0,0.0,1010.6,100,13.0827,80.275,71.2737808557307
2024-03-12 15:00:00+05:30,684.0,760.6,131.0,31.7,21.6,143.0,53.0,87.0,1010.2,100,13.0827,80.275,61.19738186526969
2024-03-12 16:00:00+05:30,489.0,717.4,102.0,30.6,20.7,149.0,58.0,82.0,1010.2,100,13.0827,80.275,42.90860512783536
2024-03-12 17:00:00+05:30,243.0,531.6,76.0,29.2,18.4,149.0,68.0,58.0,1010.4,100,13.0827,80.275,20.632494195347842
2024-03-12 18:00:00+05:30,41.0,163.8,21.0,28.2,15.8,133.0,80.0,69.0,1011.3,100,13.0827,80.275,2.0563018160529536
2024-03-12 19:00:00+05:30,0.0,0.0,0.0,27.8,15.3,141.0,83.0,0.0,1011.9,100,13.0827,80.275,0.0
2024-03-12 20:00:00+05:30,0.0,0.0,0.0,27.4,14.6,147.0,85.0,0.0,1012.5,100,13.0827,80.275,0.0
2024-03-12 21:00:00+05:30,0.0,0.0,0.0,27.0,12.6,156.0,88.0,0.0,1012.9,100,13.0827,80.275,0.0
2024-03-12 22:00:00+05:30,0.0,0.0,0.0,26.5,12.6,160.0,90.0,0.0,1012.9,100,13.0827,80.275,0.0
2024-03-12 23:00:00+05:30,0.0,0.0,0.0,26.3,15.3,161.0,91.0,0.0,1012.6,100,13.0827,80.275,0.0
2024-03-13 00:00:00+05:30,0.0,0.0,0.0,26.1,15.0,169.0,93.0,3.0,1011.9,100,13.0827,80.275,0.0
2024-03-13 01:00:00+05:30,0.0,0.0,0.0,25.8,13.0,183.0,95.0,13.0,1011.1,100,13.0827,80.275,0.0
2024-03-13 02:00:00+05:30,0.0,0.0,0.0,25.3,9.7,219.0,96.0,12.0,1010.6,100,13.0827,80.275,0.0
2024-03-13 03:00:00+05:30,0.0,0.0,0.0,24.9,10.7,228.0,97.0,52.0,1010.6,100,13.0827,80.275,0.0
2024-03-13 04:00:00+05:30,0.0,0.0,0.0,24.8,10.9,214.0,98.0,93.0,1010.5,100,13.0827,80.275,0.0
2024-03-13 05:00:00+05:30,0.0,0.0,0.0,24.8,13.5,196.0,97.0,51.0,1010.6,100,13.0827,80.275,0.0
2024-03-13 06:00:00+05:30,1.0,0.0,1.0,25.8,14.4,217.0,95.0,100.0,1011.3,100,13.0827,80.275,0.0
2024-03-13 07:00:00+05:30,80.0,182.1,49.0,26.8,15.8,210.0,88.0,41.0,1012.3,100,13.0827,80.275,6.291537408549072
2024-03-13 08:00:00+05:30,299.0,437.1,122.0,28.9,16.7,199.0,75.0,31.0,1013.0,100,13.0827,80.275,26.649865046931072
2024-03-13 09:00:00+05:30,510.0,521.3,188.0,31.0,18.0,182.0,64.0,16.0,1013.2,100,13.0827,80.275,45.50562227411185
2024-03-13 10:00:00+05:30,747.0,744.0,161.0,32.7,20.0,172.0,57.0,1.0,1012.9,100,13.0827,80.275,69.06533646405337
2024-03-13 11:00:00+05:30,900.0,847.1,135.0,33.5,22.0,165.0,54.0,0.0,1012.0,100,13.0827,80.275,82.19906819724181
2024-03-13 12:00:00+05:30,961.0,859.6,139.0,33.8,24.4,158.0,52.0,0.0,1010.9,100,13.0827,80.275,86.90196956420061
2024-03-13 13:00:00+05:30,919.0,809.8,155.0,33.6,25.8,155.0,50.0,13.0,1010.0,100,13.0827,80.275,82.84523125119
2024-03-13 14:00:00+05:30,840.0,805.1,143.0,33.1,25.8,157.0,50.0,76.0,1009.1,100,13.0827,80.275,73.91398722735872
2024-03-13 15:00:00+05:30,660.0,696.3,153.0,32.2,24.5,156.0,54.0,98.0,1008.5,100,13.0827,80.275,59.489168825758576
2024-03-13 16:00:00+05:30,445.0,594.2,124.0,31.1,23.6,159.0,60.0,96.0,1008.6,100,13.0827,80.275,40.26983700653593
2024-03-13 17:00:00+05:30,237.0,489.2,83.0,29.8,21.3,158.0,66.0,99.0,1009.0,100,13.0827,80.275,20.293644463629445
2024-03-13 18:00:00+05:30,41.0,155.3,22.0,28.4,17.9,152.0,80.0,100.0,1009.8,100,13.0827,80.275,2.0660086096541743
2024-03-13 19:00:00+05:30,0.0,0.0,0.0,28.0,17.9,155.0,81.0,100.0,1010.8,100,13.0827,80.275,0.0
2024-03-13 20:00:00+05:30,0.0,0.0,0.0,27.7,16.4,154.0,84.0,100.0,1011.9,100,13.0827,80.275,0.0
2024-03-13 21:00:00+05:30,0.0,0.0,0.0,27.4,16.8,149.0,87.0,81.0,1012.6,100,13.0827,80.275,0.0
2024-03-13 22:00:00+05:30,0.0,0.0,0.0,27.2,18.2,146.0,87.0,42.0,1012.7,100,13.0827,80.275,0.0
2024-03-13 23:00:00+05:30,0.0,0.0,0.0,26.9,18.4,145.0,89.0,18.0,1012.4,100,13.0827,80.275,0.0
2024-03-14 00:00:00+05:30,0.0,0.0,0.0,26.7,17.9,155.0,90.0,29.0,1011.6,100,13.0827,80.275,0.0
2024-03-14 01:00:00+05:30,0.0,0.0,0.0,26.2,9.1,189.0,91.0,23.0,1011.3,100,13.0827,80.275,0.0
2024-03-14 02:00:00+05:30,0.0,0.0,0.0,25.5,9.7,211.0,95.0,16.0,1010.6,100,13.0827,80.275,0.0
2024-03-14 03:00:00+05:30,0.0,0.0,0.0,25.1,9.2,222.0,96.0,18.0,1010.4,100,13.0827,80.275,0.0
2024-03-14 04:00:00+05:30,0.0,0.0,0.0,24.9,9.1,214.0,97.0,14.0,1010.4,100,13.0827,80.275,0.0
2024-03-14 05:00:00+05:30,0.0,0.0,0.0,24.8,9.4,220.0,97.0,44.0,1010.9,100,13.0827,80.275,0.0
2024-03-14 06:00:00+05:30,1.0,0.0,1.0,26.9,12.7,223.0,92.0,100.0,1011.5,100,13.0827,80.275,0.0
2024-03-14 07:00:00+05:30,72.0,116.5,52.0,27.9,15.1,218.0,82.0,33.0,1012.3,100,13.0827,80.275,5.689943447211813
2024-03-14 08:00:00+05:30,286.0,424.4,113.0,29.3,15.9,213.0,74.0,38.0,1013.2,100,13.0827,80.275,25.081831942464163
2024-03-14 09:00:00+05:30,485.0,501.4,174.0,31.2,14.5,207.0,63.0,45.0,1013.5,100,13.0827,80.275,42.19173065150001
2024-03-14 10:00:00+05:30,674.0,598.7,201.0,32.7,12.3,195.0,55.0,30.0,1013.2,100,13.0827,80.275,59.661833678907946
2024-03-14 11:00:00+05:30,847.0,730.2,186.0,33.6,13.0,166.0,50.0,10.0,1012.2,100,13.0827,80.275,73.09236402357621
2024-03-14 12:00:00+05:30,909.0,762.9,178.0,32.9,18.8,148.0,60.0,0.0,1011.0,100,13.0827,80.275,81.95624956678127
2024-03-14 13:00:00+05:30,930.0,806.2,168.0,32.6,21.6,143.0,62.0,0.0,1009.8,100,13.0827,80.275,81.34250784443361
2024-03-14 14:00:00+05:30,851.0,824.7,136.0,32.1,22.0,140.0,60.0,0.0,1009.0,100,13.0827,80.275,78.35557509858198
2024-03-14 15:00:00+05:30,670.0,739.2,131.0,31.4,20.3,143.0,61.0,0.0,1008.5,100,13.0827,80.275,59.99205108918928
2024-03-14 16:00:00+05:30,450.0,621.0,114.0,30.5,19.5,141.0,64.0,0.0,1008.5,100,13.0827,80.275,40.06329768255835
2024-03-14 17:00:00+05:30,236.0,504.1,77.0,29.2,17.9,142.0,67.0,0.0,1008.8,100,13.0827,80.275,20.329355963690798
2024-03-14 18:00:00+05:30,41.0,154.9,22.0,28.1,17.6,131.0,75.0,0.0,1009.5,100,13.0827,80.275,2.098420279350122
2024-03-14 19:00:00+05:30,0.0,0.0,0.0,27.8,18.1,134.0,76.0,0.0,1009.9,100,13.0827,80.275,0.0
2024-03-14 20:00:00+05:30,0.0,0.0,0.0,27.5,16.8,135.0,77.0,0.0,1010.5,100,13.0827,80.275,0.0
2024-03-14 21:00:00+05:30,0.0,0.0,0.0,27.2,14.3,139.0,77.0,0.0,1011.1,100,13.0827,80.275,0.0
2024-03-14 22:00:00+05:30,0.0,0.0,0.0,26.9,14.8,141.0,80.0,0.0,1011.2,100,13.0827,80.275,0.0
2024-03-14 23:00:00+05:30,0.0,0.0,0.0,26.7,15.9,142.0,82.0,0.0,1010.9,100,13.0827,80.275,0.0
2024-03-15 00:00:00+05:30,0.0,0.0,0.0,26.5,13.3,147.0,83.0,0.0,1010.2,100,13.0827,80.275,0.0
2024-03-15 01:00:00+05:30,0.0,0.0,0.0,26.1,10.5,158.0,84.0,0.0,1009.6,100,13.0827,80.275,0.0
2024-03-15 02:00:00+05:30,0.0,0.0,0.0,25.6,8.7,175.0,88.0,2.0,1009.2,100,13.0827,80.275,0.0
2024-03-15 03:00:00+05:30,0.0,0.0,0.0,25.0,8.0,198.0,92.0,10.0,1009.0,100,13.0827,80.275,0.0
2024-03-15 04:00:00+05:30,0.0,0.0,0.0,24.8,8.9,201.0,93.0,14.0,1009.0,100,13.0827,80.275,0.0
2024-03-15 05:00:00+05:30,0.0,0.0,0.0,24.6,10.0,206.0,93.0,13.0,1009.5,100,13.0827,80.275,0.0
2024-03-15 06:00:00+05:30,1.0,0.0,1.0,26.1,9.0,209.0,90.0,46.0,1010.4,100,13.0827,80.275,0.0
2024-03-15 07:00:00+05:30,73.0,138.7,49.0,27.1,11.7,214.0,84.0,57.0,1011.7,100,13.0827,80.275,5.439883256496232
2024-03-15 08:00:00+05:30,295.0,414.3,125.0,28.6,13.4,204.0,76.0,36.0,1012.6,100,13.0827,80.275,25.45986835504435
2024-03-15 09:00:00+05:30,517.0,568.4,163.0,30.4,13.5,189.0,65.0,79.0,1013.0,100,13.0827,80.275,46.199601599495686
2024-03-15 10:00:00+05:30,703.0,662.5,178.0,31.9,15.5,168.0,55.0,58.0,1012.7,100,13.0827,80.275,60.921385354912424
2024-03-15 11:00:00+05:30,856.0,745.0,180.0,32.6,17.4,156.0,52.0,61.0,1011.9,100,13.0827,80.275,77.06950892860118
2024-03-15 12:00:00+05:30,926.0,759.3,197.0,32.1,22.3,146.0,57.0,96.0,1010.6,100,13.0827,80.275,81.96931129558145
2024-03-15 13:00:00+05:30,934.0,812.3,165.0,32.1,23.3,145.0,54.0,48.0,1009.5,100,13.0827,80.275,82.01042752776956
2024-03-15 14:00:00+05:30,853.0,822.3,139.0,31.7,23.1,146.0,53.0,0.0,1008.7,100,13.0827,80.275,79.69647911259896
2024-03-15 15:00:00+05:30,694.0,782.0,123.0,31.2,22.2,148.0,57.0,0.0,1008.0,100,13.0827,80.275,63.07805106224416
2024-03-15 16:00:00+05:30,485.0,699.5,106.0,30.4,21.0,149.0,60.0,0.0,1008.0,100,13.0827,80.275,43.86843235999258
2024-03-15 17:00:00+05:30,242.0,522.2,77.0,29.4,18.4,152.0,64.0,0.0,1008.5,100,13.0827,80.275,20.49128419409654
2024-03-15 18:00:00+05:30,41.0,154.6,22.0,28.8,14.2,144.0,70.0,0.0,1009.3,100,13.0827,80.275,1.9935736826539474
2024-03-15 19:00:00+05:30,0.0,0.0,0.0,28.3,13.8,137.0,73.0,1.0,1010.2,100,13.0827,80.275,0.0
2024-03-15 20:00:00+05:30,0.0,0.0,0.0,28.0,13.8,141.0,75.0,1.0,1011.0,100,13.0827,80.275,0.0
2024-03-15 21:00:00+05:30,0.0,0.0,0.0,27.7,14.8,139.0,76.0,0.0,1011.8,100,13.0827,80.275,0.0
2024-03-15 22:00:00+05:30,0.0,0.0,0.0,27.6,17.7,142.0,77.0,0.0,1011.9,100,13.0827,80.275,0.0
2024-03-15 23:00:00+05:30,0.0,0.0,0.0,27.4,19.5,146.0,77.0,0.0,1011.3,100,13.0827,80.275,0.0
2024-03-16 00:00:00+05:30,0.0,0.0,0.0,27.1,15.9,155.0,78.0,0.0,1011.0,100,13.0827,80.275,0.0
2024-03-16 01:00:00+05:30,0.0,0.0,0.0,26.7,11.6,164.0,81.0,2.0,1011.1,100,13.0827,80.275,0.0
2024-03-16 02:00:00+05:30,0.0,0.0,0.0,26.5,12.9,167.0,83.0,12.0,1010.4,100,13.0827,80.275,0.0
2024-03-16 03:00:00+05:30,0.0,0.0,0.0,26.3,11.7,171.0,84.0,25.0,1010.3,100,13.0827,80.275,0.0
2024-03-16 04:00:00+05:30,0.0,0.0,0.0,26.0,10.8,180.0,85.0,31.0,1010.4,100,13.0827,80.275,0.0
2024-03-16 05:00:00+05:30,0.0,0.0,0.0,25.9,11.9,180.0,85.0,36.0,1010.7,100,13.0827,80.275,0.0
2024-03-16 06:00:00+05:30,1.0,0.0,1.0,27.2,11.3,187.0,88.0,46.0,1011.6,100,13.0827,80.275,0.0
2024-03-16 07:00:00+05:30,82.0,166.3,53.0,28.3,15.9,177.0,83.0,51.0,1012.3,100,13.0827,80.275,6.161119887182792
2024-03-16 08:00:00+05:30,278.0,394.7,115.0,29.7,18.4,169.0,76.0,31.0,1012.9,100,13.0827,80.275,23.77304593125423
2024-03-16 09:00:00+05:30,521.0,588.4,153.0,31.1,19.4,165.0,66.0,30.0,1013.1,100,13.0827,80.275,46.28101179258202
2024-03-16 10:00:00+05:30,668.0,602.7,189.0,31.8,21.1,160.0,63.0,56.0,1012.8,100,13.0827,80.275,59.1905946040086
2024-03-16 11:00:00+05:30,819.0,679.5,201.0,32.2,22.5,158.0,60.0,43.0,1011.9,100,13.0827,80.275,73.55585580311413
2024-03-16 12:00:00+05:30,935.0,792.2,173.0,32.2,22.4,154.0,61.0,28.0,1010.9,100,13.0827,80.275,84.8917191442618
2024-03-16 13:00:00+05:30,922.0,796.2,167.0,32.1,22.5,148.0,61.0,4.0,1010.2,100,13.0827,80.275,82.04494362508683
2024-03-16 14:00:00+05:30,823.0,771.7,152.0,31.7,23.6,146.0,61.0,1.0,1009.3,100,13.0827,80.275,75.95478136250897
2024-03-16 15:00:00+05:30,682.0,745.4,137.0,31.0,24.2,143.0,63.0,0.0,1008.8,100,13.0827,80.275,61.89497299302709
2024-03-16 16:00:00+05:30,472.0,665.5,111.0,30.2,23.2,144.0,66.0,10.0,1008.7,100,13.0827,80.275,43.255520397105805
2024-03-16 17:00:00+05:30,235.0,493.0,79.0,29.1,19.7,145.0,71.0,4.0,1009.2,100,13.0827,80.275,19.68122138961084
2024-03-16 18:00:00+05:30,39.0,146.2,21.0,28.8,18.3,126.0,77.0,7.0,1009.8,100,13.0827,80.275,1.8492786096271425
2024-03-16 19:00:00+05:30,0.0,0.0,0.0,28.6,17.8,126.0,77.0,5.0,1010.7,100,13.0827,80.275,0.0
2024-03-16 20:00:00+05:30,0.0,0.0,0.0,28.3,16.9,128.0,77.0,4.0,1011.4,100,13.0827,80.275,0.0
2024-03-16 21:00:00+05:30,0.0,0.0,0.0,28.0,16.4,130.0,79.0,3.0,1011.9,100,13.0827,80.275,0.0
2024-03-16 22:00:00+05:30,0.0,0.0,0.0,27.7,16.4,130.0,81.0,4.0,1012.3,100,13.0827,80.275,0.0
2024-03-16 23:00:00+05:30,0.0,0.0,0.0,27.3,15.9,129.0,83.0,3.0,1012.1,100,13.0827,80.275,0.0
2024-03-17 00:00:00+05:30,0.0,0.0,0.0,27.0,13.0,129.0,84.0,0.0,1011.5,100,13.0827,80.275,0.0
2024-03-17 01:00:00+05:30,0.0,0.0,0.0,26.6,11.2,132.0,85.0,1.0,1010.9,100,13.0827,80.275,0.0
2024-03-17 02:00:00+05:30,0.0,0.0,0.0,26.3,9.2,141.0,87.0,10.0,1010.2,100,13.0827,80.275,0.0
2024-03-17 03:00:00+05:30,0.0,0.0,0.0,25.9,8.9,153.0,89.0,19.0,1010.1,100,13.0827,80.275,0.0
2024-03-17 04:00:00+05:30,0.0,0.0,0.0,25.7,8.0,162.0,90.0,27.0,1010.5,100,13.0827,80.275,0.0
2024-03-17 05:00:00+05:30,0.0,0.0,0.0,25.4,8.1,167.0,91.0,38.0,1011.0,100,13.0827,80.275,0.0
2024-03-17 06:00:00+05:30,2.0,0.0,2.0,26.9,8.6,147.0,89.0,36.0,1011.4,100,13.0827,80.275,0.0
2024-03-17 07:00:00+05:30,88.0,170.6,58.0,28.4,13.5,138.0,81.0,32.0,1012.6,100,13.0827,80.275,6.8601983794467545
2024-03-17 08:00:00+05:30,296.0,433.0,116.0,29.5,16.3,137.0,74.0,35.0,1013.2,100,13.0827,80.275,25.50281186856485
2024-03-17 09:00:00+05:30,511.0,558.9,160.0,30.4,16.9,140.0,68.0,18.0,1013.6,100,13.0827,80.275,45.49744251323987
2024-03-17 10:00:00+05:30,734.0,702.5,174.0,31.0,16.6,141.0,62.0,11.0,1013.3,100,13.0827,80.275,65.73838580654157
2024-03-17 11:00:00+05:30,898.0,810.6,159.0,31.7,17.7,141.0,55.0,1.0,1012.6,100,13.0827,80.275,80.18569753523826
2024-03-17 12:00:00+05:30,966.0,842.6,154.0,31.9,18.9,141.0,53.0,1.0,1011.6,100,13.0827,80.275,84.4916625976259
2024-03-17 13:00:00+05:30,964.0,865.5,142.0,31.8,18.9,141.0,54.0,1.0,1010.8,100,13.0827,80.275,83.94775065655527
2024-03-17 14:00:00+05:30,868.0,838.4,138.0,31.4,19.4,140.0,57.0,0.0,1010.1,100,13.0827,80.275,76.93898253468522
2024-03-17 15:00:00+05:30,698.0,785.5,123.0,30.7,19.9,139.0,59.0,3.0,1009.4,100,13.0827,80.275,63.37108016204502
2024-03-17 16:00:00+05:30,472.0,664.7,111.0,29.7,19.1,144.0,65.0,8.0,1009.6,100,13.0827,80.275,40.56741586414877
2024-03-17 17:00:00+05:30,239.0,508.0,78.0,28.8,16.5,148.0,70.0,2.0,1009.9,100,13.0827,80.275,20.426559800573823
2024-03-17 18:00:00+05:30,41.0,162.2,21.0,27.8,14.0,125.0,74.0,3.0,1010.6,100,13.0827,80.275,1.8599865727749587
2024-03-17 19:00:00+05:30,0.0,0.0,0.0,27.3,12.8,128.0,78.0,1.0,1011.4,100,13.0827,80.275,0.0
2024-03-17 20:00:00+05:30,0.0,0.0,0.0,26.9,10.9,134.0,81.0,1.0,1012.1,100,13.0827,80.275,0.0
2024-03-17 21:00:00+05:30,0.0,0.0,0.0,26.5,10.2,132.0,84.0,0.0,1012.8,100,13.0827,80.275,0.0
2024-03-17 22:00:00+05:30,0.0,0.0,0.0,26.1,9.0,127.0,86.0,2.0,1013.1,100,13.0827,80.275,0.0
2024-03-17 23:00:00+05:30,0.0,0.0,0.0,25.8,9.7,132.0,87.0,3.0,1013.0,100,13.0827,80.275,0.0
2024-03-18 00:00:00+05:30,0.0,0.0,0.0,25.6,9.9,134.0,88.0,1.0,1012.2,100,13.0827,80.275,0.0
2024-03-18 01:00:00+05:30,0.0,0.0,0.0,25.3,10.2,135.0,91.0,6.0,1011.3,100,13.0827,80.275,0.0
2024-03-18 02:00:00+05:30,0.0,0.0,0.0,25.0,7.9,133.0,92.0,22.0,1010.8,100,13.0827,80.275,0.0
2024-03-18 03:00:00+05:30,0.0,0.0,0.0,24.9,7.8,146.0,93.0,25.0,1010.4,100,13.0827,80.275,0.0
2024-03-18 04:00:00+05:30,0.0,0.0,0.0,24.9,8.7,156.0,92.0,25.0,1010.2,100,13.0827,80.275,0.0
2024-03-18 05:00:00+05:30,0.0,0.0,0.0,24.8,9.4,162.0,92.0,36.0,1010.4,100,13.0827,80.275,0.0
2024-03-18 06:00:00+05:30,2.0,0.0,2.0,25.7,6.3,167.0,90.0,22.0,1011.3,100,13.0827,80.275,0.0
2024-03-18 07:00:00+05:30,104.0,281.6,54.0,27.3,6.8,177.0,82.0,23.0,1012.4,100,13.0827,80.275,7.7747405657053985
2024-03-18 08:00:00+05:30,324.0,492.3,118.0,29.2,10.3,155.0,69.0,12.0,1013.1,100,13.0827,80.275,27.166590338557857
2024-03-18 09:00:00+05:30,553.0,642.3,148.0,30.6,12.1,150.0,61.0,10.0,1013.4,100,13.0827,80.275,48.3435656731249
2024-03-18 10:00:00+05:30,771.0,793.0,137.0,31.5,12.5,147.0,60.0,1.0,1013.2,100,13.0827,80.275,66.94426539221739
2024-03-18 11:00:00+05:30,905.0,829.6,147.0,32.4,14.3,139.0,54.0,0.0,1012.4,100,13.0827,80.275,78.26289459202052
2024-03-18 12:00:00+05:30,971.0,858.7,142.0,32.8,17.6,134.0,49.0,0.0,1011.1,100,13.0827,80.275,84.76560814237372
2024-03-18 13:00:00+05:30,958.0,863.2,137.0,32.4,19.4,140.0,53.0,0.0,1010.0,100,13.0827,80.275,85.79865678142649
2024-03-18 14:00:00+05:30,880.0,866.0,125.0,32.0,19.9,145.0,58.0,0.0,1008.9,100,13.0827,80.275,80.38201234301764
2024-03-18 15:00:00+05:30,706.0,798.3,121.0,31.6,18.2,146.0,54.0,0.0,1008.5,100,13.0827,80.275,64.60669288835115
2024-03-18 16:00:00+05:30,488.0,706.2,104.0,30.6,17.7,147.0,61.0,0.0,1008.4,100,13.0827,80.275,42.66410130660868
2024-03-18 17:00:00+05:30,245.0,532.5,76.0,29.3,16.7,147.0,65.0,0.0,1008.8,100,13.0827,80.275,20.11342710299865
2024-03-18 18:00:00+05:30,42.0,162.0,22.0,28.0,11.7,137.0,74.0,0.0,1009.5,100,13.0827,80.275,1.9262737914892791
2024-03-18 19:00:00+05:30,0.0,0.0,0.0,27.4,11.2,140.0,79.0,0.0,1010.4,100,13.0827,80.275,0.0
2024-03-18 20:00:00+05:30,0.0,0.0,0.0,26.9,11.8,140.0,83.0,0.0,1011.1,100,13.0827,80.275,0.0
2024-03-18 21:00:00+05:30,0.0,0.0,0.0,26.7,11.2,138.0,86.0,0.0,1011.7,100,13.0827,80.275,0.0
2024-03-18 22:00:00+05:30,0.0,0.0,0.0,26.4,11.5,134.0,89.0,0.0,1011.9,100,13.0827,80.275,0.0
2024-03-18 23:00:00+05:30,0.0,0.0,0.0,26.1,10.4,134.0,90.0,0.0,1011.6,100,13.0827,80.275,0.0
2024-03-19 00:00:00+05:30,0.0,0.0,0.0,25.8,9.9,136.0,92.0,0.0,1011.1,100,13.0827,80.275,0.0
2024-03-19 01:00:00+05:30,0.0,0.0,0.0,25.7,11.2,135.0,93.0,0.0,1010.2,100,13.0827,80.275,0.0
2024-03-19 02:00:00+05:30,0.0,0.0,0.0,25.6,11.0,139.0,93.0,0.0,1009.4,100,13.0827,80.275,0.0
2024-03-19 03:00:00+05:30,0.0,0.0,0.0,25.5,10.1,145.0,93.0,0.0,1009.1,100,13.0827,80.275,0.0
2024-03-19 04:00:00+05:30,0.0,0.0,0.0,25.2,8.6,158.0,93.0,0.0,1009.1,100,13.0827,80.275,0.0
2024-03-19 05:00:00+05:30,0.0,0.0,0.0,24.8,6.5,180.0,94.0,0.0,1009.5,100,13.0827,80.275,0.0
2024-03-19 06:00:00+05:30,2.0,0.0,2.0,25.5,5.4,172.0,94.0,18.0,1010.6,100,13.0827,80.275,0.0
2024-03-19 07:00:00+05:30,108.0,299.4,54.0,27.3,6.8,180.0,87.0,31.0,1011.6,100,13.0827,80.275,7.924743995422074
2024-03-19 08:00:00+05:30,329.0,517.6,111.0,29.2,10.5,158.0,74.0,14.0,1012.4,100,13.0827,80.275,28.597238759344602
2024-03-19 09:00:00+05:30,570.0,688.6,134.0,30.5,12.4,144.0,66.0,13.0,1012.6,100,13.0827,80.275,51.36023374855838
2024-03-19 10:00:00+05:30,763.0,762.0,152.0,31.4,13.5,138.0,61.0,10.0,1012.2,100,13.0827,80.275,67.40346176500307
2024-03-19 11:00:00+05:30,899.0,801.5,165.0,32.3,14.3,133.0,52.0,3.0,1011.4,100,13.0827,80.275,78.73908063673807
2024-03-19 12:00:00+05:30,971.0,841.6,157.0,32.5,15.2,126.0,50.0,0.0,1010.2,100,13.0827,80.275,85.3796966561227
2024-03-19 13:00:00+05:30,971.0,874.5,138.0,32.5,16.4,123.0,51.0,4.0,1009.2,100,13.0827,80.275,85.03127467593964
2024-03-19 14:00:00+05:30,881.0,863.8,127.0,32.0,16.9,128.0,54.0,3.0,1008.4,100,13.0827,80.275,79.33502447998514
2024-03-19 15:00:00+05:30,710.0,804.2,120.0,31.5,16.0,126.0,56.0,0.0,1008.1,100,13.0827,80.275,62.72533582758566
2024-03-19 16:00:00+05:30,493.0,712.9,105.0,30.4,16.5,126.0,60.0,0.0,1008.2,100,13.0827,80.275,44.38096109310265
2024-03-19 17:00:00+05:30,247.0,535.0,77.0,28.9,16.6,129.0,71.0,0.0,1008.7,100,13.0827,80.275,20.255227362392585
2024-03-19 18:00:00+05:30,43.0,169.8,22.0,27.6,13.7,135.0,77.0,0.0,1009.5,100,13.0827,80.275,1.8893061321278775
2024-03-19 19:00:00+05:30,0.0,0.0,0.0,27.1,13.5,136.0,81.0,0.0,1010.3,100,13.0827,80.275,0.0
2024-03-19 20:00:00+05:30,0.0,0.0,0.0,26.8,13.8,131.0,84.0,2.0,1011.2,100,13.0827,80.275,0.0
2024-03-19 21:00:00+05:30,0.0,0.0,0.0,26.6,13.2,125.0,85.0,2.0,1012.0,100,13.0827,80.275,0.0
2024-03-19 22:00:00+05:30,0.0,0.0,0.0,26.3,12.5,123.0,86.0,3.0,1012.2,100,13.0827,80.275,0.0
2024-03-19 23:00:00+05:30,0.0,0.0,0.0,26.2,14.3,129.0,87.0,7.0,1011.6,100,13.0827,80.275,0.0
2024-03-20 00:00:00+05:30,0.0,0.0,0.0,26.1,13.6,130.0,86.0,4.0,1010.8,100,13.0827,80.275,0.0
2024-03-20 01:00:00+05:30,0.0,0.0,0.0,25.7,11.7,133.0,88.0,14.0,1009.9,100,13.0827,80.275,0.0
2024-03-20 02:00:00+05:30,0.0,0.0,0.0,25.6,9.4,140.0,88.0,18.0,1009.4,100,13.0827,80.275,0.0
2024-03-20 03:00:00+05:30,0.0,0.0,0.0,25.4,9.0,151.0,88.0,19.0,1009.2,100,13.0827,80.275,0.0
2024-03-20 04:00:00+05:30,0.0,0.0,0.0,25.0,7.3,169.0,90.0,25.0,1009.3,100,13.0827,80.275,0.0
2024-03-20 05:00:00+05:30,0.0,0.0,0.0,24.8,9.1,173.0,91.0,26.0,1009.6,100,13.0827,80.275,0.0
2024-03-20 06:00:00+05:30,2.0,0.0,2.0,25.2,3.4,198.0,91.0,37.0,1010.7,100,13.0827,80.275,0.0
2024-03-20 07:00:00+05:30,108.0,283.8,56.0,27.1,5.2,192.0,82.0,34.0,1011.7,100,13.0827,80.275,7.795778903860636
2024-03-20 08:00:00+05:30,307.0,424.6,127.0,29.0,11.3,149.0,70.0,31.0,1012.3,100,13.0827,80.275,26.246214949930327
2024-03-20 09:00:00+05:30,548.0,610.3,160.0,30.4,12.7,145.0,62.0,32.0,1012.6,100,13.0827,80.275,47.44983255561776
2024-03-20 10:00:00+05:30,740.0,703.8,174.0,31.1,13.9,143.0,58.0,15.0,1012.1,100,13.0827,80.275,64.20082817771322
2024-03-20 11:00:00+05:30,914.0,839.0,144.0,32.0,14.5,136.0,52.0,3.0,1011.6,100,13.0827,80.275,80.42043332959173
2024-03-20 12:00:00+05:30,978.0,864.9,140.0,32.2,15.5,126.0,51.0,0.0,1010.7,100,13.0827,80.275,86.22538248314977
2024-03-20 13:00:00+05:30,956.0,847.0,148.0,32.0,17.6,125.0,52.0,0.0,1009.9,100,13.0827,80.275,86.22202330345792
2024-03-20 14:00:00+05:30,872.0,846.8,132.0,31.6,18.7,124.0,56.0,0.0,1008.9,100,13.0827,80.275,77.46567044847977
2024-03-20 15:00:00+05:30,696.0,778.9,124.0,31.0,17.4,120.0,59.0,1.0,1008.7,100,13.0827,80.275,61.03505450315929
2024-03-20 16:00:00+05:30,477.0,677.3,108.0,30.3,17.7,117.0,62.0,5.0,1008.8,100,13.0827,80.275,42.6882109809679
2024-03-20 17:00:00+05:30,231.0,471.5,81.0,29.6,16.6,114.0,64.0,6.0,1009.3,100,13.0827,80.275,18.752137202796913
2024-03-20 18:00:00+05:30,39.0,129.2,23.0,28.6,13.4,110.0,68.0,5.0,1010.2,100,13.0827,80.275,1.8007963886033604
2024-03-20 19:00:00+05:30,0.0,0.0,0.0,28.3,15.6,119.0,70.0,4.0,1010.8,100,13.0827,80.275,0.0
2024-03-20 20:00:00+05:30,0.0,0.0,0.0,28.1,17.2,119.0,72.0,0.0,1011.3,100,13.0827,80.275,0.0
2024-03-20 21:00:00+05:30,0.0,0.0,0.0,27.9,16.1,110.0,74.0,9.0,1011.9,100,13.0827,80.275,0.0
2024-03-20 22:00:00+05:30,0.0,0.0,0.0,27.8,14.4,103.0,74.0,18.0,1012.3,100,13.0827,80.275,0.0
2024-03-20 23:00:00+05:30,0.0,0.0,0.0,27.6,12.6,103.0,76.0,6.0,1012.2,100,13.0827,80.275,0.0
2024-03-21 00:00:00+05:30,0.0,0.0,0.0,27.3,13.4,104.0,77.0,18.0,1011.5,100,13.0827,80.275,0.0
2024-03-21 01:00:00+05:30,0.0,0.0,0.0,26.9,14.1,103.0,79.0,26.0,1010.8,100,13.0827,80.275,0.0
2024-03-21 02:00:00+05:30,0.0,0.0,0.0,26.5,13.5,99.0,81.0,35.0,1010.5,100,13.0827,80.275,0.0
2024-03-21 03:00:00+05:30,0.0,0.0,0.0,26.4,12.7,98.0,82.0,29.0,1010.4,100,13.0827,80.275,0.0
2024-03-21 04:00:00+05:30,0.0,0.0,0.0,26.2,11.9,92.0,83.0,35.0,1010.5,100,13.0827,80.275,0.0
2024-03-21 05:00:00+05:30,0.0,0.0,0.0,26.3,11.2,94.0,84.0,14.0,1010.8,100,13.0827,80.275,0.0
2024-03-21 06:00:00+05:30,2.0,0.0,2.0,27.1,12.4,100.0,82.0,22.0,1011.1,100,13.0827,80.275,0.0
2024-03-21 07:00:00+05:30,99.0,247.2,53.0,28.6,14.0,78.0,72.0,34.0,1012.2,100,13.0827,80.275,7.218868464526682
2024-03-21 08:00:00+05:30,296.0,405.5,123.0,29.6,12.0,69.0,63.0,48.0,1013.0,100,13.0827,80.275,24.645720975972406
2024-03-21 09:00:00+05:30,369.0,291.4,183.0,29.9,15.5,72.0,62.0,36.0,1013.4,100,13.0827,80.275,32.801586621069916
2024-03-21 10:00:00+05:30,696.0,634.9,184.0,30.2,14.5,71.0,61.0,77.0,1013.2,100,13.0827,80.275,61.495824255882134
2024-03-21 11:00:00+05:30,770.0,538.2,275.0,29.7,16.9,52.0,64.0,64.0,1012.6,100,13.0827,80.275,67.99319166902377
2024-03-21 12:00:00+05:30,806.0,610.0,214.0,29.6,17.4,72.0,65.0,15.0,1011.3,100,13.0827,80.275,71.6340746648002
2024-03-21 13:00:00+05:30,961.0,849.0,150.0,30.2,15.8,90.0,63.0,4.0,1010.2,100,13.0827,80.275,85.65818225272695
2024-03-21 14:00:00+05:30,834.0,778.4,153.0,30.4,14.4,89.0,61.0,8.0,1009.0,100,13.0827,80.275,74.17773155630361
2024-03-21 15:00:00+05:30,658.0,697.9,145.0,30.0,14.0,90.0,63.0,10.0,1008.4,100,13.0827,80.275,56.829973245311216
2024-03-21 16:00:00+05:30,462.0,632.7,117.0,29.1,14.8,96.0,66.0,8.0,1008.4,100,13.0827,80.275,39.663133804393496
2024-03-21 17:00:00+05:30,231.0,467.9,82.0,28.2,13.9,100.0,71.0,5.0,1008.4,100,13.0827,80.275,18.2391392253495
2024-03-21 18:00:00+05:30,40.0,137.2,23.0,27.8,10.9,99.0,78.0,5.0,1009.3,100,13.0827,80.275,1.8288605106797609
2024-03-21 19:00:00+05:30,0.0,0.0,0.0,27.5,8.6,92.0,81.0,8.0,1010.3,100,13.0827,80.275,0.0
2024-03-21 20:00:00+05:30,0.0,0.0,0.0,27.4,8.0,85.0,81.0,17.0,1011.0,100,13.0827,80.275,0.0
2024-03-21 21:00:00+05:30,0.0,0.0,0.0,27.2,7.9,87.0,82.0,14.0,1011.7,100,13.0827,80.275,0.0
2024-03-21 22:00:00+05:30,0.0,0.0,0.0,27.0,7.2,93.0,83.0,16.0,1012.0,100,13.0827,80.275,0.0
2024-03-21 23:00:00+05:30,0.0,0.0,0.0,26.7,7.2,90.0,84.0,13.0,1011.6,100,13.0827,80.275,0.0
2024-03-22 00:00:00+05:30,0.0,0.0,0.0,26.5,7.2,93.0,85.0,9.0,1010.7,100,13.0827,80.275,0.0
2024-03-22 01:00:00+05:30,0.0,0.0,0.0,26.3,7.6,98.0,86.0,20.0,1009.8,100,13.0827,80.275,0.0
2024-03-22 02:00:00+05:30,0.0,0.0,0.0,26.1,7.1,105.0,87.0,32.0,1009.0,100,13.0827,80.275,0.0
2024-03-22 03:00:00+05:30,0.0,0.0,0.0,25.6,5.2,106.0,90.0,32.0,1008.6,100,13.0827,80.275,0.0
2024-03-22 04:00:00+05:30,0.0,0.0,0.0,25.1,5.8,112.0,93.0,26.0,1008.5,100,13.0827,80.275,0.0
2024-03-22 05:00:00+05:30,0.0,0.0,0.0,24.9,6.4,137.0,93.0,31.0,1008.9,100,13.0827,80.275,0.0
2024-03-22 06:00:00+05:30,3.0,0.0,3.0,26.5,2.1,31.0,85.0,21.0,1009.5,100,13.0827,80.275,0.0
2024-03-22 07:00:00+05:30,111.0,296.4,55.0,27.7,1.3,56.0,79.0,23.0,1010.4,100,13.0827,80.275,7.629484524652479
2024-03-22 08:00:00+05:30,332.0,510.0,113.0,29.2,7.5,107.0,71.0,13.0,1011.2,100,13.0827,80.275,28.488228338250824
2024-03-22 09:00:00+05:30,557.0,653.9,138.0,30.4,10.4,110.0,64.0,17.0,1011.7,100,13.0827,80.275,48.80618650624281
2024-03-22 10:00:00+05:30,749.0,730.8,158.0,31.2,13.2,112.0,60.0,14.0,1011.4,100,13.0827,80.275,67.4758279890434
2024-03-22 11:00:00+05:30,888.0,794.2,156.0,31.7,14.2,111.0,58.0,7.0,1010.6,100,13.0827,80.275,76.2611292995336
2024-03-22 12:00:00+05:30,948.0,810.6,160.0,31.9,14.8,104.0,57.0,12.0,1009.4,100,13.0827,80.275,82.26019025767701
2024-03-22 13:00:00+05:30,919.0,790.4,163.0,31.9,15.0,100.0,57.0,10.0,1008.2,100,13.0827,80.275,80.03736343746895
2024-03-22 14:00:00+05:30,822.0,755.9,160.0,31.6,14.8,94.0,58.0,13.0,1007.1,100,13.0827,80.275,71.61988270359019
2024-03-22 15:00:00+05:30,664.0,714.9,138.0,31.0,15.2,94.0,60.0,6.0,1006.6,100,13.0827,80.275,58.45969929811333
2024-03-22 16:00:00+05:30,471.0,650.5,116.0,30.2,13.8,99.0,65.0,3.0,1006.5,100,13.0827,80.275,40.75631935573695
2024-03-22 17:00:00+05:30,243.0,514.5,79.0,29.2,12.9,108.0,70.0,0.0,1007.0,100,13.0827,80.275,19.068520130113995
2024-03-22 18:00:00+05:30,43.0,161.2,23.0,28.1,11.1,126.0,73.0,0.0,1007.5,100,13.0827,80.275,1.8692002708137878
2024-03-22 19:00:00+05:30,0.0,0.0,0.0,27.6,10.7,135.0,77.0,0.0,1008.4,100,13.0827,80.275,0.0
2024-03-22 20:00:00+05:30,0.0,0.0,0.0,27.3,11.5,136.0,78.0,0.0,1009.0,100,13.0827,80.275,0.0
2024-03-22 21:00:00+05:30,0.0,0.0,0.0,27.1,10.7,135.0,80.0,0.0,1009.7,100,13.0827,80.275,0.0
2024-03-22 22:00:00+05:30,0.0,0.0,0.0,26.9,10.7,138.0,81.0,0.0,1009.9,100,13.0827,80.275,0.0
2024-03-22 23:00:00+05:30,0.0,0.0,0.0,26.6,10.3,144.0,82.0,2.0,1009.6,100,13.0827,80.275,0.0
2024-03-23 00:00:00+05:30,0.0,0.0,0.0,26.1,8.6,147.0,85.0,7.0,1009.0,100,13.0827,80.275,0.0
2024-03-23 01:00:00+05:30,0.0,0.0,0.0,25.7,7.2,153.0,88.0,21.0,1008.5,100,13.0827,80.275,0.0
2024-03-23 02:00:00+05:30,0.0,0.0,0.0,25.3,5.9,169.0,90.0,17.0,1007.8,100,13.0827,80.275,0.0
2024-03-23 03:00:00+05:30,0.0,0.0,0.0,24.6,4.7,203.0,93.0,19.0,1007.7,100,13.0827,80.275,0.0
2024-03-23 04:00:00+05:30,0.0,0.0,0.0,24.3,4.8,243.0,95.0,26.0,1007.7,100,13.0827,80.275,0.0
2024-03-23 05:00:00+05:30,0.0,0.0,0.0,23.9,5.6,255.0,96.0,16.0,1008.1,100,13.0827,80.275,0.0
2024-03-23 06:00:00+05:30,3.0,0.0,3.0,25.3,3.9,214.0,94.0,31.0,1008.8,100,13.0827,80.275,0.0
2024-03-23 07:00:00+05:30,115.0,297.2,58.0,27.4,5.9,223.0,85.0,39.0,1010.0,100,13.0827,80.275,8.095160767241662
2024-03-23 08:00:00+05:30,334.0,499.9,118.0,29.4,8.6,180.0,73.0,24.0,1010.7,100,13.0827,80.275,27.71004371164787
2024-03-23 09:00:00+05:30,570.0,656.0,148.0,31.2,9.3,167.0,62.0,6.0,1011.1,100,13.0827,80.275,49.19353115296237
2024-03-23 10:00:00+05:30,775.0,776.9,145.0,32.4,11.2,147.0,57.0,4.0,1010.6,100,13.0827,80.275,67.91262749937346
2024-03-23 11:00:00+05:30,919.0,841.3,142.0,33.0,14.6,128.0,55.0,1.0,1010.1,100,13.0827,80.275,78.04774805245921
2024-03-23 12:00:00+05:30,964.0,839.1,147.0,33.1,17.0,122.0,49.0,1.0,1008.8,100,13.0827,80.275,84.5866921247656
2024-03-23 13:00:00+05:30,931.0,814.5,151.0,33.0,17.8,126.0,47.0,0.0,1008.0,100,13.0827,80.275,79.18356411484336
2024-03-23 14:00:00+05:30,847.0,808.7,138.0,32.4,18.2,129.0,53.0,4.0,1007.1,100,13.0827,80.275,74.36456173365517
2024-03-23 15:00:00+05:30,689.0,760.5,129.0,31.6,17.8,133.0,57.0,3.0,1006.5,100,13.0827,80.275,60.73522023189261
2024-03-23 16:00:00+05:30,482.0,686.7,107.0,30.6,17.1,134.0,62.0,3.0,1006.5,100,13.0827,80.275,41.430384059003295
2024-03-23 17:00:00+05:30,242.0,517.2,77.0,29.3,16.3,135.0,69.0,3.0,1006.8,100,13.0827,80.275,19.448157305200894
2024-03-23 18:00:00+05:30,43.0,169.1,22.0,28.7,14.0,136.0,73.0,0.0,1007.6,100,13.0827,80.275,1.682169309634223
2024-03-23 19:00:00+05:30,0.0,0.0,0.0,28.2,13.0,134.0,77.0,0.0,1008.7,100,13.0827,80.275,0.0
2024-03-23 20:00:00+05:30,0.0,0.0,0.0,27.9,13.0,141.0,79.0,4.0,1009.8,100,13.0827,80.275,0.0
2024-03-23 21:00:00+05:30,0.0,0.0,0.0,27.6,13.1,143.0,82.0,18.0,1010.6,100,13.0827,80.275,0.0
2024-03-23 22:00:00+05:30,0.0,0.0,0.0,27.4,12.9,144.0,83.0,12.0,1011.0,100,13.0827,80.275,0.0
2024-03-23 23:00:00+05:30,0.0,0.0,0.0,27.2,12.3,148.0,84.0,26.0,1010.7,100,13.0827,80.275,0.0
2024-03-24 00:00:00+05:30,0.0,0.0,0.0,26.9,10.5,158.0,85.0,24.0,1010.2,100,13.0827,80.275,0.0
2024-03-24 01:00:00+05:30,0.0,0.0,0.0,26.3,8.5,168.0,88.0,23.0,1009.7,100,13.0827,80.275,0.0
2024-03-24 02:00:00+05:30,0.0,0.0,0.0,25.8,6.5,183.0,90.0,31.0,1009.3,100,13.0827,80.275,0.0
2024-03-24 03:00:00+05:30,0.0,0.0,0.0,24.9,4.7,212.0,94.0,38.0,1009.2,100,13.0827,80.275,0.0
2024-03-24 04:00:00+05:30,0.0,0.0,0.0,24.5,4.8,243.0,96.0,39.0,1009.5,100,13.0827,80.275,0.0
2024-03-24 05:00:00+05:30,0.0,0.0,0.0,24.3,5.9,259.0,96.0,46.0,1009.9,100,13.0827,80.275,0.0
2024-03-24 06:00:00+05:30,4.0,0.0,4.0,25.4,7.7,221.0,94.0,93.0,1010.5,100,13.0827,80.275,0.0
2024-03-24 07:00:00+05:30,125.0,328.9,61.0,27.3,7.1,221.0,85.0,99.0,1011.5,100,13.0827,80.275,8.598189453435758
2024-03-24 08:00:00+05:30,348.0,529.0,118.0,29.4,8.9,194.0,72.0,88.0,1012.4,100,13.0827,80.275,28.51032373864844
2024-03-24 09:00:00+05:30,594.0,720.1,129.0,31.1,8.7,156.0,63.0,65.0,1012.7,100,13.0827,80.275,49.8764113674691
2024-03-24 10:00:00+05:30,782.0,784.7,144.0,32.1,13.5,136.0,60.0,85.0,1012.4,100,13.0827,80.275,67.32966801923396
2024-03-24 11:00:00+05:30,921.0,826.6,156.0,32.3,18.6,136.0,58.0,100.0,1011.8,100,13.0827,80.275,78.97718881026472
2024-03-24 12:00:00+05:30,973.0,830.7,163.0,32.6,20.2,139.0,49.0,100.0,1011.1,100,13.0827,80.275,80.80983426921216
2024-03-24 13:00:00+05:30,956.0,808.3,181.0,32.2,20.1,134.0,54.0,100.0,1010.0,100,13.0827,80.275,83.45742198771775
2024-03-24 14:00:00+05:30,875.0,814.8,160.0,31.8,20.6,136.0,55.0,100.0,1009.1,100,13.0827,80.275,75.67316393042722
2024-03-24 15:00:00+05:30,693.0,726.0,158.0,31.1,19.6,139.0,60.0,100.0,1008.8,100,13.0827,80.275,58.94036825907702
2024-03-24 16:00:00+05:30,458.0,538.0,164.0,30.3,17.7,141.0,61.0,98.0,1008.8,100,13.0827,80.275,37.65646026170345
2024-03-24 17:00:00+05:30,232.0,438.5,92.0,29.3,15.4,143.0,68.0,56.0,1009.2,100,13.0827,80.275,17.876931957402785
2024-03-24 18:00:00+05:30,41.0,128.7,25.0,28.0,11.7,133.0,72.0,93.0,1009.8,100,13.0827,80.275,1.8326633739922373
2024-03-24 19:00:00+05:30,0.0,0.0,0.0,27.4,8.8,125.0,76.0,100.0,1010.5,100,13.0827,80.275,0.0
2024-03-24 20:00:00+05:30,0.0,0.0,0.0,27.0,8.3,124.0,78.0,99.0,1011.5,100,13.0827,80.275,0.0
2024-03-24 21:00:00+05:30,0.0,0.0,0.0,26.7,8.4,130.0,80.0,67.0,1012.2,100,13.0827,80.275,0.0
2024-03-24 22:00:00+05:30,0.0,0.0,0.0,26.4,8.4,130.0,82.0,63.0,1012.7,100,13.0827,80.275,0.0
2024-03-24 23:00:00+05:30,0.0,0.0,0.0,26.1,8.2,119.0,85.0,15.0,1012.5,100,13.0827,80.275,0.0
2024-03-25 00:00:00+05:30,0.0,0.0,0.0,25.6,6.5,124.0,88.0,68.0,1011.8,100,13.0827,80.275,0.0
2024-03-25 01:00:00+05:30,0.0,0.0,0.0,25.1,5.7,108.0,92.0,90.0,1011.2,100,13.0827,80.275,0.0
2024-03-25 02:00:00+05:30,0.0,0.0,0.0,24.6,7.1,114.0,94.0,66.0,1010.5,100,13.0827,80.275,0.0
2024-03-25 03:00:00+05:30,0.0,0.0,0.0,24.1,6.5,146.0,94.0,76.0,1010.2,100,13.0827,80.275,0.0
2024-03-25 04:00:00+05:30,0.0,0.0,0.0,24.0,6.0,155.0,95.0,89.0,1010.1,100,13.0827,80.275,0.0
2024-03-25 05:00:00+05:30,0.0,0.0,0.0,23.8,7.0,159.0,96.0,61.0,1010.3,100,13.0827,80.275,0.0
2024-03-25 06:00:00+05:30,4.0,0.0,4.0,25.5,4.5,166.0,93.0,47.0,1011.0,100,13.0827,80.275,0.0
2024-03-25 07:00:00+05:30,124.0,324.2,60.0,27.6,6.6,151.0,82.0,49.0,1011.8,100,13.0827,80.275,8.30869090157353
2024-03-25 08:00:00+05:30,337.0,498.4,119.0,29.3,8.7,132.0,70.0,53.0,1012.7,100,13.0827,80.275,27.596275611271235
2024-03-25 09:00:00+05:30,566.0,638.7,152.0,30.4,9.0,119.0,64.0,32.0,1013.0,100,13.0827,80.275,47.74721405526772
2024-03-25 10:00:00+05:30,772.0,765.4,148.0,31.2,11.3,112.0,61.0,43.0,1012.7,100,13.0827,80.275,66.13941370673163
2024-03-25 11:00:00+05:30,916.0,820.7,155.0,31.7,13.7,113.0,58.0,2.0,1012.1,100,13.0827,80.275,79.24576080293927
2024-03-25 12:00:00+05:30,980.0,850.9,149.0,31.9,15.1,115.0,55.0,0.0,1011.3,100,13.0827,80.275,85.3487253204083
2024-03-25 13:00:00+05:30,969.0,862.6,141.0,31.9,15.3,117.0,56.0,0.0,1010.2,100,13.0827,80.275,85.06846636949803
2024-03-25 14:00:00+05:30,871.0,835.7,137.0,31.5,16.5,113.0,59.0,0.0,1009.3,100,13.0827,80.275,74.94732188162021
2024-03-25 15:00:00+05:30,705.0,786.5,125.0,30.9,15.5,112.0,62.0,0.0,1008.9,100,13.0827,80.275,61.25939132821037
2024-03-25 16:00:00+05:30,486.0,693.1,107.0,30.1,14.0,116.0,65.0,0.0,1009.0,100,13.0827,80.275,41.12624297584925
2024-03-25 17:00:00+05:30,244.0,516.4,79.0,29.1,12.1,127.0,69.0,0.0,1009.4,100,13.0827,80.275,18.352032478796357
2024-03-25 18:00:00+05:30,42.0,160.8,22.0,28.0,6.6,112.0,73.0,0.0,1009.8,100,13.0827,80.275,1.6718407829922195
2024-03-25 19:00:00+05:30,0.0,0.0,0.0,27.3,4.4,125.0,77.0,2.0,1010.3,100,13.0827,80.275,0.0
2024-03-25 20:00:00+05:30,0.0,0.0,0.0,26.2,6.1,135.0,83.0,2.0,1011.3,100,13.0827,80.275,0.0
2024-03-25 21:00:00+05:30,0.0,0.0,0.0,25.5,6.8,115.0,86.0,1.0,1012.2,100,13.0827,80.275,0.0
2024-03-25 22:00:00+05:30,0.0,0.0,0.0,25.0,7.1,114.0,88.0,0.0,1012.7,100,13.0827,80.275,0.0
2024-03-25 23:00:00+05:30,0.0,0.0,0.0,24.9,6.0,115.0,90.0,0.0,1012.5,100,13.0827,80.275,0.0
2024-03-26 00:00:00+05:30,0.0,0.0,0.0,24.7,6.0,115.0,91.0,0.0,1011.9,100,13.0827,80.275,0.0
2024-03-26 01:00:00+05:30,0.0,0.0,0.0,24.1,7.7,118.0,93.0,1.0,1011.2,100,13.0827,80.275,0.0
2024-03-26 02:00:00+05:30,0.0,0.0,0.0,24.1,6.8,122.0,93.0,1.0,1010.6,100,13.0827,80.275,0.0
2024-03-26 03:00:00+05:30,0.0,0.0,0.0,24.4,6.1,135.0,92.0,4.0,1010.1,100,13.0827,80.275,0.0
2024-03-26 04:00:00+05:30,0.0,0.0,0.0,24.1,5.9,137.0,92.0,3.0,1010.3,100,13.0827,80.275,0.0
2024-03-26 05:00:00+05:30,0.0,0.0,0.0,23.7,6.5,146.0,92.0,7.0,1010.7,100,13.0827,80.275,0.0
2024-03-26 06:00:00+05:30,4.0,15.9,3.0,24.4,4.7,184.0,91.0,14.0,1011.2,100,13.0827,80.275,0.0
2024-03-26 07:00:00+05:30,130.0,359.6,58.0,27.2,5.5,169.0,78.0,14.0,1012.1,100,13.0827,80.275,8.964577402461481
2024-03-26 08:00:00+05:30,357.0,565.8,108.0,29.2,10.8,143.0,66.0,21.0,1013.1,100,13.0827,80.275,29.301222648715445
2024-03-26 09:00:00+05:30,583.0,670.2,147.0,30.2,13.2,137.0,60.0,14.0,1013.6,100,13.0827,80.275,49.756602232421336
2024-03-26 10:00:00+05:30,788.0,785.5,146.0,31.1,14.5,136.0,52.0,5.0,1013.2,100,13.0827,80.275,68.11055356907937
2024-03-26 11:00:00+05:30,933.0,849.3,144.0,31.9,16.0,136.0,48.0,0.0,1012.6,100,13.0827,80.275,80.23365605760009
2024-03-26 12:00:00+05:30,997.0,873.2,143.0,31.8,18.8,137.0,52.0,0.0,1011.4,100,13.0827,80.275,86.74494675087702
2024-03-26 13:00:00+05:30,979.0,873.1,140.0,31.8,20.5,141.0,51.0,0.0,1010.4,100,13.0827,80.275,84.59573061894116
2024-03-26 14:00:00+05:30,882.0,850.9,134.0,31.6,19.9,145.0,51.0,0.0,1009.6,100,13.0827,80.275,76.28740429518001
2024-03-26 15:00:00+05:30,717.0,805.0,123.0,31.3,18.2,142.0,48.0,0.0,1009.3,100,13.0827,80.275,64.60840784529233
2024-03-26 16:00:00+05:30,498.0,716.4,106.0,30.3,16.0,136.0,55.0,63.0,1009.4,100,13.0827,80.275,42.10600040300117
2024-03-26 17:00:00+05:30,251.0,537.9,79.0,29.0,14.3,137.0,64.0,0.0,1010.1,100,13.0827,80.275,18.96200472228638
2024-03-26 18:00:00+05:30,44.0,168.7,23.0,27.8,11.7,137.0,69.0,0.0,1010.6,100,13.0827,80.275,1.6950721730050788
2024-03-26 19:00:00+05:30,0.0,0.0,0.0,27.5,10.5,139.0,73.0,0.0,1011.6,100,13.0827,80.275,0.0
2024-03-26 20:00:00+05:30,0.0,0.0,0.0,27.2,11.0,142.0,76.0,2.0,1012.6,100,13.0827,80.275,0.0
2024-03-26 21:00:00+05:30,0.0,0.0,0.0,27.1,12.7,145.0,79.0,13.0,1013.5,100,13.0827,80.275,0.0
2024-03-26 22:00:00+05:30,0.0,0.0,0.0,27.2,11.4,145.0,79.0,19.0,1014.0,100,13.0827,80.275,0.0
2024-03-26 23:00:00+05:30,0.0,0.0,0.0,26.9,8.5,152.0,79.0,13.0,1013.8,100,13.0827,80.275,0.0
2024-03-27 00:00:00+05:30,0.0,0.0,0.0,25.9,5.0,159.0,85.0,8.0,1013.4,100,13.0827,80.275,0.0
2024-03-27 01:00:00+05:30,0.0,0.0,0.0,25.0,6.5,174.0,89.0,17.0,1012.8,100,13.0827,80.275,0.0
2024-03-27 02:00:00+05:30,0.0,0.0,0.0,24.5,6.5,199.0,92.0,24.0,1012.1,100,13.0827,80.275,0.0
2024-03-27 03:00:00+05:30,0.0,0.0,0.0,24.4,4.3,228.0,93.0,33.0,1012.0,100,13.0827,80.275,0.0
2024-03-27 04:00:00+05:30,0.0,0.0,0.0,24.1,4.7,247.0,94.0,38.0,1012.3,100,13.0827,80.275,0.0
2024-03-27 05:00:00+05:30,0.0,0.0,0.0,23.8,5.9,281.0,95.0,32.0,1012.8,100,13.0827,80.275,0.0
2024-03-27 06:00:00+05:30,4.0,15.6,3.0,25.1,5.5,293.0,91.0,29.0,1013.8,100,13.0827,80.275,0.0
2024-03-27 07:00:00+05:30,127.0,330.0,60.0,27.3,4.2,301.0,80.0,9.0,1014.6,100,13.0827,80.275,8.411783296243557
2024-03-27 08:00:00+05:30,358.0,571.5,105.0,29.6,3.5,114.0,69.0,41.0,1015.1,100,13.0827,80.275,27.582278125834414
2024-03-27 09:00:00+05:30,571.0,663.2,138.0,31.3,8.8,125.0,61.0,10.0,1015.5,100,13.0827,80.275,49.24360912966339
2024-03-27 10:00:00+05:30,767.0,740.9,160.0,32.3,10.6,118.0,56.0,3.0,1015.2,100,13.0827,80.275,64.58464720503841
2024-03-27 11:00:00+05:30,917.0,829.5,145.0,32.8,14.2,114.0,54.0,0.0,1014.8,100,13.0827,80.275,77.98829180549339
2024-03-27 12:00:00+05:30,978.0,848.6,147.0,32.7,16.3,115.0,55.0,0.0,1013.8,100,13.0827,80.275,85.74781580114528
2024-03-27 13:00:00+05:30,958.0,843.1,147.0,32.3,18.2,120.0,57.0,0.0,1012.5,100,13.0827,80.275,83.1815535607141
2024-03-27 14:00:00+05:30,864.0,825.2,138.0,32.0,17.6,121.0,59.0,25.0,1011.3,100,13.0827,80.275,74.12352020812439
2024-03-27 15:00:00+05:30,706.0,788.2,124.0,31.4,17.1,120.0,62.0,63.0,1010.3,100,13.0827,80.275,60.349978910269876
2024-03-27 16:00:00+05:30,489.0,696.0,108.0,30.6,16.6,120.0,65.0,0.0,1010.1,100,13.0827,80.275,41.422592824442475
2024-03-27 17:00:00+05:30,246.0,521.9,79.0,29.6,17.3,126.0,70.0,0.0,1010.4,100,13.0827,80.275,18.48837218420347
2024-03-27 18:00:00+05:30,43.0,160.5,23.0,28.6,15.9,152.0,71.0,37.0,1011.5,100,13.0827,80.275,1.682625793164266
2024-03-27 19:00:00+05:30,0.0,0.0,0.0,28.3,15.9,155.0,73.0,59.0,1012.1,100,13.0827,80.275,0.0
2024-03-27 20:00:00+05:30,0.0,0.0,0.0,28.1,15.8,159.0,75.0,60.0,1012.6,100,13.0827,80.275,0.0
2024-03-27 21:00:00+05:30,0.0,0.0,0.0,27.8,13.7,162.0,77.0,6.0,1013.1,100,13.0827,80.275,0.0
2024-03-27 22:00:00+05:30,0.0,0.0,0.0,27.3,9.1,162.0,80.0,1.0,1013.3,100,13.0827,80.275,0.0
2024-03-27 23:00:00+05:30,0.0,0.0,0.0,26.7,7.3,169.0,83.0,15.0,1013.3,100,13.0827,80.275,0.0
2024-03-28 00:00:00+05:30,0.0,0.0,0.0,25.7,5.4,180.0,89.0,1.0,1012.6,100,13.0827,80.275,0.0
2024-03-28 01:00:00+05:30,0.0,0.0,0.0,24.7,6.0,237.0,93.0,1.0,1011.9,100,13.0827,80.275,0.0
2024-03-28 02:00:00+05:30,0.0,0.0,0.0,24.4,4.5,284.0,95.0,6.0,1011.1,100,13.0827,80.275,0.0
2024-03-28 03:00:00+05:30,0.0,0.0,0.0,24.0,4.7,274.0,96.0,16.0,1010.8,100,13.0827,80.275,0.0
2024-03-28 04:00:00+05:30,0.0,0.0,0.0,23.7,5.4,262.0,98.0,24.0,1011.0,100,13.0827,80.275,0.0
2024-03-28 05:00:00+05:30,0.0,0.0,0.0,23.6,6.5,251.0,98.0,10.0,1011.3,100,13.0827,80.275,0.0
2024-03-28 06:00:00+05:30,4.0,0.0,4.0,25.4,7.6,245.0,92.0,9.0,1011.9,100,13.0827,80.275,0.0
2024-03-28 07:00:00+05:30,129.0,320.7,63.0,27.6,6.0,237.0,82.0,76.0,1012.6,100,13.0827,80.275,8.586573856508284
2024-03-28 08:00:00+05:30,372.0,610.9,100.0,29.6,8.4,187.0,74.0,78.0,1013.2,100,13.0827,80.275,28.871131083822018
2024-03-28 09:00:00+05:30,597.0,706.7,134.0,31.5,10.0,167.0,63.0,13.0,1013.2,100,13.0827,80.275,48.99478891125745
2024-03-28 10:00:00+05:30,784.0,764.6,156.0,33.0,12.3,148.0,54.0,0.0,1012.5,100,13.0827,80.275,65.76090360826802
2024-03-28 11:00:00+05:30,928.0,844.2,141.0,33.7,15.0,134.0,52.0,0.0,1011.7,100,13.0827,80.275,78.4856027673295
2024-03-28 12:00:00+05:30,986.0,860.7,142.0,33.5,18.9,129.0,50.0,0.0,1010.7,100,13.0827,80.275,86.02388906811538
2024-03-28 13:00:00+05:30,960.0,847.5,144.0,33.2,20.2,131.0,50.0,0.0,1009.5,100,13.0827,80.275,81.61049460888921
2024-03-28 14:00:00+05:30,855.0,815.5,137.0,32.7,20.2,129.0,53.0,0.0,1008.5,100,13.0827,80.275,74.24266663458945
2024-03-28 15:00:00+05:30,705.0,787.8,123.0,32.2,19.4,132.0,57.0,92.0,1008.1,100,13.0827,80.275,61.260572784014926
2024-03-28 16:00:00+05:30,489.0,699.3,106.0,31.3,18.1,136.0,61.0,78.0,1007.8,100,13.0827,80.275,40.203405787116864
2024-03-28 17:00:00+05:30,246.0,524.7,78.0,29.9,16.3,137.0,69.0,75.0,1007.9,100,13.0827,80.275,18.208078880539475
2024-03-28 18:00:00+05:30,43.0,160.4,23.0,28.3,11.2,135.0,74.0,5.0,1008.7,100,13.0827,80.275,1.6558725326303763
2024-03-28 19:00:00+05:30,0.0,0.0,0.0,27.9,10.2,141.0,79.0,0.0,1009.2,100,13.0827,80.275,0.0
2024-03-28 20:00:00+05:30,0.0,0.0,0.0,27.6,10.6,145.0,82.0,0.0,1009.8,100,13.0827,80.275,0.0
2024-03-28 21:00:00+05:30,0.0,0.0,0.0,27.3,11.1,151.0,83.0,8.0,1010.4,100,13.0827,80.275,0.0
2024-03-28 22:00:00+05:30,0.0,0.0,0.0,27.1,12.4,154.0,85.0,20.0,1010.9,100,13.0827,80.275,0.0
2024-03-28 23:00:00+05:30,0.0,0.0,0.0,26.9,12.0,164.0,87.0,30.0,1010.8,100,13.0827,80.275,0.0
2024-03-29 00:00:00+05:30,0.0,0.0,0.0,26.6,12.3,175.0,88.0,54.0,1010.3,100,13.0827,80.275,0.0
2024-03-29 01:00:00+05:30,0.0,0.0,0.0,26.3,12.3,183.0,91.0,89.0,1009.7,100,13.0827,80.275,0.0
2024-03-29 02:00:00+05:30,0.0,0.0,0.0,26.0,12.1,197.0,93.0,95.0,1009.3,100,13.0827,80.275,0.0
2024-03-29 03:00:00+05:30,0.0,0.0,0.0,25.7,12.2,208.0,94.0,72.0,1009.0,100,13.0827,80.275,0.0
2024-03-29 04:00:00+05:30,0.0,0.0,0.0,25.4,11.1,216.0,95.0,66.0,1009.0,100,13.0827,80.275,0.0
2024-03-29 05:00:00+05:30,0.0,0.0,0.0,25.1,9.4,227.0,96.0,66.0,1009.4,100,13.0827,80.275,0.0
2024-03-29 06:00:00+05:30,4.0,0.0,4.0,27.0,11.8,207.0,90.0,77.0,1010.1,100,13.0827,80.275,0.0
2024-03-29 07:00:00+05:30,114.0,206.2,71.0,28.3,11.9,205.0,82.0,24.0,1011.0,100,13.0827,80.275,8.065949725985748
2024-03-29 08:00:00+05:30,318.0,386.4,145.0,30.2,11.4,191.0,71.0,29.0,1011.7,100,13.0827,80.275,25.963208438495002
2024-03-29 09:00:00+05:30,579.0,655.6,148.0,32.0,10.8,176.0,62.0,38.0,1011.9,100,13.0827,80.275,48.55119209112075
2024-03-29 10:00:00+05:30,785.0,775.0,147.0,33.5,12.8,158.0,56.0,80.0,1011.6,100,13.0827,80.275,63.75260992732743
2024-03-29 11:00:00+05:30,926.0,843.8,138.0,34.1,16.4,147.0,56.0,42.0,1010.8,100,13.0827,80.275,75.8985522945961
2024-03-29 12:00:00+05:30,986.0,859.6,142.0,34.0,20.7,140.0,58.0,5.0,1010.1,100,13.0827,80.275,82.887826378143
2024-03-29 13:00:00+05:30,954.0,844.6,140.0,33.8,23.1,141.0,55.0,6.0,1009.1,100,13.0827,80.275,82.7109064872874
2024-03-29 14:00:00+05:30,820.0,770.7,141.0,33.3,22.0,145.0,54.0,11.0,1008.2,100,13.0827,80.275,71.18953426508642
2024-03-29 15:00:00+05:30,702.0,779.2,126.0,32.9,21.7,148.0,56.0,0.0,1007.5,100,13.0827,80.275,59.5725468035433
2024-03-29 16:00:00+05:30,492.0,704.4,106.0,31.9,19.3,153.0,61.0,0.0,1007.3,100,13.0827,80.275,39.44332049222618
2024-03-29 17:00:00+05:30,247.0,530.6,77.0,30.5,18.8,154.0,67.0,0.0,1007.3,100,13.0827,80.275,17.78632131487468
2024-03-29 18:00:00+05:30,43.0,160.3,23.0,28.7,16.8,157.0,79.0,0.0,1008.4,100,13.0827,80.275,1.6221431886899496
2024-03-29 19:00:00+05:30,0.0,0.0,0.0,28.4,15.5,162.0,81.0,0.0,1009.4,100,13.0827,80.275,0.0
2024-03-29 20:00:00+05:30,0.0,0.0,0.0,27.9,14.5,161.0,86.0,1.0,1009.9,100,13.0827,80.275,0.0
2024-03-29 21:00:00+05:30,0.0,0.0,0.0,27.6,13.1,164.0,87.0,0.0,1010.8,100,13.0827,80.275,0.0
2024-03-29 22:00:00+05:30,0.0,0.0,0.0,27.2,12.0,164.0,88.0,0.0,1011.2,100,13.0827,80.275,0.0
2024-03-29 23:00:00+05:30,0.0,0.0,0.0,26.8,10.9,171.0,90.0,0.0,1011.1,100,13.0827,80.275,0.0
2024-03-30 00:00:00+05:30,0.0,0.0,0.0,26.4,9.4,178.0,94.0,0.0,1010.9,100,13.0827,80.275,0.0
2024-03-30 01:00:00+05:30,0.0,0.0,0.0,26.0,8.0,188.0,95.0,0.0,1010.4,100,13.0827,80.275,0.0
2024-03-30 02:00:00+05:30,0.0,0.0,0.0,25.7,8.8,215.0,96.0,10.0,1010.2,100,13.0827,80.275,0.0
2024-03-30 03:00:00+05:30,0.0,0.0,0.0,25.2,9.9,224.0,97.0,14.0,1010.0,100,13.0827,80.275,0.0
2024-03-30 04:00:00+05:30,0.0,0.0,0.0,24.8,9.4,227.0,98.0,60.0,1010.0,100,13.0827,80.275,0.0
2024-03-30 05:00:00+05:30,0.0,0.0,0.0,24.6,7.5,235.0,98.0,83.0,1010.5,100,13.0827,80.275,0.0
2024-03-30 06:00:00+05:30,6.0,14.6,5.0,25.0,8.4,239.0,99.0,97.0,1011.0,100,13.0827,80.275,0.0
2024-03-30 07:00:00+05:30,129.0,298.3,66.0,26.7,8.3,236.0,91.0,12.0,1011.9,100,13.0827,80.275,8.938652364490272
2024-03-30 08:00:00+05:30,369.0,584.2,106.0,29.4,10.0,210.0,76.0,51.0,1012.3,100,13.0827,80.275,29.172054184086534
2024-03-30 09:00:00+05:30,608.0,729.2,127.0,31.7,11.2,182.0,60.0,78.0,1012.7,100,13.0827,80.275,49.82487974899935
2024-03-30 10:00:00+05:30,806.0,818.1,131.0,33.4,13.1,159.0,51.0,86.0,1012.2,100,13.0827,80.275,64.60995201149278
2024-03-30 11:00:00+05:30,938.0,855.3,138.0,34.3,16.3,149.0,48.0,95.0,1011.7,100,13.0827,80.275,77.62533163806316
2024-03-30 12:00:00+05:30,998.0,871.9,141.0,34.5,20.3,147.0,44.0,92.0,1010.7,100,13.0827,80.275,83.35369829196483
2024-03-30 13:00:00+05:30,978.0,868.7,140.0,34.7,21.4,144.0,36.0,94.0,1009.9,100,13.0827,80.275,79.80723908446697
2024-03-30 14:00:00+05:30,881.0,848.5,133.0,34.1,22.3,146.0,38.0,91.0,1008.9,100,13.0827,80.275,72.69810232189234
2024-03-30 15:00:00+05:30,718.0,804.5,123.0,33.3,21.2,145.0,40.0,93.0,1008.3,100,13.0827,80.275,57.855460216188504
2024-03-30 16:00:00+05:30,498.0,715.1,106.0,31.8,20.7,149.0,51.0,83.0,1008.2,100,13.0827,80.275,39.605313022057004
2024-03-30 17:00:00+05:30,251.0,539.6,78.0,30.3,20.0,150.0,59.0,67.0,1008.6,100,13.0827,80.275,17.439008443951977
2024-03-30 18:00:00+05:30,44.0,168.2,23.0,28.7,18.5,156.0,70.0,0.0,1009.6,100,13.0827,80.275,1.6040956387528351
2024-03-30 19:00:00+05:30,0.0,0.0,0.0,28.1,17.1,162.0,76.0,0.0,1010.4,100,13.0827,80.275,0.0
2024-03-30 20:00:00+05:30,0.0,0.0,0.0,27.7,15.3,161.0,78.0,0.0,1011.2,100,13.0827,80.275,0.0
2024-03-30 21:00:00+05:30,0.0,0.0,0.0,27.3,13.8,160.0,83.0,0.0,1011.9,100,13.0827,80.275,0.0
2024-03-30 22:00:00+05:30,0.0,0.0,0.0,26.9,12.6,160.0,84.0,0.0,1012.5,100,13.0827,80.275,0.0
2024-03-30 23:00:00+05:30,0.0,0.0,0.0,26.5,12.1,163.0,87.0,0.0,1012.4,100,13.0827,80.275,0.0
2024-03-31 00:00:00+05:30,0.0,0.0,0.0,26.2,11.1,167.0,89.0,0.0,1012.2,100,13.0827,80.275,0.0
2024-03-31 01:00:00+05:30,0.0,0.0,0.0,25.9,11.4,169.0,92.0,0.0,1011.7,100,13.0827,80.275,0.0
2024-03-31 02:00:00+05:30,0.0,0.0,0.0,25.7,8.5,192.0,94.0,3.0,1011.7,100,13.0827,80.275,0.0
2024-03-31 03:00:00+05:30,0.0,0.0,0.0,25.0,7.4,231.0,96.0,35.0,1011.6,100,13.0827,80.275,0.0
2024-03-31 04:00:00+05:30,0.0,0.0,0.0,24.5,7.1,246.0,97.0,47.0,1011.8,100,13.0827,80.275,0.0
2024-03-31 05:00:00+05:30,0.0,0.0,0.0,24.6,7.3,261.0,97.0,94.0,1012.3,100,13.0827,80.275,0.0
2024-03-31 06:00:00+05:30,6.0,14.4,5.0,24.9,7.6,265.0,96.0,100.0,1012.9,100,13.0827,80.275,0.0
2024-03-31 07:00:00+05:30,114.0,210.5,69.0,26.9,6.5,276.0,88.0,99.0,1013.8,100,13.0827,80.275,7.783867399321582
2024-03-31 08:00:00+05:30,351.0,494.9,127.0,29.6,8.8,189.0,75.0,96.0,1014.5,100,13.0827,80.275,26.91141218706089
2024-03-31 09:00:00+05:30,543.0,563.7,170.0,31.5,9.4,162.0,64.0,81.0,1014.4,100,13.0827,80.275,43.663518080569
2024-03-31 10:00:00+05:30,783.0,759.5,155.0,33.1,12.0,147.0,57.0,77.0,1013.7,100,13.0827,80.275,62.8176310389116
2024-03-31 11:00:00+05:30,929.0,837.9,144.0,33.6,16.1,140.0,56.0,89.0,1012.8,100,13.0827,80.275,76.31336939693173
2024-03-31 12:00:00+05:30,983.0,846.5,150.0,33.4,19.6,136.0,57.0,100.0,1011.8,100,13.0827,80.275,80.81127605533034
2024-03-31 13:00:00+05:30,973.0,861.8,141.0,33.5,20.9,139.0,54.0,98.0,1010.8,100,13.0827,80.275,77.89366112901935
2024-03-31 14:00:00+05:30,856.0,810.5,141.0,32.9,21.8,141.0,57.0,96.0,1009.6,100,13.0827,80.275,70.93148034023947
2024-03-31 15:00:00+05:30,699.0,766.3,132.0,32.3,22.3,141.0,60.0,95.0,1008.8,100,13.0827,80.275,57.29978601780058
2024-03-31 16:00:00+05:30,484.0,678.3,112.0,31.2,21.9,147.0,65.0,84.0,1008.5,100,13.0827,80.275,39.80551343825554
2024-03-31 17:00:00+05:30,244.0,511.2,80.0,30.1,21.1,153.0,71.0,10.0,1008.9,100,13.0827,80.275,17.724220914280902
2024-03-31 18:00:00+05:30,43.0,160.0,23.0,28.8,17.1,155.0,76.0,25.0,1009.8,100,13.0827,80.275,1.558897735968127
2024-03-31 19:00:00+05:30,0.0,0.0,0.0,28.5,16.6,153.0,80.0,1.0,1010.3,100,13.0827,80.275,0.0
2024-03-31 20:00:00+05:30,0.0,0.0,0.0,28.3,14.3,152.0,81.0,0.0,1010.9,100,13.0827,80.275,0.0
2024-03-31 21:00:00+05:30,0.0,0.0,0.0,27.9,13.7,145.0,83.0,0.0,1011.3,100,13.0827,80.275,0.0
2024-03-31 22:00:00+05:30,0.0,0.0,0.0,27.7,13.9,143.0,85.0,0.0,1011.5,100,13.0827,80.275,0.0
2024-03-31 23:00:00+05:30,0.0,0.0,0.0,27.4,13.4,149.0,86.0,0.0,1011.1,100,13.0827,80.275,0.0
2024-04-01 00:00:00+05:30,0.0,0.0,0.0,27.1,11.6,154.0,88.0,0.0,1010.2,100,13.0827,80.275,0.0
2024-04-01 01:00:00+05:30,0.0,0.0,0.0,26.7,9.3,167.0,91.0,6.0,1009.4,100,13.0827,80.275,0.0
2024-04-01 02:00:00+05:30,0.0,0.0,0.0,26.3,8.4,187.0,93.0,17.0,1009.1,100,13.0827,80.275,0.0
2024-04-01 03:00:00+05:30,0.0,0.0,0.0,26.0,7.6,211.0,95.0,38.0,1009.2,100,13.0827,80.275,0.0
2024-04-01 04:00:00+05:30,0.0,0.0,0.0,25.6,6.9,231.0,96.0,33.0,1009.5,100,13.0827,80.275,0.0
2024-04-01 05:00:00+05:30,0.0,0.0,0.0,25.3,6.3,239.0,96.0,28.0,1009.9,100,13.0827,80.275,0.0
2024-04-01 06:00:00+05:30,7.0,14.1,6.0,26.3,7.0,258.0,95.0,35.0,1010.4,100,13.0827,80.275,0.0
2024-04-01 07:00:00+05:30,133.0,328.1,62.0,28.2,6.6,241.0,85.0,32.0,1011.2,100,13.0827,80.275,8.588352325352751
2024-04-01 08:00:00+05:30,328.0,435.2,130.0,30.2,8.9,207.0,73.0,40.0,1011.8,100,13.0827,80.275,26.37747605337589
2024-04-01 09:00:00+05:30,554.0,578.5,170.0,32.2,8.7,185.0,61.0,56.0,1012.0,100,13.0827,80.275,44.95676205052665
2024-04-01 10:00:00+05:30,761.0,704.8,177.0,33.7,10.5,158.0,54.0,62.0,1011.4,100,13.0827,80.275,63.37404677103249
2024-04-01 11:00:00+05:30,883.0,748.2,181.0,33.7,15.3,141.0,56.0,50.0,1010.4,100,13.0827,80.275,73.85778003318265
2024-04-01 12:00:00+05:30,986.0,852.7,146.0,33.7,19.4,140.0,57.0,17.0,1009.3,100,13.0827,80.275,82.14828262550904
2024-04-01 13:00:00+05:30,947.0,829.0,146.0,33.5,22.2,138.0,56.0,0.0,1008.0,100,13.0827,80.275,81.7880413377028
2024-04-01 14:00:00+05:30,859.0,816.9,138.0,33.0,22.0,142.0,58.0,0.0,1006.7,100,13.0827,80.275,72.46356910323017
2024-04-01 15:00:00+05:30,685.0,748.4,131.0,32.4,22.3,142.0,62.0,0.0,1006.0,100,13.0827,80.275,57.693190787208856
2024-04-01 16:00:00+05:30,484.0,685.3,108.0,31.3,21.9,147.0,65.0,0.0,1005.9,100,13.0827,80.275,39.64452591447169
2024-04-01 17:00:00+05:30,244.0,514.0,79.0,30.2,20.9,148.0,72.0,0.0,1006.0,100,13.0827,80.275,17.70240841951192
2024-04-01 18:00:00+05:30,43.0,159.9,23.0,28.8,17.2,151.0,77.0,0.0,1007.0,100,13.0827,80.275,1.5393169095058918
2024-04-01 19:00:00+05:30,0.0,0.0,0.0,28.6,15.6,154.0,79.0,0.0,1008.0,100,13.0827,80.275,0.0
2024-04-01 20:00:00+05:30,0.0,0.0,0.0,28.3,15.3,156.0,81.0,0.0,1008.7,100,13.0827,80.275,0.0
2024-04-01 21:00:00+05:30,0.0,0.0,0.0,28.1,14.3,162.0,83.0,0.0,1009.3,100,13.0827,80.275,0.0
2024-04-01 22:00:00+05:30,0.0,0.0,0.0,27.8,14.2,164.0,85.0,0.0,1009.5,100,13.0827,80.275,0.0
2024-04-01 23:00:00+05:30,0.0,0.0,0.0,27.5,14.0,168.0,87.0,4.0,1009.0,100,13.0827,80.275,0.0
2024-04-02 00:00:00+05:30,0.0,0.0,0.0,27.2,13.3,177.0,90.0,9.0,1008.4,100,13.0827,80.275,0.0
2024-04-02 01:00:00+05:30,0.0,0.0,0.0,26.8,11.9,185.0,92.0,29.0,1007.7,100,13.0827,80.275,0.0
2024-04-02 02:00:00+05:30,0.0,0.0,0.0,26.5,10.6,198.0,93.0,18.0,1007.2,100,13.0827,80.275,0.0
2024-04-02 03:00:00+05:30,0.0,0.0,0.0,26.2,9.9,213.0,93.0,31.0,1006.9,100,13.0827,80.275,0.0
2024-04-02 04:00:00+05:30,0.0,0.0,0.0,26.0,9.9,224.0,95.0,42.0,1007.4,100,13.0827,80.275,0.0
2024-04-02 05:00:00+05:30,0.0,0.0,0.0,26.0,10.7,230.0,95.0,40.0,1008.1,100,13.0827,80.275,0.0
2024-04-02 06:00:00+05:30,6.0,13.8,5.0,27.9,11.5,219.0,86.0,99.0,1008.4,100,13.0827,80.275,0.0
2024-04-02 07:00:00+05:30,106.0,155.3,72.0,28.9,11.9,209.0,80.0,19.0,1009.2,100,13.0827,80.275,7.495640941757983
2024-04-02 08:00:00+05:30,358.0,511.7,124.0,30.9,13.3,193.0,70.0,14.0,1009.6,100,13.0827,80.275,28.627023836741344
2024-04-02 09:00:00+05:30,598.0,684.9,142.0,32.8,13.3,180.0,60.0,14.0,1009.7,100,13.0827,80.275,49.281198977157295
2024-04-02 10:00:00+05:30,789.0,760.0,158.0,34.2,14.3,162.0,55.0,7.0,1009.1,100,13.0827,80.275,66.26668838668196
2024-04-02 11:00:00+05:30,929.0,831.2,148.0,34.8,17.4,150.0,55.0,1.0,1008.1,100,13.0827,80.275,76.47337325669716
2024-04-02 12:00:00+05:30,990.0,857.9,144.0,34.4,22.2,144.0,59.0,0.0,1007.2,100,13.0827,80.275,82.46226785724961
2024-04-02 13:00:00+05:30,970.0,856.4,142.0,34.1,24.3,148.0,58.0,0.0,1006.0,100,13.0827,80.275,83.59938126932363
2024-04-02 14:00:00+05:30,867.0,827.8,136.0,33.9,24.9,149.0,59.0,0.0,1005.1,100,13.0827,80.275,73.75330998087387
2024-04-02 15:00:00+05:30,710.0,790.0,125.0,33.2,24.0,150.0,61.0,0.0,1004.6,100,13.0827,80.275,59.12176864266553
2024-04-02 16:00:00+05:30,494.0,705.1,107.0,32.0,22.9,154.0,66.0,87.0,1004.4,100,13.0827,80.275,39.526089046909405
2024-04-02 17:00:00+05:30,248.0,526.1,79.0,30.7,21.6,156.0,74.0,92.0,1004.6,100,13.0827,80.275,16.828010748603564
2024-04-02 18:00:00+05:30,44.0,159.8,24.0,29.3,16.6,150.0,80.0,93.0,1005.4,100,13.0827,80.275,1.5558377879795249
2024-04-02 19:00:00+05:30,0.0,0.0,0.0,28.8,16.0,157.0,83.0,95.0,1006.4,100,13.0827,80.275,0.0
2024-04-02 20:00:00+05:30,0.0,0.0,0.0,28.5,16.1,153.0,85.0,97.0,1007.1,100,13.0827,80.275,0.0
2024-04-02 21:00:00+05:30,0.0,0.0,0.0,28.4,16.0,157.0,85.0,100.0,1008.0,100,13.0827,80.275,0.0
2024-04-02 22:00:00+05:30,0.0,0.0,0.0,28.2,15.2,158.0,86.0,100.0,1008.6,100,13.0827,80.275,0.0
2024-04-02 23:00:00+05:30,0.0,0.0,0.0,27.9,13.9,163.0,89.0,98.0,1008.5,100,13.0827,80.275,0.0
2024-04-03 00:00:00+05:30,0.0,0.0,0.0,27.6,12.6,175.0,90.0,87.0,1008.2,100,13.0827,80.275,0.0
2024-04-03 01:00:00+05:30,0.0,0.0,0.0,27.2,10.7,194.0,93.0,23.0,1008.2,100,13.0827,80.275,0.0
2024-04-03 02:00:00+05:30,0.0,0.0,0.0,26.9,7.8,214.0,94.0,34.0,1008.0,100,13.0827,80.275,0.0
2024-04-03 03:00:00+05:30,0.0,0.0,0.0,26.8,9.2,228.0,95.0,19.0,1008.0,100,13.0827,80.275,0.0
2024-04-03 04:00:00+05:30,0.0,0.0,0.0,26.7,11.5,221.0,95.0,18.0,1008.2,100,13.0827,80.275,0.0
2024-04-03 05:00:00+05:30,0.0,0.0,0.0,26.7,11.5,221.0,95.0,20.0,1008.4,100,13.0827,80.275,0.0
2024-04-03 06:00:00+05:30,7.0,13.6,6.0,27.2,13.2,209.0,92.0,38.0,1008.8,100,13.0827,80.275,0.0
2024-04-03 07:00:00+05:30,117.0,189.7,75.0,29.0,16.1,204.0,80.0,33.0,1009.8,100,13.0827,80.275,8.073707496346676
2024-04-03 08:00:00+05:30,339.0,459.2,128.0,31.0,17.1,198.0,68.0,23.0,1010.4,100,13.0827,80.275,27.01528378768494
2024-04-03 09:00:00+05:30,551.0,539.1,191.0,32.9,17.1,188.0,57.0,6.0,1010.5,100,13.0827,80.275,45.15853733473095
2024-04-03 10:00:00+05:30,778.0,729.6,171.0,34.5,17.4,173.0,50.0,3.0,1009.9,100,13.0827,80.275,65.00163228228355
2024-04-03 11:00:00+05:30,929.0,828.0,150.0,35.1,19.9,160.0,50.0,1.0,1009.1,100,13.0827,80.275,79.19248984275264
2024-04-03 12:00:00+05:30,991.0,855.0,147.0,34.9,23.8,153.0,54.0,0.0,1008.0,100,13.0827,80.275,83.49273421728738
2024-04-03 13:00:00+05:30,972.0,858.9,141.0,34.6,25.9,155.0,55.0,0.0,1006.7,100,13.0827,80.275,82.50391597905096
2024-04-03 14:00:00+05:30,878.0,842.1,134.0,34.2,25.6,154.0,55.0,10.0,1005.7,100,13.0827,80.275,74.25551437332236
2024-04-03 15:00:00+05:30,707.0,782.9,127.0,33.6,23.7,154.0,56.0,23.0,1005.2,100,13.0827,80.275,58.87252054767644
2024-04-03 16:00:00+05:30,495.0,706.7,107.0,32.5,21.7,151.0,61.0,0.0,1005.1,100,13.0827,80.275,40.43103378351503
2024-04-03 17:00:00+05:30,251.0,535.2,79.0,30.8,20.6,151.0,70.0,0.0,1005.5,100,13.0827,80.275,17.28286685484363
2024-04-03 18:00:00+05:30,45.0,167.6,24.0,29.6,16.6,153.0,77.0,0.0,1006.4,100,13.0827,80.275,1.597955126639241
2024-04-03 19:00:00+05:30,0.0,0.0,0.0,28.8,16.9,153.0,84.0,0.0,1007.4,100,13.0827,80.275,0.0
2024-04-03 20:00:00+05:30,0.0,0.0,0.0,28.4,15.0,153.0,85.0,0.0,1008.0,100,13.0827,80.275,0.0
2024-04-03 21:00:00+05:30,0.0,0.0,0.0,28.0,12.4,154.0,89.0,0.0,1008.5,100,13.0827,80.275,0.0
2024-04-03 22:00:00+05:30,0.0,0.0,0.0,27.7,10.5,149.0,90.0,0.0,1008.9,100,13.0827,80.275,0.0
2024-04-03 23:00:00+05:30,0.0,0.0,0.0,27.5,10.0,150.0,93.0,0.0,1008.8,100,13.0827,80.275,0.0
2024-04-04 00:00:00+05:30,0.0,0.0,0.0,27.5,9.4,157.0,93.0,0.0,1008.4,100,13.0827,80.275,0.0
2024-04-04 01:00:00+05:30,0.0,0.0,0.0,27.3,8.5,168.0,94.0,9.0,1008.2,100,13.0827,80.275,0.0
2024-04-04 02:00:00+05:30,0.0,0.0,0.0,27.1,9.4,182.0,95.0,27.0,1007.9,100,13.0827,80.275,0.0
2024-04-04 03:00:00+05:30,0.0,0.0,0.0,27.0,10.2,190.0,95.0,39.0,1007.8,100,13.0827,80.275,0.0
2024-04-04 04:00:00+05:30,0.0,0.0,0.0,26.9,11.6,196.0,95.0,61.0,1008.0,100,13.0827,80.275,0.0
2024-04-04 05:00:00+05:30,0.0,0.0,0.0,26.7,11.7,198.0,95.0,96.0,1008.6,100,13.0827,80.275,0.0
2024-04-04 06:00:00+05:30,8.0,13.4,7.0,27.4,12.6,204.0,92.0,39.0,1009.1,100,13.0827,80.275,0.059697059511250115
2024-04-04 07:00:00+05:30,139.0,312.6,69.0,29.5,15.5,198.0,80.0,25.0,1010.0,100,13.0827,80.275,8.766267690532821
2024-04-04 08:00:00+05:30,354.0,502.4,122.0,31.5,15.7,191.0,69.0,22.0,1010.7,100,13.0827,80.275,28.215690867700037
2024-04-04 09:00:00+05:30,586.0,640.6,157.0,33.4,15.8,181.0,59.0,46.0,1010.9,100,13.0827,80.275,46.72599771105266
2024-04-04 10:00:00+05:30,786.0,745.0,165.0,34.6,17.1,165.0,55.0,28.0,1010.3,100,13.0827,80.275,64.87379439457901
2024-04-04 11:00:00+05:30,931.0,829.0,150.0,34.9,20.8,154.0,58.0,14.0,1009.4,100,13.0827,80.275,76.73484086335606
2024-04-04 12:00:00+05:30,995.0,861.3,144.0,34.8,23.7,152.0,59.0,12.0,1008.5,100,13.0827,80.275,82.67494804407221
2024-04-04 13:00:00+05:30,976.0,863.5,140.0,34.9,24.3,153.0,56.0,0.0,1007.4,100,13.0827,80.275,83.56102982053719
2024-04-04 14:00:00+05:30,884.0,849.6,133.0,34.6,22.9,156.0,56.0,0.0,1006.4,100,13.0827,80.275,74.82269468136751
2024-04-04 15:00:00+05:30,718.0,802.9,123.0,34.0,21.9,155.0,59.0,0.0,1005.7,100,13.0827,80.275,60.99279131919657
2024-04-04 16:00:00+05:30,496.0,708.3,107.0,33.2,19.8,161.0,59.0,0.0,1005.7,100,13.0827,80.275,40.51033244936172
2024-04-04 17:00:00+05:30,252.0,538.0,79.0,31.4,19.0,161.0,69.0,0.0,1006.1,100,13.0827,80.275,18.042463075090392
2024-04-04 18:00:00+05:30,45.0,167.5,24.0,29.6,14.8,162.0,76.0,96.0,1006.6,100,13.0827,80.275,1.5177279893459186
2024-04-04 19:00:00+05:30,0.0,0.0,0.0,28.6,13.9,163.0,85.0,66.0,1007.5,100,13.0827,80.275,0.0
2024-04-04 20:00:00+05:30,0.0,0.0,0.0,27.9,10.9,172.0,92.0,84.0,1008.3,100,13.0827,80.275,0.0
2024-04-04 21:00:00+05:30,0.0,0.0,0.0,27.4,8.8,171.0,95.0,94.0,1008.8,100,13.0827,80.275,0.0
2024-04-04 22:00:00+05:30,0.0,0.0,0.0,27.1,9.0,178.0,95.0,88.0,1009.2,100,13.0827,80.275,0.0
2024-04-04 23:00:00+05:30,0.0,0.0,0.0,27.0,9.4,184.0,95.0,86.0,1009.1,100,13.0827,80.275,0.0
2024-04-05 00:00:00+05:30,0.0,0.0,0.0,26.7,9.4,187.0,97.0,90.0,1008.6,100,13.0827,80.275,0.0
2024-04-05 01:00:00+05:30,0.0,0.0,0.0,26.6,9.6,193.0,97.0,78.0,1008.0,100,13.0827,80.275,0.0
2024-04-05 02:00:00+05:30,0.0,0.0,0.0,26.7,10.3,205.0,98.0,95.0,1007.7,100,13.0827,80.275,0.0
2024-04-05 03:00:00+05:30,0.0,0.0,0.0,26.6,11.5,212.0,99.0,99.0,1007.6,100,13.0827,80.275,0.0
2024-04-05 04:00:00+05:30,0.0,0.0,0.0,26.6,12.5,213.0,98.0,96.0,1007.7,100,13.0827,80.275,0.0
2024-04-05 05:00:00+05:30,0.0,0.0,0.0,26.3,12.0,219.0,98.0,100.0,1008.1,100,13.0827,80.275,0.0
2024-04-05 06:00:00+05:30,7.0,13.1,6.0,27.4,10.8,217.0,94.0,80.0,1008.7,100,13.0827,80.275,0.0
2024-04-05 07:00:00+05:30,137.0,287.1,72.0,28.6,9.8,216.0,85.0,32.0,1009.5,100,13.0827,80.275,8.815054676778347
2024-04-05 08:00:00+05:30,367.0,530.2,121.0,30.7,11.2,195.0,72.0,29.0,1010.3,100,13.0827,80.275,28.334484117334366
2024-04-05 09:00:00+05:30,600.0,679.0,144.0,32.7,13.0,177.0,62.0,68.0,1010.6,100,13.0827,80.275,46.20611929599014
2024-04-05 10:00:00+05:30,785.0,746.0,162.0,34.1,14.5,161.0,57.0,75.0,1009.7,100,13.0827,80.275,64.91473473523546
2024-04-05 11:00:00+05:30,934.0,823.7,157.0,35.0,16.8,152.0,55.0,90.0,1008.8,100,13.0827,80.275,74.02822766959191
2024-04-05 12:00:00+05:30,994.0,849.4,154.0,34.9,20.4,148.0,60.0,100.0,1007.7,100,13.0827,80.275,80.25513449958969
2024-04-05 13:00:00+05:30,968.0,837.2,157.0,34.6,23.2,147.0,58.0,100.0,1006.6,100,13.0827,80.275,77.25247070909087
2024-04-05 14:00:00+05:30,859.0,807.4,145.0,34.2,23.4,149.0,57.0,96.0,1005.5,100,13.0827,80.275,69.60059989045038
2024-04-05 15:00:00+05:30,683.0,729.9,142.0,33.7,22.9,152.0,59.0,93.0,1004.8,100,13.0827,80.275,55.192088630674895
2024-04-05 16:00:00+05:30,492.0,697.2,109.0,32.6,20.4,154.0,64.0,100.0,1004.7,100,13.0827,80.275,37.532779891947285
2024-04-05 17:00:00+05:30,246.0,506.6,83.0,31.0,21.1,155.0,73.0,100.0,1005.0,100,13.0827,80.275,16.139465710476777
2024-04-05 18:00:00+05:30,44.0,143.5,26.0,29.1,16.9,156.0,80.0,100.0,1006.2,100,13.0827,80.275,1.6247234835036695
2024-04-05 19:00:00+05:30,0.0,0.0,0.0,28.7,14.5,166.0,83.0,94.0,1006.8,100,13.0827,80.275,0.0
2024-04-05 20:00:00+05:30,0.0,0.0,0.0,28.2,11.9,166.0,88.0,94.0,1007.5,100,13.0827,80.275,0.0
2024-04-05 21:00:00+05:30,0.0,0.0,0.0,27.8,12.0,173.0,90.0,98.0,1007.8,100,13.0827,80.275,0.0
2024-04-05 22:00:00+05:30,0.0,0.0,0.0,27.4,11.2,176.0,92.0,94.0,1008.1,100,13.0827,80.275,0.0
2024-04-05 23:00:00+05:30,0.0,0.0,0.0,27.1,11.2,180.0,94.0,30.0,1007.7,100,13.0827,80.275,0.0
2024-04-06 00:00:00+05:30,0.0,0.0,0.0,26.9,10.9,186.0,95.0,91.0,1007.2,100,13.0827,80.275,0.0
2024-04-06 01:00:00+05:30,0.0,0.0,0.0,26.5,9.7,211.0,96.0,95.0,1006.8,100,13.0827,80.275,0.0
2024-04-06 02:00:00+05:30,0.0,0.0,0.0,26.3,10.0,221.0,97.0,100.0,1006.4,100,13.0827,80.275,0.0
2024-04-06 03:00:00+05:30,0.0,0.0,0.0,26.2,10.2,219.0,98.0,100.0,1006.2,100,13.0827,80.275,0.0
2024-04-06 04:00:00+05:30,0.0,0.0,0.0,26.2,11.8,220.0,99.0,100.0,1006.3,100,13.0827,80.275,0.0
2024-04-06 05:00:00+05:30,0.0,0.0,0.0,26.2,13.3,218.0,98.0,100.0,1006.8,100,13.0827,80.275,0.0
2024-04-06 06:00:00+05:30,8.0,12.9,7.0,26.8,12.5,219.0,96.0,100.0,1007.0,100,13.0827,80.275,0.061127308769928654
2024-04-06 07:00:00+05:30,136.0,266.5,75.0,28.3,12.2,214.0,86.0,100.0,1008.2,100,13.0827,80.275,8.756189407809412
2024-04-06 08:00:00+05:30,367.0,512.7,128.0,30.7,13.7,203.0,71.0,88.0,1009.2,100,13.0827,80.275,27.642492322227657
2024-04-06 09:00:00+05:30,588.0,613.2,175.0,33.0,14.0,192.0,61.0,81.0,1009.3,100,13.0827,80.275,46.48869960658664
2024-04-06 10:00:00+05:30,790.0,735.1,175.0,35.0,14.4,181.0,51.0,98.0,1008.7,100,13.0827,80.275,62.785275737273814
2024-04-06 11:00:00+05:30,928.0,797.3,175.0,36.5,16.6,167.0,45.0,87.0,1007.8,100,13.0827,80.275,75.60894362685782
2024-04-06 12:00:00+05:30,991.0,852.8,147.0,36.5,21.0,158.0,50.0,85.0,1006.5,100,13.0827,80.275,79.1873923844078
2024-04-06 13:00:00+05:30,970.0,849.1,147.0,36.4,22.9,156.0,49.0,80.0,1005.2,100,13.0827,80.275,80.38363163496898
2024-04-06 14:00:00+05:30,876.0,837.7,135.0,36.1,23.7,156.0,46.0,96.0,1004.3,100,13.0827,80.275,70.24756456483179
2024-04-06 15:00:00+05:30,706.0,781.0,127.0,35.2,23.8,155.0,47.0,97.0,1003.6,100,13.0827,80.275,57.13853917032361
2024-04-06 16:00:00+05:30,489.0,688.0,111.0,33.7,22.6,158.0,55.0,69.0,1003.7,100,13.0827,80.275,37.4247171259615
2024-04-06 17:00:00+05:30,246.0,512.6,81.0,31.8,21.5,159.0,62.0,17.0,1004.1,100,13.0827,80.275,16.21069209262197
2024-04-06 18:00:00+05:30,44.0,167.3,23.0,29.7,15.3,156.0,81.0,0.0,1005.1,100,13.0827,80.275,1.4107834179529524
2024-04-06 19:00:00+05:30,0.0,0.0,0.0,29.0,15.7,160.0,83.0,13.0,1006.1,100,13.0827,80.275,0.0
2024-04-06 20:00:00+05:30,0.0,0.0,0.0,28.6,13.9,163.0,86.0,23.0,1006.8,100,13.0827,80.275,0.0
2024-04-06 21:00:00+05:30,0.0,0.0,0.0,28.1,13.8,165.0,91.0,6.0,1007.4,100,13.0827,80.275,0.0
2024-04-06 22:00:00+05:30,0.0,0.0,0.0,27.8,13.7,166.0,95.0,2.0,1007.6,100,13.0827,80.275,0.0
2024-04-06 23:00:00+05:30,0.0,0.0,0.0,27.6,13.9,163.0,95.0,0.0,1007.2,100,13.0827,80.275,0.0
2024-04-07 00:00:00+05:30,0.0,0.0,0.0,27.5,14.0,168.0,95.0,2.0,1006.7,100,13.0827,80.275,0.0
2024-04-07 01:00:00+05:30,0.0,0.0,0.0,27.3,12.6,180.0,96.0,4.0,1006.1,100,13.0827,80.275,0.0
2024-04-07 02:00:00+05:30,0.0,0.0,0.0,26.7,11.1,216.0,97.0,10.0,1005.6,100,13.0827,80.275,0.0
2024-04-07 03:00:00+05:30,0.0,0.0,0.0,26.1,11.7,214.0,97.0,1.0,1005.5,100,13.0827,80.275,0.0
2024-04-07 04:00:00+05:30,0.0,0.0,0.0,25.9,12.3,218.0,98.0,60.0,1005.8,100,13.0827,80.275,0.0
2024-04-07 05:00:00+05:30,0.0,0.0,0.0,25.8,12.8,220.0,99.0,100.0,1006.4,100,13.0827,80.275,0.0
2024-04-07 06:00:00+05:30,7.0,12.7,6.0,26.5,16.7,213.0,98.0,96.0,1006.9,100,13.0827,80.275,0.0
2024-04-07 07:00:00+05:30,130.0,237.7,75.0,27.9,15.0,210.0,87.0,17.0,1007.9,100,13.0827,80.275,8.767796499000486
2024-04-07 08:00:00+05:30,385.0,572.2,117.0,30.3,14.5,203.0,72.0,18.0,1008.5,100,13.0827,80.275,30.30134078655735
2024-04-07 09:00:00+05:30,629.0,741.9,128.0,33.2,13.5,196.0,57.0,15.0,1008.7,100,13.0827,80.275,49.75028889223183
2024-04-07 10:00:00+05:30,824.0,826.9,131.0,35.8,14.1,183.0,41.0,23.0,1008.2,100,13.0827,80.275,66.52744011014276
2024-04-07 11:00:00+05:30,952.0,859.8,139.0,36.9,16.1,164.0,38.0,6.0,1007.3,100,13.0827,80.275,77.44847523676644
2024-04-07 12:00:00+05:30,1006.0,870.3,144.0,36.0,20.6,151.0,53.0,4.0,1006.1,100,13.0827,80.275,81.30378934447663
2024-04-07 13:00:00+05:30,983.0,867.2,142.0,35.8,23.4,151.0,49.0,98.0,1005.1,100,13.0827,80.275,79.18759387902793
2024-04-07 14:00:00+05:30,884.0,846.5,135.0,35.6,24.0,152.0,44.0,96.0,1004.1,100,13.0827,80.275,72.46845257702239
2024-04-07 15:00:00+05:30,717.0,798.4,125.0,34.8,23.2,156.0,47.0,89.0,1004.0,100,13.0827,80.275,57.220596321026534
2024-04-07 16:00:00+05:30,498.0,707.9,109.0,33.5,21.2,159.0,49.0,94.0,1004.1,100,13.0827,80.275,38.184709704026574
2024-04-07 17:00:00+05:30,252.0,531.1,81.0,31.6,20.7,163.0,62.0,94.0,1004.3,100,13.0827,80.275,15.968811895414705
2024-04-07 18:00:00+05:30,45.0,167.2,24.0,29.7,15.6,161.0,77.0,97.0,1004.5,100,13.0827,80.275,1.4857142513127948
2024-04-07 19:00:00+05:30,0.0,0.0,0.0,28.8,15.3,165.0,86.0,96.0,1005.5,100,13.0827,80.275,0.0
2024-04-07 20:00:00+05:30,0.0,0.0,0.0,28.4,14.1,167.0,90.0,100.0,1006.4,100,13.0827,80.275,0.0
2024-04-07 21:00:00+05:30,0.0,0.0,0.0,28.0,14.1,165.0,93.0,95.0,1007.0,100,13.0827,80.275,0.0
2024-04-07 22:00:00+05:30,0.0,0.0,0.0,27.9,14.6,171.0,95.0,100.0,1007.5,100,13.0827,80.275,0.0
2024-04-07 23:00:00+05:30,0.0,0.0,0.0,27.7,13.0,177.0,95.0,97.0,1007.3,100,13.0827,80.275,0.0
2024-04-08 00:00:00+05:30,0.0,0.0,0.0,27.4,11.3,189.0,96.0,92.0,1007.1,100,13.0827,80.275,0.0
2024-04-08 01:00:00+05:30,0.0,0.0,0.0,27.0,10.7,200.0,97.0,96.0,1006.6,100,13.0827,80.275,0.0
2024-04-08 02:00:00+05:30,0.0,0.0,0.0,26.7,11.3,207.0,98.0,69.0,1005.9,100,13.0827,80.275,0.0
2024-04-08 03:00:00+05:30,0.0,0.0,0.0,26.5,11.5,212.0,98.0,72.0,1005.9,100,13.0827,80.275,0.0
2024-04-08 04:00:00+05:30,0.0,0.0,0.0,26.5,14.2,207.0,99.0,96.0,1006.1,100,13.0827,80.275,0.0
2024-04-08 05:00:00+05:30,0.0,0.0,0.0,26.5,14.2,207.0,97.0,96.0,1006.8,100,13.0827,80.275,0.0
2024-04-08 06:00:00+05:30,9.0,12.5,8.0,27.0,12.6,207.0,97.0,96.0,1007.4,100,13.0827,80.275,0.15082707094500597
2024-04-08 07:00:00+05:30,151.0,346.4,70.0,28.7,15.5,198.0,86.0,46.0,1008.4,100,13.0827,80.275,9.032055499636417
2024-04-08 08:00:00+05:30,367.0,482.4,140.0,30.9,14.9,195.0,72.0,18.0,1009.0,100,13.0827,80.275,28.797112323663665
2024-04-08 09:00:00+05:30,622.0,716.3,137.0,33.2,15.1,180.0,60.0,16.0,1009.3,100,13.0827,80.275,50.61723806670213
2024-04-08 10:00:00+05:30,820.0,813.6,137.0,34.8,18.6,165.0,51.0,16.0,1009.0,100,13.0827,80.275,65.5192694936302
2024-04-08 11:00:00+05:30,950.0,853.5,142.0,35.6,21.2,159.0,46.0,0.0,1008.6,100,13.0827,80.275,81.6153922030814
2024-04-08 12:00:00+05:30,1007.0,871.7,143.0,36.1,21.1,157.0,41.0,0.0,1008.1,100,13.0827,80.275,83.20661987289293
2024-04-08 13:00:00+05:30,989.0,876.1,139.0,36.2,21.7,159.0,39.0,0.0,1007.1,100,13.0827,80.275,82.34844974577042
2024-04-08 14:00:00+05:30,889.0,853.0,134.0,36.1,22.1,158.0,38.0,12.0,1006.4,100,13.0827,80.275,71.19424617548825
2024-04-08 15:00:00+05:30,717.0,801.0,123.0,34.3,20.9,135.0,51.0,88.0,1006.2,100,13.0827,80.275,57.65977358927162
2024-04-08 16:00:00+05:30,492.0,696.9,109.0,31.3,23.3,125.0,73.0,48.0,1006.7,100,13.0827,80.275,38.24285320379282
2024-04-08 17:00:00+05:30,246.0,515.3,80.0,30.2,20.6,134.0,76.0,15.0,1007.0,100,13.0827,80.275,16.318834997709125
2024-04-08 18:00:00+05:30,44.0,159.2,24.0,29.1,16.5,126.0,83.0,0.0,1008.1,100,13.0827,80.275,1.4393743508046506
2024-04-08 19:00:00+05:30,0.0,0.0,0.0,28.8,14.3,129.0,83.0,0.0,1009.0,100,13.0827,80.275,0.0
2024-04-08 20:00:00+05:30,0.0,0.0,0.0,28.7,13.2,125.0,80.0,0.0,1009.7,100,13.0827,80.275,0.0
2024-04-08 21:00:00+05:30,0.0,0.0,0.0,28.3,12.9,120.0,82.0,0.0,1010.3,100,13.0827,80.275,0.0
2024-04-08 22:00:00+05:30,0.0,0.0,0.0,28.0,12.1,113.0,83.0,0.0,1010.5,100,13.0827,80.275,0.0
2024-04-08 23:00:00+05:30,0.0,0.0,0.0,27.7,12.1,113.0,84.0,0.0,1010.0,100,13.0827,80.275,0.0
2024-04-09 00:00:00+05:30,0.0,0.0,0.0,27.4,11.1,115.0,85.0,0.0,1009.4,100,13.0827,80.275,0.0
2024-04-09 01:00:00+05:30,0.0,0.0,0.0,27.2,9.9,123.0,85.0,0.0,1008.8,100,13.0827,80.275,0.0
2024-04-09 02:00:00+05:30,0.0,0.0,0.0,27.0,9.2,132.0,87.0,0.0,1008.2,100,13.0827,80.275,0.0
2024-04-09 03:00:00+05:30,0.0,0.0,0.0,26.7,7.8,124.0,88.0,34.0,1007.8,100,13.0827,80.275,0.0
2024-04-09 04:00:00+05:30,0.0,0.0,0.0,26.5,7.3,123.0,89.0,41.0,1008.1,100,13.0827,80.275,0.0
2024-04-09 05:00:00+05:30,0.0,0.0,0.0,25.9,5.7,125.0,92.0,65.0,1008.6,100,13.0827,80.275,0.0
2024-04-09 06:00:00+05:30,11.0,36.9,8.0,27.7,7.4,137.0,86.0,66.0,1009.4,100,13.0827,80.275,0.13226388261092192
2024-04-09 07:00:00+05:30,150.0,342.8,69.0,29.5,8.9,130.0,76.0,13.0,1010.5,100,13.0827,80.275,8.90829525893767
2024-04-09 08:00:00+05:30,372.0,520.5,126.0,30.7,10.1,125.0,68.0,14.0,1011.2,100,13.0827,80.275,27.425679098957
2024-04-09 09:00:00+05:30,618.0,714.4,133.0,31.8,10.6,114.0,64.0,14.0,1011.3,100,13.0827,80.275,50.827197359868734
2024-04-09 10:00:00+05:30,807.0,789.6,143.0,32.6,12.3,105.0,61.0,13.0,1011.0,100,13.0827,80.275,67.81936828272649
2024-04-09 11:00:00+05:30,938.0,835.7,146.0,33.1,14.1,96.0,57.0,85.0,1010.5,100,13.0827,80.275,74.57296263067983
2024-04-09 12:00:00+05:30,994.0,856.9,144.0,33.3,15.5,90.0,52.0,77.0,1009.7,100,13.0827,80.275,80.08214604171994
2024-04-09 13:00:00+05:30,970.0,853.1,142.0,33.1,15.8,89.0,54.0,36.0,1008.7,100,13.0827,80.275,76.93139621841308
2024-04-09 14:00:00+05:30,870.0,828.0,137.0,32.6,15.8,90.0,58.0,0.0,1007.9,100,13.0827,80.275,71.2493492503042
2024-04-09 15:00:00+05:30,702.0,776.6,126.0,31.8,16.9,89.0,63.0,0.0,1007.4,100,13.0827,80.275,59.29267389554309
2024-04-09 16:00:00+05:30,484.0,682.3,109.0,30.8,16.9,88.0,67.0,0.0,1007.2,100,13.0827,80.275,37.458448823695036
2024-04-09 17:00:00+05:30,242.0,502.8,80.0,29.9,16.6,89.0,72.0,3.0,1007.4,100,13.0827,80.275,15.281755960997247
2024-04-09 18:00:00+05:30,43.0,159.1,23.0,28.9,14.1,71.0,76.0,0.0,1007.8,100,13.0827,80.275,1.3982310201163968
2024-04-09 19:00:00+05:30,0.0,0.0,0.0,28.7,11.9,76.0,78.0,2.0,1008.6,100,13.0827,80.275,0.0
2024-04-09 20:00:00+05:30,0.0,0.0,0.0,28.5,10.1,73.0,79.0,6.0,1009.5,100,13.0827,80.275,0.0
2024-04-09 21:00:00+05:30,0.0,0.0,0.0,28.4,10.2,67.0,80.0,5.0,1010.6,100,13.0827,80.275,0.0
2024-04-09 22:00:00+05:30,0.0,0.0,0.0,28.3,9.8,73.0,80.0,14.0,1011.1,100,13.0827,80.275,0.0
2024-04-09 23:00:00+05:30,0.0,0.0,0.0,28.3,8.6,75.0,79.0,18.0,1010.5,100,13.0827,80.275,0.0
2024-04-10 00:00:00+05:30,0.0,0.0,0.0,28.2,7.5,73.0,80.0,17.0,1009.8,100,13.0827,80.275,0.0
2024-04-10 01:00:00+05:30,0.0,0.0,0.0,27.8,6.2,80.0,82.0,11.0,1009.0,100,13.0827,80.275,0.0
2024-04-10 02:00:00+05:30,0.0,0.0,0.0,27.0,5.0,90.0,85.0,1.0,1008.3,100,13.0827,80.275,0.0
2024-04-10 03:00:00+05:30,0.0,0.0,0.0,26.4,6.6,77.0,88.0,4.0,1008.0,100,13.0827,80.275,0.0
2024-04-10 04:00:00+05:30,0.0,0.0,0.0,26.4,5.3,62.0,88.0,28.0,1008.4,100,13.0827,80.275,0.0
2024-04-10 05:00:00+05:30,0.0,0.0,0.0,27.2,3.9,56.0,84.0,37.0,1009.2,100,13.0827,80.275,0.0
2024-04-10 06:00:00+05:30,11.0,36.4,8.0,27.8,3.9,124.0,82.0,86.0,1009.9,100,13.0827,80.275,0.1356470620566777
2024-04-10 07:00:00+05:30,155.0,368.7,67.0,29.6,5.6,117.0,73.0,97.0,1010.7,100,13.0827,80.275,9.004027124753957
2024-04-10 08:00:00+05:30,365.0,526.6,115.0,30.9,8.9,111.0,67.0,94.0,1011.2,100,13.0827,80.275,27.230409550197887
2024-04-10 09:00:00+05:30,547.0,567.1,161.0,32.0,9.9,109.0,61.0,94.0,1011.5,100,13.0827,80.275,43.42964435401276
2024-04-10 10:00:00+05:30,753.0,663.7,194.0,33.1,10.9,99.0,56.0,58.0,1011.0,100,13.0827,80.275,60.68425244659268
2024-04-10 11:00:00+05:30,898.0,750.6,186.0,33.7,14.3,102.0,54.0,30.0,1010.5,100,13.0827,80.275,72.96454878576841
2024-04-10 12:00:00+05:30,941.0,748.6,198.0,33.6,15.7,106.0,53.0,55.0,1009.8,100,13.0827,80.275,76.42152554485578
2024-04-10 13:00:00+05:30,942.0,802.3,163.0,33.6,16.1,106.0,52.0,55.0,1008.7,100,13.0827,80.275,77.72624913839746
2024-04-10 14:00:00+05:30,861.0,816.6,138.0,33.3,16.1,106.0,53.0,37.0,1007.7,100,13.0827,80.275,68.45179961876646
2024-04-10 15:00:00+05:30,698.0,771.2,126.0,32.7,15.9,108.0,55.0,9.0,1007.0,100,13.0827,80.275,56.111456446154406
2024-04-10 16:00:00+05:30,483.0,680.5,109.0,32.0,16.1,110.0,57.0,2.0,1006.6,100,13.0827,80.275,37.330492646128086
2024-04-10 17:00:00+05:30,243.0,505.7,80.0,31.2,15.4,111.0,60.0,0.0,1006.7,100,13.0827,80.275,15.877852754818793
2024-04-10 18:00:00+05:30,43.0,151.1,24.0,29.9,12.3,105.0,67.0,0.0,1007.7,100,13.0827,80.275,1.453822918053859
2024-04-10 19:00:00+05:30,0.0,0.0,0.0,29.5,11.3,112.0,69.0,2.0,1008.4,100,13.0827,80.275,0.0
2024-04-10 20:00:00+05:30,0.0,0.0,0.0,29.2,9.2,111.0,71.0,7.0,1009.2,100,13.0827,80.275,0.0
2024-04-10 21:00:00+05:30,0.0,0.0,0.0,29.0,7.4,104.0,72.0,6.0,1009.9,100,13.0827,80.275,0.0
2024-04-10 22:00:00+05:30,0.0,0.0,0.0,28.7,6.2,111.0,74.0,2.0,1010.4,100,13.0827,80.275,0.0
2024-04-10 23:00:00+05:30,0.0,0.0,0.0,27.9,4.7,113.0,78.0,2.0,1009.9,100,13.0827,80.275,0.0
2024-04-11 00:00:00+05:30,0.0,0.0,0.0,27.1,7.4,113.0,82.0,95.0,1009.7,100,13.0827,80.275,0.0
2024-04-11 01:00:00+05:30,0.0,0.0,0.0,26.9,6.4,106.0,83.0,89.0,1009.3,100,13.0827,80.275,0.0
2024-04-11 02:00:00+05:30,0.0,0.0,0.0,26.6,7.2,117.0,84.0,95.0,1008.8,100,13.0827,80.275,0.0
2024-04-11 03:00:00+05:30,0.0,0.0,0.0,26.5,6.6,131.0,84.0,100.0,1008.6,100,13.0827,80.275,0.0
2024-04-11 04:00:00+05:30,0.0,0.0,0.0,26.5,6.1,135.0,84.0,100.0,1008.6,100,13.0827,80.275,0.0
2024-04-11 05:00:00+05:30,0.0,0.0,0.0,27.7,3.6,135.0,78.0,100.0,1009.4,100,13.0827,80.275,0.0
2024-04-11 06:00:00+05:30,11.0,23.9,9.0,28.3,5.1,82.0,81.0,98.0,1010.2,100,13.0827,80.275,0.22782088771779332
2024-04-11 07:00:00+05:30,153.0,331.9,73.0,29.9,6.3,103.0,72.0,100.0,1010.9,100,13.0827,80.275,9.052115914147343
2024-04-11 08:00:00+05:30,379.0,547.4,118.0,31.3,8.5,118.0,66.0,99.0,1011.5,100,13.0827,80.275,27.712043890655103
2024-04-11 09:00:00+05:30,607.0,685.9,139.0,32.4,10.8,120.0,60.0,50.0,1011.5,100,13.0827,80.275,47.955226550402465
2024-04-11 10:00:00+05:30,770.0,724.3,159.0,33.2,12.7,115.0,57.0,64.0,1011.3,100,13.0827,80.275,61.083998050302746
2024-04-11 11:00:00+05:30,912.0,791.9,160.0,33.4,14.4,112.0,56.0,68.0,1010.6,100,13.0827,80.275,73.38489696367913
2024-04-11 12:00:00+05:30,940.0,786.4,159.0,33.4,16.3,108.0,56.0,33.0,1009.7,100,13.0827,80.275,78.07275206835958
2024-04-11 13:00:00+05:30,940.0,806.1,157.0,33.2,17.3,107.0,56.0,0.0,1008.6,100,13.0827,80.275,77.55099392697225
2024-04-11 14:00:00+05:30,840.0,783.7,146.0,32.8,17.9,99.0,57.0,0.0,1007.5,100,13.0827,80.275,69.04412658805943
2024-04-11 15:00:00+05:30,689.0,759.1,126.0,32.3,18.8,94.0,59.0,0.0,1007.0,100,13.0827,80.275,56.42861968812545
2024-04-11 16:00:00+05:30,473.0,658.6,111.0,31.4,20.0,97.0,64.0,7.0,1006.8,100,13.0827,80.275,37.72415756488151
2024-04-11 17:00:00+05:30,231.0,455.9,84.0,30.6,19.9,96.0,68.0,3.0,1007.3,100,13.0827,80.275,15.175283713303397
2024-04-11 18:00:00+05:30,41.0,143.0,23.0,30.2,18.2,98.0,68.0,3.0,1008.4,100,13.0827,80.275,1.3608958596551695
2024-04-11 19:00:00+05:30,0.0,0.0,0.0,30.0,15.9,96.0,71.0,1.0,1009.3,100,13.0827,80.275,0.0
2024-04-11 20:00:00+05:30,0.0,0.0,0.0,29.8,16.0,98.0,73.0,0.0,1010.1,100,13.0827,80.275,0.0
2024-04-11 21:00:00+05:30,0.0,0.0,0.0,29.7,16.2,102.0,74.0,1.0,1010.6,100,13.0827,80.275,0.0
2024-04-11 22:00:00+05:30,0.0,0.0,0.0,29.5,16.1,106.0,76.0,1.0,1011.0,100,13.0827,80.275,0.0
2024-04-11 23:00:00+05:30,0.0,0.0,0.0,29.2,15.3,105.0,78.0,0.0,1010.2,100,13.0827,80.275,0.0
2024-04-12 00:00:00+05:30,0.0,0.0,0.0,28.9,14.2,114.0,80.0,0.0,1009.3,100,13.0827,80.275,0.0
2024-04-12 01:00:00+05:30,0.0,0.0,0.0,28.7,13.2,119.0,81.0,22.0,1008.7,100,13.0827,80.275,0.0
2024-04-12 02:00:00+05:30,0.0,0.0,0.0,28.5,11.5,122.0,83.0,10.0,1008.1,100,13.0827,80.275,0.0
2024-04-12 03:00:00+05:30,0.0,0.0,0.0,28.3,10.9,124.0,84.0,33.0,1007.8,100,13.0827,80.275,0.0
2024-04-12 04:00:00+05:30,0.0,0.0,0.0,28.2,11.6,126.0,84.0,100.0,1008.4,100,13.0827,80.275,0.0
2024-04-12 05:00:00+05:30,0.0,0.0,0.0,28.1,10.5,121.0,85.0,98.0,1008.7,100,13.0827,80.275,0.0
2024-04-12 06:00:00+05:30,12.0,35.3,9.0,28.9,11.2,92.0,81.0,9.0,1009.7,100,13.0827,80.275,0.22974982729284402
2024-04-12 07:00:00+05:30,155.0,357.5,68.0,30.3,14.8,90.0,73.0,10.0,1010.3,100,13.0827,80.275,9.324642015123388
2024-04-12 08:00:00+05:30,383.0,572.3,109.0,31.3,15.1,90.0,69.0,37.0,1010.8,100,13.0827,80.275,28.128092759214972
2024-04-12 09:00:00+05:30,587.0,643.4,147.0,32.1,16.2,87.0,64.0,54.0,1011.0,100,13.0827,80.275,46.756531533956654
2024-04-12 10:00:00+05:30,779.0,741.0,153.0,32.8,17.3,92.0,61.0,59.0,1010.7,100,13.0827,80.275,62.2934429613234
2024-04-12 11:00:00+05:30,915.0,794.4,160.0,33.3,18.3,100.0,58.0,90.0,1010.6,100,13.0827,80.275,72.16944365089718
2024-04-12 12:00:00+05:30,953.0,783.0,175.0,33.3,18.4,102.0,58.0,100.0,1009.9,100,13.0827,80.275,76.86705862518741
2024-04-12 13:00:00+05:30,932.0,791.5,163.0,33.3,18.8,107.0,58.0,98.0,1008.9,100,13.0827,80.275,74.89610074177303
2024-04-12 14:00:00+05:30,789.0,682.0,185.0,32.7,17.6,105.0,60.0,51.0,1007.8,100,13.0827,80.275,62.424449524380826
2024-04-12 15:00:00+05:30,616.0,614.8,160.0,32.2,17.3,102.0,61.0,33.0,1007.3,100,13.0827,80.275,50.073202389409396
2024-04-12 16:00:00+05:30,449.0,587.7,126.0,31.5,16.3,104.0,65.0,29.0,1007.1,100,13.0827,80.275,34.55565952710925
2024-04-12 17:00:00+05:30,233.0,468.2,82.0,30.6,16.6,114.0,70.0,61.0,1007.2,100,13.0827,80.275,14.879007408497085
2024-04-12 18:00:00+05:30,43.0,150.9,24.0,29.7,13.7,104.0,74.0,1.0,1008.4,100,13.0827,80.275,1.4259018358198028
2024-04-12 19:00:00+05:30,0.0,0.0,0.0,29.4,11.7,108.0,75.0,7.0,1009.4,100,13.0827,80.275,0.0
2024-04-12 20:00:00+05:30,0.0,0.0,0.0,29.1,10.7,102.0,78.0,1.0,1010.3,100,13.0827,80.275,0.0
2024-04-12 21:00:00+05:30,0.0,0.0,0.0,28.8,9.6,110.0,80.0,0.0,1010.7,100,13.0827,80.275,0.0
2024-04-12 22:00:00+05:30,0.0,0.0,0.0,28.5,9.7,112.0,82.0,3.0,1010.8,100,13.0827,80.275,0.0
2024-04-12 23:00:00+05:30,0.0,0.0,0.0,28.2,8.4,110.0,84.0,45.0,1010.4,100,13.0827,80.275,0.0
2024-04-13 00:00:00+05:30,0.0,0.0,0.0,27.7,5.8,112.0,88.0,88.0,1009.7,100,13.0827,80.275,0.0
2024-04-13 01:00:00+05:30,0.0,0.0,0.0,27.0,4.9,126.0,92.0,86.0,1009.0,100,13.0827,80.275,0.0
2024-04-13 02:00:00+05:30,0.0,0.0,0.0,26.4,6.6,119.0,95.0,94.0,1008.6,100,13.0827,80.275,0.0
2024-04-13 03:00:00+05:30,0.0,0.0,0.0,26.8,5.2,115.0,92.0,100.0,1008.2,100,13.0827,80.275,0.0
2024-04-13 04:00:00+05:30,0.0,0.0,0.0,27.4,3.3,167.0,89.0,100.0,1008.3,100,13.0827,80.275,0.0
2024-04-13 05:00:00+05:30,0.0,0.0,0.0,26.6,2.5,225.0,92.0,64.0,1009.0,100,13.0827,80.275,0.0
2024-04-13 06:00:00+05:30,12.0,34.8,9.0,28.5,2.7,23.0,87.0,100.0,1009.8,100,13.0827,80.275,0.221302919626126
2024-04-13 07:00:00+05:30,148.0,309.4,72.0,29.8,5.6,105.0,79.0,100.0,1010.7,100,13.0827,80.275,8.80639543190677
2024-04-13 08:00:00+05:30,372.0,526.3,119.0,31.4,10.3,102.0,70.0,100.0,1011.4,100,13.0827,80.275,26.367054672109443
2024-04-13 09:00:00+05:30,590.0,649.2,145.0,32.4,14.1,103.0,63.0,98.0,1011.4,100,13.0827,80.275,45.58501973690077
2024-04-13 10:00:00+05:30,740.0,654.9,186.0,33.1,15.8,107.0,59.0,100.0,1011.2,100,13.0827,80.275,57.16953589169231
2024-04-13 11:00:00+05:30,919.0,785.3,172.0,33.8,16.1,110.0,54.0,100.0,1010.7,100,13.0827,80.275,72.11423006491795
2024-04-13 12:00:00+05:30,955.0,781.6,178.0,34.0,16.2,103.0,52.0,100.0,1009.9,100,13.0827,80.275,78.89696100880786
2024-04-13 13:00:00+05:30,925.0,767.6,179.0,34.0,16.1,100.0,51.0,100.0,1008.7,100,13.0827,80.275,73.01816423829968
2024-04-13 14:00:00+05:30,840.0,770.0,158.0,33.7,16.3,104.0,51.0,100.0,1007.4,100,13.0827,80.275,66.0386541735919
2024-04-13 15:00:00+05:30,685.0,725.4,147.0,33.0,15.9,108.0,53.0,97.0,1006.7,100,13.0827,80.275,54.13796079047425
2024-04-13 16:00:00+05:30,477.0,656.8,116.0,32.0,15.0,107.0,58.0,89.0,1006.4,100,13.0827,80.275,34.74047719233589
2024-04-13 17:00:00+05:30,241.0,496.0,81.0,30.9,13.8,110.0,66.0,93.0,1006.9,100,13.0827,80.275,14.65206371353019
2024-04-13 18:00:00+05:30,43.0,158.8,23.0,29.6,9.4,90.0,75.0,46.0,1008.1,100,13.0827,80.275,1.3524372116750423
2024-04-13 19:00:00+05:30,0.0,0.0,0.0,29.2,8.4,97.0,80.0,0.0,1008.9,100,13.0827,80.275,0.0
2024-04-13 20:00:00+05:30,0.0,0.0,0.0,28.9,8.5,102.0,82.0,3.0,1010.0,100,13.0827,80.275,0.0
2024-04-13 21:00:00+05:30,0.0,0.0,0.0,28.6,7.3,101.0,84.0,1.0,1010.5,100,13.0827,80.275,0.0
2024-04-13 22:00:00+05:30,0.0,0.0,0.0,28.3,7.3,101.0,87.0,3.0,1010.7,100,13.0827,80.275,0.0
2024-04-13 23:00:00+05:30,0.0,0.0,0.0,28.0,6.6,103.0,90.0,25.0,1010.7,100,13.0827,80.275,0.0
2024-04-14 00:00:00+05:30,0.0,0.0,0.0,27.7,5.8,112.0,91.0,13.0,1010.1,100,13.0827,80.275,0.0
2024-04-14 01:00:00+05:30,0.0,0.0,0.0,27.6,5.4,127.0,91.0,25.0,1009.3,100,13.0827,80.275,0.0
2024-04-14 02:00:00+05:30,0.0,0.0,0.0,26.9,4.6,129.0,95.0,21.0,1008.4,100,13.0827,80.275,0.0
2024-04-14 03:00:00+05:30,0.0,0.0,0.0,27.6,3.9,146.0,91.0,76.0,1008.3,100,13.0827,80.275,0.0
2024-04-14 04:00:00+05:30,0.0,0.0,0.0,26.5,1.9,292.0,96.0,90.0,1008.7,100,13.0827,80.275,0.0
2024-04-14 05:00:00+05:30,0.0,0.0,0.0,25.7,3.4,288.0,99.0,93.0,1009.2,100,13.0827,80.275,0.0
2024-04-14 06:00:00+05:30,12.0,22.9,10.0,27.9,3.1,315.0,92.0,72.0,1010.0,100,13.0827,80.275,0.3259539363354518
2024-04-14 07:00:00+05:30,145.0,278.3,76.0,29.5,3.0,76.0,82.0,24.0,1010.9,100,13.0827,80.275,8.991707952634036
2024-04-14 08:00:00+05:30,378.0,551.1,112.0,31.1,7.6,95.0,72.0,23.0,1011.9,100,13.0827,80.275,27.2300511462765
2024-04-14 09:00:00+05:30,613.0,689.9,139.0,32.2,11.2,94.0,64.0,15.0,1012.0,100,13.0827,80.275,46.791649251726916
2024-04-14 10:00:00+05:30,809.0,790.9,139.0,33.0,13.3,93.0,59.0,33.0,1011.9,100,13.0827,80.275,65.47375540103701
2024-04-14 11:00:00+05:30,920.0,805.6,153.0,33.2,14.4,91.0,59.0,62.0,1011.4,100,13.0827,80.275,75.31505910407607
2024-04-14 12:00:00+05:30,986.0,837.5,153.0,33.5,15.2,94.0,55.0,61.0,1010.5,100,13.0827,80.275,77.79470734534247
2024-04-14 13:00:00+05:30,964.0,842.6,145.0,33.5,15.3,98.0,52.0,57.0,1009.4,100,13.0827,80.275,76.30124953065115
2024-04-14 14:00:00+05:30,863.0,819.7,137.0,33.3,15.2,97.0,51.0,28.0,1008.8,100,13.0827,80.275,70.00995915088295
2024-04-14 15:00:00+05:30,698.0,771.3,126.0,32.4,15.6,97.0,57.0,33.0,1008.1,100,13.0827,80.275,54.7996495893549
2024-04-14 16:00:00+05:30,482.0,676.9,110.0,31.5,14.2,97.0,61.0,32.0,1007.8,100,13.0827,80.275,35.532263573724066
2024-04-14 17:00:00+05:30,243.0,505.1,80.0,30.4,13.4,104.0,69.0,0.0,1008.1,100,13.0827,80.275,14.885960463282073
2024-04-14 18:00:00+05:30,44.0,158.7,24.0,29.2,10.0,103.0,80.0,53.0,1008.5,100,13.0827,80.275,1.3592721785615298
2024-04-14 19:00:00+05:30,0.0,0.0,0.0,28.9,6.7,106.0,80.0,87.0,1009.3,100,13.0827,80.275,0.0
2024-04-14 20:00:00+05:30,0.0,0.0,0.0,28.5,5.6,117.0,79.0,57.0,1010.0,100,13.0827,80.275,0.0
2024-04-14 21:00:00+05:30,0.0,0.0,0.0,27.9,4.8,132.0,80.0,76.0,1010.6,100,13.0827,80.275,0.0
2024-04-14 22:00:00+05:30,0.0,0.0,0.0,27.3,5.6,135.0,83.0,63.0,1011.0,100,13.0827,80.275,0.0
2024-04-14 23:00:00+05:30,0.0,0.0,0.0,26.5,6.9,152.0,89.0,55.0,1010.7,100,13.0827,80.275,0.0
2024-04-15 00:00:00+05:30,0.0,0.0,0.0,26.3,6.2,170.0,91.0,90.0,1010.1,100,13.0827,80.275,0.0
2024-04-15 01:00:00+05:30,0.0,0.0,0.0,25.7,6.0,197.0,94.0,90.0,1009.6,100,13.0827,80.275,0.0
2024-04-15 02:00:00+05:30,0.0,0.0,0.0,25.4,4.8,222.0,95.0,88.0,1009.0,100,13.0827,80.275,0.0
2024-04-15 03:00:00+05:30,0.0,0.0,0.0,25.2,4.2,250.0,96.0,80.0,1008.9,100,13.0827,80.275,0.0
2024-04-15 04:00:00+05:30,0.0,0.0,0.0,25.2,5.4,250.0,96.0,91.0,1009.2,100,13.0827,80.275,0.0
2024-04-15 05:00:00+05:30,0.0,0.0,0.0,25.0,5.6,255.0,97.0,82.0,1009.8,100,13.0827,80.275,0.0
2024-04-15 06:00:00+05:30,14.0,33.9,11.0,26.6,6.2,291.0,93.0,86.0,1010.5,100,13.0827,80.275,0.412788248945942
2024-04-15 07:00:00+05:30,165.0,367.9,73.0,28.9,4.7,302.0,82.0,100.0,1011.6,100,13.0827,80.275,9.390481566142906
2024-04-15 08:00:00+05:30,374.0,497.4,133.0,30.7,1.8,79.0,73.0,98.0,1012.3,100,13.0827,80.275,27.037914521734788
2024-04-15 09:00:00+05:30,623.0,710.3,134.0,32.5,6.2,111.0,61.0,96.0,1012.3,100,13.0827,80.275,46.90405401198836
2024-04-15 10:00:00+05:30,812.0,792.3,140.0,33.8,11.0,113.0,54.0,97.0,1012.1,100,13.0827,80.275,63.344202948707675
2024-04-15 11:00:00+05:30,937.0,830.2,146.0,34.2,14.1,109.0,52.0,99.0,1011.7,100,13.0827,80.275,74.30625891898634
2024-04-15 12:00:00+05:30,990.0,846.2,148.0,34.2,15.3,109.0,52.0,90.0,1010.8,100,13.0827,80.275,78.77597148464449
2024-04-15 13:00:00+05:30,966.0,843.5,146.0,34.0,15.8,111.0,53.0,95.0,1009.9,100,13.0827,80.275,74.4971917042266
2024-04-15 14:00:00+05:30,866.0,822.0,138.0,33.5,15.8,114.0,56.0,90.0,1008.8,100,13.0827,80.275,68.10230020660605
2024-04-15 15:00:00+05:30,699.0,771.4,127.0,32.7,15.9,118.0,58.0,89.0,1008.1,100,13.0827,80.275,53.71233515802449
2024-04-15 16:00:00+05:30,482.0,678.7,109.0,31.9,16.3,125.0,62.0,98.0,1007.8,100,13.0827,80.275,35.241578514253106
2024-04-15 17:00:00+05:30,242.0,498.7,81.0,30.7,15.5,134.0,68.0,98.0,1008.1,100,13.0827,80.275,14.510672601195642
2024-04-15 18:00:00+05:30,44.0,158.6,24.0,29.4,11.4,125.0,75.0,91.0,1008.9,100,13.0827,80.275,1.3339925037450688
2024-04-15 19:00:00+05:30,0.0,0.0,0.0,29.0,11.5,139.0,78.0,92.0,1009.7,100,13.0827,80.275,0.0
2024-04-15 20:00:00+05:30,0.0,0.0,0.0,28.7,10.4,146.0,80.0,93.0,1010.4,100,13.0827,80.275,0.0
2024-04-15 21:00:00+05:30,0.0,0.0,0.0,28.3,8.6,147.0,82.0,100.0,1010.9,100,13.0827,80.275,0.0
2024-04-15 22:00:00+05:30,0.0,0.0,0.0,27.9,7.6,161.0,84.0,96.0,1011.5,100,13.0827,80.275,0.0
2024-04-15 23:00:00+05:30,0.0,0.0,0.0,27.1,5.0,180.0,89.0,62.0,1011.2,100,13.0827,80.275,0.0
2024-04-16 00:00:00+05:30,0.0,0.0,0.0,26.6,4.5,209.0,91.0,5.0,1010.5,100,13.0827,80.275,0.0
2024-04-16 01:00:00+05:30,0.0,0.0,0.0,26.1,4.6,231.0,94.0,0.0,1009.7,100,13.0827,80.275,0.0
2024-04-16 02:00:00+05:30,0.0,0.0,0.0,25.7,6.2,260.0,96.0,4.0,1009.1,100,13.0827,80.275,0.0
2024-04-16 03:00:00+05:30,0.0,0.0,0.0,25.4,6.6,261.0,97.0,100.0,1008.9,100,13.0827,80.275,0.0
2024-04-16 04:00:00+05:30,0.0,0.0,0.0,25.3,7.3,259.0,97.0,92.0,1009.2,100,13.0827,80.275,0.0
2024-04-16 05:00:00+05:30,0.0,0.0,0.0,25.2,7.1,255.0,97.0,89.0,1009.5,100,13.0827,80.275,0.0
2024-04-16 06:00:00+05:30,15.0,55.8,10.0,25.9,8.2,247.0,94.0,8.0,1009.7,100,13.0827,80.275,0.3172813932220209
2024-04-16 07:00:00+05:30,172.0,412.3,68.0,28.1,7.5,235.0,83.0,97.0,1010.3,100,13.0827,80.275,9.12437677700777
2024-04-16 08:00:00+05:30,406.0,619.0,105.0,30.6,8.5,208.0,68.0,97.0,1010.8,100,13.0827,80.275,28.027213689944446
2024-04-16 09:00:00+05:30,632.0,736.3,124.0,32.8,10.4,180.0,54.0,83.0,1010.7,100,13.0827,80.275,47.63483240020164
2024-04-16 10:00:00+05:30,814.0,794.8,139.0,34.3,13.0,156.0,48.0,92.0,1010.3,100,13.0827,80.275,62.07973159429225
2024-04-16 11:00:00+05:30,936.0,829.6,145.0,34.8,17.3,144.0,48.0,79.0,1010.0,100,13.0827,80.275,72.79072225641337
2024-04-16 12:00:00+05:30,985.0,841.9,147.0,34.7,20.8,143.0,47.0,71.0,1009.2,100,13.0827,80.275,76.86190193113406
2024-04-16 13:00:00+05:30,958.0,836.2,145.0,34.5,21.9,147.0,46.0,80.0,1007.8,100,13.0827,80.275,77.08492043036246
2024-04-16 14:00:00+05:30,862.0,818.6,137.0,34.0,22.7,151.0,51.0,71.0,1006.7,100,13.0827,80.275,67.34092496879816
2024-04-16 15:00:00+05:30,694.0,764.7,127.0,33.5,21.6,154.0,52.0,62.0,1006.2,100,13.0827,80.275,53.365916497628106
2024-04-16 16:00:00+05:30,479.0,671.5,110.0,32.5,21.1,155.0,55.0,66.0,1006.2,100,13.0827,80.275,36.30572113387589
2024-04-16 17:00:00+05:30,241.0,495.5,81.0,31.1,19.0,153.0,62.0,73.0,1006.5,100,13.0827,80.275,14.584174529333247
2024-04-16 18:00:00+05:30,43.0,158.5,23.0,30.0,12.9,157.0,71.0,97.0,1007.7,100,13.0827,80.275,1.2633643413673818
2024-04-16 19:00:00+05:30,0.0,0.0,0.0,29.4,13.2,154.0,77.0,85.0,1008.5,100,13.0827,80.275,0.0
2024-04-16 20:00:00+05:30,0.0,0.0,0.0,28.9,12.9,157.0,81.0,90.0,1009.0,100,13.0827,80.275,0.0
2024-04-16 21:00:00+05:30,0.0,0.0,0.0,28.7,13.0,156.0,82.0,86.0,1009.4,100,13.0827,80.275,0.0
2024-04-16 22:00:00+05:30,0.0,0.0,0.0,28.4,13.2,158.0,84.0,93.0,1009.5,100,13.0827,80.275,0.0
2024-04-16 23:00:00+05:30,0.0,0.0,0.0,28.1,12.8,164.0,86.0,65.0,1009.0,100,13.0827,80.275,0.0
2024-04-17 00:00:00+05:30,0.0,0.0,0.0,27.8,13.3,167.0,87.0,60.0,1008.3,100,13.0827,80.275,0.0
2024-04-17 01:00:00+05:30,0.0,0.0,0.0,27.6,11.9,180.0,89.0,1.0,1007.9,100,13.0827,80.275,0.0
2024-04-17 02:00:00+05:30,0.0,0.0,0.0,27.0,9.4,212.0,92.0,2.0,1007.8,100,13.0827,80.275,0.0
2024-04-17 03:00:00+05:30,0.0,0.0,0.0,26.4,11.0,232.0,93.0,7.0,1007.7,100,13.0827,80.275,0.0
2024-04-17 04:00:00+05:30,0.0,0.0,0.0,26.0,11.5,226.0,95.0,87.0,1008.1,100,13.0827,80.275,0.0
2024-04-17 05:00:00+05:30,0.0,0.0,0.0,26.0,12.4,216.0,95.0,81.0,1008.4,100,13.0827,80.275,0.0
2024-04-17 06:00:00+05:30,14.0,33.1,11.0,26.6,10.9,224.0,93.0,94.0,1008.6,100,13.0827,80.275,0.40265741177705133
2024-04-17 07:00:00+05:30,170.0,389.3,71.0,28.6,12.1,217.0,83.0,96.0,1009.2,100,13.0827,80.275,9.289773509841913
2024-04-17 08:00:00+05:30,401.0,592.2,112.0,30.9,13.7,203.0,70.0,100.0,1009.7,100,13.0827,80.275,27.87012800781471
2024-04-17 09:00:00+05:30,621.0,700.2,137.0,33.3,13.8,195.0,57.0,100.0,1009.6,100,13.0827,80.275,47.57801119085001
2024-04-17 10:00:00+05:30,805.0,771.6,149.0,35.4,14.4,180.0,47.0,97.0,1009.2,100,13.0827,80.275,60.23805305826631
2024-04-17 11:00:00+05:30,923.0,800.8,159.0,36.2,17.3,163.0,45.0,100.0,1008.3,100,13.0827,80.275,72.05157373177475
2024-04-17 12:00:00+05:30,964.0,786.4,181.0,35.4,23.7,154.0,56.0,100.0,1007.3,100,13.0827,80.275,76.99150322650549
2024-04-17 13:00:00+05:30,926.0,742.5,204.0,34.7,26.9,157.0,55.0,100.0,1006.4,100,13.0827,80.275,75.27017325194805
2024-04-17 14:00:00+05:30,761.0,626.7,206.0,34.5,26.0,158.0,54.0,100.0,1005.7,100,13.0827,80.275,59.58046581111961
2024-04-17 15:00:00+05:30,674.0,702.7,153.0,34.1,24.1,158.0,53.0,100.0,1005.0,100,13.0827,80.275,53.648539057907186
2024-04-17 16:00:00+05:30,458.0,589.6,134.0,32.9,21.6,156.0,57.0,100.0,1004.8,100,13.0827,80.275,32.622597060331216
2024-04-17 17:00:00+05:30,226.0,393.1,99.0,31.5,20.6,161.0,65.0,100.0,1005.1,100,13.0827,80.275,14.210789778832835
2024-04-17 18:00:00+05:30,40.0,87.1,29.0,30.1,16.9,160.0,73.0,100.0,1006.2,100,13.0827,80.275,1.804929203820559
2024-04-17 19:00:00+05:30,0.0,0.0,0.0,29.4,16.2,159.0,80.0,100.0,1007.1,100,13.0827,80.275,0.0
2024-04-17 20:00:00+05:30,0.0,0.0,0.0,29.2,14.8,162.0,81.0,65.0,1007.7,100,13.0827,80.275,0.0
2024-04-17 21:00:00+05:30,0.0,0.0,0.0,28.8,13.3,161.0,84.0,0.0,1008.3,100,13.0827,80.275,0.0
2024-04-17 22:00:00+05:30,0.0,0.0,0.0,28.5,12.8,164.0,87.0,2.0,1008.5,100,13.0827,80.275,0.0
2024-04-17 23:00:00+05:30,0.0,0.0,0.0,28.2,12.1,170.0,88.0,33.0,1008.1,100,13.0827,80.275,0.0
2024-04-18 00:00:00+05:30,0.0,0.0,0.0,28.0,12.3,177.0,89.0,71.0,1007.4,100,13.0827,80.275,0.0
2024-04-18 01:00:00+05:30,0.0,0.0,0.0,27.6,11.7,189.0,91.0,97.0,1006.9,100,13.0827,80.275,0.0
2024-04-18 02:00:00+05:30,0.0,0.0,0.0,27.2,11.4,204.0,93.0,96.0,1006.2,100,13.0827,80.275,0.0
2024-04-18 03:00:00+05:30,0.0,0.0,0.0,26.9,12.4,216.0,94.0,79.0,1006.0,100,13.0827,80.275,0.0
2024-04-18 04:00:00+05:30,0.0,0.0,0.0,26.7,13.2,215.0,95.0,88.0,1006.5,100,13.0827,80.275,0.0
2024-04-18 05:00:00+05:30,0.0,0.0,0.0,26.6,14.8,214.0,95.0,98.0,1007.0,100,13.0827,80.275,0.0
2024-04-18 06:00:00+05:30,15.0,32.7,12.0,28.0,15.3,214.0,90.0,100.0,1007.7,100,13.0827,80.275,0.49257297497157354
2024-04-18 07:00:00+05:30,143.0,226.2,85.0,29.5,16.0,211.0,82.0,98.0,1008.5,100,13.0827,80.275,9.061242352341347
2024-04-18 08:00:00+05:30,366.0,459.5,141.0,31.7,17.2,206.0,69.0,99.0,1009.1,100,13.0827,80.275,26.700110903165537
2024-04-18 09:00:00+05:30,604.0,636.8,163.0,33.8,15.7,200.0,57.0,97.0,1008.9,100,13.0827,80.275,45.97657645694124
2024-04-18 10:00:00+05:30,795.0,751.9,155.0,35.7,13.6,192.0,48.0,54.0,1008.3,100,13.0827,80.275,61.22895488243921
2024-04-18 11:00:00+05:30,924.0,812.9,148.0,37.0,13.7,166.0,44.0,99.0,1007.4,100,13.0827,80.275,70.21780540001447
2024-04-18 12:00:00+05:30,967.0,814.3,156.0,36.3,19.4,149.0,54.0,97.0,1006.2,100,13.0827,80.275,74.43347380364646
2024-04-18 13:00:00+05:30,944.0,811.4,155.0,35.5,24.1,148.0,55.0,53.0,1005.2,100,13.0827,80.275,74.19326071740016
2024-04-18 14:00:00+05:30,838.0,783.7,144.0,35.0,23.7,150.0,53.0,17.0,1004.3,100,13.0827,80.275,67.26394879151638
2024-04-18 15:00:00+05:30,669.0,723.1,133.0,33.9,23.2,150.0,59.0,50.0,1003.6,100,13.0827,80.275,51.80053621528274
2024-04-18 16:00:00+05:30,470.0,653.4,111.0,32.8,22.7,153.0,64.0,69.0,1003.4,100,13.0827,80.275,34.638191570631875
2024-04-18 17:00:00+05:30,235.0,470.3,83.0,31.3,22.7,160.0,72.0,64.0,1003.7,100,13.0827,80.275,13.810335680160396
2024-04-18 18:00:00+05:30,42.0,126.6,26.0,30.1,18.9,156.0,81.0,95.0,1004.3,100,13.0827,80.275,1.5466385840627142
2024-04-18 19:00:00+05:30,0.0,0.0,0.0,29.7,17.1,158.0,83.0,100.0,1005.0,100,13.0827,80.275,0.0
2024-04-18 20:00:00+05:30,0.0,0.0,0.0,29.4,14.9,160.0,84.0,96.0,1006.0,100,13.0827,80.275,0.0
2024-04-18 21:00:00+05:30,0.0,0.0,0.0,29.2,13.8,165.0,86.0,66.0,1006.7,100,13.0827,80.275,0.0
2024-04-18 22:00:00+05:30,0.0,0.0,0.0,28.8,13.0,166.0,89.0,37.0,1007.0,100,13.0827,80.275,0.0
2024-04-18 23:00:00+05:30,0.0,0.0,0.0,28.6,12.7,172.0,91.0,21.0,1006.9,100,13.0827,80.275,0.0
2024-04-19 00:00:00+05:30,0.0,0.0,0.0,28.3,12.6,178.0,92.0,3.0,1006.5,100,13.0827,80.275,0.0
2024-04-19 01:00:00+05:30,0.0,0.0,0.0,28.0,13.3,193.0,93.0,6.0,1005.8,100,13.0827,80.275,0.0
2024-04-19 02:00:00+05:30,0.0,0.0,0.0,27.8,13.9,205.0,94.0,46.0,1005.1,100,13.0827,80.275,0.0
2024-04-19 03:00:00+05:30,0.0,0.0,0.0,28.0,15.5,208.0,93.0,68.0,1004.7,100,13.0827,80.275,0.0
2024-04-19 04:00:00+05:30,0.0,0.0,0.0,28.3,14.3,208.0,91.0,100.0,1004.8,100,13.0827,80.275,0.0
2024-04-19 05:00:00+05:30,0.0,0.0,0.0,28.3,14.0,215.0,91.0,57.0,1005.3,100,13.0827,80.275,0.0
2024-04-19 06:00:00+05:30,15.0,32.3,12.0,28.8,14.3,214.0,86.0,12.0,1005.9,100,13.0827,80.275,0.4891173178019272
2024-04-19 07:00:00+05:30,158.0,329.0,73.0,30.3,15.5,208.0,75.0,12.0,1006.6,100,13.0827,80.275,9.016957812389899
2024-04-19 08:00:00+05:30,398.0,584.2,111.0,32.3,15.7,200.0,65.0,67.0,1006.9,100,13.0827,80.275,27.657896470072803
2024-04-19 09:00:00+05:30,626.0,717.8,128.0,34.5,15.4,191.0,54.0,60.0,1006.9,100,13.0827,80.275,46.65553548242872
2024-04-19 10:00:00+05:30,805.0,779.4,141.0,36.1,15.2,175.0,48.0,46.0,1006.3,100,13.0827,80.275,62.50505811234564
2024-04-19 11:00:00+05:30,926.0,816.6,146.0,36.0,19.2,152.0,54.0,30.0,1005.5,100,13.0827,80.275,73.15763089339336
2024-04-19 12:00:00+05:30,974.0,828.1,149.0,35.1,25.4,148.0,59.0,17.0,1004.7,100,13.0827,80.275,76.8439693394333
2024-04-19 13:00:00+05:30,945.0,820.6,147.0,34.7,25.9,151.0,58.0,0.0,1003.5,100,13.0827,80.275,76.91761586662454
2024-04-19 14:00:00+05:30,848.0,799.6,140.0,34.4,24.8,152.0,59.0,1.0,1002.6,100,13.0827,80.275,68.1609445568064
2024-04-19 15:00:00+05:30,689.0,758.3,127.0,33.5,24.6,153.0,63.0,0.0,1002.3,100,13.0827,80.275,55.171342006220904
2024-04-19 16:00:00+05:30,472.0,655.2,112.0,32.5,23.4,155.0,66.0,1.0,1002.2,100,13.0827,80.275,35.50438512107018
2024-04-19 17:00:00+05:30,238.0,482.5,82.0,31.2,21.9,157.0,73.0,1.0,1002.5,100,13.0827,80.275,14.366987940431553
2024-04-19 18:00:00+05:30,43.0,150.2,24.0,30.1,18.7,157.0,83.0,34.0,1003.2,100,13.0827,80.275,1.4118992174357594
2024-04-19 19:00:00+05:30,0.0,0.0,0.0,29.8,18.0,164.0,84.0,45.0,1004.3,100,13.0827,80.275,0.0
2024-04-19 20:00:00+05:30,0.0,0.0,0.0,29.6,15.6,165.0,86.0,5.0,1005.1,100,13.0827,80.275,0.0
2024-04-19 21:00:00+05:30,0.0,0.0,0.0,29.2,14.3,168.0,88.0,34.0,1005.7,100,13.0827,80.275,0.0
2024-04-19 22:00:00+05:30,0.0,0.0,0.0,28.9,14.6,170.0,91.0,29.0,1006.0,100,13.0827,80.275,0.0
2024-04-19 23:00:00+05:30,0.0,0.0,0.0,28.7,15.6,172.0,93.0,39.0,1005.4,100,13.0827,80.275,0.0
2024-04-20 00:00:00+05:30,0.0,0.0,0.0,28.4,15.8,181.0,94.0,44.0,1004.8,100,13.0827,80.275,0.0
2024-04-20 01:00:00+05:30,0.0,0.0,0.0,28.2,14.7,191.0,94.0,71.0,1004.6,100,13.0827,80.275,0.0
2024-04-20 02:00:00+05:30,0.0,0.0,0.0,28.1,14.9,195.0,93.0,44.0,1004.3,100,13.0827,80.275,0.0
2024-04-20 03:00:00+05:30,0.0,0.0,0.0,28.5,15.9,198.0,90.0,85.0,1004.2,100,13.0827,80.275,0.0
2024-04-20 04:00:00+05:30,0.0,0.0,0.0,28.7,16.1,200.0,88.0,65.0,1004.4,100,13.0827,80.275,0.0
2024-04-20 05:00:00+05:30,0.0,0.0,0.0,28.7,15.3,204.0,88.0,81.0,1004.7,100,13.0827,80.275,0.0
2024-04-20 06:00:00+05:30,12.0,21.3,10.0,29.5,13.3,193.0,88.0,84.0,1005.3,100,13.0827,80.275,0.3246706976659444
2024-04-20 07:00:00+05:30,124.0,165.2,81.0,30.8,15.7,191.0,80.0,99.0,1006.2,100,13.0827,80.275,8.030841236748046
2024-04-20 08:00:00+05:30,340.0,367.3,159.0,32.6,15.4,196.0,70.0,72.0,1007.1,100,13.0827,80.275,25.103315575997875
2024-04-20 09:00:00+05:30,490.0,411.6,204.0,34.2,14.1,186.0,61.0,33.0,1007.1,100,13.0827,80.275,38.65534044428015
2024-04-20 10:00:00+05:30,739.0,623.8,207.0,35.8,15.6,165.0,53.0,72.0,1006.7,100,13.0827,80.275,58.434560152865245
2024-04-20 11:00:00+05:30,884.0,744.0,173.0,35.6,20.3,150.0,61.0,89.0,1005.9,100,13.0827,80.275,67.58574432030129
2024-04-20 12:00:00+05:30,945.0,781.8,166.0,34.7,25.3,147.0,65.0,99.0,1005.0,100,13.0827,80.275,74.48109614905725
2024-04-20 13:00:00+05:30,933.0,785.6,169.0,34.5,25.5,149.0,63.0,100.0,1003.6,100,13.0827,80.275,74.12125912840057
2024-04-20 14:00:00+05:30,844.0,786.1,148.0,34.3,24.6,148.0,64.0,100.0,1002.5,100,13.0827,80.275,64.0181163175911
2024-04-20 15:00:00+05:30,682.0,734.1,138.0,33.5,23.5,148.0,66.0,99.0,1001.9,100,13.0827,80.275,52.674387764464456
2024-04-20 16:00:00+05:30,472.0,646.1,117.0,32.6,20.6,151.0,70.0,99.0,1002.0,100,13.0827,80.275,33.448942859871416
2024-04-20 17:00:00+05:30,225.0,383.3,101.0,31.3,20.6,147.0,76.0,100.0,1002.7,100,13.0827,80.275,13.697582533821624
2024-04-20 18:00:00+05:30,42.0,102.7,29.0,30.1,16.2,143.0,85.0,100.0,1003.7,100,13.0827,80.275,1.7871596174331343
2024-04-20 19:00:00+05:30,0.0,0.0,0.0,29.6,15.6,142.0,89.0,99.0,1005.0,100,13.0827,80.275,0.0
2024-04-20 20:00:00+05:30,0.0,0.0,0.0,29.2,14.6,140.0,90.0,100.0,1005.6,100,13.0827,80.275,0.0
2024-04-20 21:00:00+05:30,0.0,0.0,0.0,28.9,13.5,146.0,92.0,100.0,1006.3,100,13.0827,80.275,0.0
2024-04-20 22:00:00+05:30,0.0,0.0,0.0,28.6,12.2,152.0,94.0,100.0,1006.5,100,13.0827,80.275,0.0
2024-04-20 23:00:00+05:30,0.0,0.0,0.0,28.3,10.6,170.0,96.0,100.0,1006.4,100,13.0827,80.275,0.0
2024-04-21 00:00:00+05:30,0.0,0.0,0.0,28.2,10.5,184.0,97.0,100.0,1005.9,100,13.0827,80.275,0.0
2024-04-21 01:00:00+05:30,0.0,0.0,0.0,27.9,10.7,192.0,97.0,100.0,1005.6,100,13.0827,80.275,0.0
2024-04-21 02:00:00+05:30,0.0,0.0,0.0,27.8,10.7,200.0,96.0,80.0,1005.1,100,13.0827,80.275,0.0
2024-04-21 03:00:00+05:30,0.0,0.0,0.0,27.8,10.2,212.0,96.0,99.0,1005.1,100,13.0827,80.275,0.0
2024-04-21 04:00:00+05:30,0.0,0.0,0.0,27.6,10.1,207.0,97.0,96.0,1005.4,100,13.0827,80.275,0.0
2024-04-21 05:00:00+05:30,0.0,0.0,0.0,27.7,10.7,213.0,96.0,87.0,1005.9,100,13.0827,80.275,0.0
2024-04-21 06:00:00+05:30,17.0,42.2,13.0,28.6,12.6,204.0,91.0,96.0,1006.2,100,13.0827,80.275,0.5659263993863872
2024-04-21 07:00:00+05:30,152.0,248.0,87.0,30.3,14.5,199.0,81.0,98.0,1007.0,100,13.0827,80.275,9.002900389983987
2024-04-21 08:00:00+05:30,379.0,491.6,136.0,32.3,15.0,197.0,69.0,21.0,1007.4,100,13.0827,80.275,27.016587138670253
2024-04-21 09:00:00+05:30,617.0,665.2,154.0,34.3,14.8,186.0,58.0,58.0,1007.6,100,13.0827,80.275,47.22456179980216
2024-04-21 10:00:00+05:30,809.0,767.4,154.0,35.5,16.7,166.0,53.0,95.0,1007.2,100,13.0827,80.275,62.29592775514401
2024-04-21 11:00:00+05:30,897.0,715.5,213.0,35.1,21.3,152.0,61.0,100.0,1006.6,100,13.0827,80.275,70.87138081484434
2024-04-21 12:00:00+05:30,936.0,682.3,256.0,34.8,26.0,149.0,61.0,100.0,1005.9,100,13.0827,80.275,74.10063913305237
2024-04-21 13:00:00+05:30,861.0,586.2,291.0,34.4,27.2,152.0,58.0,100.0,1005.0,100,13.0827,80.275,69.38639444816668
2024-04-21 14:00:00+05:30,774.0,560.3,278.0,34.0,27.5,153.0,60.0,96.0,1004.0,100,13.0827,80.275,60.4578756491122
2024-04-21 15:00:00+05:30,666.0,653.2,182.0,33.3,26.1,157.0,62.0,97.0,1003.4,100,13.0827,80.275,50.84259241632041
2024-04-21 16:00:00+05:30,459.0,566.0,148.0,32.4,24.3,159.0,67.0,98.0,1003.2,100,13.0827,80.275,33.40076718551176
2024-04-21 17:00:00+05:30,231.0,407.8,99.0,31.4,21.6,162.0,71.0,83.0,1003.6,100,13.0827,80.275,14.216746613007189
2024-04-21 18:00:00+05:30,45.0,157.9,25.0,30.2,17.3,157.0,81.0,0.0,1004.8,100,13.0827,80.275,1.4330588545809573
2024-04-21 19:00:00+05:30,0.0,0.0,0.0,29.7,16.0,157.0,84.0,0.0,1005.6,100,13.0827,80.275,0.0
2024-04-21 20:00:00+05:30,0.0,0.0,0.0,29.4,14.8,162.0,85.0,0.0,1006.5,100,13.0827,80.275,0.0
2024-04-21 21:00:00+05:30,0.0,0.0,0.0,29.1,14.1,165.0,87.0,0.0,1007.0,100,13.0827,80.275,0.0
2024-04-21 22:00:00+05:30,0.0,0.0,0.0,28.7,14.8,167.0,91.0,0.0,1007.0,100,13.0827,80.275,0.0
2024-04-21 23:00:00+05:30,0.0,0.0,0.0,28.3,14.2,173.0,92.0,5.0,1006.7,100,13.0827,80.275,0.0
2024-04-22 00:00:00+05:30,0.0,0.0,0.0,27.9,11.3,187.0,94.0,13.0,1006.3,100,13.0827,80.275,0.0
2024-04-22 01:00:00+05:30,0.0,0.0,0.0,27.4,10.0,210.0,95.0,22.0,1005.9,100,13.0827,80.275,0.0
2024-04-22 02:00:00+05:30,0.0,0.0,0.0,27.1,10.7,220.0,96.0,9.0,1005.6,100,13.0827,80.275,0.0
2024-04-22 03:00:00+05:30,0.0,0.0,0.0,26.9,11.0,218.0,97.0,58.0,1005.5,100,13.0827,80.275,0.0
2024-04-22 04:00:00+05:30,0.0,0.0,0.0,27.0,11.0,221.0,97.0,91.0,1006.1,100,13.0827,80.275,0.0
2024-04-22 05:00:00+05:30,0.0,0.0,0.0,27.1,11.0,221.0,96.0,100.0,1006.6,100,13.0827,80.275,0.0
2024-04-22 06:00:00+05:30,12.0,31.3,9.0,29.0,10.6,215.0,91.0,100.0,1007.0,100,13.0827,80.275,0.22313784817821156
2024-04-22 07:00:00+05:30,144.0,231.2,83.0,30.3,12.1,203.0,81.0,23.0,1007.9,100,13.0827,80.275,8.6573224166496
2024-04-22 08:00:00+05:30,393.0,546.7,122.0,32.3,12.4,197.0,68.0,10.0,1008.6,100,13.0827,80.275,27.991318354821747
2024-04-22 09:00:00+05:30,628.0,703.0,138.0,34.1,11.5,182.0,58.0,31.0,1008.6,100,13.0827,80.275,47.373100597800196
2024-04-22 10:00:00+05:30,816.0,784.4,146.0,35.6,13.1,159.0,52.0,18.0,1007.9,100,13.0827,80.275,63.998879225057166
2024-04-22 11:00:00+05:30,939.0,825.0,150.0,35.5,17.8,144.0,59.0,20.0,1007.1,100,13.0827,80.275,75.31933408321771
2024-04-22 12:00:00+05:30,990.0,840.8,152.0,35.3,21.3,143.0,60.0,6.0,1006.3,100,13.0827,80.275,79.67958151667159
2024-04-22 13:00:00+05:30,966.0,840.2,149.0,35.4,22.3,146.0,54.0,30.0,1005.5,100,13.0827,80.275,77.72387379704543
2024-04-22 14:00:00+05:30,866.0,818.0,142.0,34.9,22.7,144.0,55.0,66.0,1004.6,100,13.0827,80.275,67.01415949662497
2024-04-22 15:00:00+05:30,681.0,739.7,133.0,33.7,24.2,147.0,61.0,98.0,1004.2,100,13.0827,80.275,51.95220309633124
2024-04-22 16:00:00+05:30,486.0,680.7,112.0,32.7,22.9,150.0,66.0,82.0,1004.1,100,13.0827,80.275,34.58625364238985
2024-04-22 17:00:00+05:30,244.0,493.9,84.0,31.3,20.4,154.0,75.0,95.0,1004.4,100,13.0827,80.275,13.521755985747822
2024-04-22 18:00:00+05:30,45.0,157.7,25.0,29.8,16.1,153.0,83.0,3.0,1005.3,100,13.0827,80.275,1.4735936966128893
2024-04-22 19:00:00+05:30,0.0,0.0,0.0,29.0,15.2,158.0,88.0,3.0,1006.2,100,13.0827,80.275,0.0
2024-04-22 20:00:00+05:30,0.0,0.0,0.0,28.7,13.6,158.0,90.0,2.0,1007.1,100,13.0827,80.275,0.0
2024-04-22 21:00:00+05:30,0.0,0.0,0.0,28.3,13.2,154.0,91.0,1.0,1007.8,100,13.0827,80.275,0.0
2024-04-22 22:00:00+05:30,0.0,0.0,0.0,28.0,12.0,159.0,92.0,1.0,1008.0,100,13.0827,80.275,0.0
2024-04-22 23:00:00+05:30,0.0,0.0,0.0,27.7,10.8,165.0,94.0,1.0,1007.7,100,13.0827,80.275,0.0
2024-04-23 00:00:00+05:30,0.0,0.0,0.0,27.4,8.8,168.0,95.0,3.0,1007.0,100,13.0827,80.275,0.0
2024-04-23 01:00:00+05:30,0.0,0.0,0.0,27.0,6.0,197.0,96.0,7.0,1006.4,100,13.0827,80.275,0.0
2024-04-23 02:00:00+05:30,0.0,0.0,0.0,26.7,7.4,223.0,97.0,52.0,1005.8,100,13.0827,80.275,0.0
2024-04-23 03:00:00+05:30,0.0,0.0,0.0,26.5,8.7,228.0,98.0,100.0,1005.6,100,13.0827,80.275,0.0
2024-04-23 04:00:00+05:30,0.0,0.0,0.0,26.4,9.4,230.0,99.0,100.0,1005.8,100,13.0827,80.275,0.0
2024-04-23 05:00:00+05:30,0.0,0.0,0.0,26.3,9.7,219.0,99.0,100.0,1006.3,100,13.0827,80.275,0.0
2024-04-23 06:00:00+05:30,16.0,31.0,13.0,27.6,10.7,220.0,92.0,92.0,1006.4,100,13.0827,80.275,0.5667693598664617
2024-04-23 07:00:00+05:30,159.0,301.3,79.0,28.9,11.8,211.0,83.0,26.0,1007.3,100,13.0827,80.275,9.001141688436604
2024-04-23 08:00:00+05:30,389.0,511.0,135.0,30.7,11.4,198.0,71.0,20.0,1008.0,100,13.0827,80.275,27.230082372843963
2024-04-23 09:00:00+05:30,621.0,669.0,154.0,32.6,12.4,172.0,60.0,29.0,1008.2,100,13.0827,80.275,48.20198301079599
2024-04-23 10:00:00+05:30,810.0,761.6,159.0,34.1,15.5,155.0,53.0,0.0,1007.9,100,13.0827,80.275,63.825426965541695
2024-04-23 11:00:00+05:30,939.0,822.6,152.0,34.7,17.6,145.0,52.0,75.0,1007.2,100,13.0827,80.275,73.55986746953081
2024-04-23 12:00:00+05:30,981.0,822.6,161.0,34.6,19.7,142.0,51.0,99.0,1006.5,100,13.0827,80.275,75.43098884207352
2024-04-23 13:00:00+05:30,962.0,832.0,153.0,34.5,20.8,143.0,49.0,99.0,1005.4,100,13.0827,80.275,72.5821331206167
2024-04-23 14:00:00+05:30,861.0,806.8,147.0,33.7,21.3,143.0,55.0,96.0,1004.4,100,13.0827,80.275,66.03923941108482
2024-04-23 15:00:00+05:30,695.0,758.7,133.0,33.0,21.4,144.0,58.0,98.0,1003.9,100,13.0827,80.275,52.19435843985665
2024-04-23 16:00:00+05:30,478.0,658.8,116.0,32.1,20.4,148.0,63.0,97.0,1003.7,100,13.0827,80.275,33.34612322163236
2024-04-23 17:00:00+05:30,241.0,481.3,85.0,30.7,18.3,148.0,70.0,80.0,1003.9,100,13.0827,80.275,13.622709390091744
2024-04-23 18:00:00+05:30,45.0,157.5,25.0,30.1,14.6,130.0,68.0,0.0,1004.6,100,13.0827,80.275,1.4169622954564276
2024-04-23 19:00:00+05:30,0.0,0.0,0.0,29.6,14.0,136.0,71.0,0.0,1005.5,100,13.0827,80.275,0.0
2024-04-23 20:00:00+05:30,0.0,0.0,0.0,29.3,14.3,139.0,75.0,0.0,1006.3,100,13.0827,80.275,0.0
2024-04-23 21:00:00+05:30,0.0,0.0,0.0,29.1,13.5,151.0,77.0,0.0,1006.8,100,13.0827,80.275,0.0
2024-04-23 22:00:00+05:30,0.0,0.0,0.0,28.7,13.2,154.0,80.0,81.0,1007.0,100,13.0827,80.275,0.0
2024-04-23 23:00:00+05:30,0.0,0.0,0.0,28.3,11.5,160.0,83.0,45.0,1006.5,100,13.0827,80.275,0.0
2024-04-24 00:00:00+05:30,0.0,0.0,0.0,27.7,9.4,173.0,86.0,65.0,1005.7,100,13.0827,80.275,0.0
2024-04-24 01:00:00+05:30,0.0,0.0,0.0,26.9,7.7,217.0,92.0,65.0,1005.3,100,13.0827,80.275,0.0
2024-04-24 02:00:00+05:30,0.0,0.0,0.0,26.4,9.4,227.0,95.0,83.0,1004.9,100,13.0827,80.275,0.0
2024-04-24 03:00:00+05:30,0.0,0.0,0.0,26.1,9.9,224.0,95.0,80.0,1004.7,100,13.0827,80.275,0.0
2024-04-24 04:00:00+05:30,0.0,0.0,0.0,26.0,9.7,222.0,96.0,76.0,1005.1,100,13.0827,80.275,0.0
2024-04-24 05:00:00+05:30,0.0,0.0,0.0,25.8,10.0,221.0,97.0,89.0,1005.6,100,13.0827,80.275,0.0
2024-04-24 06:00:00+05:30,19.0,51.3,14.0,27.0,8.3,252.0,92.0,86.0,1006.1,100,13.0827,80.275,0.6316566578729126
2024-04-24 07:00:00+05:30,165.0,306.9,83.0,29.1,11.5,224.0,82.0,94.0,1007.1,100,13.0827,80.275,9.146119139868992
2024-04-24 08:00:00+05:30,400.0,549.8,126.0,31.3,11.8,207.0,69.0,97.0,1007.7,100,13.0827,80.275,27.32589306193502
2024-04-24 09:00:00+05:30,635.0,715.3,135.0,33.5,12.0,189.0,59.0,99.0,1007.6,100,13.0827,80.275,47.965835965370054
2024-04-24 10:00:00+05:30,817.0,780.9,149.0,35.3,12.7,165.0,52.0,100.0,1007.3,100,13.0827,80.275,60.71030189081598
2024-04-24 11:00:00+05:30,938.0,824.5,149.0,35.6,16.5,144.0,55.0,100.0,1006.8,100,13.0827,80.275,71.20285589535028
2024-04-24 12:00:00+05:30,951.0,788.5,165.0,35.0,20.7,140.0,57.0,100.0,1006.0,100,13.0827,80.275,73.19725477163024
2024-04-24 13:00:00+05:30,920.0,752.9,188.0,35.0,22.2,144.0,51.0,99.0,1005.1,100,13.0827,80.275,69.84122424789425
2024-04-24 14:00:00+05:30,840.0,775.3,154.0,34.7,20.9,148.0,54.0,100.0,1004.2,100,13.0827,80.275,63.88362019682388
2024-04-24 15:00:00+05:30,689.0,746.7,136.0,33.9,20.6,151.0,60.0,100.0,1003.5,100,13.0827,80.275,51.53080850561118
2024-04-24 16:00:00+05:30,478.0,660.6,115.0,32.8,20.1,151.0,67.0,92.0,1003.2,100,13.0827,80.275,33.98130672800253
2024-04-24 17:00:00+05:30,241.0,484.0,84.0,31.4,17.9,155.0,73.0,13.0,1003.5,100,13.0827,80.275,13.180334043236085
2024-04-24 18:00:00+05:30,45.0,149.5,26.0,30.0,18.3,148.0,84.0,11.0,1003.8,100,13.0827,80.275,1.5818789019320325
2024-04-24 19:00:00+05:30,0.0,0.0,0.0,29.6,16.4,151.0,86.0,7.0,1004.9,100,13.0827,80.275,0.0
2024-04-24 20:00:00+05:30,0.0,0.0,0.0,29.4,16.2,148.0,88.0,21.0,1005.9,100,13.0827,80.275,0.0
2024-04-24 21:00:00+05:30,0.0,0.0,0.0,29.0,15.0,153.0,89.0,0.0,1006.7,100,13.0827,80.275,0.0
2024-04-24 22:00:00+05:30,0.0,0.0,0.0,28.7,14.4,158.0,90.0,0.0,1007.2,100,13.0827,80.275,0.0
2024-04-24 23:00:00+05:30,0.0,0.0,0.0,28.4,14.3,162.0,91.0,31.0,1006.7,100,13.0827,80.275,0.0
2024-04-25 00:00:00+05:30,0.0,0.0,0.0,28.1,13.4,172.0,92.0,23.0,1005.9,100,13.0827,80.275,0.0
2024-04-25 01:00:00+05:30,0.0,0.0,0.0,27.7,11.3,187.0,94.0,81.0,1005.4,100,13.0827,80.275,0.0
2024-04-25 02:00:00+05:30,0.0,0.0,0.0,27.3,10.1,207.0,95.0,70.0,1005.2,100,13.0827,80.275,0.0
2024-04-25 03:00:00+05:30,0.0,0.0,0.0,27.1,11.1,216.0,96.0,89.0,1005.1,100,13.0827,80.275,0.0
2024-04-25 04:00:00+05:30,0.0,0.0,0.0,27.1,10.5,211.0,97.0,57.0,1005.4,100,13.0827,80.275,0.0
2024-04-25 05:00:00+05:30,0.0,0.0,0.0,27.0,10.0,206.0,97.0,53.0,1005.8,100,13.0827,80.275,0.0
2024-04-25 06:00:00+05:30,13.0,30.5,10.0,28.3,5.6,207.0,93.0,23.0,1006.1,100,13.0827,80.275,0.32015432022469004
2024-04-25 07:00:00+05:30,126.0,167.4,81.0,29.9,9.4,180.0,81.0,27.0,1006.8,100,13.0827,80.275,8.11760641370124
2024-04-25 08:00:00+05:30,381.0,490.4,136.0,31.8,11.2,165.0,70.0,26.0,1007.4,100,13.0827,80.275,26.76222416225896
2024-04-25 09:00:00+05:30,610.0,644.4,159.0,33.2,13.4,153.0,64.0,28.0,1007.6,100,13.0827,80.275,46.54695351850504
2024-04-25 10:00:00+05:30,792.0,723.2,173.0,34.0,15.6,146.0,62.0,14.0,1007.4,100,13.0827,80.275,61.423593456218036
2024-04-25 11:00:00+05:30,922.0,797.1,159.0,34.5,19.7,145.0,59.0,25.0,1006.7,100,13.0827,80.275,72.97717468620154
2024-04-25 12:00:00+05:30,977.0,822.6,157.0,34.8,21.1,147.0,56.0,37.0,1006.0,100,13.0827,80.275,77.41614035392682
2024-04-25 13:00:00+05:30,936.0,802.4,156.0,34.5,22.4,147.0,56.0,50.0,1005.3,100,13.0827,80.275,74.11653741328654
2024-04-25 14:00:00+05:30,851.0,799.2,144.0,34.2,22.8,149.0,55.0,28.0,1004.5,100,13.0827,80.275,66.48035301359124
2024-04-25 15:00:00+05:30,683.0,741.4,134.0,33.6,22.6,151.0,56.0,55.0,1004.0,100,13.0827,80.275,52.31313547663881
2024-04-25 16:00:00+05:30,471.0,646.1,116.0,32.5,21.1,153.0,60.0,87.0,1003.8,100,13.0827,80.275,32.54235236458623
2024-04-25 17:00:00+05:30,236.0,462.1,86.0,31.3,19.5,155.0,69.0,86.0,1004.2,100,13.0827,80.275,13.1809098810473
2024-04-25 18:00:00+05:30,44.0,141.4,26.0,29.9,15.8,156.0,77.0,0.0,1005.1,100,13.0827,80.275,1.5672489308826785
2024-04-25 19:00:00+05:30,0.0,0.0,0.0,29.5,14.9,160.0,80.0,0.0,1005.9,100,13.0827,80.275,0.0
2024-04-25 20:00:00+05:30,0.0,0.0,0.0,29.2,13.9,170.0,81.0,10.0,1006.4,100,13.0827,80.275,0.0
2024-04-25 21:00:00+05:30,0.0,0.0,0.0,28.9,14.1,176.0,82.0,57.0,1006.9,100,13.0827,80.275,0.0
2024-04-25 22:00:00+05:30,0.0,0.0,0.0,28.5,10.9,188.0,85.0,85.0,1007.2,100,13.0827,80.275,0.0
2024-04-25 23:00:00+05:30,0.0,0.0,0.0,27.7,6.6,202.0,90.0,21.0,1006.7,100,13.0827,80.275,0.0
2024-04-26 00:00:00+05:30,0.0,0.0,0.0,27.2,7.9,204.0,93.0,18.0,1005.9,100,13.0827,80.275,0.0
2024-04-26 01:00:00+05:30,0.0,0.0,0.0,26.8,9.4,212.0,95.0,21.0,1005.4,100,13.0827,80.275,0.0
2024-04-26 02:00:00+05:30,0.0,0.0,0.0,26.6,10.1,215.0,96.0,66.0,1004.9,100,13.0827,80.275,0.0
2024-04-26 03:00:00+05:30,0.0,0.0,0.0,26.5,9.6,214.0,97.0,71.0,1004.8,100,13.0827,80.275,0.0
2024-04-26 04:00:00+05:30,0.0,0.0,0.0,26.7,9.2,211.0,96.0,83.0,1005.1,100,13.0827,80.275,0.0
2024-04-26 05:00:00+05:30,0.0,0.0,0.0,26.7,9.6,214.0,96.0,99.0,1005.8,100,13.0827,80.275,0.0
2024-04-26 06:00:00+05:30,15.0,30.2,12.0,28.5,7.6,211.0,91.0,72.0,1006.0,100,13.0827,80.275,0.49131036647093457
2024-04-26 07:00:00+05:30,167.0,299.5,86.0,29.8,8.2,195.0,83.0,18.0,1007.0,100,13.0827,80.275,9.240344324305127
2024-04-26 08:00:00+05:30,398.0,537.1,129.0,31.6,9.2,169.0,72.0,21.0,1007.7,100,13.0827,80.275,27.533608382595542
2024-04-26 09:00:00+05:30,612.0,632.2,169.0,33.2,12.4,150.0,65.0,53.0,1007.6,100,13.0827,80.275,45.83184574761147
2024-04-26 10:00:00+05:30,808.0,762.5,155.0,34.0,17.4,146.0,62.0,64.0,1007.2,100,13.0827,80.275,61.548858171953434
2024-04-26 11:00:00+05:30,929.0,808.4,155.0,34.3,20.8,146.0,59.0,23.0,1006.9,100,13.0827,80.275,74.22014349679702
2024-04-26 12:00:00+05:30,971.0,801.5,172.0,34.6,22.0,148.0,55.0,29.0,1006.3,100,13.0827,80.275,76.52877936057146
2024-04-26 13:00:00+05:30,950.0,819.0,154.0,34.5,22.4,150.0,56.0,21.0,1005.4,100,13.0827,80.275,72.65967833199035
2024-04-26 14:00:00+05:30,850.0,794.8,147.0,34.2,22.9,152.0,56.0,77.0,1004.6,100,13.0827,80.275,65.35852230988199
2024-04-26 15:00:00+05:30,683.0,736.1,138.0,33.6,23.5,155.0,58.0,100.0,1003.8,100,13.0827,80.275,52.03366081340605
2024-04-26 16:00:00+05:30,471.0,636.9,121.0,32.7,22.3,157.0,56.0,99.0,1003.4,100,13.0827,80.275,32.81499969511863
2024-04-26 17:00:00+05:30,238.0,461.7,88.0,31.4,20.4,166.0,68.0,89.0,1003.8,100,13.0827,80.275,13.324199395881767
2024-04-26 18:00:00+05:30,44.0,141.2,26.0,30.6,17.0,144.0,79.0,82.0,1004.5,100,13.0827,80.275,1.485619701587967
2024-04-26 19:00:00+05:30,0.0,0.0,0.0,30.1,16.6,146.0,80.0,7.0,1005.5,100,13.0827,80.275,0.0
2024-04-26 20:00:00+05:30,0.0,0.0,0.0,29.8,16.1,151.0,81.0,0.0,1006.3,100,13.0827,80.275,0.0
2024-04-26 21:00:00+05:30,0.0,0.0,0.0,29.4,15.5,152.0,83.0,0.0,1006.8,100,13.0827,80.275,0.0
2024-04-26 22:00:00+05:30,0.0,0.0,0.0,29.0,14.3,155.0,86.0,0.0,1007.0,100,13.0827,80.275,0.0
2024-04-26 23:00:00+05:30,0.0,0.0,0.0,28.5,12.6,160.0,88.0,0.0,1006.7,100,13.0827,80.275,0.0
2024-04-27 00:00:00+05:30,0.0,0.0,0.0,28.1,11.0,161.0,89.0,0.0,1006.1,100,13.0827,80.275,0.0
2024-04-27 01:00:00+05:30,0.0,0.0,0.0,27.6,9.2,169.0,91.0,0.0,1005.4,100,13.0827,80.275,0.0
2024-04-27 02:00:00+05:30,0.0,0.0,0.0,27.1,7.5,197.0,94.0,5.0,1005.0,100,13.0827,80.275,0.0
2024-04-27 03:00:00+05:30,0.0,0.0,0.0,26.6,8.9,212.0,95.0,20.0,1004.7,100,13.0827,80.275,0.0
2024-04-27 04:00:00+05:30,0.0,0.0,0.0,26.2,8.2,221.0,97.0,32.0,1005.1,100,13.0827,80.275,0.0
2024-04-27 05:00:00+05:30,0.0,0.0,0.0,26.0,7.0,235.0,97.0,94.0,1005.9,100,13.0827,80.275,0.0
2024-04-27 06:00:00+05:30,21.0,60.0,15.0,26.9,7.1,255.0,94.0,86.0,1006.3,100,13.0827,80.275,0.715552113061851
2024-04-27 07:00:00+05:30,181.0,367.7,81.0,29.0,7.7,221.0,83.0,69.0,1007.4,100,13.0827,80.275,9.383527732632325
2024-04-27 08:00:00+05:30,397.0,533.9,129.0,31.1,9.9,190.0,71.0,27.0,1007.9,100,13.0827,80.275,27.298621006043067
2024-04-27 09:00:00+05:30,629.0,685.7,148.0,33.0,10.0,165.0,62.0,5.0,1007.8,100,13.0827,80.275,47.18120309694545
2024-04-27 10:00:00+05:30,814.0,770.2,154.0,34.3,12.9,144.0,57.0,13.0,1007.4,100,13.0827,80.275,62.56256576131536
2024-04-27 11:00:00+05:30,936.0,817.7,153.0,34.6,16.8,137.0,56.0,6.0,1007.0,100,13.0827,80.275,73.55193579940389
2024-04-27 12:00:00+05:30,982.0,828.7,156.0,34.7,19.4,137.0,51.0,36.0,1006.5,100,13.0827,80.275,75.20184841519817
2024-04-27 13:00:00+05:30,952.0,820.2,155.0,34.4,20.2,140.0,53.0,80.0,1005.4,100,13.0827,80.275,73.8724526834178
2024-04-27 14:00:00+05:30,852.0,796.2,148.0,33.9,21.8,146.0,55.0,7.0,1004.7,100,13.0827,80.275,65.10939143683456
2024-04-27 15:00:00+05:30,686.0,743.0,136.0,33.0,22.8,149.0,62.0,0.0,1004.2,100,13.0827,80.275,54.15336482905653
2024-04-27 16:00:00+05:30,470.0,644.2,116.0,32.3,21.7,153.0,61.0,0.0,1003.8,100,13.0827,80.275,33.786218545987346
2024-04-27 17:00:00+05:30,237.0,464.4,86.0,31.1,20.5,158.0,69.0,0.0,1004.0,100,13.0827,80.275,13.26879196909985
2024-04-27 18:00:00+05:30,45.0,148.9,26.0,30.0,16.2,148.0,75.0,0.0,1004.6,100,13.0827,80.275,1.5595865578421313
2024-04-27 19:00:00+05:30,0.0,0.0,0.0,29.6,15.1,152.0,77.0,0.0,1005.7,100,13.0827,80.275,0.0
2024-04-27 20:00:00+05:30,0.0,0.0,0.0,29.2,14.0,157.0,79.0,0.0,1006.4,100,13.0827,80.275,0.0
2024-04-27 21:00:00+05:30,0.0,0.0,0.0,28.8,12.2,161.0,83.0,18.0,1007.1,100,13.0827,80.275,0.0
2024-04-27 22:00:00+05:30,0.0,0.0,0.0,28.3,9.4,162.0,87.0,1.0,1007.5,100,13.0827,80.275,0.0
2024-04-27 23:00:00+05:30,0.0,0.0,0.0,27.8,9.3,164.0,90.0,0.0,1007.3,100,13.0827,80.275,0.0
2024-04-28 00:00:00+05:30,0.0,0.0,0.0,27.5,10.9,172.0,94.0,8.0,1006.8,100,13.0827,80.275,0.0
2024-04-28 01:00:00+05:30,0.0,0.0,0.0,27.3,10.8,182.0,94.0,15.0,1006.3,100,13.0827,80.275,0.0
2024-04-28 02:00:00+05:30,0.0,0.0,0.0,27.0,10.3,205.0,95.0,39.0,1005.9,100,13.0827,80.275,0.0
2024-04-28 03:00:00+05:30,0.0,0.0,0.0,26.7,11.3,217.0,96.0,27.0,1005.9,100,13.0827,80.275,0.0
2024-04-28 04:00:00+05:30,0.0,0.0,0.0,26.5,10.2,222.0,97.0,70.0,1006.0,100,13.0827,80.275,0.0
2024-04-28 05:00:00+05:30,0.0,0.0,0.0,26.8,11.0,218.0,95.0,44.0,1006.4,100,13.0827,80.275,0.0
2024-04-28 06:00:00+05:30,20.0,49.6,15.0,26.8,9.7,243.0,93.0,20.0,1006.5,100,13.0827,80.275,0.7354487255812692
2024-04-28 07:00:00+05:30,178.0,343.8,84.0,29.0,9.3,234.0,82.0,0.0,1007.2,100,13.0827,80.275,9.461538989693727
2024-04-28 08:00:00+05:30,397.0,526.7,132.0,31.2,10.9,207.0,70.0,90.0,1007.6,100,13.0827,80.275,27.117517543490717
2024-04-28 09:00:00+05:30,616.0,638.0,168.0,33.3,10.8,178.0,60.0,94.0,1007.7,100,13.0827,80.275,45.65227226054259
2024-04-28 10:00:00+05:30,803.0,741.9,167.0,34.9,13.4,160.0,54.0,90.0,1007.1,100,13.0827,80.275,60.23097500985358
2024-04-28 11:00:00+05:30,929.0,807.1,156.0,35.6,17.7,151.0,54.0,89.0,1006.7,100,13.0827,80.275,69.14847561408173
2024-04-28 12:00:00+05:30,974.0,817.7,159.0,35.5,21.1,147.0,57.0,99.0,1006.0,100,13.0827,80.275,75.04308220768226
2024-04-28 13:00:00+05:30,944.0,810.0,157.0,35.1,23.4,146.0,57.0,57.0,1005.1,100,13.0827,80.275,72.28177805478526
2024-04-28 14:00:00+05:30,843.0,785.0,149.0,34.7,24.0,147.0,57.0,28.0,1004.4,100,13.0827,80.275,65.22670710858105
2024-04-28 15:00:00+05:30,672.0,721.5,138.0,34.0,23.9,146.0,61.0,90.0,1003.8,100,13.0827,80.275,49.61962655053777
2024-04-28 16:00:00+05:30,467.0,636.9,117.0,33.0,23.8,153.0,66.0,100.0,1003.6,100,13.0827,80.275,31.874471267643347
2024-04-28 17:00:00+05:30,236.0,461.0,86.0,31.8,22.1,154.0,71.0,100.0,1004.0,100,13.0827,80.275,12.700003621786276
2024-04-28 18:00:00+05:30,45.0,148.7,26.0,30.2,17.4,153.0,78.0,21.0,1004.9,100,13.0827,80.275,1.5263912094775496
2024-04-28 19:00:00+05:30,0.0,0.0,0.0,30.0,17.9,155.0,79.0,35.0,1006.1,100,13.0827,80.275,0.0
2024-04-28 20:00:00+05:30,0.0,0.0,0.0,29.7,16.1,160.0,83.0,1.0,1007.1,100,13.0827,80.275,0.0
2024-04-28 21:00:00+05:30,0.0,0.0,0.0,29.5,15.6,161.0,85.0,0.0,1007.8,100,13.0827,80.275,0.0
2024-04-28 22:00:00+05:30,0.0,0.0,0.0,29.3,14.9,165.0,87.0,0.0,1008.0,100,13.0827,80.275,0.0
2024-04-28 23:00:00+05:30,0.0,0.0,0.0,28.9,14.3,168.0,89.0,0.0,1007.9,100,13.0827,80.275,0.0
2024-04-29 00:00:00+05:30,0.0,0.0,0.0,28.6,13.1,171.0,91.0,0.0,1007.3,100,13.0827,80.275,0.0
2024-04-29 01:00:00+05:30,0.0,0.0,0.0,28.3,11.9,177.0,92.0,4.0,1006.9,100,13.0827,80.275,0.0
2024-04-29 02:00:00+05:30,0.0,0.0,0.0,27.9,11.4,191.0,95.0,11.0,1006.6,100,13.0827,80.275,0.0
2024-04-29 03:00:00+05:30,0.0,0.0,0.0,27.6,11.6,210.0,95.0,26.0,1006.7,100,13.0827,80.275,0.0
2024-04-29 04:00:00+05:30,0.0,0.0,0.0,27.9,12.2,208.0,94.0,40.0,1007.2,100,13.0827,80.275,0.0
2024-04-29 05:00:00+05:30,0.0,0.0,0.0,27.9,12.0,213.0,94.0,45.0,1007.7,100,13.0827,80.275,0.0
2024-04-29 06:00:00+05:30,18.0,39.3,14.0,28.7,10.3,216.0,92.0,20.0,1008.4,100,13.0827,80.275,0.6668703639892838
2024-04-29 07:00:00+05:30,156.0,225.5,94.0,30.3,11.8,203.0,83.0,28.0,1009.3,100,13.0827,80.275,9.104374099221648
2024-04-29 08:00:00+05:30,387.0,478.0,146.0,32.3,12.1,190.0,71.0,19.0,1009.5,100,13.0827,80.275,26.51992328734015
2024-04-29 09:00:00+05:30,594.0,594.6,176.0,34.2,11.9,177.0,60.0,30.0,1009.7,100,13.0827,80.275,44.358197837570565
2024-04-29 10:00:00+05:30,796.0,729.9,170.0,35.5,12.9,157.0,56.0,9.0,1009.2,100,13.0827,80.275,59.479663838863054
2024-04-29 11:00:00+05:30,921.0,790.3,164.0,35.5,17.1,138.0,60.0,53.0,1008.3,100,13.0827,80.275,71.26001060065302
2024-04-29 12:00:00+05:30,971.0,813.8,160.0,35.0,21.9,135.0,62.0,62.0,1007.6,100,13.0827,80.275,76.71726836797426
2024-04-29 13:00:00+05:30,948.0,815.4,156.0,35.0,22.8,142.0,58.0,68.0,1006.4,100,13.0827,80.275,71.44029784663566
2024-04-29 14:00:00+05:30,806.0,718.5,171.0,34.4,23.4,146.0,61.0,75.0,1005.5,100,13.0827,80.275,60.62054876193139
2024-04-29 15:00:00+05:30,683.0,739.3,136.0,33.8,22.5,148.0,62.0,65.0,1004.6,100,13.0827,80.275,50.511842009888014
2024-04-29 16:00:00+05:30,470.0,638.7,119.0,32.8,21.4,155.0,68.0,52.0,1004.3,100,13.0827,80.275,32.766312281759966
2024-04-29 17:00:00+05:30,238.0,463.6,87.0,31.5,20.9,156.0,75.0,89.0,1004.5,100,13.0827,80.275,12.466735592489892
2024-04-29 18:00:00+05:30,45.0,148.5,26.0,30.3,15.3,150.0,77.0,100.0,1005.1,100,13.0827,80.275,1.4721603133060694
2024-04-29 19:00:00+05:30,0.0,0.0,0.0,29.8,16.5,148.0,84.0,97.0,1006.1,100,13.0827,80.275,0.0
2024-04-29 20:00:00+05:30,0.0,0.0,0.0,29.6,15.7,148.0,86.0,94.0,1007.2,100,13.0827,80.275,0.0
2024-04-29 21:00:00+05:30,0.0,0.0,0.0,29.4,16.9,146.0,88.0,89.0,1007.9,100,13.0827,80.275,0.0
2024-04-29 22:00:00+05:30,0.0,0.0,0.0,29.2,15.3,150.0,90.0,95.0,1008.2,100,13.0827,80.275,0.0
2024-04-29 23:00:00+05:30,0.0,0.0,0.0,29.0,14.5,157.0,90.0,100.0,1007.7,100,13.0827,80.275,0.0
2024-04-30 00:00:00+05:30,0.0,0.0,0.0,28.7,13.1,164.0,91.0,96.0,1006.8,100,13.0827,80.275,0.0
2024-04-30 01:00:00+05:30,0.0,0.0,0.0,28.4,12.0,173.0,93.0,91.0,1006.0,100,13.0827,80.275,0.0
2024-04-30 02:00:00+05:30,0.0,0.0,0.0,28.3,12.4,188.0,93.0,34.0,1005.7,100,13.0827,80.275,0.0
2024-04-30 03:00:00+05:30,0.0,0.0,0.0,28.0,11.1,205.0,94.0,26.0,1005.7,100,13.0827,80.275,0.0
2024-04-30 04:00:00+05:30,0.0,0.0,0.0,28.0,10.5,218.0,95.0,53.0,1006.4,100,13.0827,80.275,0.0
2024-04-30 05:00:00+05:30,0.0,0.0,0.0,28.0,11.8,220.0,95.0,24.0,1007.0,100,13.0827,80.275,0.0
2024-04-30 06:00:00+05:30,21.0,58.6,15.0,28.8,11.3,211.0,90.0,1.0,1007.3,100,13.0827,80.275,0.7155247918369011
2024-04-30 07:00:00+05:30,176.0,329.4,85.0,30.5,12.2,204.0,81.0,7.0,1007.5,100,13.0827,80.275,9.51429392465765
2024-04-30 08:00:00+05:30,395.0,530.5,127.0,32.5,13.9,190.0,67.0,17.0,1008.0,100,13.0827,80.275,26.22333718384213
2024-04-30 09:00:00+05:30,613.0,646.7,158.0,34.3,14.0,181.0,59.0,55.0,1007.6,100,13.0827,80.275,43.353529210853154
2024-04-30 10:00:00+05:30,803.0,748.3,161.0,35.5,14.6,164.0,55.0,93.0,1007.4,100,13.0827,80.275,58.14644372545027
2024-04-30 11:00:00+05:30,925.0,797.6,161.0,35.7,19.4,149.0,59.0,98.0,1007.0,100,13.0827,80.275,70.07567897972724
2024-04-30 12:00:00+05:30,944.0,778.8,168.0,35.3,24.3,151.0,60.0,100.0,1006.3,100,13.0827,80.275,72.18987647381597
2024-04-30 13:00:00+05:30,929.0,780.6,171.0,34.8,27.2,154.0,61.0,99.0,1005.0,100,13.0827,80.275,73.13943476032718
2024-04-30 14:00:00+05:30,842.0,778.7,154.0,34.6,27.6,156.0,62.0,100.0,1003.9,100,13.0827,80.275,64.77845561816264
2024-04-30 15:00:00+05:30,678.0,724.5,142.0,34.0,27.1,158.0,64.0,100.0,1003.1,100,13.0827,80.275,49.3649534282159
2024-04-30 16:00:00+05:30,468.0,635.0,119.0,33.0,25.7,160.0,68.0,99.0,1002.6,100,13.0827,80.275,32.41911128204007
2024-04-30 17:00:00+05:30,236.0,457.1,87.0,31.8,23.9,162.0,74.0,100.0,1002.6,100,13.0827,80.275,12.31638810781132
2024-04-30 18:00:00+05:30,45.0,140.4,27.0,31.4,20.9,151.0,77.0,100.0,1003.8,100,13.0827,80.275,1.599697052917201
2024-04-30 19:00:00+05:30,0.0,0.0,0.0,30.9,21.1,155.0,81.0,98.0,1004.7,100,13.0827,80.275,0.0
2024-04-30 20:00:00+05:30,0.0,0.0,0.0,30.5,21.0,158.0,83.0,97.0,1005.4,100,13.0827,80.275,0.0
2024-04-30 21:00:00+05:30,0.0,0.0,0.0,30.1,20.6,164.0,86.0,99.0,1005.8,100,13.0827,80.275,0.0
2024-04-30 22:00:00+05:30,0.0,0.0,0.0,29.8,19.7,172.0,88.0,94.0,1006.0,100,13.0827,80.275,0.0
2024-04-30 23:00:00+05:30,0.0,0.0,0.0,29.5,20.2,178.0,90.0,95.0,1005.7,100,13.0827,80.275,0.0
2024-05-01 00:00:00+05:30,0.0,0.0,0.0,29.2,19.6,187.0,92.0,92.0,1005.3,100,13.0827,80.275,0.0
2024-05-01 01:00:00+05:30,0.0,0.0,0.0,29.1,19.6,193.0,90.0,100.0,1004.6,100,13.0827,80.275,0.0
2024-05-01 02:00:00+05:30,0.0,0.0,0.0,29.2,19.4,195.0,88.0,100.0,1004.1,100,13.0827,80.275,0.0
2024-05-01 03:00:00+05:30,0.0,0.0,0.0,29.2,17.3,201.0,85.0,100.0,1003.6,100,13.0827,80.275,0.0
2024-05-01 04:00:00+05:30,0.0,0.0,0.0,29.0,14.0,203.0,86.0,99.0,1003.9,100,13.0827,80.275,0.0
2024-05-01 05:00:00+05:30,0.0,0.0,0.0,28.7,13.2,206.0,87.0,93.0,1004.2,100,13.0827,80.275,0.0
2024-05-01 06:00:00+05:30,22.0,58.2,16.0,30.2,13.7,203.0,83.0,99.0,1004.5,100,13.0827,80.275,0.8123273164794264
2024-05-01 07:00:00+05:30,175.0,327.8,84.0,31.8,15.7,200.0,73.0,99.0,1005.1,100,13.0827,80.275,9.042926870140493
2024-05-01 08:00:00+05:30,412.0,580.9,118.0,33.9,17.4,202.0,62.0,100.0,1005.6,100,13.0827,80.275,27.20150685370523
2024-05-01 09:00:00+05:30,626.0,683.0,145.0,36.1,17.7,200.0,50.0,100.0,1005.1,100,13.0827,80.275,45.315510882380316
2024-05-01 10:00:00+05:30,803.0,752.7,157.0,37.8,15.9,185.0,44.0,100.0,1004.3,100,13.0827,80.275,58.88354357008509
2024-05-01 11:00:00+05:30,920.0,788.2,165.0,37.8,17.4,162.0,48.0,98.0,1003.7,100,13.0827,80.275,67.25515821075983
2024-05-01 12:00:00+05:30,966.0,804.0,165.0,36.8,24.5,152.0,57.0,100.0,1002.7,100,13.0827,80.275,73.42366902503255
2024-05-01 13:00:00+05:30,940.0,800.3,163.0,36.3,28.0,152.0,56.0,96.0,1001.6,100,13.0827,80.275,73.38142775418008
2024-05-01 14:00:00+05:30,837.0,774.4,153.0,35.8,27.2,156.0,57.0,100.0,1000.7,100,13.0827,80.275,62.19807153679632
2024-05-01 15:00:00+05:30,667.0,708.5,143.0,35.4,25.4,153.0,60.0,97.0,1000.0,100,13.0827,80.275,49.075947672322606
2024-05-01 16:00:00+05:30,461.0,614.9,123.0,34.2,24.2,155.0,64.0,100.0,999.9,100,13.0827,80.275,32.10241593586908
2024-05-01 17:00:00+05:30,231.0,426.0,92.0,32.8,22.8,159.0,71.0,100.0,1000.2,100,13.0827,80.275,12.140708570207401
2024-05-01 18:00:00+05:30,44.0,109.1,30.0,31.5,20.8,143.0,80.0,100.0,1000.7,100,13.0827,80.275,1.8589914164973542
2024-05-01 19:00:00+05:30,0.0,0.0,0.0,30.9,18.0,151.0,86.0,100.0,1001.9,100,13.0827,80.275,0.0
2024-05-01 20:00:00+05:30,0.0,0.0,0.0,30.7,18.9,159.0,87.0,100.0,1002.8,100,13.0827,80.275,0.0
2024-05-01 21:00:00+05:30,0.0,0.0,0.0,30.3,18.4,168.0,90.0,100.0,1003.5,100,13.0827,80.275,0.0
2024-05-01 22:00:00+05:30,0.0,0.0,0.0,30.2,20.9,169.0,88.0,100.0,1003.7,100,13.0827,80.275,0.0
2024-05-01 23:00:00+05:30,0.0,0.0,0.0,30.1,21.7,174.0,87.0,100.0,1003.3,100,13.0827,80.275,0.0
2024-05-02 00:00:00+05:30,0.0,0.0,0.0,29.9,23.1,177.0,88.0,98.0,1002.9,100,13.0827,80.275,0.0
2024-05-02 01:00:00+05:30,0.0,0.0,0.0,29.8,24.9,182.0,90.0,93.0,1002.6,100,13.0827,80.275,0.0
2024-05-02 02:00:00+05:30,0.0,0.0,0.0,30.0,22.9,193.0,87.0,97.0,1002.5,100,13.0827,80.275,0.0
2024-05-02 03:00:00+05:30,0.0,0.0,0.0,29.8,22.3,194.0,86.0,100.0,1002.6,100,13.0827,80.275,0.0
2024-05-02 04:00:00+05:30,0.0,0.0,0.0,29.9,21.3,199.0,84.0,100.0,1003.4,100,13.0827,80.275,0.0
2024-05-02 05:00:00+05:30,0.0,0.0,0.0,29.9,20.8,206.0,81.0,99.0,1003.9,100,13.0827,80.275,0.0
2024-05-02 06:00:00+05:30,22.0,38.5,18.0,31.2,20.7,200.0,79.0,5.0,1003.9,100,13.0827,80.275,1.0086186222812605
2024-05-02 07:00:00+05:30,176.0,340.6,81.0,32.7,23.1,194.0,72.0,15.0,1004.5,100,13.0827,80.275,9.131748450993673
2024-05-02 08:00:00+05:30,407.0,569.9,118.0,34.5,23.1,195.0,63.0,39.0,1004.8,100,13.0827,80.275,26.855410144181135
2024-05-02 09:00:00+05:30,620.0,679.7,141.0,36.6,23.1,194.0,53.0,65.0,1004.8,100,13.0827,80.275,44.45239533565478
2024-05-02 10:00:00+05:30,792.0,744.3,153.0,38.3,21.3,191.0,46.0,88.0,1004.5,100,13.0827,80.275,57.523099228935244
2024-05-02 11:00:00+05:30,905.0,775.7,162.0,38.2,22.7,169.0,51.0,72.0,1003.7,100,13.0827,80.275,67.76920960530214
2024-05-02 12:00:00+05:30,948.0,782.1,169.0,37.0,28.6,159.0,58.0,98.0,1003.0,100,13.0827,80.275,73.68278337024948
2024-05-02 13:00:00+05:30,918.0,769.7,171.0,36.2,32.6,157.0,59.0,100.0,1001.9,100,13.0827,80.275,70.75924650405044
2024-05-02 14:00:00+05:30,819.0,747.4,159.0,35.6,32.8,159.0,60.0,100.0,1001.1,100,13.0827,80.275,62.681873860201705
2024-05-02 15:00:00+05:30,640.0,643.7,164.0,35.2,30.4,159.0,63.0,100.0,1000.4,100,13.0827,80.275,46.45803227946073
2024-05-02 16:00:00+05:30,455.0,600.3,125.0,33.8,28.5,162.0,68.0,100.0,1000.5,100,13.0827,80.275,30.761950718984735
2024-05-02 17:00:00+05:30,222.0,385.8,96.0,32.7,26.7,164.0,75.0,100.0,1001.0,100,13.0827,80.275,11.96881007000708
2024-05-02 18:00:00+05:30,43.0,108.9,29.0,31.3,21.7,174.0,82.0,94.0,1002.8,100,13.0827,80.275,1.8154393664427853
2024-05-02 19:00:00+05:30,0.0,0.0,0.0,31.3,15.1,181.0,76.0,80.0,1003.8,100,13.0827,80.275,0.0
2024-05-02 20:00:00+05:30,0.0,0.0,0.0,31.3,12.3,185.0,71.0,100.0,1004.5,100,13.0827,80.275,0.0
2024-05-02 21:00:00+05:30,0.0,0.0,0.0,31.0,15.2,176.0,68.0,99.0,1005.0,100,13.0827,80.275,0.0
2024-05-02 22:00:00+05:30,0.0,0.0,0.0,30.5,15.8,180.0,66.0,99.0,1005.0,100,13.0827,80.275,0.0
2024-05-02 23:00:00+05:30,0.0,0.0,0.0,30.3,17.7,185.0,63.0,98.0,1004.3,100,13.0827,80.275,0.0
2024-05-03 00:00:00+05:30,0.0,0.0,0.0,30.2,20.4,189.0,60.0,99.0,1003.6,100,13.0827,80.275,0.0
2024-05-03 01:00:00+05:30,0.0,0.0,0.0,29.6,17.2,200.0,65.0,98.0,1003.0,100,13.0827,80.275,0.0
2024-05-03 02:00:00+05:30,0.0,0.0,0.0,28.8,15.9,213.0,75.0,100.0,1002.7,100,13.0827,80.275,0.0
2024-05-03 03:00:00+05:30,0.0,0.0,0.0,28.6,18.0,206.0,75.0,100.0,1002.6,100,13.0827,80.275,0.0
2024-05-03 04:00:00+05:30,0.0,0.0,0.0,28.5,17.4,207.0,69.0,100.0,1003.3,100,13.0827,80.275,0.0
2024-05-03 05:00:00+05:30,0.0,0.0,0.0,28.0,17.4,210.0,74.0,99.0,1004.1,100,13.0827,80.275,0.0
2024-05-03 06:00:00+05:30,22.0,38.3,18.0,29.8,18.7,210.0,85.0,100.0,1004.5,100,13.0827,80.275,0.9835501300942988
2024-05-03 07:00:00+05:30,151.0,196.3,96.0,31.5,21.3,202.0,78.0,100.0,1005.4,100,13.0827,80.275,9.10674663426964
2024-05-03 08:00:00+05:30,357.0,387.8,160.0,33.5,19.6,197.0,69.0,100.0,1006.0,100,13.0827,80.275,24.46179934411835
2024-05-03 09:00:00+05:30,610.0,638.1,160.0,35.8,19.8,190.0,59.0,100.0,1006.0,100,13.0827,80.275,45.25864904107432
2024-05-03 10:00:00+05:30,789.0,727.8,164.0,37.7,19.4,181.0,49.0,100.0,1005.5,100,13.0827,80.275,58.58316463215022
2024-05-03 11:00:00+05:30,904.0,760.0,176.0,38.5,20.7,167.0,48.0,82.0,1004.8,100,13.0827,80.275,68.59930755189595
2024-05-03 12:00:00+05:30,953.0,791.3,165.0,37.4,26.0,156.0,58.0,1.0,1003.9,100,13.0827,80.275,74.82371981552242
2024-05-03 13:00:00+05:30,919.0,780.2,162.0,36.6,27.7,154.0,57.0,45.0,1003.0,100,13.0827,80.275,71.9686785901923
2024-05-03 14:00:00+05:30,771.0,682.0,169.0,35.5,27.4,157.0,61.0,84.0,1002.3,100,13.0827,80.275,58.61306317754791
2024-05-03 15:00:00+05:30,554.0,503.2,182.0,34.3,29.8,155.0,69.0,60.0,1001.5,100,13.0827,80.275,41.771358509039835
2024-05-03 16:00:00+05:30,434.0,533.0,141.0,33.4,27.3,159.0,73.0,75.0,1001.7,100,13.0827,80.275,30.05034642891343
2024-05-03 17:00:00+05:30,221.0,370.1,100.0,32.4,27.0,159.0,79.0,100.0,1002.5,100,13.0827,80.275,12.176586684914826
2024-05-03 18:00:00+05:30,45.0,132.0,28.0,30.6,20.5,156.0,87.0,39.0,1004.0,100,13.0827,80.275,1.7005988128636351
2024-05-03 19:00:00+05:30,0.0,0.0,0.0,30.6,19.4,158.0,87.0,61.0,1005.3,100,13.0827,80.275,0.0
2024-05-03 20:00:00+05:30,0.0,0.0,0.0,30.5,21.4,163.0,85.0,67.0,1006.0,100,13.0827,80.275,0.0
2024-05-03 21:00:00+05:30,0.0,0.0,0.0,30.5,21.2,165.0,84.0,98.0,1006.6,100,13.0827,80.275,0.0
2024-05-03 22:00:00+05:30,0.0,0.0,0.0,30.5,21.2,170.0,83.0,100.0,1006.7,100,13.0827,80.275,0.0
2024-05-03 23:00:00+05:30,0.0,0.0,0.0,30.2,21.6,177.0,85.0,100.0,1006.2,100,13.0827,80.275,0.0
2024-05-04 00:00:00+05:30,0.0,0.0,0.0,29.9,22.0,185.0,86.0,100.0,1005.7,100,13.0827,80.275,0.0
2024-05-04 01:00:00+05:30,0.0,0.0,0.0,29.6,21.1,188.0,88.0,100.0,1004.9,100,13.0827,80.275,0.0
2024-05-04 02:00:00+05:30,0.0,0.0,0.0,29.6,21.8,188.0,86.0,31.0,1004.2,100,13.0827,80.275,0.0
2024-05-04 03:00:00+05:30,0.0,0.0,0.0,29.6,18.8,192.0,85.0,14.0,1004.2,100,13.0827,80.275,0.0
2024-05-04 04:00:00+05:30,0.0,0.0,0.0,29.4,17.7,193.0,85.0,48.0,1004.4,100,13.0827,80.275,0.0
2024-05-04 05:00:00+05:30,0.0,0.0,0.0,29.3,18.2,194.0,79.0,39.0,1004.8,100,13.0827,80.275,0.0
2024-05-04 06:00:00+05:30,23.0,38.0,19.0,31.0,17.1,195.0,80.0,99.0,1006.1,100,13.0827,80.275,1.0715055571748837
2024-05-04 07:00:00+05:30,174.0,302.1,89.0,32.4,19.0,195.0,74.0,20.0,1007.2,100,13.0827,80.275,9.524837134611404
2024-05-04 08:00:00+05:30,391.0,511.1,131.0,34.2,17.5,189.0,65.0,21.0,1007.6,100,13.0827,80.275,25.769908077701984
2024-05-04 09:00:00+05:30,596.0,615.0,162.0,36.0,18.8,185.0,55.0,92.0,1007.6,100,13.0827,80.275,41.86186385589715
2024-05-04 10:00:00+05:30,761.0,649.7,203.0,37.4,19.9,174.0,51.0,100.0,1006.8,100,13.0827,80.275,55.30895619642167
2024-05-04 11:00:00+05:30,875.0,688.1,216.0,36.6,24.0,156.0,62.0,100.0,1006.0,100,13.0827,80.275,66.665566972863
2024-05-04 12:00:00+05:30,927.0,736.2,194.0,36.0,29.6,156.0,62.0,99.0,1004.8,100,13.0827,80.275,70.27686202777008
2024-05-04 13:00:00+05:30,901.0,728.9,194.0,35.6,30.0,156.0,61.0,99.0,1003.6,100,13.0827,80.275,69.1387799459548
2024-05-04 14:00:00+05:30,782.0,692.4,171.0,35.6,28.2,157.0,60.0,87.0,1002.5,100,13.0827,80.275,59.83456055744853
2024-05-04 15:00:00+05:30,630.0,656.1,145.0,35.0,26.4,156.0,63.0,100.0,1001.6,100,13.0827,80.275,46.77426862056593
2024-05-04 16:00:00+05:30,439.0,523.8,151.0,34.1,23.9,164.0,66.0,99.0,1002.0,100,13.0827,80.275,29.576626420514362
2024-05-04 17:00:00+05:30,173.0,146.7,125.0,33.0,20.6,168.0,72.0,100.0,1002.5,100,13.0827,80.275,11.830645042526768
2024-05-04 18:00:00+05:30,40.0,85.3,29.0,31.9,16.8,165.0,78.0,100.0,1004.0,100,13.0827,80.275,1.8139808553232795
2024-05-04 19:00:00+05:30,0.0,0.0,0.0,31.5,18.8,168.0,80.0,100.0,1004.8,100,13.0827,80.275,0.0
2024-05-04 20:00:00+05:30,0.0,0.0,0.0,31.3,19.2,172.0,81.0,78.0,1005.3,100,13.0827,80.275,0.0
2024-05-04 21:00:00+05:30,0.0,0.0,0.0,30.9,20.5,170.0,82.0,93.0,1005.6,100,13.0827,80.275,0.0
2024-05-04 22:00:00+05:30,0.0,0.0,0.0,30.7,23.4,169.0,83.0,23.0,1005.2,100,13.0827,80.275,0.0
2024-05-04 23:00:00+05:30,0.0,0.0,0.0,30.5,20.5,179.0,84.0,0.0,1004.9,100,13.0827,80.275,0.0
2024-05-05 00:00:00+05:30,0.0,0.0,0.0,30.2,18.8,184.0,84.0,0.0,1004.4,100,13.0827,80.275,0.0
2024-05-05 01:00:00+05:30,0.0,0.0,0.0,30.0,20.2,184.0,85.0,0.0,1003.3,100,13.0827,80.275,0.0
2024-05-05 02:00:00+05:30,0.0,0.0,0.0,30.0,22.6,189.0,83.0,5.0,1003.0,100,13.0827,80.275,0.0
2024-05-05 03:00:00+05:30,0.0,0.0,0.0,29.7,22.8,192.0,85.0,13.0,1003.0,100,13.0827,80.275,0.0
2024-05-05 04:00:00+05:30,0.0,0.0,0.0,29.7,20.4,197.0,82.0,4.0,1003.5,100,13.0827,80.275,0.0
2024-05-05 05:00:00+05:30,0.0,0.0,0.0,29.5,19.9,200.0,79.0,5.0,1004.1,100,13.0827,80.275,0.0
2024-05-05 06:00:00+05:30,23.0,56.7,17.0,30.8,18.4,197.0,79.0,86.0,1004.4,100,13.0827,80.275,0.8948588358725994
2024-05-05 07:00:00+05:30,164.0,269.0,88.0,32.2,19.8,196.0,75.0,40.0,1005.4,100,13.0827,80.275,8.976907113162667
2024-05-05 08:00:00+05:30,345.0,390.6,146.0,33.9,22.1,187.0,66.0,27.0,1005.9,100,13.0827,80.275,23.04983804626083
2024-05-05 09:00:00+05:30,555.0,541.0,173.0,35.4,24.1,181.0,59.0,28.0,1005.8,100,13.0827,80.275,41.11722946612528
2024-05-05 10:00:00+05:30,746.0,646.1,191.0,36.4,25.0,173.0,56.0,12.0,1005.0,100,13.0827,80.275,57.78950064439748
2024-05-05 11:00:00+05:30,886.0,738.3,179.0,36.3,28.5,162.0,61.0,4.0,1004.1,100,13.0827,80.275,73.36768510032152
2024-05-05 12:00:00+05:30,935.0,760.5,178.0,35.5,30.2,158.0,64.0,5.0,1003.3,100,13.0827,80.275,75.13900950379268
2024-05-05 13:00:00+05:30,892.0,735.3,179.0,35.2,28.7,155.0,64.0,1.0,1002.2,100,13.0827,80.275,71.32729553046954
2024-05-05 14:00:00+05:30,774.0,688.1,167.0,35.2,28.1,157.0,65.0,4.0,1001.6,100,13.0827,80.275,59.975954880400884
2024-05-05 15:00:00+05:30,657.0,692.8,145.0,34.6,27.9,158.0,66.0,11.0,1001.2,100,13.0827,80.275,48.86343662762853
2024-05-05 16:00:00+05:30,438.0,556.5,132.0,33.6,27.7,162.0,70.0,58.0,1001.2,100,13.0827,80.275,30.502628387671898
2024-05-05 17:00:00+05:30,210.0,326.5,103.0,32.4,26.3,163.0,76.0,70.0,1001.5,100,13.0827,80.275,11.616855177676305
2024-05-05 18:00:00+05:30,44.0,116.1,29.0,31.5,22.8,149.0,82.0,48.0,1001.9,100,13.0827,80.275,1.7768891803828766
2024-05-05 19:00:00+05:30,0.0,0.0,0.0,31.3,21.6,156.0,83.0,35.0,1003.1,100,13.0827,80.275,0.0
2024-05-05 20:00:00+05:30,0.0,0.0,0.0,31.0,22.2,167.0,85.0,4.0,1004.0,100,13.0827,80.275,0.0
2024-05-05 21:00:00+05:30,0.0,0.0,0.0,31.0,25.3,169.0,84.0,0.0,1004.8,100,13.0827,80.275,0.0
2024-05-05 22:00:00+05:30,0.0,0.0,0.0,31.1,24.1,171.0,83.0,0.0,1005.1,100,13.0827,80.275,0.0
2024-05-05 23:00:00+05:30,0.0,0.0,0.0,31.1,23.4,181.0,83.0,9.0,1005.2,100,13.0827,80.275,0.0
2024-05-06 00:00:00+05:30,0.0,0.0,0.0,31.1,22.4,184.0,81.0,0.0,1004.3,100,13.0827,80.275,0.0
2024-05-06 01:00:00+05:30,0.0,0.0,0.0,30.9,18.5,187.0,77.0,4.0,1003.9,100,13.0827,80.275,0.0
2024-05-06 02:00:00+05:30,0.0,0.0,0.0,30.6,18.1,187.0,74.0,20.0,1003.7,100,13.0827,80.275,0.0
2024-05-06 03:00:00+05:30,0.0,0.0,0.0,30.4,18.4,183.0,73.0,52.0,1003.5,100,13.0827,80.275,0.0
2024-05-06 04:00:00+05:30,0.0,0.0,0.0,30.1,19.9,186.0,79.0,67.0,1004.0,100,13.0827,80.275,0.0
2024-05-06 05:00:00+05:30,0.0,0.0,0.0,29.8,18.5,187.0,84.0,87.0,1004.3,100,13.0827,80.275,0.0
2024-05-06 06:00:00+05:30,24.0,56.4,18.0,31.3,20.9,177.0,86.0,72.0,1004.8,100,13.0827,80.275,0.9855097659505404
2024-05-06 07:00:00+05:30,140.0,194.0,85.0,32.3,22.0,178.0,80.0,45.0,1005.6,100,13.0827,80.275,8.191729397405279
2024-05-06 08:00:00+05:30,345.0,399.8,141.0,34.1,20.9,182.0,69.0,15.0,1006.2,100,13.0827,80.275,23.14371593228984
2024-05-06 09:00:00+05:30,587.0,590.2,170.0,35.9,17.3,179.0,59.0,19.0,1006.4,100,13.0827,80.275,42.39144663778527
2024-05-06 10:00:00+05:30,722.0,615.8,193.0,37.1,18.9,166.0,54.0,2.0,1005.8,100,13.0827,80.275,56.935242127591046
2024-05-06 11:00:00+05:30,884.0,741.5,174.0,36.5,28.5,159.0,63.0,1.0,1004.7,100,13.0827,80.275,68.358389413488
2024-05-06 12:00:00+05:30,939.0,772.8,170.0,36.0,32.6,160.0,63.0,0.0,1004.1,100,13.0827,80.275,74.37566907145698
2024-05-06 13:00:00+05:30,909.0,765.5,167.0,35.6,30.8,159.0,62.0,4.0,1003.3,100,13.0827,80.275,70.07690194915858
2024-05-06 14:00:00+05:30,786.0,699.6,169.0,35.6,29.0,160.0,62.0,7.0,1002.3,100,13.0827,80.275,60.83780285770399
2024-05-06 15:00:00+05:30,647.0,668.6,153.0,34.9,27.9,158.0,64.0,66.0,1001.5,100,13.0827,80.275,47.769947923456705
2024-05-06 16:00:00+05:30,453.0,598.2,124.0,33.8,26.8,163.0,69.0,83.0,1001.5,100,13.0827,80.275,29.821680853259434
2024-05-06 17:00:00+05:30,219.0,374.9,96.0,32.7,24.7,167.0,76.0,59.0,1001.8,100,13.0827,80.275,11.98502342157531
2024-05-06 18:00:00+05:30,42.0,100.4,29.0,31.1,19.3,156.0,83.0,31.0,1003.5,100,13.0827,80.275,1.86985814064091
2024-05-06 19:00:00+05:30,0.0,0.0,0.0,30.9,20.0,154.0,85.0,1.0,1004.5,100,13.0827,80.275,0.0
2024-05-06 20:00:00+05:30,0.0,0.0,0.0,30.8,21.1,157.0,85.0,1.0,1005.3,100,13.0827,80.275,0.0
2024-05-06 21:00:00+05:30,0.0,0.0,0.0,30.8,23.5,162.0,83.0,1.0,1005.8,100,13.0827,80.275,0.0
2024-05-06 22:00:00+05:30,0.0,0.0,0.0,30.7,23.1,165.0,82.0,1.0,1006.3,100,13.0827,80.275,0.0
2024-05-06 23:00:00+05:30,0.0,0.0,0.0,30.7,24.2,165.0,81.0,2.0,1006.1,100,13.0827,80.275,0.0
2024-05-07 00:00:00+05:30,0.0,0.0,0.0,30.4,23.5,169.0,84.0,1.0,1005.6,100,13.0827,80.275,0.0
2024-05-07 01:00:00+05:30,0.0,0.0,0.0,30.3,22.4,175.0,85.0,2.0,1005.6,100,13.0827,80.275,0.0
2024-05-07 02:00:00+05:30,0.0,0.0,0.0,30.2,21.6,183.0,85.0,13.0,1005.3,100,13.0827,80.275,0.0
2024-05-07 03:00:00+05:30,0.0,0.0,0.0,30.1,21.8,189.0,84.0,44.0,1005.4,100,13.0827,80.275,0.0
2024-05-07 04:00:00+05:30,0.0,0.0,0.0,30.1,20.4,188.0,83.0,2.0,1005.9,100,13.0827,80.275,0.0
2024-05-07 05:00:00+05:30,0.0,0.0,0.0,30.1,20.7,188.0,81.0,3.0,1006.5,100,13.0827,80.275,0.0
2024-05-07 06:00:00+05:30,22.0,37.4,18.0,31.5,17.7,175.0,80.0,83.0,1006.9,100,13.0827,80.275,0.9716223371499787
2024-05-07 07:00:00+05:30,160.0,260.0,86.0,32.5,20.6,174.0,74.0,96.0,1007.8,100,13.0827,80.275,8.586484026928101
2024-05-07 08:00:00+05:30,349.0,418.9,135.0,33.2,22.1,174.0,71.0,66.0,1008.3,100,13.0827,80.275,23.84018422787878
2024-05-07 09:00:00+05:30,536.0,493.7,187.0,34.0,22.3,177.0,66.0,33.0,1008.2,100,13.0827,80.275,39.91059968321417
2024-05-07 10:00:00+05:30,664.0,518.0,219.0,35.1,21.6,178.0,60.0,28.0,1008.0,100,13.0827,80.275,50.558116084771655
2024-05-07 11:00:00+05:30,790.0,591.2,224.0,36.4,19.3,171.0,53.0,13.0,1007.5,100,13.0827,80.275,59.174673334562065
2024-05-07 12:00:00+05:30,933.0,758.0,179.0,36.9,20.4,154.0,52.0,6.0,1006.6,100,13.0827,80.275,72.33876377465582
2024-05-07 13:00:00+05:30,914.0,763.7,174.0,35.8,24.8,140.0,55.0,3.0,1005.9,100,13.0827,80.275,70.72719130508229
2024-05-07 14:00:00+05:30,783.0,696.4,169.0,35.0,23.3,142.0,55.0,13.0,1005.1,100,13.0827,80.275,59.747929807594005
2024-05-07 15:00:00+05:30,614.0,617.3,158.0,34.1,22.3,141.0,60.0,29.0,1004.3,100,13.0827,80.275,47.06882088043089
2024-05-07 16:00:00+05:30,436.0,552.7,132.0,33.3,20.6,137.0,64.0,24.0,1004.6,100,13.0827,80.275,29.151445663840416
2024-05-07 17:00:00+05:30,224.0,398.8,93.0,32.0,18.2,142.0,71.0,17.0,1004.7,100,13.0827,80.275,11.491130377983527
2024-05-07 18:00:00+05:30,44.0,123.4,28.0,30.9,17.8,137.0,77.0,55.0,1004.8,100,13.0827,80.275,1.6937007869239564
2024-05-07 19:00:00+05:30,0.0,0.0,0.0,30.4,18.8,133.0,82.0,91.0,1005.8,100,13.0827,80.275,0.0
2024-05-07 20:00:00+05:30,0.0,0.0,0.0,30.3,18.8,126.0,84.0,100.0,1007.0,100,13.0827,80.275,0.0
2024-05-07 21:00:00+05:30,0.0,0.0,0.0,30.1,18.3,126.0,85.0,100.0,1007.8,100,13.0827,80.275,0.0
2024-05-07 22:00:00+05:30,0.0,0.0,0.0,30.0,17.3,132.0,85.0,100.0,1008.2,100,13.0827,80.275,0.0
2024-05-07 23:00:00+05:30,0.0,0.0,0.0,29.8,17.3,132.0,87.0,100.0,1007.6,100,13.0827,80.275,0.0
2024-05-08 00:00:00+05:30,0.0,0.0,0.0,29.7,14.1,128.0,87.0,100.0,1007.4,100,13.0827,80.275,0.0
2024-05-08 01:00:00+05:30,0.0,0.0,0.0,29.4,8.9,122.0,88.0,100.0,1007.4,100,13.0827,80.275,0.0
2024-05-08 02:00:00+05:30,0.0,0.0,0.0,28.6,3.7,169.0,91.0,100.0,1007.4,100,13.0827,80.275,0.0
2024-05-08 03:00:00+05:30,0.0,0.0,0.0,26.8,4.7,212.0,94.0,100.0,1007.5,100,13.0827,80.275,0.0
2024-05-08 04:00:00+05:30,0.0,0.0,0.0,27.1,13.1,171.0,91.0,98.0,1007.0,100,13.0827,80.275,0.0
2024-05-08 05:00:00+05:30,0.0,0.0,0.0,26.8,8.4,190.0,92.0,93.0,1007.7,100,13.0827,80.275,0.0
2024-05-08 06:00:00+05:30,19.0,0.0,19.0,28.6,7.2,354.0,66.0,100.0,1008.6,100,13.0827,80.275,1.1296882539609274
2024-05-08 07:00:00+05:30,147.0,122.6,112.0,29.8,5.2,348.0,61.0,100.0,1009.2,100,13.0827,80.275,9.836206672767212
2024-05-08 08:00:00+05:30,311.0,195.5,211.0,31.4,1.8,180.0,52.0,79.0,1009.5,100,13.0827,80.275,22.644165813525365
2024-05-08 09:00:00+05:30,596.0,575.6,189.0,33.3,9.2,132.0,46.0,99.0,1009.2,100,13.0827,80.275,41.69568411509282
2024-05-08 10:00:00+05:30,709.0,495.9,283.0,33.2,12.7,115.0,55.0,34.0,1009.1,100,13.0827,80.275,53.69636669846562
2024-05-08 11:00:00+05:30,885.0,720.9,195.0,33.5,15.3,117.0,60.0,99.0,1008.4,100,13.0827,80.275,65.89348735902642
2024-05-08 12:00:00+05:30,883.0,631.5,255.0,33.2,18.9,130.0,63.0,96.0,1007.4,100,13.0827,80.275,67.36491370563996
2024-05-08 13:00:00+05:30,832.0,554.4,295.0,32.8,17.6,136.0,63.0,100.0,1006.3,100,13.0827,80.275,64.5888811849624
2024-05-08 14:00:00+05:30,546.0,206.5,364.0,32.0,15.3,137.0,65.0,100.0,1005.4,100,13.0827,80.275,42.20312450987602
2024-05-08 15:00:00+05:30,494.0,339.8,243.0,31.8,15.5,138.0,66.0,48.0,1004.7,100,13.0827,80.275,37.696574048473586
2024-05-08 16:00:00+05:30,391.0,418.0,161.0,31.0,15.9,141.0,71.0,32.0,1004.6,100,13.0827,80.275,27.515554493266325
2024-05-08 17:00:00+05:30,212.0,346.6,98.0,30.1,17.6,145.0,75.0,100.0,1004.7,100,13.0827,80.275,11.612969520291646
2024-05-08 18:00:00+05:30,42.0,100.0,29.0,31.1,17.6,118.0,76.0,19.0,1004.9,100,13.0827,80.275,1.9056188244897374
2024-05-08 19:00:00+05:30,0.0,0.0,0.0,30.6,15.1,130.0,80.0,98.0,1005.9,100,13.0827,80.275,0.0
2024-05-08 20:00:00+05:30,0.0,0.0,0.0,30.4,15.5,144.0,80.0,91.0,1006.4,100,13.0827,80.275,0.0
2024-05-08 21:00:00+05:30,0.0,0.0,0.0,30.1,13.2,154.0,81.0,85.0,1006.6,100,13.0827,80.275,0.0
2024-05-08 22:00:00+05:30,0.0,0.0,0.0,29.8,12.4,163.0,83.0,40.0,1006.2,100,13.0827,80.275,0.0
2024-05-08 23:00:00+05:30,0.0,0.0,0.0,29.6,11.0,169.0,84.0,92.0,1006.5,100,13.0827,80.275,0.0
2024-05-09 00:00:00+05:30,0.0,0.0,0.0,29.4,10.0,167.0,84.0,99.0,1005.9,100,13.0827,80.275,0.0
2024-05-09 01:00:00+05:30,0.0,0.0,0.0,29.2,10.5,172.0,86.0,100.0,1005.3,100,13.0827,80.275,0.0
2024-05-09 02:00:00+05:30,0.0,0.0,0.0,28.9,10.8,184.0,87.0,100.0,1005.1,100,13.0827,80.275,0.0
2024-05-09 03:00:00+05:30,0.0,0.0,0.0,28.7,10.7,194.0,88.0,64.0,1004.8,100,13.0827,80.275,0.0
2024-05-09 04:00:00+05:30,0.0,0.0,0.0,28.3,10.5,196.0,90.0,48.0,1005.1,100,13.0827,80.275,0.0
2024-05-09 05:00:00+05:30,0.0,0.0,0.0,28.2,12.3,195.0,91.0,40.0,1005.8,100,13.0827,80.275,0.0
2024-05-09 06:00:00+05:30,19.0,27.8,16.0,27.0,2.1,301.0,93.0,100.0,1007.6,100,13.0827,80.275,0.8562697506291836
2024-05-09 07:00:00+05:30,116.0,108.2,85.0,27.4,6.8,122.0,89.0,99.0,1008.5,100,13.0827,80.275,7.687683245560472
2024-05-09 08:00:00+05:30,304.0,285.1,158.0,28.7,11.5,134.0,80.0,100.0,1008.9,100,13.0827,80.275,21.11530982619365
2024-05-09 09:00:00+05:30,529.0,458.1,205.0,30.5,12.0,141.0,72.0,100.0,1008.3,100,13.0827,80.275,38.9632620917714
2024-05-09 10:00:00+05:30,755.0,671.7,178.0,32.3,13.0,146.0,65.0,99.0,1007.6,100,13.0827,80.275,53.99052049692299
2024-05-09 11:00:00+05:30,828.0,665.7,191.0,32.9,15.3,141.0,64.0,99.0,1007.1,100,13.0827,80.275,61.846537841086636
2024-05-09 12:00:00+05:30,903.0,701.1,206.0,32.6,17.6,134.0,65.0,96.0,1006.2,100,13.0827,80.275,67.07233872074019
2024-05-09 13:00:00+05:30,811.0,636.2,195.0,32.9,21.2,140.0,63.0,100.0,1005.0,100,13.0827,80.275,62.66969153545405
2024-05-09 14:00:00+05:30,615.0,437.0,230.0,32.1,21.4,147.0,68.0,99.0,1004.4,100,13.0827,80.275,47.99454293706104
2024-05-09 15:00:00+05:30,565.0,525.4,177.0,32.2,20.9,148.0,67.0,100.0,1003.7,100,13.0827,80.275,41.38929503027963
2024-05-09 16:00:00+05:30,357.0,392.5,141.0,31.3,19.0,155.0,72.0,100.0,1004.2,100,13.0827,80.275,25.01602705542569
2024-05-09 17:00:00+05:30,203.0,312.8,100.0,30.6,18.4,157.0,76.0,98.0,1004.8,100,13.0827,80.275,11.401506115255232
2024-05-09 18:00:00+05:30,42.0,115.2,27.0,31.3,13.4,121.0,73.0,15.0,1004.8,100,13.0827,80.275,1.6880832200714706
2024-05-09 19:00:00+05:30,0.0,0.0,0.0,30.9,14.8,124.0,77.0,13.0,1006.0,100,13.0827,80.275,0.0
2024-05-09 20:00:00+05:30,0.0,0.0,0.0,30.7,15.2,126.0,78.0,7.0,1006.9,100,13.0827,80.275,0.0
2024-05-09 21:00:00+05:30,0.0,0.0,0.0,30.5,13.6,130.0,80.0,0.0,1007.5,100,13.0827,80.275,0.0
2024-05-09 22:00:00+05:30,0.0,0.0,0.0,30.2,12.5,136.0,83.0,5.0,1007.6,100,13.0827,80.275,0.0
2024-05-09 23:00:00+05:30,0.0,0.0,0.0,30.1,13.9,149.0,83.0,0.0,1006.8,100,13.0827,80.275,0.0
2024-05-10 00:00:00+05:30,0.0,0.0,0.0,30.0,12.7,151.0,82.0,0.0,1006.1,100,13.0827,80.275,0.0
2024-05-10 01:00:00+05:30,0.0,0.0,0.0,29.9,10.6,156.0,82.0,6.0,1006.1,100,13.0827,80.275,0.0
2024-05-10 02:00:00+05:30,0.0,0.0,0.0,29.8,12.3,165.0,81.0,25.0,1005.8,100,13.0827,80.275,0.0
2024-05-10 03:00:00+05:30,0.0,0.0,0.0,29.7,14.4,176.0,79.0,28.0,1005.6,100,13.0827,80.275,0.0
2024-05-10 04:00:00+05:30,0.0,0.0,0.0,29.6,12.6,185.0,78.0,4.0,1005.9,100,13.0827,80.275,0.0
2024-05-10 05:00:00+05:30,0.0,0.0,0.0,29.3,10.0,201.0,80.0,9.0,1006.7,100,13.0827,80.275,0.0
2024-05-10 06:00:00+05:30,14.0,18.4,12.0,27.5,4.1,105.0,89.0,100.0,1007.3,100,13.0827,80.275,0.5008340063769834
2024-05-10 07:00:00+05:30,84.0,48.7,70.0,27.9,3.3,96.0,85.0,91.0,1008.4,100,13.0827,80.275,5.7779626475106705
2024-05-10 08:00:00+05:30,346.0,359.0,162.0,29.5,9.3,152.0,77.0,54.0,1009.7,100,13.0827,80.275,23.75480756346703
2024-05-10 09:00:00+05:30,529.0,493.3,180.0,30.6,10.0,159.0,72.0,26.0,1009.1,100,13.0827,80.275,39.24832316431889
2024-05-10 10:00:00+05:30,756.0,674.0,177.0,31.9,15.3,161.0,68.0,34.0,1008.5,100,13.0827,80.275,57.22024662344149
2024-05-10 11:00:00+05:30,856.0,687.8,198.0,32.7,12.2,137.0,64.0,100.0,1008.0,100,13.0827,80.275,63.83139457286899
2024-05-10 12:00:00+05:30,905.0,706.4,203.0,31.9,15.1,90.0,67.0,97.0,1008.1,100,13.0827,80.275,67.04299702708553
2024-05-10 13:00:00+05:30,560.0,323.4,247.0,30.0,14.3,124.0,74.0,86.0,1006.8,100,13.0827,80.275,42.762820705820374
2024-05-10 14:00:00+05:30,535.0,313.3,259.0,30.6,18.0,119.0,73.0,74.0,1005.9,100,13.0827,80.275,43.59669579055113
2024-05-10 15:00:00+05:30,554.0,390.0,266.0,31.0,17.9,140.0,71.0,45.0,1004.9,100,13.0827,80.275,42.77712424635352
2024-05-10 16:00:00+05:30,436.0,539.5,139.0,31.0,14.8,154.0,71.0,45.0,1004.5,100,13.0827,80.275,29.737567865424545
2024-05-10 17:00:00+05:30,217.0,354.8,100.0,30.4,14.8,167.0,73.0,74.0,1004.8,100,13.0827,80.275,11.451150735317743
2024-05-10 18:00:00+05:30,41.0,107.3,27.0,30.8,19.1,126.0,76.0,22.0,1006.0,100,13.0827,80.275,1.6838194847009536
2024-05-10 19:00:00+05:30,0.0,0.0,0.0,29.9,19.6,139.0,81.0,16.0,1006.6,100,13.0827,80.275,0.0
2024-05-10 20:00:00+05:30,0.0,0.0,0.0,29.6,16.0,149.0,82.0,8.0,1007.5,100,13.0827,80.275,0.0
2024-05-10 21:00:00+05:30,0.0,0.0,0.0,29.5,15.0,150.0,83.0,12.0,1007.9,100,13.0827,80.275,0.0
2024-05-10 22:00:00+05:30,0.0,0.0,0.0,29.4,13.8,152.0,85.0,7.0,1008.4,100,13.0827,80.275,0.0
2024-05-10 23:00:00+05:30,0.0,0.0,0.0,29.2,12.9,162.0,87.0,3.0,1008.4,100,13.0827,80.275,0.0
2024-05-11 00:00:00+05:30,0.0,0.0,0.0,29.0,9.9,170.0,88.0,0.0,1007.5,100,13.0827,80.275,0.0
2024-05-11 01:00:00+05:30,0.0,0.0,0.0,28.7,8.8,192.0,89.0,0.0,1007.5,100,13.0827,80.275,0.0
2024-05-11 02:00:00+05:30,0.0,0.0,0.0,28.3,8.9,212.0,91.0,15.0,1007.3,100,13.0827,80.275,0.0
2024-05-11 03:00:00+05:30,0.0,0.0,0.0,28.0,7.6,205.0,91.0,15.0,1006.9,100,13.0827,80.275,0.0
2024-05-11 04:00:00+05:30,0.0,0.0,0.0,27.9,7.6,183.0,92.0,26.0,1006.9,100,13.0827,80.275,0.0
2024-05-11 05:00:00+05:30,0.0,0.0,0.0,28.1,8.8,189.0,91.0,17.0,1007.6,100,13.0827,80.275,0.0
2024-05-11 06:00:00+05:30,7.0,0.0,7.0,25.6,5.2,192.0,93.0,100.0,1009.3,100,13.0827,80.275,0.06614787455225361
2024-05-11 07:00:00+05:30,56.0,0.0,56.0,26.3,9.2,231.0,91.0,100.0,1010.0,100,13.0827,80.275,4.533945972565588
2024-05-11 08:00:00+05:30,234.0,103.3,181.0,28.1,5.5,238.0,85.0,100.0,1010.2,100,13.0827,80.275,17.856574181640628
2024-05-11 09:00:00+05:30,365.0,103.2,292.0,30.2,6.9,219.0,74.0,100.0,1009.7,100,13.0827,80.275,28.691570917770925
2024-05-11 10:00:00+05:30,583.0,258.5,361.0,32.7,11.3,173.0,63.0,100.0,1009.2,100,13.0827,80.275,44.294456611776596
2024-05-11 11:00:00+05:30,671.0,307.4,377.0,33.6,15.6,154.0,59.0,85.0,1008.7,100,13.0827,80.275,51.950436760857336
2024-05-11 12:00:00+05:30,876.0,659.3,221.0,34.2,18.9,149.0,57.0,15.0,1007.9,100,13.0827,80.275,67.6356404367535
2024-05-11 13:00:00+05:30,865.0,695.6,192.0,33.9,18.5,153.0,58.0,9.0,1006.9,100,13.0827,80.275,67.43357150147963
2024-05-11 14:00:00+05:30,785.0,692.7,175.0,33.6,18.9,149.0,58.0,5.0,1006.2,100,13.0827,80.275,60.90529085543781
2024-05-11 15:00:00+05:30,639.0,658.2,153.0,32.9,19.8,147.0,61.0,13.0,1005.3,100,13.0827,80.275,47.2376524731426
2024-05-11 16:00:00+05:30,435.0,553.9,130.0,32.1,19.9,158.0,64.0,0.0,1005.1,100,13.0827,80.275,30.351013309123235
2024-05-11 17:00:00+05:30,225.0,405.8,91.0,30.6,19.0,161.0,72.0,0.0,1005.2,100,13.0827,80.275,11.885592622331119
2024-05-11 18:00:00+05:30,42.0,114.7,27.0,32.0,15.8,145.0,67.0,0.0,1006.3,100,13.0827,80.275,1.6831943735217423
2024-05-11 19:00:00+05:30,0.0,0.0,0.0,31.3,13.1,148.0,75.0,1.0,1007.5,100,13.0827,80.275,0.0
2024-05-11 20:00:00+05:30,0.0,0.0,0.0,31.1,12.3,148.0,75.0,0.0,1008.5,100,13.0827,80.275,0.0
2024-05-11 21:00:00+05:30,0.0,0.0,0.0,30.9,13.7,153.0,76.0,0.0,1009.0,100,13.0827,80.275,0.0
2024-05-11 22:00:00+05:30,0.0,0.0,0.0,30.7,13.0,156.0,78.0,0.0,1009.2,100,13.0827,80.275,0.0
2024-05-11 23:00:00+05:30,0.0,0.0,0.0,30.7,12.6,160.0,76.0,0.0,1009.0,100,13.0827,80.275,0.0
2024-05-12 00:00:00+05:30,0.0,0.0,0.0,30.4,12.4,158.0,77.0,1.0,1007.8,100,13.0827,80.275,0.0
2024-05-12 01:00:00+05:30,0.0,0.0,0.0,30.2,11.8,153.0,79.0,1.0,1007.3,100,13.0827,80.275,0.0
2024-05-12 02:00:00+05:30,0.0,0.0,0.0,29.9,10.0,150.0,79.0,5.0,1006.6,100,13.0827,80.275,0.0
2024-05-12 03:00:00+05:30,0.0,0.0,0.0,29.7,10.3,155.0,80.0,66.0,1006.6,100,13.0827,80.275,0.0
2024-05-12 04:00:00+05:30,0.0,0.0,0.0,29.7,12.6,156.0,78.0,49.0,1007.6,100,13.0827,80.275,0.0
2024-05-12 05:00:00+05:30,0.0,0.0,0.0,29.6,11.4,156.0,78.0,21.0,1008.0,100,13.0827,80.275,0.0
2024-05-12 06:00:00+05:30,20.0,36.6,16.0,29.4,7.7,139.0,80.0,31.0,1008.4,100,13.0827,80.275,0.8452907677465629
2024-05-12 07:00:00+05:30,142.0,200.9,84.0,30.4,6.9,129.0,77.0,39.0,1009.2,100,13.0827,80.275,7.878243856711967
2024-05-12 08:00:00+05:30,392.0,502.6,134.0,31.9,12.5,129.0,72.0,22.0,1010.0,100,13.0827,80.275,26.128060804342255
2024-05-12 09:00:00+05:30,577.0,590.6,159.0,32.0,14.3,139.0,70.0,31.0,1009.9,100,13.0827,80.275,41.50904017751174
2024-05-12 10:00:00+05:30,617.0,475.1,209.0,33.4,11.0,139.0,64.0,50.0,1009.3,100,13.0827,80.275,45.88331822728767
2024-05-12 11:00:00+05:30,821.0,606.7,241.0,32.2,13.4,172.0,67.0,84.0,1009.2,100,13.0827,80.275,60.732833942114894
2024-05-12 12:00:00+05:30,546.0,322.2,226.0,31.7,5.0,150.0,66.0,100.0,1007.9,100,13.0827,80.275,42.08701178245766
2024-05-12 13:00:00+05:30,449.0,98.2,354.0,32.7,8.1,159.0,64.0,100.0,1006.7,100,13.0827,80.275,36.16409920319688
2024-05-12 14:00:00+05:30,553.0,248.8,334.0,33.1,14.9,148.0,64.0,66.0,1005.3,100,13.0827,80.275,43.970589526747595
2024-05-12 15:00:00+05:30,618.0,596.0,178.0,33.0,18.1,145.0,66.0,8.0,1004.6,100,13.0827,80.275,44.66715097706094
2024-05-12 16:00:00+05:30,420.0,528.3,129.0,32.2,17.6,145.0,68.0,31.0,1004.3,100,13.0827,80.275,27.404147026729085
2024-05-12 17:00:00+05:30,205.0,353.8,88.0,31.0,19.3,151.0,75.0,98.0,1005.1,100,13.0827,80.275,10.277691230648454
2024-05-12 18:00:00+05:30,44.0,114.5,29.0,31.7,13.8,137.0,71.0,97.0,1005.9,100,13.0827,80.275,1.7827722886934625
2024-05-12 19:00:00+05:30,0.0,0.0,0.0,31.3,13.0,134.0,73.0,87.0,1007.2,100,13.0827,80.275,0.0
2024-05-12 20:00:00+05:30,0.0,0.0,0.0,31.0,14.0,134.0,75.0,63.0,1008.5,100,13.0827,80.275,0.0
2024-05-12 21:00:00+05:30,0.0,0.0,0.0,30.9,13.0,136.0,75.0,0.0,1008.6,100,13.0827,80.275,0.0
2024-05-12 22:00:00+05:30,0.0,0.0,0.0,30.7,10.9,136.0,76.0,95.0,1007.9,100,13.0827,80.275,0.0
2024-05-12 23:00:00+05:30,0.0,0.0,0.0,30.3,12.0,147.0,78.0,100.0,1007.3,100,13.0827,80.275,0.0
2024-05-13 00:00:00+05:30,0.0,0.0,0.0,30.1,9.7,165.0,79.0,98.0,1007.2,100,13.0827,80.275,0.0
2024-05-13 01:00:00+05:30,0.0,0.0,0.0,29.5,6.5,183.0,82.0,98.0,1007.0,100,13.0827,80.275,0.0
2024-05-13 02:00:00+05:30,0.0,0.0,0.0,29.1,7.2,180.0,84.0,96.0,1006.3,100,13.0827,80.275,0.0
2024-05-13 03:00:00+05:30,0.0,0.0,0.0,28.7,8.9,223.0,85.0,46.0,1006.0,100,13.0827,80.275,0.0
2024-05-13 04:00:00+05:30,0.0,0.0,0.0,27.6,8.2,247.0,86.0,92.0,1006.5,100,13.0827,80.275,0.0
2024-05-13 05:00:00+05:30,0.0,0.0,0.0,26.8,7.6,239.0,88.0,60.0,1007.3,100,13.0827,80.275,0.0
2024-05-13 06:00:00+05:30,19.0,27.4,16.0,26.3,8.5,36.0,87.0,98.0,1008.6,100,13.0827,80.275,0.8443734158347902
2024-05-13 07:00:00+05:30,154.0,197.0,97.0,27.4,6.1,360.0,85.0,100.0,1008.9,100,13.0827,80.275,9.143399303401239
2024-05-13 08:00:00+05:30,320.0,282.3,175.0,28.6,3.8,311.0,79.0,100.0,1009.9,100,13.0827,80.275,22.399617839144668
2024-05-13 09:00:00+05:30,476.0,364.5,218.0,29.4,6.3,24.0,75.0,100.0,1009.8,100,13.0827,80.275,35.913883470134586
2024-05-13 10:00:00+05:30,616.0,422.8,253.0,29.8,2.1,121.0,75.0,100.0,1009.5,100,13.0827,80.275,46.66749537020464
2024-05-13 11:00:00+05:30,634.0,329.6,319.0,31.7,4.9,73.0,67.0,100.0,1008.3,100,13.0827,80.275,47.212128989188905
2024-05-13 12:00:00+05:30,855.0,624.6,235.0,32.9,8.3,85.0,63.0,83.0,1006.9,100,13.0827,80.275,64.26881703310511
2024-05-13 13:00:00+05:30,810.0,587.5,242.0,33.1,10.1,94.0,63.0,100.0,1005.4,100,13.0827,80.275,59.75351246352433
2024-05-13 14:00:00+05:30,742.0,639.7,179.0,32.8,12.6,85.0,64.0,37.0,1004.7,100,13.0827,80.275,54.14905129271682
2024-05-13 15:00:00+05:30,598.0,575.7,173.0,32.1,15.6,82.0,67.0,5.0,1004.4,100,13.0827,80.275,43.66476628319697
2024-05-13 16:00:00+05:30,423.0,520.8,136.0,31.4,14.1,96.0,72.0,10.0,1004.2,100,13.0827,80.275,27.425847281409613
2024-05-13 17:00:00+05:30,217.0,368.3,95.0,30.6,14.4,103.0,76.0,9.0,1004.8,100,13.0827,80.275,11.517786349648226
2024-05-13 18:00:00+05:30,43.0,114.2,28.0,31.2,13.7,88.0,74.0,48.0,1006.2,100,13.0827,80.275,1.7382512000711254
2024-05-13 19:00:00+05:30,0.0,0.0,0.0,30.8,11.6,95.0,78.0,100.0,1007.1,100,13.0827,80.275,0.0
2024-05-13 20:00:00+05:30,0.0,0.0,0.0,30.6,12.1,102.0,79.0,13.0,1006.9,100,13.0827,80.275,0.0
2024-05-13 21:00:00+05:30,0.0,0.0,0.0,30.3,11.6,106.0,79.0,1.0,1006.9,100,13.0827,80.275,0.0
2024-05-13 22:00:00+05:30,0.0,0.0,0.0,30.1,11.9,119.0,80.0,66.0,1006.9,100,13.0827,80.275,0.0
2024-05-13 23:00:00+05:30,0.0,0.0,0.0,30.0,11.2,130.0,81.0,89.0,1007.0,100,13.0827,80.275,0.0
2024-05-14 00:00:00+05:30,0.0,0.0,0.0,29.6,9.0,151.0,83.0,100.0,1006.5,100,13.0827,80.275,0.0
2024-05-14 01:00:00+05:30,0.0,0.0,0.0,29.2,7.2,153.0,85.0,100.0,1005.9,100,13.0827,80.275,0.0
2024-05-14 02:00:00+05:30,0.0,0.0,0.0,28.4,4.0,190.0,90.0,100.0,1005.5,100,13.0827,80.275,0.0
2024-05-14 03:00:00+05:30,0.0,0.0,0.0,28.3,2.6,254.0,91.0,100.0,1004.8,100,13.0827,80.275,0.0
2024-05-14 04:00:00+05:30,0.0,0.0,0.0,27.6,4.3,204.0,95.0,94.0,1005.5,100,13.0827,80.275,0.0
2024-05-14 05:00:00+05:30,0.0,0.0,0.0,27.9,5.6,230.0,94.0,100.0,1006.4,100,13.0827,80.275,0.0
2024-05-14 06:00:00+05:30,25.0,54.5,19.0,30.1,1.9,248.0,81.0,65.0,1007.0,100,13.0827,80.275,1.0733925460643983
2024-05-14 07:00:00+05:30,161.0,251.7,88.0,31.8,3.7,79.0,71.0,84.0,1007.4,100,13.0827,80.275,8.375186755338872
2024-05-14 08:00:00+05:30,355.0,412.5,143.0,32.7,11.7,101.0,63.0,99.0,1008.3,100,13.0827,80.275,22.52837531680584
2024-05-14 09:00:00+05:30,530.0,471.9,196.0,33.3,12.6,110.0,61.0,54.0,1007.9,100,13.0827,80.275,38.53286376467924
2024-05-14 10:00:00+05:30,672.0,532.4,215.0,32.7,14.8,131.0,63.0,92.0,1008.6,100,13.0827,80.275,50.251150524689585
2024-05-14 11:00:00+05:30,583.0,323.4,274.0,31.6,10.3,155.0,70.0,92.0,1008.2,100,13.0827,80.275,44.504145954671785
2024-05-14 12:00:00+05:30,672.0,371.9,303.0,33.2,9.2,132.0,63.0,100.0,1007.3,100,13.0827,80.275,51.23908412730303
2024-05-14 13:00:00+05:30,767.0,472.8,310.0,33.7,13.5,132.0,59.0,100.0,1006.1,100,13.0827,80.275,56.52661979510464
2024-05-14 14:00:00+05:30,650.0,387.6,309.0,32.7,13.8,129.0,65.0,96.0,1004.8,100,13.0827,80.275,49.54307214107206
2024-05-14 15:00:00+05:30,525.0,392.8,235.0,31.8,17.1,138.0,70.0,62.0,1004.7,100,13.0827,80.275,38.866132698199
2024-05-14 16:00:00+05:30,392.0,400.9,171.0,31.0,15.8,150.0,73.0,100.0,1004.9,100,13.0827,80.275,27.45652634357859
2024-05-14 17:00:00+05:30,214.0,310.4,111.0,30.3,13.2,145.0,75.0,100.0,1005.4,100,13.0827,80.275,11.63218484846908
2024-05-14 18:00:00+05:30,35.0,75.9,25.0,31.2,13.2,133.0,74.0,100.0,1005.9,100,13.0827,80.275,1.5134679727686209
2024-05-14 19:00:00+05:30,0.0,0.0,0.0,30.9,13.0,124.0,76.0,100.0,1006.7,100,13.0827,80.275,0.0
2024-05-14 20:00:00+05:30,0.0,0.0,0.0,30.9,8.4,130.0,77.0,100.0,1008.0,100,13.0827,80.275,0.0
2024-05-14 21:00:00+05:30,0.0,0.0,0.0,30.6,8.0,144.0,79.0,100.0,1008.3,100,13.0827,80.275,0.0
2024-05-14 22:00:00+05:30,0.0,0.0,0.0,30.3,7.9,141.0,81.0,100.0,1008.3,100,13.0827,80.275,0.0
2024-05-14 23:00:00+05:30,0.0,0.0,0.0,30.0,7.1,156.0,83.0,100.0,1007.8,100,13.0827,80.275,0.0
2024-05-15 00:00:00+05:30,0.0,0.0,0.0,29.7,9.1,173.0,84.0,100.0,1006.8,100,13.0827,80.275,0.0
2024-05-15 01:00:00+05:30,0.0,0.0,0.0,29.4,9.7,176.0,86.0,100.0,1006.0,100,13.0827,80.275,0.0
2024-05-15 02:00:00+05:30,0.0,0.0,0.0,29.3,8.1,193.0,86.0,100.0,1006.1,100,13.0827,80.275,0.0
2024-05-15 03:00:00+05:30,0.0,0.0,0.0,29.0,6.6,193.0,87.0,100.0,1005.8,100,13.0827,80.275,0.0
2024-05-15 04:00:00+05:30,0.0,0.0,0.0,28.5,7.1,204.0,89.0,100.0,1006.2,100,13.0827,80.275,0.0
2024-05-15 05:00:00+05:30,0.0,0.0,0.0,27.9,3.8,287.0,93.0,100.0,1006.8,100,13.0827,80.275,0.0
2024-05-15 06:00:00+05:30,4.0,0.0,4.0,27.1,3.2,360.0,96.0,100.0,1008.9,100,13.0827,80.275,0.0
2024-05-15 07:00:00+05:30,37.0,0.0,37.0,27.6,2.6,74.0,92.0,100.0,1009.2,100,13.0827,80.275,2.7124864122353163
2024-05-15 08:00:00+05:30,204.0,33.1,187.0,28.8,7.7,28.0,83.0,100.0,1009.0,100,13.0827,80.275,17.062849925153728
2024-05-15 09:00:00+05:30,366.0,101.7,294.0,30.4,7.0,12.0,73.0,100.0,1008.7,100,13.0827,80.275,28.892699807080266
2024-05-15 10:00:00+05:30,646.0,381.1,319.0,32.8,7.1,24.0,60.0,100.0,1008.3,100,13.0827,80.275,48.81042184099004
2024-05-15 11:00:00+05:30,818.0,583.2,261.0,34.0,11.9,55.0,58.0,100.0,1007.7,100,13.0827,80.275,60.865905025702
2024-05-15 12:00:00+05:30,798.0,478.9,323.0,33.8,15.9,62.0,60.0,100.0,1006.7,100,13.0827,80.275,60.18284138369007
2024-05-15 13:00:00+05:30,864.0,686.2,201.0,33.6,17.0,69.0,61.0,100.0,1005.8,100,13.0827,80.275,62.21285450883482
2024-05-15 14:00:00+05:30,684.0,504.8,240.0,33.0,16.6,86.0,64.0,97.0,1005.7,100,13.0827,80.275,50.71261159189392
2024-05-15 15:00:00+05:30,561.0,443.0,234.0,32.3,17.6,91.0,69.0,100.0,1005.1,100,13.0827,80.275,41.3750964833113
2024-05-15 16:00:00+05:30,336.0,264.7,190.0,31.3,17.8,104.0,74.0,99.0,1005.5,100,13.0827,80.275,23.59145594809574
2024-05-15 17:00:00+05:30,159.0,114.3,121.0,30.8,17.1,108.0,75.0,100.0,1005.9,100,13.0827,80.275,10.878151940453375
2024-05-15 18:00:00+05:30,29.0,30.3,25.0,30.7,20.1,99.0,74.0,100.0,1006.7,100,13.0827,80.275,1.567783164653358
2024-05-15 19:00:00+05:30,0.0,0.0,0.0,30.1,18.3,100.0,78.0,100.0,1007.7,100,13.0827,80.275,0.0
2024-05-15 20:00:00+05:30,0.0,0.0,0.0,29.9,16.3,104.0,78.0,100.0,1008.3,100,13.0827,80.275,0.0
2024-05-15 21:00:00+05:30,0.0,0.0,0.0,29.7,17.3,111.0,81.0,100.0,1008.8,100,13.0827,80.275,0.0
2024-05-15 22:00:00+05:30,0.0,0.0,0.0,29.6,14.0,125.0,81.0,100.0,1009.6,100,13.0827,80.275,0.0
2024-05-15 23:00:00+05:30,0.0,0.0,0.0,28.9,11.2,135.0,83.0,100.0,1009.2,100,13.0827,80.275,0.0
2024-05-16 00:00:00+05:30,0.0,0.0,0.0,28.3,13.1,143.0,85.0,100.0,1008.4,100,13.0827,80.275,0.0
2024-05-16 01:00:00+05:30,0.0,0.0,0.0,27.5,9.1,146.0,89.0,100.0,1007.8,100,13.0827,80.275,0.0
2024-05-16 02:00:00+05:30,0.0,0.0,0.0,27.0,5.8,158.0,92.0,100.0,1007.3,100,13.0827,80.275,0.0
2024-05-16 03:00:00+05:30,0.0,0.0,0.0,26.9,5.1,129.0,94.0,100.0,1007.2,100,13.0827,80.275,0.0
2024-05-16 04:00:00+05:30,0.0,0.0,0.0,27.0,4.5,151.0,94.0,100.0,1007.5,100,13.0827,80.275,0.0
2024-05-16 05:00:00+05:30,0.0,0.0,0.0,25.9,7.9,156.0,95.0,100.0,1008.3,100,13.0827,80.275,0.0
2024-05-16 06:00:00+05:30,26.0,54.2,20.0,28.8,7.3,237.0,84.0,99.0,1007.9,100,13.0827,80.275,1.168831682138458
2024-05-16 07:00:00+05:30,130.0,130.6,92.0,28.0,14.9,105.0,82.0,100.0,1008.9,100,13.0827,80.275,8.187102446111618
2024-05-16 08:00:00+05:30,206.0,99.2,155.0,27.2,8.3,146.0,89.0,100.0,1010.1,100,13.0827,80.275,16.08433493942953
2024-05-16 09:00:00+05:30,301.0,101.7,229.0,27.8,5.8,112.0,84.0,100.0,1010.2,100,13.0827,80.275,23.964453635169924
2024-05-16 10:00:00+05:30,193.0,9.3,185.0,27.9,7.6,155.0,83.0,100.0,1009.8,100,13.0827,80.275,16.13007197954375
2024-05-16 11:00:00+05:30,579.0,242.0,348.0,29.6,8.3,162.0,76.0,100.0,1009.5,100,13.0827,80.275,45.813097476749036
2024-05-16 12:00:00+05:30,488.0,113.0,376.0,29.4,12.4,154.0,75.0,100.0,1009.1,100,13.0827,80.275,39.387302741839484
2024-05-16 13:00:00+05:30,495.0,103.5,395.0,29.4,12.3,177.0,76.0,100.0,1008.2,100,13.0827,80.275,40.393814326473546
2024-05-16 14:00:00+05:30,321.0,47.8,279.0,29.1,11.3,173.0,78.0,100.0,1006.5,100,13.0827,80.275,26.746531640056688
2024-05-16 15:00:00+05:30,355.0,107.0,276.0,29.6,5.6,165.0,75.0,100.0,1006.1,100,13.0827,80.275,27.89051775267241
2024-05-16 16:00:00+05:30,205.0,14.5,197.0,29.5,8.7,138.0,75.0,100.0,1006.1,100,13.0827,80.275,17.10445601625583
2024-05-16 17:00:00+05:30,109.0,30.0,99.0,29.0,5.1,129.0,77.0,100.0,1006.5,100,13.0827,80.275,8.291608176636357
2024-05-16 18:00:00+05:30,32.0,15.1,30.0,28.7,6.6,112.0,78.0,100.0,1005.7,100,13.0827,80.275,2.014402767711157
2024-05-16 19:00:00+05:30,0.0,0.0,0.0,28.6,5.5,122.0,78.0,100.0,1006.8,100,13.0827,80.275,0.0
2024-05-16 20:00:00+05:30,0.0,0.0,0.0,28.6,8.8,145.0,78.0,100.0,1008.0,100,13.0827,80.275,0.0
2024-05-16 21:00:00+05:30,0.0,0.0,0.0,28.4,6.8,148.0,82.0,100.0,1008.7,100,13.0827,80.275,0.0
2024-05-16 22:00:00+05:30,0.0,0.0,0.0,28.2,3.8,139.0,84.0,100.0,1008.9,100,13.0827,80.275,0.0
2024-05-16 23:00:00+05:30,0.0,0.0,0.0,28.2,5.6,153.0,84.0,100.0,1007.9,100,13.0827,80.275,0.0
2024-05-17 00:00:00+05:30,0.0,0.0,0.0,27.9,7.4,166.0,85.0,100.0,1006.7,100,13.0827,80.275,0.0
2024-05-17 01:00:00+05:30,0.0,0.0,0.0,27.9,8.0,172.0,86.0,99.0,1006.3,100,13.0827,80.275,0.0
2024-05-17 02:00:00+05:30,0.0,0.0,0.0,27.5,4.2,200.0,88.0,40.0,1005.5,100,13.0827,80.275,0.0
2024-05-17 03:00:00+05:30,0.0,0.0,0.0,27.0,6.2,260.0,92.0,33.0,1005.8,100,13.0827,80.275,0.0
2024-05-17 04:00:00+05:30,0.0,0.0,0.0,26.6,7.3,281.0,93.0,37.0,1006.2,100,13.0827,80.275,0.0
2024-05-17 05:00:00+05:30,0.0,0.0,0.0,26.5,7.4,293.0,93.0,100.0,1006.5,100,13.0827,80.275,0.0
2024-05-17 06:00:00+05:30,24.0,27.1,21.0,27.4,2.5,270.0,93.0,99.0,1007.3,100,13.0827,80.275,1.301859688819706
2024-05-17 07:00:00+05:30,97.0,44.6,84.0,27.7,3.8,311.0,88.0,100.0,1008.1,100,13.0827,80.275,7.361178259112557
2024-05-17 08:00:00+05:30,205.0,52.5,178.0,28.5,0.8,297.0,84.0,100.0,1008.6,100,13.0827,80.275,16.539970000197783
2024-05-17 09:00:00+05:30,241.0,55.1,202.0,28.4,8.2,151.0,82.0,100.0,1008.7,100,13.0827,80.275,19.974808658481617
2024-05-17 10:00:00+05:30,423.0,102.6,335.0,29.2,10.1,145.0,77.0,100.0,1008.3,100,13.0827,80.275,33.5988273306717
2024-05-17 11:00:00+05:30,527.0,150.9,383.0,30.1,13.4,153.0,73.0,100.0,1008.1,100,13.0827,80.275,41.03547473737155
2024-05-17 12:00:00+05:30,492.0,89.8,403.0,30.4,11.8,149.0,74.0,100.0,1006.8,100,13.0827,80.275,40.44001773882894
2024-05-17 13:00:00+05:30,683.0,306.6,387.0,30.6,15.6,142.0,73.0,100.0,1005.7,100,13.0827,80.275,53.03814537365253
2024-05-17 14:00:00+05:30,459.0,113.7,359.0,30.3,15.4,143.0,74.0,100.0,1004.8,100,13.0827,80.275,36.83671930482841
2024-05-17 15:00:00+05:30,374.0,111.1,292.0,30.4,15.7,148.0,71.0,100.0,1004.1,100,13.0827,80.275,29.843959302876048
2024-05-17 16:00:00+05:30,287.0,144.9,207.0,30.2,18.9,149.0,73.0,98.0,1004.0,100,13.0827,80.275,22.28378154178445
2024-05-17 17:00:00+05:30,189.0,218.8,116.0,29.4,16.8,157.0,78.0,100.0,1004.3,100,13.0827,80.275,11.554521812939338
2024-05-17 18:00:00+05:30,19.0,22.6,16.0,30.0,9.7,149.0,75.0,100.0,1005.3,100,13.0827,80.275,0.8330517092518392
2024-05-17 19:00:00+05:30,0.0,0.0,0.0,29.8,13.4,153.0,72.0,100.0,1006.2,100,13.0827,80.275,0.0
2024-05-17 20:00:00+05:30,0.0,0.0,0.0,29.4,9.2,141.0,75.0,100.0,1006.7,100,13.0827,80.275,0.0
2024-05-17 21:00:00+05:30,0.0,0.0,0.0,29.2,6.0,163.0,77.0,100.0,1007.3,100,13.0827,80.275,0.0
2024-05-17 22:00:00+05:30,0.0,0.0,0.0,29.4,6.9,171.0,78.0,100.0,1007.3,100,13.0827,80.275,0.0
2024-05-17 23:00:00+05:30,0.0,0.0,0.0,29.1,6.3,204.0,80.0,99.0,1007.1,100,13.0827,80.275,0.0
2024-05-18 00:00:00+05:30,0.0,0.0,0.0,28.5,3.1,144.0,83.0,97.0,1006.6,100,13.0827,80.275,0.0
2024-05-18 01:00:00+05:30,0.0,0.0,0.0,27.6,3.2,180.0,89.0,100.0,1006.1,100,13.0827,80.275,0.0
2024-05-18 02:00:00+05:30,0.0,0.0,0.0,27.1,7.7,221.0,89.0,99.0,1005.6,100,13.0827,80.275,0.0
2024-05-18 03:00:00+05:30,0.0,0.0,0.0,26.4,4.9,234.0,92.0,99.0,1005.5,100,13.0827,80.275,0.0
2024-05-18 04:00:00+05:30,0.0,0.0,0.0,26.1,2.3,252.0,95.0,81.0,1005.4,100,13.0827,80.275,0.0
2024-05-18 05:00:00+05:30,0.0,0.0,0.0,26.2,3.7,209.0,93.0,88.0,1005.6,100,13.0827,80.275,0.0
2024-05-18 06:00:00+05:30,1.0,0.0,1.0,26.8,6.6,158.0,95.0,100.0,1005.8,100,13.0827,80.275,0.0
2024-05-18 07:00:00+05:30,58.0,17.1,53.0,27.2,5.9,169.0,93.0,100.0,1006.1,100,13.0827,80.275,4.233816263248637
2024-05-18 08:00:00+05:30,159.0,13.6,152.0,28.4,10.8,176.0,86.0,100.0,1006.9,100,13.0827,80.275,13.12782840842759
2024-05-18 09:00:00+05:30,285.0,55.1,246.0,29.2,7.3,147.0,83.0,100.0,1006.9,100,13.0827,80.275,22.91699899454433
2024-05-18 10:00:00+05:30,509.0,222.8,318.0,29.8,7.5,107.0,81.0,100.0,1007.3,100,13.0827,80.275,40.24003198567438
2024-05-18 11:00:00+05:30,467.0,92.3,379.0,29.4,10.8,127.0,79.0,100.0,1006.4,100,13.0827,80.275,38.45461123379656
2024-05-18 12:00:00+05:30,408.0,53.5,355.0,29.6,10.0,116.0,77.0,100.0,1005.2,100,13.0827,80.275,34.67450458487278
2024-05-18 13:00:00+05:30,535.0,153.4,387.0,30.3,11.2,111.0,74.0,100.0,1003.6,100,13.0827,80.275,43.36806508388039
2024-05-18 14:00:00+05:30,522.0,176.3,367.0,30.6,11.0,113.0,73.0,100.0,1003.1,100,13.0827,80.275,41.03951514687377
2024-05-18 15:00:00+05:30,444.0,203.2,294.0,30.4,12.5,108.0,74.0,100.0,1002.4,100,13.0827,80.275,34.93940721844647
2024-05-18 16:00:00+05:30,380.0,400.0,159.0,30.5,14.9,122.0,73.0,99.0,1002.3,100,13.0827,80.275,25.32595723013867
2024-05-18 17:00:00+05:30,179.0,206.4,110.0,29.4,13.8,137.0,79.0,100.0,1003.0,100,13.0827,80.275,10.470879807047584
2024-05-18 18:00:00+05:30,46.0,112.7,31.0,30.5,11.3,127.0,75.0,88.0,1003.2,100,13.0827,80.275,1.9859372843573766
2024-05-18 19:00:00+05:30,0.0,0.0,0.0,30.0,11.6,126.0,79.0,100.0,1004.4,100,13.0827,80.275,0.0
2024-05-18 20:00:00+05:30,0.0,0.0,0.0,29.9,14.1,122.0,81.0,100.0,1004.8,100,13.0827,80.275,0.0
2024-05-18 21:00:00+05:30,0.0,0.0,0.0,29.8,14.2,126.0,81.0,100.0,1004.7,100,13.0827,80.275,0.0
2024-05-18 22:00:00+05:30,0.0,0.0,0.0,29.5,10.7,138.0,83.0,100.0,1005.3,100,13.0827,80.275,0.0
2024-05-18 23:00:00+05:30,0.0,0.0,0.0,29.3,9.8,144.0,83.0,100.0,1004.8,100,13.0827,80.275,0.0
2024-05-19 00:00:00+05:30,0.0,0.0,0.0,27.5,12.7,165.0,89.0,100.0,1004.7,100,13.0827,80.275,0.0
2024-05-19 01:00:00+05:30,0.0,0.0,0.0,26.4,6.4,227.0,93.0,100.0,1004.4,100,13.0827,80.275,0.0
2024-05-19 02:00:00+05:30,0.0,0.0,0.0,26.4,6.5,270.0,93.0,100.0,1003.7,100,13.0827,80.275,0.0
2024-05-19 03:00:00+05:30,0.0,0.0,0.0,26.3,5.1,262.0,93.0,100.0,1003.6,100,13.0827,80.275,0.0
2024-05-19 04:00:00+05:30,0.0,0.0,0.0,26.2,4.8,312.0,94.0,100.0,1003.1,100,13.0827,80.275,0.0
2024-05-19 05:00:00+05:30,0.0,0.0,0.0,26.2,4.1,255.0,94.0,100.0,1003.4,100,13.0827,80.275,0.0
2024-05-19 06:00:00+05:30,13.0,0.0,13.0,26.6,0.8,243.0,92.0,100.0,1003.9,100,13.0827,80.275,0.5963725995036677
2024-05-19 07:00:00+05:30,115.0,58.2,98.0,27.4,4.0,280.0,89.0,100.0,1004.9,100,13.0827,80.275,8.156470231748463
2024-05-19 08:00:00+05:30,222.0,58.3,192.0,28.4,4.8,257.0,84.0,100.0,1005.4,100,13.0827,80.275,17.692358440045602
2024-05-19 09:00:00+05:30,445.0,214.9,293.0,30.3,2.3,252.0,76.0,100.0,1005.8,100,13.0827,80.275,33.69829170658894
2024-05-19 10:00:00+05:30,634.0,384.0,305.0,32.0,1.8,90.0,68.0,100.0,1005.3,100,13.0827,80.275,46.362103695910264
2024-05-19 11:00:00+05:30,739.0,395.5,362.0,32.7,7.2,93.0,65.0,100.0,1004.5,100,13.0827,80.275,56.65534653886289
2024-05-19 12:00:00+05:30,818.0,527.2,296.0,33.1,10.8,120.0,63.0,100.0,1003.7,100,13.0827,80.275,60.84101988745395
2024-05-19 13:00:00+05:30,834.0,578.4,276.0,32.6,16.3,125.0,66.0,38.0,1002.6,100,13.0827,80.275,62.86221221576463
2024-05-19 14:00:00+05:30,672.0,508.6,225.0,31.0,17.1,118.0,72.0,91.0,1001.6,100,13.0827,80.275,49.305844801254565
2024-05-19 15:00:00+05:30,532.0,434.8,211.0,30.6,17.6,121.0,74.0,100.0,1000.7,100,13.0827,80.275,37.92913293309459
2024-05-19 16:00:00+05:30,372.0,329.2,190.0,30.2,15.3,114.0,76.0,100.0,1000.5,100,13.0827,80.275,25.59382021285754
2024-05-19 17:00:00+05:30,193.0,215.0,121.0,29.7,14.8,116.0,77.0,100.0,1001.0,100,13.0827,80.275,11.560110726944545
2024-05-19 18:00:00+05:30,38.0,59.9,30.0,31.0,13.2,163.0,74.0,100.0,1001.3,100,13.0827,80.275,1.9537601518697136
2024-05-19 19:00:00+05:30,0.0,0.0,0.0,30.3,12.8,169.0,78.0,97.0,1002.2,100,13.0827,80.275,0.0
2024-05-19 20:00:00+05:30,0.0,0.0,0.0,30.0,8.1,193.0,81.0,79.0,1003.3,100,13.0827,80.275,0.0
2024-05-19 21:00:00+05:30,0.0,0.0,0.0,29.2,2.9,240.0,85.0,77.0,1004.1,100,13.0827,80.275,0.0
2024-05-19 22:00:00+05:30,0.0,0.0,0.0,28.9,3.3,193.0,88.0,92.0,1003.7,100,13.0827,80.275,0.0
2024-05-19 23:00:00+05:30,0.0,0.0,0.0,28.9,5.4,172.0,88.0,100.0,1003.5,100,13.0827,80.275,0.0
2024-05-20 00:00:00+05:30,0.0,0.0,0.0,27.3,8.4,130.0,92.0,100.0,1003.2,100,13.0827,80.275,0.0
2024-05-20 01:00:00+05:30,0.0,0.0,0.0,26.7,9.7,105.0,94.0,100.0,1003.5,100,13.0827,80.275,0.0
2024-05-20 02:00:00+05:30,0.0,0.0,0.0,26.8,8.2,151.0,94.0,100.0,1002.6,100,13.0827,80.275,0.0
2024-05-20 03:00:00+05:30,0.0,0.0,0.0,26.8,3.2,117.0,93.0,100.0,1002.2,100,13.0827,80.275,0.0
2024-05-20 04:00:00+05:30,0.0,0.0,0.0,26.9,2.5,262.0,93.0,100.0,1002.6,100,13.0827,80.275,0.0
2024-05-20 05:00:00+05:30,0.0,0.0,0.0,26.7,4.7,247.0,96.0,100.0,1002.8,100,13.0827,80.275,0.0
2024-05-20 06:00:00+05:30,3.0,0.0,3.0,26.8,5.6,130.0,94.0,100.0,1003.0,100,13.0827,80.275,0.0
2024-05-20 07:00:00+05:30,40.0,3.4,39.0,26.9,6.2,234.0,94.0,100.0,1004.6,100,13.0827,80.275,2.950988010707855
2024-05-20 08:00:00+05:30,177.0,23.3,165.0,28.0,2.2,351.0,89.0,100.0,1005.0,100,13.0827,80.275,14.537461051642454
2024-05-20 09:00:00+05:30,270.0,29.7,249.0,29.0,1.0,135.0,83.0,100.0,1005.4,100,13.0827,80.275,22.04076849637334
2024-05-20 10:00:00+05:30,280.0,4.7,276.0,29.8,6.6,189.0,78.0,100.0,1005.1,100,13.0827,80.275,23.510761516874048
2024-05-20 11:00:00+05:30,500.0,153.2,354.0,30.4,9.3,118.0,74.0,100.0,1004.6,100,13.0827,80.275,39.44147259993532
2024-05-20 12:00:00+05:30,236.0,27.3,209.0,29.1,13.9,121.0,80.0,100.0,1003.5,100,13.0827,80.275,19.723354231025358
2024-05-20 13:00:00+05:30,588.0,226.0,370.0,30.6,8.9,130.0,73.0,100.0,1002.2,100,13.0827,80.275,45.63510200764615
2024-05-20 14:00:00+05:30,393.0,58.0,342.0,30.1,9.2,132.0,74.0,100.0,1001.6,100,13.0827,80.275,32.30139593146765
2024-05-20 15:00:00+05:30,308.0,46.0,274.0,29.7,9.8,126.0,77.0,100.0,1000.7,100,13.0827,80.275,25.140222774179392
2024-05-20 16:00:00+05:30,186.0,18.1,176.0,29.5,9.3,126.0,77.0,100.0,1000.3,100,13.0827,80.275,15.18772079132298
2024-05-20 17:00:00+05:30,104.0,14.9,99.0,29.3,11.3,117.0,78.0,100.0,1001.3,100,13.0827,80.275,8.221808486517503
2024-05-20 18:00:00+05:30,44.0,82.2,33.0,31.3,14.6,123.0,73.0,100.0,1001.7,100,13.0827,80.275,2.1726654140999657
2024-05-20 19:00:00+05:30,0.0,0.0,0.0,31.2,16.6,129.0,73.0,100.0,1002.6,100,13.0827,80.275,0.0
2024-05-20 20:00:00+05:30,0.0,0.0,0.0,30.0,15.9,155.0,78.0,100.0,1003.3,100,13.0827,80.275,0.0
2024-05-20 21:00:00+05:30,0.0,0.0,0.0,28.7,16.3,188.0,85.0,100.0,1004.3,100,13.0827,80.275,0.0
2024-05-20 22:00:00+05:30,0.0,0.0,0.0,28.4,8.4,200.0,84.0,100.0,1004.5,100,13.0827,80.275,0.0
2024-05-20 23:00:00+05:30,0.0,0.0,0.0,28.1,8.6,202.0,85.0,100.0,1004.7,100,13.0827,80.275,0.0
2024-05-21 00:00:00+05:30,0.0,0.0,0.0,27.6,7.9,254.0,86.0,100.0,1003.9,100,13.0827,80.275,0.0
2024-05-21 01:00:00+05:30,0.0,0.0,0.0,27.3,7.3,281.0,87.0,100.0,1003.2,100,13.0827,80.275,0.0
2024-05-21 02:00:00+05:30,0.0,0.0,0.0,27.2,1.8,281.0,89.0,100.0,1002.7,100,13.0827,80.275,0.0
2024-05-21 03:00:00+05:30,0.0,0.0,0.0,27.2,0.8,27.0,89.0,100.0,1002.4,100,13.0827,80.275,0.0
2024-05-21 04:00:00+05:30,0.0,0.0,0.0,27.1,4.1,345.0,92.0,100.0,1002.1,100,13.0827,80.275,0.0
2024-05-21 05:00:00+05:30,0.0,0.0,0.0,26.9,3.6,323.0,95.0,100.0,1002.3,100,13.0827,80.275,0.0
2024-05-21 06:00:00+05:30,9.0,0.0,9.0,28.4,11.3,81.0,91.0,100.0,1001.7,100,13.0827,80.275,0.2365689163783543
2024-05-21 07:00:00+05:30,88.0,3.4,87.0,29.7,7.1,60.0,85.0,100.0,1001.7,100,13.0827,80.275,7.143641240199832
2024-05-21 08:00:00+05:30,244.0,66.1,210.0,30.0,8.0,108.0,84.0,100.0,1004.0,100,13.0827,80.275,19.581683294205195
2024-05-21 09:00:00+05:30,310.0,106.1,235.0,28.8,2.6,146.0,84.0,100.0,1004.6,100,13.0827,80.275,24.099625045477907
2024-05-21 10:00:00+05:30,307.0,70.1,247.0,29.3,13.2,43.0,83.0,100.0,1003.7,100,13.0827,80.275,25.422376435644157
2024-05-21 11:00:00+05:30,532.0,172.2,368.0,30.5,12.7,105.0,79.0,100.0,1003.6,100,13.0827,80.275,43.40879623897865
2024-05-21 12:00:00+05:30,385.0,63.7,322.0,29.0,12.3,87.0,84.0,100.0,1003.6,100,13.0827,80.275,31.403667942892476
2024-05-21 13:00:00+05:30,367.0,43.6,325.0,29.2,13.2,61.0,80.0,100.0,1002.3,100,13.0827,80.275,29.86208513629324
2024-05-21 14:00:00+05:30,477.0,112.7,378.0,30.1,11.0,52.0,76.0,100.0,1001.6,100,13.0827,80.275,38.518935666200726
2024-05-21 15:00:00+05:30,499.0,284.4,289.0,30.6,10.7,57.0,74.0,100.0,1000.9,100,13.0827,80.275,37.92313267398587
2024-05-21 16:00:00+05:30,281.0,110.2,220.0,29.8,9.8,66.0,78.0,100.0,1000.3,100,13.0827,80.275,20.9274903465866
2024-05-21 17:00:00+05:30,153.0,62.4,132.0,29.6,9.2,64.0,78.0,100.0,1000.9,100,13.0827,80.275,11.299881302761591
2024-05-21 18:00:00+05:30,1.0,0.0,1.0,27.6,14.5,136.0,91.0,100.0,1002.3,100,13.0827,80.275,0.0
2024-05-21 19:00:00+05:30,0.0,0.0,0.0,27.8,5.0,201.0,90.0,100.0,1003.0,100,13.0827,80.275,0.0
2024-05-21 20:00:00+05:30,0.0,0.0,0.0,27.3,6.7,216.0,93.0,100.0,1003.2,100,13.0827,80.275,0.0
2024-05-21 21:00:00+05:30,0.0,0.0,0.0,27.1,3.9,292.0,95.0,100.0,1003.3,100,13.0827,80.275,0.0
2024-05-21 22:00:00+05:30,0.0,0.0,0.0,26.8,4.8,257.0,97.0,100.0,1003.6,100,13.0827,80.275,0.0
2024-05-21 23:00:00+05:30,0.0,0.0,0.0,26.6,5.7,305.0,97.0,100.0,1003.2,100,13.0827,80.275,0.0
2024-05-22 00:00:00+05:30,0.0,0.0,0.0,26.6,7.1,311.0,97.0,100.0,1002.2,100,13.0827,80.275,0.0
2024-05-22 01:00:00+05:30,0.0,0.0,0.0,26.7,4.1,315.0,97.0,100.0,1001.2,100,13.0827,80.275,0.0
2024-05-22 02:00:00+05:30,0.0,0.0,0.0,26.6,5.5,23.0,95.0,100.0,1000.8,100,13.0827,80.275,0.0
2024-05-22 03:00:00+05:30,0.0,0.0,0.0,26.9,4.0,10.0,95.0,100.0,1000.8,100,13.0827,80.275,0.0
2024-05-22 04:00:00+05:30,0.0,0.0,0.0,27.2,3.3,41.0,95.0,100.0,1000.9,100,13.0827,80.275,0.0
2024-05-22 05:00:00+05:30,0.0,0.0,0.0,27.3,2.3,51.0,93.0,100.0,1001.1,100,13.0827,80.275,0.0
2024-05-22 06:00:00+05:30,5.0,0.0,5.0,26.8,4.1,308.0,94.0,100.0,1001.8,100,13.0827,80.275,0.0
2024-05-22 07:00:00+05:30,31.0,0.0,31.0,25.7,14.6,310.0,96.0,100.0,1003.9,100,13.0827,80.275,2.1929507896069453
2024-05-22 08:00:00+05:30,46.0,0.0,46.0,26.3,11.3,37.0,91.0,100.0,1003.7,100,13.0827,80.275,3.5471569679710524
2024-05-22 09:00:00+05:30,108.0,19.8,94.0,27.2,6.1,357.0,89.0,100.0,1004.0,100,13.0827,80.275,8.816158044955333
2024-05-22 10:00:00+05:30,196.0,9.4,188.0,28.3,13.4,354.0,84.0,100.0,1003.3,100,13.0827,80.275,16.256694121981052
2024-05-22 11:00:00+05:30,365.0,42.0,325.0,29.6,17.3,355.0,79.0,100.0,1002.6,100,13.0827,80.275,31.075238900816146
2024-05-22 12:00:00+05:30,449.0,57.6,392.0,30.8,15.1,18.0,73.0,100.0,1001.7,100,13.0827,80.275,36.97016341978933
2024-05-22 13:00:00+05:30,380.0,34.2,347.0,30.8,14.5,35.0,75.0,100.0,1000.3,100,13.0827,80.275,30.85616891713301
2024-05-22 14:00:00+05:30,475.0,145.7,347.0,31.3,16.7,37.0,72.0,100.0,999.3,100,13.0827,80.275,37.95778683630309
2024-05-22 15:00:00+05:30,330.0,71.8,277.0,30.6,18.6,49.0,77.0,100.0,998.7,100,13.0827,80.275,26.780497055401995
2024-05-22 16:00:00+05:30,250.0,111.9,188.0,30.1,18.3,54.0,80.0,100.0,998.5,100,13.0827,80.275,18.672308280444113
2024-05-22 17:00:00+05:30,154.0,71.2,130.0,29.8,14.2,60.0,81.0,100.0,999.3,100,13.0827,80.275,11.159430707875323
2024-05-22 18:00:00+05:30,40.0,37.1,35.0,30.2,11.3,107.0,77.0,100.0,999.8,100,13.0827,80.275,2.418062307554455
2024-05-22 19:00:00+05:30,0.0,0.0,0.0,29.7,12.0,139.0,80.0,100.0,1000.7,100,13.0827,80.275,0.0
2024-05-22 20:00:00+05:30,0.0,0.0,0.0,29.3,9.5,143.0,83.0,100.0,1001.5,100,13.0827,80.275,0.0
2024-05-22 21:00:00+05:30,0.0,0.0,0.0,29.0,6.0,155.0,85.0,100.0,1002.5,100,13.0827,80.275,0.0
2024-05-22 22:00:00+05:30,0.0,0.0,0.0,28.5,4.1,135.0,88.0,99.0,1002.6,100,13.0827,80.275,0.0
2024-05-22 23:00:00+05:30,0.0,0.0,0.0,29.1,2.5,188.0,85.0,100.0,1002.1,100,13.0827,80.275,0.0
2024-05-23 00:00:00+05:30,0.0,0.0,0.0,27.6,4.4,235.0,93.0,100.0,1001.2,100,13.0827,80.275,0.0
2024-05-23 01:00:00+05:30,0.0,0.0,0.0,27.5,3.3,264.0,93.0,100.0,1000.8,100,13.0827,80.275,0.0
2024-05-23 02:00:00+05:30,0.0,0.0,0.0,27.2,2.2,279.0,96.0,100.0,1000.0,100,13.0827,80.275,0.0
2024-05-23 03:00:00+05:30,0.0,0.0,0.0,27.2,5.6,310.0,96.0,100.0,999.3,100,13.0827,80.275,0.0
2024-05-23 04:00:00+05:30,0.0,0.0,0.0,27.0,4.3,318.0,97.0,88.0,999.7,100,13.0827,80.275,0.0
2024-05-23 05:00:00+05:30,0.0,0.0,0.0,26.6,3.5,294.0,99.0,100.0,1000.3,100,13.0827,80.275,0.0
2024-05-23 06:00:00+05:30,17.0,17.9,15.0,26.9,10.6,162.0,97.0,100.0,1001.4,100,13.0827,80.275,0.7566795766535152
2024-05-23 07:00:00+05:30,37.0,0.0,37.0,26.6,2.0,135.0,94.0,100.0,1003.5,100,13.0827,80.275,2.6894333125403884
2024-05-23 08:00:00+05:30,54.0,0.0,54.0,26.9,5.9,322.0,92.0,100.0,1002.4,100,13.0827,80.275,4.213226925334619
2024-05-23 09:00:00+05:30,186.0,1.4,185.0,27.9,6.5,264.0,87.0,100.0,1003.0,100,13.0827,80.275,15.316560571545889
2024-05-23 10:00:00+05:30,426.0,95.9,344.0,29.7,3.5,294.0,81.0,100.0,1002.1,100,13.0827,80.275,33.5421590533347
2024-05-23 11:00:00+05:30,694.0,336.3,374.0,31.8,0.5,315.0,72.0,100.0,1001.8,100,13.0827,80.275,50.478929060700175
2024-05-23 12:00:00+05:30,786.0,442.1,349.0,32.5,3.6,127.0,69.0,100.0,1000.9,100,13.0827,80.275,58.203363635526294
2024-05-23 13:00:00+05:30,835.0,609.3,248.0,32.5,8.9,133.0,69.0,100.0,999.5,100,13.0827,80.275,60.833237703554964
2024-05-23 14:00:00+05:30,737.0,587.5,221.0,32.3,10.5,139.0,73.0,100.0,998.5,100,13.0827,80.275,53.61793631418437
2024-05-23 15:00:00+05:30,594.0,552.3,186.0,31.6,13.0,132.0,76.0,100.0,998.0,100,13.0827,80.275,42.41486535928858
2024-05-23 16:00:00+05:30,376.0,393.2,158.0,30.8,14.1,128.0,76.0,100.0,997.8,100,13.0827,80.275,24.57609848301164
2024-05-23 17:00:00+05:30,210.0,307.9,106.0,30.2,10.7,123.0,77.0,100.0,998.3,100,13.0827,80.275,11.582507303145162
2024-05-23 18:00:00+05:30,44.0,51.8,37.0,31.0,11.8,113.0,76.0,100.0,998.8,100,13.0827,80.275,2.548381169411228
2024-05-23 19:00:00+05:30,0.0,0.0,0.0,30.4,9.8,126.0,80.0,100.0,999.8,100,13.0827,80.275,0.0
2024-05-23 20:00:00+05:30,0.0,0.0,0.0,30.0,10.5,158.0,84.0,100.0,1000.8,100,13.0827,80.275,0.0
2024-05-23 21:00:00+05:30,0.0,0.0,0.0,29.7,13.8,173.0,87.0,99.0,1001.3,100,13.0827,80.275,0.0
2024-05-23 22:00:00+05:30,0.0,0.0,0.0,29.3,12.3,183.0,89.0,100.0,1001.2,100,13.0827,80.275,0.0
2024-05-23 23:00:00+05:30,0.0,0.0,0.0,29.0,10.5,176.0,90.0,95.0,1000.5,100,13.0827,80.275,0.0
2024-05-24 00:00:00+05:30,0.0,0.0,0.0,28.2,14.3,205.0,91.0,100.0,1000.5,100,13.0827,80.275,0.0
2024-05-24 01:00:00+05:30,0.0,0.0,0.0,27.4,13.7,215.0,92.0,100.0,1000.3,100,13.0827,80.275,0.0
2024-05-24 02:00:00+05:30,0.0,0.0,0.0,27.1,11.2,230.0,93.0,100.0,999.4,100,13.0827,80.275,0.0
2024-05-24 03:00:00+05:30,0.0,0.0,0.0,26.9,10.2,247.0,93.0,92.0,998.6,100,13.0827,80.275,0.0
2024-05-24 04:00:00+05:30,0.0,0.0,0.0,26.8,10.8,233.0,92.0,94.0,999.2,100,13.0827,80.275,0.0
2024-05-24 05:00:00+05:30,0.0,0.0,0.0,26.6,10.7,256.0,92.0,89.0,999.3,100,13.0827,80.275,0.0
2024-05-24 06:00:00+05:30,8.0,0.0,8.0,29.0,6.4,218.0,86.0,74.0,999.5,100,13.0827,80.275,0.14634206591360327
2024-05-24 07:00:00+05:30,153.0,204.9,93.0,30.4,6.1,220.0,78.0,100.0,1000.1,100,13.0827,80.275,8.343584471591017
2024-05-24 08:00:00+05:30,345.0,317.1,182.0,32.1,11.4,198.0,70.0,100.0,1000.7,100,13.0827,80.275,23.181052177789017
2024-05-24 09:00:00+05:30,515.0,389.7,240.0,33.4,13.3,199.0,65.0,100.0,1000.5,100,13.0827,80.275,37.2344939004089
2024-05-24 10:00:00+05:30,422.0,101.8,335.0,34.1,11.0,203.0,62.0,100.0,1000.4,100,13.0827,80.275,33.0925819620277
2024-05-24 11:00:00+05:30,343.0,13.7,330.0,34.5,9.6,200.0,59.0,93.0,1000.1,100,13.0827,80.275,27.944247559663534
2024-05-24 12:00:00+05:30,640.0,313.8,330.0,35.7,7.9,180.0,53.0,100.0,999.2,100,13.0827,80.275,47.304972968995564
2024-05-24 13:00:00+05:30,869.0,684.2,210.0,36.1,10.7,140.0,56.0,100.0,997.9,100,13.0827,80.275,62.85226814804037
2024-05-24 14:00:00+05:30,707.0,464.6,299.0,34.6,18.3,137.0,68.0,100.0,997.0,100,13.0827,80.275,52.62061225576942
2024-05-24 15:00:00+05:30,498.0,322.1,260.0,33.6,19.3,153.0,66.0,100.0,996.7,100,13.0827,80.275,36.709115803760184
2024-05-24 16:00:00+05:30,302.0,207.3,187.0,32.8,17.4,150.0,72.0,100.0,996.9,100,13.0827,80.275,21.26639274534903
2024-05-24 17:00:00+05:30,173.0,144.8,124.0,31.6,16.1,156.0,79.0,100.0,997.6,100,13.0827,80.275,11.250179833802573
2024-05-24 18:00:00+05:30,16.0,0.0,16.0,32.5,22.6,149.0,77.0,100.0,997.7,100,13.0827,80.275,0.8656845300107588
2024-05-24 19:00:00+05:30,0.0,0.0,0.0,32.0,20.9,169.0,74.0,100.0,998.3,100,13.0827,80.275,0.0
2024-05-24 20:00:00+05:30,0.0,0.0,0.0,31.8,16.2,177.0,71.0,100.0,999.2,100,13.0827,80.275,0.0
2024-05-24 21:00:00+05:30,0.0,0.0,0.0,31.4,17.0,185.0,73.0,100.0,1000.0,100,13.0827,80.275,0.0
2024-05-24 22:00:00+05:30,0.0,0.0,0.0,30.9,16.2,192.0,81.0,100.0,1000.2,100,13.0827,80.275,0.0
2024-05-24 23:00:00+05:30,0.0,0.0,0.0,30.6,10.5,207.0,83.0,100.0,1000.0,100,13.0827,80.275,0.0
2024-05-25 00:00:00+05:30,0.0,0.0,0.0,30.4,10.4,250.0,82.0,100.0,1000.0,100,13.0827,80.275,0.0
2024-05-25 01:00:00+05:30,0.0,0.0,0.0,30.4,13.5,224.0,77.0,99.0,999.0,100,13.0827,80.275,0.0
2024-05-25 02:00:00+05:30,0.0,0.0,0.0,30.1,16.6,221.0,70.0,100.0,998.0,100,13.0827,80.275,0.0
2024-05-25 03:00:00+05:30,0.0,0.0,0.0,29.8,14.8,231.0,69.0,100.0,997.4,100,13.0827,80.275,0.0
2024-05-25 04:00:00+05:30,0.0,0.0,0.0,30.1,15.3,246.0,66.0,100.0,997.4,100,13.0827,80.275,0.0
2024-05-25 05:00:00+05:30,0.0,0.0,0.0,30.3,15.9,265.0,60.0,100.0,997.9,100,13.0827,80.275,0.0
2024-05-25 06:00:00+05:30,19.0,8.9,18.0,30.4,14.5,215.0,75.0,100.0,997.5,100,13.0827,80.275,1.0105618722413616
2024-05-25 07:00:00+05:30,140.0,95.6,112.0,31.4,10.8,206.0,73.0,100.0,998.5,100,13.0827,80.275,9.675580556512855
2024-05-25 08:00:00+05:30,339.0,282.2,194.0,33.2,15.3,330.0,61.0,100.0,1000.0,100,13.0827,80.275,22.316412618770737
2024-05-25 09:00:00+05:30,276.0,168.7,157.0,30.2,15.8,333.0,75.0,100.0,1001.3,100,13.0827,80.275,20.717853253659584
2024-05-25 10:00:00+05:30,303.0,132.3,190.0,30.3,11.2,312.0,73.0,100.0,1001.2,100,13.0827,80.275,23.724483075591035
2024-05-25 11:00:00+05:30,405.0,97.8,312.0,31.0,9.5,261.0,70.0,100.0,1000.4,100,13.0827,80.275,32.881261599693865
2024-05-25 12:00:00+05:30,413.0,49.6,364.0,32.6,7.6,267.0,61.0,100.0,999.8,100,13.0827,80.275,33.51788100455429
2024-05-25 13:00:00+05:30,250.0,10.4,240.0,33.0,7.6,273.0,58.0,100.0,998.4,100,13.0827,80.275,20.12285547828937
2024-05-25 14:00:00+05:30,466.0,110.5,369.0,35.0,10.9,278.0,50.0,100.0,997.4,100,13.0827,80.275,35.97776768535263
2024-05-25 15:00:00+05:30,429.0,148.8,319.0,36.1,8.5,258.0,46.0,100.0,996.5,100,13.0827,80.275,33.09928716615136
2024-05-25 16:00:00+05:30,315.0,160.3,226.0,34.8,12.4,158.0,54.0,100.0,996.4,100,13.0827,80.275,23.443612430083572
2024-05-25 17:00:00+05:30,165.0,82.5,137.0,32.2,18.2,171.0,74.0,100.0,997.0,100,13.0827,80.275,12.305585512905363
2024-05-25 18:00:00+05:30,17.0,0.0,17.0,28.5,9.7,153.0,87.0,100.0,999.9,100,13.0827,80.275,0.9618749572124031
2024-05-25 19:00:00+05:30,0.0,0.0,0.0,27.9,18.7,208.0,85.0,100.0,1000.3,100,13.0827,80.275,0.0
2024-05-25 20:00:00+05:30,0.0,0.0,0.0,27.5,18.8,187.0,87.0,100.0,1000.4,100,13.0827,80.275,0.0
2024-05-25 21:00:00+05:30,0.0,0.0,0.0,27.9,15.7,171.0,85.0,100.0,1000.8,100,13.0827,80.275,0.0
2024-05-25 22:00:00+05:30,0.0,0.0,0.0,28.3,9.0,178.0,86.0,100.0,1001.3,100,13.0827,80.275,0.0
2024-05-25 23:00:00+05:30,0.0,0.0,0.0,28.1,5.8,176.0,88.0,100.0,1001.6,100,13.0827,80.275,0.0
2024-05-26 00:00:00+05:30,0.0,0.0,0.0,28.2,2.7,293.0,88.0,100.0,1000.7,100,13.0827,80.275,0.0
2024-05-26 01:00:00+05:30,0.0,0.0,0.0,28.1,3.9,214.0,89.0,100.0,1000.1,100,13.0827,80.275,0.0
2024-05-26 02:00:00+05:30,0.0,0.0,0.0,28.2,5.9,227.0,86.0,100.0,999.5,100,13.0827,80.275,0.0
2024-05-26 03:00:00+05:30,0.0,0.0,0.0,28.7,11.3,243.0,73.0,100.0,999.3,100,13.0827,80.275,0.0
2024-05-26 04:00:00+05:30,0.0,0.0,0.0,28.9,12.5,252.0,67.0,100.0,999.5,100,13.0827,80.275,0.0
2024-05-26 05:00:00+05:30,0.0,0.0,0.0,29.1,11.9,256.0,65.0,100.0,999.9,100,13.0827,80.275,0.0
2024-05-26 06:00:00+05:30,5.0,0.0,5.0,30.0,8.7,277.0,61.0,100.0,1000.5,100,13.0827,80.275,0.0
2024-05-26 07:00:00+05:30,119.0,58.0,102.0,30.8,10.1,243.0,60.0,100.0,1000.8,100,13.0827,80.275,8.421055905901214
2024-05-26 08:00:00+05:30,95.0,0.0,95.0,31.2,17.9,248.0,53.0,100.0,1001.0,100,13.0827,80.275,7.880691215586653
2024-05-26 09:00:00+05:30,551.0,473.8,217.0,34.2,19.5,265.0,43.0,100.0,1001.0,100,13.0827,80.275,39.16856993657367
2024-05-26 10:00:00+05:30,652.0,406.4,305.0,36.0,18.4,274.0,41.0,100.0,1000.6,100,13.0827,80.275,48.21298916796634
2024-05-26 11:00:00+05:30,709.0,352.6,374.0,37.5,18.4,282.0,38.0,100.0,999.7,100,13.0827,80.275,53.13501220434134
2024-05-26 12:00:00+05:30,700.0,346.5,358.0,38.2,18.0,282.0,36.0,100.0,999.1,100,13.0827,80.275,52.79842316181589
2024-05-26 13:00:00+05:30,555.0,205.7,357.0,38.3,14.4,269.0,37.0,100.0,998.2,100,13.0827,80.275,42.590993284464794
2024-05-26 14:00:00+05:30,466.0,127.6,354.0,39.1,7.0,215.0,35.0,100.0,997.4,100,13.0827,80.275,35.19173981837134
2024-05-26 15:00:00+05:30,476.0,316.6,242.0,37.9,11.1,283.0,36.0,100.0,997.4,100,13.0827,80.275,34.23394715672426
2024-05-26 16:00:00+05:30,296.0,230.3,168.0,34.3,21.6,233.0,51.0,100.0,997.2,100,13.0827,80.275,20.811736012063825
2024-05-26 17:00:00+05:30,152.0,117.7,112.0,34.7,10.3,245.0,51.0,100.0,997.3,100,13.0827,80.275,9.918313401370606
2024-05-26 18:00:00+05:30,44.0,73.3,34.0,34.2,4.9,287.0,59.0,100.0,997.5,100,13.0827,80.275,2.2073054781282
2024-05-26 19:00:00+05:30,0.0,0.0,0.0,32.9,14.5,312.0,56.0,100.0,998.8,100,13.0827,80.275,0.0
2024-05-26 20:00:00+05:30,0.0,0.0,0.0,32.5,17.7,207.0,54.0,100.0,999.5,100,13.0827,80.275,0.0
2024-05-26 21:00:00+05:30,0.0,0.0,0.0,32.0,12.8,202.0,55.0,100.0,1000.4,100,13.0827,80.275,0.0
2024-05-26 22:00:00+05:30,0.0,0.0,0.0,31.7,12.2,214.0,58.0,100.0,1000.6,100,13.0827,80.275,0.0
2024-05-26 23:00:00+05:30,0.0,0.0,0.0,32.2,10.9,243.0,52.0,100.0,1000.3,100,13.0827,80.275,0.0
2024-05-27 00:00:00+05:30,0.0,0.0,0.0,32.6,17.8,249.0,48.0,100.0,999.8,100,13.0827,80.275,0.0
2024-05-27 01:00:00+05:30,0.0,0.0,0.0,32.3,18.7,240.0,49.0,100.0,999.4,100,13.0827,80.275,0.0
2024-05-27 02:00:00+05:30,0.0,0.0,0.0,31.7,19.8,245.0,48.0,100.0,999.1,100,13.0827,80.275,0.0
2024-05-27 03:00:00+05:30,0.0,0.0,0.0,31.2,18.7,245.0,49.0,100.0,999.1,100,13.0827,80.275,0.0
2024-05-27 04:00:00+05:30,0.0,0.0,0.0,30.7,16.6,240.0,52.0,100.0,999.4,100,13.0827,80.275,0.0
2024-05-27 05:00:00+05:30,0.0,0.0,0.0,30.4,15.8,243.0,54.0,100.0,1000.0,100,13.0827,80.275,0.0
2024-05-27 06:00:00+05:30,28.0,35.7,24.0,31.5,15.9,231.0,53.0,100.0,1000.1,100,13.0827,80.275,1.511046737650925
2024-05-27 07:00:00+05:30,176.0,249.3,103.0,32.6,20.0,240.0,51.0,100.0,1000.7,100,13.0827,80.275,9.186148377279089
2024-05-27 08:00:00+05:30,390.0,481.1,143.0,34.0,23.5,259.0,47.0,100.0,1001.0,100,13.0827,80.275,23.64873106917023
2024-05-27 09:00:00+05:30,596.0,607.5,168.0,35.6,20.9,270.0,44.0,100.0,1000.8,100,13.0827,80.275,40.06780962991197
2024-05-27 10:00:00+05:30,764.0,688.0,177.0,37.3,19.1,274.0,40.0,100.0,1000.2,100,13.0827,80.275,51.89755431286614
2024-05-27 11:00:00+05:30,878.0,736.2,179.0,39.4,14.3,282.0,35.0,100.0,1000.1,100,13.0827,80.275,60.71211555905635
2024-05-27 12:00:00+05:30,921.0,753.1,178.0,40.9,11.5,284.0,31.0,95.0,999.5,100,13.0827,80.275,65.02471250512008
2024-05-27 13:00:00+05:30,885.0,738.9,174.0,40.6,2.4,153.0,31.0,31.0,998.6,100,13.0827,80.275,60.2529129329665
2024-05-27 14:00:00+05:30,771.0,690.3,165.0,37.9,16.9,140.0,52.0,45.0,997.7,100,13.0827,80.275,55.75986277856049
2024-05-27 15:00:00+05:30,583.0,564.0,166.0,37.1,18.4,152.0,57.0,100.0,996.7,100,13.0827,80.275,39.56627646593881
2024-05-27 16:00:00+05:30,438.0,544.8,135.0,36.8,16.6,176.0,56.0,100.0,996.6,100,13.0827,80.275,26.63207632002047
2024-05-27 17:00:00+05:30,218.0,358.1,96.0,36.1,12.3,185.0,55.0,100.0,997.2,100,13.0827,80.275,10.419422627327494
2024-05-27 18:00:00+05:30,50.0,117.0,34.0,36.6,16.1,207.0,44.0,100.0,998.0,100,13.0827,80.275,2.1143479732808697
2024-05-27 19:00:00+05:30,0.0,0.0,0.0,36.2,13.1,233.0,39.0,100.0,999.2,100,13.0827,80.275,0.0
2024-05-27 20:00:00+05:30,0.0,0.0,0.0,35.3,9.9,237.0,41.0,100.0,999.8,100,13.0827,80.275,0.0
2024-05-27 21:00:00+05:30,0.0,0.0,0.0,34.1,9.7,228.0,45.0,100.0,1000.4,100,13.0827,80.275,0.0
2024-05-27 22:00:00+05:30,0.0,0.0,0.0,33.2,8.8,215.0,49.0,100.0,1001.0,100,13.0827,80.275,0.0
2024-05-27 23:00:00+05:30,0.0,0.0,0.0,32.0,5.6,220.0,54.0,100.0,1001.7,100,13.0827,80.275,0.0
2024-05-28 00:00:00+05:30,0.0,0.0,0.0,31.7,7.9,210.0,55.0,100.0,1001.2,100,13.0827,80.275,0.0
2024-05-28 01:00:00+05:30,0.0,0.0,0.0,31.0,10.5,207.0,58.0,100.0,1000.6,100,13.0827,80.275,0.0
2024-05-28 02:00:00+05:30,0.0,0.0,0.0,30.5,10.7,213.0,58.0,100.0,1000.3,100,13.0827,80.275,0.0
2024-05-28 03:00:00+05:30,0.0,0.0,0.0,30.4,11.3,217.0,57.0,100.0,1000.4,100,13.0827,80.275,0.0
2024-05-28 04:00:00+05:30,0.0,0.0,0.0,30.2,12.0,224.0,58.0,100.0,1000.7,100,13.0827,80.275,0.0
2024-05-28 05:00:00+05:30,0.0,0.0,0.0,30.1,12.8,230.0,59.0,100.0,1001.1,100,13.0827,80.275,0.0
2024-05-28 06:00:00+05:30,29.0,44.6,24.0,31.7,15.0,226.0,57.0,100.0,1000.7,100,13.0827,80.275,1.4864625016244668
2024-05-28 07:00:00+05:30,187.0,331.3,90.0,33.4,18.1,235.0,51.0,100.0,1001.6,100,13.0827,80.275,8.4192599338803
2024-05-28 08:00:00+05:30,403.0,547.7,122.0,34.8,21.0,248.0,46.0,99.0,1002.1,100,13.0827,80.275,23.731666787432072
2024-05-28 09:00:00+05:30,602.0,627.8,160.0,36.2,19.6,256.0,42.0,100.0,1001.8,100,13.0827,80.275,39.36418449655417
2024-05-28 10:00:00+05:30,773.0,716.5,162.0,37.8,17.9,261.0,38.0,100.0,1001.4,100,13.0827,80.275,54.73312865502667
2024-05-28 11:00:00+05:30,856.0,666.0,224.0,39.2,15.5,271.0,36.0,100.0,1000.7,100,13.0827,80.275,59.867455030985774
2024-05-28 12:00:00+05:30,893.0,662.1,240.0,40.7,13.5,279.0,33.0,100.0,999.9,100,13.0827,80.275,62.71425947929188
2024-05-28 13:00:00+05:30,853.0,668.4,210.0,41.0,3.3,229.0,31.0,70.0,999.1,100,13.0827,80.275,58.78395017571471
2024-05-28 14:00:00+05:30,743.0,648.2,174.0,37.8,17.8,104.0,45.0,100.0,998.7,100,13.0827,80.275,51.915936458484246
2024-05-28 15:00:00+05:30,513.0,361.0,246.0,35.7,20.9,114.0,55.0,100.0,998.3,100,13.0827,80.275,37.38394522638078
2024-05-28 16:00:00+05:30,405.0,461.7,148.0,34.6,23.2,133.0,60.0,77.0,998.5,100,13.0827,80.275,26.012331211779365
2024-05-28 17:00:00+05:30,224.0,374.9,96.0,33.9,18.4,141.0,63.0,100.0,998.8,100,13.0827,80.275,10.255997829020261
2024-05-28 18:00:00+05:30,49.0,87.5,37.0,36.5,13.7,183.0,43.0,100.0,998.8,100,13.0827,80.275,2.447127932957017
2024-05-28 19:00:00+05:30,0.0,0.0,0.0,34.6,19.5,185.0,55.0,98.0,999.8,100,13.0827,80.275,0.0
2024-05-28 20:00:00+05:30,0.0,0.0,0.0,33.4,17.9,189.0,58.0,100.0,1000.9,100,13.0827,80.275,0.0
2024-05-28 21:00:00+05:30,0.0,0.0,0.0,32.9,18.2,188.0,59.0,100.0,1001.2,100,13.0827,80.275,0.0
2024-05-28 22:00:00+05:30,0.0,0.0,0.0,32.5,15.5,192.0,62.0,99.0,1001.3,100,13.0827,80.275,0.0
2024-05-28 23:00:00+05:30,0.0,0.0,0.0,31.9,11.9,205.0,64.0,100.0,1001.1,100,13.0827,80.275,0.0
2024-05-29 00:00:00+05:30,0.0,0.0,0.0,31.7,10.7,220.0,64.0,100.0,1000.7,100,13.0827,80.275,0.0
2024-05-29 01:00:00+05:30,0.0,0.0,0.0,31.6,10.8,233.0,60.0,100.0,1000.1,100,13.0827,80.275,0.0
2024-05-29 02:00:00+05:30,0.0,0.0,0.0,31.5,12.7,241.0,52.0,100.0,999.8,100,13.0827,80.275,0.0
2024-05-29 03:00:00+05:30,0.0,0.0,0.0,31.3,13.7,252.0,50.0,100.0,999.6,100,13.0827,80.275,0.0
2024-05-29 04:00:00+05:30,0.0,0.0,0.0,30.9,13.9,253.0,52.0,100.0,999.9,100,13.0827,80.275,0.0
2024-05-29 05:00:00+05:30,0.0,0.0,0.0,30.3,12.9,243.0,55.0,95.0,1000.6,100,13.0827,80.275,0.0
2024-05-29 06:00:00+05:30,29.0,35.7,25.0,31.8,15.5,239.0,53.0,99.0,1001.2,100,13.0827,80.275,1.547399172880988
2024-05-29 07:00:00+05:30,186.0,321.2,92.0,33.2,16.8,239.0,50.0,100.0,1001.9,100,13.0827,80.275,8.50636996990502
2024-05-29 08:00:00+05:30,398.0,511.0,136.0,34.7,18.9,256.0,46.0,100.0,1002.4,100,13.0827,80.275,23.788585859747265
2024-05-29 09:00:00+05:30,599.0,621.1,162.0,36.3,16.6,271.0,43.0,100.0,1002.2,100,13.0827,80.275,40.02530478287103
2024-05-29 10:00:00+05:30,749.0,641.8,202.0,38.0,13.3,283.0,38.0,95.0,1001.7,100,13.0827,80.275,51.0867952219631
2024-05-29 11:00:00+05:30,876.0,732.8,181.0,39.7,9.9,289.0,34.0,95.0,1000.6,100,13.0827,80.275,59.7709435925532
2024-05-29 12:00:00+05:30,920.0,745.6,185.0,40.7,2.9,240.0,31.0,98.0,999.7,100,13.0827,80.275,61.65998381516053
2024-05-29 13:00:00+05:30,896.0,757.0,168.0,38.8,16.1,130.0,43.0,99.0,999.2,100,13.0827,80.275,62.66770452689795
2024-05-29 14:00:00+05:30,792.0,700.6,177.0,37.4,21.5,128.0,52.0,100.0,998.5,100,13.0827,80.275,55.75318242215191
2024-05-29 15:00:00+05:30,642.0,652.9,159.0,36.4,25.2,136.0,54.0,100.0,997.9,100,13.0827,80.275,43.381210364437244
2024-05-29 16:00:00+05:30,427.0,524.1,135.0,34.9,22.7,131.0,59.0,99.0,997.9,100,13.0827,80.275,26.85308321120688
2024-05-29 17:00:00+05:30,204.0,295.1,103.0,33.8,19.4,140.0,63.0,98.0,998.4,100,13.0827,80.275,10.197784199594667
2024-05-29 18:00:00+05:30,52.0,123.5,35.0,32.8,19.5,142.0,64.0,99.0,999.2,100,13.0827,80.275,2.201527970786611
2024-05-29 19:00:00+05:30,0.0,0.0,0.0,32.2,16.3,158.0,70.0,99.0,1000.6,100,13.0827,80.275,0.0
2024-05-29 20:00:00+05:30,0.0,0.0,0.0,31.8,14.5,161.0,76.0,100.0,1001.2,100,13.0827,80.275,0.0
2024-05-29 21:00:00+05:30,0.0,0.0,0.0,31.7,16.6,179.0,72.0,100.0,1001.4,100,13.0827,80.275,0.0
2024-05-29 22:00:00+05:30,0.0,0.0,0.0,31.4,18.5,187.0,72.0,98.0,1001.5,100,13.0827,80.275,0.0
2024-05-29 23:00:00+05:30,0.0,0.0,0.0,31.1,18.1,186.0,74.0,91.0,1001.3,100,13.0827,80.275,0.0
2024-05-30 00:00:00+05:30,0.0,0.0,0.0,30.7,16.7,194.0,77.0,100.0,1000.7,100,13.0827,80.275,0.0
2024-05-30 01:00:00+05:30,0.0,0.0,0.0,30.5,14.0,198.0,77.0,91.0,1000.2,100,13.0827,80.275,0.0
2024-05-30 02:00:00+05:30,0.0,0.0,0.0,30.4,13.6,197.0,74.0,48.0,1000.0,100,13.0827,80.275,0.0
2024-05-30 03:00:00+05:30,0.0,0.0,0.0,30.2,11.7,198.0,74.0,95.0,1000.0,100,13.0827,80.275,0.0
2024-05-30 04:00:00+05:30,0.0,0.0,0.0,30.0,9.8,204.0,73.0,89.0,1000.5,100,13.0827,80.275,0.0
2024-05-30 05:00:00+05:30,0.0,0.0,0.0,29.8,9.4,212.0,72.0,89.0,1001.2,100,13.0827,80.275,0.0
2024-05-30 06:00:00+05:30,29.0,80.4,20.0,30.5,9.9,190.0,78.0,73.0,1001.4,100,13.0827,80.275,1.1229672684676753
2024-05-30 07:00:00+05:30,189.0,362.4,83.0,32.3,11.6,196.0,71.0,5.0,1002.1,100,13.0827,80.275,8.103507533825034
2024-05-30 08:00:00+05:30,402.0,550.3,120.0,34.9,10.8,217.0,56.0,35.0,1002.7,100,13.0827,80.275,23.46755666984242
2024-05-30 09:00:00+05:30,603.0,652.8,144.0,37.0,6.6,241.0,45.0,95.0,1002.9,100,13.0827,80.275,38.18245378881422
2024-05-30 10:00:00+05:30,766.0,710.3,161.0,38.4,1.8,233.0,40.0,99.0,1002.3,100,13.0827,80.275,50.912477544622504
2024-05-30 11:00:00+05:30,873.0,734.2,177.0,39.3,3.5,114.0,39.0,93.0,1001.1,100,13.0827,80.275,57.29204151695215
2024-05-30 12:00:00+05:30,874.0,709.3,175.0,38.8,12.3,128.0,46.0,88.0,1000.6,100,13.0827,80.275,62.552474029479946
2024-05-30 13:00:00+05:30,870.0,718.7,179.0,38.1,18.8,137.0,52.0,71.0,999.9,100,13.0827,80.275,63.33969254342663
2024-05-30 14:00:00+05:30,767.0,679.0,171.0,37.8,20.7,141.0,49.0,27.0,999.1,100,13.0827,80.275,54.705893578836864
2024-05-30 15:00:00+05:30,641.0,668.9,146.0,36.9,21.0,145.0,50.0,9.0,998.6,100,13.0827,80.275,44.99372399089176
2024-05-30 16:00:00+05:30,427.0,525.5,134.0,36.1,20.2,145.0,55.0,44.0,998.3,100,13.0827,80.275,27.11571080458636
2024-05-30 17:00:00+05:30,239.0,428.6,92.0,34.6,18.5,153.0,61.0,11.0,998.7,100,13.0827,80.275,10.807871396571882
2024-05-30 18:00:00+05:30,54.0,152.1,33.0,33.6,15.3,172.0,66.0,36.0,999.8,100,13.0827,80.275,2.0498244693957837
2024-05-30 19:00:00+05:30,0.0,0.0,0.0,33.0,15.9,167.0,69.0,92.0,1000.7,100,13.0827,80.275,0.0
2024-05-30 20:00:00+05:30,0.0,0.0,0.0,32.3,18.4,169.0,72.0,85.0,1001.7,100,13.0827,80.275,0.0
2024-05-30 21:00:00+05:30,0.0,0.0,0.0,32.0,14.9,172.0,77.0,46.0,1002.1,100,13.0827,80.275,0.0
2024-05-30 22:00:00+05:30,0.0,0.0,0.0,31.8,15.9,176.0,76.0,13.0,1002.3,100,13.0827,80.275,0.0
2024-05-30 23:00:00+05:30,0.0,0.0,0.0,31.6,16.3,188.0,78.0,36.0,1002.5,100,13.0827,80.275,0.0
2024-05-31 00:00:00+05:30,0.0,0.0,0.0,31.6,19.2,208.0,70.0,48.0,1002.6,100,13.0827,80.275,0.0
2024-05-31 01:00:00+05:30,0.0,0.0,0.0,31.5,14.8,229.0,61.0,11.0,1001.5,100,13.0827,80.275,0.0
2024-05-31 02:00:00+05:30,0.0,0.0,0.0,31.1,14.4,233.0,60.0,32.0,1000.7,100,13.0827,80.275,0.0
2024-05-31 03:00:00+05:30,0.0,0.0,0.0,31.1,14.0,241.0,59.0,0.0,1000.7,100,13.0827,80.275,0.0
2024-05-31 04:00:00+05:30,0.0,0.0,0.0,31.2,13.7,247.0,59.0,0.0,1000.9,100,13.0827,80.275,0.0
2024-05-31 05:00:00+05:30,0.0,0.0,0.0,31.1,12.1,253.0,58.0,38.0,1001.5,100,13.0827,80.275,0.0
2024-05-31 06:00:00+05:30,12.0,26.8,9.0,29.0,21.1,240.0,82.0,100.0,1003.3,100,13.0827,80.275,0.22006702744964632
2024-05-31 07:00:00+05:30,85.0,116.3,51.0,30.0,13.0,273.0,78.0,90.0,1002.7,100,13.0827,80.275,4.47499748348055
2024-05-31 08:00:00+05:30,277.0,265.6,141.0,31.9,17.2,259.0,73.0,31.0,1003.2,100,13.0827,80.275,18.22067735624486
2024-05-31 09:00:00+05:30,613.0,664.6,146.0,34.6,17.3,275.0,59.0,7.0,1002.9,100,13.0827,80.275,41.44953803843978
2024-05-31 10:00:00+05:30,752.0,682.6,171.0,35.8,19.8,269.0,53.0,0.0,1002.4,100,13.0827,80.275,53.91909958707776
2024-05-31 11:00:00+05:30,880.0,756.7,163.0,37.8,15.1,282.0,47.0,1.0,1001.6,100,13.0827,80.275,62.7173620052276
2024-05-31 12:00:00+05:30,926.0,771.6,166.0,39.7,8.3,270.0,41.0,7.0,1000.8,100,13.0827,80.275,64.97344900428433
2024-05-31 13:00:00+05:30,889.0,750.1,168.0,40.2,5.1,141.0,38.0,7.0,999.9,100,13.0827,80.275,60.41141614034446
2024-05-31 14:00:00+05:30,788.0,715.5,160.0,38.2,16.3,125.0,50.0,37.0,999.4,100,13.0827,80.275,55.81976509027675
2024-05-31 15:00:00+05:30,617.0,630.9,150.0,35.8,17.3,132.0,62.0,10.0,998.9,100,13.0827,80.275,42.77724309288364
2024-05-31 16:00:00+05:30,432.0,539.4,131.0,34.0,17.6,152.0,74.0,0.0,998.9,100,13.0827,80.275,26.843628022768293
2024-05-31 17:00:00+05:30,238.0,424.8,92.0,32.9,18.9,162.0,75.0,50.0,999.9,100,13.0827,80.275,10.569805095540781
2024-05-31 18:00:00+05:30,55.0,144.4,35.0,33.9,17.9,170.0,66.0,94.0,1000.3,100,13.0827,80.275,2.2023118727199
2024-05-31 19:00:00+05:30,0.0,0.0,0.0,33.3,18.7,169.0,67.0,2.0,1001.0,100,13.0827,80.275,0.0
2024-05-31 20:00:00+05:30,0.0,0.0,0.0,32.5,18.2,162.0,71.0,5.0,1001.9,100,13.0827,80.275,0.0
2024-05-31 21:00:00+05:30,0.0,0.0,0.0,31.8,18.4,178.0,79.0,16.0,1002.4,100,13.0827,80.275,0.0
2024-05-31 22:00:00+05:30,0.0,0.0,0.0,31.8,17.7,174.0,78.0,2.0,1002.6,100,13.0827,80.275,0.0
2024-05-31 23:00:00+05:30,0.0,0.0,0.0,31.5,19.4,191.0,79.0,29.0,1002.3,100,13.0827,80.275,0.0
2024-06-01 00:00:00+05:30,0.0,0.0,0.0,31.6,21.3,191.0,77.0,35.0,1001.7,100,13.0827,80.275,0.0
2024-06-01 01:00:00+05:30,0.0,0.0,0.0,31.4,16.4,206.0,77.0,100.0,1001.2,100,13.0827,80.275,0.0
2024-06-01 02:00:00+05:30,0.0,0.0,0.0,31.2,15.3,219.0,77.0,100.0,1001.3,100,13.0827,80.275,0.0
2024-06-01 03:00:00+05:30,0.0,0.0,0.0,31.5,9.9,226.0,71.0,56.0,1000.9,100,13.0827,80.275,0.0
2024-06-01 04:00:00+05:30,0.0,0.0,0.0,30.9,10.6,190.0,69.0,36.0,1001.4,100,13.0827,80.275,0.0
2024-06-01 05:00:00+05:30,0.0,0.0,0.0,30.4,10.2,198.0,64.0,40.0,1002.4,100,13.0827,80.275,0.0
2024-06-01 06:00:00+05:30,30.0,80.5,21.0,31.4,8.6,178.0,78.0,93.0,1002.7,100,13.0827,80.275,1.1932564303957471
2024-06-01 07:00:00+05:30,187.0,345.8,86.0,33.0,11.5,160.0,75.0,98.0,1003.3,100,13.0827,80.275,7.748040163882537
2024-06-01 08:00:00+05:30,403.0,553.1,120.0,34.1,15.6,154.0,71.0,93.0,1004.0,100,13.0827,80.275,22.891768992813127
2024-06-01 09:00:00+05:30,603.0,653.7,144.0,35.2,18.1,163.0,66.0,26.0,1003.9,100,13.0827,80.275,40.50281997171333
2024-06-01 10:00:00+05:30,766.0,715.9,157.0,36.0,21.3,164.0,65.0,0.0,1003.7,100,13.0827,80.275,56.40271135584573
2024-06-01 11:00:00+05:30,869.0,736.0,172.0,36.8,20.8,162.0,61.0,17.0,1003.1,100,13.0827,80.275,62.696698638048744
2024-06-01 12:00:00+05:30,860.0,666.2,204.0,36.7,22.9,150.0,61.0,49.0,1002.1,100,13.0827,80.275,62.75022308512402
2024-06-01 13:00:00+05:30,881.0,723.2,186.0,35.9,27.0,146.0,60.0,55.0,1001.2,100,13.0827,80.275,65.86535768337998
2024-06-01 14:00:00+05:30,782.0,698.4,169.0,35.4,24.0,150.0,60.0,34.0,1000.5,100,13.0827,80.275,56.906763045465
2024-06-01 15:00:00+05:30,625.0,629.3,159.0,35.1,22.7,147.0,60.0,2.0,999.5,100,13.0827,80.275,44.79776503834243
2024-06-01 16:00:00+05:30,449.0,581.8,124.0,34.1,23.9,157.0,64.0,0.0,999.8,100,13.0827,80.275,27.790557239460128
2024-06-01 17:00:00+05:30,237.0,420.9,92.0,32.7,22.7,162.0,72.0,1.0,1000.5,100,13.0827,80.275,10.8676828497061
2024-06-01 18:00:00+05:30,37.0,86.4,25.0,32.2,15.3,171.0,82.0,51.0,1001.4,100,13.0827,80.275,1.5045599736317397
2024-06-01 19:00:00+05:30,0.0,0.0,0.0,32.0,13.9,190.0,81.0,62.0,1002.4,100,13.0827,80.275,0.0
2024-06-01 20:00:00+05:30,0.0,0.0,0.0,31.6,7.6,278.0,81.0,75.0,1003.7,100,13.0827,80.275,0.0
2024-06-01 21:00:00+05:30,0.0,0.0,0.0,30.6,20.6,237.0,84.0,94.0,1004.4,100,13.0827,80.275,0.0
2024-06-01 22:00:00+05:30,0.0,0.0,0.0,27.8,18.7,236.0,82.0,88.0,1005.2,100,13.0827,80.275,0.0
2024-06-01 23:00:00+05:30,0.0,0.0,0.0,28.4,11.4,281.0,82.0,100.0,1004.7,100,13.0827,80.275,0.0
2024-06-02 00:00:00+05:30,0.0,0.0,0.0,29.0,17.5,289.0,78.0,99.0,1004.9,100,13.0827,80.275,0.0
2024-06-02 01:00:00+05:30,0.0,0.0,0.0,27.1,17.8,277.0,86.0,100.0,1003.6,100,13.0827,80.275,0.0
2024-06-02 02:00:00+05:30,0.0,0.0,0.0,27.5,13.5,286.0,83.0,100.0,1002.3,100,13.0827,80.275,0.0
2024-06-02 03:00:00+05:30,0.0,0.0,0.0,27.9,8.8,9.0,82.0,97.0,1002.4,100,13.0827,80.275,0.0
2024-06-02 04:00:00+05:30,0.0,0.0,0.0,27.7,9.1,9.0,85.0,100.0,1002.6,100,13.0827,80.275,0.0
2024-06-02 05:00:00+05:30,0.0,0.0,0.0,27.7,5.9,133.0,87.0,99.0,1003.3,100,13.0827,80.275,0.0
2024-06-02 06:00:00+05:30,26.0,44.8,21.0,27.8,18.7,298.0,82.0,100.0,1005.7,100,13.0827,80.275,1.2370477623173741
2024-06-02 07:00:00+05:30,136.0,130.2,98.0,28.5,6.6,225.0,79.0,100.0,1005.9,100,13.0827,80.275,8.309358779356183
2024-06-02 08:00:00+05:30,258.0,125.2,194.0,29.8,2.9,173.0,72.0,100.0,1006.8,100,13.0827,80.275,19.579696362763343
2024-06-02 09:00:00+05:30,390.0,205.2,246.0,31.2,7.9,164.0,69.0,100.0,1006.1,100,13.0827,80.275,28.646189247238052
2024-06-02 10:00:00+05:30,573.0,297.6,320.0,32.0,4.2,110.0,67.0,99.0,1006.4,100,13.0827,80.275,42.375596313169375
2024-06-02 11:00:00+05:30,765.0,453.2,336.0,33.0,7.6,87.0,64.0,99.0,1006.1,100,13.0827,80.275,55.485735796548724
2024-06-02 12:00:00+05:30,878.0,658.3,230.0,33.4,10.9,82.0,65.0,100.0,1004.7,100,13.0827,80.275,62.15954330869466
2024-06-02 13:00:00+05:30,884.0,733.7,179.0,33.5,13.4,96.0,63.0,100.0,1003.7,100,13.0827,80.275,61.99435018175825
2024-06-02 14:00:00+05:30,759.0,655.1,184.0,33.2,16.0,98.0,63.0,1.0,1002.5,100,13.0827,80.275,54.72239770186749
2024-06-02 15:00:00+05:30,613.0,606.2,164.0,32.5,15.0,114.0,66.0,12.0,1002.5,100,13.0827,80.275,43.77443391255802
2024-06-02 16:00:00+05:30,451.0,579.5,127.0,31.8,14.5,125.0,72.0,7.0,1002.8,100,13.0827,80.275,28.135015231113503
2024-06-02 17:00:00+05:30,236.0,411.3,94.0,30.9,16.8,149.0,75.0,3.0,1003.6,100,13.0827,80.275,10.97129247929593
2024-06-02 18:00:00+05:30,31.0,28.7,27.0,27.5,13.8,81.0,92.0,100.0,1005.5,100,13.0827,80.275,1.7957180601071143
2024-06-02 19:00:00+05:30,0.0,0.0,0.0,27.7,9.0,151.0,93.0,100.0,1004.8,100,13.0827,80.275,0.0
2024-06-02 20:00:00+05:30,0.0,0.0,0.0,28.2,14.5,161.0,89.0,100.0,1006.1,100,13.0827,80.275,0.0
2024-06-02 21:00:00+05:30,0.0,0.0,0.0,28.2,15.6,161.0,93.0,100.0,1006.4,100,13.0827,80.275,0.0
2024-06-02 22:00:00+05:30,0.0,0.0,0.0,28.1,12.6,178.0,93.0,99.0,1006.6,100,13.0827,80.275,0.0
2024-06-02 23:00:00+05:30,0.0,0.0,0.0,28.1,10.8,184.0,94.0,100.0,1006.2,100,13.0827,80.275,0.0
2024-06-03 00:00:00+05:30,0.0,0.0,0.0,27.9,8.4,211.0,94.0,100.0,1005.5,100,13.0827,80.275,0.0
2024-06-03 01:00:00+05:30,0.0,0.0,0.0,27.5,8.2,255.0,94.0,100.0,1004.7,100,13.0827,80.275,0.0
2024-06-03 02:00:00+05:30,0.0,0.0,0.0,27.3,12.2,313.0,94.0,74.0,1004.9,100,13.0827,80.275,0.0
2024-06-03 03:00:00+05:30,0.0,0.0,0.0,27.1,3.6,276.0,95.0,99.0,1004.0,100,13.0827,80.275,0.0
2024-06-03 04:00:00+05:30,0.0,0.0,0.0,27.4,6.2,234.0,93.0,100.0,1003.6,100,13.0827,80.275,0.0
2024-06-03 05:00:00+05:30,0.0,0.0,0.0,27.1,2.9,300.0,95.0,82.0,1003.9,100,13.0827,80.275,0.0
2024-06-03 06:00:00+05:30,20.0,0.0,20.0,28.4,4.3,222.0,89.0,99.0,1005.5,100,13.0827,80.275,1.2147751446808432
2024-06-03 07:00:00+05:30,129.0,130.4,91.0,28.9,11.9,335.0,80.0,100.0,1006.2,100,13.0827,80.275,7.878075290233614
2024-06-03 08:00:00+05:30,184.0,54.8,156.0,29.0,9.3,324.0,76.0,100.0,1006.8,100,13.0827,80.275,14.206336758265873
2024-06-03 09:00:00+05:30,256.0,39.9,228.0,29.7,11.2,320.0,72.0,100.0,1006.8,100,13.0827,80.275,21.133219237744985
2024-06-03 10:00:00+05:30,314.0,29.4,289.0,29.2,14.2,336.0,75.0,100.0,1008.1,100,13.0827,80.275,25.383002406278045
2024-06-03 11:00:00+05:30,290.0,16.9,274.0,29.6,8.4,329.0,75.0,100.0,1007.6,100,13.0827,80.275,24.39560848289517
2024-06-03 12:00:00+05:30,179.0,0.0,179.0,29.6,14.4,356.0,75.0,100.0,1006.9,100,13.0827,80.275,14.91574460524344
2024-06-03 13:00:00+05:30,318.0,19.8,299.0,30.2,12.4,10.0,72.0,100.0,1005.6,100,13.0827,80.275,25.95785999440857
2024-06-03 14:00:00+05:30,368.0,46.7,327.0,30.5,8.3,18.0,71.0,100.0,1004.7,100,13.0827,80.275,30.252609436632543
2024-06-03 15:00:00+05:30,325.0,59.4,281.0,30.6,5.2,25.0,70.0,100.0,1004.1,100,13.0827,80.275,26.866801640342203
2024-06-03 16:00:00+05:30,250.0,64.3,214.0,30.6,1.6,117.0,70.0,100.0,1003.6,100,13.0827,80.275,19.63531381971925
2024-06-03 17:00:00+05:30,143.0,54.9,124.0,30.2,6.3,121.0,72.0,100.0,1003.6,100,13.0827,80.275,10.795466709700111
2024-06-03 18:00:00+05:30,38.0,0.0,38.0,30.7,9.2,79.0,75.0,100.0,1003.8,100,13.0827,80.275,2.848023687271895
2024-06-03 19:00:00+05:30,0.0,0.0,0.0,30.1,7.2,93.0,78.0,100.0,1004.4,100,13.0827,80.275,0.0
2024-06-03 20:00:00+05:30,0.0,0.0,0.0,29.6,6.7,144.0,82.0,100.0,1005.3,100,13.0827,80.275,0.0
2024-06-03 21:00:00+05:30,0.0,0.0,0.0,29.5,7.1,156.0,83.0,100.0,1006.1,100,13.0827,80.275,0.0
2024-06-03 22:00:00+05:30,0.0,0.0,0.0,29.4,8.8,168.0,84.0,100.0,1006.9,100,13.0827,80.275,0.0
2024-06-03 23:00:00+05:30,0.0,0.0,0.0,28.9,9.8,186.0,85.0,100.0,1006.6,100,13.0827,80.275,0.0
2024-06-04 00:00:00+05:30,0.0,0.0,0.0,27.9,3.6,180.0,90.0,100.0,1006.2,100,13.0827,80.275,0.0
2024-06-04 01:00:00+05:30,0.0,0.0,0.0,28.0,4.0,207.0,92.0,100.0,1005.5,100,13.0827,80.275,0.0
2024-06-04 02:00:00+05:30,0.0,0.0,0.0,28.2,7.2,217.0,91.0,100.0,1004.9,100,13.0827,80.275,0.0
2024-06-04 03:00:00+05:30,0.0,0.0,0.0,28.0,9.4,227.0,91.0,100.0,1004.9,100,13.0827,80.275,0.0
2024-06-04 04:00:00+05:30,0.0,0.0,0.0,27.6,8.7,228.0,89.0,100.0,1005.2,100,13.0827,80.275,0.0
2024-06-04 05:00:00+05:30,0.0,0.0,0.0,27.5,7.9,219.0,89.0,100.0,1005.6,100,13.0827,80.275,0.0
2024-06-04 06:00:00+05:30,4.0,0.0,4.0,26.9,7.0,168.0,93.0,100.0,1006.6,100,13.0827,80.275,0.0
2024-06-04 07:00:00+05:30,47.0,0.0,47.0,27.2,3.4,238.0,88.0,100.0,1006.6,100,13.0827,80.275,3.6640606145321795
2024-06-04 08:00:00+05:30,159.0,21.6,148.0,28.0,5.0,201.0,86.0,99.0,1007.5,100,13.0827,80.275,12.818194532014488
2024-06-04 09:00:00+05:30,434.0,232.7,271.0,30.1,9.0,203.0,78.0,100.0,1007.6,100,13.0827,80.275,32.617206219998245
2024-06-04 10:00:00+05:30,496.0,149.6,369.0,32.4,11.0,199.0,68.0,99.0,1007.4,100,13.0827,80.275,39.056125013865035
2024-06-04 11:00:00+05:30,726.0,405.0,343.0,34.5,6.4,254.0,60.0,82.0,1006.7,100,13.0827,80.275,53.50056398766058
2024-06-04 12:00:00+05:30,759.0,493.1,274.0,32.4,5.8,202.0,68.0,77.0,1006.3,100,13.0827,80.275,55.97922692401832
2024-06-04 13:00:00+05:30,593.0,270.7,333.0,32.1,10.9,186.0,69.0,61.0,1005.7,100,13.0827,80.275,46.04240695536919
2024-06-04 14:00:00+05:30,643.0,451.1,247.0,32.5,9.7,182.0,70.0,82.0,1004.3,100,13.0827,80.275,46.907346959981716
2024-06-04 15:00:00+05:30,578.0,480.2,222.0,32.8,10.8,184.0,71.0,93.0,1003.4,100,13.0827,80.275,40.452639878889826
2024-06-04 16:00:00+05:30,424.0,481.9,154.0,33.0,11.2,174.0,69.0,91.0,1003.4,100,13.0827,80.275,25.927512583735226
2024-06-04 17:00:00+05:30,223.0,360.3,98.0,32.5,10.5,174.0,71.0,67.0,1003.8,100,13.0827,80.275,10.789430465748254
2024-06-04 18:00:00+05:30,51.0,114.1,35.0,31.0,11.2,230.0,77.0,100.0,1004.7,100,13.0827,80.275,2.2897345678388663
2024-06-04 19:00:00+05:30,0.0,0.0,0.0,30.3,7.5,253.0,78.0,98.0,1005.3,100,13.0827,80.275,0.0
2024-06-04 20:00:00+05:30,0.0,0.0,0.0,30.1,6.2,216.0,79.0,73.0,1005.7,100,13.0827,80.275,0.0
2024-06-04 21:00:00+05:30,0.0,0.0,0.0,29.9,8.9,194.0,82.0,89.0,1005.8,100,13.0827,80.275,0.0
2024-06-04 22:00:00+05:30,0.0,0.0,0.0,29.7,9.6,214.0,83.0,99.0,1006.7,100,13.0827,80.275,0.0
2024-06-04 23:00:00+05:30,0.0,0.0,0.0,29.4,9.4,212.0,81.0,89.0,1006.5,100,13.0827,80.275,0.0
2024-06-05 00:00:00+05:30,0.0,0.0,0.0,29.2,9.2,219.0,81.0,100.0,1006.0,100,13.0827,80.275,0.0
2024-06-05 01:00:00+05:30,0.0,0.0,0.0,28.9,7.9,227.0,82.0,100.0,1005.7,100,13.0827,80.275,0.0
2024-06-05 02:00:00+05:30,0.0,0.0,0.0,28.7,7.9,254.0,84.0,100.0,1005.2,100,13.0827,80.275,0.0
2024-06-05 03:00:00+05:30,0.0,0.0,0.0,26.9,9.2,312.0,90.0,100.0,1005.5,100,13.0827,80.275,0.0
2024-06-05 04:00:00+05:30,0.0,0.0,0.0,26.4,7.7,233.0,92.0,100.0,1006.1,100,13.0827,80.275,0.0
2024-06-05 05:00:00+05:30,0.0,0.0,0.0,26.3,6.1,177.0,91.0,100.0,1007.0,100,13.0827,80.275,0.0
2024-06-05 06:00:00+05:30,20.0,18.0,18.0,26.5,1.4,90.0,95.0,100.0,1006.6,100,13.0827,80.275,1.0203251681702585
2024-06-05 07:00:00+05:30,22.0,0.0,22.0,27.4,10.9,214.0,89.0,100.0,1007.9,100,13.0827,80.275,1.4169657171583405
2024-06-05 08:00:00+05:30,65.0,3.9,63.0,27.9,9.4,223.0,88.0,100.0,1007.4,100,13.0827,80.275,5.161111457186046
2024-06-05 09:00:00+05:30,191.0,30.0,170.0,28.6,12.0,171.0,86.0,100.0,1008.5,100,13.0827,80.275,15.834793503477385
2024-06-05 10:00:00+05:30,226.0,8.2,219.0,29.1,8.7,218.0,85.0,100.0,1007.2,100,13.0827,80.275,18.95428781446102
2024-06-05 11:00:00+05:30,373.0,48.7,327.0,30.5,8.7,175.0,81.0,100.0,1007.3,100,13.0827,80.275,30.542555845445637
2024-06-05 12:00:00+05:30,438.0,68.1,371.0,31.3,9.8,152.0,78.0,100.0,1006.5,100,13.0827,80.275,35.53372869654536
2024-06-05 13:00:00+05:30,611.0,226.0,394.0,31.9,13.8,152.0,77.0,100.0,1005.2,100,13.0827,80.275,46.29370178454478
2024-06-05 14:00:00+05:30,674.0,448.8,280.0,32.5,13.0,161.0,75.0,100.0,1004.3,100,13.0827,80.275,49.89262929396854
2024-06-05 15:00:00+05:30,540.0,400.4,243.0,32.1,17.6,169.0,75.0,100.0,1004.3,100,13.0827,80.275,38.20168324310932
2024-06-05 16:00:00+05:30,356.0,288.8,194.0,30.1,14.8,227.0,77.0,98.0,1004.6,100,13.0827,80.275,24.690012773749938
2024-06-05 17:00:00+05:30,148.0,158.1,93.0,29.5,10.8,249.0,81.0,99.0,1005.3,100,13.0827,80.275,8.918306420081485
2024-06-05 18:00:00+05:30,21.0,0.0,21.0,28.8,11.8,203.0,89.0,49.0,1005.1,100,13.0827,80.275,1.2942515980507838
2024-06-05 19:00:00+05:30,0.0,0.0,0.0,26.7,24.6,142.0,89.0,97.0,1006.7,100,13.0827,80.275,0.0
2024-06-05 20:00:00+05:30,0.0,0.0,0.0,26.9,10.4,182.0,85.0,96.0,1006.1,100,13.0827,80.275,0.0
2024-06-05 21:00:00+05:30,0.0,0.0,0.0,27.5,9.4,198.0,83.0,100.0,1006.6,100,13.0827,80.275,0.0
2024-06-05 22:00:00+05:30,0.0,0.0,0.0,28.0,13.6,191.0,83.0,100.0,1007.5,100,13.0827,80.275,0.0
2024-06-05 23:00:00+05:30,0.0,0.0,0.0,28.1,18.3,212.0,86.0,91.0,1007.8,100,13.0827,80.275,0.0
2024-06-06 00:00:00+05:30,0.0,0.0,0.0,27.3,16.3,239.0,87.0,99.0,1006.9,100,13.0827,80.275,0.0
2024-06-06 01:00:00+05:30,0.0,0.0,0.0,26.7,18.9,257.0,88.0,100.0,1007.1,100,13.0827,80.275,0.0
2024-06-06 02:00:00+05:30,0.0,0.0,0.0,26.1,12.8,238.0,91.0,100.0,1006.0,100,13.0827,80.275,0.0
2024-06-06 03:00:00+05:30,0.0,0.0,0.0,26.1,10.8,217.0,93.0,100.0,1006.1,100,13.0827,80.275,0.0
2024-06-06 04:00:00+05:30,0.0,0.0,0.0,26.2,12.8,220.0,93.0,100.0,1006.6,100,13.0827,80.275,0.0
2024-06-06 05:00:00+05:30,0.0,0.0,0.0,26.2,11.8,211.0,94.0,100.0,1006.9,100,13.0827,80.275,0.0
2024-06-06 06:00:00+05:30,12.0,0.0,12.0,27.2,5.8,202.0,91.0,100.0,1006.5,100,13.0827,80.275,0.5073324492501996
2024-06-06 07:00:00+05:30,50.0,0.0,50.0,26.7,12.1,233.0,94.0,100.0,1008.5,100,13.0827,80.275,3.9151137836771714
2024-06-06 08:00:00+05:30,71.0,2.0,70.0,27.0,7.5,253.0,91.0,100.0,1009.3,100,13.0827,80.275,5.715671628669177
2024-06-06 09:00:00+05:30,65.0,0.0,65.0,26.9,10.6,208.0,91.0,100.0,1009.1,100,13.0827,80.275,5.170837361420914
2024-06-06 10:00:00+05:30,183.0,5.9,178.0,27.0,8.6,268.0,90.0,100.0,1009.5,100,13.0827,80.275,15.593656662549355
2024-06-06 11:00:00+05:30,194.0,12.7,182.0,27.5,7.7,233.0,88.0,100.0,1008.4,100,13.0827,80.275,16.566949030896392
2024-06-06 12:00:00+05:30,352.0,19.3,333.0,29.0,12.3,232.0,80.0,100.0,1007.5,100,13.0827,80.275,29.304788687624672
2024-06-06 13:00:00+05:30,673.0,304.1,381.0,30.7,11.5,231.0,74.0,100.0,1006.7,100,13.0827,80.275,51.55717525959094
2024-06-06 14:00:00+05:30,745.0,579.6,236.0,31.9,10.2,222.0,69.0,76.0,1005.0,100,13.0827,80.275,54.06848037134943
2024-06-06 15:00:00+05:30,632.0,637.4,159.0,32.2,11.0,212.0,68.0,81.0,1004.3,100,13.0827,80.275,42.526707309241225
2024-06-06 16:00:00+05:30,426.0,521.8,133.0,31.9,8.3,182.0,70.0,89.0,1004.3,100,13.0827,80.275,25.21276767222244
2024-06-06 17:00:00+05:30,215.0,335.6,98.0,29.1,15.8,168.0,82.0,93.0,1004.9,100,13.0827,80.275,10.856770186224374
2024-06-06 18:00:00+05:30,25.0,42.5,19.0,27.8,13.0,219.0,92.0,100.0,1006.2,100,13.0827,80.275,1.1023144029416112
2024-06-06 19:00:00+05:30,0.0,0.0,0.0,27.1,7.2,243.0,93.0,100.0,1006.0,100,13.0827,80.275,0.0
2024-06-06 20:00:00+05:30,0.0,0.0,0.0,27.1,8.0,260.0,91.0,100.0,1007.1,100,13.0827,80.275,0.0
2024-06-06 21:00:00+05:30,0.0,0.0,0.0,27.3,11.5,221.0,92.0,95.0,1007.6,100,13.0827,80.275,0.0
2024-06-06 22:00:00+05:30,0.0,0.0,0.0,27.3,11.6,216.0,93.0,100.0,1007.5,100,13.0827,80.275,0.0
2024-06-06 23:00:00+05:30,0.0,0.0,0.0,27.1,13.8,219.0,93.0,100.0,1007.4,100,13.0827,80.275,0.0
2024-06-07 00:00:00+05:30,0.0,0.0,0.0,27.0,16.1,220.0,91.0,100.0,1006.5,100,13.0827,80.275,0.0
2024-06-07 01:00:00+05:30,0.0,0.0,0.0,26.8,15.5,226.0,90.0,100.0,1005.4,100,13.0827,80.275,0.0
2024-06-07 02:00:00+05:30,0.0,0.0,0.0,26.6,14.3,225.0,91.0,100.0,1005.3,100,13.0827,80.275,0.0
2024-06-07 03:00:00+05:30,0.0,0.0,0.0,26.4,12.2,223.0,93.0,100.0,1005.2,100,13.0827,80.275,0.0
2024-06-07 04:00:00+05:30,0.0,0.0,0.0,26.1,12.4,216.0,95.0,100.0,1005.1,100,13.0827,80.275,0.0
2024-06-07 05:00:00+05:30,0.0,0.0,0.0,25.9,12.9,207.0,95.0,100.0,1005.4,100,13.0827,80.275,0.0
2024-06-07 06:00:00+05:30,5.0,0.0,5.0,26.4,12.0,196.0,92.0,100.0,1006.2,100,13.0827,80.275,0.0
2024-06-07 07:00:00+05:30,34.0,0.0,34.0,26.6,12.3,187.0,92.0,100.0,1006.7,100,13.0827,80.275,2.483227701680326
2024-06-07 08:00:00+05:30,90.0,2.0,89.0,27.1,10.7,194.0,91.0,100.0,1007.7,100,13.0827,80.275,7.355335506446344
2024-06-07 09:00:00+05:30,124.0,1.4,123.0,27.4,11.9,194.0,89.0,100.0,1007.9,100,13.0827,80.275,10.258821780570765
2024-06-07 10:00:00+05:30,312.0,68.4,254.0,28.2,13.5,209.0,87.0,100.0,1007.9,100,13.0827,80.275,25.309214548827114
2024-06-07 11:00:00+05:30,400.0,68.8,335.0,28.7,13.3,218.0,85.0,100.0,1007.1,100,13.0827,80.275,32.303871633625384
2024-06-07 12:00:00+05:30,403.0,47.8,356.0,29.3,13.7,225.0,80.0,100.0,1006.2,100,13.0827,80.275,32.95066987163815
2024-06-07 13:00:00+05:30,348.0,14.6,334.0,29.6,11.7,223.0,77.0,100.0,1005.3,100,13.0827,80.275,28.647801963711448
2024-06-07 14:00:00+05:30,347.0,44.4,308.0,30.4,10.8,217.0,72.0,100.0,1003.7,100,13.0827,80.275,28.461249085120333
2024-06-07 15:00:00+05:30,322.0,32.3,298.0,31.0,9.0,203.0,69.0,100.0,1003.5,100,13.0827,80.275,26.658230781466845
2024-06-07 16:00:00+05:30,186.0,5.3,183.0,31.0,8.7,185.0,68.0,100.0,1003.1,100,13.0827,80.275,15.841238826722307
2024-06-07 17:00:00+05:30,146.0,68.7,122.0,30.6,10.2,172.0,71.0,92.0,1002.9,100,13.0827,80.275,10.716530855449978
2024-06-07 18:00:00+05:30,14.0,0.0,14.0,29.3,16.2,159.0,81.0,100.0,1003.9,100,13.0827,80.275,0.6952044340895679
2024-06-07 19:00:00+05:30,0.0,0.0,0.0,28.6,14.8,180.0,85.0,48.0,1004.9,100,13.0827,80.275,0.0
2024-06-07 20:00:00+05:30,0.0,0.0,0.0,28.2,13.8,189.0,87.0,72.0,1005.7,100,13.0827,80.275,0.0
2024-06-07 21:00:00+05:30,0.0,0.0,0.0,28.0,12.0,196.0,87.0,94.0,1006.0,100,13.0827,80.275,0.0
2024-06-07 22:00:00+05:30,0.0,0.0,0.0,27.7,12.3,195.0,88.0,99.0,1006.7,100,13.0827,80.275,0.0
2024-06-07 23:00:00+05:30,0.0,0.0,0.0,27.7,15.8,192.0,89.0,100.0,1006.9,100,13.0827,80.275,0.0
2024-06-08 00:00:00+05:30,0.0,0.0,0.0,27.4,14.2,196.0,89.0,100.0,1006.1,100,13.0827,80.275,0.0
2024-06-08 01:00:00+05:30,0.0,0.0,0.0,27.4,13.3,221.0,88.0,100.0,1005.5,100,13.0827,80.275,0.0
2024-06-08 02:00:00+05:30,0.0,0.0,0.0,27.2,14.3,219.0,88.0,100.0,1004.7,100,13.0827,80.275,0.0
2024-06-08 03:00:00+05:30,0.0,0.0,0.0,27.0,14.7,216.0,89.0,100.0,1004.0,100,13.0827,80.275,0.0
2024-06-08 04:00:00+05:30,0.0,0.0,0.0,26.8,15.2,211.0,89.0,100.0,1004.2,100,13.0827,80.275,0.0
2024-06-08 05:00:00+05:30,0.0,0.0,0.0,26.7,15.2,211.0,88.0,100.0,1004.9,100,13.0827,80.275,0.0
2024-06-08 06:00:00+05:30,15.0,0.0,15.0,27.1,13.7,207.0,84.0,100.0,1005.4,100,13.0827,80.275,0.7919527579603269
2024-06-08 07:00:00+05:30,104.0,27.7,96.0,27.7,12.7,205.0,82.0,100.0,1006.3,100,13.0827,80.275,7.942617705268943
2024-06-08 08:00:00+05:30,210.0,88.6,165.0,28.6,14.0,203.0,79.0,100.0,1006.6,100,13.0827,80.275,15.75478444942618
2024-06-08 09:00:00+05:30,496.0,328.0,267.0,30.3,14.3,208.0,71.0,100.0,1006.9,100,13.0827,80.275,36.21945484175646
2024-06-08 10:00:00+05:30,726.0,601.1,217.0,32.0,14.3,208.0,65.0,100.0,1006.3,100,13.0827,80.275,51.08467732750072
2024-06-08 11:00:00+05:30,834.0,641.1,229.0,33.0,16.9,220.0,61.0,99.0,1005.3,100,13.0827,80.275,59.7166708500658
2024-06-08 12:00:00+05:30,781.0,522.2,268.0,33.7,15.7,212.0,59.0,100.0,1005.0,100,13.0827,80.275,57.877911068912944
2024-06-08 13:00:00+05:30,484.0,91.7,396.0,31.8,15.6,188.0,67.0,100.0,1004.1,100,13.0827,80.275,39.34238411576554
2024-06-08 14:00:00+05:30,505.0,169.6,356.0,31.9,19.6,167.0,69.0,100.0,1002.8,100,13.0827,80.275,39.39237436479398
2024-06-08 15:00:00+05:30,506.0,308.2,277.0,31.9,21.4,172.0,71.0,100.0,1001.7,100,13.0827,80.275,37.400932493051904
2024-06-08 16:00:00+05:30,380.0,328.7,195.0,31.5,21.8,172.0,71.0,100.0,1001.6,100,13.0827,80.275,25.887816946194818
2024-06-08 17:00:00+05:30,154.0,114.1,114.0,30.4,23.4,182.0,75.0,100.0,1002.1,100,13.0827,80.275,10.154107894801395
2024-06-08 18:00:00+05:30,44.0,63.3,35.0,29.5,18.8,176.0,77.0,51.0,1003.1,100,13.0827,80.275,2.3892910625468984
2024-06-08 19:00:00+05:30,0.0,0.0,0.0,29.2,20.5,183.0,80.0,22.0,1004.1,100,13.0827,80.275,0.0
2024-06-08 20:00:00+05:30,0.0,0.0,0.0,28.9,19.7,188.0,83.0,46.0,1004.8,100,13.0827,80.275,0.0
2024-06-08 21:00:00+05:30,0.0,0.0,0.0,28.8,18.8,192.0,82.0,45.0,1005.0,100,13.0827,80.275,0.0
2024-06-08 22:00:00+05:30,0.0,0.0,0.0,28.8,17.3,197.0,81.0,89.0,1005.4,100,13.0827,80.275,0.0
2024-06-08 23:00:00+05:30,0.0,0.0,0.0,28.9,17.6,203.0,78.0,56.0,1005.2,100,13.0827,80.275,0.0
2024-06-09 00:00:00+05:30,0.0,0.0,0.0,28.5,17.9,208.0,79.0,98.0,1004.3,100,13.0827,80.275,0.0
2024-06-09 01:00:00+05:30,0.0,0.0,0.0,28.0,20.4,206.0,80.0,97.0,1003.7,100,13.0827,80.275,0.0
2024-06-09 02:00:00+05:30,0.0,0.0,0.0,27.7,20.8,210.0,80.0,100.0,1003.1,100,13.0827,80.275,0.0
2024-06-09 03:00:00+05:30,0.0,0.0,0.0,27.5,18.9,219.0,80.0,100.0,1003.1,100,13.0827,80.275,0.0
2024-06-09 04:00:00+05:30,0.0,0.0,0.0,27.3,16.1,222.0,80.0,100.0,1003.3,100,13.0827,80.275,0.0
2024-06-09 05:00:00+05:30,0.0,0.0,0.0,27.0,12.8,220.0,80.0,100.0,1003.9,100,13.0827,80.275,0.0
2024-06-09 06:00:00+05:30,28.0,54.5,22.0,27.4,13.2,215.0,79.0,100.0,1004.4,100,13.0827,80.275,1.3413919893819146
2024-06-09 07:00:00+05:30,180.0,301.6,93.0,28.6,13.9,211.0,75.0,100.0,1005.2,100,13.0827,80.275,8.279539538153797
2024-06-09 08:00:00+05:30,370.0,410.1,162.0,30.0,12.9,207.0,70.0,100.0,1006.1,100,13.0827,80.275,22.34516571915624
2024-06-09 09:00:00+05:30,531.0,423.0,236.0,31.5,13.9,201.0,64.0,100.0,1006.5,100,13.0827,80.275,36.97361992546424
2024-06-09 10:00:00+05:30,718.0,562.5,242.0,32.7,14.4,202.0,58.0,100.0,1006.2,100,13.0827,80.275,51.560408970557155
2024-06-09 11:00:00+05:30,791.0,519.5,301.0,33.7,15.6,203.0,54.0,100.0,1005.4,100,13.0827,80.275,57.004254498054415
2024-06-09 12:00:00+05:30,790.0,457.2,341.0,34.3,14.7,202.0,52.0,100.0,1004.5,100,13.0827,80.275,57.22895425449465
2024-06-09 13:00:00+05:30,765.0,423.9,358.0,34.8,16.2,197.0,51.0,100.0,1003.4,100,13.0827,80.275,56.13558442910979
2024-06-09 14:00:00+05:30,616.0,322.1,333.0,34.5,14.5,194.0,52.0,100.0,1002.5,100,13.0827,80.275,46.33625742320176
2024-06-09 15:00:00+05:30,412.0,149.3,301.0,33.2,14.9,173.0,65.0,99.0,1001.9,100,13.0827,80.275,31.016971357826467
2024-06-09 16:00:00+05:30,332.0,198.7,220.0,32.0,21.3,185.0,70.0,73.0,1002.2,100,13.0827,80.275,24.538161189985853
2024-06-09 17:00:00+05:30,131.0,119.5,89.0,30.4,13.0,224.0,74.0,52.0,1002.9,100,13.0827,80.275,8.217286814335342
2024-06-09 18:00:00+05:30,50.0,70.1,40.0,29.3,18.0,179.0,78.0,100.0,1003.0,100,13.0827,80.275,2.8302157182491294
2024-06-09 19:00:00+05:30,0.0,0.0,0.0,29.8,18.5,187.0,76.0,100.0,1003.8,100,13.0827,80.275,0.0
2024-06-09 20:00:00+05:30,0.0,0.0,0.0,29.6,16.7,186.0,80.0,100.0,1004.5,100,13.0827,80.275,0.0
2024-06-09 21:00:00+05:30,0.0,0.0,0.0,29.4,15.9,186.0,82.0,100.0,1005.2,100,13.0827,80.275,0.0
2024-06-09 22:00:00+05:30,0.0,0.0,0.0,29.2,16.2,181.0,86.0,100.0,1005.6,100,13.0827,80.275,0.0
2024-06-09 23:00:00+05:30,0.0,0.0,0.0,29.0,17.3,182.0,89.0,100.0,1005.2,100,13.0827,80.275,0.0
2024-06-10 00:00:00+05:30,0.0,0.0,0.0,28.8,16.8,195.0,88.0,100.0,1004.6,100,13.0827,80.275,0.0
2024-06-10 01:00:00+05:30,0.0,0.0,0.0,28.4,16.4,199.0,87.0,100.0,1003.9,100,13.0827,80.275,0.0
2024-06-10 02:00:00+05:30,0.0,0.0,0.0,28.2,15.3,204.0,86.0,100.0,1003.3,100,13.0827,80.275,0.0
2024-06-10 03:00:00+05:30,0.0,0.0,0.0,28.0,13.8,208.0,85.0,100.0,1003.2,100,13.0827,80.275,0.0
2024-06-10 04:00:00+05:30,0.0,0.0,0.0,27.7,13.8,208.0,84.0,81.0,1003.4,100,13.0827,80.275,0.0
2024-06-10 05:00:00+05:30,0.0,0.0,0.0,27.5,13.2,215.0,83.0,100.0,1003.9,100,13.0827,80.275,0.0
2024-06-10 06:00:00+05:30,29.0,63.8,22.0,28.2,11.8,232.0,75.0,100.0,1004.5,100,13.0827,80.275,1.3087739306687336
2024-06-10 07:00:00+05:30,184.0,337.0,87.0,29.8,10.2,225.0,66.0,99.0,1005.2,100,13.0827,80.275,7.554927399129085
2024-06-10 08:00:00+05:30,382.0,465.9,146.0,31.5,14.8,236.0,57.0,92.0,1005.5,100,13.0827,80.275,22.240043901355307
2024-06-10 09:00:00+05:30,583.0,595.6,168.0,32.8,17.1,248.0,53.0,94.0,1005.5,100,13.0827,80.275,38.09563594233621
2024-06-10 10:00:00+05:30,753.0,681.2,177.0,34.1,16.4,255.0,50.0,58.0,1004.9,100,13.0827,80.275,53.70724489608706
2024-06-10 11:00:00+05:30,862.0,724.4,179.0,35.4,16.1,260.0,47.0,93.0,1004.2,100,13.0827,80.275,62.11825596262834
2024-06-10 12:00:00+05:30,908.0,728.2,193.0,36.5,14.4,267.0,45.0,99.0,1003.7,100,13.0827,80.275,62.14122381224755
2024-06-10 13:00:00+05:30,829.0,621.9,232.0,36.4,9.3,234.0,45.0,100.0,1002.6,100,13.0827,80.275,57.987080269722675
2024-06-10 14:00:00+05:30,477.0,232.1,273.0,31.8,17.4,146.0,70.0,100.0,1002.0,100,13.0827,80.275,35.548267143046985
2024-06-10 15:00:00+05:30,388.0,216.4,227.0,28.8,19.6,148.0,88.0,100.0,1001.9,100,13.0827,80.275,29.629812044549627
2024-06-10 16:00:00+05:30,350.0,294.2,184.0,30.0,25.9,181.0,77.0,100.0,1001.6,100,13.0827,80.275,24.10682514196977
2024-06-10 17:00:00+05:30,156.0,99.3,121.0,30.0,13.7,177.0,82.0,100.0,1002.7,100,13.0827,80.275,10.738646465424951
2024-06-10 18:00:00+05:30,49.0,97.8,35.0,30.4,13.9,190.0,70.0,98.0,1003.8,100,13.0827,80.275,2.3191297487437024
2024-06-10 19:00:00+05:30,0.0,0.0,0.0,29.4,12.6,183.0,70.0,69.0,1004.7,100,13.0827,80.275,0.0
2024-06-10 20:00:00+05:30,0.0,0.0,0.0,28.8,6.6,202.0,72.0,96.0,1005.4,100,13.0827,80.275,0.0
2024-06-10 21:00:00+05:30,0.0,0.0,0.0,28.6,6.5,199.0,76.0,100.0,1005.5,100,13.0827,80.275,0.0
2024-06-10 22:00:00+05:30,0.0,0.0,0.0,28.8,7.9,227.0,73.0,100.0,1005.6,100,13.0827,80.275,0.0
2024-06-10 23:00:00+05:30,0.0,0.0,0.0,30.0,14.3,231.0,62.0,100.0,1005.5,100,13.0827,80.275,0.0
2024-06-11 00:00:00+05:30,0.0,0.0,0.0,30.1,17.4,230.0,61.0,100.0,1004.9,100,13.0827,80.275,0.0
2024-06-11 01:00:00+05:30,0.0,0.0,0.0,29.8,15.4,237.0,62.0,100.0,1004.4,100,13.0827,80.275,0.0
2024-06-11 02:00:00+05:30,0.0,0.0,0.0,29.2,13.0,242.0,64.0,100.0,1004.0,100,13.0827,80.275,0.0
2024-06-11 03:00:00+05:30,0.0,0.0,0.0,28.9,13.7,243.0,66.0,100.0,1003.7,100,13.0827,80.275,0.0
2024-06-11 04:00:00+05:30,0.0,0.0,0.0,28.7,12.7,241.0,67.0,98.0,1003.9,100,13.0827,80.275,0.0
2024-06-11 05:00:00+05:30,0.0,0.0,0.0,28.6,13.8,242.0,67.0,98.0,1004.1,100,13.0827,80.275,0.0
2024-06-11 06:00:00+05:30,24.0,18.3,22.0,28.7,15.7,250.0,66.0,100.0,1004.5,100,13.0827,80.275,1.3854328082279652
2024-06-11 07:00:00+05:30,153.0,153.2,109.0,29.8,12.6,250.0,63.0,100.0,1005.4,100,13.0827,80.275,9.27352802798319
2024-06-11 08:00:00+05:30,308.0,209.5,202.0,31.1,13.9,245.0,59.0,100.0,1005.9,100,13.0827,80.275,21.365319312424166
2024-06-11 09:00:00+05:30,505.0,349.1,262.0,32.5,14.4,266.0,54.0,100.0,1005.8,100,13.0827,80.275,35.70896924313838
2024-06-11 10:00:00+05:30,620.0,377.5,301.0,33.6,14.8,264.0,51.0,100.0,1004.9,100,13.0827,80.275,44.32142146189004
2024-06-11 11:00:00+05:30,773.0,488.1,313.0,34.9,15.9,264.0,48.0,100.0,1004.3,100,13.0827,80.275,55.562286496350325
2024-06-11 12:00:00+05:30,872.0,656.1,228.0,36.2,15.5,273.0,45.0,99.0,1003.8,100,13.0827,80.275,61.912632200699946
2024-06-11 13:00:00+05:30,860.0,643.7,242.0,35.7,13.3,251.0,45.0,98.0,1003.2,100,13.0827,80.275,60.98717446335596
2024-06-11 14:00:00+05:30,564.0,389.0,222.0,35.3,9.5,205.0,46.0,100.0,1001.9,100,13.0827,80.275,40.90356872695918
2024-06-11 15:00:00+05:30,405.0,206.9,251.0,32.4,15.6,209.0,58.0,100.0,1002.4,100,13.0827,80.275,30.0535168272703
2024-06-11 16:00:00+05:30,258.0,150.4,173.0,27.7,5.8,202.0,88.0,100.0,1002.3,100,13.0827,80.275,18.962348194664465
2024-06-11 17:00:00+05:30,27.0,0.0,27.0,28.1,5.9,191.0,87.0,100.0,1002.4,100,13.0827,80.275,1.8544534213172692
2024-06-11 18:00:00+05:30,56.0,97.5,42.0,30.2,9.7,225.0,64.0,100.0,1003.2,100,13.0827,80.275,2.8696799623265434
2024-06-11 19:00:00+05:30,0.0,0.0,0.0,29.4,9.2,191.0,68.0,100.0,1003.8,100,13.0827,80.275,0.0
2024-06-11 20:00:00+05:30,0.0,0.0,0.0,29.0,10.1,176.0,77.0,100.0,1004.5,100,13.0827,80.275,0.0
2024-06-11 21:00:00+05:30,0.0,0.0,0.0,29.3,12.1,190.0,76.0,100.0,1005.2,100,13.0827,80.275,0.0
2024-06-11 22:00:00+05:30,0.0,0.0,0.0,29.7,16.1,204.0,71.0,100.0,1005.5,100,13.0827,80.275,0.0
2024-06-11 23:00:00+05:30,0.0,0.0,0.0,28.5,2.7,337.0,73.0,100.0,1005.5,100,13.0827,80.275,0.0
2024-06-12 00:00:00+05:30,0.0,0.0,0.0,27.8,3.8,343.0,84.0,100.0,1004.7,100,13.0827,80.275,0.0
2024-06-12 01:00:00+05:30,0.0,0.0,0.0,28.7,10.7,256.0,69.0,100.0,1004.4,100,13.0827,80.275,0.0
2024-06-12 02:00:00+05:30,0.0,0.0,0.0,29.2,16.1,250.0,62.0,100.0,1004.2,100,13.0827,80.275,0.0
2024-06-12 03:00:00+05:30,0.0,0.0,0.0,29.0,18.3,248.0,63.0,100.0,1004.0,100,13.0827,80.275,0.0
2024-06-12 04:00:00+05:30,0.0,0.0,0.0,28.7,16.7,245.0,65.0,100.0,1004.4,100,13.0827,80.275,0.0
2024-06-12 05:00:00+05:30,0.0,0.0,0.0,28.6,15.3,240.0,66.0,100.0,1005.1,100,13.0827,80.275,0.0
2024-06-12 06:00:00+05:30,14.0,0.0,14.0,26.8,14.0,244.0,81.0,100.0,1006.1,100,13.0827,80.275,0.6913132572883771
2024-06-12 07:00:00+05:30,100.0,10.5,97.0,28.1,13.2,225.0,78.0,100.0,1007.0,100,13.0827,80.275,7.979665200230756
2024-06-12 08:00:00+05:30,208.0,45.5,185.0,29.4,13.0,231.0,73.0,100.0,1007.5,100,13.0827,80.275,16.114769235411394
2024-06-12 09:00:00+05:30,167.0,0.0,167.0,30.0,12.3,238.0,69.0,100.0,1007.7,100,13.0827,80.275,14.152031156787377
2024-06-12 10:00:00+05:30,432.0,88.8,357.0,31.3,18.7,254.0,62.0,100.0,1007.6,100,13.0827,80.275,35.14090215538793
2024-06-12 11:00:00+05:30,440.0,53.1,390.0,31.0,17.7,246.0,64.0,100.0,1006.9,100,13.0827,80.275,36.726248104857625
2024-06-12 12:00:00+05:30,430.0,56.0,375.0,31.6,18.9,252.0,61.0,100.0,1006.5,100,13.0827,80.275,35.491146443271404
2024-06-12 13:00:00+05:30,572.0,155.2,423.0,33.3,19.9,264.0,54.0,100.0,1005.2,100,13.0827,80.275,45.658486953980855
2024-06-12 14:00:00+05:30,543.0,185.4,380.0,33.8,20.5,268.0,52.0,100.0,1004.2,100,13.0827,80.275,42.2715688202269
2024-06-12 15:00:00+05:30,383.0,103.4,306.0,33.3,17.3,266.0,53.0,100.0,1003.8,100,13.0827,80.275,30.247953330011224
2024-06-12 16:00:00+05:30,290.0,109.6,228.0,31.9,12.4,248.0,61.0,100.0,1003.8,100,13.0827,80.275,21.659262252770876
2024-06-12 17:00:00+05:30,164.0,76.2,137.0,31.7,9.1,214.0,62.0,100.0,1004.3,100,13.0827,80.275,11.731363566521086
2024-06-12 18:00:00+05:30,38.0,20.8,35.0,30.8,6.4,196.0,65.0,100.0,1004.6,100,13.0827,80.275,2.462864988703204
2024-06-12 19:00:00+05:30,0.0,0.0,0.0,29.6,7.6,155.0,71.0,100.0,1005.4,100,13.0827,80.275,0.0
2024-06-12 20:00:00+05:30,0.0,0.0,0.0,29.0,6.6,225.0,78.0,100.0,1005.8,100,13.0827,80.275,0.0
2024-06-12 21:00:00+05:30,0.0,0.0,0.0,28.8,7.4,256.0,72.0,100.0,1006.4,100,13.0827,80.275,0.0
2024-06-12 22:00:00+05:30,0.0,0.0,0.0,29.0,13.7,272.0,63.0,100.0,1006.6,100,13.0827,80.275,0.0
2024-06-12 23:00:00+05:30,0.0,0.0,0.0,29.0,13.3,272.0,62.0,100.0,1006.9,100,13.0827,80.275,0.0
2024-06-13 00:00:00+05:30,0.0,0.0,0.0,29.0,11.9,267.0,63.0,100.0,1006.3,100,13.0827,80.275,0.0
2024-06-13 01:00:00+05:30,0.0,0.0,0.0,28.8,12.8,254.0,64.0,100.0,1005.6,100,13.0827,80.275,0.0
2024-06-13 02:00:00+05:30,0.0,0.0,0.0,28.8,14.5,256.0,65.0,100.0,1005.4,100,13.0827,80.275,0.0
2024-06-13 03:00:00+05:30,0.0,0.0,0.0,28.8,17.4,248.0,65.0,100.0,1005.1,100,13.0827,80.275,0.0
2024-06-13 04:00:00+05:30,0.0,0.0,0.0,28.5,17.6,255.0,66.0,100.0,1005.3,100,13.0827,80.275,0.0
2024-06-13 05:00:00+05:30,0.0,0.0,0.0,28.1,15.2,266.0,68.0,100.0,1005.5,100,13.0827,80.275,0.0
2024-06-13 06:00:00+05:30,15.0,0.0,15.0,27.5,15.7,250.0,73.0,100.0,1006.2,100,13.0827,80.275,0.7553100158147819
2024-06-13 07:00:00+05:30,140.0,87.5,115.0,28.8,12.8,248.0,69.0,100.0,1007.3,100,13.0827,80.275,9.830331212923426
2024-06-13 08:00:00+05:30,331.0,277.5,191.0,30.5,18.0,254.0,62.0,100.0,1007.1,100,13.0827,80.275,21.538115918430695
2024-06-13 09:00:00+05:30,524.0,417.4,234.0,31.9,20.2,268.0,56.0,100.0,1007.1,100,13.0827,80.275,37.4936897913219
2024-06-13 10:00:00+05:30,656.0,412.4,308.0,33.1,17.6,270.0,52.0,100.0,1007.2,100,13.0827,80.275,47.370685434782914
2024-06-13 11:00:00+05:30,785.0,526.8,289.0,34.1,16.2,273.0,49.0,100.0,1006.5,100,13.0827,80.275,56.11003150657523
2024-06-13 12:00:00+05:30,802.0,458.6,352.0,35.1,17.8,277.0,46.0,100.0,1005.7,100,13.0827,80.275,59.524718655285255
2024-06-13 13:00:00+05:30,762.0,407.3,371.0,35.4,18.4,282.0,45.0,100.0,1004.8,100,13.0827,80.275,56.21740563424205
2024-06-13 14:00:00+05:30,560.0,197.8,386.0,35.1,19.4,285.0,45.0,100.0,1003.7,100,13.0827,80.275,43.263106265872715
2024-06-13 15:00:00+05:30,388.0,147.6,278.0,34.7,12.4,292.0,45.0,100.0,1003.1,100,13.0827,80.275,30.31813985633347
2024-06-13 16:00:00+05:30,231.0,30.0,214.0,33.5,4.9,197.0,49.0,100.0,1002.6,100,13.0827,80.275,18.993656978730883
2024-06-13 17:00:00+05:30,147.0,56.3,127.0,31.9,10.4,166.0,65.0,97.0,1003.0,100,13.0827,80.275,10.956657505572803
2024-06-13 18:00:00+05:30,56.0,76.1,45.0,31.0,2.2,279.0,59.0,99.0,1004.5,100,13.0827,80.275,3.1928017723845064
2024-06-13 19:00:00+05:30,0.0,0.0,0.0,29.4,4.0,170.0,70.0,100.0,1005.3,100,13.0827,80.275,0.0
2024-06-13 20:00:00+05:30,0.0,0.0,0.0,28.9,3.3,276.0,84.0,100.0,1005.8,100,13.0827,80.275,0.0
2024-06-13 21:00:00+05:30,0.0,0.0,0.0,28.5,3.4,342.0,81.0,100.0,1006.2,100,13.0827,80.275,0.0
2024-06-13 22:00:00+05:30,0.0,0.0,0.0,28.8,4.8,333.0,73.0,100.0,1006.3,100,13.0827,80.275,0.0
2024-06-13 23:00:00+05:30,0.0,0.0,0.0,28.5,4.5,209.0,73.0,100.0,1005.9,100,13.0827,80.275,0.0
2024-06-14 00:00:00+05:30,0.0,0.0,0.0,28.1,8.4,227.0,73.0,100.0,1005.0,100,13.0827,80.275,0.0
2024-06-14 01:00:00+05:30,0.0,0.0,0.0,27.9,7.3,237.0,74.0,100.0,1004.2,100,13.0827,80.275,0.0
2024-06-14 02:00:00+05:30,0.0,0.0,0.0,27.6,8.7,225.0,76.0,100.0,1004.2,100,13.0827,80.275,0.0
2024-06-14 03:00:00+05:30,0.0,0.0,0.0,27.6,8.4,227.0,75.0,100.0,1004.0,100,13.0827,80.275,0.0
2024-06-14 04:00:00+05:30,0.0,0.0,0.0,27.8,10.0,232.0,73.0,100.0,1004.2,100,13.0827,80.275,0.0
2024-06-14 05:00:00+05:30,0.0,0.0,0.0,28.2,12.0,249.0,68.0,100.0,1004.6,100,13.0827,80.275,0.0
2024-06-14 06:00:00+05:30,21.0,9.2,20.0,28.5,13.4,256.0,67.0,100.0,1005.4,100,13.0827,80.275,1.2287404041904681
2024-06-14 07:00:00+05:30,114.0,59.6,97.0,29.3,12.3,255.0,66.0,100.0,1006.0,100,13.0827,80.275,7.930403976036124
2024-06-14 08:00:00+05:30,249.0,160.8,168.0,30.5,14.0,258.0,62.0,100.0,1006.1,100,13.0827,80.275,17.37624144762682
2024-06-14 09:00:00+05:30,483.0,305.4,271.0,31.8,18.8,258.0,55.0,100.0,1006.4,100,13.0827,80.275,34.2003082435775
2024-06-14 10:00:00+05:30,318.0,40.3,284.0,31.1,17.2,259.0,57.0,100.0,1005.9,100,13.0827,80.275,26.43855536528024
2024-06-14 11:00:00+05:30,432.0,65.9,370.0,32.0,13.4,264.0,56.0,100.0,1005.2,100,13.0827,80.275,34.432006472826245
2024-06-14 12:00:00+05:30,655.0,252.8,407.0,34.0,15.3,279.0,50.0,100.0,1004.3,100,13.0827,80.275,49.69164444989124
2024-06-14 13:00:00+05:30,756.0,410.4,362.0,35.0,20.2,281.0,46.0,100.0,1003.2,100,13.0827,80.275,55.19014638214757
2024-06-14 14:00:00+05:30,726.0,523.9,265.0,35.9,20.4,278.0,43.0,99.0,1002.2,100,13.0827,80.275,51.591417789050645
2024-06-14 15:00:00+05:30,503.0,371.4,226.0,35.5,22.7,295.0,42.0,100.0,1001.6,100,13.0827,80.275,36.1901758576391
2024-06-14 16:00:00+05:30,421.0,458.4,161.0,35.6,18.3,302.0,42.0,100.0,1001.1,100,13.0827,80.275,26.00285147287524
2024-06-14 17:00:00+05:30,210.0,266.9,115.0,34.1,3.4,212.0,47.0,99.0,1001.6,100,13.0827,80.275,11.18569719015474
2024-06-14 18:00:00+05:30,54.0,96.5,40.0,30.8,3.4,108.0,70.0,100.0,1003.0,100,13.0827,80.275,2.6992123751044317
2024-06-14 19:00:00+05:30,0.0,0.0,0.0,30.0,8.2,142.0,79.0,100.0,1003.8,100,13.0827,80.275,0.0
2024-06-14 20:00:00+05:30,0.0,0.0,0.0,29.6,10.0,159.0,77.0,51.0,1004.8,100,13.0827,80.275,0.0
2024-06-14 21:00:00+05:30,0.0,0.0,0.0,29.1,9.5,191.0,78.0,64.0,1005.6,100,13.0827,80.275,0.0
2024-06-14 22:00:00+05:30,0.0,0.0,0.0,28.7,9.0,203.0,80.0,29.0,1005.5,100,13.0827,80.275,0.0
2024-06-14 23:00:00+05:30,0.0,0.0,0.0,28.4,9.2,211.0,82.0,31.0,1004.9,100,13.0827,80.275,0.0
2024-06-15 00:00:00+05:30,0.0,0.0,0.0,28.1,8.4,205.0,82.0,28.0,1004.4,100,13.0827,80.275,0.0
2024-06-15 01:00:00+05:30,0.0,0.0,0.0,27.7,5.2,205.0,84.0,47.0,1004.2,100,13.0827,80.275,0.0
2024-06-15 02:00:00+05:30,0.0,0.0,0.0,27.6,5.6,220.0,82.0,100.0,1004.0,100,13.0827,80.275,0.0
2024-06-15 03:00:00+05:30,0.0,0.0,0.0,27.8,10.1,207.0,80.0,100.0,1003.6,100,13.0827,80.275,0.0
2024-06-15 04:00:00+05:30,0.0,0.0,0.0,27.8,10.4,226.0,78.0,100.0,1003.9,100,13.0827,80.275,0.0
2024-06-15 05:00:00+05:30,0.0,0.0,0.0,27.9,13.2,235.0,74.0,100.0,1003.9,100,13.0827,80.275,0.0
2024-06-15 06:00:00+05:30,22.0,18.5,20.0,28.4,15.1,252.0,72.0,100.0,1004.5,100,13.0827,80.275,1.215465694720891
2024-06-15 07:00:00+05:30,68.0,3.5,67.0,27.2,10.0,240.0,82.0,100.0,1005.2,100,13.0827,80.275,5.373231021204723
2024-06-15 08:00:00+05:30,193.0,53.7,166.0,28.8,10.4,226.0,75.0,100.0,1004.8,100,13.0827,80.275,14.99445111035218
2024-06-15 09:00:00+05:30,385.0,168.7,268.0,31.5,11.7,236.0,60.0,100.0,1005.0,100,13.0827,80.275,29.136398659823424
2024-06-15 10:00:00+05:30,477.0,128.2,369.0,32.8,13.1,261.0,52.0,100.0,1004.6,100,13.0827,80.275,37.290030237410406
2024-06-15 11:00:00+05:30,620.0,223.2,410.0,34.1,12.2,270.0,48.0,100.0,1004.1,100,13.0827,80.275,45.931747590193304
2024-06-15 12:00:00+05:30,563.0,158.0,408.0,34.9,11.3,263.0,45.0,100.0,1003.5,100,13.0827,80.275,42.93492065829094
2024-06-15 13:00:00+05:30,532.0,142.7,395.0,35.4,10.5,264.0,42.0,100.0,1002.7,100,13.0827,80.275,41.34266721736593
2024-06-15 14:00:00+05:30,530.0,175.0,376.0,35.5,6.3,246.0,41.0,100.0,1001.9,100,13.0827,80.275,40.566376022873065
2024-06-15 15:00:00+05:30,481.0,281.3,271.0,34.9,7.2,174.0,46.0,100.0,1001.0,100,13.0827,80.275,34.024254553425365
2024-06-15 16:00:00+05:30,344.0,232.4,212.0,33.1,10.8,154.0,65.0,100.0,1000.8,100,13.0827,80.275,24.23300740660348
2024-06-15 17:00:00+05:30,175.0,131.7,128.0,31.5,14.7,149.0,70.0,100.0,1001.3,100,13.0827,80.275,11.550517062757157
2024-06-15 18:00:00+05:30,32.0,0.0,32.0,30.9,16.4,237.0,56.0,100.0,1002.8,100,13.0827,80.275,2.2709141895945395
2024-06-15 19:00:00+05:30,0.0,0.0,0.0,29.7,10.4,226.0,60.0,100.0,1003.2,100,13.0827,80.275,0.0
2024-06-15 20:00:00+05:30,0.0,0.0,0.0,29.5,7.3,237.0,61.0,100.0,1004.1,100,13.0827,80.275,0.0
2024-06-15 21:00:00+05:30,0.0,0.0,0.0,29.1,12.0,189.0,65.0,100.0,1004.7,100,13.0827,80.275,0.0
2024-06-15 22:00:00+05:30,0.0,0.0,0.0,28.9,13.9,190.0,67.0,100.0,1005.2,100,13.0827,80.275,0.0
2024-06-15 23:00:00+05:30,0.0,0.0,0.0,28.9,14.8,193.0,75.0,100.0,1005.2,100,13.0827,80.275,0.0
2024-06-16 00:00:00+05:30,0.0,0.0,0.0,28.8,13.8,189.0,85.0,100.0,1004.5,100,13.0827,80.275,0.0
2024-06-16 01:00:00+05:30,0.0,0.0,0.0,28.4,11.3,189.0,89.0,100.0,1004.4,100,13.0827,80.275,0.0
2024-06-16 02:00:00+05:30,0.0,0.0,0.0,28.1,7.6,205.0,92.0,42.0,1004.1,100,13.0827,80.275,0.0
2024-06-16 03:00:00+05:30,0.0,0.0,0.0,27.6,5.2,236.0,93.0,85.0,1004.0,100,13.0827,80.275,0.0
2024-06-16 04:00:00+05:30,0.0,0.0,0.0,27.2,5.1,262.0,95.0,99.0,1004.2,100,13.0827,80.275,0.0
2024-06-16 05:00:00+05:30,0.0,0.0,0.0,27.1,6.2,260.0,93.0,67.0,1004.6,100,13.0827,80.275,0.0
2024-06-16 06:00:00+05:30,26.0,55.7,20.0,28.6,12.8,230.0,73.0,81.0,1004.9,100,13.0827,80.275,1.1769071999514675
2024-06-16 07:00:00+05:30,165.0,250.3,94.0,30.2,13.6,238.0,60.0,26.0,1005.3,100,13.0827,80.275,8.050372711056
2024-06-16 08:00:00+05:30,374.0,473.9,136.0,31.7,15.3,262.0,52.0,96.0,1005.7,100,13.0827,80.275,21.58620926141074
2024-06-16 09:00:00+05:30,486.0,431.6,187.0,32.7,14.3,258.0,49.0,99.0,1005.5,100,13.0827,80.275,32.29533402536683
2024-06-16 10:00:00+05:30,644.0,470.2,248.0,34.1,13.4,250.0,47.0,99.0,1004.9,100,13.0827,80.275,45.149929806975535
2024-06-16 11:00:00+05:30,792.0,599.7,228.0,35.5,11.7,259.0,44.0,81.0,1004.5,100,13.0827,80.275,55.93497135108272
2024-06-16 12:00:00+05:30,895.0,716.9,192.0,36.3,6.3,246.0,41.0,97.0,1003.8,100,13.0827,80.275,60.51365957010714
2024-06-16 13:00:00+05:30,836.0,667.5,195.0,36.3,7.3,169.0,41.0,100.0,1003.0,100,13.0827,80.275,58.978306345181615
2024-06-16 14:00:00+05:30,760.0,589.4,241.0,34.9,7.6,121.0,56.0,100.0,1002.5,100,13.0827,80.275,53.246209805811674
2024-06-16 15:00:00+05:30,524.0,350.8,262.0,32.6,14.8,93.0,65.0,100.0,1002.1,100,13.0827,80.275,37.464696415325605
2024-06-16 16:00:00+05:30,394.0,350.0,195.0,32.1,13.6,112.0,63.0,100.0,1001.8,100,13.0827,80.275,26.405309014482125
2024-06-16 17:00:00+05:30,191.0,167.7,131.0,31.3,15.3,124.0,71.0,100.0,1001.9,100,13.0827,80.275,12.27202415443907
2024-06-16 18:00:00+05:30,58.0,116.4,41.0,30.4,15.5,132.0,73.0,89.0,1002.7,100,13.0827,80.275,2.766010519850998
2024-06-16 19:00:00+05:30,0.0,0.0,0.0,29.6,16.9,156.0,82.0,99.0,1003.7,100,13.0827,80.275,0.0
2024-06-16 20:00:00+05:30,0.0,0.0,0.0,29.6,16.5,170.0,83.0,64.0,1004.5,100,13.0827,80.275,0.0
2024-06-16 21:00:00+05:30,0.0,0.0,0.0,29.7,17.3,180.0,79.0,99.0,1005.1,100,13.0827,80.275,0.0
2024-06-16 22:00:00+05:30,0.0,0.0,0.0,29.5,14.0,198.0,77.0,78.0,1005.6,100,13.0827,80.275,0.0
2024-06-16 23:00:00+05:30,0.0,0.0,0.0,29.1,11.7,227.0,76.0,87.0,1005.5,100,13.0827,80.275,0.0
2024-06-17 00:00:00+05:30,0.0,0.0,0.0,29.1,10.0,232.0,72.0,92.0,1004.8,100,13.0827,80.275,0.0
2024-06-17 01:00:00+05:30,0.0,0.0,0.0,28.8,11.0,238.0,68.0,96.0,1004.0,100,13.0827,80.275,0.0
2024-06-17 02:00:00+05:30,0.0,0.0,0.0,28.3,7.6,245.0,67.0,100.0,1004.0,100,13.0827,80.275,0.0
2024-06-17 03:00:00+05:30,0.0,0.0,0.0,27.9,10.4,224.0,69.0,100.0,1003.9,100,13.0827,80.275,0.0
2024-06-17 04:00:00+05:30,0.0,0.0,0.0,27.8,9.7,231.0,70.0,100.0,1004.3,100,13.0827,80.275,0.0
2024-06-17 05:00:00+05:30,0.0,0.0,0.0,27.6,8.2,232.0,72.0,100.0,1004.8,100,13.0827,80.275,0.0
2024-06-17 06:00:00+05:30,27.0,55.9,21.0,28.1,13.2,225.0,71.0,99.0,1004.7,100,13.0827,80.275,1.256257826443144
2024-06-17 07:00:00+05:30,168.0,229.8,103.0,29.7,13.5,224.0,66.0,100.0,1005.3,100,13.0827,80.275,8.650538886840652
2024-06-17 08:00:00+05:30,380.0,480.5,139.0,31.7,15.5,234.0,59.0,81.0,1005.8,100,13.0827,80.275,22.23189918230762
2024-06-17 09:00:00+05:30,592.0,635.7,152.0,33.4,17.0,238.0,52.0,60.0,1005.9,100,13.0827,80.275,39.35872184062788
2024-06-17 10:00:00+05:30,761.0,716.4,158.0,34.7,14.8,231.0,48.0,91.0,1005.3,100,13.0827,80.275,52.05060281325266
2024-06-17 11:00:00+05:30,843.0,660.6,222.0,35.7,12.7,225.0,46.0,92.0,1004.6,100,13.0827,80.275,59.37166416203924
2024-06-17 12:00:00+05:30,876.0,639.4,249.0,36.4,7.8,202.0,43.0,100.0,1004.3,100,13.0827,80.275,62.05987117198938
2024-06-17 13:00:00+05:30,868.0,672.7,222.0,36.3,10.5,158.0,45.0,100.0,1003.4,100,13.0827,80.275,58.6660644457118
2024-06-17 14:00:00+05:30,698.0,430.3,319.0,34.1,16.1,141.0,65.0,100.0,1002.6,100,13.0827,80.275,51.44083975849749
2024-06-17 15:00:00+05:30,539.0,386.6,250.0,32.7,19.8,151.0,62.0,100.0,1002.5,100,13.0827,80.275,38.32982083552421
2024-06-17 16:00:00+05:30,391.0,388.2,170.0,32.4,20.6,155.0,65.0,100.0,1002.2,100,13.0827,80.275,25.33934133380247
2024-06-17 17:00:00+05:30,213.0,284.5,111.0,31.9,17.3,157.0,67.0,100.0,1002.5,100,13.0827,80.275,11.493259919642885
2024-06-17 18:00:00+05:30,52.0,47.8,45.0,30.6,14.5,186.0,72.0,20.0,1003.1,100,13.0827,80.275,3.424086839881609
2024-06-17 19:00:00+05:30,0.0,0.0,0.0,30.2,13.4,185.0,72.0,9.0,1003.8,100,13.0827,80.275,0.0
2024-06-17 20:00:00+05:30,0.0,0.0,0.0,29.7,14.4,181.0,79.0,79.0,1004.9,100,13.0827,80.275,0.0
2024-06-17 21:00:00+05:30,0.0,0.0,0.0,29.5,15.6,187.0,80.0,100.0,1005.6,100,13.0827,80.275,0.0
2024-06-17 22:00:00+05:30,0.0,0.0,0.0,29.3,16.3,188.0,80.0,97.0,1005.7,100,13.0827,80.275,0.0
2024-06-17 23:00:00+05:30,0.0,0.0,0.0,29.0,18.4,183.0,83.0,100.0,1005.5,100,13.0827,80.275,0.0
2024-06-18 00:00:00+05:30,0.0,0.0,0.0,28.8,18.4,184.0,86.0,95.0,1005.0,100,13.0827,80.275,0.0
2024-06-18 01:00:00+05:30,0.0,0.0,0.0,28.6,18.2,189.0,86.0,92.0,1004.6,100,13.0827,80.275,0.0
2024-06-18 02:00:00+05:30,0.0,0.0,0.0,28.5,16.6,202.0,84.0,100.0,1004.0,100,13.0827,80.275,0.0
2024-06-18 03:00:00+05:30,0.0,0.0,0.0,28.4,13.2,223.0,81.0,100.0,1004.1,100,13.0827,80.275,0.0
2024-06-18 04:00:00+05:30,0.0,0.0,0.0,28.3,12.8,220.0,80.0,67.0,1004.3,100,13.0827,80.275,0.0
2024-06-18 05:00:00+05:30,0.0,0.0,0.0,28.1,10.0,229.0,81.0,99.0,1004.7,100,13.0827,80.275,0.0
2024-06-18 06:00:00+05:30,14.0,9.4,13.0,27.3,13.7,240.0,76.0,79.0,1004.9,100,13.0827,80.275,0.5887534270090091
2024-06-18 07:00:00+05:30,140.0,202.0,83.0,28.8,13.5,245.0,70.0,97.0,1005.9,100,13.0827,80.275,6.982721810775766
2024-06-18 08:00:00+05:30,375.0,453.3,148.0,30.9,16.2,258.0,61.0,85.0,1006.1,100,13.0827,80.275,22.259899544741096
2024-06-18 09:00:00+05:30,590.0,639.2,148.0,32.7,15.9,264.0,53.0,96.0,1005.6,100,13.0827,80.275,38.88450259135037
2024-06-18 10:00:00+05:30,720.0,578.9,233.0,34.5,16.2,258.0,46.0,100.0,1005.0,100,13.0827,80.275,49.76067761460247
2024-06-18 11:00:00+05:30,834.0,637.4,235.0,35.8,15.9,252.0,43.0,94.0,1004.3,100,13.0827,80.275,59.209419681793634
2024-06-18 12:00:00+05:30,881.0,670.1,224.0,36.9,15.4,249.0,40.0,34.0,1003.5,100,13.0827,80.275,64.46809970307612
2024-06-18 13:00:00+05:30,868.0,694.5,201.0,37.0,10.2,212.0,41.0,41.0,1002.6,100,13.0827,80.275,60.47635200479312
2024-06-18 14:00:00+05:30,742.0,631.0,186.0,36.0,11.3,171.0,49.0,81.0,1001.7,100,13.0827,80.275,50.864791284632325
2024-06-18 15:00:00+05:30,622.0,586.9,183.0,34.3,17.2,164.0,62.0,93.0,1001.1,100,13.0827,80.275,42.43710187183402
2024-06-18 16:00:00+05:30,361.0,335.1,170.0,31.6,12.7,255.0,62.0,14.0,1001.9,100,13.0827,80.275,24.266108163305173
2024-06-18 17:00:00+05:30,237.0,381.3,100.0,31.6,7.9,227.0,60.0,19.0,1002.1,100,13.0827,80.275,11.131619774773393
2024-06-18 18:00:00+05:30,64.0,170.2,39.0,30.8,16.0,171.0,75.0,47.0,1002.3,100,13.0827,80.275,2.4573881291521293
2024-06-18 19:00:00+05:30,0.0,0.0,0.0,29.9,18.5,173.0,79.0,70.0,1003.2,100,13.0827,80.275,0.0
2024-06-18 20:00:00+05:30,0.0,0.0,0.0,29.6,19.1,184.0,78.0,69.0,1004.2,100,13.0827,80.275,0.0
2024-06-18 21:00:00+05:30,0.0,0.0,0.0,29.5,18.8,197.0,82.0,92.0,1005.0,100,13.0827,80.275,0.0
2024-06-18 22:00:00+05:30,0.0,0.0,0.0,29.1,16.3,248.0,80.0,85.0,1005.6,100,13.0827,80.275,0.0
2024-06-18 23:00:00+05:30,0.0,0.0,0.0,28.2,14.3,245.0,80.0,90.0,1005.5,100,13.0827,80.275,0.0
2024-06-19 00:00:00+05:30,0.0,0.0,0.0,27.9,13.3,232.0,79.0,72.0,1004.7,100,13.0827,80.275,0.0
2024-06-19 01:00:00+05:30,0.0,0.0,0.0,27.4,12.0,213.0,80.0,98.0,1004.2,100,13.0827,80.275,0.0
2024-06-19 02:00:00+05:30,0.0,0.0,0.0,27.0,10.0,210.0,82.0,99.0,1004.1,100,13.0827,80.275,0.0
2024-06-19 03:00:00+05:30,0.0,0.0,0.0,25.9,10.5,221.0,90.0,100.0,1004.1,100,13.0827,80.275,0.0
2024-06-19 04:00:00+05:30,0.0,0.0,0.0,26.1,15.9,198.0,89.0,100.0,1003.9,100,13.0827,80.275,0.0
2024-06-19 05:00:00+05:30,0.0,0.0,0.0,25.8,13.3,218.0,90.0,100.0,1003.6,100,13.0827,80.275,0.0
2024-06-19 06:00:00+05:30,23.0,46.9,18.0,27.2,16.2,257.0,79.0,85.0,1003.9,100,13.0827,80.275,0.9987961699069238
2024-06-19 07:00:00+05:30,163.0,255.9,91.0,28.3,12.3,249.0,78.0,100.0,1004.7,100,13.0827,80.275,7.971272403937787
2024-06-19 08:00:00+05:30,278.0,204.0,176.0,29.5,12.9,257.0,71.0,100.0,1004.5,100,13.0827,80.275,18.764371000350796
2024-06-19 09:00:00+05:30,465.0,312.6,249.0,31.3,13.3,272.0,62.0,100.0,1004.7,100,13.0827,80.275,32.58121239031485
2024-06-19 10:00:00+05:30,714.0,569.7,235.0,33.2,12.6,270.0,54.0,99.0,1004.3,100,13.0827,80.275,49.338206797125714
2024-06-19 11:00:00+05:30,741.0,456.6,312.0,34.3,11.5,274.0,51.0,91.0,1003.6,100,13.0827,80.275,54.006721484743544
2024-06-19 12:00:00+05:30,877.0,659.0,231.0,35.3,9.4,277.0,49.0,84.0,1002.9,100,13.0827,80.275,61.606685225060126
2024-06-19 13:00:00+05:30,859.0,687.1,199.0,34.4,5.7,215.0,51.0,67.0,1002.2,100,13.0827,80.275,60.915848869688716
2024-06-19 14:00:00+05:30,628.0,443.6,237.0,32.2,14.6,171.0,66.0,99.0,1001.4,100,13.0827,80.275,45.43416931273457
2024-06-19 15:00:00+05:30,485.0,332.7,236.0,30.1,14.1,199.0,74.0,91.0,1001.6,100,13.0827,80.275,35.3215810837976
2024-06-19 16:00:00+05:30,319.0,254.1,174.0,29.9,11.7,198.0,74.0,81.0,1001.3,100,13.0827,80.275,21.95995871715422
2024-06-19 17:00:00+05:30,241.0,363.8,110.0,29.6,12.9,207.0,76.0,75.0,1001.2,100,13.0827,80.275,11.950349296607824
2024-06-19 18:00:00+05:30,63.0,156.2,40.0,29.9,17.0,176.0,75.0,37.0,1001.6,100,13.0827,80.275,2.682147052873843
2024-06-19 19:00:00+05:30,0.0,0.0,0.0,29.3,17.7,193.0,78.0,53.0,1002.3,100,13.0827,80.275,0.0
2024-06-19 20:00:00+05:30,0.0,0.0,0.0,29.2,15.6,220.0,79.0,27.0,1003.5,100,13.0827,80.275,0.0
2024-06-19 21:00:00+05:30,0.0,0.0,0.0,27.0,23.2,222.0,86.0,85.0,1004.8,100,13.0827,80.275,0.0
2024-06-19 22:00:00+05:30,0.0,0.0,0.0,26.5,15.9,242.0,88.0,100.0,1005.2,100,13.0827,80.275,0.0
2024-06-19 23:00:00+05:30,0.0,0.0,0.0,25.6,16.1,222.0,92.0,100.0,1005.1,100,13.0827,80.275,0.0
2024-06-20 00:00:00+05:30,0.0,0.0,0.0,25.9,10.1,235.0,91.0,100.0,1004.2,100,13.0827,80.275,0.0
2024-06-20 01:00:00+05:30,0.0,0.0,0.0,25.8,12.0,201.0,92.0,100.0,1003.5,100,13.0827,80.275,0.0
2024-06-20 02:00:00+05:30,0.0,0.0,0.0,25.7,11.4,204.0,92.0,100.0,1003.5,100,13.0827,80.275,0.0
2024-06-20 03:00:00+05:30,0.0,0.0,0.0,25.6,13.1,217.0,93.0,100.0,1002.8,100,13.0827,80.275,0.0
2024-06-20 04:00:00+05:30,0.0,0.0,0.0,25.6,12.5,219.0,91.0,100.0,1003.1,100,13.0827,80.275,0.0
2024-06-20 05:00:00+05:30,0.0,0.0,0.0,25.7,12.7,225.0,90.0,100.0,1003.6,100,13.0827,80.275,0.0
2024-06-20 06:00:00+05:30,24.0,47.1,19.0,26.0,12.5,226.0,86.0,100.0,1003.7,100,13.0827,80.275,1.0960099544603665
2024-06-20 07:00:00+05:30,170.0,267.3,95.0,27.6,11.8,230.0,81.0,100.0,1004.5,100,13.0827,80.275,8.057086549992794
2024-06-20 08:00:00+05:30,347.0,348.4,173.0,29.7,13.7,240.0,72.0,89.0,1004.8,100,13.0827,80.275,22.155702152458943
2024-06-20 09:00:00+05:30,542.0,499.8,197.0,31.8,16.2,257.0,61.0,99.0,1004.5,100,13.0827,80.275,36.70497874382222
2024-06-20 10:00:00+05:30,738.0,647.4,194.0,33.4,14.6,260.0,55.0,100.0,1004.7,100,13.0827,80.275,51.03924349562901
2024-06-20 11:00:00+05:30,814.0,603.7,247.0,34.5,13.3,251.0,51.0,99.0,1004.3,100,13.0827,80.275,56.49392746534096
2024-06-20 12:00:00+05:30,836.0,590.6,257.0,35.3,12.2,246.0,49.0,64.0,1003.6,100,13.0827,80.275,59.83743893418391
2024-06-20 13:00:00+05:30,797.0,557.9,261.0,35.6,14.2,240.0,46.0,100.0,1002.9,100,13.0827,80.275,57.67320854529332
2024-06-20 14:00:00+05:30,508.0,305.0,239.0,33.9,15.9,232.0,50.0,100.0,1002.1,100,13.0827,80.275,37.12788273513058
2024-06-20 15:00:00+05:30,516.0,337.8,263.0,33.7,13.7,177.0,56.0,98.0,1000.8,100,13.0827,80.275,36.83959028996649
2024-06-20 16:00:00+05:30,345.0,353.6,143.0,31.5,8.5,258.0,65.0,88.0,1001.3,100,13.0827,80.275,21.964241108324043
2024-06-20 17:00:00+05:30,195.0,238.3,109.0,30.4,15.2,216.0,68.0,100.0,1002.0,100,13.0827,80.275,10.897137734193377
2024-06-20 18:00:00+05:30,61.0,128.7,42.0,32.0,14.4,202.0,59.0,100.0,1001.3,100,13.0827,80.275,2.8484035175626317
2024-06-20 19:00:00+05:30,0.0,0.0,0.0,30.7,15.5,216.0,64.0,100.0,1002.3,100,13.0827,80.275,0.0
2024-06-20 20:00:00+05:30,0.0,0.0,0.0,29.8,12.5,213.0,67.0,100.0,1003.3,100,13.0827,80.275,0.0
2024-06-20 21:00:00+05:30,0.0,0.0,0.0,29.3,12.1,207.0,70.0,100.0,1003.9,100,13.0827,80.275,0.0
2024-06-20 22:00:00+05:30,0.0,0.0,0.0,29.0,11.8,218.0,70.0,100.0,1004.4,100,13.0827,80.275,0.0
2024-06-20 23:00:00+05:30,0.0,0.0,0.0,28.8,12.1,210.0,70.0,100.0,1004.6,100,13.0827,80.275,0.0
2024-06-21 00:00:00+05:30,0.0,0.0,0.0,28.5,12.2,208.0,72.0,100.0,1003.9,100,13.0827,80.275,0.0
2024-06-21 01:00:00+05:30,0.0,0.0,0.0,28.2,13.7,215.0,73.0,98.0,1003.5,100,13.0827,80.275,0.0
2024-06-21 02:00:00+05:30,0.0,0.0,0.0,27.8,14.3,219.0,75.0,100.0,1002.9,100,13.0827,80.275,0.0
2024-06-21 03:00:00+05:30,0.0,0.0,0.0,27.7,15.0,228.0,74.0,84.0,1002.8,100,13.0827,80.275,0.0
2024-06-21 04:00:00+05:30,0.0,0.0,0.0,27.5,14.7,234.0,74.0,98.0,1003.0,100,13.0827,80.275,0.0
2024-06-21 05:00:00+05:30,0.0,0.0,0.0,27.4,14.2,240.0,74.0,74.0,1003.3,100,13.0827,80.275,0.0
2024-06-21 06:00:00+05:30,26.0,47.3,21.0,27.6,14.6,237.0,72.0,100.0,1004.2,100,13.0827,80.275,1.2481027934070643
2024-06-21 07:00:00+05:30,171.0,271.5,95.0,29.2,15.6,241.0,66.0,100.0,1004.5,100,13.0827,80.275,8.09773333275438
2024-06-21 08:00:00+05:30,356.0,379.0,167.0,30.8,18.0,254.0,58.0,100.0,1004.5,100,13.0827,80.275,21.942872568914208
2024-06-21 09:00:00+05:30,555.0,511.8,202.0,32.3,17.8,263.0,53.0,100.0,1004.3,100,13.0827,80.275,37.570145866677734
2024-06-21 10:00:00+05:30,701.0,538.2,249.0,33.6,14.8,269.0,49.0,100.0,1003.9,100,13.0827,80.275,49.29101916258844
2024-06-21 11:00:00+05:30,840.0,658.2,222.0,35.0,14.0,270.0,46.0,100.0,1003.2,100,13.0827,80.275,60.52516390098972
2024-06-21 12:00:00+05:30,854.0,581.5,284.0,36.0,13.7,268.0,43.0,100.0,1002.5,100,13.0827,80.275,61.36980770923508
2024-06-21 13:00:00+05:30,829.0,638.0,216.0,33.5,19.1,271.0,52.0,100.0,1002.6,100,13.0827,80.275,59.48222014759162
2024-06-21 14:00:00+05:30,655.0,411.5,292.0,34.7,7.6,5.0,50.0,100.0,1001.6,100,13.0827,80.275,45.03453466932825
2024-06-21 15:00:00+05:30,542.0,428.3,221.0,31.4,17.2,164.0,70.0,93.0,1000.9,100,13.0827,80.275,37.80301308389051
2024-06-21 16:00:00+05:30,421.0,480.8,146.0,30.8,15.1,213.0,70.0,34.0,1000.9,100,13.0827,80.275,27.327345740342345
2024-06-21 17:00:00+05:30,214.0,293.2,108.0,28.8,16.6,231.0,79.0,41.0,1001.5,100,13.0827,80.275,11.521440170819107
2024-06-21 18:00:00+05:30,61.0,128.3,42.0,30.0,16.1,207.0,68.0,87.0,1001.4,100,13.0827,80.275,2.7835234147857646
2024-06-21 19:00:00+05:30,0.0,0.0,0.0,28.8,15.0,215.0,71.0,98.0,1002.1,100,13.0827,80.275,0.0
2024-06-21 20:00:00+05:30,0.0,0.0,0.0,28.8,15.5,216.0,70.0,98.0,1002.8,100,13.0827,80.275,0.0
2024-06-21 21:00:00+05:30,0.0,0.0,0.0,28.4,14.3,227.0,72.0,97.0,1003.4,100,13.0827,80.275,0.0
2024-06-21 22:00:00+05:30,0.0,0.0,0.0,28.2,13.8,229.0,72.0,100.0,1003.6,100,13.0827,80.275,0.0
2024-06-21 23:00:00+05:30,0.0,0.0,0.0,28.3,14.7,242.0,70.0,100.0,1003.2,100,13.0827,80.275,0.0
2024-06-22 00:00:00+05:30,0.0,0.0,0.0,28.3,15.3,243.0,70.0,100.0,1002.4,100,13.0827,80.275,0.0
2024-06-22 01:00:00+05:30,0.0,0.0,0.0,28.5,15.0,249.0,69.0,100.0,1001.6,100,13.0827,80.275,0.0
2024-06-22 02:00:00+05:30,0.0,0.0,0.0,28.5,15.3,251.0,68.0,100.0,1001.0,100,13.0827,80.275,0.0
2024-06-22 03:00:00+05:30,0.0,0.0,0.0,28.2,14.8,252.0,68.0,100.0,1000.6,100,13.0827,80.275,0.0
2024-06-22 04:00:00+05:30,0.0,0.0,0.0,28.1,13.8,250.0,68.0,100.0,1000.6,100,13.0827,80.275,0.0
2024-06-22 05:00:00+05:30,0.0,0.0,0.0,28.0,14.0,244.0,68.0,100.0,1000.9,100,13.0827,80.275,0.0
2024-06-22 06:00:00+05:30,21.0,28.5,18.0,27.9,14.9,238.0,71.0,100.0,1002.2,100,13.0827,80.275,1.0336936613877976
2024-06-22 07:00:00+05:30,162.0,236.5,96.0,29.5,15.7,238.0,64.0,100.0,1002.9,100,13.0827,80.275,7.882009089424102
2024-06-22 08:00:00+05:30,361.0,423.7,150.0,31.1,18.2,245.0,58.0,90.0,1002.8,100,13.0827,80.275,22.135009116112588
2024-06-22 09:00:00+05:30,568.0,580.4,168.0,32.5,17.5,251.0,53.0,100.0,1002.9,100,13.0827,80.275,37.24927043543875
2024-06-22 10:00:00+05:30,673.0,480.1,270.0,33.5,15.9,257.0,51.0,100.0,1002.5,100,13.0827,80.275,47.76342001679525
2024-06-22 11:00:00+05:30,737.0,432.5,331.0,34.5,14.9,262.0,48.0,100.0,1001.6,100,13.0827,80.275,54.5677140054803
2024-06-22 12:00:00+05:30,815.0,487.6,337.0,35.7,14.5,276.0,44.0,100.0,1000.7,100,13.0827,80.275,60.29676820899126
2024-06-22 13:00:00+05:30,783.0,456.8,344.0,36.3,15.4,281.0,42.0,100.0,999.5,100,13.0827,80.275,55.78863236616115
2024-06-22 14:00:00+05:30,653.0,355.8,339.0,36.3,15.2,275.0,41.0,100.0,998.8,100,13.0827,80.275,46.8363758661985
2024-06-22 15:00:00+05:30,532.0,369.3,255.0,36.3,13.0,267.0,41.0,100.0,998.0,100,13.0827,80.275,36.82074381838735
2024-06-22 16:00:00+05:30,389.0,379.0,172.0,35.7,8.4,245.0,42.0,100.0,998.0,100,13.0827,80.275,24.618044929444707
2024-06-22 17:00:00+05:30,217.0,251.2,126.0,34.9,7.2,198.0,44.0,100.0,998.4,100,13.0827,80.275,12.026734835423337
2024-06-22 18:00:00+05:30,60.0,121.3,42.0,30.6,15.8,145.0,77.0,96.0,999.6,100,13.0827,80.275,2.851160224209159
2024-06-22 19:00:00+05:30,0.0,0.0,0.0,30.0,18.2,171.0,76.0,100.0,1000.3,100,13.0827,80.275,0.0
2024-06-22 20:00:00+05:30,0.0,0.0,0.0,29.8,19.6,186.0,72.0,99.0,1001.5,100,13.0827,80.275,0.0
2024-06-22 21:00:00+05:30,0.0,0.0,0.0,29.4,19.6,193.0,77.0,100.0,1002.4,100,13.0827,80.275,0.0
2024-06-22 22:00:00+05:30,0.0,0.0,0.0,29.4,19.0,195.0,75.0,30.0,1002.8,100,13.0827,80.275,0.0
2024-06-22 23:00:00+05:30,0.0,0.0,0.0,29.1,15.6,199.0,73.0,90.0,1002.6,100,13.0827,80.275,0.0
2024-06-23 00:00:00+05:30,0.0,0.0,0.0,29.3,15.1,205.0,70.0,100.0,1002.0,100,13.0827,80.275,0.0
2024-06-23 01:00:00+05:30,0.0,0.0,0.0,29.2,14.7,216.0,68.0,100.0,1001.4,100,13.0827,80.275,0.0
2024-06-23 02:00:00+05:30,0.0,0.0,0.0,28.8,13.5,228.0,70.0,92.0,1000.7,100,13.0827,80.275,0.0
2024-06-23 03:00:00+05:30,0.0,0.0,0.0,28.4,11.3,239.0,73.0,100.0,1000.6,100,13.0827,80.275,0.0
2024-06-23 04:00:00+05:30,0.0,0.0,0.0,27.9,11.0,229.0,75.0,100.0,1000.9,100,13.0827,80.275,0.0
2024-06-23 05:00:00+05:30,0.0,0.0,0.0,27.6,10.2,222.0,77.0,100.0,1001.1,100,13.0827,80.275,0.0
2024-06-23 06:00:00+05:30,22.0,38.1,18.0,28.6,15.8,253.0,68.0,67.0,1001.5,100,13.0827,80.275,1.0161609484439442
2024-06-23 07:00:00+05:30,151.0,247.9,82.0,29.9,15.3,255.0,64.0,64.0,1002.0,100,13.0827,80.275,6.930205553485811
2024-06-23 08:00:00+05:30,330.0,386.1,138.0,31.6,14.8,264.0,57.0,82.0,1002.1,100,13.0827,80.275,20.034082119231382
2024-06-23 09:00:00+05:30,486.0,418.2,198.0,32.8,13.6,282.0,52.0,81.0,1002.2,100,13.0827,80.275,33.739230767832204
2024-06-23 10:00:00+05:30,722.0,615.0,206.0,34.3,12.3,285.0,47.0,90.0,1001.9,100,13.0827,80.275,49.146858290038324
2024-06-23 11:00:00+05:30,834.0,645.7,228.0,35.7,10.2,280.0,42.0,25.0,1001.3,100,13.0827,80.275,58.95849325438608
2024-06-23 12:00:00+05:30,877.0,688.6,202.0,36.5,5.7,252.0,40.0,35.0,1000.5,100,13.0827,80.275,60.602828280100326
2024-06-23 13:00:00+05:30,851.0,703.2,175.0,36.0,3.1,144.0,41.0,40.0,999.6,100,13.0827,80.275,59.871334397361345
2024-06-23 14:00:00+05:30,769.0,672.7,175.0,35.0,10.3,119.0,47.0,36.0,999.0,100,13.0827,80.275,53.396504084649074
2024-06-23 15:00:00+05:30,614.0,583.5,176.0,32.5,18.1,137.0,67.0,38.0,998.5,100,13.0827,80.275,42.066629746256076
2024-06-23 16:00:00+05:30,419.0,481.4,143.0,31.8,18.9,156.0,66.0,45.0,998.3,100,13.0827,80.275,26.967053903840633
2024-06-23 17:00:00+05:30,206.0,308.5,94.0,31.1,18.4,157.0,70.0,40.0,998.4,100,13.0827,80.275,10.570612469498338
2024-06-23 18:00:00+05:30,60.0,87.4,47.0,30.4,16.0,171.0,69.0,24.0,999.4,100,13.0827,80.275,3.4573775688474
2024-06-23 19:00:00+05:30,0.0,0.0,0.0,30.0,16.2,183.0,70.0,26.0,1000.5,100,13.0827,80.275,0.0
2024-06-23 20:00:00+05:30,0.0,0.0,0.0,29.6,17.3,185.0,75.0,19.0,1001.1,100,13.0827,80.275,0.0
2024-06-23 21:00:00+05:30,0.0,0.0,0.0,29.3,18.0,182.0,80.0,40.0,1001.8,100,13.0827,80.275,0.0
2024-06-23 22:00:00+05:30,0.0,0.0,0.0,29.3,16.3,185.0,78.0,3.0,1001.8,100,13.0827,80.275,0.0
2024-06-23 23:00:00+05:30,0.0,0.0,0.0,29.0,13.5,196.0,81.0,22.0,1001.8,100,13.0827,80.275,0.0
2024-06-24 00:00:00+05:30,0.0,0.0,0.0,29.0,13.2,209.0,76.0,46.0,1001.5,100,13.0827,80.275,0.0
2024-06-24 01:00:00+05:30,0.0,0.0,0.0,28.7,12.6,211.0,72.0,76.0,1001.0,100,13.0827,80.275,0.0
2024-06-24 02:00:00+05:30,0.0,0.0,0.0,28.2,9.5,245.0,75.0,71.0,1000.6,100,13.0827,80.275,0.0
2024-06-24 03:00:00+05:30,0.0,0.0,0.0,27.9,8.0,243.0,79.0,99.0,1000.3,100,13.0827,80.275,0.0
2024-06-24 04:00:00+05:30,0.0,0.0,0.0,28.1,11.9,245.0,76.0,85.0,1000.3,100,13.0827,80.275,0.0
2024-06-24 05:00:00+05:30,0.0,0.0,0.0,28.4,14.7,245.0,67.0,29.0,1000.6,100,13.0827,80.275,0.0
2024-06-24 06:00:00+05:30,19.0,9.6,18.0,28.0,10.6,208.0,76.0,100.0,1001.2,100,13.0827,80.275,1.0013525774260306
2024-06-24 07:00:00+05:30,123.0,57.7,107.0,29.0,10.2,222.0,71.0,100.0,1001.8,100,13.0827,80.275,8.580612864270705
2024-06-24 08:00:00+05:30,221.0,50.3,196.0,30.2,13.0,236.0,65.0,100.0,1001.8,100,13.0827,80.275,17.782927820925263
2024-06-24 09:00:00+05:30,440.0,228.2,283.0,31.9,16.4,244.0,57.0,100.0,1001.7,100,13.0827,80.275,32.341763068673295
2024-06-24 10:00:00+05:30,580.0,288.5,338.0,33.2,15.5,257.0,52.0,100.0,1001.1,100,13.0827,80.275,43.723017172206546
2024-06-24 11:00:00+05:30,598.0,259.0,355.0,33.9,14.7,242.0,50.0,89.0,1000.6,100,13.0827,80.275,45.07909481237112
2024-06-24 12:00:00+05:30,826.0,555.0,282.0,35.1,15.2,239.0,47.0,55.0,1000.2,100,13.0827,80.275,59.93677453312189
2024-06-24 13:00:00+05:30,844.0,623.0,245.0,36.1,15.9,245.0,44.0,36.0,999.6,100,13.0827,80.275,59.84013979476095
2024-06-24 14:00:00+05:30,751.0,647.5,179.0,36.1,14.4,217.0,44.0,49.0,998.8,100,13.0827,80.275,53.29873622338516
2024-06-24 15:00:00+05:30,643.0,641.7,161.0,35.4,17.6,191.0,47.0,100.0,997.8,100,13.0827,80.275,42.52234533357098
2024-06-24 16:00:00+05:30,429.0,456.5,167.0,32.7,22.8,175.0,64.0,100.0,997.6,100,13.0827,80.275,27.520257751778615
2024-06-24 17:00:00+05:30,235.0,338.1,112.0,31.1,24.3,173.0,66.0,99.0,998.1,100,13.0827,80.275,11.874889726547915
2024-06-24 18:00:00+05:30,69.0,167.6,44.0,30.4,18.9,172.0,67.0,100.0,999.4,100,13.0827,80.275,2.8845485820665773
2024-06-24 19:00:00+05:30,0.0,0.0,0.0,29.9,18.4,191.0,72.0,99.0,1000.1,100,13.0827,80.275,0.0
2024-06-24 20:00:00+05:30,0.0,0.0,0.0,29.8,19.3,207.0,73.0,100.0,1001.1,100,13.0827,80.275,0.0
2024-06-24 21:00:00+05:30,0.0,0.0,0.0,29.2,15.3,221.0,67.0,100.0,1001.4,100,13.0827,80.275,0.0
2024-06-24 22:00:00+05:30,0.0,0.0,0.0,28.7,10.8,217.0,68.0,100.0,1001.5,100,13.0827,80.275,0.0
2024-06-24 23:00:00+05:30,0.0,0.0,0.0,28.7,10.8,210.0,68.0,100.0,1001.2,100,13.0827,80.275,0.0
2024-06-25 00:00:00+05:30,0.0,0.0,0.0,28.9,11.9,215.0,68.0,100.0,1000.7,100,13.0827,80.275,0.0
2024-06-25 01:00:00+05:30,0.0,0.0,0.0,28.8,12.2,214.0,69.0,100.0,1000.4,100,13.0827,80.275,0.0
2024-06-25 02:00:00+05:30,0.0,0.0,0.0,28.5,13.0,224.0,71.0,97.0,999.9,100,13.0827,80.275,0.0
2024-06-25 03:00:00+05:30,0.0,0.0,0.0,28.1,12.0,231.0,74.0,100.0,999.9,100,13.0827,80.275,0.0
2024-06-25 04:00:00+05:30,0.0,0.0,0.0,27.8,12.4,234.0,76.0,97.0,1000.4,100,13.0827,80.275,0.0
2024-06-25 05:00:00+05:30,0.0,0.0,0.0,27.8,12.2,242.0,74.0,95.0,1000.7,100,13.0827,80.275,0.0
2024-06-25 06:00:00+05:30,13.0,0.0,13.0,29.1,17.7,253.0,61.0,100.0,1001.2,100,13.0827,80.275,0.6062466720144661
2024-06-25 07:00:00+05:30,125.0,104.8,96.0,30.1,17.0,253.0,58.0,98.0,1001.6,100,13.0827,80.275,7.711735065474842
2024-06-25 08:00:00+05:30,325.0,314.6,169.0,31.7,19.1,258.0,54.0,100.0,1001.6,100,13.0827,80.275,20.73464735389531
2024-06-25 09:00:00+05:30,534.0,474.2,208.0,33.1,19.0,260.0,51.0,100.0,1001.7,100,13.0827,80.275,36.98320480532027
2024-06-25 10:00:00+05:30,503.0,177.7,354.0,33.7,19.1,267.0,50.0,99.0,1001.4,100,13.0827,80.275,38.1970400650755
2024-06-25 11:00:00+05:30,770.0,480.7,319.0,35.0,15.2,266.0,47.0,100.0,1001.1,100,13.0827,80.275,55.29422066024582
2024-06-25 12:00:00+05:30,519.0,148.9,373.0,33.8,12.8,286.0,53.0,100.0,1001.0,100,13.0827,80.275,40.65880986181889
2024-06-25 13:00:00+05:30,571.0,208.0,371.0,35.2,10.5,211.0,46.0,100.0,1000.0,100,13.0827,80.275,44.11123506481466
2024-06-25 14:00:00+05:30,564.0,356.4,249.0,33.8,14.3,225.0,53.0,100.0,999.3,100,13.0827,80.275,41.564500757321625
2024-06-25 15:00:00+05:30,514.0,409.7,206.0,33.7,14.4,181.0,55.0,100.0,998.6,100,13.0827,80.275,35.8823337940491
2024-06-25 16:00:00+05:30,365.0,332.4,174.0,33.3,17.6,179.0,58.0,100.0,998.2,100,13.0827,80.275,24.115785990007506
2024-06-25 17:00:00+05:30,239.0,323.7,121.0,32.7,19.8,192.0,60.0,99.0,998.5,100,13.0827,80.275,12.437354104281432
2024-06-25 18:00:00+05:30,51.0,40.1,45.0,31.9,19.3,189.0,64.0,100.0,998.5,100,13.0827,80.275,3.2022574956140955
2024-06-25 19:00:00+05:30,0.0,0.0,0.0,30.9,18.8,227.0,63.0,100.0,1000.1,100,13.0827,80.275,0.0
2024-06-25 20:00:00+05:30,0.0,0.0,0.0,29.4,14.1,232.0,68.0,100.0,1000.8,100,13.0827,80.275,0.0
2024-06-25 21:00:00+05:30,0.0,0.0,0.0,28.9,10.7,230.0,73.0,100.0,1000.9,100,13.0827,80.275,0.0
2024-06-25 22:00:00+05:30,0.0,0.0,0.0,28.8,10.1,235.0,74.0,100.0,1001.1,100,13.0827,80.275,0.0
2024-06-25 23:00:00+05:30,0.0,0.0,0.0,28.8,10.3,241.0,75.0,100.0,1001.3,100,13.0827,80.275,0.0
2024-06-26 00:00:00+05:30,0.0,0.0,0.0,28.9,11.3,233.0,74.0,100.0,1001.0,100,13.0827,80.275,0.0
2024-06-26 01:00:00+05:30,0.0,0.0,0.0,28.9,13.0,228.0,73.0,100.0,1000.5,100,13.0827,80.275,0.0
2024-06-26 02:00:00+05:30,0.0,0.0,0.0,28.8,13.7,240.0,73.0,100.0,999.6,100,13.0827,80.275,0.0
2024-06-26 03:00:00+05:30,0.0,0.0,0.0,29.0,16.3,248.0,71.0,100.0,999.5,100,13.0827,80.275,0.0
2024-06-26 04:00:00+05:30,0.0,0.0,0.0,29.2,15.3,251.0,66.0,100.0,999.7,100,13.0827,80.275,0.0
2024-06-26 05:00:00+05:30,0.0,0.0,0.0,29.2,14.2,249.0,65.0,100.0,1000.5,100,13.0827,80.275,0.0
2024-06-26 06:00:00+05:30,10.0,0.0,10.0,29.1,13.7,247.0,65.0,100.0,1000.6,100,13.0827,80.275,0.32606179917765993
2024-06-26 07:00:00+05:30,86.0,7.3,84.0,29.6,13.5,236.0,64.0,100.0,1000.9,100,13.0827,80.275,6.802734322979175
2024-06-26 08:00:00+05:30,174.0,30.3,159.0,30.7,14.8,241.0,60.0,100.0,1001.2,100,13.0827,80.275,13.616852621898696
2024-06-26 09:00:00+05:30,281.0,33.5,258.0,31.8,17.9,242.0,56.0,100.0,1001.2,100,13.0827,80.275,22.983546407793146
2024-06-26 10:00:00+05:30,463.0,115.8,366.0,33.4,17.7,243.0,51.0,100.0,1000.7,100,13.0827,80.275,36.93066390691378
2024-06-26 11:00:00+05:30,731.0,380.6,374.0,35.1,16.0,239.0,47.0,100.0,1000.6,100,13.0827,80.275,53.65565342532303
2024-06-26 12:00:00+05:30,465.0,88.7,378.0,34.8,16.6,240.0,47.0,100.0,1000.3,100,13.0827,80.275,37.4158793778437
2024-06-26 13:00:00+05:30,394.0,60.3,336.0,35.6,21.1,262.0,44.0,100.0,999.4,100,13.0827,80.275,32.097464497715
2024-06-26 14:00:00+05:30,507.0,141.4,382.0,36.5,17.2,260.0,42.0,100.0,999.0,100,13.0827,80.275,38.554783844278376
2024-06-26 15:00:00+05:30,448.0,195.4,301.0,35.8,10.5,221.0,44.0,100.0,998.7,100,13.0827,80.275,33.81226967543914
2024-06-26 16:00:00+05:30,272.0,102.6,213.0,33.6,11.8,239.0,53.0,100.0,998.7,100,13.0827,80.275,20.700524037932315
2024-06-26 17:00:00+05:30,141.0,54.8,121.0,31.5,18.7,298.0,59.0,98.0,999.5,100,13.0827,80.275,10.235856419367513
2024-06-26 18:00:00+05:30,28.0,0.0,28.0,32.2,13.8,229.0,52.0,100.0,1000.0,100,13.0827,80.275,1.9055020365654902
2024-06-26 19:00:00+05:30,0.0,0.0,0.0,31.2,17.5,194.0,59.0,100.0,1000.7,100,13.0827,80.275,0.0
2024-06-26 20:00:00+05:30,0.0,0.0,0.0,30.2,17.0,197.0,63.0,100.0,1001.4,100,13.0827,80.275,0.0
2024-06-26 21:00:00+05:30,0.0,0.0,0.0,30.2,18.0,209.0,62.0,100.0,1002.1,100,13.0827,80.275,0.0
2024-06-26 22:00:00+05:30,0.0,0.0,0.0,30.2,17.9,214.0,61.0,99.0,1002.4,100,13.0827,80.275,0.0
2024-06-26 23:00:00+05:30,0.0,0.0,0.0,30.0,19.1,221.0,61.0,100.0,1002.0,100,13.0827,80.275,0.0
2024-06-27 00:00:00+05:30,0.0,0.0,0.0,29.9,17.1,226.0,61.0,100.0,1001.9,100,13.0827,80.275,0.0
2024-06-27 01:00:00+05:30,0.0,0.0,0.0,29.6,15.9,231.0,62.0,100.0,1001.4,100,13.0827,80.275,0.0
2024-06-27 02:00:00+05:30,0.0,0.0,0.0,29.1,14.6,230.0,64.0,100.0,1001.0,100,13.0827,80.275,0.0
2024-06-27 03:00:00+05:30,0.0,0.0,0.0,28.8,13.5,228.0,66.0,100.0,1001.1,100,13.0827,80.275,0.0
2024-06-27 04:00:00+05:30,0.0,0.0,0.0,28.6,12.8,220.0,67.0,100.0,1001.6,100,13.0827,80.275,0.0
2024-06-27 05:00:00+05:30,0.0,0.0,0.0,28.3,12.0,219.0,69.0,100.0,1002.0,100,13.0827,80.275,0.0
2024-06-27 06:00:00+05:30,9.0,0.0,9.0,28.4,18.1,253.0,67.0,100.0,1002.9,100,13.0827,80.275,0.23981732284411533
2024-06-27 07:00:00+05:30,35.0,0.0,35.0,27.1,13.5,254.0,80.0,100.0,1003.3,100,13.0827,80.275,2.5641909382139736
2024-06-27 08:00:00+05:30,116.0,14.2,109.0,28.0,9.3,242.0,76.0,100.0,1003.4,100,13.0827,80.275,9.16381719106624
2024-06-27 09:00:00+05:30,322.0,93.3,258.0,30.3,4.6,162.0,65.0,100.0,1003.9,100,13.0827,80.275,25.02144100779127
2024-06-27 10:00:00+05:30,427.0,161.2,292.0,32.2,8.5,192.0,57.0,100.0,1003.5,100,13.0827,80.275,32.651767388184005
2024-06-27 11:00:00+05:30,511.0,112.0,406.0,34.1,11.9,235.0,47.0,100.0,1003.1,100,13.0827,80.275,39.32353592496534
2024-06-27 12:00:00+05:30,425.0,40.8,385.0,34.1,20.2,254.0,47.0,100.0,1002.7,100,13.0827,80.275,34.337674410152026
2024-06-27 13:00:00+05:30,715.0,335.6,392.0,34.7,25.5,257.0,46.0,100.0,1002.2,100,13.0827,80.275,52.73953540315504
2024-06-27 14:00:00+05:30,486.0,163.9,341.0,34.9,25.9,260.0,45.0,100.0,1001.5,100,13.0827,80.275,39.37603578859658
2024-06-27 15:00:00+05:30,438.0,191.2,294.0,34.8,24.5,266.0,46.0,100.0,1001.0,100,13.0827,80.275,32.69858717826509
2024-06-27 16:00:00+05:30,350.0,185.8,243.0,34.4,20.9,259.0,47.0,100.0,1000.8,100,13.0827,80.275,26.368949955050308
2024-06-27 17:00:00+05:30,150.0,49.2,132.0,34.0,16.2,253.0,47.0,100.0,1001.3,100,13.0827,80.275,11.279032579242191
2024-06-27 18:00:00+05:30,32.0,0.0,32.0,32.1,10.1,197.0,54.0,100.0,1001.9,100,13.0827,80.275,2.2067733639907376
2024-06-27 19:00:00+05:30,0.0,0.0,0.0,30.3,12.3,175.0,72.0,100.0,1002.7,100,13.0827,80.275,0.0
2024-06-27 20:00:00+05:30,0.0,0.0,0.0,29.9,13.6,191.0,72.0,100.0,1003.3,100,13.0827,80.275,0.0
2024-06-27 21:00:00+05:30,0.0,0.0,0.0,30.6,12.4,216.0,61.0,100.0,1004.0,100,13.0827,80.275,0.0
2024-06-27 22:00:00+05:30,0.0,0.0,0.0,30.7,14.3,225.0,57.0,100.0,1004.5,100,13.0827,80.275,0.0
2024-06-27 23:00:00+05:30,0.0,0.0,0.0,30.8,17.7,237.0,55.0,100.0,1004.4,100,13.0827,80.275,0.0
2024-06-28 00:00:00+05:30,0.0,0.0,0.0,30.5,15.8,246.0,56.0,100.0,1004.1,100,13.0827,80.275,0.0
2024-06-28 01:00:00+05:30,0.0,0.0,0.0,29.8,11.8,250.0,59.0,100.0,1003.8,100,13.0827,80.275,0.0
2024-06-28 02:00:00+05:30,0.0,0.0,0.0,29.1,11.6,240.0,62.0,100.0,1003.4,100,13.0827,80.275,0.0
2024-06-28 03:00:00+05:30,0.0,0.0,0.0,28.9,11.9,235.0,63.0,100.0,1003.5,100,13.0827,80.275,0.0
2024-06-28 04:00:00+05:30,0.0,0.0,0.0,28.9,12.5,231.0,64.0,100.0,1003.9,100,13.0827,80.275,0.0
2024-06-28 05:00:00+05:30,0.0,0.0,0.0,28.5,11.2,220.0,66.0,100.0,1004.2,100,13.0827,80.275,0.0
2024-06-28 06:00:00+05:30,16.0,19.5,14.0,28.9,13.3,221.0,62.0,98.0,1005.0,100,13.0827,80.275,0.6733013199810582
2024-06-28 07:00:00+05:30,126.0,160.6,82.0,29.9,12.6,217.0,59.0,100.0,1005.3,100,13.0827,80.275,6.870641118666023
2024-06-28 08:00:00+05:30,303.0,316.0,147.0,31.4,15.1,220.0,54.0,99.0,1005.4,100,13.0827,80.275,18.404234046502552
2024-06-28 09:00:00+05:30,515.0,424.4,224.0,32.8,15.4,237.0,50.0,100.0,1005.3,100,13.0827,80.275,35.09075413091397
2024-06-28 10:00:00+05:30,656.0,441.9,286.0,34.1,14.7,253.0,47.0,100.0,1004.7,100,13.0827,80.275,47.44312048152455
2024-06-28 11:00:00+05:30,752.0,478.8,303.0,35.4,14.4,257.0,43.0,100.0,1003.7,100,13.0827,80.275,53.52608503974448
2024-06-28 12:00:00+05:30,840.0,540.5,310.0,36.5,15.4,249.0,41.0,100.0,1003.1,100,13.0827,80.275,60.72360642809524
2024-06-28 13:00:00+05:30,787.0,476.8,328.0,37.1,15.0,243.0,40.0,100.0,1002.2,100,13.0827,80.275,56.49183626461608
2024-06-28 14:00:00+05:30,761.0,595.3,234.0,37.1,12.7,209.0,39.0,96.0,1001.4,100,13.0827,80.275,53.8496838024411
2024-06-28 15:00:00+05:30,448.0,213.6,287.0,35.1,16.2,167.0,53.0,99.0,1000.6,100,13.0827,80.275,34.50405824830737
2024-06-28 16:00:00+05:30,280.0,116.2,213.0,33.2,21.4,155.0,60.0,98.0,1000.3,100,13.0827,80.275,21.020838104923428
2024-06-28 17:00:00+05:30,181.0,201.8,107.0,32.1,24.2,165.0,57.0,95.0,1000.2,100,13.0827,80.275,10.59564834278169
2024-06-28 18:00:00+05:30,53.0,99.6,38.0,30.8,19.8,170.0,65.0,100.0,1001.8,100,13.0827,80.275,2.493154894160126
2024-06-28 19:00:00+05:30,0.0,0.0,0.0,30.2,19.1,181.0,71.0,100.0,1002.6,100,13.0827,80.275,0.0
2024-06-28 20:00:00+05:30,0.0,0.0,0.0,29.6,18.4,181.0,78.0,92.0,1003.2,100,13.0827,80.275,0.0
2024-06-28 21:00:00+05:30,0.0,0.0,0.0,29.4,16.9,181.0,81.0,100.0,1003.8,100,13.0827,80.275,0.0
2024-06-28 22:00:00+05:30,0.0,0.0,0.0,29.4,17.3,182.0,78.0,98.0,1004.1,100,13.0827,80.275,0.0
2024-06-28 23:00:00+05:30,0.0,0.0,0.0,29.1,17.3,182.0,83.0,97.0,1004.0,100,13.0827,80.275,0.0
2024-06-29 00:00:00+05:30,0.0,0.0,0.0,28.8,16.8,190.0,87.0,100.0,1003.4,100,13.0827,80.275,0.0
2024-06-29 01:00:00+05:30,0.0,0.0,0.0,28.5,17.1,195.0,85.0,100.0,1003.3,100,13.0827,80.275,0.0
2024-06-29 02:00:00+05:30,0.0,0.0,0.0,28.3,16.8,203.0,83.0,100.0,1003.3,100,13.0827,80.275,0.0
2024-06-29 03:00:00+05:30,0.0,0.0,0.0,28.2,16.8,208.0,79.0,100.0,1003.4,100,13.0827,80.275,0.0
2024-06-29 04:00:00+05:30,0.0,0.0,0.0,27.9,15.6,214.0,78.0,100.0,1003.8,100,13.0827,80.275,0.0
2024-06-29 05:00:00+05:30,0.0,0.0,0.0,27.7,15.6,220.0,77.0,99.0,1004.2,100,13.0827,80.275,0.0
2024-06-29 06:00:00+05:30,23.0,39.1,19.0,28.2,12.2,225.0,77.0,97.0,1004.8,100,13.0827,80.275,1.090787475695119
2024-06-29 07:00:00+05:30,157.0,212.4,99.0,29.8,13.6,230.0,68.0,96.0,1005.4,100,13.0827,80.275,8.233094826397547
2024-06-29 08:00:00+05:30,353.0,393.6,159.0,31.8,18.3,250.0,55.0,99.0,1005.8,100,13.0827,80.275,21.83083667722969
2024-06-29 09:00:00+05:30,486.0,354.7,243.0,33.2,17.7,258.0,49.0,99.0,1005.5,100,13.0827,80.275,35.00857641003237
2024-06-29 10:00:00+05:30,645.0,427.8,287.0,34.8,16.5,259.0,44.0,100.0,1005.2,100,13.0827,80.275,45.507818180374244
2024-06-29 11:00:00+05:30,794.0,563.1,266.0,36.5,15.3,262.0,40.0,98.0,1004.5,100,13.0827,80.275,56.676015363939506
2024-06-29 12:00:00+05:30,790.0,448.7,350.0,37.5,13.6,258.0,37.0,100.0,1004.0,100,13.0827,80.275,55.649753624286234
2024-06-29 13:00:00+05:30,837.0,580.5,278.0,37.8,8.6,202.0,36.0,100.0,1003.2,100,13.0827,80.275,57.97713536676688
2024-06-29 14:00:00+05:30,699.0,460.6,291.0,36.3,15.2,166.0,48.0,100.0,1002.4,100,13.0827,80.275,51.0417745670665
2024-06-29 15:00:00+05:30,566.0,407.1,259.0,34.8,21.1,163.0,55.0,100.0,1001.9,100,13.0827,80.275,39.421862010411026
2024-06-29 16:00:00+05:30,312.0,178.4,209.0,33.6,15.9,177.0,56.0,100.0,1002.1,100,13.0827,80.275,22.319120914888813
2024-06-29 17:00:00+05:30,179.0,117.1,136.0,32.6,18.5,167.0,60.0,100.0,1002.5,100,13.0827,80.275,11.632099660574184
2024-06-29 18:00:00+05:30,57.0,119.2,39.0,32.0,12.7,172.0,58.0,99.0,1003.0,100,13.0827,80.275,2.5564514200503856
2024-06-29 19:00:00+05:30,0.0,0.0,0.0,30.5,16.6,180.0,72.0,97.0,1004.0,100,13.0827,80.275,0.0
2024-06-29 20:00:00+05:30,0.0,0.0,0.0,29.8,16.6,185.0,76.0,100.0,1004.9,100,13.0827,80.275,0.0
2024-06-29 21:00:00+05:30,0.0,0.0,0.0,29.4,15.5,185.0,80.0,99.0,1005.7,100,13.0827,80.275,0.0
2024-06-29 22:00:00+05:30,0.0,0.0,0.0,29.3,16.3,186.0,81.0,92.0,1006.1,100,13.0827,80.275,0.0
2024-06-29 23:00:00+05:30,0.0,0.0,0.0,29.3,17.3,185.0,81.0,100.0,1005.9,100,13.0827,80.275,0.0
2024-06-30 00:00:00+05:30,0.0,0.0,0.0,29.1,17.5,188.0,82.0,100.0,1005.2,100,13.0827,80.275,0.0
2024-06-30 01:00:00+05:30,0.0,0.0,0.0,28.9,15.5,193.0,85.0,100.0,1004.5,100,13.0827,80.275,0.0
2024-06-30 02:00:00+05:30,0.0,0.0,0.0,28.6,15.8,197.0,85.0,100.0,1004.3,100,13.0827,80.275,0.0
2024-06-30 03:00:00+05:30,0.0,0.0,0.0,28.6,15.6,206.0,80.0,100.0,1004.1,100,13.0827,80.275,0.0
2024-06-30 04:00:00+05:30,0.0,0.0,0.0,28.4,14.2,207.0,77.0,100.0,1004.5,100,13.0827,80.275,0.0
2024-06-30 05:00:00+05:30,0.0,0.0,0.0,28.2,12.7,209.0,78.0,100.0,1005.2,100,13.0827,80.275,0.0
2024-06-30 06:00:00+05:30,20.0,9.8,19.0,28.9,14.9,200.0,80.0,100.0,1005.3,100,13.0827,80.275,1.1180869147175243
2024-06-30 07:00:00+05:30,64.0,11.0,61.0,29.4,10.1,197.0,77.0,100.0,1006.5,100,13.0827,80.275,4.806273886993424
2024-06-30 08:00:00+05:30,92.0,2.0,91.0,29.8,10.8,210.0,73.0,100.0,1006.9,100,13.0827,80.275,7.391914823889446
2024-06-30 09:00:00+05:30,189.0,20.4,175.0,30.7,13.4,204.0,69.0,100.0,1007.0,100,13.0827,80.275,15.170509698230324
2024-06-30 10:00:00+05:30,312.0,46.6,273.0,31.8,12.9,210.0,62.0,100.0,1006.6,100,13.0827,80.275,25.70082644539337
2024-06-30 11:00:00+05:30,489.0,126.9,370.0,33.3,11.6,216.0,55.0,100.0,1006.0,100,13.0827,80.275,38.1414945513263
2024-06-30 12:00:00+05:30,404.0,43.8,361.0,33.7,12.1,207.0,53.0,100.0,1005.4,100,13.0827,80.275,32.44956601510244
2024-06-30 13:00:00+05:30,478.0,100.7,381.0,34.3,13.3,193.0,51.0,100.0,1004.5,100,13.0827,80.275,37.64503340374434
2024-06-30 14:00:00+05:30,506.0,155.7,368.0,34.4,14.0,181.0,52.0,100.0,1003.3,100,13.0827,80.275,39.54160387831143
2024-06-30 15:00:00+05:30,413.0,148.4,301.0,33.6,15.7,169.0,60.0,100.0,1002.7,100,13.0827,80.275,32.29154311706177
2024-06-30 16:00:00+05:30,291.0,112.4,226.0,32.1,18.2,155.0,70.0,100.0,1002.4,100,13.0827,80.275,22.24396556886259
2024-06-30 17:00:00+05:30,215.0,214.7,136.0,31.1,21.2,159.0,70.0,100.0,1002.7,100,13.0827,80.275,12.80777241448721
2024-06-30 18:00:00+05:30,58.0,46.3,51.0,29.7,18.2,162.0,77.0,100.0,1004.0,100,13.0827,80.275,3.8136004271811563
2024-06-30 19:00:00+05:30,0.0,0.0,0.0,29.6,18.6,171.0,82.0,100.0,1005.2,100,13.0827,80.275,0.0
2024-06-30 20:00:00+05:30,0.0,0.0,0.0,29.7,21.6,169.0,79.0,100.0,1006.1,100,13.0827,80.275,0.0
2024-06-30 21:00:00+05:30,0.0,0.0,0.0,29.5,18.7,178.0,82.0,100.0,1006.6,100,13.0827,80.275,0.0
2024-06-30 22:00:00+05:30,0.0,0.0,0.0,29.4,16.8,189.0,82.0,100.0,1006.8,100,13.0827,80.275,0.0
2024-06-30 23:00:00+05:30,0.0,0.0,0.0,29.2,13.8,200.0,82.0,100.0,1006.5,100,13.0827,80.275,0.0
2024-07-01 00:00:00+05:30,0.0,0.0,0.0,29.1,12.7,209.0,83.0,100.0,1006.0,100,13.0827,80.275,0.0
2024-07-01 01:00:00+05:30,0.0,0.0,0.0,28.8,12.0,221.0,82.0,100.0,1005.3,100,13.0827,80.275,0.0
2024-07-01 02:00:00+05:30,0.0,0.0,0.0,28.7,14.1,220.0,78.0,100.0,1004.9,100,13.0827,80.275,0.0
2024-07-01 03:00:00+05:30,0.0,0.0,0.0,28.3,14.7,208.0,75.0,100.0,1004.4,100,13.0827,80.275,0.0
2024-07-01 04:00:00+05:30,0.0,0.0,0.0,28.0,14.5,207.0,75.0,100.0,1004.8,100,13.0827,80.275,0.0
2024-07-01 05:00:00+05:30,0.0,0.0,0.0,27.8,12.3,212.0,77.0,100.0,1005.2,100,13.0827,80.275,0.0
2024-07-01 06:00:00+05:30,8.0,0.0,8.0,26.5,8.9,194.0,90.0,100.0,1006.3,100,13.0827,80.275,0.1546670036057835
2024-07-01 07:00:00+05:30,58.0,3.7,57.0,26.8,6.1,225.0,90.0,100.0,1006.9,100,13.0827,80.275,4.504071056812969
2024-07-01 08:00:00+05:30,111.0,14.2,104.0,27.1,3.1,216.0,89.0,100.0,1007.3,100,13.0827,80.275,8.916025223230017
2024-07-01 09:00:00+05:30,195.0,2.9,193.0,28.1,11.5,212.0,85.0,100.0,1006.6,100,13.0827,80.275,16.103579000047873
2024-07-01 10:00:00+05:30,539.0,214.0,360.0,30.8,12.9,203.0,70.0,100.0,1006.5,100,13.0827,80.275,42.55897710145745
2024-07-01 11:00:00+05:30,563.0,184.5,390.0,32.2,14.5,210.0,61.0,100.0,1005.7,100,13.0827,80.275,43.248712930145516
2024-07-01 12:00:00+05:30,526.0,104.0,424.0,32.6,14.8,206.0,60.0,100.0,1004.8,100,13.0827,80.275,42.086947513857794
2024-07-01 13:00:00+05:30,541.0,147.4,399.0,33.9,15.8,227.0,54.0,100.0,1003.8,100,13.0827,80.275,42.676590675950365
2024-07-01 14:00:00+05:30,478.0,151.1,344.0,33.7,16.1,214.0,55.0,100.0,1003.0,100,13.0827,80.275,36.76206580154168
2024-07-01 15:00:00+05:30,388.0,140.3,282.0,33.2,14.8,214.0,57.0,100.0,1002.7,100,13.0827,80.275,29.77446050908987
2024-07-01 16:00:00+05:30,294.0,159.0,202.0,33.0,14.8,219.0,58.0,100.0,1002.7,100,13.0827,80.275,21.74515392099638
2024-07-01 17:00:00+05:30,145.0,108.5,105.0,31.8,18.4,269.0,62.0,100.0,1003.2,100,13.0827,80.275,9.515131005626943
2024-07-01 18:00:00+05:30,51.0,26.4,47.0,31.5,11.2,228.0,62.0,100.0,1003.7,100,13.0827,80.275,3.465164887505263
2024-07-01 19:00:00+05:30,0.0,0.0,0.0,30.6,7.0,201.0,65.0,100.0,1004.7,100,13.0827,80.275,0.0
2024-07-01 20:00:00+05:30,0.0,0.0,0.0,30.2,11.6,196.0,69.0,100.0,1005.6,100,13.0827,80.275,0.0
2024-07-01 21:00:00+05:30,0.0,0.0,0.0,29.8,12.2,199.0,70.0,100.0,1006.0,100,13.0827,80.275,0.0
2024-07-01 22:00:00+05:30,0.0,0.0,0.0,29.4,12.0,229.0,68.0,100.0,1005.7,100,13.0827,80.275,0.0
2024-07-01 23:00:00+05:30,0.0,0.0,0.0,29.0,14.4,233.0,70.0,100.0,1005.5,100,13.0827,80.275,0.0
2024-07-02 00:00:00+05:30,0.0,0.0,0.0,28.7,13.8,223.0,72.0,100.0,1004.7,100,13.0827,80.275,0.0
2024-07-02 01:00:00+05:30,0.0,0.0,0.0,28.5,12.3,218.0,75.0,100.0,1004.2,100,13.0827,80.275,0.0
2024-07-02 02:00:00+05:30,0.0,0.0,0.0,28.3,13.6,217.0,75.0,100.0,1003.7,100,13.0827,80.275,0.0
2024-07-02 03:00:00+05:30,0.0,0.0,0.0,28.2,13.6,217.0,72.0,100.0,1003.8,100,13.0827,80.275,0.0
2024-07-02 04:00:00+05:30,0.0,0.0,0.0,28.0,13.9,217.0,71.0,100.0,1003.8,100,13.0827,80.275,0.0
2024-07-02 05:00:00+05:30,0.0,0.0,0.0,27.7,12.2,214.0,71.0,100.0,1004.2,100,13.0827,80.275,0.0
2024-07-02 06:00:00+05:30,15.0,0.0,15.0,27.9,10.7,222.0,72.0,100.0,1004.6,100,13.0827,80.275,0.7701937665801305
2024-07-02 07:00:00+05:30,130.0,85.1,107.0,29.1,10.2,219.0,66.0,100.0,1005.3,100,13.0827,80.275,8.850720169149156
2024-07-02 08:00:00+05:30,283.0,173.3,198.0,30.7,13.6,238.0,59.0,100.0,1005.5,100,13.0827,80.275,20.029957378030065
2024-07-02 09:00:00+05:30,409.0,171.2,292.0,31.8,15.2,248.0,54.0,100.0,1005.3,100,13.0827,80.275,30.964118208177503
2024-07-02 10:00:00+05:30,488.0,149.5,363.0,32.6,14.8,244.0,52.0,100.0,1005.0,100,13.0827,80.275,37.71723947422895
2024-07-02 11:00:00+05:30,633.0,251.7,397.0,33.7,14.0,235.0,49.0,100.0,1004.5,100,13.0827,80.275,47.72760024459683
2024-07-02 12:00:00+05:30,643.0,234.4,413.0,34.6,14.8,241.0,47.0,100.0,1003.8,100,13.0827,80.275,50.14248973578723
2024-07-02 13:00:00+05:30,615.0,185.7,436.0,35.5,14.1,232.0,44.0,100.0,1002.9,100,13.0827,80.275,47.44362869753488
2024-07-02 14:00:00+05:30,559.0,192.7,388.0,36.0,11.2,225.0,41.0,100.0,1001.9,100,13.0827,80.275,43.00729881752714
2024-07-02 15:00:00+05:30,419.0,140.2,313.0,35.3,10.0,201.0,46.0,100.0,1001.4,100,13.0827,80.275,31.31033676370575
2024-07-02 16:00:00+05:30,219.0,65.6,181.0,33.2,11.2,178.0,62.0,100.0,1001.1,100,13.0827,80.275,17.04479969221782
2024-07-02 17:00:00+05:30,110.0,16.2,104.0,31.5,14.1,167.0,71.0,100.0,1001.5,100,13.0827,80.275,8.583953944459365
2024-07-02 18:00:00+05:30,36.0,32.9,31.0,29.8,16.9,160.0,71.0,100.0,1001.7,100,13.0827,80.275,2.097728994286093
2024-07-02 19:00:00+05:30,0.0,0.0,0.0,29.7,14.2,187.0,72.0,99.0,1002.3,100,13.0827,80.275,0.0
2024-07-02 20:00:00+05:30,0.0,0.0,0.0,29.7,17.5,189.0,70.0,100.0,1003.1,100,13.0827,80.275,0.0
2024-07-02 21:00:00+05:30,0.0,0.0,0.0,29.4,17.9,189.0,77.0,100.0,1003.7,100,13.0827,80.275,0.0
2024-07-02 22:00:00+05:30,0.0,0.0,0.0,29.2,17.1,195.0,79.0,100.0,1004.0,100,13.0827,80.275,0.0
2024-07-02 23:00:00+05:30,0.0,0.0,0.0,28.9,15.7,200.0,79.0,99.0,1004.0,100,13.0827,80.275,0.0
2024-07-03 00:00:00+05:30,0.0,0.0,0.0,28.6,13.4,200.0,79.0,100.0,1003.8,100,13.0827,80.275,0.0
2024-07-03 01:00:00+05:30,0.0,0.0,0.0,28.3,12.6,204.0,80.0,100.0,1003.2,100,13.0827,80.275,0.0
2024-07-03 02:00:00+05:30,0.0,0.0,0.0,28.1,12.4,206.0,79.0,100.0,1003.1,100,13.0827,80.275,0.0
2024-07-03 03:00:00+05:30,0.0,0.0,0.0,28.0,11.9,215.0,77.0,100.0,1003.1,100,13.0827,80.275,0.0
2024-07-03 04:00:00+05:30,0.0,0.0,0.0,27.8,11.8,220.0,76.0,100.0,1003.7,100,13.0827,80.275,0.0
2024-07-03 05:00:00+05:30,0.0,0.0,0.0,27.4,11.2,220.0,75.0,100.0,1004.2,100,13.0827,80.275,0.0
2024-07-03 06:00:00+05:30,21.0,29.9,18.0,28.4,11.9,215.0,70.0,100.0,1004.8,100,13.0827,80.275,1.0195053175209572
2024-07-03 07:00:00+05:30,154.0,200.5,100.0,29.9,11.8,218.0,64.0,100.0,1005.0,100,13.0827,80.275,8.138758996927987
2024-07-03 08:00:00+05:30,358.0,412.4,156.0,31.9,14.0,228.0,56.0,100.0,1005.5,100,13.0827,80.275,21.77791125362863
2024-07-03 09:00:00+05:30,539.0,465.6,221.0,33.5,14.8,241.0,49.0,100.0,1005.6,100,13.0827,80.275,36.33156014426261
2024-07-03 10:00:00+05:30,725.0,601.9,222.0,35.1,13.5,245.0,44.0,100.0,1005.3,100,13.0827,80.275,50.432008701177
2024-07-03 11:00:00+05:30,820.0,600.6,257.0,36.4,12.2,246.0,39.0,100.0,1004.3,100,13.0827,80.275,57.83400359641835
2024-07-03 12:00:00+05:30,849.0,576.7,283.0,37.2,9.7,248.0,37.0,100.0,1003.5,100,13.0827,80.275,59.70877551437277
2024-07-03 13:00:00+05:30,866.0,702.0,189.0,37.5,7.3,237.0,37.0,98.0,1002.3,100,13.0827,80.275,58.53357707458832
2024-07-03 14:00:00+05:30,756.0,627.4,199.0,37.4,6.8,198.0,37.0,98.0,1001.2,100,13.0827,80.275,51.61145865516115
2024-07-03 15:00:00+05:30,619.0,594.7,169.0,35.7,12.3,177.0,50.0,86.0,1001.1,100,13.0827,80.275,41.78971316725984
2024-07-03 16:00:00+05:30,431.0,519.0,130.0,33.1,10.6,162.0,65.0,100.0,1001.7,100,13.0827,80.275,26.752280740411745
2024-07-03 17:00:00+05:30,189.0,227.1,105.0,29.5,15.7,212.0,74.0,90.0,1002.6,100,13.0827,80.275,10.824193602377312
2024-07-03 18:00:00+05:30,62.0,124.8,43.0,30.8,14.0,145.0,69.0,96.0,1002.5,100,13.0827,80.275,2.851318518819614
2024-07-03 19:00:00+05:30,0.0,0.0,0.0,30.3,13.6,158.0,75.0,100.0,1003.6,100,13.0827,80.275,0.0
2024-07-03 20:00:00+05:30,0.0,0.0,0.0,30.4,15.1,198.0,73.0,62.0,1005.0,100,13.0827,80.275,0.0
2024-07-03 21:00:00+05:30,0.0,0.0,0.0,29.6,16.9,207.0,73.0,57.0,1005.9,100,13.0827,80.275,0.0
2024-07-03 22:00:00+05:30,0.0,0.0,0.0,28.8,13.5,226.0,72.0,47.0,1005.9,100,13.0827,80.275,0.0
2024-07-03 23:00:00+05:30,0.0,0.0,0.0,28.7,16.8,211.0,73.0,96.0,1006.1,100,13.0827,80.275,0.0
2024-07-04 00:00:00+05:30,0.0,0.0,0.0,28.1,13.9,217.0,73.0,96.0,1005.2,100,13.0827,80.275,0.0
2024-07-04 01:00:00+05:30,0.0,0.0,0.0,27.9,11.4,215.0,74.0,100.0,1004.6,100,13.0827,80.275,0.0
2024-07-04 02:00:00+05:30,0.0,0.0,0.0,27.7,12.7,215.0,75.0,96.0,1004.3,100,13.0827,80.275,0.0
2024-07-04 03:00:00+05:30,0.0,0.0,0.0,27.5,12.3,220.0,76.0,100.0,1004.1,100,13.0827,80.275,0.0
2024-07-04 04:00:00+05:30,0.0,0.0,0.0,27.4,13.4,211.0,76.0,100.0,1004.4,100,13.0827,80.275,0.0
2024-07-04 05:00:00+05:30,0.0,0.0,0.0,27.3,11.9,209.0,77.0,100.0,1004.9,100,13.0827,80.275,0.0
2024-07-04 06:00:00+05:30,12.0,0.0,12.0,26.6,11.9,182.0,87.0,100.0,1005.9,100,13.0827,80.275,0.5110564240034748
2024-07-04 07:00:00+05:30,71.0,3.7,70.0,27.1,10.5,196.0,86.0,100.0,1006.5,100,13.0827,80.275,5.586474558030668
2024-07-04 08:00:00+05:30,166.0,14.3,159.0,28.1,12.0,201.0,81.0,100.0,1007.2,100,13.0827,80.275,13.580187990583328
2024-07-04 09:00:00+05:30,272.0,38.1,246.0,29.8,13.5,209.0,71.0,100.0,1007.2,100,13.0827,80.275,22.286381152532048
2024-07-04 10:00:00+05:30,381.0,92.2,304.0,31.4,11.2,228.0,61.0,100.0,1006.5,100,13.0827,80.275,30.57913332425343
2024-07-04 11:00:00+05:30,519.0,118.4,408.0,32.8,12.9,243.0,55.0,100.0,1006.0,100,13.0827,80.275,41.07951932119232
2024-07-04 12:00:00+05:30,610.0,192.5,421.0,34.2,15.2,248.0,48.0,100.0,1005.5,100,13.0827,80.275,48.08345829749974
2024-07-04 13:00:00+05:30,612.0,201.1,418.0,34.8,14.3,258.0,45.0,100.0,1004.8,100,13.0827,80.275,47.174343756602234
2024-07-04 14:00:00+05:30,501.0,161.0,358.0,33.8,13.5,236.0,51.0,100.0,1004.5,100,13.0827,80.275,39.279324196824575
2024-07-04 15:00:00+05:30,393.0,190.2,249.0,33.0,8.3,265.0,54.0,100.0,1004.3,100,13.0827,80.275,29.6126420607385
2024-07-04 16:00:00+05:30,271.0,101.6,212.0,32.1,3.4,328.0,59.0,100.0,1003.8,100,13.0827,80.275,20.3002332194956
2024-07-04 17:00:00+05:30,158.0,86.4,126.0,32.6,4.0,190.0,55.0,100.0,1004.1,100,13.0827,80.275,11.381480485319791
2024-07-04 18:00:00+05:30,42.0,65.6,32.0,30.1,13.8,208.0,64.0,100.0,1003.2,100,13.0827,80.275,2.061094392618403
2024-07-04 19:00:00+05:30,0.0,0.0,0.0,30.1,14.3,221.0,62.0,93.0,1004.3,100,13.0827,80.275,0.0
2024-07-04 20:00:00+05:30,0.0,0.0,0.0,30.0,11.1,209.0,62.0,100.0,1005.3,100,13.0827,80.275,0.0
2024-07-04 21:00:00+05:30,0.0,0.0,0.0,29.9,11.5,212.0,64.0,94.0,1006.2,100,13.0827,80.275,0.0
2024-07-04 22:00:00+05:30,0.0,0.0,0.0,29.2,14.6,213.0,64.0,99.0,1006.3,100,13.0827,80.275,0.0
2024-07-04 23:00:00+05:30,0.0,0.0,0.0,28.7,13.1,217.0,66.0,80.0,1006.0,100,13.0827,80.275,0.0
2024-07-05 00:00:00+05:30,0.0,0.0,0.0,28.5,13.2,227.0,68.0,100.0,1005.5,100,13.0827,80.275,0.0
2024-07-05 01:00:00+05:30,0.0,0.0,0.0,28.4,14.7,211.0,68.0,100.0,1004.9,100,13.0827,80.275,0.0
2024-07-05 02:00:00+05:30,0.0,0.0,0.0,28.1,14.3,214.0,70.0,100.0,1004.6,100,13.0827,80.275,0.0
2024-07-05 03:00:00+05:30,0.0,0.0,0.0,27.7,15.8,223.0,73.0,100.0,1004.5,100,13.0827,80.275,0.0
2024-07-05 04:00:00+05:30,0.0,0.0,0.0,27.5,13.2,223.0,75.0,100.0,1004.4,100,13.0827,80.275,0.0
2024-07-05 05:00:00+05:30,0.0,0.0,0.0,27.0,11.6,210.0,79.0,100.0,1004.7,100,13.0827,80.275,0.0
2024-07-05 06:00:00+05:30,19.0,30.2,16.0,27.5,11.3,217.0,84.0,99.0,1004.6,100,13.0827,80.275,0.8470295989287877
2024-07-05 07:00:00+05:30,121.0,138.3,84.0,28.5,10.7,225.0,78.0,91.0,1005.3,100,13.0827,80.275,6.96972153862848
2024-07-05 08:00:00+05:30,217.0,143.3,147.0,29.6,10.6,215.0,72.0,70.0,1005.9,100,13.0827,80.275,15.220492997494425
2024-07-05 09:00:00+05:30,488.0,400.2,215.0,31.8,11.2,225.0,62.0,55.0,1005.7,100,13.0827,80.275,33.82430249815319
2024-07-05 10:00:00+05:30,663.0,489.7,254.0,33.6,10.7,230.0,52.0,77.0,1005.1,100,13.0827,80.275,46.71017241497454
2024-07-05 11:00:00+05:30,779.0,590.9,225.0,35.0,9.2,228.0,45.0,100.0,1004.3,100,13.0827,80.275,54.941535837685926
2024-07-05 12:00:00+05:30,810.0,604.0,217.0,35.7,8.3,214.0,42.0,99.0,1003.7,100,13.0827,80.275,56.67497257674311
2024-07-05 13:00:00+05:30,837.0,633.0,226.0,36.1,8.7,185.0,41.0,100.0,1002.7,100,13.0827,80.275,57.57933067826579
2024-07-05 14:00:00+05:30,722.0,501.8,276.0,34.9,12.6,160.0,55.0,99.0,1001.4,100,13.0827,80.275,52.2842542095804
2024-07-05 15:00:00+05:30,580.0,489.5,209.0,33.6,19.9,158.0,62.0,100.0,1000.3,100,13.0827,80.275,41.36566397605711
2024-07-05 16:00:00+05:30,387.0,301.1,212.0,32.4,22.2,163.0,65.0,100.0,1000.0,100,13.0827,80.275,26.623190406941976
2024-07-05 17:00:00+05:30,220.0,215.7,140.0,31.2,23.8,170.0,66.0,100.0,1000.5,100,13.0827,80.275,13.62482002706235
2024-07-05 18:00:00+05:30,63.0,85.1,50.0,30.3,17.3,176.0,70.0,100.0,1001.3,100,13.0827,80.275,3.570379502974206
2024-07-05 19:00:00+05:30,0.0,0.0,0.0,29.9,17.4,186.0,71.0,100.0,1002.5,100,13.0827,80.275,0.0
2024-07-05 20:00:00+05:30,0.0,0.0,0.0,29.8,14.9,188.0,76.0,100.0,1003.3,100,13.0827,80.275,0.0
2024-07-05 21:00:00+05:30,0.0,0.0,0.0,29.4,14.1,195.0,80.0,96.0,1003.9,100,13.0827,80.275,0.0
2024-07-05 22:00:00+05:30,0.0,0.0,0.0,29.3,9.5,241.0,78.0,97.0,1004.3,100,13.0827,80.275,0.0
2024-07-05 23:00:00+05:30,0.0,0.0,0.0,28.9,5.6,255.0,78.0,90.0,1003.9,100,13.0827,80.275,0.0
2024-07-06 00:00:00+05:30,0.0,0.0,0.0,28.5,5.8,240.0,79.0,100.0,1003.6,100,13.0827,80.275,0.0
2024-07-06 01:00:00+05:30,0.0,0.0,0.0,28.4,6.5,276.0,76.0,100.0,1003.3,100,13.0827,80.275,0.0
2024-07-06 02:00:00+05:30,0.0,0.0,0.0,27.8,4.7,266.0,76.0,100.0,1003.1,100,13.0827,80.275,0.0
2024-07-06 03:00:00+05:30,0.0,0.0,0.0,27.6,3.8,229.0,77.0,100.0,1002.6,100,13.0827,80.275,0.0
2024-07-06 04:00:00+05:30,0.0,0.0,0.0,27.4,4.7,189.0,80.0,100.0,1002.9,100,13.0827,80.275,0.0
2024-07-06 05:00:00+05:30,0.0,0.0,0.0,27.2,5.8,184.0,81.0,100.0,1003.3,100,13.0827,80.275,0.0
2024-07-06 06:00:00+05:30,8.0,0.0,8.0,26.1,10.5,186.0,92.0,100.0,1004.5,100,13.0827,80.275,0.1546448219180944
2024-07-06 07:00:00+05:30,63.0,7.5,61.0,26.5,10.7,194.0,90.0,100.0,1004.8,100,13.0827,80.275,4.946234944487298
2024-07-06 08:00:00+05:30,89.0,6.2,86.0,26.3,10.0,201.0,93.0,100.0,1005.3,100,13.0827,80.275,7.185908625786376
2024-07-06 09:00:00+05:30,272.0,69.0,225.0,27.5,12.6,207.0,84.0,100.0,1005.6,100,13.0827,80.275,22.35262709759745
2024-07-06 10:00:00+05:30,574.0,322.1,305.0,29.5,14.5,226.0,70.0,96.0,1005.0,100,13.0827,80.275,43.24518679467823
2024-07-06 11:00:00+05:30,452.0,99.2,359.0,30.1,12.5,237.0,64.0,100.0,1004.5,100,13.0827,80.275,36.66599948621243
2024-07-06 12:00:00+05:30,552.0,145.6,409.0,31.2,11.6,234.0,60.0,100.0,1004.1,100,13.0827,80.275,43.79820082172342
2024-07-06 13:00:00+05:30,434.0,129.4,309.0,31.6,11.3,239.0,58.0,100.0,1003.0,100,13.0827,80.275,34.42371114170851
2024-07-06 14:00:00+05:30,325.0,51.7,279.0,32.2,9.5,241.0,55.0,100.0,1002.1,100,13.0827,80.275,27.124727637016445
2024-07-06 15:00:00+05:30,225.0,25.1,206.0,32.2,7.6,245.0,55.0,100.0,1001.5,100,13.0827,80.275,18.229973317207858
2024-07-06 16:00:00+05:30,150.0,1.7,149.0,32.1,6.3,211.0,55.0,100.0,1001.1,100,13.0827,80.275,12.240191716865349
2024-07-06 17:00:00+05:30,84.0,0.0,84.0,30.7,13.2,163.0,65.0,100.0,1001.4,100,13.0827,80.275,6.929879688125463
2024-07-06 18:00:00+05:30,46.0,32.7,41.0,29.2,10.2,162.0,71.0,100.0,1001.9,100,13.0827,80.275,2.9187158161634104
2024-07-06 19:00:00+05:30,0.0,0.0,0.0,28.3,11.5,178.0,80.0,100.0,1002.5,100,13.0827,80.275,0.0
2024-07-06 20:00:00+05:30,0.0,0.0,0.0,28.1,10.2,190.0,80.0,100.0,1003.4,100,13.0827,80.275,0.0
2024-07-06 21:00:00+05:30,0.0,0.0,0.0,27.8,12.1,192.0,80.0,100.0,1004.2,100,13.0827,80.275,0.0
2024-07-06 22:00:00+05:30,0.0,0.0,0.0,27.5,12.1,192.0,81.0,100.0,1004.5,100,13.0827,80.275,0.0
2024-07-06 23:00:00+05:30,0.0,0.0,0.0,27.4,10.8,184.0,82.0,100.0,1004.3,100,13.0827,80.275,0.0
2024-07-07 00:00:00+05:30,0.0,0.0,0.0,27.4,12.3,187.0,84.0,100.0,1003.9,100,13.0827,80.275,0.0
2024-07-07 01:00:00+05:30,0.0,0.0,0.0,27.3,13.1,201.0,81.0,100.0,1003.6,100,13.0827,80.275,0.0
2024-07-07 02:00:00+05:30,0.0,0.0,0.0,27.1,13.0,204.0,77.0,100.0,1003.0,100,13.0827,80.275,0.0
2024-07-07 03:00:00+05:30,0.0,0.0,0.0,27.0,11.9,215.0,75.0,100.0,1002.5,100,13.0827,80.275,0.0
2024-07-07 04:00:00+05:30,0.0,0.0,0.0,26.9,9.7,231.0,75.0,99.0,1002.5,100,13.0827,80.275,0.0
2024-07-07 05:00:00+05:30,0.0,0.0,0.0,26.7,7.9,240.0,76.0,94.0,1002.6,100,13.0827,80.275,0.0
2024-07-07 06:00:00+05:30,14.0,20.3,12.0,27.1,8.9,227.0,76.0,100.0,1003.5,100,13.0827,80.275,0.49858062056646096
2024-07-07 07:00:00+05:30,64.0,7.5,62.0,27.7,10.4,224.0,74.0,100.0,1004.2,100,13.0827,80.275,4.847747873770968
2024-07-07 08:00:00+05:30,164.0,49.3,140.0,28.9,11.2,228.0,68.0,99.0,1004.3,100,13.0827,80.275,12.53846470534783
2024-07-07 09:00:00+05:30,333.0,167.3,219.0,30.8,14.7,245.0,57.0,100.0,1004.6,100,13.0827,80.275,25.116325867772687
2024-07-07 10:00:00+05:30,555.0,294.7,309.0,32.5,15.0,246.0,52.0,100.0,1004.3,100,13.0827,80.275,42.0828496299186
2024-07-07 11:00:00+05:30,782.0,536.5,279.0,34.1,15.0,253.0,48.0,100.0,1003.4,100,13.0827,80.275,55.83130029786084
2024-07-07 12:00:00+05:30,838.0,517.1,330.0,35.4,18.0,270.0,44.0,100.0,1002.8,100,13.0827,80.275,61.64477134508687
2024-07-07 13:00:00+05:30,694.0,341.6,364.0,36.1,12.7,277.0,42.0,100.0,1001.7,100,13.0827,80.275,51.54904798761673
2024-07-07 14:00:00+05:30,697.0,472.0,277.0,35.9,6.0,205.0,43.0,100.0,1000.8,100,13.0827,80.275,49.66026675778965
2024-07-07 15:00:00+05:30,415.0,163.4,291.0,31.3,16.6,112.0,68.0,100.0,1000.6,100,13.0827,80.275,33.015661052669365
2024-07-07 16:00:00+05:30,280.0,182.0,174.0,29.9,13.2,163.0,72.0,100.0,1000.8,100,13.0827,80.275,20.11928813002184
2024-07-07 17:00:00+05:30,166.0,145.2,112.0,30.2,11.6,173.0,71.0,100.0,1001.3,100,13.0827,80.275,10.533645170423124
2024-07-07 18:00:00+05:30,21.0,13.1,19.0,29.5,9.1,173.0,75.0,100.0,1002.2,100,13.0827,80.275,1.0901740469750218
2024-07-07 19:00:00+05:30,0.0,0.0,0.0,29.0,10.5,176.0,76.0,100.0,1003.0,100,13.0827,80.275,0.0
2024-07-07 20:00:00+05:30,0.0,0.0,0.0,28.7,9.4,227.0,77.0,100.0,1004.1,100,13.0827,80.275,0.0
2024-07-07 21:00:00+05:30,0.0,0.0,0.0,28.6,8.9,220.0,77.0,100.0,1004.6,100,13.0827,80.275,0.0
2024-07-07 22:00:00+05:30,0.0,0.0,0.0,28.4,8.4,230.0,77.0,100.0,1004.4,100,13.0827,80.275,0.0
2024-07-07 23:00:00+05:30,0.0,0.0,0.0,28.1,5.9,223.0,76.0,100.0,1004.0,100,13.0827,80.275,0.0
2024-07-08 00:00:00+05:30,0.0,0.0,0.0,27.8,7.7,217.0,77.0,100.0,1003.4,100,13.0827,80.275,0.0
2024-07-08 01:00:00+05:30,0.0,0.0,0.0,27.3,5.9,218.0,78.0,100.0,1002.9,100,13.0827,80.275,0.0
2024-07-08 02:00:00+05:30,0.0,0.0,0.0,27.2,5.9,218.0,80.0,100.0,1002.2,100,13.0827,80.275,0.0
2024-07-08 03:00:00+05:30,0.0,0.0,0.0,27.0,6.9,219.0,82.0,100.0,1002.1,100,13.0827,80.275,0.0
2024-07-08 04:00:00+05:30,0.0,0.0,0.0,27.1,5.5,238.0,84.0,100.0,1002.2,100,13.0827,80.275,0.0
2024-07-08 05:00:00+05:30,0.0,0.0,0.0,27.1,6.1,225.0,85.0,100.0,1002.8,100,13.0827,80.275,0.0
2024-07-08 06:00:00+05:30,17.0,10.2,16.0,26.9,10.5,221.0,88.0,100.0,1002.8,100,13.0827,80.275,0.8782029368389217
2024-07-08 07:00:00+05:30,60.0,0.0,60.0,27.5,10.3,234.0,84.0,100.0,1003.8,100,13.0827,80.275,4.793094932859668
2024-07-08 08:00:00+05:30,236.0,197.3,140.0,28.6,15.8,249.0,69.0,100.0,1003.9,100,13.0827,80.275,15.43655105532478
2024-07-08 09:00:00+05:30,426.0,262.9,247.0,29.9,15.0,240.0,64.0,100.0,1004.0,100,13.0827,80.275,31.077843203983285
2024-07-08 10:00:00+05:30,489.0,190.5,330.0,31.3,13.4,243.0,59.0,100.0,1003.9,100,13.0827,80.275,38.835014211155894
2024-07-08 11:00:00+05:30,520.0,115.2,412.0,32.7,11.7,252.0,52.0,100.0,1003.5,100,13.0827,80.275,41.02112658601718
2024-07-08 12:00:00+05:30,394.0,38.7,356.0,32.5,10.9,236.0,51.0,100.0,1002.9,100,13.0827,80.275,32.472281044704474
2024-07-08 13:00:00+05:30,481.0,119.0,366.0,32.7,12.9,247.0,50.0,100.0,1002.4,100,13.0827,80.275,37.82632472968964
2024-07-08 14:00:00+05:30,229.0,11.2,219.0,31.1,12.3,230.0,58.0,100.0,1001.9,100,13.0827,80.275,18.56516756827709
2024-07-08 15:00:00+05:30,248.0,31.6,224.0,30.1,9.6,214.0,66.0,100.0,1001.3,100,13.0827,80.275,20.462767060512107
2024-07-08 16:00:00+05:30,160.0,0.0,160.0,30.0,14.2,204.0,66.0,100.0,1000.6,100,13.0827,80.275,13.216704301771745
2024-07-08 17:00:00+05:30,194.0,177.3,128.0,29.6,13.6,202.0,69.0,99.0,1000.9,100,13.0827,80.275,12.471547049348258
2024-07-08 18:00:00+05:30,51.0,45.6,44.0,30.0,9.5,209.0,67.0,100.0,1000.9,100,13.0827,80.275,3.1929100722950516
2024-07-08 19:00:00+05:30,0.0,0.0,0.0,28.7,11.6,196.0,75.0,99.0,1002.2,100,13.0827,80.275,0.0
2024-07-08 20:00:00+05:30,0.0,0.0,0.0,27.5,10.6,190.0,84.0,100.0,1003.3,100,13.0827,80.275,0.0
2024-07-08 21:00:00+05:30,0.0,0.0,0.0,27.2,9.4,184.0,88.0,100.0,1003.7,100,13.0827,80.275,0.0
2024-07-08 22:00:00+05:30,0.0,0.0,0.0,27.0,13.2,191.0,88.0,100.0,1004.6,100,13.0827,80.275,0.0
2024-07-08 23:00:00+05:30,0.0,0.0,0.0,26.5,11.9,180.0,93.0,100.0,1004.3,100,13.0827,80.275,0.0
2024-07-09 00:00:00+05:30,0.0,0.0,0.0,26.5,11.5,180.0,93.0,100.0,1003.8,100,13.0827,80.275,0.0
2024-07-09 01:00:00+05:30,0.0,0.0,0.0,26.4,11.5,180.0,94.0,100.0,1003.4,100,13.0827,80.275,0.0
2024-07-09 02:00:00+05:30,0.0,0.0,0.0,26.4,9.0,196.0,93.0,100.0,1003.0,100,13.0827,80.275,0.0
2024-07-09 03:00:00+05:30,0.0,0.0,0.0,26.4,6.5,180.0,92.0,100.0,1002.8,100,13.0827,80.275,0.0
2024-07-09 04:00:00+05:30,0.0,0.0,0.0,26.3,4.0,185.0,92.0,100.0,1002.7,100,13.0827,80.275,0.0
2024-07-09 05:00:00+05:30,0.0,0.0,0.0,25.8,5.7,198.0,94.0,100.0,1003.2,100,13.0827,80.275,0.0
2024-07-09 06:00:00+05:30,7.0,0.0,7.0,26.1,9.5,217.0,83.0,100.0,1003.8,100,13.0827,80.275,0.06686913260042233
2024-07-09 07:00:00+05:30,84.0,37.9,74.0,26.8,7.4,241.0,82.0,99.0,1004.6,100,13.0827,80.275,6.048553680426501
2024-07-09 08:00:00+05:30,226.0,133.8,161.0,27.9,3.4,252.0,78.0,100.0,1005.6,100,13.0827,80.275,16.1023340889342
2024-07-09 09:00:00+05:30,216.0,39.7,189.0,28.3,5.1,184.0,76.0,100.0,1006.0,100,13.0827,80.275,18.056050382124987
2024-07-09 10:00:00+05:30,337.0,63.5,284.0,29.7,6.8,238.0,65.0,100.0,1005.8,100,13.0827,80.275,26.916287987539526
2024-07-09 11:00:00+05:30,612.0,254.9,373.0,31.5,7.5,253.0,56.0,100.0,1005.1,100,13.0827,80.275,47.99682306961776
2024-07-09 12:00:00+05:30,723.0,357.1,372.0,33.0,9.9,260.0,52.0,100.0,1004.3,100,13.0827,80.275,53.24317487564548
2024-07-09 13:00:00+05:30,648.0,244.1,412.0,33.9,12.7,263.0,47.0,100.0,1003.7,100,13.0827,80.275,50.30304397220456
2024-07-09 14:00:00+05:30,562.0,193.1,390.0,33.8,9.0,241.0,47.0,100.0,1002.7,100,13.0827,80.275,43.05975320105766
2024-07-09 15:00:00+05:30,515.0,302.6,285.0,33.2,7.2,162.0,50.0,100.0,1002.2,100,13.0827,80.275,37.021451822351715
2024-07-09 16:00:00+05:30,319.0,166.3,222.0,30.8,17.6,152.0,65.0,100.0,1002.2,100,13.0827,80.275,24.209977307483854
2024-07-09 17:00:00+05:30,191.0,134.2,141.0,30.0,16.7,155.0,71.0,100.0,1002.3,100,13.0827,80.275,12.938049376307093
2024-07-09 18:00:00+05:30,51.0,19.5,48.0,28.7,15.1,162.0,78.0,100.0,1003.6,100,13.0827,80.275,3.679868475982519
2024-07-09 19:00:00+05:30,0.0,0.0,0.0,28.6,12.7,172.0,76.0,100.0,1004.2,100,13.0827,80.275,0.0
2024-07-09 20:00:00+05:30,0.0,0.0,0.0,28.6,12.1,168.0,80.0,100.0,1005.1,100,13.0827,80.275,0.0
2024-07-09 21:00:00+05:30,0.0,0.0,0.0,28.6,13.7,180.0,81.0,100.0,1005.8,100,13.0827,80.275,0.0
2024-07-09 22:00:00+05:30,0.0,0.0,0.0,28.6,14.1,184.0,79.0,100.0,1006.3,100,13.0827,80.275,0.0
2024-07-09 23:00:00+05:30,0.0,0.0,0.0,28.4,12.4,190.0,82.0,100.0,1006.6,100,13.0827,80.275,0.0
2024-07-10 00:00:00+05:30,0.0,0.0,0.0,28.3,11.1,193.0,83.0,100.0,1006.2,100,13.0827,80.275,0.0
2024-07-10 01:00:00+05:30,0.0,0.0,0.0,28.0,10.1,197.0,84.0,100.0,1005.7,100,13.0827,80.275,0.0
2024-07-10 02:00:00+05:30,0.0,0.0,0.0,27.8,9.4,203.0,84.0,100.0,1005.5,100,13.0827,80.275,0.0
2024-07-10 03:00:00+05:30,0.0,0.0,0.0,27.5,8.7,204.0,83.0,100.0,1005.4,100,13.0827,80.275,0.0
2024-07-10 04:00:00+05:30,0.0,0.0,0.0,27.2,8.6,213.0,83.0,99.0,1005.7,100,13.0827,80.275,0.0
2024-07-10 05:00:00+05:30,0.0,0.0,0.0,27.0,8.2,218.0,83.0,99.0,1006.1,100,13.0827,80.275,0.0
2024-07-10 06:00:00+05:30,19.0,30.9,16.0,27.4,11.2,222.0,80.0,76.0,1006.6,100,13.0827,80.275,0.8357598879041691
2024-07-10 07:00:00+05:30,135.0,182.4,87.0,28.7,9.6,236.0,75.0,62.0,1007.0,100,13.0827,80.275,7.41015723887107
2024-07-10 08:00:00+05:30,345.0,418.3,142.0,30.8,13.6,253.0,60.0,70.0,1007.3,100,13.0827,80.275,21.299541374013916
2024-07-10 09:00:00+05:30,559.0,591.0,157.0,32.4,14.4,269.0,51.0,70.0,1007.5,100,13.0827,80.275,37.330947281104564
2024-07-10 10:00:00+05:30,701.0,582.4,215.0,33.7,10.5,278.0,47.0,97.0,1007.0,100,13.0827,80.275,48.26228740282847
2024-07-10 11:00:00+05:30,800.0,594.9,242.0,34.8,7.3,281.0,44.0,97.0,1006.3,100,13.0827,80.275,56.55431989055626
2024-07-10 12:00:00+05:30,868.0,634.7,244.0,35.5,2.7,203.0,42.0,100.0,1005.4,100,13.0827,80.275,60.85777434617314
2024-07-10 13:00:00+05:30,858.0,662.7,217.0,35.4,3.8,107.0,42.0,100.0,1004.8,100,13.0827,80.275,57.68714185377168
2024-07-10 14:00:00+05:30,725.0,559.8,226.0,33.2,14.4,91.0,57.0,99.0,1004.5,100,13.0827,80.275,51.98162961679975
2024-07-10 15:00:00+05:30,571.0,472.1,212.0,32.0,14.8,89.0,61.0,99.0,1003.9,100,13.0827,80.275,40.494802831967746
2024-07-10 16:00:00+05:30,427.0,448.9,165.0,31.5,14.8,124.0,65.0,99.0,1003.3,100,13.0827,80.275,27.75120873806177
2024-07-10 17:00:00+05:30,251.0,402.4,101.0,31.1,15.0,134.0,64.0,97.0,1003.4,100,13.0827,80.275,12.426860188839765
2024-07-10 18:00:00+05:30,73.0,182.2,45.0,30.0,14.8,137.0,69.0,100.0,1004.6,100,13.0827,80.275,2.914436428502351
2024-07-10 19:00:00+05:30,0.0,0.0,0.0,29.3,15.3,161.0,74.0,100.0,1005.6,100,13.0827,80.275,0.0
2024-07-10 20:00:00+05:30,0.0,0.0,0.0,29.2,15.4,164.0,77.0,100.0,1006.2,100,13.0827,80.275,0.0
2024-07-10 21:00:00+05:30,0.0,0.0,0.0,29.2,15.9,175.0,77.0,100.0,1007.1,100,13.0827,80.275,0.0
2024-07-10 22:00:00+05:30,0.0,0.0,0.0,29.0,13.4,186.0,80.0,100.0,1007.9,100,13.0827,80.275,0.0
2024-07-10 23:00:00+05:30,0.0,0.0,0.0,28.8,14.9,200.0,83.0,100.0,1007.8,100,13.0827,80.275,0.0
2024-07-11 00:00:00+05:30,0.0,0.0,0.0,27.7,14.5,222.0,86.0,100.0,1007.3,100,13.0827,80.275,0.0
2024-07-11 01:00:00+05:30,0.0,0.0,0.0,27.0,10.4,178.0,89.0,100.0,1006.6,100,13.0827,80.275,0.0
2024-07-11 02:00:00+05:30,0.0,0.0,0.0,26.9,7.7,217.0,90.0,71.0,1006.1,100,13.0827,80.275,0.0
2024-07-11 03:00:00+05:30,0.0,0.0,0.0,26.8,8.6,237.0,91.0,99.0,1005.8,100,13.0827,80.275,0.0
2024-07-11 04:00:00+05:30,0.0,0.0,0.0,26.7,10.1,253.0,90.0,100.0,1005.9,100,13.0827,80.275,0.0
2024-07-11 05:00:00+05:30,0.0,0.0,0.0,26.5,8.4,245.0,88.0,100.0,1006.0,100,13.0827,80.275,0.0
2024-07-11 06:00:00+05:30,15.0,10.4,14.0,26.1,8.1,283.0,88.0,100.0,1006.9,100,13.0827,80.275,0.682477644090831
2024-07-11 07:00:00+05:30,55.0,11.4,52.0,26.9,5.1,266.0,83.0,100.0,1007.0,100,13.0827,80.275,4.0611532858268475
2024-07-11 08:00:00+05:30,181.0,55.7,154.0,28.5,5.9,281.0,73.0,100.0,1007.8,100,13.0827,80.275,13.814829363920765
2024-07-11 09:00:00+05:30,282.0,58.8,242.0,29.7,5.4,270.0,65.0,100.0,1007.8,100,13.0827,80.275,22.319310361209773
2024-07-11 10:00:00+05:30,551.0,212.1,374.0,31.6,8.7,277.0,56.0,100.0,1007.4,100,13.0827,80.275,41.21982978391697
2024-07-11 11:00:00+05:30,451.0,119.4,339.0,31.9,13.1,286.0,54.0,100.0,1006.6,100,13.0827,80.275,35.650550444430685
2024-07-11 12:00:00+05:30,525.0,132.2,395.0,32.7,12.4,278.0,51.0,100.0,1005.7,100,13.0827,80.275,41.542495001827334
2024-07-11 13:00:00+05:30,543.0,156.0,392.0,33.2,11.0,281.0,49.0,100.0,1004.9,100,13.0827,80.275,42.573712588427625
2024-07-11 14:00:00+05:30,562.0,210.8,374.0,33.3,10.6,288.0,49.0,100.0,1004.1,100,13.0827,80.275,42.44273229688893
2024-07-11 15:00:00+05:30,562.0,365.3,284.0,33.3,11.7,279.0,51.0,100.0,1003.3,100,13.0827,80.275,40.624670533682234
2024-07-11 16:00:00+05:30,405.0,337.3,208.0,32.9,9.1,277.0,53.0,99.0,1002.5,100,13.0827,80.275,26.916349436846378
2024-07-11 17:00:00+05:30,223.0,252.0,129.0,31.9,4.5,194.0,56.0,98.0,1002.1,100,13.0827,80.275,12.968379665995242
2024-07-11 18:00:00+05:30,25.0,19.5,22.0,28.8,10.6,162.0,75.0,100.0,1003.5,100,13.0827,80.275,1.3776614682962378
2024-07-11 19:00:00+05:30,0.0,0.0,0.0,28.4,12.6,153.0,83.0,100.0,1003.8,100,13.0827,80.275,0.0
2024-07-11 20:00:00+05:30,0.0,0.0,0.0,28.5,13.9,170.0,82.0,89.0,1004.2,100,13.0827,80.275,0.0
2024-07-11 21:00:00+05:30,0.0,0.0,0.0,28.4,15.5,179.0,83.0,100.0,1004.7,100,13.0827,80.275,0.0
2024-07-11 22:00:00+05:30,0.0,0.0,0.0,28.5,15.5,181.0,81.0,100.0,1005.2,100,13.0827,80.275,0.0
2024-07-11 23:00:00+05:30,0.0,0.0,0.0,28.4,15.5,185.0,82.0,100.0,1004.9,100,13.0827,80.275,0.0
2024-07-12 00:00:00+05:30,0.0,0.0,0.0,28.2,15.3,199.0,82.0,100.0,1004.3,100,13.0827,80.275,0.0
2024-07-12 01:00:00+05:30,0.0,0.0,0.0,27.9,14.0,206.0,84.0,17.0,1003.8,100,13.0827,80.275,0.0
2024-07-12 02:00:00+05:30,0.0,0.0,0.0,27.8,13.5,205.0,85.0,24.0,1003.3,100,13.0827,80.275,0.0
2024-07-12 03:00:00+05:30,0.0,0.0,0.0,27.7,11.9,215.0,84.0,43.0,1003.3,100,13.0827,80.275,0.0
2024-07-12 04:00:00+05:30,0.0,0.0,0.0,27.5,10.9,226.0,83.0,95.0,1003.4,100,13.0827,80.275,0.0
2024-07-12 05:00:00+05:30,0.0,0.0,0.0,27.3,11.0,221.0,83.0,58.0,1003.5,100,13.0827,80.275,0.0
2024-07-12 06:00:00+05:30,19.0,41.6,15.0,27.6,12.6,217.0,80.0,21.0,1004.2,100,13.0827,80.275,0.7599490765788044
2024-07-12 07:00:00+05:30,158.0,298.1,80.0,29.0,14.3,221.0,74.0,28.0,1004.8,100,13.0827,80.275,6.784083123480301
2024-07-12 08:00:00+05:30,331.0,410.9,132.0,30.9,14.8,231.0,65.0,98.0,1004.8,100,13.0827,80.275,19.650426762595924
2024-07-12 09:00:00+05:30,510.0,465.0,194.0,32.6,15.6,247.0,55.0,76.0,1004.8,100,13.0827,80.275,34.65398600144117
2024-07-12 10:00:00+05:30,659.0,466.2,270.0,34.0,14.5,264.0,49.0,97.0,1004.7,100,13.0827,80.275,46.69432338341074
2024-07-12 11:00:00+05:30,755.0,498.8,287.0,34.9,13.5,279.0,46.0,94.0,1004.1,100,13.0827,80.275,55.181760572758435
2024-07-12 12:00:00+05:30,764.0,423.8,347.0,35.7,9.1,277.0,43.0,100.0,1003.2,100,13.0827,80.275,55.72787502833912
2024-07-12 13:00:00+05:30,758.0,429.7,342.0,35.4,7.2,183.0,43.0,100.0,1002.2,100,13.0827,80.275,55.36446733525364
2024-07-12 14:00:00+05:30,657.0,370.9,326.0,33.2,14.7,152.0,65.0,100.0,1001.2,100,13.0827,80.275,50.37027087794694
2024-07-12 15:00:00+05:30,479.0,261.4,280.0,32.4,22.8,164.0,65.0,100.0,1000.3,100,13.0827,80.275,35.584349650677154
2024-07-12 16:00:00+05:30,293.0,133.5,215.0,31.5,23.2,174.0,67.0,100.0,1000.5,100,13.0827,80.275,21.63686054458176
2024-07-12 17:00:00+05:30,150.0,61.6,127.0,31.4,23.4,183.0,68.0,100.0,1001.0,100,13.0827,80.275,11.260537307888242
2024-07-12 18:00:00+05:30,67.0,136.5,46.0,30.8,20.8,189.0,73.0,100.0,1001.2,100,13.0827,80.275,3.07996913004883
2024-07-12 19:00:00+05:30,0.0,0.0,0.0,30.5,21.2,230.0,71.0,100.0,1003.0,100,13.0827,80.275,0.0
2024-07-12 20:00:00+05:30,0.0,0.0,0.0,28.3,18.3,248.0,78.0,100.0,1003.8,100,13.0827,80.275,0.0
2024-07-12 21:00:00+05:30,0.0,0.0,0.0,27.8,20.1,246.0,78.0,100.0,1004.4,100,13.0827,80.275,0.0
2024-07-12 22:00:00+05:30,0.0,0.0,0.0,27.3,13.6,259.0,80.0,100.0,1004.5,100,13.0827,80.275,0.0
2024-07-12 23:00:00+05:30,0.0,0.0,0.0,27.4,8.8,282.0,81.0,100.0,1004.4,100,13.0827,80.275,0.0
2024-07-13 00:00:00+05:30,0.0,0.0,0.0,27.1,10.7,230.0,83.0,100.0,1003.3,100,13.0827,80.275,0.0
2024-07-13 01:00:00+05:30,0.0,0.0,0.0,27.2,11.2,237.0,83.0,100.0,1002.6,100,13.0827,80.275,0.0
2024-07-13 02:00:00+05:30,0.0,0.0,0.0,27.4,13.7,243.0,82.0,100.0,1001.9,100,13.0827,80.275,0.0
2024-07-13 03:00:00+05:30,0.0,0.0,0.0,27.8,14.1,251.0,78.0,100.0,1001.8,100,13.0827,80.275,0.0
2024-07-13 04:00:00+05:30,0.0,0.0,0.0,28.1,14.8,256.0,74.0,100.0,1002.0,100,13.0827,80.275,0.0
2024-07-13 05:00:00+05:30,0.0,0.0,0.0,28.4,14.9,262.0,70.0,100.0,1002.3,100,13.0827,80.275,0.0
2024-07-13 06:00:00+05:30,3.0,0.0,3.0,25.7,13.1,279.0,88.0,100.0,1004.1,100,13.0827,80.275,0.0
2024-07-13 07:00:00+05:30,18.0,0.0,18.0,25.6,16.6,274.0,88.0,100.0,1004.2,100,13.0827,80.275,1.0272843300842924
2024-07-13 08:00:00+05:30,89.0,0.0,89.0,25.9,17.3,272.0,88.0,100.0,1004.2,100,13.0827,80.275,7.346079578859705
2024-07-13 09:00:00+05:30,195.0,8.8,189.0,26.9,13.3,267.0,84.0,100.0,1004.4,100,13.0827,80.275,16.437750947998587
2024-07-13 10:00:00+05:30,194.0,6.0,189.0,27.4,6.9,261.0,82.0,100.0,1004.3,100,13.0827,80.275,16.390181049121587
2024-07-13 11:00:00+05:30,363.0,27.7,337.0,29.2,10.0,240.0,74.0,100.0,1004.1,100,13.0827,80.275,30.459051570758042
2024-07-13 12:00:00+05:30,309.0,7.1,302.0,29.6,13.8,242.0,70.0,100.0,1004.0,100,13.0827,80.275,26.415859078111726
2024-07-13 13:00:00+05:30,218.0,5.2,213.0,29.3,13.3,229.0,71.0,100.0,1003.2,100,13.0827,80.275,18.143098013012246
2024-07-13 14:00:00+05:30,212.0,9.0,204.0,29.3,9.6,214.0,73.0,100.0,1002.3,100,13.0827,80.275,17.536924848263528
2024-07-13 15:00:00+05:30,219.0,6.6,214.0,29.6,12.7,209.0,74.0,100.0,1001.7,100,13.0827,80.275,18.547227474203204
2024-07-13 16:00:00+05:30,129.0,6.8,125.0,29.2,10.6,208.0,77.0,100.0,1001.5,100,13.0827,80.275,10.593679265481146
2024-07-13 17:00:00+05:30,140.0,26.8,130.0,29.2,12.1,203.0,78.0,100.0,1001.5,100,13.0827,80.275,10.888975816564232
2024-07-13 18:00:00+05:30,21.0,0.0,21.0,28.6,13.1,189.0,80.0,100.0,1001.5,100,13.0827,80.275,1.2991321625691825
2024-07-13 19:00:00+05:30,0.0,0.0,0.0,28.4,12.1,197.0,80.0,100.0,1002.3,100,13.0827,80.275,0.0
2024-07-13 20:00:00+05:30,0.0,0.0,0.0,28.4,11.2,195.0,79.0,100.0,1002.8,100,13.0827,80.275,0.0
2024-07-13 21:00:00+05:30,0.0,0.0,0.0,28.2,13.6,233.0,80.0,100.0,1003.8,100,13.0827,80.275,0.0
2024-07-13 22:00:00+05:30,0.0,0.0,0.0,27.1,12.8,232.0,86.0,100.0,1004.1,100,13.0827,80.275,0.0
2024-07-13 23:00:00+05:30,0.0,0.0,0.0,26.7,12.2,223.0,88.0,100.0,1003.7,100,13.0827,80.275,0.0
2024-07-14 00:00:00+05:30,0.0,0.0,0.0,26.3,12.0,229.0,90.0,100.0,1002.9,100,13.0827,80.275,0.0
2024-07-14 01:00:00+05:30,0.0,0.0,0.0,26.1,13.0,226.0,89.0,100.0,1002.2,100,13.0827,80.275,0.0
2024-07-14 02:00:00+05:30,0.0,0.0,0.0,26.1,13.9,233.0,87.0,100.0,1001.7,100,13.0827,80.275,0.0
2024-07-14 03:00:00+05:30,0.0,0.0,0.0,25.9,14.0,241.0,87.0,100.0,1001.4,100,13.0827,80.275,0.0
2024-07-14 04:00:00+05:30,0.0,0.0,0.0,25.7,13.1,238.0,87.0,100.0,1001.6,100,13.0827,80.275,0.0
2024-07-14 05:00:00+05:30,0.0,0.0,0.0,25.6,13.4,239.0,87.0,100.0,1001.6,100,13.0827,80.275,0.0
2024-07-14 06:00:00+05:30,4.0,0.0,4.0,25.4,9.5,233.0,89.0,100.0,1002.9,100,13.0827,80.275,0.0
2024-07-14 07:00:00+05:30,40.0,0.0,40.0,25.6,11.4,242.0,90.0,100.0,1003.1,100,13.0827,80.275,2.9818133066316403
2024-07-14 08:00:00+05:30,104.0,2.1,103.0,26.0,12.1,243.0,89.0,100.0,1003.2,100,13.0827,80.275,8.612894674243272
2024-07-14 09:00:00+05:30,237.0,19.1,224.0,27.1,12.4,234.0,85.0,100.0,1003.1,100,13.0827,80.275,20.175315723429218
2024-07-14 10:00:00+05:30,283.0,20.4,266.0,27.8,13.2,248.0,81.0,100.0,1003.0,100,13.0827,80.275,23.883452801492872
2024-07-14 11:00:00+05:30,242.0,7.5,235.0,28.1,13.8,255.0,78.0,100.0,1002.7,100,13.0827,80.275,20.367657304682922
2024-07-14 12:00:00+05:30,230.0,4.1,226.0,28.0,12.1,260.0,79.0,100.0,1002.3,100,13.0827,80.275,19.697495249989696
2024-07-14 13:00:00+05:30,215.0,2.1,213.0,28.1,11.0,247.0,81.0,100.0,1001.7,100,13.0827,80.275,18.271900078937236
2024-07-14 14:00:00+05:30,135.0,1.1,134.0,27.4,12.0,237.0,87.0,100.0,1001.0,100,13.0827,80.275,11.34182568001105
2024-07-14 15:00:00+05:30,296.0,36.7,268.0,28.5,11.8,230.0,81.0,100.0,1000.6,100,13.0827,80.275,25.416128574466974
2024-07-14 16:00:00+05:30,178.0,15.4,169.0,28.5,10.7,225.0,80.0,100.0,999.9,100,13.0827,80.275,14.909336042722586
2024-07-14 17:00:00+05:30,120.0,8.0,117.0,28.5,10.5,229.0,80.0,100.0,999.9,100,13.0827,80.275,9.783250769075874
2024-07-14 18:00:00+05:30,15.0,0.0,15.0,28.1,8.4,200.0,80.0,100.0,1000.7,100,13.0827,80.275,0.7693461016430655
2024-07-14 19:00:00+05:30,0.0,0.0,0.0,27.9,11.1,205.0,79.0,100.0,1001.5,100,13.0827,80.275,0.0
2024-07-14 20:00:00+05:30,0.0,0.0,0.0,27.5,14.6,213.0,81.0,100.0,1001.9,100,13.0827,80.275,0.0
2024-07-14 21:00:00+05:30,0.0,0.0,0.0,27.2,14.2,201.0,85.0,100.0,1002.3,100,13.0827,80.275,0.0
2024-07-14 22:00:00+05:30,0.0,0.0,0.0,27.1,13.9,211.0,84.0,100.0,1002.7,100,13.0827,80.275,0.0
2024-07-14 23:00:00+05:30,0.0,0.0,0.0,26.6,12.4,206.0,87.0,100.0,1002.7,100,13.0827,80.275,0.0
2024-07-15 00:00:00+05:30,0.0,0.0,0.0,26.5,13.4,207.0,88.0,100.0,1001.8,100,13.0827,80.275,0.0
2024-07-15 01:00:00+05:30,0.0,0.0,0.0,26.4,17.1,219.0,87.0,100.0,1000.9,100,13.0827,80.275,0.0
2024-07-15 02:00:00+05:30,0.0,0.0,0.0,26.0,17.3,223.0,88.0,100.0,1000.9,100,13.0827,80.275,0.0
2024-07-15 03:00:00+05:30,0.0,0.0,0.0,25.5,18.1,223.0,91.0,100.0,1000.4,100,13.0827,80.275,0.0
2024-07-15 04:00:00+05:30,0.0,0.0,0.0,25.5,18.6,227.0,90.0,100.0,1000.7,100,13.0827,80.275,0.0
2024-07-15 05:00:00+05:30,0.0,0.0,0.0,25.6,18.1,227.0,89.0,100.0,1000.8,100,13.0827,80.275,0.0
2024-07-15 06:00:00+05:30,4.0,0.0,4.0,25.2,15.2,216.0,92.0,100.0,1001.9,100,13.0827,80.275,0.0
2024-07-15 07:00:00+05:30,46.0,0.0,46.0,25.4,14.7,202.0,92.0,100.0,1002.4,100,13.0827,80.275,3.5768819426298015
2024-07-15 08:00:00+05:30,55.0,0.0,55.0,25.5,15.9,213.0,91.0,100.0,1002.4,100,13.0827,80.275,4.277864868307195
2024-07-15 09:00:00+05:30,222.0,26.5,204.0,26.2,15.4,213.0,91.0,100.0,1002.6,100,13.0827,80.275,18.559392465776952
2024-07-15 10:00:00+05:30,215.0,15.6,202.0,26.7,16.4,218.0,89.0,100.0,1002.2,100,13.0827,80.275,18.157363047560548
2024-07-15 11:00:00+05:30,461.0,92.7,374.0,28.2,19.1,223.0,78.0,100.0,1001.8,100,13.0827,80.275,38.17045252604586
2024-07-15 12:00:00+05:30,638.0,227.4,414.0,29.9,19.5,210.0,70.0,100.0,1001.1,100,13.0827,80.275,51.56599406080966
2024-07-15 13:00:00+05:30,385.0,56.7,330.0,30.2,19.3,213.0,68.0,100.0,1000.3,100,13.0827,80.275,31.912195859045315
2024-07-15 14:00:00+05:30,170.0,0.0,170.0,29.5,15.3,207.0,73.0,100.0,999.6,100,13.0827,80.275,14.21027357839828
2024-07-15 15:00:00+05:30,208.0,24.9,189.0,29.4,13.4,216.0,73.0,100.0,999.6,100,13.0827,80.275,16.622205313452458
2024-07-15 16:00:00+05:30,137.0,44.4,111.0,28.6,14.4,212.0,81.0,100.0,999.5,100,13.0827,80.275,10.826806750568313
2024-07-15 17:00:00+05:30,57.0,0.0,57.0,27.9,18.3,216.0,85.0,100.0,999.7,100,13.0827,80.275,4.480310904509314
2024-07-15 18:00:00+05:30,49.0,45.5,42.0,26.8,17.6,221.0,88.0,100.0,1000.2,100,13.0827,80.275,3.158853187847377
2024-07-15 19:00:00+05:30,0.0,0.0,0.0,26.6,17.3,216.0,89.0,100.0,1000.7,100,13.0827,80.275,0.0
2024-07-15 20:00:00+05:30,0.0,0.0,0.0,26.6,17.0,216.0,89.0,100.0,1001.2,100,13.0827,80.275,0.0
2024-07-15 21:00:00+05:30,0.0,0.0,0.0,26.5,17.6,223.0,88.0,100.0,1001.8,100,13.0827,80.275,0.0
2024-07-15 22:00:00+05:30,0.0,0.0,0.0,26.2,17.3,223.0,88.0,100.0,1002.1,100,13.0827,80.275,0.0
2024-07-15 23:00:00+05:30,0.0,0.0,0.0,26.3,18.1,224.0,86.0,100.0,1002.0,100,13.0827,80.275,0.0
2024-07-16 00:00:00+05:30,0.0,0.0,0.0,26.2,19.4,230.0,85.0,100.0,1001.1,100,13.0827,80.275,0.0
2024-07-16 01:00:00+05:30,0.0,0.0,0.0,26.0,18.4,231.0,86.0,100.0,1000.5,100,13.0827,80.275,0.0
2024-07-16 02:00:00+05:30,0.0,0.0,0.0,25.8,14.9,233.0,87.0,100.0,1000.5,100,13.0827,80.275,0.0
2024-07-16 03:00:00+05:30,0.0,0.0,0.0,25.6,14.3,225.0,88.0,100.0,1000.3,100,13.0827,80.275,0.0
2024-07-16 04:00:00+05:30,0.0,0.0,0.0,25.5,14.9,217.0,88.0,100.0,1000.4,100,13.0827,80.275,0.0
2024-07-16 05:00:00+05:30,0.0,0.0,0.0,25.6,15.9,219.0,86.0,100.0,1000.8,100,13.0827,80.275,0.0
2024-07-16 06:00:00+05:30,4.0,0.0,4.0,25.6,18.9,228.0,85.0,100.0,1001.6,100,13.0827,80.275,0.0
2024-07-16 07:00:00+05:30,44.0,7.7,42.0,25.7,16.8,228.0,85.0,100.0,1002.6,100,13.0827,80.275,3.2479270392921022
2024-07-16 08:00:00+05:30,85.0,2.1,84.0,26.0,17.3,228.0,85.0,100.0,1002.6,100,13.0827,80.275,7.049428862240212
2024-07-16 09:00:00+05:30,217.0,19.2,204.0,27.0,16.5,226.0,82.0,93.0,1002.4,100,13.0827,80.275,17.636442217910815
2024-07-16 10:00:00+05:30,730.0,623.1,210.0,30.2,17.6,226.0,69.0,62.0,1002.3,100,13.0827,80.275,52.93945536377565
2024-07-16 11:00:00+05:30,761.0,495.1,296.0,31.3,18.7,230.0,64.0,100.0,1002.1,100,13.0827,80.275,57.24393095946757
2024-07-16 12:00:00+05:30,324.0,19.3,305.0,30.2,19.6,229.0,66.0,100.0,1001.7,100,13.0827,80.275,26.576788661839764
2024-07-16 13:00:00+05:30,284.0,20.6,264.0,29.8,19.6,224.0,69.0,100.0,1000.9,100,13.0827,80.275,23.57054702449943
2024-07-16 14:00:00+05:30,382.0,91.7,300.0,29.7,21.8,219.0,71.0,100.0,1000.4,100,13.0827,80.275,31.416852993672133
2024-07-16 15:00:00+05:30,230.0,10.5,222.0,29.1,19.9,225.0,73.0,100.0,999.9,100,13.0827,80.275,19.722105763780412
2024-07-16 16:00:00+05:30,284.0,136.7,204.0,29.3,19.4,222.0,75.0,100.0,999.8,100,13.0827,80.275,21.46359131180355
2024-07-16 17:00:00+05:30,104.0,10.7,100.0,28.7,20.2,221.0,78.0,100.0,1000.1,100,13.0827,80.275,8.3808926925016
2024-07-16 18:00:00+05:30,21.0,0.0,21.0,26.8,15.0,207.0,88.0,100.0,1000.6,100,13.0827,80.275,1.3132076573191471
2024-07-16 19:00:00+05:30,0.0,0.0,0.0,26.7,15.5,216.0,89.0,100.0,1001.1,100,13.0827,80.275,0.0
2024-07-16 20:00:00+05:30,0.0,0.0,0.0,26.7,16.1,220.0,87.0,100.0,1002.0,100,13.0827,80.275,0.0
2024-07-16 21:00:00+05:30,0.0,0.0,0.0,26.3,16.6,221.0,86.0,100.0,1002.6,100,13.0827,80.275,0.0
2024-07-16 22:00:00+05:30,0.0,0.0,0.0,26.2,16.3,225.0,86.0,100.0,1002.7,100,13.0827,80.275,0.0
2024-07-16 23:00:00+05:30,0.0,0.0,0.0,26.1,13.6,230.0,86.0,100.0,1002.6,100,13.0827,80.275,0.0
2024-07-17 00:00:00+05:30,0.0,0.0,0.0,25.9,11.3,233.0,86.0,100.0,1002.2,100,13.0827,80.275,0.0
2024-07-17 01:00:00+05:30,0.0,0.0,0.0,25.8,13.8,229.0,85.0,100.0,1001.7,100,13.0827,80.275,0.0
2024-07-17 02:00:00+05:30,0.0,0.0,0.0,26.1,16.1,236.0,82.0,100.0,1001.4,100,13.0827,80.275,0.0
2024-07-17 03:00:00+05:30,0.0,0.0,0.0,26.0,14.3,236.0,82.0,100.0,1001.3,100,13.0827,80.275,0.0
2024-07-17 04:00:00+05:30,0.0,0.0,0.0,25.9,14.1,232.0,82.0,100.0,1001.5,100,13.0827,80.275,0.0
2024-07-17 05:00:00+05:30,0.0,0.0,0.0,25.9,13.9,233.0,82.0,100.0,1002.1,100,13.0827,80.275,0.0
2024-07-17 06:00:00+05:30,5.0,0.0,5.0,26.9,17.4,240.0,76.0,100.0,1002.4,100,13.0827,80.275,0.0
2024-07-17 07:00:00+05:30,52.0,0.0,52.0,27.3,16.6,246.0,75.0,100.0,1003.4,100,13.0827,80.275,4.035671822585741
2024-07-17 08:00:00+05:30,87.0,6.2,84.0,27.5,15.4,237.0,75.0,100.0,1004.1,100,13.0827,80.275,7.098055195271316
2024-07-17 09:00:00+05:30,149.0,5.9,145.0,27.7,12.8,230.0,77.0,100.0,1004.2,100,13.0827,80.275,12.383637981869104
2024-07-17 10:00:00+05:30,344.0,43.1,308.0,29.1,16.4,237.0,72.0,100.0,1004.1,100,13.0827,80.275,28.80386918561398
2024-07-17 11:00:00+05:30,384.0,51.1,336.0,29.9,18.4,235.0,68.0,100.0,1003.3,100,13.0827,80.275,31.808194949661882
2024-07-17 12:00:00+05:30,374.0,29.4,345.0,30.4,18.7,230.0,66.0,100.0,1002.6,100,13.0827,80.275,31.361749564716213
2024-07-17 13:00:00+05:30,382.0,72.1,312.0,31.0,18.6,238.0,63.0,100.0,1001.7,100,13.0827,80.275,30.57208043104406
2024-07-17 14:00:00+05:30,340.0,43.6,301.0,31.4,20.9,259.0,61.0,100.0,1001.2,100,13.0827,80.275,27.845501631493665
2024-07-17 15:00:00+05:30,241.0,15.7,229.0,31.3,15.6,241.0,63.0,100.0,1000.5,100,13.0827,80.275,20.071773606489906
2024-07-17 16:00:00+05:30,153.0,34.2,133.0,30.7,12.6,211.0,67.0,100.0,1000.4,100,13.0827,80.275,12.249180178692827
2024-07-17 17:00:00+05:30,76.0,26.8,66.0,30.2,15.1,213.0,69.0,100.0,1000.9,100,13.0827,80.275,5.608013586521803
2024-07-17 18:00:00+05:30,44.0,0.0,44.0,29.7,16.5,203.0,69.0,100.0,1001.3,100,13.0827,80.275,3.3058315379366845
2024-07-17 19:00:00+05:30,0.0,0.0,0.0,29.4,17.2,206.0,69.0,100.0,1002.2,100,13.0827,80.275,0.0
2024-07-17 20:00:00+05:30,0.0,0.0,0.0,29.3,17.9,220.0,69.0,100.0,1002.9,100,13.0827,80.275,0.0
2024-07-17 21:00:00+05:30,0.0,0.0,0.0,29.1,15.6,220.0,69.0,100.0,1003.3,100,13.0827,80.275,0.0
2024-07-17 22:00:00+05:30,0.0,0.0,0.0,29.3,19.4,235.0,67.0,100.0,1003.6,100,13.0827,80.275,0.0
2024-07-17 23:00:00+05:30,0.0,0.0,0.0,29.0,17.8,234.0,68.0,100.0,1003.3,100,13.0827,80.275,0.0
2024-07-18 00:00:00+05:30,0.0,0.0,0.0,28.6,18.1,229.0,69.0,100.0,1002.6,100,13.0827,80.275,0.0
2024-07-18 01:00:00+05:30,0.0,0.0,0.0,28.4,19.0,237.0,68.0,100.0,1001.9,100,13.0827,80.275,0.0
2024-07-18 02:00:00+05:30,0.0,0.0,0.0,28.2,21.3,244.0,68.0,100.0,1001.6,100,13.0827,80.275,0.0
2024-07-18 03:00:00+05:30,0.0,0.0,0.0,28.1,22.1,248.0,69.0,100.0,1001.4,100,13.0827,80.275,0.0
2024-07-18 04:00:00+05:30,0.0,0.0,0.0,28.2,22.4,246.0,67.0,100.0,1001.2,100,13.0827,80.275,0.0
2024-07-18 05:00:00+05:30,0.0,0.0,0.0,28.2,19.8,245.0,66.0,100.0,1001.7,100,13.0827,80.275,0.0
2024-07-18 06:00:00+05:30,5.0,0.0,5.0,27.2,21.9,237.0,74.0,100.0,1002.6,100,13.0827,80.275,0.0
2024-07-18 07:00:00+05:30,71.0,7.8,69.0,27.4,16.5,234.0,76.0,100.0,1003.2,100,13.0827,80.275,5.487428327770278
2024-07-18 08:00:00+05:30,243.0,85.2,202.0,28.6,13.8,229.0,75.0,100.0,1003.5,100,13.0827,80.275,19.204312929444917
2024-07-18 09:00:00+05:30,315.0,70.8,267.0,29.7,15.0,235.0,70.0,100.0,1003.6,100,13.0827,80.275,25.845761692125542
2024-07-18 10:00:00+05:30,433.0,76.7,369.0,31.1,16.3,242.0,65.0,100.0,1003.5,100,13.0827,80.275,34.64440942585618
2024-07-18 11:00:00+05:30,355.0,30.9,326.0,31.8,20.5,260.0,59.0,100.0,1003.1,100,13.0827,80.275,29.784920311987957
2024-07-18 12:00:00+05:30,408.0,46.6,362.0,31.9,23.4,259.0,57.0,100.0,1002.4,100,13.0827,80.275,33.770872270635586
2024-07-18 13:00:00+05:30,289.0,6.2,283.0,31.2,20.4,249.0,62.0,100.0,1001.8,100,13.0827,80.275,24.50463370256577
2024-07-18 14:00:00+05:30,199.0,3.4,196.0,30.4,21.0,239.0,65.0,100.0,1000.8,100,13.0827,80.275,17.03135925825366
2024-07-18 15:00:00+05:30,179.0,0.0,179.0,29.9,18.1,229.0,69.0,100.0,999.9,100,13.0827,80.275,14.47425720605509
2024-07-18 16:00:00+05:30,191.0,1.7,190.0,30.0,14.8,221.0,72.0,100.0,999.7,100,13.0827,80.275,15.782005531158998
2024-07-18 17:00:00+05:30,103.0,0.0,103.0,30.1,15.6,230.0,72.0,100.0,1000.2,100,13.0827,80.275,8.744999132834625
2024-07-18 18:00:00+05:30,19.0,0.0,19.0,28.5,18.6,238.0,76.0,100.0,1001.7,100,13.0827,80.275,1.1332631083932554
2024-07-18 19:00:00+05:30,0.0,0.0,0.0,27.1,19.5,236.0,84.0,100.0,1002.0,100,13.0827,80.275,0.0
2024-07-18 20:00:00+05:30,0.0,0.0,0.0,27.2,20.5,242.0,80.0,100.0,1002.4,100,13.0827,80.275,0.0
2024-07-18 21:00:00+05:30,0.0,0.0,0.0,27.3,21.0,248.0,76.0,100.0,1002.8,100,13.0827,80.275,0.0
2024-07-18 22:00:00+05:30,0.0,0.0,0.0,27.6,19.0,251.0,73.0,100.0,1003.0,100,13.0827,80.275,0.0
2024-07-18 23:00:00+05:30,0.0,0.0,0.0,27.7,18.1,249.0,71.0,100.0,1002.4,100,13.0827,80.275,0.0
2024-07-19 00:00:00+05:30,0.0,0.0,0.0,27.7,16.6,243.0,70.0,100.0,1001.9,100,13.0827,80.275,0.0
2024-07-19 01:00:00+05:30,0.0,0.0,0.0,27.5,16.9,236.0,70.0,100.0,1001.4,100,13.0827,80.275,0.0
2024-07-19 02:00:00+05:30,0.0,0.0,0.0,27.2,16.6,236.0,71.0,100.0,1001.0,100,13.0827,80.275,0.0
2024-07-19 03:00:00+05:30,0.0,0.0,0.0,27.0,15.6,236.0,73.0,100.0,1000.6,100,13.0827,80.275,0.0
2024-07-19 04:00:00+05:30,0.0,0.0,0.0,27.0,17.3,239.0,73.0,100.0,1000.9,100,13.0827,80.275,0.0
2024-07-19 05:00:00+05:30,0.0,0.0,0.0,26.9,16.0,239.0,74.0,100.0,1001.4,100,13.0827,80.275,0.0
2024-07-19 06:00:00+05:30,4.0,0.0,4.0,26.2,13.3,237.0,79.0,100.0,1002.0,100,13.0827,80.275,0.0
2024-07-19 07:00:00+05:30,65.0,0.0,65.0,26.9,15.8,240.0,75.0,100.0,1002.7,100,13.0827,80.275,5.282569103205273
2024-07-19 08:00:00+05:30,83.0,0.0,83.0,27.2,17.4,240.0,75.0,100.0,1002.9,100,13.0827,80.275,6.759239514900214
2024-07-19 09:00:00+05:30,129.0,0.0,129.0,27.4,16.8,239.0,76.0,100.0,1002.6,100,13.0827,80.275,11.086828297933291
2024-07-19 10:00:00+05:30,238.0,7.2,232.0,28.2,19.7,242.0,73.0,100.0,1002.1,100,13.0827,80.275,20.46400532796135
2024-07-19 11:00:00+05:30,269.0,4.3,265.0,28.7,20.0,240.0,72.0,100.0,1001.7,100,13.0827,80.275,22.79750750487263
2024-07-19 12:00:00+05:30,521.0,137.9,385.0,30.1,22.6,248.0,66.0,100.0,1001.2,100,13.0827,80.275,42.356617098388064
2024-07-19 13:00:00+05:30,320.0,30.9,290.0,29.4,19.4,239.0,70.0,100.0,1000.3,100,13.0827,80.275,27.38376280401974
2024-07-19 14:00:00+05:30,278.0,27.9,253.0,29.6,20.6,245.0,69.0,100.0,999.7,100,13.0827,80.275,23.13444085393492
2024-07-19 15:00:00+05:30,191.0,6.5,186.0,29.0,19.0,241.0,72.0,100.0,999.4,100,13.0827,80.275,15.793113409078641
2024-07-19 16:00:00+05:30,103.0,0.0,103.0,28.7,17.2,241.0,76.0,100.0,999.0,100,13.0827,80.275,8.4665818012228
2024-07-19 17:00:00+05:30,61.0,0.0,61.0,29.2,18.6,248.0,70.0,100.0,999.4,100,13.0827,80.275,4.7681674924002975
2024-07-19 18:00:00+05:30,14.0,0.0,14.0,27.3,22.1,248.0,79.0,100.0,1000.4,100,13.0827,80.275,0.6718493765568981
2024-07-19 19:00:00+05:30,0.0,0.0,0.0,27.3,20.4,249.0,77.0,100.0,1001.4,100,13.0827,80.275,0.0
2024-07-19 20:00:00+05:30,0.0,0.0,0.0,27.3,19.1,250.0,75.0,100.0,1001.9,100,13.0827,80.275,0.0
2024-07-19 21:00:00+05:30,0.0,0.0,0.0,26.9,17.3,247.0,77.0,100.0,1002.2,100,13.0827,80.275,0.0
2024-07-19 22:00:00+05:30,0.0,0.0,0.0,26.6,17.4,243.0,79.0,100.0,1002.3,100,13.0827,80.275,0.0
2024-07-19 23:00:00+05:30,0.0,0.0,0.0,26.3,16.3,239.0,81.0,100.0,1002.0,100,13.0827,80.275,0.0
2024-07-20 00:00:00+05:30,0.0,0.0,0.0,26.2,15.3,231.0,81.0,100.0,1001.6,100,13.0827,80.275,0.0
2024-07-20 01:00:00+05:30,0.0,0.0,0.0,26.0,14.0,226.0,83.0,100.0,1001.2,100,13.0827,80.275,0.0
2024-07-20 02:00:00+05:30,0.0,0.0,0.0,25.9,14.3,231.0,83.0,100.0,1001.0,100,13.0827,80.275,0.0
2024-07-20 03:00:00+05:30,0.0,0.0,0.0,25.9,15.0,235.0,81.0,100.0,1000.7,100,13.0827,80.275,0.0
2024-07-20 04:00:00+05:30,0.0,0.0,0.0,26.0,15.3,236.0,80.0,100.0,1000.8,100,13.0827,80.275,0.0
2024-07-20 05:00:00+05:30,0.0,0.0,0.0,26.0,15.1,237.0,79.0,100.0,1001.3,100,13.0827,80.275,0.0
2024-07-20 06:00:00+05:30,6.0,0.0,6.0,25.9,13.0,226.0,81.0,100.0,1002.6,100,13.0827,80.275,0.0
2024-07-20 07:00:00+05:30,57.0,0.0,57.0,26.3,11.0,218.0,82.0,100.0,1003.2,100,13.0827,80.275,4.547401919356621
2024-07-20 08:00:00+05:30,139.0,4.2,137.0,27.0,12.4,216.0,79.0,100.0,1003.4,100,13.0827,80.275,11.85960745455385
2024-07-20 09:00:00+05:30,221.0,7.4,216.0,27.9,13.2,227.0,74.0,100.0,1004.0,100,13.0827,80.275,18.762669979501684
2024-07-20 10:00:00+05:30,216.0,13.2,205.0,28.3,15.3,221.0,72.0,100.0,1003.8,100,13.0827,80.275,17.698768768520278
2024-07-20 11:00:00+05:30,329.0,33.0,298.0,29.0,19.1,223.0,68.0,100.0,1003.4,100,13.0827,80.275,27.64794789652631
2024-07-20 12:00:00+05:30,429.0,43.6,386.0,30.2,19.7,230.0,65.0,100.0,1002.5,100,13.0827,80.275,35.27563448563179
2024-07-20 13:00:00+05:30,865.0,623.6,259.0,32.2,23.5,245.0,57.0,100.0,1001.2,100,13.0827,80.275,63.24968525779331
2024-07-20 14:00:00+05:30,643.0,309.2,366.0,32.4,25.5,257.0,57.0,100.0,1000.5,100,13.0827,80.275,48.654668388054866
2024-07-20 15:00:00+05:30,480.0,187.1,337.0,33.0,24.6,258.0,53.0,100.0,999.8,100,13.0827,80.275,37.125947761765715
2024-07-20 16:00:00+05:30,287.0,73.4,244.0,32.7,17.0,253.0,55.0,100.0,999.8,100,13.0827,80.275,23.66463482424054
2024-07-20 17:00:00+05:30,138.0,26.8,128.0,31.7,10.4,270.0,60.0,100.0,1000.4,100,13.0827,80.275,10.75407905506325
2024-07-20 18:00:00+05:30,57.0,52.1,49.0,31.0,11.7,259.0,59.0,100.0,1001.2,100,13.0827,80.275,3.5547103007587966
2024-07-20 19:00:00+05:30,0.0,0.0,0.0,30.1,10.4,272.0,62.0,100.0,1002.0,100,13.0827,80.275,0.0
2024-07-20 20:00:00+05:30,0.0,0.0,0.0,29.3,9.0,265.0,65.0,100.0,1002.9,100,13.0827,80.275,0.0
2024-07-20 21:00:00+05:30,0.0,0.0,0.0,28.6,7.3,250.0,68.0,100.0,1003.4,100,13.0827,80.275,0.0
2024-07-20 22:00:00+05:30,0.0,0.0,0.0,27.7,6.0,237.0,73.0,87.0,1003.6,100,13.0827,80.275,0.0
2024-07-20 23:00:00+05:30,0.0,0.0,0.0,27.1,7.5,235.0,76.0,100.0,1003.4,100,13.0827,80.275,0.0
2024-07-21 00:00:00+05:30,0.0,0.0,0.0,27.1,9.0,241.0,76.0,100.0,1002.9,100,13.0827,80.275,0.0
2024-07-21 01:00:00+05:30,0.0,0.0,0.0,27.2,9.9,237.0,73.0,100.0,1002.8,100,13.0827,80.275,0.0
2024-07-21 02:00:00+05:30,0.0,0.0,0.0,27.1,10.6,235.0,72.0,100.0,1002.5,100,13.0827,80.275,0.0
2024-07-21 03:00:00+05:30,0.0,0.0,0.0,27.0,13.0,231.0,71.0,100.0,1002.0,100,13.0827,80.275,0.0
2024-07-21 04:00:00+05:30,0.0,0.0,0.0,27.0,12.9,234.0,70.0,100.0,1002.1,100,13.0827,80.275,0.0
2024-07-21 05:00:00+05:30,0.0,0.0,0.0,27.0,12.7,227.0,70.0,100.0,1002.5,100,13.0827,80.275,0.0
2024-07-21 06:00:00+05:30,9.0,0.0,9.0,27.8,13.3,232.0,68.0,100.0,1002.8,100,13.0827,80.275,0.2364494789894208
2024-07-21 07:00:00+05:30,92.0,15.7,88.0,28.4,11.5,224.0,68.0,100.0,1003.8,100,13.0827,80.275,7.404721545131801
2024-07-21 08:00:00+05:30,170.0,22.9,159.0,29.0,10.8,217.0,66.0,100.0,1004.0,100,13.0827,80.275,13.916889530488593
2024-07-21 09:00:00+05:30,372.0,202.1,235.0,30.5,13.5,226.0,61.0,100.0,1004.2,100,13.0827,80.275,27.717310218181172
2024-07-21 10:00:00+05:30,470.0,143.7,350.0,31.3,15.3,223.0,58.0,100.0,1003.9,100,13.0827,80.275,36.96181832219894
2024-07-21 11:00:00+05:30,617.0,259.4,373.0,32.7,21.7,249.0,53.0,100.0,1003.5,100,13.0827,80.275,48.070688363063454
2024-07-21 12:00:00+05:30,540.0,168.1,374.0,33.7,21.9,250.0,50.0,100.0,1002.5,100,13.0827,80.275,43.20197603706057
2024-07-21 13:00:00+05:30,556.0,277.7,286.0,34.3,21.1,247.0,48.0,100.0,1001.7,100,13.0827,80.275,43.829092328118584
2024-07-21 14:00:00+05:30,693.0,477.5,265.0,35.6,21.5,249.0,44.0,100.0,1000.7,100,13.0827,80.275,51.84837167091746
2024-07-21 15:00:00+05:30,574.0,485.2,203.0,35.6,17.1,245.0,44.0,97.0,1000.2,100,13.0827,80.275,41.36188685657437
2024-07-21 16:00:00+05:30,415.0,419.7,169.0,34.1,11.8,247.0,48.0,98.0,1000.2,100,13.0827,80.275,27.681429171449413
2024-07-21 17:00:00+05:30,172.0,179.6,105.0,31.5,3.6,360.0,65.0,96.0,1000.9,100,13.0827,80.275,10.663943385255392
2024-07-21 18:00:00+05:30,50.0,26.1,46.0,31.3,9.0,241.0,58.0,100.0,1002.0,100,13.0827,80.275,3.46345233910035
2024-07-21 19:00:00+05:30,0.0,0.0,0.0,30.1,5.4,233.0,62.0,100.0,1002.8,100,13.0827,80.275,0.0
2024-07-21 20:00:00+05:30,0.0,0.0,0.0,29.4,6.1,225.0,67.0,100.0,1003.9,100,13.0827,80.275,0.0
2024-07-21 21:00:00+05:30,0.0,0.0,0.0,29.4,8.2,218.0,66.0,100.0,1004.5,100,13.0827,80.275,0.0
2024-07-21 22:00:00+05:30,0.0,0.0,0.0,29.2,8.4,227.0,66.0,100.0,1004.8,100,13.0827,80.275,0.0
2024-07-21 23:00:00+05:30,0.0,0.0,0.0,29.6,14.2,246.0,61.0,100.0,1004.6,100,13.0827,80.275,0.0
2024-07-22 00:00:00+05:30,0.0,0.0,0.0,29.7,16.0,239.0,59.0,100.0,1004.1,100,13.0827,80.275,0.0
2024-07-22 01:00:00+05:30,0.0,0.0,0.0,29.1,15.7,238.0,61.0,100.0,1003.7,100,13.0827,80.275,0.0
2024-07-22 02:00:00+05:30,0.0,0.0,0.0,28.5,15.3,236.0,63.0,100.0,1003.1,100,13.0827,80.275,0.0
2024-07-22 03:00:00+05:30,0.0,0.0,0.0,27.9,14.3,227.0,66.0,100.0,1003.1,100,13.0827,80.275,0.0
2024-07-22 04:00:00+05:30,0.0,0.0,0.0,27.6,14.3,231.0,67.0,100.0,1003.4,100,13.0827,80.275,0.0
2024-07-22 05:00:00+05:30,0.0,0.0,0.0,27.4,14.0,228.0,67.0,100.0,1003.6,100,13.0827,80.275,0.0
2024-07-22 06:00:00+05:30,13.0,10.9,12.0,27.6,13.0,226.0,67.0,100.0,1004.9,100,13.0827,80.275,0.4967734688332715
2024-07-22 07:00:00+05:30,116.0,106.2,89.0,28.3,11.8,220.0,68.0,99.0,1005.5,100,13.0827,80.275,7.42604605842343
2024-07-22 08:00:00+05:30,341.0,402.3,148.0,29.9,15.5,226.0,62.0,100.0,1006.0,100,13.0827,80.275,21.19940741498484
2024-07-22 09:00:00+05:30,225.0,26.6,207.0,30.0,16.6,236.0,61.0,100.0,1006.3,100,13.0827,80.275,18.442139751484106
2024-07-22 10:00:00+05:30,472.0,136.5,358.0,32.0,17.1,248.0,53.0,100.0,1006.1,100,13.0827,80.275,38.42253620082885
2024-07-22 11:00:00+05:30,633.0,289.1,361.0,33.5,18.7,251.0,49.0,100.0,1005.4,100,13.0827,80.275,49.3255117456134
2024-07-22 12:00:00+05:30,673.0,236.9,439.0,34.4,24.9,265.0,46.0,100.0,1004.7,100,13.0827,80.275,54.5756647968926
2024-07-22 13:00:00+05:30,518.0,120.3,401.0,34.8,19.2,262.0,44.0,100.0,1003.5,100,13.0827,80.275,41.975294370056496
2024-07-22 14:00:00+05:30,378.0,59.1,325.0,35.2,15.6,278.0,43.0,100.0,1002.5,100,13.0827,80.275,30.13241815963803
2024-07-22 15:00:00+05:30,261.0,23.5,243.0,34.5,8.9,310.0,49.0,100.0,1001.9,100,13.0827,80.275,21.498668641735534
2024-07-22 16:00:00+05:30,197.0,3.4,195.0,34.2,7.4,247.0,54.0,100.0,1001.7,100,13.0827,80.275,15.985636839479238
2024-07-22 17:00:00+05:30,134.0,34.9,121.0,33.5,11.2,225.0,52.0,100.0,1002.2,100,13.0827,80.275,10.442893974428767
2024-07-22 18:00:00+05:30,44.0,0.0,44.0,31.6,12.0,224.0,53.0,100.0,1003.7,100,13.0827,80.275,3.2559728374936694
2024-07-22 19:00:00+05:30,0.0,0.0,0.0,31.0,13.0,231.0,55.0,100.0,1004.6,100,13.0827,80.275,0.0
2024-07-22 20:00:00+05:30,0.0,0.0,0.0,30.8,13.3,237.0,55.0,100.0,1005.5,100,13.0827,80.275,0.0
2024-07-22 21:00:00+05:30,0.0,0.0,0.0,30.4,13.8,237.0,57.0,95.0,1005.8,100,13.0827,80.275,0.0
2024-07-22 22:00:00+05:30,0.0,0.0,0.0,30.0,15.3,236.0,58.0,99.0,1006.3,100,13.0827,80.275,0.0
2024-07-22 23:00:00+05:30,0.0,0.0,0.0,29.8,15.0,240.0,59.0,100.0,1006.1,100,13.0827,80.275,0.0
2024-07-23 00:00:00+05:30,0.0,0.0,0.0,29.5,15.1,242.0,60.0,100.0,1005.6,100,13.0827,80.275,0.0
2024-07-23 01:00:00+05:30,0.0,0.0,0.0,28.6,13.6,230.0,64.0,100.0,1005.0,100,13.0827,80.275,0.0
2024-07-23 02:00:00+05:30,0.0,0.0,0.0,28.2,15.3,229.0,64.0,100.0,1004.7,100,13.0827,80.275,0.0
2024-07-23 03:00:00+05:30,0.0,0.0,0.0,28.0,15.9,231.0,64.0,100.0,1004.5,100,13.0827,80.275,0.0
2024-07-23 04:00:00+05:30,0.0,0.0,0.0,27.5,14.0,228.0,65.0,100.0,1005.0,100,13.0827,80.275,0.0
2024-07-23 05:00:00+05:30,0.0,0.0,0.0,27.0,12.3,220.0,67.0,100.0,1005.5,100,13.0827,80.275,0.0
2024-07-23 06:00:00+05:30,15.0,10.9,14.0,27.3,14.6,220.0,67.0,100.0,1006.5,100,13.0827,80.275,0.6719688772309172
2024-07-23 07:00:00+05:30,136.0,181.4,90.0,28.3,13.2,215.0,66.0,100.0,1006.6,100,13.0827,80.275,7.7150708580146325
2024-07-23 08:00:00+05:30,333.0,369.2,156.0,30.1,14.9,217.0,61.0,100.0,1006.8,100,13.0827,80.275,21.5411171013991
2024-07-23 09:00:00+05:30,516.0,442.6,216.0,31.6,17.6,227.0,55.0,100.0,1006.9,100,13.0827,80.275,36.34648853192736
2024-07-23 10:00:00+05:30,717.0,601.0,215.0,32.9,19.2,240.0,51.0,100.0,1006.6,100,13.0827,80.275,53.596968096174784
2024-07-23 11:00:00+05:30,858.0,700.2,199.0,34.6,23.2,254.0,46.0,99.0,1005.7,100,13.0827,80.275,63.126096832148136
2024-07-23 12:00:00+05:30,872.0,635.5,244.0,35.6,27.4,269.0,43.0,100.0,1004.8,100,13.0827,80.275,64.73486149569483
2024-07-23 13:00:00+05:30,882.0,698.8,202.0,36.1,23.1,268.0,42.0,100.0,1003.8,100,13.0827,80.275,65.19508151991495
2024-07-23 14:00:00+05:30,771.0,633.2,203.0,36.5,23.9,277.0,40.0,100.0,1002.8,100,13.0827,80.275,55.73418345454364
2024-07-23 15:00:00+05:30,609.0,558.1,182.0,36.6,25.5,278.0,40.0,97.0,1002.0,100,13.0827,80.275,43.08232478071216
2024-07-23 16:00:00+05:30,450.0,539.0,134.0,36.3,20.4,278.0,40.0,100.0,1001.7,100,13.0827,80.275,28.924764839183414
2024-07-23 17:00:00+05:30,253.0,370.3,115.0,35.4,19.9,290.0,43.0,100.0,1002.1,100,13.0827,80.275,13.795919730778698
2024-07-23 18:00:00+05:30,68.0,150.1,45.0,31.8,6.1,230.0,57.0,100.0,1003.2,100,13.0827,80.275,2.9613336064703897
2024-07-23 19:00:00+05:30,0.0,0.0,0.0,30.3,11.2,174.0,69.0,72.0,1004.4,100,13.0827,80.275,0.0
2024-07-23 20:00:00+05:30,0.0,0.0,0.0,29.2,15.9,176.0,80.0,82.0,1005.3,100,13.0827,80.275,0.0
2024-07-23 21:00:00+05:30,0.0,0.0,0.0,29.2,17.2,200.0,73.0,82.0,1005.9,100,13.0827,80.275,0.0
2024-07-23 22:00:00+05:30,0.0,0.0,0.0,29.2,12.7,205.0,71.0,91.0,1006.1,100,13.0827,80.275,0.0
2024-07-23 23:00:00+05:30,0.0,0.0,0.0,28.7,12.6,211.0,75.0,88.0,1006.1,100,13.0827,80.275,0.0
2024-07-24 00:00:00+05:30,0.0,0.0,0.0,28.4,13.5,214.0,79.0,100.0,1005.3,100,13.0827,80.275,0.0
2024-07-24 01:00:00+05:30,0.0,0.0,0.0,28.1,12.8,218.0,80.0,100.0,1004.8,100,13.0827,80.275,0.0
2024-07-24 02:00:00+05:30,0.0,0.0,0.0,28.1,14.8,225.0,76.0,100.0,1004.2,100,13.0827,80.275,0.0
2024-07-24 03:00:00+05:30,0.0,0.0,0.0,28.4,16.5,234.0,67.0,99.0,1003.8,100,13.0827,80.275,0.0
2024-07-24 04:00:00+05:30,0.0,0.0,0.0,28.4,16.3,235.0,63.0,100.0,1003.9,100,13.0827,80.275,0.0
2024-07-24 05:00:00+05:30,0.0,0.0,0.0,28.0,15.8,235.0,65.0,100.0,1003.9,100,13.0827,80.275,0.0
2024-07-24 06:00:00+05:30,14.0,11.0,13.0,28.1,16.0,239.0,66.0,100.0,1004.4,100,13.0827,80.275,0.5818656792103994
2024-07-24 07:00:00+05:30,126.0,142.3,90.0,29.0,15.8,240.0,64.0,99.0,1004.8,100,13.0827,80.275,7.683144155462681
2024-07-24 08:00:00+05:30,297.0,286.0,160.0,30.3,19.0,241.0,58.0,100.0,1004.8,100,13.0827,80.275,19.838571425330745
2024-07-24 09:00:00+05:30,477.0,337.9,248.0,31.6,20.7,250.0,54.0,100.0,1005.0,100,13.0827,80.275,34.72996549300193
2024-07-24 10:00:00+05:30,627.0,378.2,311.0,32.8,19.6,253.0,50.0,100.0,1004.6,100,13.0827,80.275,47.012820604747155
2024-07-24 11:00:00+05:30,779.0,490.7,317.0,34.9,28.9,266.0,43.0,100.0,1003.7,100,13.0827,80.275,59.74042222963155
2024-07-24 12:00:00+05:30,814.0,507.8,312.0,35.9,27.4,270.0,39.0,100.0,1002.6,100,13.0827,80.275,61.63910475616375
2024-07-24 13:00:00+05:30,765.0,458.1,319.0,36.7,27.1,266.0,37.0,100.0,1001.4,100,13.0827,80.275,57.05879529706589
2024-07-24 14:00:00+05:30,632.0,412.3,262.0,36.5,28.2,276.0,38.0,100.0,1000.5,100,13.0827,80.275,47.408494789510705
2024-07-24 15:00:00+05:30,665.0,639.0,176.0,36.7,23.8,267.0,38.0,100.0,999.8,100,13.0827,80.275,46.27697611798231
2024-07-24 16:00:00+05:30,429.0,406.0,191.0,35.8,22.7,260.0,40.0,100.0,999.9,100,13.0827,80.275,28.529859111462073
2024-07-24 17:00:00+05:30,171.0,123.5,125.0,34.2,18.8,282.0,45.0,100.0,1000.4,100,13.0827,80.275,11.410978189523256
2024-07-24 18:00:00+05:30,59.0,71.9,48.0,33.0,13.4,265.0,47.0,100.0,1000.9,100,13.0827,80.275,3.437653795787331
2024-07-24 19:00:00+05:30,0.0,0.0,0.0,32.2,13.8,261.0,49.0,100.0,1001.6,100,13.0827,80.275,0.0
2024-07-24 20:00:00+05:30,0.0,0.0,0.0,31.7,13.1,254.0,51.0,100.0,1002.6,100,13.0827,80.275,0.0
2024-07-24 21:00:00+05:30,0.0,0.0,0.0,30.9,11.1,241.0,54.0,100.0,1003.2,100,13.0827,80.275,0.0
2024-07-24 22:00:00+05:30,0.0,0.0,0.0,30.2,12.3,232.0,57.0,100.0,1003.7,100,13.0827,80.275,0.0
2024-07-24 23:00:00+05:30,0.0,0.0,0.0,29.9,14.0,228.0,58.0,100.0,1003.3,100,13.0827,80.275,0.0
2024-07-25 00:00:00+05:30,0.0,0.0,0.0,29.6,15.1,237.0,58.0,100.0,1002.6,100,13.0827,80.275,0.0
2024-07-25 01:00:00+05:30,0.0,0.0,0.0,29.5,15.7,233.0,58.0,100.0,1002.0,100,13.0827,80.275,0.0
2024-07-25 02:00:00+05:30,0.0,0.0,0.0,29.0,14.0,226.0,59.0,100.0,1001.9,100,13.0827,80.275,0.0
2024-07-25 03:00:00+05:30,0.0,0.0,0.0,28.5,14.5,222.0,62.0,99.0,1001.4,100,13.0827,80.275,0.0
2024-07-25 04:00:00+05:30,0.0,0.0,0.0,28.3,15.8,227.0,62.0,100.0,1001.5,100,13.0827,80.275,0.0
2024-07-25 05:00:00+05:30,0.0,0.0,0.0,28.0,14.5,228.0,63.0,98.0,1001.7,100,13.0827,80.275,0.0
2024-07-25 06:00:00+05:30,8.0,0.0,8.0,28.6,18.2,232.0,61.0,100.0,1002.2,100,13.0827,80.275,0.1494977239306397
2024-07-25 07:00:00+05:30,95.0,47.6,83.0,29.1,16.1,236.0,61.0,100.0,1003.1,100,13.0827,80.275,6.838884918275981
2024-07-25 08:00:00+05:30,231.0,114.9,176.0,30.4,17.5,233.0,58.0,100.0,1003.4,100,13.0827,80.275,17.29665958149298
2024-07-25 09:00:00+05:30,342.0,107.7,269.0,31.2,18.6,234.0,56.0,100.0,1003.1,100,13.0827,80.275,27.94563859209286
2024-07-25 10:00:00+05:30,656.0,459.5,272.0,33.0,19.6,238.0,51.0,100.0,1002.2,100,13.0827,80.275,48.42102694116024
2024-07-25 11:00:00+05:30,849.0,651.9,235.0,35.2,30.3,268.0,44.0,100.0,1001.6,100,13.0827,80.275,64.8058000629684
2024-07-25 12:00:00+05:30,719.0,317.5,405.0,36.3,27.6,277.0,40.0,100.0,1000.8,100,13.0827,80.275,55.955184602787334
2024-07-25 13:00:00+05:30,661.0,352.2,318.0,37.3,23.4,266.0,37.0,81.0,999.7,100,13.0827,80.275,50.850129146230486
2024-07-25 14:00:00+05:30,766.0,617.1,212.0,37.8,27.0,261.0,36.0,85.0,998.8,100,13.0827,80.275,56.52093686155203
2024-07-25 15:00:00+05:30,570.0,463.8,215.0,36.2,26.7,265.0,39.0,81.0,998.6,100,13.0827,80.275,41.473765674775784
2024-07-25 16:00:00+05:30,394.0,375.4,174.0,36.2,24.2,255.0,40.0,84.0,998.6,100,13.0827,80.275,26.52891043059802
2024-07-25 17:00:00+05:30,176.0,198.9,102.0,33.4,19.7,239.0,51.0,98.0,999.3,100,13.0827,80.275,10.762490277977728
2024-07-25 18:00:00+05:30,40.0,32.7,35.0,31.3,15.5,265.0,58.0,100.0,1000.8,100,13.0827,80.275,2.444207039728038
2024-07-25 19:00:00+05:30,0.0,0.0,0.0,31.8,17.7,275.0,51.0,100.0,1001.8,100,13.0827,80.275,0.0
2024-07-25 20:00:00+05:30,0.0,0.0,0.0,30.8,17.9,251.0,55.0,100.0,1002.8,100,13.0827,80.275,0.0
2024-07-25 21:00:00+05:30,0.0,0.0,0.0,29.4,18.6,255.0,63.0,100.0,1003.3,100,13.0827,80.275,0.0
2024-07-25 22:00:00+05:30,0.0,0.0,0.0,28.1,17.0,264.0,73.0,100.0,1003.4,100,13.0827,80.275,0.0
2024-07-25 23:00:00+05:30,0.0,0.0,0.0,27.8,13.0,264.0,75.0,100.0,1002.7,100,13.0827,80.275,0.0
2024-07-26 00:00:00+05:30,0.0,0.0,0.0,28.2,12.9,240.0,70.0,100.0,1002.4,100,13.0827,80.275,0.0
2024-07-26 01:00:00+05:30,0.0,0.0,0.0,28.5,13.8,237.0,65.0,100.0,1002.0,100,13.0827,80.275,0.0
2024-07-26 02:00:00+05:30,0.0,0.0,0.0,28.6,14.8,241.0,63.0,100.0,1001.4,100,13.0827,80.275,0.0
2024-07-26 03:00:00+05:30,0.0,0.0,0.0,28.6,16.1,243.0,62.0,100.0,1001.3,100,13.0827,80.275,0.0
2024-07-26 04:00:00+05:30,0.0,0.0,0.0,28.4,16.3,242.0,63.0,100.0,1001.4,100,13.0827,80.275,0.0
2024-07-26 05:00:00+05:30,0.0,0.0,0.0,28.1,16.0,239.0,65.0,100.0,1001.7,100,13.0827,80.275,0.0
2024-07-26 06:00:00+05:30,11.0,11.0,10.0,27.6,18.7,240.0,70.0,96.0,1002.4,100,13.0827,80.275,0.32976102617918646
2024-07-26 07:00:00+05:30,125.0,170.8,82.0,28.5,15.2,239.0,69.0,100.0,1003.1,100,13.0827,80.275,6.862451265047977
2024-07-26 08:00:00+05:30,139.0,0.0,139.0,28.1,15.3,236.0,72.0,100.0,1003.3,100,13.0827,80.275,11.972197330388973
2024-07-26 09:00:00+05:30,398.0,202.2,261.0,30.8,16.9,236.0,62.0,100.0,1003.2,100,13.0827,80.275,30.139293415645255
2024-07-26 10:00:00+05:30,493.0,196.2,329.0,32.2,18.2,252.0,55.0,100.0,1002.7,100,13.0827,80.275,39.16172764176126
2024-07-26 11:00:00+05:30,532.0,152.8,388.0,32.7,20.6,265.0,53.0,100.0,1002.0,100,13.0827,80.275,43.69493761572385
2024-07-26 12:00:00+05:30,721.0,378.0,347.0,34.4,19.4,271.0,48.0,100.0,1001.4,100,13.0827,80.275,54.641587603392374
2024-07-26 13:00:00+05:30,801.0,506.0,308.0,36.0,27.8,280.0,41.0,98.0,1000.4,100,13.0827,80.275,59.98505340535184
2024-07-26 14:00:00+05:30,757.0,556.8,257.0,36.4,25.5,283.0,40.0,100.0,999.3,100,13.0827,80.275,55.361732129176104
2024-07-26 15:00:00+05:30,605.0,466.3,248.0,36.5,20.1,280.0,41.0,99.0,998.9,100,13.0827,80.275,43.38691203363242
2024-07-26 16:00:00+05:30,433.0,477.8,153.0,36.4,19.4,281.0,41.0,98.0,998.5,100,13.0827,80.275,28.51257399464971
2024-07-26 17:00:00+05:30,200.0,239.5,111.0,27.5,5.4,188.0,81.0,100.0,999.8,100,13.0827,80.275,12.122973702164261
2024-07-26 18:00:00+05:30,56.0,59.0,47.0,32.8,13.0,273.0,49.0,100.0,1000.8,100,13.0827,80.275,3.3717938582291467
2024-07-26 19:00:00+05:30,0.0,0.0,0.0,32.7,14.8,269.0,49.0,100.0,1002.0,100,13.0827,80.275,0.0
2024-07-26 20:00:00+05:30,0.0,0.0,0.0,32.4,18.3,254.0,49.0,100.0,1002.8,100,13.0827,80.275,0.0
2024-07-26 21:00:00+05:30,0.0,0.0,0.0,32.0,21.7,264.0,50.0,100.0,1003.3,100,13.0827,80.275,0.0
2024-07-26 22:00:00+05:30,0.0,0.0,0.0,31.1,13.3,270.0,53.0,100.0,1003.5,100,13.0827,80.275,0.0
2024-07-26 23:00:00+05:30,0.0,0.0,0.0,30.0,10.7,258.0,58.0,100.0,1003.6,100,13.0827,80.275,0.0
2024-07-27 00:00:00+05:30,0.0,0.0,0.0,29.6,11.0,251.0,60.0,100.0,1003.3,100,13.0827,80.275,0.0
2024-07-27 01:00:00+05:30,0.0,0.0,0.0,29.3,11.3,248.0,61.0,100.0,1002.6,100,13.0827,80.275,0.0
2024-07-27 02:00:00+05:30,0.0,0.0,0.0,28.8,11.1,245.0,62.0,100.0,1001.9,100,13.0827,80.275,0.0
2024-07-27 03:00:00+05:30,0.0,0.0,0.0,28.7,13.8,250.0,61.0,100.0,1001.6,100,13.0827,80.275,0.0
2024-07-27 04:00:00+05:30,0.0,0.0,0.0,28.6,13.3,251.0,60.0,100.0,1002.0,100,13.0827,80.275,0.0
2024-07-27 05:00:00+05:30,0.0,0.0,0.0,28.4,11.5,250.0,60.0,100.0,1002.3,100,13.0827,80.275,0.0
2024-07-27 06:00:00+05:30,14.0,11.1,13.0,28.8,16.9,259.0,60.0,92.0,1002.6,100,13.0827,80.275,0.5795462058665605
2024-07-27 07:00:00+05:30,154.0,286.7,82.0,29.7,16.3,262.0,60.0,98.0,1003.5,100,13.0827,80.275,7.2010157764979175
2024-07-27 08:00:00+05:30,346.0,414.1,148.0,30.9,18.4,273.0,56.0,100.0,1004.1,100,13.0827,80.275,21.61923552400568
2024-07-27 09:00:00+05:30,392.0,215.4,246.0,30.2,17.0,274.0,61.0,100.0,1004.3,100,13.0827,80.275,29.84430993547247
2024-07-27 10:00:00+05:30,628.0,393.5,299.0,31.9,17.3,265.0,56.0,100.0,1003.5,100,13.0827,80.275,48.26544907764383
2024-07-27 11:00:00+05:30,799.0,536.8,293.0,34.1,28.5,283.0,47.0,100.0,1002.6,100,13.0827,80.275,61.02278463041641
2024-07-27 12:00:00+05:30,498.0,104.1,395.0,33.0,26.3,272.0,52.0,100.0,1002.3,100,13.0827,80.275,39.59535215955358
2024-07-27 13:00:00+05:30,600.0,193.9,411.0,33.1,23.4,267.0,51.0,100.0,1001.4,100,13.0827,80.275,47.98607463445268
2024-07-27 14:00:00+05:30,719.0,437.5,326.0,34.8,22.7,281.0,45.0,100.0,1000.4,100,13.0827,80.275,53.562822796969876
2024-07-27 15:00:00+05:30,624.0,484.6,253.0,34.4,30.4,284.0,45.0,100.0,1000.1,100,13.0827,80.275,45.34265588901143
2024-07-27 16:00:00+05:30,445.0,442.1,186.0,34.6,21.4,283.0,45.0,77.0,999.6,100,13.0827,80.275,30.424034582217942
2024-07-27 17:00:00+05:30,217.0,245.2,126.0,34.1,16.5,260.0,46.0,100.0,999.7,100,13.0827,80.275,13.374133448116336
2024-07-27 18:00:00+05:30,64.0,111.7,47.0,33.4,20.6,282.0,46.0,100.0,1000.5,100,13.0827,80.275,3.1505106365107887
2024-07-27 19:00:00+05:30,0.0,0.0,0.0,32.8,19.8,251.0,46.0,100.0,1001.5,100,13.0827,80.275,0.0
2024-07-27 20:00:00+05:30,0.0,0.0,0.0,32.7,24.6,255.0,42.0,100.0,1002.3,100,13.0827,80.275,0.0
2024-07-27 21:00:00+05:30,0.0,0.0,0.0,32.2,23.4,269.0,43.0,100.0,1002.9,100,13.0827,80.275,0.0
2024-07-27 22:00:00+05:30,0.0,0.0,0.0,31.5,19.8,270.0,45.0,98.0,1003.4,100,13.0827,80.275,0.0
2024-07-27 23:00:00+05:30,0.0,0.0,0.0,30.2,13.2,248.0,50.0,100.0,1003.1,100,13.0827,80.275,0.0
2024-07-28 00:00:00+05:30,0.0,0.0,0.0,30.5,21.2,260.0,47.0,98.0,1002.8,100,13.0827,80.275,0.0
2024-07-28 01:00:00+05:30,0.0,0.0,0.0,30.0,16.7,251.0,49.0,100.0,1002.3,100,13.0827,80.275,0.0
2024-07-28 02:00:00+05:30,0.0,0.0,0.0,29.2,16.3,235.0,53.0,99.0,1001.6,100,13.0827,80.275,0.0
2024-07-28 03:00:00+05:30,0.0,0.0,0.0,29.0,17.1,242.0,52.0,99.0,1001.1,100,13.0827,80.275,0.0
2024-07-28 04:00:00+05:30,0.0,0.0,0.0,28.5,16.8,247.0,53.0,58.0,1001.2,100,13.0827,80.275,0.0
2024-07-28 05:00:00+05:30,0.0,0.0,0.0,28.0,15.3,246.0,54.0,99.0,1001.6,100,13.0827,80.275,0.0
2024-07-28 06:00:00+05:30,14.0,22.2,12.0,28.1,16.9,250.0,54.0,97.0,1002.0,100,13.0827,80.275,0.4935433191872837
2024-07-28 07:00:00+05:30,141.0,183.6,95.0,28.9,14.5,243.0,55.0,78.0,1002.8,100,13.0827,80.275,8.255374442944886
2024-07-28 08:00:00+05:30,369.0,510.6,125.0,30.4,14.0,241.0,52.0,54.0,1003.1,100,13.0827,80.275,23.04038562608285
2024-07-28 09:00:00+05:30,505.0,433.8,211.0,31.9,15.9,265.0,49.0,85.0,1002.8,100,13.0827,80.275,36.984693793599995
2024-07-28 10:00:00+05:30,467.0,192.5,306.0,32.3,19.1,258.0,48.0,54.0,1002.1,100,13.0827,80.275,37.228228897873926
2024-07-28 11:00:00+05:30,796.0,547.2,280.0,34.0,26.6,279.0,44.0,100.0,1001.5,100,13.0827,80.275,59.89220498377521
2024-07-28 12:00:00+05:30,509.0,87.9,422.0,34.0,19.9,283.0,43.0,100.0,1000.5,100,13.0827,80.275,41.932029390151285
2024-07-28 13:00:00+05:30,610.0,265.6,351.0,34.6,24.8,257.0,43.0,95.0,999.5,100,13.0827,80.275,47.807994773335956
2024-07-28 14:00:00+05:30,724.0,493.0,281.0,37.1,24.0,278.0,35.0,100.0,998.2,100,13.0827,80.275,54.1389884998697
2024-07-28 15:00:00+05:30,560.0,393.1,259.0,36.8,24.6,277.0,36.0,100.0,997.7,100,13.0827,80.275,41.809015821241964
2024-07-28 16:00:00+05:30,384.0,254.4,235.0,34.7,18.9,220.0,44.0,100.0,997.6,100,13.0827,80.275,27.46717582253819
2024-07-28 17:00:00+05:30,199.0,167.3,137.0,33.0,17.8,201.0,53.0,93.0,997.8,100,13.0827,80.275,12.937066241899249
2024-07-28 18:00:00+05:30,59.0,65.8,49.0,32.4,12.8,230.0,49.0,100.0,999.0,100,13.0827,80.275,3.4594715833335288
2024-07-28 19:00:00+05:30,0.0,0.0,0.0,31.6,17.4,218.0,50.0,100.0,999.5,100,13.0827,80.275,0.0
2024-07-28 20:00:00+05:30,0.0,0.0,0.0,31.2,15.2,211.0,51.0,100.0,1000.3,100,13.0827,80.275,0.0
2024-07-28 21:00:00+05:30,0.0,0.0,0.0,30.4,16.4,209.0,54.0,100.0,1000.7,100,13.0827,80.275,0.0
2024-07-28 22:00:00+05:30,0.0,0.0,0.0,30.5,20.9,229.0,53.0,100.0,1001.2,100,13.0827,80.275,0.0
2024-07-28 23:00:00+05:30,0.0,0.0,0.0,30.5,19.7,239.0,53.0,100.0,1000.9,100,13.0827,80.275,0.0
2024-07-29 00:00:00+05:30,0.0,0.0,0.0,30.1,18.5,246.0,54.0,100.0,1000.6,100,13.0827,80.275,0.0
2024-07-29 01:00:00+05:30,0.0,0.0,0.0,29.5,16.3,245.0,56.0,100.0,1000.5,100,13.0827,80.275,0.0
2024-07-29 02:00:00+05:30,0.0,0.0,0.0,29.0,17.2,250.0,57.0,100.0,1000.3,100,13.0827,80.275,0.0
2024-07-29 03:00:00+05:30,0.0,0.0,0.0,28.8,17.5,251.0,58.0,100.0,1000.2,100,13.0827,80.275,0.0
2024-07-29 04:00:00+05:30,0.0,0.0,0.0,28.5,17.3,249.0,59.0,100.0,1000.5,100,13.0827,80.275,0.0
2024-07-29 05:00:00+05:30,0.0,0.0,0.0,28.2,15.9,245.0,60.0,100.0,1000.7,100,13.0827,80.275,0.0
2024-07-29 06:00:00+05:30,13.0,11.2,12.0,28.8,16.3,248.0,60.0,100.0,1001.1,100,13.0827,80.275,0.4974493316002328
2024-07-29 07:00:00+05:30,115.0,116.0,86.0,29.8,17.7,250.0,58.0,99.0,1001.8,100,13.0827,80.275,7.285395449030795
2024-07-29 08:00:00+05:30,325.0,368.4,149.0,31.0,16.5,238.0,56.0,97.0,1002.3,100,13.0827,80.275,20.45898048518142
2024-07-29 09:00:00+05:30,579.0,633.0,150.0,32.6,17.8,249.0,52.0,99.0,1001.9,100,13.0827,80.275,40.636903688269
2024-07-29 10:00:00+05:30,711.0,563.0,240.0,33.8,17.6,247.0,49.0,100.0,1001.2,100,13.0827,80.275,51.840523921516485
2024-07-29 11:00:00+05:30,766.0,442.1,349.0,35.4,22.1,258.0,44.0,100.0,1000.5,100,13.0827,80.275,58.26317774049801
2024-07-29 12:00:00+05:30,673.0,287.7,388.0,36.1,21.8,261.0,42.0,100.0,999.4,100,13.0827,80.275,51.904719406812134
2024-07-29 13:00:00+05:30,616.0,167.1,453.0,36.7,17.9,248.0,41.0,100.0,998.6,100,13.0827,80.275,48.53123367840407
2024-07-29 14:00:00+05:30,510.0,141.3,383.0,36.5,16.0,239.0,40.0,100.0,998.0,100,13.0827,80.275,40.52436113609143
2024-07-29 15:00:00+05:30,495.0,340.9,234.0,35.0,13.8,171.0,50.0,96.0,997.9,100,13.0827,80.275,35.99376821341835
2024-07-29 16:00:00+05:30,346.0,309.2,165.0,31.9,19.5,175.0,67.0,100.0,998.4,100,13.0827,80.275,24.406490055627003
2024-07-29 17:00:00+05:30,151.0,148.7,96.0,30.7,20.0,166.0,69.0,58.0,998.8,100,13.0827,80.275,10.196991792390873
2024-07-29 18:00:00+05:30,49.0,72.6,38.0,30.9,3.4,148.0,81.0,96.0,999.8,100,13.0827,80.275,2.6367932229128836
2024-07-29 19:00:00+05:30,0.0,0.0,0.0,29.1,5.5,58.0,81.0,46.0,1001.3,100,13.0827,80.275,0.0
2024-07-29 20:00:00+05:30,0.0,0.0,0.0,27.9,10.7,303.0,88.0,89.0,1002.8,100,13.0827,80.275,0.0
2024-07-29 21:00:00+05:30,0.0,0.0,0.0,26.7,4.0,280.0,89.0,100.0,1003.0,100,13.0827,80.275,0.0
2024-07-29 22:00:00+05:30,0.0,0.0,0.0,26.9,11.4,204.0,86.0,82.0,1003.6,100,13.0827,80.275,0.0
2024-07-29 23:00:00+05:30,0.0,0.0,0.0,26.9,9.7,225.0,84.0,100.0,1003.3,100,13.0827,80.275,0.0
2024-07-30 00:00:00+05:30,0.0,0.0,0.0,26.9,11.0,229.0,82.0,75.0,1002.6,100,13.0827,80.275,0.0
2024-07-30 01:00:00+05:30,0.0,0.0,0.0,26.9,10.2,247.0,82.0,76.0,1002.2,100,13.0827,80.275,0.0
2024-07-30 02:00:00+05:30,0.0,0.0,0.0,27.0,11.7,259.0,81.0,80.0,1002.0,100,13.0827,80.275,0.0
2024-07-30 03:00:00+05:30,0.0,0.0,0.0,27.1,12.7,245.0,80.0,79.0,1002.1,100,13.0827,80.275,0.0
2024-07-30 04:00:00+05:30,0.0,0.0,0.0,27.2,12.7,245.0,78.0,97.0,1002.3,100,13.0827,80.275,0.0
2024-07-30 05:00:00+05:30,0.0,0.0,0.0,27.1,11.2,237.0,77.0,100.0,1002.6,100,13.0827,80.275,0.0
2024-07-30 06:00:00+05:30,12.0,0.0,12.0,27.1,14.4,238.0,79.0,100.0,1003.5,100,13.0827,80.275,0.4990907452369725
2024-07-30 07:00:00+05:30,124.0,124.2,93.0,28.3,11.9,241.0,76.0,100.0,1004.1,100,13.0827,80.275,7.8564731861742745
2024-07-30 08:00:00+05:30,345.0,404.2,152.0,30.2,11.2,228.0,69.0,99.0,1004.4,100,13.0827,80.275,22.537154497607766
2024-07-30 09:00:00+05:30,507.0,407.2,231.0,31.7,13.5,236.0,61.0,94.0,1004.7,100,13.0827,80.275,36.77666665420264
2024-07-30 10:00:00+05:30,692.0,531.8,247.0,33.3,15.6,255.0,55.0,100.0,1004.5,100,13.0827,80.275,51.545542394884556
2024-07-30 11:00:00+05:30,707.0,394.2,335.0,34.1,16.6,266.0,52.0,99.0,1004.0,100,13.0827,80.275,54.09185628052863
2024-07-30 12:00:00+05:30,903.0,686.1,223.0,35.3,17.3,270.0,48.0,45.0,1003.0,100,13.0827,80.275,67.17165261748607
2024-07-30 13:00:00+05:30,846.0,661.0,201.0,36.0,15.8,269.0,47.0,73.0,1002.2,100,13.0827,80.275,62.12059828348561
2024-07-30 14:00:00+05:30,758.0,623.0,198.0,33.2,19.2,257.0,57.0,67.0,1002.4,100,13.0827,80.275,56.03540330505802
2024-07-30 15:00:00+05:30,435.0,256.0,239.0,32.3,11.7,304.0,64.0,30.0,1002.4,100,13.0827,80.275,33.26400302117258
2024-07-30 16:00:00+05:30,379.0,338.5,181.0,32.3,10.7,213.0,61.0,84.0,1002.1,100,13.0827,80.275,26.38070073754588
2024-07-30 17:00:00+05:30,185.0,205.8,109.0,31.6,7.9,204.0,65.0,41.0,1002.0,100,13.0827,80.275,11.614704964173704
2024-07-30 18:00:00+05:30,61.0,145.5,39.0,32.0,9.7,285.0,59.0,57.0,1002.4,100,13.0827,80.275,2.530879250690004
2024-07-30 19:00:00+05:30,0.0,0.0,0.0,31.6,17.7,276.0,58.0,95.0,1003.8,100,13.0827,80.275,0.0
2024-07-30 20:00:00+05:30,0.0,0.0,0.0,30.8,19.5,275.0,58.0,100.0,1004.6,100,13.0827,80.275,0.0
2024-07-30 21:00:00+05:30,0.0,0.0,0.0,29.9,12.4,280.0,62.0,99.0,1005.4,100,13.0827,80.275,0.0
2024-07-30 22:00:00+05:30,0.0,0.0,0.0,29.0,12.6,273.0,67.0,96.0,1005.6,100,13.0827,80.275,0.0
2024-07-30 23:00:00+05:30,0.0,0.0,0.0,28.7,12.6,265.0,68.0,95.0,1005.0,100,13.0827,80.275,0.0
2024-07-31 00:00:00+05:30,0.0,0.0,0.0,28.3,11.3,263.0,70.0,83.0,1004.8,100,13.0827,80.275,0.0
2024-07-31 01:00:00+05:30,0.0,0.0,0.0,27.7,10.2,247.0,73.0,100.0,1004.7,100,13.0827,80.275,0.0
2024-07-31 02:00:00+05:30,0.0,0.0,0.0,27.6,10.5,239.0,74.0,94.0,1004.4,100,13.0827,80.275,0.0
2024-07-31 03:00:00+05:30,0.0,0.0,0.0,27.9,9.8,234.0,70.0,59.0,1004.4,100,13.0827,80.275,0.0
2024-07-31 04:00:00+05:30,0.0,0.0,0.0,27.6,9.2,231.0,68.0,81.0,1004.6,100,13.0827,80.275,0.0
2024-07-31 05:00:00+05:30,0.0,0.0,0.0,27.0,10.0,221.0,71.0,90.0,1004.9,100,13.0827,80.275,0.0
2024-07-31 06:00:00+05:30,12.0,22.5,10.0,27.9,10.5,232.0,66.0,100.0,1005.7,100,13.0827,80.275,0.31824196498031404
2024-07-31 07:00:00+05:30,131.0,192.7,83.0,29.1,11.0,232.0,64.0,99.0,1006.2,100,13.0827,80.275,7.206684198507789
2024-07-31 08:00:00+05:30,204.0,100.6,156.0,30.0,13.5,228.0,60.0,100.0,1006.6,100,13.0827,80.275,15.958474270143709
2024-07-31 09:00:00+05:30,413.0,193.3,282.0,31.3,14.5,235.0,56.0,95.0,1006.8,100,13.0827,80.275,32.7453221420275
2024-07-31 10:00:00+05:30,567.0,258.0,351.0,32.3,13.0,242.0,53.0,96.0,1006.3,100,13.0827,80.275,44.123082457166696
2024-07-31 11:00:00+05:30,722.0,410.0,335.0,34.1,16.9,270.0,48.0,100.0,1005.6,100,13.0827,80.275,55.212117958015575
2024-07-31 12:00:00+05:30,661.0,269.3,394.0,35.0,17.3,274.0,46.0,100.0,1004.8,100,13.0827,80.275,51.655633976469026
2024-07-31 13:00:00+05:30,642.0,221.3,426.0,35.6,14.8,273.0,45.0,100.0,1003.7,100,13.0827,80.275,49.6003585499491
2024-07-31 14:00:00+05:30,656.0,347.0,344.0,36.0,7.8,248.0,44.0,100.0,1002.9,100,13.0827,80.275,48.7922845168604
2024-07-31 15:00:00+05:30,438.0,223.4,267.0,32.9,7.9,330.0,55.0,100.0,1002.8,100,13.0827,80.275,33.81528688162384
2024-07-31 16:00:00+05:30,257.0,100.9,198.0,31.2,5.2,25.0,67.0,100.0,1002.5,100,13.0827,80.275,19.684623257387912
2024-07-31 17:00:00+05:30,212.0,230.6,127.0,31.3,5.4,143.0,66.0,100.0,1002.5,100,13.0827,80.275,13.382495604593691
2024-07-31 18:00:00+05:30,68.0,165.8,43.0,30.1,7.0,258.0,62.0,100.0,1003.2,100,13.0827,80.275,2.752127730275869
2024-07-31 19:00:00+05:30,0.0,0.0,0.0,29.9,6.4,223.0,62.0,98.0,1004.1,100,13.0827,80.275,0.0
2024-07-31 20:00:00+05:30,0.0,0.0,0.0,29.3,10.3,168.0,71.0,75.0,1004.9,100,13.0827,80.275,0.0
2024-07-31 21:00:00+05:30,0.0,0.0,0.0,28.7,9.4,187.0,81.0,100.0,1005.5,100,13.0827,80.275,0.0
2024-07-31 22:00:00+05:30,0.0,0.0,0.0,28.9,12.1,217.0,76.0,100.0,1005.9,100,13.0827,80.275,0.0
2024-07-31 23:00:00+05:30,0.0,0.0,0.0,29.3,16.6,228.0,64.0,100.0,1005.8,100,13.0827,80.275,0.0
2024-08-01 00:00:00+05:30,0.0,0.0,0.0,28.5,15.3,236.0,68.0,100.0,1005.3,100,13.0827,80.275,0.0
2024-08-01 01:00:00+05:30,0.0,0.0,0.0,28.1,14.5,235.0,70.0,100.0,1004.6,100,13.0827,80.275,0.0
2024-08-01 02:00:00+05:30,0.0,0.0,0.0,28.4,15.0,246.0,68.0,100.0,1004.0,100,13.0827,80.275,0.0
2024-08-01 03:00:00+05:30,0.0,0.0,0.0,28.6,15.5,257.0,66.0,100.0,1003.6,100,13.0827,80.275,0.0
2024-08-01 04:00:00+05:30,0.0,0.0,0.0,28.3,14.1,257.0,67.0,100.0,1003.6,100,13.0827,80.275,0.0
2024-08-01 05:00:00+05:30,0.0,0.0,0.0,28.2,12.3,255.0,68.0,100.0,1004.0,100,13.0827,80.275,0.0
2024-08-01 06:00:00+05:30,10.0,0.0,10.0,28.6,12.2,256.0,66.0,100.0,1004.1,100,13.0827,80.275,0.3227993145968764
2024-08-01 07:00:00+05:30,123.0,104.6,97.0,29.6,11.3,253.0,65.0,100.0,1004.9,100,13.0827,80.275,8.14202146917922
2024-08-01 08:00:00+05:30,329.0,341.6,166.0,31.4,13.6,248.0,57.0,100.0,1005.4,100,13.0827,80.275,22.083296839955246
2024-08-01 09:00:00+05:30,498.0,399.7,227.0,32.8,16.8,255.0,52.0,100.0,1005.8,100,13.0827,80.275,35.70062690824749
2024-08-01 10:00:00+05:30,509.0,241.2,307.0,33.3,17.5,251.0,50.0,100.0,1005.6,100,13.0827,80.275,38.89787341305251
2024-08-01 11:00:00+05:30,470.0,100.6,375.0,33.8,21.5,252.0,47.0,100.0,1005.4,100,13.0827,80.275,37.613899045501356
2024-08-01 12:00:00+05:30,472.0,78.6,394.0,33.9,23.5,259.0,47.0,100.0,1004.6,100,13.0827,80.275,39.332242405562624
2024-08-01 13:00:00+05:30,593.0,184.3,413.0,35.5,17.5,262.0,42.0,100.0,1003.3,100,13.0827,80.275,45.61011364861495
2024-08-01 14:00:00+05:30,542.0,152.4,405.0,35.8,11.6,240.0,42.0,100.0,1002.5,100,13.0827,80.275,42.098649134015616
2024-08-01 15:00:00+05:30,530.0,321.4,284.0,35.7,8.5,234.0,43.0,100.0,1001.8,100,13.0827,80.275,39.8085670631952
2024-08-01 16:00:00+05:30,293.0,126.7,219.0,29.3,12.9,23.0,81.0,100.0,1003.0,100,13.0827,80.275,22.979384185458127
2024-08-01 17:00:00+05:30,162.0,87.0,130.0,30.2,9.0,127.0,73.0,100.0,1003.4,100,13.0827,80.275,12.112051182895925
2024-08-01 18:00:00+05:30,50.0,39.9,44.0,31.1,5.7,55.0,62.0,100.0,1003.8,100,13.0827,80.275,3.2075959082093513
2024-08-01 19:00:00+05:30,0.0,0.0,0.0,29.5,7.0,78.0,72.0,100.0,1004.6,100,13.0827,80.275,0.0
2024-08-01 20:00:00+05:30,0.0,0.0,0.0,28.9,6.4,153.0,78.0,100.0,1005.4,100,13.0827,80.275,0.0
2024-08-01 21:00:00+05:30,0.0,0.0,0.0,29.2,6.7,216.0,69.0,100.0,1006.3,100,13.0827,80.275,0.0
2024-08-01 22:00:00+05:30,0.0,0.0,0.0,28.6,5.6,225.0,70.0,100.0,1006.7,100,13.0827,80.275,0.0
2024-08-01 23:00:00+05:30,0.0,0.0,0.0,28.4,7.4,203.0,72.0,100.0,1006.1,100,13.0827,80.275,0.0
2024-08-02 00:00:00+05:30,0.0,0.0,0.0,28.2,7.1,229.0,73.0,100.0,1005.5,100,13.0827,80.275,0.0
2024-08-02 01:00:00+05:30,0.0,0.0,0.0,27.6,5.8,263.0,74.0,100.0,1004.9,100,13.0827,80.275,0.0
2024-08-02 02:00:00+05:30,0.0,0.0,0.0,27.5,7.7,242.0,74.0,100.0,1004.4,100,13.0827,80.275,0.0
2024-08-02 03:00:00+05:30,0.0,0.0,0.0,27.5,11.8,250.0,71.0,100.0,1004.4,100,13.0827,80.275,0.0
2024-08-02 04:00:00+05:30,0.0,0.0,0.0,27.6,12.6,250.0,70.0,100.0,1004.6,100,13.0827,80.275,0.0
2024-08-02 05:00:00+05:30,0.0,0.0,0.0,27.7,13.5,245.0,69.0,100.0,1004.9,100,13.0827,80.275,0.0
2024-08-02 06:00:00+05:30,11.0,0.0,11.0,27.8,9.7,243.0,71.0,100.0,1005.0,100,13.0827,80.275,0.41424793893621986
2024-08-02 07:00:00+05:30,130.0,149.0,93.0,29.2,8.7,253.0,67.0,100.0,1005.4,100,13.0827,80.275,8.049533416209027
2024-08-02 08:00:00+05:30,284.0,201.2,188.0,30.7,11.2,255.0,61.0,100.0,1005.9,100,13.0827,80.275,20.67628109868621
2024-08-02 09:00:00+05:30,500.0,373.1,247.0,32.4,14.2,254.0,55.0,100.0,1006.1,100,13.0827,80.275,37.05014251807063
2024-08-02 10:00:00+05:30,664.0,454.8,283.0,33.8,14.2,263.0,50.0,100.0,1005.3,100,13.0827,80.275,50.21804586409856
2024-08-02 11:00:00+05:30,839.0,635.1,239.0,35.2,15.1,273.0,46.0,100.0,1004.5,100,13.0827,80.275,61.3245146440905
2024-08-02 12:00:00+05:30,849.0,526.1,327.0,35.7,14.9,277.0,46.0,100.0,1004.0,100,13.0827,80.275,65.81110323105158
2024-08-02 13:00:00+05:30,573.0,158.7,418.0,34.8,5.9,256.0,48.0,100.0,1003.0,100,13.0827,80.275,44.264861282495524
2024-08-02 14:00:00+05:30,504.0,162.4,358.0,32.5,13.3,142.0,63.0,100.0,1002.4,100,13.0827,80.275,40.824123044144926
2024-08-02 15:00:00+05:30,374.0,169.9,244.0,30.4,19.8,170.0,78.0,100.0,1002.4,100,13.0827,80.275,29.345120841731635
2024-08-02 16:00:00+05:30,301.0,191.9,189.0,28.9,12.0,311.0,77.0,100.0,1003.4,100,13.0827,80.275,22.725416000106943
2024-08-02 17:00:00+05:30,110.0,13.6,105.0,28.5,8.0,100.0,79.0,100.0,1003.3,100,13.0827,80.275,8.633403949494788
2024-08-02 18:00:00+05:30,28.0,0.0,28.0,29.9,3.3,283.0,70.0,100.0,1003.5,100,13.0827,80.275,1.8335222575977927
2024-08-02 19:00:00+05:30,0.0,0.0,0.0,29.0,6.5,267.0,73.0,100.0,1004.7,100,13.0827,80.275,0.0
2024-08-02 20:00:00+05:30,0.0,0.0,0.0,27.8,14.0,299.0,79.0,100.0,1005.9,100,13.0827,80.275,0.0
2024-08-02 21:00:00+05:30,0.0,0.0,0.0,27.6,12.3,275.0,79.0,100.0,1006.9,100,13.0827,80.275,0.0
2024-08-02 22:00:00+05:30,0.0,0.0,0.0,27.7,5.8,277.0,78.0,100.0,1007.0,100,13.0827,80.275,0.0
2024-08-02 23:00:00+05:30,0.0,0.0,0.0,27.4,5.6,255.0,80.0,100.0,1006.9,100,13.0827,80.275,0.0
2024-08-03 00:00:00+05:30,0.0,0.0,0.0,26.7,6.8,212.0,84.0,100.0,1006.4,100,13.0827,80.275,0.0
2024-08-03 01:00:00+05:30,0.0,0.0,0.0,26.6,5.9,223.0,84.0,100.0,1005.9,100,13.0827,80.275,0.0
2024-08-03 02:00:00+05:30,0.0,0.0,0.0,26.4,5.8,240.0,85.0,100.0,1005.3,100,13.0827,80.275,0.0
2024-08-03 03:00:00+05:30,0.0,0.0,0.0,26.3,6.4,254.0,84.0,100.0,1005.3,100,13.0827,80.275,0.0
2024-08-03 04:00:00+05:30,0.0,0.0,0.0,26.4,8.5,258.0,81.0,100.0,1005.4,100,13.0827,80.275,0.0
2024-08-03 05:00:00+05:30,0.0,0.0,0.0,26.3,9.9,260.0,80.0,100.0,1005.4,100,13.0827,80.275,0.0
2024-08-03 06:00:00+05:30,11.0,0.0,11.0,27.3,11.5,268.0,74.0,100.0,1006.1,100,13.0827,80.275,0.4288905017548714
2024-08-03 07:00:00+05:30,131.0,133.1,98.0,28.4,9.6,257.0,72.0,100.0,1006.5,100,13.0827,80.275,8.375587160928717
2024-08-03 08:00:00+05:30,345.0,413.0,148.0,29.9,10.4,250.0,64.0,100.0,1006.5,100,13.0827,80.275,22.524082118828836
2024-08-03 09:00:00+05:30,562.0,570.6,175.0,31.5,9.7,243.0,57.0,100.0,1007.0,100,13.0827,80.275,39.62730316094573
2024-08-03 10:00:00+05:30,720.0,593.1,223.0,32.7,8.6,248.0,53.0,100.0,1006.6,100,13.0827,80.275,52.82289432733769
2024-08-03 11:00:00+05:30,812.0,565.0,278.0,33.9,8.8,258.0,50.0,100.0,1005.8,100,13.0827,80.275,61.090908064869375
2024-08-03 12:00:00+05:30,885.0,626.7,263.0,34.7,6.5,270.0,48.0,100.0,1004.9,100,13.0827,80.275,65.09819316309361
2024-08-03 13:00:00+05:30,856.0,613.1,257.0,34.8,2.5,188.0,47.0,100.0,1004.3,100,13.0827,80.275,60.0210985776282
2024-08-03 14:00:00+05:30,778.0,631.6,210.0,33.9,6.9,152.0,53.0,100.0,1003.5,100,13.0827,80.275,56.728922616429635
2024-08-03 15:00:00+05:30,605.0,499.3,223.0,31.8,8.4,160.0,66.0,86.0,1003.5,100,13.0827,80.275,44.3982912028299
2024-08-03 16:00:00+05:30,371.0,365.2,158.0,31.3,14.3,168.0,66.0,82.0,1003.2,100,13.0827,80.275,26.414987943744382
2024-08-03 17:00:00+05:30,233.0,346.9,106.0,29.1,15.8,249.0,76.0,100.0,1005.0,100,13.0827,80.275,12.70480894953525
2024-08-03 18:00:00+05:30,63.0,160.7,39.0,29.6,4.0,355.0,75.0,99.0,1005.2,100,13.0827,80.275,2.50994468766192
2024-08-03 19:00:00+05:30,0.0,0.0,0.0,28.9,4.6,45.0,84.0,100.0,1006.0,100,13.0827,80.275,0.0
2024-08-03 20:00:00+05:30,0.0,0.0,0.0,28.7,1.8,233.0,84.0,100.0,1007.0,100,13.0827,80.275,0.0
2024-08-03 21:00:00+05:30,0.0,0.0,0.0,28.2,5.4,233.0,84.0,100.0,1007.7,100,13.0827,80.275,0.0
2024-08-03 22:00:00+05:30,0.0,0.0,0.0,28.2,10.0,206.0,80.0,100.0,1008.5,100,13.0827,80.275,0.0
2024-08-03 23:00:00+05:30,0.0,0.0,0.0,28.3,10.8,206.0,73.0,100.0,1008.1,100,13.0827,80.275,0.0
2024-08-04 00:00:00+05:30,0.0,0.0,0.0,27.6,4.6,315.0,76.0,100.0,1007.7,100,13.0827,80.275,0.0
2024-08-04 01:00:00+05:30,0.0,0.0,0.0,27.0,7.2,342.0,81.0,100.0,1007.1,100,13.0827,80.275,0.0
2024-08-04 02:00:00+05:30,0.0,0.0,0.0,26.9,4.7,302.0,81.0,100.0,1006.6,100,13.0827,80.275,0.0
2024-08-04 03:00:00+05:30,0.0,0.0,0.0,27.0,7.3,259.0,79.0,100.0,1006.3,100,13.0827,80.275,0.0
2024-08-04 04:00:00+05:30,0.0,0.0,0.0,26.9,8.0,252.0,79.0,100.0,1006.3,100,13.0827,80.275,0.0
2024-08-04 05:00:00+05:30,0.0,0.0,0.0,26.6,8.2,232.0,81.0,100.0,1006.3,100,13.0827,80.275,0.0
2024-08-04 06:00:00+05:30,12.0,11.4,11.0,26.8,11.6,254.0,84.0,100.0,1006.6,100,13.0827,80.275,0.42259477473669144
2024-08-04 07:00:00+05:30,112.0,109.1,85.0,27.9,9.1,252.0,81.0,89.0,1006.9,100,13.0827,80.275,7.30748956724098
2024-08-04 08:00:00+05:30,246.0,186.6,157.0,29.5,11.9,241.0,74.0,73.0,1007.6,100,13.0827,80.275,17.939491566155937
2024-08-04 09:00:00+05:30,554.0,557.2,176.0,31.7,13.6,248.0,62.0,58.0,1007.8,100,13.0827,80.275,40.34678414894235
2024-08-04 10:00:00+05:30,686.0,545.2,229.0,32.9,13.6,248.0,57.0,57.0,1007.4,100,13.0827,80.275,53.49722112153117
2024-08-04 11:00:00+05:30,846.0,657.8,224.0,34.1,11.1,245.0,54.0,28.0,1006.7,100,13.0827,80.275,65.53430977172984
2024-08-04 12:00:00+05:30,933.0,768.4,170.0,34.8,9.1,236.0,51.0,46.0,1005.6,100,13.0827,80.275,68.26563866203534
2024-08-04 13:00:00+05:30,911.0,760.4,168.0,35.3,6.7,216.0,47.0,37.0,1004.5,100,13.0827,80.275,68.15347195308082
2024-08-04 14:00:00+05:30,810.0,716.1,166.0,35.2,6.3,167.0,48.0,100.0,1003.4,100,13.0827,80.275,56.837523612174074
2024-08-04 15:00:00+05:30,661.0,669.5,149.0,32.8,13.8,165.0,71.0,65.0,1003.0,100,13.0827,80.275,48.61315410905935
2024-08-04 16:00:00+05:30,419.0,437.7,164.0,32.4,9.8,188.0,67.0,13.0,1003.1,100,13.0827,80.275,29.217191345769237
2024-08-04 17:00:00+05:30,251.0,419.0,98.0,31.6,11.2,165.0,72.0,22.0,1003.2,100,13.0827,80.275,14.263944837927676
2024-08-04 18:00:00+05:30,52.0,107.5,36.0,29.7,9.3,257.0,72.0,78.0,1004.9,100,13.0827,80.275,2.380315222805456
2024-08-04 19:00:00+05:30,0.0,0.0,0.0,28.7,4.3,265.0,75.0,32.0,1005.2,100,13.0827,80.275,0.0
2024-08-04 20:00:00+05:30,0.0,0.0,0.0,28.1,3.7,209.0,78.0,18.0,1006.4,100,13.0827,80.275,0.0
2024-08-04 21:00:00+05:30,0.0,0.0,0.0,27.8,4.9,197.0,81.0,25.0,1007.3,100,13.0827,80.275,0.0
2024-08-04 22:00:00+05:30,0.0,0.0,0.0,27.6,6.9,171.0,82.0,100.0,1007.4,100,13.0827,80.275,0.0
2024-08-04 23:00:00+05:30,0.0,0.0,0.0,27.6,6.8,183.0,84.0,100.0,1007.3,100,13.0827,80.275,0.0
2024-08-05 00:00:00+05:30,0.0,0.0,0.0,27.4,6.0,205.0,86.0,99.0,1006.8,100,13.0827,80.275,0.0
2024-08-05 01:00:00+05:30,0.0,0.0,0.0,27.2,10.4,214.0,86.0,98.0,1006.4,100,13.0827,80.275,0.0
2024-08-05 02:00:00+05:30,0.0,0.0,0.0,26.9,11.7,225.0,83.0,92.0,1006.3,100,13.0827,80.275,0.0
2024-08-05 03:00:00+05:30,0.0,0.0,0.0,26.6,12.9,210.0,84.0,93.0,1006.3,100,13.0827,80.275,0.0
2024-08-05 04:00:00+05:30,0.0,0.0,0.0,26.5,13.2,197.0,85.0,100.0,1006.4,100,13.0827,80.275,0.0
2024-08-05 05:00:00+05:30,0.0,0.0,0.0,26.2,14.5,199.0,88.0,100.0,1006.7,100,13.0827,80.275,0.0
2024-08-05 06:00:00+05:30,6.0,0.0,6.0,24.7,11.3,207.0,95.0,100.0,1008.2,100,13.0827,80.275,0.0
2024-08-05 07:00:00+05:30,81.0,16.2,77.0,25.3,9.5,217.0,90.0,100.0,1008.5,100,13.0827,80.275,6.426748949321521
2024-08-05 08:00:00+05:30,149.0,16.8,141.0,26.1,6.3,239.0,87.0,100.0,1008.7,100,13.0827,80.275,12.37881751300156
2024-08-05 09:00:00+05:30,274.0,47.2,242.0,27.0,6.3,211.0,85.0,100.0,1008.8,100,13.0827,80.275,22.75912422006684
2024-08-05 10:00:00+05:30,448.0,113.3,353.0,28.3,7.7,229.0,80.0,100.0,1008.2,100,13.0827,80.275,36.552081099856615
2024-08-05 11:00:00+05:30,585.0,160.7,433.0,29.6,8.4,223.0,75.0,100.0,1007.8,100,13.0827,80.275,47.744895576333306
2024-08-05 12:00:00+05:30,837.0,508.4,332.0,31.1,8.4,220.0,68.0,100.0,1006.8,100,13.0827,80.275,64.70632196234949
2024-08-05 13:00:00+05:30,809.0,489.1,331.0,31.8,6.9,219.0,64.0,99.0,1005.6,100,13.0827,80.275,59.46291992289217
2024-08-05 14:00:00+05:30,687.0,437.0,294.0,32.0,4.3,185.0,62.0,94.0,1004.5,100,13.0827,80.275,49.24723852686408
2024-08-05 15:00:00+05:30,666.0,659.3,162.0,31.4,11.0,148.0,68.0,53.0,1004.0,100,13.0827,80.275,48.333846034964786
2024-08-05 16:00:00+05:30,472.0,584.3,132.0,30.0,15.0,150.0,81.0,76.0,1003.8,100,13.0827,80.275,32.60448682324476
2024-08-05 17:00:00+05:30,248.0,414.7,97.0,29.2,14.7,155.0,78.0,69.0,1003.9,100,13.0827,80.275,13.946852099808623
2024-08-05 18:00:00+05:30,27.0,0.0,27.0,27.6,9.8,152.0,86.0,100.0,1005.0,100,13.0827,80.275,1.8391451461085044
2024-08-05 19:00:00+05:30,0.0,0.0,0.0,27.4,9.4,178.0,86.0,100.0,1005.9,100,13.0827,80.275,0.0
2024-08-05 20:00:00+05:30,0.0,0.0,0.0,27.5,10.7,194.0,86.0,100.0,1006.8,100,13.0827,80.275,0.0
2024-08-05 21:00:00+05:30,0.0,0.0,0.0,27.6,9.9,213.0,86.0,100.0,1007.8,100,13.0827,80.275,0.0
2024-08-05 22:00:00+05:30,0.0,0.0,0.0,27.5,12.5,226.0,84.0,100.0,1007.6,100,13.0827,80.275,0.0
2024-08-05 23:00:00+05:30,0.0,0.0,0.0,27.0,12.0,226.0,83.0,100.0,1007.0,100,13.0827,80.275,0.0
2024-08-06 00:00:00+05:30,0.0,0.0,0.0,26.8,14.3,231.0,81.0,100.0,1006.7,100,13.0827,80.275,0.0
2024-08-06 01:00:00+05:30,0.0,0.0,0.0,26.4,18.4,235.0,83.0,100.0,1006.1,100,13.0827,80.275,0.0
2024-08-06 02:00:00+05:30,0.0,0.0,0.0,25.8,16.8,239.0,88.0,100.0,1005.7,100,13.0827,80.275,0.0
2024-08-06 03:00:00+05:30,0.0,0.0,0.0,25.5,12.7,241.0,91.0,100.0,1005.6,100,13.0827,80.275,0.0
2024-08-06 04:00:00+05:30,0.0,0.0,0.0,25.5,12.7,235.0,91.0,100.0,1005.5,100,13.0827,80.275,0.0
2024-08-06 05:00:00+05:30,0.0,0.0,0.0,25.6,12.1,243.0,91.0,100.0,1005.2,100,13.0827,80.275,0.0
2024-08-06 06:00:00+05:30,12.0,22.8,10.0,26.2,10.9,253.0,83.0,99.0,1005.4,100,13.0827,80.275,0.31820710896530646
2024-08-06 07:00:00+05:30,149.0,267.4,83.0,27.5,9.2,259.0,80.0,89.0,1006.1,100,13.0827,80.275,7.694486951403598
2024-08-06 08:00:00+05:30,339.0,396.4,150.0,29.0,10.8,244.0,76.0,98.0,1006.1,100,13.0827,80.275,22.45906911769585
2024-08-06 09:00:00+05:30,558.0,553.9,182.0,30.7,9.8,262.0,69.0,100.0,1006.3,100,13.0827,80.275,39.338104980773494
2024-08-06 10:00:00+05:30,525.0,195.5,361.0,31.4,8.1,283.0,66.0,100.0,1006.3,100,13.0827,80.275,41.66007939611065
2024-08-06 11:00:00+05:30,539.0,127.9,418.0,32.1,5.7,288.0,63.0,100.0,1005.6,100,13.0827,80.275,43.39399102364482
2024-08-06 12:00:00+05:30,840.0,564.6,279.0,33.1,4.4,305.0,59.0,100.0,1005.0,100,13.0827,80.275,61.042553236588425
2024-08-06 13:00:00+05:30,727.0,350.9,384.0,32.8,1.1,90.0,61.0,100.0,1004.1,100,13.0827,80.275,55.16943922790948
2024-08-06 14:00:00+05:30,555.0,270.2,312.0,31.6,6.8,93.0,67.0,97.0,1003.4,100,13.0827,80.275,41.798855841460785
2024-08-06 15:00:00+05:30,457.0,337.7,199.0,30.4,10.6,114.0,76.0,90.0,1002.7,100,13.0827,80.275,34.987038873616996
2024-08-06 16:00:00+05:30,428.0,445.6,169.0,30.3,7.2,117.0,78.0,97.0,1002.5,100,13.0827,80.275,29.209209771980575
2024-08-06 17:00:00+05:30,207.0,231.4,123.0,29.8,10.2,138.0,79.0,96.0,1002.7,100,13.0827,80.275,13.660895166270508
2024-08-06 18:00:00+05:30,52.0,81.3,40.0,29.2,4.0,80.0,79.0,100.0,1004.4,100,13.0827,80.275,2.738575095660973
2024-08-06 19:00:00+05:30,0.0,0.0,0.0,28.6,6.7,126.0,82.0,100.0,1005.3,100,13.0827,80.275,0.0
2024-08-06 20:00:00+05:30,0.0,0.0,0.0,28.0,5.0,159.0,84.0,100.0,1006.2,100,13.0827,80.275,0.0
2024-08-06 21:00:00+05:30,0.0,0.0,0.0,25.7,11.4,259.0,92.0,100.0,1008.0,100,13.0827,80.275,0.0
2024-08-06 22:00:00+05:30,0.0,0.0,0.0,25.7,9.6,250.0,92.0,100.0,1007.8,100,13.0827,80.275,0.0
2024-08-06 23:00:00+05:30,0.0,0.0,0.0,25.0,10.5,207.0,94.0,100.0,1008.1,100,13.0827,80.275,0.0
2024-08-07 00:00:00+05:30,0.0,0.0,0.0,24.9,10.2,228.0,94.0,100.0,1007.4,100,13.0827,80.275,0.0
2024-08-07 01:00:00+05:30,0.0,0.0,0.0,25.0,9.3,234.0,94.0,100.0,1006.5,100,13.0827,80.275,0.0
2024-08-07 02:00:00+05:30,0.0,0.0,0.0,25.0,8.7,240.0,94.0,100.0,1005.7,100,13.0827,80.275,0.0
2024-08-07 03:00:00+05:30,0.0,0.0,0.0,24.9,8.8,235.0,95.0,100.0,1005.0,100,13.0827,80.275,0.0
2024-08-07 04:00:00+05:30,0.0,0.0,0.0,24.9,8.4,230.0,94.0,100.0,1005.2,100,13.0827,80.275,0.0
2024-08-07 05:00:00+05:30,0.0,0.0,0.0,24.9,10.2,231.0,93.0,100.0,1005.4,100,13.0827,80.275,0.0
2024-08-07 06:00:00+05:30,5.0,0.0,5.0,25.2,7.4,223.0,94.0,100.0,1005.8,100,13.0827,80.275,0.0
2024-08-07 07:00:00+05:30,46.0,0.0,46.0,25.8,7.7,229.0,92.0,100.0,1006.7,100,13.0827,80.275,3.6075177123067
2024-08-07 08:00:00+05:30,171.0,18.9,162.0,26.8,8.7,240.0,88.0,100.0,1007.3,100,13.0827,80.275,13.798297374206605
2024-08-07 09:00:00+05:30,421.0,213.5,276.0,28.5,10.4,256.0,79.0,100.0,1007.3,100,13.0827,80.275,31.957766678723917
2024-08-07 10:00:00+05:30,438.0,108.4,347.0,29.7,13.0,265.0,71.0,100.0,1006.9,100,13.0827,80.275,35.140201008133275
2024-08-07 11:00:00+05:30,580.0,195.4,395.0,30.7,12.3,273.0,66.0,100.0,1006.2,100,13.0827,80.275,47.46470264507562
2024-08-07 12:00:00+05:30,721.0,310.9,412.0,31.6,10.6,280.0,63.0,100.0,1005.5,100,13.0827,80.275,57.48665454555386
2024-08-07 13:00:00+05:30,693.0,277.2,422.0,31.9,9.4,277.0,61.0,100.0,1004.4,100,13.0827,80.275,53.80713656774007
2024-08-07 14:00:00+05:30,633.0,292.5,370.0,32.1,8.1,283.0,61.0,100.0,1003.4,100,13.0827,80.275,49.22824643210012
2024-08-07 15:00:00+05:30,549.0,360.1,274.0,32.3,6.5,289.0,62.0,100.0,1002.9,100,13.0827,80.275,41.94286310197214
2024-08-07 16:00:00+05:30,357.0,249.8,212.0,31.5,2.0,45.0,64.0,100.0,1002.6,100,13.0827,80.275,26.005560490982447
2024-08-07 17:00:00+05:30,162.0,96.7,127.0,28.5,9.4,337.0,77.0,100.0,1004.0,100,13.0827,80.275,12.131459720092419
2024-08-07 18:00:00+05:30,38.0,13.6,36.0,27.7,2.3,39.0,85.0,100.0,1004.9,100,13.0827,80.275,2.609931668141729
2024-08-07 19:00:00+05:30,0.0,0.0,0.0,27.3,3.0,104.0,87.0,100.0,1005.8,100,13.0827,80.275,0.0
2024-08-07 20:00:00+05:30,0.0,0.0,0.0,27.1,3.2,153.0,88.0,100.0,1006.6,100,13.0827,80.275,0.0
2024-08-07 21:00:00+05:30,0.0,0.0,0.0,26.6,5.0,159.0,90.0,100.0,1007.1,100,13.0827,80.275,0.0
2024-08-07 22:00:00+05:30,0.0,0.0,0.0,26.5,6.1,152.0,91.0,99.0,1007.4,100,13.0827,80.275,0.0
2024-08-07 23:00:00+05:30,0.0,0.0,0.0,26.5,4.4,189.0,91.0,84.0,1007.3,100,13.0827,80.275,0.0
2024-08-08 00:00:00+05:30,0.0,0.0,0.0,26.4,4.7,203.0,93.0,99.0,1006.5,100,13.0827,80.275,0.0
2024-08-08 01:00:00+05:30,0.0,0.0,0.0,26.2,5.7,215.0,93.0,99.0,1005.7,100,13.0827,80.275,0.0
2024-08-08 02:00:00+05:30,0.0,0.0,0.0,26.2,9.2,222.0,92.0,100.0,1005.5,100,13.0827,80.275,0.0
2024-08-08 03:00:00+05:30,0.0,0.0,0.0,25.9,10.5,229.0,89.0,99.0,1005.2,100,13.0827,80.275,0.0
2024-08-08 04:00:00+05:30,0.0,0.0,0.0,25.7,9.7,243.0,86.0,100.0,1005.5,100,13.0827,80.275,0.0
2024-08-08 05:00:00+05:30,0.0,0.0,0.0,25.5,11.0,229.0,85.0,100.0,1006.2,100,13.0827,80.275,0.0
2024-08-08 06:00:00+05:30,9.0,0.0,9.0,25.5,11.3,217.0,88.0,100.0,1007.0,100,13.0827,80.275,0.25092219058843857
2024-08-08 07:00:00+05:30,95.0,81.2,75.0,26.1,9.7,239.0,87.0,99.0,1007.5,100,13.0827,80.275,6.359999714477069
2024-08-08 08:00:00+05:30,291.0,243.3,175.0,27.6,10.8,240.0,83.0,90.0,1007.7,100,13.0827,80.275,21.187235426286932
2024-08-08 09:00:00+05:30,548.0,527.1,190.0,29.4,12.6,268.0,71.0,48.0,1007.9,100,13.0827,80.275,40.12428146340905
2024-08-08 10:00:00+05:30,733.0,653.9,184.0,30.7,10.5,276.0,66.0,25.0,1007.5,100,13.0827,80.275,55.69425886972796
2024-08-08 11:00:00+05:30,870.0,724.4,184.0,31.7,9.8,298.0,63.0,47.0,1006.8,100,13.0827,80.275,65.42118277902946
2024-08-08 12:00:00+05:30,867.0,633.7,237.0,32.0,8.2,308.0,64.0,16.0,1006.1,100,13.0827,80.275,66.83069033696113
2024-08-08 13:00:00+05:30,866.0,683.1,198.0,32.0,5.7,342.0,65.0,32.0,1005.1,100,13.0827,80.275,65.5359935590741
2024-08-08 14:00:00+05:30,715.0,560.6,211.0,30.1,9.2,64.0,72.0,56.0,1004.3,100,13.0827,80.275,54.804130129469506
2024-08-08 15:00:00+05:30,557.0,476.9,193.0,29.6,9.0,90.0,74.0,40.0,1003.9,100,13.0827,80.275,42.83441396475663
2024-08-08 16:00:00+05:30,402.0,453.7,139.0,30.0,6.8,122.0,73.0,24.0,1004.0,100,13.0827,80.275,29.09010530114039
2024-08-08 17:00:00+05:30,228.0,335.4,107.0,29.4,11.9,155.0,75.0,44.0,1004.3,100,13.0827,80.275,13.653423431296638
2024-08-08 18:00:00+05:30,54.0,116.1,37.0,27.9,6.5,177.0,84.0,98.0,1005.5,100,13.0827,80.275,2.4863832733314135
2024-08-08 19:00:00+05:30,0.0,0.0,0.0,27.6,7.6,185.0,84.0,100.0,1006.2,100,13.0827,80.275,0.0
2024-08-08 20:00:00+05:30,0.0,0.0,0.0,27.4,9.3,193.0,84.0,99.0,1007.1,100,13.0827,80.275,0.0
2024-08-08 21:00:00+05:30,0.0,0.0,0.0,27.2,8.3,198.0,85.0,100.0,1007.7,100,13.0827,80.275,0.0
2024-08-08 22:00:00+05:30,0.0,0.0,0.0,26.8,10.0,229.0,87.0,99.0,1008.3,100,13.0827,80.275,0.0
2024-08-08 23:00:00+05:30,0.0,0.0,0.0,25.5,11.9,245.0,94.0,100.0,1007.8,100,13.0827,80.275,0.0
2024-08-09 00:00:00+05:30,0.0,0.0,0.0,25.3,14.6,230.0,95.0,100.0,1007.7,100,13.0827,80.275,0.0
2024-08-09 01:00:00+05:30,0.0,0.0,0.0,25.3,14.5,226.0,95.0,100.0,1007.0,100,13.0827,80.275,0.0
2024-08-09 02:00:00+05:30,0.0,0.0,0.0,24.9,10.0,232.0,96.0,100.0,1006.9,100,13.0827,80.275,0.0
2024-08-09 03:00:00+05:30,0.0,0.0,0.0,24.9,8.9,249.0,96.0,100.0,1006.4,100,13.0827,80.275,0.0
2024-08-09 04:00:00+05:30,0.0,0.0,0.0,24.9,9.7,274.0,95.0,100.0,1006.9,100,13.0827,80.275,0.0
2024-08-09 05:00:00+05:30,0.0,0.0,0.0,24.9,17.0,287.0,93.0,100.0,1006.8,100,13.0827,80.275,0.0
2024-08-09 06:00:00+05:30,10.0,11.5,9.0,25.8,10.5,262.0,90.0,56.0,1006.8,100,13.0827,80.275,0.2471358342002251
2024-08-09 07:00:00+05:30,140.0,248.0,79.0,26.9,10.5,276.0,88.0,10.0,1007.5,100,13.0827,80.275,7.6422175309767155
2024-08-09 08:00:00+05:30,356.0,492.8,121.0,28.7,11.8,301.0,79.0,17.0,1007.6,100,13.0827,80.275,23.56857079462948
2024-08-09 09:00:00+05:30,570.0,624.0,146.0,30.2,12.0,321.0,71.0,13.0,1007.6,100,13.0827,80.275,42.86628416440605
2024-08-09 10:00:00+05:30,735.0,672.7,170.0,31.3,10.9,333.0,68.0,0.0,1007.2,100,13.0827,80.275,56.49600353210861
2024-08-09 11:00:00+05:30,875.0,745.2,169.0,32.2,9.5,349.0,65.0,26.0,1006.5,100,13.0827,80.275,65.71641162314243
2024-08-09 12:00:00+05:30,925.0,761.2,168.0,32.8,9.0,2.0,63.0,18.0,1005.5,100,13.0827,80.275,70.34577920520718
2024-08-09 13:00:00+05:30,879.0,712.7,182.0,32.6,7.4,29.0,65.0,24.0,1004.9,100,13.0827,80.275,66.32174787858551
2024-08-09 14:00:00+05:30,768.0,640.8,192.0,31.7,7.2,93.0,71.0,50.0,1004.4,100,13.0827,80.275,57.65473706684507
2024-08-09 15:00:00+05:30,638.0,613.6,170.0,30.0,10.0,128.0,84.0,39.0,1004.3,100,13.0827,80.275,47.673681503290744
2024-08-09 16:00:00+05:30,444.0,499.3,155.0,30.3,7.9,120.0,78.0,27.0,1004.0,100,13.0827,80.275,30.910616288417284
2024-08-09 17:00:00+05:30,225.0,350.5,99.0,29.8,7.9,150.0,79.0,23.0,1004.5,100,13.0827,80.275,13.608534245820477
2024-08-09 18:00:00+05:30,52.0,123.6,34.0,28.5,6.1,180.0,85.0,40.0,1005.8,100,13.0827,80.275,2.3002540419434045
2024-08-09 19:00:00+05:30,0.0,0.0,0.0,26.6,13.8,186.0,91.0,17.0,1006.3,100,13.0827,80.275,0.0
2024-08-09 20:00:00+05:30,0.0,0.0,0.0,26.3,8.9,194.0,93.0,25.0,1007.1,100,13.0827,80.275,0.0
2024-08-09 21:00:00+05:30,0.0,0.0,0.0,26.5,10.8,195.0,91.0,42.0,1007.9,100,13.0827,80.275,0.0
2024-08-09 22:00:00+05:30,0.0,0.0,0.0,25.6,19.2,203.0,94.0,86.0,1008.9,100,13.0827,80.275,0.0
2024-08-09 23:00:00+05:30,0.0,0.0,0.0,25.3,12.5,219.0,96.0,95.0,1008.7,100,13.0827,80.275,0.0
2024-08-10 00:00:00+05:30,0.0,0.0,0.0,25.1,14.3,231.0,96.0,100.0,1008.3,100,13.0827,80.275,0.0
2024-08-10 01:00:00+05:30,0.0,0.0,0.0,25.0,11.6,254.0,95.0,92.0,1007.8,100,13.0827,80.275,0.0
2024-08-10 02:00:00+05:30,0.0,0.0,0.0,24.7,13.9,239.0,96.0,93.0,1007.6,100,13.0827,80.275,0.0
2024-08-10 03:00:00+05:30,0.0,0.0,0.0,24.6,8.4,220.0,95.0,97.0,1007.0,100,13.0827,80.275,0.0
2024-08-10 04:00:00+05:30,0.0,0.0,0.0,24.6,9.0,247.0,95.0,69.0,1007.3,100,13.0827,80.275,0.0
2024-08-10 05:00:00+05:30,0.0,0.0,0.0,24.6,6.5,251.0,95.0,86.0,1007.4,100,13.0827,80.275,0.0
2024-08-10 06:00:00+05:30,13.0,23.0,11.0,25.4,14.1,264.0,91.0,59.0,1007.5,100,13.0827,80.275,0.4180977785937908
2024-08-10 07:00:00+05:30,142.0,268.6,76.0,26.7,11.5,290.0,87.0,97.0,1008.1,100,13.0827,80.275,7.608907792974195
2024-08-10 08:00:00+05:30,321.0,385.8,137.0,28.3,8.7,287.0,82.0,97.0,1008.2,100,13.0827,80.275,21.60614803202487
2024-08-10 09:00:00+05:30,520.0,454.6,211.0,29.9,8.7,318.0,75.0,80.0,1008.3,100,13.0827,80.275,38.57240810032146
2024-08-10 10:00:00+05:30,684.0,501.0,263.0,30.9,6.0,335.0,69.0,99.0,1007.8,100,13.0827,80.275,51.15211052873949
2024-08-10 11:00:00+05:30,798.0,577.2,251.0,31.6,5.9,14.0,66.0,100.0,1007.0,100,13.0827,80.275,60.295081589025486
2024-08-10 12:00:00+05:30,831.0,548.9,285.0,31.8,8.4,43.0,65.0,99.0,1006.4,100,13.0827,80.275,63.210171032795714
2024-08-10 13:00:00+05:30,819.0,632.9,200.0,30.7,9.7,92.0,73.0,100.0,1005.6,100,13.0827,80.275,60.915520837654036
2024-08-10 14:00:00+05:30,719.0,560.8,215.0,29.9,8.7,97.0,77.0,100.0,1004.7,100,13.0827,80.275,54.640745022469325
2024-08-10 15:00:00+05:30,587.0,520.9,190.0,30.3,7.0,111.0,77.0,95.0,1004.2,100,13.0827,80.275,44.471778494983056
2024-08-10 16:00:00+05:30,405.0,377.3,187.0,29.9,2.6,124.0,78.0,96.0,1004.0,100,13.0827,80.275,28.894254638264457
2024-08-10 17:00:00+05:30,237.0,365.7,106.0,29.7,5.2,155.0,78.0,82.0,1003.8,100,13.0827,80.275,14.09955381942746
2024-08-10 18:00:00+05:30,54.0,117.3,37.0,29.2,3.1,135.0,85.0,100.0,1004.5,100,13.0827,80.275,2.460062213883642
2024-08-10 19:00:00+05:30,0.0,0.0,0.0,28.5,5.4,143.0,86.0,99.0,1005.5,100,13.0827,80.275,0.0
2024-08-10 20:00:00+05:30,0.0,0.0,0.0,28.1,6.2,159.0,90.0,100.0,1006.2,100,13.0827,80.275,0.0
2024-08-10 21:00:00+05:30,0.0,0.0,0.0,27.6,5.5,203.0,92.0,70.0,1006.9,100,13.0827,80.275,0.0
2024-08-10 22:00:00+05:30,0.0,0.0,0.0,27.2,6.1,225.0,92.0,95.0,1007.1,100,13.0827,80.275,0.0
2024-08-10 23:00:00+05:30,0.0,0.0,0.0,26.8,8.5,234.0,91.0,98.0,1006.9,100,13.0827,80.275,0.0
2024-08-11 00:00:00+05:30,0.0,0.0,0.0,26.3,13.8,213.0,90.0,100.0,1006.8,100,13.0827,80.275,0.0
2024-08-11 01:00:00+05:30,0.0,0.0,0.0,26.0,3.1,249.0,94.0,98.0,1006.1,100,13.0827,80.275,0.0
2024-08-11 02:00:00+05:30,0.0,0.0,0.0,25.6,9.4,212.0,95.0,96.0,1005.4,100,13.0827,80.275,0.0
2024-08-11 03:00:00+05:30,0.0,0.0,0.0,25.3,8.2,229.0,95.0,98.0,1005.0,100,13.0827,80.275,0.0
2024-08-11 04:00:00+05:30,0.0,0.0,0.0,25.1,7.2,243.0,95.0,71.0,1004.7,100,13.0827,80.275,0.0
2024-08-11 05:00:00+05:30,0.0,0.0,0.0,25.0,6.6,248.0,95.0,17.0,1005.0,100,13.0827,80.275,0.0
2024-08-11 06:00:00+05:30,11.0,23.1,9.0,25.4,9.2,231.0,94.0,29.0,1005.9,100,13.0827,80.275,0.24410816886025108
2024-08-11 07:00:00+05:30,143.0,277.0,75.0,26.6,10.2,247.0,90.0,10.0,1006.5,100,13.0827,80.275,7.725554683828781
2024-08-11 08:00:00+05:30,347.0,467.6,124.0,28.2,11.5,256.0,83.0,1.0,1006.6,100,13.0827,80.275,24.260807104976408
2024-08-11 09:00:00+05:30,575.0,631.0,146.0,30.1,11.9,268.0,74.0,11.0,1006.4,100,13.0827,80.275,42.2646079430198
2024-08-11 10:00:00+05:30,762.0,724.5,153.0,31.7,9.2,296.0,66.0,14.0,1005.8,100,13.0827,80.275,57.46850105937763
2024-08-11 11:00:00+05:30,880.0,752.1,167.0,32.8,7.5,325.0,60.0,20.0,1005.2,100,13.0827,80.275,67.98873899769458
2024-08-11 12:00:00+05:30,904.0,727.7,180.0,33.5,4.3,24.0,57.0,46.0,1004.3,100,13.0827,80.275,66.76493267909017
2024-08-11 13:00:00+05:30,851.0,663.6,202.0,31.7,8.4,83.0,67.0,90.0,1003.7,100,13.0827,80.275,64.15424457985655
2024-08-11 14:00:00+05:30,725.0,562.1,220.0,31.2,8.4,80.0,71.0,65.0,1002.5,100,13.0827,80.275,54.41136616707608
2024-08-11 15:00:00+05:30,626.0,604.0,166.0,31.3,8.4,110.0,71.0,52.0,1001.9,100,13.0827,80.275,47.127200253004055
2024-08-11 16:00:00+05:30,459.0,566.8,132.0,30.8,9.0,119.0,73.0,82.0,1001.7,100,13.0827,80.275,32.08792886361173
2024-08-11 17:00:00+05:30,236.0,395.2,95.0,30.1,10.9,134.0,76.0,98.0,1001.5,100,13.0827,80.275,13.329573252556868
2024-08-11 18:00:00+05:30,57.0,166.4,33.0,29.4,8.5,144.0,80.0,25.0,1002.3,100,13.0827,80.275,2.0569793001538104
2024-08-11 19:00:00+05:30,0.0,0.0,0.0,28.9,11.3,158.0,84.0,12.0,1003.1,100,13.0827,80.275,0.0
2024-08-11 20:00:00+05:30,0.0,0.0,0.0,28.6,10.9,153.0,85.0,87.0,1004.2,100,13.0827,80.275,0.0
2024-08-11 21:00:00+05:30,0.0,0.0,0.0,28.0,5.9,256.0,88.0,84.0,1005.0,100,13.0827,80.275,0.0
2024-08-11 22:00:00+05:30,0.0,0.0,0.0,26.1,5.8,187.0,93.0,84.0,1005.8,100,13.0827,80.275,0.0
2024-08-11 23:00:00+05:30,0.0,0.0,0.0,25.9,9.0,241.0,94.0,95.0,1006.1,100,13.0827,80.275,0.0
2024-08-12 00:00:00+05:30,0.0,0.0,0.0,25.9,15.3,204.0,94.0,81.0,1005.7,100,13.0827,80.275,0.0
2024-08-12 01:00:00+05:30,0.0,0.0,0.0,25.2,9.1,214.0,95.0,98.0,1005.0,100,13.0827,80.275,0.0
2024-08-12 02:00:00+05:30,0.0,0.0,0.0,25.2,10.1,215.0,95.0,98.0,1005.2,100,13.0827,80.275,0.0
2024-08-12 03:00:00+05:30,0.0,0.0,0.0,24.6,10.9,236.0,96.0,97.0,1005.3,100,13.0827,80.275,0.0
2024-08-12 04:00:00+05:30,0.0,0.0,0.0,24.7,7.9,210.0,95.0,96.0,1004.4,100,13.0827,80.275,0.0
2024-08-12 05:00:00+05:30,0.0,0.0,0.0,24.6,8.0,234.0,96.0,96.0,1005.1,100,13.0827,80.275,0.0
2024-08-12 06:00:00+05:30,9.0,0.0,9.0,25.1,11.8,230.0,92.0,99.0,1005.3,100,13.0827,80.275,0.2545486920684506
2024-08-12 07:00:00+05:30,140.0,232.4,83.0,25.9,11.8,250.0,89.0,51.0,1005.4,100,13.0827,80.275,7.950674291950758
2024-08-12 08:00:00+05:30,369.0,536.7,113.0,27.6,10.9,261.0,83.0,19.0,1005.5,100,13.0827,80.275,25.159547153015204
2024-08-12 09:00:00+05:30,591.0,671.9,134.0,29.6,11.8,258.0,75.0,100.0,1005.7,100,13.0827,80.275,43.650347445297996
2024-08-12 10:00:00+05:30,760.0,704.0,168.0,31.2,8.6,272.0,70.0,93.0,1005.2,100,13.0827,80.275,56.13670543948308
2024-08-12 11:00:00+05:30,890.0,766.6,163.0,32.5,6.3,294.0,63.0,100.0,1004.4,100,13.0827,80.275,64.63968977999387
2024-08-12 12:00:00+05:30,910.0,711.5,202.0,33.2,7.7,332.0,59.0,100.0,1003.6,100,13.0827,80.275,66.66051033579832
2024-08-12 13:00:00+05:30,918.0,758.7,176.0,33.6,6.6,9.0,59.0,68.0,1002.7,100,13.0827,80.275,68.52348599995328
2024-08-12 14:00:00+05:30,796.0,702.6,165.0,33.0,8.6,68.0,61.0,59.0,1002.0,100,13.0827,80.275,59.479986229887906
2024-08-12 15:00:00+05:30,639.0,633.4,157.0,31.5,12.7,98.0,72.0,33.0,1001.5,100,13.0827,80.275,46.82482993718091
2024-08-12 16:00:00+05:30,443.0,526.2,140.0,30.4,14.0,119.0,76.0,25.0,1001.2,100,13.0827,80.275,32.047263520840886
2024-08-12 17:00:00+05:30,238.0,402.4,95.0,29.8,13.3,131.0,78.0,96.0,1001.3,100,13.0827,80.275,14.09383418631064
2024-08-12 18:00:00+05:30,58.0,160.3,35.0,29.0,10.7,138.0,84.0,79.0,1002.4,100,13.0827,80.275,2.2231188820971552
2024-08-12 19:00:00+05:30,0.0,0.0,0.0,28.5,9.0,157.0,86.0,93.0,1003.3,100,13.0827,80.275,0.0
2024-08-12 20:00:00+05:30,0.0,0.0,0.0,28.3,9.3,164.0,86.0,100.0,1004.1,100,13.0827,80.275,0.0
2024-08-12 21:00:00+05:30,0.0,0.0,0.0,28.0,8.4,170.0,87.0,99.0,1004.9,100,13.0827,80.275,0.0
2024-08-12 22:00:00+05:30,0.0,0.0,0.0,27.8,8.6,178.0,88.0,100.0,1005.7,100,13.0827,80.275,0.0
2024-08-12 23:00:00+05:30,0.0,0.0,0.0,27.5,5.5,191.0,89.0,100.0,1005.4,100,13.0827,80.275,0.0
2024-08-13 00:00:00+05:30,0.0,0.0,0.0,27.3,6.1,225.0,91.0,94.0,1005.0,100,13.0827,80.275,0.0
2024-08-13 01:00:00+05:30,0.0,0.0,0.0,26.8,8.2,247.0,92.0,88.0,1005.1,100,13.0827,80.275,0.0
2024-08-13 02:00:00+05:30,0.0,0.0,0.0,26.4,12.6,270.0,90.0,95.0,1004.8,100,13.0827,80.275,0.0
2024-08-13 03:00:00+05:30,0.0,0.0,0.0,26.3,12.1,253.0,86.0,100.0,1004.5,100,13.0827,80.275,0.0
2024-08-13 04:00:00+05:30,0.0,0.0,0.0,25.9,13.3,267.0,88.0,91.0,1004.8,100,13.0827,80.275,0.0
2024-08-13 05:00:00+05:30,0.0,0.0,0.0,25.6,12.6,265.0,89.0,28.0,1005.0,100,13.0827,80.275,0.0
2024-08-13 06:00:00+05:30,12.0,23.1,10.0,26.6,11.9,267.0,83.0,10.0,1005.4,100,13.0827,80.275,0.33840194597599654
2024-08-13 07:00:00+05:30,152.0,326.4,72.0,27.4,11.5,268.0,81.0,6.0,1006.1,100,13.0827,80.275,7.4422832049903835
2024-08-13 08:00:00+05:30,369.0,532.4,115.0,28.7,8.6,270.0,78.0,4.0,1006.7,100,13.0827,80.275,24.651101873280236
2024-08-13 09:00:00+05:30,574.0,639.3,139.0,30.2,7.1,255.0,71.0,7.0,1006.5,100,13.0827,80.275,42.519636877900055
2024-08-13 10:00:00+05:30,749.0,697.7,162.0,31.3,6.1,225.0,65.0,75.0,1006.3,100,13.0827,80.275,54.65918971494076
2024-08-13 11:00:00+05:30,860.0,716.8,180.0,32.0,6.1,183.0,65.0,68.0,1005.7,100,13.0827,80.275,64.61921606105932
2024-08-13 12:00:00+05:30,922.0,757.5,168.0,32.1,8.9,140.0,66.0,92.0,1004.9,100,13.0827,80.275,69.46864980804686
2024-08-13 13:00:00+05:30,921.0,775.1,163.0,31.3,14.3,135.0,72.0,91.0,1004.2,100,13.0827,80.275,71.02156345899795
2024-08-13 14:00:00+05:30,818.0,721.8,170.0,30.8,16.1,146.0,73.0,67.0,1003.4,100,13.0827,80.275,63.4699017816366
2024-08-13 15:00:00+05:30,627.0,589.2,179.0,30.2,16.7,143.0,74.0,23.0,1002.7,100,13.0827,80.275,48.054396103369186
2024-08-13 16:00:00+05:30,487.0,638.5,120.0,29.9,15.2,149.0,75.0,0.0,1002.5,100,13.0827,80.275,34.7713885460327
2024-08-13 17:00:00+05:30,257.0,471.8,90.0,29.1,15.5,155.0,79.0,10.0,1002.5,100,13.0827,80.275,15.300410778155094
2024-08-13 18:00:00+05:30,59.0,182.3,33.0,28.5,14.2,156.0,83.0,6.0,1003.4,100,13.0827,80.275,2.0549679616559846
2024-08-13 19:00:00+05:30,0.0,0.0,0.0,28.2,13.1,164.0,83.0,5.0,1004.5,100,13.0827,80.275,0.0
2024-08-13 20:00:00+05:30,0.0,0.0,0.0,28.0,12.5,168.0,84.0,88.0,1005.5,100,13.0827,80.275,0.0
2024-08-13 21:00:00+05:30,0.0,0.0,0.0,27.9,12.5,168.0,85.0,86.0,1006.0,100,13.0827,80.275,0.0
2024-08-13 22:00:00+05:30,0.0,0.0,0.0,27.8,12.1,170.0,86.0,79.0,1006.1,100,13.0827,80.275,0.0
2024-08-13 23:00:00+05:30,0.0,0.0,0.0,27.6,8.5,168.0,87.0,100.0,1006.0,100,13.0827,80.275,0.0
2024-08-14 00:00:00+05:30,0.0,0.0,0.0,27.4,8.4,170.0,88.0,99.0,1005.5,100,13.0827,80.275,0.0
2024-08-14 01:00:00+05:30,0.0,0.0,0.0,27.3,7.6,185.0,89.0,100.0,1004.9,100,13.0827,80.275,0.0
2024-08-14 02:00:00+05:30,0.0,0.0,0.0,26.9,7.1,195.0,91.0,98.0,1004.0,100,13.0827,80.275,0.0
2024-08-14 03:00:00+05:30,0.0,0.0,0.0,26.6,6.4,218.0,93.0,91.0,1003.8,100,13.0827,80.275,0.0
2024-08-14 04:00:00+05:30,0.0,0.0,0.0,26.3,6.4,227.0,94.0,66.0,1004.2,100,13.0827,80.275,0.0
2024-08-14 05:00:00+05:30,0.0,0.0,0.0,26.0,4.4,261.0,96.0,74.0,1004.7,100,13.0827,80.275,0.0
2024-08-14 06:00:00+05:30,12.0,23.2,10.0,27.3,4.6,252.0,91.0,96.0,1004.9,100,13.0827,80.275,0.3194233956520606
2024-08-14 07:00:00+05:30,135.0,240.9,76.0,28.2,4.1,255.0,87.0,80.0,1005.6,100,13.0827,80.275,7.324889695998812
2024-08-14 08:00:00+05:30,344.0,454.8,127.0,29.3,3.6,186.0,79.0,61.0,1006.0,100,13.0827,80.275,23.583520924243285
2024-08-14 09:00:00+05:30,574.0,603.8,163.0,30.3,5.6,135.0,74.0,37.0,1006.0,100,13.0827,80.275,42.35183034921325
2024-08-14 10:00:00+05:30,726.0,655.9,174.0,30.9,7.6,121.0,72.0,58.0,1005.6,100,13.0827,80.275,54.81085548997267
2024-08-14 11:00:00+05:30,842.0,692.3,185.0,30.9,12.2,124.0,73.0,62.0,1005.0,100,13.0827,80.275,64.69155090915724
2024-08-14 12:00:00+05:30,866.0,658.0,211.0,30.5,12.5,147.0,77.0,16.0,1004.8,100,13.0827,80.275,69.47337488520425
2024-08-14 13:00:00+05:30,811.0,571.6,252.0,30.6,12.8,142.0,77.0,13.0,1003.7,100,13.0827,80.275,64.81072486625872
2024-08-14 14:00:00+05:30,801.0,698.7,174.0,30.5,13.5,134.0,78.0,12.0,1002.6,100,13.0827,80.275,64.50221869817062
2024-08-14 15:00:00+05:30,629.0,612.2,164.0,30.2,12.6,127.0,78.0,5.0,1002.0,100,13.0827,80.275,48.195585839537266
2024-08-14 16:00:00+05:30,459.0,571.7,131.0,29.7,13.0,132.0,79.0,3.0,1002.0,100,13.0827,80.275,32.84325182235965
2024-08-14 17:00:00+05:30,245.0,425.6,95.0,29.2,11.2,135.0,80.0,23.0,1002.2,100,13.0827,80.275,14.764591785722288
2024-08-14 18:00:00+05:30,57.0,169.2,33.0,28.7,7.6,121.0,82.0,81.0,1003.2,100,13.0827,80.275,2.077108985482851
2024-08-14 19:00:00+05:30,0.0,0.0,0.0,28.2,6.1,118.0,85.0,89.0,1004.0,100,13.0827,80.275,0.0
2024-08-14 20:00:00+05:30,0.0,0.0,0.0,28.1,7.2,127.0,86.0,82.0,1004.7,100,13.0827,80.275,0.0
2024-08-14 21:00:00+05:30,0.0,0.0,0.0,28.2,8.2,131.0,86.0,100.0,1005.4,100,13.0827,80.275,0.0
2024-08-14 22:00:00+05:30,0.0,0.0,0.0,28.1,7.3,123.0,86.0,100.0,1005.6,100,13.0827,80.275,0.0
2024-08-14 23:00:00+05:30,0.0,0.0,0.0,28.0,7.4,141.0,86.0,100.0,1005.4,100,13.0827,80.275,0.0
2024-08-15 00:00:00+05:30,0.0,0.0,0.0,27.3,9.6,167.0,87.0,100.0,1005.1,100,13.0827,80.275,0.0
2024-08-15 01:00:00+05:30,0.0,0.0,0.0,27.5,6.2,190.0,88.0,100.0,1004.7,100,13.0827,80.275,0.0
2024-08-15 02:00:00+05:30,0.0,0.0,0.0,27.2,5.7,198.0,91.0,100.0,1003.8,100,13.0827,80.275,0.0
2024-08-15 03:00:00+05:30,0.0,0.0,0.0,26.7,8.4,205.0,92.0,100.0,1003.6,100,13.0827,80.275,0.0
2024-08-15 04:00:00+05:30,0.0,0.0,0.0,26.4,8.1,225.0,91.0,40.0,1003.7,100,13.0827,80.275,0.0
2024-08-15 05:00:00+05:30,0.0,0.0,0.0,26.1,7.8,214.0,91.0,55.0,1003.6,100,13.0827,80.275,0.0
2024-08-15 06:00:00+05:30,12.0,23.2,10.0,26.6,7.7,221.0,89.0,99.0,1004.1,100,13.0827,80.275,0.31984590121232553
2024-08-15 07:00:00+05:30,145.0,257.4,82.0,27.5,6.8,212.0,86.0,100.0,1004.4,100,13.0827,80.275,7.896016940799537
2024-08-15 08:00:00+05:30,346.0,425.4,143.0,28.8,10.8,195.0,80.0,100.0,1004.7,100,13.0827,80.275,23.746858414541546
2024-08-15 09:00:00+05:30,438.0,301.1,233.0,29.7,10.5,186.0,75.0,97.0,1005.0,100,13.0827,80.275,33.340475687708356
2024-08-15 10:00:00+05:30,706.0,589.1,210.0,30.4,12.6,175.0,72.0,100.0,1005.0,100,13.0827,80.275,52.74020225590145
2024-08-15 11:00:00+05:30,770.0,584.7,215.0,30.9,12.6,175.0,72.0,100.0,1004.7,100,13.0827,80.275,59.26880016286869
2024-08-15 12:00:00+05:30,907.0,719.2,191.0,31.9,12.1,170.0,70.0,95.0,1004.0,100,13.0827,80.275,69.65030245478684
2024-08-15 13:00:00+05:30,759.0,435.7,333.0,32.0,12.8,158.0,69.0,100.0,1002.9,100,13.0827,80.275,58.13919539473065
2024-08-15 14:00:00+05:30,787.0,633.2,219.0,31.6,14.7,149.0,74.0,100.0,1002.1,100,13.0827,80.275,59.485157972395555
2024-08-15 15:00:00+05:30,620.0,564.1,192.0,30.5,17.9,150.0,77.0,100.0,1001.6,100,13.0827,80.275,46.96141842120966
2024-08-15 16:00:00+05:30,428.0,455.9,167.0,30.1,18.7,152.0,78.0,99.0,1001.3,100,13.0827,80.275,30.992542886849844
2024-08-15 17:00:00+05:30,236.0,367.7,107.0,29.4,17.2,160.0,79.0,100.0,1001.4,100,13.0827,80.275,14.445315076064249
2024-08-15 18:00:00+05:30,55.0,149.0,34.0,28.8,17.2,160.0,83.0,86.0,1002.0,100,13.0827,80.275,2.172548188095128
2024-08-15 19:00:00+05:30,0.0,0.0,0.0,28.6,15.4,164.0,84.0,81.0,1003.0,100,13.0827,80.275,0.0
2024-08-15 20:00:00+05:30,0.0,0.0,0.0,28.5,13.7,166.0,85.0,46.0,1003.6,100,13.0827,80.275,0.0
2024-08-15 21:00:00+05:30,0.0,0.0,0.0,28.4,13.8,174.0,84.0,90.0,1004.1,100,13.0827,80.275,0.0
2024-08-15 22:00:00+05:30,0.0,0.0,0.0,28.3,13.0,175.0,83.0,98.0,1004.7,100,13.0827,80.275,0.0
2024-08-15 23:00:00+05:30,0.0,0.0,0.0,28.3,14.5,173.0,83.0,94.0,1004.7,100,13.0827,80.275,0.0
2024-08-16 00:00:00+05:30,0.0,0.0,0.0,28.3,15.1,181.0,84.0,98.0,1004.0,100,13.0827,80.275,0.0
2024-08-16 01:00:00+05:30,0.0,0.0,0.0,28.1,14.4,193.0,85.0,100.0,1003.3,100,13.0827,80.275,0.0
2024-08-16 02:00:00+05:30,0.0,0.0,0.0,27.7,13.4,200.0,86.0,100.0,1002.9,100,13.0827,80.275,0.0
2024-08-16 03:00:00+05:30,0.0,0.0,0.0,27.5,12.3,201.0,88.0,100.0,1002.5,100,13.0827,80.275,0.0
2024-08-16 04:00:00+05:30,0.0,0.0,0.0,27.2,12.4,202.0,89.0,100.0,1002.4,100,13.0827,80.275,0.0
2024-08-16 05:00:00+05:30,0.0,0.0,0.0,26.9,12.7,205.0,89.0,100.0,1002.3,100,13.0827,80.275,0.0
2024-08-16 06:00:00+05:30,12.0,11.6,11.0,27.8,13.9,205.0,86.0,100.0,1002.8,100,13.0827,80.275,0.42116881191995653
2024-08-16 07:00:00+05:30,136.0,188.1,90.0,28.6,14.3,205.0,83.0,100.0,1003.2,100,13.0827,80.275,8.53615850038599
2024-08-16 08:00:00+05:30,304.0,308.0,157.0,29.7,16.8,195.0,77.0,100.0,1004.0,100,13.0827,80.275,21.516949772823263
2024-08-16 09:00:00+05:30,524.0,483.0,195.0,30.7,16.7,186.0,72.0,100.0,1004.3,100,13.0827,80.275,39.423913399061625
2024-08-16 10:00:00+05:30,713.0,604.4,204.0,31.3,16.6,179.0,68.0,99.0,1004.0,100,13.0827,80.275,54.85921569143037
2024-08-16 11:00:00+05:30,834.0,658.2,209.0,31.8,17.0,176.0,66.0,74.0,1003.6,100,13.0827,80.275,65.1258247002247
2024-08-16 12:00:00+05:30,833.0,605.6,230.0,32.0,16.2,167.0,65.0,100.0,1003.2,100,13.0827,80.275,66.83230782147284
2024-08-16 13:00:00+05:30,843.0,654.6,203.0,31.8,17.6,154.0,70.0,100.0,1002.2,100,13.0827,80.275,65.91911226284066
2024-08-16 14:00:00+05:30,814.0,693.8,192.0,31.4,19.7,152.0,70.0,99.0,1001.3,100,13.0827,80.275,64.02733993354843
2024-08-16 15:00:00+05:30,645.0,635.9,163.0,30.7,20.6,155.0,74.0,88.0,1000.7,100,13.0827,80.275,49.67921037445301
2024-08-16 16:00:00+05:30,479.0,628.4,120.0,30.3,19.3,153.0,74.0,96.0,1000.4,100,13.0827,80.275,34.10306097880183
2024-08-16 17:00:00+05:30,251.0,455.3,92.0,29.6,18.8,154.0,78.0,100.0,1000.7,100,13.0827,80.275,14.690166666725794
2024-08-16 18:00:00+05:30,55.0,142.8,35.0,28.6,16.2,167.0,79.0,99.0,1001.6,100,13.0827,80.275,2.195282463391397
2024-08-16 19:00:00+05:30,0.0,0.0,0.0,28.3,14.6,164.0,81.0,91.0,1002.6,100,13.0827,80.275,0.0
2024-08-16 20:00:00+05:30,0.0,0.0,0.0,28.1,13.1,171.0,82.0,94.0,1004.0,100,13.0827,80.275,0.0
2024-08-16 21:00:00+05:30,0.0,0.0,0.0,28.0,11.4,169.0,84.0,91.0,1004.5,100,13.0827,80.275,0.0
2024-08-16 22:00:00+05:30,0.0,0.0,0.0,27.9,12.2,180.0,85.0,99.0,1004.6,100,13.0827,80.275,0.0
2024-08-16 23:00:00+05:30,0.0,0.0,0.0,27.8,10.4,194.0,86.0,94.0,1004.6,100,13.0827,80.275,0.0
2024-08-17 00:00:00+05:30,0.0,0.0,0.0,27.5,10.6,208.0,87.0,100.0,1004.8,100,13.0827,80.275,0.0
2024-08-17 01:00:00+05:30,0.0,0.0,0.0,27.5,10.5,184.0,87.0,98.0,1004.3,100,13.0827,80.275,0.0
2024-08-17 02:00:00+05:30,0.0,0.0,0.0,27.4,14.8,179.0,87.0,100.0,1003.8,100,13.0827,80.275,0.0
2024-08-17 03:00:00+05:30,0.0,0.0,0.0,27.1,13.3,193.0,88.0,98.0,1003.5,100,13.0827,80.275,0.0
2024-08-17 04:00:00+05:30,0.0,0.0,0.0,26.5,8.9,223.0,90.0,99.0,1003.9,100,13.0827,80.275,0.0
2024-08-17 05:00:00+05:30,0.0,0.0,0.0,26.0,6.7,234.0,93.0,97.0,1004.2,100,13.0827,80.275,0.0
2024-08-17 06:00:00+05:30,12.0,23.3,10.0,27.2,5.3,242.0,88.0,100.0,1003.8,100,13.0827,80.275,0.31917412801454065
2024-08-17 07:00:00+05:30,139.0,225.0,84.0,28.1,4.5,241.0,85.0,100.0,1004.2,100,13.0827,80.275,8.002687522913767
2024-08-17 08:00:00+05:30,370.0,515.3,124.0,29.5,7.3,200.0,78.0,99.0,1004.8,100,13.0827,80.275,25.36432924149282
2024-08-17 09:00:00+05:30,517.0,509.3,170.0,30.6,6.9,174.0,73.0,97.0,1005.0,100,13.0827,80.275,38.74224837593006
2024-08-17 10:00:00+05:30,732.0,624.3,206.0,31.7,6.3,156.0,68.0,99.0,1004.9,100,13.0827,80.275,54.40185765110078
2024-08-17 11:00:00+05:30,881.0,736.0,182.0,32.5,7.3,123.0,63.0,100.0,1004.2,100,13.0827,80.275,65.59733077283886
2024-08-17 12:00:00+05:30,925.0,719.0,209.0,32.0,12.0,111.0,69.0,100.0,1003.4,100,13.0827,80.275,71.63637321929109
2024-08-17 13:00:00+05:30,891.0,698.7,208.0,31.6,15.0,125.0,71.0,100.0,1002.6,100,13.0827,80.275,68.93562478723338
2024-08-17 14:00:00+05:30,799.0,714.2,159.0,31.6,14.1,122.0,68.0,87.0,1002.1,100,13.0827,80.275,61.79605368584317
2024-08-17 15:00:00+05:30,647.0,655.1,151.0,31.4,15.0,125.0,70.0,97.0,1001.8,100,13.0827,80.275,50.181145028927375
2024-08-17 16:00:00+05:30,456.0,573.7,129.0,30.6,14.7,126.0,74.0,100.0,1001.3,100,13.0827,80.275,33.08761640752199
2024-08-17 17:00:00+05:30,250.0,451.7,93.0,30.1,13.0,129.0,77.0,100.0,1001.7,100,13.0827,80.275,14.182126256495929
2024-08-17 18:00:00+05:30,55.0,158.0,33.0,29.0,9.7,135.0,79.0,67.0,1002.8,100,13.0827,80.275,2.0466012852586553
2024-08-17 19:00:00+05:30,0.0,0.0,0.0,28.8,10.9,136.0,80.0,89.0,1004.2,100,13.0827,80.275,0.0
2024-08-17 20:00:00+05:30,0.0,0.0,0.0,28.7,13.0,129.0,81.0,75.0,1004.8,100,13.0827,80.275,0.0
2024-08-17 21:00:00+05:30,0.0,0.0,0.0,28.6,11.3,127.0,82.0,65.0,1005.2,100,13.0827,80.275,0.0
2024-08-17 22:00:00+05:30,0.0,0.0,0.0,28.6,10.6,145.0,82.0,100.0,1005.9,100,13.0827,80.275,0.0
2024-08-17 23:00:00+05:30,0.0,0.0,0.0,28.5,12.5,168.0,82.0,99.0,1005.8,100,13.0827,80.275,0.0
2024-08-18 00:00:00+05:30,0.0,0.0,0.0,27.7,15.0,169.0,85.0,100.0,1005.3,100,13.0827,80.275,0.0
2024-08-18 01:00:00+05:30,0.0,0.0,0.0,26.5,9.8,186.0,88.0,100.0,1004.8,100,13.0827,80.275,0.0
2024-08-18 02:00:00+05:30,0.0,0.0,0.0,26.3,7.7,217.0,88.0,100.0,1004.4,100,13.0827,80.275,0.0
2024-08-18 03:00:00+05:30,0.0,0.0,0.0,26.1,6.0,245.0,89.0,99.0,1004.2,100,13.0827,80.275,0.0
2024-08-18 04:00:00+05:30,0.0,0.0,0.0,26.1,6.3,211.0,89.0,100.0,1003.9,100,13.0827,80.275,0.0
2024-08-18 05:00:00+05:30,0.0,0.0,0.0,26.4,7.6,211.0,88.0,100.0,1004.7,100,13.0827,80.275,0.0
2024-08-18 06:00:00+05:30,11.0,11.7,10.0,27.1,6.6,225.0,85.0,87.0,1004.7,100,13.0827,80.275,0.321546441386348
2024-08-18 07:00:00+05:30,144.0,270.2,78.0,28.0,6.2,263.0,84.0,81.0,1005.5,100,13.0827,80.275,7.718456415317498
2024-08-18 08:00:00+05:30,371.0,534.0,116.0,29.5,5.4,270.0,78.0,63.0,1005.7,100,13.0827,80.275,25.96049531064462
2024-08-18 09:00:00+05:30,588.0,657.3,140.0,30.9,6.4,243.0,71.0,96.0,1005.8,100,13.0827,80.275,43.67868791298049
2024-08-18 10:00:00+05:30,767.0,728.6,153.0,32.0,3.7,209.0,66.0,81.0,1005.8,100,13.0827,80.275,56.390897079880695
2024-08-18 11:00:00+05:30,872.0,745.3,164.0,32.8,4.2,121.0,62.0,24.0,1005.2,100,13.0827,80.275,66.29432034757656
2024-08-18 12:00:00+05:30,906.0,732.1,177.0,32.7,9.0,113.0,64.0,64.0,1004.4,100,13.0827,80.275,70.72332244077917
2024-08-18 13:00:00+05:30,889.0,731.6,174.0,31.6,11.8,110.0,71.0,46.0,1003.6,100,13.0827,80.275,69.68285275987982
2024-08-18 14:00:00+05:30,763.0,638.7,191.0,31.0,10.9,117.0,74.0,45.0,1003.2,100,13.0827,80.275,61.19785344855607
2024-08-18 15:00:00+05:30,588.0,544.8,176.0,31.0,12.0,123.0,73.0,30.0,1002.9,100,13.0827,80.275,45.89334586252463
2024-08-18 16:00:00+05:30,448.0,543.3,139.0,30.6,13.8,141.0,75.0,9.0,1002.3,100,13.0827,80.275,32.96838924752769
2024-08-18 17:00:00+05:30,236.0,422.1,90.0,29.9,12.5,141.0,76.0,1.0,1002.4,100,13.0827,80.275,14.537263780220627
2024-08-18 18:00:00+05:30,53.0,159.1,31.0,29.5,8.3,124.0,77.0,19.0,1003.2,100,13.0827,80.275,1.9256302338988232
2024-08-18 19:00:00+05:30,0.0,0.0,0.0,29.1,8.4,137.0,80.0,72.0,1004.0,100,13.0827,80.275,0.0
2024-08-18 20:00:00+05:30,0.0,0.0,0.0,28.8,8.1,148.0,82.0,41.0,1005.1,100,13.0827,80.275,0.0
2024-08-18 21:00:00+05:30,0.0,0.0,0.0,28.7,9.2,149.0,84.0,30.0,1006.0,100,13.0827,80.275,0.0
2024-08-18 22:00:00+05:30,0.0,0.0,0.0,28.7,10.5,153.0,85.0,98.0,1006.3,100,13.0827,80.275,0.0
2024-08-18 23:00:00+05:30,0.0,0.0,0.0,28.6,10.2,162.0,85.0,100.0,1006.0,100,13.0827,80.275,0.0
2024-08-19 00:00:00+05:30,0.0,0.0,0.0,28.5,10.9,172.0,85.0,100.0,1005.5,100,13.0827,80.275,0.0
2024-08-19 01:00:00+05:30,0.0,0.0,0.0,28.3,10.4,178.0,85.0,100.0,1004.9,100,13.0827,80.275,0.0
2024-08-19 02:00:00+05:30,0.0,0.0,0.0,28.0,10.8,184.0,85.0,95.0,1004.3,100,13.0827,80.275,0.0
2024-08-19 03:00:00+05:30,0.0,0.0,0.0,27.8,10.2,190.0,86.0,83.0,1004.2,100,13.0827,80.275,0.0
2024-08-19 04:00:00+05:30,0.0,0.0,0.0,27.3,8.9,223.0,89.0,99.0,1004.2,100,13.0827,80.275,0.0
2024-08-19 05:00:00+05:30,0.0,0.0,0.0,27.2,10.2,212.0,90.0,100.0,1004.2,100,13.0827,80.275,0.0
2024-08-19 06:00:00+05:30,12.0,11.7,11.0,27.7,11.9,205.0,83.0,100.0,1004.4,100,13.0827,80.275,0.4126141459401673
2024-08-19 07:00:00+05:30,139.0,253.9,77.0,28.4,13.5,209.0,81.0,99.0,1005.2,100,13.0827,80.275,7.665493598585911
2024-08-19 08:00:00+05:30,361.0,475.3,134.0,29.8,13.8,221.0,76.0,100.0,1005.8,100,13.0827,80.275,24.753691441746792
2024-08-19 09:00:00+05:30,558.0,545.6,186.0,31.2,14.3,208.0,68.0,100.0,1005.7,100,13.0827,80.275,41.6596960628857
2024-08-19 10:00:00+05:30,725.0,633.4,191.0,32.0,13.6,197.0,64.0,100.0,1005.4,100,13.0827,80.275,55.723321732094675
2024-08-19 11:00:00+05:30,865.0,719.9,181.0,32.5,10.6,190.0,62.0,99.0,1005.2,100,13.0827,80.275,68.10681402348668
2024-08-19 12:00:00+05:30,882.0,653.7,231.0,33.1,9.7,165.0,59.0,98.0,1003.9,100,13.0827,80.275,67.26533977220069
2024-08-19 13:00:00+05:30,864.0,686.8,193.0,32.4,18.0,151.0,65.0,87.0,1003.0,100,13.0827,80.275,67.61420449847002
2024-08-19 14:00:00+05:30,780.0,692.8,160.0,31.2,21.4,160.0,73.0,51.0,1002.1,100,13.0827,80.275,61.90945220099242
2024-08-19 15:00:00+05:30,600.0,558.8,178.0,31.3,19.5,157.0,70.0,57.0,1001.1,100,13.0827,80.275,46.94037923417564
2024-08-19 16:00:00+05:30,436.0,539.3,130.0,30.3,21.3,154.0,74.0,2.0,1000.8,100,13.0827,80.275,32.90038909278724
2024-08-19 17:00:00+05:30,242.0,438.8,91.0,29.7,20.7,160.0,79.0,1.0,1001.2,100,13.0827,80.275,14.72104154229445
2024-08-19 18:00:00+05:30,50.0,109.2,35.0,28.5,17.3,176.0,80.0,99.0,1002.4,100,13.0827,80.275,2.321209899742691
2024-08-19 19:00:00+05:30,0.0,0.0,0.0,28.4,15.9,183.0,80.0,30.0,1003.7,100,13.0827,80.275,0.0
2024-08-19 20:00:00+05:30,0.0,0.0,0.0,28.4,16.0,171.0,80.0,7.0,1004.3,100,13.0827,80.275,0.0
2024-08-19 21:00:00+05:30,0.0,0.0,0.0,28.4,15.8,179.0,81.0,2.0,1005.1,100,13.0827,80.275,0.0
2024-08-19 22:00:00+05:30,0.0,0.0,0.0,28.3,13.3,182.0,82.0,2.0,1005.4,100,13.0827,80.275,0.0
2024-08-19 23:00:00+05:30,0.0,0.0,0.0,28.0,13.0,204.0,84.0,63.0,1005.4,100,13.0827,80.275,0.0
2024-08-20 00:00:00+05:30,0.0,0.0,0.0,25.9,9.9,199.0,93.0,88.0,1005.3,100,13.0827,80.275,0.0
2024-08-20 01:00:00+05:30,0.0,0.0,0.0,26.1,12.1,203.0,92.0,91.0,1004.7,100,13.0827,80.275,0.0
2024-08-20 02:00:00+05:30,0.0,0.0,0.0,25.9,10.0,193.0,93.0,93.0,1004.1,100,13.0827,80.275,0.0
2024-08-20 03:00:00+05:30,0.0,0.0,0.0,25.8,10.0,210.0,93.0,95.0,1003.5,100,13.0827,80.275,0.0
2024-08-20 04:00:00+05:30,0.0,0.0,0.0,25.7,8.7,218.0,94.0,51.0,1003.5,100,13.0827,80.275,0.0
2024-08-20 05:00:00+05:30,0.0,0.0,0.0,25.9,10.0,206.0,93.0,87.0,1003.8,100,13.0827,80.275,0.0
2024-08-20 06:00:00+05:30,12.0,23.4,10.0,26.6,7.0,201.0,91.0,43.0,1004.3,100,13.0827,80.275,0.32187254349476374
2024-08-20 07:00:00+05:30,146.0,278.6,78.0,27.4,8.9,223.0,86.0,23.0,1004.5,100,13.0827,80.275,8.047396980402265
2024-08-20 08:00:00+05:30,362.0,500.3,123.0,28.8,9.5,233.0,80.0,53.0,1005.3,100,13.0827,80.275,25.6877876323369
2024-08-20 09:00:00+05:30,567.0,590.8,164.0,30.0,9.2,239.0,74.0,60.0,1005.7,100,13.0827,80.275,44.34327949531048
2024-08-20 10:00:00+05:30,731.0,640.4,191.0,31.1,7.3,237.0,68.0,83.0,1005.8,100,13.0827,80.275,56.359309787107634
2024-08-20 11:00:00+05:30,846.0,648.2,230.0,31.7,5.6,195.0,65.0,89.0,1005.5,100,13.0827,80.275,64.63122757994807
2024-08-20 12:00:00+05:30,832.0,575.4,259.0,32.1,7.8,158.0,63.0,64.0,1004.5,100,13.0827,80.275,65.68160979892522
2024-08-20 13:00:00+05:30,858.0,646.0,227.0,31.4,15.9,152.0,68.0,100.0,1003.9,100,13.0827,80.275,67.21850216558492
2024-08-20 14:00:00+05:30,676.0,430.5,291.0,30.9,16.6,156.0,72.0,100.0,1003.1,100,13.0827,80.275,53.43930367786355
2024-08-20 15:00:00+05:30,513.0,323.5,269.0,30.4,19.8,153.0,73.0,100.0,1002.8,100,13.0827,80.275,41.709331659823306
2024-08-20 16:00:00+05:30,387.0,344.5,192.0,29.8,21.1,157.0,75.0,100.0,1002.2,100,13.0827,80.275,29.841368279323184
2024-08-20 17:00:00+05:30,188.0,172.3,129.0,29.4,22.3,162.0,78.0,98.0,1002.5,100,13.0827,80.275,13.700488445009663
2024-08-20 18:00:00+05:30,46.0,80.6,35.0,28.8,17.9,170.0,80.0,100.0,1003.2,100,13.0827,80.275,2.3832474813395983
2024-08-20 19:00:00+05:30,0.0,0.0,0.0,28.8,18.8,176.0,81.0,99.0,1004.1,100,13.0827,80.275,0.0
2024-08-20 20:00:00+05:30,0.0,0.0,0.0,28.8,18.0,179.0,83.0,100.0,1005.1,100,13.0827,80.275,0.0
2024-08-20 21:00:00+05:30,0.0,0.0,0.0,28.8,17.6,180.0,83.0,97.0,1006.3,100,13.0827,80.275,0.0
2024-08-20 22:00:00+05:30,0.0,0.0,0.0,28.7,17.3,185.0,85.0,13.0,1007.1,100,13.0827,80.275,0.0
2024-08-20 23:00:00+05:30,0.0,0.0,0.0,28.7,19.4,191.0,81.0,43.0,1006.9,100,13.0827,80.275,0.0
2024-08-21 00:00:00+05:30,0.0,0.0,0.0,28.4,20.4,201.0,79.0,18.0,1006.4,100,13.0827,80.275,0.0
2024-08-21 01:00:00+05:30,0.0,0.0,0.0,27.9,18.9,204.0,82.0,26.0,1005.9,100,13.0827,80.275,0.0
2024-08-21 02:00:00+05:30,0.0,0.0,0.0,27.6,16.0,203.0,82.0,58.0,1005.3,100,13.0827,80.275,0.0
2024-08-21 03:00:00+05:30,0.0,0.0,0.0,27.1,14.5,203.0,84.0,77.0,1004.9,100,13.0827,80.275,0.0
2024-08-21 04:00:00+05:30,0.0,0.0,0.0,26.9,15.6,206.0,84.0,83.0,1005.2,100,13.0827,80.275,0.0
2024-08-21 05:00:00+05:30,0.0,0.0,0.0,26.7,14.9,200.0,85.0,85.0,1005.8,100,13.0827,80.275,0.0
2024-08-21 06:00:00+05:30,11.0,23.4,9.0,27.0,12.7,215.0,83.0,38.0,1006.3,100,13.0827,80.275,0.23576389247965396
2024-08-21 07:00:00+05:30,146.0,291.0,75.0,27.8,15.0,215.0,80.0,63.0,1006.8,100,13.0827,80.275,8.133639942984862
2024-08-21 08:00:00+05:30,320.0,362.0,147.0,29.1,20.9,204.0,74.0,75.0,1007.5,100,13.0827,80.275,23.72784170497695
2024-08-21 09:00:00+05:30,399.0,211.0,255.0,29.7,22.2,188.0,71.0,100.0,1007.8,100,13.0827,80.275,32.04553891912013
2024-08-21 10:00:00+05:30,481.0,188.5,322.0,30.3,20.1,189.0,68.0,97.0,1007.7,100,13.0827,80.275,39.50934129677384
2024-08-21 11:00:00+05:30,769.0,499.8,294.0,31.6,18.7,182.0,66.0,99.0,1007.0,100,13.0827,80.275,61.338510172280166
2024-08-21 12:00:00+05:30,785.0,492.1,295.0,31.9,19.5,177.0,65.0,100.0,1006.2,100,13.0827,80.275,63.136764834945566
2024-08-21 13:00:00+05:30,781.0,459.9,332.0,31.3,23.0,166.0,66.0,100.0,1004.9,100,13.0827,80.275,63.42607175160847
2024-08-21 14:00:00+05:30,691.0,424.1,312.0,31.0,24.0,167.0,69.0,100.0,1004.0,100,13.0827,80.275,54.581014117167754
2024-08-21 15:00:00+05:30,502.0,284.1,288.0,30.7,22.7,170.0,69.0,100.0,1003.2,100,13.0827,80.275,41.362759731894215
2024-08-21 16:00:00+05:30,306.0,136.4,229.0,30.1,22.0,169.0,73.0,100.0,1002.6,100,13.0827,80.275,24.829469118609495
2024-08-21 17:00:00+05:30,132.0,32.3,121.0,29.2,22.2,167.0,79.0,100.0,1003.0,100,13.0827,80.275,10.596971475159943
2024-08-21 18:00:00+05:30,49.0,132.9,31.0,29.0,18.8,177.0,79.0,59.0,1003.6,100,13.0827,80.275,1.937343948859567
2024-08-21 19:00:00+05:30,0.0,0.0,0.0,28.7,17.3,185.0,81.0,57.0,1004.5,100,13.0827,80.275,0.0
2024-08-21 20:00:00+05:30,0.0,0.0,0.0,28.7,16.3,185.0,80.0,55.0,1004.9,100,13.0827,80.275,0.0
2024-08-21 21:00:00+05:30,0.0,0.0,0.0,28.8,16.2,193.0,78.0,73.0,1006.5,100,13.0827,80.275,0.0
2024-08-21 22:00:00+05:30,0.0,0.0,0.0,28.7,14.3,198.0,78.0,83.0,1006.9,100,13.0827,80.275,0.0
2024-08-21 23:00:00+05:30,0.0,0.0,0.0,28.4,14.2,204.0,77.0,99.0,1006.8,100,13.0827,80.275,0.0
2024-08-22 00:00:00+05:30,0.0,0.0,0.0,28.3,17.1,208.0,74.0,100.0,1006.3,100,13.0827,80.275,0.0
2024-08-22 01:00:00+05:30,0.0,0.0,0.0,27.9,17.4,210.0,76.0,93.0,1005.9,100,13.0827,80.275,0.0
2024-08-22 02:00:00+05:30,0.0,0.0,0.0,27.5,17.3,211.0,77.0,95.0,1005.5,100,13.0827,80.275,0.0
2024-08-22 03:00:00+05:30,0.0,0.0,0.0,27.3,16.5,216.0,76.0,91.0,1005.2,100,13.0827,80.275,0.0
2024-08-22 04:00:00+05:30,0.0,0.0,0.0,27.0,15.0,210.0,76.0,94.0,1005.9,100,13.0827,80.275,0.0
2024-08-22 05:00:00+05:30,0.0,0.0,0.0,26.8,14.8,209.0,76.0,100.0,1006.2,100,13.0827,80.275,0.0
2024-08-22 06:00:00+05:30,12.0,11.7,11.0,26.6,11.2,225.0,78.0,55.0,1006.8,100,13.0827,80.275,0.42036757923238566
2024-08-22 07:00:00+05:30,147.0,282.8,78.0,27.6,11.5,226.0,74.0,94.0,1007.4,100,13.0827,80.275,8.299695107417834
2024-08-22 08:00:00+05:30,333.0,374.5,154.0,28.9,12.7,225.0,67.0,97.0,1007.6,100,13.0827,80.275,23.76500445811532
2024-08-22 09:00:00+05:30,409.0,165.5,296.0,29.8,10.9,224.0,63.0,99.0,1008.3,100,13.0827,80.275,32.88929466553274
2024-08-22 10:00:00+05:30,708.0,545.2,248.0,31.2,10.8,217.0,59.0,49.0,1008.1,100,13.0827,80.275,55.3746894964549
2024-08-22 11:00:00+05:30,866.0,682.8,217.0,32.2,11.0,203.0,57.0,54.0,1007.5,100,13.0827,80.275,68.99765715322117
2024-08-22 12:00:00+05:30,872.0,608.6,266.0,32.7,12.6,183.0,56.0,100.0,1006.7,100,13.0827,80.275,67.35289443078969
2024-08-22 13:00:00+05:30,761.0,385.2,385.0,32.8,14.7,169.0,56.0,100.0,1005.5,100,13.0827,80.275,59.15853592605888
2024-08-22 14:00:00+05:30,428.0,66.1,369.0,31.3,18.5,173.0,65.0,97.0,1004.8,100,13.0827,80.275,35.51660797982478
2024-08-22 15:00:00+05:30,536.0,353.7,270.0,31.4,22.3,170.0,64.0,99.0,1004.2,100,13.0827,80.275,42.30500260801439
2024-08-22 16:00:00+05:30,260.0,78.2,216.0,29.4,26.2,164.0,70.0,65.0,1004.1,100,13.0827,80.275,21.651535530696247
2024-08-22 17:00:00+05:30,217.0,342.6,101.0,29.3,23.0,180.0,70.0,93.0,1004.8,100,13.0827,80.275,13.554754521698863
2024-08-22 18:00:00+05:30,41.0,81.9,30.0,29.1,19.1,177.0,72.0,99.0,1005.6,100,13.0827,80.275,1.9073116549982325
2024-08-22 19:00:00+05:30,0.0,0.0,0.0,28.9,20.2,177.0,74.0,29.0,1006.4,100,13.0827,80.275,0.0
2024-08-22 20:00:00+05:30,0.0,0.0,0.0,28.7,18.8,185.0,76.0,67.0,1007.0,100,13.0827,80.275,0.0
2024-08-22 21:00:00+05:30,0.0,0.0,0.0,28.8,19.5,185.0,78.0,96.0,1007.9,100,13.0827,80.275,0.0
2024-08-22 22:00:00+05:30,0.0,0.0,0.0,28.6,18.9,194.0,82.0,100.0,1008.2,100,13.0827,80.275,0.0
2024-08-22 23:00:00+05:30,0.0,0.0,0.0,28.5,18.0,200.0,80.0,100.0,1007.9,100,13.0827,80.275,0.0
2024-08-23 00:00:00+05:30,0.0,0.0,0.0,28.2,17.4,204.0,80.0,89.0,1007.4,100,13.0827,80.275,0.0
2024-08-23 01:00:00+05:30,0.0,0.0,0.0,27.8,16.4,206.0,81.0,35.0,1006.9,100,13.0827,80.275,0.0
2024-08-23 02:00:00+05:30,0.0,0.0,0.0,27.5,16.8,208.0,80.0,12.0,1006.5,100,13.0827,80.275,0.0
2024-08-23 03:00:00+05:30,0.0,0.0,0.0,27.1,15.6,214.0,80.0,46.0,1006.3,100,13.0827,80.275,0.0
2024-08-23 04:00:00+05:30,0.0,0.0,0.0,26.9,15.3,214.0,81.0,52.0,1006.5,100,13.0827,80.275,0.0
2024-08-23 05:00:00+05:30,0.0,0.0,0.0,26.6,13.5,214.0,83.0,84.0,1006.8,100,13.0827,80.275,0.0
2024-08-23 06:00:00+05:30,12.0,23.4,10.0,27.3,14.6,213.0,83.0,90.0,1007.2,100,13.0827,80.275,0.31292150210067415
2024-08-23 07:00:00+05:30,145.0,266.4,80.0,28.3,14.5,210.0,79.0,100.0,1007.9,100,13.0827,80.275,8.569968314327824
2024-08-23 08:00:00+05:30,294.0,301.2,150.0,29.3,15.5,208.0,75.0,100.0,1008.2,100,13.0827,80.275,21.652191479017482
2024-08-23 09:00:00+05:30,564.0,575.6,171.0,31.0,15.3,210.0,68.0,100.0,1008.1,100,13.0827,80.275,43.47727987072531
2024-08-23 10:00:00+05:30,759.0,686.0,180.0,32.5,15.1,205.0,61.0,100.0,1008.0,100,13.0827,80.275,60.456727392311365
2024-08-23 11:00:00+05:30,893.0,762.6,168.0,33.6,13.4,200.0,57.0,100.0,1007.9,100,13.0827,80.275,68.55683296994849
2024-08-23 12:00:00+05:30,937.0,744.3,196.0,34.1,13.4,186.0,54.0,77.0,1006.8,100,13.0827,80.275,72.81027407747877
2024-08-23 13:00:00+05:30,863.0,705.2,175.0,33.8,16.6,179.0,57.0,91.0,1005.7,100,13.0827,80.275,66.81623630034507
2024-08-23 14:00:00+05:30,750.0,580.7,232.0,33.3,18.1,174.0,62.0,87.0,1004.8,100,13.0827,80.275,59.509940860189666
2024-08-23 15:00:00+05:30,514.0,321.0,273.0,32.3,20.6,168.0,68.0,58.0,1004.3,100,13.0827,80.275,41.00117519648754
2024-08-23 16:00:00+05:30,397.0,377.7,185.0,31.5,21.0,167.0,71.0,96.0,1004.1,100,13.0827,80.275,30.235291113078365
2024-08-23 17:00:00+05:30,201.0,264.4,112.0,30.5,21.0,167.0,75.0,86.0,1004.6,100,13.0827,80.275,13.759074335991254
2024-08-23 18:00:00+05:30,31.0,15.0,29.0,29.4,19.9,174.0,76.0,100.0,1005.6,100,13.0827,80.275,1.9383441066747136
2024-08-23 19:00:00+05:30,0.0,0.0,0.0,29.3,20.9,181.0,79.0,100.0,1005.8,100,13.0827,80.275,0.0
2024-08-23 20:00:00+05:30,0.0,0.0,0.0,29.1,20.5,178.0,81.0,100.0,1006.9,100,13.0827,80.275,0.0
2024-08-23 21:00:00+05:30,0.0,0.0,0.0,28.9,19.8,181.0,84.0,100.0,1007.5,100,13.0827,80.275,0.0
2024-08-23 22:00:00+05:30,0.0,0.0,0.0,28.7,19.8,182.0,84.0,100.0,1007.9,100,13.0827,80.275,0.0
2024-08-23 23:00:00+05:30,0.0,0.0,0.0,28.9,22.7,191.0,79.0,100.0,1007.4,100,13.0827,80.275,0.0
2024-08-24 00:00:00+05:30,0.0,0.0,0.0,28.5,22.8,198.0,77.0,99.0,1007.1,100,13.0827,80.275,0.0
2024-08-24 01:00:00+05:30,0.0,0.0,0.0,28.0,21.0,202.0,78.0,90.0,1007.0,100,13.0827,80.275,0.0
2024-08-24 02:00:00+05:30,0.0,0.0,0.0,27.7,20.3,205.0,77.0,100.0,1006.8,100,13.0827,80.275,0.0
2024-08-24 03:00:00+05:30,0.0,0.0,0.0,27.4,20.0,206.0,76.0,100.0,1006.6,100,13.0827,80.275,0.0
2024-08-24 04:00:00+05:30,0.0,0.0,0.0,27.2,18.4,208.0,76.0,100.0,1006.7,100,13.0827,80.275,0.0
2024-08-24 05:00:00+05:30,0.0,0.0,0.0,27.0,16.8,211.0,77.0,100.0,1006.9,100,13.0827,80.275,0.0
2024-08-24 06:00:00+05:30,7.0,0.0,7.0,27.4,15.6,214.0,77.0,100.0,1007.5,100,13.0827,80.275,0.06433476191665007
2024-08-24 07:00:00+05:30,103.0,45.1,92.0,28.0,13.7,215.0,76.0,100.0,1008.5,100,13.0827,80.275,7.825749536476175
2024-08-24 08:00:00+05:30,326.0,319.9,173.0,29.5,15.2,211.0,71.0,100.0,1008.9,100,13.0827,80.275,24.75647718199747
2024-08-24 09:00:00+05:30,537.0,459.7,223.0,31.1,15.9,213.0,65.0,99.0,1008.7,100,13.0827,80.275,42.65165476564106
2024-08-24 10:00:00+05:30,715.0,555.6,246.0,32.5,15.6,214.0,59.0,100.0,1008.4,100,13.0827,80.275,55.719683854213926
2024-08-24 11:00:00+05:30,871.0,686.8,218.0,33.7,16.0,211.0,55.0,100.0,1007.8,100,13.0827,80.275,68.08602819795712
2024-08-24 12:00:00+05:30,880.0,583.7,299.0,34.3,15.9,205.0,53.0,100.0,1006.9,100,13.0827,80.275,68.58281159753378
2024-08-24 13:00:00+05:30,831.0,534.3,310.0,34.6,16.4,199.0,49.0,100.0,1005.5,100,13.0827,80.275,64.45154906453955
2024-08-24 14:00:00+05:30,630.0,278.3,382.0,34.2,17.2,196.0,51.0,100.0,1004.4,100,13.0827,80.275,51.7723552927501
2024-08-24 15:00:00+05:30,471.0,253.5,281.0,33.7,16.0,194.0,56.0,100.0,1003.7,100,13.0827,80.275,37.2015732610008
2024-08-24 16:00:00+05:30,385.0,327.0,202.0,32.9,16.6,179.0,63.0,100.0,1003.5,100,13.0827,80.275,30.234253840727227
2024-08-24 17:00:00+05:30,147.0,107.6,111.0,31.5,15.5,177.0,71.0,100.0,1004.5,100,13.0827,80.275,10.691391027896827
2024-08-24 18:00:00+05:30,36.0,22.7,33.0,30.5,13.0,178.0,75.0,100.0,1005.3,100,13.0827,80.275,2.276821045526824
2024-08-24 19:00:00+05:30,0.0,0.0,0.0,29.8,13.3,182.0,77.0,100.0,1005.9,100,13.0827,80.275,0.0
2024-08-24 20:00:00+05:30,0.0,0.0,0.0,29.4,13.0,185.0,77.0,100.0,1006.7,100,13.0827,80.275,0.0
2024-08-24 21:00:00+05:30,0.0,0.0,0.0,29.2,12.0,187.0,77.0,98.0,1007.7,100,13.0827,80.275,0.0
2024-08-24 22:00:00+05:30,0.0,0.0,0.0,29.2,12.7,195.0,73.0,99.0,1008.0,100,13.0827,80.275,0.0
2024-08-24 23:00:00+05:30,0.0,0.0,0.0,29.2,12.4,216.0,66.0,100.0,1007.7,100,13.0827,80.275,0.0
2024-08-25 00:00:00+05:30,0.0,0.0,0.0,29.2,14.1,230.0,63.0,100.0,1007.3,100,13.0827,80.275,0.0
2024-08-25 01:00:00+05:30,0.0,0.0,0.0,28.9,13.0,236.0,65.0,100.0,1006.7,100,13.0827,80.275,0.0
2024-08-25 02:00:00+05:30,0.0,0.0,0.0,28.2,10.2,231.0,68.0,100.0,1006.3,100,13.0827,80.275,0.0
2024-08-25 03:00:00+05:30,0.0,0.0,0.0,27.9,10.7,222.0,70.0,100.0,1006.1,100,13.0827,80.275,0.0
2024-08-25 04:00:00+05:30,0.0,0.0,0.0,27.7,10.7,230.0,71.0,100.0,1006.3,100,13.0827,80.275,0.0
2024-08-25 05:00:00+05:30,0.0,0.0,0.0,27.2,9.7,231.0,73.0,100.0,1006.7,100,13.0827,80.275,0.0
2024-08-25 06:00:00+05:30,11.0,11.7,10.0,27.8,11.2,230.0,68.0,100.0,1007.9,100,13.0827,80.275,0.3205343649811696
2024-08-25 07:00:00+05:30,131.0,151.7,94.0,28.7,10.9,226.0,67.0,100.0,1008.2,100,13.0827,80.275,8.551401675455569
2024-08-25 08:00:00+05:30,305.0,257.0,182.0,30.1,14.7,239.0,60.0,100.0,1008.3,100,13.0827,80.275,23.72248214297355
2024-08-25 09:00:00+05:30,557.0,502.0,214.0,31.4,16.1,246.0,55.0,100.0,1008.3,100,13.0827,80.275,44.130935257418436
2024-08-25 10:00:00+05:30,720.0,544.8,260.0,32.4,14.5,240.0,52.0,99.0,1007.6,100,13.0827,80.275,57.414964378204886
2024-08-25 11:00:00+05:30,889.0,720.5,204.0,33.5,14.8,236.0,50.0,100.0,1006.7,100,13.0827,80.275,68.77042191478454
2024-08-25 12:00:00+05:30,926.0,691.3,238.0,34.6,19.4,255.0,47.0,100.0,1006.0,100,13.0827,80.275,72.48312109606829
2024-08-25 13:00:00+05:30,783.0,512.0,284.0,34.9,17.3,249.0,46.0,73.0,1005.2,100,13.0827,80.275,61.161923358820665
2024-08-25 14:00:00+05:30,759.0,666.0,166.0,35.2,14.2,234.0,44.0,73.0,1004.2,100,13.0827,80.275,59.832627828820975
2024-08-25 15:00:00+05:30,596.0,570.7,169.0,34.2,12.3,183.0,48.0,60.0,1003.6,100,13.0827,80.275,47.074163430954776
2024-08-25 16:00:00+05:30,397.0,466.0,137.0,32.4,17.6,154.0,67.0,69.0,1003.1,100,13.0827,80.275,29.577045829386943
2024-08-25 17:00:00+05:30,189.0,291.8,92.0,31.2,16.6,167.0,70.0,57.0,1003.6,100,13.0827,80.275,12.220497193504592
2024-08-25 18:00:00+05:30,34.0,68.7,25.0,30.0,14.7,149.0,76.0,99.0,1004.5,100,13.0827,80.275,1.565182374569706
2024-08-25 19:00:00+05:30,0.0,0.0,0.0,29.9,15.8,179.0,70.0,100.0,1004.9,100,13.0827,80.275,0.0
2024-08-25 20:00:00+05:30,0.0,0.0,0.0,30.0,15.9,186.0,66.0,100.0,1005.5,100,13.0827,80.275,0.0
2024-08-25 21:00:00+05:30,0.0,0.0,0.0,29.3,17.3,192.0,76.0,98.0,1006.1,100,13.0827,80.275,0.0
2024-08-25 22:00:00+05:30,0.0,0.0,0.0,29.6,15.6,203.0,69.0,75.0,1006.4,100,13.0827,80.275,0.0
2024-08-25 23:00:00+05:30,0.0,0.0,0.0,30.0,14.6,218.0,57.0,100.0,1006.0,100,13.0827,80.275,0.0
2024-08-26 00:00:00+05:30,0.0,0.0,0.0,29.4,12.8,220.0,60.0,100.0,1005.6,100,13.0827,80.275,0.0
2024-08-26 01:00:00+05:30,0.0,0.0,0.0,28.6,11.5,231.0,64.0,98.0,1005.2,100,13.0827,80.275,0.0
2024-08-26 02:00:00+05:30,0.0,0.0,0.0,28.5,13.5,241.0,62.0,97.0,1004.9,100,13.0827,80.275,0.0
2024-08-26 03:00:00+05:30,0.0,0.0,0.0,28.7,15.3,251.0,60.0,78.0,1004.7,100,13.0827,80.275,0.0
2024-08-26 04:00:00+05:30,0.0,0.0,0.0,28.4,16.7,251.0,60.0,99.0,1005.0,100,13.0827,80.275,0.0
2024-08-26 05:00:00+05:30,0.0,0.0,0.0,28.1,18.3,250.0,60.0,97.0,1005.2,100,13.0827,80.275,0.0
2024-08-26 06:00:00+05:30,11.0,11.7,10.0,27.9,19.4,252.0,60.0,99.0,1006.0,100,13.0827,80.275,0.3176427720603137
2024-08-26 07:00:00+05:30,146.0,254.1,84.0,28.9,18.9,256.0,58.0,99.0,1006.6,100,13.0827,80.275,8.612064614364394
2024-08-26 08:00:00+05:30,368.0,484.6,136.0,30.0,20.3,264.0,55.0,99.0,1007.3,100,13.0827,80.275,26.896612281979984
2024-08-26 09:00:00+05:30,570.0,579.3,174.0,31.5,21.1,256.0,51.0,96.0,1007.2,100,13.0827,80.275,44.079854413782776
2024-08-26 10:00:00+05:30,772.0,704.5,177.0,33.3,22.9,251.0,46.0,100.0,1006.7,100,13.0827,80.275,59.70087901639166
2024-08-26 11:00:00+05:30,884.0,735.2,185.0,34.3,23.3,243.0,44.0,91.0,1005.9,100,13.0827,80.275,73.00081858117964
2024-08-26 12:00:00+05:30,950.0,782.0,172.0,34.8,23.2,251.0,43.0,97.0,1005.3,100,13.0827,80.275,76.90235144714524
2024-08-26 13:00:00+05:30,908.0,725.9,201.0,35.2,18.1,253.0,45.0,46.0,1004.3,100,13.0827,80.275,71.74312031849502
2024-08-26 14:00:00+05:30,719.0,535.2,243.0,35.2,11.5,224.0,45.0,89.0,1003.3,100,13.0827,80.275,55.1863651512009
2024-08-26 15:00:00+05:30,534.0,443.2,203.0,33.2,6.9,174.0,53.0,69.0,1003.1,100,13.0827,80.275,40.93616795927249
2024-08-26 16:00:00+05:30,394.0,428.0,156.0,31.8,21.8,149.0,67.0,34.0,1002.7,100,13.0827,80.275,31.41247939284918
2024-08-26 17:00:00+05:30,205.0,360.4,86.0,30.7,21.3,161.0,69.0,91.0,1002.7,100,13.0827,80.275,13.085013101765481
2024-08-26 18:00:00+05:30,39.0,107.8,25.0,30.3,14.3,168.0,71.0,99.0,1003.5,100,13.0827,80.275,1.5216397466858496
2024-08-26 19:00:00+05:30,0.0,0.0,0.0,30.0,13.5,189.0,72.0,100.0,1004.4,100,13.0827,80.275,0.0
2024-08-26 20:00:00+05:30,0.0,0.0,0.0,30.3,8.0,216.0,63.0,100.0,1005.6,100,13.0827,80.275,0.0
2024-08-26 21:00:00+05:30,0.0,0.0,0.0,29.7,8.2,195.0,66.0,100.0,1006.6,100,13.0827,80.275,0.0
2024-08-26 22:00:00+05:30,0.0,0.0,0.0,29.6,7.4,231.0,62.0,100.0,1007.1,100,13.0827,80.275,0.0
2024-08-26 23:00:00+05:30,0.0,0.0,0.0,29.6,11.0,247.0,59.0,100.0,1007.1,100,13.0827,80.275,0.0
2024-08-27 00:00:00+05:30,0.0,0.0,0.0,27.1,9.4,247.0,75.0,100.0,1007.0,100,13.0827,80.275,0.0
2024-08-27 01:00:00+05:30,0.0,0.0,0.0,26.5,3.2,297.0,80.0,100.0,1006.2,100,13.0827,80.275,0.0
2024-08-27 02:00:00+05:30,0.0,0.0,0.0,27.0,8.1,225.0,78.0,100.0,1005.8,100,13.0827,80.275,0.0
2024-08-27 03:00:00+05:30,0.0,0.0,0.0,26.9,8.4,187.0,79.0,100.0,1005.4,100,13.0827,80.275,0.0
2024-08-27 04:00:00+05:30,0.0,0.0,0.0,26.8,9.0,203.0,83.0,100.0,1005.4,100,13.0827,80.275,0.0
2024-08-27 05:00:00+05:30,0.0,0.0,0.0,26.6,8.7,222.0,83.0,100.0,1005.7,100,13.0827,80.275,0.0
2024-08-27 06:00:00+05:30,5.0,0.0,5.0,28.2,11.7,236.0,64.0,100.0,1006.4,100,13.0827,80.275,0.0
2024-08-27 07:00:00+05:30,70.0,4.1,69.0,28.8,11.8,239.0,63.0,100.0,1007.0,100,13.0827,80.275,5.685491374274761
2024-08-27 08:00:00+05:30,208.0,41.8,188.0,29.9,13.4,246.0,59.0,100.0,1007.4,100,13.0827,80.275,17.411288382183102
2024-08-27 09:00:00+05:30,332.0,64.3,288.0,30.8,14.1,257.0,56.0,100.0,1008.0,100,13.0827,80.275,27.02229388097557
2024-08-27 10:00:00+05:30,410.0,86.4,337.0,31.6,14.2,249.0,54.0,100.0,1007.6,100,13.0827,80.275,33.954717217564806
2024-08-27 11:00:00+05:30,518.0,109.4,414.0,32.5,13.1,249.0,52.0,100.0,1007.0,100,13.0827,80.275,43.55377062772752
2024-08-27 12:00:00+05:30,756.0,331.8,426.0,33.9,13.6,253.0,49.0,100.0,1006.3,100,13.0827,80.275,60.701444692579116
2024-08-27 13:00:00+05:30,644.0,216.8,433.0,33.9,16.2,249.0,47.0,100.0,1005.7,100,13.0827,80.275,52.531062240241845
2024-08-27 14:00:00+05:30,520.0,138.5,397.0,34.1,10.4,236.0,48.0,100.0,1004.8,100,13.0827,80.275,41.42667095083139
2024-08-27 15:00:00+05:30,329.0,52.3,290.0,32.9,10.9,171.0,54.0,100.0,1004.4,100,13.0827,80.275,26.935160016802133
2024-08-27 16:00:00+05:30,167.0,10.8,161.0,30.0,9.5,191.0,74.0,100.0,1004.5,100,13.0827,80.275,14.232413570268184
2024-08-27 17:00:00+05:30,122.0,45.7,107.0,30.3,7.6,175.0,71.0,100.0,1004.7,100,13.0827,80.275,9.688274176703926
2024-08-27 18:00:00+05:30,27.0,15.5,25.0,29.1,7.1,139.0,78.0,100.0,1006.0,100,13.0827,80.275,1.6100861775467412
2024-08-27 19:00:00+05:30,0.0,0.0,0.0,29.3,12.7,173.0,77.0,100.0,1007.0,100,13.0827,80.275,0.0
2024-08-27 20:00:00+05:30,0.0,0.0,0.0,29.3,14.6,190.0,73.0,100.0,1007.6,100,13.0827,80.275,0.0
2024-08-27 21:00:00+05:30,0.0,0.0,0.0,29.1,12.0,196.0,75.0,100.0,1008.2,100,13.0827,80.275,0.0
2024-08-27 22:00:00+05:30,0.0,0.0,0.0,28.7,10.1,207.0,77.0,100.0,1008.7,100,13.0827,80.275,0.0
2024-08-27 23:00:00+05:30,0.0,0.0,0.0,28.6,7.7,233.0,77.0,100.0,1008.5,100,13.0827,80.275,0.0
2024-08-28 00:00:00+05:30,0.0,0.0,0.0,28.3,6.9,223.0,78.0,100.0,1007.7,100,13.0827,80.275,0.0
2024-08-28 01:00:00+05:30,0.0,0.0,0.0,28.2,7.6,265.0,77.0,98.0,1007.1,100,13.0827,80.275,0.0
2024-08-28 02:00:00+05:30,0.0,0.0,0.0,28.2,9.4,272.0,72.0,100.0,1006.3,100,13.0827,80.275,0.0
2024-08-28 03:00:00+05:30,0.0,0.0,0.0,28.0,9.9,280.0,68.0,100.0,1005.9,100,13.0827,80.275,0.0
2024-08-28 04:00:00+05:30,0.0,0.0,0.0,27.7,6.2,249.0,70.0,100.0,1006.3,100,13.0827,80.275,0.0
2024-08-28 05:00:00+05:30,0.0,0.0,0.0,27.5,6.2,249.0,71.0,100.0,1006.6,100,13.0827,80.275,0.0
2024-08-28 06:00:00+05:30,2.0,0.0,2.0,25.7,9.6,257.0,85.0,100.0,1007.9,100,13.0827,80.275,0.0
2024-08-28 07:00:00+05:30,41.0,0.0,41.0,26.1,12.0,254.0,83.0,100.0,1008.5,100,13.0827,80.275,3.1784026915979253
2024-08-28 08:00:00+05:30,84.0,0.0,84.0,26.5,11.2,264.0,80.0,100.0,1008.8,100,13.0827,80.275,6.795965823510702
2024-08-28 09:00:00+05:30,135.0,1.5,134.0,26.8,9.0,247.0,79.0,100.0,1009.2,100,13.0827,80.275,11.50011174001862
2024-08-28 10:00:00+05:30,159.0,3.6,156.0,26.9,9.5,241.0,82.0,100.0,1009.2,100,13.0827,80.275,13.699786071629392
2024-08-28 11:00:00+05:30,310.0,13.7,297.0,27.7,10.7,250.0,77.0,100.0,1008.3,100,13.0827,80.275,26.506965291458485
2024-08-28 12:00:00+05:30,330.0,22.1,308.0,28.6,9.2,244.0,71.0,100.0,1007.2,100,13.0827,80.275,27.409972537304153
2024-08-28 13:00:00+05:30,285.0,15.4,270.0,29.0,8.8,235.0,69.0,100.0,1006.2,100,13.0827,80.275,23.999156343659454
2024-08-28 14:00:00+05:30,219.0,9.0,211.0,29.2,9.6,236.0,67.0,100.0,1005.4,100,13.0827,80.275,18.461527028972117
2024-08-28 15:00:00+05:30,135.0,0.0,135.0,29.1,8.9,230.0,68.0,100.0,1005.1,100,13.0827,80.275,11.039499587407423
2024-08-28 16:00:00+05:30,116.0,5.4,113.0,28.9,8.9,207.0,71.0,100.0,1004.7,100,13.0827,80.275,9.523957171459319
2024-08-28 17:00:00+05:30,98.0,12.3,94.0,28.5,9.5,191.0,73.0,100.0,1005.0,100,13.0827,80.275,8.057646561391518
2024-08-28 18:00:00+05:30,18.0,0.0,18.0,26.9,12.1,170.0,85.0,100.0,1005.9,100,13.0827,80.275,1.0605923252153022
2024-08-28 19:00:00+05:30,0.0,0.0,0.0,26.7,10.7,192.0,85.0,100.0,1006.5,100,13.0827,80.275,0.0
2024-08-28 20:00:00+05:30,0.0,0.0,0.0,26.4,12.4,202.0,88.0,100.0,1007.4,100,13.0827,80.275,0.0
2024-08-28 21:00:00+05:30,0.0,0.0,0.0,26.2,11.5,200.0,89.0,100.0,1008.0,100,13.0827,80.275,0.0
2024-08-28 22:00:00+05:30,0.0,0.0,0.0,26.0,11.9,194.0,90.0,100.0,1008.3,100,13.0827,80.275,0.0
2024-08-28 23:00:00+05:30,0.0,0.0,0.0,25.7,12.2,199.0,93.0,100.0,1008.3,100,13.0827,80.275,0.0
2024-08-29 00:00:00+05:30,0.0,0.0,0.0,25.5,15.4,213.0,93.0,100.0,1006.8,100,13.0827,80.275,0.0
2024-08-29 01:00:00+05:30,0.0,0.0,0.0,25.3,14.3,214.0,93.0,100.0,1006.0,100,13.0827,80.275,0.0
2024-08-29 02:00:00+05:30,0.0,0.0,0.0,25.2,15.8,227.0,93.0,100.0,1004.6,100,13.0827,80.275,0.0
2024-08-29 03:00:00+05:30,0.0,0.0,0.0,25.0,13.3,237.0,92.0,100.0,1005.1,100,13.0827,80.275,0.0
2024-08-29 04:00:00+05:30,0.0,0.0,0.0,24.8,15.0,210.0,93.0,100.0,1005.3,100,13.0827,80.275,0.0
2024-08-29 05:00:00+05:30,0.0,0.0,0.0,25.0,13.1,217.0,93.0,100.0,1005.2,100,13.0827,80.275,0.0
2024-08-29 06:00:00+05:30,4.0,0.0,4.0,25.8,14.2,249.0,87.0,100.0,1005.4,100,13.0827,80.275,0.0
2024-08-29 07:00:00+05:30,34.0,0.0,34.0,26.1,14.2,254.0,84.0,100.0,1006.0,100,13.0827,80.275,2.467225031319149
2024-08-29 08:00:00+05:30,79.0,0.0,79.0,26.8,14.0,247.0,81.0,100.0,1006.3,100,13.0827,80.275,6.284080650435825
2024-08-29 09:00:00+05:30,245.0,24.8,228.0,28.5,11.1,245.0,74.0,100.0,1006.7,100,13.0827,80.275,20.90748702239701
2024-08-29 10:00:00+05:30,328.0,27.2,305.0,29.6,9.7,243.0,67.0,100.0,1006.6,100,13.0827,80.275,27.8390933793679
2024-08-29 11:00:00+05:30,261.0,22.1,240.0,30.0,9.9,251.0,64.0,100.0,1005.6,100,13.0827,80.275,21.774055415424662
2024-08-29 12:00:00+05:30,472.0,52.3,420.0,32.0,12.3,277.0,56.0,100.0,1004.6,100,13.0827,80.275,39.3073210743464
2024-08-29 13:00:00+05:30,368.0,21.6,347.0,32.6,10.7,284.0,53.0,100.0,1003.2,100,13.0827,80.275,31.700695651949445
2024-08-29 14:00:00+05:30,599.0,223.4,401.0,33.8,7.3,279.0,50.0,100.0,1002.2,100,13.0827,80.275,48.24311580390678
2024-08-29 15:00:00+05:30,328.0,64.7,280.0,27.9,13.9,253.0,79.0,100.0,1002.8,100,13.0827,80.275,26.637034942278355
2024-08-29 16:00:00+05:30,163.0,9.1,158.0,28.3,4.0,85.0,79.0,100.0,1001.7,100,13.0827,80.275,13.999479952998852
2024-08-29 17:00:00+05:30,142.0,37.1,130.0,28.6,6.6,167.0,79.0,100.0,1002.7,100,13.0827,80.275,11.226570133087662
2024-08-29 18:00:00+05:30,29.0,15.8,27.0,28.5,7.4,203.0,79.0,100.0,1003.3,100,13.0827,80.275,1.8224590242402485
2024-08-29 19:00:00+05:30,0.0,0.0,0.0,28.2,22.2,230.0,71.0,100.0,1004.3,100,13.0827,80.275,0.0
2024-08-29 20:00:00+05:30,0.0,0.0,0.0,27.0,22.6,248.0,78.0,100.0,1004.8,100,13.0827,80.275,0.0
2024-08-29 21:00:00+05:30,0.0,0.0,0.0,26.7,15.6,236.0,80.0,100.0,1005.5,100,13.0827,80.275,0.0
2024-08-29 22:00:00+05:30,0.0,0.0,0.0,26.3,15.6,236.0,82.0,100.0,1005.3,100,13.0827,80.275,0.0
2024-08-29 23:00:00+05:30,0.0,0.0,0.0,26.3,17.9,236.0,83.0,100.0,1004.8,100,13.0827,80.275,0.0
2024-08-30 00:00:00+05:30,0.0,0.0,0.0,26.5,17.6,242.0,81.0,96.0,1003.6,100,13.0827,80.275,0.0
2024-08-30 01:00:00+05:30,0.0,0.0,0.0,26.5,16.5,250.0,80.0,100.0,1002.9,100,13.0827,80.275,0.0
2024-08-30 02:00:00+05:30,0.0,0.0,0.0,26.8,16.1,246.0,78.0,100.0,1002.6,100,13.0827,80.275,0.0
2024-08-30 03:00:00+05:30,0.0,0.0,0.0,26.7,14.9,238.0,78.0,100.0,1003.0,100,13.0827,80.275,0.0
2024-08-30 04:00:00+05:30,0.0,0.0,0.0,26.6,15.6,236.0,77.0,100.0,1003.7,100,13.0827,80.275,0.0
2024-08-30 05:00:00+05:30,0.0,0.0,0.0,26.5,14.0,247.0,77.0,100.0,1004.0,100,13.0827,80.275,0.0
2024-08-30 06:00:00+05:30,6.0,0.0,6.0,27.6,13.8,277.0,70.0,100.0,1004.7,100,13.0827,80.275,0.0
2024-08-30 07:00:00+05:30,50.0,0.0,50.0,27.6,7.8,338.0,74.0,100.0,1006.1,100,13.0827,80.275,3.9408603598707415
2024-08-30 08:00:00+05:30,176.0,22.9,165.0,27.8,3.0,346.0,76.0,100.0,1006.7,100,13.0827,80.275,14.617507400917042
2024-08-30 09:00:00+05:30,317.0,78.9,263.0,28.7,2.7,247.0,72.0,100.0,1006.0,100,13.0827,80.275,25.520853016880658
2024-08-30 10:00:00+05:30,263.0,22.5,244.0,29.6,9.5,245.0,65.0,100.0,1005.7,100,13.0827,80.275,21.743434400582586
2024-08-30 11:00:00+05:30,364.0,42.1,324.0,30.8,11.9,267.0,60.0,100.0,1004.9,100,13.0827,80.275,30.39879842360276
2024-08-30 12:00:00+05:30,536.0,109.7,427.0,31.9,14.4,270.0,56.0,100.0,1004.3,100,13.0827,80.275,44.0559287267491
2024-08-30 13:00:00+05:30,372.0,46.3,327.0,32.1,14.8,269.0,54.0,100.0,1003.5,100,13.0827,80.275,31.424221878349414
2024-08-30 14:00:00+05:30,420.0,71.2,357.0,32.2,12.2,289.0,55.0,100.0,1002.6,100,13.0827,80.275,35.590193266552205
2024-08-30 15:00:00+05:30,503.0,261.9,309.0,29.7,22.4,264.0,65.0,100.0,1003.3,100,13.0827,80.275,41.116785363408276
2024-08-30 16:00:00+05:30,61.0,0.0,61.0,26.5,4.8,207.0,85.0,100.0,1003.0,100,13.0827,80.275,4.781797517164541
2024-08-30 17:00:00+05:30,57.0,0.0,57.0,26.7,5.2,205.0,87.0,100.0,1003.8,100,13.0827,80.275,4.488965063767718
2024-08-30 18:00:00+05:30,6.0,0.0,6.0,29.3,9.2,231.0,67.0,100.0,1003.8,100,13.0827,80.275,0.0
2024-08-30 19:00:00+05:30,0.0,0.0,0.0,28.1,3.7,259.0,76.0,100.0,1004.8,100,13.0827,80.275,0.0
2024-08-30 20:00:00+05:30,0.0,0.0,0.0,27.0,5.4,262.0,86.0,100.0,1005.4,100,13.0827,80.275,0.0
2024-08-30 21:00:00+05:30,0.0,0.0,0.0,26.4,6.0,295.0,90.0,100.0,1006.3,100,13.0827,80.275,0.0
2024-08-30 22:00:00+05:30,0.0,0.0,0.0,26.0,6.8,252.0,91.0,100.0,1006.3,100,13.0827,80.275,0.0
2024-08-30 23:00:00+05:30,0.0,0.0,0.0,25.8,8.4,230.0,91.0,100.0,1005.8,100,13.0827,80.275,0.0
2024-08-31 00:00:00+05:30,0.0,0.0,0.0,25.8,12.5,226.0,88.0,100.0,1004.8,100,13.0827,80.275,0.0
2024-08-31 01:00:00+05:30,0.0,0.0,0.0,25.5,13.0,228.0,89.0,100.0,1004.1,100,13.0827,80.275,0.0
2024-08-31 02:00:00+05:30,0.0,0.0,0.0,25.5,15.0,235.0,88.0,100.0,1003.8,100,13.0827,80.275,0.0
2024-08-31 03:00:00+05:30,0.0,0.0,0.0,25.6,17.1,240.0,87.0,100.0,1003.3,100,13.0827,80.275,0.0
2024-08-31 04:00:00+05:30,0.0,0.0,0.0,25.6,16.2,238.0,86.0,100.0,1003.4,100,13.0827,80.275,0.0
2024-08-31 05:00:00+05:30,0.0,0.0,0.0,25.6,15.4,237.0,86.0,100.0,1003.8,100,13.0827,80.275,0.0
2024-08-31 06:00:00+05:30,3.0,0.0,3.0,25.8,11.7,259.0,84.0,100.0,1004.6,100,13.0827,80.275,0.0
2024-08-31 07:00:00+05:30,80.0,16.4,76.0,26.6,12.6,257.0,81.0,100.0,1005.4,100,13.0827,80.275,6.269580562714561
2024-08-31 08:00:00+05:30,94.0,0.0,94.0,27.0,11.4,259.0,79.0,100.0,1005.8,100,13.0827,80.275,7.733777280762058
2024-08-31 09:00:00+05:30,241.0,24.8,224.0,28.2,11.6,244.0,72.0,100.0,1006.0,100,13.0827,80.275,20.00692815917175
2024-08-31 10:00:00+05:30,431.0,98.2,348.0,29.4,12.6,257.0,67.0,100.0,1005.5,100,13.0827,80.275,36.206579198596884
2024-08-31 11:00:00+05:30,416.0,50.5,368.0,29.8,13.7,270.0,65.0,100.0,1004.9,100,13.0827,80.275,35.3014310941613
2024-08-31 12:00:00+05:30,515.0,85.6,430.0,30.8,15.5,274.0,60.0,100.0,1003.7,100,13.0827,80.275,43.00641862045647
2024-08-31 13:00:00+05:30,483.0,74.2,411.0,31.3,19.4,281.0,58.0,100.0,1002.9,100,13.0827,80.275,40.93206200548587
2024-08-31 14:00:00+05:30,503.0,144.8,375.0,31.6,18.4,273.0,58.0,100.0,1002.1,100,13.0827,80.275,42.00854856389209
2024-08-31 15:00:00+05:30,396.0,105.5,318.0,31.6,19.4,271.0,57.0,100.0,1001.6,100,13.0827,80.275,31.803961999089594
2024-08-31 16:00:00+05:30,222.0,31.1,205.0,31.2,15.5,269.0,59.0,100.0,1001.7,100,13.0827,80.275,17.908257856986886
2024-08-31 17:00:00+05:30,144.0,59.7,125.0,30.7,11.9,273.0,63.0,100.0,1002.1,100,13.0827,80.275,11.327438181625059
2024-08-31 18:00:00+05:30,17.0,0.0,17.0,30.3,14.2,277.0,62.0,100.0,1002.7,100,13.0827,80.275,0.9423311828910008
2024-08-31 19:00:00+05:30,0.0,0.0,0.0,29.9,14.8,273.0,63.0,100.0,1003.3,100,13.0827,80.275,0.0
2024-08-31 20:00:00+05:30,0.0,0.0,0.0,29.7,13.8,264.0,63.0,100.0,1004.3,100,13.0827,80.275,0.0
2024-08-31 21:00:00+05:30,0.0,0.0,0.0,29.3,12.2,268.0,64.0,100.0,1005.1,100,13.0827,80.275,0.0
2024-08-31 22:00:00+05:30,0.0,0.0,0.0,29.2,13.1,279.0,64.0,100.0,1005.3,100,13.0827,80.275,0.0
2024-08-31 23:00:00+05:30,0.0,0.0,0.0,29.0,14.8,276.0,64.0,100.0,1004.6,100,13.0827,80.275,0.0
2024-09-01 00:00:00+05:30,0.0,0.0,0.0,28.4,11.7,259.0,67.0,100.0,1003.8,100,13.0827,80.275,0.0
2024-09-01 01:00:00+05:30,0.0,0.0,0.0,27.5,10.0,240.0,71.0,100.0,1003.3,100,13.0827,80.275,0.0
2024-09-01 02:00:00+05:30,0.0,0.0,0.0,27.2,12.4,240.0,72.0,100.0,1002.8,100,13.0827,80.275,0.0
2024-09-01 03:00:00+05:30,0.0,0.0,0.0,27.1,12.6,239.0,72.0,99.0,1002.4,100,13.0827,80.275,0.0
2024-09-01 04:00:00+05:30,0.0,0.0,0.0,27.1,14.9,238.0,72.0,99.0,1002.5,100,13.0827,80.275,0.0
2024-09-01 05:00:00+05:30,0.0,0.0,0.0,26.8,12.6,233.0,73.0,98.0,1003.0,100,13.0827,80.275,0.0
2024-09-01 06:00:00+05:30,11.0,11.7,10.0,27.4,15.1,237.0,69.0,100.0,1003.4,100,13.0827,80.275,0.3231644841519463
2024-09-01 07:00:00+05:30,123.0,151.4,86.0,28.5,15.0,243.0,66.0,99.0,1004.0,100,13.0827,80.275,8.71551441847899
2024-09-01 08:00:00+05:30,287.0,189.6,196.0,30.1,16.8,239.0,60.0,99.0,1004.8,100,13.0827,80.275,22.392568020884543
2024-09-01 09:00:00+05:30,522.0,388.4,256.0,31.5,17.2,244.0,56.0,99.0,1004.7,100,13.0827,80.275,42.49927710486679
2024-09-01 10:00:00+05:30,758.0,677.9,185.0,33.0,18.8,267.0,51.0,100.0,1004.6,100,13.0827,80.275,61.89158027889967
2024-09-01 11:00:00+05:30,808.0,528.3,306.0,33.8,17.5,261.0,50.0,98.0,1003.8,100,13.0827,80.275,65.01366474014655
2024-09-01 12:00:00+05:30,735.0,389.9,348.0,34.1,18.2,262.0,49.0,78.0,1002.7,100,13.0827,80.275,58.87775698536469
2024-09-01 13:00:00+05:30,759.0,528.1,247.0,34.4,19.3,261.0,48.0,97.0,1002.0,100,13.0827,80.275,62.355153256737026
2024-09-01 14:00:00+05:30,732.0,526.9,267.0,34.4,19.8,254.0,48.0,100.0,1000.9,100,13.0827,80.275,60.301199622545774
2024-09-01 15:00:00+05:30,434.0,248.2,251.0,33.5,15.9,245.0,50.0,96.0,1000.4,100,13.0827,80.275,34.97888072457436
2024-09-01 16:00:00+05:30,353.0,398.8,136.0,32.7,15.3,204.0,51.0,99.0,1000.5,100,13.0827,80.275,26.838961215181374
2024-09-01 17:00:00+05:30,74.0,6.3,72.0,30.4,15.8,197.0,67.0,100.0,1001.0,100,13.0827,80.275,5.765767967720697
2024-09-01 18:00:00+05:30,35.0,98.0,23.0,28.0,8.7,142.0,79.0,16.0,1002.8,100,13.0827,80.275,1.3974164912037133
2024-09-01 19:00:00+05:30,0.0,0.0,0.0,27.7,7.6,161.0,83.0,15.0,1003.9,100,13.0827,80.275,0.0
2024-09-01 20:00:00+05:30,0.0,0.0,0.0,27.3,11.7,191.0,85.0,61.0,1004.6,100,13.0827,80.275,0.0
2024-09-01 21:00:00+05:30,0.0,0.0,0.0,26.9,10.6,198.0,86.0,34.0,1004.7,100,13.0827,80.275,0.0
2024-09-01 22:00:00+05:30,0.0,0.0,0.0,26.7,8.6,202.0,88.0,74.0,1005.0,100,13.0827,80.275,0.0
2024-09-01 23:00:00+05:30,0.0,0.0,0.0,26.6,9.2,219.0,89.0,91.0,1004.8,100,13.0827,80.275,0.0
2024-09-02 00:00:00+05:30,0.0,0.0,0.0,26.5,9.9,226.0,86.0,98.0,1004.2,100,13.0827,80.275,0.0
2024-09-02 01:00:00+05:30,0.0,0.0,0.0,26.6,11.0,232.0,82.0,83.0,1003.9,100,13.0827,80.275,0.0
2024-09-02 02:00:00+05:30,0.0,0.0,0.0,26.5,12.7,235.0,80.0,95.0,1003.7,100,13.0827,80.275,0.0
2024-09-02 03:00:00+05:30,0.0,0.0,0.0,26.6,12.6,243.0,77.0,98.0,1003.4,100,13.0827,80.275,0.0
2024-09-02 04:00:00+05:30,0.0,0.0,0.0,26.4,11.9,235.0,76.0,73.0,1003.5,100,13.0827,80.275,0.0
2024-09-02 05:00:00+05:30,0.0,0.0,0.0,26.0,11.4,235.0,78.0,79.0,1003.7,100,13.0827,80.275,0.0
2024-09-02 06:00:00+05:30,12.0,23.4,10.0,25.9,9.4,230.0,80.0,99.0,1004.7,100,13.0827,80.275,0.3175523263596193
2024-09-02 07:00:00+05:30,145.0,245.4,85.0,27.4,8.5,234.0,76.0,99.0,1005.7,100,13.0827,80.275,9.387278321440395
2024-09-02 08:00:00+05:30,376.0,520.7,126.0,29.8,10.8,240.0,65.0,94.0,1006.2,100,13.0827,80.275,28.261624783310026
2024-09-02 09:00:00+05:30,602.0,675.9,139.0,31.4,13.3,237.0,58.0,94.0,1005.9,100,13.0827,80.275,47.88612316467003
2024-09-02 10:00:00+05:30,785.0,745.3,155.0,32.6,14.5,240.0,54.0,48.0,1005.3,100,13.0827,80.275,64.69218235906644
2024-09-02 11:00:00+05:30,903.0,783.1,159.0,33.8,15.1,252.0,50.0,50.0,1004.6,100,13.0827,80.275,74.96945824390502
2024-09-02 12:00:00+05:30,918.0,721.7,202.0,34.7,14.6,250.0,47.0,23.0,1003.3,100,13.0827,80.275,75.19348831859999
2024-09-02 13:00:00+05:30,884.0,731.0,176.0,35.1,13.2,241.0,46.0,22.0,1002.0,100,13.0827,80.275,73.53751995648803
2024-09-02 14:00:00+05:30,780.0,699.1,164.0,35.0,10.7,213.0,46.0,88.0,1000.8,100,13.0827,80.275,60.42893876193629
2024-09-02 15:00:00+05:30,563.0,500.3,195.0,33.8,15.2,166.0,57.0,100.0,999.9,100,13.0827,80.275,45.45691257561522
2024-09-02 16:00:00+05:30,298.0,214.0,182.0,31.3,10.8,154.0,79.0,100.0,1000.4,100,13.0827,80.275,23.748280460566406
2024-09-02 17:00:00+05:30,138.0,153.1,90.0,30.2,15.0,136.0,81.0,99.0,1000.7,100,13.0827,80.275,10.189670233258493
2024-09-02 18:00:00+05:30,35.0,99.1,23.0,30.2,19.4,165.0,69.0,34.0,1001.2,100,13.0827,80.275,1.3956873422066727
2024-09-02 19:00:00+05:30,0.0,0.0,0.0,29.8,18.0,178.0,69.0,100.0,1002.4,100,13.0827,80.275,0.0
2024-09-02 20:00:00+05:30,0.0,0.0,0.0,29.6,15.5,222.0,71.0,63.0,1004.1,100,13.0827,80.275,0.0
2024-09-02 21:00:00+05:30,0.0,0.0,0.0,28.2,14.8,219.0,79.0,29.0,1005.4,100,13.0827,80.275,0.0
2024-09-02 22:00:00+05:30,0.0,0.0,0.0,27.7,10.7,225.0,82.0,62.0,1006.0,100,13.0827,80.275,0.0
2024-09-02 23:00:00+05:30,0.0,0.0,0.0,27.0,9.0,254.0,86.0,97.0,1005.6,100,13.0827,80.275,0.0
2024-09-03 00:00:00+05:30,0.0,0.0,0.0,26.7,12.7,262.0,86.0,99.0,1005.1,100,13.0827,80.275,0.0
2024-09-03 01:00:00+05:30,0.0,0.0,0.0,26.1,10.7,258.0,86.0,100.0,1004.4,100,13.0827,80.275,0.0
2024-09-03 02:00:00+05:30,0.0,0.0,0.0,25.7,6.8,212.0,89.0,100.0,1004.0,100,13.0827,80.275,0.0
2024-09-03 03:00:00+05:30,0.0,0.0,0.0,25.5,8.0,190.0,91.0,100.0,1003.8,100,13.0827,80.275,0.0
2024-09-03 04:00:00+05:30,0.0,0.0,0.0,25.3,3.8,197.0,92.0,100.0,1004.3,100,13.0827,80.275,0.0
2024-09-03 05:00:00+05:30,0.0,0.0,0.0,25.3,3.3,193.0,93.0,100.0,1004.5,100,13.0827,80.275,0.0
2024-09-03 06:00:00+05:30,8.0,0.0,8.0,26.2,1.5,284.0,90.0,100.0,1005.2,100,13.0827,80.275,0.15747726806304882
2024-09-03 07:00:00+05:30,116.0,81.8,96.0,27.0,3.8,253.0,88.0,100.0,1006.4,100,13.0827,80.275,8.837721359182643
2024-09-03 08:00:00+05:30,288.0,189.5,197.0,28.2,3.5,246.0,81.0,99.0,1007.0,100,13.0827,80.275,22.509542187944312
2024-09-03 09:00:00+05:30,478.0,300.7,272.0,29.8,5.0,240.0,73.0,100.0,1007.1,100,13.0827,80.275,38.86252410550239
2024-09-03 10:00:00+05:30,647.0,396.3,312.0,31.3,9.7,248.0,65.0,100.0,1007.0,100,13.0827,80.275,52.0552789938018
2024-09-03 11:00:00+05:30,849.0,659.1,223.0,32.8,9.7,255.0,59.0,100.0,1006.8,100,13.0827,80.275,65.78086935425681
2024-09-03 12:00:00+05:30,768.0,469.0,303.0,33.2,9.2,249.0,56.0,100.0,1005.9,100,13.0827,80.275,63.019507390377115
2024-09-03 13:00:00+05:30,830.0,547.7,300.0,33.3,8.9,238.0,56.0,100.0,1004.4,100,13.0827,80.275,66.97205725814801
2024-09-03 14:00:00+05:30,490.0,221.7,295.0,32.1,6.8,180.0,61.0,98.0,1003.6,100,13.0827,80.275,40.11550227451643
2024-09-03 15:00:00+05:30,440.0,294.3,224.0,30.7,7.9,164.0,71.0,87.0,1003.4,100,13.0827,80.275,35.19501710996439
2024-09-03 16:00:00+05:30,392.0,459.4,144.0,30.9,11.9,178.0,73.0,63.0,1003.2,100,13.0827,80.275,30.06003989971228
2024-09-03 17:00:00+05:30,181.0,279.8,94.0,30.3,8.0,188.0,75.0,77.0,1003.5,100,13.0827,80.275,12.696719185562976
2024-09-03 18:00:00+05:30,26.0,33.4,22.0,28.2,9.7,138.0,86.0,100.0,1004.7,100,13.0827,80.275,1.3546290048771221
2024-09-03 19:00:00+05:30,0.0,0.0,0.0,28.6,13.8,171.0,87.0,100.0,1005.4,100,13.0827,80.275,0.0
2024-09-03 20:00:00+05:30,0.0,0.0,0.0,28.3,12.0,189.0,85.0,100.0,1006.5,100,13.0827,80.275,0.0
2024-09-03 21:00:00+05:30,0.0,0.0,0.0,27.6,8.9,194.0,88.0,99.0,1007.8,100,13.0827,80.275,0.0
2024-09-03 22:00:00+05:30,0.0,0.0,0.0,27.4,14.3,192.0,89.0,93.0,1008.3,100,13.0827,80.275,0.0
2024-09-03 23:00:00+05:30,0.0,0.0,0.0,27.2,14.5,203.0,88.0,100.0,1007.2,100,13.0827,80.275,0.0
2024-09-04 00:00:00+05:30,0.0,0.0,0.0,26.7,12.1,217.0,85.0,100.0,1006.3,100,13.0827,80.275,0.0
2024-09-04 01:00:00+05:30,0.0,0.0,0.0,26.7,11.2,230.0,84.0,100.0,1005.7,100,13.0827,80.275,0.0
2024-09-04 02:00:00+05:30,0.0,0.0,0.0,26.7,12.1,240.0,83.0,100.0,1005.1,100,13.0827,80.275,0.0
2024-09-04 03:00:00+05:30,0.0,0.0,0.0,26.7,11.9,241.0,83.0,100.0,1004.7,100,13.0827,80.275,0.0
2024-09-04 04:00:00+05:30,0.0,0.0,0.0,26.6,12.1,233.0,83.0,99.0,1005.0,100,13.0827,80.275,0.0
2024-09-04 05:00:00+05:30,0.0,0.0,0.0,26.6,11.8,243.0,82.0,100.0,1005.6,100,13.0827,80.275,0.0
2024-09-04 06:00:00+05:30,6.0,0.0,6.0,26.1,7.4,241.0,90.0,100.0,1006.2,100,13.0827,80.275,0.0
2024-09-04 07:00:00+05:30,35.0,0.0,35.0,26.5,8.5,234.0,87.0,100.0,1007.0,100,13.0827,80.275,2.553078540715678
2024-09-04 08:00:00+05:30,128.0,10.4,123.0,27.3,8.0,252.0,86.0,100.0,1007.4,100,13.0827,80.275,10.492650695651609
2024-09-04 09:00:00+05:30,300.0,51.1,265.0,28.8,11.2,272.0,77.0,100.0,1007.2,100,13.0827,80.275,25.461315547595245
2024-09-04 10:00:00+05:30,440.0,87.6,366.0,30.2,10.9,262.0,65.0,100.0,1007.1,100,13.0827,80.275,37.176690908817655
2024-09-04 11:00:00+05:30,664.0,279.1,399.0,31.7,13.0,270.0,58.0,100.0,1006.6,100,13.0827,80.275,54.3632749064092
2024-09-04 12:00:00+05:30,725.0,307.8,420.0,32.7,16.6,269.0,55.0,100.0,1005.2,100,13.0827,80.275,58.97657631118146
2024-09-04 13:00:00+05:30,529.0,109.7,423.0,33.4,13.5,261.0,51.0,100.0,1004.1,100,13.0827,80.275,43.59294083394097
2024-09-04 14:00:00+05:30,432.0,111.6,334.0,33.7,17.2,281.0,49.0,100.0,1003.2,100,13.0827,80.275,36.33347375976582
2024-09-04 15:00:00+05:30,289.0,50.5,252.0,33.3,11.7,304.0,50.0,100.0,1002.4,100,13.0827,80.275,23.816532434750417
2024-09-04 16:00:00+05:30,166.0,18.6,156.0,32.0,7.4,29.0,59.0,100.0,1002.0,100,13.0827,80.275,13.429756762114554
2024-09-04 17:00:00+05:30,77.0,0.0,77.0,30.2,8.6,75.0,78.0,100.0,1002.5,100,13.0827,80.275,6.153778740807262
2024-09-04 18:00:00+05:30,14.0,0.0,14.0,28.3,3.3,49.0,83.0,100.0,1004.0,100,13.0827,80.275,0.6731739328288248
2024-09-04 19:00:00+05:30,0.0,0.0,0.0,27.9,3.9,124.0,87.0,100.0,1004.6,100,13.0827,80.275,0.0
2024-09-04 20:00:00+05:30,0.0,0.0,0.0,27.8,6.1,180.0,85.0,100.0,1005.3,100,13.0827,80.275,0.0
2024-09-04 21:00:00+05:30,0.0,0.0,0.0,27.9,10.7,194.0,82.0,100.0,1005.9,100,13.0827,80.275,0.0
2024-09-04 22:00:00+05:30,0.0,0.0,0.0,28.0,10.1,197.0,77.0,100.0,1006.3,100,13.0827,80.275,0.0
2024-09-04 23:00:00+05:30,0.0,0.0,0.0,27.7,8.2,203.0,78.0,100.0,1005.9,100,13.0827,80.275,0.0
2024-09-05 00:00:00+05:30,0.0,0.0,0.0,27.5,8.5,216.0,81.0,100.0,1005.1,100,13.0827,80.275,0.0
2024-09-05 01:00:00+05:30,0.0,0.0,0.0,27.2,9.4,238.0,83.0,100.0,1004.3,100,13.0827,80.275,0.0
2024-09-05 02:00:00+05:30,0.0,0.0,0.0,27.2,9.7,219.0,82.0,100.0,1003.6,100,13.0827,80.275,0.0
2024-09-05 03:00:00+05:30,0.0,0.0,0.0,27.1,8.6,248.0,83.0,100.0,1003.6,100,13.0827,80.275,0.0
2024-09-05 04:00:00+05:30,0.0,0.0,0.0,26.9,9.5,245.0,84.0,100.0,1003.7,100,13.0827,80.275,0.0
2024-09-05 05:00:00+05:30,0.0,0.0,0.0,26.8,10.5,243.0,82.0,100.0,1004.0,100,13.0827,80.275,0.0
2024-09-05 06:00:00+05:30,12.0,23.4,10.0,26.9,11.5,274.0,81.0,100.0,1004.9,100,13.0827,80.275,0.32535858098052445
2024-09-05 07:00:00+05:30,150.0,277.8,82.0,28.4,11.7,279.0,74.0,100.0,1005.5,100,13.0827,80.275,9.841340754010734
2024-09-05 08:00:00+05:30,312.0,270.5,182.0,29.9,14.0,270.0,66.0,100.0,1006.0,100,13.0827,80.275,24.90041774909578
2024-09-05 09:00:00+05:30,532.0,436.3,233.0,31.3,14.9,285.0,58.0,100.0,1006.0,100,13.0827,80.275,42.17774941040278
2024-09-05 10:00:00+05:30,731.0,566.8,252.0,32.5,14.8,284.0,55.0,100.0,1005.7,100,13.0827,80.275,59.67049142217666
2024-09-05 11:00:00+05:30,855.0,645.8,242.0,33.7,16.6,288.0,51.0,100.0,1004.9,100,13.0827,80.275,68.26918084319401
2024-09-05 12:00:00+05:30,869.0,543.3,331.0,34.7,17.7,294.0,49.0,100.0,1003.7,100,13.0827,80.275,71.19714025847804
2024-09-05 13:00:00+05:30,800.0,464.0,352.0,34.4,8.6,345.0,49.0,100.0,1002.7,100,13.0827,80.275,62.696987751794055
2024-09-05 14:00:00+05:30,663.0,449.3,269.0,31.9,17.0,86.0,65.0,100.0,1001.8,100,13.0827,80.275,55.341748175521424
2024-09-05 15:00:00+05:30,493.0,319.1,260.0,30.1,18.0,102.0,70.0,100.0,1001.2,100,13.0827,80.275,39.893924968177394
2024-09-05 16:00:00+05:30,353.0,297.0,194.0,30.2,16.0,166.0,73.0,100.0,1001.3,100,13.0827,80.275,28.69948822555953
2024-09-05 17:00:00+05:30,140.0,111.2,106.0,29.5,13.9,155.0,75.0,100.0,1001.5,100,13.0827,80.275,10.804366525331577
2024-09-05 18:00:00+05:30,24.0,17.1,22.0,29.4,3.8,17.0,65.0,100.0,1002.1,100,13.0827,80.275,1.3642593888972219
2024-09-05 19:00:00+05:30,0.0,0.0,0.0,29.1,4.0,5.0,69.0,100.0,1003.1,100,13.0827,80.275,0.0
2024-09-05 20:00:00+05:30,0.0,0.0,0.0,29.5,0.4,180.0,62.0,100.0,1004.1,100,13.0827,80.275,0.0
2024-09-05 21:00:00+05:30,0.0,0.0,0.0,28.7,5.4,184.0,72.0,100.0,1005.1,100,13.0827,80.275,0.0
2024-09-05 22:00:00+05:30,0.0,0.0,0.0,28.6,9.8,186.0,79.0,100.0,1005.2,100,13.0827,80.275,0.0
2024-09-05 23:00:00+05:30,0.0,0.0,0.0,28.0,18.8,184.0,76.0,100.0,1005.1,100,13.0827,80.275,0.0
2024-09-06 00:00:00+05:30,0.0,0.0,0.0,26.8,9.2,222.0,79.0,100.0,1004.9,100,13.0827,80.275,0.0
2024-09-06 01:00:00+05:30,0.0,0.0,0.0,25.1,7.2,143.0,93.0,100.0,1004.5,100,13.0827,80.275,0.0
2024-09-06 02:00:00+05:30,0.0,0.0,0.0,25.4,12.8,196.0,95.0,100.0,1004.3,100,13.0827,80.275,0.0
2024-09-06 03:00:00+05:30,0.0,0.0,0.0,25.5,10.6,215.0,94.0,100.0,1004.1,100,13.0827,80.275,0.0
2024-09-06 04:00:00+05:30,0.0,0.0,0.0,25.5,11.0,221.0,92.0,100.0,1004.1,100,13.0827,80.275,0.0
2024-09-06 05:00:00+05:30,0.0,0.0,0.0,25.6,10.7,228.0,90.0,100.0,1004.4,100,13.0827,80.275,0.0
2024-09-06 06:00:00+05:30,5.0,0.0,5.0,26.8,4.5,346.0,89.0,100.0,1005.0,100,13.0827,80.275,0.0
2024-09-06 07:00:00+05:30,68.0,8.2,66.0,27.1,7.6,270.0,84.0,100.0,1005.5,100,13.0827,80.275,5.295571389047311
2024-09-06 08:00:00+05:30,144.0,8.3,140.0,27.7,10.1,268.0,80.0,100.0,1006.1,100,13.0827,80.275,11.87394325758801
2024-09-06 09:00:00+05:30,214.0,20.4,200.0,28.1,12.4,278.0,79.0,100.0,1006.2,100,13.0827,80.275,17.96372136529754
2024-09-06 10:00:00+05:30,432.0,118.3,332.0,29.7,13.0,276.0,72.0,100.0,1006.2,100,13.0827,80.275,35.70500012926
2024-09-06 11:00:00+05:30,543.0,151.8,399.0,31.5,16.1,290.0,61.0,100.0,1005.6,100,13.0827,80.275,45.7628269560013
2024-09-06 12:00:00+05:30,435.0,46.5,389.0,32.0,19.3,291.0,57.0,100.0,1004.7,100,13.0827,80.275,37.31466690120864
2024-09-06 13:00:00+05:30,475.0,89.2,389.0,33.1,13.2,299.0,53.0,100.0,1003.4,100,13.0827,80.275,39.57432498157389
2024-09-06 14:00:00+05:30,496.0,149.7,365.0,33.5,12.9,297.0,51.0,100.0,1002.3,100,13.0827,80.275,39.90687864778352
2024-09-06 15:00:00+05:30,382.0,112.6,300.0,33.7,10.1,333.0,50.0,100.0,1001.8,100,13.0827,80.275,31.815737451899647
2024-09-06 16:00:00+05:30,264.0,80.7,221.0,32.4,10.0,41.0,57.0,100.0,1001.5,100,13.0827,80.275,22.271617758731523
2024-09-06 17:00:00+05:30,122.0,42.9,109.0,29.6,15.4,101.0,77.0,100.0,1002.0,100,13.0827,80.275,9.931514949549944
2024-09-06 18:00:00+05:30,24.0,17.3,22.0,28.8,3.8,229.0,77.0,100.0,1003.4,100,13.0827,80.275,1.3812842344785825
2024-09-06 19:00:00+05:30,0.0,0.0,0.0,28.3,3.3,13.0,81.0,100.0,1004.2,100,13.0827,80.275,0.0
2024-09-06 20:00:00+05:30,0.0,0.0,0.0,27.6,5.1,8.0,85.0,100.0,1005.1,100,13.0827,80.275,0.0
2024-09-06 21:00:00+05:30,0.0,0.0,0.0,28.3,2.4,207.0,78.0,98.0,1006.0,100,13.0827,80.275,0.0
2024-09-06 22:00:00+05:30,0.0,0.0,0.0,27.6,5.5,191.0,82.0,50.0,1006.4,100,13.0827,80.275,0.0
2024-09-06 23:00:00+05:30,0.0,0.0,0.0,27.4,6.9,223.0,79.0,85.0,1006.1,100,13.0827,80.275,0.0
2024-09-07 00:00:00+05:30,0.0,0.0,0.0,27.5,14.3,252.0,75.0,100.0,1005.4,100,13.0827,80.275,0.0
2024-09-07 01:00:00+05:30,0.0,0.0,0.0,25.7,17.6,235.0,83.0,100.0,1005.1,100,13.0827,80.275,0.0
2024-09-07 02:00:00+05:30,0.0,0.0,0.0,26.0,13.2,227.0,82.0,100.0,1004.1,100,13.0827,80.275,0.0
2024-09-07 03:00:00+05:30,0.0,0.0,0.0,25.9,13.8,219.0,84.0,100.0,1003.8,100,13.0827,80.275,0.0
2024-09-07 04:00:00+05:30,0.0,0.0,0.0,25.8,12.2,225.0,85.0,100.0,1004.3,100,13.0827,80.275,0.0
2024-09-07 05:00:00+05:30,0.0,0.0,0.0,25.8,10.8,233.0,84.0,100.0,1004.8,100,13.0827,80.275,0.0
2024-09-07 06:00:00+05:30,7.0,0.0,7.0,27.6,10.8,255.0,75.0,100.0,1004.4,100,13.0827,80.275,0.06392208077233259
2024-09-07 07:00:00+05:30,73.0,8.2,71.0,28.4,10.1,266.0,75.0,100.0,1005.4,100,13.0827,80.275,5.819293082730455
2024-09-07 08:00:00+05:30,184.0,27.0,171.0,28.5,7.6,273.0,77.0,100.0,1006.5,100,13.0827,80.275,15.39187524767017
2024-09-07 09:00:00+05:30,260.0,45.2,229.0,29.3,8.0,243.0,75.0,100.0,1006.5,100,13.0827,80.275,21.87840722458585
2024-09-07 10:00:00+05:30,346.0,34.3,317.0,30.7,11.8,290.0,65.0,100.0,1006.5,100,13.0827,80.275,29.18467653973138
2024-09-07 11:00:00+05:30,482.0,100.2,387.0,31.6,14.3,288.0,60.0,100.0,1006.0,100,13.0827,80.275,41.35383205667308
2024-09-07 12:00:00+05:30,555.0,141.6,415.0,31.8,15.7,286.0,60.0,100.0,1005.3,100,13.0827,80.275,46.63666812982737
2024-09-07 13:00:00+05:30,459.0,59.2,402.0,31.8,12.0,286.0,60.0,100.0,1004.0,100,13.0827,80.275,38.70852031670851
2024-09-07 14:00:00+05:30,391.0,61.8,337.0,32.3,10.0,300.0,58.0,100.0,1003.2,100,13.0827,80.275,32.09964282522683
2024-09-07 15:00:00+05:30,314.0,48.2,279.0,32.6,7.6,335.0,57.0,100.0,1002.5,100,13.0827,80.275,25.16985882227983
2024-09-07 16:00:00+05:30,301.0,139.4,227.0,32.5,4.5,29.0,57.0,100.0,1002.7,100,13.0827,80.275,24.03181376509906
2024-09-07 17:00:00+05:30,119.0,39.9,107.0,30.8,4.7,90.0,68.0,100.0,1003.4,100,13.0827,80.275,9.442189550270609
2024-09-07 18:00:00+05:30,20.0,8.7,19.0,31.3,1.8,180.0,59.0,100.0,1004.0,100,13.0827,80.275,1.1285515335210694
2024-09-07 19:00:00+05:30,0.0,0.0,0.0,29.6,3.6,37.0,69.0,100.0,1005.0,100,13.0827,80.275,0.0
2024-09-07 20:00:00+05:30,0.0,0.0,0.0,28.8,4.8,63.0,80.0,100.0,1005.9,100,13.0827,80.275,0.0
2024-09-07 21:00:00+05:30,0.0,0.0,0.0,28.7,6.3,149.0,79.0,100.0,1006.9,100,13.0827,80.275,0.0
2024-09-07 22:00:00+05:30,0.0,0.0,0.0,28.8,7.3,200.0,75.0,100.0,1006.8,100,13.0827,80.275,0.0
2024-09-07 23:00:00+05:30,0.0,0.0,0.0,28.5,11.7,227.0,69.0,100.0,1006.7,100,13.0827,80.275,0.0
2024-09-08 00:00:00+05:30,0.0,0.0,0.0,28.1,13.0,231.0,70.0,100.0,1006.2,100,13.0827,80.275,0.0
2024-09-08 01:00:00+05:30,0.0,0.0,0.0,27.8,12.1,233.0,72.0,100.0,1005.6,100,13.0827,80.275,0.0
2024-09-08 02:00:00+05:30,0.0,0.0,0.0,27.3,11.0,232.0,75.0,100.0,1005.2,100,13.0827,80.275,0.0
2024-09-08 03:00:00+05:30,0.0,0.0,0.0,27.2,11.5,238.0,77.0,100.0,1004.9,100,13.0827,80.275,0.0
2024-09-08 04:00:00+05:30,0.0,0.0,0.0,27.1,9.7,231.0,77.0,100.0,1005.3,100,13.0827,80.275,0.0
2024-09-08 05:00:00+05:30,0.0,0.0,0.0,27.1,10.6,235.0,78.0,100.0,1005.7,100,13.0827,80.275,0.0
2024-09-08 06:00:00+05:30,8.0,0.0,8.0,27.7,14.8,241.0,69.0,100.0,1005.9,100,13.0827,80.275,0.15232745953469617
2024-09-08 07:00:00+05:30,111.0,69.4,94.0,28.5,12.3,249.0,69.0,100.0,1006.7,100,13.0827,80.275,8.519440851143669
2024-09-08 08:00:00+05:30,289.0,160.2,212.0,30.0,15.5,258.0,62.0,100.0,1007.5,100,13.0827,80.275,23.280566028279587
2024-09-08 09:00:00+05:30,388.0,148.8,286.0,30.8,15.0,260.0,59.0,100.0,1007.6,100,13.0827,80.275,32.268344084669465
2024-09-08 10:00:00+05:30,518.0,163.4,380.0,31.6,14.8,273.0,57.0,100.0,1007.4,100,13.0827,80.275,43.2006729850382
2024-09-08 11:00:00+05:30,609.0,182.5,436.0,32.7,18.9,283.0,54.0,100.0,1006.7,100,13.0827,80.275,50.701290157971314
2024-09-08 12:00:00+05:30,762.0,364.4,402.0,34.0,18.6,288.0,50.0,100.0,1005.7,100,13.0827,80.275,63.96857770610507
2024-09-08 13:00:00+05:30,570.0,176.7,400.0,33.7,20.7,290.0,50.0,100.0,1004.5,100,13.0827,80.275,46.921844611654144
2024-09-08 14:00:00+05:30,672.0,372.6,347.0,33.8,21.5,293.0,49.0,100.0,1003.3,100,13.0827,80.275,54.19511799209774
2024-09-08 15:00:00+05:30,515.0,307.9,292.0,33.3,18.8,290.0,52.0,100.0,1002.7,100,13.0827,80.275,43.021873271633766
2024-09-08 16:00:00+05:30,293.0,124.9,227.0,32.8,14.4,274.0,53.0,100.0,1002.5,100,13.0827,80.275,23.59826409831077
2024-09-08 17:00:00+05:30,122.0,47.0,108.0,32.0,7.3,281.0,59.0,100.0,1002.9,100,13.0827,80.275,9.449290118728268
2024-09-08 18:00:00+05:30,11.0,0.0,11.0,30.3,7.1,240.0,64.0,100.0,1003.9,100,13.0827,80.275,0.4095849248314336
2024-09-08 19:00:00+05:30,0.0,0.0,0.0,29.3,7.6,205.0,69.0,100.0,1004.5,100,13.0827,80.275,0.0
2024-09-08 20:00:00+05:30,0.0,0.0,0.0,28.7,12.5,213.0,73.0,100.0,1005.2,100,13.0827,80.275,0.0
2024-09-08 21:00:00+05:30,0.0,0.0,0.0,27.9,11.0,221.0,74.0,100.0,1005.9,100,13.0827,80.275,0.0
2024-09-08 22:00:00+05:30,0.0,0.0,0.0,27.6,11.0,218.0,76.0,100.0,1005.9,100,13.0827,80.275,0.0
2024-09-08 23:00:00+05:30,0.0,0.0,0.0,27.7,12.7,225.0,74.0,100.0,1005.6,100,13.0827,80.275,0.0
2024-09-09 00:00:00+05:30,0.0,0.0,0.0,28.1,13.6,233.0,70.0,100.0,1004.8,100,13.0827,80.275,0.0
2024-09-09 01:00:00+05:30,0.0,0.0,0.0,28.2,13.4,234.0,69.0,100.0,1004.5,100,13.0827,80.275,0.0
2024-09-09 02:00:00+05:30,0.0,0.0,0.0,28.0,12.9,234.0,70.0,100.0,1004.0,100,13.0827,80.275,0.0
2024-09-09 03:00:00+05:30,0.0,0.0,0.0,27.6,11.3,243.0,72.0,100.0,1003.6,100,13.0827,80.275,0.0
2024-09-09 04:00:00+05:30,0.0,0.0,0.0,27.3,9.8,246.0,73.0,100.0,1003.7,100,13.0827,80.275,0.0
2024-09-09 05:00:00+05:30,0.0,0.0,0.0,27.3,11.2,237.0,72.0,100.0,1003.6,100,13.0827,80.275,0.0
2024-09-09 06:00:00+05:30,8.0,0.0,8.0,28.0,13.0,242.0,66.0,100.0,1004.2,100,13.0827,80.275,0.14986655935508594
2024-09-09 07:00:00+05:30,80.0,24.5,74.0,28.4,13.6,233.0,67.0,100.0,1004.6,100,13.0827,80.275,6.245181841042618
2024-09-09 08:00:00+05:30,198.0,68.6,165.0,29.4,15.5,228.0,64.0,100.0,1005.4,100,13.0827,80.275,16.339781171012778
2024-09-09 09:00:00+05:30,487.0,326.9,263.0,30.9,17.6,229.0,60.0,100.0,1005.3,100,13.0827,80.275,40.6589500427296
2024-09-09 10:00:00+05:30,517.0,196.6,351.0,31.4,18.7,236.0,58.0,100.0,1004.6,100,13.0827,80.275,43.288320518682475
2024-09-09 11:00:00+05:30,832.0,575.3,287.0,33.1,20.2,248.0,53.0,100.0,1003.9,100,13.0827,80.275,70.35052993085331
2024-09-09 12:00:00+05:30,852.0,615.9,244.0,33.8,24.4,262.0,50.0,100.0,1003.4,100,13.0827,80.275,71.75409652465599
2024-09-09 13:00:00+05:30,606.0,195.6,418.0,34.2,17.8,256.0,47.0,100.0,1002.4,100,13.0827,80.275,50.849129934032646
2024-09-09 14:00:00+05:30,544.0,284.9,296.0,33.9,21.3,242.0,47.0,100.0,1001.3,100,13.0827,80.275,45.821268444490244
2024-09-09 15:00:00+05:30,565.0,440.3,247.0,34.0,18.0,303.0,48.0,99.0,1001.0,100,13.0827,80.275,46.31947227951954
2024-09-09 16:00:00+05:30,349.0,387.8,145.0,31.4,11.9,25.0,62.0,100.0,1000.6,100,13.0827,80.275,27.222859684826442
2024-09-09 17:00:00+05:30,183.0,277.7,101.0,30.4,12.5,102.0,69.0,17.0,1001.1,100,13.0827,80.275,13.933369953508207
2024-09-09 18:00:00+05:30,24.0,35.8,20.0,29.3,18.1,185.0,73.0,100.0,1001.8,100,13.0827,80.275,1.1649112623360858
2024-09-09 19:00:00+05:30,0.0,0.0,0.0,28.8,16.7,187.0,78.0,93.0,1002.4,100,13.0827,80.275,0.0
2024-09-09 20:00:00+05:30,0.0,0.0,0.0,28.6,15.7,191.0,78.0,99.0,1002.9,100,13.0827,80.275,0.0
2024-09-09 21:00:00+05:30,0.0,0.0,0.0,28.5,13.8,200.0,80.0,94.0,1003.9,100,13.0827,80.275,0.0
2024-09-09 22:00:00+05:30,0.0,0.0,0.0,28.2,15.2,202.0,81.0,95.0,1004.2,100,13.0827,80.275,0.0
2024-09-09 23:00:00+05:30,0.0,0.0,0.0,28.4,15.5,205.0,78.0,100.0,1003.9,100,13.0827,80.275,0.0
2024-09-10 00:00:00+05:30,0.0,0.0,0.0,28.3,14.5,207.0,77.0,100.0,1003.5,100,13.0827,80.275,0.0
2024-09-10 01:00:00+05:30,0.0,0.0,0.0,28.2,13.6,217.0,74.0,100.0,1002.8,100,13.0827,80.275,0.0
2024-09-10 02:00:00+05:30,0.0,0.0,0.0,28.0,12.3,230.0,74.0,98.0,1002.4,100,13.0827,80.275,0.0
2024-09-10 03:00:00+05:30,0.0,0.0,0.0,27.9,13.9,233.0,72.0,96.0,1002.3,100,13.0827,80.275,0.0
2024-09-10 04:00:00+05:30,0.0,0.0,0.0,28.1,14.3,236.0,67.0,99.0,1002.9,100,13.0827,80.275,0.0
2024-09-10 05:00:00+05:30,0.0,0.0,0.0,27.8,13.1,233.0,67.0,99.0,1003.5,100,13.0827,80.275,0.0
2024-09-10 06:00:00+05:30,12.0,35.0,9.0,27.6,17.1,245.0,66.0,39.0,1004.4,100,13.0827,80.275,0.23105182825233336
2024-09-10 07:00:00+05:30,164.0,396.0,67.0,28.9,20.1,249.0,62.0,15.0,1005.1,100,13.0827,80.275,10.949459645315759
2024-09-10 08:00:00+05:30,397.0,613.5,102.0,30.3,21.4,245.0,58.0,22.0,1005.4,100,13.0827,80.275,30.77708509016167
2024-09-10 09:00:00+05:30,620.0,726.8,122.0,31.7,20.9,238.0,54.0,3.0,1005.1,100,13.0827,80.275,52.6750193383296
2024-09-10 10:00:00+05:30,797.0,784.2,135.0,33.0,17.8,227.0,52.0,81.0,1004.5,100,13.0827,80.275,66.50346533339855
2024-09-10 11:00:00+05:30,914.0,816.4,141.0,34.1,18.4,235.0,50.0,96.0,1003.9,100,13.0827,80.275,74.0065209135886
2024-09-10 12:00:00+05:30,891.0,680.4,220.0,35.3,21.6,246.0,46.0,100.0,1002.7,100,13.0827,80.275,72.10372444953948
2024-09-10 13:00:00+05:30,912.0,754.4,188.0,36.2,17.9,242.0,44.0,100.0,1001.2,100,13.0827,80.275,73.8967323146536
2024-09-10 14:00:00+05:30,462.0,184.1,302.0,35.0,10.5,196.0,46.0,100.0,1000.2,100,13.0827,80.275,38.7621663835023
2024-09-10 15:00:00+05:30,473.0,329.1,236.0,31.8,10.7,220.0,60.0,35.0,1000.6,100,13.0827,80.275,39.4518512265022
2024-09-10 16:00:00+05:30,379.0,469.8,133.0,32.8,8.6,158.0,60.0,30.0,1000.0,100,13.0827,80.275,29.631220218144104
2024-09-10 17:00:00+05:30,174.0,338.3,75.0,31.3,12.4,172.0,72.0,76.0,1001.2,100,13.0827,80.275,12.219695194913873
2024-09-10 18:00:00+05:30,22.0,63.5,15.0,29.9,16.0,149.0,78.0,44.0,1001.5,100,13.0827,80.275,0.7411431472628448
2024-09-10 19:00:00+05:30,0.0,0.0,0.0,29.6,15.2,173.0,73.0,79.0,1002.9,100,13.0827,80.275,0.0
2024-09-10 20:00:00+05:30,0.0,0.0,0.0,29.5,14.1,186.0,75.0,44.0,1003.9,100,13.0827,80.275,0.0
2024-09-10 21:00:00+05:30,0.0,0.0,0.0,29.3,16.2,184.0,80.0,62.0,1005.1,100,13.0827,80.275,0.0
2024-09-10 22:00:00+05:30,0.0,0.0,0.0,29.2,16.2,183.0,82.0,89.0,1005.4,100,13.0827,80.275,0.0
2024-09-10 23:00:00+05:30,0.0,0.0,0.0,28.9,13.1,189.0,83.0,92.0,1005.0,100,13.0827,80.275,0.0
2024-09-11 00:00:00+05:30,0.0,0.0,0.0,28.3,11.2,201.0,83.0,96.0,1004.5,100,13.0827,80.275,0.0
2024-09-11 01:00:00+05:30,0.0,0.0,0.0,28.1,12.0,224.0,81.0,99.0,1004.2,100,13.0827,80.275,0.0
2024-09-11 02:00:00+05:30,0.0,0.0,0.0,28.5,14.2,246.0,69.0,98.0,1003.7,100,13.0827,80.275,0.0
2024-09-11 03:00:00+05:30,0.0,0.0,0.0,28.7,14.4,248.0,61.0,59.0,1003.7,100,13.0827,80.275,0.0
2024-09-11 04:00:00+05:30,0.0,0.0,0.0,28.4,13.7,243.0,63.0,100.0,1004.2,100,13.0827,80.275,0.0
2024-09-11 05:00:00+05:30,0.0,0.0,0.0,27.9,12.7,245.0,65.0,97.0,1004.7,100,13.0827,80.275,0.0
2024-09-11 06:00:00+05:30,11.0,11.7,10.0,27.7,12.8,260.0,62.0,99.0,1005.4,100,13.0827,80.275,0.323468456822488
2024-09-11 07:00:00+05:30,116.0,81.6,96.0,28.5,12.1,260.0,62.0,100.0,1006.3,100,13.0827,80.275,9.207500774987963
2024-09-11 08:00:00+05:30,282.0,149.7,210.0,29.9,14.1,267.0,57.0,100.0,1006.8,100,13.0827,80.275,23.26086181638939
2024-09-11 09:00:00+05:30,472.0,251.1,300.0,31.3,13.3,270.0,54.0,100.0,1007.1,100,13.0827,80.275,39.95600061953269
2024-09-11 10:00:00+05:30,664.0,420.7,309.0,32.7,12.1,260.0,51.0,100.0,1006.6,100,13.0827,80.275,55.52761681102689
2024-09-11 11:00:00+05:30,711.0,342.4,387.0,33.9,11.8,247.0,49.0,100.0,1005.6,100,13.0827,80.275,57.62311540943895
2024-09-11 12:00:00+05:30,836.0,485.1,358.0,35.1,11.9,241.0,45.0,100.0,1004.4,100,13.0827,80.275,66.80976251180876
2024-09-11 13:00:00+05:30,722.0,443.5,297.0,34.7,9.2,206.0,45.0,100.0,1003.5,100,13.0827,80.275,58.413333534910905
2024-09-11 14:00:00+05:30,652.0,400.1,305.0,33.4,10.6,156.0,59.0,100.0,1002.7,100,13.0827,80.275,53.38193850191847
2024-09-11 15:00:00+05:30,535.0,405.2,244.0,32.4,15.6,154.0,67.0,95.0,1002.4,100,13.0827,80.275,44.92388477135436
2024-09-11 16:00:00+05:30,388.0,462.4,147.0,31.6,18.0,154.0,68.0,100.0,1002.5,100,13.0827,80.275,30.506855632747726
2024-09-11 17:00:00+05:30,176.0,286.3,93.0,30.1,20.6,161.0,69.0,88.0,1003.2,100,13.0827,80.275,12.928034576104595
2024-09-11 18:00:00+05:30,24.0,27.6,21.0,29.5,23.5,169.0,70.0,100.0,1004.2,100,13.0827,80.275,1.2833846970683704
2024-09-11 19:00:00+05:30,0.0,0.0,0.0,29.2,21.0,175.0,79.0,100.0,1005.1,100,13.0827,80.275,0.0
2024-09-11 20:00:00+05:30,0.0,0.0,0.0,29.1,20.5,183.0,81.0,82.0,1006.0,100,13.0827,80.275,0.0
2024-09-11 21:00:00+05:30,0.0,0.0,0.0,28.9,19.1,192.0,83.0,32.0,1006.5,100,13.0827,80.275,0.0
2024-09-11 22:00:00+05:30,0.0,0.0,0.0,28.7,14.8,203.0,84.0,98.0,1006.6,100,13.0827,80.275,0.0
2024-09-11 23:00:00+05:30,0.0,0.0,0.0,28.2,7.9,246.0,85.0,100.0,1006.6,100,13.0827,80.275,0.0
2024-09-12 00:00:00+05:30,0.0,0.0,0.0,27.9,7.2,273.0,85.0,99.0,1006.0,100,13.0827,80.275,0.0
2024-09-12 01:00:00+05:30,0.0,0.0,0.0,27.7,9.2,244.0,83.0,99.0,1005.3,100,13.0827,80.275,0.0
2024-09-12 02:00:00+05:30,0.0,0.0,0.0,27.6,11.5,229.0,79.0,60.0,1004.9,100,13.0827,80.275,0.0
2024-09-12 03:00:00+05:30,0.0,0.0,0.0,27.4,12.4,234.0,78.0,16.0,1005.0,100,13.0827,80.275,0.0
2024-09-12 04:00:00+05:30,0.0,0.0,0.0,27.3,13.2,244.0,74.0,6.0,1005.5,100,13.0827,80.275,0.0
2024-09-12 05:00:00+05:30,0.0,0.0,0.0,27.3,12.9,252.0,69.0,7.0,1005.9,100,13.0827,80.275,0.0
2024-09-12 06:00:00+05:30,13.0,35.0,10.0,27.6,12.5,258.0,63.0,14.0,1007.0,100,13.0827,80.275,0.3165117744887583
2024-09-12 07:00:00+05:30,165.0,399.9,67.0,29.0,12.7,263.0,60.0,39.0,1007.9,100,13.0827,80.275,10.707964071677424
2024-09-12 08:00:00+05:30,400.0,621.8,101.0,30.7,16.2,271.0,54.0,79.0,1008.2,100,13.0827,80.275,32.058925818246855
2024-09-12 09:00:00+05:30,622.0,727.0,124.0,32.1,15.5,270.0,50.0,10.0,1008.3,100,13.0827,80.275,52.03208910078873
2024-09-12 10:00:00+05:30,801.0,793.1,132.0,33.4,13.7,270.0,47.0,71.0,1007.8,100,13.0827,80.275,65.01906158604363
2024-09-12 11:00:00+05:30,917.0,820.7,141.0,34.5,10.8,272.0,44.0,40.0,1006.9,100,13.0827,80.275,75.15774831755049
2024-09-12 12:00:00+05:30,963.0,835.1,141.0,35.7,12.2,270.0,40.0,33.0,1005.8,100,13.0827,80.275,79.55951562711844
2024-09-12 13:00:00+05:30,877.0,740.9,168.0,36.4,9.4,288.0,38.0,29.0,1004.3,100,13.0827,80.275,70.35247347522967
2024-09-12 14:00:00+05:30,791.0,732.6,157.0,35.7,6.3,59.0,39.0,41.0,1003.7,100,13.0827,80.275,63.392345999026176
2024-09-12 15:00:00+05:30,629.0,680.3,142.0,32.0,18.8,87.0,63.0,55.0,1004.1,100,13.0827,80.275,51.44863687398244
2024-09-12 16:00:00+05:30,414.0,566.8,120.0,31.1,17.6,125.0,63.0,38.0,1004.4,100,13.0827,80.275,34.925547716371746
2024-09-12 17:00:00+05:30,187.0,372.7,80.0,30.6,16.1,141.0,69.0,34.0,1004.5,100,13.0827,80.275,13.28261792932676
2024-09-12 18:00:00+05:30,18.0,18.6,16.0,29.4,6.6,151.0,70.0,100.0,1005.8,100,13.0827,80.275,0.8246727243599038
2024-09-12 19:00:00+05:30,0.0,0.0,0.0,29.0,8.4,110.0,74.0,100.0,1006.0,100,13.0827,80.275,0.0
2024-09-12 20:00:00+05:30,0.0,0.0,0.0,28.4,11.3,121.0,85.0,100.0,1006.4,100,13.0827,80.275,0.0
2024-09-12 21:00:00+05:30,0.0,0.0,0.0,28.0,4.9,163.0,87.0,100.0,1007.3,100,13.0827,80.275,0.0
2024-09-12 22:00:00+05:30,0.0,0.0,0.0,27.9,9.0,196.0,86.0,100.0,1007.6,100,13.0827,80.275,0.0
2024-09-12 23:00:00+05:30,0.0,0.0,0.0,27.7,10.4,194.0,87.0,100.0,1007.2,100,13.0827,80.275,0.0
2024-09-13 00:00:00+05:30,0.0,0.0,0.0,27.4,10.8,195.0,90.0,100.0,1006.6,100,13.0827,80.275,0.0
2024-09-13 01:00:00+05:30,0.0,0.0,0.0,27.3,9.6,200.0,91.0,100.0,1005.9,100,13.0827,80.275,0.0
2024-09-13 02:00:00+05:30,0.0,0.0,0.0,27.1,8.2,221.0,91.0,100.0,1005.6,100,13.0827,80.275,0.0
2024-09-13 03:00:00+05:30,0.0,0.0,0.0,26.8,7.2,233.0,91.0,100.0,1005.6,100,13.0827,80.275,0.0
2024-09-13 04:00:00+05:30,0.0,0.0,0.0,26.8,7.9,223.0,91.0,100.0,1005.9,100,13.0827,80.275,0.0
2024-09-13 05:00:00+05:30,0.0,0.0,0.0,26.8,9.4,227.0,92.0,100.0,1006.2,100,13.0827,80.275,0.0
2024-09-13 06:00:00+05:30,12.0,23.3,10.0,27.6,10.5,229.0,88.0,99.0,1006.5,100,13.0827,80.275,0.32070546268187666
2024-09-13 07:00:00+05:30,152.0,285.6,82.0,29.3,10.7,237.0,78.0,100.0,1007.5,100,13.0827,80.275,10.926773953287071
2024-09-13 08:00:00+05:30,360.0,434.6,151.0,31.4,12.3,265.0,60.0,99.0,1008.0,100,13.0827,80.275,28.791342272590608
2024-09-13 09:00:00+05:30,566.0,530.0,203.0,33.0,13.9,291.0,49.0,96.0,1008.0,100,13.0827,80.275,46.53910839388229
2024-09-13 10:00:00+05:30,695.0,486.3,285.0,34.1,11.8,308.0,45.0,100.0,1007.5,100,13.0827,80.275,58.41953572311414
2024-09-13 11:00:00+05:30,865.0,650.9,250.0,35.2,9.7,312.0,41.0,100.0,1006.5,100,13.0827,80.275,69.95694312670095
2024-09-13 12:00:00+05:30,912.0,697.7,226.0,35.9,6.4,313.0,38.0,100.0,1005.2,100,13.0827,80.275,73.02577772681865
2024-09-13 13:00:00+05:30,834.0,619.6,242.0,35.8,1.9,158.0,37.0,97.0,1003.9,100,13.0827,80.275,63.00770255870756
2024-09-13 14:00:00+05:30,471.0,198.0,300.0,33.4,14.8,113.0,55.0,97.0,1003.1,100,13.0827,80.275,39.81682250633281
2024-09-13 15:00:00+05:30,568.0,585.7,150.0,32.3,17.4,96.0,56.0,100.0,1002.9,100,13.0827,80.275,47.89962881881221
2024-09-13 16:00:00+05:30,396.0,507.7,134.0,31.2,14.7,121.0,61.0,100.0,1002.5,100,13.0827,80.275,32.05467546600907
2024-09-13 17:00:00+05:30,190.0,383.4,81.0,31.2,11.9,95.0,63.0,100.0,1002.7,100,13.0827,80.275,13.046628325107354
2024-09-13 18:00:00+05:30,21.0,28.3,18.0,29.9,11.9,92.0,70.0,100.0,1004.3,100,13.0827,80.275,1.0093582824710017
2024-09-13 19:00:00+05:30,0.0,0.0,0.0,29.7,9.6,110.0,72.0,100.0,1004.8,100,13.0827,80.275,0.0
2024-09-13 20:00:00+05:30,0.0,0.0,0.0,29.6,7.5,107.0,78.0,100.0,1005.6,100,13.0827,80.275,0.0
2024-09-13 21:00:00+05:30,0.0,0.0,0.0,28.9,9.0,157.0,84.0,100.0,1006.8,100,13.0827,80.275,0.0
2024-09-13 22:00:00+05:30,0.0,0.0,0.0,28.7,8.4,170.0,81.0,100.0,1007.1,100,13.0827,80.275,0.0
2024-09-13 23:00:00+05:30,0.0,0.0,0.0,28.5,11.3,187.0,85.0,100.0,1006.5,100,13.0827,80.275,0.0
2024-09-14 00:00:00+05:30,0.0,0.0,0.0,28.1,13.7,182.0,90.0,100.0,1005.8,100,13.0827,80.275,0.0
2024-09-14 01:00:00+05:30,0.0,0.0,0.0,28.3,12.5,198.0,80.0,100.0,1005.4,100,13.0827,80.275,0.0
2024-09-14 02:00:00+05:30,0.0,0.0,0.0,28.1,11.7,198.0,82.0,100.0,1004.7,100,13.0827,80.275,0.0
2024-09-14 03:00:00+05:30,0.0,0.0,0.0,27.8,11.0,212.0,85.0,100.0,1004.6,100,13.0827,80.275,0.0
2024-09-14 04:00:00+05:30,0.0,0.0,0.0,27.3,8.4,220.0,88.0,100.0,1005.0,100,13.0827,80.275,0.0
2024-09-14 05:00:00+05:30,0.0,0.0,0.0,26.9,8.4,227.0,90.0,100.0,1005.3,100,13.0827,80.275,0.0
2024-09-14 06:00:00+05:30,9.0,0.0,9.0,27.6,8.8,235.0,87.0,100.0,1005.8,100,13.0827,80.275,0.23983055328351865
2024-09-14 07:00:00+05:30,128.0,134.6,95.0,28.9,9.5,241.0,82.0,100.0,1006.6,100,13.0827,80.275,9.818866601870623
2024-09-14 08:00:00+05:30,342.0,368.1,165.0,31.0,11.9,265.0,68.0,100.0,1007.1,100,13.0827,80.275,27.526940754638634
2024-09-14 09:00:00+05:30,570.0,559.4,187.0,32.9,15.3,285.0,52.0,100.0,1006.8,100,13.0827,80.275,46.297008948336746
2024-09-14 10:00:00+05:30,752.0,631.3,220.0,34.2,14.5,289.0,45.0,100.0,1006.1,100,13.0827,80.275,61.44658753707511
2024-09-14 11:00:00+05:30,827.0,639.7,223.0,35.4,14.2,291.0,40.0,100.0,1005.3,100,13.0827,80.275,67.70819487059268
2024-09-14 12:00:00+05:30,902.0,689.3,225.0,36.0,10.0,296.0,38.0,98.0,1003.9,100,13.0827,80.275,72.32764854892285
2024-09-14 13:00:00+05:30,883.0,727.5,189.0,35.8,1.5,45.0,38.0,100.0,1002.9,100,13.0827,80.275,68.12422181153048
2024-09-14 14:00:00+05:30,768.0,653.4,205.0,34.3,13.5,99.0,49.0,99.0,1002.0,100,13.0827,80.275,64.66845563670321
2024-09-14 15:00:00+05:30,637.0,680.4,153.0,32.8,20.0,98.0,54.0,98.0,1001.9,100,13.0827,80.275,52.52738473635221
2024-09-14 16:00:00+05:30,400.0,545.3,120.0,32.1,15.1,91.0,57.0,99.0,1001.9,100,13.0827,80.275,31.794762571072855
2024-09-14 17:00:00+05:30,186.0,390.9,76.0,31.6,10.6,114.0,62.0,97.0,1002.5,100,13.0827,80.275,13.283932130895435
2024-09-14 18:00:00+05:30,22.0,47.9,17.0,30.4,9.0,143.0,68.0,99.0,1003.9,100,13.0827,80.275,0.9197228813383799
2024-09-14 19:00:00+05:30,0.0,0.0,0.0,30.0,9.3,126.0,71.0,100.0,1004.8,100,13.0827,80.275,0.0
2024-09-14 20:00:00+05:30,0.0,0.0,0.0,29.4,5.2,115.0,75.0,99.0,1005.7,100,13.0827,80.275,0.0
2024-09-14 21:00:00+05:30,0.0,0.0,0.0,29.1,8.4,170.0,80.0,96.0,1006.4,100,13.0827,80.275,0.0
2024-09-14 22:00:00+05:30,0.0,0.0,0.0,29.2,14.2,173.0,76.0,93.0,1006.4,100,13.0827,80.275,0.0
2024-09-14 23:00:00+05:30,0.0,0.0,0.0,29.0,15.6,161.0,78.0,97.0,1006.2,100,13.0827,80.275,0.0
2024-09-15 00:00:00+05:30,0.0,0.0,0.0,28.8,12.4,158.0,81.0,87.0,1005.3,100,13.0827,80.275,0.0
2024-09-15 01:00:00+05:30,0.0,0.0,0.0,28.4,9.4,173.0,86.0,100.0,1004.7,100,13.0827,80.275,0.0
2024-09-15 02:00:00+05:30,0.0,0.0,0.0,27.9,8.1,193.0,89.0,100.0,1004.2,100,13.0827,80.275,0.0
2024-09-15 03:00:00+05:30,0.0,0.0,0.0,27.2,5.5,259.0,94.0,94.0,1004.1,100,13.0827,80.275,0.0
2024-09-15 04:00:00+05:30,0.0,0.0,0.0,26.7,8.3,288.0,95.0,92.0,1004.2,100,13.0827,80.275,0.0
2024-09-15 05:00:00+05:30,0.0,0.0,0.0,26.7,9.8,287.0,90.0,61.0,1004.6,100,13.0827,80.275,0.0
2024-09-15 06:00:00+05:30,13.0,35.0,10.0,28.0,12.6,272.0,81.0,94.0,1005.5,100,13.0827,80.275,0.3113813658207443
2024-09-15 07:00:00+05:30,165.0,391.5,69.0,29.9,13.3,273.0,66.0,98.0,1006.2,100,13.0827,80.275,11.609359969833989
2024-09-15 08:00:00+05:30,393.0,580.2,114.0,32.2,16.6,283.0,52.0,89.0,1006.6,100,13.0827,80.275,31.82507447185596
2024-09-15 09:00:00+05:30,617.0,710.0,131.0,33.9,16.1,294.0,44.0,97.0,1006.3,100,13.0827,80.275,50.67969640301233
2024-09-15 10:00:00+05:30,800.0,787.1,137.0,35.3,13.6,302.0,40.0,97.0,1005.8,100,13.0827,80.275,64.45863206574815
2024-09-15 11:00:00+05:30,855.0,729.3,167.0,36.3,10.6,305.0,36.0,36.0,1005.0,100,13.0827,80.275,68.99683424842078
2024-09-15 12:00:00+05:30,911.0,739.1,186.0,36.5,4.4,325.0,35.0,36.0,1004.0,100,13.0827,80.275,71.08512205745551
2024-09-15 13:00:00+05:30,859.0,683.5,208.0,36.1,4.7,113.0,36.0,44.0,1003.2,100,13.0827,80.275,68.4757829145516
2024-09-15 14:00:00+05:30,733.0,608.4,210.0,33.8,15.3,120.0,55.0,92.0,1002.5,100,13.0827,80.275,61.66426459611719
2024-09-15 15:00:00+05:30,562.0,561.3,164.0,31.7,16.8,99.0,58.0,100.0,1002.3,100,13.0827,80.275,47.487147579743436
2024-09-15 16:00:00+05:30,342.0,366.1,155.0,32.3,5.8,83.0,54.0,100.0,1002.1,100,13.0827,80.275,27.88854641056053
2024-09-15 17:00:00+05:30,182.0,344.7,86.0,32.0,13.2,133.0,61.0,100.0,1002.6,100,13.0827,80.275,13.133019008033
2024-09-15 18:00:00+05:30,21.0,48.6,16.0,30.2,15.6,146.0,70.0,100.0,1003.6,100,13.0827,80.275,0.8304752014027429
2024-09-15 19:00:00+05:30,0.0,0.0,0.0,30.0,10.0,159.0,61.0,97.0,1004.3,100,13.0827,80.275,0.0
2024-09-15 20:00:00+05:30,0.0,0.0,0.0,29.4,9.6,160.0,72.0,68.0,1005.4,100,13.0827,80.275,0.0
2024-09-15 21:00:00+05:30,0.0,0.0,0.0,28.3,6.3,193.0,80.0,45.0,1006.3,100,13.0827,80.275,0.0
2024-09-15 22:00:00+05:30,0.0,0.0,0.0,28.3,8.4,211.0,80.0,94.0,1006.9,100,13.0827,80.275,0.0
2024-09-15 23:00:00+05:30,0.0,0.0,0.0,28.3,10.4,194.0,84.0,100.0,1006.5,100,13.0827,80.275,0.0
2024-09-16 00:00:00+05:30,0.0,0.0,0.0,28.3,11.4,198.0,85.0,100.0,1005.7,100,13.0827,80.275,0.0
2024-09-16 01:00:00+05:30,0.0,0.0,0.0,28.1,7.7,217.0,80.0,100.0,1005.2,100,13.0827,80.275,0.0
2024-09-16 02:00:00+05:30,0.0,0.0,0.0,27.8,5.9,232.0,79.0,100.0,1004.7,100,13.0827,80.275,0.0
2024-09-16 03:00:00+05:30,0.0,0.0,0.0,27.5,6.8,238.0,80.0,100.0,1004.4,100,13.0827,80.275,0.0
2024-09-16 04:00:00+05:30,0.0,0.0,0.0,27.3,8.2,241.0,80.0,92.0,1004.7,100,13.0827,80.275,0.0
2024-09-16 05:00:00+05:30,0.0,0.0,0.0,26.9,8.2,255.0,80.0,19.0,1005.2,100,13.0827,80.275,0.0
2024-09-16 06:00:00+05:30,13.0,46.6,9.0,28.0,12.3,263.0,67.0,88.0,1005.9,100,13.0827,80.275,0.22024912679716516
2024-09-16 07:00:00+05:30,167.0,411.9,66.0,29.5,11.9,270.0,62.0,81.0,1006.2,100,13.0827,80.275,11.242996850962228
2024-09-16 08:00:00+05:30,405.0,636.4,99.0,31.2,15.5,288.0,53.0,41.0,1006.7,100,13.0827,80.275,33.60705328224664
2024-09-16 09:00:00+05:30,628.0,742.3,120.0,32.8,14.3,298.0,47.0,100.0,1006.7,100,13.0827,80.275,51.84454395577948
2024-09-16 10:00:00+05:30,804.0,790.0,139.0,34.2,11.7,304.0,44.0,98.0,1006.1,100,13.0827,80.275,65.73746513985407
2024-09-16 11:00:00+05:30,917.0,812.7,151.0,35.4,10.6,298.0,40.0,100.0,1005.5,100,13.0827,80.275,73.73736569688802
2024-09-16 12:00:00+05:30,827.0,628.7,211.0,35.6,7.8,292.0,38.0,99.0,1004.3,100,13.0827,80.275,65.57811698381327
2024-09-16 13:00:00+05:30,867.0,694.2,207.0,35.8,5.0,339.0,36.0,92.0,1003.3,100,13.0827,80.275,69.15441707158602
2024-09-16 14:00:00+05:30,733.0,632.0,191.0,35.6,5.5,11.0,36.0,95.0,1002.5,100,13.0827,80.275,59.76662872869094
2024-09-16 15:00:00+05:30,600.0,629.8,155.0,33.8,12.6,103.0,50.0,100.0,1002.2,100,13.0827,80.275,49.80468151655757
2024-09-16 16:00:00+05:30,394.0,545.2,117.0,32.0,19.2,120.0,56.0,97.0,1002.1,100,13.0827,80.275,32.773116180033725
2024-09-16 17:00:00+05:30,186.0,406.5,74.0,30.7,13.3,139.0,62.0,92.0,1002.7,100,13.0827,80.275,13.120195793963674
2024-09-16 18:00:00+05:30,21.0,78.9,13.0,29.8,12.2,152.0,68.0,100.0,1003.5,100,13.0827,80.275,0.5485201577181895
2024-09-16 19:00:00+05:30,0.0,0.0,0.0,29.6,9.8,156.0,74.0,96.0,1004.3,100,13.0827,80.275,0.0
2024-09-16 20:00:00+05:30,0.0,0.0,0.0,29.2,5.4,143.0,73.0,62.0,1005.4,100,13.0827,80.275,0.0
2024-09-16 21:00:00+05:30,0.0,0.0,0.0,29.2,6.9,174.0,73.0,69.0,1006.4,100,13.0827,80.275,0.0
2024-09-16 22:00:00+05:30,0.0,0.0,0.0,29.2,12.0,189.0,73.0,18.0,1006.7,100,13.0827,80.275,0.0
2024-09-16 23:00:00+05:30,0.0,0.0,0.0,28.8,11.4,191.0,74.0,21.0,1006.4,100,13.0827,80.275,0.0
2024-09-17 00:00:00+05:30,0.0,0.0,0.0,28.5,12.7,205.0,72.0,16.0,1005.9,100,13.0827,80.275,0.0
2024-09-17 01:00:00+05:30,0.0,0.0,0.0,28.3,13.3,218.0,71.0,5.0,1005.2,100,13.0827,80.275,0.0
2024-09-17 02:00:00+05:30,0.0,0.0,0.0,28.0,13.7,225.0,74.0,5.0,1004.9,100,13.0827,80.275,0.0
2024-09-17 03:00:00+05:30,0.0,0.0,0.0,27.8,13.8,237.0,75.0,24.0,1004.8,100,13.0827,80.275,0.0
2024-09-17 04:00:00+05:30,0.0,0.0,0.0,27.7,12.9,247.0,73.0,30.0,1005.3,100,13.0827,80.275,0.0
2024-09-17 05:00:00+05:30,0.0,0.0,0.0,27.6,12.5,252.0,70.0,9.0,1005.6,100,13.0827,80.275,0.0
2024-09-17 06:00:00+05:30,13.0,46.6,9.0,28.3,12.9,252.0,64.0,0.0,1006.1,100,13.0827,80.275,0.22468922535973462
2024-09-17 07:00:00+05:30,167.0,415.9,65.0,30.0,13.5,261.0,60.0,4.0,1006.5,100,13.0827,80.275,12.031483632118265
2024-09-17 08:00:00+05:30,399.0,619.8,101.0,31.8,17.1,277.0,54.0,7.0,1006.7,100,13.0827,80.275,33.20269861466161
2024-09-17 09:00:00+05:30,622.0,730.9,122.0,33.4,17.1,288.0,48.0,11.0,1006.4,100,13.0827,80.275,52.9405532709308
2024-09-17 10:00:00+05:30,801.0,792.8,134.0,35.0,15.5,295.0,42.0,10.0,1005.9,100,13.0827,80.275,69.0570690997997
2024-09-17 11:00:00+05:30,902.0,804.9,144.0,36.2,11.8,310.0,39.0,9.0,1005.1,100,13.0827,80.275,73.62355846009521
2024-09-17 12:00:00+05:30,938.0,811.4,144.0,36.3,5.8,22.0,39.0,18.0,1003.8,100,13.0827,80.275,76.69797296667299
2024-09-17 13:00:00+05:30,886.0,761.8,163.0,35.2,10.4,88.0,45.0,19.0,1002.7,100,13.0827,80.275,73.46138154869537
2024-09-17 14:00:00+05:30,768.0,725.9,147.0,34.1,14.8,104.0,50.0,40.0,1001.7,100,13.0827,80.275,68.06181925284947
2024-09-17 15:00:00+05:30,610.0,666.0,141.0,33.7,15.5,112.0,52.0,35.0,1001.2,100,13.0827,80.275,51.92724744303864
2024-09-17 16:00:00+05:30,400.0,560.0,117.0,32.1,16.8,135.0,59.0,52.0,1001.4,100,13.0827,80.275,34.0557073209402
2024-09-17 17:00:00+05:30,159.0,311.9,74.0,30.9,10.6,125.0,64.0,21.0,1001.8,100,13.0827,80.275,11.923606697719363
2024-09-17 18:00:00+05:30,19.0,60.1,13.0,30.3,14.5,138.0,71.0,16.0,1002.9,100,13.0827,80.275,0.5794439003316022
2024-09-17 19:00:00+05:30,0.0,0.0,0.0,29.6,9.4,137.0,73.0,21.0,1003.6,100,13.0827,80.275,0.0
2024-09-17 20:00:00+05:30,0.0,0.0,0.0,29.1,6.8,148.0,80.0,30.0,1004.7,100,13.0827,80.275,0.0
2024-09-17 21:00:00+05:30,0.0,0.0,0.0,28.9,7.6,172.0,81.0,53.0,1005.9,100,13.0827,80.275,0.0
2024-09-17 22:00:00+05:30,0.0,0.0,0.0,29.0,12.2,178.0,80.0,70.0,1006.1,100,13.0827,80.275,0.0
2024-09-17 23:00:00+05:30,0.0,0.0,0.0,28.9,10.4,182.0,80.0,57.0,1005.8,100,13.0827,80.275,0.0
2024-09-18 00:00:00+05:30,0.0,0.0,0.0,28.7,9.3,167.0,82.0,37.0,1005.2,100,13.0827,80.275,0.0
2024-09-18 01:00:00+05:30,0.0,0.0,0.0,28.3,4.3,185.0,81.0,9.0,1004.4,100,13.0827,80.275,0.0
2024-09-18 02:00:00+05:30,0.0,0.0,0.0,27.5,4.3,246.0,84.0,6.0,1003.9,100,13.0827,80.275,0.0
2024-09-18 03:00:00+05:30,0.0,0.0,0.0,27.3,4.5,256.0,84.0,6.0,1003.8,100,13.0827,80.275,0.0
2024-09-18 04:00:00+05:30,0.0,0.0,0.0,27.1,7.1,255.0,85.0,7.0,1004.0,100,13.0827,80.275,0.0
2024-09-18 05:00:00+05:30,0.0,0.0,0.0,26.9,8.8,258.0,85.0,24.0,1004.5,100,13.0827,80.275,0.0
2024-09-18 06:00:00+05:30,11.0,34.9,8.0,28.0,12.9,210.0,71.0,23.0,1004.5,100,13.0827,80.275,0.1393072070315389
2024-09-18 07:00:00+05:30,155.0,358.8,67.0,28.2,12.3,353.0,70.0,78.0,1005.9,100,13.0827,80.275,11.082686275507944
2024-09-18 08:00:00+05:30,305.0,326.6,148.0,28.7,4.1,345.0,73.0,39.0,1006.2,100,13.0827,80.275,25.654424698815234
2024-09-18 09:00:00+05:30,582.0,633.2,149.0,31.3,5.9,256.0,62.0,90.0,1006.1,100,13.0827,80.275,48.04004761425068
2024-09-18 10:00:00+05:30,696.0,581.6,207.0,33.0,7.1,315.0,53.0,72.0,1005.4,100,13.0827,80.275,57.15427275667545
2024-09-18 11:00:00+05:30,835.0,666.4,208.0,34.4,6.9,354.0,48.0,66.0,1004.8,100,13.0827,80.275,69.35486052808045
2024-09-18 12:00:00+05:30,907.0,732.7,191.0,34.8,6.6,41.0,47.0,61.0,1003.5,100,13.0827,80.275,72.93966879957998
2024-09-18 13:00:00+05:30,888.0,753.7,174.0,34.6,9.1,83.0,49.0,89.0,1002.6,100,13.0827,80.275,73.03422128294635
2024-09-18 14:00:00+05:30,726.0,632.8,186.0,32.2,13.8,97.0,59.0,70.0,1002.3,100,13.0827,80.275,62.06475912419642
2024-09-18 15:00:00+05:30,561.0,560.1,168.0,32.0,10.4,88.0,58.0,50.0,1001.7,100,13.0827,80.275,47.65398778123315
2024-09-18 16:00:00+05:30,378.0,489.5,132.0,32.0,12.1,60.0,57.0,30.0,1001.3,100,13.0827,80.275,32.09556568620019
2024-09-18 17:00:00+05:30,170.0,337.6,79.0,31.0,10.4,70.0,65.0,13.0,1001.9,100,13.0827,80.275,12.71136405825385
2024-09-18 18:00:00+05:30,20.0,71.2,13.0,30.1,8.7,107.0,72.0,11.0,1002.5,100,13.0827,80.275,0.5811808069608798
2024-09-18 19:00:00+05:30,0.0,0.0,0.0,29.5,6.8,108.0,76.0,48.0,1003.1,100,13.0827,80.275,0.0
2024-09-18 20:00:00+05:30,0.0,0.0,0.0,29.1,5.1,94.0,80.0,94.0,1004.3,100,13.0827,80.275,0.0
2024-09-18 21:00:00+05:30,0.0,0.0,0.0,28.9,6.0,115.0,81.0,77.0,1005.3,100,13.0827,80.275,0.0
2024-09-18 22:00:00+05:30,0.0,0.0,0.0,28.6,5.9,142.0,82.0,36.0,1005.7,100,13.0827,80.275,0.0
2024-09-18 23:00:00+05:30,0.0,0.0,0.0,28.2,6.5,183.0,84.0,23.0,1005.7,100,13.0827,80.275,0.0
2024-09-19 00:00:00+05:30,0.0,0.0,0.0,28.1,8.6,213.0,84.0,24.0,1005.3,100,13.0827,80.275,0.0
2024-09-19 01:00:00+05:30,0.0,0.0,0.0,25.3,18.3,285.0,85.0,73.0,1005.3,100,13.0827,80.275,0.0
2024-09-19 02:00:00+05:30,0.0,0.0,0.0,25.4,13.8,285.0,89.0,28.0,1004.6,100,13.0827,80.275,0.0
2024-09-19 03:00:00+05:30,0.0,0.0,0.0,25.3,13.6,287.0,86.0,40.0,1004.3,100,13.0827,80.275,0.0
2024-09-19 04:00:00+05:30,0.0,0.0,0.0,25.9,8.8,261.0,79.0,100.0,1004.1,100,13.0827,80.275,0.0
2024-09-19 05:00:00+05:30,0.0,0.0,0.0,26.0,6.8,238.0,79.0,100.0,1004.5,100,13.0827,80.275,0.0
2024-09-19 06:00:00+05:30,12.0,34.9,9.0,26.6,7.0,192.0,83.0,6.0,1005.1,100,13.0827,80.275,0.22784881804506804
2024-09-19 07:00:00+05:30,151.0,318.0,73.0,27.8,3.6,180.0,79.0,20.0,1006.4,100,13.0827,80.275,11.279275882424674
2024-09-19 08:00:00+05:30,372.0,541.0,112.0,29.4,4.4,215.0,71.0,8.0,1006.7,100,13.0827,80.275,31.65242628270557
2024-09-19 09:00:00+05:30,599.0,673.0,139.0,31.3,1.1,252.0,63.0,31.0,1006.6,100,13.0827,80.275,49.60438375505418
2024-09-19 10:00:00+05:30,807.0,811.8,125.0,32.5,3.3,96.0,58.0,40.0,1006.3,100,13.0827,80.275,65.20065597579385
2024-09-19 11:00:00+05:30,897.0,800.1,145.0,33.4,6.3,114.0,55.0,34.0,1005.4,100,13.0827,80.275,74.66664164597235
2024-09-19 12:00:00+05:30,919.0,776.8,161.0,33.8,9.2,121.0,56.0,16.0,1004.1,100,13.0827,80.275,77.03076301741433
2024-09-19 13:00:00+05:30,893.0,774.1,161.0,33.9,11.8,110.0,59.0,14.0,1003.0,100,13.0827,80.275,74.9607370994255
2024-09-19 14:00:00+05:30,781.0,740.1,151.0,32.8,13.7,92.0,62.0,33.0,1002.4,100,13.0827,80.275,67.05213477995359
2024-09-19 15:00:00+05:30,609.0,679.4,134.0,32.0,11.2,140.0,63.0,45.0,1002.3,100,13.0827,80.275,51.28409422891974
2024-09-19 16:00:00+05:30,330.0,434.2,113.0,32.1,8.6,92.0,59.0,21.0,1002.3,100,13.0827,80.275,28.2349456994134
2024-09-19 17:00:00+05:30,170.0,356.4,75.0,30.9,13.0,95.0,65.0,19.0,1002.5,100,13.0827,80.275,12.817121401159529
2024-09-19 18:00:00+05:30,15.0,41.3,11.0,30.0,9.7,117.0,69.0,100.0,1003.4,100,13.0827,80.275,0.3986441282787819
2024-09-19 19:00:00+05:30,0.0,0.0,0.0,29.4,8.6,112.0,76.0,99.0,1004.1,100,13.0827,80.275,0.0
2024-09-19 20:00:00+05:30,0.0,0.0,0.0,28.7,7.1,150.0,81.0,34.0,1004.5,100,13.0827,80.275,0.0
2024-09-19 21:00:00+05:30,0.0,0.0,0.0,28.0,4.5,166.0,85.0,89.0,1005.3,100,13.0827,80.275,0.0
2024-09-19 22:00:00+05:30,0.0,0.0,0.0,27.4,5.6,165.0,87.0,100.0,1005.3,100,13.0827,80.275,0.0
2024-09-19 23:00:00+05:30,0.0,0.0,0.0,27.1,5.8,184.0,88.0,100.0,1005.1,100,13.0827,80.275,0.0
2024-09-20 00:00:00+05:30,0.0,0.0,0.0,27.2,7.9,219.0,87.0,100.0,1004.8,100,13.0827,80.275,0.0
2024-09-20 01:00:00+05:30,0.0,0.0,0.0,27.0,11.9,235.0,84.0,100.0,1004.4,100,13.0827,80.275,0.0
2024-09-20 02:00:00+05:30,0.0,0.0,0.0,26.9,12.3,230.0,83.0,100.0,1004.0,100,13.0827,80.275,0.0
2024-09-20 03:00:00+05:30,0.0,0.0,0.0,27.0,11.7,225.0,84.0,100.0,1003.6,100,13.0827,80.275,0.0
2024-09-20 04:00:00+05:30,0.0,0.0,0.0,26.8,9.3,234.0,86.0,100.0,1003.7,100,13.0827,80.275,0.0
2024-09-20 05:00:00+05:30,0.0,0.0,0.0,26.5,8.0,265.0,87.0,100.0,1004.1,100,13.0827,80.275,0.0
2024-09-20 06:00:00+05:30,12.0,34.9,9.0,27.3,9.0,247.0,82.0,25.0,1004.7,100,13.0827,80.275,0.23177917704217182
2024-09-20 07:00:00+05:30,163.0,387.3,68.0,28.9,8.9,249.0,74.0,34.0,1005.0,100,13.0827,80.275,11.976784254649514
2024-09-20 08:00:00+05:30,395.0,601.5,106.0,31.0,9.5,259.0,62.0,84.0,1005.5,100,13.0827,80.275,31.967613647198405
2024-09-20 09:00:00+05:30,620.0,726.0,124.0,33.5,11.2,285.0,46.0,53.0,1005.5,100,13.0827,80.275,52.41401307170964
2024-09-20 10:00:00+05:30,797.0,786.2,137.0,35.1,10.2,318.0,40.0,17.0,1005.1,100,13.0827,80.275,68.94774106868864
2024-09-20 11:00:00+05:30,915.0,827.6,138.0,35.9,8.3,5.0,39.0,26.0,1004.5,100,13.0827,80.275,73.76092765777324
2024-09-20 12:00:00+05:30,948.0,826.1,143.0,35.9,7.4,51.0,40.0,100.0,1003.7,100,13.0827,80.275,77.33846714746902
2024-09-20 13:00:00+05:30,852.0,608.2,278.0,35.2,11.0,109.0,45.0,100.0,1002.5,100,13.0827,80.275,69.23522876874841
2024-09-20 14:00:00+05:30,681.0,484.1,270.0,33.8,14.7,118.0,51.0,100.0,1002.0,100,13.0827,80.275,57.34414060627597
2024-09-20 15:00:00+05:30,547.0,473.7,217.0,33.6,9.5,115.0,47.0,100.0,1001.6,100,13.0827,80.275,45.52704799740617
2024-09-20 16:00:00+05:30,313.0,338.1,145.0,33.1,3.4,122.0,50.0,100.0,1001.6,100,13.0827,80.275,26.026369641872822
2024-09-20 17:00:00+05:30,119.0,140.4,82.0,32.4,5.5,58.0,53.0,100.0,1002.1,100,13.0827,80.275,8.88863780823999
2024-09-20 18:00:00+05:30,13.0,10.5,12.0,30.7,4.4,125.0,65.0,100.0,1002.8,100,13.0827,80.275,0.489302272615974
2024-09-20 19:00:00+05:30,0.0,0.0,0.0,29.8,5.5,122.0,74.0,100.0,1003.9,100,13.0827,80.275,0.0
2024-09-20 20:00:00+05:30,0.0,0.0,0.0,29.0,3.7,119.0,82.0,100.0,1004.9,100,13.0827,80.275,0.0
2024-09-20 21:00:00+05:30,0.0,0.0,0.0,28.7,2.9,7.0,85.0,100.0,1006.0,100,13.0827,80.275,0.0
2024-09-20 22:00:00+05:30,0.0,0.0,0.0,28.4,3.4,342.0,87.0,95.0,1006.4,100,13.0827,80.275,0.0
2024-09-20 23:00:00+05:30,0.0,0.0,0.0,28.1,7.0,55.0,85.0,100.0,1006.1,100,13.0827,80.275,0.0
2024-09-21 00:00:00+05:30,0.0,0.0,0.0,27.9,2.9,60.0,86.0,100.0,1005.7,100,13.0827,80.275,0.0
2024-09-21 01:00:00+05:30,0.0,0.0,0.0,27.7,4.3,222.0,85.0,100.0,1005.1,100,13.0827,80.275,0.0
2024-09-21 02:00:00+05:30,0.0,0.0,0.0,27.3,3.3,193.0,88.0,100.0,1004.5,100,13.0827,80.275,0.0
2024-09-21 03:00:00+05:30,0.0,0.0,0.0,27.2,5.2,168.0,89.0,94.0,1004.1,100,13.0827,80.275,0.0
2024-09-21 04:00:00+05:30,0.0,0.0,0.0,26.9,4.3,175.0,93.0,71.0,1004.2,100,13.0827,80.275,0.0
2024-09-21 05:00:00+05:30,0.0,0.0,0.0,26.5,2.3,219.0,95.0,98.0,1004.3,100,13.0827,80.275,0.0
2024-09-21 06:00:00+05:30,1.0,0.0,1.0,25.6,5.9,256.0,92.0,100.0,1005.6,100,13.0827,80.275,0.0
2024-09-21 07:00:00+05:30,24.0,0.0,24.0,25.6,5.8,274.0,91.0,100.0,1006.3,100,13.0827,80.275,1.5869539028347068
2024-09-21 08:00:00+05:30,102.0,0.0,102.0,26.6,4.8,283.0,84.0,100.0,1006.8,100,13.0827,80.275,8.457108604044093
2024-09-21 09:00:00+05:30,298.0,49.8,264.0,28.2,9.0,307.0,75.0,100.0,1006.9,100,13.0827,80.275,25.827344782161113
2024-09-21 10:00:00+05:30,459.0,109.7,367.0,29.8,13.9,307.0,64.0,100.0,1006.8,100,13.0827,80.275,40.54004230399991
2024-09-21 11:00:00+05:30,578.0,163.2,425.0,31.0,17.0,302.0,60.0,100.0,1005.7,100,13.0827,80.275,50.37911171010193
2024-09-21 12:00:00+05:30,283.0,5.1,278.0,30.1,14.3,313.0,63.0,100.0,1004.9,100,13.0827,80.275,23.424192575384456
2024-09-21 13:00:00+05:30,198.0,0.0,198.0,30.2,9.3,286.0,63.0,100.0,1003.7,100,13.0827,80.275,16.63489593261286
2024-09-21 14:00:00+05:30,343.0,48.4,302.0,31.0,7.4,313.0,61.0,100.0,1002.7,100,13.0827,80.275,29.183160017042248
2024-09-21 15:00:00+05:30,215.0,2.9,213.0,31.0,4.3,5.0,61.0,100.0,1002.4,100,13.0827,80.275,18.014707248666486
2024-09-21 16:00:00+05:30,147.0,4.0,145.0,30.6,5.7,55.0,64.0,100.0,1002.1,100,13.0827,80.275,12.551284423756227
2024-09-21 17:00:00+05:30,85.0,23.0,79.0,29.4,10.3,61.0,72.0,100.0,1002.2,100,13.0827,80.275,6.940603272499804
2024-09-21 18:00:00+05:30,9.0,0.0,9.0,29.5,6.8,295.0,65.0,100.0,1003.3,100,13.0827,80.275,0.2315241656853026
2024-09-21 19:00:00+05:30,0.0,0.0,0.0,28.7,4.0,360.0,70.0,100.0,1004.2,100,13.0827,80.275,0.0
2024-09-21 20:00:00+05:30,0.0,0.0,0.0,28.6,7.1,30.0,74.0,100.0,1005.1,100,13.0827,80.275,0.0
2024-09-21 21:00:00+05:30,0.0,0.0,0.0,28.5,6.2,54.0,78.0,100.0,1006.2,100,13.0827,80.275,0.0
2024-09-21 22:00:00+05:30,0.0,0.0,0.0,28.1,1.6,297.0,83.0,100.0,1006.2,100,13.0827,80.275,0.0
2024-09-21 23:00:00+05:30,0.0,0.0,0.0,27.6,6.1,298.0,85.0,100.0,1005.8,100,13.0827,80.275,0.0
2024-09-22 00:00:00+05:30,0.0,0.0,0.0,27.2,3.6,270.0,87.0,100.0,1005.2,100,13.0827,80.275,0.0
2024-09-22 01:00:00+05:30,0.0,0.0,0.0,26.9,6.8,238.0,88.0,100.0,1004.7,100,13.0827,80.275,0.0
2024-09-22 02:00:00+05:30,0.0,0.0,0.0,26.5,9.6,236.0,82.0,100.0,1004.1,100,13.0827,80.275,0.0
2024-09-22 03:00:00+05:30,0.0,0.0,0.0,25.8,3.3,49.0,91.0,100.0,1004.4,100,13.0827,80.275,0.0
2024-09-22 04:00:00+05:30,0.0,0.0,0.0,25.6,5.9,218.0,91.0,100.0,1004.2,100,13.0827,80.275,0.0
2024-09-22 05:00:00+05:30,0.0,0.0,0.0,25.6,11.0,232.0,91.0,100.0,1004.2,100,13.0827,80.275,0.0
2024-09-22 06:00:00+05:30,7.0,11.6,6.0,26.3,3.5,24.0,90.0,99.0,1004.0,100,13.0827,80.275,0.0
2024-09-22 07:00:00+05:30,81.0,48.9,69.0,27.3,2.2,9.0,84.0,100.0,1005.1,100,13.0827,80.275,6.25425578164519
2024-09-22 08:00:00+05:30,195.0,77.1,158.0,28.5,8.4,301.0,76.0,100.0,1005.3,100,13.0827,80.275,16.307016958447527
2024-09-22 09:00:00+05:30,239.0,32.2,217.0,29.3,9.4,313.0,70.0,100.0,1005.6,100,13.0827,80.275,20.098299170712465
2024-09-22 10:00:00+05:30,570.0,305.5,314.0,31.0,10.4,316.0,64.0,98.0,1005.1,100,13.0827,80.275,48.62911441249176
2024-09-22 11:00:00+05:30,754.0,474.0,310.0,32.5,11.2,320.0,59.0,100.0,1004.4,100,13.0827,80.275,61.989118061500065
2024-09-22 12:00:00+05:30,768.0,437.5,343.0,33.5,8.4,335.0,53.0,100.0,1003.2,100,13.0827,80.275,64.84461838090289
2024-09-22 13:00:00+05:30,574.0,246.8,342.0,33.6,7.0,21.0,52.0,100.0,1002.1,100,13.0827,80.275,47.335612319513345
2024-09-22 14:00:00+05:30,285.0,35.5,255.0,30.0,15.7,81.0,73.0,100.0,1001.7,100,13.0827,80.275,24.01099363235083
2024-09-22 15:00:00+05:30,192.0,13.0,183.0,28.5,10.7,102.0,78.0,100.0,1001.4,100,13.0827,80.275,16.01487307800857
2024-09-22 16:00:00+05:30,168.0,28.5,154.0,29.5,6.9,62.0,73.0,100.0,1001.3,100,13.0827,80.275,14.118881914157422
2024-09-22 17:00:00+05:30,93.0,34.9,84.0,29.1,8.3,92.0,75.0,100.0,1001.3,100,13.0827,80.275,7.557242019371213
2024-09-22 18:00:00+05:30,6.0,0.0,6.0,28.4,10.1,163.0,80.0,100.0,1001.9,100,13.0827,80.275,0.0
2024-09-22 19:00:00+05:30,0.0,0.0,0.0,27.8,6.9,171.0,84.0,100.0,1002.9,100,13.0827,80.275,0.0
2024-09-22 20:00:00+05:30,0.0,0.0,0.0,27.6,5.2,192.0,85.0,100.0,1004.1,100,13.0827,80.275,0.0
2024-09-22 21:00:00+05:30,0.0,0.0,0.0,27.6,6.2,234.0,85.0,100.0,1005.0,100,13.0827,80.275,0.0
2024-09-22 22:00:00+05:30,0.0,0.0,0.0,27.4,4.7,238.0,85.0,99.0,1005.0,100,13.0827,80.275,0.0
2024-09-22 23:00:00+05:30,0.0,0.0,0.0,25.1,3.8,287.0,97.0,100.0,1005.3,100,13.0827,80.275,0.0
2024-09-23 00:00:00+05:30,0.0,0.0,0.0,25.8,10.9,207.0,92.0,85.0,1004.1,100,13.0827,80.275,0.0
2024-09-23 01:00:00+05:30,0.0,0.0,0.0,25.2,11.9,209.0,94.0,100.0,1003.9,100,13.0827,80.275,0.0
2024-09-23 02:00:00+05:30,0.0,0.0,0.0,25.3,12.4,244.0,91.0,99.0,1003.6,100,13.0827,80.275,0.0
2024-09-23 03:00:00+05:30,0.0,0.0,0.0,24.8,13.3,267.0,91.0,96.0,1003.7,100,13.0827,80.275,0.0
2024-09-23 04:00:00+05:30,0.0,0.0,0.0,24.8,11.6,263.0,90.0,100.0,1003.3,100,13.0827,80.275,0.0
2024-09-23 05:00:00+05:30,0.0,0.0,0.0,24.8,8.3,268.0,90.0,100.0,1003.9,100,13.0827,80.275,0.0
2024-09-23 06:00:00+05:30,11.0,23.3,9.0,26.3,10.5,274.0,86.0,87.0,1003.8,100,13.0827,80.275,0.23445795902244712
2024-09-23 07:00:00+05:30,121.0,195.8,73.0,27.0,9.5,259.0,83.0,67.0,1004.6,100,13.0827,80.275,9.506908584243678
2024-09-23 08:00:00+05:30,310.0,312.6,160.0,28.5,9.1,277.0,77.0,81.0,1004.9,100,13.0827,80.275,26.278016033618535
2024-09-23 09:00:00+05:30,588.0,645.3,148.0,30.6,8.4,290.0,69.0,91.0,1004.7,100,13.0827,80.275,48.684091294586274
2024-09-23 10:00:00+05:30,774.0,729.7,163.0,32.1,8.8,305.0,63.0,99.0,1004.2,100,13.0827,80.275,64.77520962460025
2024-09-23 11:00:00+05:30,885.0,768.6,166.0,32.9,8.9,313.0,60.0,85.0,1003.6,100,13.0827,80.275,0.0
2024-09-23 12:00:00+05:30,923.0,781.5,165.0,33.0,5.3,332.0,63.0,96.0,1002.9,100,13.0827,80.275,74.48910654596185
2024-09-23 13:00:00+05:30,800.0,557.5,277.0,32.8,2.2,99.0,65.0,100.0,1001.8,100,13.0827,80.275,63.5479695426187
2024-09-23 14:00:00+05:30,738.0,691.1,156.0,31.3,12.1,117.0,75.0,88.0,1000.7,100,13.0827,80.275,63.71084100096952
2024-09-23 15:00:00+05:30,470.0,405.1,191.0,29.5,4.2,160.0,82.0,91.0,1000.5,100,13.0827,80.275,40.10514342656943
2024-09-23 16:00:00+05:30,249.0,333.8,86.0,29.2,4.3,270.0,82.0,94.0,1000.5,100,13.0827,80.275,20.908671536677964
2024-09-23 17:00:00+05:30,165.0,373.3,70.0,29.0,1.8,143.0,83.0,76.0,1000.9,100,13.0827,80.275,12.231614312120067
2024-09-23 18:00:00+05:30,12.0,0.0,12.0,29.0,8.6,112.0,81.0,100.0,1002.4,100,13.0827,80.275,0.5006821279470878
2024-09-23 19:00:00+05:30,0.0,0.0,0.0,28.6,6.1,140.0,83.0,100.0,1003.5,100,13.0827,80.275,0.0
2024-09-23 20:00:00+05:30,0.0,0.0,0.0,28.3,5.3,152.0,85.0,100.0,1003.7,100,13.0827,80.275,0.0
2024-09-23 21:00:00+05:30,0.0,0.0,0.0,28.1,6.5,146.0,86.0,100.0,1004.5,100,13.0827,80.275,0.0
2024-09-23 22:00:00+05:30,0.0,0.0,0.0,28.4,10.8,159.0,85.0,100.0,1004.4,100,13.0827,80.275,0.0
2024-09-23 23:00:00+05:30,0.0,0.0,0.0,28.2,6.8,177.0,86.0,100.0,1004.3,100,13.0827,80.275,0.0
2024-09-24 00:00:00+05:30,0.0,0.0,0.0,26.4,11.3,261.0,91.0,100.0,1003.7,100,13.0827,80.275,0.0
2024-09-24 01:00:00+05:30,0.0,0.0,0.0,26.0,11.8,293.0,93.0,100.0,1003.5,100,13.0827,80.275,0.0
2024-09-24 02:00:00+05:30,0.0,0.0,0.0,25.9,7.0,291.0,94.0,100.0,1003.0,100,13.0827,80.275,0.0
2024-09-24 03:00:00+05:30,0.0,0.0,0.0,25.9,10.4,284.0,92.0,100.0,1002.8,100,13.0827,80.275,0.0
2024-09-24 04:00:00+05:30,0.0,0.0,0.0,25.7,7.7,281.0,92.0,100.0,1002.8,100,13.0827,80.275,0.0
2024-09-24 05:00:00+05:30,0.0,0.0,0.0,25.6,6.9,264.0,93.0,100.0,1003.2,100,13.0827,80.275,0.0
2024-09-24 06:00:00+05:30,11.0,23.3,9.0,26.4,9.6,257.0,83.0,96.0,1003.1,100,13.0827,80.275,0.24217710821798746
2024-09-24 07:00:00+05:30,162.0,375.5,70.0,27.8,9.8,264.0,79.0,98.0,1003.8,100,13.0827,80.275,12.415085650397046
2024-09-24 08:00:00+05:30,377.0,525.4,125.0,29.4,11.6,265.0,73.0,100.0,1004.1,100,13.0827,80.275,31.848691080790328
2024-09-24 09:00:00+05:30,591.0,632.6,160.0,30.9,13.7,273.0,65.0,100.0,1004.1,100,13.0827,80.275,50.89606584585567
2024-09-24 10:00:00+05:30,745.0,648.0,203.0,31.9,13.4,278.0,62.0,100.0,1004.0,100,13.0827,80.275,64.54293289727137
2024-09-24 11:00:00+05:30,821.0,597.2,263.0,32.8,12.7,278.0,58.0,100.0,1003.2,100,13.0827,80.275,68.7973490097787
2024-09-24 12:00:00+05:30,816.0,520.5,312.0,33.3,12.9,288.0,57.0,100.0,1002.1,100,13.0827,80.275,67.56272507262057
2024-09-24 13:00:00+05:30,690.0,331.2,380.0,33.4,8.7,294.0,58.0,100.0,1001.1,100,13.0827,80.275,56.96140190186742
2024-09-24 14:00:00+05:30,634.0,367.9,325.0,33.1,3.4,58.0,58.0,100.0,1000.0,100,13.0827,80.275,52.98248654747921
2024-09-24 15:00:00+05:30,460.0,249.2,289.0,31.3,15.2,97.0,71.0,100.0,999.5,100,13.0827,80.275,40.27013634915788
2024-09-24 16:00:00+05:30,289.0,201.9,191.0,30.4,15.5,112.0,73.0,100.0,999.7,100,13.0827,80.275,24.5398497336936
2024-09-24 17:00:00+05:30,114.0,107.4,87.0,29.7,13.9,149.0,79.0,100.0,1000.1,100,13.0827,80.275,9.029883811778173
2024-09-24 18:00:00+05:30,12.0,11.2,11.0,28.5,13.9,201.0,78.0,100.0,1001.0,100,13.0827,80.275,0.41420650335943066
2024-09-24 19:00:00+05:30,0.0,0.0,0.0,28.3,13.8,195.0,82.0,100.0,1001.9,100,13.0827,80.275,0.0
2024-09-24 20:00:00+05:30,0.0,0.0,0.0,28.0,14.5,199.0,83.0,100.0,1003.0,100,13.0827,80.275,0.0
2024-09-24 21:00:00+05:30,0.0,0.0,0.0,28.1,12.3,195.0,83.0,100.0,1003.9,100,13.0827,80.275,0.0
2024-09-24 22:00:00+05:30,0.0,0.0,0.0,28.2,14.5,199.0,86.0,96.0,1004.0,100,13.0827,80.275,0.0
2024-09-24 23:00:00+05:30,0.0,0.0,0.0,27.9,13.6,212.0,87.0,100.0,1003.8,100,13.0827,80.275,0.0
2024-09-25 00:00:00+05:30,0.0,0.0,0.0,27.6,14.8,229.0,87.0,100.0,1003.4,100,13.0827,80.275,0.0
2024-09-25 01:00:00+05:30,0.0,0.0,0.0,26.8,11.8,243.0,89.0,100.0,1002.8,100,13.0827,80.275,0.0
2024-09-25 02:00:00+05:30,0.0,0.0,0.0,26.2,5.6,230.0,92.0,100.0,1002.5,100,13.0827,80.275,0.0
2024-09-25 03:00:00+05:30,0.0,0.0,0.0,26.1,5.4,266.0,92.0,100.0,1002.4,100,13.0827,80.275,0.0
2024-09-25 04:00:00+05:30,0.0,0.0,0.0,26.0,4.5,256.0,93.0,100.0,1002.5,100,13.0827,80.275,0.0
2024-09-25 05:00:00+05:30,0.0,0.0,0.0,25.7,3.8,221.0,94.0,100.0,1003.0,100,13.0827,80.275,0.0
2024-09-25 06:00:00+05:30,12.0,23.3,10.0,26.5,11.3,224.0,85.0,99.0,1003.6,100,13.0827,80.275,0.33935088216372733
2024-09-25 07:00:00+05:30,141.0,240.9,82.0,27.7,8.3,237.0,82.0,99.0,1004.0,100,13.0827,80.275,11.241893591705587
2024-09-25 08:00:00+05:30,361.0,465.2,138.0,29.3,11.1,234.0,75.0,100.0,1004.6,100,13.0827,80.275,31.4529174182177
2024-09-25 09:00:00+05:30,559.0,567.0,173.0,30.8,12.7,245.0,68.0,100.0,1004.6,100,13.0827,80.275,49.19539456303272
2024-09-25 10:00:00+05:30,713.0,562.5,243.0,32.2,14.1,255.0,61.0,99.0,1004.1,100,13.0827,80.275,60.87255260778864
2024-09-25 11:00:00+05:30,809.0,572.3,275.0,33.4,16.3,277.0,56.0,100.0,1003.5,100,13.0827,80.275,69.65273016368087
2024-09-25 12:00:00+05:30,753.0,450.0,318.0,33.3,15.9,290.0,57.0,62.0,1002.6,100,13.0827,80.275,64.80773151687026
2024-09-25 13:00:00+05:30,764.0,578.1,224.0,33.9,12.1,293.0,56.0,58.0,1001.4,100,13.0827,80.275,64.66624211148233
2024-09-25 14:00:00+05:30,765.0,729.6,154.0,33.9,6.1,177.0,56.0,98.0,1000.3,100,13.0827,80.275,64.46654351339693
2024-09-25 15:00:00+05:30,416.0,311.6,203.0,31.1,16.3,145.0,79.0,90.0,1000.2,100,13.0827,80.275,36.235487625868224
2024-09-25 16:00:00+05:30,287.0,317.0,134.0,28.9,1.7,13.0,86.0,76.0,1001.3,100,13.0827,80.275,24.44346140983493
2024-09-25 17:00:00+05:30,139.0,269.6,72.0,29.1,13.9,163.0,85.0,100.0,1000.9,100,13.0827,80.275,10.826783290750631
2024-09-25 18:00:00+05:30,9.0,0.0,9.0,27.2,9.4,200.0,91.0,100.0,1002.5,100,13.0827,80.275,0.24034218365485135
2024-09-25 19:00:00+05:30,0.0,0.0,0.0,27.0,6.3,246.0,94.0,100.0,1003.6,100,13.0827,80.275,0.0
2024-09-25 20:00:00+05:30,0.0,0.0,0.0,26.7,6.4,212.0,95.0,100.0,1004.1,100,13.0827,80.275,0.0
2024-09-25 21:00:00+05:30,0.0,0.0,0.0,26.8,7.5,220.0,93.0,100.0,1004.8,100,13.0827,80.275,0.0
2024-09-25 22:00:00+05:30,0.0,0.0,0.0,26.7,6.6,213.0,93.0,100.0,1004.9,100,13.0827,80.275,0.0
2024-09-25 23:00:00+05:30,0.0,0.0,0.0,26.6,5.3,242.0,92.0,100.0,1004.9,100,13.0827,80.275,0.0
2024-09-26 00:00:00+05:30,0.0,0.0,0.0,26.9,11.0,182.0,88.0,100.0,1004.5,100,13.0827,80.275,0.0
2024-09-26 01:00:00+05:30,0.0,0.0,0.0,26.9,5.7,204.0,89.0,100.0,1003.8,100,13.0827,80.275,0.0
2024-09-26 02:00:00+05:30,0.0,0.0,0.0,26.6,5.2,226.0,91.0,100.0,1003.4,100,13.0827,80.275,0.0
2024-09-26 03:00:00+05:30,0.0,0.0,0.0,27.0,7.7,181.0,90.0,100.0,1003.2,100,13.0827,80.275,0.0
2024-09-26 04:00:00+05:30,0.0,0.0,0.0,26.8,6.8,180.0,93.0,100.0,1003.0,100,13.0827,80.275,0.0
2024-09-26 05:00:00+05:30,0.0,0.0,0.0,26.6,6.7,189.0,94.0,100.0,1003.2,100,13.0827,80.275,0.0
2024-09-26 06:00:00+05:30,2.0,0.0,2.0,26.7,9.7,183.0,92.0,100.0,1004.4,100,13.0827,80.275,0.0
2024-09-26 07:00:00+05:30,32.0,0.0,32.0,27.1,8.3,213.0,92.0,100.0,1005.2,100,13.0827,80.275,2.239701575997034
2024-09-26 08:00:00+05:30,112.0,12.5,106.0,27.7,6.9,210.0,90.0,100.0,1005.9,100,13.0827,80.275,9.174218910705845
2024-09-26 09:00:00+05:30,250.0,36.8,225.0,28.8,8.8,197.0,84.0,100.0,1006.4,100,13.0827,80.275,21.515284721071154
2024-09-26 10:00:00+05:30,346.0,86.3,274.0,29.6,8.4,199.0,76.0,100.0,1005.8,100,13.0827,80.275,29.44597594552462
2024-09-26 11:00:00+05:30,441.0,78.3,368.0,30.3,8.3,182.0,71.0,100.0,1004.9,100,13.0827,80.275,37.940881301333704
2024-09-26 12:00:00+05:30,429.0,79.8,352.0,30.5,9.2,168.0,71.0,100.0,1004.0,100,13.0827,80.275,36.521964541026286
2024-09-26 13:00:00+05:30,344.0,36.5,310.0,30.2,9.4,157.0,74.0,100.0,1003.2,100,13.0827,80.275,29.468849505107112
2024-09-26 14:00:00+05:30,309.0,32.3,282.0,29.8,12.4,152.0,77.0,100.0,1002.2,100,13.0827,80.275,26.23719060616143
2024-09-26 15:00:00+05:30,262.0,38.2,236.0,29.2,14.5,145.0,81.0,100.0,1001.9,100,13.0827,80.275,22.425860020227617
2024-09-26 16:00:00+05:30,154.0,14.6,147.0,29.0,14.7,154.0,80.0,100.0,1001.7,100,13.0827,80.275,13.16051811838078
2024-09-26 17:00:00+05:30,86.0,40.7,76.0,28.7,13.2,143.0,82.0,100.0,1002.2,100,13.0827,80.275,6.874195567493006
2024-09-26 18:00:00+05:30,9.0,0.0,9.0,28.1,13.5,143.0,86.0,100.0,1003.1,100,13.0827,80.275,0.23815747199245665
2024-09-26 19:00:00+05:30,0.0,0.0,0.0,28.3,12.0,140.0,84.0,96.0,1004.0,100,13.0827,80.275,0.0
2024-09-26 20:00:00+05:30,0.0,0.0,0.0,28.3,12.2,134.0,84.0,60.0,1005.1,100,13.0827,80.275,0.0
2024-09-26 21:00:00+05:30,0.0,0.0,0.0,28.4,13.1,142.0,85.0,81.0,1005.8,100,13.0827,80.275,0.0
2024-09-26 22:00:00+05:30,0.0,0.0,0.0,28.4,12.6,146.0,85.0,99.0,1005.7,100,13.0827,80.275,0.0
2024-09-26 23:00:00+05:30,0.0,0.0,0.0,28.2,13.8,154.0,86.0,100.0,1006.0,100,13.0827,80.275,0.0
2024-09-27 00:00:00+05:30,0.0,0.0,0.0,28.2,14.3,162.0,87.0,100.0,1005.6,100,13.0827,80.275,0.0
2024-09-27 01:00:00+05:30,0.0,0.0,0.0,28.0,13.7,185.0,89.0,100.0,1005.2,100,13.0827,80.275,0.0
2024-09-27 02:00:00+05:30,0.0,0.0,0.0,27.3,15.8,210.0,89.0,100.0,1005.0,100,13.0827,80.275,0.0
2024-09-27 03:00:00+05:30,0.0,0.0,0.0,26.3,17.3,207.0,89.0,99.0,1005.1,100,13.0827,80.275,0.0
2024-09-27 04:00:00+05:30,0.0,0.0,0.0,25.5,15.9,203.0,89.0,100.0,1005.5,100,13.0827,80.275,0.0
2024-09-27 05:00:00+05:30,0.0,0.0,0.0,25.5,13.5,199.0,90.0,100.0,1005.9,100,13.0827,80.275,0.0
2024-09-27 06:00:00+05:30,10.0,11.7,9.0,26.9,15.2,199.0,86.0,100.0,1006.1,100,13.0827,80.275,0.24660387377693238
2024-09-27 07:00:00+05:30,119.0,102.3,94.0,27.6,12.8,200.0,84.0,99.0,1006.7,100,13.0827,80.275,9.935529335132351
2024-09-27 08:00:00+05:30,275.0,190.2,184.0,28.8,12.6,193.0,82.0,100.0,1007.9,100,13.0827,80.275,23.660206088106825
2024-09-27 09:00:00+05:30,468.0,298.7,265.0,30.0,12.7,191.0,78.0,98.0,1008.2,100,13.0827,80.275,41.1274148504549
2024-09-27 10:00:00+05:30,698.0,578.2,216.0,31.1,12.1,183.0,74.0,100.0,1008.6,100,13.0827,80.275,59.662425201957944
2024-09-27 11:00:00+05:30,728.0,412.7,344.0,31.4,11.7,171.0,73.0,100.0,1007.9,100,13.0827,80.275,63.70929888537732
2024-09-27 12:00:00+05:30,848.0,571.0,298.0,31.4,13.0,156.0,75.0,100.0,1006.8,100,13.0827,80.275,73.08734129221199
2024-09-27 13:00:00+05:30,831.0,602.2,271.0,29.4,15.9,158.0,79.0,98.0,1006.0,100,13.0827,80.275,70.57202125143264
2024-09-27 14:00:00+05:30,634.0,478.0,236.0,30.2,12.1,183.0,78.0,97.0,1004.9,100,13.0827,80.275,56.46798372158163
2024-09-27 15:00:00+05:30,601.0,672.4,145.0,30.6,12.4,159.0,76.0,88.0,1004.7,100,13.0827,80.275,52.03165305629443
2024-09-27 16:00:00+05:30,369.0,511.6,125.0,30.1,13.1,161.0,78.0,98.0,1004.4,100,13.0827,80.275,32.50042288222803
2024-09-27 17:00:00+05:30,151.0,305.0,77.0,29.1,12.9,157.0,80.0,98.0,1004.8,100,13.0827,80.275,12.058069013064605
2024-09-27 18:00:00+05:30,11.0,35.4,8.0,28.3,6.9,133.0,87.0,97.0,1005.9,100,13.0827,80.275,0.15486444376798328
2024-09-27 19:00:00+05:30,0.0,0.0,0.0,28.0,6.4,164.0,88.0,53.0,1007.1,100,13.0827,80.275,0.0
2024-09-27 20:00:00+05:30,0.0,0.0,0.0,27.8,5.1,170.0,89.0,52.0,1007.9,100,13.0827,80.275,0.0
2024-09-27 21:00:00+05:30,0.0,0.0,0.0,27.2,5.2,205.0,91.0,68.0,1008.5,100,13.0827,80.275,0.0
2024-09-27 22:00:00+05:30,0.0,0.0,0.0,26.1,7.5,200.0,93.0,91.0,1008.8,100,13.0827,80.275,0.0
2024-09-27 23:00:00+05:30,0.0,0.0,0.0,25.8,5.5,238.0,95.0,88.0,1008.6,100,13.0827,80.275,0.0
2024-09-28 00:00:00+05:30,0.0,0.0,0.0,24.8,12.3,247.0,98.0,100.0,1008.8,100,13.0827,80.275,0.0
2024-09-28 01:00:00+05:30,0.0,0.0,0.0,24.9,6.2,285.0,96.0,91.0,1007.3,100,13.0827,80.275,0.0
2024-09-28 02:00:00+05:30,0.0,0.0,0.0,24.4,14.6,246.0,97.0,100.0,1007.9,100,13.0827,80.275,0.0
2024-09-28 03:00:00+05:30,0.0,0.0,0.0,24.3,7.4,288.0,94.0,60.0,1007.4,100,13.0827,80.275,0.0
2024-09-28 04:00:00+05:30,0.0,0.0,0.0,24.4,9.9,233.0,93.0,86.0,1007.4,100,13.0827,80.275,0.0
2024-09-28 05:00:00+05:30,0.0,0.0,0.0,24.4,6.3,252.0,94.0,37.0,1007.5,100,13.0827,80.275,0.0
2024-09-28 06:00:00+05:30,10.0,23.4,8.0,25.4,4.9,264.0,92.0,49.0,1008.7,100,13.0827,80.275,0.16891437909804108
2024-09-28 07:00:00+05:30,130.0,229.3,74.0,26.3,5.2,304.0,90.0,34.0,1009.7,100,13.0827,80.275,10.617334152937827
2024-09-28 08:00:00+05:30,341.0,428.8,136.0,27.6,2.6,309.0,85.0,23.0,1010.1,100,13.0827,80.275,30.154319861198285
2024-09-28 09:00:00+05:30,598.0,676.2,139.0,29.1,2.8,259.0,79.0,35.0,1010.0,100,13.0827,80.275,52.62099903751343
2024-09-28 10:00:00+05:30,740.0,665.4,186.0,30.1,4.6,135.0,77.0,20.0,1010.0,100,13.0827,80.275,63.01969508103973
2024-09-28 11:00:00+05:30,853.0,726.6,178.0,30.5,6.8,130.0,76.0,14.0,1009.3,100,13.0827,80.275,72.84460459261878
2024-09-28 12:00:00+05:30,906.0,782.1,154.0,30.8,8.5,118.0,77.0,21.0,1008.3,100,13.0827,80.275,79.32406976787101
2024-09-28 13:00:00+05:30,874.0,768.4,161.0,30.5,10.2,118.0,77.0,55.0,1007.3,100,13.0827,80.275,75.74443927453126
2024-09-28 14:00:00+05:30,637.0,485.4,234.0,29.6,8.9,132.0,78.0,73.0,1006.2,100,13.0827,80.275,55.14344614661164
2024-09-28 15:00:00+05:30,600.0,682.4,139.0,29.9,10.5,123.0,77.0,72.0,1005.3,100,13.0827,80.275,52.55551542770313
2024-09-28 16:00:00+05:30,377.0,580.0,102.0,29.2,12.0,130.0,78.0,19.0,1005.7,100,13.0827,80.275,34.03359895770276
2024-09-28 17:00:00+05:30,157.0,383.7,65.0,28.5,12.0,130.0,80.0,1.0,1006.0,100,13.0827,80.275,12.894286957474023
2024-09-28 18:00:00+05:30,11.0,36.1,8.0,28.3,9.8,134.0,83.0,19.0,1006.8,100,13.0827,80.275,0.15905486786342068
2024-09-28 19:00:00+05:30,0.0,0.0,0.0,28.0,11.2,134.0,85.0,9.0,1007.9,100,13.0827,80.275,0.0
2024-09-28 20:00:00+05:30,0.0,0.0,0.0,28.0,11.5,134.0,86.0,2.0,1008.9,100,13.0827,80.275,0.0
2024-09-28 21:00:00+05:30,0.0,0.0,0.0,27.9,9.4,144.0,86.0,18.0,1010.0,100,13.0827,80.275,0.0
2024-09-28 22:00:00+05:30,0.0,0.0,0.0,27.7,11.0,139.0,86.0,2.0,1009.8,100,13.0827,80.275,0.0
2024-09-28 23:00:00+05:30,0.0,0.0,0.0,27.8,8.4,155.0,85.0,15.0,1009.7,100,13.0827,80.275,0.0
2024-09-29 00:00:00+05:30,0.0,0.0,0.0,26.3,8.8,235.0,90.0,56.0,1009.2,100,13.0827,80.275,0.0
2024-09-29 01:00:00+05:30,0.0,0.0,0.0,25.3,9.6,249.0,91.0,60.0,1008.9,100,13.0827,80.275,0.0
2024-09-29 02:00:00+05:30,0.0,0.0,0.0,25.0,9.5,237.0,93.0,63.0,1009.0,100,13.0827,80.275,0.0
2024-09-29 03:00:00+05:30,0.0,0.0,0.0,24.7,7.3,242.0,95.0,63.0,1008.5,100,13.0827,80.275,0.0
2024-09-29 04:00:00+05:30,0.0,0.0,0.0,24.6,5.5,251.0,95.0,52.0,1008.9,100,13.0827,80.275,0.0
2024-09-29 05:00:00+05:30,0.0,0.0,0.0,24.5,5.9,268.0,95.0,28.0,1009.4,100,13.0827,80.275,0.0
2024-09-29 06:00:00+05:30,12.0,35.1,9.0,26.3,6.2,258.0,92.0,16.0,1009.8,100,13.0827,80.275,0.2706017156981088
2024-09-29 07:00:00+05:30,158.0,364.9,69.0,27.1,8.0,254.0,86.0,11.0,1010.6,100,13.0827,80.275,12.768065824118265
2024-09-29 08:00:00+05:30,341.0,471.1,116.0,28.3,5.3,213.0,81.0,48.0,1011.3,100,13.0827,80.275,30.08731021137881
2024-09-29 09:00:00+05:30,527.0,489.7,195.0,29.4,7.4,194.0,77.0,36.0,1011.1,100,13.0827,80.275,47.12825756273787
2024-09-29 10:00:00+05:30,760.0,720.4,161.0,30.5,7.8,161.0,75.0,17.0,1010.6,100,13.0827,80.275,67.33876028591166
2024-09-29 11:00:00+05:30,858.0,747.1,165.0,30.8,10.8,142.0,73.0,26.0,1009.9,100,13.0827,80.275,77.00316026640118
2024-09-29 12:00:00+05:30,813.0,516.8,317.0,30.6,12.9,133.0,75.0,32.0,1008.8,100,13.0827,80.275,72.7327786772394
2024-09-29 13:00:00+05:30,816.0,621.1,241.0,30.6,15.5,134.0,73.0,29.0,1007.8,100,13.0827,80.275,70.95575494628088
2024-09-29 14:00:00+05:30,757.0,698.2,179.0,30.1,16.3,139.0,75.0,98.0,1007.1,100,13.0827,80.275,67.67857434468935
2024-09-29 15:00:00+05:30,595.0,702.9,122.0,29.6,15.6,144.0,76.0,22.0,1006.8,100,13.0827,80.275,53.32315347867305
2024-09-29 16:00:00+05:30,383.0,596.2,102.0,29.0,14.9,149.0,79.0,56.0,1006.8,100,13.0827,80.275,34.24666672541752
2024-09-29 17:00:00+05:30,159.0,405.2,63.0,28.4,13.8,151.0,81.0,35.0,1007.0,100,13.0827,80.275,13.371284461469598
2024-09-29 18:00:00+05:30,11.0,36.7,8.0,27.9,11.7,151.0,84.0,2.0,1008.1,100,13.0827,80.275,0.14452480224215644
2024-09-29 19:00:00+05:30,0.0,0.0,0.0,27.7,9.7,151.0,85.0,0.0,1008.7,100,13.0827,80.275,0.0
2024-09-29 20:00:00+05:30,0.0,0.0,0.0,27.5,9.0,157.0,85.0,1.0,1009.7,100,13.0827,80.275,0.0
2024-09-29 21:00:00+05:30,0.0,0.0,0.0,27.2,8.4,164.0,87.0,0.0,1010.3,100,13.0827,80.275,0.0
2024-09-29 22:00:00+05:30,0.0,0.0,0.0,27.0,7.9,167.0,88.0,2.0,1010.1,100,13.0827,80.275,0.0
2024-09-29 23:00:00+05:30,0.0,0.0,0.0,26.7,6.1,192.0,90.0,14.0,1009.7,100,13.0827,80.275,0.0
2024-09-30 00:00:00+05:30,0.0,0.0,0.0,26.3,5.5,218.0,92.0,20.0,1009.2,100,13.0827,80.275,0.0
2024-09-30 01:00:00+05:30,0.0,0.0,0.0,25.9,5.8,231.0,94.0,22.0,1008.9,100,13.0827,80.275,0.0
2024-09-30 02:00:00+05:30,0.0,0.0,0.0,25.7,5.3,242.0,95.0,9.0,1008.5,100,13.0827,80.275,0.0
2024-09-30 03:00:00+05:30,0.0,0.0,0.0,25.4,5.3,258.0,96.0,10.0,1008.3,100,13.0827,80.275,0.0
2024-09-30 04:00:00+05:30,0.0,0.0,0.0,25.2,6.2,282.0,97.0,20.0,1008.9,100,13.0827,80.275,0.0
2024-09-30 05:00:00+05:30,0.0,0.0,0.0,25.1,4.4,279.0,97.0,15.0,1009.6,100,13.0827,80.275,0.0
2024-09-30 06:00:00+05:30,12.0,35.2,9.0,26.1,5.4,255.0,92.0,30.0,1010.4,100,13.0827,80.275,0.28392900656575354
2024-09-30 07:00:00+05:30,141.0,295.6,69.0,27.3,4.5,236.0,88.0,12.0,1011.1,100,13.0827,80.275,11.679252249424243
2024-09-30 08:00:00+05:30,349.0,482.1,119.0,28.4,7.0,212.0,83.0,28.0,1011.8,100,13.0827,80.275,30.98938830855291
2024-09-30 09:00:00+05:30,562.0,599.5,156.0,29.1,8.0,153.0,79.0,100.0,1011.9,100,13.0827,80.275,48.67168176278711
2024-09-30 10:00:00+05:30,681.0,539.5,233.0,29.0,11.9,150.0,76.0,58.0,1011.6,100,13.0827,80.275,59.185100328978585
2024-09-30 11:00:00+05:30,702.0,455.7,280.0,29.3,11.7,155.0,77.0,12.0,1010.9,100,13.0827,80.275,63.748296826752615
2024-09-30 12:00:00+05:30,885.0,733.9,182.0,29.9,13.6,148.0,74.0,16.0,1009.6,100,13.0827,80.275,79.8215397364719
2024-09-30 13:00:00+05:30,879.0,794.8,145.0,30.1,11.9,141.0,72.0,5.0,1008.1,100,13.0827,80.275,80.29305134064994
2024-09-30 14:00:00+05:30,765.0,758.4,139.0,29.9,13.1,138.0,73.0,1.0,1006.8,100,13.0827,80.275,69.24067902855622
2024-09-30 15:00:00+05:30,606.0,725.1,120.0,29.4,14.3,140.0,74.0,2.0,1006.3,100,13.0827,80.275,55.76243439397493
2024-09-30 16:00:00+05:30,387.0,614.7,99.0,28.8,13.9,143.0,76.0,5.0,1006.1,100,13.0827,80.275,35.383720132821466
2024-09-30 17:00:00+05:30,158.0,414.5,61.0,28.1,12.1,145.0,78.0,0.0,1006.2,100,13.0827,80.275,13.234501205095222
2024-09-30 18:00:00+05:30,11.0,37.3,8.0,27.6,10.2,152.0,84.0,13.0,1007.2,100,13.0827,80.275,0.15141781375938623
2024-09-30 19:00:00+05:30,0.0,0.0,0.0,27.4,9.0,157.0,85.0,7.0,1008.1,100,13.0827,80.275,0.0
2024-09-30 20:00:00+05:30,0.0,0.0,0.0,27.3,7.3,160.0,86.0,55.0,1009.0,100,13.0827,80.275,0.0
2024-09-30 21:00:00+05:30,0.0,0.0,0.0,27.1,6.6,164.0,87.0,14.0,1009.5,100,13.0827,80.275,0.0
2024-09-30 22:00:00+05:30,0.0,0.0,0.0,26.8,6.0,175.0,89.0,21.0,1009.5,100,13.0827,80.275,0.0
2024-09-30 23:00:00+05:30,0.0,0.0,0.0,26.5,5.6,184.0,90.0,29.0,1008.9,100,13.0827,80.275,0.0
2024-10-01 00:00:00+05:30,0.0,0.0,0.0,26.3,6.9,195.0,91.0,8.0,1008.1,100,13.0827,80.275,0.0
2024-10-01 01:00:00+05:30,0.0,0.0,0.0,26.2,7.8,202.0,92.0,19.0,1007.8,100,13.0827,80.275,0.0
2024-10-01 02:00:00+05:30,0.0,0.0,0.0,25.9,6.9,213.0,94.0,88.0,1007.4,100,13.0827,80.275,0.0
2024-10-01 03:00:00+05:30,0.0,0.0,0.0,25.7,7.4,219.0,94.0,31.0,1007.1,100,13.0827,80.275,0.0
2024-10-01 04:00:00+05:30,0.0,0.0,0.0,25.7,8.0,220.0,93.0,28.0,1007.3,100,13.0827,80.275,0.0
2024-10-01 05:00:00+05:30,0.0,0.0,0.0,25.6,8.5,218.0,93.0,18.0,1007.7,100,13.0827,80.275,0.0
2024-10-01 06:00:00+05:30,12.0,35.2,9.0,26.3,8.6,229.0,91.0,21.0,1008.0,100,13.0827,80.275,0.2879256248827912
2024-10-01 07:00:00+05:30,158.0,374.1,67.0,27.6,8.4,235.0,87.0,7.0,1008.7,100,13.0827,80.275,13.089669659839517
2024-10-01 08:00:00+05:30,381.0,570.8,109.0,29.0,10.6,198.0,78.0,15.0,1009.1,100,13.0827,80.275,35.1910795933942
2024-10-01 09:00:00+05:30,590.0,650.6,150.0,30.2,11.1,187.0,72.0,16.0,1009.2,100,13.0827,80.275,53.25982526085035
2024-10-01 10:00:00+05:30,728.0,653.7,186.0,30.7,11.2,178.0,68.0,27.0,1008.9,100,13.0827,80.275,63.78712824183611
2024-10-01 11:00:00+05:30,871.0,785.2,145.0,31.2,10.9,167.0,65.0,38.0,1007.9,100,13.0827,80.275,77.29354172711922
2024-10-01 12:00:00+05:30,910.0,786.6,158.0,31.6,11.4,156.0,63.0,20.0,1006.7,100,13.0827,80.275,80.14558490536001
2024-10-01 13:00:00+05:30,868.0,770.6,158.0,31.2,15.6,147.0,67.0,22.0,1005.9,100,13.0827,80.275,76.39501379094273
2024-10-01 14:00:00+05:30,733.0,714.5,145.0,30.7,17.3,151.0,69.0,18.0,1005.2,100,13.0827,80.275,67.05052509514049
2024-10-01 15:00:00+05:30,587.0,678.6,134.0,30.4,16.7,152.0,70.0,8.0,1004.7,100,13.0827,80.275,55.77025981379004
2024-10-01 16:00:00+05:30,365.0,556.2,106.0,29.7,16.0,153.0,71.0,3.0,1004.7,100,13.0827,80.275,32.72937964428531
2024-10-01 17:00:00+05:30,155.0,406.7,61.0,29.0,14.3,156.0,73.0,0.0,1005.0,100,13.0827,80.275,12.988672084545803
2024-10-01 18:00:00+05:30,10.0,38.0,7.0,28.1,14.1,153.0,77.0,9.0,1005.6,100,13.0827,80.275,0.05936462223562008
2024-10-01 19:00:00+05:30,0.0,0.0,0.0,28.1,13.0,154.0,79.0,0.0,1006.9,100,13.0827,80.275,0.0
2024-10-01 20:00:00+05:30,0.0,0.0,0.0,28.1,12.7,155.0,79.0,0.0,1008.0,100,13.0827,80.275,0.0
2024-10-01 21:00:00+05:30,0.0,0.0,0.0,28.0,11.1,173.0,80.0,5.0,1008.3,100,13.0827,80.275,0.0
2024-10-01 22:00:00+05:30,0.0,0.0,0.0,27.7,11.5,180.0,83.0,24.0,1008.5,100,13.0827,80.275,0.0
2024-10-01 23:00:00+05:30,0.0,0.0,0.0,27.5,13.1,193.0,85.0,56.0,1008.7,100,13.0827,80.275,0.0
2024-10-02 00:00:00+05:30,0.0,0.0,0.0,27.3,14.7,205.0,86.0,34.0,1007.8,100,13.0827,80.275,0.0
2024-10-02 01:00:00+05:30,0.0,0.0,0.0,27.2,12.4,201.0,86.0,91.0,1007.0,100,13.0827,80.275,0.0
2024-10-02 02:00:00+05:30,0.0,0.0,0.0,26.8,13.4,215.0,88.0,78.0,1006.7,100,13.0827,80.275,0.0
2024-10-02 03:00:00+05:30,0.0,0.0,0.0,26.1,11.9,222.0,88.0,100.0,1006.4,100,13.0827,80.275,0.0
2024-10-02 04:00:00+05:30,0.0,0.0,0.0,25.7,11.1,226.0,88.0,100.0,1006.4,100,13.0827,80.275,0.0
2024-10-02 05:00:00+05:30,0.0,0.0,0.0,25.5,10.7,220.0,89.0,98.0,1006.7,100,13.0827,80.275,0.0
2024-10-02 06:00:00+05:30,12.0,35.3,9.0,27.0,12.3,217.0,87.0,90.0,1007.6,100,13.0827,80.275,0.2758527422300658
2024-10-02 07:00:00+05:30,161.0,378.7,69.0,28.0,11.9,219.0,82.0,1.0,1008.5,100,13.0827,80.275,13.611761038219491
2024-10-02 08:00:00+05:30,398.0,628.3,99.0,29.3,15.3,214.0,76.0,16.0,1008.7,100,13.0827,80.275,36.779721351186346
2024-10-02 09:00:00+05:30,617.0,740.2,117.0,30.8,16.7,215.0,66.0,6.0,1008.8,100,13.0827,80.275,57.35457461478171
2024-10-02 10:00:00+05:30,790.0,799.6,128.0,32.2,16.3,215.0,57.0,44.0,1008.4,100,13.0827,80.275,72.76215897536696
2024-10-02 11:00:00+05:30,900.0,823.4,140.0,33.2,15.4,218.0,53.0,87.0,1007.4,100,13.0827,80.275,77.8718229463273
2024-10-02 12:00:00+05:30,934.0,824.9,147.0,34.0,15.5,218.0,51.0,49.0,1006.4,100,13.0827,80.275,80.79831947878004
2024-10-02 13:00:00+05:30,896.0,820.4,142.0,34.4,13.1,207.0,49.0,5.0,1005.4,100,13.0827,80.275,78.33076947973446
2024-10-02 14:00:00+05:30,782.0,796.0,129.0,33.8,13.4,175.0,55.0,4.0,1004.5,100,13.0827,80.275,71.29390596375494
2024-10-02 15:00:00+05:30,600.0,729.6,115.0,32.1,17.8,154.0,73.0,2.0,1004.0,100,13.0827,80.275,55.835966990296534
2024-10-02 16:00:00+05:30,380.0,615.8,95.0,30.9,19.2,154.0,72.0,2.0,1004.1,100,13.0827,80.275,34.998265138747726
2024-10-02 17:00:00+05:30,152.0,407.5,59.0,29.6,18.6,165.0,80.0,23.0,1004.7,100,13.0827,80.275,12.918442769023434
2024-10-02 18:00:00+05:30,9.0,25.8,7.0,29.4,16.8,165.0,83.0,100.0,1005.5,100,13.0827,80.275,0.054715773405058545
2024-10-02 19:00:00+05:30,0.0,0.0,0.0,29.1,15.6,169.0,84.0,100.0,1006.5,100,13.0827,80.275,0.0
2024-10-02 20:00:00+05:30,0.0,0.0,0.0,29.2,15.0,177.0,83.0,100.0,1007.6,100,13.0827,80.275,0.0
2024-10-02 21:00:00+05:30,0.0,0.0,0.0,29.1,14.6,184.0,84.0,100.0,1008.0,100,13.0827,80.275,0.0
2024-10-02 22:00:00+05:30,0.0,0.0,0.0,29.1,16.7,204.0,82.0,100.0,1008.1,100,13.0827,80.275,0.0
2024-10-02 23:00:00+05:30,0.0,0.0,0.0,29.0,16.0,219.0,79.0,100.0,1007.7,100,13.0827,80.275,0.0
2024-10-03 00:00:00+05:30,0.0,0.0,0.0,28.4,12.5,229.0,83.0,100.0,1007.0,100,13.0827,80.275,0.0
2024-10-03 01:00:00+05:30,0.0,0.0,0.0,27.8,12.6,244.0,85.0,100.0,1006.6,100,13.0827,80.275,0.0
2024-10-03 02:00:00+05:30,0.0,0.0,0.0,27.4,13.0,246.0,82.0,100.0,1005.9,100,13.0827,80.275,0.0
2024-10-03 03:00:00+05:30,0.0,0.0,0.0,27.0,11.8,236.0,82.0,100.0,1005.6,100,13.0827,80.275,0.0
2024-10-03 04:00:00+05:30,0.0,0.0,0.0,26.8,12.2,241.0,84.0,96.0,1006.3,100,13.0827,80.275,0.0
2024-10-03 05:00:00+05:30,0.0,0.0,0.0,26.6,10.6,228.0,84.0,100.0,1006.3,100,13.0827,80.275,0.0
2024-10-03 06:00:00+05:30,13.0,47.1,9.0,26.4,14.4,248.0,79.0,99.0,1006.8,100,13.0827,80.275,0.2993777474138279
2024-10-03 07:00:00+05:30,153.0,305.1,79.0,27.7,13.7,245.0,76.0,100.0,1007.4,100,13.0827,80.275,12.832161755357845
2024-10-03 08:00:00+05:30,362.0,441.8,152.0,29.4,15.0,240.0,70.0,99.0,1008.1,100,13.0827,80.275,32.81738019554041
2024-10-03 09:00:00+05:30,603.0,680.5,144.0,31.2,13.2,246.0,63.0,100.0,1008.2,100,13.0827,80.275,53.87096022737771
2024-10-03 10:00:00+05:30,783.0,777.8,140.0,32.5,8.8,253.0,59.0,99.0,1008.0,100,13.0827,80.275,67.87989327861186
2024-10-03 11:00:00+05:30,886.0,790.2,158.0,33.4,4.0,252.0,56.0,84.0,1007.1,100,13.0827,80.275,73.3203050930665
2024-10-03 12:00:00+05:30,931.0,831.9,139.0,33.9,1.3,188.0,55.0,100.0,1006.0,100,13.0827,80.275,73.77394920035064
2024-10-03 13:00:00+05:30,832.0,651.2,235.0,34.0,5.4,130.0,56.0,100.0,1004.9,100,13.0827,80.275,71.9849373352708
2024-10-03 14:00:00+05:30,704.0,553.9,251.0,32.0,10.7,119.0,73.0,100.0,1004.1,100,13.0827,80.275,61.64659316483497
2024-10-03 15:00:00+05:30,462.0,403.3,195.0,31.0,7.5,188.0,77.0,100.0,1003.9,100,13.0827,80.275,40.301348677001684
2024-10-03 16:00:00+05:30,271.0,293.5,136.0,30.4,3.8,225.0,75.0,100.0,1003.8,100,13.0827,80.275,23.12162457171912
2024-10-03 17:00:00+05:30,116.0,221.9,66.0,30.0,4.6,189.0,78.0,100.0,1004.4,100,13.0827,80.275,9.783715927164316
2024-10-03 18:00:00+05:30,8.0,13.2,7.0,29.3,12.8,163.0,83.0,100.0,1004.8,100,13.0827,80.275,0.05557456913008672
2024-10-03 19:00:00+05:30,0.0,0.0,0.0,29.0,8.3,193.0,83.0,100.0,1006.2,100,13.0827,80.275,0.0
2024-10-03 20:00:00+05:30,0.0,0.0,0.0,28.9,8.1,197.0,83.0,100.0,1007.0,100,13.0827,80.275,0.0
2024-10-03 21:00:00+05:30,0.0,0.0,0.0,28.8,11.2,199.0,80.0,100.0,1007.7,100,13.0827,80.275,0.0
2024-10-03 22:00:00+05:30,0.0,0.0,0.0,28.6,12.1,203.0,79.0,100.0,1007.8,100,13.0827,80.275,0.0
2024-10-03 23:00:00+05:30,0.0,0.0,0.0,28.2,11.1,205.0,81.0,98.0,1007.3,100,13.0827,80.275,0.0
2024-10-04 00:00:00+05:30,0.0,0.0,0.0,27.9,10.6,214.0,84.0,100.0,1007.0,100,13.0827,80.275,0.0
2024-10-04 01:00:00+05:30,0.0,0.0,0.0,27.7,10.1,235.0,86.0,100.0,1006.2,100,13.0827,80.275,0.0
2024-10-04 02:00:00+05:30,0.0,0.0,0.0,27.4,11.3,237.0,87.0,100.0,1005.7,100,13.0827,80.275,0.0
2024-10-04 03:00:00+05:30,0.0,0.0,0.0,27.4,11.4,242.0,85.0,99.0,1005.5,100,13.0827,80.275,0.0
2024-10-04 04:00:00+05:30,0.0,0.0,0.0,27.2,11.5,236.0,82.0,100.0,1005.8,100,13.0827,80.275,0.0
2024-10-04 05:00:00+05:30,0.0,0.0,0.0,27.0,10.5,245.0,80.0,100.0,1006.3,100,13.0827,80.275,0.0
2024-10-04 06:00:00+05:30,10.0,11.8,9.0,26.9,11.4,241.0,80.0,100.0,1007.3,100,13.0827,80.275,0.25971391749889855
2024-10-04 07:00:00+05:30,117.0,82.6,97.0,27.9,10.0,244.0,79.0,100.0,1007.5,100,13.0827,80.275,9.736475936103126
2024-10-04 08:00:00+05:30,297.0,219.1,193.0,29.4,8.3,259.0,75.0,100.0,1008.1,100,13.0827,80.275,26.124503826976152
2024-10-04 09:00:00+05:30,494.0,342.9,263.0,31.0,9.7,281.0,67.0,100.0,1008.4,100,13.0827,80.275,44.06682899501104
2024-10-04 10:00:00+05:30,700.0,547.6,248.0,32.3,8.5,308.0,61.0,100.0,1008.3,100,13.0827,80.275,62.37930418764364
2024-10-04 11:00:00+05:30,814.0,624.1,240.0,32.8,4.7,353.0,60.0,100.0,1007.6,100,13.0827,80.275,68.21670917547341
2024-10-04 12:00:00+05:30,825.0,594.7,260.0,32.7,4.6,11.0,63.0,100.0,1006.5,100,13.0827,80.275,67.74549970419673
2024-10-04 13:00:00+05:30,698.0,437.5,298.0,32.0,4.5,29.0,66.0,99.0,1005.5,100,13.0827,80.275,60.584493543969245
2024-10-04 14:00:00+05:30,676.0,570.4,211.0,31.4,6.3,87.0,71.0,65.0,1004.5,100,13.0827,80.275,59.42814405690746
2024-10-04 15:00:00+05:30,498.0,497.6,170.0,30.5,8.0,110.0,76.0,36.0,1003.8,100,13.0827,80.275,45.72902160971668
2024-10-04 16:00:00+05:30,335.0,466.1,122.0,30.5,9.3,118.0,75.0,41.0,1004.3,100,13.0827,80.275,30.042575357036952
2024-10-04 17:00:00+05:30,127.0,287.7,63.0,29.8,9.5,127.0,77.0,24.0,1004.6,100,13.0827,80.275,10.937313709378456
2024-10-04 18:00:00+05:30,8.0,13.4,7.0,29.0,8.7,138.0,82.0,27.0,1005.6,100,13.0827,80.275,0.05965242210970515
2024-10-04 19:00:00+05:30,0.0,0.0,0.0,28.7,7.4,146.0,85.0,44.0,1006.3,100,13.0827,80.275,0.0
2024-10-04 20:00:00+05:30,0.0,0.0,0.0,27.9,18.3,175.0,86.0,75.0,1007.7,100,13.0827,80.275,0.0
2024-10-04 21:00:00+05:30,0.0,0.0,0.0,26.6,13.8,195.0,86.0,68.0,1008.4,100,13.0827,80.275,0.0
2024-10-04 22:00:00+05:30,0.0,0.0,0.0,26.6,11.0,206.0,87.0,95.0,1008.7,100,13.0827,80.275,0.0
2024-10-04 23:00:00+05:30,0.0,0.0,0.0,26.5,13.4,220.0,89.0,99.0,1008.3,100,13.0827,80.275,0.0
2024-10-05 00:00:00+05:30,0.0,0.0,0.0,26.2,12.2,229.0,90.0,100.0,1007.5,100,13.0827,80.275,0.0
2024-10-05 01:00:00+05:30,0.0,0.0,0.0,26.0,14.5,229.0,90.0,100.0,1007.0,100,13.0827,80.275,0.0
2024-10-05 02:00:00+05:30,0.0,0.0,0.0,25.9,13.2,241.0,88.0,100.0,1006.4,100,13.0827,80.275,0.0
2024-10-05 03:00:00+05:30,0.0,0.0,0.0,25.6,13.2,246.0,88.0,100.0,1006.1,100,13.0827,80.275,0.0
2024-10-05 04:00:00+05:30,0.0,0.0,0.0,25.5,13.1,247.0,88.0,100.0,1006.3,100,13.0827,80.275,0.0
2024-10-05 05:00:00+05:30,0.0,0.0,0.0,25.6,12.3,252.0,87.0,100.0,1006.5,100,13.0827,80.275,0.0
2024-10-05 06:00:00+05:30,12.0,23.7,10.0,25.7,14.1,272.0,88.0,100.0,1007.3,100,13.0827,80.275,0.37567461805543717
2024-10-05 07:00:00+05:30,154.0,314.4,78.0,27.2,12.6,283.0,84.0,100.0,1007.6,100,13.0827,80.275,13.448083431918716
2024-10-05 08:00:00+05:30,373.0,512.7,130.0,29.1,11.8,283.0,76.0,100.0,1008.3,100,13.0827,80.275,33.60933878075708
2024-10-05 09:00:00+05:30,588.0,636.4,160.0,31.0,10.6,300.0,67.0,100.0,1008.5,100,13.0827,80.275,53.10103407810856
2024-10-05 10:00:00+05:30,734.0,628.6,216.0,32.3,8.7,320.0,62.0,100.0,1008.2,100,13.0827,80.275,63.671398178652574
2024-10-05 11:00:00+05:30,860.0,711.4,207.0,33.2,5.7,349.0,57.0,100.0,1007.4,100,13.0827,80.275,72.7408116409323
2024-10-05 12:00:00+05:30,849.0,685.7,199.0,33.5,4.6,51.0,56.0,99.0,1006.3,100,13.0827,80.275,69.1483930349713
2024-10-05 13:00:00+05:30,843.0,742.3,166.0,33.5,7.2,78.0,56.0,44.0,1005.2,100,13.0827,80.275,72.78209230955822
2024-10-05 14:00:00+05:30,748.0,721.2,162.0,32.9,10.8,92.0,60.0,79.0,1004.3,100,13.0827,80.275,67.29756065566669
2024-10-05 15:00:00+05:30,539.0,615.5,135.0,31.5,11.8,115.0,71.0,54.0,1004.4,100,13.0827,80.275,49.63586906888754
2024-10-05 16:00:00+05:30,310.0,429.4,115.0,30.7,12.2,123.0,73.0,33.0,1004.6,100,13.0827,80.275,28.42975431817757
2024-10-05 17:00:00+05:30,121.0,277.9,60.0,29.6,12.2,139.0,79.0,36.0,1005.4,100,13.0827,80.275,10.367984044859625
2024-10-05 18:00:00+05:30,8.0,13.7,7.0,28.8,6.7,93.0,81.0,99.0,1006.1,100,13.0827,80.275,0.059373816232187446
2024-10-05 19:00:00+05:30,0.0,0.0,0.0,28.4,6.2,111.0,84.0,100.0,1007.1,100,13.0827,80.275,0.0
2024-10-05 20:00:00+05:30,0.0,0.0,0.0,28.2,6.1,137.0,85.0,100.0,1007.9,100,13.0827,80.275,0.0
2024-10-05 21:00:00+05:30,0.0,0.0,0.0,27.9,5.6,163.0,87.0,100.0,1008.3,100,13.0827,80.275,0.0
2024-10-05 22:00:00+05:30,0.0,0.0,0.0,27.6,5.5,193.0,90.0,100.0,1008.4,100,13.0827,80.275,0.0
2024-10-05 23:00:00+05:30,0.0,0.0,0.0,27.2,5.1,203.0,92.0,100.0,1008.4,100,13.0827,80.275,0.0
2024-10-06 00:00:00+05:30,0.0,0.0,0.0,26.6,4.2,198.0,95.0,100.0,1007.9,100,13.0827,80.275,0.0
2024-10-06 01:00:00+05:30,0.0,0.0,0.0,26.2,4.5,227.0,96.0,100.0,1007.3,100,13.0827,80.275,0.0
2024-10-06 02:00:00+05:30,0.0,0.0,0.0,26.2,5.5,247.0,96.0,100.0,1006.7,100,13.0827,80.275,0.0
2024-10-06 03:00:00+05:30,0.0,0.0,0.0,26.0,4.9,242.0,97.0,100.0,1006.4,100,13.0827,80.275,0.0
2024-10-06 04:00:00+05:30,0.0,0.0,0.0,25.6,4.0,240.0,97.0,100.0,1006.7,100,13.0827,80.275,0.0
2024-10-06 05:00:00+05:30,0.0,0.0,0.0,25.5,4.1,241.0,98.0,100.0,1007.2,100,13.0827,80.275,0.0
2024-10-06 06:00:00+05:30,12.0,35.6,9.0,26.2,4.6,321.0,96.0,100.0,1007.8,100,13.0827,80.275,0.31182629821044033
2024-10-06 07:00:00+05:30,157.0,348.2,73.0,27.7,1.9,311.0,89.0,100.0,1008.4,100,13.0827,80.275,13.247574756076427
2024-10-06 08:00:00+05:30,389.0,593.8,108.0,29.3,0.6,236.0,80.0,100.0,1009.1,100,13.0827,80.275,34.375361342039255
2024-10-06 09:00:00+05:30,600.0,680.5,143.0,30.6,2.4,171.0,70.0,100.0,1009.3,100,13.0827,80.275,52.26759123714905
2024-10-06 10:00:00+05:30,759.0,718.5,168.0,31.6,3.4,122.0,65.0,100.0,1009.1,100,13.0827,80.275,63.882395801994655
2024-10-06 11:00:00+05:30,850.0,705.1,204.0,32.1,5.1,98.0,62.0,100.0,1008.2,100,13.0827,80.275,71.83958288154751
2024-10-06 12:00:00+05:30,852.0,688.3,201.0,32.2,8.1,86.0,62.0,100.0,1007.2,100,13.0827,80.275,74.49783595842702
2024-10-06 13:00:00+05:30,854.0,704.7,213.0,32.0,10.5,87.0,64.0,100.0,1006.2,100,13.0827,80.275,72.39375819809946
2024-10-06 14:00:00+05:30,772.0,782.9,138.0,31.6,11.7,86.0,64.0,60.0,1005.2,100,13.0827,80.275,67.19417899317533
2024-10-06 15:00:00+05:30,599.0,740.6,115.0,30.9,13.2,78.0,65.0,3.0,1005.0,100,13.0827,80.275,57.42652542121425
2024-10-06 16:00:00+05:30,377.0,627.3,94.0,29.9,13.3,72.0,70.0,56.0,1005.5,100,13.0827,80.275,34.568575759677486
2024-10-06 17:00:00+05:30,146.0,410.9,57.0,29.0,10.9,68.0,77.0,99.0,1005.9,100,13.0827,80.275,12.449628620576005
2024-10-06 18:00:00+05:30,7.0,27.9,5.0,28.1,8.9,58.0,79.0,100.0,1006.7,100,13.0827,80.275,0.0
2024-10-06 19:00:00+05:30,0.0,0.0,0.0,27.8,9.6,70.0,81.0,100.0,1007.9,100,13.0827,80.275,0.0
2024-10-06 20:00:00+05:30,0.0,0.0,0.0,27.9,10.1,84.0,80.0,100.0,1009.1,100,13.0827,80.275,0.0
2024-10-06 21:00:00+05:30,0.0,0.0,0.0,27.9,10.7,82.0,79.0,100.0,1009.5,100,13.0827,80.275,0.0
2024-10-06 22:00:00+05:30,0.0,0.0,0.0,27.9,9.8,83.0,79.0,100.0,1009.6,100,13.0827,80.275,0.0
2024-10-06 23:00:00+05:30,0.0,0.0,0.0,27.8,6.8,73.0,79.0,100.0,1009.2,100,13.0827,80.275,0.0
2024-10-07 00:00:00+05:30,0.0,0.0,0.0,27.9,7.2,63.0,79.0,79.0,1008.6,100,13.0827,80.275,0.0
2024-10-07 01:00:00+05:30,0.0,0.0,0.0,27.5,6.2,75.0,81.0,2.0,1008.2,100,13.0827,80.275,0.0
2024-10-07 02:00:00+05:30,0.0,0.0,0.0,26.3,7.2,96.0,88.0,19.0,1007.5,100,13.0827,80.275,0.0
2024-10-07 03:00:00+05:30,0.0,0.0,0.0,27.5,2.8,101.0,80.0,15.0,1007.4,100,13.0827,80.275,0.0
2024-10-07 04:00:00+05:30,0.0,0.0,0.0,26.9,1.5,263.0,84.0,18.0,1007.9,100,13.0827,80.275,0.0
2024-10-07 05:00:00+05:30,0.0,0.0,0.0,25.6,3.8,301.0,93.0,39.0,1008.3,100,13.0827,80.275,0.0
2024-10-07 06:00:00+05:30,10.0,23.8,8.0,27.0,3.5,62.0,84.0,77.0,1009.3,100,13.0827,80.275,0.1973080089227819
2024-10-07 07:00:00+05:30,108.0,174.4,66.0,27.3,7.6,72.0,80.0,66.0,1010.2,100,13.0827,80.275,9.289216271621685
2024-10-07 08:00:00+05:30,281.0,285.7,146.0,28.4,7.1,117.0,76.0,44.0,1010.7,100,13.0827,80.275,25.554773566096816
2024-10-07 09:00:00+05:30,486.0,428.1,199.0,28.7,9.5,115.0,75.0,66.0,1011.2,100,13.0827,80.275,43.83038436060171
2024-10-07 10:00:00+05:30,578.0,338.6,300.0,29.1,9.4,114.0,74.0,61.0,1011.1,100,13.0827,80.275,52.02820452670078
2024-10-07 11:00:00+05:30,626.0,369.7,288.0,29.1,8.7,137.0,75.0,40.0,1010.4,100,13.0827,80.275,55.67368126071177
2024-10-07 12:00:00+05:30,658.0,390.0,290.0,29.7,9.3,117.0,73.0,47.0,1009.3,100,13.0827,80.275,60.2880100727023
2024-10-07 13:00:00+05:30,825.0,665.9,221.0,30.0,10.8,114.0,72.0,30.0,1008.3,100,13.0827,80.275,75.30677245832753
2024-10-07 14:00:00+05:30,673.0,553.8,226.0,29.5,10.0,104.0,74.0,35.0,1007.3,100,13.0827,80.275,59.923005257895205
2024-10-07 15:00:00+05:30,532.0,567.1,163.0,29.4,12.3,121.0,73.0,35.0,1007.0,100,13.0827,80.275,50.05265252003998
2024-10-07 16:00:00+05:30,320.0,439.5,123.0,29.0,11.8,121.0,74.0,38.0,1007.2,100,13.0827,80.275,29.340328137381345
2024-10-07 17:00:00+05:30,124.0,266.7,67.0,28.5,10.4,132.0,76.0,32.0,1007.7,100,13.0827,80.275,10.872975721677102
2024-10-07 18:00:00+05:30,6.0,14.3,5.0,27.5,5.6,121.0,82.0,7.0,1008.4,100,13.0827,80.275,0.0
2024-10-07 19:00:00+05:30,0.0,0.0,0.0,27.3,4.4,122.0,84.0,26.0,1009.6,100,13.0827,80.275,0.0
2024-10-07 20:00:00+05:30,0.0,0.0,0.0,27.2,4.5,127.0,85.0,73.0,1010.6,100,13.0827,80.275,0.0
2024-10-07 21:00:00+05:30,0.0,0.0,0.0,27.2,4.2,149.0,85.0,95.0,1011.1,100,13.0827,80.275,0.0
2024-10-07 22:00:00+05:30,0.0,0.0,0.0,26.8,4.2,149.0,88.0,91.0,1010.9,100,13.0827,80.275,0.0
2024-10-07 23:00:00+05:30,0.0,0.0,0.0,26.7,5.3,145.0,89.0,9.0,1010.5,100,13.0827,80.275,0.0
2024-10-08 00:00:00+05:30,0.0,0.0,0.0,26.4,3.5,219.0,89.0,35.0,1009.9,100,13.0827,80.275,0.0
2024-10-08 01:00:00+05:30,0.0,0.0,0.0,26.1,4.0,198.0,90.0,99.0,1009.4,100,13.0827,80.275,0.0
2024-10-08 02:00:00+05:30,0.0,0.0,0.0,25.6,5.6,151.0,89.0,95.0,1009.2,100,13.0827,80.275,0.0
2024-10-08 03:00:00+05:30,0.0,0.0,0.0,25.6,7.8,185.0,91.0,98.0,1009.1,100,13.0827,80.275,0.0
2024-10-08 04:00:00+05:30,0.0,0.0,0.0,25.3,7.8,214.0,93.0,99.0,1008.9,100,13.0827,80.275,0.0
2024-10-08 05:00:00+05:30,0.0,0.0,0.0,24.8,6.8,235.0,94.0,100.0,1009.7,100,13.0827,80.275,0.0
2024-10-08 06:00:00+05:30,11.0,23.8,9.0,25.8,6.1,265.0,90.0,69.0,1010.5,100,13.0827,80.275,0.29391875482962926
2024-10-08 07:00:00+05:30,148.0,303.8,75.0,26.6,6.8,258.0,86.0,71.0,1011.4,100,13.0827,80.275,13.060009132820877
2024-10-08 08:00:00+05:30,341.0,441.0,133.0,28.0,4.6,244.0,78.0,49.0,1011.9,100,13.0827,80.275,32.19786198834524
2024-10-08 09:00:00+05:30,524.0,499.0,190.0,29.0,4.3,178.0,74.0,77.0,1012.2,100,13.0827,80.275,47.8563316992347
2024-10-08 10:00:00+05:30,726.0,647.8,195.0,29.6,5.3,128.0,71.0,74.0,1011.7,100,13.0827,80.275,64.48965706114471
2024-10-08 11:00:00+05:30,750.0,540.3,257.0,30.1,7.3,99.0,71.0,80.0,1010.9,100,13.0827,80.275,63.89698602275514
2024-10-08 12:00:00+05:30,871.0,712.7,200.0,30.3,11.4,97.0,72.0,29.0,1009.7,100,13.0827,80.275,81.02392450823987
2024-10-08 13:00:00+05:30,844.0,715.2,197.0,30.1,10.7,98.0,72.0,15.0,1008.4,100,13.0827,80.275,76.69741475675622
2024-10-08 14:00:00+05:30,635.0,539.5,201.0,29.9,13.1,99.0,72.0,19.0,1007.5,100,13.0827,80.275,57.26002980500358
2024-10-08 15:00:00+05:30,557.0,637.6,144.0,29.3,13.2,110.0,74.0,30.0,1007.2,100,13.0827,80.275,51.71180830984799
2024-10-08 16:00:00+05:30,352.0,559.1,103.0,29.1,11.9,121.0,74.0,83.0,1007.3,100,13.0827,80.275,31.222805542365226
2024-10-08 17:00:00+05:30,131.0,341.4,59.0,28.5,11.6,114.0,76.0,91.0,1007.7,100,13.0827,80.275,11.297469064847618
2024-10-08 18:00:00+05:30,6.0,14.5,5.0,28.2,10.0,97.0,80.0,95.0,1008.7,100,13.0827,80.275,0.0
2024-10-08 19:00:00+05:30,0.0,0.0,0.0,28.0,8.3,106.0,82.0,92.0,1009.4,100,13.0827,80.275,0.0
2024-10-08 20:00:00+05:30,0.0,0.0,0.0,27.9,7.9,111.0,82.0,97.0,1010.0,100,13.0827,80.275,0.0
2024-10-08 21:00:00+05:30,0.0,0.0,0.0,27.6,5.6,117.0,84.0,83.0,1010.5,100,13.0827,80.275,0.0
2024-10-08 22:00:00+05:30,0.0,0.0,0.0,27.4,4.9,123.0,85.0,84.0,1010.4,100,13.0827,80.275,0.0
2024-10-08 23:00:00+05:30,0.0,0.0,0.0,27.3,6.9,118.0,86.0,25.0,1010.0,100,13.0827,80.275,0.0
2024-10-09 00:00:00+05:30,0.0,0.0,0.0,27.0,4.8,121.0,88.0,21.0,1009.1,100,13.0827,80.275,0.0
2024-10-09 01:00:00+05:30,0.0,0.0,0.0,26.3,4.0,122.0,89.0,87.0,1008.4,100,13.0827,80.275,0.0
2024-10-09 02:00:00+05:30,0.0,0.0,0.0,26.0,3.8,90.0,91.0,96.0,1008.0,100,13.0827,80.275,0.0
2024-10-09 03:00:00+05:30,0.0,0.0,0.0,26.2,3.2,161.0,94.0,100.0,1007.5,100,13.0827,80.275,0.0
2024-10-09 04:00:00+05:30,0.0,0.0,0.0,25.7,2.9,184.0,95.0,100.0,1007.7,100,13.0827,80.275,0.0
2024-10-09 05:00:00+05:30,0.0,0.0,0.0,25.5,6.0,155.0,95.0,99.0,1008.4,100,13.0827,80.275,0.0
2024-10-09 06:00:00+05:30,10.0,11.9,9.0,25.0,7.4,194.0,91.0,96.0,1009.7,100,13.0827,80.275,0.2783600070400912
2024-10-09 07:00:00+05:30,105.0,108.5,79.0,25.7,5.8,176.0,88.0,100.0,1010.0,100,13.0827,80.275,8.928738800572233
2024-10-09 08:00:00+05:30,311.0,284.6,177.0,26.9,4.6,211.0,82.0,98.0,1010.4,100,13.0827,80.275,27.705909988164212
2024-10-09 09:00:00+05:30,500.0,407.1,228.0,28.5,4.0,172.0,76.0,98.0,1010.9,100,13.0827,80.275,44.20340982795109
2024-10-09 10:00:00+05:30,688.0,578.2,215.0,29.5,5.7,125.0,73.0,100.0,1010.3,100,13.0827,80.275,61.64145067057224
2024-10-09 11:00:00+05:30,828.0,664.4,223.0,30.0,9.8,113.0,72.0,100.0,1009.6,100,13.0827,80.275,73.03799184378587
2024-10-09 12:00:00+05:30,704.0,406.7,322.0,29.6,9.3,105.0,73.0,100.0,1008.2,100,13.0827,80.275,59.896856320529395
2024-10-09 13:00:00+05:30,792.0,638.5,216.0,30.0,10.9,106.0,70.0,99.0,1006.8,100,13.0827,80.275,69.16187757137706
2024-10-09 14:00:00+05:30,713.0,687.3,162.0,29.8,14.4,110.0,71.0,17.0,1005.6,100,13.0827,80.275,67.62984671054426
2024-10-09 15:00:00+05:30,561.0,648.1,143.0,29.5,14.7,115.0,72.0,95.0,1005.0,100,13.0827,80.275,51.14483597370689
2024-10-09 16:00:00+05:30,345.0,526.6,112.0,29.1,14.9,125.0,72.0,100.0,1005.0,100,13.0827,80.275,32.1463700830617
2024-10-09 17:00:00+05:30,126.0,326.9,58.0,28.3,13.5,132.0,75.0,100.0,1005.4,100,13.0827,80.275,11.211654680585548
2024-10-09 18:00:00+05:30,6.0,14.9,5.0,28.0,8.9,111.0,79.0,20.0,1006.9,100,13.0827,80.275,0.0
2024-10-09 19:00:00+05:30,0.0,0.0,0.0,27.7,7.9,114.0,81.0,19.0,1007.7,100,13.0827,80.275,0.0
2024-10-09 20:00:00+05:30,0.0,0.0,0.0,27.5,6.2,107.0,82.0,11.0,1008.0,100,13.0827,80.275,0.0
2024-10-09 21:00:00+05:30,0.0,0.0,0.0,27.1,4.0,108.0,85.0,19.0,1008.3,100,13.0827,80.275,0.0
2024-10-09 22:00:00+05:30,0.0,0.0,0.0,27.0,4.3,118.0,85.0,42.0,1008.5,100,13.0827,80.275,0.0
2024-10-09 23:00:00+05:30,0.0,0.0,0.0,27.1,4.8,135.0,85.0,43.0,1008.2,100,13.0827,80.275,0.0
2024-10-10 00:00:00+05:30,0.0,0.0,0.0,26.9,4.4,148.0,85.0,63.0,1007.1,100,13.0827,80.275,0.0
2024-10-10 01:00:00+05:30,0.0,0.0,0.0,26.1,5.9,117.0,89.0,89.0,1006.4,100,13.0827,80.275,0.0
2024-10-10 02:00:00+05:30,0.0,0.0,0.0,26.5,2.4,77.0,87.0,45.0,1006.0,100,13.0827,80.275,0.0
2024-10-10 03:00:00+05:30,0.0,0.0,0.0,25.2,1.3,74.0,94.0,97.0,1006.2,100,13.0827,80.275,0.0
2024-10-10 04:00:00+05:30,0.0,0.0,0.0,24.9,5.7,145.0,91.0,100.0,1006.7,100,13.0827,80.275,0.0
2024-10-10 05:00:00+05:30,0.0,0.0,0.0,24.3,5.3,192.0,94.0,100.0,1007.6,100,13.0827,80.275,0.0
2024-10-10 06:00:00+05:30,7.0,0.0,7.0,25.1,3.5,24.0,92.0,100.0,1008.2,100,13.0827,80.275,0.06929612647978291
2024-10-10 07:00:00+05:30,72.0,66.9,56.0,25.3,0.2,270.0,90.0,100.0,1009.1,100,13.0827,80.275,5.898053378153143
2024-10-10 08:00:00+05:30,109.0,14.9,102.0,26.0,4.4,97.0,86.0,100.0,1009.4,100,13.0827,80.275,9.288852604880432
2024-10-10 09:00:00+05:30,336.0,111.0,262.0,27.3,4.4,99.0,82.0,100.0,1009.7,100,13.0827,80.275,29.49035508974513
2024-10-10 10:00:00+05:30,487.0,154.3,361.0,28.2,6.1,118.0,79.0,100.0,1009.0,100,13.0827,80.275,42.03014503711317
2024-10-10 11:00:00+05:30,688.0,383.0,340.0,29.2,7.5,127.0,75.0,100.0,1008.1,100,13.0827,80.275,59.94318977957145
2024-10-10 12:00:00+05:30,816.0,600.9,253.0,29.8,9.5,119.0,72.0,100.0,1006.5,100,13.0827,80.275,73.0253081346308
2024-10-10 13:00:00+05:30,774.0,564.7,266.0,29.3,13.4,116.0,75.0,100.0,1005.2,100,13.0827,80.275,69.95893892642071
2024-10-10 14:00:00+05:30,647.0,491.9,254.0,29.1,13.3,122.0,75.0,100.0,1004.1,100,13.0827,80.275,59.49458517193673
2024-10-10 15:00:00+05:30,560.0,613.6,166.0,29.0,14.8,135.0,74.0,100.0,1003.9,100,13.0827,80.275,53.49258207963401
2024-10-10 16:00:00+05:30,336.0,477.8,126.0,28.8,13.9,138.0,74.0,100.0,1004.0,100,13.0827,80.275,31.385098313152252
2024-10-10 17:00:00+05:30,117.0,243.6,67.0,28.3,12.9,139.0,76.0,100.0,1004.4,100,13.0827,80.275,10.52345946945985
2024-10-10 18:00:00+05:30,5.0,15.2,4.0,27.4,5.4,124.0,83.0,58.0,1005.8,100,13.0827,80.275,0.0
2024-10-10 19:00:00+05:30,0.0,0.0,0.0,27.3,5.9,128.0,84.0,19.0,1006.9,100,13.0827,80.275,0.0
2024-10-10 20:00:00+05:30,0.0,0.0,0.0,27.0,4.4,117.0,86.0,12.0,1007.8,100,13.0827,80.275,0.0
2024-10-10 21:00:00+05:30,0.0,0.0,0.0,26.6,5.4,138.0,89.0,21.0,1007.9,100,13.0827,80.275,0.0
2024-10-10 22:00:00+05:30,0.0,0.0,0.0,26.9,6.3,141.0,86.0,31.0,1007.6,100,13.0827,80.275,0.0
2024-10-10 23:00:00+05:30,0.0,0.0,0.0,26.7,4.8,169.0,88.0,76.0,1007.5,100,13.0827,80.275,0.0
2024-10-11 00:00:00+05:30,0.0,0.0,0.0,26.2,4.1,195.0,91.0,72.0,1006.8,100,13.0827,80.275,0.0
2024-10-11 01:00:00+05:30,0.0,0.0,0.0,25.8,4.1,128.0,92.0,95.0,1006.2,100,13.0827,80.275,0.0
2024-10-11 02:00:00+05:30,0.0,0.0,0.0,25.5,6.1,148.0,95.0,99.0,1006.1,100,13.0827,80.275,0.0
2024-10-11 03:00:00+05:30,0.0,0.0,0.0,24.9,5.4,146.0,94.0,99.0,1006.1,100,13.0827,80.275,0.0
2024-10-11 04:00:00+05:30,0.0,0.0,0.0,24.6,6.0,226.0,95.0,97.0,1006.2,100,13.0827,80.275,0.0
2024-10-11 05:00:00+05:30,0.0,0.0,0.0,24.9,1.9,202.0,95.0,100.0,1006.7,100,13.0827,80.275,0.0
2024-10-11 06:00:00+05:30,11.0,36.1,8.0,25.8,2.8,255.0,96.0,99.0,1007.1,100,13.0827,80.275,0.2584604387227021
2024-10-11 07:00:00+05:30,138.0,268.3,74.0,26.8,4.0,188.0,83.0,70.0,1008.3,100,13.0827,80.275,12.12605890197688
2024-10-11 08:00:00+05:30,289.0,326.2,136.0,27.6,6.2,159.0,81.0,83.0,1008.6,100,13.0827,80.275,26.80023138202707
2024-10-11 09:00:00+05:30,488.0,462.7,180.0,28.6,7.8,136.0,76.0,97.0,1009.0,100,13.0827,80.275,43.98342252463244
2024-10-11 10:00:00+05:30,650.0,521.6,225.0,29.5,10.2,127.0,74.0,96.0,1008.7,100,13.0827,80.275,58.245530939783876
2024-10-11 11:00:00+05:30,702.0,456.6,288.0,29.8,13.4,121.0,72.0,99.0,1007.9,100,13.0827,80.275,62.97290448228626
2024-10-11 12:00:00+05:30,680.0,383.0,322.0,29.2,14.2,112.0,75.0,48.0,1006.9,100,13.0827,80.275,61.13421805742374
2024-10-11 13:00:00+05:30,770.0,605.4,227.0,29.6,13.2,114.0,75.0,31.0,1005.8,100,13.0827,80.275,71.5868036541267
2024-10-11 14:00:00+05:30,671.0,599.1,194.0,29.6,11.7,127.0,75.0,29.0,1004.9,100,13.0827,80.275,61.826695992771434
2024-10-11 15:00:00+05:30,496.0,492.8,181.0,29.3,13.4,132.0,76.0,18.0,1004.3,100,13.0827,80.275,46.874303467341775
2024-10-11 16:00:00+05:30,323.0,494.6,107.0,28.9,14.2,129.0,76.0,33.0,1004.6,100,13.0827,80.275,30.769253572884733
2024-10-11 17:00:00+05:30,124.0,330.9,57.0,28.4,13.6,136.0,77.0,25.0,1005.0,100,13.0827,80.275,11.623206457952621
2024-10-11 18:00:00+05:30,5.0,15.5,4.0,28.1,12.3,142.0,78.0,13.0,1005.8,100,13.0827,80.275,0.0
2024-10-11 19:00:00+05:30,0.0,0.0,0.0,27.9,11.0,142.0,80.0,55.0,1007.1,100,13.0827,80.275,0.0
2024-10-11 20:00:00+05:30,0.0,0.0,0.0,27.8,9.8,134.0,81.0,90.0,1007.9,100,13.0827,80.275,0.0
2024-10-11 21:00:00+05:30,0.0,0.0,0.0,27.7,6.8,145.0,81.0,88.0,1008.4,100,13.0827,80.275,0.0
2024-10-11 22:00:00+05:30,0.0,0.0,0.0,26.8,11.1,137.0,84.0,70.0,1008.5,100,13.0827,80.275,0.0
2024-10-11 23:00:00+05:30,0.0,0.0,0.0,25.6,6.3,125.0,90.0,55.0,1008.5,100,13.0827,80.275,0.0
2024-10-12 00:00:00+05:30,0.0,0.0,0.0,25.3,2.2,204.0,92.0,100.0,1007.9,100,13.0827,80.275,0.0
2024-10-12 01:00:00+05:30,0.0,0.0,0.0,25.5,4.9,144.0,94.0,95.0,1007.3,100,13.0827,80.275,0.0
2024-10-12 02:00:00+05:30,0.0,0.0,0.0,25.4,2.0,153.0,95.0,100.0,1006.7,100,13.0827,80.275,0.0
2024-10-12 03:00:00+05:30,0.0,0.0,0.0,25.3,6.5,129.0,93.0,100.0,1006.9,100,13.0827,80.275,0.0
2024-10-12 04:00:00+05:30,0.0,0.0,0.0,25.3,7.5,127.0,89.0,100.0,1007.1,100,13.0827,80.275,0.0
2024-10-12 05:00:00+05:30,0.0,0.0,0.0,25.2,3.4,115.0,92.0,99.0,1007.7,100,13.0827,80.275,0.0
2024-10-12 06:00:00+05:30,8.0,12.1,7.0,25.9,0.8,315.0,89.0,100.0,1008.7,100,13.0827,80.275,0.0988232436401775
2024-10-12 07:00:00+05:30,91.0,63.1,76.0,26.4,6.0,173.0,87.0,100.0,1009.8,100,13.0827,80.275,7.639434559836403
2024-10-12 08:00:00+05:30,265.0,222.2,161.0,27.3,8.3,136.0,83.0,97.0,1009.8,100,13.0827,80.275,23.97915509869162
2024-10-12 09:00:00+05:30,494.0,472.7,180.0,28.2,10.9,123.0,78.0,87.0,1010.4,100,13.0827,80.275,47.42539400109742
2024-10-12 10:00:00+05:30,671.0,564.4,212.0,29.0,11.2,106.0,75.0,35.0,1009.9,100,13.0827,80.275,62.2166283051756
2024-10-12 11:00:00+05:30,824.0,714.1,178.0,29.5,12.8,110.0,75.0,18.0,1009.1,100,13.0827,80.275,77.45147791044668
2024-10-12 12:00:00+05:30,849.0,715.4,182.0,29.5,14.0,110.0,75.0,30.0,1007.6,100,13.0827,80.275,78.40596181893376
2024-10-12 13:00:00+05:30,829.0,761.4,148.0,29.6,14.9,109.0,73.0,34.0,1006.5,100,13.0827,80.275,77.25710414282787
2024-10-12 14:00:00+05:30,743.0,743.6,153.0,29.5,15.8,107.0,73.0,27.0,1006.0,100,13.0827,80.275,70.76742038917278
2024-10-12 15:00:00+05:30,554.0,674.1,125.0,29.1,15.7,112.0,75.0,10.0,1005.7,100,13.0827,80.275,53.59112272198729
2024-10-12 16:00:00+05:30,345.0,569.3,98.0,28.8,14.9,108.0,76.0,8.0,1005.8,100,13.0827,80.275,33.27038565299767
2024-10-12 17:00:00+05:30,123.0,335.5,56.0,28.3,12.3,111.0,77.0,11.0,1006.4,100,13.0827,80.275,11.45885284523846
2024-10-12 18:00:00+05:30,5.0,15.8,4.0,27.6,9.7,101.0,81.0,33.0,1007.2,100,13.0827,80.275,0.0
2024-10-12 19:00:00+05:30,0.0,0.0,0.0,27.7,8.5,86.0,81.0,32.0,1008.5,100,13.0827,80.275,0.0
2024-10-12 20:00:00+05:30,0.0,0.0,0.0,27.7,10.2,81.0,80.0,12.0,1009.1,100,13.0827,80.275,0.0
2024-10-12 21:00:00+05:30,0.0,0.0,0.0,27.7,11.9,80.0,80.0,11.0,1009.3,100,13.0827,80.275,0.0
2024-10-12 22:00:00+05:30,0.0,0.0,0.0,27.6,12.1,86.0,81.0,15.0,1008.8,100,13.0827,80.275,0.0
2024-10-12 23:00:00+05:30,0.0,0.0,0.0,27.5,11.2,87.0,81.0,65.0,1008.7,100,13.0827,80.275,0.0
2024-10-13 00:00:00+05:30,0.0,0.0,0.0,26.8,9.0,100.0,85.0,100.0,1008.2,100,13.0827,80.275,0.0
2024-10-13 01:00:00+05:30,0.0,0.0,0.0,25.0,2.5,45.0,95.0,100.0,1008.3,100,13.0827,80.275,0.0
2024-10-13 02:00:00+05:30,0.0,0.0,0.0,24.1,3.6,210.0,98.0,100.0,1008.1,100,13.0827,80.275,0.0
2024-10-13 03:00:00+05:30,0.0,0.0,0.0,24.7,3.2,133.0,95.0,63.0,1007.7,100,13.0827,80.275,0.0
2024-10-13 04:00:00+05:30,0.0,0.0,0.0,24.3,4.1,257.0,97.0,63.0,1008.3,100,13.0827,80.275,0.0
2024-10-13 05:00:00+05:30,0.0,0.0,0.0,24.2,6.0,249.0,97.0,98.0,1008.8,100,13.0827,80.275,0.0
2024-10-13 06:00:00+05:30,10.0,24.2,8.0,26.8,4.8,101.0,86.0,36.0,1008.5,100,13.0827,80.275,0.2320575270629443
2024-10-13 07:00:00+05:30,134.0,257.2,73.0,27.9,7.1,106.0,81.0,93.0,1009.3,100,13.0827,80.275,11.975110323792547
2024-10-13 08:00:00+05:30,315.0,406.8,125.0,27.8,7.2,125.0,82.0,94.0,1009.9,100,13.0827,80.275,29.537931867763547
2024-10-13 09:00:00+05:30,467.0,420.9,188.0,28.3,12.8,112.0,78.0,100.0,1010.3,100,13.0827,80.275,44.07262268879305
2024-10-13 10:00:00+05:30,537.0,295.8,297.0,28.5,11.5,125.0,77.0,100.0,1010.1,100,13.0827,80.275,47.8015147689298
2024-10-13 11:00:00+05:30,716.0,469.8,292.0,29.4,10.0,116.0,75.0,55.0,1009.2,100,13.0827,80.275,64.68341351372597
2024-10-13 12:00:00+05:30,847.0,668.9,225.0,29.8,10.3,106.0,74.0,19.0,1008.0,100,13.0827,80.275,77.41024955899817
2024-10-13 13:00:00+05:30,835.0,760.3,157.0,29.9,12.2,92.0,74.0,17.0,1006.9,100,13.0827,80.275,77.88935294299128
2024-10-13 14:00:00+05:30,729.0,747.4,138.0,29.5,13.3,93.0,74.0,10.0,1006.0,100,13.0827,80.275,69.8690359714228
2024-10-13 15:00:00+05:30,561.0,697.6,119.0,29.1,13.8,104.0,75.0,55.0,1006.0,100,13.0827,80.275,52.62769316686467
2024-10-13 16:00:00+05:30,339.0,556.8,99.0,28.7,12.0,104.0,77.0,79.0,1006.0,100,13.0827,80.275,32.16569658522568
2024-10-13 17:00:00+05:30,120.0,309.6,59.0,28.4,10.0,124.0,77.0,98.0,1006.4,100,13.0827,80.275,10.771152463880275
2024-10-13 18:00:00+05:30,3.0,0.0,3.0,27.8,7.8,64.0,80.0,100.0,1007.0,100,13.0827,80.275,0.0
2024-10-13 19:00:00+05:30,0.0,0.0,0.0,27.5,6.6,73.0,81.0,100.0,1007.7,100,13.0827,80.275,0.0
2024-10-13 20:00:00+05:30,0.0,0.0,0.0,27.4,5.6,68.0,82.0,100.0,1008.4,100,13.0827,80.275,0.0
2024-10-13 21:00:00+05:30,0.0,0.0,0.0,27.2,5.6,42.0,83.0,100.0,1008.7,100,13.0827,80.275,0.0
2024-10-13 22:00:00+05:30,0.0,0.0,0.0,26.6,3.7,14.0,87.0,100.0,1008.1,100,13.0827,80.275,0.0
2024-10-13 23:00:00+05:30,0.0,0.0,0.0,26.1,3.8,341.0,91.0,100.0,1007.6,100,13.0827,80.275,0.0
2024-10-14 00:00:00+05:30,0.0,0.0,0.0,25.2,10.9,73.0,95.0,100.0,1007.8,100,13.0827,80.275,0.0
2024-10-14 01:00:00+05:30,0.0,0.0,0.0,25.2,7.0,4.0,94.0,100.0,1006.9,100,13.0827,80.275,0.0
2024-10-14 02:00:00+05:30,0.0,0.0,0.0,24.9,7.9,330.0,95.0,100.0,1006.7,100,13.0827,80.275,0.0
2024-10-14 03:00:00+05:30,0.0,0.0,0.0,24.5,10.6,330.0,96.0,100.0,1006.3,100,13.0827,80.275,0.0
2024-10-14 04:00:00+05:30,0.0,0.0,0.0,24.3,11.6,339.0,95.0,100.0,1006.5,100,13.0827,80.275,0.0
2024-10-14 05:00:00+05:30,0.0,0.0,0.0,24.4,12.1,339.0,94.0,100.0,1006.8,100,13.0827,80.275,0.0
2024-10-14 06:00:00+05:30,3.0,0.0,3.0,24.7,15.0,339.0,95.0,100.0,1007.3,100,13.0827,80.275,0.0
2024-10-14 07:00:00+05:30,55.0,8.5,53.0,25.5,15.5,347.0,91.0,100.0,1008.3,100,13.0827,80.275,4.2999789734863345
2024-10-14 08:00:00+05:30,114.0,12.9,108.0,25.8,16.2,345.0,90.0,100.0,1009.1,100,13.0827,80.275,9.641935035470059
2024-10-14 09:00:00+05:30,279.0,75.6,229.0,26.4,17.8,354.0,90.0,100.0,1009.2,100,13.0827,80.275,24.081762907902796
2024-10-14 10:00:00+05:30,143.0,4.9,139.0,25.9,24.2,12.0,88.0,100.0,1008.6,100,13.0827,80.275,12.039728118378894
2024-10-14 11:00:00+05:30,212.0,17.8,196.0,26.3,20.0,22.0,88.0,100.0,1008.0,100,13.0827,80.275,18.701792999613268
2024-10-14 12:00:00+05:30,147.0,1.1,146.0,26.2,18.6,31.0,92.0,100.0,1006.7,100,13.0827,80.275,12.532649662099956
2024-10-14 13:00:00+05:30,315.0,30.4,288.0,26.5,19.7,47.0,89.0,100.0,1006.0,100,13.0827,80.275,27.21631138202323
2024-10-14 14:00:00+05:30,123.0,0.0,123.0,26.5,17.3,66.0,90.0,100.0,1005.4,100,13.0827,80.275,10.459608117078972
2024-10-14 15:00:00+05:30,155.0,11.1,148.0,26.7,16.2,86.0,87.0,100.0,1005.0,100,13.0827,80.275,13.445023001165223
2024-10-14 16:00:00+05:30,110.0,16.3,103.0,26.4,13.9,89.0,89.0,100.0,1005.1,100,13.0827,80.275,9.55183129774798
2024-10-14 17:00:00+05:30,49.0,15.4,46.0,26.1,12.1,84.0,89.0,100.0,1005.6,100,13.0827,80.275,3.9423224901120664
2024-10-14 18:00:00+05:30,1.0,0.0,1.0,25.5,14.1,21.0,93.0,100.0,1006.3,100,13.0827,80.275,0.0
2024-10-14 19:00:00+05:30,0.0,0.0,0.0,25.7,16.1,49.0,93.0,100.0,1006.7,100,13.0827,80.275,0.0
2024-10-14 20:00:00+05:30,0.0,0.0,0.0,25.8,13.1,56.0,91.0,100.0,1007.8,100,13.0827,80.275,0.0
2024-10-14 21:00:00+05:30,0.0,0.0,0.0,25.8,15.5,65.0,92.0,100.0,1008.3,100,13.0827,80.275,0.0
2024-10-14 22:00:00+05:30,0.0,0.0,0.0,26.0,14.7,66.0,91.0,100.0,1007.6,100,13.0827,80.275,0.0
2024-10-14 23:00:00+05:30,0.0,0.0,0.0,25.5,16.3,67.0,93.0,100.0,1007.5,100,13.0827,80.275,0.0
2024-10-15 00:00:00+05:30,0.0,0.0,0.0,25.6,15.1,70.0,92.0,100.0,1006.5,100,13.0827,80.275,0.0
2024-10-15 01:00:00+05:30,0.0,0.0,0.0,25.6,19.5,92.0,90.0,100.0,1006.0,100,13.0827,80.275,0.0
2024-10-15 02:00:00+05:30,0.0,0.0,0.0,25.4,17.0,96.0,91.0,100.0,1005.3,100,13.0827,80.275,0.0
2024-10-15 03:00:00+05:30,0.0,0.0,0.0,25.5,14.1,104.0,91.0,100.0,1005.2,100,13.0827,80.275,0.0
2024-10-15 04:00:00+05:30,0.0,0.0,0.0,25.6,11.9,93.0,90.0,100.0,1005.3,100,13.0827,80.275,0.0
2024-10-15 05:00:00+05:30,0.0,0.0,0.0,25.6,11.2,93.0,92.0,100.0,1005.5,100,13.0827,80.275,0.0
2024-10-15 06:00:00+05:30,3.0,0.0,3.0,25.6,12.1,63.0,92.0,100.0,1007.0,100,13.0827,80.275,0.0
2024-10-15 07:00:00+05:30,47.0,0.0,47.0,25.9,12.9,75.0,91.0,100.0,1008.1,100,13.0827,80.275,3.6763899627539853
2024-10-15 08:00:00+05:30,90.0,8.6,86.0,26.1,13.1,61.0,89.0,100.0,1009.0,100,13.0827,80.275,7.560207913007968
2024-10-15 09:00:00+05:30,259.0,54.5,223.0,27.4,14.5,59.0,84.0,100.0,1009.0,100,13.0827,80.275,23.107929118830356
2024-10-15 10:00:00+05:30,342.0,63.1,291.0,27.9,17.1,57.0,82.0,100.0,1008.4,100,13.0827,80.275,30.294664226213794
2024-10-15 11:00:00+05:30,326.0,52.3,279.0,27.9,14.8,50.0,82.0,100.0,1007.6,100,13.0827,80.275,28.797590549989003
2024-10-15 12:00:00+05:30,205.0,0.0,205.0,27.6,12.5,35.0,86.0,100.0,1006.3,100,13.0827,80.275,17.43420349552549
2024-10-15 13:00:00+05:30,329.0,41.7,292.0,28.2,15.3,60.0,81.0,99.0,1005.4,100,13.0827,80.275,28.59074012427677
2024-10-15 14:00:00+05:30,285.0,99.3,207.0,27.5,14.6,72.0,84.0,100.0,1004.8,100,13.0827,80.275,25.5646145709478
2024-10-15 15:00:00+05:30,300.0,101.9,236.0,27.5,13.4,68.0,83.0,100.0,1004.6,100,13.0827,80.275,27.88575109936663
2024-10-15 16:00:00+05:30,199.0,101.0,156.0,26.3,7.9,74.0,88.0,100.0,1005.6,100,13.0827,80.275,17.895938631521354
2024-10-15 17:00:00+05:30,28.0,0.0,28.0,25.3,8.2,64.0,94.0,100.0,1006.0,100,13.0827,80.275,1.9818875076002436
2024-10-15 18:00:00+05:30,1.0,0.0,1.0,25.4,9.2,360.0,93.0,100.0,1006.6,100,13.0827,80.275,0.0
2024-10-15 19:00:00+05:30,0.0,0.0,0.0,25.3,6.5,24.0,94.0,100.0,1008.0,100,13.0827,80.275,0.0
2024-10-15 20:00:00+05:30,0.0,0.0,0.0,25.2,11.4,337.0,94.0,100.0,1008.2,100,13.0827,80.275,0.0
2024-10-15 21:00:00+05:30,0.0,0.0,0.0,24.9,5.1,350.0,95.0,100.0,1008.6,100,13.0827,80.275,0.0
2024-10-15 22:00:00+05:30,0.0,0.0,0.0,24.9,9.1,319.0,95.0,100.0,1008.0,100,13.0827,80.275,0.0
2024-10-15 23:00:00+05:30,0.0,0.0,0.0,24.7,11.6,332.0,96.0,100.0,1007.8,100,13.0827,80.275,0.0
2024-10-16 00:00:00+05:30,0.0,0.0,0.0,24.6,5.6,358.0,96.0,100.0,1007.1,100,13.0827,80.275,0.0
2024-10-16 01:00:00+05:30,0.0,0.0,0.0,24.5,4.8,335.0,96.0,100.0,1006.2,100,13.0827,80.275,0.0
2024-10-16 02:00:00+05:30,0.0,0.0,0.0,24.3,5.0,285.0,97.0,100.0,1005.5,100,13.0827,80.275,0.0
2024-10-16 03:00:00+05:30,0.0,0.0,0.0,24.1,8.2,303.0,97.0,100.0,1005.4,100,13.0827,80.275,0.0
2024-10-16 04:00:00+05:30,0.0,0.0,0.0,23.9,8.6,337.0,96.0,100.0,1005.6,100,13.0827,80.275,0.0
2024-10-16 05:00:00+05:30,0.0,0.0,0.0,23.9,9.6,320.0,95.0,100.0,1005.9,100,13.0827,80.275,0.0
2024-10-16 06:00:00+05:30,2.0,0.0,2.0,24.2,11.5,299.0,95.0,100.0,1006.1,100,13.0827,80.275,0.0
2024-10-16 07:00:00+05:30,23.0,0.0,23.0,24.4,9.3,292.0,96.0,100.0,1007.1,100,13.0827,80.275,1.5195858334461945
2024-10-16 08:00:00+05:30,69.0,6.5,66.0,25.1,9.9,289.0,95.0,100.0,1007.5,100,13.0827,80.275,5.61305238316349
2024-10-16 09:00:00+05:30,224.0,27.3,206.0,26.7,10.4,328.0,89.0,100.0,1008.1,100,13.0827,80.275,19.442404021142305
2024-10-16 10:00:00+05:30,279.0,21.1,262.0,27.1,14.4,336.0,86.0,100.0,1007.6,100,13.0827,80.275,24.293081824554275
2024-10-16 11:00:00+05:30,422.0,68.1,361.0,27.4,14.5,338.0,85.0,100.0,1006.6,100,13.0827,80.275,37.53355993814248
2024-10-16 12:00:00+05:30,409.0,60.7,353.0,27.9,13.1,337.0,82.0,100.0,1005.3,100,13.0827,80.275,36.3778516867805
2024-10-16 13:00:00+05:30,405.0,91.6,324.0,28.3,13.9,337.0,79.0,100.0,1004.3,100,13.0827,80.275,36.02360698891826
2024-10-16 14:00:00+05:30,435.0,201.9,277.0,28.3,11.9,337.0,79.0,100.0,1003.3,100,13.0827,80.275,39.37459184667387
2024-10-16 15:00:00+05:30,408.0,249.5,252.0,28.6,12.5,342.0,77.0,100.0,1003.4,100,13.0827,80.275,37.64683371446701
2024-10-16 16:00:00+05:30,236.0,182.1,159.0,27.9,12.1,345.0,80.0,100.0,1003.9,100,13.0827,80.275,21.435788565674617
2024-10-16 17:00:00+05:30,82.0,95.1,64.0,27.5,7.9,340.0,84.0,100.0,1004.4,100,13.0827,80.275,7.151323786197545
2024-10-16 18:00:00+05:30,3.0,0.0,3.0,26.6,9.7,325.0,84.0,100.0,1004.6,100,13.0827,80.275,0.0
2024-10-16 19:00:00+05:30,0.0,0.0,0.0,25.3,13.9,349.0,90.0,100.0,1006.0,100,13.0827,80.275,0.0
2024-10-16 20:00:00+05:30,0.0,0.0,0.0,24.8,7.6,313.0,93.0,100.0,1006.4,100,13.0827,80.275,0.0
2024-10-16 21:00:00+05:30,0.0,0.0,0.0,24.8,6.6,323.0,93.0,100.0,1007.1,100,13.0827,80.275,0.0
2024-10-16 22:00:00+05:30,0.0,0.0,0.0,25.1,6.4,317.0,93.0,99.0,1006.6,100,13.0827,80.275,0.0
2024-10-16 23:00:00+05:30,0.0,0.0,0.0,24.7,10.2,300.0,96.0,100.0,1006.6,100,13.0827,80.275,0.0
2024-10-17 00:00:00+05:30,0.0,0.0,0.0,24.6,8.4,304.0,96.0,100.0,1006.2,100,13.0827,80.275,0.0
2024-10-17 01:00:00+05:30,0.0,0.0,0.0,24.5,5.4,304.0,96.0,99.0,1005.3,100,13.0827,80.275,0.0
2024-10-17 02:00:00+05:30,0.0,0.0,0.0,24.3,4.9,280.0,97.0,100.0,1005.3,100,13.0827,80.275,0.0
2024-10-17 03:00:00+05:30,0.0,0.0,0.0,24.3,4.5,277.0,97.0,100.0,1004.7,100,13.0827,80.275,0.0
2024-10-17 04:00:00+05:30,0.0,0.0,0.0,24.0,3.8,239.0,98.0,100.0,1005.0,100,13.0827,80.275,0.0
2024-10-17 05:00:00+05:30,0.0,0.0,0.0,23.9,4.3,228.0,98.0,100.0,1005.8,100,13.0827,80.275,0.0
2024-10-17 06:00:00+05:30,11.0,37.0,8.0,24.1,5.4,268.0,97.0,93.0,1006.5,100,13.0827,80.275,0.3084155475741264
2024-10-17 07:00:00+05:30,155.0,384.8,65.0,25.6,2.3,270.0,91.0,83.0,1007.4,100,13.0827,80.275,14.63712430703365
2024-10-17 08:00:00+05:30,381.0,607.6,100.0,27.3,2.2,256.0,85.0,51.0,1007.8,100,13.0827,80.275,36.98055213112941
2024-10-17 09:00:00+05:30,580.0,680.4,133.0,28.9,4.1,193.0,76.0,94.0,1008.1,100,13.0827,80.275,54.67534900188197
2024-10-17 10:00:00+05:30,660.0,555.9,213.0,29.7,6.3,177.0,72.0,93.0,1007.9,100,13.0827,80.275,59.14093375756275
2024-10-17 11:00:00+05:30,796.0,674.5,193.0,30.2,5.2,158.0,70.0,99.0,1007.0,100,13.0827,80.275,68.85479954470387
2024-10-17 12:00:00+05:30,811.0,667.2,197.0,30.3,5.9,125.0,70.0,93.0,1005.9,100,13.0827,80.275,70.808670287797
2024-10-17 13:00:00+05:30,807.0,730.7,163.0,30.2,9.0,113.0,73.0,99.0,1004.8,100,13.0827,80.275,73.91736096236728
2024-10-17 14:00:00+05:30,693.0,686.1,158.0,29.6,10.3,106.0,75.0,99.0,1004.2,100,13.0827,80.275,63.867655745369646
2024-10-17 15:00:00+05:30,487.0,534.9,154.0,29.1,10.5,117.0,77.0,96.0,1004.0,100,13.0827,80.275,45.76566708581374
2024-10-17 16:00:00+05:30,265.0,359.2,114.0,29.0,10.0,120.0,78.0,100.0,1004.2,100,13.0827,80.275,25.74071416926538
2024-10-17 17:00:00+05:30,114.0,310.3,56.0,28.2,8.8,125.0,82.0,98.0,1004.7,100,13.0827,80.275,10.690872495021566
2024-10-17 18:00:00+05:30,3.0,0.0,3.0,27.7,6.7,117.0,85.0,77.0,1005.5,100,13.0827,80.275,0.0
2024-10-17 19:00:00+05:30,0.0,0.0,0.0,27.6,8.5,119.0,85.0,89.0,1006.3,100,13.0827,80.275,0.0
2024-10-17 20:00:00+05:30,0.0,0.0,0.0,27.6,9.0,125.0,85.0,81.0,1007.0,100,13.0827,80.275,0.0
2024-10-17 21:00:00+05:30,0.0,0.0,0.0,27.6,9.7,129.0,84.0,94.0,1007.6,100,13.0827,80.275,0.0
2024-10-17 22:00:00+05:30,0.0,0.0,0.0,27.3,8.1,152.0,85.0,90.0,1007.5,100,13.0827,80.275,0.0
2024-10-17 23:00:00+05:30,0.0,0.0,0.0,27.1,9.4,168.0,86.0,99.0,1007.3,100,13.0827,80.275,0.0
2024-10-18 00:00:00+05:30,0.0,0.0,0.0,26.2,5.9,232.0,91.0,98.0,1007.2,100,13.0827,80.275,0.0
2024-10-18 01:00:00+05:30,0.0,0.0,0.0,24.9,4.6,261.0,96.0,100.0,1006.6,100,13.0827,80.275,0.0
2024-10-18 02:00:00+05:30,0.0,0.0,0.0,24.7,5.5,287.0,97.0,100.0,1006.0,100,13.0827,80.275,0.0
2024-10-18 03:00:00+05:30,0.0,0.0,0.0,24.7,4.9,264.0,97.0,99.0,1005.6,100,13.0827,80.275,0.0
2024-10-18 04:00:00+05:30,0.0,0.0,0.0,24.4,2.8,252.0,98.0,99.0,1005.6,100,13.0827,80.275,0.0
2024-10-18 05:00:00+05:30,0.0,0.0,0.0,24.5,5.0,268.0,97.0,99.0,1006.5,100,13.0827,80.275,0.0
2024-10-18 06:00:00+05:30,10.0,24.8,8.0,25.9,4.1,345.0,95.0,99.0,1007.1,100,13.0827,80.275,0.25403738554755234
2024-10-18 07:00:00+05:30,139.0,287.6,72.0,26.8,3.1,329.0,90.0,98.0,1008.0,100,13.0827,80.275,12.874070323669597
2024-10-18 08:00:00+05:30,329.0,401.1,144.0,27.9,1.9,22.0,85.0,100.0,1008.6,100,13.0827,80.275,31.514870249182636
2024-10-18 09:00:00+05:30,522.0,486.7,203.0,28.8,2.9,79.0,82.0,100.0,1009.2,100,13.0827,80.275,47.68851321820597
2024-10-18 10:00:00+05:30,629.0,443.8,273.0,28.7,10.1,94.0,82.0,100.0,1009.2,100,13.0827,80.275,58.54139339432132
2024-10-18 11:00:00+05:30,312.0,79.6,241.0,26.8,12.7,119.0,86.0,100.0,1008.5,100,13.0827,80.275,27.853807300371244
2024-10-18 12:00:00+05:30,292.0,27.2,267.0,27.2,14.1,124.0,83.0,100.0,1007.6,100,13.0827,80.275,25.384190300121762
2024-10-18 13:00:00+05:30,476.0,111.5,378.0,28.1,7.9,123.0,81.0,100.0,1006.5,100,13.0827,80.275,42.11543009887066
2024-10-18 14:00:00+05:30,434.0,149.3,318.0,28.4,9.7,118.0,80.0,100.0,1005.7,100,13.0827,80.275,38.08879895455294
2024-10-18 15:00:00+05:30,432.0,293.6,250.0,28.5,8.3,124.0,79.0,100.0,1005.4,100,13.0827,80.275,40.418511087624644
2024-10-18 16:00:00+05:30,261.0,244.1,159.0,28.2,9.9,111.0,79.0,100.0,1005.8,100,13.0827,80.275,24.917470979447984
2024-10-18 17:00:00+05:30,86.0,113.8,65.0,27.8,7.0,119.0,81.0,100.0,1006.2,100,13.0827,80.275,7.743250651675074
2024-10-18 18:00:00+05:30,3.0,0.0,3.0,27.1,4.9,98.0,84.0,99.0,1006.7,100,13.0827,80.275,0.0
2024-10-18 19:00:00+05:30,0.0,0.0,0.0,27.0,5.3,108.0,86.0,100.0,1007.6,100,13.0827,80.275,0.0
2024-10-18 20:00:00+05:30,0.0,0.0,0.0,26.5,4.9,123.0,90.0,100.0,1008.5,100,13.0827,80.275,0.0
2024-10-18 21:00:00+05:30,0.0,0.0,0.0,26.9,4.2,149.0,88.0,100.0,1009.0,100,13.0827,80.275,0.0
2024-10-18 22:00:00+05:30,0.0,0.0,0.0,27.0,3.7,157.0,86.0,97.0,1008.7,100,13.0827,80.275,0.0
2024-10-18 23:00:00+05:30,0.0,0.0,0.0,27.0,1.7,238.0,85.0,100.0,1008.7,100,13.0827,80.275,0.0
2024-10-19 00:00:00+05:30,0.0,0.0,0.0,25.5,3.2,344.0,94.0,100.0,1008.0,100,13.0827,80.275,0.0
2024-10-19 01:00:00+05:30,0.0,0.0,0.0,25.6,5.2,358.0,95.0,100.0,1007.3,100,13.0827,80.275,0.0
2024-10-19 02:00:00+05:30,0.0,0.0,0.0,24.1,8.4,315.0,99.0,100.0,1007.8,100,13.0827,80.275,0.0
2024-10-19 03:00:00+05:30,0.0,0.0,0.0,24.6,7.9,30.0,95.0,100.0,1007.3,100,13.0827,80.275,0.0
2024-10-19 04:00:00+05:30,0.0,0.0,0.0,24.5,4.1,326.0,97.0,100.0,1007.8,100,13.0827,80.275,0.0
2024-10-19 05:00:00+05:30,0.0,0.0,0.0,24.6,2.2,346.0,96.0,100.0,1008.4,100,13.0827,80.275,0.0
2024-10-19 06:00:00+05:30,4.0,0.0,4.0,25.1,6.7,336.0,96.0,99.0,1009.0,100,13.0827,80.275,0.0
2024-10-19 07:00:00+05:30,76.0,47.4,65.0,25.9,8.0,14.0,92.0,99.0,1009.9,100,13.0827,80.275,6.4795232285637825
2024-10-19 08:00:00+05:30,203.0,115.3,150.0,26.7,5.6,7.0,87.0,99.0,1010.5,100,13.0827,80.275,18.22580894056447
2024-10-19 09:00:00+05:30,405.0,218.7,262.0,27.8,7.5,48.0,82.0,100.0,1010.7,100,13.0827,80.275,36.60486251670299
2024-10-19 10:00:00+05:30,639.0,519.8,223.0,28.8,6.0,51.0,79.0,96.0,1010.6,100,13.0827,80.275,57.729903592030745
2024-10-19 11:00:00+05:30,525.0,339.5,223.0,28.7,9.9,53.0,79.0,100.0,1009.7,100,13.0827,80.275,48.44644609305535
2024-10-19 12:00:00+05:30,600.0,376.9,255.0,29.0,10.8,64.0,78.0,94.0,1008.4,100,13.0827,80.275,55.465895623110434
2024-10-19 13:00:00+05:30,689.0,549.0,208.0,29.3,10.2,66.0,75.0,98.0,1007.5,100,13.0827,80.275,63.89947846991623
2024-10-19 14:00:00+05:30,504.0,308.6,265.0,29.1,9.6,77.0,76.0,53.0,1006.8,100,13.0827,80.275,46.75061488165126
2024-10-19 15:00:00+05:30,458.0,469.8,168.0,28.8,10.4,75.0,76.0,21.0,1006.4,100,13.0827,80.275,44.160431789368054
2024-10-19 16:00:00+05:30,298.0,479.2,99.0,28.6,8.7,68.0,76.0,11.0,1006.5,100,13.0827,80.275,29.71615760289682
2024-10-19 17:00:00+05:30,110.0,307.3,54.0,27.9,7.9,73.0,80.0,25.0,1006.4,100,13.0827,80.275,10.981794808142817
2024-10-19 18:00:00+05:30,3.0,0.0,3.0,27.7,6.3,93.0,81.0,76.0,1006.9,100,13.0827,80.275,0.0
2024-10-19 19:00:00+05:30,0.0,0.0,0.0,27.1,4.4,60.0,84.0,61.0,1008.2,100,13.0827,80.275,0.0
2024-10-19 20:00:00+05:30,0.0,0.0,0.0,26.4,5.9,40.0,90.0,99.0,1008.7,100,13.0827,80.275,0.0
2024-10-19 21:00:00+05:30,0.0,0.0,0.0,26.0,3.9,326.0,91.0,98.0,1009.7,100,13.0827,80.275,0.0
2024-10-19 22:00:00+05:30,0.0,0.0,0.0,26.0,5.5,324.0,93.0,97.0,1009.8,100,13.0827,80.275,0.0
2024-10-19 23:00:00+05:30,0.0,0.0,0.0,25.6,6.4,320.0,95.0,74.0,1009.6,100,13.0827,80.275,0.0
2024-10-20 00:00:00+05:30,0.0,0.0,0.0,25.2,6.1,315.0,96.0,59.0,1009.0,100,13.0827,80.275,0.0
2024-10-20 01:00:00+05:30,0.0,0.0,0.0,24.7,6.9,313.0,98.0,82.0,1008.7,100,13.0827,80.275,0.0
2024-10-20 02:00:00+05:30,0.0,0.0,0.0,24.8,6.9,317.0,96.0,100.0,1008.0,100,13.0827,80.275,0.0
2024-10-20 03:00:00+05:30,0.0,0.0,0.0,24.8,7.8,318.0,96.0,90.0,1007.8,100,13.0827,80.275,0.0
2024-10-20 04:00:00+05:30,0.0,0.0,0.0,24.8,8.4,323.0,96.0,100.0,1008.4,100,13.0827,80.275,0.0
2024-10-20 05:00:00+05:30,0.0,0.0,0.0,24.5,8.2,324.0,97.0,100.0,1009.3,100,13.0827,80.275,0.0
2024-10-20 06:00:00+05:30,4.0,0.0,4.0,25.3,5.8,340.0,96.0,100.0,1010.3,100,13.0827,80.275,0.0
2024-10-20 07:00:00+05:30,47.0,13.0,44.0,25.6,8.8,337.0,93.0,99.0,1010.8,100,13.0827,80.275,3.7381807806112484
2024-10-20 08:00:00+05:30,284.0,239.9,174.0,26.9,8.4,344.0,86.0,100.0,1011.2,100,13.0827,80.275,27.105768018749608
2024-10-20 09:00:00+05:30,460.0,331.3,244.0,27.9,7.4,356.0,81.0,53.0,1011.5,100,13.0827,80.275,42.90626577590672
2024-10-20 10:00:00+05:30,655.0,595.0,180.0,29.1,5.8,36.0,77.0,66.0,1011.4,100,13.0827,80.275,60.64625219556545
2024-10-20 11:00:00+05:30,746.0,601.8,212.0,29.7,5.4,64.0,76.0,55.0,1010.5,100,13.0827,80.275,66.1689971561728
2024-10-20 12:00:00+05:30,755.0,518.1,282.0,29.9,9.2,84.0,75.0,96.0,1009.3,100,13.0827,80.275,69.48905829068472
2024-10-20 13:00:00+05:30,672.0,470.5,261.0,29.2,8.9,65.0,76.0,33.0,1008.2,100,13.0827,80.275,62.467239817932324
2024-10-20 14:00:00+05:30,658.0,619.3,180.0,29.4,10.7,74.0,75.0,13.0,1006.8,100,13.0827,80.275,61.86315285001933
2024-10-20 15:00:00+05:30,528.0,658.8,123.0,28.9,13.5,86.0,78.0,41.0,1006.3,100,13.0827,80.275,51.96405579017604
2024-10-20 16:00:00+05:30,319.0,535.3,98.0,28.6,10.1,78.0,79.0,18.0,1007.2,100,13.0827,80.275,32.2641629803668
2024-10-20 17:00:00+05:30,94.0,238.9,51.0,28.1,7.6,78.0,80.0,11.0,1008.0,100,13.0827,80.275,9.093265655396094
2024-10-20 18:00:00+05:30,2.0,0.0,2.0,27.6,4.8,59.0,83.0,1.0,1008.1,100,13.0827,80.275,0.0
2024-10-20 19:00:00+05:30,0.0,0.0,0.0,27.4,5.3,57.0,84.0,0.0,1009.1,100,13.0827,80.275,0.0
2024-10-20 20:00:00+05:30,0.0,0.0,0.0,27.3,5.9,78.0,85.0,5.0,1009.9,100,13.0827,80.275,0.0
2024-10-20 21:00:00+05:30,0.0,0.0,0.0,26.7,7.1,75.0,89.0,70.0,1010.8,100,13.0827,80.275,0.0
2024-10-20 22:00:00+05:30,0.0,0.0,0.0,26.6,6.4,82.0,88.0,94.0,1010.5,100,13.0827,80.275,0.0
2024-10-20 23:00:00+05:30,0.0,0.0,0.0,26.9,5.5,77.0,85.0,71.0,1009.9,100,13.0827,80.275,0.0
2024-10-21 00:00:00+05:30,0.0,0.0,0.0,26.4,6.2,68.0,88.0,94.0,1009.6,100,13.0827,80.275,0.0
2024-10-21 01:00:00+05:30,0.0,0.0,0.0,26.2,7.2,77.0,90.0,90.0,1009.1,100,13.0827,80.275,0.0
2024-10-21 02:00:00+05:30,0.0,0.0,0.0,26.0,7.2,78.0,90.0,59.0,1008.4,100,13.0827,80.275,0.0
2024-10-21 03:00:00+05:30,0.0,0.0,0.0,27.4,4.6,132.0,81.0,70.0,1008.5,100,13.0827,80.275,0.0
2024-10-21 04:00:00+05:30,0.0,0.0,0.0,25.4,4.7,189.0,92.0,89.0,1008.8,100,13.0827,80.275,0.0
2024-10-21 05:00:00+05:30,0.0,0.0,0.0,25.4,3.9,217.0,94.0,55.0,1009.4,100,13.0827,80.275,0.0
2024-10-21 06:00:00+05:30,8.0,12.6,7.0,26.0,2.2,294.0,95.0,95.0,1010.1,100,13.0827,80.275,0.1119133417121855
2024-10-21 07:00:00+05:30,125.0,217.6,75.0,27.4,2.2,95.0,87.0,89.0,1011.1,100,13.0827,80.275,11.557202829121211
2024-10-21 08:00:00+05:30,297.0,358.8,133.0,28.0,7.0,148.0,83.0,84.0,1011.6,100,13.0827,80.275,28.091921716729303
2024-10-21 09:00:00+05:30,503.0,495.2,181.0,28.7,5.4,146.0,80.0,92.0,1011.7,100,13.0827,80.275,48.18915733362578
2024-10-21 10:00:00+05:30,545.0,375.5,246.0,29.1,5.7,125.0,78.0,86.0,1011.2,100,13.0827,80.275,50.036386600904784
2024-10-21 11:00:00+05:30,828.0,758.2,157.0,29.8,8.6,113.0,75.0,58.0,1010.3,100,13.0827,80.275,79.39056403827747
2024-10-21 12:00:00+05:30,843.0,760.0,151.0,30.1,9.0,116.0,75.0,41.0,1009.5,100,13.0827,80.275,78.39784899919003
2024-10-21 13:00:00+05:30,771.0,618.8,232.0,30.0,9.9,119.0,75.0,62.0,1008.2,100,13.0827,80.275,72.30934017608243
2024-10-21 14:00:00+05:30,699.0,694.2,165.0,29.8,10.9,123.0,75.0,87.0,1007.4,100,13.0827,80.275,65.82798877768249
2024-10-21 15:00:00+05:30,480.0,560.3,137.0,29.3,9.7,135.0,76.0,89.0,1007.1,100,13.0827,80.275,45.21449477838297
2024-10-21 16:00:00+05:30,317.0,543.4,94.0,29.1,7.8,127.0,75.0,77.0,1007.1,100,13.0827,80.275,30.899740530349916
2024-10-21 17:00:00+05:30,99.0,298.2,46.0,28.3,5.1,126.0,81.0,66.0,1007.7,100,13.0827,80.275,9.588118965300275
2024-10-21 18:00:00+05:30,2.0,0.0,2.0,28.1,5.7,125.0,79.0,8.0,1008.0,100,13.0827,80.275,0.0
2024-10-21 19:00:00+05:30,0.0,0.0,0.0,27.4,5.1,117.0,83.0,3.0,1009.0,100,13.0827,80.275,0.0
2024-10-21 20:00:00+05:30,0.0,0.0,0.0,27.2,6.5,104.0,86.0,69.0,1009.9,100,13.0827,80.275,0.0
2024-10-21 21:00:00+05:30,0.0,0.0,0.0,27.3,4.4,21.0,85.0,68.0,1010.7,100,13.0827,80.275,0.0
2024-10-21 22:00:00+05:30,0.0,0.0,0.0,26.4,5.9,12.0,90.0,96.0,1010.4,100,13.0827,80.275,0.0
2024-10-21 23:00:00+05:30,0.0,0.0,0.0,26.5,8.0,335.0,89.0,100.0,1010.5,100,13.0827,80.275,0.0
2024-10-22 00:00:00+05:30,0.0,0.0,0.0,25.8,10.7,319.0,91.0,100.0,1010.1,100,13.0827,80.275,0.0
2024-10-22 01:00:00+05:30,0.0,0.0,0.0,25.6,8.0,337.0,92.0,100.0,1009.0,100,13.0827,80.275,0.0
2024-10-22 02:00:00+05:30,0.0,0.0,0.0,25.2,5.9,333.0,94.0,28.0,1008.4,100,13.0827,80.275,0.0
2024-10-22 03:00:00+05:30,0.0,0.0,0.0,24.8,7.2,305.0,95.0,86.0,1008.5,100,13.0827,80.275,0.0
2024-10-22 04:00:00+05:30,0.0,0.0,0.0,24.4,8.3,294.0,96.0,94.0,1008.7,100,13.0827,80.275,0.0
2024-10-22 05:00:00+05:30,0.0,0.0,0.0,24.3,6.0,287.0,96.0,32.0,1009.2,100,13.0827,80.275,0.0
2024-10-22 06:00:00+05:30,8.0,25.4,6.0,25.3,4.8,318.0,93.0,100.0,1010.6,100,13.0827,80.275,0.07194777020173118
2024-10-22 07:00:00+05:30,128.0,279.8,64.0,26.4,6.5,330.0,89.0,98.0,1010.7,100,13.0827,80.275,12.55718140635315
2024-10-22 08:00:00+05:30,325.0,438.9,125.0,27.7,6.9,346.0,84.0,93.0,1010.8,100,13.0827,80.275,31.658842313287305
2024-10-22 09:00:00+05:30,576.0,690.8,128.0,29.2,8.2,19.0,77.0,97.0,1011.1,100,13.0827,80.275,56.050200660464455
2024-10-22 10:00:00+05:30,712.0,715.2,144.0,29.9,8.7,45.0,76.0,94.0,1010.9,100,13.0827,80.275,66.61113277723527
2024-10-22 11:00:00+05:30,754.0,632.2,196.0,30.2,8.9,52.0,75.0,68.0,1009.9,100,13.0827,80.275,70.31457801819109
2024-10-22 12:00:00+05:30,722.0,437.2,325.0,30.3,10.5,55.0,74.0,72.0,1009.3,100,13.0827,80.275,66.18738147477632
2024-10-22 13:00:00+05:30,721.0,530.9,260.0,29.4,10.4,67.0,77.0,43.0,1008.7,100,13.0827,80.275,67.13885756767583
2024-10-22 14:00:00+05:30,639.0,551.8,216.0,29.8,9.8,64.0,75.0,40.0,1007.4,100,13.0827,80.275,59.95037394828801
2024-10-22 15:00:00+05:30,504.0,587.3,146.0,29.3,12.6,66.0,77.0,56.0,1007.0,100,13.0827,80.275,49.83110430490745
2024-10-22 16:00:00+05:30,318.0,551.5,93.0,29.0,12.2,68.0,77.0,4.0,1007.3,100,13.0827,80.275,32.24464155508027
2024-10-22 17:00:00+05:30,108.0,347.5,47.0,28.4,8.6,80.0,80.0,94.0,1007.9,100,13.0827,80.275,10.861559936326982
2024-10-22 18:00:00+05:30,2.0,0.0,2.0,27.8,6.7,52.0,82.0,81.0,1008.9,100,13.0827,80.275,0.0
2024-10-22 19:00:00+05:30,0.0,0.0,0.0,27.1,4.7,43.0,87.0,56.0,1009.7,100,13.0827,80.275,0.0
2024-10-22 20:00:00+05:30,0.0,0.0,0.0,26.8,5.0,360.0,89.0,3.0,1010.4,100,13.0827,80.275,0.0
2024-10-22 21:00:00+05:30,0.0,0.0,0.0,26.1,4.0,297.0,93.0,3.0,1010.6,100,13.0827,80.275,0.0
2024-10-22 22:00:00+05:30,0.0,0.0,0.0,26.0,5.5,297.0,95.0,16.0,1010.6,100,13.0827,80.275,0.0
2024-10-22 23:00:00+05:30,0.0,0.0,0.0,25.8,8.0,293.0,93.0,8.0,1010.2,100,13.0827,80.275,0.0
2024-10-23 00:00:00+05:30,0.0,0.0,0.0,25.4,8.3,288.0,94.0,50.0,1009.5,100,13.0827,80.275,0.0
2024-10-23 01:00:00+05:30,0.0,0.0,0.0,24.8,7.8,277.0,95.0,50.0,1008.8,100,13.0827,80.275,0.0
2024-10-23 02:00:00+05:30,0.0,0.0,0.0,24.6,8.1,276.0,94.0,21.0,1008.1,100,13.0827,80.275,0.0
2024-10-23 03:00:00+05:30,0.0,0.0,0.0,24.4,7.2,288.0,94.0,82.0,1007.9,100,13.0827,80.275,0.0
2024-10-23 04:00:00+05:30,0.0,0.0,0.0,24.3,8.6,280.0,94.0,58.0,1007.7,100,13.0827,80.275,0.0
2024-10-23 05:00:00+05:30,0.0,0.0,0.0,24.1,6.0,277.0,94.0,51.0,1008.0,100,13.0827,80.275,0.0
2024-10-23 06:00:00+05:30,10.0,38.3,7.0,25.1,6.5,312.0,89.0,30.0,1009.1,100,13.0827,80.275,0.22488595084239907
2024-10-23 07:00:00+05:30,155.0,421.9,59.0,26.6,6.1,317.0,87.0,15.0,1009.7,100,13.0827,80.275,16.46989068218295
2024-10-23 08:00:00+05:30,383.0,636.4,94.0,28.3,9.0,344.0,82.0,2.0,1009.7,100,13.0827,80.275,39.17780691332827
2024-10-23 09:00:00+05:30,601.0,760.8,109.0,29.6,9.7,345.0,74.0,2.0,1009.6,100,13.0827,80.275,59.905809673820386
2024-10-23 10:00:00+05:30,770.0,823.2,118.0,30.7,8.9,352.0,68.0,96.0,1009.1,100,13.0827,80.275,71.6973704249781
2024-10-23 11:00:00+05:30,854.0,777.0,170.0,31.3,8.8,26.0,64.0,54.0,1008.6,100,13.0827,80.275,81.43544319150816
2024-10-23 12:00:00+05:30,897.0,837.2,139.0,31.5,10.5,39.0,62.0,60.0,1008.0,100,13.0827,80.275,82.49444118367151
2024-10-23 13:00:00+05:30,836.0,813.2,132.0,31.1,12.0,50.0,65.0,59.0,1007.5,100,13.0827,80.275,78.15338975852976
2024-10-23 14:00:00+05:30,735.0,807.6,118.0,30.4,12.9,54.0,69.0,99.0,1006.5,100,13.0827,80.275,68.91084121697787
2024-10-23 15:00:00+05:30,514.0,606.3,146.0,29.8,12.1,53.0,71.0,100.0,1006.4,100,13.0827,80.275,50.06510617460282
2024-10-23 16:00:00+05:30,288.0,389.6,130.0,29.3,11.6,66.0,72.0,100.0,1006.5,100,13.0827,80.275,28.080138384522773
2024-10-23 17:00:00+05:30,94.0,213.4,57.0,28.4,6.5,67.0,78.0,100.0,1006.9,100,13.0827,80.275,8.915401569803521
2024-10-23 18:00:00+05:30,2.0,0.0,2.0,27.5,4.7,40.0,85.0,100.0,1007.6,100,13.0827,80.275,0.0
2024-10-23 19:00:00+05:30,0.0,0.0,0.0,27.5,4.6,54.0,84.0,100.0,1008.7,100,13.0827,80.275,0.0
2024-10-23 20:00:00+05:30,0.0,0.0,0.0,28.0,2.5,352.0,80.0,100.0,1009.5,100,13.0827,80.275,0.0
2024-10-23 21:00:00+05:30,0.0,0.0,0.0,26.5,2.0,265.0,89.0,100.0,1009.5,100,13.0827,80.275,0.0
2024-10-23 22:00:00+05:30,0.0,0.0,0.0,25.8,3.1,267.0,92.0,100.0,1009.6,100,13.0827,80.275,0.0
2024-10-23 23:00:00+05:30,0.0,0.0,0.0,25.8,3.8,245.0,92.0,100.0,1009.5,100,13.0827,80.275,0.0
2024-10-24 00:00:00+05:30,0.0,0.0,0.0,25.7,5.5,253.0,91.0,100.0,1008.7,100,13.0827,80.275,0.0
2024-10-24 01:00:00+05:30,0.0,0.0,0.0,25.7,6.8,253.0,90.0,100.0,1007.8,100,13.0827,80.275,0.0
2024-10-24 02:00:00+05:30,0.0,0.0,0.0,25.5,8.0,265.0,90.0,100.0,1007.3,100,13.0827,80.275,0.0
2024-10-24 03:00:00+05:30,0.0,0.0,0.0,25.2,10.6,270.0,91.0,100.0,1006.8,100,13.0827,80.275,0.0
2024-10-24 04:00:00+05:30,0.0,0.0,0.0,25.2,9.9,275.0,91.0,100.0,1006.8,100,13.0827,80.275,0.0
2024-10-24 05:00:00+05:30,0.0,0.0,0.0,25.1,9.0,264.0,91.0,100.0,1007.3,100,13.0827,80.275,0.0
2024-10-24 06:00:00+05:30,6.0,0.0,6.0,26.1,11.7,252.0,86.0,100.0,1008.5,100,13.0827,80.275,0.0
2024-10-24 07:00:00+05:30,69.0,22.1,64.0,26.6,10.7,256.0,86.0,100.0,1009.3,100,13.0827,80.275,5.933516556351039
2024-10-24 08:00:00+05:30,135.0,6.6,132.0,27.2,11.4,254.0,84.0,100.0,1009.9,100,13.0827,80.275,11.324212952642263
2024-10-24 09:00:00+05:30,363.0,119.4,286.0,28.7,12.5,252.0,78.0,100.0,1010.3,100,13.0827,80.275,32.31978962036187
2024-10-24 10:00:00+05:30,550.0,274.7,333.0,29.8,11.7,268.0,72.0,100.0,1010.1,100,13.0827,80.275,50.606777843972736
2024-10-24 11:00:00+05:30,580.0,223.3,384.0,30.4,10.7,284.0,66.0,100.0,1009.4,100,13.0827,80.275,51.57852080053443
2024-10-24 12:00:00+05:30,594.0,248.1,370.0,30.8,12.7,302.0,60.0,95.0,1007.9,100,13.0827,80.275,53.10823950779509
2024-10-24 13:00:00+05:30,645.0,418.3,284.0,31.1,9.4,305.0,59.0,100.0,1006.7,100,13.0827,80.275,59.50766986632881
2024-10-24 14:00:00+05:30,462.0,183.9,322.0,31.0,5.7,319.0,58.0,100.0,1005.8,100,13.0827,80.275,41.159871941310364
2024-10-24 15:00:00+05:30,427.0,296.1,248.0,31.2,1.9,34.0,56.0,100.0,1005.5,100,13.0827,80.275,38.267479712195126
2024-10-24 16:00:00+05:30,211.0,91.8,174.0,30.8,2.2,132.0,59.0,98.0,1005.8,100,13.0827,80.275,18.496131619097003
2024-10-24 17:00:00+05:30,95.0,221.4,57.0,28.9,4.5,166.0,71.0,96.0,1006.3,100,13.0827,80.275,9.206309451804726
2024-10-24 18:00:00+05:30,2.0,0.0,2.0,27.2,9.1,171.0,83.0,100.0,1007.1,100,13.0827,80.275,0.0
2024-10-24 19:00:00+05:30,0.0,0.0,0.0,26.7,9.1,198.0,83.0,100.0,1007.8,100,13.0827,80.275,0.0
2024-10-24 20:00:00+05:30,0.0,0.0,0.0,26.2,9.7,205.0,85.0,100.0,1008.6,100,13.0827,80.275,0.0
2024-10-24 21:00:00+05:30,0.0,0.0,0.0,26.0,9.4,204.0,86.0,100.0,1009.0,100,13.0827,80.275,0.0
2024-10-24 22:00:00+05:30,0.0,0.0,0.0,25.6,9.1,221.0,88.0,100.0,1009.0,100,13.0827,80.275,0.0
2024-10-24 23:00:00+05:30,0.0,0.0,0.0,25.3,9.4,223.0,90.0,100.0,1008.8,100,13.0827,80.275,0.0
2024-10-25 00:00:00+05:30,0.0,0.0,0.0,25.0,9.6,240.0,91.0,100.0,1008.3,100,13.0827,80.275,0.0
2024-10-25 01:00:00+05:30,0.0,0.0,0.0,24.6,11.0,249.0,93.0,100.0,1007.6,100,13.0827,80.275,0.0
2024-10-25 02:00:00+05:30,0.0,0.0,0.0,24.4,11.1,254.0,95.0,100.0,1006.9,100,13.0827,80.275,0.0
2024-10-25 03:00:00+05:30,0.0,0.0,0.0,24.3,10.7,250.0,95.0,100.0,1006.6,100,13.0827,80.275,0.0
2024-10-25 04:00:00+05:30,0.0,0.0,0.0,24.1,10.5,246.0,95.0,100.0,1006.8,100,13.0827,80.275,0.0
2024-10-25 05:00:00+05:30,0.0,0.0,0.0,24.0,9.9,241.0,94.0,100.0,1007.3,100,13.0827,80.275,0.0
2024-10-25 06:00:00+05:30,9.0,13.0,8.0,25.1,11.2,252.0,86.0,100.0,1008.0,100,13.0827,80.275,0.21571421815729247
2024-10-25 07:00:00+05:30,134.0,199.9,89.0,26.2,10.4,260.0,83.0,100.0,1008.9,100,13.0827,80.275,12.770942624609525
2024-10-25 08:00:00+05:30,348.0,427.9,155.0,27.9,10.7,264.0,77.0,100.0,1009.4,100,13.0827,80.275,34.03018307197476
2024-10-25 09:00:00+05:30,557.0,578.6,185.0,29.7,10.1,271.0,68.0,100.0,1010.0,100,13.0827,80.275,52.93799065914639
2024-10-25 10:00:00+05:30,736.0,693.2,190.0,31.1,7.9,283.0,58.0,99.0,1009.5,100,13.0827,80.275,67.6721175769255
2024-10-25 11:00:00+05:30,861.0,797.3,163.0,32.2,4.7,298.0,49.0,99.0,1008.8,100,13.0827,80.275,76.95399776198552
2024-10-25 12:00:00+05:30,847.0,707.6,210.0,32.5,3.1,350.0,47.0,100.0,1007.5,100,13.0827,80.275,75.56524449563965
2024-10-25 13:00:00+05:30,805.0,738.0,170.0,32.7,1.5,104.0,45.0,100.0,1006.7,100,13.0827,80.275,70.57085056047586
2024-10-25 14:00:00+05:30,659.0,677.5,145.0,32.2,4.2,130.0,49.0,100.0,1005.6,100,13.0827,80.275,61.9759696728154
2024-10-25 15:00:00+05:30,511.0,616.4,140.0,31.8,5.1,126.0,52.0,99.0,1005.4,100,13.0827,80.275,48.78531274903191
2024-10-25 16:00:00+05:30,321.0,566.3,94.0,30.5,8.1,133.0,65.0,89.0,1005.6,100,13.0827,80.275,33.033245043383346
2024-10-25 17:00:00+05:30,104.0,346.1,45.0,29.0,7.4,139.0,75.0,100.0,1006.5,100,13.0827,80.275,10.571400635881087
2024-10-25 18:00:00+05:30,2.0,0.0,2.0,28.3,10.6,162.0,80.0,100.0,1007.2,100,13.0827,80.275,0.0
2024-10-25 19:00:00+05:30,0.0,0.0,0.0,27.7,11.7,176.0,77.0,84.0,1008.2,100,13.0827,80.275,0.0
2024-10-25 20:00:00+05:30,0.0,0.0,0.0,27.4,11.4,196.0,77.0,87.0,1009.1,100,13.0827,80.275,0.0
2024-10-25 21:00:00+05:30,0.0,0.0,0.0,26.9,10.9,196.0,82.0,98.0,1009.4,100,13.0827,80.275,0.0
2024-10-25 22:00:00+05:30,0.0,0.0,0.0,26.6,12.4,208.0,85.0,97.0,1009.2,100,13.0827,80.275,0.0
2024-10-25 23:00:00+05:30,0.0,0.0,0.0,26.3,12.9,216.0,85.0,98.0,1008.9,100,13.0827,80.275,0.0
2024-10-26 00:00:00+05:30,0.0,0.0,0.0,26.0,12.9,223.0,84.0,92.0,1008.0,100,13.0827,80.275,0.0
2024-10-26 01:00:00+05:30,0.0,0.0,0.0,25.6,12.3,231.0,84.0,83.0,1007.2,100,13.0827,80.275,0.0
2024-10-26 02:00:00+05:30,0.0,0.0,0.0,25.2,10.9,232.0,86.0,92.0,1006.7,100,13.0827,80.275,0.0
2024-10-26 03:00:00+05:30,0.0,0.0,0.0,24.8,10.7,240.0,88.0,92.0,1006.5,100,13.0827,80.275,0.0
2024-10-26 04:00:00+05:30,0.0,0.0,0.0,24.4,11.8,239.0,90.0,89.0,1006.9,100,13.0827,80.275,0.0
2024-10-26 05:00:00+05:30,0.0,0.0,0.0,24.2,13.1,243.0,90.0,48.0,1007.5,100,13.0827,80.275,0.0
2024-10-26 06:00:00+05:30,10.0,39.2,7.0,25.1,12.4,246.0,86.0,99.0,1008.5,100,13.0827,80.275,0.24987742860432427
2024-10-26 07:00:00+05:30,149.0,348.4,71.0,26.5,11.5,247.0,82.0,41.0,1009.1,100,13.0827,80.275,15.542863448402874
2024-10-26 08:00:00+05:30,388.0,660.9,91.0,28.5,11.1,247.0,75.0,0.0,1009.7,100,13.0827,80.275,41.25726784224906
2024-10-26 09:00:00+05:30,607.0,780.1,107.0,30.4,11.5,256.0,64.0,0.0,1009.8,100,13.0827,80.275,61.41566503505266
2024-10-26 10:00:00+05:30,776.0,840.3,116.0,31.9,10.6,270.0,54.0,0.0,1009.0,100,13.0827,80.275,73.6955058843535
2024-10-26 11:00:00+05:30,883.0,874.0,120.0,32.9,9.8,298.0,47.0,21.0,1007.9,100,13.0827,80.275,82.25469127860677
2024-10-26 12:00:00+05:30,874.0,823.3,135.0,33.3,9.4,330.0,43.0,13.0,1006.6,100,13.0827,80.275,80.46199166165248
2024-10-26 13:00:00+05:30,809.0,763.6,154.0,33.5,10.1,360.0,43.0,27.0,1005.4,100,13.0827,80.275,75.94138029291025
2024-10-26 14:00:00+05:30,711.0,772.4,127.0,33.2,9.9,15.0,42.0,62.0,1004.8,100,13.0827,80.275,66.08206104408708
2024-10-26 15:00:00+05:30,518.0,667.3,118.0,32.4,8.6,53.0,47.0,4.0,1004.6,100,13.0827,80.275,51.37848482136425
2024-10-26 16:00:00+05:30,310.0,544.5,93.0,30.3,12.2,82.0,63.0,1.0,1005.2,100,13.0827,80.275,31.878519361468456
2024-10-26 17:00:00+05:30,105.0,360.3,44.0,28.7,6.2,73.0,71.0,4.0,1005.9,100,13.0827,80.275,10.878208634001385
2024-10-26 18:00:00+05:30,1.0,0.0,1.0,28.4,6.7,56.0,69.0,10.0,1006.7,100,13.0827,80.275,0.0
2024-10-26 19:00:00+05:30,0.0,0.0,0.0,27.8,6.1,67.0,74.0,2.0,1007.7,100,13.0827,80.275,0.0
2024-10-26 20:00:00+05:30,0.0,0.0,0.0,26.9,6.5,85.0,79.0,0.0,1008.3,100,13.0827,80.275,0.0
2024-10-26 21:00:00+05:30,0.0,0.0,0.0,26.7,7.0,102.0,81.0,1.0,1008.7,100,13.0827,80.275,0.0
2024-10-26 22:00:00+05:30,0.0,0.0,0.0,26.3,7.1,161.0,83.0,2.0,1008.4,100,13.0827,80.275,0.0
2024-10-26 23:00:00+05:30,0.0,0.0,0.0,26.5,6.8,207.0,82.0,43.0,1007.9,100,13.0827,80.275,0.0
2024-10-27 00:00:00+05:30,0.0,0.0,0.0,26.1,8.5,216.0,84.0,100.0,1007.3,100,13.0827,80.275,0.0
2024-10-27 01:00:00+05:30,0.0,0.0,0.0,26.1,9.8,221.0,83.0,92.0,1006.6,100,13.0827,80.275,0.0
2024-10-27 02:00:00+05:30,0.0,0.0,0.0,25.9,9.5,216.0,85.0,21.0,1005.9,100,13.0827,80.275,0.0
2024-10-27 03:00:00+05:30,0.0,0.0,0.0,25.4,7.9,225.0,88.0,4.0,1005.8,100,13.0827,80.275,0.0
2024-10-27 04:00:00+05:30,0.0,0.0,0.0,24.5,7.8,248.0,91.0,1.0,1006.0,100,13.0827,80.275,0.0
2024-10-27 05:00:00+05:30,0.0,0.0,0.0,24.1,7.9,254.0,93.0,0.0,1006.6,100,13.0827,80.275,0.0
2024-10-27 06:00:00+05:30,10.0,39.5,7.0,25.0,10.2,246.0,88.0,2.0,1007.8,100,13.0827,80.275,0.2568076498157249
2024-10-27 07:00:00+05:30,154.0,431.4,58.0,26.3,9.4,250.0,82.0,3.0,1008.6,100,13.0827,80.275,16.681907449899782
2024-10-27 08:00:00+05:30,381.0,647.7,91.0,28.3,9.9,261.0,74.0,0.0,1008.9,100,13.0827,80.275,40.179653493374595
2024-10-27 09:00:00+05:30,595.0,760.6,109.0,30.3,11.0,272.0,63.0,0.0,1009.0,100,13.0827,80.275,59.91672219066377
2024-10-27 10:00:00+05:30,763.0,822.3,119.0,32.0,11.2,280.0,53.0,0.0,1008.5,100,13.0827,80.275,73.50930579983613
2024-10-27 11:00:00+05:30,871.0,860.4,122.0,32.3,8.4,310.0,52.0,46.0,1007.5,100,13.0827,80.275,82.07789529264392
2024-10-27 12:00:00+05:30,789.0,672.6,187.0,32.3,4.8,299.0,53.0,25.0,1006.4,100,13.0827,80.275,71.31564949979241
2024-10-27 13:00:00+05:30,735.0,640.8,187.0,32.2,2.3,266.0,55.0,39.0,1005.3,100,13.0827,80.275,66.05294314679557
2024-10-27 14:00:00+05:30,652.0,661.0,154.0,32.0,0.6,146.0,55.0,92.0,1004.3,100,13.0827,80.275,59.24628807052096
2024-10-27 15:00:00+05:30,488.0,603.1,128.0,31.7,2.7,132.0,56.0,99.0,1004.3,100,13.0827,80.275,46.08755717878437
2024-10-27 16:00:00+05:30,293.0,504.7,93.0,29.6,1.1,72.0,65.0,65.0,1005.1,100,13.0827,80.275,29.766342288936006
2024-10-27 17:00:00+05:30,90.0,267.5,45.0,27.9,8.7,322.0,74.0,99.0,1005.7,100,13.0827,80.275,9.32082736539642
2024-10-27 18:00:00+05:30,1.0,0.0,1.0,28.0,4.2,160.0,75.0,13.0,1005.7,100,13.0827,80.275,0.0
2024-10-27 19:00:00+05:30,0.0,0.0,0.0,27.8,5.2,149.0,76.0,44.0,1006.6,100,13.0827,80.275,0.0
2024-10-27 20:00:00+05:30,0.0,0.0,0.0,27.5,3.3,261.0,78.0,39.0,1007.4,100,13.0827,80.275,0.0
2024-10-27 21:00:00+05:30,0.0,0.0,0.0,26.6,4.5,284.0,81.0,39.0,1007.4,100,13.0827,80.275,0.0
2024-10-27 22:00:00+05:30,0.0,0.0,0.0,25.7,3.6,276.0,82.0,3.0,1007.0,100,13.0827,80.275,0.0
2024-10-27 23:00:00+05:30,0.0,0.0,0.0,25.0,3.6,267.0,84.0,0.0,1006.7,100,13.0827,80.275,0.0
2024-10-28 00:00:00+05:30,0.0,0.0,0.0,24.8,4.0,240.0,83.0,0.0,1006.0,100,13.0827,80.275,0.0
2024-10-28 01:00:00+05:30,0.0,0.0,0.0,24.7,4.3,246.0,83.0,2.0,1005.5,100,13.0827,80.275,0.0
2024-10-28 02:00:00+05:30,0.0,0.0,0.0,24.7,6.3,252.0,82.0,84.0,1005.2,100,13.0827,80.275,0.0
2024-10-28 03:00:00+05:30,0.0,0.0,0.0,24.5,7.2,248.0,82.0,95.0,1005.4,100,13.0827,80.275,0.0
2024-10-28 04:00:00+05:30,0.0,0.0,0.0,24.4,8.6,241.0,82.0,92.0,1005.6,100,13.0827,80.275,0.0
2024-10-28 05:00:00+05:30,0.0,0.0,0.0,24.3,9.0,239.0,83.0,40.0,1006.4,100,13.0827,80.275,0.0
2024-10-28 06:00:00+05:30,9.0,39.8,6.0,25.5,9.1,234.0,85.0,4.0,1006.8,100,13.0827,80.275,0.15932956897744155
2024-10-28 07:00:00+05:30,154.0,438.5,57.0,27.1,8.0,242.0,84.0,0.0,1007.9,100,13.0827,80.275,16.599997486590333
2024-10-28 08:00:00+05:30,381.0,650.1,91.0,29.0,8.3,222.0,79.0,0.0,1008.5,100,13.0827,80.275,39.521174376716395
2024-10-28 09:00:00+05:30,589.0,753.6,109.0,30.7,9.8,204.0,68.0,2.0,1008.6,100,13.0827,80.275,59.3432904095279
2024-10-28 10:00:00+05:30,750.0,802.9,123.0,31.7,8.5,197.0,60.0,4.0,1008.2,100,13.0827,80.275,74.24748123080018
2024-10-28 11:00:00+05:30,833.0,800.7,138.0,32.0,6.3,187.0,58.0,30.0,1006.9,100,13.0827,80.275,76.67403196925454
2024-10-28 12:00:00+05:30,821.0,736.2,164.0,32.1,6.3,183.0,60.0,18.0,1005.8,100,13.0827,80.275,75.41254195130809
2024-10-28 13:00:00+05:30,765.0,708.5,161.0,32.2,5.7,162.0,59.0,29.0,1004.7,100,13.0827,80.275,70.68123943822337
2024-10-28 14:00:00+05:30,665.0,693.9,144.0,32.0,7.4,139.0,61.0,48.0,1004.1,100,13.0827,80.275,62.431676270604456
2024-10-28 15:00:00+05:30,475.0,541.6,153.0,30.2,11.8,164.0,65.0,66.0,1004.2,100,13.0827,80.275,47.602365935288944
2024-10-28 16:00:00+05:30,224.0,256.3,123.0,29.2,9.5,216.0,69.0,72.0,1004.8,100,13.0827,80.275,21.96102567073933
2024-10-28 17:00:00+05:30,88.0,257.3,45.0,28.0,6.4,232.0,75.0,14.0,1005.1,100,13.0827,80.275,8.925967917341957
2024-10-28 18:00:00+05:30,1.0,0.0,1.0,26.8,11.3,173.0,82.0,1.0,1006.0,100,13.0827,80.275,0.0
2024-10-28 19:00:00+05:30,0.0,0.0,0.0,26.7,9.9,179.0,85.0,0.0,1006.6,100,13.0827,80.275,0.0
2024-10-28 20:00:00+05:30,0.0,0.0,0.0,26.6,9.5,190.0,86.0,1.0,1007.5,100,13.0827,80.275,0.0
2024-10-28 21:00:00+05:30,0.0,0.0,0.0,26.5,8.4,196.0,86.0,1.0,1007.9,100,13.0827,80.275,0.0
2024-10-28 22:00:00+05:30,0.0,0.0,0.0,26.3,7.7,213.0,86.0,2.0,1008.0,100,13.0827,80.275,0.0
2024-10-28 23:00:00+05:30,0.0,0.0,0.0,26.0,6.7,218.0,86.0,1.0,1007.6,100,13.0827,80.275,0.0
2024-10-29 00:00:00+05:30,0.0,0.0,0.0,25.6,5.3,225.0,88.0,7.0,1006.9,100,13.0827,80.275,0.0
2024-10-29 01:00:00+05:30,0.0,0.0,0.0,25.4,4.7,254.0,91.0,8.0,1006.3,100,13.0827,80.275,0.0
2024-10-29 02:00:00+05:30,0.0,0.0,0.0,25.4,5.2,268.0,92.0,18.0,1006.0,100,13.0827,80.275,0.0
2024-10-29 03:00:00+05:30,0.0,0.0,0.0,25.3,5.4,274.0,93.0,27.0,1006.0,100,13.0827,80.275,0.0
2024-10-29 04:00:00+05:30,0.0,0.0,0.0,25.1,5.2,274.0,93.0,11.0,1006.2,100,13.0827,80.275,0.0
2024-10-29 05:00:00+05:30,0.0,0.0,0.0,24.6,5.3,305.0,96.0,15.0,1007.1,100,13.0827,80.275,0.0
2024-10-29 06:00:00+05:30,9.0,26.8,7.0,26.0,6.0,221.0,90.0,12.0,1007.9,100,13.0827,80.275,0.2000210929351158
2024-10-29 07:00:00+05:30,147.0,395.8,60.0,27.4,5.2,209.0,85.0,20.0,1008.9,100,13.0827,80.275,15.610771186995596
2024-10-29 08:00:00+05:30,369.0,612.1,97.0,29.0,6.6,202.0,78.0,15.0,1009.5,100,13.0827,80.275,38.798562208928104
2024-10-29 09:00:00+05:30,580.0,732.4,115.0,30.3,7.0,183.0,72.0,7.0,1009.6,100,13.0827,80.275,59.31991350126278
2024-10-29 10:00:00+05:30,746.0,802.7,121.0,31.3,8.2,172.0,67.0,14.0,1009.1,100,13.0827,80.275,72.61998495090391
2024-10-29 11:00:00+05:30,831.0,800.7,138.0,31.9,8.1,159.0,65.0,15.0,1008.2,100,13.0827,80.275,78.7682516157917
2024-10-29 12:00:00+05:30,840.0,779.9,146.0,32.1,9.0,151.0,67.0,10.0,1006.8,100,13.0827,80.275,80.7695851672307
2024-10-29 13:00:00+05:30,807.0,783.7,141.0,32.1,10.9,144.0,68.0,17.0,1006.1,100,13.0827,80.275,77.82083363899332
2024-10-29 14:00:00+05:30,677.0,723.0,136.0,31.3,12.7,144.0,67.0,53.0,1005.5,100,13.0827,80.275,65.20882769880075
2024-10-29 15:00:00+05:30,456.0,542.1,135.0,30.5,12.2,151.0,74.0,57.0,1005.3,100,13.0827,80.275,45.738479054865046
2024-10-29 16:00:00+05:30,272.0,433.8,102.0,30.3,10.7,144.0,73.0,54.0,1005.6,100,13.0827,80.275,28.243669194799118
2024-10-29 17:00:00+05:30,82.0,222.8,45.0,29.4,7.2,166.0,78.0,37.0,1006.3,100,13.0827,80.275,8.419343291316569
2024-10-29 18:00:00+05:30,1.0,0.0,1.0,28.5,8.5,156.0,80.0,28.0,1007.1,100,13.0827,80.275,0.0
2024-10-29 19:00:00+05:30,0.0,0.0,0.0,28.2,8.3,167.0,81.0,21.0,1007.9,100,13.0827,80.275,0.0
2024-10-29 20:00:00+05:30,0.0,0.0,0.0,28.1,8.8,163.0,82.0,9.0,1008.6,100,13.0827,80.275,0.0
2024-10-29 21:00:00+05:30,0.0,0.0,0.0,27.8,6.6,169.0,83.0,3.0,1008.7,100,13.0827,80.275,0.0
2024-10-29 22:00:00+05:30,0.0,0.0,0.0,27.4,6.1,180.0,86.0,1.0,1008.5,100,13.0827,80.275,0.0
2024-10-29 23:00:00+05:30,0.0,0.0,0.0,27.1,5.8,194.0,88.0,3.0,1008.2,100,13.0827,80.275,0.0
2024-10-30 00:00:00+05:30,0.0,0.0,0.0,26.7,5.4,201.0,90.0,0.0,1007.7,100,13.0827,80.275,0.0
2024-10-30 01:00:00+05:30,0.0,0.0,0.0,26.5,5.3,218.0,91.0,2.0,1007.3,100,13.0827,80.275,0.0
2024-10-30 02:00:00+05:30,0.0,0.0,0.0,26.2,5.9,259.0,91.0,0.0,1006.9,100,13.0827,80.275,0.0
2024-10-30 03:00:00+05:30,0.0,0.0,0.0,25.9,5.6,272.0,90.0,4.0,1007.0,100,13.0827,80.275,0.0
2024-10-30 04:00:00+05:30,0.0,0.0,0.0,25.6,6.1,275.0,92.0,6.0,1007.2,100,13.0827,80.275,0.0
2024-10-30 05:00:00+05:30,0.0,0.0,0.0,25.5,5.8,290.0,91.0,78.0,1007.8,100,13.0827,80.275,0.0
2024-10-30 06:00:00+05:30,8.0,27.0,6.0,25.6,13.1,226.0,87.0,56.0,1008.6,100,13.0827,80.275,0.10920327096411209
2024-10-30 07:00:00+05:30,127.0,302.2,61.0,26.2,13.0,245.0,86.0,2.0,1009.3,100,13.0827,80.275,13.835877537714412
2024-10-30 08:00:00+05:30,353.0,571.6,100.0,27.8,9.8,250.0,81.0,11.0,1009.7,100,13.0827,80.275,38.206574384778826
2024-10-30 09:00:00+05:30,566.0,706.3,119.0,29.5,7.1,225.0,75.0,13.0,1010.0,100,13.0827,80.275,56.61315048801771
2024-10-30 10:00:00+05:30,727.0,763.9,134.0,30.9,5.2,194.0,70.0,10.0,1009.8,100,13.0827,80.275,67.9679250200452
2024-10-30 11:00:00+05:30,816.0,785.6,138.0,31.5,6.7,149.0,69.0,20.0,1009.1,100,13.0827,80.275,77.23792930925937
2024-10-30 12:00:00+05:30,813.0,737.2,159.0,31.4,10.4,135.0,69.0,32.0,1008.2,100,13.0827,80.275,79.4034923233789
2024-10-30 13:00:00+05:30,737.0,590.2,237.0,29.5,8.5,119.0,77.0,69.0,1007.5,100,13.0827,80.275,70.42524125044842
2024-10-30 14:00:00+05:30,537.0,455.9,197.0,30.1,11.5,151.0,75.0,40.0,1006.8,100,13.0827,80.275,52.88203401619365
2024-10-30 15:00:00+05:30,387.0,351.0,180.0,29.7,12.0,152.0,74.0,21.0,1006.8,100,13.0827,80.275,38.660984540265254
2024-10-30 16:00:00+05:30,275.0,433.5,106.0,29.1,12.1,145.0,77.0,16.0,1007.1,100,13.0827,80.275,28.35636335590438
2024-10-30 17:00:00+05:30,87.0,260.6,44.0,28.4,8.2,158.0,80.0,10.0,1007.6,100,13.0827,80.275,9.280330183540114
2024-10-30 18:00:00+05:30,1.0,0.0,1.0,27.8,6.2,159.0,84.0,15.0,1008.3,100,13.0827,80.275,0.0
2024-10-30 19:00:00+05:30,0.0,0.0,0.0,27.3,4.4,171.0,87.0,19.0,1009.1,100,13.0827,80.275,0.0
2024-10-30 20:00:00+05:30,0.0,0.0,0.0,26.9,4.1,203.0,90.0,17.0,1010.1,100,13.0827,80.275,0.0
2024-10-30 21:00:00+05:30,0.0,0.0,0.0,26.9,5.0,195.0,90.0,12.0,1010.5,100,13.0827,80.275,0.0
2024-10-30 22:00:00+05:30,0.0,0.0,0.0,26.2,5.4,206.0,94.0,17.0,1010.6,100,13.0827,80.275,0.0
2024-10-30 23:00:00+05:30,0.0,0.0,0.0,26.3,4.0,240.0,93.0,26.0,1010.5,100,13.0827,80.275,0.0
2024-10-31 00:00:00+05:30,0.0,0.0,0.0,25.9,2.9,270.0,96.0,15.0,1009.8,100,13.0827,80.275,0.0
2024-10-31 01:00:00+05:30,0.0,0.0,0.0,25.7,3.1,270.0,97.0,17.0,1009.0,100,13.0827,80.275,0.0
2024-10-31 02:00:00+05:30,0.0,0.0,0.0,25.5,3.8,281.0,97.0,22.0,1008.4,100,13.0827,80.275,0.0
2024-10-31 03:00:00+05:30,0.0,0.0,0.0,25.3,5.2,270.0,96.0,20.0,1008.2,100,13.0827,80.275,0.0
2024-10-31 04:00:00+05:30,0.0,0.0,0.0,25.2,6.1,268.0,96.0,15.0,1008.4,100,13.0827,80.275,0.0
2024-10-31 05:00:00+05:30,0.0,0.0,0.0,25.1,6.1,272.0,96.0,16.0,1008.9,100,13.0827,80.275,0.0
2024-10-31 06:00:00+05:30,7.0,13.6,6.0,25.6,5.6,263.0,96.0,100.0,1009.6,100,13.0827,80.275,0.04647353879349821
2024-10-31 07:00:00+05:30,116.0,216.6,69.0,26.4,4.6,301.0,94.0,39.0,1010.7,100,13.0827,80.275,11.93485192076381
2024-10-31 08:00:00+05:30,329.0,494.6,111.0,28.1,1.7,18.0,85.0,18.0,1011.4,100,13.0827,80.275,34.259841518136035
2024-10-31 09:00:00+05:30,496.0,554.9,146.0,29.2,4.9,62.0,78.0,19.0,1011.4,100,13.0827,80.275,49.072315653150696
2024-10-31 10:00:00+05:30,659.0,628.0,173.0,29.7,7.2,72.0,75.0,24.0,1011.3,100,13.0827,80.275,63.071759567433986
2024-10-31 11:00:00+05:30,773.0,710.1,162.0,30.1,9.2,90.0,72.0,27.0,1010.6,100,13.0827,80.275,74.99124788387601
2024-10-31 12:00:00+05:30,756.0,602.5,223.0,30.1,10.9,82.0,72.0,41.0,1009.7,100,13.0827,80.275,70.23167242994425
2024-10-31 13:00:00+05:30,673.0,468.9,277.0,29.5,13.9,87.0,71.0,50.0,1008.8,100,13.0827,80.275,63.470467138510045
2024-10-31 14:00:00+05:30,583.0,524.7,193.0,28.4,13.2,104.0,78.0,41.0,1008.4,100,13.0827,80.275,58.26634084326937
2024-10-31 15:00:00+05:30,446.0,500.5,152.0,28.7,12.0,120.0,78.0,29.0,1008.0,100,13.0827,80.275,44.21676824682424
2024-10-31 16:00:00+05:30,285.0,464.2,105.0,28.3,13.0,121.0,77.0,20.0,1008.2,100,13.0827,80.275,30.352162886232577
2024-10-31 17:00:00+05:30,90.0,292.6,42.0,27.8,9.7,119.0,79.0,21.0,1008.8,100,13.0827,80.275,9.765816290087749
2024-10-31 18:00:00+05:30,1.0,0.0,1.0,27.6,9.4,135.0,81.0,55.0,1009.1,100,13.0827,80.275,0.0
2024-10-31 19:00:00+05:30,0.0,0.0,0.0,27.4,7.7,129.0,83.0,84.0,1009.9,100,13.0827,80.275,0.0
2024-10-31 20:00:00+05:30,0.0,0.0,0.0,27.1,5.6,130.0,85.0,98.0,1010.7,100,13.0827,80.275,0.0
2024-10-31 21:00:00+05:30,0.0,0.0,0.0,26.3,6.4,144.0,90.0,92.0,1011.2,100,13.0827,80.275,0.0
2024-10-31 22:00:00+05:30,0.0,0.0,0.0,26.5,4.2,162.0,88.0,87.0,1010.8,100,13.0827,80.275,0.0
2024-10-31 23:00:00+05:30,0.0,0.0,0.0,25.9,6.6,169.0,91.0,86.0,1010.5,100,13.0827,80.275,0.0
2024-11-01 00:00:00+05:30,0.0,0.0,0.0,25.7,4.3,182.0,91.0,97.0,1010.2,100,13.0827,80.275,0.0
2024-11-01 01:00:00+05:30,0.0,0.0,0.0,25.3,4.8,169.0,94.0,64.0,1009.6,100,13.0827,80.275,0.0
2024-11-01 02:00:00+05:30,0.0,0.0,0.0,25.4,3.0,253.0,94.0,48.0,1009.1,100,13.0827,80.275,0.0
2024-11-01 03:00:00+05:30,0.0,0.0,0.0,25.2,2.9,248.0,96.0,63.0,1009.0,100,13.0827,80.275,0.0
2024-11-01 04:00:00+05:30,0.0,0.0,0.0,24.9,3.1,273.0,97.0,51.0,1009.4,100,13.0827,80.275,0.0
2024-11-01 05:00:00+05:30,0.0,0.0,0.0,24.8,4.4,279.0,97.0,87.0,1010.1,100,13.0827,80.275,0.0
2024-11-01 06:00:00+05:30,7.0,27.5,5.0,25.7,5.1,297.0,95.0,92.0,1010.6,100,13.0827,80.275,0.017708547140098858
2024-11-01 07:00:00+05:30,129.0,315.6,61.0,26.9,4.0,309.0,85.0,96.0,1011.8,100,13.0827,80.275,13.584778749374722
2024-11-01 08:00:00+05:30,353.0,565.0,105.0,28.2,2.5,339.0,79.0,85.0,1012.6,100,13.0827,80.275,36.545410753994624
2024-11-01 09:00:00+05:30,459.0,402.5,206.0,27.6,9.6,102.0,80.0,100.0,1013.3,100,13.0827,80.275,44.4511303362624
2024-11-01 10:00:00+05:30,319.0,84.3,254.0,25.8,5.4,70.0,87.0,75.0,1013.1,100,13.0827,80.275,28.837451472797063
2024-11-01 11:00:00+05:30,706.0,552.5,232.0,28.0,6.6,64.0,79.0,40.0,1012.3,100,13.0827,80.275,68.84423118829693
2024-11-01 12:00:00+05:30,881.0,826.6,152.0,29.2,6.3,70.0,75.0,22.0,1011.1,100,13.0827,80.275,84.02700150201733
2024-11-01 13:00:00+05:30,732.0,652.0,183.0,28.7,10.2,66.0,74.0,53.0,1010.2,100,13.0827,80.275,71.57189740539596
2024-11-01 14:00:00+05:30,612.0,611.5,159.0,28.5,7.7,72.0,77.0,12.0,1009.0,100,13.0827,80.275,60.45952121205431
2024-11-01 15:00:00+05:30,423.0,493.9,134.0,28.3,11.5,79.0,76.0,29.0,1008.6,100,13.0827,80.275,43.880623021751674
2024-11-01 16:00:00+05:30,299.0,541.8,90.0,27.9,11.8,84.0,76.0,23.0,1009.3,100,13.0827,80.275,32.36959489778
2024-11-01 17:00:00+05:30,84.0,257.6,42.0,27.5,9.0,80.0,80.0,7.0,1009.7,100,13.0827,80.275,8.844316619471838
2024-11-01 18:00:00+05:30,1.0,0.0,1.0,27.3,7.7,59.0,82.0,17.0,1009.9,100,13.0827,80.275,0.0
2024-11-01 19:00:00+05:30,0.0,0.0,0.0,27.0,5.9,67.0,84.0,63.0,1011.0,100,13.0827,80.275,0.0
2024-11-01 20:00:00+05:30,0.0,0.0,0.0,26.6,4.5,67.0,87.0,9.0,1012.0,100,13.0827,80.275,0.0
2024-11-01 21:00:00+05:30,0.0,0.0,0.0,26.1,6.6,73.0,90.0,10.0,1012.5,100,13.0827,80.275,0.0
2024-11-01 22:00:00+05:30,0.0,0.0,0.0,25.9,6.0,97.0,89.0,39.0,1012.4,100,13.0827,80.275,0.0
2024-11-01 23:00:00+05:30,0.0,0.0,0.0,25.9,3.1,347.0,88.0,45.0,1012.2,100,13.0827,80.275,0.0
2024-11-02 00:00:00+05:30,0.0,0.0,0.0,25.4,4.0,87.0,93.0,29.0,1011.5,100,13.0827,80.275,0.0
2024-11-02 01:00:00+05:30,0.0,0.0,0.0,25.0,4.1,167.0,95.0,25.0,1010.9,100,13.0827,80.275,0.0
2024-11-02 02:00:00+05:30,0.0,0.0,0.0,24.8,4.7,180.0,95.0,26.0,1010.1,100,13.0827,80.275,0.0
2024-11-02 03:00:00+05:30,0.0,0.0,0.0,25.5,1.1,261.0,92.0,27.0,1009.8,100,13.0827,80.275,0.0
2024-11-02 04:00:00+05:30,0.0,0.0,0.0,24.3,3.8,273.0,97.0,26.0,1010.3,100,13.0827,80.275,0.0
2024-11-02 05:00:00+05:30,0.0,0.0,0.0,24.2,3.6,290.0,98.0,37.0,1010.8,100,13.0827,80.275,0.0
2024-11-02 06:00:00+05:30,7.0,27.8,5.0,25.7,6.5,336.0,93.0,56.0,1011.2,100,13.0827,80.275,0.02159749586581434
2024-11-02 07:00:00+05:30,111.0,238.4,60.0,25.6,3.5,345.0,92.0,98.0,1012.8,100,13.0827,80.275,11.233676136386771
2024-11-02 08:00:00+05:30,214.0,144.1,151.0,26.2,3.9,24.0,87.0,42.0,1013.3,100,13.0827,80.275,21.382585885875685
2024-11-02 09:00:00+05:30,503.0,560.3,152.0,27.8,7.3,65.0,80.0,100.0,1013.5,100,13.0827,80.275,49.86833072551653
2024-11-02 10:00:00+05:30,554.0,378.4,263.0,27.4,9.8,59.0,78.0,73.0,1013.3,100,13.0827,80.275,52.23272193352421
2024-11-02 11:00:00+05:30,710.0,536.6,251.0,28.2,7.9,70.0,78.0,22.0,1012.5,100,13.0827,80.275,67.23384020577411
2024-11-02 12:00:00+05:30,817.0,700.5,201.0,29.0,7.5,73.0,76.0,10.0,1011.5,100,13.0827,80.275,78.43909828282474
2024-11-02 13:00:00+05:30,735.0,602.8,229.0,29.2,9.8,77.0,74.0,8.0,1010.3,100,13.0827,80.275,70.36822170522044
2024-11-02 14:00:00+05:30,643.0,636.6,173.0,28.4,9.9,81.0,74.0,39.0,1009.6,100,13.0827,80.275,64.2285944431354
2024-11-02 15:00:00+05:30,477.0,578.1,140.0,28.4,8.5,86.0,76.0,46.0,1009.1,100,13.0827,80.275,48.73666224763733
2024-11-02 16:00:00+05:30,297.0,539.3,90.0,28.2,7.7,91.0,76.0,7.0,1009.6,100,13.0827,80.275,32.85608982547519
2024-11-02 17:00:00+05:30,91.0,302.3,42.0,27.4,6.5,88.0,80.0,5.0,1010.1,100,13.0827,80.275,10.153057449354424
2024-11-02 18:00:00+05:30,1.0,0.0,1.0,27.3,7.1,75.0,83.0,7.0,1009.9,100,13.0827,80.275,0.0
2024-11-02 19:00:00+05:30,0.0,0.0,0.0,27.0,5.3,72.0,84.0,31.0,1010.9,100,13.0827,80.275,0.0
2024-11-02 20:00:00+05:30,0.0,0.0,0.0,26.5,5.1,80.0,87.0,35.0,1011.8,100,13.0827,80.275,0.0
2024-11-02 21:00:00+05:30,0.0,0.0,0.0,26.3,5.6,94.0,85.0,73.0,1012.2,100,13.0827,80.275,0.0
2024-11-02 22:00:00+05:30,0.0,0.0,0.0,26.7,5.2,90.0,82.0,60.0,1012.1,100,13.0827,80.275,0.0
2024-11-02 23:00:00+05:30,0.0,0.0,0.0,26.3,6.7,92.0,86.0,42.0,1012.0,100,13.0827,80.275,0.0
2024-11-03 00:00:00+05:30,0.0,0.0,0.0,25.2,3.8,185.0,92.0,71.0,1011.8,100,13.0827,80.275,0.0
2024-11-03 01:00:00+05:30,0.0,0.0,0.0,24.1,5.8,200.0,94.0,84.0,1011.1,100,13.0827,80.275,0.0
2024-11-03 02:00:00+05:30,0.0,0.0,0.0,24.3,3.6,243.0,93.0,41.0,1010.6,100,13.0827,80.275,0.0
2024-11-03 03:00:00+05:30,0.0,0.0,0.0,24.0,3.3,257.0,96.0,28.0,1010.1,100,13.0827,80.275,0.0
2024-11-03 04:00:00+05:30,0.0,0.0,0.0,23.7,4.0,324.0,97.0,24.0,1010.3,100,13.0827,80.275,0.0
2024-11-03 05:00:00+05:30,0.0,0.0,0.0,23.8,6.7,326.0,98.0,28.0,1010.6,100,13.0827,80.275,0.0
2024-11-03 06:00:00+05:30,8.0,28.1,6.0,24.9,6.5,318.0,95.0,85.0,1011.3,100,13.0827,80.275,0.12601049108736476
2024-11-03 07:00:00+05:30,138.0,357.9,62.0,25.7,6.9,323.0,91.0,94.0,1012.1,100,13.0827,80.275,14.899533578579886
2024-11-03 08:00:00+05:30,343.0,519.3,117.0,27.0,9.0,350.0,84.0,90.0,1012.6,100,13.0827,80.275,35.20551271601881
2024-11-03 09:00:00+05:30,539.0,619.9,152.0,28.4,10.7,33.0,76.0,93.0,1013.1,100,13.0827,80.275,54.05116697718377
2024-11-03 10:00:00+05:30,712.0,734.3,149.0,29.3,12.5,39.0,74.0,99.0,1012.8,100,13.0827,80.275,69.88271341422276
2024-11-03 11:00:00+05:30,769.0,690.6,180.0,29.6,13.6,53.0,72.0,69.0,1011.7,100,13.0827,80.275,74.44895029139134
2024-11-03 12:00:00+05:30,749.0,603.3,220.0,29.3,14.5,58.0,74.0,37.0,1010.6,100,13.0827,80.275,73.17467185799876
2024-11-03 13:00:00+05:30,720.0,587.9,228.0,29.2,16.4,59.0,73.0,55.0,1009.6,100,13.0827,80.275,69.80188452104044
2024-11-03 14:00:00+05:30,585.0,585.6,154.0,28.9,17.3,54.0,74.0,90.0,1008.9,100,13.0827,80.275,59.094237992977575
2024-11-03 15:00:00+05:30,399.0,394.3,170.0,28.2,16.3,56.0,77.0,51.0,1008.6,100,13.0827,80.275,38.884094543834685
2024-11-03 16:00:00+05:30,275.0,463.4,98.0,28.2,14.5,58.0,78.0,16.0,1008.8,100,13.0827,80.275,29.59457275504265
2024-11-03 17:00:00+05:30,89.0,297.7,41.0,27.5,11.1,56.0,80.0,13.0,1009.3,100,13.0827,80.275,10.058482495784153
2024-11-03 18:00:00+05:30,1.0,0.0,1.0,27.2,8.5,52.0,79.0,22.0,1010.1,100,13.0827,80.275,0.0
2024-11-03 19:00:00+05:30,0.0,0.0,0.0,26.4,7.3,52.0,84.0,54.0,1011.2,100,13.0827,80.275,0.0
2024-11-03 20:00:00+05:30,0.0,0.0,0.0,25.9,6.1,88.0,87.0,44.0,1011.9,100,13.0827,80.275,0.0
2024-11-03 21:00:00+05:30,0.0,0.0,0.0,26.0,9.0,44.0,87.0,30.0,1012.4,100,13.0827,80.275,0.0
2024-11-03 22:00:00+05:30,0.0,0.0,0.0,26.1,10.2,53.0,86.0,45.0,1012.3,100,13.0827,80.275,0.0
2024-11-03 23:00:00+05:30,0.0,0.0,0.0,25.5,4.8,63.0,89.0,14.0,1012.0,100,13.0827,80.275,0.0
2024-11-04 00:00:00+05:30,0.0,0.0,0.0,25.0,4.7,2.0,92.0,22.0,1011.5,100,13.0827,80.275,0.0
2024-11-04 01:00:00+05:30,0.0,0.0,0.0,24.5,10.2,32.0,94.0,62.0,1011.0,100,13.0827,80.275,0.0
2024-11-04 02:00:00+05:30,0.0,0.0,0.0,24.4,3.9,22.0,93.0,42.0,1010.2,100,13.0827,80.275,0.0
2024-11-04 03:00:00+05:30,0.0,0.0,0.0,23.6,3.6,323.0,97.0,95.0,1009.7,100,13.0827,80.275,0.0
2024-11-04 04:00:00+05:30,0.0,0.0,0.0,23.5,2.7,293.0,98.0,94.0,1009.6,100,13.0827,80.275,0.0
2024-11-04 05:00:00+05:30,0.0,0.0,0.0,23.7,4.9,294.0,97.0,93.0,1010.0,100,13.0827,80.275,0.0
2024-11-04 06:00:00+05:30,7.0,28.4,5.0,24.8,5.2,290.0,96.0,84.0,1011.1,100,13.0827,80.275,0.0324916386031563
2024-11-04 07:00:00+05:30,132.0,346.4,59.0,26.1,4.3,285.0,89.0,87.0,1011.8,100,13.0827,80.275,14.857009765658542
2024-11-04 08:00:00+05:30,291.0,408.5,114.0,27.1,5.4,323.0,83.0,64.0,1011.9,100,13.0827,80.275,30.163490948500147
2024-11-04 09:00:00+05:30,540.0,651.1,135.0,28.4,6.1,360.0,77.0,96.0,1012.0,100,13.0827,80.275,53.262222694349816
2024-11-04 10:00:00+05:30,725.0,766.7,139.0,29.3,8.0,38.0,73.0,69.0,1011.5,100,13.0827,80.275,70.44286444768244
2024-11-04 11:00:00+05:30,746.0,664.5,181.0,29.6,9.7,50.0,70.0,41.0,1010.6,100,13.0827,80.275,72.40842769928344
2024-11-04 12:00:00+05:30,819.0,753.8,160.0,30.0,11.3,56.0,67.0,24.0,1009.5,100,13.0827,80.275,80.35590852307432
2024-11-04 13:00:00+05:30,806.0,804.1,135.0,30.1,12.7,59.0,66.0,15.0,1008.5,100,13.0827,80.275,78.78192515696833
2024-11-04 14:00:00+05:30,708.0,802.9,119.0,30.0,12.9,58.0,65.0,18.0,1007.7,100,13.0827,80.275,72.99243214667665
2024-11-04 15:00:00+05:30,517.0,706.8,108.0,29.5,14.2,57.0,66.0,14.0,1007.4,100,13.0827,80.275,54.412720619604954
2024-11-04 16:00:00+05:30,318.0,626.0,80.0,28.8,14.1,56.0,68.0,8.0,1007.9,100,13.0827,80.275,35.02027029073892
2024-11-04 17:00:00+05:30,99.0,374.2,39.0,27.9,11.3,56.0,71.0,1.0,1008.7,100,13.0827,80.275,11.247323710157685
2024-11-04 18:00:00+05:30,1.0,0.0,1.0,26.7,8.8,35.0,76.0,10.0,1009.0,100,13.0827,80.275,0.0
2024-11-04 19:00:00+05:30,0.0,0.0,0.0,26.7,8.4,40.0,76.0,16.0,1010.3,100,13.0827,80.275,0.0
2024-11-04 20:00:00+05:30,0.0,0.0,0.0,26.7,7.3,44.0,75.0,15.0,1011.1,100,13.0827,80.275,0.0
2024-11-04 21:00:00+05:30,0.0,0.0,0.0,26.8,7.6,45.0,74.0,23.0,1011.6,100,13.0827,80.275,0.0
2024-11-04 22:00:00+05:30,0.0,0.0,0.0,26.5,6.9,43.0,75.0,16.0,1011.4,100,13.0827,80.275,0.0
2024-11-04 23:00:00+05:30,0.0,0.0,0.0,26.4,7.2,39.0,77.0,5.0,1011.2,100,13.0827,80.275,0.0
2024-11-05 00:00:00+05:30,0.0,0.0,0.0,25.9,6.9,31.0,80.0,38.0,1010.7,100,13.0827,80.275,0.0
2024-11-05 01:00:00+05:30,0.0,0.0,0.0,25.5,6.3,360.0,82.0,13.0,1010.1,100,13.0827,80.275,0.0
2024-11-05 02:00:00+05:30,0.0,0.0,0.0,25.1,7.1,339.0,84.0,13.0,1009.6,100,13.0827,80.275,0.0
2024-11-05 03:00:00+05:30,0.0,0.0,0.0,24.4,4.9,327.0,87.0,13.0,1009.3,100,13.0827,80.275,0.0
2024-11-05 04:00:00+05:30,0.0,0.0,0.0,24.2,6.6,311.0,88.0,15.0,1009.4,100,13.0827,80.275,0.0
2024-11-05 05:00:00+05:30,0.0,0.0,0.0,23.9,8.1,302.0,89.0,32.0,1009.8,100,13.0827,80.275,0.0
2024-11-05 06:00:00+05:30,7.0,28.7,5.0,25.4,7.5,318.0,86.0,19.0,1010.9,100,13.0827,80.275,0.034683105865636686
2024-11-05 07:00:00+05:30,133.0,363.4,57.0,26.5,9.6,307.0,83.0,22.0,1011.7,100,13.0827,80.275,15.502869775033869
2024-11-05 08:00:00+05:30,350.0,600.5,91.0,28.0,9.8,325.0,76.0,20.0,1012.0,100,13.0827,80.275,38.26717893778956
2024-11-05 09:00:00+05:30,554.0,703.4,118.0,29.3,13.3,13.0,66.0,19.0,1012.2,100,13.0827,80.275,57.19542140585593
2024-11-05 10:00:00+05:30,699.0,736.3,138.0,30.1,17.0,21.0,60.0,47.0,1011.9,100,13.0827,80.275,71.76632080773385
2024-11-05 11:00:00+05:30,779.0,718.3,170.0,30.3,18.9,24.0,58.0,100.0,1011.1,100,13.0827,80.275,74.09692156241205
2024-11-05 12:00:00+05:30,784.0,681.4,190.0,30.4,19.1,29.0,58.0,94.0,1009.9,100,13.0827,80.275,76.82163409887586
2024-11-05 13:00:00+05:30,806.0,792.1,147.0,30.5,18.9,33.0,57.0,93.0,1008.9,100,13.0827,80.275,79.78475645861424
2024-11-05 14:00:00+05:30,704.0,799.9,119.0,30.3,18.7,33.0,58.0,12.0,1007.9,100,13.0827,80.275,73.4849197382956
2024-11-05 15:00:00+05:30,522.0,728.3,102.0,29.7,19.0,31.0,61.0,35.0,1007.7,100,13.0827,80.275,55.24977079476465
2024-11-05 16:00:00+05:30,312.0,613.0,80.0,29.0,17.6,26.0,65.0,42.0,1008.0,100,13.0827,80.275,34.18873830184604
2024-11-05 17:00:00+05:30,95.0,351.0,39.0,28.0,13.0,18.0,70.0,7.0,1008.8,100,13.0827,80.275,10.880398089812044
2024-11-05 18:00:00+05:30,1.0,0.0,1.0,27.4,14.2,15.0,69.0,1.0,1009.6,100,13.0827,80.275,0.0
2024-11-05 19:00:00+05:30,0.0,0.0,0.0,26.9,12.1,5.0,72.0,3.0,1010.6,100,13.0827,80.275,0.0
2024-11-05 20:00:00+05:30,0.0,0.0,0.0,26.4,10.5,5.0,75.0,5.0,1011.4,100,13.0827,80.275,0.0
2024-11-05 21:00:00+05:30,0.0,0.0,0.0,26.2,10.1,6.0,77.0,1.0,1011.4,100,13.0827,80.275,0.0
2024-11-05 22:00:00+05:30,0.0,0.0,0.0,26.0,9.6,3.0,78.0,32.0,1011.4,100,13.0827,80.275,0.0
2024-11-05 23:00:00+05:30,0.0,0.0,0.0,25.4,7.9,330.0,81.0,29.0,1011.0,100,13.0827,80.275,0.0
2024-11-06 00:00:00+05:30,0.0,0.0,0.0,24.7,8.2,319.0,84.0,12.0,1010.5,100,13.0827,80.275,0.0
2024-11-06 01:00:00+05:30,0.0,0.0,0.0,24.6,9.1,330.0,84.0,42.0,1009.8,100,13.0827,80.275,0.0
2024-11-06 02:00:00+05:30,0.0,0.0,0.0,24.7,11.6,355.0,84.0,68.0,1009.7,100,13.0827,80.275,0.0
2024-11-06 03:00:00+05:30,0.0,0.0,0.0,25.0,11.9,346.0,84.0,61.0,1009.0,100,13.0827,80.275,0.0
2024-11-06 04:00:00+05:30,0.0,0.0,0.0,24.9,13.9,349.0,85.0,80.0,1009.1,100,13.0827,80.275,0.0
2024-11-06 05:00:00+05:30,0.0,0.0,0.0,24.6,16.2,358.0,88.0,93.0,1009.8,100,13.0827,80.275,0.0
2024-11-06 06:00:00+05:30,5.0,14.5,4.0,25.1,15.3,359.0,88.0,71.0,1010.9,100,13.0827,80.275,0.0
2024-11-06 07:00:00+05:30,119.0,269.9,63.0,25.9,17.5,8.0,83.0,76.0,1011.8,100,13.0827,80.275,13.01659168248234
2024-11-06 08:00:00+05:30,260.0,295.8,133.0,26.5,18.5,6.0,82.0,63.0,1012.2,100,13.0827,80.275,27.664027650684503
2024-11-06 09:00:00+05:30,452.0,429.1,187.0,27.6,18.8,10.0,77.0,93.0,1012.5,100,13.0827,80.275,46.082118674617035
2024-11-06 10:00:00+05:30,596.0,533.3,191.0,28.4,17.7,6.0,76.0,97.0,1011.9,100,13.0827,80.275,59.82601179946453
2024-11-06 11:00:00+05:30,667.0,512.3,234.0,28.7,17.8,14.0,74.0,98.0,1011.1,100,13.0827,80.275,64.05369626266477
2024-11-06 12:00:00+05:30,613.0,370.5,291.0,28.5,18.2,28.0,75.0,94.0,1009.9,100,13.0827,80.275,59.129779939393835
2024-11-06 13:00:00+05:30,467.0,224.2,281.0,27.7,18.3,32.0,80.0,100.0,1009.4,100,13.0827,80.275,44.07822740025907
2024-11-06 14:00:00+05:30,501.0,325.0,264.0,27.4,18.5,36.0,79.0,100.0,1008.8,100,13.0827,80.275,49.37248159692923
2024-11-06 15:00:00+05:30,292.0,161.8,199.0,26.6,16.3,35.0,85.0,100.0,1008.8,100,13.0827,80.275,28.46337941450919
2024-11-06 16:00:00+05:30,204.0,156.6,145.0,26.6,14.2,24.0,83.0,100.0,1009.2,100,13.0827,80.275,19.76151970399145
2024-11-06 17:00:00+05:30,52.0,31.5,47.0,26.2,13.6,17.0,86.0,100.0,1009.5,100,13.0827,80.275,4.420296580775149
2024-11-06 18:00:00+05:30,0.0,0.0,0.0,25.6,13.8,22.0,88.0,100.0,1009.9,100,13.0827,80.275,0.0
2024-11-06 19:00:00+05:30,0.0,0.0,0.0,24.8,11.5,2.0,93.0,100.0,1010.7,100,13.0827,80.275,0.0
2024-11-06 20:00:00+05:30,0.0,0.0,0.0,25.0,8.7,352.0,92.0,100.0,1011.3,100,13.0827,80.275,0.0
2024-11-06 21:00:00+05:30,0.0,0.0,0.0,25.3,9.0,15.0,93.0,100.0,1011.4,100,13.0827,80.275,0.0
2024-11-06 22:00:00+05:30,0.0,0.0,0.0,25.0,7.0,3.0,94.0,100.0,1011.3,100,13.0827,80.275,0.0
2024-11-06 23:00:00+05:30,0.0,0.0,0.0,25.3,7.2,348.0,93.0,100.0,1010.7,100,13.0827,80.275,0.0
2024-11-07 00:00:00+05:30,0.0,0.0,0.0,25.1,7.7,351.0,94.0,100.0,1010.2,100,13.0827,80.275,0.0
2024-11-07 01:00:00+05:30,0.0,0.0,0.0,24.9,5.1,354.0,94.0,100.0,1009.4,100,13.0827,80.275,0.0
2024-11-07 02:00:00+05:30,0.0,0.0,0.0,24.9,11.5,360.0,93.0,96.0,1008.9,100,13.0827,80.275,0.0
2024-11-07 03:00:00+05:30,0.0,0.0,0.0,24.3,9.0,338.0,93.0,85.0,1008.6,100,13.0827,80.275,0.0
2024-11-07 04:00:00+05:30,0.0,0.0,0.0,24.0,13.1,337.0,94.0,100.0,1008.8,100,13.0827,80.275,0.0
2024-11-07 05:00:00+05:30,0.0,0.0,0.0,24.3,14.7,349.0,94.0,53.0,1009.3,100,13.0827,80.275,0.0
2024-11-07 06:00:00+05:30,6.0,14.7,5.0,24.5,15.6,345.0,93.0,17.0,1010.5,100,13.0827,80.275,0.0
2024-11-07 07:00:00+05:30,114.0,281.9,56.0,25.7,15.9,355.0,88.0,67.0,1010.9,100,13.0827,80.275,12.730181571385723
2024-11-07 08:00:00+05:30,266.0,285.5,144.0,26.8,20.7,3.0,83.0,50.0,1011.4,100,13.0827,80.275,27.349014962283917
2024-11-07 09:00:00+05:30,430.0,344.5,218.0,27.8,16.5,14.0,80.0,66.0,1012.0,100,13.0827,80.275,43.01818148787695
2024-11-07 10:00:00+05:30,645.0,578.6,207.0,28.6,20.4,27.0,75.0,74.0,1011.7,100,13.0827,80.275,65.8221689795364
2024-11-07 11:00:00+05:30,583.0,391.6,253.0,28.3,13.4,14.0,79.0,32.0,1011.0,100,13.0827,80.275,56.977457161858304
2024-11-07 12:00:00+05:30,784.0,686.5,189.0,29.5,15.8,30.0,73.0,56.0,1010.0,100,13.0827,80.275,76.85342956541398
2024-11-07 13:00:00+05:30,716.0,654.0,175.0,29.6,16.8,28.0,73.0,30.0,1009.2,100,13.0827,80.275,71.5339450554253
2024-11-07 14:00:00+05:30,622.0,634.1,161.0,29.5,18.4,34.0,73.0,53.0,1008.6,100,13.0827,80.275,61.61138599623863
2024-11-07 15:00:00+05:30,428.0,508.0,137.0,28.9,17.9,34.0,74.0,47.0,1008.3,100,13.0827,80.275,44.740631449427156
2024-11-07 16:00:00+05:30,276.0,469.0,100.0,28.5,18.9,36.0,74.0,43.0,1008.5,100,13.0827,80.275,30.167873277916083
2024-11-07 17:00:00+05:30,82.0,259.4,41.0,28.0,14.9,32.0,77.0,76.0,1009.0,100,13.0827,80.275,9.113080470751155
2024-11-07 18:00:00+05:30,1.0,0.0,1.0,26.9,15.1,23.0,83.0,9.0,1009.6,100,13.0827,80.275,0.0
2024-11-07 19:00:00+05:30,0.0,0.0,0.0,27.1,13.8,26.0,82.0,27.0,1010.3,100,13.0827,80.275,0.0
2024-11-07 20:00:00+05:30,0.0,0.0,0.0,27.3,13.3,30.0,80.0,71.0,1011.1,100,13.0827,80.275,0.0
2024-11-07 21:00:00+05:30,0.0,0.0,0.0,27.3,14.3,34.0,80.0,96.0,1011.6,100,13.0827,80.275,0.0
2024-11-07 22:00:00+05:30,0.0,0.0,0.0,27.3,14.7,33.0,80.0,96.0,1011.5,100,13.0827,80.275,0.0
2024-11-07 23:00:00+05:30,0.0,0.0,0.0,27.2,13.9,33.0,80.0,80.0,1011.3,100,13.0827,80.275,0.0
2024-11-08 00:00:00+05:30,0.0,0.0,0.0,27.2,13.7,32.0,81.0,95.0,1011.0,100,13.0827,80.275,0.0
2024-11-08 01:00:00+05:30,0.0,0.0,0.0,26.8,13.3,33.0,83.0,99.0,1010.2,100,13.0827,80.275,0.0
2024-11-08 02:00:00+05:30,0.0,0.0,0.0,26.8,13.2,28.0,83.0,64.0,1009.3,100,13.0827,80.275,0.0
2024-11-08 03:00:00+05:30,0.0,0.0,0.0,26.6,12.0,26.0,83.0,42.0,1008.8,100,13.0827,80.275,0.0
2024-11-08 04:00:00+05:30,0.0,0.0,0.0,26.4,12.0,19.0,84.0,83.0,1008.5,100,13.0827,80.275,0.0
2024-11-08 05:00:00+05:30,0.0,0.0,0.0,26.1,11.4,11.0,84.0,96.0,1008.7,100,13.0827,80.275,0.0
2024-11-08 06:00:00+05:30,5.0,14.9,4.0,27.2,12.8,28.0,80.0,97.0,1010.2,100,13.0827,80.275,0.0
2024-11-08 07:00:00+05:30,128.0,357.8,55.0,28.2,14.5,31.0,77.0,94.0,1010.9,100,13.0827,80.275,14.958109653943234
2024-11-08 08:00:00+05:30,322.0,503.2,108.0,29.2,16.1,37.0,71.0,65.0,1011.3,100,13.0827,80.275,34.66277917515844
2024-11-08 09:00:00+05:30,526.0,654.1,125.0,29.9,15.3,38.0,68.0,56.0,1011.9,100,13.0827,80.275,54.784803482641344
2024-11-08 10:00:00+05:30,675.0,689.1,155.0,30.3,17.4,44.0,67.0,78.0,1011.6,100,13.0827,80.275,67.72786011788314
2024-11-08 11:00:00+05:30,816.0,802.1,142.0,30.4,18.1,45.0,67.0,15.0,1010.7,100,13.0827,80.275,79.39285616720736
2024-11-08 12:00:00+05:30,817.0,760.2,160.0,30.4,17.4,43.0,67.0,11.0,1009.5,100,13.0827,80.275,80.60727140308515
2024-11-08 13:00:00+05:30,785.0,771.0,149.0,30.2,19.0,45.0,67.0,14.0,1008.7,100,13.0827,80.275,80.08177186238773
2024-11-08 14:00:00+05:30,665.0,732.5,134.0,29.8,20.0,44.0,69.0,70.0,1007.9,100,13.0827,80.275,67.28777856635243
2024-11-08 15:00:00+05:30,474.0,628.7,115.0,28.9,20.1,46.0,73.0,98.0,1008.1,100,13.0827,80.275,50.5570359508484
2024-11-08 16:00:00+05:30,274.0,462.8,101.0,28.6,18.2,38.0,74.0,100.0,1008.2,100,13.0827,80.275,30.11053602362734
2024-11-08 17:00:00+05:30,84.0,235.1,47.0,28.0,14.8,31.0,76.0,100.0,1008.6,100,13.0827,80.275,9.096340798259458
2024-11-08 18:00:00+05:30,1.0,0.0,1.0,27.6,13.9,29.0,76.0,97.0,1009.4,100,13.0827,80.275,0.0
2024-11-08 19:00:00+05:30,0.0,0.0,0.0,27.4,14.2,32.0,76.0,99.0,1010.5,100,13.0827,80.275,0.0
2024-11-08 20:00:00+05:30,0.0,0.0,0.0,27.2,13.6,36.0,76.0,99.0,1011.3,100,13.0827,80.275,0.0
2024-11-08 21:00:00+05:30,0.0,0.0,0.0,27.3,13.1,36.0,75.0,95.0,1011.6,100,13.0827,80.275,0.0
2024-11-08 22:00:00+05:30,0.0,0.0,0.0,27.0,11.7,34.0,77.0,95.0,1011.5,100,13.0827,80.275,0.0
2024-11-08 23:00:00+05:30,0.0,0.0,0.0,26.9,11.9,30.0,78.0,100.0,1011.1,100,13.0827,80.275,0.0
2024-11-09 00:00:00+05:30,0.0,0.0,0.0,26.6,11.6,22.0,79.0,100.0,1010.5,100,13.0827,80.275,0.0
2024-11-09 01:00:00+05:30,0.0,0.0,0.0,26.3,10.9,13.0,81.0,93.0,1009.9,100,13.0827,80.275,0.0
2024-11-09 02:00:00+05:30,0.0,0.0,0.0,26.0,10.8,3.0,82.0,94.0,1009.3,100,13.0827,80.275,0.0
2024-11-09 03:00:00+05:30,0.0,0.0,0.0,26.1,11.7,359.0,80.0,87.0,1008.9,100,13.0827,80.275,0.0
2024-11-09 04:00:00+05:30,0.0,0.0,0.0,25.1,10.1,50.0,85.0,100.0,1009.3,100,13.0827,80.275,0.0
2024-11-09 05:00:00+05:30,0.0,0.0,0.0,24.7,6.8,342.0,89.0,100.0,1009.6,100,13.0827,80.275,0.0
2024-11-09 06:00:00+05:30,4.0,0.0,4.0,25.5,11.1,8.0,83.0,100.0,1011.5,100,13.0827,80.275,0.0
2024-11-09 07:00:00+05:30,108.0,227.5,62.0,26.1,8.9,342.0,81.0,100.0,1012.2,100,13.0827,80.275,11.659143133144479
2024-11-09 08:00:00+05:30,225.0,205.6,138.0,26.6,14.1,21.0,80.0,100.0,1012.6,100,13.0827,80.275,21.978884035100613
2024-11-09 09:00:00+05:30,493.0,538.7,164.0,28.0,11.7,13.0,76.0,100.0,1012.4,100,13.0827,80.275,50.321348296820844
2024-11-09 10:00:00+05:30,663.0,608.9,205.0,29.4,16.8,31.0,69.0,100.0,1011.6,100,13.0827,80.275,65.72283978895224
2024-11-09 11:00:00+05:30,786.0,728.1,176.0,30.2,20.7,40.0,64.0,100.0,1010.8,100,13.0827,80.275,77.90546780008057
2024-11-09 12:00:00+05:30,755.0,677.6,171.0,30.0,21.8,39.0,65.0,100.0,1009.8,100,13.0827,80.275,74.13083326418176
2024-11-09 13:00:00+05:30,776.0,748.8,160.0,30.4,20.4,41.0,62.0,100.0,1008.9,100,13.0827,80.275,75.48563587926226
2024-11-09 14:00:00+05:30,659.0,724.9,135.0,29.8,21.3,39.0,64.0,100.0,1008.4,100,13.0827,80.275,67.7225883375466
2024-11-09 15:00:00+05:30,445.0,521.7,148.0,29.3,20.6,39.0,63.0,100.0,1008.6,100,13.0827,80.275,47.401477169571926
2024-11-09 16:00:00+05:30,264.0,448.4,97.0,28.8,19.4,38.0,66.0,64.0,1008.9,100,13.0827,80.275,29.02153641021368
2024-11-09 17:00:00+05:30,81.0,274.4,38.0,28.1,16.5,36.0,69.0,12.0,1009.3,100,13.0827,80.275,9.26959442877072
2024-11-09 18:00:00+05:30,0.0,0.0,0.0,27.6,15.9,28.0,72.0,96.0,1009.7,100,13.0827,80.275,0.0
2024-11-09 19:00:00+05:30,0.0,0.0,0.0,27.6,16.2,30.0,70.0,100.0,1010.6,100,13.0827,80.275,0.0
2024-11-09 20:00:00+05:30,0.0,0.0,0.0,27.7,16.2,31.0,69.0,100.0,1011.0,100,13.0827,80.275,0.0
2024-11-09 21:00:00+05:30,0.0,0.0,0.0,27.3,14.3,27.0,73.0,100.0,1011.6,100,13.0827,80.275,0.0
2024-11-09 22:00:00+05:30,0.0,0.0,0.0,26.9,13.4,26.0,77.0,100.0,1011.4,100,13.0827,80.275,0.0
2024-11-09 23:00:00+05:30,0.0,0.0,0.0,26.7,12.2,22.0,79.0,100.0,1011.1,100,13.0827,80.275,0.0
2024-11-10 00:00:00+05:30,0.0,0.0,0.0,26.3,11.1,13.0,81.0,100.0,1010.6,100,13.0827,80.275,0.0
2024-11-10 01:00:00+05:30,0.0,0.0,0.0,25.8,10.2,7.0,84.0,100.0,1010.0,100,13.0827,80.275,0.0
2024-11-10 02:00:00+05:30,0.0,0.0,0.0,25.4,8.1,360.0,84.0,100.0,1009.4,100,13.0827,80.275,0.0
2024-11-10 03:00:00+05:30,0.0,0.0,0.0,25.0,6.8,348.0,85.0,100.0,1009.2,100,13.0827,80.275,0.0
2024-11-10 04:00:00+05:30,0.0,0.0,0.0,24.4,7.1,341.0,89.0,100.0,1009.2,100,13.0827,80.275,0.0
2024-11-10 05:00:00+05:30,0.0,0.0,0.0,24.3,9.0,325.0,91.0,99.0,1009.7,100,13.0827,80.275,0.0
2024-11-10 06:00:00+05:30,6.0,15.2,5.0,25.5,8.8,1.0,85.0,100.0,1010.6,100,13.0827,80.275,0.0
2024-11-10 07:00:00+05:30,121.0,324.4,56.0,27.0,9.7,356.0,82.0,18.0,1011.1,100,13.0827,80.275,14.594376649373588
2024-11-10 08:00:00+05:30,352.0,617.5,92.0,28.2,15.5,5.0,75.0,16.0,1011.7,100,13.0827,80.275,39.877354942225246
2024-11-10 09:00:00+05:30,557.0,726.5,115.0,28.7,18.1,10.0,66.0,49.0,1012.1,100,13.0827,80.275,57.215564713918155
2024-11-10 10:00:00+05:30,611.0,560.2,191.0,28.3,17.4,7.0,72.0,44.0,1011.8,100,13.0827,80.275,61.88519267178611
2024-11-10 11:00:00+05:30,747.0,672.8,185.0,30.1,18.0,26.0,59.0,14.0,1010.8,100,13.0827,80.275,75.25835641530858
2024-11-10 12:00:00+05:30,811.0,780.7,140.0,30.3,21.9,33.0,57.0,7.0,1009.7,100,13.0827,80.275,81.62151479428086
2024-11-10 13:00:00+05:30,781.0,783.8,138.0,29.9,22.5,31.0,58.0,16.0,1009.1,100,13.0827,80.275,80.3686974688012
2024-11-10 14:00:00+05:30,660.0,729.7,134.0,29.7,23.2,31.0,59.0,13.0,1008.3,100,13.0827,80.275,71.14150389186379
2024-11-10 15:00:00+05:30,486.0,646.5,119.0,29.3,21.2,29.0,62.0,6.0,1008.4,100,13.0827,80.275,52.21566616795292
2024-11-10 16:00:00+05:30,294.0,571.2,82.0,28.6,20.0,28.0,66.0,4.0,1008.6,100,13.0827,80.275,33.496141850729565
2024-11-10 17:00:00+05:30,90.0,333.1,38.0,27.8,16.4,24.0,69.0,1.0,1009.2,100,13.0827,80.275,10.707378147545041
2024-11-10 18:00:00+05:30,0.0,0.0,0.0,27.5,15.6,21.0,71.0,9.0,1009.2,100,13.0827,80.275,0.0
2024-11-10 19:00:00+05:30,0.0,0.0,0.0,27.3,15.4,21.0,71.0,16.0,1010.2,100,13.0827,80.275,0.0
2024-11-10 20:00:00+05:30,0.0,0.0,0.0,27.2,15.2,21.0,73.0,14.0,1010.6,100,13.0827,80.275,0.0
2024-11-10 21:00:00+05:30,0.0,0.0,0.0,27.1,13.9,19.0,74.0,9.0,1011.0,100,13.0827,80.275,0.0
2024-11-10 22:00:00+05:30,0.0,0.0,0.0,26.7,10.0,15.0,77.0,8.0,1011.1,100,13.0827,80.275,0.0
2024-11-10 23:00:00+05:30,0.0,0.0,0.0,26.2,8.1,359.0,79.0,9.0,1010.5,100,13.0827,80.275,0.0
2024-11-11 00:00:00+05:30,0.0,0.0,0.0,25.8,7.9,347.0,81.0,29.0,1009.6,100,13.0827,80.275,0.0
2024-11-11 01:00:00+05:30,0.0,0.0,0.0,25.3,8.6,334.0,82.0,49.0,1008.9,100,13.0827,80.275,0.0
2024-11-11 02:00:00+05:30,0.0,0.0,0.0,24.7,9.2,312.0,86.0,52.0,1008.5,100,13.0827,80.275,0.0
2024-11-11 03:00:00+05:30,0.0,0.0,0.0,24.0,10.8,303.0,91.0,64.0,1008.6,100,13.0827,80.275,0.0
2024-11-11 04:00:00+05:30,0.0,0.0,0.0,24.0,11.5,318.0,90.0,80.0,1008.9,100,13.0827,80.275,0.0
2024-11-11 05:00:00+05:30,0.0,0.0,0.0,24.4,11.9,326.0,86.0,97.0,1009.3,100,13.0827,80.275,0.0
2024-11-11 06:00:00+05:30,5.0,15.5,4.0,25.3,13.8,333.0,90.0,51.0,1009.7,100,13.0827,80.275,0.0
2024-11-11 07:00:00+05:30,118.0,287.1,61.0,26.2,14.3,324.0,86.0,98.0,1010.3,100,13.0827,80.275,13.049287963219026
2024-11-11 08:00:00+05:30,323.0,503.7,112.0,27.9,18.9,348.0,76.0,100.0,1010.8,100,13.0827,80.275,34.74901624925573
2024-11-11 09:00:00+05:30,478.0,495.0,178.0,28.7,21.6,357.0,71.0,100.0,1010.7,100,13.0827,80.275,50.136066420064786
2024-11-11 10:00:00+05:30,682.0,687.9,168.0,29.8,23.8,4.0,65.0,100.0,1010.1,100,13.0827,80.275,69.39875752436043
2024-11-11 11:00:00+05:30,669.0,519.9,236.0,30.2,26.0,8.0,63.0,100.0,1009.1,100,13.0827,80.275,65.83397330078289
2024-11-11 12:00:00+05:30,752.0,595.1,242.0,30.1,27.2,11.0,63.0,100.0,1007.8,100,13.0827,80.275,72.4940215763001
2024-11-11 13:00:00+05:30,748.0,639.2,225.0,30.1,26.9,12.0,64.0,100.0,1007.1,100,13.0827,80.275,73.4928429850797
2024-11-11 14:00:00+05:30,607.0,528.6,227.0,29.8,25.7,9.0,63.0,100.0,1006.4,100,13.0827,80.275,60.76796105607808
2024-11-11 15:00:00+05:30,394.0,351.6,195.0,29.1,25.0,12.0,67.0,100.0,1006.4,100,13.0827,80.275,40.98974583249899
2024-11-11 16:00:00+05:30,183.0,151.4,127.0,27.4,21.2,16.0,78.0,100.0,1007.8,100,13.0827,80.275,18.50120597884434
2024-11-11 17:00:00+05:30,22.0,0.0,22.0,26.2,20.0,1.0,87.0,100.0,1007.6,100,13.0827,80.275,1.3651479118305816
2024-11-11 18:00:00+05:30,0.0,0.0,0.0,26.7,20.8,10.0,78.0,100.0,1008.2,100,13.0827,80.275,0.0
2024-11-11 19:00:00+05:30,0.0,0.0,0.0,26.0,17.7,357.0,85.0,99.0,1008.9,100,13.0827,80.275,0.0
2024-11-11 20:00:00+05:30,0.0,0.0,0.0,25.6,17.4,8.0,90.0,100.0,1009.5,100,13.0827,80.275,0.0
2024-11-11 21:00:00+05:30,0.0,0.0,0.0,25.5,19.0,25.0,89.0,100.0,1010.1,100,13.0827,80.275,0.0
2024-11-11 22:00:00+05:30,0.0,0.0,0.0,25.4,13.2,22.0,90.0,100.0,1010.0,100,13.0827,80.275,0.0
2024-11-11 23:00:00+05:30,0.0,0.0,0.0,25.3,11.0,5.0,93.0,100.0,1009.5,100,13.0827,80.275,0.0
2024-11-12 00:00:00+05:30,0.0,0.0,0.0,24.8,13.1,8.0,94.0,100.0,1009.0,100,13.0827,80.275,0.0
2024-11-12 01:00:00+05:30,0.0,0.0,0.0,24.7,9.9,325.0,94.0,100.0,1007.1,100,13.0827,80.275,0.0
2024-11-12 02:00:00+05:30,0.0,0.0,0.0,24.1,7.7,16.0,96.0,100.0,1007.7,100,13.0827,80.275,0.0
2024-11-12 03:00:00+05:30,0.0,0.0,0.0,24.7,9.3,13.0,95.0,100.0,1007.6,100,13.0827,80.275,0.0
2024-11-12 04:00:00+05:30,0.0,0.0,0.0,24.9,3.2,27.0,95.0,100.0,1007.5,100,13.0827,80.275,0.0
2024-11-12 05:00:00+05:30,0.0,0.0,0.0,24.8,10.3,324.0,95.0,100.0,1007.6,100,13.0827,80.275,0.0
2024-11-12 06:00:00+05:30,1.0,0.0,1.0,24.0,12.0,325.0,97.0,100.0,1009.2,100,13.0827,80.275,0.0
2024-11-12 07:00:00+05:30,22.0,0.0,22.0,24.6,11.1,31.0,95.0,100.0,1009.9,100,13.0827,80.275,1.4450964496368142
2024-11-12 08:00:00+05:30,50.0,0.0,50.0,25.1,9.1,27.0,94.0,100.0,1010.6,100,13.0827,80.275,3.9605266248393804
2024-11-12 09:00:00+05:30,90.0,0.0,90.0,25.9,6.6,33.0,88.0,100.0,1010.4,100,13.0827,80.275,7.605373331198048
2024-11-12 10:00:00+05:30,189.0,13.4,179.0,26.5,10.8,36.0,87.0,100.0,1010.3,100,13.0827,80.275,16.456807670501956
2024-11-12 11:00:00+05:30,227.0,6.0,222.0,27.1,11.5,35.0,84.0,100.0,1009.3,100,13.0827,80.275,19.48794256650808
2024-11-12 12:00:00+05:30,299.0,14.0,287.0,27.4,11.8,47.0,83.0,100.0,1008.3,100,13.0827,80.275,25.696229144983914
2024-11-12 13:00:00+05:30,254.0,15.9,241.0,27.5,10.3,59.0,83.0,100.0,1007.1,100,13.0827,80.275,22.141747302643378
2024-11-12 14:00:00+05:30,168.0,7.0,163.0,27.3,11.0,60.0,84.0,100.0,1006.3,100,13.0827,80.275,14.412897063468044
2024-11-12 15:00:00+05:30,95.0,0.0,95.0,26.3,9.7,51.0,90.0,100.0,1006.4,100,13.0827,80.275,8.014754996478436
2024-11-12 16:00:00+05:30,55.0,0.0,55.0,26.0,11.5,39.0,92.0,100.0,1007.2,100,13.0827,80.275,4.39271817254963
2024-11-12 17:00:00+05:30,30.0,0.0,30.0,24.9,12.9,37.0,94.0,100.0,1008.2,100,13.0827,80.275,2.189767489117735
2024-11-12 18:00:00+05:30,0.0,0.0,0.0,25.6,9.0,33.0,94.0,100.0,1007.6,100,13.0827,80.275,0.0
2024-11-12 19:00:00+05:30,0.0,0.0,0.0,25.8,10.2,32.0,93.0,100.0,1008.5,100,13.0827,80.275,0.0
2024-11-12 20:00:00+05:30,0.0,0.0,0.0,25.7,8.4,37.0,93.0,100.0,1009.1,100,13.0827,80.275,0.0
2024-11-12 21:00:00+05:30,0.0,0.0,0.0,25.3,10.2,30.0,94.0,100.0,1009.4,100,13.0827,80.275,0.0
2024-11-12 22:00:00+05:30,0.0,0.0,0.0,24.8,12.5,62.0,96.0,100.0,1009.4,100,13.0827,80.275,0.0
2024-11-12 23:00:00+05:30,0.0,0.0,0.0,25.0,9.0,60.0,94.0,100.0,1009.0,100,13.0827,80.275,0.0
2024-11-13 00:00:00+05:30,0.0,0.0,0.0,24.8,12.3,50.0,94.0,100.0,1008.1,100,13.0827,80.275,0.0
2024-11-13 01:00:00+05:30,0.0,0.0,0.0,24.2,5.8,9.0,98.0,100.0,1007.4,100,13.0827,80.275,0.0
2024-11-13 02:00:00+05:30,0.0,0.0,0.0,24.0,6.7,16.0,98.0,100.0,1006.9,100,13.0827,80.275,0.0
2024-11-13 03:00:00+05:30,0.0,0.0,0.0,24.3,6.8,18.0,97.0,100.0,1006.5,100,13.0827,80.275,0.0
2024-11-13 04:00:00+05:30,0.0,0.0,0.0,24.4,3.8,25.0,97.0,100.0,1006.8,100,13.0827,80.275,0.0
2024-11-13 05:00:00+05:30,0.0,0.0,0.0,24.2,7.1,47.0,97.0,100.0,1007.4,100,13.0827,80.275,0.0
2024-11-13 06:00:00+05:30,2.0,0.0,2.0,25.0,8.1,35.0,96.0,100.0,1008.4,100,13.0827,80.275,0.0
2024-11-13 07:00:00+05:30,28.0,0.0,28.0,25.1,8.7,72.0,95.0,100.0,1009.8,100,13.0827,80.275,1.938619939770974
2024-11-13 08:00:00+05:30,58.0,0.0,58.0,25.7,7.2,87.0,93.0,100.0,1010.5,100,13.0827,80.275,4.569174239841651
2024-11-13 09:00:00+05:30,159.0,3.3,157.0,26.3,10.3,85.0,87.0,100.0,1010.9,100,13.0827,80.275,13.707227661153018
2024-11-13 10:00:00+05:30,160.0,1.3,159.0,26.6,10.8,60.0,86.0,100.0,1010.6,100,13.0827,80.275,13.710040383057077
2024-11-13 11:00:00+05:30,164.0,0.0,164.0,26.5,12.4,50.0,87.0,100.0,1009.6,100,13.0827,80.275,13.706209081263635
2024-11-13 12:00:00+05:30,189.0,5.9,184.0,26.5,11.6,49.0,87.0,100.0,1008.5,100,13.0827,80.275,16.03397902878779
2024-11-13 13:00:00+05:30,254.0,35.6,225.0,26.7,12.5,53.0,86.0,100.0,1007.5,100,13.0827,80.275,22.860315384732427
2024-11-13 14:00:00+05:30,235.0,22.4,219.0,26.8,13.0,55.0,85.0,100.0,1006.7,100,13.0827,80.275,20.420270692087545
2024-11-13 15:00:00+05:30,199.0,12.4,192.0,26.9,13.5,60.0,85.0,100.0,1006.6,100,13.0827,80.275,17.261591047069448
2024-11-13 16:00:00+05:30,134.0,32.6,122.0,26.8,12.6,63.0,86.0,100.0,1006.8,100,13.0827,80.275,11.65072593028116
2024-11-13 17:00:00+05:30,35.0,0.0,35.0,26.6,12.0,60.0,87.0,100.0,1007.4,100,13.0827,80.275,2.5721948789121813
2024-11-13 18:00:00+05:30,0.0,0.0,0.0,25.5,3.9,24.0,95.0,100.0,1008.2,100,13.0827,80.275,0.0
2024-11-13 19:00:00+05:30,0.0,0.0,0.0,25.8,9.3,27.0,94.0,100.0,1009.0,100,13.0827,80.275,0.0
2024-11-13 20:00:00+05:30,0.0,0.0,0.0,25.7,9.6,37.0,94.0,100.0,1009.7,100,13.0827,80.275,0.0
2024-11-13 21:00:00+05:30,0.0,0.0,0.0,25.9,9.3,49.0,93.0,100.0,1009.6,100,13.0827,80.275,0.0
2024-11-13 22:00:00+05:30,0.0,0.0,0.0,25.8,10.2,51.0,93.0,100.0,1009.7,100,13.0827,80.275,0.0
2024-11-13 23:00:00+05:30,0.0,0.0,0.0,25.9,10.8,60.0,92.0,100.0,1009.3,100,13.0827,80.275,0.0
2024-11-14 00:00:00+05:30,0.0,0.0,0.0,25.6,7.5,40.0,93.0,100.0,1008.9,100,13.0827,80.275,0.0
2024-11-14 01:00:00+05:30,0.0,0.0,0.0,25.6,8.1,43.0,93.0,100.0,1007.8,100,13.0827,80.275,0.0
2024-11-14 02:00:00+05:30,0.0,0.0,0.0,25.1,7.6,45.0,94.0,79.0,1007.2,100,13.0827,80.275,0.0
2024-11-14 03:00:00+05:30,0.0,0.0,0.0,25.3,6.7,66.0,93.0,66.0,1007.0,100,13.0827,80.275,0.0
2024-11-14 04:00:00+05:30,0.0,0.0,0.0,24.8,6.9,70.0,94.0,100.0,1007.8,100,13.0827,80.275,0.0
2024-11-14 05:00:00+05:30,0.0,0.0,0.0,25.0,5.8,88.0,92.0,100.0,1008.3,100,13.0827,80.275,0.0
2024-11-14 06:00:00+05:30,4.0,0.0,4.0,25.7,8.5,62.0,90.0,99.0,1009.3,100,13.0827,80.275,0.0
2024-11-14 07:00:00+05:30,75.0,51.9,65.0,25.7,5.0,55.0,93.0,95.0,1010.2,100,13.0827,80.275,6.892911811707352
2024-11-14 08:00:00+05:30,218.0,177.1,145.0,26.5,8.6,33.0,90.0,98.0,1011.3,100,13.0827,80.275,21.170960179843746
2024-11-14 09:00:00+05:30,331.0,143.6,245.0,27.4,8.5,61.0,85.0,100.0,1012.0,100,13.0827,80.275,31.135662424066393
2024-11-14 10:00:00+05:30,465.0,294.7,247.0,27.8,10.7,57.0,81.0,95.0,1011.6,100,13.0827,80.275,43.91489565910855
2024-11-14 11:00:00+05:30,571.0,361.0,273.0,28.5,11.6,51.0,79.0,29.0,1010.6,100,13.0827,80.275,55.84417860570378
2024-11-14 12:00:00+05:30,763.0,638.9,220.0,28.9,11.1,47.0,78.0,46.0,1009.6,100,13.0827,80.275,75.9324450204051
2024-11-14 13:00:00+05:30,572.0,347.4,290.0,28.1,13.6,54.0,80.0,38.0,1008.6,100,13.0827,80.275,54.6122522100972
2024-11-14 14:00:00+05:30,463.0,353.3,211.0,27.5,14.1,53.0,82.0,40.0,1008.0,100,13.0827,80.275,45.777801506314134
2024-11-14 15:00:00+05:30,434.0,484.5,162.0,27.0,11.8,52.0,85.0,17.0,1008.1,100,13.0827,80.275,45.830262928702055
2024-11-14 16:00:00+05:30,199.0,248.3,108.0,26.5,11.2,58.0,83.0,79.0,1008.5,100,13.0827,80.275,20.789836508990497
2024-11-14 17:00:00+05:30,58.0,162.3,33.0,25.5,12.9,46.0,88.0,98.0,1009.7,100,13.0827,80.275,6.4187788727466035
2024-11-14 18:00:00+05:30,0.0,0.0,0.0,25.2,10.5,6.0,92.0,99.0,1010.0,100,13.0827,80.275,0.0
2024-11-14 19:00:00+05:30,0.0,0.0,0.0,25.0,8.3,358.0,94.0,95.0,1010.7,100,13.0827,80.275,0.0
2024-11-14 20:00:00+05:30,0.0,0.0,0.0,24.4,15.4,349.0,95.0,100.0,1012.0,100,13.0827,80.275,0.0
2024-11-14 21:00:00+05:30,0.0,0.0,0.0,24.3,11.5,4.0,94.0,100.0,1012.2,100,13.0827,80.275,0.0
2024-11-14 22:00:00+05:30,0.0,0.0,0.0,24.7,10.1,16.0,92.0,96.0,1011.6,100,13.0827,80.275,0.0
2024-11-14 23:00:00+05:30,0.0,0.0,0.0,24.9,8.2,26.0,93.0,100.0,1011.8,100,13.0827,80.275,0.0
2024-11-15 00:00:00+05:30,0.0,0.0,0.0,25.0,5.8,360.0,93.0,100.0,1010.9,100,13.0827,80.275,0.0
2024-11-15 01:00:00+05:30,0.0,0.0,0.0,24.6,4.2,7.0,93.0,100.0,1010.2,100,13.0827,80.275,0.0
2024-11-15 02:00:00+05:30,0.0,0.0,0.0,24.1,8.0,34.0,96.0,100.0,1010.1,100,13.0827,80.275,0.0
2024-11-15 03:00:00+05:30,0.0,0.0,0.0,24.3,6.7,19.0,95.0,100.0,1009.6,100,13.0827,80.275,0.0
2024-11-15 04:00:00+05:30,0.0,0.0,0.0,24.1,5.9,358.0,96.0,100.0,1009.8,100,13.0827,80.275,0.0
2024-11-15 05:00:00+05:30,0.0,0.0,0.0,24.1,8.1,336.0,96.0,100.0,1010.2,100,13.0827,80.275,0.0
2024-11-15 06:00:00+05:30,4.0,0.0,4.0,24.7,9.4,347.0,95.0,100.0,1010.9,100,13.0827,80.275,0.0
2024-11-15 07:00:00+05:30,56.0,21.0,52.0,25.4,9.0,33.0,92.0,100.0,1011.5,100,13.0827,80.275,4.807095183299238
2024-11-15 08:00:00+05:30,178.0,75.6,147.0,26.3,10.8,36.0,88.0,100.0,1011.9,100,13.0827,80.275,16.483890417755134
2024-11-15 09:00:00+05:30,350.0,214.6,222.0,27.2,10.1,47.0,83.0,100.0,1012.4,100,13.0827,80.275,33.25259104476068
2024-11-15 10:00:00+05:30,460.0,241.4,282.0,27.9,9.3,44.0,82.0,100.0,1012.1,100,13.0827,80.275,45.05086203056821
2024-11-15 11:00:00+05:30,525.0,233.3,333.0,26.8,13.1,49.0,83.0,100.0,1011.4,100,13.0827,80.275,48.76020102895836
2024-11-15 12:00:00+05:30,457.0,224.2,267.0,26.8,13.5,42.0,84.0,100.0,1010.3,100,13.0827,80.275,43.351284504752144
2024-11-15 13:00:00+05:30,624.0,340.9,348.0,28.0,10.5,38.0,80.0,100.0,1009.1,100,13.0827,80.275,57.89665410044551
2024-11-15 14:00:00+05:30,511.0,349.9,262.0,28.1,11.7,38.0,78.0,100.0,1008.1,100,13.0827,80.275,49.683120279587776
2024-11-15 15:00:00+05:30,378.0,344.6,185.0,27.6,11.1,34.0,82.0,100.0,1008.0,100,13.0827,80.275,38.24175426094879
2024-11-15 16:00:00+05:30,230.0,311.9,116.0,26.8,13.4,50.0,85.0,100.0,1008.4,100,13.0827,80.275,25.52857832265723
2024-11-15 17:00:00+05:30,60.0,143.2,38.0,25.8,11.2,49.0,90.0,100.0,1009.3,100,13.0827,80.275,6.257364810732128
2024-11-15 18:00:00+05:30,0.0,0.0,0.0,26.9,11.7,41.0,86.0,24.0,1009.3,100,13.0827,80.275,0.0
2024-11-15 19:00:00+05:30,0.0,0.0,0.0,26.8,9.6,41.0,87.0,54.0,1010.5,100,13.0827,80.275,0.0
2024-11-15 20:00:00+05:30,0.0,0.0,0.0,26.8,9.9,52.0,87.0,44.0,1010.7,100,13.0827,80.275,0.0
2024-11-15 21:00:00+05:30,0.0,0.0,0.0,25.9,8.7,32.0,89.0,67.0,1011.5,100,13.0827,80.275,0.0
2024-11-15 22:00:00+05:30,0.0,0.0,0.0,25.5,3.4,25.0,92.0,63.0,1011.2,100,13.0827,80.275,0.0
2024-11-15 23:00:00+05:30,0.0,0.0,0.0,25.3,9.4,32.0,94.0,66.0,1010.6,100,13.0827,80.275,0.0
2024-11-16 00:00:00+05:30,0.0,0.0,0.0,24.9,11.2,24.0,93.0,33.0,1010.2,100,13.0827,80.275,0.0
2024-11-16 01:00:00+05:30,0.0,0.0,0.0,24.9,9.4,20.0,93.0,40.0,1009.4,100,13.0827,80.275,0.0
2024-11-16 02:00:00+05:30,0.0,0.0,0.0,24.8,7.8,34.0,93.0,100.0,1009.3,100,13.0827,80.275,0.0
2024-11-16 03:00:00+05:30,0.0,0.0,0.0,24.2,7.1,66.0,96.0,86.0,1009.2,100,13.0827,80.275,0.0
2024-11-16 04:00:00+05:30,0.0,0.0,0.0,24.3,6.3,3.0,95.0,92.0,1009.4,100,13.0827,80.275,0.0
2024-11-16 05:00:00+05:30,0.0,0.0,0.0,24.0,7.9,359.0,96.0,99.0,1010.0,100,13.0827,80.275,0.0
2024-11-16 06:00:00+05:30,3.0,0.0,3.0,25.6,2.2,24.0,90.0,69.0,1009.8,100,13.0827,80.275,0.0
2024-11-16 07:00:00+05:30,94.0,206.8,55.0,26.5,8.2,33.0,89.0,51.0,1010.4,100,13.0827,80.275,10.621475190765128
2024-11-16 08:00:00+05:30,263.0,326.3,130.0,27.5,11.9,32.0,83.0,77.0,1011.3,100,13.0827,80.275,27.90923802408367
2024-11-16 09:00:00+05:30,411.0,388.9,180.0,26.8,8.5,54.0,86.0,64.0,1012.2,100,13.0827,80.275,42.58568939488439
2024-11-16 10:00:00+05:30,506.0,438.3,184.0,26.7,11.8,54.0,85.0,96.0,1012.0,100,13.0827,80.275,49.17020259382328
2024-11-16 11:00:00+05:30,456.0,157.2,327.0,26.3,10.8,69.0,86.0,65.0,1011.2,100,13.0827,80.275,42.1105181800016
2024-11-16 12:00:00+05:30,610.0,397.5,274.0,26.2,13.9,61.0,84.0,71.0,1010.2,100,13.0827,80.275,61.254099770739906
2024-11-16 13:00:00+05:30,607.0,456.9,238.0,27.0,10.5,68.0,82.0,68.0,1009.2,100,13.0827,80.275,59.66769669642909
2024-11-16 14:00:00+05:30,619.0,601.5,192.0,27.7,11.0,67.0,81.0,36.0,1008.4,100,13.0827,80.275,62.21718625852665
2024-11-16 15:00:00+05:30,439.0,492.2,164.0,27.4,9.4,77.0,81.0,16.0,1008.0,100,13.0827,80.275,46.85848566992749
2024-11-16 16:00:00+05:30,250.0,405.9,102.0,27.1,8.6,68.0,82.0,25.0,1007.9,100,13.0827,80.275,28.219551417880172
2024-11-16 17:00:00+05:30,80.0,267.7,39.0,26.6,5.9,63.0,86.0,31.0,1008.5,100,13.0827,80.275,9.408297474996939
2024-11-16 18:00:00+05:30,0.0,0.0,0.0,26.8,8.6,61.0,88.0,64.0,1009.0,100,13.0827,80.275,0.0
2024-11-16 19:00:00+05:30,0.0,0.0,0.0,26.7,8.6,57.0,87.0,68.0,1009.8,100,13.0827,80.275,0.0
2024-11-16 20:00:00+05:30,0.0,0.0,0.0,26.8,8.9,62.0,87.0,71.0,1010.5,100,13.0827,80.275,0.0
2024-11-16 21:00:00+05:30,0.0,0.0,0.0,26.2,4.7,50.0,89.0,74.0,1011.0,100,13.0827,80.275,0.0
2024-11-16 22:00:00+05:30,0.0,0.0,0.0,25.5,5.5,71.0,92.0,90.0,1011.0,100,13.0827,80.275,0.0
2024-11-16 23:00:00+05:30,0.0,0.0,0.0,25.5,1.0,22.0,93.0,91.0,1010.7,100,13.0827,80.275,0.0
2024-11-17 00:00:00+05:30,0.0,0.0,0.0,25.2,3.9,22.0,93.0,98.0,1010.1,100,13.0827,80.275,0.0
2024-11-17 01:00:00+05:30,0.0,0.0,0.0,24.3,6.9,43.0,96.0,95.0,1009.8,100,13.0827,80.275,0.0
2024-11-17 02:00:00+05:30,0.0,0.0,0.0,24.4,2.3,23.0,94.0,90.0,1009.3,100,13.0827,80.275,0.0
2024-11-17 03:00:00+05:30,0.0,0.0,0.0,24.6,0.8,333.0,93.0,98.0,1008.6,100,13.0827,80.275,0.0
2024-11-17 04:00:00+05:30,0.0,0.0,0.0,24.4,4.9,350.0,95.0,75.0,1008.9,100,13.0827,80.275,0.0
2024-11-17 05:00:00+05:30,0.0,0.0,0.0,24.0,5.0,316.0,98.0,63.0,1009.4,100,13.0827,80.275,0.0
2024-11-17 06:00:00+05:30,4.0,17.0,3.0,26.2,10.5,37.0,84.0,26.0,1009.2,100,13.0827,80.275,0.0
2024-11-17 07:00:00+05:30,124.0,396.8,50.0,27.4,10.8,48.0,81.0,2.0,1010.0,100,13.0827,80.275,15.798417316390633
2024-11-17 08:00:00+05:30,343.0,639.0,84.0,28.5,13.5,49.0,73.0,2.0,1010.8,100,13.0827,80.275,39.6226197706866
2024-11-17 09:00:00+05:30,540.0,733.8,106.0,29.0,14.3,47.0,71.0,1.0,1011.3,100,13.0827,80.275,59.19127517892815
2024-11-17 10:00:00+05:30,712.0,811.2,118.0,29.4,15.9,45.0,70.0,3.0,1010.9,100,13.0827,80.275,75.10886241058488
2024-11-17 11:00:00+05:30,791.0,801.9,135.0,29.5,16.8,44.0,68.0,4.0,1010.5,100,13.0827,80.275,80.2683820313454
2024-11-17 12:00:00+05:30,825.0,819.6,134.0,29.2,18.8,43.0,70.0,13.0,1009.7,100,13.0827,80.275,82.65842820491936
2024-11-17 13:00:00+05:30,738.0,708.8,167.0,29.0,19.3,45.0,69.0,15.0,1008.9,100,13.0827,80.275,76.78353733429044
2024-11-17 14:00:00+05:30,661.0,749.8,130.0,28.6,18.8,46.0,71.0,22.0,1008.2,100,13.0827,80.275,70.51985844370132
2024-11-17 15:00:00+05:30,472.0,617.1,128.0,28.2,18.8,47.0,72.0,59.0,1008.0,100,13.0827,80.275,50.6876737181604
2024-11-17 16:00:00+05:30,277.0,516.9,89.0,27.9,17.1,44.0,73.0,93.0,1008.2,100,13.0827,80.275,31.092982071427073
2024-11-17 17:00:00+05:30,86.0,301.0,40.0,27.3,15.8,48.0,75.0,56.0,1008.4,100,13.0827,80.275,10.756813657828534
2024-11-17 18:00:00+05:30,0.0,0.0,0.0,27.3,15.2,48.0,76.0,22.0,1008.9,100,13.0827,80.275,0.0
2024-11-17 19:00:00+05:30,0.0,0.0,0.0,27.2,15.1,49.0,76.0,31.0,1009.9,100,13.0827,80.275,0.0
2024-11-17 20:00:00+05:30,0.0,0.0,0.0,27.1,14.3,48.0,77.0,2.0,1010.5,100,13.0827,80.275,0.0
2024-11-17 21:00:00+05:30,0.0,0.0,0.0,26.9,12.6,48.0,78.0,15.0,1010.9,100,13.0827,80.275,0.0
2024-11-17 22:00:00+05:30,0.0,0.0,0.0,26.8,11.5,48.0,78.0,12.0,1011.0,100,13.0827,80.275,0.0
2024-11-17 23:00:00+05:30,0.0,0.0,0.0,26.6,11.3,43.0,79.0,11.0,1010.7,100,13.0827,80.275,0.0
2024-11-18 00:00:00+05:30,0.0,0.0,0.0,26.5,10.9,40.0,80.0,11.0,1010.1,100,13.0827,80.275,0.0
2024-11-18 01:00:00+05:30,0.0,0.0,0.0,26.3,10.7,37.0,81.0,10.0,1009.5,100,13.0827,80.275,0.0
2024-11-18 02:00:00+05:30,0.0,0.0,0.0,26.3,11.3,37.0,80.0,25.0,1009.1,100,13.0827,80.275,0.0
2024-11-18 03:00:00+05:30,0.0,0.0,0.0,26.1,11.6,39.0,81.0,15.0,1008.8,100,13.0827,80.275,0.0
2024-11-18 04:00:00+05:30,0.0,0.0,0.0,26.1,10.5,37.0,80.0,7.0,1009.1,100,13.0827,80.275,0.0
2024-11-18 05:00:00+05:30,0.0,0.0,0.0,25.8,9.9,27.0,81.0,9.0,1009.4,100,13.0827,80.275,0.0
2024-11-18 06:00:00+05:30,4.0,17.3,3.0,26.4,11.9,35.0,79.0,12.0,1010.1,100,13.0827,80.275,0.0
2024-11-18 07:00:00+05:30,119.0,368.7,51.0,27.3,12.2,36.0,76.0,7.0,1010.8,100,13.0827,80.275,15.153323124721535
2024-11-18 08:00:00+05:30,327.0,573.2,96.0,28.1,16.7,44.0,71.0,9.0,1011.6,100,13.0827,80.275,39.05914869736198
2024-11-18 09:00:00+05:30,522.0,691.0,115.0,28.6,17.1,50.0,70.0,8.0,1012.0,100,13.0827,80.275,57.66183412800886
2024-11-18 10:00:00+05:30,691.0,772.9,127.0,29.0,18.6,49.0,66.0,3.0,1011.9,100,13.0827,80.275,72.41602272806631
2024-11-18 11:00:00+05:30,807.0,838.6,123.0,29.2,18.6,47.0,64.0,1.0,1011.4,100,13.0827,80.275,84.00221755315816
2024-11-18 12:00:00+05:30,838.0,845.6,127.0,29.1,18.6,45.0,63.0,0.0,1010.3,100,13.0827,80.275,87.09355084669866
2024-11-18 13:00:00+05:30,800.0,847.4,119.0,29.0,18.6,46.0,65.0,3.0,1009.5,100,13.0827,80.275,85.79604234286006
2024-11-18 14:00:00+05:30,685.0,805.3,116.0,28.6,18.2,46.0,68.0,1.0,1008.8,100,13.0827,80.275,75.40923980880585
2024-11-18 15:00:00+05:30,502.0,710.1,107.0,28.2,17.8,48.0,69.0,4.0,1008.8,100,13.0827,80.275,56.96129084582602
2024-11-18 16:00:00+05:30,291.0,573.1,83.0,27.7,16.9,47.0,72.0,7.0,1009.0,100,13.0827,80.275,34.83520991579786
2024-11-18 17:00:00+05:30,87.0,327.9,37.0,26.9,15.3,46.0,75.0,6.0,1009.4,100,13.0827,80.275,11.172550279952803
2024-11-18 18:00:00+05:30,0.0,0.0,0.0,26.7,15.0,48.0,79.0,82.0,1009.9,100,13.0827,80.275,0.0
2024-11-18 19:00:00+05:30,0.0,0.0,0.0,26.7,15.3,50.0,78.0,16.0,1011.1,100,13.0827,80.275,0.0
2024-11-18 20:00:00+05:30,0.0,0.0,0.0,26.6,15.6,50.0,77.0,10.0,1011.9,100,13.0827,80.275,0.0
2024-11-18 21:00:00+05:30,0.0,0.0,0.0,26.5,15.0,45.0,77.0,39.0,1012.2,100,13.0827,80.275,0.0
2024-11-18 22:00:00+05:30,0.0,0.0,0.0,26.4,14.6,44.0,78.0,100.0,1012.1,100,13.0827,80.275,0.0
2024-11-18 23:00:00+05:30,0.0,0.0,0.0,26.2,13.7,44.0,78.0,100.0,1012.1,100,13.0827,80.275,0.0
2024-11-19 00:00:00+05:30,0.0,0.0,0.0,26.1,12.6,42.0,78.0,100.0,1011.7,100,13.0827,80.275,0.0
2024-11-19 01:00:00+05:30,0.0,0.0,0.0,25.9,11.4,41.0,78.0,100.0,1011.0,100,13.0827,80.275,0.0
2024-11-19 02:00:00+05:30,0.0,0.0,0.0,25.7,10.9,39.0,79.0,100.0,1010.5,100,13.0827,80.275,0.0
2024-11-19 03:00:00+05:30,0.0,0.0,0.0,25.6,10.5,33.0,80.0,100.0,1010.0,100,13.0827,80.275,0.0
2024-11-19 04:00:00+05:30,0.0,0.0,0.0,25.5,10.3,23.0,80.0,100.0,1009.9,100,13.0827,80.275,0.0
2024-11-19 05:00:00+05:30,0.0,0.0,0.0,25.4,10.0,23.0,80.0,99.0,1010.5,100,13.0827,80.275,0.0
2024-11-19 06:00:00+05:30,4.0,17.6,3.0,26.1,12.1,23.0,79.0,33.0,1011.2,100,13.0827,80.275,0.0
2024-11-19 07:00:00+05:30,108.0,318.2,50.0,26.7,12.9,27.0,77.0,29.0,1012.1,100,13.0827,80.275,13.782512115640785
2024-11-19 08:00:00+05:30,282.0,436.8,107.0,27.1,16.6,31.0,75.0,14.0,1012.9,100,13.0827,80.275,31.519678904324515
2024-11-19 09:00:00+05:30,493.0,617.2,131.0,28.0,17.4,31.0,70.0,10.0,1013.2,100,13.0827,80.275,54.446367705131216
2024-11-19 10:00:00+05:30,679.0,753.5,131.0,28.5,17.6,33.0,69.0,16.0,1013.0,100,13.0827,80.275,72.62751405543699
2024-11-19 11:00:00+05:30,744.0,714.4,163.0,28.7,18.3,35.0,67.0,19.0,1012.5,100,13.0827,80.275,76.52249670413642
2024-11-19 12:00:00+05:30,749.0,688.0,172.0,28.6,18.6,32.0,67.0,12.0,1011.7,100,13.0827,80.275,77.7927152554728
2024-11-19 13:00:00+05:30,763.0,777.1,140.0,28.6,19.0,31.0,66.0,18.0,1010.7,100,13.0827,80.275,79.67301105394664
2024-11-19 14:00:00+05:30,632.0,696.4,141.0,28.6,19.4,29.0,63.0,10.0,1009.7,100,13.0827,80.275,67.60415051169088
2024-11-19 15:00:00+05:30,488.0,668.3,117.0,28.3,18.8,28.0,63.0,6.0,1009.3,100,13.0827,80.275,53.318060467037355
2024-11-19 16:00:00+05:30,297.0,599.1,80.0,27.6,16.7,28.0,66.0,81.0,1009.3,100,13.0827,80.275,34.60421250816228
2024-11-19 17:00:00+05:30,87.0,335.1,36.0,26.7,14.2,26.0,70.0,71.0,1009.7,100,13.0827,80.275,11.156940196912887
2024-11-19 18:00:00+05:30,0.0,0.0,0.0,26.7,16.6,29.0,74.0,99.0,1009.9,100,13.0827,80.275,0.0
2024-11-19 19:00:00+05:30,0.0,0.0,0.0,26.5,16.9,31.0,75.0,82.0,1010.9,100,13.0827,80.275,0.0
2024-11-19 20:00:00+05:30,0.0,0.0,0.0,26.3,16.2,30.0,75.0,79.0,1011.5,100,13.0827,80.275,0.0
2024-11-19 21:00:00+05:30,0.0,0.0,0.0,26.1,15.9,28.0,74.0,8.0,1011.8,100,13.0827,80.275,0.0
2024-11-19 22:00:00+05:30,0.0,0.0,0.0,25.9,14.9,35.0,75.0,1.0,1012.1,100,13.0827,80.275,0.0
2024-11-19 23:00:00+05:30,0.0,0.0,0.0,25.8,14.8,38.0,76.0,5.0,1011.7,100,13.0827,80.275,0.0
2024-11-20 00:00:00+05:30,0.0,0.0,0.0,25.6,13.8,37.0,77.0,9.0,1011.3,100,13.0827,80.275,0.0
2024-11-20 01:00:00+05:30,0.0,0.0,0.0,25.4,13.4,36.0,78.0,8.0,1010.6,100,13.0827,80.275,0.0
2024-11-20 02:00:00+05:30,0.0,0.0,0.0,25.3,12.4,33.0,79.0,44.0,1010.1,100,13.0827,80.275,0.0
2024-11-20 03:00:00+05:30,0.0,0.0,0.0,25.1,11.3,33.0,79.0,18.0,1009.9,100,13.0827,80.275,0.0
2024-11-20 04:00:00+05:30,0.0,0.0,0.0,25.1,11.3,29.0,80.0,14.0,1010.0,100,13.0827,80.275,0.0
2024-11-20 05:00:00+05:30,0.0,0.0,0.0,25.0,11.0,23.0,81.0,3.0,1010.3,100,13.0827,80.275,0.0
2024-11-20 06:00:00+05:30,4.0,17.9,3.0,25.7,13.5,31.0,76.0,42.0,1011.3,100,13.0827,80.275,0.0
2024-11-20 07:00:00+05:30,117.0,355.2,53.0,26.6,13.9,37.0,73.0,45.0,1012.1,100,13.0827,80.275,14.902268788495808
2024-11-20 08:00:00+05:30,334.0,602.5,94.0,27.5,16.8,41.0,66.0,16.0,1013.0,100,13.0827,80.275,39.40374168354906
2024-11-20 09:00:00+05:30,509.0,648.9,130.0,27.9,16.0,39.0,64.0,12.0,1013.5,100,13.0827,80.275,56.457979147887876
2024-11-20 10:00:00+05:30,687.0,747.8,145.0,28.5,16.6,37.0,63.0,10.0,1013.1,100,13.0827,80.275,75.45772295055714
2024-11-20 11:00:00+05:30,793.0,801.6,143.0,28.9,16.5,36.0,61.0,18.0,1012.1,100,13.0827,80.275,83.11704686530368
2024-11-20 12:00:00+05:30,815.0,787.8,156.0,28.9,16.4,36.0,61.0,17.0,1011.1,100,13.0827,80.275,84.28490470277708
2024-11-20 13:00:00+05:30,765.0,765.1,153.0,28.8,16.1,36.0,61.0,16.0,1010.1,100,13.0827,80.275,79.35534065546699
2024-11-20 14:00:00+05:30,662.0,749.1,135.0,28.4,15.2,35.0,61.0,14.0,1009.2,100,13.0827,80.275,71.25258400757588
2024-11-20 15:00:00+05:30,499.0,700.3,111.0,28.0,13.9,36.0,61.0,11.0,1009.0,100,13.0827,80.275,56.49191459066702
2024-11-20 16:00:00+05:30,300.0,608.4,80.0,27.4,13.0,35.0,65.0,4.0,1009.2,100,13.0827,80.275,35.272289857901555
2024-11-20 17:00:00+05:30,88.0,335.6,37.0,26.4,11.2,37.0,70.0,4.0,1009.5,100,13.0827,80.275,11.50470317528335
2024-11-20 18:00:00+05:30,0.0,0.0,0.0,26.1,8.0,27.0,75.0,100.0,1010.3,100,13.0827,80.275,0.0
2024-11-20 19:00:00+05:30,0.0,0.0,0.0,25.9,8.1,29.0,76.0,100.0,1011.3,100,13.0827,80.275,0.0
2024-11-20 20:00:00+05:30,0.0,0.0,0.0,26.0,9.6,34.0,76.0,100.0,1011.8,100,13.0827,80.275,0.0
2024-11-20 21:00:00+05:30,0.0,0.0,0.0,26.0,11.6,44.0,76.0,100.0,1011.8,100,13.0827,80.275,0.0
2024-11-20 22:00:00+05:30,0.0,0.0,0.0,26.1,12.7,47.0,74.0,100.0,1011.5,100,13.0827,80.275,0.0
2024-11-20 23:00:00+05:30,0.0,0.0,0.0,25.9,13.5,42.0,74.0,100.0,1011.0,100,13.0827,80.275,0.0
2024-11-21 00:00:00+05:30,0.0,0.0,0.0,25.8,13.7,35.0,74.0,100.0,1010.4,100,13.0827,80.275,0.0
2024-11-21 01:00:00+05:30,0.0,0.0,0.0,25.5,13.6,31.0,75.0,100.0,1009.8,100,13.0827,80.275,0.0
2024-11-21 02:00:00+05:30,0.0,0.0,0.0,25.4,13.9,30.0,76.0,100.0,1009.2,100,13.0827,80.275,0.0
2024-11-21 03:00:00+05:30,0.0,0.0,0.0,25.4,14.2,29.0,76.0,100.0,1009.0,100,13.0827,80.275,0.0
2024-11-21 04:00:00+05:30,0.0,0.0,0.0,25.3,14.1,31.0,75.0,100.0,1008.9,100,13.0827,80.275,0.0
2024-11-21 05:00:00+05:30,0.0,0.0,0.0,25.4,14.2,33.0,75.0,100.0,1009.5,100,13.0827,80.275,0.0
2024-11-21 06:00:00+05:30,3.0,0.0,3.0,25.7,13.9,40.0,77.0,94.0,1010.4,100,13.0827,80.275,0.0
2024-11-21 07:00:00+05:30,100.0,252.8,55.0,26.5,15.3,44.0,74.0,100.0,1011.4,100,13.0827,80.275,11.572566747614493
2024-11-21 08:00:00+05:30,278.0,399.0,120.0,27.4,17.3,43.0,67.0,100.0,1012.3,100,13.0827,80.275,31.19149522489779
2024-11-21 09:00:00+05:30,517.0,648.2,140.0,28.0,16.3,38.0,63.0,30.0,1012.8,100,13.0827,80.275,56.26455633672186
2024-11-21 10:00:00+05:30,669.0,697.7,165.0,28.6,15.8,34.0,61.0,19.0,1012.7,100,13.0827,80.275,67.84018839831461
2024-11-21 11:00:00+05:30,772.0,760.6,157.0,28.9,15.2,33.0,60.0,28.0,1012.1,100,13.0827,80.275,80.00589184240076
2024-11-21 12:00:00+05:30,791.0,723.9,187.0,29.0,14.7,31.0,59.0,44.0,1011.2,100,13.0827,80.275,81.37481131592152
2024-11-21 13:00:00+05:30,743.0,726.7,163.0,28.8,15.4,27.0,59.0,82.0,1010.0,100,13.0827,80.275,75.50305769539212
2024-11-21 14:00:00+05:30,591.0,571.1,190.0,28.5,14.7,28.0,60.0,40.0,1009.2,100,13.0827,80.275,62.25899174510885
2024-11-21 15:00:00+05:30,463.0,596.7,133.0,28.2,14.0,30.0,61.0,13.0,1008.8,100,13.0827,80.275,50.53470283879
2024-11-21 16:00:00+05:30,288.0,554.0,88.0,27.5,13.1,33.0,63.0,1.0,1009.0,100,13.0827,80.275,33.88719837005685
2024-11-21 17:00:00+05:30,89.0,336.1,38.0,26.5,12.1,33.0,68.0,0.0,1009.6,100,13.0827,80.275,11.438120846162967
2024-11-21 18:00:00+05:30,0.0,0.0,0.0,25.9,11.4,28.0,72.0,61.0,1010.6,100,13.0827,80.275,0.0
2024-11-21 19:00:00+05:30,0.0,0.0,0.0,25.7,12.1,33.0,74.0,22.0,1011.8,100,13.0827,80.275,0.0
2024-11-21 20:00:00+05:30,0.0,0.0,0.0,25.7,13.0,35.0,73.0,100.0,1012.2,100,13.0827,80.275,0.0
2024-11-21 21:00:00+05:30,0.0,0.0,0.0,25.6,12.3,38.0,73.0,100.0,1012.4,100,13.0827,80.275,0.0
2024-11-21 22:00:00+05:30,0.0,0.0,0.0,25.5,11.6,35.0,74.0,100.0,1012.4,100,13.0827,80.275,0.0
2024-11-21 23:00:00+05:30,0.0,0.0,0.0,25.2,10.9,27.0,75.0,100.0,1011.8,100,13.0827,80.275,0.0
2024-11-22 00:00:00+05:30,0.0,0.0,0.0,24.9,10.9,19.0,77.0,100.0,1011.1,100,13.0827,80.275,0.0
2024-11-22 01:00:00+05:30,0.0,0.0,0.0,24.8,10.4,21.0,77.0,86.0,1010.7,100,13.0827,80.275,0.0
2024-11-22 02:00:00+05:30,0.0,0.0,0.0,24.7,10.5,19.0,77.0,0.0,1009.9,100,13.0827,80.275,0.0
2024-11-22 03:00:00+05:30,0.0,0.0,0.0,24.4,9.9,12.0,78.0,0.0,1009.4,100,13.0827,80.275,0.0
2024-11-22 04:00:00+05:30,0.0,0.0,0.0,23.9,9.8,353.0,78.0,0.0,1009.1,100,13.0827,80.275,0.0
2024-11-22 05:00:00+05:30,0.0,0.0,0.0,23.1,10.2,336.0,81.0,23.0,1009.4,100,13.0827,80.275,0.0
2024-11-22 06:00:00+05:30,3.0,18.6,2.0,23.7,9.7,348.0,82.0,7.0,1010.4,100,13.0827,80.275,0.0
2024-11-22 07:00:00+05:30,121.0,420.7,47.0,24.7,9.3,345.0,85.0,94.0,1011.3,100,13.0827,80.275,15.923402470116615
2024-11-22 08:00:00+05:30,339.0,645.3,85.0,26.4,9.6,6.0,80.0,62.0,1012.1,100,13.0827,80.275,40.099312273151455
2024-11-22 09:00:00+05:30,533.0,709.6,122.0,27.9,15.4,30.0,66.0,13.0,1012.3,100,13.0827,80.275,60.031433777710376
2024-11-22 10:00:00+05:30,661.0,691.7,163.0,28.5,15.3,32.0,62.0,26.0,1011.9,100,13.0827,80.275,70.87666848496778
2024-11-22 11:00:00+05:30,782.0,777.6,155.0,29.0,16.6,34.0,59.0,91.0,1011.2,100,13.0827,80.275,78.90240824805709
2024-11-22 12:00:00+05:30,789.0,741.3,172.0,29.2,16.8,33.0,58.0,25.0,1010.1,100,13.0827,80.275,80.62720175276341
2024-11-22 13:00:00+05:30,774.0,799.9,137.0,29.1,17.9,32.0,58.0,44.0,1009.2,100,13.0827,80.275,81.67447794817826
2024-11-22 14:00:00+05:30,672.0,779.1,126.0,28.6,18.2,30.0,60.0,87.0,1008.5,100,13.0827,80.275,70.90380487211873
2024-11-22 15:00:00+05:30,383.0,402.1,161.0,28.0,16.2,27.0,61.0,100.0,1008.4,100,13.0827,80.275,39.831875581920464
2024-11-22 16:00:00+05:30,279.0,524.2,90.0,27.7,14.0,22.0,64.0,98.0,1008.6,100,13.0827,80.275,32.28253317643854
2024-11-22 17:00:00+05:30,71.0,217.7,38.0,27.0,11.9,15.0,68.0,46.0,1008.9,100,13.0827,80.275,8.383164492004337
2024-11-22 18:00:00+05:30,0.0,0.0,0.0,26.2,9.8,13.0,76.0,1.0,1010.3,100,13.0827,80.275,0.0
2024-11-22 19:00:00+05:30,0.0,0.0,0.0,25.9,10.4,17.0,77.0,7.0,1011.4,100,13.0827,80.275,0.0
2024-11-22 20:00:00+05:30,0.0,0.0,0.0,25.9,11.5,23.0,78.0,13.0,1011.9,100,13.0827,80.275,0.0
2024-11-22 21:00:00+05:30,0.0,0.0,0.0,26.1,11.9,25.0,78.0,90.0,1012.1,100,13.0827,80.275,0.0
2024-11-22 22:00:00+05:30,0.0,0.0,0.0,26.0,11.7,23.0,78.0,99.0,1011.9,100,13.0827,80.275,0.0
2024-11-22 23:00:00+05:30,0.0,0.0,0.0,26.0,11.6,21.0,79.0,50.0,1011.4,100,13.0827,80.275,0.0
2024-11-23 00:00:00+05:30,0.0,0.0,0.0,25.7,9.7,16.0,80.0,78.0,1011.1,100,13.0827,80.275,0.0
2024-11-23 01:00:00+05:30,0.0,0.0,0.0,25.1,9.5,358.0,83.0,95.0,1010.6,100,13.0827,80.275,0.0
2024-11-23 02:00:00+05:30,0.0,0.0,0.0,24.6,10.8,349.0,85.0,97.0,1010.0,100,13.0827,80.275,0.0
2024-11-23 03:00:00+05:30,0.0,0.0,0.0,24.3,10.1,349.0,89.0,100.0,1009.6,100,13.0827,80.275,0.0
2024-11-23 04:00:00+05:30,0.0,0.0,0.0,23.9,10.1,343.0,89.0,100.0,1010.0,100,13.0827,80.275,0.0
2024-11-23 05:00:00+05:30,0.0,0.0,0.0,23.5,10.2,337.0,87.0,100.0,1010.6,100,13.0827,80.275,0.0
2024-11-23 06:00:00+05:30,3.0,0.0,3.0,23.8,11.8,336.0,90.0,100.0,1011.6,100,13.0827,80.275,0.0
2024-11-23 07:00:00+05:30,88.0,213.0,51.0,24.7,10.6,342.0,87.0,100.0,1012.3,100,13.0827,80.275,10.480108103267538
2024-11-23 08:00:00+05:30,271.0,419.1,107.0,26.1,10.3,353.0,83.0,100.0,1013.2,100,13.0827,80.275,29.72810451494179
2024-11-23 09:00:00+05:30,445.0,464.6,177.0,27.3,13.5,23.0,76.0,100.0,1013.5,100,13.0827,80.275,46.945126818367896
2024-11-23 10:00:00+05:30,526.0,351.2,274.0,28.0,15.9,33.0,73.0,100.0,1012.9,100,13.0827,80.275,52.399548810335865
2024-11-23 11:00:00+05:30,609.0,364.4,316.0,28.4,16.7,35.0,70.0,100.0,1012.1,100,13.0827,80.275,59.317169811757196
2024-11-23 12:00:00+05:30,688.0,498.6,274.0,28.9,17.2,37.0,67.0,100.0,1010.9,100,13.0827,80.275,67.69699059769206
2024-11-23 13:00:00+05:30,667.0,519.7,254.0,28.9,18.0,41.0,67.0,100.0,1009.9,100,13.0827,80.275,65.49471268299725
2024-11-23 14:00:00+05:30,566.0,477.5,232.0,28.7,17.6,41.0,68.0,100.0,1009.1,100,13.0827,80.275,57.087675382348394
2024-11-23 15:00:00+05:30,424.0,422.6,191.0,28.4,16.1,40.0,69.0,100.0,1009.1,100,13.0827,80.275,44.29350690869243
2024-11-23 16:00:00+05:30,243.0,297.1,136.0,27.7,15.6,37.0,72.0,100.0,1009.6,100,13.0827,80.275,26.195494651123088
2024-11-23 17:00:00+05:30,75.0,178.3,48.0,27.0,13.7,27.0,76.0,99.0,1010.0,100,13.0827,80.275,8.331605700860843
2024-11-23 18:00:00+05:30,0.0,0.0,0.0,26.8,13.4,37.0,80.0,49.0,1010.6,100,13.0827,80.275,0.0
2024-11-23 19:00:00+05:30,0.0,0.0,0.0,26.7,11.7,34.0,80.0,56.0,1011.4,100,13.0827,80.275,0.0
2024-11-23 20:00:00+05:30,0.0,0.0,0.0,26.4,11.9,56.0,80.0,76.0,1011.9,100,13.0827,80.275,0.0
2024-11-23 21:00:00+05:30,0.0,0.0,0.0,26.3,13.0,43.0,80.0,95.0,1012.0,100,13.0827,80.275,0.0
2024-11-23 22:00:00+05:30,0.0,0.0,0.0,26.4,12.9,40.0,81.0,100.0,1012.0,100,13.0827,80.275,0.0
2024-11-23 23:00:00+05:30,0.0,0.0,0.0,26.3,13.0,43.0,81.0,100.0,1011.6,100,13.0827,80.275,0.0
2024-11-24 00:00:00+05:30,0.0,0.0,0.0,26.2,12.0,37.0,82.0,100.0,1011.1,100,13.0827,80.275,0.0
2024-11-24 01:00:00+05:30,0.0,0.0,0.0,25.7,11.2,33.0,84.0,100.0,1010.5,100,13.0827,80.275,0.0
2024-11-24 02:00:00+05:30,0.0,0.0,0.0,25.7,11.7,32.0,85.0,100.0,1009.8,100,13.0827,80.275,0.0
2024-11-24 03:00:00+05:30,0.0,0.0,0.0,25.7,11.4,27.0,85.0,100.0,1009.4,100,13.0827,80.275,0.0
2024-11-24 04:00:00+05:30,0.0,0.0,0.0,25.7,11.3,27.0,85.0,100.0,1009.6,100,13.0827,80.275,0.0
2024-11-24 05:00:00+05:30,0.0,0.0,0.0,25.6,10.2,21.0,84.0,100.0,1010.2,100,13.0827,80.275,0.0
2024-11-24 06:00:00+05:30,2.0,0.0,2.0,25.5,8.9,8.0,83.0,100.0,1011.5,100,13.0827,80.275,0.0
2024-11-24 07:00:00+05:30,81.0,58.3,71.0,26.4,9.6,8.0,79.0,97.0,1012.3,100,13.0827,80.275,7.680095261077025
2024-11-24 08:00:00+05:30,285.0,406.2,127.0,27.8,11.2,16.0,71.0,98.0,1013.0,100,13.0827,80.275,30.724972588056083
2024-11-24 09:00:00+05:30,522.0,706.8,116.0,28.7,15.5,28.0,65.0,100.0,1012.9,100,13.0827,80.275,55.305806435238104
2024-11-24 10:00:00+05:30,522.0,391.5,242.0,28.9,16.4,26.0,64.0,100.0,1012.4,100,13.0827,80.275,52.85472809074248
2024-11-24 11:00:00+05:30,752.0,685.9,202.0,29.6,16.7,32.0,61.0,100.0,1011.8,100,13.0827,80.275,74.80475192412106
2024-11-24 12:00:00+05:30,736.0,596.3,242.0,29.5,17.8,36.0,61.0,100.0,1010.9,100,13.0827,80.275,72.27695952973771
2024-11-24 13:00:00+05:30,553.0,238.3,364.0,28.8,18.1,37.0,63.0,100.0,1010.1,100,13.0827,80.275,51.21540189908209
2024-11-24 14:00:00+05:30,316.0,43.0,286.0,28.2,17.6,34.0,66.0,100.0,1009.6,100,13.0827,80.275,27.51737634136465
2024-11-24 15:00:00+05:30,231.0,43.6,207.0,27.9,17.5,32.0,66.0,100.0,1009.4,100,13.0827,80.275,20.393335511161656
2024-11-24 16:00:00+05:30,161.0,80.6,132.0,27.6,15.6,33.0,68.0,100.0,1009.6,100,13.0827,80.275,15.021077525665666
2024-11-24 17:00:00+05:30,65.0,85.9,52.0,26.9,13.5,31.0,73.0,97.0,1010.0,100,13.0827,80.275,6.465498183086092
2024-11-24 18:00:00+05:30,0.0,0.0,0.0,26.6,15.4,30.0,77.0,100.0,1010.8,100,13.0827,80.275,0.0
2024-11-24 19:00:00+05:30,0.0,0.0,0.0,26.6,15.7,30.0,77.0,100.0,1011.4,100,13.0827,80.275,0.0
2024-11-24 20:00:00+05:30,0.0,0.0,0.0,26.5,14.8,31.0,77.0,100.0,1011.7,100,13.0827,80.275,0.0
2024-11-24 21:00:00+05:30,0.0,0.0,0.0,26.4,13.3,36.0,78.0,100.0,1011.9,100,13.0827,80.275,0.0
2024-11-24 22:00:00+05:30,0.0,0.0,0.0,26.3,13.7,32.0,77.0,100.0,1011.8,100,13.0827,80.275,0.0
2024-11-24 23:00:00+05:30,0.0,0.0,0.0,26.0,13.1,32.0,77.0,100.0,1011.3,100,13.0827,80.275,0.0
2024-11-25 00:00:00+05:30,0.0,0.0,0.0,26.0,13.4,32.0,77.0,100.0,1011.0,100,13.0827,80.275,0.0
2024-11-25 01:00:00+05:30,0.0,0.0,0.0,25.8,12.5,27.0,79.0,100.0,1010.1,100,13.0827,80.275,0.0
2024-11-25 02:00:00+05:30,0.0,0.0,0.0,25.4,11.4,18.0,80.0,100.0,1009.4,100,13.0827,80.275,0.0
2024-11-25 03:00:00+05:30,0.0,0.0,0.0,25.2,10.9,16.0,81.0,99.0,1009.0,100,13.0827,80.275,0.0
2024-11-25 04:00:00+05:30,0.0,0.0,0.0,25.0,11.3,7.0,82.0,99.0,1009.0,100,13.0827,80.275,0.0
2024-11-25 05:00:00+05:30,0.0,0.0,0.0,24.7,11.9,360.0,83.0,100.0,1009.3,100,13.0827,80.275,0.0
2024-11-25 06:00:00+05:30,3.0,0.0,3.0,25.5,13.0,6.0,78.0,93.0,1010.1,100,13.0827,80.275,0.0
2024-11-25 07:00:00+05:30,105.0,289.2,56.0,26.3,14.1,4.0,76.0,99.0,1010.9,100,13.0827,80.275,13.131713043004765
2024-11-25 08:00:00+05:30,312.0,545.7,101.0,27.6,17.6,11.0,69.0,100.0,1011.3,100,13.0827,80.275,36.119823037402696
2024-11-25 09:00:00+05:30,488.0,571.6,161.0,28.4,20.9,17.0,64.0,100.0,1011.7,100,13.0827,80.275,52.113033188679935
2024-11-25 10:00:00+05:30,596.0,526.0,221.0,29.0,22.0,21.0,61.0,100.0,1011.4,100,13.0827,80.275,60.25297530164389
2024-11-25 11:00:00+05:30,756.0,702.7,194.0,29.5,22.1,24.0,59.0,100.0,1010.9,100,13.0827,80.275,77.66553462264099
2024-11-25 12:00:00+05:30,769.0,702.9,188.0,29.6,23.0,24.0,58.0,100.0,1009.8,100,13.0827,80.275,78.40661080498003
2024-11-25 13:00:00+05:30,735.0,718.8,166.0,29.2,22.2,18.0,60.0,100.0,1008.5,100,13.0827,80.275,76.37109263975661
2024-11-25 14:00:00+05:30,612.0,576.6,210.0,29.0,21.4,23.0,62.0,100.0,1008.1,100,13.0827,80.275,65.22286530672187
2024-11-25 15:00:00+05:30,455.0,505.6,177.0,28.4,21.3,24.0,65.0,100.0,1008.0,100,13.0827,80.275,47.617136876501505
2024-11-25 16:00:00+05:30,205.0,180.8,140.0,27.7,21.4,21.0,68.0,100.0,1008.0,100,13.0827,80.275,21.320920322368604
2024-11-25 17:00:00+05:30,55.0,33.0,50.0,26.9,19.6,22.0,73.0,100.0,1008.7,100,13.0827,80.275,4.8572332490146755
2024-11-25 18:00:00+05:30,0.0,0.0,0.0,25.5,15.8,30.0,82.0,100.0,1010.5,100,13.0827,80.275,0.0
2024-11-25 19:00:00+05:30,0.0,0.0,0.0,24.9,16.4,29.0,85.0,100.0,1011.3,100,13.0827,80.275,0.0
2024-11-25 20:00:00+05:30,0.0,0.0,0.0,24.7,14.4,8.0,88.0,100.0,1011.5,100,13.0827,80.275,0.0
2024-11-25 21:00:00+05:30,0.0,0.0,0.0,24.6,14.9,7.0,89.0,100.0,1011.0,100,13.0827,80.275,0.0
2024-11-25 22:00:00+05:30,0.0,0.0,0.0,24.3,13.0,3.0,90.0,100.0,1010.6,100,13.0827,80.275,0.0
2024-11-25 23:00:00+05:30,0.0,0.0,0.0,24.7,13.4,4.0,89.0,100.0,1009.8,100,13.0827,80.275,0.0
2024-11-26 00:00:00+05:30,0.0,0.0,0.0,24.9,13.4,11.0,90.0,100.0,1009.2,100,13.0827,80.275,0.0
2024-11-26 01:00:00+05:30,0.0,0.0,0.0,24.8,14.8,3.0,90.0,100.0,1008.4,100,13.0827,80.275,0.0
2024-11-26 02:00:00+05:30,0.0,0.0,0.0,24.4,13.1,1.0,92.0,100.0,1007.6,100,13.0827,80.275,0.0
2024-11-26 03:00:00+05:30,0.0,0.0,0.0,24.4,13.8,354.0,93.0,100.0,1007.0,100,13.0827,80.275,0.0
2024-11-26 04:00:00+05:30,0.0,0.0,0.0,24.4,12.9,352.0,92.0,100.0,1007.3,100,13.0827,80.275,0.0
2024-11-26 05:00:00+05:30,0.0,0.0,0.0,24.4,13.9,349.0,92.0,100.0,1007.7,100,13.0827,80.275,0.0
2024-11-26 06:00:00+05:30,1.0,0.0,1.0,23.9,15.6,39.0,96.0,100.0,1008.9,100,13.0827,80.275,0.0
2024-11-26 07:00:00+05:30,27.0,0.0,27.0,24.7,14.0,28.0,93.0,100.0,1009.4,100,13.0827,80.275,1.8416634439882382
2024-11-26 08:00:00+05:30,136.0,13.0,131.0,25.2,13.5,1.0,90.0,100.0,1010.1,100,13.0827,80.275,11.50069350382426
2024-11-26 09:00:00+05:30,281.0,117.6,214.0,26.1,14.3,31.0,85.0,100.0,1010.4,100,13.0827,80.275,27.37602537253037
2024-11-26 10:00:00+05:30,288.0,46.4,255.0,25.7,11.5,11.0,88.0,100.0,1009.9,100,13.0827,80.275,25.753840998120374
2024-11-26 11:00:00+05:30,314.0,43.9,279.0,26.8,14.7,39.0,84.0,100.0,1009.6,100,13.0827,80.275,27.843448465836147
2024-11-26 12:00:00+05:30,150.0,0.0,150.0,25.7,18.1,48.0,88.0,100.0,1008.6,100,13.0827,80.275,12.626473529782196
2024-11-26 13:00:00+05:30,320.0,39.2,289.0,25.7,14.7,35.0,88.0,100.0,1007.4,100,13.0827,80.275,27.870130994385782
2024-11-26 14:00:00+05:30,237.0,33.0,214.0,26.5,16.9,47.0,84.0,100.0,1006.9,100,13.0827,80.275,21.207450698774753
2024-11-26 15:00:00+05:30,184.0,20.0,173.0,26.2,16.7,35.0,87.0,100.0,1006.6,100,13.0827,80.275,16.101705928084087
2024-11-26 16:00:00+05:30,108.0,19.5,101.0,25.6,15.9,28.0,87.0,100.0,1006.8,100,13.0827,80.275,9.353818286710204
2024-11-26 17:00:00+05:30,30.0,0.0,30.0,25.7,19.6,34.0,86.0,100.0,1007.2,100,13.0827,80.275,2.0865214253205604
2024-11-26 18:00:00+05:30,0.0,0.0,0.0,24.3,14.8,39.0,92.0,100.0,1008.7,100,13.0827,80.275,0.0
2024-11-26 19:00:00+05:30,0.0,0.0,0.0,24.9,15.7,18.0,91.0,100.0,1009.4,100,13.0827,80.275,0.0
2024-11-26 20:00:00+05:30,0.0,0.0,0.0,24.1,16.2,2.0,93.0,100.0,1009.9,100,13.0827,80.275,0.0
2024-11-26 21:00:00+05:30,0.0,0.0,0.0,24.2,14.8,24.0,92.0,100.0,1010.1,100,13.0827,80.275,0.0
2024-11-26 22:00:00+05:30,0.0,0.0,0.0,23.9,13.2,37.0,94.0,100.0,1010.5,100,13.0827,80.275,0.0
2024-11-26 23:00:00+05:30,0.0,0.0,0.0,23.6,12.8,360.0,96.0,100.0,1009.2,100,13.0827,80.275,0.0
2024-11-27 00:00:00+05:30,0.0,0.0,0.0,24.5,15.1,359.0,92.0,100.0,1008.5,100,13.0827,80.275,0.0
2024-11-27 01:00:00+05:30,0.0,0.0,0.0,24.8,17.2,21.0,89.0,100.0,1007.5,100,13.0827,80.275,0.0
2024-11-27 02:00:00+05:30,0.0,0.0,0.0,25.3,21.3,19.0,85.0,100.0,1006.3,100,13.0827,80.275,0.0
2024-11-27 03:00:00+05:30,0.0,0.0,0.0,25.9,22.9,27.0,79.0,100.0,1006.2,100,13.0827,80.275,0.0
2024-11-27 04:00:00+05:30,0.0,0.0,0.0,26.0,24.1,26.0,83.0,100.0,1006.4,100,13.0827,80.275,0.0
2024-11-27 05:00:00+05:30,0.0,0.0,0.0,26.0,24.7,25.0,83.0,100.0,1006.6,100,13.0827,80.275,0.0
2024-11-27 06:00:00+05:30,1.0,0.0,1.0,25.9,24.7,21.0,79.0,100.0,1007.7,100,13.0827,80.275,0.0
2024-11-27 07:00:00+05:30,35.0,0.0,35.0,26.6,24.3,27.0,74.0,100.0,1008.4,100,13.0827,80.275,2.5711721353980854
2024-11-27 08:00:00+05:30,97.0,2.6,96.0,26.9,24.2,28.0,74.0,100.0,1009.3,100,13.0827,80.275,8.301581897047845
2024-11-27 09:00:00+05:30,139.0,0.0,139.0,27.0,24.9,30.0,74.0,100.0,1009.9,100,13.0827,80.275,11.513952013800306
2024-11-27 10:00:00+05:30,221.0,9.9,214.0,27.3,25.5,25.0,71.0,100.0,1008.7,100,13.0827,80.275,19.330459264518584
2024-11-27 11:00:00+05:30,360.0,41.5,327.0,27.7,24.2,26.0,67.0,100.0,1008.6,100,13.0827,80.275,32.32518372914076
2024-11-27 12:00:00+05:30,319.0,24.3,299.0,27.5,25.4,22.0,68.0,100.0,1007.6,100,13.0827,80.275,28.41453699610381
2024-11-27 13:00:00+05:30,367.0,43.1,333.0,27.4,26.8,18.0,68.0,100.0,1006.3,100,13.0827,80.275,31.909344497584243
2024-11-27 14:00:00+05:30,301.0,30.2,280.0,27.1,24.8,16.0,69.0,100.0,1005.5,100,13.0827,80.275,25.879203706928084
2024-11-27 15:00:00+05:30,212.0,36.5,192.0,26.8,22.6,11.0,70.0,100.0,1005.6,100,13.0827,80.275,19.010440414155045
2024-11-27 16:00:00+05:30,116.0,8.4,113.0,26.4,22.4,12.0,71.0,100.0,1005.7,100,13.0827,80.275,9.645203465180352
2024-11-27 17:00:00+05:30,39.0,0.0,39.0,26.0,23.2,12.0,72.0,100.0,1005.9,100,13.0827,80.275,2.864037337081037
2024-11-27 18:00:00+05:30,0.0,0.0,0.0,26.4,26.0,16.0,73.0,100.0,1006.4,100,13.0827,80.275,0.0
2024-11-27 19:00:00+05:30,0.0,0.0,0.0,26.5,26.1,18.0,70.0,100.0,1007.4,100,13.0827,80.275,0.0
2024-11-27 20:00:00+05:30,0.0,0.0,0.0,26.4,24.7,16.0,70.0,100.0,1008.2,100,13.0827,80.275,0.0
2024-11-27 21:00:00+05:30,0.0,0.0,0.0,26.4,21.4,10.0,70.0,100.0,1008.5,100,13.0827,80.275,0.0
2024-11-27 22:00:00+05:30,0.0,0.0,0.0,26.2,21.3,8.0,72.0,100.0,1008.2,100,13.0827,80.275,0.0
2024-11-27 23:00:00+05:30,0.0,0.0,0.0,26.1,23.3,9.0,72.0,100.0,1007.4,100,13.0827,80.275,0.0
2024-11-28 00:00:00+05:30,0.0,0.0,0.0,26.1,23.1,4.0,72.0,100.0,1006.5,100,13.0827,80.275,0.0
2024-11-28 01:00:00+05:30,0.0,0.0,0.0,25.9,21.8,1.0,73.0,100.0,1005.6,100,13.0827,80.275,0.0
2024-11-28 02:00:00+05:30,0.0,0.0,0.0,25.8,20.5,358.0,74.0,100.0,1005.2,100,13.0827,80.275,0.0
2024-11-28 03:00:00+05:30,0.0,0.0,0.0,25.8,20.9,353.0,74.0,100.0,1005.2,100,13.0827,80.275,0.0
2024-11-28 04:00:00+05:30,0.0,0.0,0.0,25.6,22.8,355.0,75.0,100.0,1004.9,100,13.0827,80.275,0.0
2024-11-28 05:00:00+05:30,0.0,0.0,0.0,25.3,21.8,351.0,77.0,100.0,1005.5,100,13.0827,80.275,0.0
2024-11-28 06:00:00+05:30,1.0,0.0,1.0,24.0,19.5,340.0,84.0,100.0,1006.5,100,13.0827,80.275,0.0
2024-11-28 07:00:00+05:30,27.0,0.0,27.0,23.9,20.0,331.0,83.0,100.0,1007.6,100,13.0827,80.275,1.9474950303929912
2024-11-28 08:00:00+05:30,90.0,5.3,88.0,24.3,22.4,335.0,80.0,100.0,1008.3,100,13.0827,80.275,7.765910788703731
2024-11-28 09:00:00+05:30,191.0,0.0,191.0,24.4,16.9,331.0,80.0,100.0,1008.7,100,13.0827,80.275,16.82555104032895
2024-11-28 10:00:00+05:30,261.0,36.8,235.0,25.3,22.0,345.0,79.0,100.0,1008.2,100,13.0827,80.275,23.60225303697387
2024-11-28 11:00:00+05:30,198.0,0.0,198.0,25.8,20.5,358.0,79.0,100.0,1007.3,100,13.0827,80.275,17.175234946914355
2024-11-28 12:00:00+05:30,260.0,49.9,219.0,26.4,25.3,9.0,79.0,100.0,1006.5,100,13.0827,80.275,23.228072934389264
2024-11-28 13:00:00+05:30,207.0,15.2,195.0,26.0,23.8,355.0,79.0,100.0,1005.2,100,13.0827,80.275,18.409411453362114
2024-11-28 14:00:00+05:30,350.0,103.7,278.0,26.4,27.5,1.0,78.0,100.0,1004.8,100,13.0827,80.275,34.267164015596734
2024-11-28 15:00:00+05:30,128.0,0.0,128.0,25.6,24.6,355.0,81.0,100.0,1004.9,100,13.0827,80.275,10.70851680759181
2024-11-28 16:00:00+05:30,56.0,2.8,55.0,24.9,24.5,3.0,86.0,100.0,1005.2,100,13.0827,80.275,4.577026121118556
2024-11-28 17:00:00+05:30,9.0,0.0,9.0,24.2,23.0,351.0,91.0,100.0,1005.5,100,13.0827,80.275,0.2515365726989955
2024-11-28 18:00:00+05:30,0.0,0.0,0.0,25.5,24.1,354.0,79.0,100.0,1005.8,100,13.0827,80.275,0.0
2024-11-28 19:00:00+05:30,0.0,0.0,0.0,25.3,24.0,4.0,86.0,100.0,1006.6,100,13.0827,80.275,0.0
2024-11-28 20:00:00+05:30,0.0,0.0,0.0,24.4,21.0,5.0,93.0,100.0,1007.4,100,13.0827,80.275,0.0
2024-11-28 21:00:00+05:30,0.0,0.0,0.0,24.3,22.9,3.0,95.0,100.0,1007.5,100,13.0827,80.275,0.0
2024-11-28 22:00:00+05:30,0.0,0.0,0.0,24.4,27.2,9.0,94.0,100.0,1007.4,100,13.0827,80.275,0.0
2024-11-28 23:00:00+05:30,0.0,0.0,0.0,24.8,23.8,1.0,92.0,100.0,1006.5,100,13.0827,80.275,0.0
2024-11-29 00:00:00+05:30,0.0,0.0,0.0,24.8,20.4,4.0,93.0,100.0,1005.8,100,13.0827,80.275,0.0
2024-11-29 01:00:00+05:30,0.0,0.0,0.0,24.9,18.5,11.0,93.0,100.0,1005.3,100,13.0827,80.275,0.0
2024-11-29 02:00:00+05:30,0.0,0.0,0.0,25.0,19.0,12.0,93.0,100.0,1004.8,100,13.0827,80.275,0.0
2024-11-29 03:00:00+05:30,0.0,0.0,0.0,24.6,19.2,15.0,95.0,100.0,1004.5,100,13.0827,80.275,0.0
2024-11-29 04:00:00+05:30,0.0,0.0,0.0,25.1,19.9,7.0,92.0,100.0,1003.9,100,13.0827,80.275,0.0
2024-11-29 05:00:00+05:30,0.0,0.0,0.0,24.9,18.6,357.0,93.0,100.0,1004.6,100,13.0827,80.275,0.0
2024-11-29 06:00:00+05:30,0.0,0.0,0.0,23.6,14.8,347.0,97.0,100.0,1006.4,100,13.0827,80.275,0.0
2024-11-29 07:00:00+05:30,36.0,0.0,36.0,23.3,15.9,342.0,91.0,100.0,1007.0,100,13.0827,80.275,2.7048795614682493
2024-11-29 08:00:00+05:30,130.0,26.5,120.0,23.3,18.4,327.0,87.0,100.0,1007.6,100,13.0827,80.275,11.573239792302262
2024-11-29 09:00:00+05:30,289.0,85.3,241.0,23.9,18.7,325.0,85.0,100.0,1008.2,100,13.0827,80.275,27.93929244329364
2024-11-29 10:00:00+05:30,279.0,39.8,251.0,23.5,17.5,320.0,87.0,100.0,1007.6,100,13.0827,80.275,24.80315676063904
2024-11-29 11:00:00+05:30,367.0,94.7,292.0,24.3,20.3,327.0,82.0,100.0,1006.1,100,13.0827,80.275,33.8880769388905
2024-11-29 12:00:00+05:30,268.0,9.8,260.0,24.1,19.9,336.0,85.0,100.0,1005.7,100,13.0827,80.275,23.463715922354307
2024-11-29 13:00:00+05:30,206.0,7.6,200.0,24.7,18.0,358.0,89.0,100.0,1005.1,100,13.0827,80.275,18.29191097028033
2024-11-29 14:00:00+05:30,114.0,0.0,114.0,24.9,18.5,8.0,95.0,100.0,1004.6,100,13.0827,80.275,9.587905269065672
2024-11-29 15:00:00+05:30,82.0,0.0,82.0,24.8,23.1,11.0,93.0,100.0,1004.2,100,13.0827,80.275,6.797113069210962
2024-11-29 16:00:00+05:30,70.0,2.8,69.0,25.1,20.7,10.0,92.0,100.0,1004.4,100,13.0827,80.275,5.786041032916496
2024-11-29 17:00:00+05:30,18.0,0.0,18.0,24.6,20.0,3.0,92.0,100.0,1004.7,100,13.0827,80.275,1.0597218440898428
2024-11-29 18:00:00+05:30,0.0,0.0,0.0,23.9,21.4,336.0,89.0,100.0,1004.8,100,13.0827,80.275,0.0
2024-11-29 19:00:00+05:30,0.0,0.0,0.0,23.9,22.1,337.0,89.0,100.0,1005.1,100,13.0827,80.275,0.0
2024-11-29 20:00:00+05:30,0.0,0.0,0.0,24.0,22.5,348.0,91.0,100.0,1006.4,100,13.0827,80.275,0.0
2024-11-29 21:00:00+05:30,0.0,0.0,0.0,23.9,21.6,356.0,96.0,100.0,1006.5,100,13.0827,80.275,0.0
2024-11-29 22:00:00+05:30,0.0,0.0,0.0,24.0,22.8,355.0,96.0,100.0,1005.9,100,13.0827,80.275,0.0
2024-11-29 23:00:00+05:30,0.0,0.0,0.0,24.1,23.3,357.0,96.0,100.0,1005.2,100,13.0827,80.275,0.0
2024-11-30 00:00:00+05:30,0.0,0.0,0.0,23.9,20.9,345.0,97.0,100.0,1004.5,100,13.0827,80.275,0.0
2024-11-30 01:00:00+05:30,0.0,0.0,0.0,23.9,22.1,1.0,96.0,100.0,1003.3,100,13.0827,80.275,0.0
2024-11-30 02:00:00+05:30,0.0,0.0,0.0,24.4,24.4,11.0,95.0,100.0,1002.7,100,13.0827,80.275,0.0
2024-11-30 03:00:00+05:30,0.0,0.0,0.0,24.7,26.5,9.0,95.0,100.0,1001.9,100,13.0827,80.275,0.0
2024-11-30 04:00:00+05:30,0.0,0.0,0.0,24.9,27.9,3.0,94.0,100.0,1001.3,100,13.0827,80.275,0.0
2024-11-30 05:00:00+05:30,0.0,0.0,0.0,25.1,29.2,4.0,94.0,100.0,1001.5,100,13.0827,80.275,0.0
2024-11-30 06:00:00+05:30,0.0,0.0,0.0,24.6,32.4,351.0,95.0,100.0,1001.4,100,13.0827,80.275,0.0
2024-11-30 07:00:00+05:30,3.0,0.0,3.0,24.6,35.3,352.0,95.0,100.0,1001.3,100,13.0827,80.275,0.0
2024-11-30 08:00:00+05:30,9.0,0.0,9.0,25.3,48.7,23.0,92.0,100.0,1001.4,100,13.0827,80.275,0.24705251227620836
2024-11-30 09:00:00+05:30,32.0,0.0,32.0,25.2,40.7,16.0,94.0,100.0,1002.6,100,13.0827,80.275,2.3035412242659175
2024-11-30 10:00:00+05:30,22.0,0.0,22.0,25.2,36.7,17.0,94.0,100.0,1002.0,100,13.0827,80.275,1.4041059280190988
2024-11-30 11:00:00+05:30,14.0,0.0,14.0,25.0,31.2,9.0,94.0,100.0,1001.3,100,13.0827,80.275,0.7041364360066598
2024-11-30 12:00:00+05:30,20.0,0.0,20.0,25.3,34.9,5.0,94.0,100.0,999.9,100,13.0827,80.275,1.2711000237522783
2024-11-30 13:00:00+05:30,26.0,0.0,26.0,25.3,36.6,3.0,94.0,100.0,998.4,100,13.0827,80.275,1.8087015987793214
2024-11-30 14:00:00+05:30,25.0,0.0,25.0,25.3,37.5,13.0,94.0,100.0,997.5,100,13.0827,80.275,1.7136440407856448
2024-11-30 15:00:00+05:30,10.0,0.0,10.0,25.1,37.2,20.0,94.0,100.0,997.5,100,13.0827,80.275,0.3403464269914131
2024-11-30 16:00:00+05:30,18.0,0.0,18.0,25.4,29.0,33.0,93.0,100.0,998.1,100,13.0827,80.275,1.0580112871982132
2024-11-30 17:00:00+05:30,8.0,0.0,8.0,25.6,31.1,22.0,91.0,100.0,998.7,100,13.0827,80.275,0.15324016839950672
2024-11-30 18:00:00+05:30,0.0,0.0,0.0,26.0,35.6,33.0,88.0,100.0,998.8,100,13.0827,80.275,0.0
2024-11-30 19:00:00+05:30,0.0,0.0,0.0,25.6,33.7,44.0,85.0,100.0,1000.3,100,13.0827,80.275,0.0
2024-11-30 20:00:00+05:30,0.0,0.0,0.0,26.5,32.5,54.0,83.0,100.0,1001.1,100,13.0827,80.275,0.0
2024-11-30 21:00:00+05:30,0.0,0.0,0.0,26.4,32.4,56.0,84.0,100.0,1001.8,100,13.0827,80.275,0.0
2024-11-30 22:00:00+05:30,0.0,0.0,0.0,26.0,32.8,59.0,87.0,100.0,1002.2,100,13.0827,80.275,0.0
2024-11-30 23:00:00+05:30,0.0,0.0,0.0,26.1,28.3,69.0,87.0,100.0,1002.0,100,13.0827,80.275,0.0
2024-12-01 00:00:00+05:30,0.0,0.0,0.0,26.1,23.5,74.0,87.0,100.0,1001.5,100,13.0827,80.275,0.0
2024-12-01 01:00:00+05:30,0.0,0.0,0.0,26.0,25.8,82.0,87.0,100.0,1001.0,100,13.0827,80.275,0.0
2024-12-01 02:00:00+05:30,0.0,0.0,0.0,25.7,22.4,82.0,89.0,100.0,1000.2,100,13.0827,80.275,0.0
2024-12-01 03:00:00+05:30,0.0,0.0,0.0,25.6,19.6,91.0,87.0,100.0,1000.2,100,13.0827,80.275,0.0
2024-12-01 04:00:00+05:30,0.0,0.0,0.0,25.2,14.6,85.0,88.0,100.0,1000.6,100,13.0827,80.275,0.0
2024-12-01 05:00:00+05:30,0.0,0.0,0.0,25.3,16.4,105.0,90.0,100.0,1001.4,100,13.0827,80.275,0.0
2024-12-01 06:00:00+05:30,1.0,0.0,1.0,26.0,28.6,77.0,87.0,100.0,1001.2,100,13.0827,80.275,0.0
2024-12-01 07:00:00+05:30,39.0,31.4,34.0,26.2,25.7,65.0,89.0,100.0,1001.7,100,13.0827,80.275,3.404487972259194
2024-12-01 08:00:00+05:30,171.0,128.7,123.0,26.2,23.9,81.0,86.0,100.0,1002.7,100,13.0827,80.275,16.85271887956811
2024-12-01 09:00:00+05:30,57.0,0.0,57.0,26.1,28.1,84.0,89.0,100.0,1002.8,100,13.0827,80.275,4.570659054509519
2024-12-01 10:00:00+05:30,203.0,5.7,199.0,26.4,28.5,93.0,89.0,100.0,1002.2,100,13.0827,80.275,17.32619040169518
2024-12-01 11:00:00+05:30,206.0,1.3,205.0,26.6,24.3,104.0,87.0,100.0,1001.5,100,13.0827,80.275,17.799638988428892
2024-12-01 12:00:00+05:30,299.0,40.4,266.0,27.1,23.8,103.0,84.0,100.0,1000.7,100,13.0827,80.275,27.113677602437086
2024-12-01 13:00:00+05:30,483.0,271.7,270.0,27.8,24.8,101.0,80.0,100.0,999.7,100,13.0827,80.275,46.77969342167243
2024-12-01 14:00:00+05:30,434.0,328.0,207.0,27.2,24.1,111.0,81.0,97.0,999.3,100,13.0827,80.275,44.41381591737673
2024-12-01 15:00:00+05:30,206.0,65.8,170.0,27.1,20.0,112.0,81.0,98.0,999.5,100,13.0827,80.275,18.971225170434092
2024-12-01 16:00:00+05:30,140.0,61.2,118.0,27.1,18.1,105.0,85.0,100.0,999.7,100,13.0827,80.275,13.030343581619942
2024-12-01 17:00:00+05:30,45.0,32.9,40.0,26.5,18.7,102.0,85.0,100.0,1000.5,100,13.0827,80.275,3.874024695578594
2024-12-01 18:00:00+05:30,0.0,0.0,0.0,24.8,16.5,52.0,95.0,100.0,1002.0,100,13.0827,80.275,0.0
2024-12-01 19:00:00+05:30,0.0,0.0,0.0,24.9,14.8,93.0,94.0,100.0,1003.3,100,13.0827,80.275,0.0
2024-12-01 20:00:00+05:30,0.0,0.0,0.0,25.9,14.4,119.0,90.0,98.0,1003.3,100,13.0827,80.275,0.0
2024-12-01 21:00:00+05:30,0.0,0.0,0.0,25.9,21.8,136.0,88.0,100.0,1003.9,100,13.0827,80.275,0.0
2024-12-01 22:00:00+05:30,0.0,0.0,0.0,26.1,19.0,130.0,86.0,100.0,1004.0,100,13.0827,80.275,0.0
2024-12-01 23:00:00+05:30,0.0,0.0,0.0,25.6,19.2,126.0,90.0,100.0,1003.9,100,13.0827,80.275,0.0
2024-12-02 00:00:00+05:30,0.0,0.0,0.0,25.5,18.8,150.0,92.0,100.0,1003.2,100,13.0827,80.275,0.0
2024-12-02 01:00:00+05:30,0.0,0.0,0.0,25.4,20.0,145.0,91.0,100.0,1002.9,100,13.0827,80.275,0.0
2024-12-02 02:00:00+05:30,0.0,0.0,0.0,25.3,16.6,153.0,91.0,100.0,1002.5,100,13.0827,80.275,0.0
2024-12-02 03:00:00+05:30,0.0,0.0,0.0,25.5,15.4,159.0,91.0,100.0,1002.1,100,13.0827,80.275,0.0
2024-12-02 04:00:00+05:30,0.0,0.0,0.0,25.5,11.5,151.0,92.0,100.0,1002.2,100,13.0827,80.275,0.0
2024-12-02 05:00:00+05:30,0.0,0.0,0.0,25.4,9.7,140.0,92.0,100.0,1003.1,100,13.0827,80.275,0.0
2024-12-02 06:00:00+05:30,1.0,0.0,1.0,25.4,11.7,143.0,92.0,99.0,1003.8,100,13.0827,80.275,0.0
2024-12-02 07:00:00+05:30,76.0,158.2,51.0,26.1,11.1,133.0,90.0,98.0,1004.9,100,13.0827,80.275,8.544206804625626
2024-12-02 08:00:00+05:30,223.0,267.1,124.0,27.6,14.5,143.0,82.0,100.0,1005.7,100,13.0827,80.275,23.931802466973735
2024-12-02 09:00:00+05:30,441.0,501.7,162.0,28.2,16.2,141.0,80.0,97.0,1005.8,100,13.0827,80.275,48.0820132684403
2024-12-02 10:00:00+05:30,559.0,567.5,163.0,28.6,18.3,141.0,76.0,92.0,1005.9,100,13.0827,80.275,61.053036655711416
2024-12-02 11:00:00+05:30,613.0,499.9,220.0,28.7,19.3,138.0,76.0,90.0,1005.2,100,13.0827,80.275,62.81454558705752
2024-12-02 12:00:00+05:30,664.0,569.1,200.0,28.9,20.4,137.0,75.0,87.0,1004.5,100,13.0827,80.275,68.03204860667299
2024-12-02 13:00:00+05:30,705.0,670.5,180.0,28.9,19.9,139.0,75.0,20.0,1003.9,100,13.0827,80.275,73.10327364100503
2024-12-02 14:00:00+05:30,619.0,686.8,144.0,28.9,17.6,140.0,75.0,63.0,1003.7,100,13.0827,80.275,67.24441853592486
2024-12-02 15:00:00+05:30,473.0,652.3,116.0,28.6,18.5,132.0,74.0,87.0,1003.3,100,13.0827,80.275,53.29680494877978
2024-12-02 16:00:00+05:30,248.0,413.9,99.0,27.7,19.2,130.0,79.0,94.0,1003.9,100,13.0827,80.275,28.589852338694843
2024-12-02 17:00:00+05:30,71.0,203.8,40.0,27.2,16.7,134.0,82.0,91.0,1004.8,100,13.0827,80.275,8.815161612765483
2024-12-02 18:00:00+05:30,0.0,0.0,0.0,25.6,15.3,140.0,93.0,100.0,1005.6,100,13.0827,80.275,0.0
2024-12-02 19:00:00+05:30,0.0,0.0,0.0,26.1,14.1,129.0,91.0,97.0,1006.6,100,13.0827,80.275,0.0
2024-12-02 20:00:00+05:30,0.0,0.0,0.0,26.2,13.4,122.0,90.0,90.0,1007.3,100,13.0827,80.275,0.0
2024-12-02 21:00:00+05:30,0.0,0.0,0.0,26.2,13.1,136.0,89.0,93.0,1007.8,100,13.0827,80.275,0.0
2024-12-02 22:00:00+05:30,0.0,0.0,0.0,26.2,12.0,144.0,89.0,88.0,1008.0,100,13.0827,80.275,0.0
2024-12-02 23:00:00+05:30,0.0,0.0,0.0,25.5,12.7,165.0,91.0,100.0,1008.3,100,13.0827,80.275,0.0
2024-12-03 00:00:00+05:30,0.0,0.0,0.0,25.6,11.2,164.0,91.0,99.0,1007.5,100,13.0827,80.275,0.0
2024-12-03 01:00:00+05:30,0.0,0.0,0.0,25.3,11.3,166.0,91.0,96.0,1007.1,100,13.0827,80.275,0.0
2024-12-03 02:00:00+05:30,0.0,0.0,0.0,25.1,13.9,155.0,92.0,100.0,1006.7,100,13.0827,80.275,0.0
2024-12-03 03:00:00+05:30,0.0,0.0,0.0,25.1,11.7,157.0,92.0,74.0,1006.4,100,13.0827,80.275,0.0
2024-12-03 04:00:00+05:30,0.0,0.0,0.0,24.8,11.2,162.0,94.0,100.0,1006.8,100,13.0827,80.275,0.0
2024-12-03 05:00:00+05:30,0.0,0.0,0.0,24.6,9.2,159.0,94.0,93.0,1007.4,100,13.0827,80.275,0.0
2024-12-03 06:00:00+05:30,1.0,0.0,1.0,25.6,13.4,151.0,90.0,52.0,1007.9,100,13.0827,80.275,0.0
2024-12-03 07:00:00+05:30,72.0,172.2,45.0,26.4,9.9,145.0,89.0,88.0,1008.9,100,13.0827,80.275,8.195652638317052
2024-12-03 08:00:00+05:30,253.0,371.9,116.0,27.0,8.7,163.0,85.0,99.0,1009.4,100,13.0827,80.275,27.892108511803293
2024-12-03 09:00:00+05:30,449.0,545.3,147.0,28.1,11.4,154.0,80.0,100.0,1009.8,100,13.0827,80.275,47.98726229861256
2024-12-03 10:00:00+05:30,627.0,675.5,157.0,29.0,10.7,149.0,76.0,98.0,1009.8,100,13.0827,80.275,64.77075720534924
2024-12-03 11:00:00+05:30,664.0,605.5,189.0,29.3,10.0,139.0,74.0,100.0,1009.4,100,13.0827,80.275,67.55778619317545
2024-12-03 12:00:00+05:30,769.0,731.1,174.0,29.4,10.5,125.0,75.0,99.0,1008.7,100,13.0827,80.275,77.83618078003853
2024-12-03 13:00:00+05:30,757.0,780.0,147.0,29.2,12.0,120.0,76.0,99.0,1007.5,100,13.0827,80.275,76.62556586585394
2024-12-03 14:00:00+05:30,646.0,749.5,128.0,28.8,12.8,112.0,77.0,70.0,1006.6,100,13.0827,80.275,69.38416852823059
2024-12-03 15:00:00+05:30,489.0,696.1,108.0,28.3,13.4,107.0,79.0,100.0,1006.5,100,13.0827,80.275,54.818690534288045
2024-12-03 16:00:00+05:30,276.0,516.1,90.0,27.8,11.5,104.0,82.0,98.0,1007.4,100,13.0827,80.275,33.030634583537804
2024-12-03 17:00:00+05:30,81.0,223.1,47.0,27.1,9.8,103.0,86.0,98.0,1007.9,100,13.0827,80.275,9.790706680808546
2024-12-03 18:00:00+05:30,1.0,0.0,1.0,27.1,10.3,91.0,88.0,100.0,1008.9,100,13.0827,80.275,0.0
2024-12-03 19:00:00+05:30,0.0,0.0,0.0,27.0,8.6,88.0,88.0,100.0,1009.7,100,13.0827,80.275,0.0
2024-12-03 20:00:00+05:30,0.0,0.0,0.0,27.0,8.3,85.0,88.0,100.0,1010.2,100,13.0827,80.275,0.0
2024-12-03 21:00:00+05:30,0.0,0.0,0.0,27.0,8.5,84.0,87.0,100.0,1010.4,100,13.0827,80.275,0.0
2024-12-03 22:00:00+05:30,0.0,0.0,0.0,27.0,9.3,82.0,86.0,84.0,1010.2,100,13.0827,80.275,0.0
2024-12-03 23:00:00+05:30,0.0,0.0,0.0,26.9,9.6,82.0,86.0,27.0,1009.7,100,13.0827,80.275,0.0
2024-12-04 00:00:00+05:30,0.0,0.0,0.0,26.7,9.0,80.0,86.0,96.0,1009.3,100,13.0827,80.275,0.0
2024-12-04 01:00:00+05:30,0.0,0.0,0.0,26.6,9.9,78.0,87.0,100.0,1008.9,100,13.0827,80.275,0.0
2024-12-04 02:00:00+05:30,0.0,0.0,0.0,26.4,7.1,83.0,89.0,86.0,1008.4,100,13.0827,80.275,0.0
2024-12-04 03:00:00+05:30,0.0,0.0,0.0,26.2,5.6,75.0,90.0,55.0,1008.1,100,13.0827,80.275,0.0
2024-12-04 04:00:00+05:30,0.0,0.0,0.0,26.0,5.9,70.0,90.0,21.0,1008.2,100,13.0827,80.275,0.0
2024-12-04 05:00:00+05:30,0.0,0.0,0.0,26.0,5.4,64.0,90.0,14.0,1008.5,100,13.0827,80.275,0.0
2024-12-04 06:00:00+05:30,1.0,0.0,1.0,26.3,5.2,63.0,90.0,38.0,1009.2,100,13.0827,80.275,0.0
2024-12-04 07:00:00+05:30,59.0,122.1,40.0,26.8,5.0,52.0,89.0,10.0,1010.1,100,13.0827,80.275,6.682246535475787
2024-12-04 08:00:00+05:30,225.0,336.0,102.0,27.5,6.4,43.0,84.0,21.0,1011.2,100,13.0827,80.275,24.968702551015692
2024-12-04 09:00:00+05:30,418.0,496.8,144.0,28.1,6.5,42.0,82.0,25.0,1011.5,100,13.0827,80.275,45.64586057264686
2024-12-04 10:00:00+05:30,591.0,618.4,162.0,28.7,7.2,53.0,78.0,45.0,1011.4,100,13.0827,80.275,61.71726367257876
2024-12-04 11:00:00+05:30,649.0,578.8,196.0,28.8,8.4,56.0,76.0,42.0,1010.7,100,13.0827,80.275,66.35485436266636
2024-12-04 12:00:00+05:30,569.0,340.9,292.0,28.0,8.8,86.0,78.0,52.0,1009.7,100,13.0827,80.275,56.1325952806107
2024-12-04 13:00:00+05:30,550.0,408.4,231.0,27.8,9.0,46.0,81.0,27.0,1008.7,100,13.0827,80.275,56.27842874890466
2024-12-04 14:00:00+05:30,627.0,699.3,144.0,28.1,9.8,46.0,80.0,7.0,1007.9,100,13.0827,80.275,66.28055464277486
2024-12-04 15:00:00+05:30,465.0,628.4,121.0,28.1,9.7,47.0,79.0,4.0,1007.5,100,13.0827,80.275,52.444125578096454
2024-12-04 16:00:00+05:30,279.0,526.4,89.0,27.5,10.7,44.0,82.0,15.0,1007.7,100,13.0827,80.275,33.808276777266435
2024-12-04 17:00:00+05:30,76.0,242.2,39.0,26.9,10.1,35.0,85.0,18.0,1008.6,100,13.0827,80.275,9.891330033779218
2024-12-04 18:00:00+05:30,1.0,0.0,1.0,26.5,6.0,51.0,90.0,36.0,1009.2,100,13.0827,80.275,0.0
2024-12-04 19:00:00+05:30,0.0,0.0,0.0,26.4,4.9,39.0,92.0,30.0,1010.2,100,13.0827,80.275,0.0
2024-12-04 20:00:00+05:30,0.0,0.0,0.0,25.6,7.2,71.0,91.0,100.0,1010.9,100,13.0827,80.275,0.0
2024-12-04 21:00:00+05:30,0.0,0.0,0.0,25.6,8.2,80.0,94.0,46.0,1011.4,100,13.0827,80.275,0.0
2024-12-04 22:00:00+05:30,0.0,0.0,0.0,25.2,1.2,39.0,95.0,42.0,1011.5,100,13.0827,80.275,0.0
2024-12-04 23:00:00+05:30,0.0,0.0,0.0,24.8,4.6,306.0,95.0,56.0,1011.4,100,13.0827,80.275,0.0
2024-12-05 00:00:00+05:30,0.0,0.0,0.0,24.4,5.9,317.0,97.0,39.0,1010.6,100,13.0827,80.275,0.0
2024-12-05 01:00:00+05:30,0.0,0.0,0.0,24.0,7.3,308.0,98.0,47.0,1010.0,100,13.0827,80.275,0.0
2024-12-05 02:00:00+05:30,0.0,0.0,0.0,24.0,8.2,322.0,97.0,74.0,1009.7,100,13.0827,80.275,0.0
2024-12-05 03:00:00+05:30,0.0,0.0,0.0,23.8,7.4,317.0,97.0,100.0,1009.2,100,13.0827,80.275,0.0
2024-12-05 04:00:00+05:30,0.0,0.0,0.0,23.7,6.5,312.0,97.0,100.0,1009.4,100,13.0827,80.275,0.0
2024-12-05 05:00:00+05:30,0.0,0.0,0.0,23.8,6.8,318.0,96.0,59.0,1009.6,100,13.0827,80.275,0.0
2024-12-05 06:00:00+05:30,1.0,0.0,1.0,24.1,5.7,319.0,98.0,46.0,1010.6,100,13.0827,80.275,0.0
2024-12-05 07:00:00+05:30,71.0,174.9,44.0,24.8,6.7,333.0,94.0,84.0,1011.7,100,13.0827,80.275,8.4445850754939
2024-12-05 08:00:00+05:30,207.0,255.7,114.0,25.5,7.7,351.0,91.0,40.0,1012.3,100,13.0827,80.275,22.794560500282014
2024-12-05 09:00:00+05:30,381.0,322.2,204.0,26.7,7.8,9.0,85.0,55.0,1012.7,100,13.0827,80.275,39.50379351955612
2024-12-05 10:00:00+05:30,576.0,539.3,203.0,27.8,7.3,16.0,82.0,50.0,1012.3,100,13.0827,80.275,58.16028508348359
2024-12-05 11:00:00+05:30,708.0,651.7,199.0,28.6,7.7,28.0,79.0,37.0,1011.5,100,13.0827,80.275,72.64129829436955
2024-12-05 12:00:00+05:30,732.0,637.3,215.0,29.1,8.7,43.0,75.0,28.0,1010.4,100,13.0827,80.275,75.19590551359107
2024-12-05 13:00:00+05:30,592.0,452.4,239.0,28.4,10.0,52.0,77.0,5.0,1009.4,100,13.0827,80.275,59.14760831455177
2024-12-05 14:00:00+05:30,615.0,670.6,152.0,28.2,10.8,52.0,79.0,7.0,1008.4,100,13.0827,80.275,66.34983350172206
2024-12-05 15:00:00+05:30,475.0,659.3,114.0,27.9,11.2,52.0,80.0,3.0,1007.9,100,13.0827,80.275,54.71646783164681
2024-12-05 16:00:00+05:30,285.0,547.7,87.0,27.1,11.5,48.0,84.0,4.0,1008.1,100,13.0827,80.275,35.42659849385726
2024-12-05 17:00:00+05:30,85.0,293.8,40.0,26.5,10.1,49.0,88.0,9.0,1008.8,100,13.0827,80.275,11.52220789281223
2024-12-05 18:00:00+05:30,1.0,0.0,1.0,26.9,5.8,64.0,89.0,0.0,1009.7,100,13.0827,80.275,0.0
2024-12-05 19:00:00+05:30,0.0,0.0,0.0,26.6,5.0,52.0,90.0,0.0,1010.7,100,13.0827,80.275,0.0
2024-12-05 20:00:00+05:30,0.0,0.0,0.0,26.4,5.5,41.0,91.0,1.0,1011.3,100,13.0827,80.275,0.0
2024-12-05 21:00:00+05:30,0.0,0.0,0.0,26.1,5.7,9.0,93.0,1.0,1011.8,100,13.0827,80.275,0.0
2024-12-05 22:00:00+05:30,0.0,0.0,0.0,25.6,4.2,5.0,94.0,16.0,1011.4,100,13.0827,80.275,0.0
2024-12-05 23:00:00+05:30,0.0,0.0,0.0,25.4,4.4,353.0,95.0,11.0,1011.1,100,13.0827,80.275,0.0
2024-12-06 00:00:00+05:30,0.0,0.0,0.0,25.0,4.6,339.0,97.0,24.0,1010.6,100,13.0827,80.275,0.0
2024-12-06 01:00:00+05:30,0.0,0.0,0.0,24.6,3.6,323.0,98.0,45.0,1010.0,100,13.0827,80.275,0.0
2024-12-06 02:00:00+05:30,0.0,0.0,0.0,24.5,4.6,312.0,98.0,65.0,1009.4,100,13.0827,80.275,0.0
2024-12-06 03:00:00+05:30,0.0,0.0,0.0,24.5,6.0,303.0,97.0,100.0,1009.3,100,13.0827,80.275,0.0
2024-12-06 04:00:00+05:30,0.0,0.0,0.0,24.4,5.7,311.0,98.0,100.0,1009.5,100,13.0827,80.275,0.0
2024-12-06 05:00:00+05:30,0.0,0.0,0.0,24.2,6.8,318.0,100.0,100.0,1010.0,100,13.0827,80.275,0.0
2024-12-06 06:00:00+05:30,0.0,0.0,0.0,25.3,3.1,306.0,98.0,100.0,1010.7,100,13.0827,80.275,0.0
2024-12-06 07:00:00+05:30,57.0,137.1,36.0,25.4,4.6,315.0,98.0,82.0,1011.4,100,13.0827,80.275,6.8227578897775505
2024-12-06 08:00:00+05:30,221.0,271.2,123.0,26.2,4.0,321.0,92.0,27.0,1012.3,100,13.0827,80.275,24.223235376090297
2024-12-06 09:00:00+05:30,459.0,597.6,132.0,27.2,6.4,22.0,86.0,58.0,1012.8,100,13.0827,80.275,50.96482297770642
2024-12-06 10:00:00+05:30,557.0,551.0,177.0,27.8,6.6,41.0,82.0,53.0,1012.3,100,13.0827,80.275,58.35122045216077
2024-12-06 11:00:00+05:30,695.0,639.0,197.0,28.0,8.7,42.0,81.0,83.0,1011.5,100,13.0827,80.275,71.53185252534536
2024-12-06 12:00:00+05:30,574.0,386.4,261.0,27.9,9.4,50.0,80.0,58.0,1010.6,100,13.0827,80.275,55.45824313092945
2024-12-06 13:00:00+05:30,558.0,398.9,247.0,27.8,11.4,57.0,80.0,53.0,1009.5,100,13.0827,80.275,56.086553490972165
2024-12-06 14:00:00+05:30,493.0,437.6,191.0,28.0,10.1,63.0,77.0,49.0,1008.8,100,13.0827,80.275,50.55539433098462
2024-12-06 15:00:00+05:30,437.0,555.0,133.0,27.6,9.9,65.0,81.0,93.0,1008.4,100,13.0827,80.275,48.530431973783095
2024-12-06 16:00:00+05:30,274.0,499.8,93.0,27.2,9.3,63.0,83.0,34.0,1008.5,100,13.0827,80.275,33.4009727739025
2024-12-06 17:00:00+05:30,81.0,253.9,42.0,26.5,9.0,75.0,86.0,46.0,1009.1,100,13.0827,80.275,10.411543528996086
2024-12-06 18:00:00+05:30,1.0,0.0,1.0,26.8,10.2,69.0,88.0,30.0,1009.4,100,13.0827,80.275,0.0
2024-12-06 19:00:00+05:30,0.0,0.0,0.0,26.4,9.1,75.0,91.0,95.0,1010.2,100,13.0827,80.275,0.0
2024-12-06 20:00:00+05:30,0.0,0.0,0.0,26.2,6.6,79.0,92.0,100.0,1010.9,100,13.0827,80.275,0.0
2024-12-06 21:00:00+05:30,0.0,0.0,0.0,26.1,5.3,57.0,93.0,100.0,1011.3,100,13.0827,80.275,0.0
2024-12-06 22:00:00+05:30,0.0,0.0,0.0,25.8,3.6,45.0,93.0,100.0,1011.0,100,13.0827,80.275,0.0
2024-12-06 23:00:00+05:30,0.0,0.0,0.0,25.4,2.1,20.0,94.0,99.0,1010.4,100,13.0827,80.275,0.0
2024-12-07 00:00:00+05:30,0.0,0.0,0.0,25.0,3.1,357.0,96.0,20.0,1009.9,100,13.0827,80.275,0.0
2024-12-07 01:00:00+05:30,0.0,0.0,0.0,24.7,2.7,328.0,97.0,39.0,1009.4,100,13.0827,80.275,0.0
2024-12-07 02:00:00+05:30,0.0,0.0,0.0,24.5,3.6,311.0,98.0,75.0,1009.0,100,13.0827,80.275,0.0
2024-12-07 03:00:00+05:30,0.0,0.0,0.0,24.3,4.1,311.0,98.0,100.0,1008.6,100,13.0827,80.275,0.0
2024-12-07 04:00:00+05:30,0.0,0.0,0.0,24.1,4.3,327.0,99.0,100.0,1008.9,100,13.0827,80.275,0.0
2024-12-07 05:00:00+05:30,0.0,0.0,0.0,24.2,5.8,324.0,98.0,99.0,1009.4,100,13.0827,80.275,0.0
2024-12-07 06:00:00+05:30,1.0,0.0,1.0,25.1,4.4,330.0,95.0,97.0,1010.0,100,13.0827,80.275,0.0
2024-12-07 07:00:00+05:30,65.0,157.9,41.0,25.3,6.4,331.0,97.0,100.0,1010.8,100,13.0827,80.275,7.473668080385787
2024-12-07 08:00:00+05:30,236.0,300.7,128.0,26.8,4.7,344.0,91.0,14.0,1011.6,100,13.0827,80.275,26.302582544861977
2024-12-07 09:00:00+05:30,476.0,638.6,128.0,28.4,7.5,57.0,77.0,10.0,1012.1,100,13.0827,80.275,52.84690334322363
2024-12-07 10:00:00+05:30,646.0,756.1,126.0,29.0,9.3,71.0,72.0,14.0,1011.7,100,13.0827,80.275,71.25163903969846
2024-12-07 11:00:00+05:30,751.0,793.3,134.0,29.2,9.5,80.0,71.0,2.0,1011.1,100,13.0827,80.275,78.78109882315587
2024-12-07 12:00:00+05:30,790.0,811.0,134.0,29.2,9.7,90.0,69.0,0.0,1010.3,100,13.0827,80.275,81.82881926149724
2024-12-07 13:00:00+05:30,765.0,820.4,126.0,29.1,9.8,98.0,67.0,3.0,1009.3,100,13.0827,80.275,80.3466832711681
2024-12-07 14:00:00+05:30,667.0,800.1,115.0,28.8,10.5,98.0,69.0,0.0,1008.7,100,13.0827,80.275,72.4032131607922
2024-12-07 15:00:00+05:30,504.0,733.5,102.0,28.4,10.8,95.0,72.0,0.0,1008.7,100,13.0827,80.275,57.876018664244306
2024-12-07 16:00:00+05:30,299.0,598.0,82.0,27.8,10.2,97.0,74.0,1.0,1008.8,100,13.0827,80.275,36.37942087937529
2024-12-07 17:00:00+05:30,93.0,344.1,40.0,27.0,7.2,90.0,79.0,12.0,1009.2,100,13.0827,80.275,13.213807329092482
2024-12-07 18:00:00+05:30,1.0,0.0,1.0,27.0,7.9,103.0,80.0,38.0,1009.8,100,13.0827,80.275,0.0
2024-12-07 19:00:00+05:30,0.0,0.0,0.0,26.8,7.6,108.0,81.0,49.0,1010.7,100,13.0827,80.275,0.0
2024-12-07 20:00:00+05:30,0.0,0.0,0.0,26.7,6.5,109.0,82.0,100.0,1011.1,100,13.0827,80.275,0.0
2024-12-07 21:00:00+05:30,0.0,0.0,0.0,26.4,6.3,108.0,83.0,100.0,1011.1,100,13.0827,80.275,0.0
2024-12-07 22:00:00+05:30,0.0,0.0,0.0,26.2,6.0,106.0,83.0,100.0,1010.9,100,13.0827,80.275,0.0
2024-12-07 23:00:00+05:30,0.0,0.0,0.0,25.6,4.3,114.0,86.0,100.0,1010.5,100,13.0827,80.275,0.0
2024-12-08 00:00:00+05:30,0.0,0.0,0.0,25.4,3.6,117.0,85.0,85.0,1010.3,100,13.0827,80.275,0.0
2024-12-08 01:00:00+05:30,0.0,0.0,0.0,25.2,3.2,109.0,86.0,18.0,1009.6,100,13.0827,80.275,0.0
2024-12-08 02:00:00+05:30,0.0,0.0,0.0,24.9,2.7,110.0,86.0,16.0,1009.4,100,13.0827,80.275,0.0
2024-12-08 03:00:00+05:30,0.0,0.0,0.0,24.7,1.2,117.0,87.0,3.0,1009.1,100,13.0827,80.275,0.0
2024-12-08 04:00:00+05:30,0.0,0.0,0.0,24.3,1.2,153.0,88.0,9.0,1009.2,100,13.0827,80.275,0.0
2024-12-08 05:00:00+05:30,0.0,0.0,0.0,23.8,0.4,270.0,91.0,27.0,1009.9,100,13.0827,80.275,0.0
2024-12-08 06:00:00+05:30,1.0,0.0,1.0,25.5,2.0,90.0,84.0,86.0,1010.3,100,13.0827,80.275,0.0
2024-12-08 07:00:00+05:30,80.0,205.6,49.0,26.4,1.6,90.0,84.0,32.0,1011.3,100,13.0827,80.275,9.61202532025729
2024-12-08 08:00:00+05:30,271.0,445.6,112.0,27.8,3.0,104.0,75.0,16.0,1012.2,100,13.0827,80.275,31.505502155029284
2024-12-08 09:00:00+05:30,478.0,676.1,111.0,28.6,7.3,106.0,69.0,7.0,1012.4,100,13.0827,80.275,53.76631237145171
2024-12-08 10:00:00+05:30,637.0,727.5,138.0,29.1,7.7,102.0,66.0,6.0,1012.1,100,13.0827,80.275,68.29286173004776
2024-12-08 11:00:00+05:30,734.0,762.6,142.0,29.3,7.7,90.0,65.0,5.0,1011.3,100,13.0827,80.275,77.2204565310051
2024-12-08 12:00:00+05:30,798.0,822.0,134.0,29.4,8.3,79.0,65.0,8.0,1010.3,100,13.0827,80.275,80.69241066711494
2024-12-08 13:00:00+05:30,764.0,815.9,129.0,29.2,9.3,75.0,66.0,13.0,1009.4,100,13.0827,80.275,80.4076920575852
2024-12-08 14:00:00+05:30,647.0,761.0,122.0,28.9,9.8,77.0,68.0,44.0,1008.7,100,13.0827,80.275,69.30298953079406
2024-12-08 15:00:00+05:30,497.0,705.7,110.0,28.5,9.4,73.0,69.0,2.0,1008.5,100,13.0827,80.275,56.22571442718122
2024-12-08 16:00:00+05:30,298.0,593.9,82.0,27.9,8.7,76.0,72.0,0.0,1008.3,100,13.0827,80.275,36.434866135604004
2024-12-08 17:00:00+05:30,94.0,343.0,41.0,26.9,7.6,85.0,78.0,0.0,1008.5,100,13.0827,80.275,13.27131320715345
2024-12-08 18:00:00+05:30,1.0,0.0,1.0,26.7,9.0,84.0,82.0,6.0,1009.4,100,13.0827,80.275,0.0
2024-12-08 19:00:00+05:30,0.0,0.0,0.0,26.4,8.5,90.0,85.0,2.0,1010.1,100,13.0827,80.275,0.0
2024-12-08 20:00:00+05:30,0.0,0.0,0.0,26.2,7.7,89.0,87.0,0.0,1010.4,100,13.0827,80.275,0.0
2024-12-08 21:00:00+05:30,0.0,0.0,0.0,26.2,7.7,93.0,87.0,50.0,1010.8,100,13.0827,80.275,0.0
2024-12-08 22:00:00+05:30,0.0,0.0,0.0,25.9,4.9,80.0,88.0,99.0,1010.8,100,13.0827,80.275,0.0
2024-12-08 23:00:00+05:30,0.0,0.0,0.0,25.6,4.6,72.0,90.0,100.0,1010.3,100,13.0827,80.275,0.0
2024-12-09 00:00:00+05:30,0.0,0.0,0.0,25.0,3.6,99.0,91.0,100.0,1009.8,100,13.0827,80.275,0.0
2024-12-09 01:00:00+05:30,0.0,0.0,0.0,24.9,2.2,95.0,91.0,100.0,1009.3,100,13.0827,80.275,0.0
2024-12-09 02:00:00+05:30,0.0,0.0,0.0,24.8,1.0,59.0,91.0,100.0,1009.0,100,13.0827,80.275,0.0
2024-12-09 03:00:00+05:30,0.0,0.0,0.0,24.3,1.5,346.0,93.0,100.0,1008.6,100,13.0827,80.275,0.0
2024-12-09 04:00:00+05:30,0.0,0.0,0.0,23.9,2.3,299.0,95.0,100.0,1009.0,100,13.0827,80.275,0.0
2024-12-09 05:00:00+05:30,0.0,0.0,0.0,23.3,2.4,287.0,97.0,99.0,1009.5,100,13.0827,80.275,0.0
2024-12-09 06:00:00+05:30,0.0,0.0,0.0,24.4,5.5,306.0,94.0,91.0,1009.9,100,13.0827,80.275,0.0
2024-12-09 07:00:00+05:30,69.0,207.2,38.0,25.1,6.8,297.0,93.0,76.0,1010.9,100,13.0827,80.275,8.738397783903437
2024-12-09 08:00:00+05:30,267.0,502.0,89.0,26.4,6.4,292.0,86.0,31.0,1011.7,100,13.0827,80.275,31.877356350169347
2024-12-09 09:00:00+05:30,450.0,615.8,117.0,27.5,5.3,336.0,81.0,32.0,1012.1,100,13.0827,80.275,49.870798137197475
2024-12-09 10:00:00+05:30,582.0,618.4,159.0,28.2,6.6,21.0,76.0,13.0,1011.8,100,13.0827,80.275,63.59926482217003
2024-12-09 11:00:00+05:30,680.0,655.7,172.0,28.7,8.7,45.0,73.0,22.0,1011.0,100,13.0827,80.275,70.01724086806325
2024-12-09 12:00:00+05:30,714.0,694.1,154.0,29.0,10.0,52.0,70.0,82.0,1010.3,100,13.0827,80.275,74.56235850218093
2024-12-09 13:00:00+05:30,736.0,753.4,150.0,29.2,10.8,54.0,69.0,87.0,1009.2,100,13.0827,80.275,73.32803083287419
2024-12-09 14:00:00+05:30,637.0,752.4,118.0,28.9,12.1,53.0,68.0,93.0,1008.1,100,13.0827,80.275,66.69598624328549
2024-12-09 15:00:00+05:30,485.0,659.5,123.0,28.5,12.2,46.0,70.0,94.0,1007.9,100,13.0827,80.275,53.207463751046
2024-12-09 16:00:00+05:30,288.0,548.6,88.0,27.9,12.0,41.0,73.0,90.0,1008.0,100,13.0827,80.275,34.266377917677936
2024-12-09 17:00:00+05:30,89.0,309.6,41.0,27.0,10.3,41.0,78.0,63.0,1008.5,100,13.0827,80.275,11.751962189137195
2024-12-09 18:00:00+05:30,1.0,0.0,1.0,27.1,10.7,36.0,80.0,99.0,1009.1,100,13.0827,80.275,0.0
2024-12-09 19:00:00+05:30,0.0,0.0,0.0,26.9,11.6,37.0,81.0,92.0,1009.8,100,13.0827,80.275,0.0
2024-12-09 20:00:00+05:30,0.0,0.0,0.0,26.7,11.3,39.0,82.0,98.0,1010.3,100,13.0827,80.275,0.0
2024-12-09 21:00:00+05:30,0.0,0.0,0.0,26.4,10.1,40.0,85.0,23.0,1010.7,100,13.0827,80.275,0.0
2024-12-09 22:00:00+05:30,0.0,0.0,0.0,26.2,8.8,39.0,86.0,100.0,1010.6,100,13.0827,80.275,0.0
2024-12-09 23:00:00+05:30,0.0,0.0,0.0,26.0,8.3,34.0,87.0,100.0,1010.1,100,13.0827,80.275,0.0
2024-12-10 00:00:00+05:30,0.0,0.0,0.0,25.8,8.4,34.0,87.0,100.0,1009.5,100,13.0827,80.275,0.0
2024-12-10 01:00:00+05:30,0.0,0.0,0.0,25.6,7.8,29.0,88.0,99.0,1009.0,100,13.0827,80.275,0.0
2024-12-10 02:00:00+05:30,0.0,0.0,0.0,25.4,7.6,25.0,89.0,92.0,1008.7,100,13.0827,80.275,0.0
2024-12-10 03:00:00+05:30,0.0,0.0,0.0,25.2,7.8,15.0,89.0,77.0,1008.2,100,13.0827,80.275,0.0
2024-12-10 04:00:00+05:30,0.0,0.0,0.0,25.0,7.8,7.0,91.0,96.0,1008.3,100,13.0827,80.275,0.0
2024-12-10 05:00:00+05:30,0.0,0.0,0.0,24.7,8.5,358.0,92.0,97.0,1008.9,100,13.0827,80.275,0.0
2024-12-10 06:00:00+05:30,0.0,0.0,0.0,25.6,9.9,9.0,84.0,88.0,1009.2,100,13.0827,80.275,0.0
2024-12-10 07:00:00+05:30,81.0,276.3,40.0,26.3,10.5,355.0,82.0,99.0,1009.8,100,13.0827,80.275,10.944746112981017
2024-12-10 08:00:00+05:30,278.0,533.5,90.0,27.6,12.4,13.0,74.0,100.0,1010.7,100,13.0827,80.275,33.18592461835577
2024-12-10 09:00:00+05:30,415.0,504.9,143.0,28.4,14.9,27.0,68.0,100.0,1011.6,100,13.0827,80.275,47.200105679300066
2024-12-10 10:00:00+05:30,593.0,600.9,183.0,28.9,16.5,27.0,66.0,100.0,1011.2,100,13.0827,80.275,64.33419284757301
2024-12-10 11:00:00+05:30,727.0,709.9,178.0,29.3,17.7,25.0,63.0,100.0,1010.5,100,13.0827,80.275,76.1418649946964
2024-12-10 12:00:00+05:30,703.0,537.4,270.0,29.2,17.8,30.0,64.0,100.0,1009.7,100,13.0827,80.275,72.10355615276379
2024-12-10 13:00:00+05:30,644.0,459.3,287.0,29.0,17.9,32.0,65.0,100.0,1008.7,100,13.0827,80.275,63.619938569576256
2024-12-10 14:00:00+05:30,535.0,381.2,272.0,28.7,17.2,26.0,67.0,100.0,1007.7,100,13.0827,80.275,52.872199863024676
2024-12-10 15:00:00+05:30,370.0,296.7,207.0,28.3,17.1,18.0,70.0,100.0,1007.4,100,13.0827,80.275,38.3457641040147
2024-12-10 16:00:00+05:30,214.0,177.8,149.0,27.6,15.8,17.0,75.0,100.0,1007.6,100,13.0827,80.275,21.81771072659073
2024-12-10 17:00:00+05:30,73.0,77.1,61.0,27.0,14.3,17.0,79.0,100.0,1008.2,100,13.0827,80.275,7.4158059000155045
2024-12-10 18:00:00+05:30,1.0,0.0,1.0,26.7,13.8,20.0,81.0,100.0,1009.4,100,13.0827,80.275,0.0
2024-12-10 19:00:00+05:30,0.0,0.0,0.0,26.6,13.7,19.0,82.0,100.0,1010.3,100,13.0827,80.275,0.0
2024-12-10 20:00:00+05:30,0.0,0.0,0.0,26.4,13.2,22.0,83.0,67.0,1010.8,100,13.0827,80.275,0.0
2024-12-10 21:00:00+05:30,0.0,0.0,0.0,26.3,13.6,24.0,83.0,74.0,1011.4,100,13.0827,80.275,0.0
2024-12-10 22:00:00+05:30,0.0,0.0,0.0,26.3,13.1,23.0,83.0,100.0,1011.3,100,13.0827,80.275,0.0
2024-12-10 23:00:00+05:30,0.0,0.0,0.0,26.1,11.6,15.0,85.0,100.0,1010.8,100,13.0827,80.275,0.0
2024-12-11 00:00:00+05:30,0.0,0.0,0.0,25.9,13.1,12.0,86.0,100.0,1010.3,100,13.0827,80.275,0.0
2024-12-11 01:00:00+05:30,0.0,0.0,0.0,25.9,12.4,10.0,86.0,100.0,1009.6,100,13.0827,80.275,0.0
2024-12-11 02:00:00+05:30,0.0,0.0,0.0,25.7,13.3,10.0,87.0,100.0,1009.0,100,13.0827,80.275,0.0
2024-12-11 03:00:00+05:30,0.0,0.0,0.0,25.6,14.0,16.0,87.0,100.0,1008.3,100,13.0827,80.275,0.0
2024-12-11 04:00:00+05:30,0.0,0.0,0.0,25.8,15.3,20.0,85.0,100.0,1008.3,100,13.0827,80.275,0.0
2024-12-11 05:00:00+05:30,0.0,0.0,0.0,25.6,15.9,23.0,86.0,100.0,1009.0,100,13.0827,80.275,0.0
2024-12-11 06:00:00+05:30,0.0,0.0,0.0,26.3,19.6,19.0,82.0,100.0,1009.4,100,13.0827,80.275,0.0
2024-12-11 07:00:00+05:30,25.0,0.0,25.0,26.7,23.0,28.0,80.0,100.0,1010.2,100,13.0827,80.275,1.6808056596203553
2024-12-11 08:00:00+05:30,81.0,5.7,79.0,27.2,24.9,33.0,75.0,100.0,1011.4,100,13.0827,80.275,6.80776868228324
2024-12-11 09:00:00+05:30,92.0,0.0,92.0,27.0,22.7,38.0,77.0,100.0,1011.9,100,13.0827,80.275,7.571531832684343
2024-12-11 10:00:00+05:30,138.0,0.0,138.0,26.1,21.6,36.0,83.0,100.0,1011.9,100,13.0827,80.275,11.746187190521226
2024-12-11 11:00:00+05:30,208.0,27.2,187.0,25.4,16.3,33.0,87.0,100.0,1011.1,100,13.0827,80.275,19.001929151373773
2024-12-11 12:00:00+05:30,216.0,3.7,213.0,26.0,13.7,46.0,87.0,100.0,1010.6,100,13.0827,80.275,18.341447313602767
2024-12-11 13:00:00+05:30,112.0,0.0,112.0,25.4,18.9,43.0,88.0,100.0,1009.3,100,13.0827,80.275,9.412822531004036
2024-12-11 14:00:00+05:30,220.0,14.5,210.0,25.6,16.4,25.0,87.0,100.0,1008.1,100,13.0827,80.275,18.92228411892037
2024-12-11 15:00:00+05:30,234.0,47.3,208.0,26.2,16.9,22.0,85.0,100.0,1007.4,100,13.0827,80.275,21.20982521725537
2024-12-11 16:00:00+05:30,87.0,0.0,87.0,25.9,18.6,23.0,88.0,100.0,1007.4,100,13.0827,80.275,7.25966673839634
2024-12-11 17:00:00+05:30,28.0,0.0,28.0,25.7,19.2,26.0,88.0,100.0,1007.5,100,13.0827,80.275,1.928376324923603
2024-12-11 18:00:00+05:30,0.0,0.0,0.0,24.9,15.1,27.0,91.0,100.0,1008.6,100,13.0827,80.275,0.0
2024-12-11 19:00:00+05:30,0.0,0.0,0.0,24.6,17.6,37.0,92.0,100.0,1009.5,100,13.0827,80.275,0.0
2024-12-11 20:00:00+05:30,0.0,0.0,0.0,24.9,15.3,36.0,92.0,100.0,1009.9,100,13.0827,80.275,0.0
2024-12-11 21:00:00+05:30,0.0,0.0,0.0,24.6,16.9,45.0,92.0,100.0,1010.4,100,13.0827,80.275,0.0
2024-12-11 22:00:00+05:30,0.0,0.0,0.0,24.8,15.1,36.0,91.0,100.0,1010.4,100,13.0827,80.275,0.0
2024-12-11 23:00:00+05:30,0.0,0.0,0.0,24.1,13.5,44.0,96.0,100.0,1010.1,100,13.0827,80.275,0.0
2024-12-12 00:00:00+05:30,0.0,0.0,0.0,24.7,14.0,42.0,92.0,100.0,1009.7,100,13.0827,80.275,0.0
2024-12-12 01:00:00+05:30,0.0,0.0,0.0,24.0,12.8,39.0,95.0,100.0,1009.1,100,13.0827,80.275,0.0
2024-12-12 02:00:00+05:30,0.0,0.0,0.0,24.2,13.4,48.0,95.0,100.0,1008.1,100,13.0827,80.275,0.0
2024-12-12 03:00:00+05:30,0.0,0.0,0.0,24.7,14.5,53.0,92.0,100.0,1007.6,100,13.0827,80.275,0.0
2024-12-12 04:00:00+05:30,0.0,0.0,0.0,24.3,14.4,50.0,95.0,100.0,1007.6,100,13.0827,80.275,0.0
2024-12-12 05:00:00+05:30,0.0,0.0,0.0,24.7,16.5,51.0,92.0,100.0,1008.2,100,13.0827,80.275,0.0
2024-12-12 06:00:00+05:30,0.0,0.0,0.0,25.0,16.4,71.0,92.0,100.0,1008.7,100,13.0827,80.275,0.0
2024-12-12 07:00:00+05:30,27.0,0.0,27.0,25.1,17.0,77.0,92.0,100.0,1009.7,100,13.0827,80.275,1.8282115012672728
2024-12-12 08:00:00+05:30,37.0,0.0,37.0,25.0,16.3,82.0,92.0,100.0,1010.8,100,13.0827,80.275,2.760636267194353
2024-12-12 09:00:00+05:30,98.0,0.0,98.0,25.2,15.4,83.0,91.0,100.0,1011.2,100,13.0827,80.275,8.107406326785817
2024-12-12 10:00:00+05:30,169.0,4.4,166.0,25.7,15.9,78.0,87.0,100.0,1011.1,100,13.0827,80.275,14.248400000064729
2024-12-12 11:00:00+05:30,151.0,0.0,151.0,25.5,17.1,65.0,90.0,100.0,1010.4,100,13.0827,80.275,13.170114482684015
2024-12-12 12:00:00+05:30,215.0,9.9,207.0,25.7,15.3,69.0,87.0,100.0,1009.7,100,13.0827,80.275,19.104905042301546
2024-12-12 13:00:00+05:30,246.0,9.0,239.0,26.0,14.2,63.0,85.0,100.0,1008.7,100,13.0827,80.275,21.835346926613433
2024-12-12 14:00:00+05:30,259.0,72.4,209.0,25.3,18.8,63.0,89.0,100.0,1008.1,100,13.0827,80.275,24.062156947358403
2024-12-12 15:00:00+05:30,138.0,9.1,133.0,25.4,15.0,37.0,88.0,100.0,1007.7,100,13.0827,80.275,11.901497217492356
2024-12-12 16:00:00+05:30,141.0,40.8,126.0,25.4,16.5,49.0,87.0,100.0,1008.0,100,13.0827,80.275,12.623667021724277
2024-12-12 17:00:00+05:30,54.0,57.4,45.0,25.3,14.3,37.0,88.0,100.0,1008.5,100,13.0827,80.275,5.254694452065416
2024-12-12 18:00:00+05:30,0.0,0.0,0.0,23.8,10.7,9.0,94.0,100.0,1009.5,100,13.0827,80.275,0.0
2024-12-12 19:00:00+05:30,0.0,0.0,0.0,24.3,11.9,41.0,93.0,100.0,1010.4,100,13.0827,80.275,0.0
2024-12-12 20:00:00+05:30,0.0,0.0,0.0,24.9,13.0,51.0,90.0,100.0,1011.0,100,13.0827,80.275,0.0
2024-12-12 21:00:00+05:30,0.0,0.0,0.0,25.5,14.8,46.0,86.0,100.0,1011.2,100,13.0827,80.275,0.0
2024-12-12 22:00:00+05:30,0.0,0.0,0.0,25.3,15.1,54.0,86.0,100.0,1011.3,100,13.0827,80.275,0.0
2024-12-12 23:00:00+05:30,0.0,0.0,0.0,25.8,17.4,46.0,85.0,100.0,1010.8,100,13.0827,80.275,0.0
2024-12-13 00:00:00+05:30,0.0,0.0,0.0,25.9,17.6,48.0,83.0,100.0,1010.4,100,13.0827,80.275,0.0
2024-12-13 01:00:00+05:30,0.0,0.0,0.0,25.9,15.7,48.0,83.0,100.0,1009.6,100,13.0827,80.275,0.0
2024-12-13 02:00:00+05:30,0.0,0.0,0.0,25.8,15.7,50.0,83.0,44.0,1008.9,100,13.0827,80.275,0.0
2024-12-13 03:00:00+05:30,0.0,0.0,0.0,25.6,14.9,48.0,84.0,78.0,1008.5,100,13.0827,80.275,0.0
2024-12-13 04:00:00+05:30,0.0,0.0,0.0,25.6,12.3,52.0,84.0,100.0,1009.0,100,13.0827,80.275,0.0
2024-12-13 05:00:00+05:30,0.0,0.0,0.0,25.5,12.0,45.0,84.0,99.0,1009.4,100,13.0827,80.275,0.0
2024-12-13 06:00:00+05:30,0.0,0.0,0.0,25.9,14.7,53.0,83.0,100.0,1009.8,100,13.0827,80.275,0.0
2024-12-13 07:00:00+05:30,60.0,69.0,50.0,26.2,14.2,55.0,83.0,100.0,1010.8,100,13.0827,80.275,5.911883376699039
2024-12-13 08:00:00+05:30,206.0,170.5,147.0,26.6,16.1,55.0,80.0,83.0,1011.9,100,13.0827,80.275,21.364882703419486
2024-12-13 09:00:00+05:30,333.0,268.4,190.0,26.8,18.1,52.0,79.0,21.0,1012.0,100,13.0827,80.275,35.57419349280668
2024-12-13 10:00:00+05:30,582.0,617.1,164.0,27.4,18.7,54.0,77.0,66.0,1011.9,100,13.0827,80.275,61.80464834570991
2024-12-13 11:00:00+05:30,701.0,653.6,198.0,27.4,20.0,52.0,76.0,100.0,1011.1,100,13.0827,80.275,74.28412300214198
2024-12-13 12:00:00+05:30,693.0,553.9,248.0,27.7,19.8,51.0,75.0,91.0,1010.3,100,13.0827,80.275,70.38000920214922
2024-12-13 13:00:00+05:30,630.0,538.4,212.0,27.9,19.9,49.0,69.0,100.0,1009.3,100,13.0827,80.275,66.0291808948259
2024-12-13 14:00:00+05:30,570.0,507.0,220.0,27.7,20.1,46.0,69.0,80.0,1008.5,100,13.0827,80.275,60.46944912154997
2024-12-13 15:00:00+05:30,454.0,533.3,160.0,27.3,19.9,44.0,71.0,75.0,1008.5,100,13.0827,80.275,50.24688406948733
2024-12-13 16:00:00+05:30,273.0,447.6,108.0,26.7,19.0,43.0,73.0,100.0,1008.5,100,13.0827,80.275,32.318671706942
2024-12-13 17:00:00+05:30,81.0,139.7,59.0,26.0,17.1,42.0,76.0,76.0,1009.2,100,13.0827,80.275,9.273641372693364
2024-12-13 18:00:00+05:30,1.0,0.0,1.0,26.0,17.6,37.0,78.0,99.0,1009.9,100,13.0827,80.275,0.0
2024-12-13 19:00:00+05:30,0.0,0.0,0.0,25.8,16.8,35.0,77.0,90.0,1010.9,100,13.0827,80.275,0.0
2024-12-13 20:00:00+05:30,0.0,0.0,0.0,25.5,15.4,34.0,77.0,100.0,1011.8,100,13.0827,80.275,0.0
2024-12-13 21:00:00+05:30,0.0,0.0,0.0,25.4,15.4,35.0,77.0,100.0,1012.2,100,13.0827,80.275,0.0
2024-12-13 22:00:00+05:30,0.0,0.0,0.0,25.4,14.3,33.0,77.0,100.0,1012.1,100,13.0827,80.275,0.0
2024-12-13 23:00:00+05:30,0.0,0.0,0.0,25.2,13.1,32.0,78.0,100.0,1011.9,100,13.0827,80.275,0.0
2024-12-14 00:00:00+05:30,0.0,0.0,0.0,25.1,13.2,31.0,78.0,100.0,1011.6,100,13.0827,80.275,0.0
2024-12-14 01:00:00+05:30,0.0,0.0,0.0,25.0,12.7,32.0,78.0,100.0,1010.9,100,13.0827,80.275,0.0
2024-12-14 02:00:00+05:30,0.0,0.0,0.0,25.0,12.0,33.0,78.0,100.0,1010.4,100,13.0827,80.275,0.0
2024-12-14 03:00:00+05:30,0.0,0.0,0.0,24.9,11.1,31.0,79.0,100.0,1010.2,100,13.0827,80.275,0.0
2024-12-14 04:00:00+05:30,0.0,0.0,0.0,24.8,10.8,28.0,80.0,96.0,1010.4,100,13.0827,80.275,0.0
2024-12-14 05:00:00+05:30,0.0,0.0,0.0,24.6,11.3,27.0,81.0,39.0,1011.0,100,13.0827,80.275,0.0
2024-12-14 06:00:00+05:30,0.0,0.0,0.0,24.8,12.3,32.0,76.0,14.0,1011.7,100,13.0827,80.275,0.0
2024-12-14 07:00:00+05:30,77.0,284.8,36.0,25.4,12.7,32.0,73.0,21.0,1012.3,100,13.0827,80.275,10.724489375500037
2024-12-14 08:00:00+05:30,269.0,517.5,91.0,27.0,13.3,38.0,65.0,21.0,1013.2,100,13.0827,80.275,33.17475134175853
2024-12-14 09:00:00+05:30,432.0,527.3,152.0,27.7,19.5,41.0,61.0,50.0,1013.4,100,13.0827,80.275,50.82751634730533
2024-12-14 10:00:00+05:30,599.0,630.4,173.0,28.1,17.7,45.0,61.0,20.0,1013.4,100,13.0827,80.275,65.55597277925688
2024-12-14 11:00:00+05:30,686.0,645.4,190.0,28.4,17.9,40.0,59.0,48.0,1012.7,100,13.0827,80.275,73.1438371573481
2024-12-14 12:00:00+05:30,632.0,478.4,248.0,28.3,17.7,35.0,60.0,27.0,1011.9,100,13.0827,80.275,65.06860672798884
2024-12-14 13:00:00+05:30,694.0,644.2,194.0,28.4,17.9,36.0,60.0,24.0,1010.7,100,13.0827,80.275,76.11992910838131
2024-12-14 14:00:00+05:30,538.0,490.8,199.0,27.9,17.9,36.0,60.0,17.0,1010.1,100,13.0827,80.275,56.70635536637525
2024-12-14 15:00:00+05:30,407.0,432.9,168.0,27.5,17.5,34.0,62.0,45.0,1009.9,100,13.0827,80.275,45.34040938637365
2024-12-14 16:00:00+05:30,246.0,367.8,110.0,26.9,16.2,29.0,66.0,57.0,1010.1,100,13.0827,80.275,28.35212862651224
2024-12-14 17:00:00+05:30,81.0,221.3,46.0,25.8,15.5,28.0,72.0,67.0,1010.6,100,13.0827,80.275,10.276925202775503
2024-12-14 18:00:00+05:30,1.0,0.0,1.0,25.8,13.1,30.0,73.0,53.0,1011.5,100,13.0827,80.275,0.0
2024-12-14 19:00:00+05:30,0.0,0.0,0.0,25.7,12.6,36.0,72.0,33.0,1012.7,100,13.0827,80.275,0.0
2024-12-14 20:00:00+05:30,0.0,0.0,0.0,25.5,11.2,40.0,72.0,18.0,1013.5,100,13.0827,80.275,0.0
2024-12-14 21:00:00+05:30,0.0,0.0,0.0,25.4,11.3,34.0,72.0,41.0,1014.1,100,13.0827,80.275,0.0
2024-12-14 22:00:00+05:30,0.0,0.0,0.0,25.4,12.8,35.0,73.0,35.0,1013.8,100,13.0827,80.275,0.0
2024-12-14 23:00:00+05:30,0.0,0.0,0.0,25.1,12.1,33.0,74.0,12.0,1013.3,100,13.0827,80.275,0.0
2024-12-15 00:00:00+05:30,0.0,0.0,0.0,24.8,12.7,33.0,74.0,8.0,1012.8,100,13.0827,80.275,0.0
2024-12-15 01:00:00+05:30,0.0,0.0,0.0,24.6,12.5,36.0,74.0,11.0,1012.1,100,13.0827,80.275,0.0
2024-12-15 02:00:00+05:30,0.0,0.0,0.0,24.4,12.2,28.0,74.0,93.0,1011.1,100,13.0827,80.275,0.0
2024-12-15 03:00:00+05:30,0.0,0.0,0.0,24.6,12.0,32.0,74.0,100.0,1010.7,100,13.0827,80.275,0.0
2024-12-15 04:00:00+05:30,0.0,0.0,0.0,24.7,12.0,32.0,73.0,81.0,1010.9,100,13.0827,80.275,0.0
2024-12-15 05:00:00+05:30,0.0,0.0,0.0,24.4,12.6,33.0,74.0,98.0,1011.4,100,13.0827,80.275,0.0
2024-12-15 06:00:00+05:30,0.0,0.0,0.0,24.7,12.2,24.0,76.0,100.0,1012.3,100,13.0827,80.275,0.0
2024-12-15 07:00:00+05:30,68.0,168.0,44.0,25.1,12.5,18.0,72.0,100.0,1013.4,100,13.0827,80.275,8.074027433692178
2024-12-15 08:00:00+05:30,240.0,383.1,109.0,26.5,15.6,27.0,66.0,97.0,1014.5,100,13.0827,80.275,28.180537711420815
2024-12-15 09:00:00+05:30,402.0,444.0,167.0,26.8,21.2,34.0,64.0,34.0,1014.9,100,13.0827,80.275,44.545773587693006
2024-12-15 10:00:00+05:30,574.0,572.4,188.0,27.1,20.1,31.0,63.0,36.0,1014.7,100,13.0827,80.275,62.989270590224706
2024-12-15 11:00:00+05:30,696.0,672.4,180.0,27.5,20.5,31.0,55.0,5.0,1014.3,100,13.0827,80.275,75.47677860873614
2024-12-15 12:00:00+05:30,818.0,854.0,133.0,27.5,20.2,30.0,57.0,40.0,1013.5,100,13.0827,80.275,87.94103693188335
2024-12-15 13:00:00+05:30,760.0,782.1,153.0,27.4,21.7,31.0,57.0,100.0,1012.3,100,13.0827,80.275,79.45395335718331
2024-12-15 14:00:00+05:30,589.0,557.1,204.0,27.2,22.4,27.0,57.0,100.0,1011.4,100,13.0827,80.275,63.42381749671989
2024-12-15 15:00:00+05:30,402.0,325.5,222.0,26.9,22.4,22.0,58.0,100.0,1010.7,100,13.0827,80.275,41.26196418186423
2024-12-15 16:00:00+05:30,221.0,234.5,134.0,26.3,18.8,20.0,64.0,84.0,1010.8,100,13.0827,80.275,24.247365378851665
2024-12-15 17:00:00+05:30,94.0,277.0,50.0,25.6,17.3,24.0,66.0,85.0,1011.2,100,13.0827,80.275,12.618988259978995
2024-12-15 18:00:00+05:30,1.0,0.0,1.0,25.7,14.5,27.0,69.0,100.0,1011.9,100,13.0827,80.275,0.0
2024-12-15 19:00:00+05:30,0.0,0.0,0.0,25.6,15.4,32.0,70.0,100.0,1012.6,100,13.0827,80.275,0.0
2024-12-15 20:00:00+05:30,0.0,0.0,0.0,25.2,15.9,32.0,71.0,100.0,1013.1,100,13.0827,80.275,0.0
2024-12-15 21:00:00+05:30,0.0,0.0,0.0,24.8,14.7,31.0,72.0,100.0,1013.5,100,13.0827,80.275,0.0
2024-12-15 22:00:00+05:30,0.0,0.0,0.0,24.5,11.7,21.0,72.0,100.0,1013.5,100,13.0827,80.275,0.0
2024-12-15 23:00:00+05:30,0.0,0.0,0.0,24.3,11.1,12.0,73.0,100.0,1012.7,100,13.0827,80.275,0.0
2024-12-16 00:00:00+05:30,0.0,0.0,0.0,23.6,10.5,4.0,76.0,100.0,1012.1,100,13.0827,80.275,0.0
2024-12-16 01:00:00+05:30,0.0,0.0,0.0,23.2,12.1,6.0,78.0,91.0,1011.4,100,13.0827,80.275,0.0
2024-12-16 02:00:00+05:30,0.0,0.0,0.0,22.8,12.1,2.0,81.0,42.0,1010.8,100,13.0827,80.275,0.0
2024-12-16 03:00:00+05:30,0.0,0.0,0.0,22.7,12.5,7.0,84.0,100.0,1010.3,100,13.0827,80.275,0.0
2024-12-16 04:00:00+05:30,0.0,0.0,0.0,22.8,11.5,4.0,85.0,100.0,1010.5,100,13.0827,80.275,0.0
2024-12-16 05:00:00+05:30,0.0,0.0,0.0,22.8,11.1,7.0,85.0,99.0,1010.9,100,13.0827,80.275,0.0
2024-12-16 06:00:00+05:30,0.0,0.0,0.0,23.9,15.0,26.0,75.0,34.0,1011.9,100,13.0827,80.275,0.0
2024-12-16 07:00:00+05:30,73.0,239.7,39.0,24.5,17.5,28.0,71.0,24.0,1012.8,100,13.0827,80.275,9.810286439251348
2024-12-16 08:00:00+05:30,264.0,488.1,98.0,25.5,20.3,29.0,66.0,36.0,1013.5,100,13.0827,80.275,32.67627025056685
2024-12-16 09:00:00+05:30,473.0,676.7,116.0,26.1,20.0,27.0,62.0,100.0,1013.8,100,13.0827,80.275,55.78076359916055
2024-12-16 10:00:00+05:30,596.0,600.3,192.0,26.5,20.1,25.0,61.0,100.0,1013.1,100,13.0827,80.275,63.13732860203387
2024-12-16 11:00:00+05:30,747.0,782.8,147.0,26.9,19.6,26.0,60.0,34.0,1012.7,100,13.0827,80.275,79.63079293208213
2024-12-16 12:00:00+05:30,782.0,742.2,187.0,27.0,19.5,24.0,60.0,57.0,1011.4,100,13.0827,80.275,82.60967120893537
2024-12-16 13:00:00+05:30,710.0,667.4,192.0,27.0,20.4,25.0,59.0,41.0,1010.5,100,13.0827,80.275,76.7705229088691
2024-12-16 14:00:00+05:30,600.0,569.7,206.0,26.9,19.9,25.0,58.0,36.0,1009.8,100,13.0827,80.275,64.90788949164617
2024-12-16 15:00:00+05:30,491.0,619.3,148.0,26.7,19.4,25.0,58.0,70.0,1009.7,100,13.0827,80.275,56.066418699525144
2024-12-16 16:00:00+05:30,291.0,488.9,109.0,26.1,17.7,19.0,62.0,100.0,1009.6,100,13.0827,80.275,35.44274750512095
2024-12-16 17:00:00+05:30,92.0,244.4,53.0,25.2,16.0,23.0,68.0,100.0,1010.4,100,13.0827,80.275,11.901849559016133
2024-12-16 18:00:00+05:30,2.0,0.0,2.0,24.8,13.5,344.0,72.0,100.0,1010.4,100,13.0827,80.275,0.0
2024-12-16 19:00:00+05:30,0.0,0.0,0.0,24.5,12.5,342.0,73.0,100.0,1010.8,100,13.0827,80.275,0.0
2024-12-16 20:00:00+05:30,0.0,0.0,0.0,24.5,13.4,353.0,73.0,100.0,1011.7,100,13.0827,80.275,0.0
2024-12-16 21:00:00+05:30,0.0,0.0,0.0,24.5,15.2,353.0,73.0,100.0,1011.7,100,13.0827,80.275,0.0
2024-12-16 22:00:00+05:30,0.0,0.0,0.0,24.2,11.7,335.0,77.0,100.0,1011.5,100,13.0827,80.275,0.0
2024-12-16 23:00:00+05:30,0.0,0.0,0.0,23.7,12.6,324.0,79.0,100.0,1011.0,100,13.0827,80.275,0.0
2024-12-17 00:00:00+05:30,0.0,0.0,0.0,23.4,15.0,337.0,79.0,100.0,1010.7,100,13.0827,80.275,0.0
2024-12-17 01:00:00+05:30,0.0,0.0,0.0,23.0,14.4,336.0,80.0,100.0,1009.8,100,13.0827,80.275,0.0
2024-12-17 02:00:00+05:30,0.0,0.0,0.0,22.8,14.2,331.0,81.0,100.0,1008.9,100,13.0827,80.275,0.0
2024-12-17 03:00:00+05:30,0.0,0.0,0.0,22.6,14.6,333.0,83.0,100.0,1008.4,100,13.0827,80.275,0.0
2024-12-17 04:00:00+05:30,0.0,0.0,0.0,22.8,14.4,332.0,82.0,100.0,1008.0,100,13.0827,80.275,0.0
2024-12-17 05:00:00+05:30,0.0,0.0,0.0,23.0,14.5,335.0,81.0,100.0,1008.5,100,13.0827,80.275,0.0
2024-12-17 06:00:00+05:30,0.0,0.0,0.0,23.2,15.1,337.0,88.0,100.0,1009.7,100,13.0827,80.275,0.0
2024-12-17 07:00:00+05:30,29.0,0.0,29.0,23.4,14.3,327.0,85.0,100.0,1010.5,100,13.0827,80.275,2.0460734525793383
2024-12-17 08:00:00+05:30,144.0,85.7,115.0,24.3,15.5,337.0,80.0,100.0,1011.4,100,13.0827,80.275,14.17835484011143
2024-12-17 09:00:00+05:30,120.0,0.0,120.0,24.6,16.4,339.0,81.0,100.0,1011.3,100,13.0827,80.275,10.303539014317776
2024-12-17 10:00:00+05:30,232.0,6.0,228.0,25.6,18.5,349.0,77.0,100.0,1010.9,100,13.0827,80.275,20.55924987279998
2024-12-17 11:00:00+05:30,226.0,19.6,211.0,25.9,22.9,1.0,76.0,100.0,1010.1,100,13.0827,80.275,20.328269671581694
2024-12-17 12:00:00+05:30,326.0,59.9,278.0,26.3,21.8,1.0,74.0,100.0,1009.1,100,13.0827,80.275,29.806271623458226
2024-12-17 13:00:00+05:30,252.0,0.0,252.0,25.7,22.1,360.0,74.0,100.0,1008.0,100,13.0827,80.275,21.58567357436314
2024-12-17 14:00:00+05:30,204.0,21.7,189.0,25.7,22.0,1.0,72.0,100.0,1007.4,100,13.0827,80.275,17.77937911597777
2024-12-17 15:00:00+05:30,153.0,0.0,153.0,25.4,21.0,355.0,74.0,100.0,1007.0,100,13.0827,80.275,13.164753779941796
2024-12-17 16:00:00+05:30,72.0,0.0,72.0,25.1,20.2,356.0,76.0,100.0,1007.4,100,13.0827,80.275,5.984214458488299
2024-12-17 17:00:00+05:30,19.0,0.0,19.0,24.5,18.2,355.0,80.0,100.0,1008.0,100,13.0827,80.275,1.147654301042019
2024-12-17 18:00:00+05:30,1.0,0.0,1.0,24.3,17.7,343.0,73.0,100.0,1008.9,100,13.0827,80.275,0.0
2024-12-17 19:00:00+05:30,0.0,0.0,0.0,23.7,16.9,348.0,76.0,100.0,1009.7,100,13.0827,80.275,0.0
2024-12-17 20:00:00+05:30,0.0,0.0,0.0,22.7,15.6,341.0,85.0,100.0,1010.4,100,13.0827,80.275,0.0
2024-12-17 21:00:00+05:30,0.0,0.0,0.0,22.5,15.2,331.0,86.0,100.0,1010.7,100,13.0827,80.275,0.0
2024-12-17 22:00:00+05:30,0.0,0.0,0.0,22.3,14.1,325.0,88.0,100.0,1010.6,100,13.0827,80.275,0.0
2024-12-17 23:00:00+05:30,0.0,0.0,0.0,22.1,16.4,329.0,89.0,100.0,1010.2,100,13.0827,80.275,0.0
2024-12-18 00:00:00+05:30,0.0,0.0,0.0,22.2,16.1,329.0,90.0,100.0,1009.8,100,13.0827,80.275,0.0
2024-12-18 01:00:00+05:30,0.0,0.0,0.0,22.4,15.4,327.0,88.0,99.0,1009.0,100,13.0827,80.275,0.0
2024-12-18 02:00:00+05:30,0.0,0.0,0.0,22.2,14.2,330.0,88.0,100.0,1008.4,100,13.0827,80.275,0.0
2024-12-18 03:00:00+05:30,0.0,0.0,0.0,22.0,14.4,328.0,89.0,100.0,1007.8,100,13.0827,80.275,0.0
2024-12-18 04:00:00+05:30,0.0,0.0,0.0,22.2,13.0,323.0,90.0,99.0,1007.8,100,13.0827,80.275,0.0
2024-12-18 05:00:00+05:30,0.0,0.0,0.0,22.1,14.8,326.0,90.0,99.0,1008.0,100,13.0827,80.275,0.0
2024-12-18 06:00:00+05:30,0.0,0.0,0.0,22.4,16.0,335.0,95.0,100.0,1008.9,100,13.0827,80.275,0.0
2024-12-18 07:00:00+05:30,22.0,0.0,22.0,23.0,15.5,342.0,92.0,100.0,1009.3,100,13.0827,80.275,1.404417408932881
2024-12-18 08:00:00+05:30,94.0,8.9,91.0,23.6,15.0,339.0,92.0,100.0,1010.0,100,13.0827,80.275,8.178985505303114
2024-12-18 09:00:00+05:30,213.0,64.8,179.0,24.8,16.3,343.0,90.0,100.0,1010.2,100,13.0827,80.275,19.850440224483165
2024-12-18 10:00:00+05:30,287.0,110.4,213.0,26.1,20.5,359.0,84.0,100.0,1009.5,100,13.0827,80.275,28.07431849786846
2024-12-18 11:00:00+05:30,365.0,134.7,262.0,26.3,17.9,5.0,86.0,100.0,1008.7,100,13.0827,80.275,34.16589515406462
2024-12-18 12:00:00+05:30,261.0,30.0,237.0,25.4,18.1,16.0,88.0,100.0,1008.0,100,13.0827,80.275,23.514901030098805
2024-12-18 13:00:00+05:30,242.0,24.5,223.0,25.1,16.8,3.0,89.0,100.0,1006.8,100,13.0827,80.275,21.088587465919705
2024-12-18 14:00:00+05:30,333.0,127.0,245.0,25.6,19.4,358.0,89.0,100.0,1006.5,100,13.0827,80.275,32.09076074945436
2024-12-18 15:00:00+05:30,126.0,18.0,116.0,25.2,17.2,6.0,91.0,100.0,1006.2,100,13.0827,80.275,11.204336012088278
2024-12-18 16:00:00+05:30,52.0,0.0,52.0,24.6,16.7,1.0,95.0,100.0,1006.6,100,13.0827,80.275,4.123779010043737
2024-12-18 17:00:00+05:30,9.0,0.0,9.0,24.7,18.2,359.0,94.0,100.0,1006.8,100,13.0827,80.275,0.24853260403114155
2024-12-18 18:00:00+05:30,0.0,0.0,0.0,24.4,20.4,5.0,95.0,100.0,1007.4,100,13.0827,80.275,0.0
2024-12-18 19:00:00+05:30,0.0,0.0,0.0,24.5,18.7,2.0,94.0,100.0,1008.3,100,13.0827,80.275,0.0
2024-12-18 20:00:00+05:30,0.0,0.0,0.0,24.7,18.3,6.0,93.0,99.0,1008.6,100,13.0827,80.275,0.0
2024-12-18 21:00:00+05:30,0.0,0.0,0.0,24.8,17.2,10.0,92.0,100.0,1009.0,100,13.0827,80.275,0.0
2024-12-18 22:00:00+05:30,0.0,0.0,0.0,24.2,16.1,16.0,94.0,100.0,1009.2,100,13.0827,80.275,0.0
2024-12-18 23:00:00+05:30,0.0,0.0,0.0,23.7,11.5,3.0,96.0,100.0,1009.0,100,13.0827,80.275,0.0
2024-12-19 00:00:00+05:30,0.0,0.0,0.0,24.0,11.9,355.0,97.0,99.0,1008.5,100,13.0827,80.275,0.0
2024-12-19 01:00:00+05:30,0.0,0.0,0.0,24.0,13.3,357.0,96.0,100.0,1008.0,100,13.0827,80.275,0.0
2024-12-19 02:00:00+05:30,0.0,0.0,0.0,23.8,10.2,8.0,96.0,100.0,1007.4,100,13.0827,80.275,0.0
2024-12-19 03:00:00+05:30,0.0,0.0,0.0,23.8,12.1,348.0,97.0,100.0,1007.0,100,13.0827,80.275,0.0
2024-12-19 04:00:00+05:30,0.0,0.0,0.0,23.7,15.5,340.0,97.0,100.0,1007.0,100,13.0827,80.275,0.0
2024-12-19 05:00:00+05:30,0.0,0.0,0.0,23.5,16.3,338.0,96.0,100.0,1007.5,100,13.0827,80.275,0.0
2024-12-19 06:00:00+05:30,0.0,0.0,0.0,23.9,16.1,340.0,96.0,100.0,1007.8,100,13.0827,80.275,0.0
2024-12-19 07:00:00+05:30,27.0,0.0,27.0,24.4,15.2,349.0,94.0,100.0,1008.9,100,13.0827,80.275,1.831603822174124
2024-12-19 08:00:00+05:30,94.0,9.0,91.0,25.0,14.8,359.0,93.0,100.0,1009.9,100,13.0827,80.275,7.845623831797298
2024-12-19 09:00:00+05:30,149.0,9.6,144.0,25.6,16.6,2.0,88.0,100.0,1010.2,100,13.0827,80.275,13.161682217327575
2024-12-19 10:00:00+05:30,271.0,55.3,234.0,26.0,16.1,354.0,87.0,100.0,1009.4,100,13.0827,80.275,25.065126523120348
2024-12-19 11:00:00+05:30,390.0,92.9,319.0,26.6,16.6,2.0,84.0,100.0,1009.1,100,13.0827,80.275,36.52383952415357
2024-12-19 12:00:00+05:30,432.0,133.6,325.0,27.1,15.2,4.0,84.0,100.0,1008.2,100,13.0827,80.275,40.31905915190137
2024-12-19 13:00:00+05:30,408.0,131.4,306.0,27.3,16.7,11.0,81.0,100.0,1007.0,100,13.0827,80.275,37.40694347792218
2024-12-19 14:00:00+05:30,368.0,121.1,284.0,27.2,17.4,11.0,80.0,100.0,1006.0,100,13.0827,80.275,34.47175381235313
2024-12-19 15:00:00+05:30,284.0,114.9,220.0,26.9,16.8,3.0,82.0,100.0,1005.5,100,13.0827,80.275,26.798511252490908
2024-12-19 16:00:00+05:30,192.0,116.9,148.0,26.6,15.7,4.0,84.0,100.0,1005.6,100,13.0827,80.275,19.10907912208143
2024-12-19 17:00:00+05:30,65.0,24.4,61.0,26.1,13.9,4.0,87.0,100.0,1006.0,100,13.0827,80.275,5.713631606970156
2024-12-19 18:00:00+05:30,2.0,0.0,2.0,25.8,14.7,352.0,89.0,100.0,1006.4,100,13.0827,80.275,0.0
2024-12-19 19:00:00+05:30,0.0,0.0,0.0,25.4,13.5,347.0,90.0,100.0,1007.3,100,13.0827,80.275,0.0
2024-12-19 20:00:00+05:30,0.0,0.0,0.0,25.2,13.0,343.0,91.0,100.0,1007.9,100,13.0827,80.275,0.0
2024-12-19 21:00:00+05:30,0.0,0.0,0.0,25.0,11.0,339.0,93.0,99.0,1008.4,100,13.0827,80.275,0.0
2024-12-19 22:00:00+05:30,0.0,0.0,0.0,24.9,11.4,334.0,94.0,99.0,1008.3,100,13.0827,80.275,0.0
2024-12-19 23:00:00+05:30,0.0,0.0,0.0,24.6,11.2,332.0,95.0,97.0,1008.0,100,13.0827,80.275,0.0
2024-12-20 00:00:00+05:30,0.0,0.0,0.0,24.5,10.7,323.0,95.0,94.0,1007.7,100,13.0827,80.275,0.0
2024-12-20 01:00:00+05:30,0.0,0.0,0.0,24.6,12.3,320.0,95.0,94.0,1007.1,100,13.0827,80.275,0.0
2024-12-20 02:00:00+05:30,0.0,0.0,0.0,24.6,12.7,322.0,94.0,99.0,1006.5,100,13.0827,80.275,0.0
2024-12-20 03:00:00+05:30,0.0,0.0,0.0,24.5,11.8,321.0,93.0,85.0,1006.1,100,13.0827,80.275,0.0
2024-12-20 04:00:00+05:30,0.0,0.0,0.0,24.2,11.7,317.0,94.0,100.0,1006.2,100,13.0827,80.275,0.0
2024-12-20 05:00:00+05:30,0.0,0.0,0.0,24.2,12.0,321.0,93.0,100.0,1006.7,100,13.0827,80.275,0.0
2024-12-20 06:00:00+05:30,0.0,0.0,0.0,24.0,13.4,314.0,96.0,100.0,1007.4,100,13.0827,80.275,0.0
2024-12-20 07:00:00+05:30,23.0,0.0,23.0,24.6,15.6,327.0,94.0,100.0,1008.5,100,13.0827,80.275,1.5388507710836008
2024-12-20 08:00:00+05:30,78.0,0.0,78.0,25.1,17.5,336.0,92.0,100.0,1009.3,100,13.0827,80.275,6.54395365561337
2024-12-20 09:00:00+05:30,324.0,197.5,221.0,26.0,19.1,340.0,86.0,100.0,1009.6,100,13.0827,80.275,32.37501711962409
2024-12-20 10:00:00+05:30,479.0,345.6,248.0,27.3,17.6,346.0,80.0,100.0,1009.5,100,13.0827,80.275,48.77559487068392
2024-12-20 11:00:00+05:30,390.0,90.4,321.0,27.7,16.0,351.0,79.0,100.0,1008.9,100,13.0827,80.275,34.61884264992304
2024-12-20 12:00:00+05:30,586.0,384.8,278.0,28.5,14.6,351.0,78.0,100.0,1007.7,100,13.0827,80.275,59.52415708183365
2024-12-20 13:00:00+05:30,610.0,445.4,264.0,28.8,14.8,355.0,76.0,100.0,1006.3,100,13.0827,80.275,62.79798947179245
2024-12-20 14:00:00+05:30,611.0,618.0,182.0,28.7,16.4,4.0,75.0,100.0,1005.7,100,13.0827,80.275,63.57187657998241
2024-12-20 15:00:00+05:30,401.0,440.8,155.0,27.9,16.9,7.0,78.0,100.0,1005.2,100,13.0827,80.275,43.14871602284223
2024-12-20 16:00:00+05:30,280.0,439.4,114.0,27.3,14.6,9.0,81.0,40.0,1005.2,100,13.0827,80.275,33.61230791864888
2024-12-20 17:00:00+05:30,95.0,265.6,51.0,26.5,12.5,12.0,86.0,41.0,1005.8,100,13.0827,80.275,12.611614480462697
2024-12-20 18:00:00+05:30,2.0,0.0,2.0,26.0,12.5,349.0,86.0,67.0,1006.8,100,13.0827,80.275,0.0
2024-12-20 19:00:00+05:30,0.0,0.0,0.0,25.8,11.9,349.0,89.0,97.0,1007.6,100,13.0827,80.275,0.0
2024-12-20 20:00:00+05:30,0.0,0.0,0.0,25.7,11.7,345.0,90.0,87.0,1008.0,100,13.0827,80.275,0.0
2024-12-20 21:00:00+05:30,0.0,0.0,0.0,25.5,10.9,336.0,91.0,97.0,1008.9,100,13.0827,80.275,0.0
2024-12-20 22:00:00+05:30,0.0,0.0,0.0,25.2,9.9,327.0,91.0,98.0,1009.0,100,13.0827,80.275,0.0
2024-12-20 23:00:00+05:30,0.0,0.0,0.0,24.9,10.6,320.0,92.0,30.0,1008.9,100,13.0827,80.275,0.0
2024-12-21 00:00:00+05:30,0.0,0.0,0.0,24.8,10.5,322.0,92.0,82.0,1008.4,100,13.0827,80.275,0.0
2024-12-21 01:00:00+05:30,0.0,0.0,0.0,24.7,10.4,323.0,92.0,100.0,1007.8,100,13.0827,80.275,0.0
2024-12-21 02:00:00+05:30,0.0,0.0,0.0,24.6,10.5,323.0,93.0,99.0,1007.2,100,13.0827,80.275,0.0
2024-12-21 03:00:00+05:30,0.0,0.0,0.0,24.5,10.3,322.0,94.0,100.0,1006.8,100,13.0827,80.275,0.0
2024-12-21 04:00:00+05:30,0.0,0.0,0.0,24.3,8.5,306.0,94.0,100.0,1006.8,100,13.0827,80.275,0.0
2024-12-21 05:00:00+05:30,0.0,0.0,0.0,24.1,8.9,306.0,95.0,100.0,1007.2,100,13.0827,80.275,0.0
2024-12-21 06:00:00+05:30,0.0,0.0,0.0,24.6,9.5,323.0,95.0,100.0,1007.8,100,13.0827,80.275,0.0
2024-12-21 07:00:00+05:30,49.0,116.7,33.0,25.3,11.5,325.0,92.0,99.0,1008.6,100,13.0827,80.275,5.540200713425307
2024-12-21 08:00:00+05:30,200.0,271.6,110.0,26.3,14.3,340.0,86.0,100.0,1009.4,100,13.0827,80.275,22.58731647801951
2024-12-21 09:00:00+05:30,415.0,496.0,157.0,27.1,14.5,353.0,82.0,81.0,1009.9,100,13.0827,80.275,45.19291466181487
2024-12-21 10:00:00+05:30,533.0,547.0,168.0,27.7,13.7,358.0,79.0,54.0,1009.6,100,13.0827,80.275,58.662022477887575
2024-12-21 11:00:00+05:30,671.0,641.0,182.0,28.1,12.7,7.0,79.0,33.0,1009.1,100,13.0827,80.275,69.86692910512522
2024-12-21 12:00:00+05:30,726.0,689.6,174.0,28.6,13.3,13.0,77.0,47.0,1008.1,100,13.0827,80.275,74.8536152657269
2024-12-21 13:00:00+05:30,667.0,633.0,175.0,28.4,13.9,14.0,76.0,95.0,1007.3,100,13.0827,80.275,71.24703813169454
2024-12-21 14:00:00+05:30,498.0,487.7,159.0,28.0,14.5,12.0,78.0,66.0,1006.7,100,13.0827,80.275,53.07647344352942
2024-12-21 15:00:00+05:30,458.0,577.5,135.0,27.9,16.0,15.0,77.0,29.0,1006.6,100,13.0827,80.275,51.202618063254675
2024-12-21 16:00:00+05:30,293.0,532.4,91.0,27.2,13.6,15.0,80.0,69.0,1006.9,100,13.0827,80.275,34.800685005913834
2024-12-21 17:00:00+05:30,105.0,328.4,50.0,26.3,12.0,16.0,85.0,80.0,1007.5,100,13.0827,80.275,14.255742726710574
2024-12-21 18:00:00+05:30,2.0,0.0,2.0,26.1,10.3,16.0,90.0,83.0,1008.7,100,13.0827,80.275,0.0
2024-12-21 19:00:00+05:30,0.0,0.0,0.0,25.7,11.1,16.0,91.0,13.0,1009.8,100,13.0827,80.275,0.0
2024-12-21 20:00:00+05:30,0.0,0.0,0.0,25.6,10.2,13.0,92.0,9.0,1010.5,100,13.0827,80.275,0.0
2024-12-21 21:00:00+05:30,0.0,0.0,0.0,25.4,9.4,2.0,93.0,4.0,1011.0,100,13.0827,80.275,0.0
2024-12-21 22:00:00+05:30,0.0,0.0,0.0,25.2,9.3,13.0,93.0,17.0,1010.9,100,13.0827,80.275,0.0
2024-12-21 23:00:00+05:30,0.0,0.0,0.0,25.0,9.7,4.0,93.0,15.0,1010.3,100,13.0827,80.275,0.0
2024-12-22 00:00:00+05:30,0.0,0.0,0.0,24.8,9.6,357.0,94.0,24.0,1010.2,100,13.0827,80.275,0.0
2024-12-22 01:00:00+05:30,0.0,0.0,0.0,24.7,10.1,360.0,94.0,28.0,1009.4,100,13.0827,80.275,0.0
2024-12-22 02:00:00+05:30,0.0,0.0,0.0,24.6,9.9,358.0,94.0,23.0,1008.7,100,13.0827,80.275,0.0
2024-12-22 03:00:00+05:30,0.0,0.0,0.0,24.5,9.4,353.0,94.0,23.0,1008.1,100,13.0827,80.275,0.0
2024-12-22 04:00:00+05:30,0.0,0.0,0.0,24.2,9.2,349.0,95.0,36.0,1008.3,100,13.0827,80.275,0.0
2024-12-22 05:00:00+05:30,0.0,0.0,0.0,24.1,10.8,349.0,96.0,85.0,1008.9,100,13.0827,80.275,0.0
2024-12-22 06:00:00+05:30,0.0,0.0,0.0,24.3,9.2,344.0,94.0,17.0,1010.0,100,13.0827,80.275,0.0
2024-12-22 07:00:00+05:30,61.0,212.8,32.0,24.9,9.5,350.0,92.0,24.0,1011.0,100,13.0827,80.275,8.003102198057812
2024-12-22 08:00:00+05:30,248.0,476.2,91.0,25.8,14.2,1.0,88.0,29.0,1011.5,100,13.0827,80.275,31.269434131351804
2024-12-22 09:00:00+05:30,418.0,555.2,130.0,27.1,15.7,15.0,78.0,91.0,1011.5,100,13.0827,80.275,47.412227119220375
2024-12-22 10:00:00+05:30,631.0,754.9,128.0,28.1,15.0,19.0,71.0,100.0,1011.2,100,13.0827,80.275,68.86843106832609
2024-12-22 11:00:00+05:30,726.0,759.4,147.0,28.4,14.9,20.0,70.0,100.0,1010.8,100,13.0827,80.275,74.56158659795909
2024-12-22 12:00:00+05:30,751.0,698.4,192.0,28.4,15.5,18.0,70.0,100.0,1009.8,100,13.0827,80.275,77.25505550304734
2024-12-22 13:00:00+05:30,714.0,637.7,218.0,28.2,16.2,21.0,72.0,100.0,1008.8,100,13.0827,80.275,74.15562462077335
2024-12-22 14:00:00+05:30,586.0,540.2,210.0,27.9,15.6,24.0,74.0,100.0,1008.4,100,13.0827,80.275,59.44928873658097
2024-12-22 15:00:00+05:30,446.0,467.3,184.0,27.4,15.6,26.0,75.0,100.0,1008.1,100,13.0827,80.275,49.50142640003332
2024-12-22 16:00:00+05:30,267.0,320.1,145.0,26.6,15.4,26.0,79.0,100.0,1008.1,100,13.0827,80.275,30.121623031064075
2024-12-22 17:00:00+05:30,99.0,212.6,63.0,25.8,14.8,24.0,82.0,100.0,1008.3,100,13.0827,80.275,11.939769538471293
2024-12-22 18:00:00+05:30,3.0,0.0,3.0,25.5,12.7,18.0,86.0,96.0,1009.1,100,13.0827,80.275,0.0
2024-12-22 19:00:00+05:30,0.0,0.0,0.0,25.3,12.4,19.0,87.0,92.0,1010.2,100,13.0827,80.275,0.0
2024-12-22 20:00:00+05:30,0.0,0.0,0.0,25.2,11.9,18.0,88.0,95.0,1010.8,100,13.0827,80.275,0.0
2024-12-22 21:00:00+05:30,0.0,0.0,0.0,25.0,12.3,14.0,88.0,16.0,1011.1,100,13.0827,80.275,0.0
2024-12-22 22:00:00+05:30,0.0,0.0,0.0,24.7,12.0,9.0,89.0,27.0,1010.7,100,13.0827,80.275,0.0
2024-12-22 23:00:00+05:30,0.0,0.0,0.0,24.4,12.2,9.0,90.0,100.0,1010.3,100,13.0827,80.275,0.0
2024-12-23 00:00:00+05:30,0.0,0.0,0.0,24.3,11.0,6.0,90.0,94.0,1009.9,100,13.0827,80.275,0.0
2024-12-23 01:00:00+05:30,0.0,0.0,0.0,24.0,10.1,355.0,91.0,30.0,1009.4,100,13.0827,80.275,0.0
2024-12-23 02:00:00+05:30,0.0,0.0,0.0,23.8,10.1,355.0,92.0,35.0,1009.0,100,13.0827,80.275,0.0
2024-12-23 03:00:00+05:30,0.0,0.0,0.0,23.6,10.1,348.0,93.0,32.0,1008.5,100,13.0827,80.275,0.0
2024-12-23 04:00:00+05:30,0.0,0.0,0.0,23.3,8.9,336.0,94.0,39.0,1008.8,100,13.0827,80.275,0.0
2024-12-23 05:00:00+05:30,0.0,0.0,0.0,23.1,8.7,326.0,95.0,39.0,1009.4,100,13.0827,80.275,0.0
2024-12-23 06:00:00+05:30,0.0,0.0,0.0,23.2,10.5,321.0,98.0,45.0,1010.2,100,13.0827,80.275,0.0
2024-12-23 07:00:00+05:30,59.0,199.5,32.0,23.8,12.2,324.0,95.0,80.0,1011.0,100,13.0827,80.275,7.552660025256033
2024-12-23 08:00:00+05:30,238.0,432.8,96.0,25.3,14.2,340.0,87.0,82.0,1011.6,100,13.0827,80.275,28.514616477567944
2024-12-23 09:00:00+05:30,430.0,560.5,140.0,26.8,14.3,349.0,79.0,23.0,1011.7,100,13.0827,80.275,48.52258156367924
2024-12-23 10:00:00+05:30,627.0,736.4,137.0,27.8,16.0,3.0,73.0,23.0,1011.5,100,13.0827,80.275,67.49346858796648
2024-12-23 11:00:00+05:30,749.0,791.4,146.0,28.5,17.2,6.0,66.0,8.0,1010.8,100,13.0827,80.275,81.18835743258117
2024-12-23 12:00:00+05:30,794.0,805.8,149.0,28.6,18.2,12.0,65.0,43.0,1009.7,100,13.0827,80.275,83.99528821521172
2024-12-23 13:00:00+05:30,675.0,567.9,233.0,28.3,18.9,12.0,64.0,75.0,1008.5,100,13.0827,80.275,70.80282997991395
2024-12-23 14:00:00+05:30,489.0,331.4,258.0,27.6,19.5,9.0,72.0,41.0,1007.8,100,13.0827,80.275,50.69162293548756
2024-12-23 15:00:00+05:30,385.0,421.6,148.0,27.4,20.0,7.0,74.0,99.0,1007.6,100,13.0827,80.275,41.933658176625386
2024-12-23 16:00:00+05:30,189.0,209.0,109.0,27.0,18.6,5.0,75.0,100.0,1007.6,100,13.0827,80.275,20.71670970359223
2024-12-23 17:00:00+05:30,44.0,23.4,40.0,26.3,17.2,7.0,81.0,100.0,1008.2,100,13.0827,80.275,3.628101306535181
2024-12-23 18:00:00+05:30,2.0,0.0,2.0,26.1,13.3,359.0,83.0,98.0,1008.5,100,13.0827,80.275,0.0
2024-12-23 19:00:00+05:30,0.0,0.0,0.0,26.0,12.5,352.0,84.0,81.0,1009.3,100,13.0827,80.275,0.0
2024-12-23 20:00:00+05:30,0.0,0.0,0.0,25.8,12.4,357.0,86.0,98.0,1009.9,100,13.0827,80.275,0.0
2024-12-23 21:00:00+05:30,0.0,0.0,0.0,26.0,14.0,1.0,84.0,100.0,1010.3,100,13.0827,80.275,0.0
2024-12-23 22:00:00+05:30,0.0,0.0,0.0,25.8,16.6,4.0,85.0,100.0,1010.2,100,13.0827,80.275,0.0
2024-12-23 23:00:00+05:30,0.0,0.0,0.0,25.5,15.9,3.0,87.0,97.0,1009.6,100,13.0827,80.275,0.0
2024-12-24 00:00:00+05:30,0.0,0.0,0.0,25.4,17.3,1.0,88.0,100.0,1009.0,100,13.0827,80.275,0.0
2024-12-24 01:00:00+05:30,0.0,0.0,0.0,25.3,17.9,5.0,88.0,100.0,1008.4,100,13.0827,80.275,0.0
2024-12-24 02:00:00+05:30,0.0,0.0,0.0,25.2,17.2,5.0,88.0,100.0,1007.7,100,13.0827,80.275,0.0
2024-12-24 03:00:00+05:30,0.0,0.0,0.0,25.1,15.7,1.0,88.0,90.0,1007.3,100,13.0827,80.275,0.0
2024-12-24 04:00:00+05:30,0.0,0.0,0.0,24.8,14.5,354.0,90.0,60.0,1007.6,100,13.0827,80.275,0.0
2024-12-24 05:00:00+05:30,0.0,0.0,0.0,24.5,11.2,355.0,92.0,82.0,1008.2,100,13.0827,80.275,0.0
2024-12-24 06:00:00+05:30,0.0,0.0,0.0,24.5,13.8,340.0,91.0,100.0,1008.8,100,13.0827,80.275,0.0
2024-12-24 07:00:00+05:30,18.0,37.2,13.0,24.0,15.1,335.0,97.0,100.0,1009.7,100,13.0827,80.275,1.5019869644772001
2024-12-24 08:00:00+05:30,56.0,0.0,56.0,24.5,13.7,333.0,94.0,100.0,1010.5,100,13.0827,80.275,4.483934867190025
2024-12-24 09:00:00+05:30,102.0,0.0,102.0,24.8,15.1,342.0,92.0,99.0,1010.7,100,13.0827,80.275,8.416006534815072
2024-12-24 10:00:00+05:30,265.0,76.7,214.0,25.6,15.9,350.0,88.0,99.0,1010.7,100,13.0827,80.275,24.21307499134392
2024-12-24 11:00:00+05:30,379.0,203.5,224.0,26.3,17.9,347.0,82.0,100.0,1009.9,100,13.0827,80.275,37.76120784112404
2024-12-24 12:00:00+05:30,465.0,208.6,298.0,27.3,18.4,349.0,76.0,100.0,1009.0,100,13.0827,80.275,44.581746333333115
2024-12-24 13:00:00+05:30,665.0,572.5,219.0,27.9,16.6,338.0,74.0,23.0,1007.9,100,13.0827,80.275,69.92520843846147
2024-12-24 14:00:00+05:30,588.0,605.9,165.0,27.9,16.3,335.0,74.0,20.0,1007.4,100,13.0827,80.275,62.28185117036511
2024-12-24 15:00:00+05:30,408.0,395.6,185.0,27.5,16.8,332.0,74.0,28.0,1007.2,100,13.0827,80.275,45.14564048152287
2024-12-24 16:00:00+05:30,286.0,473.2,104.0,26.6,15.7,336.0,78.0,10.0,1007.4,100,13.0827,80.275,34.11800300986421
2024-12-24 17:00:00+05:30,106.0,317.4,51.0,25.4,13.8,339.0,83.0,7.0,1008.1,100,13.0827,80.275,14.506682181878855
2024-12-24 18:00:00+05:30,3.0,0.0,3.0,24.1,17.8,330.0,84.0,23.0,1009.1,100,13.0827,80.275,0.0
2024-12-24 19:00:00+05:30,0.0,0.0,0.0,23.8,16.5,336.0,85.0,25.0,1010.0,100,13.0827,80.275,0.0
2024-12-24 20:00:00+05:30,0.0,0.0,0.0,23.8,15.6,337.0,85.0,29.0,1010.7,100,13.0827,80.275,0.0
2024-12-24 21:00:00+05:30,0.0,0.0,0.0,23.6,16.9,330.0,85.0,16.0,1010.7,100,13.0827,80.275,0.0
2024-12-24 22:00:00+05:30,0.0,0.0,0.0,23.6,17.1,338.0,85.0,14.0,1010.5,100,13.0827,80.275,0.0
2024-12-24 23:00:00+05:30,0.0,0.0,0.0,23.5,17.7,343.0,85.0,4.0,1010.1,100,13.0827,80.275,0.0
2024-12-25 00:00:00+05:30,0.0,0.0,0.0,23.3,17.5,339.0,86.0,2.0,1009.7,100,13.0827,80.275,0.0
2024-12-25 01:00:00+05:30,0.0,0.0,0.0,23.2,17.5,341.0,87.0,8.0,1009.4,100,13.0827,80.275,0.0
2024-12-25 02:00:00+05:30,0.0,0.0,0.0,23.1,15.5,338.0,88.0,100.0,1008.9,100,13.0827,80.275,0.0
2024-12-25 03:00:00+05:30,0.0,0.0,0.0,23.2,16.3,334.0,88.0,100.0,1008.5,100,13.0827,80.275,0.0
2024-12-25 04:00:00+05:30,0.0,0.0,0.0,23.3,14.5,329.0,88.0,100.0,1008.7,100,13.0827,80.275,0.0
2024-12-25 05:00:00+05:30,0.0,0.0,0.0,23.3,14.8,322.0,89.0,100.0,1009.2,100,13.0827,80.275,0.0
2024-12-25 06:00:00+05:30,0.0,0.0,0.0,24.1,15.6,334.0,89.0,100.0,1009.5,100,13.0827,80.275,0.0
2024-12-25 07:00:00+05:30,36.0,59.9,28.0,24.4,16.1,333.0,89.0,100.0,1010.2,100,13.0827,80.275,3.4697654257461856
2024-12-25 08:00:00+05:30,127.0,49.2,111.0,25.0,14.9,330.0,87.0,83.0,1011.4,100,13.0827,80.275,11.695970866151631
2024-12-25 09:00:00+05:30,228.0,68.0,193.0,25.5,17.6,336.0,85.0,100.0,1012.0,100,13.0827,80.275,20.687136881792135
2024-12-25 10:00:00+05:30,188.0,0.0,188.0,25.4,17.6,338.0,85.0,85.0,1011.4,100,13.0827,80.275,16.215854728075737
2024-12-25 11:00:00+05:30,526.0,320.5,282.0,27.2,17.8,351.0,79.0,100.0,1010.7,100,13.0827,80.275,54.14302842143403
2024-12-25 12:00:00+05:30,411.0,102.4,329.0,26.7,19.2,353.0,83.0,96.0,1009.8,100,13.0827,80.275,38.24362516652482
2024-12-25 13:00:00+05:30,394.0,155.2,273.0,27.0,16.0,352.0,84.0,100.0,1009.0,100,13.0827,80.275,37.700588857206846
2024-12-25 14:00:00+05:30,390.0,163.0,276.0,27.5,18.5,359.0,81.0,38.0,1008.0,100,13.0827,80.275,38.50134005265751
2024-12-25 15:00:00+05:30,292.0,159.2,202.0,27.1,18.9,1.0,82.0,32.0,1007.9,100,13.0827,80.275,29.436665673359055
2024-12-25 16:00:00+05:30,225.0,274.2,119.0,26.7,18.0,1.0,83.0,71.0,1008.4,100,13.0827,80.275,24.633000435597985
2024-12-25 17:00:00+05:30,59.0,74.1,46.0,25.9,18.0,8.0,88.0,100.0,1009.1,100,13.0827,80.275,5.9588611263703575
2024-12-25 18:00:00+05:30,1.0,0.0,1.0,23.7,16.8,335.0,94.0,81.0,1010.1,100,13.0827,80.275,0.0
2024-12-25 19:00:00+05:30,0.0,0.0,0.0,23.6,17.4,325.0,94.0,100.0,1011.2,100,13.0827,80.275,0.0
2024-12-25 20:00:00+05:30,0.0,0.0,0.0,23.9,16.3,332.0,94.0,100.0,1011.8,100,13.0827,80.275,0.0
2024-12-25 21:00:00+05:30,0.0,0.0,0.0,23.9,18.2,328.0,94.0,100.0,1012.0,100,13.0827,80.275,0.0
2024-12-25 22:00:00+05:30,0.0,0.0,0.0,24.1,19.0,340.0,95.0,100.0,1012.0,100,13.0827,80.275,0.0
2024-12-25 23:00:00+05:30,0.0,0.0,0.0,24.1,18.3,341.0,95.0,100.0,1011.8,100,13.0827,80.275,0.0
2024-12-26 00:00:00+05:30,0.0,0.0,0.0,24.5,15.2,355.0,95.0,100.0,1011.3,100,13.0827,80.275,0.0
2024-12-26 01:00:00+05:30,0.0,0.0,0.0,24.8,16.0,15.0,95.0,100.0,1010.5,100,13.0827,80.275,0.0
2024-12-26 02:00:00+05:30,0.0,0.0,0.0,25.1,18.5,38.0,93.0,100.0,1009.8,100,13.0827,80.275,0.0
2024-12-26 03:00:00+05:30,0.0,0.0,0.0,25.2,19.0,43.0,93.0,100.0,1009.5,100,13.0827,80.275,0.0
2024-12-26 04:00:00+05:30,0.0,0.0,0.0,25.3,17.7,51.0,91.0,100.0,1010.0,100,13.0827,80.275,0.0
2024-12-26 05:00:00+05:30,0.0,0.0,0.0,25.3,17.2,60.0,92.0,88.0,1010.6,100,13.0827,80.275,0.0
2024-12-26 06:00:00+05:30,0.0,0.0,0.0,25.8,18.4,95.0,91.0,83.0,1010.6,100,13.0827,80.275,0.0
2024-12-26 07:00:00+05:30,36.0,75.3,26.0,26.4,19.2,96.0,89.0,66.0,1012.0,100,13.0827,80.275,3.6132797973381074
2024-12-26 08:00:00+05:30,182.0,219.5,111.0,27.2,19.7,99.0,85.0,81.0,1013.3,100,13.0827,80.275,19.986361223753743
2024-12-26 09:00:00+05:30,359.0,365.9,171.0,27.6,17.5,109.0,84.0,60.0,1014.0,100,13.0827,80.275,39.76660223657066
2024-12-26 10:00:00+05:30,489.0,435.9,200.0,27.8,17.0,113.0,84.0,48.0,1014.0,100,13.0827,80.275,52.766477641021396
2024-12-26 11:00:00+05:30,646.0,555.8,223.0,28.2,18.0,111.0,82.0,43.0,1013.5,100,13.0827,80.275,69.71201941143323
2024-12-26 12:00:00+05:30,692.0,606.7,206.0,28.1,17.5,112.0,83.0,40.0,1012.7,100,13.0827,80.275,73.94814090765456
2024-12-26 13:00:00+05:30,688.0,641.9,187.0,28.0,16.6,110.0,83.0,31.0,1011.9,100,13.0827,80.275,70.93021371182263
2024-12-26 14:00:00+05:30,603.0,635.2,158.0,27.8,15.6,97.0,83.0,18.0,1011.2,100,13.0827,80.275,63.78272040019942
2024-12-26 15:00:00+05:30,468.0,590.9,133.0,27.0,16.7,84.0,86.0,19.0,1011.0,100,13.0827,80.275,53.378370069153114
2024-12-26 16:00:00+05:30,279.0,455.7,102.0,26.2,17.7,81.0,87.0,30.0,1011.4,100,13.0827,80.275,33.7455645224396
2024-12-26 17:00:00+05:30,93.0,242.3,50.0,26.3,14.4,81.0,87.0,25.0,1011.9,100,13.0827,80.275,11.873123715470584
2024-12-26 18:00:00+05:30,3.0,0.0,3.0,26.0,11.3,61.0,88.0,60.0,1012.3,100,13.0827,80.275,0.0
2024-12-26 19:00:00+05:30,0.0,0.0,0.0,25.3,16.6,75.0,88.0,86.0,1013.6,100,13.0827,80.275,0.0
2024-12-26 20:00:00+05:30,0.0,0.0,0.0,25.4,10.2,81.0,89.0,59.0,1014.0,100,13.0827,80.275,0.0
2024-12-26 21:00:00+05:30,0.0,0.0,0.0,25.6,11.6,69.0,88.0,38.0,1014.1,100,13.0827,80.275,0.0
2024-12-26 22:00:00+05:30,0.0,0.0,0.0,25.5,11.2,71.0,87.0,60.0,1014.2,100,13.0827,80.275,0.0
2024-12-26 23:00:00+05:30,0.0,0.0,0.0,24.9,12.6,90.0,91.0,91.0,1014.0,100,13.0827,80.275,0.0
2024-12-27 00:00:00+05:30,0.0,0.0,0.0,25.0,11.7,61.0,89.0,53.0,1013.4,100,13.0827,80.275,0.0
2024-12-27 01:00:00+05:30,0.0,0.0,0.0,24.5,7.6,62.0,90.0,95.0,1013.0,100,13.0827,80.275,0.0
2024-12-27 02:00:00+05:30,0.0,0.0,0.0,24.3,11.0,72.0,91.0,77.0,1012.7,100,13.0827,80.275,0.0
2024-12-27 03:00:00+05:30,0.0,0.0,0.0,24.0,9.0,53.0,93.0,79.0,1012.3,100,13.0827,80.275,0.0
2024-12-27 04:00:00+05:30,0.0,0.0,0.0,24.5,7.9,51.0,91.0,100.0,1012.5,100,13.0827,80.275,0.0
2024-12-27 05:00:00+05:30,0.0,0.0,0.0,23.7,14.2,55.0,95.0,78.0,1013.2,100,13.0827,80.275,0.0
2024-12-27 06:00:00+05:30,0.0,0.0,0.0,24.7,10.8,80.0,92.0,79.0,1013.7,100,13.0827,80.275,0.0
2024-12-27 07:00:00+05:30,44.0,98.5,31.0,25.4,10.4,79.0,86.0,54.0,1014.7,100,13.0827,80.275,4.706451970087139
2024-12-27 08:00:00+05:30,185.0,260.9,101.0,27.1,12.9,72.0,78.0,87.0,1015.5,100,13.0827,80.275,21.016434163803744
2024-12-27 09:00:00+05:30,419.0,573.5,125.0,28.1,18.6,74.0,68.0,46.0,1016.4,100,13.0827,80.275,47.45280096627112
2024-12-27 10:00:00+05:30,593.0,650.7,162.0,28.3,19.7,70.0,69.0,84.0,1016.3,100,13.0827,80.275,62.7113833850753
2024-12-27 11:00:00+05:30,715.0,753.1,142.0,28.5,21.4,69.0,67.0,43.0,1015.6,100,13.0827,80.275,78.3971074777532
2024-12-27 12:00:00+05:30,731.0,683.7,183.0,28.0,22.2,72.0,70.0,80.0,1014.7,100,13.0827,80.275,77.95319859610078
2024-12-27 13:00:00+05:30,752.0,780.7,142.0,28.2,22.1,67.0,69.0,68.0,1013.6,100,13.0827,80.275,81.29295967237313
2024-12-27 14:00:00+05:30,646.0,713.7,145.0,28.0,22.1,63.0,69.0,64.0,1012.9,100,13.0827,80.275,71.03494435084536
2024-12-27 15:00:00+05:30,494.0,650.7,124.0,27.8,21.1,63.0,69.0,69.0,1012.6,100,13.0827,80.275,56.1037479010818
2024-12-27 16:00:00+05:30,300.0,512.2,100.0,27.2,17.7,55.0,72.0,89.0,1012.9,100,13.0827,80.275,35.7071796134569
2024-12-27 17:00:00+05:30,112.0,334.1,52.0,26.6,15.5,55.0,74.0,61.0,1013.3,100,13.0827,80.275,15.321658780427489
2024-12-27 18:00:00+05:30,4.0,17.7,3.0,26.4,12.5,47.0,80.0,30.0,1013.7,100,13.0827,80.275,0.0
2024-12-27 19:00:00+05:30,0.0,0.0,0.0,26.2,12.7,52.0,80.0,19.0,1014.6,100,13.0827,80.275,0.0
2024-12-27 20:00:00+05:30,0.0,0.0,0.0,26.1,12.4,48.0,79.0,31.0,1015.2,100,13.0827,80.275,0.0
2024-12-27 21:00:00+05:30,0.0,0.0,0.0,26.0,13.0,49.0,79.0,14.0,1015.3,100,13.0827,80.275,0.0
2024-12-27 22:00:00+05:30,0.0,0.0,0.0,25.9,12.1,48.0,79.0,23.0,1015.4,100,13.0827,80.275,0.0
2024-12-27 23:00:00+05:30,0.0,0.0,0.0,25.7,11.9,51.0,80.0,58.0,1014.9,100,13.0827,80.275,0.0
2024-12-28 00:00:00+05:30,0.0,0.0,0.0,25.4,11.0,52.0,82.0,43.0,1014.5,100,13.0827,80.275,0.0
2024-12-28 01:00:00+05:30,0.0,0.0,0.0,25.4,11.0,48.0,82.0,76.0,1013.8,100,13.0827,80.275,0.0
2024-12-28 02:00:00+05:30,0.0,0.0,0.0,25.3,12.2,45.0,81.0,57.0,1013.3,100,13.0827,80.275,0.0
2024-12-28 03:00:00+05:30,0.0,0.0,0.0,25.1,11.7,47.0,82.0,16.0,1013.1,100,13.0827,80.275,0.0
2024-12-28 04:00:00+05:30,0.0,0.0,0.0,24.9,10.9,46.0,82.0,27.0,1013.0,100,13.0827,80.275,0.0
2024-12-28 05:00:00+05:30,0.0,0.0,0.0,24.9,9.7,45.0,82.0,20.0,1013.5,100,13.0827,80.275,0.0
2024-12-28 06:00:00+05:30,0.0,0.0,0.0,25.2,10.0,51.0,82.0,11.0,1013.8,100,13.0827,80.275,0.0
2024-12-28 07:00:00+05:30,57.0,213.4,29.0,25.8,9.3,50.0,81.0,9.0,1014.8,100,13.0827,80.275,7.3762021887742115
2024-12-28 08:00:00+05:30,246.0,508.5,83.0,27.1,11.2,52.0,74.0,6.0,1015.5,100,13.0827,80.275,30.27867277301368
2024-12-28 09:00:00+05:30,438.0,631.3,115.0,27.7,12.4,50.0,72.0,11.0,1015.8,100,13.0827,80.275,50.02649900495642
2024-12-28 10:00:00+05:30,623.0,748.0,128.0,28.2,13.3,50.0,70.0,14.0,1015.4,100,13.0827,80.275,67.52349166636424
2024-12-28 11:00:00+05:30,717.0,743.9,151.0,28.3,14.8,52.0,69.0,18.0,1014.7,100,13.0827,80.275,75.71409013339242
2024-12-28 12:00:00+05:30,752.0,747.0,153.0,28.3,14.8,56.0,69.0,22.0,1013.9,100,13.0827,80.275,80.10516683821379
2024-12-28 13:00:00+05:30,744.0,756.7,152.0,28.3,15.0,57.0,69.0,16.0,1012.8,100,13.0827,80.275,78.48919894917016
2024-12-28 14:00:00+05:30,657.0,749.3,130.0,28.1,14.4,57.0,70.0,13.0,1011.9,100,13.0827,80.275,73.11326365946509
2024-12-28 15:00:00+05:30,509.0,673.2,125.0,27.8,14.0,58.0,71.0,7.0,1011.6,100,13.0827,80.275,57.013660180644976
2024-12-28 16:00:00+05:30,309.0,540.2,97.0,27.3,13.5,54.0,72.0,8.0,1011.6,100,13.0827,80.275,36.86923501211157
2024-12-28 17:00:00+05:30,115.0,346.6,52.0,26.6,10.7,46.0,77.0,8.0,1012.1,100,13.0827,80.275,16.019984385894542
2024-12-28 18:00:00+05:30,4.0,17.3,3.0,26.4,9.7,27.0,83.0,24.0,1012.4,100,13.0827,80.275,0.0
2024-12-28 19:00:00+05:30,0.0,0.0,0.0,26.1,10.4,26.0,86.0,5.0,1013.2,100,13.0827,80.275,0.0
2024-12-28 20:00:00+05:30,0.0,0.0,0.0,25.9,11.5,27.0,86.0,2.0,1014.1,100,13.0827,80.275,0.0
2024-12-28 21:00:00+05:30,0.0,0.0,0.0,25.8,11.4,26.0,86.0,8.0,1014.5,100,13.0827,80.275,0.0
2024-12-28 22:00:00+05:30,0.0,0.0,0.0,25.6,11.4,27.0,86.0,3.0,1014.3,100,13.0827,80.275,0.0
2024-12-28 23:00:00+05:30,0.0,0.0,0.0,25.4,11.3,29.0,85.0,6.0,1014.0,100,13.0827,80.275,0.0
2024-12-29 00:00:00+05:30,0.0,0.0,0.0,25.3,11.7,32.0,85.0,18.0,1013.5,100,13.0827,80.275,0.0
2024-12-29 01:00:00+05:30,0.0,0.0,0.0,25.2,12.1,33.0,84.0,26.0,1013.0,100,13.0827,80.275,0.0
2024-12-29 02:00:00+05:30,0.0,0.0,0.0,25.0,13.0,33.0,85.0,48.0,1012.5,100,13.0827,80.275,0.0
2024-12-29 03:00:00+05:30,0.0,0.0,0.0,24.9,13.3,35.0,85.0,95.0,1012.2,100,13.0827,80.275,0.0
2024-12-29 04:00:00+05:30,0.0,0.0,0.0,25.0,13.5,34.0,85.0,94.0,1012.1,100,13.0827,80.275,0.0
2024-12-29 05:00:00+05:30,0.0,0.0,0.0,25.1,12.5,25.0,83.0,99.0,1012.6,100,13.0827,80.275,0.0
2024-12-29 06:00:00+05:30,0.0,0.0,0.0,25.2,13.0,22.0,81.0,99.0,1013.7,100,13.0827,80.275,0.0
2024-12-29 07:00:00+05:30,56.0,207.0,29.0,25.7,12.2,20.0,79.0,100.0,1014.5,100,13.0827,80.275,7.003367151704979
2024-12-29 08:00:00+05:30,233.0,441.8,92.0,26.9,15.1,25.0,71.0,98.0,1015.2,100,13.0827,80.275,28.596252984559364
2024-12-29 09:00:00+05:30,407.0,548.3,127.0,27.3,17.2,30.0,70.0,97.0,1015.4,100,13.0827,80.275,44.47536734275791
2024-12-29 10:00:00+05:30,586.0,671.4,142.0,27.7,18.1,32.0,69.0,96.0,1015.1,100,13.0827,80.275,66.4248412507076
2024-12-29 11:00:00+05:30,672.0,646.7,180.0,27.9,18.9,32.0,68.0,97.0,1014.6,100,13.0827,80.275,72.08768337675211
2024-12-29 12:00:00+05:30,610.0,467.3,235.0,27.8,18.7,34.0,69.0,100.0,1013.5,100,13.0827,80.275,62.064782255650236
2024-12-29 13:00:00+05:30,551.0,409.8,230.0,27.7,18.7,36.0,71.0,99.0,1012.7,100,13.0827,80.275,56.360876235381525
2024-12-29 14:00:00+05:30,550.0,488.1,206.0,27.6,18.8,38.0,71.0,99.0,1012.0,100,13.0827,80.275,59.11036037328731
2024-12-29 15:00:00+05:30,399.0,361.8,192.0,27.3,19.6,34.0,70.0,100.0,1011.6,100,13.0827,80.275,42.23857677570279
2024-12-29 16:00:00+05:30,150.0,65.9,124.0,26.6,16.2,34.0,76.0,100.0,1011.7,100,13.0827,80.275,13.93996572687973
2024-12-29 17:00:00+05:30,69.0,76.1,55.0,25.9,16.0,39.0,79.0,100.0,1012.2,100,13.0827,80.275,6.9013242596809325
2024-12-29 18:00:00+05:30,4.0,17.0,3.0,25.7,14.3,12.0,84.0,96.0,1012.2,100,13.0827,80.275,0.0
2024-12-29 19:00:00+05:30,0.0,0.0,0.0,25.5,13.2,17.0,84.0,97.0,1013.6,100,13.0827,80.275,0.0
2024-12-29 20:00:00+05:30,0.0,0.0,0.0,25.4,14.8,44.0,85.0,100.0,1014.6,100,13.0827,80.275,0.0
2024-12-29 21:00:00+05:30,0.0,0.0,0.0,24.8,14.3,59.0,89.0,99.0,1015.2,100,13.0827,80.275,0.0
2024-12-29 22:00:00+05:30,0.0,0.0,0.0,24.5,8.3,57.0,91.0,90.0,1015.1,100,13.0827,80.275,0.0
2024-12-29 23:00:00+05:30,0.0,0.0,0.0,24.3,6.5,19.0,92.0,94.0,1014.3,100,13.0827,80.275,0.0
2024-12-30 00:00:00+05:30,0.0,0.0,0.0,24.1,7.5,11.0,93.0,67.0,1013.5,100,13.0827,80.275,0.0
2024-12-30 01:00:00+05:30,0.0,0.0,0.0,24.2,7.9,17.0,93.0,100.0,1012.9,100,13.0827,80.275,0.0
2024-12-30 02:00:00+05:30,0.0,0.0,0.0,24.1,9.6,5.0,94.0,39.0,1011.9,100,13.0827,80.275,0.0
2024-12-30 03:00:00+05:30,0.0,0.0,0.0,24.0,9.6,352.0,93.0,21.0,1011.3,100,13.0827,80.275,0.0
2024-12-30 04:00:00+05:30,0.0,0.0,0.0,24.0,9.5,358.0,93.0,38.0,1011.6,100,13.0827,80.275,0.0
2024-12-30 05:00:00+05:30,0.0,0.0,0.0,23.8,11.5,349.0,94.0,100.0,1012.2,100,13.0827,80.275,0.0
2024-12-30 06:00:00+05:30,0.0,0.0,0.0,24.3,9.9,9.0,91.0,97.0,1013.1,100,13.0827,80.275,0.0
2024-12-30 07:00:00+05:30,49.0,131.1,32.0,24.9,14.3,12.0,90.0,95.0,1014.3,100,13.0827,80.275,5.468229688184346
2024-12-30 08:00:00+05:30,230.0,412.1,99.0,26.2,15.0,16.0,83.0,99.0,1015.3,100,13.0827,80.275,27.40062439399179
2024-12-30 09:00:00+05:30,387.0,474.8,145.0,26.7,18.6,38.0,79.0,100.0,1015.6,100,13.0827,80.275,42.977900099875065
2024-12-30 10:00:00+05:30,551.0,544.8,191.0,27.5,19.8,39.0,75.0,100.0,1015.1,100,13.0827,80.275,59.1505755896515
2024-12-30 11:00:00+05:30,701.0,699.2,169.0,27.8,19.9,43.0,74.0,100.0,1014.3,100,13.0827,80.275,75.24417704860016
2024-12-30 12:00:00+05:30,707.0,618.9,210.0,27.9,19.9,44.0,73.0,100.0,1013.5,100,13.0827,80.275,74.21259091150128
2024-12-30 13:00:00+05:30,736.0,708.8,180.0,28.0,19.2,44.0,73.0,99.0,1012.4,100,13.0827,80.275,76.87921675487998
2024-12-30 14:00:00+05:30,601.0,601.7,176.0,27.8,18.6,45.0,74.0,100.0,1011.8,100,13.0827,80.275,63.2188684139661
2024-12-30 15:00:00+05:30,482.0,616.6,128.0,27.4,17.2,43.0,76.0,100.0,1011.9,100,13.0827,80.275,53.031669537068986
2024-12-30 16:00:00+05:30,309.0,509.2,107.0,27.0,16.4,40.0,78.0,95.0,1011.9,100,13.0827,80.275,36.31253512140633
2024-12-30 17:00:00+05:30,110.0,257.8,62.0,26.4,14.4,38.0,81.0,74.0,1012.3,100,13.0827,80.275,13.801789667056
2024-12-30 18:00:00+05:30,4.0,0.0,4.0,25.5,14.8,32.0,87.0,97.0,1013.1,100,13.0827,80.275,0.0
2024-12-30 19:00:00+05:30,0.0,0.0,0.0,25.5,13.8,22.0,88.0,94.0,1013.9,100,13.0827,80.275,0.0
2024-12-30 20:00:00+05:30,0.0,0.0,0.0,25.6,14.3,28.0,85.0,100.0,1014.7,100,13.0827,80.275,0.0
2024-12-30 21:00:00+05:30,0.0,0.0,0.0,25.6,15.3,31.0,85.0,98.0,1015.1,100,13.0827,80.275,0.0
2024-12-30 22:00:00+05:30,0.0,0.0,0.0,25.6,16.2,40.0,87.0,90.0,1015.2,100,13.0827,80.275,0.0
2024-12-30 23:00:00+05:30,0.0,0.0,0.0,25.7,14.3,37.0,85.0,100.0,1014.8,100,13.0827,80.275,0.0
2024-12-31 00:00:00+05:30,0.0,0.0,0.0,25.5,13.4,36.0,86.0,85.0,1014.3,100,13.0827,80.275,0.0
2024-12-31 01:00:00+05:30,0.0,0.0,0.0,25.2,13.0,29.0,88.0,33.0,1013.6,100,13.0827,80.275,0.0
2024-12-31 02:00:00+05:30,0.0,0.0,0.0,25.0,12.5,30.0,89.0,87.0,1012.8,100,13.0827,80.275,0.0
2024-12-31 03:00:00+05:30,0.0,0.0,0.0,24.9,12.2,27.0,90.0,50.0,1012.4,100,13.0827,80.275,0.0
2024-12-31 04:00:00+05:30,0.0,0.0,0.0,24.6,12.3,21.0,91.0,63.0,1012.3,100,13.0827,80.275,0.0
2024-12-31 05:00:00+05:30,0.0,0.0,0.0,24.5,12.4,17.0,91.0,12.0,1012.6,100,13.0827,80.275,0.0
2024-12-31 06:00:00+05:30,0.0,0.0,0.0,25.0,11.2,24.0,87.0,53.0,1013.7,100,13.0827,80.275,0.0
2024-12-31 07:00:00+05:30,54.0,201.6,28.0,25.4,11.6,15.0,87.0,64.0,1014.7,100,13.0827,80.275,6.928538508417147
2024-12-31 08:00:00+05:30,239.0,470.6,90.0,26.8,16.4,26.0,78.0,80.0,1015.4,100,13.0827,80.275,29.05103001445365
2024-12-31 09:00:00+05:30,405.0,483.4,159.0,27.3,17.2,30.0,74.0,46.0,1015.9,100,13.0827,80.275,43.80563527229447
2024-12-31 10:00:00+05:30,613.0,705.6,147.0,27.9,18.2,34.0,71.0,64.0,1015.9,100,13.0827,80.275,67.35125939796322
2024-12-31 11:00:00+05:30,732.0,746.4,164.0,28.2,18.7,38.0,70.0,94.0,1015.1,100,13.0827,80.275,77.99117609334597
2024-12-31 12:00:00+05:30,745.0,708.0,176.0,28.1,18.0,43.0,69.0,99.0,1014.2,100,13.0827,80.275,77.3236771974502
2024-12-31 13:00:00+05:30,698.0,679.8,164.0,27.9,17.7,46.0,70.0,34.0,1013.1,100,13.0827,80.275,74.31434937670726
2024-12-31 14:00:00+05:30,614.0,618.7,176.0,27.7,17.7,44.0,69.0,18.0,1012.2,100,13.0827,80.275,67.99692081753297
2024-12-31 15:00:00+05:30,497.0,630.2,134.0,27.4,17.0,39.0,72.0,14.0,1011.7,100,13.0827,80.275,56.479786237708886
2024-12-31 16:00:00+05:30,316.0,539.1,101.0,26.9,16.1,33.0,74.0,23.0,1011.7,100,13.0827,80.275,37.625792029426506
2024-12-31 17:00:00+05:30,126.0,387.4,53.0,26.1,13.9,29.0,79.0,50.0,1011.9,100,13.0827,80.275,17.60685740865082
2024-12-31 18:00:00+05:30,5.0,16.4,4.0,25.7,12.8,26.0,84.0,86.0,1012.3,100,13.0827,80.275,0.0
2024-12-31 19:00:00+05:30,0.0,0.0,0.0,25.3,13.3,30.0,86.0,57.0,1013.1,100,13.0827,80.275,0.0
2024-12-31 20:00:00+05:30,0.0,0.0,0.0,25.4,13.2,32.0,85.0,29.0,1013.8,100,13.0827,80.275,0.0
2024-12-31 21:00:00+05:30,0.0,0.0,0.0,25.2,12.9,35.0,85.0,24.0,1014.6,100,13.0827,80.275,0.0
2024-12-31 22:00:00+05:30,0.0,0.0,0.0,25.3,12.3,37.0,83.0,13.0,1014.5,100,13.0827,80.275,0.0
2024-12-31 23:00:00+05:30,0.0,0.0,0.0,25.1,12.0,39.0,84.0,12.0,1014.4,100,13.0827,80.275,0.0
