timestamp,wind_speed,wind_direction,temperature,pressure,generation_kw,rated_capacity_kw
2023-01-01 00:00:00+05:30,8.0,172.0,12.4,991.7,16.22011026532576,100
2023-01-01 01:00:00+05:30,4.8,193.0,15.1,991.6,2.330179552161326,100
2023-01-01 02:00:00+05:30,5.7,198.0,14.1,990.9,2.142340676371833,100
2023-01-01 03:00:00+05:30,6.4,207.0,12.9,990.3,5.669330721842769,100
2023-01-01 04:00:00+05:30,6.7,196.0,12.4,990.0,6.584847977366532,100
2023-01-01 05:00:00+05:30,8.7,187.0,10.5,990.3,25.768864407350033,100
2023-01-01 06:00:00+05:30,9.1,189.0,9.5,990.7,30.71789626405105,100
2023-01-01 07:00:00+05:30,8.8,192.0,9.4,991.5,25.42627067876292,100
2023-01-01 08:00:00+05:30,8.7,187.0,10.5,992.1,24.36939154136653,100
2023-01-01 09:00:00+05:30,7.7,169.0,13.8,993.0,14.527843604419878,100
2023-01-01 10:00:00+05:30,9.9,161.0,17.8,993.6,43.85029106338404,100
2023-01-01 11:00:00+05:30,12.5,162.0,19.9,993.1,96.8513837758039,100
2023-01-01 12:00:00+05:30,9.7,165.0,21.2,992.3,40.6137889338687,100
2023-01-01 13:00:00+05:30,4.4,189.0,21.9,991.4,0.78660012929306,100
2023-01-01 14:00:00+05:30,3.3,229.0,22.4,990.6,0.2314991116598377,100
2023-01-01 15:00:00+05:30,3.9,214.0,22.6,989.8,0.0,100
2023-01-01 16:00:00+05:30,3.9,214.0,22.6,989.7,0.35343850710890395,100
2023-01-01 17:00:00+05:30,4.5,194.0,21.7,989.7,3.550562385471098,100
2023-01-01 18:00:00+05:30,6.8,177.0,19.1,990.1,6.719897409543325,100
2023-01-01 19:00:00+05:30,9.3,167.0,17.9,990.9,33.42126763963249,100
2023-01-01 20:00:00+05:30,10.2,170.0,16.8,991.2,47.06255979639739,100
2023-01-01 21:00:00+05:30,11.5,176.0,16.2,991.3,85.41473931892159,100
2023-01-01 22:00:00+05:30,11.2,178.0,15.2,991.4,79.77383924093752,100
2023-01-01 23:00:00+05:30,12.0,171.0,14.4,991.1,100.0,100
2023-01-02 00:00:00+05:30,11.4,169.0,13.4,990.7,82.44109291902657,100
2023-01-02 01:00:00+05:30,12.7,172.0,12.9,990.2,100.0,100
2023-01-02 02:00:00+05:30,12.8,170.0,12.4,989.7,100.0,100
2023-01-02 03:00:00+05:30,12.8,169.0,11.8,989.2,100.0,100
2023-01-02 04:00:00+05:30,12.5,168.0,11.4,989.1,99.72868198684337,100
2023-01-02 05:00:00+05:30,12.5,168.0,10.8,989.6,99.60722278065643,100
2023-01-02 06:00:00+05:30,13.2,169.0,10.5,989.9,98.60626371116821,100
2023-01-02 07:00:00+05:30,13.6,168.0,10.6,990.8,96.16656985955863,100
2023-01-02 08:00:00+05:30,7.2,162.0,10.7,991.7,10.184131424152648,100
2023-01-02 09:00:00+05:30,2.6,106.0,13.4,993.0,0.020860197072792793,100
2023-01-02 10:00:00+05:30,5.1,98.0,17.0,993.5,1.8291282071863608,100
2023-01-02 11:00:00+05:30,7.3,110.0,19.9,993.3,12.829942713901433,100
2023-01-02 12:00:00+05:30,6.4,117.0,21.6,992.7,4.773053731261075,100
2023-01-02 13:00:00+05:30,3.7,79.0,22.4,991.6,1.3445421796898034,100
2023-01-02 14:00:00+05:30,4.7,23.0,22.8,990.7,2.252315703263474,100
2023-01-02 15:00:00+05:30,6.8,3.0,23.0,990.6,7.663964274271721,100
2023-01-02 16:00:00+05:30,10.8,358.0,22.7,990.6,64.88313801681046,100
2023-01-02 17:00:00+05:30,9.8,8.0,21.8,990.7,41.20268189458974,100
2023-01-02 18:00:00+05:30,10.8,2.0,19.6,991.3,66.6402863631018,100
2023-01-02 19:00:00+05:30,12.6,2.0,18.3,992.1,100.0,100
2023-01-02 20:00:00+05:30,12.3,15.0,17.0,992.2,99.18674629036865,100
2023-01-02 21:00:00+05:30,10.8,15.0,15.8,992.4,64.28836922358603,100
2023-01-02 22:00:00+05:30,10.0,15.0,14.7,992.7,46.3255690908373,100
2023-01-02 23:00:00+05:30,9.7,42.0,13.5,992.6,40.545300335038974,100
2023-01-03 00:00:00+05:30,9.2,51.0,12.7,992.6,35.9423713834687,100
2023-01-03 01:00:00+05:30,10.0,30.0,12.2,991.9,46.01134255508933,100
2023-01-03 02:00:00+05:30,11.5,20.0,11.9,991.7,85.00175703440529,100
2023-01-03 03:00:00+05:30,11.4,24.0,11.1,991.4,80.19648258353925,100
2023-01-03 04:00:00+05:30,10.7,42.0,10.2,991.5,63.692531758440815,100
2023-01-03 05:00:00+05:30,8.9,40.0,9.4,991.3,29.02043379140502,100
2023-01-03 06:00:00+05:30,8.5,54.0,8.9,991.5,22.14432048462174,100
2023-01-03 07:00:00+05:30,8.7,60.0,8.4,992.5,23.831715269709335,100
2023-01-03 08:00:00+05:30,8.7,52.0,9.9,993.4,25.17072768531378,100
2023-01-03 09:00:00+05:30,7.2,53.0,12.3,994.3,9.555851928140791,100
2023-01-03 10:00:00+05:30,6.8,58.0,15.2,995.2,6.530091288386454,100
2023-01-03 11:00:00+05:30,8.1,58.0,17.9,995.2,18.42760266579233,100
2023-01-03 12:00:00+05:30,10.2,58.0,19.9,994.5,52.93022979386906,100
2023-01-03 13:00:00+05:30,13.0,51.0,21.2,993.3,98.82739306637325,100
2023-01-03 14:00:00+05:30,15.6,40.0,21.6,992.7,98.32275666634597,100
2023-01-03 15:00:00+05:30,16.5,36.0,21.7,992.6,99.88765522014688,100
2023-01-03 16:00:00+05:30,17.5,32.0,21.6,992.6,95.63768384639022,100
2023-01-03 17:00:00+05:30,14.5,23.0,20.7,992.9,100.0,100
2023-01-03 18:00:00+05:30,13.7,18.0,18.4,993.2,100.0,100
2023-01-03 19:00:00+05:30,15.8,21.0,17.1,993.8,98.68136816499617,100
2023-01-03 20:00:00+05:30,16.6,24.0,16.1,994.3,100.0,100
2023-01-03 21:00:00+05:30,14.6,33.0,15.2,994.8,98.25378771300001,100
2023-01-03 22:00:00+05:30,13.8,43.0,14.2,994.9,97.10918029299599,100
2023-01-03 23:00:00+05:30,13.0,56.0,13.1,994.8,100.0,100
2023-01-04 00:00:00+05:30,12.8,68.0,12.2,994.5,100.0,100
2023-01-04 01:00:00+05:30,12.6,70.0,11.4,994.1,100.0,100
2023-01-04 02:00:00+05:30,11.6,85.0,10.5,993.9,91.18556313029968,100
2023-01-04 03:00:00+05:30,11.5,86.0,9.8,993.6,84.11479776846382,100
2023-01-04 04:00:00+05:30,11.6,83.0,9.3,993.1,86.56628928644345,100
2023-01-04 05:00:00+05:30,10.8,105.0,8.4,993.5,63.959287277492834,100
2023-01-04 06:00:00+05:30,11.2,111.0,7.4,993.9,75.56293523283092,100
2023-01-04 07:00:00+05:30,11.0,113.0,7.0,994.3,68.72489488736065,100
2023-01-04 08:00:00+05:30,10.5,112.0,8.2,995.0,56.753918853668345,100
2023-01-04 09:00:00+05:30,9.9,100.0,11.4,996.1,48.36904033720497,100
2023-01-04 10:00:00+05:30,9.7,88.0,14.5,996.7,41.18074964144708,100
2023-01-04 11:00:00+05:30,15.5,72.0,16.8,996.6,100.0,100
2023-01-04 12:00:00+05:30,18.6,58.0,18.0,995.8,98.39416956121575,100
2023-01-04 13:00:00+05:30,18.7,56.0,18.9,994.7,98.421475890847,100
2023-01-04 14:00:00+05:30,19.5,56.0,19.5,993.5,97.6125167486372,100
2023-01-04 15:00:00+05:30,19.8,53.0,19.6,992.9,98.40138499787147,100
2023-01-04 16:00:00+05:30,19.2,52.0,19.3,992.6,100.0,100
2023-01-04 17:00:00+05:30,16.3,45.0,18.2,992.8,97.6964044016917,100
2023-01-04 18:00:00+05:30,14.3,49.0,16.0,992.9,100.0,100
2023-01-04 19:00:00+05:30,13.7,55.0,14.8,993.5,100.0,100
2023-01-04 20:00:00+05:30,13.5,61.0,13.7,993.8,99.62674392708695,100
2023-01-04 21:00:00+05:30,11.3,63.0,12.5,993.9,77.57229161022981,100
2023-01-04 22:00:00+05:30,11.1,61.0,11.5,994.2,75.63743245690196,100
2023-01-04 23:00:00+05:30,11.0,71.0,10.6,994.1,69.46045888650652,100
2023-01-05 00:00:00+05:30,11.8,78.0,9.9,994.0,92.8191295414245,100
2023-01-05 01:00:00+05:30,12.3,83.0,9.4,993.5,97.4310483598569,100
2023-01-05 02:00:00+05:30,12.3,85.0,8.9,993.4,100.0,100
2023-01-05 03:00:00+05:30,12.6,87.0,8.4,993.0,100.0,100
2023-01-05 04:00:00+05:30,12.2,88.0,7.8,992.8,100.0,100
2023-01-05 05:00:00+05:30,12.3,97.0,7.1,992.8,100.0,100
2023-01-05 06:00:00+05:30,13.0,95.0,6.7,993.3,99.28470805468889,100
2023-01-05 07:00:00+05:30,13.7,92.0,6.5,994.1,95.29488295800451,100
2023-01-05 08:00:00+05:30,14.4,89.0,7.4,994.9,98.85159451363681,100
2023-01-05 09:00:00+05:30,13.0,92.0,10.0,996.2,100.0,100
2023-01-05 10:00:00+05:30,15.2,86.0,12.7,997.0,99.82489235713562,100
2023-01-05 11:00:00+05:30,18.5,82.0,15.1,996.6,100.0,100
2023-01-05 12:00:00+05:30,19.2,73.0,16.7,995.6,100.0,100
2023-01-05 13:00:00+05:30,19.3,63.0,17.8,994.5,100.0,100
2023-01-05 14:00:00+05:30,19.7,55.0,18.7,993.7,100.0,100
2023-01-05 15:00:00+05:30,21.4,54.0,19.2,993.0,95.91735043373674,100
2023-01-05 16:00:00+05:30,21.7,54.0,19.2,992.9,98.28157576444669,100
2023-01-05 17:00:00+05:30,16.2,53.0,18.5,993.0,95.32544362767754,100
2023-01-05 18:00:00+05:30,15.8,47.0,16.4,993.2,98.73277247886944,100
2023-01-05 19:00:00+05:30,16.6,48.0,15.2,993.8,100.0,100
2023-01-05 20:00:00+05:30,17.1,44.0,14.2,994.2,99.46931460514365,100
2023-01-05 21:00:00+05:30,17.3,48.0,13.4,994.5,99.08659238503039,100
2023-01-05 22:00:00+05:30,16.8,55.0,12.6,994.8,98.9955317843143,100
2023-01-05 23:00:00+05:30,14.7,62.0,11.6,994.8,100.0,100
2023-01-06 00:00:00+05:30,13.0,66.0,10.6,994.6,97.20002484245974,100
2023-01-06 01:00:00+05:30,13.7,67.0,10.0,994.2,100.0,100
2023-01-06 02:00:00+05:30,15.5,72.0,9.5,993.3,100.0,100
2023-01-06 03:00:00+05:30,15.7,81.0,8.8,992.7,100.0,100
2023-01-06 04:00:00+05:30,14.2,83.0,8.0,992.4,99.85625966733315,100
2023-01-06 05:00:00+05:30,14.4,86.0,7.1,992.6,100.0,100
2023-01-06 06:00:00+05:30,13.2,79.0,6.3,993.0,100.0,100
2023-01-06 07:00:00+05:30,14.5,84.0,5.9,993.8,99.31750949337977,100
2023-01-06 08:00:00+05:30,15.2,85.0,6.9,994.4,100.0,100
2023-01-06 09:00:00+05:30,15.3,81.0,9.6,995.1,99.01956443202381,100
2023-01-06 10:00:00+05:30,14.6,74.0,12.4,995.9,99.44504157947796,100
2023-01-06 11:00:00+05:30,13.4,63.0,15.1,996.4,100.0,100
2023-01-06 12:00:00+05:30,14.7,59.0,17.1,995.5,96.86387333184263,100
2023-01-06 13:00:00+05:30,15.7,53.0,18.6,994.3,100.0,100
2023-01-06 14:00:00+05:30,16.8,45.0,19.5,993.7,99.10235095409733,100
2023-01-06 15:00:00+05:30,17.8,42.0,20.0,992.9,100.0,100
2023-01-06 16:00:00+05:30,18.7,40.0,20.0,992.7,100.0,100
2023-01-06 17:00:00+05:30,16.5,32.0,19.1,992.8,100.0,100
2023-01-06 18:00:00+05:30,16.2,37.0,17.0,992.9,100.0,100
2023-01-06 19:00:00+05:30,16.9,50.0,15.9,993.3,99.8450181647011,100
2023-01-06 20:00:00+05:30,15.9,57.0,14.9,993.5,99.80502490032613,100
2023-01-06 21:00:00+05:30,14.1,52.0,13.8,993.7,100.0,100
2023-01-06 22:00:00+05:30,14.0,55.0,12.6,993.8,99.28246596313178,100
2023-01-06 23:00:00+05:30,13.4,59.0,11.7,993.7,97.62364362507239,100
2023-01-07 00:00:00+05:30,13.8,57.0,11.0,993.3,98.95305441257526,100
2023-01-07 01:00:00+05:30,13.4,54.0,10.3,992.9,100.0,100
2023-01-07 02:00:00+05:30,13.3,52.0,9.6,992.8,100.0,100
2023-01-07 03:00:00+05:30,13.5,56.0,9.0,992.2,100.0,100
2023-01-07 04:00:00+05:30,13.0,56.0,8.4,992.1,100.0,100
2023-01-07 05:00:00+05:30,12.4,60.0,8.0,992.3,100.0,100
2023-01-07 06:00:00+05:30,12.8,68.0,7.4,992.6,100.0,100
2023-01-07 07:00:00+05:30,12.1,73.0,7.1,993.2,100.0,100
2023-01-07 08:00:00+05:30,11.1,77.0,7.9,993.6,74.27168948459868,100
2023-01-07 09:00:00+05:30,9.8,73.0,10.4,994.3,43.31994674997228,100
2023-01-07 10:00:00+05:30,11.0,67.0,13.2,994.8,71.92788580524821,100
2023-01-07 11:00:00+05:30,10.9,63.0,16.0,994.9,65.84990569137545,100
2023-01-07 12:00:00+05:30,10.9,56.0,18.6,994.1,68.5652640119007,100
2023-01-07 13:00:00+05:30,11.3,53.0,20.5,993.0,78.03955291612705,100
2023-01-07 14:00:00+05:30,11.0,49.0,21.5,991.9,71.70058396320417,100
2023-01-07 15:00:00+05:30,10.7,40.0,21.8,991.2,60.865477029465374,100
2023-01-07 16:00:00+05:30,11.2,33.0,21.6,991.0,71.78368245739865,100
2023-01-07 17:00:00+05:30,11.0,32.0,20.4,991.2,69.04212909030575,100
2023-01-07 18:00:00+05:30,11.6,26.0,18.2,991.6,85.32531936027708,100
2023-01-07 19:00:00+05:30,14.5,23.0,17.2,992.1,99.02703926169276,100
2023-01-07 20:00:00+05:30,15.2,31.0,16.2,992.4,100.0,100
2023-01-07 21:00:00+05:30,15.6,40.0,15.4,992.6,100.0,100
2023-01-07 22:00:00+05:30,15.4,53.0,14.6,992.8,99.05409956166136,100
2023-01-07 23:00:00+05:30,14.8,61.0,13.8,992.4,100.0,100
2023-01-08 00:00:00+05:30,14.7,62.0,13.0,991.8,97.47083923657905,100
2023-01-08 01:00:00+05:30,14.2,66.0,12.4,991.3,100.0,100
2023-01-08 02:00:00+05:30,12.9,72.0,11.7,990.8,100.0,100
2023-01-08 03:00:00+05:30,12.1,80.0,11.2,990.2,98.19960972738419,100
2023-01-08 04:00:00+05:30,9.8,82.0,10.4,990.0,42.61312603523106,100
2023-01-08 05:00:00+05:30,9.1,72.0,9.4,990.2,29.248279197605363,100
2023-01-08 06:00:00+05:30,10.0,60.0,8.8,990.5,50.09838291545596,100
2023-01-08 07:00:00+05:30,10.3,54.0,8.3,991.0,54.82339574096701,100
2023-01-08 08:00:00+05:30,8.9,63.0,9.0,991.6,27.46734712085607,100
2023-01-08 09:00:00+05:30,8.2,75.0,11.4,992.5,19.441153681347274,100
2023-01-08 10:00:00+05:30,8.5,78.0,14.3,992.8,22.730153781041455,100
2023-01-08 11:00:00+05:30,7.6,59.0,17.5,992.8,15.29844250197438,100
2023-01-08 12:00:00+05:30,7.8,56.0,20.1,992.0,14.39820538239169,100
2023-01-08 13:00:00+05:30,6.2,54.0,21.9,990.8,6.142688876623246,100
2023-01-08 14:00:00+05:30,4.4,35.0,22.7,989.9,0.0,100
2023-01-08 15:00:00+05:30,3.8,17.0,23.1,989.3,0.767326759185123,100
2023-01-08 16:00:00+05:30,4.5,14.0,23.1,989.1,0.0,100
2023-01-08 17:00:00+05:30,9.4,288.0,23.0,988.9,33.073328528435994,100
2023-01-08 18:00:00+05:30,8.2,319.0,20.1,989.1,20.26186502940014,100
2023-01-08 19:00:00+05:30,5.6,333.0,18.4,989.8,1.7788651107551925,100
2023-01-08 20:00:00+05:30,5.6,345.0,17.2,990.3,0.909956214451352,100
2023-01-08 21:00:00+05:30,7.3,33.0,15.6,990.5,10.910841225527795,100
2023-01-08 22:00:00+05:30,9.1,56.0,14.9,990.4,30.47426962567445,100
2023-01-08 23:00:00+05:30,9.6,70.0,14.2,990.6,40.628634473788445,100
2023-01-09 00:00:00+05:30,9.6,70.0,13.9,990.5,40.2873995089825,100
2023-01-09 01:00:00+05:30,9.2,79.0,13.4,990.2,31.21575281834079,100
2023-01-09 02:00:00+05:30,8.3,72.0,12.3,990.1,20.438015296563684,100
2023-01-09 03:00:00+05:30,9.2,64.0,11.8,989.9,33.070268715465076,100
2023-01-09 04:00:00+05:30,8.7,66.0,11.3,989.8,26.156977051577545,100
2023-01-09 05:00:00+05:30,8.0,80.0,10.7,990.3,15.928946476217162,100
2023-01-09 06:00:00+05:30,8.8,71.0,9.9,990.9,26.538490271040434,100
2023-01-09 07:00:00+05:30,8.8,71.0,9.5,991.6,25.633319162188258,100
2023-01-09 08:00:00+05:30,9.6,77.0,11.2,992.3,38.2513648960728,100
2023-01-09 09:00:00+05:30,8.1,69.0,13.6,993.5,18.333413356021396,100
2023-01-09 10:00:00+05:30,8.2,67.0,16.3,994.1,19.330865890143105,100
2023-01-09 11:00:00+05:30,9.4,72.0,19.1,993.9,38.23193451962834,100
2023-01-09 12:00:00+05:30,9.8,62.0,20.8,993.1,43.24642295503724,100
2023-01-09 13:00:00+05:30,8.7,48.0,21.8,992.0,25.07534612415518,100
2023-01-09 14:00:00+05:30,8.5,28.0,22.2,991.1,23.308618352472262,100
2023-01-09 15:00:00+05:30,9.1,18.0,22.3,990.8,30.284395696090122,100
2023-01-09 16:00:00+05:30,9.1,7.0,22.2,991.0,30.85617935377795,100
2023-01-09 17:00:00+05:30,9.5,11.0,21.5,990.8,37.17427615895717,100
2023-01-09 18:00:00+05:30,9.3,16.0,19.2,990.8,36.41589451122194,100
2023-01-09 19:00:00+05:30,10.6,18.0,18.0,991.6,59.239475810181084,100
2023-01-09 20:00:00+05:30,10.5,22.0,16.7,992.0,58.36565226919206,100
2023-01-09 21:00:00+05:30,10.0,30.0,15.7,992.2,45.38579015608815,100
2023-01-09 22:00:00+05:30,9.9,46.0,14.9,992.1,47.62141896193506,100
2023-01-09 23:00:00+05:30,8.8,55.0,13.9,991.7,27.20495760129445,100
2023-01-10 00:00:00+05:30,8.5,54.0,13.3,991.5,22.833455116351693,100
2023-01-10 01:00:00+05:30,8.7,52.0,12.6,991.2,27.281307196845212,100
2023-01-10 02:00:00+05:30,9.2,59.0,12.2,990.9,30.513662221393755,100
2023-01-10 03:00:00+05:30,9.7,59.0,11.8,990.7,38.54164805788601,100
2023-01-10 04:00:00+05:30,9.9,57.0,11.1,990.6,47.85159869606182,100
2023-01-10 05:00:00+05:30,9.3,74.0,10.2,990.9,35.86511773103106,100
2023-01-10 06:00:00+05:30,9.8,73.0,9.4,991.3,42.73499163747855,100
2023-01-10 07:00:00+05:30,9.5,79.0,9.1,991.7,37.42082532615507,100
2023-01-10 08:00:00+05:30,9.4,83.0,10.7,992.4,37.804810359792704,100
2023-01-10 09:00:00+05:30,8.8,81.0,13.7,993.4,27.275240381053578,100
2023-01-10 10:00:00+05:30,10.6,72.0,16.6,994.0,58.88373610122197,100
2023-01-10 11:00:00+05:30,12.5,72.0,18.9,994.0,98.37406128545412,100
2023-01-10 12:00:00+05:30,12.5,72.0,20.8,992.9,99.43981588149607,100
2023-01-10 13:00:00+05:30,10.4,70.0,22.3,991.8,55.74718032144411,100
2023-01-10 14:00:00+05:30,8.4,65.0,23.2,990.5,22.53690562713211,100
2023-01-10 15:00:00+05:30,7.1,49.0,23.6,989.8,9.140672660342078,100
2023-01-10 16:00:00+05:30,7.7,49.0,23.5,989.3,13.809167376584893,100
2023-01-10 17:00:00+05:30,7.1,24.0,22.1,989.2,8.989422660257475,100
2023-01-10 18:00:00+05:30,8.9,14.0,19.6,989.3,28.54401456268691,100
2023-01-10 19:00:00+05:30,9.8,36.0,18.4,989.5,42.72703280665685,100
2023-01-10 20:00:00+05:30,9.8,28.0,17.2,989.7,45.055678099323046,100
2023-01-10 21:00:00+05:30,10.2,32.0,16.2,989.7,50.158146002276105,100
2023-01-10 22:00:00+05:30,10.0,38.0,15.1,989.8,48.05674595140168,100
2023-01-10 23:00:00+05:30,9.7,59.0,14.1,989.2,40.09976595454384,100
2023-01-11 00:00:00+05:30,9.8,82.0,13.3,988.4,43.872731721924495,100
2023-01-11 01:00:00+05:30,9.3,106.0,12.7,987.5,34.97940073889248,100
2023-01-11 02:00:00+05:30,8.5,118.0,12.2,986.8,21.282927187381716,100
2023-01-11 03:00:00+05:30,9.2,141.0,11.9,986.0,32.220181537501716,100
2023-01-11 04:00:00+05:30,10.5,164.0,11.9,985.5,55.51036949226217,100
2023-01-11 05:00:00+05:30,12.5,168.0,11.3,985.9,100.0,100
2023-01-11 06:00:00+05:30,13.3,178.0,10.9,985.8,99.35523390642139,100
2023-01-11 07:00:00+05:30,14.6,190.0,11.1,986.1,99.98883373591111,100
2023-01-11 08:00:00+05:30,15.4,196.0,13.1,986.6,100.0,100
2023-01-11 09:00:00+05:30,15.5,205.0,17.3,987.6,100.0,100
2023-01-11 10:00:00+05:30,17.1,198.0,20.4,987.8,97.92135610788101,100
2023-01-11 11:00:00+05:30,22.0,215.0,22.2,987.5,93.57558741183362,100
2023-01-11 12:00:00+05:30,24.7,224.0,23.5,986.5,100.0,100
2023-01-11 13:00:00+05:30,27.3,230.0,24.6,985.1,0.15103660989392903,100
2023-01-11 14:00:00+05:30,28.9,231.0,25.4,983.8,1.4748580793775834,100
2023-01-11 15:00:00+05:30,30.4,244.0,25.5,982.9,0.5585425737609074,100
2023-01-11 16:00:00+05:30,29.0,256.0,25.3,982.7,0.0,100
2023-01-11 17:00:00+05:30,23.4,271.0,25.2,982.4,96.19370021513237,100
2023-01-11 18:00:00+05:30,18.5,303.0,23.6,982.9,98.79279762980234,100
2023-01-11 19:00:00+05:30,16.5,306.0,21.8,983.6,98.52051512815078,100
2023-01-11 20:00:00+05:30,14.1,308.0,20.6,983.9,100.0,100
2023-01-11 21:00:00+05:30,11.2,303.0,19.3,984.3,74.01059962360665,100
2023-01-11 22:00:00+05:30,10.0,296.0,18.0,984.6,49.94889225725953,100
2023-01-11 23:00:00+05:30,9.8,306.0,16.9,984.4,43.638261491021176,100
2023-01-12 00:00:00+05:30,8.7,336.0,15.7,983.9,26.662482388142482,100
2023-01-12 01:00:00+05:30,6.9,351.0,14.9,983.6,8.75703892529299,100
2023-01-12 02:00:00+05:30,10.2,342.0,15.0,983.3,50.342813317942294,100
2023-01-12 03:00:00+05:30,10.8,334.0,14.3,982.9,63.584849485231636,100
2023-01-12 04:00:00+05:30,8.9,320.0,13.3,982.7,29.242639978698104,100
2023-01-12 05:00:00+05:30,7.4,299.0,12.8,983.0,11.576446507440352,100
2023-01-12 06:00:00+05:30,8.8,289.0,12.6,983.1,28.106509101427257,100
2023-01-12 07:00:00+05:30,9.6,290.0,11.9,983.4,40.146108050675345,100
2023-01-12 08:00:00+05:30,9.6,304.0,12.5,984.1,38.15510764295263,100
2023-01-12 09:00:00+05:30,7.7,319.0,14.2,984.9,11.954451018299022,100
2023-01-12 10:00:00+05:30,9.4,337.0,15.9,985.6,35.587735406239865,100
2023-01-12 11:00:00+05:30,9.0,344.0,17.6,985.5,31.21984996606788,100
2023-01-12 12:00:00+05:30,7.2,333.0,19.4,984.8,9.24912898857478,100
2023-01-12 13:00:00+05:30,7.2,307.0,20.8,983.7,10.448581663065035,100
2023-01-12 14:00:00+05:30,9.4,293.0,21.8,983.0,35.54901872289078,100
2023-01-12 15:00:00+05:30,12.0,286.0,22.3,982.6,98.08207147972783,100
2023-01-12 16:00:00+05:30,14.3,298.0,22.0,982.3,97.95973554051307,100
2023-01-12 17:00:00+05:30,14.0,331.0,19.8,983.0,100.0,100
2023-01-12 18:00:00+05:30,11.0,328.0,18.4,983.3,69.35922696422998,100
2023-01-12 19:00:00+05:30,11.4,332.0,17.3,983.9,78.00254369184285,100
2023-01-12 20:00:00+05:30,11.4,332.0,16.3,984.4,81.72570899763517,100
2023-01-12 21:00:00+05:30,9.9,327.0,15.2,984.4,44.12181559911507,100
2023-01-12 22:00:00+05:30,10.2,318.0,14.3,984.9,49.55183465751026,100
2023-01-12 23:00:00+05:30,11.0,308.0,13.7,984.8,70.96658793392315,100
2023-01-13 00:00:00+05:30,13.2,315.0,13.3,984.5,96.3854672372066,100
2023-01-13 01:00:00+05:30,13.6,320.0,12.9,984.3,100.0,100
2023-01-13 02:00:00+05:30,13.8,309.0,11.9,984.3,99.1565005713293,100
2023-01-13 03:00:00+05:30,14.6,310.0,11.1,984.1,100.0,100
2023-01-13 04:00:00+05:30,15.3,315.0,10.7,984.0,100.0,100
2023-01-13 05:00:00+05:30,12.3,310.0,9.8,984.2,99.92199273001394,100
2023-01-13 06:00:00+05:30,10.7,303.0,8.4,984.4,59.766018951346425,100
2023-01-13 07:00:00+05:30,11.8,293.0,8.2,985.3,97.22355401795464,100
2023-01-13 08:00:00+05:30,11.6,286.0,9.4,986.1,88.46973670128561,100
2023-01-13 09:00:00+05:30,11.2,285.0,12.0,987.3,75.24542244193313,100
2023-01-13 10:00:00+05:30,13.9,287.0,14.6,988.2,100.0,100
2023-01-13 11:00:00+05:30,15.9,283.0,17.2,988.3,97.24048400728982,100
2023-01-13 12:00:00+05:30,20.3,282.0,19.0,987.5,97.60191815921912,100
2023-01-13 13:00:00+05:30,23.2,289.0,19.9,986.8,98.40072252163243,100
2023-01-13 14:00:00+05:30,23.9,304.0,20.2,986.1,100.0,100
2023-01-13 15:00:00+05:30,22.5,310.0,20.1,986.0,100.0,100
2023-01-13 16:00:00+05:30,20.7,311.0,19.5,986.2,98.48353310568797,100
2023-01-13 17:00:00+05:30,16.2,307.0,18.4,986.9,100.0,100
2023-01-13 18:00:00+05:30,12.2,313.0,16.0,987.5,97.83055307004886,100
2023-01-13 19:00:00+05:30,11.2,318.0,14.6,988.2,76.70959425308891,100
2023-01-13 20:00:00+05:30,10.6,336.0,13.4,988.3,60.41694944949567,100
2023-01-13 21:00:00+05:30,11.6,355.0,12.7,989.3,89.30225031075129,100
2023-01-13 22:00:00+05:30,11.3,353.0,12.2,989.6,78.79161995838852,100
2023-01-13 23:00:00+05:30,9.8,343.0,11.3,989.4,41.30191954720621,100
2023-01-14 00:00:00+05:30,10.5,338.0,10.8,989.1,60.382695820806596,100
2023-01-14 01:00:00+05:30,11.7,351.0,10.1,988.7,91.97380957995411,100
2023-01-14 02:00:00+05:30,11.0,11.0,9.3,988.6,72.42697547923456,100
2023-01-14 03:00:00+05:30,11.0,41.0,8.7,988.4,71.20196739254789,100
2023-01-14 04:00:00+05:30,11.0,58.0,7.9,988.5,69.28456535308277,100
2023-01-14 05:00:00+05:30,9.0,74.0,6.6,988.9,28.517516476956953,100
2023-01-14 06:00:00+05:30,9.4,94.0,6.0,989.1,36.21740817844143,100
2023-01-14 07:00:00+05:30,10.0,105.0,5.7,990.0,46.99741200671621,100
2023-01-14 08:00:00+05:30,9.0,106.0,6.7,990.9,28.77293496761826,100
2023-01-14 09:00:00+05:30,8.7,97.0,9.5,992.0,25.745557926490083,100
2023-01-14 10:00:00+05:30,10.1,88.0,12.4,992.9,49.522585822310575,100
2023-01-14 11:00:00+05:30,12.1,78.0,14.7,992.6,99.49999419127236,100
2023-01-14 12:00:00+05:30,12.7,61.0,16.1,991.9,96.28023709630293,100
2023-01-14 13:00:00+05:30,12.3,50.0,16.9,990.9,95.70580134166791,100
2023-01-14 14:00:00+05:30,12.0,39.0,17.5,990.1,100.0,100
2023-01-14 15:00:00+05:30,12.4,26.0,17.7,989.9,100.0,100
2023-01-14 16:00:00+05:30,13.0,19.0,17.5,989.8,99.91884913706201,100
2023-01-14 17:00:00+05:30,12.2,19.0,16.6,989.8,100.0,100
2023-01-14 18:00:00+05:30,10.8,21.0,14.9,989.9,64.796930246399,100
2023-01-14 19:00:00+05:30,10.8,26.0,13.6,990.4,61.89866582036914,100
2023-01-14 20:00:00+05:30,11.3,31.0,12.5,990.8,78.03397714895274,100
2023-01-14 21:00:00+05:30,10.8,37.0,11.4,990.8,68.1404167895567,100
2023-01-14 22:00:00+05:30,9.5,53.0,10.2,990.6,36.780964883481964,100
2023-01-14 23:00:00+05:30,8.8,71.0,9.1,990.4,26.831097698884914,100
2023-01-15 00:00:00+05:30,7.2,87.0,8.6,989.9,10.963463690431643,100
2023-01-15 01:00:00+05:30,6.2,83.0,8.7,989.9,4.947514231069205,100
2023-01-15 02:00:00+05:30,6.2,83.0,8.3,989.4,2.9890706093411135,100
2023-01-15 03:00:00+05:30,7.6,93.0,6.9,988.5,11.905368436494037,100
2023-01-15 04:00:00+05:30,9.3,106.0,5.8,988.0,35.4506477718467,100
2023-01-15 05:00:00+05:30,11.5,122.0,5.1,988.2,81.47461359699655,100
2023-01-15 06:00:00+05:30,11.5,134.0,4.2,988.6,87.59000629028245,100
2023-01-15 07:00:00+05:30,12.2,146.0,4.1,989.1,97.64805574657173,100
2023-01-15 08:00:00+05:30,11.4,156.0,5.6,989.9,82.27888192896539,100
2023-01-15 09:00:00+05:30,8.4,155.0,8.9,990.8,20.616135581638098,100
2023-01-15 10:00:00+05:30,8.4,140.0,12.5,991.3,21.819131097629533,100
2023-01-15 11:00:00+05:30,8.0,126.0,14.5,990.8,17.92377611782022,100
2023-01-15 12:00:00+05:30,4.1,135.0,15.5,989.9,1.8167173924609665,100
2023-01-15 13:00:00+05:30,0.8,153.0,16.3,988.8,0.28678107072557385,100
2023-01-15 14:00:00+05:30,1.8,307.0,16.9,987.7,1.208307455506163,100
2023-01-15 15:00:00+05:30,3.4,302.0,17.3,986.9,0.5089912329670752,100
2023-01-15 16:00:00+05:30,3.9,304.0,17.4,986.6,0.0,100
2023-01-15 17:00:00+05:30,4.2,329.0,17.1,986.5,0.0,100
2023-01-15 18:00:00+05:30,5.7,325.0,14.8,986.7,2.584021227955706,100
2023-01-15 19:00:00+05:30,3.8,343.0,14.7,986.9,0.6568239687745306,100
2023-01-15 20:00:00+05:30,1.1,72.0,14.6,987.2,0.0,100
2023-01-15 21:00:00+05:30,3.9,146.0,13.9,987.4,1.6444517501441758,100
2023-01-15 22:00:00+05:30,6.8,155.0,11.2,987.3,8.662180409614276,100
2023-01-15 23:00:00+05:30,6.5,161.0,10.8,987.4,5.559115375744473,100
2023-01-16 00:00:00+05:30,4.7,176.0,12.7,987.4,1.955682320717644,100
2023-01-16 01:00:00+05:30,2.4,207.0,12.5,987.0,0.7145364278091717,100
2023-01-16 02:00:00+05:30,2.3,231.0,12.3,986.9,0.2767088929059136,100
2023-01-16 03:00:00+05:30,2.6,236.0,12.0,986.7,0.22950194119000633,100
2023-01-16 04:00:00+05:30,1.6,207.0,11.7,986.7,1.2668757742188497,100
2023-01-16 05:00:00+05:30,6.9,137.0,8.6,986.5,9.540729473890023,100
2023-01-16 06:00:00+05:30,9.4,133.0,5.9,986.9,37.261848356755046,100
2023-01-16 07:00:00+05:30,12.0,131.0,5.5,987.8,100.0,100
2023-01-16 08:00:00+05:30,12.3,128.0,7.0,988.6,98.50159530540058,100
2023-01-16 09:00:00+05:30,10.4,124.0,10.5,989.9,56.02260818230167,100
2023-01-16 10:00:00+05:30,10.3,119.0,14.1,990.7,50.29189391856339,100
2023-01-16 11:00:00+05:30,12.6,110.0,16.6,990.5,100.0,100
2023-01-16 12:00:00+05:30,11.6,97.0,18.0,989.6,86.13185023558495,100
2023-01-16 13:00:00+05:30,9.5,81.0,18.8,988.6,36.98981253942395,100
2023-01-16 14:00:00+05:30,8.1,58.0,19.4,987.8,18.12033448815758,100
2023-01-16 15:00:00+05:30,9.0,37.0,19.5,987.5,29.607367773869395,100
2023-01-16 16:00:00+05:30,9.5,29.0,19.3,987.5,38.39873452019593,100
2023-01-16 17:00:00+05:30,9.7,31.0,18.6,987.7,39.988547451597434,100
2023-01-16 18:00:00+05:30,9.5,37.0,16.1,987.9,37.110228430484085,100
2023-01-16 19:00:00+05:30,10.2,39.0,14.8,988.3,50.93624922830688,100
2023-01-16 20:00:00+05:30,10.0,41.0,13.5,988.5,48.39709851210269,100
2023-01-16 21:00:00+05:30,10.7,45.0,12.5,988.9,64.76221382657107,100
2023-01-16 22:00:00+05:30,10.7,48.0,11.5,989.1,60.110593201584365,100
2023-01-16 23:00:00+05:30,9.5,61.0,10.2,989.0,36.87263785018488,100
2023-01-17 00:00:00+05:30,7.4,76.0,9.7,989.2,10.439867081063179,100
2023-01-17 01:00:00+05:30,7.6,82.0,9.2,988.5,14.14431462050887,100
2023-01-17 02:00:00+05:30,10.4,76.0,8.3,988.2,55.322359871065174,100
2023-01-17 03:00:00+05:30,10.9,81.0,7.8,987.8,68.1339077215723,100
2023-01-17 04:00:00+05:30,10.5,84.0,7.1,987.7,57.17596250683478,100
2023-01-17 05:00:00+05:30,11.6,112.0,6.9,987.6,88.08018096597158,100
2023-01-17 06:00:00+05:30,12.9,120.0,6.6,987.8,100.0,100
2023-01-17 07:00:00+05:30,12.8,122.0,6.3,988.6,98.2246014561871,100
2023-01-17 08:00:00+05:30,12.5,129.0,7.5,989.3,96.41026971583922,100
2023-01-17 09:00:00+05:30,10.9,124.0,11.0,990.4,67.95577120842928,100
2023-01-17 10:00:00+05:30,9.1,124.0,14.8,991.3,33.37924245419328,100
2023-01-17 11:00:00+05:30,10.8,116.0,17.7,991.4,67.31428308518343,100
2023-01-17 12:00:00+05:30,8.8,102.0,19.1,990.4,28.613483848372752,100
2023-01-17 13:00:00+05:30,6.3,66.0,19.9,989.2,4.888509045716869,100
2023-01-17 14:00:00+05:30,4.9,36.0,20.4,988.5,0.09905740065346913,100
2023-01-17 15:00:00+05:30,6.1,3.0,20.8,987.8,5.065111766391034,100
2023-01-17 16:00:00+05:30,9.4,360.0,20.6,987.8,37.96691909486199,100
2023-01-17 17:00:00+05:30,9.0,360.0,20.1,987.7,29.394590463955748,100
2023-01-17 18:00:00+05:30,11.4,13.0,17.4,987.8,80.95489370872686,100
2023-01-17 19:00:00+05:30,9.3,13.0,15.8,988.6,33.63122178689651,100
2023-01-17 20:00:00+05:30,8.9,32.0,14.7,989.0,30.420944564909103,100
2023-01-17 21:00:00+05:30,10.3,65.0,13.7,989.3,53.55337980674519,100
2023-01-17 22:00:00+05:30,10.1,84.0,12.7,989.7,49.45559492742994,100
2023-01-17 23:00:00+05:30,11.9,93.0,12.2,989.5,93.42620397192695,100
2023-01-18 00:00:00+05:30,12.1,100.0,11.4,989.3,100.0,100
2023-01-18 01:00:00+05:30,12.0,106.0,10.8,988.8,100.0,100
2023-01-18 02:00:00+05:30,12.6,114.0,10.4,988.5,94.58622023190709,100
2023-01-18 03:00:00+05:30,12.9,120.0,9.9,988.1,99.34186355815417,100
2023-01-18 04:00:00+05:30,12.8,122.0,9.4,988.2,98.71292480969588,100
2023-01-18 05:00:00+05:30,13.8,129.0,9.1,988.3,100.0,100
2023-01-18 06:00:00+05:30,14.3,124.0,8.7,989.0,100.0,100
2023-01-18 07:00:00+05:30,15.1,123.0,8.6,989.7,100.0,100
2023-01-18 08:00:00+05:30,14.4,127.0,9.5,990.4,97.61501606606653,100
2023-01-18 09:00:00+05:30,13.7,125.0,12.6,991.3,100.0,100
2023-01-18 10:00:00+05:30,13.1,122.0,16.1,992.2,100.0,100
2023-01-18 11:00:00+05:30,16.3,118.0,19.1,992.1,98.39013542912078,100
2023-01-18 12:00:00+05:30,15.5,112.0,20.7,991.2,99.69773603045091,100
2023-01-18 13:00:00+05:30,13.2,101.0,21.6,990.0,98.7658501801895,100
2023-01-18 14:00:00+05:30,12.6,90.0,22.2,988.8,97.66987339419587,100
2023-01-18 15:00:00+05:30,12.3,87.0,22.5,988.1,100.0,100
2023-01-18 16:00:00+05:30,11.7,79.0,22.4,987.9,89.66654193760874,100
2023-01-18 17:00:00+05:30,10.6,72.0,21.7,988.0,60.21079803734303,100
2023-01-18 18:00:00+05:30,10.8,53.0,19.0,988.2,65.77937080629043,100
2023-01-18 19:00:00+05:30,11.8,52.0,17.8,989.0,94.45570114814487,100
2023-01-18 20:00:00+05:30,12.2,56.0,16.6,989.4,100.0,100
2023-01-18 21:00:00+05:30,12.4,54.0,15.4,989.8,98.99172521098185,100
2023-01-18 22:00:00+05:30,13.0,62.0,14.5,990.1,99.0490141629829,100
2023-01-18 23:00:00+05:30,12.7,75.0,13.7,989.9,100.0,100
2023-01-19 00:00:00+05:30,14.0,91.0,13.2,989.2,100.0,100
2023-01-19 01:00:00+05:30,12.7,83.0,12.9,989.0,97.58285791704684,100
2023-01-19 02:00:00+05:30,13.4,84.0,11.8,988.3,98.58711472466194,100
2023-01-19 03:00:00+05:30,14.2,83.0,11.3,988.0,98.95532268741381,100
2023-01-19 04:00:00+05:30,13.4,76.0,10.7,988.1,100.0,100
2023-01-19 05:00:00+05:30,15.1,90.0,10.6,988.6,98.57306714274795,100
2023-01-19 06:00:00+05:30,15.5,93.0,9.9,988.9,97.73345839306593,100
2023-01-19 07:00:00+05:30,15.5,103.0,9.7,989.3,97.98989610315711,100
2023-01-19 08:00:00+05:30,15.1,93.0,10.1,989.9,100.0,100
2023-01-19 09:00:00+05:30,11.6,83.0,12.4,990.8,88.78304178001731,100
2023-01-19 10:00:00+05:30,16.6,77.0,15.0,991.6,100.0,100
2023-01-19 11:00:00+05:30,18.1,84.0,17.6,990.8,96.64350572480511,100
2023-01-19 12:00:00+05:30,17.2,74.0,20.0,989.9,96.82633607283188,100
2023-01-19 13:00:00+05:30,14.5,60.0,21.6,989.1,100.0,100
2023-01-19 14:00:00+05:30,17.6,26.0,22.1,988.3,98.90436407130575,100
2023-01-19 15:00:00+05:30,23.7,13.0,21.7,988.1,99.41574111865646,100
2023-01-19 16:00:00+05:30,30.5,17.0,20.2,987.8,1.2065790168066124,100
2023-01-19 17:00:00+05:30,33.5,12.0,16.3,988.5,0.05781891149140626,100
2023-01-19 18:00:00+05:30,27.1,14.0,14.3,989.2,1.5773486071964913,100
2023-01-19 19:00:00+05:30,30.6,20.0,13.5,990.0,1.528286200431469,100
2023-01-19 20:00:00+05:30,28.5,26.0,12.7,990.0,0.4587474420885988,100
2023-01-19 21:00:00+05:30,20.8,37.0,12.7,990.1,98.85274865903823,100
2023-01-19 22:00:00+05:30,20.7,49.0,12.5,989.9,100.0,100
2023-01-19 23:00:00+05:30,21.5,59.0,12.3,989.3,99.4590944265753,100
2023-01-20 00:00:00+05:30,19.3,45.0,12.4,989.2,100.0,100
2023-01-20 01:00:00+05:30,18.3,43.0,12.3,988.8,99.91738081283566,100
2023-01-20 02:00:00+05:30,18.9,48.0,12.2,988.1,100.0,100
2023-01-20 03:00:00+05:30,17.8,43.0,12.3,988.0,100.0,100
2023-01-20 04:00:00+05:30,17.9,34.0,12.2,987.5,100.0,100
2023-01-20 05:00:00+05:30,14.9,20.0,12.2,987.9,94.59058506925255,100
2023-01-20 06:00:00+05:30,17.7,12.0,11.2,988.5,100.0,100
2023-01-20 07:00:00+05:30,14.5,14.0,10.8,989.1,100.0,100
2023-01-20 08:00:00+05:30,14.9,20.0,10.8,989.5,98.43310641049175,100
2023-01-20 09:00:00+05:30,17.1,28.0,12.0,990.4,96.76691634150751,100
2023-01-20 10:00:00+05:30,18.9,35.0,14.1,991.0,99.99299844489308,100
2023-01-20 11:00:00+05:30,18.9,39.0,15.9,990.5,100.0,100
2023-01-20 12:00:00+05:30,17.6,35.0,17.4,989.6,100.0,100
2023-01-20 13:00:00+05:30,16.4,29.0,18.7,988.6,100.0,100
2023-01-20 14:00:00+05:30,16.2,21.0,19.6,987.9,97.66412852822347,100
2023-01-20 15:00:00+05:30,17.6,11.0,19.8,987.5,94.30232190530245,100
2023-01-20 16:00:00+05:30,19.1,4.0,19.4,987.5,100.0,100
2023-01-20 17:00:00+05:30,17.3,4.0,18.9,987.7,99.54421248793928,100
2023-01-20 18:00:00+05:30,15.5,1.0,17.2,988.1,99.1790587319371,100
2023-01-20 19:00:00+05:30,15.2,5.0,16.1,988.7,99.83251235590396,100
2023-01-20 20:00:00+05:30,16.2,1.0,15.0,988.9,98.66497524373851,100
2023-01-20 21:00:00+05:30,16.9,1.0,13.7,989.4,100.0,100
2023-01-20 22:00:00+05:30,16.6,4.0,12.8,989.7,100.0,100
2023-01-20 23:00:00+05:30,15.6,7.0,12.0,989.7,97.16212847104909,100
2023-01-21 00:00:00+05:30,14.8,13.0,11.4,989.7,99.36857622989547,100
2023-01-21 01:00:00+05:30,14.0,18.0,10.8,989.5,99.52590187807633,100
2023-01-21 02:00:00+05:30,13.9,21.0,10.3,989.2,100.0,100
2023-01-21 03:00:00+05:30,13.6,22.0,9.8,988.8,97.42262402082194,100
2023-01-21 04:00:00+05:30,13.6,22.0,9.4,988.6,96.72503218942595,100
2023-01-21 05:00:00+05:30,13.2,17.0,9.3,988.7,97.16122595228792,100
2023-01-21 06:00:00+05:30,13.1,21.0,9.0,989.1,100.0,100
2023-01-21 07:00:00+05:30,13.0,24.0,8.7,989.7,100.0,100
2023-01-21 08:00:00+05:30,12.6,27.0,9.3,990.3,100.0,100
2023-01-21 09:00:00+05:30,11.9,29.0,11.3,991.3,93.54408898917393,100
2023-01-21 10:00:00+05:30,15.2,31.0,13.6,992.0,98.67114297848023,100
2023-01-21 11:00:00+05:30,17.1,28.0,15.8,991.5,96.32752191103995,100
2023-01-21 12:00:00+05:30,19.3,24.0,17.7,990.6,100.0,100
2023-01-21 13:00:00+05:30,21.1,23.0,18.8,989.3,98.47090131043454,100
2023-01-21 14:00:00+05:30,21.5,23.0,19.6,988.4,100.0,100
2023-01-21 15:00:00+05:30,21.3,19.0,19.8,987.8,97.81180770725457,100
2023-01-21 16:00:00+05:30,21.1,14.0,19.5,987.4,99.69830872216542,100
2023-01-21 17:00:00+05:30,17.7,2.0,18.4,987.6,99.45190925610547,100
2023-01-21 18:00:00+05:30,14.9,345.0,16.8,988.0,99.56006583070644,100
2023-01-21 19:00:00+05:30,14.1,341.0,15.7,988.4,98.71850358121189,100
2023-01-21 20:00:00+05:30,15.0,343.0,15.0,988.7,96.3608911835013,100
2023-01-21 21:00:00+05:30,17.3,356.0,14.1,988.9,100.0,100
2023-01-21 22:00:00+05:30,17.3,360.0,13.5,989.3,100.0,100
2023-01-21 23:00:00+05:30,16.0,8.0,12.8,989.1,99.54107772557947,100
2023-01-22 00:00:00+05:30,13.5,9.0,12.3,988.9,100.0,100
2023-01-22 01:00:00+05:30,12.5,12.0,11.7,988.4,100.0,100
2023-01-22 02:00:00+05:30,12.1,10.0,11.0,988.2,100.0,100
2023-01-22 03:00:00+05:30,11.3,17.0,10.3,988.0,78.97570243260806,100
2023-01-22 04:00:00+05:30,10.5,16.0,9.6,987.8,56.769046213458935,100
2023-01-22 05:00:00+05:30,8.8,12.0,9.2,987.6,28.53128723295855,100
2023-01-22 06:00:00+05:30,8.4,7.0,8.4,987.8,21.027801691636178,100
2023-01-22 07:00:00+05:30,9.0,16.0,8.2,988.6,27.96296764052004,100
2023-01-22 08:00:00+05:30,9.0,16.0,9.6,989.4,30.448243843740283,100
2023-01-22 09:00:00+05:30,8.2,15.0,11.9,990.4,19.31407652813016,100
2023-01-22 10:00:00+05:30,11.7,18.0,14.1,991.2,89.3798095255509,100
2023-01-22 11:00:00+05:30,14.3,18.0,16.0,990.9,100.0,100
2023-01-22 12:00:00+05:30,16.8,15.0,17.3,989.8,100.0,100
2023-01-22 13:00:00+05:30,15.5,5.0,18.4,988.8,96.96000741036781,100
2023-01-22 14:00:00+05:30,12.6,2.0,19.1,988.3,98.05876259023269,100
2023-01-22 15:00:00+05:30,13.7,358.0,19.2,987.8,99.43943409902063,100
2023-01-22 16:00:00+05:30,15.5,357.0,18.9,987.5,98.03946896894085,100
2023-01-22 17:00:00+05:30,15.7,349.0,18.3,987.5,98.79394747326116,100
2023-01-22 18:00:00+05:30,15.6,337.0,16.5,987.8,97.83650791107392,100
2023-01-22 19:00:00+05:30,15.0,343.0,15.5,988.2,100.0,100
2023-01-22 20:00:00+05:30,14.1,356.0,14.6,988.5,98.71873235747742,100
2023-01-22 21:00:00+05:30,14.6,350.0,13.9,989.1,100.0,100
2023-01-22 22:00:00+05:30,16.1,350.0,13.1,989.5,99.80029259051354,100
2023-01-22 23:00:00+05:30,16.2,1.0,12.4,989.4,98.75120440869495,100
2023-01-23 00:00:00+05:30,15.0,11.0,11.8,989.1,94.46814574380949,100
2023-01-23 01:00:00+05:30,14.4,13.0,11.3,988.8,97.99457717060574,100
2023-01-23 02:00:00+05:30,14.2,9.0,10.9,988.5,96.86135907068028,100
2023-01-23 03:00:00+05:30,13.9,17.0,10.4,988.3,99.35176992452074,100
2023-01-23 04:00:00+05:30,13.1,21.0,9.8,988.1,98.1375602094601,100
2023-01-23 05:00:00+05:30,12.1,27.0,9.2,988.3,96.30084059727437,100
2023-01-23 06:00:00+05:30,12.6,31.0,9.0,988.5,100.0,100
2023-01-23 07:00:00+05:30,12.5,33.0,8.7,989.1,98.30205874919528,100
2023-01-23 08:00:00+05:30,12.1,23.0,9.5,989.7,99.27972418091315,100
2023-01-23 09:00:00+05:30,11.0,11.0,11.4,990.7,70.75016449346052,100
2023-01-23 10:00:00+05:30,13.6,12.0,13.5,991.4,100.0,100
2023-01-23 11:00:00+05:30,16.3,14.0,15.5,991.0,100.0,100
2023-01-23 12:00:00+05:30,19.9,13.0,17.1,989.8,100.0,100
2023-01-23 13:00:00+05:30,22.9,16.0,18.5,988.7,100.0,100
2023-01-23 14:00:00+05:30,22.1,19.0,19.1,987.8,100.0,100
2023-01-23 15:00:00+05:30,20.0,18.0,19.3,987.1,98.5919178060473,100
2023-01-23 16:00:00+05:30,19.6,14.0,19.1,986.8,100.0,100
2023-01-23 17:00:00+05:30,18.6,18.0,18.6,986.9,98.46733871780484,100
2023-01-23 18:00:00+05:30,18.1,7.0,16.9,987.1,98.55155680177306,100
2023-01-23 19:00:00+05:30,19.8,360.0,15.7,987.2,100.0,100
2023-01-23 20:00:00+05:30,21.5,351.0,14.7,987.4,100.0,100
2023-01-23 21:00:00+05:30,23.2,353.0,14.0,988.0,98.3718579103923,100
2023-01-23 22:00:00+05:30,21.3,354.0,13.2,988.3,97.661094289129,100
2023-01-23 23:00:00+05:30,18.4,4.0,12.5,988.4,97.94462257596783,100
2023-01-24 00:00:00+05:30,14.9,7.0,11.5,988.3,97.32790088497964,100
2023-01-24 01:00:00+05:30,13.7,5.0,10.9,987.9,98.86368802499265,100
2023-01-24 02:00:00+05:30,13.0,5.0,10.4,987.5,100.0,100
2023-01-24 03:00:00+05:30,12.0,7.0,9.8,987.4,100.0,100
2023-01-24 04:00:00+05:30,10.9,17.0,9.2,987.0,69.82554646042698,100
2023-01-24 05:00:00+05:30,10.9,9.0,8.6,986.8,67.3409298441893,100
2023-01-24 06:00:00+05:30,11.5,356.0,8.0,987.2,84.44670438308748,100
2023-01-24 07:00:00+05:30,11.3,351.0,7.6,988.0,76.7348162253694,100
2023-01-24 08:00:00+05:30,11.9,355.0,8.5,988.4,96.63080091007548,100
2023-01-24 09:00:00+05:30,10.9,354.0,10.5,989.6,68.90749720689361,100
2023-01-24 10:00:00+05:30,12.3,3.0,12.6,990.4,100.0,100
2023-01-24 11:00:00+05:30,12.1,12.0,14.7,990.1,100.0,100
2023-01-24 12:00:00+05:30,12.1,12.0,16.4,989.0,100.0,100
2023-01-24 13:00:00+05:30,13.8,6.0,17.6,987.9,100.0,100
2023-01-24 14:00:00+05:30,14.8,1.0,18.3,987.0,100.0,100
2023-01-24 15:00:00+05:30,14.4,356.0,18.5,986.4,100.0,100
2023-01-24 16:00:00+05:30,13.8,353.0,18.2,986.2,95.75429819949177,100
2023-01-24 17:00:00+05:30,10.2,342.0,17.4,986.2,52.01582272799778,100
2023-01-24 18:00:00+05:30,7.0,339.0,14.8,986.6,11.352633788648372,100
2023-01-24 19:00:00+05:30,6.9,332.0,13.7,987.1,7.964908670556702,100
2023-01-24 20:00:00+05:30,5.4,323.0,13.9,987.6,2.657087614125559,100
2023-01-24 21:00:00+05:30,7.3,303.0,12.3,987.7,12.171670415423918,100
2023-01-24 22:00:00+05:30,9.4,310.0,10.9,987.9,37.69293882676657,100
2023-01-24 23:00:00+05:30,7.0,305.0,10.1,987.8,10.150819274981286,100
2023-01-25 00:00:00+05:30,6.9,276.0,10.0,987.5,8.894404078176956,100
2023-01-25 01:00:00+05:30,13.0,284.0,9.4,987.4,96.55643126037806,100
2023-01-25 02:00:00+05:30,12.3,308.0,8.3,987.0,99.49786201973937,100
2023-01-25 03:00:00+05:30,10.9,304.0,7.3,986.9,68.5965914014341,100
2023-01-25 04:00:00+05:30,11.8,293.0,7.0,987.1,98.86651105727192,100
2023-01-25 05:00:00+05:30,10.7,284.0,6.4,987.6,62.20043318114537,100
2023-01-25 06:00:00+05:30,10.4,268.0,5.5,988.1,57.05787414028921,100
2023-01-25 07:00:00+05:30,10.0,255.0,5.2,988.5,49.59713054073583,100
2023-01-25 08:00:00+05:30,10.1,253.0,7.4,988.9,51.571974667535365,100
2023-01-25 09:00:00+05:30,8.3,268.0,10.8,989.9,20.79453629609616,100
2023-01-25 10:00:00+05:30,8.3,275.0,13.6,990.7,21.420605910262193,100
2023-01-25 11:00:00+05:30,9.6,283.0,15.8,990.8,38.66468156264557,100
2023-01-25 12:00:00+05:30,9.5,295.0,17.1,990.1,36.195588660132195,100
2023-01-25 13:00:00+05:30,9.8,298.0,17.8,989.4,39.72872999986858,100
2023-01-25 14:00:00+05:30,11.0,311.0,18.3,988.7,71.71811494912627,100
2023-01-25 15:00:00+05:30,12.5,321.0,18.6,988.1,100.0,100
2023-01-25 16:00:00+05:30,13.3,327.0,18.4,988.3,100.0,100
2023-01-25 17:00:00+05:30,9.7,329.0,17.6,988.8,39.998768334525316,100
2023-01-25 18:00:00+05:30,6.9,317.0,14.4,988.7,9.503326208614672,100
2023-01-25 19:00:00+05:30,10.8,307.0,13.5,989.6,62.91534062234555,100
2023-01-25 20:00:00+05:30,12.5,311.0,12.7,990.0,100.0,100
2023-01-25 21:00:00+05:30,12.6,323.0,11.6,990.3,98.98805809719047,100
2023-01-25 22:00:00+05:30,11.6,338.0,10.4,990.4,89.38020158351316,100
2023-01-25 23:00:00+05:30,10.7,346.0,9.2,990.5,61.480773115265485,100
2023-01-26 00:00:00+05:30,10.7,348.0,8.6,990.3,60.05530938201541,100
2023-01-26 01:00:00+05:30,10.2,350.0,8.1,990.1,51.489860988730904,100
2023-01-26 02:00:00+05:30,11.2,360.0,7.7,990.0,77.4737256240385,100
2023-01-26 03:00:00+05:30,11.2,2.0,6.9,989.8,77.9942579890137,100
2023-01-26 04:00:00+05:30,10.1,2.0,6.1,989.9,48.72562273039181,100
2023-01-26 05:00:00+05:30,11.2,21.0,5.9,990.0,75.10026725315053,100
2023-01-26 06:00:00+05:30,9.8,36.0,4.8,990.4,42.41137576726267,100
2023-01-26 07:00:00+05:30,9.9,46.0,4.5,991.0,44.3549029317279,100
2023-01-26 08:00:00+05:30,10.1,55.0,6.2,991.9,49.755012894584546,100
2023-01-26 09:00:00+05:30,9.9,57.0,9.2,993.1,44.17360305179556,100
2023-01-26 10:00:00+05:30,11.3,59.0,12.2,994.3,77.66799081712892,100
2023-01-26 11:00:00+05:30,14.2,66.0,14.9,994.0,97.87868580818512,100
2023-01-26 12:00:00+05:30,18.8,61.0,16.9,993.3,100.0,100
2023-01-26 13:00:00+05:30,18.1,47.0,17.9,992.4,98.7493165817259,100
2023-01-26 14:00:00+05:30,17.9,40.0,18.7,991.8,100.0,100
2023-01-26 15:00:00+05:30,19.1,41.0,18.9,991.3,99.32370552374758,100
2023-01-26 16:00:00+05:30,19.7,35.0,18.7,991.2,100.0,100
2023-01-26 17:00:00+05:30,18.2,25.0,17.7,991.3,100.0,100
2023-01-26 18:00:00+05:30,15.9,13.0,15.6,991.6,100.0,100
2023-01-26 19:00:00+05:30,16.7,7.0,14.3,991.9,99.76218010423895,100
2023-01-26 20:00:00+05:30,17.0,13.0,13.4,992.1,99.25708553123845,100
2023-01-26 21:00:00+05:30,16.1,27.0,12.8,992.1,99.93485047367844,100
2023-01-26 22:00:00+05:30,15.1,38.0,11.9,992.1,97.95979209976022,100
2023-01-26 23:00:00+05:30,13.8,33.0,10.6,992.1,100.0,100
2023-01-27 00:00:00+05:30,14.1,32.0,9.8,991.8,100.0,100
2023-01-27 01:00:00+05:30,14.9,37.0,9.4,991.5,95.77851770391568,100
2023-01-27 02:00:00+05:30,14.0,46.0,8.6,990.9,97.45411070813206,100
2023-01-27 03:00:00+05:30,12.6,53.0,7.8,990.5,97.74831059390442,100
2023-01-27 04:00:00+05:30,12.0,49.0,7.1,990.6,100.0,100
2023-01-27 05:00:00+05:30,11.8,52.0,6.6,991.3,94.17968555192584,100
2023-01-27 06:00:00+05:30,12.8,68.0,5.9,991.6,100.0,100
2023-01-27 07:00:00+05:30,12.8,80.0,5.6,992.2,100.0,100
2023-01-27 08:00:00+05:30,12.0,81.0,7.0,992.9,98.75151086628577,100
2023-01-27 09:00:00+05:30,11.7,72.0,10.3,994.0,90.62467255942657,100
2023-01-27 10:00:00+05:30,12.3,58.0,13.3,994.5,100.0,100
2023-01-27 11:00:00+05:30,15.5,54.0,15.6,994.1,99.08514022243477,100
2023-01-27 12:00:00+05:30,18.3,54.0,17.2,992.9,100.0,100
2023-01-27 13:00:00+05:30,19.4,48.0,18.4,991.7,100.0,100
2023-01-27 14:00:00+05:30,20.7,41.0,19.2,990.7,100.0,100
2023-01-27 15:00:00+05:30,22.1,37.0,19.5,990.1,100.0,100
2023-01-27 16:00:00+05:30,22.0,35.0,19.2,990.0,100.0,100
2023-01-27 17:00:00+05:30,18.4,28.0,18.6,990.4,100.0,100
2023-01-27 18:00:00+05:30,16.8,23.0,16.8,990.5,99.70925399310515,100
2023-01-27 19:00:00+05:30,16.7,25.0,15.6,990.8,98.58170242454274,100
2023-01-27 20:00:00+05:30,15.9,28.0,15.2,990.9,100.0,100
2023-01-27 21:00:00+05:30,16.4,38.0,14.2,990.9,95.75435602667103,100
2023-01-27 22:00:00+05:30,15.5,42.0,13.2,990.8,99.91736972526107,100
2023-01-27 23:00:00+05:30,14.0,48.0,11.9,990.5,100.0,100
2023-01-28 00:00:00+05:30,13.5,48.0,11.0,989.8,96.16378486913035,100
2023-01-28 01:00:00+05:30,13.2,55.0,10.2,989.3,97.76069806146948,100
2023-01-28 02:00:00+05:30,14.0,64.0,9.7,988.7,97.74296675961682,100
2023-01-28 03:00:00+05:30,14.4,58.0,9.3,988.2,99.39602511897554,100
2023-01-28 04:00:00+05:30,13.9,69.0,8.7,987.6,99.75444151547549,100
2023-01-28 05:00:00+05:30,13.6,78.0,8.0,987.8,100.0,100
2023-01-28 06:00:00+05:30,14.8,90.0,7.2,987.9,100.0,100
2023-01-28 07:00:00+05:30,15.5,95.0,7.1,988.2,97.24575980380195,100
2023-01-28 08:00:00+05:30,13.7,92.0,8.3,988.8,100.0,100
2023-01-28 09:00:00+05:30,12.0,81.0,11.4,989.9,98.39112519352841,100
2023-01-28 10:00:00+05:30,12.3,69.0,14.3,990.4,98.07041505831862,100
2023-01-28 11:00:00+05:30,15.5,62.0,16.9,990.0,100.0,100
2023-01-28 12:00:00+05:30,16.8,55.0,18.5,988.7,99.35315444788056,100
2023-01-28 13:00:00+05:30,16.8,48.0,19.8,987.4,97.75160783619484,100
2023-01-28 14:00:00+05:30,16.8,45.0,20.7,986.1,96.1743420218211,100
2023-01-28 15:00:00+05:30,16.6,41.0,21.1,985.0,100.0,100
2023-01-28 16:00:00+05:30,16.6,41.0,21.0,984.8,98.08794425881868,100
2023-01-28 17:00:00+05:30,14.7,31.0,20.4,984.5,97.0816319080208,100
2023-01-28 18:00:00+05:30,13.2,22.0,18.0,984.5,94.96850428947593,100
2023-01-28 19:00:00+05:30,14.0,18.0,16.4,984.9,100.0,100
2023-01-28 20:00:00+05:30,13.9,25.0,15.1,985.1,95.93559818628303,100
2023-01-28 21:00:00+05:30,13.1,37.0,14.3,985.1,100.0,100
2023-01-28 22:00:00+05:30,12.5,49.0,13.8,985.2,98.98000560879531,100
2023-01-28 23:00:00+05:30,12.3,58.0,13.2,984.5,98.43836657096999,100
2023-01-29 00:00:00+05:30,11.3,53.0,12.6,983.5,79.5815898491351,100
2023-01-29 01:00:00+05:30,11.0,52.0,11.6,983.1,69.21049633565819,100
2023-01-29 02:00:00+05:30,11.3,59.0,11.6,982.5,78.52959968990126,100
2023-01-29 03:00:00+05:30,11.2,69.0,11.6,982.1,76.5191562238467,100
2023-01-29 04:00:00+05:30,9.9,71.0,11.1,981.8,43.79925259786928,100
2023-01-29 05:00:00+05:30,10.0,69.0,10.3,981.8,48.53531498751326,100
2023-01-29 06:00:00+05:30,9.8,62.0,9.9,982.0,42.7557940499438,100
2023-01-29 07:00:00+05:30,9.5,61.0,9.6,982.4,36.44361121755524,100
2023-01-29 08:00:00+05:30,8.4,47.0,10.8,982.9,23.228537845844574,100
2023-01-29 09:00:00+05:30,6.9,43.0,13.1,983.8,7.571917324493039,100
2023-01-29 10:00:00+05:30,6.6,45.0,15.6,984.5,6.587660151086337,100
2023-01-29 11:00:00+05:30,6.8,25.0,17.7,984.5,5.727479589730268,100
2023-01-29 12:00:00+05:30,6.6,347.0,19.5,983.3,6.86639636635851,100
2023-01-29 13:00:00+05:30,7.6,315.0,21.1,982.4,15.133456216523065,100
2023-01-29 14:00:00+05:30,11.6,306.0,22.0,981.3,89.88244177470465,100
2023-01-29 15:00:00+05:30,12.8,310.0,22.4,980.7,98.2958624496213,100
2023-01-29 16:00:00+05:30,12.7,317.0,22.3,980.7,100.0,100
2023-01-29 17:00:00+05:30,8.4,317.0,22.2,981.3,21.56820568105688,100
2023-01-29 18:00:00+05:30,10.2,337.0,19.6,981.8,51.23800993388707,100
2023-01-29 19:00:00+05:30,11.5,340.0,18.3,982.4,84.66250660437686,100
2023-01-29 20:00:00+05:30,10.8,330.0,16.9,983.1,63.7430460760694,100
2023-01-29 21:00:00+05:30,9.9,316.0,15.6,983.8,43.669360295415984,100
2023-01-29 22:00:00+05:30,11.3,297.0,14.9,984.2,77.9663922163641,100
2023-01-29 23:00:00+05:30,10.9,297.0,14.0,984.3,70.24200348283995,100
2023-01-30 00:00:00+05:30,8.7,300.0,12.7,984.2,25.03829041947776,100
2023-01-30 01:00:00+05:30,5.7,72.0,13.2,984.8,1.3452091622688667,100
2023-01-30 02:00:00+05:30,6.0,147.0,12.4,984.7,4.122343848737402,100
2023-01-30 03:00:00+05:30,2.2,261.0,14.9,984.6,1.6529993801350022,100
2023-01-30 04:00:00+05:30,4.8,347.0,14.4,984.9,1.6254039448999187,100
2023-01-30 05:00:00+05:30,8.4,59.0,10.3,985.2,21.714789042399264,100
2023-01-30 06:00:00+05:30,8.8,78.0,9.7,986.1,27.769629194319084,100
2023-01-30 07:00:00+05:30,10.8,94.0,9.0,987.0,64.92340195410408,100
2023-01-30 08:00:00+05:30,10.5,106.0,10.5,988.3,59.39380752746879,100
2023-01-30 09:00:00+05:30,8.6,112.0,13.3,989.4,24.301714113877516,100
2023-01-30 10:00:00+05:30,7.4,104.0,17.0,990.5,12.737830962479835,100
2023-01-30 11:00:00+05:30,9.7,75.0,20.2,990.6,41.12602444249542,100
2023-01-30 12:00:00+05:30,11.6,54.0,21.8,989.9,85.85081016160869,100
2023-01-30 13:00:00+05:30,9.2,31.0,22.6,989.0,33.93619623939981,100
2023-01-30 14:00:00+05:30,10.1,360.0,23.0,988.4,48.8212188984378,100
2023-01-30 15:00:00+05:30,12.0,353.0,23.0,988.2,95.3669408146004,100
2023-01-30 16:00:00+05:30,13.7,358.0,22.7,988.7,96.9478543479382,100
2023-01-30 17:00:00+05:30,13.0,6.0,21.7,989.2,99.21593951537766,100
2023-01-30 18:00:00+05:30,11.7,9.0,19.6,989.7,95.42163393358291,100
2023-01-30 19:00:00+05:30,12.2,19.0,18.1,990.3,100.0,100
2023-01-30 20:00:00+05:30,14.7,31.0,17.1,990.8,97.0178157868527,100
2023-01-30 21:00:00+05:30,15.8,43.0,16.3,991.0,99.63861628142661,100
2023-01-30 22:00:00+05:30,14.1,50.0,15.2,991.6,99.26875174440838,100
2023-01-30 23:00:00+05:30,13.6,53.0,14.2,991.9,97.78492782807031,100
2023-01-31 00:00:00+05:30,13.3,49.0,13.3,992.0,99.34599244880197,100
2023-01-31 01:00:00+05:30,13.4,54.0,12.4,991.9,100.0,100
2023-01-31 02:00:00+05:30,13.0,56.0,11.6,991.8,98.16749131781512,100
2023-01-31 03:00:00+05:30,12.3,58.0,10.9,991.5,97.86788693458112,100
2023-01-31 04:00:00+05:30,12.3,58.0,10.3,991.5,99.6948112475247,100
2023-01-31 05:00:00+05:30,12.9,67.0,10.0,991.5,95.49056420181064,100
2023-01-31 06:00:00+05:30,13.2,73.0,9.4,992.0,100.0,100
2023-01-31 07:00:00+05:30,13.1,74.0,9.1,992.7,100.0,100
2023-01-31 08:00:00+05:30,12.3,75.0,10.0,993.5,100.0,100
2023-01-31 09:00:00+05:30,10.2,72.0,12.6,994.5,52.18120119662786,100
2023-01-31 10:00:00+05:30,14.7,65.0,15.3,995.4,100.0,100
2023-01-31 11:00:00+05:30,17.3,59.0,17.7,995.1,98.78226534814175,100
2023-01-31 12:00:00+05:30,18.0,53.0,19.6,994.4,100.0,100
2023-01-31 13:00:00+05:30,18.6,47.0,20.9,993.3,100.0,100
2023-01-31 14:00:00+05:30,19.1,46.0,21.7,992.2,97.60743341843612,100
2023-01-31 15:00:00+05:30,18.6,44.0,22.0,991.5,100.0,100
2023-01-31 16:00:00+05:30,19.1,44.0,21.8,991.1,100.0,100
2023-01-31 17:00:00+05:30,16.4,40.0,20.1,991.5,98.88534040381197,100
2023-01-31 18:00:00+05:30,13.5,34.0,18.6,991.5,97.8433363999315,100
2023-01-31 19:00:00+05:30,13.0,34.0,17.3,991.9,100.0,100
2023-01-31 20:00:00+05:30,12.5,39.0,16.3,992.3,100.0,100
2023-01-31 21:00:00+05:30,11.7,43.0,15.3,992.4,90.50751835765392,100
2023-01-31 22:00:00+05:30,11.2,48.0,14.3,992.5,77.41478374027136,100
2023-01-31 23:00:00+05:30,12.0,46.0,13.7,992.4,99.94693868280902,100
2023-02-01 00:00:00+05:30,12.7,29.0,12.8,992.0,100.0,100
2023-02-01 01:00:00+05:30,13.5,29.0,12.0,991.8,97.68931861445813,100
2023-02-01 02:00:00+05:30,14.5,35.0,11.6,991.4,100.0,100
2023-02-01 03:00:00+05:30,14.6,40.0,11.0,991.0,100.0,100
2023-02-01 04:00:00+05:30,14.0,55.0,10.3,990.3,99.3151635133802,100
2023-02-01 05:00:00+05:30,12.8,79.0,9.7,990.5,98.4334930851581,100
2023-02-01 06:00:00+05:30,13.3,88.0,9.3,991.0,97.68388140072234,100
2023-02-01 07:00:00+05:30,13.7,90.0,9.2,991.7,100.0,100
2023-02-01 08:00:00+05:30,14.1,93.0,10.5,992.4,98.27013422939987,100
2023-02-01 09:00:00+05:30,12.3,95.0,13.5,993.5,100.0,100
2023-02-01 10:00:00+05:30,14.8,87.0,16.7,994.3,100.0,100
2023-02-01 11:00:00+05:30,17.5,81.0,19.2,994.2,100.0,100
2023-02-01 12:00:00+05:30,16.1,80.0,21.0,993.3,100.0,100
2023-02-01 13:00:00+05:30,13.1,74.0,22.3,992.2,100.0,100
2023-02-01 14:00:00+05:30,11.4,62.0,23.1,991.3,81.6904256892713,100
2023-02-01 15:00:00+05:30,11.3,53.0,23.4,990.5,77.93862387303321,100
2023-02-01 16:00:00+05:30,12.2,43.0,23.4,990.3,100.0,100
2023-02-01 17:00:00+05:30,14.5,30.0,22.9,990.0,99.95172681512824,100
2023-02-01 18:00:00+05:30,11.3,22.0,20.7,990.0,82.32427213641805,100
2023-02-01 19:00:00+05:30,11.8,31.0,19.1,990.4,91.1816291440231,100
2023-02-01 20:00:00+05:30,12.3,50.0,18.0,990.5,99.99997486962688,100
2023-02-01 21:00:00+05:30,11.9,61.0,16.8,990.8,98.3749923955013,100
2023-02-01 22:00:00+05:30,11.0,67.0,15.5,990.8,70.13675563740676,100
2023-02-01 23:00:00+05:30,10.2,72.0,14.5,990.5,51.53212505498861,100
2023-02-02 00:00:00+05:30,10.0,77.0,13.6,990.4,46.21270294172195,100
2023-02-02 01:00:00+05:30,11.2,90.0,13.2,989.9,77.20699635783164,100
2023-02-02 02:00:00+05:30,11.6,95.0,12.5,989.5,87.70478841984715,100
2023-02-02 03:00:00+05:30,10.8,94.0,11.7,988.6,65.1386814696942,100
2023-02-02 04:00:00+05:30,10.6,100.0,11.2,988.4,60.896558546227276,100
2023-02-02 05:00:00+05:30,12.2,109.0,11.0,988.4,100.0,100
2023-02-02 06:00:00+05:30,12.4,112.0,10.1,988.8,96.676894194449,100
2023-02-02 07:00:00+05:30,12.3,111.0,9.7,989.4,100.0,100
2023-02-02 08:00:00+05:30,11.1,103.0,11.3,990.3,73.54024897692578,100
2023-02-02 09:00:00+05:30,9.0,90.0,14.8,991.5,30.528300765789336,100
2023-02-02 10:00:00+05:30,9.6,77.0,18.0,992.6,40.46269275529481,100
2023-02-02 11:00:00+05:30,12.8,80.0,20.4,992.5,97.53948807979178,100
2023-02-02 12:00:00+05:30,11.9,85.0,22.1,991.6,98.91105236071738,100
2023-02-02 13:00:00+05:30,9.4,86.0,23.4,990.3,35.0189215708286,100
2023-02-02 14:00:00+05:30,7.7,79.0,24.3,989.3,15.225697057320716,100
2023-02-02 15:00:00+05:30,7.6,59.0,24.8,988.7,13.52868117273924,100
2023-02-02 16:00:00+05:30,9.4,50.0,24.8,988.3,34.71454591194979,100
2023-02-02 17:00:00+05:30,7.7,49.0,25.0,987.7,14.57177489147187,100
2023-02-02 18:00:00+05:30,10.3,25.0,22.4,987.9,51.58579555150978,100
2023-02-02 19:00:00+05:30,11.1,13.0,20.7,988.5,71.86466328042467,100
2023-02-02 20:00:00+05:30,10.1,6.0,19.1,989.0,47.66287599705691,100
2023-02-02 21:00:00+05:30,10.8,21.0,18.2,989.2,64.08985011137564,100
2023-02-02 22:00:00+05:30,10.9,44.0,17.2,989.8,64.33929265946837,100
2023-02-02 23:00:00+05:30,11.4,66.0,16.4,989.7,83.23652097206765,100
2023-02-03 00:00:00+05:30,12.1,80.0,15.7,989.4,100.0,100
2023-02-03 01:00:00+05:30,11.2,92.0,14.7,989.0,75.25228496974239,100
2023-02-03 02:00:00+05:30,10.7,104.0,14.0,988.4,61.14974597951261,100
2023-02-03 03:00:00+05:30,12.4,112.0,13.8,987.9,98.65457510469766,100
2023-02-03 04:00:00+05:30,13.4,110.0,13.3,987.6,99.61958465429072,100
2023-02-03 05:00:00+05:30,14.2,117.0,13.2,987.7,100.0,100
2023-02-03 06:00:00+05:30,13.9,127.0,12.6,988.0,100.0,100
2023-02-03 07:00:00+05:30,14.0,132.0,12.3,988.5,100.0,100
2023-02-03 08:00:00+05:30,14.0,138.0,13.8,989.1,97.48924704652352,100
2023-02-03 09:00:00+05:30,12.8,142.0,17.4,990.0,100.0,100
2023-02-03 10:00:00+05:30,13.3,147.0,21.1,990.6,99.72941222988852,100
2023-02-03 11:00:00+05:30,16.4,154.0,24.2,990.4,100.0,100
2023-02-03 12:00:00+05:30,14.8,167.0,26.0,989.5,96.22593758932462,100
2023-02-03 13:00:00+05:30,10.8,195.0,27.0,988.6,66.1481620335911,100
2023-02-03 14:00:00+05:30,9.2,228.0,27.5,987.5,34.42651755829306,100
2023-02-03 15:00:00+05:30,9.0,254.0,27.8,986.9,30.753905613929213,100
2023-02-03 16:00:00+05:30,9.4,270.0,27.7,986.7,36.40793855759129,100
2023-02-03 17:00:00+05:30,8.3,268.0,27.4,986.8,21.501112140901064,100
2023-02-03 18:00:00+05:30,9.3,286.0,24.4,987.0,35.583407785498764,100
2023-02-03 19:00:00+05:30,10.7,284.0,22.9,987.3,59.59463568011042,100
2023-02-03 20:00:00+05:30,10.6,288.0,21.5,987.6,59.961102998515145,100
2023-02-03 21:00:00+05:30,9.4,288.0,19.9,987.8,36.714181067923974,100
2023-02-03 22:00:00+05:30,6.5,276.0,19.5,988.1,4.610433195732384,100
2023-02-03 23:00:00+05:30,5.1,266.0,20.3,988.0,1.6829970074124274,100
2023-02-04 00:00:00+05:30,7.1,294.0,18.2,987.7,9.647454799673659,100
2023-02-04 01:00:00+05:30,6.4,286.0,18.0,987.3,5.034915390658225,100
2023-02-04 02:00:00+05:30,6.6,292.0,17.4,986.6,5.621172616308306,100
2023-02-04 03:00:00+05:30,7.1,330.0,16.3,986.3,8.203053513997222,100
2023-02-04 04:00:00+05:30,6.2,10.0,16.3,986.1,3.95490695987333,100
2023-02-04 05:00:00+05:30,6.5,96.0,15.2,986.0,7.3734377455740105,100
2023-02-04 06:00:00+05:30,8.1,111.0,13.6,986.2,19.4718855011727,100
2023-02-04 07:00:00+05:30,11.0,128.0,12.8,986.7,71.48508680221799,100
2023-02-04 08:00:00+05:30,11.7,135.0,15.3,987.4,91.2404494315043,100
2023-02-04 09:00:00+05:30,8.9,137.0,18.9,988.1,28.33598766285274,100
2023-02-04 10:00:00+05:30,7.7,139.0,22.8,989.1,14.632191043324877,100
2023-02-04 11:00:00+05:30,7.6,135.0,25.5,988.9,13.705032734112775,100
2023-02-04 12:00:00+05:30,2.6,164.0,26.6,988.1,1.540752726040127,100
2023-02-04 13:00:00+05:30,2.2,279.0,27.4,987.1,0.0,100
2023-02-04 14:00:00+05:30,4.4,305.0,28.0,986.2,0.0,100
2023-02-04 15:00:00+05:30,5.4,318.0,28.3,985.6,2.8585586806073504,100
2023-02-04 16:00:00+05:30,6.7,324.0,28.2,985.4,7.988123037772652,100
2023-02-04 17:00:00+05:30,6.4,333.0,28.4,985.3,5.4946272299248236,100
2023-02-04 18:00:00+05:30,8.8,351.0,25.6,985.4,27.212170098860376,100
2023-02-04 19:00:00+05:30,9.8,8.0,23.9,985.7,41.89622678530272,100
2023-02-04 20:00:00+05:30,8.9,27.0,22.4,985.9,27.485075457768733,100
2023-02-04 21:00:00+05:30,7.7,37.0,21.3,986.1,15.676808631663738,100
2023-02-04 22:00:00+05:30,7.2,53.0,20.4,986.2,9.939042222160008,100
2023-02-04 23:00:00+05:30,9.4,97.0,19.0,985.9,36.46703308601883,100
2023-02-05 00:00:00+05:30,12.2,118.0,18.6,985.4,100.0,100
2023-02-05 01:00:00+05:30,12.0,123.0,18.1,984.8,100.0,100
2023-02-05 02:00:00+05:30,11.5,131.0,17.3,984.1,83.44657622903746,100
2023-02-05 03:00:00+05:30,9.7,141.0,16.3,983.7,42.6295686467436,100
2023-02-05 04:00:00+05:30,8.2,142.0,16.0,983.4,20.030883430767872,100
2023-02-05 05:00:00+05:30,10.2,148.0,14.7,983.7,49.530910101147256,100
2023-02-05 06:00:00+05:30,10.1,163.0,14.0,983.8,50.66573770861121,100
2023-02-05 07:00:00+05:30,10.6,170.0,13.9,984.4,59.87836034431493,100
2023-02-05 08:00:00+05:30,11.5,178.0,15.8,984.8,82.79101047341084,100
2023-02-05 09:00:00+05:30,10.1,178.0,20.0,985.9,50.18727607015805,100
2023-02-05 10:00:00+05:30,11.5,184.0,24.3,986.4,84.63017918987919,100
2023-02-05 11:00:00+05:30,14.5,207.0,26.7,986.2,99.05334719722211,100
2023-02-05 12:00:00+05:30,15.9,219.0,27.9,985.5,100.0,100
2023-02-05 13:00:00+05:30,18.3,225.0,28.7,984.3,99.56799865291863,100
2023-02-05 14:00:00+05:30,20.9,224.0,29.3,983.1,100.0,100
2023-02-05 15:00:00+05:30,23.0,221.0,29.5,982.3,98.73051394079938,100
2023-02-05 16:00:00+05:30,23.8,219.0,29.4,981.8,99.59412106695437,100
2023-02-05 17:00:00+05:30,23.9,217.0,29.2,981.6,99.19045661023368,100
2023-02-05 18:00:00+05:30,19.1,224.0,27.3,981.7,100.0,100
2023-02-05 19:00:00+05:30,16.9,220.0,25.7,982.2,99.01703504794138,100
2023-02-05 20:00:00+05:30,16.7,213.0,24.5,982.5,99.31219535902609,100
2023-02-05 21:00:00+05:30,18.7,220.0,23.6,982.8,98.66609830514155,100
2023-02-05 22:00:00+05:30,18.8,227.0,22.7,983.1,100.0,100
2023-02-05 23:00:00+05:30,19.9,229.0,21.9,982.9,98.20719135521924,100
2023-02-06 00:00:00+05:30,20.2,230.0,21.2,982.6,100.0,100
2023-02-06 01:00:00+05:30,18.9,235.0,20.1,982.7,99.2071422524553,100
2023-02-06 02:00:00+05:30,19.3,237.0,19.1,982.5,100.0,100
2023-02-06 03:00:00+05:30,17.4,230.0,18.3,982.2,100.0,100
2023-02-06 04:00:00+05:30,16.7,233.0,17.4,982.2,97.66339560560496,100
2023-02-06 05:00:00+05:30,15.7,233.0,16.4,982.3,99.44641695422767,100
2023-02-06 06:00:00+05:30,13.9,239.0,15.5,983.1,100.0,100
2023-02-06 07:00:00+05:30,12.8,238.0,15.1,983.7,100.0,100
2023-02-06 08:00:00+05:30,11.9,235.0,16.3,984.6,99.42666032896602,100
2023-02-06 09:00:00+05:30,10.0,249.0,19.1,985.5,47.41053053967772,100
2023-02-06 10:00:00+05:30,9.9,280.0,21.5,986.3,43.38312413017257,100
2023-02-06 11:00:00+05:30,10.5,311.0,23.6,986.5,56.98600514939497,100
2023-02-06 12:00:00+05:30,13.0,336.0,25.4,986.0,98.93508204779415,100
2023-02-06 13:00:00+05:30,13.8,351.0,26.7,985.0,99.0873734968482,100
2023-02-06 14:00:00+05:30,14.9,353.0,27.4,984.3,100.0,100
2023-02-06 15:00:00+05:30,15.3,351.0,27.5,984.0,99.80680819324903,100
2023-02-06 16:00:00+05:30,14.7,349.0,27.4,984.0,100.0,100
2023-02-06 17:00:00+05:30,14.1,347.0,26.5,984.4,97.55808796057372,100
2023-02-06 18:00:00+05:30,11.2,356.0,24.5,984.8,75.52784635862083,100
2023-02-06 19:00:00+05:30,11.2,6.0,22.8,985.4,75.48419899617784,100
2023-02-06 20:00:00+05:30,10.3,12.0,21.4,985.7,54.02687016866792,100
2023-02-06 21:00:00+05:30,10.2,10.0,20.2,985.9,51.64379150006177,100
2023-02-06 22:00:00+05:30,10.1,6.0,19.1,986.1,47.48722421395528,100
2023-02-06 23:00:00+05:30,9.1,9.0,17.8,985.8,31.673174894668772,100
2023-02-07 00:00:00+05:30,8.6,15.0,16.7,985.7,25.399551084154655,100
2023-02-07 01:00:00+05:30,11.3,17.0,16.2,985.6,81.04074385837893,100
2023-02-07 02:00:00+05:30,10.7,40.0,15.0,985.2,64.94374039449924,100
2023-02-07 03:00:00+05:30,10.6,55.0,14.0,985.0,62.25202645677946,100
2023-02-07 04:00:00+05:30,10.2,67.0,13.4,984.9,49.70442357600131,100
2023-02-07 05:00:00+05:30,11.2,92.0,13.2,985.1,76.46943256840966,100
2023-02-07 06:00:00+05:30,11.4,101.0,13.0,985.4,81.55774792318368,100
2023-02-07 07:00:00+05:30,11.2,105.0,12.7,986.1,79.80829411337095,100
2023-02-07 08:00:00+05:30,10.3,115.0,14.4,986.8,56.46536937092011,100
2023-02-07 09:00:00+05:30,8.9,122.0,17.8,987.5,27.336709289411186,100
2023-02-07 10:00:00+05:30,9.8,118.0,21.0,988.3,43.59194827256482,100
2023-02-07 11:00:00+05:30,8.8,109.0,23.3,988.4,26.634252472063544,100
2023-02-07 12:00:00+05:30,4.4,99.0,24.4,987.6,2.418942624872006,100
2023-02-07 13:00:00+05:30,0.5,45.0,25.3,986.8,0.3287722639721009,100
2023-02-07 14:00:00+05:30,3.6,307.0,26.1,985.8,0.0,100
2023-02-07 15:00:00+05:30,6.1,310.0,26.7,985.2,4.4765034768135,100
2023-02-07 16:00:00+05:30,7.9,317.0,26.7,984.9,16.33014458763024,100
2023-02-07 17:00:00+05:30,8.2,311.0,26.3,984.7,19.896179450578394,100
2023-02-07 18:00:00+05:30,6.9,332.0,24.0,984.8,6.820353576250983,100
2023-02-07 19:00:00+05:30,5.4,356.0,22.6,985.4,1.5540783645975567,100
2023-02-07 20:00:00+05:30,4.3,24.0,22.2,985.6,0.7341738114102903,100
2023-02-07 21:00:00+05:30,3.0,76.0,22.5,985.9,0.36971196506406806,100
2023-02-07 22:00:00+05:30,5.9,166.0,20.3,986.1,1.7239434522835402,100
2023-02-07 23:00:00+05:30,11.9,185.0,18.8,985.9,95.76957649188031,100
2023-02-08 00:00:00+05:30,8.7,185.0,17.3,985.3,24.744256023870182,100
2023-02-08 01:00:00+05:30,9.7,180.0,16.9,984.7,42.54769101888946,100
2023-02-08 02:00:00+05:30,10.1,178.0,16.5,984.5,51.14912224662716,100
2023-02-08 03:00:00+05:30,12.1,168.0,16.1,984.0,97.5301526208261,100
2023-02-08 04:00:00+05:30,12.8,158.0,15.0,983.9,96.18491805252603,100
2023-02-08 05:00:00+05:30,13.1,159.0,14.1,984.4,93.48710082974627,100
2023-02-08 06:00:00+05:30,14.1,161.0,13.8,985.0,100.0,100
2023-02-08 07:00:00+05:30,15.4,164.0,14.0,985.8,100.0,100
2023-02-08 08:00:00+05:30,15.2,166.0,15.9,986.6,100.0,100
2023-02-08 09:00:00+05:30,15.4,169.0,19.8,987.5,98.7818078766204,100
2023-02-08 10:00:00+05:30,17.0,175.0,23.6,988.5,100.0,100
2023-02-08 11:00:00+05:30,22.8,186.0,26.0,988.3,99.93093623255592,100
2023-02-08 12:00:00+05:30,24.1,197.0,27.6,987.3,98.70119755819769,100
2023-02-08 13:00:00+05:30,25.8,208.0,28.7,986.0,0.05998563788085823,100
2023-02-08 14:00:00+05:30,25.6,215.0,29.3,985.0,0.3622425909977746,100
2023-02-08 15:00:00+05:30,24.8,221.0,29.6,984.1,99.42260847108317,100
2023-02-08 16:00:00+05:30,24.2,223.0,29.4,983.6,99.29385937433028,100
2023-02-08 17:00:00+05:30,22.7,224.0,28.9,983.6,98.62159059143453,100
2023-02-08 18:00:00+05:30,17.0,216.0,27.0,983.7,98.96493308793953,100
2023-02-08 19:00:00+05:30,15.2,202.0,25.1,983.9,98.82073933501708,100
2023-02-08 20:00:00+05:30,16.3,194.0,24.1,984.0,100.0,100
2023-02-08 21:00:00+05:30,16.6,193.0,23.0,984.1,100.0,100
2023-02-08 22:00:00+05:30,16.8,195.0,22.2,984.3,100.0,100
2023-02-08 23:00:00+05:30,16.7,199.0,21.5,984.2,98.48182218727905,100
2023-02-09 00:00:00+05:30,16.7,205.0,20.8,983.7,98.75208797135899,100
2023-02-09 01:00:00+05:30,18.0,200.0,20.0,983.1,100.0,100
2023-02-09 02:00:00+05:30,18.5,193.0,19.4,982.3,98.59085851509724,100
2023-02-09 03:00:00+05:30,19.2,197.0,18.9,981.6,98.83336750577693,100
2023-02-09 04:00:00+05:30,21.7,204.0,18.7,981.4,100.0,100
2023-02-09 05:00:00+05:30,24.1,202.0,18.2,981.4,100.0,100
2023-02-09 06:00:00+05:30,27.2,206.0,18.0,981.7,0.0,100
2023-02-09 07:00:00+05:30,27.4,210.0,17.5,982.4,0.0,100
2023-02-09 08:00:00+05:30,26.7,212.0,18.0,983.1,0.6513315929187065,100
2023-02-09 09:00:00+05:30,23.5,209.0,19.8,983.8,99.99052676989909,100
2023-02-09 10:00:00+05:30,26.6,216.0,22.3,984.5,1.891502719321009,100
2023-02-09 11:00:00+05:30,27.8,220.0,24.8,984.5,0.6659298465389151,100
2023-02-09 12:00:00+05:30,27.5,228.0,27.1,983.7,0.0,100
2023-02-09 13:00:00+05:30,28.3,239.0,28.7,982.8,0.0,100
2023-02-09 14:00:00+05:30,28.7,242.0,29.6,981.8,0.0,100
2023-02-09 15:00:00+05:30,28.5,245.0,30.3,981.3,1.6147317911807961,100
2023-02-09 16:00:00+05:30,27.9,246.0,30.7,981.0,0.9069284332151247,100
2023-02-09 17:00:00+05:30,24.8,242.0,30.8,981.1,95.68364951018866,100
2023-02-09 18:00:00+05:30,18.9,239.0,29.1,981.2,98.62784901481095,100
2023-02-09 19:00:00+05:30,22.0,232.0,28.1,981.8,98.278421861762,100
2023-02-09 20:00:00+05:30,26.2,223.0,27.3,982.1,0.0,100
2023-02-09 21:00:00+05:30,28.6,220.0,26.4,982.4,0.2543696603299232,100
2023-02-09 22:00:00+05:30,31.8,218.0,25.5,982.5,0.0,100
2023-02-09 23:00:00+05:30,33.9,217.0,24.4,982.2,0.11673377850854787,100
2023-02-10 00:00:00+05:30,35.4,218.0,23.3,981.8,0.2958327351906309,100
2023-02-10 01:00:00+05:30,34.2,221.0,22.2,981.5,0.0,100
2023-02-10 02:00:00+05:30,32.1,226.0,21.2,981.3,0.0,100
2023-02-10 03:00:00+05:30,29.9,229.0,20.3,981.1,0.0,100
2023-02-10 04:00:00+05:30,27.8,233.0,19.3,981.0,0.0,100
2023-02-10 05:00:00+05:30,27.4,232.0,18.4,981.1,0.0,100
2023-02-10 06:00:00+05:30,26.6,232.0,17.8,981.3,0.32575654332872644,100
2023-02-10 07:00:00+05:30,25.5,230.0,17.3,982.0,0.0,100
2023-02-10 08:00:00+05:30,21.1,227.0,18.0,982.8,98.01154798152476,100
2023-02-10 09:00:00+05:30,23.2,229.0,19.9,984.0,100.0,100
2023-02-10 10:00:00+05:30,24.5,237.0,22.1,984.9,97.270006205461,100
2023-02-10 11:00:00+05:30,23.4,241.0,24.0,985.1,100.0,100
2023-02-10 12:00:00+05:30,22.2,250.0,25.7,984.8,99.56515749563775,100
2023-02-10 13:00:00+05:30,19.5,258.0,27.0,983.9,100.0,100
2023-02-10 14:00:00+05:30,16.9,268.0,27.9,983.0,98.39629861775927,100
2023-02-10 15:00:00+05:30,15.2,274.0,28.3,982.5,98.79716797491322,100
2023-02-10 16:00:00+05:30,13.1,278.0,28.2,982.2,100.0,100
2023-02-10 17:00:00+05:30,11.9,268.0,28.0,982.3,96.37041446287576,100
2023-02-10 18:00:00+05:30,9.4,268.0,26.7,982.7,35.60652281131764,100
2023-02-10 19:00:00+05:30,9.4,268.0,25.3,983.1,36.209735509661854,100
2023-02-10 20:00:00+05:30,7.6,315.0,23.7,983.7,13.9233873774646,100
2023-02-10 21:00:00+05:30,10.4,20.0,22.8,984.1,55.79712525235742,100
2023-02-10 22:00:00+05:30,10.0,52.0,21.9,984.3,47.49961420360841,100
2023-02-10 23:00:00+05:30,10.1,55.0,20.9,984.3,47.948505337655874,100
2023-02-11 00:00:00+05:30,10.6,55.0,20.2,984.2,60.89404852230517,100
2023-02-11 01:00:00+05:30,9.7,51.0,19.2,984.4,44.28706505028457,100
2023-02-11 02:00:00+05:30,8.4,43.0,18.0,984.3,23.2640295078916,100
2023-02-11 03:00:00+05:30,10.0,26.0,17.6,984.1,45.53041824597697,100
2023-02-11 04:00:00+05:30,10.4,14.0,17.0,984.4,54.66324313717992,100
2023-02-11 05:00:00+05:30,7.6,87.0,16.4,984.8,13.883289760956055,100
2023-02-11 06:00:00+05:30,7.5,55.0,16.0,985.5,12.383890992004382,100
2023-02-11 07:00:00+05:30,8.7,17.0,15.5,986.6,24.490692219837815,100
2023-02-11 08:00:00+05:30,7.6,8.0,16.8,987.8,14.93667210015024,100
2023-02-11 09:00:00+05:30,5.5,23.0,19.7,989.0,1.828354829322275,100
2023-02-11 10:00:00+05:30,7.3,9.0,22.7,990.1,9.6363987801836,100
2023-02-11 11:00:00+05:30,10.7,12.0,24.9,990.2,61.585864627593224,100
2023-02-11 12:00:00+05:30,12.5,12.0,26.1,989.7,99.16120476415851,100
2023-02-11 13:00:00+05:30,13.7,358.0,26.8,988.7,99.79893047240924,100
2023-02-11 14:00:00+05:30,12.4,350.0,27.2,987.9,98.21134652603948,100
2023-02-11 15:00:00+05:30,10.8,345.0,27.3,987.3,63.43878527871878,100
2023-02-11 16:00:00+05:30,10.9,333.0,27.2,987.1,69.41262415837352,100
2023-02-11 17:00:00+05:30,7.4,313.0,26.7,987.2,11.002264187478366,100
2023-02-11 18:00:00+05:30,8.7,315.0,24.7,987.6,24.455943450496083,100
2023-02-11 19:00:00+05:30,11.4,325.0,23.2,988.3,80.91310192845035,100
2023-02-11 20:00:00+05:30,11.1,335.0,21.9,988.9,72.3176857448664,100
2023-02-11 21:00:00+05:30,11.4,325.0,20.6,989.6,79.83317568187057,100
2023-02-11 22:00:00+05:30,11.6,324.0,19.5,989.9,85.97550817983526,100
2023-02-11 23:00:00+05:30,15.8,333.0,18.9,990.3,100.0,100
2023-02-12 00:00:00+05:30,15.1,332.0,18.2,990.3,100.0,100
2023-02-12 01:00:00+05:30,13.9,329.0,17.3,989.8,100.0,100
2023-02-12 02:00:00+05:30,13.4,336.0,16.7,989.5,100.0,100
2023-02-12 03:00:00+05:30,14.2,344.0,16.2,989.4,100.0,100
2023-02-12 04:00:00+05:30,15.1,342.0,15.9,989.4,99.43638778157569,100
2023-02-12 05:00:00+05:30,12.8,350.0,14.9,990.1,98.89354352122514,100
2023-02-12 06:00:00+05:30,12.7,352.0,14.6,990.6,100.0,100
2023-02-12 07:00:00+05:30,12.0,353.0,14.0,991.4,100.0,100
2023-02-12 08:00:00+05:30,11.5,4.0,15.5,992.6,88.6339662006189,100
2023-02-12 09:00:00+05:30,10.8,21.0,17.3,993.6,65.79363858082614,100
2023-02-12 10:00:00+05:30,13.7,30.0,19.3,994.4,97.42041711841708,100
2023-02-12 11:00:00+05:30,17.9,34.0,21.5,994.5,100.0,100
2023-02-12 12:00:00+05:30,19.4,31.0,23.3,993.9,96.84743889120817,100
2023-02-12 13:00:00+05:30,18.3,20.0,24.4,992.9,99.55123322952231,100
2023-02-12 14:00:00+05:30,18.9,8.0,25.0,992.3,97.78406721840283,100
2023-02-12 15:00:00+05:30,19.7,8.0,24.9,991.8,100.0,100
2023-02-12 16:00:00+05:30,18.1,21.0,24.5,991.7,98.53932102199323,100
2023-02-12 17:00:00+05:30,15.1,33.0,23.4,992.0,100.0,100
2023-02-12 18:00:00+05:30,12.1,30.0,21.7,992.6,100.0,100
2023-02-12 19:00:00+05:30,12.4,30.0,19.9,993.1,99.68307468441824,100
2023-02-12 20:00:00+05:30,12.6,27.0,18.7,993.4,100.0,100
2023-02-12 21:00:00+05:30,12.2,34.0,17.5,993.4,98.01707919498283,100
2023-02-12 22:00:00+05:30,11.2,42.0,16.1,993.3,75.0538759442279,100
2023-02-12 23:00:00+05:30,11.5,44.0,15.2,993.0,83.54113742896214,100
2023-02-13 00:00:00+05:30,13.0,51.0,14.6,992.8,99.13527894382796,100
2023-02-13 01:00:00+05:30,13.1,69.0,13.9,992.0,97.79429394711737,100
2023-02-13 02:00:00+05:30,13.5,74.0,13.1,991.5,99.98700874409359,100
2023-02-13 03:00:00+05:30,12.6,77.0,12.3,991.0,100.0,100
2023-02-13 04:00:00+05:30,12.0,83.0,11.5,990.8,100.0,100
2023-02-13 05:00:00+05:30,12.6,85.0,10.7,991.3,100.0,100
2023-02-13 06:00:00+05:30,12.1,100.0,10.0,991.2,99.68741721998845,100
2023-02-13 07:00:00+05:30,10.6,114.0,9.5,991.9,61.984310969753636,100
2023-02-13 08:00:00+05:30,9.7,117.0,11.4,992.5,40.2868312241123,100
2023-02-13 09:00:00+05:30,9.2,121.0,14.9,993.3,33.889907154798216,100
2023-02-13 10:00:00+05:30,8.7,120.0,18.4,993.6,25.647669936981014,100
2023-02-13 11:00:00+05:30,7.7,127.0,21.1,993.2,13.727089893775712,100
2023-02-13 12:00:00+05:30,6.3,156.0,23.1,992.0,5.215680632627686,100
2023-02-13 13:00:00+05:30,5.9,227.0,24.5,990.9,3.8946618407956883,100
2023-02-13 14:00:00+05:30,8.6,255.0,25.5,989.9,25.421593040153667,100
2023-02-13 15:00:00+05:30,10.8,255.0,26.0,988.8,64.92221853611599,100
2023-02-13 16:00:00+05:30,11.6,248.0,26.1,988.3,86.3402099932722,100
2023-02-13 17:00:00+05:30,12.9,243.0,26.4,988.1,99.94954798209262,100
2023-02-13 18:00:00+05:30,10.5,243.0,24.3,988.2,60.21590793991527,100
2023-02-13 19:00:00+05:30,10.7,237.0,22.6,988.6,65.07537113505418,100
2023-02-13 20:00:00+05:30,10.7,230.0,21.4,988.9,65.15938873837834,100
2023-02-13 21:00:00+05:30,12.7,215.0,20.4,989.2,98.54458022076895,100
2023-02-13 22:00:00+05:30,13.3,218.0,19.8,989.5,100.0,100
2023-02-13 23:00:00+05:30,13.9,217.0,19.4,989.2,98.49231335519076,100
2023-02-14 00:00:00+05:30,13.9,217.0,18.8,988.7,100.0,100
2023-02-14 01:00:00+05:30,13.4,211.0,18.2,988.3,99.85120716536949,100
2023-02-14 02:00:00+05:30,12.9,207.0,17.6,987.8,97.9421569399778,100
2023-02-14 03:00:00+05:30,13.6,202.0,17.2,987.3,100.0,100
2023-02-14 04:00:00+05:30,14.6,200.0,17.1,987.1,100.0,100
2023-02-14 05:00:00+05:30,15.4,191.0,16.4,987.5,99.49454250092087,100
2023-02-14 06:00:00+05:30,15.5,184.0,15.0,987.9,96.53178120659985,100
2023-02-14 07:00:00+05:30,15.1,180.0,14.6,988.7,100.0,100
2023-02-14 08:00:00+05:30,14.4,179.0,16.6,989.6,100.0,100
2023-02-14 09:00:00+05:30,14.4,176.0,20.5,990.3,99.115360771787,100
2023-02-14 10:00:00+05:30,14.8,176.0,24.0,991.0,97.76543920606002,100
2023-02-14 11:00:00+05:30,17.1,188.0,26.5,990.8,100.0,100
2023-02-14 12:00:00+05:30,17.4,198.0,28.3,990.2,99.23904456362587,100
2023-02-14 13:00:00+05:30,16.1,207.0,29.6,989.0,100.0,100
2023-02-14 14:00:00+05:30,15.2,211.0,30.4,987.7,99.5438998056977,100
2023-02-14 15:00:00+05:30,15.4,213.0,30.8,986.6,100.0,100
2023-02-14 16:00:00+05:30,15.2,211.0,30.7,986.1,99.89522426580466,100
2023-02-14 17:00:00+05:30,13.8,213.0,30.3,986.4,100.0,100
2023-02-14 18:00:00+05:30,10.8,217.0,27.5,986.7,66.72543046168606,100
2023-02-14 19:00:00+05:30,10.7,220.0,25.1,986.9,62.292662783691014,100
2023-02-14 20:00:00+05:30,10.4,214.0,23.5,987.1,54.9691175390732,100
2023-02-14 21:00:00+05:30,10.5,207.0,22.3,987.5,61.04749925897476,100
2023-02-14 22:00:00+05:30,10.9,207.0,21.4,987.5,68.65312484988871,100
2023-02-14 23:00:00+05:30,11.0,212.0,20.7,987.4,68.26961307991425,100
2023-02-15 00:00:00+05:30,11.1,216.0,20.1,987.2,74.23645440662473,100
2023-02-15 01:00:00+05:30,11.2,220.0,19.4,986.8,77.96956186048173,100
2023-02-15 02:00:00+05:30,10.8,217.0,18.6,986.5,66.31124586288084,100
2023-02-15 03:00:00+05:30,9.9,213.0,17.9,986.0,44.9156274913345,100
2023-02-15 04:00:00+05:30,10.3,205.0,17.5,985.7,50.749782479132996,100
2023-02-15 05:00:00+05:30,11.0,199.0,16.8,985.7,72.01830739689451,100
2023-02-15 06:00:00+05:30,11.6,196.0,15.8,985.7,84.40495685689706,100
2023-02-15 07:00:00+05:30,12.2,194.0,15.5,986.6,100.0,100
2023-02-15 08:00:00+05:30,11.3,187.0,18.1,987.3,73.92547798421089,100
2023-02-15 09:00:00+05:30,8.0,185.0,21.7,988.2,17.825437958411882,100
2023-02-15 10:00:00+05:30,7.8,193.0,26.5,989.0,16.33798431507091,100
2023-02-15 11:00:00+05:30,9.3,216.0,28.8,989.1,34.284309454916546,100
2023-02-15 12:00:00+05:30,11.7,236.0,30.3,988.4,88.99048002091891,100
2023-02-15 13:00:00+05:30,12.7,255.0,31.4,987.4,100.0,100
2023-02-15 14:00:00+05:30,13.7,270.0,32.0,986.7,100.0,100
2023-02-15 15:00:00+05:30,13.4,276.0,32.2,986.0,100.0,100
2023-02-15 16:00:00+05:30,12.4,280.0,32.1,985.6,98.69535375406424,100
2023-02-15 17:00:00+05:30,13.4,264.0,32.0,985.2,100.0,100
2023-02-15 18:00:00+05:30,10.1,264.0,28.9,985.2,47.52093708296606,100
2023-02-15 19:00:00+05:30,10.4,256.0,26.5,985.5,56.520397701705306,100
2023-02-15 20:00:00+05:30,10.6,242.0,25.0,985.7,60.09386545281075,100
2023-02-15 21:00:00+05:30,10.7,230.0,23.7,986.0,63.28504316926793,100
2023-02-15 22:00:00+05:30,10.7,230.0,22.6,986.2,58.912255326205575,100
2023-02-15 23:00:00+05:30,11.2,222.0,21.8,986.4,71.74848477997647,100
2023-02-16 00:00:00+05:30,11.2,225.0,21.0,986.0,74.71412148455207,100
2023-02-16 01:00:00+05:30,10.5,229.0,20.1,985.5,56.25037300770922,100
2023-02-16 02:00:00+05:30,8.3,236.0,20.9,985.5,20.236804729671924,100
2023-02-16 03:00:00+05:30,6.4,223.0,22.3,985.3,4.26796788376007,100
2023-02-16 04:00:00+05:30,7.8,202.0,20.4,985.2,14.225713914618241,100
2023-02-16 05:00:00+05:30,12.7,188.0,18.0,984.9,100.0,100
2023-02-16 06:00:00+05:30,14.4,176.0,16.8,985.3,95.52788831029514,100
2023-02-16 07:00:00+05:30,14.5,174.0,16.2,986.3,100.0,100
2023-02-16 08:00:00+05:30,13.6,169.0,18.5,987.2,100.0,100
2023-02-16 09:00:00+05:30,12.8,169.0,23.2,988.3,94.69093360985313,100
2023-02-16 10:00:00+05:30,13.0,175.0,27.3,989.0,99.31493774749788,100
2023-02-16 11:00:00+05:30,15.7,191.0,30.0,989.1,99.63328202704143,100
2023-02-16 12:00:00+05:30,15.9,205.0,31.7,988.2,99.64559630985238,100
2023-02-16 13:00:00+05:30,16.4,218.0,33.1,987.4,100.0,100
2023-02-16 14:00:00+05:30,16.1,231.0,34.1,986.5,98.01527790777997,100
2023-02-16 15:00:00+05:30,16.6,240.0,34.4,985.8,99.12407048625143,100
2023-02-16 16:00:00+05:30,16.5,247.0,34.3,985.6,98.5067067800718,100
2023-02-16 17:00:00+05:30,13.9,249.0,33.7,985.3,98.83278177294983,100
2023-02-16 18:00:00+05:30,11.2,255.0,30.4,985.6,73.68680526915729,100
2023-02-16 19:00:00+05:30,11.8,250.0,28.0,986.1,91.24698579721105,100
2023-02-16 20:00:00+05:30,11.4,246.0,26.3,986.5,80.04421163212524,100
2023-02-16 21:00:00+05:30,10.8,240.0,24.7,986.7,63.689324459130226,100
2023-02-16 22:00:00+05:30,9.5,245.0,23.6,987.0,37.99192989900125,100
2023-02-16 23:00:00+05:30,7.5,253.0,23.8,987.1,13.271657326289137,100
2023-02-17 00:00:00+05:30,5.8,266.0,24.8,987.0,3.557722412523595,100
2023-02-17 01:00:00+05:30,5.1,274.0,25.6,987.0,0.4913999751533956,100
2023-02-17 02:00:00+05:30,4.7,293.0,25.2,986.6,0.381444937765116,100
2023-02-17 03:00:00+05:30,4.9,306.0,24.2,986.1,0.0,100
2023-02-17 04:00:00+05:30,3.7,331.0,22.9,985.8,1.101454406919363,100
2023-02-17 05:00:00+05:30,3.3,84.0,22.3,985.8,0.0,100
2023-02-17 06:00:00+05:30,5.5,101.0,21.8,986.5,2.366670977759137,100
2023-02-17 07:00:00+05:30,6.3,103.0,20.0,987.1,3.558571841343823,100
2023-02-17 08:00:00+05:30,6.8,115.0,19.3,987.7,7.644811691504785,100
2023-02-17 09:00:00+05:30,5.2,115.0,23.3,988.7,1.3528948405691936,100
2023-02-17 10:00:00+05:30,4.0,90.0,27.1,989.6,0.1193069323749519,100
2023-02-17 11:00:00+05:30,4.9,54.0,29.8,989.7,2.2135564422793603,100
2023-02-17 12:00:00+05:30,5.8,30.0,31.4,989.2,4.5024046660802695,100
2023-02-17 13:00:00+05:30,6.9,6.0,32.4,988.3,10.043594433690698,100
2023-02-17 14:00:00+05:30,8.6,358.0,33.0,987.5,25.391598703761872,100
2023-02-17 15:00:00+05:30,9.7,2.0,33.2,986.8,39.51332970288558,100
2023-02-17 16:00:00+05:30,9.5,9.0,33.1,986.6,38.310835196499895,100
2023-02-17 17:00:00+05:30,8.3,360.0,32.6,986.6,19.412532208884414,100
2023-02-17 18:00:00+05:30,8.6,358.0,29.7,986.9,25.034883289742524,100
2023-02-17 19:00:00+05:30,9.7,358.0,27.6,987.2,42.10523108872461,100
2023-02-17 20:00:00+05:30,9.5,11.0,26.0,987.5,37.746521302520115,100
2023-02-17 21:00:00+05:30,10.3,29.0,24.8,987.6,55.34269626383689,100
2023-02-17 22:00:00+05:30,10.0,38.0,23.5,988.0,48.148870128925346,100
2023-02-17 23:00:00+05:30,8.9,43.0,22.6,987.6,28.253353874738465,100
2023-02-18 00:00:00+05:30,7.4,51.0,22.8,987.3,12.348484861520408,100
2023-02-18 01:00:00+05:30,6.6,68.0,22.5,987.0,6.648146971047686,100
2023-02-18 02:00:00+05:30,6.3,59.0,22.0,986.7,3.8730885361821823,100
2023-02-18 03:00:00+05:30,6.3,31.0,20.8,986.2,4.1573217048303786,100
2023-02-18 04:00:00+05:30,7.0,21.0,19.0,985.7,6.565545428278014,100
2023-02-18 05:00:00+05:30,7.6,19.0,16.5,986.0,11.877085626081128,100
2023-02-18 06:00:00+05:30,6.2,36.0,16.7,986.3,4.946397925204506,100
2023-02-18 07:00:00+05:30,6.1,40.0,16.4,987.2,4.160630480551629,100
2023-02-18 08:00:00+05:30,5.7,55.0,17.7,987.8,2.918190479896113,100
2023-02-18 09:00:00+05:30,4.6,72.0,21.5,988.8,0.0,100
2023-02-18 10:00:00+05:30,5.5,58.0,25.4,989.5,2.0859557790369156,100
2023-02-18 11:00:00+05:30,7.6,65.0,28.6,989.6,13.500827428478061,100
2023-02-18 12:00:00+05:30,8.5,62.0,30.7,988.8,22.066903614035752,100
2023-02-18 13:00:00+05:30,6.0,65.0,31.8,987.6,4.516327320829215,100
2023-02-18 14:00:00+05:30,3.4,72.0,32.6,986.8,0.2733244736382361,100
2023-02-18 15:00:00+05:30,2.2,81.0,33.1,985.9,1.3146953508309798,100
2023-02-18 16:00:00+05:30,2.1,121.0,33.3,985.5,0.0,100
2023-02-18 17:00:00+05:30,3.2,180.0,33.6,985.2,1.2458963534728094,100
2023-02-18 18:00:00+05:30,1.5,346.0,32.9,985.7,0.3935248126791443,100
2023-02-18 19:00:00+05:30,4.0,360.0,31.1,986.2,0.0,100
2023-02-18 20:00:00+05:30,1.3,236.0,29.6,986.8,0.273240137306497,100
2023-02-18 21:00:00+05:30,5.9,232.0,26.5,987.0,2.7685020079478537,100
2023-02-18 22:00:00+05:30,7.8,248.0,24.6,987.2,14.034158324252582,100
2023-02-18 23:00:00+05:30,10.0,244.0,23.0,986.7,47.6505821638802,100
2023-02-19 00:00:00+05:30,11.1,245.0,22.4,986.2,72.47501313105104,100
2023-02-19 01:00:00+05:30,11.3,243.0,21.8,985.7,78.35462136394996,100
2023-02-19 02:00:00+05:30,11.0,247.0,21.0,985.1,71.06122345720792,100
2023-02-19 03:00:00+05:30,10.5,248.0,20.3,984.3,57.16970479913522,100
2023-02-19 04:00:00+05:30,10.9,236.0,19.8,983.9,65.65713538390744,100
2023-02-19 05:00:00+05:30,13.6,220.0,19.0,984.6,100.0,100
2023-02-19 06:00:00+05:30,13.8,208.0,18.0,984.7,98.24808488970778,100
2023-02-19 07:00:00+05:30,13.7,203.0,17.5,985.7,100.0,100
2023-02-19 08:00:00+05:30,13.4,200.0,20.1,986.4,100.0,100
2023-02-19 09:00:00+05:30,13.4,200.0,24.7,987.3,96.8146225265503,100
2023-02-19 10:00:00+05:30,13.9,201.0,28.1,987.8,100.0,100
2023-02-19 11:00:00+05:30,18.1,211.0,30.5,987.5,100.0,100
2023-02-19 12:00:00+05:30,19.2,220.0,32.1,986.9,100.0,100
2023-02-19 13:00:00+05:30,18.4,228.0,33.3,985.8,100.0,100
2023-02-19 14:00:00+05:30,18.2,231.0,34.2,984.7,98.81783797524956,100
2023-02-19 15:00:00+05:30,18.4,231.0,34.6,984.1,100.0,100
2023-02-19 16:00:00+05:30,18.4,230.0,34.6,983.7,100.0,100
2023-02-19 17:00:00+05:30,18.7,230.0,34.4,983.4,99.60784789558609,100
2023-02-19 18:00:00+05:30,13.3,218.0,31.5,983.3,100.0,100
2023-02-19 19:00:00+05:30,13.0,204.0,29.0,983.4,99.65023167014125,100
2023-02-19 20:00:00+05:30,13.9,197.0,27.5,983.8,98.53382705214837,100
2023-02-19 21:00:00+05:30,15.5,192.0,26.3,984.0,95.61816475801722,100
2023-02-19 22:00:00+05:30,18.8,192.0,25.9,983.7,100.0,100
2023-02-19 23:00:00+05:30,22.3,198.0,25.5,983.4,98.69312747102302,100
2023-02-20 00:00:00+05:30,24.1,207.0,24.9,983.1,99.9793275297402,100
2023-02-20 01:00:00+05:30,25.2,211.0,24.2,982.6,0.0,100
2023-02-20 02:00:00+05:30,25.5,211.0,23.4,982.2,1.032383932208332,100
2023-02-20 03:00:00+05:30,26.0,211.0,22.5,981.6,0.0,100
2023-02-20 04:00:00+05:30,26.3,210.0,21.6,981.4,0.1724694823327971,100
2023-02-20 05:00:00+05:30,26.8,211.0,20.7,981.7,1.0466873147104827,100
2023-02-20 06:00:00+05:30,27.1,210.0,19.6,981.8,0.0,100
2023-02-20 07:00:00+05:30,26.2,212.0,19.0,982.5,1.1538687076135385,100
2023-02-20 08:00:00+05:30,24.4,214.0,20.1,983.2,100.0,100
2023-02-20 09:00:00+05:30,21.2,212.0,22.6,983.8,100.0,100
2023-02-20 10:00:00+05:30,23.0,215.0,26.0,984.4,100.0,100
2023-02-20 11:00:00+05:30,24.9,225.0,29.0,984.5,96.8557346001084,100
2023-02-20 12:00:00+05:30,25.1,235.0,30.9,984.0,0.4209442476301267,100
2023-02-20 13:00:00+05:30,23.8,243.0,32.2,983.0,99.43315169261864,100
2023-02-20 14:00:00+05:30,22.2,257.0,32.9,982.5,98.73735753350562,100
2023-02-20 15:00:00+05:30,20.3,264.0,33.1,981.9,100.0,100
2023-02-20 16:00:00+05:30,17.6,269.0,33.0,981.7,99.2828110952594,100
2023-02-20 17:00:00+05:30,17.0,274.0,32.8,981.7,100.0,100
2023-02-20 18:00:00+05:30,11.9,273.0,30.6,981.9,94.72807061741288,100
2023-02-20 19:00:00+05:30,11.2,268.0,28.2,982.1,73.41525374829375,100
2023-02-20 20:00:00+05:30,11.2,270.0,26.8,982.6,76.14308491472967,100
2023-02-20 21:00:00+05:30,10.2,280.0,25.8,983.0,53.34588588825714,100
2023-02-20 22:00:00+05:30,9.8,287.0,24.4,983.1,42.78405129409875,100
2023-02-20 23:00:00+05:30,8.7,287.0,23.2,982.8,24.265422252452364,100
2023-02-21 00:00:00+05:30,7.9,300.0,22.9,982.4,15.212518476428793,100
2023-02-21 01:00:00+05:30,10.3,331.0,22.3,981.8,53.62765979399346,100
2023-02-21 02:00:00+05:30,12.1,348.0,21.8,981.5,97.99434090564247,100
2023-02-21 03:00:00+05:30,16.8,203.0,21.1,982.1,99.30901737527925,100
2023-02-21 04:00:00+05:30,9.8,242.0,19.6,981.9,42.84653774809046,100
2023-02-21 05:00:00+05:30,12.4,216.0,18.8,982.5,100.0,100
2023-02-21 06:00:00+05:30,10.9,214.0,17.9,982.9,66.67578374003087,100
2023-02-21 07:00:00+05:30,10.5,211.0,17.3,983.5,56.79762317785319,100
2023-02-21 08:00:00+05:30,7.7,217.0,19.1,984.6,13.862780497345597,100
2023-02-21 09:00:00+05:30,6.9,219.0,23.2,985.5,8.965473991797541,100
2023-02-21 10:00:00+05:30,6.4,227.0,26.4,986.0,4.770076505694472,100
2023-02-21 11:00:00+05:30,5.4,250.0,28.6,986.1,3.3850540186575726,100
2023-02-21 12:00:00+05:30,5.8,277.0,30.3,985.8,2.5513488367166843,100
2023-02-21 13:00:00+05:30,7.3,290.0,31.4,984.9,10.681983043312552,100
2023-02-21 14:00:00+05:30,10.7,290.0,32.1,984.3,63.2072373746812,100
2023-02-21 15:00:00+05:30,13.9,287.0,32.2,983.7,100.0,100
2023-02-21 16:00:00+05:30,13.6,282.0,32.0,983.5,100.0,100
2023-02-21 17:00:00+05:30,10.4,290.0,31.2,983.6,54.38719778559094,100
2023-02-21 18:00:00+05:30,9.2,291.0,29.8,984.0,33.46781541132326,100
2023-02-21 19:00:00+05:30,10.5,292.0,27.9,984.5,56.9728201215625,100
2023-02-21 20:00:00+05:30,10.6,298.0,26.2,984.8,59.339937390874226,100
2023-02-21 21:00:00+05:30,9.0,293.0,24.5,984.8,30.53587036525483,100
2023-02-21 22:00:00+05:30,8.7,294.0,23.2,985.0,24.226908088578096,100
2023-02-21 23:00:00+05:30,8.6,303.0,22.0,984.8,25.96944812828,100
2023-02-22 00:00:00+05:30,8.6,338.0,21.0,984.8,26.053451722560833,100
2023-02-22 01:00:00+05:30,8.1,13.0,19.8,984.5,15.446093130132768,100
2023-02-22 02:00:00+05:30,10.0,30.0,19.3,984.2,46.056377048204745,100
2023-02-22 03:00:00+05:30,10.9,34.0,18.7,983.8,69.83588586866695,100
2023-02-22 04:00:00+05:30,9.2,59.0,17.7,983.4,31.69583287157599,100
2023-02-22 05:00:00+05:30,6.9,96.0,17.5,983.2,5.986438110987313,100
2023-02-22 06:00:00+05:30,9.7,132.0,17.6,983.6,41.91797176792652,100
2023-02-22 07:00:00+05:30,12.0,141.0,17.4,984.2,100.0,100
2023-02-22 08:00:00+05:30,11.6,154.0,19.8,984.8,89.63905511735629,100
2023-02-22 09:00:00+05:30,12.0,159.0,24.3,985.7,100.0,100
2023-02-22 10:00:00+05:30,13.2,169.0,27.9,986.4,100.0,100
2023-02-22 11:00:00+05:30,14.3,190.0,29.6,986.2,100.0,100
2023-02-22 12:00:00+05:30,14.7,205.0,30.8,985.4,95.69766451236747,100
2023-02-22 13:00:00+05:30,15.1,208.0,31.6,984.5,97.02216781974327,100
2023-02-22 14:00:00+05:30,16.1,207.0,32.3,983.3,100.0,100
2023-02-22 15:00:00+05:30,18.8,209.0,32.5,982.6,99.19418629115026,100
2023-02-22 16:00:00+05:30,20.3,213.0,32.3,982.2,100.0,100
2023-02-22 17:00:00+05:30,19.9,215.0,31.9,982.6,100.0,100
2023-02-22 18:00:00+05:30,14.3,227.0,30.3,983.1,100.0,100
2023-02-22 19:00:00+05:30,11.0,229.0,28.1,983.5,68.69594781689119,100
2023-02-22 20:00:00+05:30,9.7,219.0,26.5,983.6,43.47657460461165,100
2023-02-22 21:00:00+05:30,11.3,197.0,25.5,983.9,80.59746751677206,100
2023-02-22 22:00:00+05:30,11.4,208.0,24.4,984.2,82.5199019556092,100
2023-02-22 23:00:00+05:30,12.2,208.0,23.5,984.2,98.85943783514028,100
2023-02-23 00:00:00+05:30,13.0,224.0,23.0,984.0,98.3198829345586,100
2023-02-23 01:00:00+05:30,13.1,233.0,22.3,983.7,98.15674126561882,100
2023-02-23 02:00:00+05:30,16.5,234.0,21.6,983.7,100.0,100
2023-02-23 03:00:00+05:30,16.8,225.0,20.8,983.5,99.41820469479305,100
2023-02-23 04:00:00+05:30,16.5,224.0,20.2,983.2,100.0,100
2023-02-23 05:00:00+05:30,13.5,214.0,18.7,983.5,100.0,100
2023-02-23 06:00:00+05:30,8.9,212.0,17.2,984.0,28.31214186908162,100
2023-02-23 07:00:00+05:30,6.3,193.0,16.2,984.6,5.347340250801248,100
2023-02-23 08:00:00+05:30,4.3,175.0,18.0,985.5,0.0,100
2023-02-23 09:00:00+05:30,1.5,225.0,20.7,986.5,0.0,100
2023-02-23 10:00:00+05:30,0.4,360.0,23.8,986.9,0.8199764867655284,100
2023-02-23 11:00:00+05:30,2.5,8.0,26.6,986.7,0.5531232165364427,100
2023-02-23 12:00:00+05:30,3.2,27.0,28.7,986.2,0.0,100
2023-02-23 13:00:00+05:30,4.0,63.0,30.3,985.4,0.0,100
2023-02-23 14:00:00+05:30,7.3,81.0,31.3,984.3,12.079523585820176,100
2023-02-23 15:00:00+05:30,8.3,88.0,31.8,983.9,21.402402807101733,100
2023-02-23 16:00:00+05:30,7.2,90.0,31.8,983.7,10.17954424562376,100
2023-02-23 17:00:00+05:30,6.1,87.0,31.0,984.0,3.9621865172031727,100
2023-02-23 18:00:00+05:30,5.5,58.0,30.0,984.2,1.074404626583673,100
2023-02-23 19:00:00+05:30,7.4,39.0,28.2,984.6,10.289490123783075,100
2023-02-23 20:00:00+05:30,5.1,129.0,27.1,985.0,2.1805251758987074,100
2023-02-23 21:00:00+05:30,13.8,186.0,26.1,985.6,100.0,100
2023-02-23 22:00:00+05:30,12.2,204.0,25.4,985.8,97.40097236463392,100
2023-02-23 23:00:00+05:30,13.8,213.0,24.3,985.8,98.11911649649423,100
2023-02-24 00:00:00+05:30,12.5,213.0,23.5,985.6,100.0,100
2023-02-24 01:00:00+05:30,12.0,221.0,23.0,985.1,97.79235934284,100
2023-02-24 02:00:00+05:30,12.2,223.0,22.5,984.7,96.18429745758658,100
2023-02-24 03:00:00+05:30,12.1,217.0,22.0,984.3,99.71180255341537,100
2023-02-24 04:00:00+05:30,11.0,221.0,21.3,984.3,69.6296751643209,100
2023-02-24 05:00:00+05:30,10.5,232.0,20.2,984.8,59.74013733145135,100
2023-02-24 06:00:00+05:30,9.4,238.0,19.5,985.1,36.131001494189164,100
2023-02-24 07:00:00+05:30,8.7,228.0,19.2,985.6,25.012650687583882,100
2023-02-24 08:00:00+05:30,8.8,199.0,21.5,986.6,26.85106555594052,100
2023-02-24 09:00:00+05:30,8.8,189.0,24.5,987.9,25.150210589860656,100
2023-02-24 10:00:00+05:30,12.6,178.0,26.4,988.5,99.63621592586783,100
2023-02-24 11:00:00+05:30,12.4,170.0,28.2,988.6,100.0,100
2023-02-24 12:00:00+05:30,9.8,156.0,29.4,987.9,42.56268033879727,100
2023-02-24 13:00:00+05:30,10.5,153.0,30.5,987.0,57.01758443980831,100
2023-02-24 14:00:00+05:30,12.8,158.0,31.3,986.1,98.98958993587877,100
2023-02-24 15:00:00+05:30,13.2,163.0,31.6,985.6,100.0,100
2023-02-24 16:00:00+05:30,12.7,165.0,31.5,985.3,100.0,100
2023-02-24 17:00:00+05:30,11.9,166.0,31.6,985.5,91.44385914596519,100
2023-02-24 18:00:00+05:30,9.0,175.0,30.2,985.7,29.002731810839094,100
2023-02-24 19:00:00+05:30,10.6,198.0,28.1,986.1,59.2992125662876,100
2023-02-24 20:00:00+05:30,13.5,224.0,27.2,986.5,100.0,100
2023-02-24 21:00:00+05:30,15.1,230.0,26.4,987.1,100.0,100
2023-02-24 22:00:00+05:30,15.2,234.0,25.6,987.5,98.52706765295085,100
2023-02-24 23:00:00+05:30,15.0,246.0,24.9,987.4,98.04373400074317,100
2023-02-25 00:00:00+05:30,14.7,248.0,24.1,987.3,97.59092898408349,100
2023-02-25 01:00:00+05:30,12.6,243.0,23.1,986.9,95.80777645985182,100
2023-02-25 02:00:00+05:30,13.5,226.0,22.5,986.6,97.25762438964087,100
2023-02-25 03:00:00+05:30,9.5,241.0,21.7,986.4,37.956068457126364,100
2023-02-25 04:00:00+05:30,12.2,214.0,21.8,986.5,100.0,100
2023-02-25 05:00:00+05:30,16.6,198.0,19.9,986.8,100.0,100
2023-02-25 06:00:00+05:30,16.4,206.0,19.1,987.3,98.09435616970586,100
2023-02-25 07:00:00+05:30,15.3,219.0,18.5,988.0,100.0,100
2023-02-25 08:00:00+05:30,14.0,226.0,20.1,988.9,100.0,100
2023-02-25 09:00:00+05:30,12.5,226.0,23.1,989.8,97.0743989649026,100
2023-02-25 10:00:00+05:30,14.1,232.0,26.1,990.3,100.0,100
2023-02-25 11:00:00+05:30,14.2,240.0,28.5,990.0,99.29481646993362,100
2023-02-25 12:00:00+05:30,12.6,243.0,29.8,989.5,97.93453311909568,100
2023-02-25 13:00:00+05:30,10.6,246.0,30.5,988.3,57.66875652764132,100
2023-02-25 14:00:00+05:30,8.7,253.0,30.9,987.3,24.779394353981154,100
2023-02-25 15:00:00+05:30,8.0,262.0,31.2,986.6,16.68073604571463,100
2023-02-25 16:00:00+05:30,8.6,270.0,31.1,986.3,23.542603072781393,100
2023-02-25 17:00:00+05:30,10.5,301.0,31.0,986.2,58.65825375336581,100
2023-02-25 18:00:00+05:30,8.9,313.0,29.9,986.7,27.018869360525997,100
2023-02-25 19:00:00+05:30,8.3,326.0,28.0,987.3,20.415862902310646,100
2023-02-25 20:00:00+05:30,6.9,313.0,26.6,988.0,8.708800530075608,100
2023-02-25 21:00:00+05:30,3.9,236.0,27.8,989.0,0.015186179242000164,100
2023-02-25 22:00:00+05:30,10.9,188.0,24.8,988.9,65.86008111357621,100
2023-02-25 23:00:00+05:30,10.8,180.0,23.7,988.8,65.06128638671304,100
2023-02-26 00:00:00+05:30,10.4,194.0,22.7,988.3,54.78009024982786,100
2023-02-26 01:00:00+05:30,8.6,195.0,21.5,987.9,25.44954629756744,100
2023-02-26 02:00:00+05:30,10.0,201.0,20.8,987.7,47.860350341510504,100
2023-02-26 03:00:00+05:30,9.9,224.0,20.3,987.8,46.438406868114704,100
2023-02-26 04:00:00+05:30,8.4,245.0,20.1,987.7,21.38284296720875,100
2023-02-26 05:00:00+05:30,11.4,215.0,19.7,988.1,76.50634008276153,100
2023-02-26 06:00:00+05:30,11.4,198.0,18.8,988.7,80.2247222271799,100
2023-02-26 07:00:00+05:30,12.1,192.0,18.8,989.3,99.17552719497685,100
2023-02-26 08:00:00+05:30,10.5,196.0,21.5,990.2,58.34173289488106,100
2023-02-26 09:00:00+05:30,7.6,205.0,25.2,991.3,13.81490942012243,100
2023-02-26 10:00:00+05:30,4.4,235.0,28.3,992.0,0.0,100
2023-02-26 11:00:00+05:30,4.4,279.0,29.8,991.8,1.5059488860904944,100
2023-02-26 12:00:00+05:30,4.5,331.0,30.9,991.3,0.0,100
2023-02-26 13:00:00+05:30,6.5,354.0,31.8,990.2,6.386165323559157,100
2023-02-26 14:00:00+05:30,8.3,2.0,32.3,989.4,20.93603020087651,100
2023-02-26 15:00:00+05:30,10.1,4.0,32.6,988.9,50.38350111115446,100
2023-02-26 16:00:00+05:30,13.3,2.0,32.4,988.7,96.83286670052063,100
2023-02-26 17:00:00+05:30,13.3,360.0,31.6,988.8,100.0,100
2023-02-26 18:00:00+05:30,10.5,16.0,30.4,989.1,57.37745740701251,100
2023-02-26 19:00:00+05:30,9.7,27.0,28.4,989.8,40.830277145015245,100
2023-02-26 20:00:00+05:30,7.1,15.0,27.0,990.0,10.390016400147758,100
2023-02-26 21:00:00+05:30,3.4,328.0,29.2,990.7,0.5397773658090507,100
2023-02-26 22:00:00+05:30,1.8,233.0,28.5,990.7,0.0,100
2023-02-26 23:00:00+05:30,6.2,173.0,25.7,990.1,3.3118446095849743,100
2023-02-27 00:00:00+05:30,9.0,164.0,23.4,989.5,28.938785794136038,100
2023-02-27 01:00:00+05:30,7.1,135.0,23.6,988.9,8.973920206632384,100
2023-02-27 02:00:00+05:30,4.6,135.0,25.5,988.7,0.0,100
2023-02-27 03:00:00+05:30,4.4,145.0,25.0,988.6,0.2946865033698561,100
2023-02-27 04:00:00+05:30,8.6,112.0,20.7,988.2,24.23610647132313,100
2023-02-27 05:00:00+05:30,9.8,144.0,19.2,988.4,41.782659079181855,100
2023-02-27 06:00:00+05:30,9.3,144.0,18.7,989.0,34.79962025981665,100
2023-02-27 07:00:00+05:30,8.9,111.0,19.4,989.5,26.91645649903617,100
2023-02-27 08:00:00+05:30,11.8,117.0,22.1,990.4,94.62111410575095,100
2023-02-27 09:00:00+05:30,12.7,115.0,25.1,991.3,97.84158713871628,100
2023-02-27 10:00:00+05:30,15.7,127.0,28.3,991.8,100.0,100
2023-02-27 11:00:00+05:30,18.4,132.0,30.9,991.9,100.0,100
2023-02-27 12:00:00+05:30,14.1,140.0,32.2,991.3,96.76283678192588,100
2023-02-27 13:00:00+05:30,9.2,149.0,32.7,990.0,34.97854685110368,100
2023-02-27 14:00:00+05:30,6.8,148.0,33.1,988.8,6.165632460957209,100
2023-02-27 15:00:00+05:30,6.0,147.0,33.3,988.1,5.018344179561742,100
2023-02-27 16:00:00+05:30,6.9,137.0,33.3,987.5,8.781503343335931,100
2023-02-27 17:00:00+05:30,5.2,106.0,33.1,987.4,0.975690732401181,100
2023-02-27 18:00:00+05:30,5.7,108.0,31.2,987.4,1.6873334467181011,100
2023-02-27 19:00:00+05:30,6.2,111.0,28.6,987.8,3.488999137304691,100
2023-02-27 20:00:00+05:30,6.4,133.0,27.4,988.0,5.951310267700084,100
2023-02-27 21:00:00+05:30,3.1,216.0,28.8,988.6,0.0,100
2023-02-27 22:00:00+05:30,3.9,236.0,28.5,988.7,0.28904510675226336,100
2023-02-27 23:00:00+05:30,5.1,176.0,26.5,988.4,1.224809585836189,100
2023-02-28 00:00:00+05:30,10.6,190.0,23.7,987.9,60.08204957874003,100
2023-02-28 01:00:00+05:30,8.5,168.0,23.0,987.3,23.81191538820259,100
2023-02-28 02:00:00+05:30,14.1,161.0,22.8,987.0,100.0,100
2023-02-28 03:00:00+05:30,14.1,176.0,22.0,986.6,99.74983207461078,100
2023-02-28 04:00:00+05:30,14.4,183.0,21.8,986.4,100.0,100
2023-02-28 05:00:00+05:30,13.2,223.0,20.9,986.9,100.0,100
2023-02-28 06:00:00+05:30,15.9,232.0,21.1,987.4,98.99224784322932,100
2023-02-28 07:00:00+05:30,15.0,240.0,21.0,988.2,100.0,100
2023-02-28 08:00:00+05:30,12.0,226.0,22.8,988.9,97.00650326637843,100
2023-02-28 09:00:00+05:30,9.7,178.0,25.9,989.9,40.484031664273424,100
2023-02-28 10:00:00+05:30,11.9,185.0,29.0,990.2,92.07433524371521,100
2023-02-28 11:00:00+05:30,11.8,211.0,31.3,990.2,94.89277891203409,100
2023-02-28 12:00:00+05:30,12.6,211.0,32.6,989.6,99.62011348664288,100
2023-02-28 13:00:00+05:30,12.8,218.0,33.3,988.5,98.28252472444458,100
2023-02-28 14:00:00+05:30,13.0,226.0,34.0,987.4,98.6866664782603,100
2023-02-28 15:00:00+05:30,13.3,229.0,34.0,986.4,100.0,100
2023-02-28 16:00:00+05:30,13.1,233.0,33.8,985.8,100.0,100
2023-02-28 17:00:00+05:30,14.3,245.0,33.2,986.0,98.13327056954206,100
2023-02-28 18:00:00+05:30,12.7,262.0,31.8,986.3,100.0,100
2023-02-28 19:00:00+05:30,14.1,283.0,29.9,986.7,99.5800733081785,100
2023-02-28 20:00:00+05:30,14.7,298.0,28.8,987.3,96.54758582321358,100
2023-02-28 21:00:00+05:30,8.9,339.0,26.4,988.0,28.07311193463299,100
2023-02-28 22:00:00+05:30,14.2,9.0,25.5,988.8,100.0,100
2023-02-28 23:00:00+05:30,18.7,19.0,24.1,988.6,98.62222522515367,100
2023-03-01 00:00:00+05:30,16.2,37.0,22.9,988.4,99.00656164168014,100
2023-03-01 01:00:00+05:30,14.0,44.0,22.1,987.9,99.2236916089047,100
2023-03-01 02:00:00+05:30,10.9,46.0,21.0,987.6,67.39088815019284,100
2023-03-01 03:00:00+05:30,12.0,7.0,20.2,987.2,99.84864942264232,100
2023-03-01 04:00:00+05:30,14.8,357.0,19.4,987.1,95.47074090465696,100
2023-03-01 05:00:00+05:30,13.9,31.0,18.4,988.1,96.4409661855853,100
2023-03-01 06:00:00+05:30,16.3,35.0,18.0,989.0,98.87675911941206,100
2023-03-01 07:00:00+05:30,18.8,47.0,17.7,989.9,100.0,100
2023-03-01 08:00:00+05:30,13.0,62.0,19.1,990.5,100.0,100
2023-03-01 09:00:00+05:30,15.0,63.0,21.4,991.5,100.0,100
2023-03-01 10:00:00+05:30,16.4,61.0,24.2,991.9,98.59096950010763,100
2023-03-01 11:00:00+05:30,17.2,64.0,27.0,991.7,98.06795535362811,100
2023-03-01 12:00:00+05:30,15.0,69.0,29.5,991.2,100.0,100
2023-03-01 13:00:00+05:30,10.9,81.0,31.2,990.0,68.26623249981937,100
2023-03-01 14:00:00+05:30,5.1,98.0,32.0,988.9,1.9211672133084317,100
2023-03-01 15:00:00+05:30,2.2,351.0,32.0,988.0,0.306299263152343,100
2023-03-01 16:00:00+05:30,2.6,34.0,32.7,987.2,1.1151814738131822,100
2023-03-01 17:00:00+05:30,7.5,35.0,30.9,988.1,11.50218452013336,100
2023-03-01 18:00:00+05:30,12.3,32.0,29.6,988.1,99.36834020801199,100
2023-03-01 19:00:00+05:30,15.2,14.0,28.0,988.5,100.0,100
2023-03-01 20:00:00+05:30,22.7,3.0,26.1,989.4,100.0,100
2023-03-01 21:00:00+05:30,20.2,5.0,25.2,990.5,100.0,100
2023-03-01 22:00:00+05:30,19.2,8.0,24.1,991.1,100.0,100
2023-03-01 23:00:00+05:30,20.0,7.0,23.2,991.1,95.66420817926728,100
2023-03-02 00:00:00+05:30,20.5,15.0,22.3,990.6,100.0,100
2023-03-02 01:00:00+05:30,20.5,22.0,21.4,990.2,100.0,100
2023-03-02 02:00:00+05:30,19.9,22.0,20.5,989.9,100.0,100
2023-03-02 03:00:00+05:30,20.2,19.0,19.6,989.7,97.95446938437327,100
2023-03-02 04:00:00+05:30,21.1,20.0,18.7,989.7,98.85959678751527,100
2023-03-02 05:00:00+05:30,20.6,16.0,18.2,990.9,100.0,100
2023-03-02 06:00:00+05:30,19.8,29.0,17.5,991.4,100.0,100
2023-03-02 07:00:00+05:30,17.4,40.0,17.1,992.0,98.45789790830479,100
2023-03-02 08:00:00+05:30,15.1,50.0,18.1,992.5,100.0,100
2023-03-02 09:00:00+05:30,16.3,49.0,20.1,993.3,100.0,100
2023-03-02 10:00:00+05:30,16.8,45.0,22.5,993.4,100.0,100
2023-03-02 11:00:00+05:30,15.8,45.0,25.1,993.2,100.0,100
2023-03-02 12:00:00+05:30,14.5,44.0,27.4,992.6,100.0,100
2023-03-02 13:00:00+05:30,13.2,43.0,29.2,991.5,100.0,100
2023-03-02 14:00:00+05:30,12.3,32.0,30.4,990.4,98.37596827308742,100
2023-03-02 15:00:00+05:30,12.5,18.0,30.9,989.4,96.03597618996416,100
2023-03-02 16:00:00+05:30,12.8,11.0,30.8,989.0,100.0,100
2023-03-02 17:00:00+05:30,10.1,17.0,30.3,989.3,49.51917297554757,100
2023-03-02 18:00:00+05:30,9.8,6.0,29.3,989.7,42.718560993615476,100
2023-03-02 19:00:00+05:30,11.9,3.0,27.7,990.1,94.05194439127091,100
2023-03-02 20:00:00+05:30,14.2,9.0,26.9,990.5,98.16510872211252,100
2023-03-02 21:00:00+05:30,14.2,9.0,26.1,991.2,94.32297088192547,100
2023-03-02 22:00:00+05:30,16.2,17.0,25.3,991.7,100.0,100
2023-03-02 23:00:00+05:30,19.9,20.0,23.9,991.7,97.9284201172229,100
2023-03-03 00:00:00+05:30,20.5,28.0,23.2,991.6,100.0,100
2023-03-03 01:00:00+05:30,20.0,26.0,22.5,991.4,100.0,100
2023-03-03 02:00:00+05:30,19.5,30.0,21.7,991.2,96.66698234562269,100
2023-03-03 03:00:00+05:30,18.8,32.0,21.2,991.1,96.4278535954328,100
2023-03-03 04:00:00+05:30,18.4,35.0,20.6,991.0,99.69697546259262,100
2023-03-03 05:00:00+05:30,16.5,44.0,19.5,991.5,95.38889264457302,100
2023-03-03 06:00:00+05:30,16.3,49.0,18.9,992.0,100.0,100
2023-03-03 07:00:00+05:30,16.2,53.0,18.7,992.7,99.09872479400994,100
2023-03-03 08:00:00+05:30,13.7,55.0,19.9,993.4,100.0,100
2023-03-03 09:00:00+05:30,17.7,52.0,21.9,994.1,96.00613102312418,100
2023-03-03 10:00:00+05:30,19.5,60.0,24.6,994.1,100.0,100
2023-03-03 11:00:00+05:30,19.8,63.0,27.3,993.8,99.7867874192239,100
2023-03-03 12:00:00+05:30,19.1,49.0,29.3,993.2,97.47534799067081,100
2023-03-03 13:00:00+05:30,17.6,43.0,30.5,992.0,100.0,100
2023-03-03 14:00:00+05:30,16.1,34.0,31.3,991.2,98.34030308810111,100
2023-03-03 15:00:00+05:30,14.8,26.0,31.5,990.2,100.0,100
2023-03-03 16:00:00+05:30,13.5,34.0,31.3,989.9,100.0,100
2023-03-03 17:00:00+05:30,11.1,54.0,30.4,990.4,73.5595315933372,100
2023-03-03 18:00:00+05:30,12.5,44.0,29.4,990.5,96.08178280818989,100
2023-03-03 19:00:00+05:30,12.3,21.0,27.8,990.9,96.14130689160716,100
2023-03-03 20:00:00+05:30,15.5,25.0,26.8,991.3,100.0,100
2023-03-03 21:00:00+05:30,17.9,15.0,25.8,992.4,98.0859860579644,100
2023-03-03 22:00:00+05:30,21.2,359.0,23.7,992.7,99.7922844962439,100
2023-03-03 23:00:00+05:30,15.3,34.0,23.1,991.8,100.0,100
2023-03-04 00:00:00+05:30,14.3,56.0,23.0,991.3,99.94336100022369,100
2023-03-04 01:00:00+05:30,14.7,68.0,22.7,990.8,100.0,100
2023-03-04 02:00:00+05:30,16.5,79.0,22.3,990.1,100.0,100
2023-03-04 03:00:00+05:30,14.8,67.0,21.4,990.2,99.44401786588267,100
2023-03-04 04:00:00+05:30,14.2,60.0,20.5,990.2,98.95884394443544,100
2023-03-04 05:00:00+05:30,16.8,35.0,20.6,990.9,97.01031149498407,100
2023-03-04 06:00:00+05:30,19.3,66.0,20.6,991.0,99.39420024875865,100
2023-03-04 07:00:00+05:30,15.1,57.0,19.7,991.9,100.0,100
2023-03-04 08:00:00+05:30,8.9,47.0,21.0,992.9,27.916136415354362,100
2023-03-04 09:00:00+05:30,12.7,65.0,23.1,993.9,99.87730369733033,100
2023-03-04 10:00:00+05:30,18.0,74.0,25.4,993.9,99.50474027174276,100
2023-03-04 11:00:00+05:30,15.1,87.0,29.5,993.5,99.20906884587379,100
2023-03-04 12:00:00+05:30,12.4,26.0,30.2,992.9,98.73190924081976,100
2023-03-04 13:00:00+05:30,9.5,351.0,30.6,991.3,37.70415987828668,100
2023-03-04 14:00:00+05:30,9.0,5.0,31.0,990.2,28.903544129768992,100
2023-03-04 15:00:00+05:30,9.4,7.0,31.6,989.1,35.698252733928676,100
2023-03-04 16:00:00+05:30,7.8,34.0,31.5,988.5,16.075210670421047,100
2023-03-04 17:00:00+05:30,17.4,18.0,29.9,988.9,100.0,100
2023-03-04 18:00:00+05:30,13.7,2.0,29.1,989.4,100.0,100
2023-03-04 19:00:00+05:30,16.6,4.0,27.2,989.9,98.61541689994569,100
2023-03-04 20:00:00+05:30,10.2,10.0,26.1,990.7,49.97720757454571,100
2023-03-04 21:00:00+05:30,10.5,22.0,25.1,991.3,57.126902336088754,100
2023-03-04 22:00:00+05:30,12.7,45.0,24.4,991.7,100.0,100
2023-03-04 23:00:00+05:30,12.0,46.0,23.8,991.2,100.0,100
2023-03-05 00:00:00+05:30,13.0,48.0,23.0,991.1,100.0,100
2023-03-05 01:00:00+05:30,12.4,54.0,22.2,990.5,100.0,100
2023-03-05 02:00:00+05:30,12.0,44.0,21.2,990.0,100.0,100
2023-03-05 03:00:00+05:30,10.0,64.0,20.1,989.7,47.67330099423888,100
2023-03-05 04:00:00+05:30,9.7,86.0,19.4,989.6,44.961422959025725,100
2023-03-05 05:00:00+05:30,13.1,111.0,19.3,990.2,97.30691606378765,100
2023-03-05 06:00:00+05:30,14.2,126.0,18.9,990.8,100.0,100
2023-03-05 07:00:00+05:30,14.0,132.0,18.8,991.2,98.82580724282242,100
2023-03-05 08:00:00+05:30,10.6,125.0,20.7,992.2,60.09851511610236,100
2023-03-05 09:00:00+05:30,9.0,90.0,23.2,993.2,30.18772852261496,100
2023-03-05 10:00:00+05:30,9.7,92.0,25.9,993.5,43.644380333998086,100
2023-03-05 11:00:00+05:30,8.2,105.0,28.7,993.3,17.818296532300955,100
2023-03-05 12:00:00+05:30,5.2,78.0,30.5,992.4,1.383678389471372,100
2023-03-05 13:00:00+05:30,4.8,13.0,31.2,991.1,1.0095015797942788,100
2023-03-05 14:00:00+05:30,8.3,355.0,31.7,990.0,19.729538835543487,100
2023-03-05 15:00:00+05:30,12.4,350.0,31.9,989.2,99.74434311899533,100
2023-03-05 16:00:00+05:30,15.0,349.0,31.7,988.7,95.71823100582864,100
2023-03-05 17:00:00+05:30,13.8,7.0,30.9,988.7,100.0,100
2023-03-05 18:00:00+05:30,14.8,6.0,29.7,989.1,100.0,100
2023-03-05 19:00:00+05:30,17.4,22.0,28.2,989.3,96.37134179468872,100
2023-03-05 20:00:00+05:30,15.1,40.0,27.7,989.6,100.0,100
2023-03-05 21:00:00+05:30,12.1,53.0,26.5,990.0,100.0,100
2023-03-05 22:00:00+05:30,10.8,64.0,25.2,990.2,65.8016495498464,100
2023-03-05 23:00:00+05:30,11.6,22.0,24.2,990.1,85.90272931156416,100
2023-03-06 00:00:00+05:30,13.0,3.0,22.9,989.9,100.0,100
2023-03-06 01:00:00+05:30,12.0,33.0,22.1,989.3,97.60509440121498,100
2023-03-06 02:00:00+05:30,11.3,63.0,21.2,988.9,81.8166656172107,100
2023-03-06 03:00:00+05:30,10.8,64.0,20.5,988.4,65.34296394421459,100
2023-03-06 04:00:00+05:30,10.4,70.0,19.8,988.2,55.181535750034705,100
2023-03-06 05:00:00+05:30,9.9,109.0,19.0,988.1,47.08490828427321,100
2023-03-06 06:00:00+05:30,13.0,129.0,19.3,988.9,99.91076388797254,100
2023-03-06 07:00:00+05:30,14.5,136.0,19.2,989.3,100.0,100
2023-03-06 08:00:00+05:30,16.0,144.0,21.5,990.0,100.0,100
2023-03-06 09:00:00+05:30,16.2,148.0,24.7,990.9,98.73353403152322,100
2023-03-06 10:00:00+05:30,18.8,148.0,27.9,991.4,97.0170385017721,100
2023-03-06 11:00:00+05:30,19.2,152.0,30.2,990.9,100.0,100
2023-03-06 12:00:00+05:30,7.9,177.0,31.2,989.9,15.675275657897924,100
2023-03-06 13:00:00+05:30,4.3,228.0,31.5,988.5,0.0,100
2023-03-06 14:00:00+05:30,6.6,299.0,32.1,987.2,7.203024146637284,100
2023-03-06 15:00:00+05:30,11.0,311.0,32.4,986.1,70.66787919394605,100
2023-03-06 16:00:00+05:30,15.1,310.0,32.2,985.4,100.0,100
2023-03-06 17:00:00+05:30,15.1,298.0,31.8,985.1,100.0,100
2023-03-06 18:00:00+05:30,15.3,304.0,30.8,985.4,100.0,100
2023-03-06 19:00:00+05:30,9.8,332.0,29.2,985.9,43.83780245080656,100
2023-03-06 20:00:00+05:30,8.0,72.0,27.7,986.2,18.387362304256115,100
2023-03-06 21:00:00+05:30,13.2,107.0,27.6,986.9,96.10413554996892,100
2023-03-06 22:00:00+05:30,12.0,106.0,26.8,987.3,98.0290034729939,100
2023-03-06 23:00:00+05:30,15.5,342.0,25.4,987.5,100.0,100
2023-03-07 00:00:00+05:30,17.2,20.0,24.9,987.3,100.0,100
2023-03-07 01:00:00+05:30,13.3,33.0,23.4,987.0,100.0,100
2023-03-07 02:00:00+05:30,11.3,37.0,22.4,986.5,77.9750255543963,100
2023-03-07 03:00:00+05:30,12.2,14.0,21.7,986.2,96.69792524404167,100
2023-03-07 04:00:00+05:30,8.9,40.0,20.4,986.0,26.83334916984732,100
2023-03-07 05:00:00+05:30,18.7,218.0,21.1,986.4,95.69710291030329,100
2023-03-07 06:00:00+05:30,16.8,222.0,20.6,986.9,98.10911828632645,100
2023-03-07 07:00:00+05:30,16.3,221.0,20.5,987.3,100.0,100
2023-03-07 08:00:00+05:30,13.6,217.0,22.2,988.2,99.86540549635896,100
2023-03-07 09:00:00+05:30,16.8,222.0,24.8,989.2,100.0,100
2023-03-07 10:00:00+05:30,17.5,238.0,27.3,989.4,100.0,100
2023-03-07 11:00:00+05:30,17.9,248.0,29.5,989.4,99.11807376523946,100
2023-03-07 12:00:00+05:30,10.8,249.0,29.5,989.0,63.042786300509114,100
2023-03-07 13:00:00+05:30,4.3,265.0,31.5,987.6,0.7441752739848814,100
2023-03-07 14:00:00+05:30,15.5,158.0,30.3,987.3,99.6342663337708,100
2023-03-07 15:00:00+05:30,7.6,98.0,29.7,986.7,13.515764586097147,100
2023-03-07 16:00:00+05:30,14.2,201.0,29.0,986.4,97.05541695736596,100
2023-03-07 17:00:00+05:30,21.7,156.0,26.8,986.1,100.0,100
2023-03-07 18:00:00+05:30,2.9,7.0,27.2,986.6,0.38337896037506625,100
2023-03-07 19:00:00+05:30,10.4,88.0,26.2,987.3,54.97694468692847,100
2023-03-07 20:00:00+05:30,5.9,101.0,24.0,988.5,3.4717986116537025,100
2023-03-07 21:00:00+05:30,5.3,152.0,24.0,988.4,1.5234017957348824,100
2023-03-07 22:00:00+05:30,11.3,83.0,22.9,988.9,80.43716425084735,100
2023-03-07 23:00:00+05:30,11.6,85.0,22.4,988.9,86.10468967980476,100
2023-03-08 00:00:00+05:30,12.6,121.0,21.6,988.3,96.08506619129983,100
2023-03-08 01:00:00+05:30,12.1,143.0,20.9,987.6,99.41089197244902,100
2023-03-08 02:00:00+05:30,11.8,157.0,20.1,987.0,95.68934162397892,100
2023-03-08 03:00:00+05:30,12.8,169.0,19.5,986.5,98.13944559646608,100
2023-03-08 04:00:00+05:30,12.2,166.0,19.4,986.5,100.0,100
2023-03-08 05:00:00+05:30,14.0,154.0,18.8,986.9,98.04818507774905,100
2023-03-08 06:00:00+05:30,14.0,145.0,18.5,987.7,98.30015724444186,100
2023-03-08 07:00:00+05:30,12.3,140.0,18.2,988.6,99.38087338043337,100
2023-03-08 08:00:00+05:30,10.7,138.0,20.1,989.6,60.79136269311682,100
2023-03-08 09:00:00+05:30,10.5,142.0,23.1,990.9,57.84156781473737,100
2023-03-08 10:00:00+05:30,10.0,154.0,26.4,991.3,48.19933269911126,100
2023-03-08 11:00:00+05:30,3.8,163.0,28.5,991.0,0.22448553648816078,100
2023-03-08 12:00:00+05:30,4.8,42.0,29.8,990.2,1.7375346267320975,100
2023-03-08 13:00:00+05:30,8.5,36.0,30.7,989.3,22.912020528586872,100
2023-03-08 14:00:00+05:30,12.1,23.0,31.2,988.4,100.0,100
2023-03-08 15:00:00+05:30,13.5,16.0,31.2,987.7,99.87728409264449,100
2023-03-08 16:00:00+05:30,13.0,14.0,31.1,987.5,100.0,100
2023-03-08 17:00:00+05:30,10.1,17.0,30.0,987.7,50.3731485902033,100
2023-03-08 18:00:00+05:30,8.0,18.0,29.2,987.9,15.855970430227538,100
2023-03-08 19:00:00+05:30,3.1,21.0,27.7,988.1,0.0,100
2023-03-08 20:00:00+05:30,4.7,32.0,26.1,988.6,0.7964402630062141,100
2023-03-08 21:00:00+05:30,6.6,61.0,24.4,989.1,6.221488414645352,100
2023-03-08 22:00:00+05:30,5.6,75.0,24.1,989.3,2.364919118169639,100
2023-03-08 23:00:00+05:30,7.8,68.0,22.7,989.3,15.147794943184659,100
2023-03-09 00:00:00+05:30,8.3,88.0,21.9,988.9,20.534675963861833,100
2023-03-09 01:00:00+05:30,9.9,109.0,21.5,988.5,43.840865959571985,100
2023-03-09 02:00:00+05:30,9.9,123.0,20.5,987.8,43.82103957907973,100
2023-03-09 03:00:00+05:30,7.8,124.0,19.5,987.3,15.208399167107725,100
2023-03-09 04:00:00+05:30,6.4,106.0,19.8,987.3,5.769211141401082,100
2023-03-09 05:00:00+05:30,9.3,103.0,18.8,987.4,33.225697932197335,100
2023-03-09 06:00:00+05:30,10.7,130.0,18.6,988.1,65.73808663084829,100
2023-03-09 07:00:00+05:30,10.8,150.0,18.3,988.6,68.25785842415338,100
2023-03-09 08:00:00+05:30,9.8,152.0,20.7,989.6,43.79951287988096,100
2023-03-09 09:00:00+05:30,10.1,153.0,24.9,990.5,50.13466225440987,100
2023-03-09 10:00:00+05:30,9.8,152.0,28.5,991.1,42.80889723971995,100
2023-03-09 11:00:00+05:30,5.9,137.0,30.0,990.8,3.107101165103511,100
2023-03-09 12:00:00+05:30,3.0,76.0,30.8,990.3,0.0,100
2023-03-09 13:00:00+05:30,6.4,27.0,31.6,989.3,7.4243087113491555,100
2023-03-09 14:00:00+05:30,10.1,17.0,32.2,988.3,47.25346576743024,100
2023-03-09 15:00:00+05:30,12.8,11.0,32.4,987.5,99.48627873479901,100
2023-03-09 16:00:00+05:30,15.0,10.0,32.3,987.1,100.0,100
2023-03-09 17:00:00+05:30,14.4,3.0,31.5,987.6,100.0,100
2023-03-09 18:00:00+05:30,11.5,356.0,30.5,988.1,81.5589350357502,100
2023-03-09 19:00:00+05:30,11.2,345.0,29.1,988.2,74.79861133549866,100
2023-03-09 20:00:00+05:30,9.7,356.0,28.0,988.5,40.98267791107356,100
2023-03-09 21:00:00+05:30,7.7,79.0,26.5,989.0,15.64280899320112,100
2023-03-09 22:00:00+05:30,11.1,115.0,26.0,989.2,69.72659574755447,100
2023-03-09 23:00:00+05:30,12.0,111.0,24.8,989.1,100.0,100
2023-03-10 00:00:00+05:30,12.0,106.0,23.0,988.7,100.0,100
2023-03-10 01:00:00+05:30,13.8,123.0,22.5,988.3,100.0,100
2023-03-10 02:00:00+05:30,15.1,130.0,22.0,987.8,100.0,100
2023-03-10 03:00:00+05:30,14.1,130.0,21.2,987.4,100.0,100
2023-03-10 04:00:00+05:30,14.0,138.0,20.6,987.1,100.0,100
2023-03-10 05:00:00+05:30,15.0,138.0,20.1,987.1,100.0,100
2023-03-10 06:00:00+05:30,14.8,139.0,19.7,987.6,96.68760773746418,100
2023-03-10 07:00:00+05:30,14.3,141.0,19.8,988.3,99.19908228831518,100
2023-03-10 08:00:00+05:30,14.3,146.0,22.1,989.3,99.2088880382164,100
2023-03-10 09:00:00+05:30,13.4,149.0,25.4,990.4,96.59568838319497,100
2023-03-10 10:00:00+05:30,16.3,155.0,28.6,990.9,100.0,100
2023-03-10 11:00:00+05:30,13.9,170.0,30.8,990.6,100.0,100
2023-03-10 12:00:00+05:30,7.3,191.0,31.9,989.6,11.977710985460742,100
2023-03-10 13:00:00+05:30,2.1,239.0,32.5,988.4,0.0,100
2023-03-10 14:00:00+05:30,2.2,351.0,33.1,987.7,1.0692177598062866,100
2023-03-10 15:00:00+05:30,5.0,21.0,33.4,986.6,1.051861630853309,100
2023-03-10 16:00:00+05:30,9.5,25.0,33.5,986.1,37.019683407900374,100
2023-03-10 17:00:00+05:30,11.4,13.0,33.3,985.9,78.27405817814241,100
2023-03-10 18:00:00+05:30,11.7,18.0,32.0,986.4,92.76208971017866,100
2023-03-10 19:00:00+05:30,9.3,36.0,29.8,986.8,34.165978875569465,100
2023-03-10 20:00:00+05:30,7.1,114.0,27.9,987.3,11.262906930047823,100
2023-03-10 21:00:00+05:30,11.5,134.0,27.3,987.7,89.39440307025527,100
2023-03-10 22:00:00+05:30,12.2,133.0,27.1,987.7,96.86529515124111,100
2023-03-10 23:00:00+05:30,11.7,137.0,26.2,987.4,92.57110455244658,100
2023-03-11 00:00:00+05:30,11.6,144.0,24.2,987.1,89.16690821682596,100
2023-03-11 01:00:00+05:30,12.6,175.0,23.0,986.6,100.0,100
2023-03-11 02:00:00+05:30,14.0,180.0,22.7,986.0,95.66668084239085,100
2023-03-11 03:00:00+05:30,15.7,169.0,22.3,985.6,100.0,100
2023-03-11 04:00:00+05:30,16.8,165.0,22.1,985.5,97.93420057272874,100
2023-03-11 05:00:00+05:30,15.0,163.0,21.5,985.8,100.0,100
2023-03-11 06:00:00+05:30,15.8,180.0,20.2,986.3,98.26579073077156,100
2023-03-11 07:00:00+05:30,15.8,181.0,20.5,987.0,98.69381439914798,100
2023-03-11 08:00:00+05:30,13.8,171.0,23.3,987.9,97.63713344009757,100
2023-03-11 09:00:00+05:30,12.9,162.0,27.2,989.1,98.14101486707091,100
2023-03-11 10:00:00+05:30,17.2,169.0,30.4,989.5,100.0,100
2023-03-11 11:00:00+05:30,20.0,194.0,32.2,989.2,98.5195732143957,100
2023-03-11 12:00:00+05:30,17.0,197.0,33.2,988.7,100.0,100
2023-03-11 13:00:00+05:30,12.8,196.0,33.8,987.5,100.0,100
2023-03-11 14:00:00+05:30,10.9,188.0,34.0,986.4,67.39652644827815,100
2023-03-11 15:00:00+05:30,10.5,174.0,34.2,985.6,61.25937022622898,100
2023-03-11 16:00:00+05:30,11.0,157.0,34.1,985.2,70.35631252992535,100
2023-03-11 17:00:00+05:30,9.7,149.0,33.8,985.2,38.5015533687384,100
2023-03-11 18:00:00+05:30,10.5,112.0,32.8,985.2,55.789191011896186,100
2023-03-11 19:00:00+05:30,11.4,108.0,30.7,985.5,82.95786227043043,100
2023-03-11 20:00:00+05:30,10.7,160.0,28.9,986.1,65.13488082433072,100
2023-03-11 21:00:00+05:30,11.7,198.0,27.8,986.5,91.65362630050606,100
2023-03-11 22:00:00+05:30,10.7,194.0,27.1,986.7,59.74870163292565,100
2023-03-11 23:00:00+05:30,12.1,170.0,26.4,986.4,97.888565690451,100
2023-03-12 00:00:00+05:30,15.3,153.0,25.7,986.0,99.05452108892887,100
2023-03-12 01:00:00+05:30,18.5,167.0,25.6,985.6,100.0,100
2023-03-12 02:00:00+05:30,16.3,175.0,25.0,985.2,99.38589007147029,100
2023-03-12 03:00:00+05:30,16.2,167.0,24.0,984.8,100.0,100
2023-03-12 04:00:00+05:30,16.8,165.0,24.2,984.8,95.49439266530672,100
2023-03-12 05:00:00+05:30,16.1,204.0,23.3,985.7,95.06844114374107,100
2023-03-12 06:00:00+05:30,12.9,210.0,22.0,986.0,98.113083326393,100
2023-03-12 07:00:00+05:30,12.0,219.0,22.4,986.6,100.0,100
2023-03-12 08:00:00+05:30,8.7,225.0,25.1,987.5,25.26804131886883,100
2023-03-12 09:00:00+05:30,8.4,239.0,28.4,988.4,22.80710713068976,100
2023-03-12 10:00:00+05:30,6.7,254.0,30.3,988.8,6.798133922041228,100
2023-03-12 11:00:00+05:30,5.0,249.0,32.0,988.5,2.0437608453999943,100
2023-03-12 12:00:00+05:30,4.4,235.0,33.0,987.8,0.0,100
2023-03-12 13:00:00+05:30,5.4,217.0,33.5,986.8,1.6931319108918272,100
2023-03-12 14:00:00+05:30,3.7,191.0,33.9,986.0,0.3646940587495404,100
2023-03-12 15:00:00+05:30,3.6,174.0,34.0,985.1,0.0,100
2023-03-12 16:00:00+05:30,3.4,148.0,34.0,984.5,0.0,100
2023-03-12 17:00:00+05:30,6.6,229.0,33.6,985.0,7.992019845499996,100
2023-03-12 18:00:00+05:30,9.1,214.0,32.8,985.1,30.58634561161,100
2023-03-12 19:00:00+05:30,8.9,194.0,30.8,985.5,27.302708947362557,100
2023-03-12 20:00:00+05:30,9.9,170.0,29.5,986.0,45.577393757517235,100
2023-03-12 21:00:00+05:30,9.5,171.0,28.0,986.3,38.49965685572123,100
2023-03-12 22:00:00+05:30,9.2,201.0,26.9,986.5,32.26651292717247,100
2023-03-12 23:00:00+05:30,9.9,226.0,26.1,986.4,45.734891065618,100
2023-03-13 00:00:00+05:30,4.4,215.0,26.7,986.3,0.0,100
2023-03-13 01:00:00+05:30,8.8,125.0,24.9,985.7,25.70684976798107,100
2023-03-13 02:00:00+05:30,6.6,135.0,24.6,985.4,4.756222934590114,100
2023-03-13 03:00:00+05:30,4.0,190.0,26.5,984.9,1.2400000471057762,100
2023-03-13 04:00:00+05:30,5.7,198.0,24.3,984.7,3.271625893052606,100
2023-03-13 05:00:00+05:30,6.5,84.0,23.1,985.2,5.087734301816392,100
2023-03-13 06:00:00+05:30,7.5,125.0,22.0,985.6,12.156337602644863,100
2023-03-13 07:00:00+05:30,5.4,42.0,23.0,986.4,0.07357917490867982,100
2023-03-13 08:00:00+05:30,5.9,76.0,24.3,987.0,1.7251221802796544,100
2023-03-13 09:00:00+05:30,8.0,80.0,27.1,987.8,19.076714250695613,100
2023-03-13 10:00:00+05:30,13.8,97.0,29.7,988.1,99.18017171750618,100
2023-03-13 11:00:00+05:30,12.9,103.0,32.1,988.0,100.0,100
2023-03-13 12:00:00+05:30,8.2,105.0,33.2,987.3,19.643024677439666,100
2023-03-13 13:00:00+05:30,3.4,108.0,33.7,986.4,0.260184680640042,100
2023-03-13 14:00:00+05:30,1.8,360.0,34.1,985.3,1.7934279699141067,100
2023-03-13 15:00:00+05:30,4.7,351.0,34.4,984.4,0.521439736361667,100
2023-03-13 16:00:00+05:30,7.9,360.0,34.5,983.9,16.1505370207893,100
2023-03-13 17:00:00+05:30,7.1,345.0,33.9,983.6,9.383999007762826,100
2023-03-13 18:00:00+05:30,7.6,357.0,33.1,983.7,13.007605628180183,100
2023-03-13 19:00:00+05:30,11.9,5.0,31.0,983.8,100.0,100
2023-03-13 20:00:00+05:30,12.2,24.0,29.9,984.2,98.54559620735421,100
2023-03-13 21:00:00+05:30,11.2,57.0,28.8,984.3,73.83043798499509,100
2023-03-13 22:00:00+05:30,8.6,105.0,27.2,984.6,23.859025590618465,100
2023-03-13 23:00:00+05:30,13.0,314.0,26.7,985.0,100.0,100
2023-03-14 00:00:00+05:30,15.3,30.0,25.6,985.0,99.54093782609954,100
2023-03-14 01:00:00+05:30,13.0,28.0,24.6,984.8,96.74147711500996,100
2023-03-14 02:00:00+05:30,14.9,32.0,24.3,984.2,100.0,100
2023-03-14 03:00:00+05:30,13.5,46.0,23.5,983.8,100.0,100
2023-03-14 04:00:00+05:30,11.2,50.0,22.5,983.7,76.52109235397202,100
2023-03-14 05:00:00+05:30,9.7,92.0,21.2,983.2,41.776353692457675,100
2023-03-14 06:00:00+05:30,10.1,90.0,20.7,983.4,50.42167222787528,100
2023-03-14 07:00:00+05:30,11.8,121.0,21.3,984.1,90.45842124847167,100
2023-03-14 08:00:00+05:30,10.6,145.0,24.2,984.8,60.18494769745434,100
2023-03-14 09:00:00+05:30,8.5,152.0,28.6,985.4,21.914817553355228,100
2023-03-14 10:00:00+05:30,8.9,166.0,32.0,985.7,28.784661755007146,100
2023-03-14 11:00:00+05:30,6.9,208.0,33.7,985.5,7.804052574005594,100
2023-03-14 12:00:00+05:30,5.8,263.0,34.3,984.5,4.712099128518809,100
2023-03-14 13:00:00+05:30,8.2,299.0,34.9,983.2,20.5160315510537,100
2023-03-14 14:00:00+05:30,13.0,321.0,35.3,982.0,98.74366625046898,100
2023-03-14 15:00:00+05:30,20.8,326.0,35.4,981.2,100.0,100
2023-03-14 16:00:00+05:30,24.3,325.0,34.6,980.8,97.15953267125136,100
2023-03-14 17:00:00+05:30,6.7,324.0,34.5,980.9,6.7310868345434045,100
2023-03-14 18:00:00+05:30,8.1,339.0,33.4,980.9,17.614890216076088,100
2023-03-14 19:00:00+05:30,9.7,329.0,31.1,981.2,40.23008891276471,100
2023-03-14 20:00:00+05:30,10.9,316.0,29.8,981.3,67.22196637863738,100
2023-03-14 21:00:00+05:30,15.8,333.0,29.6,981.4,100.0,100
2023-03-14 22:00:00+05:30,14.0,342.0,29.2,981.6,100.0,100
2023-03-14 23:00:00+05:30,8.7,277.0,26.7,981.3,25.688196024573447,100
2023-03-15 00:00:00+05:30,13.2,253.0,26.2,981.0,93.7921132591598,100
2023-03-15 01:00:00+05:30,4.7,270.0,26.5,980.9,1.1691782765888339,100
2023-03-15 02:00:00+05:30,7.7,79.0,24.0,980.5,13.499752136226876,100
2023-03-15 03:00:00+05:30,6.2,97.0,24.4,980.5,3.212826723752544,100
2023-03-15 04:00:00+05:30,10.2,231.0,23.6,980.2,51.92540484923399,100
2023-03-15 05:00:00+05:30,10.5,221.0,22.4,980.4,58.197660520283435,100
2023-03-15 06:00:00+05:30,10.6,208.0,21.2,980.4,58.73431611644457,100
2023-03-15 07:00:00+05:30,10.0,206.0,22.0,981.1,46.43579132312592,100
2023-03-15 08:00:00+05:30,7.2,207.0,25.8,982.1,9.943149760081464,100
2023-03-15 09:00:00+05:30,2.6,214.0,28.3,982.7,1.8346202982384638,100
2023-03-15 10:00:00+05:30,4.9,216.0,30.5,983.0,2.369313425561926,100
2023-03-15 11:00:00+05:30,8.7,228.0,32.2,983.1,26.401781581869347,100
2023-03-15 12:00:00+05:30,11.0,232.0,32.9,982.8,67.45216981092504,100
2023-03-15 13:00:00+05:30,11.0,247.0,33.5,981.9,67.19654649045275,100
2023-03-15 14:00:00+05:30,15.8,249.0,33.9,981.0,100.0,100
2023-03-15 15:00:00+05:30,20.0,236.0,33.6,980.6,96.34167303246136,100
2023-03-15 16:00:00+05:30,21.1,237.0,32.9,980.3,100.0,100
2023-03-15 17:00:00+05:30,18.6,227.0,31.3,980.8,100.0,100
2023-03-15 18:00:00+05:30,16.5,216.0,30.7,981.1,98.83447172315987,100
2023-03-15 19:00:00+05:30,17.0,212.0,29.4,981.5,100.0,100
2023-03-15 20:00:00+05:30,19.5,219.0,28.7,982.1,100.0,100
2023-03-15 21:00:00+05:30,18.1,223.0,27.9,982.4,100.0,100
2023-03-15 22:00:00+05:30,19.8,217.0,27.1,982.6,100.0,100
2023-03-15 23:00:00+05:30,17.8,212.0,26.6,982.5,100.0,100
2023-03-16 00:00:00+05:30,15.5,208.0,25.9,982.1,96.96209176528122,100
2023-03-16 01:00:00+05:30,15.1,205.0,25.4,981.5,100.0,100
2023-03-16 02:00:00+05:30,16.6,202.0,24.8,981.0,97.20070005862573,100
2023-03-16 03:00:00+05:30,17.4,198.0,24.8,980.4,100.0,100
2023-03-16 04:00:00+05:30,17.9,199.0,25.4,980.3,100.0,100
2023-03-16 05:00:00+05:30,13.0,214.0,24.0,980.7,100.0,100
2023-03-16 06:00:00+05:30,11.9,205.0,22.3,981.3,98.0473491294421,100
2023-03-16 07:00:00+05:30,12.5,168.0,21.8,982.2,99.42844153612721,100
2023-03-16 08:00:00+05:30,13.5,124.0,23.6,983.3,100.0,100
2023-03-16 09:00:00+05:30,19.3,111.0,26.7,984.3,100.0,100
2023-03-16 10:00:00+05:30,22.2,133.0,29.1,984.4,100.0,100
2023-03-16 11:00:00+05:30,21.2,140.0,30.6,984.0,100.0,100
2023-03-16 12:00:00+05:30,20.0,141.0,31.6,983.3,99.30730122082899,100
2023-03-16 13:00:00+05:30,18.5,153.0,32.2,982.0,99.49517503999667,100
2023-03-16 14:00:00+05:30,15.0,170.0,32.3,981.0,100.0,100
2023-03-16 15:00:00+05:30,7.7,191.0,32.3,980.0,15.09214574445074,100
2023-03-16 16:00:00+05:30,9.1,189.0,32.1,979.5,31.686256610686453,100
2023-03-16 17:00:00+05:30,16.3,188.0,31.8,979.9,98.19734309064216,100
2023-03-16 18:00:00+05:30,14.1,186.0,31.0,980.2,98.84982144337202,100
2023-03-16 19:00:00+05:30,13.1,188.0,28.8,980.6,100.0,100
2023-03-16 20:00:00+05:30,14.0,181.0,27.9,980.9,100.0,100
2023-03-16 21:00:00+05:30,14.8,176.0,27.4,981.7,97.5232732523393,100
2023-03-16 22:00:00+05:30,17.9,189.0,27.0,982.1,99.68396753026633,100
2023-03-16 23:00:00+05:30,16.1,204.0,26.7,982.0,97.22411955941661,100
2023-03-17 00:00:00+05:30,12.1,170.0,25.1,981.8,100.0,100
2023-03-17 01:00:00+05:30,18.1,137.0,24.1,981.7,98.68013826579977,100
2023-03-17 02:00:00+05:30,23.2,136.0,24.0,981.2,100.0,100
2023-03-17 03:00:00+05:30,18.3,112.0,22.4,981.7,100.0,100
2023-03-17 04:00:00+05:30,11.5,39.0,19.7,983.3,83.02360703922095,100
2023-03-17 05:00:00+05:30,13.1,122.0,19.4,984.1,100.0,100
2023-03-17 06:00:00+05:30,16.2,77.0,19.3,983.6,100.0,100
2023-03-17 07:00:00+05:30,21.7,84.0,19.6,983.9,100.0,100
2023-03-17 08:00:00+05:30,19.5,85.0,20.0,984.8,96.94219296305076,100
2023-03-17 09:00:00+05:30,26.7,86.0,22.1,985.9,2.4257098148239575,100
2023-03-17 10:00:00+05:30,28.1,81.0,23.6,985.9,0.0,100
2023-03-17 11:00:00+05:30,29.6,94.0,25.8,985.4,0.23652473693619516,100
2023-03-17 12:00:00+05:30,27.4,100.0,27.3,984.5,0.33168869903096726,100
2023-03-17 13:00:00+05:30,21.3,96.0,28.6,983.5,97.53653646898931,100
2023-03-17 14:00:00+05:30,12.6,93.0,29.3,982.4,99.33441124919915,100
2023-03-17 15:00:00+05:30,6.4,52.0,29.4,981.5,5.579709696288144,100
2023-03-17 16:00:00+05:30,14.8,14.0,28.6,981.2,96.89762307303238,100
2023-03-17 17:00:00+05:30,7.7,37.0,26.7,982.2,13.779730884424183,100
2023-03-17 18:00:00+05:30,11.3,22.0,26.0,982.3,78.90500403529082,100
2023-03-17 19:00:00+05:30,11.4,11.0,24.3,982.8,77.72871336568426,100
2023-03-17 20:00:00+05:30,12.5,18.0,23.5,983.6,100.0,100
2023-03-17 21:00:00+05:30,14.0,35.0,22.7,984.1,100.0,100
2023-03-17 22:00:00+05:30,13.8,43.0,21.8,984.4,100.0,100
2023-03-17 23:00:00+05:30,18.1,47.0,21.3,984.5,100.0,100
2023-03-18 00:00:00+05:30,17.1,49.0,20.4,984.2,100.0,100
2023-03-18 01:00:00+05:30,15.8,47.0,19.7,983.8,98.11308010893411,100
2023-03-18 02:00:00+05:30,15.8,45.0,19.1,983.5,99.10884901875808,100
2023-03-18 03:00:00+05:30,14.8,45.0,18.4,983.1,100.0,100
2023-03-18 04:00:00+05:30,14.0,55.0,17.8,983.0,97.60018898439708,100
2023-03-18 05:00:00+05:30,12.9,72.0,17.6,983.2,100.0,100
2023-03-18 06:00:00+05:30,11.9,76.0,17.1,983.6,93.40999082264001,100
2023-03-18 07:00:00+05:30,12.6,77.0,17.3,984.3,100.0,100
2023-03-18 08:00:00+05:30,10.7,76.0,19.1,984.9,61.84412114110525,100
2023-03-18 09:00:00+05:30,14.0,64.0,21.5,985.7,97.15158523469347,100
2023-03-18 10:00:00+05:30,18.1,49.0,23.6,985.9,100.0,100
2023-03-18 11:00:00+05:30,19.1,43.0,24.9,985.6,98.08801291804072,100
2023-03-18 12:00:00+05:30,18.1,35.0,26.1,985.0,100.0,100
2023-03-18 13:00:00+05:30,17.4,27.0,26.9,983.9,100.0,100
2023-03-18 14:00:00+05:30,17.1,7.0,27.5,982.8,99.34870173115179,100
2023-03-18 15:00:00+05:30,16.3,5.0,26.9,981.9,100.0,100
2023-03-18 16:00:00+05:30,14.4,4.0,26.9,980.8,100.0,100
2023-03-18 17:00:00+05:30,12.6,360.0,26.8,980.8,100.0,100
2023-03-18 18:00:00+05:30,12.4,350.0,26.1,981.1,99.52133817862277,100
2023-03-18 19:00:00+05:30,7.6,355.0,24.6,981.1,13.453553816188618,100
2023-03-18 20:00:00+05:30,8.0,352.0,23.7,981.9,15.826611500828923,100
2023-03-18 21:00:00+05:30,11.5,4.0,23.1,983.0,83.99410680549867,100
2023-03-18 22:00:00+05:30,12.2,19.0,22.5,983.4,100.0,100
2023-03-18 23:00:00+05:30,10.9,6.0,21.6,983.5,65.84246966483964,100
2023-03-19 00:00:00+05:30,10.8,358.0,20.8,982.9,64.78130742449862,100
2023-03-19 01:00:00+05:30,11.5,14.0,20.3,982.1,82.10763822909759,100
2023-03-19 02:00:00+05:30,11.1,29.0,19.7,981.5,70.85661573963313,100
2023-03-19 03:00:00+05:30,12.2,43.0,19.3,981.2,99.61845348436097,100
2023-03-19 04:00:00+05:30,12.2,56.0,18.7,980.8,99.97766654943766,100
2023-03-19 05:00:00+05:30,10.7,70.0,18.6,981.1,62.262549183061466,100
2023-03-19 06:00:00+05:30,8.7,73.0,18.2,981.5,24.100915346355553,100
2023-03-19 07:00:00+05:30,7.2,72.0,18.5,982.2,9.39128465503148,100
2023-03-19 08:00:00+05:30,6.1,90.0,20.1,983.1,3.3172764177396257,100
2023-03-19 09:00:00+05:30,31.6,328.0,19.3,985.5,1.0343696889510146,100
2023-03-19 10:00:00+05:30,10.0,52.0,19.8,984.9,46.23545660700182,100
2023-03-19 11:00:00+05:30,5.6,333.0,20.0,985.2,1.2178399241165718,100
2023-03-19 12:00:00+05:30,3.7,299.0,20.0,984.5,0.5062959657953633,100
2023-03-19 13:00:00+05:30,3.2,243.0,21.4,983.4,0.39598156141337576,100
2023-03-19 14:00:00+05:30,1.8,217.0,22.0,982.0,0.0,100
2023-03-19 15:00:00+05:30,7.7,311.0,22.8,981.0,13.984074352661377,100
2023-03-19 16:00:00+05:30,10.8,339.0,23.2,980.4,64.70092468172435,100
2023-03-19 17:00:00+05:30,13.5,9.0,21.2,981.0,97.740933120035,100
2023-03-19 18:00:00+05:30,9.5,9.0,20.9,980.6,36.57788574261539,100
2023-03-19 19:00:00+05:30,8.0,355.0,20.2,981.2,16.67265782018194,100
2023-03-19 20:00:00+05:30,6.8,360.0,19.8,981.1,8.121878292301567,100
2023-03-19 21:00:00+05:30,3.6,360.0,19.1,981.5,1.0230120579534818,100
2023-03-19 22:00:00+05:30,2.9,360.0,19.0,981.8,1.5320866164457723,100
2023-03-19 23:00:00+05:30,5.1,39.0,18.0,981.7,1.2503536084556464,100
2023-03-20 00:00:00+05:30,5.0,60.0,17.4,981.6,1.0775204125726618,100
2023-03-20 01:00:00+05:30,3.4,58.0,17.3,981.1,0.0,100
2023-03-20 02:00:00+05:30,2.9,30.0,17.1,980.7,1.6972343440145357,100
2023-03-20 03:00:00+05:30,3.6,53.0,16.6,980.4,1.3079482296307645,100
2023-03-20 04:00:00+05:30,6.8,65.0,15.8,980.3,7.937897002457474,100
2023-03-20 05:00:00+05:30,5.3,28.0,16.0,980.1,2.605543971864729,100
2023-03-20 06:00:00+05:30,6.0,25.0,15.8,980.5,3.2929940035788814,100
2023-03-20 07:00:00+05:30,6.8,58.0,16.3,981.0,6.090675759164462,100
2023-03-20 08:00:00+05:30,6.2,69.0,18.4,981.6,4.002516041927947,100
2023-03-20 09:00:00+05:30,8.1,58.0,20.5,982.4,18.098719042697795,100
2023-03-20 10:00:00+05:30,9.1,56.0,22.2,982.6,30.514084732674185,100
2023-03-20 11:00:00+05:30,6.5,56.0,23.5,982.5,6.682171648623054,100
2023-03-20 12:00:00+05:30,4.6,39.0,24.6,981.9,1.5642522489815134,100
2023-03-20 13:00:00+05:30,5.4,8.0,25.5,981.1,2.044218252711255,100
2023-03-20 14:00:00+05:30,8.7,353.0,26.1,979.9,25.48298889849396,100
2023-03-20 15:00:00+05:30,10.9,354.0,26.3,979.1,70.69302716866329,100
2023-03-20 16:00:00+05:30,11.2,358.0,26.2,978.6,79.36705244970021,100
2023-03-20 17:00:00+05:30,5.2,344.0,26.2,978.3,1.8825314085165492,100
2023-03-20 18:00:00+05:30,4.6,342.0,25.6,978.4,2.2583624005481524,100
2023-03-20 19:00:00+05:30,2.3,252.0,23.7,978.6,0.0822658461397188,100
2023-03-20 20:00:00+05:30,5.1,219.0,22.6,979.0,1.9095747425042853,100
2023-03-20 21:00:00+05:30,4.3,228.0,22.5,980.0,0.046898855314182086,100
2023-03-20 22:00:00+05:30,7.1,204.0,21.2,980.4,10.460392063772142,100
2023-03-20 23:00:00+05:30,8.4,190.0,20.4,980.4,21.30634959181115,100
2023-03-21 00:00:00+05:30,7.6,183.0,19.7,980.4,12.472373685758125,100
2023-03-21 01:00:00+05:30,7.9,183.0,19.3,980.2,17.457540244584468,100
2023-03-21 02:00:00+05:30,10.1,176.0,19.0,979.6,48.320823885709714,100
2023-03-21 03:00:00+05:30,11.2,174.0,18.4,979.1,73.32109420686929,100
2023-03-21 04:00:00+05:30,11.2,176.0,17.9,978.9,73.26459929822131,100
2023-03-21 05:00:00+05:30,11.3,217.0,18.7,979.1,78.059847673764,100
2023-03-21 06:00:00+05:30,7.4,194.0,18.0,979.5,13.021960567950293,100
2023-03-21 07:00:00+05:30,8.3,182.0,19.0,980.3,21.13452856820023,100
2023-03-21 08:00:00+05:30,5.9,166.0,21.7,981.2,2.0856148013670253,100
2023-03-21 09:00:00+05:30,7.2,162.0,25.3,982.1,10.91718258577521,100
2023-03-21 10:00:00+05:30,9.1,171.0,27.3,982.4,30.988956572534878,100
2023-03-21 11:00:00+05:30,7.9,177.0,28.4,982.4,14.779606787641121,100
2023-03-21 12:00:00+05:30,8.5,192.0,29.4,982.0,22.275590001792896,100
2023-03-21 13:00:00+05:30,9.4,198.0,30.1,981.2,36.657614073830345,100
2023-03-21 14:00:00+05:30,9.7,202.0,30.4,980.3,38.358302762972684,100
2023-03-21 15:00:00+05:30,10.9,207.0,30.8,979.5,63.35468770488454,100
2023-03-21 16:00:00+05:30,14.2,216.0,30.8,978.8,100.0,100
2023-03-21 17:00:00+05:30,14.7,239.0,29.9,979.1,99.0709653250412,100
2023-03-21 18:00:00+05:30,10.0,232.0,28.9,978.9,46.521882031332396,100
2023-03-21 19:00:00+05:30,8.6,213.0,26.8,979.2,24.586495838759777,100
2023-03-21 20:00:00+05:30,9.7,165.0,25.6,980.0,41.78829484382564,100
2023-03-21 21:00:00+05:30,23.4,181.0,23.7,981.6,97.76984036150063,100
2023-03-21 22:00:00+05:30,20.5,208.0,23.4,982.0,100.0,100
2023-03-21 23:00:00+05:30,17.5,217.0,23.1,982.1,100.0,100
2023-03-22 00:00:00+05:30,15.3,225.0,22.6,981.8,100.0,100
2023-03-22 01:00:00+05:30,13.8,237.0,22.8,981.4,100.0,100
2023-03-22 02:00:00+05:30,12.3,218.0,21.5,980.8,98.69787578245965,100
2023-03-22 03:00:00+05:30,11.3,187.0,20.4,980.6,78.10448575517017,100
2023-03-22 04:00:00+05:30,12.6,177.0,19.6,980.6,99.3080183767916,100
2023-03-22 05:00:00+05:30,16.7,143.0,19.7,981.2,96.8218147277993,100
2023-03-22 06:00:00+05:30,13.2,151.0,20.1,981.4,99.25035578806369,100
2023-03-22 07:00:00+05:30,18.9,145.0,19.9,982.7,99.6467656143794,100
2023-03-22 08:00:00+05:30,18.5,172.0,20.5,983.6,97.74159391464931,100
2023-03-22 09:00:00+05:30,20.7,172.0,23.5,984.2,100.0,100
2023-03-22 10:00:00+05:30,27.1,169.0,25.0,984.3,0.0,100
2023-03-22 11:00:00+05:30,26.0,170.0,26.7,984.4,0.0,100
2023-03-22 12:00:00+05:30,23.8,177.0,28.0,983.8,100.0,100
2023-03-22 13:00:00+05:30,19.9,185.0,28.7,982.4,98.77054970841243,100
2023-03-22 14:00:00+05:30,15.6,187.0,29.1,981.2,100.0,100
2023-03-22 15:00:00+05:30,14.8,181.0,29.5,979.8,100.0,100
2023-03-22 16:00:00+05:30,15.2,187.0,29.5,979.1,100.0,100
2023-03-22 17:00:00+05:30,11.3,211.0,29.4,979.5,80.08184728396482,100
2023-03-22 18:00:00+05:30,10.7,228.0,28.6,979.7,61.819430653031965,100
2023-03-22 19:00:00+05:30,9.7,239.0,26.8,979.9,39.86600708362867,100
2023-03-22 20:00:00+05:30,11.3,253.0,25.6,980.4,78.34761653730715,100
2023-03-22 21:00:00+05:30,12.1,243.0,24.4,981.3,100.0,100
2023-03-22 22:00:00+05:30,11.5,231.0,23.6,981.6,86.39375223957657,100
2023-03-22 23:00:00+05:30,9.9,213.0,22.8,981.5,44.703971896091474,100
2023-03-23 00:00:00+05:30,10.6,208.0,22.6,981.4,59.62704465642706,100
2023-03-23 01:00:00+05:30,11.9,215.0,22.4,981.2,94.25148379377391,100
2023-03-23 02:00:00+05:30,14.0,226.0,22.3,980.8,100.0,100
2023-03-23 03:00:00+05:30,14.3,221.0,21.7,979.9,100.0,100
2023-03-23 04:00:00+05:30,16.1,222.0,21.1,979.8,100.0,100
2023-03-23 05:00:00+05:30,10.8,176.0,19.5,979.9,64.25333145097592,100
2023-03-23 06:00:00+05:30,10.5,158.0,19.1,980.3,57.78481011249557,100
2023-03-23 07:00:00+05:30,11.7,162.0,19.7,981.2,93.14849158021931,100
2023-03-23 08:00:00+05:30,12.0,171.0,22.6,982.1,100.0,100
2023-03-23 09:00:00+05:30,13.1,171.0,25.7,982.8,98.77775207934164,100
2023-03-23 10:00:00+05:30,16.0,172.0,27.9,983.2,96.7293393398403,100
2023-03-23 11:00:00+05:30,17.7,193.0,29.5,983.1,99.13913079554573,100
2023-03-23 12:00:00+05:30,19.2,206.0,30.7,982.3,100.0,100
2023-03-23 13:00:00+05:30,21.6,213.0,31.1,981.4,100.0,100
2023-03-23 14:00:00+05:30,21.9,216.0,31.1,980.3,98.88745417009842,100
2023-03-23 15:00:00+05:30,19.2,214.0,31.4,979.2,97.77573773791539,100
2023-03-23 16:00:00+05:30,17.6,208.0,31.4,978.5,100.0,100
2023-03-23 17:00:00+05:30,12.3,212.0,30.8,978.7,99.70380344186923,100
2023-03-23 18:00:00+05:30,10.8,210.0,29.9,978.9,63.02109091968897,100
2023-03-23 19:00:00+05:30,21.4,229.0,28.1,979.0,97.34683690825587,100
2023-03-23 20:00:00+05:30,20.1,226.0,25.9,979.7,100.0,100
2023-03-23 21:00:00+05:30,15.6,220.0,25.4,980.5,100.0,100
2023-03-23 22:00:00+05:30,12.4,216.0,24.7,980.5,97.10259474179031,100
2023-03-23 23:00:00+05:30,13.8,208.0,23.8,980.0,100.0,100
2023-03-24 00:00:00+05:30,14.7,197.0,23.2,979.5,96.98491653697472,100
2023-03-24 01:00:00+05:30,16.5,212.0,22.5,979.0,97.86934985032255,100
2023-03-24 02:00:00+05:30,16.6,228.0,21.8,978.9,100.0,100
2023-03-24 03:00:00+05:30,16.5,250.0,21.5,978.9,99.48324436059006,100
2023-03-24 04:00:00+05:30,17.1,35.0,17.3,979.7,99.56654282098889,100
2023-03-24 05:00:00+05:30,20.2,235.0,20.9,978.6,100.0,100
2023-03-24 06:00:00+05:30,20.1,237.0,20.2,979.3,100.0,100
2023-03-24 07:00:00+05:30,19.0,233.0,19.9,980.0,100.0,100
2023-03-24 08:00:00+05:30,21.4,228.0,20.8,980.6,96.20518889768617,100
2023-03-24 09:00:00+05:30,24.0,230.0,22.5,981.5,100.0,100
2023-03-24 10:00:00+05:30,24.8,230.0,24.4,981.5,99.70957303761062,100
2023-03-24 11:00:00+05:30,24.5,227.0,25.9,981.4,99.08919670364581,100
2023-03-24 12:00:00+05:30,24.5,229.0,27.1,981.0,96.64600116230218,100
2023-03-24 13:00:00+05:30,22.8,235.0,28.2,979.9,100.0,100
2023-03-24 14:00:00+05:30,24.0,244.0,28.7,979.0,97.70542919279012,100
2023-03-24 15:00:00+05:30,26.8,250.0,29.0,978.4,0.4897894780112719,100
2023-03-24 16:00:00+05:30,24.1,256.0,28.8,977.8,99.18747726943549,100
2023-03-24 17:00:00+05:30,23.5,249.0,27.7,978.5,97.27587507044501,100
2023-03-24 18:00:00+05:30,20.0,262.0,27.3,978.6,100.0,100
2023-03-24 19:00:00+05:30,14.8,304.0,25.8,979.4,98.87451497248156,100
2023-03-24 20:00:00+05:30,12.7,353.0,23.1,980.3,97.49396441912917,100
2023-03-24 21:00:00+05:30,8.6,360.0,22.1,981.0,23.584067264580092,100
2023-03-24 22:00:00+05:30,9.4,342.0,21.5,981.5,34.298832965605975,100
2023-03-24 23:00:00+05:30,6.6,9.0,20.5,981.4,5.520547844014532,100
2023-03-25 00:00:00+05:30,6.6,81.0,19.6,981.1,6.247872581446256,100
2023-03-25 01:00:00+05:30,8.8,109.0,19.1,980.7,26.73601262256736,100
2023-03-25 02:00:00+05:30,7.6,121.0,18.1,980.6,11.477671098628242,100
2023-03-25 03:00:00+05:30,5.2,65.0,18.0,980.6,0.7034121444396961,100
2023-03-25 04:00:00+05:30,7.8,124.0,17.3,980.6,14.034688394675639,100
2023-03-25 05:00:00+05:30,10.9,186.0,17.7,981.3,63.9675224749914,100
2023-03-25 06:00:00+05:30,7.0,168.0,17.8,982.1,9.85329674112207,100
2023-03-25 07:00:00+05:30,9.7,135.0,18.3,982.6,42.828380326211764,100
2023-03-25 08:00:00+05:30,12.2,156.0,20.7,983.6,99.57749458609298,100
2023-03-25 09:00:00+05:30,13.0,204.0,23.6,984.7,100.0,100
2023-03-25 10:00:00+05:30,10.0,221.0,24.9,985.1,46.13191993903466,100
2023-03-25 11:00:00+05:30,10.0,221.0,26.5,985.2,46.307488772570444,100
2023-03-25 12:00:00+05:30,14.3,229.0,28.2,984.7,98.64843212993306,100
2023-03-25 13:00:00+05:30,19.4,235.0,29.8,983.8,100.0,100
2023-03-25 14:00:00+05:30,20.1,243.0,30.5,982.8,100.0,100
2023-03-25 15:00:00+05:30,21.4,253.0,30.6,982.0,99.57547938691165,100
2023-03-25 16:00:00+05:30,20.3,264.0,30.2,981.7,100.0,100
2023-03-25 17:00:00+05:30,19.3,256.0,29.4,982.4,100.0,100
2023-03-25 18:00:00+05:30,19.9,266.0,28.1,982.9,100.0,100
2023-03-25 19:00:00+05:30,18.6,285.0,26.5,983.4,96.05553588229546,100
2023-03-25 20:00:00+05:30,13.3,327.0,23.9,984.0,100.0,100
2023-03-25 21:00:00+05:30,13.5,351.0,22.7,985.0,99.56982296118946,100
2023-03-25 22:00:00+05:30,18.3,20.0,21.8,985.7,100.0,100
2023-03-25 23:00:00+05:30,14.8,26.0,21.2,985.6,100.0,100
2023-03-26 00:00:00+05:30,15.2,14.0,20.5,985.7,97.73928385189522,100
2023-03-26 01:00:00+05:30,15.3,27.0,19.7,985.3,100.0,100
2023-03-26 02:00:00+05:30,13.9,31.0,18.9,984.8,97.00436889257097,100
2023-03-26 03:00:00+05:30,15.9,33.0,18.2,984.8,100.0,100
2023-03-26 04:00:00+05:30,19.6,32.0,17.5,984.8,100.0,100
2023-03-26 05:00:00+05:30,20.8,37.0,18.1,984.9,99.16229824280555,100
2023-03-26 06:00:00+05:30,20.6,44.0,17.7,985.6,100.0,100
2023-03-26 07:00:00+05:30,20.0,51.0,17.9,986.1,99.45943890042713,100
2023-03-26 08:00:00+05:30,18.2,56.0,19.4,986.8,100.0,100
2023-03-26 09:00:00+05:30,18.2,63.0,21.8,987.4,97.9815729290266,100
2023-03-26 10:00:00+05:30,19.0,65.0,24.3,987.7,100.0,100
2023-03-26 11:00:00+05:30,18.0,61.0,26.4,987.5,97.9722001985841,100
2023-03-26 12:00:00+05:30,14.8,47.0,27.8,986.9,99.52308600806154,100
2023-03-26 13:00:00+05:30,13.2,22.0,28.6,986.0,99.06139182568053,100
2023-03-26 14:00:00+05:30,14.8,4.0,29.0,985.0,99.53847855018392,100
2023-03-26 15:00:00+05:30,15.5,355.0,29.3,984.1,100.0,100
2023-03-26 16:00:00+05:30,18.8,343.0,29.2,983.7,99.84826200046314,100
2023-03-26 17:00:00+05:30,14.6,350.0,28.5,983.8,96.89542285663342,100
2023-03-26 18:00:00+05:30,19.6,354.0,27.2,983.9,100.0,100
2023-03-26 19:00:00+05:30,18.0,359.0,25.6,984.2,100.0,100
2023-03-26 20:00:00+05:30,13.8,353.0,24.4,984.7,99.88271425676723,100
2023-03-26 21:00:00+05:30,12.7,352.0,23.4,984.9,100.0,100
2023-03-26 22:00:00+05:30,11.2,360.0,22.5,985.0,73.63636330283545,100
2023-03-26 23:00:00+05:30,10.2,18.0,21.7,984.7,51.00739404886113,100
2023-03-27 00:00:00+05:30,9.9,44.0,20.8,984.2,46.59667577129912,100
2023-03-27 01:00:00+05:30,9.7,39.0,19.9,984.0,41.877923579428504,100
2023-03-27 02:00:00+05:30,8.1,32.0,18.9,983.6,18.98314523441887,100
2023-03-27 03:00:00+05:30,7.6,31.0,18.3,983.2,13.625099831774302,100
2023-03-27 04:00:00+05:30,8.4,20.0,17.9,983.3,20.465295882048814,100
2023-03-27 05:00:00+05:30,9.8,62.0,17.9,983.6,42.933493413410396,100
2023-03-27 06:00:00+05:30,10.8,90.0,17.8,983.9,62.66151795678366,100
2023-03-27 07:00:00+05:30,9.6,110.0,18.3,984.6,38.08738590992832,100
2023-03-27 08:00:00+05:30,9.7,117.0,21.0,985.3,42.44827010941654,100
2023-03-27 09:00:00+05:30,13.4,114.0,24.0,985.7,99.96558906292417,100
2023-03-27 10:00:00+05:30,10.2,129.0,26.4,986.4,50.27266128051284,100
2023-03-27 11:00:00+05:30,4.4,189.0,27.9,986.3,0.0,100
2023-03-27 12:00:00+05:30,6.9,279.0,29.2,985.6,9.44615668622715,100
2023-03-27 13:00:00+05:30,12.0,286.0,30.4,984.7,100.0,100
2023-03-27 14:00:00+05:30,12.8,292.0,31.0,983.6,100.0,100
2023-03-27 15:00:00+05:30,13.2,292.0,31.3,982.5,100.0,100
2023-03-27 16:00:00+05:30,13.5,286.0,31.3,982.2,100.0,100
2023-03-27 17:00:00+05:30,11.9,275.0,31.2,982.0,94.38375803562471,100
2023-03-27 18:00:00+05:30,13.6,282.0,30.9,982.1,99.99298441526868,100
2023-03-27 19:00:00+05:30,23.8,10.0,27.9,982.5,97.06588430727506,100
2023-03-27 20:00:00+05:30,10.5,31.0,26.9,982.4,57.322810221819815,100
2023-03-27 21:00:00+05:30,7.5,73.0,25.6,982.9,12.834366055147878,100
2023-03-27 22:00:00+05:30,11.0,79.0,25.6,983.4,69.43526520254504,100
2023-03-27 23:00:00+05:30,12.3,111.0,24.6,983.0,97.07464318488184,100
2023-03-28 00:00:00+05:30,12.3,130.0,24.1,982.6,96.96736645274221,100
2023-03-28 01:00:00+05:30,12.1,127.0,23.1,982.0,99.73836670637272,100
2023-03-28 02:00:00+05:30,11.5,131.0,22.0,981.4,82.68487976886239,100
2023-03-28 03:00:00+05:30,12.2,156.0,21.1,981.1,96.78201406330108,100
2023-03-28 04:00:00+05:30,12.0,159.0,20.8,980.8,100.0,100
2023-03-28 05:00:00+05:30,13.0,204.0,20.9,981.2,96.18136111317335,100
2023-03-28 06:00:00+05:30,13.8,219.0,20.6,981.8,100.0,100
2023-03-28 07:00:00+05:30,13.0,226.0,21.0,982.5,99.77731079939376,100
2023-03-28 08:00:00+05:30,10.7,225.0,23.9,983.5,62.14865192673111,100
2023-03-28 09:00:00+05:30,11.5,226.0,26.9,984.3,83.48692863568232,100
2023-03-28 10:00:00+05:30,12.4,234.0,29.2,984.5,98.22964605032821,100
2023-03-28 11:00:00+05:30,14.2,246.0,31.1,984.3,98.08281817950417,100
2023-03-28 12:00:00+05:30,16.4,237.0,32.1,983.6,99.34674025588608,100
2023-03-28 13:00:00+05:30,16.8,228.0,32.8,982.5,99.11712197863388,100
2023-03-28 14:00:00+05:30,17.1,224.0,33.1,981.5,96.74706218130082,100
2023-03-28 15:00:00+05:30,16.1,222.0,33.3,980.8,100.0,100
2023-03-28 16:00:00+05:30,15.4,217.0,33.2,980.2,100.0,100
2023-03-28 17:00:00+05:30,14.8,214.0,33.3,980.1,100.0,100
2023-03-28 18:00:00+05:30,14.7,202.0,32.4,980.3,99.21465348587456,100
2023-03-28 19:00:00+05:30,12.8,191.0,30.4,980.6,100.0,100
2023-03-28 20:00:00+05:30,13.0,194.0,29.0,980.9,100.0,100
2023-03-28 21:00:00+05:30,12.9,207.0,27.7,981.6,99.18455886164224,100
2023-03-28 22:00:00+05:30,12.6,200.0,26.7,982.0,98.58736531357667,100
2023-03-28 23:00:00+05:30,13.4,194.0,26.0,981.5,100.0,100
2023-03-29 00:00:00+05:30,16.1,204.0,25.8,981.5,100.0,100
2023-03-29 01:00:00+05:30,22.3,214.0,25.6,981.3,99.145570067685,100
2023-03-29 02:00:00+05:30,22.0,230.0,24.5,980.9,96.45469146082769,100
2023-03-29 03:00:00+05:30,21.8,231.0,23.3,980.7,99.83953223435637,100
2023-03-29 04:00:00+05:30,17.3,239.0,22.9,980.3,100.0,100
2023-03-29 05:00:00+05:30,20.4,234.0,22.5,980.9,98.89778672409975,100
2023-03-29 06:00:00+05:30,17.6,226.0,21.8,981.3,99.36229744056584,100
2023-03-29 07:00:00+05:30,15.3,221.0,22.4,982.0,100.0,100
2023-03-29 08:00:00+05:30,12.8,230.0,23.8,982.8,100.0,100
2023-03-29 09:00:00+05:30,8.0,216.0,25.5,983.2,15.91226839643943,100
2023-03-29 10:00:00+05:30,14.0,222.0,28.6,983.4,98.74039555160718,100
2023-03-29 11:00:00+05:30,18.9,230.0,30.2,983.1,100.0,100
2023-03-29 12:00:00+05:30,21.9,229.0,31.2,982.7,100.0,100
2023-03-29 13:00:00+05:30,22.2,230.0,31.9,981.7,99.30689292370565,100
2023-03-29 14:00:00+05:30,25.0,221.0,32.5,980.7,100.0,100
2023-03-29 15:00:00+05:30,25.1,215.0,33.1,979.7,0.0,100
2023-03-29 16:00:00+05:30,28.1,213.0,33.1,979.4,0.49802295359143534,100
2023-03-29 17:00:00+05:30,23.2,210.0,32.1,979.5,98.79374202417985,100
2023-03-29 18:00:00+05:30,26.6,216.0,31.1,979.7,0.0,100
2023-03-29 19:00:00+05:30,18.2,210.0,29.9,980.2,100.0,100
2023-03-29 20:00:00+05:30,15.2,216.0,28.6,980.7,97.58223608107738,100
2023-03-29 21:00:00+05:30,15.9,231.0,28.0,981.5,96.82826326585361,100
2023-03-29 22:00:00+05:30,14.4,233.0,27.1,981.8,100.0,100
2023-03-29 23:00:00+05:30,13.8,231.0,26.4,981.4,99.11418253390922,100
2023-03-30 00:00:00+05:30,21.3,236.0,26.0,981.3,96.43843677415113,100
2023-03-30 01:00:00+05:30,19.8,241.0,24.7,981.1,100.0,100
2023-03-30 02:00:00+05:30,17.9,242.0,23.7,980.7,97.45257917946576,100
2023-03-30 03:00:00+05:30,17.4,236.0,22.8,980.4,97.41638867118971,100
2023-03-30 04:00:00+05:30,17.9,230.0,22.2,980.2,100.0,100
2023-03-30 05:00:00+05:30,8.2,142.0,20.3,980.1,20.892628070634608,100
2023-03-30 06:00:00+05:30,8.3,175.0,20.0,981.0,21.648981227160128,100
2023-03-30 07:00:00+05:30,9.7,202.0,20.9,981.6,41.77622912460431,100
2023-03-30 08:00:00+05:30,16.8,215.0,22.3,982.7,100.0,100
2023-03-30 09:00:00+05:30,13.7,240.0,23.5,982.8,100.0,100
2023-03-30 10:00:00+05:30,13.3,229.0,26.0,982.8,96.50948948625208,100
2023-03-30 11:00:00+05:30,18.0,209.0,28.4,982.2,94.66579195278,100
2023-03-30 12:00:00+05:30,23.3,215.0,29.3,981.2,98.75509961140277,100
2023-03-30 13:00:00+05:30,21.6,224.0,29.6,980.5,100.0,100
2023-03-30 14:00:00+05:30,23.4,225.0,29.6,979.3,98.31037248543507,100
2023-03-30 15:00:00+05:30,22.3,219.0,29.8,978.2,100.0,100
2023-03-30 16:00:00+05:30,24.0,230.0,29.9,977.7,100.0,100
2023-03-30 17:00:00+05:30,21.3,236.0,29.5,978.2,100.0,100
2023-03-30 18:00:00+05:30,21.1,317.0,27.1,978.4,97.86253983449835,100
2023-03-30 19:00:00+05:30,17.7,5.0,25.1,979.2,99.4517901422145,100
2023-03-30 20:00:00+05:30,19.1,360.0,24.3,979.9,98.25711755121478,100
2023-03-30 21:00:00+05:30,13.6,11.0,23.4,980.6,100.0,100
2023-03-30 22:00:00+05:30,16.3,22.0,22.6,981.1,99.88528521230283,100
2023-03-30 23:00:00+05:30,12.2,24.0,21.7,981.0,100.0,100
2023-03-31 00:00:00+05:30,9.6,13.0,21.0,980.8,38.87775071194639,100
2023-03-31 01:00:00+05:30,9.7,360.0,20.5,980.5,41.56126147840659,100
2023-03-31 02:00:00+05:30,9.7,4.0,19.9,979.9,41.61380496069295,100
2023-03-31 03:00:00+05:30,9.0,2.0,19.4,979.3,30.216035571378246,100
2023-03-31 04:00:00+05:30,9.0,358.0,18.9,979.2,29.14832560423863,100
2023-03-31 05:00:00+05:30,5.1,8.0,19.0,979.4,1.620420801125928,100
2023-03-31 06:00:00+05:30,7.3,290.0,18.7,980.1,10.683406691393083,100
2023-03-31 07:00:00+05:30,5.9,259.0,19.2,980.9,1.7895072691880651,100
2023-03-31 08:00:00+05:30,6.1,273.0,20.6,981.6,3.4037127430719556,100
2023-03-31 09:00:00+05:30,9.1,288.0,22.1,982.1,29.995031907498884,100
2023-03-31 10:00:00+05:30,10.6,294.0,23.8,982.5,60.19788032818134,100
2023-03-31 11:00:00+05:30,13.8,303.0,25.4,982.3,100.0,100
2023-03-31 12:00:00+05:30,15.0,300.0,26.6,981.6,100.0,100
2023-03-31 13:00:00+05:30,16.3,295.0,27.7,980.6,98.3573414487116,100
2023-03-31 14:00:00+05:30,18.2,288.0,28.3,979.6,100.0,100
2023-03-31 15:00:00+05:30,19.4,281.0,28.4,978.9,100.0,100
2023-03-31 16:00:00+05:30,19.6,283.0,28.1,978.4,100.0,100
2023-03-31 17:00:00+05:30,18.8,299.0,28.3,978.5,99.73327922887148,100
2023-03-31 18:00:00+05:30,17.7,299.0,27.5,978.7,100.0,100
2023-03-31 19:00:00+05:30,13.7,305.0,26.7,979.3,100.0,100
2023-03-31 20:00:00+05:30,10.3,295.0,25.8,980.1,55.75044389829669,100
2023-03-31 21:00:00+05:30,6.1,310.0,24.5,980.7,4.512868915511703,100
2023-03-31 22:00:00+05:30,7.1,24.0,23.6,981.1,10.05344886183329,100
2023-03-31 23:00:00+05:30,7.4,39.0,22.7,981.3,11.898892386353106,100
2023-04-01 00:00:00+05:30,4.9,73.0,22.3,981.2,0.0,100
2023-04-01 01:00:00+05:30,9.7,59.0,21.7,980.8,39.37148092337361,100
2023-04-01 02:00:00+05:30,9.8,36.0,20.5,980.5,40.128012991390065,100
2023-04-01 03:00:00+05:30,11.0,52.0,19.9,980.5,68.09446375802435,100
2023-04-01 04:00:00+05:30,10.9,73.0,19.3,980.5,68.96078752901725,100
2023-04-01 05:00:00+05:30,11.6,150.0,19.7,980.1,85.40884237076791,100
2023-04-01 06:00:00+05:30,12.1,157.0,19.4,980.8,99.03234673300125,100
2023-04-01 07:00:00+05:30,12.6,156.0,20.1,981.4,100.0,100
2023-04-01 08:00:00+05:30,11.1,151.0,22.9,982.2,71.21657230992794,100
2023-04-01 09:00:00+05:30,13.9,159.0,26.3,982.9,100.0,100
2023-04-01 10:00:00+05:30,13.0,175.0,28.3,983.2,99.77807767461914,100
2023-04-01 11:00:00+05:30,11.6,185.0,29.8,982.9,86.341061693114,100
2023-04-01 12:00:00+05:30,10.6,204.0,31.1,982.3,59.167867769641944,100
2023-04-01 13:00:00+05:30,10.9,224.0,32.2,981.5,66.99668559632724,100
2023-04-01 14:00:00+05:30,13.2,235.0,32.9,980.5,99.61075567327183,100
2023-04-01 15:00:00+05:30,14.8,244.0,33.2,979.6,100.0,100
2023-04-01 16:00:00+05:30,15.4,249.0,33.3,978.8,100.0,100
2023-04-01 17:00:00+05:30,11.7,261.0,32.8,978.9,89.33021628124384,100
2023-04-01 18:00:00+05:30,12.4,278.0,32.1,979.2,100.0,100
2023-04-01 19:00:00+05:30,8.7,308.0,30.6,979.5,26.90796338425053,100
2023-04-01 20:00:00+05:30,6.6,338.0,29.1,979.7,7.5509723728426685,100
2023-04-01 21:00:00+05:30,4.9,253.0,27.8,980.5,1.8905333143497256,100
2023-04-01 22:00:00+05:30,8.2,232.0,27.3,981.0,18.428984920010016,100
2023-04-01 23:00:00+05:30,1.8,259.0,28.0,981.0,0.8991257821686104,100
2023-04-02 00:00:00+05:30,8.3,146.0,25.4,980.4,19.962083209642795,100
2023-04-02 01:00:00+05:30,22.6,245.0,25.2,980.7,99.73828575488032,100
2023-04-02 02:00:00+05:30,20.3,250.0,24.2,980.8,100.0,100
2023-04-02 03:00:00+05:30,17.7,250.0,23.2,980.4,100.0,100
2023-04-02 04:00:00+05:30,18.0,244.0,22.2,979.9,97.96905487041144,100
2023-04-02 05:00:00+05:30,20.9,225.0,22.1,979.6,95.05287222275695,100
2023-04-02 06:00:00+05:30,22.2,222.0,21.5,980.2,99.76992793434931,100
2023-04-02 07:00:00+05:30,20.9,224.0,21.5,980.8,100.0,100
2023-04-02 08:00:00+05:30,19.3,225.0,23.0,981.6,100.0,100
2023-04-02 09:00:00+05:30,21.7,227.0,25.3,982.3,96.51217554259416,100
2023-04-02 10:00:00+05:30,22.4,237.0,28.0,982.5,98.8835800704852,100
2023-04-02 11:00:00+05:30,20.9,246.0,29.9,982.2,100.0,100
2023-04-02 12:00:00+05:30,18.8,244.0,31.3,981.8,99.17080319279627,100
2023-04-02 13:00:00+05:30,18.1,239.0,32.6,980.8,100.0,100
2023-04-02 14:00:00+05:30,18.0,237.0,33.3,979.6,98.74480944812089,100
2023-04-02 15:00:00+05:30,18.3,238.0,33.7,978.6,100.0,100
2023-04-02 16:00:00+05:30,18.5,241.0,33.7,977.8,99.91234963738134,100
2023-04-02 17:00:00+05:30,13.7,240.0,33.0,978.1,96.37174528120991,100
2023-04-02 18:00:00+05:30,14.3,229.0,32.2,978.0,99.8798849429586,100
2023-04-02 19:00:00+05:30,14.6,218.0,30.4,978.4,98.6132838570558,100
2023-04-02 20:00:00+05:30,15.8,210.0,29.1,978.7,100.0,100
2023-04-02 21:00:00+05:30,16.8,211.0,28.3,979.4,100.0,100
2023-04-02 22:00:00+05:30,20.4,225.0,27.4,980.0,100.0,100
2023-04-02 23:00:00+05:30,18.8,223.0,26.5,979.5,100.0,100
2023-04-03 00:00:00+05:30,20.3,217.0,25.9,979.2,100.0,100
2023-04-03 01:00:00+05:30,20.1,227.0,25.0,978.7,100.0,100
2023-04-03 02:00:00+05:30,19.6,229.0,23.7,978.8,100.0,100
2023-04-03 03:00:00+05:30,19.4,222.0,22.8,977.9,97.71493467963202,100
2023-04-03 04:00:00+05:30,20.3,217.0,22.1,977.6,100.0,100
2023-04-03 05:00:00+05:30,18.0,217.0,21.6,977.6,98.99990532454098,100
2023-04-03 06:00:00+05:30,19.8,217.0,21.2,978.1,100.0,100
2023-04-03 07:00:00+05:30,21.3,214.0,21.6,978.8,100.0,100
2023-04-03 08:00:00+05:30,24.8,213.0,23.3,979.3,100.0,100
2023-04-03 09:00:00+05:30,27.1,221.0,25.6,979.7,0.0,100
2023-04-03 10:00:00+05:30,24.9,231.0,27.8,980.0,100.0,100
2023-04-03 11:00:00+05:30,24.8,237.0,29.7,979.9,95.41578948365455,100
2023-04-03 12:00:00+05:30,25.6,242.0,31.4,979.5,0.0,100
2023-04-03 13:00:00+05:30,26.8,248.0,33.1,978.5,0.0,100
2023-04-03 14:00:00+05:30,32.1,254.0,34.0,977.7,0.0,100
2023-04-03 15:00:00+05:30,32.8,258.0,34.4,976.9,0.0,100
2023-04-03 16:00:00+05:30,33.1,261.0,34.5,976.6,1.135355446227054,100
2023-04-03 17:00:00+05:30,20.9,291.0,33.8,976.9,100.0,100
2023-04-03 18:00:00+05:30,18.6,292.0,32.7,977.4,100.0,100
2023-04-03 19:00:00+05:30,9.8,294.0,30.0,977.9,42.805827306004176,100
2023-04-03 20:00:00+05:30,13.1,279.0,28.9,978.7,98.176514288984,100
2023-04-03 21:00:00+05:30,10.9,276.0,27.4,979.8,66.47755031162382,100
2023-04-03 22:00:00+05:30,7.2,288.0,26.1,979.8,10.735577560092937,100
2023-04-03 23:00:00+05:30,7.1,246.0,24.9,980.1,8.187728405813052,100
2023-04-04 00:00:00+05:30,20.4,221.0,25.0,980.0,100.0,100
2023-04-04 01:00:00+05:30,26.4,253.0,25.3,979.8,1.247489599912063,100
2023-04-04 02:00:00+05:30,23.5,255.0,24.3,979.6,99.66257809939736,100
2023-04-04 03:00:00+05:30,19.8,254.0,23.3,979.6,100.0,100
2023-04-04 04:00:00+05:30,17.8,252.0,22.5,980.0,100.0,100
2023-04-04 05:00:00+05:30,7.4,137.0,21.3,980.6,11.96014939481239,100
2023-04-04 06:00:00+05:30,6.6,119.0,20.9,981.2,5.470230375027539,100
2023-04-04 07:00:00+05:30,10.0,105.0,21.7,982.1,48.4622300089999,100
2023-04-04 08:00:00+05:30,12.6,88.0,23.5,983.1,100.0,100
2023-04-04 09:00:00+05:30,14.3,118.0,25.8,983.8,95.720727072817,100
2023-04-04 10:00:00+05:30,15.3,141.0,27.8,983.9,99.66549145701543,100
2023-04-04 11:00:00+05:30,16.4,154.0,29.5,983.8,95.7338233883202,100
2023-04-04 12:00:00+05:30,16.2,167.0,30.7,983.2,99.10361266023742,100
2023-04-04 13:00:00+05:30,13.7,175.0,31.8,982.5,97.16363321716983,100
2023-04-04 14:00:00+05:30,9.4,182.0,32.6,981.5,37.71048674276129,100
2023-04-04 15:00:00+05:30,5.2,192.0,32.9,980.8,1.468662251163171,100
2023-04-04 16:00:00+05:30,3.1,216.0,33.0,980.4,0.0,100
2023-04-04 17:00:00+05:30,2.2,9.0,33.0,981.0,1.342770052675506,100
2023-04-04 18:00:00+05:30,1.6,333.0,32.5,981.3,0.0,100
2023-04-04 19:00:00+05:30,1.9,292.0,31.2,981.7,0.0,100
2023-04-04 20:00:00+05:30,5.9,349.0,29.6,982.2,2.3323434486843793,100
2023-04-04 21:00:00+05:30,12.4,26.0,28.8,982.9,97.92615884959037,100
2023-04-04 22:00:00+05:30,11.9,61.0,27.6,983.0,95.59414843965756,100
2023-04-04 23:00:00+05:30,9.9,46.0,26.2,982.8,45.32472901987281,100
2023-04-05 00:00:00+05:30,8.2,52.0,24.9,982.6,19.036336037544896,100
2023-04-05 01:00:00+05:30,9.5,53.0,24.1,981.9,36.75566597657526,100
2023-04-05 02:00:00+05:30,11.6,68.0,23.8,981.3,86.11878116376799,100
2023-04-05 03:00:00+05:30,13.2,79.0,23.2,981.1,100.0,100
2023-04-05 04:00:00+05:30,14.8,77.0,22.6,981.1,100.0,100
2023-04-05 05:00:00+05:30,12.2,92.0,21.9,981.1,99.67480987884893,100
2023-04-05 06:00:00+05:30,11.7,99.0,21.6,981.8,92.231595048156,100
2023-04-05 07:00:00+05:30,10.0,105.0,22.2,982.3,47.22030767611646,100
2023-04-05 08:00:00+05:30,10.7,123.0,24.5,983.1,60.81383166809072,100
2023-04-05 09:00:00+05:30,11.8,128.0,27.2,983.5,94.6790556468623,100
2023-04-05 10:00:00+05:30,10.4,146.0,30.0,983.6,54.291937758575465,100
2023-04-05 11:00:00+05:30,9.3,167.0,31.8,983.5,35.69962256137104,100
2023-04-05 12:00:00+05:30,9.0,175.0,33.0,982.8,30.831962806391754,100
2023-04-05 13:00:00+05:30,8.6,178.0,33.8,981.8,23.64434553049235,100
2023-04-05 14:00:00+05:30,10.6,170.0,34.4,980.7,60.912140476954285,100
2023-04-05 15:00:00+05:30,13.4,160.0,34.4,979.8,100.0,100
2023-04-05 16:00:00+05:30,14.5,153.0,34.2,979.2,100.0,100
2023-04-05 17:00:00+05:30,4.5,256.0,34.2,979.3,1.6970434794470273,100
2023-04-05 18:00:00+05:30,15.9,242.0,33.2,979.7,97.74535805489181,100
2023-04-05 19:00:00+05:30,15.5,228.0,31.5,980.2,99.73145231156234,100
2023-04-05 20:00:00+05:30,17.6,221.0,30.4,980.9,100.0,100
2023-04-05 21:00:00+05:30,17.1,221.0,29.5,981.6,99.3021755686049,100
2023-04-05 22:00:00+05:30,26.1,20.0,26.1,982.8,0.0,100
2023-04-05 23:00:00+05:30,19.7,50.0,25.5,982.7,100.0,100
2023-04-06 00:00:00+05:30,15.3,49.0,24.6,982.5,100.0,100
2023-04-06 01:00:00+05:30,13.8,57.0,24.0,982.1,99.2620668674294,100
2023-04-06 02:00:00+05:30,15.2,86.0,23.4,981.5,98.94128310001543,100
2023-04-06 03:00:00+05:30,13.7,87.0,22.6,981.1,96.93853131799472,100
2023-04-06 04:00:00+05:30,11.3,81.0,21.7,981.1,76.53620285565424,100
2023-04-06 05:00:00+05:30,14.4,112.0,20.7,982.8,100.0,100
2023-04-06 06:00:00+05:30,15.3,129.0,20.7,983.5,100.0,100
2023-04-06 07:00:00+05:30,15.3,124.0,21.5,984.5,100.0,100
2023-04-06 08:00:00+05:30,16.4,119.0,23.4,985.4,97.13555459752848,100
2023-04-06 09:00:00+05:30,16.9,124.0,25.7,986.0,100.0,100
2023-04-06 10:00:00+05:30,17.1,125.0,28.5,986.2,100.0,100
2023-04-06 11:00:00+05:30,15.0,125.0,30.7,986.0,100.0,100
2023-04-06 12:00:00+05:30,11.4,108.0,32.1,985.5,80.7357813395255,100
2023-04-06 13:00:00+05:30,11.5,90.0,33.2,984.9,83.6864794540594,100
2023-04-06 14:00:00+05:30,12.2,76.0,33.8,983.9,99.73083391959229,100
2023-04-06 15:00:00+05:30,12.4,68.0,34.2,983.1,96.90982025154213,100
2023-04-06 16:00:00+05:30,13.4,54.0,34.3,982.5,99.56511291527869,100
2023-04-06 17:00:00+05:30,16.3,55.0,33.5,983.0,94.13028823348623,100
2023-04-06 18:00:00+05:30,16.7,53.0,32.8,983.5,95.94946767321991,100
2023-04-06 19:00:00+05:30,15.8,45.0,31.5,983.5,100.0,100
2023-04-06 20:00:00+05:30,16.9,40.0,30.4,983.8,97.1419950583244,100
2023-04-06 21:00:00+05:30,23.0,29.0,29.0,984.9,100.0,100
2023-04-06 22:00:00+05:30,22.7,41.0,28.0,985.6,98.9079974381528,100
2023-04-06 23:00:00+05:30,21.4,49.0,27.1,985.7,100.0,100
2023-04-07 00:00:00+05:30,20.2,51.0,26.2,985.7,99.21856984926859,100
2023-04-07 01:00:00+05:30,20.8,56.0,25.4,985.5,97.60372734026048,100
2023-04-07 02:00:00+05:30,20.9,63.0,24.8,985.3,98.6535481901881,100
2023-04-07 03:00:00+05:30,21.3,71.0,24.2,985.1,99.48915899413464,100
2023-04-07 04:00:00+05:30,21.3,78.0,23.5,985.0,99.37176054515128,100
2023-04-07 05:00:00+05:30,20.6,84.0,23.3,985.6,96.54302752993591,100
2023-04-07 06:00:00+05:30,20.5,79.0,23.0,986.1,98.927390076069,100
2023-04-07 07:00:00+05:30,19.8,78.0,23.4,986.8,98.9556195994081,100
2023-04-07 08:00:00+05:30,19.6,77.0,25.5,987.7,99.73086088975515,100
2023-04-07 09:00:00+05:30,22.8,78.0,28.0,988.5,98.8564652918207,100
2023-04-07 10:00:00+05:30,25.9,80.0,30.9,988.6,0.4803035163567889,100
2023-04-07 11:00:00+05:30,27.6,82.0,33.0,988.3,0.0,100
2023-04-07 12:00:00+05:30,23.6,82.0,34.3,987.6,100.0,100
2023-04-07 13:00:00+05:30,19.0,75.0,34.8,986.6,97.29400991648924,100
2023-04-07 14:00:00+05:30,19.2,67.0,35.2,985.7,100.0,100
2023-04-07 15:00:00+05:30,17.3,69.0,34.9,985.1,100.0,100
2023-04-07 16:00:00+05:30,16.6,60.0,34.7,984.6,100.0,100
2023-04-07 17:00:00+05:30,17.3,45.0,34.0,984.5,97.46489077716653,100
2023-04-07 18:00:00+05:30,18.4,40.0,33.3,984.7,96.78707375317306,100
2023-04-07 19:00:00+05:30,17.1,35.0,31.5,985.0,100.0,100
2023-04-07 20:00:00+05:30,20.9,21.0,30.4,985.4,99.48339293147708,100
2023-04-07 21:00:00+05:30,20.3,30.0,29.2,986.3,100.0,100
2023-04-07 22:00:00+05:30,20.0,39.0,28.4,986.9,100.0,100
2023-04-07 23:00:00+05:30,17.1,42.0,27.2,987.1,96.98593242691119,100
2023-04-08 00:00:00+05:30,15.3,56.0,26.1,987.1,99.5017674507329,100
2023-04-08 01:00:00+05:30,14.3,56.0,25.0,987.1,100.0,100
2023-04-08 02:00:00+05:30,16.3,62.0,24.3,986.6,100.0,100
2023-04-08 03:00:00+05:30,17.7,70.0,23.7,986.2,100.0,100
2023-04-08 04:00:00+05:30,18.8,78.0,23.3,985.8,100.0,100
2023-04-08 05:00:00+05:30,16.6,85.0,23.2,986.2,97.93171773295757,100
2023-04-08 06:00:00+05:30,16.4,99.0,23.0,986.8,98.66473514817041,100
2023-04-08 07:00:00+05:30,17.0,103.0,24.0,987.3,97.72593463892329,100
2023-04-08 08:00:00+05:30,13.8,99.0,26.5,988.4,100.0,100
2023-04-08 09:00:00+05:30,18.2,99.0,29.5,988.9,100.0,100
2023-04-08 10:00:00+05:30,23.0,99.0,31.9,989.2,98.67059927948449,100
2023-04-08 11:00:00+05:30,19.7,98.0,33.6,988.8,100.0,100
2023-04-08 12:00:00+05:30,13.7,87.0,34.4,988.2,100.0,100
2023-04-08 13:00:00+05:30,10.3,54.0,35.0,987.3,54.38678486670906,100
2023-04-08 14:00:00+05:30,10.0,30.0,35.4,986.5,45.22282999080598,100
2023-04-08 15:00:00+05:30,9.0,2.0,35.8,985.7,29.729373951120063,100
2023-04-08 16:00:00+05:30,15.5,342.0,35.9,984.8,100.0,100
2023-04-08 17:00:00+05:30,3.6,270.0,35.0,985.0,0.0,100
2023-04-08 18:00:00+05:30,11.5,321.0,34.0,985.3,81.69986170527282,100
2023-04-08 19:00:00+05:30,12.3,353.0,31.5,985.6,100.0,100
2023-04-08 20:00:00+05:30,9.3,62.0,30.1,985.9,33.25847610210147,100
2023-04-08 21:00:00+05:30,11.6,54.0,29.4,986.6,88.50291149509623,100
2023-04-08 22:00:00+05:30,14.4,37.0,28.7,987.2,96.79324812198607,100
2023-04-08 23:00:00+05:30,11.0,79.0,27.0,986.9,69.4128218951554,100
2023-04-09 00:00:00+05:30,13.2,116.0,26.1,986.7,99.57285330457447,100
2023-04-09 01:00:00+05:30,14.5,109.0,26.2,986.4,100.0,100
2023-04-09 02:00:00+05:30,8.9,69.0,23.8,986.2,28.381249904257857,100
2023-04-09 03:00:00+05:30,9.6,34.0,22.9,985.9,38.36101125465238,100
2023-04-09 04:00:00+05:30,11.2,75.0,22.8,985.8,73.24158811322197,100
2023-04-09 05:00:00+05:30,17.4,130.0,24.5,986.1,98.95664442027113,100
2023-04-09 06:00:00+05:30,17.8,137.0,24.1,986.7,95.5156878638111,100
2023-04-09 07:00:00+05:30,17.4,140.0,24.8,987.6,98.38599376602976,100
2023-04-09 08:00:00+05:30,14.5,145.0,27.4,988.5,96.7199374847017,100
2023-04-09 09:00:00+05:30,18.1,145.0,31.0,989.2,100.0,100
2023-04-09 10:00:00+05:30,23.7,144.0,34.1,989.4,98.3985423451609,100
2023-04-09 11:00:00+05:30,17.6,139.0,35.3,989.0,100.0,100
2023-04-09 12:00:00+05:30,11.1,126.0,36.0,988.3,74.10656234567641,100
2023-04-09 13:00:00+05:30,8.9,111.0,36.2,987.3,27.243829074806914,100
2023-04-09 14:00:00+05:30,7.5,107.0,36.2,986.3,11.801286216535953,100
2023-04-09 15:00:00+05:30,7.2,96.0,36.1,985.4,7.169472430333144,100
2023-04-09 16:00:00+05:30,9.4,83.0,36.2,984.5,36.45279626989028,100
2023-04-09 17:00:00+05:30,5.2,16.0,36.1,984.4,1.5483694851416663,100
2023-04-09 18:00:00+05:30,2.3,18.0,35.3,984.3,0.0,100
2023-04-09 19:00:00+05:30,3.9,292.0,32.7,984.6,1.1009665841525667,100
2023-04-09 20:00:00+05:30,7.4,317.0,31.0,985.1,10.089696514450555,100
2023-04-09 21:00:00+05:30,6.4,47.0,29.9,985.7,4.822060826921751,100
2023-04-09 22:00:00+05:30,12.0,99.0,29.0,985.7,100.0,100
2023-04-09 23:00:00+05:30,12.4,107.0,28.9,985.5,100.0,100
2023-04-10 00:00:00+05:30,13.0,118.0,28.8,985.1,95.31342813964304,100
2023-04-10 01:00:00+05:30,13.5,124.0,27.4,984.2,100.0,100
2023-04-10 02:00:00+05:30,7.0,145.0,25.3,983.9,8.819932361707076,100
2023-04-10 03:00:00+05:30,9.3,16.0,24.2,983.7,33.690541490280104,100
2023-04-10 04:00:00+05:30,10.2,67.0,24.3,983.6,52.8809562141727,100
2023-04-10 05:00:00+05:30,11.2,88.0,25.0,984.3,78.3063626050153,100
2023-04-10 06:00:00+05:30,11.4,108.0,24.4,984.7,83.4906434639983,100
2023-04-10 07:00:00+05:30,12.9,117.0,25.5,985.2,100.0,100
2023-04-10 08:00:00+05:30,9.9,123.0,27.9,986.0,45.263962781622816,100
2023-04-10 09:00:00+05:30,15.3,120.0,30.7,986.7,100.0,100
2023-04-10 10:00:00+05:30,18.2,124.0,33.6,986.6,97.49162903067966,100
2023-04-10 11:00:00+05:30,21.6,136.0,35.8,986.6,100.0,100
2023-04-10 12:00:00+05:30,18.7,146.0,36.5,986.0,99.7214512757352,100
2023-04-10 13:00:00+05:30,14.8,154.0,37.0,985.2,100.0,100
2023-04-10 14:00:00+05:30,13.6,169.0,37.1,984.3,99.03176292248546,100
2023-04-10 15:00:00+05:30,13.3,180.0,36.9,983.6,100.0,100
2023-04-10 16:00:00+05:30,14.1,183.0,36.6,983.6,100.0,100
2023-04-10 17:00:00+05:30,14.8,180.0,36.5,983.5,98.73130105143463,100
2023-04-10 18:00:00+05:30,30.0,219.0,33.6,984.2,0.0,100
2023-04-10 19:00:00+05:30,30.1,223.0,32.9,984.3,0.0,100
2023-04-10 20:00:00+05:30,39.8,215.0,31.1,985.0,0.1648305285830914,100
2023-04-10 21:00:00+05:30,31.4,214.0,30.6,985.6,0.0,100
2023-04-10 22:00:00+05:30,31.0,198.0,30.2,985.5,0.0,100
2023-04-10 23:00:00+05:30,37.2,185.0,30.8,985.6,0.2148921951583301,100
2023-04-11 00:00:00+05:30,13.5,171.0,31.2,985.8,100.0,100
2023-04-11 01:00:00+05:30,9.8,84.0,30.1,984.7,40.96656122808263,100
2023-04-11 02:00:00+05:30,9.4,137.0,28.8,984.1,34.16812280337121,100
2023-04-11 03:00:00+05:30,7.5,107.0,27.5,983.6,12.99474737204713,100
2023-04-11 04:00:00+05:30,8.9,104.0,27.6,983.3,28.073414045499078,100
2023-04-11 05:00:00+05:30,10.7,130.0,26.1,983.3,60.96515160634113,100
2023-04-11 06:00:00+05:30,11.8,203.0,25.3,983.8,93.46442910032854,100
2023-04-11 07:00:00+05:30,10.0,240.0,27.1,984.5,48.66017716077259,100
2023-04-11 08:00:00+05:30,11.0,229.0,30.1,985.8,69.25810834433784,100
2023-04-11 09:00:00+05:30,15.8,305.0,31.2,986.7,97.87238089322989,100
2023-04-11 10:00:00+05:30,15.1,335.0,32.0,987.1,99.49006050391726,100
2023-04-11 11:00:00+05:30,9.8,352.0,32.9,987.2,42.9937763102943,100
2023-04-11 12:00:00+05:30,17.4,6.0,33.7,986.8,100.0,100
2023-04-11 13:00:00+05:30,24.5,358.0,33.0,986.7,100.0,100
2023-04-11 14:00:00+05:30,24.5,356.0,31.2,985.7,100.0,100
2023-04-11 15:00:00+05:30,27.3,23.0,32.0,984.9,0.0,100
2023-04-11 16:00:00+05:30,26.8,15.0,31.7,984.5,0.18435808281400332,100
2023-04-11 17:00:00+05:30,23.7,26.0,31.2,984.2,100.0,100
2023-04-11 18:00:00+05:30,20.9,44.0,30.3,984.2,99.32571110804021,100
2023-04-11 19:00:00+05:30,12.8,52.0,29.2,984.3,100.0,100
2023-04-11 20:00:00+05:30,11.5,41.0,28.4,984.5,80.71823002892542,100
2023-04-11 21:00:00+05:30,8.0,72.0,27.3,985.2,16.623812479460696,100
2023-04-11 22:00:00+05:30,11.9,76.0,26.8,985.4,97.6919305096002,100
2023-04-11 23:00:00+05:30,15.8,60.0,26.4,984.9,98.70562094026364,100
2023-04-12 00:00:00+05:30,12.6,53.0,25.6,984.5,99.89504957203303,100
2023-04-12 01:00:00+05:30,8.1,21.0,24.2,984.2,16.37147517345137,100
2023-04-12 02:00:00+05:30,7.1,30.0,23.4,983.8,7.0000270972383545,100
2023-04-12 03:00:00+05:30,7.6,65.0,22.8,983.6,14.084261521960228,100
2023-04-12 04:00:00+05:30,3.6,37.0,23.5,983.4,0.0,100
2023-04-12 05:00:00+05:30,11.0,41.0,23.0,983.2,69.20987409773778,100
2023-04-12 06:00:00+05:30,9.7,48.0,22.3,983.8,42.1271101401146,100
2023-04-12 07:00:00+05:30,9.5,79.0,23.4,984.5,37.65103855518843,100
2023-04-12 08:00:00+05:30,10.7,104.0,26.7,985.5,62.57164016931201,100
2023-04-12 09:00:00+05:30,15.6,67.0,29.8,986.3,98.18604604308224,100
2023-04-12 10:00:00+05:30,22.8,78.0,31.7,986.3,98.37955479093993,100
2023-04-12 11:00:00+05:30,21.6,79.0,33.5,985.8,97.89427477487676,100
2023-04-12 12:00:00+05:30,18.9,66.0,34.8,985.2,98.63348895916609,100
2023-04-12 13:00:00+05:30,17.1,55.0,35.5,984.2,100.0,100
2023-04-12 14:00:00+05:30,15.0,48.0,36.1,983.1,99.6384014846027,100
2023-04-12 15:00:00+05:30,13.4,36.0,36.3,982.4,100.0,100
2023-04-12 16:00:00+05:30,12.9,23.0,36.3,981.9,98.07431353122197,100
2023-04-12 17:00:00+05:30,2.5,98.0,36.0,981.4,2.2498913468543855,100
2023-04-12 18:00:00+05:30,3.6,315.0,35.9,981.7,0.0,100
2023-04-12 19:00:00+05:30,20.6,331.0,33.6,982.3,96.0047044978289,100
2023-04-12 20:00:00+05:30,19.6,334.0,32.5,983.0,100.0,100
2023-04-12 21:00:00+05:30,14.1,322.0,31.6,983.4,98.46377741687155,100
2023-04-12 22:00:00+05:30,13.5,312.0,30.4,983.8,98.79719921007454,100
2023-04-12 23:00:00+05:30,12.5,321.0,29.3,983.8,98.2325612123067,100
2023-04-13 00:00:00+05:30,17.1,335.0,29.1,983.8,100.0,100
2023-04-13 01:00:00+05:30,16.7,341.0,27.9,983.5,98.06227558364239,100
2023-04-13 02:00:00+05:30,12.9,337.0,26.7,982.9,100.0,100
2023-04-13 03:00:00+05:30,11.7,342.0,25.8,982.6,90.3684952665051,100
2023-04-13 04:00:00+05:30,9.8,352.0,24.8,982.5,41.44972482726944,100
2023-04-13 05:00:00+05:30,10.2,337.0,24.6,982.2,50.931858898758705,100
2023-04-13 06:00:00+05:30,9.5,349.0,24.3,982.6,35.50113187948245,100
2023-04-13 07:00:00+05:30,5.9,349.0,25.6,983.3,4.366753747435471,100
2023-04-13 08:00:00+05:30,2.4,333.0,27.9,984.0,0.01661167159327614,100
2023-04-13 09:00:00+05:30,4.4,9.0,30.8,984.6,0.2869995156809932,100
2023-04-13 10:00:00+05:30,1.9,68.0,33.5,984.9,0.0,100
2023-04-13 11:00:00+05:30,0.8,153.0,35.6,984.9,0.0,100
2023-04-13 12:00:00+05:30,6.5,3.0,37.1,984.2,6.039592890639249,100
2023-04-13 13:00:00+05:30,9.0,360.0,37.9,983.3,28.864954284665547,100
2023-04-13 14:00:00+05:30,11.9,357.0,38.4,982.5,99.3998304674293,100
2023-04-13 15:00:00+05:30,16.6,356.0,38.5,981.6,100.0,100
2023-04-13 16:00:00+05:30,19.1,359.0,38.2,981.1,98.38726161759222,100
2023-04-13 17:00:00+05:30,13.5,344.0,37.3,981.3,100.0,100
2023-04-13 18:00:00+05:30,12.1,343.0,36.5,981.7,99.81373123071643,100
2023-04-13 19:00:00+05:30,5.4,307.0,34.4,982.0,1.5361271195411397,100
2023-04-13 20:00:00+05:30,3.7,259.0,35.5,982.5,0.0,100
2023-04-13 21:00:00+05:30,4.0,350.0,34.3,983.1,0.0,100
2023-04-13 22:00:00+05:30,1.1,342.0,33.2,983.2,0.0,100
2023-04-13 23:00:00+05:30,2.9,150.0,32.8,982.8,0.0,100
2023-04-14 00:00:00+05:30,6.2,159.0,30.9,982.0,4.494897702498377,100
2023-04-14 01:00:00+05:30,6.2,187.0,30.7,981.5,5.216584856886075,100
2023-04-14 02:00:00+05:30,8.4,290.0,27.4,981.0,19.780559306390252,100
2023-04-14 03:00:00+05:30,5.2,286.0,29.1,981.3,1.8894864915893157,100
2023-04-14 04:00:00+05:30,14.1,193.0,26.4,981.0,100.0,100
2023-04-14 05:00:00+05:30,16.5,224.0,26.0,981.4,100.0,100
2023-04-14 06:00:00+05:30,13.9,233.0,25.7,982.0,100.0,100
2023-04-14 07:00:00+05:30,14.0,247.0,27.0,982.8,96.28997719238131,100
2023-04-14 08:00:00+05:30,11.5,272.0,29.6,983.7,80.43721650228089,100
2023-04-14 09:00:00+05:30,11.9,270.0,32.5,984.4,94.92898726851337,100
2023-04-14 10:00:00+05:30,12.6,297.0,34.8,984.6,100.0,100
2023-04-14 11:00:00+05:30,12.0,321.0,36.4,984.1,100.0,100
2023-04-14 12:00:00+05:30,10.4,340.0,37.6,983.4,52.533882148488246,100
2023-04-14 13:00:00+05:30,7.0,348.0,38.3,982.6,8.198713597670718,100
2023-04-14 14:00:00+05:30,5.4,340.0,38.7,981.5,3.2803117062584066,100
2023-04-14 15:00:00+05:30,5.6,333.0,38.9,980.5,2.2558241294792736,100
2023-04-14 16:00:00+05:30,7.4,313.0,38.9,979.9,11.794093352314654,100
2023-04-14 17:00:00+05:30,8.7,318.0,38.5,979.2,24.018797186674565,100
2023-04-14 18:00:00+05:30,14.0,318.0,37.8,979.5,94.3897917084728,100
2023-04-14 19:00:00+05:30,12.5,348.0,35.8,980.0,100.0,100
2023-04-14 20:00:00+05:30,8.4,353.0,34.3,980.7,20.7153582680016,100
2023-04-14 21:00:00+05:30,5.2,258.0,33.7,981.4,1.2037670401117375,100
2023-04-14 22:00:00+05:30,12.8,212.0,32.2,981.6,99.90318531951888,100
2023-04-14 23:00:00+05:30,16.3,202.0,31.2,981.4,98.63608418018133,100
2023-04-15 00:00:00+05:30,17.0,216.0,31.1,980.9,92.87154053568797,100
2023-04-15 01:00:00+05:30,17.5,212.0,30.2,980.2,100.0,100
2023-04-15 02:00:00+05:30,16.1,222.0,29.5,979.7,98.20900825509952,100
2023-04-15 03:00:00+05:30,20.1,223.0,28.4,980.0,98.03775392052691,100
2023-04-15 04:00:00+05:30,20.1,227.0,27.1,980.2,98.35194320254972,100
2023-04-15 05:00:00+05:30,20.8,236.0,26.1,980.3,100.0,100
2023-04-15 06:00:00+05:30,18.8,238.0,25.7,980.9,99.16028444771749,100
2023-04-15 07:00:00+05:30,16.8,239.0,26.7,981.7,97.18302996566695,100
2023-04-15 08:00:00+05:30,14.3,225.0,29.0,982.5,99.33532353705772,100
2023-04-15 09:00:00+05:30,15.0,228.0,31.9,983.3,99.38518805377164,100
2023-04-15 10:00:00+05:30,13.9,233.0,34.6,983.4,100.0,100
2023-04-15 11:00:00+05:30,12.0,237.0,36.7,983.1,97.52474960537877,100
2023-04-15 12:00:00+05:30,10.1,215.0,37.5,982.7,47.65866226604351,100
2023-04-15 13:00:00+05:30,9.1,198.0,38.0,981.9,31.977977927271482,100
2023-04-15 14:00:00+05:30,6.0,213.0,38.3,980.9,3.012932452752761,100
2023-04-15 15:00:00+05:30,6.0,205.0,38.6,979.8,3.829658518747144,100
2023-04-15 16:00:00+05:30,8.7,187.0,38.7,979.1,23.909229230027208,100
2023-04-15 17:00:00+05:30,4.5,209.0,38.3,978.9,0.8716757928681804,100
2023-04-15 18:00:00+05:30,10.8,217.0,37.7,978.8,65.30049028224501,100
2023-04-15 19:00:00+05:30,12.0,213.0,35.9,979.2,100.0,100
2023-04-15 20:00:00+05:30,10.5,218.0,35.3,979.8,57.907656819218545,100
2023-04-15 21:00:00+05:30,13.9,211.0,34.6,980.5,100.0,100
2023-04-15 22:00:00+05:30,20.4,201.0,33.9,980.8,97.35720813789477,100
2023-04-15 23:00:00+05:30,25.9,194.0,32.4,980.8,0.0,100
2023-04-16 00:00:00+05:30,22.5,186.0,31.2,980.5,100.0,100
2023-04-16 01:00:00+05:30,20.2,191.0,30.2,980.0,94.92620282577167,100
2023-04-16 02:00:00+05:30,20.0,198.0,29.5,979.5,100.0,100
2023-04-16 03:00:00+05:30,23.1,211.0,28.5,979.5,100.0,100
2023-04-16 04:00:00+05:30,19.9,215.0,27.2,979.5,97.86751113250982,100
2023-04-16 05:00:00+05:30,17.7,200.0,26.3,979.5,95.64622133871825,100
2023-04-16 06:00:00+05:30,17.2,200.0,25.6,980.1,98.59133898581412,100
2023-04-16 07:00:00+05:30,14.6,200.0,26.4,981.0,100.0,100
2023-04-16 08:00:00+05:30,19.1,191.0,28.2,981.8,100.0,100
2023-04-16 09:00:00+05:30,21.0,187.0,30.5,982.5,98.17101952030607,100
2023-04-16 10:00:00+05:30,19.1,192.0,33.3,982.6,100.0,100
2023-04-16 11:00:00+05:30,19.9,202.0,35.5,982.0,100.0,100
2023-04-16 12:00:00+05:30,19.3,209.0,36.5,981.4,95.94240709072103,100
2023-04-16 13:00:00+05:30,18.3,216.0,37.1,980.5,99.78663578134069,100
2023-04-16 14:00:00+05:30,16.5,224.0,37.3,979.3,100.0,100
2023-04-16 15:00:00+05:30,15.8,229.0,37.5,978.5,100.0,100
2023-04-16 16:00:00+05:30,14.0,235.0,37.3,978.1,100.0,100
2023-04-16 17:00:00+05:30,11.1,209.0,37.0,978.0,75.2120713028086,100
2023-04-16 18:00:00+05:30,12.5,219.0,36.4,978.5,100.0,100
2023-04-16 19:00:00+05:30,11.0,229.0,34.6,978.8,68.38174043919403,100
2023-04-16 20:00:00+05:30,8.6,213.0,33.1,979.4,23.049455050497382,100
2023-04-16 21:00:00+05:30,8.0,185.0,31.4,979.7,15.8315406458097,100
2023-04-16 22:00:00+05:30,11.2,182.0,30.8,980.2,71.65775893902772,100
2023-04-16 23:00:00+05:30,12.6,177.0,30.7,980.0,98.07587527798466,100
2023-04-17 00:00:00+05:30,13.2,163.0,29.7,979.5,100.0,100
2023-04-17 01:00:00+05:30,17.9,171.0,28.5,978.9,100.0,100
2023-04-17 02:00:00+05:30,22.4,195.0,28.5,978.7,95.58836211845208,100
2023-04-17 03:00:00+05:30,23.7,213.0,27.7,978.4,100.0,100
2023-04-17 04:00:00+05:30,21.9,226.0,26.9,978.6,100.0,100
2023-04-17 05:00:00+05:30,17.9,210.0,26.5,979.0,97.78271160329926,100
2023-04-17 06:00:00+05:30,15.0,204.0,25.9,979.4,100.0,100
2023-04-17 07:00:00+05:30,11.2,201.0,26.7,980.2,73.85461794305192,100
2023-04-17 08:00:00+05:30,12.3,201.0,28.7,981.0,98.01471595826811,100
2023-04-17 09:00:00+05:30,18.0,192.0,30.7,982.0,98.74868729429153,100
2023-04-17 10:00:00+05:30,18.1,197.0,32.7,982.2,98.58770995087744,100
2023-04-17 11:00:00+05:30,17.1,198.0,34.8,981.8,99.7879328272535,100
2023-04-17 12:00:00+05:30,16.7,199.0,36.0,981.4,99.44930590586436,100
2023-04-17 13:00:00+05:30,15.0,204.0,36.9,980.6,96.60093561185029,100
2023-04-17 14:00:00+05:30,13.8,221.0,37.7,979.7,96.96567460587168,100
2023-04-17 15:00:00+05:30,18.5,233.0,38.1,978.8,99.9447984449297,100
2023-04-17 16:00:00+05:30,21.6,242.0,38.5,978.4,100.0,100
2023-04-17 17:00:00+05:30,15.5,265.0,37.5,978.9,100.0,100
2023-04-17 18:00:00+05:30,17.9,251.0,36.9,979.0,100.0,100
2023-04-17 19:00:00+05:30,10.1,243.0,35.8,979.6,48.416733241932576,100
2023-04-17 20:00:00+05:30,14.8,209.0,34.6,980.2,97.12814163531706,100
2023-04-17 21:00:00+05:30,29.5,219.0,34.0,980.7,0.0,100
2023-04-17 22:00:00+05:30,26.9,219.0,32.7,981.5,0.0,100
2023-04-17 23:00:00+05:30,24.1,231.0,31.2,981.6,97.58772386050578,100
2023-04-18 00:00:00+05:30,24.0,237.0,30.2,981.3,96.81994802025773,100
2023-04-18 01:00:00+05:30,22.1,233.0,29.1,981.0,95.17061663451564,100
2023-04-18 02:00:00+05:30,24.6,238.0,28.2,980.8,100.0,100
2023-04-18 03:00:00+05:30,24.8,237.0,27.5,980.7,100.0,100
2023-04-18 04:00:00+05:30,24.8,230.0,26.7,980.5,98.18094754072393,100
2023-04-18 05:00:00+05:30,14.9,212.0,25.6,981.1,100.0,100
2023-04-18 06:00:00+05:30,15.5,205.0,25.3,981.7,100.0,100
2023-04-18 07:00:00+05:30,14.3,214.0,26.1,982.7,100.0,100
2023-04-18 08:00:00+05:30,15.0,222.0,28.2,983.7,100.0,100
2023-04-18 09:00:00+05:30,16.0,234.0,30.6,984.4,100.0,100
2023-04-18 10:00:00+05:30,14.1,251.0,32.5,984.5,99.88720415590936,100
2023-04-18 11:00:00+05:30,13.2,259.0,34.2,984.1,97.12137706938493,100
2023-04-18 12:00:00+05:30,12.8,259.0,35.8,983.3,100.0,100
2023-04-18 13:00:00+05:30,15.5,257.0,36.9,982.7,100.0,100
2023-04-18 14:00:00+05:30,23.8,241.0,37.9,982.2,97.82907284282106,100
2023-04-18 15:00:00+05:30,20.7,219.0,34.4,981.9,100.0,100
2023-04-18 16:00:00+05:30,16.6,228.0,35.4,981.1,100.0,100
2023-04-18 17:00:00+05:30,26.9,242.0,36.6,981.0,1.4016955222919405,100
2023-04-18 18:00:00+05:30,40.4,278.0,32.8,982.0,0.39155766548801807,100
2023-04-18 19:00:00+05:30,23.1,309.0,31.0,982.4,100.0,100
2023-04-18 20:00:00+05:30,20.7,319.0,29.8,982.6,97.77672631465686,100
2023-04-18 21:00:00+05:30,16.2,302.0,27.7,983.4,99.265987818074,100
2023-04-18 22:00:00+05:30,8.7,312.0,27.8,983.6,26.809912741421027,100
2023-04-18 23:00:00+05:30,3.9,304.0,27.6,983.6,2.026747193421597,100
2023-04-19 00:00:00+05:30,1.6,297.0,27.2,982.9,1.3455765940507003,100
2023-04-19 01:00:00+05:30,5.1,262.0,26.7,982.4,0.4395458738401108,100
2023-04-19 02:00:00+05:30,1.8,217.0,26.4,981.3,0.0,100
2023-04-19 03:00:00+05:30,9.7,178.0,25.5,980.6,41.07479321272381,100
2023-04-19 04:00:00+05:30,12.2,199.0,25.5,980.2,100.0,100
2023-04-19 05:00:00+05:30,7.6,185.0,23.4,980.6,12.949871366227557,100
2023-04-19 06:00:00+05:30,9.8,197.0,23.0,980.4,44.343307295252885,100
2023-04-19 07:00:00+05:30,10.6,215.0,24.8,981.0,61.33615622394538,100
2023-04-19 08:00:00+05:30,12.8,230.0,27.0,981.5,97.69709156134851,100
2023-04-19 09:00:00+05:30,15.8,249.0,28.7,982.0,100.0,100
2023-04-19 10:00:00+05:30,16.4,255.0,30.3,982.1,100.0,100
2023-04-19 11:00:00+05:30,14.6,254.0,31.4,981.3,100.0,100
2023-04-19 12:00:00+05:30,15.3,255.0,32.7,980.6,100.0,100
2023-04-19 13:00:00+05:30,16.5,259.0,33.5,979.5,99.66281477892814,100
2023-04-19 14:00:00+05:30,18.8,263.0,34.1,978.6,100.0,100
2023-04-19 15:00:00+05:30,20.2,265.0,34.1,977.7,99.0680537367087,100
2023-04-19 16:00:00+05:30,19.8,270.0,34.3,977.3,100.0,100
2023-04-19 17:00:00+05:30,13.7,252.0,34.0,978.1,98.62734978719695,100
2023-04-19 18:00:00+05:30,18.5,243.0,33.4,978.1,100.0,100
2023-04-19 19:00:00+05:30,12.2,242.0,32.7,978.1,98.82252575000267,100
2023-04-19 20:00:00+05:30,15.3,229.0,31.2,978.6,100.0,100
2023-04-19 21:00:00+05:30,15.8,235.0,30.3,979.2,100.0,100
2023-04-19 22:00:00+05:30,12.9,252.0,29.4,979.4,99.92823640291333,100
2023-04-19 23:00:00+05:30,9.6,250.0,28.1,979.0,38.13224524872653,100
2023-04-20 00:00:00+05:30,9.7,228.0,27.0,978.4,40.87666718637524,100
2023-04-20 01:00:00+05:30,9.9,237.0,26.2,977.6,44.89553818738484,100
2023-04-20 02:00:00+05:30,9.7,231.0,25.4,976.8,38.83520534700573,100
2023-04-20 03:00:00+05:30,15.3,219.0,24.7,976.3,98.2117372710082,100
2023-04-20 04:00:00+05:30,16.4,237.0,24.5,976.2,100.0,100
2023-04-20 05:00:00+05:30,11.6,234.0,23.3,976.9,89.73298795587334,100
2023-04-20 06:00:00+05:30,11.4,235.0,23.2,977.2,81.63369696902926,100
2023-04-20 07:00:00+05:30,10.5,221.0,24.2,977.5,55.65542668312299,100
2023-04-20 08:00:00+05:30,12.4,202.0,26.6,978.1,98.66293719194245,100
2023-04-20 09:00:00+05:30,14.0,215.0,28.8,978.6,96.84993456838592,100
2023-04-20 10:00:00+05:30,14.6,218.0,30.7,978.7,100.0,100
2023-04-20 11:00:00+05:30,12.1,217.0,32.5,978.4,100.0,100
2023-04-20 12:00:00+05:30,11.0,212.0,33.8,977.7,70.46814101855384,100
2023-04-20 13:00:00+05:30,12.7,215.0,34.6,976.8,100.0,100
2023-04-20 14:00:00+05:30,15.9,232.0,35.0,975.8,99.61103108054391,100
2023-04-20 15:00:00+05:30,17.1,248.0,35.1,974.7,100.0,100
2023-04-20 16:00:00+05:30,15.1,269.0,35.1,974.1,97.11170861169272,100
2023-04-20 17:00:00+05:30,16.3,265.0,34.7,975.0,97.40613807700412,100
2023-04-20 18:00:00+05:30,20.5,259.0,33.9,975.3,100.0,100
2023-04-20 19:00:00+05:30,17.1,252.0,32.0,975.7,99.61918849820795,100
2023-04-20 20:00:00+05:30,14.0,271.0,30.5,976.2,100.0,100
2023-04-20 21:00:00+05:30,13.7,315.0,29.3,976.9,94.2084679916031,100
2023-04-20 22:00:00+05:30,9.8,306.0,27.2,977.5,42.75838544678809,100
2023-04-20 23:00:00+05:30,8.6,248.0,25.4,977.2,25.629011434057418,100
2023-04-21 00:00:00+05:30,3.0,194.0,27.2,976.8,0.6388194435279699,100
2023-04-21 01:00:00+05:30,3.1,216.0,27.2,976.4,0.0,100
2023-04-21 02:00:00+05:30,2.0,315.0,26.9,975.9,0.0,100
2023-04-21 03:00:00+05:30,6.3,59.0,24.8,975.3,5.95923565677688,100
2023-04-21 04:00:00+05:30,8.8,161.0,22.2,975.4,24.005525578428482,100
2023-04-21 05:00:00+05:30,13.5,171.0,21.8,975.9,100.0,100
2023-04-21 06:00:00+05:30,14.9,160.0,20.7,976.3,97.98209224649602,100
2023-04-21 07:00:00+05:30,14.0,180.0,22.5,977.5,100.0,100
2023-04-21 08:00:00+05:30,10.1,176.0,25.8,978.5,47.88550576990682,100
2023-04-21 09:00:00+05:30,13.4,188.0,28.4,979.1,99.89889031802876,100
2023-04-21 10:00:00+05:30,14.1,199.0,30.8,979.4,98.9679869154273,100
2023-04-21 11:00:00+05:30,12.1,207.0,32.6,979.1,98.55601912318615,100
2023-04-21 12:00:00+05:30,13.8,213.0,34.1,978.5,100.0,100
2023-04-21 13:00:00+05:30,18.2,232.0,35.8,977.7,100.0,100
2023-04-21 14:00:00+05:30,20.6,243.0,36.3,976.5,99.11890846094207,100
2023-04-21 15:00:00+05:30,20.8,252.0,36.4,975.9,99.29146072492983,100
2023-04-21 16:00:00+05:30,19.4,255.0,36.2,975.5,100.0,100
2023-04-21 17:00:00+05:30,16.4,255.0,35.4,976.2,98.24559261727893,100
2023-04-21 18:00:00+05:30,14.5,256.0,34.7,976.4,100.0,100
2023-04-21 19:00:00+05:30,10.8,244.0,32.3,976.8,65.30834806814168,100
2023-04-21 20:00:00+05:30,15.0,243.0,31.1,977.3,100.0,100
2023-04-21 21:00:00+05:30,13.0,264.0,29.9,977.6,99.27309127834545,100
2023-04-21 22:00:00+05:30,8.3,288.0,27.2,977.9,21.70581141853186,100
2023-04-21 23:00:00+05:30,15.0,333.0,27.1,978.0,97.76640048731299,100
2023-04-22 00:00:00+05:30,18.0,358.0,26.8,977.6,100.0,100
2023-04-22 01:00:00+05:30,15.7,32.0,25.9,976.9,100.0,100
2023-04-22 02:00:00+05:30,13.0,71.0,24.4,976.6,97.98230276766574,100
2023-04-22 03:00:00+05:30,10.4,88.0,22.9,976.5,57.16289888392355,100
2023-04-22 04:00:00+05:30,11.2,105.0,22.7,976.5,72.79406838862599,100
2023-04-22 05:00:00+05:30,11.2,159.0,22.1,976.7,77.159192852858,100
2023-04-22 06:00:00+05:30,10.9,174.0,22.4,977.4,69.02213656607323,100
2023-04-22 07:00:00+05:30,13.0,219.0,23.7,978.8,100.0,100
2023-04-22 08:00:00+05:30,4.3,156.0,27.3,979.5,0.7664319734275751,100
2023-04-22 09:00:00+05:30,10.1,107.0,30.5,980.3,48.81503232738413,100
2023-04-22 10:00:00+05:30,9.8,126.0,32.7,980.2,41.766227894900744,100
2023-04-22 11:00:00+05:30,4.4,145.0,34.2,980.0,1.0833806070560719,100
2023-04-22 12:00:00+05:30,2.6,344.0,35.2,979.7,0.0,100
2023-04-22 13:00:00+05:30,7.0,348.0,36.2,979.0,9.143680172668695,100
2023-04-22 14:00:00+05:30,10.8,345.0,36.7,978.1,65.98486800910173,100
2023-04-22 15:00:00+05:30,13.0,341.0,36.8,977.3,100.0,100
2023-04-22 16:00:00+05:30,14.1,328.0,36.5,976.8,99.6345152937921,100
2023-04-22 17:00:00+05:30,9.3,344.0,35.6,977.3,36.39709090590049,100
2023-04-22 18:00:00+05:30,10.5,31.0,35.0,977.3,58.27073977110691,100
2023-04-22 19:00:00+05:30,13.3,49.0,33.0,977.1,99.24012102449582,100
2023-04-22 20:00:00+05:30,10.5,8.0,31.4,977.9,58.66169938320332,100
2023-04-22 21:00:00+05:30,11.0,328.0,30.0,978.3,71.42043371276631,100
2023-04-22 22:00:00+05:30,12.2,332.0,28.7,978.7,100.0,100
2023-04-22 23:00:00+05:30,17.3,348.0,27.8,979.1,96.64944497971764,100
2023-04-23 00:00:00+05:30,16.3,43.0,26.9,978.9,100.0,100
2023-04-23 01:00:00+05:30,15.3,51.0,25.8,978.5,100.0,100
2023-04-23 02:00:00+05:30,15.3,45.0,24.7,978.1,96.79645226352439,100
2023-04-23 03:00:00+05:30,16.4,29.0,23.7,978.4,100.0,100
2023-04-23 04:00:00+05:30,13.6,58.0,23.0,978.6,98.71468862386807,100
2023-04-23 05:00:00+05:30,12.4,64.0,22.6,978.9,100.0,100
2023-04-23 06:00:00+05:30,14.0,90.0,22.6,979.5,100.0,100
2023-04-23 07:00:00+05:30,14.5,97.0,23.8,980.0,100.0,100
2023-04-23 08:00:00+05:30,15.9,86.0,26.1,981.0,100.0,100
2023-04-23 09:00:00+05:30,19.5,92.0,28.8,981.7,96.90547321064432,100
2023-04-23 10:00:00+05:30,18.4,92.0,31.4,981.9,100.0,100
2023-04-23 11:00:00+05:30,14.6,70.0,33.1,981.6,99.4684382532959,100
2023-04-23 12:00:00+05:30,13.2,43.0,34.4,981.2,97.44784641802664,100
2023-04-23 13:00:00+05:30,12.1,12.0,35.0,980.7,100.0,100
2023-04-23 14:00:00+05:30,14.3,348.0,35.5,980.0,95.41820077247861,100
2023-04-23 15:00:00+05:30,16.5,340.0,35.7,979.4,100.0,100
2023-04-23 16:00:00+05:30,19.3,339.0,35.5,979.0,100.0,100
2023-04-23 17:00:00+05:30,17.7,348.0,34.6,979.4,97.47240244898772,100
2023-04-23 18:00:00+05:30,14.8,354.0,33.9,979.6,96.57869928002881,100
2023-04-23 19:00:00+05:30,7.9,344.0,31.7,979.7,15.030032519298612,100
2023-04-23 20:00:00+05:30,8.6,338.0,30.0,979.9,24.623555567740684,100
2023-04-23 21:00:00+05:30,9.8,6.0,28.9,980.5,43.239000659538554,100
2023-04-23 22:00:00+05:30,7.6,45.0,27.2,980.8,14.236101364489475,100
2023-04-23 23:00:00+05:30,11.2,45.0,26.8,981.2,81.00460659903324,100
2023-04-24 00:00:00+05:30,8.2,49.0,25.0,980.8,19.63801964905761,100
2023-04-24 01:00:00+05:30,9.5,53.0,24.3,980.7,39.61300196193375,100
2023-04-24 02:00:00+05:30,12.8,52.0,24.5,980.3,99.14009595473624,100
2023-04-24 03:00:00+05:30,10.6,66.0,23.1,980.4,61.039672985622474,100
2023-04-24 04:00:00+05:30,7.6,90.0,21.5,980.5,12.658178447965536,100
2023-04-24 05:00:00+05:30,12.0,123.0,22.7,980.6,97.25936617975546,100
2023-04-24 06:00:00+05:30,12.7,119.0,22.4,981.6,100.0,100
2023-04-24 07:00:00+05:30,12.1,113.0,23.8,982.5,100.0,100
2023-04-24 08:00:00+05:30,11.3,99.0,26.7,983.1,78.03439589458506,100
2023-04-24 09:00:00+05:30,20.5,79.0,30.1,983.7,100.0,100
2023-04-24 10:00:00+05:30,25.6,70.0,31.6,983.9,0.0,100
2023-04-24 11:00:00+05:30,24.0,71.0,32.7,983.7,100.0,100
2023-04-24 12:00:00+05:30,21.8,74.0,33.6,983.5,100.0,100
2023-04-24 13:00:00+05:30,19.5,74.0,34.4,983.1,100.0,100
2023-04-24 14:00:00+05:30,16.7,71.0,34.8,982.3,100.0,100
2023-04-24 15:00:00+05:30,14.3,65.0,35.2,981.4,95.78497835986244,100
2023-04-24 16:00:00+05:30,13.1,53.0,35.3,980.9,96.29162673070071,100
2023-04-24 17:00:00+05:30,10.9,34.0,34.7,981.6,66.24736378257298,100
2023-04-24 18:00:00+05:30,12.2,19.0,34.1,981.4,100.0,100
2023-04-24 19:00:00+05:30,12.4,17.0,32.4,981.6,100.0,100
2023-04-24 20:00:00+05:30,11.4,35.0,31.1,981.9,77.0772156311509,100
2023-04-24 21:00:00+05:30,11.0,49.0,30.1,982.3,72.73182770455183,100
2023-04-24 22:00:00+05:30,11.2,75.0,28.7,982.4,76.57727565814906,100
2023-04-24 23:00:00+05:30,10.2,100.0,27.3,982.4,51.438850038193614,100
2023-04-25 00:00:00+05:30,10.7,123.0,26.4,982.2,61.16639132813693,100
2023-04-25 01:00:00+05:30,11.1,119.0,25.7,981.9,71.83342819138598,100
2023-04-25 02:00:00+05:30,11.3,117.0,25.2,981.4,77.59609492493284,100
2023-04-25 03:00:00+05:30,12.2,114.0,25.0,981.0,99.85514388795515,100
2023-04-25 04:00:00+05:30,12.8,122.0,24.6,981.3,100.0,100
2023-04-25 05:00:00+05:30,13.0,132.0,24.7,981.5,100.0,100
2023-04-25 06:00:00+05:30,13.8,118.0,24.6,982.2,100.0,100
2023-04-25 07:00:00+05:30,14.0,116.0,26.1,983.0,100.0,100
2023-04-25 08:00:00+05:30,12.9,120.0,28.7,983.6,100.0,100
2023-04-25 09:00:00+05:30,18.5,127.0,31.3,984.2,97.72584707497009,100
2023-04-25 10:00:00+05:30,23.2,136.0,33.6,984.5,100.0,100
2023-04-25 11:00:00+05:30,23.2,133.0,35.0,984.2,97.35452623461963,100
2023-04-25 12:00:00+05:30,20.6,133.0,35.8,983.7,99.5842557563636,100
2023-04-25 13:00:00+05:30,19.1,131.0,36.5,982.7,93.7477581290583,100
2023-04-25 14:00:00+05:30,16.4,130.0,36.8,981.6,99.1924090849386,100
2023-04-25 15:00:00+05:30,12.3,130.0,37.1,981.1,100.0,100
2023-04-25 16:00:00+05:30,10.2,129.0,36.9,980.6,52.50834030861553,100
2023-04-25 17:00:00+05:30,9.1,97.0,36.0,980.5,31.48310729404711,100
2023-04-25 18:00:00+05:30,10.2,82.0,35.6,980.5,53.99122745763447,100
2023-04-25 19:00:00+05:30,12.1,78.0,33.6,980.4,98.94044107201256,100
2023-04-25 20:00:00+05:30,13.7,92.0,32.8,980.9,97.66484761291815,100
2023-04-25 21:00:00+05:30,10.9,134.0,31.6,981.2,66.7739761029881,100
2023-04-25 22:00:00+05:30,8.6,165.0,30.6,981.1,22.485031004952425,100
2023-04-25 23:00:00+05:30,10.2,162.0,29.9,981.1,50.03153912395472,100
2023-04-26 00:00:00+05:30,12.7,133.0,29.4,980.3,100.0,100
2023-04-26 01:00:00+05:30,14.4,122.0,29.1,979.7,98.40092470928919,100
2023-04-26 02:00:00+05:30,15.5,121.0,28.8,979.6,100.0,100
2023-04-26 03:00:00+05:30,13.7,108.0,28.4,979.4,100.0,100
2023-04-26 04:00:00+05:30,11.8,130.0,27.3,979.6,96.28919644347438,100
2023-04-26 05:00:00+05:30,18.3,148.0,27.6,979.8,97.97355274384657,100
2023-04-26 06:00:00+05:30,18.3,144.0,26.9,980.3,100.0,100
2023-04-26 07:00:00+05:30,18.2,142.0,27.7,981.1,100.0,100
2023-04-26 08:00:00+05:30,15.8,139.0,29.4,981.2,99.72873928244746,100
2023-04-26 09:00:00+05:30,19.9,135.0,31.6,981.9,98.62698262612862,100
2023-04-26 10:00:00+05:30,21.5,130.0,33.6,982.1,98.10301009092534,100
2023-04-26 11:00:00+05:30,20.9,131.0,35.4,981.8,98.93845942362331,100
2023-04-26 12:00:00+05:30,15.3,135.0,36.4,981.0,100.0,100
2023-04-26 13:00:00+05:30,12.8,140.0,36.9,980.0,96.53260283017678,100
2023-04-26 14:00:00+05:30,14.3,146.0,37.0,979.2,99.52041094203317,100
2023-04-26 15:00:00+05:30,14.7,152.0,36.8,978.2,95.318012800444,100
2023-04-26 16:00:00+05:30,14.4,180.0,36.7,978.1,98.44828394217629,100
2023-04-26 17:00:00+05:30,12.9,193.0,36.5,977.5,98.05549544143561,100
2023-04-26 18:00:00+05:30,35.5,217.0,33.2,977.7,0.0,100
2023-04-26 19:00:00+05:30,25.5,199.0,33.5,978.3,0.38571906171585746,100
2023-04-26 20:00:00+05:30,27.7,201.0,32.4,978.6,1.3756935274342734,100
2023-04-26 21:00:00+05:30,21.4,193.0,31.9,978.6,97.20126224866613,100
2023-04-26 22:00:00+05:30,23.7,190.0,31.4,978.7,100.0,100
2023-04-26 23:00:00+05:30,23.1,184.0,30.5,979.1,100.0,100
2023-04-27 00:00:00+05:30,13.0,161.0,29.5,979.2,100.0,100
2023-04-27 01:00:00+05:30,11.2,135.0,29.4,978.7,75.75500018576122,100
2023-04-27 02:00:00+05:30,7.2,127.0,27.5,978.2,9.499933890989416,100
2023-04-27 03:00:00+05:30,3.4,238.0,27.3,978.3,0.0,100
2023-04-27 04:00:00+05:30,7.6,199.0,25.7,978.3,11.932938613563369,100
2023-04-27 05:00:00+05:30,11.4,167.0,25.8,978.9,84.12274392814693,100
2023-04-27 06:00:00+05:30,13.9,163.0,25.7,979.3,100.0,100
2023-04-27 07:00:00+05:30,10.8,154.0,27.4,980.3,65.75573426259805,100
2023-04-27 08:00:00+05:30,6.3,193.0,30.2,980.8,4.458600281007454,100
2023-04-27 09:00:00+05:30,10.5,196.0,32.4,981.4,56.06375967503113,100
2023-04-27 10:00:00+05:30,12.3,183.0,34.0,981.4,98.56407612817658,100
2023-04-27 11:00:00+05:30,17.5,194.0,35.2,981.4,100.0,100
2023-04-27 12:00:00+05:30,10.9,153.0,33.9,981.7,67.7273184663631,100
2023-04-27 13:00:00+05:30,6.2,280.0,34.7,980.5,4.437708989913265,100
2023-04-27 14:00:00+05:30,7.3,259.0,35.7,979.5,12.085038219221207,100
2023-04-27 15:00:00+05:30,16.5,238.0,35.6,979.0,100.0,100
2023-04-27 16:00:00+05:30,32.3,104.0,29.3,979.7,0.0,100
2023-04-27 17:00:00+05:30,10.6,342.0,31.4,979.0,60.90670761822208,100
2023-04-27 18:00:00+05:30,18.6,22.0,28.9,979.5,100.0,100
2023-04-27 19:00:00+05:30,18.1,55.0,29.2,979.8,99.20468897950244,100
2023-04-27 20:00:00+05:30,14.2,83.0,28.6,980.4,100.0,100
2023-04-27 21:00:00+05:30,15.1,87.0,28.6,980.7,98.82217310033941,100
2023-04-27 22:00:00+05:30,15.5,118.0,28.3,981.0,100.0,100
2023-04-27 23:00:00+05:30,15.5,134.0,27.9,981.1,100.0,100
2023-04-28 00:00:00+05:30,14.2,156.0,27.1,980.9,99.33058602033029,100
2023-04-28 01:00:00+05:30,14.7,163.0,26.7,980.5,99.4405936518392,100
2023-04-28 02:00:00+05:30,14.4,181.0,26.0,980.0,99.19967804923193,100
2023-04-28 03:00:00+05:30,14.4,217.0,25.4,980.2,100.0,100
2023-04-28 04:00:00+05:30,14.7,242.0,24.9,980.2,100.0,100
2023-04-28 05:00:00+05:30,12.6,204.0,24.3,980.3,99.4565172967211,100
2023-04-28 06:00:00+05:30,11.0,221.0,23.7,980.9,68.8548372660702,100
2023-04-28 07:00:00+05:30,9.1,236.0,24.8,982.0,31.97497919676337,100
2023-04-28 08:00:00+05:30,8.6,248.0,26.5,982.8,24.440297169708696,100
2023-04-28 09:00:00+05:30,6.3,257.0,28.2,983.2,3.795195135862682,100
2023-04-28 10:00:00+05:30,6.4,232.0,29.9,983.3,5.724491076016144,100
2023-04-28 11:00:00+05:30,8.4,211.0,32.3,982.6,19.565379297035705,100
2023-04-28 12:00:00+05:30,13.9,159.0,30.3,982.9,99.01690272490967,100
2023-04-28 13:00:00+05:30,8.0,185.0,32.2,981.7,17.17949255078556,100
2023-04-28 14:00:00+05:30,10.7,166.0,33.0,980.6,64.4605133906616,100
2023-04-28 15:00:00+05:30,18.0,196.0,26.6,980.8,97.449677583428,100
2023-04-28 16:00:00+05:30,24.5,73.0,26.3,979.4,99.73235279428674,100
2023-04-28 17:00:00+05:30,13.4,117.0,30.3,979.6,95.70099219985575,100
2023-04-28 18:00:00+05:30,21.7,111.0,30.0,979.4,97.59666616789188,100
2023-04-28 19:00:00+05:30,29.1,244.0,24.2,981.2,0.08562130393650481,100
2023-04-28 20:00:00+05:30,6.1,320.0,23.9,981.5,3.476392142943362,100
2023-04-28 21:00:00+05:30,6.1,208.0,23.8,982.1,5.5057097446032675,100
2023-04-28 22:00:00+05:30,15.8,210.0,24.6,983.1,100.0,100
2023-04-28 23:00:00+05:30,12.6,250.0,23.6,982.9,100.0,100
2023-04-29 00:00:00+05:30,1.8,11.0,22.7,982.2,1.834702478841435,100
2023-04-29 01:00:00+05:30,9.4,277.0,22.3,981.5,35.36388754830532,100
2023-04-29 02:00:00+05:30,7.4,29.0,21.9,980.6,12.63401063204597,100
2023-04-29 03:00:00+05:30,7.2,87.0,21.3,980.6,9.822541720864912,100
2023-04-29 04:00:00+05:30,4.7,94.0,21.1,980.2,0.5012687199269918,100
2023-04-29 05:00:00+05:30,5.4,110.0,20.2,980.5,0.23402080431988748,100
2023-04-29 06:00:00+05:30,6.2,111.0,20.0,981.0,5.0353289023257615,100
2023-04-29 07:00:00+05:30,7.2,96.0,21.0,981.9,9.60518318869956,100
2023-04-29 08:00:00+05:30,6.0,115.0,22.0,982.9,3.2239499309913042,100
2023-04-29 09:00:00+05:30,4.0,90.0,23.3,983.0,0.0,100
2023-04-29 10:00:00+05:30,4.7,90.0,24.8,982.8,1.4130787508478213,100
2023-04-29 11:00:00+05:30,7.1,105.0,25.9,982.6,9.922768085399312,100
2023-04-29 12:00:00+05:30,6.4,106.0,26.8,981.9,4.4445660022277504,100
2023-04-29 13:00:00+05:30,5.4,127.0,27.5,981.2,2.107221489033691,100
2023-04-29 14:00:00+05:30,1.1,180.0,28.2,980.0,0.26104676245842406,100
2023-04-29 15:00:00+05:30,8.8,289.0,28.0,978.9,27.102965254978674,100
2023-04-29 16:00:00+05:30,11.4,332.0,26.1,978.6,80.00311711975121,100
2023-04-29 17:00:00+05:30,4.7,176.0,28.3,978.3,0.0,100
2023-04-29 18:00:00+05:30,6.8,270.0,27.2,978.7,9.009461044312808,100
2023-04-29 19:00:00+05:30,10.6,280.0,25.0,979.4,60.376534727298335,100
2023-04-29 20:00:00+05:30,11.2,310.0,24.1,979.9,74.99601254780808,100
2023-04-29 21:00:00+05:30,8.0,350.0,23.5,980.2,18.86575154450152,100
2023-04-29 22:00:00+05:30,18.7,268.0,22.5,981.5,100.0,100
2023-04-29 23:00:00+05:30,8.1,32.0,21.9,981.1,18.524588093748065,100
2023-04-30 00:00:00+05:30,2.5,270.0,21.0,980.9,0.0,100
2023-04-30 01:00:00+05:30,1.8,101.0,20.9,980.1,0.0,100
2023-04-30 02:00:00+05:30,2.1,239.0,20.5,979.8,0.0,100
2023-04-30 03:00:00+05:30,3.9,338.0,20.5,979.3,0.31271150105693135,100
2023-04-30 04:00:00+05:30,2.8,40.0,20.1,979.1,1.2833811201143714,100
2023-04-30 05:00:00+05:30,8.1,111.0,20.7,978.4,19.45955569758371,100
2023-04-30 06:00:00+05:30,9.8,98.0,20.5,979.0,43.65399682158001,100
2023-04-30 07:00:00+05:30,9.8,107.0,21.1,979.9,43.55170520138742,100
2023-04-30 08:00:00+05:30,12.5,134.0,22.7,980.4,100.0,100
2023-04-30 09:00:00+05:30,15.1,152.0,24.2,980.9,98.93647060585164,100
2023-04-30 10:00:00+05:30,17.0,163.0,25.5,980.9,100.0,100
2023-04-30 11:00:00+05:30,14.8,176.0,26.5,980.4,94.39286853868538,100
2023-04-30 12:00:00+05:30,16.1,190.0,27.1,980.1,100.0,100
2023-04-30 13:00:00+05:30,16.1,200.0,27.5,979.4,96.0282888045289,100
2023-04-30 14:00:00+05:30,15.0,215.0,27.7,978.2,99.74101308016627,100
2023-04-30 15:00:00+05:30,20.8,198.0,26.2,977.4,99.35877903020977,100
2023-04-30 16:00:00+05:30,10.8,210.0,26.2,976.7,67.46327737814418,100
2023-04-30 17:00:00+05:30,8.0,324.0,24.9,977.0,17.248178273506447,100
2023-04-30 18:00:00+05:30,11.4,349.0,24.1,977.5,83.62240528106912,100
2023-04-30 19:00:00+05:30,9.0,29.0,22.9,978.0,31.752581768853705,100
2023-04-30 20:00:00+05:30,8.0,63.0,22.3,978.3,16.132589208100637,100
2023-04-30 21:00:00+05:30,9.1,81.0,22.1,978.6,32.12379838930354,100
2023-04-30 22:00:00+05:30,12.2,104.0,22.1,978.8,94.90520874801345,100
2023-04-30 23:00:00+05:30,12.6,114.0,21.8,978.9,97.68502089136649,100
2023-05-01 00:00:00+05:30,12.5,129.0,21.6,978.2,100.0,100
2023-05-01 01:00:00+05:30,13.9,143.0,21.4,977.7,93.69079106151361,100
2023-05-01 02:00:00+05:30,14.2,153.0,21.2,977.4,100.0,100
2023-05-01 03:00:00+05:30,13.8,160.0,20.9,977.1,99.399370486232,100
2023-05-01 04:00:00+05:30,13.2,163.0,20.5,977.0,100.0,100
2023-05-01 05:00:00+05:30,6.8,177.0,20.6,977.4,6.073519979320437,100
2023-05-01 06:00:00+05:30,6.8,180.0,20.8,978.0,8.01790939100755,100
2023-05-01 07:00:00+05:30,5.8,180.0,21.8,978.6,3.1912111221862887,100
2023-05-01 08:00:00+05:30,5.8,202.0,23.7,979.3,4.421702361780543,100
2023-05-01 09:00:00+05:30,5.9,227.0,25.5,979.9,3.534370577393866,100
2023-05-01 10:00:00+05:30,4.9,234.0,26.7,980.1,0.0,100
2023-05-01 11:00:00+05:30,5.0,210.0,27.4,979.9,3.77107858879128,100
2023-05-01 12:00:00+05:30,5.8,210.0,27.7,979.4,4.295806826841779,100
2023-05-01 13:00:00+05:30,4.8,222.0,27.7,978.9,0.0,100
2023-05-01 14:00:00+05:30,2.1,301.0,28.0,978.1,0.44652233487868076,100
2023-05-01 15:00:00+05:30,3.3,264.0,27.8,977.4,0.4944271365466887,100
2023-05-01 16:00:00+05:30,6.1,130.0,27.9,977.2,4.536012590395961,100
2023-05-01 17:00:00+05:30,18.2,141.0,25.7,976.5,99.68247749175434,100
2023-05-01 18:00:00+05:30,7.7,131.0,25.3,976.7,14.306955590545032,100
2023-05-01 19:00:00+05:30,6.2,190.0,24.6,977.5,3.68228863154855,100
2023-05-01 20:00:00+05:30,9.3,164.0,23.9,978.1,33.52593754041605,100
2023-05-01 21:00:00+05:30,8.3,146.0,23.2,978.9,20.40181834211774,100
2023-05-01 22:00:00+05:30,10.7,123.0,22.8,979.5,61.517379931731085,100
2023-05-01 23:00:00+05:30,11.6,116.0,22.8,979.6,85.6263169766346,100
2023-05-02 00:00:00+05:30,12.8,128.0,22.6,979.0,100.0,100
2023-05-02 01:00:00+05:30,12.3,130.0,22.1,978.3,99.19261283300348,100
2023-05-02 02:00:00+05:30,13.0,138.0,21.6,978.2,100.0,100
2023-05-02 03:00:00+05:30,13.3,142.0,21.6,977.9,100.0,100
2023-05-02 04:00:00+05:30,13.0,146.0,21.4,978.0,98.28468152604464,100
2023-05-02 05:00:00+05:30,12.4,170.0,21.8,978.6,100.0,100
2023-05-02 06:00:00+05:30,10.1,182.0,22.0,979.1,48.683019541770605,100
2023-05-02 07:00:00+05:30,15.1,155.0,22.8,980.0,98.16348918604446,100
2023-05-02 08:00:00+05:30,8.7,173.0,25.1,980.6,26.49091431212368,100
2023-05-02 09:00:00+05:30,10.8,176.0,27.4,981.5,67.16459031992514,100
2023-05-02 10:00:00+05:30,5.2,164.0,28.7,981.7,1.2014681027628802,100
2023-05-02 11:00:00+05:30,6.3,103.0,29.5,981.3,5.10022293916867,100
2023-05-02 12:00:00+05:30,7.6,115.0,30.0,980.9,14.347457203359536,100
2023-05-02 13:00:00+05:30,5.4,127.0,30.4,980.1,2.2037103313632698,100
2023-05-02 14:00:00+05:30,2.0,135.0,30.5,979.4,1.0346016280498316,100
2023-05-02 15:00:00+05:30,9.1,304.0,29.3,978.9,29.97331483496682,100
2023-05-02 16:00:00+05:30,3.3,41.0,29.4,978.3,0.0,100
2023-05-02 17:00:00+05:30,2.9,30.0,27.7,978.4,0.05353900045127714,100
2023-05-02 18:00:00+05:30,5.4,70.0,27.4,978.7,1.293643645365849,100
2023-05-02 19:00:00+05:30,4.3,48.0,25.6,979.3,2.2830163617399895,100
2023-05-02 20:00:00+05:30,5.6,50.0,25.2,979.9,2.2240324152123914,100
2023-05-02 21:00:00+05:30,9.4,50.0,24.9,980.7,37.854734609902756,100
2023-05-02 22:00:00+05:30,10.3,65.0,24.2,981.4,55.330685623666454,100
2023-05-02 23:00:00+05:30,10.0,77.0,23.5,981.6,47.70472984892811,100
2023-05-03 00:00:00+05:30,7.6,71.0,22.8,981.2,13.851521797393804,100
2023-05-03 01:00:00+05:30,6.6,81.0,22.1,980.9,6.429485042596482,100
2023-05-03 02:00:00+05:30,6.2,83.0,21.7,980.5,3.364324546608054,100
2023-05-03 03:00:00+05:30,8.6,92.0,21.7,980.3,25.418638972845933,100
2023-05-03 04:00:00+05:30,9.2,101.0,21.5,980.6,31.616246370695865,100
2023-05-03 05:00:00+05:30,7.6,65.0,21.1,981.5,12.599383389567524,100
2023-05-03 06:00:00+05:30,8.7,66.0,21.2,982.4,25.188515569004792,100
2023-05-03 07:00:00+05:30,7.9,90.0,22.4,983.3,17.64100622595228,100
2023-05-03 08:00:00+05:30,8.3,90.0,24.5,983.7,19.286868446104016,100
2023-05-03 09:00:00+05:30,9.4,83.0,26.8,984.5,36.590561824639124,100
2023-05-03 10:00:00+05:30,9.1,97.0,28.4,984.3,29.595912930906522,100
2023-05-03 11:00:00+05:30,5.4,127.0,29.7,984.1,1.5205360617520027,100
2023-05-03 12:00:00+05:30,3.3,174.0,30.7,983.6,0.0,100
2023-05-03 13:00:00+05:30,5.0,201.0,31.2,982.6,1.0641119886719534,100
2023-05-03 14:00:00+05:30,5.2,192.0,31.6,981.4,0.3356260165266056,100
2023-05-03 15:00:00+05:30,3.0,166.0,31.9,980.4,0.0,100
2023-05-03 16:00:00+05:30,4.4,9.0,32.3,979.9,0.0,100
2023-05-03 17:00:00+05:30,12.3,21.0,31.6,979.4,100.0,100
2023-05-03 18:00:00+05:30,11.7,45.0,30.1,979.4,89.97084246398532,100
2023-05-03 19:00:00+05:30,12.5,57.0,27.9,979.7,100.0,100
2023-05-03 20:00:00+05:30,11.2,50.0,26.6,980.2,74.18967649773239,100
2023-05-03 21:00:00+05:30,11.3,63.0,25.9,981.1,76.36263633416225,100
2023-05-03 22:00:00+05:30,11.3,59.0,25.0,981.8,78.98909983628023,100
2023-05-03 23:00:00+05:30,11.9,55.0,24.5,981.8,98.15917465156569,100
2023-05-04 00:00:00+05:30,13.0,39.0,24.3,981.4,100.0,100
2023-05-04 01:00:00+05:30,14.6,40.0,23.9,980.7,100.0,100
2023-05-04 02:00:00+05:30,13.0,62.0,23.3,980.4,98.67687722652826,100
2023-05-04 03:00:00+05:30,10.8,86.0,22.6,980.2,64.84955027476956,100
2023-05-04 04:00:00+05:30,7.3,101.0,21.9,980.2,10.632258402986139,100
2023-05-04 05:00:00+05:30,5.9,79.0,23.5,980.3,4.650862005569692,100
2023-05-04 06:00:00+05:30,10.2,100.0,23.8,980.9,50.99950170379438,100
2023-05-04 07:00:00+05:30,8.0,108.0,24.6,981.9,17.097965525714717,100
2023-05-04 08:00:00+05:30,5.8,112.0,26.7,982.7,1.0856452820399856,100
2023-05-04 09:00:00+05:30,8.3,92.0,29.5,983.4,20.208439442060953,100
2023-05-04 10:00:00+05:30,9.4,97.0,31.6,983.4,35.17004409392402,100
2023-05-04 11:00:00+05:30,7.4,119.0,32.8,983.1,12.862732074654064,100
2023-05-04 12:00:00+05:30,6.4,137.0,33.6,982.4,6.327454745453942,100
2023-05-04 13:00:00+05:30,5.3,152.0,34.2,981.6,1.480152674378803,100
2023-05-04 14:00:00+05:30,4.0,170.0,34.8,980.7,0.0,100
2023-05-04 15:00:00+05:30,4.0,175.0,35.2,979.7,1.252314534106918,100
2023-05-04 16:00:00+05:30,6.3,156.0,35.4,978.9,4.632523246505747,100
2023-05-04 17:00:00+05:30,5.1,274.0,34.6,978.9,0.0,100
2023-05-04 18:00:00+05:30,3.6,225.0,33.3,978.8,0.0,100
2023-05-04 19:00:00+05:30,5.8,338.0,30.8,979.6,1.289267840347712,100
2023-05-04 20:00:00+05:30,13.2,338.0,29.3,980.2,94.9948370979898,100
2023-05-04 21:00:00+05:30,12.1,23.0,28.2,980.7,98.20743436473944,100
2023-05-04 22:00:00+05:30,8.6,33.0,26.8,981.0,24.181487656983492,100
2023-05-04 23:00:00+05:30,8.8,55.0,26.0,980.8,27.151731110526708,100
2023-05-05 00:00:00+05:30,9.3,74.0,25.4,980.5,33.46682133436202,100
2023-05-05 01:00:00+05:30,8.6,105.0,24.6,979.9,25.61971734885873,100
2023-05-05 02:00:00+05:30,8.0,108.0,24.2,979.2,19.698700125204745,100
2023-05-05 03:00:00+05:30,8.3,90.0,24.1,978.9,19.85068160121567,100
2023-05-05 04:00:00+05:30,10.1,90.0,23.7,978.9,50.94982735312165,100
2023-05-05 05:00:00+05:30,10.0,105.0,23.1,979.9,47.47915058859603,100
2023-05-05 06:00:00+05:30,10.5,98.0,23.1,980.6,57.72981701003589,100
2023-05-05 07:00:00+05:30,9.8,98.0,24.8,981.5,42.33911068261668,100
2023-05-05 08:00:00+05:30,6.9,99.0,27.3,982.4,8.546622224639677,100
2023-05-05 09:00:00+05:30,8.3,85.0,29.8,982.7,21.944442395501888,100
2023-05-05 10:00:00+05:30,9.4,88.0,32.0,982.6,34.70569894169803,100
2023-05-05 11:00:00+05:30,7.1,120.0,33.4,982.2,9.498001125018229,100
2023-05-05 12:00:00+05:30,4.7,148.0,34.3,981.5,1.0854909422619938,100
2023-05-05 13:00:00+05:30,3.8,131.0,35.0,980.6,1.6431009406280763,100
2023-05-05 14:00:00+05:30,3.6,127.0,35.5,979.7,0.29963417988853525,100
2023-05-05 15:00:00+05:30,3.7,101.0,35.8,978.6,0.6360551602929174,100
2023-05-05 16:00:00+05:30,4.2,70.0,36.1,978.0,0.6008521819288495,100
2023-05-05 17:00:00+05:30,9.8,8.0,36.0,978.3,41.297378355104456,100
2023-05-05 18:00:00+05:30,11.2,2.0,35.2,978.4,75.34985305838292,100
2023-05-05 19:00:00+05:30,11.7,18.0,33.0,978.8,90.99128142654288,100
2023-05-05 20:00:00+05:30,14.8,45.0,32.0,979.3,99.64808017194386,100
2023-05-05 21:00:00+05:30,11.6,54.0,30.9,980.0,89.32415691206975,100
2023-05-05 22:00:00+05:30,12.0,49.0,30.1,980.3,100.0,100
2023-05-05 23:00:00+05:30,9.9,44.0,28.8,980.0,45.774903926909104,100
2023-05-06 00:00:00+05:30,14.9,32.0,28.8,979.7,100.0,100
2023-05-06 01:00:00+05:30,17.8,32.0,27.5,979.3,99.77081595360676,100
2023-05-06 02:00:00+05:30,14.3,51.0,26.7,978.8,99.13076057154137,100
2023-05-06 03:00:00+05:30,12.1,60.0,26.0,978.7,100.0,100
2023-05-06 04:00:00+05:30,12.8,74.0,25.5,978.6,96.91005977759052,100
2023-05-06 05:00:00+05:30,12.0,99.0,25.5,979.2,100.0,100
2023-05-06 06:00:00+05:30,14.0,108.0,25.5,979.8,99.09382486329557,100
2023-05-06 07:00:00+05:30,13.6,130.0,26.9,980.4,100.0,100
2023-05-06 08:00:00+05:30,13.5,151.0,29.2,981.0,96.84508375577477,100
2023-05-06 09:00:00+05:30,12.9,153.0,32.2,981.6,99.56558561928344,100
2023-05-06 10:00:00+05:30,14.1,176.0,34.7,981.6,97.3919870699426,100
2023-05-06 11:00:00+05:30,14.3,219.0,36.2,981.5,100.0,100
2023-05-06 12:00:00+05:30,15.0,240.0,37.2,980.8,100.0,100
2023-05-06 13:00:00+05:30,15.8,249.0,37.8,980.0,97.8459124785534,100
2023-05-06 14:00:00+05:30,15.5,258.0,38.1,979.1,99.15022126043554,100
2023-05-06 15:00:00+05:30,14.8,269.0,38.1,978.3,100.0,100
2023-05-06 16:00:00+05:30,14.8,276.0,38.0,977.8,99.17956641939807,100
2023-05-06 17:00:00+05:30,15.2,301.0,37.7,977.9,96.50965654170471,100
2023-05-06 18:00:00+05:30,11.3,292.0,36.6,977.8,79.35399977655693,100
2023-05-06 19:00:00+05:30,7.3,279.0,33.6,978.1,11.264747630281008,100
2023-05-06 20:00:00+05:30,3.3,264.0,32.2,978.5,1.775119775350262,100
2023-05-06 21:00:00+05:30,5.3,208.0,31.0,979.1,2.026354852422099,100
2023-05-06 22:00:00+05:30,7.2,233.0,29.9,979.1,9.467557540361552,100
2023-05-06 23:00:00+05:30,10.4,250.0,29.5,978.9,57.12250187775813,100
2023-05-07 00:00:00+05:30,8.4,260.0,28.2,978.4,22.225931904464446,100
2023-05-07 01:00:00+05:30,9.6,250.0,27.8,977.9,39.96293331320924,100
2023-05-07 02:00:00+05:30,14.1,267.0,28.3,977.7,100.0,100
2023-05-07 03:00:00+05:30,13.7,252.0,27.0,977.7,96.89242102522189,100
2023-05-07 04:00:00+05:30,14.7,245.0,26.4,977.9,97.68145775516507,100
2023-05-07 05:00:00+05:30,16.1,231.0,26.5,978.2,100.0,100
2023-05-07 06:00:00+05:30,17.3,228.0,26.3,978.8,100.0,100
2023-05-07 07:00:00+05:30,16.8,227.0,27.6,979.6,100.0,100
2023-05-07 08:00:00+05:30,17.3,227.0,29.8,980.2,100.0,100
2023-05-07 09:00:00+05:30,20.6,237.0,32.4,980.7,100.0,100
2023-05-07 10:00:00+05:30,22.0,249.0,34.5,980.9,99.07121751383919,100
2023-05-07 11:00:00+05:30,22.9,251.0,36.4,980.5,97.18575610350074,100
2023-05-07 12:00:00+05:30,26.1,242.0,38.0,979.7,1.2772683173792911,100
2023-05-07 13:00:00+05:30,28.7,245.0,38.8,978.8,0.0,100
2023-05-07 14:00:00+05:30,29.3,251.0,38.9,977.7,0.0,100
2023-05-07 15:00:00+05:30,25.9,261.0,39.2,976.9,0.0,100
2023-05-07 16:00:00+05:30,27.0,272.0,39.0,976.1,0.0,100
2023-05-07 17:00:00+05:30,23.1,273.0,38.5,976.3,99.92953110741415,100
2023-05-07 18:00:00+05:30,13.8,279.0,37.2,976.4,98.32405125500205,100
2023-05-07 19:00:00+05:30,12.0,321.0,33.5,976.6,99.47971307272176,100
2023-05-07 20:00:00+05:30,8.2,293.0,30.8,977.1,18.668898095240372,100
2023-05-07 21:00:00+05:30,10.8,268.0,29.5,977.5,65.40784430699165,100
2023-05-07 22:00:00+05:30,8.8,305.0,28.0,977.9,25.837590780395274,100
2023-05-07 23:00:00+05:30,3.1,315.0,30.9,977.8,0.0,100
2023-05-08 00:00:00+05:30,3.9,202.0,30.8,977.4,0.0,100
2023-05-08 01:00:00+05:30,7.5,215.0,27.2,976.6,12.383667349681268,100
2023-05-08 02:00:00+05:30,5.6,225.0,28.7,976.3,2.103686928127682,100
2023-05-08 03:00:00+05:30,10.8,201.0,24.4,975.7,65.18840899176506,100
2023-05-08 04:00:00+05:30,20.4,224.0,25.8,976.4,96.22623972021744,100
2023-05-08 05:00:00+05:30,18.1,221.0,25.2,976.9,99.6671109544361,100
2023-05-08 06:00:00+05:30,18.3,225.0,25.0,977.5,96.69215169725365,100
2023-05-08 07:00:00+05:30,17.6,223.0,26.0,978.1,98.46818414087367,100
2023-05-08 08:00:00+05:30,16.8,225.0,28.4,978.9,99.35669895610184,100
2023-05-08 09:00:00+05:30,18.9,239.0,31.0,979.5,99.20551697572665,100
2023-05-08 10:00:00+05:30,17.2,254.0,33.6,979.7,98.80395905417227,100
2023-05-08 11:00:00+05:30,16.6,271.0,36.2,979.7,100.0,100
2023-05-08 12:00:00+05:30,18.4,270.0,38.0,979.2,100.0,100
2023-05-08 13:00:00+05:30,19.9,266.0,38.9,978.5,97.93046157355685,100
2023-05-08 14:00:00+05:30,21.0,263.0,39.5,977.6,100.0,100
2023-05-08 15:00:00+05:30,21.6,268.0,39.7,976.9,98.09241582898355,100
2023-05-08 16:00:00+05:30,21.7,275.0,39.6,976.5,100.0,100
2023-05-08 17:00:00+05:30,21.3,307.0,38.7,977.0,100.0,100
2023-05-08 18:00:00+05:30,17.9,326.0,37.4,977.1,100.0,100
2023-05-08 19:00:00+05:30,14.8,346.0,34.6,977.4,100.0,100
2023-05-08 20:00:00+05:30,15.9,6.0,32.8,977.8,100.0,100
2023-05-08 21:00:00+05:30,15.8,21.0,31.2,978.5,97.67016128564678,100
2023-05-08 22:00:00+05:30,11.9,61.0,29.3,979.0,95.36899172156704,100
2023-05-08 23:00:00+05:30,12.3,97.0,28.3,979.2,100.0,100
2023-05-09 00:00:00+05:30,13.5,99.0,27.6,979.0,98.33464000673524,100
2023-05-09 01:00:00+05:30,13.9,111.0,27.1,978.6,100.0,100
2023-05-09 02:00:00+05:30,13.8,131.0,25.9,978.1,100.0,100
2023-05-09 03:00:00+05:30,13.2,119.0,25.3,977.8,100.0,100
2023-05-09 04:00:00+05:30,16.3,155.0,24.7,978.2,93.89134298388156,100
2023-05-09 05:00:00+05:30,20.8,171.0,25.6,978.9,100.0,100
2023-05-09 06:00:00+05:30,20.8,166.0,25.9,979.4,96.54364463501626,100
2023-05-09 07:00:00+05:30,21.4,167.0,27.8,980.4,99.67223421819516,100
2023-05-09 08:00:00+05:30,17.6,165.0,31.0,981.3,99.39072610680654,100
2023-05-09 09:00:00+05:30,21.2,165.0,34.5,981.8,100.0,100
2023-05-09 10:00:00+05:30,21.7,175.0,36.9,982.0,95.61733624509426,100
2023-05-09 11:00:00+05:30,19.8,196.0,38.7,981.9,98.06347600131458,100
2023-05-09 12:00:00+05:30,17.2,200.0,39.8,981.5,100.0,100
2023-05-09 13:00:00+05:30,15.5,205.0,40.5,981.0,100.0,100
2023-05-09 14:00:00+05:30,15.6,214.0,40.9,980.1,100.0,100
2023-05-09 15:00:00+05:30,17.1,229.0,41.0,979.4,97.9586146155338,100
2023-05-09 16:00:00+05:30,17.9,245.0,40.8,978.7,95.82759814121873,100
2023-05-09 17:00:00+05:30,14.4,269.0,39.9,978.9,98.39005915223463,100
2023-05-09 18:00:00+05:30,11.2,291.0,39.1,978.9,75.17087874304612,100
2023-05-09 19:00:00+05:30,8.6,358.0,36.1,979.0,25.265678368548574,100
2023-05-09 20:00:00+05:30,6.6,77.0,34.5,979.0,4.207853060685865,100
2023-05-09 21:00:00+05:30,8.8,125.0,33.1,979.5,25.74933368122104,100
2023-05-09 22:00:00+05:30,7.4,151.0,32.2,979.8,12.458248404429728,100
2023-05-09 23:00:00+05:30,9.7,48.0,30.6,980.2,40.08190482360342,100
2023-05-10 00:00:00+05:30,8.3,72.0,28.9,980.1,22.091444523632777,100
2023-05-10 01:00:00+05:30,12.1,67.0,28.8,979.7,99.2883991029617,100
2023-05-10 02:00:00+05:30,13.2,73.0,28.2,979.4,100.0,100
2023-05-10 03:00:00+05:30,13.6,79.0,27.2,979.4,99.28135089512189,100
2023-05-10 04:00:00+05:30,14.0,90.0,26.6,979.5,100.0,100
2023-05-10 05:00:00+05:30,16.2,127.0,26.8,979.7,100.0,100
2023-05-10 06:00:00+05:30,18.1,136.0,26.7,980.0,99.08753083262312,100
2023-05-10 07:00:00+05:30,19.2,152.0,28.2,980.9,99.01565884559717,100
2023-05-10 08:00:00+05:30,16.8,157.0,30.6,981.5,98.07635538944238,100
2023-05-10 09:00:00+05:30,16.2,159.0,33.9,982.1,100.0,100
2023-05-10 10:00:00+05:30,19.1,177.0,37.1,982.2,99.79076443430364,100
2023-05-10 11:00:00+05:30,14.8,219.0,38.8,981.8,98.59969588354014,100
2023-05-10 12:00:00+05:30,13.3,257.0,39.9,981.2,97.67025139389285,100
2023-05-10 13:00:00+05:30,13.7,273.0,40.7,980.4,98.08197755256333,100
2023-05-10 14:00:00+05:30,14.1,285.0,41.2,979.6,100.0,100
2023-05-10 15:00:00+05:30,15.5,298.0,41.4,978.5,100.0,100
2023-05-10 16:00:00+05:30,16.0,306.0,41.2,978.0,100.0,100
2023-05-10 17:00:00+05:30,12.4,306.0,40.5,978.3,100.0,100
2023-05-10 18:00:00+05:30,8.6,270.0,39.7,978.3,25.122906849353054,100
2023-05-10 19:00:00+05:30,14.3,242.0,37.4,978.4,100.0,100
2023-05-10 20:00:00+05:30,14.4,257.0,36.0,978.7,100.0,100
2023-05-10 21:00:00+05:30,11.8,297.0,34.1,978.9,89.78476426775035,100
2023-05-10 22:00:00+05:30,10.9,316.0,32.7,979.1,67.01803254333117,100
2023-05-10 23:00:00+05:30,4.4,305.0,33.5,979.2,0.0,100
2023-05-11 00:00:00+05:30,6.6,241.0,30.7,979.1,5.819948711658863,100
2023-05-11 01:00:00+05:30,14.0,241.0,30.2,978.9,100.0,100
2023-05-11 02:00:00+05:30,7.1,255.0,30.3,978.8,9.171821255594981,100
2023-05-11 03:00:00+05:30,7.6,65.0,30.4,978.7,12.88655357944228,100
2023-05-11 04:00:00+05:30,8.9,122.0,27.7,978.7,28.804211131659073,100
2023-05-11 05:00:00+05:30,15.4,201.0,27.0,979.0,97.9112206427758,100
2023-05-11 06:00:00+05:30,16.6,202.0,27.1,979.7,100.0,100
2023-05-11 07:00:00+05:30,16.3,202.0,28.9,980.5,100.0,100
2023-05-11 08:00:00+05:30,14.0,203.0,32.2,981.3,100.0,100
2023-05-11 09:00:00+05:30,17.1,205.0,35.1,981.8,100.0,100
2023-05-11 10:00:00+05:30,17.8,212.0,38.0,981.8,98.7535284017675,100
2023-05-11 11:00:00+05:30,19.1,224.0,40.3,981.5,99.68137368083048,100
2023-05-11 12:00:00+05:30,18.6,229.0,41.4,981.0,97.99803540668603,100
2023-05-11 13:00:00+05:30,17.6,229.0,42.0,980.3,95.33161777229346,100
2023-05-11 14:00:00+05:30,16.4,230.0,42.4,979.4,98.61752205882888,100
2023-05-11 15:00:00+05:30,15.3,231.0,42.5,978.5,100.0,100
2023-05-11 16:00:00+05:30,13.6,230.0,42.3,978.0,97.44090771074396,100
2023-05-11 17:00:00+05:30,7.9,227.0,41.7,978.2,15.378115706086838,100
2023-05-11 18:00:00+05:30,6.4,232.0,40.5,978.2,4.38706073334819,100
2023-05-11 19:00:00+05:30,7.7,221.0,36.9,978.1,16.0629000915711,100
2023-05-11 20:00:00+05:30,10.8,184.0,35.3,978.5,66.8417630935783,100
2023-05-11 21:00:00+05:30,14.8,167.0,34.3,978.8,99.39490056080575,100
2023-05-11 22:00:00+05:30,14.4,184.0,33.8,979.2,99.78357791519174,100
2023-05-11 23:00:00+05:30,15.8,179.0,33.2,979.0,100.0,100
2023-05-12 00:00:00+05:30,16.2,184.0,32.6,978.5,100.0,100
2023-05-12 01:00:00+05:30,14.4,184.0,31.3,977.8,100.0,100
2023-05-12 02:00:00+05:30,18.0,196.0,30.4,977.7,100.0,100
2023-05-12 03:00:00+05:30,22.4,210.0,30.4,978.0,100.0,100
2023-05-12 04:00:00+05:30,19.6,221.0,29.2,978.3,100.0,100
2023-05-12 05:00:00+05:30,19.1,224.0,29.2,978.6,100.0,100
2023-05-12 06:00:00+05:30,18.5,217.0,28.8,979.0,96.89952157178479,100
2023-05-12 07:00:00+05:30,18.4,215.0,30.2,979.6,100.0,100
2023-05-12 08:00:00+05:30,16.4,209.0,32.7,980.3,98.16900139294032,100
2023-05-12 09:00:00+05:30,18.4,208.0,35.8,980.8,100.0,100
2023-05-12 10:00:00+05:30,19.6,212.0,39.2,980.7,100.0,100
2023-05-12 11:00:00+05:30,22.9,217.0,41.7,980.4,97.77250941679802,100
2023-05-12 12:00:00+05:30,21.9,216.0,42.8,979.8,97.76262894150689,100
2023-05-12 13:00:00+05:30,19.2,214.0,43.3,979.0,98.01258332883478,100
2023-05-12 14:00:00+05:30,16.7,217.0,43.6,978.1,99.6525258749879,100
2023-05-12 15:00:00+05:30,14.8,223.0,43.8,977.3,98.46757573556175,100
2023-05-12 16:00:00+05:30,14.5,228.0,43.7,977.0,98.7063730000925,100
2023-05-12 17:00:00+05:30,14.0,228.0,43.2,977.0,98.18768661946929,100
2023-05-12 18:00:00+05:30,12.6,233.0,42.2,976.9,97.02003026610969,100
2023-05-12 19:00:00+05:30,13.6,233.0,39.6,977.1,100.0,100
2023-05-12 20:00:00+05:30,17.1,228.0,38.1,977.4,100.0,100
2023-05-12 21:00:00+05:30,18.2,214.0,37.0,977.6,99.8876446779461,100
2023-05-12 22:00:00+05:30,17.5,212.0,36.6,977.9,100.0,100
2023-05-12 23:00:00+05:30,14.9,217.0,35.1,977.7,99.3645889012393,100
2023-05-13 00:00:00+05:30,17.4,214.0,34.5,977.2,96.98575715875988,100
2023-05-13 01:00:00+05:30,26.0,227.0,33.6,976.7,0.3150261095799601,100
2023-05-13 02:00:00+05:30,21.3,242.0,32.3,976.1,97.91103131179136,100
2023-05-13 03:00:00+05:30,17.7,243.0,31.3,976.1,99.96405913518778,100
2023-05-13 04:00:00+05:30,18.2,240.0,30.3,976.6,95.5600035846802,100
2023-05-13 05:00:00+05:30,19.0,217.0,30.1,976.9,99.19402009910361,100
2023-05-13 06:00:00+05:30,19.0,217.0,29.7,977.6,99.06062143007323,100
2023-05-13 07:00:00+05:30,21.0,215.0,30.9,978.5,99.46857903703875,100
2023-05-13 08:00:00+05:30,19.2,206.0,32.9,979.2,98.18181788036063,100
2023-05-13 09:00:00+05:30,22.2,207.0,35.7,979.6,97.11523847066482,100
2023-05-13 10:00:00+05:30,23.5,209.0,38.9,979.7,99.46376262998987,100
2023-05-13 11:00:00+05:30,26.5,217.0,41.7,979.5,0.0,100
2023-05-13 12:00:00+05:30,27.8,223.0,43.1,979.3,0.0,100
2023-05-13 13:00:00+05:30,22.9,217.0,43.5,978.8,98.30087393660475,100
2023-05-13 14:00:00+05:30,18.7,218.0,43.8,977.7,99.93456977034725,100
2023-05-13 15:00:00+05:30,16.3,225.0,43.8,977.1,98.72805018048173,100
2023-05-13 16:00:00+05:30,14.0,226.0,43.5,976.7,100.0,100
2023-05-13 17:00:00+05:30,15.1,242.0,43.2,976.2,100.0,100
2023-05-13 18:00:00+05:30,12.3,238.0,42.3,976.3,98.00618064846357,100
2023-05-13 19:00:00+05:30,12.0,219.0,39.6,976.2,99.04273159982164,100
2023-05-13 20:00:00+05:30,12.5,237.0,37.9,976.7,100.0,100
2023-05-13 21:00:00+05:30,8.9,249.0,35.7,977.2,26.859914958160054,100
2023-05-13 22:00:00+05:30,11.8,258.0,35.1,977.4,94.03447123965839,100
2023-05-13 23:00:00+05:30,23.8,231.0,35.3,977.6,100.0,100
2023-05-14 00:00:00+05:30,25.3,240.0,34.6,977.1,0.0,100
2023-05-14 01:00:00+05:30,20.3,237.0,33.1,976.5,100.0,100
2023-05-14 02:00:00+05:30,18.4,231.0,32.1,975.8,100.0,100
2023-05-14 03:00:00+05:30,19.4,220.0,31.1,975.3,100.0,100
2023-05-14 04:00:00+05:30,22.0,218.0,30.2,975.3,100.0,100
2023-05-14 05:00:00+05:30,18.1,221.0,29.3,975.6,100.0,100
2023-05-14 06:00:00+05:30,16.8,227.0,28.8,976.6,100.0,100
2023-05-14 07:00:00+05:30,14.2,207.0,29.6,976.9,100.0,100
2023-05-14 08:00:00+05:30,17.4,204.0,31.6,977.4,97.05421260062909,100
2023-05-14 09:00:00+05:30,11.2,213.0,33.3,978.2,75.3610920579538,100
2023-05-14 10:00:00+05:30,16.1,204.0,35.5,977.8,98.92228962002868,100
2023-05-14 11:00:00+05:30,14.9,217.0,37.8,977.5,100.0,100
2023-05-14 12:00:00+05:30,15.3,227.0,40.0,976.7,96.66963418860009,100
2023-05-14 13:00:00+05:30,14.7,239.0,41.5,975.9,98.46148657563481,100
2023-05-14 14:00:00+05:30,13.2,244.0,42.3,974.8,100.0,100
2023-05-14 15:00:00+05:30,15.6,247.0,43.0,973.8,96.26721348041647,100
2023-05-14 16:00:00+05:30,23.7,257.0,43.0,973.4,98.91799662804692,100
2023-05-14 17:00:00+05:30,8.7,265.0,42.1,973.3,24.96255444294148,100
2023-05-14 18:00:00+05:30,25.8,257.0,41.1,973.1,0.0,100
2023-05-14 19:00:00+05:30,28.2,247.0,39.7,973.5,0.0,100
2023-05-14 20:00:00+05:30,26.5,227.0,38.9,973.7,0.0,100
2023-05-14 21:00:00+05:30,6.3,211.0,37.3,974.1,5.8624686552837915,100
2023-05-14 22:00:00+05:30,23.2,213.0,36.7,974.7,100.0,100
2023-05-14 23:00:00+05:30,32.3,231.0,34.1,974.6,1.7335418048331135,100
2023-05-15 00:00:00+05:30,29.9,236.0,32.5,974.5,0.0,100
2023-05-15 01:00:00+05:30,26.0,239.0,30.8,974.4,0.0,100
2023-05-15 02:00:00+05:30,21.7,238.0,29.8,974.4,94.23754284720813,100
2023-05-15 03:00:00+05:30,23.9,236.0,28.7,974.7,99.63359477806883,100
2023-05-15 04:00:00+05:30,25.9,231.0,27.5,975.0,2.051328342950361,100
2023-05-15 05:00:00+05:30,29.0,212.0,26.9,975.1,0.7083212531004925,100
2023-05-15 06:00:00+05:30,28.8,214.0,25.8,975.7,0.0,100
2023-05-15 07:00:00+05:30,27.6,213.0,26.4,976.5,0.0,100
2023-05-15 08:00:00+05:30,28.2,208.0,27.9,976.9,0.4871963468706919,100
2023-05-15 09:00:00+05:30,30.8,204.0,30.0,977.4,0.0,100
2023-05-15 10:00:00+05:30,32.4,203.0,32.5,977.6,0.9812887735192212,100
2023-05-15 11:00:00+05:30,34.8,201.0,35.1,977.5,0.0,100
2023-05-15 12:00:00+05:30,36.6,204.0,37.1,977.0,0.0,100
2023-05-15 13:00:00+05:30,36.2,207.0,38.9,976.3,0.0,100
2023-05-15 14:00:00+05:30,35.9,209.0,40.3,975.2,0.0,100
2023-05-15 15:00:00+05:30,35.9,211.0,41.0,974.1,0.4930028983307662,100
2023-05-15 16:00:00+05:30,37.7,228.0,40.2,974.3,1.799249425259935,100
2023-05-15 17:00:00+05:30,31.4,214.0,40.0,974.0,0.0,100
2023-05-15 18:00:00+05:30,31.9,243.0,38.2,974.7,0.0,100
2023-05-15 19:00:00+05:30,18.6,248.0,36.6,975.1,99.77819722188656,100
2023-05-15 20:00:00+05:30,11.8,220.0,34.7,975.3,96.13900711810389,100
2023-05-15 21:00:00+05:30,11.6,202.0,33.7,975.8,89.05779007177388,100
2023-05-15 22:00:00+05:30,13.3,182.0,32.9,976.4,100.0,100
2023-05-15 23:00:00+05:30,20.0,214.0,32.6,976.4,99.88860986973529,100
2023-05-16 00:00:00+05:30,23.1,231.0,31.5,976.5,100.0,100
2023-05-16 01:00:00+05:30,25.5,228.0,30.0,976.0,1.984010207649483,100
2023-05-16 02:00:00+05:30,27.3,222.0,28.7,975.9,0.21605508202655554,100
2023-05-16 03:00:00+05:30,26.5,222.0,27.6,976.1,0.0,100
2023-05-16 04:00:00+05:30,27.6,220.0,26.6,976.3,1.8185559062786885,100
2023-05-16 05:00:00+05:30,27.7,196.0,26.0,977.2,0.9151949183338676,100
2023-05-16 06:00:00+05:30,30.0,196.0,25.6,977.9,0.0,100
2023-05-16 07:00:00+05:30,30.3,200.0,26.4,978.6,0.0,100
2023-05-16 08:00:00+05:30,34.1,208.0,27.9,979.2,1.5454546186331855,100
2023-05-16 09:00:00+05:30,33.1,211.0,29.9,979.6,0.0,100
2023-05-16 10:00:00+05:30,31.2,214.0,32.0,979.9,0.0,100
2023-05-16 11:00:00+05:30,30.1,214.0,34.0,979.5,1.6994058035225117,100
2023-05-16 12:00:00+05:30,29.8,215.0,36.1,978.8,0.9438312472667596,100
2023-05-16 13:00:00+05:30,28.7,215.0,37.5,977.9,1.7193470570209597,100
2023-05-16 14:00:00+05:30,28.3,221.0,38.8,977.1,0.8242007495967395,100
2023-05-16 15:00:00+05:30,29.1,228.0,39.7,975.8,0.0,100
2023-05-16 16:00:00+05:30,22.4,244.0,38.0,977.0,100.0,100
2023-05-16 17:00:00+05:30,20.6,251.0,38.4,977.3,100.0,100
2023-05-16 18:00:00+05:30,21.4,245.0,36.7,977.1,100.0,100
2023-05-16 19:00:00+05:30,7.8,236.0,35.0,977.3,14.152083132792269,100
2023-05-16 20:00:00+05:30,15.1,208.0,34.3,977.8,98.13870961112019,100
2023-05-16 21:00:00+05:30,12.9,203.0,33.6,978.5,99.38324025916508,100
2023-05-16 22:00:00+05:30,11.1,193.0,32.7,978.7,75.8948627033905,100
2023-05-16 23:00:00+05:30,16.3,198.0,32.1,978.1,98.79178105360334,100
2023-05-17 00:00:00+05:30,24.9,219.0,31.6,977.9,96.3503419719069,100
2023-05-17 01:00:00+05:30,24.7,227.0,29.7,977.3,98.8109592286112,100
2023-05-17 02:00:00+05:30,23.2,224.0,28.4,977.2,94.32027623264158,100
2023-05-17 03:00:00+05:30,24.6,218.0,27.4,977.3,97.62167150279058,100
2023-05-17 04:00:00+05:30,25.1,218.0,26.7,977.6,2.192687273247533,100
2023-05-17 05:00:00+05:30,22.1,214.0,26.7,978.1,100.0,100
2023-05-17 06:00:00+05:30,23.2,216.0,26.7,978.7,100.0,100
2023-05-17 07:00:00+05:30,27.7,218.0,27.2,979.4,0.0,100
2023-05-17 08:00:00+05:30,30.5,218.0,28.4,979.9,0.193575004205585,100
2023-05-17 09:00:00+05:30,31.2,216.0,30.2,980.5,0.0,100
2023-05-17 10:00:00+05:30,28.9,213.0,32.2,981.0,1.7567649735360187,100
2023-05-17 11:00:00+05:30,28.0,215.0,34.2,980.7,0.0,100
2023-05-17 12:00:00+05:30,28.5,217.0,35.9,979.9,0.458954203705801,100
2023-05-17 13:00:00+05:30,29.2,215.0,37.6,979.0,0.0,100
2023-05-17 14:00:00+05:30,29.2,215.0,39.0,977.6,1.7693913910021053,100
2023-05-17 15:00:00+05:30,29.7,216.0,40.1,976.7,1.4467947268954415,100
2023-05-17 16:00:00+05:30,31.2,220.0,40.4,976.7,0.18483172711039395,100
2023-05-17 17:00:00+05:30,22.4,222.0,40.4,976.9,100.0,100
2023-05-17 18:00:00+05:30,18.7,210.0,39.5,977.2,100.0,100
2023-05-17 19:00:00+05:30,19.3,209.0,37.2,977.5,100.0,100
2023-05-17 20:00:00+05:30,24.7,227.0,36.3,978.1,100.0,100
2023-05-17 21:00:00+05:30,29.7,237.0,35.0,978.9,0.0,100
2023-05-17 22:00:00+05:30,27.8,239.0,33.7,979.8,0.0,100
2023-05-17 23:00:00+05:30,28.1,239.0,32.1,980.3,0.6342152284205155,100
2023-05-18 00:00:00+05:30,27.3,228.0,30.6,980.2,1.4049120613609287,100
2023-05-18 01:00:00+05:30,25.8,221.0,29.3,979.6,0.7889118046464807,100
2023-05-18 02:00:00+05:30,27.7,219.0,28.0,979.3,0.8582726492186981,100
2023-05-18 03:00:00+05:30,28.2,231.0,26.9,979.7,0.11521574836791408,100
2023-05-18 04:00:00+05:30,26.0,226.0,26.1,980.0,1.12262250907587,100
2023-05-18 05:00:00+05:30,11.2,201.0,25.4,981.2,77.63875090843729,100
2023-05-18 06:00:00+05:30,11.8,200.0,25.5,982.1,95.11885803732879,100
2023-05-18 07:00:00+05:30,15.3,207.0,26.2,983.0,98.60742328266832,100
2023-05-18 08:00:00+05:30,14.0,209.0,27.8,983.7,99.21737506789611,100
2023-05-18 09:00:00+05:30,11.5,200.0,29.4,984.1,81.44580428605992,100
2023-05-18 10:00:00+05:30,11.4,193.0,31.2,984.0,81.2677997646204,100
2023-05-18 11:00:00+05:30,12.1,192.0,33.0,983.8,98.5804263093392,100
2023-05-18 12:00:00+05:30,12.2,194.0,34.6,983.4,100.0,100
2023-05-18 13:00:00+05:30,10.6,208.0,35.9,982.6,62.74709759177795,100
2023-05-18 14:00:00+05:30,8.9,230.0,37.0,981.6,29.419318222716118,100
2023-05-18 15:00:00+05:30,7.1,255.0,37.6,980.6,8.560685875194947,100
2023-05-18 16:00:00+05:30,6.0,303.0,38.1,980.0,4.698151410851333,100
2023-05-18 17:00:00+05:30,1.8,323.0,36.8,981.3,1.8677631463216695,100
2023-05-18 18:00:00+05:30,2.9,330.0,36.8,981.5,0.0,100
2023-05-18 19:00:00+05:30,6.6,338.0,36.3,981.7,8.963534836901559,100
2023-05-18 20:00:00+05:30,11.5,360.0,35.2,982.0,82.79873661966124,100
2023-05-18 21:00:00+05:30,11.3,17.0,34.1,982.2,79.98407147564821,100
2023-05-18 22:00:00+05:30,10.8,15.0,33.0,982.6,68.78625475440344,100
2023-05-18 23:00:00+05:30,12.8,38.0,31.9,982.3,99.99229641650585,100
2023-05-19 00:00:00+05:30,13.3,57.0,30.9,981.6,100.0,100
2023-05-19 01:00:00+05:30,11.4,55.0,29.8,981.2,77.59320568959946,100
2023-05-19 02:00:00+05:30,7.3,70.0,28.5,980.5,11.261680470043661,100
2023-05-19 03:00:00+05:30,6.4,106.0,27.5,980.7,5.152398638121731,100
2023-05-19 04:00:00+05:30,8.9,130.0,27.3,980.7,27.16322590418333,100
2023-05-19 05:00:00+05:30,9.5,143.0,28.1,981.3,36.67662456706523,100
2023-05-19 06:00:00+05:30,10.8,159.0,28.3,981.5,62.10056792507529,100
2023-05-19 07:00:00+05:30,11.1,155.0,30.3,982.3,73.75998488531276,100
2023-05-19 08:00:00+05:30,14.2,171.0,32.7,982.9,100.0,100
2023-05-19 09:00:00+05:30,15.3,172.0,34.7,983.0,100.0,100
2023-05-19 10:00:00+05:30,13.0,183.0,36.4,982.8,100.0,100
2023-05-19 11:00:00+05:30,10.1,207.0,38.0,982.6,48.97127460312513,100
2023-05-19 12:00:00+05:30,11.4,246.0,39.3,982.2,81.61233286780052,100
2023-05-19 13:00:00+05:30,15.1,267.0,40.2,981.3,100.0,100
2023-05-19 14:00:00+05:30,15.5,270.0,40.6,980.2,100.0,100
2023-05-19 15:00:00+05:30,13.0,276.0,41.0,979.4,97.97396482538768,100
2023-05-19 16:00:00+05:30,9.8,294.0,40.8,978.8,43.456898497393155,100
2023-05-19 17:00:00+05:30,14.8,288.0,40.5,978.6,100.0,100
2023-05-19 18:00:00+05:30,20.9,285.0,40.0,978.7,100.0,100
2023-05-19 19:00:00+05:30,17.0,274.0,39.0,978.8,99.44853271871071,100
2023-05-19 20:00:00+05:30,12.7,241.0,37.8,979.2,97.43293063213005,100
2023-05-19 21:00:00+05:30,11.4,204.0,36.2,979.7,81.45286837819094,100
2023-05-19 22:00:00+05:30,12.6,204.0,35.1,979.7,100.0,100
2023-05-19 23:00:00+05:30,13.7,225.0,34.5,979.4,99.969462267237,100
2023-05-20 00:00:00+05:30,17.2,233.0,34.1,979.0,100.0,100
2023-05-20 01:00:00+05:30,20.5,239.0,33.0,978.7,99.79807176985611,100
2023-05-20 02:00:00+05:30,19.8,251.0,31.8,978.3,100.0,100
2023-05-20 03:00:00+05:30,19.5,242.0,30.9,978.1,100.0,100
2023-05-20 04:00:00+05:30,21.5,235.0,30.3,978.1,99.16058753024772,100
2023-05-20 05:00:00+05:30,18.9,231.0,29.3,978.3,98.80582605088496,100
2023-05-20 06:00:00+05:30,20.1,224.0,28.9,978.8,100.0,100
2023-05-20 07:00:00+05:30,19.1,216.0,29.5,979.4,96.74452049385933,100
2023-05-20 08:00:00+05:30,22.5,219.0,31.5,979.7,100.0,100
2023-05-20 09:00:00+05:30,24.4,224.0,34.0,980.0,100.0,100
2023-05-20 10:00:00+05:30,26.7,227.0,36.6,980.2,1.914070638624159,100
2023-05-20 11:00:00+05:30,27.0,228.0,38.7,980.0,1.4746832786112851,100
2023-05-20 12:00:00+05:30,27.3,228.0,40.4,979.5,2.0531846703218157,100
2023-05-20 13:00:00+05:30,26.0,226.0,41.5,978.7,0.0,100
2023-05-20 14:00:00+05:30,23.7,228.0,42.1,978.0,100.0,100
2023-05-20 15:00:00+05:30,22.0,230.0,42.3,977.1,98.46948452907984,100
2023-05-20 16:00:00+05:30,20.0,232.0,42.4,976.8,99.75020137082811,100
2023-05-20 17:00:00+05:30,24.9,225.0,41.7,976.8,100.0,100
2023-05-20 18:00:00+05:30,22.5,221.0,40.9,977.2,99.74368186714524,100
2023-05-20 19:00:00+05:30,18.7,208.0,39.1,977.4,100.0,100
2023-05-20 20:00:00+05:30,20.9,207.0,37.8,977.8,100.0,100
2023-05-20 21:00:00+05:30,24.9,211.0,36.9,978.3,95.15335301765886,100
2023-05-20 22:00:00+05:30,30.5,219.0,35.7,978.7,0.0,100
2023-05-20 23:00:00+05:30,32.6,217.0,34.2,978.5,0.0,100
2023-05-21 00:00:00+05:30,33.9,227.0,32.8,978.3,0.9197102514716532,100
2023-05-21 01:00:00+05:30,33.4,226.0,31.1,978.0,0.9187655004070644,100
2023-05-21 02:00:00+05:30,33.6,223.0,29.7,977.6,0.0,100
2023-05-21 03:00:00+05:30,32.9,221.0,28.7,977.4,0.7986950073842377,100
2023-05-21 04:00:00+05:30,31.4,222.0,27.6,977.5,0.0,100
2023-05-21 05:00:00+05:30,31.7,219.0,27.0,977.8,1.247976325720014,100
2023-05-21 06:00:00+05:30,32.4,220.0,26.3,978.5,0.5479254063157879,100
2023-05-21 07:00:00+05:30,30.0,215.0,26.6,979.0,1.8342443548431795,100
2023-05-21 08:00:00+05:30,31.1,215.0,28.5,979.6,1.6803522833649573,100
2023-05-21 09:00:00+05:30,32.4,212.0,31.4,980.0,0.012923301081249708,100
2023-05-21 10:00:00+05:30,32.9,214.0,34.5,980.2,0.0791069269111206,100
2023-05-21 11:00:00+05:30,33.2,217.0,37.4,979.9,0.0,100
2023-05-21 12:00:00+05:30,33.8,218.0,39.7,979.6,0.18788996346523124,100
2023-05-21 13:00:00+05:30,33.0,219.0,41.2,979.0,0.0,100
2023-05-21 14:00:00+05:30,30.9,221.0,42.0,978.2,0.0,100
2023-05-21 15:00:00+05:30,28.9,220.0,42.3,977.5,0.0,100
2023-05-21 16:00:00+05:30,28.6,222.0,42.1,977.1,0.0,100
2023-05-21 17:00:00+05:30,26.0,224.0,40.9,978.0,0.0,100
2023-05-21 18:00:00+05:30,24.1,219.0,40.1,978.0,100.0,100
2023-05-21 19:00:00+05:30,19.2,210.0,38.5,978.4,100.0,100
2023-05-21 20:00:00+05:30,18.7,205.0,37.2,978.8,98.99410720239194,100
2023-05-21 21:00:00+05:30,18.7,199.0,36.0,979.5,97.18236816423672,100
2023-05-21 22:00:00+05:30,21.8,214.0,35.0,980.3,100.0,100
2023-05-21 23:00:00+05:30,26.7,224.0,33.3,980.1,0.5356763877107771,100
2023-05-22 00:00:00+05:30,30.4,216.0,31.8,979.7,0.13901517037204145,100
2023-05-22 01:00:00+05:30,30.8,218.0,30.5,979.2,0.0,100
2023-05-22 02:00:00+05:30,29.4,213.0,29.4,979.0,0.29127123264064547,100
2023-05-22 03:00:00+05:30,31.2,216.0,28.4,978.8,0.39933325483109816,100
2023-05-22 04:00:00+05:30,33.0,220.0,27.3,978.7,0.5325355508090086,100
2023-05-22 05:00:00+05:30,29.5,219.0,26.9,979.2,0.0,100
2023-05-22 06:00:00+05:30,29.4,213.0,26.4,979.8,0.0,100
2023-05-22 07:00:00+05:30,30.0,210.0,27.0,980.4,0.48810650622777424,100
2023-05-22 08:00:00+05:30,31.8,211.0,28.7,980.8,1.0478551932532965,100
2023-05-22 09:00:00+05:30,32.9,209.0,30.8,980.8,0.7904234722974127,100
2023-05-22 10:00:00+05:30,33.3,206.0,33.3,981.1,0.0,100
2023-05-22 11:00:00+05:30,32.9,209.0,36.0,980.8,0.0,100
2023-05-22 12:00:00+05:30,33.1,213.0,38.2,980.2,0.6031007729216374,100
2023-05-22 13:00:00+05:30,33.2,214.0,40.0,979.3,0.0,100
2023-05-22 14:00:00+05:30,32.1,215.0,41.0,978.4,1.6640748384830997,100
2023-05-22 15:00:00+05:30,31.3,218.0,41.4,977.5,1.6239577745194638,100
2023-05-22 16:00:00+05:30,29.7,218.0,41.2,976.9,0.0,100
2023-05-22 17:00:00+05:30,25.7,214.0,39.4,977.8,0.5994405837800838,100
2023-05-22 18:00:00+05:30,25.9,218.0,38.5,978.0,0.0,100
2023-05-22 19:00:00+05:30,21.0,219.0,37.6,978.4,99.75786090300478,100
2023-05-22 20:00:00+05:30,18.7,218.0,36.8,978.7,100.0,100
2023-05-22 21:00:00+05:30,16.1,214.0,35.9,979.3,98.92496012241457,100
2023-05-22 22:00:00+05:30,16.1,204.0,35.2,979.8,98.98746945863383,100
2023-05-22 23:00:00+05:30,21.1,200.0,34.5,979.8,100.0,100
2023-05-23 00:00:00+05:30,25.9,209.0,33.4,979.7,0.0,100
2023-05-23 01:00:00+05:30,28.3,206.0,32.1,979.5,0.7762910194443098,100
2023-05-23 02:00:00+05:30,29.2,210.0,30.9,979.2,0.9199266992302989,100
2023-05-23 03:00:00+05:30,29.6,212.0,29.8,979.2,0.9471510322051808,100
2023-05-23 04:00:00+05:30,29.7,209.0,28.9,978.9,0.0,100
2023-05-23 05:00:00+05:30,20.7,200.0,28.4,980.1,100.0,100
2023-05-23 06:00:00+05:30,24.3,195.0,27.7,980.3,96.09192343782594,100
2023-05-23 07:00:00+05:30,27.4,197.0,27.7,981.0,0.0,100
2023-05-23 08:00:00+05:30,28.0,206.0,28.9,981.5,0.4123345235647538,100
2023-05-23 09:00:00+05:30,27.9,204.0,30.9,981.6,0.0,100
2023-05-23 10:00:00+05:30,27.5,202.0,33.1,981.6,0.0,100
2023-05-23 11:00:00+05:30,28.1,203.0,35.0,981.3,0.44057737984252476,100
2023-05-23 12:00:00+05:30,29.2,204.0,36.8,980.7,0.0,100
2023-05-23 13:00:00+05:30,30.3,205.0,38.4,979.6,0.09637763551642489,100
2023-05-23 14:00:00+05:30,30.0,210.0,39.8,978.4,1.2604127642369554,100
2023-05-23 15:00:00+05:30,29.1,214.0,40.4,976.9,0.2381124142812999,100
2023-05-23 16:00:00+05:30,29.3,222.0,40.6,976.5,0.0,100
2023-05-23 17:00:00+05:30,22.1,214.0,38.9,976.7,100.0,100
2023-05-23 18:00:00+05:30,23.8,273.0,37.4,978.0,98.87660334203666,100
2023-05-23 19:00:00+05:30,17.8,262.0,36.2,978.7,100.0,100
2023-05-23 20:00:00+05:30,6.6,279.0,35.5,978.6,6.798165456219646,100
2023-05-23 21:00:00+05:30,8.0,252.0,34.6,978.5,15.555795178425292,100
2023-05-23 22:00:00+05:30,19.8,243.0,32.7,979.0,97.35186145474395,100
2023-05-23 23:00:00+05:30,20.2,229.0,31.7,978.6,98.92899530946933,100
2023-05-24 00:00:00+05:30,24.0,229.0,30.7,978.3,99.11815291944023,100
2023-05-24 01:00:00+05:30,27.3,220.0,29.6,977.7,0.20527805042466513,100
2023-05-24 02:00:00+05:30,28.3,217.0,28.9,977.2,0.4099005301975789,100
2023-05-24 03:00:00+05:30,27.1,220.0,28.4,976.9,0.464555012131755,100
2023-05-24 04:00:00+05:30,26.6,218.0,27.9,977.1,0.0,100
2023-05-24 05:00:00+05:30,23.1,211.0,28.5,977.5,100.0,100
2023-05-24 06:00:00+05:30,24.3,209.0,28.2,978.1,100.0,100
2023-05-24 07:00:00+05:30,27.8,211.0,28.6,978.5,0.0,100
2023-05-24 08:00:00+05:30,27.1,213.0,29.9,978.8,0.0,100
2023-05-24 09:00:00+05:30,24.8,216.0,31.8,979.0,100.0,100
2023-05-24 10:00:00+05:30,24.5,221.0,34.0,979.0,98.21701243269084,100
2023-05-24 11:00:00+05:30,23.4,223.0,36.0,978.8,100.0,100
2023-05-24 12:00:00+05:30,23.0,229.0,37.8,977.9,100.0,100
2023-05-24 13:00:00+05:30,19.7,235.0,39.0,976.8,99.17903144526166,100
2023-05-24 14:00:00+05:30,22.5,238.0,39.7,975.8,100.0,100
2023-05-24 15:00:00+05:30,12.2,268.0,38.7,975.3,100.0,100
2023-05-24 16:00:00+05:30,49.0,268.0,33.6,976.2,0.0,100
2023-05-24 17:00:00+05:30,18.6,238.0,40.2,974.7,100.0,100
2023-05-24 18:00:00+05:30,20.8,247.0,39.3,975.0,99.6511762161399,100
2023-05-24 19:00:00+05:30,19.6,234.0,37.4,975.2,95.56259847093186,100
2023-05-24 20:00:00+05:30,17.6,206.0,35.1,975.7,100.0,100
2023-05-24 21:00:00+05:30,21.9,205.0,34.1,976.1,97.77627987321578,100
2023-05-24 22:00:00+05:30,23.8,205.0,33.6,976.4,100.0,100
2023-05-24 23:00:00+05:30,28.8,214.0,32.7,976.6,0.04111459530380783,100
2023-05-25 00:00:00+05:30,31.4,217.0,31.4,976.3,0.0,100
2023-05-25 01:00:00+05:30,31.4,217.0,30.4,976.0,0.6364859392900056,100
2023-05-25 02:00:00+05:30,31.8,224.0,29.4,975.9,0.0,100
2023-05-25 03:00:00+05:30,27.1,213.0,28.5,975.4,0.6735649977801405,100
2023-05-25 04:00:00+05:30,28.6,211.0,27.6,975.3,0.0,100
2023-05-25 05:00:00+05:30,30.6,181.0,27.2,976.1,1.141081642951481,100
2023-05-25 06:00:00+05:30,30.8,186.0,26.9,976.3,0.0,100
2023-05-25 07:00:00+05:30,27.4,182.0,27.8,976.8,0.0,100
2023-05-25 08:00:00+05:30,32.7,191.0,29.6,977.1,0.0,100
2023-05-25 09:00:00+05:30,34.7,199.0,31.7,977.1,0.045254734815081334,100
2023-05-25 10:00:00+05:30,34.8,203.0,33.4,976.9,0.7641783816383849,100
2023-05-25 11:00:00+05:30,34.5,207.0,35.5,976.6,0.0,100
2023-05-25 12:00:00+05:30,33.5,212.0,37.4,975.9,0.0,100
2023-05-25 13:00:00+05:30,32.2,214.0,39.1,974.8,0.0,100
2023-05-25 14:00:00+05:30,31.7,219.0,40.5,973.5,0.37462410362066206,100
2023-05-25 15:00:00+05:30,46.6,251.0,40.3,973.4,0.31724617740695166,100
2023-05-25 16:00:00+05:30,29.1,239.0,39.5,972.8,0.9621835037054748,100
2023-05-25 17:00:00+05:30,27.1,311.0,39.0,973.7,0.0,100
2023-05-25 18:00:00+05:30,14.2,300.0,38.7,973.6,99.10518219303626,100
2023-05-25 19:00:00+05:30,10.3,348.0,36.0,974.0,54.16198507914373,100
2023-05-25 20:00:00+05:30,6.6,139.0,33.9,974.0,7.6183290153407635,100
2023-05-25 21:00:00+05:30,12.5,162.0,33.6,975.1,98.16659565600439,100
2023-05-25 22:00:00+05:30,25.8,229.0,32.9,975.6,0.0,100
2023-05-25 23:00:00+05:30,33.6,218.0,32.1,975.6,1.0355393136668014,100
2023-05-26 00:00:00+05:30,36.0,214.0,30.8,975.3,2.3688336416084805,100
2023-05-26 01:00:00+05:30,35.9,211.0,29.6,974.8,1.3266380629718255,100
2023-05-26 02:00:00+05:30,35.0,212.0,28.5,974.5,0.0,100
2023-05-26 03:00:00+05:30,35.5,215.0,27.8,974.4,0.0,100
2023-05-26 04:00:00+05:30,36.0,215.0,27.2,974.5,0.6353486074286231,100
2023-05-26 05:00:00+05:30,27.3,188.0,26.3,975.1,0.8935581112397954,100
2023-05-26 06:00:00+05:30,27.7,182.0,26.2,975.7,0.0,100
2023-05-26 07:00:00+05:30,33.0,188.0,27.2,976.3,0.0,100
2023-05-26 08:00:00+05:30,38.6,196.0,29.0,976.6,0.7216560782608776,100
2023-05-26 09:00:00+05:30,36.6,195.0,30.7,976.9,1.380305323139734,100
2023-05-26 10:00:00+05:30,35.2,196.0,32.8,976.7,0.0,100
2023-05-26 11:00:00+05:30,34.8,201.0,35.0,976.5,0.24624542539117167,100
2023-05-26 12:00:00+05:30,33.8,204.0,37.0,976.0,0.0,100
2023-05-26 13:00:00+05:30,33.3,206.0,38.8,975.2,0.0,100
2023-05-26 14:00:00+05:30,31.2,214.0,40.6,974.3,0.5499058637105364,100
2023-05-26 15:00:00+05:30,28.0,225.0,42.1,973.6,0.0,100
2023-05-26 16:00:00+05:30,23.0,238.0,42.8,973.1,100.0,100
2023-05-26 17:00:00+05:30,19.3,204.0,40.6,974.1,100.0,100
2023-05-26 18:00:00+05:30,20.7,193.0,40.1,974.1,100.0,100
2023-05-26 19:00:00+05:30,21.0,175.0,38.1,974.0,99.66131631012095,100
2023-05-26 20:00:00+05:30,24.6,175.0,36.5,974.2,100.0,100
2023-05-26 21:00:00+05:30,31.9,204.0,35.7,975.0,1.8513431693069684,100
2023-05-26 22:00:00+05:30,34.5,219.0,34.1,975.6,0.47564338407507556,100
2023-05-26 23:00:00+05:30,35.5,220.0,32.7,975.5,0.0,100
2023-05-27 00:00:00+05:30,34.4,222.0,31.3,975.4,0.0,100
2023-05-27 01:00:00+05:30,33.9,223.0,30.0,975.2,0.0,100
2023-05-27 02:00:00+05:30,32.4,217.0,28.8,974.8,0.32274749262757363,100
2023-05-27 03:00:00+05:30,31.7,212.0,27.9,974.6,2.0329264352902205,100
2023-05-27 04:00:00+05:30,30.7,214.0,27.2,974.6,0.5501236672279246,100
2023-05-27 05:00:00+05:30,24.8,193.0,27.2,974.7,100.0,100
2023-05-27 06:00:00+05:30,21.6,204.0,26.8,975.7,100.0,100
2023-05-27 07:00:00+05:30,24.3,212.0,27.6,976.7,100.0,100
2023-05-27 08:00:00+05:30,20.8,217.0,29.0,977.4,100.0,100
2023-05-27 09:00:00+05:30,17.8,216.0,30.6,977.9,100.0,100
2023-05-27 10:00:00+05:30,15.4,217.0,32.3,977.9,100.0,100
2023-05-27 11:00:00+05:30,10.0,229.0,33.8,977.9,50.30403760778693,100
2023-05-27 12:00:00+05:30,7.9,223.0,35.0,977.2,15.51070031729668,100
2023-05-27 13:00:00+05:30,4.9,234.0,36.3,976.4,0.23810505323848008,100
2023-05-27 14:00:00+05:30,3.9,236.0,37.5,975.6,0.0,100
2023-05-27 15:00:00+05:30,3.2,243.0,38.5,974.6,0.0,100
2023-05-27 16:00:00+05:30,4.7,293.0,39.2,974.0,0.6004636878724519,100
2023-05-27 17:00:00+05:30,5.9,223.0,38.6,975.0,4.257865714631445,100
2023-05-27 18:00:00+05:30,11.0,293.0,38.2,975.9,73.1280559970803,100
2023-05-27 19:00:00+05:30,6.5,304.0,37.4,975.5,4.303693451859504,100
2023-05-27 20:00:00+05:30,13.5,312.0,35.7,975.6,100.0,100
2023-05-27 21:00:00+05:30,11.4,332.0,34.5,976.1,81.97563545250276,100
2023-05-27 22:00:00+05:30,9.0,2.0,33.1,976.3,29.738307109484136,100
2023-05-27 23:00:00+05:30,3.3,319.0,33.3,976.4,0.0,100
2023-05-28 00:00:00+05:30,15.7,191.0,31.7,976.3,98.4617763926399,100
2023-05-28 01:00:00+05:30,11.7,236.0,30.7,975.8,89.42830949560758,100
2023-05-28 02:00:00+05:30,11.7,259.0,29.6,975.7,84.997005263352,100
2023-05-28 03:00:00+05:30,15.4,237.0,28.9,975.8,100.0,100
2023-05-28 04:00:00+05:30,16.4,230.0,28.2,976.1,100.0,100
2023-05-28 05:00:00+05:30,11.1,209.0,29.3,976.5,68.2691397552988,100
2023-05-28 06:00:00+05:30,13.1,189.0,29.2,977.1,100.0,100
2023-05-28 07:00:00+05:30,18.0,196.0,29.6,977.8,100.0,100
2023-05-28 08:00:00+05:30,20.9,207.0,31.1,978.1,98.49635380823648,100
2023-05-28 09:00:00+05:30,17.3,197.0,33.3,978.4,100.0,100
2023-05-28 10:00:00+05:30,14.0,198.0,35.6,978.5,98.70327721643639,100
2023-05-28 11:00:00+05:30,14.0,198.0,36.3,978.3,100.0,100
2023-05-28 12:00:00+05:30,4.0,170.0,37.6,978.0,0.0,100
2023-05-28 13:00:00+05:30,26.6,57.0,27.5,979.6,0.0,100
2023-05-28 14:00:00+05:30,24.0,107.0,27.7,977.7,95.42868918109868,100
2023-05-28 15:00:00+05:30,16.1,156.0,28.4,977.9,98.92099668459707,100
2023-05-28 16:00:00+05:30,24.9,175.0,28.5,977.6,100.0,100
2023-05-28 17:00:00+05:30,13.3,128.0,28.6,977.2,100.0,100
2023-05-28 18:00:00+05:30,14.9,83.0,29.1,977.7,99.93641789971826,100
2023-05-28 19:00:00+05:30,24.8,114.0,27.3,978.0,98.00295932161468,100
2023-05-28 20:00:00+05:30,27.8,138.0,25.8,979.2,0.0,100
2023-05-28 21:00:00+05:30,33.8,141.0,25.4,979.5,0.6989892460811594,100
2023-05-28 22:00:00+05:30,31.8,145.0,24.7,979.4,0.0,100
2023-05-28 23:00:00+05:30,25.0,144.0,24.8,979.2,100.0,100
2023-05-29 00:00:00+05:30,27.1,155.0,24.7,978.4,2.8804702069517782,100
2023-05-29 01:00:00+05:30,22.2,163.0,24.1,978.1,97.0978142326172,100
2023-05-29 02:00:00+05:30,19.2,167.0,23.8,977.6,97.16026214675132,100
2023-05-29 03:00:00+05:30,12.6,178.0,23.6,977.9,97.91613560094636,100
2023-05-29 04:00:00+05:30,3.6,37.0,23.5,978.6,0.3326925713001782,100
2023-05-29 05:00:00+05:30,7.7,281.0,23.9,979.9,13.413969880322455,100
2023-05-29 06:00:00+05:30,11.4,28.0,23.6,981.6,79.37959689375982,100
2023-05-29 07:00:00+05:30,12.0,51.0,24.0,982.1,100.0,100
2023-05-29 08:00:00+05:30,14.5,63.0,24.6,982.5,98.49024649118408,100
2023-05-29 09:00:00+05:30,11.2,105.0,25.9,982.3,73.51729363244375,100
2023-05-29 10:00:00+05:30,9.9,109.0,28.0,982.3,46.27549345661161,100
2023-05-29 11:00:00+05:30,7.2,117.0,29.5,982.1,8.57242986625645,100
2023-05-29 12:00:00+05:30,9.4,97.0,30.8,981.4,35.56527037414539,100
2023-05-29 13:00:00+05:30,11.2,92.0,31.2,980.6,73.23523945556624,100
2023-05-29 14:00:00+05:30,8.0,108.0,32.0,979.6,16.755297171996496,100
2023-05-29 15:00:00+05:30,6.3,167.0,30.6,979.2,3.371124611078595,100
2023-05-29 16:00:00+05:30,11.9,183.0,30.5,978.7,96.08927456067738,100
2023-05-29 17:00:00+05:30,10.1,163.0,31.4,979.1,49.598977135408,100
2023-05-29 18:00:00+05:30,10.2,212.0,30.6,980.0,51.371822059709345,100
2023-05-29 19:00:00+05:30,11.5,200.0,29.0,980.1,84.81405851552111,100
2023-05-29 20:00:00+05:30,21.7,199.0,26.1,980.1,98.98824155758908,100
2023-05-29 21:00:00+05:30,7.1,165.0,25.5,980.1,11.28024117563007,100
2023-05-29 22:00:00+05:30,12.0,131.0,25.6,980.0,100.0,100
2023-05-29 23:00:00+05:30,13.2,206.0,25.1,981.1,99.45545227622236,100
2023-05-30 00:00:00+05:30,10.7,200.0,24.6,981.1,64.73962657110557,100
2023-05-30 01:00:00+05:30,5.0,240.0,23.9,980.9,0.0,100
2023-05-30 02:00:00+05:30,12.0,319.0,23.8,981.5,98.6706714815054,100
2023-05-30 03:00:00+05:30,13.0,294.0,23.5,981.1,100.0,100
2023-05-30 04:00:00+05:30,12.1,127.0,23.2,979.0,100.0,100
2023-05-30 05:00:00+05:30,7.3,147.0,23.4,981.4,12.146103487595333,100
2023-05-30 06:00:00+05:30,6.6,112.0,22.8,981.4,5.9043008218496436,100
2023-05-30 07:00:00+05:30,8.3,90.0,24.3,981.8,20.78026123125754,100
2023-05-30 08:00:00+05:30,1.1,108.0,25.6,983.1,0.0,100
2023-05-30 09:00:00+05:30,4.8,153.0,27.1,983.2,1.669193765009445,100
2023-05-30 10:00:00+05:30,10.1,174.0,28.4,983.4,49.59940908722326,100
2023-05-30 11:00:00+05:30,19.8,170.0,28.6,982.7,96.89869807723086,100
2023-05-30 12:00:00+05:30,18.0,164.0,28.8,982.1,97.03248022110901,100
2023-05-30 13:00:00+05:30,12.0,201.0,29.2,981.7,97.48999169147211,100
2023-05-30 14:00:00+05:30,15.1,245.0,28.8,980.9,98.54134343684899,100
2023-05-30 15:00:00+05:30,11.9,235.0,29.0,980.1,96.0802833115769,100
2023-05-30 16:00:00+05:30,9.3,234.0,29.6,979.8,33.6226046579057,100
2023-05-30 17:00:00+05:30,12.5,303.0,29.9,980.1,100.0,100
2023-05-30 18:00:00+05:30,12.1,287.0,29.1,980.5,100.0,100
2023-05-30 19:00:00+05:30,11.2,285.0,27.5,981.1,79.52439033722438,100
2023-05-30 20:00:00+05:30,11.1,335.0,26.5,981.7,71.37145639703847,100
2023-05-30 21:00:00+05:30,12.3,3.0,26.0,981.9,97.70483414695097,100
2023-05-30 22:00:00+05:30,10.2,352.0,25.4,982.0,51.846136414560156,100
2023-05-30 23:00:00+05:30,6.3,336.0,24.8,982.2,3.2397000406226613,100
2023-05-31 00:00:00+05:30,3.1,324.0,24.6,981.6,0.0,100
2023-05-31 01:00:00+05:30,7.1,240.0,24.2,981.2,10.25542875053244,100
2023-05-31 02:00:00+05:30,1.8,270.0,24.0,980.4,0.0,100
2023-05-31 03:00:00+05:30,3.1,306.0,23.6,980.3,0.24041866165178427,100
2023-05-31 04:00:00+05:30,4.3,312.0,23.2,980.3,0.47868651317144195,100
2023-05-31 05:00:00+05:30,2.1,329.0,23.8,980.6,0.2208518494868041,100
2023-05-31 06:00:00+05:30,6.4,218.0,23.8,980.8,4.986306806383784,100
2023-05-31 07:00:00+05:30,5.0,180.0,24.9,981.1,0.26826394932315345,100
2023-05-31 08:00:00+05:30,8.0,185.0,26.7,981.4,17.775287852270154,100
2023-05-31 09:00:00+05:30,11.6,210.0,28.4,981.7,88.85657012555656,100
2023-05-31 10:00:00+05:30,14.6,220.0,29.3,981.6,100.0,100
2023-05-31 11:00:00+05:30,16.3,223.0,30.1,981.4,95.9960549361335,100
2023-05-31 12:00:00+05:30,16.9,230.0,30.8,980.8,100.0,100
2023-05-31 13:00:00+05:30,19.4,239.0,31.4,979.9,100.0,100
2023-05-31 14:00:00+05:30,20.7,239.0,31.6,979.4,96.62789245812186,100
2023-05-31 15:00:00+05:30,19.6,238.0,31.3,978.6,93.51565111633563,100
2023-05-31 16:00:00+05:30,17.7,243.0,31.7,977.9,98.37540335286944,100
2023-05-31 17:00:00+05:30,16.9,218.0,32.2,977.8,100.0,100
2023-05-31 18:00:00+05:30,10.5,218.0,31.8,977.8,55.17149855180012,100
2023-05-31 19:00:00+05:30,7.6,188.0,30.1,977.7,13.334584969373257,100
2023-05-31 20:00:00+05:30,11.8,142.0,29.2,977.4,91.83167961184755,100
2023-05-31 21:00:00+05:30,19.0,151.0,28.3,977.0,0.0,100
2023-05-31 22:00:00+05:30,19.8,177.0,27.8,977.7,100.0,100
2023-05-31 23:00:00+05:30,24.5,200.0,27.1,977.1,100.0,100
2023-06-01 00:00:00+05:30,28.3,229.0,26.8,976.8,0.0,100
2023-06-01 01:00:00+05:30,26.5,227.0,26.0,976.2,0.0,100
2023-06-01 02:00:00+05:30,12.3,249.0,25.2,977.5,99.79405008889935,100
2023-06-01 03:00:00+05:30,5.6,310.0,24.4,978.1,2.7023611064166717,100
2023-06-01 04:00:00+05:30,16.1,196.0,24.6,977.0,100.0,100
2023-06-01 05:00:00+05:30,11.4,114.0,25.0,977.7,80.49043064770377,100
2023-06-01 06:00:00+05:30,14.0,125.0,25.2,978.3,97.5706987179671,100
2023-06-01 07:00:00+05:30,19.4,140.0,26.2,978.3,100.0,100
2023-06-01 08:00:00+05:30,25.3,186.0,27.8,978.9,1.2913044449348285,100
2023-06-01 09:00:00+05:30,24.3,204.0,28.5,979.5,100.0,100
2023-06-01 10:00:00+05:30,22.7,207.0,29.3,979.4,100.0,100
2023-06-01 11:00:00+05:30,22.8,211.0,30.5,979.2,100.0,100
2023-06-01 12:00:00+05:30,22.4,213.0,31.1,978.8,99.533724547757,100
2023-06-01 13:00:00+05:30,22.4,222.0,32.5,978.2,100.0,100
2023-06-01 14:00:00+05:30,21.9,225.0,33.2,977.1,100.0,100
2023-06-01 15:00:00+05:30,19.6,234.0,33.5,976.3,99.01269447308447,100
2023-06-01 16:00:00+05:30,16.6,246.0,33.9,976.0,98.74990325631732,100
2023-06-01 17:00:00+05:30,11.9,241.0,33.4,976.6,96.29979392408538,100
2023-06-01 18:00:00+05:30,7.6,239.0,32.8,976.7,13.94808136130667,100
2023-06-01 19:00:00+05:30,5.9,169.0,31.4,976.9,2.389230668685875,100
2023-06-01 20:00:00+05:30,11.1,155.0,30.5,976.9,69.88683818174802,100
2023-06-01 21:00:00+05:30,8.3,90.0,29.5,977.4,20.247490599787692,100
2023-06-01 22:00:00+05:30,8.9,69.0,28.8,977.6,30.7605102977325,100
2023-06-01 23:00:00+05:30,11.8,23.0,28.3,977.8,92.63020344292187,100
2023-06-02 00:00:00+05:30,14.6,38.0,26.7,978.2,100.0,100
2023-06-02 01:00:00+05:30,11.8,50.0,25.8,978.2,91.24481129337426,100
2023-06-02 02:00:00+05:30,10.7,50.0,25.3,978.0,61.718825979291594,100
2023-06-02 03:00:00+05:30,10.0,69.0,24.9,977.9,48.86806900777685,100
2023-06-02 04:00:00+05:30,7.9,60.0,24.4,978.1,16.153286051870623,100
2023-06-02 05:00:00+05:30,9.8,107.0,24.8,978.2,43.52514614513815,100
2023-06-02 06:00:00+05:30,11.0,101.0,25.0,979.0,68.97146422808913,100
2023-06-02 07:00:00+05:30,9.1,108.0,26.3,979.6,29.558852364068546,100
2023-06-02 08:00:00+05:30,6.9,174.0,28.3,980.1,8.11321749785618,100
2023-06-02 09:00:00+05:30,10.5,239.0,30.0,980.3,56.857582676212665,100
2023-06-02 10:00:00+05:30,11.0,232.0,30.9,980.6,72.05049574732077,100
2023-06-02 11:00:00+05:30,9.3,216.0,32.0,980.2,32.917741599038344,100
2023-06-02 12:00:00+05:30,10.0,210.0,33.2,979.9,46.86106868833148,100
2023-06-02 13:00:00+05:30,10.5,221.0,34.3,979.2,59.569996422324664,100
2023-06-02 14:00:00+05:30,11.2,225.0,34.9,978.3,76.0321871419177,100
2023-06-02 15:00:00+05:30,9.7,228.0,35.1,977.4,38.48244859878669,100
2023-06-02 16:00:00+05:30,9.4,227.0,35.3,976.8,35.91019673380792,100
2023-06-02 17:00:00+05:30,6.4,286.0,34.6,977.2,5.645818350293075,100
2023-06-02 18:00:00+05:30,5.0,270.0,34.4,977.5,0.6677935778383293,100
2023-06-02 19:00:00+05:30,7.6,205.0,33.5,977.5,13.980983979225742,100
2023-06-02 20:00:00+05:30,6.8,183.0,32.2,977.6,7.09580855699539,100
2023-06-02 21:00:00+05:30,9.0,182.0,31.1,978.0,28.72603649025536,100
2023-06-02 22:00:00+05:30,6.5,183.0,30.3,978.3,3.2747353849496834,100
2023-06-02 23:00:00+05:30,5.1,184.0,29.4,978.2,1.7182024407977727,100
2023-06-03 00:00:00+05:30,5.9,191.0,28.7,977.8,2.2929140256341984,100
2023-06-03 01:00:00+05:30,4.3,175.0,28.2,977.4,0.8776919146221394,100
2023-06-03 02:00:00+05:30,5.8,83.0,27.8,977.0,4.358469558822038,100
2023-06-03 03:00:00+05:30,9.2,79.0,27.2,977.0,32.21592177903965,100
2023-06-03 04:00:00+05:30,9.0,92.0,26.8,977.3,29.087555562247097,100
2023-06-03 05:00:00+05:30,6.9,186.0,27.9,977.1,7.5647274178427635,100
2023-06-03 06:00:00+05:30,10.1,207.0,28.1,977.9,47.855302179127435,100
2023-06-03 07:00:00+05:30,9.5,209.0,28.7,978.9,38.396500990084576,100
2023-06-03 08:00:00+05:30,11.8,211.0,29.8,979.5,91.1518697928137,100
2023-06-03 09:00:00+05:30,11.6,206.0,31.3,979.8,88.67751387290579,100
2023-06-03 10:00:00+05:30,13.2,202.0,33.1,979.6,100.0,100
2023-06-03 11:00:00+05:30,15.3,195.0,34.7,979.1,100.0,100
2023-06-03 12:00:00+05:30,17.6,195.0,35.4,978.3,98.70580308500021,100
2023-06-03 13:00:00+05:30,12.6,182.0,35.8,978.3,100.0,100
2023-06-03 14:00:00+05:30,34.9,12.0,28.4,979.6,0.8456719091137661,100
2023-06-03 15:00:00+05:30,20.6,134.0,25.3,978.0,98.54058169931558,100
2023-06-03 16:00:00+05:30,16.5,160.0,27.0,976.7,100.0,100
2023-06-03 17:00:00+05:30,36.3,97.0,29.4,977.2,0.0,100
2023-06-03 18:00:00+05:30,24.8,152.0,29.0,975.8,100.0,100
2023-06-03 19:00:00+05:30,19.2,152.0,28.4,975.4,100.0,100
2023-06-03 20:00:00+05:30,13.0,136.0,28.1,976.5,100.0,100
2023-06-03 21:00:00+05:30,19.5,142.0,27.9,976.6,100.0,100
2023-06-03 22:00:00+05:30,16.9,156.0,28.1,977.1,99.4852160933986,100
2023-06-03 23:00:00+05:30,18.4,168.0,27.7,976.9,99.21825306117057,100
2023-06-04 00:00:00+05:30,12.0,164.0,26.9,976.7,100.0,100
2023-06-04 01:00:00+05:30,11.3,37.0,26.1,977.4,75.9979389134466,100
2023-06-04 02:00:00+05:30,8.6,90.0,24.8,977.2,22.902699395088675,100
2023-06-04 03:00:00+05:30,9.5,115.0,24.8,976.8,37.34930837999237,100
2023-06-04 04:00:00+05:30,6.9,28.0,24.5,977.7,7.440730474177879,100
2023-06-04 05:00:00+05:30,17.7,156.0,24.5,977.9,100.0,100
2023-06-04 06:00:00+05:30,23.4,170.0,24.0,978.1,98.34605063259005,100
2023-06-04 07:00:00+05:30,16.9,168.0,24.8,979.0,98.17689309707876,100
2023-06-04 08:00:00+05:30,14.6,170.0,26.3,979.7,100.0,100
2023-06-04 09:00:00+05:30,12.4,188.0,28.2,980.4,98.62484853115166,100
2023-06-04 10:00:00+05:30,13.6,220.0,29.8,980.9,100.0,100
2023-06-04 11:00:00+05:30,15.9,232.0,30.8,980.7,100.0,100
2023-06-04 12:00:00+05:30,15.3,219.0,32.3,980.2,99.77449791513568,100
2023-06-04 13:00:00+05:30,13.9,211.0,32.7,979.4,99.50281104962018,100
2023-06-04 14:00:00+05:30,12.6,207.0,33.2,978.3,100.0,100
2023-06-04 15:00:00+05:30,9.8,204.0,33.7,977.4,42.988608378370095,100
2023-06-04 16:00:00+05:30,5.8,187.0,33.9,976.6,2.033998374871088,100
2023-06-04 17:00:00+05:30,0.4,270.0,32.8,978.0,2.1306707035059804,100
2023-06-04 18:00:00+05:30,4.1,165.0,32.3,978.1,0.0,100
2023-06-04 19:00:00+05:30,5.4,184.0,30.1,978.0,1.3773600813261633,100
2023-06-04 20:00:00+05:30,7.2,198.0,28.9,977.9,9.2811910591133,100
2023-06-04 21:00:00+05:30,6.5,161.0,28.3,978.3,6.6253623530224015,100
2023-06-04 22:00:00+05:30,9.7,165.0,27.8,978.4,41.68660542662686,100
2023-06-04 23:00:00+05:30,8.2,165.0,26.9,978.3,17.702309031427795,100
2023-06-05 00:00:00+05:30,12.0,187.0,26.5,978.0,97.0098199705954,100
2023-06-05 01:00:00+05:30,6.9,174.0,25.8,977.6,7.264416912444886,100
2023-06-05 02:00:00+05:30,2.9,120.0,26.4,977.6,0.8021687364458376,100
2023-06-05 03:00:00+05:30,4.6,135.0,25.1,977.7,1.7304625144040333,100
2023-06-05 04:00:00+05:30,7.7,169.0,24.8,977.7,13.882435769332938,100
2023-06-05 05:00:00+05:30,9.8,172.0,24.8,977.8,44.325532292113984,100
2023-06-05 06:00:00+05:30,10.9,171.0,25.6,978.3,69.09295454993969,100
2023-06-05 07:00:00+05:30,10.1,178.0,27.3,979.0,49.45963377387112,100
2023-06-05 08:00:00+05:30,9.7,182.0,29.5,979.2,40.762579500573516,100
2023-06-05 09:00:00+05:30,11.7,189.0,31.7,979.5,88.50228819154209,100
2023-06-05 10:00:00+05:30,11.6,202.0,33.1,979.6,85.83302104132018,100
2023-06-05 11:00:00+05:30,9.2,201.0,34.1,979.3,33.91008725425224,100
2023-06-05 12:00:00+05:30,8.8,199.0,34.9,978.8,25.370641783565446,100
2023-06-05 13:00:00+05:30,5.4,228.0,35.5,978.1,1.0014433996873695,100
2023-06-05 14:00:00+05:30,11.5,200.0,32.2,977.9,85.91353412092703,100
2023-06-05 15:00:00+05:30,12.0,141.0,33.4,976.7,98.5875522653603,100
2023-06-05 16:00:00+05:30,13.3,167.0,34.2,976.1,99.97039424890004,100
2023-06-05 17:00:00+05:30,7.1,229.0,37.0,975.5,9.570184135229203,100
2023-06-05 18:00:00+05:30,4.5,256.0,35.8,975.8,0.824220344107493,100
2023-06-05 19:00:00+05:30,8.4,239.0,33.5,976.3,20.75689791555943,100
2023-06-05 20:00:00+05:30,12.6,182.0,31.4,975.9,99.64541976235029,100
2023-06-05 21:00:00+05:30,14.5,157.0,30.4,976.0,98.55465216399921,100
2023-06-05 22:00:00+05:30,19.1,160.0,29.4,976.4,98.98501769732444,100
2023-06-05 23:00:00+05:30,19.9,167.0,28.9,976.6,100.0,100
2023-06-06 00:00:00+05:30,18.0,168.0,28.2,976.3,98.55334826909194,100
2023-06-06 01:00:00+05:30,16.7,174.0,27.8,976.0,99.03226355886207,100
2023-06-06 02:00:00+05:30,15.1,183.0,27.5,975.9,97.94013011670471,100
2023-06-06 03:00:00+05:30,17.0,201.0,27.4,976.3,98.78333441789498,100
2023-06-06 04:00:00+05:30,16.4,206.0,26.7,976.2,100.0,100
2023-06-06 05:00:00+05:30,16.8,190.0,26.4,976.4,100.0,100
2023-06-06 06:00:00+05:30,16.6,185.0,26.7,976.9,100.0,100
2023-06-06 07:00:00+05:30,15.2,173.0,27.7,977.5,99.55974938699336,100
2023-06-06 08:00:00+05:30,21.6,169.0,29.5,977.8,100.0,100
2023-06-06 09:00:00+05:30,24.2,177.0,31.6,978.2,97.06036628451952,100
2023-06-06 10:00:00+05:30,23.4,182.0,33.7,978.4,95.72007919080183,100
2023-06-06 11:00:00+05:30,23.7,194.0,35.2,978.1,100.0,100
2023-06-06 12:00:00+05:30,23.4,194.0,36.3,977.6,98.26376507616544,100
2023-06-06 13:00:00+05:30,24.1,189.0,37.6,976.6,99.62660849617308,100
2023-06-06 14:00:00+05:30,23.8,178.0,38.8,975.5,100.0,100
2023-06-06 15:00:00+05:30,15.7,110.0,38.8,975.3,100.0,100
2023-06-06 16:00:00+05:30,18.9,125.0,35.7,975.6,100.0,100
2023-06-06 17:00:00+05:30,17.4,210.0,35.3,975.8,100.0,100
2023-06-06 18:00:00+05:30,7.4,141.0,34.5,976.2,11.595419028096643,100
2023-06-06 19:00:00+05:30,13.1,111.0,32.5,976.1,100.0,100
2023-06-06 20:00:00+05:30,13.5,132.0,30.9,976.3,98.21858809816202,100
2023-06-06 21:00:00+05:30,15.6,142.0,30.5,976.4,100.0,100
2023-06-06 22:00:00+05:30,17.5,143.0,30.2,976.7,98.13043042285051,100
2023-06-06 23:00:00+05:30,17.6,149.0,29.6,976.4,99.89865531384513,100
2023-06-07 00:00:00+05:30,18.2,166.0,29.3,976.1,100.0,100
2023-06-07 01:00:00+05:30,17.3,181.0,28.6,976.0,100.0,100
2023-06-07 02:00:00+05:30,15.3,195.0,27.9,976.0,100.0,100
2023-06-07 03:00:00+05:30,14.8,198.0,27.6,975.8,100.0,100
2023-06-07 04:00:00+05:30,16.1,209.0,27.4,975.8,98.61620959583372,100
2023-06-07 05:00:00+05:30,10.1,182.0,25.2,977.4,46.52134940387919,100
2023-06-07 06:00:00+05:30,14.4,177.0,26.1,977.4,100.0,100
2023-06-07 07:00:00+05:30,12.3,175.0,27.5,977.4,99.24739831474817,100
2023-06-07 08:00:00+05:30,13.7,178.0,29.6,977.4,100.0,100
2023-06-07 09:00:00+05:30,16.0,172.0,32.3,977.5,97.037861045913,100
2023-06-07 10:00:00+05:30,19.9,174.0,34.6,977.3,100.0,100
2023-06-07 11:00:00+05:30,19.5,176.0,36.4,977.0,100.0,100
2023-06-07 12:00:00+05:30,18.1,185.0,37.6,976.7,100.0,100
2023-06-07 13:00:00+05:30,16.7,194.0,38.2,976.2,100.0,100
2023-06-07 14:00:00+05:30,9.4,223.0,38.7,975.9,34.5139035059032,100
2023-06-07 15:00:00+05:30,5.0,69.0,32.8,976.0,1.9976480466476563,100
2023-06-07 16:00:00+05:30,23.7,147.0,32.1,974.6,98.20677746701568,100
2023-06-07 17:00:00+05:30,10.8,195.0,38.6,975.4,61.72968185726774,100
2023-06-07 18:00:00+05:30,14.4,180.0,37.6,975.2,100.0,100
2023-06-07 19:00:00+05:30,13.2,163.0,35.4,975.6,98.81898063204112,100
2023-06-07 20:00:00+05:30,15.4,164.0,33.9,975.9,98.34492862277911,100
2023-06-07 21:00:00+05:30,14.2,153.0,32.8,976.3,99.86841870577932,100
2023-06-07 22:00:00+05:30,14.1,165.0,32.1,977.1,100.0,100
2023-06-07 23:00:00+05:30,14.5,187.0,31.3,977.2,100.0,100
2023-06-08 00:00:00+05:30,14.4,183.0,30.9,976.7,97.207221332822,100
2023-06-08 01:00:00+05:30,14.8,176.0,30.5,976.1,98.07970130228969,100
2023-06-08 02:00:00+05:30,13.9,190.0,29.9,976.0,98.59727099985606,100
2023-06-08 03:00:00+05:30,20.7,220.0,29.5,976.7,100.0,100
2023-06-08 04:00:00+05:30,21.4,228.0,28.4,977.0,100.0,100
2023-06-08 05:00:00+05:30,16.2,217.0,28.2,977.5,100.0,100
2023-06-08 06:00:00+05:30,15.6,206.0,28.1,977.9,99.67483760027358,100
2023-06-08 07:00:00+05:30,17.3,203.0,28.9,978.3,100.0,100
2023-06-08 08:00:00+05:30,18.0,206.0,30.6,978.5,97.62162701818089,100
2023-06-08 09:00:00+05:30,22.8,201.0,32.3,978.8,100.0,100
2023-06-08 10:00:00+05:30,23.8,200.0,33.8,978.9,99.67422644217802,100
2023-06-08 11:00:00+05:30,24.3,201.0,35.4,978.7,100.0,100
2023-06-08 12:00:00+05:30,24.5,202.0,36.8,978.1,100.0,100
2023-06-08 13:00:00+05:30,24.3,204.0,38.1,977.5,99.98982693136423,100
2023-06-08 14:00:00+05:30,20.3,207.0,39.0,977.1,94.45726892792906,100
2023-06-08 15:00:00+05:30,19.2,208.0,39.2,976.3,100.0,100
2023-06-08 16:00:00+05:30,21.5,218.0,39.2,975.2,100.0,100
2023-06-08 17:00:00+05:30,20.9,229.0,39.1,974.9,94.18536250313491,100
2023-06-08 18:00:00+05:30,19.6,229.0,37.4,975.4,100.0,100
2023-06-08 19:00:00+05:30,19.2,240.0,36.3,975.9,100.0,100
2023-06-08 20:00:00+05:30,14.3,225.0,35.1,975.9,96.58982012145856,100
2023-06-08 21:00:00+05:30,15.0,197.0,34.2,975.7,99.36144147311038,100
2023-06-08 22:00:00+05:30,17.9,199.0,33.6,975.7,100.0,100
2023-06-08 23:00:00+05:30,21.3,206.0,33.1,975.7,98.48542331585458,100
2023-06-09 00:00:00+05:30,26.0,211.0,32.0,975.6,1.2144473226573045,100
2023-06-09 01:00:00+05:30,28.5,217.0,30.9,975.5,0.0,100
2023-06-09 02:00:00+05:30,30.0,224.0,29.8,975.1,0.33899721697612323,100
2023-06-09 03:00:00+05:30,29.0,225.0,28.9,974.9,0.19130228975966057,100
2023-06-09 04:00:00+05:30,25.5,224.0,28.1,975.0,0.0,100
2023-06-09 05:00:00+05:30,25.5,222.0,27.4,975.3,0.0,100
2023-06-09 06:00:00+05:30,21.5,218.0,27.7,976.0,96.86727584584514,100
2023-06-09 07:00:00+05:30,26.2,217.0,28.0,976.3,1.0613300227713627,100
2023-06-09 08:00:00+05:30,26.7,217.0,29.0,976.4,0.0,100
2023-06-09 09:00:00+05:30,26.3,220.0,30.8,976.4,1.2550807421577888,100
2023-06-09 10:00:00+05:30,26.4,218.0,32.7,976.4,0.9646263388055862,100
2023-06-09 11:00:00+05:30,28.6,214.0,34.5,976.1,1.0573908237892478,100
2023-06-09 12:00:00+05:30,29.9,216.0,36.2,975.4,0.0,100
2023-06-09 13:00:00+05:30,30.4,220.0,37.6,974.5,0.17431528710160957,100
2023-06-09 14:00:00+05:30,30.3,225.0,38.6,973.4,0.0,100
2023-06-09 15:00:00+05:30,29.1,230.0,39.1,972.5,0.0,100
2023-06-09 16:00:00+05:30,27.2,233.0,39.5,971.7,2.44379641509543,100
2023-06-09 17:00:00+05:30,25.4,231.0,39.6,971.2,0.0,100
2023-06-09 18:00:00+05:30,23.4,225.0,37.9,972.3,100.0,100
2023-06-09 19:00:00+05:30,20.9,221.0,37.0,972.5,99.50232045307696,100
2023-06-09 20:00:00+05:30,16.8,222.0,36.1,972.9,99.85857013010927,100
2023-06-09 21:00:00+05:30,16.8,228.0,35.3,973.5,100.0,100
2023-06-09 22:00:00+05:30,22.3,236.0,34.3,973.5,99.25475247154179,100
2023-06-09 23:00:00+05:30,25.4,231.0,33.2,973.5,0.4755833147685589,100
2023-06-10 00:00:00+05:30,28.5,224.0,32.0,972.7,0.7379247425602181,100
2023-06-10 01:00:00+05:30,30.8,224.0,30.7,972.2,0.5330440654913035,100
2023-06-10 02:00:00+05:30,30.0,226.0,29.7,972.1,0.0,100
2023-06-10 03:00:00+05:30,29.5,225.0,28.8,972.4,0.0,100
2023-06-10 04:00:00+05:30,30.0,225.0,27.8,972.5,0.0,100
2023-06-10 05:00:00+05:30,26.2,223.0,27.4,972.9,0.0,100
2023-06-10 06:00:00+05:30,26.8,221.0,26.9,973.7,0.0,100
2023-06-10 07:00:00+05:30,30.4,214.0,27.3,974.2,0.21830462488719996,100
2023-06-10 08:00:00+05:30,34.0,212.0,28.7,974.3,0.0,100
2023-06-10 09:00:00+05:30,36.3,210.0,30.7,974.6,0.0,100
2023-06-10 10:00:00+05:30,38.1,211.0,33.2,974.6,0.11439996851575694,100
2023-06-10 11:00:00+05:30,40.4,212.0,35.4,974.4,0.0,100
2023-06-10 12:00:00+05:30,41.0,216.0,37.4,973.7,0.0,100
2023-06-10 13:00:00+05:30,39.6,219.0,39.0,972.8,0.4954362389272794,100
2023-06-10 14:00:00+05:30,38.7,223.0,40.1,971.6,0.0,100
2023-06-10 15:00:00+05:30,37.4,226.0,40.5,970.8,0.0,100
2023-06-10 16:00:00+05:30,35.4,226.0,40.5,970.4,0.0,100
2023-06-10 17:00:00+05:30,32.9,222.0,38.7,970.7,1.4825855146103157,100
2023-06-10 18:00:00+05:30,30.8,227.0,38.3,971.2,0.0,100
2023-06-10 19:00:00+05:30,22.4,244.0,37.6,972.3,99.47772068658857,100
2023-06-10 20:00:00+05:30,20.6,237.0,36.6,972.3,100.0,100
2023-06-10 21:00:00+05:30,22.8,231.0,35.6,972.4,100.0,100
2023-06-10 22:00:00+05:30,20.1,241.0,34.5,972.9,99.1671771204579,100
2023-06-10 23:00:00+05:30,27.5,226.0,33.8,972.2,0.0,100
2023-06-11 00:00:00+05:30,27.2,227.0,33.0,972.1,1.0976613343758586,100
2023-06-11 01:00:00+05:30,28.0,226.0,32.1,971.4,0.0,100
2023-06-11 02:00:00+05:30,28.3,223.0,31.2,971.1,0.19473637482809122,100
2023-06-11 03:00:00+05:30,25.2,236.0,30.4,971.7,1.446587370689886,100
2023-06-11 04:00:00+05:30,26.4,232.0,29.5,972.0,0.0,100
2023-06-11 05:00:00+05:30,16.7,213.0,28.8,974.0,100.0,100
2023-06-11 06:00:00+05:30,19.0,205.0,28.6,974.3,100.0,100
2023-06-11 07:00:00+05:30,26.2,201.0,29.3,974.6,0.7386858549184698,100
2023-06-11 08:00:00+05:30,33.0,202.0,30.7,974.4,0.0,100
2023-06-11 09:00:00+05:30,36.6,203.0,32.3,974.5,0.0,100
2023-06-11 10:00:00+05:30,36.2,208.0,34.2,974.5,0.0,100
2023-06-11 11:00:00+05:30,35.5,213.0,35.9,974.3,1.6030477882957452,100
2023-06-11 12:00:00+05:30,35.0,212.0,37.4,973.8,1.6681880672560534,100
2023-06-11 13:00:00+05:30,33.5,213.0,38.8,973.0,0.6729854912972213,100
2023-06-11 14:00:00+05:30,32.6,217.0,39.8,972.0,0.0,100
2023-06-11 15:00:00+05:30,31.8,219.0,40.3,971.3,0.5668253488675237,100
2023-06-11 16:00:00+05:30,31.0,219.0,40.4,970.7,0.0,100
2023-06-11 17:00:00+05:30,24.8,221.0,39.0,971.9,100.0,100
2023-06-11 18:00:00+05:30,23.5,220.0,38.5,972.1,99.67542256122266,100
2023-06-11 19:00:00+05:30,18.8,227.0,37.4,972.6,97.55245718718085,100
2023-06-11 20:00:00+05:30,14.8,227.0,36.2,973.0,98.7702243842737,100
2023-06-11 21:00:00+05:30,13.6,212.0,35.5,973.2,100.0,100
2023-06-11 22:00:00+05:30,13.7,207.0,34.6,973.4,98.95703888677907,100
2023-06-11 23:00:00+05:30,15.6,203.0,34.0,973.2,100.0,100
2023-06-12 00:00:00+05:30,17.9,190.0,33.9,972.8,99.81761439457846,100
2023-06-12 01:00:00+05:30,24.1,181.0,33.5,972.5,100.0,100
2023-06-12 02:00:00+05:30,25.8,199.0,32.8,972.5,1.5941872019890717,100
2023-06-12 03:00:00+05:30,28.1,196.0,32.0,972.7,0.0,100
2023-06-12 04:00:00+05:30,29.1,198.0,31.4,973.2,1.8357290933470967,100
2023-06-12 05:00:00+05:30,28.4,202.0,30.5,972.7,0.9631234453708041,100
2023-06-12 06:00:00+05:30,26.5,201.0,30.0,973.6,0.37033375650845063,100
2023-06-12 07:00:00+05:30,24.9,198.0,30.4,974.2,100.0,100
2023-06-12 08:00:00+05:30,26.7,196.0,31.4,974.8,0.0,100
2023-06-12 09:00:00+05:30,27.4,197.0,33.0,975.2,0.8764692080433838,100
2023-06-12 10:00:00+05:30,29.0,200.0,34.7,975.0,0.0,100
2023-06-12 11:00:00+05:30,28.9,201.0,36.3,974.4,0.0,100
2023-06-12 12:00:00+05:30,28.5,196.0,37.8,973.8,0.0,100
2023-06-12 13:00:00+05:30,28.0,193.0,39.2,973.1,1.474627622763106,100
2023-06-12 14:00:00+05:30,27.7,189.0,40.2,972.3,0.5635745987257964,100
2023-06-12 15:00:00+05:30,27.9,186.0,40.6,971.7,0.0,100
2023-06-12 16:00:00+05:30,26.8,186.0,40.6,971.5,0.0,100
2023-06-12 17:00:00+05:30,20.9,184.0,39.1,971.7,97.32265914095011,100
2023-06-12 18:00:00+05:30,23.7,189.0,38.5,972.0,100.0,100
2023-06-12 19:00:00+05:30,23.9,187.0,37.4,972.5,99.81668368691997,100
2023-06-12 20:00:00+05:30,19.7,188.0,36.6,973.0,100.0,100
2023-06-12 21:00:00+05:30,21.3,191.0,35.8,973.5,100.0,100
2023-06-12 22:00:00+05:30,30.1,186.0,34.5,974.0,1.9288621011462705,100
2023-06-12 23:00:00+05:30,29.7,186.0,33.2,974.2,0.0,100
2023-06-13 00:00:00+05:30,26.3,184.0,32.6,974.0,0.0,100
2023-06-13 01:00:00+05:30,28.5,184.0,31.7,973.5,0.0,100
2023-06-13 02:00:00+05:30,27.4,182.0,30.7,973.1,1.3334688654966396,100
2023-06-13 03:00:00+05:30,26.3,179.0,30.0,973.2,0.0,100
2023-06-13 04:00:00+05:30,24.5,182.0,29.1,973.6,95.68368113152184,100
2023-06-13 05:00:00+05:30,14.4,183.0,29.2,973.8,100.0,100
2023-06-13 06:00:00+05:30,14.4,179.0,29.2,974.3,100.0,100
2023-06-13 07:00:00+05:30,16.2,177.0,30.1,974.9,100.0,100
2023-06-13 08:00:00+05:30,22.1,173.0,31.4,975.4,99.10575027760022,100
2023-06-13 09:00:00+05:30,25.3,175.0,32.9,975.7,0.015348838473533239,100
2023-06-13 10:00:00+05:30,26.3,180.0,34.9,975.6,0.4335909160322901,100
2023-06-13 11:00:00+05:30,26.8,186.0,36.8,975.2,0.0,100
2023-06-13 12:00:00+05:30,26.3,183.0,38.0,974.4,0.0,100
2023-06-13 13:00:00+05:30,26.3,178.0,39.2,973.6,0.2896299874685681,100
2023-06-13 14:00:00+05:30,28.1,179.0,39.7,972.4,1.1196791304836622,100
2023-06-13 15:00:00+05:30,28.2,184.0,40.1,971.5,1.1413028024416672,100
2023-06-13 16:00:00+05:30,28.5,184.0,39.4,971.3,0.0,100
2023-06-13 17:00:00+05:30,20.8,189.0,37.9,971.9,99.9085671896478,100
2023-06-13 18:00:00+05:30,20.5,190.0,37.5,971.9,98.076625283857,100
2023-06-13 19:00:00+05:30,21.7,186.0,36.9,972.1,100.0,100
2023-06-13 20:00:00+05:30,25.8,192.0,36.2,972.5,0.25027692807864554,100
2023-06-13 21:00:00+05:30,30.1,191.0,35.2,973.3,0.0,100
2023-06-13 22:00:00+05:30,25.8,195.0,32.9,973.9,1.0512591127011586,100
2023-06-13 23:00:00+05:30,26.5,195.0,31.8,974.2,0.9646239688270416,100
2023-06-14 00:00:00+05:30,22.9,199.0,31.3,974.0,100.0,100
2023-06-14 01:00:00+05:30,20.8,203.0,30.7,973.6,99.42110954349536,100
2023-06-14 02:00:00+05:30,19.7,198.0,30.2,973.4,99.72892210807387,100
2023-06-14 03:00:00+05:30,21.0,193.0,30.0,973.7,100.0,100
2023-06-14 04:00:00+05:30,22.3,189.0,29.6,973.8,100.0,100
2023-06-14 05:00:00+05:30,23.1,185.0,29.7,974.2,100.0,100
2023-06-14 06:00:00+05:30,23.1,191.0,29.2,975.0,97.7769144358159,100
2023-06-14 07:00:00+05:30,22.1,187.0,29.5,975.4,100.0,100
2023-06-14 08:00:00+05:30,26.1,186.0,30.4,975.9,0.0,100
2023-06-14 09:00:00+05:30,28.3,187.0,31.8,976.1,0.0,100
2023-06-14 10:00:00+05:30,31.4,193.0,33.5,976.1,0.18801241423310508,100
2023-06-14 11:00:00+05:30,29.1,195.0,34.9,975.7,0.0,100
2023-06-14 12:00:00+05:30,27.6,192.0,35.8,974.9,0.0,100
2023-06-14 13:00:00+05:30,27.2,195.0,37.3,974.1,0.0,100
2023-06-14 14:00:00+05:30,28.7,198.0,38.1,973.2,0.12233521393048033,100
2023-06-14 15:00:00+05:30,28.8,198.0,38.7,972.4,0.0,100
2023-06-14 16:00:00+05:30,31.3,199.0,38.5,971.9,0.14869627672409438,100
2023-06-14 17:00:00+05:30,25.1,192.0,37.4,972.4,1.6873865020985208,100
2023-06-14 18:00:00+05:30,31.0,193.0,37.0,972.4,0.5321071773678748,100
2023-06-14 19:00:00+05:30,32.6,203.0,35.4,973.1,0.0,100
2023-06-14 20:00:00+05:30,27.9,207.0,33.1,973.7,0.0,100
2023-06-14 21:00:00+05:30,26.9,205.0,33.0,974.2,0.0,100
2023-06-14 22:00:00+05:30,31.0,200.0,32.6,974.6,1.9281221146207594,100
2023-06-14 23:00:00+05:30,30.9,201.0,31.8,974.7,0.0,100
2023-06-15 00:00:00+05:30,29.9,207.0,30.9,974.7,0.12154006081260135,100
2023-06-15 01:00:00+05:30,25.5,203.0,30.1,974.2,0.0,100
2023-06-15 02:00:00+05:30,22.2,205.0,29.5,973.8,100.0,100
2023-06-15 03:00:00+05:30,19.9,202.0,29.0,974.1,99.99096172082648,100
2023-06-15 04:00:00+05:30,21.9,189.0,28.5,974.3,100.0,100
2023-06-15 05:00:00+05:30,18.7,191.0,28.0,974.2,100.0,100
2023-06-15 06:00:00+05:30,14.6,190.0,27.8,975.1,100.0,100
2023-06-15 07:00:00+05:30,17.0,175.0,28.5,975.5,100.0,100
2023-06-15 08:00:00+05:30,25.0,173.0,29.7,975.7,100.0,100
2023-06-15 09:00:00+05:30,24.3,174.0,31.3,975.9,100.0,100
2023-06-15 10:00:00+05:30,26.0,175.0,33.2,975.6,0.0,100
2023-06-15 11:00:00+05:30,27.6,173.0,34.1,975.0,0.18299988623100288,100
2023-06-15 12:00:00+05:30,27.5,175.0,35.6,974.3,0.22506058706204746,100
2023-06-15 13:00:00+05:30,27.6,173.0,35.8,973.7,0.0,100
2023-06-15 14:00:00+05:30,24.6,174.0,36.6,972.9,98.97714120851404,100
2023-06-15 15:00:00+05:30,26.5,173.0,37.3,972.1,0.24579772203932482,100
2023-06-15 16:00:00+05:30,25.8,167.0,36.7,971.8,1.276705198250311,100
2023-06-15 17:00:00+05:30,32.6,169.0,33.3,972.7,0.0,100
2023-06-15 18:00:00+05:30,27.4,142.0,27.0,973.6,1.317202170593349,100
2023-06-15 19:00:00+05:30,11.9,85.0,27.3,973.3,94.7721179909178,100
2023-06-15 20:00:00+05:30,14.8,119.0,28.3,974.0,100.0,100
2023-06-15 21:00:00+05:30,22.9,158.0,27.9,974.4,100.0,100
2023-06-15 22:00:00+05:30,31.1,155.0,27.5,974.5,0.0,100
2023-06-15 23:00:00+05:30,25.5,149.0,26.8,974.1,0.3364800892084951,100
2023-06-16 00:00:00+05:30,22.6,143.0,26.4,973.6,100.0,100
2023-06-16 01:00:00+05:30,23.4,143.0,26.2,973.0,94.09803576648507,100
2023-06-16 02:00:00+05:30,24.2,139.0,26.3,972.4,100.0,100
2023-06-16 03:00:00+05:30,26.3,147.0,26.2,972.1,0.0,100
2023-06-16 04:00:00+05:30,21.4,138.0,25.7,972.2,100.0,100
2023-06-16 05:00:00+05:30,20.6,133.0,27.2,972.8,100.0,100
2023-06-16 06:00:00+05:30,17.1,120.0,27.2,973.1,98.69786735892903,100
2023-06-16 07:00:00+05:30,23.5,126.0,27.8,973.2,100.0,100
2023-06-16 08:00:00+05:30,26.0,121.0,28.6,973.5,0.10149927954663697,100
2023-06-16 09:00:00+05:30,27.1,113.0,29.7,973.8,1.2538361456112765,100
2023-06-16 10:00:00+05:30,27.4,104.0,29.8,973.6,0.3630966692903617,100
2023-06-16 11:00:00+05:30,27.7,108.0,31.7,973.2,0.0,100
2023-06-16 12:00:00+05:30,25.7,132.0,29.5,973.0,0.0,100
2023-06-16 13:00:00+05:30,21.5,99.0,32.1,972.0,99.05143612794745,100
2023-06-16 14:00:00+05:30,25.9,63.0,31.3,970.9,0.0,100
2023-06-16 15:00:00+05:30,28.3,64.0,30.9,970.5,0.0,100
2023-06-16 16:00:00+05:30,27.7,58.0,31.9,969.8,0.5008073380836102,100
2023-06-16 17:00:00+05:30,22.7,139.0,29.8,971.1,100.0,100
2023-06-16 18:00:00+05:30,21.8,121.0,27.9,971.4,100.0,100
2023-06-16 19:00:00+05:30,20.0,97.0,27.5,971.4,98.98164874095973,100
2023-06-16 20:00:00+05:30,24.2,87.0,26.4,971.4,99.84861262723288,100
2023-06-16 21:00:00+05:30,27.7,81.0,25.8,971.7,0.0,100
2023-06-16 22:00:00+05:30,29.3,85.0,26.3,971.6,0.3425356883819346,100
2023-06-16 23:00:00+05:30,26.2,82.0,26.1,971.3,0.0,100
2023-06-17 00:00:00+05:30,30.2,75.0,25.9,970.7,0.6460990662151327,100
2023-06-17 01:00:00+05:30,29.9,72.0,25.8,969.6,0.0,100
2023-06-17 02:00:00+05:30,27.9,66.0,25.7,969.0,0.0,100
2023-06-17 03:00:00+05:30,25.1,63.0,25.7,968.6,0.8007010808897028,100
2023-06-17 04:00:00+05:30,24.2,60.0,25.6,968.8,95.23993278282137,100
2023-06-17 05:00:00+05:30,22.9,57.0,26.7,969.8,94.83694599538757,100
2023-06-17 06:00:00+05:30,24.8,62.0,26.7,970.4,97.75505899901354,100
2023-06-17 07:00:00+05:30,25.7,59.0,26.7,970.8,0.0,100
2023-06-17 08:00:00+05:30,24.2,41.0,26.8,971.3,100.0,100
2023-06-17 09:00:00+05:30,28.7,38.0,27.0,972.0,0.87515884875499,100
2023-06-17 10:00:00+05:30,26.4,35.0,26.9,971.9,0.0,100
2023-06-17 11:00:00+05:30,26.2,32.0,26.7,971.8,0.49597370607332814,100
2023-06-17 12:00:00+05:30,26.1,18.0,26.9,971.4,0.09552137623711635,100
2023-06-17 13:00:00+05:30,28.2,10.0,28.0,971.1,0.0,100
2023-06-17 14:00:00+05:30,27.8,10.0,28.6,970.5,0.857641996076784,100
2023-06-17 15:00:00+05:30,26.6,13.0,28.8,970.3,0.0,100
2023-06-17 16:00:00+05:30,20.5,15.0,28.9,970.3,98.94503635586265,100
2023-06-17 17:00:00+05:30,22.4,356.0,29.7,970.0,99.20928378908161,100
2023-06-17 18:00:00+05:30,14.4,13.0,29.1,970.6,99.33846219036218,100
2023-06-17 19:00:00+05:30,12.4,22.0,28.4,971.1,100.0,100
2023-06-17 20:00:00+05:30,14.1,38.0,27.8,971.9,100.0,100
2023-06-17 21:00:00+05:30,12.4,8.0,27.2,972.3,100.0,100
2023-06-17 22:00:00+05:30,12.2,24.0,26.8,972.8,100.0,100
2023-06-17 23:00:00+05:30,12.5,41.0,26.5,972.7,100.0,100
2023-06-18 00:00:00+05:30,12.0,44.0,26.1,972.6,100.0,100
2023-06-18 01:00:00+05:30,8.5,28.0,25.9,972.1,22.812161185592732,100
2023-06-18 02:00:00+05:30,3.7,349.0,25.7,972.0,0.0,100
2023-06-18 03:00:00+05:30,10.2,260.0,25.3,972.4,50.98166841395351,100
2023-06-18 04:00:00+05:30,11.9,267.0,25.0,972.8,97.85150363118956,100
2023-06-18 05:00:00+05:30,10.4,284.0,25.6,972.8,54.97385087147307,100
2023-06-18 06:00:00+05:30,9.1,304.0,26.1,973.3,32.76843664998568,100
2023-06-18 07:00:00+05:30,6.2,277.0,26.9,973.9,3.8749217127931534,100
2023-06-18 08:00:00+05:30,8.7,265.0,28.1,974.4,25.204347471373715,100
2023-06-18 09:00:00+05:30,11.5,270.0,29.8,974.6,87.86450253655772,100
2023-06-18 10:00:00+05:30,10.9,279.0,31.3,975.1,67.05540252898304,100
2023-06-18 11:00:00+05:30,8.5,298.0,32.6,974.9,23.804515628562193,100
2023-06-18 12:00:00+05:30,8.6,303.0,33.6,974.6,22.65020541809152,100
2023-06-18 13:00:00+05:30,12.7,313.0,34.7,973.7,100.0,100
2023-06-18 14:00:00+05:30,14.6,320.0,35.5,972.8,97.1732008558379,100
2023-06-18 15:00:00+05:30,13.3,341.0,36.0,972.2,100.0,100
2023-06-18 16:00:00+05:30,10.2,350.0,36.2,972.0,52.75277356800222,100
2023-06-18 17:00:00+05:30,5.5,11.0,36.5,971.7,2.9228373064098183,100
2023-06-18 18:00:00+05:30,9.2,228.0,35.2,971.8,32.84381090038127,100
2023-06-18 19:00:00+05:30,16.4,230.0,31.6,972.0,98.84023508055056,100
2023-06-18 20:00:00+05:30,14.6,200.0,30.6,972.6,100.0,100
2023-06-18 21:00:00+05:30,13.3,180.0,29.5,973.6,100.0,100
2023-06-18 22:00:00+05:30,15.4,196.0,29.3,974.2,96.39449623856328,100
2023-06-18 23:00:00+05:30,17.9,214.0,28.9,974.4,100.0,100
2023-06-19 00:00:00+05:30,21.9,224.0,27.9,973.8,98.90210130497601,100
2023-06-19 01:00:00+05:30,26.0,224.0,27.2,973.2,0.0,100
2023-06-19 02:00:00+05:30,27.1,229.0,26.6,973.2,0.4867013185597198,100
2023-06-19 03:00:00+05:30,27.4,232.0,26.0,973.5,0.0,100
2023-06-19 04:00:00+05:30,27.2,235.0,25.6,973.5,0.708726639758586,100
2023-06-19 05:00:00+05:30,21.0,219.0,25.9,973.4,98.4418318537411,100
2023-06-19 06:00:00+05:30,21.3,217.0,26.0,973.9,100.0,100
2023-06-19 07:00:00+05:30,25.5,220.0,27.1,974.8,0.18386036173636075,100
2023-06-19 08:00:00+05:30,25.1,218.0,28.1,975.2,0.7244512127206331,100
2023-06-19 09:00:00+05:30,26.1,219.0,29.4,975.1,0.0,100
2023-06-19 10:00:00+05:30,27.2,219.0,30.7,975.1,0.5958061955875178,100
2023-06-19 11:00:00+05:30,28.4,218.0,31.8,974.9,0.0,100
2023-06-19 12:00:00+05:30,28.1,221.0,32.8,974.6,1.0347170017215623,100
2023-06-19 13:00:00+05:30,27.1,216.0,33.6,973.8,0.0,100
2023-06-19 14:00:00+05:30,26.8,216.0,34.1,973.4,0.0,100
2023-06-19 15:00:00+05:30,26.7,217.0,34.3,972.9,0.0,100
2023-06-19 16:00:00+05:30,25.6,215.0,34.1,972.4,0.0,100
2023-06-19 17:00:00+05:30,20.0,219.0,34.5,972.3,97.96737071813445,100
2023-06-19 18:00:00+05:30,18.6,223.0,33.6,972.6,100.0,100
2023-06-19 19:00:00+05:30,19.6,212.0,32.2,972.5,100.0,100
2023-06-19 20:00:00+05:30,21.1,213.0,31.3,972.7,99.76391632592212,100
2023-06-19 21:00:00+05:30,24.3,205.0,30.2,972.9,100.0,100
2023-06-19 22:00:00+05:30,27.4,207.0,29.3,973.4,0.39710838073424787,100
2023-06-19 23:00:00+05:30,29.0,205.0,28.4,973.2,0.011746808355740261,100
2023-06-20 00:00:00+05:30,30.7,211.0,27.6,973.2,0.0,100
2023-06-20 01:00:00+05:30,33.3,218.0,27.0,972.6,1.3949494829272382,100
2023-06-20 02:00:00+05:30,34.1,222.0,26.3,972.6,0.8027559177330658,100
2023-06-20 03:00:00+05:30,32.6,228.0,25.8,972.7,0.10237678419192245,100
2023-06-20 04:00:00+05:30,29.8,225.0,25.3,972.7,0.0,100
2023-06-20 05:00:00+05:30,26.6,220.0,26.0,972.9,0.0,100
2023-06-20 06:00:00+05:30,28.5,217.0,26.0,973.4,0.0,100
2023-06-20 07:00:00+05:30,31.7,220.0,26.8,974.0,0.0,100
2023-06-20 08:00:00+05:30,33.8,219.0,27.8,974.2,1.0595307606896596,100
2023-06-20 09:00:00+05:30,32.6,215.0,29.1,974.6,0.0,100
2023-06-20 10:00:00+05:30,31.6,210.0,30.4,974.5,0.0,100
2023-06-20 11:00:00+05:30,31.3,210.0,31.8,974.0,0.0,100
2023-06-20 12:00:00+05:30,31.8,213.0,33.1,973.6,0.239495989171613,100
2023-06-20 13:00:00+05:30,31.5,213.0,34.1,972.9,1.9323083030167767,100
2023-06-20 14:00:00+05:30,31.3,213.0,34.7,972.1,0.37448899370696476,100
2023-06-20 15:00:00+05:30,31.6,209.0,35.0,971.6,0.0,100
2023-06-20 16:00:00+05:30,30.8,204.0,34.7,971.3,0.4143915168879274,100
2023-06-20 17:00:00+05:30,29.3,206.0,34.1,971.9,0.7791534533765697,100
2023-06-20 18:00:00+05:30,29.5,207.0,33.1,972.1,1.6338821870982998,100
2023-06-20 19:00:00+05:30,28.5,206.0,31.6,972.5,0.10216492313079625,100
2023-06-20 20:00:00+05:30,27.9,205.0,30.4,972.9,0.4352366474732239,100
2023-06-20 21:00:00+05:30,29.2,204.0,29.6,973.6,0.35649076520936157,100
2023-06-20 22:00:00+05:30,31.1,205.0,28.8,974.0,0.0,100
2023-06-20 23:00:00+05:30,32.1,213.0,28.2,974.2,0.0,100
2023-06-21 00:00:00+05:30,33.8,216.0,27.5,974.1,0.0,100
2023-06-21 01:00:00+05:30,31.8,218.0,26.7,974.1,0.0,100
2023-06-21 02:00:00+05:30,31.2,214.0,26.1,973.6,0.6333731345551894,100
2023-06-21 03:00:00+05:30,28.8,212.0,25.5,973.6,1.193709623541257,100
2023-06-21 04:00:00+05:30,28.1,216.0,25.1,973.8,0.2162094269939892,100
2023-06-21 05:00:00+05:30,27.4,207.0,25.6,974.0,0.0,100
2023-06-21 06:00:00+05:30,29.3,208.0,25.7,974.5,0.26116855878416706,100
2023-06-21 07:00:00+05:30,32.7,212.0,26.5,974.8,0.0,100
2023-06-21 08:00:00+05:30,35.4,215.0,27.9,975.0,1.222662677875464,100
2023-06-21 09:00:00+05:30,33.7,220.0,29.5,975.0,1.6905512881551146,100
2023-06-21 10:00:00+05:30,29.4,221.0,31.1,975.0,0.0,100
2023-06-21 11:00:00+05:30,27.1,210.0,32.5,974.8,0.0,100
2023-06-21 12:00:00+05:30,27.1,203.0,33.8,974.4,0.19265075980107613,100
2023-06-21 13:00:00+05:30,28.1,199.0,34.8,973.9,0.0,100
2023-06-21 14:00:00+05:30,29.5,200.0,35.8,973.1,0.0,100
2023-06-21 15:00:00+05:30,32.0,203.0,36.1,972.5,0.44343988747333635,100
2023-06-21 16:00:00+05:30,34.3,205.0,36.0,971.8,0.0,100
2023-06-21 17:00:00+05:30,27.0,207.0,36.0,972.4,0.5728534198060103,100
2023-06-21 18:00:00+05:30,28.3,206.0,35.0,972.8,0.7784061860799879,100
2023-06-21 19:00:00+05:30,26.1,203.0,33.8,973.2,0.0,100
2023-06-21 20:00:00+05:30,25.9,201.0,32.5,973.7,2.734600162766884,100
2023-06-21 21:00:00+05:30,26.4,197.0,31.7,974.1,0.0,100
2023-06-21 22:00:00+05:30,29.7,199.0,30.8,974.4,0.18666389279425483,100
2023-06-21 23:00:00+05:30,30.6,205.0,29.7,974.8,0.0,100
2023-06-22 00:00:00+05:30,30.1,208.0,28.9,974.7,0.0,100
2023-06-22 01:00:00+05:30,30.1,212.0,28.2,974.3,2.418167142759037,100
2023-06-22 02:00:00+05:30,29.8,215.0,27.4,973.9,0.9831813493008401,100
2023-06-22 03:00:00+05:30,27.8,220.0,26.9,974.3,0.4000397261899477,100
2023-06-22 04:00:00+05:30,25.5,220.0,26.6,974.5,1.5717465127140968,100
2023-06-22 05:00:00+05:30,23.9,217.0,27.1,975.0,100.0,100
2023-06-22 06:00:00+05:30,23.4,214.0,27.1,975.4,97.72942628011333,100
2023-06-22 07:00:00+05:30,25.0,210.0,27.7,976.0,100.0,100
2023-06-22 08:00:00+05:30,26.7,209.0,28.9,976.1,0.0,100
2023-06-22 09:00:00+05:30,27.9,207.0,30.6,976.3,0.0,100
2023-06-22 10:00:00+05:30,28.7,208.0,32.3,975.8,0.3134423537507127,100
2023-06-22 11:00:00+05:30,30.0,209.0,34.0,975.3,0.0,100
2023-06-22 12:00:00+05:30,30.5,209.0,35.6,974.9,0.2710772608966859,100
2023-06-22 13:00:00+05:30,30.3,208.0,36.8,974.1,0.0,100
2023-06-22 14:00:00+05:30,30.5,209.0,37.7,973.4,0.6581721839674172,100
2023-06-22 15:00:00+05:30,31.1,207.0,38.2,972.8,0.0,100
2023-06-22 16:00:00+05:30,32.1,209.0,38.2,972.3,0.17559034227011128,100
2023-06-22 17:00:00+05:30,25.7,211.0,37.7,972.6,0.0,100
2023-06-22 18:00:00+05:30,25.7,211.0,37.1,972.5,0.0,100
2023-06-22 19:00:00+05:30,29.8,205.0,35.6,973.0,0.0,100
2023-06-22 20:00:00+05:30,28.4,204.0,34.4,973.5,0.35514171222242,100
2023-06-22 21:00:00+05:30,26.9,210.0,33.6,973.4,0.27301976355832197,100
2023-06-22 22:00:00+05:30,31.2,207.0,32.2,973.8,1.5646704688508337,100
2023-06-22 23:00:00+05:30,31.0,203.0,30.8,974.3,0.0,100
2023-06-23 00:00:00+05:30,30.6,207.0,29.9,974.4,0.0,100
2023-06-23 01:00:00+05:30,31.3,209.0,29.0,974.2,2.089306538080975,100
2023-06-23 02:00:00+05:30,30.1,214.0,28.2,973.7,0.0,100
2023-06-23 03:00:00+05:30,28.5,215.0,27.4,973.7,0.0,100
2023-06-23 04:00:00+05:30,25.0,221.0,26.9,974.2,100.0,100
2023-06-23 05:00:00+05:30,20.2,220.0,27.6,974.3,97.3688598472923,100
2023-06-23 06:00:00+05:30,21.8,219.0,27.5,974.9,99.13969971382183,100
2023-06-23 07:00:00+05:30,25.5,213.0,27.9,975.0,0.0,100
2023-06-23 08:00:00+05:30,27.5,212.0,28.9,975.6,0.0,100
2023-06-23 09:00:00+05:30,29.0,210.0,30.7,975.9,0.0,100
2023-06-23 10:00:00+05:30,29.6,207.0,32.4,975.5,0.8727905439961333,100
2023-06-23 11:00:00+05:30,30.6,208.0,34.3,975.1,0.0,100
2023-06-23 12:00:00+05:30,30.6,208.0,36.0,974.7,0.0,100
2023-06-23 13:00:00+05:30,30.8,209.0,37.3,974.1,1.1048966829554676,100
2023-06-23 14:00:00+05:30,31.9,210.0,38.4,973.2,0.28020097479849204,100
2023-06-23 15:00:00+05:30,31.5,211.0,38.8,972.4,0.0,100
2023-06-23 16:00:00+05:30,32.0,214.0,38.7,971.7,0.0,100
2023-06-23 17:00:00+05:30,27.0,207.0,38.3,972.0,2.1379266876168384,100
2023-06-23 18:00:00+05:30,26.9,206.0,37.5,972.3,0.49287547795229025,100
2023-06-23 19:00:00+05:30,27.7,208.0,36.3,972.5,1.4300366647364227,100
2023-06-23 20:00:00+05:30,24.0,206.0,35.4,973.0,98.59951513950547,100
2023-06-23 21:00:00+05:30,27.3,201.0,34.2,973.4,0.0,100
2023-06-23 22:00:00+05:30,28.7,205.0,33.1,973.9,0.0,100
2023-06-23 23:00:00+05:30,30.3,207.0,32.0,974.1,1.2307402352227403,100
2023-06-24 00:00:00+05:30,32.4,203.0,30.9,974.1,1.2167244733608695,100
2023-06-24 01:00:00+05:30,32.4,203.0,29.4,973.5,0.32747516763125717,100
2023-06-24 02:00:00+05:30,29.3,209.0,28.6,973.0,0.0,100
2023-06-24 03:00:00+05:30,27.0,222.0,27.9,972.9,0.5532941029645979,100
2023-06-24 04:00:00+05:30,23.9,225.0,27.3,973.2,100.0,100
2023-06-24 05:00:00+05:30,18.9,222.0,27.7,973.3,99.8126820771672,100
2023-06-24 06:00:00+05:30,20.9,209.0,27.6,973.4,97.40378811394612,100
2023-06-24 07:00:00+05:30,22.2,207.0,28.0,973.8,100.0,100
2023-06-24 08:00:00+05:30,22.9,206.0,29.3,974.5,99.87397551362243,100
2023-06-24 09:00:00+05:30,22.7,203.0,30.8,974.7,96.52443472640545,100
2023-06-24 10:00:00+05:30,25.0,205.0,32.8,974.4,99.9204135622327,100
2023-06-24 11:00:00+05:30,27.7,205.0,34.7,974.0,1.6029148696505737,100
2023-06-24 12:00:00+05:30,27.9,207.0,36.4,973.4,0.0,100
2023-06-24 13:00:00+05:30,27.1,209.0,37.7,972.8,0.0,100
2023-06-24 14:00:00+05:30,28.0,209.0,38.7,971.7,0.0,100
2023-06-24 15:00:00+05:30,29.3,209.0,39.5,970.7,0.0,100
2023-06-24 16:00:00+05:30,28.3,211.0,39.5,970.1,1.1030240791957786,100
2023-06-24 17:00:00+05:30,24.4,202.0,39.6,970.4,98.7979766947657,100
2023-06-24 18:00:00+05:30,25.3,200.0,38.8,970.6,0.0,100
2023-06-24 19:00:00+05:30,23.3,202.0,38.0,971.1,100.0,100
2023-06-24 20:00:00+05:30,23.3,202.0,37.1,971.8,100.0,100
2023-06-24 21:00:00+05:30,25.8,199.0,35.9,972.7,0.05458009891833364,100
2023-06-24 22:00:00+05:30,28.1,196.0,34.6,973.0,0.0,100
2023-06-24 23:00:00+05:30,29.5,200.0,33.6,973.1,0.0,100
2023-06-25 00:00:00+05:30,31.4,205.0,32.6,972.8,0.0,100
2023-06-25 01:00:00+05:30,31.5,216.0,31.0,972.4,0.0,100
2023-06-25 02:00:00+05:30,29.3,227.0,30.0,971.8,0.0,100
2023-06-25 03:00:00+05:30,27.7,231.0,29.3,971.8,0.0,100
2023-06-25 04:00:00+05:30,25.0,229.0,28.7,972.1,100.0,100
2023-06-25 05:00:00+05:30,16.4,199.0,29.2,972.5,100.0,100
2023-06-25 06:00:00+05:30,18.8,192.0,28.9,973.1,100.0,100
2023-06-25 07:00:00+05:30,20.9,195.0,29.3,973.5,99.24505026054828,100
2023-06-25 08:00:00+05:30,21.1,194.0,30.5,973.9,99.08482077569526,100
2023-06-25 09:00:00+05:30,22.4,195.0,32.2,974.0,95.67074573671444,100
2023-06-25 10:00:00+05:30,22.2,197.0,34.2,973.8,96.96730928438295,100
2023-06-25 11:00:00+05:30,22.1,196.0,36.1,973.5,95.65545194335564,100
2023-06-25 12:00:00+05:30,23.7,200.0,37.7,973.1,100.0,100
2023-06-25 13:00:00+05:30,24.5,200.0,39.1,972.4,99.30776507320233,100
2023-06-25 14:00:00+05:30,26.1,198.0,39.8,971.3,0.1925414484301641,100
2023-06-25 15:00:00+05:30,25.6,200.0,40.0,970.6,0.5922433179901404,100
2023-06-25 16:00:00+05:30,27.8,193.0,39.4,970.5,0.6587706276908261,100
2023-06-25 17:00:00+05:30,19.8,199.0,38.8,970.4,100.0,100
2023-06-25 18:00:00+05:30,22.5,193.0,37.8,970.5,96.27699749645814,100
2023-06-25 19:00:00+05:30,22.9,193.0,36.8,971.2,100.0,100
2023-06-25 20:00:00+05:30,22.6,197.0,35.9,972.0,100.0,100
2023-06-25 21:00:00+05:30,27.7,180.0,33.8,973.4,0.0,100
2023-06-25 22:00:00+05:30,28.1,179.0,32.8,973.8,0.0,100
2023-06-25 23:00:00+05:30,29.2,179.0,32.1,973.7,0.16673492899630282,100
2023-06-26 00:00:00+05:30,29.2,183.0,31.6,973.3,0.0,100
2023-06-26 01:00:00+05:30,28.6,199.0,31.4,973.0,0.13555477068637797,100
2023-06-26 02:00:00+05:30,28.8,212.0,30.7,973.0,1.4868786391121593,100
2023-06-26 03:00:00+05:30,29.1,221.0,29.7,973.1,1.7402193197587452,100
2023-06-26 04:00:00+05:30,27.0,228.0,28.9,973.2,0.25561496483518004,100
2023-06-26 05:00:00+05:30,20.3,207.0,28.9,972.8,98.83484424872148,100
2023-06-26 06:00:00+05:30,20.1,201.0,28.6,973.2,100.0,100
2023-06-26 07:00:00+05:30,20.8,206.0,29.0,973.9,100.0,100
2023-06-26 08:00:00+05:30,21.4,200.0,30.0,974.6,100.0,100
2023-06-26 09:00:00+05:30,20.9,195.0,31.6,974.7,95.86521152948052,100
2023-06-26 10:00:00+05:30,19.8,196.0,33.6,974.8,98.32626367149102,100
2023-06-26 11:00:00+05:30,19.6,194.0,35.3,974.7,99.61669942685661,100
2023-06-26 12:00:00+05:30,20.8,190.0,36.7,974.2,100.0,100
2023-06-26 13:00:00+05:30,21.6,195.0,37.8,973.5,99.78317053363453,100
2023-06-26 14:00:00+05:30,22.6,197.0,38.5,972.2,99.61983850536988,100
2023-06-26 15:00:00+05:30,24.4,199.0,38.7,971.2,98.71881790390545,100
2023-06-26 16:00:00+05:30,25.9,201.0,38.4,970.6,0.1384588144642942,100
2023-06-26 17:00:00+05:30,11.7,225.0,38.3,971.2,88.96662895568633,100
2023-06-26 18:00:00+05:30,12.1,233.0,38.0,971.5,98.08875631584297,100
2023-06-26 19:00:00+05:30,10.3,209.0,37.1,972.2,55.79824508935742,100
2023-06-26 20:00:00+05:30,18.0,183.0,36.1,973.3,99.17447970797153,100
2023-06-26 21:00:00+05:30,15.0,197.0,35.7,974.1,100.0,100
2023-06-26 22:00:00+05:30,18.2,153.0,34.7,974.6,97.02245521336599,100
2023-06-26 23:00:00+05:30,19.1,164.0,33.7,974.6,100.0,100
2023-06-27 00:00:00+05:30,27.1,209.0,32.7,974.1,1.6018875448597285,100
2023-06-27 01:00:00+05:30,28.7,207.0,31.0,973.7,0.8206918144860317,100
2023-06-27 02:00:00+05:30,27.4,208.0,30.2,973.2,0.7201926923942497,100
2023-06-27 03:00:00+05:30,26.5,211.0,29.6,973.2,0.12543604564863572,100
2023-06-27 04:00:00+05:30,24.4,217.0,29.0,973.2,99.4244432724829,100
2023-06-27 05:00:00+05:30,16.6,221.0,29.7,973.7,100.0,100
2023-06-27 06:00:00+05:30,17.1,222.0,29.6,974.0,100.0,100
2023-06-27 07:00:00+05:30,13.8,213.0,30.2,974.6,100.0,100
2023-06-27 08:00:00+05:30,10.5,207.0,30.2,974.8,60.11895859420838,100
2023-06-27 09:00:00+05:30,12.6,180.0,31.1,975.0,100.0,100
2023-06-27 10:00:00+05:30,11.8,200.0,32.7,975.1,94.93581541576005,100
2023-06-27 11:00:00+05:30,11.0,212.0,34.2,975.0,71.81667870854834,100
2023-06-27 12:00:00+05:30,10.7,222.0,34.9,974.8,63.109272933554294,100
2023-06-27 13:00:00+05:30,11.1,216.0,35.3,973.9,73.20586889406752,100
2023-06-27 14:00:00+05:30,11.6,216.0,36.4,972.9,88.50225695851984,100
2023-06-27 15:00:00+05:30,12.5,224.0,37.1,972.1,99.94746151807196,100
2023-06-27 16:00:00+05:30,12.3,230.0,37.2,971.6,100.0,100
2023-06-27 17:00:00+05:30,11.2,345.0,30.8,972.0,76.50072734115976,100
2023-06-27 18:00:00+05:30,7.4,43.0,32.2,972.3,12.236407810013318,100
2023-06-27 19:00:00+05:30,11.8,113.0,32.0,972.7,92.04908594867229,100
2023-06-27 20:00:00+05:30,26.1,198.0,30.8,974.2,0.12758984936472467,100
2023-06-27 21:00:00+05:30,21.6,182.0,29.7,974.9,100.0,100
2023-06-27 22:00:00+05:30,18.0,200.0,29.1,975.2,100.0,100
2023-06-27 23:00:00+05:30,20.8,198.0,29.1,975.0,100.0,100
2023-06-28 00:00:00+05:30,19.4,202.0,28.8,974.5,100.0,100
2023-06-28 01:00:00+05:30,17.6,203.0,28.5,974.0,100.0,100
2023-06-28 02:00:00+05:30,16.1,207.0,28.3,973.6,100.0,100
2023-06-28 03:00:00+05:30,15.1,208.0,28.1,973.4,100.0,100
2023-06-28 04:00:00+05:30,17.7,213.0,28.1,973.8,98.30385283768963,100
2023-06-28 05:00:00+05:30,16.9,241.0,27.9,974.0,97.34010444118391,100
2023-06-28 06:00:00+05:30,16.6,240.0,28.0,974.4,99.9160996242543,100
2023-06-28 07:00:00+05:30,15.1,230.0,28.6,975.0,100.0,100
2023-06-28 08:00:00+05:30,16.8,228.0,30.0,975.6,97.67726884936157,100
2023-06-28 09:00:00+05:30,18.6,229.0,32.0,975.6,99.60466701509029,100
2023-06-28 10:00:00+05:30,17.6,229.0,33.8,975.7,99.77504272076183,100
2023-06-28 11:00:00+05:30,11.8,232.0,35.2,975.8,89.7536710069253,100
2023-06-28 12:00:00+05:30,7.4,223.0,36.0,975.4,10.54744623560743,100
2023-06-28 13:00:00+05:30,9.9,199.0,37.0,974.5,44.29930922307352,100
2023-06-28 14:00:00+05:30,11.2,201.0,37.7,973.6,73.66380164775563,100
2023-06-28 15:00:00+05:30,12.2,204.0,37.9,973.0,100.0,100
2023-06-28 16:00:00+05:30,12.2,208.0,38.1,972.6,98.85214170599782,100
2023-06-28 17:00:00+05:30,15.8,207.0,36.0,972.7,100.0,100
2023-06-28 18:00:00+05:30,3.1,339.0,34.2,973.3,0.36515144083136336,100
2023-06-28 19:00:00+05:30,7.9,156.0,33.0,973.3,18.557469627730214,100
2023-06-28 20:00:00+05:30,12.1,117.0,32.6,974.3,100.0,100
2023-06-28 21:00:00+05:30,17.1,139.0,31.6,974.6,100.0,100
2023-06-28 22:00:00+05:30,14.1,161.0,30.9,974.9,100.0,100
2023-06-28 23:00:00+05:30,13.8,171.0,30.4,975.2,99.28193725404972,100
2023-06-29 00:00:00+05:30,14.8,181.0,30.1,974.7,96.72149099272679,100
2023-06-29 01:00:00+05:30,14.0,192.0,30.3,974.3,100.0,100
2023-06-29 02:00:00+05:30,16.3,194.0,30.0,974.1,97.03129195925887,100
2023-06-29 03:00:00+05:30,17.6,227.0,30.0,973.9,99.02916071646374,100
2023-06-29 04:00:00+05:30,18.5,237.0,29.6,974.1,100.0,100
2023-06-29 05:00:00+05:30,14.6,220.0,29.1,974.2,99.4481258358803,100
2023-06-29 06:00:00+05:30,15.3,219.0,28.8,974.4,98.84456170850578,100
2023-06-29 07:00:00+05:30,15.8,225.0,29.5,974.8,98.19653841846097,100
2023-06-29 08:00:00+05:30,18.9,235.0,30.7,974.9,100.0,100
2023-06-29 09:00:00+05:30,18.7,236.0,32.4,975.0,100.0,100
2023-06-29 10:00:00+05:30,18.2,232.0,34.3,975.2,98.2372280893205,100
2023-06-29 11:00:00+05:30,17.3,228.0,35.9,974.9,100.0,100
2023-06-29 12:00:00+05:30,12.5,231.0,37.0,974.1,97.53282699302578,100
2023-06-29 13:00:00+05:30,8.9,243.0,38.0,973.3,28.71923355590282,100
2023-06-29 14:00:00+05:30,8.0,252.0,38.5,972.3,16.588155817959098,100
2023-06-29 15:00:00+05:30,7.6,251.0,38.7,971.4,13.70879955877976,100
2023-06-29 16:00:00+05:30,8.1,257.0,39.0,970.8,18.16544912694238,100
2023-06-29 17:00:00+05:30,14.8,288.0,31.1,971.8,100.0,100
2023-06-29 18:00:00+05:30,7.4,157.0,32.6,971.6,12.704897772769666,100
2023-06-29 19:00:00+05:30,11.9,175.0,33.0,971.7,97.65818394521445,100
2023-06-29 20:00:00+05:30,19.0,165.0,32.8,972.3,95.95530020417446,100
2023-06-29 21:00:00+05:30,22.5,173.0,30.3,973.0,96.61157183056348,100
2023-06-29 22:00:00+05:30,24.1,180.0,29.6,973.7,99.56559511233867,100
2023-06-29 23:00:00+05:30,27.0,190.0,29.1,973.9,0.0,100
2023-06-30 00:00:00+05:30,24.8,193.0,28.3,973.3,99.85623259364219,100
2023-06-30 01:00:00+05:30,22.2,205.0,28.0,972.7,100.0,100
2023-06-30 02:00:00+05:30,19.5,214.0,27.9,972.3,99.6537333353826,100
2023-06-30 03:00:00+05:30,21.0,218.0,27.6,972.2,100.0,100
2023-06-30 04:00:00+05:30,25.5,230.0,27.8,972.3,0.0,100
2023-06-30 05:00:00+05:30,18.6,223.0,28.1,972.1,100.0,100
2023-06-30 06:00:00+05:30,18.6,223.0,28.0,972.2,100.0,100
2023-06-30 07:00:00+05:30,22.6,211.0,28.6,973.1,99.18623008549902,100
2023-06-30 08:00:00+05:30,24.5,216.0,29.5,973.3,100.0,100
2023-06-30 09:00:00+05:30,22.5,221.0,31.5,973.5,99.12464738544759,100
2023-06-30 10:00:00+05:30,22.0,215.0,33.6,973.6,96.43981270353352,100
2023-06-30 11:00:00+05:30,25.9,205.0,34.7,973.5,1.23135642240856,100
2023-06-30 12:00:00+05:30,21.7,216.0,36.4,973.2,96.90536432634084,100
2023-06-30 13:00:00+05:30,15.7,217.0,37.8,972.4,97.33845184273233,100
2023-06-30 14:00:00+05:30,11.5,200.0,38.9,971.2,85.16792460411752,100
2023-06-30 15:00:00+05:30,12.5,192.0,39.4,970.2,98.44141360291547,100
2023-06-30 16:00:00+05:30,15.9,184.0,39.4,969.7,100.0,100
2023-06-30 17:00:00+05:30,14.2,201.0,38.4,969.3,96.12725290490224,100
2023-06-30 18:00:00+05:30,15.5,211.0,36.9,969.8,100.0,100
2023-06-30 19:00:00+05:30,15.5,162.0,35.8,970.2,100.0,100
2023-06-30 20:00:00+05:30,31.8,175.0,32.5,971.3,1.101435327417802,100
2023-06-30 21:00:00+05:30,25.5,196.0,32.0,971.5,0.6156562136627999,100
2023-06-30 22:00:00+05:30,12.5,224.0,30.9,973.4,96.17440122689693,100
2023-06-30 23:00:00+05:30,22.3,218.0,29.6,973.0,96.63730430898553,100
2023-07-01 00:00:00+05:30,18.8,209.0,28.7,972.3,100.0,100
2023-07-01 01:00:00+05:30,21.3,210.0,29.4,972.5,100.0,100
2023-07-01 02:00:00+05:30,22.9,222.0,29.1,971.9,99.42860366037091,100
2023-07-01 03:00:00+05:30,23.2,223.0,28.6,971.8,100.0,100
2023-07-01 04:00:00+05:30,22.9,233.0,28.0,972.2,100.0,100
2023-07-01 05:00:00+05:30,22.1,226.0,28.9,972.0,98.40863703520965,100
2023-07-01 06:00:00+05:30,22.6,214.0,28.4,972.5,100.0,100
2023-07-01 07:00:00+05:30,24.2,213.0,28.8,973.2,100.0,100
2023-07-01 08:00:00+05:30,25.9,219.0,29.9,973.8,0.0,100
2023-07-01 09:00:00+05:30,23.3,215.0,31.4,974.4,100.0,100
2023-07-01 10:00:00+05:30,22.5,212.0,33.1,974.6,98.96866632292105,100
2023-07-01 11:00:00+05:30,23.1,211.0,34.6,974.6,98.67702905331396,100
2023-07-01 12:00:00+05:30,23.3,207.0,36.2,974.1,100.0,100
2023-07-01 13:00:00+05:30,25.5,199.0,37.4,973.2,0.3200084240251452,100
2023-07-01 14:00:00+05:30,26.0,202.0,38.4,972.1,1.3251773716285098,100
2023-07-01 15:00:00+05:30,24.0,206.0,39.1,972.1,100.0,100
2023-07-01 16:00:00+05:30,17.1,228.0,39.1,972.2,98.85961268232032,100
2023-07-01 17:00:00+05:30,16.1,196.0,38.3,971.7,100.0,100
2023-07-01 18:00:00+05:30,16.3,198.0,37.7,972.1,100.0,100
2023-07-01 19:00:00+05:30,15.0,197.0,37.2,972.6,100.0,100
2023-07-01 20:00:00+05:30,16.9,182.0,36.3,973.1,100.0,100
2023-07-01 21:00:00+05:30,25.0,186.0,35.2,974.1,99.18515768510721,100
2023-07-01 22:00:00+05:30,24.6,187.0,34.1,974.7,99.43051036616465,100
2023-07-01 23:00:00+05:30,27.2,188.0,32.1,974.9,0.16395434149847865,100
2023-07-02 00:00:00+05:30,27.4,182.0,30.6,974.8,0.8259264633348318,100
2023-07-02 01:00:00+05:30,23.6,188.0,30.0,974.7,100.0,100
2023-07-02 02:00:00+05:30,22.0,191.0,29.6,974.3,99.22376670980124,100
2023-07-02 03:00:00+05:30,24.3,218.0,29.9,974.3,97.78404701177476,100
2023-07-02 04:00:00+05:30,23.3,231.0,29.7,974.5,100.0,100
2023-07-02 05:00:00+05:30,18.4,219.0,29.4,974.6,97.84200183255714,100
2023-07-02 06:00:00+05:30,21.3,214.0,29.0,975.2,95.93284375022091,100
2023-07-02 07:00:00+05:30,23.8,215.0,29.2,975.9,98.33600569434036,100
2023-07-02 08:00:00+05:30,23.9,214.0,30.3,976.2,99.08437666211913,100
2023-07-02 09:00:00+05:30,22.8,218.0,31.9,976.3,96.29164465513361,100
2023-07-02 10:00:00+05:30,22.4,217.0,33.5,976.4,100.0,100
2023-07-02 11:00:00+05:30,22.2,216.0,35.3,975.8,100.0,100
2023-07-02 12:00:00+05:30,22.8,215.0,36.7,974.9,100.0,100
2023-07-02 13:00:00+05:30,21.3,214.0,37.8,974.0,99.08419590573455,100
2023-07-02 14:00:00+05:30,19.8,209.0,38.7,973.3,99.19551308374635,100
2023-07-02 15:00:00+05:30,20.0,203.0,39.1,972.8,96.61562144265139,100
2023-07-02 16:00:00+05:30,20.2,202.0,39.2,972.5,100.0,100
2023-07-02 17:00:00+05:30,16.0,211.0,38.1,972.9,100.0,100
2023-07-02 18:00:00+05:30,14.8,214.0,37.7,973.2,97.6451741661102,100
2023-07-02 19:00:00+05:30,13.7,225.0,37.1,973.6,98.14206394315684,100
2023-07-02 20:00:00+05:30,13.2,227.0,36.4,973.8,99.1942441766127,100
2023-07-02 21:00:00+05:30,14.4,217.0,35.5,974.1,99.67449117604744,100
2023-07-02 22:00:00+05:30,14.0,209.0,35.0,974.3,99.94713005298831,100
2023-07-02 23:00:00+05:30,16.8,170.0,33.9,974.3,100.0,100
2023-07-03 00:00:00+05:30,22.9,188.0,32.9,974.2,99.11725331093368,100
2023-07-03 01:00:00+05:30,25.7,198.0,32.4,974.1,0.0,100
2023-07-03 02:00:00+05:30,25.8,203.0,31.6,974.3,0.0,100
2023-07-03 03:00:00+05:30,24.3,212.0,31.0,974.6,100.0,100
2023-07-03 04:00:00+05:30,20.4,221.0,30.5,974.9,100.0,100
2023-07-03 05:00:00+05:30,17.8,223.0,30.1,974.6,99.30152691121,100
2023-07-03 06:00:00+05:30,18.3,223.0,29.8,974.9,100.0,100
2023-07-03 07:00:00+05:30,19.4,222.0,30.4,975.4,99.69429913192445,100
2023-07-03 08:00:00+05:30,22.0,220.0,31.6,975.8,98.96670310391679,100
2023-07-03 09:00:00+05:30,23.8,219.0,33.3,975.8,98.32899710730752,100
2023-07-03 10:00:00+05:30,23.6,218.0,35.0,975.7,99.7716226632417,100
2023-07-03 11:00:00+05:30,23.2,216.0,36.7,975.1,98.14149819118205,100
2023-07-03 12:00:00+05:30,23.6,214.0,38.0,974.5,100.0,100
2023-07-03 13:00:00+05:30,23.6,214.0,39.1,973.9,100.0,100
2023-07-03 14:00:00+05:30,22.6,214.0,39.9,972.9,99.66707610269768,100
2023-07-03 15:00:00+05:30,21.0,215.0,40.4,972.5,100.0,100
2023-07-03 16:00:00+05:30,20.4,216.0,40.5,971.7,100.0,100
2023-07-03 17:00:00+05:30,14.3,214.0,39.3,972.1,100.0,100
2023-07-03 18:00:00+05:30,14.3,208.0,38.7,971.9,97.26533021686467,100
2023-07-03 19:00:00+05:30,12.4,202.0,37.6,971.9,97.06221340001836,100
2023-07-03 20:00:00+05:30,11.1,205.0,36.5,972.2,72.36045517552162,100
2023-07-03 21:00:00+05:30,12.9,207.0,35.6,972.9,99.84878124864211,100
2023-07-03 22:00:00+05:30,12.2,178.0,34.8,973.3,100.0,100
2023-07-03 23:00:00+05:30,19.4,162.0,33.4,973.2,95.99873239641227,100
2023-07-04 00:00:00+05:30,22.0,183.0,33.3,973.0,100.0,100
2023-07-04 01:00:00+05:30,24.5,200.0,33.0,972.6,95.02163486561946,100
2023-07-04 02:00:00+05:30,25.3,208.0,32.1,972.6,0.0,100
2023-07-04 03:00:00+05:30,25.1,215.0,31.2,973.1,0.5541948773360463,100
2023-07-04 04:00:00+05:30,24.5,213.0,30.5,972.7,100.0,100
2023-07-04 05:00:00+05:30,21.8,218.0,30.5,972.6,99.8809172378549,100
2023-07-04 06:00:00+05:30,22.5,219.0,30.1,972.5,100.0,100
2023-07-04 07:00:00+05:30,25.5,223.0,30.2,972.6,0.0,100
2023-07-04 08:00:00+05:30,26.3,221.0,31.3,973.0,0.9340767012497155,100
2023-07-04 09:00:00+05:30,27.4,218.0,33.2,973.2,0.0,100
2023-07-04 10:00:00+05:30,28.4,213.0,35.2,973.2,1.3285236896368073,100
2023-07-04 11:00:00+05:30,29.6,206.0,37.0,972.8,0.0,100
2023-07-04 12:00:00+05:30,30.4,202.0,38.4,972.2,0.0,100
2023-07-04 13:00:00+05:30,29.5,204.0,39.4,971.4,0.8388013303677982,100
2023-07-04 14:00:00+05:30,28.8,204.0,40.1,970.4,0.0,100
2023-07-04 15:00:00+05:30,29.9,206.0,40.4,969.5,0.0,100
2023-07-04 16:00:00+05:30,31.6,209.0,40.5,968.5,0.8300905507970923,100
2023-07-04 17:00:00+05:30,26.3,209.0,39.8,968.7,0.7403335514848051,100
2023-07-04 18:00:00+05:30,26.1,203.0,38.9,968.4,0.0,100
2023-07-04 19:00:00+05:30,24.3,195.0,38.1,968.4,100.0,100
2023-07-04 20:00:00+05:30,24.0,197.0,37.1,969.0,99.03360632412202,100
2023-07-04 21:00:00+05:30,24.0,197.0,36.6,969.7,99.71274257732932,100
2023-07-04 22:00:00+05:30,26.4,208.0,35.8,969.9,0.29757545572917693,100
2023-07-04 23:00:00+05:30,27.6,211.0,34.7,969.7,0.0,100
2023-07-05 00:00:00+05:30,27.4,213.0,33.6,969.7,0.15349151620001247,100
2023-07-05 01:00:00+05:30,27.4,218.0,32.3,969.9,0.0,100
2023-07-05 02:00:00+05:30,29.2,218.0,30.9,969.8,0.0,100
2023-07-05 03:00:00+05:30,24.8,221.0,30.0,970.4,100.0,100
2023-07-05 04:00:00+05:30,26.2,214.0,29.1,970.1,0.39127416778567675,100
2023-07-05 05:00:00+05:30,21.2,195.0,28.8,970.3,99.79160967370734,100
2023-07-05 06:00:00+05:30,21.6,179.0,28.4,970.2,96.16521626515603,100
2023-07-05 07:00:00+05:30,23.9,187.0,28.8,970.6,100.0,100
2023-07-05 08:00:00+05:30,25.8,195.0,29.8,971.2,0.0,100
2023-07-05 09:00:00+05:30,26.9,198.0,31.4,971.2,1.3670245229433988,100
2023-07-05 10:00:00+05:30,27.4,190.0,33.3,970.9,0.5178659174523105,100
2023-07-05 11:00:00+05:30,26.6,189.0,35.2,970.9,0.0,100
2023-07-05 12:00:00+05:30,27.7,196.0,36.8,970.5,0.0,100
2023-07-05 13:00:00+05:30,27.6,202.0,38.1,969.7,0.9899032796465607,100
2023-07-05 14:00:00+05:30,26.4,206.0,38.9,968.8,0.44618577220699723,100
2023-07-05 15:00:00+05:30,25.4,205.0,39.4,968.2,0.23111346906530647,100
2023-07-05 16:00:00+05:30,23.5,203.0,39.6,967.4,99.15814311286114,100
2023-07-05 17:00:00+05:30,20.1,201.0,38.3,968.0,98.05230304872072,100
2023-07-05 18:00:00+05:30,20.2,199.0,37.9,968.3,98.23830919779392,100
2023-07-05 19:00:00+05:30,20.4,194.0,37.3,969.1,100.0,100
2023-07-05 20:00:00+05:30,16.9,196.0,36.9,969.9,100.0,100
2023-07-05 21:00:00+05:30,16.6,207.0,36.4,970.5,100.0,100
2023-07-05 22:00:00+05:30,14.8,206.0,35.9,971.0,100.0,100
2023-07-05 23:00:00+05:30,11.6,196.0,35.3,971.1,87.54172192058275,100
2023-07-06 00:00:00+05:30,17.7,156.0,34.3,971.5,100.0,100
2023-07-06 01:00:00+05:30,17.6,181.0,33.9,971.8,100.0,100
2023-07-06 02:00:00+05:30,21.4,222.0,32.9,971.6,97.13821534369956,100
2023-07-06 03:00:00+05:30,22.7,229.0,31.3,971.5,100.0,100
2023-07-06 04:00:00+05:30,23.3,235.0,30.4,971.6,100.0,100
2023-07-06 05:00:00+05:30,16.3,223.0,30.2,971.9,97.30529960453646,100
2023-07-06 06:00:00+05:30,15.6,220.0,30.0,972.8,100.0,100
2023-07-06 07:00:00+05:30,16.3,221.0,30.3,973.7,96.66160366441946,100
2023-07-06 08:00:00+05:30,15.3,219.0,31.2,973.9,95.45211811677578,100
2023-07-06 09:00:00+05:30,14.8,221.0,32.6,973.9,99.83591704095912,100
2023-07-06 10:00:00+05:30,14.3,223.0,34.0,974.2,100.0,100
2023-07-06 11:00:00+05:30,12.3,220.0,35.3,974.2,100.0,100
2023-07-06 12:00:00+05:30,9.0,217.0,36.4,973.8,30.999324191772395,100
2023-07-06 13:00:00+05:30,6.9,189.0,37.6,973.0,7.637895466039275,100
2023-07-06 14:00:00+05:30,7.1,165.0,38.8,972.4,9.388240020619646,100
2023-07-06 15:00:00+05:30,10.8,150.0,39.3,971.4,65.78847228368704,100
2023-07-06 16:00:00+05:30,12.7,151.0,39.2,970.6,99.03387376609835,100
2023-07-06 17:00:00+05:30,5.4,176.0,38.2,971.0,2.7468795226242313,100
2023-07-06 18:00:00+05:30,2.6,196.0,38.1,971.0,0.0,100
2023-07-06 19:00:00+05:30,2.5,225.0,37.8,972.1,0.2971656564088491,100
2023-07-06 20:00:00+05:30,8.9,194.0,35.7,973.1,30.201313972397244,100
2023-07-06 21:00:00+05:30,15.0,156.0,33.4,974.1,100.0,100
2023-07-06 22:00:00+05:30,17.3,168.0,33.0,974.7,100.0,100
2023-07-06 23:00:00+05:30,15.5,167.0,30.8,974.3,97.26858337930854,100
2023-07-07 00:00:00+05:30,14.0,157.0,30.6,974.2,99.6566360555222,100
2023-07-07 01:00:00+05:30,18.3,170.0,30.0,973.8,100.0,100
2023-07-07 02:00:00+05:30,17.0,174.0,29.3,973.4,99.28063724330995,100
2023-07-07 03:00:00+05:30,15.9,186.0,29.0,973.5,100.0,100
2023-07-07 04:00:00+05:30,15.5,193.0,28.9,973.5,100.0,100
2023-07-07 05:00:00+05:30,13.2,206.0,28.9,973.7,98.22558470299334,100
2023-07-07 06:00:00+05:30,11.3,217.0,28.3,974.0,79.79559163389212,100
2023-07-07 07:00:00+05:30,11.8,211.0,28.8,974.8,97.04225123286542,100
2023-07-07 08:00:00+05:30,8.9,159.0,29.3,975.5,27.515570628564273,100
2023-07-07 09:00:00+05:30,11.6,265.0,30.2,975.1,89.11105097193597,100
2023-07-07 10:00:00+05:30,11.6,248.0,31.8,975.0,84.57953264770683,100
2023-07-07 11:00:00+05:30,7.5,253.0,31.8,974.9,14.80371278586551,100
2023-07-07 12:00:00+05:30,6.5,270.0,33.3,974.5,6.797656599941571,100
2023-07-07 13:00:00+05:30,5.4,180.0,33.5,973.8,0.9776321315549584,100
2023-07-07 14:00:00+05:30,5.5,101.0,32.7,972.7,2.750255013771492,100
2023-07-07 15:00:00+05:30,7.6,95.0,34.3,972.0,14.148706942454078,100
2023-07-07 16:00:00+05:30,11.2,90.0,34.9,971.4,76.47292077915309,100
2023-07-07 17:00:00+05:30,11.5,20.0,30.8,972.1,83.54613031542893,100
2023-07-07 18:00:00+05:30,4.0,10.0,30.9,972.5,0.917268202336747,100
2023-07-07 19:00:00+05:30,7.1,105.0,31.0,973.3,8.630178935312463,100
2023-07-07 20:00:00+05:30,7.6,115.0,30.7,974.0,12.225707110259481,100
2023-07-07 21:00:00+05:30,18.8,83.0,29.1,975.0,100.0,100
2023-07-07 22:00:00+05:30,17.1,115.0,28.3,975.5,100.0,100
2023-07-07 23:00:00+05:30,9.9,109.0,28.2,974.9,43.40452826187953,100
2023-07-08 00:00:00+05:30,13.9,115.0,28.0,975.1,100.0,100
2023-07-08 01:00:00+05:30,17.4,140.0,27.5,974.2,98.61535310088715,100
2023-07-08 02:00:00+05:30,10.5,158.0,27.3,973.4,55.577442403357004,100
2023-07-08 03:00:00+05:30,9.0,157.0,27.1,972.9,30.32826258833926,100
2023-07-08 04:00:00+05:30,6.7,164.0,26.9,973.1,4.410708584222405,100
2023-07-08 05:00:00+05:30,3.3,186.0,28.0,973.2,0.4271839403751907,100
2023-07-08 06:00:00+05:30,12.8,280.0,26.2,974.0,100.0,100
2023-07-08 07:00:00+05:30,10.8,291.0,25.7,974.8,65.54937843293064,100
2023-07-08 08:00:00+05:30,13.9,301.0,25.9,975.1,100.0,100
2023-07-08 09:00:00+05:30,11.6,324.0,27.3,975.2,89.02605778435344,100
2023-07-08 10:00:00+05:30,9.3,324.0,28.4,975.1,35.30201817601668,100
2023-07-08 11:00:00+05:30,8.1,347.0,29.2,975.0,16.64076524010163,100
2023-07-08 12:00:00+05:30,7.0,348.0,29.8,974.3,8.0904133540657,100
2023-07-08 13:00:00+05:30,7.4,331.0,30.4,973.5,10.89160809393073,100
2023-07-08 14:00:00+05:30,10.7,318.0,30.8,972.8,64.59816694969633,100
2023-07-08 15:00:00+05:30,11.7,18.0,30.1,972.4,88.19594574330254,100
2023-07-08 16:00:00+05:30,11.1,65.0,28.1,971.9,70.79635051695494,100
2023-07-08 17:00:00+05:30,9.3,16.0,31.6,972.0,35.096646414410124,100
2023-07-08 18:00:00+05:30,12.1,27.0,28.5,972.6,99.90517966890604,100
2023-07-08 19:00:00+05:30,6.9,99.0,28.5,973.0,7.721835406728231,100
2023-07-08 20:00:00+05:30,6.6,119.0,28.4,973.7,5.772421964347126,100
2023-07-08 21:00:00+05:30,6.1,152.0,28.4,974.5,4.98767282614703,100
2023-07-08 22:00:00+05:30,6.6,158.0,28.4,974.5,5.441140558561845,100
2023-07-08 23:00:00+05:30,3.7,169.0,28.3,974.3,0.5047577299334923,100
2023-07-09 00:00:00+05:30,5.2,196.0,27.9,973.7,0.8467222563395952,100
2023-07-09 01:00:00+05:30,5.4,217.0,27.6,973.4,1.217701297646224,100
2023-07-09 02:00:00+05:30,6.2,234.0,27.4,972.8,4.36623822843361,100
2023-07-09 03:00:00+05:30,7.6,251.0,27.1,972.6,11.316933779770906,100
2023-07-09 04:00:00+05:30,7.5,253.0,26.8,972.7,12.532823405020494,100
2023-07-09 05:00:00+05:30,9.8,204.0,26.8,973.5,42.307397631475396,100
2023-07-09 06:00:00+05:30,7.4,133.0,26.6,973.6,10.458157803560226,100
2023-07-09 07:00:00+05:30,6.2,173.0,27.0,973.8,4.641213414881924,100
2023-07-09 08:00:00+05:30,6.0,213.0,28.1,974.3,2.4738583145079365,100
2023-07-09 09:00:00+05:30,5.1,262.0,29.3,974.8,2.5466858332958076,100
2023-07-09 10:00:00+05:30,5.3,332.0,30.5,975.1,1.7924707501524335,100
2023-07-09 11:00:00+05:30,9.0,2.0,31.2,974.8,29.131221849363712,100
2023-07-09 12:00:00+05:30,11.3,22.0,31.9,974.4,79.99510190972127,100
2023-07-09 13:00:00+05:30,10.7,33.0,32.7,974.0,61.29456280382812,100
2023-07-09 14:00:00+05:30,8.0,27.0,33.7,973.4,16.784667743572182,100
2023-07-09 15:00:00+05:30,8.6,358.0,34.0,972.5,23.97459875178211,100
2023-07-09 16:00:00+05:30,11.9,355.0,33.9,972.1,99.70507875234476,100
2023-07-09 17:00:00+05:30,10.2,352.0,34.2,972.4,50.812353430487434,100
2023-07-09 18:00:00+05:30,8.2,345.0,32.9,972.6,19.65382432927122,100
2023-07-09 19:00:00+05:30,5.7,325.0,31.7,973.3,3.271829521685246,100
2023-07-09 20:00:00+05:30,4.7,279.0,31.4,973.6,0.4756176874734013,100
2023-07-09 21:00:00+05:30,15.6,188.0,30.4,974.0,99.13857696383442,100
2023-07-09 22:00:00+05:30,17.7,200.0,28.3,974.4,100.0,100
2023-07-09 23:00:00+05:30,15.8,215.0,28.0,974.5,96.129793539405,100
2023-07-10 00:00:00+05:30,17.4,220.0,27.6,974.3,100.0,100
2023-07-10 01:00:00+05:30,18.9,228.0,27.3,974.2,100.0,100
2023-07-10 02:00:00+05:30,18.5,237.0,27.1,973.7,100.0,100
2023-07-10 03:00:00+05:30,15.0,243.0,27.0,973.6,99.47956117184557,100
2023-07-10 04:00:00+05:30,13.4,239.0,26.8,973.7,100.0,100
2023-07-10 05:00:00+05:30,10.8,244.0,27.0,973.8,63.90825691555802,100
2023-07-10 06:00:00+05:30,9.0,241.0,27.2,974.3,30.556519814587652,100
2023-07-10 07:00:00+05:30,7.7,233.0,28.0,975.0,13.620483344124509,100
2023-07-10 08:00:00+05:30,9.8,242.0,29.3,975.6,44.25562627444014,100
2023-07-10 09:00:00+05:30,9.4,266.0,30.6,975.9,36.95171016338369,100
2023-07-10 10:00:00+05:30,9.0,307.0,31.9,976.0,30.237852792893587,100
2023-07-10 11:00:00+05:30,10.1,360.0,33.1,975.8,50.512429408420715,100
2023-07-10 12:00:00+05:30,10.2,23.0,34.1,975.3,52.7217007966462,100
2023-07-10 13:00:00+05:30,10.8,26.0,34.8,974.8,64.5323271317023,100
2023-07-10 14:00:00+05:30,10.6,18.0,35.2,974.2,60.0793699114941,100
2023-07-10 15:00:00+05:30,9.0,355.0,35.5,973.5,29.304375250967695,100
2023-07-10 16:00:00+05:30,10.0,334.0,35.5,972.8,47.13120900514761,100
2023-07-10 17:00:00+05:30,8.4,313.0,35.8,972.9,23.151744342171536,100
2023-07-10 18:00:00+05:30,6.5,289.0,34.5,973.4,5.3250767162315,100
2023-07-10 19:00:00+05:30,6.9,219.0,32.9,973.5,8.590341243798052,100
2023-07-10 20:00:00+05:30,11.2,220.0,31.5,973.7,75.89997596864545,100
2023-07-10 21:00:00+05:30,9.7,228.0,30.7,974.1,39.826729070115235,100
2023-07-10 22:00:00+05:30,15.2,202.0,30.1,974.7,98.67764231657044,100
2023-07-10 23:00:00+05:30,17.8,212.0,30.0,974.8,100.0,100
2023-07-11 00:00:00+05:30,18.8,216.0,29.5,974.8,99.03110180812658,100
2023-07-11 01:00:00+05:30,21.5,218.0,29.1,974.6,99.95160949919074,100
2023-07-11 02:00:00+05:30,23.6,232.0,28.8,974.3,100.0,100
2023-07-11 03:00:00+05:30,23.8,241.0,28.3,974.3,98.40851726013135,100
2023-07-11 04:00:00+05:30,22.2,241.0,27.5,974.2,100.0,100
2023-07-11 05:00:00+05:30,18.0,233.0,27.6,974.4,96.20484558212071,100
2023-07-11 06:00:00+05:30,17.6,227.0,27.5,974.9,100.0,100
2023-07-11 07:00:00+05:30,17.4,220.0,27.9,975.5,99.36547691413361,100
2023-07-11 08:00:00+05:30,19.9,222.0,28.9,976.0,100.0,100
2023-07-11 09:00:00+05:30,20.6,223.0,30.5,976.4,100.0,100
2023-07-11 10:00:00+05:30,21.2,222.0,32.1,976.7,99.88268217834377,100
2023-07-11 11:00:00+05:30,21.9,224.0,33.7,976.5,100.0,100
2023-07-11 12:00:00+05:30,21.9,225.0,35.1,976.1,100.0,100
2023-07-11 13:00:00+05:30,20.7,229.0,36.4,975.3,100.0,100
2023-07-11 14:00:00+05:30,16.9,230.0,37.3,974.4,95.9715296906955,100
2023-07-11 15:00:00+05:30,14.4,233.0,37.7,973.6,97.15673023754825,100
2023-07-11 16:00:00+05:30,12.8,232.0,37.9,973.0,100.0,100
2023-07-11 17:00:00+05:30,10.2,225.0,37.6,973.1,50.33472760967386,100
2023-07-11 18:00:00+05:30,10.4,194.0,35.7,973.0,54.40177582415508,100
2023-07-11 19:00:00+05:30,20.5,182.0,33.1,973.3,98.31592704927644,100
2023-07-11 20:00:00+05:30,19.9,186.0,32.0,973.8,100.0,100
2023-07-11 21:00:00+05:30,22.0,198.0,31.3,974.0,100.0,100
2023-07-11 22:00:00+05:30,23.4,205.0,30.9,974.5,100.0,100
2023-07-11 23:00:00+05:30,21.0,218.0,30.6,974.8,100.0,100
2023-07-12 00:00:00+05:30,21.8,231.0,30.1,974.4,97.4453424167331,100
2023-07-12 01:00:00+05:30,25.6,232.0,29.3,973.7,0.0,100
2023-07-12 02:00:00+05:30,27.2,233.0,28.3,973.1,0.0,100
2023-07-12 03:00:00+05:30,25.7,236.0,27.3,973.3,2.1017677439559264,100
2023-07-12 04:00:00+05:30,25.5,237.0,26.5,973.8,1.8564416483629573,100
2023-07-12 05:00:00+05:30,23.2,237.0,26.9,973.7,98.26044705824378,100
2023-07-12 06:00:00+05:30,21.3,236.0,26.8,974.2,97.90859923415101,100
2023-07-12 07:00:00+05:30,23.7,226.0,27.3,974.8,98.88233867037948,100
2023-07-12 08:00:00+05:30,25.5,225.0,28.4,975.0,0.0,100
2023-07-12 09:00:00+05:30,24.9,225.0,30.3,975.2,100.0,100
2023-07-12 10:00:00+05:30,26.0,222.0,32.1,975.2,0.0,100
2023-07-12 11:00:00+05:30,25.7,223.0,34.1,974.7,0.0,100
2023-07-12 12:00:00+05:30,24.4,224.0,36.0,974.1,99.38632355866747,100
2023-07-12 13:00:00+05:30,23.7,226.0,37.6,973.4,98.0596086126575,100
2023-07-12 14:00:00+05:30,23.4,223.0,38.4,972.9,99.19630550250892,100
2023-07-12 15:00:00+05:30,21.8,219.0,38.7,972.4,100.0,100
2023-07-12 16:00:00+05:30,20.4,216.0,38.8,972.1,100.0,100
2023-07-12 17:00:00+05:30,17.2,190.0,38.9,972.1,97.42994948561152,100
2023-07-12 18:00:00+05:30,19.8,178.0,37.6,972.1,100.0,100
2023-07-12 19:00:00+05:30,23.5,176.0,35.2,972.1,98.83291141928558,100
2023-07-12 20:00:00+05:30,22.7,184.0,33.8,972.8,99.49335199586544,100
2023-07-12 21:00:00+05:30,25.2,197.0,32.9,973.4,1.0235280582666804,100
2023-07-12 22:00:00+05:30,26.6,205.0,31.9,973.8,0.434515226944716,100
2023-07-12 23:00:00+05:30,26.0,217.0,31.5,973.7,0.5234578992966205,100
2023-07-13 00:00:00+05:30,24.2,223.0,30.8,973.6,95.90109046679913,100
2023-07-13 01:00:00+05:30,26.6,230.0,30.2,973.3,0.0,100
2023-07-13 02:00:00+05:30,27.7,235.0,29.3,973.1,0.0,100
2023-07-13 03:00:00+05:30,28.6,236.0,28.4,973.3,1.4393771529705335,100
2023-07-13 04:00:00+05:30,27.5,238.0,27.6,973.2,0.0,100
2023-07-13 05:00:00+05:30,23.6,231.0,27.8,973.0,99.59713307165849,100
2023-07-13 06:00:00+05:30,22.7,223.0,27.6,973.4,100.0,100
2023-07-13 07:00:00+05:30,23.1,214.0,28.0,974.1,100.0,100
2023-07-13 08:00:00+05:30,25.9,209.0,29.1,974.4,0.0,100
2023-07-13 09:00:00+05:30,27.9,207.0,31.0,974.3,0.0,100
2023-07-13 10:00:00+05:30,28.5,208.0,33.1,974.3,0.0,100
2023-07-13 11:00:00+05:30,27.2,212.0,35.2,974.2,0.0,100
2023-07-13 12:00:00+05:30,26.5,214.0,37.2,974.1,0.0,100
2023-07-13 13:00:00+05:30,27.1,213.0,38.6,973.2,0.0,100
2023-07-13 14:00:00+05:30,26.1,215.0,39.6,972.5,0.0,100
2023-07-13 15:00:00+05:30,25.1,218.0,40.1,971.9,0.0,100
2023-07-13 16:00:00+05:30,26.6,216.0,40.0,971.5,0.0023152755829640307,100
2023-07-13 17:00:00+05:30,17.4,210.0,39.7,971.6,100.0,100
2023-07-13 18:00:00+05:30,16.9,204.0,38.8,971.8,99.5041676331791,100
2023-07-13 19:00:00+05:30,22.9,188.0,37.0,972.2,99.02719761834204,100
2023-07-13 20:00:00+05:30,25.4,187.0,35.7,972.9,0.6499226596728922,100
2023-07-13 21:00:00+05:30,30.6,195.0,34.2,973.6,0.14487411627504668,100
2023-07-13 22:00:00+05:30,33.4,198.0,32.9,974.3,0.0,100
2023-07-13 23:00:00+05:30,31.4,208.0,32.0,974.2,0.5483587178709313,100
2023-07-14 00:00:00+05:30,29.9,211.0,31.3,974.2,0.0,100
2023-07-14 01:00:00+05:30,30.4,214.0,30.5,974.0,0.0,100
2023-07-14 02:00:00+05:30,31.1,223.0,29.6,973.8,0.0,100
2023-07-14 03:00:00+05:30,29.6,230.0,28.9,974.2,0.0,100
2023-07-14 04:00:00+05:30,27.2,231.0,28.3,974.4,0.0,100
2023-07-14 05:00:00+05:30,24.2,224.0,28.5,974.2,99.13839509604055,100
2023-07-14 06:00:00+05:30,26.8,216.0,28.1,974.6,0.0,100
2023-07-14 07:00:00+05:30,27.3,214.0,28.3,975.1,0.09740177907582334,100
2023-07-14 08:00:00+05:30,26.5,214.0,29.3,975.3,1.577027661694866,100
2023-07-14 09:00:00+05:30,26.5,214.0,30.9,975.9,0.0,100
2023-07-14 10:00:00+05:30,28.1,213.0,32.9,975.9,0.0,100
2023-07-14 11:00:00+05:30,26.7,217.0,34.9,975.7,0.0,100
2023-07-14 12:00:00+05:30,25.3,220.0,36.5,975.5,0.0,100
2023-07-14 13:00:00+05:30,24.2,221.0,37.8,974.7,97.98875109391788,100
2023-07-14 14:00:00+05:30,23.0,221.0,38.8,973.6,97.3973986061204,100
2023-07-14 15:00:00+05:30,22.3,219.0,39.4,972.5,96.35187218771692,100
2023-07-14 16:00:00+05:30,22.3,219.0,39.7,971.9,96.9708938150165,100
2023-07-14 17:00:00+05:30,18.6,216.0,38.9,972.8,100.0,100
2023-07-14 18:00:00+05:30,21.5,218.0,37.9,972.7,100.0,100
2023-07-14 19:00:00+05:30,19.5,218.0,37.0,973.3,100.0,100
2023-07-14 20:00:00+05:30,15.9,218.0,36.2,973.9,100.0,100
2023-07-14 21:00:00+05:30,18.7,220.0,35.3,974.6,100.0,100
2023-07-14 22:00:00+05:30,20.9,226.0,34.5,974.9,99.50470139325851,100
2023-07-14 23:00:00+05:30,21.1,217.0,33.6,975.5,100.0,100
2023-07-15 00:00:00+05:30,23.4,209.0,32.6,975.4,100.0,100
2023-07-15 01:00:00+05:30,28.7,208.0,31.3,974.6,0.24910622339315378,100
2023-07-15 02:00:00+05:30,30.5,218.0,30.2,974.2,0.0,100
2023-07-15 03:00:00+05:30,31.6,229.0,29.3,974.2,0.6445540997566134,100
2023-07-15 04:00:00+05:30,29.7,231.0,28.3,974.3,0.0,100
2023-07-15 05:00:00+05:30,23.7,229.0,28.6,974.0,98.46106721036689,100
2023-07-15 06:00:00+05:30,22.9,224.0,28.2,974.3,99.03132539860557,100
2023-07-15 07:00:00+05:30,25.0,213.0,28.5,974.9,99.70258365716992,100
2023-07-15 08:00:00+05:30,27.6,211.0,29.5,975.0,1.0729950994503956,100
2023-07-15 09:00:00+05:30,27.5,212.0,31.1,975.3,0.15938456804492745,100
2023-07-15 10:00:00+05:30,28.6,214.0,32.8,975.6,1.3043715569114875,100
2023-07-15 11:00:00+05:30,28.0,215.0,34.4,975.4,0.0,100
2023-07-15 12:00:00+05:30,26.9,215.0,35.9,974.7,0.0,100
2023-07-15 13:00:00+05:30,25.9,215.0,37.2,973.6,0.0,100
2023-07-15 14:00:00+05:30,26.3,216.0,38.2,972.3,0.0,100
2023-07-15 15:00:00+05:30,26.9,218.0,38.6,971.4,0.7379700095617927,100
2023-07-15 16:00:00+05:30,27.6,221.0,38.7,970.9,0.9235669708889989,100
2023-07-15 17:00:00+05:30,22.6,217.0,37.0,971.9,100.0,100
2023-07-15 18:00:00+05:30,21.3,217.0,36.4,972.2,99.47241352269207,100
2023-07-15 19:00:00+05:30,19.8,209.0,35.8,972.8,99.46136796989272,100
2023-07-15 20:00:00+05:30,17.6,191.0,35.1,973.3,100.0,100
2023-07-15 21:00:00+05:30,15.5,185.0,34.8,973.8,100.0,100
2023-07-15 22:00:00+05:30,17.7,197.0,34.5,974.2,97.7033884166398,100
2023-07-15 23:00:00+05:30,29.9,230.0,32.9,974.2,0.9094101270235119,100
2023-07-16 00:00:00+05:30,28.6,230.0,31.5,974.4,0.0,100
2023-07-16 01:00:00+05:30,30.6,226.0,30.3,974.3,1.179737337324133,100
2023-07-16 02:00:00+05:30,29.6,230.0,29.4,973.9,1.4246811282807235,100
2023-07-16 03:00:00+05:30,28.3,229.0,28.5,973.9,1.0883021085847253,100
2023-07-16 04:00:00+05:30,26.5,225.0,27.8,973.9,0.7606091618214371,100
2023-07-16 05:00:00+05:30,24.5,220.0,28.4,973.8,100.0,100
2023-07-16 06:00:00+05:30,24.8,216.0,28.2,974.1,100.0,100
2023-07-16 07:00:00+05:30,26.4,212.0,28.6,974.5,1.3664319701995618,100
2023-07-16 08:00:00+05:30,27.9,210.0,29.6,974.8,0.14668785450365288,100
2023-07-16 09:00:00+05:30,28.4,210.0,31.0,975.0,0.0,100
2023-07-16 10:00:00+05:30,27.9,209.0,32.6,975.3,0.5516209484972192,100
2023-07-16 11:00:00+05:30,26.2,207.0,34.2,975.2,0.4565036833194783,100
2023-07-16 12:00:00+05:30,24.5,210.0,35.6,974.6,98.8076724823007,100
2023-07-16 13:00:00+05:30,24.4,211.0,36.8,973.9,96.94161396879448,100
2023-07-16 14:00:00+05:30,22.9,213.0,37.6,972.9,98.14750531009282,100
2023-07-16 15:00:00+05:30,21.5,215.0,38.1,972.3,97.95048714609902,100
2023-07-16 16:00:00+05:30,20.9,212.0,38.4,971.7,100.0,100
2023-07-16 17:00:00+05:30,18.4,215.0,36.9,972.4,100.0,100
2023-07-16 18:00:00+05:30,15.5,226.0,36.9,972.3,100.0,100
2023-07-16 19:00:00+05:30,14.4,238.0,36.4,972.6,100.0,100
2023-07-16 20:00:00+05:30,11.3,261.0,35.6,973.1,77.29444907175618,100
2023-07-16 21:00:00+05:30,14.0,198.0,34.8,974.1,100.0,100
2023-07-16 22:00:00+05:30,24.6,201.0,34.1,974.6,98.06805702858227,100
2023-07-16 23:00:00+05:30,22.1,199.0,33.5,974.6,100.0,100
2023-07-17 00:00:00+05:30,24.2,221.0,32.2,974.4,100.0,100
2023-07-17 01:00:00+05:30,26.0,224.0,31.5,974.1,1.5429382524159885,100
2023-07-17 02:00:00+05:30,25.5,234.0,30.5,974.0,0.0,100
2023-07-17 03:00:00+05:30,25.6,242.0,29.6,974.2,0.49823420223549986,100
2023-07-17 04:00:00+05:30,23.7,242.0,28.6,974.3,100.0,100
2023-07-17 05:00:00+05:30,19.1,238.0,29.1,973.8,100.0,100
2023-07-17 06:00:00+05:30,17.6,224.0,28.9,974.1,100.0,100
2023-07-17 07:00:00+05:30,18.6,216.0,29.4,974.6,100.0,100
2023-07-17 08:00:00+05:30,20.8,214.0,30.7,974.9,100.0,100
2023-07-17 09:00:00+05:30,21.0,218.0,32.3,974.8,100.0,100
2023-07-17 10:00:00+05:30,21.0,215.0,34.0,974.8,96.69951293108292,100
2023-07-17 11:00:00+05:30,19.5,210.0,35.7,974.4,99.8767497485939,100
2023-07-17 12:00:00+05:30,18.5,201.0,37.2,974.1,100.0,100
2023-07-17 13:00:00+05:30,16.6,198.0,38.2,973.4,100.0,100
2023-07-17 14:00:00+05:30,16.1,200.0,39.0,972.3,100.0,100
2023-07-17 15:00:00+05:30,16.4,206.0,39.4,971.4,100.0,100
2023-07-17 16:00:00+05:30,16.4,213.0,39.4,970.8,100.0,100
2023-07-17 17:00:00+05:30,11.5,219.0,38.1,971.4,83.91808115736656,100
2023-07-17 18:00:00+05:30,12.5,226.0,37.9,971.6,100.0,100
2023-07-17 19:00:00+05:30,14.5,226.0,37.3,972.0,100.0,100
2023-07-17 20:00:00+05:30,17.3,222.0,36.3,972.6,96.42004074459241,100
2023-07-17 21:00:00+05:30,16.3,215.0,35.8,973.2,97.89426888194389,100
2023-07-17 22:00:00+05:30,16.6,222.0,35.2,973.6,100.0,100
2023-07-17 23:00:00+05:30,18.3,225.0,34.6,973.5,99.8280746025364,100
2023-07-18 00:00:00+05:30,21.3,208.0,34.0,972.9,96.43439308025205,100
2023-07-18 01:00:00+05:30,26.0,202.0,32.3,972.3,0.0,100
2023-07-18 02:00:00+05:30,24.8,210.0,31.5,972.2,100.0,100
2023-07-18 03:00:00+05:30,23.5,220.0,31.1,972.4,95.30903036617715,100
2023-07-18 04:00:00+05:30,23.2,234.0,30.6,972.8,100.0,100
2023-07-18 05:00:00+05:30,23.2,234.0,30.2,972.5,98.97755210249282,100
2023-07-18 06:00:00+05:30,21.6,233.0,29.4,972.9,96.73841506004007,100
2023-07-18 07:00:00+05:30,20.8,233.0,29.7,973.6,100.0,100
2023-07-18 08:00:00+05:30,21.3,231.0,30.8,973.9,100.0,100
2023-07-18 09:00:00+05:30,23.4,226.0,32.6,974.2,100.0,100
2023-07-18 10:00:00+05:30,25.5,223.0,34.4,974.1,0.0,100
2023-07-18 11:00:00+05:30,24.7,222.0,36.2,973.8,96.62329525917663,100
2023-07-18 12:00:00+05:30,23.0,220.0,37.8,973.0,97.23222968701815,100
2023-07-18 13:00:00+05:30,21.5,218.0,38.9,972.0,100.0,100
2023-07-18 14:00:00+05:30,19.1,221.0,39.6,971.0,100.0,100
2023-07-18 15:00:00+05:30,16.6,222.0,40.0,970.1,100.0,100
2023-07-18 16:00:00+05:30,14.5,228.0,40.0,969.4,100.0,100
2023-07-18 17:00:00+05:30,13.5,245.0,38.4,970.0,99.41183579831039,100
2023-07-18 18:00:00+05:30,10.7,256.0,38.0,970.3,62.56324297898894,100
2023-07-18 19:00:00+05:30,11.4,252.0,37.6,970.8,82.00150017425639,100
2023-07-18 20:00:00+05:30,12.8,254.0,36.9,971.4,95.10989977040111,100
2023-07-18 21:00:00+05:30,11.3,243.0,36.1,972.0,82.91521458376296,100
2023-07-18 22:00:00+05:30,12.4,234.0,35.4,972.4,100.0,100
2023-07-18 23:00:00+05:30,16.8,228.0,34.9,972.1,100.0,100
2023-07-19 00:00:00+05:30,16.0,226.0,34.2,971.4,100.0,100
2023-07-19 01:00:00+05:30,15.3,227.0,33.6,970.7,100.0,100
2023-07-19 02:00:00+05:30,15.1,230.0,33.1,970.5,97.88968662130614,100
2023-07-19 03:00:00+05:30,18.3,248.0,31.8,970.6,99.4804248742287,100
2023-07-19 04:00:00+05:30,18.6,248.0,30.7,970.9,95.68722705549142,100
2023-07-19 05:00:00+05:30,17.3,234.0,30.6,971.3,100.0,100
2023-07-19 06:00:00+05:30,16.9,218.0,30.0,971.5,97.06154904281931,100
2023-07-19 07:00:00+05:30,15.9,219.0,30.4,972.0,100.0,100
2023-07-19 08:00:00+05:30,16.0,224.0,31.8,972.4,97.75887181693629,100
2023-07-19 09:00:00+05:30,16.6,229.0,33.5,972.4,99.62707156690182,100
2023-07-19 10:00:00+05:30,16.0,224.0,35.4,972.4,98.08537234459054,100
2023-07-19 11:00:00+05:30,15.1,213.0,37.0,971.9,96.65562705422622,100
2023-07-19 12:00:00+05:30,14.3,208.0,38.3,971.5,100.0,100
2023-07-19 13:00:00+05:30,13.0,199.0,39.2,970.7,100.0,100
2023-07-19 14:00:00+05:30,10.9,186.0,39.8,970.1,69.33347559245199,100
2023-07-19 15:00:00+05:30,9.7,184.0,40.3,969.2,41.72266657909595,100
2023-07-19 16:00:00+05:30,7.7,169.0,39.6,968.3,14.168939019900721,100
2023-07-19 17:00:00+05:30,12.6,59.0,35.5,969.3,100.0,100
2023-07-19 18:00:00+05:30,13.5,65.0,33.6,969.8,97.170772940297,100
2023-07-19 19:00:00+05:30,8.7,66.0,32.6,970.5,25.250232061597075,100
2023-07-19 20:00:00+05:30,9.1,97.0,29.9,972.1,30.51526619085547,100
2023-07-19 21:00:00+05:30,9.6,146.0,28.9,973.0,40.170984178328446,100
2023-07-19 22:00:00+05:30,9.9,134.0,28.8,973.0,45.085875029438284,100
2023-07-19 23:00:00+05:30,11.6,164.0,28.6,972.5,86.09347563388403,100
2023-07-20 00:00:00+05:30,9.7,176.0,28.4,972.0,40.88446313490432,100
2023-07-20 01:00:00+05:30,10.8,182.0,28.2,971.9,65.78039349990011,100
2023-07-20 02:00:00+05:30,10.9,189.0,28.0,971.6,68.48269354191511,100
2023-07-20 03:00:00+05:30,11.5,200.0,27.9,971.7,88.04234419293384,100
2023-07-20 04:00:00+05:30,9.8,216.0,27.9,971.7,43.09550693701891,100
2023-07-20 05:00:00+05:30,5.6,333.0,28.3,972.3,3.0151062256530055,100
2023-07-20 06:00:00+05:30,6.4,232.0,27.2,973.1,6.114806260214853,100
2023-07-20 07:00:00+05:30,6.8,72.0,27.1,973.1,7.2627340775983,100
2023-07-20 08:00:00+05:30,12.0,221.0,27.0,973.8,100.0,100
2023-07-20 09:00:00+05:30,2.6,214.0,27.9,973.8,1.18727795981884,100
2023-07-20 10:00:00+05:30,1.5,166.0,29.3,973.7,0.6918127809133762,100
2023-07-20 11:00:00+05:30,7.4,51.0,30.8,973.4,11.478008521423982,100
2023-07-20 12:00:00+05:30,10.1,73.0,32.1,973.3,50.39581704156539,100
2023-07-20 13:00:00+05:30,9.1,83.0,33.1,972.7,29.513290673759496,100
2023-07-20 14:00:00+05:30,6.5,90.0,33.6,971.8,6.549502411600318,100
2023-07-20 15:00:00+05:30,5.1,82.0,33.5,971.2,0.7880564815066051,100
2023-07-20 16:00:00+05:30,6.8,87.0,32.7,970.5,8.03197952280443,100
2023-07-20 17:00:00+05:30,7.1,15.0,33.4,970.8,10.51068031588179,100
2023-07-20 18:00:00+05:30,5.8,356.0,32.8,971.3,3.7657004288314297,100
2023-07-20 19:00:00+05:30,3.8,343.0,32.2,971.7,0.6882240874453419,100
2023-07-20 20:00:00+05:30,7.7,53.0,31.2,972.4,14.81254482003376,100
2023-07-20 21:00:00+05:30,6.6,158.0,29.6,973.3,7.781542658744099,100
2023-07-20 22:00:00+05:30,4.7,279.0,28.7,974.3,1.4773653380185516,100
2023-07-20 23:00:00+05:30,5.7,198.0,28.8,973.9,2.7235179676628856,100
2023-07-21 00:00:00+05:30,4.7,9.0,28.6,973.3,0.9304456169143558,100
2023-07-21 01:00:00+05:30,1.0,135.0,28.4,972.8,0.4065748679813322,100
2023-07-21 02:00:00+05:30,6.4,128.0,28.3,972.5,4.203141533051706,100
2023-07-21 03:00:00+05:30,8.4,130.0,28.2,972.8,24.08827704134116,100
2023-07-21 04:00:00+05:30,5.0,159.0,28.1,972.8,0.9975900683848662,100
2023-07-21 05:00:00+05:30,1.8,169.0,28.7,973.1,1.5438003708337527,100
2023-07-21 06:00:00+05:30,3.6,127.0,28.8,973.6,0.0,100
2023-07-21 07:00:00+05:30,6.2,83.0,29.2,974.6,4.263895493276271,100
2023-07-21 08:00:00+05:30,7.6,87.0,29.4,975.0,14.254722778150503,100
2023-07-21 09:00:00+05:30,5.4,127.0,30.7,974.9,1.1902735526297499,100
2023-07-21 10:00:00+05:30,12.5,123.0,32.2,974.6,100.0,100
2023-07-21 11:00:00+05:30,9.2,132.0,33.1,974.7,30.222798100265482,100
2023-07-21 12:00:00+05:30,8.8,161.0,33.9,974.6,26.469246425515237,100
2023-07-21 13:00:00+05:30,8.8,161.0,34.5,974.1,26.388972810178416,100
2023-07-21 14:00:00+05:30,7.2,174.0,35.0,973.4,11.252545927437279,100
2023-07-21 15:00:00+05:30,7.6,211.0,35.2,972.9,12.706593885239561,100
2023-07-21 16:00:00+05:30,8.4,227.0,35.0,972.5,20.652813593321603,100
2023-07-21 17:00:00+05:30,4.7,247.0,35.5,972.5,0.0,100
2023-07-21 18:00:00+05:30,3.6,270.0,31.1,973.3,0.641310143532678,100
2023-07-21 19:00:00+05:30,10.5,274.0,29.8,973.4,60.297402024400874,100
2023-07-21 20:00:00+05:30,19.3,143.0,28.1,975.1,98.59899310326712,100
2023-07-21 21:00:00+05:30,13.7,215.0,27.9,975.8,96.99503789276591,100
2023-07-21 22:00:00+05:30,6.0,155.0,27.6,975.8,2.7691338718562175,100
2023-07-21 23:00:00+05:30,11.1,216.0,27.4,975.5,71.45795457827892,100
2023-07-22 00:00:00+05:30,7.4,129.0,27.4,975.4,11.64857355126459,100
2023-07-22 01:00:00+05:30,5.0,120.0,27.4,974.6,1.4303918917071978,100
2023-07-22 02:00:00+05:30,3.9,112.0,27.4,974.3,0.0,100
2023-07-22 03:00:00+05:30,6.0,163.0,27.4,974.0,4.445722433861817,100
2023-07-22 04:00:00+05:30,5.2,196.0,27.3,974.8,1.7605300295652369,100
2023-07-22 05:00:00+05:30,2.7,113.0,27.5,974.5,0.0,100
2023-07-22 06:00:00+05:30,2.7,23.0,27.4,975.7,0.33557167613357447,100
2023-07-22 07:00:00+05:30,4.2,31.0,27.8,975.9,1.0381920102476696,100
2023-07-22 08:00:00+05:30,4.6,45.0,28.8,976.1,1.8454997918039204,100
2023-07-22 09:00:00+05:30,8.3,88.0,30.3,976.3,20.954651111289852,100
2023-07-22 10:00:00+05:30,9.4,92.0,31.5,976.4,37.52460289687685,100
2023-07-22 11:00:00+05:30,10.5,96.0,32.6,976.8,56.998240304878514,100
2023-07-22 12:00:00+05:30,13.0,104.0,33.4,976.2,100.0,100
2023-07-22 13:00:00+05:30,12.9,103.0,34.1,975.6,100.0,100
2023-07-22 14:00:00+05:30,13.0,96.0,34.7,974.6,100.0,100
2023-07-22 15:00:00+05:30,8.7,114.0,34.7,973.7,25.784085023409784,100
2023-07-22 16:00:00+05:30,4.3,95.0,34.8,973.3,0.5206594575457272,100
2023-07-22 17:00:00+05:30,8.5,36.0,34.2,973.4,24.549881723778434,100
2023-07-22 18:00:00+05:30,6.7,36.0,33.7,973.7,9.02461590331671,100
2023-07-22 19:00:00+05:30,6.6,49.0,32.3,974.4,5.427099206480626,100
2023-07-22 20:00:00+05:30,5.7,35.0,31.6,974.7,1.8556040146007575,100
2023-07-22 21:00:00+05:30,4.5,14.0,31.3,975.1,0.0,100
2023-07-22 22:00:00+05:30,5.1,45.0,31.0,975.6,0.0,100
2023-07-22 23:00:00+05:30,13.7,162.0,29.9,976.2,100.0,100
2023-07-23 00:00:00+05:30,11.2,94.0,27.2,975.4,78.87030338630943,100
2023-07-23 01:00:00+05:30,10.7,222.0,27.5,975.8,61.48056476742088,100
2023-07-23 02:00:00+05:30,6.9,39.0,27.4,975.3,8.565502767147498,100
2023-07-23 03:00:00+05:30,14.4,93.0,27.7,974.7,100.0,100
2023-07-23 04:00:00+05:30,13.4,82.0,27.4,974.4,100.0,100
2023-07-23 05:00:00+05:30,13.5,42.0,28.1,974.9,100.0,100
2023-07-23 06:00:00+05:30,12.3,50.0,27.9,975.7,100.0,100
2023-07-23 07:00:00+05:30,10.4,44.0,28.4,975.8,55.777310387685596,100
2023-07-23 08:00:00+05:30,13.0,44.0,29.5,976.5,100.0,100
2023-07-23 09:00:00+05:30,18.2,38.0,30.7,976.3,100.0,100
2023-07-23 10:00:00+05:30,22.2,61.0,31.7,976.5,100.0,100
2023-07-23 11:00:00+05:30,21.7,69.0,32.4,975.8,97.78460992254728,100
2023-07-23 12:00:00+05:30,25.3,67.0,33.3,975.3,1.7599854691845815,100
2023-07-23 13:00:00+05:30,25.5,67.0,33.9,974.5,0.0,100
2023-07-23 14:00:00+05:30,26.9,62.0,34.3,973.1,0.0,100
2023-07-23 15:00:00+05:30,26.9,64.0,34.6,972.1,0.7987690002955935,100
2023-07-23 16:00:00+05:30,24.7,74.0,34.4,972.1,100.0,100
2023-07-23 17:00:00+05:30,18.4,73.0,32.8,972.1,96.44048873961815,100
2023-07-23 18:00:00+05:30,17.3,95.0,30.7,972.4,100.0,100
2023-07-23 19:00:00+05:30,14.6,70.0,30.4,972.6,100.0,100
2023-07-23 20:00:00+05:30,10.4,358.0,29.2,973.6,55.03377645527033,100
2023-07-23 21:00:00+05:30,14.2,9.0,28.1,974.1,99.61374307243219,100
2023-07-23 22:00:00+05:30,7.3,79.0,28.1,974.8,10.563046714491122,100
2023-07-23 23:00:00+05:30,7.9,60.0,27.9,974.4,17.087541057736505,100
2023-07-24 00:00:00+05:30,11.3,99.0,27.8,974.3,77.889018820228,100
2023-07-24 01:00:00+05:30,16.5,74.0,27.5,973.3,100.0,100
2023-07-24 02:00:00+05:30,14.7,79.0,27.3,973.1,99.49965730131217,100
2023-07-24 03:00:00+05:30,15.2,86.0,27.0,972.5,99.40104114547616,100
2023-07-24 04:00:00+05:30,14.1,87.0,26.8,972.6,100.0,100
2023-07-24 05:00:00+05:30,8.6,90.0,27.7,973.0,23.062599354467935,100
2023-07-24 06:00:00+05:30,7.3,79.0,27.9,973.6,10.006335628527086,100
2023-07-24 07:00:00+05:30,6.8,58.0,28.1,974.3,9.880739015003588,100
2023-07-24 08:00:00+05:30,10.7,45.0,28.6,974.1,62.70631581575774,100
2023-07-24 09:00:00+05:30,17.0,77.0,29.5,974.4,97.92949176658033,100
2023-07-24 10:00:00+05:30,14.4,91.0,30.2,974.7,100.0,100
2023-07-24 11:00:00+05:30,14.4,103.0,30.5,974.4,95.27079723935496,100
2023-07-24 12:00:00+05:30,7.9,114.0,31.1,974.1,15.800741095598783,100
2023-07-24 13:00:00+05:30,10.6,100.0,31.6,973.1,59.36266449868854,100
2023-07-24 14:00:00+05:30,11.3,107.0,31.9,971.7,78.12893112556714,100
2023-07-24 15:00:00+05:30,11.5,90.0,31.9,970.9,83.86444992461995,100
2023-07-24 16:00:00+05:30,13.9,80.0,31.0,970.8,98.46268884831025,100
2023-07-24 17:00:00+05:30,7.6,109.0,30.5,971.6,14.687414357211441,100
2023-07-24 18:00:00+05:30,10.0,75.0,29.2,972.0,46.7922767002667,100
2023-07-24 19:00:00+05:30,13.3,49.0,28.0,973.1,100.0,100
2023-07-24 20:00:00+05:30,9.1,99.0,27.5,972.7,31.30428071324307,100
2023-07-24 21:00:00+05:30,7.9,156.0,27.5,972.8,16.768738044406312,100
2023-07-24 22:00:00+05:30,6.4,137.0,27.4,973.9,6.101624052751152,100
2023-07-24 23:00:00+05:30,5.1,86.0,27.4,974.5,0.7017963828569792,100
2023-07-25 00:00:00+05:30,7.6,121.0,27.4,974.0,12.758459099098724,100
2023-07-25 01:00:00+05:30,11.8,149.0,27.2,973.4,94.49549751726401,100
2023-07-25 02:00:00+05:30,15.1,162.0,26.9,972.7,99.29646719141437,100
2023-07-25 03:00:00+05:30,15.5,181.0,26.7,972.5,98.65956728860601,100
2023-07-25 04:00:00+05:30,14.0,206.0,26.5,973.0,96.64064723434973,100
2023-07-25 05:00:00+05:30,9.7,129.0,26.5,973.0,40.002662593613344,100
2023-07-25 06:00:00+05:30,6.4,16.0,26.0,974.5,5.638827126364699,100
2023-07-25 07:00:00+05:30,14.0,72.0,26.0,975.2,100.0,100
2023-07-25 08:00:00+05:30,11.7,137.0,26.3,974.9,92.77917680815735,100
2023-07-25 09:00:00+05:30,15.5,155.0,27.5,975.4,99.22786506907373,100
2023-07-25 10:00:00+05:30,14.7,155.0,28.7,975.7,100.0,100
2023-07-25 11:00:00+05:30,13.7,166.0,29.6,975.2,96.98168098578145,100
2023-07-25 12:00:00+05:30,13.0,183.0,30.7,975.1,100.0,100
2023-07-25 13:00:00+05:30,11.9,175.0,31.3,974.6,100.0,100
2023-07-25 14:00:00+05:30,12.6,193.0,31.5,973.7,100.0,100
2023-07-25 15:00:00+05:30,9.3,208.0,32.1,972.9,34.13196750797258,100
2023-07-25 16:00:00+05:30,8.2,221.0,32.0,972.8,18.33373966016534,100
2023-07-25 17:00:00+05:30,8.5,208.0,29.5,973.5,23.083903522727557,100
2023-07-25 18:00:00+05:30,7.6,211.0,28.3,974.3,12.114455663103145,100
2023-07-25 19:00:00+05:30,8.3,182.0,27.6,974.5,20.389538619033328,100
2023-07-25 20:00:00+05:30,13.6,197.0,27.1,974.9,100.0,100
2023-07-25 21:00:00+05:30,11.4,193.0,26.6,975.4,77.39168164429962,100
2023-07-25 22:00:00+05:30,11.4,208.0,26.8,975.8,80.77164173081195,100
2023-07-25 23:00:00+05:30,11.8,211.0,26.8,976.0,92.30071077472155,100
2023-07-26 00:00:00+05:30,12.0,213.0,26.6,975.9,100.0,100
2023-07-26 01:00:00+05:30,14.3,208.0,26.3,975.4,98.304012020888,100
2023-07-26 02:00:00+05:30,14.8,209.0,26.2,975.3,98.67003897403178,100
2023-07-26 03:00:00+05:30,15.0,226.0,26.1,975.1,99.2058633043306,100
2023-07-26 04:00:00+05:30,14.3,225.0,25.9,974.9,99.2355790363246,100
2023-07-26 05:00:00+05:30,11.9,241.0,26.4,975.5,96.57685639653027,100
2023-07-26 06:00:00+05:30,13.3,257.0,26.4,976.5,98.73454442950626,100
2023-07-26 07:00:00+05:30,9.7,248.0,26.9,976.7,43.48969248632895,100
2023-07-26 08:00:00+05:30,13.0,226.0,27.5,976.9,100.0,100
2023-07-26 09:00:00+05:30,12.5,229.0,28.8,977.3,100.0,100
2023-07-26 10:00:00+05:30,12.2,223.0,29.7,977.5,100.0,100
2023-07-26 11:00:00+05:30,13.0,224.0,30.3,977.4,100.0,100
2023-07-26 12:00:00+05:30,11.2,220.0,30.7,977.5,75.93545518631991,100
2023-07-26 13:00:00+05:30,11.5,226.0,31.1,976.8,84.22220777032328,100
2023-07-26 14:00:00+05:30,13.0,224.0,31.5,975.8,100.0,100
2023-07-26 15:00:00+05:30,15.0,224.0,31.8,974.7,100.0,100
2023-07-26 16:00:00+05:30,17.6,221.0,31.6,974.2,97.01725482470152,100
2023-07-26 17:00:00+05:30,16.0,224.0,31.0,974.1,99.0857896522966,100
2023-07-26 18:00:00+05:30,13.5,236.0,30.5,975.0,100.0,100
2023-07-26 19:00:00+05:30,4.7,148.0,29.8,975.3,0.0,100
2023-07-26 20:00:00+05:30,4.7,189.0,29.1,975.9,1.2256460758085153,100
2023-07-26 21:00:00+05:30,6.4,218.0,28.7,976.5,6.993887126324935,100
2023-07-26 22:00:00+05:30,8.5,234.0,28.5,977.0,23.567576109803227,100
2023-07-26 23:00:00+05:30,9.4,223.0,28.2,976.7,34.354682849409265,100
2023-07-27 00:00:00+05:30,9.0,209.0,27.9,976.7,28.132026236453576,100
2023-07-27 01:00:00+05:30,10.9,207.0,27.8,976.2,70.01528984170227,100
2023-07-27 02:00:00+05:30,12.7,209.0,27.5,975.5,99.01999251264084,100
2023-07-27 03:00:00+05:30,16.4,220.0,27.3,975.3,97.88494183763936,100
2023-07-27 04:00:00+05:30,16.8,227.0,27.1,975.6,96.40051869830278,100
2023-07-27 05:00:00+05:30,13.8,213.0,27.3,975.8,100.0,100
2023-07-27 06:00:00+05:30,14.5,222.0,27.0,976.1,99.66198140432708,100
2023-07-27 07:00:00+05:30,16.6,222.0,27.1,976.6,94.85630182185263,100
2023-07-27 08:00:00+05:30,16.8,227.0,27.7,977.1,98.70887210761018,100
2023-07-27 09:00:00+05:30,16.2,233.0,28.6,977.2,99.36923754262885,100
2023-07-27 10:00:00+05:30,16.4,230.0,29.7,977.2,99.16512255333694,100
2023-07-27 11:00:00+05:30,16.1,231.0,30.6,976.9,100.0,100
2023-07-27 12:00:00+05:30,17.6,227.0,31.5,976.1,100.0,100
2023-07-27 13:00:00+05:30,17.8,228.0,32.1,975.8,98.4175063238355,100
2023-07-27 14:00:00+05:30,18.1,229.0,32.5,975.0,97.51776810917282,100
2023-07-27 15:00:00+05:30,18.7,232.0,32.5,974.1,100.0,100
2023-07-27 16:00:00+05:30,18.8,238.0,32.3,973.3,99.62386370501748,100
2023-07-27 17:00:00+05:30,17.8,234.0,31.2,973.4,100.0,100
2023-07-27 18:00:00+05:30,14.7,234.0,30.6,973.5,100.0,100
2023-07-27 19:00:00+05:30,11.5,231.0,29.6,974.6,84.81712548875115,100
2023-07-27 20:00:00+05:30,9.0,233.0,28.8,975.4,28.198399345236666,100
2023-07-27 21:00:00+05:30,9.7,202.0,28.6,975.9,40.898163313653946,100
2023-07-27 22:00:00+05:30,13.6,202.0,28.4,975.8,98.99529219701833,100
2023-07-27 23:00:00+05:30,12.8,232.0,27.9,976.4,100.0,100
2023-07-28 00:00:00+05:30,13.8,231.0,26.9,975.1,100.0,100
2023-07-28 01:00:00+05:30,17.1,226.0,27.0,974.8,99.27776793354595,100
2023-07-28 02:00:00+05:30,21.9,224.0,26.9,974.0,100.0,100
2023-07-28 03:00:00+05:30,23.7,228.0,26.4,973.7,100.0,100
2023-07-28 04:00:00+05:30,24.2,227.0,26.0,973.3,98.75274311295479,100
2023-07-28 05:00:00+05:30,22.2,238.0,26.4,973.5,100.0,100
2023-07-28 06:00:00+05:30,19.2,232.0,26.3,974.0,100.0,100
2023-07-28 07:00:00+05:30,22.8,231.0,26.6,974.5,100.0,100
2023-07-28 08:00:00+05:30,25.4,235.0,27.4,974.7,1.054984884184022,100
2023-07-28 09:00:00+05:30,23.6,239.0,28.4,975.2,99.71006928754312,100
2023-07-28 10:00:00+05:30,20.0,236.0,29.4,975.3,98.86430393367696,100
2023-07-28 11:00:00+05:30,19.5,232.0,29.9,975.1,100.0,100
2023-07-28 12:00:00+05:30,19.7,232.0,30.7,974.7,100.0,100
2023-07-28 13:00:00+05:30,22.4,228.0,31.4,974.1,95.1865042980614,100
2023-07-28 14:00:00+05:30,17.1,226.0,29.4,973.1,100.0,100
2023-07-28 15:00:00+05:30,20.5,236.0,28.3,972.4,97.78977722022216,100
2023-07-28 16:00:00+05:30,16.5,234.0,28.7,972.2,100.0,100
2023-07-28 17:00:00+05:30,20.1,227.0,29.8,971.5,99.15694527565847,100
2023-07-28 18:00:00+05:30,18.9,211.0,28.5,972.5,96.03131996500987,100
2023-07-28 19:00:00+05:30,15.5,224.0,27.9,973.0,100.0,100
2023-07-28 20:00:00+05:30,13.5,228.0,27.2,972.9,100.0,100
2023-07-28 21:00:00+05:30,15.9,213.0,27.2,973.8,100.0,100
2023-07-28 22:00:00+05:30,18.8,206.0,27.2,974.2,99.222048386666,100
2023-07-28 23:00:00+05:30,24.2,210.0,27.3,974.0,99.4828755727844,100
2023-07-29 00:00:00+05:30,27.5,223.0,27.2,973.5,0.0,100
2023-07-29 01:00:00+05:30,27.5,225.0,26.4,972.8,1.2326570392482024,100
2023-07-29 02:00:00+05:30,28.3,223.0,25.9,972.2,0.0,100
2023-07-29 03:00:00+05:30,31.6,224.0,25.5,971.7,0.736336638619449,100
2023-07-29 04:00:00+05:30,31.3,225.0,25.3,971.9,0.0,100
2023-07-29 05:00:00+05:30,28.3,227.0,25.8,972.3,0.49634937055396877,100
2023-07-29 06:00:00+05:30,27.8,223.0,25.7,972.7,0.7037281833521778,100
2023-07-29 07:00:00+05:30,32.3,224.0,26.3,972.9,0.7255360932531567,100
2023-07-29 08:00:00+05:30,36.2,223.0,27.2,973.1,0.0,100
2023-07-29 09:00:00+05:30,35.9,223.0,28.1,973.8,0.0,100
2023-07-29 10:00:00+05:30,32.6,225.0,29.0,974.7,0.14492813397185764,100
2023-07-29 11:00:00+05:30,32.8,224.0,29.8,974.5,1.5395003729686008,100
2023-07-29 12:00:00+05:30,35.4,223.0,30.2,974.2,0.5950973507412685,100
2023-07-29 13:00:00+05:30,33.1,227.0,31.3,973.7,0.0,100
2023-07-29 14:00:00+05:30,29.8,225.0,31.3,973.1,0.2821497597391497,100
2023-07-29 15:00:00+05:30,30.0,224.0,31.6,972.3,0.0,100
2023-07-29 16:00:00+05:30,28.8,227.0,31.4,971.7,0.948929175922547,100
2023-07-29 17:00:00+05:30,19.8,217.0,31.5,971.6,98.82848331961884,100
2023-07-29 18:00:00+05:30,20.7,211.0,30.5,972.0,100.0,100
2023-07-29 19:00:00+05:30,20.2,211.0,29.4,972.6,99.54518201891081,100
2023-07-29 20:00:00+05:30,19.7,211.0,28.7,972.7,100.0,100
2023-07-29 21:00:00+05:30,20.8,214.0,28.3,973.5,99.64512607791531,100
2023-07-29 22:00:00+05:30,23.6,218.0,27.9,974.1,97.30065034654787,100
2023-07-29 23:00:00+05:30,26.0,224.0,27.1,973.9,0.0,100
2023-07-30 00:00:00+05:30,25.0,226.0,26.4,973.9,100.0,100
2023-07-30 01:00:00+05:30,22.0,232.0,25.9,973.9,97.19065196021998,100
2023-07-30 02:00:00+05:30,19.6,227.0,25.5,973.9,97.69473485414223,100
2023-07-30 03:00:00+05:30,23.5,216.0,25.2,973.5,100.0,100
2023-07-30 04:00:00+05:30,24.6,215.0,25.0,973.4,100.0,100
2023-07-30 05:00:00+05:30,23.4,214.0,25.1,973.0,100.0,100
2023-07-30 06:00:00+05:30,21.8,214.0,25.2,973.4,96.93743980196318,100
2023-07-30 07:00:00+05:30,22.7,223.0,26.0,974.0,100.0,100
2023-07-30 08:00:00+05:30,22.7,223.0,26.9,974.5,0.0,100
2023-07-30 09:00:00+05:30,20.2,221.0,28.0,974.9,100.0,100
2023-07-30 10:00:00+05:30,18.6,223.0,29.1,975.2,98.37792020615848,100
2023-07-30 11:00:00+05:30,19.1,221.0,29.5,974.9,100.0,100
2023-07-30 12:00:00+05:30,20.4,222.0,30.4,974.3,99.09795334556375,100
2023-07-30 13:00:00+05:30,19.6,223.0,30.7,973.6,97.78377534638673,100
2023-07-30 14:00:00+05:30,18.9,222.0,31.2,972.8,100.0,100
2023-07-30 15:00:00+05:30,19.6,221.0,31.4,972.1,100.0,100
2023-07-30 16:00:00+05:30,19.9,228.0,31.6,971.5,100.0,100
2023-07-30 17:00:00+05:30,17.3,211.0,31.3,971.8,100.0,100
2023-07-30 18:00:00+05:30,19.3,217.0,29.8,971.8,100.0,100
2023-07-30 19:00:00+05:30,17.1,215.0,28.4,972.1,98.57299659516387,100
2023-07-30 20:00:00+05:30,16.6,214.0,27.9,972.4,100.0,100
2023-07-30 21:00:00+05:30,16.9,207.0,27.2,973.0,100.0,100
2023-07-30 22:00:00+05:30,17.6,206.0,27.1,973.6,100.0,100
2023-07-30 23:00:00+05:30,19.2,210.0,27.1,973.6,99.75522576604243,100
2023-07-31 00:00:00+05:30,19.8,213.0,27.0,973.3,100.0,100
2023-07-31 01:00:00+05:30,19.7,215.0,26.7,972.6,100.0,100
2023-07-31 02:00:00+05:30,21.0,219.0,26.4,972.4,100.0,100
2023-07-31 03:00:00+05:30,22.9,222.0,26.1,972.7,100.0,100
2023-07-31 04:00:00+05:30,23.0,221.0,25.7,972.7,95.29829668392549,100
2023-07-31 05:00:00+05:30,22.3,214.0,26.1,972.4,100.0,100
2023-07-31 06:00:00+05:30,22.2,212.0,26.0,972.6,96.58119698698897,100
2023-07-31 07:00:00+05:30,26.2,214.0,26.5,973.4,0.2274430468231295,100
2023-07-31 08:00:00+05:30,25.6,215.0,27.5,973.6,0.0,100
2023-07-31 09:00:00+05:30,26.0,214.0,28.8,974.1,0.0,100
2023-07-31 10:00:00+05:30,25.0,208.0,30.3,974.4,99.81178779283478,100
2023-07-31 11:00:00+05:30,24.2,210.0,31.1,974.5,100.0,100
2023-07-31 12:00:00+05:30,23.0,212.0,31.4,974.0,100.0,100
2023-07-31 13:00:00+05:30,22.1,217.0,31.9,973.5,100.0,100
2023-07-31 14:00:00+05:30,21.4,221.0,32.1,973.1,98.1611446713943,100
2023-07-31 15:00:00+05:30,22.5,221.0,32.0,972.3,100.0,100
2023-07-31 16:00:00+05:30,21.9,224.0,32.5,971.8,100.0,100
2023-07-31 17:00:00+05:30,20.3,213.0,33.0,971.5,100.0,100
2023-07-31 18:00:00+05:30,18.8,216.0,31.7,971.2,96.65209192979934,100
2023-07-31 19:00:00+05:30,15.6,218.0,30.2,971.5,96.68293379239253,100
2023-07-31 20:00:00+05:30,13.7,207.0,29.3,972.1,100.0,100
2023-07-31 21:00:00+05:30,15.6,203.0,28.8,972.8,100.0,100
2023-07-31 22:00:00+05:30,19.1,221.0,28.5,973.5,100.0,100
2023-07-31 23:00:00+05:30,22.7,223.0,28.0,973.5,92.56727661922324,100
2023-08-01 00:00:00+05:30,26.2,217.0,27.5,972.8,0.1757000287867729,100
2023-08-01 01:00:00+05:30,27.2,217.0,26.9,972.2,1.171688444839958,100
2023-08-01 02:00:00+05:30,27.0,224.0,26.3,972.0,0.0,100
2023-08-01 03:00:00+05:30,25.1,231.0,25.8,972.3,0.0,100
2023-08-01 04:00:00+05:30,22.4,226.0,25.4,972.5,97.72549753075992,100
2023-08-01 05:00:00+05:30,20.9,222.0,26.1,972.4,100.0,100
2023-08-01 06:00:00+05:30,20.7,221.0,26.0,972.4,100.0,100
2023-08-01 07:00:00+05:30,27.3,220.0,26.7,972.9,0.0,100
2023-08-01 08:00:00+05:30,26.8,220.0,27.8,973.1,0.0,100
2023-08-01 09:00:00+05:30,27.3,214.0,28.8,973.1,0.0,100
2023-08-01 10:00:00+05:30,25.6,209.0,30.0,973.4,0.0,100
2023-08-01 11:00:00+05:30,24.8,208.0,31.3,973.2,100.0,100
2023-08-01 12:00:00+05:30,26.0,211.0,32.3,972.8,0.7771831576772411,100
2023-08-01 13:00:00+05:30,26.3,210.0,32.9,972.4,0.0,100
2023-08-01 14:00:00+05:30,25.9,207.0,33.5,971.7,0.0,100
2023-08-01 15:00:00+05:30,25.0,210.0,34.0,971.2,100.0,100
2023-08-01 16:00:00+05:30,24.4,214.0,34.2,970.5,99.44451076364805,100
2023-08-01 17:00:00+05:30,21.7,209.0,33.4,970.8,100.0,100
2023-08-01 18:00:00+05:30,18.7,210.0,32.4,971.2,100.0,100
2023-08-01 19:00:00+05:30,18.4,203.0,30.8,971.1,94.91928630953456,100
2023-08-01 20:00:00+05:30,21.7,195.0,30.0,971.2,100.0,100
2023-08-01 21:00:00+05:30,28.1,211.0,29.5,971.8,0.05416107200373283,100
2023-08-01 22:00:00+05:30,29.1,216.0,28.8,972.1,1.131244496808669,100
2023-08-01 23:00:00+05:30,28.4,219.0,28.0,972.5,0.0,100
2023-08-02 00:00:00+05:30,27.8,220.0,27.4,972.9,0.0,100
2023-08-02 01:00:00+05:30,27.8,222.0,26.8,972.6,0.0,100
2023-08-02 02:00:00+05:30,28.3,222.0,26.3,972.2,0.14363486617034701,100
2023-08-02 03:00:00+05:30,29.2,218.0,25.7,971.9,1.2468354812016549,100
2023-08-02 04:00:00+05:30,27.6,221.0,25.3,972.2,0.6158991141744147,100
2023-08-02 05:00:00+05:30,26.1,219.0,26.4,971.9,0.19271759084186882,100
2023-08-02 06:00:00+05:30,26.6,216.0,26.6,972.3,1.0746055647645791,100
2023-08-02 07:00:00+05:30,31.8,215.0,26.9,972.7,1.9968745568333417,100
2023-08-02 08:00:00+05:30,32.6,213.0,27.8,972.8,0.0,100
2023-08-02 09:00:00+05:30,37.5,214.0,29.2,973.1,0.0,100
2023-08-02 10:00:00+05:30,36.1,213.0,30.3,973.2,0.0,100
2023-08-02 11:00:00+05:30,34.9,215.0,31.4,973.0,0.0,100
2023-08-02 12:00:00+05:30,32.9,215.0,32.4,972.7,0.06158949720639633,100
2023-08-02 13:00:00+05:30,32.4,215.0,33.6,971.9,0.0,100
2023-08-02 14:00:00+05:30,33.4,213.0,34.0,971.3,0.0,100
2023-08-02 15:00:00+05:30,32.9,215.0,34.5,970.5,0.0,100
2023-08-02 16:00:00+05:30,32.3,215.0,34.6,970.3,0.0,100
2023-08-02 17:00:00+05:30,26.2,207.0,33.4,971.0,0.05331591033607633,100
2023-08-02 18:00:00+05:30,25.3,204.0,32.8,970.9,0.0,100
2023-08-02 19:00:00+05:30,25.3,200.0,31.1,971.5,1.375619530500305,100
2023-08-02 20:00:00+05:30,23.9,201.0,30.1,971.8,100.0,100
2023-08-02 21:00:00+05:30,27.1,209.0,29.6,972.0,0.0,100
2023-08-02 22:00:00+05:30,28.4,218.0,28.7,972.3,0.5909811989260101,100
2023-08-02 23:00:00+05:30,28.5,223.0,28.1,972.4,1.748764971189991,100
2023-08-03 00:00:00+05:30,25.7,217.0,27.5,972.7,0.1649645601048409,100
2023-08-03 01:00:00+05:30,25.7,222.0,26.9,972.6,1.1036712732159586,100
2023-08-03 02:00:00+05:30,26.7,217.0,26.3,972.1,0.0,100
2023-08-03 03:00:00+05:30,24.5,213.0,25.7,971.8,100.0,100
2023-08-03 04:00:00+05:30,23.9,211.0,25.4,971.5,98.96501862776213,100
2023-08-03 05:00:00+05:30,21.9,197.0,25.6,972.0,98.59690178252444,100
2023-08-03 06:00:00+05:30,23.7,202.0,26.0,972.2,99.26170049988941,100
2023-08-03 07:00:00+05:30,28.3,207.0,26.6,972.6,0.0,100
2023-08-03 08:00:00+05:30,29.5,210.0,27.6,972.9,0.0,100
2023-08-03 09:00:00+05:30,30.0,213.0,29.0,972.6,0.0,100
2023-08-03 10:00:00+05:30,29.0,212.0,30.5,972.5,0.6846460183903835,100
2023-08-03 11:00:00+05:30,28.0,206.0,31.4,972.6,0.0,100
2023-08-03 12:00:00+05:30,25.9,207.0,32.3,972.4,0.7815592899304378,100
2023-08-03 13:00:00+05:30,23.7,210.0,33.6,971.8,98.30381930995361,100
2023-08-03 14:00:00+05:30,24.3,207.0,34.6,971.3,97.84403898955553,100
2023-08-03 15:00:00+05:30,23.8,205.0,34.8,971.0,98.38999476769123,100
2023-08-03 16:00:00+05:30,23.1,195.0,35.1,970.7,96.21928575579891,100
2023-08-03 17:00:00+05:30,21.3,191.0,34.2,971.4,100.0,100
2023-08-03 18:00:00+05:30,23.9,196.0,33.3,971.5,98.08206401012497,100
2023-08-03 19:00:00+05:30,21.7,186.0,31.8,972.0,100.0,100
2023-08-03 20:00:00+05:30,23.6,187.0,30.7,972.5,98.8069325277291,100
2023-08-03 21:00:00+05:30,23.8,190.0,30.0,972.8,99.52887485916813,100
2023-08-03 22:00:00+05:30,28.9,186.0,28.7,973.3,1.9982045813831253,100
2023-08-03 23:00:00+05:30,31.8,200.0,28.2,973.5,0.0,100
2023-08-04 00:00:00+05:30,30.3,212.0,27.8,973.4,0.0,100
2023-08-04 01:00:00+05:30,26.4,219.0,27.2,973.0,1.2210059513723288,100
2023-08-04 02:00:00+05:30,23.6,219.0,26.6,973.0,100.0,100
2023-08-04 03:00:00+05:30,22.3,219.0,26.2,972.9,97.50619010240388,100
2023-08-04 04:00:00+05:30,19.8,213.0,25.7,973.3,100.0,100
2023-08-04 05:00:00+05:30,19.0,207.0,26.0,972.6,100.0,100
2023-08-04 06:00:00+05:30,18.5,201.0,25.8,973.2,100.0,100
2023-08-04 07:00:00+05:30,18.8,197.0,26.4,974.0,98.29859525017653,100
2023-08-04 08:00:00+05:30,22.4,199.0,27.8,974.4,99.48221559041431,100
2023-08-04 09:00:00+05:30,24.7,193.0,29.4,974.7,95.06907857060416,100
2023-08-04 10:00:00+05:30,25.8,192.0,31.0,974.7,0.19033232730135113,100
2023-08-04 11:00:00+05:30,24.5,197.0,32.8,974.6,100.0,100
2023-08-04 12:00:00+05:30,24.4,196.0,33.9,974.4,100.0,100
2023-08-04 13:00:00+05:30,22.5,202.0,35.0,974.0,100.0,100
2023-08-04 14:00:00+05:30,22.8,198.0,35.6,973.5,100.0,100
2023-08-04 15:00:00+05:30,20.9,201.0,36.0,973.0,100.0,100
2023-08-04 16:00:00+05:30,19.5,199.0,36.0,972.6,100.0,100
2023-08-04 17:00:00+05:30,19.1,191.0,34.6,973.5,99.44536910915657,100
2023-08-04 18:00:00+05:30,18.0,180.0,34.2,973.8,97.90981262645329,100
2023-08-04 19:00:00+05:30,18.2,150.0,33.0,974.1,100.0,100
2023-08-04 20:00:00+05:30,26.6,152.0,31.1,974.6,2.053679359219432,100
2023-08-04 21:00:00+05:30,26.7,166.0,30.0,974.8,2.265036231827035,100
2023-08-04 22:00:00+05:30,23.1,176.0,29.7,975.4,98.83396668495328,100
2023-08-04 23:00:00+05:30,27.5,185.0,29.3,975.7,1.507730099923106,100
2023-08-05 00:00:00+05:30,27.3,203.0,29.1,975.5,0.0,100
2023-08-05 01:00:00+05:30,24.2,210.0,28.6,975.2,100.0,100
2023-08-05 02:00:00+05:30,24.0,216.0,28.0,975.0,99.12688676675779,100
2023-08-05 03:00:00+05:30,21.9,226.0,27.4,975.1,100.0,100
2023-08-05 04:00:00+05:30,19.3,225.0,26.9,975.4,95.92375164425357,100
2023-08-05 05:00:00+05:30,17.1,208.0,26.9,975.7,98.10564815611436,100
2023-08-05 06:00:00+05:30,16.5,191.0,26.6,976.2,100.0,100
2023-08-05 07:00:00+05:30,18.4,179.0,27.0,977.1,97.01263114160395,100
2023-08-05 08:00:00+05:30,21.7,185.0,28.2,977.4,100.0,100
2023-08-05 09:00:00+05:30,26.1,192.0,29.7,977.7,0.39567386884358297,100
2023-08-05 10:00:00+05:30,26.7,196.0,31.7,977.6,0.0,100
2023-08-05 11:00:00+05:30,25.8,199.0,33.3,977.1,0.0,100
2023-08-05 12:00:00+05:30,25.0,203.0,34.6,976.6,98.7212176902897,100
2023-08-05 13:00:00+05:30,25.8,203.0,35.3,976.0,1.8084858621157573,100
2023-08-05 14:00:00+05:30,24.5,204.0,36.1,975.2,100.0,100
2023-08-05 15:00:00+05:30,24.8,210.0,36.7,974.3,100.0,100
2023-08-05 16:00:00+05:30,25.2,211.0,36.9,973.7,0.19254878217053975,100
2023-08-05 17:00:00+05:30,22.6,209.0,34.7,975.0,100.0,100
2023-08-05 18:00:00+05:30,19.8,213.0,34.5,975.1,97.72014416928553,100
2023-08-05 19:00:00+05:30,17.1,205.0,34.0,975.5,100.0,100
2023-08-05 20:00:00+05:30,18.5,201.0,33.0,975.7,100.0,100
2023-08-05 21:00:00+05:30,19.3,204.0,32.1,975.9,100.0,100
2023-08-05 22:00:00+05:30,20.4,216.0,31.5,976.3,98.75267903761758,100
2023-08-05 23:00:00+05:30,20.7,219.0,30.7,976.4,100.0,100
2023-08-06 00:00:00+05:30,24.8,220.0,29.8,975.9,96.25609964349155,100
2023-08-06 01:00:00+05:30,28.8,224.0,28.4,975.3,0.0,100
2023-08-06 02:00:00+05:30,27.3,236.0,27.5,975.3,0.9139667610676986,100
2023-08-06 03:00:00+05:30,26.0,224.0,26.5,974.8,0.0,100
2023-08-06 04:00:00+05:30,25.1,218.0,26.0,974.5,0.0,100
2023-08-06 05:00:00+05:30,22.3,211.0,26.3,974.6,99.35706316423577,100
2023-08-06 06:00:00+05:30,23.8,209.0,26.0,974.8,100.0,100
2023-08-06 07:00:00+05:30,30.8,209.0,26.4,975.0,0.8114218320646212,100
2023-08-06 08:00:00+05:30,30.6,208.0,27.7,975.5,0.07648771388901092,100
2023-08-06 09:00:00+05:30,30.5,210.0,29.5,975.5,0.17250010692566214,100
2023-08-06 10:00:00+05:30,32.7,210.0,31.1,975.2,0.0,100
2023-08-06 11:00:00+05:30,34.3,210.0,32.4,974.6,0.31223910525045484,100
2023-08-06 12:00:00+05:30,36.4,212.0,34.0,973.8,0.0,100
2023-08-06 13:00:00+05:30,35.3,212.0,35.2,972.9,0.0,100
2023-08-06 14:00:00+05:30,35.2,217.0,36.5,971.9,0.9704865423890024,100
2023-08-06 15:00:00+05:30,35.9,218.0,37.1,971.1,0.05962963716579257,100
2023-08-06 16:00:00+05:30,37.2,222.0,37.2,970.2,0.0,100
2023-08-06 17:00:00+05:30,31.9,221.0,35.1,971.5,0.0,100
2023-08-06 18:00:00+05:30,30.5,219.0,34.3,971.6,0.26265699024770145,100
2023-08-06 19:00:00+05:30,32.5,219.0,33.0,971.8,0.0,100
2023-08-06 20:00:00+05:30,30.8,215.0,31.7,972.1,0.7712670345566697,100
2023-08-06 21:00:00+05:30,30.3,212.0,30.9,972.5,0.5886995555359766,100
2023-08-06 22:00:00+05:30,35.6,218.0,29.8,972.7,1.2045161384358942,100
2023-08-06 23:00:00+05:30,38.0,217.0,28.5,972.4,1.5771532017732348,100
2023-08-07 00:00:00+05:30,38.3,217.0,27.4,971.9,1.0606631861224667,100
2023-08-07 01:00:00+05:30,38.7,219.0,26.4,971.1,0.0,100
2023-08-07 02:00:00+05:30,37.7,218.0,25.9,970.4,0.0,100
2023-08-07 03:00:00+05:30,35.3,220.0,25.6,970.3,0.2294283190748598,100
2023-08-07 04:00:00+05:30,32.8,219.0,25.5,970.5,1.4073218264669907,100
2023-08-07 05:00:00+05:30,38.8,217.0,26.0,970.1,0.027180076737704412,100
2023-08-07 06:00:00+05:30,35.3,216.0,26.0,970.1,0.6358081504384576,100
2023-08-07 07:00:00+05:30,38.9,216.0,26.5,970.5,0.1988389723802811,100
2023-08-07 08:00:00+05:30,42.3,218.0,27.4,970.9,0.4794632579137097,100
2023-08-07 09:00:00+05:30,41.9,221.0,29.0,971.2,0.0,100
2023-08-07 10:00:00+05:30,38.5,217.0,30.8,971.1,0.3093669185103779,100
2023-08-07 11:00:00+05:30,38.5,215.0,32.4,970.8,0.0,100
2023-08-07 12:00:00+05:30,40.4,217.0,34.2,970.2,0.7938745683848537,100
2023-08-07 13:00:00+05:30,41.6,218.0,35.7,969.6,1.4869383187163288,100
2023-08-07 14:00:00+05:30,42.2,220.0,36.7,968.8,1.260882354512472,100
2023-08-07 15:00:00+05:30,42.6,222.0,37.1,968.3,0.4572263876013696,100
2023-08-07 16:00:00+05:30,41.8,224.0,36.9,968.2,0.0,100
2023-08-07 17:00:00+05:30,30.9,214.0,34.5,969.6,0.0,100
2023-08-07 18:00:00+05:30,32.5,211.0,33.5,969.7,0.08961396679653717,100
2023-08-07 19:00:00+05:30,29.7,213.0,32.4,970.3,0.0,100
2023-08-07 20:00:00+05:30,33.7,209.0,31.1,970.6,0.0,100
2023-08-07 21:00:00+05:30,31.7,212.0,30.0,971.2,1.3042935683284052,100
2023-08-07 22:00:00+05:30,35.8,216.0,29.0,971.6,1.1094445087423161,100
2023-08-07 23:00:00+05:30,37.1,216.0,27.9,971.5,0.0,100
2023-08-08 00:00:00+05:30,36.7,215.0,26.9,971.5,1.269665432413646,100
2023-08-08 01:00:00+05:30,35.5,214.0,26.3,971.0,0.0,100
2023-08-08 02:00:00+05:30,33.2,212.0,26.1,970.9,0.8093837565717196,100
2023-08-08 03:00:00+05:30,29.5,215.0,25.7,971.0,0.7013665031609435,100
2023-08-08 04:00:00+05:30,29.2,215.0,25.6,971.0,1.1340004733365308,100
2023-08-08 05:00:00+05:30,28.0,212.0,25.7,970.9,0.6879253591246189,100
2023-08-08 06:00:00+05:30,29.5,208.0,25.9,971.3,0.0,100
2023-08-08 07:00:00+05:30,32.6,209.0,26.3,972.1,1.8192871428934518,100
2023-08-08 08:00:00+05:30,36.4,212.0,27.5,972.4,1.3527028685816291,100
2023-08-08 09:00:00+05:30,34.8,213.0,28.6,972.5,0.0,100
2023-08-08 10:00:00+05:30,32.4,215.0,30.5,972.6,0.0,100
2023-08-08 11:00:00+05:30,31.8,211.0,31.9,972.5,0.0,100
2023-08-08 12:00:00+05:30,32.7,210.0,33.7,972.1,0.7270232732104006,100
2023-08-08 13:00:00+05:30,32.4,214.0,35.2,971.7,0.43089337699734453,100
2023-08-08 14:00:00+05:30,31.9,214.0,36.1,971.2,0.8087416127659265,100
2023-08-08 15:00:00+05:30,31.7,214.0,36.6,971.1,0.0,100
2023-08-08 16:00:00+05:30,31.7,212.0,36.6,970.9,0.0,100
2023-08-08 17:00:00+05:30,24.2,205.0,34.0,972.2,100.0,100
2023-08-08 18:00:00+05:30,24.4,202.0,33.6,972.2,97.25132968311696,100
2023-08-08 19:00:00+05:30,24.2,195.0,33.3,972.9,100.0,100
2023-08-08 20:00:00+05:30,25.5,189.0,32.9,973.3,0.5863362443473644,100
2023-08-08 21:00:00+05:30,24.5,190.0,32.4,974.2,98.21620135906484,100
2023-08-08 22:00:00+05:30,27.2,187.0,31.4,974.5,0.2824901569671829,100
2023-08-08 23:00:00+05:30,33.0,196.0,29.9,974.5,2.32097067671389,100
2023-08-09 00:00:00+05:30,32.9,212.0,29.2,974.4,0.6634621233680452,100
2023-08-09 01:00:00+05:30,33.0,219.0,28.0,974.3,0.0,100
2023-08-09 02:00:00+05:30,31.6,221.0,27.0,974.2,0.7097030904562462,100
2023-08-09 03:00:00+05:30,29.6,221.0,26.2,974.3,0.36486097261382855,100
2023-08-09 04:00:00+05:30,28.3,217.0,25.6,974.5,0.0,100
2023-08-09 05:00:00+05:30,27.3,214.0,26.7,974.4,0.003059907347404776,100
2023-08-09 06:00:00+05:30,29.2,215.0,26.8,974.9,0.09990623666814054,100
2023-08-09 07:00:00+05:30,28.0,215.0,26.9,975.6,0.13893329261059173,100
2023-08-09 08:00:00+05:30,29.8,217.0,28.3,976.2,0.677548653814361,100
2023-08-09 09:00:00+05:30,28.8,212.0,29.1,976.7,0.0,100
2023-08-09 10:00:00+05:30,27.2,208.0,30.2,976.9,0.0,100
2023-08-09 11:00:00+05:30,25.8,207.0,32.7,976.6,0.32286403486474674,100
2023-08-09 12:00:00+05:30,27.1,205.0,34.0,976.3,0.0,100
2023-08-09 13:00:00+05:30,27.0,207.0,35.4,975.3,0.0,100
2023-08-09 14:00:00+05:30,27.4,207.0,36.5,974.6,0.0,100
2023-08-09 15:00:00+05:30,28.1,211.0,37.0,974.2,0.0,100
2023-08-09 16:00:00+05:30,28.9,216.0,37.0,973.6,0.3396080718599049,100
2023-08-09 17:00:00+05:30,26.8,211.0,35.4,974.7,0.0,100
2023-08-09 18:00:00+05:30,24.5,213.0,34.8,975.0,100.0,100
2023-08-09 19:00:00+05:30,24.3,209.0,34.1,975.4,99.29525800958858,100
2023-08-09 20:00:00+05:30,24.3,209.0,33.1,975.9,98.22164468120047,100
2023-08-09 21:00:00+05:30,21.5,211.0,33.0,976.5,97.83161151611174,100
2023-08-09 22:00:00+05:30,19.9,202.0,32.1,976.6,100.0,100
2023-08-09 23:00:00+05:30,25.8,216.0,31.2,976.5,0.6270398720737536,100
2023-08-10 00:00:00+05:30,27.7,226.0,29.5,976.5,0.0,100
2023-08-10 01:00:00+05:30,29.4,229.0,28.4,975.8,0.0,100
2023-08-10 02:00:00+05:30,25.8,230.0,27.6,975.8,0.0,100
2023-08-10 03:00:00+05:30,25.3,229.0,27.0,975.9,0.11722584161445732,100
2023-08-10 04:00:00+05:30,23.9,224.0,26.5,976.2,98.08240279290662,100
2023-08-10 05:00:00+05:30,22.3,203.0,26.3,976.1,100.0,100
2023-08-10 06:00:00+05:30,21.7,199.0,26.1,976.5,98.29721441054427,100
2023-08-10 07:00:00+05:30,27.7,208.0,26.8,977.1,0.0,100
2023-08-10 08:00:00+05:30,29.5,210.0,28.4,977.3,0.0,100
2023-08-10 09:00:00+05:30,28.2,208.0,29.8,977.6,0.5311289735269114,100
2023-08-10 10:00:00+05:30,25.8,207.0,31.5,977.6,0.0,100
2023-08-10 11:00:00+05:30,25.1,205.0,33.1,977.3,0.0,100
2023-08-10 12:00:00+05:30,23.5,201.0,34.3,976.9,99.97266944920187,100
2023-08-10 13:00:00+05:30,24.4,196.0,35.3,976.5,96.09082146128678,100
2023-08-10 14:00:00+05:30,23.0,200.0,36.3,975.7,99.50044831642133,100
2023-08-10 15:00:00+05:30,24.0,204.0,37.1,975.0,99.61128712240748,100
2023-08-10 16:00:00+05:30,26.2,207.0,37.0,974.7,0.0,100
2023-08-10 17:00:00+05:30,19.9,202.0,35.0,976.1,100.0,100
2023-08-10 18:00:00+05:30,21.0,202.0,34.7,976.0,98.8711971607919,100
2023-08-10 19:00:00+05:30,25.3,200.0,32.8,976.8,0.0,100
2023-08-10 20:00:00+05:30,17.8,201.0,32.3,977.2,100.0,100
2023-08-10 21:00:00+05:30,19.7,208.0,31.7,977.6,98.8168022190264,100
2023-08-10 22:00:00+05:30,27.8,211.0,30.5,978.0,0.8230227304342954,100
2023-08-10 23:00:00+05:30,27.5,212.0,29.6,977.9,0.0,100
2023-08-11 00:00:00+05:30,28.1,216.0,28.9,977.8,0.0,100
2023-08-11 01:00:00+05:30,27.6,221.0,28.2,977.5,1.037330926514765,100
2023-08-11 02:00:00+05:30,26.0,228.0,27.5,977.3,0.3578821398128988,100
2023-08-11 03:00:00+05:30,24.0,230.0,26.8,977.3,99.15121471462459,100
2023-08-11 04:00:00+05:30,23.4,224.0,26.1,977.2,100.0,100
2023-08-11 05:00:00+05:30,19.1,212.0,25.9,977.2,100.0,100
2023-08-11 06:00:00+05:30,18.5,201.0,25.5,977.5,100.0,100
2023-08-11 07:00:00+05:30,24.8,204.0,26.1,977.5,96.38518434471158,100
2023-08-11 08:00:00+05:30,28.0,209.0,27.8,978.1,0.3375518034485538,100
2023-08-11 09:00:00+05:30,25.3,206.0,29.0,978.5,0.0,100
2023-08-11 10:00:00+05:30,22.1,206.0,31.0,978.3,100.0,100
2023-08-11 11:00:00+05:30,20.7,197.0,32.9,977.9,95.04310297429444,100
2023-08-11 12:00:00+05:30,20.5,191.0,34.2,977.3,100.0,100
2023-08-11 13:00:00+05:30,22.0,195.0,34.8,976.7,100.0,100
2023-08-11 14:00:00+05:30,21.5,203.0,35.7,975.7,99.53366743275579,100
2023-08-11 15:00:00+05:30,22.2,207.0,36.1,975.2,98.34923103636525,100
2023-08-11 16:00:00+05:30,22.6,214.0,36.0,974.6,100.0,100
2023-08-11 17:00:00+05:30,14.7,208.0,35.1,976.0,98.95768486797657,100
2023-08-11 18:00:00+05:30,15.8,204.0,34.6,976.2,98.44491590183375,100
2023-08-11 19:00:00+05:30,18.0,206.0,33.9,976.6,95.88077992029572,100
2023-08-11 20:00:00+05:30,20.5,195.0,32.6,976.9,96.5951697577319,100
2023-08-11 21:00:00+05:30,19.9,212.0,32.0,977.2,99.71895126446042,100
2023-08-11 22:00:00+05:30,23.2,216.0,31.1,977.4,96.0418715907035,100
2023-08-11 23:00:00+05:30,25.6,218.0,30.1,977.2,0.030869516357944955,100
2023-08-12 00:00:00+05:30,27.8,220.0,29.1,976.8,0.0,100
2023-08-12 01:00:00+05:30,31.1,223.0,28.4,976.5,0.0,100
2023-08-12 02:00:00+05:30,29.6,228.0,27.5,976.1,0.0,100
2023-08-12 03:00:00+05:30,28.8,229.0,26.7,975.9,0.0,100
2023-08-12 04:00:00+05:30,27.0,225.0,26.1,976.2,0.016833884913781943,100
2023-08-12 05:00:00+05:30,22.1,217.0,26.1,976.3,96.22854817887223,100
2023-08-12 06:00:00+05:30,22.7,213.0,25.8,976.5,100.0,100
2023-08-12 07:00:00+05:30,25.1,207.0,26.3,976.8,1.7811478546877617,100
2023-08-12 08:00:00+05:30,29.1,206.0,27.5,977.2,0.0,100
2023-08-12 09:00:00+05:30,29.5,204.0,29.3,977.2,0.0668573665262365,100
2023-08-12 10:00:00+05:30,29.6,206.0,31.1,977.3,0.21574274867721427,100
2023-08-12 11:00:00+05:30,28.6,211.0,32.7,976.6,0.5205864537464314,100
2023-08-12 12:00:00+05:30,27.4,213.0,34.4,976.2,1.0978825201956484,100
2023-08-12 13:00:00+05:30,26.7,215.0,35.6,975.4,0.0,100
2023-08-12 14:00:00+05:30,26.0,217.0,36.4,974.4,0.0,100
2023-08-12 15:00:00+05:30,26.3,220.0,37.0,973.5,0.042704557109597314,100
2023-08-12 16:00:00+05:30,27.3,221.0,37.2,972.8,0.0,100
2023-08-12 17:00:00+05:30,22.8,215.0,35.7,973.7,97.61263710181768,100
2023-08-12 18:00:00+05:30,24.4,217.0,34.3,973.8,100.0,100
2023-08-12 19:00:00+05:30,24.3,215.0,33.5,974.2,100.0,100
2023-08-12 20:00:00+05:30,18.3,212.0,32.9,974.4,98.05093064770936,100
2023-08-12 21:00:00+05:30,25.3,208.0,32.2,974.7,0.26888640463989155,100
2023-08-12 22:00:00+05:30,31.9,220.0,30.1,975.1,0.0,100
2023-08-12 23:00:00+05:30,33.4,222.0,28.9,974.7,0.5436670679774814,100
2023-08-13 00:00:00+05:30,33.0,219.0,27.7,974.2,0.3425053210985737,100
2023-08-13 01:00:00+05:30,32.3,219.0,26.7,973.8,0.10788729353529372,100
2023-08-13 02:00:00+05:30,31.8,218.0,26.0,973.2,0.2135855329085555,100
2023-08-13 03:00:00+05:30,30.9,216.0,25.5,972.8,0.2137731217900863,100
2023-08-13 04:00:00+05:30,29.6,212.0,24.9,972.6,0.4365834653288465,100
2023-08-13 05:00:00+05:30,22.3,203.0,25.0,972.7,100.0,100
2023-08-13 06:00:00+05:30,24.5,204.0,25.0,972.7,99.53790681362447,100
2023-08-13 07:00:00+05:30,30.9,208.0,25.7,972.8,1.095027928226399,100
2023-08-13 08:00:00+05:30,33.5,212.0,27.1,973.3,0.5639746369339701,100
2023-08-13 09:00:00+05:30,32.0,214.0,28.8,973.7,0.0,100
2023-08-13 10:00:00+05:30,30.9,212.0,30.5,973.7,0.0,100
2023-08-13 11:00:00+05:30,29.8,208.0,32.3,973.6,0.23813534100011371,100
2023-08-13 12:00:00+05:30,30.4,207.0,33.7,972.9,2.000947759894188,100
2023-08-13 13:00:00+05:30,30.9,209.0,35.2,972.1,1.0173176253564784,100
2023-08-13 14:00:00+05:30,30.1,212.0,36.4,971.1,0.4993451241733105,100
2023-08-13 15:00:00+05:30,29.6,214.0,37.2,970.5,0.0,100
2023-08-13 16:00:00+05:30,30.3,215.0,37.2,970.0,0.7526893668905468,100
2023-08-13 17:00:00+05:30,27.8,201.0,35.3,971.2,0.0,100
2023-08-13 18:00:00+05:30,27.8,197.0,34.4,971.6,0.4137111986593653,100
2023-08-13 19:00:00+05:30,26.0,202.0,33.6,972.0,2.6936788465306534,100
2023-08-13 20:00:00+05:30,23.7,208.0,33.2,972.4,98.91569069507493,100
2023-08-13 21:00:00+05:30,28.4,216.0,32.2,972.5,0.0,100
2023-08-13 22:00:00+05:30,29.6,207.0,31.4,972.8,0.27513651460078914,100
2023-08-13 23:00:00+05:30,33.4,202.0,29.7,973.2,0.6955169065617018,100
2023-08-14 00:00:00+05:30,34.8,210.0,28.9,973.4,0.0,100
2023-08-14 01:00:00+05:30,35.0,212.0,27.8,973.1,0.0,100
2023-08-14 02:00:00+05:30,32.7,210.0,26.9,972.5,0.0,100
2023-08-14 03:00:00+05:30,30.5,209.0,26.2,972.1,0.0,100
2023-08-14 04:00:00+05:30,29.5,208.0,25.7,972.1,0.0,100
2023-08-14 05:00:00+05:30,24.6,192.0,25.8,972.5,98.93059360085577,100
2023-08-14 06:00:00+05:30,24.1,180.0,25.6,973.3,99.63560119939793,100
2023-08-14 07:00:00+05:30,30.1,188.0,26.2,973.9,0.0,100
2023-08-14 08:00:00+05:30,31.4,189.0,27.7,974.4,0.0,100
2023-08-14 09:00:00+05:30,30.3,185.0,29.3,974.9,0.20753140028019654,100
2023-08-14 10:00:00+05:30,31.0,183.0,31.0,974.9,0.0,100
2023-08-14 11:00:00+05:30,31.3,182.0,32.4,974.7,1.1222101973058305,100
2023-08-14 12:00:00+05:30,31.1,186.0,34.0,974.6,0.0,100
2023-08-14 13:00:00+05:30,31.6,192.0,35.2,973.7,0.818927077803214,100
2023-08-14 14:00:00+05:30,31.3,197.0,36.3,973.0,0.0,100
2023-08-14 15:00:00+05:30,29.8,200.0,36.9,972.5,0.3890805009348067,100
2023-08-14 16:00:00+05:30,28.4,200.0,36.9,972.5,0.0,100
2023-08-14 17:00:00+05:30,28.7,192.0,35.1,973.5,2.1950794377468066,100
2023-08-14 18:00:00+05:30,27.8,190.0,34.6,974.0,0.0,100
2023-08-14 19:00:00+05:30,25.2,190.0,34.0,974.5,0.0,100
2023-08-14 20:00:00+05:30,20.2,176.0,33.3,975.0,97.15381146948683,100
2023-08-14 21:00:00+05:30,25.1,193.0,32.7,975.7,0.6083138063322068,100
2023-08-14 22:00:00+05:30,28.2,208.0,31.3,975.8,0.5148789000900081,100
2023-08-14 23:00:00+05:30,26.9,208.0,30.4,975.8,0.1471787903349503,100
2023-08-15 00:00:00+05:30,26.4,206.0,29.3,975.7,0.0,100
2023-08-15 01:00:00+05:30,26.3,203.0,28.4,975.6,0.8867081142468861,100
2023-08-15 02:00:00+05:30,23.4,205.0,27.8,975.2,100.0,100
2023-08-15 03:00:00+05:30,20.8,208.0,27.6,975.3,98.11141597562921,100
2023-08-15 04:00:00+05:30,17.6,206.0,27.4,975.8,99.05202039340689,100
2023-08-15 05:00:00+05:30,15.5,192.0,26.4,976.1,99.52419765947819,100
2023-08-15 06:00:00+05:30,15.7,191.0,26.4,976.8,98.18248740373882,100
2023-08-15 07:00:00+05:30,18.5,187.0,26.9,977.1,100.0,100
2023-08-15 08:00:00+05:30,18.1,186.0,28.1,977.6,98.57689960180775,100
2023-08-15 09:00:00+05:30,17.0,174.0,29.9,978.0,100.0,100
2023-08-15 10:00:00+05:30,17.7,167.0,31.8,978.0,99.33039190611252,100
2023-08-15 11:00:00+05:30,18.9,167.0,33.6,977.7,97.42324736089192,100
2023-08-15 12:00:00+05:30,19.2,172.0,34.1,977.2,97.06507114134129,100
2023-08-15 13:00:00+05:30,18.0,177.0,35.0,976.5,98.82298909013397,100
2023-08-15 14:00:00+05:30,22.5,187.0,34.7,975.9,98.92350182756047,100
2023-08-15 15:00:00+05:30,20.3,192.0,34.5,975.7,100.0,100
2023-08-15 16:00:00+05:30,15.5,183.0,35.1,975.5,98.10848170367144,100
2023-08-15 17:00:00+05:30,14.1,184.0,33.0,976.8,100.0,100
2023-08-15 18:00:00+05:30,17.6,181.0,32.3,976.9,100.0,100
2023-08-15 19:00:00+05:30,16.6,184.0,31.9,977.1,98.2098877606261,100
2023-08-15 20:00:00+05:30,18.1,185.0,31.1,977.6,100.0,100
2023-08-15 21:00:00+05:30,14.9,187.0,30.8,978.1,97.61301700767484,100
2023-08-15 22:00:00+05:30,16.6,175.0,30.3,978.1,100.0,100
2023-08-15 23:00:00+05:30,17.7,176.0,29.7,978.1,100.0,100
2023-08-16 00:00:00+05:30,19.1,177.0,29.2,977.7,98.10387688647315,100
2023-08-16 01:00:00+05:30,17.3,192.0,29.1,977.5,98.39338621226446,100
2023-08-16 02:00:00+05:30,21.2,215.0,28.5,977.3,97.95011861454348,100
2023-08-16 03:00:00+05:30,21.5,218.0,27.7,977.3,99.96084637940841,100
2023-08-16 04:00:00+05:30,21.0,219.0,27.3,977.6,100.0,100
2023-08-16 05:00:00+05:30,16.6,219.0,27.0,977.8,98.94759254606116,100
2023-08-16 06:00:00+05:30,13.4,211.0,26.5,978.6,100.0,100
2023-08-16 07:00:00+05:30,16.3,202.0,27.0,979.1,100.0,100
2023-08-16 08:00:00+05:30,20.0,203.0,28.1,979.5,100.0,100
2023-08-16 09:00:00+05:30,19.7,204.0,29.8,979.7,100.0,100
2023-08-16 10:00:00+05:30,19.1,202.0,31.6,979.7,100.0,100
2023-08-16 11:00:00+05:30,20.2,196.0,33.2,979.0,98.35946496523003,100
2023-08-16 12:00:00+05:30,20.6,192.0,34.4,978.5,100.0,100
2023-08-16 13:00:00+05:30,18.8,192.0,35.4,977.7,97.06296512817482,100
2023-08-16 14:00:00+05:30,18.1,187.0,36.0,976.9,95.62894197165413,100
2023-08-16 15:00:00+05:30,15.9,186.0,36.5,976.2,99.97843839502907,100
2023-08-16 16:00:00+05:30,14.5,199.0,36.9,975.7,99.16613996248608,100
2023-08-16 17:00:00+05:30,17.1,195.0,35.0,976.9,99.60168596334891,100
2023-08-16 18:00:00+05:30,20.0,206.0,35.0,976.6,100.0,100
2023-08-16 19:00:00+05:30,24.5,210.0,33.2,977.0,100.0,100
2023-08-16 20:00:00+05:30,20.3,210.0,33.1,977.2,97.56479753359007,100
2023-08-16 21:00:00+05:30,25.3,210.0,31.4,977.7,0.0,100
2023-08-16 22:00:00+05:30,23.3,212.0,30.9,977.8,100.0,100
2023-08-16 23:00:00+05:30,23.7,213.0,30.2,977.8,99.54982252841003,100
2023-08-17 00:00:00+05:30,23.1,211.0,29.4,977.6,100.0,100
2023-08-17 01:00:00+05:30,26.1,213.0,28.7,977.3,0.0,100
2023-08-17 02:00:00+05:30,24.2,221.0,28.3,977.1,98.48954156921191,100
2023-08-17 03:00:00+05:30,27.9,231.0,27.3,977.3,0.0,100
2023-08-17 04:00:00+05:30,24.2,224.0,26.3,977.4,100.0,100
2023-08-17 05:00:00+05:30,22.5,219.0,26.0,977.0,100.0,100
2023-08-17 06:00:00+05:30,21.7,209.0,25.6,977.6,100.0,100
2023-08-17 07:00:00+05:30,24.8,204.0,25.8,977.9,100.0,100
2023-08-17 08:00:00+05:30,26.6,207.0,26.8,978.2,0.0,100
2023-08-17 09:00:00+05:30,26.1,204.0,28.4,978.6,0.0,100
2023-08-17 10:00:00+05:30,25.1,204.0,30.2,978.8,1.2684322298054889,100
2023-08-17 11:00:00+05:30,24.6,205.0,31.9,978.2,96.8232667644715,100
2023-08-17 12:00:00+05:30,24.8,204.0,33.6,977.6,100.0,100
2023-08-17 13:00:00+05:30,25.4,207.0,35.0,976.7,0.43012997594045405,100
2023-08-17 14:00:00+05:30,25.3,213.0,36.1,975.8,0.534080344701397,100
2023-08-17 15:00:00+05:30,25.2,217.0,36.8,975.1,0.3549839832511165,100
2023-08-17 16:00:00+05:30,25.1,219.0,36.9,974.8,0.0,100
2023-08-17 17:00:00+05:30,24.0,216.0,35.1,976.0,100.0,100
2023-08-17 18:00:00+05:30,24.3,215.0,34.3,976.0,99.84480725073522,100
2023-08-17 19:00:00+05:30,24.3,215.0,33.2,976.3,100.0,100
2023-08-17 20:00:00+05:30,21.8,218.0,32.6,976.5,98.09147638782933,100
2023-08-17 21:00:00+05:30,22.0,218.0,31.7,977.0,100.0,100
2023-08-17 22:00:00+05:30,23.2,221.0,30.8,977.2,98.11881337243429,100
2023-08-17 23:00:00+05:30,27.0,224.0,29.7,977.1,0.9338333309480658,100
2023-08-18 00:00:00+05:30,28.5,226.0,28.3,977.0,2.283800341882731,100
2023-08-18 01:00:00+05:30,28.5,223.0,26.9,976.6,0.09575897729164566,100
2023-08-18 02:00:00+05:30,27.4,215.0,25.7,976.1,0.0,100
2023-08-18 03:00:00+05:30,26.8,211.0,24.8,976.2,0.0,100
2023-08-18 04:00:00+05:30,24.3,205.0,24.3,976.2,100.0,100
2023-08-18 05:00:00+05:30,22.3,201.0,24.6,976.2,100.0,100
2023-08-18 06:00:00+05:30,20.2,196.0,24.3,976.5,100.0,100
2023-08-18 07:00:00+05:30,21.2,198.0,24.8,977.0,100.0,100
2023-08-18 08:00:00+05:30,23.2,196.0,26.1,977.6,96.5726317017104,100
2023-08-18 09:00:00+05:30,23.3,189.0,28.0,977.9,97.60807519727717,100
2023-08-18 10:00:00+05:30,21.6,184.0,30.0,978.2,98.93886688557863,100
2023-08-18 11:00:00+05:30,22.0,182.0,32.1,977.8,100.0,100
2023-08-18 12:00:00+05:30,22.0,182.0,34.1,977.1,97.15199516249123,100
2023-08-18 13:00:00+05:30,20.6,184.0,35.6,976.4,100.0,100
2023-08-18 14:00:00+05:30,20.7,187.0,36.7,975.5,100.0,100
2023-08-18 15:00:00+05:30,22.5,186.0,37.3,974.8,99.2763539716166,100
2023-08-18 16:00:00+05:30,22.9,193.0,37.5,974.4,96.01470250486523,100
2023-08-18 17:00:00+05:30,18.9,194.0,36.7,975.2,100.0,100
2023-08-18 18:00:00+05:30,19.1,196.0,36.1,975.3,96.94743054748666,100
2023-08-18 19:00:00+05:30,17.4,198.0,35.2,975.6,98.16183726821869,100
2023-08-18 20:00:00+05:30,17.6,203.0,34.4,976.0,100.0,100
2023-08-18 21:00:00+05:30,17.2,213.0,33.6,976.5,100.0,100
2023-08-18 22:00:00+05:30,18.4,222.0,32.7,976.8,100.0,100
2023-08-18 23:00:00+05:30,21.8,232.0,31.6,976.6,100.0,100
2023-08-19 00:00:00+05:30,20.4,228.0,30.3,976.5,98.65636537581459,100
2023-08-19 01:00:00+05:30,20.4,222.0,28.9,976.4,100.0,100
2023-08-19 02:00:00+05:30,21.8,218.0,27.5,976.0,100.0,100
2023-08-19 03:00:00+05:30,23.8,215.0,26.3,976.3,98.55484957068965,100
2023-08-19 04:00:00+05:30,23.4,217.0,25.3,976.6,99.05285245692872,100
2023-08-19 05:00:00+05:30,21.3,219.0,25.3,976.5,100.0,100
2023-08-19 06:00:00+05:30,17.0,216.0,24.8,977.0,100.0,100
2023-08-19 07:00:00+05:30,17.6,211.0,25.2,977.1,100.0,100
2023-08-19 08:00:00+05:30,17.3,201.0,27.0,977.6,100.0,100
2023-08-19 09:00:00+05:30,16.8,190.0,29.6,978.0,99.86581741407517,100
2023-08-19 10:00:00+05:30,15.5,184.0,32.4,978.0,100.0,100
2023-08-19 11:00:00+05:30,15.9,186.0,34.8,977.5,99.0747602219162,100
2023-08-19 12:00:00+05:30,14.4,181.0,36.4,977.1,100.0,100
2023-08-19 13:00:00+05:30,13.6,169.0,37.4,976.6,98.40780793325317,100
2023-08-19 14:00:00+05:30,12.4,170.0,38.3,975.7,98.77921024531344,100
2023-08-19 15:00:00+05:30,11.5,178.0,38.7,974.9,85.58496314514534,100
2023-08-19 16:00:00+05:30,9.4,184.0,38.8,974.5,36.88038081748295,100
2023-08-19 17:00:00+05:30,8.8,168.0,36.9,975.5,26.444218417703823,100
2023-08-19 18:00:00+05:30,8.6,178.0,36.6,975.3,23.082243179611456,100
2023-08-19 19:00:00+05:30,11.8,168.0,35.9,975.9,95.67672784974879,100
2023-08-19 20:00:00+05:30,12.3,177.0,35.5,976.3,97.42845778545721,100
2023-08-19 21:00:00+05:30,13.2,202.0,34.7,976.8,100.0,100
2023-08-19 22:00:00+05:30,15.0,226.0,33.7,977.1,99.99103438942151,100
2023-08-19 23:00:00+05:30,15.8,227.0,33.0,976.8,97.74362181722289,100
2023-08-20 00:00:00+05:30,13.9,217.0,32.5,976.8,99.4806781860293,100
2023-08-20 01:00:00+05:30,14.9,217.0,31.9,976.1,100.0,100
2023-08-20 02:00:00+05:30,13.7,225.0,31.1,975.8,100.0,100
2023-08-20 03:00:00+05:30,16.2,238.0,30.2,975.9,100.0,100
2023-08-20 04:00:00+05:30,18.2,236.0,29.2,975.9,100.0,100
2023-08-20 05:00:00+05:30,19.2,247.0,29.6,975.8,100.0,100
2023-08-20 06:00:00+05:30,17.1,252.0,28.7,976.9,99.99710053374402,100
2023-08-20 07:00:00+05:30,16.2,249.0,28.7,977.5,100.0,100
2023-08-20 08:00:00+05:30,16.8,247.0,29.8,977.6,100.0,100
2023-08-20 09:00:00+05:30,17.5,251.0,31.9,977.7,100.0,100
2023-08-20 10:00:00+05:30,15.9,257.0,34.4,977.7,100.0,100
2023-08-20 11:00:00+05:30,11.2,270.0,36.1,977.7,76.18483442810007,100
2023-08-20 12:00:00+05:30,7.6,315.0,37.3,977.3,14.37857100540096,100
2023-08-20 13:00:00+05:30,7.2,354.0,38.4,976.5,11.891844049234484,100
2023-08-20 14:00:00+05:30,8.4,10.0,39.4,975.6,21.228651828008687,100
2023-08-20 15:00:00+05:30,11.2,4.0,39.1,974.6,78.46245995138702,100
2023-08-20 16:00:00+05:30,31.1,164.0,34.6,974.6,0.2737493229912143,100
2023-08-20 17:00:00+05:30,10.4,214.0,31.2,976.3,54.795278592892274,100
2023-08-20 18:00:00+05:30,12.7,277.0,30.9,976.9,100.0,100
2023-08-20 19:00:00+05:30,14.9,290.0,30.0,976.6,97.9908679538023,100
2023-08-20 20:00:00+05:30,10.6,260.0,29.5,976.7,60.791410954860865,100
2023-08-20 21:00:00+05:30,10.0,257.0,29.3,976.8,48.915284818765535,100
2023-08-20 22:00:00+05:30,12.1,258.0,29.0,977.3,98.07944930763202,100
2023-08-20 23:00:00+05:30,12.4,244.0,28.6,977.1,99.80392120936115,100
2023-08-21 00:00:00+05:30,13.1,233.0,28.1,976.9,100.0,100
2023-08-21 01:00:00+05:30,15.9,231.0,27.6,976.4,99.80783863391802,100
2023-08-21 02:00:00+05:30,15.2,234.0,27.4,975.9,100.0,100
2023-08-21 03:00:00+05:30,15.3,231.0,27.2,975.7,99.90164646886882,100
2023-08-21 04:00:00+05:30,15.9,231.0,26.8,975.8,100.0,100
2023-08-21 05:00:00+05:30,13.3,229.0,27.2,976.1,100.0,100
2023-08-21 06:00:00+05:30,13.2,227.0,27.0,976.5,99.13953930663865,100
2023-08-21 07:00:00+05:30,13.2,227.0,27.3,977.0,98.83457271620229,100
2023-08-21 08:00:00+05:30,13.8,227.0,28.7,977.5,100.0,100
2023-08-21 09:00:00+05:30,12.9,234.0,30.4,977.7,98.97496044681216,100
2023-08-21 10:00:00+05:30,11.7,236.0,32.1,977.8,89.77828042577836,100
2023-08-21 11:00:00+05:30,11.5,229.0,33.3,977.3,82.17106060068106,100
2023-08-21 12:00:00+05:30,11.0,229.0,34.3,976.9,71.66966423176515,100
2023-08-21 13:00:00+05:30,9.3,208.0,35.0,976.2,33.03126372833288,100
2023-08-21 14:00:00+05:30,9.7,202.0,35.4,975.5,39.44433494182618,100
2023-08-21 15:00:00+05:30,10.5,202.0,35.5,974.7,57.216232447945835,100
2023-08-21 16:00:00+05:30,11.2,201.0,35.5,974.5,76.7866610377716,100
2023-08-21 17:00:00+05:30,12.0,173.0,36.1,974.9,100.0,100
2023-08-21 18:00:00+05:30,11.9,166.0,34.7,975.1,92.7895549658807,100
2023-08-21 19:00:00+05:30,13.4,186.0,33.1,975.3,98.1324867425525,100
2023-08-21 20:00:00+05:30,18.4,192.0,31.8,975.6,100.0,100
2023-08-21 21:00:00+05:30,19.0,195.0,31.0,976.1,97.68533654182717,100
2023-08-21 22:00:00+05:30,19.8,199.0,30.4,976.4,100.0,100
2023-08-21 23:00:00+05:30,20.5,204.0,30.0,976.4,100.0,100
2023-08-22 00:00:00+05:30,20.5,208.0,29.7,976.1,100.0,100
2023-08-22 01:00:00+05:30,22.4,217.0,29.1,975.5,97.75873390680975,100
2023-08-22 02:00:00+05:30,23.2,221.0,28.2,975.0,100.0,100
2023-08-22 03:00:00+05:30,23.8,219.0,27.2,974.7,100.0,100
2023-08-22 04:00:00+05:30,23.6,218.0,26.4,974.7,99.7746532501207,100
2023-08-22 05:00:00+05:30,20.4,221.0,26.8,975.2,98.8991364764393,100
2023-08-22 06:00:00+05:30,20.7,221.0,26.3,975.6,98.32879281486578,100
2023-08-22 07:00:00+05:30,20.1,216.0,26.6,976.2,95.58680277387921,100
2023-08-22 08:00:00+05:30,21.1,213.0,27.8,976.5,99.67441687924392,100
2023-08-22 09:00:00+05:30,22.9,208.0,29.7,976.7,100.0,100
2023-08-22 10:00:00+05:30,24.8,206.0,31.7,976.5,97.66149710352582,100
2023-08-22 11:00:00+05:30,25.9,205.0,33.5,976.1,0.0,100
2023-08-22 12:00:00+05:30,26.9,206.0,34.9,975.5,1.0500710341371264,100
2023-08-22 13:00:00+05:30,27.9,207.0,35.8,974.8,1.03748794494616,100
2023-08-22 14:00:00+05:30,28.5,208.0,36.4,973.9,0.4230910301458905,100
2023-08-22 15:00:00+05:30,28.7,213.0,36.6,972.9,0.0,100
2023-08-22 16:00:00+05:30,29.6,214.0,36.4,972.7,0.6199851304411084,100
2023-08-22 17:00:00+05:30,25.4,212.0,36.0,973.5,0.0,100
2023-08-22 18:00:00+05:30,26.3,210.0,34.9,973.7,0.07407148010903296,100
2023-08-22 19:00:00+05:30,24.6,205.0,33.6,973.9,98.65707513667158,100
2023-08-22 20:00:00+05:30,26.4,206.0,32.6,974.4,0.0,100
2023-08-22 21:00:00+05:30,28.6,211.0,31.8,974.9,0.0,100
2023-08-22 22:00:00+05:30,32.1,223.0,30.6,975.2,0.33784923931257127,100
2023-08-22 23:00:00+05:30,33.6,222.0,29.3,975.0,0.28252309661828395,100
2023-08-23 00:00:00+05:30,34.5,217.0,28.2,974.8,0.0,100
2023-08-23 01:00:00+05:30,36.4,219.0,27.1,973.9,0.5999449596736262,100
2023-08-23 02:00:00+05:30,37.2,218.0,26.1,973.4,0.0,100
2023-08-23 03:00:00+05:30,35.9,218.0,25.4,973.2,0.0,100
2023-08-23 04:00:00+05:30,34.7,214.0,24.8,973.0,0.3507844885443608,100
2023-08-23 05:00:00+05:30,31.4,212.0,24.9,973.1,0.0,100
2023-08-23 06:00:00+05:30,32.8,211.0,24.7,973.1,0.0,100
2023-08-23 07:00:00+05:30,37.8,215.0,25.2,973.5,0.783403288348364,100
2023-08-23 08:00:00+05:30,36.6,212.0,26.5,973.9,0.0,100
2023-08-23 09:00:00+05:30,37.9,209.0,28.1,973.9,0.6641129949978171,100
2023-08-23 10:00:00+05:30,37.2,207.0,29.8,973.8,0.0,100
2023-08-23 11:00:00+05:30,36.9,205.0,31.4,973.6,0.0,100
2023-08-23 12:00:00+05:30,38.4,209.0,32.7,972.9,0.0,100
2023-08-23 13:00:00+05:30,38.9,211.0,33.8,972.3,0.8632137597912016,100
2023-08-23 14:00:00+05:30,38.8,213.0,34.6,971.5,0.5282563765604577,100
2023-08-23 15:00:00+05:30,38.8,215.0,34.9,970.8,0.0,100
2023-08-23 16:00:00+05:30,36.9,218.0,35.0,970.6,2.2659820629554925,100
2023-08-23 17:00:00+05:30,35.6,213.0,32.7,971.8,1.139760501052432,100
2023-08-23 18:00:00+05:30,35.2,214.0,32.0,972.2,0.0,100
2023-08-23 19:00:00+05:30,32.3,211.0,31.2,972.1,0.819134930715484,100
2023-08-23 20:00:00+05:30,32.5,206.0,30.2,972.5,0.0,100
2023-08-23 21:00:00+05:30,32.4,206.0,29.3,973.1,0.0,100
2023-08-23 22:00:00+05:30,33.3,208.0,28.3,973.0,0.05681175325792941,100
2023-08-23 23:00:00+05:30,32.6,213.0,27.5,972.7,0.6336626514361006,100
2023-08-24 00:00:00+05:30,31.7,212.0,26.7,972.5,0.0,100
2023-08-24 01:00:00+05:30,30.6,210.0,26.0,972.0,0.0,100
2023-08-24 02:00:00+05:30,30.6,207.0,25.3,971.6,0.7755954058733077,100
2023-08-24 03:00:00+05:30,31.1,205.0,24.7,971.4,1.1891019113333756,100
2023-08-24 04:00:00+05:30,30.9,206.0,24.4,971.4,0.997153577159652,100
2023-08-24 05:00:00+05:30,29.0,205.0,24.9,971.7,0.0,100
2023-08-24 06:00:00+05:30,30.6,207.0,24.9,971.9,0.0,100
2023-08-24 07:00:00+05:30,35.3,209.0,25.5,972.1,0.0,100
2023-08-24 08:00:00+05:30,38.7,209.0,26.9,972.0,0.0,100
2023-08-24 09:00:00+05:30,37.2,208.0,28.0,972.3,0.0,100
2023-08-24 10:00:00+05:30,35.4,207.0,29.6,972.3,1.3960552272731857,100
2023-08-24 11:00:00+05:30,33.5,207.0,31.3,971.9,0.0,100
2023-08-24 12:00:00+05:30,32.1,209.0,33.2,971.4,0.5005789500858554,100
2023-08-24 13:00:00+05:30,32.1,209.0,34.6,970.9,0.6344281247158192,100
2023-08-24 14:00:00+05:30,31.9,210.0,35.7,970.3,0.0,100
2023-08-24 15:00:00+05:30,31.3,213.0,36.1,969.7,0.0,100
2023-08-24 16:00:00+05:30,31.1,212.0,36.1,969.5,0.8559497487846423,100
2023-08-24 17:00:00+05:30,28.2,207.0,34.3,970.9,0.06375594179283244,100
2023-08-24 18:00:00+05:30,28.4,210.0,33.9,970.9,1.7682305773111733,100
2023-08-24 19:00:00+05:30,28.0,212.0,32.8,971.3,2.576148917481516,100
2023-08-24 20:00:00+05:30,30.3,210.0,32.1,971.9,0.40616044771417226,100
2023-08-24 21:00:00+05:30,29.3,212.0,31.6,972.3,0.0,100
2023-08-24 22:00:00+05:30,30.4,211.0,30.7,972.5,0.0,100
2023-08-24 23:00:00+05:30,31.2,211.0,29.5,972.4,0.0,100
2023-08-25 00:00:00+05:30,31.7,212.0,28.2,972.3,0.0,100
2023-08-25 01:00:00+05:30,30.5,215.0,27.0,972.2,0.6157671986132136,100
2023-08-25 02:00:00+05:30,29.4,216.0,26.1,972.0,0.0,100
2023-08-25 03:00:00+05:30,28.8,214.0,25.4,971.6,0.0,100
2023-08-25 04:00:00+05:30,28.6,214.0,24.9,971.7,0.0,100
2023-08-25 05:00:00+05:30,27.2,209.0,25.0,971.8,0.0,100
2023-08-25 06:00:00+05:30,25.5,209.0,25.0,972.6,0.3268554228804305,100
2023-08-25 07:00:00+05:30,26.4,209.0,25.5,973.2,0.049280097078338296,100
2023-08-25 08:00:00+05:30,30.4,207.0,26.8,973.0,0.16187658571215727,100
2023-08-25 09:00:00+05:30,32.2,205.0,28.3,973.0,0.0,100
2023-08-25 10:00:00+05:30,34.0,204.0,30.0,973.1,0.0,100
2023-08-25 11:00:00+05:30,34.5,206.0,31.8,972.7,1.0131384072757919,100
2023-08-25 12:00:00+05:30,33.8,208.0,33.4,972.2,1.283168126113599,100
2023-08-25 13:00:00+05:30,33.7,210.0,34.6,971.7,0.0,100
2023-08-25 14:00:00+05:30,33.4,214.0,35.4,971.2,0.0,100
2023-08-25 15:00:00+05:30,33.2,217.0,35.8,970.9,0.0,100
2023-08-25 16:00:00+05:30,32.3,218.0,35.9,970.9,1.6985132424525449,100
2023-08-25 17:00:00+05:30,26.2,214.0,34.0,972.5,0.0,100
2023-08-25 18:00:00+05:30,26.0,211.0,33.7,972.7,0.0,100
2023-08-25 19:00:00+05:30,28.1,201.0,32.8,973.1,0.0,100
2023-08-25 20:00:00+05:30,26.9,196.0,32.4,973.4,0.9964083062770582,100
2023-08-25 21:00:00+05:30,27.3,192.0,32.1,973.9,0.0,100
2023-08-25 22:00:00+05:30,26.9,196.0,30.9,974.2,0.0,100
2023-08-25 23:00:00+05:30,32.8,199.0,29.3,974.5,0.0,100
2023-08-26 00:00:00+05:30,28.7,204.0,28.7,974.4,0.0,100
2023-08-26 01:00:00+05:30,30.1,209.0,27.8,974.2,0.36916674346594053,100
2023-08-26 02:00:00+05:30,31.3,218.0,26.9,973.7,1.507838507937896,100
2023-08-26 03:00:00+05:30,29.1,220.0,26.1,973.5,0.0,100
2023-08-26 04:00:00+05:30,26.7,217.0,25.5,973.7,0.9237956803849463,100
2023-08-26 05:00:00+05:30,20.9,207.0,25.3,974.1,100.0,100
2023-08-26 06:00:00+05:30,23.5,203.0,25.0,974.6,100.0,100
2023-08-26 07:00:00+05:30,27.9,207.0,25.6,975.3,0.0,100
2023-08-26 08:00:00+05:30,30.6,207.0,26.4,975.2,0.0,100
2023-08-26 09:00:00+05:30,31.9,210.0,27.8,975.5,0.0,100
2023-08-26 10:00:00+05:30,30.9,212.0,29.7,975.5,0.0,100
2023-08-26 11:00:00+05:30,28.7,210.0,31.3,975.4,1.397353359559089,100
2023-08-26 12:00:00+05:30,27.5,214.0,33.0,975.1,0.0,100
2023-08-26 13:00:00+05:30,28.5,215.0,34.3,974.4,1.9412271867900728,100
2023-08-26 14:00:00+05:30,30.4,214.0,35.3,973.6,0.0,100
2023-08-26 15:00:00+05:30,29.2,215.0,35.8,973.1,0.963851879177016,100
2023-08-26 16:00:00+05:30,26.7,217.0,35.8,973.1,0.0,100
2023-08-26 17:00:00+05:30,25.0,208.0,34.6,973.8,99.68463640818257,100
2023-08-26 18:00:00+05:30,25.3,210.0,33.7,974.3,0.37997761399688523,100
2023-08-26 19:00:00+05:30,21.7,216.0,32.9,974.7,99.40402936437464,100
2023-08-26 20:00:00+05:30,23.4,211.0,32.2,975.5,98.31648425878662,100
2023-08-26 21:00:00+05:30,21.4,224.0,31.4,976.3,100.0,100
2023-08-26 22:00:00+05:30,15.3,229.0,30.9,976.8,99.20729703678617,100
2023-08-26 23:00:00+05:30,19.7,235.0,30.2,976.8,97.47909980264046,100
2023-08-27 00:00:00+05:30,20.2,231.0,29.0,976.6,97.99450395401776,100
2023-08-27 01:00:00+05:30,26.2,226.0,28.1,976.0,0.0,100
2023-08-27 02:00:00+05:30,26.4,238.0,27.1,975.9,1.797613830786548,100
2023-08-27 03:00:00+05:30,27.3,236.0,26.2,975.8,0.0,100
2023-08-27 04:00:00+05:30,26.0,229.0,25.5,975.8,0.0,100
2023-08-27 05:00:00+05:30,23.3,218.0,25.3,975.7,100.0,100
2023-08-27 06:00:00+05:30,21.9,213.0,25.0,976.3,98.06124728707124,100
2023-08-27 07:00:00+05:30,27.5,214.0,25.4,976.9,0.0,100
2023-08-27 08:00:00+05:30,30.0,215.0,26.8,977.0,0.0,100
2023-08-27 09:00:00+05:30,28.9,216.0,28.4,977.1,0.8404980216534255,100
2023-08-27 10:00:00+05:30,28.5,215.0,30.4,977.1,0.0,100
2023-08-27 11:00:00+05:30,28.2,218.0,32.3,976.7,0.0,100
2023-08-27 12:00:00+05:30,28.2,218.0,33.7,975.9,0.48296187660242773,100
2023-08-27 13:00:00+05:30,27.6,221.0,35.2,975.2,0.0,100
2023-08-27 14:00:00+05:30,26.5,227.0,36.2,974.2,0.0,100
2023-08-27 15:00:00+05:30,25.8,230.0,36.8,973.4,0.0,100
2023-08-27 16:00:00+05:30,25.9,231.0,36.9,973.1,0.10980987556421504,100
2023-08-27 17:00:00+05:30,21.1,224.0,35.5,974.0,98.28851591289454,100
2023-08-27 18:00:00+05:30,23.7,226.0,34.8,974.2,100.0,100
2023-08-27 19:00:00+05:30,26.2,217.0,33.4,974.5,0.08782749695696729,100
2023-08-27 20:00:00+05:30,26.8,216.0,32.5,975.0,0.245333644733584,100
2023-08-27 21:00:00+05:30,27.5,217.0,31.8,975.4,0.0,100
2023-08-27 22:00:00+05:30,29.7,216.0,30.8,975.6,0.0,100
2023-08-27 23:00:00+05:30,31.8,225.0,29.7,975.6,0.0,100
2023-08-28 00:00:00+05:30,32.9,238.0,28.4,975.9,1.019576886749111,100
2023-08-28 01:00:00+05:30,33.1,232.0,27.1,975.1,0.0,100
2023-08-28 02:00:00+05:30,31.6,223.0,26.2,974.3,0.0,100
2023-08-28 03:00:00+05:30,29.2,219.0,25.4,974.1,0.0,100
2023-08-28 04:00:00+05:30,29.5,219.0,24.6,974.1,0.0,100
2023-08-28 05:00:00+05:30,32.7,214.0,24.6,973.7,1.442206144245235,100
2023-08-28 06:00:00+05:30,32.4,210.0,24.6,974.3,0.0,100
2023-08-28 07:00:00+05:30,35.6,212.0,25.0,975.1,0.0,100
2023-08-28 08:00:00+05:30,36.7,211.0,26.4,975.3,0.6650368181787694,100
2023-08-28 09:00:00+05:30,36.7,211.0,28.1,975.8,0.0,100
2023-08-28 10:00:00+05:30,36.3,210.0,29.9,975.8,0.5409075068561087,100
2023-08-28 11:00:00+05:30,36.6,209.0,31.9,975.4,0.0,100
2023-08-28 12:00:00+05:30,35.4,211.0,33.8,974.7,0.4382560397344767,100
2023-08-28 13:00:00+05:30,33.3,211.0,35.3,973.7,0.1954969843409267,100
2023-08-28 14:00:00+05:30,32.3,213.0,36.4,972.8,0.0,100
2023-08-28 15:00:00+05:30,31.8,213.0,36.8,972.0,1.9281686962431952,100
2023-08-28 16:00:00+05:30,32.2,212.0,36.7,971.8,0.920362528255387,100
2023-08-28 17:00:00+05:30,27.9,210.0,34.8,973.2,0.5488042946528179,100
2023-08-28 18:00:00+05:30,26.8,211.0,33.9,973.4,2.4832335445786735,100
2023-08-28 19:00:00+05:30,24.5,208.0,33.0,973.8,100.0,100
2023-08-28 20:00:00+05:30,24.0,208.0,32.3,974.3,100.0,100
2023-08-28 21:00:00+05:30,26.9,208.0,31.6,975.0,0.0,100
2023-08-28 22:00:00+05:30,31.2,211.0,30.5,975.3,0.0,100
2023-08-28 23:00:00+05:30,34.7,215.0,29.1,975.2,1.0836697114992502,100
2023-08-29 00:00:00+05:30,36.2,211.0,27.8,975.2,1.282769237289608,100
2023-08-29 01:00:00+05:30,35.1,213.0,26.7,975.1,0.006963496506048828,100
2023-08-29 02:00:00+05:30,30.7,216.0,25.8,975.1,0.0,100
2023-08-29 03:00:00+05:30,29.3,212.0,25.1,974.8,0.06563795247518119,100
2023-08-29 04:00:00+05:30,25.5,211.0,24.6,975.3,0.8894345121505933,100
2023-08-29 05:00:00+05:30,24.2,208.0,25.1,975.8,100.0,100
2023-08-29 06:00:00+05:30,25.1,205.0,25.3,976.5,0.6940113642099884,100
2023-08-29 07:00:00+05:30,25.0,203.0,25.7,977.3,100.0,100
2023-08-29 08:00:00+05:30,26.8,200.0,26.5,977.7,0.03355390334085838,100
2023-08-29 09:00:00+05:30,28.2,199.0,28.3,978.0,0.0,100
2023-08-29 10:00:00+05:30,26.9,200.0,30.2,978.0,0.5183599444266779,100
2023-08-29 11:00:00+05:30,26.8,200.0,31.8,977.7,0.0,100
2023-08-29 12:00:00+05:30,27.1,199.0,33.3,977.1,1.0892197223184539,100
2023-08-29 13:00:00+05:30,24.5,200.0,34.6,976.5,100.0,100
2023-08-29 14:00:00+05:30,23.0,200.0,35.4,976.0,100.0,100
2023-08-29 15:00:00+05:30,21.3,199.0,35.9,975.2,99.74652667641213,100
2023-08-29 16:00:00+05:30,20.7,200.0,36.2,974.9,100.0,100
2023-08-29 17:00:00+05:30,18.1,203.0,35.2,976.1,100.0,100
2023-08-29 18:00:00+05:30,19.5,203.0,34.4,976.5,99.84858583400944,100
2023-08-29 19:00:00+05:30,16.4,213.0,33.7,977.0,100.0,100
2023-08-29 20:00:00+05:30,13.6,220.0,33.2,977.4,100.0,100
2023-08-29 21:00:00+05:30,15.1,205.0,32.5,978.1,100.0,100
2023-08-29 22:00:00+05:30,18.0,206.0,31.8,978.7,100.0,100
2023-08-29 23:00:00+05:30,15.1,220.0,31.1,978.8,100.0,100
2023-08-30 00:00:00+05:30,14.8,223.0,30.5,978.7,97.4157460673479,100
2023-08-30 01:00:00+05:30,17.3,228.0,29.9,978.7,99.83804248762144,100
2023-08-30 02:00:00+05:30,22.2,241.0,28.8,978.5,100.0,100
2023-08-30 03:00:00+05:30,21.3,240.0,27.7,978.6,98.50310282414685,100
2023-08-30 04:00:00+05:30,20.8,233.0,26.8,978.8,99.23696788970398,100
2023-08-30 05:00:00+05:30,20.4,221.0,26.5,978.8,96.56681721496888,100
2023-08-30 06:00:00+05:30,18.7,214.0,25.9,979.3,96.713416989344,100
2023-08-30 07:00:00+05:30,19.5,210.0,26.1,980.0,100.0,100
2023-08-30 08:00:00+05:30,19.8,207.0,27.1,980.4,99.66544608424923,100
2023-08-30 09:00:00+05:30,20.0,206.0,28.7,980.8,100.0,100
2023-08-30 10:00:00+05:30,18.9,204.0,30.4,980.9,99.79343374688821,100
2023-08-30 11:00:00+05:30,18.1,201.0,32.2,980.8,99.4390037021709,100
2023-08-30 12:00:00+05:30,18.0,200.0,33.8,980.1,97.95411540431235,100
2023-08-30 13:00:00+05:30,18.7,199.0,35.0,979.5,100.0,100
2023-08-30 14:00:00+05:30,19.3,201.0,35.9,978.7,99.45050627916424,100
2023-08-30 15:00:00+05:30,18.1,201.0,36.4,977.8,100.0,100
2023-08-30 16:00:00+05:30,17.2,206.0,36.5,977.3,96.2904791855974,100
2023-08-30 17:00:00+05:30,13.8,200.0,35.2,978.1,99.67488435235045,100
2023-08-30 18:00:00+05:30,14.5,203.0,34.6,978.4,100.0,100
2023-08-30 19:00:00+05:30,15.5,205.0,33.9,978.7,99.20376543236257,100
2023-08-30 20:00:00+05:30,14.3,208.0,33.3,979.1,99.11455457438674,100
2023-08-30 21:00:00+05:30,13.4,207.0,32.5,979.5,100.0,100
2023-08-30 22:00:00+05:30,15.2,216.0,31.6,979.5,100.0,100
2023-08-30 23:00:00+05:30,16.3,223.0,30.6,979.6,100.0,100
2023-08-31 00:00:00+05:30,17.9,240.0,29.6,979.6,100.0,100
2023-08-31 01:00:00+05:30,17.5,233.0,29.0,979.1,100.0,100
2023-08-31 02:00:00+05:30,23.3,231.0,28.3,979.1,99.23767726022162,100
2023-08-31 03:00:00+05:30,22.3,232.0,26.9,979.1,100.0,100
2023-08-31 04:00:00+05:30,20.0,236.0,26.3,979.5,100.0,100
2023-08-31 05:00:00+05:30,19.2,230.0,26.2,980.0,100.0,100
2023-08-31 06:00:00+05:30,17.1,224.0,25.6,980.4,100.0,100
2023-08-31 07:00:00+05:30,14.9,217.0,26.1,980.9,98.0081637929632,100
2023-08-31 08:00:00+05:30,16.8,211.0,27.7,981.4,100.0,100
2023-08-31 09:00:00+05:30,20.0,208.0,29.8,981.7,100.0,100
2023-08-31 10:00:00+05:30,22.8,201.0,31.8,981.7,97.9277832740686,100
2023-08-31 11:00:00+05:30,23.6,196.0,33.3,981.3,96.68347877073602,100
2023-08-31 12:00:00+05:30,23.1,194.0,34.8,980.8,100.0,100
2023-08-31 13:00:00+05:30,22.2,197.0,35.8,980.0,100.0,100
2023-08-31 14:00:00+05:30,21.2,201.0,36.4,979.1,99.34994656162723,100
2023-08-31 15:00:00+05:30,20.1,201.0,36.9,978.6,98.4648151120096,100
2023-08-31 16:00:00+05:30,19.6,200.0,36.8,978.5,100.0,100
2023-08-31 17:00:00+05:30,20.7,200.0,35.3,979.0,98.74753522255047,100
2023-08-31 18:00:00+05:30,19.9,200.0,34.5,979.3,98.86841867500736,100
2023-08-31 19:00:00+05:30,18.9,198.0,33.6,979.7,100.0,100
2023-08-31 20:00:00+05:30,17.0,201.0,32.8,980.0,99.8866688381725,100
2023-08-31 21:00:00+05:30,14.7,205.0,32.1,980.4,100.0,100
2023-08-31 22:00:00+05:30,13.6,197.0,31.3,980.5,100.0,100
2023-08-31 23:00:00+05:30,14.3,192.0,30.5,980.3,100.0,100
2023-09-01 00:00:00+05:30,16.1,196.0,29.8,980.1,100.0,100
2023-09-01 01:00:00+05:30,15.7,200.0,29.0,979.6,99.39776644854192,100
2023-09-01 02:00:00+05:30,15.7,200.0,28.3,979.4,100.0,100
2023-09-01 03:00:00+05:30,15.3,207.0,27.8,979.3,100.0,100
2023-09-01 04:00:00+05:30,20.7,230.0,27.0,979.7,97.58705984089596,100
2023-09-01 05:00:00+05:30,19.9,238.0,26.7,980.0,100.0,100
2023-09-01 06:00:00+05:30,17.1,235.0,26.0,980.6,100.0,100
2023-09-01 07:00:00+05:30,16.1,231.0,26.3,981.3,97.4582873511577,100
2023-09-01 08:00:00+05:30,17.1,224.0,27.6,981.9,97.31898684414274,100
2023-09-01 09:00:00+05:30,18.9,219.0,29.6,982.3,99.87994825269718,100
2023-09-01 10:00:00+05:30,21.7,212.0,31.5,982.5,99.23331848143263,100
2023-09-01 11:00:00+05:30,24.5,208.0,33.1,982.0,97.12216517101281,100
2023-09-01 12:00:00+05:30,26.3,209.0,34.6,981.3,1.0823963154613223,100
2023-09-01 13:00:00+05:30,27.1,209.0,35.8,980.2,0.5536609341284462,100
2023-09-01 14:00:00+05:30,26.4,209.0,36.7,979.1,0.46305013466353384,100
2023-09-01 15:00:00+05:30,25.4,212.0,37.2,978.5,0.0,100
2023-09-01 16:00:00+05:30,25.2,214.0,37.1,977.9,0.0,100
2023-09-01 17:00:00+05:30,24.4,214.0,35.6,978.8,100.0,100
2023-09-01 18:00:00+05:30,22.5,219.0,34.8,978.9,100.0,100
2023-09-01 19:00:00+05:30,18.1,223.0,33.7,979.1,100.0,100
2023-09-01 20:00:00+05:30,17.1,229.0,33.0,979.5,100.0,100
2023-09-01 21:00:00+05:30,16.8,235.0,32.1,979.7,97.88154390326082,100
2023-09-01 22:00:00+05:30,18.9,235.0,31.0,979.7,97.0968220399538,100
2023-09-01 23:00:00+05:30,19.4,230.0,30.1,979.8,100.0,100
2023-09-02 00:00:00+05:30,19.3,225.0,29.4,979.7,99.41889236433953,100
2023-09-02 01:00:00+05:30,19.1,226.0,28.8,979.4,98.88887091797324,100
2023-09-02 02:00:00+05:30,20.5,232.0,28.2,979.3,100.0,100
2023-09-02 03:00:00+05:30,23.6,236.0,27.4,979.1,100.0,100
2023-09-02 04:00:00+05:30,23.7,237.0,26.4,979.3,96.36242008707819,100
2023-09-02 05:00:00+05:30,22.7,229.0,26.0,979.5,100.0,100
2023-09-02 06:00:00+05:30,22.7,227.0,25.3,980.1,98.26808734679318,100
2023-09-02 07:00:00+05:30,21.2,220.0,25.6,980.5,100.0,100
2023-09-02 08:00:00+05:30,24.8,216.0,26.9,980.9,100.0,100
2023-09-02 09:00:00+05:30,27.9,216.0,28.9,981.2,0.0,100
2023-09-02 10:00:00+05:30,30.3,217.0,31.1,981.3,0.0,100
2023-09-02 11:00:00+05:30,32.3,218.0,33.1,980.7,0.0,100
2023-09-02 12:00:00+05:30,33.3,218.0,34.8,979.9,0.0,100
2023-09-02 13:00:00+05:30,33.3,219.0,36.1,979.1,0.0,100
2023-09-02 14:00:00+05:30,32.7,220.0,37.0,977.9,0.7679657955456801,100
2023-09-02 15:00:00+05:30,31.9,220.0,37.4,977.1,0.0,100
2023-09-02 16:00:00+05:30,30.9,221.0,37.3,976.4,0.0,100
2023-09-02 17:00:00+05:30,29.4,221.0,35.9,977.2,1.1406258556165507,100
2023-09-02 18:00:00+05:30,29.1,222.0,34.6,977.3,1.1616491958509214,100
2023-09-02 19:00:00+05:30,26.8,221.0,33.2,977.6,0.2062538165538477,100
2023-09-02 20:00:00+05:30,26.6,220.0,32.1,978.0,0.0,100
2023-09-02 21:00:00+05:30,25.6,219.0,31.0,978.7,0.0,100
2023-09-02 22:00:00+05:30,25.9,219.0,30.1,978.6,0.392885513772778,100
2023-09-02 23:00:00+05:30,25.1,218.0,29.5,978.3,1.281154263089288,100
2023-09-03 00:00:00+05:30,25.1,218.0,29.0,978.1,0.0,100
2023-09-03 01:00:00+05:30,24.2,226.0,28.3,978.0,99.32426262036591,100
2023-09-03 02:00:00+05:30,23.6,236.0,27.1,977.9,100.0,100
2023-09-03 03:00:00+05:30,24.0,229.0,26.1,977.4,100.0,100
2023-09-03 04:00:00+05:30,25.0,224.0,25.4,977.5,99.09032071082117,100
2023-09-03 05:00:00+05:30,24.6,219.0,24.7,977.8,100.0,100
2023-09-03 06:00:00+05:30,24.5,213.0,24.3,978.0,100.0,100
2023-09-03 07:00:00+05:30,24.0,210.0,24.5,978.4,100.0,100
2023-09-03 08:00:00+05:30,27.8,211.0,25.8,978.8,0.0,100
2023-09-03 09:00:00+05:30,29.5,213.0,27.7,979.2,0.0,100
2023-09-03 10:00:00+05:30,30.2,211.0,30.1,979.5,0.0,100
2023-09-03 11:00:00+05:30,32.0,211.0,32.3,979.1,0.7336545160949727,100
2023-09-03 12:00:00+05:30,33.0,212.0,34.0,978.4,0.032598535585905176,100
2023-09-03 13:00:00+05:30,33.2,212.0,35.4,977.6,1.0026456715010632,100
2023-09-03 14:00:00+05:30,32.8,213.0,36.2,976.9,0.0,100
2023-09-03 15:00:00+05:30,32.6,215.0,36.4,976.3,0.0,100
2023-09-03 16:00:00+05:30,31.9,217.0,36.2,975.8,0.0,100
2023-09-03 17:00:00+05:30,26.6,220.0,35.0,976.0,0.0,100
2023-09-03 18:00:00+05:30,25.8,221.0,33.8,975.9,0.6741985674193348,100
2023-09-03 19:00:00+05:30,21.9,222.0,32.8,976.4,99.5586465429908,100
2023-09-03 20:00:00+05:30,20.4,216.0,32.0,977.1,100.0,100
2023-09-03 21:00:00+05:30,20.5,214.0,31.3,977.8,100.0,100
2023-09-03 22:00:00+05:30,20.4,216.0,30.7,977.5,97.1968027027273,100
2023-09-03 23:00:00+05:30,21.3,219.0,30.1,977.4,97.16555435238992,100
2023-09-04 00:00:00+05:30,22.2,222.0,29.5,977.3,99.12067349038782,100
2023-09-04 01:00:00+05:30,24.1,238.0,28.6,977.3,100.0,100
2023-09-04 02:00:00+05:30,23.0,243.0,27.3,977.0,96.5003635919235,100
2023-09-04 03:00:00+05:30,22.6,236.0,26.4,977.1,100.0,100
2023-09-04 04:00:00+05:30,20.5,231.0,25.6,977.1,100.0,100
2023-09-04 05:00:00+05:30,19.3,225.0,25.3,977.1,96.49488670613823,100
2023-09-04 06:00:00+05:30,17.3,216.0,24.7,977.3,100.0,100
2023-09-04 07:00:00+05:30,17.9,214.0,24.9,977.9,98.54739965382622,100
2023-09-04 08:00:00+05:30,21.8,214.0,26.0,978.2,95.52373390206806,100
2023-09-04 09:00:00+05:30,22.7,213.0,27.7,978.5,98.0362645305722,100
2023-09-04 10:00:00+05:30,22.9,210.0,29.7,978.4,98.28736682109279,100
2023-09-04 11:00:00+05:30,23.2,206.0,31.5,978.1,99.61993712204877,100
2023-09-04 12:00:00+05:30,23.5,203.0,33.0,977.4,100.0,100
2023-09-04 13:00:00+05:30,22.7,203.0,34.3,976.9,100.0,100
2023-09-04 14:00:00+05:30,21.6,204.0,35.2,976.0,100.0,100
2023-09-04 15:00:00+05:30,20.9,204.0,35.7,975.3,100.0,100
2023-09-04 16:00:00+05:30,20.8,203.0,35.7,974.6,96.42234853443551,100
2023-09-04 17:00:00+05:30,19.1,202.0,35.2,975.6,99.1210653639532,100
2023-09-04 18:00:00+05:30,17.7,209.0,34.4,975.8,99.34714147123317,100
2023-09-04 19:00:00+05:30,14.3,219.0,33.5,975.9,100.0,100
2023-09-04 20:00:00+05:30,14.5,226.0,32.8,976.4,98.15400833337041,100
2023-09-04 21:00:00+05:30,16.4,237.0,31.9,977.0,98.18763006260008,100
2023-09-04 22:00:00+05:30,17.4,236.0,31.1,977.2,98.34456393217481,100
2023-09-04 23:00:00+05:30,15.3,227.0,30.3,977.1,100.0,100
2023-09-05 00:00:00+05:30,12.5,219.0,29.6,977.0,100.0,100
2023-09-05 01:00:00+05:30,14.9,217.0,28.9,976.7,100.0,100
2023-09-05 02:00:00+05:30,19.4,228.0,27.9,976.9,100.0,100
2023-09-05 03:00:00+05:30,18.9,239.0,26.9,977.1,100.0,100
2023-09-05 04:00:00+05:30,18.7,240.0,26.2,977.3,97.14748206335136,100
2023-09-05 05:00:00+05:30,15.8,229.0,26.1,977.7,98.64157254782941,100
2023-09-05 06:00:00+05:30,15.0,222.0,25.6,978.2,100.0,100
2023-09-05 07:00:00+05:30,14.8,219.0,25.9,979.0,100.0,100
2023-09-05 08:00:00+05:30,15.2,216.0,27.2,979.5,99.71984959568331,100
2023-09-05 09:00:00+05:30,15.1,218.0,29.3,979.7,98.79642954859924,100
2023-09-05 10:00:00+05:30,15.6,214.0,31.4,979.6,100.0,100
2023-09-05 11:00:00+05:30,17.7,204.0,33.2,979.1,100.0,100
2023-09-05 12:00:00+05:30,19.4,195.0,34.7,978.6,99.76757778299684,100
2023-09-05 13:00:00+05:30,18.7,191.0,35.6,977.9,100.0,100
2023-09-05 14:00:00+05:30,17.6,191.0,36.4,977.0,98.10534468026896,100
2023-09-05 15:00:00+05:30,16.4,195.0,36.8,976.2,100.0,100
2023-09-05 16:00:00+05:30,14.8,203.0,36.8,975.5,97.34895320749769,100
2023-09-05 17:00:00+05:30,13.7,207.0,36.2,976.3,96.20648260309743,100
2023-09-05 18:00:00+05:30,12.6,217.0,35.5,976.5,100.0,100
2023-09-05 19:00:00+05:30,10.2,231.0,34.7,976.8,51.489785173585844,100
2023-09-05 20:00:00+05:30,9.4,247.0,33.9,977.4,36.95922783518035,100
2023-09-05 21:00:00+05:30,9.8,246.0,33.0,978.0,46.612278337670666,100
2023-09-05 22:00:00+05:30,10.0,240.0,32.1,978.0,49.1349085789486,100
2023-09-05 23:00:00+05:30,11.1,234.0,31.3,978.0,74.90609678213212,100
2023-09-06 00:00:00+05:30,13.0,236.0,30.5,978.1,99.31036204511769,100
2023-09-06 01:00:00+05:30,12.2,246.0,29.8,977.8,100.0,100
2023-09-06 02:00:00+05:30,13.9,245.0,29.1,977.5,100.0,100
2023-09-06 03:00:00+05:30,14.8,256.0,28.6,977.4,98.59746671123546,100
2023-09-06 04:00:00+05:30,16.2,267.0,28.2,977.3,100.0,100
2023-09-06 05:00:00+05:30,17.5,261.0,28.1,978.1,100.0,100
2023-09-06 06:00:00+05:30,18.4,268.0,27.0,978.4,100.0,100
2023-09-06 07:00:00+05:30,14.8,270.0,27.3,979.0,96.81490841214588,100
2023-09-06 08:00:00+05:30,16.3,275.0,29.1,979.5,100.0,100
2023-09-06 09:00:00+05:30,17.0,283.0,31.6,980.0,99.71189944249235,100
2023-09-06 10:00:00+05:30,13.7,297.0,33.7,980.2,99.1356821854024,100
2023-09-06 11:00:00+05:30,9.7,309.0,35.4,980.0,41.30322807008345,100
2023-09-06 12:00:00+05:30,6.6,319.0,36.8,979.3,6.143643016302384,100
2023-09-06 13:00:00+05:30,4.6,321.0,38.0,978.4,0.0,100
2023-09-06 14:00:00+05:30,6.4,322.0,38.7,977.3,4.714095054801056,100
2023-09-06 15:00:00+05:30,10.4,326.0,39.0,976.5,53.46862204976534,100
2023-09-06 16:00:00+05:30,10.3,324.0,39.0,975.9,52.246770248407486,100
2023-09-06 17:00:00+05:30,17.4,310.0,38.1,976.5,99.91887342034055,100
2023-09-06 18:00:00+05:30,14.0,312.0,37.5,976.8,98.19291531374206,100
2023-09-06 19:00:00+05:30,8.0,260.0,36.5,977.0,16.562749660469844,100
2023-09-06 20:00:00+05:30,9.2,244.0,35.7,977.4,29.329659731949928,100
2023-09-06 21:00:00+05:30,8.3,275.0,34.7,978.0,21.296257573964787,100
2023-09-06 22:00:00+05:30,10.5,266.0,34.1,977.7,60.1260594885722,100
2023-09-06 23:00:00+05:30,13.4,276.0,33.5,977.4,100.0,100
2023-09-07 00:00:00+05:30,17.0,274.0,32.7,977.0,100.0,100
2023-09-07 01:00:00+05:30,18.5,278.0,31.8,976.6,98.50815690448385,100
2023-09-07 02:00:00+05:30,16.8,285.0,30.8,976.5,99.19906167509677,100
2023-09-07 03:00:00+05:30,14.0,316.0,30.1,976.9,97.6742681813265,100
2023-09-07 04:00:00+05:30,16.1,312.0,29.7,977.1,100.0,100
2023-09-07 05:00:00+05:30,12.7,305.0,29.6,977.2,100.0,100
2023-09-07 06:00:00+05:30,12.4,300.0,29.1,977.7,99.90605816401333,100
2023-09-07 07:00:00+05:30,12.0,291.0,29.8,978.4,98.84673492814005,100
2023-09-07 08:00:00+05:30,14.0,293.0,31.8,978.8,97.61895277972535,100
2023-09-07 09:00:00+05:30,15.6,308.0,34.2,979.0,100.0,100
2023-09-07 10:00:00+05:30,18.9,336.0,36.8,978.9,98.66166300632432,100
2023-09-07 11:00:00+05:30,16.6,5.0,38.6,978.5,100.0,100
2023-09-07 12:00:00+05:30,16.8,31.0,39.8,977.8,100.0,100
2023-09-07 13:00:00+05:30,17.3,45.0,40.4,977.1,100.0,100
2023-09-07 14:00:00+05:30,17.4,50.0,40.6,975.9,99.15505519757993,100
2023-09-07 15:00:00+05:30,16.3,45.0,40.7,975.3,100.0,100
2023-09-07 16:00:00+05:30,14.0,35.0,40.6,975.0,100.0,100
2023-09-07 17:00:00+05:30,14.2,30.0,40.0,974.9,99.69510810869399,100
2023-09-07 18:00:00+05:30,13.0,48.0,39.4,975.0,100.0,100
2023-09-07 19:00:00+05:30,11.9,61.0,37.6,975.4,94.94754296975304,100
2023-09-07 20:00:00+05:30,7.7,41.0,35.9,976.0,14.905789251256516,100
2023-09-07 21:00:00+05:30,6.1,50.0,34.6,976.6,3.8608776330872825,100
2023-09-07 22:00:00+05:30,6.2,80.0,33.6,976.7,5.212046148201763,100
2023-09-07 23:00:00+05:30,7.8,112.0,32.7,976.3,14.211628297633105,100
2023-09-08 00:00:00+05:30,6.3,114.0,32.3,976.0,4.572720191092247,100
2023-09-08 01:00:00+05:30,7.6,135.0,31.1,975.6,13.61238936578711,100
2023-09-08 02:00:00+05:30,4.8,48.0,30.8,975.7,0.22035369037376817,100
2023-09-08 03:00:00+05:30,9.8,28.0,29.8,975.4,44.06378149770305,100
2023-09-08 04:00:00+05:30,9.5,101.0,29.3,975.4,38.716168683069995,100
2023-09-08 05:00:00+05:30,7.1,195.0,29.1,975.4,9.194225557919667,100
2023-09-08 06:00:00+05:30,11.4,198.0,29.0,976.1,81.94391388793213,100
2023-09-08 07:00:00+05:30,7.6,183.0,30.2,976.6,13.667202781371367,100
2023-09-08 08:00:00+05:30,7.9,240.0,33.4,977.4,16.66935575415516,100
2023-09-08 09:00:00+05:30,9.7,285.0,36.0,977.9,41.041597601687414,100
2023-09-08 10:00:00+05:30,9.5,307.0,37.9,977.8,37.524494162604284,100
2023-09-08 11:00:00+05:30,8.8,325.0,39.5,977.7,25.579349845629164,100
2023-09-08 12:00:00+05:30,9.4,356.0,40.5,977.2,34.98118251159255,100
2023-09-08 13:00:00+05:30,10.6,18.0,41.4,976.3,58.96351482495478,100
2023-09-08 14:00:00+05:30,12.6,31.0,41.9,975.2,100.0,100
2023-09-08 15:00:00+05:30,13.7,35.0,42.0,974.3,100.0,100
2023-09-08 16:00:00+05:30,12.8,32.0,41.9,974.1,100.0,100
2023-09-08 17:00:00+05:30,16.6,1.0,41.4,973.9,99.74992142472023,100
2023-09-08 18:00:00+05:30,15.4,339.0,40.8,974.4,100.0,100
2023-09-08 19:00:00+05:30,16.6,330.0,39.2,974.8,96.00057859741293,100
2023-09-08 20:00:00+05:30,6.9,332.0,37.3,975.4,8.859736846184685,100
2023-09-08 21:00:00+05:30,8.7,83.0,36.3,975.9,25.78987655578962,100
2023-09-08 22:00:00+05:30,13.7,93.0,36.3,976.0,99.1613932521558,100
2023-09-08 23:00:00+05:30,13.3,87.0,35.3,975.7,100.0,100
2023-09-09 00:00:00+05:30,14.9,110.0,34.9,975.2,99.9674535186535,100
2023-09-09 01:00:00+05:30,12.1,113.0,33.4,974.8,100.0,100
2023-09-09 02:00:00+05:30,14.6,160.0,32.0,974.8,98.13369990828302,100
2023-09-09 03:00:00+05:30,15.3,172.0,31.0,974.7,98.41382783507403,100
2023-09-09 04:00:00+05:30,13.8,186.0,29.8,974.6,100.0,100
2023-09-09 05:00:00+05:30,10.0,201.0,29.9,974.2,49.503043673545974,100
2023-09-09 06:00:00+05:30,15.5,216.0,29.7,974.7,98.92070719617772,100
2023-09-09 07:00:00+05:30,14.8,223.0,29.4,975.4,99.55163212277849,100
2023-09-09 08:00:00+05:30,12.0,226.0,31.8,976.0,100.0,100
2023-09-09 09:00:00+05:30,11.4,252.0,34.8,976.4,83.39842082795543,100
2023-09-09 10:00:00+05:30,6.1,270.0,37.2,976.6,4.386167494628825,100
2023-09-09 11:00:00+05:30,3.3,311.0,39.2,976.4,1.6602406512353522,100
2023-09-09 12:00:00+05:30,4.8,347.0,40.8,975.7,0.5455314248198783,100
2023-09-09 13:00:00+05:30,9.0,5.0,41.9,974.9,30.124171700505208,100
2023-09-09 14:00:00+05:30,10.5,4.0,42.3,973.9,57.86620213640018,100
2023-09-09 15:00:00+05:30,11.9,357.0,42.7,973.3,96.77878280588688,100
2023-09-09 16:00:00+05:30,15.2,353.0,42.6,972.8,94.70034609678329,100
2023-09-09 17:00:00+05:30,15.6,8.0,41.1,973.3,99.56643427568491,100
2023-09-09 18:00:00+05:30,5.7,325.0,40.7,973.4,3.583523189632735,100
2023-09-09 19:00:00+05:30,7.2,273.0,39.1,973.6,11.627893979120586,100
2023-09-09 20:00:00+05:30,9.4,7.0,38.1,974.1,35.61291555419819,100
2023-09-09 21:00:00+05:30,5.1,86.0,36.5,974.3,1.6133653663541856,100
2023-09-09 22:00:00+05:30,10.2,138.0,35.9,974.4,49.58104381780597,100
2023-09-09 23:00:00+05:30,10.5,128.0,35.3,973.9,57.4894085198425,100
2023-09-10 00:00:00+05:30,13.2,116.0,34.4,973.5,99.88989359311041,100
2023-09-10 01:00:00+05:30,16.6,193.0,32.8,973.3,97.71898801493505,100
2023-09-10 02:00:00+05:30,11.7,223.0,31.6,973.1,89.39985586611435,100
2023-09-10 03:00:00+05:30,16.6,219.0,30.7,973.0,97.22719019060536,100
2023-09-10 04:00:00+05:30,19.6,221.0,29.7,973.1,98.66995726170947,100
2023-09-10 05:00:00+05:30,19.4,228.0,28.7,973.0,99.53943307186644,100
2023-09-10 06:00:00+05:30,18.6,226.0,28.1,973.6,100.0,100
2023-09-10 07:00:00+05:30,14.5,224.0,28.3,974.0,100.0,100
2023-09-10 08:00:00+05:30,14.8,227.0,30.3,974.6,100.0,100
2023-09-10 09:00:00+05:30,14.2,240.0,33.1,975.2,100.0,100
2023-09-10 10:00:00+05:30,12.3,255.0,35.9,975.1,100.0,100
2023-09-10 11:00:00+05:30,11.5,268.0,38.4,974.7,82.79711569695547,100
2023-09-10 12:00:00+05:30,10.7,282.0,40.5,974.1,63.86444646311201,100
2023-09-10 13:00:00+05:30,10.5,297.0,41.7,973.2,56.17168548215968,100
2023-09-10 14:00:00+05:30,10.9,297.0,42.5,972.1,65.38265793357886,100
2023-09-10 15:00:00+05:30,12.6,290.0,43.0,971.2,99.49792113741985,100
2023-09-10 16:00:00+05:30,15.6,285.0,43.0,970.9,96.38918604742722,100
2023-09-10 17:00:00+05:30,11.5,250.0,41.1,972.0,82.41364745415619,100
2023-09-10 18:00:00+05:30,15.5,242.0,40.4,972.1,97.19622289196346,100
2023-09-10 19:00:00+05:30,17.6,235.0,39.1,972.3,99.30599646174264,100
2023-09-10 20:00:00+05:30,19.3,237.0,38.2,972.9,100.0,100
2023-09-10 21:00:00+05:30,19.2,236.0,37.1,973.8,100.0,100
2023-09-10 22:00:00+05:30,26.5,228.0,35.2,973.8,0.02927096382684648,100
2023-09-10 23:00:00+05:30,28.6,230.0,33.9,973.8,0.0,100
2023-09-11 00:00:00+05:30,29.2,232.0,32.2,973.5,0.0,100
2023-09-11 01:00:00+05:30,28.8,229.0,30.4,973.3,0.8679065788049246,100
2023-09-11 02:00:00+05:30,27.8,227.0,28.9,973.1,0.20108453290295505,100
2023-09-11 03:00:00+05:30,26.5,227.0,27.4,973.2,2.3032591412351535,100
2023-09-11 04:00:00+05:30,26.0,227.0,26.3,973.7,0.7003981603902862,100
2023-09-11 05:00:00+05:30,19.9,225.0,26.4,974.2,100.0,100
2023-09-11 06:00:00+05:30,18.1,223.0,26.4,974.7,98.98692642221927,100
2023-09-11 07:00:00+05:30,20.4,216.0,27.0,975.4,98.58548809525814,100
2023-09-11 08:00:00+05:30,21.7,201.0,28.0,976.0,99.37385380414254,100
2023-09-11 09:00:00+05:30,24.0,197.0,30.1,976.3,96.95028550232,100
2023-09-11 10:00:00+05:30,23.8,198.0,32.7,976.3,99.27358328318027,100
2023-09-11 11:00:00+05:30,23.0,197.0,35.1,976.0,99.07858962350267,100
2023-09-11 12:00:00+05:30,21.9,200.0,37.1,975.2,99.7011516771013,100
2023-09-11 13:00:00+05:30,20.6,199.0,38.5,974.5,100.0,100
2023-09-11 14:00:00+05:30,17.7,200.0,39.3,973.7,99.42569736449781,100
2023-09-11 15:00:00+05:30,13.7,198.0,39.7,973.1,100.0,100
2023-09-11 16:00:00+05:30,12.5,198.0,39.6,972.7,97.95632100103259,100
2023-09-11 17:00:00+05:30,13.2,227.0,38.1,973.5,97.54500904604951,100
2023-09-11 18:00:00+05:30,16.0,224.0,37.3,973.7,99.80271933694316,100
2023-09-11 19:00:00+05:30,14.6,220.0,36.5,973.9,100.0,100
2023-09-11 20:00:00+05:30,20.2,220.0,35.6,974.4,100.0,100
2023-09-11 21:00:00+05:30,23.4,225.0,34.7,975.0,100.0,100
2023-09-11 22:00:00+05:30,27.0,223.0,33.5,975.3,0.0,100
2023-09-11 23:00:00+05:30,28.8,224.0,32.1,975.1,1.2560148019687498,100
2023-09-12 00:00:00+05:30,28.0,222.0,31.1,975.0,0.0,100
2023-09-12 01:00:00+05:30,28.0,223.0,29.7,974.5,2.118104972044287,100
2023-09-12 02:00:00+05:30,28.8,223.0,28.3,974.2,0.0,100
2023-09-12 03:00:00+05:30,30.6,228.0,26.8,974.6,0.0,100
2023-09-12 04:00:00+05:30,29.9,229.0,25.7,975.1,0.0,100
2023-09-12 05:00:00+05:30,26.0,226.0,25.4,975.1,0.0,100
2023-09-12 06:00:00+05:30,25.5,223.0,24.9,975.7,0.18472511179643183,100
2023-09-12 07:00:00+05:30,26.4,218.0,25.2,976.0,0.08277677978293001,100
2023-09-12 08:00:00+05:30,26.5,214.0,26.6,976.6,0.0,100
2023-09-12 09:00:00+05:30,23.3,207.0,28.7,977.1,100.0,100
2023-09-12 10:00:00+05:30,22.7,205.0,30.9,977.1,100.0,100
2023-09-12 11:00:00+05:30,23.1,203.0,33.1,976.8,96.67842165146192,100
2023-09-12 12:00:00+05:30,23.4,203.0,35.1,976.2,99.46477614554082,100
2023-09-12 13:00:00+05:30,23.4,205.0,36.6,975.3,100.0,100
2023-09-12 14:00:00+05:30,23.0,207.0,37.7,974.5,100.0,100
2023-09-12 15:00:00+05:30,22.0,212.0,38.1,974.0,100.0,100
2023-09-12 16:00:00+05:30,20.7,215.0,38.0,973.7,100.0,100
2023-09-12 17:00:00+05:30,16.9,214.0,36.9,974.4,100.0,100
2023-09-12 18:00:00+05:30,16.8,211.0,36.2,974.8,100.0,100
2023-09-12 19:00:00+05:30,16.4,206.0,35.4,975.0,99.13241451087084,100
2023-09-12 20:00:00+05:30,15.8,204.0,34.8,975.6,100.0,100
2023-09-12 21:00:00+05:30,16.8,208.0,34.1,976.0,98.6906635508279,100
2023-09-12 22:00:00+05:30,18.2,207.0,33.3,976.2,97.97110411919004,100
2023-09-12 23:00:00+05:30,22.7,221.0,32.4,976.1,100.0,100
2023-09-13 00:00:00+05:30,27.7,232.0,31.1,975.7,0.0,100
2023-09-13 01:00:00+05:30,30.2,231.0,29.3,975.6,1.8507926455243715,100
2023-09-13 02:00:00+05:30,30.6,229.0,27.8,975.3,0.4282094987954788,100
2023-09-13 03:00:00+05:30,31.1,228.0,26.6,975.3,0.0,100
2023-09-13 04:00:00+05:30,30.6,228.0,25.8,975.2,0.3169036019122039,100
2023-09-13 05:00:00+05:30,27.7,224.0,25.4,975.3,1.2275626104238497,100
2023-09-13 06:00:00+05:30,26.3,222.0,25.0,976.0,1.4229415139154353,100
2023-09-13 07:00:00+05:30,26.6,221.0,25.3,976.6,0.0,100
2023-09-13 08:00:00+05:30,25.9,219.0,26.7,976.9,0.6793431336933266,100
2023-09-13 09:00:00+05:30,24.7,214.0,28.7,977.4,99.44985598435926,100
2023-09-13 10:00:00+05:30,24.7,214.0,30.9,977.2,94.87628462471196,100
2023-09-13 11:00:00+05:30,23.7,210.0,33.1,976.9,100.0,100
2023-09-13 12:00:00+05:30,22.4,208.0,34.9,976.2,100.0,100
2023-09-13 13:00:00+05:30,21.4,209.0,36.1,975.4,100.0,100
2023-09-13 14:00:00+05:30,20.3,210.0,36.9,974.5,98.43370607985419,100
2023-09-13 15:00:00+05:30,20.0,210.0,37.2,973.8,100.0,100
2023-09-13 16:00:00+05:30,18.5,209.0,37.2,973.4,99.14933224393762,100
2023-09-13 17:00:00+05:30,15.5,205.0,36.4,974.4,99.68910335524558,100
2023-09-13 18:00:00+05:30,15.1,208.0,35.6,975.0,100.0,100
2023-09-13 19:00:00+05:30,15.6,214.0,34.9,975.2,98.89972181744574,100
2023-09-13 20:00:00+05:30,16.1,219.0,34.2,975.9,95.80550398612965,100
2023-09-13 21:00:00+05:30,15.2,216.0,33.6,976.5,100.0,100
2023-09-13 22:00:00+05:30,17.9,214.0,32.9,976.6,100.0,100
2023-09-13 23:00:00+05:30,17.8,223.0,32.3,976.4,99.55002696724036,100
2023-09-14 00:00:00+05:30,16.4,220.0,31.8,976.2,100.0,100
2023-09-14 01:00:00+05:30,17.4,220.0,31.3,975.8,96.0785187932385,100
2023-09-14 02:00:00+05:30,23.6,219.0,30.6,975.9,99.87865313284215,100
2023-09-14 03:00:00+05:30,29.4,237.0,29.0,976.0,0.5989421064365742,100
2023-09-14 04:00:00+05:30,29.2,241.0,27.9,976.3,0.6725805844522579,100
2023-09-14 05:00:00+05:30,24.4,239.0,27.4,976.7,100.0,100
2023-09-14 06:00:00+05:30,21.2,238.0,26.9,977.3,100.0,100
2023-09-14 07:00:00+05:30,18.1,235.0,27.1,978.1,99.39229592575039,100
2023-09-14 08:00:00+05:30,17.1,231.0,28.3,978.6,97.35418394374845,100
2023-09-14 09:00:00+05:30,16.5,224.0,30.3,979.0,98.69941776566561,100
2023-09-14 10:00:00+05:30,14.4,202.0,32.1,979.4,98.97647940303663,100
2023-09-14 11:00:00+05:30,15.2,187.0,33.9,979.4,98.9752544108843,100
2023-09-14 12:00:00+05:30,17.3,184.0,35.2,978.5,100.0,100
2023-09-14 13:00:00+05:30,18.8,184.0,36.7,977.3,98.187241116779,100
2023-09-14 14:00:00+05:30,18.6,190.0,37.4,976.2,96.07425184069804,100
2023-09-14 15:00:00+05:30,16.3,194.0,37.7,975.3,98.13416201110242,100
2023-09-14 16:00:00+05:30,14.6,200.0,37.6,974.7,95.69648099907396,100
2023-09-14 17:00:00+05:30,19.4,190.0,34.1,975.5,99.25345345974118,100
2023-09-14 18:00:00+05:30,18.3,195.0,33.6,975.9,100.0,100
2023-09-14 19:00:00+05:30,15.3,189.0,33.1,976.4,100.0,100
2023-09-14 20:00:00+05:30,14.3,190.0,32.8,976.8,100.0,100
2023-09-14 21:00:00+05:30,27.7,162.0,30.2,978.0,1.2596198078727774,100
2023-09-14 22:00:00+05:30,18.6,170.0,29.4,977.8,100.0,100
2023-09-14 23:00:00+05:30,15.8,179.0,29.0,977.6,99.59746861391766,100
2023-09-15 00:00:00+05:30,15.4,191.0,28.8,977.2,100.0,100
2023-09-15 01:00:00+05:30,14.8,206.0,28.7,976.7,100.0,100
2023-09-15 02:00:00+05:30,14.3,223.0,28.8,976.2,100.0,100
2023-09-15 03:00:00+05:30,18.9,231.0,29.0,976.2,97.63438501997571,100
2023-09-15 04:00:00+05:30,20.6,234.0,28.9,976.8,100.0,100
2023-09-15 05:00:00+05:30,21.1,240.0,28.9,977.0,100.0,100
2023-09-15 06:00:00+05:30,11.9,265.0,27.5,978.0,97.21655389882842,100
2023-09-15 07:00:00+05:30,13.0,304.0,26.5,978.4,100.0,100
2023-09-15 08:00:00+05:30,11.4,298.0,27.2,979.3,78.9011785664982,100
2023-09-15 09:00:00+05:30,10.8,285.0,27.7,979.7,66.66718676070678,100
2023-09-15 10:00:00+05:30,6.3,246.0,29.8,980.0,4.0864634478533475,100
2023-09-15 11:00:00+05:30,5.5,281.0,31.4,979.8,3.866632719503845,100
2023-09-15 12:00:00+05:30,2.5,352.0,32.3,979.3,0.6710562603756535,100
2023-09-15 13:00:00+05:30,3.1,315.0,33.2,978.5,0.5330179502420724,100
2023-09-15 14:00:00+05:30,5.4,318.0,33.9,977.0,1.7719548775925744,100
2023-09-15 15:00:00+05:30,8.2,345.0,34.1,976.0,21.220028035284766,100
2023-09-15 16:00:00+05:30,10.4,360.0,34.3,975.4,59.860058728942725,100
2023-09-15 17:00:00+05:30,5.0,201.0,36.2,975.4,1.9188036974318048,100
2023-09-15 18:00:00+05:30,5.6,230.0,35.5,976.2,2.008773621399488,100
2023-09-15 19:00:00+05:30,4.9,253.0,34.8,977.2,0.08296498445046252,100
2023-09-15 20:00:00+05:30,3.8,197.0,33.8,977.8,0.0,100
2023-09-15 21:00:00+05:30,5.7,215.0,33.1,978.1,5.0455684885336245,100
2023-09-15 22:00:00+05:30,7.6,225.0,32.6,978.3,13.38156665663128,100
2023-09-15 23:00:00+05:30,10.4,214.0,32.0,977.9,57.07870769915563,100
2023-09-16 00:00:00+05:30,12.0,221.0,31.3,977.3,100.0,100
2023-09-16 01:00:00+05:30,13.3,257.0,31.0,976.3,99.96096140672009,100
2023-09-16 02:00:00+05:30,8.2,229.0,30.5,976.3,19.291488900175473,100
2023-09-16 03:00:00+05:30,10.2,170.0,29.5,976.7,51.48980804434806,100
2023-09-16 04:00:00+05:30,8.7,210.0,28.9,976.5,26.263344910394668,100
2023-09-16 05:00:00+05:30,11.1,209.0,27.7,976.8,73.86747603426691,100
2023-09-16 06:00:00+05:30,7.2,243.0,27.6,977.0,11.165324026348223,100
2023-09-16 07:00:00+05:30,4.8,283.0,28.0,977.8,1.7776081346880355,100
2023-09-16 08:00:00+05:30,2.5,262.0,28.8,978.5,0.0,100
2023-09-16 09:00:00+05:30,4.2,239.0,30.2,978.8,0.47456549044153284,100
2023-09-16 10:00:00+05:30,9.5,259.0,32.2,978.5,38.146196617449334,100
2023-09-16 11:00:00+05:30,8.8,279.0,34.0,978.3,27.21194902047962,100
2023-09-16 12:00:00+05:30,6.1,332.0,35.1,977.4,3.126355577695301,100
2023-09-16 13:00:00+05:30,6.4,27.0,36.0,976.5,5.479971482333966,100
2023-09-16 14:00:00+05:30,7.7,37.0,36.6,975.6,14.153352535696424,100
2023-09-16 15:00:00+05:30,9.6,34.0,36.9,974.7,38.86746063763226,100
2023-09-16 16:00:00+05:30,10.0,41.0,36.5,974.3,48.20817924168091,100
2023-09-16 17:00:00+05:30,25.8,298.0,33.6,974.5,0.0,100
2023-09-16 18:00:00+05:30,8.2,293.0,34.1,974.9,18.243245242225964,100
2023-09-16 19:00:00+05:30,2.9,360.0,33.5,975.6,1.4263486465491504,100
2023-09-16 20:00:00+05:30,12.8,212.0,31.1,975.7,98.70821620227835,100
2023-09-16 21:00:00+05:30,12.0,221.0,31.1,975.9,97.40776653779444,100
2023-09-16 22:00:00+05:30,7.6,135.0,30.3,976.3,14.200126173827094,100
2023-09-16 23:00:00+05:30,7.1,156.0,29.8,975.8,9.70801105270173,100
2023-09-17 00:00:00+05:30,5.8,210.0,29.4,975.3,4.736938572431075,100
2023-09-17 01:00:00+05:30,6.9,227.0,29.1,974.8,7.556950616223546,100
2023-09-17 02:00:00+05:30,5.2,214.0,28.7,974.4,1.4852951494966102,100
2023-09-17 03:00:00+05:30,2.9,263.0,28.4,974.1,0.0,100
2023-09-17 04:00:00+05:30,6.0,335.0,28.3,974.3,3.2992619711078888,100
2023-09-17 05:00:00+05:30,11.2,358.0,27.9,974.9,76.63644446908006,100
2023-09-17 06:00:00+05:30,12.1,17.0,27.5,975.2,100.0,100
2023-09-17 07:00:00+05:30,14.1,32.0,27.8,975.5,95.26843584160666,100
2023-09-17 08:00:00+05:30,15.6,29.0,28.8,975.7,100.0,100
2023-09-17 09:00:00+05:30,16.9,20.0,30.3,975.7,100.0,100
2023-09-17 10:00:00+05:30,20.3,25.0,31.9,975.7,100.0,100
2023-09-17 11:00:00+05:30,23.6,38.0,33.3,975.5,100.0,100
2023-09-17 12:00:00+05:30,24.0,40.0,34.3,974.8,99.73230348528095,100
2023-09-17 13:00:00+05:30,31.8,38.0,33.3,974.0,0.14330437125375553,100
2023-09-17 14:00:00+05:30,24.1,38.0,32.6,972.7,100.0,100
2023-09-17 15:00:00+05:30,26.6,36.0,33.3,972.3,0.0,100
2023-09-17 16:00:00+05:30,25.8,41.0,33.2,972.1,0.7299610446255878,100
2023-09-17 17:00:00+05:30,26.8,31.0,34.5,971.9,0.0,100
2023-09-17 18:00:00+05:30,26.5,34.0,33.3,972.0,1.8255189001333694,100
2023-09-17 19:00:00+05:30,19.5,38.0,32.1,972.3,100.0,100
2023-09-17 20:00:00+05:30,20.0,56.0,31.1,973.2,100.0,100
2023-09-17 21:00:00+05:30,18.9,55.0,30.0,973.5,99.33939675810376,100
2023-09-17 22:00:00+05:30,17.1,55.0,29.3,973.8,98.99207585729175,100
2023-09-17 23:00:00+05:30,17.5,58.0,28.6,974.0,97.86935217270803,100
2023-09-18 00:00:00+05:30,12.1,67.0,28.0,974.0,99.45626312727141,100
2023-09-18 01:00:00+05:30,12.2,47.0,27.6,973.4,100.0,100
2023-09-18 02:00:00+05:30,13.1,37.0,27.3,973.0,100.0,100
2023-09-18 03:00:00+05:30,13.5,25.0,27.0,972.9,100.0,100
2023-09-18 04:00:00+05:30,14.6,20.0,26.6,973.0,100.0,100
2023-09-18 05:00:00+05:30,12.8,16.0,26.9,972.9,100.0,100
2023-09-18 06:00:00+05:30,12.0,9.0,26.7,973.1,100.0,100
2023-09-18 07:00:00+05:30,16.4,15.0,27.1,973.6,100.0,100
2023-09-18 08:00:00+05:30,23.6,12.0,28.0,974.3,97.60156679389543,100
2023-09-18 09:00:00+05:30,23.9,23.0,28.3,974.9,99.86869191877474,100
2023-09-18 10:00:00+05:30,24.3,24.0,30.3,975.1,98.79712612666026,100
2023-09-18 11:00:00+05:30,26.4,29.0,31.3,975.0,0.0,100
2023-09-18 12:00:00+05:30,27.5,32.0,31.9,974.1,1.3275194030712814,100
2023-09-18 13:00:00+05:30,28.0,32.0,32.5,973.4,0.0,100
2023-09-18 14:00:00+05:30,27.9,39.0,32.6,972.2,1.4291847733132315,100
2023-09-18 15:00:00+05:30,26.5,42.0,32.5,972.1,0.0,100
2023-09-18 16:00:00+05:30,25.9,38.0,31.9,971.9,0.0,100
2023-09-18 17:00:00+05:30,28.8,43.0,31.6,972.7,0.0,100
2023-09-18 18:00:00+05:30,26.9,55.0,30.4,973.3,0.0,100
2023-09-18 19:00:00+05:30,23.6,52.0,29.5,973.4,98.49333608162159,100
2023-09-18 20:00:00+05:30,16.8,55.0,29.0,974.3,98.55841296405129,100
2023-09-18 21:00:00+05:30,12.0,51.0,28.7,975.1,96.62746120821663,100
2023-09-18 22:00:00+05:30,10.0,38.0,28.4,975.5,46.38271637699713,100
2023-09-18 23:00:00+05:30,11.2,40.0,27.9,975.3,76.76149154526131,100
2023-09-19 00:00:00+05:30,10.0,38.0,27.4,975.2,44.3869430507381,100
2023-09-19 01:00:00+05:30,11.6,36.0,26.9,975.0,89.02170040970913,100
2023-09-19 02:00:00+05:30,13.1,21.0,26.5,974.9,98.68090963031564,100
2023-09-19 03:00:00+05:30,14.6,10.0,26.2,974.8,100.0,100
2023-09-19 04:00:00+05:30,16.2,13.0,25.9,974.8,99.77425197757354,100
2023-09-19 05:00:00+05:30,14.1,4.0,26.6,974.4,99.78342662410087,100
2023-09-19 06:00:00+05:30,14.8,13.0,26.5,975.2,96.57066697851374,100
2023-09-19 07:00:00+05:30,20.0,28.0,26.9,975.8,99.67565234752435,100
2023-09-19 08:00:00+05:30,24.6,35.0,27.8,976.3,100.0,100
2023-09-19 09:00:00+05:30,27.1,36.0,29.0,976.8,1.2446023084895432,100
2023-09-19 10:00:00+05:30,28.7,35.0,30.5,977.1,1.4034759773373766,100
2023-09-19 11:00:00+05:30,26.9,39.0,31.7,977.0,0.0,100
2023-09-19 12:00:00+05:30,23.4,46.0,32.4,976.4,100.0,100
2023-09-19 13:00:00+05:30,19.2,60.0,32.9,975.5,100.0,100
2023-09-19 14:00:00+05:30,17.4,72.0,33.4,974.7,100.0,100
2023-09-19 15:00:00+05:30,19.5,65.0,33.1,974.1,100.0,100
2023-09-19 16:00:00+05:30,23.7,60.0,32.4,973.9,99.17848442379558,100
2023-09-19 17:00:00+05:30,16.6,48.0,33.0,975.2,100.0,100
2023-09-19 18:00:00+05:30,16.6,51.0,31.7,975.4,100.0,100
2023-09-19 19:00:00+05:30,15.6,82.0,30.5,976.1,100.0,100
2023-09-19 20:00:00+05:30,12.1,117.0,29.6,977.1,99.27121796639715,100
2023-09-19 21:00:00+05:30,10.9,98.0,29.0,977.7,63.30193794070572,100
2023-09-19 22:00:00+05:30,10.9,117.0,28.5,977.9,69.35669593902688,100
2023-09-19 23:00:00+05:30,10.7,110.0,28.0,978.1,61.86944597139045,100
2023-09-20 00:00:00+05:30,11.3,107.0,27.7,978.1,78.37249382373687,100
2023-09-20 01:00:00+05:30,12.8,106.0,27.3,977.7,100.0,100
2023-09-20 02:00:00+05:30,12.0,106.0,26.8,977.5,99.74781385205188,100
2023-09-20 03:00:00+05:30,10.2,100.0,26.5,977.5,47.99329139957244,100
2023-09-20 04:00:00+05:30,8.6,105.0,26.2,977.7,23.489855281556768,100
2023-09-20 05:00:00+05:30,6.4,52.0,26.7,978.2,5.570430871287904,100
2023-09-20 06:00:00+05:30,8.4,65.0,26.5,978.2,22.30108326149137,100
2023-09-20 07:00:00+05:30,9.8,62.0,26.8,978.7,43.8649306417347,100
2023-09-20 08:00:00+05:30,12.7,65.0,27.9,979.5,97.63319335790968,100
2023-09-20 09:00:00+05:30,14.2,97.0,28.5,980.2,97.07758739158592,100
2023-09-20 10:00:00+05:30,13.9,100.0,29.8,980.1,99.3138159486462,100
2023-09-20 11:00:00+05:30,19.5,74.0,32.0,979.8,94.32027049748555,100
2023-09-20 12:00:00+05:30,19.6,73.0,31.4,979.0,100.0,100
2023-09-20 13:00:00+05:30,18.4,86.0,32.3,977.8,97.46305928402026,100
2023-09-20 14:00:00+05:30,19.8,90.0,33.5,976.9,98.35673706658062,100
2023-09-20 15:00:00+05:30,17.8,98.0,33.5,976.3,100.0,100
2023-09-20 16:00:00+05:30,15.3,105.0,33.0,976.0,100.0,100
2023-09-20 17:00:00+05:30,18.1,125.0,33.0,976.6,99.00268063537756,100
2023-09-20 18:00:00+05:30,14.5,138.0,31.9,976.9,99.44491548071663,100
2023-09-20 19:00:00+05:30,14.0,145.0,30.8,977.4,100.0,100
2023-09-20 20:00:00+05:30,15.3,153.0,29.9,978.3,98.21532896192134,100
2023-09-20 21:00:00+05:30,15.6,165.0,29.0,978.9,100.0,100
2023-09-20 22:00:00+05:30,13.8,173.0,28.4,979.2,100.0,100
2023-09-20 23:00:00+05:30,13.3,177.0,28.1,979.2,96.78529095846014,100
2023-09-21 00:00:00+05:30,13.0,182.0,27.7,978.9,96.67304067547586,100
2023-09-21 01:00:00+05:30,11.9,180.0,27.3,978.4,92.71805762910856,100
2023-09-21 02:00:00+05:30,12.6,178.0,27.0,978.2,100.0,100
2023-09-21 03:00:00+05:30,12.3,177.0,26.8,978.3,100.0,100
2023-09-21 04:00:00+05:30,10.8,180.0,26.5,978.5,66.6108791116469,100
2023-09-21 05:00:00+05:30,9.1,187.0,26.7,978.6,30.734805762740912,100
2023-09-21 06:00:00+05:30,8.0,175.0,26.5,979.2,16.693670398300508,100
2023-09-21 07:00:00+05:30,8.3,175.0,26.9,979.7,20.596009043549582,100
2023-09-21 08:00:00+05:30,11.9,180.0,28.1,980.4,96.9458215071533,100
2023-09-21 09:00:00+05:30,11.7,169.0,29.6,980.6,91.19439703043992,100
2023-09-21 10:00:00+05:30,10.8,154.0,31.1,980.4,66.2306695183277,100
2023-09-21 11:00:00+05:30,11.7,146.0,32.5,980.0,86.26187398507327,100
2023-09-21 12:00:00+05:30,14.1,140.0,33.9,979.1,100.0,100
2023-09-21 13:00:00+05:30,14.8,141.0,34.7,978.3,98.62848879743336,100
2023-09-21 14:00:00+05:30,15.0,145.0,34.9,977.4,97.31377504791806,100
2023-09-21 15:00:00+05:30,17.9,161.0,34.7,977.0,100.0,100
2023-09-21 16:00:00+05:30,16.0,172.0,34.2,976.8,99.2330635898314,100
2023-09-21 17:00:00+05:30,20.2,177.0,34.0,977.1,100.0,100
2023-09-21 18:00:00+05:30,16.6,167.0,33.0,977.5,95.53396584333295,100
2023-09-21 19:00:00+05:30,14.3,168.0,32.3,978.0,100.0,100
2023-09-21 20:00:00+05:30,19.8,182.0,31.4,978.7,100.0,100
2023-09-21 21:00:00+05:30,19.7,198.0,30.0,979.2,97.34233363663036,100
2023-09-21 22:00:00+05:30,15.1,208.0,29.6,979.4,98.79942450870318,100
2023-09-21 23:00:00+05:30,15.6,214.0,29.1,979.3,100.0,100
2023-09-22 00:00:00+05:30,17.1,208.0,28.7,979.1,100.0,100
2023-09-22 01:00:00+05:30,17.7,204.0,28.2,978.8,99.55957800052956,100
2023-09-22 02:00:00+05:30,17.0,201.0,27.7,978.4,100.0,100
2023-09-22 03:00:00+05:30,17.9,208.0,27.2,978.4,95.21852492421941,100
2023-09-22 04:00:00+05:30,18.2,219.0,26.8,978.8,96.8764451069117,100
2023-09-22 05:00:00+05:30,14.8,221.0,26.7,979.0,100.0,100
2023-09-22 06:00:00+05:30,13.5,222.0,26.4,979.6,100.0,100
2023-09-22 07:00:00+05:30,13.1,217.0,26.6,980.1,98.61006979033374,100
2023-09-22 08:00:00+05:30,14.8,219.0,27.8,980.6,98.56317020988777,100
2023-09-22 09:00:00+05:30,15.9,213.0,29.3,981.0,98.7783841718983,100
2023-09-22 10:00:00+05:30,17.3,201.0,31.0,981.0,95.71069510398925,100
2023-09-22 11:00:00+05:30,18.9,194.0,32.7,980.6,99.59331032904535,100
2023-09-22 12:00:00+05:30,18.7,196.0,34.0,979.5,95.45743961324614,100
2023-09-22 13:00:00+05:30,17.1,198.0,34.9,978.7,96.00937848520378,100
2023-09-22 14:00:00+05:30,15.4,196.0,35.7,977.8,100.0,100
2023-09-22 15:00:00+05:30,15.2,194.0,36.2,976.9,100.0,100
2023-09-22 16:00:00+05:30,16.7,199.0,36.2,976.6,96.00603316300078,100
2023-09-22 17:00:00+05:30,18.3,212.0,35.9,976.9,98.74342103847023,100
2023-09-22 18:00:00+05:30,18.9,211.0,35.1,977.1,100.0,100
2023-09-22 19:00:00+05:30,17.3,223.0,34.0,977.7,97.37914010767575,100
2023-09-22 20:00:00+05:30,19.1,216.0,32.8,978.7,96.06956753143946,100
2023-09-22 21:00:00+05:30,20.5,211.0,31.9,979.3,100.0,100
2023-09-22 22:00:00+05:30,21.8,211.0,30.7,979.6,99.64349594883751,100
2023-09-22 23:00:00+05:30,21.3,202.0,30.0,979.3,100.0,100
2023-09-23 00:00:00+05:30,19.9,200.0,29.4,979.1,97.40537753865269,100
2023-09-23 01:00:00+05:30,18.3,202.0,28.8,978.7,100.0,100
2023-09-23 02:00:00+05:30,17.7,207.0,28.2,978.7,100.0,100
2023-09-23 03:00:00+05:30,17.6,211.0,27.6,978.3,100.0,100
2023-09-23 04:00:00+05:30,17.9,214.0,27.2,978.3,100.0,100
2023-09-23 05:00:00+05:30,13.5,224.0,27.6,978.8,99.01933222543188,100
2023-09-23 06:00:00+05:30,13.2,225.0,27.2,979.5,100.0,100
2023-09-23 07:00:00+05:30,14.0,226.0,27.5,980.1,100.0,100
2023-09-23 08:00:00+05:30,13.7,225.0,28.6,980.7,98.55792063367679,100
2023-09-23 09:00:00+05:30,13.0,219.0,30.2,981.3,96.93218557448816,100
2023-09-23 10:00:00+05:30,13.9,211.0,32.0,981.2,96.19914700997168,100
2023-09-23 11:00:00+05:30,14.8,203.0,33.7,980.8,98.42429076888637,100
2023-09-23 12:00:00+05:30,16.6,198.0,35.0,980.2,98.73005284569494,100
2023-09-23 13:00:00+05:30,17.3,197.0,36.0,979.3,99.90421667421947,100
2023-09-23 14:00:00+05:30,18.8,200.0,36.5,978.3,99.21790769333495,100
2023-09-23 15:00:00+05:30,17.2,200.0,36.4,977.5,99.38590101784732,100
2023-09-23 16:00:00+05:30,15.8,201.0,36.2,977.1,98.1300912408454,100
2023-09-23 17:00:00+05:30,12.8,190.0,36.1,977.7,100.0,100
2023-09-23 18:00:00+05:30,13.7,183.0,35.6,978.0,100.0,100
2023-09-23 19:00:00+05:30,13.0,182.0,34.8,978.5,100.0,100
2023-09-23 20:00:00+05:30,12.7,195.0,34.0,978.8,100.0,100
2023-09-23 21:00:00+05:30,14.0,209.0,33.0,979.3,100.0,100
2023-09-23 22:00:00+05:30,19.3,217.0,31.8,979.8,100.0,100
2023-09-23 23:00:00+05:30,18.2,205.0,30.9,979.5,100.0,100
2023-09-24 00:00:00+05:30,20.3,207.0,30.0,979.3,100.0,100
2023-09-24 01:00:00+05:30,19.0,213.0,29.1,979.0,95.63448493864512,100
2023-09-24 02:00:00+05:30,19.5,214.0,28.3,978.6,100.0,100
2023-09-24 03:00:00+05:30,17.1,215.0,27.7,978.6,99.94685207390309,100
2023-09-24 04:00:00+05:30,18.9,219.0,27.2,979.0,99.09285738174988,100
2023-09-24 05:00:00+05:30,14.6,213.0,27.7,979.4,99.91936741262045,100
2023-09-24 06:00:00+05:30,12.6,207.0,27.5,979.9,97.161857548146,100
2023-09-24 07:00:00+05:30,16.8,211.0,27.9,979.9,98.62996528040227,100
2023-09-24 08:00:00+05:30,16.9,207.0,28.9,980.4,97.97366664909593,100
2023-09-24 09:00:00+05:30,15.1,208.0,31.0,980.8,100.0,100
2023-09-24 10:00:00+05:30,13.3,213.0,32.9,980.6,100.0,100
2023-09-24 11:00:00+05:30,13.0,214.0,34.5,980.3,97.55676333901027,100
2023-09-24 12:00:00+05:30,12.5,213.0,35.7,979.6,100.0,100
2023-09-24 13:00:00+05:30,11.8,211.0,36.7,978.4,93.24027581459994,100
2023-09-24 14:00:00+05:30,11.9,215.0,37.4,977.4,93.73050087105284,100
2023-09-24 15:00:00+05:30,12.2,223.0,37.9,976.6,100.0,100
2023-09-24 16:00:00+05:30,13.6,233.0,38.0,975.9,100.0,100
2023-09-24 17:00:00+05:30,18.8,250.0,37.3,976.3,98.66004978008338,100
2023-09-24 18:00:00+05:30,19.2,242.0,36.2,976.7,100.0,100
2023-09-24 19:00:00+05:30,17.2,233.0,35.1,977.1,98.34343017600688,100
2023-09-24 20:00:00+05:30,18.3,225.0,34.2,977.6,100.0,100
2023-09-24 21:00:00+05:30,22.9,222.0,32.7,978.2,100.0,100
2023-09-24 22:00:00+05:30,23.3,218.0,31.7,978.3,98.97211425599917,100
2023-09-24 23:00:00+05:30,25.4,219.0,30.9,978.2,0.6221367578001815,100
2023-09-25 00:00:00+05:30,25.1,218.0,30.1,977.9,0.6443253840327907,100
2023-09-25 01:00:00+05:30,26.6,216.0,29.3,977.5,0.0,100
2023-09-25 02:00:00+05:30,24.7,217.0,28.5,977.3,100.0,100
2023-09-25 03:00:00+05:30,23.4,217.0,27.6,977.6,100.0,100
2023-09-25 04:00:00+05:30,22.7,216.0,26.9,977.6,93.7390756883895,100
2023-09-25 05:00:00+05:30,20.3,210.0,26.8,977.8,99.35646138873672,100
2023-09-25 06:00:00+05:30,18.3,212.0,26.5,978.6,100.0,100
2023-09-25 07:00:00+05:30,17.8,216.0,26.3,979.3,99.56831460881956,100
2023-09-25 08:00:00+05:30,16.9,214.0,27.4,979.9,100.0,100
2023-09-25 09:00:00+05:30,15.1,213.0,29.5,980.2,100.0,100
2023-09-25 10:00:00+05:30,14.5,207.0,31.9,980.3,96.73594125258468,100
2023-09-25 11:00:00+05:30,14.6,200.0,33.7,979.9,98.0093923174806,100
2023-09-25 12:00:00+05:30,14.0,203.0,35.1,979.4,100.0,100
2023-09-25 13:00:00+05:30,11.3,202.0,36.2,978.5,75.65167993820151,100
2023-09-25 14:00:00+05:30,10.4,200.0,36.9,977.8,55.412137664246224,100
2023-09-25 15:00:00+05:30,9.7,207.0,37.3,977.0,42.045668418960304,100
2023-09-25 16:00:00+05:30,9.3,208.0,37.3,976.6,34.136030038758996,100
2023-09-25 17:00:00+05:30,6.7,196.0,37.0,977.3,6.520582689886226,100
2023-09-25 18:00:00+05:30,7.3,171.0,36.1,977.7,9.867095208772032,100
2023-09-25 19:00:00+05:30,11.6,173.0,34.9,978.1,87.00107008501033,100
2023-09-25 20:00:00+05:30,12.4,188.0,34.2,978.7,99.79213223997729,100
2023-09-25 21:00:00+05:30,15.3,225.0,33.2,979.6,100.0,100
2023-09-25 22:00:00+05:30,19.6,234.0,31.5,980.0,98.52160153227578,100
2023-09-25 23:00:00+05:30,15.8,227.0,30.7,979.9,95.0807443426854,100
2023-09-26 00:00:00+05:30,15.3,214.0,30.0,979.6,100.0,100
2023-09-26 01:00:00+05:30,16.1,219.0,29.1,979.2,97.41576711514638,100
2023-09-26 02:00:00+05:30,15.3,223.0,28.4,979.0,100.0,100
2023-09-26 03:00:00+05:30,8.8,261.0,27.8,979.4,26.728782929405266,100
2023-09-26 04:00:00+05:30,7.8,257.0,27.2,979.7,13.643389929553734,100
2023-09-26 05:00:00+05:30,7.7,242.0,27.2,979.8,14.958498881933135,100
2023-09-26 06:00:00+05:30,9.8,242.0,27.0,980.2,44.54531325869781,100
2023-09-26 07:00:00+05:30,9.7,243.0,27.4,981.1,42.172986585011294,100
2023-09-26 08:00:00+05:30,9.6,250.0,29.1,982.0,41.787292087232885,100
2023-09-26 09:00:00+05:30,10.4,268.0,31.2,982.3,56.48596228035137,100
2023-09-26 10:00:00+05:30,10.1,297.0,33.0,982.5,50.64895587120899,100
2023-09-26 11:00:00+05:30,8.7,318.0,34.3,982.1,24.825583367754675,100
2023-09-26 12:00:00+05:30,5.8,338.0,35.6,981.5,2.72204192335318,100
2023-09-26 13:00:00+05:30,5.4,360.0,36.5,980.6,2.558721517691736,100
2023-09-26 14:00:00+05:30,5.1,352.0,37.0,979.5,2.9709553218940714,100
2023-09-26 15:00:00+05:30,5.2,335.0,37.5,978.9,2.852952938684819,100
2023-09-26 16:00:00+05:30,7.7,319.0,37.7,978.6,13.019279258826991,100
2023-09-26 17:00:00+05:30,9.5,245.0,37.2,978.8,38.220745489664644,100
2023-09-26 18:00:00+05:30,6.4,243.0,36.9,979.0,6.282476753672526,100
2023-09-26 19:00:00+05:30,14.6,16.0,35.0,979.9,100.0,100
2023-09-26 20:00:00+05:30,19.6,14.0,34.2,980.8,100.0,100
2023-09-26 21:00:00+05:30,12.5,18.0,33.4,981.2,100.0,100
2023-09-26 22:00:00+05:30,11.8,40.0,32.7,981.2,94.73857341834965,100
2023-09-26 23:00:00+05:30,13.1,37.0,32.1,981.0,97.57328754548026,100
2023-09-27 00:00:00+05:30,9.2,45.0,31.2,980.8,33.211792623199386,100
2023-09-27 01:00:00+05:30,9.2,26.0,30.4,980.6,32.281167176942695,100
2023-09-27 02:00:00+05:30,11.3,31.0,30.0,980.3,79.07879133305953,100
2023-09-27 03:00:00+05:30,8.4,47.0,29.2,980.2,21.112587177683874,100
2023-09-27 04:00:00+05:30,7.9,66.0,28.5,980.3,17.291868540597847,100
2023-09-27 05:00:00+05:30,3.6,174.0,28.5,980.9,0.6525987049502261,100
2023-09-27 06:00:00+05:30,4.0,175.0,28.0,981.4,0.0,100
2023-09-27 07:00:00+05:30,5.4,160.0,29.0,981.9,1.370977407508558,100
2023-09-27 08:00:00+05:30,3.6,143.0,31.2,982.4,0.0,100
2023-09-27 09:00:00+05:30,4.7,122.0,33.1,982.7,0.0,100
2023-09-27 10:00:00+05:30,4.4,81.0,34.7,982.5,0.26955072133969754,100
2023-09-27 11:00:00+05:30,7.1,24.0,36.0,982.0,10.430664626885848,100
2023-09-27 12:00:00+05:30,9.4,18.0,36.9,981.0,36.020423085642854,100
2023-09-27 13:00:00+05:30,9.0,16.0,37.6,980.1,28.598251833357413,100
2023-09-27 14:00:00+05:30,9.4,18.0,38.1,979.1,35.30428192470363,100
2023-09-27 15:00:00+05:30,11.4,13.0,38.4,978.5,79.56976893702617,100
2023-09-27 16:00:00+05:30,13.8,6.0,38.2,978.2,99.34988891975358,100
2023-09-27 17:00:00+05:30,12.0,351.0,37.2,978.7,97.64885406695642,100
2023-09-27 18:00:00+05:30,14.2,16.0,36.4,979.0,99.48344526016368,100
2023-09-27 19:00:00+05:30,17.6,55.0,35.3,979.5,100.0,100
2023-09-27 20:00:00+05:30,16.2,90.0,34.4,980.0,98.10499004494179,100
2023-09-27 21:00:00+05:30,15.2,104.0,33.6,980.5,99.28363816236684,100
2023-09-27 22:00:00+05:30,14.5,120.0,33.0,980.7,96.80547545525974,100
2023-09-27 23:00:00+05:30,11.0,161.0,31.9,980.3,70.77292394811296,100
2023-09-28 00:00:00+05:30,13.0,194.0,30.8,979.9,100.0,100
2023-09-28 01:00:00+05:30,14.3,198.0,30.3,979.4,97.81083242171546,100
2023-09-28 02:00:00+05:30,12.3,195.0,29.9,978.8,98.18029085272708,100
2023-09-28 03:00:00+05:30,12.5,192.0,29.4,978.6,98.85645020830533,100
2023-09-28 04:00:00+05:30,14.6,200.0,29.2,978.8,100.0,100
2023-09-28 05:00:00+05:30,6.5,199.0,27.6,979.7,7.3492790950961595,100
2023-09-28 06:00:00+05:30,6.0,197.0,27.4,980.2,3.7424232505687423,100
2023-09-28 07:00:00+05:30,5.3,208.0,28.3,980.6,1.9856689137569103,100
2023-09-28 08:00:00+05:30,4.7,189.0,30.5,981.3,0.4523287776085729,100
2023-09-28 09:00:00+05:30,6.6,189.0,32.9,982.0,5.133170095272334,100
2023-09-28 10:00:00+05:30,4.0,185.0,34.8,982.2,0.1324537083893807,100
2023-09-28 11:00:00+05:30,2.2,180.0,36.1,981.7,0.008542963169886357,100
2023-09-28 12:00:00+05:30,1.1,162.0,37.0,980.7,0.2653135499843913,100
2023-09-28 13:00:00+05:30,0.0,270.0,37.8,979.8,1.4652758775566757,100
2023-09-28 14:00:00+05:30,1.3,326.0,38.1,978.6,0.2953342353696956,100
2023-09-28 15:00:00+05:30,4.2,329.0,38.6,977.8,0.21178706470986147,100
2023-09-28 16:00:00+05:30,7.0,325.0,38.8,977.2,8.353981252609916,100
2023-09-28 17:00:00+05:30,11.6,330.0,38.2,977.4,85.76651551492196,100
2023-09-28 18:00:00+05:30,15.6,337.0,37.4,977.8,96.72893033233804,100
2023-09-28 19:00:00+05:30,13.9,339.0,36.3,978.4,100.0,100
2023-09-28 20:00:00+05:30,2.5,360.0,35.3,978.7,0.0,100
2023-09-28 21:00:00+05:30,9.0,164.0,34.2,979.3,29.37197890255388,100
2023-09-28 22:00:00+05:30,14.8,184.0,33.3,979.6,98.14065119731346,100
2023-09-28 23:00:00+05:30,20.1,190.0,32.2,979.5,100.0,100
2023-09-29 00:00:00+05:30,19.1,184.0,30.9,978.9,100.0,100
2023-09-29 01:00:00+05:30,18.8,187.0,30.5,978.4,99.90469937767428,100
2023-09-29 02:00:00+05:30,16.5,190.0,29.7,978.0,97.52183372548731,100
2023-09-29 03:00:00+05:30,18.0,196.0,29.2,978.2,99.40847851959929,100
2023-09-29 04:00:00+05:30,20.4,212.0,28.9,978.4,100.0,100
2023-09-29 05:00:00+05:30,18.8,216.0,28.5,978.6,96.21581367020423,100
2023-09-29 06:00:00+05:30,14.8,221.0,28.0,979.1,100.0,100
2023-09-29 07:00:00+05:30,13.6,220.0,28.4,979.8,100.0,100
2023-09-29 08:00:00+05:30,10.5,221.0,30.9,980.4,57.56899287171996,100
2023-09-29 09:00:00+05:30,13.2,235.0,34.0,981.2,100.0,100
2023-09-29 10:00:00+05:30,11.3,243.0,36.2,981.5,77.66663199057629,100
2023-09-29 11:00:00+05:30,10.4,268.0,38.0,980.8,56.728498008770856,100
2023-09-29 12:00:00+05:30,10.3,282.0,38.9,980.0,53.753393592653204,100
2023-09-29 13:00:00+05:30,11.4,294.0,39.4,979.0,80.39175234711456,100
2023-09-29 14:00:00+05:30,12.7,305.0,39.7,977.9,98.3881964434573,100
2023-09-29 15:00:00+05:30,11.7,315.0,39.7,977.2,90.39385947049819,100
2023-09-29 16:00:00+05:30,9.7,318.0,39.4,976.8,39.97665047702838,100
2023-09-29 17:00:00+05:30,12.8,328.0,38.7,977.5,98.21265766873803,100
2023-09-29 18:00:00+05:30,12.3,328.0,37.0,977.8,99.64236396715064,100
2023-09-29 19:00:00+05:30,11.6,355.0,35.3,978.2,87.07613078857658,100
2023-09-29 20:00:00+05:30,10.0,26.0,34.0,978.7,47.42057368135284,100
2023-09-29 21:00:00+05:30,5.7,18.0,34.3,979.4,2.335724830332382,100
2023-09-29 22:00:00+05:30,6.0,327.0,31.8,979.9,3.9721755340552614,100
2023-09-29 23:00:00+05:30,1.6,27.0,32.2,979.8,0.21173722157730102,100
2023-09-30 00:00:00+05:30,15.0,114.0,29.9,979.7,100.0,100
2023-09-30 01:00:00+05:30,19.7,159.0,29.0,979.2,99.36046759297525,100
2023-09-30 02:00:00+05:30,17.5,171.0,28.0,978.7,97.79738147711394,100
2023-09-30 03:00:00+05:30,17.9,170.0,27.5,978.4,100.0,100
2023-09-30 04:00:00+05:30,17.7,184.0,27.0,978.6,100.0,100
2023-09-30 05:00:00+05:30,1.1,342.0,27.2,979.6,1.4598530489596901,100
2023-09-30 06:00:00+05:30,12.6,24.0,25.9,980.3,99.9000736840083,100
2023-09-30 07:00:00+05:30,12.6,27.0,26.5,980.8,100.0,100
2023-09-30 08:00:00+05:30,13.2,45.0,28.2,981.4,100.0,100
2023-09-30 09:00:00+05:30,19.7,55.0,30.6,981.9,100.0,100
2023-09-30 10:00:00+05:30,21.8,59.0,33.5,982.1,98.82712246790514,100
2023-09-30 11:00:00+05:30,20.3,63.0,35.7,981.9,98.44849331687028,100
2023-09-30 12:00:00+05:30,16.2,77.0,37.4,981.0,100.0,100
2023-09-30 13:00:00+05:30,10.6,114.0,38.5,979.9,61.381340575057244,100
2023-09-30 14:00:00+05:30,7.1,156.0,39.1,978.9,9.88783608947356,100
2023-09-30 15:00:00+05:30,2.7,157.0,39.3,978.0,0.0,100
2023-09-30 16:00:00+05:30,1.5,346.0,39.2,977.3,0.2208248642134248,100
2023-09-30 17:00:00+05:30,17.7,347.0,37.9,978.0,100.0,100
2023-09-30 18:00:00+05:30,16.6,356.0,37.0,977.9,100.0,100
2023-09-30 19:00:00+05:30,18.5,7.0,35.9,978.2,95.90009498431495,100
2023-09-30 20:00:00+05:30,18.3,350.0,33.8,979.0,97.13297278791796,100
2023-09-30 21:00:00+05:30,16.1,344.0,32.7,979.7,100.0,100
2023-09-30 22:00:00+05:30,19.5,12.0,31.6,980.2,100.0,100
2023-09-30 23:00:00+05:30,17.2,29.0,30.7,980.4,98.51858727542619,100
2023-10-01 00:00:00+05:30,18.4,23.0,29.8,979.8,95.88802436470226,100
2023-10-01 01:00:00+05:30,18.7,30.0,28.8,979.5,96.46116471215495,100
2023-10-01 02:00:00+05:30,17.8,32.0,28.1,978.7,99.91620427920328,100
2023-10-01 03:00:00+05:30,15.9,38.0,27.5,978.4,99.18500544076106,100
2023-10-01 04:00:00+05:30,14.4,32.0,26.7,978.4,100.0,100
2023-10-01 05:00:00+05:30,11.5,39.0,26.7,979.0,80.36787503303383,100
2023-10-01 06:00:00+05:30,11.6,36.0,26.6,979.4,85.916111438012,100
2023-10-01 07:00:00+05:30,12.3,38.0,27.1,979.9,98.03331449368541,100
2023-10-01 08:00:00+05:30,15.2,36.0,29.0,980.4,97.5947821514715,100
2023-10-01 09:00:00+05:30,19.4,42.0,31.2,980.7,100.0,100
2023-10-01 10:00:00+05:30,18.8,54.0,33.4,980.9,100.0,100
2023-10-01 11:00:00+05:30,17.3,69.0,35.3,980.7,96.99318920281243,100
2023-10-01 12:00:00+05:30,13.5,74.0,36.5,980.0,100.0,100
2023-10-01 13:00:00+05:30,7.2,84.0,37.4,979.0,10.784708320678114,100
2023-10-01 14:00:00+05:30,3.3,103.0,37.5,977.9,0.0,100
2023-10-01 15:00:00+05:30,0.7,90.0,37.5,977.0,1.7370233856044779,100
2023-10-01 16:00:00+05:30,5.4,318.0,37.3,976.5,1.8792410331230638,100
2023-10-01 17:00:00+05:30,7.4,227.0,36.9,977.4,11.104843790546623,100
2023-10-01 18:00:00+05:30,6.8,252.0,36.0,977.4,8.299408416888818,100
2023-10-01 19:00:00+05:30,10.0,308.0,34.9,977.7,48.27097695440061,100
2023-10-01 20:00:00+05:30,13.5,335.0,34.3,978.4,100.0,100
2023-10-01 21:00:00+05:30,10.7,348.0,32.7,979.0,59.87413842694923,100
2023-10-01 22:00:00+05:30,8.6,338.0,31.2,979.5,23.566238488574484,100
2023-10-01 23:00:00+05:30,3.2,243.0,30.9,979.7,0.0,100
2023-10-02 00:00:00+05:30,2.2,360.0,31.0,979.8,0.11137291596882995,100
2023-10-02 01:00:00+05:30,9.1,353.0,28.8,979.3,30.70245535621277,100
2023-10-02 02:00:00+05:30,12.6,24.0,28.6,979.0,98.98113515701898,100
2023-10-02 03:00:00+05:30,10.1,27.0,27.4,978.7,47.95730250605236,100
2023-10-02 04:00:00+05:30,9.0,23.0,26.5,978.5,30.835948906878226,100
2023-10-02 05:00:00+05:30,5.1,82.0,27.7,978.9,2.289126837008231,100
2023-10-02 06:00:00+05:30,4.2,121.0,28.1,979.7,0.2733115912146125,100
2023-10-02 07:00:00+05:30,2.9,187.0,28.3,980.1,0.0,100
2023-10-02 08:00:00+05:30,2.2,360.0,30.5,980.8,0.5896475364449247,100
2023-10-02 09:00:00+05:30,6.8,3.0,34.0,981.4,8.260394502555375,100
2023-10-02 10:00:00+05:30,9.7,329.0,35.4,981.6,41.056085933799736,100
2023-10-02 11:00:00+05:30,10.0,300.0,36.5,981.3,46.95610602152328,100
2023-10-02 12:00:00+05:30,10.5,286.0,37.1,980.7,56.82457087795716,100
2023-10-02 13:00:00+05:30,13.4,294.0,37.6,980.0,98.53707182440559,100
2023-10-02 14:00:00+05:30,14.0,305.0,37.7,979.2,99.39811632615198,100
2023-10-02 15:00:00+05:30,12.5,319.0,37.7,978.8,100.0,100
2023-10-02 16:00:00+05:30,11.0,341.0,37.7,978.5,69.34821477618236,100
2023-10-02 17:00:00+05:30,10.5,311.0,37.4,979.1,56.70202017494438,100
2023-10-02 18:00:00+05:30,9.8,294.0,35.2,979.4,42.84445610202323,100
2023-10-02 19:00:00+05:30,14.1,264.0,33.7,979.7,100.0,100
2023-10-02 20:00:00+05:30,16.3,262.0,32.7,979.9,99.24816141712147,100
2023-10-02 21:00:00+05:30,14.0,271.0,31.6,980.4,100.0,100
2023-10-02 22:00:00+05:30,10.6,280.0,29.7,980.6,54.42694499940926,100
2023-10-02 23:00:00+05:30,8.8,261.0,28.1,980.3,26.586503533631998,100
2023-10-03 00:00:00+05:30,10.8,244.0,27.4,980.4,64.03177797706509,100
2023-10-03 01:00:00+05:30,15.4,233.0,27.1,980.3,100.0,100
2023-10-03 02:00:00+05:30,17.6,239.0,27.1,980.2,99.564675246422,100
2023-10-03 03:00:00+05:30,16.9,250.0,26.8,980.3,100.0,100
2023-10-03 04:00:00+05:30,3.4,288.0,26.6,980.7,0.0,100
2023-10-03 05:00:00+05:30,2.1,211.0,26.4,981.1,0.75611711419363,100
2023-10-03 06:00:00+05:30,10.5,164.0,23.2,981.5,60.226096241532176,100
2023-10-03 07:00:00+05:30,12.2,178.0,24.1,982.2,100.0,100
2023-10-03 08:00:00+05:30,10.6,198.0,27.1,983.0,61.24025255292236,100
2023-10-03 09:00:00+05:30,10.9,207.0,30.6,983.7,70.65184934374503,100
2023-10-03 10:00:00+05:30,12.0,224.0,33.9,983.8,97.93306357828715,100
2023-10-03 11:00:00+05:30,12.4,234.0,36.3,983.3,100.0,100
2023-10-03 12:00:00+05:30,9.7,228.0,37.4,982.4,39.515419038279795,100
2023-10-03 13:00:00+05:30,9.2,231.0,37.9,981.2,32.68589453523111,100
2023-10-03 14:00:00+05:30,10.2,238.0,38.2,980.6,53.173808915978555,100
2023-10-03 15:00:00+05:30,11.5,250.0,38.3,979.9,84.93523266055138,100
2023-10-03 16:00:00+05:30,11.3,261.0,38.0,979.8,78.78246180016691,100
2023-10-03 17:00:00+05:30,12.5,282.0,37.3,980.1,100.0,100
2023-10-03 18:00:00+05:30,9.6,283.0,35.2,980.2,40.66047664131659,100
2023-10-03 19:00:00+05:30,10.9,264.0,33.8,980.7,65.89231183051011,100
2023-10-03 20:00:00+05:30,11.5,250.0,32.7,981.1,85.08772817179161,100
2023-10-03 21:00:00+05:30,11.2,237.0,31.4,981.4,78.56055272990821,100
2023-10-03 22:00:00+05:30,11.9,215.0,30.0,981.7,91.48382323093779,100
2023-10-03 23:00:00+05:30,17.4,214.0,29.7,981.7,97.07797587613793,100
2023-10-04 00:00:00+05:30,18.8,216.0,28.9,981.6,100.0,100
2023-10-04 01:00:00+05:30,18.6,227.0,28.6,981.2,96.2906038507486,100
2023-10-04 02:00:00+05:30,19.9,229.0,27.7,980.9,100.0,100
2023-10-04 03:00:00+05:30,21.1,237.0,26.7,981.0,100.0,100
2023-10-04 04:00:00+05:30,20.5,239.0,25.9,980.8,100.0,100
2023-10-04 05:00:00+05:30,18.2,231.0,25.2,981.4,99.09615319138702,100
2023-10-04 06:00:00+05:30,17.8,228.0,24.9,981.9,98.58605437742254,100
2023-10-04 07:00:00+05:30,17.6,223.0,25.4,982.4,100.0,100
2023-10-04 08:00:00+05:30,15.4,213.0,27.6,983.1,100.0,100
2023-10-04 09:00:00+05:30,18.6,212.0,30.7,983.6,99.77763894757817,100
2023-10-04 10:00:00+05:30,21.3,214.0,33.8,983.8,100.0,100
2023-10-04 11:00:00+05:30,22.5,219.0,35.7,983.5,96.56912298036004,100
2023-10-04 12:00:00+05:30,20.6,223.0,36.8,982.8,99.06044296471765,100
2023-10-04 13:00:00+05:30,17.8,223.0,37.5,981.9,99.32074403942823,100
2023-10-04 14:00:00+05:30,15.8,227.0,37.8,981.0,100.0,100
2023-10-04 15:00:00+05:30,14.3,229.0,37.9,980.6,98.18458131509493,100
2023-10-04 16:00:00+05:30,13.0,231.0,37.7,980.6,98.53594921233814,100
2023-10-04 17:00:00+05:30,14.5,224.0,37.1,980.9,95.92999328581331,100
2023-10-04 18:00:00+05:30,11.8,211.0,34.9,981.0,99.5379547921772,100
2023-10-04 19:00:00+05:30,13.2,202.0,33.3,981.6,100.0,100
2023-10-04 20:00:00+05:30,16.0,203.0,32.4,981.9,100.0,100
2023-10-04 21:00:00+05:30,17.4,202.0,31.5,982.3,100.0,100
2023-10-04 22:00:00+05:30,18.2,205.0,30.7,982.0,100.0,100
2023-10-04 23:00:00+05:30,18.5,209.0,29.9,981.9,100.0,100
2023-10-05 00:00:00+05:30,18.2,214.0,28.9,981.7,99.29204643846923,100
2023-10-05 01:00:00+05:30,19.5,218.0,28.1,981.5,95.67037006727574,100
2023-10-05 02:00:00+05:30,24.1,219.0,27.2,981.1,98.2033757781977,100
2023-10-05 03:00:00+05:30,24.2,222.0,26.2,980.8,100.0,100
2023-10-05 04:00:00+05:30,21.9,226.0,25.6,980.9,98.5887454904442,100
2023-10-05 05:00:00+05:30,20.2,221.0,25.0,981.5,100.0,100
2023-10-05 06:00:00+05:30,18.6,221.0,24.6,982.0,98.22230165889334,100
2023-10-05 07:00:00+05:30,17.1,219.0,25.1,982.5,100.0,100
2023-10-05 08:00:00+05:30,15.7,212.0,27.1,983.1,100.0,100
2023-10-05 09:00:00+05:30,20.8,214.0,29.6,983.6,100.0,100
2023-10-05 10:00:00+05:30,23.6,214.0,32.0,983.5,100.0,100
2023-10-05 11:00:00+05:30,24.1,215.0,34.0,983.0,100.0,100
2023-10-05 12:00:00+05:30,23.7,216.0,35.4,981.9,100.0,100
2023-10-05 13:00:00+05:30,22.8,219.0,36.5,981.0,97.67103082834629,100
2023-10-05 14:00:00+05:30,21.4,222.0,37.1,980.1,97.59974538933197,100
2023-10-05 15:00:00+05:30,20.9,222.0,37.3,979.5,99.20262300149896,100
2023-10-05 16:00:00+05:30,21.2,220.0,37.0,979.3,99.20368866852485,100
2023-10-05 17:00:00+05:30,20.6,223.0,36.6,979.8,100.0,100
2023-10-05 18:00:00+05:30,17.1,226.0,34.9,980.0,100.0,100
2023-10-05 19:00:00+05:30,17.1,228.0,33.6,980.5,99.02553245144155,100
2023-10-05 20:00:00+05:30,18.6,226.0,32.6,980.7,100.0,100
2023-10-05 21:00:00+05:30,20.4,221.0,31.7,980.8,95.21130246257425,100
2023-10-05 22:00:00+05:30,21.4,221.0,30.6,980.7,100.0,100
2023-10-05 23:00:00+05:30,21.0,219.0,29.6,980.6,100.0,100
2023-10-06 00:00:00+05:30,23.6,218.0,28.7,980.5,95.60904891704226,100
2023-10-06 01:00:00+05:30,23.5,221.0,27.8,980.2,98.52700846852588,100
2023-10-06 02:00:00+05:30,22.9,226.0,26.9,979.8,100.0,100
2023-10-06 03:00:00+05:30,21.4,226.0,26.1,979.7,100.0,100
2023-10-06 04:00:00+05:30,20.9,224.0,25.2,979.5,100.0,100
2023-10-06 05:00:00+05:30,21.3,219.0,24.4,980.1,100.0,100
2023-10-06 06:00:00+05:30,20.9,216.0,23.6,980.5,98.83233158328251,100
2023-10-06 07:00:00+05:30,20.6,213.0,23.5,980.9,100.0,100
2023-10-06 08:00:00+05:30,24.0,210.0,24.9,981.4,97.89430244091213,100
2023-10-06 09:00:00+05:30,26.0,211.0,26.8,981.8,0.0,100
2023-10-06 10:00:00+05:30,26.9,212.0,29.1,981.9,0.5505478040532401,100
2023-10-06 11:00:00+05:30,27.6,211.0,31.4,981.3,0.06515062214096372,100
2023-10-06 12:00:00+05:30,28.3,211.0,33.4,980.3,1.9752904854704705,100
2023-10-06 13:00:00+05:30,28.4,216.0,34.7,979.2,0.3259754182422136,100
2023-10-06 14:00:00+05:30,27.8,220.0,35.7,978.5,0.0,100
2023-10-06 15:00:00+05:30,26.5,223.0,36.1,977.9,0.0,100
2023-10-06 16:00:00+05:30,25.5,225.0,35.9,977.9,0.0,100
2023-10-06 17:00:00+05:30,25.5,223.0,35.1,978.7,0.8662942539868722,100
2023-10-06 18:00:00+05:30,21.8,219.0,33.6,978.9,100.0,100
2023-10-06 19:00:00+05:30,22.5,215.0,32.5,979.1,98.80756333178401,100
2023-10-06 20:00:00+05:30,23.3,215.0,31.6,979.5,99.17191146172974,100
2023-10-06 21:00:00+05:30,23.3,215.0,30.6,979.9,96.56439230100024,100
2023-10-06 22:00:00+05:30,23.2,213.0,29.9,979.7,100.0,100
2023-10-06 23:00:00+05:30,24.0,213.0,29.2,979.3,98.09988001908913,100
2023-10-07 00:00:00+05:30,24.9,217.0,28.5,979.3,99.34817762191939,100
2023-10-07 01:00:00+05:30,24.5,223.0,27.4,979.1,100.0,100
2023-10-07 02:00:00+05:30,24.2,226.0,26.5,979.2,100.0,100
2023-10-07 03:00:00+05:30,24.5,223.0,25.7,979.0,100.0,100
2023-10-07 04:00:00+05:30,24.0,223.0,25.0,979.2,100.0,100
2023-10-07 05:00:00+05:30,23.6,214.0,24.7,979.6,100.0,100
2023-10-07 06:00:00+05:30,23.2,206.0,24.0,980.2,93.05326882455488,100
2023-10-07 07:00:00+05:30,22.9,199.0,24.0,980.8,100.0,100
2023-10-07 08:00:00+05:30,26.8,200.0,25.3,981.5,0.0,100
2023-10-07 09:00:00+05:30,29.2,204.0,27.4,982.0,1.362523331216385,100
2023-10-07 10:00:00+05:30,30.4,206.0,29.5,982.0,0.0,100
2023-10-07 11:00:00+05:30,30.5,209.0,31.5,981.8,0.0,100
2023-10-07 12:00:00+05:30,29.9,214.0,33.4,981.0,0.0,100
2023-10-07 13:00:00+05:30,28.9,219.0,34.9,980.3,1.134671794172006,100
2023-10-07 14:00:00+05:30,28.1,221.0,35.8,979.7,0.0,100
2023-10-07 15:00:00+05:30,27.3,221.0,36.2,979.3,2.128988621371534,100
2023-10-07 16:00:00+05:30,27.3,222.0,35.8,979.3,0.20364156456495763,100
2023-10-07 17:00:00+05:30,23.9,224.0,34.7,980.2,99.49735850035113,100
2023-10-07 18:00:00+05:30,19.9,221.0,33.3,980.8,100.0,100
2023-10-07 19:00:00+05:30,18.9,220.0,32.3,981.4,97.38473996263153,100
2023-10-07 20:00:00+05:30,19.5,218.0,31.4,981.8,100.0,100
2023-10-07 21:00:00+05:30,20.6,213.0,30.6,982.0,100.0,100
2023-10-07 22:00:00+05:30,21.1,213.0,29.8,982.0,100.0,100
2023-10-07 23:00:00+05:30,20.9,212.0,29.1,981.6,96.68664859588766,100
2023-10-08 00:00:00+05:30,21.9,224.0,28.6,981.5,98.80725515139615,100
2023-10-08 01:00:00+05:30,23.7,229.0,28.0,981.1,100.0,100
2023-10-08 02:00:00+05:30,23.4,233.0,27.1,980.9,99.8079122145231,100
2023-10-08 03:00:00+05:30,24.3,230.0,26.2,980.7,100.0,100
2023-10-08 04:00:00+05:30,25.8,221.0,25.6,980.7,1.1622279032110459,100
2023-10-08 05:00:00+05:30,26.1,208.0,25.2,980.8,1.0530628291279336,100
2023-10-08 06:00:00+05:30,25.3,206.0,24.7,981.5,1.1833491914941392,100
2023-10-08 07:00:00+05:30,21.6,206.0,24.7,982.3,98.02054631554336,100
2023-10-08 08:00:00+05:30,24.6,212.0,25.9,982.9,100.0,100
2023-10-08 09:00:00+05:30,27.1,220.0,27.8,983.5,0.5396958982045048,100
2023-10-08 10:00:00+05:30,27.3,222.0,29.8,983.8,0.7941957322912775,100
2023-10-08 11:00:00+05:30,27.0,224.0,31.9,983.4,0.0,100
2023-10-08 12:00:00+05:30,27.2,227.0,33.8,982.6,0.20387749775791575,100
2023-10-08 13:00:00+05:30,27.0,228.0,35.3,981.6,0.3308226803437768,100
2023-10-08 14:00:00+05:30,26.6,232.0,36.2,980.7,1.2786988153400256,100
2023-10-08 15:00:00+05:30,25.4,235.0,36.5,980.4,1.731588308736726,100
2023-10-08 16:00:00+05:30,24.4,236.0,36.4,980.3,100.0,100
2023-10-08 17:00:00+05:30,20.1,237.0,35.2,981.0,100.0,100
2023-10-08 18:00:00+05:30,16.4,232.0,34.1,981.1,100.0,100
2023-10-08 19:00:00+05:30,15.3,219.0,33.2,981.8,100.0,100
2023-10-08 20:00:00+05:30,18.4,208.0,32.5,982.1,96.41030266045115,100
2023-10-08 21:00:00+05:30,20.6,207.0,31.7,982.5,100.0,100
2023-10-08 22:00:00+05:30,22.1,210.0,30.9,982.5,100.0,100
2023-10-08 23:00:00+05:30,24.0,213.0,30.3,982.3,96.56589744382035,100
2023-10-09 00:00:00+05:30,25.9,219.0,29.7,982.1,0.7428468811495007,100
2023-10-09 01:00:00+05:30,28.6,229.0,28.8,981.9,0.0,100
2023-10-09 02:00:00+05:30,29.1,230.0,27.9,981.5,0.0,100
2023-10-09 03:00:00+05:30,28.5,227.0,26.9,981.5,0.0,100
2023-10-09 04:00:00+05:30,29.3,222.0,26.0,981.6,0.29837872868282966,100
2023-10-09 05:00:00+05:30,25.8,213.0,25.4,981.9,0.0,100
2023-10-09 06:00:00+05:30,24.9,211.0,25.0,982.6,100.0,100
2023-10-09 07:00:00+05:30,27.2,215.0,24.8,983.3,0.0,100
2023-10-09 08:00:00+05:30,30.0,218.0,26.2,983.8,0.06643014612280267,100
2023-10-09 09:00:00+05:30,29.6,217.0,28.1,984.4,0.0,100
2023-10-09 10:00:00+05:30,30.5,219.0,30.1,984.4,0.7924272105958309,100
2023-10-09 11:00:00+05:30,30.7,220.0,31.9,983.9,1.3943588372332756,100
2023-10-09 12:00:00+05:30,30.8,223.0,33.6,983.0,0.7557416159370595,100
2023-10-09 13:00:00+05:30,30.3,225.0,35.0,981.9,0.0457866181615611,100
2023-10-09 14:00:00+05:30,29.4,230.0,36.1,980.8,0.33210848769717094,100
2023-10-09 15:00:00+05:30,29.0,235.0,36.7,980.2,0.18762212327977926,100
2023-10-09 16:00:00+05:30,27.6,237.0,36.9,979.8,0.0,100
2023-10-09 17:00:00+05:30,21.4,245.0,35.9,980.5,100.0,100
2023-10-09 18:00:00+05:30,15.6,251.0,35.0,980.6,100.0,100
2023-10-09 19:00:00+05:30,12.6,267.0,33.7,980.9,100.0,100
2023-10-09 20:00:00+05:30,13.4,276.0,32.9,981.0,97.3991609687256,100
2023-10-09 21:00:00+05:30,10.2,228.0,31.4,981.4,49.67803157639911,100
2023-10-09 22:00:00+05:30,22.3,211.0,30.4,981.8,100.0,100
2023-10-09 23:00:00+05:30,25.6,219.0,30.1,981.8,0.006331241210370415,100
2023-10-10 00:00:00+05:30,27.8,220.0,29.0,981.6,0.7716399605581461,100
2023-10-10 01:00:00+05:30,28.5,224.0,27.8,981.2,0.0,100
2023-10-10 02:00:00+05:30,28.6,222.0,26.7,981.1,1.3133926941998246,100
2023-10-10 03:00:00+05:30,27.4,219.0,25.9,981.0,0.37119710650213533,100
2023-10-10 04:00:00+05:30,26.8,216.0,25.1,981.0,0.0,100
2023-10-10 05:00:00+05:30,26.4,209.0,24.7,981.6,1.1089475451868025,100
2023-10-10 06:00:00+05:30,25.5,209.0,24.2,982.5,0.0,100
2023-10-10 07:00:00+05:30,26.6,207.0,24.3,982.7,1.2047213107398913,100
2023-10-10 08:00:00+05:30,27.9,205.0,25.5,983.7,0.0,100
2023-10-10 09:00:00+05:30,26.6,210.0,27.7,984.7,0.0,100
2023-10-10 10:00:00+05:30,25.7,214.0,29.8,984.9,0.0,100
2023-10-10 11:00:00+05:30,23.0,220.0,31.8,984.6,100.0,100
2023-10-10 12:00:00+05:30,20.1,227.0,33.5,983.9,100.0,100
2023-10-10 13:00:00+05:30,15.0,243.0,34.6,983.1,99.00703747587923,100
2023-10-10 14:00:00+05:30,11.8,247.0,35.4,982.3,95.7717601775009,100
2023-10-10 15:00:00+05:30,10.0,240.0,35.8,981.8,47.6130002487034,100
2023-10-10 16:00:00+05:30,8.3,236.0,35.9,981.7,20.179661245532767,100
2023-10-10 17:00:00+05:30,5.0,210.0,36.0,982.3,0.38392491583402666,100
2023-10-10 18:00:00+05:30,2.9,187.0,34.2,982.6,0.0,100
2023-10-10 19:00:00+05:30,3.6,174.0,33.0,983.1,0.6607808530327708,100
2023-10-10 20:00:00+05:30,6.5,186.0,31.8,983.4,4.527121318390882,100
2023-10-10 21:00:00+05:30,7.4,203.0,30.8,983.8,13.62951585502328,100
2023-10-10 22:00:00+05:30,5.1,262.0,29.9,984.0,0.6698831832546704,100
2023-10-10 23:00:00+05:30,7.2,6.0,29.0,984.1,12.793704902146288,100
2023-10-11 00:00:00+05:30,8.9,63.0,28.6,984.1,27.86517114174245,100
2023-10-11 01:00:00+05:30,6.0,73.0,27.7,983.7,3.352168821983774,100
2023-10-11 02:00:00+05:30,3.4,58.0,27.8,983.6,0.0,100
2023-10-11 03:00:00+05:30,1.8,101.0,27.7,983.5,0.0,100
2023-10-11 04:00:00+05:30,5.7,198.0,25.6,983.4,3.1352784806343625,100
2023-10-11 05:00:00+05:30,5.4,184.0,25.3,983.6,2.303542192586458,100
2023-10-11 06:00:00+05:30,6.2,216.0,25.0,984.5,5.522180384309742,100
2023-10-11 07:00:00+05:30,6.1,225.0,25.6,985.2,5.038415063888148,100
2023-10-11 08:00:00+05:30,7.0,235.0,27.5,985.7,8.225242690070587,100
2023-10-11 09:00:00+05:30,9.0,241.0,29.5,986.5,30.577572510320184,100
2023-10-11 10:00:00+05:30,9.3,242.0,31.5,986.6,34.9076232391161,100
2023-10-11 11:00:00+05:30,10.2,238.0,33.6,986.0,50.50829814383069,100
2023-10-11 12:00:00+05:30,11.8,232.0,35.1,985.1,95.94382616519388,100
2023-10-11 13:00:00+05:30,13.3,229.0,35.9,983.9,95.01935869003711,100
2023-10-11 14:00:00+05:30,13.3,232.0,36.3,983.2,97.69765954039342,100
2023-10-11 15:00:00+05:30,12.5,237.0,36.5,982.5,100.0,100
2023-10-11 16:00:00+05:30,11.3,243.0,36.3,982.4,79.69453918235806,100
2023-10-11 17:00:00+05:30,10.1,264.0,35.6,982.8,49.63037399561846,100
2023-10-11 18:00:00+05:30,8.0,275.0,34.4,983.0,15.296392166426584,100
2023-10-11 19:00:00+05:30,7.2,270.0,33.2,983.5,10.319140484066445,100
2023-10-11 20:00:00+05:30,7.0,249.0,32.0,983.9,9.388730928387677,100
2023-10-11 21:00:00+05:30,8.7,225.0,31.2,984.2,23.94172500286925,100
2023-10-11 22:00:00+05:30,11.0,212.0,30.5,984.2,71.24555976076653,100
2023-10-11 23:00:00+05:30,13.0,208.0,29.7,983.9,100.0,100
2023-10-12 00:00:00+05:30,12.1,217.0,29.1,983.5,96.59041161140111,100
2023-10-12 01:00:00+05:30,11.2,220.0,28.5,983.2,75.25987832275104,100
2023-10-12 02:00:00+05:30,12.2,223.0,28.1,983.0,99.4957704149268,100
2023-10-12 03:00:00+05:30,15.8,201.0,27.0,983.1,97.85167345764505,100
2023-10-12 04:00:00+05:30,16.7,213.0,27.0,983.2,99.69118588508654,100
2023-10-12 05:00:00+05:30,18.4,222.0,26.2,983.9,100.0,100
2023-10-12 06:00:00+05:30,16.6,231.0,25.8,984.7,100.0,100
2023-10-12 07:00:00+05:30,15.1,232.0,26.1,985.1,96.34008448621317,100
2023-10-12 08:00:00+05:30,14.5,224.0,28.0,985.8,98.58628948560563,100
2023-10-12 09:00:00+05:30,17.1,231.0,30.6,986.7,98.38028535099652,100
2023-10-12 10:00:00+05:30,19.9,235.0,32.7,986.8,100.0,100
2023-10-12 11:00:00+05:30,19.1,229.0,34.1,986.5,99.51703402459982,100
2023-10-12 12:00:00+05:30,18.6,216.0,35.2,985.7,100.0,100
2023-10-12 13:00:00+05:30,18.4,211.0,35.9,984.7,95.0421713465342,100
2023-10-12 14:00:00+05:30,17.9,208.0,36.4,984.0,100.0,100
2023-10-12 15:00:00+05:30,16.7,205.0,36.6,983.6,100.0,100
2023-10-12 16:00:00+05:30,16.6,204.0,36.5,983.5,99.08156419459614,100
2023-10-12 17:00:00+05:30,14.6,190.0,35.8,984.0,99.63662742756804,100
2023-10-12 18:00:00+05:30,13.4,186.0,34.6,984.2,100.0,100
2023-10-12 19:00:00+05:30,13.3,193.0,33.4,984.7,100.0,100
2023-10-12 20:00:00+05:30,14.2,207.0,32.6,985.1,99.9065936072252,100
2023-10-12 21:00:00+05:30,14.0,215.0,31.7,985.4,100.0,100
2023-10-12 22:00:00+05:30,13.8,219.0,30.7,985.3,100.0,100
2023-10-12 23:00:00+05:30,14.6,220.0,29.7,985.3,99.34500988355569,100
2023-10-13 00:00:00+05:30,14.6,213.0,28.7,985.0,100.0,100
2023-10-13 01:00:00+05:30,15.5,205.0,28.0,984.8,100.0,100
2023-10-13 02:00:00+05:30,18.4,211.0,27.5,984.7,98.41650054564492,100
2023-10-13 03:00:00+05:30,19.6,226.0,27.0,984.8,99.75844279794973,100
2023-10-13 04:00:00+05:30,20.3,233.0,26.3,984.9,100.0,100
2023-10-13 05:00:00+05:30,17.8,228.0,26.0,985.4,99.75512149758048,100
2023-10-13 06:00:00+05:30,15.9,232.0,25.1,986.1,99.06222362321685,100
2023-10-13 07:00:00+05:30,13.2,227.0,25.2,986.6,97.3784163254912,100
2023-10-13 08:00:00+05:30,10.9,224.0,27.3,987.3,68.05277856011213,100
2023-10-13 09:00:00+05:30,14.3,227.0,29.8,988.0,100.0,100
2023-10-13 10:00:00+05:30,17.7,218.0,32.4,988.1,100.0,100
2023-10-13 11:00:00+05:30,20.2,215.0,33.7,987.7,100.0,100
2023-10-13 12:00:00+05:30,20.9,221.0,34.8,986.6,100.0,100
2023-10-13 13:00:00+05:30,21.1,224.0,35.4,985.3,99.89568643946053,100
2023-10-13 14:00:00+05:30,20.6,224.0,35.9,984.4,100.0,100
2023-10-13 15:00:00+05:30,19.6,221.0,36.0,983.8,98.6663763924715,100
2023-10-13 16:00:00+05:30,18.7,220.0,35.7,983.6,100.0,100
2023-10-13 17:00:00+05:30,18.4,220.0,35.1,983.7,99.68001862861442,100
2023-10-13 18:00:00+05:30,14.3,225.0,33.8,984.0,98.39842497710445,100
2023-10-13 19:00:00+05:30,12.0,226.0,32.6,984.5,100.0,100
2023-10-13 20:00:00+05:30,11.8,218.0,31.5,985.0,93.64087718857373,100
2023-10-13 21:00:00+05:30,13.0,219.0,30.6,985.3,100.0,100
2023-10-13 22:00:00+05:30,14.8,227.0,30.0,985.3,96.53883693354419,100
2023-10-13 23:00:00+05:30,14.7,216.0,29.3,985.0,97.83755744714874,100
2023-10-14 00:00:00+05:30,14.3,214.0,28.5,984.5,97.58138221796004,100
2023-10-14 01:00:00+05:30,16.6,214.0,28.0,984.2,99.10666145681998,100
2023-10-14 02:00:00+05:30,19.9,226.0,27.4,984.1,99.90087284728138,100
2023-10-14 03:00:00+05:30,17.7,241.0,26.5,984.2,100.0,100
2023-10-14 04:00:00+05:30,16.7,245.0,25.9,984.2,100.0,100
2023-10-14 05:00:00+05:30,17.6,224.0,25.2,984.4,100.0,100
2023-10-14 06:00:00+05:30,18.5,213.0,24.6,984.9,100.0,100
2023-10-14 07:00:00+05:30,19.5,203.0,25.1,985.3,100.0,100
2023-10-14 08:00:00+05:30,18.3,200.0,27.0,985.7,100.0,100
2023-10-14 09:00:00+05:30,24.7,209.0,29.4,986.6,100.0,100
2023-10-14 10:00:00+05:30,28.5,215.0,31.5,986.5,0.0,100
2023-10-14 11:00:00+05:30,32.5,219.0,33.3,986.0,0.0,100
2023-10-14 12:00:00+05:30,34.1,222.0,34.6,984.9,0.28403005515727714,100
2023-10-14 13:00:00+05:30,32.8,225.0,35.5,983.7,0.0,100
2023-10-14 14:00:00+05:30,30.3,228.0,36.1,982.9,0.0,100
2023-10-14 15:00:00+05:30,27.7,231.0,36.3,982.4,0.7764610593892137,100
2023-10-14 16:00:00+05:30,25.2,233.0,36.1,982.3,1.00685532748252,100
2023-10-14 17:00:00+05:30,21.6,233.0,34.8,982.9,97.45654012858046,100
2023-10-14 18:00:00+05:30,17.1,228.0,33.4,983.3,99.12801289339383,100
2023-10-14 19:00:00+05:30,15.6,220.0,32.3,983.7,96.91625866228262,100
2023-10-14 20:00:00+05:30,18.3,212.0,31.4,984.1,100.0,100
2023-10-14 21:00:00+05:30,20.7,211.0,30.8,984.3,99.61900089249842,100
2023-10-14 22:00:00+05:30,19.7,215.0,30.0,984.1,100.0,100
2023-10-14 23:00:00+05:30,19.8,213.0,29.1,983.7,98.80707550788075,100
2023-10-15 00:00:00+05:30,21.3,217.0,28.4,983.4,100.0,100
2023-10-15 01:00:00+05:30,21.9,225.0,27.5,982.9,98.29997661351116,100
2023-10-15 02:00:00+05:30,21.2,230.0,26.5,982.3,96.31567425265355,100
2023-10-15 03:00:00+05:30,19.9,229.0,25.5,982.2,99.96622357741411,100
2023-10-15 04:00:00+05:30,20.0,218.0,24.6,982.2,100.0,100
2023-10-15 05:00:00+05:30,20.3,213.0,24.4,983.0,100.0,100
2023-10-15 06:00:00+05:30,18.7,210.0,23.7,983.3,100.0,100
2023-10-15 07:00:00+05:30,19.8,209.0,23.5,983.9,100.0,100
2023-10-15 08:00:00+05:30,11.2,225.0,24.5,985.1,79.19733825973253,100
2023-10-15 09:00:00+05:30,9.7,231.0,25.9,985.4,39.279438441473026,100
2023-10-15 10:00:00+05:30,12.0,224.0,27.8,985.4,100.0,100
2023-10-15 11:00:00+05:30,14.8,221.0,29.8,984.7,100.0,100
2023-10-15 12:00:00+05:30,16.1,231.0,31.6,983.5,96.83680231448878,100
2023-10-15 13:00:00+05:30,16.7,233.0,33.2,982.4,100.0,100
2023-10-15 14:00:00+05:30,16.4,230.0,34.4,981.2,99.33851428051443,100
2023-10-15 15:00:00+05:30,16.8,228.0,34.9,980.5,100.0,100
2023-10-15 16:00:00+05:30,17.3,227.0,34.9,980.2,100.0,100
2023-10-15 17:00:00+05:30,12.9,240.0,35.0,980.5,100.0,100
2023-10-15 18:00:00+05:30,10.8,274.0,33.3,981.3,66.80128075188921,100
2023-10-15 19:00:00+05:30,9.7,274.0,32.3,981.4,41.6110481485637,100
2023-10-15 20:00:00+05:30,14.5,235.0,31.7,981.9,98.54150656505321,100
2023-10-15 21:00:00+05:30,15.5,226.0,31.0,982.5,98.14284242666292,100
2023-10-15 22:00:00+05:30,11.0,221.0,29.6,982.4,68.65407198426773,100
2023-10-15 23:00:00+05:30,10.9,236.0,28.4,982.3,69.53927619962482,100
2023-10-16 00:00:00+05:30,13.8,231.0,28.0,982.1,96.95007619668309,100
2023-10-16 01:00:00+05:30,14.8,252.0,27.7,982.0,100.0,100
2023-10-16 02:00:00+05:30,18.9,352.0,24.7,982.6,100.0,100
2023-10-16 03:00:00+05:30,11.8,157.0,24.0,981.0,97.77935510250946,100
2023-10-16 04:00:00+05:30,5.2,168.0,25.2,981.4,2.2608118960102064,100
2023-10-16 05:00:00+05:30,18.6,227.0,25.6,981.6,100.0,100
2023-10-16 06:00:00+05:30,20.1,227.0,25.1,982.0,99.84453297668105,100
2023-10-16 07:00:00+05:30,19.9,221.0,25.0,982.9,100.0,100
2023-10-16 08:00:00+05:30,24.1,215.0,26.2,983.7,100.0,100
2023-10-16 09:00:00+05:30,24.6,212.0,27.9,984.3,98.87046168027729,100
2023-10-16 10:00:00+05:30,25.3,213.0,29.5,984.4,0.0,100
2023-10-16 11:00:00+05:30,24.7,214.0,31.0,983.9,100.0,100
2023-10-16 12:00:00+05:30,21.6,224.0,32.3,983.0,100.0,100
2023-10-16 13:00:00+05:30,18.5,246.0,32.3,982.2,99.654792302094,100
2023-10-16 14:00:00+05:30,18.6,202.0,30.9,981.1,98.31950944210998,100
2023-10-16 15:00:00+05:30,6.0,295.0,24.6,981.5,3.198007882107202,100
2023-10-16 16:00:00+05:30,26.7,176.0,25.3,980.8,0.0,100
2023-10-16 17:00:00+05:30,12.4,206.0,29.4,981.9,96.87270859883115,100
2023-10-16 18:00:00+05:30,4.6,198.0,28.0,982.4,0.6150423801694271,100
2023-10-16 19:00:00+05:30,13.1,233.0,27.4,983.2,100.0,100
2023-10-16 20:00:00+05:30,10.5,254.0,26.0,983.1,58.180033926035634,100
2023-10-16 21:00:00+05:30,8.8,189.0,25.2,983.0,25.44846889945461,100
2023-10-16 22:00:00+05:30,13.7,185.0,25.4,983.0,98.49644957679925,100
2023-10-16 23:00:00+05:30,16.7,194.0,25.6,982.8,99.52900897999413,100
2023-10-17 00:00:00+05:30,17.3,203.0,25.4,982.8,99.9804157566215,100
2023-10-17 01:00:00+05:30,17.2,217.0,25.0,982.6,100.0,100
2023-10-17 02:00:00+05:30,19.7,220.0,24.6,982.6,99.50686353696986,100
2023-10-17 03:00:00+05:30,20.1,224.0,24.1,983.0,100.0,100
2023-10-17 04:00:00+05:30,18.1,224.0,23.7,982.9,100.0,100
2023-10-17 05:00:00+05:30,13.9,163.0,22.4,984.2,100.0,100
2023-10-17 06:00:00+05:30,10.5,149.0,22.1,984.8,57.93194452850882,100
2023-10-17 07:00:00+05:30,4.3,24.0,22.3,986.3,1.3756930571256862,100
2023-10-17 08:00:00+05:30,7.6,98.0,23.3,986.9,14.862870954981105,100
2023-10-17 09:00:00+05:30,22.8,106.0,23.6,987.3,100.0,100
2023-10-17 10:00:00+05:30,24.3,119.0,24.1,987.3,100.0,100
2023-10-17 11:00:00+05:30,22.1,146.0,27.1,986.7,98.29110618987563,100
2023-10-17 12:00:00+05:30,20.2,182.0,29.1,986.0,99.81334350895987,100
2023-10-17 13:00:00+05:30,18.8,192.0,29.3,985.0,100.0,100
2023-10-17 14:00:00+05:30,13.4,200.0,28.4,984.7,100.0,100
2023-10-17 15:00:00+05:30,20.9,1.0,21.6,985.6,98.34309553905291,100
2023-10-17 16:00:00+05:30,8.4,80.0,22.9,985.0,20.912885601986982,100
2023-10-17 17:00:00+05:30,10.6,62.0,28.4,985.1,60.36410731388509,100
2023-10-17 18:00:00+05:30,13.3,49.0,27.5,985.5,100.0,100
2023-10-17 19:00:00+05:30,14.0,35.0,26.8,986.0,100.0,100
2023-10-17 20:00:00+05:30,24.5,43.0,25.5,986.8,100.0,100
2023-10-17 21:00:00+05:30,21.5,50.0,24.6,987.4,95.353019082375,100
2023-10-17 22:00:00+05:30,19.6,49.0,23.8,987.8,98.05320932784277,100
2023-10-17 23:00:00+05:30,17.6,47.0,23.0,987.9,100.0,100
2023-10-18 00:00:00+05:30,17.5,53.0,22.4,987.8,100.0,100
2023-10-18 01:00:00+05:30,16.8,55.0,21.9,987.7,97.30324818530873,100
2023-10-18 02:00:00+05:30,14.6,50.0,21.3,987.8,98.72475612269733,100
2023-10-18 03:00:00+05:30,13.5,42.0,20.7,987.9,100.0,100
2023-10-18 04:00:00+05:30,13.4,36.0,20.3,988.1,100.0,100
2023-10-18 05:00:00+05:30,12.7,29.0,20.5,988.7,96.3951039496859,100
2023-10-18 06:00:00+05:30,14.0,35.0,20.2,989.3,100.0,100
2023-10-18 07:00:00+05:30,13.3,41.0,20.2,989.6,100.0,100
2023-10-18 08:00:00+05:30,16.2,53.0,21.4,990.6,100.0,100
2023-10-18 09:00:00+05:30,16.7,53.0,23.1,991.1,100.0,100
2023-10-18 10:00:00+05:30,17.3,45.0,25.1,991.2,96.37661370556066,100
2023-10-18 11:00:00+05:30,17.5,37.0,26.8,991.1,100.0,100
2023-10-18 12:00:00+05:30,15.5,31.0,28.0,990.2,99.32191236322048,100
2023-10-18 13:00:00+05:30,12.9,23.0,28.8,989.1,99.1791060937259,100
2023-10-18 14:00:00+05:30,11.4,18.0,29.3,988.3,83.70368357473737,100
2023-10-18 15:00:00+05:30,10.2,18.0,29.5,987.6,49.37651294022847,100
2023-10-18 16:00:00+05:30,10.0,15.0,29.4,987.2,44.323286978073966,100
2023-10-18 17:00:00+05:30,8.3,2.0,28.8,987.8,17.509919558421334,100
2023-10-18 18:00:00+05:30,9.4,360.0,27.4,987.8,36.94299758206906,100
2023-10-18 19:00:00+05:30,11.9,355.0,26.4,988.1,98.7844560817715,100
2023-10-18 20:00:00+05:30,11.6,355.0,25.5,988.5,84.98640549298781,100
2023-10-18 21:00:00+05:30,9.0,5.0,24.7,988.6,29.00415116328315,100
2023-10-18 22:00:00+05:30,7.2,18.0,23.9,988.5,10.841235592161619,100
2023-10-18 23:00:00+05:30,6.2,36.0,23.2,988.1,5.40956132170934,100
2023-10-19 00:00:00+05:30,6.7,54.0,22.6,987.7,6.821420519833629,100
2023-10-19 01:00:00+05:30,6.5,71.0,22.2,987.4,5.378105783122668,100
2023-10-19 02:00:00+05:30,8.2,67.0,22.1,987.2,18.398610949415488,100
2023-10-19 03:00:00+05:30,8.4,65.0,21.4,987.1,21.624964825971812,100
2023-10-19 04:00:00+05:30,8.0,80.0,20.9,987.2,16.097240888325345,100
2023-10-19 05:00:00+05:30,10.1,107.0,21.0,987.4,48.2541179787291,100
2023-10-19 06:00:00+05:30,11.4,114.0,21.2,987.8,78.80633834025264,100
2023-10-19 07:00:00+05:30,11.2,123.0,21.7,988.3,73.00872206697653,100
2023-10-19 08:00:00+05:30,9.2,132.0,23.9,989.0,35.57650916252598,100
2023-10-19 09:00:00+05:30,10.2,132.0,26.8,989.6,52.294718054183086,100
2023-10-19 10:00:00+05:30,7.7,139.0,28.5,989.8,13.89804805262822,100
2023-10-19 11:00:00+05:30,3.8,163.0,29.5,989.5,0.8545076351066171,100
2023-10-19 12:00:00+05:30,2.4,207.0,30.3,988.7,0.12586458897035244,100
2023-10-19 13:00:00+05:30,2.9,240.0,31.0,987.5,0.0,100
2023-10-19 14:00:00+05:30,3.4,252.0,31.5,986.6,0.0,100
2023-10-19 15:00:00+05:30,3.7,259.0,31.8,985.9,1.0335166699116076,100
2023-10-19 16:00:00+05:30,4.0,265.0,31.8,985.6,0.0,100
2023-10-19 17:00:00+05:30,3.2,243.0,31.5,985.7,0.9060398143538603,100
2023-10-19 18:00:00+05:30,1.8,270.0,30.1,986.1,1.0543202729910648,100
2023-10-19 19:00:00+05:30,2.3,342.0,28.8,986.5,0.0,100
2023-10-19 20:00:00+05:30,4.7,351.0,27.6,987.0,0.0,100
2023-10-19 21:00:00+05:30,3.3,13.0,27.1,987.5,0.0,100
2023-10-19 22:00:00+05:30,7.1,139.0,25.9,987.3,10.750122770381836,100
2023-10-19 23:00:00+05:30,8.4,130.0,25.2,987.2,22.333811253920477,100
2023-10-20 00:00:00+05:30,7.0,102.0,24.3,986.9,9.07213660680812,100
2023-10-20 01:00:00+05:30,7.3,81.0,23.8,986.6,11.251838869028356,100
2023-10-20 02:00:00+05:30,7.2,108.0,23.5,986.2,8.25044633434851,100
2023-10-20 03:00:00+05:30,8.4,110.0,23.3,986.1,21.53525301182232,100
2023-10-20 04:00:00+05:30,10.3,102.0,22.9,986.4,54.8354176991559,100
2023-10-20 05:00:00+05:30,11.0,148.0,22.5,986.6,70.31125065720919,100
2023-10-20 06:00:00+05:30,11.9,155.0,22.2,987.4,95.58195751404507,100
2023-10-20 07:00:00+05:30,12.1,153.0,23.2,988.1,100.0,100
2023-10-20 08:00:00+05:30,10.5,158.0,26.0,988.7,59.61563872375522,100
2023-10-20 09:00:00+05:30,10.4,160.0,29.1,989.3,57.97431786630913,100
2023-10-20 10:00:00+05:30,10.9,163.0,31.1,989.3,66.26568881276299,100
2023-10-20 11:00:00+05:30,8.3,178.0,32.1,988.7,19.799252711637816,100
2023-10-20 12:00:00+05:30,6.3,193.0,32.7,987.9,4.989896072840503,100
2023-10-20 13:00:00+05:30,5.4,200.0,33.3,986.9,1.4007085771375758,100
2023-10-20 14:00:00+05:30,4.2,211.0,33.7,986.1,1.219462910807883,100
2023-10-20 15:00:00+05:30,3.6,217.0,33.8,985.6,1.4077986945574605,100
2023-10-20 16:00:00+05:30,3.1,249.0,33.7,985.4,0.0,100
2023-10-20 17:00:00+05:30,8.1,302.0,34.0,985.8,19.19368099483108,100
2023-10-20 18:00:00+05:30,10.0,296.0,31.3,986.3,45.975292630342814,100
2023-10-20 19:00:00+05:30,8.4,353.0,29.7,986.9,21.73863317897563,100
2023-10-20 20:00:00+05:30,7.1,45.0,28.5,987.2,9.496615667758165,100
2023-10-20 21:00:00+05:30,7.6,59.0,27.7,987.5,13.41639071158147,100
2023-10-20 22:00:00+05:30,10.0,75.0,27.0,987.6,45.60807464488656,100
2023-10-20 23:00:00+05:30,8.4,100.0,25.6,987.3,22.48125961927137,100
2023-10-21 00:00:00+05:30,8.2,105.0,25.2,986.6,20.303003875998645,100
2023-10-21 01:00:00+05:30,12.0,123.0,25.2,986.4,100.0,100
2023-10-21 02:00:00+05:30,13.3,142.0,24.6,985.9,99.43692615165075,100
2023-10-21 03:00:00+05:30,13.1,143.0,24.0,985.9,100.0,100
2023-10-21 04:00:00+05:30,13.8,133.0,23.7,986.0,100.0,100
2023-10-21 05:00:00+05:30,10.8,176.0,23.0,986.3,63.86753477256076,100
2023-10-21 06:00:00+05:30,11.7,191.0,23.2,987.1,88.9523548986908,100
2023-10-21 07:00:00+05:30,12.4,197.0,23.6,987.8,100.0,100
2023-10-21 08:00:00+05:30,11.3,187.0,26.0,988.7,78.88552816431934,100
2023-10-21 09:00:00+05:30,12.0,187.0,29.3,989.4,100.0,100
2023-10-21 10:00:00+05:30,11.4,208.0,31.7,989.3,80.91827547036642,100
2023-10-21 11:00:00+05:30,11.0,229.0,33.3,988.7,68.98369985128228,100
2023-10-21 12:00:00+05:30,9.5,245.0,34.3,988.0,37.51829777603574,100
2023-10-21 13:00:00+05:30,8.3,265.0,34.9,986.8,19.625405834399558,100
2023-10-21 14:00:00+05:30,9.5,281.0,35.1,985.9,39.577431056443636,100
2023-10-21 15:00:00+05:30,10.8,291.0,35.2,985.5,65.78973276852449,100
2023-10-21 16:00:00+05:30,14.3,315.0,35.1,985.9,98.46855009594101,100
2023-10-21 17:00:00+05:30,10.8,255.0,33.8,985.7,63.516199427985946,100
2023-10-21 18:00:00+05:30,8.3,252.0,31.0,986.2,20.128447832752183,100
2023-10-21 19:00:00+05:30,3.3,186.0,30.1,986.6,0.0,100
2023-10-21 20:00:00+05:30,10.9,17.0,28.5,987.4,65.54373217941483,100
2023-10-21 21:00:00+05:30,8.4,47.0,26.9,987.9,22.320099441776307,100
2023-10-21 22:00:00+05:30,9.5,61.0,26.2,987.7,36.94926622145982,100
2023-10-21 23:00:00+05:30,13.5,106.0,25.3,987.7,100.0,100
2023-10-22 00:00:00+05:30,13.4,84.0,25.2,987.3,100.0,100
2023-10-22 01:00:00+05:30,12.3,75.0,24.8,986.8,98.55018385736294,100
2023-10-22 02:00:00+05:30,9.9,100.0,23.6,986.7,46.30889382393549,100
2023-10-22 03:00:00+05:30,8.2,119.0,22.9,986.6,18.708826354774548,100
2023-10-22 04:00:00+05:30,10.2,135.0,23.2,986.5,51.42867487503919,100
2023-10-22 05:00:00+05:30,9.8,73.0,23.7,987.6,42.133896881898515,100
2023-10-22 06:00:00+05:30,10.0,105.0,23.2,988.2,44.82468508320076,100
2023-10-22 07:00:00+05:30,9.7,117.0,23.7,988.9,40.855463623587084,100
2023-10-22 08:00:00+05:30,10.1,94.0,25.4,989.4,50.144269284196376,100
2023-10-22 09:00:00+05:30,15.5,95.0,27.6,990.0,100.0,100
2023-10-22 10:00:00+05:30,18.4,102.0,30.2,989.8,100.0,100
2023-10-22 11:00:00+05:30,16.0,113.0,31.9,989.4,99.12202593731864,100
2023-10-22 12:00:00+05:30,11.2,132.0,33.0,988.5,75.4328667419954,100
2023-10-22 13:00:00+05:30,6.1,152.0,33.6,987.4,3.617330021046027,100
2023-10-22 14:00:00+05:30,1.3,236.0,33.9,986.5,0.39803463747432183,100
2023-10-22 15:00:00+05:30,8.6,268.0,34.0,986.5,22.825596740416106,100
2023-10-22 16:00:00+05:30,9.4,274.0,33.6,986.3,34.634205730779854,100
2023-10-22 17:00:00+05:30,2.2,171.0,31.6,986.9,1.6299087259273677,100
2023-10-22 18:00:00+05:30,4.3,85.0,29.2,986.8,0.0,100
2023-10-22 19:00:00+05:30,12.7,75.0,28.3,987.1,99.01255877797891,100
2023-10-22 20:00:00+05:30,16.2,89.0,27.4,987.5,100.0,100
2023-10-22 21:00:00+05:30,15.3,98.0,26.6,987.9,98.11658158088643,100
2023-10-22 22:00:00+05:30,12.9,108.0,25.5,987.8,100.0,100
2023-10-22 23:00:00+05:30,12.2,104.0,25.2,987.6,100.0,100
2023-10-23 00:00:00+05:30,10.7,102.0,24.4,987.2,62.296489223959924,100
2023-10-23 01:00:00+05:30,11.5,122.0,24.1,987.0,85.98710861013008,100
2023-10-23 02:00:00+05:30,10.8,60.0,23.1,986.9,67.10335378745678,100
2023-10-23 03:00:00+05:30,10.6,55.0,22.2,986.8,58.812643337434245,100
2023-10-23 04:00:00+05:30,7.0,69.0,21.3,986.7,8.495717944318953,100
2023-10-23 05:00:00+05:30,10.7,110.0,22.5,987.5,62.58394780790701,100
2023-10-23 06:00:00+05:30,13.3,131.0,22.0,988.3,100.0,100
2023-10-23 07:00:00+05:30,9.4,108.0,22.3,988.2,34.98447964101664,100
2023-10-23 08:00:00+05:30,10.3,102.0,24.5,989.1,55.015706701272045,100
2023-10-23 09:00:00+05:30,10.7,104.0,27.4,989.4,59.944006523910296,100
2023-10-23 10:00:00+05:30,13.7,104.0,30.1,989.3,97.71961047885057,100
2023-10-23 11:00:00+05:30,13.4,110.0,31.7,988.7,100.0,100
2023-10-23 12:00:00+05:30,10.2,113.0,32.5,987.6,47.30605297595795,100
2023-10-23 13:00:00+05:30,4.9,107.0,33.0,986.5,0.0,100
2023-10-23 14:00:00+05:30,3.0,14.0,33.4,985.6,0.07543530154370284,100
2023-10-23 15:00:00+05:30,8.4,353.0,33.5,985.3,22.638284511446294,100
2023-10-23 16:00:00+05:30,13.5,351.0,32.9,985.2,96.29064229669898,100
2023-10-23 17:00:00+05:30,9.2,42.0,32.1,985.4,35.021401965507344,100
2023-10-23 18:00:00+05:30,8.9,47.0,28.7,985.5,26.908484527594922,100
2023-10-23 19:00:00+05:30,8.7,38.0,27.2,986.1,26.01557805192786,100
2023-10-23 20:00:00+05:30,8.4,25.0,26.0,986.4,20.806345208715985,100
2023-10-23 21:00:00+05:30,8.7,45.0,25.2,986.5,25.151995721882134,100
2023-10-23 22:00:00+05:30,9.8,73.0,24.9,986.5,40.84192197905575,100
2023-10-23 23:00:00+05:30,12.7,82.0,24.5,985.9,100.0,100
2023-10-24 00:00:00+05:30,12.2,88.0,23.2,985.6,99.46612534438867,100
2023-10-24 01:00:00+05:30,13.0,92.0,22.5,985.3,99.39778187613372,100
2023-10-24 02:00:00+05:30,13.8,84.0,21.9,984.9,100.0,100
2023-10-24 03:00:00+05:30,13.6,101.0,21.5,984.9,100.0,100
2023-10-24 04:00:00+05:30,12.2,118.0,21.1,984.7,100.0,100
2023-10-24 05:00:00+05:30,14.8,146.0,22.1,985.3,99.23487949177424,100
2023-10-24 06:00:00+05:30,15.6,154.0,22.1,985.9,100.0,100
2023-10-24 07:00:00+05:30,18.2,171.0,22.4,986.6,96.71066070603928,100
2023-10-24 08:00:00+05:30,18.5,167.0,25.0,987.2,98.78107901727485,100
2023-10-24 09:00:00+05:30,15.7,164.0,27.7,988.0,100.0,100
2023-10-24 10:00:00+05:30,18.9,166.0,30.2,987.9,100.0,100
2023-10-24 11:00:00+05:30,19.7,172.0,32.4,987.6,100.0,100
2023-10-24 12:00:00+05:30,9.8,188.0,33.3,986.8,45.51272168747116,100
2023-10-24 13:00:00+05:30,6.8,245.0,33.8,986.1,7.2262364846370275,100
2023-10-24 14:00:00+05:30,10.9,287.0,34.0,985.4,69.34113080332781,100
2023-10-24 15:00:00+05:30,14.6,303.0,33.8,985.2,100.0,100
2023-10-24 16:00:00+05:30,16.1,312.0,33.2,985.2,96.74188896012642,100
2023-10-24 17:00:00+05:30,7.1,345.0,31.5,985.4,8.226948860930719,100
2023-10-24 18:00:00+05:30,4.6,18.0,31.8,985.4,0.5062996938792028,100
2023-10-24 19:00:00+05:30,5.0,210.0,30.7,985.7,0.34982327237456823,100
2023-10-24 20:00:00+05:30,9.0,178.0,27.1,985.9,29.264398553099166,100
2023-10-24 21:00:00+05:30,3.7,151.0,29.2,986.6,0.0,100
2023-10-24 22:00:00+05:30,3.2,297.0,28.6,986.6,0.4713308733143724,100
2023-10-24 23:00:00+05:30,4.4,261.0,27.7,986.2,0.0,100
2023-10-25 00:00:00+05:30,12.8,350.0,23.9,985.8,98.96326837093996,100
2023-10-25 01:00:00+05:30,8.9,32.0,22.1,985.6,27.065548545526077,100
2023-10-25 02:00:00+05:30,6.6,68.0,22.0,985.4,5.999140666706014,100
2023-10-25 03:00:00+05:30,8.3,95.0,21.2,985.4,17.945993192408682,100
2023-10-25 04:00:00+05:30,7.1,139.0,21.0,985.8,10.200104242592946,100
2023-10-25 05:00:00+05:30,13.0,185.0,21.3,986.2,98.03863724692981,100
2023-10-25 06:00:00+05:30,14.0,162.0,21.7,986.9,99.53915683030625,100
2023-10-25 07:00:00+05:30,13.9,163.0,21.8,987.4,96.85577786121591,100
2023-10-25 08:00:00+05:30,11.7,162.0,24.3,988.3,94.40426256245925,100
2023-10-25 09:00:00+05:30,9.3,164.0,27.8,989.3,36.046465867641814,100
2023-10-25 10:00:00+05:30,7.7,169.0,31.0,989.7,15.403364964236163,100
2023-10-25 11:00:00+05:30,5.5,191.0,32.5,989.6,2.5257159656740944,100
2023-10-25 12:00:00+05:30,4.2,239.0,33.3,988.8,0.576541910949423,100
2023-10-25 13:00:00+05:30,4.6,309.0,33.8,987.8,0.0,100
2023-10-25 14:00:00+05:30,6.6,338.0,34.2,987.1,8.842790007870148,100
2023-10-25 15:00:00+05:30,9.2,349.0,34.2,986.9,32.543361071553406,100
2023-10-25 16:00:00+05:30,11.1,347.0,33.7,986.7,75.83578518301677,100
2023-10-25 17:00:00+05:30,11.4,332.0,31.5,986.7,81.35768059683733,100
2023-10-25 18:00:00+05:30,14.7,301.0,29.0,986.9,100.0,100
2023-10-25 19:00:00+05:30,10.9,343.0,27.3,987.4,69.80106178443535,100
2023-10-25 20:00:00+05:30,10.3,12.0,26.1,987.7,50.39231843433589,100
2023-10-25 21:00:00+05:30,8.7,17.0,24.9,987.9,24.495518990363767,100
2023-10-25 22:00:00+05:30,9.2,45.0,24.3,987.8,31.812007579680643,100
2023-10-25 23:00:00+05:30,11.3,81.0,24.0,987.6,76.52123611695436,100
2023-10-26 00:00:00+05:30,11.5,90.0,23.3,987.1,85.68542279409893,100
2023-10-26 01:00:00+05:30,12.8,112.0,23.0,986.6,98.05398422080631,100
2023-10-26 02:00:00+05:30,12.0,123.0,22.2,986.2,100.0,100
2023-10-26 03:00:00+05:30,11.5,129.0,21.6,986.0,83.2341540683609,100
2023-10-26 04:00:00+05:30,9.2,135.0,20.4,985.9,30.909157631787487,100
2023-10-26 05:00:00+05:30,10.0,128.0,19.9,986.3,47.99361174058228,100
2023-10-26 06:00:00+05:30,11.8,160.0,20.4,987.0,95.39905262807791,100
2023-10-26 07:00:00+05:30,14.5,161.0,21.1,987.9,98.05119890128724,100
2023-10-26 08:00:00+05:30,13.3,161.0,24.0,988.6,100.0,100
2023-10-26 09:00:00+05:30,13.7,162.0,27.5,989.5,96.7599652478168,100
2023-10-26 10:00:00+05:30,13.0,174.0,30.2,989.8,100.0,100
2023-10-26 11:00:00+05:30,13.9,197.0,32.4,989.5,100.0,100
2023-10-26 12:00:00+05:30,9.9,224.0,33.4,988.5,44.24435912054554,100
2023-10-26 13:00:00+05:30,6.5,267.0,33.8,987.1,7.075842653703861,100
2023-10-26 14:00:00+05:30,6.6,299.0,34.0,986.4,0.0,100
2023-10-26 15:00:00+05:30,8.8,325.0,34.0,986.0,26.031928916896373,100
2023-10-26 16:00:00+05:30,12.2,346.0,33.4,985.9,99.3158009358463,100
2023-10-26 17:00:00+05:30,14.3,10.0,31.1,985.9,100.0,100
2023-10-26 18:00:00+05:30,11.3,59.0,28.6,985.7,76.74946670081582,100
2023-10-26 19:00:00+05:30,16.2,148.0,27.5,985.9,100.0,100
2023-10-26 20:00:00+05:30,12.3,159.0,27.1,986.3,97.66648420540079,100
2023-10-26 21:00:00+05:30,12.0,164.0,26.8,986.5,100.0,100
2023-10-26 22:00:00+05:30,12.4,172.0,24.1,986.6,99.8870963997611,100
2023-10-26 23:00:00+05:30,13.9,159.0,24.1,986.3,97.42551090576683,100
2023-10-27 00:00:00+05:30,14.4,176.0,23.9,985.7,99.61098775165249,100
2023-10-27 01:00:00+05:30,16.3,186.0,23.0,985.2,100.0,100
2023-10-27 02:00:00+05:30,15.9,186.0,23.2,984.7,98.83359874982237,100
2023-10-27 03:00:00+05:30,15.8,181.0,22.1,984.5,99.86209900768404,100
2023-10-27 04:00:00+05:30,14.5,194.0,21.6,984.6,100.0,100
2023-10-27 05:00:00+05:30,13.8,208.0,21.4,984.9,100.0,100
2023-10-27 06:00:00+05:30,14.6,200.0,21.7,985.7,100.0,100
2023-10-27 07:00:00+05:30,13.5,189.0,22.2,985.9,97.4237349569987,100
2023-10-27 08:00:00+05:30,13.0,186.0,25.1,986.7,98.51763667479365,100
2023-10-27 09:00:00+05:30,12.5,192.0,28.4,987.6,99.9860618103918,100
2023-10-27 10:00:00+05:30,12.4,190.0,31.0,987.8,99.38443196755081,100
2023-10-27 11:00:00+05:30,12.9,193.0,32.6,987.1,97.21533473064638,100
2023-10-27 12:00:00+05:30,11.6,202.0,33.8,986.2,88.38680583770255,100
2023-10-27 13:00:00+05:30,10.6,198.0,34.3,985.1,61.00804495457477,100
2023-10-27 14:00:00+05:30,9.4,180.0,34.6,984.3,33.92921290238029,100
2023-10-27 15:00:00+05:30,8.6,158.0,34.5,984.0,23.716684517925287,100
2023-10-27 16:00:00+05:30,7.4,129.0,34.3,983.8,12.690513408930297,100
2023-10-27 17:00:00+05:30,10.6,100.0,32.1,983.7,58.468517872184506,100
2023-10-27 18:00:00+05:30,7.4,113.0,30.2,983.8,13.169539475983067,100
2023-10-27 19:00:00+05:30,10.5,121.0,29.6,984.1,58.121422566972356,100
2023-10-27 20:00:00+05:30,12.2,152.0,27.9,984.6,97.92019054383614,100
2023-10-27 21:00:00+05:30,12.6,143.0,27.1,985.0,98.66761210981996,100
2023-10-27 22:00:00+05:30,12.8,142.0,26.6,985.1,100.0,100
2023-10-27 23:00:00+05:30,15.9,167.0,26.8,985.0,97.31882358342396,100
2023-10-28 00:00:00+05:30,18.1,175.0,27.2,984.7,100.0,100
2023-10-28 01:00:00+05:30,19.8,177.0,27.1,984.2,100.0,100
2023-10-28 02:00:00+05:30,20.2,181.0,26.6,983.8,100.0,100
2023-10-28 03:00:00+05:30,19.9,186.0,26.2,983.7,98.99990328619295,100
2023-10-28 04:00:00+05:30,19.4,191.0,25.7,983.7,99.06541045260103,100
2023-10-28 05:00:00+05:30,18.7,210.0,25.1,984.2,100.0,100
2023-10-28 06:00:00+05:30,17.1,215.0,24.6,985.5,99.27152375432307,100
2023-10-28 07:00:00+05:30,15.4,217.0,24.3,985.6,98.4524329439421,100
2023-10-28 08:00:00+05:30,13.3,221.0,26.4,986.5,100.0,100
2023-10-28 09:00:00+05:30,14.8,227.0,29.2,987.6,100.0,100
2023-10-28 10:00:00+05:30,15.2,239.0,31.6,987.7,99.32837595449219,100
2023-10-28 11:00:00+05:30,14.0,241.0,33.1,987.4,99.95266199071396,100
2023-10-28 12:00:00+05:30,13.2,241.0,34.0,986.6,95.27570828588567,100
2023-10-28 13:00:00+05:30,13.6,220.0,34.3,985.5,100.0,100
2023-10-28 14:00:00+05:30,11.1,216.0,34.0,984.6,71.72175037830233,100
2023-10-28 15:00:00+05:30,6.6,221.0,34.1,984.1,5.9145063394918695,100
2023-10-28 16:00:00+05:30,5.1,231.0,33.9,984.1,1.3261555111985124,100
2023-10-28 17:00:00+05:30,3.9,214.0,32.2,984.5,0.0,100
2023-10-28 18:00:00+05:30,1.8,307.0,32.9,985.6,0.7176235574867212,100
2023-10-28 19:00:00+05:30,11.0,191.0,28.6,985.9,67.77786730694339,100
2023-10-28 20:00:00+05:30,16.1,200.0,27.8,986.1,100.0,100
2023-10-28 21:00:00+05:30,18.0,206.0,27.6,986.4,99.34146949595849,100
2023-10-28 22:00:00+05:30,16.9,191.0,27.0,986.3,97.09128514448777,100
2023-10-28 23:00:00+05:30,11.6,275.0,24.7,986.2,84.97797409312186,100
2023-10-29 00:00:00+05:30,8.1,347.0,23.2,985.9,19.21159789417497,100
2023-10-29 01:00:00+05:30,4.5,76.0,25.2,985.4,0.46711212796761237,100
2023-10-29 02:00:00+05:30,4.9,17.0,24.0,985.2,0.0,100
2023-10-29 03:00:00+05:30,3.3,84.0,25.3,984.9,0.0,100
2023-10-29 04:00:00+05:30,6.7,126.0,22.8,984.7,6.277304531152918,100
2023-10-29 05:00:00+05:30,8.0,144.0,21.8,984.7,18.53823043975026,100
2023-10-29 06:00:00+05:30,6.0,245.0,23.2,986.2,4.391744069810564,100
2023-10-29 07:00:00+05:30,8.2,221.0,22.0,986.8,21.715463156200148,100
2023-10-29 08:00:00+05:30,7.2,207.0,25.5,987.6,11.144382153659297,100
2023-10-29 09:00:00+05:30,3.4,212.0,28.7,988.4,0.05877096453891278,100
2023-10-29 10:00:00+05:30,3.6,276.0,31.1,988.5,0.0,100
2023-10-29 11:00:00+05:30,5.5,293.0,32.5,988.1,3.4428144313540687,100
2023-10-29 12:00:00+05:30,5.8,274.0,33.3,987.2,3.4250259957704587,100
2023-10-29 13:00:00+05:30,6.0,253.0,33.7,986.2,4.385882341533525,100
2023-10-29 14:00:00+05:30,4.6,252.0,33.9,985.4,0.5149703610144244,100
2023-10-29 15:00:00+05:30,2.1,301.0,33.9,985.0,0.5833825651544708,100
2023-10-29 16:00:00+05:30,4.5,14.0,33.8,984.7,0.16924743353762933,100
2023-10-29 17:00:00+05:30,8.2,38.0,32.3,984.9,18.297217938843442,100
2023-10-29 18:00:00+05:30,7.9,93.0,29.6,985.5,15.65343896095159,100
2023-10-29 19:00:00+05:30,6.0,155.0,27.8,985.8,5.519042085364186,100
2023-10-29 20:00:00+05:30,7.9,210.0,27.3,986.3,15.25508463777312,100
2023-10-29 21:00:00+05:30,10.8,176.0,27.0,986.6,64.67252603312471,100
2023-10-29 22:00:00+05:30,11.5,182.0,26.4,986.7,84.14208621822351,100
2023-10-29 23:00:00+05:30,13.4,194.0,25.7,986.4,99.94493262096206,100
2023-10-30 00:00:00+05:30,11.6,206.0,24.7,986.0,90.5127591138129,100
2023-10-30 01:00:00+05:30,12.2,236.0,25.2,985.4,95.24022223862357,100
2023-10-30 02:00:00+05:30,11.0,221.0,24.1,985.0,69.79144499969625,100
2023-10-30 03:00:00+05:30,13.5,209.0,23.5,985.0,100.0,100
2023-10-30 04:00:00+05:30,10.4,256.0,22.9,985.0,57.18562302077495,100
2023-10-30 05:00:00+05:30,10.0,308.0,22.3,985.3,48.5264395926792,100
2023-10-30 06:00:00+05:30,9.1,261.0,22.2,986.3,31.608031137842303,100
2023-10-30 07:00:00+05:30,5.1,278.0,24.1,987.1,1.4069762624603588,100
2023-10-30 08:00:00+05:30,2.9,300.0,26.1,987.9,0.7489252160029479,100
2023-10-30 09:00:00+05:30,3.3,347.0,28.3,988.4,0.0,100
2023-10-30 10:00:00+05:30,4.0,5.0,30.6,988.6,0.0,100
2023-10-30 11:00:00+05:30,6.1,360.0,32.6,988.3,3.9241872658791035,100
2023-10-30 12:00:00+05:30,3.3,13.0,33.5,987.4,0.37201460555427773,100
2023-10-30 13:00:00+05:30,2.4,117.0,33.7,986.4,0.4113932352028366,100
2023-10-30 14:00:00+05:30,6.6,135.0,34.0,985.6,7.274114091883741,100
2023-10-30 15:00:00+05:30,12.0,139.0,33.9,985.2,100.0,100
2023-10-30 16:00:00+05:30,16.2,143.0,33.3,985.2,99.53529526476352,100
2023-10-30 17:00:00+05:30,14.7,152.0,32.0,985.6,96.8901271892179,100
2023-10-30 18:00:00+05:30,9.0,175.0,29.8,986.1,29.620484898132474,100
2023-10-30 19:00:00+05:30,5.0,300.0,29.7,986.5,0.0,100
2023-10-30 20:00:00+05:30,13.1,339.0,27.7,986.9,97.28769730544592,100
2023-10-30 21:00:00+05:30,8.9,346.0,26.5,987.0,27.492870826436405,100
2023-10-30 22:00:00+05:30,9.2,21.0,25.9,987.1,33.58723719666299,100
2023-10-30 23:00:00+05:30,8.8,35.0,24.9,987.0,24.51901647422414,100
2023-10-31 00:00:00+05:30,11.8,67.0,24.9,986.9,95.01018318862343,100
2023-10-31 01:00:00+05:30,10.4,76.0,23.8,986.6,56.06976327453545,100
2023-10-31 02:00:00+05:30,12.0,44.0,23.3,986.2,100.0,100
2023-10-31 03:00:00+05:30,12.3,58.0,22.8,985.8,98.02421383366595,100
2023-10-31 04:00:00+05:30,13.0,87.0,22.5,985.9,100.0,100
2023-10-31 05:00:00+05:30,12.7,98.0,22.0,985.9,96.76102079333577,100
2023-10-31 06:00:00+05:30,13.7,92.0,23.0,987.0,100.0,100
2023-10-31 07:00:00+05:30,13.4,98.0,23.1,987.8,100.0,100
2023-10-31 08:00:00+05:30,14.8,91.0,25.3,988.6,100.0,100
2023-10-31 09:00:00+05:30,13.1,98.0,28.1,989.5,100.0,100
2023-10-31 10:00:00+05:30,14.0,102.0,30.7,989.5,100.0,100
2023-10-31 11:00:00+05:30,15.5,94.0,33.1,989.0,99.59859402516635,100
2023-10-31 12:00:00+05:30,13.4,96.0,34.0,988.0,100.0,100
2023-10-31 13:00:00+05:30,10.2,80.0,34.4,987.0,50.42285530316927,100
2023-10-31 14:00:00+05:30,10.8,69.0,34.6,986.2,65.66852808223616,100
2023-10-31 15:00:00+05:30,12.2,66.0,34.5,985.9,100.0,100
2023-10-31 16:00:00+05:30,12.4,73.0,34.2,985.9,97.52121884634654,100
2023-10-31 17:00:00+05:30,8.8,78.0,32.3,985.9,28.248818698390078,100
2023-10-31 18:00:00+05:30,10.0,69.0,30.7,986.8,47.51966280376823,100
2023-10-31 19:00:00+05:30,12.8,112.0,29.5,987.5,98.33309403800999,100
2023-10-31 20:00:00+05:30,15.5,136.0,28.2,987.9,100.0,100
2023-10-31 21:00:00+05:30,14.8,135.0,27.9,988.1,98.38761478347644,100
2023-10-31 22:00:00+05:30,12.2,137.0,27.0,988.0,100.0,100
2023-10-31 23:00:00+05:30,10.5,149.0,25.9,987.6,57.85788041170171,100
2023-11-01 00:00:00+05:30,6.9,152.0,25.5,987.4,9.509177318642333,100
2023-11-01 01:00:00+05:30,6.6,158.0,25.5,987.3,6.84177014052595,100
2023-11-01 02:00:00+05:30,7.9,51.0,24.0,987.3,17.958362040777956,100
2023-11-01 03:00:00+05:30,10.6,28.0,23.0,987.0,61.1433849200364,100
2023-11-01 04:00:00+05:30,8.1,45.0,21.9,986.9,20.119600713345264,100
2023-11-01 05:00:00+05:30,8.4,47.0,21.8,986.9,19.6654035980495,100
2023-11-01 06:00:00+05:30,11.6,95.0,22.1,988.3,88.10852764162986,100
2023-11-01 07:00:00+05:30,12.6,92.0,22.6,988.9,100.0,100
2023-11-01 08:00:00+05:30,10.5,82.0,25.2,989.5,56.91897759296993,100
2023-11-01 09:00:00+05:30,8.0,72.0,28.4,990.3,16.313181883876787,100
2023-11-01 10:00:00+05:30,9.5,79.0,30.8,990.3,39.499452828564635,100
2023-11-01 11:00:00+05:30,9.5,81.0,32.6,989.5,37.294105765159756,100
2023-11-01 12:00:00+05:30,11.3,81.0,34.0,988.5,77.52614947941055,100
2023-11-01 13:00:00+05:30,11.1,77.0,34.4,987.6,72.1844085188153,100
2023-11-01 14:00:00+05:30,9.5,79.0,34.6,986.9,35.6517277761274,100
2023-11-01 15:00:00+05:30,8.4,80.0,34.5,986.5,23.28496981016707,100
2023-11-01 16:00:00+05:30,6.8,72.0,34.2,986.6,8.749088035530828,100
2023-11-01 17:00:00+05:30,4.1,15.0,32.7,986.7,0.8816687887712643,100
2023-11-01 18:00:00+05:30,3.4,32.0,30.4,986.9,0.0,100
2023-11-01 19:00:00+05:30,7.6,8.0,29.2,987.4,11.444020003438427,100
2023-11-01 20:00:00+05:30,9.9,19.0,28.4,988.0,45.17939916782995,100
2023-11-01 21:00:00+05:30,8.7,66.0,26.9,988.0,24.465004830333946,100
2023-11-01 22:00:00+05:30,10.0,105.0,26.1,987.9,44.496984055957796,100
2023-11-01 23:00:00+05:30,9.1,108.0,24.9,987.7,30.20628868939684,100
2023-11-02 00:00:00+05:30,9.5,81.0,24.3,987.2,38.723072361586205,100
2023-11-02 01:00:00+05:30,5.2,56.0,24.2,986.9,0.8838610152802924,100
2023-11-02 02:00:00+05:30,10.1,27.0,22.5,986.5,49.86368089689347,100
2023-11-02 03:00:00+05:30,8.7,52.0,21.6,986.3,26.949642558764587,100
2023-11-02 04:00:00+05:30,10.1,63.0,21.5,986.1,47.32175022030429,100
2023-11-02 05:00:00+05:30,10.6,66.0,21.0,986.4,61.27981734082251,100
2023-11-02 06:00:00+05:30,12.3,93.0,21.8,987.4,100.0,100
2023-11-02 07:00:00+05:30,11.8,113.0,21.8,987.7,93.99788503031402,100
2023-11-02 08:00:00+05:30,11.7,124.0,24.2,988.3,92.30782121020832,100
2023-11-02 09:00:00+05:30,8.4,115.0,27.4,989.2,20.136958705508718,100
2023-11-02 10:00:00+05:30,7.9,114.0,30.1,989.3,16.02741156404637,100
2023-11-02 11:00:00+05:30,6.4,128.0,32.3,988.6,5.119548042888101,100
2023-11-02 12:00:00+05:30,2.6,74.0,33.5,987.9,0.5544391043319858,100
2023-11-02 13:00:00+05:30,3.3,13.0,33.9,987.0,0.8858373940095616,100
2023-11-02 14:00:00+05:30,4.0,360.0,34.1,986.0,0.0,100
2023-11-02 15:00:00+05:30,6.2,350.0,34.1,985.6,3.650896197798911,100
2023-11-02 16:00:00+05:30,12.2,358.0,33.8,985.4,100.0,100
2023-11-02 17:00:00+05:30,18.8,12.0,32.1,985.3,100.0,100
2023-11-02 18:00:00+05:30,15.6,7.0,30.3,985.7,100.0,100
2023-11-02 19:00:00+05:30,6.5,360.0,28.7,985.6,6.947248563195549,100
2023-11-02 20:00:00+05:30,4.5,14.0,30.5,985.9,0.40560496737360224,100
2023-11-02 21:00:00+05:30,6.8,32.0,27.2,985.9,7.327791945988416,100
2023-11-02 22:00:00+05:30,3.6,37.0,29.1,986.1,0.7477177613369884,100
2023-11-02 23:00:00+05:30,10.8,92.0,24.9,985.5,65.8642700334038,100
2023-11-03 00:00:00+05:30,11.4,103.0,24.0,985.1,78.58186761074116,100
2023-11-03 01:00:00+05:30,8.7,132.0,22.6,984.9,23.068392508833192,100
2023-11-03 02:00:00+05:30,1.0,225.0,25.4,984.8,0.3597157097179739,100
2023-11-03 03:00:00+05:30,2.5,135.0,25.1,984.4,0.4133422036884602,100
2023-11-03 04:00:00+05:30,9.5,171.0,21.5,984.0,38.9665754369975,100
2023-11-03 05:00:00+05:30,9.3,167.0,21.4,984.0,33.9233859553406,100
2023-11-03 06:00:00+05:30,12.9,150.0,21.3,984.8,100.0,100
2023-11-03 07:00:00+05:30,13.9,159.0,21.9,985.0,98.66610062833175,100
2023-11-03 08:00:00+05:30,15.3,156.0,24.8,985.5,100.0,100
2023-11-03 09:00:00+05:30,13.7,162.0,27.8,986.4,100.0,100
2023-11-03 10:00:00+05:30,16.5,157.0,30.3,986.5,100.0,100
2023-11-03 11:00:00+05:30,13.1,159.0,32.2,986.0,98.81698277400216,100
2023-11-03 12:00:00+05:30,6.2,187.0,33.2,984.9,3.986299477326669,100
2023-11-03 13:00:00+05:30,4.2,250.0,33.7,983.8,0.11961056073096049,100
2023-11-03 14:00:00+05:30,4.6,288.0,34.0,983.0,0.6533887867358982,100
2023-11-03 15:00:00+05:30,7.0,339.0,34.2,982.5,8.867031954884553,100
2023-11-03 16:00:00+05:30,14.4,1.0,34.1,982.1,100.0,100
2023-11-03 17:00:00+05:30,10.4,14.0,32.4,982.4,59.418504183459284,100
2023-11-03 18:00:00+05:30,9.4,108.0,30.5,983.2,37.788399645549724,100
2023-11-03 19:00:00+05:30,11.0,122.0,28.7,983.7,71.35978973157789,100
2023-11-03 20:00:00+05:30,11.9,145.0,27.8,983.5,94.06061848841257,100
2023-11-03 21:00:00+05:30,13.5,151.0,26.6,983.8,97.17756431346906,100
2023-11-03 22:00:00+05:30,14.8,157.0,26.5,983.9,98.71396950204101,100
2023-11-03 23:00:00+05:30,14.5,157.0,25.5,983.9,95.5873208943933,100
2023-11-04 00:00:00+05:30,17.7,168.0,25.0,983.7,97.48918801968597,100
2023-11-04 01:00:00+05:30,19.4,180.0,24.6,983.3,100.0,100
2023-11-04 02:00:00+05:30,18.9,172.0,24.3,983.0,100.0,100
2023-11-04 03:00:00+05:30,20.6,176.0,24.7,982.6,98.27469206610022,100
2023-11-04 04:00:00+05:30,13.6,163.0,23.6,982.6,100.0,100
2023-11-04 05:00:00+05:30,11.0,113.0,22.0,983.0,69.97856972385081,100
2023-11-04 06:00:00+05:30,13.4,211.0,23.7,983.6,100.0,100
2023-11-04 07:00:00+05:30,14.7,208.0,23.4,984.2,98.39553133700268,100
2023-11-04 08:00:00+05:30,12.4,210.0,25.1,984.8,100.0,100
2023-11-04 09:00:00+05:30,10.8,210.0,28.3,985.8,64.92135517984659,100
2023-11-04 10:00:00+05:30,10.9,226.0,30.7,986.0,67.33241327325057,100
2023-11-04 11:00:00+05:30,8.0,252.0,32.1,985.4,16.089127555894343,100
2023-11-04 12:00:00+05:30,8.3,268.0,33.0,984.6,20.892817480610596,100
2023-11-04 13:00:00+05:30,10.5,262.0,33.8,983.8,56.02853545688277,100
2023-11-04 14:00:00+05:30,12.5,258.0,34.2,983.2,100.0,100
2023-11-04 15:00:00+05:30,12.3,263.0,34.2,982.8,98.919397987231,100
2023-11-04 16:00:00+05:30,10.5,262.0,33.9,982.8,60.16482976725542,100
2023-11-04 17:00:00+05:30,7.4,247.0,32.0,983.0,10.462401718401033,100
2023-11-04 18:00:00+05:30,9.2,315.0,29.2,983.5,33.14183338641345,100
2023-11-04 19:00:00+05:30,10.2,337.0,28.0,984.1,49.14272821333124,100
2023-11-04 20:00:00+05:30,9.6,326.0,26.6,984.4,40.93466337100658,100
2023-11-04 21:00:00+05:30,13.4,336.0,26.2,985.0,100.0,100
2023-11-04 22:00:00+05:30,10.9,351.0,25.0,985.1,66.53399569054979,100
2023-11-04 23:00:00+05:30,6.6,13.0,23.9,985.1,6.574399388330864,100
2023-11-05 00:00:00+05:30,6.2,353.0,23.9,984.9,5.08686385526926,100
2023-11-05 01:00:00+05:30,8.7,5.0,22.7,984.5,26.849857032651332,100
2023-11-05 02:00:00+05:30,9.0,61.0,21.9,984.5,31.73310542929711,100
2023-11-05 03:00:00+05:30,8.3,72.0,21.1,984.6,20.46600709620882,100
2023-11-05 04:00:00+05:30,5.6,45.0,21.6,984.6,1.989442897251397,100
2023-11-05 05:00:00+05:30,4.5,76.0,22.8,984.8,0.0,100
2023-11-05 06:00:00+05:30,1.9,158.0,22.7,985.6,0.22452719896045692,100
2023-11-05 07:00:00+05:30,6.4,207.0,21.2,985.8,5.502786191529426,100
2023-11-05 08:00:00+05:30,6.4,223.0,24.6,986.8,4.637480221351503,100
2023-11-05 09:00:00+05:30,7.4,241.0,27.5,987.7,10.21920041797933,100
2023-11-05 10:00:00+05:30,11.6,265.0,29.6,987.9,88.79584658313684,100
2023-11-05 11:00:00+05:30,14.0,270.0,30.8,987.4,100.0,100
2023-11-05 12:00:00+05:30,14.8,274.0,31.9,986.5,100.0,100
2023-11-05 13:00:00+05:30,15.2,275.0,32.6,985.7,99.29182848578557,100
2023-11-05 14:00:00+05:30,16.2,282.0,33.0,985.0,100.0,100
2023-11-05 15:00:00+05:30,17.4,294.0,32.9,984.5,100.0,100
2023-11-05 16:00:00+05:30,17.3,301.0,32.3,984.6,100.0,100
2023-11-05 17:00:00+05:30,12.3,310.0,30.9,984.8,99.56894409109617,100
2023-11-05 18:00:00+05:30,11.9,325.0,28.9,985.3,93.32713498838574,100
2023-11-05 19:00:00+05:30,10.7,320.0,27.6,985.8,62.67633909190784,100
2023-11-05 20:00:00+05:30,7.3,303.0,26.2,986.2,10.322154797137438,100
2023-11-05 21:00:00+05:30,6.9,261.0,26.3,986.6,7.18300568749925,100
2023-11-05 22:00:00+05:30,14.2,294.0,26.0,986.7,100.0,100
2023-11-05 23:00:00+05:30,13.2,315.0,24.5,986.7,98.60868388879277,100
2023-11-06 00:00:00+05:30,4.7,328.0,24.2,986.6,0.02788342773466601,100
2023-11-06 01:00:00+05:30,4.1,315.0,25.5,986.4,0.0,100
2023-11-06 02:00:00+05:30,8.1,302.0,22.7,985.9,17.295967776257772,100
2023-11-06 03:00:00+05:30,7.0,305.0,22.7,985.9,9.767002748177884,100
2023-11-06 04:00:00+05:30,5.6,315.0,23.0,985.8,2.87580149862654,100
2023-11-06 05:00:00+05:30,5.4,318.0,22.0,986.1,3.573115308199616,100
2023-11-06 06:00:00+05:30,6.9,276.0,21.4,987.0,7.973646638424773,100
2023-11-06 07:00:00+05:30,9.2,334.0,20.8,987.5,31.625984604452572,100
2023-11-06 08:00:00+05:30,0.5,45.0,23.0,988.3,0.0,100
2023-11-06 09:00:00+05:30,2.4,153.0,25.2,989.1,0.0,100
2023-11-06 10:00:00+05:30,3.0,14.0,27.7,989.1,0.4279610329386179,100
2023-11-06 11:00:00+05:30,4.7,360.0,29.8,988.7,0.0,100
2023-11-06 12:00:00+05:30,5.8,338.0,31.2,987.9,2.526247191901168,100
2023-11-06 13:00:00+05:30,6.9,313.0,32.2,987.0,7.994476896758632,100
2023-11-06 14:00:00+05:30,8.0,288.0,32.6,986.3,17.081649655410164,100
2023-11-06 15:00:00+05:30,7.6,267.0,32.6,985.7,13.299159199511035,100
2023-11-06 16:00:00+05:30,7.0,235.0,32.3,985.6,8.981930640890077,100
2023-11-06 17:00:00+05:30,6.9,174.0,31.0,985.7,8.812070154530982,100
2023-11-06 18:00:00+05:30,9.4,162.0,29.0,986.2,35.52718149857352,100
2023-11-06 19:00:00+05:30,8.0,188.0,27.7,986.7,17.443998736477376,100
2023-11-06 20:00:00+05:30,11.3,253.0,27.2,987.3,74.21685424546337,100
2023-11-06 21:00:00+05:30,10.7,312.0,25.9,987.3,63.37237609599093,100
2023-11-06 22:00:00+05:30,13.3,322.0,25.6,987.5,97.7956414438502,100
2023-11-06 23:00:00+05:30,14.8,356.0,24.5,987.6,99.89659252476532,100
2023-11-07 00:00:00+05:30,12.9,13.0,23.6,987.3,100.0,100
2023-11-07 01:00:00+05:30,12.8,16.0,23.1,987.0,98.74097312999486,100
2023-11-07 02:00:00+05:30,8.4,10.0,21.8,986.8,19.793542482045577,100
2023-11-07 03:00:00+05:30,9.4,353.0,21.5,986.6,36.70543341950608,100
2023-11-07 04:00:00+05:30,9.8,6.0,21.2,986.6,44.14938121029711,100
2023-11-07 05:00:00+05:30,8.9,27.0,20.5,986.6,27.181115459740695,100
2023-11-07 06:00:00+05:30,8.0,355.0,20.5,987.1,17.70637600744832,100
2023-11-07 07:00:00+05:30,5.8,7.0,21.2,987.9,2.8441471450916223,100
2023-11-07 08:00:00+05:30,5.8,22.0,23.6,988.7,2.9673631567555137,100
2023-11-07 09:00:00+05:30,5.5,32.0,26.1,989.5,2.813367868038552,100
2023-11-07 10:00:00+05:30,6.4,38.0,28.5,989.7,5.329953341011963,100
2023-11-07 11:00:00+05:30,10.7,20.0,30.2,989.2,61.03378458740443,100
2023-11-07 12:00:00+05:30,8.4,25.0,31.3,988.2,21.045729890543104,100
2023-11-07 13:00:00+05:30,0.4,180.0,31.9,987.4,0.12532682537855291,100
2023-11-07 14:00:00+05:30,2.9,270.0,32.1,986.6,0.5477379468075011,100
2023-11-07 15:00:00+05:30,4.8,297.0,32.2,986.0,1.3123096046488665,100
2023-11-07 16:00:00+05:30,7.1,319.0,32.0,985.8,7.104180814095236,100
2023-11-07 17:00:00+05:30,7.8,347.0,31.0,985.8,13.58246946391871,100
2023-11-07 18:00:00+05:30,0.8,297.0,30.5,986.2,0.015514433940432894,100
2023-11-07 19:00:00+05:30,8.2,23.0,27.2,986.4,20.34977087961222,100
2023-11-07 20:00:00+05:30,11.1,29.0,26.5,986.8,71.38206245370452,100
2023-11-07 21:00:00+05:30,8.2,29.0,25.0,986.9,19.935859334247734,100
2023-11-07 22:00:00+05:30,10.8,358.0,24.7,987.0,65.2129270380565,100
2023-11-07 23:00:00+05:30,15.7,9.0,24.5,986.9,97.54926853565435,100
2023-11-08 00:00:00+05:30,12.1,23.0,23.3,986.5,99.05031611117825,100
2023-11-08 01:00:00+05:30,9.9,33.0,22.3,986.1,46.1385736171403,100
2023-11-08 02:00:00+05:30,8.6,57.0,21.4,985.8,22.46262026002687,100
2023-11-08 03:00:00+05:30,7.4,67.0,20.7,985.9,11.375640007781238,100
2023-11-08 04:00:00+05:30,7.9,66.0,20.5,985.8,17.66564361513777,100
2023-11-08 05:00:00+05:30,10.0,69.0,20.5,986.0,47.09157756994806,100
2023-11-08 06:00:00+05:30,7.9,43.0,19.9,986.3,16.173938586179045,100
2023-11-08 07:00:00+05:30,8.7,52.0,20.3,987.1,25.802008377315126,100
2023-11-08 08:00:00+05:30,7.9,66.0,22.4,987.9,15.824757176149738,100
2023-11-08 09:00:00+05:30,8.6,105.0,24.8,988.5,23.169852812865308,100
2023-11-08 10:00:00+05:30,9.8,107.0,27.4,988.9,41.62401861078334,100
2023-11-08 11:00:00+05:30,9.0,95.0,29.5,988.6,30.089154270262455,100
2023-11-08 12:00:00+05:30,7.2,87.0,30.7,987.5,10.209262245463812,100
2023-11-08 13:00:00+05:30,3.3,167.0,31.3,986.6,0.0,100
2023-11-08 14:00:00+05:30,3.2,207.0,31.5,985.8,0.0,100
2023-11-08 15:00:00+05:30,1.4,180.0,31.6,985.3,0.0,100
2023-11-08 16:00:00+05:30,1.6,117.0,31.5,985.2,0.0,100
2023-11-08 17:00:00+05:30,2.1,31.0,30.2,985.3,0.6274474031877234,100
2023-11-08 18:00:00+05:30,7.3,349.0,27.9,985.8,10.674065278655403,100
2023-11-08 19:00:00+05:30,8.6,358.0,27.2,986.2,22.89435918532731,100
2023-11-08 20:00:00+05:30,7.4,14.0,25.9,986.7,11.554996005381506,100
2023-11-08 21:00:00+05:30,4.9,54.0,26.3,987.1,1.0645141221279626,100
2023-11-08 22:00:00+05:30,4.6,342.0,25.6,987.1,0.3551165966137114,100
2023-11-08 23:00:00+05:30,8.4,313.0,23.7,986.5,20.239445724407105,100
2023-11-09 00:00:00+05:30,9.3,347.0,23.5,986.2,33.56912861597159,100
2023-11-09 01:00:00+05:30,10.1,343.0,23.3,986.1,50.654368885405454,100
2023-11-09 02:00:00+05:30,8.8,12.0,22.6,985.8,25.996159824687155,100
2023-11-09 03:00:00+05:30,9.5,29.0,22.4,985.6,36.799972353507826,100
2023-11-09 04:00:00+05:30,9.5,61.0,21.9,985.5,40.017733647396156,100
2023-11-09 05:00:00+05:30,10.4,88.0,21.6,985.6,57.14530783952858,100
2023-11-09 06:00:00+05:30,9.1,56.0,21.4,986.5,31.88419636584583,100
2023-11-09 07:00:00+05:30,6.2,54.0,21.4,987.2,5.117309870914723,100
2023-11-09 08:00:00+05:30,12.2,223.0,22.7,988.7,100.0,100
2023-11-09 09:00:00+05:30,6.2,80.0,24.4,988.8,5.341283784106396,100
2023-11-09 10:00:00+05:30,10.8,358.0,26.8,989.5,65.59770116784735,100
2023-11-09 11:00:00+05:30,16.5,36.0,26.2,989.0,100.0,100
2023-11-09 12:00:00+05:30,12.5,102.0,28.7,987.7,100.0,100
2023-11-09 13:00:00+05:30,13.7,113.0,29.6,986.7,100.0,100
2023-11-09 14:00:00+05:30,12.1,153.0,29.9,985.7,95.3729191075611,100
2023-11-09 15:00:00+05:30,11.6,196.0,30.3,985.2,89.30104508642908,100
2023-11-09 16:00:00+05:30,3.8,253.0,30.4,985.2,1.5044087342896753,100
2023-11-09 17:00:00+05:30,7.9,309.0,29.0,985.6,14.731193890686564,100
2023-11-09 18:00:00+05:30,4.3,312.0,27.8,985.5,1.6520412523807606,100
2023-11-09 19:00:00+05:30,6.5,273.0,26.5,986.3,4.849673680214812,100
2023-11-09 20:00:00+05:30,7.2,233.0,25.5,986.6,10.566341077039569,100
2023-11-09 21:00:00+05:30,8.5,216.0,24.9,986.9,22.152110718959346,100
2023-11-09 22:00:00+05:30,12.6,211.0,24.2,987.0,100.0,100
2023-11-09 23:00:00+05:30,13.5,236.0,24.2,986.6,99.52317813552236,100
2023-11-10 00:00:00+05:30,12.6,243.0,23.5,986.4,99.94712260472022,100
2023-11-10 01:00:00+05:30,11.3,239.0,22.6,986.0,78.93236978830971,100
2023-11-10 02:00:00+05:30,10.8,249.0,22.2,985.7,66.22860155840625,100
2023-11-10 03:00:00+05:30,11.6,263.0,21.9,985.5,85.69771402843179,100
2023-11-10 04:00:00+05:30,11.3,277.0,21.2,985.5,78.20887414098794,100
2023-11-10 05:00:00+05:30,10.5,278.0,20.6,985.8,57.03457929026441,100
2023-11-10 06:00:00+05:30,8.0,252.0,20.0,986.0,18.280291446829857,100
2023-11-10 07:00:00+05:30,9.6,236.0,20.7,986.9,39.564788966664,100
2023-11-10 08:00:00+05:30,8.4,239.0,23.3,988.0,20.992192447490382,100
2023-11-10 09:00:00+05:30,7.6,267.0,26.1,989.1,14.363768476292476,100
2023-11-10 10:00:00+05:30,10.8,300.0,28.0,989.8,64.452304752582,100
2023-11-10 11:00:00+05:30,12.1,323.0,29.0,989.5,98.8592569344358,100
2023-11-10 12:00:00+05:30,13.6,328.0,30.0,988.8,97.87856005914936,100
2023-11-10 13:00:00+05:30,18.1,329.0,30.5,987.9,100.0,100
2023-11-10 14:00:00+05:30,21.6,342.0,30.2,987.4,97.43213352902731,100
2023-11-10 15:00:00+05:30,21.4,352.0,29.7,987.5,100.0,100
2023-11-10 16:00:00+05:30,19.8,357.0,29.0,987.7,100.0,100
2023-11-10 17:00:00+05:30,16.6,359.0,27.5,988.1,99.98232449394874,100
2023-11-10 18:00:00+05:30,13.4,14.0,25.7,988.5,100.0,100
2023-11-10 19:00:00+05:30,16.1,27.0,24.6,989.3,99.68252582381183,100
2023-11-10 20:00:00+05:30,17.5,37.0,23.6,990.0,99.18100195684306,100
2023-11-10 21:00:00+05:30,16.6,48.0,22.7,990.6,100.0,100
2023-11-10 22:00:00+05:30,14.7,59.0,21.7,990.8,100.0,100
2023-11-10 23:00:00+05:30,13.7,60.0,20.6,990.8,100.0,100
2023-11-11 00:00:00+05:30,12.9,63.0,19.6,990.3,100.0,100
2023-11-11 01:00:00+05:30,11.3,59.0,18.6,990.3,78.42758455548689,100
2023-11-11 02:00:00+05:30,11.7,56.0,18.0,990.1,93.07620425248516,100
2023-11-11 03:00:00+05:30,12.0,57.0,17.4,989.9,96.6810569116052,100
2023-11-11 04:00:00+05:30,11.4,62.0,16.9,989.8,81.09609262840375,100
2023-11-11 05:00:00+05:30,12.1,67.0,16.7,989.9,100.0,100
2023-11-11 06:00:00+05:30,11.8,67.0,16.0,991.1,92.17764513076695,100
2023-11-11 07:00:00+05:30,12.4,68.0,15.9,991.6,100.0,100
2023-11-11 08:00:00+05:30,11.7,72.0,17.8,992.4,90.5342988742235,100
2023-11-11 09:00:00+05:30,12.4,73.0,20.3,993.2,100.0,100
2023-11-11 10:00:00+05:30,14.7,73.0,23.0,993.9,100.0,100
2023-11-11 11:00:00+05:30,14.9,70.0,25.1,993.4,99.70969852517194,100
2023-11-11 12:00:00+05:30,13.0,62.0,26.5,992.3,99.56956925482288,100
2023-11-11 13:00:00+05:30,12.3,50.0,27.6,991.2,96.72651833834045,100
2023-11-11 14:00:00+05:30,11.9,35.0,28.3,990.5,96.3121352772513,100
2023-11-11 15:00:00+05:30,13.0,24.0,28.5,990.0,96.40378726274577,100
2023-11-11 16:00:00+05:30,13.2,22.0,28.0,989.9,98.50699751367036,100
2023-11-11 17:00:00+05:30,10.1,27.0,26.8,990.1,49.72753999626188,100
2023-11-11 18:00:00+05:30,9.8,36.0,24.1,990.6,42.67778852018605,100
2023-11-11 19:00:00+05:30,10.7,33.0,22.9,991.1,63.789588738005875,100
2023-11-11 20:00:00+05:30,11.2,40.0,21.8,991.5,75.01227005581438,100
2023-11-11 21:00:00+05:30,11.1,61.0,20.9,992.0,72.8505598184466,100
2023-11-11 22:00:00+05:30,11.0,79.0,20.1,992.0,71.51425490253516,100
2023-11-11 23:00:00+05:30,10.9,99.0,19.3,991.5,68.02730108955123,100
2023-11-12 00:00:00+05:30,10.9,117.0,18.5,991.3,68.49873138032488,100
2023-11-12 01:00:00+05:30,11.5,131.0,18.0,991.0,84.24660857853002,100
2023-11-12 02:00:00+05:30,10.7,130.0,17.4,990.8,60.14858855957325,100
2023-11-12 03:00:00+05:30,11.2,130.0,17.0,990.5,72.19482046077002,100
2023-11-12 04:00:00+05:30,11.8,128.0,16.7,990.3,95.1969701355105,100
2023-11-12 05:00:00+05:30,12.7,125.0,16.5,990.1,99.21911379866053,100
2023-11-12 06:00:00+05:30,12.2,137.0,15.8,991.2,98.53336765626695,100
2023-11-12 07:00:00+05:30,12.3,140.0,15.8,991.8,100.0,100
2023-11-12 08:00:00+05:30,11.2,135.0,18.1,992.3,74.06036435770417,100
2023-11-12 09:00:00+05:30,10.3,126.0,21.5,993.0,53.41053067072036,100
2023-11-12 10:00:00+05:30,11.6,116.0,23.9,993.2,84.97198918470538,100
2023-11-12 11:00:00+05:30,8.9,104.0,25.5,992.6,27.926412663211366,100
2023-11-12 12:00:00+05:30,6.5,71.0,26.6,991.6,6.980124752456774,100
2023-11-12 13:00:00+05:30,6.3,31.0,27.4,990.7,5.917966896522582,100
2023-11-12 14:00:00+05:30,7.1,24.0,27.8,989.9,10.125681083699217,100
2023-11-12 15:00:00+05:30,7.4,29.0,27.9,989.5,13.110424697894988,100
2023-11-12 16:00:00+05:30,5.9,43.0,27.6,989.0,3.275377256410526,100
2023-11-12 17:00:00+05:30,4.9,73.0,26.0,989.1,1.8812170033657178,100
2023-11-12 18:00:00+05:30,6.1,28.0,24.0,989.5,2.756077714678625,100
2023-11-12 19:00:00+05:30,8.7,30.0,22.8,990.0,25.39042363118064,100
2023-11-12 20:00:00+05:30,9.4,32.0,21.8,990.6,35.699947619538015,100
2023-11-12 21:00:00+05:30,9.5,37.0,21.0,990.9,36.97556502908163,100
2023-11-12 22:00:00+05:30,10.7,45.0,20.4,990.7,61.72009082948442,100
2023-11-12 23:00:00+05:30,10.3,61.0,19.6,990.4,53.46412258077388,100
2023-11-13 00:00:00+05:30,10.9,84.0,19.1,989.9,69.7409981798625,100
2023-11-13 01:00:00+05:30,10.8,105.0,18.4,989.3,64.1935540890833,100
2023-11-13 02:00:00+05:30,10.6,118.0,17.8,988.9,58.14695491341576,100
2023-11-13 03:00:00+05:30,11.9,119.0,17.7,988.4,98.19643010443835,100
2023-11-13 04:00:00+05:30,12.7,125.0,17.1,988.4,98.90290248765535,100
2023-11-13 05:00:00+05:30,12.7,137.0,16.3,988.6,100.0,100
2023-11-13 06:00:00+05:30,12.3,142.0,15.6,989.5,99.23851745311055,100
2023-11-13 07:00:00+05:30,12.3,142.0,15.7,990.1,98.71009495363793,100
2023-11-13 08:00:00+05:30,11.5,139.0,17.9,990.9,82.82634607808164,100
2023-11-13 09:00:00+05:30,9.7,129.0,20.9,991.8,41.26091547691013,100
2023-11-13 10:00:00+05:30,11.1,126.0,23.7,992.1,71.61220054307027,100
2023-11-13 11:00:00+05:30,11.4,118.0,25.6,991.8,82.25612863225804,100
2023-11-13 12:00:00+05:30,8.0,100.0,26.5,990.8,18.13374468725633,100
2023-11-13 13:00:00+05:30,6.9,81.0,27.1,989.7,6.320520606689895,100
2023-11-13 14:00:00+05:30,6.7,74.0,27.4,988.7,7.592736029389714,100
2023-11-13 15:00:00+05:30,7.1,66.0,27.4,988.3,9.362166015606311,100
2023-11-13 16:00:00+05:30,7.4,61.0,27.1,988.2,10.868520484207064,100
2023-11-13 17:00:00+05:30,5.9,52.0,26.0,988.5,2.1866035087791666,100
2023-11-13 18:00:00+05:30,8.9,32.0,24.6,988.9,28.369845601642385,100
2023-11-13 19:00:00+05:30,10.3,25.0,23.8,989.3,55.269116919901556,100
2023-11-13 20:00:00+05:30,10.9,17.0,23.1,989.9,70.10770233540042,100
2023-11-13 21:00:00+05:30,11.0,23.0,22.2,990.2,71.74176600326851,100
2023-11-13 22:00:00+05:30,9.6,34.0,21.1,990.0,40.68660360843116,100
2023-11-13 23:00:00+05:30,9.4,43.0,20.3,989.5,35.150147154160216,100
2023-11-14 00:00:00+05:30,11.0,52.0,19.9,989.3,69.14095238312385,100
2023-11-14 01:00:00+05:30,10.3,61.0,18.9,988.9,53.59810301315001,100
2023-11-14 02:00:00+05:30,9.0,67.0,18.3,988.8,29.901837692162292,100
2023-11-14 03:00:00+05:30,10.0,64.0,17.7,988.4,47.29466725327593,100
2023-11-14 04:00:00+05:30,10.0,64.0,17.4,988.6,45.90871407185157,100
2023-11-14 05:00:00+05:30,10.3,65.0,16.8,988.7,51.41795752096839,100
2023-11-14 06:00:00+05:30,10.8,75.0,16.9,989.3,62.19460830922362,100
2023-11-14 07:00:00+05:30,10.7,76.0,16.7,990.1,64.69095817059538,100
2023-11-14 08:00:00+05:30,10.9,82.0,18.5,990.8,71.39764613598477,100
2023-11-14 09:00:00+05:30,10.5,82.0,20.9,991.8,56.77703204465475,100
2023-11-14 10:00:00+05:30,12.8,79.0,23.4,992.2,96.66148544274083,100
2023-11-14 11:00:00+05:30,16.2,73.0,25.6,991.6,100.0,100
2023-11-14 12:00:00+05:30,16.4,61.0,26.9,990.3,97.0371607467445,100
2023-11-14 13:00:00+05:30,15.9,57.0,27.7,989.2,96.25253173427043,100
2023-11-14 14:00:00+05:30,16.2,58.0,28.1,988.4,100.0,100
2023-11-14 15:00:00+05:30,16.7,53.0,28.2,987.9,96.75167615863229,100
2023-11-14 16:00:00+05:30,17.3,47.0,27.9,987.8,98.80274947953119,100
2023-11-14 17:00:00+05:30,14.1,38.0,26.4,988.1,98.1248958593389,100
2023-11-14 18:00:00+05:30,12.6,27.0,24.5,988.8,98.30626577506584,100
2023-11-14 19:00:00+05:30,13.5,25.0,23.4,989.2,100.0,100
2023-11-14 20:00:00+05:30,14.5,27.0,22.4,989.6,96.69729299986658,100
2023-11-14 21:00:00+05:30,14.2,30.0,21.5,990.1,100.0,100
2023-11-14 22:00:00+05:30,14.3,39.0,20.8,990.3,96.2043800888425,100
2023-11-14 23:00:00+05:30,14.5,48.0,20.1,990.3,100.0,100
2023-11-15 00:00:00+05:30,14.0,55.0,19.3,989.8,100.0,100
2023-11-15 01:00:00+05:30,13.7,67.0,18.6,989.5,100.0,100
2023-11-15 02:00:00+05:30,13.9,80.0,18.1,989.4,100.0,100
2023-11-15 03:00:00+05:30,13.4,84.0,17.6,989.1,99.9721015984542,100
2023-11-15 04:00:00+05:30,12.8,79.0,17.1,989.0,97.70450379323596,100
2023-11-15 05:00:00+05:30,12.1,73.0,16.5,989.3,99.54073360593824,100
2023-11-15 06:00:00+05:30,12.6,77.0,15.8,990.1,100.0,100
2023-11-15 07:00:00+05:30,12.5,78.0,15.7,990.6,100.0,100
2023-11-15 08:00:00+05:30,10.9,81.0,17.6,991.3,68.51850170663609,100
2023-11-15 09:00:00+05:30,9.6,77.0,20.2,992.1,37.660654943637795,100
2023-11-15 10:00:00+05:30,12.4,73.0,22.7,992.3,100.0,100
2023-11-15 11:00:00+05:30,15.6,71.0,25.0,991.9,100.0,100
2023-11-15 12:00:00+05:30,14.2,60.0,26.2,990.9,100.0,100
2023-11-15 13:00:00+05:30,12.3,50.0,26.9,989.9,100.0,100
2023-11-15 14:00:00+05:30,12.2,45.0,27.4,989.0,100.0,100
2023-11-15 15:00:00+05:30,14.5,44.0,27.6,988.5,100.0,100
2023-11-15 16:00:00+05:30,15.8,41.0,27.3,988.1,95.08274638301721,100
2023-11-15 17:00:00+05:30,12.8,38.0,25.8,988.3,99.812382025913,100
2023-11-15 18:00:00+05:30,12.4,30.0,23.9,989.0,100.0,100
2023-11-15 19:00:00+05:30,12.9,27.0,22.7,989.5,96.18438030909388,100
2023-11-15 20:00:00+05:30,12.6,27.0,21.8,989.7,95.73438806686623,100
2023-11-15 21:00:00+05:30,11.4,35.0,20.8,989.8,80.45303468022716,100
2023-11-15 22:00:00+05:30,11.0,49.0,20.0,989.9,0.0,100
2023-11-15 23:00:00+05:30,10.8,64.0,19.1,989.8,65.74447330999713,100
2023-11-16 00:00:00+05:30,11.5,76.0,18.7,989.4,84.96067233722763,100
2023-11-16 01:00:00+05:30,11.7,81.0,18.1,988.9,89.82303999328124,100
2023-11-16 02:00:00+05:30,11.3,81.0,17.5,988.6,79.06342662947264,100
2023-11-16 03:00:00+05:30,11.5,94.0,17.0,988.6,82.35842003858166,100
2023-11-16 04:00:00+05:30,12.1,100.0,16.8,988.5,100.0,100
2023-11-16 05:00:00+05:30,10.9,98.0,16.1,988.7,66.6862769716418,100
2023-11-16 06:00:00+05:30,12.4,100.0,15.3,989.4,100.0,100
2023-11-16 07:00:00+05:30,11.7,101.0,15.1,990.3,92.02144100529073,100
2023-11-16 08:00:00+05:30,9.1,97.0,17.0,991.2,31.49718456983422,100
2023-11-16 09:00:00+05:30,7.6,82.0,19.8,992.1,12.635914467830244,100
2023-11-16 10:00:00+05:30,9.9,80.0,22.6,992.4,46.95611030719362,100
2023-11-16 11:00:00+05:30,14.1,77.0,24.8,991.9,100.0,100
2023-11-16 12:00:00+05:30,13.9,69.0,25.8,990.8,100.0,100
2023-11-16 13:00:00+05:30,13.2,64.0,26.7,989.8,100.0,100
2023-11-16 14:00:00+05:30,12.6,53.0,27.2,989.3,98.41926895387547,100
2023-11-16 15:00:00+05:30,13.0,42.0,27.4,989.1,100.0,100
2023-11-16 16:00:00+05:30,12.3,38.0,27.2,989.1,99.90418746804255,100
2023-11-16 17:00:00+05:30,11.5,32.0,25.6,989.2,86.84597653942896,100
2023-11-16 18:00:00+05:30,11.3,37.0,23.4,989.5,77.25344418983615,100
2023-11-16 19:00:00+05:30,12.7,35.0,22.4,990.0,97.5723960435705,100
2023-11-16 20:00:00+05:30,13.4,31.0,21.4,990.3,96.16290033477816,100
2023-11-16 21:00:00+05:30,13.0,34.0,20.6,990.6,100.0,100
2023-11-16 22:00:00+05:30,12.0,46.0,19.7,990.6,100.0,100
2023-11-16 23:00:00+05:30,12.4,60.0,19.0,990.7,100.0,100
2023-11-17 00:00:00+05:30,12.9,67.0,18.3,990.6,100.0,100
2023-11-17 01:00:00+05:30,12.4,68.0,17.5,990.0,100.0,100
2023-11-17 02:00:00+05:30,12.4,73.0,16.8,989.8,100.0,100
2023-11-17 03:00:00+05:30,12.5,72.0,16.4,989.6,100.0,100
2023-11-17 04:00:00+05:30,13.5,74.0,16.1,989.4,99.97116046823356,100
2023-11-17 05:00:00+05:30,13.6,79.0,15.8,989.6,100.0,100
2023-11-17 06:00:00+05:30,14.1,86.0,15.2,990.4,97.68586654548494,100
2023-11-17 07:00:00+05:30,14.4,91.0,14.9,990.9,100.0,100
2023-11-17 08:00:00+05:30,12.6,93.0,16.8,991.4,100.0,100
2023-11-17 09:00:00+05:30,9.8,84.0,19.6,992.5,42.4065410113666,100
2023-11-17 10:00:00+05:30,11.8,70.0,22.2,992.5,96.89265097127992,100
2023-11-17 11:00:00+05:30,12.6,59.0,24.4,992.0,97.12237975710435,100
2023-11-17 12:00:00+05:30,12.7,65.0,25.9,990.8,95.46867987508088,100
2023-11-17 13:00:00+05:30,11.0,58.0,26.6,989.7,70.9738297033826,100
2023-11-17 14:00:00+05:30,10.7,45.0,26.9,988.8,62.93490608126401,100
2023-11-17 15:00:00+05:30,12.0,39.0,27.0,988.3,100.0,100
2023-11-17 16:00:00+05:30,12.8,38.0,26.7,988.1,100.0,100
2023-11-17 17:00:00+05:30,11.0,23.0,25.3,988.3,69.87841493449089,100
2023-11-17 18:00:00+05:30,13.7,18.0,23.3,988.8,100.0,100
2023-11-17 19:00:00+05:30,14.8,18.0,22.3,989.0,98.9752748295362,100
2023-11-17 20:00:00+05:30,14.0,23.0,21.3,989.2,100.0,100
2023-11-17 21:00:00+05:30,12.2,28.0,20.3,989.3,100.0,100
2023-11-17 22:00:00+05:30,11.1,25.0,19.4,989.3,74.2746117475372,100
2023-11-17 23:00:00+05:30,11.1,25.0,18.7,988.9,71.13628510936094,100
2023-11-18 00:00:00+05:30,11.1,29.0,18.1,988.5,73.40865782682289,100
2023-11-18 01:00:00+05:30,10.4,34.0,17.1,988.1,57.547190481891484,100
2023-11-18 02:00:00+05:30,10.8,30.0,16.5,987.7,64.18353629716944,100
2023-11-18 03:00:00+05:30,11.1,25.0,16.0,987.7,71.3390376016916,100
2023-11-18 04:00:00+05:30,11.2,33.0,15.6,987.4,77.21551086831116,100
2023-11-18 05:00:00+05:30,11.5,44.0,15.3,987.5,85.04896495787264,100
2023-11-18 06:00:00+05:30,9.7,63.0,14.3,988.7,42.57488835282569,100
2023-11-18 07:00:00+05:30,9.4,72.0,14.4,989.2,35.034788475591,100
2023-11-18 08:00:00+05:30,8.2,75.0,16.5,989.6,19.221010781794458,100
2023-11-18 09:00:00+05:30,8.7,73.0,19.1,990.2,27.916012621918,100
2023-11-18 10:00:00+05:30,9.8,73.0,21.6,990.6,43.12407167414639,100
2023-11-18 11:00:00+05:30,10.6,72.0,23.9,990.0,59.354518263216654,100
2023-11-18 12:00:00+05:30,10.3,65.0,25.5,988.8,51.14716111804709,100
2023-11-18 13:00:00+05:30,7.1,45.0,25.9,987.9,10.349603006103658,100
2023-11-18 14:00:00+05:30,7.2,18.0,26.2,987.1,10.268442384436382,100
2023-11-18 15:00:00+05:30,8.7,7.0,26.2,986.7,24.446155909335065,100
2023-11-18 16:00:00+05:30,10.5,6.0,25.9,986.7,54.758610874339645,100
2023-11-18 17:00:00+05:30,9.5,9.0,24.2,987.0,38.33237646359106,100
2023-11-18 18:00:00+05:30,10.6,18.0,22.9,987.1,61.58358286506846,100
2023-11-18 19:00:00+05:30,9.3,28.0,21.7,987.6,33.630079355587725,100
2023-11-18 20:00:00+05:30,9.5,11.0,20.8,987.9,38.72911429440112,100
2023-11-18 21:00:00+05:30,11.4,13.0,20.2,988.2,82.07016256513967,100
2023-11-18 22:00:00+05:30,10.8,21.0,19.5,988.2,66.17692393803343,100
2023-11-18 23:00:00+05:30,10.2,23.0,18.8,987.9,51.30027195210442,100
2023-11-19 00:00:00+05:30,9.7,39.0,18.1,987.5,40.009392582262166,100
2023-11-19 01:00:00+05:30,10.0,69.0,17.7,987.1,49.154869077694975,100
2023-11-19 02:00:00+05:30,9.5,61.0,16.9,987.1,39.51004352094189,100
2023-11-19 03:00:00+05:30,7.1,60.0,16.2,986.9,9.8650759327868,100
2023-11-19 04:00:00+05:30,6.8,58.0,16.0,987.0,6.709555490290999,100
2023-11-19 05:00:00+05:30,7.1,45.0,15.7,987.3,11.020277703560982,100
2023-11-19 06:00:00+05:30,5.6,15.0,16.3,988.0,2.5492095637906704,100
2023-11-19 07:00:00+05:30,9.0,23.0,14.6,988.4,30.386946692747337,100
2023-11-19 08:00:00+05:30,5.3,62.0,16.7,989.2,2.118661954058492,100
2023-11-19 09:00:00+05:30,6.5,71.0,19.8,990.2,4.916251952403897,100
2023-11-19 10:00:00+05:30,8.6,68.0,22.4,990.6,24.280722391692667,100
2023-11-19 11:00:00+05:30,10.9,44.0,24.4,990.1,69.85828726263078,100
2023-11-19 12:00:00+05:30,12.8,38.0,26.0,989.6,100.0,100
2023-11-19 13:00:00+05:30,12.0,39.0,26.8,988.7,99.87493889763165,100
2023-11-19 14:00:00+05:30,10.5,38.0,27.1,987.9,58.221240388863315,100
2023-11-19 15:00:00+05:30,10.2,32.0,27.2,987.6,51.637318657220014,100
2023-11-19 16:00:00+05:30,10.5,27.0,26.9,987.7,57.11388837621863,100
2023-11-19 17:00:00+05:30,10.3,12.0,25.3,987.9,55.24722875157536,100
2023-11-19 18:00:00+05:30,9.4,18.0,23.1,988.1,35.057046043880646,100
2023-11-19 19:00:00+05:30,10.8,360.0,22.3,988.8,65.75517589668632,100
2023-11-19 20:00:00+05:30,11.9,357.0,21.3,989.1,95.32917354453639,100
2023-11-19 21:00:00+05:30,10.9,8.0,20.2,989.1,65.98318183129932,100
2023-11-19 22:00:00+05:30,10.3,25.0,19.2,989.2,55.24435219910761,100
2023-11-19 23:00:00+05:30,10.7,48.0,18.8,989.0,63.21328123664349,100
2023-11-20 00:00:00+05:30,11.1,61.0,18.5,988.8,71.78662197233393,100
2023-11-20 01:00:00+05:30,11.1,61.0,17.9,988.4,71.65528364764985,100
2023-11-20 02:00:00+05:30,10.6,62.0,17.2,988.4,60.03236549264518,100
2023-11-20 03:00:00+05:30,11.0,38.0,16.3,988.2,67.74150368306634,100
2023-11-20 04:00:00+05:30,11.0,49.0,15.6,988.4,72.07321929911859,100
2023-11-20 05:00:00+05:30,11.8,59.0,15.4,988.6,91.55429763502394,100
2023-11-20 06:00:00+05:30,12.6,70.0,15.1,989.3,100.0,100
2023-11-20 07:00:00+05:30,13.1,74.0,15.1,990.0,100.0,100
2023-11-20 08:00:00+05:30,11.6,74.0,16.9,990.9,87.65071186355097,100
2023-11-20 09:00:00+05:30,9.5,65.0,19.6,991.8,38.75113061165978,100
2023-11-20 10:00:00+05:30,12.1,63.0,22.3,992.0,100.0,100
2023-11-20 11:00:00+05:30,14.5,63.0,24.9,991.6,98.31852847578608,100
2023-11-20 12:00:00+05:30,17.7,63.0,26.9,990.7,94.89242617017477,100
2023-11-20 13:00:00+05:30,16.3,55.0,27.8,989.6,98.85051335640162,100
2023-11-20 14:00:00+05:30,17.3,47.0,28.2,988.8,100.0,100
2023-11-20 15:00:00+05:30,19.1,44.0,28.3,988.5,100.0,100
2023-11-20 16:00:00+05:30,19.9,46.0,27.7,988.6,99.58726858913195,100
2023-11-20 17:00:00+05:30,15.8,41.0,26.1,988.7,99.31588568243498,100
2023-11-20 18:00:00+05:30,14.5,23.0,23.9,989.0,100.0,100
2023-11-20 19:00:00+05:30,15.2,22.0,22.8,989.5,98.46808690971713,100
2023-11-20 20:00:00+05:30,15.4,33.0,21.9,989.7,100.0,100
2023-11-20 21:00:00+05:30,15.1,40.0,21.1,990.0,100.0,100
2023-11-20 22:00:00+05:30,15.5,44.0,20.4,990.2,99.37496914272351,100
2023-11-20 23:00:00+05:30,15.1,50.0,19.7,990.1,100.0,100
2023-11-21 00:00:00+05:30,14.4,53.0,18.9,990.1,97.15086675582093,100
2023-11-21 01:00:00+05:30,14.9,58.0,18.2,989.5,100.0,100
2023-11-21 02:00:00+05:30,14.7,65.0,17.6,989.1,99.7163628997896,100
2023-11-21 03:00:00+05:30,13.1,74.0,16.8,988.8,100.0,100
2023-11-21 04:00:00+05:30,12.6,77.0,16.3,988.8,98.35846657945592,100
2023-11-21 05:00:00+05:30,13.0,87.0,15.9,988.8,98.41033506192183,100
2023-11-21 06:00:00+05:30,13.1,98.0,15.3,989.4,94.26120776319958,100
2023-11-21 07:00:00+05:30,12.6,95.0,15.3,990.2,100.0,100
2023-11-21 08:00:00+05:30,11.2,88.0,17.1,991.0,76.78034941846173,100
2023-11-21 09:00:00+05:30,9.8,84.0,19.8,991.8,44.42243176756991,100
2023-11-21 10:00:00+05:30,11.8,78.0,22.4,992.0,94.84529522327676,100
2023-11-21 11:00:00+05:30,13.8,70.0,24.8,991.2,100.0,100
2023-11-21 12:00:00+05:30,13.9,59.0,26.4,990.5,99.02285013200328,100
2023-11-21 13:00:00+05:30,12.7,45.0,27.4,989.2,93.84137431948028,100
2023-11-21 14:00:00+05:30,12.7,35.0,27.9,988.5,99.99684673543632,100
2023-11-21 15:00:00+05:30,13.0,28.0,27.9,988.0,100.0,100
2023-11-21 16:00:00+05:30,13.7,23.0,27.5,987.9,100.0,100
2023-11-21 17:00:00+05:30,12.3,15.0,25.7,987.9,100.0,100
2023-11-21 18:00:00+05:30,11.0,19.0,23.2,988.4,71.20527626072393,100
2023-11-21 19:00:00+05:30,11.3,22.0,22.0,988.8,76.65494371653281,100
2023-11-21 20:00:00+05:30,11.0,32.0,20.9,988.9,66.82010811843813,100
2023-11-21 21:00:00+05:30,10.2,48.0,19.9,989.3,51.48826892106532,100
2023-11-21 22:00:00+05:30,9.8,62.0,19.1,989.2,43.94426866717077,100
2023-11-21 23:00:00+05:30,9.5,79.0,18.5,988.7,37.90812285642745,100
2023-11-22 00:00:00+05:30,9.4,92.0,17.8,987.8,37.01414508350204,100
2023-11-22 01:00:00+05:30,10.1,107.0,17.3,987.1,49.47281715618403,100
2023-11-22 02:00:00+05:30,10.1,117.0,16.8,986.6,49.82808065070485,100
2023-11-22 03:00:00+05:30,10.6,125.0,16.4,986.3,61.14414026090292,100
2023-11-22 04:00:00+05:30,10.5,128.0,15.9,986.3,57.89690323889235,100
2023-11-22 05:00:00+05:30,9.4,130.0,15.2,986.5,36.062089439216045,100
2023-11-22 06:00:00+05:30,10.4,134.0,14.6,987.0,56.887194900782376,100
2023-11-22 07:00:00+05:30,12.2,152.0,14.7,987.6,98.27758976682331,100
2023-11-22 08:00:00+05:30,10.9,163.0,16.5,988.5,66.4445190907442,100
2023-11-22 09:00:00+05:30,9.7,158.0,20.1,989.4,41.26019472630299,100
2023-11-22 10:00:00+05:30,10.0,154.0,23.4,989.4,48.63920299138077,100
2023-11-22 11:00:00+05:30,10.0,167.0,25.4,988.8,47.48287949737317,100
2023-11-22 12:00:00+05:30,7.5,197.0,26.6,988.0,12.559590741550194,100
2023-11-22 13:00:00+05:30,6.9,231.0,27.4,987.0,7.1892681168958745,100
2023-11-22 14:00:00+05:30,7.3,259.0,27.9,986.2,10.490869455845761,100
2023-11-22 15:00:00+05:30,8.3,270.0,28.0,985.8,21.59791637160623,100
2023-11-22 16:00:00+05:30,8.7,275.0,27.7,985.5,28.061862335211167,100
2023-11-22 17:00:00+05:30,7.3,281.0,25.4,985.5,10.700993628291705,100
2023-11-22 18:00:00+05:30,9.7,270.0,23.8,985.6,40.46078832772215,100
2023-11-22 19:00:00+05:30,9.5,261.0,22.7,986.1,38.3821324660913,100
2023-11-22 20:00:00+05:30,10.4,236.0,21.8,986.2,55.15872864595867,100
2023-11-22 21:00:00+05:30,10.1,235.0,20.9,986.4,50.85251073133171,100
2023-11-22 22:00:00+05:30,7.9,240.0,20.5,986.1,14.27198299880975,100
2023-11-22 23:00:00+05:30,6.0,237.0,21.4,985.7,4.106147964004634,100
2023-11-23 00:00:00+05:30,10.0,195.0,19.1,984.9,45.28220644949226,100
2023-11-23 01:00:00+05:30,10.0,193.0,18.5,984.5,47.02474306703744,100
2023-11-23 02:00:00+05:30,11.8,192.0,18.6,984.1,93.66326939986082,100
2023-11-23 03:00:00+05:30,12.6,185.0,18.0,984.0,96.99937657229947,100
2023-11-23 04:00:00+05:30,13.4,174.0,16.7,983.8,97.35547077490126,100
2023-11-23 05:00:00+05:30,13.6,169.0,16.2,983.9,100.0,100
2023-11-23 06:00:00+05:30,13.3,167.0,16.1,984.4,100.0,100
2023-11-23 07:00:00+05:30,15.0,163.0,16.3,985.0,97.58747141940063,100
2023-11-23 08:00:00+05:30,14.8,167.0,18.5,985.6,97.87619692119985,100
2023-11-23 09:00:00+05:30,14.6,170.0,21.8,986.4,100.0,100
2023-11-23 10:00:00+05:30,14.3,170.0,25.1,986.6,99.15985282913415,100
2023-11-23 11:00:00+05:30,17.3,180.0,27.2,986.1,96.79770885041819,100
2023-11-23 12:00:00+05:30,15.5,192.0,28.5,985.0,97.87775034654261,100
2023-11-23 13:00:00+05:30,12.4,206.0,29.3,983.8,100.0,100
2023-11-23 14:00:00+05:30,10.4,214.0,29.7,983.1,56.53801457232466,100
2023-11-23 15:00:00+05:30,8.7,218.0,29.7,982.5,25.873555548738178,100
2023-11-23 16:00:00+05:30,6.9,219.0,29.5,982.5,8.646820375441624,100
2023-11-23 17:00:00+05:30,4.8,193.0,27.0,982.6,0.6425529548495469,100
2023-11-23 18:00:00+05:30,5.5,169.0,25.5,983.1,2.995286990130468,100
2023-11-23 19:00:00+05:30,9.2,169.0,23.6,983.6,31.229807114320316,100
2023-11-23 20:00:00+05:30,9.7,184.0,22.4,984.2,38.33762313747359,100
2023-11-23 21:00:00+05:30,10.1,207.0,21.5,984.7,49.03144210987244,100
2023-11-23 22:00:00+05:30,10.4,194.0,20.8,985.0,58.153928875718044,100
2023-11-23 23:00:00+05:30,12.3,177.0,20.0,985.0,98.39943795526027,100
2023-11-24 00:00:00+05:30,12.3,183.0,19.3,984.7,100.0,100
2023-11-24 01:00:00+05:30,12.3,185.0,18.7,984.4,97.49721315722279,100
2023-11-24 02:00:00+05:30,8.2,203.0,17.7,984.2,19.31453415086483,100
2023-11-24 03:00:00+05:30,6.2,280.0,18.0,984.6,4.669490050495724,100
2023-11-24 04:00:00+05:30,3.7,281.0,19.3,984.9,0.0,100
2023-11-24 05:00:00+05:30,2.9,263.0,19.0,985.3,0.0,100
2023-11-24 06:00:00+05:30,8.3,180.0,15.5,985.6,19.974891227501058,100
2023-11-24 07:00:00+05:30,7.7,169.0,15.1,986.4,13.528076165265789,100
2023-11-24 08:00:00+05:30,7.3,169.0,17.6,987.6,10.99378736115826,100
2023-11-24 09:00:00+05:30,6.0,163.0,21.6,988.8,4.630623914486421,100
2023-11-24 10:00:00+05:30,2.9,150.0,24.9,989.5,0.0,100
2023-11-24 11:00:00+05:30,2.3,51.0,26.8,989.4,0.0,100
2023-11-24 12:00:00+05:30,4.1,45.0,28.0,988.2,0.6917031004712614,100
2023-11-24 13:00:00+05:30,6.8,58.0,28.9,987.2,8.674390060556522,100
2023-11-24 14:00:00+05:30,10.0,60.0,29.4,986.6,48.23936493544627,100
2023-11-24 15:00:00+05:30,12.1,53.0,29.4,986.2,98.10942550593636,100
2023-11-24 16:00:00+05:30,12.8,50.0,29.1,986.3,100.0,100
2023-11-24 17:00:00+05:30,9.6,34.0,27.2,986.6,40.76354463202909,100
2023-11-24 18:00:00+05:30,9.9,10.0,24.6,987.1,45.85618108755119,100
2023-11-24 19:00:00+05:30,11.7,11.0,23.5,987.8,89.42408478792456,100
2023-11-24 20:00:00+05:30,13.5,25.0,22.6,988.2,95.69082862151411,100
2023-11-24 21:00:00+05:30,12.2,43.0,21.6,988.5,97.96712263264143,100
2023-11-24 22:00:00+05:30,12.7,45.0,20.7,988.6,100.0,100
2023-11-24 23:00:00+05:30,18.2,60.0,20.6,988.6,100.0,100
2023-11-25 00:00:00+05:30,19.4,75.0,20.5,988.3,99.20698677438098,100
2023-11-25 01:00:00+05:30,17.8,83.0,19.4,987.9,100.0,100
2023-11-25 02:00:00+05:30,15.2,83.0,18.4,987.6,100.0,100
2023-11-25 03:00:00+05:30,13.1,82.0,17.7,987.6,96.80630452821099,100
2023-11-25 04:00:00+05:30,12.8,80.0,17.2,987.7,100.0,100
2023-11-25 05:00:00+05:30,13.0,84.0,17.0,987.8,100.0,100
2023-11-25 06:00:00+05:30,13.3,93.0,16.3,988.4,97.94339032767267,100
2023-11-25 07:00:00+05:30,11.9,88.0,16.2,989.0,95.32007164458355,100
2023-11-25 08:00:00+05:30,10.9,81.0,17.3,989.6,67.31210922590019,100
2023-11-25 09:00:00+05:30,11.1,65.0,19.6,990.7,71.18739324989106,100
2023-11-25 10:00:00+05:30,13.9,53.0,21.8,991.0,100.0,100
2023-11-25 11:00:00+05:30,15.0,60.0,23.9,990.5,100.0,100
2023-11-25 12:00:00+05:30,16.6,63.0,25.8,989.2,98.17636925471324,100
2023-11-25 13:00:00+05:30,13.8,62.0,26.9,988.2,99.42231542350851,100
2023-11-25 14:00:00+05:30,12.7,61.0,27.2,987.3,98.52948948879136,100
2023-11-25 15:00:00+05:30,12.1,60.0,26.9,987.0,100.0,100
2023-11-25 16:00:00+05:30,12.5,57.0,26.9,987.1,97.96600898054876,100
2023-11-25 17:00:00+05:30,9.7,48.0,25.4,987.1,43.08919497098059,100
2023-11-25 18:00:00+05:30,10.2,32.0,23.8,987.3,51.136828609360016,100
2023-11-25 19:00:00+05:30,13.1,37.0,22.9,987.6,99.61788984950063,100
2023-11-25 20:00:00+05:30,13.1,37.0,22.4,988.0,97.85549687171832,100
2023-11-25 21:00:00+05:30,12.6,37.0,21.7,988.5,100.0,100
2023-11-25 22:00:00+05:30,13.2,45.0,21.3,988.5,98.09008223764846,100
2023-11-25 23:00:00+05:30,13.3,52.0,20.7,988.3,99.63582553640714,100
2023-11-26 00:00:00+05:30,12.4,54.0,20.0,988.0,98.87883132711727,100
2023-11-26 01:00:00+05:30,14.1,52.0,19.5,987.4,100.0,100
2023-11-26 02:00:00+05:30,16.5,54.0,19.2,986.8,100.0,100
2023-11-26 03:00:00+05:30,17.1,62.0,18.9,986.4,96.47424478928504,100
2023-11-26 04:00:00+05:30,15.6,61.0,18.7,986.4,100.0,100
2023-11-26 05:00:00+05:30,12.3,52.0,18.3,986.5,100.0,100
2023-11-26 06:00:00+05:30,9.1,99.0,17.0,987.5,28.907738541658443,100
2023-11-26 07:00:00+05:30,15.7,169.0,17.2,988.9,99.62696832138577,100
2023-11-26 08:00:00+05:30,13.7,85.0,18.3,988.4,100.0,100
2023-11-26 09:00:00+05:30,10.1,186.0,18.7,990.6,49.19464252838399,100
2023-11-26 10:00:00+05:30,7.3,11.0,18.8,989.9,9.843389870543792,100
2023-11-26 11:00:00+05:30,10.6,350.0,19.6,989.5,62.49494173844792,100
2023-11-26 12:00:00+05:30,12.7,15.0,19.5,989.3,100.0,100
2023-11-26 13:00:00+05:30,16.0,23.0,18.9,987.8,100.0,100
2023-11-26 14:00:00+05:30,20.6,36.0,19.4,986.9,97.79765036764583,100
2023-11-26 15:00:00+05:30,21.6,37.0,19.3,985.9,100.0,100
2023-11-26 16:00:00+05:30,22.1,56.0,19.1,985.8,100.0,100
2023-11-26 17:00:00+05:30,16.1,51.0,18.3,986.0,100.0,100
2023-11-26 18:00:00+05:30,16.7,71.0,18.3,986.4,100.0,100
2023-11-26 19:00:00+05:30,15.6,75.0,17.8,987.4,97.54128536370006,100
2023-11-26 20:00:00+05:30,11.9,85.0,17.5,987.6,96.91868721969058,100
2023-11-26 21:00:00+05:30,9.7,63.0,17.0,988.0,39.256618176954376,100
2023-11-26 22:00:00+05:30,3.3,354.0,16.5,988.5,0.0,100
2023-11-26 23:00:00+05:30,7.6,71.0,16.6,988.2,13.220518968678341,100
2023-11-27 00:00:00+05:30,9.0,74.0,16.7,987.4,30.644536021558974,100
2023-11-27 01:00:00+05:30,10.9,44.0,16.6,986.6,66.68192666193053,100
2023-11-27 02:00:00+05:30,11.3,37.0,16.1,985.9,77.24561605989193,100
2023-11-27 03:00:00+05:30,12.5,49.0,15.8,985.8,100.0,100
2023-11-27 04:00:00+05:30,15.5,48.0,15.9,985.7,94.21101834279342,100
2023-11-27 05:00:00+05:30,16.6,51.0,15.4,985.7,100.0,100
2023-11-27 06:00:00+05:30,14.2,74.0,15.8,986.5,97.34100156784787,100
2023-11-27 07:00:00+05:30,10.8,64.0,15.5,986.8,67.43427039851805,100
2023-11-27 08:00:00+05:30,12.3,69.0,16.5,987.6,99.1815145897501,100
2023-11-27 09:00:00+05:30,11.3,63.0,17.8,988.5,80.6034235561009,100
2023-11-27 10:00:00+05:30,10.0,30.0,19.0,989.0,47.303599272173194,100
2023-11-27 11:00:00+05:30,14.7,17.0,19.8,988.2,100.0,100
2023-11-27 12:00:00+05:30,16.1,20.0,20.6,987.6,100.0,100
2023-11-27 13:00:00+05:30,19.8,19.0,21.1,986.8,100.0,100
2023-11-27 14:00:00+05:30,21.6,24.0,21.4,985.7,99.66625686493724,100
2023-11-27 15:00:00+05:30,20.4,21.0,21.2,985.6,100.0,100
2023-11-27 16:00:00+05:30,20.2,19.0,20.4,985.5,100.0,100
2023-11-27 17:00:00+05:30,15.3,15.0,19.3,985.7,100.0,100
2023-11-27 18:00:00+05:30,13.9,17.0,18.2,986.1,99.91882747813018,100
2023-11-27 19:00:00+05:30,15.6,23.0,17.6,987.1,100.0,100
2023-11-27 20:00:00+05:30,13.5,34.0,17.2,987.6,99.1890271089181,100
2023-11-27 21:00:00+05:30,13.0,34.0,16.7,987.9,100.0,100
2023-11-27 22:00:00+05:30,10.7,45.0,16.1,988.0,64.15431960607094,100
2023-11-27 23:00:00+05:30,9.5,65.0,15.6,987.7,38.038084050997476,100
2023-11-28 00:00:00+05:30,7.1,60.0,14.9,987.1,9.10728491849252,100
2023-11-28 01:00:00+05:30,8.0,27.0,14.5,986.8,17.265831267798852,100
2023-11-28 02:00:00+05:30,8.6,22.0,14.3,986.7,24.096753383554063,100
2023-11-28 03:00:00+05:30,8.6,22.0,13.9,986.4,23.198708920166897,100
2023-11-28 04:00:00+05:30,10.0,21.0,13.7,986.5,48.037696074408785,100
2023-11-28 05:00:00+05:30,8.7,24.0,13.4,986.4,25.06704066347753,100
2023-11-28 06:00:00+05:30,9.2,11.0,13.5,987.0,31.98590473613335,100
2023-11-28 07:00:00+05:30,9.8,17.0,13.5,987.8,44.408523354024794,100
2023-11-28 08:00:00+05:30,9.8,17.0,14.5,988.5,42.315470530098395,100
2023-11-28 09:00:00+05:30,9.4,2.0,16.2,989.1,38.316965064321835,100
2023-11-28 10:00:00+05:30,10.5,4.0,18.2,989.4,56.451779739419166,100
2023-11-28 11:00:00+05:30,12.4,10.0,19.9,988.8,100.0,100
2023-11-28 12:00:00+05:30,14.4,1.0,20.9,987.9,99.3061145060797,100
2023-11-28 13:00:00+05:30,17.0,5.0,21.5,986.9,100.0,100
2023-11-28 14:00:00+05:30,18.7,11.0,21.9,986.3,97.71468260823923,100
2023-11-28 15:00:00+05:30,19.7,15.0,21.9,985.8,100.0,100
2023-11-28 16:00:00+05:30,18.2,14.0,21.5,985.6,98.01718759901775,100
2023-11-28 17:00:00+05:30,14.8,4.0,20.1,985.7,100.0,100
2023-11-28 18:00:00+05:30,11.6,5.0,19.0,986.3,88.28831232981452,100
2023-11-28 19:00:00+05:30,10.7,12.0,18.2,986.6,62.85622876730524,100
2023-11-28 20:00:00+05:30,9.7,15.0,17.5,987.0,39.20446143618982,100
2023-11-28 21:00:00+05:30,8.2,15.0,16.9,987.5,19.532991715082954,100
2023-11-28 22:00:00+05:30,8.4,10.0,16.5,987.6,20.97739465937611,100
2023-11-28 23:00:00+05:30,7.5,17.0,15.9,987.4,11.764863452699391,100
2023-11-29 00:00:00+05:30,7.4,39.0,15.5,986.9,12.172604532523893,100
2023-11-29 01:00:00+05:30,6.9,51.0,15.1,986.7,6.686831038043252,100
2023-11-29 02:00:00+05:30,7.4,51.0,14.8,986.5,10.3841098218596,100
2023-11-29 03:00:00+05:30,6.9,47.0,14.4,986.4,8.129643841962547,100
2023-11-29 04:00:00+05:30,6.3,31.0,14.0,986.3,4.218502681805766,100
2023-11-29 05:00:00+05:30,7.6,25.0,13.8,986.4,12.213521980358031,100
2023-11-29 06:00:00+05:30,7.1,24.0,13.8,987.1,8.418334580424622,100
2023-11-29 07:00:00+05:30,6.2,21.0,13.4,987.9,4.649926493573336,100
2023-11-29 08:00:00+05:30,4.8,13.0,14.9,988.6,0.0,100
2023-11-29 09:00:00+05:30,4.8,13.0,16.9,989.4,0.24138408234549114,100
2023-11-29 10:00:00+05:30,8.1,21.0,19.0,990.0,19.22703740393218,100
2023-11-29 11:00:00+05:30,10.7,33.0,20.4,989.3,64.27428672479891,100
2023-11-29 12:00:00+05:30,10.7,42.0,21.3,988.5,63.26602157035683,100
2023-11-29 13:00:00+05:30,10.0,41.0,22.0,987.2,46.45028982806482,100
2023-11-29 14:00:00+05:30,9.8,36.0,22.5,986.5,42.98236137246919,100
2023-11-29 15:00:00+05:30,8.7,30.0,22.8,986.4,24.051811302944785,100
2023-11-29 16:00:00+05:30,8.4,25.0,22.6,986.4,21.720663597893324,100
2023-11-29 17:00:00+05:30,6.6,13.0,20.6,986.6,7.79868776349933,100
2023-11-29 18:00:00+05:30,10.8,356.0,19.2,986.8,66.93441618095291,100
2023-11-29 19:00:00+05:30,10.4,358.0,18.3,987.3,55.50368156277732,100
2023-11-29 20:00:00+05:30,9.4,356.0,17.6,987.7,34.890779890527426,100
2023-11-29 21:00:00+05:30,8.5,12.0,16.9,988.0,21.8335002247235,100
2023-11-29 22:00:00+05:30,8.9,47.0,16.5,987.9,29.05017308581231,100
2023-11-29 23:00:00+05:30,9.3,77.0,16.2,987.6,33.72081564355541,100
2023-11-30 00:00:00+05:30,9.3,106.0,15.9,987.3,34.02653792714568,100
2023-11-30 01:00:00+05:30,9.3,118.0,15.6,987.0,34.274657339335185,100
2023-11-30 02:00:00+05:30,7.9,133.0,15.1,987.0,16.33644357387728,100
2023-11-30 03:00:00+05:30,6.1,130.0,15.1,986.9,3.227965372255314,100
2023-11-30 04:00:00+05:30,4.1,128.0,16.5,987.0,1.2416025411528844,100
2023-11-30 05:00:00+05:30,1.1,108.0,16.8,987.4,0.0,100
2023-11-30 06:00:00+05:30,2.2,180.0,17.5,987.8,1.3729038381448115,100
2023-11-30 07:00:00+05:30,0.4,360.0,17.5,988.4,0.9941696544271676,100
2023-11-30 08:00:00+05:30,1.8,323.0,17.3,989.0,1.202358524314577,100
2023-11-30 09:00:00+05:30,2.9,7.0,18.9,989.6,0.0,100
2023-11-30 10:00:00+05:30,5.5,11.0,20.9,990.0,2.4519878095355137,100
2023-11-30 11:00:00+05:30,8.7,7.0,22.1,989.6,26.095638819059896,100
2023-11-30 12:00:00+05:30,12.3,5.0,23.0,988.7,98.59209107515689,100
2023-11-30 13:00:00+05:30,14.6,9.0,23.6,987.8,100.0,100
2023-11-30 14:00:00+05:30,17.5,8.0,23.8,987.1,100.0,100
2023-11-30 15:00:00+05:30,18.2,9.0,23.6,986.9,100.0,100
2023-11-30 16:00:00+05:30,15.9,6.0,23.0,987.1,96.60407914150481,100
2023-11-30 17:00:00+05:30,11.9,3.0,21.3,987.5,95.8819675774852,100
2023-11-30 18:00:00+05:30,12.6,357.0,20.4,987.8,100.0,100
2023-11-30 19:00:00+05:30,13.0,14.0,19.7,988.4,100.0,100
2023-11-30 20:00:00+05:30,12.5,49.0,18.9,988.8,97.5153674655748,100
2023-11-30 21:00:00+05:30,10.4,76.0,17.9,989.4,54.37535612085186,100
2023-11-30 22:00:00+05:30,10.4,90.0,17.4,989.5,54.260871630231165,100
2023-11-30 23:00:00+05:30,10.8,92.0,16.9,989.3,67.55055394022884,100
2023-12-01 00:00:00+05:30,10.1,94.0,16.3,989.0,48.088149223715604,100
2023-12-01 01:00:00+05:30,10.8,92.0,15.9,988.6,66.56929060941454,100
2023-12-01 02:00:00+05:30,11.5,90.0,15.8,988.7,86.00361692736114,100
2023-12-01 03:00:00+05:30,11.2,86.0,15.4,988.7,74.8816593770633,100
2023-12-01 04:00:00+05:30,9.7,86.0,14.9,988.5,43.248707168059084,100
2023-12-01 05:00:00+05:30,10.7,78.0,14.7,988.7,65.55609001330069,100
2023-12-01 06:00:00+05:30,10.9,73.0,15.0,989.1,66.27593055705324,100
2023-12-01 07:00:00+05:30,11.3,63.0,14.8,989.7,77.90493434183293,100
2023-12-01 08:00:00+05:30,10.4,56.0,16.1,990.4,54.771035290312895,100
2023-12-01 09:00:00+05:30,9.0,61.0,18.2,991.2,30.879626964575547,100
2023-12-01 10:00:00+05:30,13.1,69.0,20.1,991.8,100.0,100
2023-12-01 11:00:00+05:30,15.5,65.0,21.7,991.3,96.98326910542237,100
2023-12-01 12:00:00+05:30,18.6,54.0,23.2,990.2,97.34329309752651,100
2023-12-01 13:00:00+05:30,22.5,49.0,24.4,989.0,100.0,100
2023-12-01 14:00:00+05:30,24.7,48.0,24.8,988.4,100.0,100
2023-12-01 15:00:00+05:30,23.7,49.0,24.6,988.0,98.76161512262937,100
2023-12-01 16:00:00+05:30,20.2,51.0,23.7,987.8,100.0,100
2023-12-01 17:00:00+05:30,18.0,53.0,21.7,988.2,100.0,100
2023-12-01 18:00:00+05:30,15.1,50.0,19.8,988.6,100.0,100
2023-12-01 19:00:00+05:30,15.0,55.0,18.9,989.2,100.0,100
2023-12-01 20:00:00+05:30,14.9,58.0,18.3,989.7,100.0,100
2023-12-01 21:00:00+05:30,14.4,58.0,17.7,990.2,98.663882133002,100
2023-12-01 22:00:00+05:30,12.7,61.0,17.0,990.2,100.0,100
2023-12-01 23:00:00+05:30,11.9,61.0,16.4,989.9,97.21088545686428,100
2023-12-02 00:00:00+05:30,11.5,58.0,15.9,989.5,86.22846482497434,100
2023-12-02 01:00:00+05:30,11.5,58.0,15.4,989.1,81.38766168624295,100
2023-12-02 02:00:00+05:30,11.6,68.0,15.0,988.8,86.49269959760842,100
2023-12-02 03:00:00+05:30,11.8,78.0,14.6,988.6,89.67713099961865,100
2023-12-02 04:00:00+05:30,11.9,76.0,14.2,988.7,96.59242381171303,100
2023-12-02 05:00:00+05:30,12.4,64.0,13.9,988.9,96.5524905178545,100
2023-12-02 06:00:00+05:30,11.4,55.0,14.0,990.0,84.12248656166673,100
2023-12-02 07:00:00+05:30,11.5,58.0,13.6,990.4,81.4476647619775,100
2023-12-02 08:00:00+05:30,10.9,63.0,14.8,990.8,66.6023111034637,100
2023-12-02 09:00:00+05:30,9.7,59.0,16.9,991.5,42.99170236065906,100
2023-12-02 10:00:00+05:30,12.3,58.0,19.0,991.9,98.93775172304358,100
2023-12-02 11:00:00+05:30,14.7,54.0,20.9,991.3,100.0,100
2023-12-02 12:00:00+05:30,16.9,52.0,22.3,990.4,100.0,100
2023-12-02 13:00:00+05:30,18.9,48.0,23.5,989.2,99.42773873264993,100
2023-12-02 14:00:00+05:30,20.4,45.0,24.2,988.6,97.03886158204277,100
2023-12-02 15:00:00+05:30,21.4,44.0,24.3,987.9,100.0,100
2023-12-02 16:00:00+05:30,18.6,41.0,23.6,987.8,96.22418828773003,100
2023-12-02 17:00:00+05:30,14.8,34.0,21.4,987.9,100.0,100
2023-12-02 18:00:00+05:30,14.3,34.0,19.6,988.6,99.87535636283864,100
2023-12-02 19:00:00+05:30,14.6,38.0,18.7,989.3,99.54537235699839,100
2023-12-02 20:00:00+05:30,14.5,46.0,18.0,989.7,100.0,100
2023-12-02 21:00:00+05:30,14.8,47.0,17.4,989.9,100.0,100
2023-12-02 22:00:00+05:30,14.0,48.0,16.7,990.0,99.58976491870938,100
2023-12-02 23:00:00+05:30,13.2,47.0,16.1,989.8,100.0,100
2023-12-03 00:00:00+05:30,13.0,48.0,15.5,989.7,99.99003994273413,100
2023-12-03 01:00:00+05:30,12.8,50.0,15.0,989.3,96.53758391494104,100
2023-12-03 02:00:00+05:30,12.7,55.0,14.6,989.1,100.0,100
2023-12-03 03:00:00+05:30,12.7,55.0,14.3,988.9,96.36307891535441,100
2023-12-03 04:00:00+05:30,12.7,55.0,14.0,988.8,100.0,100
2023-12-03 05:00:00+05:30,13.4,59.0,13.6,988.8,100.0,100
2023-12-03 06:00:00+05:30,12.6,66.0,13.5,989.7,100.0,100
2023-12-03 07:00:00+05:30,12.4,64.0,13.3,990.2,100.0,100
2023-12-03 08:00:00+05:30,11.6,60.0,14.6,991.0,87.80268034994478,100
2023-12-03 09:00:00+05:30,9.7,51.0,16.8,991.8,42.902579552287406,100
2023-12-03 10:00:00+05:30,12.0,49.0,18.9,992.1,100.0,100
2023-12-03 11:00:00+05:30,14.0,44.0,21.0,991.7,100.0,100
2023-12-03 12:00:00+05:30,16.3,41.0,22.7,990.6,97.77008590043891,100
2023-12-03 13:00:00+05:30,17.0,36.0,23.8,989.5,100.0,100
2023-12-03 14:00:00+05:30,17.2,29.0,24.4,988.5,99.12658311378306,100
2023-12-03 15:00:00+05:30,18.1,21.0,24.4,988.0,100.0,100
2023-12-03 16:00:00+05:30,17.8,7.0,23.5,987.8,100.0,100
2023-12-03 17:00:00+05:30,17.5,351.0,20.9,987.7,100.0,100
2023-12-03 18:00:00+05:30,16.3,352.0,19.4,988.7,98.44551999031623,100
2023-12-03 19:00:00+05:30,15.1,3.0,18.5,989.1,100.0,100
2023-12-03 20:00:00+05:30,14.5,14.0,17.7,989.6,100.0,100
2023-12-03 21:00:00+05:30,13.3,33.0,17.0,989.9,100.0,100
2023-12-03 22:00:00+05:30,12.2,47.0,16.2,989.8,100.0,100
2023-12-03 23:00:00+05:30,11.3,59.0,15.5,989.7,76.85809743714796,100
2023-12-04 00:00:00+05:30,10.8,64.0,14.8,989.1,65.20794261852721,100
2023-12-04 01:00:00+05:30,10.7,70.0,14.4,988.6,63.93133190198774,100
2023-12-04 02:00:00+05:30,9.8,62.0,13.8,988.1,42.124853674125816,100
2023-12-04 03:00:00+05:30,9.7,39.0,13.3,987.8,40.723550415457126,100
2023-12-04 04:00:00+05:30,9.0,37.0,12.7,987.5,29.599979231980246,100
2023-12-04 05:00:00+05:30,7.5,55.0,12.5,987.6,14.173523181701746,100
2023-12-04 06:00:00+05:30,8.0,100.0,11.9,988.5,17.58282502553019,100
2023-12-04 07:00:00+05:30,7.6,95.0,12.0,988.9,13.610900068045314,100
2023-12-04 08:00:00+05:30,8.0,80.0,14.3,989.7,16.9782754234829,100
2023-12-04 09:00:00+05:30,5.7,55.0,16.9,991.0,2.131595174140859,100
2023-12-04 10:00:00+05:30,7.0,35.0,19.2,991.2,9.6251921398454,100
2023-12-04 11:00:00+05:30,10.3,29.0,21.1,990.7,51.91406931470246,100
2023-12-04 12:00:00+05:30,12.3,32.0,22.6,989.8,100.0,100
2023-12-04 13:00:00+05:30,13.5,29.0,23.5,988.9,98.57403636589386,100
2023-12-04 14:00:00+05:30,14.8,23.0,24.0,988.1,98.91328606824588,100
2023-12-04 15:00:00+05:30,15.9,18.0,24.0,987.6,100.0,100
2023-12-04 16:00:00+05:30,15.7,11.0,23.4,987.6,100.0,100
2023-12-04 17:00:00+05:30,13.7,355.0,21.1,987.8,99.03328145158444,100
2023-12-04 18:00:00+05:30,12.6,355.0,19.3,988.5,99.22071325110625,100
2023-12-04 19:00:00+05:30,12.3,5.0,18.1,988.8,100.0,100
2023-12-04 20:00:00+05:30,12.3,21.0,17.3,989.2,100.0,100
2023-12-04 21:00:00+05:30,11.0,38.0,16.5,989.5,68.64486010631867,100
2023-12-04 22:00:00+05:30,9.7,75.0,15.5,989.5,40.61560443720016,100
2023-12-04 23:00:00+05:30,10.0,111.0,15.0,989.1,46.64094579125968,100
2023-12-05 00:00:00+05:30,10.0,128.0,14.3,988.5,47.52536106878215,100
2023-12-05 01:00:00+05:30,8.2,131.0,13.7,988.0,17.359703007290417,100
2023-12-05 02:00:00+05:30,9.4,122.0,13.5,987.9,35.234079472613544,100
2023-12-05 03:00:00+05:30,8.7,107.0,13.3,987.6,26.473533081611027,100
2023-12-05 04:00:00+05:30,8.0,100.0,13.3,987.3,16.690021348806972,100
2023-12-05 05:00:00+05:30,7.9,93.0,13.3,987.3,15.651032923171936,100
2023-12-05 06:00:00+05:30,10.9,98.0,12.5,987.7,68.77959334687581,100
2023-12-05 07:00:00+05:30,11.9,95.0,12.4,988.5,99.15262636740172,100
2023-12-05 08:00:00+05:30,10.8,88.0,13.7,989.3,64.6117693149907,100
2023-12-05 09:00:00+05:30,9.8,82.0,16.3,990.1,42.18904345942236,100
2023-12-05 10:00:00+05:30,8.9,76.0,18.7,990.5,29.513218948608596,100
2023-12-05 11:00:00+05:30,10.8,69.0,20.7,990.0,67.10084945391893,100
2023-12-05 12:00:00+05:30,13.0,62.0,22.0,989.0,96.57058831539011,100
2023-12-05 13:00:00+05:30,13.7,55.0,22.8,988.1,100.0,100
2023-12-05 14:00:00+05:30,13.8,41.0,23.3,987.4,100.0,100
2023-12-05 15:00:00+05:30,14.4,37.0,23.5,987.1,100.0,100
2023-12-05 16:00:00+05:30,14.7,36.0,23.1,987.1,98.80389482187546,100
2023-12-05 17:00:00+05:30,12.8,32.0,20.8,987.3,100.0,100
2023-12-05 18:00:00+05:30,12.4,26.0,19.1,987.8,100.0,100
2023-12-05 19:00:00+05:30,12.6,31.0,18.0,988.2,100.0,100
2023-12-05 20:00:00+05:30,11.8,38.0,17.0,988.5,95.39903504032878,100
2023-12-05 21:00:00+05:30,12.3,50.0,16.4,989.0,100.0,100
2023-12-05 22:00:00+05:30,13.1,69.0,15.9,989.2,99.12550728249656,100
2023-12-05 23:00:00+05:30,13.5,81.0,15.2,989.1,100.0,100
2023-12-06 00:00:00+05:30,13.1,81.0,14.8,988.6,98.31407415522789,100
2023-12-06 01:00:00+05:30,12.1,80.0,14.1,988.2,98.40091483810438,100
2023-12-06 02:00:00+05:30,11.4,77.0,13.5,988.0,81.97517671814518,100
2023-12-06 03:00:00+05:30,12.2,71.0,13.3,987.6,98.13514551014983,100
2023-12-06 04:00:00+05:30,13.1,74.0,13.1,987.5,95.10497944305521,100
2023-12-06 05:00:00+05:30,13.3,87.0,12.6,987.7,100.0,100
2023-12-06 06:00:00+05:30,14.5,97.0,12.4,988.1,100.0,100
2023-12-06 07:00:00+05:30,14.0,102.0,12.1,988.8,100.0,100
2023-12-06 08:00:00+05:30,13.2,101.0,13.7,989.6,100.0,100
2023-12-06 09:00:00+05:30,11.6,97.0,16.4,990.8,84.98484616176465,100
2023-12-06 10:00:00+05:30,12.6,88.0,18.9,991.2,100.0,100
2023-12-06 11:00:00+05:30,16.9,78.0,20.9,990.5,98.37296682135457,100
2023-12-06 12:00:00+05:30,18.2,72.0,22.2,989.5,99.84455585155911,100
2023-12-06 13:00:00+05:30,17.4,66.0,23.1,988.4,99.90724542264284,100
2023-12-06 14:00:00+05:30,16.3,59.0,23.7,987.6,100.0,100
2023-12-06 15:00:00+05:30,16.7,53.0,24.0,987.3,99.42543115865077,100
2023-12-06 16:00:00+05:30,16.9,50.0,23.5,987.5,97.78698689972232,100
2023-12-06 17:00:00+05:30,15.3,43.0,21.4,987.7,100.0,100
2023-12-06 18:00:00+05:30,15.2,36.0,19.8,988.1,98.42695403713887,100
2023-12-06 19:00:00+05:30,14.0,35.0,18.7,989.0,97.62681370844844,100
2023-12-06 20:00:00+05:30,15.1,40.0,18.0,989.3,99.5000445997311,100
2023-12-06 21:00:00+05:30,15.6,56.0,17.5,989.8,98.04725776905073,100
2023-12-06 22:00:00+05:30,14.8,67.0,16.8,989.7,100.0,100
2023-12-06 23:00:00+05:30,13.9,65.0,16.1,989.5,98.59993353277153,100
2023-12-07 00:00:00+05:30,12.7,61.0,15.4,989.0,100.0,100
2023-12-07 01:00:00+05:30,11.7,56.0,14.6,988.5,88.15975883604247,100
2023-12-07 02:00:00+05:30,11.4,62.0,14.0,988.3,84.89785673630477,100
2023-12-07 03:00:00+05:30,11.4,62.0,13.6,988.0,78.81790547362294,100
2023-12-07 04:00:00+05:30,11.1,61.0,13.2,988.2,72.50938583855293,100
2023-12-07 05:00:00+05:30,10.9,63.0,12.7,988.2,66.57298694065804,100
2023-12-07 06:00:00+05:30,11.2,88.0,12.5,988.9,75.77514002784751,100
2023-12-07 07:00:00+05:30,10.1,88.0,11.9,989.4,50.52651384633674,100
2023-12-07 08:00:00+05:30,7.3,79.0,13.5,990.1,11.5229772734455,100
2023-12-07 09:00:00+05:30,5.6,63.0,15.9,991.2,3.4887656744565056,100
2023-12-07 10:00:00+05:30,5.5,58.0,18.2,991.2,2.4623501337310563,100
2023-12-07 11:00:00+05:30,5.9,38.0,20.3,990.7,1.817518535321705,100
2023-12-07 12:00:00+05:30,9.2,31.0,22.0,989.8,30.802632329106995,100
2023-12-07 13:00:00+05:30,12.4,30.0,22.9,988.5,100.0,100
2023-12-07 14:00:00+05:30,13.4,27.0,23.4,987.6,100.0,100
2023-12-07 15:00:00+05:30,13.7,23.0,23.7,987.2,94.75463925764518,100
2023-12-07 16:00:00+05:30,15.4,16.0,23.2,987.2,96.70429103143411,100
2023-12-07 17:00:00+05:30,14.0,360.0,21.3,987.2,100.0,100
2023-12-07 18:00:00+05:30,13.4,354.0,19.5,987.6,97.28520968361677,100
2023-12-07 19:00:00+05:30,11.9,2.0,18.3,988.1,96.34721022190045,100
2023-12-07 20:00:00+05:30,11.2,15.0,17.4,988.3,74.34679739002131,100
2023-12-07 21:00:00+05:30,10.7,33.0,16.6,988.6,64.0186356437367,100
2023-12-07 22:00:00+05:30,10.0,52.0,15.8,988.4,45.97224051510755,100
2023-12-07 23:00:00+05:30,9.4,72.0,14.9,988.1,36.71740339845566,100
2023-12-08 00:00:00+05:30,9.4,97.0,14.3,987.6,36.10711936400321,100
2023-12-08 01:00:00+05:30,11.4,118.0,13.9,987.5,81.61048871370161,100
2023-12-08 02:00:00+05:30,11.2,135.0,13.2,987.4,75.49561957447291,100
2023-12-08 03:00:00+05:30,11.6,144.0,12.9,987.1,87.36692863485361,100
2023-12-08 04:00:00+05:30,11.0,142.0,12.5,986.9,67.5805301268516,100
2023-12-08 05:00:00+05:30,10.0,139.0,11.9,986.9,47.52541762408256,100
2023-12-08 06:00:00+05:30,9.9,134.0,11.7,987.3,44.91486673593823,100
2023-12-08 07:00:00+05:30,9.4,137.0,11.4,988.2,36.32978631212873,100
2023-12-08 08:00:00+05:30,10.7,138.0,14.1,989.1,58.38317826738186,100
2023-12-08 09:00:00+05:30,8.9,133.0,16.9,989.8,27.572155430291627,100
2023-12-08 10:00:00+05:30,9.7,132.0,19.8,989.9,43.18198741496165,100
2023-12-08 11:00:00+05:30,7.7,143.0,21.9,989.4,13.558756594372742,100
2023-12-08 12:00:00+05:30,5.0,180.0,23.2,988.4,0.7820020349610188,100
2023-12-08 13:00:00+05:30,3.8,221.0,24.0,987.4,0.0,100
2023-12-08 14:00:00+05:30,3.8,253.0,24.5,986.6,0.649778690215743,100
2023-12-08 15:00:00+05:30,4.0,280.0,24.7,986.2,0.0,100
2023-12-08 16:00:00+05:30,6.6,311.0,24.3,986.2,6.069496611296583,100
2023-12-08 17:00:00+05:30,9.2,334.0,21.7,986.5,34.002106143583234,100
2023-12-08 18:00:00+05:30,10.5,356.0,20.3,986.5,59.32736387955649,100
2023-12-08 19:00:00+05:30,9.8,17.0,18.8,987.0,42.486981661101744,100
2023-12-08 20:00:00+05:30,7.6,25.0,17.5,987.2,11.840347132161549,100
2023-12-08 21:00:00+05:30,4.9,36.0,18.9,987.7,2.573233258955256,100
2023-12-08 22:00:00+05:30,4.0,80.0,19.6,988.0,1.0016840595756102,100
2023-12-08 23:00:00+05:30,4.8,117.0,19.0,988.1,0.10121864620950816,100
2023-12-09 00:00:00+05:30,6.9,129.0,15.9,987.7,8.17499719422554,100
2023-12-09 01:00:00+05:30,8.2,128.0,14.4,987.3,20.2249755744221,100
2023-12-09 02:00:00+05:30,10.3,144.0,13.6,987.3,53.20771991750927,100
2023-12-09 03:00:00+05:30,10.7,147.0,13.2,987.3,63.689440705494704,100
2023-12-09 04:00:00+05:30,9.7,158.0,12.6,987.4,42.373031924307504,100
2023-12-09 05:00:00+05:30,6.6,167.0,14.0,988.0,5.440910257561163,100
2023-12-09 06:00:00+05:30,10.6,170.0,12.3,988.2,59.65611707523903,100
2023-12-09 07:00:00+05:30,11.0,169.0,12.6,988.9,70.66132481078436,100
2023-12-09 08:00:00+05:30,10.8,165.0,15.1,989.6,69.8621517863148,100
2023-12-09 09:00:00+05:30,7.9,164.0,17.8,990.8,16.528607730974745,100
2023-12-09 10:00:00+05:30,6.3,156.0,21.5,991.4,5.870837103164591,100
2023-12-09 11:00:00+05:30,4.1,165.0,23.3,990.8,0.5972087011124966,100
2023-12-09 12:00:00+05:30,2.9,263.0,24.3,989.8,0.0,100
2023-12-09 13:00:00+05:30,5.6,297.0,24.9,988.9,2.9958313953357862,100
2023-12-09 14:00:00+05:30,7.6,315.0,25.1,988.2,14.467664206511444,100
2023-12-09 15:00:00+05:30,9.5,323.0,25.0,987.9,37.472537588374855,100
2023-12-09 16:00:00+05:30,9.7,329.0,24.4,987.7,40.47609206803538,100
2023-12-09 17:00:00+05:30,9.1,342.0,22.0,987.4,32.19742145045471,100
2023-12-09 18:00:00+05:30,11.7,349.0,20.1,987.8,89.46997630402998,100
2023-12-09 19:00:00+05:30,10.4,358.0,18.8,988.2,56.500980874808135,100
2023-12-09 20:00:00+05:30,9.7,2.0,17.5,988.3,39.81402762601808,100
2023-12-09 21:00:00+05:30,8.4,7.0,16.3,988.4,22.79784673214408,100
2023-12-09 22:00:00+05:30,6.8,360.0,15.7,988.5,7.717254408935705,100
2023-12-09 23:00:00+05:30,5.4,360.0,16.3,988.5,2.969349087031355,100
2023-12-10 00:00:00+05:30,6.8,357.0,14.9,987.9,7.773700123282306,100
2023-12-10 01:00:00+05:30,7.2,3.0,14.0,987.3,8.420184053598042,100
2023-12-10 02:00:00+05:30,6.6,13.0,13.4,987.0,5.834359772434292,100
2023-12-10 03:00:00+05:30,6.3,24.0,13.0,986.9,5.731952686686976,100
2023-12-10 04:00:00+05:30,6.1,45.0,12.9,986.6,4.494885893208012,100
2023-12-10 05:00:00+05:30,5.9,52.0,12.5,986.5,1.7161297271265221,100
2023-12-10 06:00:00+05:30,6.6,77.0,11.7,987.1,5.51467172850665,100
2023-12-10 07:00:00+05:30,6.9,96.0,11.2,987.4,8.745130642755303,100
2023-12-10 08:00:00+05:30,8.6,112.0,12.8,988.1,25.06863344674924,100
2023-12-10 09:00:00+05:30,4.7,113.0,15.7,989.1,1.5769473734392787,100
2023-12-10 10:00:00+05:30,4.0,80.0,18.7,989.8,0.7684514524561272,100
2023-12-10 11:00:00+05:30,4.8,63.0,20.6,989.4,0.0,100
2023-12-10 12:00:00+05:30,4.2,31.0,21.9,988.7,1.1381859298850419,100
2023-12-10 13:00:00+05:30,5.6,15.0,22.8,987.7,1.5151638209632012,100
2023-12-10 14:00:00+05:30,7.3,9.0,23.4,986.8,9.791574038029498,100
2023-12-10 15:00:00+05:30,9.4,360.0,23.6,986.3,37.546719086629956,100
2023-12-10 16:00:00+05:30,11.0,349.0,23.1,986.3,71.67619879195585,100
2023-12-10 17:00:00+05:30,9.1,342.0,21.0,986.2,30.01921510333463,100
2023-12-10 18:00:00+05:30,9.7,345.0,19.3,986.4,42.98429050528687,100
2023-12-10 19:00:00+05:30,7.9,360.0,17.7,987.0,15.159589809352457,100
2023-12-10 20:00:00+05:30,5.8,4.0,17.4,987.2,2.0843647323311787,100
2023-12-10 21:00:00+05:30,4.0,27.0,18.7,987.6,0.9236467103082607,100
2023-12-10 22:00:00+05:30,4.0,80.0,18.4,987.7,0.0,100
2023-12-10 23:00:00+05:30,3.6,96.0,18.1,987.5,1.8636088466684135,100
2023-12-11 00:00:00+05:30,5.6,130.0,16.5,986.7,0.46880748394919247,100
2023-12-11 01:00:00+05:30,8.0,144.0,14.2,985.7,17.564898204286607,100
2023-12-11 02:00:00+05:30,8.7,150.0,13.3,985.4,25.149707914068955,100
2023-12-11 03:00:00+05:30,8.9,153.0,12.9,985.1,27.634370962298394,100
2023-12-11 04:00:00+05:30,9.3,152.0,12.5,984.9,33.39803505456439,100
2023-12-11 05:00:00+05:30,10.4,160.0,12.1,985.0,54.401240667068585,100
2023-12-11 06:00:00+05:30,12.2,161.0,11.8,985.9,100.0,100
2023-12-11 07:00:00+05:30,13.0,166.0,11.3,986.4,98.75401556064813,100
2023-12-11 08:00:00+05:30,11.5,166.0,12.6,987.1,84.84886487815666,100
2023-12-11 09:00:00+05:30,9.2,169.0,16.7,988.2,33.118588395702886,100
2023-12-11 10:00:00+05:30,8.3,180.0,20.4,988.8,21.021690934618267,100
2023-12-11 11:00:00+05:30,10.6,204.0,22.9,988.2,59.95000232073131,100
2023-12-11 12:00:00+05:30,11.8,230.0,24.3,987.4,93.88340337760141,100
2023-12-11 13:00:00+05:30,12.0,249.0,25.1,986.4,98.49079663448798,100
2023-12-11 14:00:00+05:30,11.3,261.0,25.5,985.6,78.27358980105835,100
2023-12-11 15:00:00+05:30,10.4,270.0,25.5,985.3,53.96843595022959,100
2023-12-11 16:00:00+05:30,8.6,285.0,25.1,985.3,22.915291008451025,100
2023-12-11 17:00:00+05:30,6.1,320.0,21.9,985.1,5.40980222596068,100
2023-12-11 18:00:00+05:30,4.2,329.0,22.6,985.7,0.91379381750832,100
2023-12-11 19:00:00+05:30,3.3,41.0,21.9,986.2,0.0,100
2023-12-11 20:00:00+05:30,5.4,90.0,19.6,986.3,1.314654897163604,100
2023-12-11 21:00:00+05:30,8.1,122.0,17.0,986.2,15.884803554506146,100
2023-12-11 22:00:00+05:30,10.2,138.0,16.1,986.3,50.98495396861729,100
2023-12-11 23:00:00+05:30,9.0,143.0,15.1,986.0,29.44723605970086,100
2023-12-12 00:00:00+05:30,11.8,149.0,14.9,985.4,92.88988560895807,100
2023-12-12 01:00:00+05:30,12.7,155.0,14.1,985.1,100.0,100
2023-12-12 02:00:00+05:30,11.8,160.0,13.6,984.5,95.2849082259305,100
2023-12-12 03:00:00+05:30,11.7,169.0,13.5,984.2,92.8204585949492,100
2023-12-12 04:00:00+05:30,11.2,178.0,13.7,984.0,75.98629619479665,100
2023-12-12 05:00:00+05:30,10.1,186.0,14.2,984.0,49.88815067963656,100
2023-12-12 06:00:00+05:30,12.0,196.0,12.6,984.4,100.0,100
2023-12-12 07:00:00+05:30,12.2,204.0,12.9,985.0,100.0,100
2023-12-12 08:00:00+05:30,11.3,207.0,15.1,985.9,76.42819353374227,100
2023-12-12 09:00:00+05:30,7.6,211.0,18.2,986.9,13.656047744478528,100
2023-12-12 10:00:00+05:30,5.9,227.0,21.6,987.6,4.559023009426012,100
2023-12-12 11:00:00+05:30,7.3,261.0,23.1,987.1,12.180335376964209,100
2023-12-12 12:00:00+05:30,9.2,281.0,24.1,986.3,32.552403235820236,100
2023-12-12 13:00:00+05:30,10.5,292.0,24.9,985.4,56.205180130953714,100
2023-12-12 14:00:00+05:30,11.6,306.0,25.3,984.8,87.14668123425933,100
2023-12-12 15:00:00+05:30,13.7,325.0,25.2,984.5,100.0,100
2023-12-12 16:00:00+05:30,15.5,335.0,24.4,984.6,100.0,100
2023-12-12 17:00:00+05:30,13.1,344.0,22.3,984.7,100.0,100
2023-12-12 18:00:00+05:30,11.6,355.0,20.3,985.0,85.00064525670842,100
2023-12-12 19:00:00+05:30,10.8,4.0,18.9,985.6,63.598292624744154,100
2023-12-12 20:00:00+05:30,10.2,8.0,17.6,985.9,50.325991856662995,100
2023-12-12 21:00:00+05:30,9.9,10.0,16.5,986.4,48.33316307028856,100
2023-12-12 22:00:00+05:30,10.2,18.0,15.8,986.8,48.885638485292375,100
2023-12-12 23:00:00+05:30,11.0,19.0,15.4,986.5,69.11865406294059,100
2023-12-13 00:00:00+05:30,10.0,26.0,14.4,986.3,45.688816729691645,100
2023-12-13 01:00:00+05:30,8.7,45.0,13.5,986.1,25.19078430711928,100
2023-12-13 02:00:00+05:30,6.6,61.0,13.2,986.0,5.850244509821024,100
2023-12-13 03:00:00+05:30,6.4,52.0,12.8,986.0,4.7332865865092275,100
2023-12-13 04:00:00+05:30,7.2,37.0,11.8,985.9,8.513078057497534,100
2023-12-13 05:00:00+05:30,6.9,47.0,11.4,986.0,7.421757425417429,100
2023-12-13 06:00:00+05:30,7.6,87.0,10.8,986.9,15.155155240710567,100
2023-12-13 07:00:00+05:30,8.0,82.0,10.5,987.6,16.13283684237079,100
2023-12-13 08:00:00+05:30,7.9,87.0,12.5,988.3,15.731529736538635,100
2023-12-13 09:00:00+05:30,6.8,93.0,15.3,989.3,8.150484362656853,100
2023-12-13 10:00:00+05:30,7.9,90.0,18.4,989.9,15.48879906076618,100
2023-12-13 11:00:00+05:30,8.4,80.0,21.0,989.6,22.561292811392338,100
2023-12-13 12:00:00+05:30,8.7,85.0,22.7,988.8,26.003455267790727,100
2023-12-13 13:00:00+05:30,6.9,99.0,23.8,987.7,8.076906704653592,100
2023-12-13 14:00:00+05:30,5.4,98.0,24.3,986.9,2.7258761363339326,100
2023-12-13 15:00:00+05:30,5.2,78.0,24.5,986.5,0.0,100
2023-12-13 16:00:00+05:30,6.7,54.0,24.3,986.7,6.617584128077349,100
2023-12-13 17:00:00+05:30,7.7,37.0,21.7,986.7,14.491717852758164,100
2023-12-13 18:00:00+05:30,10.7,14.0,19.6,987.7,62.172506061406104,100
2023-12-13 19:00:00+05:30,12.0,9.0,18.5,988.3,100.0,100
2023-12-13 20:00:00+05:30,11.4,24.0,17.4,988.6,82.02088184868529,100
2023-12-13 21:00:00+05:30,11.2,33.0,16.6,988.7,77.65639940777294,100
2023-12-13 22:00:00+05:30,11.7,43.0,16.0,988.9,91.44503685357651,100
2023-12-13 23:00:00+05:30,11.3,53.0,15.1,988.8,77.70585677679924,100
2023-12-14 00:00:00+05:30,10.9,63.0,14.4,988.1,69.0569559457777,100
2023-12-14 01:00:00+05:30,10.2,80.0,13.4,987.7,52.750853961564616,100
2023-12-14 02:00:00+05:30,10.0,103.0,12.8,987.5,46.677565191466485,100
2023-12-14 03:00:00+05:30,9.4,113.0,12.3,987.4,36.079097612458696,100
2023-12-14 04:00:00+05:30,9.9,109.0,12.2,987.4,44.70224097758625,100
2023-12-14 05:00:00+05:30,10.4,104.0,12.0,987.4,56.51004039725694,100
2023-12-14 06:00:00+05:30,11.8,117.0,11.9,988.2,95.56417020084544,100
2023-12-14 07:00:00+05:30,11.8,117.0,11.4,988.8,92.3199453163489,100
2023-12-14 08:00:00+05:30,11.5,122.0,13.1,989.3,86.69446433209596,100
2023-12-14 09:00:00+05:30,9.1,124.0,16.4,990.2,30.72246346144728,100
2023-12-14 10:00:00+05:30,6.8,115.0,19.7,990.9,7.7132212065243095,100
2023-12-14 11:00:00+05:30,5.4,94.0,22.2,990.6,1.1757685184917248,100
2023-12-14 12:00:00+05:30,4.7,81.0,23.7,989.9,0.22901290493315862,100
2023-12-14 13:00:00+05:30,3.3,49.0,24.3,988.8,0.0,100
2023-12-14 14:00:00+05:30,4.8,27.0,24.6,987.9,2.1200373064178395,100
2023-12-14 15:00:00+05:30,6.3,31.0,24.6,987.3,5.202381322824627,100
2023-12-14 16:00:00+05:30,8.4,40.0,24.3,987.3,22.19303708012213,100
2023-12-14 17:00:00+05:30,9.2,39.0,21.8,987.2,34.52122430203366,100
2023-12-14 18:00:00+05:30,9.4,40.0,19.9,987.8,34.63400864489146,100
2023-12-14 19:00:00+05:30,9.7,22.0,18.5,988.3,42.38304502835947,100
2023-12-14 20:00:00+05:30,10.5,22.0,17.4,988.6,54.83761454856916,100
2023-12-14 21:00:00+05:30,12.0,39.0,16.7,988.9,100.0,100
2023-12-14 22:00:00+05:30,11.6,54.0,15.9,989.1,87.20417691685108,100
2023-12-14 23:00:00+05:30,10.6,72.0,14.9,989.1,61.026597808555564,100
2023-12-15 00:00:00+05:30,9.8,73.0,14.1,988.8,43.82922672899838,100
2023-12-15 01:00:00+05:30,8.8,71.0,13.4,988.6,28.183692119536797,100
2023-12-15 02:00:00+05:30,9.1,83.0,13.0,988.2,32.7904277183479,100
2023-12-15 03:00:00+05:30,7.6,90.0,13.0,988.1,13.403515192516029,100
2023-12-15 04:00:00+05:30,7.7,118.0,12.7,987.8,13.741345953544206,100
2023-12-15 05:00:00+05:30,7.1,135.0,13.2,987.9,10.268526637497054,100
2023-12-15 06:00:00+05:30,11.6,150.0,11.9,988.4,85.77793547017775,100
2023-12-15 07:00:00+05:30,12.6,153.0,12.0,988.9,99.96643766920822,100
2023-12-15 08:00:00+05:30,12.0,159.0,13.3,989.6,100.0,100
2023-12-15 09:00:00+05:30,9.6,146.0,16.9,990.9,40.16540206770829,100
2023-12-15 10:00:00+05:30,9.8,144.0,20.5,991.1,42.77620285439459,100
2023-12-15 11:00:00+05:30,10.5,149.0,23.1,990.5,57.24025607803056,100
2023-12-15 12:00:00+05:30,5.8,184.0,24.4,989.8,2.5686893533237987,100
2023-12-15 13:00:00+05:30,4.6,252.0,25.0,989.0,0.36140722492604105,100
2023-12-15 14:00:00+05:30,5.6,297.0,25.3,988.2,1.9127073963341514,100
2023-12-15 15:00:00+05:30,7.2,323.0,25.3,987.8,9.190865863176208,100
2023-12-15 16:00:00+05:30,8.4,340.0,24.9,987.6,22.287175371627036,100
2023-12-15 17:00:00+05:30,8.4,20.0,22.4,987.6,21.615741757027173,100
2023-12-15 18:00:00+05:30,9.6,56.0,20.4,988.1,40.81421129240515,100
2023-12-15 19:00:00+05:30,9.9,71.0,19.2,988.6,46.09989372283332,100
2023-12-15 20:00:00+05:30,8.6,75.0,17.9,988.8,24.151007750692525,100
2023-12-15 21:00:00+05:30,6.6,81.0,17.0,989.1,5.783258995911414,100
2023-12-15 22:00:00+05:30,5.8,68.0,16.8,989.5,2.9203228789646567,100
2023-12-15 23:00:00+05:30,4.9,73.0,16.7,989.1,1.0453642352214336,100
2023-12-16 00:00:00+05:30,6.8,115.0,14.9,988.6,6.60536233281633,100
2023-12-16 01:00:00+05:30,6.8,122.0,14.6,988.5,9.095696814351212,100
2023-12-16 02:00:00+05:30,5.0,120.0,16.1,988.5,1.699395515706231,100
2023-12-16 03:00:00+05:30,5.2,124.0,15.9,988.2,0.0,100
2023-12-16 04:00:00+05:30,5.4,110.0,15.4,988.2,1.3062587140672641,100
2023-12-16 05:00:00+05:30,4.4,99.0,16.3,988.2,0.7987009288467259,100
2023-12-16 06:00:00+05:30,4.3,66.0,15.1,989.0,0.0,100
2023-12-16 07:00:00+05:30,3.9,68.0,14.7,989.5,0.5024258651471842,100
2023-12-16 08:00:00+05:30,3.6,96.0,14.5,990.1,0.4388061796663038,100
2023-12-16 09:00:00+05:30,3.6,127.0,16.4,990.8,1.3638281069635785,100
2023-12-16 10:00:00+05:30,4.1,128.0,19.5,991.3,0.4114261111826871,100
2023-12-16 11:00:00+05:30,4.8,132.0,22.0,990.9,0.6295418230136778,100
2023-12-16 12:00:00+05:30,3.2,153.0,23.4,989.8,0.0924210703380352,100
2023-12-16 13:00:00+05:30,5.6,297.0,24.2,988.9,0.5500743064091196,100
2023-12-16 14:00:00+05:30,12.8,310.0,24.6,988.2,95.12351919150834,100
2023-12-16 15:00:00+05:30,15.0,318.0,24.3,987.9,97.56440683866164,100
2023-12-16 16:00:00+05:30,14.8,331.0,23.6,987.6,100.0,100
2023-12-16 17:00:00+05:30,9.8,336.0,21.9,987.5,45.233420926505076,100
2023-12-16 18:00:00+05:30,10.1,333.0,20.0,987.9,47.19943219969975,100
2023-12-16 19:00:00+05:30,7.3,340.0,18.6,988.4,11.241819624855424,100
2023-12-16 20:00:00+05:30,6.2,350.0,18.5,988.8,3.8400084082251573,100
2023-12-16 21:00:00+05:30,5.8,338.0,17.7,989.1,1.956215947594715,100
2023-12-16 22:00:00+05:30,6.0,327.0,16.8,989.2,3.0481334965347644,100
2023-12-16 23:00:00+05:30,4.1,322.0,18.1,989.2,0.3778740532068307,100
2023-12-17 00:00:00+05:30,4.9,324.0,17.1,988.9,2.087089056347968,100
2023-12-17 01:00:00+05:30,5.2,326.0,16.2,988.7,2.461616159026512,100
2023-12-17 02:00:00+05:30,5.1,321.0,15.9,988.6,0.6962052183564376,100
2023-12-17 03:00:00+05:30,4.6,315.0,16.9,988.7,0.0,100
2023-12-17 04:00:00+05:30,5.6,320.0,15.1,988.6,0.0,100
2023-12-17 05:00:00+05:30,5.9,322.0,14.3,988.6,4.062287876066872,100
2023-12-17 06:00:00+05:30,2.2,279.0,16.6,989.7,0.0,100
2023-12-17 07:00:00+05:30,3.6,264.0,16.6,990.2,0.8204505457287693,100
2023-12-17 08:00:00+05:30,4.9,234.0,16.1,990.9,1.8127205977362344,100
2023-12-17 09:00:00+05:30,5.4,228.0,18.2,991.6,2.4096349469859693,100
2023-12-17 10:00:00+05:30,6.6,261.0,20.5,992.2,7.927159837349784,100
2023-12-17 11:00:00+05:30,10.4,284.0,22.0,991.7,55.69867989885415,100
2023-12-17 12:00:00+05:30,13.4,297.0,23.0,991.0,98.46381290381197,100
2023-12-17 13:00:00+05:30,16.0,306.0,23.7,990.0,100.0,100
2023-12-17 14:00:00+05:30,16.3,311.0,24.0,989.3,100.0,100
2023-12-17 15:00:00+05:30,16.1,320.0,23.8,989.0,98.99019680396805,100
2023-12-17 16:00:00+05:30,15.0,330.0,23.1,989.0,98.08424880994423,100
2023-12-17 17:00:00+05:30,12.5,342.0,21.1,989.3,100.0,100
2023-12-17 18:00:00+05:30,12.5,342.0,19.3,989.8,99.86710572072181,100
2023-12-17 19:00:00+05:30,12.4,350.0,18.1,990.4,99.07442470372551,100
2023-12-17 20:00:00+05:30,12.3,5.0,17.1,991.1,100.0,100
2023-12-17 21:00:00+05:30,11.2,4.0,15.9,991.6,76.54880177849235,100
2023-12-17 22:00:00+05:30,10.2,8.0,14.9,991.7,50.19801974283321,100
2023-12-17 23:00:00+05:30,10.2,10.0,14.0,991.7,49.9761102822338,100
2023-12-18 00:00:00+05:30,10.5,16.0,13.2,991.6,59.60349175395881,100
2023-12-18 01:00:00+05:30,10.8,26.0,12.6,991.3,66.8147579931404,100
2023-12-18 02:00:00+05:30,11.4,28.0,12.2,991.2,79.61911122795799,100
2023-12-18 03:00:00+05:30,11.8,31.0,11.8,991.1,93.42847642814414,100
2023-12-18 04:00:00+05:30,11.5,44.0,11.2,991.1,80.99990685816209,100
2023-12-18 05:00:00+05:30,11.6,54.0,10.8,991.2,87.23526621722522,100
2023-12-18 06:00:00+05:30,12.0,69.0,10.9,992.2,99.81814758025058,100
2023-12-18 07:00:00+05:30,12.4,80.0,10.7,992.9,100.0,100
2023-12-18 08:00:00+05:30,13.0,92.0,11.9,993.6,100.0,100
2023-12-18 09:00:00+05:30,10.8,92.0,14.5,994.5,64.0122604095237,100
2023-12-18 10:00:00+05:30,11.9,90.0,17.1,995.2,98.73599325860486,100
2023-12-18 11:00:00+05:30,12.4,80.0,19.6,994.7,99.79949225386919,100
2023-12-18 12:00:00+05:30,15.4,74.0,21.6,993.8,97.99311149059282,100
2023-12-18 13:00:00+05:30,18.0,64.0,22.7,992.9,98.87058127083661,100
2023-12-18 14:00:00+05:30,16.6,56.0,23.0,992.0,100.0,100
2023-12-18 15:00:00+05:30,15.0,48.0,23.0,991.5,99.09683155160933,100
2023-12-18 16:00:00+05:30,14.5,42.0,22.7,991.4,99.49210459519661,100
2023-12-18 17:00:00+05:30,13.8,33.0,20.9,991.1,97.9788381018044,100
2023-12-18 18:00:00+05:30,13.8,28.0,18.9,992.0,98.67110052563476,100
2023-12-18 19:00:00+05:30,14.2,30.0,17.7,992.8,100.0,100
2023-12-18 20:00:00+05:30,13.8,39.0,16.7,993.2,100.0,100
2023-12-18 21:00:00+05:30,13.0,44.0,15.8,993.5,100.0,100
2023-12-18 22:00:00+05:30,12.4,54.0,14.9,993.7,98.58190623714273,100
2023-12-18 23:00:00+05:30,11.6,64.0,13.9,993.3,86.31373266006548,100
2023-12-19 00:00:00+05:30,10.0,77.0,12.8,993.1,46.850178538185254,100
2023-12-19 01:00:00+05:30,10.1,88.0,12.2,992.7,49.69530476814426,100
2023-12-19 02:00:00+05:30,10.4,92.0,11.7,992.4,57.71124867411892,100
2023-12-19 03:00:00+05:30,10.9,96.0,11.3,992.0,65.56364706630526,100
2023-12-19 04:00:00+05:30,10.1,92.0,10.6,991.8,48.73889912843143,100
2023-12-19 05:00:00+05:30,10.1,90.0,10.4,991.8,46.48242879689572,100
2023-12-19 06:00:00+05:30,11.7,101.0,10.1,992.7,89.06944115385782,100
2023-12-19 07:00:00+05:30,13.1,111.0,10.0,993.1,100.0,100
2023-12-19 08:00:00+05:30,13.5,115.0,11.4,993.7,99.74673642974605,100
2023-12-19 09:00:00+05:30,12.2,114.0,14.5,994.8,100.0,100
2023-12-19 10:00:00+05:30,10.4,110.0,17.5,995.5,55.479648183405935,100
2023-12-19 11:00:00+05:30,12.1,107.0,19.8,995.0,100.0,100
2023-12-19 12:00:00+05:30,9.6,103.0,20.8,994.0,38.89105308962827,100
2023-12-19 13:00:00+05:30,5.4,98.0,21.3,993.0,2.684752387635557,100
2023-12-19 14:00:00+05:30,5.8,68.0,21.7,992.0,3.2594209293415872,100
2023-12-19 15:00:00+05:30,8.4,43.0,21.9,991.4,20.395912179019593,100
2023-12-19 16:00:00+05:30,9.2,48.0,21.6,991.4,31.869866587037812,100
2023-12-19 17:00:00+05:30,7.7,53.0,19.6,991.5,13.048977218696752,100
2023-12-19 18:00:00+05:30,7.4,39.0,18.1,991.8,9.019971590754478,100
2023-12-19 19:00:00+05:30,8.8,19.0,17.1,992.3,26.00270186495941,100
2023-12-19 20:00:00+05:30,11.0,11.0,16.1,992.6,69.69153534941685,100
2023-12-19 21:00:00+05:30,10.0,26.0,15.0,992.8,46.428696222344485,100
2023-12-19 22:00:00+05:30,9.1,34.0,14.1,993.1,30.0915638038685,100
2023-12-19 23:00:00+05:30,10.3,54.0,13.6,993.0,53.20611914687354,100
2023-12-20 00:00:00+05:30,11.4,66.0,13.1,992.5,82.09248143729748,100
2023-12-20 01:00:00+05:30,10.1,84.0,12.0,992.0,49.663195092252025,100
2023-12-20 02:00:00+05:30,9.4,108.0,11.2,991.8,37.04901381707074,100
2023-12-20 03:00:00+05:30,8.6,112.0,10.8,991.4,25.156572184551536,100
2023-12-20 04:00:00+05:30,10.8,120.0,10.6,991.1,64.63787831592008,100
2023-12-20 05:00:00+05:30,10.1,117.0,10.0,990.7,49.590466056742386,100
2023-12-20 06:00:00+05:30,12.2,114.0,9.0,991.2,100.0,100
2023-12-20 07:00:00+05:30,12.9,103.0,8.8,991.6,99.01542235718867,100
2023-12-20 08:00:00+05:30,11.3,112.0,10.0,992.6,78.38684475207009,100
2023-12-20 09:00:00+05:30,11.4,101.0,13.2,993.4,83.83978851509488,100
2023-12-20 10:00:00+05:30,10.0,105.0,16.5,994.3,47.358522169107296,100
2023-12-20 11:00:00+05:30,11.6,85.0,18.9,993.8,83.49254487875666,100
2023-12-20 12:00:00+05:30,12.0,81.0,20.4,992.9,95.99544762184925,100
2023-12-20 13:00:00+05:30,10.5,74.0,21.3,991.8,59.12924621603553,100
2023-12-20 14:00:00+05:30,8.4,65.0,21.7,991.0,22.486319886671865,100
2023-12-20 15:00:00+05:30,7.4,67.0,21.8,990.7,11.853471016711705,100
2023-12-20 16:00:00+05:30,8.8,55.0,21.5,990.3,28.08833822374541,100
2023-12-20 17:00:00+05:30,6.7,54.0,19.1,990.2,7.222283930421134,100
2023-12-20 18:00:00+05:30,5.1,45.0,19.0,990.5,1.3547141947917256,100
2023-12-20 19:00:00+05:30,5.2,34.0,18.1,990.9,0.18382849642157506,100
2023-12-20 20:00:00+05:30,10.2,23.0,15.7,990.8,51.02107149346065,100
2023-12-20 21:00:00+05:30,10.7,42.0,14.8,991.1,62.85795431478247,100
2023-12-20 22:00:00+05:30,10.3,61.0,14.0,991.2,50.4367683602539,100
2023-12-20 23:00:00+05:30,10.8,69.0,13.3,990.9,61.08087333817469,100
2023-12-21 00:00:00+05:30,9.6,70.0,12.4,990.4,41.61230007537016,100
2023-12-21 01:00:00+05:30,8.3,72.0,11.7,989.9,21.370848305124316,100
2023-12-21 02:00:00+05:30,7.2,84.0,11.6,989.6,9.98649245413204,100
2023-12-21 03:00:00+05:30,7.6,71.0,11.1,989.2,13.775970341039587,100
2023-12-21 04:00:00+05:30,7.6,71.0,10.7,989.1,12.796608874861306,100
2023-12-21 05:00:00+05:30,8.3,72.0,10.2,989.0,19.343584271848115,100
2023-12-21 06:00:00+05:30,10.7,76.0,9.3,989.4,61.606560788050416,100
2023-12-21 07:00:00+05:30,12.7,97.0,9.4,989.8,95.93340408542441,100
2023-12-21 08:00:00+05:30,12.4,100.0,10.8,990.6,95.28055989829387,100
2023-12-21 09:00:00+05:30,12.7,98.0,14.0,991.4,100.0,100
2023-12-21 10:00:00+05:30,11.9,93.0,17.1,992.0,95.29052437481026,100
2023-12-21 11:00:00+05:30,14.4,93.0,19.6,991.5,100.0,100
2023-12-21 12:00:00+05:30,15.8,90.0,21.4,990.6,100.0,100
2023-12-21 13:00:00+05:30,13.0,84.0,22.6,989.5,100.0,100
2023-12-21 14:00:00+05:30,10.9,73.0,23.2,988.6,65.6209161916783,100
2023-12-21 15:00:00+05:30,10.6,62.0,23.5,988.2,61.47989111511772,100
2023-12-21 16:00:00+05:30,10.6,55.0,23.2,988.0,58.74759194377315,100
2023-12-21 17:00:00+05:30,10.0,49.0,20.8,987.9,49.06848578967086,100
2023-12-21 18:00:00+05:30,10.6,55.0,19.2,988.3,59.609845838517494,100
2023-12-21 19:00:00+05:30,10.8,60.0,18.1,988.5,63.23301734939382,100
2023-12-21 20:00:00+05:30,11.3,63.0,17.0,988.8,79.37974929578883,100
2023-12-21 21:00:00+05:30,11.7,72.0,15.8,989.1,90.39340503142648,100
2023-12-21 22:00:00+05:30,12.6,87.0,15.0,989.3,100.0,100
2023-12-21 23:00:00+05:30,12.2,104.0,14.2,988.9,99.15179252716995,100
2023-12-22 00:00:00+05:30,12.1,100.0,13.6,988.3,100.0,100
2023-12-22 01:00:00+05:30,10.7,102.0,12.6,987.9,63.129508296501825,100
2023-12-22 02:00:00+05:30,8.0,80.0,11.6,987.5,17.25171161010599,100
2023-12-22 03:00:00+05:30,7.1,60.0,11.6,987.5,10.094368829490119,100
2023-12-22 04:00:00+05:30,9.4,67.0,11.1,987.1,35.49578725425218,100
2023-12-22 05:00:00+05:30,10.9,81.0,11.2,987.1,67.48294070216956,100
2023-12-22 06:00:00+05:30,11.2,92.0,13.1,987.6,76.40448987734109,100
2023-12-22 07:00:00+05:30,8.2,105.0,11.7,988.2,19.581694536022358,100
2023-12-22 08:00:00+05:30,8.7,83.0,13.6,989.2,24.72004201570093,100
2023-12-22 09:00:00+05:30,5.8,90.0,15.6,990.4,4.02310266016882,100
2023-12-22 10:00:00+05:30,7.6,90.0,18.1,990.9,13.756853219897023,100
2023-12-22 11:00:00+05:30,8.6,57.0,19.8,990.2,24.254479672687808,100
2023-12-22 12:00:00+05:30,9.2,42.0,22.2,989.0,31.917081985407254,100
2023-12-22 13:00:00+05:30,9.1,34.0,23.7,988.3,32.87435773436806,100
2023-12-22 14:00:00+05:30,12.7,29.0,24.1,987.5,97.39531643760289,100
2023-12-22 15:00:00+05:30,14.8,41.0,24.5,986.8,98.25022632907745,100
2023-12-22 16:00:00+05:30,13.5,44.0,24.2,986.8,97.97898894740989,100
2023-12-22 17:00:00+05:30,11.8,40.0,22.2,986.8,96.83629727951669,100
2023-12-22 18:00:00+05:30,13.8,9.0,21.4,986.9,100.0,100
2023-12-22 19:00:00+05:30,16.4,15.0,20.2,987.5,100.0,100
2023-12-22 20:00:00+05:30,16.0,31.0,19.0,987.9,100.0,100
2023-12-22 21:00:00+05:30,15.0,46.0,17.7,988.5,100.0,100
2023-12-22 22:00:00+05:30,14.0,55.0,16.5,988.8,100.0,100
2023-12-22 23:00:00+05:30,13.7,55.0,15.6,988.5,97.70211814064903,100
2023-12-23 00:00:00+05:30,13.6,53.0,14.7,987.9,100.0,100
2023-12-23 01:00:00+05:30,13.6,58.0,14.1,987.6,98.72858533688125,100
2023-12-23 02:00:00+05:30,13.2,64.0,13.4,987.1,99.21636889997588,100
2023-12-23 03:00:00+05:30,11.3,68.0,12.6,986.9,78.19336123059878,100
2023-12-23 04:00:00+05:30,9.8,73.0,11.7,986.8,44.13905607312075,100
2023-12-23 05:00:00+05:30,8.2,67.0,11.0,987.1,18.470951447986906,100
2023-12-23 06:00:00+05:30,10.0,64.0,10.5,987.6,50.47734597716528,100
2023-12-23 07:00:00+05:30,10.1,73.0,10.2,988.6,47.46259100647348,100
2023-12-23 08:00:00+05:30,9.3,74.0,11.5,989.5,34.88821714597514,100
2023-12-23 09:00:00+05:30,8.4,59.0,14.0,990.6,20.91999863308018,100
2023-12-23 10:00:00+05:30,8.1,45.0,16.8,991.4,18.49309627900059,100
2023-12-23 11:00:00+05:30,9.8,36.0,19.4,991.3,42.55649151263563,100
2023-12-23 12:00:00+05:30,11.2,33.0,21.5,990.4,76.08062317285733,100
2023-12-23 13:00:00+05:30,12.9,27.0,23.2,989.6,99.59437625485923,100
2023-12-23 14:00:00+05:30,16.1,27.0,24.1,989.0,97.76222025742315,100
2023-12-23 15:00:00+05:30,18.4,28.0,24.4,988.9,97.67422214544327,100
2023-12-23 16:00:00+05:30,19.2,30.0,24.0,988.9,99.54991518869654,100
2023-12-23 17:00:00+05:30,15.8,30.0,22.6,989.3,100.0,100
2023-12-23 18:00:00+05:30,15.1,25.0,20.3,989.9,100.0,100
2023-12-23 19:00:00+05:30,15.7,32.0,19.4,990.6,97.63395841524381,100
2023-12-23 20:00:00+05:30,16.4,33.0,18.6,991.1,100.0,100
2023-12-23 21:00:00+05:30,16.6,41.0,17.8,991.5,99.6230469577932,100
2023-12-23 22:00:00+05:30,15.3,45.0,16.9,991.9,99.09559398841571,100
2023-12-23 23:00:00+05:30,14.8,45.0,16.1,991.8,100.0,100
2023-12-24 00:00:00+05:30,15.1,40.0,15.2,991.7,100.0,100
2023-12-24 01:00:00+05:30,14.3,39.0,14.4,991.4,100.0,100
2023-12-24 02:00:00+05:30,13.5,42.0,13.6,991.3,98.19959302070339,100
2023-12-24 03:00:00+05:30,13.5,42.0,13.0,991.4,100.0,100
2023-12-24 04:00:00+05:30,13.8,49.0,12.5,991.1,99.01120017765675,100
2023-12-24 05:00:00+05:30,12.4,54.0,11.9,991.4,100.0,100
2023-12-24 06:00:00+05:30,12.2,56.0,10.9,991.9,99.30572126171862,100
2023-12-24 07:00:00+05:30,11.7,56.0,10.5,992.8,90.81788141092869,100
2023-12-24 08:00:00+05:30,11.3,59.0,11.5,993.2,82.51119655656272,100
2023-12-24 09:00:00+05:30,10.0,64.0,13.9,994.0,45.5596332465307,100
2023-12-24 10:00:00+05:30,10.2,51.0,16.4,994.7,49.92647062750975,100
2023-12-24 11:00:00+05:30,10.9,44.0,19.0,994.5,69.66526040818385,100
2023-12-24 12:00:00+05:30,11.0,38.0,21.2,993.6,72.68199439004437,100
2023-12-24 13:00:00+05:30,12.0,33.0,22.8,992.4,100.0,100
2023-12-24 14:00:00+05:30,13.9,31.0,23.7,991.5,100.0,100
2023-12-24 15:00:00+05:30,16.6,30.0,24.0,990.9,100.0,100
2023-12-24 16:00:00+05:30,17.4,27.0,23.6,990.7,100.0,100
2023-12-24 17:00:00+05:30,15.1,18.0,21.9,990.8,100.0,100
2023-12-24 18:00:00+05:30,14.8,14.0,19.7,991.5,97.99451784429009,100
2023-12-24 19:00:00+05:30,15.3,19.0,18.6,992.1,98.467696294992,100
2023-12-24 20:00:00+05:30,15.1,28.0,17.7,992.4,99.49424338068191,100
2023-12-24 21:00:00+05:30,15.0,35.0,16.9,992.8,100.0,100
2023-12-24 22:00:00+05:30,14.8,45.0,16.2,993.0,100.0,100
2023-12-24 23:00:00+05:30,13.7,55.0,15.4,992.6,100.0,100
2023-12-25 00:00:00+05:30,13.0,62.0,14.5,991.9,100.0,100
2023-12-25 01:00:00+05:30,11.3,68.0,13.9,991.3,75.96943724282185,100
2023-12-25 02:00:00+05:30,10.1,63.0,13.0,990.8,50.0290824427289,100
2023-12-25 03:00:00+05:30,10.2,39.0,12.3,990.7,54.3210257729729,100
2023-12-25 04:00:00+05:30,10.7,20.0,11.8,990.6,62.72308560887313,100
2023-12-25 05:00:00+05:30,10.6,18.0,11.2,990.7,61.06603703478619,100
2023-12-25 06:00:00+05:30,10.0,30.0,10.6,991.3,47.274805562592974,100
2023-12-25 07:00:00+05:30,8.9,40.0,10.0,991.7,28.258264223858387,100
2023-12-25 08:00:00+05:30,7.9,39.0,11.3,992.2,17.008061748265067,100
2023-12-25 09:00:00+05:30,6.9,43.0,13.7,992.9,7.691206087067629,100
2023-12-25 10:00:00+05:30,7.7,53.0,16.4,993.4,16.40341322494029,100
2023-12-25 11:00:00+05:30,8.7,52.0,18.9,993.2,25.841229034018976,100
2023-12-25 12:00:00+05:30,9.9,44.0,21.1,992.3,45.095555944965064,100
2023-12-25 13:00:00+05:30,10.7,40.0,22.5,991.1,63.64048599679709,100
2023-12-25 14:00:00+05:30,10.5,38.0,23.3,990.1,57.40613073105653,100
2023-12-25 15:00:00+05:30,10.0,41.0,23.6,989.5,48.84041222151361,100
2023-12-25 16:00:00+05:30,10.2,42.0,23.4,989.4,51.152245263355276,100
2023-12-25 17:00:00+05:30,8.9,40.0,21.9,989.3,28.02940274829907,100
2023-12-25 18:00:00+05:30,9.7,39.0,19.6,989.7,41.47922080747338,100
2023-12-25 19:00:00+05:30,10.0,26.0,18.3,989.9,46.35666454828368,100
2023-12-25 20:00:00+05:30,9.8,24.0,17.1,990.3,43.48157675019041,100
2023-12-25 21:00:00+05:30,9.3,36.0,16.1,990.4,33.97739814925012,100
2023-12-25 22:00:00+05:30,7.7,53.0,15.2,990.4,14.390261040929738,100
2023-12-25 23:00:00+05:30,6.3,59.0,15.2,990.1,4.938249059362069,100
2023-12-26 00:00:00+05:30,5.5,67.0,15.3,989.4,0.0,100
2023-12-26 01:00:00+05:30,4.9,54.0,15.6,989.2,0.8330299643116653,100
2023-12-26 02:00:00+05:30,5.2,34.0,15.0,988.8,1.8444529596639918,100
2023-12-26 03:00:00+05:30,6.2,21.0,13.5,988.6,4.620244357197668,100
2023-12-26 04:00:00+05:30,6.4,16.0,12.7,988.2,4.090280011577684,100
2023-12-26 05:00:00+05:30,6.8,18.0,12.3,987.9,7.04786939435461,100
2023-12-26 06:00:00+05:30,7.2,27.0,11.3,989.0,10.90087261508657,100
2023-12-26 07:00:00+05:30,7.6,31.0,10.5,989.2,13.045050576504824,100
2023-12-26 08:00:00+05:30,5.9,43.0,11.8,989.8,3.346379052316864,100
2023-12-26 09:00:00+05:30,3.2,63.0,14.8,990.9,0.0,100
2023-12-26 10:00:00+05:30,3.1,54.0,18.0,991.6,0.06476099232028289,100
2023-12-26 11:00:00+05:30,3.4,32.0,20.5,991.6,0.0,100
2023-12-26 12:00:00+05:30,4.3,5.0,22.6,990.7,0.6701365794718883,100
2023-12-26 13:00:00+05:30,6.4,344.0,23.9,990.0,1.9178023576142267,100
2023-12-26 14:00:00+05:30,6.8,342.0,24.6,989.3,6.0728369633916595,100
2023-12-26 15:00:00+05:30,6.2,353.0,24.8,989.1,4.079817933423816,100
2023-12-26 16:00:00+05:30,7.2,3.0,24.6,988.9,9.343307619259553,100
2023-12-26 17:00:00+05:30,9.4,358.0,22.8,988.9,36.97345101538349,100
2023-12-26 18:00:00+05:30,12.6,358.0,20.7,989.4,100.0,100
2023-12-26 19:00:00+05:30,12.6,2.0,19.3,989.8,100.0,100
2023-12-26 20:00:00+05:30,9.4,23.0,17.8,990.2,37.296335793649966,100
2023-12-26 21:00:00+05:30,8.4,59.0,16.7,990.6,21.06577699419062,100
2023-12-26 22:00:00+05:30,9.0,67.0,16.1,990.8,30.105433381837788,100
2023-12-26 23:00:00+05:30,9.9,33.0,15.4,990.5,46.686345154401145,100
2023-12-27 00:00:00+05:30,7.7,49.0,15.0,990.2,14.544665211565995,100
2023-12-27 01:00:00+05:30,6.6,41.0,15.0,990.0,7.1086990847107145,100
2023-12-27 02:00:00+05:30,7.2,27.0,14.0,989.8,12.197161678895823,100
2023-12-27 03:00:00+05:30,8.4,20.0,12.8,989.6,20.379718874159853,100
2023-12-27 04:00:00+05:30,9.8,17.0,12.4,989.5,42.1863348918226,100
2023-12-27 05:00:00+05:30,10.6,24.0,11.9,989.6,60.6670073393573,100
2023-12-27 06:00:00+05:30,10.8,30.0,11.5,990.4,64.95907141479765,100
2023-12-27 07:00:00+05:30,10.5,31.0,11.1,991.3,58.786572062781175,100
2023-12-27 08:00:00+05:30,9.1,34.0,12.3,992.0,29.389805869786315,100
2023-12-27 09:00:00+05:30,6.6,29.0,15.0,992.9,6.312284218425582,100
2023-12-27 10:00:00+05:30,7.4,14.0,17.6,993.8,12.900623598491563,100
2023-12-27 11:00:00+05:30,10.1,17.0,20.1,993.7,48.194837803258906,100
2023-12-27 12:00:00+05:30,11.6,16.0,22.0,992.8,86.10453916411748,100
2023-12-27 13:00:00+05:30,13.0,19.0,23.4,991.6,98.93381328345839,100
2023-12-27 14:00:00+05:30,14.5,23.0,24.3,990.8,94.85722941107898,100
2023-12-27 15:00:00+05:30,14.8,26.0,24.6,990.6,100.0,100
2023-12-27 16:00:00+05:30,15.0,27.0,24.3,990.5,100.0,100
2023-12-27 17:00:00+05:30,13.1,21.0,22.7,990.4,97.77859200537092,100
2023-12-27 18:00:00+05:30,16.3,14.0,20.8,991.0,97.02404483453546,100
2023-12-27 19:00:00+05:30,16.4,19.0,19.9,991.4,100.0,100
2023-12-27 20:00:00+05:30,15.3,27.0,18.8,991.7,99.94707652876286,100
2023-12-27 21:00:00+05:30,15.0,35.0,18.0,991.9,100.0,100
2023-12-27 22:00:00+05:30,15.3,43.0,17.2,992.0,100.0,100
2023-12-27 23:00:00+05:30,15.1,50.0,16.3,991.5,100.0,100
2023-12-28 00:00:00+05:30,14.1,58.0,15.5,991.0,99.86312307448861,100
2023-12-28 01:00:00+05:30,12.9,60.0,14.7,990.6,100.0,100
2023-12-28 02:00:00+05:30,11.7,56.0,13.8,990.3,90.89044165043128,100
2023-12-28 03:00:00+05:30,11.8,50.0,13.1,990.1,92.36015806897142,100
2023-12-28 04:00:00+05:30,12.0,46.0,12.5,990.0,100.0,100
2023-12-28 05:00:00+05:30,12.2,45.0,12.0,989.6,100.0,100
2023-12-28 06:00:00+05:30,12.1,63.0,10.8,990.2,99.43506401876176,100
2023-12-28 07:00:00+05:30,11.3,81.0,10.2,990.9,79.50472196914318,100
2023-12-28 08:00:00+05:30,10.8,92.0,11.3,991.3,64.78048570504562,100
2023-12-28 09:00:00+05:30,10.9,96.0,14.2,992.1,69.26618743271095,100
2023-12-28 10:00:00+05:30,10.5,86.0,17.0,992.4,59.143031789966464,100
2023-12-28 11:00:00+05:30,11.4,79.0,19.6,992.3,80.24597042459956,100
2023-12-28 12:00:00+05:30,12.6,77.0,21.9,991.2,99.70067137227669,100
2023-12-28 13:00:00+05:30,13.0,76.0,23.3,990.0,98.1964607848025,100
2023-12-28 14:00:00+05:30,13.0,66.0,24.0,989.1,100.0,100
2023-12-28 15:00:00+05:30,11.9,61.0,24.3,988.6,97.16555786194321,100
2023-12-28 16:00:00+05:30,12.3,52.0,24.0,988.3,97.97176789492407,100
2023-12-28 17:00:00+05:30,8.7,45.0,21.8,988.3,26.760937210609406,100
2023-12-28 18:00:00+05:30,8.4,31.0,19.4,988.5,21.92962238531861,100
2023-12-28 19:00:00+05:30,11.3,22.0,18.5,988.8,78.45913411270442,100
2023-12-28 20:00:00+05:30,12.6,27.0,17.3,989.2,98.81875616869918,100
2023-12-28 21:00:00+05:30,12.2,45.0,16.3,989.5,100.0,100
2023-12-28 22:00:00+05:30,12.6,59.0,15.5,989.8,100.0,100
2023-12-28 23:00:00+05:30,11.8,70.0,14.6,989.8,94.69791250852617,100
2023-12-29 00:00:00+05:30,12.0,74.0,13.9,989.4,100.0,100
2023-12-29 01:00:00+05:30,12.1,80.0,13.3,989.1,100.0,100
2023-12-29 02:00:00+05:30,11.2,84.0,12.7,988.7,78.03668910180173,100
2023-12-29 03:00:00+05:30,10.8,92.0,11.9,988.2,63.454862924088324,100
2023-12-29 04:00:00+05:30,11.3,97.0,11.4,988.1,77.92715782630238,100
2023-12-29 05:00:00+05:30,10.5,94.0,10.8,988.1,59.52542855698383,100
2023-12-29 06:00:00+05:30,12.1,100.0,10.7,988.5,98.14419059764307,100
2023-12-29 07:00:00+05:30,11.8,102.0,10.2,989.1,95.63642464125397,100
2023-12-29 08:00:00+05:30,11.4,101.0,11.4,989.8,77.74917212515481,100
2023-12-29 09:00:00+05:30,11.2,94.0,14.1,990.6,74.29331404884448,100
2023-12-29 10:00:00+05:30,10.6,80.0,16.9,991.2,58.62190722061412,100
2023-12-29 11:00:00+05:30,11.3,73.0,19.6,990.9,77.64893556029855,100
2023-12-29 12:00:00+05:30,12.3,69.0,21.9,990.4,100.0,100
2023-12-29 13:00:00+05:30,12.9,60.0,23.3,989.0,100.0,100
2023-12-29 14:00:00+05:30,14.0,48.0,24.1,988.3,96.9045819231217,100
2023-12-29 15:00:00+05:30,14.8,43.0,24.4,987.9,100.0,100
2023-12-29 16:00:00+05:30,15.0,42.0,24.3,987.8,100.0,100
2023-12-29 17:00:00+05:30,13.0,42.0,22.7,987.8,100.0,100
2023-12-29 18:00:00+05:30,14.0,35.0,20.4,988.4,100.0,100
2023-12-29 19:00:00+05:30,15.9,38.0,19.2,988.9,100.0,100
2023-12-29 20:00:00+05:30,15.9,38.0,18.0,989.3,97.1527701173232,100
2023-12-29 21:00:00+05:30,15.9,33.0,16.9,989.7,98.32409753245675,100
2023-12-29 22:00:00+05:30,16.2,37.0,16.0,990.0,99.96863880923105,100
2023-12-29 23:00:00+05:30,15.5,44.0,15.1,989.6,97.02916769177455,100
2023-12-30 00:00:00+05:30,14.5,46.0,14.3,989.3,96.6595802652314,100
2023-12-30 01:00:00+05:30,14.1,50.0,13.7,988.9,98.66953498179649,100
2023-12-30 02:00:00+05:30,13.8,51.0,13.0,988.6,100.0,100
2023-12-30 03:00:00+05:30,13.4,54.0,12.4,988.5,100.0,100
2023-12-30 04:00:00+05:30,12.4,54.0,11.6,988.1,99.83614015524086,100
2023-12-30 05:00:00+05:30,11.8,50.0,11.0,988.1,94.43327522499803,100
2023-12-30 06:00:00+05:30,12.3,50.0,10.4,989.0,100.0,100
2023-12-30 07:00:00+05:30,11.8,50.0,10.1,989.4,91.46376857398151,100
2023-12-30 08:00:00+05:30,10.9,44.0,10.6,990.0,68.59929336189099,100
2023-12-30 09:00:00+05:30,11.1,36.0,12.4,990.8,71.99089800906305,100
2023-12-30 10:00:00+05:30,13.3,38.0,14.7,991.6,100.0,100
2023-12-30 11:00:00+05:30,13.6,37.0,17.0,991.4,98.38496137785752,100
2023-12-30 12:00:00+05:30,15.1,33.0,19.1,990.7,97.91141518464217,100
2023-12-30 13:00:00+05:30,17.1,30.0,20.7,989.7,99.70852052783194,100
2023-12-30 14:00:00+05:30,18.7,28.0,21.7,988.8,98.0674266296306,100
2023-12-30 15:00:00+05:30,19.0,27.0,21.9,988.2,100.0,100
2023-12-30 16:00:00+05:30,18.7,25.0,21.6,987.9,98.44715006865151,100
2023-12-30 17:00:00+05:30,15.5,22.0,20.5,988.0,98.78933776157437,100
2023-12-30 18:00:00+05:30,15.1,12.0,17.5,988.6,100.0,100
2023-12-30 19:00:00+05:30,16.8,15.0,16.5,989.1,100.0,100
2023-12-30 20:00:00+05:30,16.6,27.0,15.7,989.4,99.96476701442793,100
2023-12-30 21:00:00+05:30,16.4,38.0,14.9,989.4,99.82790645692371,100
2023-12-30 22:00:00+05:30,15.5,48.0,14.1,989.7,100.0,100
2023-12-30 23:00:00+05:30,14.3,51.0,13.3,989.5,97.27637250941667,100
2023-12-31 00:00:00+05:30,13.0,46.0,12.4,989.4,96.07016353169102,100
2023-12-31 01:00:00+05:30,12.5,44.0,11.7,989.4,96.59070230782551,100
2023-12-31 02:00:00+05:30,12.2,43.0,11.0,988.9,100.0,100
2023-12-31 03:00:00+05:30,12.2,45.0,10.4,988.6,100.0,100
2023-12-31 04:00:00+05:30,12.7,45.0,9.8,988.4,99.85730386571535,100
2023-12-31 05:00:00+05:30,12.3,50.0,9.3,988.5,100.0,100
2023-12-31 06:00:00+05:30,11.4,55.0,8.5,989.0,83.06678343916022,100
2023-12-31 07:00:00+05:30,11.6,54.0,8.1,989.6,83.2030263082698,100
2023-12-31 08:00:00+05:30,12.0,49.0,8.7,990.3,95.92100771955732,100
2023-12-31 09:00:00+05:30,11.2,48.0,10.7,991.2,75.17127376716958,100
2023-12-31 10:00:00+05:30,12.7,47.0,13.3,991.8,100.0,100
2023-12-31 11:00:00+05:30,14.8,45.0,16.0,991.5,98.38491314823898,100
2023-12-31 12:00:00+05:30,17.1,41.0,18.3,990.6,100.0,100
2023-12-31 13:00:00+05:30,18.7,38.0,19.9,989.5,98.33049268244005,100
2023-12-31 14:00:00+05:30,20.1,36.0,21.1,988.5,100.0,100
2023-12-31 15:00:00+05:30,20.9,36.0,21.5,988.1,99.973835304599,100
2023-12-31 16:00:00+05:30,20.8,34.0,21.1,987.9,100.0,100
2023-12-31 17:00:00+05:30,16.3,31.0,19.7,988.0,99.08599154883106,100
2023-12-31 18:00:00+05:30,15.3,27.0,17.1,988.5,100.0,100
2023-12-31 19:00:00+05:30,16.3,25.0,15.9,989.0,100.0,100
2023-12-31 20:00:00+05:30,15.1,28.0,14.9,989.5,96.08591087374307,100
2023-12-31 21:00:00+05:30,15.6,34.0,14.1,989.9,100.0,100
2023-12-31 22:00:00+05:30,15.4,37.0,13.3,990.0,100.0,100
2023-12-31 23:00:00+05:30,14.8,41.0,12.5,989.9,98.7057021798734,100
